Koordinatensystem : Lambert konform konisch
Rechtswert        : 3797500 Meter
Hochwert          : 2746500 Meter
Hoehenlage        : 58 Meter ueber NN
Erstellung des Datensatzes im Mai 2016

Art des TRY       : mittleres Jahr
Bezugszeitraum    : 2031-2060
Datenbasis 1      : Beobachtungsdaten Zeitraum 1995-2012
Datenbasis 2      : Klimasimulationen Zeitraum 1971-2000 (Basis RCP-historical / CORDEX-Europa Laeufe)
Datenbasis 3      : Klimasimulationen Zeitraum 2031-2060 (Basis RCP-4.5 und RCP-8.5 / CORDEX-Europa Laeufe)

Format: (i7,1x,i7,1x,i2,1x,i2,1x,i2,1x,f5.1,1x,i4,1x,3i,1x,f4.1,1x,i1,1x,f4.1,1x,i3,1x,i4,1x,i4,1x,i3,1x,i4,2x,i1)

Reihenfolge der Parameter:
RW Rechtswert                                                    [m]       {3670500;3671500..4389500}
HW Hochwert                                                      [m]       {2242500;2243500..3179500}
MM Monat                                                                   {1..12}
DD Tag                                                                     {1..28,30,31}
HH Stunde (MEZ)                                                            {1..24}
t  Lufttemperatur in 2m Hoehe ueber Grund                        [GradC]
p  Luftdruck in Standorthoehe                                    [hPa]
WR Windrichtung in 10 m Hoehe ueber Grund                        [Grad]    {0..360;999}
WG Windgeschwindigkeit in 10 m Hoehe ueber Grund                 [m/s]
N  Bedeckungsgrad                                                [Achtel]  {0..8;9}
x  Wasserdampfgehalt, Mischungsverhaeltnis                       [g/kg]
RF Relative Feuchte in 2 m Hoehe ueber Grund                     [Prozent] {1..100}
B  Direkte Sonnenbestrahlungsstaerke (horiz. Ebene)              [W/m^2]   abwaerts gerichtet: positiv
D  Diffuse Sonnenbetrahlungsstaerke (horiz. Ebene)               [W/m^2]   abwaerts gerichtet: positiv
A  Bestrahlungsstaerke d. atm. Waermestrahlung (horiz. Ebene)    [W/m^2]   abwaerts gerichtet: positiv
E  Bestrahlungsstaerke d. terr. Waermestrahlung                  [W/m^2]   aufwaerts gerichtet: negativ
IL Qualitaetsbit bezueglich der Auswahlkriterien                           {0;1;2;3;4}


     RW      HW MM DD HH     t    p  WR   WG N    x  RF    B    D   A    E IL
*** 
3797500 2746500  1  1  1   2.4 1016 150  2.5 7  3.7  80    0    0 322 -331  1
3797500 2746500  1  1  2   3.6 1016 168  2.6 8  4.1  82    0    0 327 -331  1
3797500 2746500  1  1  3   4.5 1016 182  2.8 8  4.4  84    0    0 333 -333  1
3797500 2746500  1  1  4   4.6 1016 187  2.9 8  4.4  84    0    0 334 -334  1
3797500 2746500  1  1  5   4.7 1016 192  3.0 8  4.4  84    0    0 329 -335  1
3797500 2746500  1  1  6   4.9 1016 200  3.0 8  4.5  84    0    0 329 -337  1
3797500 2746500  1  1  7   4.9 1015 199  2.4 8  4.5  85    0    0 336 -339  1
3797500 2746500  1  1  8   5.1 1015 193  3.2 8  4.6  86    0    0 337 -342  1
3797500 2746500  1  1  9   5.3 1015 201  3.3 8  4.8  87    0    0 338 -344  1
3797500 2746500  1  1 10   4.8 1016 199  3.3 8  4.9  90    0   26 338 -345  1
3797500 2746500  1  1 11   4.9 1016 210  3.2 7  4.9  92    4   62 332 -346  1
3797500 2746500  1  1 12   5.2 1017 218  3.8 8  5.0  93    0   38 334 -346  1
3797500 2746500  1  1 13   5.5 1016 219  3.1 6  5.2  93    0   39 329 -347  1
3797500 2746500  1  1 14   5.9 1016 230  3.1 8  5.2  92    0   27 330 -347  1
3797500 2746500  1  1 15   6.3 1016 258  2.4 8  5.4  92    0   23 344 -347  1
3797500 2746500  1  1 16   6.8 1017 285  2.2 8  5.5  92    0   15 346 -347  1
3797500 2746500  1  1 17   6.9 1017 300  1.3 5  5.6  92    0    0 326 -346  1
3797500 2746500  1  1 18   6.7 1018 249  0.6 7  5.6  91    0    0 319 -345  1
3797500 2746500  1  1 19   6.2 1019 253  0.6 6  5.5  92    0    0 322 -344  1
3797500 2746500  1  1 20   5.7 1019 240  1.0 5  5.2  91    0    0 307 -343  1
3797500 2746500  1  1 21   4.8 1019 206  0.9 7  4.9  90    0    0 309 -342  1
3797500 2746500  1  1 22   4.7 1020 205  1.3 8  4.8  91    0    0 324 -341  1
3797500 2746500  1  1 23   4.5 1020 245  0.6 7  4.8  91    0    0 322 -341  1
3797500 2746500  1  1 24   4.7 1021 252  1.5 6  4.8  91    0    0 306 -339  1
3797500 2746500  1  2  1   4.8 1021 256  1.5 6  4.9  92    0    0 297 -339  1
3797500 2746500  1  2  2   4.8 1022 232  1.4 6  4.9  92    0    0 294 -338  1
3797500 2746500  1  2  3   4.8 1022 183  0.8 4  4.9  93    0    0 278 -337  1
3797500 2746500  1  2  4   4.8 1022 220  0.8 4  4.9  93    0    0 263 -336  1
3797500 2746500  1  2  5   5.0 1022 200  1.9 7  5.0  93    0    0 281 -335  1
3797500 2746500  1  2  6   5.1 1022 180  1.7 7  5.0  93    0    0 300 -336  1
3797500 2746500  1  2  7   5.3 1022 212  1.6 8  5.1  93    0    0 306 -334  1
3797500 2746500  1  2  8   5.0 1022 201  1.6 7  5.1  94    0    0 307 -333  1
3797500 2746500  1  2  9   4.6 1022 179  2.7 7  5.0  94    0    0 301 -331  1
3797500 2746500  1  2 10   4.4 1022 191  3.4 7  4.9  94   16   43 302 -330  1
3797500 2746500  1  2 11   4.9 1022 211  3.2 5  4.8  92   58   79 292 -330  1
3797500 2746500  1  2 12   5.5 1023 183  4.3 6  5.0  92   59  117 289 -332  1
3797500 2746500  1  2 13   6.5 1022 207  3.6 6  5.1  88   28  121 296 -334  1
3797500 2746500  1  2 14   7.0 1022 210  3.5 8  5.0  83    0   63 309 -337  1
3797500 2746500  1  2 15   7.2 1022 193  3.3 8  5.1  82    0   21 324 -337  1
3797500 2746500  1  2 16   7.4 1022 203  3.9 7  5.2  82    0   10 323 -334  1
3797500 2746500  1  2 17   7.6 1021 193  3.4 8  5.3  82    0    1 325 -329  1
3797500 2746500  1  2 18   7.9 1021 194  3.2 8  5.3  82    0    0 332 -325  1
3797500 2746500  1  2 19   7.9 1021 193  3.0 8  5.4  82    0    0 332 -323  1
3797500 2746500  1  2 20   8.1 1021 193  2.8 8  5.5  83    0    0 332 -321  1
3797500 2746500  1  2 21   8.0 1021 193  2.8 7  5.6  84    0    0 325 -319  1
3797500 2746500  1  2 22   7.8 1021 193  3.5 8  5.5  84    0    0 324 -318  1
3797500 2746500  1  2 23   7.9 1021 204  3.6 8  5.5  84    0    0 328 -318  1
3797500 2746500  1  2 24   7.8 1020 220  3.7 7  5.5  84    0    0 323 -317  1
3797500 2746500  1  3  1   7.8 1020 205  3.8 7  5.5  84    0    0 318 -317  1
3797500 2746500  1  3  2   7.6 1019 205  3.3 7  5.4  84    0    0 318 -317  1
3797500 2746500  1  3  3   7.6 1019 194  3.9 8  5.4  84    0    0 323 -316  1
3797500 2746500  1  3  4   7.7 1019 192  4.2 8  5.3  82    0    0 327 -316  1
3797500 2746500  1  3  5   7.6 1019 194  4.8 8  5.2  80    0    0 326 -316  1
3797500 2746500  1  3  6   7.6 1018 195  4.8 8  5.2  80    0    0 325 -316  1
3797500 2746500  1  3  7   7.8 1018 203  4.2 7  5.2  80    0    0 320 -316  1
3797500 2746500  1  3  8   7.8 1018 205  4.1 7  5.2  80    0    0 315 -316  1
3797500 2746500  1  3  9   8.0 1018 197  4.6 7  5.3  80    0    0 314 -317  1
3797500 2746500  1  3 10   7.8 1017 208  5.0 8  5.3  80    0    7 319 -321  1
3797500 2746500  1  3 11   8.3 1017 201  6.1 7  5.3  79    1   60 319 -325  1
3797500 2746500  1  3 12   8.5 1017 207  5.7 7  5.3  78    0   70 314 -329  1
3797500 2746500  1  3 13   8.7 1017 209  5.4 8  5.4  78    0   35 317 -332  1
3797500 2746500  1  3 14   8.6 1017 219  7.0 8  5.5  79    0   52 320 -334  1
3797500 2746500  1  3 15   8.5 1016 219  7.7 7  5.6  81    0   56 314 -335  1
3797500 2746500  1  3 16   8.1 1015 208  6.7 8  5.6  82    3   37 313 -335  1
3797500 2746500  1  3 17   7.5 1015 197  6.0 8  5.3  81    0    5 315 -333  1
3797500 2746500  1  3 18   7.2 1015 207  5.8 8  5.0  79    0    0 315 -332  1
3797500 2746500  1  3 19   7.3 1015 200  5.9 8  5.0  78    0    0 316 -331  1
3797500 2746500  1  3 20   7.1 1015 208  5.9 8  5.0  79    0    0 319 -331  1
3797500 2746500  1  3 21   7.1 1014 199  6.6 8  5.0  80    0    0 321 -330  1
3797500 2746500  1  3 22   7.0 1014 199  5.9 8  4.9  79    0    0 322 -329  1
3797500 2746500  1  3 23   7.1 1014 199  6.5 7  5.0  80    0    0 318 -328  1
3797500 2746500  1  3 24   7.2 1013 193  6.1 8  5.0  80    0    0 319 -327  1
3797500 2746500  1  4  1   7.2 1013 205  4.6 8  5.0  79    0    0 325 -326  1
3797500 2746500  1  4  2   6.7 1012 201  5.3 8  5.1  82    0    0 327 -326  1
3797500 2746500  1  4  3   6.7 1012 200  5.0 8  5.3  87    0    0 330 -328  1
3797500 2746500  1  4  4   6.7 1012 218  4.9 8  5.5  90    0    0 332 -330  1
3797500 2746500  1  4  5   6.8 1011 226  5.1 8  5.6  92    0    0 334 -331  1
3797500 2746500  1  4  6   6.7 1011 228  4.9 8  5.8  94    0    0 334 -331  1
3797500 2746500  1  4  7   6.9 1011 225  4.8 8  5.8  94    0    0 335 -331  1
3797500 2746500  1  4  8   6.9 1011 226  3.7 7  5.9  94    0    0 330 -332  1
3797500 2746500  1  4  9   7.0 1011 215  3.4 7  5.9  95    0    0 326 -332  1
3797500 2746500  1  4 10   7.2 1011 203  3.5 7  5.9  94    0   22 327 -333  1
3797500 2746500  1  4 11   7.3 1011 194  3.5 5  5.9  93    1   61 315 -334  1
3797500 2746500  1  4 12   7.2 1010 193  3.5 7  5.9  93    0   52 315 -335  1
3797500 2746500  1  4 13   7.2 1010 183  4.4 8  5.9  93    0   39 335 -336  1
3797500 2746500  1  4 14   7.3 1009 184  4.5 8  5.9  92    0   33 344 -337  1
3797500 2746500  1  4 15   7.5 1008 188  4.5 8  5.9  92    0   22 345 -337  1
3797500 2746500  1  4 16   7.9 1007 194  5.5 8  6.0  92    0   11 347 -339  1
3797500 2746500  1  4 17   7.9 1006 201  5.8 8  6.1  91    0    0 348 -341  1
3797500 2746500  1  4 18   8.6 1006 213  7.2 8  6.2  91    0    0 349 -343  1
3797500 2746500  1  4 19   8.9 1006 222  7.3 7  6.2  88    0    0 342 -344  1
3797500 2746500  1  4 20   8.8 1006 240  6.8 7  6.0  85    0    0 333 -344  1
3797500 2746500  1  4 21   8.7 1007 221  3.7 7  5.5  78    0    0 332 -344  1
3797500 2746500  1  4 22   8.4 1007 222  6.1 8  5.2  74    0    0 337 -344  1
3797500 2746500  1  4 23   8.2 1007 229  6.7 8  5.2  76    0    0 344 -344  1
3797500 2746500  1  4 24   7.4 1008 241  6.7 6  5.3  80    0    0 325 -344  1
3797500 2746500  1  5  1   7.2 1008 269  5.8 5  5.1  80    0    0 299 -343  1
3797500 2746500  1  5  2   6.1 1009 277  4.6 4  4.8  78    0    0 280 -342  1
3797500 2746500  1  5  3   5.0 1011 258  2.6 2  4.4  78    0    0 250 -341  1
3797500 2746500  1  5  4   3.9 1012 252  2.3 0  4.2  80    0    0 208 -340  1
3797500 2746500  1  5  5   3.1 1012 220  1.8 1  4.1  85    0    0 194 -338  1
3797500 2746500  1  5  6   2.5 1013 212  2.2 1  4.0  87    0    0 206 -335  1
3797500 2746500  1  5  7   2.0 1014 224  3.1 2  3.9  88    0    0 219 -331  1
3797500 2746500  1  5  8   1.6 1014 211  3.7 3  3.8  89    0    0 237 -328  1
3797500 2746500  1  5  9   1.9 1014 194  2.5 3  3.8  89    0    0 247 -326  1
3797500 2746500  1  5 10   2.3 1015 193  3.3 4  3.9  89   15   39 256 -325  1
3797500 2746500  1  5 11   3.9 1015 195  2.5 4  4.1  87   64   68 264 -327  1
3797500 2746500  1  5 12   5.6 1016 196  3.2 4  4.3  82  113   89 268 -331  1
3797500 2746500  1  5 13   6.5 1015 193  4.0 5  4.4  76  157   85 275 -335  1
3797500 2746500  1  5 14   7.5 1015 196  4.2 6  4.4  72  129   84 289 -339  1
3797500 2746500  1  5 15   7.8 1014 196  4.2 5  4.5  70   79   69 290 -340  1
3797500 2746500  1  5 16   7.6 1014 191  3.8 6  4.5  69   32   39 288 -339  1
3797500 2746500  1  5 17   6.3 1014 168  2.9 7  4.4  71    2    8 295 -338  1
3797500 2746500  1  5 18   6.8 1013 183  4.2 7  4.4  74    0    0 298 -339  1
3797500 2746500  1  5 19   7.0 1013 192  3.9 7  4.6  74    0    0 300 -340  1
3797500 2746500  1  5 20   7.1 1013 182  4.0 7  4.6  74    0    0 303 -338  1
3797500 2746500  1  5 21   6.4 1013 182  3.5 6  4.5  74    0    0 298 -334  1
3797500 2746500  1  5 22   6.2 1013 183  3.6 3  4.5  76    0    0 276 -331  1
3797500 2746500  1  5 23   6.1 1013 182  3.5 2  4.5  77    0    0 255 -330  1
3797500 2746500  1  5 24   6.0 1012 181  3.3 4  4.5  78    0    0 262 -328  1
3797500 2746500  1  6  1   5.8 1012 181  3.1 0  4.5  78    0    0 251 -327  1
3797500 2746500  1  6  2   5.6 1012 183  2.8 0  4.5  79    0    0 231 -326  1
3797500 2746500  1  6  3   5.5 1012 176  3.4 0  4.5  80    0    0 231 -327  1
3797500 2746500  1  6  4   5.4 1011 166  3.9 0  4.5  80    0    0 232 -327  1
3797500 2746500  1  6  5   5.4 1011 175  4.8 0  4.6  82    0    0 232 -328  1
3797500 2746500  1  6  6   5.6 1011 174  3.7 0  4.5  81    0    0 231 -330  1
3797500 2746500  1  6  7   5.6 1011 174  3.8 0  4.5  80    0    0 231 -332  1
3797500 2746500  1  6  8   5.7 1011 164  3.7 1  4.6  80    0    0 235 -333  1
3797500 2746500  1  6  9   5.8 1010 174  4.6 2  4.5  78    0    0 242 -334  1
3797500 2746500  1  6 10   6.0 1010 164  4.8 3  4.5  77    0    0 248 -335  1
3797500 2746500  1  6 11   6.9 1011 173  4.4 4  4.6  76   57   74 258 -337  1
3797500 2746500  1  6 12   8.1 1010 174  5.7 4  4.8  74  134   91 264 -339  1
3797500 2746500  1  6 13   9.3 1010 193  5.6 3  5.0  71  148   97 263 -342  1
3797500 2746500  1  6 14   9.7 1010 185  5.7 3  5.1  69  136   89 263 -343  1
3797500 2746500  1  6 15   9.5 1009 183  4.5 6  5.2  70   43   80 279 -343  1
3797500 2746500  1  6 16   9.8 1009 181  4.3 7  5.3  71   19   41 301 -342  1
3797500 2746500  1  6 17   9.8 1009 192  4.3 7  5.4  71    1    8 309 -342  1
3797500 2746500  1  6 18   9.6 1009 191  4.1 8  5.4  71    0    0 317 -343  1
3797500 2746500  1  6 19   9.0 1009 230  4.6 7  5.6  76    0    0 320 -345  1
3797500 2746500  1  6 20   8.6 1010 240  4.2 7  5.9  83    0    0 319 -346  1
3797500 2746500  1  6 21   8.3 1011 219  3.5 7  6.0  86    0    0 321 -346  1
3797500 2746500  1  6 22   8.2 1012 201  3.6 8  5.9  86    0    0 327 -346  1
3797500 2746500  1  6 23   8.1 1012 218  3.1 8  5.7  85    0    0 334 -345  1
3797500 2746500  1  6 24   8.0 1013 229  3.6 7  5.7  85    0    0 328 -343  1
3797500 2746500  1  7  1   7.6 1013 219  3.4 7  5.7  86    0    0 323 -342  1
3797500 2746500  1  7  2   7.7 1013 219  4.1 6  5.6  86    0    0 316 -341  1
3797500 2746500  1  7  3   7.5 1013 217  3.2 7  5.6  86    0    0 315 -340  1
3797500 2746500  1  7  4   7.1 1014 219  2.8 6  5.6  87    0    0 312 -339  1
3797500 2746500  1  7  5   7.1 1015 219  2.6 6  5.6  89    0    0 301 -338  1
3797500 2746500  1  7  6   7.1 1015 220  3.4 8  5.6  89    0    0 312 -337  1
3797500 2746500  1  7  7   7.4 1015 223  2.9 8  5.6  89    0    0 324 -336  1
3797500 2746500  1  7  8   6.5 1016 222  3.1 7  5.6  90    0    0 314 -335  1
3797500 2746500  1  7  9   6.7 1016 222  3.9 7  5.6  92    0    0 304 -335  1
3797500 2746500  1  7 10   6.9 1016 232  3.9 7  5.5  90    5   36 304 -336  1
3797500 2746500  1  7 11   7.2 1017 231  3.9 7  5.4  86    6   66 304 -337  1
3797500 2746500  1  7 12   7.8 1017 225  4.3 8  5.2  82    3   81 312 -339  1
3797500 2746500  1  7 13   8.2 1017 232  5.9 6  5.0  76    2   83 308 -341  1
3797500 2746500  1  7 14   8.2 1016 224  6.0 5  4.8  72   23  102 289 -343  1
3797500 2746500  1  7 15   8.5 1015 224  5.4 5  4.9  72   36   78 281 -343  1
3797500 2746500  1  7 16   7.8 1015 234  5.0 7  4.9  73   35   38 291 -342  1
3797500 2746500  1  7 17   6.7 1015 224  3.8 6  4.9  77    0    6 292 -338  1
3797500 2746500  1  7 18   6.1 1015 193  2.8 5  4.8  81    0    0 278 -335  1
3797500 2746500  1  7 19   6.3 1014 214  4.9 5  4.8  81    0    0 272 -332  1
3797500 2746500  1  7 20   6.1 1014 214  5.1 3  4.5  77    0    0 262 -330  1
3797500 2746500  1  7 21   6.1 1014 214  4.9 2  4.3  74    0    0 246 -328  1
3797500 2746500  1  7 22   6.4 1014 214  5.0 6  4.3  73    0    0 263 -327  1
3797500 2746500  1  7 23   6.2 1014 205  5.3 7  4.3  73    0    0 287 -325  1
3797500 2746500  1  7 24   5.8 1014 205  4.5 3  4.3  74    0    0 272 -324  1
3797500 2746500  1  8  1   5.8 1014 203  4.2 6  4.3  75    0    0 267 -323  1
3797500 2746500  1  8  2   5.8 1013 202  4.1 6  4.3  75    0    0 285 -323  1
3797500 2746500  1  8  3   5.9 1013 200  4.3 5  4.3  75    0    0 285 -323  1
3797500 2746500  1  8  4   5.8 1012 200  5.4 7  4.3  74    0    0 293 -325  1
3797500 2746500  1  8  5   5.6 1012 189  5.7 7  4.2  73    0    0 306 -328  1
3797500 2746500  1  8  6   5.5 1012 203  4.5 6  4.1  74    0    0 301 -331  1
3797500 2746500  1  8  7   5.6 1011 193  5.7 6  4.2  74    0    0 297 -334  1
3797500 2746500  1  8  8   5.9 1011 190  5.2 8  4.3  74    0    0 311 -336  1
3797500 2746500  1  8  9   5.9 1011 199  5.4 7  4.3  75    0    0 320 -337  1
3797500 2746500  1  8 10   6.0 1012 200  5.5 6  4.4  76    1   32 308 -338  1
3797500 2746500  1  8 11   6.3 1012 199  5.0 6  4.5  77    6   65 303 -339  1
3797500 2746500  1  8 12   6.7 1012 190  5.6 7  4.7  78    2   80 310 -341  1
3797500 2746500  1  8 13   7.2 1012 200  5.1 7  4.8  78    0   71 318 -344  1
3797500 2746500  1  8 14   7.1 1011 199  5.6 7  5.0  79    2   79 319 -347  1
3797500 2746500  1  8 15   6.6 1011 198  4.6 7  5.3  85    0   44 319 -348  1
3797500 2746500  1  8 16   6.6 1012 196  3.5 8  5.5  90    0   19 324 -347  1
3797500 2746500  1  8 17   6.7 1012 196  3.4 8  5.5  91    0    0 329 -346  1
3797500 2746500  1  8 18   6.9 1012 206  2.2 7  5.6  91    0    0 324 -344  1
3797500 2746500  1  8 19   6.9 1013 205  2.8 8  5.6  91    0    0 323 -343  1
3797500 2746500  1  8 20   6.7 1013 213  2.5 8  5.7  92    0    0 329 -343  1
3797500 2746500  1  8 21   6.7 1013 216  2.6 8  5.7  93    0    0 329 -343  1
3797500 2746500  1  8 22   6.5 1013 223  2.6 6  5.7  94    0    0 315 -343  1
3797500 2746500  1  8 23   5.6 1013 233  2.6 6  5.5  94    0    0 301 -342  1
3797500 2746500  1  8 24   5.4 1014 234  2.2 5  5.3  95    0    0 293 -342  1
3797500 2746500  1  9  1   5.1 1014 218  1.0 6  5.3  96    0    0 293 -342  1
3797500 2746500  1  9  2   4.4 1014 203  1.0 5  5.1  96    0    0 290 -341  1
3797500 2746500  1  9  3   4.4 1014 196  0.8 6  5.0  96    0    0 288 -341  1
3797500 2746500  1  9  4   4.6 1014 185  1.2 6  5.0  95    0    0 293 -340  1
3797500 2746500  1  9  5   4.8 1014 181  1.3 7  5.0  94    0    0 297 -339  1
3797500 2746500  1  9  6   4.7 1014 181  1.3 7  5.0  94    0    0 303 -338  1
3797500 2746500  1  9  7   4.2 1014 191  1.3 5  4.9  94    0    0 289 -336  1
3797500 2746500  1  9  8   2.4 1015 201  1.3 4  4.6  96    0    0 268 -335  1
3797500 2746500  1  9  9   3.2 1015 350  0.1 5  4.5  96    0    0 264 -333  1
3797500 2746500  1  9 10   4.0 1016 266  0.6 7  4.7  95    0   22 283 -333  1
3797500 2746500  1  9 11   3.5 1017 243  0.6 6  4.8  96    9   69 288 -334  1
3797500 2746500  1  9 12   3.9 1018 314  1.3 7  4.7  96    2   80 287 -337  1
3797500 2746500  1  9 13   3.6 1018 271  0.6 5  4.8  96   24  112 280 -340  1
3797500 2746500  1  9 14   3.6 1018 323  1.5 5  4.8  97   52  105 267 -341  1
3797500 2746500  1  9 15   4.4 1018 326  1.4 7  4.7  94   14   77 281 -340  1
3797500 2746500  1  9 16   4.6 1019 343  1.3 7  4.7  90    9   37 294 -338  1
3797500 2746500  1  9 17   3.5 1019 321  0.5 7  4.6  90    0    6 293 -334  1
3797500 2746500  1  9 18   3.0 1020  11  0.5 7  4.3  90    0    0 289 -330  1
3797500 2746500  1  9 19   2.3 1021   2  0.4 5  4.1  89    0    0 275 -327  1
3797500 2746500  1  9 20   2.0 1022 329  0.4 5  3.9  90    0    0 263 -325  1
3797500 2746500  1  9 21   1.6 1022  12  0.3 4  3.8  89    0    0 258 -323  1
3797500 2746500  1  9 22   1.6 1023 347  0.0 5  3.8  90    0    0 259 -321  1
3797500 2746500  1  9 23   2.1 1024 349  0.0 7  3.9  91    0    0 276 -318  1
3797500 2746500  1  9 24   1.7 1024 242  0.6 4  3.9  92    0    0 272 -316  1
3797500 2746500  1 10  1   2.0 1025 340  0.2 8  3.9  91    0    0 278 -316  1
3797500 2746500  1 10  2   1.9 1025 340  0.9 8  3.8  89    0    0 299 -316  1
3797500 2746500  1 10  3   1.7 1025  67  0.9 7  3.8  90    0    0 294 -315  1
3797500 2746500  1 10  4   1.1 1026  31  1.1 6  3.8  92    0    0 283 -313  1
3797500 2746500  1 10  5   1.2 1027 353  0.3 7  3.8  93    0    0 281 -311  1
3797500 2746500  1 10  6   2.3 1027 344  0.2 6  3.8  89    0    0 281 -311  1
3797500 2746500  1 10  7   1.4 1027 148  1.0 7  3.8  88    0    0 280 -311  1
3797500 2746500  1 10  8   1.5 1028 151  1.0 7  3.8  91    0    0 283 -310  1
3797500 2746500  1 10  9   0.7 1028 267  1.6 7  3.8  93    0    0 283 -311  1
3797500 2746500  1 10 10   0.9 1029 271  1.0 8  3.8  95    0   29 287 -311  1
3797500 2746500  1 10 11   0.9 1030 140  1.1 7  3.8  96    9   82 287 -313  1
3797500 2746500  1 10 12   1.5 1030 185  1.1 6  3.9  96    5  108 279 -314  1
3797500 2746500  1 10 13   1.2 1030 252  1.8 8  3.9  95    0   83 288 -316  1
3797500 2746500  1 10 14   1.1 1030 252  1.8 7  3.9  96    0   58 295 -316  1
3797500 2746500  1 10 15   1.2 1030 184  1.0 6  3.9  97    0   52 286 -317  1
3797500 2746500  1 10 16   1.6 1030 132  1.0 8  4.0  96    1   38 293 -317  1
3797500 2746500  1 10 17   1.7 1030 131  1.0 8  3.9  94    0    5 302 -316  1
3797500 2746500  1 10 18   1.4 1031 243  1.1 6  3.9  94    0    0 286 -315  1
3797500 2746500  1 10 19   1.2 1031 143  1.9 7  3.8  93    0    0 276 -313  1
3797500 2746500  1 10 20   0.8 1031 140  1.9 5  3.7  92    0    0 266 -311  1
3797500 2746500  1 10 21   0.5 1031 257  1.8 5  3.6  92    0    0 253 -311  1
3797500 2746500  1 10 22   0.7 1031 202  2.4 8  3.6  92    0    0 262 -311  1
3797500 2746500  1 10 23   0.7 1031 194  1.7 8  3.6  92    0    0 273 -310  1
3797500 2746500  1 10 24   0.5 1031 194  2.4 8  3.6  92    0    0 271 -310  1
3797500 2746500  1 11  1   0.7 1031 182  2.3 7  3.6  91    0    0 266 -309  1
3797500 2746500  1 11  2   0.5 1031 192  2.9 8  3.5  91    0    0 266 -308  1
3797500 2746500  1 11  3   0.5 1031 192  2.9 7  3.5  91    0    0 264 -307  1
3797500 2746500  1 11  4   0.5 1031 213  2.1 6  3.5  91    0    0 256 -307  1
3797500 2746500  1 11  5   0.6 1031 192  2.0 8  3.5  91    0    0 261 -307  1
3797500 2746500  1 11  6   0.3 1031 182  2.7 8  3.5  91    0    0 269 -307  1
3797500 2746500  1 11  7   0.3 1031 193  2.8 8  3.5  91    0    0 270 -308  1
3797500 2746500  1 11  8   0.3 1031 204  2.9 8  3.4  90    0    0 271 -308  1
3797500 2746500  1 11  9   0.1 1031 193  3.1 8  3.4  90    0    1 272 -309  1
3797500 2746500  1 11 10   0.0 1032 193  3.8 7  3.4  90   19   42 270 -308  1
3797500 2746500  1 11 11   0.3 1032 203  3.8 7  3.4  91   38   76 269 -310  1
3797500 2746500  1 11 12   0.9 1032 183  3.1 6  3.5  91   64  108 271 -312  1
3797500 2746500  1 11 13   2.0 1032 193  3.1 3  3.6  88  174   85 257 -315  1
3797500 2746500  1 11 14   2.6 1031 194  3.1 3  3.7  84  169   77 248 -316  1
3797500 2746500  1 11 15   2.9 1030 194  3.8 1  3.6  80  125   65 239 -316  1
3797500 2746500  1 11 16   2.8 1030 186  3.1 1  3.5  77   59   42 231 -316  1
3797500 2746500  1 11 17   1.9 1030 194  2.9 1  3.4  77    6   10 232 -316  1
3797500 2746500  1 11 18   1.0 1030 174  2.8 2  3.3  80    0    0 236 -316  1
3797500 2746500  1 11 19   0.6 1030 174  2.9 2  3.3  82    0    0 240 -314  1
3797500 2746500  1 11 20   0.6 1030 174  3.1 2  3.2  83    0    0 241 -313  1
3797500 2746500  1 11 21   0.4 1030 175  3.7 2  3.2  83    0    0 240 -313  1
3797500 2746500  1 11 22   0.6 1030 184  3.6 1  3.2  82    0    0 235 -312  1
3797500 2746500  1 11 23   0.7 1030 174  4.3 2  3.1  81    0    0 235 -311  1
3797500 2746500  1 11 24   0.2 1029 183  4.2 3  3.1  81    0    0 243 -310  1
3797500 2746500  1 12  1   0.3 1029 174  3.5 0  3.1  81    0    0 231 -309  1
3797500 2746500  1 12  2   0.2 1029 182  4.0 0  3.1  81    0    0 216 -307  1
3797500 2746500  1 12  3  -0.4 1028 182  4.5 1  3.0  82    0    0 218 -306  1
3797500 2746500  1 12  4  -0.1 1028 173  3.9 0  3.1  83    0    0 216 -305  1
3797500 2746500  1 12  5  -0.4 1027 175  3.9 1  3.1  84    0    0 215 -305  1
3797500 2746500  1 12  6   0.0 1027 186  4.0 1  3.1  85    0    0 218 -305  1
3797500 2746500  1 12  7   0.8 1026 194  3.7 0  3.3  84    0    0 214 -305  1
3797500 2746500  1 12  8   0.9 1026 185  2.9 2  3.3  83    0    0 218 -305  1
3797500 2746500  1 12  9   1.1 1026 176  4.4 3  3.3  82    0    0 231 -305  1
3797500 2746500  1 12 10   1.6 1025 177  3.2 5  3.4  81    4   40 243 -305  1
3797500 2746500  1 12 11   2.5 1025 188  4.4 5  3.4  78   55   80 252 -308  1
3797500 2746500  1 12 12   2.9 1025 187  5.2 5  3.5  76  131   90 251 -311  1
3797500 2746500  1 12 13   3.5 1024 186  6.1 4  3.5  74  171   86 246 -313  1
3797500 2746500  1 12 14   4.0 1023 186  5.5 4  3.5  72  163   79 242 -315  1
3797500 2746500  1 12 15   3.9 1023 187  4.8 3  3.5  71  112   67 237 -315  1
3797500 2746500  1 12 16   3.3 1022 177  4.6 4  3.5  72   48   43 236 -315  1
3797500 2746500  1 12 17   2.6 1022 175  4.7 6  3.4  74    5   10 244 -314  1
3797500 2746500  1 12 18   2.2 1021 176  4.5 5  3.4  75    0    0 246 -312  1
3797500 2746500  1 12 19   2.1 1021 186  4.6 6  3.4  76    0    0 244 -310  1
3797500 2746500  1 12 20   1.8 1021 186  4.1 6  3.4  78    0    0 245 -309  1
3797500 2746500  1 12 21   1.7 1020 186  5.5 6  3.3  78    0    0 245 -308  1
3797500 2746500  1 12 22   1.7 1020 193  5.3 7  3.3  77    0    0 246 -306  1
3797500 2746500  1 12 23   1.8 1019 202  4.9 7  3.3  78    0    0 249 -305  1
3797500 2746500  1 12 24   1.7 1019 203  3.4 8  3.3  78    0    0 251 -305  1
3797500 2746500  1 13  1   1.4 1018 204  3.5 6  3.3  79    0    0 247 -305  1
3797500 2746500  1 13  2   1.4 1018 195  3.2 8  3.3  80    0    0 247 -304  1
3797500 2746500  1 13  3   1.4 1017 196  3.1 8  3.3  79    0    0 253 -303  1
3797500 2746500  1 13  4   1.3 1017 196  3.8 8  3.3  79    0    0 255 -303  1
3797500 2746500  1 13  5   1.2 1016 204  3.1 6  3.3  79    0    0 249 -302  1
3797500 2746500  1 13  6   1.3 1015 202  3.8 7  3.2  78    0    0 247 -302  1
3797500 2746500  1 13  7   1.2 1015 183  4.4 7  3.2  78    0    0 250 -301  1
3797500 2746500  1 13  8   1.3 1014 173  3.9 8  3.2  77    0    0 254 -300  1
3797500 2746500  1 13  9   1.2 1014 182  4.5 8  3.2  78    0    0 257 -299  1
3797500 2746500  1 13 10   1.5 1013 171  5.1 7  3.2  77    0   12 252 -299  1
3797500 2746500  1 13 11   1.5 1013 172  4.9 8  3.2  76    0   38 252 -301  1
3797500 2746500  1 13 12   1.7 1013 172  4.7 7  3.2  76    0   55 251 -305  1
3797500 2746500  1 13 13   1.9 1012 172  4.7 8  3.3  76    0   51 252 -309  1
3797500 2746500  1 13 14   2.4 1012 173  4.1 8  3.3  74    0   57 258 -312  1
3797500 2746500  1 13 15   2.8 1011 201  2.6 8  3.3  72    0   44 261 -313  1
3797500 2746500  1 13 16   2.8 1010 199  2.9 7  3.3  71    0   17 259 -313  1
3797500 2746500  1 13 17   2.3 1010 190  2.2 8  3.3  73    0    3 260 -311  1
3797500 2746500  1 13 18   2.0 1010 184  2.3 7  3.4  76    0    0 261 -308  1
3797500 2746500  1 13 19   1.5 1010 175  2.1 6  3.2  75    0    0 253 -307  1
3797500 2746500  1 13 20   1.1 1010 203  2.0 4  3.1  75    0    0 244 -307  1
3797500 2746500  1 13 21   0.5 1010 174  1.2 2  3.1  76    0    0 230 -306  1
3797500 2746500  1 13 22   0.0 1010 192  1.9 2  3.0  78    0    0 224 -306  1
3797500 2746500  1 13 23   0.2 1011 183  2.5 2  3.1  80    0    0 225 -305  1
3797500 2746500  1 13 24   0.9 1011 184  1.6 7  3.1  79    0    0 243 -304  1
3797500 2746500  1 14  1   1.0 1011 193  2.0 6  3.2  79    0    0 259 -304  1
3797500 2746500  1 14  2   1.1 1011 193  1.9 7  3.3  80    0    0 261 -303  1
3797500 2746500  1 14  3   0.8 1011 172  0.8 6  3.4  84    0    0 262 -302  1
3797500 2746500  1 14  4   1.1 1011 171  0.9 8  3.5  86    0    0 266 -301  1
3797500 2746500  1 14  5   1.3 1011 183  0.9 8  3.6  86    0    0 274 -300  1
3797500 2746500  1 14  6   1.7 1011 177  1.5 8  3.7  86    0    0 274 -299  1
3797500 2746500  1 14  7   2.0 1011 177  1.6 7  3.7  85    0    0 269 -297  1
3797500 2746500  1 14  8   2.2 1012 159  1.6 7  3.7  84    0    0 265 -295  1
3797500 2746500  1 14  9   2.4 1012 175  1.9 7  3.7  84    0    0 263 -292  1
3797500 2746500  1 14 10   2.5 1013 187  2.7 7  3.8  84    0   18 262 -292  1
3797500 2746500  1 14 11   2.8 1013 188  2.5 7  3.8  84    0   35 262 -296  1
3797500 2746500  1 14 12   3.0 1014 190  2.7 6  3.9  83    0   67 259 -302  1
3797500 2746500  1 14 13   3.4 1014 190  2.6 5  4.0  83   11   96 252 -308  1
3797500 2746500  1 14 14   3.8 1014 204  2.6 7  4.0  81    0   61 255 -312  1
3797500 2746500  1 14 15   3.9 1014 195  2.1 7  4.0  80    0   53 259 -313  1
3797500 2746500  1 14 16   4.1 1015 191  1.9 8  4.0  80    1   31 262 -312  1
3797500 2746500  1 14 17   3.9 1015 173  1.8 8  4.0  79    0    6 264 -309  1
3797500 2746500  1 14 18   3.9 1016 182  0.8 8  4.0  80    0    0 263 -305  1
3797500 2746500  1 14 19   3.8 1016 212  0.9 8  4.0  80    0    0 262 -302  1
3797500 2746500  1 14 20   3.9 1017  77  0.8 8  4.0  81    0    0 262 -300  1
3797500 2746500  1 14 21   4.0 1018   1  0.2 8  4.1  82    0    0 262 -299  1
3797500 2746500  1 14 22   3.8 1019  12  0.7 8  4.1  83    0    0 262 -298  1
3797500 2746500  1 14 23   3.7 1020  21  0.6 8  4.2  85    0    0 262 -297  1
3797500 2746500  1 14 24   3.8 1020  22  1.2 8  4.2  86    0    0 260 -296  1
3797500 2746500  1 15  1   3.9 1021  29  0.8 8  4.2  85    0    0 259 -295  1
3797500 2746500  1 15  2   3.7 1021 358  1.3 8  4.2  85    0    0 259 -294  1
3797500 2746500  1 15  3   3.5 1022  21  1.2 7  4.2  86    0    0 255 -293  1
3797500 2746500  1 15  4   3.5 1022  27  1.0 8  4.2  87    0    0 255 -292  1
3797500 2746500  1 15  5   3.3 1023 350  0.3 7  4.2  88    0    0 256 -291  1
3797500 2746500  1 15  6   3.3 1023  11  0.4 8  4.2  89    0    0 257 -291  1
3797500 2746500  1 15  7   3.3 1024 352  0.5 8  4.2  88    0    0 261 -290  1
3797500 2746500  1 15  8   3.1 1024 354  0.7 8  4.2  88    0    0 263 -289  1
3797500 2746500  1 15  9   3.0 1025  11  1.5 8  4.2  89    0    0 267 -289  1
3797500 2746500  1 15 10   3.1 1026   2  1.5 8  4.2  90    0   26 270 -289  1
3797500 2746500  1 15 11   3.1 1026  32  2.0 8  4.2  90    0   33 272 -292  1
3797500 2746500  1 15 12   3.3 1027  33  2.9 8  4.2  88    0   35 273 -298  1
3797500 2746500  1 15 13   3.3 1027  49  3.6 8  4.0  84    0   44 275 -303  1
3797500 2746500  1 15 14   3.5 1028  47  3.8 8  3.7  78    0   40 274 -307  1
3797500 2746500  1 15 15   3.4 1028  19  3.9 6  3.4  71   22   66 267 -310  1
3797500 2746500  1 15 16   3.4 1028   3  4.1 7  3.0  64    2   34 263 -311  1
3797500 2746500  1 15 17   2.8 1028  46  4.4 8  2.8  60    0    2 268 -311  1
3797500 2746500  1 15 18   2.3 1029  40  3.2 7  2.7  61    0    0 268 -310  1
3797500 2746500  1 15 19   2.3 1029  27  2.3 6  2.7  61    0    0 262 -307  1
3797500 2746500  1 15 20   2.1 1030  32  1.4 7  2.7  63    0    0 264 -307  1
3797500 2746500  1 15 21   1.8 1030   5  0.9 7  2.8  65    0    0 268 -308  1
3797500 2746500  1 15 22   2.3 1030  34  1.2 8  2.9  66    0    0 274 -309  1
3797500 2746500  1 15 23   2.0 1030 359  0.6 8  2.9  67    0    0 279 -310  1
3797500 2746500  1 15 24   2.0 1030 319  0.7 7  3.0  70    0    0 278 -310  1
3797500 2746500  1 16  1   1.9 1030 232  0.9 6  3.1  72    0    0 272 -309  1
3797500 2746500  1 16  2   2.5 1030 281  1.6 8  3.2  73    0    0 278 -308  1
3797500 2746500  1 16  3   2.4 1030 243  0.9 8  3.3  74    0    0 287 -307  1
3797500 2746500  1 16  4   1.7 1030 213  1.5 6  3.3  77    0    0 281 -306  1
3797500 2746500  1 16  5   2.0 1029 243  1.4 7  3.4  80    0    0 279 -306  1
3797500 2746500  1 16  6   2.1 1029 222  1.5 6  3.6  82    0    0 282 -307  1
3797500 2746500  1 16  7   2.1 1029 212  1.5 7  3.7  85    0    0 286 -309  1
3797500 2746500  1 16  8   2.3 1029 230  1.5 7  3.8  87    0    0 293 -310  1
3797500 2746500  1 16  9   2.3 1028 220  1.5 8  3.9  88    0    0 299 -311  1
3797500 2746500  1 16 10   2.5 1029 221  2.9 7  4.0  90    0   30 302 -312  1
3797500 2746500  1 16 11   2.8 1029 219  2.3 7  4.1  91    0   55 302 -314  1
3797500 2746500  1 16 12   3.5 1029 228  2.3 8  4.2  90    0   38 310 -315  1
3797500 2746500  1 16 13   3.7 1029 208  2.4 8  4.4  90    0   52 319 -317  1
3797500 2746500  1 16 14   4.1 1028 234  2.2 8  4.5  92    0   45 322 -319  1
3797500 2746500  1 16 15   4.7 1028 231  1.3 7  4.7  92    0   40 321 -320  1
3797500 2746500  1 16 16   5.1 1028 219  1.3 7  4.9  93    0   18 318 -320  1
3797500 2746500  1 16 17   5.2 1027 246  1.3 8  5.1  94    0    1 323 -319  1
3797500 2746500  1 16 18   5.9 1028 294  2.0 6  5.3  95    0    0 320 -318  1
3797500 2746500  1 16 19   6.1 1028 268  2.2 8  5.5  95    0    0 322 -318  1
3797500 2746500  1 16 20   6.3 1027 297  2.3 8  5.5  95    0    0 334 -318  1
3797500 2746500  1 16 21   6.4 1027 317  3.1 8  5.5  93    0    0 335 -319  1
3797500 2746500  1 16 22   6.2 1027 307  3.2 8  5.4  91    0    0 335 -319  1
3797500 2746500  1 16 23   6.0 1027 313  3.2 8  5.3  91    0    0 335 -319  1
3797500 2746500  1 16 24   5.9 1026 256  2.5 8  5.3  92    0    0 335 -321  1
3797500 2746500  1 17  1   6.1 1026 263  2.6 7  5.2  91    0    0 330 -323  1
3797500 2746500  1 17  2   6.0 1025 262  3.3 8  5.2  90    0    0 330 -324  1
3797500 2746500  1 17  3   6.0 1025 273  4.3 8  5.2  90    0    0 336 -325  1
3797500 2746500  1 17  4   5.9 1025 275  4.5 7  5.2  90    0    0 329 -325  1
3797500 2746500  1 17  5   5.9 1024 295  3.3 8  5.1  90    0    0 329 -326  1
3797500 2746500  1 17  6   6.1 1024 277  3.7 8  5.2  90    0    0 336 -327  1
3797500 2746500  1 17  7   6.1 1023 268  3.6 8  5.2  90    0    0 336 -327  1
3797500 2746500  1 17  8   6.1 1023 276  3.7 8  5.3  91    0    0 336 -327  1
3797500 2746500  1 17  9   6.2 1022 286  2.9 8  5.3  90    0    2 336 -327  1
3797500 2746500  1 17 10   6.2 1022 284  3.5 8  5.3  91    0   12 336 -327  1
3797500 2746500  1 17 11   6.6 1023 291  2.9 7  5.4  91    0   46 330 -328  1
3797500 2746500  1 17 12   7.0 1022 302  4.0 8  5.5  90    0   27 331 -329  1
3797500 2746500  1 17 13   7.0 1022 306  3.2 8  5.4  88    0   24 340 -330  1
3797500 2746500  1 17 14   6.8 1022 306  4.4 8  5.4  87    0   22 339 -331  1
3797500 2746500  1 17 15   6.7 1021 305  4.3 8  5.3  88    0   18 339 -332  1
3797500 2746500  1 17 16   6.7 1021 295  4.4 8  5.4  89    0   10 340 -332  1
3797500 2746500  1 17 17   6.7 1021 296  3.9 8  5.4  90    0    1 340 -333  1
3797500 2746500  1 17 18   6.6 1021 305  4.7 8  5.4  90    0    0 339 -334  1
3797500 2746500  1 17 19   6.7 1021 306  4.8 7  5.4  90    0    0 332 -335  1
3797500 2746500  1 17 20   6.7 1020 304  5.3 7  5.4  90    0    0 326 -335  1
3797500 2746500  1 17 21   6.7 1020 298  5.7 7  5.4  89    0    0 326 -336  1
3797500 2746500  1 17 22   6.6 1020 307  5.0 8  5.4  89    0    0 333 -336  1
3797500 2746500  1 17 23   6.6 1020 306  4.9 8  5.4  90    0    0 339 -337  1
3797500 2746500  1 17 24   6.5 1020 297  4.4 7  5.4  90    0    0 333 -338  1
3797500 2746500  1 18  1   6.4 1019 307  4.7 8  5.4  90    0    0 332 -338  1
3797500 2746500  1 18  2   6.3 1019 304  4.7 8  5.3  90    0    0 338 -339  1
3797500 2746500  1 18  3   6.3 1019 299  5.0 8  5.3  90    0    0 339 -340  1
3797500 2746500  1 18  4   6.4 1018 298  5.1 8  5.3  90    0    0 339 -340  1
3797500 2746500  1 18  5   6.3 1017 290  4.9 8  5.4  90    0    0 339 -341  1
3797500 2746500  1 18  6   6.3 1017 289  5.8 8  5.4  91    0    0 339 -341  1
3797500 2746500  1 18  7   6.3 1016 290  4.5 8  5.4  91    0    0 339 -341  1
3797500 2746500  1 18  8   6.3 1016 300  5.1 8  5.4  91    0    0 338 -342  1
3797500 2746500  1 18  9   6.4 1015 309  4.5 8  5.5  92    0    1 338 -343  1
3797500 2746500  1 18 10   6.7 1015 318  4.1 7  5.5  90    0   16 333 -343  1
3797500 2746500  1 18 11   6.7 1016 308  4.1 8  5.4  88    0   26 333 -343  1
3797500 2746500  1 18 12   7.0 1016 316  4.6 6  5.3  86    0   82 326 -343  1
3797500 2746500  1 18 13   7.1 1015 322  6.0 6  5.2  84    0   91 313 -343  1
3797500 2746500  1 18 14   7.6 1015 319  5.5 6  5.1  81    0   42 312 -342  1
3797500 2746500  1 18 15   7.5 1015 346  4.5 7  4.7  73    0   29 316 -342  1
3797500 2746500  1 18 16   6.7 1015 345  6.0 7  4.1  66    0   15 319 -341  1
3797500 2746500  1 18 17   6.1 1016 348  5.3 7  3.8  64    0    2 315 -337  1
3797500 2746500  1 18 18   5.5 1016 353  3.8 7  3.7  64    0    0 310 -331  1
3797500 2746500  1 18 19   5.4 1017 349  3.3 7  3.5  63    0    0 307 -328  1
3797500 2746500  1 18 20   5.2 1018 335  3.5 6  3.5  64    0    0 300 -327  1
3797500 2746500  1 18 21   5.0 1019 330  3.4 6  3.5  64    0    0 292 -324  1
3797500 2746500  1 18 22   4.9 1019 324  3.3 6  3.5  64    0    0 294 -322  1
3797500 2746500  1 18 23   4.3 1020 297  3.6 6  3.5  67    0    0 298 -322  1
3797500 2746500  1 18 24   3.7 1020 259  3.7 5  3.5  71    0    0 292 -320  1
3797500 2746500  1 19  1   3.0 1009 215  4.4 4  3.6  75    0    0 241 -314  1
3797500 2746500  1 19  2   2.5 1008 179  4.8 4  3.6  78    0    0 238 -315  1
3797500 2746500  1 19  3   2.2 1007 154  5.2 3  3.6  79    0    0 251 -314  1
3797500 2746500  1 19  4   2.3 1006 155  5.3 4  3.5  78    0    0 254 -314  1
3797500 2746500  1 19  5   2.4 1005 159  5.3 3  3.6  79    0    0 239 -315  1
3797500 2746500  1 19  6   2.8 1004 163  5.3 3  3.6  78    0    0 234 -315  1
3797500 2746500  1 19  7   2.7 1003 160  5.4 2  3.6  78    0    0 233 -316  1
3797500 2746500  1 19  8   3.2 1002 165  5.4 5  3.6  77    0    0 242 -316  1
3797500 2746500  1 19  9   3.4 1001 161  5.5 5  3.6  75    0    3 257 -317  1
3797500 2746500  1 19 10   4.0 1000 153  5.0 6  3.7  73    2   40 263 -319  1
3797500 2746500  1 19 11   4.8  999 171  3.7 7  3.7  71   27   85 276 -321  1
3797500 2746500  1 19 12   5.7  998 156  7.0 6  3.8  69   70  109 279 -324  1
3797500 2746500  1 19 13   5.6  997 169  7.0 7  3.8  67   28  120 282 -329  1
3797500 2746500  1 19 14   6.4  996 171  6.1 6  3.8  65   14  106 286 -334  1
3797500 2746500  1 19 15   6.6  995 175  4.0 8  3.9  63    0   48 296 -334  1
3797500 2746500  1 19 16   5.9  995 187  5.0 8  4.0  67    0   23 305 -332  1
3797500 2746500  1 19 17   5.9  996 175  4.8 7  4.3  73    0    3 305 -330  1
3797500 2746500  1 19 18   6.4  996 205  4.2 6  4.6  77    0    0 303 -329  1
3797500 2746500  1 19 19   6.9  996 224  5.3 7  4.8  78    0    0 307 -328  1
3797500 2746500  1 19 20   6.9  997 224  5.3 7  4.9  78    0    0 314 -328  1
3797500 2746500  1 19 21   7.0  998 223  4.7 7  4.9  78    0    0 316 -328  1
3797500 2746500  1 19 22   6.9  999 224  4.6 8  4.9  78    0    0 321 -328  1
3797500 2746500  1 19 23   7.4  999 213  4.1 7  4.9  77    0    0 323 -328  1
3797500 2746500  1 19 24   6.7  999 195  3.2 7  4.8  76    0    0 319 -326  1
3797500 2746500  1 20  1   6.6  999 177  3.8 5  4.7  76    0    0 309 -325  1
3797500 2746500  1 20  2   6.4  998 205  3.6 5  4.9  80    0    0 300 -325  1
3797500 2746500  1 20  3   6.7  998 206  3.4 5  5.0  81    0    0 300 -326  1
3797500 2746500  1 20  4   6.9  999 216  3.7 6  5.0  80    0    0 306 -326  1
3797500 2746500  1 20  5   6.8  999 214  3.7 6  5.0  81    0    0 312 -326  1
3797500 2746500  1 20  6   6.8  999 206  3.5 7  5.0  81    0    0 318 -327  1
3797500 2746500  1 20  7   7.0  999 186  2.9 7  5.0  79    0    0 324 -328  1
3797500 2746500  1 20  8   6.8  999 194  2.5 6  4.9  78    0    0 319 -328  1
3797500 2746500  1 20  9   6.6  999 174  3.7 6  4.8  77    0    7 311 -329  1
3797500 2746500  1 20 10   7.2  998 175  4.3 7  4.8  76    4   46 315 -329  1
3797500 2746500  1 20 11   7.7  998 174  4.3 6  4.9  75   22   95 313 -331  1
3797500 2746500  1 20 12   8.7  998 164  5.0 4  5.0  73  103  123 298 -334  1
3797500 2746500  1 20 13   8.6  997 185  5.4 5  5.1  72   80  141 293 -338  1
3797500 2746500  1 20 14   9.1  996 174  4.2 6  5.2  72   15  116 301 -340  1
3797500 2746500  1 20 15   9.2  996 164  4.8 6  5.3  72   46  103 306 -342  1
3797500 2746500  1 20 16   9.0  995 164  5.0 7  5.2  71    9   53 311 -341  1
3797500 2746500  1 20 17   8.9  994 163  4.5 7  5.2  72    0    7 315 -339  1
3797500 2746500  1 20 18   8.7  993 163  5.0 7  5.1  72    0    0 316 -337  1
3797500 2746500  1 20 19   8.8  993 162  5.6 7  5.0  70    0    0 316 -336  1
3797500 2746500  1 20 20   8.5  992 172  4.8 7  5.0  70    0    0 318 -336  1
3797500 2746500  1 20 21   7.7  991 162  5.4 7  5.1  74    0    0 319 -335  1
3797500 2746500  1 20 22   7.6  991 160  5.8 7  5.2  78    0    0 320 -334  1
3797500 2746500  1 20 23   7.3  990 160  5.7 7  5.1  78    0    0 321 -333  1
3797500 2746500  1 20 24   7.1  990 160  5.0 8  5.2  80    0    0 325 -333  1
3797500 2746500  1 21  1   6.5  990 170  4.3 7  5.3  84    0    0 325 -333  1
3797500 2746500  1 21  2   6.7  990 160  3.8 8  5.3  85    0    0 326 -333  1
3797500 2746500  1 21  3   6.7  989 161  4.2 6  5.3  84    0    0 323 -334  1
3797500 2746500  1 21  4   6.9  988 171  3.9 7  5.2  83    0    0 320 -334  1
3797500 2746500  1 21  5   7.1  988 162  3.7 7  5.2  81    0    0 324 -334  1
3797500 2746500  1 21  6   7.3  987 170  3.3 7  5.2  80    0    0 324 -334  1
3797500 2746500  1 21  7   7.6  987 181  3.7 7  5.2  79    0    0 325 -335  1
3797500 2746500  1 21  8   7.8  987 181  2.9 6  5.2  77    0    0 321 -335  1
3797500 2746500  1 21  9   7.8  986 171  3.2 6  5.2  77    0    3 315 -336  1
3797500 2746500  1 21 10   8.0  986 171  3.0 7  5.2  77    0   34 318 -336  1
3797500 2746500  1 21 11   8.1  987 171  3.4 6  5.2  76    4   83 317 -337  1
3797500 2746500  1 21 12   8.3  986 162  4.3 6  5.3  76    1   94 310 -341  1
3797500 2746500  1 21 13   7.9  986 159  4.3 7  5.4  78    0   76 314 -345  1
3797500 2746500  1 21 14   8.2  985 160  4.6 8  5.5  79    0   57 323 -347  1
3797500 2746500  1 21 15   7.7  985 149  3.8 8  5.5  80    0   66 328 -347  1
3797500 2746500  1 21 16   7.7  984 148  4.6 8  5.5  81    0   36 327 -346  1
3797500 2746500  1 21 17   7.7  984 149  4.1 6  5.3  79    2   15 316 -341  1
3797500 2746500  1 21 18   7.2  984 151  4.2 4  5.2  79    0    0 294 -337  1
3797500 2746500  1 21 19   6.7  984 153  3.8 2  5.1  80    0    0 272 -334  1
3797500 2746500  1 21 20   6.8  984 152  4.9 2  5.0  80    0    0 258 -334  1
3797500 2746500  1 21 21   6.8  984 159  4.7 4  4.9  77    0    0 261 -333  1
3797500 2746500  1 21 22   7.0  984 150  5.6 3  4.8  75    0    0 257 -333  1
3797500 2746500  1 21 23   7.0  984 154  5.5 3  4.7  74    0    0 235 -335  1
3797500 2746500  1 21 24   6.8  983 156  3.9 5  4.7  74    0    0 247 -336  1
3797500 2746500  1 22  1   6.5  983 150  3.7 3  4.8  76    0    0 248 -336  1
3797500 2746500  1 22  2   7.0  983 160  4.0 4  4.8  77    0    0 246 -337  1
3797500 2746500  1 22  3   7.3  983 152  4.7 5  4.9  76    0    0 273 -338  1
3797500 2746500  1 22  4   7.6  983 152  4.7 6  4.9  75    0    0 291 -338  1
3797500 2746500  1 22  5   7.1  983 161  4.4 6  5.0  76    0    0 300 -338  1
3797500 2746500  1 22  6   6.8  983 165  3.9 8  5.2  81    0    0 316 -338  1
3797500 2746500  1 22  7   6.9  983 184  2.5 6  5.3  83    0    0 314 -338  1
3797500 2746500  1 22  8   7.0  984 193  2.9 7  5.1  80    0    0 305 -338  1
3797500 2746500  1 22  9   6.9  984 172  2.5 7  5.0  78    0    6 314 -337  1
3797500 2746500  1 22 10   7.4  985 184  3.0 8  5.0  77    0   41 322 -337  1
3797500 2746500  1 22 11   7.4  985 200  3.4 8  5.0  76    1   69 329 -340  1
3797500 2746500  1 22 12   7.5  986 205  3.7 7  5.0  76    0   83 323 -343  1
3797500 2746500  1 22 13   8.4  986 208  3.9 7  5.0  73    0   61 316 -344  1
3797500 2746500  1 22 14   8.5  987 206  4.7 7  4.8  68    0   51 316 -346  1
3797500 2746500  1 22 15   8.6  987 207  3.9 8  4.8  67    0   41 323 -346  1
3797500 2746500  1 22 16   7.0  987 236  3.5 8  5.0  74    3   47 330 -346  1
3797500 2746500  1 22 17   6.1  988 230  3.4 7  5.1  83    8   17 319 -345  1
3797500 2746500  1 22 18   6.1  989 202  3.0 7  5.0  84    0    0 311 -343  1
3797500 2746500  1 22 19   5.9  990 214  3.0 7  5.0  84    0    0 310 -341  1
3797500 2746500  1 22 20   6.5  991 196  2.9 7  5.1  84    0    0 311 -340  1
3797500 2746500  1 22 21   6.6  991 207  2.7 6  5.1  83    0    0 305 -340  1
3797500 2746500  1 22 22   6.3  992 211  3.3 7  5.1  84    0    0 304 -339  1
3797500 2746500  1 22 23   6.4  993 239  3.7 7  5.2  86    0    0 310 -339  1
3797500 2746500  1 22 24   6.1  994 233  2.4 8  5.3  88    0    0 319 -339  1
3797500 2746500  1 23  1   6.2  995 255  3.5 8  5.4  90    0    0 329 -338  1
3797500 2746500  1 23  2   6.2  996 262  3.4 8  5.4  90    0    0 330 -338  1
3797500 2746500  1 23  3   5.9  997 247  3.4 8  5.3  90    0    0 331 -338  1
3797500 2746500  1 23  4   6.1  998 233  3.5 7  5.3  90    0    0 320 -338  1
3797500 2746500  1 23  5   5.8  999 231  3.3 7  5.3  90    0    0 309 -338  1
3797500 2746500  1 23  6   5.9 1000 244  3.7 8  5.2  89    0    0 322 -336  1
3797500 2746500  1 23  7   5.6 1000 245  3.3 8  5.1  89    0    0 333 -336  1
3797500 2746500  1 23  8   6.0 1001 251  3.3 8  5.2  89    0    0 335 -336  1
3797500 2746500  1 23  9   6.5 1002 258  3.1 8  5.3  88    0    8 336 -337  1
3797500 2746500  1 23 10   6.7 1003 279  2.3 8  5.4  87    0   33 336 -338  1
3797500 2746500  1 23 11   6.8 1005 298  2.6 8  5.5  88    0   38 337 -339  1
3797500 2746500  1 23 12   7.0 1006 289  2.8 7  5.5  88    0   36 332 -339  1
3797500 2746500  1 23 13   7.0 1007 308  3.5 8  5.5  87    0   27 331 -337  1
3797500 2746500  1 23 14   6.8 1008 308  4.1 8  5.4  86    0   26 336 -337  1
3797500 2746500  1 23 15   6.9 1009 326  3.9 8  5.2  85    0   24 334 -336  1
3797500 2746500  1 23 16   7.0 1010 324  4.4 7  5.2  83    0   22 326 -332  1
3797500 2746500  1 23 17   6.7 1012 336  4.8 8  5.1  83    0    7 324 -327  1
3797500 2746500  1 23 18   6.6 1013 337  4.7 8  5.0  83    0    0 328 -321  1
3797500 2746500  1 23 19   5.9 1015 357  5.3 8  5.0  84    0    0 326 -318  1
3797500 2746500  1 23 20   5.9 1017 346  4.4 8  4.9  84    0    0 325 -319  1
3797500 2746500  1 23 21   5.2 1018 347  5.4 8  4.5  80    0    0 323 -320  1
3797500 2746500  1 23 22   4.1 1020 335  4.4 6  4.0  76    0    0 306 -320  1
3797500 2746500  1 23 23   3.6 1021 357  4.3 7  3.7  75    0    0 297 -319  1
3797500 2746500  1 23 24   3.1 1023 349  3.9 7  3.5  73    0    0 299 -319  1
3797500 2746500  1 24  1   3.1 1024 345  3.2 8  3.4  72    0    0 303 -318  1
3797500 2746500  1 24  2   3.3 1025 337  2.8 7  3.3  71    0    0 304 -317  1
3797500 2746500  1 24  3   3.1 1026 333  2.5 7  3.4  72    0    0 299 -316  1
3797500 2746500  1 24  4   3.2 1027 325  2.7 6  3.5  75    0    0 294 -315  1
3797500 2746500  1 24  5   2.9 1027 338  2.8 5  3.6  78    0    0 282 -312  1
3797500 2746500  1 24  6   2.5 1028 339  2.2 6  3.5  78    0    0 281 -311  1
3797500 2746500  1 24  7   1.8 1028 317  1.8 4  3.4  79    0    0 273 -310  1
3797500 2746500  1 24  8   1.6 1029 286  1.6 4  3.5  83    0    0 261 -310  1
3797500 2746500  1 24  9   1.7 1029 311  1.4 5  3.6  85    0    8 266 -310  1
3797500 2746500  1 24 10   2.0 1030 318  1.2 4  3.6  84   28   53 267 -311  1
3797500 2746500  1 24 11   2.7 1030 217  0.5 4  3.7  83   88   83 263 -313  1
3797500 2746500  1 24 12   4.2 1031 268  1.2 3  3.8  79  132  101 261 -315  1
3797500 2746500  1 24 13   4.5 1031 336  2.0 5  3.6  71   24  125 268 -316  1
3797500 2746500  1 24 14   4.9 1031   5  1.6 4  3.3  64   24  118 273 -318  1
3797500 2746500  1 24 15   5.6 1031 280  1.2 1  3.3  61  146   67 252 -320  1
3797500 2746500  1 24 16   5.6 1031 249  2.1 2  3.4  62   92   44 243 -318  1
3797500 2746500  1 24 17   4.4 1031 239  1.5 2  3.5  66   25   18 248 -316  1
3797500 2746500  1 24 18   3.1 1031 248  1.8 2  3.4  70    0    0 244 -316  1
3797500 2746500  1 24 19   2.8 1031 201  1.3 2  3.4  73    0    0 242 -315  1
3797500 2746500  1 24 20   2.5 1031 180  1.8 1  3.3  74    0    0 235 -314  1
3797500 2746500  1 24 21   2.0 1031 180  1.5 0  3.3  75    0    0 222 -314  1
3797500 2746500  1 24 22   2.0 1031 190  1.6 0  3.3  76    0    0 215 -314  1
3797500 2746500  1 24 23   1.9 1031 191  2.0 0  3.2  75    0    0 216 -314  1
3797500 2746500  1 24 24   2.0 1031 191  2.1 0  3.2  74    0    0 216 -314  1
3797500 2746500  1 25  1   1.7 1030 183  1.7 3  3.2  74    0    0 231 -314  1
3797500 2746500  1 25  2   1.7 1030 183  1.8 2  3.2  75    0    0 243 -315  1
3797500 2746500  1 25  3   1.2 1030 185  1.4 1  3.1  76    0    0 232 -314  1
3797500 2746500  1 25  4   0.9 1029 195  1.4 1  3.1  78    0    0 226 -314  1
3797500 2746500  1 25  5   0.9 1029 194  2.4 2  3.1  78    0    0 233 -314  1
3797500 2746500  1 25  6   0.9 1029 201  1.6 2  3.1  78    0    0 239 -314  1
3797500 2746500  1 25  7   0.9 1028 192  1.7 1  3.1  78    0    0 232 -314  1
3797500 2746500  1 25  8   0.8 1028 182  1.7 1  3.1  77    0    0 226 -314  1
3797500 2746500  1 25  9   1.1 1027 173  2.2 1  3.0  76    0   10 226 -314  1
3797500 2746500  1 25 10   1.6 1027 183  2.4 4  3.1  74   35   55 241 -314  1
3797500 2746500  1 25 11   2.3 1027 203  2.4 4  3.1  72   66   93 258 -315  1
3797500 2746500  1 25 12   3.7 1027 215  3.3 3  3.3  70  162   94 256 -318  1
3797500 2746500  1 25 13   4.4 1026 204  3.8 2  3.4  69  224   84 250 -322  1
3797500 2746500  1 25 14   5.6 1025 213  4.0 2  3.5  65  214   79 249 -324  1
3797500 2746500  1 25 15   6.0 1023 204  4.3 1  3.3  58  178   66 245 -326  1
3797500 2746500  1 25 16   5.8 1022 211  4.3 1  3.1  54   83   53 241 -329  1
3797500 2746500  1 25 17   5.8 1022 212  4.1 7  3.2  56    4   17 271 -329  1
3797500 2746500  1 25 18   4.6 1021 224  4.2 8  3.6  66    0    0 307 -330  1
3797500 2746500  1 25 19   4.2 1021 221  3.7 8  4.0  78    0    0 312 -330  1
3797500 2746500  1 25 20   4.6 1021 212  2.8 8  4.2  82    0    0 314 -330  1
3797500 2746500  1 25 21   5.0 1021 223  2.7 6  4.4  83    0    0 306 -330  1
3797500 2746500  1 25 22   5.3 1021 219  2.6 8  4.5  84    0    0 307 -329  1
3797500 2746500  1 25 23   5.3 1021 233  1.4 8  4.6  84    0    0 319 -330  1
3797500 2746500  1 25 24   5.4 1022 233  1.7 8  4.7  84    0    0 319 -330  1
3797500 2746500  1 26  1   5.2 1022 241  2.6 8  4.7  86    0    0 318 -330  1
3797500 2746500  1 26  2   5.0 1022 253  2.5 7  4.8  88    0    0 312 -331  1
3797500 2746500  1 26  3   4.6 1022 221  2.0 5  4.7  88    0    0 293 -330  1
3797500 2746500  1 26  4   4.4 1022 244  2.7 7  4.6  88    0    0 293 -330  1
3797500 2746500  1 26  5   4.5 1022 245  1.8 8  4.6  89    0    0 312 -329  1
3797500 2746500  1 26  6   3.7 1022 232  2.0 8  4.6  91    0    0 320 -327  1
3797500 2746500  1 26  7   3.6 1022 220  1.8 8  4.6  94    0    0 321 -327  1
3797500 2746500  1 26  8   4.4 1022 219  1.9 7  4.6  92    0    0 316 -326  1
3797500 2746500  1 26  9   4.3 1022 219  2.5 7  4.6  90    0    9 310 -326  1
3797500 2746500  1 26 10   4.0 1022 223  3.3 8  4.6  91    4   50 316 -328  1
3797500 2746500  1 26 11   4.2 1022 232  3.1 8  4.6  92    3   77 326 -331  1
3797500 2746500  1 26 12   4.5 1022 223  3.2 8  4.7  92    0   54 329 -335  1
3797500 2746500  1 26 13   5.3 1022 222  3.3 8  4.9  91    0   72 332 -336  1
3797500 2746500  1 26 14   5.5 1022 221  4.0 8  5.0  90    0   70 332 -337  1
3797500 2746500  1 26 15   5.8 1021 221  4.6 8  4.9  87    0   56 334 -337  1
3797500 2746500  1 26 16   5.9 1020 230  4.1 7  4.8  85    0   39 326 -337  1
3797500 2746500  1 26 17   5.5 1020 231  3.9 8  4.9  87    1   17 327 -336  1
3797500 2746500  1 26 18   5.4 1020 229  4.8 8  5.0  89    0    0 335 -336  1
3797500 2746500  1 26 19   5.4 1020 218  5.0 8  4.9  89    0    0 335 -336  1
3797500 2746500  1 26 20   5.3 1019 201  4.5 8  4.9  89    0    0 336 -337  1
3797500 2746500  1 26 21   5.0 1019 220  4.2 8  4.9  90    0    0 337 -338  1
3797500 2746500  1 26 22   5.2 1018 210  4.0 8  4.9  91    0    0 337 -340  1
3797500 2746500  1 26 23   5.5 1018 208  3.7 8  5.1  92    0    0 339 -342  1
3797500 2746500  1 26 24   5.9 1018 209  3.6 8  5.3  93    0    0 341 -345  1
3797500 2746500  1 27  1   6.2 1017 200  2.9 8  5.4  93    0    0 343 -349  1
3797500 2746500  1 27  2   6.5 1017 208  2.5 8  5.6  94    0    0 345 -352  1
3797500 2746500  1 27  3   6.7 1017 201  1.9 8  5.6  93    0    0 347 -353  1
3797500 2746500  1 27  4   7.1 1017 220  1.6 7  5.8  94    0    0 342 -354  1
3797500 2746500  1 27  5   8.2 1017 239  1.6 8  6.1  94    0    0 345 -355  1
3797500 2746500  1 27  6   8.6 1017 249  1.5 8  6.4  93    0    0 354 -355  1
3797500 2746500  1 27  7   9.1 1018 257  1.8 8  6.5  93    0    0 357 -355  1
3797500 2746500  1 27  8   9.1 1018 258  1.6 8  6.6  92    0    0 357 -355  1
3797500 2746500  1 27  9   9.1 1018 256  2.1 8  6.7  93    0    6 358 -354  1
3797500 2746500  1 27 10   9.2 1019 246  2.6 8  6.7  94    5   38 358 -354  1
3797500 2746500  1 27 11   9.1 1019 258  2.6 8  6.7  94    0   50 358 -353  1
3797500 2746500  1 27 12   9.4 1019 258  2.2 7  6.9  95    0   46 352 -353  1
3797500 2746500  1 27 13   9.5 1019 259  2.6 8  7.0  96    0   50 353 -354  1
3797500 2746500  1 27 14   9.4 1019 259  2.4 8  7.1  97    0   41 359 -354  1
3797500 2746500  1 27 15   9.4 1018 259  2.4 8  7.1  97    0   44 359 -354  1
3797500 2746500  1 27 16   9.3 1017 259  3.2 8  7.1  97    0   34 359 -354  1
3797500 2746500  1 27 17   9.1 1017 240  3.3 8  6.9  95    0   13 358 -354  1
3797500 2746500  1 27 18   9.4 1016 246  3.7 7  6.8  94    0    0 352 -354  1
3797500 2746500  1 27 19   9.2 1016 241  4.8 8  6.8  94    0    0 351 -354  1
3797500 2746500  1 27 20   9.1 1016 240  4.2 7  6.7  92    0    0 351 -354  1
3797500 2746500  1 27 21   9.0 1015 240  4.0 8  6.6  92    0    0 349 -354  1
3797500 2746500  1 27 22   9.3 1014 229  3.2 8  6.6  92    0    0 357 -354  1
3797500 2746500  1 27 23   9.9 1013 229  2.9 8  6.8  91    0    0 358 -354  1
3797500 2746500  1 27 24  10.2 1012 250  4.8 8  6.8  89    0    0 358 -353  1
3797500 2746500  1 28  1   9.6 1011 250  4.8 8  6.7  88    0    0 358 -352  1
3797500 2746500  1 28  2   9.2 1010 253  4.3 8  6.6  90    0    0 354 -350  1
3797500 2746500  1 28  3   9.0 1009 249  4.8 8  6.6  91    0    0 351 -347  1
3797500 2746500  1 28  4   8.2 1008 275  4.9 8  6.3  91    0    0 348 -343  1
3797500 2746500  1 28  5   7.1 1007 288  3.9 8  5.5  84    0    0 344 -338  1
3797500 2746500  1 28  6   6.5 1007 270  4.2 7  4.7  75    0    0 331 -333  1
3797500 2746500  1 28  7   6.4 1007 280  4.3 7  4.4  73    0    0 320 -328  1
3797500 2746500  1 28  8   5.9 1007 279  4.1 7  4.2  72    0    0 313 -326  1
3797500 2746500  1 28  9   5.6 1008 261  4.5 7  4.1  72    0    6 307 -327  1
3797500 2746500  1 28 10   5.4 1008 260  4.8 7  4.2  75    1   48 305 -328  1
3797500 2746500  1 28 11   5.6 1008 261  5.9 7  4.2  75    0   48 303 -329  1
3797500 2746500  1 28 12   5.6 1007 257  6.4 7  4.2  74    0   39 301 -330  1
3797500 2746500  1 28 13   6.0 1007 263  6.5 7  4.1  72    0   44 299 -332  1
3797500 2746500  1 28 14   6.3 1006 258  6.7 7  4.1  69    0   43 300 -335  1
3797500 2746500  1 28 15   6.1 1005 251  5.8 7  4.1  69    0   35 301 -335  1
3797500 2746500  1 28 16   5.7 1004 249  5.3 7  4.2  72    0   15 300 -335  1
3797500 2746500  1 28 17   5.7 1003 248  6.7 7  4.2  74    0    6 299 -334  1
3797500 2746500  1 28 18   4.9 1001 238  5.1 8  4.3  76    0    0 302 -332  1
3797500 2746500  1 28 19   5.0  999 230  4.9 7  4.3  79    0    0 303 -331  1
3797500 2746500  1 28 20   2.7  998 257  4.3 7  4.2  82    0    0 297 -330  1
3797500 2746500  1 28 21   2.6  997 240  4.7 6  4.0  87    0    0 290 -329  1
3797500 2746500  1 28 22   2.5  997 232  3.2 7  4.0  87    0    0 291 -328  1
3797500 2746500  1 28 23   2.4  996 231  3.9 7  4.0  88    0    0 298 -327  1
3797500 2746500  1 28 24   2.8  995 239  4.8 7  4.0  87    0    0 299 -327  1
3797500 2746500  1 29  1   3.1  994 238  4.2 6  4.1  86    0    0 296 -327  1
3797500 2746500  1 29  2   3.1  993 239  4.5 6  4.2  88    0    0 292 -327  1
3797500 2746500  1 29  3   3.0  992 239  4.4 7  4.4  91    0    0 297 -327  1
3797500 2746500  1 29  4   3.0  991 249  5.8 8  4.4  91    0    0 308 -327  1
3797500 2746500  1 29  5   3.0  991 257  4.7 8  4.4  90    0    0 314 -326  1
3797500 2746500  1 29  6   3.2  991 268  4.5 7  4.4  90    0    0 307 -326  1
3797500 2746500  1 29  7   3.4  991 250  4.1 7  4.4  90    0    0 301 -326  1
3797500 2746500  1 29  8   3.3  990 250  4.3 8  4.4  89    0    0 308 -326  1
3797500 2746500  1 29  9   2.2  990 233  4.2 8  4.3  91    0    3 313 -326  1
3797500 2746500  1 29 10   3.0  990 243  3.7 8  4.4  93    0   15 311 -327  1
3797500 2746500  1 29 11   3.4  989 242  4.1 8  4.5  92    0   30 312 -328  1
3797500 2746500  1 29 12   3.7  990 238  2.6 8  4.5  89    0   37 312 -329  1
3797500 2746500  1 29 13   3.5  990 252  3.2 8  4.4  87    0   41 309 -331  1
3797500 2746500  1 29 14   2.9  990 301  2.1 8  4.3  89    0   39 307 -334  1
3797500 2746500  1 29 15   3.3  990 349  3.5 7  4.4  92    0   65 298 -335  1
3797500 2746500  1 29 16   3.3  991 347  3.3 7  4.5  91    3   53 290 -333  1
3797500 2746500  1 29 17   4.0  992 340  3.6 6  4.3  86    3   20 282 -330  1
3797500 2746500  1 29 18   3.6  993 334  3.7 6  4.2  83    0    0 273 -328  1
3797500 2746500  1 29 19   3.1  994 337  3.4 7  4.1  84    0    0 275 -327  1
3797500 2746500  1 29 20   3.1  994 337  3.7 7  4.1  84    0    0 281 -325  1
3797500 2746500  1 29 21   3.1  995 337  3.0 7  3.9  81    0    0 282 -322  1
3797500 2746500  1 29 22   3.1  996 304  1.7 8  3.8  80    0    0 291 -318  1
3797500 2746500  1 29 23   2.4  996 263  1.6 8  3.9  84    0    0 299 -316  1
3797500 2746500  1 29 24   1.6  996 289  1.4 7  4.0  89    0    0 289 -316  1
3797500 2746500  1 30  1   2.2  996 317  2.9 8  4.0  90    0    0 288 -316  1
3797500 2746500  1 30  2   2.2  996 307  4.0 8  4.0  88    0    0 296 -315  1
3797500 2746500  1 30  3   1.7  996 303  3.5 8  3.9  88    0    0 293 -314  1
3797500 2746500  1 30  4   1.7  996 309  3.4 8  3.8  87    0    0 291 -313  1
3797500 2746500  1 30  5   1.4  995 261  2.6 7  3.7  87    0    0 278 -313  1
3797500 2746500  1 30  6   1.3  995 259  3.7 7  3.7  87    0    0 266 -314  1
3797500 2746500  1 30  7   1.1  994 271  2.9 7  3.6  86    0    0 263 -314  1
3797500 2746500  1 30  8   0.9  994 262  3.0 7  3.6  86    0    0 259 -313  1
3797500 2746500  1 30  9   0.8  993 253  3.4 7  3.5  86    0   10 261 -313  1
3797500 2746500  1 30 10   0.6  993 257  4.4 8  3.5  87    1   46 272 -314  1
3797500 2746500  1 30 11   0.5  993 265  3.9 7  3.5  87   10   92 272 -315  1
3797500 2746500  1 30 12   0.7  993 260  4.3 7  3.5  86   31  135 264 -316  1
3797500 2746500  1 30 13   1.5  992 259  3.8 8  3.4  82   16  134 275 -316  1
3797500 2746500  1 30 14   1.4  992 265  3.2 7  3.5  80   17  128 277 -317  1
3797500 2746500  1 30 15   1.5  991 251  3.4 5  3.4  79   22  109 253 -318  1
3797500 2746500  1 30 16   1.9  991 254  3.9 5  3.3  76   16   66 237 -317  1
3797500 2746500  1 30 17   1.4  991 248  2.8 3  3.3  77    7   22 224 -316  1
3797500 2746500  1 30 18   1.0  992 251  2.6 6  3.4  80    0    0 230 -316  1
3797500 2746500  1 30 19   0.5  992 245  2.1 8  3.4  84    0    0 261 -314  1
3797500 2746500  1 30 20  -0.5  993 226  4.4 7  3.3  86    0    0 269 -311  1
3797500 2746500  1 30 21  -1.2  994 266  4.9 7  3.2  87    0    0 260 -307  1
3797500 2746500  1 30 22  -1.8  995 302  5.5 7  3.0  86    0    0 251 -305  1
3797500 2746500  1 30 23  -2.1  997 312  4.9 7  2.8  86    0    0 249 -304  1
3797500 2746500  1 30 24  -2.5  998 255  4.2 7  2.8  85    0    0 252 -302  1
3797500 2746500  1 31  1  -2.6 1016 181  3.2 7  2.7  87    0    0 229 -291  1
3797500 2746500  1 31  2  -2.7 1016 119  2.3 7  2.8  88    0    0 244 -290  1
3797500 2746500  1 31  3  -2.7 1016  64  1.5 7  2.8  90    0    0 244 -288  1
3797500 2746500  1 31  4  -2.8 1017  56  1.3 7  2.8  90    0    0 244 -287  1
3797500 2746500  1 31  5  -2.8 1017  52  1.4 7  2.8  90    0    0 248 -286  1
3797500 2746500  1 31  6  -3.0 1017  51  0.9 7  2.8  90    0    0 243 -285  1
3797500 2746500  1 31  7  -3.1 1017  43  1.5 8  2.7  90    0    0 242 -284  1
3797500 2746500  1 31  8  -3.4 1018 356  1.5 7  2.7  90    0    0 239 -283  1
3797500 2746500  1 31  9  -3.3 1018 321  1.2 7  2.7  91    0    7 235 -282  1
3797500 2746500  1 31 10  -3.4 1019 356  1.3 8  2.7  92    0   39 235 -283  1
3797500 2746500  1 31 11  -3.4 1019 169  1.0 8  2.7  92    0   48 236 -288  1
3797500 2746500  1 31 12  -3.6 1019  61  1.0 7  2.7  94    0   53 235 -296  1
3797500 2746500  1 31 13  -3.4 1020   7  1.2 7  2.7  94    0   53 229 -304  1
3797500 2746500  1 31 14  -3.5 1019 358  1.3 7  2.7  94    0   60 227 -309  1
3797500 2746500  1 31 15  -2.9 1019 204  0.9 7  2.8  93    0   56 229 -311  1
3797500 2746500  1 31 16  -2.7 1019 359  1.2 7  2.8  90    0   38 232 -310  1
3797500 2746500  1 31 17  -2.7 1019 347  1.4 8  2.7  88    0   14 236 -306  1
3797500 2746500  1 31 18  -2.7 1020   4  1.4 8  2.7  87    0    0 241 -300  1
3797500 2746500  1 31 19  -3.0 1020  93  1.7 8  2.7  88    0    0 243 -294  1
3797500 2746500  1 31 20  -2.9 1020 127  1.5 8  2.7  89    0    0 245 -290  1
3797500 2746500  1 31 21  -3.1 1020 246  1.2 8  2.7  90    0    0 244 -287  1
3797500 2746500  1 31 22  -3.1 1020 213  1.2 8  2.7  90    0    0 242 -283  1
3797500 2746500  1 31 23  -3.4 1020 161  1.8 8  2.6  89    0    0 239 -283  1
3797500 2746500  1 31 24  -3.8 1019 183  1.7 8  2.6  89    0    0 237 -284  1
3797500 2746500  2  1  1  -3.8 1019 197  1.7 8  2.5  88    0    0 235 -285  1
3797500 2746500  2  1  2  -4.0 1019 186  1.7 8  2.5  89    0    0 236 -285  1
3797500 2746500  2  1  3  -4.1 1019 225  2.1 8  2.6  92    0    0 236 -285  1
3797500 2746500  2  1  4  -4.2 1019 187  2.0 8  2.6  93    0    0 235 -285  1
3797500 2746500  2  1  5  -4.3 1019 204  2.0 8  2.5  92    0    0 235 -285  1
3797500 2746500  2  1  6  -4.3 1019 214  1.9 8  2.6  93    0    0 233 -285  1
3797500 2746500  2  1  7  -4.3 1019 222  2.4 8  2.6  94    0    0 231 -284  1
3797500 2746500  2  1  8  -4.1 1019 213  2.6 8  2.6  96    0    0 230 -284  1
3797500 2746500  2  1  9  -4.2 1019 222  2.5 8  2.7  96    0    9 227 -285  1
3797500 2746500  2  1 10  -4.3 1019 224  3.6 8  2.6  96    0   43 223 -286  1
3797500 2746500  2  1 11  -3.8 1019 224  3.8 7  2.6  94    0   56 222 -291  1
3797500 2746500  2  1 12  -3.8 1020 226  3.8 7  2.6  91    0   63 220 -297  1
3797500 2746500  2  1 13  -3.5 1019 233  3.2 7  2.6  92    0   58 223 -303  1
3797500 2746500  2  1 14  -3.6 1019 224  3.8 8  2.6  90    0   73 226 -308  1
3797500 2746500  2  1 15  -2.8 1020 213  2.7 7  2.6  86    0   69 228 -310  1
3797500 2746500  2  1 16  -2.5 1020 214  2.6 7  2.7  86    0   35 232 -310  1
3797500 2746500  2  1 17  -1.8 1019 225  3.5 8  2.8  86    0   10 241 -307  1
3797500 2746500  2  1 18  -1.8 1019 232  3.9 8  2.9  88    0    0 251 -304  1
3797500 2746500  2  1 19  -1.7 1020 213  3.3 8  3.0  90    0    0 257 -302  1
3797500 2746500  2  1 20  -1.6 1020 213  3.5 8  3.1  92    0    0 262 -303  1
3797500 2746500  2  1 21  -1.7 1020 215  4.1 8  3.2  95    0    0 270 -306  1
3797500 2746500  2  1 22  -1.7 1020 215  3.3 8  3.2  96    0    0 275 -309  1
3797500 2746500  2  1 23  -1.4 1021 224  3.0 8  3.2  96    0    0 280 -310  1
3797500 2746500  2  1 24  -1.0 1021 215  3.0 8  3.3  95    0    0 285 -311  1
3797500 2746500  2  2  1  -0.5 1021 222  2.8 8  3.4  95    0    0 291 -311  1
3797500 2746500  2  2  2  -0.3 1021 211  2.7 8  3.5  95    0    0 295 -312  1
3797500 2746500  2  2  3   0.0 1022 212  2.0 8  3.5  95    0    0 299 -312  1
3797500 2746500  2  2  4   0.0 1022 208  1.8 8  3.6  96    0    0 302 -313  1
3797500 2746500  2  2  5   0.4 1022 208  1.8 8  3.7  97    0    0 306 -313  1
3797500 2746500  2  2  6   0.5 1022 201  2.3 7  3.8  97    0    0 304 -313  1
3797500 2746500  2  2  7   0.8 1022 209  2.4 8  3.8  97    0    0 306 -314  1
3797500 2746500  2  2  8   0.8 1023 200  2.5 8  3.8  96    0    0 310 -314  1
3797500 2746500  2  2  9   1.0 1023 210  3.1 8  3.9  96    0    9 309 -314  1
3797500 2746500  2  2 10   1.2 1023 209  3.0 7  3.9  95    0   43 304 -314  1
3797500 2746500  2  2 11   1.1 1023 210  3.0 7  3.9  96    0   49 297 -315  1
3797500 2746500  2  2 12   1.7 1023 211  3.4 7  4.0  97    0   66 297 -317  1
3797500 2746500  2  2 13   2.3 1023 215  4.3 7  4.0  93    0   60 298 -319  1
3797500 2746500  2  2 14   2.1 1023 212  4.9 7  4.0  92    0   66 296 -321  1
3797500 2746500  2  2 15   1.9 1022 214  4.1 8  4.0  93    0   58 300 -322  1
3797500 2746500  2  2 16   1.9 1022 204  2.7 8  4.0  92    0   39 303 -322  1
3797500 2746500  2  2 17   2.0 1021 205  2.6 8  3.9  90    0   22 303 -321  1
3797500 2746500  2  2 18   1.6 1021 185  3.4 8  3.8  88    0    0 302 -320  1
3797500 2746500  2  2 19   1.5 1021 212  3.1 8  3.7  88    0    0 303 -319  1
3797500 2746500  2  2 20   1.7 1020 211  3.3 8  3.7  87    0    0 304 -319  1
3797500 2746500  2  2 21   1.3 1020 203  3.3 7  3.6  86    0    0 299 -319  1
3797500 2746500  2  2 22   1.3 1020 212  4.5 7  3.6  87    0    0 295 -319  1
3797500 2746500  2  2 23   1.9 1020 214  4.9 8  3.6  86    0    0 303 -319  1
3797500 2746500  2  2 24   1.7 1019 215  4.8 8  3.7  86    0    0 311 -320  1
3797500 2746500  2  3  1   1.5 1019 199  4.7 8  3.7  87    0    0 313 -321  1
3797500 2746500  2  3  2   2.2 1018 197  4.7 8  3.7  87    0    0 315 -323  1
3797500 2746500  2  3  3   2.7 1018 215  5.0 8  4.0  88    0    0 320 -324  1
3797500 2746500  2  3  4   2.2 1017 204  3.6 7  4.1  92    0    0 316 -325  1
3797500 2746500  2  3  5   2.6 1017 206  2.8 7  4.2  94    0    0 311 -325  1
3797500 2746500  2  3  6   2.9 1017 215  2.7 8  4.4  94    0    0 320 -326  1
3797500 2746500  2  3  7   3.4 1017 212  2.7 8  4.5  94    0    0 328 -326  1
3797500 2746500  2  3  8   4.0 1017 207  2.5 8  4.6  92    0    0 331 -327  1
3797500 2746500  2  3  9   3.8 1017 209  2.7 8  4.7  94    0   10 332 -327  1
3797500 2746500  2  3 10   4.0 1018 223  2.7 8  4.8  96    0   29 334 -328  1
3797500 2746500  2  3 11   4.5 1018 239  2.7 8  4.9  96    0   41 336 -328  1
3797500 2746500  2  3 12   4.8 1019 226  2.6 8  5.0  94    0   49 338 -329  1
3797500 2746500  2  3 13   4.8 1019 240  3.0 7  5.1  95    0   50 333 -330  1
3797500 2746500  2  3 14   5.2 1019 240  3.8 7  5.1  95    0   82 326 -331  1
3797500 2746500  2  3 15   5.2 1019 230  3.2 7  5.0  92    0   83 326 -331  1
3797500 2746500  2  3 16   5.3 1019 235  4.1 7  4.9  90    5   67 327 -330  1
3797500 2746500  2  3 17   5.1 1019 221  4.1 7  4.9  89    0   20 325 -328  1
3797500 2746500  2  3 18   4.9 1019 222  3.7 7  4.8  89    0    0 322 -326  1
3797500 2746500  2  3 19   4.2 1019 211  3.1 6  4.7  89    0    0 310 -324  1
3797500 2746500  2  3 20   3.9 1019 213  3.3 6  4.5  90    0    0 297 -320  1
3797500 2746500  2  3 21   4.1 1019 215  4.2 6  4.5  89    0    0 292 -318  1
3797500 2746500  2  3 22   3.5 1019 215  4.1 4  4.3  88    0    0 274 -320  1
3797500 2746500  2  3 23   3.7 1019 195  3.8 3  4.2  86    0    0 251 -321  1
3797500 2746500  2  3 24   3.2 1018 196  3.6 6  4.1  86    0    0 263 -319  1
3797500 2746500  2  4  1   3.0 1018 186  4.6 8  4.1  87    0    0 293 -316  1
3797500 2746500  2  4  2   3.4 1016 185  4.9 7  4.1  87    0    0 299 -316  1
3797500 2746500  2  4  3   3.8 1016 194  3.9 7  4.2  86    0    0 294 -316  1
3797500 2746500  2  4  4   4.5 1015 203  5.3 7  4.2  83    0    0 298 -317  1
3797500 2746500  2  4  5   4.5 1014 204  5.5 7  4.3  82    0    0 301 -319  1
3797500 2746500  2  4  6   4.9 1013 214  5.4 8  4.3  82    0    0 310 -321  1
3797500 2746500  2  4  7   5.8 1013 212  5.2 8  4.6  82    0    0 321 -322  1
3797500 2746500  2  4  8   6.8 1013 220  6.2 8  4.8  80    0    0 328 -323  1
3797500 2746500  2  4  9   7.0 1012 220  5.7 8  4.9  79    0    4 333 -325  1
3797500 2746500  2  4 10   7.2 1013 229  5.7 7  5.0  80    0   25 330 -328  1
3797500 2746500  2  4 11   7.5 1013 229  6.0 7  5.1  80    0   41 325 -331  1
3797500 2746500  2  4 12   7.3 1013 229  6.3 7  5.3  83    0   55 325 -334  1
3797500 2746500  2  4 13   7.6 1013 219  6.6 7  5.5  86    0   45 322 -336  1
3797500 2746500  2  4 14   8.3 1012 229  7.0 7  5.6  84    0   52 323 -340  1
3797500 2746500  2  4 15   8.5 1012 230  6.4 7  5.6  82    0   51 323 -343  1
3797500 2746500  2  4 16   8.9 1011 230  7.4 7  5.7  82    0   38 325 -345  1
3797500 2746500  2  4 17   9.1 1011 231  7.3 8  5.8  81    0   11 333 -346  1
3797500 2746500  2  4 18   9.3 1011 230  7.8 7  5.8  80    0    0 336 -346  1
3797500 2746500  2  4 19   9.6 1011 230  7.1 7  5.9  80    0    0 333 -346  1
3797500 2746500  2  4 20   9.9 1012 240  6.3 8  5.9  78    0    0 342 -346  1
3797500 2746500  2  4 21  10.1 1011 231  6.5 8  5.8  76    0    0 349 -346  1
3797500 2746500  2  4 22  10.2 1011 240  6.3 8  5.8  75    0    0 350 -345  1
3797500 2746500  2  4 23  10.4 1011 241  6.3 8  5.8  74    0    0 351 -345  1
3797500 2746500  2  4 24  10.3 1011 241  7.0 8  5.8  74    0    0 352 -345  1
3797500 2746500  2  5  1  10.4 1011 241  6.3 8  5.7  73    0    0 352 -345  1
3797500 2746500  2  5  2  10.3 1012 240  6.4 8  5.7  72    0    0 353 -345  1
3797500 2746500  2  5  3  10.2 1012 227  6.1 7  5.7  73    0    0 350 -345  1
3797500 2746500  2  5  4  10.3 1011 228  6.6 8  5.7  73    0    0 351 -345  1
3797500 2746500  2  5  5  10.5 1011 240  6.9 8  5.7  73    0    0 353 -345  1
3797500 2746500  2  5  6  10.5 1011 240  7.5 8  5.7  72    0    0 353 -345  1
3797500 2746500  2  5  7  10.5 1012 241  7.8 8  5.8  73    0    0 353 -345  1
3797500 2746500  2  5  8  10.3 1012 241  6.9 8  5.9  75    0    0 353 -345  1
3797500 2746500  2  5  9  10.2 1012 240  6.5 8  6.0  77    0    3 354 -344  1
3797500 2746500  2  5 10  10.2 1012 241  7.2 8  6.0  78    0   18 354 -344  1
3797500 2746500  2  5 11  10.4 1013 241  7.7 7  6.1  78    0   32 350 -344  1
3797500 2746500  2  5 12  10.5 1013 240  7.8 7  6.2  78    0   40 344 -344  1
3797500 2746500  2  5 13  10.2 1014 241  6.6 7  6.3  81    0   48 343 -344  1
3797500 2746500  2  5 14  10.2 1013 240  7.2 7  6.5  83    0   54 342 -344  1
3797500 2746500  2  5 15  10.4 1013 231  7.2 7  6.4  82    0   38 341 -345  1
3797500 2746500  2  5 16  10.3 1013 240  6.9 8  6.3  81    0   24 347 -345  1
3797500 2746500  2  5 17  10.5 1013 230  6.0 8  6.3  80    0    8 352 -345  1
3797500 2746500  2  5 18  10.6 1013 239  6.0 7  6.3  80    0    0 347 -345  1
3797500 2746500  2  5 19  10.4 1013 239  5.9 8  6.4  80    0    0 347 -346  1
3797500 2746500  2  5 20  10.5 1014 240  6.0 8  6.4  81    0    0 353 -346  1
3797500 2746500  2  5 21  10.7 1014 239  6.1 8  6.5  81    0    0 353 -346  1
3797500 2746500  2  5 22  10.6 1014 239  6.4 8  6.6  82    0    0 354 -347  1
3797500 2746500  2  5 23  10.5 1014 241  5.9 8  6.7  85    0    0 354 -347  1
3797500 2746500  2  5 24  10.4 1014 239  5.7 8  6.7  85    0    0 353 -348  1
3797500 2746500  2  6  1  10.5 1014 239  6.5 7  6.6  84    0    0 345 -349  1
3797500 2746500  2  6  2  10.8 1014 240  6.4 8  6.5  82    0    0 346 -350  1
3797500 2746500  2  6  3  10.6 1015 240  6.6 7  6.5  81    0    0 346 -350  1
3797500 2746500  2  6  4  10.8 1015 250  6.3 7  6.4  80    0    0 339 -350  1
3797500 2746500  2  6  5  10.7 1015 241  6.1 7  6.3  78    0    0 338 -350  1
3797500 2746500  2  6  6  10.4 1015 247  6.5 7  6.2  79    0    0 338 -350  1
3797500 2746500  2  6  7  10.3 1015 250  5.8 8  6.2  79    0    0 344 -350  1
3797500 2746500  2  6  8  10.0 1016 240  5.1 8  6.1  79    0    0 350 -350  1
3797500 2746500  2  6  9   9.9 1016 229  4.7 8  6.1  80    0    5 351 -350  1
3797500 2746500  2  6 10  10.0 1016 230  5.9 8  6.0  79    0   25 350 -350  1
3797500 2746500  2  6 11  10.0 1017 231  5.5 7  5.9  78    0   59 343 -350  1
3797500 2746500  2  6 12   9.9 1017 232  5.6 8  5.8  77    0   73 343 -351  1
3797500 2746500  2  6 13   9.9 1017 231  5.4 7  5.8  76    0   59 343 -352  1
3797500 2746500  2  6 14   9.9 1017 229  5.7 7  5.7  75    5   98 336 -353  1
3797500 2746500  2  6 15   9.8 1017 233  5.6 7  5.6  74    5   86 336 -354  1
3797500 2746500  2  6 16   9.7 1017 231  5.6 7  5.5  74    0   57 336 -356  1
3797500 2746500  2  6 17   9.6 1016 232  5.8 8  5.4  73   15   18 342 -355  1
3797500 2746500  2  6 18   9.3 1016 232  5.8 8  5.3  72    0    0 347 -351  1
3797500 2746500  2  6 19   9.1 1016 232  5.5 8  5.2  72    0    0 344 -345  1
3797500 2746500  2  6 20   8.8 1017 233  5.1 8  5.1  72    0    0 342 -342  1
3797500 2746500  2  6 21   8.8 1017 233  5.0 8  5.1  73    0    0 340 -340  1
3797500 2746500  2  6 22   8.5 1017 234  4.8 8  5.1  73    0    0 338 -339  1
3797500 2746500  2  6 23   8.6 1017 243  4.4 8  5.0  73    0    0 336 -337  1
3797500 2746500  2  6 24   8.4 1017 234  4.2 8  5.1  74    0    0 334 -335  1
3797500 2746500  2  7  1   8.4 1017 234  4.1 8  5.0  73    0    0 330 -334  1
3797500 2746500  2  7  2   8.1 1017 234  4.1 8  4.9  72    0    0 325 -332  1
3797500 2746500  2  7  3   8.1 1016 225  4.7 8  4.9  73    0    0 320 -330  1
3797500 2746500  2  7  4   8.0 1016 225  5.1 8  4.9  73    0    0 317 -329  1
3797500 2746500  2  7  5   8.0 1016 234  4.9 7  4.9  73    0    0 309 -328  1
3797500 2746500  2  7  6   7.7 1016 234  4.1 8  4.8  73    0    0 307 -327  1
3797500 2746500  2  7  7   7.4 1015 225  4.2 8  4.8  74    0    0 309 -327  1
3797500 2746500  2  7  8   6.9 1015 215  3.5 8  4.7  75    0    0 305 -326  1
3797500 2746500  2  7  9   6.1 1014 196  4.1 7  4.6  77    1   25 297 -326  1
3797500 2746500  2  7 10   6.3 1014 187  4.3 4  4.5  76   66   76 276 -327  1
3797500 2746500  2  7 11   6.9 1013 187  5.0 1  4.5  74  173   89 247 -332  1
3797500 2746500  2  7 12   8.9 1012 206  3.9 1  4.5  69  246   93 236 -337  1
3797500 2746500  2  7 13  10.1 1011 212  5.5 2  4.5  61  274   95 244 -343  1
3797500 2746500  2  7 14  11.4 1010 200  5.0 2  4.4  55  260   92 252 -347  1
3797500 2746500  2  7 15  12.4 1009 201  5.4 2  4.3  50  225   75 258 -350  1
3797500 2746500  2  7 16  12.8 1008 213  5.4 2  4.3  48  136   66 263 -350  1
3797500 2746500  2  7 17  13.2 1007 240  5.2 3  3.7  40   37   36 269 -347  1
3797500 2746500  2  7 18  11.7 1007 234  5.3 5  3.1  35    0    0 282 -343  1
3797500 2746500  2  7 19  11.2 1007 240  4.7 6  3.4  40    0    0 298 -341  1
3797500 2746500  2  7 20  11.2 1008 243  5.6 6  3.9  47    0    0 307 -342  1
3797500 2746500  2  7 21  11.4 1008 230  6.0 8  4.5  54    0    0 322 -343  1
3797500 2746500  2  7 22  11.3 1008 243  4.5 8  5.1  61    0    0 337 -343  1
3797500 2746500  2  7 23  10.8 1009 252  4.8 8  5.6  68    0    0 339 -343  1
3797500 2746500  2  7 24   9.9 1009 244  4.1 8  5.9  75    0    0 338 -343  1
3797500 2746500  2  8  1   8.9 1009 318  3.7 8  5.3  72    0    0 334 -343  1
3797500 2746500  2  8  2   8.3 1010 290  2.1 8  4.7  67    0    0 330 -343  1
3797500 2746500  2  8  3   7.6 1011 280  1.8 8  4.6  70    0    0 327 -342  1
3797500 2746500  2  8  4   7.2 1011 266  2.7 8  4.6  72    0    0 326 -342  1
3797500 2746500  2  8  5   6.5 1012 248  2.3 8  4.6  75    0    0 323 -342  1
3797500 2746500  2  8  6   5.8 1012 238  2.4 7  4.5  77    0    0 315 -342  1
3797500 2746500  2  8  7   4.9 1013 243  2.3 4  4.4  79    0    0 288 -341  1
3797500 2746500  2  8  8   3.8 1014 252  1.9 3  4.3  82    0    0 261 -340  1
3797500 2746500  2  8  9   4.3 1015 241  2.4 3  4.2  84   12   29 257 -339  1
3797500 2746500  2  8 10   5.8 1016 249  2.6 1  4.4  81   97   60 249 -340  1
3797500 2746500  2  8 11   6.6 1016 264  2.7 2  4.5  76  170   85 246 -343  1
3797500 2746500  2  8 12   7.4 1017 271  2.7 2  4.4  72  272   71 254 -349  1
3797500 2746500  2  8 13   8.3 1017 274  3.1 1  4.4  67  289   78 250 -355  1
3797500 2746500  2  8 14   7.9 1017 274  2.9 2  4.3  64  237   97 250 -358  1
3797500 2746500  2  8 15   8.9 1017 251  3.1 1  4.1  60  237   62 249 -358  1
3797500 2746500  2  8 16   8.9 1017 261  2.5 0  3.9  55  155   53 236 -357  1
3797500 2746500  2  8 17   8.3 1017 256  1.9 0  3.8  55   43   35 228 -351  1
3797500 2746500  2  8 18   6.5 1018 301  1.0 0  3.8  59    0    0 225 -342  1
3797500 2746500  2  8 19   5.7 1018 182  0.7 1  3.7  63    0    0 225 -336  1
3797500 2746500  2  8 20   5.4 1018 100  0.6 1  3.7  65    0    0 229 -336  1
3797500 2746500  2  8 21   4.8 1018 114  0.3 1  3.7  67    0    0 228 -338  1
3797500 2746500  2  8 22   3.8 1018 116  0.8 0  3.6  70    0    0 218 -339  1
3797500 2746500  2  8 23   3.6 1018 131  0.9 0  3.6  72    0    0 209 -340  1
3797500 2746500  2  8 24   3.2 1018 107  1.2 1  3.5  73    0    0 213 -340  1
3797500 2746500  2  9  1   3.5 1018 140  1.3 2  3.5  73    0    0 224 -340  1
3797500 2746500  2  9  2   3.7 1018 162  1.7 2  3.6  73    0    0 231 -340  1
3797500 2746500  2  9  3   2.4 1018 146  1.4 1  3.6  76    0    0 224 -341  1
3797500 2746500  2  9  4   2.6 1018 168  1.0 1  3.5  78    0    0 215 -341  1
3797500 2746500  2  9  5   2.4 1017 143  1.2 1  3.5  78    0    0 215 -342  1
3797500 2746500  2  9  6   3.0 1017 152  1.2 2  3.5  77    0    0 220 -342  1
3797500 2746500  2  9  7   4.0 1017 183  1.6 1  3.5  73    0    0 221 -340  1
3797500 2746500  2  9  8   3.4 1017 192  1.5 1  3.5  71    0    0 214 -338  1
3797500 2746500  2  9  9   4.2 1017 192  1.4 1  3.5  70    8   32 213 -335  1
3797500 2746500  2  9 10   4.8 1018 190  1.2 2  3.6  69   78   80 219 -336  1
3797500 2746500  2  9 11   5.4 1017 172  2.2 4  3.7  69   80  138 237 -340  1
3797500 2746500  2  9 12   6.8 1017 165  2.9 4  3.9  68  187  139 250 -348  1
3797500 2746500  2  9 13   8.6 1017 172  3.1 4  4.2  64  231  136 255 -355  1
3797500 2746500  2  9 14   9.5 1016 164  3.3 3  4.1  57  229  126 254 -359  1
3797500 2746500  2  9 15  10.1 1016 184  2.6 5  3.7  49  180  112 259 -361  1
3797500 2746500  2  9 16  10.1 1015 166  2.7 5  3.3  43  120   84 269 -360  1
3797500 2746500  2  9 17   9.5 1015 154  3.0 5  3.1  41   36   44 267 -356  1
3797500 2746500  2  9 18   8.3 1015 143  2.9 6  3.0  42    0    2 268 -350  1
3797500 2746500  2  9 19   7.9 1015 133  3.0 5  3.0  44    0    0 267 -345  1
3797500 2746500  2  9 20   7.9 1014 163  3.7 5  3.0  45    0    0 263 -342  1
3797500 2746500  2  9 21   7.5 1015 163  3.6 6  3.0  47    0    0 267 -340  1
3797500 2746500  2  9 22   7.1 1014 167  3.8 7  3.4  53    0    0 274 -339  1
3797500 2746500  2  9 23   7.2 1014 164  3.3 8  3.6  57    0    0 281 -338  1
3797500 2746500  2  9 24   7.3 1014 173  2.8 7  3.7  59    0    0 282 -337  1
3797500 2746500  2 10  1   6.7 1014 171  2.7 5  3.8  62    0    0 275 -335  1
3797500 2746500  2 10  2   6.0 1013 172  3.0 5  4.0  67    0    0 270 -333  1
3797500 2746500  2 10  3   6.9 1013 174  2.7 6  4.2  70    0    0 276 -331  1
3797500 2746500  2 10  4   6.5 1013 183  2.2 8  4.3  70    0    0 288 -331  1
3797500 2746500  2 10  5   6.8 1012 184  2.1 8  4.3  71    0    0 295 -331  1
3797500 2746500  2 10  6   6.6 1012 194  2.6 8  4.3  71    0    0 297 -333  1
3797500 2746500  2 10  7   6.0 1012 184  2.6 8  4.3  73    0    0 298 -334  1
3797500 2746500  2 10  8   6.2 1011 203  2.7 8  4.3  74    0    0 298 -335  1
3797500 2746500  2 10  9   5.6 1011 203  2.5 8  4.3  75    0   22 299 -335  1
3797500 2746500  2 10 10   6.0 1012 214  3.1 7  4.3  76    9   95 296 -337  1
3797500 2746500  2 10 11   6.7 1012 224  4.1 6  4.4  74    9  136 291 -341  1
3797500 2746500  2 10 12   7.0 1011 214  3.9 8  4.5  72    0   86 295 -347  1
3797500 2746500  2 10 13   6.7 1011 212  3.5 8  4.6  74    0   61 299 -352  1
3797500 2746500  2 10 14   7.8 1011 211  3.4 7  4.8  76    0  109 299 -356  1
3797500 2746500  2 10 15   8.9 1010 208  3.8 6  5.2  75   27  171 299 -359  1
3797500 2746500  2 10 16   8.8 1009 208  3.0 7  5.3  75    8  101 302 -358  1
3797500 2746500  2 10 17   8.9 1009 180  2.6 7  5.4  75    0   23 306 -356  1
3797500 2746500  2 10 18   7.9 1008 180  2.8 8  5.5  80    0    0 310 -353  1
3797500 2746500  2 10 19   8.1 1008 189  2.6 8  5.8  86    0    0 313 -351  1
3797500 2746500  2 10 20   8.2 1007 196  3.2 8  6.0  88    0    0 316 -350  1
3797500 2746500  2 10 21   8.6 1007 204  3.7 8  6.3  91    0    0 316 -348  1
3797500 2746500  2 10 22   9.0 1006 212  4.2 8  6.5  92    0    0 321 -347  1
3797500 2746500  2 10 23   8.9 1006 211  4.5 8  6.2  88    0    0 328 -347  1
3797500 2746500  2 10 24   8.5 1005 204  4.4 8  5.7  82    0    0 327 -346  1
3797500 2746500  2 11  1   7.8 1026 193  4.4 8  5.0  75    0    0 319 -338  1
3797500 2746500  2 11  2   7.2 1026 186  4.3 8  4.4  69    0    0 323 -339  1
3797500 2746500  2 11  3   6.8 1025 178  4.2 8  3.9  65    0    0 327 -341  1
3797500 2746500  2 11  4   7.0 1025 179  4.3 8  4.0  65    0    0 330 -343  1
3797500 2746500  2 11  5   7.2 1025 176  4.4 8  4.0  64    0    0 332 -345  1
3797500 2746500  2 11  6   7.5 1024 177  4.3 8  4.0  64    0    0 335 -347  1
3797500 2746500  2 11  7   7.5 1024 177  4.9 8  4.0  63    0    0 337 -349  1
3797500 2746500  2 11  8   7.6 1025 185  3.9 7  4.1  64    0    0 337 -351  1
3797500 2746500  2 11  9   7.6 1025 183  4.6 8  4.2  65    0    9 338 -352  1
3797500 2746500  2 11 10   8.4 1025 183  4.5 8  4.5  68    0   35 344 -354  1
3797500 2746500  2 11 11   8.8 1025 182  3.9 8  4.8  70    0   63 347 -357  1
3797500 2746500  2 11 12   9.4 1025 201  4.7 8  5.0  71    0   69 348 -360  1
3797500 2746500  2 11 13   9.6 1026 201  4.9 8  5.3  72    0   80 349 -363  1
3797500 2746500  2 11 14  10.4 1026 212  5.0 8  5.7  75    0  104 349 -365  1
3797500 2746500  2 11 15  11.4 1025 209  5.4 7  6.1  77    9  147 348 -365  1
3797500 2746500  2 11 16  12.0 1025 210  5.4 6  6.4  76   38  127 340 -365  1
3797500 2746500  2 11 17  12.1 1024 191  4.1 7  6.4  74   10   53 340 -365  1
3797500 2746500  2 11 18  11.5 1025 183  4.1 7  6.3  73    0    7 342 -364  1
3797500 2746500  2 11 19  11.0 1025 211  5.2 7  6.1  75    0    0 339 -364  1
3797500 2746500  2 11 20  11.1 1025 203  4.4 8  6.1  75    0    0 343 -363  1
3797500 2746500  2 11 21  10.9 1026 202  4.4 8  6.2  77    0    0 348 -363  1
3797500 2746500  2 11 22  10.5 1026 181  3.9 7  6.1  77    0    0 341 -363  1
3797500 2746500  2 11 23  10.4 1025 181  3.9 7  5.9  76    0    0 333 -362  1
3797500 2746500  2 11 24  10.2 1025 182  3.8 8  5.9  77    0    0 335 -361  1
3797500 2746500  2 12  1  10.4 1025 182  3.5 6  6.0  77    0    0 328 -359  1
3797500 2746500  2 12  2   9.8 1025 183  3.6 8  6.0  79    0    0 324 -358  1
3797500 2746500  2 12  3  10.1 1024 183  4.2 8  6.1  81    0    0 332 -357  1
3797500 2746500  2 12  4   9.7 1024 184  3.6 8  6.2  82    0    0 330 -355  1
3797500 2746500  2 12  5   9.6 1023 174  4.2 8  6.2  84    0    0 328 -355  1
3797500 2746500  2 12  6   9.8 1022 183  3.3 8  6.2  84    0    0 326 -354  1
3797500 2746500  2 12  7   9.7 1022 174  4.0 7  6.2  83    0    0 320 -353  1
3797500 2746500  2 12  8   9.7 1021 186  4.1 7  6.1  82    0    0 313 -351  1
3797500 2746500  2 12  9   9.9 1020 176  3.8 7  6.1  81    0   19 313 -350  1
3797500 2746500  2 12 10  10.4 1019 177  4.6 8  6.2  80    0   60 320 -351  1
3797500 2746500  2 12 11  10.9 1018 176  4.4 8  6.2  78    1  113 327 -354  1
3797500 2746500  2 12 12  11.7 1017 173  3.4 7  6.1  74    7  162 321 -358  1
3797500 2746500  2 12 13  12.3 1017 180  3.4 7  6.2  71   11  182 318 -363  1
3797500 2746500  2 12 14  13.0 1015 191  3.2 7  6.3  70   18  186 323 -367  1
3797500 2746500  2 12 15  13.4 1014 201  2.1 7  6.5  69    7  141 330 -366  1
3797500 2746500  2 12 16  13.5 1014 199  2.6 6  6.6  68   11  106 330 -363  1
3797500 2746500  2 12 17  13.3 1014 190  2.9 7  6.5  68    2   43 334 -361  1
3797500 2746500  2 12 18  12.7 1013 193  2.2 7  6.4  69    0    5 340 -359  1
3797500 2746500  2 12 19  11.7 1014 168  1.8 8  6.4  73    0    0 346 -357  1
3797500 2746500  2 12 20  10.9 1014 190  1.9 8  6.5  78    0    0 352 -353  1
3797500 2746500  2 12 21  10.5 1014 290  0.9 8  6.6  82    0    0 353 -348  1
3797500 2746500  2 12 22   9.9 1015   5  1.9 7  6.7  86    0    0 348 -342  1
3797500 2746500  2 12 23   9.4 1015  19  3.8 7  6.7  90    0    0 340 -337  1
3797500 2746500  2 12 24   9.1 1016  16  5.2 7  6.6  90    0    0 339 -333  1
3797500 2746500  2 13  1   7.9 1017  23  5.2 6  6.1  88    0    0 329 -330  1
3797500 2746500  2 13  2   7.2 1018  23  5.2 7  5.5  85    0    0 327 -327  1
3797500 2746500  2 13  3   6.8 1019  23  5.2 6  5.1  83    0    0 325 -325  1
3797500 2746500  2 13  4   6.4 1020   9  6.2 5  5.0  83    0    0 311 -323  1
3797500 2746500  2 13  5   5.8 1021  18  4.8 5  4.8  83    0    0 302 -321  1
3797500 2746500  2 13  6   5.4 1022   3  4.6 6  4.6  82    0    0 305 -318  1
3797500 2746500  2 13  7   5.7 1023 356  4.6 6  4.6  82    0    0 311 -317  1
3797500 2746500  2 13  8   5.7 1024 353  4.6 8  4.6  81    0    0 322 -316  1
3797500 2746500  2 13  9   5.4 1025  13  4.5 8  4.4  80    0   21 332 -316  1
3797500 2746500  2 13 10   5.7 1026  49  3.7 7  4.3  77    0   42 326 -316  1
3797500 2746500  2 13 11   6.0 1026   9  3.5 8  4.3  76    0   85 326 -323  1
3797500 2746500  2 13 12   6.0 1027   3  4.3 7  4.4  77    0   97 324 -333  1
3797500 2746500  2 13 13   6.0 1028  14  4.6 7  4.3  75    0   80 314 -341  1
3797500 2746500  2 13 14   6.7 1028  15  3.9 6  4.2  72    9  176 304 -347  1
3797500 2746500  2 13 15   7.7 1027  18  4.6 5  4.3  69   45  192 291 -349  1
3797500 2746500  2 13 16   7.5 1027  18  3.6 7  4.3  67   32  133 295 -348  1
3797500 2746500  2 13 17   7.8 1027  18  4.4 6  4.3  68   23   68 300 -344  1
3797500 2746500  2 13 18   7.5 1027  16  3.3 5  4.3  67    2   12 288 -338  1
3797500 2746500  2 13 19   6.5 1027  14  1.8 5  4.2  69    0    0 278 -331  1
3797500 2746500  2 13 20   6.3 1028  13  2.5 5  4.3  73    0    0 274 -326  1
3797500 2746500  2 13 21   5.7 1028   6  3.0 5  4.3  76    0    0 273 -323  1
3797500 2746500  2 13 22   5.0 1028  25  1.6 3  4.3  79    0    0 260 -320  1
3797500 2746500  2 13 23   3.9 1028  19  2.4 2  4.2  82    0    0 243 -318  1
3797500 2746500  2 13 24   3.5 1028  73  0.8 4  4.2  86    0    0 244 -317  1
3797500 2746500  2 14  1   3.1 1028  34  1.8 1  4.2  88    0    0 238 -316  1
3797500 2746500  2 14  2   3.0 1029  63  2.4 4  4.2  90    0    0 236 -316  1
3797500 2746500  2 14  3   3.4 1028  33  2.3 7  4.2  90    0    0 266 -316  1
3797500 2746500  2 14  4   3.4 1028  51  2.2 6  4.3  90    0    0 276 -316  1
3797500 2746500  2 14  5   3.3 1028  27  3.6 6  4.3  90    0    0 272 -316  1
3797500 2746500  2 14  6   3.3 1028  43  2.7 8  4.2  88    0    0 282 -316  1
3797500 2746500  2 14  7   3.3 1028  43  2.3 7  4.0  85    0    0 287 -315  1
3797500 2746500  2 14  8   3.2 1028  70  2.1 7  3.9  83    0    0 282 -313  1
3797500 2746500  2 14  9   3.2 1028  78  2.1 7  3.9  83    0   28 282 -312  1
3797500 2746500  2 14 10   3.3 1028  79  1.7 8  3.9  82    1   76 289 -313  1
3797500 2746500  2 14 11   3.6 1029  96  3.1 6  3.9  81   30  150 284 -315  1
3797500 2746500  2 14 12   4.9 1029 101  2.3 4  3.9  77  166  164 264 -320  1
3797500 2746500  2 14 13   5.4 1028  62  2.4 3  3.9  73  261  140 249 -331  1
3797500 2746500  2 14 14   7.2 1028  47  2.5 4  3.9  67  267  129 251 -341  1
3797500 2746500  2 14 15   8.2 1028  51  2.3 3  4.0  62  232  110 255 -344  1
3797500 2746500  2 14 16   8.9 1027  32  2.0 3  4.0  59  159   86 253 -344  1
3797500 2746500  2 14 17   8.3 1026  31  1.5 5  4.1  60   70   53 263 -340  1
3797500 2746500  2 14 18   7.6 1026  42  1.5 4  4.1  62    8   11 265 -333  1
3797500 2746500  2 14 19   6.4 1027  39  2.3 4  4.1  66    0    0 258 -326  1
3797500 2746500  2 14 20   5.9 1027  40  2.3 4  4.1  70    0    0 256 -321  1
3797500 2746500  2 14 21   5.9 1027  68  2.1 3  4.1  72    0    0 251 -318  1
3797500 2746500  2 14 22   5.2 1027  69  1.9 0  4.1  74    0    0 234 -316  1
3797500 2746500  2 14 23   5.1 1027  68  2.1 0  4.1  76    0    0 222 -316  1
3797500 2746500  2 14 24   4.5 1027  64  1.4 0  4.0  77    0    0 221 -316  1
3797500 2746500  2 15  1   3.8 1027 100  1.5 2  4.0  79    0    0 227 -316  1
3797500 2746500  2 15  2   3.4 1027  89  1.4 1  4.0  83    0    0 230 -315  1
3797500 2746500  2 15  3   2.7 1027 105  0.8 0  3.9  84    0    0 221 -313  1
3797500 2746500  2 15  4   3.0 1027 147  0.6 1  3.9  84    0    0 222 -312  1
3797500 2746500  2 15  5   2.9 1026  96  1.3 1  3.9  83    0    0 226 -312  1
3797500 2746500  2 15  6   2.8 1026  93  0.7 0  3.6  78    0    0 222 -312  1
3797500 2746500  2 15  7   2.6 1026 329  0.9 0  3.3  73    0    0 217 -312  1
3797500 2746500  2 15  8   1.8 1026  83  0.8 0  3.3  74    0    0 216 -312  1
3797500 2746500  2 15  9   1.8 1026  67  0.7 0  3.3  77   22   38 216 -312  1
3797500 2746500  2 15 10   5.3 1026  81  1.4 0  3.5  72   95   79 221 -313  1
3797500 2746500  2 15 11   8.3 1026 128  0.8 0  3.7  60  231   76 230 -315  1
3797500 2746500  2 15 12  10.3 1026  83  1.1 0  3.7  51  329   70 238 -320  1
3797500 2746500  2 15 13  12.0 1026  81  1.7 0  3.6  44  381   62 244 -327  1
3797500 2746500  2 15 14  13.5 1025  48  1.7 0  3.5  39  375   57 249 -336  1
3797500 2746500  2 15 15  13.9 1025 318  0.8 0  3.4  35  319   52 252 -344  1
3797500 2746500  2 15 16  14.0 1024 343  1.1 0  3.4  35  219   51 255 -345  1
3797500 2746500  2 15 17  13.9 1024 325  0.8 1  3.4  35   98   40 258 -341  1
3797500 2746500  2 15 18  12.3 1023 189  1.0 1  3.3  36   12   12 259 -333  1
3797500 2746500  2 15 19  11.7 1023 359  0.2 0  3.3  38    0    0 253 -325  1
3797500 2746500  2 15 20  10.6 1024 313  1.6 1  3.3  41    0    0 251 -321  1
3797500 2746500  2 15 21   9.3 1024 128  0.9 1  3.4  45    0    0 251 -318  1
3797500 2746500  2 15 22   8.5 1024 291  0.8 1  3.4  49    0    0 249 -317  1
3797500 2746500  2 15 23   7.7 1024 359  0.2 1  3.4  52    0    0 247 -316  1
3797500 2746500  2 15 24   6.9 1024   1  0.2 2  3.4  54    0    0 250 -316  1
3797500 2746500  2 16  1   5.9 1023 129  1.0 0  3.4  58    0    0 243 -316  1
3797500 2746500  2 16  2   5.8 1023 102  0.9 0  3.5  62    0    0 234 -315  1
3797500 2746500  2 16  3   5.2 1023 137  0.9 0  3.6  65    0    0 233 -314  1
3797500 2746500  2 16  4   5.9 1022 160  0.9 0  3.6  65    0    0 234 -313  1
3797500 2746500  2 16  5   3.9 1022 159  1.6 0  3.5  66    0    0 230 -312  1
3797500 2746500  2 16  6   4.7 1022 181  1.7 0  3.5  68    0    0 227 -311  1
3797500 2746500  2 16  7   4.1 1022 193  1.7 0  3.6  69    0    0 225 -311  1
3797500 2746500  2 16  8   4.1 1021 183  1.8 0  3.6  71    0    0 224 -311  1
3797500 2746500  2 16  9   4.2 1021 195  1.7 0  3.6  71   17   42 223 -311  1
3797500 2746500  2 16 10   5.7 1021 203  2.4 0  3.8  71   78   91 224 -313  1
3797500 2746500  2 16 11   7.4 1021 185  2.7 0  4.0  67  206   92 226 -315  1
3797500 2746500  2 16 12   8.2 1021 194  2.8 0  4.1  63  306   82 225 -319  1
3797500 2746500  2 16 13   9.0 1021 263  2.9 0  4.2  61  369   65 223 -323  1
3797500 2746500  2 16 14   9.0 1020 229  2.3 1  4.3  61  367   57 227 -328  1
3797500 2746500  2 16 15  10.3 1020 262  2.7 1  4.5  61  306   55 236 -332  1
3797500 2746500  2 16 16   9.1 1020 270  3.2 1  4.6  62  208   51 238 -335  1
3797500 2746500  2 16 17   6.4 1020 262  3.6 5  4.5  69   40   50 256 -332  1
3797500 2746500  2 16 18   4.5 1021 282  3.0 6  4.3  78    0    6 278 -329  1
3797500 2746500  2 16 19   4.9 1022 300  2.4 8  4.2  80    0    0 291 -326  1
3797500 2746500  2 16 20   5.4 1023 320  2.9 7  4.4  81    0    0 300 -324  1
3797500 2746500  2 16 21   5.4 1023 320  3.5 8  4.5  81    0    0 304 -324  1
3797500 2746500  2 16 22   5.3 1023 343  2.9 8  4.5  81    0    0 312 -323  1
3797500 2746500  2 16 23   4.4 1024 344  3.9 8  4.2  80    0    0 311 -322  1
3797500 2746500  2 16 24   4.1 1025 351  3.0 6  4.1  80    0    0 299 -322  1
3797500 2746500  2 17  1   4.3 1025 350  3.3 8  4.2  82    0    0 301 -321  1
3797500 2746500  2 17  2   4.1 1026 360  3.3 8  4.2  83    0    0 313 -319  1
3797500 2746500  2 17  3   4.0 1026   9  2.9 8  4.2  85    0    0 315 -318  1
3797500 2746500  2 17  4   4.3 1026   2  2.0 7  4.3  85    0    0 310 -317  1
3797500 2746500  2 17  5   4.3 1026 360  2.7 7  4.4  86    0    0 306 -317  1
3797500 2746500  2 17  6   4.5 1027 356  2.9 7  4.5  87    0    0 306 -316  1
3797500 2746500  2 17  7   4.4 1027   0  4.1 7  4.5  88    0    0 306 -315  1
3797500 2746500  2 17  8   4.2 1028   4  5.4 8  4.6  90    0    0 310 -314  1
3797500 2746500  2 17  9   4.1 1029  36  3.6 8  4.5  90    0   28 313 -314  1
3797500 2746500  2 17 10   4.1 1029  11  3.6 8  4.5  89    0   55 310 -314  1
3797500 2746500  2 17 11   4.2 1030  23  4.3 7  4.4  87    0   67 300 -316  1
3797500 2746500  2 17 12   4.1 1031   8  4.2 7  4.3  85    0   64 290 -321  1
3797500 2746500  2 17 13   4.4 1031  29  4.0 7  4.2  84    0   52 283 -329  1
3797500 2746500  2 17 14   4.0 1031  10  5.3 8  4.2  84    0   43 281 -333  1
3797500 2746500  2 17 15   4.2 1031  28  4.2 8  4.3  86    0   48 281 -334  1
3797500 2746500  2 17 16   4.7 1031  27  3.9 8  4.2  83    0   36 280 -332  1
3797500 2746500  2 17 17   4.9 1031  26  3.9 7  4.0  77    0   20 275 -329  1
3797500 2746500  2 17 18   4.8 1032  13  3.4 8  3.9  75    0    8 275 -323  1
3797500 2746500  2 17 19   4.5 1032  17  4.1 8  3.9  76    0    0 277 -318  1
3797500 2746500  2 17 20   4.4 1033  15  3.5 7  3.8  73    0    0 273 -316  1
3797500 2746500  2 17 21   4.2 1033  41  3.7 7  3.5  70    0    0 269 -315  1
3797500 2746500  2 17 22   4.0 1033  55  2.8 7  3.4  69    0    0 270 -313  1
3797500 2746500  2 17 23   3.8 1033  58  2.9 7  3.3  68    0    0 271 -312  1
3797500 2746500  2 17 24   2.9 1034  34  2.9 7  3.2  69    0    0 272 -312  1
3797500 2746500  2 18  1   3.1 1034  21  1.9 8  3.2  70    0    0 277 -313  1
3797500 2746500  2 18  2   1.9 1034 357  1.9 6  3.2  73    0    0 272 -314  1
3797500 2746500  2 18  3   1.3 1033 342  1.7 6  3.2  78    0    0 263 -315  1
3797500 2746500  2 18  4   0.9 1033 359  2.4 5  3.3  81    0    0 260 -315  1
3797500 2746500  2 18  5   0.4 1033 350  2.4 4  3.3  85    0    0 253 -316  1
3797500 2746500  2 18  6   0.5 1033 358  2.3 7  3.3  87    0    0 264 -316  1
3797500 2746500  2 18  7   0.8 1033   6  3.1 8  3.4  87    0    0 284 -316  1
3797500 2746500  2 18  8   1.3 1033 333  1.1 8  3.5  87    0    0 292 -316  1
3797500 2746500  2 18  9   1.8 1033 350  2.1 8  3.6  86    0   14 294 -316  1
3797500 2746500  2 18 10   2.0 1033 354  0.7 7  3.6  85    0   42 292 -315  1
3797500 2746500  2 18 11   2.5 1033 244  1.5 6  3.7  85    0   91 284 -316  1
3797500 2746500  2 18 12   3.4 1033 249  2.5 7  3.9  85    0  104 285 -321  1
3797500 2746500  2 18 13   3.8 1033 261  2.1 8  4.0  83    0   64 298 -330  1
3797500 2746500  2 18 14   4.8 1033 309  2.7 7  4.1  81    0   73 303 -338  1
3797500 2746500  2 18 15   5.5 1033 285  1.9 7  4.2  78    0   73 304 -342  1
3797500 2746500  2 18 16   6.1 1032 267  2.1 7  4.3  76    0   58 308 -341  1
3797500 2746500  2 18 17   6.2 1032 258  1.8 7  4.4  76    0   28 310 -339  1
3797500 2746500  2 18 18   5.9 1032 248  0.8 7  4.4  76    0   10 311 -339  1
3797500 2746500  2 18 19   6.2 1031 327  2.4 8  4.3  76    0    0 315 -339  1
3797500 2746500  2 18 20   6.0 1032 332  2.0 8  4.2  74    0    0 319 -340  1
3797500 2746500  2 18 21   6.1 1032 317  2.6 8  4.2  74    0    0 316 -340  1
3797500 2746500  2 18 22   6.2 1032 309  2.1 7  4.2  73    0    0 310 -340  1
3797500 2746500  2 18 23   6.2 1032 340  2.1 7  4.2  73    0    0 306 -339  1
3797500 2746500  2 18 24   5.7 1032 310  2.0 8  4.3  76    0    0 309 -338  1
3797500 2746500  2 19  1   5.7 1032 324  2.0 6  4.3  77    0    0 300 -336  1
3797500 2746500  2 19  2   5.5 1032 323  2.0 8  4.4  79    0    0 298 -335  1
3797500 2746500  2 19  3   5.2 1032 293  1.7 8  4.4  80    0    0 307 -335  1
3797500 2746500  2 19  4   4.8 1032 310  1.7 8  4.3  82    0    0 306 -334  1
3797500 2746500  2 19  5   4.7 1031 293  1.1 7  4.3  83    0    0 299 -334  1
3797500 2746500  2 19  6   4.6 1031 245  1.2 8  4.4  84    0    0 297 -333  1
3797500 2746500  2 19  7   4.3 1031 235  1.3 7  4.3  84    0    0 295 -333  1
3797500 2746500  2 19  8   3.4 1031 238  1.2 7  4.2  86    0    0 285 -333  1
3797500 2746500  2 19  9   4.4 1030 249  2.0 7  4.2  86    0   31 285 -334  1
3797500 2746500  2 19 10   4.7 1031 256  3.0 8  4.2  82    0   64 292 -335  1
3797500 2746500  2 19 11   4.8 1031 258  3.8 8  4.1  79    0   70 297 -337  1
3797500 2746500  2 19 12   4.8 1030 254  4.6 7  4.0  75    0   71 288 -342  1
3797500 2746500  2 19 13   5.1 1030 245  4.4 7  3.8  72    0   61 279 -346  1
3797500 2746500  2 19 14   5.2 1029 255  3.6 8  3.8  70    0   58 283 -348  1
3797500 2746500  2 19 15   5.2 1029 239  3.5 6  3.9  72   15  105 278 -349  1
3797500 2746500  2 19 16   5.6 1028 249  3.3 7  3.9  72   15   78 273 -349  1
3797500 2746500  2 19 17   5.4 1027 255  3.0 7  4.0  72   10   38 279 -346  1
3797500 2746500  2 19 18   5.8 1026 265  4.2 6  4.0  72    0   11 276 -343  1
3797500 2746500  2 19 19   5.1 1026 281  3.2 7  4.0  72    0    0 278 -340  1
3797500 2746500  2 19 20   4.7 1026 290  2.4 8  4.1  77    0    0 288 -339  1
3797500 2746500  2 19 21   4.4 1026 271  3.2 8  4.1  80    0    0 299 -338  1
3797500 2746500  2 19 22   4.2 1026 260  2.7 8  4.3  84    0    0 304 -337  1
3797500 2746500  2 19 23   4.4 1025 270  2.8 8  4.4  86    0    0 310 -337  1
3797500 2746500  2 19 24   4.8 1025 270  2.4 8  4.6  88    0    0 315 -337  1
3797500 2746500  2 20  1   4.9 1025 298  2.7 8  4.8  90    0    0 319 -337  1
3797500 2746500  2 20  2   5.5 1025 319  2.5 6  4.9  91    0    0 308 -336  1
3797500 2746500  2 20  3   5.3 1025 324  2.8 5  5.0  90    0    0 286 -334  1
3797500 2746500  2 20  4   4.9 1025 326  2.7 6  4.7  87    0    0 283 -334  1
3797500 2746500  2 20  5   4.5 1025 326  3.3 5  4.4  83    0    0 277 -332  1
3797500 2746500  2 20  6   4.4 1025 327  2.7 6  4.3  83    0    0 271 -328  1
3797500 2746500  2 20  7   4.4 1025 325  2.7 7  4.3  83    0    0 289 -323  1
3797500 2746500  2 20  8   4.3 1026 321  3.3 8  4.3  84    0    0 307 -319  1
3797500 2746500  2 20  9   4.3 1026 310  3.3 8  4.3  85   12   60 312 -317  1
3797500 2746500  2 20 10   4.3 1026 323  2.8 7  4.4  86    1   85 298 -319  1
3797500 2746500  2 20 11   4.8 1026 328  3.0 8  4.4  85    0   55 296 -326  1
3797500 2746500  2 20 12   5.4 1026 328  3.0 7  4.4  82    0  103 294 -335  1
3797500 2746500  2 20 13   6.3 1026 298  2.8 7  4.4  77    0  125 286 -342  1
3797500 2746500  2 20 14   6.6 1025 298  3.0 8  4.4  74    0   81 292 -346  1
3797500 2746500  2 20 15   7.0 1025 308  3.4 7  4.3  71    0   74 290 -348  1
3797500 2746500  2 20 16   7.1 1025 302  3.9 7  4.3  69    0   70 285 -347  1
3797500 2746500  2 20 17   7.3 1024 309  3.2 7  4.3  69    0   41 286 -344  1
3797500 2746500  2 20 18   7.0 1024 297  2.1 7  4.3  68    0    8 286 -339  1
3797500 2746500  2 20 19   6.9 1024 286  2.0 7  4.3  70    0    0 286 -333  1
3797500 2746500  2 20 20   6.7 1024 276  3.2 7  4.3  70    0    0 285 -330  1
3797500 2746500  2 20 21   6.1 1024 269  3.1 7  4.3  73    0    0 285 -329  1
3797500 2746500  2 20 22   5.6 1024 247  3.4 7  4.4  77    0    0 287 -327  1
3797500 2746500  2 20 23   5.2 1023 251  3.4 7  4.4  79    0    0 291 -325  1
3797500 2746500  2 20 24   4.7 1023 254  3.6 5  4.3  80    0    0 283 -324  1
3797500 2746500  2 21  1   4.2 1023 253  3.6 6  4.1  80    0    0 280 -326  1
3797500 2746500  2 21  2   4.2 1022 243  3.3 6  4.1  80    0    0 290 -328  1
3797500 2746500  2 21  3   4.2 1022 250  3.6 6  4.1  80    0    0 293 -330  1
3797500 2746500  2 21  4   4.1 1021 239  2.9 7  4.1  80    0    0 301 -332  1
3797500 2746500  2 21  5   4.2 1021 253  4.5 8  4.2  82    0    0 316 -333  1
3797500 2746500  2 21  6   4.3 1020 242  3.7 8  4.3  84    0    0 323 -335  1
3797500 2746500  2 21  7   4.3 1019 241  3.1 8  4.4  86    0    0 324 -337  1
3797500 2746500  2 21  8   4.6 1019 249  3.2 8  4.5  87    0    0 325 -339  1
3797500 2746500  2 21  9   4.6 1019 256  3.9 7  4.7  89    0   28 319 -341  1
3797500 2746500  2 21 10   4.8 1019 251  3.3 8  4.7  89    0   51 320 -342  1
3797500 2746500  2 21 11   5.0 1019 250  4.0 8  4.8  90    0   56 327 -343  1
3797500 2746500  2 21 12   5.6 1019 261  3.9 8  5.0  90    0   53 327 -344  1
3797500 2746500  2 21 13   6.0 1018 260  3.0 8  5.1  90    0   62 328 -345  1
3797500 2746500  2 21 14   6.2 1018 251  4.1 8  5.2  90    0   60 329 -345  1
3797500 2746500  2 21 15   6.4 1017 251  4.4 8  5.3  89    0   56 328 -346  1
3797500 2746500  2 21 16   6.9 1017 312  1.2 8  5.4  89    0   42 330 -347  1
3797500 2746500  2 21 17   7.2 1016 295  2.9 8  5.5  89    0   38 331 -346  1
3797500 2746500  2 21 18   7.2 1016 278  2.1 8  5.6  89    0    7 331 -344  1
3797500 2746500  2 21 19   7.2 1016 275  2.8 8  5.5  87    0    0 330 -342  1
3797500 2746500  2 21 20   6.9 1016 286  2.8 7  5.2  83    0    0 319 -340  1
3797500 2746500  2 21 21   6.0 1016 266  2.4 7  5.0  83    0    0 310 -339  1
3797500 2746500  2 21 22   6.0 1015 293  0.8 8  5.0  86    0    0 315 -339  1
3797500 2746500  2 21 23   5.5 1015 313  1.6 8  4.9  85    0    0 320 -339  1
3797500 2746500  2 21 24   5.2 1014 294  1.3 8  4.8  86    0    0 319 -337  1
3797500 2746500  2 22  1   5.1 1014 297  1.5 6  4.8  87    0    0 306 -335  1
3797500 2746500  2 22  2   4.8 1013 308  2.0 5  4.7  88    0    0 286 -333  1
3797500 2746500  2 22  3   4.4 1013 307  2.4 4  4.6  86    0    0 273 -331  1
3797500 2746500  2 22  4   3.6 1012 269  1.0 3  4.4  87    0    0 259 -329  1
3797500 2746500  2 22  5   3.1 1012 259  1.6 3  4.3  88    0    0 252 -328  1
3797500 2746500  2 22  6   3.7 1011 267  1.4 6  4.3  88    0    0 270 -328  1
3797500 2746500  2 22  7   4.2 1011 277  1.4 7  4.3  85    0    0 295 -327  1
3797500 2746500  2 22  8   4.4 1010 276  2.0 7  4.2  81    0    0 301 -326  1
3797500 2746500  2 22  9   4.6 1010 267  2.4 7  4.3  82    2   49 300 -326  1
3797500 2746500  2 22 10   4.9 1009 280  2.6 8  4.5  84    0   67 305 -328  1
3797500 2746500  2 22 11   5.5 1009 271  3.5 7  4.6  83    2  131 307 -333  1
3797500 2746500  2 22 12   5.7 1008 270  3.0 8  4.5  79    0   82 308 -337  1
3797500 2746500  2 22 13   5.8 1008 268  3.3 7  4.3  75    0   87 309 -340  1
3797500 2746500  2 22 14   6.1 1007 282  3.6 7  4.3  73    0   90 305 -344  1
3797500 2746500  2 22 15   6.0 1006 260  4.0 6  4.3  74    3  133 300 -343  1
3797500 2746500  2 22 16   5.4 1006 285  2.9 7  4.3  75    0   84 300 -342  1
3797500 2746500  2 22 17   5.6 1005 277  3.1 7  4.1  72    0   37 303 -339  1
3797500 2746500  2 22 18   5.8 1004 269  5.3 7  4.0  70    0   11 301 -336  1
3797500 2746500  2 22 19   5.6 1004 258  3.9 5  4.1  71    0    0 289 -333  1
3797500 2746500  2 22 20   5.2 1004 259  3.6 5  4.1  74    0    0 276 -331  1
3797500 2746500  2 22 21   4.8 1003 259  3.7 4  4.2  76    0    0 269 -330  1
3797500 2746500  2 22 22   4.7 1002 258  4.0 5  4.2  78    0    0 268 -328  1
3797500 2746500  2 22 23   2.7 1002 311  2.6 6  4.0  80    0    0 275 -327  1
3797500 2746500  2 22 24   2.6 1001 303  0.0 6  3.9  84    0    0 278 -326  1
3797500 2746500  2 23  1   3.2 1000 294  1.5 7  4.1  88    0    0 284 -321  1
3797500 2746500  2 23  2   3.3  999 249  2.1 8  4.3  88    0    0 295 -317  1
3797500 2746500  2 23  3   2.8  998 239  2.8 8  4.2  88    0    0 298 -317  1
3797500 2746500  2 23  4   2.8  997 258  2.3 8  4.2  89    0    0 295 -318  1
3797500 2746500  2 23  5   3.0  997 284  2.0 7  4.2  88    0    0 289 -317  1
3797500 2746500  2 23  6   3.0  996 304  3.1 8  4.1  87    0    0 288 -316  1
3797500 2746500  2 23  7   2.8  996 335  3.7 8  4.0  84    0    0 292 -316  1
3797500 2746500  2 23  8   2.4  996 312  2.3 6  3.8  82    0    0 279 -316  1
3797500 2746500  2 23  9   2.5  997 316  2.8 6  3.7  81   19   52 269 -316  1
3797500 2746500  2 23 10   2.3  997 328  3.3 4  3.7  80   61  110 257 -316  1
3797500 2746500  2 23 11   2.7  998 317  3.8 3  3.5  76  115  150 242 -319  1
3797500 2746500  2 23 12   3.5  998 321  4.5 4  3.2  67   86  189 242 -325  1
3797500 2746500  2 23 13   3.9  998 338  4.3 3  3.0  60   80  193 245 -329  1
3797500 2746500  2 23 14   4.1  998 330  3.4 4  2.8  54   78  184 246 -332  1
3797500 2746500  2 23 15   4.4  998 336  2.7 7  2.6  49   82  161 263 -333  1
3797500 2746500  2 23 16   3.8  998 340  3.1 5  2.7  52  161   87 266 -332  1
3797500 2746500  2 23 17   3.5  998 286  2.6 4  2.9  58   80   57 252 -330  1
3797500 2746500  2 23 18   2.8  998 307  1.0 6  3.1  64   13   16 254 -325  1
3797500 2746500  2 23 19   2.4  998 113  1.1 6  3.2  69    0    0 260 -320  1
3797500 2746500  2 23 20   2.0  999 284  1.3 6  3.2  71    0    0 257 -320  1
3797500 2746500  2 23 21   1.8  999 183  0.7 6  3.2  74    0    0 257 -319  1
3797500 2746500  2 23 22   1.4  999 212  1.2 5  3.3  76    0    0 253 -318  1
3797500 2746500  2 23 23   0.7  999 247  1.4 5  3.3  81    0    0 249 -317  1
3797500 2746500  2 23 24   0.5  999  48  0.5 6  3.4  85    0    0 253 -316  1
3797500 2746500  2 24  1   0.6  999 142  0.8 6  3.4  85    0    0 259 -316  1
3797500 2746500  2 24  2   0.5  999  79  0.9 7  3.4  85    0    0 265 -316  1
3797500 2746500  2 24  3   0.4  999  80  1.0 7  3.4  86    0    0 271 -316  1
3797500 2746500  2 24  4   0.1  999  28  1.8 6  3.4  87    0    0 267 -316  1
3797500 2746500  2 24  5  -0.7 1000  51  2.6 5  3.3  88    0    0 257 -316  1
3797500 2746500  2 24  6  -1.1 1000  30  3.4 7  3.1  88    0    0 260 -316  1
3797500 2746500  2 24  7  -1.9 1000  47  3.1 8  3.0  87    0    0 272 -316  1
3797500 2746500  2 24  8  -2.3 1001  40  3.7 7  2.8  86    0    0 270 -316  1
3797500 2746500  2 24  9  -2.7 1002  33  4.1 7  2.7  86   13   52 266 -316  1
3797500 2746500  2 24 10  -3.3 1003  40  4.2 5  2.6  86   48  111 255 -316  1
3797500 2746500  2 24 11  -3.4 1003  42  3.7 5  2.4  81  129  143 244 -316  1
3797500 2746500  2 24 12  -2.6 1004  51  3.6 3  2.2  73  226  141 235 -316  1
3797500 2746500  2 24 13  -1.7 1004  51  3.3 3  2.2  66  351   71 227 -316  1
3797500 2746500  2 24 14  -1.2 1005  23  3.8 2  2.1  60  358   73 222 -316  1
3797500 2746500  2 24 15   0.0 1005  15  2.5 1  2.0  56  338   69 213 -316  1
3797500 2746500  2 24 16   0.8 1005  14  3.0 1  2.0  52  270   55 210 -316  1
3797500 2746500  2 24 17   0.8 1005  21  1.7 0  2.0  49  162   35 206 -315  1
3797500 2746500  2 24 18   0.2 1005   5  2.0 0  1.9  48   31   14 201 -313  1
3797500 2746500  2 24 19  -0.6 1005 329  1.0 1  1.9  51    0    0 202 -308  1
3797500 2746500  2 24 20  -1.1 1006 335  1.1 1  1.9  54    0    0 204 -305  1
3797500 2746500  2 24 21  -1.5 1006 306  0.7 0  2.0  58    0    0 198 -305  1
3797500 2746500  2 24 22  -2.4 1006 217  0.9 1  2.1  64    0    0 197 -305  1
3797500 2746500  2 24 23  -2.2 1006 213  0.9 1  2.2  67    0    0 201 -305  1
3797500 2746500  2 24 24  -2.5 1007 214  1.5 4  2.3  70    0    0 213 -304  1
3797500 2746500  2 25  1  -1.7 1006 221  1.8 6  2.3  72    0    0 235 -302  1
3797500 2746500  2 25  2  -1.7 1006 221  2.4 4  2.4  70    0    0 236 -301  1
3797500 2746500  2 25  3  -1.4 1006 213  2.6 3  2.3  69    0    0 225 -301  1
3797500 2746500  2 25  4  -1.9 1006 212  2.5 4  2.4  70    0    0 225 -301  1
3797500 2746500  2 25  5  -2.3 1005 213  2.5 3  2.3  72    0    0 225 -301  1
3797500 2746500  2 25  6  -2.3 1005 192  1.9 4  2.4  73    0    0 226 -301  1
3797500 2746500  2 25  7  -1.8 1005 193  1.9 5  2.4  74    0    0 236 -301  1
3797500 2746500  2 25  8  -2.3 1005 205  1.8 3  2.4  74    0    0 232 -301  1
3797500 2746500  2 25  9  -2.1 1005 203  1.8 3  2.4  74   36   56 220 -302  1
3797500 2746500  2 25 10  -0.9 1005 215  3.5 4  2.4  71   91  114 221 -306  1
3797500 2746500  2 25 11  -0.1 1005 206  3.3 5  2.5  68  176  146 231 -311  1
3797500 2746500  2 25 12   1.4 1005 205  3.5 4  2.5  62  248  158 230 -314  1
3797500 2746500  2 25 13   2.7 1005 234  4.0 5  2.4  54  310  132 229 -316  1
3797500 2746500  2 25 14   3.0 1005 234  4.2 4  2.5  53  346  105 230 -317  1
3797500 2746500  2 25 15   3.6 1004 230  5.0 3  2.6  54  301   94 222 -320  1
3797500 2746500  2 25 16   3.6 1004 251  5.2 4  2.7  54   94  125 227 -322  1
3797500 2746500  2 25 17   3.2 1003 294  2.6 7  2.7  56   15   69 248 -320  1
3797500 2746500  2 25 18   3.3 1003 231  3.8 7  2.8  57   17   19 262 -318  1
3797500 2746500  2 25 19   2.5 1003 231  4.0 6  2.8  59    0    0 255 -316  1
3797500 2746500  2 25 20   2.6 1003 229  3.8 6  2.9  62    0    0 250 -316  1
3797500 2746500  2 25 21   2.2 1003 229  3.7 7  3.1  68    0    0 255 -315  1
3797500 2746500  2 25 22   1.6 1003 227  3.5 8  3.3  76    0    0 265 -314  1
3797500 2746500  2 25 23   1.4 1003 240  4.0 8  3.5  82    0    0 270 -313  1
3797500 2746500  2 25 24   1.6 1003 241  3.4 8  3.6  84    0    0 273 -312  1
3797500 2746500  2 26  1   1.5 1002 244  3.0 6  3.7  85    0    0 265 -313  1
3797500 2746500  2 26  2   1.1 1002 238  3.6 6  3.7  88    0    0 255 -314  1
3797500 2746500  2 26  3   1.2 1002 250  3.8 6  3.7  89    0    0 254 -314  1
3797500 2746500  2 26  4   1.3 1001 242  3.0 8  3.8  89    0    0 265 -314  1
3797500 2746500  2 26  5   1.2 1001 248  2.8 8  3.7  89    0    0 275 -313  1
3797500 2746500  2 26  6   1.3 1001 248  2.9 8  3.7  89    0    0 276 -313  1
3797500 2746500  2 26  7   1.1 1001 247  2.6 8  3.7  89    0    0 277 -312  1
3797500 2746500  2 26  8   0.9 1001 241  2.6 8  3.7  89    0    0 276 -312  1
3797500 2746500  2 26  9   1.0 1000 241  3.3 8  3.7  89    0   31 277 -312  1
3797500 2746500  2 26 10   0.8 1001 251  3.4 8  3.7  89    0   64 278 -314  1
3797500 2746500  2 26 11   0.8 1001 238  3.0 8  3.7  90    0   86 280 -315  1
3797500 2746500  2 26 12   1.4 1001 237  3.0 8  3.8  91    0  102 283 -317  1
3797500 2746500  2 26 13   2.4 1001 230  3.1 6  3.9  89    8  165 275 -321  1
3797500 2746500  2 26 14   2.3 1000 219  3.4 6  3.9  86   32  185 266 -325  1
3797500 2746500  2 26 15   2.8 1000 223  3.7 7  3.9  84   16  153 269 -325  1
3797500 2746500  2 26 16   2.2  999 191  2.2 4  3.7  80  181   98 258 -324  1
3797500 2746500  2 26 17   2.2  999 178  2.3 2  3.3  74  128   51 233 -323  1
3797500 2746500  2 26 18   1.0  999 172  1.6 5  3.2  75   30   20 233 -319  1
3797500 2746500  2 26 19   0.8  998 179  1.2 4  3.2  77    0    0 235 -316  1
3797500 2746500  2 26 20   0.4  998 164  2.0 3  3.0  74    0    0 226 -315  1
3797500 2746500  2 26 21   0.2  998 161  2.3 2  2.9  74    0    0 219 -314  1
3797500 2746500  2 26 22  -0.0  998 158  2.6 2  2.9  74    0    0 203 -312  1
3797500 2746500  2 26 23   0.4  997 160  2.6 2  2.8  72    0    0 191 -312  1
3797500 2746500  2 26 24   0.9  997 163  2.6 1  2.9  71    0    0 205 -312  1
3797500 2746500  2 27  1   1.7 1024 169  2.6 2  3.0  70    0    0 233 -319  1
3797500 2746500  2 27  2   2.2 1024 177  2.7 1  3.0  69    0    0 236 -318  1
3797500 2746500  2 27  3   2.6 1023 181  2.8 1  3.1  69    0    0 236 -320  1
3797500 2746500  2 27  4   2.5 1023 187  3.0 0  3.2  71    0    0 230 -323  1
3797500 2746500  2 27  5   2.6 1022 181  2.8 0  3.2  71    0    0 223 -326  1
3797500 2746500  2 27  6   2.5 1021 194  3.3 0  3.3  73    0    0 223 -327  1
3797500 2746500  2 27  7   2.6 1021 181  2.4 1  3.3  74    0    0 227 -328  1
3797500 2746500  2 27  8   2.3 1021 187  3.5 1  3.4  75    0    0 231 -329  1
3797500 2746500  2 27  9   4.1 1020 180  3.7 1  3.5  73   45   64 231 -330  1
3797500 2746500  2 27 10   5.6 1020 184  4.1 1  3.6  68  153  112 233 -336  1
3797500 2746500  2 27 11   7.5 1020 172  4.3 3  3.8  63  212  146 245 -341  1
3797500 2746500  2 27 12   8.7 1019 171  4.8 4  4.1  62  277  164 264 -348  1
3797500 2746500  2 27 13   9.7 1019 171  4.9 4  4.3  60  354  150 272 -357  1
3797500 2746500  2 27 14  10.7 1018 171  6.0 5  4.4  57  335  148 279 -364  1
3797500 2746500  2 27 15  11.4 1017 172  6.2 4  4.4  54  233  149 282 -368  1
3797500 2746500  2 27 16  12.5 1016 170  5.5 4  4.4  50  147  121 281 -367  1
3797500 2746500  2 27 17  12.3 1015 172  6.1 6  4.4  49   75   73 291 -365  1
3797500 2746500  2 27 18  11.9 1014 163  6.0 5  4.4  50   16   23 294 -361  1
3797500 2746500  2 27 19  11.2 1013 163  6.2 7  4.3  51    0    0 296 -357  1
3797500 2746500  2 27 20  11.6 1013 174  6.9 7  4.4  53    0    0 305 -354  1
3797500 2746500  2 27 21  11.2 1012 174  6.9 6  4.6  55    0    0 303 -353  1
3797500 2746500  2 27 22  11.0 1012 174  7.2 3  4.7  57    0    0 286 -353  1
3797500 2746500  2 27 23  10.7 1011 175  6.0 4  4.7  58    0    0 278 -352  1
3797500 2746500  2 27 24  10.6 1011 176  7.0 6  4.8  60    0    0 290 -352  1
3797500 2746500  2 28  1  10.8 1010 164  6.4 8  4.9  62    0    0 309 -352  1
3797500 2746500  2 28  2  10.7 1009 164  6.3 7  5.0  62    0    0 316 -352  1
3797500 2746500  2 28  3  10.9 1008 173  6.0 7  5.1  63    0    0 316 -352  1
3797500 2746500  2 28  4  11.4 1007 181  5.7 8  5.1  62    0    0 326 -351  1
3797500 2746500  2 28  5  11.6 1005 181  5.8 8  5.1  60    0    0 333 -351  1
3797500 2746500  2 28  6  11.4 1004 190  6.8 8  5.0  59    0    0 336 -351  1
3797500 2746500  2 28  7  11.9 1004 191  6.7 7  5.1  59    0    0 334 -352  1
3797500 2746500  2 28  8  11.7 1003 191  6.3 6  5.2  60    0    0 326 -352  1
3797500 2746500  2 28  9  12.5 1003 210  7.8 7  5.4  61    0   42 328 -354  1
3797500 2746500  2 28 10  12.9 1003 222  8.8 7  5.6  60   18  139 335 -357  1
3797500 2746500  2 28 11  12.4 1004 220  8.8 6  5.7  62    6  155 329 -359  1
3797500 2746500  2 28 12  11.9 1004 221  8.1 8  5.9  66    0   83 333 -358  1
3797500 2746500  2 28 13  11.0 1004 220  7.3 8  6.2  73    0   65 344 -358  1
3797500 2746500  2 28 14   9.6 1004 221  6.3 8  6.6  83    0   52 344 -358  1
3797500 2746500  2 28 15   8.8 1004 230  5.0 8  6.5  89    0   59 342 -357  1
3797500 2746500  2 28 16   8.1 1005 208  6.2 8  6.3  91    0   55 340 -358  1
3797500 2746500  2 28 17   8.1 1005 230  5.9 8  6.2  92    0   32 338 -358  1
3797500 2746500  2 28 18   7.0 1006 249  3.3 7  5.9  90    0    5 328 -356  1
3797500 2746500  2 28 19   6.7 1007 236  5.4 7  5.4  87    0    0 320 -352  1
3797500 2746500  2 28 20   7.2 1008 226  4.7 6  5.3  85    0    0 313 -348  1
3797500 2746500  2 28 21   6.8 1009 228  4.7 5  5.3  85    0    0 299 -344  1
3797500 2746500  2 28 22   6.3 1010 221  4.8 2  5.2  86    0    0 269 -341  1
3797500 2746500  2 28 23   5.9 1011 222  4.8 2  5.1  88    0    0 243 -339  1
3797500 2746500  2 28 24   5.7 1011 221  4.8 4  5.0  87    0    0 251 -336  1
3797500 2746500  3  1  1   5.4 1011 221  4.5 4  4.8  85    0    0 260 -333  1
3797500 2746500  3  1  2   5.1 1012 212  4.5 4  4.6  84    0    0 254 -331  1
3797500 2746500  3  1  3   4.9 1012 212  4.5 5  4.5  84    0    0 253 -329  1
3797500 2746500  3  1  4   5.1 1011 203  4.7 5  4.5  83    0    0 255 -328  1
3797500 2746500  3  1  5   5.4 1011 214  5.5 6  4.5  82    0    0 259 -327  1
3797500 2746500  3  1  6   5.3 1010 195  4.9 6  4.5  80    0    0 262 -325  1
3797500 2746500  3  1  7   4.5 1010 183  5.4 6  4.4  81    0    0 257 -325  1
3797500 2746500  3  1  8   4.5 1009 174  5.9 4  4.3  81    0    0 234 -325  1
3797500 2746500  3  1  9   5.4 1008 183  6.2 4  4.3  79   27   59 218 -327  1
3797500 2746500  3  1 10   6.4 1008 183  6.9 6  4.3  75   51  128 243 -332  1
3797500 2746500  3  1 11   7.1 1007 183  7.1 7  4.4  72   56  178 275 -339  1
3797500 2746500  3  1 12   8.4 1006 191  7.3 7  4.6  69   76  209 287 -345  1
3797500 2746500  3  1 13   9.1 1004 199  8.7 7  4.5  63   30  198 293 -350  1
3797500 2746500  3  1 14   9.0 1002 191  7.6 7  4.3  59   16  170 298 -353  1
3797500 2746500  3  1 15   8.7 1001 191  8.1 7  4.3  60    5  130 303 -351  1
3797500 2746500  3  1 16   8.6  998 191  9.2 8  4.3  62    0   74 316 -348  1
3797500 2746500  3  1 17   7.3  996 191  8.3 7  4.6  68    2   57 319 -347  1
3797500 2746500  3  1 18   6.4  994 181  7.4 8  4.9  78    0   16 320 -345  1
3797500 2746500  3  1 19   7.2  993 191  6.1 7  5.0  80    0    0 323 -343  1
3797500 2746500  3  1 20   7.6  992 192  7.1 8  4.9  76    0    0 325 -343  1
3797500 2746500  3  1 21   7.7  991 189  5.6 8  5.1  77    0    0 336 -343  1
3797500 2746500  3  1 22   7.9  990 199  7.2 7  5.3  79    0    0 328 -344  1
3797500 2746500  3  1 23   8.5  990 210  9.0 7  5.4  78    0    0 319 -343  1
3797500 2746500  3  1 24   7.9  989 219  7.3 7  5.4  78    0    0 317 -343  1
3797500 2746500  3  2  1   7.2  989 223  7.5 8  5.7  88    0    0 330 -343  1
3797500 2746500  3  2  2   7.0  989 270  6.3 8  5.7  89    0    0 328 -342  1
3797500 2746500  3  2  3   5.8  990 252  4.6 8  5.5  90    0    0 323 -342  1
3797500 2746500  3  2  4   5.9  990 253  4.6 8  5.4  91    0    0 319 -340  1
3797500 2746500  3  2  5   5.7  991 262  3.3 8  5.3  90    0    0 318 -340  1
3797500 2746500  3  2  6   5.8  991 270  3.8 8  5.2  90    0    0 318 -340  1
3797500 2746500  3  2  7   5.7  992 242  3.6 8  5.2  89    0    0 319 -340  1
3797500 2746500  3  2  8   5.4  993 237  4.3 7  5.1  88    0    6 309 -339  1
3797500 2746500  3  2  9   5.1  993 238  3.9 6  4.9  87    0   57 287 -338  1
3797500 2746500  3  2 10   4.6  994 230  3.2 8  4.8  87    0   66 295 -338  1
3797500 2746500  3  2 11   4.9  994 229  3.6 8  4.8  88    0   93 314 -339  1
3797500 2746500  3  2 12   5.6  995 260  2.9 6  4.8  86   21  160 302 -341  1
3797500 2746500  3  2 13   6.2  995 266  3.1 6  4.7  80   24  166 294 -341  1
3797500 2746500  3  2 14   6.6  995 257  4.1 7  4.5  74   24  156 299 -343  1
3797500 2746500  3  2 15   5.2  996 309  3.7 7  4.4  75    0  100 300 -346  1
3797500 2746500  3  2 16   5.6  996 267  2.6 5  4.6  80  146   73 288 -345  1
3797500 2746500  3  2 17   5.9  997 280  2.1 5  4.7  80   80   52 280 -341  1
3797500 2746500  3  2 18   5.5  998 267  2.2 6  4.4  77    0   21 282 -336  1
3797500 2746500  3  2 19   5.9  999 295  3.7 5  4.2  73    0    0 281 -331  1
3797500 2746500  3  2 20   5.4 1000 284  3.6 5  4.1  72    0    0 275 -328  1
3797500 2746500  3  2 21   5.0 1002 307  4.7 6  4.2  75    0    0 279 -326  1
3797500 2746500  3  2 22   4.5 1003 276  2.2 7  4.3  79    0    0 289 -326  1
3797500 2746500  3  2 23   4.8 1005 272  3.2 7  4.3  80    0    0 294 -327  1
3797500 2746500  3  2 24   4.6 1006 269  2.9 4  4.2  79    0    0 278 -326  1
3797500 2746500  3  3  1   4.2 1007 280  3.4 5  4.1  79    0    0 266 -326  1
3797500 2746500  3  3  2   4.1 1008 286  2.9 5  4.0  78    0    0 270 -325  1
3797500 2746500  3  3  3   3.4 1010 279  3.0 4  3.9  78    0    0 265 -323  1
3797500 2746500  3  3  4   2.8 1010 274  2.3 3  3.8  80    0    0 254 -321  1
3797500 2746500  3  3  5   2.4 1011 248  2.1 3  3.7  81    0    0 247 -319  1
3797500 2746500  3  3  6   1.9 1012 249  2.7 3  3.6  82    0    0 247 -318  1
3797500 2746500  3  3  7   2.0 1013 241  2.0 3  3.6  83    0    0 245 -316  1
3797500 2746500  3  3  8   1.6 1014 223  2.8 2  3.6  83    0   13 239 -316  1
3797500 2746500  3  3  9   2.5 1014 242  2.8 2  3.6  82   47   83 232 -316  1
3797500 2746500  3  3 10   4.1 1015 227  3.5 4  3.8  78  119  133 243 -316  1
3797500 2746500  3  3 11   5.6 1015 231  5.6 4  3.9  73  169  174 254 -321  1
3797500 2746500  3  3 12   6.1 1015 230  5.6 6  4.0  70   60  217 264 -330  1
3797500 2746500  3  3 13   5.9 1014 229  5.8 7  3.9  68   36  214 279 -334  1
3797500 2746500  3  3 14   6.5 1014 228  6.5 7  3.9  66   38  207 288 -335  1
3797500 2746500  3  3 15   6.7 1013 229  8.1 7  3.8  63    5  147 294 -336  1
3797500 2746500  3  3 16   6.5 1012 226  7.6 7  3.7  62    0   97 298 -336  1
3797500 2746500  3  3 17   5.6 1011 219  5.5 7  3.9  67    0   46 301 -336  1
3797500 2746500  3  3 18   5.3 1011 199  7.2 8  4.1  74    0   21 307 -334  1
3797500 2746500  3  3 19   5.6 1010 199  8.7 8  4.2  75    0    0 314 -333  1
3797500 2746500  3  3 20   5.5 1009 210  9.4 8  4.3  77    0    0 317 -333  1
3797500 2746500  3  3 21   5.4 1008 211  9.0 8  4.4  79    0    0 319 -333  1
3797500 2746500  3  3 22   5.5 1006 210  8.5 8  4.5  80    0    0 321 -334  1
3797500 2746500  3  3 23   5.2 1005 208  8.4 8  4.6  82    0    0 322 -335  1
3797500 2746500  3  3 24   5.9 1004 210  9.0 6  4.8  85    0    0 316 -336  1
3797500 2746500  3  4  1   5.9 1003 210  8.8 8  5.0  86    0    0 320 -337  1
3797500 2746500  3  4  2   6.0 1001 220  8.3 8  5.1  88    0    0 332 -339  1
3797500 2746500  3  4  3   6.7 1000 220  9.8 8  5.3  88    0    0 336 -340  1
3797500 2746500  3  4  4   6.8  999 221  9.2 8  5.5  89    0    0 338 -342  1
3797500 2746500  3  4  5   7.4  998 220  9.2 8  5.7  90    0    0 340 -343  1
3797500 2746500  3  4  6   7.8  997 219  9.3 8  5.9  90    0    0 342 -343  1
3797500 2746500  3  4  7   7.9  996 219  8.8 8  6.1  90    0    0 344 -345  1
3797500 2746500  3  4  8   8.0  995 220  8.6 8  6.2  91    0    2 345 -346  1
3797500 2746500  3  4  9   8.3  994 220  8.9 8  6.2  91    0   21 345 -347  1
3797500 2746500  3  4 10   8.5  993 219 10.1 8  6.3  89    0   41 344 -348  1
3797500 2746500  3  4 11   8.6  993 234  9.1 8  6.3  88    0   49 343 -350  1
3797500 2746500  3  4 12   5.7  993 290  4.3 8  5.7  88    0   64 335 -348  1
3797500 2746500  3  4 13   4.7  995 259  4.3 8  4.9  88    0   81 327 -343  1
3797500 2746500  3  4 14   4.9  996 234  4.5 7  4.8  88    0   68 319 -338  1
3797500 2746500  3  4 15   5.3  997 239  4.1 8  4.8  86    0   57 319 -337  1
3797500 2746500  3  4 16   5.8  998 230  3.9 7  4.8  83    0   56 318 -340  1
3797500 2746500  3  4 17   5.9  998 238  3.9 7  4.7  81    0   50 310 -341  1
3797500 2746500  3  4 18   5.6  998 220  4.1 7  4.7  81    3   36 306 -336  1
3797500 2746500  3  4 19   4.8  999 230  4.7 6  4.6  82    0    0 294 -329  1
3797500 2746500  3  4 20   4.3  999 221  4.0 6  4.5  84    0    0 282 -324  1
3797500 2746500  3  4 21   3.9 1000 230  4.2 6  4.4  86    0    0 277 -322  1
3797500 2746500  3  4 22   3.5 1000 231  4.0 7  4.4  87    0    0 281 -320  1
3797500 2746500  3  4 23   3.6 1000 241  3.4 7  4.3  87    0    0 285 -319  1
3797500 2746500  3  4 24   2.6 1001 310  3.4 7  4.2  88    0    0 283 -318  1
3797500 2746500  3  5  1   2.6 1001 241  2.1 8  4.1  88    0    0 284 -317  1
3797500 2746500  3  5  2   2.6 1001 258  2.8 8  4.1  88    0    0 287 -316  1
3797500 2746500  3  5  3   2.6 1002 277  4.5 7  4.0  87    0    0 280 -316  1
3797500 2746500  3  5  4   2.8 1003 272  5.3 7  3.9  84    0    0 273 -316  1
3797500 2746500  3  5  5   2.5 1003 280  3.8 5  3.8  82    0    0 260 -316  1
3797500 2746500  3  5  6   2.3 1005 291  3.8 6  3.7  82    0    0 254 -315  1
3797500 2746500  3  5  7   1.8 1006 294  4.7 7  3.7  83    0    0 260 -313  1
3797500 2746500  3  5  8   1.5 1008 268  4.7 6  3.6  83    0   17 258 -313  1
3797500 2746500  3  5  9   1.4 1009 271  4.4 5  3.5  83   28   73 248 -314  1
3797500 2746500  3  5 10   1.6 1010 270  4.9 5  3.6  84  129  101 242 -316  1
3797500 2746500  3  5 11   2.9 1012 271  4.6 4  3.6  81  120  153 238 -318  1
3797500 2746500  3  5 12   3.5 1012 279  5.5 5  3.5  72  112  186 241 -325  1
3797500 2746500  3  5 13   3.4 1013 303  5.7 7  3.2  66   33  194 256 -332  1
3797500 2746500  3  5 14   3.6 1014 271  4.7 7  3.4  70   30  184 265 -333  1
3797500 2746500  3  5 15   2.3 1014 284  4.5 7  3.5  74    4  137 264 -329  1
3797500 2746500  3  5 16   3.5 1014 279  6.2 4  3.3  71  148   96 252 -327  1
3797500 2746500  3  5 17   2.3 1015 274  4.4 5  3.4  72   64   70 243 -323  1
3797500 2746500  3  5 18   1.3 1016 294  4.4 4  3.4  79    7   29 238 -319  1
3797500 2746500  3  5 19   1.0 1016 273  4.4 4  3.4  83    0    1 233 -316  1
3797500 2746500  3  5 20   0.9 1017 274  5.5 5  3.4  84    0    0 237 -316  1
3797500 2746500  3  5 21   0.9 1018 264  4.6 6  3.4  84    0    0 247 -315  1
3797500 2746500  3  5 22   0.8 1019 274  3.5 4  3.4  84    0    0 242 -314  1
3797500 2746500  3  5 23   0.7 1020 258  3.9 4  3.4  85    0    0 232 -313  1
3797500 2746500  3  5 24   0.5 1021 262  3.3 3  3.3  85    0    0 228 -312  1
3797500 2746500  3  6  1   0.5 1021 261  3.5 5  3.3  86    0    0 233 -311  1
3797500 2746500  3  6  2   0.6 1022 260  3.2 3  3.4  86    0    0 234 -311  1
3797500 2746500  3  6  3   0.6 1022 259  3.1 2  3.4  86    0    0 225 -311  1
3797500 2746500  3  6  4   0.3 1022 248  3.0 3  3.3  86    0    0 225 -311  1
3797500 2746500  3  6  5   0.1 1022 259  3.2 5  3.3  87    0    0 236 -310  1
3797500 2746500  3  6  6   0.0 1023 249  2.5 5  3.3  88    0    0 244 -310  1
3797500 2746500  3  6  7   0.1 1023 239  2.5 6  3.3  89    0    0 249 -311  1
3797500 2746500  3  6  8   0.2 1023 230  2.5 6  3.4  89    0   16 253 -311  1
3797500 2746500  3  6  9   0.8 1024 230  3.3 6  3.5  89    1   67 254 -312  1
3797500 2746500  3  6 10   1.6 1024 229  2.8 8  3.6  89    2  112 265 -314  1
3797500 2746500  3  6 11   1.9 1025 229  4.2 8  3.7  88    0  125 274 -316  1
3797500 2746500  3  6 12   2.6 1025 245  3.8 7  3.7  85    8  183 271 -321  1
3797500 2746500  3  6 13   3.5 1025 213  4.0 6  3.9  83   23  221 265 -328  1
3797500 2746500  3  6 14   3.4 1025 239  4.4 8  3.9  82    0  122 271 -333  1
3797500 2746500  3  6 15   2.7 1025 252  1.6 8  3.9  84    0   89 281 -338  1
3797500 2746500  3  6 16   3.7 1025 265  0.9 7  4.0  86   17  141 279 -339  1
3797500 2746500  3  6 17   4.3 1024 222  1.0 7  4.2  85    2   72 278 -337  1
3797500 2746500  3  6 18   4.4 1024 237  2.6 8  4.3  84    0   28 281 -334  1
3797500 2746500  3  6 19   4.4 1024 225  2.3 7  4.2  83    0    2 280 -328  1
3797500 2746500  3  6 20   4.6 1024 239  2.3 7  4.2  80    0    0 275 -324  1
3797500 2746500  3  6 21   4.4 1025 223  3.0 7  4.1  78    0    0 272 -322  1
3797500 2746500  3  6 22   4.5 1024 235  3.1 7  3.9  75    0    0 271 -320  1
3797500 2746500  3  6 23   4.0 1024 232  3.2 7  3.7  74    0    0 269 -318  1
3797500 2746500  3  6 24   3.4 1025 225  3.2 5  3.8  77    0    0 259 -317  1
3797500 2746500  3  7  1   3.8 1024 217  3.3 5  3.9  80    0    0 252 -316  1
3797500 2746500  3  7  2   4.3 1024 224  3.9 6  4.0  79    0    0 258 -316  1
3797500 2746500  3  7  3   4.3 1024 224  3.8 7  4.1  79    0    0 267 -315  1
3797500 2746500  3  7  4   4.5 1024 226  3.9 7  4.1  79    0    0 272 -313  1
3797500 2746500  3  7  5   4.6 1023 227  4.1 7  4.0  77    0    0 274 -312  1
3797500 2746500  3  7  6   3.9 1023 227  4.6 7  4.0  78    0    0 273 -311  1
3797500 2746500  3  7  7   3.5 1023 227  4.9 4  3.9  79    0    0 262 -311  1
3797500 2746500  3  7  8   3.5 1023 226  5.5 4  3.8  79    0   15 250 -311  1
3797500 2746500  3  7  9   4.2 1022 235  5.6 6  3.9  78    4   76 260 -312  1
3797500 2746500  3  7 10   5.0 1022 234  6.4 4  4.0  76   92  179 262 -314  1
3797500 2746500  3  7 11   6.8 1022 224  7.4 4  4.0  71  121  239 259 -317  1
3797500 2746500  3  7 12   6.9 1022 232  7.4 7  4.0  66   26  225 277 -323  1
3797500 2746500  3  7 13   7.7 1022 230  7.4 7  4.1  64   28  237 296 -330  1
3797500 2746500  3  7 14   8.0 1021 230  6.3 6  4.1  62   28  227 294 -337  1
3797500 2746500  3  7 15   8.5 1020 239  6.8 8  4.0  60    9  171 304 -341  1
3797500 2746500  3  7 16   8.7 1020 229  6.4 7  3.9  57    6  129 315 -342  1
3797500 2746500  3  7 17   8.7 1019 229  5.5 7  3.9  56   11   94 314 -339  1
3797500 2746500  3  7 18   8.9 1019 229  5.5 7  3.8  54   11   42 317 -334  1
3797500 2746500  3  7 19   8.5 1018 221  5.0 8  3.7  53    0    2 325 -328  1
3797500 2746500  3  7 20   8.3 1018 231  4.8 8  3.7  54    0    0 335 -323  1
3797500 2746500  3  7 21   8.0 1019 232  4.8 8  3.7  56    0    0 337 -321  1
3797500 2746500  3  7 22   8.1 1018 241  5.7 8  3.9  58    0    0 336 -320  1
3797500 2746500  3  7 23   7.9 1018 232  6.1 8  4.0  60    0    0 334 -319  1
3797500 2746500  3  7 24   8.0 1018 233  6.3 8  4.0  61    0    0 332 -318  1
3797500 2746500  3  8  1   7.9 1018 233  5.0 8  4.1  62    0    0 329 -318  1
3797500 2746500  3  8  2   7.7 1017 234  5.0 8  4.2  64    0    0 328 -319  1
3797500 2746500  3  8  3   7.6 1017 225  5.6 8  4.3  67    0    0 329 -321  1
3797500 2746500  3  8  4   7.5 1017 234  5.7 8  4.4  69    0    0 330 -321  1
3797500 2746500  3  8  5   7.5 1016 235  5.7 7  4.6  72    0    0 326 -321  1
3797500 2746500  3  8  6   7.3 1016 224  5.7 8  4.8  75    0    0 326 -320  1
3797500 2746500  3  8  7   7.2 1016 223  5.6 7  5.0  79    0    0 327 -321  1
3797500 2746500  3  8  8   7.2 1016 223  5.5 8  5.2  83    0    8 330 -322  1
3797500 2746500  3  8  9   7.2 1016 213  5.6 7  5.5  87    0   45 331 -324  1
3797500 2746500  3  8 10   7.7 1016 212  5.5 8  5.7  88    0   61 333 -326  1
3797500 2746500  3  8 11   8.1 1016 222  6.3 8  5.8  88    0   57 338 -329  1
3797500 2746500  3  8 12   8.3 1016 229  5.8 8  5.9  88    0   61 338 -334  1
3797500 2746500  3  8 13   8.9 1016 230  6.7 8  6.1  88    0   62 340 -339  1
3797500 2746500  3  8 14   9.3 1016 229  6.6 8  6.2  87    0   66 342 -345  1
3797500 2746500  3  8 15  10.2 1015 230  7.6 8  6.2  83    0   95 344 -348  1
3797500 2746500  3  8 16  11.7 1014 220  7.0 7  6.2  76   36  137 343 -349  1
3797500 2746500  3  8 17  11.2 1014 221  6.4 7  6.2  73    0   59 340 -350  1
3797500 2746500  3  8 18  11.1 1013 218  6.6 8  6.2  75    2   30 345 -351  1
3797500 2746500  3  8 19  11.1 1013 240  6.7 8  6.2  75    0    2 350 -352  1
3797500 2746500  3  8 20  10.8 1013 250  6.5 8  6.1  74    0    0 350 -352  1
3797500 2746500  3  8 21   9.0 1014 241  6.3 8  6.0  79    0    0 348 -353  1
3797500 2746500  3  8 22   7.9 1014 240  5.6 8  6.1  88    0    0 345 -354  1
3797500 2746500  3  8 23   7.9 1014 231  5.7 8  6.1  92    0    0 344 -354  1
3797500 2746500  3  8 24   8.1 1014 244  6.2 8  6.2  93    0    0 344 -355  1
3797500 2746500  3  9  1   8.4 1014 238  5.2 8  6.4  94    0    0 344 -356  1
3797500 2746500  3  9  2   8.6 1014 239  5.3 8  6.5  94    0    0 345 -356  1
3797500 2746500  3  9  3   8.8 1014 240  5.2 8  6.6  95    0    0 345 -356  1
3797500 2746500  3  9  4   8.9 1014 231  5.7 8  6.7  94    0    0 346 -357  1
3797500 2746500  3  9  5   9.0 1013 230  5.7 8  6.7  94    0    0 346 -357  1
3797500 2746500  3  9  6   9.0 1013 229  6.3 8  6.7  94    0    0 347 -357  1
3797500 2746500  3  9  7   8.9 1013 229  5.8 8  6.7  94    0    0 348 -357  1
3797500 2746500  3  9  8   9.1 1012 230  6.7 8  6.8  95    0    7 349 -357  1
3797500 2746500  3  9  9   9.7 1012 230  5.9 8  7.0  95    0   30 352 -356  1
3797500 2746500  3  9 10  10.1 1012 239  6.5 8  7.2  94    0   40 354 -357  1
3797500 2746500  3  9 11  10.1 1011 229  6.4 8  7.2  94    0   44 352 -357  1
3797500 2746500  3  9 12  10.0 1011 239  5.3 8  7.2  93    0   46 351 -358  1
3797500 2746500  3  9 13  10.2 1011 240  5.8 8  7.3  94    0   51 351 -358  1
3797500 2746500  3  9 14  10.5 1011 241  6.4 8  7.4  94    0   45 351 -359  1
3797500 2746500  3  9 15  10.5 1011 250  5.0 8  7.4  93    0   42 353 -361  1
3797500 2746500  3  9 16  10.7 1011 241  5.6 7  7.3  92    0   48 347 -363  1
3797500 2746500  3  9 17  10.8 1011 254  5.4 7  7.4  91    0   45 343 -365  1
3797500 2746500  3  9 18  11.0 1011 252  6.0 8  7.5  92    0   18 349 -366  1
3797500 2746500  3  9 19  11.1 1011 250  6.2 8  7.6  92    0    2 357 -367  1
3797500 2746500  3  9 20  11.4 1011 243  6.3 8  7.6  91    0    0 358 -367  1
3797500 2746500  3  9 21  11.6 1011 240  5.7 8  7.5  89    0    0 358 -367  1
3797500 2746500  3  9 22  11.8 1011 241  5.1 8  7.5  88    0    0 359 -367  1
3797500 2746500  3  9 23  11.9 1011 250  6.4 8  7.6  88    0    0 359 -366  1
3797500 2746500  3  9 24  12.1 1011 250  6.6 7  7.8  89    0    0 355 -366  1
3797500 2746500  3 10  1  12.3 1011 259  5.9 7  7.9  89    0    0 352 -366  1
3797500 2746500  3 10  2  12.3 1011 250  5.7 7  7.9  88    0    0 353 -365  1
3797500 2746500  3 10  3  12.1 1011 259  6.6 7  7.9  89    0    0 354 -365  1
3797500 2746500  3 10  4  12.1 1011 256  7.1 8  7.8  88    0    0 358 -365  1
3797500 2746500  3 10  5  11.9 1010 258  6.8 8  7.6  87    0    0 364 -365  1
3797500 2746500  3 10  6  11.7 1010 260  7.3 8  7.6  88    0    0 363 -365  1
3797500 2746500  3 10  7  11.6 1010 251  6.8 8  7.6  89    0    0 362 -366  1
3797500 2746500  3 10  8  11.4 1009 252  6.8 8  7.6  89    0    3 360 -366  1
3797500 2746500  3 10  9  11.1 1009 266  5.1 8  7.5  90    0   22 358 -366  1
3797500 2746500  3 10 10  11.6 1010 257  7.2 8  7.6  90    0   55 357 -366  1
3797500 2746500  3 10 11  11.8 1011 256  5.6 8  7.5  87    0   53 357 -366  1
3797500 2746500  3 10 12  12.2 1011 267  5.0 8  7.2  82    0   55 357 -366  1
3797500 2746500  3 10 13  11.9 1012 302  5.1 8  6.9  78    0   58 355 -366  1
3797500 2746500  3 10 14  11.9 1013 271  6.0 7  6.5  75    0   57 347 -362  1
3797500 2746500  3 10 15  11.5 1013 264  6.6 8  6.4  75    0   62 344 -360  1
3797500 2746500  3 10 16  11.3 1013 281  6.1 8  6.3  75    0   51 347 -360  1
3797500 2746500  3 10 17  10.8 1013 279  6.9 8  6.0  73    0   27 344 -356  1
3797500 2746500  3 10 18  10.2 1014 271  5.5 8  5.8  73    0   10 340 -351  1
3797500 2746500  3 10 19   9.6 1014 263  4.2 8  5.7  76    0    0 335 -348  1
3797500 2746500  3 10 20   8.8 1015 264  3.8 8  5.9  82    0    0 331 -346  1
3797500 2746500  3 10 21   8.8 1015 265  2.3 8  6.1  87    0    0 328 -345  1
3797500 2746500  3 10 22   8.6 1015 268  4.5 8  6.1  88    0    0 327 -343  1
3797500 2746500  3 10 23   8.5 1016 265  3.3 8  6.1  88    0    0 327 -341  1
3797500 2746500  3 10 24   8.1 1016 261  4.5 8  6.0  88    0    0 325 -338  1
3797500 2746500  3 11  1   7.7 1017 300  4.6 8  5.8  88    0    0 322 -336  1
3797500 2746500  3 11  2   5.1 1018 358  4.5 8  5.2  87    0    0 316 -334  1
3797500 2746500  3 11  3   4.8 1018 357  4.2 8  4.7  88    0    0 310 -334  1
3797500 2746500  3 11  4   4.5 1019   1  2.9 8  4.5  85    0    0 309 -335  1
3797500 2746500  3 11  5   4.3 1019 357  2.8 8  4.1  79    0    0 309 -336  1
3797500 2746500  3 11  6   3.7 1020 328  1.8 7  3.8  76    0    0 304 -338  1
3797500 2746500  3 11  7   3.7 1020 342  1.5 7  3.7  75    0    0 298 -339  1
3797500 2746500  3 11  8   3.8 1020 329  1.6 6  3.7  74    7   35 294 -342  1
3797500 2746500  3 11  9   4.7 1021 329  2.0 6  3.6  71   50  110 291 -346  1
3797500 2746500  3 11 10   5.4 1021 328  2.7 5  3.5  65  143  169 289 -351  1
3797500 2746500  3 11 11   6.3 1022 329  2.0 4  3.5  62  187  220 279 -355  1
3797500 2746500  3 11 12   7.4 1022 300  2.1 4  3.6  60  194  259 275 -358  1
3797500 2746500  3 11 13   8.4 1022 252  2.2 4  3.7  56  239  266 277 -359  1
3797500 2746500  3 11 14   9.1 1021 230  2.9 4  3.7  53  237  256 280 -360  1
3797500 2746500  3 11 15   8.2 1020 220  3.1 6  3.8  55   27  200 295 -360  1
3797500 2746500  3 11 16   8.0 1019 232  3.1 7  4.1  61    0   82 315 -362  1
3797500 2746500  3 11 17   7.8 1019 200  3.2 8  4.4  67    0   45 330 -362  1
3797500 2746500  3 11 18   7.5 1017 189  3.3 8  4.8  74    0   18 338 -362  1
3797500 2746500  3 11 19   7.0 1016 188  3.0 8  5.1  81    0    1 338 -361  1
3797500 2746500  3 11 20   7.3 1015 180  4.4 8  5.4  86    0    0 337 -360  1
3797500 2746500  3 11 21   8.3 1014 199  4.8 8  5.7  87    0    0 341 -359  1
3797500 2746500  3 11 22   9.6 1014 226  6.2 8  6.2  87    0    0 346 -359  1
3797500 2746500  3 11 23   9.5 1013 249  6.4 8  6.4  86    0    0 349 -358  1
3797500 2746500  3 11 24   9.0 1013 248  6.2 8  6.2  85    0    0 349 -358  1
3797500 2746500  3 12  1   8.6 1012 240  5.9 8  6.1  86    0    0 347 -358  1
3797500 2746500  3 12  2   8.4 1011 246  5.7 7  6.0  87    0    0 339 -358  1
3797500 2746500  3 12  3   8.5 1010 240  6.6 8  6.0  87    0    0 340 -359  1
3797500 2746500  3 12  4   8.4 1009 239  6.3 8  6.1  88    0    0 348 -359  1
3797500 2746500  3 12  5   8.4 1009 241  6.3 8  6.2  90    0    0 348 -359  1
3797500 2746500  3 12  6   8.6 1008 240  6.3 8  6.3  91    0    0 349 -358  1
3797500 2746500  3 12  7   8.5 1008 250  6.1 8  6.4  92    0    0 348 -358  1
3797500 2746500  3 12  8   8.5 1007 261  5.7 8  6.4  92    0   17 348 -358  1
3797500 2746500  3 12  9   8.6 1007 261  5.3 8  6.5  92    0   46 349 -358  1
3797500 2746500  3 12 10   8.8 1007 262  5.4 8  6.4  91    0   57 349 -357  1
3797500 2746500  3 12 11   8.9 1008 272  5.4 8  6.3  89    0   64 349 -357  1
3797500 2746500  3 12 12   9.3 1008 272  5.7 7  6.2  86    0   94 342 -356  1
3797500 2746500  3 12 13   9.6 1008 264  6.1 6  5.9  80    0  111 330 -357  1
3797500 2746500  3 12 14   9.8 1009 280  5.3 8  5.6  74    0   64 336 -358  1
3797500 2746500  3 12 15  10.0 1009 281  5.3 8  5.3  69    0   72 346 -357  1
3797500 2746500  3 12 16  10.0 1009 276  4.9 8  5.3  69    0   71 346 -356  1
3797500 2746500  3 12 17   9.6 1010 295  4.6 8  5.1  67    0   60 344 -354  1
3797500 2746500  3 12 18   9.1 1010 297  4.5 7  4.8  66    2   46 335 -351  1
3797500 2746500  3 12 19   8.6 1011 302  5.0 7  4.8  68    0    2 326 -349  1
3797500 2746500  3 12 20   8.3 1012 285  4.8 8  4.9  71    0    0 329 -347  1
3797500 2746500  3 12 21   7.7 1013 304  4.0 8  4.9  74    0    0 333 -347  1
3797500 2746500  3 12 22   7.4 1014 305  4.1 8  5.0  77    0    0 331 -346  1
3797500 2746500  3 12 23   7.2 1015 288  3.5 8  5.0  79    0    0 332 -346  1
3797500 2746500  3 12 24   6.7 1015 276  2.7 8  5.1  83    0    0 331 -345  1
3797500 2746500  3 13  1   6.3 1016 273  2.1 6  5.2  87    0    0 318 -345  1
3797500 2746500  3 13  2   6.3 1017 267  2.1 8  5.3  90    0    0 316 -343  1
3797500 2746500  3 13  3   6.2 1017 276  2.3 8  5.4  91    0    0 326 -342  1
3797500 2746500  3 13  4   6.4 1018 297  2.8 8  5.4  91    0    0 325 -342  1
3797500 2746500  3 13  5   6.3 1018 294  2.7 8  5.4  90    0    0 324 -341  1
3797500 2746500  3 13  6   6.3 1018 309  2.1 8  5.3  90    0    0 323 -340  1
3797500 2746500  3 13  7   6.2 1018 346  1.9 8  5.2  88    0    0 321 -340  1
3797500 2746500  3 13  8   6.2 1019 327  1.3 8  5.2  88    0   21 320 -340  1
3797500 2746500  3 13  9   6.5 1019 268  1.3 8  5.3  89    0   52 319 -341  1
3797500 2746500  3 13 10   6.5 1019 266  2.8 8  5.3  89    0   61 319 -346  1
3797500 2746500  3 13 11   6.8 1020 290  1.5 8  5.2  86    0   63 319 -351  1
3797500 2746500  3 13 12   7.5 1020 269  2.6 7  4.9  79    0  126 316 -357  1
3797500 2746500  3 13 13   7.9 1020 277  2.6 6  4.6  71    1  176 307 -360  1
3797500 2746500  3 13 14   8.3 1020 260  2.6 6  4.5  68    2  171 303 -362  1
3797500 2746500  3 13 15   7.8 1020 241  2.5 8  4.4  67    0  106 316 -363  1
3797500 2746500  3 13 16   8.7 1019 243  2.4 7  4.4  65    1  118 322 -360  1
3797500 2746500  3 13 17   9.1 1019 210  1.9 4  4.6  65   22  134 304 -357  1
3797500 2746500  3 13 18   8.6 1019 205  2.0 7  4.6  66    8   59 303 -355  1
3797500 2746500  3 13 19   8.1 1019 206  1.9 7  4.6  68    0    6 314 -350  1
3797500 2746500  3 13 20   8.1 1019 201  1.8 7  4.7  70    0    0 313 -345  1
3797500 2746500  3 13 21   7.6 1019 179  2.0 7  4.8  73    0    0 312 -340  1
3797500 2746500  3 13 22   7.6 1019 186  1.8 7  4.9  75    0    0 311 -336  1
3797500 2746500  3 13 23   7.3 1019 195  2.5 7  4.8  75    0    0 310 -333  1
3797500 2746500  3 13 24   7.2 1019 193  2.5 7  4.8  76    0    0 310 -331  1
3797500 2746500  3 14  1   7.1 1019 198  2.4 7  4.8  77    0    0 310 -329  1
3797500 2746500  3 14  2   7.2 1019 192  2.5 7  4.8  77    0    0 311 -326  1
3797500 2746500  3 14  3   7.2 1019 194  3.1 7  4.8  76    0    0 311 -325  1
3797500 2746500  3 14  4   7.1 1019 205  2.5 7  4.7  76    0    0 311 -324  1
3797500 2746500  3 14  5   7.0 1018 180  2.6 7  4.7  76    0    0 311 -323  1
3797500 2746500  3 14  6   6.7 1018 173  2.6 7  4.7  76    0    0 309 -322  1
3797500 2746500  3 14  7   6.5 1019 183  3.1 7  4.6  77    0    0 308 -321  1
3797500 2746500  3 14  8   6.5 1019 182  3.1 6  4.6  77    2   37 301 -321  1
3797500 2746500  3 14  9   7.2 1019 195  3.3 6  4.7  76   31  108 296 -325  1
3797500 2746500  3 14 10   8.5 1019 233  4.8 6  4.8  73  115  156 299 -334  1
3797500 2746500  3 14 11   9.0 1019 223  5.0 6  4.9  70  115  206 301 -345  1
3797500 2746500  3 14 12  10.3 1018 240  5.1 5  5.0  67  277  190 300 -355  1
3797500 2746500  3 14 13  11.4 1018 220  5.2 5  5.1  64  275  209 301 -362  1
3797500 2746500  3 14 14  11.8 1018 239  5.3 6  5.3  62  109  232 309 -367  1
3797500 2746500  3 14 15  11.6 1017 229  5.6 7  5.4  63    8  171 321 -369  1
3797500 2746500  3 14 16  11.0 1017 228  5.0 8  5.6  67    0   76 331 -368  1
3797500 2746500  3 14 17  10.4 1017 239  4.2 8  5.6  71    0   46 337 -365  1
3797500 2746500  3 14 18   9.8 1017 238  3.4 7  5.7  75    0   32 331 -361  1
3797500 2746500  3 14 19   8.8 1017 228  2.6 6  6.0  83    0    3 321 -356  1
3797500 2746500  3 14 20   8.8 1017 230  2.5 5  6.3  90    0    0 310 -353  1
3797500 2746500  3 14 21   9.1 1017 253  3.9 7  6.4  91    0    0 316 -351  1
3797500 2746500  3 14 22   9.1 1017 254  3.4 8  6.5  91    0    0 332 -350  1
3797500 2746500  3 14 23   9.1 1017 273  2.3 8  6.5  91    0    0 339 -350  1
3797500 2746500  3 14 24   9.1 1017 273  3.0 8  6.5  91    0    0 340 -350  1
3797500 2746500  3 15  1   9.2 1017 264  3.3 8  6.6  91    0    0 341 -350  1
3797500 2746500  3 15  2   9.2 1017 235  3.5 8  6.6  91    0    0 343 -350  1
3797500 2746500  3 15  3   9.1 1016 223  4.3 8  6.5  91    0    0 343 -351  1
3797500 2746500  3 15  4   9.2 1015 222  3.7 8  6.6  91    0    0 345 -352  1
3797500 2746500  3 15  5   9.1 1014 213  3.6 8  6.6  92    0    0 347 -353  1
3797500 2746500  3 15  6   9.3 1014 210  3.6 8  6.7  92    0    0 348 -354  1
3797500 2746500  3 15  7   9.5 1013 231  4.1 8  6.8  92    0    0 350 -354  1
3797500 2746500  3 15  8   9.6 1013 231  4.2 8  6.8  91    0   25 351 -355  1
3797500 2746500  3 15  9   9.5 1012 240  3.4 7  6.8  91    0   40 346 -356  1
3797500 2746500  3 15 10   9.5 1012 241  3.6 8  6.8  91    0   48 345 -357  1
3797500 2746500  3 15 11   9.4 1012 243  4.6 8  6.8  92    0   53 350 -358  1
3797500 2746500  3 15 12   9.4 1011 231  4.1 8  6.8  92    0   79 349 -359  1
3797500 2746500  3 15 13   9.7 1010 257  4.8 8  6.7  91    0   66 349 -359  1
3797500 2746500  3 15 14  10.1 1010 250  5.5 8  6.7  88    0   68 350 -359  1
3797500 2746500  3 15 15  10.2 1009 255  6.2 8  6.7  86    0   76 349 -357  1
3797500 2746500  3 15 16   9.2 1008 278  5.2 8  6.5  87    0   61 343 -354  1
3797500 2746500  3 15 17   7.0 1008 303  6.2 8  5.9  88    0   42 333 -351  1
3797500 2746500  3 15 18   6.4 1009 302  4.6 8  5.2  84    2   38 323 -348  1
3797500 2746500  3 15 19   6.3 1010 298  4.4 7  4.8  80    0    5 310 -345  1
3797500 2746500  3 15 20   6.0 1011 302  4.0 7  4.6  78    0    0 298 -341  1
3797500 2746500  3 15 21   5.7 1012 302  3.8 6  4.4  76    0    0 279 -337  1
3797500 2746500  3 15 22   5.3 1013 300  3.7 6  4.3  76    0    0 269 -334  1
3797500 2746500  3 15 23   4.9 1013 270  3.5 4  4.0  74    0    0 276 -330  1
3797500 2746500  3 15 24   4.6 1014 225  3.3 3  3.8  71    0    0 260 -328  1
3797500 2746500  3 16  1   4.4 1037 173  2.9 2  3.5  68    0    0 227 -314  1
3797500 2746500  3 16  2   4.1 1037 122  2.4 0  3.3  65    0    0 225 -314  1
3797500 2746500  3 16  3   3.7 1037  86  2.0 0  3.1  63    0    0 223 -313  1
3797500 2746500  3 16  4   3.2 1037  73  1.9 0  3.1  65    0    0 220 -312  1
3797500 2746500  3 16  5   2.9 1037  85  2.0 0  3.1  66    0    0 219 -312  1
3797500 2746500  3 16  6   1.9 1037  58  1.8 0  3.0  69    0    0 216 -311  1
3797500 2746500  3 16  7   1.9 1037  74  1.9 1  3.0  71    0    0 219 -311  1
3797500 2746500  3 16  8   1.7 1037  82  1.7 0  3.1  74   26   42 218 -311  1
3797500 2746500  3 16  9   4.7 1037  81  1.4 0  3.3  70  103   97 217 -313  1
3797500 2746500  3 16 10   6.5 1037  94  1.8 0  3.3  60  266  104 222 -317  1
3797500 2746500  3 16 11   8.7 1037  98  1.7 0  3.2  51  382  111 226 -324  1
3797500 2746500  3 16 12   9.8 1037 116  2.6 0  3.1  44  454  118 230 -334  1
3797500 2746500  3 16 13  10.3 1037 106  2.7 0  3.1  42  488  120 232 -346  1
3797500 2746500  3 16 14  11.3 1036  36  2.7 0  3.2  41  478  114 235 -353  1
3797500 2746500  3 16 15  12.1 1035  28  2.3 0  3.3  39  427  101 239 -357  1
3797500 2746500  3 16 16  12.6 1035  60  2.2 0  3.2  37  329   91 242 -358  1
3797500 2746500  3 16 17  12.7 1034  44  2.1 0  3.2  36  207   74 244 -355  1
3797500 2746500  3 16 18  12.3 1034  52  1.8 3  3.3  37   80   46 252 -349  1
3797500 2746500  3 16 19  11.1 1034  50  1.7 2  3.2  39    6    9 255 -341  1
3797500 2746500  3 16 20  10.1 1034  62  1.6 2  3.2  42    0    0 248 -333  1
3797500 2746500  3 16 21   7.7 1034  52  1.6 4  3.3  48    0    0 248 -329  1
3797500 2746500  3 16 22   7.3 1034  90  1.0 1  3.5  55    0    0 242 -325  1
3797500 2746500  3 16 23   5.1 1033  89  1.2 1  3.6  62    0    0 234 -322  1
3797500 2746500  3 16 24   5.2 1033  87  1.3 3  3.6  67    0    0 234 -319  1
3797500 2746500  3 17  1   6.3 1033 115  0.8 1  3.7  66    0    0 236 -316  1
3797500 2746500  3 17  2   5.2 1033 161  0.8 1  3.7  66    0    0 235 -314  1
3797500 2746500  3 17  3   5.0 1032 189  0.9 3  3.7  70    0    0 235 -313  1
3797500 2746500  3 17  4   3.8 1031 169  0.5 3  3.7  72    0    0 234 -313  1
3797500 2746500  3 17  5   4.1 1031 197  0.7 5  3.6  73    0    0 236 -312  1
3797500 2746500  3 17  6   4.5 1031 246  0.9 5  3.6  72    0    0 241 -312  1
3797500 2746500  3 17  7   3.8 1031 228  1.3 7  3.7  73    0    0 247 -312  1
3797500 2746500  3 17  8   4.0 1030 245  1.2 6  3.8  76    6   48 251 -312  1
3797500 2746500  3 17  9   5.7 1030 261  0.9 5  3.9  73   84  110 251 -314  1
3797500 2746500  3 17 10   6.7 1030 268  1.4 3  4.0  69  238  133 247 -320  1
3797500 2746500  3 17 11   8.1 1029 320  2.5 2  4.0  64  326  161 243 -331  1
3797500 2746500  3 17 12   9.2 1029 358  3.5 1  4.0  59  399  172 244 -344  1
3797500 2746500  3 17 13   8.9 1028 358  4.5 1  3.8  55  421  179 244 -355  1
3797500 2746500  3 17 14   7.7 1028   9  5.0 0  3.8  57  403  177 242 -361  1
3797500 2746500  3 17 15   7.0 1028   1  5.2 2  3.8  61  329  161 242 -363  1
3797500 2746500  3 17 16   6.8 1027  20  4.8 2  3.8  62  131  163 245 -361  1
3797500 2746500  3 17 17   5.6 1027  40  4.5 5  3.9  66   14  107 248 -356  1
3797500 2746500  3 17 18   5.3 1027  31  3.9 6  3.8  68    1   44 252 -349  1
3797500 2746500  3 17 19   5.4 1027  27  4.1 8  3.7  67    0    5 255 -341  1
3797500 2746500  3 17 20   4.8 1027  38  2.9 7  3.7  69    0    0 257 -334  1
3797500 2746500  3 17 21   4.6 1027  28  3.3 4  3.7  72    0    0 248 -330  1
3797500 2746500  3 17 22   4.1 1027  38  2.7 1  3.8  74    0    0 238 -327  1
3797500 2746500  3 17 23   3.5 1028  48  2.1 0  3.8  77    0    0 232 -323  1
3797500 2746500  3 17 24   3.2 1028  42  1.5 0  3.8  80    0    0 231 -320  1
3797500 2746500  3 18  1   1.8 1028  59  0.7 0  3.8  84    0    0 228 -317  1
3797500 2746500  3 18  2   1.0 1028  60  0.8 0  3.6  88    0    0 225 -315  1
3797500 2746500  3 18  3   1.3 1028  56  0.5 0  3.6  89    0    0 225 -314  1
3797500 2746500  3 18  4   1.1 1028  38  0.5 0  3.6  89    0    0 226 -313  1
3797500 2746500  3 18  5   0.5 1028  24  0.1 0  3.5  89    0    0 224 -312  1
3797500 2746500  3 18  6  -0.3 1028 136  0.3 3  3.3  88    0    0 232 -312  1
3797500 2746500  3 18  7   0.2 1028 129  0.0 3  3.3  88    0    0 245 -312  1
3797500 2746500  3 18  8   1.7 1028  72  0.3 5  3.6  90   30   41 259 -312  1
3797500 2746500  3 18  9   4.4 1028 100  1.2 2  3.9  84  118   91 262 -314  1
3797500 2746500  3 18 10   6.0 1028  67  0.9 2  4.1  76  293   85 255 -319  1
3797500 2746500  3 18 11   7.9 1028  94  1.4 3  4.2  69  387   99 264 -328  1
3797500 2746500  3 18 12   8.7 1028  36  2.2 3  4.0  60  499   86 273 -341  1
3797500 2746500  3 18 13  10.1 1028  21  2.6 3  3.9  54  548   84 275 -352  1
3797500 2746500  3 18 14  11.0 1027  32  3.7 3  4.0  51  535   81 280 -361  1
3797500 2746500  3 18 15  11.7 1027  38  3.7 0  3.8  46  312   98 266 -366  1
3797500 2746500  3 18 16  12.1 1026  42  3.5 0  3.5  41   90   85 250 -366  1
3797500 2746500  3 18 17  12.3 1025  33  3.5 1  3.4  39  240   60 255 -360  1
3797500 2746500  3 18 18  12.0 1025  41  2.4 0  3.4  39   96   43 255 -353  1
3797500 2746500  3 18 19  10.8 1025  40  2.2 1  3.6  44    8   10 254 -345  1
3797500 2746500  3 18 20  10.0 1025  37  2.0 1  3.7  48    0    0 255 -338  1
3797500 2746500  3 18 21   9.1 1025  48  2.3 0  3.7  51    0    0 248 -333  1
3797500 2746500  3 18 22   8.5 1025  62  1.4 0  3.6  51    0    0 240 -330  1
3797500 2746500  3 18 23   7.9 1025  59  0.7 1  3.5  52    0    0 243 -327  1
3797500 2746500  3 18 24   7.0 1025  89  1.0 0  3.5  56    0    0 241 -324  1
3797500 2746500  3 19  1   5.4 1025   3  2.0 0  3.6  62    0    0 234 -321  1
3797500 2746500  3 19  2   4.4 1025  93  0.6 0  3.7  69    0    0 231 -318  1
3797500 2746500  3 19  3   5.8 1025  83  0.5 1  3.7  69    0    0 236 -316  1
3797500 2746500  3 19  4   5.0 1025  97  0.5 1  3.7  67    0    0 241 -315  1
3797500 2746500  3 19  5   4.4 1024  85  0.6 1  3.7  70    0    0 239 -313  1
3797500 2746500  3 19  6   3.0 1024  23  1.4 1  3.8  77    0    0 236 -313  1
3797500 2746500  3 19  7   3.1 1024  33  1.2 0  3.8  80    0    0 231 -313  1
3797500 2746500  3 19  8   2.2 1024 105  0.7 0  3.7  82   41   42 223 -313  1
3797500 2746500  3 19  9   4.9 1025  54  0.5 0  3.9  82  131   91 226 -316  1
3797500 2746500  3 19 10   8.0 1024 342  1.7 1  3.9  66  306   88 237 -326  1
3797500 2746500  3 19 11   8.9 1024 323  2.7 1  3.5  52  426   92 246 -340  1
3797500 2746500  3 19 12   9.3 1024 336  3.9 1  3.4  47  504   95 247 -354  1
3797500 2746500  3 19 13  10.4 1023 327  4.0 2  3.4  45  504  107 253 -365  1
3797500 2746500  3 19 14  10.1 1023 328  4.4 3  3.5  46  512   95 258 -374  1
3797500 2746500  3 19 15  10.4 1022 330  4.3 0  3.6  47  309  103 252 -378  1
3797500 2746500  3 19 16  10.2 1022 337  3.9 0  3.7  48  194  115 248 -380  1
3797500 2746500  3 19 17   9.0 1021 349  4.2 1  3.9  53  230   66 248 -377  1
3797500 2746500  3 19 18   8.3 1021 352  3.4 1  4.1  59   93   45 246 -368  1
3797500 2746500  3 19 19   7.2 1021   1  3.1 3  4.2  65    8   10 244 -355  1
3797500 2746500  3 19 20   6.6 1021   2  2.8 2  4.2  69    0    0 241 -344  1
3797500 2746500  3 19 21   5.8 1022  10  2.5 1  4.2  71    0    0 239 -338  1
3797500 2746500  3 19 22   5.2 1022 355  1.9 2  4.1  73    0    0 239 -334  1
3797500 2746500  3 19 23   5.0 1022 355  2.0 3  4.1  75    0    0 242 -331  1
3797500 2746500  3 19 24   5.1 1022 348  2.0 7  4.1  76    0    0 258 -328  1
3797500 2746500  3 20  1   5.6 1022  19  1.8 7  4.0  74    0    0 279 -326  1
3797500 2746500  3 20  2   4.7 1022 326  1.7 7  4.0  74    0    0 289 -323  1
3797500 2746500  3 20  3   4.4 1021 342  1.9 8  3.9  76    0    0 301 -322  1
3797500 2746500  3 20  4   4.3 1021 311  1.9 8  3.9  76    0    0 309 -323  1
3797500 2746500  3 20  5   4.1 1021 338  2.1 8  3.9  77    0    0 311 -322  1
3797500 2746500  3 20  6   3.6 1021 356  1.6 8  3.8  78    0    0 307 -321  1
3797500 2746500  3 20  7   3.2 1021 312  1.8 8  3.7  78    0    0 301 -320  1
3797500 2746500  3 20  8   3.1 1021 302  1.3 8  3.7  78    0   31 300 -320  1
3797500 2746500  3 20  9   2.9 1021  27  1.6 7  3.6  77    0   79 291 -325  1
3797500 2746500  3 20 10   3.0 1022 106  1.1 7  3.6  77    0  130 283 -337  1
3797500 2746500  3 20 11   3.0 1022 324  1.6 8  3.6  76    0  132 287 -350  1
3797500 2746500  3 20 12   3.4 1022 358  1.6 7  3.6  76    0  160 290 -362  1
3797500 2746500  3 20 13   3.9 1022 316  1.3 7  3.6  74   15  249 289 -372  1
3797500 2746500  3 20 14   5.5 1022 313  1.2 5  3.6  68  254  278 280 -379  1
3797500 2746500  3 20 15   6.3 1021  15  2.2 2  3.6  62  351  213 258 -383  1
3797500 2746500  3 20 16   6.7 1021 356  2.8 2  3.5  58  263  177 249 -382  1
3797500 2746500  3 20 17   6.4 1020  32  2.4 3  3.5  59   31  114 251 -379  1
3797500 2746500  3 20 18   5.7 1020  43  2.4 5  3.6  62    0   24 260 -371  1
3797500 2746500  3 20 19   4.5 1020  55  2.5 6  3.4  64    0    5 269 -359  1
3797500 2746500  3 20 20   3.2 1021  64  2.3 6  3.3  67    0    0 271 -347  1
3797500 2746500  3 20 21   2.8 1021  83  2.7 5  3.2  69    0    0 268 -338  1
3797500 2746500  3 20 22   2.1 1021  70  1.9 1  3.1  70    0    0 244 -332  1
3797500 2746500  3 20 23   2.0 1021  53  1.3 1  3.1  70    0    0 223 -327  1
3797500 2746500  3 20 24   1.2 1021  50  2.0 2  3.0  72    0    0 224 -322  1
3797500 2746500  3 21  1   0.5 1020  71  2.0 4  3.0  75    0    0 237 -318  1
3797500 2746500  3 21  2   0.1 1020  77  2.5 4  2.9  76    0    0 245 -315  1
3797500 2746500  3 21  3   1.0 1020  79  2.9 7  3.0  76    0    0 262 -316  1
3797500 2746500  3 21  4   1.5 1020 106  2.5 8  3.1  74    0    0 287 -315  1
3797500 2746500  3 21  5   2.0 1020  93  2.7 8  3.1  73    0    0 295 -312  1
3797500 2746500  3 21  6   1.6 1019 104  2.7 7  3.1  73    0    0 289 -312  1
3797500 2746500  3 21  7   1.5 1019  93  3.3 6  3.1  74    0    0 277 -312  1
3797500 2746500  3 21  8   1.7 1020  77  2.7 4  3.1  74   23   53 261 -313  1
3797500 2746500  3 21  9   3.2 1021  70  3.6 2  3.2  71  100  117 240 -316  1
3797500 2746500  3 21 10   5.1 1021 111  4.6 2  3.2  63  260  134 234 -328  1
3797500 2746500  3 21 11   6.5 1021 130  4.4 1  3.2  57  373  148 236 -345  1
3797500 2746500  3 21 12   7.3 1020 113  4.0 0  3.2  53  448  156 230 -360  1
3797500 2746500  3 21 13   8.1 1020 112  3.6 0  3.2  49  492  154 229 -370  1
3797500 2746500  3 21 14   9.0 1020  95  4.1 0  3.1  46  488  145 234 -377  1
3797500 2746500  3 21 15   9.5 1020  93  4.2 0  3.2  44  428  135 239 -381  1
3797500 2746500  3 21 16   9.8 1019  79  4.1 0  3.2  43  336  116 241 -381  1
3797500 2746500  3 21 17  10.5 1019  41  4.8 0  3.1  41  218   91 243 -378  1
3797500 2746500  3 21 18  10.2 1019  51  3.4 3  3.1  40   93   58 254 -370  1
3797500 2746500  3 21 19   9.2 1019  48  3.2 2  3.1  41   10   12 258 -358  1
3797500 2746500  3 21 20   7.6 1019  63  2.5 2  3.0  44    0    0 248 -348  1
3797500 2746500  3 21 21   6.7 1020  68  2.5 3  3.0  47    0    0 246 -341  1
3797500 2746500  3 21 22   5.3 1020  77  2.1 0  3.0  52    0    0 236 -336  1
3797500 2746500  3 21 23   4.9 1020  81  2.2 0  3.0  56    0    0 225 -333  1
3797500 2746500  3 21 24   4.2 1020  94  1.9 1  3.0  58    0    0 227 -330  1
3797500 2746500  3 22  1   3.0 1020 101  1.9 1  3.0  62    0    0 228 -327  1
3797500 2746500  3 22  2   3.1 1020 100  1.7 2  2.9  63    0    0 230 -324  1
3797500 2746500  3 22  3   2.4 1020 105  1.5 2  2.8  62    0    0 231 -321  1
3797500 2746500  3 22  4   1.2 1020  91  1.7 2  2.8  64    0    0 228 -319  1
3797500 2746500  3 22  5  -0.3 1020  60  1.4 2  2.7  70    0    0 223 -317  1
3797500 2746500  3 22  6   0.1 1020 100  2.4 2  2.6  69    0    0 220 -316  1
3797500 2746500  3 22  7   0.5 1020 102  2.3 2  2.4  62    0    0 219 -315  1
3797500 2746500  3 22  8   3.1 1021  92  2.4 0  2.3  53   44   52 214 -316  1
3797500 2746500  3 22  9   4.5 1021  91  2.9 0  2.2  44  136  102 210 -321  1
3797500 2746500  3 22 10   6.4 1021  72  2.4 1  2.2  40  340   79 218 -331  1
3797500 2746500  3 22 11   8.4 1021  73  2.5 1  2.2  35  469   73 227 -345  1
3797500 2746500  3 22 12   9.8 1021  82  2.5 1  2.2  31  553   69 233 -358  1
3797500 2746500  3 22 13  10.9 1021  73  3.4 1  2.1  27  585   66 236 -371  1
3797500 2746500  3 22 14  12.4 1020  94  2.8 2  1.9  23  571   60 243 -380  1
3797500 2746500  3 22 15  13.2 1020  86  3.0 0  1.9  21  503   59 244 -385  1
3797500 2746500  3 22 16  13.9 1019  73  3.4 1  2.2  23  401   54 246 -387  1
3797500 2746500  3 22 17  13.7 1019  64  3.0 2  2.2  22  260   56 250 -383  1
3797500 2746500  3 22 18  13.2 1018  51  2.7 1  2.1  22  118   41 249 -373  1
3797500 2746500  3 22 19  11.4 1018  90  2.5 1  2.2  24   13   11 243 -360  1
3797500 2746500  3 22 20  10.6 1019 107  2.0 0  2.1  26    0    0 236 -349  1
3797500 2746500  3 22 21   8.4 1019 120  1.6 0  2.0  28    0    0 229 -341  1
3797500 2746500  3 22 22   8.6 1019 131  2.2 0  2.0  30    0    0 225 -334  1
3797500 2746500  3 22 23   8.0 1019 111  2.4 0  2.0  29    0    0 224 -329  1
3797500 2746500  3 22 24   8.2 1019 137  3.4 0  1.9  28    0    0 223 -324  1
3797500 2746500  3 23  1   7.7 1019 129  2.9 0  1.7  26    0    0 223 -321  1
3797500 2746500  3 23  2   6.6 1019 138  3.4 0  1.7  28    0    0 220 -318  1
3797500 2746500  3 23  3   5.6 1019 138  2.9 0  1.7  30    0    0 218 -315  1
3797500 2746500  3 23  4   5.7 1019 135  2.4 0  1.7  30    0    0 216 -313  1
3797500 2746500  3 23  5   5.4 1019 148  3.8 0  1.7  30    0    0 217 -312  1
3797500 2746500  3 23  6   5.5 1019 130  3.4 0  1.7  31    0    0 217 -312  1
3797500 2746500  3 23  7   5.8 1020 130  3.7 1  1.7  30    0    0 222 -311  1
3797500 2746500  3 23  8   7.3 1020 145  4.4 0  1.7  29   50   54 225 -312  1
3797500 2746500  3 23  9   9.5 1020 157  3.5 0  1.9  28  151  100 227 -315  1
3797500 2746500  3 23 10  10.8 1021  53  5.3 0  1.9  25  347   82 232 -323  1
3797500 2746500  3 23 11  12.1 1021 138  4.2 0  2.0  24  474   78 234 -339  1
3797500 2746500  3 23 12  13.5 1020 158  2.7 0  1.9  21  558   73 239 -358  1
3797500 2746500  3 23 13  14.8 1020 135  3.6 0  1.8  19  598   66 243 -376  1
3797500 2746500  3 23 14  15.9 1020 129  3.2 0  1.8  17  592   57 247 -390  1
3797500 2746500  3 23 15  16.7 1019 189  2.8 0  1.7  15  524   57 250 -399  1
3797500 2746500  3 23 16  17.6 1019 188  2.1 0  1.7  14  413   56 252 -401  1
3797500 2746500  3 23 17  17.9 1019 173  2.1 0  1.7  14  267   57 254 -395  1
3797500 2746500  3 23 18  17.1 1018 195  1.4 0  1.7  14  119   46 253 -384  1
3797500 2746500  3 23 19  14.9 1019 170  1.3 1  1.6  14   14   12 248 -370  1
3797500 2746500  3 23 20  12.3 1019 155  1.5 1  1.6  17    0    0 242 -357  1
3797500 2746500  3 23 21  10.5 1019 130  1.8 0  1.9  22    0    0 237 -346  1
3797500 2746500  3 23 22  10.5 1020 147  2.5 0  2.0  25    0    0 236 -339  1
3797500 2746500  3 23 23  11.0 1020 150  2.1 0  2.0  25    0    0 237 -335  1
3797500 2746500  3 23 24   9.8 1020 170  1.1 0  2.0  25    0    0 236 -333  1
3797500 2746500  3 24  1   9.1 1020 180  1.6 0  2.0  28    0    0 234 -333  1
3797500 2746500  3 24  2   9.0 1020 185  1.6 0  2.1  29    0    0 234 -333  1
3797500 2746500  3 24  3   7.3 1020 190  2.2 0  2.1  32    0    0 232 -332  1
3797500 2746500  3 24  4   7.7 1020 180  1.2 0  2.2  34    0    0 231 -331  1
3797500 2746500  3 24  5   7.2 1020 192  1.7 0  2.2  35    0    0 231 -330  1
3797500 2746500  3 24  6   7.3 1020 192  1.3 0  2.2  36    0    0 231 -328  1
3797500 2746500  3 24  7   7.6 1020 190  1.2 0  2.3  36    0    0 232 -327  1
3797500 2746500  3 24  8   8.4 1020 198  1.0 0  2.4  36   37   64 233 -327  1
3797500 2746500  3 24  9  11.2 1020 172  0.9 0  2.6  35  110  129 237 -332  1
3797500 2746500  3 24 10  13.2 1020 176  1.1 0  2.9  33  263  146 243 -345  1
3797500 2746500  3 24 11  15.3 1020 176  2.0 0  3.0  30  371  158 248 -364  1
3797500 2746500  3 24 12  17.2 1019 212  2.3 0  3.2  28  449  160 255 -382  1
3797500 2746500  3 24 13  18.6 1019 213  2.9 0  3.4  26  490  154 261 -396  1
3797500 2746500  3 24 14  19.6 1018 232  3.0 0  3.5  26  494  139 268 -406  1
3797500 2746500  3 24 15  20.3 1018 243  3.9 0  3.7  26  434  130 273 -413  1
3797500 2746500  3 24 16  20.7 1017 231  3.7 0  3.8  25  337  114 276 -414  1
3797500 2746500  3 24 17  20.5 1017 252  3.9 0  4.0  27  217   91 277 -410  1
3797500 2746500  3 24 18  19.8 1016 238  3.1 1  4.4  30   96   60 279 -401  1
3797500 2746500  3 24 19  18.6 1016 238  1.8 5  4.5  33   10   13 290 -387  1
3797500 2746500  3 24 20  18.1 1017 253  1.5 5  4.6  36    0    0 297 -376  1
3797500 2746500  3 24 21  17.0 1017 298  0.6 6  4.8  39    0    0 297 -368  1
3797500 2746500  3 24 22  16.3 1017 282  1.1 7  5.1  44    0    0 300 -362  1
3797500 2746500  3 24 23  15.5 1017 317  1.8 7  5.4  48    0    0 301 -358  1
3797500 2746500  3 24 24  14.7 1018 289  1.2 7  4.8  45    0    0 299 -356  1
3797500 2746500  3 25  1  13.5 1018 323  1.1 7  4.4  44    0    0 295 -354  1
3797500 2746500  3 25  2  12.8 1018 261  0.3 8  4.6  49    0    0 295 -353  1
3797500 2746500  3 25  3  12.0 1018 260  0.5 7  4.7  52    0    0 293 -352  1
3797500 2746500  3 25  4  11.8 1018 253  0.5 7  4.8  55    0    0 289 -350  1
3797500 2746500  3 25  5  10.9 1017 262  0.6 6  4.8  58    0    0 285 -348  1
3797500 2746500  3 25  6  10.3 1017 262  0.1 7  4.8  61    0    0 282 -348  1
3797500 2746500  3 25  7  10.5 1017 217  0.0 6  4.8  61    0    0 281 -347  1
3797500 2746500  3 25  8  10.5 1017 267  0.0 7  4.9  62    0   46 280 -347  1
3797500 2746500  3 25  9  11.4 1017 355  0.4 7  5.1  63    1  106 282 -351  1
3797500 2746500  3 25 10  12.1 1017   1  0.4 8  5.3  62    0  130 287 -362  1
3797500 2746500  3 25 11  12.6 1017 163  1.6 8  5.4  61    0  106 292 -377  1
3797500 2746500  3 25 12  13.6 1017 160  2.2 7  5.4  58    9  225 293 -390  1
3797500 2746500  3 25 13  14.7 1017 139  0.6 7  5.4  54   36  266 295 -402  1
3797500 2746500  3 25 14  15.2 1017  18  1.0 6  5.4  51  133  274 296 -411  1
3797500 2746500  3 25 15  15.4 1016  38  1.0 6  5.3  49  168  238 294 -416  1
3797500 2746500  3 25 16  15.6 1016 232  1.1 6  5.3  48  144  189 296 -417  1
3797500 2746500  3 25 17  15.0 1015 249  0.9 6  5.4  50  116  105 296 -413  1
3797500 2746500  3 25 18  14.7 1015   2  2.1 8  5.4  52   16   66 302 -403  1
3797500 2746500  3 25 19  14.0 1015 359  1.6 6  5.4  53    5   12 302 -390  1
3797500 2746500  3 25 20  12.7 1015 343  1.8 6  5.1  54    0    0 290 -376  1
3797500 2746500  3 25 21  10.8 1015 329  1.2 2  5.0  59    0    0 269 -366  1
3797500 2746500  3 25 22  11.1 1015  58  1.7 0  5.1  63    0    0 242 -362  1
3797500 2746500  3 25 23   9.5 1015  60  1.5 0  5.1  66    0    0 229 -360  1
3797500 2746500  3 25 24   8.0 1015  58  1.6 3  5.1  73    0    0 238 -360  1
3797500 2746500  3 26  1   8.0 1015  66  1.1 6  5.0  75    0    0 267 -360  1
3797500 2746500  3 26  2   7.7 1015  78  1.1 5  4.9  75    0    0 280 -359  1
3797500 2746500  3 26  3   5.7 1015  47  1.9 3  4.8  79    0    0 259 -358  1
3797500 2746500  3 26  4   6.5 1015  70  1.3 1  4.8  81    0    0 238 -358  1
3797500 2746500  3 26  5   6.2 1014  65  1.4 2  4.7  80    0    0 235 -357  1
3797500 2746500  3 26  6   5.6 1014  77  1.2 2  4.7  82    0    0 242 -356  1
3797500 2746500  3 26  7   6.1 1014  69  0.8 4  4.7  82    0    0 254 -355  1
3797500 2746500  3 26  8   7.4 1014  79  1.0 2  4.9  80   17   80 258 -357  1
3797500 2746500  3 26  9  10.1 1015  69  1.8 2  5.2  74   68  163 254 -364  1
3797500 2746500  3 26 10  11.9 1014  55  2.4 2  5.4  66  158  231 260 -375  1
3797500 2746500  3 26 11  14.4 1014  39  3.6 3  5.5  59  188  286 272 -389  1
3797500 2746500  3 26 12  15.1 1014  26  3.2 4  5.4  52  230  317 289 -401  1
3797500 2746500  3 26 13  15.5 1014  46  2.8 4  5.2  48  316  295 298 -411  1
3797500 2746500  3 26 14  16.4 1013  26  2.5 4  5.2  46  324  273 304 -417  1
3797500 2746500  3 26 15  16.8 1012  30  2.4 3  5.5  47  208  281 304 -419  1
3797500 2746500  3 26 16  17.1 1012  25  2.2 3  5.5  46  125  237 303 -418  1
3797500 2746500  3 26 17  16.9 1011  63  1.8 4  5.3  44   87  147 308 -414  1
3797500 2746500  3 26 18  16.6 1011  27  2.0 3  5.4  45   35   81 309 -408  1
3797500 2746500  3 26 19  15.7 1011  39  1.9 6  5.4  47    4   14 316 -398  1
3797500 2746500  3 26 20  14.3 1011 152  1.6 5  5.3  50    0    0 321 -389  1
3797500 2746500  3 26 21  12.3 1011 166  1.6 4  5.4  56    0    0 308 -382  1
3797500 2746500  3 26 22  11.9 1012 182  1.7 3  5.4  61    0    0 295 -378  1
3797500 2746500  3 26 23  11.1 1012 132  1.8 3  5.3  62    0    0 289 -376  1
3797500 2746500  3 26 24  10.4 1012 165  2.1 4  5.2  65    0    0 291 -374  1
3797500 2746500  3 27  1  11.0 1011 162  1.4 3  5.3  66    0    0 290 -372  1
3797500 2746500  3 27  2   9.9 1012 157  2.0 2  5.4  68    0    0 279 -373  1
3797500 2746500  3 27  3   9.7 1011 176  2.2 1  5.4  72    0    0 267 -373  1
3797500 2746500  3 27  4  10.0 1011 178  2.0 3  5.5  73    0    0 272 -373  1
3797500 2746500  3 27  5   9.1 1011 192  1.2 4  5.6  75    0    0 285 -371  1
3797500 2746500  3 27  6   8.9 1011 182  1.0 4  5.6  78    0    0 290 -370  1
3797500 2746500  3 27  7   9.1 1011 197  1.3 1  5.6  78    0    0 274 -368  1
3797500 2746500  3 27  8  10.0 1011 169  1.5 2  5.8  77   39   70 265 -368  1
3797500 2746500  3 27  9  11.2 1011 181  1.6 3  6.0  76   97  146 279 -371  1
3797500 2746500  3 27 10  12.5 1011 170  1.6 3  6.3  72  225  184 290 -377  1
3797500 2746500  3 27 11  14.7 1011 143  1.4 3  6.5  67  330  201 297 -386  1
3797500 2746500  3 27 12  15.9 1011 194  1.6 3  6.3  58  429  198 304 -391  1
3797500 2746500  3 27 13  16.8 1011 221  1.7 2  5.8  50  459  198 301 -399  1
3797500 2746500  3 27 14  17.8 1011 268  1.9 1  5.6  45  355  236 292 -409  1
3797500 2746500  3 27 15  18.0 1010 255  2.0 3  5.1  40  299  219 301 -414  1
3797500 2746500  3 27 16  18.6 1010 243  1.9 2  4.8  37  298  149 309 -415  1
3797500 2746500  3 27 17  18.5 1009 342  1.2 1  4.5  34  176  117 301 -409  1
3797500 2746500  3 27 18  17.6 1009 318  1.3 2  4.4  34   76   69 300 -402  1
3797500 2746500  3 27 19  15.7 1009 352  1.3 1  4.5  38   12   15 296 -392  1
3797500 2746500  3 27 20  12.7 1010 354  0.5 1  4.3  42    0    0 281 -382  1
3797500 2746500  3 27 21  11.9 1010 352  1.8 1  4.0  45    0    0 272 -374  1
3797500 2746500  3 27 22  12.5 1010   8  1.6 1  3.8  43    0    0 270 -367  1
3797500 2746500  3 27 23  10.2 1010  38  1.6 1  3.7  44    0    0 268 -363  1
3797500 2746500  3 27 24   8.7 1010  19  1.5 2  3.8  52    0    0 268 -361  1
3797500 2746500  3 28  1   8.6 1010  60  1.4 0  4.0  58    0    0 261 -358  1
3797500 2746500  3 28  2   8.0 1010  96  1.5 0  4.1  60    0    0 252 -356  1
3797500 2746500  3 28  3   7.2 1010  93  1.4 0  4.2  64    0    0 249 -355  1
3797500 2746500  3 28  4   7.3 1010  80  1.1 0  4.5  70    0    0 248 -354  1
3797500 2746500  3 28  5   6.7 1009  84  1.3 0  4.7  76    0    0 246 -352  1
3797500 2746500  3 28  6   6.1 1009 114  1.2 0  4.8  80    0    0 243 -352  1
3797500 2746500  3 28  7   6.1 1009  93  1.5 2  4.8  81    0    0 249 -353  1
3797500 2746500  3 28  8   7.8 1009 107  1.8 0  4.9  78   42   68 249 -357  1
3797500 2746500  3 28  9  12.9 1009 100  2.4 0  5.1  65  110  139 248 -362  1
3797500 2746500  3 28 10  14.7 1009  92  3.3 0  5.1  52  248  168 258 -369  1
3797500 2746500  3 28 11  16.8 1009 107  3.5 0  5.2  46  347  187 265 -376  1
3797500 2746500  3 28 12  18.4 1008  90  3.1 1  5.3  42  415  195 276 -387  1
3797500 2746500  3 28 13  19.2 1008 103  3.2 1  5.3  39  457  190 286 -399  1
3797500 2746500  3 28 14  19.9 1007  79  3.0 2  5.0  36  456  175 294 -409  1
3797500 2746500  3 28 15  20.5 1007  54  3.4 2  5.0  34  355  182 300 -415  1
3797500 2746500  3 28 16  20.2 1006  61  3.4 3  5.1  34  159  210 304 -415  1
3797500 2746500  3 28 17  20.0 1005  80  4.0 4  5.1  35  108  131 309 -410  1
3797500 2746500  3 28 18  18.2 1005  63  3.9 5  5.3  38   81   67 314 -402  1
3797500 2746500  3 28 19  17.1 1005  69  3.4 6  5.4  43   12   16 317 -390  1
3797500 2746500  3 28 20  16.3 1005  71  3.0 6  5.3  45    0    0 317 -380  1
3797500 2746500  3 28 21  15.4 1005  84  2.5 4  5.3  47    0    0 303 -373  1
3797500 2746500  3 28 22  15.1 1006  80  2.0 4  5.4  50    0    0 290 -369  1
3797500 2746500  3 28 23  14.3 1006  95  2.1 4  5.5  53    0    0 288 -366  1
3797500 2746500  3 28 24  14.7 1006 104  2.1 4  5.4  53    0    0 286 -364  1
3797500 2746500  3 29  1  14.3 1006 131  2.6 6  5.3  51    0    0 296 -363  1
3797500 2746500  3 29  2  14.1 1005 158  2.8 6  5.2  52    0    0 305 -363  1
3797500 2746500  3 29  3  14.1 1005 168  2.1 8  5.3  52    0    0 316 -362  1
3797500 2746500  3 29  4  14.1 1005 166  2.0 8  5.3  52    0    0 327 -361  1
3797500 2746500  3 29  5  13.2 1005 191  1.9 7  5.4  55    0    0 321 -360  1
3797500 2746500  3 29  6  12.7 1005 147  1.7 7  5.8  62    0    0 313 -358  1
3797500 2746500  3 29  7  12.7 1005 178  1.8 7  6.1  66    0    1 315 -357  1
3797500 2746500  3 29  8  13.5 1005 168  2.2 7  6.3  66    1   57 316 -358  1
3797500 2746500  3 29  9  13.9 1005 169  2.0 6  6.3  64   37  141 310 -364  1
3797500 2746500  3 29 10  15.0 1006 217  2.5 5  6.4  62   84  204 301 -376  1
3797500 2746500  3 29 11  14.3 1006 220  2.7 7  6.4  62    5  199 309 -392  1
3797500 2746500  3 29 12  14.0 1006 192  1.8 8  6.6  66    0  100 327 -406  1
3797500 2746500  3 29 13  16.1 1006 176  2.3 8  6.8  63    3  209 337 -416  1
3797500 2746500  3 29 14  17.5 1006 200  2.3 6  6.7  56  139  264 335 -419  1
3797500 2746500  3 29 15  17.7 1006 233  2.8 7  6.6  53   94  236 336 -417  1
3797500 2746500  3 29 16  18.1 1006 233  3.0 7  6.4  50   35  186 341 -414  1
3797500 2746500  3 29 17  17.6 1005 251  2.5 7  6.3  49   10  120 341 -408  1
3797500 2746500  3 29 18  15.1 1006 338  1.9 8  6.9  59    0   45 340 -401  1
3797500 2746500  3 29 19  14.3 1006 326  1.3 8  7.5  72    0    7 341 -392  1
3797500 2746500  3 29 20  14.0 1007 266  0.5 8  7.5  74    0    0 339 -384  1
3797500 2746500  3 29 21  13.8 1007 111  0.4 7  7.5  75    0    0 336 -378  1
3797500 2746500  3 29 22  12.9 1008 182  0.0 7  7.5  78    0    0 332 -372  1
3797500 2746500  3 29 23  12.8 1008 217  0.6 7  7.4  80    0    0 331 -366  1
3797500 2746500  3 29 24  11.9 1008 227  0.7 7  7.3  81    0    0 329 -362  1
3797500 2746500  3 30  1  11.5 1008 245  0.9 7  7.2  84    0    0 326 -358  1
3797500 2746500  3 30  2  10.1 1009 273  1.3 5  6.9  85    0    0 315 -354  1
3797500 2746500  3 30  3   9.6 1008 301  1.3 5  6.6  86    0    0 303 -350  1
3797500 2746500  3 30  4   8.5 1008 326  1.0 5  6.4  88    0    0 301 -348  1
3797500 2746500  3 30  5   8.6 1008 352  1.0 5  6.3  90    0    0 300 -345  1
3797500 2746500  3 30  6   7.8 1008 348  1.0 6  6.1  90    0    0 303 -343  1
3797500 2746500  3 30  7   7.8 1008 334  1.2 4  6.0  90    0    0 297 -342  1
3797500 2746500  3 30  8   8.4 1009  11  0.9 3  6.0  88   47   67 283 -343  1
3797500 2746500  3 30  9   9.9 1009 206  0.6 2  6.1  84  123  134 276 -348  1
3797500 2746500  3 30 10  11.4 1010  16  1.4 2  6.2  77  142  218 276 -358  1
3797500 2746500  3 30 11  11.8 1010   3  1.9 7  6.1  71   46  268 304 -369  1
3797500 2746500  3 30 12  13.0 1010   7  1.9 5  5.7  63  269  274 318 -382  1
3797500 2746500  3 30 13  14.1 1010 357  2.7 1  5.1  52  527  159 293 -394  1
3797500 2746500  3 30 14  14.8 1009   3  3.1 1  5.0  49  538  144 282 -402  1
3797500 2746500  3 30 15  15.0 1009 354  3.2 1  4.8  45  469  139 282 -405  1
3797500 2746500  3 30 16  15.3 1009   1  3.3 1  4.6  43  353  130 282 -403  1
3797500 2746500  3 30 17  14.2 1008 349  3.8 2  5.2  49  220  105 283 -397  1
3797500 2746500  3 30 18  13.6 1009 344  2.6 2  5.2  52  109   68 282 -387  1
3797500 2746500  3 30 19  12.6 1009 341  3.2 4  5.0  53   15   17 285 -376  1
3797500 2746500  3 30 20  11.2 1010 343  2.4 3  4.8  56    0    0 290 -365  1
3797500 2746500  3 30 21  10.0 1011 344  2.3 3  4.7  59    0    0 281 -356  1
3797500 2746500  3 30 22   8.9 1012 346  2.2 2  4.6  62    0    0 262 -349  1
3797500 2746500  3 30 23   8.5 1012 320  2.3 2  4.5  63    0    0 251 -344  1
3797500 2746500  3 30 24   8.4 1013 286  2.3 3  4.5  64    0    0 245 -340  1
3797500 2746500  3 31  1   8.5 1014 242  2.2 5  4.4  63    0    0 317 -357  1
3797500 2746500  3 31  2   8.6 1014 206  2.1 7  4.4  62    0    0 319 -357  1
3797500 2746500  3 31  3   8.5 1013 180  2.0 8  4.3  62    0    0 319 -356  1
3797500 2746500  3 31  4   8.1 1013 181  2.0 8  4.3  63    0    0 319 -355  1
3797500 2746500  3 31  5   7.8 1013 181  2.1 7  4.2  63    0    0 319 -354  1
3797500 2746500  3 31  6   7.1 1013 187  2.1 7  4.2  66    0    0 313 -353  1
3797500 2746500  3 31  7   6.8 1013 180  2.1 5  4.1  66    0    1 296 -352  1
3797500 2746500  3 31  8   7.9 1013 178  2.7 2  4.2  66   64   68 269 -353  1
3797500 2746500  3 31  9  10.1 1013 170  2.8 2  4.3  61  186  119 258 -356  1
3797500 2746500  3 31 10  12.2 1012 169  2.7 4  4.4  54  305  149 277 -361  1
3797500 2746500  3 31 11  13.7 1012 188  2.5 3  4.4  48  408  168 289 -364  1
3797500 2746500  3 31 12  15.1 1012 163  3.1 3  4.5  44  473  177 291 -370  1
3797500 2746500  3 31 13  15.3 1011 202  3.2 2  4.8  45  516  169 294 -377  1
3797500 2746500  3 31 14  14.4 1011 219  5.2 4  5.1  49   63  288 298 -382  1
3797500 2746500  3 31 15  15.1 1011 152  3.2 4  5.3  51  126  266 305 -385  1
3797500 2746500  3 31 16  14.7 1010 163  4.7 6  5.2  49   73  208 312 -385  1
3797500 2746500  3 31 17  15.2 1010 156  3.2 7  5.1  48   19  133 321 -382  1
3797500 2746500  3 31 18  14.2 1010 182  2.1 6  5.1  49   50   75 319 -375  1
3797500 2746500  3 31 19  13.5 1010 170  1.8 7  5.2  53   19   21 316 -367  1
3797500 2746500  3 31 20  12.7 1010 184  1.6 7  5.2  56    0    0 317 -358  1
3797500 2746500  3 31 21  12.0 1010 245  1.5 7  5.2  58    0    0 314 -352  1
3797500 2746500  3 31 22  11.2 1011 262  1.1 6  5.3  62    0    0 311 -348  1
3797500 2746500  3 31 23  10.8 1011 164  1.3 6  5.4  66    0    0 309 -345  1
3797500 2746500  3 31 24  10.4 1011 173  1.2 7  5.4  68    0    0 314 -343  1
3797500 2746500  4  1  1  10.3 1011 103  1.0 8  5.4  69    0    0 325 -341  1
3797500 2746500  4  1  2   9.9 1011 130  0.4 8  5.4  70    0    0 326 -340  1
3797500 2746500  4  1  3  10.7 1010 183  0.7 8  5.4  69    0    0 327 -338  1
3797500 2746500  4  1  4   9.8 1010 219  1.0 8  5.4  70    0    0 327 -337  1
3797500 2746500  4  1  5   9.7 1011 166  0.6 8  5.4  72    0    0 324 -335  1
3797500 2746500  4  1  6  10.3 1011 179  0.7 8  5.4  71    0    0 323 -334  1
3797500 2746500  4  1  7   9.8 1011  98  0.3 8  5.4  70    0    8 321 -333  1
3797500 2746500  4  1  8  10.9 1011 176  0.1 6  5.4  69    8   98 313 -335  1
3797500 2746500  4  1  9  12.3 1011 184  0.0 6  5.3  63   77  187 308 -343  1
3797500 2746500  4  1 10  13.4 1011 151  1.5 3  5.4  58  182  235 297 -358  1
3797500 2746500  4  1 11  14.6 1011 192  1.2 3  5.5  55  242  279 288 -372  1
3797500 2746500  4  1 12  15.7 1011 166  2.1 3  5.7  53  318  287 292 -385  1
3797500 2746500  4  1 13  16.9 1011 207  2.4 3  5.7  49  337  289 296 -398  1
3797500 2746500  4  1 14  17.7 1010 178  2.4 2  5.6  45  319  282 297 -408  1
3797500 2746500  4  1 15  17.9 1010 163  1.7 2  5.3  42  281  255 296 -412  1
3797500 2746500  4  1 16  18.1 1009 167  2.8 2  4.8  38  233  205 296 -411  1
3797500 2746500  4  1 17  18.2 1009 151  1.7 2  4.6  36  170  146 295 -404  1
3797500 2746500  4  1 18  18.4 1009 157  1.4 2  4.6  35   84   89 293 -392  1
3797500 2746500  4  1 19  16.6 1009  64  1.2 3  4.5  36   16   28 291 -379  1
3797500 2746500  4  1 20  14.9 1009 110  1.6 3  4.4  39    0    0 287 -368  1
3797500 2746500  4  1 21  14.2 1010  92  1.8 2  4.4  43    0    0 280 -362  1
3797500 2746500  4  1 22  13.0 1010  95  1.9 1  4.7  48    0    0 273 -358  1
3797500 2746500  4  1 23  13.2 1010 126  1.7 1  4.7  50    0    0 269 -355  1
3797500 2746500  4  1 24  13.3 1011 138  1.8 2  4.4  46    0    0 272 -352  1
3797500 2746500  4  2  1  12.2 1011 146  1.9 3  4.2  46    0    0 275 -349  1
3797500 2746500  4  2  2  11.2 1011 147  1.7 3  4.2  49    0    0 275 -346  1
3797500 2746500  4  2  3  11.4 1011  97  2.0 2  4.1  49    0    0 272 -344  1
3797500 2746500  4  2  4  10.3 1011 102  2.5 2  4.0  50    0    0 267 -342  1
3797500 2746500  4  2  5  10.6 1011  82  2.1 3  4.1  52    0    0 270 -341  1
3797500 2746500  4  2  6  10.6 1011  92  1.9 3  4.0  50    0    0 274 -340  1
3797500 2746500  4  2  7  10.4 1011  96  2.1 4  4.0  51    0   22 276 -339  1
3797500 2746500  4  2  8  12.7 1011 102  2.1 2  4.2  50   46  104 276 -341  1
3797500 2746500  4  2  9  16.0 1011  95  1.9 1  4.5  44  157  153 274 -349  1
3797500 2746500  4  2 10  17.8 1011  76  4.4 1  4.7  39  290  171 279 -362  1
3797500 2746500  4  2 11  19.0 1011 106  4.8 1  4.5  34  401  178 284 -379  1
3797500 2746500  4  2 12  20.0 1010 121  4.6 1  4.3  31  485  172 289 -395  1
3797500 2746500  4  2 13  20.3 1010 144  4.1 1  4.3  29  540  149 293 -409  1
3797500 2746500  4  2 14  20.3 1009 127  3.6 1  4.1  28  520  144 294 -419  1
3797500 2746500  4  2 15  20.6 1009 139  4.4 1  3.9  26  463  131 294 -425  1
3797500 2746500  4  2 16  20.5 1008 114  4.7 1  3.9  26  368  116 294 -426  1
3797500 2746500  4  2 17  20.4 1007 127  4.4 3  3.7  25  246   97 300 -420  1
3797500 2746500  4  2 18  19.8 1007 128  4.6 5  3.6  25   73   85 309 -409  1
3797500 2746500  4  2 19  18.2 1007 110  3.0 6  3.8  27   14   25 314 -395  1
3797500 2746500  4  2 20  16.5 1007  96  2.1 5  3.8  31    0    0 308 -381  1
3797500 2746500  4  2 21  14.9 1008 105  2.4 3  3.9  35    0    0 292 -371  1
3797500 2746500  4  2 22  14.6 1008  94  2.3 1  4.0  38    0    0 277 -365  1
3797500 2746500  4  2 23  14.4 1008  94  2.9 1  4.1  39    0    0 271 -360  1
3797500 2746500  4  2 24  14.2 1007  82  3.3 2  4.3  42    0    0 274 -355  1
3797500 2746500  4  3  1  13.8 1007  80  3.3 1  4.4  44    0    0 275 -352  1
3797500 2746500  4  3  2  13.2 1007  75  3.0 1  4.5  46    0    0 270 -348  1
3797500 2746500  4  3  3  12.1 1007  75  2.5 2  4.5  49    0    0 271 -345  1
3797500 2746500  4  3  4  11.7 1007  82  3.0 3  4.5  52    0    0 277 -342  1
3797500 2746500  4  3  5  11.7 1006  73  3.0 4  4.5  52    0    0 283 -340  1
3797500 2746500  4  3  6  10.9 1006  80  3.1 4  4.4  52    0    0 286 -338  1
3797500 2746500  4  3  7  10.9 1006  72  3.1 1  4.3  53    3   25 273 -336  1
3797500 2746500  4  3  8  12.3 1006  67  3.4 0  4.4  52   64   97 260 -337  1
3797500 2746500  4  3  9  13.4 1006  56  4.8 0  4.5  49  183  140 258 -344  1
3797500 2746500  4  3 10  14.7 1005  76  4.7 1  4.6  45  317  157 263 -357  1
3797500 2746500  4  3 11  15.5 1005  68  4.9 1  4.6  43  424  167 270 -374  1
3797500 2746500  4  3 12  17.3 1004  77  3.9 1  4.6  40  508  161 275 -390  1
3797500 2746500  4  3 13  18.7 1004 112  6.3 0  4.3  34  545  152 277 -402  1
3797500 2746500  4  3 14  19.6 1003 100  5.9 0  3.9  28  533  143 277 -412  1
3797500 2746500  4  3 15  20.1 1003  86  5.3 0  3.9  27  477  131 281 -415  1
3797500 2746500  4  3 16  20.3 1002 100  5.4 0  4.0  27  383  116 284 -414  1
3797500 2746500  4  3 17  19.5 1002  81  5.8 1  4.0  28  258   98 286 -409  1
3797500 2746500  4  3 18  18.8 1002  84  5.1 1  4.1  29  125   72 288 -399  1
3797500 2746500  4  3 19  17.3 1002  77  3.9 1  4.1  32   24   27 286 -387  1
3797500 2746500  4  3 20  16.0 1002  76  3.8 0  3.9  33    0    0 277 -377  1
3797500 2746500  4  3 21  15.3 1003  81  3.3 0  3.8  34    0    0 270 -368  1
3797500 2746500  4  3 22  14.7 1003  79  2.9 0  3.8  35    0    0 268 -361  1
3797500 2746500  4  3 23  14.0 1004  67  2.7 0  3.9  38    0    0 267 -356  1
3797500 2746500  4  3 24  13.1 1004  71  2.7 0  4.0  41    0    0 265 -352  1
3797500 2746500  4  4  1  12.2 1004  64  2.8 0  4.1  45    0    0 262 -348  1
3797500 2746500  4  4  2  11.1 1004  62  2.5 0  4.2  48    0    0 259 -344  1
3797500 2746500  4  4  3  10.2 1004  82  3.5 2  4.1  52    0    0 263 -342  1
3797500 2746500  4  4  4   9.8 1004  72  3.0 2  4.1  54    0    0 270 -340  1
3797500 2746500  4  4  5   8.0 1004  69  2.2 2  4.1  57    0    0 268 -339  1
3797500 2746500  4  4  6   8.0 1004  71  2.2 1  4.0  60    0    0 259 -339  1
3797500 2746500  4  4  7   7.5 1004  62  1.7 2  3.9  60    2   27 257 -340  1
3797500 2746500  4  4  8   9.0 1004  64  2.9 1  3.9  57   68   97 261 -343  1
3797500 2746500  4  4  9  10.6 1004  65  3.0 1  3.9  52  189  141 263 -348  1
3797500 2746500  4  4 10  12.1 1003  57  3.1 3  4.0  47  266  195 281 -356  1
3797500 2746500  4  4 11  13.2 1003  52  3.8 4  4.0  44  354  220 300 -365  1
3797500 2746500  4  4 12  14.7 1003  41  4.3 5  4.1  41  479  190 315 -376  1
3797500 2746500  4  4 13  16.4 1002  72  4.1 5  4.2  38  512  184 323 -386  1
3797500 2746500  4  4 14  17.5 1002  73  3.7 5  4.2  34  436  211 324 -393  1
3797500 2746500  4  4 15  18.0 1001  42  4.4 6  4.2  33  307  235 328 -398  1
3797500 2746500  4  4 16  17.9 1001  59  3.7 6  4.2  32  124  239 327 -398  1
3797500 2746500  4  4 17  17.1 1001  60  3.1 7  3.9  31   81  173 324 -394  1
3797500 2746500  4  4 18  16.1 1000  84  3.7 7  3.7  31   47   96 323 -386  1
3797500 2746500  4  4 19  14.7 1001  73  3.3 7  3.5  32    9   26 318 -376  1
3797500 2746500  4  4 20  13.6 1001  83  3.0 7  3.3  33    0    0 313 -366  1
3797500 2746500  4  4 21  12.6 1001  72  3.3 7  3.2  34    0    0 309 -358  1
3797500 2746500  4  4 22  11.7 1002  68  3.9 2  3.3  37    0    0 289 -353  1
3797500 2746500  4  4 23  10.7 1002  79  3.7 2  3.4  40    0    0 270 -349  1
3797500 2746500  4  4 24   9.3 1002  81  3.4 3  3.4  44    0    0 270 -345  1
3797500 2746500  4  5  1   8.2 1002  81  3.3 0  3.4  48    0    0 259 -342  1
3797500 2746500  4  5  2   7.7 1002  79  2.8 0  3.3  49    0    0 246 -339  1
3797500 2746500  4  5  3   6.9 1002  72  2.3 1  3.2  49    0    0 246 -337  1
3797500 2746500  4  5  4   6.4 1002  72  3.5 2  3.1  50    0    0 252 -334  1
3797500 2746500  4  5  5   5.9 1003  72  3.3 1  3.0  50    0    0 248 -332  1
3797500 2746500  4  5  6   4.5 1003  72  3.2 1  2.9  52    0    0 239 -332  1
3797500 2746500  4  5  7   4.6 1003  73  4.0 1  2.8  53    8   30 234 -332  1
3797500 2746500  4  5  8   6.8 1004  83  4.0 0  2.8  48   95   86 231 -334  1
3797500 2746500  4  5  9   8.3 1003  72  3.1 0  2.8  42  229  114 231 -338  1
3797500 2746500  4  5 10   9.5 1003  74  4.5 1  2.8  39  359  131 239 -345  1
3797500 2746500  4  5 11  10.6 1004  62  4.5 0  2.8  37  479  131 243 -353  1
3797500 2746500  4  5 12  12.1 1003  68  4.2 0  2.9  34  559  128 244 -360  1
3797500 2746500  4  5 13  13.1 1003  73  5.5 0  2.8  30  594  122 249 -368  1
3797500 2746500  4  5 14  13.8 1003  44  5.6 0  2.6  27  571  120 252 -375  1
3797500 2746500  4  5 15  14.5 1003  45  5.6 0  2.5  25  510  112 256 -379  1
3797500 2746500  4  5 16  13.8 1003  60  6.2 0  2.6  26  413   99 257 -378  1
3797500 2746500  4  5 17  13.7 1003  69  6.0 0  2.9  30  281   87 257 -375  1
3797500 2746500  4  5 18  12.4 1003  57  6.2 0  3.2  34  142   67 255 -370  1
3797500 2746500  4  5 19  11.1 1004  60  5.2 0  3.3  38   31   30 251 -362  1
3797500 2746500  4  5 20  10.1 1005  70  4.7 0  3.1  39    0    0 245 -352  1
3797500 2746500  4  5 21   8.9 1006  70  5.6 0  3.0  41    0    0 241 -344  1
3797500 2746500  4  5 22   7.7 1007  71  4.2 0  2.9  42    0    0 235 -339  1
3797500 2746500  4  5 23   6.8 1008  81  3.6 0  2.8  44    0    0 231 -334  1
3797500 2746500  4  5 24   5.9 1008  81  3.0 0  2.7  45    0    0 227 -329  1
3797500 2746500  4  6  1   5.3 1009  71  2.9 0  2.7  48    0    0 223 -325  1
3797500 2746500  4  6  2   4.6 1009  74  3.1 0  2.7  50    0    0 219 -321  1
3797500 2746500  4  6  3   3.5 1010  72  3.3 0  2.8  55    0    0 216 -318  1
3797500 2746500  4  6  4   2.9 1010  72  3.0 0  2.8  60    0    0 213 -316  1
3797500 2746500  4  6  5   2.0 1010  54  2.8 0  2.8  62    0    0 212 -313  1
3797500 2746500  4  6  6   1.3 1011  64  2.7 0  2.8  64    0    0 210 -311  1
3797500 2746500  4  6  7   1.2 1011  63  2.3 0  2.7  65   11   32 208 -310  1
3797500 2746500  4  6  8   1.9 1012  71  3.8 0  2.7  64  106   84 208 -312  1
3797500 2746500  4  6  9   3.1 1012  50  3.9 0  2.7  60  248  108 209 -317  1
3797500 2746500  4  6 10   4.5 1013  54  4.9 0  2.7  54  388  117 211 -327  1
3797500 2746500  4  6 11   5.4 1013  52  5.7 0  2.6  48  510  117 215 -340  1
3797500 2746500  4  6 12   6.0 1013  79  5.9 0  2.5  43  588  116 216 -353  1
3797500 2746500  4  6 13   7.1 1013  60  5.4 0  2.5  42  616  115 219 -364  1
3797500 2746500  4  6 14   8.5 1013  68  5.4 0  2.7  42  600  109 224 -371  1
3797500 2746500  4  6 15   8.7 1013  56  5.3 0  2.8  41  542  100 227 -374  1
3797500 2746500  4  6 16   9.1 1013  76  5.8 0  2.8  40  440   91 228 -373  1
3797500 2746500  4  6 17   9.3 1012  43  6.2 0  2.9  40  306   81 229 -368  1
3797500 2746500  4  6 18   9.0 1012  67  5.3 0  2.9  40  157   66 229 -361  1
3797500 2746500  4  6 19   8.4 1013  61  4.0 1  2.9  42   35   32 232 -351  1
3797500 2746500  4  6 20   7.4 1013  59  2.5 0  3.0  45    0    1 230 -342  1
3797500 2746500  4  6 21   6.9 1014  60  2.7 0  3.0  48    0    0 223 -334  1
3797500 2746500  4  6 22   6.3 1014  79  1.5 0  3.0  49    0    0 222 -328  1
3797500 2746500  4  6 23   4.7 1015 117  1.2 0  3.0  53    0    0 219 -323  1
3797500 2746500  4  6 24   4.3 1015 115  1.6 0  3.0  57    0    0 216 -319  1
3797500 2746500  4  7  1   3.1 1016  55  1.4 1  2.9  58    0    0 218 -316  1
3797500 2746500  4  7  2   2.7 1016  49  1.2 2  2.9  63    0    0 225 -313  1
3797500 2746500  4  7  3   2.1 1016  80  0.8 2  3.0  67    0    0 229 -312  1
3797500 2746500  4  7  4   1.9 1016  56  1.0 2  3.0  70    0    0 228 -310  1
3797500 2746500  4  7  5   0.8 1016  83  1.0 2  3.1  74    0    0 227 -310  1
3797500 2746500  4  7  6   0.7 1016  65  0.6 2  3.0  76    0    0 225 -309  1
3797500 2746500  4  7  7   1.1 1016 113  0.4 2  3.1  76   15   35 226 -309  1
3797500 2746500  4  7  8   4.4 1016  57  0.4 0  3.4  73  109   87 219 -311  1
3797500 2746500  4  7  9   6.8 1016 109  1.6 0  3.6  64  247  114 215 -316  1
3797500 2746500  4  7 10   8.2 1016  43  2.6 1  3.4  53  381  127 225 -323  1
3797500 2746500  4  7 11   9.7 1016  53  3.2 1  3.1  44  489  135 235 -337  1
3797500 2746500  4  7 12  10.5 1016  98  4.2 1  2.9  38  570  134 241 -354  1
3797500 2746500  4  7 13  11.2 1016  61  4.0 1  2.9  36  606  130 247 -368  1
3797500 2746500  4  7 14  11.7 1015  60  3.6 1  2.8  34  590  123 250 -377  1
3797500 2746500  4  7 15  12.7 1015  54  3.4 0  2.9  33  529  114 250 -382  1
3797500 2746500  4  7 16  12.8 1014  40  4.3 0  2.9  32  429  102 248 -383  1
3797500 2746500  4  7 17  12.9 1013  29  4.1 0  3.0  32  297   89 249 -380  1
3797500 2746500  4  7 18  12.7 1013  57  3.4 0  3.0  33  151   70 250 -373  1
3797500 2746500  4  7 19  11.6 1013  44  3.3 0  3.0  34   35   33 248 -365  1
3797500 2746500  4  7 20  10.4 1013  49  2.9 0  3.0  37    0    2 246 -355  1
3797500 2746500  4  7 21  10.3 1013  52  2.8 0  3.0  38    0    0 242 -346  1
3797500 2746500  4  7 22   9.5 1014  49  2.4 0  3.0  39    0    0 238 -340  1
3797500 2746500  4  7 23   8.7 1014  45  2.2 0  3.0  42    0    0 232 -336  1
3797500 2746500  4  7 24   7.4 1014  50  1.8 1  3.0  45    0    0 234 -333  1
3797500 2746500  4  8  1   6.5 1014  46  1.9 1  3.0  48    0    0 237 -330  1
3797500 2746500  4  8  2   5.7 1015  54  2.1 1  2.9  49    0    0 233 -328  1
3797500 2746500  4  8  3   4.9 1015  74  2.8 1  2.7  50    0    0 229 -326  1
3797500 2746500  4  8  4   4.1 1015  40  2.8 2  2.8  53    0    0 232 -323  1
3797500 2746500  4  8  5   4.3 1015  61  1.9 1  2.8  55    0    0 231 -319  1
3797500 2746500  4  8  6   2.8 1015  63  2.0 0  2.8  58    0    0 219 -317  1
3797500 2746500  4  8  7   3.5 1015  65  2.2 0  2.8  60   19   36 212 -315  1
3797500 2746500  4  8  8   5.8 1015  64  2.3 0  2.9  56  124   79 215 -317  1
3797500 2746500  4  8  9   7.9 1015  37  3.0 0  3.0  50  265   99 222 -325  1
3797500 2746500  4  8 10   9.3 1016  56  4.0 0  3.0  43  409  104 226 -337  1
3797500 2746500  4  8 11   9.4 1016  40  5.2 0  2.7  38  527  103 229 -353  1
3797500 2746500  4  8 12  11.0 1016  59  4.9 0  2.6  34  606  101 235 -368  1
3797500 2746500  4  8 13  11.0 1016  52  5.3 0  2.5  31  640   95 239 -380  1
3797500 2746500  4  8 14  11.8 1015  60  5.1 0  2.5  30  620   91 242 -387  1
3797500 2746500  4  8 15  12.3 1015  24  5.2 0  2.5  29  559   83 245 -389  1
3797500 2746500  4  8 16  12.5 1015  33  5.5 0  2.5  28  454   77 247 -387  1
3797500 2746500  4  8 17  12.5 1015  44  4.4 0  2.4  27  318   71 247 -383  1
3797500 2746500  4  8 18  11.8 1015  37  5.2 0  2.4  27  166   60 246 -377  1
3797500 2746500  4  8 19  11.3 1015  29  3.9 0  2.4  29   39   31 243 -367  1
3797500 2746500  4  8 20  10.1 1015  42  3.7 0  2.4  31    0    3 240 -356  1
3797500 2746500  4  8 21   8.4 1016  42  2.8 0  2.4  33    0    0 236 -347  1
3797500 2746500  4  8 22   8.1 1016  55  3.0 0  2.4  35    0    0 232 -340  1
3797500 2746500  4  8 23   6.9 1016  56  2.3 0  2.5  39    0    0 230 -335  1
3797500 2746500  4  8 24   6.2 1017  52  2.4 0  2.6  43    0    0 228 -330  1
3797500 2746500  4  9  1   5.3 1017  33  1.6 0  2.6  46    0    0 225 -327  1
3797500 2746500  4  9  2   4.1 1016  43  1.9 1  2.7  52    0    0 226 -324  1
3797500 2746500  4  9  3   3.1 1016  41  1.3 0  2.8  56    0    0 222 -321  1
3797500 2746500  4  9  4   3.1 1016  44  2.1 0  2.8  59    0    0 216 -319  1
3797500 2746500  4  9  5   3.2 1016  51  1.7 1  2.8  59    0    0 220 -317  1
3797500 2746500  4  9  6   2.8 1016  81  1.5 2  2.8  60    0    0 230 -316  1
3797500 2746500  4  9  7   3.1 1016  53  1.2 4  2.8  60    8   36 243 -315  1
3797500 2746500  4  9  8   5.3 1016  23  1.3 3  2.9  57   64  110 250 -318  1
3797500 2746500  4  9  9   7.4 1016  25  1.9 3  3.1  52   57  195 251 -327  1
3797500 2746500  4  9 10   8.9 1016  21  3.3 6  3.1  46   86  258 269 -339  1
3797500 2746500  4  9 11   9.8 1015  31  2.8 7  3.0  41  125  302 292 -353  1
3797500 2746500  4  9 12  10.1 1015  31  3.4 7  2.8  36  134  334 299 -369  1
3797500 2746500  4  9 13  10.4 1014  19  3.5 7  2.6  34  195  341 300 -380  1
3797500 2746500  4  9 14  11.3 1014  24  2.7 6  2.6  32  329  276 296 -382  1
3797500 2746500  4  9 15  12.0 1013   7  2.6 6  2.6  30  269  260 292 -382  1
3797500 2746500  4  9 16  11.7 1012  19  3.2 6  2.5  29  129  244 292 -385  1
3797500 2746500  4  9 17  11.5 1011  46  3.9 6  2.5  30   40  177 290 -384  1
3797500 2746500  4  9 18  11.3 1011  42  3.1 5  2.5  30   35  103 285 -376  1
3797500 2746500  4  9 19  11.0 1011  35  3.8 7  2.6  31    8   30 289 -365  1
3797500 2746500  4  9 20  10.6 1011  41  3.7 7  2.7  33    0    1 298 -353  1
3797500 2746500  4  9 21   9.9 1011  40  4.3 7  2.8  36    0    0 297 -344  1
3797500 2746500  4  9 22   9.2 1011  50  4.7 4  2.7  37    0    0 283 -341  1
3797500 2746500  4  9 23   8.8 1012  62  4.6 4  2.7  38    0    0 271 -340  1
3797500 2746500  4  9 24   8.0 1012  69  3.8 3  2.7  39    0    0 267 -338  1
3797500 2746500  4 10  1   6.9 1012  59  3.7 0  2.7  42    0    0 251 -336  1
3797500 2746500  4 10  2   6.7 1012  49  3.9 0  2.7  45    0    0 238 -333  1
3797500 2746500  4 10  3   5.8 1012  57  2.9 1  2.7  47    0    0 238 -330  1
3797500 2746500  4 10  4   4.5 1012  46  3.3 2  2.8  51    0    0 240 -327  1
3797500 2746500  4 10  5   4.1 1013  57  2.9 1  2.8  55    0    0 237 -324  1
3797500 2746500  4 10  6   3.9 1013  60  3.0 1  2.9  57    0    0 233 -321  1
3797500 2746500  4 10  7   4.1 1013  56  2.8 1  2.9  58   14   39 232 -319  1
3797500 2746500  4 10  8   5.0 1013  38  3.4 0  3.0  58   79  109 230 -321  1
3797500 2746500  4 10  9   6.4 1013  32  5.6 0  3.2  56  181  166 229 -326  1
3797500 2746500  4 10 10   7.9 1013  53  5.7 0  3.3  52  307  191 232 -336  1
3797500 2746500  4 10 11   8.5 1012  54  6.5 1  3.3  49  431  191 240 -349  1
3797500 2746500  4 10 12   9.3 1012  79  7.1 2  3.3  46  274  311 249 -363  1
3797500 2746500  4 10 13   9.6 1011  80  6.6 4  3.2  43  145  354 264 -374  1
3797500 2746500  4 10 14  10.2 1011  69  5.9 3  3.1  41  284  305 272 -380  1
3797500 2746500  4 10 15  10.4 1011  50  5.9 2  3.2  41  368  219 268 -383  1
3797500 2746500  4 10 16  10.9 1010  56  5.6 2  3.3  41  289  187 265 -384  1
3797500 2746500  4 10 17  10.5 1009  62  6.1 1  3.2  40  242  122 261 -380  1
3797500 2746500  4 10 18   9.7 1009  53  5.6 1  3.1  40  131   84 254 -373  1
3797500 2746500  4 10 19   9.2 1009  54  5.0 2  3.0  41   34   37 255 -364  1
3797500 2746500  4 10 20   8.6 1009  61  4.1 1  3.0  42    0    2 254 -355  1
3797500 2746500  4 10 21   7.9 1009  62  3.5 2  3.1  45    0    0 250 -347  1
3797500 2746500  4 10 22   7.2 1010  59  3.2 1  3.1  48    0    0 248 -342  1
3797500 2746500  4 10 23   6.8 1009  53  3.4 1  3.1  50    0    0 243 -339  1
3797500 2746500  4 10 24   6.1 1009  62  2.9 0  3.2  52    0    0 236 -336  1
3797500 2746500  4 11  1   5.6 1009  59  3.0 2  3.2  55    0    0 238 -334  1
3797500 2746500  4 11  2   5.4 1008  67  2.8 2  3.2  57    0    0 245 -333  1
3797500 2746500  4 11  3   4.4 1008  58  2.8 2  3.2  60    0    0 241 -331  1
3797500 2746500  4 11  4   4.6 1007  38  3.6 1  3.3  62    0    0 235 -330  1
3797500 2746500  4 11  5   4.2 1007  60  2.7 3  3.3  63    0    0 240 -330  1
3797500 2746500  4 11  6   4.7 1006  62  2.6 3  3.3  63    0    0 249 -329  1
3797500 2746500  4 11  7   5.0 1006  71  2.6 2  3.4  63   17   40 243 -330  1
3797500 2746500  4 11  8   6.1 1006  51  3.0 2  3.5  62   89  104 235 -332  1
3797500 2746500  4 11  9   7.7 1005  51  4.1 2  3.7  59  207  148 236 -337  1
3797500 2746500  4 11 10   8.8 1005  59  4.1 2  3.8  56  331  170 240 -344  1
3797500 2746500  4 11 11  10.2 1004  54  3.6 2  4.0  54  379  215 245 -353  1
3797500 2746500  4 11 12  10.5 1003  54  4.1 1  4.1  52  286  296 241 -363  1
3797500 2746500  4 11 13  10.3 1003  82  4.5 5  4.0  51   53  324 261 -373  1
3797500 2746500  4 11 14  10.8 1002  32  3.0 7  4.1  51    0  169 299 -380  1
3797500 2746500  4 11 15  10.9 1001  59  3.2 7  4.1  51    0  138 313 -381  1
3797500 2746500  4 11 16  10.9 1001  40  3.4 7  4.1  50    0  140 315 -378  1
3797500 2746500  4 11 17  11.1 1000  46  4.0 7  4.1  50   16  160 317 -375  1
3797500 2746500  4 11 18  11.0  999  29  3.9 7  4.1  49   20  102 318 -373  1
3797500 2746500  4 11 19  10.6  999  41  2.7 5  4.0  50   14   32 306 -370  1
3797500 2746500  4 11 20   9.6  999  36  2.5 5  4.0  52    0    3 292 -365  1
3797500 2746500  4 11 21   9.0  999  36  2.6 3  4.0  54    0    0 278 -359  1
3797500 2746500  4 11 22   7.9  999  38  3.0 4  4.1  58    0    0 269 -355  1
3797500 2746500  4 11 23   7.4  999  34  2.9 4  4.1  62    0    0 271 -353  1
3797500 2746500  4 11 24   5.7  999  38  2.0 3  4.0  66    0    0 261 -352  1
3797500 2746500  4 12  1   6.0  999  31  2.9 2  4.1  70    0    0 249 -352  1
3797500 2746500  4 12  2   4.4  998  35  2.9 2  4.2  74    0    0 241 -351  1
3797500 2746500  4 12  3   4.8  998  36  1.3 3  4.2  78    0    0 246 -350  1
3797500 2746500  4 12  4   3.9  997  26  2.9 3  4.2  80    0    0 251 -349  1
3797500 2746500  4 12  5   4.1  997  32  3.0 3  4.3  83    0    0 250 -349  1
3797500 2746500  4 12  6   3.7  997  48  3.1 2  4.3  85    0    0 245 -349  1
3797500 2746500  4 12  7   4.2  997  37  1.7 3  4.4  86   15   44 246 -349  1
3797500 2746500  4 12  8   6.9  997  27  3.2 3  4.6  80   89  113 256 -352  1
3797500 2746500  4 12  9   8.7  997  12  3.7 1  4.8  72  206  161 254 -355  1
3797500 2746500  4 12 10  10.4  996  33  3.9 1  4.8  64  332  189 251 -359  1
3797500 2746500  4 12 11  11.5  996  26  5.1 1  4.8  58  424  210 259 -365  1
3797500 2746500  4 12 12  12.3  996  15  5.3 2  4.8  54  392  272 270 -371  1
3797500 2746500  4 12 13  12.8  995  21  5.7 4  4.9  53  253  342 289 -378  1
3797500 2746500  4 12 14  12.6  995  11  6.5 5  4.8  51  148  349 307 -384  1
3797500 2746500  4 12 15  13.3  995   9  5.9 6  4.7  50   50  295 318 -389  1
3797500 2746500  4 12 16  13.4  995   6  6.2 6  4.7  48   59  252 325 -390  1
3797500 2746500  4 12 17  13.5  994  10  5.4 5  4.6  47   80  189 318 -387  1
3797500 2746500  4 12 18  13.0  994  13  5.2 6  4.5  47   29  110 315 -384  1
3797500 2746500  4 12 19  12.7  995  16  4.4 7  4.5  48   17   36 322 -381  1
3797500 2746500  4 12 20  12.2  995  22  4.6 6  4.5  50    0    2 320 -374  1
3797500 2746500  4 12 21  11.3  996 356  4.7 5  4.8  56    0    0 308 -368  1
3797500 2746500  4 12 22  10.9  996  11  4.6 6  5.1  61    0    0 307 -363  1
3797500 2746500  4 12 23   9.9  996 356  4.6 6  5.2  65    0    0 312 -360  1
3797500 2746500  4 12 24   8.7  997 343  4.1 7  5.3  71    0    0 316 -357  1
3797500 2746500  4 13  1   8.0  997 343  3.3 8  5.3  76    0    0 325 -356  1
3797500 2746500  4 13  2   7.6  996   9  3.4 8  5.3  79    0    0 330 -355  1
3797500 2746500  4 13  3   7.3  996 334  2.6 8  5.3  80    0    0 330 -354  1
3797500 2746500  4 13  4   7.1  996 343  3.1 8  5.2  81    0    0 330 -354  1
3797500 2746500  4 13  5   7.0  996 348  3.3 8  5.2  82    0    0 330 -355  1
3797500 2746500  4 13  6   6.9  996 346  3.3 8  5.3  83    0    0 331 -355  1
3797500 2746500  4 13  7   7.0  997   5  3.4 8  5.3  84    0   18 332 -355  1
3797500 2746500  4 13  8   7.2  997 355  2.9 8  5.4  84    0   52 333 -355  1
3797500 2746500  4 13  9   7.3  997 350  3.6 8  5.4  84    0   71 333 -356  1
3797500 2746500  4 13 10   7.6  997 359  4.5 8  5.4  83    0   92 334 -357  1
3797500 2746500  4 13 11   7.3  997   6  4.6 8  5.4  83    0   82 334 -359  1
3797500 2746500  4 13 12   7.2  998   5  3.7 8  5.4  83    0   80 333 -367  1
3797500 2746500  4 13 13   7.8  998 360  3.6 8  5.3  81    0  107 334 -376  1
3797500 2746500  4 13 14   7.9  998 356  3.8 8  5.3  80    0  124 334 -380  1
3797500 2746500  4 13 15   8.5  998 346  3.9 7  5.3  78    0  134 329 -379  1
3797500 2746500  4 13 16   8.6  998 339  2.8 7  5.3  75    0  141 323 -379  1
3797500 2746500  4 13 17   8.7  997 343  2.4 7  5.2  73    0  101 321 -378  1
3797500 2746500  4 13 18   8.6  998 354  4.0 8  5.0  70    0   65 324 -375  1
3797500 2746500  4 13 19   8.4  998 338  3.0 8  4.9  70   21   18 327 -373  1
3797500 2746500  4 13 20   8.2  998 344  2.7 8  4.8  69    0    1 328 -369  1
3797500 2746500  4 13 21   8.0  999 338  2.3 8  4.7  69    0    0 327 -366  1
3797500 2746500  4 13 22   7.8  999 334  2.2 8  4.6  69    0    0 327 -364  1
3797500 2746500  4 13 23   8.3  999 308  2.0 8  5.0  71    0    0 327 -362  1
3797500 2746500  4 13 24   9.0 1000 277  1.9 8  5.5  74    0    0 327 -360  1
3797500 2746500  4 14  1  10.0 1001 238  1.8 8  6.1  77    0    0 346 -373  1
3797500 2746500  4 14  2  10.8 1001 203  1.8 8  6.6  80    0    0 345 -371  1
3797500 2746500  4 14  3  11.4 1000 176  1.9 8  6.9  81    0    0 343 -370  1
3797500 2746500  4 14  4  11.4 1000 172  2.1 8  6.8  80    0    0 334 -368  1
3797500 2746500  4 14  5  11.4 1000 175  2.1 8  6.8  80    0    0 332 -367  1
3797500 2746500  4 14  6  11.1  999 172  2.5 8  6.6  78    0    0 339 -366  1
3797500 2746500  4 14  7  11.7  999 169  2.8 8  6.5  77    0   33 339 -365  1
3797500 2746500  4 14  8  12.0  999 170  3.2 6  6.7  76    5   93 321 -368  1
3797500 2746500  4 14  9  12.7  999 174  3.6 6  6.7  74   36  171 309 -375  1
3797500 2746500  4 14 10  13.2  999 184  4.0 6  6.7  71   71  245 315 -384  1
3797500 2746500  4 14 11  14.2  999 205  4.0 6  6.7  67  108  299 319 -394  1
3797500 2746500  4 14 12  14.8  999 178  4.1 7  6.6  64   95  340 329 -404  1
3797500 2746500  4 14 13  15.6  999 199  4.5 7  6.5  59   74  331 337 -411  1
3797500 2746500  4 14 14  15.3  998 157  4.4 7  6.3  57    9  268 338 -411  1
3797500 2746500  4 14 15  16.6  998 168  4.2 7  6.3  55    8  239 341 -414  1
3797500 2746500  4 14 16  16.8  998 191  3.4 6  6.0  50   20  226 338 -420  1
3797500 2746500  4 14 17  16.5  997 183  3.0 7  5.7  48    7  155 337 -417  1
3797500 2746500  4 14 18  16.4  997 180  2.3 7  5.8  49    7   98 342 -409  1
3797500 2746500  4 14 19  15.7  997 165  1.8 5  5.8  51   13   43 330 -400  1
3797500 2746500  4 14 20  14.3  997 159  1.5 5  5.8  54    0    6 315 -389  1
3797500 2746500  4 14 21  13.6  997 151  1.3 5  5.6  55    0    0 313 -381  1
3797500 2746500  4 14 22  13.4  998 132  1.4 3  5.5  56    0    0 301 -377  1
3797500 2746500  4 14 23  13.1  998 118  1.5 4  5.6  59    0    0 297 -375  1
3797500 2746500  4 14 24  12.6  998 110  1.5 6  5.7  61    0    0 313 -374  1
3797500 2746500  4 15  1  11.7  998 114  2.4 6  5.7  64    0    0 321 -373  1
3797500 2746500  4 15  2  11.2  997 109  2.6 5  5.8  68    0    0 313 -372  1
3797500 2746500  4 15  3  11.4  997 113  2.0 4  5.8  68    0    0 302 -370  1
3797500 2746500  4 15  4  11.3  997 113  1.8 4  5.7  67    0    0 294 -369  1
3797500 2746500  4 15  5  10.3  996 100  2.2 6  5.6  69    0    0 302 -367  1
3797500 2746500  4 15  6  10.4  996  97  2.6 6  5.7  72    0    0 312 -365  1
3797500 2746500  4 15  7  12.4  996  97  2.7 4  5.8  68   27   49 302 -365  1
3797500 2746500  4 15  8  14.5  996 113  2.6 3  5.9  60   89  123 290 -369  1
3797500 2746500  4 15  9  17.3  996 139  3.4 3  6.1  53  153  188 292 -376  1
3797500 2746500  4 15 10  18.8  995 158  4.4 5  6.3  48  263  223 311 -387  1
3797500 2746500  4 15 11  19.9  995 124  3.6 5  6.2  44  418  210 328 -400  1
3797500 2746500  4 15 12  19.6  995 196  4.8 5  5.8  40  468  221 333 -409  1
3797500 2746500  4 15 13  18.2  996 214  4.6 5  5.8  42  186  321 334 -412  1
3797500 2746500  4 15 14  17.7  996 199  4.1 6  6.1  47   53  331 337 -408  1
3797500 2746500  4 15 15  18.6  996 207  4.5 6  6.2  47  107  309 341 -397  1
3797500 2746500  4 15 16  16.9  996 228  5.0 4  6.2  48  251  218 329 -386  1
3797500 2746500  4 15 17  16.1  997 210  4.6 4  5.9  50  113  184 314 -380  1
3797500 2746500  4 15 18  15.1  997 242  4.1 5  5.9  53   40  113 315 -376  1
3797500 2746500  4 15 19  13.4  998 245  2.7 6  6.0  58   18   42 317 -370  1
3797500 2746500  4 15 20  12.2  999 252  2.4 6  5.7  61    0    4 315 -365  1
3797500 2746500  4 15 21  11.6 1000 246  1.8 6  5.6  64    0    0 311 -362  1
3797500 2746500  4 15 22  11.5 1001 252  1.0 7  5.5  64    0    0 314 -361  1
3797500 2746500  4 15 23  10.7 1001 332  1.5 7  5.6  67    0    0 317 -360  1
3797500 2746500  4 15 24   9.4 1001 359  1.8 8  5.8  75    0    0 321 -359  1
3797500 2746500  4 16  1   8.9 1001 353  3.5 6  6.0  82    0    0 316 -357  1
3797500 2746500  4 16  2   8.7 1001   5  2.5 6  6.1  85    0    0 307 -356  1
3797500 2746500  4 16  3   8.5 1001   0  2.5 6  6.0  86    0    0 307 -355  1
3797500 2746500  4 16  4   8.5 1001 357  2.3 7  6.0  86    0    0 312 -355  1
3797500 2746500  4 16  5   8.2 1001  11  3.0 7  5.9  86    0    0 318 -355  1
3797500 2746500  4 16  6   7.9 1000   4  3.1 7  5.9  86    0    0 318 -354  1
3797500 2746500  4 16  7   7.9 1000   7  2.6 7  5.9  88    0    8 317 -354  1
3797500 2746500  4 16  8   7.8 1000 355  4.0 8  5.9  88    0   35 322 -355  1
3797500 2746500  4 16  9   7.9 1000   5  4.6 8  5.9  88    0   70 326 -356  1
3797500 2746500  4 16 10   8.2  999  15  4.1 8  6.0  88    0   91 327 -358  1
3797500 2746500  4 16 11   8.9  999  13  3.9 7  6.2  88    0  124 324 -362  1
3797500 2746500  4 16 12   8.9  999  14  3.5 8  6.3  88    0  140 325 -370  1
3797500 2746500  4 16 13   9.7  998 360  3.8 8  6.4  87    0  140 330 -381  1
3797500 2746500  4 16 14  11.3  998   2  4.3 8  6.6  82    0  227 333 -390  1
3797500 2746500  4 16 15  12.5  997 343  4.3 6  6.8  77  111  333 330 -398  1
3797500 2746500  4 16 16  14.3  996  12  3.6 5  7.2  74  234  253 323 -402  1
3797500 2746500  4 16 17  15.4  996 350  3.4 3  7.6  71  174  188 314 -397  1
3797500 2746500  4 16 18  15.6  995 340  2.9 4  7.9  70   71  124 310 -394  1
3797500 2746500  4 16 19  14.6  995 339  3.2 6  8.1  74    9   43 320 -390  1
3797500 2746500  4 16 20  13.4  995 340  3.5 5  8.1  79    0    3 319 -380  1
3797500 2746500  4 16 21  12.8  995 337  3.0 3  7.9  83    0    0 299 -371  1
3797500 2746500  4 16 22  11.9  995  55  3.3 5  7.8  85    0    0 295 -367  1
3797500 2746500  4 16 23  11.3  995 323  2.2 6  7.6  88    0    0 309 -367  1
3797500 2746500  4 16 24  10.6  995 328  1.6 7  7.5  90    0    0 319 -366  1
3797500 2746500  4 17  1  10.1  995 349  2.7 6  7.2  91    0    0 317 -364  1
3797500 2746500  4 17  2  10.7  994  28  2.9 3  7.2  90    0    0 295 -361  1
3797500 2746500  4 17  3  10.0  994  34  3.1 1  7.1  88    0    0 264 -359  1
3797500 2746500  4 17  4  10.3  994  45  2.0 2  6.9  87    0    0 257 -358  1
3797500 2746500  4 17  5  10.0  993  44  2.7 3  6.8  87    0    0 271 -357  1
3797500 2746500  4 17  6   9.5  993  34  2.8 3  6.8  88    0    0 278 -355  1
3797500 2746500  4 17  7   9.4  994  37  3.0 5  6.8  90    9   52 292 -354  1
3797500 2746500  4 17  8  10.3  994  29  3.9 6  6.8  88   13  110 315 -355  1
3797500 2746500  4 17  9  10.4  994  39  3.5 7  6.9  87    2  140 328 -357  1
3797500 2746500  4 17 10  11.0  994  31  3.4 8  7.0  85    1  165 342 -364  1
3797500 2746500  4 17 11  11.2  995  33  3.7 8  7.1  84    0  161 350 -374  1
3797500 2746500  4 17 12  11.6  995  44  3.5 8  7.2  85    0  149 350 -384  1
3797500 2746500  4 17 13  11.9  994  21  4.4 7  7.3  83    0  191 344 -390  1
3797500 2746500  4 17 14  13.2  994  10  3.5 7  7.4  80    5  271 340 -391  1
3797500 2746500  4 17 15  13.9  993  33  2.9 7  7.5  76   20  296 342 -389  1
3797500 2746500  4 17 16  14.1  993  27  2.3 6  7.4  72   32  268 337 -384  1
3797500 2746500  4 17 17  15.1  993 327  2.6 5  7.6  72   42  216 328 -379  1
3797500 2746500  4 17 18  14.8  993  18  2.0 7  7.6  71   12  117 335 -377  1
3797500 2746500  4 17 19  14.6  993 350  0.9 8  7.4  69    1   33 348 -375  1
3797500 2746500  4 17 20  13.9  994 327  1.1 8  7.4  72    0    0 352 -373  1
3797500 2746500  4 17 21  13.1  994 254  1.4 8  7.5  76    0    0 349 -372  1
3797500 2746500  4 17 22  12.3  994 233  1.3 7  7.5  80    0    0 340 -371  1
3797500 2746500  4 17 23  11.8  994 246  1.1 7  7.4  83    0    0 333 -371  1
3797500 2746500  4 17 24  11.6  994 252  1.3 7  7.4  84    0    0 333 -370  1
3797500 2746500  4 18  1  11.2  995 227  1.4 8  7.5  87    0    0 339 -370  1
3797500 2746500  4 18  2  11.2  994 236  1.3 8  7.5  89    0    0 346 -370  1
3797500 2746500  4 18  3  10.8  994 188  0.7 8  7.5  90    0    0 345 -370  1
3797500 2746500  4 18  4  10.8  994 238  1.4 8  7.6  92    0    0 345 -370  1
3797500 2746500  4 18  5  10.4  994 241  1.9 8  7.7  94    0    0 345 -370  1
3797500 2746500  4 18  6  10.2  994 243  1.5 5  7.5  94    0    0 322 -370  1
3797500 2746500  4 18  7  10.2  994 242  1.1 8  7.4  93    0    6 323 -371  1
3797500 2746500  4 18  8  10.1  994 180  1.0 7  7.3  93    0   23 339 -372  1
3797500 2746500  4 18  9  10.7  994 197  1.3 8  7.3  91    0   51 340 -375  1
3797500 2746500  4 18 10  11.2  994 161  1.9 8  7.7  92    0   82 350 -380  1
3797500 2746500  4 18 11  11.8  994 205  2.6 8  8.0  93    0  127 352 -385  1
3797500 2746500  4 18 12  12.5  994 162  2.8 8  8.0  88    0  144 355 -387  1
3797500 2746500  4 18 13  14.0  994 155  4.1 8  7.8  80    0  139 358 -388  1
3797500 2746500  4 18 14  15.1  993 202  2.7 5  7.3  69  215  371 344 -390  1
3797500 2746500  4 18 15  15.4  993 142  1.2 6  7.1  65  106  334 334 -391  1
3797500 2746500  4 18 16  16.4  993 190  2.9 8  7.2  62   10  214 352 -392  1
3797500 2746500  4 18 17  16.2  993 156  2.4 6  7.2  61   43  194 353 -388  1
3797500 2746500  4 18 18  16.0  993 243  3.6 6  7.1  61   33  122 338 -381  1
3797500 2746500  4 18 19  14.8  993 255  2.5 5  6.9  62   25   51 327 -376  1
3797500 2746500  4 18 20  13.0  994 282  2.4 6  7.1  70    2    9 321 -372  1
3797500 2746500  4 18 21  12.5  995 285  1.2 6  7.3  78    0    0 322 -369  1
3797500 2746500  4 18 22  12.0  996 269  1.7 7  7.3  80    0    0 326 -366  1
3797500 2746500  4 18 23  11.3  996 327  1.5 7  7.3  84    0    0 330 -365  1
3797500 2746500  4 18 24  11.0  996 336  1.9 7  7.2  85    0    0 327 -365  1
3797500 2746500  4 19  1   9.9  996 355  2.3 7  6.7  84    0    0 325 -364  1
3797500 2746500  4 19  2   9.7  996 328  1.3 7  6.4  84    0    0 325 -363  1
3797500 2746500  4 19  3   9.4  996 331  1.7 8  6.5  86    0    0 333 -363  1
3797500 2746500  4 19  4   9.7  996 338  1.5 7  6.4  85    0    0 334 -363  1
3797500 2746500  4 19  5   9.2  996 342  1.5 6  6.3  84    0    0 321 -363  1
3797500 2746500  4 19  6   8.8  996 323  0.8 6  6.2  85    0    0 313 -364  1
3797500 2746500  4 19  7   9.2  996 326  1.2 8  6.2  85    5   49 327 -364  1
3797500 2746500  4 19  8   9.2  997 299  0.8 7  6.2  85    5   97 335 -364  1
3797500 2746500  4 19  9   8.9  997 297  1.3 7  6.3  86    0   76 326 -363  1
3797500 2746500  4 19 10   9.1  997 280  1.7 8  6.4  88    0   90 331 -362  1
3797500 2746500  4 19 11   9.0  997 266  2.1 8  6.5  89    0   93 338 -362  1
3797500 2746500  4 19 12   8.4  997 247  2.3 8  6.5  91    0  105 337 -363  1
3797500 2746500  4 19 13   8.0  997 258  3.2 8  6.3  91    0  106 335 -363  1
3797500 2746500  4 19 14   8.4  997 267  2.0 8  6.3  92    0   97 335 -364  1
3797500 2746500  4 19 15   8.1  998 267  2.6 8  6.3  92    0   95 335 -365  1
3797500 2746500  4 19 16   8.6  997 254  2.7 7  6.3  91    0  132 329 -366  1
3797500 2746500  4 19 17   8.4  998 259  2.2 8  6.3  90    0   57 330 -366  1
3797500 2746500  4 19 18   8.3  998 257  2.8 8  6.3  91    0   28 336 -366  1
3797500 2746500  4 19 19   8.3  998 250  2.1 7  6.3  91    0   14 329 -366  1
3797500 2746500  4 19 20   8.3  999 252  2.1 8  6.2  90    0    1 329 -366  1
3797500 2746500  4 19 21   8.3  999 263  1.6 8  6.2  90    0    0 335 -364  1
3797500 2746500  4 19 22   8.3  999 269  1.5 8  6.2  90    0    0 336 -362  1
3797500 2746500  4 19 23   8.1 1000 256  1.3 8  6.2  90    0    0 336 -361  1
3797500 2746500  4 19 24   7.7 1000 242  1.3 7  6.1  91    0    0 330 -358  1
3797500 2746500  4 20  1   7.4 1000 247  1.7 7  6.1  92    0    0 323 -355  1
3797500 2746500  4 20  2   7.7 1000 265  1.3 7  6.1  93    0    0 324 -353  1
3797500 2746500  4 20  3   7.4 1000 291  0.7 7  6.1  93    0    0 324 -350  1
3797500 2746500  4 20  4   7.7 1001 330  0.8 8  6.0  92    0    0 329 -346  1
3797500 2746500  4 20  5   7.5 1001 282  0.8 8  5.9  90    0    0 332 -342  1
3797500 2746500  4 20  6   7.4 1001 271  0.5 8  5.9  90    0    0 330 -338  1
3797500 2746500  4 20  7   7.8 1001 339  0.9 8  5.9  89    0   10 330 -333  1
3797500 2746500  4 20  8   7.7 1002  25  2.0 8  5.9  88    0   23 332 -332  1
3797500 2746500  4 20  9   7.1 1002  39  2.4 8  5.6  86    0   75 332 -337  1
3797500 2746500  4 20 10   7.4 1003  47  2.9 7  5.4  84    5  179 325 -344  1
3797500 2746500  4 20 11   8.9 1003  59  3.1 7  5.3  78   84  266 319 -353  1
3797500 2746500  4 20 12  10.9 1004  79  3.4 6  5.4  70  242  334 315 -361  1
3797500 2746500  4 20 13  11.9 1004  49  3.4 5  5.3  62  274  351 308 -366  1
3797500 2746500  4 20 14  12.1 1004  86  3.2 7  4.9  55  128  372 312 -369  1
3797500 2746500  4 20 15  11.9 1005  53  3.7 6  4.6  52  119  331 313 -369  1
3797500 2746500  4 20 16  12.8 1005  58  3.4 5  4.5  50  250  245 304 -368  1
3797500 2746500  4 20 17  13.0 1005  58  3.2 5  4.2  45  216  172 299 -363  1
3797500 2746500  4 20 18  12.9 1006  43  3.5 6  3.9  42  116  116 301 -357  1
3797500 2746500  4 20 19  12.2 1006  43  3.7 3  3.6  40   50   58 288 -350  1
3797500 2746500  4 20 20  10.8 1007  51  2.9 2  3.2  38    2    9 265 -343  1
3797500 2746500  4 20 21   9.2 1008  49  2.5 2  2.9  38    0    0 253 -337  1
3797500 2746500  4 20 22   8.1 1009  52  2.3 0  2.8  40    0    0 238 -332  1
3797500 2746500  4 20 23   7.8 1010  70  2.0 0  2.8  42    0    0 228 -328  1
3797500 2746500  4 20 24   7.2 1010  70  1.7 3  2.8  44    0    0 236 -324  1
3797500 2746500  4 21  1   6.2 1011  68  2.1 0  3.0  48    0    0 234 -321  1
3797500 2746500  4 21  2   5.7 1012 101  2.1 0  3.1  54    0    0 221 -319  1
3797500 2746500  4 21  3   5.3 1012  89  1.9 0  3.1  56    0    0 220 -317  1
3797500 2746500  4 21  4   4.6 1012  78  1.5 0  3.1  58    0    0 218 -316  1
3797500 2746500  4 21  5   4.0 1012  62  1.4 0  3.1  61    0    0 216 -317  1
3797500 2746500  4 21  6   3.1 1013  67  1.6 0  3.2  65    0    0 215 -318  1
3797500 2746500  4 21  7   5.0 1013  97  1.6 0  3.3  66   38   60 215 -320  1
3797500 2746500  4 21  8   7.4 1014  92  2.0 0  3.3  56  153  113 218 -327  1
3797500 2746500  4 21  9   9.0 1014 107  3.5 0  3.2  47  289  141 222 -336  1
3797500 2746500  4 21 10  10.2 1014  57  3.0 0  3.1  41  432  147 225 -345  1
3797500 2746500  4 21 11  11.1 1014  34  3.3 0  3.0  38  551  145 233 -351  1
3797500 2746500  4 21 12  11.8 1014  40  3.6 1  3.1  38  639  135 245 -355  1
3797500 2746500  4 21 13  12.0 1013  59  3.5 1  3.1  36  657  134 253 -355  1
3797500 2746500  4 21 14  12.2 1013  40  3.6 1  3.0  35  650  119 256 -359  1
3797500 2746500  4 21 15  12.8 1013 356  2.9 1  3.1  35  590  108 259 -365  1
3797500 2746500  4 21 16  12.8 1012  47  2.7 1  3.1  33  486   99 258 -365  1
3797500 2746500  4 21 17  13.1 1012  43  3.3 1  3.0  33  353   90 258 -363  1
3797500 2746500  4 21 18  13.1 1012 343  1.9 1  3.2  34  205   76 259 -363  1
3797500 2746500  4 21 19  12.6 1012 351  1.5 1  3.3  36   71   48 259 -361  1
3797500 2746500  4 21 20  11.3 1012 124  0.6 1  3.3  38    4    8 257 -352  1
3797500 2746500  4 21 21   9.9 1012 124  0.9 2  3.4  42    0    0 255 -344  1
3797500 2746500  4 21 22   9.4 1012 137  0.5 1  3.3  44    0    0 252 -339  1
3797500 2746500  4 21 23   7.6 1012 197  1.3 1  3.3  48    0    0 246 -335  1
3797500 2746500  4 21 24   6.9 1012 340  1.2 0  3.4  53    0    0 240 -332  1
3797500 2746500  4 22  1   7.6 1013  36  1.4 0  3.6  56    0    0 238 -329  1
3797500 2746500  4 22  2   6.9 1013  83  1.0 0  3.8  61    0    0 239 -326  1
3797500 2746500  4 22  3   6.5 1012  82  1.0 0  3.9  64    0    0 238 -323  1
3797500 2746500  4 22  4   4.6 1012 148  1.0 0  3.8  68    0    0 236 -321  1
3797500 2746500  4 22  5   5.5 1012 106  0.9 0  3.9  71    0    0 236 -321  1
3797500 2746500  4 22  6   4.4 1011 139  0.8 0  3.8  71    0    0 237 -319  1
3797500 2746500  4 22  7   7.2 1011 191  1.1 1  3.9  68   42   60 242 -320  1
3797500 2746500  4 22  8   9.2 1011 202  1.2 0  4.0  60  161  108 248 -326  1
3797500 2746500  4 22  9  11.1 1011 170  1.2 0  4.1  53  295  135 250 -337  1
3797500 2746500  4 22 10  12.7 1011 192  1.5 0  4.1  48  438  140 255 -349  1
3797500 2746500  4 22 11  13.0 1011 204  1.7 0  4.0  44  551  140 257 -362  1
3797500 2746500  4 22 12  13.2 1011 284  2.0 0  3.7  39  637  129 257 -377  1
3797500 2746500  4 22 13  14.1 1010 250  1.5 1  3.4  35  690  109 264 -390  1
3797500 2746500  4 22 14  14.4 1010 248  1.8 1  3.3  33  689   90 270 -397  1
3797500 2746500  4 22 15  15.1 1009 261  2.1 1  3.4  32  612   90 272 -398  1
3797500 2746500  4 22 16  15.9 1009  99  0.5 1  3.4  31  502   85 274 -397  1
3797500 2746500  4 22 17  15.8 1008   5  1.8 1  3.4  30  355   86 275 -394  1
3797500 2746500  4 22 18  15.7 1008 150  1.2 0  3.3  30  202   74 271 -387  1
3797500 2746500  4 22 19  14.8 1007  53  1.8 0  3.5  33   71   48 266 -378  1
3797500 2746500  4 22 20  13.2 1007  57  2.1 0  3.8  38    4    9 263 -368  1
3797500 2746500  4 22 21  12.1 1008  40  3.0 0  3.7  40    0    0 255 -358  1
3797500 2746500  4 22 22  11.1 1008  71  2.6 0  3.5  42    0    0 251 -350  1
3797500 2746500  4 22 23  10.3 1008  81  2.5 0  3.6  45    0    0 248 -344  1
3797500 2746500  4 22 24   8.8 1008  69  2.1 0  3.7  50    0    0 244 -340  1
3797500 2746500  4 23  1   9.1 1008  90  2.3 0  3.9  54    0    0 242 -336  1
3797500 2746500  4 23  2   7.2 1007  88  1.8 0  4.0  59    0    0 239 -332  1
3797500 2746500  4 23  3   6.8 1007  96  1.7 0  3.9  62    0    0 233 -329  1
3797500 2746500  4 23  4   6.3 1007 106  1.3 0  3.9  64    0    0 231 -328  1
3797500 2746500  4 23  5   5.9 1006  92  1.4 0  3.8  65    0    0 228 -327  1
3797500 2746500  4 23  6   6.6 1006  79  1.6 0  3.8  64    0    0 227 -325  1
3797500 2746500  4 23  7   7.6 1006  92  1.3 1  4.1  65   41   66 231 -326  1
3797500 2746500  4 23  8  11.5 1006 101  1.2 0  4.4  59  156  120 235 -333  1
3797500 2746500  4 23  9  14.3 1006 156  1.1 0  4.5  48  279  158 239 -345  1
3797500 2746500  4 23 10  15.5 1005 108  2.4 0  4.4  42  410  177 245 -358  1
3797500 2746500  4 23 11  16.2 1005 102  3.3 0  4.2  37  522  183 250 -371  1
3797500 2746500  4 23 12  17.1 1005 129  2.4 0  4.2  35  602  177 257 -384  1
3797500 2746500  4 23 13  17.5 1004 170  1.8 0  4.1  33  634  169 263 -400  1
3797500 2746500  4 23 14  17.6 1004  65  2.4 0  3.7  30  634  149 268 -412  1
3797500 2746500  4 23 15  18.4 1004  67  2.6 1  3.5  27  565  142 274 -417  1
3797500 2746500  4 23 16  18.9 1003 122  2.2 1  3.5  26  454  132 282 -415  1
3797500 2746500  4 23 17  18.9 1003 260  2.1 2  3.7  27  226  162 286 -409  1
3797500 2746500  4 23 18  17.4 1003 177  2.8 3  4.1  32   60  129 293 -399  1
3797500 2746500  4 23 19  15.8 1003 234  2.7 4  4.6  39   12   51 297 -386  1
3797500 2746500  4 23 20  14.5 1003 243  2.0 5  4.9  46    0    3 301 -372  1
3797500 2746500  4 23 21  13.5 1004 240  1.2 5  5.1  51    0    0 300 -360  1
3797500 2746500  4 23 22  12.6 1004 235  1.0 6  5.2  55    0    0 301 -351  1
3797500 2746500  4 23 23  11.7 1004 231  1.2 6  5.3  59    0    0 302 -346  1
3797500 2746500  4 23 24  10.7 1004   0  0.0 6  5.3  63    0    0 299 -342  1
3797500 2746500  4 24  1  11.4 1004 158  0.6 8  5.3  64    0    0 304 -340  1
3797500 2746500  4 24  2  12.0 1004  77  0.9 8  5.2  61    0    0 310 -337  1
3797500 2746500  4 24  3  11.1 1004  84  0.6 8  5.3  61    0    0 310 -335  1
3797500 2746500  4 24  4  11.5 1004 109  1.3 8  5.4  64    0    0 312 -333  1
3797500 2746500  4 24  5  10.5 1004  98  1.4 6  5.5  66    0    0 305 -330  1
3797500 2746500  4 24  6  10.4 1004 109  1.6 6  5.4  68    0    1 296 -329  1
3797500 2746500  4 24  7  11.5 1004 104  1.4 3  5.5  67   45   57 287 -329  1
3797500 2746500  4 24  8  13.4 1004 100  1.5 2  5.7  63  176   85 276 -335  1
3797500 2746500  4 24  9  15.2 1004 139  1.5 2  6.1  60  350   74 277 -346  1
3797500 2746500  4 24 10  15.0 1004 199  1.9 3  6.5  60  305  176 284 -361  1
3797500 2746500  4 24 11  16.5 1004 138  4.0 5  6.7  60  113  293 298 -379  1
3797500 2746500  4 24 12  16.8 1003 120  4.2 7  6.8  57   62  308 318 -396  1
3797500 2746500  4 24 13  16.9 1003  62  3.9 8  6.6  55    2  239 333 -409  1
3797500 2746500  4 24 14  16.9 1003  98  3.3 7  6.5  54   16  270 336 -416  1
3797500 2746500  4 24 15  18.3 1002 103  3.1 6  6.6  52   46  269 333 -419  1
3797500 2746500  4 24 16  17.9 1002  94  2.8 6  6.5  49   56  229 330 -417  1
3797500 2746500  4 24 17  18.2 1001  98  3.1 5  6.2  48  134  161 325 -413  1
3797500 2746500  4 24 18  17.2 1001  63  2.9 4  6.3  49  174   62 315 -406  1
3797500 2746500  4 24 19  16.9 1001  78  2.7 7  6.5  53   28   47 321 -394  1
3797500 2746500  4 24 20  15.7 1001  66  2.4 7  6.6  56    2    9 331 -381  1
3797500 2746500  4 24 21  14.8 1001 118  3.4 7  6.8  62    0    0 326 -370  1
3797500 2746500  4 24 22  13.3 1002  98  1.2 8  7.1  70    0    0 326 -362  1
3797500 2746500  4 24 23  13.3 1002 116  1.3 8  7.2  75    0    0 329 -357  1
3797500 2746500  4 24 24  13.0 1002  93  1.1 7  7.1  74    0    0 325 -351  1
3797500 2746500  4 25  1  12.8 1001  90  0.7 8  7.0  74    0    0 323 -347  1
3797500 2746500  4 25  2  12.6 1001  82  0.6 7  7.0  75    0    0 322 -343  1
3797500 2746500  4 25  3  12.4 1001  60  0.5 8  6.9  75    0    0 321 -340  1
3797500 2746500  4 25  4  12.0 1000  62  0.3 7  6.7  75    0    0 319 -337  1
3797500 2746500  4 25  5  11.7 1000  74  0.6 8  6.8  77    0    0 319 -335  1
3797500 2746500  4 25  6  11.3 1000  80  1.3 8  6.8  79    0    0 323 -333  1
3797500 2746500  4 25  7  11.1 1000  56  0.9 7  6.8  80    0   34 319 -334  1
3797500 2746500  4 25  8  11.4 1000  54  1.3 7  6.8  80    0   98 314 -340  1
3797500 2746500  4 25  9  11.9 1000  42  2.0 7  6.6  77    4  188 315 -349  1
3797500 2746500  4 25 10  13.2 1000  73  2.6 6  6.5  71   19  292 314 -361  1
3797500 2746500  4 25 11  13.6 1000  53  2.2 6  6.6  68   14  309 314 -375  1
3797500 2746500  4 25 12  13.5 1000  98  2.7 7  6.7  68    1  249 320 -389  1
3797500 2746500  4 25 13  13.7 1000  60  2.8 7  6.6  67    0  199 324 -400  1
3797500 2746500  4 25 14  13.9 1000  47  3.0 8  6.5  65    0  195 329 -407  1
3797500 2746500  4 25 15  14.4 1000  69  2.8 8  6.4  63    0  178 333 -408  1
3797500 2746500  4 25 16  14.4 1000  61  2.8 7  6.3  60   20  267 330 -406  1
3797500 2746500  4 25 17  14.4 1000  79  3.3 5  6.3  61   42  244 317 -402  1
3797500 2746500  4 25 18  14.6 1000  56  3.4 6  6.2  60   10  135 312 -396  1
3797500 2746500  4 25 19  13.9 1001  63  2.6 7  6.2  60    3   53 320 -389  1
3797500 2746500  4 25 20  12.9 1001  72  3.5 8  6.2  64    0    6 326 -380  1
3797500 2746500  4 25 21  12.7 1002  58  2.7 8  6.2  67    0    0 327 -371  1
3797500 2746500  4 25 22  12.0 1003  72  1.8 8  6.3  69    0    0 327 -364  1
3797500 2746500  4 25 23  11.7 1003  77  2.7 8  6.4  73    0    0 326 -358  1
3797500 2746500  4 25 24  11.5 1003  81  2.0 6  6.3  73    0    0 316 -352  1
3797500 2746500  4 26  1  11.0 1004  88  2.1 7  6.2  73    0    0 310 -346  1
3797500 2746500  4 26  2  11.3 1004  63  1.6 6  6.2  75    0    0 312 -341  1
3797500 2746500  4 26  3  10.8 1004  75  1.3 5  6.4  77    0    0 304 -336  1
3797500 2746500  4 26  4  10.4 1004 251  0.8 6  6.3  79    0    0 305 -332  1
3797500 2746500  4 26  5  10.1 1005 231  1.0 7  6.3  80    0    0 317 -328  1
3797500 2746500  4 26  6  10.0 1005 234  2.0 7  6.2  80    0    1 322 -325  1
3797500 2746500  4 26  7  10.4 1005 251  1.7 8  6.1  79    0   18 326 -324  1
3797500 2746500  4 26  8  11.0 1006 233  2.0 8  6.4  79    0   51 332 -329  1
3797500 2746500  4 26  9  10.9 1006 243  3.0 8  6.6  81    0   98 335 -340  1
3797500 2746500  4 26 10  11.0 1007 230  2.7 8  6.9  83    0  132 336 -358  1
3797500 2746500  4 26 11  11.1 1007 240  2.5 8  7.0  84    0  130 338 -376  1
3797500 2746500  4 26 12  11.2 1007 216  2.7 8  7.0  84    0  134 336 -394  1
3797500 2746500  4 26 13  12.9 1008 237  3.0 7  7.0  79    1  245 331 -408  1
3797500 2746500  4 26 14  14.4 1008 265  2.3 6  6.8  69   28  331 321 -418  1
3797500 2746500  4 26 15  16.1 1007 300  2.0 4  6.9  63  119  366 310 -422  1
3797500 2746500  4 26 16  15.1 1007 213  1.5 5  6.8  62   43  277 306 -421  1
3797500 2746500  4 26 17  12.7 1007 154  1.7 8  7.0  70    0  107 318 -417  1
3797500 2746500  4 26 18  13.3 1007 118  1.9 7  7.6  81    0   92 326 -409  1
3797500 2746500  4 26 19  13.1 1007 168  2.6 7  7.7  81    0   32 321 -398  1
3797500 2746500  4 26 20  12.5 1007 169  1.4 7  7.4  80    0    3 321 -386  1
3797500 2746500  4 26 21  12.4 1007 180  0.7 7  7.1  79    0    0 320 -375  1
3797500 2746500  4 26 22  12.5 1007 162  1.1 6  7.1  78    0    0 317 -367  1
3797500 2746500  4 26 23  12.3 1007 182  1.2 6  6.9  77    0    0 313 -363  1
3797500 2746500  4 26 24  12.1 1006 159  1.0 7  6.6  74    0    0 316 -363  1
3797500 2746500  4 27  1  11.4 1006 167  2.5 8  6.6  76    0    0 323 -365  1
3797500 2746500  4 27  2  11.4 1005 175  3.0 8  6.6  78    0    0 328 -364  1
3797500 2746500  4 27  3  11.4 1005 175  3.3 8  6.7  78    0    0 329 -361  1
3797500 2746500  4 27  4  11.6 1004 219  4.4 8  6.7  79    0    0 331 -359  1
3797500 2746500  4 27  5  11.1 1005 238  4.8 8  6.8  80    0    0 334 -359  1
3797500 2746500  4 27  6  11.1 1005 220  4.5 7  6.7  81    0    1 330 -360  1
3797500 2746500  4 27  7  11.6 1005 227  5.1 8  6.7  80    0   43 331 -360  1
3797500 2746500  4 27  8  11.1 1005 234  5.7 8  6.5  77    0   94 335 -362  1
3797500 2746500  4 27  9  11.6 1006 246  6.6 8  6.3  75    0  132 334 -366  1
3797500 2746500  4 27 10  11.9 1007 248  6.5 6  6.1  71    6  220 326 -370  1
3797500 2746500  4 27 11  12.6 1007 246  6.4 5  6.2  69   71  317 313 -375  1
3797500 2746500  4 27 12  13.8 1008 249  6.0 3  6.0  64  195  342 301 -383  1
3797500 2746500  4 27 13  13.0 1008 255  5.6 3  5.7  60  317  313 290 -391  1
3797500 2746500  4 27 14  14.0 1009 260  4.7 3  5.8  60  341  284 290 -394  1
3797500 2746500  4 27 15  14.9 1009 257  4.9 3  5.7  55  369  226 292 -391  1
3797500 2746500  4 27 16  13.4 1009 256  4.4 3  5.8  57  165  246 289 -394  1
3797500 2746500  4 27 17   7.6 1010 212  5.3 6  6.0  75   17  175 289 -394  1
3797500 2746500  4 27 18   9.6 1011 229  5.1 7  5.9  85   11  113 297 -387  1
3797500 2746500  4 27 19   9.5 1011 199  1.2 6  6.1  82    1   42 302 -377  1
3797500 2746500  4 27 20   8.6 1012 200  1.4 5  6.1  85    5    9 291 -365  1
3797500 2746500  4 27 21   8.2 1012 205  1.6 1  6.0  87    0    0 266 -356  1
3797500 2746500  4 27 22   8.1 1013 183  1.0 1  5.7  85    0    0 247 -351  1
3797500 2746500  4 27 23   7.8 1013 180  1.6 1  5.6  84    0    0 246 -349  1
3797500 2746500  4 27 24   8.1 1013 181  1.9 0  5.5  83    0    0 244 -347  1
3797500 2746500  4 28  1   7.7 1014 188  1.9 0  5.4  81    0    0 242 -344  1
3797500 2746500  4 28  2   7.3 1014 171  2.1 0  5.3  82    0    0 242 -343  1
3797500 2746500  4 28  3   7.1 1014 185  1.8 0  5.3  83    0    0 242 -342  1
3797500 2746500  4 28  4   7.0 1014 202  1.8 1  5.2  84    0    0 246 -341  1
3797500 2746500  4 28  5   7.4 1014 183  1.7 2  5.3  84    0    0 255 -341  1
3797500 2746500  4 28  6   7.9 1015 193  1.9 4  5.4  82    0    1 268 -342  1
3797500 2746500  4 28  7   9.1 1015 186  1.5 5  5.5  80   25   76 283 -344  1
3797500 2746500  4 28  8  10.9 1015 186  1.7 6  5.9  77   55  160 296 -350  1
3797500 2746500  4 28  9  12.4 1015 164  1.7 6  6.3  73  134  234 307 -359  1
3797500 2746500  4 28 10  14.0 1015 215  2.5 6  6.3  66  277  267 312 -370  1
3797500 2746500  4 28 11  15.2 1015 185  2.6 6  6.1  59  279  329 314 -384  1
3797500 2746500  4 28 12  15.7 1015 202  2.6 7  6.3  58  239  377 320 -397  1
3797500 2746500  4 28 13  16.5 1015 206  2.4 6  6.3  56  232  388 322 -408  1
3797500 2746500  4 28 14  16.8 1014 163  3.1 5  6.0  51  382  315 318 -415  1
3797500 2746500  4 28 15  17.5 1014 169  2.3 5  6.2  50  308  301 319 -418  1
3797500 2746500  4 28 16  17.7 1013 160  2.4 5  6.4  51  166  278 323 -417  1
3797500 2746500  4 28 17  17.9 1013 178  2.5 5  6.0  47   88  215 325 -406  1
3797500 2746500  4 28 18  17.9 1013 201  2.4 6  5.8  45   45  138 330 -395  1
3797500 2746500  4 28 19  17.5 1013 204  1.0 6  5.7  46   42   57 335 -389  1
3797500 2746500  4 28 20  16.7 1013 161  1.3 7  5.8  48    7   12 340 -384  1
3797500 2746500  4 28 21  16.2 1013 155  0.8 7  5.9  51    0    0 343 -380  1
3797500 2746500  4 28 22  15.7 1013 171  1.0 6  6.0  53    0    0 341 -377  1
3797500 2746500  4 28 23  15.4 1013 169  1.3 6  5.9  53    0    0 338 -376  1
3797500 2746500  4 28 24  14.7 1013 170  1.7 7  5.8  54    0    0 340 -375  1
3797500 2746500  4 29  1  15.2 1013 173  1.8 7  5.9  55    0    0 345 -374  1
3797500 2746500  4 29  2  14.7 1013 184  1.5 7  5.9  56    0    0 346 -373  1
3797500 2746500  4 29  3  14.3 1013 184  1.5 4  6.1  59    0    0 330 -372  1
3797500 2746500  4 29  4  14.0 1012 193  1.2 6  6.3  63    0    0 324 -372  1
3797500 2746500  4 29  5  12.3 1012 187  1.2 7  7.0  74    0    0 339 -372  1
3797500 2746500  4 29  6  11.8 1012 175  2.3 8  7.5  86    0    1 350 -373  1
3797500 2746500  4 29  7  11.9 1012 187  2.3 8  7.8  89    0   12 358 -373  1
3797500 2746500  4 29  8  12.4 1012 206  1.6 7  8.1  91    0   59 354 -374  1
3797500 2746500  4 29  9  13.5 1012 217  2.3 8  8.6  92    0   98 358 -375  1
3797500 2746500  4 29 10  14.2 1012 229  2.9 8  9.0  90    0  138 369 -375  1
3797500 2746500  4 29 11  13.9 1012 236  2.9 8  9.1  91    0  131 371 -376  1
3797500 2746500  4 29 12  14.4 1013 225  2.6 8  9.1  90    0  130 371 -377  1
3797500 2746500  4 29 13  14.5 1013 242  2.7 8  9.2  89    0  138 373 -379  1
3797500 2746500  4 29 14  15.1 1013 257  1.7 8  9.2  88    0  152 373 -381  1
3797500 2746500  4 29 15  15.4 1013 260  2.2 8  9.3  86    0  138 373 -384  1
3797500 2746500  4 29 16  15.6 1013 234  1.6 8  9.2  84    0  120 369 -387  1
3797500 2746500  4 29 17  15.4 1013 252  1.3 7  9.1  82    0  124 361 -389  1
3797500 2746500  4 29 18  15.5 1013 226  1.3 8  9.1  83    0   82 359 -392  1
3797500 2746500  4 29 19  15.5 1013 231  1.3 7  9.2  83    1   41 357 -391  1
3797500 2746500  4 29 20  15.0 1013 208  0.8 7  9.2  85    2    9 350 -385  1
3797500 2746500  4 29 21  14.8 1013 229  0.4 7  9.3  88    0    0 347 -379  1
3797500 2746500  4 29 22  14.3 1014 197  1.0 7  9.1  88    0    0 344 -374  1
3797500 2746500  4 29 23  14.1 1014 217  1.0 7  9.0  89    0    0 343 -371  1
3797500 2746500  4 29 24  13.8 1014 185  0.2 5  8.9  89    0    0 331 -369  1
3797500 2746500  4 30  1  12.9 1013 192  1.3 7  8.7  91    0    0 328 -366  1
3797500 2746500  4 30  2  13.1 1013 213  1.0 7  8.6  92    0    0 336 -365  1
3797500 2746500  4 30  3  13.1 1013 268  0.5 8  8.6  91    0    0 341 -366  1
3797500 2746500  4 30  4  12.7 1012 110  0.8 8  8.4  91    0    0 344 -367  1
3797500 2746500  4 30  5  12.3 1012 139  0.9 7  8.2  91    0    0 335 -366  1
3797500 2746500  4 30  6  12.9 1012 118  1.0 6  8.4  92    0    2 323 -367  1
3797500 2746500  4 30  7  13.6 1012 128  0.8 8  8.8  92    0   21 330 -369  1
3797500 2746500  4 30  8  14.3 1011 176  0.9 7  9.2  92   14  141 337 -376  1
3797500 2746500  4 30  9  15.6 1011 185  1.4 7  9.6  90   20  212 334 -385  1
3797500 2746500  4 30 10  16.2 1011 176  1.3 7  9.7  85    8  236 336 -396  1
3797500 2746500  4 30 11  17.2 1011 231  1.9 7  9.5  80    8  262 338 -407  1
3797500 2746500  4 30 12  17.7 1010 264  1.8 7  9.2  74   13  289 340 -418  1
3797500 2746500  4 30 13  18.1 1010 261  2.1 7  8.7  68   27  324 341 -426  1
3797500 2746500  4 30 14  18.5 1010 245  1.4 7  8.3  63   41  330 344 -430  1
3797500 2746500  4 30 15  19.4 1009 305  1.2 6  8.2  60   83  325 343 -429  1
3797500 2746500  4 30 16  19.3 1009 271  1.2 6  8.2  58   75  276 344 -425  1
3797500 2746500  4 30 17  19.9 1008 247  1.2 6  8.2  57   76  214 345 -423  1
3797500 2746500  4 30 18  19.9 1007 343  0.6 6  8.3  57   76  135 346 -419  1
3797500 2746500  4 30 19  18.6 1007 349  0.7 6  8.3  59   31   59 345 -413  1
3797500 2746500  4 30 20  17.6 1007  14  1.2 7  8.8  67    0    8 347 -404  1
3797500 2746500  4 30 21  16.9 1006  55  1.3 7  9.2  74    0    0 350 -395  1
3797500 2746500  4 30 22  15.9 1006  60  1.4 3  9.2  78    0    0 333 -391  1
3797500 2746500  4 30 23  15.2 1007  89  1.3 2  9.0  81    0    0 310 -389  1
3797500 2746500  4 30 24  14.8 1006 100  1.6 3  9.0  84    0    0 312 -387  1
3797500 2746500  5  1  1  14.3 1006 101  1.0 2  9.2  90    0    0 320 -388  1
3797500 2746500  5  1  2  13.7 1006  76  0.9 2  9.0  90    0    0 315 -388  1
3797500 2746500  5  1  3  12.3 1006  97  0.8 2  8.9  94    0    0 310 -387  1
3797500 2746500  5  1  4  12.3 1006 105  1.0 1  8.7  97    0    0 302 -387  1
3797500 2746500  5  1  5  12.5 1005 103  1.1 1  8.6  95    0    0 301 -389  1
3797500 2746500  5  1  6  12.6 1005  93  1.2 1  8.6  93    0   18 306 -390  1
3797500 2746500  5  1  7  14.5 1005 112  1.0 0  9.0  92   41   95 306 -392  1
3797500 2746500  5  1  8  17.5 1005  92  0.8 1  9.9  86  142  159 312 -396  1
3797500 2746500  5  1  9  20.1 1005 112  1.7 1 10.3  75  283  187 322 -403  1
3797500 2746500  5  1 10  22.0 1005 123  1.9 1 10.6  67  435  188 332 -410  1
3797500 2746500  5  1 11  23.7 1004 166  2.2 1 10.5  60  549  190 345 -415  1
3797500 2746500  5  1 12  25.1 1004 196  2.0 0 10.1  52  617  192 353 -418  1
3797500 2746500  5  1 13  25.9 1004 148  2.9 0 10.3  50  649  185 356 -420  1
3797500 2746500  5  1 14  27.1 1003 186  2.6 1 10.3  47  618  182 362 -417  1
3797500 2746500  5  1 15  27.3 1003 153  3.1 3 10.1  44  524  186 372 -419  1
3797500 2746500  5  1 16  28.1 1003 171  3.1 3  9.6  41  459  152 376 -427  1
3797500 2746500  5  1 17  28.3 1002 173  3.0 5  9.1  38  202  185 382 -432  1
3797500 2746500  5  1 18  27.9 1002 170  2.9 5  8.6  36   94  139 387 -430  1
3797500 2746500  5  1 19  26.7 1002 160  2.6 4  7.9  35   57   75 377 -424  1
3797500 2746500  5  1 20  25.1 1002 162  2.7 5  7.6  36    2   18 370 -418  1
3797500 2746500  5  1 21  24.6 1002 166  2.8 6  7.3  37    0    0 372 -412  1
3797500 2746500  5  1 22  24.4 1003 170  2.7 4  7.5  38    0    0 367 -409  1
3797500 2746500  5  1 23  23.3 1003 169  3.2 4  7.7  41    0    0 356 -408  1
3797500 2746500  5  1 24  22.6 1003 178  2.8 5  8.0  45    0    0 358 -406  1
3797500 2746500  5  2  1  22.4 1004 196  2.8 4  8.0  46    0    0 357 -402  1
3797500 2746500  5  2  2  22.0 1003 194  2.7 3  7.8  46    0    0 347 -400  1
3797500 2746500  5  2  3  20.9 1003 213  2.1 3  7.7  48    0    0 339 -398  1
3797500 2746500  5  2  4  19.6 1003 230  1.9 4  7.7  51    0    0 341 -395  1
3797500 2746500  5  2  5  19.7 1003 196  1.8 5  7.6  53    0    0 349 -392  1
3797500 2746500  5  2  6  19.3 1003 177  1.9 5  7.6  53    0   20 355 -391  1
3797500 2746500  5  2  7  20.3 1003 182  1.5 4  7.9  54    1   69 351 -390  1
3797500 2746500  5  2  8  20.0 1004 238  2.4 6  8.4  56    5  130 357 -390  1
3797500 2746500  5  2  9  21.1 1004 192  1.2 5  9.0  59   58  241 360 -390  1
3797500 2746500  5  2 10  22.6 1004 142  2.4 4 10.1  61  236  295 358 -391  1
3797500 2746500  5  2 11  23.2 1003 231  1.8 5 10.6  60  321  319 365 -392  1
3797500 2746500  5  2 12  22.7 1004 272  3.3 4 10.4  58  534  252 369 -399  1
3797500 2746500  5  2 13  23.4 1004 250  2.4 5 10.5  59  452  308 373 -410  1
3797500 2746500  5  2 14  24.1 1004 245  2.4 5 10.5  56  388  319 379 -419  1
3797500 2746500  5  2 15  23.6 1004 251  3.7 4 10.4  56  258  318 377 -421  1
3797500 2746500  5  2 16  21.9 1005 231  2.8 6 10.2  58    0  153 375 -417  1
3797500 2746500  5  2 17  23.0 1005 212  2.3 6 10.2  60   25  183 382 -414  1
3797500 2746500  5  2 18  22.7 1005 223  2.8 5 10.2  58   52  141 378 -411  1
3797500 2746500  5  2 19  21.9 1005 222  2.0 6  9.7  57   13   66 373 -407  1
3797500 2746500  5  2 20  20.2 1005 262  2.2 6  9.9  63    5   20 371 -401  1
3797500 2746500  5  2 21  18.8 1006 356  2.7 7 10.2  71    0    0 370 -392  1
3797500 2746500  5  2 22  18.1 1007  60  1.3 6 10.2  76    0    0 365 -385  1
3797500 2746500  5  2 23  17.2 1007  28  0.9 6  9.9  77    0    0 357 -380  1
3797500 2746500  5  2 24  16.7 1008 348  1.2 7  9.7  80    0    0 360 -376  1
3797500 2746500  5  3  1  15.8 1008  37  0.8 3  9.7  83    0    0 341 -372  1
3797500 2746500  5  3  2  15.1 1008  90  0.7 3  9.6  87    0    0 318 -370  1
3797500 2746500  5  3  3  15.1 1007 121  1.1 4  9.5  88    0    0 321 -371  1
3797500 2746500  5  3  4  14.8 1007 102  0.9 3  9.6  90    0    0 320 -371  1
3797500 2746500  5  3  5  14.7 1007  91  1.1 4  9.6  91    0    0 319 -372  1
3797500 2746500  5  3  6  14.4 1006  79  1.0 5  9.3  89    1   24 327 -375  1
3797500 2746500  5  3  7  15.1 1006 156  1.1 5  9.3  88    0   41 332 -378  1
3797500 2746500  5  3  8  16.3 1006 145  1.5 5  9.5  85   22  162 334 -384  1
3797500 2746500  5  3  9  16.8 1005  65  2.3 6  9.5  80    5  179 342 -393  1
3797500 2746500  5  3 10  15.5 1005 186  4.3 7  9.3  80    0   83 350 -404  1
3797500 2746500  5  3 11  15.7 1005 205  3.1 7  9.3  83    0  137 354 -409  1
3797500 2746500  5  3 12  16.8 1005 200  3.2 6  9.6  83    8  263 353 -410  1
3797500 2746500  5  3 13  16.9 1005 201  2.5 7  9.7  80   12  270 355 -414  1
3797500 2746500  5  3 14  17.8 1005 205  2.5 7  9.7  77   49  307 362 -416  1
3797500 2746500  5  3 15  15.2 1005 250  4.2 7  9.7  82   13  236 359 -414  1
3797500 2746500  5  3 16  15.4 1005 211  2.4 7  9.5  86    0  140 353 -412  1
3797500 2746500  5  3 17  16.9 1005 224  3.4 6  9.4  81   22  184 349 -412  1
3797500 2746500  5  3 18  17.5 1005 217  3.2 4  9.5  77   43  140 338 -411  1
3797500 2746500  5  3 19  17.5 1004 244  2.4 4  9.1  72   40   76 328 -406  1
3797500 2746500  5  3 20  16.7 1005 259  1.5 6  8.3  67    0    6 331 -397  1
3797500 2746500  5  3 21  15.7 1005 284  0.4 5  7.8  68    0    0 331 -390  1
3797500 2746500  5  3 22  14.1 1006 183  0.7 6  7.8  73    0    0 328 -386  1
3797500 2746500  5  3 23  13.7 1005 151  1.8 6  7.8  78    0    0 331 -385  1
3797500 2746500  5  3 24  13.4 1006 169  2.5 7  7.9  81    0    0 336 -384  1
3797500 2746500  5  4  1  13.4 1006 167  2.6 8  7.9  82    0    0 347 -383  1
3797500 2746500  5  4  2  13.4 1006 199  2.7 7  8.0  83    0    0 349 -382  1
3797500 2746500  5  4  3  13.1 1005 214  2.2 6  8.0  84    0    0 339 -380  1
3797500 2746500  5  4  4  13.0 1005 212  2.0 7  8.0  85    0    0 340 -379  1
3797500 2746500  5  4  5  12.8 1005 223  2.0 8  8.0  86    0    0 349 -377  1
3797500 2746500  5  4  6  12.9 1005 228  2.3 8  8.1  86    0   10 355 -373  1
3797500 2746500  5  4  7  12.9 1005 235  1.8 8  8.1  87    0   32 355 -372  1
3797500 2746500  5  4  8  13.0 1005 226  2.1 8  8.2  88    0   55 357 -376  1
3797500 2746500  5  4  9  12.5 1005 267  2.3 8  8.1  88    0  124 358 -383  1
3797500 2746500  5  4 10  13.3 1005 247  3.1 7  7.9  84   31  256 354 -389  1
3797500 2746500  5  4 11  14.4 1006 243  3.0 5  7.6  76  178  297 343 -395  1
3797500 2746500  5  4 12  14.6 1005 271  2.2 6  7.5  72   77  302 342 -403  1
3797500 2746500  5  4 13  15.2 1005 260  2.5 6  7.4  70   93  308 348 -407  1
3797500 2746500  5  4 14  15.0 1005 247  1.8 8  7.6  70    2  217 356 -403  1
3797500 2746500  5  4 15  16.1 1005 248  2.5 7  7.7  69    0  168 360 -399  1
3797500 2746500  5  4 16  15.1 1005 299  2.2 6  7.6  68   53  220 350 -395  1
3797500 2746500  5  4 17  15.7 1006 308  1.3 6  7.4  67   43  179 344 -390  1
3797500 2746500  5  4 18  14.4 1006 313  1.6 7  7.7  72   33  120 346 -385  1
3797500 2746500  5  4 19  13.7 1006 323  0.5 7  8.2  82    8   57 349 -375  1
3797500 2746500  5  4 20  13.1 1006 333  1.5 7  8.0  83    0    9 349 -364  1
3797500 2746500  5  4 21  12.8 1007 334  1.3 8  7.9  84    0    0 353 -356  1
3797500 2746500  5  4 22  13.3 1007 313  1.4 8  8.1  86    0    0 360 -351  1
3797500 2746500  5  4 23  12.9 1008 349  2.8 8  8.1  86    0    0 360 -348  1
3797500 2746500  5  4 24  12.2 1008 352  3.0 7  7.8  86    0    0 353 -345  1
3797500 2746500  5  5  1  11.1 1009 354  2.9 8  7.3  85    0    0 348 -343  1
3797500 2746500  5  5  2  10.1 1009 352  3.7 8  6.7  84    0    0 348 -340  1
3797500 2746500  5  5  3   9.3 1010 345  3.2 6  6.2  83    0    0 330 -338  1
3797500 2746500  5  5  4   8.3 1010 356  2.7 6  5.7  81    0    0 310 -336  1
3797500 2746500  5  5  5   7.9 1011 344  2.8 6  5.2  77    0    0 303 -335  1
3797500 2746500  5  5  6   7.0 1011 345  2.9 6  5.0  77    0   15 297 -335  1
3797500 2746500  5  5  7   6.9 1012   9  3.3 4  4.8  78   19   94 281 -337  1
3797500 2746500  5  5  8   7.8 1012 346  3.1 4  4.8  75   99  177 268 -342  1
3797500 2746500  5  5  9  10.1 1012 326  2.7 4  4.9  68  254  210 272 -352  1
3797500 2746500  5  5 10  11.3 1012 297  2.9 5  5.0  62  347  248 283 -362  1
3797500 2746500  5  5 11  12.0 1012 267  2.8 6  4.9  57  329  318 297 -372  1
3797500 2746500  5  5 12  12.3 1012 271  3.6 6  4.7  53  236  373 305 -383  1
3797500 2746500  5  5 13  12.9 1012 289  2.7 6  4.4  49  299  369 308 -390  1
3797500 2746500  5  5 14  13.1 1012 296  3.3 5  4.1  44  306  350 306 -395  1
3797500 2746500  5  5 15  13.1 1011 320  2.5 7  4.1  44  103  306 313 -396  1
3797500 2746500  5  5 16  12.4 1011 324  4.4 7  3.8  42   26  222 323 -391  1
3797500 2746500  5  5 17  13.1 1011 261  2.0 8  3.4  37    1  137 328 -387  1
3797500 2746500  5  5 18  13.2 1011 268  3.6 7  3.4  37    4  102 334 -386  1
3797500 2746500  5  5 19  12.6 1010 276  2.7 7  3.7  40   11   66 332 -385  1
3797500 2746500  5  5 20  11.9 1010 294  2.6 8  3.9  44    0   14 337 -383  1
3797500 2746500  5  5 21  11.6 1010 258  1.9 8  4.2  49    0    0 343 -379  1
3797500 2746500  5  5 22  11.5 1010 237  2.8 8  4.3  51    0    0 343 -376  1
3797500 2746500  5  5 23  11.4 1009 234  2.3 8  4.6  55    0    0 345 -373  1
3797500 2746500  5  5 24  11.1 1009 240  2.5 8  5.0  60    0    0 347 -370  1
3797500 2746500  5  6  1  10.5 1008 241  2.6 8  5.5  68    0    0 348 -367  1
3797500 2746500  5  6  2   9.5 1008 232  2.3 8  6.3  82    0    0 347 -366  1
3797500 2746500  5  6  3   9.8 1007 236  2.8 7  6.7  89    0    0 343 -366  1
3797500 2746500  5  6  4  10.3 1007 249  3.2 8  7.0  90    0    0 346 -366  1
3797500 2746500  5  6  5  10.6 1006 252  2.8 8  7.2  90    0    0 352 -364  1
3797500 2746500  5  6  6  10.8 1006 250  3.3 7  7.3  90    0   18 347 -362  1
3797500 2746500  5  6  7  11.0 1005 279  2.8 6  7.2  88    9   73 335 -363  1
3797500 2746500  5  6  8  11.5 1005 272  4.0 5  6.9  83   59  144 322 -367  1
3797500 2746500  5  6  9  11.5 1006 282  4.3 3  6.4  75  243  150 305 -370  1
3797500 2746500  5  6 10  12.1 1006 290  3.1 4  5.8  67  244  213 301 -373  1
3797500 2746500  5  6 11  12.7 1006 296  4.5 5  5.5  61  173  265 314 -380  1
3797500 2746500  5  6 12  12.9 1006 270  4.6 5  5.4  58  221  266 320 -389  1
3797500 2746500  5  6 13  12.2 1006 291  4.7 5  5.4  60  138  283 317 -398  1
3797500 2746500  5  6 14  12.0 1006 275  5.1 8  5.4  60    1  205 323 -401  1
3797500 2746500  5  6 15  12.3 1006 287  4.3 6  5.3  60   56  242 324 -393  1
3797500 2746500  5  6 16  12.1 1006 301  4.2 5  5.2  59   86  207 313 -389  1
3797500 2746500  5  6 17  12.8 1007 278  3.0 5  4.9  54   76  164 307 -390  1
3797500 2746500  5  6 18  11.9 1007 311  3.7 5  4.8  53   63  111 304 -387  1
3797500 2746500  5  6 19  11.3 1007 312  3.9 3  4.7  55   88   41 293 -382  1
3797500 2746500  5  6 20  10.2 1007 315  2.1 3  4.6  56   20   17 280 -375  1
3797500 2746500  5  6 21   8.9 1008 269  1.1 3  4.6  62    0    0 274 -366  1
3797500 2746500  5  6 22   8.6 1008 256  1.8 4  4.7  67    0    0 274 -359  1
3797500 2746500  5  6 23   8.0 1008 228  1.3 4  4.8  70    0    0 275 -353  1
3797500 2746500  5  6 24   8.3 1008 207  1.6 5  4.9  72    0    0 278 -349  1
3797500 2746500  5  7  1   9.0 1007 211  2.6 7  5.2  74    0    0 291 -347  1
3797500 2746500  5  7  2   9.3 1006 207  2.5 8  5.3  73    0    0 304 -347  1
3797500 2746500  5  7  3   9.7 1005 228  1.9 7  5.3  71    0    0 306 -347  1
3797500 2746500  5  7  4   9.5 1004 197  1.2 8  5.4  72    0    0 310 -348  1
3797500 2746500  5  7  5   9.0 1003 207  1.0 8  5.7  77    0    0 318 -349  1
3797500 2746500  5  7  6   8.5 1002 213  1.7 8  5.9  84    0    6 320 -350  1
3797500 2746500  5  7  7   8.7 1001 220  3.0 8  6.1  87    0   20 323 -351  1
3797500 2746500  5  7  8   8.8 1000 224  3.3 7  6.2  87    0   48 320 -355  1
3797500 2746500  5  7  9   8.9 1000 225  2.8 7  6.3  88    0  120 319 -363  1
3797500 2746500  5  7 10   9.0  999 210  2.1 7  6.3  87    0  146 322 -371  1
3797500 2746500  5  7 11   9.5  998 210  2.1 8  6.3  86    0  135 331 -376  1
3797500 2746500  5  7 12   9.7  997 245  2.2 7  6.4  84    0  135 333 -384  1
3797500 2746500  5  7 13  11.2  997 267  2.2 6  6.5  82    4  257 326 -391  1
3797500 2746500  5  7 14  11.9  996 275  4.0 5  6.8  79   33  313 320 -392  1
3797500 2746500  5  7 15   8.6  996 342  6.2 7  6.3  79    0  177 317 -395  1
3797500 2746500  5  7 16   8.2  997 316  4.8 7  5.6  80    1  171 316 -389  1
3797500 2746500  5  7 17   8.2  999 307  6.0 6  5.4  79   19  189 309 -382  1
3797500 2746500  5  7 18   8.6  999 269  2.7 6  5.4  78    6  112 302 -378  1
3797500 2746500  5  7 19   7.6 1000 311  2.1 2  5.4  79   33   87 282 -368  1
3797500 2746500  5  7 20   7.6 1001 328  2.1 4  5.1  77   12   30 269 -362  1
3797500 2746500  5  7 21   6.6 1001 299  0.3 3  4.9  77    0    0 269 -356  1
3797500 2746500  5  7 22   6.2 1002 258  0.9 3  4.9  81    0    0 262 -352  1
3797500 2746500  5  7 23   6.5 1003 291  2.7 3  4.9  81    0    0 260 -351  1
3797500 2746500  5  7 24   5.9 1003 279  1.4 2  4.8  80    0    0 257 -349  1
3797500 2746500  5  8  1   5.6 1003 246  1.5 3  4.8  82    0    0 256 -347  1
3797500 2746500  5  8  2   5.1 1004 252  1.4 3  4.8  85    0    0 260 -345  1
3797500 2746500  5  8  3   5.4 1004 239  1.2 0  4.8  86    0    0 249 -345  1
3797500 2746500  5  8  4   5.5 1004 245  1.4 4  4.9  87    0    0 254 -345  1
3797500 2746500  5  8  5   4.9 1004 229  1.9 3  4.8  87    0    0 266 -346  1
3797500 2746500  5  8  6   5.5 1004 232  2.2 4  4.9  89    3   25 265 -346  1
3797500 2746500  5  8  7   6.5 1004 220  2.0 6  5.2  88   64   74 282 -347  1
3797500 2746500  5  8  8   7.1 1004 222  2.3 5  5.3  86  175  101 289 -352  1
3797500 2746500  5  8  9   8.3 1004 242  2.9 6  5.6  84   73  200 292 -358  1
3797500 2746500  5  8 10   8.9 1004 237  2.9 5  5.6  79  248  198 296 -362  1
3797500 2746500  5  8 11   8.0 1004 237  3.6 5  5.4  77  287  216 296 -366  1
3797500 2746500  5  8 12   9.6 1004 202  1.3 6  5.4  76   83  278 299 -368  1
3797500 2746500  5  8 13   7.4 1003 313  2.7 6  5.4  77   56  279 299 -376  1
3797500 2746500  5  8 14   8.3 1003 201  2.4 8  5.3  79   20  247 301 -384  1
3797500 2746500  5  8 15   7.3 1004 318  2.4 5  5.3  79  127  236 295 -385  1
3797500 2746500  5  8 16   8.7 1003 270  1.3 7  5.3  78   27  198 293 -384  1
3797500 2746500  5  8 17   9.6 1003 163  0.7 6  5.3  73  142  143 299 -378  1
3797500 2746500  5  8 18   9.7 1003 189  1.3 7  5.3  70   22  108 300 -374  1
3797500 2746500  5  8 19   9.4 1003 141  0.6 7  5.4  72   49   52 303 -367  1
3797500 2746500  5  8 20   9.7 1003 340  1.8 7  5.0  67    0   14 301 -359  1
3797500 2746500  5  8 21   8.4 1003 295  1.3 4  4.6  64    0    0 289 -352  1
3797500 2746500  5  8 22   7.0 1003 265  1.6 4  4.6  69    0    0 274 -348  1
3797500 2746500  5  8 23   6.0 1004 232  2.1 4  4.6  76    0    0 271 -346  1
3797500 2746500  5  8 24   5.8 1004 233  1.9 2  4.7  81    0    0 263 -344  1
3797500 2746500  5  9  1   5.4 1004 233  1.3 3  4.7  82    0    0 258 -340  1
3797500 2746500  5  9  2   4.9 1004 223  1.1 3  4.6  84    0    0 261 -336  1
3797500 2746500  5  9  3   4.2 1003 213  1.4 3  4.6  86    0    0 260 -335  1
3797500 2746500  5  9  4   4.6 1003 220  1.6 6  4.6  87    0    0 271 -335  1
3797500 2746500  5  9  5   5.4 1004 222  1.6 7  4.9  89    0    0 289 -335  1
3797500 2746500  5  9  6   5.4 1004 224  1.2 6  5.1  90    6   31 291 -336  1
3797500 2746500  5  9  7   6.5 1004 233  2.6 3  5.1  87   99   72 279 -339  1
3797500 2746500  5  9  8   7.6 1004 241  3.0 4  5.3  84  166  127 274 -344  1
3797500 2746500  5  9  9   8.1 1004 251  3.1 6  5.4  81   31  210 289 -350  1
3797500 2746500  5  9 10   8.4 1005 265  3.1 8  5.0  74    1  202 308 -361  1
3797500 2746500  5  9 11   7.6 1004 252  3.3 8  5.1  76    2  228 316 -370  1
3797500 2746500  5  9 12   9.1 1005 242  3.5 4  5.6  81  210  294 303 -380  1
3797500 2746500  5  9 13   8.7 1005 236  3.8 7  5.5  77  140  304 298 -383  1
3797500 2746500  5  9 14   8.3 1005 232  2.7 8  5.5  79   14  257 305 -378  1
3797500 2746500  5  9 15   9.1 1005 348  2.1 4  5.7  80  284  239 295 -381  1
3797500 2746500  5  9 16  11.1 1005 257  2.2 5  5.7  74  203  210 288 -384  1
3797500 2746500  5  9 17  10.4 1006 322  3.1 5  5.7  70   75  178 291 -382  1
3797500 2746500  5  9 18  10.9 1006 306  3.5 3  5.2  65   90  117 282 -379  1
3797500 2746500  5  9 19  10.4 1006 292  3.1 3  4.9  61   90   53 274 -372  1
3797500 2746500  5  9 20   9.3 1007 305  2.5 3  4.7  62    1   15 272 -365  1
3797500 2746500  5  9 21   8.4 1007 302  2.0 2  4.5  63    0    0 268 -356  1
3797500 2746500  5  9 22   7.5 1008 296  1.5 2  4.3  65    0    0 258 -349  1
3797500 2746500  5  9 23   7.7 1009 295  1.1 2  4.6  67    0    0 248 -344  1
3797500 2746500  5  9 24   8.2 1009 278  0.9 2  5.0  70    0    0 250 -339  1
3797500 2746500  5 10  1   9.0 1010 262  0.7 2  5.5  73    0    0 314 -380  1
3797500 2746500  5 10  2   9.5 1010 262  0.6 2  5.9  77    0    0 277 -379  1
3797500 2746500  5 10  3   9.9 1011 263  0.4 1  6.2  80    0    0 245 -378  1
3797500 2746500  5 10  4   9.5 1012 273  0.5 1  6.1  82    0    0 235 -378  1
3797500 2746500  5 10  5  10.3 1012 262  0.4 2  6.1  79    0    0 246 -378  1
3797500 2746500  5 10  6   9.0 1012 317  0.9 4  6.0  79    9   35 271 -379  1
3797500 2746500  5 10  7  12.1 1012 182  0.0 2  6.4  81   91   92 275 -380  1
3797500 2746500  5 10  8  14.5 1013 129  0.6 2  7.0  73  232  120 275 -383  1
3797500 2746500  5 10  9  16.2 1013 276  0.8 1  6.7  62  400  122 277 -389  1
3797500 2746500  5 10 10  17.0 1013 302  1.1 2  6.2  53  550  117 282 -395  1
3797500 2746500  5 10 11  18.2 1013 192  1.0 3  6.2  49  587  159 296 -392  1
3797500 2746500  5 10 12  18.8 1013 158  1.3 3  5.8  43  534  229 305 -384  1
3797500 2746500  5 10 13  19.6 1013 176  1.0 2  5.3  38  453  281 304 -384  1
3797500 2746500  5 10 14  20.1 1013 218  1.4 3  5.4  38  431  274 311 -391  1
3797500 2746500  5 10 15  20.5 1012  45  1.7 3  5.6  38  487  196 319 -400  1
3797500 2746500  5 10 16  20.7 1012 102  2.3 4  5.6  37  312  222 325 -409  1
3797500 2746500  5 10 17  20.9 1012  46  2.1 5  5.7  37  213  174 336 -409  1
3797500 2746500  5 10 18  20.5 1011  82  2.6 5  5.7  37  167  113 338 -403  1
3797500 2746500  5 10 19  19.9 1011  77  2.2 5  5.7  38   44   74 335 -395  1
3797500 2746500  5 10 20  18.9 1011  63  2.5 5  5.7  40    2   15 333 -386  1
3797500 2746500  5 10 21  18.3 1011  75  2.2 6  5.8  43    0    0 337 -379  1
3797500 2746500  5 10 22  17.4 1011  85  2.5 7  5.9  46    0    0 343 -374  1
3797500 2746500  5 10 23  16.7 1011  55  2.4 7  6.0  49    0    0 344 -371  1
3797500 2746500  5 10 24  16.7 1011  66  2.5 8  6.0  51    0    0 348 -370  1
3797500 2746500  5 11  1  16.0 1011  85  1.9 8  6.1  53    0    0 351 -369  1
3797500 2746500  5 11  2  15.2 1011  37  1.9 8  6.3  57    0    0 348 -368  1
3797500 2746500  5 11  3  14.6 1011  69  1.2 7  6.5  61    0    0 341 -368  1
3797500 2746500  5 11  4  13.9 1011  56  1.2 7  6.6  65    0    0 335 -367  1
3797500 2746500  5 11  5  13.1 1011  37  1.2 7  6.7  70    0    0 332 -366  1
3797500 2746500  5 11  6  12.6 1011  33  2.0 8  6.8  73    0    6 336 -366  1
3797500 2746500  5 11  7  12.1 1011  51  2.2 8  6.9  77    0   25 339 -367  1
3797500 2746500  5 11  8  11.6 1011  43  2.5 8  7.1  81    0   81 338 -368  1
3797500 2746500  5 11  9  11.8 1011  48  2.9 7  7.2  84    0  134 334 -368  1
3797500 2746500  5 11 10  11.1 1011  17  4.8 7  7.3  86    0  158 328 -369  1
3797500 2746500  5 11 11  11.3 1011  39  4.2 7  7.3  88    0  200 329 -375  1
3797500 2746500  5 11 12  12.5 1012  37  4.4 8  7.5  86    0  196 336 -381  1
3797500 2746500  5 11 13  13.0 1012  38  4.5 8  7.5  82    0  197 345 -382  1
3797500 2746500  5 11 14  13.5 1012  22  3.9 8  7.3  77    0  195 347 -384  1
3797500 2746500  5 11 15  13.8 1012  22  4.6 7  7.2  74    0  157 344 -385  1
3797500 2746500  5 11 16  14.5 1012  44  4.1 8  7.1  70   27  206 345 -387  1
3797500 2746500  5 11 17  14.7 1012  26  4.8 8  7.0  67  102  136 351 -390  1
3797500 2746500  5 11 18  15.3 1012  29  4.4 7  6.9  65   94   80 346 -391  1
3797500 2746500  5 11 19  15.3 1012  50  3.5 5  6.7  62   82   36 331 -388  1
3797500 2746500  5 11 20  14.2 1012  44  1.9 4  6.6  63   17   15 314 -384  1
3797500 2746500  5 11 21  13.4 1013  43  3.5 4  6.4  65    0    0 306 -380  1
3797500 2746500  5 11 22  12.8 1013  28  3.9 4  6.1  65    0    0 301 -378  1
3797500 2746500  5 11 23  11.6 1014  19  4.3 4  5.8  66    0    0 297 -377  1
3797500 2746500  5 11 24  10.4 1014  28  3.9 2  5.7  69    0    0 284 -376  1
3797500 2746500  5 12  1   9.2 1015  35  3.1 1  5.5  73    0    0 266 -376  1
3797500 2746500  5 12  2   8.3 1015  48  2.9 1  5.3  76    0    0 258 -376  1
3797500 2746500  5 12  3   7.9 1015  27  4.5 1  5.2  78    0    0 255 -376  1
3797500 2746500  5 12  4   7.6 1015  43  2.5 1  5.2  80    0    0 254 -375  1
3797500 2746500  5 12  5   7.9 1015  52  3.4 3  5.3  81    0    0 265 -375  1
3797500 2746500  5 12  6   8.7 1015  64  3.9 5  5.2  77    2   33 286 -377  1
3797500 2746500  5 12  7  10.2 1015  61  3.9 4  5.2  70   60  109 293 -379  1
3797500 2746500  5 12  8  11.3 1014  58  3.8 3  5.2  65  199  151 288 -384  1
3797500 2746500  5 12  9  12.7 1014  79  4.8 3  5.5  63  359  166 290 -393  1
3797500 2746500  5 12 10  13.9 1014  80  5.2 4  5.8  61  445  201 301 -403  1
3797500 2746500  5 12 11  15.1 1014  62  4.8 4  5.8  56  436  269 310 -410  1
3797500 2746500  5 12 12  16.0 1014  70  5.8 4  5.7  52  416  315 312 -418  1
3797500 2746500  5 12 13  16.9 1014  72  5.1 3  5.6  48  448  309 310 -430  1
3797500 2746500  5 12 14  17.0 1013  85  5.3 3  5.6  46  289  359 306 -441  1
3797500 2746500  5 12 15  17.7 1013  83  5.1 4  5.5  45  142  343 311 -446  1
3797500 2746500  5 12 16  17.1 1013  87  3.8 6  5.4  44    9  224 326 -444  1
3797500 2746500  5 12 17  17.0 1013  92  3.6 7  5.2  43    0   86 338 -437  1
3797500 2746500  5 12 18  16.6 1013  94  3.7 7  5.3  44    0   39 343 -432  1
3797500 2746500  5 12 19  16.3 1013  99  3.7 8  5.1  44    0   20 347 -426  1
3797500 2746500  5 12 20  15.8 1013  82  3.7 7  4.7  41    0   10 345 -417  1
3797500 2746500  5 12 21  15.3 1013  64  2.7 7  4.5  41    0    0 338 -410  1
3797500 2746500  5 12 22  14.9 1013  85  3.0 7  4.4  41    0    0 336 -405  1
3797500 2746500  5 12 23  14.6 1013  66  3.0 8  4.5  43    0    0 341 -400  1
3797500 2746500  5 12 24  14.3 1013  60  2.9 8  4.6  45    0    0 347 -396  1
3797500 2746500  5 13  1  13.2 1013  55  4.0 7  4.6  47    0    0 339 -392  1
3797500 2746500  5 13  2  12.9 1013  62  4.0 7  4.7  51    0    0 331 -389  1
3797500 2746500  5 13  3  12.7 1012  60  2.4 7  5.0  54    0    0 331 -385  1
3797500 2746500  5 13  4  12.5 1012  70  3.1 7  5.2  57    0    0 331 -381  1
3797500 2746500  5 13  5  12.1 1012  62  2.2 7  5.3  59    0    0 331 -380  1
3797500 2746500  5 13  6  11.9 1012  67  3.2 7  5.4  61    0   12 331 -381  1
3797500 2746500  5 13  7  12.1 1012  71  3.5 6  5.5  63    5   83 325 -385  1
3797500 2746500  5 13  8  13.5 1011  83  3.6 5  5.6  60   87  179 316 -394  1
3797500 2746500  5 13  9  14.9 1012  84  3.2 5  5.9  58  121  245 316 -405  1
3797500 2746500  5 13 10  15.5 1012  69  3.2 6  6.1  57   97  306 324 -416  1
3797500 2746500  5 13 11  16.3 1011  83  3.4 7  6.3  56   90  345 337 -430  1
3797500 2746500  5 13 12  17.4 1011  71  3.8 7  6.6  55  121  371 346 -446  1
3797500 2746500  5 13 13  18.2 1010  74  4.4 5  6.9  54  181  380 341 -459  1
3797500 2746500  5 13 14  18.0 1010  76  3.9 6  6.8  52  101  360 338 -464  1
3797500 2746500  5 13 15  18.5 1009  65  2.7 5  6.7  51  182  330 338 -471  1
3797500 2746500  5 13 16  18.3 1009  66  3.6 4  6.7  50  255  251 327 -470  1
3797500 2746500  5 13 17  18.8 1008  71  3.7 5  6.8  51  142  211 328 -459  1
3797500 2746500  5 13 18  18.4 1008 103  3.5 5  7.0  52   89  146 335 -452  1
3797500 2746500  5 13 19  17.8 1008  77  1.9 5  7.0  54   58   79 332 -439  1
3797500 2746500  5 13 20  17.1 1007  76  2.7 6  7.0  56    7   22 336 -424  1
3797500 2746500  5 13 21  16.3 1007  85  2.5 7  7.1  60    0    0 347 -415  1
3797500 2746500  5 13 22  15.6 1007  92  2.4 8  7.1  62    0    0 358 -409  1
3797500 2746500  5 13 23  15.2 1007 107  2.8 8  7.0  63    0    0 364 -406  1
3797500 2746500  5 13 24  15.0 1007  82  2.2 8  6.9  64    0    0 363 -404  1
3797500 2746500  5 14  1  14.6 1007  78  2.1 8  6.8  64    0    0 362 -403  1
3797500 2746500  5 14  2  14.2 1006  81  2.0 8  6.6  64    0    0 362 -402  1
3797500 2746500  5 14  3  13.7 1005  81  2.4 8  6.4  64    0    0 361 -398  1
3797500 2746500  5 14  4  12.8 1005  80  2.0 7  6.3  66    0    0 351 -395  1
3797500 2746500  5 14  5  13.1 1005  86  2.5 7  6.2  66    0    0 344 -394  1
3797500 2746500  5 14  6  13.0 1004  79  1.7 8  6.1  65    0   22 350 -393  1
3797500 2746500  5 14  7  13.2 1004 104  2.7 5  6.2  65   43   97 337 -395  1
3797500 2746500  5 14  8  14.4 1004 103  2.9 5  6.4  64  143  145 320 -397  1
3797500 2746500  5 14  9  15.3 1003 113  2.7 5  6.5  62  178  206 324 -398  1
3797500 2746500  5 14 10  16.6 1003  69  2.1 7  6.9  60   73  288 341 -401  1
3797500 2746500  5 14 11  17.7 1003  53  2.5 6  7.1  57  343  254 351 -408  1
3797500 2746500  5 14 12  18.3 1002  96  2.9 7  7.4  57  123  345 356 -413  1
3797500 2746500  5 14 13  18.5 1002  92  2.6 7  7.7  58    3  262 364 -416  1
3797500 2746500  5 14 14  19.0 1002 108  3.3 6  7.8  57   47  317 360 -419  1
3797500 2746500  5 14 15  18.9 1001  94  3.2 7  7.9  57   59  292 360 -417  1
3797500 2746500  5 14 16  19.6 1000 202  3.5 6  8.0  57  126  252 360 -417  1
3797500 2746500  5 14 17  20.1 1000 123  3.4 5  8.1  55  161  179 349 -417  1
3797500 2746500  5 14 18  19.3  999 148  3.8 7  8.0  55    0   89 354 -410  1
3797500 2746500  5 14 19  18.7  999 149  4.1 6  7.8  56    0   46 359 -402  1
3797500 2746500  5 14 20  17.7  999 159  3.8 6  7.9  60    2   18 351 -396  1
3797500 2746500  5 14 21  17.1  999 141  3.1 7  8.1  64    0    0 356 -389  1
3797500 2746500  5 14 22  16.5  999 131  3.6 6  8.2  68    0    0 354 -383  1
3797500 2746500  5 14 23  15.2  999 120  2.8 6  8.5  74    0    0 346 -378  1
3797500 2746500  5 14 24  14.7  999 126  2.8 6  8.6  80    0    0 343 -375  1
3797500 2746500  5 15  1  14.4  999 105  2.5 8  8.5  81    0    0 353 -374  1
3797500 2746500  5 15  2  14.2  998 108  3.1 8  8.3  80    0    0 364 -373  1
3797500 2746500  5 15  3  14.1  998 111  3.1 8  8.1  79    0    0 363 -373  1
3797500 2746500  5 15  4  14.2  998 138  2.9 8  8.1  79    0    0 364 -372  1
3797500 2746500  5 15  5  14.3  997 166  3.0 8  8.1  78    0    0 363 -371  1
3797500 2746500  5 15  6  14.2  997 166  2.7 8  8.2  80    0   21 364 -370  1
3797500 2746500  5 15  7  14.7  998 172  2.8 7  8.5  82    0   71 357 -370  1
3797500 2746500  5 15  8  15.5  998 216  2.1 7  8.8  81    9  155 350 -372  1
3797500 2746500  5 15  9  16.6  998 209  3.0 7  9.1  78   27  242 353 -377  1
3797500 2746500  5 15 10  17.7  998 220  2.9 5  9.0  72   82  333 342 -385  1
3797500 2746500  5 15 11  17.4  999 211  3.0 5  8.6  68   81  370 331 -391  1
3797500 2746500  5 15 12  18.4  999 202  3.1 7  8.5  66    1  250 345 -398  1
3797500 2746500  5 15 13  15.5  999 195  1.6 8  8.4  69    0  152 356 -405  1
3797500 2746500  5 15 14  15.8  999 171  2.2 8  8.5  76    0  124 356 -409  1
3797500 2746500  5 15 15  16.4  999 153  2.1 8  9.1  78    0  139 358 -411  1
3797500 2746500  5 15 16  17.3  999 176  2.4 7  9.3  76    5  213 354 -407  1
3797500 2746500  5 15 17  14.5  999 197  2.0 6  8.7  76    0  115 337 -401  1
3797500 2746500  5 15 18  14.9  999 208  2.5 6  8.4  79    0   68 325 -395  1
3797500 2746500  5 15 19  14.4 1000 223  2.7 7  8.2  77    0   33 328 -389  1
3797500 2746500  5 15 20  13.5 1000 168  2.0 8  7.8  77    0   14 337 -383  1
3797500 2746500  5 15 21  13.1 1001 164  2.8 7  7.5  77    0    0 335 -379  1
3797500 2746500  5 15 22  13.2 1001 226  4.2 7  7.4  77    0    0 330 -377  1
3797500 2746500  5 15 23  12.3 1002 308  3.1 7  7.3  78    0    0 328 -377  1
3797500 2746500  5 15 24  11.5 1002 223  3.1 7  7.0  79    0    0 324 -377  1
3797500 2746500  5 16  1  10.4 1003 302  2.9 6  6.7  82    0    0 316 -374  1
3797500 2746500  5 16  2  10.4 1004 191  2.4 5  6.7  84    0    0 303 -373  1
3797500 2746500  5 16  3   9.8 1004 177  2.4 3  6.5  84    0    0 284 -371  1
3797500 2746500  5 16  4   9.6 1004 192  1.8 1  6.3  84    0    0 260 -370  1
3797500 2746500  5 16  5   8.8 1004  95  1.5 1  6.2  85    0    4 250 -370  1
3797500 2746500  5 16  6   9.8 1005 145  1.3 0  6.2  84   25   43 245 -371  1
3797500 2746500  5 16  7  11.1 1005 188  2.4 1  6.5  82  147   74 247 -372  1
3797500 2746500  5 16  8  12.4 1006 209  3.0 1  6.7  77  314   79 258 -372  1
3797500 2746500  5 16  9  13.5 1006 217  3.4 1  6.6  70  466   79 263 -375  1
3797500 2746500  5 16 10  14.0 1006 214  4.4 3  6.3  64  358  224 277 -380  1
3797500 2746500  5 16 11  14.6 1006 191  4.2 3  6.1  60  274  315 292 -385  1
3797500 2746500  5 16 12  14.8 1006 165  4.5 5  6.0  57   70  349 307 -390  1
3797500 2746500  5 16 13  15.0 1006 179  4.1 6  6.1  58   29  324 329 -395  1
3797500 2746500  5 16 14  16.5 1006 101  5.2 4  6.4  57  326  315 329 -399  1
3797500 2746500  5 16 15  16.2 1006 184  4.8 3  6.4  55  142  320 316 -394  1
3797500 2746500  5 16 16  16.0 1007 186  3.9 6  6.4  55   18  232 325 -392  1
3797500 2746500  5 16 17  16.7 1007 155  3.8 6  6.6  56   62  212 340 -394  1
3797500 2746500  5 16 18  16.4 1007 162  3.8 5  6.8  58  154  123 337 -389  1
3797500 2746500  5 16 19  16.5 1007 163  3.9 6  6.8  58   16   77 336 -383  1
3797500 2746500  5 16 20  15.9 1007 132  3.2 6  6.9  60    0   14 337 -376  1
3797500 2746500  5 16 21  15.1 1007 175  2.8 6  7.0  63    0    0 334 -371  1
3797500 2746500  5 16 22  14.4 1008 161  2.6 6  6.9  66    0    0 332 -367  1
3797500 2746500  5 16 23  14.3 1008 160  2.8 6  6.9  67    0    0 330 -365  1
3797500 2746500  5 16 24  14.7 1008 162  2.9 7  6.9  66    0    0 336 -364  1
3797500 2746500  5 17  1  14.9 1008 161  2.8 7  6.9  66    0    0 341 -362  1
3797500 2746500  5 17  2  14.6 1008 161  3.8 7  7.0  66    0    0 342 -361  1
3797500 2746500  5 17  3  14.0 1007 156  3.6 8  7.2  70    0    0 346 -362  1
3797500 2746500  5 17  4  14.1 1007 157  3.5 7  7.3  73    0    0 346 -363  1
3797500 2746500  5 17  5  14.0 1006 159  3.1 7  7.2  72    0    1 340 -363  1
3797500 2746500  5 17  6  13.2 1006 223  2.2 7  7.3  75    0   12 338 -363  1
3797500 2746500  5 17  7  12.5 1006 241  2.5 7  7.5  81    0   30 337 -365  1
3797500 2746500  5 17  8  12.6 1007 157  1.2 7  7.9  86    0   67 337 -369  1
3797500 2746500  5 17  9  13.0 1006  98  1.2 7  8.3  89    0  138 339 -375  1
3797500 2746500  5 17 10  12.9 1005 153  2.4 8  8.4  89    0  122 346 -380  1
3797500 2746500  5 17 11  12.4 1005 177  2.0 8  8.3  90    0   99 352 -381  1
3797500 2746500  5 17 12  13.6 1005 157  3.2 7  8.3  88    8  289 349 -388  1
3797500 2746500  5 17 13  15.7 1005 188  3.7 5  8.6  82  129  434 342 -399  1
3797500 2746500  5 17 14  16.1 1005 233  4.2 6  8.6  75  134  419 340 -406  1
3797500 2746500  5 17 15  16.8 1006 216  3.8 5  8.2  70  134  384 341 -404  1
3797500 2746500  5 17 16  18.2 1006 304  3.0 5  8.0  64   87  315 338 -398  1
3797500 2746500  5 17 17  17.3 1006 220  3.9 2  7.1  56  278  225 322 -397  1
3797500 2746500  5 17 18  17.5 1006 244  3.8 4  6.5  52   85  180 314 -393  1
3797500 2746500  5 17 19  16.3 1006 224  3.5 6  6.6  55    6   77 331 -382  1
3797500 2746500  5 17 20  16.0 1007 236  3.0 7  6.6  57    0   10 342 -377  1
3797500 2746500  5 17 21  14.5 1007 215  2.1 7  6.8  62    0    0 345 -375  1
3797500 2746500  5 17 22  14.1 1008 227  2.1 6  6.8  66    0    0 336 -373  1
3797500 2746500  5 17 23  13.9 1008 221  2.4 5  6.8  68    0    0 325 -371  1
3797500 2746500  5 17 24  13.4 1009 225  2.1 5  6.8  70    0    0 318 -369  1
3797500 2746500  5 18  1  13.5 1009 218  1.8 4  6.9  72    0    0 312 -368  1
3797500 2746500  5 18  2  13.0 1009 224  1.6 3  7.0  73    0    0 303 -368  1
3797500 2746500  5 18  3  12.5 1009 174  0.8 3  6.9  75    0    0 298 -367  1
3797500 2746500  5 18  4  12.2 1010 192  0.7 2  7.0  78    0    0 293 -365  1
3797500 2746500  5 18  5  11.8 1010 172  1.2 2  6.9  79    0    5 288 -363  1
3797500 2746500  5 18  6  12.8 1010 172  2.0 0  7.0  78   33   43 280 -363  1
3797500 2746500  5 18  7  14.1 1010 173  2.7 0  7.2  75  160   70 274 -364  1
3797500 2746500  5 18  8  15.3 1011 201  2.7 0  7.3  70  336   68 278 -365  1
3797500 2746500  5 18  9  16.2 1011 218  3.5 1  7.1  64  457   85 288 -369  1
3797500 2746500  5 18 10  16.3 1011 229  4.1 3  6.7  58  294  254 305 -372  1
3797500 2746500  5 18 11  17.2 1011 218  4.7 3  6.3  53  519  194 315 -372  1
3797500 2746500  5 18 12  16.8 1011 229  4.3 4  6.1  50  321  324 320 -373  1
3797500 2746500  5 18 13  17.2 1011 248  4.1 4  6.1  51  320  328 324 -376  1
3797500 2746500  5 18 14  17.4 1011 248  4.4 4  6.2  50  192  343 326 -380  1
3797500 2746500  5 18 15  17.3 1012 227  3.9 5  6.0  48   66  299 327 -384  1
3797500 2746500  5 18 16  17.6 1012 231  2.6 2  5.9  48  370  184 322 -386  1
3797500 2746500  5 18 17  17.9 1012 236  3.2 3  5.8  46  346  116 314 -384  1
3797500 2746500  5 18 18  18.3 1012 240  3.3 4  5.4  42  147  126 318 -381  1
3797500 2746500  5 18 19  18.2 1012 216  1.8 5  5.4  42   29   80 325 -377  1
3797500 2746500  5 18 20  17.2 1012 241  0.9 2  5.6  45    5   23 317 -373  1
3797500 2746500  5 18 21  15.3 1013 223  1.5 2  5.8  51    0    0 300 -371  1
3797500 2746500  5 18 22  14.7 1013 132  0.8 1  6.0  56    0    0 292 -369  1
3797500 2746500  5 18 23  14.2 1014 138  1.2 1  6.1  60    0    0 287 -366  1
3797500 2746500  5 18 24  13.4 1014 168  1.1 2  6.3  64    0    0 290 -361  1
3797500 2746500  5 19  1  14.2 1014 171  1.4 2  6.3  65    0    0 295 -358  1
3797500 2746500  5 19  2  13.0 1014 198  1.6 1  6.3  65    0    0 289 -358  1
3797500 2746500  5 19  3  12.6 1015 174  1.6 1  6.2  67    0    0 279 -359  1
3797500 2746500  5 19  4  12.6 1015 177  1.9 2  6.1  68    0    0 282 -359  1
3797500 2746500  5 19  5  12.5 1015 187  1.5 2  6.2  68    0    6 283 -358  1
3797500 2746500  5 19  6  13.0 1015 186  1.2 1  6.3  69   23   49 277 -357  1
3797500 2746500  5 19  7  15.3 1015 159  1.1 1  6.6  65  104  106 274 -360  1
3797500 2746500  5 19  8  16.8 1015 150  1.6 3  6.8  60  205  156 288 -367  1
3797500 2746500  5 19  9  18.2 1015 159  2.4 5  6.9  56  360  170 315 -374  1
3797500 2746500  5 19 10  19.1 1015 161  2.7 5  6.7  50  374  244 333 -382  1
3797500 2746500  5 19 11  19.6 1014 170  3.3 5  6.4  46  396  292 341 -389  1
3797500 2746500  5 19 12  19.6 1014 199  2.7 5  6.2  44  438  307 346 -397  1
3797500 2746500  5 19 13  20.4 1014 170  1.7 5  6.3  43  127  380 349 -401  1
3797500 2746500  5 19 14  20.3 1013 181  1.5 6  6.2  42   26  308 351 -400  1
3797500 2746500  5 19 15  21.6 1013 158  2.5 4  6.1  40  226  331 347 -401  1
3797500 2746500  5 19 16  21.2 1013 219  2.2 6  6.1  38  145  285 345 -402  1
3797500 2746500  5 19 17  20.0 1012 178  3.2 6  6.1  40   59  217 344 -400  1
3797500 2746500  5 19 18  20.2 1012 172  1.6 5  6.4  44  126  148 337 -397  1
3797500 2746500  5 19 19  19.0 1012 249  1.6 7  7.0  49    7   74 337 -390  1
3797500 2746500  5 19 20  15.9 1013 267  1.3 6  7.9  64    0    6 333 -384  1
3797500 2746500  5 19 21  15.4 1014  27  1.2 6  8.4  75    0    0 325 -379  1
3797500 2746500  5 19 22  14.6 1014 145  0.9 6  8.3  78    0    0 323 -376  1
3797500 2746500  5 19 23  15.3 1014 214  1.1 5  8.3  78    0    0 319 -373  1
3797500 2746500  5 19 24  14.3 1014 181  1.6 6  8.2  78    0    0 319 -372  1
3797500 2746500  5 20  1  14.4 1014 238  1.2 6  8.4  82    0    0 322 -371  1
3797500 2746500  5 20  2  13.7 1015 173  0.6 6  8.5  85    0    0 323 -371  1
3797500 2746500  5 20  3  13.4 1015 209  0.9 6  8.4  87    0    0 321 -371  1
3797500 2746500  5 20  4  13.3 1015 223  0.4 7  8.4  87    0    0 324 -371  1
3797500 2746500  5 20  5  12.7 1015 193  0.6 6  8.2  88    0    2 322 -370  1
3797500 2746500  5 20  6  13.3 1015 233  0.5 4  8.3  88   12   48 311 -370  1
3797500 2746500  5 20  7  14.7 1015 191  0.9 4  8.7  87   67  124 307 -371  1
3797500 2746500  5 20  8  16.1 1015 169  0.8 5  9.0  82  123  200 314 -374  1
3797500 2746500  5 20  9  16.4 1016 291  0.6 6  8.8  77  149  274 324 -381  1
3797500 2746500  5 20 10  17.2 1016 303  1.1 7  8.4  70  150  339 333 -390  1
3797500 2746500  5 20 11  18.6 1016 283  0.8 7  8.0  62  160  386 342 -398  1
3797500 2746500  5 20 12  18.8 1015 305  1.7 7  7.6  57  165  410 347 -405  1
3797500 2746500  5 20 13  19.5 1015 132  1.2 6  7.4  54  207  413 346 -413  1
3797500 2746500  5 20 14  20.4 1014 257  1.9 6  7.3  50  230  395 344 -421  1
3797500 2746500  5 20 15  20.1 1014 106  1.0 5  6.9  47  307  336 341 -425  1
3797500 2746500  5 20 16  21.3 1013 304  1.8 5  6.6  44  357  252 338 -425  1
3797500 2746500  5 20 17  21.0 1012 268  1.4 5  6.5  42  199  230 338 -421  1
3797500 2746500  5 20 18  20.9 1012 354  1.6 5  6.5  42   80  168 337 -419  1
3797500 2746500  5 20 19  19.9 1012  18  2.3 4  6.7  45    7   78 332 -416  1
3797500 2746500  5 20 20  19.5 1011  23  2.4 5  7.0  49    0   15 330 -406  1
3797500 2746500  5 20 21  18.4 1011  44  2.1 6  7.1  52    0    0 336 -393  1
3797500 2746500  5 20 22  17.5 1011  41  2.2 6  7.2  56    0    0 338 -385  1
3797500 2746500  5 20 23  16.8 1011  57  1.7 4  7.3  59    0    0 328 -379  1
3797500 2746500  5 20 24  15.9 1011  60  2.2 5  7.2  62    0    0 321 -375  1
3797500 2746500  5 21  1  15.7 1010  62  2.0 4  7.1  64    0    0 319 -372  1
3797500 2746500  5 21  2  15.7 1010  59  1.9 5  7.3  65    0    0 320 -370  1
3797500 2746500  5 21  3  15.3 1009  60  1.9 6  7.4  67    0    0 329 -371  1
3797500 2746500  5 21  4  14.8 1009  89  1.6 6  7.5  70    0    0 334 -373  1
3797500 2746500  5 21  5  13.8 1008  94  1.5 7  7.6  75    0    3 338 -373  1
3797500 2746500  5 21  6  13.9 1007  92  1.0 6  7.7  78    0   19 338 -373  1
3797500 2746500  5 21  7  15.3 1007 133  0.7 6  8.2  78    5   99 336 -376  1
3797500 2746500  5 21  8  17.4 1007 222  1.6 6  8.8  75   36  191 341 -382  1
3797500 2746500  5 21  9  18.1 1007 215  1.9 7  9.2  72   58  266 349 -395  1
3797500 2746500  5 21 10  18.7 1006 241  2.3 5  9.3  69  125  338 347 -415  1
3797500 2746500  5 21 11  19.6 1006 240  2.6 5  9.3  66  257  378 339 -432  1
3797500 2746500  5 21 12  20.9 1006 239  2.9 5  9.1  61  383  371 343 -437  1
3797500 2746500  5 21 13  21.0 1005 247  3.4 5  8.6  55  290  406 346 -443  1
3797500 2746500  5 21 14  20.5 1005 223  3.6 5  8.2  53  175  400 344 -455  1
3797500 2746500  5 21 15  20.6 1005 325  3.7 7  7.8  51   74  329 353 -462  1
3797500 2746500  5 21 16  20.9 1005 303  3.5 7  7.5  48   47  270 363 -461  1
3797500 2746500  5 21 17  20.5 1005 314  2.6 6  7.6  49   61  230 357 -456  1
3797500 2746500  5 21 18  19.6 1005 328  4.3 4  7.5  51   84  171 337 -449  1
3797500 2746500  5 21 19  17.7 1005 316  3.1 4  6.8  51   43   98 319 -438  1
3797500 2746500  5 21 20  17.2 1005 326  3.8 5  6.4  51    0   11 321 -425  1
3797500 2746500  5 21 21  17.0 1006 314  2.8 6  6.4  52    0    0 332 -413  1
3797500 2746500  5 21 22  15.7 1007 308  1.2 6  6.2  53    0    0 335 -404  1
3797500 2746500  5 21 23  15.2 1007 333  1.3 5  6.0  54    0    0 325 -399  1
3797500 2746500  5 21 24  14.4 1007 265  0.7 5  5.9  56    0    0 317 -394  1
3797500 2746500  5 22  1  11.6 1007 277  1.1 5  6.0  64    0    0 314 -389  1
3797500 2746500  5 22  2  10.3 1007 317  0.9 2  6.0  73    0    0 291 -384  1
3797500 2746500  5 22  3  10.0 1007 154  0.3 1  6.0  78    0    0 265 -380  1
3797500 2746500  5 22  4   9.6 1008 201  0.5 4  6.0  79    0    0 278 -377  1
3797500 2746500  5 22  5   9.0 1007 208  1.0 5  6.0  81    0    1 302 -375  1
3797500 2746500  5 22  6  10.1 1007 219  0.5 5  6.1  82   11   44 309 -373  1
3797500 2746500  5 22  7  13.8 1007 147  0.5 2  6.8  78  157   66 300 -374  1
3797500 2746500  5 22  8  15.0 1007 248  1.9 3  7.1  69  192  136 297 -379  1
3797500 2746500  5 22  9  15.7 1008 260  2.0 5  7.0  64  127  230 319 -392  1
3797500 2746500  5 22 10  16.8 1008 244  2.8 3  7.1  61  361  204 323 -409  1
3797500 2746500  5 22 11  17.6 1008 243  3.7 3  7.1  57  353  261 314 -422  1
3797500 2746500  5 22 12  19.0 1008 243  4.0 2  6.7  51  636  135 315 -430  1
3797500 2746500  5 22 13  18.6 1008 272  4.1 4  6.3  46  298  312 325 -435  1
3797500 2746500  5 22 14  18.2 1009 247  5.7 5  6.1  46  171  325 339 -438  1
3797500 2746500  5 22 15  18.3 1008 308  4.0 6  5.8  44   16  246 344 -440  1
3797500 2746500  5 22 16  18.6 1009 287  4.4 4  5.3  40  200  236 335 -436  1
3797500 2746500  5 22 17  19.1 1009 294  3.9 3  5.0  37  372   88 321 -431  1
3797500 2746500  5 22 18  18.6 1010 342  3.9 1  4.8  36  324   66 309 -425  1
3797500 2746500  5 22 19  17.7 1010 284  2.7 1  4.7  36  178   52 298 -414  1
3797500 2746500  5 22 20  16.7 1011 315  2.1 2  4.8  40   46   25 298 -402  1
3797500 2746500  5 22 21  14.6 1011 315  1.6 1  5.0  45    0    0 293 -390  1
3797500 2746500  5 22 22  13.2 1012 359  0.8 0  5.1  51    0    0 280 -381  1
3797500 2746500  5 22 23  11.1 1013 290  0.3 0  5.3  60    0    0 270 -375  1
3797500 2746500  5 22 24  10.9 1013   2  0.0 0  5.4  66    0    0 265 -369  1
3797500 2746500  5 23  1  11.3 1013 253  0.3 0  5.5  67    0    0 263 -364  1
3797500 2746500  5 23  2  11.2 1013 205  0.2 0  5.4  65    0    0 262 -361  1
3797500 2746500  5 23  3  10.3 1014 196  0.4 1  5.4  67    0    0 262 -358  1
3797500 2746500  5 23  4  10.7 1014   3  0.3 1  5.4  69    0    0 265 -356  1
3797500 2746500  5 23  5   9.8 1014 126  0.8 2  5.7  73    0    8 270 -354  1
3797500 2746500  5 23  6  11.4 1014 210  0.9 1  5.9  74   35   50 270 -353  1
3797500 2746500  5 23  7  14.5 1014 195  0.9 0  6.3  68  140   95 265 -357  1
3797500 2746500  5 23  8  16.0 1014 204  1.8 0  6.5  60  280  121 263 -366  1
3797500 2746500  5 23  9  17.3 1015 150  1.1 0  6.2  53  433  131 265 -378  1
3797500 2746500  5 23 10  18.1 1014  28  1.3 0  5.9  47  576  131 268 -394  1
3797500 2746500  5 23 11  18.2 1014  48  3.7 0  5.8  45  675  134 272 -411  1
3797500 2746500  5 23 12  19.1 1013  66  2.6 1  5.8  43  731  139 281 -429  1
3797500 2746500  5 23 13  20.0 1013 114  1.4 2  5.6  39  778  122 293 -443  1
3797500 2746500  5 23 14  21.3 1013  98  1.9 2  6.1  40  779  100 303 -449  1
3797500 2746500  5 23 15  21.8 1012 102  3.3 3  6.4  40  702  101 311 -451  1
3797500 2746500  5 23 16  22.1 1012 139  2.0 4  6.2  38  428  188 319 -447  1
3797500 2746500  5 23 17  22.4 1012 194  1.5 5  5.9  35  192  211 325 -439  1
3797500 2746500  5 23 18  21.4 1011  95  1.6 6  6.2  38   19  141 329 -431  1
3797500 2746500  5 23 19  20.9 1010  88  3.3 6  6.7  43    0   54 330 -421  1
3797500 2746500  5 23 20  20.2 1009  85  2.4 7  6.7  44    2   24 330 -410  1
3797500 2746500  5 23 21  19.7 1010  83  1.4 8  6.9  47    0    0 336 -399  1
3797500 2746500  5 23 22  19.5 1011  50  1.7 7  7.0  49    0    0 335 -391  1
3797500 2746500  5 23 23  18.8 1011  39  1.3 7  7.3  52    0    0 332 -385  1
3797500 2746500  5 23 24  17.5 1011 104  1.3 7  7.8  60    0    0 331 -382  1
3797500 2746500  5 24  1  16.9 1011 130  1.8 7  8.4  68    0    0 330 -379  1
3797500 2746500  5 24  2  15.8 1010  36  2.0 4  8.4  72    0    0 320 -377  1
3797500 2746500  5 24  3  15.3 1010 103  1.1 1  8.3  74    0    0 299 -374  1
3797500 2746500  5 24  4  14.1 1010 127  0.9 0  8.2  78    0    0 286 -373  1
3797500 2746500  5 24  5  13.8 1010 158  0.9 1  8.1  82    0    8 287 -373  1
3797500 2746500  5 24  6  15.7 1010 210  1.0 0  8.3  79   31   54 290 -374  1
3797500 2746500  5 24  7  18.8 1010 205  1.4 0  8.3  67  126  106 294 -377  1
3797500 2746500  5 24  8  20.4 1011 238  1.4 0  8.1  57  252  144 299 -385  1
3797500 2746500  5 24  9  21.0 1011 319  1.4 0  8.2  53  394  163 303 -397  1
3797500 2746500  5 24 10  21.6 1011 274  2.0 0  8.1  51  526  173 307 -412  1
3797500 2746500  5 24 11  22.3 1012 321  2.3 0  7.5  45  632  176 310 -428  1
3797500 2746500  5 24 12  22.8 1012 277  2.4 1  7.2  42  698  176 317 -445  1
3797500 2746500  5 24 13  23.7 1012 261  2.8 1  7.5  42  725  171 325 -459  1
3797500 2746500  5 24 14  24.2 1012 288  2.8 0  7.7  41  707  162 327 -470  1
3797500 2746500  5 24 15  24.9 1012 272  3.6 1  7.6  39  622  164 330 -477  1
3797500 2746500  5 24 16  24.8 1012 306  2.6 0  7.3  37  540  143 331 -477  1
3797500 2746500  5 24 17  24.6 1012 338  2.8 1  7.0  36  359  150 330 -472  1
3797500 2746500  5 24 18  24.3 1012 322  2.5 1  6.5  34  257  117 329 -463  1
3797500 2746500  5 24 19  24.0 1012 339  1.8 0  6.4  34  121   88 321 -451  1
3797500 2746500  5 24 20  22.7 1012 318  1.0 0  6.5  36   26   37 316 -437  1
3797500 2746500  5 24 21  20.4 1012   9  2.7 0  6.5  41    0    0 310 -422  1
3797500 2746500  5 24 22  19.2 1013  20  2.8 0  6.4  44    0    0 303 -410  1
3797500 2746500  5 24 23  17.8 1013  40  1.3 0  6.2  47    0    0 299 -402  1
3797500 2746500  5 24 24  17.4 1013  37  2.1 0  6.2  50    0    0 297 -396  1
3797500 2746500  5 25  1  16.7 1013  46  1.8 0  6.3  52    0    0 296 -392  1
3797500 2746500  5 25  2  16.0 1013  37  1.3 0  6.8  58    0    0 295 -388  1
3797500 2746500  5 25  3  16.0 1013  57  2.1 2  7.3  64    0    0 301 -385  1
3797500 2746500  5 25  4  15.9 1013  63  2.1 6  7.5  67    0    0 315 -383  1
3797500 2746500  5 25  5  15.9 1013  65  1.6 6  7.6  67    0    5 321 -382  1
3797500 2746500  5 25  6  15.8 1013  64  1.8 3  7.6  68   18   53 314 -383  1
3797500 2746500  5 25  7  16.7 1012  60  1.6 1  7.7  67  102  117 305 -389  1
3797500 2746500  5 25  8  18.7 1012  69  1.8 1  8.2  64  229  158 306 -402  1
3797500 2746500  5 25  9  20.3 1012  98  2.0 0  8.6  61  379  175 311 -420  1
3797500 2746500  5 25 10  22.3 1012 102  1.7 0  8.8  55  521  181 317 -441  1
3797500 2746500  5 25 11  23.5 1012  76  1.9 0  8.8  50  630  184 325 -462  1
3797500 2746500  5 25 12  24.8 1011  91  1.8 0  8.9  47  704  179 331 -481  1
3797500 2746500  5 25 13  26.6 1010  54  1.7 1  8.9  43  732  173 339 -498  1
3797500 2746500  5 25 14  28.1 1009  34  2.1 1  8.8  39  710  166 348 -509  1
3797500 2746500  5 25 15  27.4 1009  41  2.6 2  8.9  38  489  243 352 -513  1
3797500 2746500  5 25 16  26.9 1008  88  1.8 5  8.9  40   43  266 360 -512  1
3797500 2746500  5 25 17  25.0 1008 129  2.5 7  9.6  45    0   50 369 -506  1
3797500 2746500  5 25 18  25.9 1007 105  6.2 6  9.9  48    0   34 371 -495  1
3797500 2746500  5 25 19  24.6 1006 270  1.6 7 10.0  49    0   28 370 -481  1
3797500 2746500  5 25 20  24.3 1005 178  0.7 6 10.4  54    0   15 369 -467  1
3797500 2746500  5 25 21  22.1 1005 163  0.0 6 10.8  60    0    0 364 -455  1
3797500 2746500  5 25 22  21.7 1005  92  0.3 4 11.0  66    0    0 357 -449  1
3797500 2746500  5 25 23  21.9 1004  68  0.6 3 10.3  62    0    0 350 -446  1
3797500 2746500  5 25 24  21.5 1004  81  0.8 4  9.5  58    0    0 351 -443  1
3797500 2746500  5 26  1  21.4 1003 120  1.9 2 10.0  62    0    0 350 -442  1
3797500 2746500  5 26  2  21.3 1003 151  2.0 1 10.8  67    0    0 348 -441  1
3797500 2746500  5 26  3  22.4 1002 164  3.8 4 11.4  68    0    0 356 -440  1
3797500 2746500  5 26  4  21.3 1001 175  4.1 6 11.7  70    0    0 367 -439  1
3797500 2746500  5 26  5  21.6 1001 242  3.1 7 11.3  70    0    5 372 -437  1
3797500 2746500  5 26  6  20.0 1002 213  1.8 7 10.9  70    9   51 373 -436  1
3797500 2746500  5 26  7  20.5 1001 185  2.4 5 10.6  71   61  128 370 -439  1
3797500 2746500  5 26  8  21.0 1002 207  3.6 4 10.2  66  139  199 369 -443  1
3797500 2746500  5 26  9  21.7 1002 208  5.5 5  9.7  60  163  271 372 -448  1
3797500 2746500  5 26 10  22.2 1003 219  6.4 3  9.8  58  400  258 376 -451  1
3797500 2746500  5 26 11  22.3 1003 219  6.0 3 10.2  60  336  343 379 -450  1
3797500 2746500  5 26 12  22.5 1003 218  6.0 5 10.2  59  158  398 384 -439  1
3797500 2746500  5 26 13  21.6 1002 218  5.1 6 10.1  60   54  350 389 -425  1
3797500 2746500  5 26 14  21.9 1002 235  7.4 3 10.0  60  162  387 386 -415  1
3797500 2746500  5 26 15  21.5 1003 231  6.9 5  9.3  57  169  349 383 -410  1
3797500 2746500  5 26 16  16.1 1003 248  5.0 6  9.6  70    0  109 379 -404  1
3797500 2746500  5 26 17  14.2 1005 259  3.4 7  9.7  89    0   89 372 -398  1
3797500 2746500  5 26 18  14.4 1006 250  4.3 8  8.9  87    0   45 373 -395  1
3797500 2746500  5 26 19  14.3 1007 266  3.0 7  8.4  81    0   28 370 -392  1
3797500 2746500  5 26 20  13.1 1008 274  3.3 7  7.8  81    0    7 366 -390  1
3797500 2746500  5 26 21  12.2 1009 276  2.9 6  7.3  79    0    0 360 -389  1
3797500 2746500  5 26 22  11.3 1011 264  2.5 5  6.9  80    0    0 341 -388  1
3797500 2746500  5 26 23  11.5 1012 224  2.1 4  7.1  80    0    0 311 -384  1
3797500 2746500  5 26 24  12.2 1013 180  1.6 4  7.7  82    0    0 285 -378  1
3797500 2746500  5 27  1  13.5 1005 127  1.6 5  8.5  84    0    0 361 -413  1
3797500 2746500  5 27  2  14.6 1005  90  1.6 6  9.1  85    0    0 348 -409  1
3797500 2746500  5 27  3  15.5 1005  63  1.8 6  9.6  86    0    0 343 -405  1
3797500 2746500  5 27  4  15.5 1005  67  2.0 6  9.6  86    0    0 350 -403  1
3797500 2746500  5 27  5  15.3 1005  60  2.0 7  9.7  87    0    4 356 -402  1
3797500 2746500  5 27  6  15.3 1004 102  1.9 6  9.6  87    0   22 351 -398  1
3797500 2746500  5 27  7  14.5 1004  33  2.0 8  9.6  90    0   30 354 -396  1
3797500 2746500  5 27  8  14.0 1004  36  3.2 7  9.4  92    0   62 357 -397  1
3797500 2746500  5 27  9  14.1 1004  38  2.8 8  9.3  92    0  109 356 -399  1
3797500 2746500  5 27 10  14.4 1004  48  3.2 7  9.4  92    2  218 357 -401  1
3797500 2746500  5 27 11  15.7 1004  49  2.6 7  9.8  90    1  230 358 -403  1
3797500 2746500  5 27 12  17.0 1004  65  2.4 7 10.4  88    0  240 365 -409  1
3797500 2746500  5 27 13  17.4 1005  34  2.4 7 10.7  86    1  254 370 -419  1
3797500 2746500  5 27 14  18.8 1005  47  2.5 7 10.9  83   62  330 374 -431  1
3797500 2746500  5 27 15  18.9 1004  33  3.7 7 11.0  80   18  270 376 -440  1
3797500 2746500  5 27 16  18.2 1004  51  3.1 7 10.8  80   14  233 374 -444  1
3797500 2746500  5 27 17  17.9 1004  45  3.5 7 10.7  82    9  184 372 -443  1
3797500 2746500  5 27 18  17.5 1004  56  3.9 7 10.5  82    0   94 371 -435  1
3797500 2746500  5 27 19  17.5 1004  56  3.3 7 10.2  81    0   55 372 -424  1
3797500 2746500  5 27 20  17.5 1004  51  3.0 8 10.1  80    0    7 377 -416  1
3797500 2746500  5 27 21  17.1 1004  63  3.6 8  9.9  79    0    0 379 -412  1
3797500 2746500  5 27 22  16.4 1004  80  4.0 7  9.6  80    0    0 373 -408  1
3797500 2746500  5 27 23  16.7 1004  87  3.5 6  9.5  80    0    0 365 -402  1
3797500 2746500  5 27 24  15.6 1005  49  3.7 6  9.3  80    0    0 359 -397  1
3797500 2746500  5 28  1  15.2 1005  70  2.8 8  9.1  83    0    0 362 -395  1
3797500 2746500  5 28  2  14.9 1005  81  2.4 8  9.1  84    0    0 367 -393  1
3797500 2746500  5 28  3  15.0 1005  81  3.1 8  9.0  84    0    0 364 -390  1
3797500 2746500  5 28  4  14.8 1005  84  2.6 8  9.1  85    0    0 362 -387  1
3797500 2746500  5 28  5  14.5 1005  84  2.7 8  9.0  86    0    2 359 -384  1
3797500 2746500  5 28  6  14.8 1005 110  2.8 7  9.0  86    0   19 355 -382  1
3797500 2746500  5 28  7  15.1 1005 111  1.8 7  9.2  86    0   56 352 -387  1
3797500 2746500  5 28  8  16.2 1005  92  2.1 6  9.5  84   49  227 350 -398  1
3797500 2746500  5 28  9  17.9 1005  62  2.4 7  9.9  80   29  276 354 -409  1
3797500 2746500  5 28 10  18.8 1005 157  2.7 7 10.3  77   13  287 363 -419  1
3797500 2746500  5 28 11  19.7 1005  12  2.5 7 10.5  75    1  240 368 -425  1
3797500 2746500  5 28 12  20.1 1005  36  3.2 7 10.9  74    0  254 373 -420  1
3797500 2746500  5 28 13  21.0 1005  41  3.0 7 11.3  74    4  300 377 -419  1
3797500 2746500  5 28 14  21.2 1006 355  3.4 7 11.6  73   13  327 379 -427  1
3797500 2746500  5 28 15  21.8 1006  37  4.1 6 11.6  71  102  416 376 -429  1
3797500 2746500  5 28 16  21.6 1005  37  3.9 7 11.4  70   35  307 376 -431  1
3797500 2746500  5 28 17  21.4 1005  42  4.6 7 11.4  70   45  265 376 -438  1
3797500 2746500  5 28 18  20.4 1004  55  3.4 7 11.0  70    7  150 373 -440  1
3797500 2746500  5 28 19  20.4 1004  57  3.7 6 10.7  70   22  112 366 -435  1
3797500 2746500  5 28 20  19.8 1003  66  4.1 7 10.5  70    0   13 364 -427  1
3797500 2746500  5 28 21  19.3 1002  64  2.6 8 10.3  71    0    0 366 -418  1
3797500 2746500  5 28 22  19.2 1002  66  4.3 8 10.0  71    0    0 366 -412  1
3797500 2746500  5 28 23  18.7 1002  64  4.0 8  9.7  70    0    0 362 -407  1
3797500 2746500  5 28 24  18.1 1002  72  2.8 7  9.5  71    0    0 356 -404  1
3797500 2746500  5 29  1  17.7 1001  70  2.6 4  9.2  71    0    0 343 -403  1
3797500 2746500  5 29  2  17.5 1000  74  2.9 4  8.9  70    0    0 334 -401  1
3797500 2746500  5 29  3  17.8 1000  71  2.0 7  8.8  68    0    0 339 -398  1
3797500 2746500  5 29  4  17.1  999  77  2.5 6  8.7  69    0    0 341 -395  1
3797500 2746500  5 29  5  17.0  999  93  2.4 7  8.7  70    0   11 339 -393  1
3797500 2746500  5 29  6  16.9  999  35  1.1 6  8.8  72    0   23 339 -394  1
3797500 2746500  5 29  7  17.3 1000 192  1.1 7  9.3  75   15  116 339 -398  1
3797500 2746500  5 29  8  20.4 1001 189  1.8 7 10.2  73   28  188 346 -406  1
3797500 2746500  5 29  9  21.4 1002 231  1.2 7 10.6  68    8  218 354 -421  1
3797500 2746500  5 29 10  22.4 1002  85  0.1 8 10.4  62   11  263 359 -446  1
3797500 2746500  5 29 11  22.6 1003 159  1.3 7 10.5  61   31  337 362 -474  1
3797500 2746500  5 29 12  23.4 1003 129  1.4 6 10.1  57   48  376 361 -497  1
3797500 2746500  5 29 13  24.1 1004 180  1.6 6 10.1  54  105  416 364 -510  1
3797500 2746500  5 29 14  23.2 1004 153  1.6 7 10.7  58   55  371 367 -518  1
3797500 2746500  5 29 15  24.4 1004 257  1.5 7 10.3  55    7  261 370 -517  1
3797500 2746500  5 29 16  22.7 1005 155  2.2 7 10.4  56   30  274 371 -512  1
3797500 2746500  5 29 17  22.7 1005 234  1.9 7 10.4  60   45  238 370 -506  1
3797500 2746500  5 29 18  22.7 1006 196  2.7 6 10.1  58   75  180 368 -497  1
3797500 2746500  5 29 19  22.7 1006 100  1.9 7 10.3  59    3   78 370 -485  1
3797500 2746500  5 29 20  21.4 1006 111  1.3 6 10.2  61    2   28 369 -472  1
3797500 2746500  5 29 21  20.3 1007  94  0.4 6  9.6  62    0    0 361 -459  1
3797500 2746500  5 29 22  19.8 1007 100  1.4 7  9.7  65    0    0 362 -449  1
3797500 2746500  5 29 23  19.1 1007   5  0.9 7  9.8  69    0    0 364 -437  1
3797500 2746500  5 29 24  18.3 1008 342  1.2 7 10.2  75    0    0 362 -425  1
3797500 2746500  5 30  1  18.1 1007  37  1.6 5 10.5  80    0    0 354 -421  1
3797500 2746500  5 30  2  17.3 1008  51  0.3 5 10.3  80    0    0 345 -421  1
3797500 2746500  5 30  3  17.1 1008  34  0.9 8 10.1  82    0    0 354 -417  1
3797500 2746500  5 30  4  16.9 1007  42  1.9 8 10.1  82    0    0 362 -410  1
3797500 2746500  5 30  5  16.9 1006  57  2.4 8 10.1  83    0    1 360 -404  1
3797500 2746500  5 30  6  17.4 1006  52  2.3 7 10.2  82    0    9 355 -402  1
3797500 2746500  5 30  7  17.9 1006  47  2.5 7 10.1  79    0   22 351 -406  1
3797500 2746500  5 30  8  18.0 1005  32  3.3 8 10.3  79    0   44 353 -416  1
3797500 2746500  5 30  9  18.4 1005  36  3.5 8 10.5  80    0   69 356 -431  1
3797500 2746500  5 30 10  18.6 1004  29  3.8 8 10.5  78    0   72 357 -446  1
3797500 2746500  5 30 11  18.1 1004 264  3.2 8 10.3  78    0   74 358 -463  1
3797500 2746500  5 30 12  18.3 1004 344  3.4 7 10.3  78    0  183 359 -477  1
3797500 2746500  5 30 13  19.7 1004  10  4.5 6  9.8  70  151  456 360 -487  1
3797500 2746500  5 30 14  20.9 1003  41  4.7 7  9.5  63  262  437 367 -496  1
3797500 2746500  5 30 15  22.6 1002  58  3.0 5  9.9  60  401  346 373 -500  1
3797500 2746500  5 30 16  23.6 1002  54  3.5 5 10.3  58  315  312 374 -499  1
3797500 2746500  5 30 17  24.5 1002  50  1.7 5 10.7  56  124  277 379 -489  1
3797500 2746500  5 30 18  24.9 1001  57  1.5 6 11.1  56    0   65 384 -476  1
3797500 2746500  5 30 19  23.8 1001 317  1.7 6 11.3  58    0   30 386 -467  1
3797500 2746500  5 30 20  22.8 1001 360  0.8 7 11.2  62    0   11 385 -457  1
3797500 2746500  5 30 21  21.5 1002 300  0.7 8 11.2  66    0    0 386 -447  1
3797500 2746500  5 30 22  20.7 1002 272  1.5 7 11.1  70    0    0 383 -438  1
3797500 2746500  5 30 23  19.8 1002 275  1.6 6 10.8  72    0    0 377 -432  1
3797500 2746500  5 30 24  19.4 1002 292  1.5 7 10.7  74    0    0 375 -428  1
3797500 2746500  5 31  1  19.1 1002 288  0.3 7 10.9  77    0    0 375 -425  1
3797500 2746500  5 31  2  18.6 1002 319  1.1 7 11.0  80    0    0 374 -422  1
3797500 2746500  5 31  3  18.1 1002 289  1.1 5 10.9  82    0    0 368 -418  1
3797500 2746500  5 31  4  18.0 1002 259  1.8 6 11.0  84    0    0 365 -416  1
3797500 2746500  5 31  5  18.0 1003 263  2.2 6 11.1  84    0    5 366 -420  1
3797500 2746500  5 31  6  18.1 1003 322  2.4 6 11.1  85    0   21 364 -422  1
3797500 2746500  5 31  7  18.7 1002  16  2.5 8 11.2  83    0   35 370 -423  1
3797500 2746500  5 31  8  18.9 1003 261  1.6 8 11.2  81    0   36 377 -428  1
3797500 2746500  5 31  9  18.0 1003 254  2.6 8 11.2  83    0   65 377 -436  1
3797500 2746500  5 31 10  17.4 1003 253  1.7 8 11.2  87    0  104 374 -447  1
3797500 2746500  5 31 11  18.9 1003 292  2.0 8 11.4  86    0  170 377 -459  1
3797500 2746500  5 31 12  19.9 1003 302  2.1 7 11.3  79    0  207 378 -473  1
3797500 2746500  5 31 13  20.3 1004 266  2.1 7 11.3  76   16  323 378 -485  1
3797500 2746500  5 31 14  21.9 1004 283  2.0 6 11.6  73  114  389 380 -496  1
3797500 2746500  5 31 15  21.5 1004 259  2.8 5 11.5  70  226  349 377 -505  1
3797500 2746500  5 31 16  22.0 1004 267  2.6 7 11.6  70  134  306 379 -509  1
3797500 2746500  5 31 17  20.7 1004 292  2.9 7 11.8  73   55  235 383 -508  1
3797500 2746500  5 31 18  20.4 1004 262  3.2 6 11.7  76   71  172 377 -502  1
3797500 2746500  5 31 19  19.8 1005 291  2.7 7 11.3  76   22   95 374 -492  1
3797500 2746500  5 31 20  19.5 1004 282  2.3 8 11.0  76    0   11 378 -480  1
3797500 2746500  5 31 21  18.5 1005 293  2.5 8 10.9  79    0    0 380 -467  1
3797500 2746500  5 31 22  17.5 1006  67  1.9 8 10.8  83    0    0 377 -454  1
3797500 2746500  5 31 23  17.5 1007 350  4.3 8 10.7  85    0    0 374 -445  1
3797500 2746500  5 31 24  16.9 1005 337  2.5 8 10.7  87    0    0 373 -439  1
3797500 2746500  6  1  1  16.5 1005 247  2.1 8 10.5  87    0    0 371 -435  1
3797500 2746500  6  1  2  16.0 1006 301  2.2 8 10.2  87    0    0 369 -430  1
3797500 2746500  6  1  3  15.7 1006 304  1.8 8 10.1  88    0    0 368 -425  1
3797500 2746500  6  1  4  15.4 1006 332  2.1 8  9.7  87    0    0 366 -420  1
3797500 2746500  6  1  5  15.0 1006 339  1.9 8  9.2  84    0    1 364 -417  1
3797500 2746500  6  1  6  14.8 1007 340  1.7 8  8.9  83    0   31 363 -417  1
3797500 2746500  6  1  7  14.9 1007 329  1.1 7  8.8  82    0   67 358 -422  1
3797500 2746500  6  1  8  14.9 1008 329  1.6 7  8.8  82    0  124 354 -429  1
3797500 2746500  6  1  9  15.6 1008 243  1.9 6  8.8  80   27  219 352 -435  1
3797500 2746500  6  1 10  16.3 1008 241  1.9 7  9.0  79   61  279 354 -445  1
3797500 2746500  6  1 11  16.8 1008 271  2.0 7  9.1  76    4  249 360 -459  1
3797500 2746500  6  1 12  17.3 1008 235  1.8 7  9.2  75    0  150 364 -475  1
3797500 2746500  6  1 13  17.3 1008 278  2.2 5  9.4  76   50  328 361 -489  1
3797500 2746500  6  1 14  18.1 1008 278  1.3 6  9.4  74   35  307 362 -504  1
3797500 2746500  6  1 15  17.4 1008 273  2.4 8  9.4  74    0  100 370 -509  1
3797500 2746500  6  1 16  18.2 1008 340  2.2 7  9.4  73   79  250 373 -502  1
3797500 2746500  6  1 17  19.6 1008 357  1.9 5  9.4  68  205  162 367 -492  1
3797500 2746500  6  1 18  19.4 1007 223  1.3 6  9.6  67   37  142 366 -481  1
3797500 2746500  6  1 19  18.4 1007 245  1.6 8 10.0  72    0   46 370 -470  1
3797500 2746500  6  1 20  18.2 1007 251  1.8 8 10.2  77    0   16 374 -459  1
3797500 2746500  6  1 21  17.7 1008 244  1.5 8 10.3  79    0    1 373 -448  1
3797500 2746500  6  1 22  17.2 1008 283  1.1 8 10.3  82    0    0 371 -439  1
3797500 2746500  6  1 23  16.9 1008  26  1.5 7 10.5  86    0    0 367 -433  1
3797500 2746500  6  1 24  16.4 1008 278  0.9 7 10.7  89    0    0 363 -428  1
3797500 2746500  6  2  1  16.3 1008 199  0.7 7 10.8  93    0    0 360 -421  1
3797500 2746500  6  2  2  16.8 1008 204  0.9 7 10.8  91    0    0 361 -419  1
3797500 2746500  6  2  3  17.1 1008  40  0.8 8 10.8  88    0    0 364 -415  1
3797500 2746500  6  2  4  16.8 1008  45  0.7 8 10.9  89    0    0 367 -412  1
3797500 2746500  6  2  5  16.8 1008 167  1.9 8 10.9  90    0    0 364 -410  1
3797500 2746500  6  2  6  16.8 1008 175  1.4 7 10.6  88    0   27 360 -410  1
3797500 2746500  6  2  7  16.8 1008 171  2.2 7 10.4  87   12  121 355 -413  1
3797500 2746500  6  2  8  17.6 1008 162  2.8 6 10.4  84   78  210 354 -423  1
3797500 2746500  6  2  9  19.4 1008 158  3.4 3 10.3  77  267  246 346 -438  1
3797500 2746500  6  2 10  20.2 1008 154  3.1 2 10.1  69  441  241 340 -455  1
3797500 2746500  6  2 11  21.1 1008 182  2.8 2  9.8  64  531  256 343 -472  1
3797500 2746500  6  2 12  22.5 1008 199  3.0 1  9.9  60  629  239 348 -487  1
3797500 2746500  6  2 13  23.4 1008 178  2.9 1  9.9  56  639  244 352 -501  1
3797500 2746500  6  2 14  22.9 1008 139  3.2 2  9.7  54  557  271 355 -507  1
3797500 2746500  6  2 15  25.0 1008 216  2.0 2  9.6  52  551  227 360 -506  1
3797500 2746500  6  2 16  24.8 1007 176  1.7 2  9.6  48  407  235 365 -506  1
3797500 2746500  6  2 17  24.9 1007 189  2.2 4  9.3  47  214  240 368 -504  1
3797500 2746500  6  2 18  24.8 1007 175  1.7 5  9.2  47  101  187 373 -496  1
3797500 2746500  6  2 19  24.8 1007 166  1.1 4  9.8  49   55  116 374 -487  1
3797500 2746500  6  2 20  23.6 1006 178  1.2 5 10.0  53   31   53 373 -476  1
3797500 2746500  6  2 21  22.3 1007 121  1.1 5  9.8  55    0    6 371 -464  1
3797500 2746500  6  2 22  20.6 1007 109  1.0 4  9.7  60    0    0 366 -453  1
3797500 2746500  6  2 23  21.0 1007 130  0.7 3  9.8  63    0    0 359 -444  1
3797500 2746500  6  2 24  20.2 1008  94  0.6 3  9.7  63    0    0 355 -437  1
3797500 2746500  6  3  1  19.7 1008  80  1.2 4 10.0  68    0    0 353 -432  1
3797500 2746500  6  3  2  19.6 1007  99  1.2 4 10.5  73    0    0 353 -428  1
3797500 2746500  6  3  3  19.4 1007 126  1.0 4 10.5  73    0    0 350 -424  1
3797500 2746500  6  3  4  18.5 1007  88  0.7 4 10.3  74    0    0 347 -422  1
3797500 2746500  6  3  5  20.2 1007  71  1.2 3 10.1  71    0    2 345 -421  1
3797500 2746500  6  3  6  20.2 1007  64  1.2 6 10.5  70    0   22 354 -423  1
3797500 2746500  6  3  7  22.5 1007  87  2.1 7 11.3  70    0   93 370 -429  1
3797500 2746500  6  3  8  23.2 1006  83  2.7 5 11.7  66  121  204 369 -441  1
3797500 2746500  6  3  9  24.7 1006  97  2.7 5 11.7  62  335  207 365 -459  1
3797500 2746500  6  3 10  26.5 1006  51  2.1 4 11.8  57  509  193 366 -479  1
3797500 2746500  6  3 11  27.4 1005  70  2.6 3 11.8  52  620  194 366 -500  1
3797500 2746500  6  3 12  27.9 1005  73  3.4 3 11.4  48  571  262 367 -518  1
3797500 2746500  6  3 13  28.3 1005  71  1.8 4 11.5  48  316  391 372 -529  1
3797500 2746500  6  3 14  29.1 1004 289  3.8 6 11.7  47   34  331 381 -521  1
3797500 2746500  6  3 15  25.0 1004 278  2.2 8 11.1  49    0  215 381 -506  1
3797500 2746500  6  3 16  27.5 1003  50  2.2 4 11.1  51  202  307 376 -513  1
3797500 2746500  6  3 17  28.5 1002  49  3.5 5 11.2  47  112  252 375 -516  1
3797500 2746500  6  3 18  28.2 1002  59  3.4 6 11.0  45    1  120 381 -506  1
3797500 2746500  6  3 19  26.5 1002 108  2.6 8 11.3  49    0   36 386 -499  1
3797500 2746500  6  3 20  25.8 1002 165  1.2 7 11.7  54    0   14 388 -487  1
3797500 2746500  6  3 21  25.7 1001  76  1.3 7 11.5  54    0    2 385 -475  1
3797500 2746500  6  3 22  23.3 1002 157  1.1 8 11.6  59    0    0 385 -463  1
3797500 2746500  6  3 23  22.2 1002 233  1.7 7 11.9  67    0    0 379 -453  1
3797500 2746500  6  3 24  20.6 1002 240  1.6 6 12.0  74    0    0 368 -448  1
3797500 2746500  6  4  1  19.8 1002 126  1.8 7 12.2  81    0    0 364 -443  1
3797500 2746500  6  4  2  19.8 1002 214  3.1 7 12.4  84    0    0 367 -437  1
3797500 2746500  6  4  3  19.2 1003 209  3.3 8 12.3  86    0    0 369 -430  1
3797500 2746500  6  4  4  19.0 1003 256  3.8 8 12.4  88    0    0 371 -420  1
3797500 2746500  6  4  5  18.8 1002 218  1.8 8 12.5  90    0    3 371 -413  1
3797500 2746500  6  4  6  18.7 1003 216  2.7 7 12.2  89    0   20 367 -409  1
3797500 2746500  6  4  7  18.5 1003 224  2.6 7 11.9  88    0   63 362 -410  1
3797500 2746500  6  4  8  18.6 1003 218  2.8 8 11.8  87    0   96 366 -417  1
3797500 2746500  6  4  9  18.8 1004 208  2.0 8 11.8  86    0  161 370 -427  1
3797500 2746500  6  4 10  19.2 1005 208  2.8 8 11.9  85    5  266 373 -438  1
3797500 2746500  6  4 11  20.9 1005 207  2.9 5 11.8  79  104  396 366 -449  1
3797500 2746500  6  4 12  22.8 1005 191  3.2 5 11.3  68  119  422 361 -459  1
3797500 2746500  6  4 13  22.4 1005 210  2.9 2 10.9  63  393  380 355 -469  1
3797500 2746500  6  4 14  23.5 1005 235  2.6 4 10.9  61  214  415 354 -476  1
3797500 2746500  6  4 15  23.7 1005 240  2.8 4 10.9  59  215  376 366 -478  1
3797500 2746500  6  4 16  23.7 1005 245  2.3 4 10.6  57  164  325 365 -472  1
3797500 2746500  6  4 17  24.6 1005 244  3.1 4 10.3  54   87  259 367 -460  1
3797500 2746500  6  4 18  23.5 1005 241  2.4 5 10.5  55   78  191 369 -446  1
3797500 2746500  6  4 19  22.9 1005 254  2.6 4 10.3  57   75  118 366 -436  1
3797500 2746500  6  4 20  22.1 1005 248  2.1 5 10.0  58    2   34 363 -427  1
3797500 2746500  6  4 21  21.1 1005 304  0.7 5  9.9  60    0    1 364 -419  1
3797500 2746500  6  4 22  19.8 1006   6  1.4 5 10.5  69    0    0 360 -413  1
3797500 2746500  6  4 23  19.7 1007  20  1.5 5 11.0  75    0    0 358 -409  1
3797500 2746500  6  4 24  18.7 1007  77  1.2 4 10.6  76    0    0 349 -406  1
3797500 2746500  6  5  1  17.8 1007  98  0.9 4 10.5  79    0    0 339 -403  1
3797500 2746500  6  5  2  17.6 1007 127  1.2 4 10.5  82    0    0 336 -400  1
3797500 2746500  6  5  3  16.9 1007 353  0.2 2 10.4  84    0    0 323 -397  1
3797500 2746500  6  5  4  16.6 1007 294  0.9 4 10.1  84    0    0 319 -394  1
3797500 2746500  6  5  5  16.4 1007 266  0.9 3 10.1  86    8   15 321 -392  1
3797500 2746500  6  5  6  16.6 1007 211  1.1 1 10.6  89   50   44 302 -391  1
3797500 2746500  6  5  7  18.6 1008 272  1.2 1 11.1  87  153   63 292 -390  1
3797500 2746500  6  5  8  19.7 1008 245  1.8 2 11.3  81  176  126 303 -390  1
3797500 2746500  6  5  9  19.7 1008 295  1.8 5 11.3  78  103  229 327 -391  1
3797500 2746500  6  5 10  20.3 1008 314  2.5 5 11.5  78  186  264 345 -394  1
3797500 2746500  6  5 11  20.0 1008 356  2.6 6 11.4  76    8  276 352 -397  1
3797500 2746500  6  5 12  20.9 1008 358  3.3 5 11.2  74   74  327 354 -401  1
3797500 2746500  6  5 13  20.4 1008 330  3.6 7 11.2  73   46  321 362 -403  1
3797500 2746500  6  5 14  20.3 1008 356  3.3 7 11.3  75   36  290 372 -402  1
3797500 2746500  6  5 15  20.8 1008 324  2.8 7 11.2  73   17  248 373 -401  1
3797500 2746500  6  5 16  21.3 1008 330  2.8 7 11.3  72   19  226 375 -403  1
3797500 2746500  6  5 17  21.5 1008 307  2.3 7 11.4  71    0   96 375 -406  1
3797500 2746500  6  5 18  19.1 1008 137  3.6 7 11.3  75    0   62 370 -407  1
3797500 2746500  6  5 19  18.9 1008 318  1.8 8 11.2  81    0   29 370 -406  1
3797500 2746500  6  5 20  18.7 1008   6  1.7 8 11.0  81    0   16 374 -403  1
3797500 2746500  6  5 21  18.7 1008 345  1.0 8 11.1  82    0    1 374 -401  1
3797500 2746500  6  5 22  18.9 1008   0  1.3 8 11.3  82    0    0 374 -399  1
3797500 2746500  6  5 23  18.7 1009   7  0.9 8 11.5  84    0    0 374 -396  1
3797500 2746500  6  5 24  18.5 1009 313  1.1 8 11.7  86    0    0 374 -393  1
3797500 2746500  6  6  1  18.4 1009 358  1.3 8 11.7  88    0    0 375 -392  1
3797500 2746500  6  6  2  18.0 1008  12  2.5 8 11.7  89    0    0 374 -391  1
3797500 2746500  6  6  3  18.1 1008  20  2.9 8 11.5  88    0    0 373 -390  1
3797500 2746500  6  6  4  17.5 1008  19  2.3 8 11.2  87    0    0 372 -388  1
3797500 2746500  6  6  5  17.2 1008  22  1.4 8 11.2  89    0    0 370 -386  1
3797500 2746500  6  6  6  16.9 1008  10  3.2 7 11.1  91    0    9 363 -385  1
3797500 2746500  6  6  7  16.9 1008  32  3.9 8 11.0  91    0   36 361 -386  1
3797500 2746500  6  6  8  16.8 1008  30  3.5 8 11.0  91    0   67 365 -391  1
3797500 2746500  6  6  9  17.5 1008  38  3.1 7 11.0  89    5  206 360 -398  1
3797500 2746500  6  6 10  18.2 1008  36  2.8 7 11.2  86    2  242 358 -408  1
3797500 2746500  6  6 11  18.7 1008  27  3.2 8 11.2  83   22  300 368 -420  1
3797500 2746500  6  6 12  19.8 1007  28  3.4 7 11.2  79  133  349 373 -435  1
3797500 2746500  6  6 13  20.3 1007  19  3.5 6 11.2  76  291  315 369 -448  1
3797500 2746500  6  6 14  22.2 1007  43  2.9 5 11.1  70  358  267 363 -452  1
3797500 2746500  6  6 15  22.6 1006  35  3.1 5 10.9  64   70  288 360 -452  1
3797500 2746500  6  6 16  23.2 1006  52  3.1 7 10.3  58   42  253 370 -451  1
3797500 2746500  6  6 17  23.8 1006  38  2.6 7  9.9  54    7  174 382 -447  1
3797500 2746500  6  6 18  22.9 1005  69  3.2 6 10.0  55   52  153 375 -442  1
3797500 2746500  6  6 19  21.9 1005  58  2.6 3  9.2  54  133   62 343 -437  1
3797500 2746500  6  6 20  20.6 1006  39  2.2 5  8.4  52   44   33 326 -427  1
3797500 2746500  6  6 21  19.5 1006  35  1.9 7  8.4  57    0    6 350 -419  1
3797500 2746500  6  6 22  18.4 1006  47  1.7 6  8.7  63    0    0 353 -414  1
3797500 2746500  6  6 23  17.3 1007  68  1.4 6  9.0  70    0    0 342 -410  1
3797500 2746500  6  6 24  16.3 1007  78  1.3 6  9.3  77    0    0 337 -407  1
3797500 2746500  6  7  1  16.7 1007  95  1.6 3  9.1  77    0    0 307 -404  1
3797500 2746500  6  7  2  16.3 1007  91  1.6 3  8.7  74    0    0 282 -402  1
3797500 2746500  6  7  3  16.6 1007  84  1.9 0  8.6  73    0    0 261 -400  1
3797500 2746500  6  7  4  16.1 1006  93  1.9 3  8.5  73    0    0 264 -399  1
3797500 2746500  6  7  5  15.5 1006  64  1.7 4  8.4  75    0   11 293 -397  1
3797500 2746500  6  7  6  15.9 1006  95  1.9 2  8.5  76   34   64 279 -396  1
3797500 2746500  6  7  7  17.5 1006  67  2.2 2  8.3  69  148  105 253 -398  1
3797500 2746500  6  7  8  19.4 1006  77  2.4 2  8.1  61  304  117 251 -401  1
3797500 2746500  6  7  9  20.8 1006  87  2.2 3  8.5  57  461  121 266 -408  1
3797500 2746500  6  7 10  21.7 1006 120  2.3 2  8.5  54  594  122 272 -414  1
3797500 2746500  6  7 11  22.7 1006  78  1.4 2  8.1  48  653  149 271 -418  1
3797500 2746500  6  7 12  23.4 1005 117  1.9 3  8.1  46  540  255 290 -420  1
3797500 2746500  6  7 13  23.4 1005 109  0.0 4  8.5  47  190  402 312 -426  1
3797500 2746500  6  7 14  24.3 1005 141  1.0 6  8.8  47   48  337 341 -428  1
3797500 2746500  6  7 15  24.6 1005  66  0.4 4  8.7  45   72  324 339 -430  1
3797500 2746500  6  7 16  25.1 1004  48  2.3 5  8.4  42   79  293 327 -431  1
3797500 2746500  6  7 17  24.3 1004  76  3.7 4  8.3  42  175  233 327 -429  1
3797500 2746500  6  7 18  24.3 1004  88  3.0 2  8.1  42  227  130 292 -423  1
3797500 2746500  6  7 19  23.8 1004  65  2.3 3  7.5  40  113   95 274 -417  1
3797500 2746500  6  7 20  20.4 1004 239  3.6 5  8.3  50   15   43 298 -415  1
3797500 2746500  6  7 21  19.5 1005 270  1.4 6  9.9  67    0    7 330 -410  1
3797500 2746500  6  7 22  19.4 1006 213  1.7 7 10.2  72    0    0 352 -404  1
3797500 2746500  6  7 23  18.6 1006 233  1.8 7 10.4  75    0    0 360 -400  1
3797500 2746500  6  7 24  18.5 1006 251  2.1 6 10.6  78    0    0 351 -396  1
3797500 2746500  6  8  1  17.9 1007 252  2.5 7 10.4  79    0    0 352 -393  1
3797500 2746500  6  8  2  17.2 1007 252  2.4 7 10.1  80    0    0 358 -390  1
3797500 2746500  6  8  3  16.3 1007 253  1.6 6 10.0  83    0    0 348 -387  1
3797500 2746500  6  8  4  16.6 1007 254  1.1 7  9.9  84    0    0 347 -384  1
3797500 2746500  6  8  5  16.6 1007 227  0.8 7  9.9  83    0    1 354 -382  1
3797500 2746500  6  8  6  16.3 1007 252  0.6 8 10.0  85    0    8 360 -382  1
3797500 2746500  6  8  7  16.4 1007 234  0.6 8 10.0  85    0   28 364 -384  1
3797500 2746500  6  8  8  16.3 1007 251  0.9 8  9.8  84    0   63 362 -391  1
3797500 2746500  6  8  9  16.6 1008 259  1.5 8  9.8  83    0  115 361 -402  1
3797500 2746500  6  8 10  16.6 1008 261  2.0 8  9.7  81    0  189 363 -414  1
3797500 2746500  6  8 11  16.7 1008 260  2.1 7  9.6  80    3  277 358 -427  1
3797500 2746500  6  8 12  17.7 1009 262  2.1 6  9.6  78   62  400 347 -437  1
3797500 2746500  6  8 13  18.5 1009 247  2.6 5  9.8  75  230  446 340 -444  1
3797500 2746500  6  8 14  19.8 1009 248  2.4 4 10.0  72  357  394 332 -449  1
3797500 2746500  6  8 15  20.0 1008 238  2.5 2 10.0  68  341  358 319 -456  1
3797500 2746500  6  8 16  19.6 1009 273  2.9 3  9.8  68  281  315 312 -460  1
3797500 2746500  6  8 17  19.7 1009 240  3.3 3  9.8  68  249  244 320 -457  1
3797500 2746500  6  8 18  19.8 1009 281  3.0 3  9.8  67  148  190 321 -450  1
3797500 2746500  6  8 19  19.1 1009 251  2.5 4  9.8  69   52  124 326 -441  1
3797500 2746500  6  8 20  18.6 1009 262  1.3 6  9.8  72   15   48 339 -428  1
3797500 2746500  6  8 21  17.5 1010 259  1.8 4  9.6  74    0    0 336 -416  1
3797500 2746500  6  8 22  16.7 1010 233  1.7 5  9.4  77    0    0 328 -406  1
3797500 2746500  6  8 23  16.8 1011 245  1.9 5  9.4  78    0    0 332 -400  1
3797500 2746500  6  8 24  16.2 1011 325  1.3 1  9.5  81    0    0 313 -396  1
3797500 2746500  6  9  1  15.5 1011 272  1.7 6  9.3  83    0    0 315 -392  1
3797500 2746500  6  9  2  15.0 1012 262  1.0 6  9.1  84    0    0 331 -387  1
3797500 2746500  6  9  3  15.0 1012 293  1.1 8  9.1  85    0    0 338 -381  1
3797500 2746500  6  9  4  15.2 1012 266  1.4 8  9.1  85    0    0 347 -375  1
3797500 2746500  6  9  5  15.1 1012 242  1.3 7  9.2  86    0    1 341 -371  1
3797500 2746500  6  9  6  15.3 1012 259  0.9 5  9.4  86    0   24 328 -369  1
3797500 2746500  6  9  7  15.4 1013 285  0.9 7  9.4  86    0   55 326 -374  1
3797500 2746500  6  9  8  15.7 1013 338  0.3 7  9.5  86    0  108 334 -386  1
3797500 2746500  6  9  9  16.2 1013   1  0.3 8  9.7  85    0  172 339 -402  1
3797500 2746500  6  9 10  16.7 1014  27  0.0 7  9.8  84   21  307 340 -419  1
3797500 2746500  6  9 11  18.7 1014   4  1.3 4  9.8  77  246  387 329 -435  1
3797500 2746500  6  9 12  21.0 1014  15  1.9 2 10.0  69  516  310 321 -448  1
3797500 2746500  6  9 13  21.5 1014   4  2.1 3 10.1  64  586  282 324 -459  1
3797500 2746500  6  9 14  24.0 1014  35  2.7 3  9.8  57  606  252 334 -467  1
3797500 2746500  6  9 15  25.8 1013  28  2.8 0  9.5  48  549  237 332 -467  1
3797500 2746500  6  9 16  26.3 1013  28  3.4 1  8.3  40  403  244 326 -464  1
3797500 2746500  6  9 17  25.9 1012  54  5.0 2  7.5  36  228  240 333 -461  1
3797500 2746500  6  9 18  26.3 1012  25  3.4 3  7.6  36  176  173 342 -453  1
3797500 2746500  6  9 19  25.5 1012 353  2.2 2  7.6  36  123  109 341 -445  1
3797500 2746500  6  9 20  23.8 1012  42  1.2 2  8.0  41   36   56 333 -436  1
3797500 2746500  6  9 21  21.5 1013  21  1.2 2  7.9  46    0    8 326 -426  1
3797500 2746500  6  9 22  20.5 1013  13  1.2 1  7.5  48    0    0 315 -418  1
3797500 2746500  6  9 23  19.1 1014 347  1.5 0  7.4  51    0    0 302 -413  1
3797500 2746500  6  9 24  18.5 1014  48  1.9 0  7.7  57    0    0 294 -408  1
3797500 2746500  6 10  1  19.1 1014  56  1.0 1  7.8  58    0    0 299 -404  1
3797500 2746500  6 10  2  18.7 1015  36  1.6 1  7.8  57    0    0 305 -398  1
3797500 2746500  6 10  3  17.7 1015  38  2.0 0  8.0  61    0    0 298 -394  1
3797500 2746500  6 10  4  16.6 1015  31  0.8 1  7.9  65    0    0 293 -393  1
3797500 2746500  6 10  5  16.3 1015  37  1.8 1  7.8  67    0   14 295 -390  1
3797500 2746500  6 10  6  17.2 1015  36  1.0 0  7.9  67   38   66 290 -390  1
3797500 2746500  6 10  7  19.7 1015  56  1.1 1  8.2  62  122  121 295 -393  1
3797500 2746500  6 10  8  21.4 1015  76  1.4 1  8.7  57  268  146 306 -398  1
3797500 2746500  6 10  9  22.6 1015  38  2.2 0  8.4  51  375  182 305 -408  1
3797500 2746500  6 10 10  24.0 1015  37  3.0 0  7.6  42  513  188 304 -421  1
3797500 2746500  6 10 11  25.3 1015  75  2.5 1  7.3  38  601  201 314 -435  1
3797500 2746500  6 10 12  25.4 1015  36  3.1 1  7.1  35  663  204 322 -448  1
3797500 2746500  6 10 13  26.0 1015  48  2.7 2  6.7  32  701  192 327 -458  1
3797500 2746500  6 10 14  26.4 1015  78  1.9 1  6.9  33  709  168 331 -463  1
3797500 2746500  6 10 15  26.8 1015  10  2.9 1  6.9  32  623  173 330 -467  1
3797500 2746500  6 10 16  26.9 1015  28  3.8 1  6.5  30  530  158 330 -467  1
3797500 2746500  6 10 17  26.8 1014   5  3.5 1  6.4  29  412  141 330 -465  1
3797500 2746500  6 10 18  26.8 1014  10  2.8 2  6.6  30  269  125 332 -460  1
3797500 2746500  6 10 19  26.4 1014  13  2.6 1  7.0  32  141   96 333 -449  1
3797500 2746500  6 10 20  25.1 1014  41  1.4 2  7.1  34   48   54 332 -437  1
3797500 2746500  6 10 21  23.5 1014 351  2.6 4  7.2  38    1   11 337 -425  1
3797500 2746500  6 10 22  21.7 1015   7  2.3 2  7.2  42    0    0 331 -413  1
3797500 2746500  6 10 23  21.0 1015  40  1.4 2  7.0  44    0    0 320 -404  1
3797500 2746500  6 10 24  19.3 1015  13  1.4 0  7.1  48    0    0 308 -397  1
3797500 2746500  6 11  1  20.1 1015  64  0.2 0  7.5  52    0    0 300 -391  1
3797500 2746500  6 11  2  19.6 1015  65  1.1 0  7.7  54    0    0 300 -387  1
3797500 2746500  6 11  3  17.5 1015  40  1.5 0  7.9  59    0    0 296 -386  1
3797500 2746500  6 11  4  16.8 1015  39  0.9 2  8.2  67    0    0 299 -385  1
3797500 2746500  6 11  5  16.3 1015  57  0.8 1  8.3  71    2   18 300 -383  1
3797500 2746500  6 11  6  18.2 1015  38  0.5 0  8.6  70   23   63 292 -383  1
3797500 2746500  6 11  7  19.6 1014 139  0.6 0  9.3  68  138  114 289 -388  1
3797500 2746500  6 11  8  21.9 1014 310  0.9 0  9.4  62  272  143 297 -399  1
3797500 2746500  6 11  9  23.4 1014 302  1.7 0  8.7  51  421  156 310 -408  1
3797500 2746500  6 11 10  23.7 1014 252  1.8 1  8.4  46  553  163 324 -413  1
3797500 2746500  6 11 11  24.1 1014 280  2.3 1  8.3  45  682  154 332 -419  1
3797500 2746500  6 11 12  23.9 1014 259  3.1 1  8.3  45  750  150 337 -431  1
3797500 2746500  6 11 13  24.1 1013 271  3.4 1  8.3  45  777  144 344 -440  1
3797500 2746500  6 11 14  24.4 1013 307  2.4 2  8.5  45  383  343 347 -445  1
3797500 2746500  6 11 15  25.1 1013 297  3.2 3  9.0  46  259  342 348 -449  1
3797500 2746500  6 11 16  24.2 1012 298  3.4 5  9.0  46  180  302 350 -448  1
3797500 2746500  6 11 17  24.0 1012 312  2.9 4  9.2  49  135  246 349 -442  1
3797500 2746500  6 11 18  24.0 1011 306  3.5 3  9.3  50  196  154 342 -433  1
3797500 2746500  6 11 19  23.5 1011 322  3.0 4  9.1  49   24  109 339 -422  1
3797500 2746500  6 11 20  21.9 1011 344  3.3 4  9.2  53    1   36 337 -410  1
3797500 2746500  6 11 21  19.8 1012 337  3.6 5  8.8  57    0    4 332 -399  1
3797500 2746500  6 11 22  18.6 1012 343  2.9 5  8.0  58    0    0 328 -390  1
3797500 2746500  6 11 23  17.6 1013 336  2.2 5  7.6  59    0    0 323 -384  1
3797500 2746500  6 11 24  17.0 1013 337  2.0 5  7.4  60    0    0 320 -380  1
3797500 2746500  6 12  1  15.4 1013 338  1.9 3  7.3  63    0    0 309 -377  1
3797500 2746500  6 12  2  14.5 1013 337  1.6 2  7.1  67    0    0 293 -375  1
3797500 2746500  6 12  3  14.1 1013 328  1.6 3  7.1  70    0    0 290 -374  1
3797500 2746500  6 12  4  13.6 1013 339  1.4 2  7.2  72    0    0 287 -375  1
3797500 2746500  6 12  5  13.4 1013 330  1.3 2  7.1  74    1   14 281 -375  1
3797500 2746500  6 12  6  14.2 1013 321  1.6 1  7.3  74   57   58 277 -376  1
3797500 2746500  6 12  7  15.5 1013 309  1.2 2  7.4  70  138  103 279 -380  1
3797500 2746500  6 12  8  15.3 1013 302  1.6 5  7.2  66   36  191 299 -388  1
3797500 2746500  6 12  9  15.8 1013 302  1.4 7  6.8  62   37  252 323 -398  1
3797500 2746500  6 12 10  16.5 1013 282  2.2 6  6.4  56   78  316 330 -408  1
3797500 2746500  6 12 11  16.1 1013 301  2.3 7  6.4  55   23  303 331 -411  1
3797500 2746500  6 12 12  15.7 1013 256  2.8 6  6.4  57    9  285 332 -420  1
3797500 2746500  6 12 13  15.9 1013 276  3.2 6  6.6  58    0  223 329 -430  1
3797500 2746500  6 12 14  16.6 1013 246  3.4 7  6.9  60    0  165 334 -429  1
3797500 2746500  6 12 15  17.1 1012 247  3.1 7  7.3  61   11  254 342 -433  1
3797500 2746500  6 12 16  17.2 1012 292  3.3 8  6.9  56    9  221 349 -433  1
3797500 2746500  6 12 17  17.5 1011 331  4.3 6  6.3  51  117  230 346 -427  1
3797500 2746500  6 12 18  17.9 1011 301  3.9 4  6.0  48  271  102 331 -419  1
3797500 2746500  6 12 19  17.3 1010 321  4.2 2  5.9  47  181   69 315 -411  1
3797500 2746500  6 12 20  16.4 1010 328  2.7 4  5.9  49   29   46 314 -405  1
3797500 2746500  6 12 21  15.8 1011 325  2.9 5  5.9  52    0    3 325 -400  1
3797500 2746500  6 12 22  14.5 1011 307  1.4 6  6.0  55    0    0 331 -394  1
3797500 2746500  6 12 23  13.9 1011 295  1.3 6  6.0  60    0    0 332 -391  1
3797500 2746500  6 12 24  12.9 1011 300  1.2 2  6.2  65    0    0 310 -389  1
3797500 2746500  6 13  1  12.0 1011 262  1.2 0  6.3  70    0    0 276 -388  1
3797500 2746500  6 13  2  11.3 1011 269  0.9 1  6.4  74    0    0 267 -387  1
3797500 2746500  6 13  3  11.1 1011 250  0.9 3  6.4  77    0    0 282 -384  1
3797500 2746500  6 13  4  10.2 1010 210  1.0 2  6.4  80    0    0 285 -382  1
3797500 2746500  6 13  5  10.0 1010 183  0.7 3  6.4  83    2   15 284 -381  1
3797500 2746500  6 13  6  11.8 1009 202  1.0 3  6.7  82   19   56 292 -380  1
3797500 2746500  6 13  7  12.5 1009 198  0.8 6  7.0  79   24  119 313 -379  1
3797500 2746500  6 13  8  13.3 1009 183  0.9 4  7.3  78  141  169 323 -382  1
3797500 2746500  6 13  9  13.9 1009 318  0.9 6  7.1  73   93  250 325 -393  1
3797500 2746500  6 13 10  13.1 1008 224  1.4 8  6.9  71    0  122 345 -402  1
3797500 2746500  6 13 11  12.3 1007  94  1.4 8  7.4  80    0  130 353 -412  1
3797500 2746500  6 13 12  11.9 1007  67  1.7 8  7.7  86    0  140 351 -425  1
3797500 2746500  6 13 13  11.1 1007  95  1.9 8  7.5  88    0  126 347 -429  1
3797500 2746500  6 13 14  10.5 1006  62  1.8 7  7.1  87    0  122 338 -427  1
3797500 2746500  6 13 15  10.6 1006 137  2.5 8  6.9  86    0   97 336 -422  1
3797500 2746500  6 13 16  11.1 1005  43  2.4 8  6.9  84    0   83 340 -418  1
3797500 2746500  6 13 17  11.6 1004  28  2.8 8  6.9  82    0   98 340 -418  1
3797500 2746500  6 13 18  11.1 1004  41  2.9 7  6.9  82    3  129 335 -412  1
3797500 2746500  6 13 19  11.3 1004 326  2.0 6  6.9  83   35  102 326 -403  1
3797500 2746500  6 13 20  11.6 1005 330  1.0 7  7.0  82    7   40 326 -396  1
3797500 2746500  6 13 21  11.5 1005 299  0.6 6  7.0  82    0    1 326 -390  1
3797500 2746500  6 13 22  11.3 1005 318  1.9 6  6.9  81    0    0 319 -385  1
3797500 2746500  6 13 23  11.2 1006 296  1.0 6  6.8  81    0    0 317 -380  1
3797500 2746500  6 13 24  11.0 1006 311  1.3 4  6.8  82    0    0 307 -377  1
3797500 2746500  6 14  1  10.6 1006 313  1.4 4  6.8  84    0    0 295 -375  1
3797500 2746500  6 14  2   9.9 1006 256  1.2 4  6.7  85    0    0 293 -373  1
3797500 2746500  6 14  3  10.1 1006 264  1.6 6  6.7  87    0    0 301 -372  1
3797500 2746500  6 14  4   9.9 1006 244  1.6 7  6.9  90    0    0 315 -370  1
3797500 2746500  6 14  5   9.9 1007 254  1.8 7  6.9  91    0    1 319 -368  1
3797500 2746500  6 14  6   9.9 1007 249  2.2 7  7.0  92    0   16 318 -369  1
3797500 2746500  6 14  7  10.4 1007 259  2.1 8  7.2  92    0   71 323 -371  1
3797500 2746500  6 14  8  11.2 1008 251  2.2 7  7.3  90    7  163 327 -376  1
3797500 2746500  6 14  9  11.3 1008 296  2.5 8  7.4  88    0  146 327 -385  1
3797500 2746500  6 14 10  11.5 1008 277  3.2 6  7.0  83  106  329 323 -396  1
3797500 2746500  6 14 11  12.5 1008 253  3.2 5  7.0  80   41  329 312 -399  1
3797500 2746500  6 14 12  13.1 1008 236  2.3 4  7.4  80   83  369 308 -399  1
3797500 2746500  6 14 13  12.7 1008 282  2.9 8  7.0  75    0  208 320 -406  1
3797500 2746500  6 14 14  15.1 1008 276  2.6 7  6.7  67   19  311 333 -415  1
3797500 2746500  6 14 15  14.0 1008 288  2.3 8  6.5  63    0  200 333 -416  1
3797500 2746500  6 14 16  14.6 1008 257  4.0 6  6.3  62   30  259 328 -412  1
3797500 2746500  6 14 17  15.0 1008 338  2.5 6  6.4  60   55  236 323 -412  1
3797500 2746500  6 14 18  12.9 1008 296  2.4 8  6.4  64    2  130 328 -408  1
3797500 2746500  6 14 19  13.6 1008 275  1.9 8  6.7  70    1   75 336 -403  1
3797500 2746500  6 14 20  13.6 1008 265  1.2 7  6.6  68    0   25 333 -398  1
3797500 2746500  6 14 21  13.1 1009 257  1.7 8  6.5  68    0    0 334 -392  1
3797500 2746500  6 14 22  11.4 1009 316  0.5 7  6.5  73    0    0 330 -387  1
3797500 2746500  6 14 23  11.0 1009 234  0.8 5  6.4  77    0    0 314 -383  1
3797500 2746500  6 14 24  10.4 1009 215  0.9 4  6.4  79    0    0 301 -378  1
3797500 2746500  6 15  1   9.7 1009 219  1.3 1  6.3  82    0    0 284 -371  1
3797500 2746500  6 15  2  10.3 1009 196  0.7 2  6.3  82    0    0 276 -365  1
3797500 2746500  6 15  3  10.7 1009 189  0.7 8  6.5  81    0    0 301 -359  1
3797500 2746500  6 15  4   9.9 1008 198  0.9 6  6.5  83    0    0 313 -354  1
3797500 2746500  6 15  5  10.6 1008 189  1.0 6  6.6  84    0    2 305 -350  1
3797500 2746500  6 15  6  11.0 1008 207  1.5 7  6.8  84    0   13 309 -350  1
3797500 2746500  6 15  7  11.6 1008 219  2.2 3  7.0  84  103  127 299 -355  1
3797500 2746500  6 15  8  13.6 1008 249  3.0 2  7.1  78  252  156 285 -366  1
3797500 2746500  6 15  9  14.0 1008 239  3.2 4  7.1  71   95  279 293 -380  1
3797500 2746500  6 15 10  11.2 1008 265  3.4 8  6.9  75    0  172 310 -396  1
3797500 2746500  6 15 11  13.6 1008 272  3.2 6  7.2  80   82  361 318 -410  1
3797500 2746500  6 15 12  13.7 1008 220  2.8 6  7.5  77   30  339 315 -424  1
3797500 2746500  6 15 13  14.5 1008 273  3.2 6  7.3  73   51  371 316 -425  1
3797500 2746500  6 15 14  15.1 1008 245  3.4 6  6.9  65   89  380 318 -426  1
3797500 2746500  6 15 15  11.1 1008 305  2.9 8  6.9  73    0  180 321 -424  1
3797500 2746500  6 15 16  11.8 1008 171  1.8 8  7.3  86    0  157 327 -426  1
3797500 2746500  6 15 17  12.1 1008 209  2.3 7  7.4  85    0  143 324 -433  1
3797500 2746500  6 15 18  12.1 1008 202  2.3 8  7.5  84    0   95 326 -427  1
3797500 2746500  6 15 19  12.2 1007 197  1.4 7  7.4  83    0   70 326 -418  1
3797500 2746500  6 15 20  12.4 1007 216  1.6 7  7.4  82    5   42 323 -407  1
3797500 2746500  6 15 21  12.0 1007 236  1.7 7  7.3  82    0    2 324 -397  1
3797500 2746500  6 15 22  12.1 1007 205  1.4 6  7.1  81    0    0 320 -391  1
3797500 2746500  6 15 23  11.3 1007 218  2.0 6  7.0  81    0    0 317 -386  1
3797500 2746500  6 15 24  11.2 1007 219  1.5 4  6.8  81    0    0 309 -382  1
3797500 2746500  6 16  1  10.1 1007 216  1.7 1  6.7  83    0    0 290 -378  1
3797500 2746500  6 16  2   9.7 1007 195  0.8 1  6.6  86    0    0 282 -376  1
3797500 2746500  6 16  3   9.6 1006 192  0.8 0  6.6  88    0    0 283 -376  1
3797500 2746500  6 16  4   9.6 1005 212  1.2 1  6.6  88    0    0 284 -375  1
3797500 2746500  6 16  5   9.1 1005 193  1.1 0  6.4  87    0   13 283 -375  1
3797500 2746500  6 16  6  11.0 1005 203  1.0 1  6.7  86   52   49 282 -376  1
3797500 2746500  6 16  7  12.2 1004 213  1.7 3  7.2  84  130   88 297 -378  1
3797500 2746500  6 16  8  13.4 1004 242  2.3 4  7.4  80  209  129 315 -384  1
3797500 2746500  6 16  9  13.8 1004 234  1.9 5  7.5  76   36  238 329 -391  1
3797500 2746500  6 16 10  13.6 1004 226  2.3 7  7.5  76   14  259 343 -397  1
3797500 2746500  6 16 11  15.3 1004 231  3.4 6  7.3  70  211  305 348 -401  1
3797500 2746500  6 16 12  15.9 1003 250  3.6 5  6.8  60  388  269 342 -402  1
3797500 2746500  6 16 13  16.5 1003 253  3.6 3  6.4  56  805   71 331 -404  1
3797500 2746500  6 16 14  16.8 1003 252  3.1 3  6.4  53  733   67 323 -410  1
3797500 2746500  6 16 15  17.1 1002 248  3.0 4  6.3  52  223  289 330 -418  1
3797500 2746500  6 16 16  13.4 1002 228  4.1 7  6.8  62    0  181 342 -419  1
3797500 2746500  6 16 17  15.3 1002 269  2.8 6  6.8  66  102  214 347 -410  1
3797500 2746500  6 16 18  14.0 1002 322  2.1 5  6.8  65  182  125 337 -404  1
3797500 2746500  6 16 19  14.6 1002 252  1.6 5  7.1  69  100   84 332 -398  1
3797500 2746500  6 16 20  14.3 1002   0  2.4 6  7.0  68   44   40 337 -391  1
3797500 2746500  6 16 21  13.5 1002   6  1.6 5  6.9  69    0    8 334 -385  1
3797500 2746500  6 16 22  13.0 1002 346  0.9 6  6.8  71    0    0 332 -382  1
3797500 2746500  6 16 23  12.7 1003 219  1.9 6  7.0  75    0    0 336 -380  1
3797500 2746500  6 16 24  12.1 1003 238  1.9 3  7.4  81    0    0 318 -378  1
3797500 2746500  6 17  1  12.1 1003 267  0.8 5  7.5  84    0    0 313 -376  1
3797500 2746500  6 17  2  11.5 1003 322  1.1 4  7.4  84    0    0 318 -374  1
3797500 2746500  6 17  3  10.7 1003 308  1.1 1  7.0  84    0    0 289 -373  1
3797500 2746500  6 17  4  10.3 1003 342  1.1 0  6.9  86    0    0 261 -372  1
3797500 2746500  6 17  5  10.2 1003 325  1.5 1  6.9  87    4   17 259 -370  1
3797500 2746500  6 17  6  10.9 1003   0  0.2 1  6.9  86   41   58 265 -370  1
3797500 2746500  6 17  7  12.8 1003 194  0.7 1  7.2  82  158   89 267 -371  1
3797500 2746500  6 17  8  13.8 1004 332  1.5 2  7.0  73  252  130 276 -373  1
3797500 2746500  6 17  9  14.6 1004 184  0.9 3  6.5  64  280  201 293 -381  1
3797500 2746500  6 17 10  14.3 1004 262  2.1 3  6.1  59  438  191 302 -392  1
3797500 2746500  6 17 11  16.1 1004 314  1.8 3  5.6  52  534  196 305 -406  1
3797500 2746500  6 17 12  16.5 1004 291  2.6 3  5.2  44  381  313 308 -418  1
3797500 2746500  6 17 13  17.2 1004 359  2.2 4  5.2  43  248  366 312 -427  1
3797500 2746500  6 17 14  17.1 1004 229  2.0 4  5.3  43  309  334 317 -432  1
3797500 2746500  6 17 15  17.7 1004 329  3.1 3  5.1  41  398  258 310 -438  1
3797500 2746500  6 17 16  17.6 1004 313  2.0 3  5.2  41  361  216 307 -434  1
3797500 2746500  6 17 17  17.6 1003 276  2.3 3  5.1  41  405  113 305 -425  1
3797500 2746500  6 17 18  18.4 1003 343  1.9 2  4.9  38  340   64 298 -417  1
3797500 2746500  6 17 19  17.9 1003 345  1.8 2  5.1  39  136   83 292 -409  1
3797500 2746500  6 17 20  16.9 1004 345  1.8 2  5.3  42   59   46 290 -399  1
3797500 2746500  6 17 21  15.4 1004 358  0.8 4  5.5  47    2    9 297 -389  1
3797500 2746500  6 17 22  14.1 1004  10  2.1 4  5.8  55    0    0 304 -379  1
3797500 2746500  6 17 23  13.1 1005  19  1.6 4  6.1  63    0    0 302 -374  1
3797500 2746500  6 17 24  13.0 1005  58  1.3 3  6.4  67    0    0 297 -373  1
3797500 2746500  6 18  1  11.6 1006  67  0.0 3  6.6  73    0    0 290 -372  1
3797500 2746500  6 18  2  12.1 1006  45  0.8 3  6.6  75    0    0 288 -370  1
3797500 2746500  6 18  3  10.9 1006  61  1.3 5  6.4  76    0    0 297 -367  1
3797500 2746500  6 18  4  10.7 1006  82  0.6 2  6.4  79    0    0 291 -364  1
3797500 2746500  6 18  5  10.5 1006  91  0.9 1  6.3  78    0   13 271 -363  1
3797500 2746500  6 18  6  11.6 1006 111  0.9 2  6.4  78   41   62 270 -365  1
3797500 2746500  6 18  7  14.3 1006  92  0.5 0  6.9  74  168   94 270 -367  1
3797500 2746500  6 18  8  15.3 1006 112  1.3 0  7.1  68  320  104 266 -367  1
3797500 2746500  6 18  9  16.7 1007  90  1.1 1  7.0  61  520   85 275 -367  1
3797500 2746500  6 18 10  17.9 1007 109  0.6 1  6.6  53  545  147 285 -368  1
3797500 2746500  6 18 11  18.0 1006 242  0.0 2  5.8  45  534  216 291 -370  1
3797500 2746500  6 18 12  19.1 1007 139  0.4 4  5.6  42  287  369 308 -371  1
3797500 2746500  6 18 13  19.1 1006 230  0.4 3  5.7  41  255  385 318 -371  1
3797500 2746500  6 18 14  19.9 1006 246  0.7 2  5.2  36  413  309 312 -373  1
3797500 2746500  6 18 15  20.5 1006 209  1.6 2  4.9  33  578  177 313 -378  1
3797500 2746500  6 18 16  20.6 1006 253  1.6 2  5.0  33  611   92 319 -386  1
3797500 2746500  6 18 17  21.5 1006 248  0.9 2  5.1  33  465   95 320 -394  1
3797500 2746500  6 18 18  21.0 1006 316  0.8 2  5.1  32  331   84 319 -393  1
3797500 2746500  6 18 19  20.9 1006 255  0.4 2  5.3  34  120   97 318 -387  1
3797500 2746500  6 18 20  20.4 1006   8  0.5 3  5.5  36   16   46 320 -383  1
3797500 2746500  6 18 21  18.9 1006 323  0.7 3  5.7  40    0    8 322 -378  1
3797500 2746500  6 18 22  16.7 1007 357  0.0 4  6.0  47    0    0 319 -376  1
3797500 2746500  6 18 23  17.1 1007  18  0.7 3  6.0  50    0    0 314 -375  1
3797500 2746500  6 18 24  15.7 1008 109  0.8 5  6.2  53    0    0 317 -375  1
3797500 2746500  6 19  1  15.0 1008 148  0.5 3  6.6  60    0    0 315 -375  1
3797500 2746500  6 19  2  14.4 1008 172  0.6 3  6.5  62    0    0 304 -374  1
3797500 2746500  6 19  3  14.3 1008 199  1.3 4  6.4  62    0    0 307 -372  1
3797500 2746500  6 19  4  14.1 1008 188  1.5 2  6.4  63    0    0 303 -369  1
3797500 2746500  6 19  5  14.3 1008 188  1.5 2  6.5  64    0   15 294 -367  1
3797500 2746500  6 19  6  15.0 1008 159  1.6 3  6.9  66   31   67 301 -366  1
3797500 2746500  6 19  7  16.4 1008 238  2.7 3  7.2  64   66  134 308 -369  1
3797500 2746500  6 19  8  17.1 1009 219  2.4 3  7.0  59  190  186 311 -375  1
3797500 2746500  6 19  9  17.8 1009 230  3.1 3  6.6  53  319  219 311 -386  1
3797500 2746500  6 19 10  18.3 1009 249  3.4 3  6.5  50  352  280 313 -400  1
3797500 2746500  6 19 11  19.0 1009 239  3.0 4  6.5  48  349  341 320 -414  1
3797500 2746500  6 19 12  20.3 1009 228  3.6 5  6.5  46  332  384 332 -423  1
3797500 2746500  6 19 13  20.8 1009 277  3.9 5  6.3  42  233  417 339 -429  1
3797500 2746500  6 19 14  21.4 1009 249  2.9 3  6.2  40  641  221 334 -434  1
3797500 2746500  6 19 15  22.1 1008 246  3.4 4  6.4  39  493  259 333 -434  1
3797500 2746500  6 19 16  22.2 1008 238  3.9 5  6.4  38  328  274 344 -431  1
3797500 2746500  6 19 17  22.0 1008 239  3.2 6  6.5  39  135  254 353 -426  1
3797500 2746500  6 19 18  22.0 1007 231  2.2 7  6.8  41   31  177 361 -421  1
3797500 2746500  6 19 19  21.8 1007 206  2.6 6  7.1  43    7   96 362 -417  1
3797500 2746500  6 19 20  20.8 1007 180  1.2 4  7.3  46   25   54 348 -411  1
3797500 2746500  6 19 21  19.3 1007 260  0.7 6  7.6  51    1   10 345 -402  1
3797500 2746500  6 19 22  18.5 1007  89  0.6 6  7.7  56    0    0 349 -395  1
3797500 2746500  6 19 23  17.8 1007  60  0.9 6  7.8  60    0    0 347 -392  1
3797500 2746500  6 19 24  17.3 1006 101  1.1 5  7.9  63    0    0 342 -390  1
3797500 2746500  6 20  1  17.4 1006 170  1.8 7  8.2  65    0    0 347 -389  1
3797500 2746500  6 20  2  17.7 1005 171  1.5 7  8.4  66    0    0 356 -390  1
3797500 2746500  6 20  3  17.8 1005 220  2.1 8  8.4  66    0    0 362 -390  1
3797500 2746500  6 20  4  17.4 1005 211  2.0 7  8.3  65    0    0 361 -391  1
3797500 2746500  6 20  5  17.4 1004 221  3.0 7  8.0  64    0    3 356 -391  1
3797500 2746500  6 20  6  17.5 1004 222  3.0 8  7.8  62    0   17 359 -391  1
3797500 2746500  6 20  7  17.6 1004 221  3.8 7  7.7  61   23  118 358 -393  1
3797500 2746500  6 20  8  18.8 1004 209  3.4 5  7.7  58  208  160 352 -399  1
3797500 2746500  6 20  9  20.0 1004 209  4.3 3  7.6  53  459  114 346 -407  1
3797500 2746500  6 20 10  20.5 1004 228  5.5 4  7.6  51  300  275 347 -419  1
3797500 2746500  6 20 11  19.7 1004 232  5.3 6  7.6  51   80  348 360 -426  1
3797500 2746500  6 20 12  19.8 1004 264  5.1 5  7.6  52   74  366 365 -421  1
3797500 2746500  6 20 13  18.1 1004 229  4.7 7  7.9  57    3  267 368 -420  1
3797500 2746500  6 20 14  19.0 1005 251  4.2 7  8.3  62    2  240 375 -428  1
3797500 2746500  6 20 15  17.6 1005 259  4.5 8  9.0  68    0  167 381 -439  1
3797500 2746500  6 20 16  18.3 1006 227  3.0 6  9.7  75   78  292 377 -443  1
3797500 2746500  6 20 17  18.3 1005 224  3.5 8 10.1  76    0  126 378 -441  1
3797500 2746500  6 20 18  16.9 1005 274  3.2 8 10.4  82    0   88 384 -437  1
3797500 2746500  6 20 19  16.8 1006 220  3.8 7 10.7  88    3   81 378 -428  1
3797500 2746500  6 20 20  16.6 1006 241  3.1 4 10.3  85   54   51 355 -419  1
3797500 2746500  6 20 21  16.2 1006 242  2.6 3 10.0  85    0    0 337 -412  1
3797500 2746500  6 20 22  15.5 1007 247  2.0 2  9.6  84    0    0 329 -406  1
3797500 2746500  6 20 23  15.6 1008 247  1.6 2  9.1  80    0    0 319 -402  1
3797500 2746500  6 20 24  15.7 1008 236  1.2 2  8.6  75    0    0 308 -397  1
3797500 2746500  6 21  1  16.1 1009 218  1.2 3  8.2  69    0    0 334 -396  1
3797500 2746500  6 21  2  16.4 1008 208  1.2 3  7.9  66    0    0 327 -394  1
3797500 2746500  6 21  3  16.6 1008 200  1.2 4  7.8  64    0    0 328 -391  1
3797500 2746500  6 21  4  16.1 1008 196  1.3 5  7.8  67    0    0 335 -390  1
3797500 2746500  6 21  5  16.5 1007 205  1.5 5  7.9  66    0    5 342 -388  1
3797500 2746500  6 21  6  16.2 1007 200  1.5 6  8.0  70    0   38 344 -387  1
3797500 2746500  6 21  7  16.8 1007 240  2.0 6  8.3  71   24  112 347 -387  1
3797500 2746500  6 21  8  17.5 1007 243  2.2 5  8.6  70   92  182 346 -388  1
3797500 2746500  6 21  9  18.5 1007 253  2.3 4  8.9  68  247  207 345 -390  1
3797500 2746500  6 21 10  18.9 1007 298  2.6 4  9.0  66  374  217 345 -396  1
3797500 2746500  6 21 11  18.6 1007 288  2.9 7  8.5  62   59  326 355 -403  1
3797500 2746500  6 21 12  19.0 1007 300  3.3 6  7.8  57   86  339 360 -409  1
3797500 2746500  6 21 13  19.4 1006 260  4.7 4  7.3  52  220  347 351 -416  1
3797500 2746500  6 21 14  19.1 1006 285  3.8 4  7.0  50  201  332 344 -420  1
3797500 2746500  6 21 15  20.1 1006 274  3.8 4  6.6  46  250  296 344 -424  1
3797500 2746500  6 21 16  19.3 1006 311  2.6 4  6.3  44  309  231 343 -423  1
3797500 2746500  6 21 17  19.0 1006 309  3.3 5  6.4  46  137  217 345 -421  1
3797500 2746500  6 21 18  18.4 1006 292  3.0 5  6.7  50  104  126 348 -418  1
3797500 2746500  6 21 19  16.5 1006 339  4.2 5  6.8  54   80   90 344 -410  1
3797500 2746500  6 21 20  15.8 1007 323  3.7 7  6.5  56   26   50 347 -402  1
3797500 2746500  6 21 21  14.5 1007 323  2.0 6  6.1  56    2   10 347 -395  1
3797500 2746500  6 21 22  13.6 1008 292  2.1 3  5.8  57    0    0 328 -390  1
3797500 2746500  6 21 23  13.9 1008 293  1.4 3  5.8  59    0    0 314 -387  1
3797500 2746500  6 21 24  13.2 1008 268  1.4 6  6.0  62    0    0 326 -384  1
3797500 2746500  6 22  1  13.3 1008 275  1.8 7  6.3  66    0    0 344 -382  1
3797500 2746500  6 22  2  12.2 1008 294  1.7 7  6.4  70    0    0 347 -380  1
3797500 2746500  6 22  3  10.9 1007 249  1.0 5  6.4  75    0    0 334 -379  1
3797500 2746500  6 22  4  10.2 1007 251  1.8 3  6.3  79    0    0 312 -378  1
3797500 2746500  6 22  5  10.2 1007 265  1.7 3  6.3  81    0    2 302 -375  1
3797500 2746500  6 22  6  10.9 1007 253  1.7 5  6.5  82    0   20 311 -376  1
3797500 2746500  6 22  7  12.2 1007 240  2.0 7  6.9  80    0   69 332 -379  1
3797500 2746500  6 22  8  13.2 1007 251  3.3 7  7.0  76    3  147 345 -383  1
3797500 2746500  6 22  9  13.3 1007 259  3.1 8  7.0  73    0  175 351 -386  1
3797500 2746500  6 22 10  13.9 1007 261  2.9 7  7.1  73    5  241 355 -392  1
3797500 2746500  6 22 11  14.6 1007 282  3.1 7  7.2  70    5  264 354 -399  1
3797500 2746500  6 22 12  14.6 1007 273  3.6 8  7.1  68    0  115 360 -400  1
3797500 2746500  6 22 13  14.5 1007 277  3.3 7  7.7  74    0  153 361 -406  1
3797500 2746500  6 22 14  15.1 1008 266  3.2 8  8.2  77    0  187 362 -416  1
3797500 2746500  6 22 15  15.5 1008 266  3.7 6  7.9  72   11  251 359 -418  1
3797500 2746500  6 22 16  15.2 1008 262  4.1 6  7.6  69   96  260 350 -422  1
3797500 2746500  6 22 17  16.4 1008 306  4.7 7  7.5  66   93  215 353 -424  1
3797500 2746500  6 22 18  16.8 1008 319  4.9 7  7.2  61  155  127 357 -418  1
3797500 2746500  6 22 19  16.4 1009 321  4.0 5  6.8  58  135   70 348 -415  1
3797500 2746500  6 22 20  15.0 1009 325  2.9 6  6.9  61   47   44 340 -408  1
3797500 2746500  6 22 21  14.4 1010 309  2.4 6  6.9  66    7   12 339 -399  1
3797500 2746500  6 22 22  13.9 1010 309  2.2 6  6.8  68    0    0 334 -390  1
3797500 2746500  6 22 23  13.2 1010 313  1.9 6  6.8  70    0    0 330 -381  1
3797500 2746500  6 22 24  12.4 1011 292  1.3 4  6.8  74    0    0 319 -375  1
3797500 2746500  6 23  1  12.1 1011 315  1.5 1  6.9  78    0    0 297 -371  1
3797500 2746500  6 23  2  11.0 1011 318  1.5 1  6.9  81    0    0 283 -367  1
3797500 2746500  6 23  3  10.5 1011 267  1.6 0  6.9  85    0    0 277 -364  1
3797500 2746500  6 23  4  10.1 1012 358  0.5 0  6.8  87    0    0 272 -361  1
3797500 2746500  6 23  5  10.2 1012 338  1.3 0  6.8  88    0    9 273 -359  1
3797500 2746500  6 23  6  11.9 1012 339  0.9 0  7.2  87   34   59 276 -359  1
3797500 2746500  6 23  7  13.1 1012   5  1.2 2  7.5  83  106  118 287 -364  1
3797500 2746500  6 23  8  14.6 1013  25  1.3 3  7.2  73  263  135 303 -376  1
3797500 2746500  6 23  9  14.8 1013 342  1.8 4  6.9  66  284  214 314 -392  1
3797500 2746500  6 23 10  15.6 1013 346  1.7 4  6.9  64  280  288 323 -410  1
3797500 2746500  6 23 11  15.8 1013 280  1.7 4  6.8  61  249  349 327 -426  1
3797500 2746500  6 23 12  16.9 1013 325  1.7 5  6.7  58  145  384 334 -438  1
3797500 2746500  6 23 13  17.8 1013 288  1.8 5  6.7  54  151  387 341 -449  1
3797500 2746500  6 23 14  18.0 1013   7  1.9 6  6.7  52  132  370 348 -458  1
3797500 2746500  6 23 15  18.7 1013 321  2.2 4  6.7  51  239  341 346 -463  1
3797500 2746500  6 23 16  19.8 1012  93  0.7 5  6.7  48  285  275 346 -462  1
3797500 2746500  6 23 17  20.6 1012  75  2.0 3  6.7  45  261  211 345 -458  1
3797500 2746500  6 23 18  20.2 1012  41  1.9 3  6.7  45  257  128 339 -451  1
3797500 2746500  6 23 19  19.9 1012  71  1.8 3  6.8  46  139   96 337 -442  1
3797500 2746500  6 23 20  19.3 1013  54  1.6 2  7.1  50   59   51 331 -432  1
3797500 2746500  6 23 21  17.9 1013  46  1.9 0  7.1  53    5   13 319 -420  1
3797500 2746500  6 23 22  17.1 1013  47  1.4 0  7.0  56    0    0 310 -408  1
3797500 2746500  6 23 23  16.1 1014  76  1.6 0  7.0  59    0    0 306 -399  1
3797500 2746500  6 23 24  13.5 1014  44  1.2 1  7.0  67    0    0 303 -393  1
3797500 2746500  6 24  1  13.7 1014  66  1.1 0  7.1  73    0    0 300 -387  1
3797500 2746500  6 24  2  12.8 1014 108  1.0 1  6.9  73    0    0 298 -382  1
3797500 2746500  6 24  3  14.0 1014 100  1.0 1  6.7  70    0    0 300 -378  1
3797500 2746500  6 24  4  13.2 1014  98  1.1 1  6.6  68    0    0 301 -374  1
3797500 2746500  6 24  5  12.5 1014  96  1.4 2  6.5  71    0    6 301 -372  1
3797500 2746500  6 24  6  14.0 1014 109  1.3 2  6.7  71   30   62 307 -372  1
3797500 2746500  6 24  7  16.5 1014 128  1.1 0  7.2  67  124  116 305 -379  1
3797500 2746500  6 24  8  18.2 1015 182  1.3 0  7.9  64  266  143 304 -392  1
3797500 2746500  6 24  9  19.2 1015 206  1.2 0  7.9  59  434  147 308 -410  1
3797500 2746500  6 24 10  21.0 1015 123  1.3 0  7.7  52  560  158 314 -429  1
3797500 2746500  6 24 11  21.2 1015 254  1.8 0  7.3  47  637  178 320 -447  1
3797500 2746500  6 24 12  21.9 1015 272  2.0 1  7.1  44  684  191 327 -462  1
3797500 2746500  6 24 13  21.9 1015 348  2.0 1  7.0  42  768  153 333 -473  1
3797500 2746500  6 24 14  22.9 1015 333  2.7 1  6.7  40  753  145 336 -478  1
3797500 2746500  6 24 15  23.7 1014 316  1.5 0  6.8  38  704  131 337 -479  1
3797500 2746500  6 24 16  24.6 1014 341  2.1 0  7.2  38  546  156 338 -479  1
3797500 2746500  6 24 17  24.6 1014 283  2.3 2  7.4  38  265  221 345 -474  1
3797500 2746500  6 24 18  24.6 1014  21  2.1 4  7.6  39  108  170 357 -466  1
3797500 2746500  6 24 19  24.8 1014 357  1.2 2  7.7  40   91  109 357 -458  1
3797500 2746500  6 24 20  23.5 1015   4  1.0 2  8.2  43   43   56 349 -445  1
3797500 2746500  6 24 21  22.1 1015  64  1.2 3  8.5  49    2   13 348 -433  1
3797500 2746500  6 24 22  21.8 1015 106  1.0 1  8.4  51    0    0 340 -421  1
3797500 2746500  6 24 23  20.2 1015 101  1.7 1  8.4  54    0    0 329 -412  1
3797500 2746500  6 24 24  20.1 1015  95  1.7 2  8.5  58    0    0 328 -405  1
3797500 2746500  6 25  1  18.9 1015  94  1.3 2  8.5  60    0    0 328 -400  1
3797500 2746500  6 25  2  18.8 1016 105  1.4 2  8.4  62    0    0 325 -396  1
3797500 2746500  6 25  3  18.9 1016 297  0.8 1  8.2  60    0    0 320 -393  1
3797500 2746500  6 25  4  18.0 1016   7  1.8 2  8.3  63    0    0 318 -391  1
3797500 2746500  6 25  5  17.1 1016  26  2.2 3  8.6  69    0    7 321 -388  1
3797500 2746500  6 25  6  16.6 1016  98  1.0 2  8.5  71   13   58 318 -389  1
3797500 2746500  6 25  7  18.4 1017  38  1.1 3  8.7  70   48  126 320 -395  1
3797500 2746500  6 25  8  19.7 1017  31  2.4 2  9.0  66  145  190 324 -409  1
3797500 2746500  6 25  9  20.7 1017  19  2.9 2  8.8  60  324  202 324 -427  1
3797500 2746500  6 25 10  22.2 1017   2  2.8 2  8.9  56  484  197 328 -447  1
3797500 2746500  6 25 11  22.5 1017   0  3.3 2  8.7  52  615  185 332 -467  1
3797500 2746500  6 25 12  23.6 1017 305  3.4 2  7.8  45  670  193 335 -485  1
3797500 2746500  6 25 13  24.4 1017   4  3.7 1  7.3  39  762  150 335 -499  1
3797500 2746500  6 25 14  24.7 1017   4  4.1 2  6.7  35  749  141 337 -505  1
3797500 2746500  6 25 15  24.8 1017 358  4.0 3  6.3  33  694  130 343 -501  1
3797500 2746500  6 25 16  24.9 1017  10  3.2 3  6.3  33  618  110 347 -496  1
3797500 2746500  6 25 17  25.5 1016   6  3.8 3  6.3  32  486  106 346 -495  1
3797500 2746500  6 25 18  24.9 1016  21  3.5 3  6.1  30   59  143 343 -486  1
3797500 2746500  6 25 19  24.7 1016  33  3.3 3  5.8  30   81  103 338 -473  1
3797500 2746500  6 25 20  23.5 1016  43  2.7 3  6.1  33   74   53 334 -461  1
3797500 2746500  6 25 21  22.0 1016  31  2.6 3  6.7  39    7   15 331 -448  1
3797500 2746500  6 25 22  20.4 1016  39  2.5 1  7.0  45    0    0 323 -435  1
3797500 2746500  6 25 23  19.3 1017  43  2.9 1  7.1  49    0    0 315 -425  1
3797500 2746500  6 25 24  18.2 1017  53  2.3 3  7.1  53    0    0 315 -418  1
3797500 2746500  6 26  1  17.5 1017  78  2.4 1  7.2  57    0    0 311 -412  1
3797500 2746500  6 26  2  16.7 1017  68  2.3 1  7.3  60    0    0 306 -407  1
3797500 2746500  6 26  3  15.9 1017  67  2.6 4  7.4  64    0    0 308 -403  1
3797500 2746500  6 26  4  14.9 1016  77  2.4 4  7.5  69    0    0 309 -399  1
3797500 2746500  6 26  5  14.2 1016  79  2.7 5  7.5  73    0    9 307 -396  1
3797500 2746500  6 26  6  14.9 1016  73  1.7 5  7.7  75   38   63 308 -395  1
3797500 2746500  6 26  7  17.0 1016  69  2.2 3  8.0  71  128  116 309 -400  1
3797500 2746500  6 26  8  18.5 1016  90  1.7 2  8.3  66  244  157 310 -412  1
3797500 2746500  6 26  9  20.5 1015 106  2.0 2  8.6  61  375  183 316 -430  1
3797500 2746500  6 26 10  23.0 1014  93  2.0 3  8.8  54  476  211 328 -449  1
3797500 2746500  6 26 11  24.4 1014  84  1.8 3  8.9  49  570  223 339 -468  1
3797500 2746500  6 26 12  25.7 1013  85  2.1 3  8.6  43  562  267 345 -485  1
3797500 2746500  6 26 13  26.9 1012  51  2.1 3  8.3  39  566  278 352 -498  1
3797500 2746500  6 26 14  27.2 1012  53  2.8 3  8.7  39  599  243 359 -504  1
3797500 2746500  6 26 15  29.4 1011  53  2.9 4  8.6  36  542  231 367 -504  1
3797500 2746500  6 26 16  29.6 1010 114  3.5 4  8.1  31  488  193 374 -499  1
3797500 2746500  6 26 17  28.7 1009  79  3.5 4  8.7  34  430  142 376 -495  1
3797500 2746500  6 26 18  29.1 1009  88  3.4 3  9.1  36  303  119 375 -492  1
3797500 2746500  6 26 19  28.6 1008  81  2.8 1  8.8  35  172   94 370 -481  1
3797500 2746500  6 26 20  27.9 1008  78  2.7 1  8.9  37   61   56 365 -469  1
3797500 2746500  6 26 21  25.2 1008  92  2.4 2  9.7  44    5   14 362 -456  1
3797500 2746500  6 26 22  24.0 1007  89  1.9 1 10.3  53    0    0 355 -443  1
3797500 2746500  6 26 23  22.7 1007 101  1.9 2 10.2  56    0    0 350 -433  1
3797500 2746500  6 26 24  22.9 1007 100  1.5 2  9.7  56    0    0 350 -426  1
3797500 2746500  6 27  1  22.3 1007  94  0.9 3  9.3  54    0    0 350 -420  1
3797500 2746500  6 27  2  22.5 1007 120  2.1 3  9.1  53    0    0 352 -416  1
3797500 2746500  6 27  3  23.0 1006  95  1.2 4  8.8  50    0    0 355 -416  1
3797500 2746500  6 27  4  22.5 1005 131  2.0 5  8.5  49    0    0 358 -418  1
3797500 2746500  6 27  5  21.2 1005 156  2.8 6  8.5  51    0    2 360 -420  1
3797500 2746500  6 27  6  22.3 1005 184  2.0 6  8.7  53    0   22 361 -426  1
3797500 2746500  6 27  7  22.6 1005 202  1.7 7  9.1  53    0   75 365 -433  1
3797500 2746500  6 27  8  23.7 1005 211  1.7 6  9.8  55   29  203 368 -441  1
3797500 2746500  6 27  9  23.2 1005 228  2.3 5 10.5  57   41  275 365 -452  1
3797500 2746500  6 27 10  23.6 1005 172  0.9 7 10.6  58    9  268 368 -467  1
3797500 2746500  6 27 11  24.2 1005 181  1.6 7 10.6  56   41  352 377 -482  1
3797500 2746500  6 27 12  25.4 1005 182  2.1 6 10.6  54  263  439 380 -496  1
3797500 2746500  6 27 13  26.5 1005 241  2.4 4 10.7  50  473  380 378 -506  1
3797500 2746500  6 27 14  26.9 1005 208  2.6 4 10.8  48  346  416 377 -509  1
3797500 2746500  6 27 15  26.3 1004 190  2.2 8 10.8  49   39  317 389 -508  1
3797500 2746500  6 27 16  25.8 1005 171  2.0 7 11.2  52    7  225 397 -504  1
3797500 2746500  6 27 17  21.9 1004 250  2.5 7 11.6  62    0  146 386 -499  1
3797500 2746500  6 27 18  20.2 1005 241  4.1 8 11.9  76    0   40 382 -492  1
3797500 2746500  6 27 19  19.2 1006 276  2.1 7 12.0  82    0   67 380 -480  1
3797500 2746500  6 27 20  19.2 1006 243  1.1 8 11.4  81    0   39 379 -467  1
3797500 2746500  6 27 21  19.0 1007 252  1.5 8 10.8  78    0    9 383 -456  1
3797500 2746500  6 27 22  18.1 1007 213  1.1 7 10.4  77    0    0 377 -446  1
3797500 2746500  6 27 23  17.7 1008 212  1.3 7 10.3  79    0    0 371 -438  1
3797500 2746500  6 27 24  17.9 1008 203  0.8 7 10.4  81    0    0 371 -432  1
3797500 2746500  6 28  1  17.4 1008 211  1.7 7 10.5  82    0    0 371 -426  1
3797500 2746500  6 28  2  17.6 1008 230  1.8 8 10.5  84    0    0 376 -421  1
3797500 2746500  6 28  3  17.4 1008 224  2.0 7 10.6  84    0    0 376 -416  1
3797500 2746500  6 28  4  17.3 1008 241  1.8 7 10.5  84    0    0 371 -412  1
3797500 2746500  6 28  5  16.6 1008 238  1.8 8 10.1  83    0    7 374 -408  1
3797500 2746500  6 28  6  16.4 1009 220  2.3 8  9.6  81    0   35 377 -404  1
3797500 2746500  6 28  7  16.5 1009 238  2.6 4  9.4  80   46  128 356 -404  1
3797500 2746500  6 28  8  17.7 1009 232  3.1 4  9.4  76  133  196 337 -409  1
3797500 2746500  6 28  9  18.2 1010 241  3.3 4  9.3  72  243  243 339 -418  1
3797500 2746500  6 28 10  18.0 1010 240  3.7 5  9.3  71  291  298 346 -431  1
3797500 2746500  6 28 11  18.8 1010 229  3.3 5  9.5  72  360  328 352 -443  1
3797500 2746500  6 28 12  19.2 1010 261  3.5 5  9.6  70  312  380 355 -454  1
3797500 2746500  6 28 13  19.8 1011 221  3.4 5  9.7  68  235  404 358 -464  1
3797500 2746500  6 28 14  21.2 1011 263  2.5 5 10.0  66  184  392 361 -471  1
3797500 2746500  6 28 15  23.0 1011 201  2.6 5 10.2  61  312  338 365 -476  1
3797500 2746500  6 28 16  23.0 1011 264  2.8 4  9.6  54  310  280 361 -477  1
3797500 2746500  6 28 17  23.0 1011 240  3.1 3  9.1  52  273  220 353 -474  1
3797500 2746500  6 28 18  23.0 1011 235  4.1 2  8.9  50  219  156 343 -467  1
3797500 2746500  6 28 19  22.6 1011 241  3.5 2  8.5  49  128  106 338 -457  1
3797500 2746500  6 28 20  21.8 1012 244  2.4 4  8.3  50   21   57 342 -444  1
3797500 2746500  6 28 21  21.0 1012 236  2.0 4  8.4  52    5   14 347 -433  1
3797500 2746500  6 28 22  20.8 1013 223  1.8 6  8.8  57    0    0 352 -423  1
3797500 2746500  6 28 23  19.8 1013 223  1.7 7  9.1  61    0    0 361 -415  1
3797500 2746500  6 28 24  19.7 1014 209  1.0 5  9.2  64    0    0 357 -409  1
3797500 2746500  6 29  1  19.6 1014 198  1.1 7  9.2  64    0    0 359 -405  1
3797500 2746500  6 29  2  19.7 1014 231  2.0 8  9.2  64    0    0 374 -401  1
3797500 2746500  6 29  3  18.8 1014 258  1.3 7  9.3  66    0    0 374 -398  1
3797500 2746500  6 29  4  17.6 1014 234  1.4 5  9.4  72    0    0 360 -397  1
3797500 2746500  6 29  5  16.8 1014 243  1.6 0  9.2  75    0    7 329 -396  1
3797500 2746500  6 29  6  17.6 1015 225  1.9 0  9.3  76   30   62 309 -397  1
3797500 2746500  6 29  7  18.2 1015 245  3.5 2  9.5  74  106  122 319 -402  1
3797500 2746500  6 29  8  19.4 1015 247  3.1 2  9.5  70  232  160 330 -412  1
3797500 2746500  6 29  9  19.4 1016 248  3.6 2  9.4  66  360  188 333 -423  1
3797500 2746500  6 29 10  20.5 1016 231  3.4 2  9.5  65  515  184 336 -430  1
3797500 2746500  6 29 11  21.3 1016 230  3.0 2  9.5  62  638  178 341 -442  1
3797500 2746500  6 29 12  21.9 1016 244  2.8 2  9.0  56  645  215 345 -459  1
3797500 2746500  6 29 13  23.1 1015 274  2.7 3  9.1  54  422  345 354 -471  1
3797500 2746500  6 29 14  22.8 1015 251  3.0 5  9.6  55   61  344 367 -476  1
3797500 2746500  6 29 15  22.5 1015 217  2.4 7  9.8  57    3  229 380 -477  1
3797500 2746500  6 29 16  23.2 1015 266  2.4 7  9.9  57   50  276 387 -477  1
3797500 2746500  6 29 17  22.8 1015 256  2.2 6  9.8  56  113  255 382 -476  1
3797500 2746500  6 29 18  22.9 1015 232  1.7 7 10.1  58   52  146 378 -473  1
3797500 2746500  6 29 19  23.1 1015 254  1.0 6 10.4  59   40  112 376 -468  1
3797500 2746500  6 29 20  23.1 1014   7  0.7 4 10.2  58   15   54 364 -461  1
3797500 2746500  6 29 21  21.6 1014  97  1.1 3 10.2  60    0    7 352 -450  1
3797500 2746500  6 29 22  21.0 1014 100  1.6 4 10.2  64    0    0 348 -440  1
3797500 2746500  6 29 23  19.8 1014 118  1.3 4 10.1  68    0    0 347 -435  1
3797500 2746500  6 29 24  19.5 1014 106  1.5 6 10.0  70    0    0 350 -432  1
3797500 2746500  6 30  1  18.9 1014  99  1.7 8  9.8  71    0    0 362 -429  1
3797500 2746500  6 30  2  20.1 1014 139  1.8 8  9.8  69    0    0 372 -426  1
3797500 2746500  6 30  3  20.3 1014 160  2.7 7  9.8  66    0    0 372 -424  1
3797500 2746500  6 30  4  20.1 1014 167  2.6 7  9.7  65    0    0 370 -423  1
3797500 2746500  6 30  5  20.4 1013 164  3.0 7  9.5  64    0    4 371 -421  1
3797500 2746500  6 30  6  20.6 1013 167  2.8 7  9.5  63    0   24 373 -421  1
3797500 2746500  6 30  7  21.0 1013 173  2.4 7  9.8  64    2   89 375 -421  1
3797500 2746500  6 30  8  21.9 1013 158  3.2 6 10.2  64   52  192 377 -424  1
3797500 2746500  6 30  9  22.9 1013 166  3.2 5 10.6  62  248  222 376 -431  1
3797500 2746500  6 30 10  24.1 1012 196  2.8 4 11.0  60  431  208 378 -439  1
3797500 2746500  6 30 11  23.8 1012 207  2.8 6 11.2  60  191  349 387 -443  1
3797500 2746500  6 30 12  24.0 1012 233  3.2 8 11.4  61    2  245 397 -451  1
3797500 2746500  6 30 13  18.4 1012 260  3.4 8 11.5  73    0  137 394 -461  1
3797500 2746500  6 30 14  18.9 1012 218  3.3 8 11.5  85    0  125 386 -463  1
3797500 2746500  6 30 15  18.2 1012 192  2.4 7 11.3  84    0  115 382 -454  1
3797500 2746500  6 30 16  19.6 1013 208  3.1 7 11.7  85    1  183 379 -450  1
3797500 2746500  6 30 17  19.9 1012 227  0.8 5 12.3  85   51  228 375 -457  1
3797500 2746500  6 30 18  19.9 1012 247  1.3 6 12.1  83    0  102 370 -453  1
3797500 2746500  6 30 19  17.2 1012 210  2.3 6 11.0  82    0   38 365 -442  1
3797500 2746500  6 30 20  17.7 1013 202  1.5 6 10.2  82    0   14 360 -435  1
3797500 2746500  6 30 21  17.0 1013 219  1.9 5 10.1  82    0    4 355 -428  1
3797500 2746500  6 30 22  16.7 1014 239  1.6 5  9.9  82    0    0 349 -420  1
3797500 2746500  6 30 23  15.8 1015 261  0.8 5  9.5  82    0    0 345 -413  1
3797500 2746500  6 30 24  15.6 1015 232  1.0 4  9.2  82    0    0 338 -407  1
3797500 2746500  7  1  1  15.7 1016 200  0.7 7  9.2  83    0    0 352 -402  1
3797500 2746500  7  1  2  15.7 1016 241  1.4 6  9.2  83    0    0 350 -402  1
3797500 2746500  7  1  3  15.3 1016 239  1.3 3  9.2  83    0    0 334 -403  1
3797500 2746500  7  1  4  14.9 1016 232  1.1 3  9.0  84    0    0 322 -402  1
3797500 2746500  7  1  5  15.3 1016 218  1.7 6  9.1  85    0    1 333 -401  1
3797500 2746500  7  1  6  15.8 1017 209  2.1 6  9.4  85    0   11 347 -398  1
3797500 2746500  7  1  7  16.0 1017 201  2.2 6  9.6  85   30  118 348 -399  1
3797500 2746500  7  1  8  17.2 1017 233  2.6 6 10.0  85  124  197 353 -407  1
3797500 2746500  7  1  9  18.2 1018 266  2.5 5 10.4  82  221  252 355 -418  1
3797500 2746500  7  1 10  19.7 1018 243  2.8 3 10.3  76  383  263 349 -428  1
3797500 2746500  7  1 11  20.1 1018 253  2.7 5  9.9  69   89  367 353 -437  1
3797500 2746500  7  1 12  20.4 1018 292  2.7 6  9.6  64    2  269 364 -442  1
3797500 2746500  7  1 13  21.2 1018 266  3.9 6  9.2  60   97  395 369 -448  1
3797500 2746500  7  1 14  21.5 1019 317  3.1 6  8.6  54  171  400 371 -454  1
3797500 2746500  7  1 15  21.9 1019 285  4.7 3  8.4  52  244  364 365 -455  1
3797500 2746500  7  1 16  22.9 1019 288  3.6 4  8.3  49  188  318 363 -456  1
3797500 2746500  7  1 17  22.5 1019 287  4.1 3  8.0  46  293  217 364 -451  1
3797500 2746500  7  1 18  21.9 1019 301  3.5 1  7.9  47  234  154 353 -440  1
3797500 2746500  7  1 19  21.8 1019 333  3.0 1  7.8  48  142  106 345 -433  1
3797500 2746500  7  1 20  20.7 1020 331  3.0 2  7.9  50   49   60 345 -428  1
3797500 2746500  7  1 21  19.4 1020 335  1.3 2  7.9  54    4   14 344 -424  1
3797500 2746500  7  1 22  18.6 1020  16  0.4 1  8.0  59    0    0 334 -420  1
3797500 2746500  7  1 23  17.7 1021   5  0.5 1  8.1  63    0    0 326 -416  1
3797500 2746500  7  1 24  16.3 1021 348  0.5 2  8.1  67    0    0 324 -412  1
3797500 2746500  7  2  1  16.1 1022 344  0.0 0  8.1  71    0    0 317 -409  1
3797500 2746500  7  2  2  15.6 1022 350  0.1 0  8.2  73    0    0 307 -405  1
3797500 2746500  7  2  3  15.0 1022 357  0.1 1  8.0  74    0    0 309 -398  1
3797500 2746500  7  2  4  14.6 1022 351  0.0 0  7.8  75    0    0 306 -391  1
3797500 2746500  7  2  5  14.4 1022 300  0.0 2  7.8  76    0    7 309 -386  1
3797500 2746500  7  2  6  16.5 1022 281  0.2 4  8.1  74   34   58 331 -384  1
3797500 2746500  7  2  7  17.4 1022 353  0.7 4  8.8  73   53  118 346 -388  1
3797500 2746500  7  2  8  18.7 1022 329  1.6 4  9.0  70  204  159 350 -398  1
3797500 2746500  7  2  9  19.1 1022 338  1.8 4  8.9  66  218  237 354 -413  1
3797500 2746500  7  2 10  19.0 1022 344  1.6 5  8.8  64  155  320 360 -429  1
3797500 2746500  7  2 11  18.2 1022 341  2.3 7  8.8  66   14  304 373 -444  1
3797500 2746500  7  2 12  18.4 1022   4  1.8 7  8.8  68    6  285 382 -459  1
3797500 2746500  7  2 13  18.8 1022 359  2.8 8  8.9  67   16  314 390 -470  1
3797500 2746500  7  2 14  19.6 1021 351  2.3 7  8.8  64   83  360 393 -477  1
3797500 2746500  7  2 15  20.6 1021 313  2.4 6  8.9  61   66  323 388 -480  1
3797500 2746500  7  2 16  20.8 1021  35  2.5 5  9.0  59   64  288 382 -479  1
3797500 2746500  7  2 17  20.9 1020  31  2.6 6  9.0  59   30  229 382 -475  1
3797500 2746500  7  2 18  20.9 1020 356  2.6 7  9.0  59   17  165 392 -468  1
3797500 2746500  7  2 19  21.0 1020   3  2.3 7  9.0  58    6   98 396 -459  1
3797500 2746500  7  2 20  20.8 1020 352  1.9 7  9.0  59    3   46 394 -448  1
3797500 2746500  7  2 21  20.7 1020  28  2.3 5  9.1  60    0    6 384 -436  1
3797500 2746500  7  2 22  20.1 1020  53  1.5 5  8.9  60    0    0 374 -426  1
3797500 2746500  7  2 23  19.0 1019  27  1.4 5  8.7  62    0    0 370 -417  1
3797500 2746500  7  2 24  18.7 1019  38  1.3 3  8.8  65    0    0 358 -411  1
3797500 2746500  7  3  1  18.0 1019  50  1.8 0  9.0  69    0    0 334 -406  1
3797500 2746500  7  3  2  15.9 1019  92  1.5 0  9.0  75    0    0 316 -401  1
3797500 2746500  7  3  3  15.6 1019  82  1.7 0  8.9  80    0    0 311 -397  1
3797500 2746500  7  3  4  15.6 1018  80  2.0 0  8.9  81    0    0 309 -393  1
3797500 2746500  7  3  5  15.2 1018  87  1.9 1  8.9  82    0    6 311 -391  1
3797500 2746500  7  3  6  16.6 1018  81  1.1 1  9.0  80   35   58 314 -390  1
3797500 2746500  7  3  7  18.4 1018 100  1.3 0  9.4  76  131  102 315 -395  1
3797500 2746500  7  3  8  19.7 1017 103  2.2 0  9.7  70  265  128 316 -407  1
3797500 2746500  7  3  9  21.0 1017 105  2.2 0  9.6  64  413  141 321 -424  1
3797500 2746500  7  3 10  21.3 1017  99  2.5 1  9.3  60  541  149 328 -442  1
3797500 2746500  7  3 11  21.9 1016  47  2.1 1  9.4  58  612  174 335 -460  1
3797500 2746500  7  3 12  22.9 1015  55  2.9 1  9.9  59  655  190 342 -475  1
3797500 2746500  7  3 13  22.8 1015  53  3.3 2 10.0  57  684  185 348 -484  1
3797500 2746500  7  3 14  23.5 1014  15  4.0 2  9.6  54  717  150 352 -487  1
3797500 2746500  7  3 15  24.5 1013  44  3.8 2  9.2  49  680  131 354 -490  1
3797500 2746500  7  3 16  25.1 1012  62  3.7 2  9.1  47  590  119 357 -492  1
3797500 2746500  7  3 17  25.2 1011  50  3.8 1  9.1  45  467  111 355 -486  1
3797500 2746500  7  3 18  25.5 1011  76  3.5 1  8.8  43  335   96 351 -478  1
3797500 2746500  7  3 19  25.3 1010  76  3.8 1  8.6  42  190   80 350 -469  1
3797500 2746500  7  3 20  24.9 1010  76  2.9 2  8.3  42   63   54 349 -457  1
3797500 2746500  7  3 21  22.9 1010 114  2.7 2  7.9  43    5   14 346 -445  1
3797500 2746500  7  3 22  21.9 1010 111  2.5 1  7.7  46    0    0 337 -433  1
3797500 2746500  7  3 23  21.2 1010  97  2.9 1  7.7  48    0    0 331 -424  1
3797500 2746500  7  3 24  20.6 1009  94  2.9 0  7.6  49    0    0 324 -417  1
3797500 2746500  7  4  1  19.6 1009  91  2.4 0  7.4  50    0    0 317 -412  1
3797500 2746500  7  4  2  19.3 1009  83  2.6 0  7.3  51    0    0 315 -407  1
3797500 2746500  7  4  3  18.4 1009  88  2.6 0  7.2  53    0    0 313 -403  1
3797500 2746500  7  4  4  17.6 1009  96  2.3 0  7.2  56    0    0 311 -400  1
3797500 2746500  7  4  5  18.0 1008  92  4.2 0  7.2  56    0    5 311 -397  1
3797500 2746500  7  4  6  18.6 1008  95  3.4 0  7.4  56   31   55 313 -395  1
3797500 2746500  7  4  7  19.9 1008  83  3.9 0  7.6  54  126  100 315 -400  1
3797500 2746500  7  4  8  21.3 1007  92  4.0 0  7.7  50  257  129 319 -411  1
3797500 2746500  7  4  9  22.2 1008 116  5.4 0  7.8  48  401  144 323 -427  1
3797500 2746500  7  4 10  22.9 1007 120  5.7 0  7.7  45  546  140 326 -446  1
3797500 2746500  7  4 11  24.1 1007 129  5.2 0  7.6  42  643  148 332 -465  1
3797500 2746500  7  4 12  24.2 1007  97  5.8 0  7.7  41  741  128 337 -482  1
3797500 2746500  7  4 13  25.1 1007 135  5.5 0  8.0  41  775  122 343 -492  1
3797500 2746500  7  4 14  26.1 1006 154  5.0 0  8.1  39  751  121 348 -495  1
3797500 2746500  7  4 15  26.1 1006 121  6.3 1  8.3  39  648  141 354 -498  1
3797500 2746500  7  4 16  27.0 1005 127  5.0 1  8.5  39  567  124 358 -500  1
3797500 2746500  7  4 17  26.9 1005 131  5.5 1  8.7  39  437  118 359 -498  1
3797500 2746500  7  4 18  27.3 1005 107  4.9 1  8.8  39  266  121 358 -490  1
3797500 2746500  7  4 19  26.6 1005 127  4.6 1  8.5  38  141   93 357 -478  1
3797500 2746500  7  4 20  26.2 1005 104  2.2 0  8.7  40   59   53 352 -465  1
3797500 2746500  7  4 21  24.7 1005 116  1.6 0  9.2  45    5   12 348 -452  1
3797500 2746500  7  4 22  23.7 1005  90  1.9 0  9.6  50    0    0 344 -440  1
3797500 2746500  7  4 23  23.2 1006 100  2.4 0  9.7  53    0    0 343 -430  1
3797500 2746500  7  4 24  22.5 1006  77  2.1 0  9.7  55    0    0 341 -422  1
3797500 2746500  7  5  1  22.2 1006  79  2.3 1  9.8  58    0    0 342 -415  1
3797500 2746500  7  5  2  21.1 1006  80  2.6 1  9.9  61    0    0 342 -410  1
3797500 2746500  7  5  3  20.7 1006  78  3.0 1 10.0  64    0    0 341 -406  1
3797500 2746500  7  5  4  20.6 1006  87  2.7 2  9.9  65    0    0 342 -403  1
3797500 2746500  7  5  5  20.4 1006  89  2.0 1  9.8  65    0    4 340 -400  1
3797500 2746500  7  5  6  21.6 1006  90  2.0 1  9.8  62   30   55 340 -399  1
3797500 2746500  7  5  7  23.0 1006  91  2.9 0  9.9  58  122  103 341 -405  1
3797500 2746500  7  5  8  24.3 1006 117  4.1 0 10.0  54  252  133 343 -417  1
3797500 2746500  7  5  9  25.8 1006 101  3.7 0  9.9  49  394  150 350 -435  1
3797500 2746500  7  5 10  26.2 1006 134  3.5 0  9.7  46  531  152 354 -456  1
3797500 2746500  7  5 11  27.0 1006 126  4.5 0  9.1  42  637  154 355 -479  1
3797500 2746500  7  5 12  27.8 1006 153  4.6 0  9.2  40  737  134 358 -498  1
3797500 2746500  7  5 13  28.3 1006  72  3.4 0  9.4  39  774  125 360 -510  1
3797500 2746500  7  5 14  28.4 1005 164  4.4 0  8.9  37  743  129 365 -518  1
3797500 2746500  7  5 15  29.2 1005 164  3.6 0  8.1  32  695  117 371 -521  1
3797500 2746500  7  5 16  29.5 1005 150  4.0 0  8.0  31  598  110 375 -520  1
3797500 2746500  7  5 17  30.1 1005 176  3.3 2  8.5  32  472  104 382 -514  1
3797500 2746500  7  5 18  29.8 1005 180  2.6 2  8.1  30  305  104 384 -505  1
3797500 2746500  7  5 19  29.0 1004 160  1.9 5  8.0  31  104  107 387 -493  1
3797500 2746500  7  5 20  28.2 1005 158  1.0 5  8.5  34   30   55 391 -481  1
3797500 2746500  7  5 21  27.1 1005 116  1.3 5  8.8  38    5   11 389 -468  1
3797500 2746500  7  5 22  25.7 1005 108  1.3 4  9.3  43    0    0 383 -457  1
3797500 2746500  7  5 23  25.0 1005 106  1.8 4  9.9  48    0    0 379 -447  1
3797500 2746500  7  5 24  24.6 1005  72  1.8 6  9.8  50    0    0 382 -440  1
3797500 2746500  7  6  1  24.2 1005  74  2.8 6  9.9  51    0    0 385 -435  1
3797500 2746500  7  6  2  23.7 1005 101  2.3 6 10.2  54    0    0 383 -430  1
3797500 2746500  7  6  3  23.5 1005  84  2.3 6 10.3  56    0    0 381 -425  1
3797500 2746500  7  6  4  22.9 1005  89  2.0 5 10.1  56    0    0 376 -422  1
3797500 2746500  7  6  5  22.5 1005  78  1.9 7  9.9  57    0    0 376 -421  1
3797500 2746500  7  6  6  23.4 1005  72  2.3 7  9.9  56    0   31 380 -422  1
3797500 2746500  7  6  7  23.6 1005 126  1.4 7 10.2  56    5   94 381 -428  1
3797500 2746500  7  6  8  24.8 1005 139  2.0 4 10.6  56  155  173 375 -435  1
3797500 2746500  7  6  9  26.1 1005 159  3.3 4 10.8  53  310  192 374 -442  1
3797500 2746500  7  6 10  25.7 1005 149  2.7 5 10.5  50  244  294 379 -457  1
3797500 2746500  7  6 11  27.0 1004  94  3.4 6  9.7  45  187  355 384 -480  1
3797500 2746500  7  6 12  27.3 1004 130  3.9 6  9.2  40  170  383 389 -501  1
3797500 2746500  7  6 13  28.4 1004 118  4.1 3  9.2  39  505  280 388 -518  1
3797500 2746500  7  6 14  29.3 1003 223  2.8 2  9.2  37  658  176 387 -528  1
3797500 2746500  7  6 15  29.4 1003 141  5.0 2  9.0  35  593  173 386 -513  1
3797500 2746500  7  6 16  29.5 1002  90  2.9 2  9.0  35  416  209 386 -491  1
3797500 2746500  7  6 17  28.8 1001 130  2.7 5  9.2  36  179  232 390 -478  1
3797500 2746500  7  6 18  28.6 1000 120  2.9 5  9.3  37  143  168 395 -466  1
3797500 2746500  7  6 19  28.5 1000  81  1.1 4  9.5  38  175   81 393 -461  1
3797500 2746500  7  6 20  26.8  999  46  1.0 6  9.2  39   39   53 392 -455  1
3797500 2746500  7  6 21  25.4  999  28  2.1 6  9.4  44    4   10 393 -447  1
3797500 2746500  7  6 22  24.2  998  40  1.6 6 10.0  50    0    0 390 -440  1
3797500 2746500  7  6 23  23.9  998  77  2.1 6 10.3  54    0    0 387 -436  1
3797500 2746500  7  6 24  23.8  998  64  2.1 7 10.7  56    0    0 391 -432  1
3797500 2746500  7  7  1  23.9  998  92  2.3 7 10.8  57    0    0 395 -429  1
3797500 2746500  7  7  2  22.9  997 232  4.5 8 10.9  60    0    0 399 -428  1
3797500 2746500  7  7  3  21.9  996 226  1.8 7 11.3  65    0    0 398 -428  1
3797500 2746500  7  7  4  21.1  996 230  2.8 8 11.9  72    0    0 397 -426  1
3797500 2746500  7  7  5  21.1  996 221  4.2 8 12.5  78    0    0 401 -421  1
3797500 2746500  7  7  6  20.7  997 251  4.0 8 12.8  81    0   32 401 -415  1
3797500 2746500  7  7  7  20.9  997 232  3.3 5 12.8  82   22  117 389 -415  1
3797500 2746500  7  7  8  21.0  997 153  1.4 6 12.9  81   25  186 381 -417  1
3797500 2746500  7  7  9  22.1  998 204  3.7 6 13.0  79   54  268 388 -422  1
3797500 2746500  7  7 10  22.5  998 209  4.3 6 12.6  73   28  301 392 -426  1
3797500 2746500  7  7 11  23.8  998 188  4.7 6 12.1  67   70  366 394 -423  1
3797500 2746500  7  7 12  24.3  998 190  4.7 3 11.6  60  344  388 387 -419  1
3797500 2746500  7  7 13  24.2  998 195  4.7 3 10.9  56  306  410 380 -423  1
3797500 2746500  7  7 14  23.8  998 194  4.4 4 10.3  54  217  411 383 -425  1
3797500 2746500  7  7 15  23.7  999 176  5.0 7  9.9  53   37  319 391 -417  1
3797500 2746500  7  7 16  22.5  999 175  4.6 7  9.5  53    4  222 395 -415  1
3797500 2746500  7  7 17  22.9  999 175  4.5 5  9.6  55   40  245 388 -420  1
3797500 2746500  7  7 18  20.6  999 210  4.9 7 10.0  61    9  156 385 -421  1
3797500 2746500  7  7 19  20.5  999 218  5.0 8 10.1  66    0   74 389 -424  1
3797500 2746500  7  7 20  20.1 1000 210  4.1 7 10.0  66    0   21 389 -423  1
3797500 2746500  7  7 21  19.8 1000 221  4.7 7  9.8  66    0    2 384 -417  1
3797500 2746500  7  7 22  19.5 1001 208  3.6 8 10.0  69    0    0 389 -412  1
3797500 2746500  7  7 23  19.4 1001 188  2.3 8 10.0  70    0    0 391 -410  1
3797500 2746500  7  7 24  19.1 1001 223  4.8 7 10.0  71    0    0 388 -409  1
3797500 2746500  7  8  1  18.5 1000 203  2.3 7 10.5  76    0    0 384 -408  1
3797500 2746500  7  8  2  18.4 1000 221  2.2 7 11.0  82    0    0 384 -406  1
3797500 2746500  7  8  3  18.4 1001 228  2.4 8 11.2  83    0    0 389 -403  1
3797500 2746500  7  8  4  18.5 1000 217  2.5 8 11.2  83    0    0 393 -402  1
3797500 2746500  7  8  5  18.6 1000 217  2.6 8 11.2  82    0    0 393 -402  1
3797500 2746500  7  8  6  18.5 1000 219  3.1 8 11.1  82    0    8 394 -403  1
3797500 2746500  7  8  7  17.8 1001 230  3.5 8 11.0  83    0   21 393 -402  1
3797500 2746500  7  8  8  17.7 1001 231  3.4 8 10.8  84    0   53 392 -402  1
3797500 2746500  7  8  9  17.1 1001 233  4.0 7 10.7  84    0  112 388 -402  1
3797500 2746500  7  8 10  17.1 1001 237  4.5 8 10.4  84    0  126 386 -402  1
3797500 2746500  7  8 11  17.1 1002 228  4.5 8 10.1  82    0  138 390 -401  1
3797500 2746500  7  8 12  17.2 1002 229  4.7 8 10.0  81    0  154 389 -401  1
3797500 2746500  7  8 13  17.3 1002 240  5.1 7 10.1  81    0  157 385 -401  1
3797500 2746500  7  8 14  17.3 1003 228  4.1 7 10.0  80    0  124 382 -401  1
3797500 2746500  7  8 15  16.4 1003 229  4.8 8 10.0  82    0   85 385 -401  1
3797500 2746500  7  8 16  15.8 1004 229  4.1 8 10.2  88    0   83 386 -402  1
3797500 2746500  7  8 17  15.7 1004 219  3.7 8 10.4  92    0   70 384 -402  1
3797500 2746500  7  8 18  16.0 1004 218  3.4 8 10.5  92    0   64 383 -402  1
3797500 2746500  7  8 19  16.3 1004 227  3.9 7 10.7  92    0   69 380 -402  1
3797500 2746500  7  8 20  16.4 1005 229  3.9 8 10.6  90    0   38 379 -402  1
3797500 2746500  7  8 21  16.1 1005 221  3.0 8 10.5  90    0   10 382 -402  1
3797500 2746500  7  8 22  16.4 1005 221  3.4 8 10.6  91    0    0 382 -402  1
3797500 2746500  7  8 23  16.4 1005 225  2.9 8 10.7  90    0    0 381 -402  1
3797500 2746500  7  8 24  16.4 1006 222  3.3 8 10.7  91    0    0 380 -403  1
3797500 2746500  7  9  1  16.3 1006 243  2.9 8 10.7  91    0    0 379 -401  1
3797500 2746500  7  9  2  16.0 1006 242  3.8 8 10.6  92    0    0 379 -398  1
3797500 2746500  7  9  3  15.2 1006 242  3.9 8 10.3  92    0    0 376 -395  1
3797500 2746500  7  9  4  14.5 1006 240  3.0 8  9.9  93    0    0 372 -392  1
3797500 2746500  7  9  5  14.6 1006 221  3.0 8  9.7  92    0    0 371 -389  1
3797500 2746500  7  9  6  14.7 1006 219  3.2 8  9.7  92    0    6 371 -387  1
3797500 2746500  7  9  7  14.5 1007 219  2.7 8  9.7  92    0   19 369 -389  1
3797500 2746500  7  9  8  14.5 1007 218  2.1 7  9.6  92    2  141 363 -393  1
3797500 2746500  7  9  9  15.0 1007 240  2.6 7  9.5  90    6  224 357 -399  1
3797500 2746500  7  9 10  16.2 1007 221  3.1 6  9.7  87   18  310 354 -406  1
3797500 2746500  7  9 11  17.1 1007 253  2.5 7 10.0  84   14  331 357 -414  1
3797500 2746500  7  9 12  18.2 1008 241  2.6 7 10.3  81   12  333 363 -425  1
3797500 2746500  7  9 13  18.7 1008 255  1.9 7 10.5  79   15  352 364 -437  1
3797500 2746500  7  9 14  18.7 1008 242  2.2 6 10.4  77   29  376 361 -445  1
3797500 2746500  7  9 15  20.2 1008 233  1.3 7 10.1  71   34  352 361 -451  1
3797500 2746500  7  9 16  19.1 1008 263  2.2 8  9.9  68    0  174 365 -452  1
3797500 2746500  7  9 17  19.2 1008 264  1.7 7 10.0  71    0  158 360 -450  1
3797500 2746500  7  9 18  19.2 1008 269  1.7 7 10.2  73    0  122 357 -443  1
3797500 2746500  7  9 19  19.1 1007 278  1.6 7 10.1  72    6  108 355 -432  1
3797500 2746500  7  9 20  18.7 1007 256  1.5 7  9.7  70    7   58 354 -419  1
3797500 2746500  7  9 21  17.6 1007 253  0.9 6  9.2  70    1   12 346 -406  1
3797500 2746500  7  9 22  17.0 1008 221  1.4 8  9.0  73    0    0 342 -396  1
3797500 2746500  7  9 23  16.8 1008 236  2.0 7  9.0  74    0    0 339 -391  1
3797500 2746500  7  9 24  16.6 1008 221  1.6 5  9.0  76    0    0 327 -386  1
3797500 2746500  7 10  1  16.4 1008 225  1.4 7  9.0  76    0    0 327 -383  1
3797500 2746500  7 10  2  16.1 1008 214  1.4 7  8.9  77    0    0 335 -381  1
3797500 2746500  7 10  3  15.6 1007 204  1.0 5  8.8  78    0    0 332 -382  1
3797500 2746500  7 10  4  15.3 1007 172  1.0 4  8.9  81    0    0 322 -382  1
3797500 2746500  7 10  5  15.3 1007 164  1.3 6  9.1  83    0    0 326 -382  1
3797500 2746500  7 10  6  15.4 1006 157  1.2 7  9.2  84    0   26 338 -382  1
3797500 2746500  7 10  7  16.5 1006 164  1.7 6  9.4  83    8   95 341 -388  1
3797500 2746500  7 10  8  18.3 1006 174  2.8 5  9.7  77   94  195 339 -398  1
3797500 2746500  7 10  9  19.3 1005 163  2.8 5  9.6  70  245  236 342 -406  1
3797500 2746500  7 10 10  20.5 1005 212  3.5 5  9.7  66  319  283 349 -406  1
3797500 2746500  7 10 11  21.4 1004 177  2.8 6  9.8  62  188  374 361 -406  1
3797500 2746500  7 10 12  23.0 1004 200  4.2 5  9.8  58  282  388 369 -417  1
3797500 2746500  7 10 13  24.0 1003 196  2.8 6  9.4  51  220  407 375 -430  1
3797500 2746500  7 10 14  25.3 1002 214  3.9 7  8.6  44  151  394 385 -424  1
3797500 2746500  7 10 15  24.9 1002 210  4.7 5  7.9  39  254  354 382 -414  1
3797500 2746500  7 10 16  24.8 1001 214  4.2 6  7.8  40   73  299 379 -421  1
3797500 2746500  7 10 17  23.6 1001 216  3.7 7  8.4  44   27  228 385 -427  1
3797500 2746500  7 10 18  22.9 1000 218  2.9 7  8.6  48   21  169 385 -424  1
3797500 2746500  7 10 19  22.2 1000 222  4.0 6  9.1  52   31  114 382 -418  1
3797500 2746500  7 10 20  21.1 1000 225  3.8 7  9.1  56    2   42 382 -410  1
3797500 2746500  7 10 21  19.8 1000 225  3.6 8  9.4  62    0    3 388 -403  1
3797500 2746500  7 10 22  18.6 1000 223  3.3 8  9.5  68    0    0 387 -397  1
3797500 2746500  7 10 23  17.9 1001 195  2.7 7  9.5  71    0    0 383 -393  1
3797500 2746500  7 10 24  17.6 1001 155  2.2 6  9.3  72    0    0 381 -390  1
3797500 2746500  7 11  1  17.7 1008 110  1.8 4  9.0  70    0    0 324 -404  1
3797500 2746500  7 11  2  17.5 1008  78  1.8 3  8.6  67    0    0 326 -398  1
3797500 2746500  7 11  3  17.1 1008  53  1.5 2  8.3  67    0    0 328 -393  1
3797500 2746500  7 11  4  16.6 1008  52  1.5 2  8.4  70    0    0 323 -389  1
3797500 2746500  7 11  5  17.2 1008  56  1.3 2  8.6  70    0    1 316 -386  1
3797500 2746500  7 11  6  16.8 1008  54  1.6 1  8.7  76   18   49 314 -385  1
3797500 2746500  7 11  7  19.2 1008  65  1.2 1  9.5  73  115   97 317 -389  1
3797500 2746500  7 11  8  21.4 1008  95  2.3 1  9.6  64  244  126 323 -400  1
3797500 2746500  7 11  9  23.1 1008 109  2.1 1 10.1  60  398  131 332 -417  1
3797500 2746500  7 11 10  24.1 1008 100  2.5 1 10.5  57  571  109 339 -436  1
3797500 2746500  7 11 11  25.0 1008  74  2.4 1  9.9  51  703   91 344 -455  1
3797500 2746500  7 11 12  25.7 1008  95  2.4 1  9.3  46  694  139 349 -471  1
3797500 2746500  7 11 13  26.6 1007  73  1.9 2  8.7  41  476  278 355 -482  1
3797500 2746500  7 11 14  27.2 1007  35  3.4 3  8.3  37  500  251 364 -489  1
3797500 2746500  7 11 15  26.6 1007 352  0.5 3  8.0  36  344  288 366 -492  1
3797500 2746500  7 11 16  26.0 1007  68  1.4 5  7.7  36   77  288 367 -490  1
3797500 2746500  7 11 17  26.6 1007  37  2.1 5  7.4  34   58  235 370 -484  1
3797500 2746500  7 11 18  26.5 1007  60  2.8 4  7.4  34  106  164 368 -475  1
3797500 2746500  7 11 19  26.7 1006  51  2.2 2  7.4  34  108   99 358 -464  1
3797500 2746500  7 11 20  25.7 1007  56  2.2 2  7.9  37   93   55 352 -451  1
3797500 2746500  7 11 21  24.0 1007  39  2.2 3  8.4  42    0    5 351 -438  1
3797500 2746500  7 11 22  21.8 1007  34  1.9 1  8.2  47    0    0 342 -427  1
3797500 2746500  7 11 23  21.7 1008  65  2.4 0  8.3  50    0    0 330 -418  1
3797500 2746500  7 11 24  20.3 1008  65  1.5 4  8.6  55    0    0 337 -412  1
3797500 2746500  7 12  1  20.5 1008  53  0.9 1  8.5  56    0    0 338 -406  1
3797500 2746500  7 12  2  19.4 1008  62  0.4 0  8.3  57    0    0 323 -401  1
3797500 2746500  7 12  3  18.2 1008 101  2.2 2  8.4  62    0    0 322 -398  1
3797500 2746500  7 12  4  18.0 1008 109  0.7 2  8.2  63    0    0 328 -394  1
3797500 2746500  7 12  5  18.2 1008  43  0.9 2  8.3  63    0    0 328 -392  1
3797500 2746500  7 12  6  17.4 1008  74  1.6 2  8.8  68    7   48 327 -391  1
3797500 2746500  7 12  7  19.5 1008  52  0.8 2  9.4  70   53  124 329 -395  1
3797500 2746500  7 12  8  21.7 1008 190  1.7 4  9.7  64   71  202 344 -406  1
3797500 2746500  7 12  9  21.7 1008 202  0.6 5  9.8  60   73  276 359 -421  1
3797500 2746500  7 12 10  22.9 1009 230  0.7 5 10.2  60  122  343 367 -440  1
3797500 2746500  7 12 11  24.7 1008  73  0.6 4 10.2  55   92  386 370 -458  1
3797500 2746500  7 12 12  25.3 1008 227  1.9 5  9.6  48  140  417 373 -474  1
3797500 2746500  7 12 13  26.0 1008 234  2.2 4  9.7  47  204  423 376 -486  1
3797500 2746500  7 12 14  26.5 1008 191  1.1 5  9.6  45  183  411 376 -492  1
3797500 2746500  7 12 15  26.4 1008 345  2.3 3  9.1  42  398  314 371 -492  1
3797500 2746500  7 12 16  27.5 1008 227  1.6 3  8.8  40  301  294 365 -483  1
3797500 2746500  7 12 17  26.4 1008  26  0.9 3  8.4  38  167  252 364 -478  1
3797500 2746500  7 12 18  27.2 1008  31  1.4 3  8.3  38   86  184 363 -478  1
3797500 2746500  7 12 19  26.9 1008 357  0.7 2  8.8  39   67  122 361 -469  1
3797500 2746500  7 12 20  25.3 1008 275  0.7 5  9.4  44   18   56 366 -456  1
3797500 2746500  7 12 21  23.3 1008 358  0.4 4  9.4  49    2   10 365 -443  1
3797500 2746500  7 12 22  21.9 1009 359  0.2 5  9.0  52    0    0 359 -431  1
3797500 2746500  7 12 23  21.5 1009  28  1.5 5  8.9  54    0    0 360 -422  1
3797500 2746500  7 12 24  21.4 1009  41  1.4 4  9.0  56    0    0 356 -416  1
3797500 2746500  7 13  1  20.0 1009  73  1.6 2  9.1  59    0    0 344 -410  1
3797500 2746500  7 13  2  19.4 1009 303  0.9 2  8.9  62    0    0 333 -406  1
3797500 2746500  7 13  3  18.5 1009  44  0.9 2  9.1  66    0    0 330 -402  1
3797500 2746500  7 13  4  18.1 1009 322  0.9 4  9.6  73    0    0 335 -399  1
3797500 2746500  7 13  5  17.4 1009 117  0.9 4  9.7  76    0    0 339 -396  1
3797500 2746500  7 13  6  18.1 1010 164  0.9 4  9.9  77    0    9 338 -395  1
3797500 2746500  7 13  7  19.3 1010 204  1.4 7 10.6  78    0   56 349 -399  1
3797500 2746500  7 13  8  19.6 1010 176  1.4 7 11.4  80   11  170 361 -411  1
3797500 2746500  7 13  9  20.2 1010 303  1.8 7 11.9  81   94  293 364 -429  1
3797500 2746500  7 13 10  22.0 1010 228  1.2 5 12.0  76  209  356 363 -450  1
3797500 2746500  7 13 11  24.0 1010 251  1.2 4 11.5  65  319  385 360 -469  1
3797500 2746500  7 13 12  25.3 1010 302  1.6 5 10.7  55  359  409 366 -488  1
3797500 2746500  7 13 13  25.9 1009 311  0.7 5 10.1  49  326  431 372 -492  1
3797500 2746500  7 13 14  27.0 1009 271  2.0 4  9.7  45  319  418 371 -494  1
3797500 2746500  7 13 15  26.7 1009 235  1.1 6  9.2  42   31  327 374 -499  1
3797500 2746500  7 13 16  26.0 1009 212  1.7 6  9.0  42   14  261 377 -502  1
3797500 2746500  7 13 17  25.6 1009  95  1.9 4  9.0  43  148  274 368 -502  1
3797500 2746500  7 13 18  25.3 1009  81  3.2 6  9.7  47   16  168 367 -491  1
3797500 2746500  7 13 19  24.4 1009 142  2.1 5 10.3  52   22  121 367 -478  1
3797500 2746500  7 13 20  20.3 1009 101  3.1 6 10.2  60   41   70 358 -464  1
3797500 2746500  7 13 21  20.6 1010 147  1.2 7 10.3  68    4   13 358 -450  1
3797500 2746500  7 13 22  20.2 1010 344  0.8 7 10.4  69    0    0 361 -437  1
3797500 2746500  7 13 23  19.5 1011 303  2.5 7 10.4  71    0    0 358 -428  1
3797500 2746500  7 13 24  19.0 1011 129  3.5 6 10.3  74    0    0 354 -422  1
3797500 2746500  7 14  1  18.0 1011 318  1.4 5 10.3  77    0    0 347 -418  1
3797500 2746500  7 14  2  17.8 1010 141  1.6 5 10.3  80    0    0 342 -414  1
3797500 2746500  7 14  3  17.0 1011 307  0.8 7 10.3  82    0    0 347 -411  1
3797500 2746500  7 14  4  16.7 1011  86  0.6 8 10.2  84    0    0 355 -408  1
3797500 2746500  7 14  5  16.5 1011 127  0.4 7 10.2  86    0    2 355 -406  1
3797500 2746500  7 14  6  16.7 1011 132  0.8 7 10.5  88   19   53 353 -405  1
3797500 2746500  7 14  7  17.9 1011 166  0.4 5 11.3  91   22  113 349 -408  1
3797500 2746500  7 14  8  19.3 1012 234  1.3 5 11.9  88   56  198 346 -419  1
3797500 2746500  7 14  9  20.8 1011 246  1.7 6 12.3  83   41  258 356 -436  1
3797500 2746500  7 14 10  21.7 1011 239  2.3 7 11.8  74   13  274 366 -457  1
3797500 2746500  7 14 11  18.7 1012 241  6.5 8 10.3  69    0  180 368 -478  1
3797500 2746500  7 14 12  16.4 1013 307  3.1 6 10.0  79   26  342 358 -493  1
3797500 2746500  7 14 13  17.1 1013 219  1.2 7 10.7  89    0  252 356 -502  1
3797500 2746500  7 14 14  18.5 1012 341  0.3 7 11.2  88   90  379 366 -505  1
3797500 2746500  7 14 15  20.5 1012 294  1.7 4 11.5  81  590  218 365 -502  1
3797500 2746500  7 14 16  22.0 1011 291  1.5 5 12.3  77  545  182 368 -496  1
3797500 2746500  7 14 17  23.3 1011   0  1.5 4 12.7  73  434  160 373 -491  1
3797500 2746500  7 14 18  24.2 1011   5  0.0 2 11.8  63  274  144 367 -486  1
3797500 2746500  7 14 19  23.9 1011 265  1.7 3 11.2  60  118  113 364 -473  1
3797500 2746500  7 14 20  22.3 1011 299  1.5 7 11.1  62    6   48 376 -457  1
3797500 2746500  7 14 21  21.3 1011 246  1.3 7 10.4  63    0    2 384 -447  1
3797500 2746500  7 14 22  20.2 1011 218  1.2 7  9.8  64    0    0 378 -440  1
3797500 2746500  7 14 23  19.8 1012 283  1.8 7  9.6  65    0    0 374 -433  1
3797500 2746500  7 14 24  19.2 1012 326  1.0 7  9.5  67    0    0 374 -430  1
3797500 2746500  7 15  1  18.6 1012 314  1.8 6  9.5  69    0    0 369 -427  1
3797500 2746500  7 15  2  17.2 1013 353  1.0 7  9.3  72    0    0 365 -424  1
3797500 2746500  7 15  3  16.5 1013 350  0.2 5  9.3  78    0    0 359 -422  1
3797500 2746500  7 15  4  16.2 1013 269  0.9 6  9.3  80    0    0 353 -420  1
3797500 2746500  7 15  5  16.1 1013 356  0.4 4  9.1  79    0    0 349 -418  1
3797500 2746500  7 15  6  15.4 1013 175  0.8 3  9.3  83    3   40 335 -416  1
3797500 2746500  7 15  7  17.0 1014 252  1.3 6 10.2  88   13  101 344 -418  1
3797500 2746500  7 15  8  17.1 1014 214  1.2 6 10.9  89   31  179 361 -423  1
3797500 2746500  7 15  9  18.0 1014 221  2.1 7 11.2  89   17  224 367 -435  1
3797500 2746500  7 15 10  18.7 1014 239  1.9 7 11.2  85   53  311 375 -451  1
3797500 2746500  7 15 11  19.8 1014 298  2.2 6 11.0  78   90  364 372 -464  1
3797500 2746500  7 15 12  21.1 1015 260  3.7 5 10.6  70  188  391 369 -472  1
3797500 2746500  7 15 13  21.9 1015 255  3.2 5 10.2  63  318  370 368 -482  1
3797500 2746500  7 15 14  22.6 1014 239  3.4 4  9.8  59  420  318 366 -491  1
3797500 2746500  7 15 15  23.0 1014 248  4.3 4  9.8  56  395  289 364 -497  1
3797500 2746500  7 15 16  23.5 1014 258  3.5 4  9.7  54  326  260 364 -498  1
3797500 2746500  7 15 17  23.1 1014 262  3.0 2  9.4  53  161  231 356 -494  1
3797500 2746500  7 15 18  23.3 1014 267  2.8 3  9.7  54  115  166 352 -485  1
3797500 2746500  7 15 19  22.1 1014 279  2.6 4  9.8  56  139   97 356 -474  1
3797500 2746500  7 15 20  21.0 1014 271  1.9 5  9.4  58   22   53 357 -462  1
3797500 2746500  7 15 21  19.8 1014 247  1.5 5  9.1  61    3    9 356 -450  1
3797500 2746500  7 15 22  18.9 1014 116  0.6 5  8.9  64    0    0 351 -437  1
3797500 2746500  7 15 23  17.7 1015 180  1.0 5  9.0  68    0    0 347 -429  1
3797500 2746500  7 15 24  17.3 1015 158  1.4 5  9.1  72    0    0 342 -423  1
3797500 2746500  7 16  1  17.3 1014 157  1.7 6  9.0  73    0    0 343 -419  1
3797500 2746500  7 16  2  17.2 1014 157  1.7 4  8.9  72    0    0 337 -415  1
3797500 2746500  7 16  3  16.9 1014 179  2.5 3  9.1  75    0    0 325 -412  1
3797500 2746500  7 16  4  16.7 1013 180  1.6 5  9.5  79    0    0 326 -409  1
3797500 2746500  7 16  5  16.8 1013 160  2.1 6  9.7  81    0    0 333 -408  1
3797500 2746500  7 16  6  17.0 1013 161  1.7 7  9.8  81    0   13 339 -408  1
3797500 2746500  7 16  7  17.0 1012 160  2.5 7  9.9  81    0   38 341 -412  1
3797500 2746500  7 16  8  17.1 1012 179  2.4 8 10.1  82    0   67 344 -421  1
3797500 2746500  7 16  9  17.9 1012 189  2.9 7 10.3  82    9  204 348 -435  1
3797500 2746500  7 16 10  18.8 1012 199  3.6 7 10.7  81   37  290 350 -450  1
3797500 2746500  7 16 11  19.0 1012 241  5.7 7 11.2  81   51  334 354 -465  1
3797500 2746500  7 16 12  17.3 1011 231  4.2 8 11.9  91    0  224 359 -479  1
3797500 2746500  7 16 13  17.5 1011 212  4.3 8 12.3  98    0  171 360 -489  1
3797500 2746500  7 16 14  18.3 1011 200  3.9 8 11.9  92    0  207 363 -495  1
3797500 2746500  7 16 15  20.0 1010 209  3.9 6 11.9  85  103  324 365 -494  1
3797500 2746500  7 16 16  20.6 1010 189  3.6 7 11.9  79   76  282 367 -492  1
3797500 2746500  7 16 17  21.1 1009 226  3.4 7 11.2  72   17  203 371 -485  1
3797500 2746500  7 16 18  21.4 1009 262  4.2 7 10.4  65   17  152 371 -476  1
3797500 2746500  7 16 19  21.4 1009 253  3.0 7  9.9  62   18  102 371 -468  1
3797500 2746500  7 16 20  20.1 1008 289  3.2 7  9.8  64   27   49 368 -458  1
3797500 2746500  7 16 21  19.0 1009 315  2.1 7  9.6  67    4    9 364 -448  1
3797500 2746500  7 16 22  18.1 1009 263  1.3 6  9.1  68    0    0 356 -438  1
3797500 2746500  7 16 23  17.7 1009 276  1.1 6  8.9  69    0    0 348 -430  1
3797500 2746500  7 16 24  17.5 1009 262  1.5 8  9.1  72    0    0 357 -425  1
3797500 2746500  7 17  1  17.2 1009 253  0.9 7  9.4  76    0    0 361 -419  1
3797500 2746500  7 17  2  17.2 1009 239  0.5 8  9.7  79    0    0 360 -415  1
3797500 2746500  7 17  3  17.0 1008 227  0.9 8  9.8  80    0    0 363 -413  1
3797500 2746500  7 17  4  16.7 1008 255  1.6 8  9.9  82    0    0 363 -411  1
3797500 2746500  7 17  5  16.6 1007 233  1.7 8  9.9  83    0    0 362 -409  1
3797500 2746500  7 17  6  16.6 1007 243  1.1 8  9.9  83    0   18 362 -408  1
3797500 2746500  7 17  7  16.7 1007 192  1.9 8 10.0  84    0   47 362 -410  1
3797500 2746500  7 17  8  17.0 1007 213  2.2 8 10.1  84    0   85 363 -416  1
3797500 2746500  7 17  9  17.5 1006 224  2.2 8 10.3  82    0  136 366 -424  1
3797500 2746500  7 17 10  18.5 1006 234  2.5 7 10.3  79   26  234 364 -435  1
3797500 2746500  7 17 11  18.3 1006 239  2.2 7 10.1  76    8  252 363 -448  1
3797500 2746500  7 17 12  18.8 1005 228  2.6 6  9.8  73   14  266 360 -458  1
3797500 2746500  7 17 13  18.9 1005 255  2.5 7  9.6  70    2  249 363 -460  1
3797500 2746500  7 17 14  19.7 1005 291  2.8 7  9.5  67    0  194 372 -458  1
3797500 2746500  7 17 15  19.4 1004 242  2.5 8  9.7  68    0  129 381 -453  1
3797500 2746500  7 17 16  19.6 1004 265  1.0 8 10.5  73    0  138 387 -444  1
3797500 2746500  7 17 17  18.9 1003 302  2.7 7 10.5  74    0  133 381 -437  1
3797500 2746500  7 17 18  16.9 1003 355  0.9 7 10.0  77    0   73 372 -433  1
3797500 2746500  7 17 19  16.2 1003 106  1.6 7  9.9  83    0   50 368 -426  1
3797500 2746500  7 17 20  16.4 1003 290  0.9 7  9.8  84    2   35 368 -417  1
3797500 2746500  7 17 21  16.2 1003 298  0.1 6 10.0  85    4    7 364 -411  1
3797500 2746500  7 17 22  16.1 1003 235  0.0 7 10.2  87    0    0 364 -408  1
3797500 2746500  7 17 23  16.1 1003 283  0.6 8 10.1  87    0    0 373 -404  1
3797500 2746500  7 17 24  15.8 1003  27  0.1 7 10.1  88    0    0 371 -400  1
3797500 2746500  7 18  1  15.6 1003 229  0.4 7  9.8  87    0    0 366 -394  1
3797500 2746500  7 18  2  15.7 1003 302  1.6 8  9.5  84    0    0 369 -389  1
3797500 2746500  7 18  3  15.4 1003 315  1.2 7  9.4  84    0    0 370 -387  1
3797500 2746500  7 18  4  15.3 1002 349  1.5 8  9.5  86    0    0 369 -387  1
3797500 2746500  7 18  5  15.3 1002 279  1.9 8  9.5  86    0    0 373 -388  1
3797500 2746500  7 18  6  15.1 1002 351  1.8 8  9.5  87    0   14 373 -389  1
3797500 2746500  7 18  7  14.9 1002 351  2.2 7  9.7  90    1   76 367 -390  1
3797500 2746500  7 18  8  15.3 1003 337  2.1 8 10.0  92    3  132 365 -393  1
3797500 2746500  7 18  9  15.5 1003 323  2.0 8 10.2  92    6  192 372 -401  1
3797500 2746500  7 18 10  16.4 1003 314  1.8 8 10.4  90    2  223 373 -409  1
3797500 2746500  7 18 11  17.2 1003 340  2.3 8 10.2  84    6  261 377 -413  1
3797500 2746500  7 18 12  18.2 1004 291  2.5 6 10.0  78   89  356 372 -428  1
3797500 2746500  7 18 13  19.6 1004 315  1.2 4 10.3  75  342  310 360 -435  1
3797500 2746500  7 18 14  20.2 1004 348  3.6 5 10.1  69  178  339 359 -432  1
3797500 2746500  7 18 15  21.3 1004 275  2.6 6  9.6  62  147  310 367 -419  1
3797500 2746500  7 18 16  20.3 1004 282  2.3 6  9.7  62   78  272 369 -410  1
3797500 2746500  7 18 17  20.2 1004 261  1.8 6  9.8  66   36  211 367 -417  1
3797500 2746500  7 18 18  19.8 1004 322  2.5 7  9.8  67    0  102 370 -417  1
3797500 2746500  7 18 19  18.4 1005 320  3.3 7 10.3  74    6   85 372 -415  1
3797500 2746500  7 18 20  18.1 1005 294  2.7 7 10.6  80    0   22 370 -411  1
3797500 2746500  7 18 21  17.8 1006 281  2.2 7 10.2  78    0    1 369 -404  1
3797500 2746500  7 18 22  17.6 1007 300  3.4 8 10.2  80    0    0 373 -397  1
3797500 2746500  7 18 23  17.4 1007 354  2.3 8 10.5  83    0    0 377 -393  1
3797500 2746500  7 18 24  17.4 1008  15  2.6 7 10.4  82    0    0 371 -391  1
3797500 2746500  7 19  1  17.5 1008  22  3.8 7 10.2  82    0    0 366 -391  1
3797500 2746500  7 19  2  17.3 1008 352  3.0 7 10.1  81    0    0 366 -391  1
3797500 2746500  7 19  3  17.1 1008  17  4.0 7  9.8  79    0    0 366 -391  1
3797500 2746500  7 19  4  17.0 1009  19  3.4 6  9.7  79    0    0 361 -393  1
3797500 2746500  7 19  5  16.3 1009  15  3.6 5  9.7  81    0    0 350 -392  1
3797500 2746500  7 19  6  16.1 1010  14  3.2 5  9.7  84    2   33 343 -392  1
3797500 2746500  7 19  7  16.2 1011 356  1.7 5 10.0  87   16   97 343 -394  1
3797500 2746500  7 19  8  16.5 1011  30  2.3 6 10.5  90   25  167 348 -400  1
3797500 2746500  7 19  9  17.8 1012  29  3.5 5 10.9  89  154  237 351 -407  1
3797500 2746500  7 19 10  19.3 1012  21  4.3 3 11.1  82  390  205 343 -419  1
3797500 2746500  7 19 11  20.4 1013  39  5.2 4 10.4  72  389  268 342 -435  1
3797500 2746500  7 19 12  21.1 1013   1  3.7 4  9.4  62  396  300 349 -449  1
3797500 2746500  7 19 13  21.7 1013  15  3.4 4  8.9  56  312  344 351 -460  1
3797500 2746500  7 19 14  22.7 1013 355  3.3 3  8.5  51  462  263 350 -469  1
3797500 2746500  7 19 15  23.1 1013 344  3.2 2  8.5  49  615  135 345 -473  1
3797500 2746500  7 19 16  22.2 1013 331  4.6 2  9.1  53  450  168 342 -469  1
3797500 2746500  7 19 17  21.6 1013 349  5.0 6  9.1  55   96  226 352 -463  1
3797500 2746500  7 19 18  20.4 1013  31  4.9 8  8.6  55    2  124 367 -457  1
3797500 2746500  7 19 19  20.5 1014  22  2.7 4  8.3  55   38  104 358 -448  1
3797500 2746500  7 19 20  20.3 1014 353  2.1 2  8.1  54   53   44 335 -436  1
3797500 2746500  7 19 21  18.7 1015 354  1.2 2  8.0  56    2    9 324 -425  1
3797500 2746500  7 19 22  17.7 1015 354  2.0 2  7.9  61    0    0 320 -414  1
3797500 2746500  7 19 23  17.0 1015   7  1.9 2  7.7  62    0    0 315 -406  1
3797500 2746500  7 19 24  16.7 1016  33  2.5 3  7.4  62    0    0 317 -399  1
3797500 2746500  7 20  1  16.4 1016 345  1.0 3  7.4  63    0    0 321 -394  1
3797500 2746500  7 20  2  15.6 1015 349  1.1 4  7.5  66    0    0 325 -392  1
3797500 2746500  7 20  3  15.5 1015 348  1.1 5  7.5  68    0    0 331 -391  1
3797500 2746500  7 20  4  15.2 1015 339  1.2 6  7.7  71    0    0 339 -392  1
3797500 2746500  7 20  5  14.9 1015 348  0.3 6  8.0  75    0    0 343 -392  1
3797500 2746500  7 20  6  14.3 1015 321  1.2 5  8.1  78    0   33 337 -392  1
3797500 2746500  7 20  7  15.3 1015  23  2.1 6  8.6  82    4   85 338 -394  1
3797500 2746500  7 20  8  15.5 1016  16  2.0 6  9.4  86   11  156 345 -397  1
3797500 2746500  7 20  9  15.3 1016 351  2.2 7  9.5  87    0  169 351 -404  1
3797500 2746500  7 20 10  16.5 1016  11  1.8 6 10.2  90   89  324 353 -415  1
3797500 2746500  7 20 11  17.8 1016  10  2.2 6 10.3  84  244  356 355 -423  1
3797500 2746500  7 20 12  19.5 1016  14  2.3 4  9.2  68  419  322 351 -435  1
3797500 2746500  7 20 13  20.7 1015 352  2.8 3  8.8  60  585  247 346 -450  1
3797500 2746500  7 20 14  21.2 1015   4  3.0 4  9.0  58  332  355 351 -457  1
3797500 2746500  7 20 15  22.5 1014 354  2.4 5  8.7  53  247  341 359 -462  1
3797500 2746500  7 20 16  22.0 1013  26  3.5 5  9.0  53  108  302 362 -462  1
3797500 2746500  7 20 17  15.7 1014 357  2.2 8  9.4  69    0  159 360 -460  1
3797500 2746500  7 20 18  17.6 1014  18  1.1 6  8.8  74   44  171 356 -453  1
3797500 2746500  7 20 19  19.4 1014 273  1.8 4  8.7  66  101  106 346 -443  1
3797500 2746500  7 20 20  18.4 1014 205  1.4 6  9.0  68   29   50 349 -434  1
3797500 2746500  7 20 21  18.1 1014 244  1.4 6  9.0  69    0    4 354 -426  1
3797500 2746500  7 20 22  17.5 1014 236  1.1 7  9.1  71    0    0 360 -418  1
3797500 2746500  7 20 23  17.7 1014 257  1.0 7  9.3  72    0    0 367 -413  1
3797500 2746500  7 20 24  18.1 1014 275  1.0 7  9.7  72    0    0 356 -411  1
3797500 2746500  7 21  1  18.7 1008 282  1.0 6 10.1  72    0    0 367 -432  1
3797500 2746500  7 21  2  19.1 1008 232  1.0 6 10.4  73    0    0 377 -429  1
3797500 2746500  7 21  3  19.2 1009 214  1.0 5 10.7  74    0    0 375 -427  1
3797500 2746500  7 21  4  18.7 1008 184  0.7 5 10.7  78    0    0 363 -426  1
3797500 2746500  7 21  5  19.1 1008 181  0.8 4 10.8  78    0    0 356 -424  1
3797500 2746500  7 21  6  18.4 1008 113  0.5 4 10.8  82    6   38 355 -423  1
3797500 2746500  7 21  7  20.2 1009  10  0.5 1 11.2  79   68  105 349 -425  1
3797500 2746500  7 21  8  21.6 1009 131  0.7 3 11.4  73   95  172 351 -431  1
3797500 2746500  7 21  9  22.6 1009  73  1.1 5 10.5  63  114  243 370 -445  1
3797500 2746500  7 21 10  23.8 1009  27  1.5 6  9.8  55  244  286 384 -464  1
3797500 2746500  7 21 11  24.8 1009  42  1.5 6  9.6  50  448  261 393 -483  1
3797500 2746500  7 21 12  26.2 1009 192  1.8 6  9.4  46  492  279 399 -496  1
3797500 2746500  7 21 13  27.5 1008 125  1.6 5  9.9  45  368  335 404 -505  1
3797500 2746500  7 21 14  27.7 1008  73  0.6 3 10.1  44  311  346 399 -518  1
3797500 2746500  7 21 15  27.2 1008 138  1.0 5 10.1  44  131  341 398 -523  1
3797500 2746500  7 21 16  24.1 1008 155  5.2 7 10.3  50   21  240 401 -522  1
3797500 2746500  7 21 17  23.1 1008 102  1.7 2 11.5  63  186  231 386 -518  1
3797500 2746500  7 21 18  24.2 1008 109  1.6 6 13.2  71    2  116 383 -504  1
3797500 2746500  7 21 19  23.4 1008 110  2.5 7 12.8  69    1   70 395 -489  1
3797500 2746500  7 21 20  22.4 1008 128  2.1 6 12.1  69    7   39 391 -478  1
3797500 2746500  7 21 21  21.7 1008  72  1.3 6 12.3  74    0    4 384 -463  1
3797500 2746500  7 21 22  21.5 1009 191  1.8 7 12.5  76    0    0 386 -450  1
3797500 2746500  7 21 23  21.0 1009 355  0.7 7 12.6  79    0    0 389 -444  1
3797500 2746500  7 21 24  21.1 1009 249  1.9 4 12.6  80    0    0 378 -441  1
3797500 2746500  7 22  1  20.1 1010 125  1.2 7 12.5  81    0    0 377 -439  1
3797500 2746500  7 22  2  20.3 1009 299  0.9 6 12.7  85    0    0 382 -435  1
3797500 2746500  7 22  3  19.9 1009 284  1.2 5 12.8  86    0    0 375 -433  1
3797500 2746500  7 22  4  19.7 1009  18  0.6 4 12.8  87    0    0 366 -428  1
3797500 2746500  7 22  5  19.5 1010  20  1.7 6 12.5  87    0    0 367 -424  1
3797500 2746500  7 22  6  19.4 1011 287  1.3 6 12.3  86    0   13 371 -419  1
3797500 2746500  7 22  7  19.3 1011   7  1.8 7 11.6  82    9   83 370 -417  1
3797500 2746500  7 22  8  20.3 1011 319  1.8 4 10.8  74  106  174 364 -423  1
3797500 2746500  7 22  9  20.7 1012 269  2.2 4 10.4  69  160  242 357 -434  1
3797500 2746500  7 22 10  22.0 1012 250  2.6 4 10.3  64  150  308 362 -447  1
3797500 2746500  7 22 11  22.7 1013 257  2.3 2  9.7  58  424  279 361 -461  1
3797500 2746500  7 22 12  23.0 1013 282  2.1 2  9.0  52  483  290 359 -475  1
3797500 2746500  7 22 13  23.8 1013 273  2.3 3  8.9  49  283  367 363 -488  1
3797500 2746500  7 22 14  24.8 1013 234  1.8 2  8.6  45  255  365 366 -497  1
3797500 2746500  7 22 15  25.0 1012 266  4.1 4  8.3  42  256  341 367 -501  1
3797500 2746500  7 22 16  25.5 1012 247  3.2 5  8.3  41  151  302 374 -502  1
3797500 2746500  7 22 17  26.0 1012 258  2.9 3  8.4  40  172  238 372 -500  1
3797500 2746500  7 22 18  24.5 1012 317  2.8 2  8.5  42  202  151 363 -491  1
3797500 2746500  7 22 19  24.6 1012 356  2.5 2  8.6  44   81  107 358 -477  1
3797500 2746500  7 22 20  23.5 1012 356  1.9 2  8.9  48   29   48 355 -464  1
3797500 2746500  7 22 21  21.9 1012  26  1.6 2  9.0  52    0    6 349 -452  1
3797500 2746500  7 22 22  21.6 1012  13  1.2 3  9.2  56    0    0 347 -444  1
3797500 2746500  7 22 23  20.8 1013  11  1.5 3  9.3  59    0    0 349 -440  1
3797500 2746500  7 22 24  19.8 1013  48  0.6 3  9.2  62    0    0 346 -436  1
3797500 2746500  7 23  1  19.5 1013 115  1.1 3  9.3  65    0    0 344 -431  1
3797500 2746500  7 23  2  19.7 1013  96  1.2 4  9.6  67    0    0 348 -426  1
3797500 2746500  7 23  3  19.7 1012 118  1.1 6  9.7  68    0    0 359 -421  1
3797500 2746500  7 23  4  19.3 1012  98  1.5 6  9.6  67    0    0 364 -416  1
3797500 2746500  7 23  5  19.2 1012 112  1.0 5  9.3  66    0    0 359 -410  1
3797500 2746500  7 23  6  19.3 1012 113  0.9 5  9.4  67    2   30 357 -407  1
3797500 2746500  7 23  7  21.0 1012 194  0.4 5 10.0  68   26   88 360 -409  1
3797500 2746500  7 23  8  21.8 1012 218  0.8 5 10.6  66   49  152 366 -418  1
3797500 2746500  7 23  9  22.9 1012 220  2.4 2 10.2  60  237  181 359 -432  1
3797500 2746500  7 23 10  24.5 1012 220  1.7 4  9.9  54  291  227 361 -447  1
3797500 2746500  7 23 11  24.2 1012 238  2.6 5  9.5  50  190  311 374 -464  1
3797500 2746500  7 23 12  23.9 1012 259  2.0 7  9.2  49   36  302 382 -478  1
3797500 2746500  7 23 13  23.9 1011 222  1.9 8  9.2  50    0  215 388 -491  1
3797500 2746500  7 23 14  25.5 1011 343  1.3 6  8.7  45  197  319 385 -499  1
3797500 2746500  7 23 15  25.6 1010 276  3.6 5  8.1  40  242  295 378 -499  1
3797500 2746500  7 23 16  25.4 1010 271  1.9 5  7.8  38  183  260 372 -494  1
3797500 2746500  7 23 17  25.7 1010 239  1.4 6  7.9  38   96  213 374 -492  1
3797500 2746500  7 23 18  26.1 1010 285  1.4 5  7.9  38   87  151 373 -488  1
3797500 2746500  7 23 19  24.5 1009 358  1.3 5  8.3  41   37   91 368 -479  1
3797500 2746500  7 23 20  23.8 1009  15  1.3 7  8.9  47   16   38 367 -468  1
3797500 2746500  7 23 21  22.7 1009  87  1.3 8  9.1  51    2    7 369 -455  1
3797500 2746500  7 23 22  22.6 1009  77  1.7 6  9.1  53    0    0 365 -445  1
3797500 2746500  7 23 23  20.5 1009 100  1.7 6  9.3  58    0    0 360 -440  1
3797500 2746500  7 23 24  20.2 1009 105  1.8 6  9.5  64    0    0 360 -436  1
3797500 2746500  7 24  1  19.9 1009 305  1.8 6  9.8  66    0    0 363 -434  1
3797500 2746500  7 24  2  19.1 1008  40  1.3 6 10.1  70    0    0 365 -433  1
3797500 2746500  7 24  3  18.5 1008  68  1.0 6 10.6  77    0    0 364 -431  1
3797500 2746500  7 24  4  18.8 1007 339  1.4 4 11.2  82    0    0 359 -429  1
3797500 2746500  7 24  5  18.2 1007 233  1.7 6 11.2  84    0    0 360 -428  1
3797500 2746500  7 24  6  17.9 1007 176  1.0 6 11.1  85    1   29 364 -427  1
3797500 2746500  7 24  7  18.9 1007 130  0.6 5 11.5  86    1   65 364 -428  1
3797500 2746500  7 24  8  19.6 1007 240  0.9 6 11.8  84   12  145 367 -433  1
3797500 2746500  7 24  9  20.8 1007 190  1.6 5 11.8  79   84  256 373 -439  1
3797500 2746500  7 24 10  20.2 1007 179  1.7 7 11.8  77   10  241 377 -448  1
3797500 2746500  7 24 11  21.1 1007 211  1.2 7 11.8  76   23  303 385 -460  1
3797500 2746500  7 24 12  22.5 1007 184  1.2 6 11.6  70  152  414 390 -470  1
3797500 2746500  7 24 13  24.3 1007 218  1.5 6 10.8  59  287  405 393 -475  1
3797500 2746500  7 24 14  24.0 1006 230  2.1 6  9.5  50  254  404 394 -473  1
3797500 2746500  7 24 15  23.6 1006 247  3.6 6  9.1  49   66  337 391 -464  1
3797500 2746500  7 24 16  22.5 1006 252  3.7 6  9.3  52   27  257 387 -449  1
3797500 2746500  7 24 17  18.7 1006 241  2.7 8 10.3  67    0   93 384 -445  1
3797500 2746500  7 24 18  20.3 1007 248  1.3 7 11.2  78    0   92 384 -450  1
3797500 2746500  7 24 19  20.0 1007 230  1.7 6 11.3  76   25  105 379 -449  1
3797500 2746500  7 24 20  18.1 1007 245  1.8 6 11.0  79    6   40 370 -444  1
3797500 2746500  7 24 21  17.7 1008 191  0.9 5 10.7  82    1    8 361 -438  1
3797500 2746500  7 24 22  17.6 1008 233  0.9 6 10.8  85    0    0 360 -434  1
3797500 2746500  7 24 23  17.4 1008 188  0.7 6 10.8  85    0    0 362 -430  1
3797500 2746500  7 24 24  17.7 1008 188  1.3 4 10.8  85    0    0 354 -426  1
3797500 2746500  7 25  1  17.5 1008 182  1.3 2 10.8  85    0    0 341 -423  1
3797500 2746500  7 25  2  17.0 1008 213  1.8 2 10.5  85    0    0 335 -418  1
3797500 2746500  7 25  3  16.4 1008 220  2.8 1  9.9  83    0    0 328 -411  1
3797500 2746500  7 25  4  16.0 1009 206  2.0 1  9.5  82    0    0 324 -406  1
3797500 2746500  7 25  5  15.8 1008 210  1.8 3  9.2  81    0    0 330 -402  1
3797500 2746500  7 25  6  15.7 1008 172  1.4 3  9.0  80   12   37 334 -399  1
3797500 2746500  7 25  7  17.2 1008 209  2.8 4  9.1  78   94   83 338 -401  1
3797500 2746500  7 25  8  18.1 1008 208  2.8 4  9.2  73  177  131 343 -409  1
3797500 2746500  7 25  9  19.1 1008 211  3.2 4  9.0  67  258  177 346 -420  1
3797500 2746500  7 25 10  20.4 1008 181  2.6 5  8.9  61  454  150 353 -433  1
3797500 2746500  7 25 11  21.8 1008 192  2.9 5  8.9  57  564  147 363 -447  1
3797500 2746500  7 25 12  23.2 1007 213  3.4 5  8.9  52  370  279 370 -457  1
3797500 2746500  7 25 13  22.9 1007 171  3.5 6  8.9  50  198  324 376 -461  1
3797500 2746500  7 25 14  24.2 1006 176  4.0 5  9.0  49  203  321 380 -465  1
3797500 2746500  7 25 15  24.9 1005 148  3.4 6  8.8  46  198  308 383 -471  1
3797500 2746500  7 25 16  24.8 1004 147  3.0 7  8.7  44   65  255 390 -468  1
3797500 2746500  7 25 17  24.7 1004 154  2.6 8  8.9  45   16  184 397 -463  1
3797500 2746500  7 25 18  24.8 1003 204  2.0 7  8.8  45    0  100 398 -458  1
3797500 2746500  7 25 19  24.4 1003 240  1.4 6  8.6  44    3   74 394 -451  1
3797500 2746500  7 25 20  22.2 1003 215  2.1 8  9.1  50    0   13 394 -447  1
3797500 2746500  7 25 21  21.0 1003 231  1.4 8  9.6  59    0    0 396 -443  1
3797500 2746500  7 25 22  20.1 1003 211  1.3 8 10.0  65    0    0 394 -439  1
3797500 2746500  7 25 23  19.5 1003 176  1.3 8 10.5  72    0    0 393 -435  1
3797500 2746500  7 25 24  20.5 1003 184  1.6 8 10.4  70    0    0 396 -427  1
3797500 2746500  7 26  1  18.6 1003 227  3.3 8 10.5  73    0    0 396 -419  1
3797500 2746500  7 26  2  18.4 1003 152  1.9 8 11.0  81    0    0 395 -413  1
3797500 2746500  7 26  3  18.2 1003 180  2.5 8 11.1  83    0    0 395 -411  1
3797500 2746500  7 26  4  18.7 1002 212  1.8 8 11.1  82    0    0 397 -412  1
3797500 2746500  7 26  5  18.4 1002 213  1.8 8 11.1  82    0    0 398 -413  1
3797500 2746500  7 26  6  18.0 1003 211  1.9 8 11.1  84    7   34 397 -414  1
3797500 2746500  7 26  7  18.2 1003 222  2.8 5 11.2  85   18   86 381 -416  1
3797500 2746500  7 26  8  18.7 1004 238  2.8 5 11.0  82   77  161 366 -419  1
3797500 2746500  7 26  9  19.4 1004 230  3.0 5 10.6  76  150  219 370 -424  1
3797500 2746500  7 26 10  19.6 1005 249  3.6 4 10.2  71  210  270 369 -433  1
3797500 2746500  7 26 11  20.4 1004 223  2.9 5  9.8  66  184  317 372 -446  1
3797500 2746500  7 26 12  21.5 1005 241  3.1 5  9.5  61  345  304 378 -460  1
3797500 2746500  7 26 13  22.5 1005 273  3.4 5  9.3  56  226  329 382 -472  1
3797500 2746500  7 26 14  22.9 1005 271  1.7 5  8.9  51  257  329 383 -480  1
3797500 2746500  7 26 15  23.4 1004 184  1.0 5  8.4  47  274  304 382 -478  1
3797500 2746500  7 26 16  23.1 1004 174  0.4 5  8.3  46   96  261 382 -470  1
3797500 2746500  7 26 17  22.6 1004 167  1.5 7  8.6  49    0   99 387 -463  1
3797500 2746500  7 26 18  22.2 1004 207  1.3 8  9.1  53    0   55 395 -453  1
3797500 2746500  7 26 19  21.9 1004 131  0.9 7  9.5  57    0   29 395 -448  1
3797500 2746500  7 26 20  21.4 1003 169  2.1 8  9.9  60    0   17 393 -440  1
3797500 2746500  7 26 21  19.9 1003 189  2.5 8 10.6  68    0    4 394 -429  1
3797500 2746500  7 26 22  18.8 1003 133  1.4 8 11.3  79    0    0 391 -422  1
3797500 2746500  7 26 23  18.7 1002 144  2.7 8 11.8  86    0    0 390 -417  1
3797500 2746500  7 26 24  19.6 1002 169  3.0 8 12.2  87    0    0 394 -414  1
3797500 2746500  7 27  1  19.8 1001 168  3.0 7 12.7  87    0    0 395 -413  1
3797500 2746500  7 27  2  20.3 1001 170  1.9 7 13.1  87    0    0 394 -413  1
3797500 2746500  7 27  3  20.4 1000 171  2.0 8 13.1  86    0    0 400 -413  1
3797500 2746500  7 27  4  20.5 1000 170  3.2 8 13.1  86    0    0 405 -413  1
3797500 2746500  7 27  5  20.1  999 201  3.7 8 13.0  86    0    0 405 -412  1
3797500 2746500  7 27  6  19.3 1000 219  3.2 8 12.9  88    0    8 403 -412  1
3797500 2746500  7 27  7  19.3 1000 208  2.8 8 12.8  90    0   27 401 -412  1
3797500 2746500  7 27  8  19.2 1000 213  2.6 7 12.7  89   10  120 397 -414  1
3797500 2746500  7 27  9  20.5 1001 220  3.8 6 12.5  85   95  188 393 -420  1
3797500 2746500  7 27 10  20.8 1001 232  4.0 6 12.3  79   40  241 394 -428  1
3797500 2746500  7 27 11  21.9 1002 234  4.1 6 12.0  74  127  246 396 -436  1
3797500 2746500  7 27 12  22.3 1002 224  5.0 6 11.7  69  175  285 397 -443  1
3797500 2746500  7 27 13  23.5 1002 251  6.3 5 10.9  62  211  269 394 -450  1
3797500 2746500  7 27 14  23.0 1003 246  5.0 5 10.4  58  201  269 390 -459  1
3797500 2746500  7 27 15  23.1 1003 256  5.0 5 10.5  59  103  265 385 -466  1
3797500 2746500  7 27 16  23.6 1004 230  4.6 4 10.3  57  321  142 379 -469  1
3797500 2746500  7 27 17  23.3 1004 264  3.4 5 10.0  55  258  124 376 -467  1
3797500 2746500  7 27 18  22.9 1004 265  3.1 4 10.2  57  149  105 373 -462  1
3797500 2746500  7 27 19  22.3 1005 291  1.4 6 10.4  60   33   78 376 -452  1
3797500 2746500  7 27 20  21.5 1005 300  0.6 7 10.4  62    6   30 386 -440  1
3797500 2746500  7 27 21  20.8 1006 300  0.6 6 10.1  64    0    5 382 -428  1
3797500 2746500  7 27 22  19.9 1007 321  0.3 7 10.1  67    0    0 377 -420  1
3797500 2746500  7 27 23  19.5 1008 310  0.5 7 10.2  70    0    0 379 -416  1
3797500 2746500  7 27 24  18.1 1008 255  0.2 5 10.5  77    0    0 368 -412  1
3797500 2746500  7 28  1  17.7 1009 239  1.7 6 10.8  83    0    0 360 -409  1
3797500 2746500  7 28  2  17.1 1010 231  0.9 4 10.7  86    0    0 354 -406  1
3797500 2746500  7 28  3  17.3 1010 240  1.6 4 10.7  86    0    0 345 -401  1
3797500 2746500  7 28  4  17.2 1011 222  1.8 6 10.7  86    0    0 351 -397  1
3797500 2746500  7 28  5  16.6 1011 244  2.2 6 10.4  86    0    0 357 -394  1
3797500 2746500  7 28  6  15.6 1012 250  3.0 5  9.7  85    0   22 349 -393  1
3797500 2746500  7 28  7  15.8 1012 221  1.6 4  9.1  82   13   88 339 -396  1
3797500 2746500  7 28  8  15.6 1013 215  1.7 5  9.0  81    8  132 339 -401  1
3797500 2746500  7 28  9  16.6 1013 249  2.7 7  9.3  82   22  210 353 -409  1
3797500 2746500  7 28 10  17.7 1014 178  3.1 7  9.7  79  105  306 365 -420  1
3797500 2746500  7 28 11  18.7 1014 241  2.6 6  9.7  74  250  341 367 -428  1
3797500 2746500  7 28 12  20.2 1014 248  3.2 5  9.2  65  271  365 363 -440  1
3797500 2746500  7 28 13  21.0 1014 241  2.5 6  8.9  59  164  369 364 -454  1
3797500 2746500  7 28 14  22.2 1015 207  2.2 6  8.4  52  137  367 368 -466  1
3797500 2746500  7 28 15  23.0 1015 222  2.9 5  7.5  44  195  353 364 -475  1
3797500 2746500  7 28 16  22.7 1015 237  2.1 4  7.3  42  275  279 357 -476  1
3797500 2746500  7 28 17  22.3 1015 296  1.6 4  7.8  46  274  204 353 -470  1
3797500 2746500  7 28 18  23.0 1015 270  2.1 4  7.8  46  131  170 354 -464  1
3797500 2746500  7 28 19  22.9 1015 297  1.2 3  7.6  43   62  104 351 -455  1
3797500 2746500  7 28 20  21.3 1015 360  1.8 3  7.7  47   17   41 346 -441  1
3797500 2746500  7 28 21  19.5 1016  18  0.6 4  8.1  54    0    5 345 -427  1
3797500 2746500  7 28 22  18.5 1016  42  1.0 4  8.2  60    0    0 344 -417  1
3797500 2746500  7 28 23  17.7 1017 120  0.8 4  8.2  63    0    0 341 -411  1
3797500 2746500  7 28 24  17.4 1017 106  1.1 4  8.3  66    0    0 340 -406  1
3797500 2746500  7 29  1  16.7 1018 102  1.0 4  8.3  69    0    0 339 -401  1
3797500 2746500  7 29  2  16.8 1018  96  1.1 3  8.2  69    0    0 335 -397  1
3797500 2746500  7 29  3  15.6 1018 106  1.2 6  8.2  72    0    0 343 -394  1
3797500 2746500  7 29  4  16.2 1018 116  1.1 5  8.3  74    0    0 352 -391  1
3797500 2746500  7 29  5  15.2 1018 177  1.7 4  8.3  75    0    0 342 -387  1
3797500 2746500  7 29  6  16.1 1018 169  1.9 3  8.4  76    4   31 333 -384  1
3797500 2746500  7 29  7  18.1 1018 179  1.5 1  8.6  71   64   94 322 -385  1
3797500 2746500  7 29  8  20.1 1018 180  1.9 1  8.9  65  173  142 319 -393  1
3797500 2746500  7 29  9  21.5 1018 189  2.3 1  8.8  58  309  165 326 -408  1
3797500 2746500  7 29 10  22.8 1018 217  2.9 2  8.2  50  432  180 336 -426  1
3797500 2746500  7 29 11  23.7 1018 200  2.2 2  7.7  44  590  153 346 -443  1
3797500 2746500  7 29 12  24.1 1018 209  2.0 3  7.3  40  556  216 354 -459  1
3797500 2746500  7 29 13  25.0 1017 202  1.6 2  6.8  36  522  235 356 -471  1
3797500 2746500  7 29 14  24.8 1017 201  2.1 2  6.5  33  405  285 354 -478  1
3797500 2746500  7 29 15  24.7 1016 193  2.0 4  6.3  32  262  314 361 -480  1
3797500 2746500  7 29 16  25.6 1016 268  1.6 5  6.5  33  152  269 376 -479  1
3797500 2746500  7 29 17  25.7 1016 189  2.0 3  6.8  33  254  191 374 -477  1
3797500 2746500  7 29 18  25.9 1015 224  1.3 2  6.6  32  264  103 362 -469  1
3797500 2746500  7 29 19  25.8 1015 196  0.9 2  6.7  32   78   94 358 -459  1
3797500 2746500  7 29 20  23.9 1014 126  0.8 4  7.4  38   20   39 363 -450  1
3797500 2746500  7 29 21  22.8 1014 105  1.2 5  7.9  44    0    5 368 -440  1
3797500 2746500  7 29 22  21.5 1015 112  1.5 3  7.8  47    0    0 358 -433  1
3797500 2746500  7 29 23  20.8 1014 160  2.0 3  7.9  50    0    0 347 -428  1
3797500 2746500  7 29 24  20.4 1014 161  1.8 1  7.7  51    0    0 338 -423  1
3797500 2746500  7 30  1  20.8 1014 192  3.5 1  7.4  49    0    0 330 -417  1
3797500 2746500  7 30  2  20.7 1013 178  3.1 1  7.3  48    0    0 331 -416  1
3797500 2746500  7 30  3  20.4 1013 182  2.5 3  7.2  48    0    0 338 -413  1
3797500 2746500  7 30  4  20.5 1012 194  2.6 5  7.3  49    0    0 352 -410  1
3797500 2746500  7 30  5  20.4 1012 177  2.6 5  7.5  50    0    0 361 -409  1
3797500 2746500  7 30  6  20.5 1011 167  2.2 7  7.7  51    0    4 368 -409  1
3797500 2746500  7 30  7  20.6 1011 164  2.6 8  7.9  52    0   27 381 -412  1
3797500 2746500  7 30  8  20.1 1011 235  1.9 7  8.3  55    0   70 382 -415  1
3797500 2746500  7 30  9  18.1 1011 170  2.1 8  9.2  66    0   80 381 -417  1
3797500 2746500  7 30 10  18.7 1011 161  3.0 7 10.0  76    0  154 382 -418  1
3797500 2746500  7 30 11  18.7 1011 156  3.0 8 10.4  77    0  128 385 -420  1
3797500 2746500  7 30 12  18.8 1010 212  2.9 8 10.6  78    0  135 389 -428  1
3797500 2746500  7 30 13  20.5 1010 166  3.7 6 10.8  75    1  247 387 -435  1
3797500 2746500  7 30 14  22.0 1010 164  3.8 5 10.9  69  130  436 385 -438  1
3797500 2746500  7 30 15  22.4 1010 152  3.7 5 11.1  66   68  375 385 -454  1
3797500 2746500  7 30 16  23.1 1009 112  3.3 4 11.2  64  152  367 382 -470  1
3797500 2746500  7 30 17  21.4 1009 197  3.2 7 11.1  65   18  219 383 -473  1
3797500 2746500  7 30 18  20.4 1009 167  1.7 8 11.6  74    0   37 390 -467  1
3797500 2746500  7 30 19  20.8 1009 203  1.6 8 11.9  78    0   45 390 -458  1
3797500 2746500  7 30 20  20.0 1009 193  1.3 7 11.8  79    2   37 385 -446  1
3797500 2746500  7 30 21  19.4 1009 185  1.1 6 11.8  81    0    3 378 -438  1
3797500 2746500  7 30 22  18.8 1009 164  0.9 5 11.7  84    0    0 368 -432  1
3797500 2746500  7 30 23  19.0 1009 139  1.1 4 10.9  78    0    0 353 -428  1
3797500 2746500  7 30 24  19.4 1010 119  1.5 3 10.0  71    0    0 339 -422  1
3797500 2746500  7 31  1  20.2 1009 109  1.7 3  8.9  61    0    0 328 -418  1
3797500 2746500  7 31  2  20.5 1009  92  1.7 3  8.1  53    0    0 332 -416  1
3797500 2746500  7 31  3  20.6 1009  79  1.5 3  7.5  48    0    0 333 -412  1
3797500 2746500  7 31  4  20.0 1009  64  1.1 3  7.5  50    0    0 330 -410  1
3797500 2746500  7 31  5  20.3 1009  73  1.0 2  7.5  51    0    0 325 -407  1
3797500 2746500  7 31  6  19.1 1009  49  1.4 3  7.5  53    0   27 324 -404  1
3797500 2746500  7 31  7  20.2 1009  79  0.5 2  7.9  55   47   95 324 -403  1
3797500 2746500  7 31  8  22.7 1009  70  1.6 2  8.4  52  167  138 328 -407  1
3797500 2746500  7 31  9  25.0 1009 150  1.8 1  8.9  48  336  140 336 -414  1
3797500 2746500  7 31 10  26.4 1009 140  1.9 2  8.8  42  494  129 345 -423  1
3797500 2746500  7 31 11  27.3 1009 125  2.8 4  7.7  35  319  285 357 -434  1
3797500 2746500  7 31 12  28.7 1009 134  1.6 3  6.8  29  381  295 363 -445  1
3797500 2746500  7 31 13  28.4 1008 110  1.4 4  6.1  25  363  316 365 -454  1
3797500 2746500  7 31 14  29.7 1008 158  2.0 4  6.2  24  256  342 370 -461  1
3797500 2746500  7 31 15  30.3 1008  91  2.4 3  6.6  25  140  327 373 -464  1
3797500 2746500  7 31 16  29.7 1007 100  3.3 3  6.3  24  291  240 368 -464  1
3797500 2746500  7 31 17  29.8 1007 139  1.1 2  6.1  23  295  161 363 -461  1
3797500 2746500  7 31 18  29.4 1007  78  2.9 2  6.1  24  189  127 358 -456  1
3797500 2746500  7 31 19  29.2 1007  74  1.9 2  6.1  24   82   89 355 -450  1
3797500 2746500  7 31 20  27.9 1007  54  1.5 4  6.3  26   34   37 356 -442  1
3797500 2746500  7 31 21  26.1 1007  71  2.6 4  6.4  29    0    5 355 -433  1
3797500 2746500  7 31 22  24.8 1007  78  3.1 4  6.5  32    0    0 349 -425  1
3797500 2746500  7 31 23  23.9 1008  88  2.6 4  6.8  36    0    0 346 -419  1
3797500 2746500  7 31 24  23.2 1008 103  1.4 2  7.0  38    0    0 338 -414  1
3797500 2746500  8  1  1  22.5 1009 102  2.5 1  7.0  41    0    0 326 -408  1
3797500 2746500  8  1  2  21.9 1009 105  2.6 1  7.1  42    0    0 325 -406  1
3797500 2746500  8  1  3  21.7 1009  97  2.4 0  7.0  43    0    0 320 -402  1
3797500 2746500  8  1  4  19.9 1009  98  0.5 0  7.0  45    0    0 315 -399  1
3797500 2746500  8  1  5  20.3 1009 101  2.2 1  7.0  47    0    0 314 -395  1
3797500 2746500  8  1  6  18.9 1009 147  1.0 1  7.0  49    5   24 313 -392  1
3797500 2746500  8  1  7  21.0 1009  43  0.5 1  7.3  50   85   73 310 -393  1
3797500 2746500  8  1  8  22.7 1009  56  1.6 0  7.9  48  239   88 308 -399  1
3797500 2746500  8  1  9  24.5 1010  43  1.8 0  8.4  46  401   86 308 -409  1
3797500 2746500  8  1 10  26.0 1010  34  1.2 2  8.5  42  552   77 320 -422  1
3797500 2746500  8  1 11  27.7 1009  25  2.2 2  8.3  37  676   66 334 -436  1
3797500 2746500  8  1 12  28.6 1009  45  3.0 3  7.1  30  361  281 341 -450  1
3797500 2746500  8  1 13  28.9 1009  71  3.3 6  6.6  26   60  321 357 -462  1
3797500 2746500  8  1 14  27.7 1009  56  3.5 8  7.0  29    1  214 377 -470  1
3797500 2746500  8  1 15  26.7 1009 109  4.2 8  7.3  32    0  141 383 -474  1
3797500 2746500  8  1 16  26.6 1009  74  3.7 8  6.9  31    0  101 380 -472  1
3797500 2746500  8  1 17  27.5 1008  78  3.1 7  6.8  30   44  183 376 -468  1
3797500 2746500  8  1 18  28.3 1008  69  3.6 6  7.1  30   71  139 372 -462  1
3797500 2746500  8  1 19  28.9 1008  69  2.7 6  7.1  29   22   76 369 -453  1
3797500 2746500  8  1 20  27.0 1008  75  2.7 6  7.1  30   13   25 367 -443  1
3797500 2746500  8  1 21  25.5 1008  82  2.5 5  7.4  34    0    0 357 -433  1
3797500 2746500  8  1 22  23.8 1009  88  1.6 4  7.3  38    0    0 343 -424  1
3797500 2746500  8  1 23  22.1 1009 101  1.6 4  7.2  41    0    0 333 -418  1
3797500 2746500  8  1 24  22.9 1010  99  1.9 3  7.0  41    0    0 327 -413  1
3797500 2746500  8  2  1  22.0 1010  99  2.4 3  7.1  42    0    0 323 -409  1
3797500 2746500  8  2  2  21.4 1010 110  3.3 2  7.1  44    0    0 317 -404  1
3797500 2746500  8  2  3  21.1 1010 112  3.6 1  7.0  44    0    0 308 -399  1
3797500 2746500  8  2  4  19.6 1010  95  2.9 1  6.9  46    0    0 301 -395  1
3797500 2746500  8  2  5  19.7 1010  99  3.0 2  6.7  47    0    0 301 -390  1
3797500 2746500  8  2  6  18.7 1010  91  1.0 2  6.7  48    4   21 301 -387  1
3797500 2746500  8  2  7  21.2 1010  78  2.9 0  6.9  47   74   79 297 -387  1
3797500 2746500  8  2  8  22.8 1010  88  1.6 0  6.9  42  218  107 297 -392  1
3797500 2746500  8  2  9  25.5 1010  83  2.7 0  7.1  38  385  109 305 -404  1
3797500 2746500  8  2 10  26.8 1010  57  3.1 0  7.4  35  542  102 313 -419  1
3797500 2746500  8  2 11  27.9 1010  55  2.7 0  6.8  30  677   88 319 -435  1
3797500 2746500  8  2 12  29.4 1009  54  3.3 0  5.9  24  609  164 324 -450  1
3797500 2746500  8  2 13  29.6 1009  99  2.6 1  5.5  21  759   91 330 -462  1
3797500 2746500  8  2 14  30.4 1008 109  2.7 1  5.1  19  780   68 334 -471  1
3797500 2746500  8  2 15  30.6 1008  86  3.2 1  4.8  18  675   84 336 -475  1
3797500 2746500  8  2 16  30.5 1007 101  2.9 1  4.7  17  235  204 335 -475  1
3797500 2746500  8  2 17  31.1 1007 107  2.5 2  4.6  17  230  184 338 -470  1
3797500 2746500  8  2 18  30.9 1006  82  2.1 4  4.7  17   97  144 345 -463  1
3797500 2746500  8  2 19  30.4 1006  98  2.7 4  5.0  18   41   81 349 -452  1
3797500 2746500  8  2 20  28.4 1006 129  1.7 2  5.4  21   20   28 342 -440  1
3797500 2746500  8  2 21  26.2 1006 103  2.0 2  5.8  26    0    0 332 -428  1
3797500 2746500  8  2 22  24.6 1006  92  2.5 2  6.4  32    0    0 328 -419  1
3797500 2746500  8  2 23  24.2 1007  95  4.3 2  6.8  35    0    0 326 -411  1
3797500 2746500  8  2 24  24.1 1007 120  3.2 1  6.7  35    0    0 323 -406  1
3797500 2746500  8  3  1  24.6 1007 121  3.5 1  6.3  33    0    0 320 -400  1
3797500 2746500  8  3  2  24.5 1006 122  3.1 1  6.0  31    0    0 320 -396  1
3797500 2746500  8  3  3  23.4 1006 105  3.4 0  6.1  32    0    0 315 -392  1
3797500 2746500  8  3  4  23.3 1006 132  3.7 2  6.1  34    0    0 315 -389  1
3797500 2746500  8  3  5  22.5 1006 117  4.0 2  6.0  34    0    0 317 -386  1
3797500 2746500  8  3  6  22.3 1006 121  3.5 1  5.9  35    3   23 311 -384  1
3797500 2746500  8  3  7  23.5 1006  49  2.6 1  6.2  35   64   87 309 -384  1
3797500 2746500  8  3  8  25.3 1006  11  2.2 1  6.6  34  175  133 314 -392  1
3797500 2746500  8  3  9  26.3 1005  65  1.8 1  6.9  33  307  161 319 -405  1
3797500 2746500  8  3 10  28.1 1005  84  1.8 3  7.1  31  454  168 332 -421  1
3797500 2746500  8  3 11  28.3 1005  72  2.4 3  6.7  28  423  247 342 -437  1
3797500 2746500  8  3 12  30.0 1005 159  4.5 4  6.0  23  257  348 348 -452  1
3797500 2746500  8  3 13  30.4 1005 152  3.2 6  5.7  21  133  351 361 -464  1
3797500 2746500  8  3 14  29.0 1005 195  3.9 7  6.0  23    4  243 370 -472  1
3797500 2746500  8  3 15  28.4 1005 255  4.3 6  6.6  27  121  313 369 -476  1
3797500 2746500  8  3 16  28.6 1005 254  4.4 7  7.4  30  122  254 371 -477  1
3797500 2746500  8  3 17  29.2 1005 255  3.6 4  7.8  31  141  209 368 -472  1
3797500 2746500  8  3 18  28.7 1005 251  4.2 7  7.8  31   59  150 367 -464  1
3797500 2746500  8  3 19  27.6 1005 236  1.9 7  8.1  34   17   78 373 -454  1
3797500 2746500  8  3 20  26.4 1005 255  2.5 6  8.4  38   14   28 368 -443  1
3797500 2746500  8  3 21  24.5 1006 261  1.0 6  8.8  43    0    0 360 -431  1
3797500 2746500  8  3 22  23.8 1006   5  0.4 5  9.3  49    0    0 355 -421  1
3797500 2746500  8  3 23  23.1 1006  90  0.8 5  9.4  52    0    0 351 -414  1
3797500 2746500  8  3 24  22.6 1006 146  1.5 5  9.6  54    0    0 350 -408  1
3797500 2746500  8  4  1  21.3 1006 162  1.2 7  9.8  59    0    0 353 -403  1
3797500 2746500  8  4  2  21.3 1006 141  1.3 7  9.9  62    0    0 358 -399  1
3797500 2746500  8  4  3  20.7 1006 257  1.3 7  9.3  59    0    0 357 -397  1
3797500 2746500  8  4  4  20.2 1006  42  1.2 6  8.9  59    0    0 353 -395  1
3797500 2746500  8  4  5  20.3 1006 181  1.3 6  8.8  59    0    0 350 -393  1
3797500 2746500  8  4  6  20.0 1006 165  1.6 6  8.7  58    0   17 348 -391  1
3797500 2746500  8  4  7  19.5 1006 158  1.4 3  8.9  61   23   82 337 -391  1
3797500 2746500  8  4  8  20.6 1006 192  1.8 3  9.5  64  143  143 329 -400  1
3797500 2746500  8  4  9  22.6 1006 196  2.5 3 10.1  62  292  167 337 -415  1
3797500 2746500  8  4 10  24.6 1006 219  2.2 3 10.2  55  412  187 344 -435  1
3797500 2746500  8  4 11  25.7 1005 270  2.3 4  9.5  47  464  225 354 -456  1
3797500 2746500  8  4 12  27.1 1005 149  2.1 5  9.1  42  337  323 364 -474  1
3797500 2746500  8  4 13  28.0 1005 158  3.2 7  8.9  38  215  339 377 -487  1
3797500 2746500  8  4 14  27.1 1004  62  3.2 8  9.0  39  100  325 387 -493  1
3797500 2746500  8  4 15  27.7 1004  66  2.4 7  9.2  40  141  313 388 -494  1
3797500 2746500  8  4 16  28.7 1003  72  2.7 7  9.0  37  112  253 388 -492  1
3797500 2746500  8  4 17  28.4 1003  50  2.3 8  8.8  36   93  189 392 -488  1
3797500 2746500  8  4 18  28.5 1003  56  1.1 4  8.8  36  133  145 381 -481  1
3797500 2746500  8  4 19  28.7 1002  68  1.1 6  8.7  35   56   87 374 -471  1
3797500 2746500  8  4 20  27.6 1002 131  1.9 6  8.8  37    5   25 381 -459  1
3797500 2746500  8  4 21  25.2 1002 120  1.5 5  9.3  43    0    0 373 -447  1
3797500 2746500  8  4 22  23.1 1002 101  1.9 3  9.7  51    0    0 358 -438  1
3797500 2746500  8  4 23  23.1 1002  93  3.1 3  9.6  54    0    0 350 -432  1
3797500 2746500  8  4 24  23.0 1002 112  1.4 0  9.2  52    0    0 341 -428  1
3797500 2746500  8  5  1  23.3 1002 149  2.5 3  9.1  51    0    0 340 -426  1
3797500 2746500  8  5  2  22.7 1001 182  2.4 4  9.1  51    0    0 353 -427  1
3797500 2746500  8  5  3  23.2 1001 118  2.6 4  9.1  51    0    0 357 -425  1
3797500 2746500  8  5  4  23.0 1001 133  3.7 3  9.1  51    0    0 356 -423  1
3797500 2746500  8  5  5  22.4 1000 161  3.0 7  9.1  52    0    0 363 -422  1
3797500 2746500  8  5  6  20.6 1000 214  2.8 8 10.4  64    0    5 380 -416  1
3797500 2746500  8  5  7  19.5 1001 165  2.9 7 11.8  79    0   31 378 -413  1
3797500 2746500  8  5  8  19.4 1001 137  2.4 8 12.0  84    0   35 377 -415  1
3797500 2746500  8  5  9  19.7 1002 159  3.6 8 12.5  86    2  159 383 -417  1
3797500 2746500  8  5 10  21.6 1002  99  4.7 5 13.4  87  193  269 378 -422  1
3797500 2746500  8  5 11  22.9 1002 225  4.3 4 13.7  80  287  294 372 -430  1
3797500 2746500  8  5 12  25.0 1002 238  5.0 3 13.0  69  259  341 372 -440  1
3797500 2746500  8  5 13  25.9 1002 215  5.4 3 12.3  60  286  329 373 -451  1
3797500 2746500  8  5 14  26.0 1003 229  6.4 6 11.7  55  128  325 385 -467  1
3797500 2746500  8  5 15  27.2 1003 253  2.6 5 11.4  51  234  308 393 -481  1
3797500 2746500  8  5 16  27.9 1003 283  3.7 4 11.1  48  352  210 389 -482  1
3797500 2746500  8  5 17  26.9 1003 263  3.9 3 10.9  47  304  159 380 -476  1
3797500 2746500  8  5 18  26.9 1003 253  3.5 3 10.7  48  215  116 373 -470  1
3797500 2746500  8  5 19  24.3 1003 322  4.8 3 11.2  54   75   84 367 -463  1
3797500 2746500  8  5 20  23.3 1004 283  3.2 5 11.8  63   16   29 367 -452  1
3797500 2746500  8  5 21  22.4 1004 278  2.2 5 12.0  68    0    0 371 -441  1
3797500 2746500  8  5 22  21.2 1005 283  1.1 2 11.8  71    0    0 356 -432  1
3797500 2746500  8  5 23  20.1 1006 212  1.0 2 11.4  74    0    0 342 -424  1
3797500 2746500  8  5 24  19.3 1006 212  1.7 4 11.2  77    0    0 347 -421  1
3797500 2746500  8  6  1  18.2 1006 200  0.7 2 11.0  80    0    0 344 -418  1
3797500 2746500  8  6  2  18.0 1007 193  1.4 1 10.9  83    0    0 331 -415  1
3797500 2746500  8  6  3  17.4 1007 211  1.4 0 10.8  85    0    0 323 -412  1
3797500 2746500  8  6  4  17.3 1007 226  0.8 2 10.7  86    0    0 326 -410  1
3797500 2746500  8  6  5  17.5 1007 201  1.4 3 10.6  84    0    0 338 -409  1
3797500 2746500  8  6  6  17.1 1007 189  0.9 5 10.5  84    1   17 348 -408  1
3797500 2746500  8  6  7  17.7 1007 177  1.1 5 10.7  86   26   81 357 -409  1
3797500 2746500  8  6  8  19.5 1007 182  1.9 2 11.4  84  109  145 351 -416  1
3797500 2746500  8  6  9  21.3 1007 200  2.0 3 11.8  78  207  191 351 -428  1
3797500 2746500  8  6 10  22.4 1007 207  2.5 5 11.6  70  370  193 367 -444  1
3797500 2746500  8  6 11  24.1 1006 257  2.8 4 11.2  62  465  206 376 -460  1
3797500 2746500  8  6 12  25.1 1006 243  2.6 4 10.5  54  446  256 376 -476  1
3797500 2746500  8  6 13  26.4 1005 205  2.7 5  9.8  47  579  197 382 -489  1
3797500 2746500  8  6 14  26.3 1005 344  1.8 6  9.3  43  485  235 385 -496  1
3797500 2746500  8  6 15  27.5 1004 164  1.2 5  8.8  39  402  240 385 -498  1
3797500 2746500  8  6 16  27.5 1003 353  1.3 5  8.3  36  347  192 383 -497  1
3797500 2746500  8  6 17  27.8 1003  41  2.3 5  8.2  35  383  110 383 -494  1
3797500 2746500  8  6 18  27.6 1002  52  2.4 5  8.1  35  206  111 384 -487  1
3797500 2746500  8  6 19  27.1 1001  37  2.6 5  8.2  36   51   82 383 -475  1
3797500 2746500  8  6 20  26.2 1001  57  2.7 7  8.5  39    2   20 390 -461  1
3797500 2746500  8  6 21  24.9 1000  60  3.3 6  8.8  42    0    0 391 -450  1
3797500 2746500  8  6 22  23.9 1000  56  3.6 4  8.9  46    0    0 379 -442  1
3797500 2746500  8  6 23  23.2 1000  56  4.0 3  8.9  48    0    0 365 -436  1
3797500 2746500  8  6 24  22.6 1000  65  4.3 3  9.0  50    0    0 359 -433  1
3797500 2746500  8  7  1  22.0  999  68  4.3 6  9.2  54    0    0 369 -431  1
3797500 2746500  8  7  2  22.2  999 101  1.7 8  9.7  57    0    0 389 -428  1
3797500 2746500  8  7  3  21.4  998  46  2.9 8 10.1  61    0    0 398 -426  1
3797500 2746500  8  7  4  21.2  997 170  2.8 8 11.0  68    0    0 398 -425  1
3797500 2746500  8  7  5  21.2  997  53  1.6 8 11.5  71    0    0 398 -423  1
3797500 2746500  8  7  6  20.2  997 102  1.8 8 11.6  74    0    2 397 -419  1
3797500 2746500  8  7  7  20.3  997 195  3.0 7 12.2  80    0   23 390 -418  1
3797500 2746500  8  7  8  19.9  997 217  3.9 8 12.6  83    0   31 389 -424  1
3797500 2746500  8  7  9  19.1  997 199  4.7 7 12.7  87    0   74 387 -435  1
3797500 2746500  8  7 10  19.1  997 193  3.1 7 13.0  92    0  112 381 -449  1
3797500 2746500  8  7 11  19.4  998 209  4.2 8 13.4  94    0  103 385 -468  1
3797500 2746500  8  7 12  19.7  998 226  4.3 8 13.4  92    0  166 389 -485  1
3797500 2746500  8  7 13  19.8  998 256  4.5 6 13.0  88   65  282 383 -496  1
3797500 2746500  8  7 14  20.8  998 215  6.5 6 12.5  82   15  272 380 -503  1
3797500 2746500  8  7 15  21.0  998 232  5.2 7 12.0  76   11  242 383 -506  1
3797500 2746500  8  7 16  22.4  998 232  3.7 8 11.8  71   20  223 389 -506  1
3797500 2746500  8  7 17  23.2  998 230  5.3 5 11.4  64  126  188 384 -502  1
3797500 2746500  8  7 18  23.5  998 241  3.5 2 10.6  58  230   99 363 -491  1
3797500 2746500  8  7 19  23.0  997 234  3.7 1  9.9  55  133   64 345 -479  1
3797500 2746500  8  7 20  21.9  997 244  2.3 3  9.8  57   23   28 343 -466  1
3797500 2746500  8  7 21  20.7  997 196  1.4 2  9.9  62    0    0 343 -453  1
3797500 2746500  8  7 22  19.9  998 194  0.6 1  9.8  64    0    0 333 -443  1
3797500 2746500  8  7 23  18.2  998  48  1.3 1  9.7  69    0    0 328 -437  1
3797500 2746500  8  7 24  17.8  998  26  1.2 0 10.4  79    0    0 324 -431  1
3797500 2746500  8  8  1  17.3  997  53  2.3 1 10.9  86    0    0 322 -426  1
3797500 2746500  8  8  2  17.0  996  60  2.1 1 10.9  87    0    0 323 -422  1
3797500 2746500  8  8  3  16.6  996  59  1.3 0 10.5  86    0    0 318 -418  1
3797500 2746500  8  8  4  16.1  995  90  1.3 0  9.9  84    0    0 315 -415  1
3797500 2746500  8  8  5  15.3  995  58  1.4 1  9.6  84    0    0 317 -412  1
3797500 2746500  8  8  6  15.0  994  92  1.6 5  9.4  85    0    3 333 -409  1
3797500 2746500  8  8  7  15.6  994  88  1.4 6  9.7  87    0   46 350 -410  1
3797500 2746500  8  8  8  17.8  994  77  0.9 7 10.1  83    9  126 361 -419  1
3797500 2746500  8  8  9  20.0  994  87  2.1 6 10.2  73   37  203 369 -433  1
3797500 2746500  8  8 10  22.2  993  80  3.0 6 10.5  65   65  262 375 -449  1
3797500 2746500  8  8 11  22.3  993 166  2.0 6 11.1  64   33  274 383 -459  1
3797500 2746500  8  8 12  22.1  993 169  3.9 7 11.2  65    2  234 390 -457  1
3797500 2746500  8  8 13  22.0  993 146  3.1 7 11.1  65    0  194 394 -449  1
3797500 2746500  8  8 14  22.3  993 202  3.1 8 11.4  67    0  110 399 -437  1
3797500 2746500  8  8 15  21.0  993 208  1.3 7 12.4  74    0  173 399 -425  1
3797500 2746500  8  8 16  23.4  993 220  2.7 4 12.9  75  340  170 388 -420  1
3797500 2746500  8  8 17  24.2  993 252  2.5 2 12.4  66  432   71 376 -419  1
3797500 2746500  8  8 18  20.3  992 248  3.9 4 11.6  67   98  130 369 -420  1
3797500 2746500  8  8 19  20.1  993 200  1.0 4 11.6  76   69   68 368 -420  1
3797500 2746500  8  8 20  20.0  994 128  1.9 4 12.1  80    9   22 368 -418  1
3797500 2746500  8  8 21  19.4  994 169  1.1 3 11.8  80    0    0 365 -416  1
3797500 2746500  8  8 22  18.6  995 160  1.9 3 11.4  81    0    0 359 -414  1
3797500 2746500  8  8 23  18.9  995 171  1.7 3 11.2  81    0    0 357 -414  1
3797500 2746500  8  8 24  18.4  996 174  1.8 2 11.1  81    0    0 353 -413  1
3797500 2746500  8  9  1  18.9  996 203  3.4 4 10.7  78    0    0 355 -409  1
3797500 2746500  8  9  2  19.0  996 209  2.6 4 10.3  74    0    0 361 -406  1
3797500 2746500  8  9  3  18.1  996 194  1.8 3  9.7  71    0    0 355 -404  1
3797500 2746500  8  9  4  18.0  996 204  2.1 1  9.2  70    0    0 343 -401  1
3797500 2746500  8  9  5  17.4  996 202  2.2 1  9.0  70    0    0 335 -400  1
3797500 2746500  8  9  6  17.1  996 184  2.0 1  8.8  70    2   19 331 -401  1
3797500 2746500  8  9  7  18.4  997 180  2.2 1  9.0  70   38   78 331 -402  1
3797500 2746500  8  9  8  20.0  997 190  2.4 4  9.6  68   34  144 345 -405  1
3797500 2746500  8  9  9  19.6  997 206  2.6 5  9.9  67   83  215 361 -409  1
3797500 2746500  8  9 10  21.1  998 220  3.1 6 10.1  66  153  263 370 -415  1
3797500 2746500  8  9 11  21.6  998 231  3.0 7 10.3  64   89  303 380 -422  1
3797500 2746500  8  9 12  22.3  998 251  2.8 6 10.2  61  120  339 382 -430  1
3797500 2746500  8  9 13  22.8  998 274  1.2 5 10.0  57  338  262 377 -442  1
3797500 2746500  8  9 14  23.1  997 333  0.7 7  9.9  55  105  321 384 -452  1
3797500 2746500  8  9 15  23.4  997 253  3.0 7 10.0  55   56  281 393 -458  1
3797500 2746500  8  9 16  22.6  997 300  3.2 5 10.4  58  130  242 385 -461  1
3797500 2746500  8  9 17  23.0  997 236  4.3 6 10.6  60   81  181 379 -459  1
3797500 2746500  8  9 18  23.0  997 247  4.3 5 10.1  56  249   83 379 -452  1
3797500 2746500  8  9 19  22.8  998 249  2.5 5  9.9  56   77   72 374 -440  1
3797500 2746500  8  9 20  21.5  998 250  1.6 7 10.0  59    4   20 380 -425  1
3797500 2746500  8  9 21  19.9  998 359  0.3 7 10.0  65    0    0 381 -413  1
3797500 2746500  8  9 22  19.9  999  14  1.3 6 10.3  69    0    0 375 -407  1
3797500 2746500  8  9 23  18.9  999 119  1.3 6 10.3  72    0    0 369 -404  1
3797500 2746500  8  9 24  18.9  999 123  2.1 6 10.2  74    0    0 368 -402  1
3797500 2746500  8 10  1  18.3  999 110  2.2 5 10.4  76    0    0 363 -399  1
3797500 2746500  8 10  2  18.8  999 107  2.3 5 10.4  77    0    0 360 -398  1
3797500 2746500  8 10  3  18.1  999 153  3.1 3 10.2  76    0    0 352 -396  1
3797500 2746500  8 10  4  18.2  999 178  3.2 1 10.1  76    0    0 336 -395  1
3797500 2746500  8 10  5  18.5  999 200  3.2 1  9.9  74    0    0 329 -395  1
3797500 2746500  8 10  6  17.5  999 193  3.2 4  9.8  74    0    3 340 -396  1
3797500 2746500  8 10  7  18.6  999 177  3.9 7  9.9  76    0   56 363 -398  1
3797500 2746500  8 10  8  18.1  999 160  3.2 6 10.6  79   13  135 372 -400  1
3797500 2746500  8 10  9  19.9  999 191  4.1 5 11.2  80   36  215 367 -406  1
3797500 2746500  8 10 10  19.2  999 164  4.5 7 11.4  79    0  128 374 -412  1
3797500 2746500  8 10 11  17.6 1000 201  2.6 8 11.6  86    0  155 382 -415  1
3797500 2746500  8 10 12  18.7 1000 211  4.8 5 11.8  89   44  323 375 -423  1
3797500 2746500  8 10 13  20.7 1000 239  4.5 5 12.2  84  171  300 370 -433  1
3797500 2746500  8 10 14  19.6 1000 220  3.0 8 12.1  80    0  182 385 -431  1
3797500 2746500  8 10 15  18.7 1001 242  4.3 6 11.9  84    5  224 384 -425  1
3797500 2746500  8 10 16  20.1 1001 239  4.0 6 12.1  85   98  255 377 -425  1
3797500 2746500  8 10 17  20.8 1001 258  3.6 5 12.3  80   87  192 376 -426  1
3797500 2746500  8 10 18  21.0 1002 307  2.3 5 11.8  75   35  140 372 -426  1
3797500 2746500  8 10 19  20.2 1003 298  2.5 7 11.1  72   16   74 377 -425  1
3797500 2746500  8 10 20  19.3 1004 327  2.4 8 11.0  75    0   12 385 -420  1
3797500 2746500  8 10 21  18.3 1005 308  1.6 8 11.1  81    0    0 387 -414  1
3797500 2746500  8 10 22  18.0 1006 325  1.2 8 11.2  85    0    0 385 -407  1
3797500 2746500  8 10 23  17.5 1006 343  2.4 8 11.2  88    0    0 384 -400  1
3797500 2746500  8 10 24  17.0 1007 336  2.4 8 11.0  88    0    0 382 -394  1
3797500 2746500  8 11  1  16.2 1007 335  2.4 8 10.5  88    0    0 379 -389  1
3797500 2746500  8 11  2  15.9 1008 344  2.3 8 10.1  88    0    0 377 -385  1
3797500 2746500  8 11  3  15.5 1008 345  1.5 8  9.7  86    0    0 377 -381  1
3797500 2746500  8 11  4  15.1 1009 353  1.4 8  9.5  86    0    0 375 -377  1
3797500 2746500  8 11  5  15.0 1009 329  0.9 8  9.4  87    0    0 373 -374  1
3797500 2746500  8 11  6  14.8 1010 318  1.7 8  9.2  86    0    5 370 -372  1
3797500 2746500  8 11  7  14.8 1010 342  1.7 6  9.0  85    0   32 359 -372  1
3797500 2746500  8 11  8  15.0 1011 317  1.5 7  8.9  84    0   76 352 -377  1
3797500 2746500  8 11  9  15.3 1011 327  2.5 7  8.7  81    2  161 355 -388  1
3797500 2746500  8 11 10  16.1 1012 318  3.1 7  8.4  75   12  244 355 -404  1
3797500 2746500  8 11 11  16.5 1012 318  2.6 6  7.8  67   93  338 351 -420  1
3797500 2746500  8 11 12  16.0 1012 252  2.4 6  7.6  66  295  373 346 -435  1
3797500 2746500  8 11 13  17.2 1013 254  3.2 6  8.0  67  197  339 347 -447  1
3797500 2746500  8 11 14  17.6 1012 257  2.5 7  7.9  64    2  226 351 -456  1
3797500 2746500  8 11 15  18.2 1013 333  3.0 7  7.7  60    0  193 354 -460  1
3797500 2746500  8 11 16  17.5 1013 322  3.0 8  7.4  58    0  135 355 -460  1
3797500 2746500  8 11 17  18.0 1013 320  2.8 5  7.3  57   48  201 346 -456  1
3797500 2746500  8 11 18  18.3 1013 263  2.7 6  7.5  58   25  143 339 -448  1
3797500 2746500  8 11 19  17.5 1013 315  1.1 7  7.3  57    4   64 343 -437  1
3797500 2746500  8 11 20  16.9 1013 299  0.8 6  7.3  60    2   20 342 -424  1
3797500 2746500  8 11 21  15.6 1013   8  0.6 6  7.4  64    0    0 336 -411  1
3797500 2746500  8 11 22  15.1 1013  19  0.4 7  7.5  69    0    0 338 -402  1
3797500 2746500  8 11 23  15.1 1014  28  0.0 7  7.7  72    0    0 342 -395  1
3797500 2746500  8 11 24  15.2 1013  22  0.0 7  7.7  71    0    0 344 -390  1
3797500 2746500  8 12  1  14.3 1013 332  0.1 8  7.9  75    0    0 350 -386  1
3797500 2746500  8 12  2  14.2 1014   9  0.1 7  8.0  79    0    0 350 -384  1
3797500 2746500  8 12  3  13.0 1013  20  0.3 6  7.7  80    0    0 340 -383  1
3797500 2746500  8 12  4  13.6 1013  35  1.1 7  7.7  81    0    0 339 -383  1
3797500 2746500  8 12  5  13.5 1013  41  1.1 8  7.9  81    0    0 348 -383  1
3797500 2746500  8 12  6  13.4 1013 348  0.5 8  7.8  81    0    7 351 -383  1
3797500 2746500  8 12  7  13.7 1013  24  0.7 5  7.9  82    7   67 339 -384  1
3797500 2746500  8 12  8  14.9 1013  53  0.9 6  8.1  80   28  145 334 -387  1
3797500 2746500  8 12  9  16.0 1013  74  0.8 7  8.0  73  101  223 345 -394  1
3797500 2746500  8 12 10  17.0 1013  28  1.0 7  7.3  63  114  284 351 -402  1
3797500 2746500  8 12 11  17.1 1013 356  1.9 7  6.8  56   25  278 352 -412  1
3797500 2746500  8 12 12  17.2 1013 348  1.4 6  6.9  57   34  312 348 -422  1
3797500 2746500  8 12 13  17.8 1013   4  1.9 7  6.6  53   15  271 348 -431  1
3797500 2746500  8 12 14  17.8 1013 318  2.6 6  6.3  50  217  341 348 -438  1
3797500 2746500  8 12 15  18.7 1012  24  2.6 7  6.3  48   81  302 349 -442  1
3797500 2746500  8 12 16  18.9 1012 284  1.5 7  6.0  44   10  209 353 -443  1
3797500 2746500  8 12 17  18.0 1012  49  2.4 7  6.4  48   15  179 353 -443  1
3797500 2746500  8 12 18  17.7 1012  10  2.0 6  6.9  54   69  144 348 -437  1
3797500 2746500  8 12 19  17.5 1011  38  1.6 6  6.9  55   41   77 344 -429  1
3797500 2746500  8 12 20  16.2 1011  31  0.9 5  7.0  60    9   22 340 -420  1
3797500 2746500  8 12 21  15.3 1012  40  0.5 4  7.1  64    0    0 327 -411  1
3797500 2746500  8 12 22  14.5 1012  51  0.2 3  7.1  68    0    0 315 -402  1
3797500 2746500  8 12 23  14.6 1012  90  0.2 3  7.7  73    0    0 305 -394  1
3797500 2746500  8 12 24  15.2 1012 131  0.3 3  8.6  78    0    0 296 -387  1
3797500 2746500  8 13  1  16.0 1009 183  0.5 3  9.6  82    0    0 374 -402  1
3797500 2746500  8 13  2  16.6 1010 221  0.9 3 10.3  85    0    0 357 -400  1
3797500 2746500  8 13  3  17.1 1009 241  1.3 4 10.8  88    0    0 343 -398  1
3797500 2746500  8 13  4  16.8 1009 239  1.5 3 10.7  88    0    0 339 -395  1
3797500 2746500  8 13  5  16.8 1009 237  1.4 4 10.7  88    0    0 339 -393  1
3797500 2746500  8 13  6  16.3 1009 236  1.4 4 10.5  89    0    6 341 -392  1
3797500 2746500  8 13  7  16.5 1009 229  1.3 6 10.6  90    0   32 345 -392  1
3797500 2746500  8 13  8  16.7 1009 229  1.9 6 11.0  92    7  129 354 -394  1
3797500 2746500  8 13  9  16.8 1009 235  2.5 6 11.1  92    4  173 352 -401  1
3797500 2746500  8 13 10  16.9 1010 241  2.0 5 11.0  91    1  202 347 -413  1
3797500 2746500  8 13 11  18.7 1010 257  2.5 4 10.9  85   24  293 343 -428  1
3797500 2746500  8 13 12  18.9 1010 259  2.0 5 10.5  77   35  324 349 -440  1
3797500 2746500  8 13 13  19.0 1010 287  1.5 7  9.8  71    0  198 361 -448  1
3797500 2746500  8 13 14  19.9 1010 229  2.2 6  9.4  66    8  268 368 -454  1
3797500 2746500  8 13 15  20.6 1010 309  2.2 2  8.7  59  328  258 354 -457  1
3797500 2746500  8 13 16  21.3 1010  19  3.1 3  8.3  53  315  205 345 -461  1
3797500 2746500  8 13 17  21.8 1010 334  2.3 3  8.1  50  267  143 349 -457  1
3797500 2746500  8 13 18  21.6 1010 296  1.9 2  7.9  49  239   81 345 -448  1
3797500 2746500  8 13 19  21.0 1009 311  1.4 2  8.0  50  123   47 339 -437  1
3797500 2746500  8 13 20  19.5 1010 313  0.9 3  8.2  55   18   10 338 -425  1
3797500 2746500  8 13 21  18.4 1010 332  0.8 4  8.3  61    0    0 338 -412  1
3797500 2746500  8 13 22  18.8 1011 292  1.1 4  8.6  64    0    0 336 -402  1
3797500 2746500  8 13 23  17.3 1011 339  1.7 5  8.5  65    0    0 333 -395  1
3797500 2746500  8 13 24  17.3 1011 359  1.4 5  8.3  67    0    0 329 -388  1
3797500 2746500  8 14  1  16.0 1012  10  1.5 3  8.3  70    0    0 318 -384  1
3797500 2746500  8 14  2  15.1 1012  41  1.2 2  8.2  74    0    0 305 -380  1
3797500 2746500  8 14  3  15.3 1012  35  1.5 3  8.2  76    0    0 302 -377  1
3797500 2746500  8 14  4  15.0 1012  24  1.3 4  8.2  76    0    0 308 -375  1
3797500 2746500  8 14  5  14.2 1012  12  0.7 5  8.2  79    0    0 312 -374  1
3797500 2746500  8 14  6  14.6 1012  11  1.8 4  8.2  80    0   11 311 -372  1
3797500 2746500  8 14  7  15.4 1012  45  0.6 6  8.5  80    1   56 317 -374  1
3797500 2746500  8 14  8  17.1 1012  31  1.2 5  8.7  75   72  137 323 -380  1
3797500 2746500  8 14  9  18.4 1012 129  1.0 3  8.9  70  320  104 320 -392  1
3797500 2746500  8 14 10  18.2 1013  24  0.9 3  8.6  65  192  258 318 -408  1
3797500 2746500  8 14 11  18.6 1013 322  1.4 4  8.0  60  133  321 323 -425  1
3797500 2746500  8 14 12  19.8 1013 300  1.3 4  7.6  55  342  280 330 -441  1
3797500 2746500  8 14 13  20.1 1012 276  1.9 3  7.3  50  342  291 331 -454  1
3797500 2746500  8 14 14  20.5 1012 229  2.0 3  7.5  50  264  309 331 -464  1
3797500 2746500  8 14 15  21.8 1012 224  2.0 2  7.4  47  270  276 333 -467  1
3797500 2746500  8 14 16  21.3 1012 282  2.0 2  7.3  45  365  160 331 -466  1
3797500 2746500  8 14 17  21.6 1011 284  1.7 3  7.4  46  329   91 332 -459  1
3797500 2746500  8 14 18  21.7 1011 264  1.7 2  7.3  45  227   58 331 -450  1
3797500 2746500  8 14 19  21.3 1011 287  0.7 2  7.3  46  107   32 328 -438  1
3797500 2746500  8 14 20  19.6 1011 207  0.8 2  7.5  50    1   11 326 -426  1
3797500 2746500  8 14 21  17.7 1011 212  0.5 2  7.7  57    0    0 321 -414  1
3797500 2746500  8 14 22  16.6 1011 203  0.4 1  7.9  64    0    0 315 -406  1
3797500 2746500  8 14 23  16.9 1011 190  1.0 1  8.1  68    0    0 313 -400  1
3797500 2746500  8 14 24  17.0 1011 202  1.2 1  8.2  68    0    0 317 -396  1
3797500 2746500  8 15  1  17.2 1012 181  1.3 2  8.2  67    0    0 323 -394  1
3797500 2746500  8 15  2  16.8 1011 183  1.2 2  8.3  68    0    0 329 -394  1
3797500 2746500  8 15  3  17.0 1011 174  2.0 2  8.4  70    0    0 331 -394  1
3797500 2746500  8 15  4  17.1 1011 174  1.7 2  8.4  69    0    0 334 -393  1
3797500 2746500  8 15  5  16.6 1011 186  1.7 3  8.4  70    0    0 336 -392  1
3797500 2746500  8 15  6  16.6 1010 186  1.6 2  8.4  71    0    6 336 -391  1
3797500 2746500  8 15  7  17.9 1010 176  2.0 2  8.5  69   29   66 335 -390  1
3797500 2746500  8 15  8  19.5 1010 176  2.4 2  8.7  64  129  108 339 -396  1
3797500 2746500  8 15  9  20.7 1010 204  2.8 2  9.0  61  259  139 344 -410  1
3797500 2746500  8 15 10  21.7 1010 212  3.5 2  9.0  57  347  181 347 -428  1
3797500 2746500  8 15 11  23.0 1010 194  3.2 2  8.8  52  447  191 353 -447  1
3797500 2746500  8 15 12  24.8 1010 211  3.3 2  8.5  46  559  164 359 -464  1
3797500 2746500  8 15 13  25.8 1009 211  3.9 1  8.4  42  615  157 363 -478  1
3797500 2746500  8 15 14  26.7 1009 220  3.9 1  8.4  39  637  134 364 -488  1
3797500 2746500  8 15 15  27.5 1008 181  4.0 0  8.2  37  595  118 365 -494  1
3797500 2746500  8 15 16  28.0 1008 180  3.5 0  7.9  34  499  108 363 -495  1
3797500 2746500  8 15 17  28.4 1008 222  3.5 0  7.7  32  369  100 363 -491  1
3797500 2746500  8 15 18  28.5 1007 233  3.2 0  7.8  32  239   74 361 -482  1
3797500 2746500  8 15 19  27.5 1007 236  1.9 1  8.3  35  122   44 361 -470  1
3797500 2746500  8 15 20  26.5 1007 240  2.2 1  8.6  38    5   11 358 -455  1
3797500 2746500  8 15 21  24.3 1007 219  2.1 1  8.7  42    0    0 351 -442  1
3797500 2746500  8 15 22  23.3 1007 216  2.4 1  8.8  47    0    0 345 -435  1
3797500 2746500  8 15 23  22.8 1007 206  2.2 1  8.8  50    0    0 342 -433  1
3797500 2746500  8 15 24  22.2 1007 183  1.6 0  8.8  51    0    0 339 -430  1
3797500 2746500  8 16  1  21.9 1008 180  1.3 1  8.9  53    0    0 339 -425  1
3797500 2746500  8 16  2  20.4 1008 241  2.4 1  9.2  58    0    0 340 -419  1
3797500 2746500  8 16  3  20.9 1008 205  1.8 2  9.4  61    0    0 344 -416  1
3797500 2746500  8 16  4  20.2 1007 216  2.5 1  9.5  62    0    0 347 -415  1
3797500 2746500  8 16  5  19.6 1007 242  2.6 0  9.6  66    0    0 343 -415  1
3797500 2746500  8 16  6  19.0 1008 241  1.9 0  9.8  69    0    4 342 -415  1
3797500 2746500  8 16  7  19.8 1008 246  1.6 3 10.1  71   14   72 349 -417  1
3797500 2746500  8 16  8  19.5 1009 240  2.2 3 10.6  73  103  127 356 -419  1
3797500 2746500  8 16  9  19.7 1009 264  2.0 4 10.8  75  188  188 359 -427  1
3797500 2746500  8 16 10  18.3 1009 271  1.9 4 10.6  77  328  202 361 -441  1
3797500 2746500  8 16 11  18.8 1009 260  2.7 3 10.4  77  473  190 360 -456  1
3797500 2746500  8 16 12  19.6 1009 269  2.3 4 10.5  75  531  206 364 -469  1
3797500 2746500  8 16 13  20.7 1009 244  2.9 5 10.5  71  559  211 373 -478  1
3797500 2746500  8 16 14  22.3 1009 254  2.3 4 10.4  65  559  198 379 -483  1
3797500 2746500  8 16 15  23.6 1008 275  1.6 1 10.6  60  515  177 372 -485  1
3797500 2746500  8 16 16  24.3 1008 241  2.9 2 10.5  56  432  155 368 -487  1
3797500 2746500  8 16 17  24.8 1008 254  2.8 2 10.4  53  293  132 372 -481  1
3797500 2746500  8 16 18  25.0 1007 268  2.0 1 10.2  52  155  109 368 -471  1
3797500 2746500  8 16 19  24.1 1007 285  1.7 1 10.4  53   96   46 363 -461  1
3797500 2746500  8 16 20  22.8 1007 325  0.8 1 10.6  58    2   11 358 -450  1
3797500 2746500  8 16 21  21.6 1007 260  0.6 1 10.5  62    0    0 351 -439  1
3797500 2746500  8 16 22  19.8 1008 251  0.3 2 10.5  68    0    0 348 -432  1
3797500 2746500  8 16 23  19.3 1008 207  0.5 2 10.4  73    0    0 347 -427  1
3797500 2746500  8 16 24  19.6 1008 239  0.7 4 10.5  74    0    0 354 -423  1
3797500 2746500  8 17  1  18.8 1008 239  0.6 5 10.6  75    0    0 363 -415  1
3797500 2746500  8 17  2  17.9 1008 139  0.6 3 10.4  78    0    0 354 -406  1
3797500 2746500  8 17  3  17.6 1008 171  0.7 1 10.2  80    0    0 335 -400  1
3797500 2746500  8 17  4  16.7 1008 186  1.1 2 10.1  82    0    0 328 -396  1
3797500 2746500  8 17  5  17.1 1008 177  1.4 3 10.0  83    0    0 331 -393  1
3797500 2746500  8 17  6  16.8 1007 171  1.5 4 10.1  83    0    2 335 -392  1
3797500 2746500  8 17  7  17.6 1007 182  1.3 5 10.3  83   28   66 341 -392  1
3797500 2746500  8 17  8  17.5 1008 201  1.7 6 10.6  84   17  136 349 -398  1
3797500 2746500  8 17  9  18.4 1008 217  2.4 6 10.7  83   40  210 355 -410  1
3797500 2746500  8 17 10  20.6 1008 236  2.4 3 10.7  75  236  258 350 -426  1
3797500 2746500  8 17 11  21.2 1007 234  3.0 3 10.1  65  365  257 347 -442  1
3797500 2746500  8 17 12  21.9 1007 243  3.5 4  9.1  56  535  210 354 -454  1
3797500 2746500  8 17 13  23.5 1007 235  2.8 2  8.5  49  612  193 356 -465  1
3797500 2746500  8 17 14  23.8 1007 228  2.9 2  8.3  45  604  181 355 -471  1
3797500 2746500  8 17 15  24.2 1007 259  2.4 1  8.6  46  493  187 355 -474  1
3797500 2746500  8 17 16  23.6 1007 261  4.1 3  9.3  50  234  250 359 -475  1
3797500 2746500  8 17 17  23.5 1007 282  3.9 2  9.3  50  223  171 361 -472  1
3797500 2746500  8 17 18  22.9 1007 270  3.8 2  9.1  51   59  136 355 -461  1
3797500 2746500  8 17 19  22.3 1007 313  3.4 4  8.9  52    7   56 358 -450  1
3797500 2746500  8 17 20  20.6 1008 315  2.6 4  8.5  53    7    9 358 -440  1
3797500 2746500  8 17 21  20.1 1009 322  2.9 3  8.6  57    0    0 351 -432  1
3797500 2746500  8 17 22  18.9 1010 326  0.9 2  8.5  60    0    0 341 -426  1
3797500 2746500  8 17 23  17.5 1011 308  0.7 1  8.5  64    0    0 331 -421  1
3797500 2746500  8 17 24  16.3 1011 291  0.3 1  8.4  70    0    0 322 -418  1
3797500 2746500  8 18  1  16.4 1012 274  0.4 0  8.5  73    0    0 318 -415  1
3797500 2746500  8 18  2  15.1 1012 223  0.5 0  8.6  76    0    0 312 -411  1
3797500 2746500  8 18  3  14.8 1012 204  0.6 0  8.4  79    0    0 308 -408  1
3797500 2746500  8 18  4  15.0 1012 204  0.7 0  8.4  79    0    0 307 -403  1
3797500 2746500  8 18  5  14.9 1013 212  1.5 0  8.6  80    0    0 306 -397  1
3797500 2746500  8 18  6  14.8 1013 199  1.0 1  8.7  82    2   12 307 -392  1
3797500 2746500  8 18  7  16.1 1014 206  0.9 1  8.9  81   59   56 311 -390  1
3797500 2746500  8 18  8  17.6 1014 205  1.3 1  9.3  77  165  104 313 -395  1
3797500 2746500  8 18  9  19.0 1014 198  2.3 1  9.4  71  279  147 317 -408  1
3797500 2746500  8 18 10  20.5 1014 241  2.2 1  9.2  64  394  170 321 -425  1
3797500 2746500  8 18 11  21.4 1015 239  2.4 2  9.0  58  467  189 329 -443  1
3797500 2746500  8 18 12  22.1 1015 237  1.8 3  8.8  54  386  278 338 -458  1
3797500 2746500  8 18 13  22.8 1015 138  1.6 2  8.3  49  442  258 341 -468  1
3797500 2746500  8 18 14  23.5 1015 239  1.8 2  7.7  43  471  222 341 -473  1
3797500 2746500  8 18 15  23.9 1014  20  1.4 3  7.2  39  495  177 344 -474  1
3797500 2746500  8 18 16  24.9 1014  38  1.2 3  6.6  35  443  147 347 -471  1
3797500 2746500  8 18 17  25.1 1014 219  1.0 2  6.3  32  326  129 345 -466  1
3797500 2746500  8 18 18  25.0 1013 243  1.1 2  6.4  32  205   91 341 -457  1
3797500 2746500  8 18 19  24.2 1013  96  0.8 1  6.7  35   95   43 338 -446  1
3797500 2746500  8 18 20  22.1 1013  71  1.1 1  7.2  41    9    8 330 -434  1
3797500 2746500  8 18 21  21.2 1013 102  1.7 1  7.4  46    0    0 323 -423  1
3797500 2746500  8 18 22  20.8 1014 101  2.0 1  7.4  47    0    0 319 -414  1
3797500 2746500  8 18 23  20.7 1014 105  2.0 1  7.5  49    0    0 319 -408  1
3797500 2746500  8 18 24  18.7 1014 115  1.3 1  7.7  54    0    0 315 -403  1
3797500 2746500  8 19  1  18.6 1014 113  1.6 1  7.8  58    0    0 313 -399  1
3797500 2746500  8 19  2  18.3 1014 108  1.7 1  7.8  59    0    0 312 -396  1
3797500 2746500  8 19  3  17.5 1013 118  1.6 0  7.8  61    0    0 309 -394  1
3797500 2746500  8 19  4  19.7 1013 161  2.7 0  7.9  59    0    0 310 -391  1
3797500 2746500  8 19  5  19.4 1014 169  2.6 1  8.0  57    0    0 315 -390  1
3797500 2746500  8 19  6  18.5 1013 158  2.9 1  8.1  59    2   12 315 -388  1
3797500 2746500  8 19  7  20.3 1013 167  2.6 0  8.1  58   62   52 314 -389  1
3797500 2746500  8 19  8  22.1 1013 156  2.5 0  8.3  53  174   90 316 -397  1
3797500 2746500  8 19  9  23.9 1013 156  2.9 0  8.6  49  291  127 323 -413  1
3797500 2746500  8 19 10  25.6 1013 157  3.2 0  8.9  46  410  145 331 -434  1
3797500 2746500  8 19 11  26.8 1013 152  3.1 1  9.1  43  519  151 340 -458  1
3797500 2746500  8 19 12  27.7 1013 139  3.3 1  8.8  39  592  158 347 -480  1
3797500 2746500  8 19 13  28.4 1013 148  3.6 1  8.5  36  622  157 352 -496  1
3797500 2746500  8 19 14  29.2 1012 171  2.9 1  8.4  34  617  145 357 -508  1
3797500 2746500  8 19 15  29.6 1012 210  2.5 2  7.8  30  555  136 361 -514  1
3797500 2746500  8 19 16  30.5 1012 151  2.6 2  7.6  28  463  121 365 -514  1
3797500 2746500  8 19 17  30.8 1011 161  2.2 2  8.0  29  337  108 368 -509  1
3797500 2746500  8 19 18  30.9 1011 168  1.5 3  8.2  29  209   76 370 -499  1
3797500 2746500  8 19 19  29.1 1011 139  0.8 2  8.6  32   85   43 368 -485  1
3797500 2746500  8 19 20  26.6 1011 106  1.0 2  8.9  38    7    8 361 -469  1
3797500 2746500  8 19 21  25.5 1011 110  0.9 4  9.0  42    0    0 356 -454  1
3797500 2746500  8 19 22  25.5 1012 103  1.1 3  9.3  45    0    0 353 -443  1
3797500 2746500  8 19 23  24.5 1012 107  1.1 2  9.5  48    0    0 352 -437  1
3797500 2746500  8 19 24  24.5 1012 135  1.1 2  9.5  49    0    0 350 -435  1
3797500 2746500  8 20  1  24.0 1012 159  1.2 2  9.6  50    0    0 350 -433  1
3797500 2746500  8 20  2  22.7 1012 102  1.8 1  9.6  53    0    0 347 -431  1
3797500 2746500  8 20  3  22.3 1011 100  1.9 0  9.6  56    0    0 344 -429  1
3797500 2746500  8 20  4  22.2 1011 111  2.0 1  9.7  58    0    0 344 -427  1
3797500 2746500  8 20  5  22.4 1010 145  2.7 1  9.9  59    0    0 346 -426  1
3797500 2746500  8 20  6  23.8 1010 142  3.2 1 10.0  56    3   10 349 -428  1
3797500 2746500  8 20  7  25.5 1010 155  3.0 0 10.1  52   58   49 354 -430  1
3797500 2746500  8 20  8  26.7 1009 144  2.9 0 10.2  48  185   74 357 -435  1
3797500 2746500  8 20  9  28.6 1009 164  2.9 1 10.3  44  182  169 363 -450  1
3797500 2746500  8 20 10  28.8 1009 194  2.4 5 10.5  42   46  234 372 -472  1
3797500 2746500  8 20 11  31.7 1009 153  4.9 3 10.7  40  265  276 383 -492  1
3797500 2746500  8 20 12  30.3 1008 164  5.5 6 10.7  38   82  317 390 -509  1
3797500 2746500  8 20 13  33.1 1008 155  6.0 2 10.5  36  453  218 394 -526  1
3797500 2746500  8 20 14  34.1 1008 165  6.0 2 10.4  32  374  237 400 -542  1
3797500 2746500  8 20 15  33.5 1008 158  5.2 5 11.3  34   33  258 407 -550  1
3797500 2746500  8 20 16  33.6 1007 152  2.2 5 12.1  37  112  241 414 -554  1
3797500 2746500  8 20 17  33.3 1007 160  4.4 5 11.9  36   83  182 415 -550  1
3797500 2746500  8 20 18  32.5 1007 168  3.0 5 12.0  38   48  120 415 -540  1
3797500 2746500  8 20 19  30.0 1005 176  2.3 4 12.3  43   76   42 410 -524  1
3797500 2746500  8 20 20  25.6 1006 316  3.9 5 11.4  48    7    7 397 -498  1
3797500 2746500  8 20 21  24.1 1009 315  2.6 5 10.7  54    0    0 389 -476  1
3797500 2746500  8 20 22  22.8 1010 235  1.7 6 11.0  61    0    0 386 -465  1
3797500 2746500  8 20 23  20.6 1012 226  0.9 6 11.8  72    0    0 384 -457  1
3797500 2746500  8 20 24  20.4 1012 301  0.6 6 12.4  82    0    0 379 -450  1
3797500 2746500  8 21  1  20.1 1012 238  1.7 5 12.4  83    0    0 376 -446  1
3797500 2746500  8 21  2  19.5 1012 278  1.5 5 11.8  81    0    0 369 -442  1
3797500 2746500  8 21  3  19.1 1012 247  1.9 5 11.1  79    0    0 367 -439  1
3797500 2746500  8 21  4  17.7 1012 239  1.9 5 10.1  76    0    0 362 -436  1
3797500 2746500  8 21  5  17.5 1013 230  2.1 5  9.5  75    0    0 357 -434  1
3797500 2746500  8 21  6  17.2 1013 239  2.2 8  9.4  76    0    5 367 -430  1
3797500 2746500  8 21  7  17.4 1013 240  2.2 7  9.2  75    0   22 371 -427  1
3797500 2746500  8 21  8  17.0 1014 239  2.1 7  9.2  75    0   81 366 -427  1
3797500 2746500  8 21  9  17.7 1014 240  3.0 6  9.3  75   41  208 364 -430  1
3797500 2746500  8 21 10  18.1 1014 240  3.0 5  9.5  74   57  265 360 -438  1
3797500 2746500  8 21 11  18.4 1014 248  3.6 4  9.3  71  137  343 353 -449  1
3797500 2746500  8 21 12  19.7 1014 267  3.2 3  8.7  63  258  359 348 -460  1
3797500 2746500  8 21 13  20.7 1014 217  3.3 4  8.2  55  223  378 353 -469  1
3797500 2746500  8 21 14  21.6 1014 208  2.9 4  7.8  50  220  352 361 -473  1
3797500 2746500  8 21 15  22.4 1014 256  3.8 3  7.4  45  179  331 358 -477  1
3797500 2746500  8 21 16  21.9 1014 255  3.0 2  6.7  40  248  249 347 -480  1
3797500 2746500  8 21 17  22.3 1013 241  2.7 3  6.3  38  176  194 344 -472  1
3797500 2746500  8 21 18  21.7 1013 251  2.0 5  6.6  40  100  130 355 -457  1
3797500 2746500  8 21 19  20.8 1014 275  1.6 4  6.9  44   38   62 354 -442  1
3797500 2746500  8 21 20  19.5 1014 315  1.3 4  7.3  50    2    9 340 -428  1
3797500 2746500  8 21 21  19.6 1014 332  1.7 6  7.6  54    0    0 341 -417  1
3797500 2746500  8 21 22  18.4 1015   0  0.8 5  7.8  57    0    0 342 -409  1
3797500 2746500  8 21 23  17.6 1015 292  0.2 3  8.0  62    0    0 327 -403  1
3797500 2746500  8 21 24  16.7 1015 272  0.3 3  8.1  67    0    0 318 -398  1
3797500 2746500  8 22  1  15.6 1016 262  0.7 2  8.1  71    0    0 312 -394  1
3797500 2746500  8 22  2  15.5 1016 292  0.6 1  7.8  71    0    0 302 -389  1
3797500 2746500  8 22  3  14.7 1016 197  0.6 1  7.6  71    0    0 296 -385  1
3797500 2746500  8 22  4  14.3 1016 191  0.8 1  7.6  74    0    0 294 -382  1
3797500 2746500  8 22  5  14.1 1016 216  0.8 2  7.8  77    0    0 297 -379  1
3797500 2746500  8 22  6  13.6 1016 205  0.8 3  7.7  78    0    9 302 -376  1
3797500 2746500  8 22  7  15.1 1017 211  1.3 4  7.9  77    5   58 309 -376  1
3797500 2746500  8 22  8  16.5 1017 180  1.2 3  8.4  75   68  137 314 -383  1
3797500 2746500  8 22  9  17.6 1017 245  1.9 5  8.5  70  176  188 323 -398  1
3797500 2746500  8 22 10  18.1 1017 221  2.4 4  7.8  62  278  224 332 -416  1
3797500 2746500  8 22 11  19.3 1018 250  2.4 4  7.2  53  440  199 335 -434  1
3797500 2746500  8 22 12  19.9 1018 251  2.2 3  6.7  47  519  197 336 -449  1
3797500 2746500  8 22 13  21.3 1017 237  2.4 2  6.8  45  438  257 334 -460  1
3797500 2746500  8 22 14  21.9 1017 223  1.6 2  6.8  42  390  265 333 -468  1
3797500 2746500  8 22 15  22.6 1017 166  2.7 2  6.5  39  277  275 333 -474  1
3797500 2746500  8 22 16  22.9 1017 193  2.5 3  6.5  38  206  239 339 -471  1
3797500 2746500  8 22 17  21.7 1016 294  1.4 3  6.3  38  194  167 341 -461  1
3797500 2746500  8 22 18  21.8 1017 292  0.8 1  6.4  40   89  117 333 -450  1
3797500 2746500  8 22 19  21.7 1017 357  1.4 1  6.9  42   26   51 325 -439  1
3797500 2746500  8 22 20  19.5 1017 345  1.1 1  7.3  49    0    7 322 -428  1
3797500 2746500  8 22 21  18.8 1017 359  1.5 2  7.5  55    0    0 321 -417  1
3797500 2746500  8 22 22  17.8 1018  25  1.3 2  7.6  58    0    0 322 -409  1
3797500 2746500  8 22 23  16.6 1019  52  1.2 2  7.7  63    0    0 318 -403  1
3797500 2746500  8 22 24  17.4 1018  86  1.9 1  7.7  64    0    0 312 -398  1
3797500 2746500  8 23  1  16.4 1018  94  2.2 0  7.7  64    0    0 303 -392  1
3797500 2746500  8 23  2  16.3 1018  96  2.3 0  7.6  65    0    0 296 -388  1
3797500 2746500  8 23  3  15.6 1018 117  1.5 0  7.4  66    0    0 294 -385  1
3797500 2746500  8 23  4  15.3 1018 107  1.2 0  7.3  67    0    0 292 -382  1
3797500 2746500  8 23  5  15.1 1018 104  1.6 1  7.2  67    0    0 295 -380  1
3797500 2746500  8 23  6  14.7 1017 107  1.3 2  7.1  68    0   10 303 -379  1
3797500 2746500  8 23  7  16.9 1017 113  1.1 2  7.4  66   38   57 309 -378  1
3797500 2746500  8 23  8  18.3 1017 119  1.4 1  7.8  62  134  107 308 -384  1
3797500 2746500  8 23  9  20.1 1017 130  1.5 4  8.1  58  221  159 321 -398  1
3797500 2746500  8 23 10  22.8 1017 158  2.1 4  7.6  48  375  162 342 -417  1
3797500 2746500  8 23 11  23.8 1016 159  3.2 4  7.1  40  398  216 349 -437  1
3797500 2746500  8 23 12  24.2 1016 168  3.8 3  6.9  37  503  198 348 -457  1
3797500 2746500  8 23 13  24.9 1015 150  3.4 0  6.2  32  621  142 332 -474  1
3797500 2746500  8 23 14  25.0 1014 105  3.9 0  5.7  29  599  140 321 -485  1
3797500 2746500  8 23 15  25.6 1013 169  4.1 1  5.9  29  539  130 328 -488  1
3797500 2746500  8 23 16  25.7 1012 120  4.3 1  6.1  30  443  119 334 -486  1
3797500 2746500  8 23 17  25.7 1011 160  4.2 1  6.2  30  318  107 333 -480  1
3797500 2746500  8 23 18  25.3 1011 142  3.2 3  6.4  32  176   92 338 -470  1
3797500 2746500  8 23 19  24.4 1010 121  3.5 2  6.3  32   51   56 338 -457  1
3797500 2746500  8 23 20  22.0 1010 131  1.6 2  6.3  35    1    9 330 -443  1
3797500 2746500  8 23 21  20.4 1010  99  1.7 4  6.5  41    0    0 332 -431  1
3797500 2746500  8 23 22  19.9 1010 104  1.9 4  6.6  45    0    0 336 -421  1
3797500 2746500  8 23 23  20.0 1010  98  1.8 3  6.6  46    0    0 332 -414  1
3797500 2746500  8 23 24  19.4 1009  93  1.6 2  6.6  46    0    0 324 -408  1
3797500 2746500  8 24  1  18.1 1009  89  1.8 1  6.6  49    0    0 314 -406  1
3797500 2746500  8 24  2  17.3 1008 105  1.9 1  6.9  54    0    0 308 -406  1
3797500 2746500  8 24  3  17.1 1008 103  2.2 1  7.0  57    0    0 307 -407  1
3797500 2746500  8 24  4  16.8 1007  94  2.1 1  7.0  58    0    0 307 -408  1
3797500 2746500  8 24  5  16.5 1006  86  2.1 1  7.1  60    0    0 305 -406  1
3797500 2746500  8 24  6  15.6 1006  91  2.2 0  7.1  62    0    9 299 -404  1
3797500 2746500  8 24  7  17.3 1005  90  2.6 1  7.4  63   41   54 301 -403  1
3797500 2746500  8 24  8  19.2 1005  96  3.1 0  7.9  60  154   94 306 -406  1
3797500 2746500  8 24  9  20.8 1004 104  3.9 0  8.3  56  293  114 308 -416  1
3797500 2746500  8 24 10  22.3 1004 131  4.2 0  8.5  52  426  123 314 -434  1
3797500 2746500  8 24 11  23.9 1003 133  4.4 0  8.5  48  548  119 323 -452  1
3797500 2746500  8 24 12  25.3 1003 150  3.8 0  8.3  43  633  112 329 -467  1
3797500 2746500  8 24 13  26.8 1002 153  4.1 0  8.4  39  647  116 337 -480  1
3797500 2746500  8 24 14  27.5 1002 159  3.2 0  8.2  36  618  118 343 -490  1
3797500 2746500  8 24 15  28.2 1001 132  4.2 0  7.7  32  560  108 345 -497  1
3797500 2746500  8 24 16  28.8 1001 181  4.0 0  7.8  32  456  103 348 -501  1
3797500 2746500  8 24 17  28.9 1000 164  3.1 0  8.0  32  323   97 350 -499  1
3797500 2746500  8 24 18  28.4 1000 159  2.4 1  8.3  34  178   85 351 -490  1
3797500 2746500  8 24 19  27.0  999 141  1.6 4  9.0  38   32   46 356 -476  1
3797500 2746500  8 24 20  25.3  999 169  1.8 5  9.3  43    0    7 361 -461  1
3797500 2746500  8 24 21  25.8 1000 223  2.0 7  9.1  44    0    0 367 -448  1
3797500 2746500  8 24 22  24.1 1001 178  1.7 6  9.0  45    0    0 368 -439  1
3797500 2746500  8 24 23  23.8 1001 173  2.2 5  8.9  47    0    0 361 -432  1
3797500 2746500  8 24 24  22.9 1001 211  1.8 5  8.9  49    0    0 357 -427  1
3797500 2746500  8 25  1  23.5 1001 240  2.3 4  8.9  49    0    0 355 -424  1
3797500 2746500  8 25  2  21.9 1001 223  1.2 4  8.8  50    0    0 352 -424  1
3797500 2746500  8 25  3  22.4 1001 247  2.8 6  8.9  53    0    0 358 -424  1
3797500 2746500  8 25  4  21.6 1002 239  2.8 6  9.5  56    0    0 365 -423  1
3797500 2746500  8 25  5  19.6 1003 239  2.0 7 10.4  68    0    0 366 -423  1
3797500 2746500  8 25  6  18.4 1002  95  1.3 7 10.9  78    0    0 365 -421  1
3797500 2746500  8 25  7  18.8 1002 149  1.5 8 11.1  82    0   10 369 -421  1
3797500 2746500  8 25  8  18.3 1003 119  1.3 8 11.3  83    0   33 373 -425  1
3797500 2746500  8 25  9  18.1 1003 166  1.3 7 11.3  85    0   63 372 -434  1
3797500 2746500  8 25 10  18.2 1003 223  1.4 8 11.3  86    0   68 373 -439  1
3797500 2746500  8 25 11  18.0 1004 159  1.9 8 11.4  86    0  113 378 -443  1
3797500 2746500  8 25 12  19.0 1004 138  1.2 8 11.7  86    0  140 382 -450  1
3797500 2746500  8 25 13  19.8 1003 317  0.8 8 12.0  84    0  184 387 -458  1
3797500 2746500  8 25 14  20.4 1003 265  1.4 7 12.1  81    8  245 387 -468  1
3797500 2746500  8 25 15  21.7 1004 175  3.0 6 12.1  76   39  289 384 -466  1
3797500 2746500  8 25 16  22.6 1004 225  2.6 6 12.2  72   34  243 384 -456  1
3797500 2746500  8 25 17  22.5 1004 242  2.7 6 12.0  69   15  175 385 -450  1
3797500 2746500  8 25 18  22.8 1004 252  2.5 6 11.7  67    0   76 385 -446  1
3797500 2746500  8 25 19  21.5 1004 270  1.8 6 11.5  68    0   16 383 -442  1
3797500 2746500  8 25 20  20.6 1005 276  1.6 6 11.1  70    0    1 378 -434  1
3797500 2746500  8 25 21  19.7 1005 285  2.3 6 10.7  72    0    0 374 -425  1
3797500 2746500  8 25 22  18.8 1006 275  1.4 5 10.3  73    0    0 365 -420  1
3797500 2746500  8 25 23  17.5 1007 278  1.0 4  9.7  74    0    0 351 -416  1
3797500 2746500  8 25 24  15.5 1007 216  0.6 3  9.3  79    0    0 336 -411  1
3797500 2746500  8 26  1  14.8 1008 188  0.9 3  9.3  86    0    0 327 -408  1
3797500 2746500  8 26  2  13.9 1008 184  1.2 1  9.2  89    0    0 316 -407  1
3797500 2746500  8 26  3  14.8 1008 189  1.1 1  9.1  89    0    0 306 -408  1
3797500 2746500  8 26  4  14.5 1009 207  1.0 3  9.3  89    0    0 314 -408  1
3797500 2746500  8 26  5  14.4 1009 197  1.4 2  9.2  89    0    0 315 -408  1
3797500 2746500  8 26  6  14.8 1009 176  1.9 3  9.0  86    0    6 312 -408  1
3797500 2746500  8 26  7  15.6 1009 185  1.5 4  9.2  84   24   53 321 -409  1
3797500 2746500  8 26  8  17.3 1009 160  1.8 4  9.6  81  112  111 329 -412  1
3797500 2746500  8 26  9  18.9 1009 164  2.8 4  9.9  76  261  131 335 -420  1
3797500 2746500  8 26 10  20.7 1009 172  2.8 4  9.7  67  392  144 343 -433  1
3797500 2746500  8 26 11  21.6 1009 156  3.5 4  9.3  59  506  146 349 -446  1
3797500 2746500  8 26 12  22.5 1009 158  4.0 3  8.7  52  458  219 350 -460  1
3797500 2746500  8 26 13  22.7 1009 199  3.2 2  7.5  44  356  286 345 -474  1
3797500 2746500  8 26 14  23.4 1009 184  4.0 2  6.7  38  335  280 345 -484  1
3797500 2746500  8 26 15  23.5 1008 265  3.1 3  6.6  37  367  217 350 -488  1
3797500 2746500  8 26 16  24.5 1008 247  2.5 5  6.6  35  166  235 359 -486  1
3797500 2746500  8 26 17  24.4 1008 223  2.6 6  6.7  35   86  178 370 -481  1
3797500 2746500  8 26 18  24.1 1007 245  1.3 6  7.2  38   53  110 372 -472  1
3797500 2746500  8 26 19  22.9 1007 192  1.0 4  7.8  43   21   42 367 -460  1
3797500 2746500  8 26 20  21.8 1007 142  1.2 4  8.3  49    0    3 359 -449  1
3797500 2746500  8 26 21  21.6 1007 190  1.3 5  8.2  50    0    0 363 -438  1
3797500 2746500  8 26 22  20.5 1008 185  1.2 2  8.2  52    0    0 355 -430  1
3797500 2746500  8 26 23  19.4 1008 172  1.5 1  8.2  56    0    0 337 -427  1
3797500 2746500  8 26 24  19.2 1008 177  1.4 1  8.1  58    0    0 333 -426  1
3797500 2746500  8 27  1  18.6 1008 178  1.4 1  8.4  61    0    0 335 -422  1
3797500 2746500  8 27  2  18.6 1008 159  1.6 1  8.6  64    0    0 335 -416  1
3797500 2746500  8 27  3  18.9 1008 190  2.1 2  8.8  64    0    0 339 -410  1
3797500 2746500  8 27  4  18.2 1008 165  2.3 1  8.8  66    0    0 338 -405  1
3797500 2746500  8 27  5  18.5 1008 181  2.0 1  8.9  67    0    0 335 -403  1
3797500 2746500  8 27  6  18.8 1008 183  2.1 2  9.0  67    0    6 339 -401  1
3797500 2746500  8 27  7  19.3 1008 181  2.1 1  9.3  67   34   52 340 -400  1
3797500 2746500  8 27  8  21.5 1008 185  2.4 1  9.6  64  149   93 342 -406  1
3797500 2746500  8 27  9  23.0 1009 187  2.9 1  9.5  56  270  123 347 -421  1
3797500 2746500  8 27 10  24.1 1009 216  3.5 2  9.5  52  394  139 353 -440  1
3797500 2746500  8 27 11  25.2 1009 215  4.5 1  9.4  48  531  126 358 -460  1
3797500 2746500  8 27 12  25.9 1008 222  5.7 2  8.8  43  380  256 363 -478  1
3797500 2746500  8 27 13  26.4 1008 219  6.4 2  8.5  40  275  312 367 -492  1
3797500 2746500  8 27 14  27.4 1008 213  5.8 1  8.8  39  464  202 371 -501  1
3797500 2746500  8 27 15  27.3 1008 232  4.4 4  8.9  39  201  278 375 -504  1
3797500 2746500  8 27 16  26.2 1007 265  3.8 6  9.0  41   64  222 380 -499  1
3797500 2746500  8 27 17  26.2 1007 266  3.6 5  9.3  44  139  169 379 -494  1
3797500 2746500  8 27 18  25.8 1007 203  3.1 3  9.6  45  157   88 374 -486  1
3797500 2746500  8 27 19  25.0 1007 260  2.0 4 10.0  49   44   50 370 -472  1
3797500 2746500  8 27 20  23.8 1006 209  2.0 4 10.4  54    0    2 369 -459  1
3797500 2746500  8 27 21  23.5 1007 208  1.3 2 10.5  57    0    0 364 -450  1
3797500 2746500  8 27 22  21.5 1007 178  1.1 2 10.4  61    0    0 358 -444  1
3797500 2746500  8 27 23  21.8 1006 210  1.6 3 10.4  64    0    0 358 -440  1
3797500 2746500  8 27 24  21.8 1006 206  1.7 4 10.5  63    0    0 364 -436  1
3797500 2746500  8 28  1  21.7 1006 181  1.9 4 10.5  64    0    0 368 -431  1
3797500 2746500  8 28  2  21.6 1005 199  2.2 4 10.6  65    0    0 368 -426  1
3797500 2746500  8 28  3  21.3 1005 221  3.2 5 10.7  66    0    0 371 -422  1
3797500 2746500  8 28  4  20.9 1005 233  2.5 6 10.9  69    0    0 375 -419  1
3797500 2746500  8 28  5  20.2 1004 263  2.5 6 10.9  71    0    0 376 -416  1
3797500 2746500  8 28  6  19.5 1004 238  2.5 7 10.6  72    0    0 376 -416  1
3797500 2746500  8 28  7  18.8 1004 231  3.1 7 10.5  74    1   39 377 -419  1
3797500 2746500  8 28  8  19.1 1004 222  3.7 5 10.1  73   71  112 372 -422  1
3797500 2746500  8 28  9  19.6 1004 235  4.2 5  9.5  67  148  162 368 -424  1
3797500 2746500  8 28 10  19.1 1004 235  4.2 7  9.3  65   23  211 374 -425  1
3797500 2746500  8 28 11  18.5 1004 214  5.1 6  9.7  70   27  242 375 -427  1
3797500 2746500  8 28 12  19.8 1005 227  5.0 6  9.8  70   49  272 375 -425  1
3797500 2746500  8 28 13  21.4 1005 245  5.3 4  8.5  56  282  278 372 -429  1
3797500 2746500  8 28 14  22.4 1005 245  6.6 4  7.0  42  226  279 365 -442  1
3797500 2746500  8 28 15  20.7 1005 275  2.9 4  6.3  39  178  256 358 -452  1
3797500 2746500  8 28 16  21.0 1006 242  4.7 3  5.9  38  265  176 348 -455  1
3797500 2746500  8 28 17  21.2 1006 237  4.5 5  5.9  38  110  160 348 -452  1
3797500 2746500  8 28 18  20.6 1006 243  5.5 4  5.5  36  140   74 347 -444  1
3797500 2746500  8 28 19  19.5 1006 236  5.1 3  5.1  35   39   40 336 -431  1
3797500 2746500  8 28 20  18.7 1006 235  4.3 3  4.9  36    0    0 327 -419  1
3797500 2746500  8 28 21  17.5 1007 238  2.5 3  5.0  38    0    0 323 -409  1
3797500 2746500  8 28 22  17.3 1007 250  3.2 3  5.5  44    0    0 322 -403  1
3797500 2746500  8 28 23  16.6 1008 238  3.1 2  5.8  48    0    0 318 -399  1
3797500 2746500  8 28 24  16.0 1008 241  2.8 3  6.0  52    0    0 317 -395  1
3797500 2746500  8 29  1  16.1 1008 239  3.2 6  6.5  56    0    0 339 -393  1
3797500 2746500  8 29  2  13.9 1008 268  1.5 7  6.8  64    0    0 356 -390  1
3797500 2746500  8 29  3  13.4 1008 229  1.8 8  6.9  70    0    0 360 -386  1
3797500 2746500  8 29  4  13.4 1008 219  2.7 8  6.9  72    0    0 367 -383  1
3797500 2746500  8 29  5  13.1 1009 238  2.8 5  7.0  73    0    0 349 -380  1
3797500 2746500  8 29  6  12.8 1009 229  2.8 2  7.0  75    0    5 315 -378  1
3797500 2746500  8 29  7  13.5 1010 229  2.7 3  7.3  77   27   46 304 -376  1
3797500 2746500  8 29  8  14.6 1010 240  3.0 2  7.6  76  171   58 304 -379  1
3797500 2746500  8 29  9  15.3 1011 250  3.8 4  7.8  73  153  143 309 -387  1
3797500 2746500  8 29 10  15.7 1011 249  3.5 6  7.8  71  141  207 329 -400  1
3797500 2746500  8 29 11  16.8 1012 248  4.1 5  7.5  65  165  242 336 -413  1
3797500 2746500  8 29 12  18.4 1012 245  5.2 4  6.9  55  163  265 329 -425  1
3797500 2746500  8 29 13  19.2 1012 242  4.6 4  6.4  47  143  268 327 -434  1
3797500 2746500  8 29 14  18.7 1012 249  4.4 5  6.0  44   76  260 328 -440  1
3797500 2746500  8 29 15  18.2 1012 263  4.0 6  5.9  45  103  237 332 -443  1
3797500 2746500  8 29 16  19.5 1013 270  6.1 3  5.8  43  239  163 322 -444  1
3797500 2746500  8 29 17  19.4 1013 265  4.5 1  5.7  40  314   64 304 -442  1
3797500 2746500  8 29 18  18.4 1013 283  3.1 2  5.7  42  173   67 299 -434  1
3797500 2746500  8 29 19  17.6 1013 301  2.0 1  5.6  44   39   40 298 -424  1
3797500 2746500  8 29 20  16.2 1014 300  0.7 1  5.4  45    0    0 289 -412  1
3797500 2746500  8 29 21  13.7 1014 268  0.2 0  5.3  50    0    0 278 -401  1
3797500 2746500  8 29 22  12.9 1015 202  0.6 1  5.6  58    0    0 272 -393  1
3797500 2746500  8 29 23  12.5 1015 191  0.9 3  5.8  63    0    0 285 -388  1
3797500 2746500  8 29 24  12.8 1015 176  0.8 4  5.9  65    0    0 298 -385  1
3797500 2746500  8 30  1  13.4 1014 190  1.2 5  5.9  63    0    0 307 -381  1
3797500 2746500  8 30  2  13.0 1014 179  1.6 5  5.9  62    0    0 311 -378  1
3797500 2746500  8 30  3  12.5 1014 171  2.0 4  5.9  65    0    0 305 -376  1
3797500 2746500  8 30  4  12.6 1013 221  2.3 3  6.1  67    0    0 298 -374  1
3797500 2746500  8 30  5  11.9 1013 213  2.0 5  6.2  70    0    0 305 -372  1
3797500 2746500  8 30  6  12.0 1013 213  2.4 4  6.4  73    0    5 311 -372  1
3797500 2746500  8 30  7  12.7 1013 214  2.7 5  6.6  74   17   50 313 -374  1
3797500 2746500  8 30  8  14.0 1013 213  2.8 3  7.0  74  126   88 311 -379  1
3797500 2746500  8 30  9  14.9 1014 231  3.4 2  7.4  72  330   63 299 -388  1
3797500 2746500  8 30 10  17.0 1014 219  3.6 3  7.7  68  401  102 307 -400  1
3797500 2746500  8 30 11  18.0 1014 238  3.8 4  7.8  63  200  251 325 -415  1
3797500 2746500  8 30 12  18.2 1014 239  4.2 3  7.1  55  223  275 329 -429  1
3797500 2746500  8 30 13  18.8 1014 234  4.8 2  6.5  49  129  283 321 -441  1
3797500 2746500  8 30 14  18.1 1014 290  4.3 5  6.4  48   40  257 332 -448  1
3797500 2746500  8 30 15  18.4 1014 231  3.0 5  6.5  50   63  242 346 -450  1
3797500 2746500  8 30 16  19.0 1014 222  3.1 6  6.5  49   31  197 351 -451  1
3797500 2746500  8 30 17  19.2 1013 233  3.1 6  6.5  47   59  157 355 -450  1
3797500 2746500  8 30 18  19.5 1013 271  2.1 5  6.5  46   39   99 351 -443  1
3797500 2746500  8 30 19  19.0 1013 304  0.8 5  6.6  47   11   37 345 -433  1
3797500 2746500  8 30 20  16.5 1013  59  1.4 4  6.9  55    0    0 334 -421  1
3797500 2746500  8 30 21  15.8 1013  95  1.0 1  7.2  63    0    0 313 -410  1
3797500 2746500  8 30 22  15.0 1013 333  1.0 0  7.3  67    0    0 293 -401  1
3797500 2746500  8 30 23  15.0 1013 188  1.0 0  7.3  68    0    0 285 -393  1
3797500 2746500  8 30 24  14.0 1013 169  1.6 0  7.2  70    0    0 284 -389  1
3797500 2746500  8 31  1  15.3 1014 183  2.2 0  7.1  68    0    0 283 -389  1
3797500 2746500  8 31  2  15.2 1013 175  2.3 0  7.0  64    0    0 284 -391  1
3797500 2746500  8 31  3  15.7 1013 177  3.1 0  6.9  63    0    0 285 -393  1
3797500 2746500  8 31  4  15.8 1012 183  2.5 0  6.9  62    0    0 288 -396  1
3797500 2746500  8 31  5  15.3 1012 177  2.5 0  6.9  62    0    0 288 -395  1
3797500 2746500  8 31  6  15.1 1012 176  2.1 1  6.8  63    0    5 293 -393  1
3797500 2746500  8 31  7  15.9 1012 177  2.7 1  6.8  62   24   53 298 -393  1
3797500 2746500  8 31  8  17.2 1012 170  2.9 1  6.9  58  121  106 301 -398  1
3797500 2746500  8 31  9  19.3 1012 174  2.8 3  7.0  54  245  138 320 -408  1
3797500 2746500  8 31 10  21.1 1012 164  3.6 2  7.2  48  362  160 335 -422  1
3797500 2746500  8 31 11  22.3 1012 202  3.1 2  7.1  44  438  184 338 -439  1
3797500 2746500  8 31 12  23.7 1011 174  3.3 3  6.9  40  477  204 350 -457  1
3797500 2746500  8 31 13  24.0 1011 156  3.6 2  7.0  38  536  176 355 -472  1
3797500 2746500  8 31 14  24.9 1010 152  3.3 2  7.1  37  532  161 354 -483  1
3797500 2746500  8 31 15  25.9 1009 175  2.2 3  7.2  35  479  149 363 -488  1
3797500 2746500  8 31 16  26.3 1008 179  3.5 1  7.3  35  389  132 362 -488  1
3797500 2746500  8 31 17  26.2 1007 141  3.5 1  7.3  34  269  114 354 -481  1
3797500 2746500  8 31 18  26.2 1007 153  3.3 1  7.0  33  137   92 351 -470  1
3797500 2746500  8 31 19  24.8 1006 140  2.9 1  7.1  35   29   43 349 -457  1
3797500 2746500  8 31 20  23.9 1006 134  2.7 1  7.3  38    0    0 344 -443  1
3797500 2746500  8 31 21  23.2 1006 131  2.5 0  7.0  38    0    0 336 -430  1
3797500 2746500  8 31 22  23.2 1005 146  3.0 1  6.5  36    0    0 332 -422  1
3797500 2746500  8 31 23  23.4 1005 155  3.9 1  6.0  33    0    0 336 -418  1
3797500 2746500  8 31 24  21.0 1004 167  3.2 1  6.0  36    0    0 333 -416  1
3797500 2746500  9  1  1  21.2 1004 171  2.5 0  6.1  38    0    0 320 -415  1
3797500 2746500  9  1  2  21.0 1004 163  3.0 0  6.1  39    0    0 318 -415  1
3797500 2746500  9  1  3  21.4 1003 165  3.3 0  6.1  39    0    0 319 -415  1
3797500 2746500  9  1  4  20.9 1002 163  3.3 0  6.4  40    0    0 319 -415  1
3797500 2746500  9  1  5  21.6 1002 173  3.2 0  6.8  42    0    0 322 -414  1
3797500 2746500  9  1  6  21.8 1002 161  3.3 1  7.2  44    0    0 326 -411  1
3797500 2746500  9  1  7  22.2 1001 172  3.6 0  7.6  46   39   37 327 -411  1
3797500 2746500  9  1  8  23.2 1002 185  2.8 0  8.1  46  170   71 325 -415  1
3797500 2746500  9  1  9  24.8 1002 197  3.8 0  8.6  45  327   84 329 -427  1
3797500 2746500  9  1 10  25.0 1002 224  5.2 1  8.8  44  431  102 336 -443  1
3797500 2746500  9  1 11  24.6 1003 228  5.0 4  8.5  43  228  262 349 -457  1
3797500 2746500  9  1 12  23.0 1003 229  3.7 6  8.7  47   35  275 365 -463  1
3797500 2746500  9  1 13  22.2 1003 221  4.0 7  9.4  54   16  249 375 -456  1
3797500 2746500  9  1 14  20.9 1004 220  2.5 7 10.0  61    0  165 380 -438  1
3797500 2746500  9  1 15  18.9 1004 233  2.6 7 10.1  69    0   93 377 -428  1
3797500 2746500  9  1 16  18.5 1005 225  1.9 7 10.5  77    0   74 375 -428  1
3797500 2746500  9  1 17  18.2 1005 196  2.2 7 11.0  82    0   65 377 -431  1
3797500 2746500  9  1 18  18.6 1005 182  2.2 7 11.1  83    0   47 379 -430  1
3797500 2746500  9  1 19  18.3 1005 247  3.4 8 10.9  81    0   10 384 -427  1
3797500 2746500  9  1 20  18.1 1005 222  2.9 8 10.7  81    0    0 388 -423  1
3797500 2746500  9  1 21  18.4 1005 192  1.7 7 10.7  81    0    0 383 -420  1
3797500 2746500  9  1 22  18.1 1006 220  2.6 6 10.7  81    0    0 374 -419  1
3797500 2746500  9  1 23  17.8 1006 244  3.3 5 10.5  80    0    0 364 -417  1
3797500 2746500  9  1 24  17.6 1006 219  3.1 5 10.2  80    0    0 357 -414  1
3797500 2746500  9  2  1  16.5 1007 229  2.5 5 10.0  81    0    0 350 -407  1
3797500 2746500  9  2  2  15.6 1007 229  2.2 4  9.6  84    0    0 339 -399  1
3797500 2746500  9  2  3  15.3 1007 199  1.8 3  9.3  84    0    0 326 -393  1
3797500 2746500  9  2  4  15.3 1008 209  2.3 2  8.9  81    0    0 315 -389  1
3797500 2746500  9  2  5  15.1 1008 199  1.6 1  8.6  79    0    0 305 -386  1
3797500 2746500  9  2  6  14.7 1008 181  1.7 2  8.5  80    0    0 303 -383  1
3797500 2746500  9  2  7  15.3 1008 183  1.7 4  8.6  81    3   36 313 -382  1
3797500 2746500  9  2  8  16.2 1008 211  2.1 4  9.1  81   64  122 321 -386  1
3797500 2746500  9  2  9  16.6 1008 211  2.8 5  9.2  79  118  199 324 -396  1
3797500 2746500  9  2 10  18.3 1008 219  3.2 6  9.3  74  177  262 333 -410  1
3797500 2746500  9  2 11  18.7 1009 217  3.6 6  8.9  66  154  320 336 -423  1
3797500 2746500  9  2 12  19.6 1008 191  2.8 5  8.4  60  154  348 334 -436  1
3797500 2746500  9  2 13  20.2 1008 189  2.9 6  8.6  59   96  344 339 -446  1
3797500 2746500  9  2 14  20.3 1007 172  2.9 5  8.7  58   87  326 343 -454  1
3797500 2746500  9  2 15  20.3 1006 203  3.7 6  8.1  54   40  268 343 -456  1
3797500 2746500  9  2 16  20.9 1006 217  3.3 6  7.7  50   15  197 347 -454  1
3797500 2746500  9  2 17  20.6 1005 241  3.8 4  7.3  48  108  171 340 -450  1
3797500 2746500  9  2 18  19.6 1005 207  3.1 3  7.0  47   98  108 328 -443  1
3797500 2746500  9  2 19  18.7 1004 226  2.4 4  7.0  50   10   25 325 -436  1
3797500 2746500  9  2 20  17.6 1004 192  1.7 4  6.9  53    0    0 325 -428  1
3797500 2746500  9  2 21  16.1 1003 153  1.4 5  7.1  58    0    0 325 -422  1
3797500 2746500  9  2 22  15.9 1003 159  2.4 6  7.3  63    0    0 333 -419  1
3797500 2746500  9  2 23  16.0 1002 163  2.3 6  7.4  65    0    0 338 -417  1
3797500 2746500  9  2 24  16.9 1001 164  2.7 7  7.6  64    0    0 346 -414  1
3797500 2746500  9  3  1  17.2 1000 157  3.1 8  7.8  63    0    0 359 -409  1
3797500 2746500  9  3  2  17.2  998 164  3.7 8  7.8  63    0    0 367 -404  1
3797500 2746500  9  3  3  16.2  997 162  3.3 8  8.2  68    0    0 368 -402  1
3797500 2746500  9  3  4  15.2  996 156  4.0 8  8.9  79    0    0 368 -400  1
3797500 2746500  9  3  5  15.2  995 171  4.0 8  9.4  85    0    0 369 -400  1
3797500 2746500  9  3  6  15.1  993 169  4.0 7  9.6  87    0    0 367 -401  1
3797500 2746500  9  3  7  15.7  992 179  3.3 7  9.8  88    5   32 365 -401  1
3797500 2746500  9  3  8  16.0  992 195  2.1 6 10.0  87    0   73 363 -398  1
3797500 2746500  9  3  9  15.8  992 229  4.3 8 10.1  87   10  138 370 -400  1
3797500 2746500  9  3 10  16.5  992 232  4.3 4  9.9  84  231  136 361 -403  1
3797500 2746500  9  3 11  16.3  993 230  4.8 6  9.1  77   57  229 352 -406  1
3797500 2746500  9  3 12  17.6  993 237  7.2 7  8.6  70   45  244 367 -411  1
3797500 2746500  9  3 13  17.8  993 220  6.2 8  8.5  66   33  240 378 -418  1
3797500 2746500  9  3 14  16.7  994 225  8.1 6  8.7  69   75  245 372 -423  1
3797500 2746500  9  3 15  16.9  994 236  6.1 4  8.5  70  281  139 351 -421  1
3797500 2746500  9  3 16  18.3  995 237  5.4 4  8.0  62  134  155 341 -419  1
3797500 2746500  9  3 17  17.6  995 229  6.5 5  7.7  58   52  126 345 -417  1
3797500 2746500  9  3 18  16.8  995 220  5.9 5  7.5  60  100   45 344 -414  1
3797500 2746500  9  3 19  16.5  996 231  5.6 5  7.2  60   19   15 340 -408  1
3797500 2746500  9  3 20  15.7  996 232  5.6 5  6.9  59    0    0 337 -400  1
3797500 2746500  9  3 21  15.4  997 229  5.0 5  6.9  62    0    0 335 -395  1
3797500 2746500  9  3 22  14.8  997 219  5.1 4  7.1  65    0    0 330 -391  1
3797500 2746500  9  3 23  15.0  997 220  5.3 6  7.2  67    0    0 334 -388  1
3797500 2746500  9  3 24  13.8  997 220  5.2 6  7.1  69    0    0 342 -386  1
3797500 2746500  9  4  1  13.3  997 228  4.5 5  7.2  73    0    0 335 -385  1
3797500 2746500  9  4  2  13.4  998 219  4.2 5  7.3  75    0    0 330 -383  1
3797500 2746500  9  4  3  13.4  997 220  4.9 6  7.3  75    0    0 334 -382  1
3797500 2746500  9  4  4  13.2  997 219  4.4 6  7.3  76    0    0 337 -380  1
3797500 2746500  9  4  5  13.3  998 219  4.6 5  7.4  76    0    0 332 -378  1
3797500 2746500  9  4  6  13.1  998 220  4.6 4  7.3  76    0    0 322 -377  1
3797500 2746500  9  4  7  13.4  998 228  4.7 5  7.4  76   24   30 322 -376  1
3797500 2746500  9  4  8  13.8  998 219  4.6 4  7.4  76  133   62 323 -379  1
3797500 2746500  9  4  9  14.2  998 219  5.1 5  7.5  74  217  103 322 -385  1
3797500 2746500  9  4 10  14.8  998 228  4.9 5  7.6  72  183  188 327 -393  1
3797500 2746500  9  4 11  16.2  998 234  4.7 6  7.4  66  105  250 334 -401  1
3797500 2746500  9  4 12  16.6  997 229  4.6 7  7.3  62   12  227 344 -405  1
3797500 2746500  9  4 13  16.3  997 245  4.3 6  7.2  61   10  228 344 -407  1
3797500 2746500  9  4 14  14.8  997 224  2.9 6  7.6  67    0  174 338 -406  1
3797500 2746500  9  4 15  14.3  998 248  1.9 8  8.1  77    0  102 342 -412  1
3797500 2746500  9  4 16  15.7  998 262  0.7 6  8.1  75   41  190 342 -418  1
3797500 2746500  9  4 17  14.6  998 262  3.6 5  7.4  68  137  114 329 -415  1
3797500 2746500  9  4 18  15.6  999 240  0.5 3  7.0  64  150   42 316 -408  1
3797500 2746500  9  4 19  15.5 1000 248  2.9 3  7.1  64   30   17 311 -399  1
3797500 2746500  9  4 20  14.8 1001 237  3.9 3  6.8  62    0    0 308 -394  1
3797500 2746500  9  4 21  14.1 1002 231  3.1 4  6.6  64    0    0 311 -390  1
3797500 2746500  9  4 22  14.5 1003 257  2.9 5  6.8  66    0    0 320 -388  1
3797500 2746500  9  4 23  13.1 1003 242  4.2 8  7.2  72    0    0 338 -387  1
3797500 2746500  9  4 24  12.7 1004 242  4.3 8  7.6  81    0    0 352 -387  1
3797500 2746500  9  5  1  12.8 1005 226  5.7 7  7.8  84    0    0 350 -388  1
3797500 2746500  9  5  2  12.9 1005 241  3.7 7  8.0  86    0    0 347 -387  1
3797500 2746500  9  5  3  13.4 1006 237  3.7 7  8.1  84    0    0 348 -386  1
3797500 2746500  9  5  4  13.8 1006 244  4.4 7  8.1  82    0    0 350 -383  1
3797500 2746500  9  5  5  13.9 1007 239  3.9 7  8.1  81    0    0 350 -381  1
3797500 2746500  9  5  6  14.0 1007 239  4.2 7  8.0  79    0    0 349 -377  1
3797500 2746500  9  5  7  13.7 1008 239  3.8 6  7.9  79    0   23 342 -372  1
3797500 2746500  9  5  8  14.0 1009 241  3.6 7  8.0  81    4   87 339 -373  1
3797500 2746500  9  5  9  14.9 1010 250  4.0 5  8.2  80   50  165 335 -379  1
3797500 2746500  9  5 10  15.6 1010 249  4.8 5  8.2  76   92  221 329 -390  1
3797500 2746500  9  5 11  16.6 1011 259  4.6 5  8.1  71   50  252 331 -401  1
3797500 2746500  9  5 12  17.5 1011 244  5.3 4  7.9  65   98  288 328 -412  1
3797500 2746500  9  5 13  17.0 1011 283  4.9 4  7.8  63  151  288 323 -420  1
3797500 2746500  9  5 14  14.5 1012 258  3.2 5  7.8  70   94  279 322 -424  1
3797500 2746500  9  5 15  17.6 1012 242  5.7 3  7.8  68  265  201 320 -426  1
3797500 2746500  9  5 16  16.4 1013 244  4.2 3  7.8  64  145  186 317 -429  1
3797500 2746500  9  5 17  18.1 1013 265  3.8 3  6.9  56  132  125 318 -427  1
3797500 2746500  9  5 18  17.1 1013 298  3.3 2  6.3  50  146   51 316 -419  1
3797500 2746500  9  5 19  16.3 1014 263  1.6 3  6.5  55   27   18 315 -411  1
3797500 2746500  9  5 20  15.1 1015 278  0.5 2  6.6  59    0    0 311 -405  1
3797500 2746500  9  5 21  13.9 1016 239  1.3 0  6.7  65    0    0 295 -400  1
3797500 2746500  9  5 22  13.3 1016 245  1.6 0  6.7  69    0    0 285 -396  1
3797500 2746500  9  5 23  12.5 1016 230  1.8 0  6.7  73    0    0 283 -390  1
3797500 2746500  9  5 24  12.6 1017 223  1.7 1  6.7  74    0    0 287 -385  1
3797500 2746500  9  6  1  12.6 1017 212  2.2 3  6.8  74    0    0 298 -384  1
3797500 2746500  9  6  2  13.1 1017 213  2.4 5  6.8  74    0    0 314 -385  1
3797500 2746500  9  6  3  13.5 1017 216  2.7 7  6.8  72    0    0 332 -385  1
3797500 2746500  9  6  4  13.4 1017 214  2.5 7  7.0  73    0    0 342 -385  1
3797500 2746500  9  6  5  13.7 1017 224  2.9 7  7.3  75    0    0 344 -384  1
3797500 2746500  9  6  6  13.4 1017 213  2.9 7  7.5  77    0    0 345 -383  1
3797500 2746500  9  6  7  13.1 1017 221  2.8 6  7.5  79   24   31 340 -381  1
3797500 2746500  9  6  8  13.7 1017 222  2.7 4  7.7  80  148   55 327 -382  1
3797500 2746500  9  6  9  14.7 1017 212  3.1 4  8.0  79  155  138 318 -388  1
3797500 2746500  9  6 10  15.8 1017 221  3.4 6  8.2  76   68  217 331 -399  1
3797500 2746500  9  6 11  16.5 1018 230  3.4 5  8.4  74   82  255 337 -411  1
3797500 2746500  9  6 12  17.0 1018 242  3.6 5  8.4  70   97  283 334 -425  1
3797500 2746500  9  6 13  16.5 1018 242  3.1 6  7.9  67   19  241 336 -436  1
3797500 2746500  9  6 14  17.4 1017 240  2.8 7  7.9  66    0  180 342 -443  1
3797500 2746500  9  6 15  17.2 1017 186  2.6 7  8.0  65    1  170 344 -446  1
3797500 2746500  9  6 16  17.6 1017 261  2.5 7  8.0  64   52  194 340 -444  1
3797500 2746500  9  6 17  18.0 1017 241  1.6 7  7.8  62   47  140 336 -439  1
3797500 2746500  9  6 18  18.0 1017 269  1.4 7  7.7  60   66   71 332 -432  1
3797500 2746500  9  6 19  16.9 1016 260  1.0 5  7.4  60   10   18 325 -422  1
3797500 2746500  9  6 20  14.6 1016 197  0.7 5  7.4  66    0    0 315 -411  1
3797500 2746500  9  6 21  14.1 1017 275  0.6 6  7.5  74    0    0 311 -402  1
3797500 2746500  9  6 22  13.5 1016 139  1.4 6  7.5  76    0    0 308 -397  1
3797500 2746500  9  6 23  13.4 1016 202  1.2 6  7.4  78    0    0 307 -392  1
3797500 2746500  9  6 24  13.7 1016 184  1.6 7  7.4  77    0    0 307 -386  1
3797500 2746500  9  7  1  13.7 1016 139  1.6 7  7.5  77    0    0 309 -383  1
3797500 2746500  9  7  2  14.1 1016 176  1.6 7  7.6  77    0    0 312 -381  1
3797500 2746500  9  7  3  14.1 1016 177  1.8 7  7.7  77    0    0 314 -380  1
3797500 2746500  9  7  4  13.6 1015 183  1.7 8  7.6  78    0    0 317 -379  1
3797500 2746500  9  7  5  13.2 1015 169  2.0 7  7.6  79    0    0 318 -378  1
3797500 2746500  9  7  6  13.2 1015 169  1.7 5  7.4  79    0    0 314 -376  1
3797500 2746500  9  7  7  13.4 1015 173  2.1 5  7.4  78   12   38 312 -374  1
3797500 2746500  9  7  8  14.2 1015 155  2.0 3  7.5  76   68  108 310 -377  1
3797500 2746500  9  7  9  16.3 1015 172  2.3 6  8.0  74   84  180 318 -389  1
3797500 2746500  9  7 10  17.1 1015 173  2.1 7  8.4  70  112  240 336 -407  1
3797500 2746500  9  7 11  19.9 1016 213  2.7 5  8.6  65  282  247 342 -427  1
3797500 2746500  9  7 12  20.5 1015 197  2.5 6  8.6  58  292  277 347 -445  1
3797500 2746500  9  7 13  20.8 1015 197  2.6 5  8.4  55  265  294 351 -460  1
3797500 2746500  9  7 14  22.0 1015 198  2.8 3  8.4  53  438  198 348 -469  1
3797500 2746500  9  7 15  22.4 1015 173  2.4 4  8.4  50  418  159 349 -471  1
3797500 2746500  9  7 16  24.1 1014 146  3.4 3  8.2  46  371  118 353 -469  1
3797500 2746500  9  7 17  24.2 1014 184  2.1 3  8.2  44  248  104 353 -463  1
3797500 2746500  9  7 18  22.9 1014 144  2.0 2  8.4  46  113   80 348 -453  1
3797500 2746500  9  7 19  21.0 1014 152  1.6 3  8.5  52   15   22 343 -440  1
3797500 2746500  9  7 20  19.4 1014 137  1.3 3  8.5  58    0    0 339 -425  1
3797500 2746500  9  7 21  19.0 1014 126  1.5 2  8.4  60    0    0 333 -414  1
3797500 2746500  9  7 22  17.5 1015 129  1.7 1  8.5  65    0    0 325 -406  1
3797500 2746500  9  7 23  17.7 1015 188  1.7 1  8.6  69    0    0 319 -401  1
3797500 2746500  9  7 24  18.5 1015 188  1.8 1  8.6  66    0    0 320 -397  1
3797500 2746500  9  8  1  18.3 1015 115  1.9 0  8.5  64    0    0 316 -393  1
3797500 2746500  9  8  2  18.1 1015 191  1.7 1  8.4  64    0    0 315 -389  1
3797500 2746500  9  8  3  17.7 1015 124  1.8 1  8.4  65    0    0 314 -386  1
3797500 2746500  9  8  4  17.6 1015 198  2.1 1  8.3  66    0    0 312 -381  1
3797500 2746500  9  8  5  17.3 1015 191  2.2 2  8.2  66    0    0 313 -377  1
3797500 2746500  9  8  6  17.1 1015 189  2.1 2  8.1  66    0    0 313 -376  1
3797500 2746500  9  8  7  17.3 1016 204  2.0 2  8.1  66   17   36 313 -377  1
3797500 2746500  9  8  8  18.6 1015 196  1.9 1  8.3  65  109   88 313 -381  1
3797500 2746500  9  8  9  20.2 1015 192  2.0 1  8.7  62  226  124 314 -394  1
3797500 2746500  9  8 10  22.1 1015  65  2.4 1  8.8  56  339  149 319 -414  1
3797500 2746500  9  8 11  24.2 1015 165  2.7 2  8.9  50  440  158 328 -435  1
3797500 2746500  9  8 12  25.3 1015 162  3.2 3  8.7  45  494  168 336 -455  1
3797500 2746500  9  8 13  26.8 1015 169  3.3 2  7.9  38  564  138 341 -472  1
3797500 2746500  9  8 14  27.3 1015 161  3.5 1  7.4  33  556  122 343 -482  1
3797500 2746500  9  8 15  28.0 1014 202  2.6 2  7.1  31  487  116 344 -488  1
3797500 2746500  9  8 16  28.8 1014 169  2.7 2  6.8  28  384  106 347 -487  1
3797500 2746500  9  8 17  28.9 1014 160  3.0 1  7.0  28  249   96 347 -480  1
3797500 2746500  9  8 18  27.7 1013 170  2.4 0  7.3  30  110   74 343 -468  1
3797500 2746500  9  8 19  25.3 1013 148  1.6 0  7.6  35   13   21 336 -453  1
3797500 2746500  9  8 20  23.7 1013 136  2.0 0  8.2  43    0    0 330 -438  1
3797500 2746500  9  8 21  24.1 1014 167  3.6 1  8.4  45    0    0 327 -426  1
3797500 2746500  9  8 22  23.2 1014 168  3.2 0  8.1  45    0    0 323 -418  1
3797500 2746500  9  8 23  22.5 1014 158  2.8 0  8.0  46    0    0 315 -413  1
3797500 2746500  9  8 24  22.1 1014 160  2.5 1  7.8  46    0    0 315 -407  1
3797500 2746500  9  9  1  21.8 1015 176  2.5 2  7.7  47    0    0 317 -402  1
3797500 2746500  9  9  2  20.9 1015 177  2.5 2  7.6  48    0    0 318 -398  1
3797500 2746500  9  9  3  20.9 1015 183  1.9 3  7.6  50    0    0 320 -395  1
3797500 2746500  9  9  4  20.2 1015 142  1.8 2  7.7  51    0    0 319 -390  1
3797500 2746500  9  9  5  19.1 1015  50  2.1 1  7.7  54    0    0 309 -386  1
3797500 2746500  9  9  6  19.5 1015 199  1.7 1  7.6  55    0    0 304 -382  1
3797500 2746500  9  9  7  19.2 1016 194  1.8 2  7.7  55   11   40 308 -378  1
3797500 2746500  9  9  8  21.0 1016 236  1.1 0  8.2  56   77  118 306 -381  1
3797500 2746500  9  9  9  21.9 1016 186  1.2 1  8.7  55  162  187 308 -395  1
3797500 2746500  9  9 10  23.3 1016 248  1.6 2  8.7  51  251  239 320 -418  1
3797500 2746500  9  9 11  24.4 1017 252  0.7 2  8.5  46  317  280 328 -441  1
3797500 2746500  9  9 12  24.6 1017 288  1.4 4  8.6  45  318  320 340 -461  1
3797500 2746500  9  9 13  25.1 1017 290  1.7 4  8.8  45  306  333 348 -475  1
3797500 2746500  9  9 14  26.1 1017 292  2.2 4  9.1  45  236  336 354 -483  1
3797500 2746500  9  9 15  25.2 1017 352  3.5 6  9.7  47  145  304 362 -486  1
3797500 2746500  9  9 16  24.3 1017 359  4.2 4 10.5  54  127  243 361 -484  1
3797500 2746500  9  9 17  23.0 1017 348  4.4 6 11.3  62   38  162 359 -477  1
3797500 2746500  9  9 18  21.4 1018 346  3.8 6 11.6  69   10   77 360 -466  1
3797500 2746500  9  9 19  20.2 1018 348  4.3 8 11.1  72    2   17 361 -453  1
3797500 2746500  9  9 20  19.4 1019  18  4.3 8 10.4  72    0    0 361 -440  1
3797500 2746500  9  9 21  18.9 1020  18  4.0 7 10.0  72    0    0 354 -431  1
3797500 2746500  9  9 22  18.3 1021   4  3.2 7 10.0  75    0    0 349 -423  1
3797500 2746500  9  9 23  17.7 1021   9  4.2 7  9.8  76    0    0 345 -415  1
3797500 2746500  9  9 24  17.3 1021  10  4.6 7  9.5  76    0    0 342 -408  1
3797500 2746500  9 10  1  16.8 1021   9  4.4 7  9.3  77    0    0 341 -402  1
3797500 2746500  9 10  2  16.5 1021  10  4.1 8  9.2  78    0    0 341 -399  1
3797500 2746500  9 10  3  16.2 1022  12  3.8 8  9.1  79    0    0 342 -396  1
3797500 2746500  9 10  4  15.9 1022  14  3.9 8  9.1  81    0    0 341 -393  1
3797500 2746500  9 10  5  15.6 1022  13  3.1 8  9.1  82    0    0 339 -390  1
3797500 2746500  9 10  6  15.3 1022  22  3.5 7  9.1  84    0    0 336 -387  1
3797500 2746500  9 10  7  15.3 1022  22  2.6 8  9.2  86    0    8 336 -384  1
3797500 2746500  9 10  8  15.1 1022  15  3.2 6  9.3  87    0   58 334 -385  1
3797500 2746500  9 10  9  15.4 1023  21  3.8 4  9.3  87    1  138 326 -392  1
3797500 2746500  9 10 10  15.3 1023  29  4.1 6  9.4  87    0  129 327 -405  1
3797500 2746500  9 10 11  15.8 1024  30  4.1 7  9.5  86    0  112 335 -419  1
3797500 2746500  9 10 12  16.8 1024  19  4.7 7  9.4  82    0  172 340 -433  1
3797500 2746500  9 10 13  16.6 1024  20  4.0 7  9.2  78    0  200 343 -443  1
3797500 2746500  9 10 14  16.9 1024  17  4.3 7  8.9  75    3  216 345 -451  1
3797500 2746500  9 10 15  17.3 1024  17  4.2 7  7.8  65    2  191 345 -455  1
3797500 2746500  9 10 16  17.5 1024  19  4.8 6  7.1  58   14  205 343 -455  1
3797500 2746500  9 10 17  17.5 1024  26  3.5 6  7.0  57    8  140 341 -449  1
3797500 2746500  9 10 18  17.6 1025  27  2.8 6  7.1  57   13   92 340 -441  1
3797500 2746500  9 10 19  17.4 1025  29  2.8 6  7.2  58    3   21 340 -431  1
3797500 2746500  9 10 20  16.5 1025  27  2.5 6  7.1  60    0    0 338 -421  1
3797500 2746500  9 10 21  16.0 1026  36  1.6 4  7.2  63    0    0 331 -413  1
3797500 2746500  9 10 22  15.6 1026  27  2.5 5  7.3  66    0    0 328 -407  1
3797500 2746500  9 10 23  15.2 1026  27  3.5 4  7.2  67    0    0 327 -402  1
3797500 2746500  9 10 24  13.8 1026  28  2.9 3  7.2  71    0    0 318 -398  1
3797500 2746500  9 11  1  13.0 1027  28  2.4 2  7.4  78    0    0 309 -396  1
3797500 2746500  9 11  2  12.0 1027  19  2.0 2  7.5  84    0    0 302 -394  1
3797500 2746500  9 11  3  11.6 1027  20  1.3 3  7.6  89    0    0 304 -391  1
3797500 2746500  9 11  4  11.4 1027  19  1.3 2  7.5  90    0    0 302 -387  1
3797500 2746500  9 11  5  11.3 1026  30  0.8 3  7.4  89    0    0 302 -385  1
3797500 2746500  9 11  6  11.5 1026  17  1.5 5  7.4  89    0    0 311 -382  1
3797500 2746500  9 11  7  12.0 1027  27  0.8 6  7.4  87    2   29 319 -378  1
3797500 2746500  9 11  8  12.9 1027  29  1.8 5  7.4  84   64   87 319 -379  1
3797500 2746500  9 11  9  14.3 1027  20  2.3 6  7.5  78   80  153 320 -385  1
3797500 2746500  9 11 10  16.2 1027  29  2.5 5  7.5  71  176  184 325 -396  1
3797500 2746500  9 11 11  16.8 1027  32  4.4 5  7.1  62  148  240 326 -409  1
3797500 2746500  9 11 12  18.0 1026  22  3.8 6  6.7  54  118  274 331 -421  1
3797500 2746500  9 11 13  19.1 1026  20  3.2 6  6.7  51  116  278 336 -432  1
3797500 2746500  9 11 14  18.4 1025   9  2.7 6  6.7  51  109  262 332 -439  1
3797500 2746500  9 11 15  18.7 1025  18  4.2 7  6.7  51   62  231 328 -443  1
3797500 2746500  9 11 16  18.8 1024  17  2.6 6  6.8  51   48  181 327 -442  1
3797500 2746500  9 11 17  18.8 1024  23  2.5 6  6.8  51   68  126 325 -437  1
3797500 2746500  9 11 18  18.7 1024  26  2.8 6  6.8  51   35   67 326 -429  1
3797500 2746500  9 11 19  17.8 1024  18  2.9 5  7.3  56    5   15 325 -418  1
3797500 2746500  9 11 20  17.3 1023  19  2.7 6  7.4  60    0    0 321 -408  1
3797500 2746500  9 11 21  16.8 1024  18  2.7 6  7.6  63    0    0 320 -402  1
3797500 2746500  9 11 22  16.2 1024  20  2.5 6  7.7  66    0    0 322 -398  1
3797500 2746500  9 11 23  15.9 1024  36  2.2 5  8.1  70    0    0 322 -394  1
3797500 2746500  9 11 24  16.0 1023  49  1.7 4  8.7  75    0    0 323 -391  1
3797500 2746500  9 12  1  16.1 1014  65  1.4 3  9.4  80    0    0 327 -430  1
3797500 2746500  9 12  2  16.3 1015  75  1.2 2  9.9  84    0    0 323 -428  1
3797500 2746500  9 12  3  16.6 1014  77  1.1 0 10.3  86    0    0 325 -426  1
3797500 2746500  9 12  4  16.4 1014  69  1.1 1 10.1  86    0    0 324 -424  1
3797500 2746500  9 12  5  16.1 1014  75  1.0 1  9.9  85    0    0 321 -421  1
3797500 2746500  9 12  6  15.2 1014  75  0.7 1  9.5  84    0    0 318 -418  1
3797500 2746500  9 12  7  15.6 1013  85  1.4 3  9.6  88    5   30 322 -415  1
3797500 2746500  9 12  8  17.2 1013  82  1.1 1 10.2  87   73   93 324 -415  1
3797500 2746500  9 12  9  18.6 1013  88  0.8 2 10.6  82  184  137 325 -422  1
3797500 2746500  9 12 10  19.9 1013 138  1.7 1 10.9  78  300  160 330 -436  1
3797500 2746500  9 12 11  21.4 1013 127  1.7 1 10.9  71  401  169 334 -452  1
3797500 2746500  9 12 12  22.3 1013  87  1.9 1 10.5  64  476  167 339 -467  1
3797500 2746500  9 12 13  23.6 1012  68  1.7 1 10.3  59  528  146 344 -479  1
3797500 2746500  9 12 14  24.2 1011  83  2.4 1 10.0  54  516  131 348 -487  1
3797500 2746500  9 12 15  24.3 1011  88  1.8 1  9.7  51  449  123 348 -490  1
3797500 2746500  9 12 16  24.9 1010 140  2.3 1  9.6  50  361  100 349 -487  1
3797500 2746500  9 12 17  24.9 1009  72  2.7 1  9.9  50  239   83 347 -480  1
3797500 2746500  9 12 18  23.7 1009  64  1.5 1 10.5  55  102   61 344 -471  1
3797500 2746500  9 12 19  22.6 1008  74  2.3 2 11.0  62   14   19 342 -459  1
3797500 2746500  9 12 20  21.5 1008  41  2.7 3 11.0  66    0    0 342 -444  1
3797500 2746500  9 12 21  20.9 1008  84  2.6 3 11.0  69    0    0 341 -432  1
3797500 2746500  9 12 22  20.4 1008  85  1.8 1 10.9  71    0    0 332 -426  1
3797500 2746500  9 12 23  20.2 1008 139  1.8 2 10.8  72    0    0 327 -421  1
3797500 2746500  9 12 24  21.4 1008 113  2.7 6 10.5  68    0    0 347 -420  1
3797500 2746500  9 13  1  21.3 1008 146  2.7 5 10.1  63    0    0 359 -418  1
3797500 2746500  9 13  2  20.4 1007 159  2.6 5 10.1  65    0    0 353 -417  1
3797500 2746500  9 13  3  20.3 1007 155  2.1 6 10.1  67    0    0 354 -418  1
3797500 2746500  9 13  4  20.0 1006 166  2.7 5 10.1  68    0    0 353 -417  1
3797500 2746500  9 13  5  19.9 1006 168  2.7 4 10.0  68    0    0 343 -414  1
3797500 2746500  9 13  6  19.9 1006 164  2.7 4  9.9  68    0    0 338 -410  1
3797500 2746500  9 13  7  19.9 1005 162  2.6 5 10.0  68    0   22 341 -406  1
3797500 2746500  9 13  8  19.6 1005 164  2.6 5 10.1  70    3   81 343 -410  1
3797500 2746500  9 13  9  20.2 1005 151  3.2 5 10.4  71   24  167 343 -422  1
3797500 2746500  9 13 10  20.9 1005 169  3.8 6 10.5  69   45  236 350 -436  1
3797500 2746500  9 13 11  21.7 1005 171  4.0 7 10.9  68   80  288 362 -452  1
3797500 2746500  9 13 12  22.6 1004 170  4.0 7 11.3  67  132  323 369 -467  1
3797500 2746500  9 13 13  24.1 1004 170  3.5 6 11.8  65  343  272 371 -479  1
3797500 2746500  9 13 14  24.9 1003 160  3.7 6 12.1  62  332  259 372 -487  1
3797500 2746500  9 13 15  25.8 1003 170  2.9 5 12.1  59  245  250 371 -489  1
3797500 2746500  9 13 16  25.7 1003 194  2.9 5 12.4  59  189  203 369 -484  1
3797500 2746500  9 13 17  25.1 1002 213  3.4 6 12.6  61   44  153 372 -476  1
3797500 2746500  9 13 18  23.9 1002 270  1.6 7 12.9  66    6   66 378 -465  1
3797500 2746500  9 13 19  21.8 1002 311  2.0 7 13.1  74    0   15 376 -454  1
3797500 2746500  9 13 20  20.9 1003 292  1.7 8 12.9  80    0    0 375 -443  1
3797500 2746500  9 13 21  20.2 1003 300  2.1 7 12.4  80    0    0 371 -436  1
3797500 2746500  9 13 22  19.3 1004 311  2.1 7 11.8  80    0    0 363 -431  1
3797500 2746500  9 13 23  18.8 1004 327  2.0 7 11.3  81    0    0 361 -424  1
3797500 2746500  9 13 24  18.2 1004 301  1.3 7 10.8  80    0    0 358 -418  1
3797500 2746500  9 14  1  18.1 1005  91  2.1 7 10.6  80    0    0 358 -412  1
3797500 2746500  9 14  2  17.6 1005 260  2.4 6 10.6  82    0    0 355 -408  1
3797500 2746500  9 14  3  17.0 1005 120  2.2 5 10.3  83    0    0 347 -404  1
3797500 2746500  9 14  4  15.7 1005  16  0.1 3  9.8  84    0    0 332 -401  1
3797500 2746500  9 14  5  15.4 1004 287  1.1 5  9.6  86    0    0 330 -398  1
3797500 2746500  9 14  6  15.4 1004 256  2.1 7  9.9  89    0    0 348 -395  1
3797500 2746500  9 14  7  15.4 1005 226  2.5 7  9.9  90    0   22 358 -394  1
3797500 2746500  9 14  8  15.3 1005 257  1.4 7  9.8  89   13   86 359 -397  1
3797500 2746500  9 14  9  15.4 1005 225  2.9 6  9.8  89   87  151 356 -407  1
3797500 2746500  9 14 10  15.4 1005 236  2.5 7  9.7  88   15  192 358 -422  1
3797500 2746500  9 14 11  15.9 1005 249  3.3 7  9.8  87    0  146 364 -438  1
3797500 2746500  9 14 12  15.9 1006 248  2.8 8  9.8  86    0  152 370 -453  1
3797500 2746500  9 14 13  16.6 1006 213  3.0 6  9.8  84   18  246 367 -465  1
3797500 2746500  9 14 14  17.5 1006 216  3.8 5 10.0  82  113  266 357 -471  1
3797500 2746500  9 14 15  18.6 1006 228  3.1 5 10.1  77  169  223 355 -471  1
3797500 2746500  9 14 16  18.9 1006 218  3.6 5  9.9  72   70  188 355 -467  1
3797500 2746500  9 14 17  18.5 1006 220  2.6 8  9.8  72    5  106 364 -456  1
3797500 2746500  9 14 18  17.3 1006 262  0.9 8 10.0  77    0   42 375 -444  1
3797500 2746500  9 14 19  17.0 1006 236  1.1 8 10.3  83    0    9 373 -436  1
3797500 2746500  9 14 20  16.8 1007 243  0.1 8 10.3  85    0    0 372 -429  1
3797500 2746500  9 14 21  16.3 1007 233  0.8 7 10.1  85    0    0 366 -425  1
3797500 2746500  9 14 22  16.4 1007 268  0.0 8 10.0  86    0    0 366 -421  1
3797500 2746500  9 14 23  16.0 1008 232  0.0 8 10.0  86    0    0 375 -418  1
3797500 2746500  9 14 24  15.5 1008 359  0.0 6  9.8  87    0    0 363 -415  1
3797500 2746500  9 15  1  15.5 1008 359  0.0 7  9.8  88    0    0 359 -414  1
3797500 2746500  9 15  2  15.4 1008 191  0.8 8  9.9  89    0    0 372 -413  1
3797500 2746500  9 15  3  15.5 1008 158  0.2 8  9.9  89    0    0 379 -411  1
3797500 2746500  9 15  4  15.3 1008 169  0.5 7  9.9  90    0    0 373 -408  1
3797500 2746500  9 15  5  15.5 1008 193  0.7 7 10.0  90    0    0 367 -406  1
3797500 2746500  9 15  6  15.0 1008 183  0.8 8  9.9  91    0    0 372 -405  1
3797500 2746500  9 15  7  15.1 1008 198  1.6 7  9.7  90    2   27 371 -401  1
3797500 2746500  9 15  8  15.1 1008 208  1.6 7  9.6  89    5   92 364 -399  1
3797500 2746500  9 15  9  15.9 1008 210  1.6 7  9.7  87    5  149 365 -404  1
3797500 2746500  9 15 10  16.6 1009 209  1.6 7  9.8  84    0  155 369 -416  1
3797500 2746500  9 15 11  17.5 1009 157  1.6 7  9.9  81    0  160 373 -430  1
3797500 2746500  9 15 12  18.0 1009 151  1.7 7 10.0  78    0  176 377 -442  1
3797500 2746500  9 15 13  18.0 1009 180  1.8 8  9.9  76    0  171 381 -451  1
3797500 2746500  9 15 14  18.1 1009 148  1.1 8  9.9  76    0  154 385 -458  1
3797500 2746500  9 15 15  19.1 1009 188  1.8 5  9.7  72   46  287 370 -460  1
3797500 2746500  9 15 16  19.6 1009 188  2.2 5  9.4  66   53  241 356 -460  1
3797500 2746500  9 15 17  19.6 1008 134  1.9 5  9.4  66   54  170 355 -454  1
3797500 2746500  9 15 18  18.8 1008 353  0.1 6  9.9  70   14   79 355 -444  1
3797500 2746500  9 15 19  18.3 1008  88  1.0 6  9.9  73    1   14 355 -432  1
3797500 2746500  9 15 20  17.8 1008 109  0.9 6  9.6  74    0    0 350 -422  1
3797500 2746500  9 15 21  17.6 1009 104  0.9 6  9.7  76    0    0 346 -415  1
3797500 2746500  9 15 22  16.7 1009 110  0.8 7  9.7  79    0    0 347 -412  1
3797500 2746500  9 15 23  16.9 1009 138  0.6 7  9.6  80    0    0 349 -409  1
3797500 2746500  9 15 24  17.3 1009 179  1.2 7  9.5  78    0    0 350 -407  1
3797500 2746500  9 16  1  16.9 1009 162  1.5 5  9.4  77    0    0 342 -405  1
3797500 2746500  9 16  2  16.0 1009 176  0.7 6  9.4  80    0    0 335 -403  1
3797500 2746500  9 16  3  16.0 1009 178  1.6 7  9.4  82    0    0 340 -401  1
3797500 2746500  9 16  4  16.1 1008 170  1.5 6  9.4  82    0    0 338 -399  1
3797500 2746500  9 16  5  15.5 1008 176  1.3 5  9.4  83    0    0 329 -399  1
3797500 2746500  9 16  6  15.3 1008 108  1.3 6  9.4  85    0    0 326 -401  1
3797500 2746500  9 16  7  15.1 1008  99  1.2 6  9.2  85    0   15 329 -403  1
3797500 2746500  9 16  8  15.7 1008 145  0.9 5  9.3  84   15   90 325 -405  1
3797500 2746500  9 16  9  16.7 1008 158  1.7 5  9.7  84   25  159 322 -412  1
3797500 2746500  9 16 10  17.8 1008 145  1.3 7 10.1  82   20  205 336 -422  1
3797500 2746500  9 16 11  18.4 1008 144  2.4 6 10.2  78    9  216 345 -432  1
3797500 2746500  9 16 12  17.9 1008 124  4.3 8 10.2  78    0  103 351 -443  1
3797500 2746500  9 16 13  18.8 1006 141  1.2 8 10.5  79    0  146 361 -455  1
3797500 2746500  9 16 14  19.6 1006 141  3.0 8 11.0  78    4  200 367 -464  1
3797500 2746500  9 16 15  21.1 1005 148  4.4 7 11.0  73   59  253 370 -471  1
3797500 2746500  9 16 16  22.1 1004 150  4.9 6 10.6  65  148  197 369 -469  1
3797500 2746500  9 16 17  22.3 1003 129  4.0 5 10.5  62  175  106 365 -461  1
3797500 2746500  9 16 18  22.0 1002 157  5.3 6 10.5  62   64   65 366 -453  1
3797500 2746500  9 16 19  20.9 1002 142  4.8 7 10.4  64    5   17 371 -444  1
3797500 2746500  9 16 20  20.8 1001 153  4.3 7 10.4  66    0    0 375 -437  1
3797500 2746500  9 16 21  20.2 1001 144  5.2 7 10.4  68    0    0 375 -432  1
3797500 2746500  9 16 22  20.4 1001 145  5.0 6 10.5  69    0    0 371 -425  1
3797500 2746500  9 16 23  20.6 1000 156  4.8 6 10.6  69    0    0 367 -416  1
3797500 2746500  9 16 24  20.7  999 150  5.0 6 10.8  70    0    0 367 -407  1
3797500 2746500  9 17  1  20.6  998 151  5.6 6 10.9  70    0    0 368 -401  1
3797500 2746500  9 17  2  20.8  997 152  5.5 6 10.9  70    0    0 370 -397  1
3797500 2746500  9 17  3  15.1  996 190  3.5 7 10.3  78    0    0 366 -393  1
3797500 2746500  9 17  4  15.4  997 238  2.8 7  9.8  89    0    0 363 -389  1
3797500 2746500  9 17  5  14.9  997 226  2.4 6 10.0  91    0    0 360 -385  1
3797500 2746500  9 17  6  13.5  997 218  3.1 3  9.3  90    0    0 335 -383  1
3797500 2746500  9 17  7  13.3  997 190  2.1 4  8.5  87    0   20 320 -383  1
3797500 2746500  9 17  8  13.6  998 202  3.4 7  8.2  83    1   69 341 -385  1
3797500 2746500  9 17  9  13.0  998 171  2.5 8  8.2  85    0   50 361 -388  1
3797500 2746500  9 17 10  13.2  997 203  3.8 8  8.5  89    0   64 364 -390  1
3797500 2746500  9 17 11  13.5  998 207  3.9 8  8.7  90    0   78 363 -389  1
3797500 2746500  9 17 12  13.7  997 219  4.3 8  9.0  91    0  108 363 -396  1
3797500 2746500  9 17 13  14.2  997 195  4.7 8  9.2  91    0   85 363 -404  1
3797500 2746500  9 17 14  14.1  997 218  4.3 8  9.0  88    0   67 364 -409  1
3797500 2746500  9 17 15  14.3  997 233  4.1 8  9.0  87    0   68 365 -417  1
3797500 2746500  9 17 16  14.1  997 215  2.3 8  9.0  88    0   45 366 -421  1
3797500 2746500  9 17 17  14.1  997 220  3.2 8  9.2  90    0   58 367 -414  1
3797500 2746500  9 17 18  14.1  997 211  1.3 7  9.2  90    2   50 362 -402  1
3797500 2746500  9 17 19  14.0  998 199  0.8 7  9.1  89    0   11 357 -393  1
3797500 2746500  9 17 20  14.0  998 189  0.7 7  9.1  90    0    0 358 -390  1
3797500 2746500  9 17 21  14.0  999 220  0.5 4  9.1  90    0    0 342 -389  1
3797500 2746500  9 17 22  13.6  999 226  0.1 6  9.1  90    0    0 337 -390  1
3797500 2746500  9 17 23  13.5 1000 228  0.9 6  9.0  91    0    0 347 -391  1
3797500 2746500  9 17 24  13.6 1000 238  0.1 5  9.0  91    0    0 342 -391  1
3797500 2746500  9 18  1  13.0 1001 181  0.2 5  8.8  91    0    0 336 -390  1
3797500 2746500  9 18  2  13.7 1001 236  0.0 5  8.7  90    0    0 336 -389  1
3797500 2746500  9 18  3  13.3 1001 245  0.0 3  8.9  91    0    0 323 -389  1
3797500 2746500  9 18  4  12.8 1002 249  0.0 3  8.9  93    0    0 311 -388  1
3797500 2746500  9 18  5  13.0 1002 309  0.2 7  8.7  92    0    0 330 -389  1
3797500 2746500  9 18  6  13.0 1002 245  0.7 7  8.5  90    0    0 350 -389  1
3797500 2746500  9 18  7  12.7 1002 210  0.2 7  8.4  90    0    8 349 -388  1
3797500 2746500  9 18  8  12.6 1002 208  1.1 8  8.6  92    0   60 352 -387  1
3797500 2746500  9 18  9  12.8 1003 211  2.0 8  8.7  93    4  120 357 -386  1
3797500 2746500  9 18 10  13.5 1003 209  1.5 6  8.8  92   31  191 346 -386  1
3797500 2746500  9 18 11  14.6 1003 244  2.0 5  9.0  88   79  236 333 -385  1
3797500 2746500  9 18 12  15.1 1003 220  2.0 6  9.1  86   47  253 336 -387  1
3797500 2746500  9 18 13  15.9 1003 242  2.3 6  9.4  84   47  255 345 -391  1
3797500 2746500  9 18 14  16.6 1003 214  2.0 6  9.4  81   57  246 347 -396  1
3797500 2746500  9 18 15  16.2 1003 203  2.0 7  9.5  80    5  168 352 -401  1
3797500 2746500  9 18 16  16.5 1003 247  2.8 6  9.5  80    8  142 350 -405  1
3797500 2746500  9 18 17  16.3 1003 199  2.4 6  9.5  80    6   98 345 -405  1
3797500 2746500  9 18 18  15.8 1003 203  2.2 8  9.5  83    4   48 351 -403  1
3797500 2746500  9 18 19  15.3 1004 216  2.2 7  9.5  85    1   10 351 -401  1
3797500 2746500  9 18 20  14.4 1004 272  1.9 7  9.3  87    0    0 342 -396  1
3797500 2746500  9 18 21  14.4 1004 245  1.2 8  9.1  88    0    0 344 -391  1
3797500 2746500  9 18 22  14.5 1005 202  1.2 8  9.1  88    0    0 347 -386  1
3797500 2746500  9 18 23  14.5 1004 191  1.2 8  9.1  87    0    0 347 -383  1
3797500 2746500  9 18 24  14.3 1004 215  1.9 7  9.1  88    0    0 342 -380  1
3797500 2746500  9 19  1  14.2 1004 207  1.6 6  9.0  88    0    0 333 -377  1
3797500 2746500  9 19  2  13.6 1004 186  0.8 5  8.9  89    0    0 325 -374  1
3797500 2746500  9 19  3  13.6 1004 168  0.7 6  8.8  89    0    0 325 -371  1
3797500 2746500  9 19  4  13.4 1004 162  0.6 6  8.9  91    0    0 328 -371  1
3797500 2746500  9 19  5  13.5 1003 180  0.5 7  9.0  92    0    0 333 -370  1
3797500 2746500  9 19  6  13.7 1003 167  1.1 7  9.0  91    0    0 337 -370  1
3797500 2746500  9 19  7  13.5 1003 181  0.8 6  8.9  90    0   11 334 -370  1
3797500 2746500  9 19  8  13.8 1003 162  1.4 5  8.9  90   21   92 326 -372  1
3797500 2746500  9 19  9  14.4 1003 165  1.8 5  8.9  87   37  167 324 -379  1
3797500 2746500  9 19 10  15.3 1003 157  2.8 5  8.9  83   92  237 328 -389  1
3797500 2746500  9 19 11  16.6 1002 164  3.8 5  8.9  77  166  282 333 -399  1
3797500 2746500  9 19 12  17.6 1002 166  3.7 5  8.6  70  207  305 338 -408  1
3797500 2746500  9 19 13  18.2 1002 172  3.8 4  8.3  64  173  317 339 -419  1
3797500 2746500  9 19 14  18.6 1001 170  2.7 5  8.0  60   65  292 342 -427  1
3797500 2746500  9 19 15  18.2 1001 160  3.2 8  8.1  61    0  147 357 -433  1
3797500 2746500  9 19 16  18.6 1000 136  3.3 7  8.5  64    0  114 365 -433  1
3797500 2746500  9 19 17  18.4 1000 161  3.9 6  8.9  66   26  132 358 -427  1
3797500 2746500  9 19 18  18.3 1000 152  3.9 3  8.9  66   35   62 343 -415  1
3797500 2746500  9 19 19  17.2  999 140  3.1 3  8.8  68    2   12 330 -403  1
3797500 2746500  9 19 20  16.5 1000 151  3.2 3  8.8  72    0    0 327 -394  1
3797500 2746500  9 19 21  16.1 1000 143  2.7 1  8.6  73    0    0 319 -388  1
3797500 2746500  9 19 22  15.6 1000 152  3.6 1  8.5  75    0    0 310 -387  1
3797500 2746500  9 19 23  16.2 1000 141  2.7 1  8.5  74    0    0 311 -386  1
3797500 2746500  9 19 24  15.6 1000 142  2.7 2  8.4  74    0    0 315 -387  1
3797500 2746500  9 20  1  15.3 1000 131  2.0 1  8.4  76    0    0 314 -387  1
3797500 2746500  9 20  2  15.0 1000 131  2.0 0  8.4  77    0    0 306 -387  1
3797500 2746500  9 20  3  14.8 1000 127  2.1 0  8.3  78    0    0 300 -386  1
3797500 2746500  9 20  4  14.8 1000 122  2.2 1  8.2  77    0    0 302 -384  1
3797500 2746500  9 20  5  14.4 1000 111  2.5 0  8.1  77    0    0 301 -385  1
3797500 2746500  9 20  6  14.2  999 129  2.5 0  8.1  78    0    0 293 -385  1
3797500 2746500  9 20  7  14.0  999 124  2.6 1  8.0  78    2   16 296 -384  1
3797500 2746500  9 20  8  14.9  999 100  2.6 0  8.0  77   67   73 295 -385  1
3797500 2746500  9 20  9  16.1  999  78  2.6 0  8.2  74  185  105 292 -390  1
3797500 2746500  9 20 10  17.7  999 141  3.7 1  8.4  69  303  123 302 -401  1
3797500 2746500  9 20 11  18.5  999 125  3.1 1  8.5  65  410  125 312 -415  1
3797500 2746500  9 20 12  19.6  998 125  3.5 1  8.9  64  484  120 317 -424  1
3797500 2746500  9 20 13  20.8  998 113  4.7 1  9.3  62  484  128 322 -436  1
3797500 2746500  9 20 14  21.5  997 101  5.5 1  9.3  58  466  118 326 -450  1
3797500 2746500  9 20 15  21.8  996 129  4.8 2  8.9  54  384  114 330 -455  1
3797500 2746500  9 20 16  22.1  996 113  5.9 2  8.8  52  309   94 335 -453  1
3797500 2746500  9 20 17  21.9  995 111  5.0 1  8.8  52  194   79 333 -448  1
3797500 2746500  9 20 18  21.0  995 100  4.0 1  8.7  53   71   53 329 -442  1
3797500 2746500  9 20 19  19.7  995 132  4.0 3  8.1  54    5   12 334 -431  1
3797500 2746500  9 20 20  18.7  995 112  3.9 4  7.7  55    0    0 340 -421  1
3797500 2746500  9 20 21  18.2  995 110  3.6 5  7.8  57    0    0 345 -414  1
3797500 2746500  9 20 22  17.5  995 108  2.8 2  7.7  59    0    0 336 -409  1
3797500 2746500  9 20 23  17.4  995 124  2.2 2  7.6  60    0    0 323 -405  1
3797500 2746500  9 20 24  17.0  996 153  1.5 7  7.6  61    0    0 338 -404  1
3797500 2746500  9 21  1  16.4  996 134  2.7 4  7.6  63    0    0 342 -405  1
3797500 2746500  9 21  2  16.3  997 111  3.3 6  7.8  66    0    0 337 -404  1
3797500 2746500  9 21  3  16.1  997 128  2.7 6  8.0  68    0    0 344 -401  1
3797500 2746500  9 21  4  16.0  997  98  3.1 5  8.1  70    0    0 339 -399  1
3797500 2746500  9 21  5  15.2  997 125  2.6 7  8.1  72    0    0 340 -397  1
3797500 2746500  9 21  6  15.3  997 129  2.4 7  8.2  74    0    0 349 -396  1
3797500 2746500  9 21  7  15.7  997 185  0.8 8  8.3  74    0    3 354 -394  1
3797500 2746500  9 21  8  15.3  998 155  2.0 8  8.3  74    0   20 358 -393  1
3797500 2746500  9 21  9  15.2  998 182  2.1 8  8.2  75    0   52 357 -393  1
3797500 2746500  9 21 10  14.8  999 167  2.4 8  8.1  75    0   95 355 -393  1
3797500 2746500  9 21 11  14.8  999 141  2.2 8  8.2  77    0  119 354 -390  1
3797500 2746500  9 21 12  15.2  999  94  2.4 8  8.4  78    0   91 354 -386  1
3797500 2746500  9 21 13  14.8 1000 246  1.9 8  8.8  81    0   80 353 -385  1
3797500 2746500  9 21 14  14.4 1001 290  2.2 8  9.1  86    0   69 351 -385  1
3797500 2746500  9 21 15  14.0 1001  50  2.4 8  9.1  89    0   60 349 -384  1
3797500 2746500  9 21 16  14.1 1001 343  0.5 8  9.1  90    0   56 349 -383  1
3797500 2746500  9 21 17  14.1 1001 200  1.4 8  9.2  90    0   41 349 -381  1
3797500 2746500  9 21 18  14.2 1002  43  2.0 7  9.2  90    0   20 346 -379  1
3797500 2746500  9 21 19  14.3 1001  21  0.5 8  9.2  90    0    1 346 -378  1
3797500 2746500  9 21 20  14.3 1002  25  2.4 8  9.2  90    0    0 351 -376  1
3797500 2746500  9 21 21  14.1 1002  67  0.8 8  9.1  89    0    0 350 -375  1
3797500 2746500  9 21 22  14.0 1003  36  1.3 8  9.0  88    0    0 348 -374  1
3797500 2746500  9 21 23  13.6 1003  17  1.4 8  8.8  88    0    0 347 -373  1
3797500 2746500  9 21 24  13.6 1003  33  1.5 6  8.7  89    0    0 339 -372  1
3797500 2746500  9 22  1  13.4 1004  11  1.5 8  8.8  90    0    0 339 -371  1
3797500 2746500  9 22  2  12.9 1004   9  1.7 7  8.8  92    0    0 344 -371  1
3797500 2746500  9 22  3  12.9 1004 320  1.9 8  8.6  92    0    0 345 -371  1
3797500 2746500  9 22  4  12.6 1004 349  2.6 8  8.4  91    0    0 351 -370  1
3797500 2746500  9 22  5  12.3 1004 349  1.9 8  8.3  91    0    0 349 -371  1
3797500 2746500  9 22  6  11.8 1004 337  1.7 8  8.1  91    0    0 348 -371  1
3797500 2746500  9 22  7  11.7 1005 339  1.6 8  8.0  92    0    1 347 -371  1
3797500 2746500  9 22  8  11.4 1006 341  2.5 8  7.9  92    0   17 347 -372  1
3797500 2746500  9 22  9  11.2 1006 340  1.6 8  7.7  92    0   33 348 -375  1
3797500 2746500  9 22 10  10.9 1007 351  1.6 8  7.6  91    0   52 347 -380  1
3797500 2746500  9 22 11  11.3 1008 339  2.2 8  7.6  91    0   90 345 -387  1
3797500 2746500  9 22 12  11.4 1008 341  1.9 7  7.6  90    0  148 340 -393  1
3797500 2746500  9 22 13  12.1 1009 341  1.7 8  7.7  89    0  146 339 -398  1
3797500 2746500  9 22 14  12.4 1010 350  1.3 8  7.7  86    0   98 344 -401  1
3797500 2746500  9 22 15  12.8 1010 343  1.5 8  7.6  84    0   98 346 -403  1
3797500 2746500  9 22 16  13.1 1011  21  0.3 7  7.7  83    0  110 344 -401  1
3797500 2746500  9 22 17  13.2 1011  12  0.9 7  7.8  83    1   90 342 -395  1
3797500 2746500  9 22 18  13.4 1011  68  1.3 6  7.9  83    0   24 339 -388  1
3797500 2746500  9 22 19  12.9 1012  90  2.0 6  7.9  83    0    0 337 -380  1
3797500 2746500  9 22 20  11.8 1013  61  1.8 6  7.7  86    0    0 336 -373  1
3797500 2746500  9 22 21  11.6 1013  86  2.3 5  7.5  87    0    0 331 -368  1
3797500 2746500  9 22 22  11.6 1014 130  1.2 6  7.5  88    0    0 330 -365  1
3797500 2746500  9 22 23  11.6 1014 182  1.1 6  7.5  88    0    0 336 -363  1
3797500 2746500  9 22 24  11.7 1014 186  1.6 3  7.5  88    0    0 323 -362  1
3797500 2746500  9 23  1  11.4 1014 176  1.7 6  7.3  86    0    0 323 -362  1
3797500 2746500  9 23  2  11.1 1014 150  1.7 5  7.1  85    0    0 335 -361  1
3797500 2746500  9 23  3  10.3 1014 154  1.7 3  6.9  86    0    0 318 -360  1
3797500 2746500  9 23  4  10.1 1014 113  1.5 3  6.8  88    0    0 307 -362  1
3797500 2746500  9 23  5  10.3 1014 214  1.6 1  6.8  88    0    0 298 -366  1
3797500 2746500  9 23  6  10.9 1015 186  1.5 1  6.8  86    0    0 288 -370  1
3797500 2746500  9 23  7  10.3 1015 103  1.6 2  6.7  84    0   14 294 -372  1
3797500 2746500  9 23  8  11.1 1015 102  1.6 2  6.8  85   46   76 298 -375  1
3797500 2746500  9 23  9  13.3 1016 179  1.0 2  7.1  80  140  125 303 -380  1
3797500 2746500  9 23 10  14.3 1016 166  2.4 3  7.3  75  224  167 315 -388  1
3797500 2746500  9 23 11  15.8 1016 163  3.3 3  7.7  72  320  179 325 -397  1
3797500 2746500  9 23 12  16.5 1016 162  2.7 3  8.2  72  393  177 331 -406  1
3797500 2746500  9 23 13  17.4 1016 151  2.0 3  8.5  70  424  169 335 -413  1
3797500 2746500  9 23 14  18.4 1016 149  2.5 3  8.7  68  395  163 340 -415  1
3797500 2746500  9 23 15  19.1 1016 134  2.5 2  8.9  66  336  146 340 -414  1
3797500 2746500  9 23 16  19.9 1016 161  2.1 2  9.1  65  226  130 340 -415  1
3797500 2746500  9 23 17  19.8 1016 158  2.0 2  9.2  64  134   92 341 -414  1
3797500 2746500  9 23 18  19.7 1016 160  0.9 3  9.3  64   48   50 344 -411  1
3797500 2746500  9 23 19  17.8 1016 103  0.8 4  9.3  69    1    8 348 -405  1
3797500 2746500  9 23 20  17.3 1017 140  1.7 3  9.2  73    0    0 341 -400  1
3797500 2746500  9 23 21  17.3 1018 174  1.8 2  8.9  73    0    0 329 -399  1
3797500 2746500  9 23 22  16.7 1018 174  1.7 1  8.7  72    0    0 318 -400  1
3797500 2746500  9 23 23  16.3 1018 121  1.9 1  8.4  72    0    0 311 -400  1
3797500 2746500  9 23 24  15.9 1018 121  1.8 0  8.4  73    0    0 305 -398  1
3797500 2746500  9 24  1  15.5 1018 122  1.7 1  8.3  75    0    0 304 -395  1
3797500 2746500  9 24  2  15.2 1018 160  2.3 0  8.3  76    0    0 301 -393  1
3797500 2746500  9 24  3  15.8 1018 152  1.6 0  8.2  75    0    0 297 -392  1
3797500 2746500  9 24  4  15.3 1018 170  2.0 1  8.2  74    0    0 302 -392  1
3797500 2746500  9 24  5  14.6 1018 114  1.9 0  7.9  75    0    0 299 -393  1
3797500 2746500  9 24  6  14.3 1018 132  1.5 0  7.7  75    0    0 293 -394  1
3797500 2746500  9 24  7  13.4 1018 102  2.1 2  7.6  77    1   12 300 -395  1
3797500 2746500  9 24  8  13.7 1018 114  1.5 2  7.5  78   50   70 307 -396  1
3797500 2746500  9 24  9  15.2 1019 148  2.4 2  7.6  74  156  109 308 -400  1
3797500 2746500  9 24 10  16.1 1019 156  2.3 2  7.7  70  263  134 311 -408  1
3797500 2746500  9 24 11  17.1 1019 117  2.9 2  7.8  66  358  143 314 -419  1
3797500 2746500  9 24 12  17.5 1018  91  2.9 2  7.7  63  431  139 316 -429  1
3797500 2746500  9 24 13  18.0 1018 113  3.6 1  7.7  61  460  130 315 -437  1
3797500 2746500  9 24 14  18.4 1018 117  3.5 1  7.9  61  441  122 315 -443  1
3797500 2746500  9 24 15  18.9 1017 107  3.7 1  7.9  59  384  108 316 -445  1
3797500 2746500  9 24 16  19.0 1016  95  3.0 1  7.7  56  287   94 316 -442  1
3797500 2746500  9 24 17  18.7 1016  69  4.5 2  7.7  57  166   76 318 -435  1
3797500 2746500  9 24 18  17.8 1015 118  3.0 4  7.6  58   49   45 324 -425  1
3797500 2746500  9 24 19  16.7 1015  82  2.8 4  7.4  60    0    6 326 -414  1
3797500 2746500  9 24 20  15.4 1015 106  2.3 3  7.4  65    0    0 318 -407  1
3797500 2746500  9 24 21  15.0 1015 100  1.6 2  7.2  67    0    0 308 -402  1
3797500 2746500  9 24 22  14.6 1016  80  2.0 1  7.0  67    0    0 299 -398  1
3797500 2746500  9 24 23  14.0 1016  71  1.5 1  6.9  68    0    0 295 -394  1
3797500 2746500  9 24 24  13.1 1015  77  2.1 2  6.8  70    0    0 295 -390  1
3797500 2746500  9 25  1  12.6 1015  73  2.2 1  6.7  73    0    0 293 -387  1
3797500 2746500  9 25  2  12.3 1014  73  2.2 1  6.7  74    0    0 287 -384  1
3797500 2746500  9 25  3  11.7 1014  86  2.0 0  6.5  75    0    0 282 -380  1
3797500 2746500  9 25  4  11.3 1014  76  2.9 1  6.4  76    0    0 279 -376  1
3797500 2746500  9 25  5  10.7 1013  70  2.4 1  6.4  78    0    0 280 -373  1
3797500 2746500  9 25  6  10.4 1013  82  3.0 1  6.3  79    0    0 278 -371  1
3797500 2746500  9 25  7  10.0 1013  90  2.0 3  6.2  80    0   10 282 -369  1
3797500 2746500  9 25  8  10.5 1013  88  2.0 1  6.1  79   50   65 280 -369  1
3797500 2746500  9 25  9  13.0 1013  75  3.2 1  6.4  75  164   95 278 -373  1
3797500 2746500  9 25 10  14.3 1013  81  3.5 2  6.6  68  293  102 285 -382  1
3797500 2746500  9 25 11  16.8 1013 110  5.4 2  6.7  61  406   96 292 -394  1
3797500 2746500  9 25 12  18.1 1012 121  4.6 2  6.8  55  478   89 298 -411  1
3797500 2746500  9 25 13  19.1 1012 139  5.4 1  6.9  52  507   80 301 -425  1
3797500 2746500  9 25 14  19.9 1011 119  4.9 1  7.0  49  487   72 304 -433  1
3797500 2746500  9 25 15  20.4 1011 149  4.0 0  7.0  47  411   78 305 -435  1
3797500 2746500  9 25 16  20.9 1010 121  4.5 0  7.2  47  314   66 304 -433  1
3797500 2746500  9 25 17  20.6 1010 129  2.8 2  7.4  48  181   60 310 -425  1
3797500 2746500  9 25 18  19.6 1010 157  3.2 1  7.5  51   57   39 312 -414  1
3797500 2746500  9 25 19  18.4 1010 129  2.9 3  7.5  55    1    7 312 -401  1
3797500 2746500  9 25 20  17.6 1011 148  3.2 3  7.5  58    0    0 317 -390  1
3797500 2746500  9 25 21  18.1 1011 156  4.4 3  7.5  59    0    0 318 -383  1
3797500 2746500  9 25 22  18.0 1011 153  3.9 4  7.5  58    0    0 322 -377  1
3797500 2746500  9 25 23  17.4 1012 163  2.5 4  7.6  60    0    0 325 -373  1
3797500 2746500  9 25 24  17.0 1012 178  1.5 6  7.7  63    0    0 332 -370  1
3797500 2746500  9 26  1  16.7 1012 174  0.8 6  7.8  65    0    0 340 -369  1
3797500 2746500  9 26  2  16.5 1012 232  1.8 5  8.2  69    0    0 336 -374  1
3797500 2746500  9 26  3  16.4 1012 249  2.0 6  8.6  74    0    0 338 -380  1
3797500 2746500  9 26  4  16.1 1012 261  1.6 7  8.9  77    0    0 349 -384  1
3797500 2746500  9 26  5  15.5 1013 266  1.5 7  8.9  79    0    0 355 -384  1
3797500 2746500  9 26  6  15.0 1013 250  1.0 7  8.8  81    0    0 354 -380  1
3797500 2746500  9 26  7  14.6 1013 253  2.2 8  8.8  84    0    6 358 -379  1
3797500 2746500  9 26  8  14.2 1014 249  1.5 6  8.9  87   19   62 349 -382  1
3797500 2746500  9 26  9  14.5 1014 277  1.3 8  8.9  87   23  121 348 -385  1
3797500 2746500  9 26 10  15.5 1015 266  1.2 5  8.9  83  102  167 343 -387  1
3797500 2746500  9 26 11  16.7 1015 212  1.8 5  8.7  76  107  203 328 -390  1
3797500 2746500  9 26 12  17.4 1015 232  1.8 5  8.3  68   88  230 331 -396  1
3797500 2746500  9 26 13  18.3 1015 246  2.6 4  7.7  61  164  224 326 -403  1
3797500 2746500  9 26 14  18.6 1015 277  1.5 3  7.6  57  201  195 317 -409  1
3797500 2746500  9 26 15  19.3 1015 232  2.2 2  7.7  56  322   95 306 -410  1
3797500 2746500  9 26 16  19.5 1015 244  2.7 3  7.5  54  192   95 307 -407  1
3797500 2746500  9 26 17  19.4 1015 178  2.0 3  7.4  53  132   56 312 -403  1
3797500 2746500  9 26 18  18.1 1015 213  1.8 5  7.7  57   47   36 319 -397  1
3797500 2746500  9 26 19  17.1 1015 227  1.0 6  7.8  62    0    5 329 -388  1
3797500 2746500  9 26 20  16.2 1015 350  1.0 7  7.9  67    0    0 335 -382  1
3797500 2746500  9 26 21  16.1 1015 148  0.9 7  8.1  71    0    0 338 -378  1
3797500 2746500  9 26 22  15.9 1015 169  1.5 7  8.1  71    0    0 338 -375  1
3797500 2746500  9 26 23  16.1 1015  54  0.9 7  8.1  71    0    0 338 -373  1
3797500 2746500  9 26 24  15.4 1015  75  0.7 6  8.1  73    0    0 333 -372  1
3797500 2746500  9 27  1  15.3 1015 100  1.0 8  8.2  76    0    0 337 -371  1
3797500 2746500  9 27  2  15.4 1015 196  1.8 8  8.3  76    0    0 347 -370  1
3797500 2746500  9 27  3  15.5 1015 172  1.5 8  8.5  78    0    0 349 -372  1
3797500 2746500  9 27  4  15.3 1014 153  1.9 7  8.7  80    0    0 345 -372  1
3797500 2746500  9 27  5  15.4 1014 153  2.0 6  8.7  80    0    0 337 -373  1
3797500 2746500  9 27  6  15.2 1013 158  2.6 7  8.6  79    0    0 338 -373  1
3797500 2746500  9 27  7  14.8 1013 162  2.5 8  8.6  81    0    5 347 -372  1
3797500 2746500  9 27  8  15.2 1013 162  2.5 6  8.4  79    1   53 341 -372  1
3797500 2746500  9 27  9  15.7 1013 145  3.1 7  8.3  76    3  113 338 -376  1
3797500 2746500  9 27 10  16.7 1013 135  2.5 6  8.7  75   60  216 340 -384  1
3797500 2746500  9 27 11  17.8 1013 155  2.7 5  9.0  73   60  255 337 -395  1
3797500 2746500  9 27 12  19.3 1013 193  3.0 5  9.3  70   94  294 338 -405  1
3797500 2746500  9 27 13  21.0 1012 202  2.6 5  9.6  65   82  297 346 -413  1
3797500 2746500  9 27 14  20.9 1012 190  3.3 5  9.6  62   72  276 349 -418  1
3797500 2746500  9 27 15  21.1 1012 171  2.3 4  9.4  60  148  244 346 -417  1
3797500 2746500  9 27 16  21.5 1011 137  2.0 4  9.5  60   88  187 345 -413  1
3797500 2746500  9 27 17  21.6 1011 146  2.3 4  9.6  60   75  109 345 -408  1
3797500 2746500  9 27 18  21.1 1010 147  3.0 4  9.8  61   21   45 343 -401  1
3797500 2746500  9 27 19  19.5 1010 134  2.8 3 10.0  66    0    4 338 -394  1
3797500 2746500  9 27 20  19.3 1011 147  3.6 2  9.9  70    0    0 330 -388  1
3797500 2746500  9 27 21  19.0 1011 161  3.4 3  9.8  71    0    0 329 -384  1
3797500 2746500  9 27 22  18.3 1011 152  3.1 2  9.8  73    0    0 327 -381  1
3797500 2746500  9 27 23  17.6 1010 130  3.2 2  9.7  75    0    0 322 -379  1
3797500 2746500  9 27 24  17.7 1010 147  3.6 1  9.6  75    0    0 319 -375  1
3797500 2746500  9 28  1  17.8 1010 153  3.0 2  9.6  75    0    0 320 -371  1
3797500 2746500  9 28  2  18.0 1009 154  2.3 3  9.7  75    0    0 325 -368  1
3797500 2746500  9 28  3  18.0 1009 152  2.9 2  9.8  76    0    0 326 -366  1
3797500 2746500  9 28  4  17.7 1009 192  2.1 3  9.8  76    0    0 326 -365  1
3797500 2746500  9 28  5  17.6 1009 171  1.3 3  9.8  77    0    0 327 -363  1
3797500 2746500  9 28  6  17.4 1009 196  1.9 4  9.8  78    0    0 330 -362  1
3797500 2746500  9 28  7  17.3 1009 203  2.7 6  9.9  79    0    0 338 -361  1
3797500 2746500  9 28  8  17.1 1009 125  1.9 8 10.0  81    0   28 352 -362  1
3797500 2746500  9 28  9  17.0 1010 235  1.4 7 10.0  82    0   75 357 -369  1
3797500 2746500  9 28 10  16.7 1010 244  1.8 8  9.7  80    0   85 357 -382  1
3797500 2746500  9 28 11  16.5 1010 247  2.4 8  9.3  79    0   96 362 -396  1
3797500 2746500  9 28 12  15.1 1010 253  1.4 8  9.3  82    0   89 362 -411  1
3797500 2746500  9 28 13  15.7 1010 167  2.7 7  9.4  86    2  199 359 -423  1
3797500 2746500  9 28 14  17.0 1010 212  2.7 4  9.3  80   59  302 344 -430  1
3797500 2746500  9 28 15  18.2 1009 202  2.6 5  9.3  73   49  257 337 -433  1
3797500 2746500  9 28 16  18.8 1009 207  1.9 5  9.3  69   65  210 345 -431  1
3797500 2746500  9 28 17  18.1 1008 160  1.9 6  9.5  71   31  124 349 -424  1
3797500 2746500  9 28 18  18.1 1008 163  1.6 7  9.6  74    1   30 357 -413  1
3797500 2746500  9 28 19  17.1 1008 180  1.7 6  9.6  76    0    2 356 -402  1
3797500 2746500  9 28 20  16.5 1007 175  0.9 4  9.6  80    0    0 338 -394  1
3797500 2746500  9 28 21  16.3 1007 163  1.0 2  9.6  82    0    0 319 -391  1
3797500 2746500  9 28 22  16.9 1007 174  1.3 4  9.5  80    0    0 319 -389  1
3797500 2746500  9 28 23  16.5 1007 164  2.4 4  9.1  76    0    0 328 -389  1
3797500 2746500  9 28 24  16.3 1006 173  2.6 5  8.6  73    0    0 332 -391  1
3797500 2746500  9 29  1  15.9 1006 162  3.0 6  8.3  72    0    0 342 -391  1
3797500 2746500  9 29  2  16.0 1005 172  2.9 6  8.4  73    0    0 348 -388  1
3797500 2746500  9 29  3  15.9 1005 162  2.8 6  8.4  74    0    0 350 -385  1
3797500 2746500  9 29  4  16.4 1004 162  4.0 7  8.5  73    0    0 357 -384  1
3797500 2746500  9 29  5  16.6 1003 161  3.4 6  8.6  73    0    0 360 -384  1
3797500 2746500  9 29  6  16.9 1002 161  3.4 6  8.8  73    0    0 358 -386  1
3797500 2746500  9 29  7  16.9 1002 161  3.9 7  9.0  74    0    5 364 -389  1
3797500 2746500  9 29  8  17.0 1001 179  3.2 6  9.3  76   14   60 366 -391  1
3797500 2746500  9 29  9  18.0 1001 164  4.8 6  9.7  77   59  117 363 -396  1
3797500 2746500  9 29 10  17.7 1001 166  4.3 7 10.0  77    0  114 368 -402  1
3797500 2746500  9 29 11  18.0 1001 168  4.9 8 10.1  78    0  113 376 -407  1
3797500 2746500  9 29 12  18.7 1000 166  3.8 6 10.2  76    4  191 373 -409  1
3797500 2746500  9 29 13  19.0 1000 160  4.0 7 10.3  75    0  119 372 -410  1
3797500 2746500  9 29 14  19.0 1000 267  4.0 8 10.3  74    0   68 380 -411  1
3797500 2746500  9 29 15  19.0  999 157  3.8 8 10.1  72    0   58 385 -409  1
3797500 2746500  9 29 16  18.5  999 127  3.7 8  9.9  72    0   44 384 -405  1
3797500 2746500  9 29 17  17.9  999 142  3.2 6 10.2  76    4   76 374 -406  1
3797500 2746500  9 29 18  17.5  999 148  2.6 8 10.4  81   22   26 373 -405  1
3797500 2746500  9 29 19  17.4  999 148  2.8 7 10.4  82    0    2 376 -403  1
3797500 2746500  9 29 20  18.6  999 149  3.4 8 10.5  80    0    0 378 -402  1
3797500 2746500  9 29 21  18.6  999 158  3.7 7 10.6  78    0    0 380 -401  1
3797500 2746500  9 29 22  18.6  999 167  3.6 8 10.6  78    0    0 380 -400  1
3797500 2746500  9 29 23  18.2  999 162  2.9 8 10.6  78    0    0 384 -398  1
3797500 2746500  9 29 24  18.1  998 152  2.1 5 10.1  76    0    0 371 -397  1
3797500 2746500  9 30  1  18.1  998 158  3.6 7  9.8  74    0    0 367 -396  1
3797500 2746500  9 30  2  18.4  998 149  3.5 6  9.7  73    0    0 371 -397  1
3797500 2746500  9 30  3  17.9  998 178  2.8 7  9.6  73    0    0 370 -397  1
3797500 2746500  9 30  4  17.7  997 161  3.5 6  9.7  74    0    0 369 -397  1
3797500 2746500  9 30  5  17.4  997 160  2.3 5  9.3  73    0    0 362 -397  1
3797500 2746500  9 30  6  17.4  997 155  4.2 5  9.1  72    0    0 357 -398  1
3797500 2746500  9 30  7  17.9  997 159  3.6 6  9.1  71    0    2 361 -400  1
3797500 2746500  9 30  8  18.4  997 149  3.1 7  9.1  68    0   48 368 -400  1
3797500 2746500  9 30  9  18.7  997 152  3.3 6  9.2  68    2  101 369 -402  1
3797500 2746500  9 30 10  20.2  998 162  3.2 5  9.2  64   89  198 366 -406  1
3797500 2746500  9 30 11  21.2  998 156  3.3 3  9.1  59  206  216 361 -410  1
3797500 2746500  9 30 12  22.0  998 155  3.2 2  9.0  55  251  232 354 -421  1
3797500 2746500  9 30 13  22.9  997 262  1.1 1  8.8  51  308  213 351 -431  1
3797500 2746500  9 30 14  23.5  997 351  2.2 1  8.1  45  310  187 348 -436  1
3797500 2746500  9 30 15  24.2  996 347  2.0 0  8.0  43  275  154 346 -440  1
3797500 2746500  9 30 16  24.8  996 343  2.0 0  8.6  44  199  123 345 -441  1
3797500 2746500  9 30 17  24.0  996   4  3.2 1  9.0  46  103   87 349 -437  1
3797500 2746500  9 30 18  21.8  995   7  2.4 0  9.5  53   23   37 345 -428  1
3797500 2746500  9 30 19  20.1  996  34  2.9 3  9.6  60    0    1 342 -416  1
3797500 2746500  9 30 20  18.6  996   9  2.5 2  9.5  66    0    0 341 -408  1
3797500 2746500  9 30 21  17.5  996  27  1.4 1  9.6  73    0    0 332 -405  1
3797500 2746500  9 30 22  17.8  996  30  1.6 1  9.6  75    0    0 328 -402  1
3797500 2746500  9 30 23  16.1  996 130  1.5 1  9.5  77    0    0 324 -399  1
3797500 2746500  9 30 24  16.6  996 177  1.5 2  9.7  82    0    0 325 -398  1
3797500 2746500 10  1  1  16.3  996 182  1.5 1  9.8  82    0    0 324 -396  1
3797500 2746500 10  1  2  15.4  995 174  2.0 2  9.7  84    0    0 321 -395  1
3797500 2746500 10  1  3  15.7  996 220  1.5 2  9.7  86    0    0 322 -395  1
3797500 2746500 10  1  4  15.7  996 186  1.3 2  9.7  85    0    0 322 -394  1
3797500 2746500 10  1  5  14.8  996 197  2.1 3  9.5  86    0    0 323 -394  1
3797500 2746500 10  1  6  14.9  996 205  1.6 3  9.3  87    0    0 325 -393  1
3797500 2746500 10  1  7  14.7  996 205  1.4 4  9.0  84    0    3 328 -393  1
3797500 2746500 10  1  8  15.1  997 210  1.5 2  9.0  83   18   69 323 -392  1
3797500 2746500 10  1  9  16.2  997 235  1.9 1  9.2  81   88  131 313 -393  1
3797500 2746500 10  1 10  16.7  998 237  2.3 3  9.5  80   74  194 320 -394  1
3797500 2746500 10  1 11  17.4  998 243  2.4 5  9.6  77   51  226 339 -396  1
3797500 2746500 10  1 12  17.8  998 246  1.9 5  9.5  74   91  258 349 -398  1
3797500 2746500 10  1 13  18.4  998 228  2.0 6  9.6  73   61  257 355 -400  1
3797500 2746500 10  1 14  18.5  998 241  2.7 7  9.5  70   11  198 364 -400  1
3797500 2746500 10  1 15  18.5  999 254  2.7 7  9.4  69    2  148 368 -401  1
3797500 2746500 10  1 16  18.5  999 237  2.5 8  9.2  68    0   64 371 -400  1
3797500 2746500 10  1 17  18.2  999 245  1.9 7  9.1  68    1   69 370 -399  1
3797500 2746500 10  1 18  17.8  999 266  1.7 8  9.2  70    5   31 369 -398  1
3797500 2746500 10  1 19  17.2  999 257  1.7 8  9.3  73    0    0 371 -397  1
3797500 2746500 10  1 20  16.9 1000 260  1.4 8  9.3  75    0    0 370 -396  1
3797500 2746500 10  1 21  16.6 1000 262  1.3 8  9.3  76    0    0 370 -395  1
3797500 2746500 10  1 22  16.4 1000 266  1.3 8  9.3  78    0    0 371 -395  1
3797500 2746500 10  1 23  16.3 1001 275  1.8 8  9.4  79    0    0 372 -394  1
3797500 2746500 10  1 24  16.1 1000 278  2.4 7  9.5  81    0    0 370 -394  1
3797500 2746500 10  2  1  16.0 1006 283  3.1 7  9.5  82    0    0 366 -396  1
3797500 2746500 10  2  2  15.8 1005 281  3.5 7  9.4  82    0    0 350 -394  1
3797500 2746500 10  2  3  15.5 1005 278  3.7 7  9.2  81    0    0 354 -392  1
3797500 2746500 10  2  4  15.0 1005 273  3.5 7  8.7  80    0    0 365 -390  1
3797500 2746500 10  2  5  14.7 1004 275  3.5 7  8.6  80    0    0 369 -389  1
3797500 2746500 10  2  6  13.5 1004 265  3.1 7  7.9  78    0    0 360 -387  1
3797500 2746500 10  2  7  13.5 1005 265  3.5 7  7.7  79    0    0 351 -384  1
3797500 2746500 10  2  8  13.5 1005 257  4.1 7  7.6  78    2   42 348 -380  1
3797500 2746500 10  2  9  13.5 1005 262  3.7 7  7.5  77    3   90 346 -381  1
3797500 2746500 10  2 10  12.3 1006 291  3.3 8  7.5  80    2  129 348 -386  1
3797500 2746500 10  2 11  13.7 1006 285  4.7 6  7.5  80   30  191 345 -391  1
3797500 2746500 10  2 12  14.0 1006 292  3.9 6  7.0  71    6  178 339 -391  1
3797500 2746500 10  2 13  13.9 1006 300  5.5 8  6.6  66    0   79 347 -391  1
3797500 2746500 10  2 14  13.5 1007 286  5.1 7  6.4  65    0  115 350 -393  1
3797500 2746500 10  2 15  13.7 1007 287  3.9 6  6.3  64   22  164 343 -392  1
3797500 2746500 10  2 16  15.1 1007 272  4.8 4  6.2  61  157  112 332 -390  1
3797500 2746500 10  2 17  14.4 1007 289  4.7 5  5.8  55   68   72 328 -388  1
3797500 2746500 10  2 18  13.5 1008 303  4.6 5  5.3  53    6   17 327 -386  1
3797500 2746500 10  2 19  12.7 1009 315  5.9 7  5.6  59    0    0 331 -383  1
3797500 2746500 10  2 20  11.3 1009 320  3.5 7  6.2  71    0    0 335 -380  1
3797500 2746500 10  2 21  11.9 1010 301  3.3 7  6.4  74    0    0 331 -379  1
3797500 2746500 10  2 22  11.6 1011 305  3.0 6  6.1  71    0    0 325 -377  1
3797500 2746500 10  2 23  11.3 1011 304  3.3 6  6.1  72    0    0 318 -375  1
3797500 2746500 10  2 24  11.0 1012 289  2.9 8  6.2  75    0    0 325 -373  1
3797500 2746500 10  3  1  11.0 1012 297  2.1 5  6.1  75    0    0 319 -369  1
3797500 2746500 10  3  2  10.0 1012 251  2.2 4  6.1  77    0    0 298 -362  1
3797500 2746500 10  3  3   9.9 1012 240  1.5 4  6.3  82    0    0 292 -356  1
3797500 2746500 10  3  4   9.7 1012 242  1.4 3  6.4  84    0    0 286 -352  1
3797500 2746500 10  3  5   8.7 1013 217  1.6 2  6.2  85    0    0 276 -349  1
3797500 2746500 10  3  6   8.3 1013 224  1.4 3  5.9  86    0    0 275 -346  1
3797500 2746500 10  3  7   8.1 1013 226  1.8 6  5.9  87    0    0 293 -343  1
3797500 2746500 10  3  8   8.7 1013 211  1.5 5  5.9  87   16   53 303 -343  1
3797500 2746500 10  3  9  10.0 1014 234  2.2 5  6.2  85   68  122 301 -349  1
3797500 2746500 10  3 10  11.2 1014 243  2.4 5  6.4  80  176  160 305 -361  1
3797500 2746500 10  3 11  12.8 1014 243  2.3 4  6.4  73  183  205 305 -375  1
3797500 2746500 10  3 12  13.6 1014 271  2.5 5  6.1  64  138  240 310 -388  1
3797500 2746500 10  3 13  14.9 1014 299  2.6 5  5.8  58  151  243 319 -397  1
3797500 2746500 10  3 14  14.8 1014 334  2.5 4  6.0  57  114  225 319 -400  1
3797500 2746500 10  3 15  14.5 1014 271  1.3 5  6.1  58   58  183 320 -397  1
3797500 2746500 10  3 16  14.5 1014 242  2.1 6  6.3  61   44  132 328 -391  1
3797500 2746500 10  3 17  14.3 1014 239  1.4 7  6.6  64   25   76 337 -388  1
3797500 2746500 10  3 18  14.0 1013 225  1.3 6  6.7  66    9   19 336 -386  1
3797500 2746500 10  3 19  13.2 1014 215  1.5 7  6.8  70    0    0 336 -382  1
3797500 2746500 10  3 20  13.9 1014 205  2.1 8  6.9  71    0    0 345 -380  1
3797500 2746500 10  3 21  13.9 1014 205  2.1 8  6.9  70    0    0 351 -379  1
3797500 2746500 10  3 22  13.9 1014 195  2.2 8  7.0  71    0    0 353 -379  1
3797500 2746500 10  3 23  13.5 1014 191  1.8 8  7.2  73    0    0 354 -378  1
3797500 2746500 10  3 24  13.5 1014 212  2.2 7  7.2  74    0    0 350 -377  1
3797500 2746500 10  4  1  12.9 1014 212  2.9 7  7.1  75    0    0 346 -376  1
3797500 2746500 10  4  2  12.7 1014 213  2.8 7  7.1  77    0    0 346 -376  1
3797500 2746500 10  4  3  13.0 1014 224  3.1 8  7.0  75    0    0 353 -374  1
3797500 2746500 10  4  4  13.1 1014 224  3.4 8  6.9  73    0    0 359 -372  1
3797500 2746500 10  4  5  13.1 1014 207  2.9 8  6.8  73    0    0 362 -368  1
3797500 2746500 10  4  6  13.0 1014 225  4.6 8  6.8  73    0    0 361 -364  1
3797500 2746500 10  4  7  12.6 1013 227  4.1 7  6.8  74    0    0 356 -362  1
3797500 2746500 10  4  8  12.2 1014 216  4.2 8  6.8  76    5   46 353 -363  1
3797500 2746500 10  4  9  12.4 1014 216  3.9 7  6.8  77    0   70 353 -369  1
3797500 2746500 10  4 10  12.4 1014 224  3.5 8  7.0  78    0   72 354 -377  1
3797500 2746500 10  4 11  12.9 1014 217  3.5 8  7.2  79    0   78 359 -387  1
3797500 2746500 10  4 12  14.4 1014 230  4.7 7  7.4  76    7  178 357 -399  1
3797500 2746500 10  4 13  15.7 1014 226  5.3 6  7.6  72  115  226 353 -409  1
3797500 2746500 10  4 14  16.5 1013 241  5.1 5  7.8  68  112  211 347 -415  1
3797500 2746500 10  4 15  16.7 1013 279  4.8 7  8.0  68    9  148 353 -411  1
3797500 2746500 10  4 16  16.3 1013 243  3.8 8  8.0  68    0   60 366 -405  1
3797500 2746500 10  4 17  16.1 1012 264  3.8 8  7.9  68    0   47 370 -402  1
3797500 2746500 10  4 18  16.0 1012 227  3.7 8  7.8  68    0   15 369 -400  1
3797500 2746500 10  4 19  15.8 1012 225  3.3 8  7.7  68    0    0 368 -393  1
3797500 2746500 10  4 20  15.6 1013 219  3.3 8  7.7  69    0    0 364 -386  1
3797500 2746500 10  4 21  14.5 1013 226  3.3 7  7.5  71    0    0 357 -383  1
3797500 2746500 10  4 22  13.6 1012 220  3.0 3  7.4  74    0    0 334 -379  1
3797500 2746500 10  4 23  12.1 1012 215  2.9 2  7.4  80    0    0 309 -376  1
3797500 2746500 10  4 24  12.6 1012 209  3.8 3  7.3  82    0    0 308 -374  1
3797500 2746500 10  5  1  12.8 1012 226  3.7 3  7.3  80    0    0 314 -373  1
3797500 2746500 10  5  2  12.3 1011 210  3.4 2  7.2  80    0    0 310 -371  1
3797500 2746500 10  5  3  11.2 1011 219  3.7 2  7.2  83    0    0 303 -368  1
3797500 2746500 10  5  4  11.3 1011 212  4.1 1  7.1  85    0    0 298 -365  1
3797500 2746500 10  5  5  10.8 1010 209  3.7 0  7.1  86    0    0 288 -363  1
3797500 2746500 10  5  6  11.1 1010 211  4.1 1  7.1  87    0    0 288 -361  1
3797500 2746500 10  5  7  11.1 1010 218  3.7 5  7.2  87    0    0 309 -360  1
3797500 2746500 10  5  8  11.9 1010 218  3.0 8  7.5  89    3   47 342 -360  1
3797500 2746500 10  5  9  12.0 1010 237  3.4 7  8.0  91    7  106 353 -364  1
3797500 2746500 10  5 10  12.5 1010 229  3.5 7  8.3  93    4  140 350 -376  1
3797500 2746500 10  5 11  13.4 1010 237  3.6 8  8.5  91    0  109 356 -390  1
3797500 2746500 10  5 12  13.8 1010 209  2.7 8  8.7  89    0  124 362 -404  1
3797500 2746500 10  5 13  15.2 1010 227  3.7 7  9.0  86    0  124 359 -415  1
3797500 2746500 10  5 14  15.5 1010 236  4.1 7  8.7  79    0   93 356 -422  1
3797500 2746500 10  5 15  15.5 1010 225  4.0 7  8.3  75    0  107 354 -424  1
3797500 2746500 10  5 16  15.6 1009 239  3.1 8  8.1  74    1   95 357 -422  1
3797500 2746500 10  5 17  15.6 1009 227  2.7 7  8.1  73   14   79 355 -415  1
3797500 2746500 10  5 18  15.5 1008 231  2.5 8  8.1  73    2   19 352 -403  1
3797500 2746500 10  5 19  14.9 1008 212  1.4 7  8.0  74    0    0 350 -389  1
3797500 2746500 10  5 20  14.2 1008 196  1.5 7  8.0  77    0    0 342 -381  1
3797500 2746500 10  5 21  13.8 1008 164  1.2 6  7.9  79    0    0 335 -377  1
3797500 2746500 10  5 22  13.7 1008  95  0.2 5  7.9  80    0    0 326 -374  1
3797500 2746500 10  5 23  12.8 1007 137  0.8 5  7.8  82    0    0 319 -371  1
3797500 2746500 10  5 24  13.2 1007 122  0.5 5  7.9  84    0    0 318 -369  1
3797500 2746500 10  6  1  13.0 1007 114  0.0 6  7.8  82    0    0 321 -367  1
3797500 2746500 10  6  2  11.7 1007 114  0.6 5  7.4  82    0    0 318 -366  1
3797500 2746500 10  6  3  11.6 1006 103  1.1 4  7.2  84    0    0 309 -366  1
3797500 2746500 10  6  4  11.2 1006 108  1.2 2  7.1  84    0    0 297 -365  1
3797500 2746500 10  6  5  10.6 1005 121  1.5 1  6.9  85    0    0 284 -364  1
3797500 2746500 10  6  6   9.8 1004 135  0.0 1  6.7  86    0    0 278 -365  1
3797500 2746500 10  6  7   9.8 1004 148  1.8 1  6.6  87    0    0 276 -367  1
3797500 2746500 10  6  8  10.4 1003 173  0.9 2  6.9  89   15   52 281 -370  1
3797500 2746500 10  6  9  12.8 1003 172  1.9 3  7.4  86   46  121 293 -375  1
3797500 2746500 10  6 10  15.8 1003 145  2.3 4  7.9  77  173  151 309 -386  1
3797500 2746500 10  6 11  17.4 1002 155  2.3 4  8.2  68  273  166 321 -401  1
3797500 2746500 10  6 12  19.2 1001 193  3.9 4  8.5  64  361  157 329 -417  1
3797500 2746500 10  6 13  20.1 1001 192  3.8 5  8.9  61  384  152 339 -431  1
3797500 2746500 10  6 14  21.4 1000 194  3.8 4  8.9  58  378  128 345 -440  1
3797500 2746500 10  6 15  22.8  999 191  3.8 3  9.0  54  295  122 346 -444  1
3797500 2746500 10  6 16  22.7  998 154  3.1 3  9.3  53  175  111 348 -443  1
3797500 2746500 10  6 17  22.1  998 153  3.3 4  9.7  56   92   69 353 -439  1
3797500 2746500 10  6 18  21.5  997 169  3.7 5  9.6  58   10   19 360 -432  1
3797500 2746500 10  6 19  20.4  997 189  1.7 6  9.4  60    0    0 365 -425  1
3797500 2746500 10  6 20  20.2  997 186  2.8 6  9.5  63    0    0 368 -423  1
3797500 2746500 10  6 21  19.6  997 165  3.0 7  9.5  64    0    0 372 -424  1
3797500 2746500 10  6 22  19.7  996 160  3.4 5  9.6  66    0    0 371 -424  1
3797500 2746500 10  6 23  19.3  996 162  4.3 5  9.6  66    0    0 367 -424  1
3797500 2746500 10  6 24  19.4  996 163  5.0 4  9.6  67    0    0 364 -420  1
3797500 2746500 10  7  1  19.4  995 165  4.2 4  9.7  68    0    0 361 -415  1
3797500 2746500 10  7  2  19.5  995 215  4.8 4  9.9  69    0    0 361 -412  1
3797500 2746500 10  7  3  18.9  994 173  5.2 5 10.3  72    0    0 363 -409  1
3797500 2746500 10  7  4  17.7  994 180  4.3 7 10.6  79    0    0 371 -405  1
3797500 2746500 10  7  5  17.2  994 174  3.2 8 10.7  84    0    0 380 -404  1
3797500 2746500 10  7  6  16.6  994 170  4.2 8 10.8  88    0    0 382 -405  1
3797500 2746500 10  7  7  16.6  993 171  4.2 8 10.9  90    0    0 382 -405  1
3797500 2746500 10  7  8  16.6  993 170  5.0 8 10.9  90    0   38 382 -405  1
3797500 2746500 10  7  9  17.1  993 181  4.8 6 10.8  88    7   99 375 -406  1
3797500 2746500 10  7 10  17.3  994 179  5.0 6 11.0  87   50  170 368 -409  1
3797500 2746500 10  7 11  19.3  994 181  5.7 6 11.2  83  146  201 371 -413  1
3797500 2746500 10  7 12  19.2  994 202  6.7 7 11.1  78   10  186 377 -416  1
3797500 2746500 10  7 13  19.9  993 217  9.8 6 10.5  72   24  198 376 -417  1
3797500 2746500 10  7 14  20.5  993 205  7.2 7 10.0  66   98  209 377 -410  1
3797500 2746500 10  7 15  20.7  993 206  9.8 7  9.5  62   75  176 380 -401  1
3797500 2746500 10  7 16  20.2  993 223  8.6 6  9.0  58   21  119 372 -399  1
3797500 2746500 10  7 17  16.8  994 214  7.5 6  9.0  66    0   55 359 -399  1
3797500 2746500 10  7 18  16.0  995 210  5.8 7  9.4  79    4   17 356 -397  1
3797500 2746500 10  7 19  15.6  995 221  5.1 6  8.6  75    0    0 350 -393  1
3797500 2746500 10  7 20  14.3  997 207  3.7 4  7.7  71    0    0 329 -390  1
3797500 2746500 10  7 21  13.5  998 210  4.2 2  7.5  75    0    0 305 -388  1
3797500 2746500 10  7 22  13.7  999 222  4.0 5  7.6  76    0    0 312 -386  1
3797500 2746500 10  7 23  13.8 1000 230  4.5 5  7.4  74    0    0 325 -383  1
3797500 2746500 10  7 24  13.3 1000 221  4.2 4  7.2  73    0    0 317 -379  1
3797500 2746500 10  8  1  12.8 1001 191  3.0 4  7.1  75    0    0 308 -376  1
3797500 2746500 10  8  2  13.1 1001 191  4.1 4  7.1  75    0    0 304 -373  1
3797500 2746500 10  8  3  13.1 1001 202  4.8 5  7.5  78    0    0 308 -370  1
3797500 2746500 10  8  4  12.7 1002 190  3.5 7  7.8  83    0    0 320 -368  1
3797500 2746500 10  8  5  13.4 1002 192  4.8 7  7.9  83    0    0 330 -367  1
3797500 2746500 10  8  6  13.6 1002 202  5.3 7  7.8  79    0    0 334 -366  1
3797500 2746500 10  8  7  13.4 1002 203  5.0 6  7.3  75    0    0 331 -366  1
3797500 2746500 10  8  8  13.4 1002 193  4.6 6  7.0  72    5   52 327 -367  1
3797500 2746500 10  8  9  14.5 1002 181  5.0 5  7.3  72   14  126 326 -374  1
3797500 2746500 10  8 10  14.5 1001 181  5.0 7  7.9  75    0  115 334 -383  1
3797500 2746500 10  8 11  14.6 1001 191  4.6 8  8.6  82    0   86 348 -387  1
3797500 2746500 10  8 12  14.8 1001 190  4.4 8  9.2  86    0  101 356 -387  1
3797500 2746500 10  8 13  15.5 1001 201  4.8 8  9.7  88    0  113 361 -389  1
3797500 2746500 10  8 14  16.6 1001 191  4.0 7 10.0  86    0  138 363 -394  1
3797500 2746500 10  8 15  17.5 1000 201  4.5 8 10.0  81    1  128 369 -399  1
3797500 2746500 10  8 16  17.7 1000 201  5.3 8  9.8  77    1   95 380 -402  1
3797500 2746500 10  8 17  16.7 1000 192  4.9 8  9.7  78    0   45 381 -405  1
3797500 2746500 10  8 18  16.2  999 181  4.0 8  9.8  82    0    9 381 -406  1
3797500 2746500 10  8 19  16.2  998 180  4.7 8  9.8  84    0    0 382 -407  1
3797500 2746500 10  8 20  15.9  998 180  5.6 8  9.8  84    0    0 383 -407  1
3797500 2746500 10  8 21  15.3  997 190  6.2 8  9.8  87    0    0 381 -406  1
3797500 2746500 10  8 22  15.5  996 190  7.8 8  9.9  88    0    0 382 -403  1
3797500 2746500 10  8 23  16.7  995 211  7.6 8 10.1  86    0    0 384 -399  1
3797500 2746500 10  8 24  17.5  995 220  8.8 8 10.5  84    0    0 389 -396  1
3797500 2746500 10  9  1  17.8  995 219  8.5 8 10.9  84    0    0 392 -397  1
3797500 2746500 10  9  2  17.7  995 221  7.5 8 11.1  86    0    0 393 -399  1
3797500 2746500 10  9  3  17.3  996 217  6.9 8 11.3  88    0    0 393 -398  1
3797500 2746500 10  9  4  16.9  995 210  7.0 8 11.4  92    0    0 392 -396  1
3797500 2746500 10  9  5  17.0  995 210  7.4 8 11.4  92    0    0 391 -395  1
3797500 2746500 10  9  6  17.1  995 207  7.0 8 11.3  91    0    0 391 -394  1
3797500 2746500 10  9  7  17.1  995 208  8.0 8 11.2  90    0    0 392 -394  1
3797500 2746500 10  9  8  17.2  994 208  7.9 8 11.4  91    0   32 394 -395  1
3797500 2746500 10  9  9  18.1  994 211  8.9 7 11.5  89    3   77 389 -396  1
3797500 2746500 10  9 10  19.0  995 252  7.4 8 11.5  84    0   64 394 -396  1
3797500 2746500 10  9 11  17.3  995 217 10.4 6 11.4  86   18  160 388 -396  1
3797500 2746500 10  9 12  19.3  996 229 10.3 4 11.2  83   83  180 371 -397  1
3797500 2746500 10  9 13  19.2  996 242  9.9 6 10.8  76   20  171 374 -403  1
3797500 2746500 10  9 14  19.2  997 239  9.1 7 10.0  71    0  102 382 -411  1
3797500 2746500 10  9 15  18.7  997 238  9.8 8  9.5  68    0   76 387 -414  1
3797500 2746500 10  9 16  18.5  998 228  7.6 8  9.5  70    0   64 388 -410  1
3797500 2746500 10  9 17  18.5  998 230  7.1 7  9.6  71    0   40 381 -405  1
3797500 2746500 10  9 18  18.1  998 237  6.9 7  9.5  71    0   11 375 -401  1
3797500 2746500 10  9 19  16.9  998 243  6.9 8  9.7  77    0    0 374 -398  1
3797500 2746500 10  9 20  15.4  999 220  5.1 8 10.1  86    0    0 375 -397  1
3797500 2746500 10  9 21  14.4  999 221  5.1 8  9.9  92    0    0 371 -395  1
3797500 2746500 10  9 22  13.7 1000 222  3.6 8  9.5  93    0    0 370 -394  1
3797500 2746500 10  9 23  13.9 1000 200  5.0 8  9.4  94    0    0 369 -393  1
3797500 2746500 10  9 24  14.1 1000 220  3.6 8  9.6  95    0    0 370 -393  1
3797500 2746500 10 10  1  14.7  999 209  4.6 8  9.9  95    0    0 373 -392  1
3797500 2746500 10 10  2  15.2  999 211  4.8 7 10.1  93    0    0 371 -392  1
3797500 2746500 10 10  3  15.2  998 203  5.2 7 10.2  93    0    0 367 -392  1
3797500 2746500 10 10  4  15.1  997 205  6.8 7 10.3  94    0    0 368 -392  1
3797500 2746500 10 10  5  15.2  996 210  7.3 8 10.3  94    0    0 375 -392  1
3797500 2746500 10 10  6  15.1  994 211  9.4 8 10.1  92    0    0 380 -392  1
3797500 2746500 10 10  7  15.2  993 219  9.6 8 10.1  92    0    0 383 -392  1
3797500 2746500 10 10  8  15.1  993 220  6.9 8 10.3  93    0    8 385 -393  1
3797500 2746500 10 10  9  15.2  992 222  7.1 8 10.3  93    0   29 386 -393  1
3797500 2746500 10 10 10  15.7  991 248  7.5 8 10.4  93    0   73 387 -393  1
3797500 2746500 10 10 11  15.2  991 284  6.1 7  9.4  84   17  173 380 -394  1
3797500 2746500 10 10 12  14.8  991 256  5.6 3  7.7  71  165  197 349 -393  1
3797500 2746500 10 10 13  15.9  992 259  6.3 1  6.8  62  329  142 318 -391  1
3797500 2746500 10 10 14  16.5  992 266  9.3 3  6.7  57  129  186 321 -391  1
3797500 2746500 10 10 15  15.5  993 281  6.9 3  6.5  56  113  153 332 -391  1
3797500 2746500 10 10 16  14.8  993 287  8.1 2  6.4  58  117  101 324 -389  1
3797500 2746500 10 10 17  14.4  993 256  7.6 3  6.4  61   38   59 322 -382  1
3797500 2746500 10 10 18  13.6  994 260  6.8 4  6.5  64    6   14 326 -376  1
3797500 2746500 10 10 19  13.3  994 249  8.7 4  6.5  66    0    0 325 -372  1
3797500 2746500 10 10 20  12.9  995 259  7.5 6  6.5  68    0    0 328 -368  1
3797500 2746500 10 10 21  12.5  995 239  7.9 7  6.6  71    0    0 337 -364  1
3797500 2746500 10 10 22  12.4  995 247  7.8 7  6.8  74    0    0 340 -362  1
3797500 2746500 10 10 23  10.9  996 251  4.7 7  6.9  80    0    0 337 -360  1
3797500 2746500 10 10 24  11.4  996 240  6.5 4  7.1  84    0    0 322 -358  1
3797500 2746500 10 11  1  11.7  997 239  7.3 6  7.1  82    0    0 317 -357  1
3797500 2746500 10 11  2  11.7  997 242  6.0 6  7.0  80    0    0 325 -356  1
3797500 2746500 10 11  3  11.8  997 241  6.1 7  6.9  79    0    0 329 -355  1
3797500 2746500 10 11  4  12.2  997 250  6.6 7  7.0  79    0    0 336 -355  1
3797500 2746500 10 11  5  12.1  997 240  6.5 6  7.1  79    0    0 332 -356  1
3797500 2746500 10 11  6  11.8  997 241  6.5 6  7.1  80    0    0 323 -355  1
3797500 2746500 10 11  7  11.6  997 250  5.8 7  7.1  81    0    0 323 -355  1
3797500 2746500 10 11  8  11.4  997 246  4.9 7  7.1  83    2   35 324 -354  1
3797500 2746500 10 11  9  11.7  998 239  5.7 7  7.2  83    7   92 324 -356  1
3797500 2746500 10 11 10  12.5  998 238  6.7 7  7.2  80   44  162 326 -361  1
3797500 2746500 10 11 11  13.4  998 248  6.0 6  7.2  76   58  197 325 -367  1
3797500 2746500 10 11 12  13.0  998 237  5.5 6  7.1  73   47  211 324 -373  1
3797500 2746500 10 11 13  13.2  998 245  6.4 5  6.8  72   63  207 324 -375  1
3797500 2746500 10 11 14  13.7  997 238  6.9 5  6.7  68   85  195 325 -373  1
3797500 2746500 10 11 15  13.5  996 240  5.0 7  6.7  68   17  150 337 -374  1
3797500 2746500 10 11 16  12.5  996 238  4.7 7  7.1  75    6   97 347 -374  1
3797500 2746500 10 11 17  12.4  995 223  4.5 7  7.3  79    2   51 346 -372  1
3797500 2746500 10 11 18  11.1  994 216  3.1 7  7.2  82    0    2 344 -369  1
3797500 2746500 10 11 19  10.6  994 231  2.2 7  7.3  88    0    0 343 -366  1
3797500 2746500 10 11 20  10.3  993 220  2.1 8  7.2  88    0    0 347 -364  1
3797500 2746500 10 11 21  10.1  993 215  1.5 8  7.2  90    0    0 352 -364  1
3797500 2746500 10 11 22   9.9  992 209  1.0 8  7.1  91    0    0 351 -364  1
3797500 2746500 10 11 23  10.2  991 199  0.7 7  7.2  90    0    0 350 -364  1
3797500 2746500 10 11 24  10.8  990 195  0.6 5  7.3  89    0    0 344 -363  1
3797500 2746500 10 12  1  11.4 1024 189  0.7 3  7.4  87    0    0 291 -372  1
3797500 2746500 10 12  2  11.9 1024 184  0.8 2  7.4  86    0    0 288 -370  1
3797500 2746500 10 12  3  12.2 1024 183  1.0 1  7.5  85    0    0 285 -368  1
3797500 2746500 10 12  4  12.1 1023 184  1.0 1  7.4  85    0    0 283 -367  1
3797500 2746500 10 12  5  12.0 1023 183  0.9 1  7.4  85    0    0 286 -365  1
3797500 2746500 10 12  6  11.9 1023 184  0.9 0  7.3  85    0    0 279 -364  1
3797500 2746500 10 12  7  11.8 1023 176  0.9 1  7.3  85    0    2 278 -363  1
3797500 2746500 10 12  8  12.1 1023 176  1.5 2  7.4  85   16   45 287 -362  1
3797500 2746500 10 12  9  13.1 1023 175  1.8 1  7.6  84   89  102 289 -365  1
3797500 2746500 10 12 10  14.8 1023 181  2.1 2  8.0  81  192  131 293 -373  1
3797500 2746500 10 12 11  16.4 1023 169  3.1 2  8.4  77  278  146 301 -385  1
3797500 2746500 10 12 12  17.8 1023 166  2.8 2  8.8  73  345  145 306 -398  1
3797500 2746500 10 12 13  18.8 1022 174  3.2 1  8.9  68  348  149 309 -409  1
3797500 2746500 10 12 14  19.3 1022 178  3.2 2  8.7  64  314  142 312 -415  1
3797500 2746500 10 12 15  19.6 1021 213  3.1 2  8.6  61  256  123 316 -417  1
3797500 2746500 10 12 16  19.4 1021 181  2.1 2  8.7  62  167   99 316 -414  1
3797500 2746500 10 12 17  18.7 1021 196  1.3 3  8.9  65   64   63 318 -405  1
3797500 2746500 10 12 18  17.6 1021 184  1.5 4  9.0  70    3   14 321 -393  1
3797500 2746500 10 12 19  16.8 1021 186  1.4 4  9.0  74    0    0 322 -382  1
3797500 2746500 10 12 20  16.7 1021 175  2.0 5  9.0  76    0    0 322 -377  1
3797500 2746500 10 12 21  16.1 1021 193  1.7 5  8.9  76    0    0 324 -374  1
3797500 2746500 10 12 22  15.9 1021 171  2.2 6  8.7  77    0    0 328 -371  1
3797500 2746500 10 12 23  15.1 1021 207  1.8 4  8.6  79    0    0 328 -369  1
3797500 2746500 10 12 24  14.7 1021 196  1.6 5  8.4  80    0    0 327 -367  1
3797500 2746500 10 13  1  14.2 1021 173  1.4 5  8.3  81    0    0 332 -366  1
3797500 2746500 10 13  2  13.5 1021 206  1.0 5  8.1  82    0    0 327 -365  1
3797500 2746500 10 13  3  13.0 1021 170  1.3 4  7.8  83    0    0 320 -365  1
3797500 2746500 10 13  4  12.5 1021 197  1.1 3  7.7  84    0    0 312 -365  1
3797500 2746500 10 13  5  12.3 1020 199  1.1 6  7.7  86    0    0 317 -363  1
3797500 2746500 10 13  6  12.2 1020 234  1.8 6  7.7  87    0    0 324 -362  1
3797500 2746500 10 13  7  11.8 1020 222  2.2 7  7.7  88    0    0 325 -361  1
3797500 2746500 10 13  8  11.0 1020 185  1.6 7  7.7  92    0   31 326 -363  1
3797500 2746500 10 13  9  12.0 1021 186  1.6 7  7.8  93    0   77 328 -367  1
3797500 2746500 10 13 10  12.3 1021 201  1.5 6  8.1  92   10  146 328 -377  1
3797500 2746500 10 13 11  13.0 1021 167  2.1 5  8.4  92   22  194 326 -389  1
3797500 2746500 10 13 12  13.7 1021 203  2.1 5  8.6  91   54  238 327 -403  1
3797500 2746500 10 13 13  14.5 1020 190  2.2 3  8.8  88  161  242 325 -413  1
3797500 2746500 10 13 14  16.9 1020 174  2.1 2  9.2  83  254  190 324 -419  1
3797500 2746500 10 13 15  17.0 1019 221  2.2 2  9.3  77  212  159 325 -421  1
3797500 2746500 10 13 16  17.6 1019 182  1.2 2  9.2  75  140  120 327 -418  1
3797500 2746500 10 13 17  17.5 1019 193  0.7 4  9.3  74   53   70 335 -410  1
3797500 2746500 10 13 18  15.8 1018 320  0.6 4  9.1  78    2   13 339 -399  1
3797500 2746500 10 13 19  14.3 1018 128  0.7 3  9.0  84    0    0 331 -389  1
3797500 2746500 10 13 20  14.9 1018  92  1.2 2  8.9  86    0    0 322 -384  1
3797500 2746500 10 13 21  13.7 1018 113  1.3 0  8.8  87    0    0 310 -381  1
3797500 2746500 10 13 22  14.0 1018 157  1.2 1  8.7  88    0    0 305 -379  1
3797500 2746500 10 13 23  14.6 1018 172  1.8 1  8.7  86    0    0 311 -377  1
3797500 2746500 10 13 24  14.3 1017 178  1.7 1  8.6  84    0    0 311 -376  1
3797500 2746500 10 14  1  14.2 1017 176  1.4 2  8.4  83    0    0 313 -375  1
3797500 2746500 10 14  2  13.7 1017 185  1.7 1  8.2  83    0    0 312 -374  1
3797500 2746500 10 14  3  13.6 1017 197  1.7 1  8.1  84    0    0 310 -375  1
3797500 2746500 10 14  4  14.0 1016 173  1.4 0  8.1  82    0    0 308 -376  1
3797500 2746500 10 14  5  13.5 1015 193  1.3 2  8.1  82    0    0 311 -375  1
3797500 2746500 10 14  6  13.1 1015 177  2.2 2  8.0  84    0    0 316 -375  1
3797500 2746500 10 14  7  13.3 1014 175  2.0 2  7.9  84    0    0 316 -376  1
3797500 2746500 10 14  8  13.4 1014 173  1.7 2  8.0  83    8   41 317 -378  1
3797500 2746500 10 14  9  14.1 1014 174  2.1 1  8.1  83   63  110 315 -381  1
3797500 2746500 10 14 10  16.0 1014 174  1.8 2  8.5  79  122  166 319 -389  1
3797500 2746500 10 14 11  17.7 1013 166  2.2 2  9.0  75  171  204 328 -402  1
3797500 2746500 10 14 12  19.2 1013 188  1.9 2  9.3  70  261  204 335 -416  1
3797500 2746500 10 14 13  19.9 1012 215  2.7 3  9.1  64  206  228 342 -428  1
3797500 2746500 10 14 14  20.6 1012 195  2.3 3  9.0  61  132  220 348 -435  1
3797500 2746500 10 14 15  20.7 1011 208  2.3 4  9.1  60  113  180 354 -438  1
3797500 2746500 10 14 16  20.9 1011 195  1.9 5  9.3  61   26  116 362 -436  1
3797500 2746500 10 14 17  20.2 1010 170  1.9 6  9.5  63   21   59 368 -429  1
3797500 2746500 10 14 18  19.6 1010 181  1.9 6  9.5  65    0    8 372 -420  1
3797500 2746500 10 14 19  19.3 1010 210  1.9 5  9.4  66    0    0 369 -413  1
3797500 2746500 10 14 20  19.4 1010 182  1.6 5  9.5  68    0    0 366 -409  1
3797500 2746500 10 14 21  19.4 1011 212  2.8 7  9.8  69    0    0 375 -406  1
3797500 2746500 10 14 22  19.1 1011 233  2.8 7 10.2  72    0    0 381 -404  1
3797500 2746500 10 14 23  18.8 1011 259  2.6 8 10.6  77    0    0 384 -401  1
3797500 2746500 10 14 24  18.2 1011 251  2.4 8 10.6  79    0    0 385 -397  1
3797500 2746500 10 15  1  17.3 1011 250  3.0 8 10.4  81    0    0 381 -394  1
3797500 2746500 10 15  2  16.6 1012 256  3.6 8 10.2  84    0    0 379 -394  1
3797500 2746500 10 15  3  16.1 1012 259  2.9 8 10.1  87    0    0 378 -394  1
3797500 2746500 10 15  4  15.7 1012 260  2.7 8  9.9  88    0    0 376 -395  1
3797500 2746500 10 15  5  15.3 1012 262  2.6 8  9.8  88    0    0 375 -395  1
3797500 2746500 10 15  6  15.0 1012 241  2.4 8  9.6  89    0    0 375 -394  1
3797500 2746500 10 15  7  14.8 1012 263  2.1 8  9.6  90    0    0 375 -393  1
3797500 2746500 10 15  8  14.7 1013 275  2.0 8  9.5  91    0    4 375 -393  1
3797500 2746500 10 15  9  14.9 1013 304  2.4 8  9.5  90    0   47 375 -395  1
3797500 2746500 10 15 10  15.2 1014 259  2.7 6  9.5  88   16  143 357 -400  1
3797500 2746500 10 15 11  16.1 1014 312  3.0 5  9.1  82   82  200 336 -404  1
3797500 2746500 10 15 12  16.3 1014 243  3.0 5  8.7  76   82  222 335 -407  1
3797500 2746500 10 15 13  16.7 1015 274  2.8 5  8.5  72   74  217 339 -409  1
3797500 2746500 10 15 14  17.4 1014 271  2.6 4  7.8  64  171  189 335 -409  1
3797500 2746500 10 15 15  17.4 1014 322  2.8 4  7.2  58  170  148 331 -411  1
3797500 2746500 10 15 16  17.3 1014 271  1.9 4  7.2  58  129  102 330 -411  1
3797500 2746500 10 15 17  16.0 1013 286  1.3 6  7.3  62   58   58 340 -408  1
3797500 2746500 10 15 18  14.0 1013 250  0.7 6  7.5  70    1   12 348 -405  1
3797500 2746500 10 15 19  13.8 1014 230  0.8 5  7.6  76    0    0 338 -403  1
3797500 2746500 10 15 20  13.4 1014 145  0.7 6  7.7  80    0    0 335 -402  1
3797500 2746500 10 15 21  13.6 1014 136  0.3 7  7.8  81    0    0 346 -401  1
3797500 2746500 10 15 22  13.7 1014 177  0.0 7  7.9  81    0    0 352 -401  1
3797500 2746500 10 15 23  13.7 1013 172  0.7 5  8.0  81    0    0 341 -402  1
3797500 2746500 10 15 24  13.8 1013 173  1.1 3  8.0  81    0    0 318 -403  1
3797500 2746500 10 16  1  13.8 1013 189  1.1 5  8.0  81    0    0 320 -404  1
3797500 2746500 10 16  2  13.5 1012 179  0.9 8  7.9  81    0    0 350 -403  1
3797500 2746500 10 16  3  13.3 1012 160  0.9 8  7.9  82    0    0 370 -402  1
3797500 2746500 10 16  4  13.3 1011 188  1.0 8  7.9  82    0    0 371 -401  1
3797500 2746500 10 16  5  12.9 1011 170  1.8 8  7.8  82    0    0 372 -399  1
3797500 2746500 10 16  6  12.7 1011 210  2.0 7  7.7  83    0    0 366 -398  1
3797500 2746500 10 16  7  12.8 1010 177  1.6 7  7.6  82    0    0 361 -397  1
3797500 2746500 10 16  8  13.1 1010 198  1.8 8  7.6  81    0   20 368 -395  1
3797500 2746500 10 16  9  13.5 1010 209  2.8 5  7.7  81   24   97 358 -395  1
3797500 2746500 10 16 10  14.1 1010 210  3.5 5  8.0  81   32  149 345 -397  1
3797500 2746500 10 16 11  14.7 1010 217  4.1 7  8.3  81    2  138 358 -401  1
3797500 2746500 10 16 12  15.3 1009 226  3.8 7  8.5  80    3  154 371 -404  1
3797500 2746500 10 16 13  15.4 1009 218  4.4 7  8.5  78    0  109 372 -406  1
3797500 2746500 10 16 14  15.6 1008 220  4.0 7  8.2  74    0  108 373 -410  1
3797500 2746500 10 16 15  15.5 1008 208  3.5 8  8.1  73    0   79 376 -414  1
3797500 2746500 10 16 16  14.3 1007 188  3.2 8  8.4  78    0   50 377 -414  1
3797500 2746500 10 16 17  13.9 1006 168  2.9 7  8.7  86    2   34 369 -412  1
3797500 2746500 10 16 18  14.2 1005 182  2.7 8  9.0  89    0    1 367 -408  1
3797500 2746500 10 16 19  14.5 1005 224  4.6 8  9.2  89    0    0 372 -403  1
3797500 2746500 10 16 20  14.6 1004 217  5.8 8  9.3  89    0    0 371 -401  1
3797500 2746500 10 16 21  14.8 1004 218  4.5 8  9.3  88    0    0 370 -397  1
3797500 2746500 10 16 22  14.9 1004 233  4.3 8  9.3  87    0    0 369 -392  1
3797500 2746500 10 16 23  14.5 1004 243  3.5 7  9.3  88    0    0 364 -389  1
3797500 2746500 10 16 24  14.4 1003 245  4.3 7  9.4  91    0    0 357 -387  1
3797500 2746500 10 17  1  13.3 1003 287  2.5 8  9.0  90    0    0 358 -385  1
3797500 2746500 10 17  2  12.4 1004 274  2.4 7  8.1  87    0    0 351 -383  1
3797500 2746500 10 17  3  11.7 1004 232  2.5 7  7.8  88    0    0 339 -381  1
3797500 2746500 10 17  4  11.7 1005 237  1.8 8  7.7  89    0    0 341 -379  1
3797500 2746500 10 17  5  11.4 1005 219  1.9 8  7.7  90    0    0 345 -376  1
3797500 2746500 10 17  6  11.2 1005 209  2.2 8  7.6  90    0    0 342 -374  1
3797500 2746500 10 17  7  11.3 1004 221  2.6 7  7.6  90    0    0 335 -373  1
3797500 2746500 10 17  8  11.3 1004 228  2.5 7  7.6  90    0   26 330 -372  1
3797500 2746500 10 17  9  11.4 1003 231  4.0 5  7.6  89   17   84 320 -373  1
3797500 2746500 10 17 10  11.7 1003 240  3.2 6  7.4  86   11  122 315 -377  1
3797500 2746500 10 17 11  12.0 1003 243  3.4 8  7.2  82    0   57 332 -380  1
3797500 2746500 10 17 12  12.2 1003 244  3.7 7  7.1  79    0   87 341 -382  1
3797500 2746500 10 17 13  11.6 1003 249  2.9 7  6.9  79    0   83 337 -385  1
3797500 2746500 10 17 14  11.8 1003 253  2.5 7  6.9  80    0   88 337 -384  1
3797500 2746500 10 17 15  11.7 1003 289  3.3 6  6.5  75    9  122 332 -378  1
3797500 2746500 10 17 16  12.0 1003 276  2.9 7  6.0  69    7   81 331 -375  1
3797500 2746500 10 17 17   9.7 1003 263  2.3 6  5.8  72    1   33 327 -374  1
3797500 2746500 10 17 18   9.4 1005 274  1.9 5  5.7  76    0    7 313 -368  1
3797500 2746500 10 17 19   8.9 1005 251  1.6 5  5.6  78    0    0 306 -364  1
3797500 2746500 10 17 20   8.6 1006 258  1.6 4  5.6  79    0    0 297 -359  1
3797500 2746500 10 17 21   8.6 1007 259  1.9 1  5.6  79    0    0 276 -353  1
3797500 2746500 10 17 22   8.2 1008 226  1.9 1  5.6  80    0    0 262 -350  1
3797500 2746500 10 17 23   8.3 1008 229  2.4 3  5.6  81    0    0 271 -346  1
3797500 2746500 10 17 24   8.2 1009 233  1.7 4  5.6  82    0    0 286 -345  1
3797500 2746500 10 18  1   8.1 1009 229  1.8 3  5.5  82    0    0 284 -348  1
3797500 2746500 10 18  2   7.8 1009 214  1.8 2  5.5  82    0    0 273 -351  1
3797500 2746500 10 18  3   7.9 1009 226  1.8 2  5.5  82    0    0 267 -350  1
3797500 2746500 10 18  4   7.5 1010 229  1.6 4  5.5  84    0    0 277 -348  1
3797500 2746500 10 18  5   7.4 1010 222  2.1 4  5.5  85    0    0 286 -349  1
3797500 2746500 10 18  6   7.1 1010 223  1.8 3  5.5  86    0    0 282 -350  1
3797500 2746500 10 18  7   6.9 1010 221  2.3 2  5.4  87    0    0 272 -349  1
3797500 2746500 10 18  8   6.3 1010 219  2.2 3  5.4  89    4   29 272 -346  1
3797500 2746500 10 18  9   8.3 1011 218  2.7 3  5.6  87   64   82 278 -347  1
3797500 2746500 10 18 10   9.7 1011 241  2.7 3  5.9  82  140  115 283 -352  1
3797500 2746500 10 18 11  11.2 1012 250  3.0 4  6.1  77  172  149 294 -360  1
3797500 2746500 10 18 12  11.8 1012 252  3.3 4  6.0  71  157  181 303 -370  1
3797500 2746500 10 18 13  11.9 1012 254  3.2 4  5.9  68   35  187 304 -379  1
3797500 2746500 10 18 14  12.1 1012 259  2.7 3  5.8  66   43  173 296 -385  1
3797500 2746500 10 18 15  12.3 1012 254  2.6 5  5.7  65   12  128 298 -386  1
3797500 2746500 10 18 16  12.6 1012 247  2.6 6  5.6  63   14   88 309 -384  1
3797500 2746500 10 18 17  11.7 1012 271  0.9 7  5.7  65   20   40 317 -377  1
3797500 2746500 10 18 18  10.9 1013 230  0.9 5  5.9  71    0    5 311 -369  1
3797500 2746500 10 18 19  10.7 1013 190  0.6 6  6.0  74    0    0 307 -362  1
3797500 2746500 10 18 20  10.4 1014 244  1.4 6  6.0  75    0    0 313 -358  1
3797500 2746500 10 18 21   9.9 1014 210  0.9 5  5.9  76    0    0 309 -354  1
3797500 2746500 10 18 22   9.3 1014 202  1.0 4  5.9  79    0    0 297 -350  1
3797500 2746500 10 18 23   9.1 1014 195  1.2 3  5.8  81    0    0 284 -347  1
3797500 2746500 10 18 24   8.0 1014 194  1.1 2  5.7  82    0    0 271 -344  1
3797500 2746500 10 19  1   7.8 1014 194  1.5 2  5.5  83    0    0 262 -342  1
3797500 2746500 10 19  2   7.4 1015 194  1.6 2  5.5  84    0    0 259 -339  1
3797500 2746500 10 19  3   7.3 1014 181  1.4 0  5.4  84    0    0 250 -338  1
3797500 2746500 10 19  4   7.2 1014 184  1.2 1  5.3  83    0    0 245 -337  1
3797500 2746500 10 19  5   7.2 1014 185  1.5 1  5.2  83    0    0 247 -335  1
3797500 2746500 10 19  6   7.2 1014 186  1.5 2  5.2  82    0    0 248 -334  1
3797500 2746500 10 19  7   7.1 1014 185  1.6 2  5.1  82    0    0 248 -334  1
3797500 2746500 10 19  8   6.8 1014 176  1.4 3  5.2  84    5   30 250 -333  1
3797500 2746500 10 19  9   8.4 1014 166  1.9 5  5.4  84   63   91 263 -337  1
3797500 2746500 10 19 10  10.0 1014 216  2.5 5  5.7  79  116  143 276 -345  1
3797500 2746500 10 19 11  10.8 1014 224  2.9 6  5.8  74  132  190 282 -355  1
3797500 2746500 10 19 12  11.5 1013 223  3.4 6  5.9  71  202  191 289 -365  1
3797500 2746500 10 19 13  12.3 1013 223  3.7 4  5.9  68  224  188 286 -373  1
3797500 2746500 10 19 14  12.8 1013 250  4.3 5  5.9  66  134  197 287 -378  1
3797500 2746500 10 19 15  12.9 1012 241  3.5 6  6.0  65   64  161 296 -380  1
3797500 2746500 10 19 16  12.7 1012 230  3.3 7  5.9  64   26  104 302 -377  1
3797500 2746500 10 19 17  12.5 1012 225  2.6 6  5.9  65    9   41 302 -369  1
3797500 2746500 10 19 18  12.1 1012 225  2.5 6  6.0  67    0    3 299 -359  1
3797500 2746500 10 19 19  12.3 1012 218  2.3 6  6.0  67    0    0 300 -350  1
3797500 2746500 10 19 20  11.7 1013 220  2.2 7  6.0  69    0    0 303 -345  1
3797500 2746500 10 19 21  10.9 1013 222  2.1 5  6.0  72    0    0 299 -342  1
3797500 2746500 10 19 22  10.9 1013 223  2.2 3  6.0  74    0    0 286 -340  1
3797500 2746500 10 19 23  10.1 1014 221  2.6 1  5.9  75    0    0 274 -338  1
3797500 2746500 10 19 24   9.7 1014 223  2.8 2  5.8  77    0    0 270 -336  1
3797500 2746500 10 20  1   9.5 1014 223  2.9 3  5.8  77    0    0 275 -335  1
3797500 2746500 10 20  2   9.3 1014 224  2.8 1  5.7  78    0    0 269 -334  1
3797500 2746500 10 20  3   9.3 1014 224  2.6 0  5.8  80    0    0 258 -333  1
3797500 2746500 10 20  4   9.2 1014 214  2.8 2  5.9  81    0    0 261 -333  1
3797500 2746500 10 20  5   8.8 1014 215  2.5 3  5.9  83    0    0 269 -333  1
3797500 2746500 10 20  6   8.8 1014 205  2.4 4  6.0  85    0    0 274 -332  1
3797500 2746500 10 20  7   8.6 1014 214  2.5 5  6.0  85    0    0 281 -332  1
3797500 2746500 10 20  8   8.7 1015 213  2.8 5  6.0  86    0   23 284 -332  1
3797500 2746500 10 20  9   9.3 1015 213  2.7 6  6.1  86   23   90 288 -335  1
3797500 2746500 10 20 10  10.5 1016 214  3.0 5  6.4  84   85  141 291 -342  1
3797500 2746500 10 20 11  11.9 1016 217  3.4 5  6.6  80  170  159 292 -353  1
3797500 2746500 10 20 12  13.0 1016 235  4.0 6  6.8  76  196  178 301 -364  1
3797500 2746500 10 20 13  13.7 1016 234  4.0 6  7.0  74   68  203 308 -373  1
3797500 2746500 10 20 14  13.3 1016 243  3.4 7  7.1  73    4  145 311 -379  1
3797500 2746500 10 20 15  14.2 1015 224  3.1 6  6.9  71   32  144 312 -382  1
3797500 2746500 10 20 16  14.9 1015 232  3.8 3  6.7  65  114   85 307 -380  1
3797500 2746500 10 20 17  14.0 1014 212  2.7 5  6.5  63   34   43 306 -375  1
3797500 2746500 10 20 18  13.1 1014 220  2.2 6  6.3  65    0    0 307 -367  1
3797500 2746500 10 20 19  11.9 1014 212  1.4 3  6.2  68    0    0 301 -360  1
3797500 2746500 10 20 20  11.0 1014 179  1.3 3  6.0  72    0    0 294 -357  1
3797500 2746500 10 20 21  11.5 1014 202  1.7 3  6.0  73    0    0 292 -355  1
3797500 2746500 10 20 22  11.4 1014 212  1.9 2  6.1  72    0    0 291 -354  1
3797500 2746500 10 20 23  10.1 1014 184  1.8 2  6.0  75    0    0 286 -354  1
3797500 2746500 10 20 24  10.0 1014 194  1.9 1  5.9  77    0    0 280 -351  1
3797500 2746500 10 21  1  10.1 1013 184  2.2 1  5.8  75    0    0 275 -348  1
3797500 2746500 10 21  2   9.6 1013 194  2.6 0  5.6  74    0    0 270 -346  1
3797500 2746500 10 21  3   9.2 1012 186  2.4 0  5.5  75    0    0 265 -344  1
3797500 2746500 10 21  4   9.1 1012 186  3.0 0  5.5  76    0    0 264 -344  1
3797500 2746500 10 21  5   8.7 1011 185  2.5 1  5.4  76    0    0 265 -344  1
3797500 2746500 10 21  6   8.7 1011 195  2.4 1  5.4  77    0    0 267 -344  1
3797500 2746500 10 21  7   8.9 1010 186  2.8 1  5.4  76    0    0 269 -344  1
3797500 2746500 10 21  8   9.1 1010 178  2.7 0  5.4  76    9   28 267 -344  1
3797500 2746500 10 21  9  10.8 1010 177  3.8 1  5.7  74   81   74 271 -345  1
3797500 2746500 10 21 10  12.3 1009 182  4.2 1  6.0  70  182   98 279 -354  1
3797500 2746500 10 21 11  14.2 1009 195  4.3 2  6.3  66  254  116 287 -367  1
3797500 2746500 10 21 12  15.2 1008 186  5.1 2  6.6  63  325  109 296 -380  1
3797500 2746500 10 21 13  17.1 1007 195  4.4 1  7.1  62  354   99 301 -392  1
3797500 2746500 10 21 14  18.1 1006 205  5.1 1  7.6  60  322   93 309 -400  1
3797500 2746500 10 21 15  18.8 1005 193  3.9 1  7.7  57  246   87 315 -405  1
3797500 2746500 10 21 16  19.1 1005 201  3.6 2  7.9  57  146   73 324 -405  1
3797500 2746500 10 21 17  18.0 1004 192  2.9 4  7.9  58   43   40 333 -402  1
3797500 2746500 10 21 18  17.4 1003 202  2.8 6  7.7  60    0    0 344 -400  1
3797500 2746500 10 21 19  17.1 1003 194  2.1 5  7.7  62    0    0 350 -399  1
3797500 2746500 10 21 20  16.9 1003 194  2.3 5  7.8  64    0    0 350 -399  1
3797500 2746500 10 21 21  16.7 1003 194  2.4 4  7.8  65    0    0 350 -397  1
3797500 2746500 10 21 22  16.8 1003 185  2.7 3  8.0  67    0    0 347 -395  1
3797500 2746500 10 21 23  16.3 1002 203  2.8 2  8.2  68    0    0 342 -394  1
3797500 2746500 10 21 24  16.4 1002 193  2.6 2  8.2  69    0    0 336 -394  1
3797500 2746500 10 22  1  16.6 1001 193  3.0 3  8.2  70    0    0 339 -394  1
3797500 2746500 10 22  2  16.6 1001 192  3.2 6  8.4  71    0    0 352 -393  1
3797500 2746500 10 22  3  16.9 1000 184  3.5 7  8.6  71    0    0 367 -390  1
3797500 2746500 10 22  4  16.9 1000 194  2.6 7  8.6  70    0    0 371 -386  1
3797500 2746500 10 22  5  17.0 1000 205  3.2 5  8.4  69    0    0 363 -384  1
3797500 2746500 10 22  6  15.6  999 224  5.0 6  8.2  70    0    0 358 -382  1
3797500 2746500 10 22  7  13.3 1000 268  1.4 8  8.0  77    0    0 364 -383  1
3797500 2746500 10 22  8  12.1 1000 259  1.6 8  7.8  84    0   14 366 -384  1
3797500 2746500 10 22  9  11.1 1001 293  1.7 5  7.7  89    9   68 351 -386  1
3797500 2746500 10 22 10  11.0 1002 258  2.7 7  7.5  90    0   66 344 -384  1
3797500 2746500 10 22 11  10.3 1003 261  2.5 8  7.3  90    0   45 355 -381  1
3797500 2746500 10 22 12  10.5 1003 248  2.6 8  7.1  90    0   88 358 -377  1
3797500 2746500 10 22 13  11.1 1004 229  2.5 7  7.2  89    0  106 354 -375  1
3797500 2746500 10 22 14  11.2 1004 260  2.6 8  7.2  86    0  111 354 -375  1
3797500 2746500 10 22 15  11.4 1004 229  1.6 7  7.0  83   12  117 352 -374  1
3797500 2746500 10 22 16  11.4 1005 238  2.3 7  6.9  81   22   80 343 -372  1
3797500 2746500 10 22 17  11.3 1005 213  2.0 8  6.7  80    4   27 347 -370  1
3797500 2746500 10 22 18  11.1 1006 212  1.9 8  6.7  80    0    0 353 -368  1
3797500 2746500 10 22 19  10.6 1006 267  0.9 7  6.7  82    0    0 340 -365  1
3797500 2746500 10 22 20  10.3 1007 250  1.1 7  6.6  83    0    0 326 -363  1
3797500 2746500 10 22 21   9.9 1008 252  0.9 6  6.5  84    0    0 322 -361  1
3797500 2746500 10 22 22   9.5 1009 246  0.9 6  6.4  85    0    0 317 -358  1
3797500 2746500 10 22 23   9.0 1010 237  1.0 5  6.3  86    0    0 280 -356  1
3797500 2746500 10 22 24   8.7 1010 230  1.3 4  6.3  88    0    0 221 -354  1
3797500 2746500 10 23  1   8.4 1018 224  1.5 4  6.3  91    0    0 286 -352  1
3797500 2746500 10 23  2   8.2 1018 219  1.6 4  6.4  93    0    0 281 -350  1
3797500 2746500 10 23  3   8.0 1018 214  1.7 4  6.4  95    0    0 270 -349  1
3797500 2746500 10 23  4   7.8 1018 213  1.6 5  6.3  96    0    0 277 -349  1
3797500 2746500 10 23  5   7.9 1018 214  1.5 5  6.3  96    0    0 295 -349  1
3797500 2746500 10 23  6   7.7 1018 225  1.3 7  6.3  97    0    0 306 -350  1
3797500 2746500 10 23  7   8.0 1019 208  1.4 6  6.4  97    0    0 307 -350  1
3797500 2746500 10 23  8   8.0 1019 217  1.5 7  6.5  98    0   13 307 -350  1
3797500 2746500 10 23  9   8.4 1019 245  2.0 7  6.6  98    4   64 314 -352  1
3797500 2746500 10 23 10   9.2 1020 237  1.6 5  6.8  97   15  119 305 -357  1
3797500 2746500 10 23 11   9.7 1021 235  2.1 7  7.1  96   12  143 308 -364  1
3797500 2746500 10 23 12  10.0 1021 213  1.8 7  7.2  96    4  141 318 -371  1
3797500 2746500 10 23 13  10.3 1020 203  1.8 7  7.4  96   24  164 318 -377  1
3797500 2746500 10 23 14  11.4 1020 234  1.7 7  7.5  93   58  153 320 -381  1
3797500 2746500 10 23 15  12.3 1020 242  1.1 4  7.5  87  132  103 311 -381  1
3797500 2746500 10 23 16  13.2 1020 234  0.8 3  7.1  78  148   50 298 -380  1
3797500 2746500 10 23 17  12.4 1020 233  1.1 3  6.5  71   51   36 294 -376  1
3797500 2746500 10 23 18  10.5 1020 289  0.6 3  6.3  76    0    6 292 -369  1
3797500 2746500 10 23 19   9.0 1020 103  0.8 3  6.3  84    0    0 289 -363  1
3797500 2746500 10 23 20   8.5 1020  98  1.6 3  6.1  88    0    0 287 -361  1
3797500 2746500 10 23 21   9.0 1020  77  1.6 5  6.1  88    0    0 299 -360  1
3797500 2746500 10 23 22   8.9 1020  91  1.9 5  6.2  87    0    0 311 -360  1
3797500 2746500 10 23 23   8.1 1020 111  2.2 5  6.0  88    0    0 310 -360  1
3797500 2746500 10 23 24   8.2 1021 105  2.2 2  5.9  88    0    0 294 -359  1
3797500 2746500 10 24  1   8.3 1020  97  2.1 1  5.8  87    0    0 274 -358  1
3797500 2746500 10 24  2   8.3 1021 105  0.1 1  5.8  85    0    0 269 -360  1
3797500 2746500 10 24  3   7.6 1021 103  2.0 1  5.7  86    0    0 268 -360  1
3797500 2746500 10 24  4   8.1 1021 108  2.5 1  5.5  84    0    0 267 -358  1
3797500 2746500 10 24  5   8.4 1021 102  2.0 2  5.5  81    0    0 274 -355  1
3797500 2746500 10 24  6   8.0 1020 130  2.9 1  5.4  80    0    0 275 -352  1
3797500 2746500 10 24  7   8.0 1020  96  2.4 0  5.3  80    0    0 264 -350  1
3797500 2746500 10 24  8   7.9 1021 126  2.2 3  5.3  80    1   17 275 -349  1
3797500 2746500 10 24  9   9.3 1021 114  1.9 3  5.4  79   32   76 293 -350  1
3797500 2746500 10 24 10  10.9 1021 100  1.7 5  5.8  75  167   96 308 -357  1
3797500 2746500 10 24 11  12.6 1021 114  1.4 5  6.1  71  252  106 325 -367  1
3797500 2746500 10 24 12  13.9 1021 137  2.9 5  6.0  64  296  113 327 -378  1
3797500 2746500 10 24 13  14.5 1020 139  2.7 5  5.8  58  300  112 327 -386  1
3797500 2746500 10 24 14  14.9 1020 112  3.1 5  5.6  54  244  118 326 -391  1
3797500 2746500 10 24 15  15.0 1020  88  3.1 4  5.5  53  157  116 321 -392  1
3797500 2746500 10 24 16  15.0 1019  94  3.3 5  5.6  53   67   92 320 -388  1
3797500 2746500 10 24 17  13.8 1019  88  3.2 6  5.6  55   17   38 326 -382  1
3797500 2746500 10 24 18  12.0 1019  94  2.6 5  5.5  60    0    3 320 -374  1
3797500 2746500 10 24 19  11.0 1019 113  0.8 4  5.5  65    0    0 306 -368  1
3797500 2746500 10 24 20  10.4 1019 102  1.0 4  5.5  69    0    0 297 -363  1
3797500 2746500 10 24 21   9.9 1019 100  1.9 3  5.5  71    0    0 290 -358  1
3797500 2746500 10 24 22  10.1 1019 100  1.9 1  5.4  72    0    0 275 -354  1
3797500 2746500 10 24 23   9.4 1019  94  1.4 1  5.4  72    0    0 264 -352  1
3797500 2746500 10 24 24  10.0 1019 115  2.0 1  5.2  70    0    0 262 -351  1
3797500 2746500 10 25  1  10.3 1018 117  1.7 1  5.2  68    0    0 261 -349  1
3797500 2746500 10 25  2   9.5 1018 128  2.0 1  5.1  68    0    0 259 -348  1
3797500 2746500 10 25  3   9.7 1018 139  2.7 1  5.0  68    0    0 258 -346  1
3797500 2746500 10 25  4   9.2 1018 119  0.8 2  4.9  66    0    0 260 -345  1
3797500 2746500 10 25  5   8.5 1017  90  1.3 2  4.7  67    0    0 262 -343  1
3797500 2746500 10 25  6   9.0 1017 133  0.9 2  4.7  67    0    0 261 -342  1
3797500 2746500 10 25  7   7.5 1017  63  1.6 3  4.7  70    0    0 261 -341  1
3797500 2746500 10 25  8   7.5 1018  83  2.1 2  4.7  73    0   13 259 -340  1
3797500 2746500 10 25  9   9.7 1018  64  1.2 2  4.8  69   68   64 258 -341  1
3797500 2746500 10 25 10  12.7 1018 112  1.2 3  4.9  59  159   90 268 -347  1
3797500 2746500 10 25 11  13.5 1017 168  2.9 4  4.9  52  254   93 283 -357  1
3797500 2746500 10 25 12  14.1 1017 145  3.8 4  4.8  49  354   69 290 -366  1
3797500 2746500 10 25 13  16.4 1017 146  3.2 4  4.7  44  385   54 295 -372  1
3797500 2746500 10 25 14  17.4 1016 153  2.8 4  4.7  40  267   95 300 -376  1
3797500 2746500 10 25 15  17.7 1015 128  3.0 2  4.5  36  176   98 295 -377  1
3797500 2746500 10 25 16  16.8 1015 109  2.9 1  4.6  37  101   77 283 -375  1
3797500 2746500 10 25 17  15.5 1015 115  1.8 3  4.6  40   30   37 284 -369  1
3797500 2746500 10 25 18  12.7 1015 130  1.1 2  4.6  46    0    5 281 -362  1
3797500 2746500 10 25 19  12.6 1015 114  1.9 2  4.8  53    0    0 273 -356  1
3797500 2746500 10 25 20  12.3 1015 118  2.8 2  4.8  54    0    0 272 -352  1
3797500 2746500 10 25 21  12.6 1015 140  2.9 2  4.8  54    0    0 270 -350  1
3797500 2746500 10 25 22  12.4 1015 130  2.3 2  4.9  54    0    0 269 -349  1
3797500 2746500 10 25 23  12.2 1015 144  3.8 2  5.0  56    0    0 269 -348  1
3797500 2746500 10 25 24  12.1 1015 151  4.1 2  5.1  58    0    0 268 -348  1
3797500 2746500 10 26  1  11.7 1014 152  3.6 2  5.1  59    0    0 268 -346  1
3797500 2746500 10 26  2  11.0 1014 157  1.7 2  5.1  61    0    0 267 -345  1
3797500 2746500 10 26  3  10.8 1014 167  3.5 3  5.1  63    0    0 269 -344  1
3797500 2746500 10 26  4  10.4 1014 155  3.3 4  5.1  64    0    0 275 -343  1
3797500 2746500 10 26  5  10.0 1013 154  5.0 5  5.1  66    0    0 282 -342  1
3797500 2746500 10 26  6   9.6 1013 152  3.1 5  5.0  67    0    0 285 -341  1
3797500 2746500 10 26  7   9.1 1013 166  3.0 4  5.0  68    0    0 280 -340  1
3797500 2746500 10 26  8   9.0 1013 148  3.9 5  4.9  69    1   17 279 -339  1
3797500 2746500 10 26  9   8.8 1013 142  4.1 4  5.0  70   44   75 278 -341  1
3797500 2746500 10 26 10   9.6 1013 146  5.2 7  5.1  70   45  132 285 -347  1
3797500 2746500 10 26 11  10.9 1013 147  3.9 7  5.3  68   71  173 298 -354  1
3797500 2746500 10 26 12  11.6 1013 164  3.4 8  5.5  66   27  178 306 -362  1
3797500 2746500 10 26 13  12.2 1012 170  4.8 7  5.7  66   49  186 309 -370  1
3797500 2746500 10 26 14  13.3 1012 180  3.6 6  6.0  65   75  181 306 -379  1
3797500 2746500 10 26 15  13.5 1012 200  3.2 6  6.2  65   38  138 308 -382  1
3797500 2746500 10 26 16  13.3 1012 191  3.1 7  6.3  66   10   75 313 -379  1
3797500 2746500 10 26 17  13.3 1013 188  2.9 7  6.4  67    5   30 318 -374  1
3797500 2746500 10 26 18  13.1 1013 186  2.3 7  6.6  69    0    0 319 -367  1
3797500 2746500 10 26 19  13.0 1014 158  2.6 8  6.6  70    0    0 323 -363  1
3797500 2746500 10 26 20  13.2 1014 213  1.9 8  6.7  71    0    0 329 -360  1
3797500 2746500 10 26 21  12.7 1014 190  2.3 7  6.8  73    0    0 327 -358  1
3797500 2746500 10 26 22  12.1 1015 180  1.3 7  6.8  76    0    0 323 -356  1
3797500 2746500 10 26 23  12.3 1015 181  2.5 7  6.9  78    0    0 324 -355  1
3797500 2746500 10 26 24  12.0 1015 190  2.8 7  7.0  79    0    0 325 -356  1
3797500 2746500 10 27  1  11.8 1015 184  1.9 6  7.2  82    0    0 322 -357  1
3797500 2746500 10 27  2  11.4 1015 180  2.4 6  7.1  84    0    0 318 -359  1
3797500 2746500 10 27  3  11.1 1015 180  2.9 5  7.0  85    0    0 313 -359  1
3797500 2746500 10 27  4  10.9 1015 177  2.6 5  7.0  86    0    0 310 -360  1
3797500 2746500 10 27  5  11.4 1015 166  3.4 6  7.2  87    0    0 317 -360  1
3797500 2746500 10 27  6  11.2 1015 195  3.4 6  7.2  87    0    0 324 -360  1
3797500 2746500 10 27  7  10.6 1015 193  3.1 4  7.1  88    0    0 313 -360  1
3797500 2746500 10 27  8  10.5 1015 186  3.4 3  7.0  88    2   16 296 -360  1
3797500 2746500 10 27  9  11.4 1015 228  3.5 3  7.0  85   65   66 292 -361  1
3797500 2746500 10 27 10  12.1 1015 191  5.2 2  6.9  80  155   98 289 -365  1
3797500 2746500 10 27 11  12.2 1015 217  5.5 5  6.7  76   49  164 299 -372  1
3797500 2746500 10 27 12  11.5 1016 213  4.5 7  7.0  81    0   82 324 -379  1
3797500 2746500 10 27 13  12.6 1016 202  4.6 8  7.4  84    0   92 340 -384  1
3797500 2746500 10 27 14  13.0 1016 210  4.0 7  7.3  79    2  112 340 -386  1
3797500 2746500 10 27 15  13.2 1016 248  3.7 6  7.0  75    0   59 327 -387  1
3797500 2746500 10 27 16  13.3 1016 222  3.6 3  6.7  70   47   91 308 -385  1
3797500 2746500 10 27 17  11.7 1016 190  2.5 3  6.5  72   36   37 291 -381  1
3797500 2746500 10 27 18  11.3 1016 210  3.5 3  6.4  76    0    3 287 -376  1
3797500 2746500 10 27 19  10.6 1017 198  3.1 2  6.2  77    0    0 280 -369  1
3797500 2746500 10 27 20  10.7 1017 191  3.3 3  6.1  77    0    0 280 -367  1
3797500 2746500 10 27 21  10.6 1018 188  3.0 3  6.1  76    0    0 285 -365  1
3797500 2746500 10 27 22  10.4 1018 174  3.4 5  6.0  77    0    0 293 -360  1
3797500 2746500 10 27 23  10.0 1018 227  3.2 6  6.0  77    0    0 306 -355  1
3797500 2746500 10 27 24   9.5 1018 168  2.8 7  5.8  78    0    0 314 -350  1
3797500 2746500 10 28  1   9.0 1017 184  2.4 4  5.7  78    0    0 301 -349  1
3797500 2746500 10 28  2   8.7 1017 199  2.5 3  5.7  81    0    0 279 -352  1
3797500 2746500 10 28  3   8.3 1017 140  2.3 2  5.7  83    0    0 266 -355  1
3797500 2746500 10 28  4   8.3 1017 169  2.2 2  5.7  84    0    0 259 -354  1
3797500 2746500 10 28  5   8.1 1016 174  2.6 4  5.7  84    0    0 268 -351  1
3797500 2746500 10 28  6   8.1 1016 186  2.8 4  5.8  86    0    0 278 -350  1
3797500 2746500 10 28  7   8.1 1015 183  3.5 8  5.8  87    0    0 298 -350  1
3797500 2746500 10 28  8   8.1 1015 183  3.2 7  5.9  88    0   11 314 -349  1
3797500 2746500 10 28  9   8.7 1014 183  3.1 6  6.1  89    2   61 301 -351  1
3797500 2746500 10 28 10  10.0 1014 182  3.2 7  6.2  85    8  126 302 -356  1
3797500 2746500 10 28 11  10.9 1013 183  4.0 7  6.2  78    2  127 310 -363  1
3797500 2746500 10 28 12  11.1 1012 185  5.2 7  6.1  74    0   78 311 -368  1
3797500 2746500 10 28 13  10.9 1012 184  5.7 8  6.2  76    0   55 318 -371  1
3797500 2746500 10 28 14  11.0 1011 180  6.3 8  6.5  80    0   46 325 -373  1
3797500 2746500 10 28 15  11.4 1009 180  6.0 7  6.8  82    0   53 327 -374  1
3797500 2746500 10 28 16  11.5 1008 182  6.5 8  7.0  83    0   34 333 -374  1
3797500 2746500 10 28 17  11.7 1007 205  5.5 8  7.3  85    0   15 341 -372  1
3797500 2746500 10 28 18  12.0 1006 202  6.3 8  7.4  85    0    0 346 -369  1
3797500 2746500 10 28 19  12.1 1005 214  5.5 8  7.7  88    0    0 350 -368  1
3797500 2746500 10 28 20  12.6 1005 224  6.2 8  8.2  91    0    0 353 -368  1
3797500 2746500 10 28 21  13.0 1005 224  6.8 8  8.4  91    0    0 357 -369  1
3797500 2746500 10 28 22  13.2 1004 222  7.5 8  8.6  91    0    0 359 -370  1
3797500 2746500 10 28 23  13.7 1004 233  7.5 8  8.7  90    0    0 361 -370  1
3797500 2746500 10 28 24  14.0 1004 221  7.3 8  8.7  87    0    0 363 -371  1
3797500 2746500 10 29  1  13.9 1004 232  7.3 8  8.6  85    0    0 364 -370  1
3797500 2746500 10 29  2  13.9 1004 231  6.9 8  8.5  85    0    0 364 -369  1
3797500 2746500 10 29  3  13.9 1004 231  6.6 8  8.5  85    0    0 360 -367  1
3797500 2746500 10 29  4  13.6 1003 232  5.3 8  8.6  87    0    0 356 -365  1
3797500 2746500 10 29  5  13.4 1003 222  4.6 8  8.6  88    0    0 352 -364  1
3797500 2746500 10 29  6  13.4 1002 212  4.3 8  8.5  88    0    0 351 -363  1
3797500 2746500 10 29  7  13.3 1002 213  4.2 7  8.4  87    0    0 344 -361  1
3797500 2746500 10 29  8  12.9 1002 223  4.4 7  8.2  86    0   12 335 -360  1
3797500 2746500 10 29  9  13.1 1002 223  6.1 5  8.0  84   11   83 319 -360  1
3797500 2746500 10 29 10  13.4 1001 214  6.7 6  7.8  81    8  126 314 -363  1
3797500 2746500 10 29 11  13.1 1001 212  6.7 7  7.4  76    1  111 329 -368  1
3797500 2746500 10 29 12  13.4 1000 207  6.3 7  7.1  73    0   97 336 -371  1
3797500 2746500 10 29 13  12.9 1000 209  5.6 7  7.4  77    0   71 338 -378  1
3797500 2746500 10 29 14  12.4  999 211  5.2 7  8.1  87    0   58 340 -386  1
3797500 2746500 10 29 15  13.6  998 211  5.6 7  8.5  90    0   49 346 -388  1
3797500 2746500 10 29 16  14.5  998 218  6.9 7  8.5  83    0   38 354 -386  1
3797500 2746500 10 29 17  14.4  997 202  7.4 7  8.4  81    0   21 360 -384  1
3797500 2746500 10 29 18  14.6  996 198  5.9 8  8.3  79    0    1 368 -380  1
3797500 2746500 10 29 19  14.6  996 219  5.4 7  8.1  76    0    0 369 -376  1
3797500 2746500 10 29 20  14.6  996 207  6.7 7  8.0  75    0    0 362 -375  1
3797500 2746500 10 29 21  14.4  995 207  4.4 7  7.9  75    0    0 360 -377  1
3797500 2746500 10 29 22  13.8  994 185  6.4 6  7.8  77    0    0 351 -377  1
3797500 2746500 10 29 23  14.1  993 197  6.5 6  7.8  77    0    0 344 -374  1
3797500 2746500 10 29 24  13.2  992 220  8.1 6  7.9  79    0    0 341 -371  1
3797500 2746500 10 30  1  12.9  991 210  5.9 4  7.8  81    0    0 327 -371  1
3797500 2746500 10 30  2  12.6  991 211  7.6 3  6.9  74    0    0 308 -370  1
3797500 2746500 10 30  3  13.3  989 200  9.4 6  6.2  65    0    0 317 -368  1
3797500 2746500 10 30  4  13.8  988 202  9.8 7  6.2  62    0    0 340 -366  1
3797500 2746500 10 30  5  12.6  986 210  9.9 8  6.4  66    0    0 351 -363  1
3797500 2746500 10 30  6  12.3  985 220 12.1 8  6.6  72    0    0 356 -360  1
3797500 2746500 10 30  7  12.1  984 220 12.5 8  6.7  74    0    0 356 -359  1
3797500 2746500 10 30  8  11.4  984 221 13.0 8  7.0  79    0    0 355 -358  1
3797500 2746500 10 30  9  11.0  984 234 10.8 8  7.4  87    0   21 354 -357  1
3797500 2746500 10 30 10  11.2  985 250  8.9 6  7.7  91    4   94 341 -355  1
3797500 2746500 10 30 11  11.4  988 253  5.8 7  7.8  91    0   96 334 -355  1
3797500 2746500 10 30 12  11.7  991 258  4.9 8  7.9  90    0   85 346 -354  1
3797500 2746500 10 30 13  11.4  993 297  6.2 8  7.5  86    0   56 349 -353  1
3797500 2746500 10 30 14  11.2  995 317  4.2 8  6.5  76    1  105 344 -353  1
3797500 2746500 10 30 15  11.6  997 303  5.3 5  5.6  65   52  137 325 -353  1
3797500 2746500 10 30 16  11.1  999 282  4.6 4  5.3  62   41   89 304 -351  1
3797500 2746500 10 30 17  10.2 1000 272  4.6 6  5.4  67   11   30 307 -349  1
3797500 2746500 10 30 18   9.8 1002 284  4.0 5  5.7  73    0    0 311 -347  1
3797500 2746500 10 30 19   9.4 1003 270  3.5 6  5.8  77    0    0 309 -344  1
3797500 2746500 10 30 20   9.5 1005 266  4.9 7  5.8  77    0    0 316 -341  1
3797500 2746500 10 30 21   9.4 1006 272  4.3 7  5.8  78    0    0 320 -339  1
3797500 2746500 10 30 22   9.1 1007 268  5.0 7  5.9  80    0    0 319 -337  1
3797500 2746500 10 30 23   8.8 1008 266  5.1 7  6.0  83    0    0 318 -336  1
3797500 2746500 10 30 24   8.6 1009 267  5.0 8  6.0  86    0    0 322 -335  1
3797500 2746500 10 31  1   8.2 1010 258  4.8 7  6.0  87    0    0 319 -334  1
3797500 2746500 10 31  2   8.3 1011 258  4.8 6  5.9  87    0    0 306 -332  1
3797500 2746500 10 31  3   8.3 1011 260  4.4 7  5.8  85    0    0 304 -331  1
3797500 2746500 10 31  4   7.8 1012 263  3.9 7  5.8  86    0    0 307 -330  1
3797500 2746500 10 31  5   7.5 1013 263  3.6 6  5.6  86    0    0 302 -330  1
3797500 2746500 10 31  6   7.2 1013 264  3.8 6  5.5  86    0    0 297 -331  1
3797500 2746500 10 31  7   7.2 1014 251  4.1 5  5.4  85    0    0 291 -331  1
3797500 2746500 10 31  8   7.3 1014 252  4.6 6  5.3  84    0    7 291 -330  1
3797500 2746500 10 31  9   7.8 1015 252  3.7 6  5.3  82    1   48 297 -332  1
3797500 2746500 10 31 10   8.0 1016 251  4.3 5  5.2  79   14  109 292 -336  1
3797500 2746500 10 31 11   9.0 1016 245  4.9 3  5.2  76  137  138 277 -341  1
3797500 2746500 10 31 12   9.5 1017 239  5.0 4  5.3  73  133  167 274 -347  1
3797500 2746500 10 31 13   9.3 1017 240  4.8 6  5.2  71   28  160 290 -352  1
3797500 2746500 10 31 14   9.4 1018 246  5.3 6  5.1  70    9  127 300 -352  1
3797500 2746500 10 31 15   9.7 1018 251  5.0 7  5.0  68    0   77 306 -351  1
3797500 2746500 10 31 16   9.6 1018 240  4.2 7  5.0  67    0   33 312 -350  1
3797500 2746500 10 31 17   9.4 1018 231  3.7 7  5.1  70    0   17 312 -347  1
3797500 2746500 10 31 18   9.3 1018 230  3.9 7  5.3  73    0    0 312 -345  1
3797500 2746500 10 31 19   9.1 1019 219  4.2 7  5.4  75    0    0 311 -343  1
3797500 2746500 10 31 20   8.8 1019 221  4.2 7  5.5  78    0    0 309 -342  1
3797500 2746500 10 31 21   9.1 1018 231  4.4 8  5.4  76    0    0 313 -341  1
3797500 2746500 10 31 22   9.2 1018 231  5.4 7  5.3  74    0    0 313 -340  1
3797500 2746500 10 31 23   9.0 1019 232  4.7 7  5.3  74    0    0 306 -340  1
3797500 2746500 10 31 24   9.0 1019 224  4.6 8  5.4  76    0    0 310 -339  1
3797500 2746500 11  1  1   8.9 1018 216  4.7 8  5.5  78    0    0 314 -338  1
3797500 2746500 11  1  2   8.9 1018 226  4.6 8  5.5  78    0    0 312 -336  1
3797500 2746500 11  1  3   8.8 1018 226  4.1 8  5.6  79    0    0 309 -333  1
3797500 2746500 11  1  4   9.0 1018 228  4.3 7  5.6  80    0    0 302 -332  1
3797500 2746500 11  1  5   8.8 1017 218  4.3 7  5.7  80    0    0 295 -331  1
3797500 2746500 11  1  6   9.0 1017 227  3.9 7  5.7  81    0    0 292 -330  1
3797500 2746500 11  1  7   8.8 1017 218  4.3 7  5.8  81    0    0 289 -330  1
3797500 2746500 11  1  8   8.9 1016 218  4.5 8  5.7  81    0    4 288 -330  1
3797500 2746500 11  1  9   9.2 1016 219  4.5 8  5.7  80    0   34 287 -331  1
3797500 2746500 11  1 10   9.4 1016 227  5.0 7  5.7  79    0   60 284 -335  1
3797500 2746500 11  1 11   9.9 1016 225  5.2 7  5.6  76    0   88 282 -340  1
3797500 2746500 11  1 12  11.1 1015 234  6.2 5  5.5  70   41  206 278 -346  1
3797500 2746500 11  1 13  11.1 1014 224  7.5 4  5.3  64   57  215 272 -351  1
3797500 2746500 11  1 14  11.2 1013 234  7.2 6  5.1  62   26  170 275 -354  1
3797500 2746500 11  1 15  10.6 1012 233  6.9 8  5.2  64    0   85 289 -355  1
3797500 2746500 11  1 16  10.0 1012 208  6.4 8  5.0  65    0   42 297 -352  1
3797500 2746500 11  1 17   9.5 1011 198  5.9 8  4.9  66    5   32 299 -347  1
3797500 2746500 11  1 18   7.8 1010 192  4.8 8  5.3  76    0    0 301 -343  1
3797500 2746500 11  1 19   7.7 1009 193  5.5 7  5.7  87    0    0 301 -340  1
3797500 2746500 11  1 20   8.0 1009 184  4.8 7  5.8  88    0    0 303 -341  1
3797500 2746500 11  1 21   8.2 1008 194  5.0 7  6.0  88    0    0 311 -341  1
3797500 2746500 11  1 22   8.4 1007 194  5.8 7  6.2  90    0    0 319 -341  1
3797500 2746500 11  1 23   9.0 1006 186  5.9 7  6.5  92    0    0 327 -341  1
3797500 2746500 11  1 24   9.7 1005 197  6.3 7  6.7  91    0    0 334 -342  1
3797500 2746500 11  2  1  10.3 1004 216  6.4 7  7.3  92    0    0 347 -344  1
3797500 2746500 11  2  2  10.8 1004 224  5.6 7  7.4  93    0    0 350 -345  1
3797500 2746500 11  2  3  11.4 1003 233  6.1 8  7.7  93    0    0 357 -346  1
3797500 2746500 11  2  4  11.9 1004 239  5.1 8  8.1  94    0    0 365 -348  1
3797500 2746500 11  2  5  12.2 1004 247  4.2 8  8.4  94    0    0 367 -349  1
3797500 2746500 11  2  6  12.5 1005 259  4.6 8  8.6  95    0    0 370 -350  1
3797500 2746500 11  2  7  12.6 1006 261  4.8 8  8.7  95    0    0 370 -350  1
3797500 2746500 11  2  8  12.5 1007 275  4.1 8  8.7  96    0    0 370 -352  1
3797500 2746500 11  2  9  12.4 1008 272  5.1 8  8.7  96    1   37 368 -354  1
3797500 2746500 11  2 10  12.1 1010 277  5.0 7  8.5  95    1   73 358 -358  1
3797500 2746500 11  2 11  12.0 1011 272  4.3 8  8.2  93    0   63 354 -362  1
3797500 2746500 11  2 12  12.0 1013 285  4.6 8  7.9  90    0   60 355 -365  1
3797500 2746500 11  2 13  11.8 1013 256  5.1 8  7.7  88    0   39 352 -367  1
3797500 2746500 11  2 14  11.9 1014 258  5.1 8  7.1  82    0   56 347 -368  1
3797500 2746500 11  2 15  11.9 1015 270  5.9 7  6.4  74    1   75 337 -370  1
3797500 2746500 11  2 16  11.5 1016 260  4.9 7  6.1  72    7   52 328 -369  1
3797500 2746500 11  2 17  10.9 1016 250  4.0 6  5.9  72   13   19 318 -362  1
3797500 2746500 11  2 18  10.2 1017 246  2.4 6  5.7  73    0    0 312 -357  1
3797500 2746500 11  2 19   9.3 1017 231  2.7 6  5.7  76    0    0 312 -353  1
3797500 2746500 11  2 20   9.5 1018 232  2.2 6  5.7  78    0    0 313 -352  1
3797500 2746500 11  2 21   9.8 1018 221  2.8 6  5.7  77    0    0 317 -350  1
3797500 2746500 11  2 22  10.1 1018 211  3.3 5  5.7  76    0    0 313 -349  1
3797500 2746500 11  2 23  10.0 1018 201  4.2 5  5.9  77    0    0 307 -348  1
3797500 2746500 11  2 24  10.4 1018 220  4.0 3  6.3  82    0    0 293 -350  1
3797500 2746500 11  3  1  11.3 1018 212  4.1 7  6.8  85    0    0 309 -353  1
3797500 2746500 11  3  2  11.6 1018 220  3.7 8  7.2  86    0    0 347 -357  1
3797500 2746500 11  3  3  11.7 1017 221  4.0 8  7.6  89    0    0 358 -360  1
3797500 2746500 11  3  4  12.3 1017 230  5.1 8  7.9  90    0    0 363 -362  1
3797500 2746500 11  3  5  12.6 1017 221  4.4 8  7.9  88    0    0 367 -363  1
3797500 2746500 11  3  6  12.7 1017 222  5.1 8  7.7  85    0    0 368 -364  1
3797500 2746500 11  3  7  12.9 1017 221  5.8 8  7.7  84    0    0 368 -365  1
3797500 2746500 11  3  8  12.7 1016 221  6.5 8  7.6  83    0    0 366 -365  1
3797500 2746500 11  3  9  12.7 1016 221  6.2 8  7.5  82    4   49 365 -365  1
3797500 2746500 11  3 10  12.7 1017 219  6.7 6  7.5  82    2   82 354 -366  1
3797500 2746500 11  3 11  12.7 1017 209  7.0 8  7.6  83    0   48 353 -368  1
3797500 2746500 11  3 12  12.3 1017 207  6.0 8  7.8  87    0   38 361 -372  1
3797500 2746500 11  3 13  12.4 1017 210  6.0 6  8.1  91    0   83 349 -378  1
3797500 2746500 11  3 14  12.9 1016 220  6.1 7  8.4  92    0   72 343 -383  1
3797500 2746500 11  3 15  13.3 1016 220  6.5 8  8.5  90    0   50 351 -386  1
3797500 2746500 11  3 16  13.6 1015 221  6.5 8  8.5  88    0   24 353 -386  1
3797500 2746500 11  3 17  13.8 1016 222  6.1 8  8.5  87    1   14 351 -383  1
3797500 2746500 11  3 18  13.9 1015 221  6.9 7  8.4  85    0    0 347 -381  1
3797500 2746500 11  3 19  14.3 1015 221  6.9 7  8.4  84    0    0 345 -379  1
3797500 2746500 11  3 20  14.1 1015 222  7.4 7  8.5  84    0    0 345 -377  1
3797500 2746500 11  3 21  14.3 1015 221  6.4 7  8.5  84    0    0 346 -376  1
3797500 2746500 11  3 22  14.1 1015 230  6.6 8  8.5  84    0    0 349 -375  1
3797500 2746500 11  3 23  13.9 1015 230  7.0 8  8.6  87    0    0 353 -374  1
3797500 2746500 11  3 24  14.0 1015 229  7.1 7  8.7  88    0    0 351 -374  1
3797500 2746500 11  4  1  13.3 1015 219  6.3 8  8.8  90    0    0 351 -373  1
3797500 2746500 11  4  2  12.9 1015 220  6.0 8  8.8  94    0    0 353 -374  1
3797500 2746500 11  4  3  12.7 1014 220  5.7 8  8.8  95    0    0 353 -375  1
3797500 2746500 11  4  4  12.9 1014 212  5.3 8  8.7  94    0    0 353 -375  1
3797500 2746500 11  4  5  13.1 1013 221  5.9 8  8.6  92    0    0 355 -374  1
3797500 2746500 11  4  6  12.8 1013 220  6.1 8  8.6  92    0    0 356 -374  1
3797500 2746500 11  4  7  12.8 1013 211  6.0 8  8.6  93    0    0 356 -373  1
3797500 2746500 11  4  8  13.0 1012 220  6.6 8  8.6  92    0    0 357 -373  1
3797500 2746500 11  4  9  13.0 1013 222  7.9 8  8.4  90    0   32 358 -373  1
3797500 2746500 11  4 10  12.8 1013 223  7.5 7  8.2  88    0   43 354 -373  1
3797500 2746500 11  4 11  13.2 1013 205  7.5 8  8.2  87    0   42 353 -374  1
3797500 2746500 11  4 12  13.5 1012 218  6.9 7  8.2  85    0   73 354 -375  1
3797500 2746500 11  4 13  13.7 1012 221  8.2 6  8.2  85    0   83 345 -376  1
3797500 2746500 11  4 14  13.9 1012 221  6.9 7  8.3  84    0   68 347 -378  1
3797500 2746500 11  4 15  14.0 1011 222  8.3 7  8.3  84    0   59 352 -380  1
3797500 2746500 11  4 16  13.9 1011 218  7.4 7  8.2  82    2   46 353 -383  1
3797500 2746500 11  4 17  13.4 1011 221  6.6 7  8.1  83    0   10 352 -385  1
3797500 2746500 11  4 18  12.9 1011 219  6.7 8  8.1  86    0    0 355 -386  1
3797500 2746500 11  4 19  12.9 1011 211  6.7 8  8.4  90    0    0 361 -386  1
3797500 2746500 11  4 20  13.3 1011 221  7.4 8  8.5  90    0    0 362 -386  1
3797500 2746500 11  4 21  13.4 1010 219  6.1 8  8.4  88    0    0 363 -385  1
3797500 2746500 11  4 22  13.3 1010 220  6.7 8  8.5  88    0    0 363 -385  1
3797500 2746500 11  4 23  13.7 1010 221  5.9 8  8.5  87    0    0 364 -385  1
3797500 2746500 11  4 24  13.8 1010 210  7.4 8  8.5  86    0    0 365 -385  1
3797500 2746500 11  5  1  13.9 1009 221  7.0 8  8.5  86    0    0 364 -385  1
3797500 2746500 11  5  2  13.8 1009 222  6.7 8  8.5  86    0    0 361 -384  1
3797500 2746500 11  5  3  13.4 1008 221  6.2 8  8.5  87    0    0 357 -383  1
3797500 2746500 11  5  4  13.3 1008 213  6.1 8  8.7  90    0    0 353 -382  1
3797500 2746500 11  5  5  13.6 1007 212  6.3 8  8.7  90    0    0 348 -380  1
3797500 2746500 11  5  6  13.7 1006 204  7.5 8  8.6  87    0    0 343 -377  1
3797500 2746500 11  5  7  13.3 1005 194  5.7 8  8.3  85    0    0 338 -374  1
3797500 2746500 11  5  8  13.1 1005 186  6.4 8  8.1  85    0    0 332 -371  1
3797500 2746500 11  5  9  13.1 1004 196  7.1 8  7.9  84    0   37 329 -370  1
3797500 2746500 11  5 10  13.1 1004 198  7.1 5  7.8  82   39  101 318 -372  1
3797500 2746500 11  5 11  13.6 1003 186  8.1 6  7.7  79    8  112 312 -377  1
3797500 2746500 11  5 12  13.3 1002 193  7.8 6  7.5  78   21  149 312 -383  1
3797500 2746500 11  5 13  13.5 1001 193  7.5 5  7.6  78   11  134 308 -389  1
3797500 2746500 11  5 14  13.5 1000 201  8.1 4  7.7  78   58  140 303 -395  1
3797500 2746500 11  5 15  13.3 1000 191  6.2 5  7.7  79   84  109 305 -397  1
3797500 2746500 11  5 16  13.1  999 191  6.3 5  7.7  80   46   63 309 -396  1
3797500 2746500 11  5 17  12.7  999 202  6.0 8  7.7  82    3   14 318 -393  1
3797500 2746500 11  5 18  11.9  998 193  5.5 7  7.7  85    0    0 323 -390  1
3797500 2746500 11  5 19  11.8  997 193  5.8 8  7.6  86    0    0 325 -387  1
3797500 2746500 11  5 20  12.0  997 183  6.3 8  7.6  86    0    0 332 -386  1
3797500 2746500 11  5 21  11.8  996 192  6.1 8  7.6  86    0    0 336 -385  1
3797500 2746500 11  5 22  11.7  995 179  5.7 8  7.7  88    0    0 338 -385  1
3797500 2746500 11  5 23  12.2  994 179  5.5 8  7.7  87    0    0 341 -382  1
3797500 2746500 11  5 24  12.0  994 189  5.3 8  7.8  87    0    0 343 -376  1
3797500 2746500 11  6  1  12.0  993 200  4.6 8  8.0  89    0    0 345 -371  1
3797500 2746500 11  6  2  11.6  993 239  6.6 8  7.9  89    0    0 348 -368  1
3797500 2746500 11  6  3  11.5  993 220  4.8 7  7.6  88    0    0 345 -367  1
3797500 2746500 11  6  4  11.7  993 220  6.0 7  7.4  85    0    0 341 -365  1
3797500 2746500 11  6  5  11.9  993 210  6.9 6  7.1  81    0    0 335 -363  1
3797500 2746500 11  6  6  11.6  993 208  6.0 5  6.8  78    0    0 323 -362  1
3797500 2746500 11  6  7  11.0  993 218  5.8 4  6.4  76    0    0 309 -360  1
3797500 2746500 11  6  8  11.0  994 210  6.5 6  6.1  74    0    0 313 -357  1
3797500 2746500 11  6  9  10.9  994 219  7.1 6  6.1  74   48   38 324 -354  1
3797500 2746500 11  6 10  10.9  995 218  7.3 5  6.2  75   48   86 317 -353  1
3797500 2746500 11  6 11  10.6  996 219  7.7 8  6.4  78    0   51 327 -353  1
3797500 2746500 11  6 12  11.1  996 219  7.2 7  6.4  77    0   70 337 -355  1
3797500 2746500 11  6 13   9.9  997 258  5.6 8  6.4  79    0   47 333 -357  1
3797500 2746500 11  6 14  10.7  998 239  5.6 7  6.4  80   25  118 328 -358  1
3797500 2746500 11  6 15  11.0  999 251  8.2 7  6.2  76    9   85 320 -359  1
3797500 2746500 11  6 16  10.0 1001 250  8.7 7  6.0  75    1   41 316 -359  1
3797500 2746500 11  6 17   9.8 1002 239  8.0 7  5.9  77    0    6 313 -357  1
3797500 2746500 11  6 18   9.6 1004 241  5.8 7  5.8  76    0    0 310 -353  1
3797500 2746500 11  6 19   9.7 1005 240  6.4 7  5.6  75    0    0 308 -349  1
3797500 2746500 11  6 20   9.4 1006 250  5.4 6  5.6  75    0    0 304 -345  1
3797500 2746500 11  6 21   8.9 1007 239  4.2 7  5.6  77    0    0 303 -341  1
3797500 2746500 11  6 22   8.5 1008 220  4.3 7  5.4  77    0    0 305 -340  1
3797500 2746500 11  6 23   9.0 1008 220  4.8 7  5.2  73    0    0 304 -340  1
3797500 2746500 11  6 24   8.3 1008 221  5.7 4  5.0  71    0    0 292 -341  1
3797500 2746500 11  7  1   8.1 1008 212  5.5 3  4.9  72    0    0 277 -342  1
3797500 2746500 11  7  2   8.3 1007 212  6.3 5  5.0  74    0    0 286 -344  1
3797500 2746500 11  7  3   8.6 1007 191  6.3 6  5.1  73    0    0 307 -345  1
3797500 2746500 11  7  4   9.0 1005 207  8.1 7  5.0  71    0    0 321 -346  1
3797500 2746500 11  7  5   9.9 1004 211  8.5 8  5.0  67    0    0 334 -347  1
3797500 2746500 11  7  6  10.4 1003 210  8.7 8  4.8  62    0    0 343 -351  1
3797500 2746500 11  7  7  10.3 1002 211  9.0 8  4.7  60    0    0 345 -355  1
3797500 2746500 11  7  8  10.3 1001 211  9.5 8  4.9  62    0    0 347 -357  1
3797500 2746500 11  7  9  10.7 1000 201 10.0 8  5.5  68    0   27 352 -359  1
3797500 2746500 11  7 10  11.0  999 200  8.6 8  6.0  74    0   18 355 -360  1
3797500 2746500 11  7 11  10.6  998 200  8.2 8  6.3  77    0   26 355 -362  1
3797500 2746500 11  7 12  12.2  997 219 10.9 7  6.8  79    0   40 352 -364  1
3797500 2746500 11  7 13  12.8  997 220  9.9 8  7.2  78    0   48 356 -366  1
3797500 2746500 11  7 14  12.9  997 229 10.5 8  7.5  79    0   34 363 -369  1
3797500 2746500 11  7 15  13.0  997 230  7.9 5  7.2  76   21   81 347 -369  1
3797500 2746500 11  7 16  13.7  997 229  6.4 3  6.9  71  100   34 319 -368  1
3797500 2746500 11  7 17  13.3  997 231  6.0 3  7.2  73   19    9 309 -367  1
3797500 2746500 11  7 18  12.6  997 219  5.7 2  7.0  74    0    0 301 -366  1
3797500 2746500 11  7 19  12.0  998 230  6.1 1  6.6  73    0    0 287 -365  1
3797500 2746500 11  7 20  11.8  999 229  7.4 1  6.6  74    0    0 279 -363  1
3797500 2746500 11  7 21  11.3  999 229  6.5 2  6.5  76    0    0 281 -360  1
3797500 2746500 11  7 22  11.1  999 229  6.7 2  6.4  76    0    0 284 -358  1
3797500 2746500 11  7 23  10.6 1000 220  6.1 2  6.2  76    0    0 279 -357  1
3797500 2746500 11  7 24  10.3 1000 229  6.6 1  6.1  76    0    0 270 -357  1
3797500 2746500 11  8  1  10.2 1000 220  6.1 3  6.0  77    0    0 273 -357  1
3797500 2746500 11  8  2  10.6 1000 220  6.5 5  6.1  76    0    0 295 -356  1
3797500 2746500 11  8  3  10.2 1000 220  6.6 5  6.2  77    0    0 307 -355  1
3797500 2746500 11  8  4  10.4  999 221  7.1 6  6.1  78    0    0 314 -355  1
3797500 2746500 11  8  5  10.4  999 220  6.0 5  6.1  76    0    0 314 -355  1
3797500 2746500 11  8  6  10.2  999 210  6.0 7  6.1  77    0    0 318 -355  1
3797500 2746500 11  8  7   9.6  998 230  5.3 7  6.3  82    0    0 330 -356  1
3797500 2746500 11  8  8   9.1  998 221  6.0 8  6.5  88    0    0 336 -358  1
3797500 2746500 11  8  9   9.1  998 210  5.5 8  6.6  90    6   44 341 -359  1
3797500 2746500 11  8 10   9.4  998 242  5.0 6  6.5  88    1   68 328 -359  1
3797500 2746500 11  8 11   9.8  998 237  5.5 8  6.5  86    0   28 327 -358  1
3797500 2746500 11  8 12   9.9  998 216  5.2 8  6.7  86    0   28 337 -356  1
3797500 2746500 11  8 13   9.6  998 231  4.2 8  6.7  88    0   29 335 -357  1
3797500 2746500 11  8 14   9.3  998 229  4.1 8  6.7  89    0   37 334 -361  1
3797500 2746500 11  8 15   8.9  998 242  3.7 7  6.6  90    0   38 329 -363  1
3797500 2746500 11  8 16   8.8  998 217  4.2 6  6.5  91    0   39 317 -363  1
3797500 2746500 11  8 17   9.1  999 244  4.9 8  6.5  89    0   12 322 -360  1
3797500 2746500 11  8 18   7.9  999 248  5.6 7  6.1  88    0    0 324 -356  1
3797500 2746500 11  8 19   7.3 1000 249  3.0 7  5.9  89    0    0 314 -354  1
3797500 2746500 11  8 20   7.9 1002 257  4.2 7  5.9  90    0    0 314 -354  1
3797500 2746500 11  8 21   7.4 1003 274  3.0 7  5.8  89    0    0 315 -354  1
3797500 2746500 11  8 22   7.1 1003 255  2.5 8  5.8  90    0    0 319 -352  1
3797500 2746500 11  8 23   6.9 1004 230  2.9 8  5.7  90    0    0 322 -349  1
3797500 2746500 11  8 24   6.7 1006 234  3.2 8  5.6  91    0    0 321 -348  1
3797500 2746500 11  9  1   7.0 1006 230  3.5 7  5.7  91    0    0 315 -349  1
3797500 2746500 11  9  2   7.2 1007 253  2.9 6  5.8  91    0    0 306 -350  1
3797500 2746500 11  9  3   7.1 1008 251  2.5 7  5.7  90    0    0 306 -351  1
3797500 2746500 11  9  4   7.4 1009 266  3.0 8  5.8  90    0    0 316 -351  1
3797500 2746500 11  9  5   7.2 1010 270  2.0 6  5.8  90    0    0 310 -350  1
3797500 2746500 11  9  6   6.2 1011 241  2.0 6  5.5  90    0    0 297 -349  1
3797500 2746500 11  9  7   6.2 1012 249  1.7 5  5.3  90    0    0 289 -348  1
3797500 2746500 11  9  8   6.4 1013 216  1.6 6  5.4  91    0    0 291 -346  1
3797500 2746500 11  9  9   6.6 1014 226  1.9 6  5.5  91    1   31 296 -345  1
3797500 2746500 11  9 10   7.1 1015 217  2.5 5  5.6  90   69   68 290 -345  1
3797500 2746500 11  9 11   7.8 1016 229  2.7 4  5.5  86  139   79 279 -348  1
3797500 2746500 11  9 12   9.1 1016 248  3.3 6  5.5  80   33  130 286 -350  1
3797500 2746500 11  9 13   8.9 1017 268  4.5 5  5.0  71    5  112 290 -350  1
3797500 2746500 11  9 14   9.3 1017 242  3.8 3  4.5  63  125   86 273 -349  1
3797500 2746500 11  9 15   9.6 1016 242  4.3 3  4.5  61  128   51 264 -349  1
3797500 2746500 11  9 16   8.5 1017 248  2.7 3  4.5  62   95   27 264 -347  1
3797500 2746500 11  9 17   8.2 1017 243  2.2 2  4.3  63   20   10 257 -342  1
3797500 2746500 11  9 18   7.0 1017 201  1.6 2  4.2  66    0    0 250 -336  1
3797500 2746500 11  9 19   6.2 1018 190  1.6 1  4.2  69    0    0 241 -331  1
3797500 2746500 11  9 20   5.2 1018 186  2.0 1  4.1  73    0    0 235 -328  1
3797500 2746500 11  9 21   4.5 1018 187  2.9 2  4.1  77    0    0 237 -326  1
3797500 2746500 11  9 22   5.0 1018 190  2.7 3  4.1  78    0    0 245 -325  1
3797500 2746500 11  9 23   5.5 1018 191  2.5 4  4.3  78    0    0 255 -323  1
3797500 2746500 11  9 24   6.4 1018 191  3.4 4  4.5  78    0    0 260 -322  1
3797500 2746500 11 10  1   7.0 1018 204  4.4 7  4.8  79    0    0 271 -321  1
3797500 2746500 11 10  2   7.6 1017 194  4.6 7  5.1  80    0    0 282 -320  1
3797500 2746500 11 10  3   7.6 1017 206  4.4 6  5.2  80    0    0 279 -319  1
3797500 2746500 11 10  4   7.7 1017 214  4.9 5  5.3  82    0    0 272 -318  1
3797500 2746500 11 10  5   7.5 1017 215  4.2 6  5.3  82    0    0 273 -317  1
3797500 2746500 11 10  6   7.7 1017 215  4.2 7  5.3  82    0    0 283 -319  1
3797500 2746500 11 10  7   7.2 1017 215  4.9 4  5.3  82    0    0 277 -321  1
3797500 2746500 11 10  8   7.0 1017 223  4.7 4  5.3  85    0    0 265 -324  1
3797500 2746500 11 10  9   7.3 1017 215  5.0 4  5.3  84   21   46 268 -326  1
3797500 2746500 11 10 10   8.4 1017 226  5.3 3  5.3  80   85   91 272 -329  1
3797500 2746500 11 10 11   8.8 1017 231  6.0 5  5.5  79   36  129 283 -332  1
3797500 2746500 11 10 12   9.6 1017 228  6.4 6  5.6  78   13  134 297 -337  1
3797500 2746500 11 10 13  10.2 1017 228  6.3 7  5.7  75   33  146 307 -341  1
3797500 2746500 11 10 14  10.7 1017 235  5.7 6  5.6  71   46  129 310 -343  1
3797500 2746500 11 10 15  10.2 1017 242  3.9 5  5.4  69   45   99 305 -345  1
3797500 2746500 11 10 16  10.1 1016 231  5.4 5  5.3  69   25   56 302 -346  1
3797500 2746500 11 10 17   9.3 1016 229  4.4 5  5.3  70    9   16 301 -346  1
3797500 2746500 11 10 18   8.9 1016 223  4.5 4  5.4  76    0    0 294 -343  1
3797500 2746500 11 10 19   8.5 1016 231  4.0 3  5.5  79    0    0 282 -341  1
3797500 2746500 11 10 20   8.2 1016 232  3.5 4  5.5  81    0    0 277 -340  1
3797500 2746500 11 10 21   7.8 1017 232  4.6 4  5.5  83    0    0 277 -341  1
3797500 2746500 11 10 22   7.2 1017 221  3.2 4  5.4  85    0    0 272 -341  1
3797500 2746500 11 10 23   7.2 1017 211  2.8 4  5.5  87    0    0 268 -342  1
3797500 2746500 11 10 24   7.5 1017 202  2.8 5  5.5  87    0    0 272 -342  1
3797500 2746500 11 11  1   7.3 1016 191  2.2 6  5.5  87    0    0 282 -342  1
3797500 2746500 11 11  2   7.2 1016 186  2.3 6  5.5  87    0    0 287 -342  1
3797500 2746500 11 11  3   7.2 1015 194  1.8 6  5.5  88    0    0 288 -343  1
3797500 2746500 11 11  4   7.1 1015 210  0.5 7  5.6  89    0    0 294 -343  1
3797500 2746500 11 11  5   7.0 1014 166  0.8 7  5.7  91    0    0 300 -341  1
3797500 2746500 11 11  6   6.9 1013 156  1.5 8  5.7  92    0    0 305 -340  1
3797500 2746500 11 11  7   7.0 1012 172  1.4 8  5.7  92    0    0 312 -338  1
3797500 2746500 11 11  8   7.0 1011 191  1.7 8  5.8  93    0    0 315 -336  1
3797500 2746500 11 11  9   6.9 1011 154  2.2 8  5.8  93    0   20 317 -336  1
3797500 2746500 11 11 10   7.1 1010 142  1.9 7  5.8  93    0   67 313 -338  1
3797500 2746500 11 11 11   7.4 1009 162  3.0 7  5.8  90    1   98 308 -340  1
3797500 2746500 11 11 12   7.2 1008 160  2.4 7  5.7  90    2  117 309 -342  1
3797500 2746500 11 11 13   7.9 1007 162  3.3 7  5.9  90    5  127 309 -344  1
3797500 2746500 11 11 14   7.9 1006 164  3.6 8  5.9  89    0   91 319 -345  1
3797500 2746500 11 11 15   8.1 1005 130  2.6 8  5.9  88    0   58 332 -344  1
3797500 2746500 11 11 16   8.3 1003 141  2.5 8  5.8  85    1   39 333 -342  1
3797500 2746500 11 11 17   8.5 1002 160  3.0 8  5.7  82    0    8 335 -342  1
3797500 2746500 11 11 18   8.3 1002 161  4.4 8  5.4  78    0    0 336 -341  1
3797500 2746500 11 11 19   8.0 1001 144  4.1 7  5.2  77    0    0 323 -343  1
3797500 2746500 11 11 20   7.8 1000 164  4.4 7  5.3  79    0    0 311 -344  1
3797500 2746500 11 11 21   8.0  999 173  5.2 8  5.4  81    0    0 325 -346  1
3797500 2746500 11 11 22   8.3  999 172  4.5 8  5.6  81    0    0 341 -348  1
3797500 2746500 11 11 23   8.4  999 170  4.5 8  5.6  80    0    0 342 -348  1
3797500 2746500 11 11 24   8.6  998 171  3.7 8  5.5  79    0    0 342 -347  1
3797500 2746500 11 12  1   8.7  998 181  3.0 7  5.5  78    0    0 328 -344  1
3797500 2746500 11 12  2   8.5  998 182  2.8 7  5.5  78    0    0 313 -341  1
3797500 2746500 11 12  3   8.5  997 177  3.2 7  5.6  79    0    0 315 -340  1
3797500 2746500 11 12  4   8.2  997 181  2.5 7  5.6  80    0    0 315 -338  1
3797500 2746500 11 12  5   7.7  997 218  2.1 7  5.6  83    0    0 313 -336  1
3797500 2746500 11 12  6   7.0  996 221  1.5 7  5.6  87    0    0 310 -335  1
3797500 2746500 11 12  7   7.0  996 218  0.9 7  5.6  89    0    0 308 -334  1
3797500 2746500 11 12  8   7.1  995  42  0.9 8  5.6  89    0    0 320 -333  1
3797500 2746500 11 12  9   7.5  995  72  1.3 8  5.7  88    0   12 332 -333  1
3797500 2746500 11 12 10   7.9  995  59  2.0 7  5.9  88    0   53 322 -335  1
3797500 2746500 11 12 11   8.4  994  62  2.5 8  6.0  88    0   36 322 -339  1
3797500 2746500 11 12 12   8.2  993  60  3.0 8  6.2  89    0   42 334 -344  1
3797500 2746500 11 12 13   8.3  993  59  2.8 8  6.4  92    0   45 334 -347  1
3797500 2746500 11 12 14   9.0  992  94  4.3 8  6.6  93    0   35 338 -347  1
3797500 2746500 11 12 15  11.4  990 159  5.6 7  6.8  86    0   30 335 -345  1
3797500 2746500 11 12 16  12.1  990 159  6.0 8  6.8  77    0   37 341 -343  1
3797500 2746500 11 12 17  12.0  989 159  4.7 7  6.6  73    3   16 343 -343  1
3797500 2746500 11 12 18  11.1  989 152  6.2 7  6.4  74    0    0 333 -342  1
3797500 2746500 11 12 19  11.0  988 169  2.7 6  6.4  77    0    0 321 -343  1
3797500 2746500 11 12 20  10.5  989 140  0.7 7  6.5  79    0    0 322 -344  1
3797500 2746500 11 12 21  11.0  989 189  1.4 8  6.7  81    0    0 340 -346  1
3797500 2746500 11 12 22  10.5  989  90  3.3 8  6.9  84    0    0 349 -350  1
3797500 2746500 11 12 23  10.1  988  92  3.8 8  6.9  87    0    0 348 -354  1
3797500 2746500 11 12 24  10.3  988  93  3.5 8  6.9  86    0    0 349 -355  1
3797500 2746500 11 13  1  10.7  989 144  4.5 8  6.7  83    0    0 350 -356  1
3797500 2746500 11 13  2  11.4  988 166  7.3 8  6.5  77    0    0 352 -356  1
3797500 2746500 11 13  3  11.3  988 200  6.5 7  6.5  75    0    0 345 -356  1
3797500 2746500 11 13  4  10.9  989 211  3.8 7  6.6  78    0    0 336 -356  1
3797500 2746500 11 13  5  10.6  990 227  2.1 7  6.6  81    0    0 335 -357  1
3797500 2746500 11 13  6  10.0  990 231  1.5 5  6.5  82    0    0 314 -357  1
3797500 2746500 11 13  7   8.5  991 186  2.1 6  6.3  85    0    0 301 -357  1
3797500 2746500 11 13  8   8.2  991 128  2.2 8  6.1  87    0    0 327 -357  1
3797500 2746500 11 13  9   8.3  991 162  1.3 8  6.1  88    2   36 345 -358  1
3797500 2746500 11 13 10   8.6  992 167  1.3 7  6.2  88    4   80 336 -358  1
3797500 2746500 11 13 11   9.5  992 206  1.5 7  6.4  87    0   79 329 -358  1
3797500 2746500 11 13 12  10.1  993 200  2.2 7  6.5  85    0   54 331 -360  1
3797500 2746500 11 13 13  10.5  993 175  1.8 7  6.6  83    0   58 333 -363  1
3797500 2746500 11 13 14  11.1  992 168  1.0 7  6.7  81    0   73 334 -365  1
3797500 2746500 11 13 15  11.2  992  96  0.8 7  6.7  80    1   73 336 -365  1
3797500 2746500 11 13 16  11.1  991  28  0.7 8  6.7  80    1   39 343 -362  1
3797500 2746500 11 13 17  10.5  991 193  1.2 8  6.8  82    0   11 348 -360  1
3797500 2746500 11 13 18  10.5  992 254  2.1 7  6.8  84    0    0 339 -358  1
3797500 2746500 11 13 19  10.1  992 271  1.2 7  6.8  85    0    0 331 -357  1
3797500 2746500 11 13 20  10.2  992 306  1.8 8  6.9  87    0    0 338 -355  1
3797500 2746500 11 13 21   9.7  993  19  0.7 8  7.0  89    0    0 344 -354  1
3797500 2746500 11 13 22   9.6  993 263  1.4 8  6.9  91    0    0 342 -352  1
3797500 2746500 11 13 23   9.0  994 242  1.8 8  6.8  91    0    0 341 -351  1
3797500 2746500 11 13 24   8.6  995 203  1.2 8  6.6  91    0    0 340 -351  1
3797500 2746500 11 14  1   8.7  995 245  1.8 7  6.6  92    0    0 334 -349  1
3797500 2746500 11 14  2   8.6  996 261  1.9 8  6.6  93    0    0 335 -348  1
3797500 2746500 11 14  3   8.4  997 242  1.7 8  6.5  92    0    0 340 -347  1
3797500 2746500 11 14  4   8.3  997 265  1.8 7  6.4  92    0    0 335 -346  1
3797500 2746500 11 14  5   8.3  997 273  1.6 8  6.3  91    0    0 333 -345  1
3797500 2746500 11 14  6   7.9  997 311  2.1 8  6.2  91    0    0 336 -344  1
3797500 2746500 11 14  7   7.6  998 358  2.2 8  6.1  91    0    0 334 -342  1
3797500 2746500 11 14  8   7.3  998 358  3.8 8  5.9  91    0    0 332 -340  1
3797500 2746500 11 14  9   7.0  999   9  2.3 8  5.7  89    0    7 330 -339  1
3797500 2746500 11 14 10   6.8 1000 341  2.3 8  5.5  88    0   38 329 -338  1
3797500 2746500 11 14 11   6.7 1001 329  1.9 8  5.5  89    0   44 328 -338  1
3797500 2746500 11 14 12   6.8 1002 331  2.5 5  5.3  85   63  146 311 -340  1
3797500 2746500 11 14 13   8.2 1003 331  2.0 2  4.8  74  189  113 276 -343  1
3797500 2746500 11 14 14   8.7 1003 300  2.2 4  4.4  64  106  123 273 -344  1
3797500 2746500 11 14 15   8.5 1003 282  2.5 8  4.4  62    3   76 310 -344  1
3797500 2746500 11 14 16   7.6 1004 280  1.9 7  4.7  70    0   26 328 -341  1
3797500 2746500 11 14 17   7.2 1004 325  2.2 7  4.9  75    1   11 320 -336  1
3797500 2746500 11 14 18   5.8 1005 268  1.6 6  4.8  79    0    0 311 -330  1
3797500 2746500 11 14 19   5.1 1006 251  1.9 2  4.6  81    0    0 277 -324  1
3797500 2746500 11 14 20   4.4 1006 289  1.7 0  4.3  81    0    0 239 -321  1
3797500 2746500 11 14 21   4.1 1007 294  1.8 1  4.2  81    0    0 231 -321  1
3797500 2746500 11 14 22   3.5 1008 235  2.2 1  4.1  82    0    0 235 -320  1
3797500 2746500 11 14 23   3.0 1009 252  1.4 1  4.0  83    0    0 236 -319  1
3797500 2746500 11 14 24   2.7 1009 256  1.4 1  3.9  84    0    0 234 -317  1
3797500 2746500 11 15  1   2.7 1009 259  1.4 1  3.9  84    0    0 235 -316  1
3797500 2746500 11 15  2   1.8 1011 253  1.5 1  3.8  85    0    0 234 -316  1
3797500 2746500 11 15  3   2.2 1011 244  1.2 2  3.8  87    0    0 239 -316  1
3797500 2746500 11 15  4   1.7 1011 229  1.9 1  3.8  87    0    0 239 -316  1
3797500 2746500 11 15  5   1.1 1012 219  0.8 0  3.6  86    0    0 226 -316  1
3797500 2746500 11 15  6   1.5 1012 185  0.8 2  3.6  86    0    0 229 -316  1
3797500 2746500 11 15  7   1.3 1013 218  0.5 1  3.7  87    0    0 235 -316  1
3797500 2746500 11 15  8   1.0 1013 193  1.0 2  3.6  87    0    0 234 -315  1
3797500 2746500 11 15  9   1.6 1014 255  0.8 3  3.6  86    2   31 244 -314  1
3797500 2746500 11 15 10   2.9 1015 212  0.8 6  3.9  88    4   75 269 -313  1
3797500 2746500 11 15 11   3.5 1015 219  0.7 6  4.2  89    3   97 287 -315  1
3797500 2746500 11 15 12   3.9 1016  96  1.4 4  4.3  88  108  136 276 -317  1
3797500 2746500 11 15 13   5.4 1016  60  1.8 2  4.4  83  211  102 254 -325  1
3797500 2746500 11 15 14   6.2 1016  55  2.8 2  4.2  74  199   89 242 -334  1
3797500 2746500 11 15 15   6.3 1016  38  3.8 2  3.9  66  143   73 241 -336  1
3797500 2746500 11 15 16   5.9 1017  58  3.4 2  3.7  63   56   48 240 -333  1
3797500 2746500 11 15 17   4.2 1017  70  2.6 0  3.6  66    7   12 226 -327  1
3797500 2746500 11 15 18   3.5 1018  55  1.8 0  3.6  72    0    0 212 -321  1
3797500 2746500 11 15 19   3.1 1018  46  2.0 1  3.6  74    0    0 216 -317  1
3797500 2746500 11 15 20   2.8 1018  60  1.9 2  3.6  77    0    0 223 -316  1
3797500 2746500 11 15 21   2.5 1019  61  2.0 2  3.6  79    0    0 227 -316  1
3797500 2746500 11 15 22   2.2 1019  60  2.0 2  3.6  81    0    0 225 -316  1
3797500 2746500 11 15 23   2.4 1019  74  2.3 2  3.7  82    0    0 218 -315  1
3797500 2746500 11 15 24   2.9 1019  94  2.4 2  3.9  83    0    0 207 -314  1
3797500 2746500 11 16  1   3.7 1019 123  2.5 4  4.1  84    0    0 254 -346  1
3797500 2746500 11 16  2   4.3 1019 146  2.4 5  4.3  84    0    0 276 -347  1
3797500 2746500 11 16  3   4.9 1019 164  2.5 6  4.5  84    0    0 277 -346  1
3797500 2746500 11 16  4   4.6 1019 166  2.3 6  4.4  84    0    0 277 -345  1
3797500 2746500 11 16  5   4.3 1019 165  2.5 6  4.4  84    0    0 282 -345  1
3797500 2746500 11 16  6   3.2 1018 172  1.9 6  4.3  85    0    0 280 -344  1
3797500 2746500 11 16  7   3.6 1018 169  1.9 8  4.2  87    0    0 286 -343  1
3797500 2746500 11 16  8   2.8 1019 158  1.3 8  4.1  86    0    0 293 -342  1
3797500 2746500 11 16  9   3.6 1019 140  2.3 8  4.0  84    0   21 294 -341  1
3797500 2746500 11 16 10   3.4 1019 120  2.1 7  3.9  81    0   50 290 -343  1
3797500 2746500 11 16 11   3.9 1019  98  2.1 7  3.9  79    0   55 285 -348  1
3797500 2746500 11 16 12   4.3 1019  99  2.1 7  3.9  78    0   64 285 -355  1
3797500 2746500 11 16 13   4.7 1018  56  1.7 7  4.0  77    0   62 284 -361  1
3797500 2746500 11 16 14   4.1 1018  67  1.4 7  4.0  77    0   57 283 -365  1
3797500 2746500 11 16 15   3.8 1017  36  1.8 7  4.0  80    0   49 283 -366  1
3797500 2746500 11 16 16   4.0 1017  90  1.8 7  4.0  81    0   32 284 -363  1
3797500 2746500 11 16 17   3.7 1016 165  1.4 8  4.1  82    0    3 287 -357  1
3797500 2746500 11 16 18   3.9 1016 164  1.6 7  4.2  84    0    0 286 -352  1
3797500 2746500 11 16 19   3.9 1016 161  1.5 8  4.2  84    0    0 286 -348  1
3797500 2746500 11 16 20   3.9 1016 143  1.7 8  4.2  85    0    0 290 -347  1
3797500 2746500 11 16 21   3.8 1016 143  2.1 8  4.2  85    0    0 291 -346  1
3797500 2746500 11 16 22   3.8 1016 143  2.5 8  4.2  84    0    0 292 -346  1
3797500 2746500 11 16 23   3.6 1015 162  1.8 8  4.2  84    0    0 291 -346  1
3797500 2746500 11 16 24   3.5 1015 200  1.4 8  4.1  84    0    0 291 -346  1
3797500 2746500 11 17  1   3.0 1015 159  2.1 8  4.1  86    0    0 289 -347  1
3797500 2746500 11 17  2   3.0 1015 144  2.2 8  4.1  87    0    0 287 -348  1
3797500 2746500 11 17  3   3.1 1014 154  2.3 8  4.1  86    0    0 286 -348  1
3797500 2746500 11 17  4   2.8 1014 155  2.4 8  4.1  87    0    0 285 -349  1
3797500 2746500 11 17  5   2.7 1014 162  2.2 8  4.0  87    0    0 283 -348  1
3797500 2746500 11 17  6   2.5 1014 166  2.3 8  4.0  87    0    0 281 -347  1
3797500 2746500 11 17  7   2.5 1014 165  2.7 8  4.0  87    0    0 280 -345  1
3797500 2746500 11 17  8   2.5 1013 156  2.4 8  3.9  87    0    0 280 -345  1
3797500 2746500 11 17  9   2.4 1013 157  2.6 8  3.9  87    0   13 279 -346  1
3797500 2746500 11 17 10   2.5 1014 152  3.6 7  3.9  86    0   37 274 -348  1
3797500 2746500 11 17 11   2.6 1013 159  2.9 7  3.9  85    0   49 269 -353  1
3797500 2746500 11 17 12   2.9 1013 163  3.4 7  3.9  84    0   72 267 -361  1
3797500 2746500 11 17 13   3.2 1013 156  2.5 7  3.9  84    0   83 266 -369  1
3797500 2746500 11 17 14   3.4 1012 172  2.0 7  4.0  82    6  104 266 -373  1
3797500 2746500 11 17 15   3.2 1012 170  1.9 5  3.9  82   49   86 259 -373  1
3797500 2746500 11 17 16   3.1 1011 171  1.8 4  3.9  82   49   38 250 -371  1
3797500 2746500 11 17 17   1.8 1011 129  1.2 2  3.9  85    0    8 242 -368  1
3797500 2746500 11 17 18   1.3 1011 112  2.0 1  3.8  90    0    0 234 -365  1
3797500 2746500 11 17 19   1.1 1011 111  1.5 1  3.8  91    0    0 233 -362  1
3797500 2746500 11 17 20   1.0 1010 110  0.5 0  3.8  92    0    0 233 -360  1
3797500 2746500 11 17 21   1.5 1010 174  2.0 1  3.7  90    0    0 236 -360  1
3797500 2746500 11 17 22   1.9 1010 154  2.2 0  3.7  87    0    0 237 -359  1
3797500 2746500 11 17 23   3.6 1009 163  2.8 0  3.8  82    0    0 238 -357  1
3797500 2746500 11 17 24   3.9 1009 162  2.7 0  3.8  77    0    0 238 -357  1
3797500 2746500 11 18  1   4.1 1008 180  1.9 0  3.9  76    0    0 237 -356  1
3797500 2746500 11 18  2   4.1 1008 163  2.8 0  3.9  76    0    0 237 -356  1
3797500 2746500 11 18  3   4.6 1007 171  2.8 0  3.9  75    0    0 235 -356  1
3797500 2746500 11 18  4   4.3 1007 180  2.0 0  3.9  74    0    0 234 -355  1
3797500 2746500 11 18  5   4.5 1006 192  2.4 0  3.8  74    0    0 233 -354  1
3797500 2746500 11 18  6   4.0 1006 174  2.8 0  3.8  73    0    0 231 -352  1
3797500 2746500 11 18  7   4.1 1005 171  3.5 0  3.7  73    0    0 230 -349  1
3797500 2746500 11 18  8   3.6 1005 173  3.6 0  3.8  75    0    0 228 -347  1
3797500 2746500 11 18  9   4.2 1005 172  4.6 1  3.9  77    9   29 232 -347  1
3797500 2746500 11 18 10   5.0 1005 172  4.6 2  4.1  78   57   72 240 -348  1
3797500 2746500 11 18 11   6.2 1004 161  4.6 4  4.4  77   73  112 251 -353  1
3797500 2746500 11 18 12   6.4 1005 161  3.9 4  4.7  78  119  122 259 -359  1
3797500 2746500 11 18 13   7.3 1004 161  4.4 5  4.9  80  148  113 263 -364  1
3797500 2746500 11 18 14   7.8 1004 162  3.8 5  5.2  80  145   92 268 -366  1
3797500 2746500 11 18 15   8.2 1003 173  3.2 5  5.4  80   97   72 270 -367  1
3797500 2746500 11 18 16   8.4 1003 165  3.3 7  5.6  81   37   38 276 -365  1
3797500 2746500 11 18 17   8.2 1003 172  3.0 8  5.6  82    0    4 282 -361  1
3797500 2746500 11 18 18   8.5 1003 173  2.5 8  5.6  81    0    0 285 -356  1
3797500 2746500 11 18 19   8.5 1003 172  1.4 7  5.6  80    0    0 285 -354  1
3797500 2746500 11 18 20   8.6 1003 173  1.7 8  5.7  81    0    0 288 -353  1
3797500 2746500 11 18 21   8.7 1003 185  1.6 8  5.8  82    0    0 293 -352  1
3797500 2746500 11 18 22   8.6 1003 194  1.4 8  6.0  85    0    0 296 -352  1
3797500 2746500 11 18 23   8.5 1003 183  1.0 7  6.1  87    0    0 294 -351  1
3797500 2746500 11 18 24   8.4 1003 176  1.4 7  6.1  88    0    0 293 -349  1
3797500 2746500 11 19  1   8.7 1003 177  0.9 8  6.1  87    0    0 301 -348  1
3797500 2746500 11 19  2   8.4 1004 163  0.8 8  6.1  88    0    0 308 -347  1
3797500 2746500 11 19  3   8.6 1004 178  0.6 8  6.2  89    0    0 312 -345  1
3797500 2746500 11 19  4   8.6 1004 176  0.3 8  6.3  90    0    0 316 -344  1
3797500 2746500 11 19  5   8.7 1003 178  0.6 7  6.4  91    0    0 314 -342  1
3797500 2746500 11 19  6   8.8 1003 161  1.2 8  6.5  91    0    0 318 -340  1
3797500 2746500 11 19  7   8.6 1003 194  1.0 8  6.6  93    0    0 326 -339  1
3797500 2746500 11 19  8   8.5 1004 192  0.6 8  6.6  94    0    0 329 -340  1
3797500 2746500 11 19  9   8.3 1004 242  0.7 8  6.6  95    0    9 331 -341  1
3797500 2746500 11 19 10   8.3 1005 253  0.5 8  6.5  95    0   24 332 -343  1
3797500 2746500 11 19 11   8.1 1005 300  0.7 8  6.5  96    0   27 333 -346  1
3797500 2746500 11 19 12   7.9 1006 340  2.2 8  6.5  97    0   35 333 -348  1
3797500 2746500 11 19 13   7.8 1006 325  1.7 7  6.5  98    0   34 329 -349  1
3797500 2746500 11 19 14   7.7 1007 343  1.9 8  6.5  99    0   33 329 -350  1
3797500 2746500 11 19 15   7.8 1007 345  1.5 7  6.5  99    0   48 330 -349  1
3797500 2746500 11 19 16   7.4 1007   4  2.6 8  6.3  97    3   28 330 -349  1
3797500 2746500 11 19 17   7.3 1008 335  1.8 8  6.0  94    0    0 335 -348  1
3797500 2746500 11 19 18   7.2 1009 352  1.3 8  5.9  93    0    0 335 -348  1
3797500 2746500 11 19 19   6.6 1009  17  1.4 7  5.8  94    0    0 328 -348  1
3797500 2746500 11 19 20   5.7 1010 346  1.4 6  5.7  97    0    0 315 -348  1
3797500 2746500 11 19 21   5.1 1011  23  1.4 6  5.6 100    0    0 308 -347  1
3797500 2746500 11 19 22   5.1 1011  72  1.4 7  5.4  99    0    0 313 -347  1
3797500 2746500 11 19 23   5.3 1011  45  1.4 7  5.4  98    0    0 319 -346  1
3797500 2746500 11 19 24   5.4 1011  54  1.3 6  5.5  98    0    0 313 -346  1
3797500 2746500 11 20  1   5.1 1012  77  1.5 6  5.4  98    0    0 306 -346  1
3797500 2746500 11 20  2   4.7 1011 120  2.1 5  5.3  98    0    0 298 -344  1
3797500 2746500 11 20  3   5.0 1011  84  1.5 5  5.2  96    0    0 289 -341  1
3797500 2746500 11 20  4   4.5 1011 111  1.5 2  5.1  96    0    0 268 -342  1
3797500 2746500 11 20  5   3.7 1010 105  1.8 3  5.0  98    0    0 251 -343  1
3797500 2746500 11 20  6   3.9 1010 114  1.6 3  4.9  98    0    0 256 -344  1
3797500 2746500 11 20  7   3.3 1010 112  0.9 5  4.8  98    0    0 268 -345  1
3797500 2746500 11 20  8   4.0 1010 112  1.6 5  4.8  98    0    0 283 -345  1
3797500 2746500 11 20  9   5.4 1010 123  2.3 4  5.1  97    8   28 281 -344  1
3797500 2746500 11 20 10   7.5 1010 136  1.9 1  5.7  94   65   68 261 -343  1
3797500 2746500 11 20 11   9.2 1010 140  3.9 2  6.0  87  106   97 258 -348  1
3797500 2746500 11 20 12  10.2 1010 162  2.6 5  6.3  84   69  134 291 -355  1
3797500 2746500 11 20 13  11.3 1009 165  3.2 4  6.6  82  160  106 308 -360  1
3797500 2746500 11 20 14  11.2 1009 176  2.1 3  6.6  80  156   87 301 -363  1
3797500 2746500 11 20 15  12.1 1009 170  2.1 1  6.7  78  114   68 287 -364  1
3797500 2746500 11 20 16  11.5 1008 173  2.0 4  6.7  77   40   37 293 -364  1
3797500 2746500 11 20 17  11.4 1009 172  2.6 6  6.7  78    0    4 318 -363  1
3797500 2746500 11 20 18  11.4 1009 173  3.5 5  6.6  78    0    0 322 -363  1
3797500 2746500 11 20 19  10.7 1009 162  4.2 4  6.5  79    0    0 309 -363  1
3797500 2746500 11 20 20  10.5 1009 162  4.0 3  6.4  80    0    0 296 -363  1
3797500 2746500 11 20 21  10.3 1010 173  3.1 1  6.4  81    0    0 282 -363  1
3797500 2746500 11 20 22  10.3 1010 167  3.1 3  6.3  80    0    0 282 -363  1
3797500 2746500 11 20 23  10.1 1010 170  2.8 3  6.2  80    0    0 291 -362  1
3797500 2746500 11 20 24   9.9 1010 173  2.7 4  6.0  79    0    0 295 -359  1
3797500 2746500 11 21  1   9.5 1010 162  2.5 2  5.9  79    0    0 288 -357  1
3797500 2746500 11 21  2   9.6 1011 171  2.4 1  5.8  78    0    0 272 -356  1
3797500 2746500 11 21  3   9.2 1010 170  1.8 2  5.7  78    0    0 271 -354  1
3797500 2746500 11 21  4   8.7 1011 170  2.2 4  5.7  79    0    0 284 -353  1
3797500 2746500 11 21  5   8.4 1011 180  2.2 4  5.5  79    0    0 291 -352  1
3797500 2746500 11 21  6   8.1 1010 181  2.2 2  5.4  79    0    0 280 -350  1
3797500 2746500 11 21  7   7.7 1011 180  2.3 1  5.3  79    0    0 264 -349  1
3797500 2746500 11 21  8   7.3 1011 170  2.5 3  5.2  80    0    0 268 -348  1
3797500 2746500 11 21  9   7.7 1011 170  2.5 4  5.1  78    0   24 283 -348  1
3797500 2746500 11 21 10   8.3 1011 160  2.6 6  5.1  76   19   85 299 -350  1
3797500 2746500 11 21 11   9.0 1011 168  3.0 5  5.2  74   79  131 305 -355  1
3797500 2746500 11 21 12  10.4 1012 170  2.7 3  5.3  71  116  154 293 -362  1
3797500 2746500 11 21 13  10.7 1011 161  3.5 3  5.4  68  118  157 287 -369  1
3797500 2746500 11 21 14  11.2 1011 171  3.1 4  5.5  67  113  141 292 -374  1
3797500 2746500 11 21 15  11.2 1011 162  2.5 2  5.5  66   79  107 290 -375  1
3797500 2746500 11 21 16   9.9 1011 172  2.1 1  5.5  69   32   54 277 -374  1
3797500 2746500 11 21 17   9.7 1011 171  2.2 2  5.3  71    0    6 275 -370  1
3797500 2746500 11 21 18   8.2 1011 171  2.4 4  5.2  73    0    0 285 -367  1
3797500 2746500 11 21 19   7.5 1011 183  1.9 3  5.1  77    0    0 285 -366  1
3797500 2746500 11 21 20   7.2 1011 173  2.5 5  5.0  78    0    0 287 -365  1
3797500 2746500 11 21 21   6.5 1011 184  2.0 4  4.9  79    0    0 289 -364  1
3797500 2746500 11 21 22   5.9 1011 176  2.7 3  4.8  81    0    0 280 -363  1
3797500 2746500 11 21 23   5.3 1011 171  2.7 2  4.7  83    0    0 272 -361  1
3797500 2746500 11 21 24   4.9 1011 169  2.2 2  4.6  84    0    0 266 -359  1
3797500 2746500 11 22  1   4.3 1011 175  2.9 3  4.5  85    0    0 269 -358  1
3797500 2746500 11 22  2   4.5 1010 184  2.4 5  4.5  86    0    0 280 -358  1
3797500 2746500 11 22  3   4.4 1010 174  2.7 6  4.6  87    0    0 294 -358  1
3797500 2746500 11 22  4   4.2 1009 175  2.3 6  4.5  88    0    0 297 -359  1
3797500 2746500 11 22  5   4.2 1009 174  4.1 7  4.5  88    0    0 302 -361  1
3797500 2746500 11 22  6   3.7 1009 164  3.3 8  4.4  87    0    0 311 -362  1
3797500 2746500 11 22  7   3.6 1008 163  3.2 7  4.3  87    0    0 312 -363  1
3797500 2746500 11 22  8   3.7 1008 173  3.6 6  4.3  86    0    0 306 -363  1
3797500 2746500 11 22  9   4.0 1008 160  3.9 7  4.3  86    0    6 308 -364  1
3797500 2746500 11 22 10   4.4 1008 167  4.4 6  4.4  86    2   55 309 -365  1
3797500 2746500 11 22 11   5.1 1007 168  5.0 6  4.5  84   11   92 307 -368  1
3797500 2746500 11 22 12   5.5 1007 175  4.8 7  4.5  82   10  107 314 -369  1
3797500 2746500 11 22 13   6.1 1006 174  4.0 7  4.6  79   28  114 320 -370  1
3797500 2746500 11 22 14   6.9 1006 172  5.1 7  4.6  76   23  100 323 -370  1
3797500 2746500 11 22 15   7.6 1005 173  4.1 6  4.7  73   30   73 321 -371  1
3797500 2746500 11 22 16   7.3 1005 173  4.8 8  4.7  73    3   31 327 -371  1
3797500 2746500 11 22 17   6.9 1006 170  5.0 8  4.7  74    0    1 335 -370  1
3797500 2746500 11 22 18   6.6 1006 178  4.3 8  4.7  77    0    0 333 -369  1
3797500 2746500 11 22 19   6.7 1007 179  4.2 8  5.0  81    0    0 333 -368  1
3797500 2746500 11 22 20   7.5 1008 179  4.1 7  5.2  82    0    0 330 -366  1
3797500 2746500 11 22 21   8.0 1008 179  4.3 7  5.3  81    0    0 326 -362  1
3797500 2746500 11 22 22   8.6 1008 188  4.5 8  5.5  80    0    0 332 -357  1
3797500 2746500 11 22 23  10.0 1009 200  4.8 8  5.7  77    0    0 340 -354  1
3797500 2746500 11 22 24  10.3 1009 227  5.8 7  5.7  73    0    0 336 -350  1
3797500 2746500 11 23  1  10.0 1010 228  5.4 8  5.7  74    0    0 336 -346  1
3797500 2746500 11 23  2   9.6 1011 234  4.8 7  5.7  75    0    0 336 -344  1
3797500 2746500 11 23  3   9.7 1012 235  4.9 7  5.7  76    0    0 331 -342  1
3797500 2746500 11 23  4   8.9 1013 237  4.9 7  5.6  77    0    0 332 -341  1
3797500 2746500 11 23  5   6.6 1014 229  3.4 5  5.6  85    0    0 316 -340  1
3797500 2746500 11 23  6   5.8 1014 221  3.5 2  5.4  92    0    0 282 -341  1
3797500 2746500 11 23  7   6.8 1015 210  3.2 3  5.4  91    0    0 270 -341  1
3797500 2746500 11 23  8   6.5 1015 169  2.1 4  5.5  90    0    0 283 -341  1
3797500 2746500 11 23  9   6.5 1015 187  2.7 3  5.4  90    8   24 282 -340  1
3797500 2746500 11 23 10   7.9 1016 179  3.8 1  5.5  87   73   56 264 -341  1
3797500 2746500 11 23 11   9.7 1016 198  4.3 0  5.6  80  153   66 248 -344  1
3797500 2746500 11 23 12  10.9 1016 198  4.6 0  5.7  73  210   68 246 -347  1
3797500 2746500 11 23 13  11.5 1016 193  4.4 0  5.7  69  229   67 248 -350  1
3797500 2746500 11 23 14  12.2 1015 190  4.2 0  5.5  64  198   63 250 -352  1
3797500 2746500 11 23 15  11.9 1015 183  4.2 0  5.4  62  134   52 250 -351  1
3797500 2746500 11 23 16  11.0 1014 178  4.0 0  5.3  63   48   30 248 -349  1
3797500 2746500 11 23 17   9.7 1014 169  3.8 1  5.1  66    0    0 250 -345  1
3797500 2746500 11 23 18   8.8 1014 169  4.0 1  5.1  70    0    0 253 -338  1
3797500 2746500 11 23 19   8.3 1014 160  4.5 0  5.0  72    0    0 243 -333  1
3797500 2746500 11 23 20   7.6 1014 160  4.3 0  4.9  74    0    0 233 -330  1
3797500 2746500 11 23 21   7.0 1014 144  3.8 0  4.9  78    0    0 231 -328  1
3797500 2746500 11 23 22   7.1 1013 148  5.1 0  4.9  79    0    0 230 -327  1
3797500 2746500 11 23 23   6.7 1013 155  5.0 0  4.9  80    0    0 227 -326  1
3797500 2746500 11 23 24   7.3 1012 166  3.1 0  5.0  80    0    0 225 -326  1
3797500 2746500 11 24  1   6.7 1012 164  4.2 4  5.0  81    0    0 250 -325  1
3797500 2746500 11 24  2   7.3 1012 168  4.1 5  5.2  83    0    0 281 -324  1
3797500 2746500 11 24  3   7.4 1011 159  4.1 6  5.2  82    0    0 294 -324  1
3797500 2746500 11 24  4   7.6 1011 163  4.3 6  5.3  82    0    0 299 -324  1
3797500 2746500 11 24  5   7.6 1010 163  4.1 5  5.3  81    0    0 290 -325  1
3797500 2746500 11 24  6   7.6 1010 176  4.5 6  5.3  81    0    0 286 -326  1
3797500 2746500 11 24  7   7.4 1009 177  4.2 7  5.2  81    0    0 296 -329  1
3797500 2746500 11 24  8   7.2 1009 162  4.8 7  5.2  81    0    0 301 -332  1
3797500 2746500 11 24  9   7.4 1009 161  4.8 8  5.1  80    0   19 309 -334  1
3797500 2746500 11 24 10   7.8 1009 163  5.6 7  5.1  78    0   48 311 -337  1
3797500 2746500 11 24 11   8.2 1009 174  4.8 7  5.2  78    0   57 303 -341  1
3797500 2746500 11 24 12   8.7 1009 165  5.9 7  5.3  77    0   79 305 -346  1
3797500 2746500 11 24 13   8.9 1009 174  4.5 5  5.4  76    0   69 287 -351  1
3797500 2746500 11 24 14   8.2 1009 173  5.7 5  5.6  80    0   43 269 -353  1
3797500 2746500 11 24 15   8.1 1008 169  4.2 7  5.8  85    0   30 289 -352  1
3797500 2746500 11 24 16   7.8 1008 206  3.0 8  6.0  90    0   22 315 -350  1
3797500 2746500 11 24 17   7.9 1009 208  2.5 8  6.2  94    0    0 324 -348  1
3797500 2746500 11 24 18   8.1 1010 206  2.6 8  6.3  94    0    0 327 -347  1
3797500 2746500 11 24 19   8.5 1010 223  3.2 8  6.5  95    0    0 329 -346  1
3797500 2746500 11 24 20   8.2 1010 218  2.8 7  6.6  96    0    0 322 -345  1
3797500 2746500 11 24 21   8.2 1010 208  1.9 8  6.6  97    0    0 323 -344  1
3797500 2746500 11 24 22   8.0 1011 190  1.2 8  6.6  97    0    0 328 -343  1
3797500 2746500 11 24 23   7.9 1011 170  1.4 7  6.5  97    0    0 322 -342  1
3797500 2746500 11 24 24   7.9 1011 195  0.9 7  6.4  96    0    0 315 -341  1
3797500 2746500 11 25  1   7.5 1011 163  1.7 7  6.4  98    0    0 314 -339  1
3797500 2746500 11 25  2   7.7 1011 172  1.3 7  6.4  99    0    0 313 -338  1
3797500 2746500 11 25  3   8.0 1011 175  1.1 8  6.5  97    0    0 319 -337  1
3797500 2746500 11 25  4   7.6 1011 200  1.2 8  6.5  98    0    0 326 -337  1
3797500 2746500 11 25  5   7.7 1011 165  1.1 8  6.5 100    0    0 325 -337  1
3797500 2746500 11 25  6   7.7 1011 130  0.6 7  6.5 100    0    0 319 -337  1
3797500 2746500 11 25  7   7.6 1011 110  1.5 8  6.5  99    0    0 319 -337  1
3797500 2746500 11 25  8   7.4 1011 123  1.1 5  6.4  99    0    0 304 -338  1
3797500 2746500 11 25  9   7.4 1012 119  1.3 5  6.3  98    0   16 285 -339  1
3797500 2746500 11 25 10   7.9 1012  98  1.8 6  6.4  97   12   67 291 -341  1
3797500 2746500 11 25 11   8.6 1012  95  1.7 6  6.6  97   16  101 299 -345  1
3797500 2746500 11 25 12   9.0 1012  96  1.8 6  6.8  96   11  115 301 -348  1
3797500 2746500 11 25 13   9.3 1012  93  1.9 7  6.8  94    2  100 308 -350  1
3797500 2746500 11 25 14   9.4 1011 101  2.1 8  6.9  94    6   94 322 -351  1
3797500 2746500 11 25 15   9.6 1010  81  2.0 8  6.9  94    9   74 329 -352  1
3797500 2746500 11 25 16   9.3 1009  85  1.7 8  6.9  94    3   30 330 -353  1
3797500 2746500 11 25 17   9.0 1009  84  1.7 8  6.8  94    0    0 330 -352  1
3797500 2746500 11 25 18   8.8 1009  98  1.6 8  6.7  94    0    0 330 -352  1
3797500 2746500 11 25 19   9.0 1008 112  1.7 8  6.7  93    0    0 331 -352  1
3797500 2746500 11 25 20   9.4 1008 102  1.7 7  6.7  92    0    0 325 -352  1
3797500 2746500 11 25 21   9.4 1007  71  0.7 7  6.7  91    0    0 318 -352  1
3797500 2746500 11 25 22  10.1 1006 143  1.9 7  6.6  87    0    0 321 -353  1
3797500 2746500 11 25 23  10.6 1005 131  2.4 8  6.4  82    0    0 334 -356  1
3797500 2746500 11 25 24  10.7 1004 122  3.0 8  6.4  80    0    0 346 -358  1
3797500 2746500 11 26  1  11.6 1003 152  4.7 7  6.4  77    0    0 342 -360  1
3797500 2746500 11 26  2  11.4 1002 171  4.9 7  6.5  76    0    0 335 -362  1
3797500 2746500 11 26  3  12.3 1001 172  5.5 8  6.5  75    0    0 346 -362  1
3797500 2746500 11 26  4  12.5 1000 161  5.7 7  6.6  73    0    0 349 -363  1
3797500 2746500 11 26  5  12.9  999 171  4.6 7  6.7  72    0    0 341 -363  1
3797500 2746500 11 26  6  13.7  998 193  4.4 7  6.8  70    0    0 343 -362  1
3797500 2746500 11 26  7  14.0  998 210  6.1 8  6.6  66    0    0 355 -360  1
3797500 2746500 11 26  8  13.9  998 220  7.1 8  6.3  62    0    0 364 -358  1
3797500 2746500 11 26  9  13.3  999 217  7.5 7  6.0  61    0    8 352 -356  1
3797500 2746500 11 26 10  12.2  999 216  6.8 6  6.0  64   17   64 330 -355  1
3797500 2746500 11 26 11  11.2 1000 219  6.7 4  5.9  68   54  102 301 -354  1
3797500 2746500 11 26 12  10.8 1001 228  7.4 8  5.6  67    0   60 318 -355  1
3797500 2746500 11 26 13  10.6 1002 220  8.1 8  5.0  62    0   86 342 -357  1
3797500 2746500 11 26 14  10.7 1003 229  7.5 6  4.7  59   34  111 326 -357  1
3797500 2746500 11 26 15  10.8 1003 224  8.0 3  4.7  58   81   74 296 -357  1
3797500 2746500 11 26 16  10.5 1003 219  6.3 5  4.9  61   17   34 291 -356  1
3797500 2746500 11 26 17  10.4 1004 221  5.5 7  5.0  63    0    0 314 -353  1
3797500 2746500 11 26 18  10.2 1004 221  5.2 8  4.9  63    0    0 329 -349  1
3797500 2746500 11 26 19   9.9 1005 212  5.8 6  4.9  64    0    0 322 -347  1
3797500 2746500 11 26 20   9.8 1005 221  5.4 5  5.0  65    0    0 306 -344  1
3797500 2746500 11 26 21   9.1 1005 222  5.5 5  4.9  66    0    0 301 -342  1
3797500 2746500 11 26 22   8.1 1005 213  3.8 5  4.9  70    0    0 299 -339  1
3797500 2746500 11 26 23   7.5 1005 212  3.9 5  4.9  74    0    0 297 -337  1
3797500 2746500 11 26 24   7.3 1005 203  2.8 4  4.9  76    0    0 290 -335  1
3797500 2746500 11 27  1   6.7 1005 185  2.5 2  5.0  79    0    0 272 -333  1
3797500 2746500 11 27  2   6.6 1005 184  2.5 1  5.0  81    0    0 254 -331  1
3797500 2746500 11 27  3   6.6 1004 184  2.7 0  5.0  81    0    0 243 -330  1
3797500 2746500 11 27  4   6.5 1004 184  2.6 0  5.0  81    0    0 239 -329  1
3797500 2746500 11 27  5   6.6 1003 173  2.7 0  4.9  80    0    0 241 -329  1
3797500 2746500 11 27  6   6.3 1003 193  2.8 0  4.8  79    0    0 240 -329  1
3797500 2746500 11 27  7   6.2 1002 165  3.9 1  4.7  78    0    0 244 -331  1
3797500 2746500 11 27  8   6.5 1002 154  3.7 2  4.6  77    0    0 253 -334  1
3797500 2746500 11 27  9   7.9 1001 153  2.8 3  4.7  73    2   19 267 -338  1
3797500 2746500 11 27 10   8.5 1001 147  3.1 4  4.8  71   14   59 282 -341  1
3797500 2746500 11 27 11   8.0 1000 161  5.3 8  5.4  79    0   45 312 -345  1
3797500 2746500 11 27 12   8.4  999 171  4.0 7  6.0  88    0   50 329 -349  1
3797500 2746500 11 27 13   8.5  998 173  3.3 6  6.3  90    0   77 318 -354  1
3797500 2746500 11 27 14   8.9  998 173  3.2 6  6.4  90    6   87 312 -358  1
3797500 2746500 11 27 15   9.2  997 169  3.2 6  6.5  90   37   70 311 -359  1
3797500 2746500 11 27 16   9.7  996 161  3.2 7  6.6  88    7   30 317 -358  1
3797500 2746500 11 27 17   9.6  996 167  3.3 7  6.6  87    0    0 326 -355  1
3797500 2746500 11 27 18  10.0  996 172  1.9 7  6.6  86    0    0 326 -354  1
3797500 2746500 11 27 19   9.8  996 181  1.8 7  6.5  84    0    0 324 -352  1
3797500 2746500 11 27 20  10.5  995 172  2.3 7  6.5  82    0    0 324 -351  1
3797500 2746500 11 27 21  10.5  996 180  2.0 7  6.4  80    0    0 324 -349  1
3797500 2746500 11 27 22  10.2  996 211  3.4 8  6.4  80    0    0 333 -347  1
3797500 2746500 11 27 23   9.6  996 211  2.7 7  6.2  80    0    0 330 -346  1
3797500 2746500 11 27 24   9.8  996 207  2.6 7  5.8  76    0    0 316 -344  1
3797500 2746500 11 28  1   9.4  996 203  2.5 8  5.5  73    0    0 325 -343  1
3797500 2746500 11 28  2   8.8  996 182  2.1 7  5.4  74    0    0 323 -341  1
3797500 2746500 11 28  3   9.3  996 191  2.3 6  5.4  74    0    0 299 -340  1
3797500 2746500 11 28  4   9.1  996 192  2.6 7  5.4  73    0    0 298 -338  1
3797500 2746500 11 28  5   9.0  996 192  1.8 7  5.3  73    0    0 310 -336  1
3797500 2746500 11 28  6   9.0  996 190  1.9 8  5.3  73    0    0 322 -337  1
3797500 2746500 11 28  7   9.0  996 189  1.6 8  5.3  73    0    0 333 -338  1
3797500 2746500 11 28  8   8.7  996 180  1.5 7  5.3  74    0    0 322 -338  1
3797500 2746500 11 28  9   9.0  996 170  1.7 8  5.4  75    0    3 323 -337  1
3797500 2746500 11 28 10   8.9  997 190  2.0 8  5.4  75    0   26 333 -337  1
3797500 2746500 11 28 11   9.1  997 181  1.7 7  5.5  75    2   87 323 -339  1
3797500 2746500 11 28 12   9.1  998 200  1.7 7  5.5  75    3  111 313 -339  1
3797500 2746500 11 28 13   9.4  998 208  1.7 6  5.3  71    6  121 304 -341  1
3797500 2746500 11 28 14   9.7  998 189  1.6 6  5.0  67    4  103 297 -343  1
3797500 2746500 11 28 15   9.9  998 170  1.4 6  5.0  66   11   88 297 -343  1
3797500 2746500 11 28 16   8.8  998 151  2.1 7  5.2  70    0   11 305 -341  1
3797500 2746500 11 28 17   8.2  998 152  1.5 7  5.2  74    0    0 310 -338  1
3797500 2746500 11 28 18   8.0  998 141  1.4 7  5.1  75    0    0 309 -337  1
3797500 2746500 11 28 19   8.0  998 162  2.3 7  5.2  77    0    0 310 -338  1
3797500 2746500 11 28 20   7.7  998 173  1.7 7  5.2  78    0    0 307 -338  1
3797500 2746500 11 28 21   7.4  999 214  1.8 7  5.2  80    0    0 305 -337  1
3797500 2746500 11 28 22   7.1  999 176  1.1 7  5.2  81    0    0 303 -337  1
3797500 2746500 11 28 23   7.0  999 212  0.9 7  5.2  82    0    0 302 -337  1
3797500 2746500 11 28 24   6.2 1000 227  1.1 7  5.2  84    0    0 302 -337  1
3797500 2746500 11 29  1   5.4  999 214  0.7 7  5.1  88    0    0 300 -337  1
3797500 2746500 11 29  2   5.3  999 227  0.8 7  5.1  90    0    0 298 -338  1
3797500 2746500 11 29  3   5.1  999 206  0.4 7  5.0  90    0    0 299 -338  1
3797500 2746500 11 29  4   5.0  999 259  0.9 7  4.9  89    0    0 298 -338  1
3797500 2746500 11 29  5   4.8  999 235  0.7 7  4.9  89    0    0 298 -338  1
3797500 2746500 11 29  6   4.8  999 254  0.7 7  4.9  91    0    0 299 -338  1
3797500 2746500 11 29  7   5.1  999 304  0.9 8  5.0  91    0    0 310 -338  1
3797500 2746500 11 29  8   4.7  999 220  0.3 8  5.0  92    0    0 321 -339  1
3797500 2746500 11 29  9   4.9  999 298  0.8 8  5.1  94    0    6 321 -339  1
3797500 2746500 11 29 10   5.8 1000 326  1.6 8  5.3  94    0   45 323 -340  1
3797500 2746500 11 29 11   6.4  999 330  1.6 8  5.4  91    0   47 324 -342  1
3797500 2746500 11 29 12   6.4 1000   5  1.7 8  5.4  90    0   33 326 -343  1
3797500 2746500 11 29 13   6.7 1000 342  2.2 8  5.4  89    0   48 326 -345  1
3797500 2746500 11 29 14   6.5  999 350  2.2 7  5.5  89    1   84 318 -346  1
3797500 2746500 11 29 15   5.9  999   1  2.3 6  5.4  91    7   80 298 -345  1
3797500 2746500 11 29 16   5.4  999   1  2.2 8  5.3  92    1   30 306 -344  1
3797500 2746500 11 29 17   5.3  999 351  2.1 7  5.2  92    0    0 313 -342  1
3797500 2746500 11 29 18   5.3  999   0  2.4 7  5.1  91    0    0 304 -340  1
3797500 2746500 11 29 19   5.2  999  21  2.6 8  5.0  90    0    0 312 -338  1
3797500 2746500 11 29 20   5.3  999  14  1.8 8  4.9  88    0    0 320 -337  1
3797500 2746500 11 29 21   5.3  999  69  1.7 8  4.9  87    0    0 320 -336  1
3797500 2746500 11 29 22   5.4  999 140  1.8 8  4.9  88    0    0 320 -335  1
3797500 2746500 11 29 23   5.5  999 212  2.1 8  5.1  89    0    0 320 -332  1
3797500 2746500 11 29 24   5.6  998 260  2.3 7  5.2  91    0    0 322 -329  1
3797500 2746500 11 30  1   5.6 1001 283  2.5 7  5.4  93    0    0 310 -343  1
3797500 2746500 11 30  2   5.4 1001 259  2.5 6  5.4  95    0    0 306 -343  1
3797500 2746500 11 30  3   5.1 1002 238  2.5 5  5.4  96    0    0 301 -342  1
3797500 2746500 11 30  4   4.7 1002 235  2.6 4  5.2  96    0    0 284 -342  1
3797500 2746500 11 30  5   4.6 1002 234  2.7 4  5.1  95    0    0 258 -342  1
3797500 2746500 11 30  6   3.8 1003 232  2.9 4  4.8  94    0    0 255 -341  1
3797500 2746500 11 30  7   4.1 1003 229  3.0 6  4.8  95    0    0 280 -340  1
3797500 2746500 11 30  8   4.6 1003 220  2.9 6  5.0  95    0    0 293 -339  1
3797500 2746500 11 30  9   5.1 1003 219  3.3 7  5.1  94    0    5 300 -338  1
3797500 2746500 11 30 10   5.8 1004 221  3.6 8  5.1  91    0   33 315 -339  1
3797500 2746500 11 30 11   6.3 1004 231  4.5 7  5.1  87    0   63 315 -340  1
3797500 2746500 11 30 12   6.7 1004 228  4.4 7  5.1  85    0   57 310 -342  1
3797500 2746500 11 30 13   7.1 1003 228  4.6 7  5.2  84    0   49 312 -345  1
3797500 2746500 11 30 14   6.8 1003 221  4.7 6  5.4  86    0   68 305 -346  1
3797500 2746500 11 30 15   7.0 1002 220  4.5 8  5.6  90    0   35 314 -346  1
3797500 2746500 11 30 16   7.4 1002 222  4.1 8  5.8  91    0   15 330 -345  1
3797500 2746500 11 30 17   7.8 1002 232  5.0 8  6.0  91    0    0 333 -343  1
3797500 2746500 11 30 18   7.9 1001 223  4.5 8  6.1  92    0    0 335 -343  1
3797500 2746500 11 30 19   8.1 1001 223  4.2 8  6.2  92    0    0 336 -343  1
3797500 2746500 11 30 20   8.5 1001 214  4.3 8  6.3  91    0    0 338 -342  1
3797500 2746500 11 30 21   8.5 1000 213  4.0 8  6.3  90    0    0 340 -341  1
3797500 2746500 11 30 22   8.6 1000 215  3.5 8  6.3  90    0    0 342 -340  1
3797500 2746500 11 30 23   8.2 1000 193  3.3 8  6.3  90    0    0 342 -340  1
3797500 2746500 11 30 24   8.2  999 194  4.0 8  6.3  92    0    0 342 -340  1
3797500 2746500 12  1  1   8.1  998 185  4.1 8  6.4  93    0    0 343 -338  1
3797500 2746500 12  1  2   8.2  998 194  4.2 8  6.3  92    0    0 343 -339  1
3797500 2746500 12  1  3   8.3  997 184  4.4 8  6.3  91    0    0 343 -341  1
3797500 2746500 12  1  4   8.5  996 203  4.2 8  6.5  92    0    0 345 -343  1
3797500 2746500 12  1  5   8.8  996 202  4.6 8  6.6  93    0    0 346 -347  1
3797500 2746500 12  1  6   8.7  995 203  4.2 8  6.6  92    0    0 347 -349  1
3797500 2746500 12  1  7   9.0  995 210  4.9 8  6.6  92    0    0 347 -350  1
3797500 2746500 12  1  8   9.4  995 231  6.5 7  6.7  91    0    0 343 -352  1
3797500 2746500 12  1  9   9.7  995 231  6.6 8  6.6  88    0    3 343 -354  1
3797500 2746500 12  1 10   9.6  996 238  5.8 7  6.2  82   17   48 344 -354  1
3797500 2746500 12  1 11   9.5  997 236  5.2 4  5.9  79   93   79 322 -355  1
3797500 2746500 12  1 12   9.8  998 246  5.2 2  5.7  75  140   92 295 -355  1
3797500 2746500 12  1 13  10.2  998 247  4.5 1  5.3  68  166   92 275 -355  1
3797500 2746500 12  1 14  10.4  998 237  4.2 1  5.0  63  142   85 265 -354  1
3797500 2746500 12  1 15   9.8  999 229  4.5 4  4.9  63   52   69 275 -353  1
3797500 2746500 12  1 16   9.6  999 239  4.2 4  5.1  67   11   26 287 -352  1
3797500 2746500 12  1 17   8.8  999 229  4.6 3  5.2  71    0    0 279 -350  1
3797500 2746500 12  1 18   8.4 1000 222  3.5 3  5.2  74    0    0 271 -349  1
3797500 2746500 12  1 19   8.0 1000 221  3.9 3  5.3  77    0    0 270 -348  1
3797500 2746500 12  1 20   7.9 1000 212  4.0 3  5.3  78    0    0 267 -348  1
3797500 2746500 12  1 21   8.1  999 212  4.3 1  5.1  76    0    0 254 -346  1
3797500 2746500 12  1 22   8.3  999 211  4.2 5  5.0  73    0    0 265 -344  1
3797500 2746500 12  1 23   8.0  999 191  4.7 5  5.0  73    0    0 290 -343  1
3797500 2746500 12  1 24   7.5  998 200  3.8 6  5.1  77    0    0 297 -344  1
3797500 2746500 12  2  1   6.9  997 212  3.5 8  5.4  84    0    0 315 -345  1
3797500 2746500 12  2  2   6.9  997 230  4.9 8  5.5  87    0    0 328 -346  1
3797500 2746500 12  2  3   7.0  997 230  5.3 6  5.4  85    0    0 318 -347  1
3797500 2746500 12  2  4   6.9  997 216  4.2 6  5.3  84    0    0 307 -347  1
3797500 2746500 12  2  5   7.5  997 230  5.0 7  5.2  82    0    0 314 -347  1
3797500 2746500 12  2  6   7.8  997 221  5.4 8  5.3  80    0    0 331 -348  1
3797500 2746500 12  2  7   7.9  997 231  5.6 7  5.3  80    0    0 334 -348  1
3797500 2746500 12  2  8   7.9  997 228  6.1 6  5.4  80    0    0 324 -349  1
3797500 2746500 12  2  9   8.2  997 228  5.2 6  5.4  80    0    1 320 -350  1
3797500 2746500 12  2 10   8.6  997 229  4.9 7  5.6  80    0   33 329 -350  1
3797500 2746500 12  2 11   9.2  996 220  5.3 8  5.7  79    0   39 341 -351  1
3797500 2746500 12  2 12   8.5  995 219  4.2 8  5.8  81    0   44 348 -352  1
3797500 2746500 12  2 13   8.3  994 210  3.7 8  6.1  88    0   54 347 -352  1
3797500 2746500 12  2 14   8.8  991 192  4.8 8  6.4  91    0   43 347 -353  1
3797500 2746500 12  2 15  10.1  989 209  6.7 7  6.7  88    0   30 344 -354  1
3797500 2746500 12  2 16  10.0  986 220  7.6 8  6.8  87    0   18 346 -354  1
3797500 2746500 12  2 17  10.6  983 218  8.9 8  6.9  85    0    0 353 -354  1
3797500 2746500 12  2 18  10.4  982 229  8.1 8  6.9  85    0    0 355 -354  1
3797500 2746500 12  2 19  10.1  981 218  6.5 7  7.1  89    0    0 350 -355  1
3797500 2746500 12  2 20  10.5  980 230  5.1 7  7.1  88    0    0 346 -354  1
3797500 2746500 12  2 21  10.7  979 228  5.4 7  6.8  82    0    0 346 -353  1
3797500 2746500 12  2 22   9.7  979 249  6.4 6  6.2  78    0    0 335 -352  1
3797500 2746500 12  2 23   9.7  978 237  5.1 6  5.8  75    0    0 324 -351  1
3797500 2746500 12  2 24   9.9  978 239  5.7 6  5.7  74    0    0 318 -351  1
3797500 2746500 12  3  1   9.0  977 238  5.5 6  5.7  74    0    0 315 -350  1
3797500 2746500 12  3  2   8.3  977 251  5.1 6  5.6  78    0    0 313 -348  1
3797500 2746500 12  3  3   8.1  977 248  5.1 5  5.5  78    0    0 304 -347  1
3797500 2746500 12  3  4   7.5  978 250  5.9 8  5.5  80    0    0 316 -346  1
3797500 2746500 12  3  5   7.4  979 260  4.7 8  5.5  83    0    0 336 -344  1
3797500 2746500 12  3  6   6.9  979 242  4.3 8  5.6  86    0    0 334 -342  1
3797500 2746500 12  3  7   6.8  981 261  4.0 8  5.8  91    0    0 333 -340  1
3797500 2746500 12  3  8   6.6  982 267  2.9 8  5.8  92    0    0 331 -337  1
3797500 2746500 12  3  9   6.6  983 273  3.1 7  5.7  91    0    6 324 -336  1
3797500 2746500 12  3 10   6.9  985 263  4.5 8  5.7  90    2   37 322 -337  1
3797500 2746500 12  3 11   6.7  986 280  5.0 8  5.6  89    2   58 326 -340  1
3797500 2746500 12  3 12   6.5  988 255  3.6 8  5.6  90    5   74 323 -342  1
3797500 2746500 12  3 13   7.0  989 277  5.3 8  5.5  88    0   29 323 -344  1
3797500 2746500 12  3 14   6.1  989 279  8.3 8  5.4  87    0   24 323 -343  1
3797500 2746500 12  3 15   7.2  990 264  5.4 7  5.1  81    0   38 318 -341  1
3797500 2746500 12  3 16   7.1  991 260  4.9 6  4.7  73    5   16 306 -341  1
3797500 2746500 12  3 17   6.7  993 261  4.9 5  4.5  70    0    0 295 -340  1
3797500 2746500 12  3 18   6.6  994 248  4.3 7  4.3  70    0    0 299 -340  1
3797500 2746500 12  3 19   6.5  994 247  4.3 6  4.4  72    0    0 303 -340  1
3797500 2746500 12  3 20   6.3  995 238  3.3 6  4.5  74    0    0 295 -340  1
3797500 2746500 12  3 21   6.6  994 237  3.2 7  4.7  77    0    0 301 -339  1
3797500 2746500 12  3 22   6.5  994 238  3.4 7  4.7  77    0    0 307 -339  1
3797500 2746500 12  3 23   4.2  994 239  3.3 8  4.7  83    0    0 310 -338  1
3797500 2746500 12  3 24   3.7  995 239  1.7 8  4.7  92    0    0 312 -337  1
3797500 2746500 12  4  1   4.3  995 271  0.9 7  4.8  93    0    0 306 -337  1
3797500 2746500 12  4  2   4.2  996 263  1.5 6  4.8  92    0    0 296 -337  1
3797500 2746500 12  4  3   4.3  998 259  1.1 7  4.8  91    0    0 299 -337  1
3797500 2746500 12  4  4   4.5  999 240  2.0 7  4.9  92    0    0 309 -336  1
3797500 2746500 12  4  5   5.0 1000 258  1.7 6  5.0  93    0    0 305 -337  1
3797500 2746500 12  4  6   5.0 1001 275  1.1 4  4.9  90    0    0 287 -337  1
3797500 2746500 12  4  7   5.1 1002 258  2.0 7  4.9  90    0    0 290 -338  1
3797500 2746500 12  4  8   5.4 1004 249  2.2 8  5.1  91    0    0 311 -338  1
3797500 2746500 12  4  9   5.5 1005 248  2.4 8  5.1  90    0    9 314 -338  1
3797500 2746500 12  4 10   5.6 1006 239  2.5 6  5.1  90    5   52 300 -338  1
3797500 2746500 12  4 11   6.4 1007 247  2.8 7  5.3  91    2   75 295 -339  1
3797500 2746500 12  4 12   6.7 1008 260  3.1 7  5.4  90    6  101 301 -341  1
3797500 2746500 12  4 13   6.9 1009 270  2.9 8  5.5  89    4   98 306 -343  1
3797500 2746500 12  4 14   7.4 1009 250  3.0 8  5.6  89    0   65 314 -344  1
3797500 2746500 12  4 15   7.3 1010 241  2.9 7  5.6  87    1   52 309 -345  1
3797500 2746500 12  4 16   7.2 1010 240  2.3 8  5.5  86    0   12 311 -343  1
3797500 2746500 12  4 17   7.1 1011 231  2.7 8  5.4  86    0    0 319 -341  1
3797500 2746500 12  4 18   7.3 1011 221  2.9 7  5.4  86    0    0 317 -340  1
3797500 2746500 12  4 19   7.5 1011 213  2.8 7  5.4  84    0    0 316 -341  1
3797500 2746500 12  4 20   7.9 1011 224  3.3 7  5.2  79    0    0 319 -341  1
3797500 2746500 12  4 21   8.0 1011 215  3.4 7  5.3  79    0    0 323 -341  1
3797500 2746500 12  4 22   7.2 1011 205  3.8 8  5.5  85    0    0 334 -342  1
3797500 2746500 12  4 23   7.7 1011 201  3.6 8  5.8  90    0    0 343 -343  1
3797500 2746500 12  4 24   8.2 1011 211  4.5 8  6.1  92    0    0 346 -344  1
3797500 2746500 12  5  1   8.4 1011 209  3.8 8  6.4  94    0    0 350 -346  1
3797500 2746500 12  5  2   9.0 1011 209  3.7 8  6.6  94    0    0 353 -349  1
3797500 2746500 12  5  3   9.8 1010 217  4.3 8  6.8  93    0    0 357 -351  1
3797500 2746500 12  5  4   9.7 1010 218  3.4 8  7.0  92    0    0 359 -353  1
3797500 2746500 12  5  5   9.7 1010 208  3.2 8  6.9  92    0    0 360 -356  1
3797500 2746500 12  5  6  10.5 1010 210  3.5 8  6.9  90    0    0 361 -357  1
3797500 2746500 12  5  7  11.0 1009 210  3.4 8  7.0  86    0    0 363 -359  1
3797500 2746500 12  5  8  11.0 1009 201  3.2 8  6.9  84    0    0 363 -360  1
3797500 2746500 12  5  9  11.5 1009 200  3.2 7  6.8  81    0    4 359 -362  1
3797500 2746500 12  5 10  11.9 1009 192  3.7 7  6.6  77    0   28 354 -361  1
3797500 2746500 12  5 11  11.7 1008 202  3.7 7  6.5  75    0   32 354 -362  1
3797500 2746500 12  5 12  12.4 1008 210  5.0 7  6.5  74    0   35 355 -363  1
3797500 2746500 12  5 13  11.7 1007 191  4.0 7  6.6  75    0   39 354 -364  1
3797500 2746500 12  5 14  12.0 1006 203  3.2 7  6.7  77    1   75 353 -366  1
3797500 2746500 12  5 15  12.2 1005 198  4.5 7  6.7  76   15   81 353 -367  1
3797500 2746500 12  5 16  12.4 1004 208  4.7 7  6.7  74    4   29 354 -368  1
3797500 2746500 12  5 17  12.3 1004 232  5.3 7  6.7  74    0    0 352 -368  1
3797500 2746500 12  5 18  10.9 1004 220  4.9 8  7.0  81    0    0 354 -367  1
3797500 2746500 12  5 19  11.1 1004 220  5.5 7  7.2  88    0    0 351 -367  1
3797500 2746500 12  5 20  11.4 1004 219  5.2 7  7.1  85    0    0 346 -366  1
3797500 2746500 12  5 21  11.6 1004 220  6.1 6  7.0  82    0    0 341 -366  1
3797500 2746500 12  5 22  11.7 1004 227  6.0 7  7.1  82    0    0 342 -364  1
3797500 2746500 12  5 23  11.1 1003 249  4.9 7  7.0  83    0    0 347 -362  1
3797500 2746500 12  5 24  11.2 1004 252  5.8 6  6.7  80    0    0 337 -360  1
3797500 2746500 12  6  1  10.9 1005 236  4.5 7  6.4  77    0    0 335 -359  1
3797500 2746500 12  6  2  10.6 1005 247  4.0 7  6.3  78    0    0 338 -358  1
3797500 2746500 12  6  3  10.6 1005 247  4.5 6  6.3  79    0    0 329 -357  1
3797500 2746500 12  6  4  10.3 1006 250  4.4 8  6.3  79    0    0 333 -356  1
3797500 2746500 12  6  5   9.5 1007 229  3.4 8  6.2  81    0    0 344 -355  1
3797500 2746500 12  6  6   9.4 1006 238  4.1 7  6.1  82    0    0 335 -353  1
3797500 2746500 12  6  7   8.9 1007 229  4.1 6  5.9  82    0    0 323 -348  1
3797500 2746500 12  6  8   9.0 1008 229  4.3 6  5.9  83    0    0 314 -344  1
3797500 2746500 12  6  9   8.9 1008 232  4.5 7  6.0  84    0    8 321 -343  1
3797500 2746500 12  6 10   9.4 1008 233  4.8 7  6.1  84    0   39 328 -346  1
3797500 2746500 12  6 11  10.0 1008 230  4.9 7  6.2  82    0   44 332 -350  1
3797500 2746500 12  6 12   9.4 1008 219  3.2 8  6.5  86    0   35 340 -353  1
3797500 2746500 12  6 13   9.6 1007 210  3.2 8  6.7  90    0   39 347 -355  1
3797500 2746500 12  6 14   9.4 1005 209  4.3 8  6.8  91    0   25 349 -357  1
3797500 2746500 12  6 15   9.6 1004 209  4.2 8  6.8  91    0   25 349 -357  1
3797500 2746500 12  6 16   9.7 1003 217  4.9 8  6.9  92    0   13 349 -358  1
3797500 2746500 12  6 17   9.7 1002 199  3.0 8  7.0  92    0    0 352 -359  1
3797500 2746500 12  6 18   9.6 1001 198  3.6 8  7.1  94    0    0 354 -360  1
3797500 2746500 12  6 19  10.2 1000 209  4.4 8  7.4  95    0    0 358 -361  1
3797500 2746500 12  6 20  10.9  999 229  5.5 8  7.7  95    0    0 361 -362  1
3797500 2746500 12  6 21  11.3  998 229  5.5 8  8.0  96    0    0 366 -364  1
3797500 2746500 12  6 22  11.7  997 219  4.3 8  8.3  96    0    0 367 -366  1
3797500 2746500 12  6 23  12.2  996 228  4.7 8  8.5  96    0    0 370 -368  1
3797500 2746500 12  6 24  12.5  995 219  4.0 8  8.6  94    0    0 371 -370  1
3797500 2746500 12  7  1  12.6  993 218  5.0 8  8.8  95    0    0 372 -371  1
3797500 2746500 12  7  2  12.9  991 228  6.2 8  8.9  95    0    0 373 -372  1
3797500 2746500 12  7  3  13.5  989 228  7.1 8  8.9  92    0    0 376 -372  1
3797500 2746500 12  7  4  13.0  988 229  6.4 8  9.0  92    0    0 375 -372  1
3797500 2746500 12  7  5  13.2  987 227  7.3 8  8.9  92    0    0 374 -372  1
3797500 2746500 12  7  6  13.0  986 228  6.3 8  8.8  91    0    0 373 -372  1
3797500 2746500 12  7  7  13.2  985 240  6.5 7  8.5  88    0    0 364 -372  1
3797500 2746500 12  7  8  12.9  985 253  7.3 6  7.9  82    0    0 349 -370  1
3797500 2746500 12  7  9  11.4  985 255  7.2 6  6.9  76    2   11 337 -369  1
3797500 2746500 12  7 10  11.5  985 246  8.2 2  6.4  74   38   36 307 -367  1
3797500 2746500 12  7 11  10.6  986 260  8.0 7  6.2  74    0   54 310 -365  1
3797500 2746500 12  7 12  10.3  987 231  7.6 5  5.9  72   11   86 321 -363  1
3797500 2746500 12  7 13   8.7  986 240  7.2 7  5.9  77    0   58 314 -362  1
3797500 2746500 12  7 14   8.5  987 274  5.5 6  6.0  84    0   59 314 -360  1
3797500 2746500 12  7 15   8.2  988 262  6.6 6  5.8  83    7   52 305 -358  1
3797500 2746500 12  7 16   8.2  990 261  6.2 7  5.5  79    4   18 309 -356  1
3797500 2746500 12  7 17   7.7  991 228  4.6 7  5.4  80    0    0 311 -353  1
3797500 2746500 12  7 18   8.0  992 247  5.5 8  5.4  80    0    0 314 -349  1
3797500 2746500 12  7 19   8.1  992 252  5.0 7  5.2  76    0    0 313 -346  1
3797500 2746500 12  7 20   7.5  993 231  4.5 6  5.1  76    0    0 300 -345  1
3797500 2746500 12  7 21   7.2  993 224  4.2 4  5.0  77    0    0 283 -344  1
3797500 2746500 12  7 22   6.9  994 236  3.9 5  5.0  78    0    0 277 -342  1
3797500 2746500 12  7 23   6.5  995 231  4.2 6  5.0  80    0    0 285 -341  1
3797500 2746500 12  7 24   6.7  995 268  4.0 7  5.0  80    0    0 294 -341  1
3797500 2746500 12  8  1   6.6  996 242  4.1 6  4.9  80    0    0 294 -341  1
3797500 2746500 12  8  2   6.7  997 241  3.6 6  4.9  79    0    0 288 -341  1
3797500 2746500 12  8  3   6.9  998 246  4.1 8  4.9  78    0    0 300 -340  1
3797500 2746500 12  8  4   6.9  999 248  4.4 8  4.9  78    0    0 311 -338  1
3797500 2746500 12  8  5   6.9  999 249  4.1 7  5.0  79    0    0 308 -337  1
3797500 2746500 12  8  6   6.8 1000 250  3.8 7  5.0  80    0    0 303 -336  1
3797500 2746500 12  8  7   6.7 1000 250  3.4 7  5.0  80    0    0 303 -336  1
3797500 2746500 12  8  8   6.5 1001 236  2.6 7  4.9  80    0    0 301 -336  1
3797500 2746500 12  8  9   6.5 1001 244  4.0 7  4.9  81    0    3 300 -337  1
3797500 2746500 12  8 10   6.3 1002 237  3.8 7  5.0  82    0   23 298 -336  1
3797500 2746500 12  8 11   6.2 1002 226  4.9 7  4.9  82    0   51 295 -336  1
3797500 2746500 12  8 12   6.2 1002 232  3.8 7  4.9  82    7  100 291 -337  1
3797500 2746500 12  8 13   6.4 1002 219  5.6 6  4.8  79    8  106 285 -339  1
3797500 2746500 12  8 14   6.5 1001 219  5.2 7  4.6  76   11  100 285 -339  1
3797500 2746500 12  8 15   6.6 1000 199  3.9 8  4.4  73    5   64 294 -338  1
3797500 2746500 12  8 16   6.5  998 181  3.7 8  4.3  71    4   27 297 -334  1
3797500 2746500 12  8 17   6.3  997 180  4.7 8  4.3  71    0    0 297 -329  1
3797500 2746500 12  8 18   6.3  995 173  4.9 8  4.3  72    0    0 298 -326  1
3797500 2746500 12  8 19   6.0  994 172  5.7 8  4.5  75    0    0 301 -326  1
3797500 2746500 12  8 20   5.0  992 171  6.3 8  4.7  82    0    0 301 -326  1
3797500 2746500 12  8 21   4.7  990 171  7.3 8  4.8  87    0    0 303 -326  1
3797500 2746500 12  8 22   4.5  988 170  7.0 8  4.8  89    0    0 304 -328  1
3797500 2746500 12  8 23   4.7  986 171  5.3 8  4.9  91    0    0 307 -329  1
3797500 2746500 12  8 24   5.7  984 183  4.4 7  5.0  88    0    0 308 -330  1
3797500 2746500 12  9  1   5.6  983 171  4.3 8  5.1  87    0    0 313 -330  1
3797500 2746500 12  9  2   6.0  982 182  4.1 8  5.3  89    0    0 321 -328  1
3797500 2746500 12  9  3   6.8  981 183  4.0 8  5.5  90    0    0 326 -328  1
3797500 2746500 12  9  4   7.5  981 205  4.0 7  5.8  89    0    0 327 -330  1
3797500 2746500 12  9  5   8.2  981 223  4.4 7  6.0  88    0    0 328 -332  1
3797500 2746500 12  9  6   8.5  980 229  4.6 8  6.2  87    0    0 336 -335  1
3797500 2746500 12  9  7   8.6  981 228  4.3 6  6.1  86    0    0 332 -339  1
3797500 2746500 12  9  8   7.9  981 240  3.7 6  6.0  85    0    0 321 -344  1
3797500 2746500 12  9  9   7.7  982 230  4.0 5  5.8  85    0   10 310 -347  1
3797500 2746500 12  9 10   7.5  982 229  3.9 3  5.7  85   42   44 290 -349  1
3797500 2746500 12  9 11   8.1  983 228  4.5 4  5.7  84   49   76 279 -349  1
3797500 2746500 12  9 12   8.6  983 229  4.5 4  5.7  80   87   91 284 -350  1
3797500 2746500 12  9 13   8.6  983 220  4.3 6  5.6  78   14   98 294 -350  1
3797500 2746500 12  9 14   8.6  983 227  3.7 7  5.4  76    0   53 313 -350  1
3797500 2746500 12  9 15   8.5  983 228  4.9 7  5.3  75    4   53 318 -349  1
3797500 2746500 12  9 16   8.0  983 218  3.9 6  5.2  75   25   25 310 -347  1
3797500 2746500 12  9 17   7.5  983 201  2.7 3  5.0  73    0    0 284 -345  1
3797500 2746500 12  9 18   7.3  983 172  3.8 3  4.8  72    0    0 261 -344  1
3797500 2746500 12  9 19   7.2  982 173  5.0 4  4.7  72    0    0 263 -341  1
3797500 2746500 12  9 20   7.2  982 163  5.0 5  4.8  74    0    0 277 -338  1
3797500 2746500 12  9 21   7.4  981 160  5.6 6  5.0  76    0    0 291 -338  1
3797500 2746500 12  9 22   7.6  981 159  5.2 6  5.1  76    0    0 300 -338  1
3797500 2746500 12  9 23   6.8  981 159  5.5 6  5.2  80    0    0 300 -338  1
3797500 2746500 12  9 24   6.6  981 160  5.7 6  5.4  85    0    0 298 -338  1
3797500 2746500 12 10  1   6.3  981 171  4.4 8  5.4  87    0    0 312 -337  1
3797500 2746500 12 10  2   6.2  981 161  4.2 8  5.3  87    0    0 326 -336  1
3797500 2746500 12 10  3   6.3  981 170  3.0 8  5.4  88    0    0 327 -336  1
3797500 2746500 12 10  4   6.4  981 171  2.6 8  5.5  88    0    0 328 -336  1
3797500 2746500 12 10  5   6.6  981 171  2.3 8  5.5  89    0    0 329 -337  1
3797500 2746500 12 10  6   6.6  982 173  1.7 8  5.6  90    0    0 331 -337  1
3797500 2746500 12 10  7   6.5  983 196  1.2 8  5.7  91    0    0 331 -337  1
3797500 2746500 12 10  8   6.6  984 186  1.0 8  5.7  92    0    0 332 -338  1
3797500 2746500 12 10  9   6.6  985 224  1.0 8  5.9  94    0    9 332 -338  1
3797500 2746500 12 10 10   6.9  986 296  1.5 8  6.0  96    0   21 333 -339  1
3797500 2746500 12 10 11   7.0  988 342  2.3 8  6.1  96    0   30 334 -340  1
3797500 2746500 12 10 12   6.4  989 347  2.9 8  6.0  95    0   29 333 -342  1
3797500 2746500 12 10 13   6.4  990 353  3.8 8  5.8  94    0   24 331 -343  1
3797500 2746500 12 10 14   6.2  992 356  3.6 8  5.6  93    0   44 329 -346  1
3797500 2746500 12 10 15   6.4  993 352  3.1 8  5.5  90    0   30 329 -348  1
3797500 2746500 12 10 16   6.3  995 331  3.4 8  5.4  90    0    5 330 -347  1
3797500 2746500 12 10 17   6.3  996 328  3.6 8  5.4  90    0    0 330 -345  1
3797500 2746500 12 10 18   6.4  998 336  4.1 7  5.4  89    0    0 323 -344  1
3797500 2746500 12 10 19   6.5  999 327  3.8 8  5.3  87    0    0 323 -343  1
3797500 2746500 12 10 20   6.7 1000 317  2.7 7  5.3  86    0    0 324 -342  1
3797500 2746500 12 10 21   6.5 1002 328  2.8 6  5.3  86    0    0 309 -342  1
3797500 2746500 12 10 22   6.4 1003 335  2.8 7  5.3  87    0    0 309 -341  1
3797500 2746500 12 10 23   6.0 1004 338  2.8 7  5.2  88    0    0 316 -341  1
3797500 2746500 12 10 24   6.0 1005 344  3.1 8  5.2  88    0    0 322 -339  1
3797500 2746500 12 11  1   5.9 1006 324  2.6 7  5.2  88    0    0 322 -338  1
3797500 2746500 12 11  2   6.0 1007 328  2.6 7  5.2  90    0    0 316 -338  1
3797500 2746500 12 11  3   5.9 1008 326  3.5 7  5.3  91    0    0 317 -338  1
3797500 2746500 12 11  4   6.1 1009 334  3.6 8  5.3  91    0    0 324 -337  1
3797500 2746500 12 11  5   6.2 1010 327  3.2 8  5.3  90    0    0 330 -335  1
3797500 2746500 12 11  6   6.3 1010 335  3.7 7  5.2  88    0    0 323 -333  1
3797500 2746500 12 11  7   6.1 1011 325  4.6 7  5.0  85    0    0 316 -332  1
3797500 2746500 12 11  8   5.7 1012 322  4.2 7  4.8  83    0    0 315 -330  1
3797500 2746500 12 11  9   5.6 1013 325  4.4 6  4.7  82    0    6 308 -329  1
3797500 2746500 12 11 10   5.3 1014 325  3.9 7  4.6  83    3   36 307 -330  1
3797500 2746500 12 11 11   5.3 1015 340  3.9 8  4.6  84    0   39 321 -333  1
3797500 2746500 12 11 12   5.5 1016 338  3.9 8  4.6  83    3   77 328 -334  1
3797500 2746500 12 11 13   6.0 1016 344  3.9 7  4.6  81   39   79 322 -336  1
3797500 2746500 12 11 14   6.2 1017 336  3.8 7  4.6  80   13   71 314 -338  1
3797500 2746500 12 11 15   6.3 1017 338  3.5 7  4.6  78   19   48 312 -339  1
3797500 2746500 12 11 16   6.2 1018 337  2.9 6  4.6  77    3   17 304 -338  1
3797500 2746500 12 11 17   5.8 1019 343  2.7 7  4.7  80    0    0 303 -333  1
3797500 2746500 12 11 18   5.4 1019 326  2.9 6  4.7  84    0    0 302 -327  1
3797500 2746500 12 11 19   5.2 1020 321  2.0 7  4.8  87    0    0 302 -325  1
3797500 2746500 12 11 20   4.9 1021 330  2.7 7  4.8  88    0    0 306 -322  1
3797500 2746500 12 11 21   4.3 1022 328  2.6 6  4.7  89    0    0 299 -319  1
3797500 2746500 12 11 22   3.7 1022 332  2.3 5  4.5  90    0    0 286 -317  1
3797500 2746500 12 11 23   3.5 1023 328  1.9 4  4.5  92    0    0 275 -316  1
3797500 2746500 12 11 24   3.4 1024 331  2.0 4  4.5  94    0    0 271 -316  1
3797500 2746500 12 12  1   3.1 1024  20  1.2 7  4.5  96    0    0 287 -316  1
3797500 2746500 12 12  2   3.5 1025 321  2.1 7  4.5  95    0    0 305 -316  1
3797500 2746500 12 12  3   3.4 1025 340  1.9 7  4.5  94    0    0 306 -315  1
3797500 2746500 12 12  4   3.6 1026 354  1.5 7  4.6  96    0    0 307 -313  1
3797500 2746500 12 12  5   3.9 1026 357  2.0 8  4.7  95    0    0 313 -312  1
3797500 2746500 12 12  6   4.2 1027  18  2.6 8  4.8  95    0    0 319 -312  1
3797500 2746500 12 12  7   3.9 1027  16  2.6 8  4.9  97    0    0 319 -312  1
3797500 2746500 12 12  8   3.5 1027  38  1.8 8  4.7  96    0    0 319 -313  1
3797500 2746500 12 12  9   3.8 1028  15  2.6 7  4.6  94    0    0 314 -315  1
3797500 2746500 12 12 10   5.0 1029  18  2.9 6  4.5  87    7   45 305 -315  1
3797500 2746500 12 12 11   5.3 1029  29  2.4 6  4.3  80    0   59 301 -316  1
3797500 2746500 12 12 12   5.7 1030   9  1.9 6  4.3  77    0   67 303 -316  1
3797500 2746500 12 12 13   6.2 1030   2  2.1 7  4.3  75    0   71 309 -319  1
3797500 2746500 12 12 14   6.3 1030  11  2.3 7  4.3  73    0   63 315 -325  1
3797500 2746500 12 12 15   6.3 1031  22  1.4 7  4.3  73    0   40 315 -327  1
3797500 2746500 12 12 16   6.2 1031  12  2.8 8  4.4  76    0   13 320 -327  1
3797500 2746500 12 12 17   6.0 1031  18  3.0 7  4.5  79    0    0 320 -326  1
3797500 2746500 12 12 18   5.7 1032  21  1.9 7  4.6  81    0    0 316 -325  1
3797500 2746500 12 12 19   5.6 1032   5  2.5 8  4.7  84    0    0 322 -325  1
3797500 2746500 12 12 20   5.4 1032  40  1.9 8  4.7  85    0    0 327 -325  1
3797500 2746500 12 12 21   5.3 1033  32  2.9 7  4.7  85    0    0 319 -326  1
3797500 2746500 12 12 22   4.8 1033  43  2.6 7  4.6  86    0    0 313 -326  1
3797500 2746500 12 12 23   3.6 1033  28  2.1 6  4.4  88    0    0 303 -327  1
3797500 2746500 12 12 24   3.0 1033  49  2.4 5  4.2  89    0    0 288 -328  1
3797500 2746500 12 13  1   2.4 1034  42  2.0 3  4.0  88    0    0 270 -328  1
3797500 2746500 12 13  2   2.1 1034  43  2.1 3  3.9  90    0    0 257 -328  1
3797500 2746500 12 13  3   3.0 1034  43  2.0 7  4.0  90    0    0 280 -329  1
3797500 2746500 12 13  4   3.1 1034  50  1.5 7  4.1  89    0    0 302 -328  1
3797500 2746500 12 13  5   3.2 1034  56  2.4 7  4.1  88    0    0 300 -327  1
3797500 2746500 12 13  6   3.2 1034  73  2.4 6  4.1  89    0    0 294 -327  1
3797500 2746500 12 13  7   3.6 1034  68  2.3 7  4.2  88    0    0 294 -326  1
3797500 2746500 12 13  8   3.4 1034  74  2.1 7  4.2  88    0    0 298 -322  1
3797500 2746500 12 13  9   3.1 1035  94  1.6 8  4.2  90    0    2 303 -321  1
3797500 2746500 12 13 10   4.2 1035  65  2.1 6  4.3  89    9   46 298 -321  1
3797500 2746500 12 13 11   4.7 1035  64  2.2 7  4.4  86   11   77 295 -322  1
3797500 2746500 12 13 12   4.8 1035  91  2.6 7  4.3  83   11   96 299 -325  1
3797500 2746500 12 13 13   5.5 1035 112  2.3 4  4.2  79   76  112 285 -329  1
3797500 2746500 12 13 14   5.8 1035  46  2.3 2  4.2  76  109   87 263 -332  1
3797500 2746500 12 13 15   6.3 1034  65  1.9 0  4.2  73   80   66 244 -332  1
3797500 2746500 12 13 16   5.7 1034  60  2.1 2  4.1  72   22   29 243 -330  1
3797500 2746500 12 13 17   4.2 1034  58  1.9 3  3.9  74    0    0 251 -325  1
3797500 2746500 12 13 18   4.0 1035  65  1.8 3  3.7  75    0    0 250 -320  1
3797500 2746500 12 13 19   3.5 1035  68  1.9 4  3.6  75    0    0 252 -317  1
3797500 2746500 12 13 20   2.9 1035  55  1.5 4  3.5  76    0    0 253 -316  1
3797500 2746500 12 13 21   2.7 1035  54  1.7 2  3.5  77    0    0 245 -316  1
3797500 2746500 12 13 22   2.6 1035  80  2.1 3  3.4  76    0    0 242 -316  1
3797500 2746500 12 13 23   2.2 1035  88  1.3 2  3.3  75    0    0 242 -316  1
3797500 2746500 12 13 24   1.8 1035  94  1.1 3  3.3  76    0    0 241 -315  1
3797500 2746500 12 14  1   1.5 1034  76  1.5 4  3.3  78    0    0 249 -315  1
3797500 2746500 12 14  2   2.2 1034  93  1.2 5  3.3  79    0    0 257 -315  1
3797500 2746500 12 14  3   2.0 1035  57  1.3 5  3.4  78    0    0 261 -315  1
3797500 2746500 12 14  4   3.0 1034  50  1.5 7  3.3  74    0    0 270 -315  1
3797500 2746500 12 14  5   2.4 1034  53  2.0 7  3.3  73    0    0 278 -315  1
3797500 2746500 12 14  6   2.9 1034  67  1.8 7  3.2  71    0    0 278 -315  1
3797500 2746500 12 14  7   3.2 1034  59  2.1 7  3.1  68    0    0 279 -315  1
3797500 2746500 12 14  8   2.7 1034  68  1.9 7  3.1  68    0    0 279 -316  1
3797500 2746500 12 14  9   2.8 1034  77  1.9 8  3.1  69    0    2 284 -316  1
3797500 2746500 12 14 10   3.0 1034  66  1.9 7  3.1  68    0   16 285 -316  1
3797500 2746500 12 14 11   2.9 1034  68  2.1 8  3.1  68    0   25 287 -317  1
3797500 2746500 12 14 12   3.1 1034  90  2.8 8  3.1  68    0   35 292 -321  1
3797500 2746500 12 14 13   3.1 1033  78  3.4 7  3.0  66    0   54 288 -326  1
3797500 2746500 12 14 14   3.1 1033  76  3.9 7  3.0  64    0   63 283 -328  1
3797500 2746500 12 14 15   3.0 1033  88  3.3 7  2.9  64    0   36 282 -329  1
3797500 2746500 12 14 16   2.8 1032  88  2.6 7  3.0  65    0    9 279 -329  1
3797500 2746500 12 14 17   2.8 1032  90  2.5 7  2.9  65    0    0 277 -327  1
3797500 2746500 12 14 18   2.5 1032  79  2.0 7  2.9  65    0    0 274 -325  1
3797500 2746500 12 14 19   2.7 1032  81  2.0 7  3.0  66    0    0 272 -324  1
3797500 2746500 12 14 20   3.0 1032  71  2.0 8  3.0  66    0    0 276 -324  1
3797500 2746500 12 14 21   2.9 1032  61  2.7 7  3.1  68    0    0 275 -321  1
3797500 2746500 12 14 22   3.2 1032  68  2.2 8  3.2  69    0    0 275 -319  1
3797500 2746500 12 14 23   2.7 1032  67  2.3 8  3.2  70    0    0 279 -318  1
3797500 2746500 12 14 24   2.0 1031  69  2.4 7  3.2  74    0    0 274 -317  1
3797500 2746500 12 15  1   2.0 1031  76  2.4 4  3.3  77    0    0 255 -316  1
3797500 2746500 12 15  2   1.4 1031  74  1.9 3  3.4  80    0    0 235 -317  1
3797500 2746500 12 15  3   1.5 1031  57  2.0 4  3.4  82    0    0 236 -318  1
3797500 2746500 12 15  4   1.7 1031  61  2.0 7  3.5  82    0    0 258 -319  1
3797500 2746500 12 15  5   1.7 1031  58  1.5 8  3.5  83    0    0 279 -320  1
3797500 2746500 12 15  6   1.7 1031  87  1.4 6  3.5  83    0    0 276 -321  1
3797500 2746500 12 15  7   1.2 1031  69  1.1 5  3.5  85    0    0 265 -321  1
3797500 2746500 12 15  8   1.0 1031  69  1.2 5  3.5  87    0    0 262 -321  1
3797500 2746500 12 15  9   1.2 1031  68  1.1 6  3.6  88    0    2 268 -321  1
3797500 2746500 12 15 10   1.3 1031  86  0.7 6  3.6  88    0   28 275 -321  1
3797500 2746500 12 15 11   2.0 1032  90  1.2 7  3.7  87    0   48 281 -323  1
3797500 2746500 12 15 12   2.5 1032  63  1.8 6  3.7  84   12  111 281 -324  1
3797500 2746500 12 15 13   2.9 1031  83  2.1 7  3.7  81    1   83 281 -326  1
3797500 2746500 12 15 14   2.8 1031  86  2.6 7  3.5  77    0   51 284 -325  1
3797500 2746500 12 15 15   2.6 1031  73  3.0 7  3.4  74    0   30 282 -324  1
3797500 2746500 12 15 16   2.5 1031  72  3.1 8  3.2  71    0   10 285 -321  1
3797500 2746500 12 15 17   2.3 1030  70  2.9 6  3.0  67    0    0 277 -317  1
3797500 2746500 12 15 18   2.0 1030  78  2.4 6  2.9  66    0    0 265 -316  1
3797500 2746500 12 15 19   1.8 1030  80  2.9 7  2.8  66    0    0 268 -315  1
3797500 2746500 12 15 20   1.5 1031  97  2.3 6  2.8  66    0    0 268 -313  1
3797500 2746500 12 15 21   0.7 1031 119  2.7 6  2.7  67    0    0 264 -311  1
3797500 2746500 12 15 22  -0.2 1031 102  1.2 4  2.5  67    0    0 252 -311  1
3797500 2746500 12 15 23  -0.7 1031  78  0.9 4  2.5  68    0    0 240 -310  1
3797500 2746500 12 15 24  -1.0 1031  87  1.1 0  2.5  70    0    0 222 -310  1
3797500 2746500 12 16  1  -1.5 1031  78  1.4 0  2.5  74    0    0 204 -310  1
3797500 2746500 12 16  2  -1.6 1031  77  1.6 0  2.6  77    0    0 203 -309  1
3797500 2746500 12 16  3  -1.8 1031  87  1.7 0  2.6  80    0    0 202 -309  1
3797500 2746500 12 16  4  -1.9 1031  79  1.7 0  2.6  81    0    0 201 -307  1
3797500 2746500 12 16  5  -2.0 1031  70  1.8 0  2.6  82    0    0 200 -305  1
3797500 2746500 12 16  6  -2.1 1031  79  1.0 0  2.7  83    0    0 199 -303  1
3797500 2746500 12 16  7  -1.9 1031  79  1.2 0  2.7  83    0    0 197 -302  1
3797500 2746500 12 16  8  -1.9 1031  71  1.1 0  2.7  82    0    0 196 -301  1
3797500 2746500 12 16  9  -1.9 1031  81  1.1 1  2.7  83    0    8 198 -300  1
3797500 2746500 12 16 10  -1.2 1032  81  1.3 2  2.7  82   31   41 204 -301  1
3797500 2746500 12 16 11   0.0 1032  79  1.7 1  2.8  79  100   60 205 -303  1
3797500 2746500 12 16 12   1.0 1033  50  1.7 1  2.8  73  156   63 204 -307  1
3797500 2746500 12 16 13   2.0 1033  67  1.8 1  2.8  68  174   61 206 -310  1
3797500 2746500 12 16 14   2.5 1032  66  2.4 1  2.8  64  155   56 208 -312  1
3797500 2746500 12 16 15   3.0 1032  49  2.7 1  2.7  60   97   47 210 -313  1
3797500 2746500 12 16 16   2.4 1031  50  2.1 2  2.7  60   28   22 215 -312  1
3797500 2746500 12 16 17   1.1 1031  50  1.9 1  2.7  65    0    0 216 -310  1
3797500 2746500 12 16 18   0.9 1031  57  2.6 1  2.8  69    0    0 214 -309  1
3797500 2746500 12 16 19   0.7 1032  58  2.8 2  2.8  70    0    0 220 -308  1
3797500 2746500 12 16 20   0.7 1032  65  2.9 4  2.8  71    0    0 234 -308  1
3797500 2746500 12 16 21   0.6 1032  69  2.9 4  2.8  72    0    0 257 -308  1
3797500 2746500 12 16 22   0.4 1032  71  2.7 4  2.8  73    0    0 260 -307  1
3797500 2746500 12 16 23   0.7 1032 102  2.5 4  3.1  77    0    0 239 -306  1
3797500 2746500 12 16 24   1.3 1032 144  2.3 3  3.5  82    0    0 225 -306  1
3797500 2746500 12 17  1   2.0  985 194  2.2 4  4.0  88    0    0 282 -326  1
3797500 2746500 12 17  2   2.7  986 233  1.9 6  4.4  93    0    0 284 -325  1
3797500 2746500 12 17  3   3.3  987 268  1.9 7  4.7  96    0    0 293 -324  1
3797500 2746500 12 17  4   3.3  988 272  1.8 7  4.7  95    0    0 294 -323  1
3797500 2746500 12 17  5   3.2  989 279  2.1 6  4.6  94    0    0 293 -323  1
3797500 2746500 12 17  6   2.8  990 281  1.6 5  4.5  92    0    0 279 -323  1
3797500 2746500 12 17  7   2.9  991 291  1.9 3  4.4  93    0    0 254 -323  1
3797500 2746500 12 17  8   2.9  992 279  1.2 2  4.4  92    0    0 235 -323  1
3797500 2746500 12 17  9   2.4  993 260  2.3 3  4.2  90    0    7 233 -324  1
3797500 2746500 12 17 10   3.2  995 261  2.2 4  4.1  88   19   48 245 -324  1
3797500 2746500 12 17 11   4.4  995 261  2.4 3  4.2  83   57   91 247 -326  1
3797500 2746500 12 17 12   5.1  996 252  3.1 4  4.4  81   40  112 251 -327  1
3797500 2746500 12 17 13   6.2  997 259  2.9 7  4.5  78    2   81 277 -327  1
3797500 2746500 12 17 14   6.5  997 273  3.3 4  4.6  75   38  102 279 -327  1
3797500 2746500 12 17 15   5.4  997 250  3.3 5  4.5  77   17   68 267 -327  1
3797500 2746500 12 17 16   4.8  998 262  2.3 6  4.6  82    2   20 274 -326  1
3797500 2746500 12 17 17   4.4  998 249  2.7 7  4.5  84    0    0 283 -324  1
3797500 2746500 12 17 18   4.1  999 239  2.9 7  4.3  82    0    0 287 -323  1
3797500 2746500 12 17 19   3.3  999 224  2.8 6  4.1  81    0    0 281 -323  1
3797500 2746500 12 17 20   3.7  999 231  3.1 6  4.0  82    0    0 277 -323  1
3797500 2746500 12 17 21   3.7  999 228  3.7 7  4.2  85    0    0 287 -323  1
3797500 2746500 12 17 22   3.9  999 219  3.7 6  4.3  85    0    0 288 -323  1
3797500 2746500 12 17 23   4.0  999 229  3.9 7  4.3  83    0    0 287 -323  1
3797500 2746500 12 17 24   3.6  998 240  4.1 8  4.3  85    0    0 296 -323  1
3797500 2746500 12 18  1   2.1  998 240  3.6 7  4.2  90    0    0 291 -321  1
3797500 2746500 12 18  2   2.4  999 251  3.2 7  4.2  92    0    0 284 -319  1
3797500 2746500 12 18  3   2.3  999 229  2.9 7  4.3  93    0    0 285 -317  1
3797500 2746500 12 18  4   2.5  999 237  2.7 8  4.3  93    0    0 291 -316  1
3797500 2746500 12 18  5   2.8  999 246  2.7 8  4.4  94    0    0 297 -316  1
3797500 2746500 12 18  6   2.5  999 259  1.7 8  4.4  95    0    0 298 -316  1
3797500 2746500 12 18  7   1.6  999 268  1.1 6  4.2  94    0    0 288 -317  1
3797500 2746500 12 18  8   1.3 1000 247  1.6 5  4.0  93    0    0 271 -318  1
3797500 2746500 12 18  9   1.5 1001 250  0.8 7  4.0  94    0    0 276 -318  1
3797500 2746500 12 18 10   1.8 1001 250  1.4 5  4.1  94    8   42 276 -317  1
3797500 2746500 12 18 11   1.9 1002 235  1.3 4  4.1  93   36   87 257 -317  1
3797500 2746500 12 18 12   3.1 1003 250  2.1 3  4.2  91   62  114 246 -318  1
3797500 2746500 12 18 13   4.2 1003 278  2.3 3  4.3  86   76  119 242 -321  1
3797500 2746500 12 18 14   4.4 1003 278  2.7 2  4.1  79   62  106 238 -321  1
3797500 2746500 12 18 15   4.3 1004 278  2.7 7  4.0  77    4   55 260 -322  1
3797500 2746500 12 18 16   3.8 1004 254  3.7 6  4.1  81    0    4 280 -322  1
3797500 2746500 12 18 17   2.3 1005 277  2.4 7  4.1  87    0    0 277 -321  1
3797500 2746500 12 18 18   1.7 1005 263  1.9 6  4.0  90    0    0 270 -319  1
3797500 2746500 12 18 19   1.5 1006 220  2.6 6  3.9  91    0    0 263 -317  1
3797500 2746500 12 18 20   1.6 1006 231  3.9 6  3.9  92    0    0 265 -317  1
3797500 2746500 12 18 21   1.5 1006 230  3.4 7  3.9  92    0    0 272 -316  1
3797500 2746500 12 18 22   1.8 1007 228  3.0 7  3.9  90    0    0 278 -316  1
3797500 2746500 12 18 23   1.8 1007 240  3.3 7  3.9  89    0    0 279 -316  1
3797500 2746500 12 18 24   1.8 1007 222  3.4 8  3.9  89    0    0 283 -317  1
3797500 2746500 12 19  1   2.0 1008 224  2.9 8  3.9  88    0    0 286 -316  1
3797500 2746500 12 19  2   1.6 1008 224  3.1 8  3.8  88    0    0 285 -316  1
3797500 2746500 12 19  3   1.7 1008 230  3.0 8  3.8  89    0    0 286 -316  1
3797500 2746500 12 19  4   1.7 1008 233  2.6 8  3.8  89    0    0 287 -317  1
3797500 2746500 12 19  5   1.7 1008 248  2.7 7  3.8  89    0    0 284 -317  1
3797500 2746500 12 19  6   1.8 1008 224  3.2 7  3.9  89    0    0 281 -317  1
3797500 2746500 12 19  7   1.6 1009 240  2.8 7  3.9  90    0    0 283 -317  1
3797500 2746500 12 19  8   1.8 1009 239  3.2 7  3.9  91    0    0 285 -316  1
3797500 2746500 12 19  9   1.9 1010 241  3.3 7  4.0  91    0    3 287 -316  1
3797500 2746500 12 19 10   1.9 1010 241  3.0 7  4.0  92    0   17 289 -316  1
3797500 2746500 12 19 11   2.1 1011 234  2.4 7  4.1  93    0   50 290 -317  1
3797500 2746500 12 19 12   2.1 1011 222  2.6 8  4.1  93    0   40 294 -318  1
3797500 2746500 12 19 13   2.4 1011 230  2.8 6  4.1  93    0   53 288 -319  1
3797500 2746500 12 19 14   2.7 1011 211  2.3 6  4.1  91    7   68 275 -320  1
3797500 2746500 12 19 15   3.0 1011 219  2.9 6  4.1  89   36   40 275 -319  1
3797500 2746500 12 19 16   2.9 1010 220  3.2 7  4.1  87   21   13 279 -317  1
3797500 2746500 12 19 17   2.8 1010 220  2.9 7  4.0  86    0    0 284 -316  1
3797500 2746500 12 19 18   2.6 1010 200  3.0 7  3.9  85    0    0 284 -315  1
3797500 2746500 12 19 19   2.6 1010 203  3.0 7  3.8  83    0    0 284 -314  1
3797500 2746500 12 19 20   2.7 1009 203  3.5 7  3.7  80    0    0 285 -313  1
3797500 2746500 12 19 21   2.6 1009 213  3.7 8  3.6  78    0    0 293 -314  1
3797500 2746500 12 19 22   2.5 1008 214  3.5 8  3.6  78    0    0 300 -315  1
3797500 2746500 12 19 23   1.0 1007 186  3.0 8  3.6  83    0    0 302 -315  1
3797500 2746500 12 19 24   1.1 1006 176  4.0 8  3.7  90    0    0 303 -316  1
3797500 2746500 12 20  1   0.9 1005 175  5.0 7  3.8  91    0    0 301 -316  1
3797500 2746500 12 20  2   0.7 1004 175  4.6 7  3.8  93    0    0 299 -316  1
3797500 2746500 12 20  3   0.7 1003 175  5.2 7  3.7  93    0    0 300 -316  1
3797500 2746500 12 20  4   0.7 1002 182  4.8 8  3.8  94    0    0 307 -316  1
3797500 2746500 12 20  5   0.8 1001 181  4.2 8  3.8  95    0    0 314 -316  1
3797500 2746500 12 20  6   0.9 1000 177  3.5 8  3.9  96    0    0 315 -316  1
3797500 2746500 12 20  7   1.2  999 177  3.1 8  3.9  95    0    0 317 -318  1
3797500 2746500 12 20  8   1.4  999 197  2.9 7  4.0  94    0    0 315 -321  1
3797500 2746500 12 20  9   1.6  999 187  2.2 8  4.0  94    0    1 316 -326  1
3797500 2746500 12 20 10   1.7  999 188  2.1 7  4.1  95    0   21 317 -329  1
3797500 2746500 12 20 11   2.7  999 208  2.0 8  4.3  95    0   20 317 -332  1
3797500 2746500 12 20 12   3.3 1000 255  1.7 8  4.5  94    0   32 321 -334  1
3797500 2746500 12 20 13   4.2 1000 242  1.7 8  4.8  95    0   73 321 -335  1
3797500 2746500 12 20 14   4.5 1000 250  1.8 7  5.0  94    3   77 314 -336  1
3797500 2746500 12 20 15   5.2 1001 245  1.8 5  5.1  94    8   65 289 -335  1
3797500 2746500 12 20 16   5.5 1001 257  2.1 8  5.2  93    2   23 295 -334  1
3797500 2746500 12 20 17   5.5 1002 251  3.1 8  5.1  89    0    0 318 -332  1
3797500 2746500 12 20 18   5.4 1003 260  3.7 7  4.8  86    0    0 306 -328  1
3797500 2746500 12 20 19   5.6 1004 269  2.7 8  4.8  85    0    0 303 -326  1
3797500 2746500 12 20 20   5.6 1005 268  2.9 8  4.8  85    0    0 308 -325  1
3797500 2746500 12 20 21   5.6 1006 279  2.8 8  4.8  84    0    0 306 -323  1
3797500 2746500 12 20 22   5.1 1006 267  2.5 7  4.7  84    0    0 297 -322  1
3797500 2746500 12 20 23   5.0 1007 268  2.8 7  4.6  84    0    0 292 -321  1
3797500 2746500 12 20 24   4.7 1008 249  2.3 7  4.5  84    0    0 293 -320  1
3797500 2746500 12 21  1   4.3 1008 260  2.1 8  4.5  85    0    0 299 -320  1
3797500 2746500 12 21  2   4.5 1008 252  1.9 8  4.5  86    0    0 308 -320  1
3797500 2746500 12 21  3   4.3 1009 249  2.6 8  4.5  86    0    0 310 -321  1
3797500 2746500 12 21  4   4.5 1009 250  2.9 8  4.5  87    0    0 312 -322  1
3797500 2746500 12 21  5   4.4 1009 241  2.7 8  4.5  87    0    0 314 -323  1
3797500 2746500 12 21  6   3.9 1009 227  2.1 7  4.5  88    0    0 307 -323  1
3797500 2746500 12 21  7   3.7 1009 227  2.1 8  4.5  90    0    0 307 -323  1
3797500 2746500 12 21  8   3.9 1009 229  2.2 7  4.5  90    0    0 308 -323  1
3797500 2746500 12 21  9   4.0 1009 233  2.3 8  4.5  89    0    1 310 -323  1
3797500 2746500 12 21 10   4.3 1010 235  2.8 8  4.6  90    0   23 319 -324  1
3797500 2746500 12 21 11   4.5 1010 240  3.2 8  4.7  91    0   21 321 -325  1
3797500 2746500 12 21 12   4.6 1010 231  2.6 8  4.9  94    0   32 323 -327  1
3797500 2746500 12 21 13   4.8 1010 226  2.5 6  5.0  94    0   58 312 -329  1
3797500 2746500 12 21 14   4.8 1010 241  2.3 6  5.0  94    0   60 301 -331  1
3797500 2746500 12 21 15   5.1 1010 244  2.1 8  5.1  93    0   26 312 -333  1
3797500 2746500 12 21 16   5.1 1010 239  2.1 7  5.1  92    0   18 319 -333  1
3797500 2746500 12 21 17   5.1 1010 232  1.1 7  5.1  93    0    0 313 -332  1
3797500 2746500 12 21 18   5.1 1011 234  1.4 8  5.1  93    0    0 319 -331  1
3797500 2746500 12 21 19   5.1 1011 240  1.0 8  5.1  93    0    0 325 -330  1
3797500 2746500 12 21 20   4.9 1012 222  0.9 8  5.1  94    0    0 322 -328  1
3797500 2746500 12 21 21   5.0 1012 241  1.3 8  5.1  95    0    0 321 -328  1
3797500 2746500 12 21 22   4.8 1013 231  1.4 8  5.1  95    0    0 321 -328  1
3797500 2746500 12 21 23   5.0 1013 221  1.6 7  5.1  96    0    0 316 -328  1
3797500 2746500 12 21 24   5.1 1013 213  1.3 7  5.2  95    0    0 312 -328  1
3797500 2746500 12 22  1   5.0 1013 204  1.6 8  5.2  95    0    0 319 -329  1
3797500 2746500 12 22  2   5.0 1014 184  1.4 8  5.2  95    0    0 325 -330  1
3797500 2746500 12 22  3   5.1 1014 203  1.9 8  5.2  95    0    0 326 -331  1
3797500 2746500 12 22  4   5.3 1014 203  2.3 8  5.2  95    0    0 328 -332  1
3797500 2746500 12 22  5   5.4 1014 201  2.5 8  5.3  95    0    0 330 -333  1
3797500 2746500 12 22  6   5.5 1013 200  2.6 7  5.3  95    0    0 327 -334  1
3797500 2746500 12 22  7   5.9 1013 198  3.1 8  5.4  96    0    0 329 -336  1
3797500 2746500 12 22  8   6.0 1013 209  2.9 8  5.5  95    0    0 337 -339  1
3797500 2746500 12 22  9   6.5 1013 211  3.0 8  5.7  96    0    0 340 -343  1
3797500 2746500 12 22 10   7.2 1013 208  2.5 8  5.9  96    0    9 344 -346  1
3797500 2746500 12 22 11   8.3 1013 240  2.8 8  6.3  95    0   14 348 -348  1
3797500 2746500 12 22 12   9.0 1013 268  2.2 8  6.7  96    0   22 351 -350  1
3797500 2746500 12 22 13   9.2 1014 276  2.2 8  6.9  96    0   24 354 -352  1
3797500 2746500 12 22 14   9.4 1014 286  2.2 8  7.0  96    0   33 355 -353  1
3797500 2746500 12 22 15   9.5 1014 285  2.8 8  7.1  96    0   25 355 -353  1
3797500 2746500 12 22 16   9.5 1014 278  2.2 8  7.1  96    0   18 355 -354  1
3797500 2746500 12 22 17   9.5 1015 268  2.0 8  7.1  96    0    0 354 -354  1
3797500 2746500 12 22 18   9.5 1015 267  1.7 8  7.0  94    0    0 354 -354  1
3797500 2746500 12 22 19   9.5 1015 269  1.8 8  6.9  94    0    0 354 -354  1
3797500 2746500 12 22 20   9.4 1016 278  1.8 8  6.9  94    0    0 354 -354  1
3797500 2746500 12 22 21   9.4 1016 269  2.0 8  6.9  94    0    0 354 -353  1
3797500 2746500 12 22 22   9.3 1017 260  2.8 8  6.9  94    0    0 354 -353  1
3797500 2746500 12 22 23   9.3 1017 240  2.3 8  6.9  94    0    0 354 -352  1
3797500 2746500 12 22 24   9.3 1017 243  3.1 8  6.8  94    0    0 353 -352  1
3797500 2746500 12 23  1   9.1 1017 240  2.5 8  6.9  95    0    0 353 -351  1
3797500 2746500 12 23  2   9.1 1017 241  3.2 8  6.9  97    0    0 353 -351  1
3797500 2746500 12 23  3   9.2 1017 238  3.6 8  6.9  96    0    0 353 -350  1
3797500 2746500 12 23  4   9.0 1017 231  2.6 7  6.8  95    0    0 347 -349  1
3797500 2746500 12 23  5   9.1 1017 221  3.6 7  6.8  95    0    0 342 -349  1
3797500 2746500 12 23  6   9.1 1016 230  3.1 8  6.7  94    0    0 347 -349  1
3797500 2746500 12 23  7   9.1 1016 221  3.1 8  6.7  93    0    0 353 -349  1
3797500 2746500 12 23  8   9.0 1016 239  2.9 8  6.6  92    0    0 352 -350  1
3797500 2746500 12 23  9   9.0 1015 227  2.8 7  6.6  92    0    0 347 -351  1
3797500 2746500 12 23 10   9.0 1015 219  3.0 8  6.7  93    0   13 346 -352  1
3797500 2746500 12 23 11   9.2 1015 229  2.9 8  6.7  93    0   20 353 -353  1
3797500 2746500 12 23 12   9.2 1015 230  2.7 8  6.8  94    0   27 352 -354  1
3797500 2746500 12 23 13   9.4 1014 219  3.2 7  6.8  93    0   34 347 -356  1
3797500 2746500 12 23 14   9.7 1013 229  2.7 6  6.8  92    0   46 337 -357  1
3797500 2746500 12 23 15   9.6 1012 220  3.1 5  6.8  91    2   52 327 -358  1
3797500 2746500 12 23 16   9.4 1011 219  3.7 7  6.7  90    0   17 333 -358  1
3797500 2746500 12 23 17   9.3 1011 220  3.6 8  6.6  90    0    0 347 -357  1
3797500 2746500 12 23 18   9.1 1010 219  4.0 8  6.5  89    0    0 352 -357  1
3797500 2746500 12 23 19   8.9 1009 208  3.6 8  6.3  88    0    0 350 -356  1
3797500 2746500 12 23 20   8.4 1008 207  4.6 8  6.2  88    0    0 349 -355  1
3797500 2746500 12 23 21   8.1 1007 199  4.6 8  6.0  88    0    0 348 -354  1
3797500 2746500 12 23 22   8.2 1007 190  3.8 7  5.7  84    0    0 340 -353  1
3797500 2746500 12 23 23   7.9 1005 176  3.6 8  5.7  84    0    0 337 -352  1
3797500 2746500 12 23 24   7.4 1004 192  3.5 8  5.8  88    0    0 338 -348  1
3797500 2746500 12 24  1   7.5 1003 194  4.6 8  5.9  91    0    0 334 -345  1
3797500 2746500 12 24  2   7.9 1002 202  4.1 8  5.9  90    0    0 331 -342  1
3797500 2746500 12 24  3   6.4 1001 247  6.9 8  5.7  90    0    0 328 -338  1
3797500 2746500 12 24  4   5.7 1002 266  5.7 8  5.3  90    0    0 323 -335  1
3797500 2746500 12 24  5   5.5 1004 285  5.6 8  5.1  88    0    0 320 -334  1
3797500 2746500 12 24  6   5.3 1006 310  6.1 8  5.0  88    0    0 317 -335  1
3797500 2746500 12 24  7   5.2 1008 304  5.8 8  5.0  90    0    0 313 -334  1
3797500 2746500 12 24  8   5.2 1010 300  4.5 8  4.9  89    0    0 310 -333  1
3797500 2746500 12 24  9   5.1 1012 287  4.0 6  4.8  88    0    3 296 -332  1
3797500 2746500 12 24 10   5.4 1014 282  4.3 6  4.8  87    6   32 285 -332  1
3797500 2746500 12 24 11   5.8 1016 288  3.9 6  4.7  84   13   63 287 -333  1
3797500 2746500 12 24 12   6.3 1018 294  5.0 4  4.7  82   86   63 280 -334  1
3797500 2746500 12 24 13   6.6 1019 279  3.4 6  4.8  80   12   86 282 -336  1
3797500 2746500 12 24 14   6.8 1019 281  2.9 7  4.8  79    9   73 295 -338  1
3797500 2746500 12 24 15   6.8 1020 290  3.3 7  4.7  76   10   53 295 -338  1
3797500 2746500 12 24 16   6.6 1020 261  2.9 5  4.6  76    0    9 284 -335  1
3797500 2746500 12 24 17   5.7 1021 260  3.3 4  4.5  78    0    0 268 -331  1
3797500 2746500 12 24 18   5.0 1022 239  3.0 3  4.4  80    0    0 257 -330  1
3797500 2746500 12 24 19   4.9 1022 229  3.1 5  4.4  83    0    0 260 -329  1
3797500 2746500 12 24 20   4.8 1022 233  3.6 6  4.5  84    0    0 272 -329  1
3797500 2746500 12 24 21   4.9 1023 230  4.0 7  4.5  85    0    0 283 -327  1
3797500 2746500 12 24 22   5.0 1023 231  3.6 7  4.6  86    0    0 290 -324  1
3797500 2746500 12 24 23   5.3 1023 222  4.1 7  4.6  85    0    0 294 -323  1
3797500 2746500 12 24 24   5.1 1023 212  3.7 6  4.6  85    0    0 292 -322  1
3797500 2746500 12 25  1   5.0 1022 212  3.5 7  4.6  86    0    0 294 -323  1
3797500 2746500 12 25  2   5.7 1022 218  4.6 7  4.7  85    0    0 302 -324  1
3797500 2746500 12 25  3   5.8 1022 220  4.1 7  4.7  83    0    0 306 -326  1
3797500 2746500 12 25  4   6.3 1022 231  4.2 7  4.8  83    0    0 310 -328  1
3797500 2746500 12 25  5   6.5 1021 229  4.5 8  4.9  83    0    0 317 -329  1
3797500 2746500 12 25  6   6.6 1021 228  3.9 8  5.0  83    0    0 324 -330  1
3797500 2746500 12 25  7   6.5 1021 220  4.6 8  5.1  85    0    0 326 -330  1
3797500 2746500 12 25  8   6.6 1021 230  4.5 8  5.2  86    0    0 328 -331  1
3797500 2746500 12 25  9   6.5 1021 231  3.8 8  5.3  89    0    0 329 -332  1
3797500 2746500 12 25 10   6.8 1022 222  4.2 8  5.5  91    0   13 331 -333  1
3797500 2746500 12 25 11   7.1 1023 230  4.4 6  5.7  93    1   51 325 -335  1
3797500 2746500 12 25 12   7.2 1023 220  4.5 7  5.8  94    0   55 322 -336  1
3797500 2746500 12 25 13   7.4 1023 230  4.1 8  5.9  94    0   31 330 -338  1
3797500 2746500 12 25 14   7.8 1023 222  4.8 8  6.1  94    0   29 334 -340  1
3797500 2746500 12 25 15   7.9 1022 230  4.1 8  6.1  94    0   19 335 -341  1
3797500 2746500 12 25 16   8.1 1023 221  4.1 8  6.2  94    0   10 335 -342  1
3797500 2746500 12 25 17   8.2 1023 221  3.9 7  6.3  94    0    0 330 -340  1
3797500 2746500 12 25 18   8.5 1024 209  4.3 7  6.4  94    0    0 325 -338  1
3797500 2746500 12 25 19   8.8 1024 219  4.5 8  6.4  92    0    0 330 -336  1
3797500 2746500 12 25 20   9.1 1024 220  4.2 8  6.4  90    0    0 337 -336  1
3797500 2746500 12 25 21   9.2 1024 220  3.9 8  6.3  88    0    0 338 -336  1
3797500 2746500 12 25 22   9.3 1025 222  4.6 8  6.3  88    0    0 340 -337  1
3797500 2746500 12 25 23   9.4 1025 227  4.7 8  6.3  87    0    0 342 -338  1
3797500 2746500 12 25 24   9.0 1026 221  4.9 8  6.4  89    0    0 343 -338  1
3797500 2746500 12 26  1   9.1 1026 231  4.9 8  6.4  91    0    0 343 -339  1
3797500 2746500 12 26  2   9.0 1026 222  4.8 8  6.5  92    0    0 344 -340  1
3797500 2746500 12 26  3   9.1 1026 228  4.2 8  6.6  92    0    0 345 -341  1
3797500 2746500 12 26  4   8.9 1026 220  5.2 8  6.6  93    0    0 346 -341  1
3797500 2746500 12 26  5   8.8 1026 230  3.6 8  6.6  95    0    0 347 -341  1
3797500 2746500 12 26  6   8.8 1026 231  3.5 8  6.7  96    0    0 348 -341  1
3797500 2746500 12 26  7   9.1 1026 232  3.8 8  6.8  96    0    0 348 -341  1
3797500 2746500 12 26  8   9.0 1026 232  3.7 8  6.9  97    0    0 349 -341  1
3797500 2746500 12 26  9   9.2 1027 223  4.2 8  6.9  97    0    0 350 -341  1
3797500 2746500 12 26 10   9.2 1027 232  4.1 8  6.9  97    0   16 351 -340  1
3797500 2746500 12 26 11   9.3 1028 220  4.6 7  7.1  98    0   39 345 -340  1
3797500 2746500 12 26 12   9.6 1028 232  4.4 7  7.2  99    0   46 341 -341  1
3797500 2746500 12 26 13   9.6 1028 223  4.3 7  7.2  98    0   48 340 -342  1
3797500 2746500 12 26 14   9.5 1028 233  4.0 7  7.2  99    0   45 339 -343  1
3797500 2746500 12 26 15   9.7 1028 234  4.1 7  7.2  98    0   30 339 -344  1
3797500 2746500 12 26 16   9.7 1028 234  3.8 8  7.2  97    0   10 344 -343  1
3797500 2746500 12 26 17   9.7 1028 236  3.2 8  7.1  96    0    0 349 -342  1
3797500 2746500 12 26 18   9.7 1029 244  3.4 8  7.1  96    0    0 349 -340  1
3797500 2746500 12 26 19   9.7 1029 233  3.2 7  7.1  96    0    0 344 -337  1
3797500 2746500 12 26 20   9.8 1029 234  2.9 7  7.1  96    0    0 338 -334  1
3797500 2746500 12 26 21   9.8 1029 224  3.2 7  7.1  95    0    0 337 -330  1
3797500 2746500 12 26 22   9.9 1029 224  2.9 7  7.1  95    0    0 335 -328  1
3797500 2746500 12 26 23   9.8 1029 223  3.7 8  7.1  95    0    0 337 -327  1
3797500 2746500 12 26 24   9.8 1029 225  3.5 8  7.1  95    0    0 339 -326  1
3797500 2746500 12 27  1   9.8 1029 224  3.5 8  7.1  95    0    0 338 -324  1
3797500 2746500 12 27  2   9.8 1029 235  3.4 8  7.0  94    0    0 336 -323  1
3797500 2746500 12 27  3   9.6 1028 223  3.0 8  6.8  92    0    0 336 -321  1
3797500 2746500 12 27  4   9.5 1028 214  2.6 8  6.7  92    0    0 334 -320  1
3797500 2746500 12 27  5   9.8 1028 234  3.2 8  6.7  91    0    0 333 -319  1
3797500 2746500 12 27  6   9.6 1028 251  3.1 8  6.6  89    0    0 333 -319  1
3797500 2746500 12 27  7   9.4 1029 242  3.4 8  6.5  88    0    0 331 -318  1
3797500 2746500 12 27  8   9.3 1029 243  3.0 8  6.3  87    0    0 330 -318  1
3797500 2746500 12 27  9   9.3 1029 252  3.4 8  6.0  84    0    0 330 -317  1
3797500 2746500 12 27 10   9.0 1029 244  2.5 8  5.8  82    0    9 330 -317  1
3797500 2746500 12 27 11   8.9 1029 244  2.3 8  5.7  81    0   18 329 -319  1
3797500 2746500 12 27 12   8.9 1030 244  2.9 8  5.6  80    0   24 328 -323  1
3797500 2746500 12 27 13   9.0 1030 244  2.4 7  5.5  79    0   31 322 -327  1
3797500 2746500 12 27 14   8.9 1029 235  2.5 7  5.5  78    0   31 317 -329  1
3797500 2746500 12 27 15   8.8 1029 235  2.1 8  5.4  78    0   20 322 -329  1
3797500 2746500 12 27 16   8.6 1029 233  1.6 8  5.4  78    0    5 328 -327  1
3797500 2746500 12 27 17   8.2 1029 224  1.7 8  5.3  79    0    0 329 -323  1
3797500 2746500 12 27 18   8.2 1029 213  1.0 8  5.3  79    0    0 328 -319  1
3797500 2746500 12 27 19   8.1 1028 205  1.1 8  5.2  79    0    0 327 -317  1
3797500 2746500 12 27 20   8.0 1028 196  0.8 8  5.1  78    0    0 325 -316  1
3797500 2746500 12 27 21   7.7 1028 188  1.0 8  5.0  77    0    0 322 -316  1
3797500 2746500 12 27 22   7.6 1028 196  1.0 7  5.0  77    0    0 312 -316  1
3797500 2746500 12 27 23   7.6 1027 231  1.5 7  4.9  77    0    0 301 -316  1
3797500 2746500 12 27 24   7.4 1027 202  1.1 8  4.9  78    0    0 302 -316  1
3797500 2746500 12 28  1   7.3 1026 185  1.5 8  5.0  79    0    0 302 -316  1
3797500 2746500 12 28  2   7.3 1025 176  1.8 8  5.0  80    0    0 298 -316  1
3797500 2746500 12 28  3   7.5 1024 213  2.3 8  5.1  80    0    0 294 -316  1
3797500 2746500 12 28  4   7.6 1024 184  2.7 8  5.1  80    0    0 291 -315  1
3797500 2746500 12 28  5   7.7 1023 183  3.1 8  5.2  81    0    0 289 -314  1
3797500 2746500 12 28  6   7.2 1022 174  4.0 8  5.3  83    0    0 287 -314  1
3797500 2746500 12 28  7   7.1 1020 174  4.4 6  5.3  85    0    0 274 -313  1
3797500 2746500 12 28  8   6.9 1019 173  4.8 6  5.4  86    0    0 263 -313  1
3797500 2746500 12 28  9   6.7 1018 178  4.6 7  5.3  87    0    2 268 -314  1
3797500 2746500 12 28 10   7.1 1018 184  5.0 7  5.3  85    8   38 274 -315  1
3797500 2746500 12 28 11   7.4 1017 185  4.0 4  5.2  83   67   83 262 -315  1
3797500 2746500 12 28 12   7.9 1017 225  4.3 4  5.2  80   77  106 249 -317  1
3797500 2746500 12 28 13   7.3 1017 226  5.3 7  5.1  80    0   75 266 -320  1
3797500 2746500 12 28 14   7.1 1016 242  5.5 7  5.0  80    0   56 283 -324  1
3797500 2746500 12 28 15   7.1 1015 223  5.7 7  5.0  80    0   35 290 -324  1
3797500 2746500 12 28 16   6.7 1014 223  5.9 8  5.1  82    0   16 302 -323  1
3797500 2746500 12 28 17   6.8 1014 231  5.1 8  5.2  85    0    0 312 -322  1
3797500 2746500 12 28 18   6.7 1014 230  4.5 8  5.2  86    0    0 315 -322  1
3797500 2746500 12 28 19   6.7 1014 228  4.6 8  5.2  85    0    0 317 -324  1
3797500 2746500 12 28 20   6.5 1013 226  4.6 8  5.2  86    0    0 323 -326  1
3797500 2746500 12 28 21   6.4 1013 226  4.7 8  5.2  87    0    0 326 -328  1
3797500 2746500 12 28 22   6.3 1013 227  4.6 8  5.2  88    0    0 325 -328  1
3797500 2746500 12 28 23   6.5 1013 230  4.4 8  5.3  88    0    0 325 -328  1
3797500 2746500 12 28 24   6.9 1013 235  4.0 8  5.4  87    0    0 319 -327  1
3797500 2746500 12 29  1   7.4  998 238  3.6 8  5.5  85    0    0 344 -357  1
3797500 2746500 12 29  2   7.6  999 237  3.2 8  5.5  84    0    0 343 -356  1
3797500 2746500 12 29  3   7.7  999 234  3.0 8  5.5  83    0    0 341 -355  1
3797500 2746500 12 29  4   7.6 1000 228  2.8 8  5.5  84    0    0 340 -353  1
3797500 2746500 12 29  5   7.7 1000 231  2.9 8  5.5  84    0    0 338 -352  1
3797500 2746500 12 29  6   7.6 1000 219  2.7 8  5.5  84    0    0 337 -350  1
3797500 2746500 12 29  7   7.7 1000 239  2.7 6  5.5  83    0    0 323 -348  1
3797500 2746500 12 29  8   7.1 1000 220  3.1 6  5.4  84    0    0 308 -346  1
3797500 2746500 12 29  9   7.2  999 223  3.4 6  5.4  85    0    0 307 -344  1
3797500 2746500 12 29 10   7.5 1000 221  3.7 8  5.4  84    0   16 321 -344  1
3797500 2746500 12 29 11   7.4 1000 219  3.9 8  5.5  84    0   27 334 -345  1
3797500 2746500 12 29 12   7.3  999 220  4.5 8  5.6  86    0   29 335 -347  1
3797500 2746500 12 29 13   7.5  999 230  3.9 8  5.7  88    0   39 336 -349  1
3797500 2746500 12 29 14   7.5  998 237  4.5 8  5.8  88    0   35 337 -350  1
3797500 2746500 12 29 15   7.4  997 210  2.7 8  5.7  87    0   27 337 -350  1
3797500 2746500 12 29 16   7.0  996 161  2.9 8  5.6  87    4   19 337 -350  1
3797500 2746500 12 29 17   6.9  995 156  3.8 8  5.5  87    0    2 337 -349  1
3797500 2746500 12 29 18   6.8  994 155  3.9 8  5.5  87    0    0 337 -349  1
3797500 2746500 12 29 19   7.2  993 161  2.7 8  5.5  86    0    0 339 -349  1
3797500 2746500 12 29 20   7.5  992 167  1.6 8  5.7  87    0    0 340 -350  1
3797500 2746500 12 29 21   7.7  992 170  1.6 8  5.8  88    0    0 341 -351  1
3797500 2746500 12 29 22   7.9  991 189  1.0 8  6.0  89    0    0 342 -352  1
3797500 2746500 12 29 23   8.7  991 227  1.5 8  6.3  90    0    0 345 -354  1
3797500 2746500 12 29 24  10.4  990 320  3.6 8  6.9  91    0    0 350 -355  1
3797500 2746500 12 30  1  10.7  990  89  5.0 8  7.5  93    0    0 354 -355  1
3797500 2746500 12 30  2  11.5  989 241  5.6 8  7.8  92    0    0 356 -353  1
3797500 2746500 12 30  3  11.7  988 231  6.3 8  7.8  90    0    0 358 -352  1
3797500 2746500 12 30  4  11.8  988 241  7.9 8  7.8  89    0    0 358 -351  1
3797500 2746500 12 30  5  11.8  988 238  9.0 8  7.7  87    0    0 357 -351  1
3797500 2746500 12 30  6  11.7  988 247  8.5 8  7.5  85    0    0 355 -350  1
3797500 2746500 12 30  7  12.3  989 245  8.8 8  7.2  80    0    0 353 -349  1
3797500 2746500 12 30  8  12.0  989 254  8.0 8  7.1  78    0    0 352 -349  1
3797500 2746500 12 30  9  11.7  990 243  7.5 8  7.2  82    0    0 350 -348  1
3797500 2746500 12 30 10  12.0  991 251  6.2 8  7.3  82    0   13 350 -348  1
3797500 2746500 12 30 11  11.2  991 239  6.6 8  7.2  82    0   29 349 -349  1
3797500 2746500 12 30 12  11.0  992 242  4.9 6  7.0  83    0   54 333 -353  1
3797500 2746500 12 30 13  10.8  992 241  3.6 6  7.0  84    0   67 318 -359  1
3797500 2746500 12 30 14  11.1  992 231  3.1 5  7.0  84    4   85 311 -362  1
3797500 2746500 12 30 15  10.5  991 229  2.8 7  6.9  84    1   53 320 -363  1
3797500 2746500 12 30 16  10.1  991 230  3.1 8  7.0  88    0    4 339 -362  1
3797500 2746500 12 30 17   9.4  991 230  2.3 8  7.0  91    0    0 345 -362  1
3797500 2746500 12 30 18   7.1  992   6  2.8 8  6.5  93    0    0 340 -361  1
3797500 2746500 12 30 19   5.6  992 307  2.0 8  5.6  92    0    0 333 -361  1
3797500 2746500 12 30 20   5.0  992  18  3.3 8  5.1  91    0    0 330 -360  1
3797500 2746500 12 30 21   3.9  993  28  3.6 8  4.8  90    0    0 327 -360  1
3797500 2746500 12 30 22   3.2  993  29  3.6 8  4.4  89    0    0 324 -360  1
3797500 2746500 12 30 23   2.5  994  27  3.8 8  4.2  88    0    0 320 -359  1
3797500 2746500 12 30 24   1.7  995  26  4.2 8  4.0  89    0    0 318 -359  1
3797500 2746500 12 31  1   1.6  996  41  4.7 8  3.8  88    0    0 316 -359  1
3797500 2746500 12 31  2   0.9  997  40  3.8 8  3.7  88    0    0 315 -359  1
3797500 2746500 12 31  3   0.4  998  52  4.6 8  3.6  89    0    0 313 -360  1
3797500 2746500 12 31  4   0.1  999  39  4.7 8  3.5  90    0    0 311 -360  1
3797500 2746500 12 31  5   0.1 1000  40  5.4 8  3.4  89    0    0 312 -360  1
3797500 2746500 12 31  6  -0.1 1000  40  5.0 8  3.3  86    0    0 311 -360  1
3797500 2746500 12 31  7   0.0 1001  37  5.2 8  3.1  82    0    0 310 -360  1
3797500 2746500 12 31  8  -0.2 1002  40  5.3 8  3.0  78    0    0 310 -359  1
3797500 2746500 12 31  9  -0.1 1003  56  5.9 8  2.9  76    0    0 310 -359  1
3797500 2746500 12 31 10  -0.3 1004  46  5.1 8  2.8  75    0   29 310 -359  1
3797500 2746500 12 31 11   0.0 1005  56  4.8 8  2.8  75    0   46 311 -359  1
3797500 2746500 12 31 12  -0.2 1006  63  4.4 7  2.8  74    0   51 305 -360  1
3797500 2746500 12 31 13   0.0 1006  84  4.7 6  2.8  73    0   72 292 -362  1
3797500 2746500 12 31 14   0.5 1006  86  4.1 6  2.7  71    1   78 286 -361  1
3797500 2746500 12 31 15   0.5 1007  69  3.9 7  2.7  68    1   54 293 -361  1
3797500 2746500 12 31 16   0.0 1007  63  3.7 7  2.6  68    1   22 299 -359  1
3797500 2746500 12 31 17   0.1 1008  57  3.1 7  2.6  68    0    1 299 -357  1
3797500 2746500 12 31 18  -0.3 1008  58  3.5 7  2.6  68    0    0 297 -354  1
3797500 2746500 12 31 19  -0.8 1009  59  3.2 7  2.5  68    0    0 296 -353  1
3797500 2746500 12 31 20  -0.9 1009  68  2.8 7  2.5  69    0    0 293 -351  1
3797500 2746500 12 31 21  -1.0 1009  76  2.5 7  2.5  70    0    0 287 -350  1
3797500 2746500 12 31 22  -1.0 1009  86  2.3 7  2.5  71    0    0 287 -349  1
3797500 2746500 12 31 23  -0.2 1009 106  2.3 7  2.8  74    0    0 294 -348  1
3797500 2746500 12 31 24   1.0 1009 128  2.4 7  3.2  77    0    0 286 -347  1
