Koordinatensystem : Lambert konform konisch
Rechtswert        : 3797500 Meter
Hochwert          : 2746500 Meter
Hoehenlage        : 58 Meter ueber NN
Erstellung des Datensatzes im Mai 2016

Art des TRY       : mittleres Jahr
Bezugszeitraum    : 1995-2012
Datenbasis        : Beobachtungsdaten Zeitraum 1995-2012

Format: (i7,1x,i7,1x,i2,1x,i2,1x,i2,1x,f5.1,1x,i4,1x,3i,1x,f4.1,1x,i1,1x,f4.1,1x,i3,1x,i4,1x,i4,1x,i3,1x,i4,2x,i1)

Reihenfolge der Parameter:
RW Rechtswert                                                    [m]       {3670500;3671500..4389500}
HW Hochwert                                                      [m]       {2242500;2243500..3179500}
MM Monat                                                                   {1..12}
DD Tag                                                                     {1..28,30,31}
HH Stunde (MEZ)                                                            {1..24}
t  Lufttemperatur in 2m Hoehe ueber Grund                        [GradC]
p  Luftdruck in Standorthoehe                                    [hPa]
WR Windrichtung in 10 m Hoehe ueber Grund                        [Grad]    {0..360;999}
WG Windgeschwindigkeit in 10 m Hoehe ueber Grund                 [m/s]
N  Bedeckungsgrad                                                [Achtel]  {0..8;9}
x  Wasserdampfgehalt, Mischungsverhaeltnis                       [g/kg]
RF Relative Feuchte in 2 m Hoehe ueber Grund                     [Prozent] {1..100}
B  Direkte Sonnenbestrahlungsstaerke (horiz. Ebene)              [W/m^2]   abwaerts gerichtet: positiv
D  Diffuse Sonnenbetrahlungsstaerke (horiz. Ebene)               [W/m^2]   abwaerts gerichtet: positiv
A  Bestrahlungsstaerke d. atm. Waermestrahlung (horiz. Ebene)    [W/m^2]   abwaerts gerichtet: positiv
E  Bestrahlungsstaerke d. terr. Waermestrahlung                  [W/m^2]   aufwaerts gerichtet: negativ
IL Qualitaetsbit bezueglich der Auswahlkriterien                           {0;1;2;3;4}


     RW      HW MM DD HH     t    p  WR   WG N    x  RF    B    D   A    E IL
*** 
3797500 2746500  1  1  1   2.4 1003 160  5.2 8  3.4  74    0    0 295 -304  2
3797500 2746500  1  1  2   1.9 1003 154  6.1 8  3.1  71    0    0 296 -304  2
3797500 2746500  1  1  3   1.6 1001 152  6.7 8  2.9  68    0    0 290 -304  2
3797500 2746500  1  1  4   1.8 1000 152  7.0 8  2.8  66    0    0 290 -306  2
3797500 2746500  1  1  5   1.9  999 153  6.7 8  2.8  64    0    0 294 -307  2
3797500 2746500  1  1  6   2.1  997 146  7.5 8  2.7  62    0    0 295 -309  2
3797500 2746500  1  1  7   2.2  997 159  5.3 8  2.8  61    0    0 296 -310  2
3797500 2746500  1  1  8   1.9  996 161  7.1 7  2.9  64    0    0 291 -311  2
3797500 2746500  1  1  9   2.1  995 162  7.5 7  3.0  67    0    0 289 -313  2
3797500 2746500  1  1 10   1.9  994 162  7.1 7  3.2  71    0   17 292 -315  2
3797500 2746500  1  1 11   1.5  994 164  6.0 7  3.4  78    0   30 297 -315  2
3797500 2746500  1  1 12   1.7  994 163  7.5 7  3.6  82    0   47 300 -316  2
3797500 2746500  1  1 13   2.2  993 172  5.9 8  3.7  83    0   40 308 -316  2
3797500 2746500  1  1 14   2.4  993 162  7.0 8  3.9  85    0   53 318 -317  2
3797500 2746500  1  1 15   3.3  992 164  7.1 7  4.1  86    0   49 316 -316  2
3797500 2746500  1  1 16   3.7  991 175  4.6 8  4.2  85    0   19 319 -319  2
3797500 2746500  1  1 17   3.7  992 166  4.6 8  4.4  86    0    0 329 -322  2
3797500 2746500  1  1 18   4.2  992 177  4.6 8  4.5  87    0    0 330 -322  2
3797500 2746500  1  1 19   4.0  992 167  6.2 8  4.5  87    0    0 331 -323  2
3797500 2746500  1  1 20   4.7  991 168  4.9 8  4.6  87    0    0 332 -326  2
3797500 2746500  1  1 21   4.6  991 167  5.3 7  4.6  86    0    0 316 -330  2
3797500 2746500  1  1 22   4.5  992 167  4.8 8  4.6  86    0    0 322 -332  2
3797500 2746500  1  1 23   4.9  992 176  4.1 8  4.7  86    0    0 334 -333  2
3797500 2746500  1  1 24   5.2  991 166  4.3 7  4.7  85    0    0 327 -334  2
3797500 2746500  1  2  1   5.0  991 175  4.2 7  4.8  86    0    0 319 -334  2
3797500 2746500  1  2  2   5.7  991 166  4.0 6  5.0  87    0    0 311 -334  2
3797500 2746500  1  2  3   5.8  990 176  3.9 6  5.1  87    0    0 301 -335  2
3797500 2746500  1  2  4   5.6  990 166  4.5 5  5.1  87    0    0 295 -335  2
3797500 2746500  1  2  5   5.6  990 166  5.2 3  5.1  88    0    0 275 -335  2
3797500 2746500  1  2  6   5.8  990 166  4.4 3  5.1  88    0    0 261 -337  2
3797500 2746500  1  2  7   6.1  989 156  4.9 3  5.1  86    0    0 261 -338  2
3797500 2746500  1  2  8   6.6  989 166  3.7 7  5.2  85    0    0 291 -340  2
3797500 2746500  1  2  9   6.6  989 165  4.4 7  5.4  86    0    0 322 -341  2
3797500 2746500  1  2 10   7.3  989 164  4.3 7  5.5  87    2   33 323 -342  2
3797500 2746500  1  2 11   8.1  989 174  4.3 3  5.6  84   61   81 294 -344  2
3797500 2746500  1  2 12   9.3  989 174  4.5 3  5.7  80  115   97 260 -347  2
3797500 2746500  1  2 13  10.2  988 174  4.3 3  5.9  76  113  109 255 -349  2
3797500 2746500  1  2 14  10.8  988 173  3.7 7  5.9  73    5   85 290 -351  2
3797500 2746500  1  2 15  11.2  988 173  3.8 7  5.8  69    0   48 328 -352  2
3797500 2746500  1  2 16  11.4  988 191  3.8 7  5.6  66    0   27 328 -352  2
3797500 2746500  1  2 17  11.1  988 181  2.9 7  5.5  64    0    0 329 -351  2
3797500 2746500  1  2 18  10.6  988 163  4.1 7  5.5  66    0    0 327 -350  2
3797500 2746500  1  2 19  10.2  988 171  3.5 6  5.5  69    0    0 318 -349  2
3797500 2746500  1  2 20   9.8  988 161  4.1 6  5.6  71    0    0 308 -347  2
3797500 2746500  1  2 21  10.2  988 172  4.1 6  5.6  72    0    0 309 -345  2
3797500 2746500  1  2 22  10.2  988 173  3.6 7  5.7  72    0    0 318 -344  2
3797500 2746500  1  2 23  10.0  988 181  3.7 7  5.7  72    0    0 325 -343  2
3797500 2746500  1  2 24   9.9  989 195  3.2 8  5.6  72    0    0 330 -341  2
3797500 2746500  1  3  1   9.9  989 204  4.7 8  5.6  72    0    0 335 -338  2
3797500 2746500  1  3  2   9.9  989 211  4.4 8  5.6  72    0    0 334 -338  2
3797500 2746500  1  3  3   9.6  989 205  4.0 7  5.5  71    0    0 326 -338  2
3797500 2746500  1  3  4   8.6  990 201  3.2 7  5.5  74    0    0 318 -339  2
3797500 2746500  1  3  5   8.5  990 201  3.1 6  5.6  78    0    0 310 -340  2
3797500 2746500  1  3  6   7.7  990 190  3.4 6  5.6  82    0    0 303 -340  2
3797500 2746500  1  3  7   7.5  991 201  4.2 8  5.7  85    0    0 312 -340  2
3797500 2746500  1  3  8   7.3  992 223  4.9 7  5.7  86    0    0 317 -339  2
3797500 2746500  1  3  9   7.6  993 233  4.1 7  5.7  86    0    0 312 -338  2
3797500 2746500  1  3 10   7.5  995 229  4.1 6  5.5  84    0   27 306 -337  2
3797500 2746500  1  3 11   7.8  996 232  4.2 5  5.3  80    6   70 294 -338  2
3797500 2746500  1  3 12   7.5  997 230  4.4 5  5.2  78    7   92 290 -339  2
3797500 2746500  1  3 13   7.2  998 255  4.9 6  5.0  76    7   98 294 -340  2
3797500 2746500  1  3 14   7.8  999 240  4.1 6  4.7  73   19  101 297 -341  2
3797500 2746500  1  3 15   7.4  999 232  2.9 5  4.6  70   47   80 289 -342  2
3797500 2746500  1  3 16   7.6 1000 234  3.4 5  4.6  70   31   44 283 -341  2
3797500 2746500  1  3 17   6.8 1000 221  2.5 5  4.5  70    1    8 281 -340  2
3797500 2746500  1  3 18   6.6 1001 210  3.1 4  4.4  71    0    0 274 -338  2
3797500 2746500  1  3 19   5.8 1001 193  1.9 2  4.4  73    0    0 259 -338  2
3797500 2746500  1  3 20   5.2 1001 170  2.5 2  4.3  76    0    0 249 -340  2
3797500 2746500  1  3 21   5.1 1001 161  2.9 3  4.3  77    0    0 253 -341  2
3797500 2746500  1  3 22   4.7 1001 161  2.9 4  4.2  78    0    0 266 -342  2
3797500 2746500  1  3 23   5.4 1000 161  3.6 5  4.3  78    0    0 280 -343  2
3797500 2746500  1  3 24   6.1  999 163  4.1 7  4.3  74    0    0 300 -343  2
3797500 2746500  1  4  1   5.9  999 161  4.3 8  4.3  73    0    0 318 -344  2
3797500 2746500  1  4  2   6.0  998 154  4.9 7  4.5  76    0    0 321 -344  2
3797500 2746500  1  4  3   6.3  996 153  5.0 7  4.6  77    0    0 319 -344  2
3797500 2746500  1  4  4   6.5  995 162  5.9 7  4.6  75    0    0 322 -344  2
3797500 2746500  1  4  5   6.1  994 161  5.4 7  4.7  77    0    0 324 -344  2
3797500 2746500  1  4  6   6.3  993 161  5.9 8  4.8  80    0    0 330 -344  2
3797500 2746500  1  4  7   6.5  993 152  6.1 7  4.8  78    0    0 331 -344  2
3797500 2746500  1  4  8   6.2  992 162  5.8 7  4.8  78    0    0 324 -345  2
3797500 2746500  1  4  9   6.8  992 153  5.6 7  4.9  80    0    0 324 -345  2
3797500 2746500  1  4 10   6.7  991 162  5.0 6  5.0  79    0   31 314 -345  2
3797500 2746500  1  4 11   7.3  991 161  5.9 6  5.0  78    9   83 304 -346  2
3797500 2746500  1  4 12   7.6  991 160  6.9 4  5.0  77   25  131 289 -347  2
3797500 2746500  1  4 13   7.4  990 160  5.9 7  5.2  78    1   86 301 -348  2
3797500 2746500  1  4 14   7.9  989 159  5.4 7  5.3  79    1   75 328 -349  2
3797500 2746500  1  4 15   7.4  989 169  4.8 7  5.4  81    3   68 327 -351  2
3797500 2746500  1  4 16   7.4  989 159  4.9 8  5.5  83    4   37 334 -354  2
3797500 2746500  1  4 17   7.2  989 160  4.1 8  5.5  85    0    4 341 -354  2
3797500 2746500  1  4 18   8.0  989 218  4.8 8  5.7  86    0    0 340 -353  2
3797500 2746500  1  4 19   8.1  990 215  4.9 7  5.6  82    0    0 332 -353  2
3797500 2746500  1  4 20   8.1  991 220  4.8 5  5.4  79    0    0 312 -352  2
3797500 2746500  1  4 21   8.0  992 209  4.7 5  5.3  77    0    0 296 -352  2
3797500 2746500  1  4 22   8.1  992 208  4.9 7  5.1  75    0    0 307 -351  2
3797500 2746500  1  4 23   8.0  993 222  6.1 7  5.0  74    0    0 318 -351  2
3797500 2746500  1  4 24   7.5  993 213  5.2 6  4.9  74    0    0 310 -349  2
3797500 2746500  1  5  1   7.5  994 213  3.9 6  4.9  75    0    0 303 -348  2
3797500 2746500  1  5  2   7.5  994 194  4.0 6  5.0  76    0    0 307 -348  2
3797500 2746500  1  5  3   7.3  993 180  2.8 6  4.9  76    0    0 310 -348  2
3797500 2746500  1  5  4   6.6  993 162  3.2 5  4.9  77    0    0 307 -349  2
3797500 2746500  1  5  5   6.9  992 162  4.2 8  5.0  80    0    0 320 -349  2
3797500 2746500  1  5  6   7.0  991 161  4.7 8  5.2  82    0    0 336 -349  2
3797500 2746500  1  5  7   6.9  990 161  4.7 8  5.4  85    0    0 337 -349  2
3797500 2746500  1  5  8   6.8  989 152  5.3 8  5.4  86    0    0 338 -348  2
3797500 2746500  1  5  9   7.4  987 153  6.5 8  5.4  84    0    0 340 -347  2
3797500 2746500  1  5 10   7.0  986 162  6.8 7  5.5  84    0   13 336 -348  2
3797500 2746500  1  5 11   6.6  984 163  7.8 8  5.4  85    0   26 335 -348  2
3797500 2746500  1  5 12   6.8  983 161  7.8 7  5.4  86    0   41 334 -349  2
3797500 2746500  1  5 13   7.1  981 162  6.9 7  5.6  87    0   48 327 -350  2
3797500 2746500  1  5 14   7.6  980 169  4.7 8  5.8  88    0   33 336 -351  2
3797500 2746500  1  5 15   8.3  979 172  3.4 8  6.0  88    0   24 348 -354  2
3797500 2746500  1  5 16   9.0  979 192  2.8 8  6.2  86    0   15 352 -356  2
3797500 2746500  1  5 17  10.1  979 220  4.6 7  6.4  84    0    0 344 -357  2
3797500 2746500  1  5 18  10.3  979 220  4.9 7  6.6  82    0    0 333 -359  2
3797500 2746500  1  5 19   9.9  980 220  5.1 8  6.6  83    0    0 345 -360  2
3797500 2746500  1  5 20   9.1  980 214  4.0 8  6.4  83    0    0 354 -361  2
3797500 2746500  1  5 21   8.8  981 220  3.7 8  6.0  82    0    0 350 -360  2
3797500 2746500  1  5 22   8.7  981 217  2.8 7  5.9  81    0    0 336 -358  2
3797500 2746500  1  5 23   8.5  982 208  2.0 7  6.0  83    0    0 325 -355  2
3797500 2746500  1  5 24   8.2  981 187  0.3 8  6.0  85    0    0 338 -353  2
3797500 2746500  1  6  1   8.4  981 143  2.8 7  6.1  87    0    0 339 -350  2
3797500 2746500  1  6  2   8.5  980 247  2.7 7  6.3  89    0    0 331 -347  2
3797500 2746500  1  6  3   8.0  980 329  2.8 8  6.3  90    0    0 335 -342  2
3797500 2746500  1  6  4   6.5  980 319  4.0 8  6.0  92    0    0 334 -336  2
3797500 2746500  1  6  5   6.3  981 261  3.3 8  5.8  93    0    0 330 -333  2
3797500 2746500  1  6  6   6.2  983 251  5.0 8  5.7  94    0    0 327 -331  2
3797500 2746500  1  6  7   6.3  985 242  4.9 8  5.7  93    0    0 322 -328  2
3797500 2746500  1  6  8   6.6  987 243  4.1 8  5.6  91    0    0 318 -326  2
3797500 2746500  1  6  9   6.3  989 252  4.5 8  5.5  90    0    0 315 -324  2
3797500 2746500  1  6 10   6.3  991 234  4.0 8  5.5  90    1   35 313 -324  2
3797500 2746500  1  6 11   6.6  992 225  4.0 8  5.5  90    0   25 311 -326  2
3797500 2746500  1  6 12   7.1  993 225  4.5 8  5.6  88    0   54 308 -330  2
3797500 2746500  1  6 13   7.2  994 225  4.5 8  5.5  86    0   63 306 -333  2
3797500 2746500  1  6 14   7.0  994 233  3.7 8  5.4  84    0   39 304 -336  2
3797500 2746500  1  6 15   7.2  994 215  4.3 7  5.4  84    0   31 298 -337  2
3797500 2746500  1  6 16   7.2  995 224  3.1 8  5.4  84    0   23 298 -337  2
3797500 2746500  1  6 17   7.2  996 224  3.1 8  5.4  83    0    0 303 -335  2
3797500 2746500  1  6 18   6.7  996 224  3.2 7  5.2  83    0    0 297 -332  2
3797500 2746500  1  6 19   6.4  997 225  3.5 6  5.1  83    0    0 287 -331  2
3797500 2746500  1  6 20   6.3  998 233  3.6 6  4.9  82    0    0 283 -331  2
3797500 2746500  1  6 21   5.8  998 225  3.7 5  4.8  82    0    0 277 -331  2
3797500 2746500  1  6 22   5.9  999 225  4.4 7  4.8  82    0    0 284 -332  2
3797500 2746500  1  6 23   5.9  999 226  3.9 7  4.8  81    0    0 297 -333  2
3797500 2746500  1  6 24   5.5 1000 216  3.8 6  4.7  81    0    0 288 -332  2
3797500 2746500  1  7  1   4.6 1000 206  2.8 5  4.6  83    0    0 274 -331  2
3797500 2746500  1  7  2   4.7 1001 205  2.9 4  4.5  84    0    0 264 -332  2
3797500 2746500  1  7  3   4.9 1001 215  3.7 4  4.5  83    0    0 261 -332  2
3797500 2746500  1  7  4   4.5 1001 194  3.1 1  4.4  83    0    0 245 -333  2
3797500 2746500  1  7  5   4.3 1001 195  3.1 2  4.3  82    0    0 232 -332  2
3797500 2746500  1  7  6   4.2 1002 185  2.3 0  4.3  82    0    0 224 -331  2
3797500 2746500  1  7  7   4.1 1002 185  3.0 2  4.2  82    0    0 223 -330  2
3797500 2746500  1  7  8   3.9 1002 186  3.3 3  4.1  81    0    0 243 -329  2
3797500 2746500  1  7  9   4.2 1002 176  3.2 3  4.1  80    0    0 250 -329  2
3797500 2746500  1  7 10   4.6 1003 184  3.4 3  4.1  78   19   42 252 -330  2
3797500 2746500  1  7 11   5.6 1003 183  4.4 3  4.2  76   44   83 255 -332  2
3797500 2746500  1  7 12   6.3 1003 184  4.7 4  4.4  74   61  110 266 -335  2
3797500 2746500  1  7 13   6.3 1003 185  4.0 4  4.4  74   65  118 273 -338  2
3797500 2746500  1  7 14   7.1 1003 203  5.2 4  4.5  74   34  104 274 -339  2
3797500 2746500  1  7 15   7.3 1003 215  4.0 8  4.7  73    0   51 301 -339  2
3797500 2746500  1  7 16   7.4 1003 233  4.3 8  4.8  74    0   20 326 -340  2
3797500 2746500  1  7 17   6.9 1003 220  3.9 8  4.9  76    0    4 327 -339  2
3797500 2746500  1  7 18   6.8 1004 231  3.0 8  4.9  78    0    0 325 -338  2
3797500 2746500  1  7 19   6.6 1004 230  3.8 8  4.8  78    0    0 322 -338  2
3797500 2746500  1  7 20   6.4 1004 226  3.5 7  4.7  77    0    0 313 -338  2
3797500 2746500  1  7 21   6.0 1005 218  3.2 6  4.6  77    0    0 298 -338  2
3797500 2746500  1  7 22   5.7 1005 214  3.1 6  4.5  77    0    0 291 -338  2
3797500 2746500  1  7 23   5.5 1005 224  3.1 6  4.5  78    0    0 289 -338  2
3797500 2746500  1  7 24   4.9 1005 212  2.9 4  4.5  80    0    0 275 -337  2
3797500 2746500  1  8  1   4.8 1005 215  2.7 2  4.4  82    0    0 250 -337  2
3797500 2746500  1  8  2   4.7 1006 206  2.9 4  4.4  82    0    0 248 -337  2
3797500 2746500  1  8  3   4.5 1006 208  2.1 5  4.3  81    0    0 264 -337  2
3797500 2746500  1  8  4   4.0 1006 218  3.0 4  4.2  81    0    0 262 -336  2
3797500 2746500  1  8  5   3.7 1006 219  3.1 4  4.2  83    0    0 254 -336  2
3797500 2746500  1  8  6   3.5 1006 215  3.9 3  4.2  85    0    0 243 -336  2
3797500 2746500  1  8  7   3.6 1006 201  3.9 3  4.2  86    0    0 237 -336  2
3797500 2746500  1  8  8   3.5 1006 196  3.9 3  4.2  85    0    0 241 -335  2
3797500 2746500  1  8  9   3.1 1006 206  4.1 3  4.0  84    0    0 243 -335  2
3797500 2746500  1  8 10   3.1 1006 211  3.4 1  4.0  84   28   35 233 -335  2
3797500 2746500  1  8 11   4.3 1007 215  3.6 3  4.0  81   51   73 234 -336  2
3797500 2746500  1  8 12   4.8 1007 210  3.6 4  4.1  78   82   92 252 -338  2
3797500 2746500  1  8 13   5.9 1006 232  3.9 2  4.2  76  193   53 244 -340  2
3797500 2746500  1  8 14   6.4 1006 218  5.1 3  4.3  73  131   70 234 -342  2
3797500 2746500  1  8 15   6.5 1006 212  3.8 7  4.4  72    4   64 271 -343  2
3797500 2746500  1  8 16   6.5 1006 238  3.4 7  4.4  72    0   12 299 -342  2
3797500 2746500  1  8 17   6.1 1006 237  3.7 7  4.4  73    0    0 299 -340  2
3797500 2746500  1  8 18   5.9 1006 237  3.2 8  4.4  76    0    0 303 -338  2
3797500 2746500  1  8 19   5.3 1006 237  2.4 8  4.5  79    0    0 307 -336  2
3797500 2746500  1  8 20   5.3 1006 206  3.1 8  4.6  83    0    0 306 -335  2
3797500 2746500  1  8 21   5.2 1007 199  3.0 8  4.7  84    0    0 306 -335  2
3797500 2746500  1  8 22   5.0 1007 241  3.0 8  4.7  85    0    0 306 -333  2
3797500 2746500  1  8 23   4.9 1007 240  3.6 8  4.7  86    0    0 306 -332  2
3797500 2746500  1  8 24   4.7 1007 223  3.8 8  4.7  87    0    0 307 -332  2
3797500 2746500  1  9  1   4.5 1007 230  3.1 8  4.6  87    0    0 306 -332  2
3797500 2746500  1  9  2   4.5 1007 238  3.1 7  4.6  88    0    0 299 -332  2
3797500 2746500  1  9  3   4.7 1007 182  3.0 6  4.7  89    0    0 287 -332  2
3797500 2746500  1  9  4   4.8 1007 233  3.2 6  4.8  89    0    0 283 -331  2
3797500 2746500  1  9  5   4.7 1007 233  3.1 6  4.8  89    0    0 283 -329  2
3797500 2746500  1  9  6   4.7 1007 246  2.9 8  4.8  89    0    0 293 -328  2
3797500 2746500  1  9  7   4.7 1008 238  3.0 8  4.8  89    0    0 301 -327  2
3797500 2746500  1  9  8   4.7 1008 238  3.0 8  4.8  90    0    0 301 -323  2
3797500 2746500  1  9  9   4.7 1008 226  3.5 8  4.8  89    0    0 302 -319  2
3797500 2746500  1  9 10   4.8 1008 231  3.0 8  4.8  89    0   21 302 -316  2
3797500 2746500  1  9 11   5.0 1009 288  3.1 7  4.9  90    0   52 299 -319  2
3797500 2746500  1  9 12   5.1 1009 219  3.1 8  4.9  89    0   33 298 -325  2
3797500 2746500  1  9 13   5.3 1009 252  3.0 7  4.8  87    1   90 298 -331  2
3797500 2746500  1  9 14   5.5 1009 234  2.9 5  4.7  84   16  122 284 -335  2
3797500 2746500  1  9 15   5.8 1008 217  2.8 6  4.7  83    7   82 278 -335  2
3797500 2746500  1  9 16   5.7 1008 171  1.6 8  4.8  83    0   28 292 -332  2
3797500 2746500  1  9 17   5.4 1008 207  2.0 7  4.7  84    0    4 291 -326  2
3797500 2746500  1  9 18   5.3 1008 260  1.9 7  4.6  83    0    0 282 -319  2
3797500 2746500  1  9 19   5.1 1008 233  1.1 6  4.5  82    0    0 274 -316  2
3797500 2746500  1  9 20   4.7 1008 251  1.6 6  4.5  83    0    0 267 -316  2
3797500 2746500  1  9 21   3.8 1008 112  1.0 6  4.3  84    0    0 264 -316  2
3797500 2746500  1  9 22   4.1 1008 169  1.0 5  4.3  84    0    0 259 -315  2
3797500 2746500  1  9 23   3.4 1008 111  1.0 5  4.2  85    0    0 255 -314  2
3797500 2746500  1  9 24   3.3 1008 105  1.6 7  4.1  86    0    0 260 -312  2
3797500 2746500  1 10  1   2.8 1008 105  1.6 6  4.1  87    0    0 264 -312  2
3797500 2746500  1 10  2   2.5 1008 120  1.6 6  4.1  88    0    0 259 -311  2
3797500 2746500  1 10  3   2.5 1008 135  1.7 5  4.0  88    0    0 255 -311  2
3797500 2746500  1 10  4   2.4 1007 100  1.7 6  4.0  88    0    0 255 -311  2
3797500 2746500  1 10  5   2.3 1007  94  2.2 7  3.9  86    0    0 262 -311  2
3797500 2746500  1 10  6   2.2 1007  87  2.1 7  3.8  84    0    0 266 -311  2
3797500 2746500  1 10  7   2.2 1006  96  1.9 6  3.7  83    0    0 263 -311  2
3797500 2746500  1 10  8   1.8 1006  82  2.0 4  3.7  84    0    0 249 -311  2
3797500 2746500  1 10  9   1.9 1006  94  2.8 4  3.7  84    0    0 240 -311  2
3797500 2746500  1 10 10   1.7 1006  79  2.3 7  3.7  85    4   44 255 -310  2
3797500 2746500  1 10 11   1.9 1006  88  2.7 7  3.7  84    5   79 270 -311  2
3797500 2746500  1 10 12   2.8 1006  76  2.8 7  3.7  81    4   97 271 -313  2
3797500 2746500  1 10 13   3.6 1006  81  2.3 7  3.7  77    0   72 274 -315  2
3797500 2746500  1 10 14   3.9 1006  99  2.1 8  3.7  75    0   30 281 -316  2
3797500 2746500  1 10 15   4.0 1006  72  2.0 8  3.8  74    0   19 289 -316  2
3797500 2746500  1 10 16   3.5 1005  59  1.9 8  3.9  77    0    8 291 -316  2
3797500 2746500  1 10 17   3.2 1005  76  2.5 8  4.0  83    0    1 292 -316  2
3797500 2746500  1 10 18   3.2 1005  88  2.3 8  4.1  86    0    0 293 -316  2
3797500 2746500  1 10 19   3.2 1006  70  2.3 8  4.2  86    0    0 295 -316  2
3797500 2746500  1 10 20   3.2 1006  62  2.4 8  4.2  87    0    0 297 -315  2
3797500 2746500  1 10 21   3.2 1006  50  2.7 8  4.2  87    0    0 299 -314  2
3797500 2746500  1 10 22   2.9 1007  55  3.0 8  4.1  87    0    0 301 -313  2
3797500 2746500  1 10 23   2.5 1007  68  3.0 8  4.1  88    0    0 299 -313  2
3797500 2746500  1 10 24   2.2 1007  68  3.7 7  4.0  88    0    0 293 -313  2
3797500 2746500  1 11  1   2.1 1008  56  4.4 8  3.9  88    0    0 294 -312  2
3797500 2746500  1 11  2   1.8 1008  60  5.0 8  3.9  89    0    0 299 -311  2
3797500 2746500  1 11  3   1.9 1009  57  4.4 8  3.9  89    0    0 300 -309  2
3797500 2746500  1 11  4   1.9 1009  61  4.4 8  3.9  88    0    0 300 -307  2
3797500 2746500  1 11  5   2.0 1010  68  4.4 7  3.8  87    0    0 294 -305  2
3797500 2746500  1 11  6   1.9 1010  60  4.2 8  3.8  86    0    0 293 -304  2
3797500 2746500  1 11  7   2.1 1011  59  4.2 8  3.7  83    0    0 298 -303  2
3797500 2746500  1 11  8   2.1 1011  60  4.1 7  3.5  80    0    0 292 -302  2
3797500 2746500  1 11  9   2.1 1012  61  4.1 7  3.5  79    0    0 287 -301  2
3797500 2746500  1 11 10   2.1 1013  50  4.9 7  3.5  80    6   31 287 -302  2
3797500 2746500  1 11 11   2.3 1014  59  5.1 5  3.6  80   13   58 276 -304  2
3797500 2746500  1 11 12   2.8 1015  59  4.3 6  3.5  78    3   73 270 -308  2
3797500 2746500  1 11 13   3.0 1016  58  4.4 6  3.6  77    0   73 276 -311  2
3797500 2746500  1 11 14   3.1 1016  59  4.5 7  3.6  76    0   71 282 -314  2
3797500 2746500  1 11 15   2.4 1016  60  3.8 7  3.5  77   10   58 286 -315  2
3797500 2746500  1 11 16   2.7 1017  70  3.9 7  3.5  77   43   21 286 -314  2
3797500 2746500  1 11 17   2.1 1017  62  4.0 5  3.4  75    8   10 276 -312  2
3797500 2746500  1 11 18   1.7 1018  62  3.8 4  3.2  75    0    0 258 -309  2
3797500 2746500  1 11 19   1.0 1018  61  4.1 3  3.1  76    0    0 245 -307  2
3797500 2746500  1 11 20   0.1 1019  61  3.3 2  3.0  78    0    0 233 -305  2
3797500 2746500  1 11 21  -0.6 1019  40  4.0 2  3.0  80    0    0 225 -304  2
3797500 2746500  1 11 22  -0.9 1019  48  3.9 0  2.9  82    0    0 215 -303  2
3797500 2746500  1 11 23  -0.9 1020  47  3.3 0  2.9  82    0    0 203 -302  2
3797500 2746500  1 11 24  -0.8 1020  57  3.3 0  2.8  80    0    0 204 -301  2
3797500 2746500  1 12  1  -1.4 1020  57  2.3 2  2.8  80    0    0 214 -300  2
3797500 2746500  1 12  2  -1.0 1020  66  2.4 3  2.7  79    0    0 228 -300  2
3797500 2746500  1 12  3  -1.6 1020  44  1.8 2  2.7  79    0    0 227 -300  2
3797500 2746500  1 12  4  -1.5 1020  59  1.7 6  2.7  82    0    0 242 -299  2
3797500 2746500  1 12  5  -1.8 1020  47  1.3 6  2.8  83    0    0 263 -299  2
3797500 2746500  1 12  6  -1.2 1020  49  1.9 5  2.8  84    0    0 259 -298  2
3797500 2746500  1 12  7  -1.7 1021  40  1.2 4  2.8  84    0    0 248 -298  2
3797500 2746500  1 12  8  -2.4 1021  47  1.7 2  2.8  87    0    0 229 -297  2
3797500 2746500  1 12  9  -1.6 1021  80  1.8 2  2.8  87    0    0 220 -296  2
3797500 2746500  1 12 10  -0.9 1021  89  1.8 3  2.9  84   15   43 228 -297  2
3797500 2746500  1 12 11   1.2 1022  87  1.8 2  3.1  81   57   83 231 -299  2
3797500 2746500  1 12 12   2.1 1022  39  1.4 2  3.3  78  136   86 229 -303  2
3797500 2746500  1 12 13   4.2 1022  68  2.5 2  3.5  73  175   83 233 -307  2
3797500 2746500  1 12 14   4.8 1022  78  3.3 2  3.5  67  173   76 235 -310  2
3797500 2746500  1 12 15   4.8 1021  60  3.4 1  3.4  65  119   66 230 -312  2
3797500 2746500  1 12 16   4.5 1021  67  3.3 0  3.4  66   59   43 218 -311  2
3797500 2746500  1 12 17   3.9 1021  60  2.4 0  3.4  67    6   12 210 -308  2
3797500 2746500  1 12 18   2.9 1021  52  2.8 0  3.4  70    0    0 208 -304  2
3797500 2746500  1 12 19   2.5 1022  61  2.0 0  3.3  73    0    0 206 -302  2
3797500 2746500  1 12 20   2.2 1022  78  2.9 0  3.4  75    0    0 206 -300  2
3797500 2746500  1 12 21   1.9 1023  68  2.3 0  3.3  76    0    0 206 -298  2
3797500 2746500  1 12 22   1.4 1023  81  2.1 1  3.2  77    0    0 211 -297  2
3797500 2746500  1 12 23   0.9 1024  71  2.1 1  3.2  78    0    0 216 -296  2
3797500 2746500  1 12 24   0.8 1024  71  2.9 1  3.1  78    0    0 215 -295  2
3797500 2746500  1 13  1   0.5 1024  60  2.2 1  3.0  77    0    0 214 -294  2
3797500 2746500  1 13  2   0.1 1025  51  3.6 0  2.9  77    0    0 208 -293  2
3797500 2746500  1 13  3  -0.4 1025  70  3.3 0  2.9  78    0    0 201 -293  2
3797500 2746500  1 13  4  -0.7 1025  42  3.2 2  2.8  79    0    0 211 -292  2
3797500 2746500  1 13  5  -0.9 1026  50  2.6 4  2.8  80    0    0 233 -292  2
3797500 2746500  1 13  6  -1.1 1026  42  3.8 4  2.8  81    0    0 243 -292  2
3797500 2746500  1 13  7  -1.2 1026  53  3.8 1  2.8  82    0    0 228 -291  2
3797500 2746500  1 13  8  -1.6 1027  69  3.3 1  2.8  82    0    0 213 -290  2
3797500 2746500  1 13  9  -1.5 1027  68  3.1 1  2.7  81    0    1 212 -290  2
3797500 2746500  1 13 10  -1.5 1027  71  3.0 1  2.7  79   29   40 213 -290  2
3797500 2746500  1 13 11  -0.7 1028  61  2.4 1  2.7  78   85   71 214 -293  2
3797500 2746500  1 13 12   0.3 1028  65  2.7 2  2.7  72  144   81 222 -297  2
3797500 2746500  1 13 13   1.5 1028  52  2.1 2  2.6  65  190   76 230 -302  2
3797500 2746500  1 13 14   2.3 1028  53  3.2 2  2.5  59  190   67 232 -306  2
3797500 2746500  1 13 15   2.7 1028  50  4.0 1  2.5  56  142   57 227 -307  2
3797500 2746500  1 13 16   2.5 1028  51  3.2 1  2.5  56   69   40 223 -306  2
3797500 2746500  1 13 17   2.0 1028  49  3.8 4  2.5  58    8   11 237 -303  2
3797500 2746500  1 13 18   1.4 1028  61  3.8 3  2.5  60    0    0 244 -299  2
3797500 2746500  1 13 19   0.9 1029  71  3.1 0  2.6  63    0    0 223 -297  2
3797500 2746500  1 13 20   1.1 1029  57  3.0 0  2.6  64    0    0 208 -295  2
3797500 2746500  1 13 21   0.9 1030  56  4.1 0  2.6  65    0    0 208 -294  2
3797500 2746500  1 13 22   0.5 1030  59  3.4 0  2.6  67    0    0 207 -292  2
3797500 2746500  1 13 23   0.3 1031  62  3.5 0  2.6  68    0    0 208 -291  2
3797500 2746500  1 13 24  -0.2 1030  59  3.4 0  2.6  70    0    0 208 -290  2
3797500 2746500  1 14  1  -1.0 1031  77  2.9 1  2.6  73    0    0 212 -289  2
3797500 2746500  1 14  2  -1.3 1029  68  2.9 0  2.6  76    0    0 212 -288  2
3797500 2746500  1 14  3  -1.4 1029  54  2.9 2  2.6  78    0    0 217 -288  2
3797500 2746500  1 14  4  -1.6 1029  48  2.9 2  2.6  78    0    0 227 -287  2
3797500 2746500  1 14  5  -2.0 1029  47  2.8 1  2.6  79    0    0 222 -287  2
3797500 2746500  1 14  6  -2.2 1029  48  2.6 4  2.6  80    0    0 231 -287  2
3797500 2746500  1 14  7  -2.7 1028  52  2.5 2  2.6  82    0    0 235 -287  2
3797500 2746500  1 14  8  -2.9 1028  65  1.8 2  2.5  84    0    0 225 -287  2
3797500 2746500  1 14  9  -3.1 1028  75  2.4 2  2.5  85    0    2 225 -287  2
3797500 2746500  1 14 10  -2.5 1029  47  1.3 3  2.6  84   17   46 231 -288  2
3797500 2746500  1 14 11  -1.3 1029  72  1.2 3  2.6  81   19   89 236 -291  2
3797500 2746500  1 14 12  -0.2 1029  25  3.1 3  2.7  77   56  122 237 -296  2
3797500 2746500  1 14 13   0.0 1029  32  3.3 1  2.8  76  163   99 228 -302  2
3797500 2746500  1 14 14   0.7 1028  54  4.1 2  2.9  76  161   90 225 -306  2
3797500 2746500  1 14 15   1.0 1027  54  4.2 2  3.0  75  107   77 229 -308  2
3797500 2746500  1 14 16   0.4 1026  42  4.2 3  3.0  77   42   48 232 -308  2
3797500 2746500  1 14 17   0.5 1026  51  3.6 2  3.0  78    6   12 229 -305  2
3797500 2746500  1 14 18   0.3 1026  54  4.2 2  3.0  78    0    0 225 -302  2
3797500 2746500  1 14 19   0.1 1026  51  4.1 2  3.0  79    0    0 224 -300  2
3797500 2746500  1 14 20   0.0 1026  50  3.8 1  2.9  78    0    0 220 -298  2
3797500 2746500  1 14 21  -0.3 1026  78  3.2 0  2.8  75    0    0 214 -296  2
3797500 2746500  1 14 22  -0.8 1025  71  3.6 0  2.6  73    0    0 210 -295  2
3797500 2746500  1 14 23  -1.3 1025  71  2.9 0  2.5  73    0    0 209 -293  2
3797500 2746500  1 14 24  -1.8 1025  71  2.2 0  2.4  73    0    0 206 -292  2
3797500 2746500  1 15  1  -2.2 1025  61  2.0 2  2.4  74    0    0 209 -291  2
3797500 2746500  1 15  2  -2.7 1024  59  2.0 2  2.3  75    0    0 212 -290  2
3797500 2746500  1 15  3  -3.1 1023  60  3.1 3  2.3  77    0    0 214 -290  2
3797500 2746500  1 15  4  -3.3 1023  78  2.4 2  2.3  78    0    0 216 -289  2
3797500 2746500  1 15  5  -3.4 1022  79  1.8 1  2.3  78    0    0 211 -289  2
3797500 2746500  1 15  6  -3.6 1022  67  2.3 2  2.3  79    0    0 211 -289  2
3797500 2746500  1 15  7  -3.5 1022  67  2.0 1  2.3  79    0    0 211 -288  2
3797500 2746500  1 15  8  -3.6 1021  76  2.8 0  2.3  79    0    0 205 -288  2
3797500 2746500  1 15  9  -3.5 1021  78  2.5 0  2.3  80    0    2 201 -288  2
3797500 2746500  1 15 10  -2.9 1021  80  2.2 1  2.4  79   36   38 206 -288  2
3797500 2746500  1 15 11  -1.9 1022  85  2.3 0  2.5  78  108   57 207 -291  2
3797500 2746500  1 15 12  -0.6 1022  58  2.1 0  2.5  72  182   57 205 -297  2
3797500 2746500  1 15 13   0.6 1022  59  2.3 0  2.5  65  233   47 208 -303  2
3797500 2746500  1 15 14   1.2 1022  60  2.5 0  2.5  62  219   44 210 -307  2
3797500 2746500  1 15 15   2.1 1021  50  3.2 0  2.5  60  172   36 213 -309  2
3797500 2746500  1 15 16   2.1 1020  61  2.5 0  2.6  59   89   30 215 -308  2
3797500 2746500  1 15 17   1.6 1020  73  2.3 0  2.6  61   12   11 215 -304  2
3797500 2746500  1 15 18   0.9 1020  82  2.0 0  2.7  64    0    0 215 -301  2
3797500 2746500  1 15 19   0.3 1020  82  2.6 0  2.7  68    0    0 214 -298  2
3797500 2746500  1 15 20   0.1 1020  73  2.0 0  2.7  70    0    0 214 -297  2
3797500 2746500  1 15 21  -0.1 1020  73  1.2 0  2.7  72    0    0 214 -295  2
3797500 2746500  1 15 22  -0.2 1020  80  2.0 0  2.7  71    0    0 214 -295  2
3797500 2746500  1 15 23  -0.9 1020  99  1.5 0  2.5  70    0    0 214 -294  2
3797500 2746500  1 15 24  -1.9 1020  83  0.5 0  2.5  73    0    0 212 -294  2
3797500 2746500  1 16  1  -2.0 1020  94  1.3 1  2.5  75    0    0 215 -293  2
3797500 2746500  1 16  2  -2.7 1020  94  1.6 2  2.4  76    0    0 222 -292  2
3797500 2746500  1 16  3  -3.3 1020  95  1.6 3  2.4  79    0    0 228 -291  2
3797500 2746500  1 16  4  -3.1 1020  93  2.1 2  2.3  78    0    0 228 -290  2
3797500 2746500  1 16  5  -3.9 1019 107  1.8 2  2.2  77    0    0 223 -289  2
3797500 2746500  1 16  6  -3.3 1019  95  1.8 1  2.2  75    0    0 219 -288  2
3797500 2746500  1 16  7  -3.8 1019 115  2.4 0  2.1  72    0    0 211 -288  2
3797500 2746500  1 16  8  -5.0 1018 123  2.1 1  2.1  77    0    0 209 -287  2
3797500 2746500  1 16  9  -4.3 1018  92  0.9 1  2.0  75    0    3 213 -287  2
3797500 2746500  1 16 10  -2.1 1019  99  0.5 0  1.9  64   34   42 210 -287  2
3797500 2746500  1 16 11   0.7 1019  98  0.1 0  2.0  57  100   66 211 -291  2
3797500 2746500  1 16 12   0.8 1019 130  1.8 0  2.1  52  166   72 214 -297  2
3797500 2746500  1 16 13   1.6 1019 129  1.2 0  2.0  50  214   64 214 -303  2
3797500 2746500  1 16 14   2.5 1018 139  1.1 0  2.0  46  212   55 214 -307  2
3797500 2746500  1 16 15   3.0 1018  19  1.2 0  2.1  46  163   47 217 -309  2
3797500 2746500  1 16 16   2.7 1017  55  1.6 0  2.2  48   85   36 219 -307  2
3797500 2746500  1 16 17   1.6 1017  43  1.4 0  2.2  51   12   13 218 -304  2
3797500 2746500  1 16 18   0.6 1017  58  1.5 0  2.3  56    0    0 217 -300  2
3797500 2746500  1 16 19  -0.2 1017 149  1.3 1  2.3  60    0    0 219 -298  2
3797500 2746500  1 16 20   0.0 1017  98  0.8 0  2.2  60    0    0 220 -296  2
3797500 2746500  1 16 21  -0.6 1017 178  1.6 0  2.2  59    0    0 215 -295  2
3797500 2746500  1 16 22  -1.1 1017 151  1.4 0  2.1  60    0    0 213 -294  2
3797500 2746500  1 16 23  -1.6 1017 102  1.7 0  2.1  62    0    0 212 -293  2
3797500 2746500  1 16 24  -2.0 1016  99  1.7 1  2.0  60    0    0 214 -291  2
3797500 2746500  1 17  1  -2.6 1016 127  1.7 0  1.9  58    0    0 213 -290  2
3797500 2746500  1 17  2  -2.3 1016 129  2.3 0  1.9  59    0    0 209 -289  2
3797500 2746500  1 17  3  -3.1 1016  76  1.7 0  1.9  61    0    0 209 -288  2
3797500 2746500  1 17  4  -3.8 1015  72  1.6 2  1.9  65    0    0 217 -286  2
3797500 2746500  1 17  5  -3.4 1015  80  1.4 3  1.9  66    0    0 231 -285  2
3797500 2746500  1 17  6  -4.2 1015  79  2.0 2  1.9  67    0    0 230 -284  2
3797500 2746500  1 17  7  -4.5 1014  73  2.2 0  1.9  68    0    0 215 -283  2
3797500 2746500  1 17  8  -4.2 1014  80  0.9 3  1.8  67    0    0 219 -282  2
3797500 2746500  1 17  9  -4.1 1014  73  1.6 4  1.8  66    0    1 238 -281  2
3797500 2746500  1 17 10  -3.5 1014  94  1.1 4  1.9  68    0   33 244 -282  2
3797500 2746500  1 17 11  -2.2 1014  96  2.3 7  2.1  68    0   64 261 -286  2
3797500 2746500  1 17 12  -1.7 1014  87  2.4 7  2.1  66   16  103 279 -293  2
3797500 2746500  1 17 13  -1.2 1013 127  1.9 6  2.2  65   59  110 275 -302  2
3797500 2746500  1 17 14  -0.9 1013 104  1.4 5  2.2  64   71   95 266 -308  2
3797500 2746500  1 17 15  -0.3 1012  95  0.8 5  2.3  62  123   38 262 -311  2
3797500 2746500  1 17 16  -0.2 1012 120  1.5 5  2.3  62   64   24 264 -312  2
3797500 2746500  1 17 17  -0.4 1012 138  1.0 1  2.3  62   12    9 245 -313  2
3797500 2746500  1 17 18  -1.3 1013   6  0.0 1  2.2  63    0    0 225 -313  2
3797500 2746500  1 17 19  -1.5 1013  78  0.2 1  2.2  66    0    0 224 -313  2
3797500 2746500  1 17 20  -2.3 1013  79  0.3 2  2.3  68    0    0 228 -314  2
3797500 2746500  1 17 21  -3.1 1013  99  0.4 2  2.2  72    0    0 232 -315  2
3797500 2746500  1 17 22  -3.0 1013 134  0.4 0  2.3  75    0    0 223 -316  2
3797500 2746500  1 17 23  -4.4 1013 155  0.6 0  2.2  76    0    0 211 -317  2
3797500 2746500  1 17 24  -3.6 1013 168  0.6 3  2.2  78    0    0 224 -318  2
3797500 2746500  1 18  1  -3.2 1013 170  0.5 1  2.3  78    0    0 229 -319  2
3797500 2746500  1 18  2  -3.5 1013  98  1.1 2  2.3  79    0    0 224 -318  2
3797500 2746500  1 18  3  -2.6 1013  90  0.8 3  2.4  81    0    0 237 -318  2
3797500 2746500  1 18  4  -1.7 1012 152  1.4 4  2.6  80    0    0 251 -319  2
3797500 2746500  1 18  5  -0.9 1012 143  1.8 6  2.8  81    0    0 269 -318  2
3797500 2746500  1 18  6  -0.3 1012 145  2.0 7  3.1  84    0    0 287 -317  2
3797500 2746500  1 18  7   0.1 1012 150  2.3 7  3.2  85    0    0 294 -317  2
3797500 2746500  1 18  8   0.7 1012 162  2.4 8  3.3  84    0    0 300 -317  2
3797500 2746500  1 18  9   1.2 1012 152  2.4 8  3.4  82    0    3 306 -317  2
3797500 2746500  1 18 10   1.1 1013 152  3.5 6  3.4  82    7   51 294 -318  2
3797500 2746500  1 18 11   2.2 1013 164  3.2 6  3.4  81    5   83 285 -319  2
3797500 2746500  1 18 12   2.5 1013 153  3.5 6  3.5  78   15  124 286 -320  2
3797500 2746500  1 18 13   3.5 1013 162  3.3 4  3.6  77   47  149 278 -320  2
3797500 2746500  1 18 14   3.8 1013 153  4.6 3  3.7  74   93  133 266 -320  2
3797500 2746500  1 18 15   4.0 1012 160  2.7 4  3.6  72   75  103 266 -319  2
3797500 2746500  1 18 16   4.0 1012 160  2.5 7  3.5  70    7   51 283 -318  2
3797500 2746500  1 18 17   3.9 1012 149  2.5 7  3.5  69    0    6 296 -317  2
3797500 2746500  1 18 18   3.7 1013 140  3.3 8  3.4  67    0    0 300 -317  2
3797500 2746500  1 18 19   3.8 1013 140  2.6 6  3.4  68    0    0 296 -317  2
3797500 2746500  1 18 20   3.8 1013 141  2.0 6  3.4  69    0    0 287 -318  2
3797500 2746500  1 18 21   3.7 1013 164  1.9 7  3.4  69    0    0 291 -318  2
3797500 2746500  1 18 22   3.3 1013 161  3.1 8  3.4  70    0    0 299 -317  2
3797500 2746500  1 18 23   3.4 1013 150  2.9 8  3.4  70    0    0 304 -317  2
3797500 2746500  1 18 24   3.0 1014 152  2.2 8  3.3  70    0    0 303 -316  2
3797500 2746500  1 19  1   2.3 1014 144  1.8 7  3.4  74    0    0 298 -316  2
3797500 2746500  1 19  2   2.3 1014 176  1.8 6  3.4  77    0    0 288 -315  2
3797500 2746500  1 19  3   1.9 1013 165  1.8 6  3.4  76    0    0 283 -314  2
3797500 2746500  1 19  4   2.1 1014 168  1.6 6  3.3  76    0    0 282 -312  2
3797500 2746500  1 19  5   2.1 1014 154  1.7 7  3.3  74    0    0 287 -311  2
3797500 2746500  1 19  6   1.9 1014 148  1.6 8  3.2  73    0    0 297 -311  2
3797500 2746500  1 19  7   1.9 1014 144  1.5 7  3.3  75    0    0 297 -310  2
3797500 2746500  1 19  8   2.0 1014 194  0.9 7  3.3  75    0    0 291 -310  2
3797500 2746500  1 19  9   1.7 1014 178  1.5 7  3.3  76    0    0 291 -309  2
3797500 2746500  1 19 10   1.8 1014 205  1.6 7  3.3  76    0   24 290 -309  2
3797500 2746500  1 19 11   1.9 1015 164  1.0 8  3.3  76    0   32 294 -310  2
3797500 2746500  1 19 12   2.1 1015 189  1.0 8  3.3  76    0   38 298 -313  2
3797500 2746500  1 19 13   2.2 1016 159  1.6 8  3.4  77    0   73 298 -315  2
3797500 2746500  1 19 14   2.5 1015 160  1.5 8  3.4  77    2  103 298 -316  2
3797500 2746500  1 19 15   3.0 1015 158  1.0 6  3.5  76   44  121 288 -316  2
3797500 2746500  1 19 16   2.8 1015 222  1.5 7  3.5  76   37   75 283 -316  2
3797500 2746500  1 19 17   2.6 1015 260  0.6 6  3.5  77    2   15 283 -316  2
3797500 2746500  1 19 18   2.0 1016   1  0.0 5  3.5  78    0    0 271 -316  2
3797500 2746500  1 19 19   1.9 1016   0  0.0 7  3.4  78    0    0 275 -314  2
3797500 2746500  1 19 20   1.9 1016 187  0.5 8  3.3  77    0    0 290 -312  2
3797500 2746500  1 19 21   1.9 1016 146  0.6 8  3.3  76    0    0 295 -310  2
3797500 2746500  1 19 22   1.6 1016 153  0.8 8  3.4  79    0    0 295 -310  2
3797500 2746500  1 19 23   1.9 1016 192  0.9 8  3.3  78    0    0 295 -309  2
3797500 2746500  1 19 24   1.7 1016 171  1.0 8  3.3  77    0    0 295 -309  2
3797500 2746500  1 20  1   1.1 1017 180  1.1 7  3.3  79    0    0 289 -309  2
3797500 2746500  1 20  2   1.3 1017 179  1.7 7  3.3  80    0    0 284 -309  2
3797500 2746500  1 20  3   1.2 1017 193  1.5 8  3.3  80    0    0 289 -309  2
3797500 2746500  1 20  4   0.9 1017 180  1.0 7  3.3  81    0    0 289 -309  2
3797500 2746500  1 20  5   0.9 1017 169  1.1 8  3.3  83    0    0 290 -309  2
3797500 2746500  1 20  6   0.7 1017 181  1.8 6  3.4  85    0    0 285 -310  2
3797500 2746500  1 20  7   0.8 1017 205  1.3 8  3.4  86    0    0 284 -310  2
3797500 2746500  1 20  8   0.5 1017 180  1.1 8  3.4  86    0    0 294 -311  2
3797500 2746500  1 20  9   0.5 1017 159  1.1 7  3.4  87    0    0 289 -311  2
3797500 2746500  1 20 10   0.8 1017 199  1.1 7  3.4  87    0   28 284 -311  2
3797500 2746500  1 20 11   1.2 1018 268  1.0 8  3.5  86    0   56 290 -313  2
3797500 2746500  1 20 12   1.4 1018 198  1.3 8  3.6  86    0   67 297 -315  2
3797500 2746500  1 20 13   1.5 1018 170  1.3 8  3.6  86    0   94 298 -316  2
3797500 2746500  1 20 14   2.1 1018 144  1.3 6  3.6  84    9  122 286 -318  2
3797500 2746500  1 20 15   2.2 1017 348  0.5 7  3.6  83    3   84 282 -320  2
3797500 2746500  1 20 16   1.9 1017 352  0.5 7  3.6  83    1   43 288 -320  2
3797500 2746500  1 20 17   1.5 1017 289  1.9 8  3.6  84    0    8 294 -318  2
3797500 2746500  1 20 18   0.7 1018 291  2.0 7  3.6  87    0    0 291 -316  2
3797500 2746500  1 20 19   0.5 1018 287  1.1 6  3.5  90    0    0 279 -316  2
3797500 2746500  1 20 20   0.3 1018 289  1.0 6  3.5  90    0    0 273 -316  2
3797500 2746500  1 20 21   0.3 1018 278  0.8 7  3.5  90    0    0 279 -316  2
3797500 2746500  1 20 22   0.0 1018 293  0.8 8  3.4  90    0    0 290 -316  2
3797500 2746500  1 20 23   0.1 1019 267  0.9 8  3.4  90    0    0 297 -316  2
3797500 2746500  1 20 24  -0.5 1019 281  0.8 8  3.4  90    0    0 297 -316  2
3797500 2746500  1 21  1  -1.1 1019 252  1.4 8  3.3  92    0    0 296 -315  2
3797500 2746500  1 21  2  -1.7 1019 235  0.8 6  3.1  92    0    0 282 -314  2
3797500 2746500  1 21  3  -1.7 1019 220  0.8 6  3.1  92    0    0 268 -313  2
3797500 2746500  1 21  4  -1.1 1020 211  0.7 8  3.1  92    0    0 281 -313  2
3797500 2746500  1 21  5  -1.2 1020 207  0.6 7  3.2  92    0    0 288 -312  2
3797500 2746500  1 21  6  -1.3 1020 207  0.7 7  3.2  93    0    0 281 -311  2
3797500 2746500  1 21  7  -1.0 1020 160  0.9 7  3.2  93    0    0 282 -310  2
3797500 2746500  1 21  8  -1.6 1020 168  0.9 6  3.1  92    0    0 275 -309  2
3797500 2746500  1 21  9  -1.9 1019 203  0.9 7  3.1  92    0    4 272 -308  2
3797500 2746500  1 21 10  -1.2 1020 175  0.9 6  3.1  92   20   51 272 -309  2
3797500 2746500  1 21 11  -0.9 1020 160  0.8 4  3.2  91   47   96 251 -312  2
3797500 2746500  1 21 12  -0.5 1020 144  1.6 3  3.2  89   75  124 230 -314  2
3797500 2746500  1 21 13   0.1 1019 134  3.1 3  3.1  84  112  125 222 -315  2
3797500 2746500  1 21 14   0.4 1018 149  3.8 4  3.0  79   91  122 227 -316  2
3797500 2746500  1 21 15   0.8 1017 146  4.5 3  2.9  74  110   84 224 -318  2
3797500 2746500  1 21 16   0.1 1016 128  3.9 3  2.9  73   54   56 216 -318  2
3797500 2746500  1 21 17  -0.3 1016 147  4.1 7  2.8  76    5   15 238 -316  2
3797500 2746500  1 21 18  -0.3 1015 147  5.0 7  2.8  77    0    0 263 -316  2
3797500 2746500  1 21 19   0.3 1014 136  5.0 8  2.9  76    0    0 271 -316  2
3797500 2746500  1 21 20   0.6 1014 145  5.6 8  2.9  74    0    0 279 -316  2
3797500 2746500  1 21 21   0.2 1013 137  5.6 8  3.0  77    0    0 278 -316  2
3797500 2746500  1 21 22   0.2 1012 127  4.5 8  3.2  84    0    0 278 -315  2
3797500 2746500  1 21 23   0.6 1011 120  4.9 8  3.4  86    0    0 279 -315  2
3797500 2746500  1 21 24   1.0 1009 138  5.7 7  3.4  85    0    0 277 -315  2
3797500 2746500  1 22  1   1.2 1008 147  5.7 8  3.5  84    0    0 277 -315  2
3797500 2746500  1 22  2   1.4 1007 147  4.8 8  3.5  84    0    0 284 -316  2
3797500 2746500  1 22  3   1.8 1006 149  3.9 8  3.7  86    0    0 285 -316  2
3797500 2746500  1 22  4   1.9 1005 148  3.3 8  3.8  87    0    0 286 -316  2
3797500 2746500  1 22  5   2.3 1004 158  2.6 8  3.9  88    0    0 288 -316  2
3797500 2746500  1 22  6   2.3 1003 159  1.9 8  4.0  89    0    0 288 -316  2
3797500 2746500  1 22  7   2.7 1003 181  1.4 8  4.1  90    0    0 289 -316  2
3797500 2746500  1 22  8   3.3 1003 173  1.1 8  4.4  92    0    0 290 -316  2
3797500 2746500  1 22  9   3.3 1003 185  1.6 8  4.5  92    0    1 289 -317  2
3797500 2746500  1 22 10   3.3 1003 157  1.1 8  4.5  93    0   35 288 -318  2
3797500 2746500  1 22 11   3.4 1003 181  1.6 8  4.7  96    0   42 287 -319  2
3797500 2746500  1 22 12   4.0 1003 179  1.9 7  4.8  97    0   70 280 -321  2
3797500 2746500  1 22 13   4.5 1003 173  1.7 6  5.0  97    0   96 269 -323  2
3797500 2746500  1 22 14   5.2 1002 176  2.5 7  5.2  96    0   52 268 -324  2
3797500 2746500  1 22 15   5.4 1001 152  1.8 7  5.4  96    0   64 274 -327  2
3797500 2746500  1 22 16   6.0 1001 151  2.0 7  5.5  95    7   62 276 -328  2
3797500 2746500  1 22 17   6.2 1000 166  3.1 8  5.5  93    1   15 283 -326  2
3797500 2746500  1 22 18   5.9  999 166  2.8 8  5.3  90    0    0 288 -325  2
3797500 2746500  1 22 19   6.2  999 155  2.7 7  5.1  87    0    0 285 -325  2
3797500 2746500  1 22 20   5.9  998 154  3.8 5  5.0  84    0    0 277 -325  2
3797500 2746500  1 22 21   5.7  997 159  3.6 5  4.7  81    0    0 272 -326  2
3797500 2746500  1 22 22   5.5  997 159  2.1 7  4.5  78    0    0 284 -326  2
3797500 2746500  1 22 23   5.6  997 193  3.3 7  4.3  76    0    0 297 -327  2
3797500 2746500  1 22 24   5.1  997 155  4.3 7  4.5  80    0    0 301 -328  2
3797500 2746500  1 23  1   5.5  996 164  4.7 7  4.8  85    0    0 306 -330  2
3797500 2746500  1 23  2   5.9  995 163  4.2 7  4.9  84    0    0 311 -332  2
3797500 2746500  1 23  3   6.3  994 163  4.0 7  4.9  82    0    0 313 -333  2
3797500 2746500  1 23  4   6.4  994 174  3.1 7  5.0  82    0    0 315 -333  2
3797500 2746500  1 23  5   6.8  994 164  3.9 8  5.1  83    0    0 321 -333  2
3797500 2746500  1 23  6   6.7  994 172  3.0 8  5.3  85    0    0 328 -332  2
3797500 2746500  1 23  7   6.8  994 173  2.8 7  5.4  87    0    0 324 -332  2
3797500 2746500  1 23  8   7.2  994 213  3.1 8  5.5  86    0    0 325 -332  2
3797500 2746500  1 23  9   7.0  995 223  3.1 8  5.3  83    0    7 334 -331  2
3797500 2746500  1 23 10   6.9  996 223  3.6 6  5.2  82   23   53 313 -331  2
3797500 2746500  1 23 11   6.9  997 204  2.4 6  5.1  82   13   88 287 -335  2
3797500 2746500  1 23 12   7.4  997 184  2.6 7  5.2  81    3   96 306 -341  2
3797500 2746500  1 23 13   8.1  997 193  3.3 6  5.2  78   50  135 314 -345  2
3797500 2746500  1 23 14   9.2  997 193  3.1 3  5.2  73  162   98 289 -348  2
3797500 2746500  1 23 15   8.8  996 183  3.1 4  5.0  68  100   88 274 -349  2
3797500 2746500  1 23 16   8.7  996 184  3.5 6  4.9  69   17   56 289 -349  2
3797500 2746500  1 23 17   8.3  996 162  3.9 8  5.0  71    2   13 320 -349  2
3797500 2746500  1 23 18   8.1  995 162  4.4 7  5.1  74    0    0 331 -348  2
3797500 2746500  1 23 19   7.4  994 162  4.6 8  5.3  80    0    0 331 -348  2
3797500 2746500  1 23 20   7.6  993 152  6.3 8  5.6  85    0    0 341 -349  2
3797500 2746500  1 23 21   8.3  992 162  6.2 8  5.6  83    0    0 343 -350  2
3797500 2746500  1 23 22   8.8  991 163  5.4 8  5.6  79    0    0 345 -351  2
3797500 2746500  1 23 23   9.2  990 163  4.8 8  5.7  78    0    0 347 -352  2
3797500 2746500  1 23 24   9.5  990 162  5.5 8  5.9  78    0    0 348 -353  2
3797500 2746500  1 24  1   9.5  990 163  5.0 8  6.0  80    0    0 349 -354  2
3797500 2746500  1 24  2  10.3  989 173  4.9 8  6.2  80    0    0 352 -355  2
3797500 2746500  1 24  3  10.7  988 173  5.3 6  6.3  78    0    0 329 -357  2
3797500 2746500  1 24  4  10.7  987 164  5.2 7  6.2  76    0    0 318 -357  2
3797500 2746500  1 24  5  10.4  986 164  7.5 8  6.3  78    0    0 342 -358  2
3797500 2746500  1 24  6  11.4  985 174  5.8 7  6.3  76    0    0 342 -358  2
3797500 2746500  1 24  7  11.5  985 174  6.0 7  6.2  72    0    0 330 -358  2
3797500 2746500  1 24  8  11.4  985 174  5.1 7  6.3  73    0    0 331 -358  2
3797500 2746500  1 24  9  11.0  985 182  4.5 7  6.4  75    0    3 331 -358  2
3797500 2746500  1 24 10  11.0  986 230  6.1 7  6.3  75    0   20 331 -358  2
3797500 2746500  1 24 11   8.9  987 213  4.5 8  6.2  79    0   31 338 -359  2
3797500 2746500  1 24 12   9.2  988 222  4.6 8  6.0  82    0   41 345 -360  2
3797500 2746500  1 24 13   9.5  990 232  4.7 8  6.0  79    0   77 344 -362  2
3797500 2746500  1 24 14   9.7  990 231  3.6 7  5.9  78   24  107 337 -362  2
3797500 2746500  1 24 15   9.7  990 225  4.2 7  5.8  75    8   80 331 -362  2
3797500 2746500  1 24 16   9.7  991 219  4.3 7  5.6  73    8   47 331 -360  2
3797500 2746500  1 24 17   9.4  992 213  3.1 7  5.5  73    0   12 330 -356  2
3797500 2746500  1 24 18   7.4  993 220  3.9 8  5.4  77    0    0 330 -350  2
3797500 2746500  1 24 19   6.9  994 218  3.7 7  5.3  83    0    0 324 -344  2
3797500 2746500  1 24 20   6.4  995 213  2.8 4  5.3  85    0    0 297 -339  2
3797500 2746500  1 24 21   5.9  996 211  3.5 3  5.1  86    0    0 271 -336  2
3797500 2746500  1 24 22   5.6  997 214  2.8 4  5.0  86    0    0 268 -335  2
3797500 2746500  1 24 23   5.6  998 214  3.6 4  4.9  85    0    0 268 -334  2
3797500 2746500  1 24 24   5.3  998 203  2.8 1  4.7  84    0    0 247 -336  2
3797500 2746500  1 25  1   4.5  999 169  2.2 1  4.6  84    0    0 230 -339  2
3797500 2746500  1 25  2   4.6  999 189  2.2 1  4.5  85    0    0 232 -341  2
3797500 2746500  1 25  3   4.6  999 165  3.8 2  4.4  83    0    0 238 -342  2
3797500 2746500  1 25  4   4.9  998 163  4.2 2  4.4  81    0    0 243 -341  2
3797500 2746500  1 25  5   5.6  998 166  4.5 4  4.3  78    0    0 252 -340  2
3797500 2746500  1 25  6   5.5  997 161  4.9 6  4.5  78    0    0 274 -340  2
3797500 2746500  1 25  7   6.2  997 157  3.8 7  4.7  81    0    0 294 -339  2
3797500 2746500  1 25  8   6.6  997 166  4.1 6  4.9  80    0    0 297 -340  2
3797500 2746500  1 25  9   6.6  997 167  3.6 7  4.9  80    0    3 300 -343  2
3797500 2746500  1 25 10   6.9  997 161  3.7 8  4.9  79    0   30 315 -344  2
3797500 2746500  1 25 11   7.0  997 162  4.4 8  5.1  81    0   58 323 -345  2
3797500 2746500  1 25 12   7.1  997 162  3.8 7  5.3  84    0   68 316 -346  2
3797500 2746500  1 25 13   7.3  997 172  3.4 7  5.3  82    0   79 311 -349  2
3797500 2746500  1 25 14   7.6  996 161  3.4 6  5.4  82    1   92 306 -351  2
3797500 2746500  1 25 15   8.1  996 183  3.0 7  5.4  81    1   77 307 -352  2
3797500 2746500  1 25 16   7.8  995 200  2.9 7  5.4  80    5   57 311 -351  2
3797500 2746500  1 25 17   7.4  995 222  3.3 8  5.5  84    0   11 314 -349  2
3797500 2746500  1 25 18   6.8  996 212  2.6 8  5.5  86    0    0 319 -346  2
3797500 2746500  1 25 19   6.5  996 232  2.4 7  5.4  87    0    0 309 -343  2
3797500 2746500  1 25 20   6.3  997 237  3.1 8  5.3  88    0    0 308 -342  2
3797500 2746500  1 25 21   5.9  997 230  3.2 8  5.2  87    0    0 316 -342  2
3797500 2746500  1 25 22   5.6  998 222  2.3 5  5.0  86    0    0 285 -341  2
3797500 2746500  1 25 23   5.1  998 213  2.2 5  4.8  86    0    0 253 -339  2
3797500 2746500  1 25 24   4.7  998 207  2.5 3  4.7  86    0    0 233 -336  2
3797500 2746500  1 26  1   4.3  998 168  2.1 2  4.6  86    0    0 210 -335  2
3797500 2746500  1 26  2   4.0  998 181  2.4 1  4.4  85    0    0 201 -335  2
3797500 2746500  1 26  3   3.9  998 173  2.2 0  4.3  84    0    0 193 -335  2
3797500 2746500  1 26  4   4.3  998 182  2.2 0  4.3  83    0    0 200 -336  2
3797500 2746500  1 26  5   4.4  998 175  2.2 3  4.3  82    0    0 227 -336  2
3797500 2746500  1 26  6   5.6  998 194  2.3 5  4.5  81    0    0 262 -335  2
3797500 2746500  1 26  7   5.3  997 186  3.4 6  4.7  82    0    0 282 -335  2
3797500 2746500  1 26  8   5.1  997 183  2.8 8  4.7  85    0    0 301 -334  2
3797500 2746500  1 26  9   5.2  997 175  4.1 8  4.7  84    0    1 316 -334  2
3797500 2746500  1 26 10   5.3  997 183  2.8 6  4.8  85    4   55 302 -334  2
3797500 2746500  1 26 11   5.2  997 182  2.7 4  4.8  86   28  111 277 -335  2
3797500 2746500  1 26 12   5.2  997 184  4.4 5  4.7  85   36  144 273 -338  2
3797500 2746500  1 26 13   6.5  997 186  4.7 4  4.7  80   71  161 276 -341  2
3797500 2746500  1 26 14   5.9  996 172  3.1 7  4.6  76    1   94 287 -342  2
3797500 2746500  1 26 15   5.8  996 179  3.2 7  4.5  78    0   61 300 -341  2
3797500 2746500  1 26 16   6.5  995 170  3.6 6  4.6  77    3   52 295 -340  2
3797500 2746500  1 26 17   6.6  995 192  2.4 7  4.6  75    5   20 295 -339  2
3797500 2746500  1 26 18   6.2  994 180  2.7 7  4.6  76    0    0 298 -338  2
3797500 2746500  1 26 19   6.1  994 184  3.0 6  4.7  78    0    0 292 -336  2
3797500 2746500  1 26 20   5.9  994 174  2.4 6  4.6  78    0    0 284 -332  2
3797500 2746500  1 26 21   5.8  994 168  2.4 5  4.6  78    0    0 280 -328  2
3797500 2746500  1 26 22   5.6  993 162  2.5 4  4.5  77    0    0 280 -325  2
3797500 2746500  1 26 23   5.5  993 162  2.8 4  4.5  77    0    0 280 -324  2
3797500 2746500  1 26 24   5.3  992 164  3.3 5  4.5  78    0    0 256 -324  2
3797500 2746500  1 27  1   5.1  994 179  3.6 6  4.6  81    0    0 315 -334  2
3797500 2746500  1 27  2   4.9  992 194  3.9 7  4.7  84    0    0 316 -333  2
3797500 2746500  1 27  3   4.7  991 209  4.2 8  4.8  86    0    0 317 -332  2
3797500 2746500  1 27  4   4.1  989 220  3.9 8  4.6  87    0    0 318 -332  2
3797500 2746500  1 27  5   3.9  989 238  3.3 7  4.6  87    0    0 311 -331  2
3797500 2746500  1 27  6   3.0  989 241  2.2 6  4.3  89    0    0 297 -330  2
3797500 2746500  1 27  7   2.9  989 321  2.2 8  4.4  91    0    0 304 -328  2
3797500 2746500  1 27  8   3.2  990 322  4.2 8  4.4  92    0    0 316 -329  2
3797500 2746500  1 27  9   4.0  992 338  5.3 8  4.6  90    0    6 318 -331  2
3797500 2746500  1 27 10   4.4  994 333  5.0 7  4.7  89   14   43 314 -332  2
3797500 2746500  1 27 11   4.8  996 329  3.9 7  4.7  87   23   78 310 -333  2
3797500 2746500  1 27 12   5.3  998 308  3.8 6  4.7  84   11  100 304 -335  2
3797500 2746500  1 27 13   5.3 1000 298  2.9 8  4.6  83    0   47 310 -336  2
3797500 2746500  1 27 14   5.7 1000 299  3.4 8  4.7  83    0   55 316 -338  2
3797500 2746500  1 27 15   6.2 1001 300  4.3 6  4.7  80    9   83 299 -339  2
3797500 2746500  1 27 16   6.5 1002 329  3.6 6  4.4  73   57   34 285 -338  2
3797500 2746500  1 27 17   4.8 1003 290  3.2 6  4.3  75    0   12 279 -335  2
3797500 2746500  1 27 18   4.6 1003 274  3.2 6  4.6  85    0    0 274 -329  2
3797500 2746500  1 27 19   4.7 1004 276  3.6 7  4.6  86    0    0 278 -326  2
3797500 2746500  1 27 20   4.9 1004 267  3.3 8  4.6  86    0    0 291 -326  2
3797500 2746500  1 27 21   4.8 1004 250  4.7 8  4.7  86    0    0 301 -327  2
3797500 2746500  1 27 22   4.5 1004 242  4.3 7  4.5  84    0    0 298 -327  2
3797500 2746500  1 27 23   4.3 1004 233  3.7 7  4.4  83    0    0 293 -326  2
3797500 2746500  1 27 24   4.1 1004 223  3.7 6  4.3  83    0    0 289 -324  2
3797500 2746500  1 28  1   4.3 1004 221  3.9 7  4.3  83    0    0 292 -324  2
3797500 2746500  1 28  2   3.7 1003 209  3.5 7  4.3  84    0    0 300 -324  2
3797500 2746500  1 28  3   3.9 1002 212  3.6 7  4.4  86    0    0 302 -323  2
3797500 2746500  1 28  4   3.7 1001 208  4.2 8  4.4  87    0    0 309 -320  2
3797500 2746500  1 28  5   3.5 1000 188  3.9 8  4.4  88    0    0 316 -321  2
3797500 2746500  1 28  6   3.3  999 179  4.6 8  4.5  92    0    0 315 -325  2
3797500 2746500  1 28  7   3.5  998 196  3.6 8  4.6  94    0    0 317 -327  2
3797500 2746500  1 28  8   3.9  998 200  3.8 8  4.8  95    0    0 319 -329  2
3797500 2746500  1 28  9   5.8  997 240  3.5 8  5.1  94    0    5 324 -330  2
3797500 2746500  1 28 10   6.0  996 259  4.2 8  5.4  92    0   34 327 -332  2
3797500 2746500  1 28 11   5.9  996 288  3.5 8  5.4  91    0   32 327 -333  2
3797500 2746500  1 28 12   5.8  995 280  3.0 8  5.3  90    0   44 327 -335  2
3797500 2746500  1 28 13   5.9  995 285  2.6 8  5.3  90    0   52 327 -337  2
3797500 2746500  1 28 14   5.5  995 287  3.3 8  5.2  89    0   38 326 -339  2
3797500 2746500  1 28 15   5.8  994 318  3.0 8  5.1  88    0   23 327 -340  2
3797500 2746500  1 28 16   6.1  995 341  3.7 7  5.0  86    0   34 321 -339  2
3797500 2746500  1 28 17   5.6  996 348  2.8 7  5.0  84    5   14 313 -337  2
3797500 2746500  1 28 18   4.8  997 356  3.0 7  4.9  87    0    0 310 -335  2
3797500 2746500  1 28 19   4.6  999  33  3.5 7  4.8  88    0    0 307 -334  2
3797500 2746500  1 28 20   4.4 1001  21  3.2 8  4.6  86    0    0 309 -333  2
3797500 2746500  1 28 21   3.8 1002   1  2.5 8  4.4  85    0    0 312 -330  2
3797500 2746500  1 28 22   3.4 1004   3  2.7 8  4.3  86    0    0 310 -328  2
3797500 2746500  1 28 23   3.4 1005 350  2.1 8  4.3  87    0    0 309 -325  2
3797500 2746500  1 28 24   2.6 1006   5  2.7 8  4.1  87    0    0 306 -320  2
3797500 2746500  1 29  1   1.6 1008  17  4.0 7  3.8  86    0    0 296 -316  2
3797500 2746500  1 29  2   1.0 1009  31  4.5 7  3.5  84    0    0 287 -316  2
3797500 2746500  1 29  3   0.4 1010  30  4.5 8  3.2  79    0    0 289 -314  2
3797500 2746500  1 29  4   0.3 1012  17  4.0 8  2.9  74    0    0 291 -312  2
3797500 2746500  1 29  5   0.2 1013  18  3.5 8  2.8  73    0    0 289 -310  2
3797500 2746500  1 29  6   0.0 1014  25  3.8 7  2.9  76    0    0 282 -309  2
3797500 2746500  1 29  7   0.1 1015  18  3.2 7  2.9  77    0    0 275 -306  2
3797500 2746500  1 29  8   0.0 1016  21  3.3 8  2.8  75    0    0 277 -303  2
3797500 2746500  1 29  9  -0.1 1017  17  3.2 8  2.8  74    2   13 278 -300  2
3797500 2746500  1 29 10  -0.6 1019  29  2.6 2  2.7  73   44   63 246 -298  2
3797500 2746500  1 29 11  -0.8 1020  28  4.5 2  2.5  71   83  105 215 -298  2
3797500 2746500  1 29 12  -0.3 1021  29  4.1 1  2.5  68  154  118 209 -301  2
3797500 2746500  1 29 13  -0.2 1022  38  4.3 2  2.3  63  163  128 211 -304  2
3797500 2746500  1 29 14   0.1 1023   6  2.9 4  2.2  60   31  142 225 -306  2
3797500 2746500  1 29 15  -0.3 1024  36  3.3 5  2.3  62   14  106 237 -306  2
3797500 2746500  1 29 16  -0.6 1024  46  2.5 5  2.3  63   48   70 238 -305  2
3797500 2746500  1 29 17  -1.1 1025  10  1.3 1  2.2  64   26   27 219 -303  2
3797500 2746500  1 29 18  -1.5 1025  14  0.7 1  2.3  66    0    0 201 -300  2
3797500 2746500  1 29 19  -1.6 1026  12  0.2 2  2.3  68    0    0 204 -296  2
3797500 2746500  1 29 20  -1.6 1027  17  0.4 2  2.3  69    0    0 207 -294  2
3797500 2746500  1 29 21  -1.8 1027  29  0.9 1  2.3  70    0    0 202 -293  2
3797500 2746500  1 29 22  -1.6 1027  36  0.4 1  2.3  69    0    0 198 -292  2
3797500 2746500  1 29 23  -2.1 1028  41  1.1 1  2.2  68    0    0 197 -292  2
3797500 2746500  1 29 24  -2.7 1029 359  0.0 1  2.2  71    0    0 196 -290  2
3797500 2746500  1 30  1  -2.5 1029 292  1.4 1  2.2  73    0    0 196 -287  2
3797500 2746500  1 30  2  -3.4 1029 272  0.5 1  2.3  77    0    0 194 -287  2
3797500 2746500  1 30  3  -3.3 1030 350  0.4 2  2.3  80    0    0 196 -286  2
3797500 2746500  1 30  4  -2.4 1030 303  0.4 4  2.4  80    0    0 208 -285  2
3797500 2746500  1 30  5  -2.2 1030 273  1.2 5  2.5  79    0    0 218 -283  2
3797500 2746500  1 30  6  -2.5 1030 261  0.6 4  2.5  79    0    0 217 -281  2
3797500 2746500  1 30  7  -1.8 1030 293  0.8 3  2.5  80    0    0 212 -279  2
3797500 2746500  1 30  8  -1.5 1030 311  1.5 6  2.5  77    0    0 218 -278  2
3797500 2746500  1 30  9  -1.6 1030 338  0.9 7  2.4  72    0   11 229 -277  2
3797500 2746500  1 30 10  -1.4 1031 331  2.2 6  2.3  70    5   52 232 -277  2
3797500 2746500  1 30 11  -0.5 1032   6  1.9 5  2.4  69   54  111 231 -281  2
3797500 2746500  1 30 12   0.5 1033   8  2.2 2  2.5  67  190  101 223 -287  2
3797500 2746500  1 30 13   1.5 1033   0  2.2 1  2.6  65  226  100 211 -292  2
3797500 2746500  1 30 14   2.5 1033  10  2.9 3  2.7  63  106  138 219 -296  2
3797500 2746500  1 30 15   2.5 1032   1  2.9 4  2.8  63   40  115 233 -297  2
3797500 2746500  1 30 16   2.8 1032   3  2.2 4  2.8  62   64   69 235 -296  2
3797500 2746500  1 30 17   2.5 1032 334  2.8 4  2.8  61   21   23 233 -293  2
3797500 2746500  1 30 18   2.1 1032 356  2.1 6  2.7  63    0    0 237 -289  2
3797500 2746500  1 30 19   2.2 1033 327  1.8 6  2.8  64    0    0 242 -285  2
3797500 2746500  1 30 20   1.9 1033 290  2.1 5  2.7  62    0    0 237 -283  2
3797500 2746500  1 30 21   1.8 1033 243  2.7 5  2.5  59    0    0 233 -281  2
3797500 2746500  1 30 22   1.5 1033 344  3.2 6  2.3  56    0    0 234 -280  2
3797500 2746500  1 30 23   1.2 1033 347  2.7 6  2.2  54    0    0 237 -279  2
3797500 2746500  1 30 24   1.0 1033 352  1.3 7  2.3  56    0    0 241 -280  2
3797500 2746500  1 31  1   1.1 1034   0  2.5 7  2.4  60    0    0 247 -282  2
3797500 2746500  1 31  2   0.5 1034   0  3.1 6  2.5  65    0    0 246 -284  2
3797500 2746500  1 31  3   0.1 1034   9  1.8 5  2.6  69    0    0 241 -285  2
3797500 2746500  1 31  4  -0.3 1033 360  2.4 5  2.7  72    0    0 240 -287  2
3797500 2746500  1 31  5   0.2 1033 360  1.9 5  2.7  72    0    0 243 -288  2
3797500 2746500  1 31  6   0.6 1033  18  2.1 6  2.7  71    0    0 252 -289  2
3797500 2746500  1 31  7   0.5 1034   8  2.0 6  2.8  74    0    0 261 -290  2
3797500 2746500  1 31  8   0.3 1034 351  1.8 8  2.9  77    0    0 274 -291  2
3797500 2746500  1 31  9   0.4 1034  20  1.7 8  3.0  79    0   10 286 -292  2
3797500 2746500  1 31 10   0.8 1034  39  2.0 7  3.1  81   15   49 287 -294  2
3797500 2746500  1 31 11   1.0 1034  50  1.4 8  3.2  81   12   81 292 -297  2
3797500 2746500  1 31 12   1.8 1035  52  2.7 7  3.2  77   50  115 296 -300  2
3797500 2746500  1 31 13   2.1 1035  11  1.9 7  3.1  74   84  114 295 -302  2
3797500 2746500  1 31 14   2.7 1034  21  2.3 7  3.2  72   55  114 298 -303  2
3797500 2746500  1 31 15   3.0 1034  10  2.4 6  3.2  70   76   80 295 -303  2
3797500 2746500  1 31 16   3.0 1034  26  1.5 7  3.2  70   55   43 298 -303  2
3797500 2746500  1 31 17   2.9 1033 358  0.7 7  3.2  70   20   12 304 -304  2
3797500 2746500  1 31 18   2.7 1033   4  0.3 7  3.2  70    0    0 305 -305  2
3797500 2746500  1 31 19   2.4 1033 282  0.6 7  3.2  71    0    0 306 -306  2
3797500 2746500  1 31 20   2.5 1033 240  1.4 7  3.2  72    0    0 307 -307  2
3797500 2746500  1 31 21   2.3 1033 269  0.6 7  3.3  74    0    0 307 -309  2
3797500 2746500  1 31 22   1.9 1033 232  0.7 8  3.3  77    0    0 312 -310  2
3797500 2746500  1 31 23   1.6 1033 202  1.5 8  3.3  79    0    0 317 -311  2
3797500 2746500  1 31 24   1.1 1032 192  2.1 7  3.3  82    0    0 310 -313  2
3797500 2746500  2  1  1   1.3 1031 212  2.2 7  3.6  88    0    0 306 -315  2
3797500 2746500  2  1  2   1.5 1031 208  2.2 6  3.6  88    0    0 300 -315  2
3797500 2746500  2  1  3   1.7 1031 216  2.8 7  3.6  86    0    0 301 -316  2
3797500 2746500  2  1  4   1.9 1030 225  2.1 6  3.6  85    0    0 301 -316  2
3797500 2746500  2  1  5   1.9 1030 224  2.2 7  3.7  86    0    0 300 -316  2
3797500 2746500  2  1  6   2.0 1029 215  2.2 8  3.8  89    0    0 316 -316  2
3797500 2746500  2  1  7   2.1 1029 224  2.5 7  3.9  91    0    0 317 -316  2
3797500 2746500  2  1  8   2.1 1029 292  3.1 8  4.0  92    0    0 318 -316  2
3797500 2746500  2  1  9   2.6 1028 216  1.7 8  4.1  93    0   11 327 -317  2
3797500 2746500  2  1 10   3.0 1028 230  1.5 7  4.3  93    2   60 322 -318  2
3797500 2746500  2  1 11   3.4 1028 232  1.5 7  4.4  93    0   72 316 -319  2
3797500 2746500  2  1 12   4.2 1029 249  1.6 8  4.6  93    0   70 325 -320  2
3797500 2746500  2  1 13   4.7 1028 303  2.2 8  4.8  93    0   69 333 -320  2
3797500 2746500  2  1 14   5.5 1028 320  2.2 6  5.0  93    0   58 322 -321  2
3797500 2746500  2  1 15   5.7 1028 314  2.3 8  5.1  92    0   64 323 -321  2
3797500 2746500  2  1 16   5.8 1027 305  2.2 8  5.2  92    0   43 336 -321  2
3797500 2746500  2  1 17   5.9 1027 314  1.6 7  5.3  93    0   16 330 -321  2
3797500 2746500  2  1 18   6.0 1027 301  2.2 8  5.3  92    0    0 331 -322  2
3797500 2746500  2  1 19   6.2 1027 301  2.3 8  5.3  92    0    0 336 -324  2
3797500 2746500  2  1 20   6.1 1027 299  1.8 8  5.3  91    0    0 335 -325  2
3797500 2746500  2  1 21   6.0 1027 301  2.5 8  5.3  91    0    0 335 -325  2
3797500 2746500  2  1 22   6.0 1027 317  2.6 8  5.2  91    0    0 335 -325  2
3797500 2746500  2  1 23   5.9 1027 295  2.7 8  5.2  90    0    0 334 -324  2
3797500 2746500  2  1 24   5.7 1027 300  2.9 8  5.1  91    0    0 333 -323  2
3797500 2746500  2  2  1   5.7 1027 303  2.7 7  5.1  91    0    0 326 -322  2
3797500 2746500  2  2  2   5.8 1027 314  3.4 7  5.1  91    0    0 320 -321  2
3797500 2746500  2  2  3   5.7 1027 327  2.7 8  5.1  91    0    0 327 -320  2
3797500 2746500  2  2  4   5.8 1028 285  2.7 8  5.1  90    0    0 334 -320  2
3797500 2746500  2  2  5   5.8 1028   1  3.2 8  5.1  90    0    0 335 -320  2
3797500 2746500  2  2  6   5.7 1028 348  1.8 8  5.0  89    0    0 334 -320  2
3797500 2746500  2  2  7   5.6 1028 348  1.7 8  4.9  88    0    0 334 -321  2
3797500 2746500  2  2  8   5.6 1028 329  2.3 8  4.9  88    0    0 334 -321  2
3797500 2746500  2  2  9   5.4 1028 330  2.4 8  4.9  89    0    7 335 -321  2
3797500 2746500  2  2 10   5.4 1028 350  2.6 7  4.9  89    0   46 328 -321  2
3797500 2746500  2  2 11   5.3 1029 340  2.7 8  4.9  90    0   52 328 -323  2
3797500 2746500  2  2 12   5.5 1030 330  2.5 8  4.9  90    0   49 333 -326  2
3797500 2746500  2  2 13   5.4 1030 359  2.0 7  4.9  90    0   63 324 -329  2
3797500 2746500  2  2 14   5.4 1030 300  2.5 7  4.9  90    0   52 314 -330  2
3797500 2746500  2  2 15   5.5 1030 312  2.6 8  4.9  89    0   44 318 -330  2
3797500 2746500  2  2 16   5.5 1030 292  2.1 7  4.9  88    0   46 316 -329  2
3797500 2746500  2  2 17   5.8 1030 309  2.1 8  4.9  87    0   20 312 -326  2
3797500 2746500  2  2 18   5.8 1031 280  2.6 8  4.9  86    0    0 314 -324  2
3797500 2746500  2  2 19   5.6 1031 272  1.9 8  4.8  86    0    0 310 -323  2
3797500 2746500  2  2 20   5.5 1031 232  2.4 8  4.8  86    0    0 308 -323  2
3797500 2746500  2  2 21   5.5 1030 232  3.6 7  4.8  86    0    0 301 -323  2
3797500 2746500  2  2 22   5.5 1030 270  2.6 8  4.8  87    0    0 300 -322  2
3797500 2746500  2  2 23   5.5 1031 241  3.2 8  4.8  88    0    0 307 -321  2
3797500 2746500  2  2 24   5.6 1030 250  3.2 8  4.9  88    0    0 308 -320  2
3797500 2746500  2  3  1   5.4 1031 251  3.7 6  4.9  89    0    0 294 -319  2
3797500 2746500  2  3  2   5.1 1030 242  3.8 8  4.9  90    0    0 292 -317  2
3797500 2746500  2  3  3   4.7 1029 232  3.5 7  4.8  91    0    0 296 -316  2
3797500 2746500  2  3  4   4.9 1029 253  2.4 7  4.8  91    0    0 290 -316  2
3797500 2746500  2  3  5   4.7 1029 243  2.8 8  4.8  92    0    0 298 -316  2
3797500 2746500  2  3  6   4.8 1029 235  2.2 8  4.8  92    0    0 305 -316  2
3797500 2746500  2  3  7   4.6 1029 215  2.5 8  4.8  92    0    0 307 -316  2
3797500 2746500  2  3  8   4.7 1028 214  3.4 8  4.8  93    0    0 309 -316  2
3797500 2746500  2  3  9   4.8 1028 214  4.0 8  4.8  92    0    9 311 -316  2
3797500 2746500  2  3 10   5.0 1028 224  3.9 7  4.9  92    0   57 308 -316  2
3797500 2746500  2  3 11   5.3 1028 237  3.8 8  4.9  91    0   88 309 -317  2
3797500 2746500  2  3 12   5.7 1028 226  4.1 7  5.0  90    1  113 308 -322  2
3797500 2746500  2  3 13   6.2 1027 231  4.5 7  5.1  89    8  156 303 -328  2
3797500 2746500  2  3 14   6.8 1027 234  4.7 5  5.1  86   52  193 291 -332  2
3797500 2746500  2  3 15   6.9 1026 254  4.8 7  5.1  84    1   98 291 -335  2
3797500 2746500  2  3 16   6.6 1025 243  5.3 8  5.2  86    0   27 312 -337  2
3797500 2746500  2  3 17   6.4 1025 242  4.5 8  5.3  89    0   12 320 -336  2
3797500 2746500  2  3 18   6.5 1025 241  3.8 8  5.4  92    0    0 322 -335  2
3797500 2746500  2  3 19   6.8 1024 232  3.9 7  5.5  91    0    0 317 -334  2
3797500 2746500  2  3 20   7.0 1024 242  3.2 8  5.5  90    0    0 318 -334  2
3797500 2746500  2  3 21   7.1 1024 243  3.8 8  5.5  90    0    0 327 -335  2
3797500 2746500  2  3 22   7.4 1024 244  3.9 8  5.6  89    0    0 330 -336  2
3797500 2746500  2  3 23   7.5 1023 235  3.9 8  5.7  89    0    0 333 -336  2
3797500 2746500  2  3 24   7.4 1023 244  3.8 8  5.7  90    0    0 334 -336  2
3797500 2746500  2  4  1   7.6 1022 235  4.6 8  5.7  89    0    0 335 -336  2
3797500 2746500  2  4  2   7.9 1022 243  3.8 8  5.7  88    0    0 336 -336  2
3797500 2746500  2  4  3   8.0 1022 231  3.7 7  5.8  87    0    0 330 -336  2
3797500 2746500  2  4  4   7.8 1022 229  3.6 8  5.8  88    0    0 330 -336  2
3797500 2746500  2  4  5   7.9 1021 231  3.6 8  5.9  90    0    0 337 -336  2
3797500 2746500  2  4  6   8.0 1020 231  4.1 8  6.0  90    0    0 339 -336  2
3797500 2746500  2  4  7   8.0 1020 239  3.9 7  6.1  91    0    0 334 -337  2
3797500 2746500  2  4  8   8.1 1019 229  4.9 8  6.1  92    0    0 335 -337  2
3797500 2746500  2  4  9   8.1 1019 230  4.8 8  6.2  93    0    7 344 -338  2
3797500 2746500  2  4 10   8.3 1019 238  4.9 8  6.3  94    0   20 345 -338  2
3797500 2746500  2  4 11   8.3 1018 230  6.6 8  6.4  94    0   33 347 -338  2
3797500 2746500  2  4 12   8.2 1017 240  6.7 8  6.3  94    0   48 347 -340  2
3797500 2746500  2  4 13   8.3 1017 240  7.9 8  6.3  94    0   68 347 -345  2
3797500 2746500  2  4 14   8.2 1016 257  6.8 8  6.3  93    0   37 344 -351  2
3797500 2746500  2  4 15   8.1 1015 240  7.0 7  6.1  91    0   47 334 -354  2
3797500 2746500  2  4 16   8.3 1014 243  6.7 7  5.9  88    0   41 327 -354  2
3797500 2746500  2  4 17   8.6 1013 241  6.0 7  5.9  85    0   13 331 -354  2
3797500 2746500  2  4 18   8.7 1012 249  5.9 8  6.0  86    0    0 338 -354  2
3797500 2746500  2  4 19   9.2 1011 240  5.8 7  6.1  86    0    0 338 -353  2
3797500 2746500  2  4 20   9.6 1010 241  6.9 7  6.2  84    0    0 332 -352  2
3797500 2746500  2  4 21   9.9 1009 251  6.8 8  6.2  82    0    0 339 -351  2
3797500 2746500  2  4 22   9.9 1008 260  7.3 7  6.2  82    0    0 341 -350  2
3797500 2746500  2  4 23  10.0 1008 276  7.2 7  6.1  79    0    0 334 -347  2
3797500 2746500  2  4 24   8.5 1007 297  6.4 8  5.4  73    0    0 333 -344  2
3797500 2746500  2  5  1   7.5 1007 281  5.5 7  4.4  66    0    0 325 -341  2
3797500 2746500  2  5  2   6.9 1007 280  5.7 6  3.9  62    0    0 309 -338  2
3797500 2746500  2  5  3   6.3 1006 259  5.8 5  3.8  63    0    0 295 -337  2
3797500 2746500  2  5  4   6.1 1005 250  6.9 5  3.8  64    0    0 286 -334  2
3797500 2746500  2  5  5   6.3 1005 249  8.0 7  3.9  65    0    0 298 -332  2
3797500 2746500  2  5  6   6.4 1004 261  8.4 8  4.0  67    0    0 316 -330  2
3797500 2746500  2  5  7   5.9 1003 261  7.8 8  4.2  71    0    0 323 -329  2
3797500 2746500  2  5  8   6.3 1002 258  7.4 8  4.4  74    0    0 323 -329  2
3797500 2746500  2  5  9   5.6 1001 259  7.5 7  4.5  76    0    9 316 -329  2
3797500 2746500  2  5 10   2.6 1001 279  7.8 6  4.2  81    0   42 296 -329  2
3797500 2746500  2  5 11   4.0 1002 279  5.6 6  4.0  83    4  101 285 -330  2
3797500 2746500  2  5 12   5.1 1002 279  4.2 5  4.2  79   19  148 280 -332  2
3797500 2746500  2  5 13   4.6 1002 300  5.1 4  4.1  75   35  161 268 -333  2
3797500 2746500  2  5 14   6.0 1002 299  4.9 3  3.7  66  125  145 257 -335  2
3797500 2746500  2  5 15   5.9 1002 300  4.8 5  3.5  59   19  120 265 -335  2
3797500 2746500  2  5 16   5.9 1001 290  5.4 3  3.6  61   90   83 266 -334  2
3797500 2746500  2  5 17   5.9 1002 278  5.2 4  3.5  60   25   41 261 -331  2
3797500 2746500  2  5 18   5.3 1002 290  3.9 6  3.4  60    0    4 273 -329  2
3797500 2746500  2  5 19   4.6 1002 269  2.7 5  3.5  64    0    0 274 -327  2
3797500 2746500  2  5 20   4.3 1002 270  2.7 5  3.6  69    0    0 266 -326  2
3797500 2746500  2  5 21   4.2 1003 270  4.4 6  3.7  71    0    0 268 -325  2
3797500 2746500  2  5 22   3.3 1002 261  4.5 6  3.8  75    0    0 271 -324  2
3797500 2746500  2  5 23   2.9 1002 261  4.5 6  3.8  80    0    0 271 -323  2
3797500 2746500  2  5 24   2.8 1002 270  4.6 6  3.8  81    0    0 270 -322  2
3797500 2746500  2  6  1   2.5 1001 271  3.5 7  3.8  82    0    0 274 -321  2
3797500 2746500  2  6  2   2.5 1002 269  3.8 6  3.8  83    0    0 275 -321  2
3797500 2746500  2  6  3   2.6 1001 269  4.2 5  3.8  83    0    0 266 -320  2
3797500 2746500  2  6  4   2.2 1002 269  3.1 6  3.8  84    0    0 269 -319  2
3797500 2746500  2  6  5   2.1 1001 259  3.8 7  3.8  84    0    0 282 -319  2
3797500 2746500  2  6  6   2.5 1001 270  3.7 6  3.8  84    0    0 285 -319  2
3797500 2746500  2  6  7   2.3 1001 260  4.2 7  3.8  84    0    0 286 -319  2
3797500 2746500  2  6  8   2.4 1001 273  3.4 6  3.8  84    0    0 286 -318  2
3797500 2746500  2  6  9   2.1 1001 248  3.2 6  3.8  85    1   26 279 -317  2
3797500 2746500  2  6 10   2.6 1002 269  3.8 4  3.8  84   47   80 267 -318  2
3797500 2746500  2  6 11   3.6 1002 274  4.1 6  3.9  81   22  122 267 -321  2
3797500 2746500  2  6 12   3.8 1002 269  4.4 6  3.9  78    5  130 280 -325  2
3797500 2746500  2  6 13   4.8 1002 278  4.3 6  3.8  73   12  147 279 -329  2
3797500 2746500  2  6 14   4.7 1001 279  6.1 8  3.7  68    0   62 290 -331  2
3797500 2746500  2  6 15   3.8 1001 271  5.5 7  3.8  72   21  122 292 -332  2
3797500 2746500  2  6 16   4.6 1000 247  5.2 2  3.7  72  100   81 262 -330  2
3797500 2746500  2  6 17   3.7 1000 262  4.8 7  3.8  73   22   41 262 -328  2
3797500 2746500  2  6 18   3.2 1000 257  4.8 7  3.9  80    0    7 284 -324  2
3797500 2746500  2  6 19   3.0 1000 254  4.3 6  3.9  81    0    0 277 -320  2
3797500 2746500  2  6 20   2.9 1000 259  3.4 6  3.9  82    0    0 272 -318  2
3797500 2746500  2  6 21   2.3  999 240  2.6 6  3.8  82    0    0 271 -317  2
3797500 2746500  2  6 22   2.2  998 202  3.0 6  3.8  84    0    0 271 -317  2
3797500 2746500  2  6 23   2.6  997 202  3.1 6  3.9  85    0    0 273 -316  2
3797500 2746500  2  6 24   3.0  996 212  3.7 7  4.0  85    0    0 279 -316  2
3797500 2746500  2  7  1   2.0  995 210  4.3 8  4.1  88    0    0 290 -316  2
3797500 2746500  2  7  2   1.4  993 190  3.8 8  4.0  91    0    0 293 -315  2
3797500 2746500  2  7  3   2.9  991 228  5.8 8  4.1  92    0    0 296 -313  2
3797500 2746500  2  7  4   3.6  989 251  6.2 8  4.5  91    0    0 300 -312  2
3797500 2746500  2  7  5   3.3  989 288  6.1 7  4.3  86    0    0 293 -312  2
3797500 2746500  2  7  6   2.9  988 258  6.3 7  3.9  80    0    0 286 -312  2
3797500 2746500  2  7  7   2.5  988 261  7.1 6  3.7  79    0    0 279 -312  2
3797500 2746500  2  7  8   2.0  988 280  6.5 8  3.7  80    0    0 283 -313  2
3797500 2746500  2  7  9   1.4  988 299  6.6 8  3.7  85    0    9 292 -314  2
3797500 2746500  2  7 10   1.0  988 321  6.6 8  3.8  89    0   35 290 -315  2
3797500 2746500  2  7 11   1.2  989 309  6.2 8  3.8  90    5   99 288 -316  2
3797500 2746500  2  7 12   2.1  990 304  5.2 7  3.8  88   31  142 282 -317  2
3797500 2746500  2  7 13   2.6  991 299  5.4 8  3.7  81    0  106 282 -320  2
3797500 2746500  2  7 14   2.5  991 276  4.3 8  3.6  76    0   71 287 -322  2
3797500 2746500  2  7 15   0.7  991 300  2.9 6  3.5  81   10  104 273 -322  2
3797500 2746500  2  7 16   1.5  991 256  3.1 1  3.6  85  176   39 235 -323  2
3797500 2746500  2  7 17   1.7  992 283  4.3 6  3.6  82   25   33 235 -321  2
3797500 2746500  2  7 18   1.2  992 275  2.9 7  3.5  81    0    6 261 -318  2
3797500 2746500  2  7 19   0.7  992 270  3.6 7  3.4  82    0    0 264 -316  2
3797500 2746500  2  7 20   0.3  993 284  4.2 7  3.5  87    0    0 263 -316  2
3797500 2746500  2  7 21   0.2  993 266  3.6 6  3.5  89    0    0 257 -314  2
3797500 2746500  2  7 22   0.0  994 260  4.9 6  3.5  89    0    0 251 -313  2
3797500 2746500  2  7 23  -0.1  994 250  5.3 6  3.4  88    0    0 248 -313  2
3797500 2746500  2  7 24  -0.4  994 259  4.8 4  3.4  90    0    0 235 -312  2
3797500 2746500  2  8  1  -0.3  994 269  4.1 8  3.4  91    0    0 243 -311  2
3797500 2746500  2  8  2  -0.2  994 260  4.9 8  3.5  91    0    0 262 -311  2
3797500 2746500  2  8  3   0.0  994 261  5.7 8  3.5  91    0    0 260 -311  2
3797500 2746500  2  8  4  -0.1  995 263  4.1 8  3.5  90    0    0 260 -311  2
3797500 2746500  2  8  5  -0.1  995 273  3.5 8  3.5  91    0    0 261 -311  2
3797500 2746500  2  8  6   0.2  995 258  4.3 8  3.6  92    0    0 262 -311  2
3797500 2746500  2  8  7   0.1  995 260  4.9 7  3.6  92    0    0 257 -310  2
3797500 2746500  2  8  8   0.2  996 255  4.2 7  3.5  90    0    0 253 -308  2
3797500 2746500  2  8  9   0.0  996 258  5.2 7  3.5  90    0   15 253 -308  2
3797500 2746500  2  8 10   0.0  996 271  5.2 6  3.5  90    1   70 248 -309  2
3797500 2746500  2  8 11   0.3  997 228  5.2 7  3.5  89    0   85 246 -312  2
3797500 2746500  2  8 12   0.2  997 251  5.7 8  3.5  89    0   76 255 -314  2
3797500 2746500  2  8 13   0.2  997 250  4.4 8  3.5  90    0   81 261 -316  2
3797500 2746500  2  8 14   0.5  996 253  5.1 8  3.5  89    0   51 263 -316  2
3797500 2746500  2  8 15   0.6  996 247  4.6 8  3.5  87    0   73 266 -318  2
3797500 2746500  2  8 16   1.0  996 250  3.9 7  3.4  83    0   59 263 -319  2
3797500 2746500  2  8 17   0.9  995 223  3.8 7  3.3  81    4   42 261 -317  2
3797500 2746500  2  8 18   0.9  995 265  3.1 7  3.3  80    0    1 261 -316  2
3797500 2746500  2  8 19  -0.1  995 211  2.7 7  3.3  82    0    0 259 -316  2
3797500 2746500  2  8 20  -0.2  994 218  3.1 6  3.2  84    0    0 252 -315  2
3797500 2746500  2  8 21  -0.8  994 207  2.1 4  3.0  80    0    0 237 -314  2
3797500 2746500  2  8 22  -1.0  994 191  2.2 3  2.9  80    0    0 221 -313  2
3797500 2746500  2  8 23  -0.8  993 188  2.4 4  2.9  81    0    0 222 -312  2
3797500 2746500  2  8 24  -1.9  993 171  2.3 4  2.9  82    0    0 227 -312  2
3797500 2746500  2  9  1  -1.5  992 169  1.4 3  2.8  83    0    0 227 -311  2
3797500 2746500  2  9  2  -1.6  992 179  1.2 6  2.9  85    0    0 240 -310  2
3797500 2746500  2  9  3  -1.6  992 180  1.1 6  3.0  88    0    0 251 -310  2
3797500 2746500  2  9  4  -1.4  991 178  0.4 7  3.1  90    0    0 255 -310  2
3797500 2746500  2  9  5  -1.3  991 171  0.6 7  3.2  90    0    0 258 -310  2
3797500 2746500  2  9  6  -1.2  991 252  0.8 5  3.2  90    0    0 251 -310  2
3797500 2746500  2  9  7  -1.1  991 271  0.9 8  3.2  90    0    0 255 -310  2
3797500 2746500  2  9  8  -0.9  991 227  0.9 8  3.2  90    0    0 268 -309  2
3797500 2746500  2  9  9  -0.9  991 232  0.6 8  3.3  90    0   27 269 -308  2
3797500 2746500  2  9 10  -0.7  992 330  1.3 7  3.3  90    5   86 265 -307  2
3797500 2746500  2  9 11  -0.5  992 348  1.4 7  3.2  87    6  126 261 -309  2
3797500 2746500  2  9 12  -0.1  993 320  1.6 7  3.1  82    0  117 260 -313  2
3797500 2746500  2  9 13  -0.5  993  21  1.8 7  3.0  80    0  120 259 -315  2
3797500 2746500  2  9 14  -0.2  993 329  1.9 7  3.1  82    1  115 258 -316  2
3797500 2746500  2  9 15  -0.1  994 326  2.0 7  3.1  81    3  110 259 -316  2
3797500 2746500  2  9 16   0.2  994 307  2.6 6  3.1  80    0   68 254 -316  2
3797500 2746500  2  9 17   0.2  994 288  1.8 7  3.1  78    1   32 254 -315  2
3797500 2746500  2  9 18   0.0  995 349  2.0 6  3.0  78    0    4 252 -314  2
3797500 2746500  2  9 19  -0.4  996 337  1.5 7  3.0  78    0    0 250 -311  2
3797500 2746500  2  9 20  -0.7  996 243  2.1 6  2.9  78    0    0 250 -309  2
3797500 2746500  2  9 21  -0.9  997 218  2.5 6  2.9  80    0    0 244 -308  2
3797500 2746500  2  9 22  -1.0  997 202  3.0 5  2.9  82    0    0 237 -309  2
3797500 2746500  2  9 23  -0.8  997 178  2.8 5  3.0  82    0    0 234 -310  2
3797500 2746500  2  9 24  -0.4  997 136  2.2 4  3.0  81    0    0 244 -310  2
3797500 2746500  2 10  1  -0.0 1020  94  1.4 3  3.0  79    0    0 242 -331  2
3797500 2746500  2 10  2   0.2 1021  87  0.8 2  3.0  78    0    0 241 -329  2
3797500 2746500  2 10  3   0.4 1021  90  0.5 1  3.0  77    0    0 235 -325  2
3797500 2746500  2 10  4   0.3 1022 118  0.7 1  3.0  78    0    0 228 -321  2
3797500 2746500  2 10  5   0.0 1023  96  0.9 1  2.9  78    0    0 223 -318  2
3797500 2746500  2 10  6  -0.1 1023 109  1.0 0  2.9  78    0    0 219 -317  2
3797500 2746500  2 10  7  -0.5 1024 110  1.6 1  2.9  79    0    0 223 -316  2
3797500 2746500  2 10  8  -0.2 1025 101  1.7 1  2.9  80    0    0 227 -316  2
3797500 2746500  2 10  9   0.3 1025  90  1.8 1  2.9  77   11   30 227 -316  2
3797500 2746500  2 10 10   1.9 1026 102  1.9 1  3.0  74   61   82 229 -317  2
3797500 2746500  2 10 11   4.0 1026 113  2.4 1  3.2  68  188   82 233 -320  2
3797500 2746500  2 10 12   5.3 1026 159  4.0 1  3.2  62  277   80 237 -326  2
3797500 2746500  2 10 13   6.4 1026 164  4.4 2  3.2  56  309   80 243 -332  2
3797500 2746500  2 10 14   6.6 1026 172  3.2 4  3.2  54  198  125 259 -337  2
3797500 2746500  2 10 15   7.6 1026 208  3.6 2  3.4  55  198   90 260 -340  2
3797500 2746500  2 10 16   7.6 1026 171  3.0 1  3.6  56  190   49 248 -341  2
3797500 2746500  2 10 17   7.1 1026 167  1.9 5  3.6  58   70   36 264 -338  2
3797500 2746500  2 10 18   6.2 1026 142  2.2 5  3.7  61    2    8 280 -333  2
3797500 2746500  2 10 19   5.9 1026 150  1.9 6  3.6  62    0    0 283 -329  2
3797500 2746500  2 10 20   6.6 1026 157  2.2 6  3.6  62    0    0 289 -328  2
3797500 2746500  2 10 21   6.9 1026 160  2.4 7  3.7  61    0    0 298 -330  2
3797500 2746500  2 10 22   7.1 1026 171  2.5 5  3.7  61    0    0 295 -332  2
3797500 2746500  2 10 23   7.2 1026 182  2.1 5  3.7  60    0    0 287 -334  2
3797500 2746500  2 10 24   6.8 1026 175  3.0 8  3.7  60    0    0 302 -336  2
3797500 2746500  2 11  1   6.6 1026 173  3.8 8  3.7  62    0    0 319 -338  2
3797500 2746500  2 11  2   6.4 1026 174  3.8 8  3.9  65    0    0 323 -339  2
3797500 2746500  2 11  3   6.7 1025 178  5.0 8  4.0  67    0    0 327 -341  2
3797500 2746500  2 11  4   7.1 1025 188  4.2 8  4.0  65    0    0 330 -343  2
3797500 2746500  2 11  5   7.4 1025 176  4.0 8  4.0  64    0    0 332 -345  2
3797500 2746500  2 11  6   7.5 1024 177  4.3 8  4.0  64    0    0 335 -347  2
3797500 2746500  2 11  7   7.5 1024 177  4.9 8  4.0  63    0    0 337 -349  2
3797500 2746500  2 11  8   7.6 1025 185  3.9 7  4.1  64    0    0 337 -351  2
3797500 2746500  2 11  9   7.6 1025 183  4.6 8  4.2  65    0    9 338 -352  2
3797500 2746500  2 11 10   8.4 1025 183  4.5 8  4.5  68    0   35 344 -354  2
3797500 2746500  2 11 11   8.8 1025 182  3.9 8  4.8  70    0   63 347 -357  2
3797500 2746500  2 11 12   9.4 1025 201  4.7 8  5.0  71    0   69 348 -360  2
3797500 2746500  2 11 13   9.6 1026 201  4.9 8  5.3  72    0   80 349 -363  2
3797500 2746500  2 11 14  10.4 1026 212  5.0 8  5.7  75    0  104 349 -365  2
3797500 2746500  2 11 15  11.4 1025 209  5.4 7  6.1  77    9  147 348 -365  2
3797500 2746500  2 11 16  12.0 1025 210  5.4 6  6.4  76   38  127 340 -365  2
3797500 2746500  2 11 17  12.1 1024 191  4.1 7  6.4  74   10   53 340 -365  2
3797500 2746500  2 11 18  11.5 1025 183  4.1 7  6.3  73    0    7 342 -364  2
3797500 2746500  2 11 19  11.0 1025 211  5.2 7  6.1  75    0    0 339 -364  2
3797500 2746500  2 11 20  11.1 1025 203  4.4 8  6.1  75    0    0 343 -363  2
3797500 2746500  2 11 21  10.9 1026 202  4.4 8  6.2  77    0    0 348 -363  2
3797500 2746500  2 11 22  10.5 1026 181  3.9 7  6.1  77    0    0 341 -363  2
3797500 2746500  2 11 23  10.4 1025 181  3.9 7  5.9  76    0    0 333 -362  2
3797500 2746500  2 11 24  10.2 1025 182  3.8 8  5.9  77    0    0 335 -361  2
3797500 2746500  2 12  1  10.4 1025 182  3.5 6  6.0  77    0    0 328 -359  2
3797500 2746500  2 12  2   9.8 1025 183  3.6 8  6.0  79    0    0 324 -358  2
3797500 2746500  2 12  3  10.1 1024 183  4.2 8  6.1  81    0    0 332 -357  2
3797500 2746500  2 12  4   9.7 1024 184  3.6 8  6.2  82    0    0 330 -355  2
3797500 2746500  2 12  5   9.6 1023 174  4.2 8  6.2  84    0    0 328 -355  2
3797500 2746500  2 12  6   9.8 1022 183  3.3 8  6.2  84    0    0 326 -354  2
3797500 2746500  2 12  7   9.7 1022 174  4.0 7  6.2  83    0    0 320 -353  2
3797500 2746500  2 12  8   9.7 1021 186  4.1 7  6.1  82    0    0 313 -351  2
3797500 2746500  2 12  9   9.9 1020 176  3.8 7  6.1  81    0   19 313 -350  2
3797500 2746500  2 12 10  10.4 1019 177  4.6 8  6.2  80    0   60 320 -351  2
3797500 2746500  2 12 11  10.9 1018 176  4.4 8  6.2  78    1  113 327 -354  2
3797500 2746500  2 12 12  11.7 1017 173  3.4 7  6.1  74    7  162 321 -358  2
3797500 2746500  2 12 13  12.3 1017 180  3.4 7  6.2  71   11  182 318 -363  2
3797500 2746500  2 12 14  13.0 1015 191  3.2 7  6.3  70   18  186 323 -367  2
3797500 2746500  2 12 15  13.4 1014 201  2.1 7  6.5  69    7  141 330 -366  2
3797500 2746500  2 12 16  13.5 1014 199  2.6 6  6.6  68   11  106 330 -363  2
3797500 2746500  2 12 17  13.3 1014 190  2.9 7  6.5  68    2   43 334 -361  2
3797500 2746500  2 12 18  12.7 1013 193  2.2 7  6.4  69    0    5 340 -359  2
3797500 2746500  2 12 19  11.7 1014 168  1.8 8  6.4  73    0    0 346 -357  2
3797500 2746500  2 12 20  10.9 1014 190  1.9 8  6.5  78    0    0 352 -353  2
3797500 2746500  2 12 21  10.5 1014 290  0.9 8  6.6  82    0    0 353 -348  2
3797500 2746500  2 12 22   9.9 1015   5  1.9 7  6.7  86    0    0 348 -342  2
3797500 2746500  2 12 23   9.4 1015  19  3.8 7  6.7  90    0    0 340 -337  2
3797500 2746500  2 12 24   9.1 1016  16  5.2 7  6.6  90    0    0 339 -333  2
3797500 2746500  2 13  1   7.9 1017  23  5.2 6  6.1  88    0    0 329 -330  2
3797500 2746500  2 13  2   7.2 1018  23  5.2 7  5.5  85    0    0 327 -327  2
3797500 2746500  2 13  3   6.8 1019  23  5.2 6  5.1  83    0    0 325 -325  2
3797500 2746500  2 13  4   6.4 1020   9  6.2 5  5.0  83    0    0 311 -323  2
3797500 2746500  2 13  5   5.8 1021  18  4.8 5  4.8  83    0    0 302 -321  2
3797500 2746500  2 13  6   5.4 1022   3  4.6 6  4.6  82    0    0 305 -318  2
3797500 2746500  2 13  7   5.7 1023 356  4.6 6  4.6  82    0    0 311 -317  2
3797500 2746500  2 13  8   5.7 1024 353  4.6 8  4.6  81    0    0 322 -316  2
3797500 2746500  2 13  9   5.4 1025  13  4.5 8  4.4  80    0   21 332 -316  2
3797500 2746500  2 13 10   5.7 1026  49  3.7 7  4.3  77    0   42 326 -316  2
3797500 2746500  2 13 11   6.0 1026   9  3.5 8  4.3  76    0   85 326 -323  2
3797500 2746500  2 13 12   6.0 1027   3  4.3 7  4.4  77    0   97 324 -333  2
3797500 2746500  2 13 13   6.0 1028  14  4.6 7  4.3  75    0   80 314 -341  2
3797500 2746500  2 13 14   6.7 1028  15  3.9 6  4.2  72    9  176 304 -347  2
3797500 2746500  2 13 15   7.7 1027  18  4.6 5  4.3  69   45  192 291 -349  2
3797500 2746500  2 13 16   7.5 1027  18  3.6 7  4.3  67   32  133 295 -348  2
3797500 2746500  2 13 17   7.8 1027  18  4.4 6  4.3  68   23   68 300 -344  2
3797500 2746500  2 13 18   7.5 1027  16  3.3 5  4.3  67    2   12 288 -338  2
3797500 2746500  2 13 19   6.5 1027  14  1.8 5  4.2  69    0    0 278 -331  2
3797500 2746500  2 13 20   6.3 1028  13  2.5 5  4.3  73    0    0 274 -326  2
3797500 2746500  2 13 21   5.7 1028   6  3.0 5  4.3  76    0    0 273 -323  2
3797500 2746500  2 13 22   5.0 1028  25  1.6 3  4.3  79    0    0 260 -320  2
3797500 2746500  2 13 23   3.9 1028  19  2.4 2  4.2  82    0    0 243 -318  2
3797500 2746500  2 13 24   3.5 1028  73  0.8 4  4.2  86    0    0 244 -317  2
3797500 2746500  2 14  1   3.1 1028  34  1.8 1  4.2  88    0    0 238 -316  2
3797500 2746500  2 14  2   3.0 1029  63  2.4 4  4.2  90    0    0 236 -316  2
3797500 2746500  2 14  3   3.4 1028  33  2.3 7  4.2  90    0    0 266 -316  2
3797500 2746500  2 14  4   3.4 1028  51  2.2 6  4.3  90    0    0 276 -316  2
3797500 2746500  2 14  5   3.3 1028  27  3.6 6  4.3  90    0    0 272 -316  2
3797500 2746500  2 14  6   3.3 1028  43  2.7 8  4.2  88    0    0 282 -316  2
3797500 2746500  2 14  7   3.3 1028  43  2.3 7  4.0  85    0    0 287 -315  2
3797500 2746500  2 14  8   3.2 1028  70  2.1 7  3.9  83    0    0 282 -313  2
3797500 2746500  2 14  9   3.2 1028  78  2.1 7  3.9  83    0   28 282 -312  2
3797500 2746500  2 14 10   3.3 1028  79  1.7 8  3.9  82    1   76 289 -313  2
3797500 2746500  2 14 11   3.6 1029  96  3.1 6  3.9  81   30  150 284 -315  2
3797500 2746500  2 14 12   4.9 1029 101  2.3 4  3.9  77  166  164 264 -320  2
3797500 2746500  2 14 13   5.4 1028  62  2.4 3  3.9  73  261  140 249 -331  2
3797500 2746500  2 14 14   7.2 1028  47  2.5 4  3.9  67  267  129 251 -341  2
3797500 2746500  2 14 15   8.2 1028  51  2.3 3  4.0  62  232  110 255 -344  2
3797500 2746500  2 14 16   8.9 1027  32  2.0 3  4.0  59  159   86 253 -344  2
3797500 2746500  2 14 17   8.3 1026  31  1.5 5  4.1  60   70   53 263 -340  2
3797500 2746500  2 14 18   7.6 1026  42  1.5 4  4.1  62    8   11 265 -333  2
3797500 2746500  2 14 19   6.4 1027  39  2.3 4  4.1  66    0    0 258 -326  2
3797500 2746500  2 14 20   5.9 1027  40  2.3 4  4.1  70    0    0 256 -321  2
3797500 2746500  2 14 21   5.9 1027  68  2.1 3  4.1  72    0    0 251 -318  2
3797500 2746500  2 14 22   5.2 1027  69  1.9 0  4.1  74    0    0 234 -316  2
3797500 2746500  2 14 23   5.1 1027  68  2.1 0  4.1  76    0    0 222 -316  2
3797500 2746500  2 14 24   4.5 1027  64  1.4 0  4.0  77    0    0 221 -316  2
3797500 2746500  2 15  1   3.8 1027 100  1.5 2  4.0  79    0    0 227 -316  2
3797500 2746500  2 15  2   3.4 1027  89  1.4 1  4.0  83    0    0 230 -315  2
3797500 2746500  2 15  3   2.7 1027 105  0.8 0  3.9  84    0    0 221 -313  2
3797500 2746500  2 15  4   3.0 1027 147  0.6 1  3.9  84    0    0 222 -312  2
3797500 2746500  2 15  5   2.9 1026  96  1.3 1  3.9  83    0    0 226 -312  2
3797500 2746500  2 15  6   2.8 1026  93  0.7 0  3.6  78    0    0 222 -312  2
3797500 2746500  2 15  7   2.6 1026 329  0.9 0  3.3  73    0    0 217 -312  2
3797500 2746500  2 15  8   1.8 1026  83  0.8 0  3.3  74    0    0 216 -312  2
3797500 2746500  2 15  9   1.8 1026  67  0.7 0  3.3  77   22   38 216 -312  2
3797500 2746500  2 15 10   5.3 1026  81  1.4 0  3.5  72   95   79 221 -313  2
3797500 2746500  2 15 11   8.3 1026 128  0.8 0  3.7  60  231   76 230 -315  2
3797500 2746500  2 15 12  10.3 1026  83  1.1 0  3.7  51  329   70 238 -320  2
3797500 2746500  2 15 13  12.0 1026  81  1.7 0  3.6  44  381   62 244 -327  2
3797500 2746500  2 15 14  13.5 1025  48  1.7 0  3.5  39  375   57 249 -336  2
3797500 2746500  2 15 15  13.9 1025 318  0.8 0  3.4  35  319   52 252 -344  2
3797500 2746500  2 15 16  14.0 1024 343  1.1 0  3.4  35  219   51 255 -345  2
3797500 2746500  2 15 17  13.9 1024 325  0.8 1  3.4  35   98   40 258 -341  2
3797500 2746500  2 15 18  12.3 1023 189  1.0 1  3.3  36   12   12 259 -333  2
3797500 2746500  2 15 19  11.7 1023 359  0.2 0  3.3  38    0    0 253 -325  2
3797500 2746500  2 15 20  10.6 1024 313  1.6 1  3.3  41    0    0 251 -321  2
3797500 2746500  2 15 21   9.3 1024 128  0.9 1  3.4  45    0    0 251 -318  2
3797500 2746500  2 15 22   8.5 1024 291  0.8 1  3.4  49    0    0 249 -317  2
3797500 2746500  2 15 23   7.7 1024 359  0.2 1  3.4  52    0    0 247 -316  2
3797500 2746500  2 15 24   6.9 1024   1  0.2 2  3.4  54    0    0 250 -316  2
3797500 2746500  2 16  1   5.9 1023 129  1.0 0  3.4  58    0    0 243 -316  2
3797500 2746500  2 16  2   5.8 1023 102  0.9 0  3.5  62    0    0 234 -315  2
3797500 2746500  2 16  3   5.2 1023 137  0.9 0  3.6  65    0    0 233 -314  2
3797500 2746500  2 16  4   5.9 1022 160  0.9 0  3.6  65    0    0 234 -313  2
3797500 2746500  2 16  5   3.9 1022 159  1.6 0  3.5  66    0    0 230 -312  2
3797500 2746500  2 16  6   4.7 1022 181  1.7 0  3.5  68    0    0 227 -311  2
3797500 2746500  2 16  7   4.1 1022 193  1.7 0  3.6  69    0    0 225 -311  2
3797500 2746500  2 16  8   4.1 1021 183  1.8 0  3.6  71    0    0 224 -311  2
3797500 2746500  2 16  9   4.2 1021 195  1.7 0  3.6  71   17   42 223 -311  2
3797500 2746500  2 16 10   5.7 1021 203  2.4 0  3.8  71   78   91 224 -313  2
3797500 2746500  2 16 11   7.4 1021 185  2.7 0  4.0  67  206   92 226 -315  2
3797500 2746500  2 16 12   8.2 1021 194  2.8 0  4.1  63  306   82 225 -319  2
3797500 2746500  2 16 13   9.0 1021 263  2.9 0  4.2  61  369   65 223 -323  2
3797500 2746500  2 16 14   9.0 1020 229  2.3 1  4.3  61  367   57 227 -328  2
3797500 2746500  2 16 15  10.3 1020 262  2.7 1  4.5  61  306   55 236 -332  2
3797500 2746500  2 16 16   9.1 1020 270  3.2 1  4.6  62  208   51 238 -335  2
3797500 2746500  2 16 17   6.4 1020 262  3.6 5  4.5  69   40   50 256 -332  2
3797500 2746500  2 16 18   4.5 1021 282  3.0 6  4.3  78    0    6 278 -329  2
3797500 2746500  2 16 19   4.9 1022 300  2.4 8  4.2  80    0    0 291 -326  2
3797500 2746500  2 16 20   5.4 1023 320  2.9 7  4.4  81    0    0 300 -324  2
3797500 2746500  2 16 21   5.4 1023 320  3.5 8  4.5  81    0    0 304 -324  2
3797500 2746500  2 16 22   5.3 1023 343  2.9 8  4.5  81    0    0 312 -323  2
3797500 2746500  2 16 23   4.4 1024 344  3.9 8  4.2  80    0    0 311 -322  2
3797500 2746500  2 16 24   4.1 1025 351  3.0 6  4.1  80    0    0 299 -322  2
3797500 2746500  2 17  1   4.3 1025 350  3.3 8  4.2  82    0    0 301 -321  2
3797500 2746500  2 17  2   4.1 1026 360  3.3 8  4.2  83    0    0 313 -319  2
3797500 2746500  2 17  3   4.0 1026   9  2.9 8  4.2  85    0    0 315 -318  2
3797500 2746500  2 17  4   4.3 1026   2  2.0 7  4.3  85    0    0 310 -317  2
3797500 2746500  2 17  5   4.3 1026 360  2.7 7  4.4  86    0    0 306 -317  2
3797500 2746500  2 17  6   4.5 1027 356  2.9 7  4.5  87    0    0 306 -316  2
3797500 2746500  2 17  7   4.4 1027   0  4.1 7  4.5  88    0    0 306 -315  2
3797500 2746500  2 17  8   4.2 1028   4  5.4 8  4.6  90    0    0 310 -314  2
3797500 2746500  2 17  9   4.1 1029  36  3.6 8  4.5  90    0   28 313 -314  2
3797500 2746500  2 17 10   4.1 1029  11  3.6 8  4.5  89    0   55 310 -314  2
3797500 2746500  2 17 11   4.2 1030  23  4.3 7  4.4  87    0   67 300 -316  2
3797500 2746500  2 17 12   4.1 1031   8  4.2 7  4.3  85    0   64 290 -321  2
3797500 2746500  2 17 13   4.4 1031  29  4.0 7  4.2  84    0   52 283 -329  2
3797500 2746500  2 17 14   4.0 1031  10  5.3 8  4.2  84    0   43 281 -333  2
3797500 2746500  2 17 15   4.2 1031  28  4.2 8  4.3  86    0   48 281 -334  2
3797500 2746500  2 17 16   4.7 1031  27  3.9 8  4.2  83    0   36 280 -332  2
3797500 2746500  2 17 17   4.9 1031  26  3.9 7  4.0  77    0   20 275 -329  2
3797500 2746500  2 17 18   4.8 1032  13  3.4 8  3.9  75    0    8 275 -323  2
3797500 2746500  2 17 19   4.5 1032  17  4.1 8  3.9  76    0    0 277 -318  2
3797500 2746500  2 17 20   4.4 1033  15  3.5 7  3.8  73    0    0 273 -316  2
3797500 2746500  2 17 21   4.2 1033  41  3.7 7  3.5  70    0    0 269 -315  2
3797500 2746500  2 17 22   4.0 1033  55  2.8 7  3.4  69    0    0 270 -313  2
3797500 2746500  2 17 23   3.8 1033  58  2.9 7  3.3  68    0    0 271 -312  2
3797500 2746500  2 17 24   2.9 1034  34  2.9 7  3.2  69    0    0 272 -312  2
3797500 2746500  2 18  1   3.1 1034  21  1.9 8  3.2  70    0    0 277 -313  2
3797500 2746500  2 18  2   1.9 1034 357  1.9 6  3.2  73    0    0 272 -314  2
3797500 2746500  2 18  3   1.3 1033 342  1.7 6  3.2  78    0    0 263 -315  2
3797500 2746500  2 18  4   0.9 1033 359  2.4 5  3.3  81    0    0 260 -315  2
3797500 2746500  2 18  5   0.4 1033 350  2.4 4  3.3  85    0    0 253 -316  2
3797500 2746500  2 18  6   0.5 1033 358  2.3 7  3.3  87    0    0 264 -316  2
3797500 2746500  2 18  7   0.8 1033   6  3.1 8  3.4  87    0    0 284 -316  2
3797500 2746500  2 18  8   1.3 1033 333  1.1 8  3.5  87    0    0 292 -316  2
3797500 2746500  2 18  9   1.8 1033 350  2.1 8  3.6  86    0   14 294 -316  2
3797500 2746500  2 18 10   2.0 1033 354  0.7 7  3.6  85    0   42 292 -315  2
3797500 2746500  2 18 11   2.5 1033 244  1.5 6  3.7  85    0   91 284 -316  2
3797500 2746500  2 18 12   3.4 1033 249  2.5 7  3.9  85    0  104 285 -321  2
3797500 2746500  2 18 13   3.8 1033 261  2.1 8  4.0  83    0   64 298 -330  2
3797500 2746500  2 18 14   4.8 1033 309  2.7 7  4.1  81    0   73 303 -338  2
3797500 2746500  2 18 15   5.5 1033 285  1.9 7  4.2  78    0   73 304 -342  2
3797500 2746500  2 18 16   6.1 1032 267  2.1 7  4.3  76    0   58 308 -341  2
3797500 2746500  2 18 17   6.2 1032 258  1.8 7  4.4  76    0   28 310 -339  2
3797500 2746500  2 18 18   5.9 1032 248  0.8 7  4.4  76    0   10 311 -339  2
3797500 2746500  2 18 19   6.2 1031 327  2.4 8  4.3  76    0    0 315 -339  2
3797500 2746500  2 18 20   6.0 1032 332  2.0 8  4.2  74    0    0 319 -340  2
3797500 2746500  2 18 21   6.1 1032 317  2.6 8  4.2  74    0    0 316 -340  2
3797500 2746500  2 18 22   6.2 1032 309  2.1 7  4.2  73    0    0 310 -340  2
3797500 2746500  2 18 23   6.2 1032 340  2.1 7  4.2  73    0    0 306 -339  2
3797500 2746500  2 18 24   5.7 1032 310  2.0 8  4.3  76    0    0 309 -338  2
3797500 2746500  2 19  1   5.7 1032 324  2.0 6  4.3  77    0    0 300 -336  2
3797500 2746500  2 19  2   5.5 1032 323  2.0 8  4.4  79    0    0 298 -335  2
3797500 2746500  2 19  3   5.2 1032 293  1.7 8  4.4  80    0    0 307 -335  2
3797500 2746500  2 19  4   4.8 1032 310  1.7 8  4.3  82    0    0 306 -334  2
3797500 2746500  2 19  5   4.7 1031 293  1.1 7  4.3  83    0    0 299 -334  2
3797500 2746500  2 19  6   4.6 1031 245  1.2 8  4.4  84    0    0 297 -333  2
3797500 2746500  2 19  7   4.3 1031 235  1.3 7  4.3  84    0    0 295 -333  2
3797500 2746500  2 19  8   3.4 1031 238  1.2 7  4.2  86    0    0 285 -333  2
3797500 2746500  2 19  9   4.4 1030 249  2.0 7  4.2  86    0   31 285 -334  2
3797500 2746500  2 19 10   4.7 1031 256  3.0 8  4.2  82    0   64 292 -335  2
3797500 2746500  2 19 11   4.8 1031 258  3.8 8  4.1  79    0   70 297 -337  2
3797500 2746500  2 19 12   4.8 1030 254  4.6 7  4.0  75    0   71 288 -342  2
3797500 2746500  2 19 13   5.1 1030 245  4.4 7  3.8  72    0   61 279 -346  2
3797500 2746500  2 19 14   5.2 1029 255  3.6 8  3.8  70    0   58 283 -348  2
3797500 2746500  2 19 15   5.2 1029 239  3.5 6  3.9  72   15  105 278 -349  2
3797500 2746500  2 19 16   5.6 1028 249  3.3 7  3.9  72   15   78 273 -349  2
3797500 2746500  2 19 17   5.4 1027 255  3.0 7  4.0  72   10   38 279 -346  2
3797500 2746500  2 19 18   5.8 1026 265  4.2 6  4.0  72    0   11 276 -343  2
3797500 2746500  2 19 19   5.1 1026 281  3.2 7  4.0  72    0    0 278 -340  2
3797500 2746500  2 19 20   4.7 1026 290  2.4 8  4.1  77    0    0 288 -339  2
3797500 2746500  2 19 21   4.4 1026 271  3.2 8  4.1  80    0    0 299 -338  2
3797500 2746500  2 19 22   4.2 1026 260  2.7 8  4.3  84    0    0 304 -337  2
3797500 2746500  2 19 23   4.4 1025 270  2.8 8  4.4  86    0    0 310 -337  2
3797500 2746500  2 19 24   4.8 1025 270  2.4 8  4.6  88    0    0 315 -337  2
3797500 2746500  2 20  1   4.9 1025 298  2.7 8  4.8  90    0    0 319 -337  2
3797500 2746500  2 20  2   5.5 1025 319  2.5 6  4.9  91    0    0 308 -336  2
3797500 2746500  2 20  3   5.3 1025 324  2.8 5  5.0  90    0    0 286 -334  2
3797500 2746500  2 20  4   4.9 1025 326  2.7 6  4.7  87    0    0 283 -334  2
3797500 2746500  2 20  5   4.5 1025 326  3.3 5  4.4  83    0    0 277 -332  2
3797500 2746500  2 20  6   4.4 1025 327  2.7 6  4.3  83    0    0 271 -328  2
3797500 2746500  2 20  7   4.4 1025 325  2.7 7  4.3  83    0    0 289 -323  2
3797500 2746500  2 20  8   4.3 1026 321  3.3 8  4.3  84    0    0 307 -319  2
3797500 2746500  2 20  9   4.3 1026 310  3.3 8  4.3  85   12   60 312 -317  2
3797500 2746500  2 20 10   4.3 1026 323  2.8 7  4.4  86    1   85 298 -319  2
3797500 2746500  2 20 11   4.8 1026 328  3.0 8  4.4  85    0   55 296 -326  2
3797500 2746500  2 20 12   5.4 1026 328  3.0 7  4.4  82    0  103 294 -335  2
3797500 2746500  2 20 13   6.3 1026 298  2.8 7  4.4  77    0  125 286 -342  2
3797500 2746500  2 20 14   6.6 1025 298  3.0 8  4.4  74    0   81 292 -346  2
3797500 2746500  2 20 15   7.0 1025 308  3.4 7  4.3  71    0   74 290 -348  2
3797500 2746500  2 20 16   7.1 1025 302  3.9 7  4.3  69    0   70 285 -347  2
3797500 2746500  2 20 17   7.3 1024 309  3.2 7  4.3  69    0   41 286 -344  2
3797500 2746500  2 20 18   7.0 1024 297  2.1 7  4.3  68    0    8 286 -339  2
3797500 2746500  2 20 19   6.9 1024 286  2.0 7  4.3  70    0    0 286 -333  2
3797500 2746500  2 20 20   6.7 1024 276  3.2 7  4.3  70    0    0 285 -330  2
3797500 2746500  2 20 21   6.1 1024 269  3.1 7  4.3  73    0    0 285 -329  2
3797500 2746500  2 20 22   5.6 1024 247  3.4 7  4.4  77    0    0 287 -327  2
3797500 2746500  2 20 23   5.2 1023 251  3.4 7  4.4  79    0    0 291 -325  2
3797500 2746500  2 20 24   4.7 1023 254  3.6 5  4.3  80    0    0 283 -324  2
3797500 2746500  2 21  1   4.2 1023 253  3.6 6  4.1  80    0    0 280 -326  2
3797500 2746500  2 21  2   4.2 1022 243  3.3 6  4.1  80    0    0 290 -328  2
3797500 2746500  2 21  3   4.2 1022 250  3.6 6  4.1  80    0    0 293 -330  2
3797500 2746500  2 21  4   4.1 1021 239  2.9 7  4.1  80    0    0 301 -332  2
3797500 2746500  2 21  5   4.2 1021 253  4.5 8  4.2  82    0    0 316 -333  2
3797500 2746500  2 21  6   4.3 1020 242  3.7 8  4.3  84    0    0 323 -335  2
3797500 2746500  2 21  7   4.3 1019 241  3.1 8  4.4  86    0    0 324 -337  2
3797500 2746500  2 21  8   4.6 1019 249  3.2 8  4.5  87    0    0 325 -339  2
3797500 2746500  2 21  9   4.6 1019 256  3.9 7  4.7  89    0   28 319 -341  2
3797500 2746500  2 21 10   4.8 1019 251  3.3 8  4.7  89    0   51 320 -342  2
3797500 2746500  2 21 11   5.0 1019 250  4.0 8  4.8  90    0   56 327 -343  2
3797500 2746500  2 21 12   5.6 1019 261  3.9 8  5.0  90    0   53 327 -344  2
3797500 2746500  2 21 13   6.0 1018 260  3.0 8  5.1  90    0   62 328 -345  2
3797500 2746500  2 21 14   6.2 1018 251  4.1 8  5.2  90    0   60 329 -345  2
3797500 2746500  2 21 15   6.4 1017 251  4.4 8  5.3  89    0   56 328 -346  2
3797500 2746500  2 21 16   6.9 1017 312  1.2 8  5.4  89    0   42 330 -347  2
3797500 2746500  2 21 17   7.2 1016 295  2.9 8  5.5  89    0   38 331 -346  2
3797500 2746500  2 21 18   7.2 1016 278  2.1 8  5.6  89    0    7 331 -344  2
3797500 2746500  2 21 19   7.2 1016 275  2.8 8  5.5  87    0    0 330 -342  2
3797500 2746500  2 21 20   6.9 1016 286  2.8 7  5.2  83    0    0 319 -340  2
3797500 2746500  2 21 21   6.0 1016 266  2.4 7  5.0  83    0    0 310 -339  2
3797500 2746500  2 21 22   6.0 1015 293  0.8 8  5.0  86    0    0 315 -339  2
3797500 2746500  2 21 23   5.5 1015 313  1.6 8  4.9  85    0    0 320 -339  2
3797500 2746500  2 21 24   5.2 1014 294  1.3 8  4.8  86    0    0 319 -337  2
3797500 2746500  2 22  1   5.1 1014 297  1.5 6  4.8  87    0    0 306 -335  2
3797500 2746500  2 22  2   4.8 1013 308  2.0 5  4.7  88    0    0 286 -333  2
3797500 2746500  2 22  3   4.4 1013 307  2.4 4  4.6  86    0    0 273 -331  2
3797500 2746500  2 22  4   3.6 1012 269  1.0 3  4.4  87    0    0 259 -329  2
3797500 2746500  2 22  5   3.1 1012 259  1.6 3  4.3  88    0    0 252 -328  2
3797500 2746500  2 22  6   3.7 1011 267  1.4 6  4.3  88    0    0 270 -328  2
3797500 2746500  2 22  7   4.2 1011 277  1.4 7  4.3  85    0    0 295 -327  2
3797500 2746500  2 22  8   4.4 1010 276  2.0 7  4.2  81    0    0 301 -326  2
3797500 2746500  2 22  9   4.6 1010 267  2.4 7  4.3  82    2   49 300 -326  2
3797500 2746500  2 22 10   4.9 1009 280  2.6 8  4.5  84    0   67 305 -328  2
3797500 2746500  2 22 11   5.5 1009 271  3.5 7  4.6  83    2  131 307 -333  2
3797500 2746500  2 22 12   5.7 1008 270  3.0 8  4.5  79    0   82 308 -337  2
3797500 2746500  2 22 13   5.8 1008 268  3.3 7  4.3  75    0   87 309 -340  2
3797500 2746500  2 22 14   6.1 1007 282  3.6 7  4.3  73    0   90 305 -344  2
3797500 2746500  2 22 15   6.0 1006 260  4.0 6  4.3  74    3  133 300 -343  2
3797500 2746500  2 22 16   5.4 1006 285  2.9 7  4.3  75    0   84 300 -342  2
3797500 2746500  2 22 17   5.6 1005 277  3.1 7  4.1  72    0   37 303 -339  2
3797500 2746500  2 22 18   5.8 1004 269  5.3 7  4.0  70    0   11 301 -336  2
3797500 2746500  2 22 19   5.6 1004 258  3.9 5  4.1  71    0    0 289 -333  2
3797500 2746500  2 22 20   5.2 1004 259  3.6 5  4.1  74    0    0 276 -331  2
3797500 2746500  2 22 21   4.8 1003 259  3.7 4  4.2  76    0    0 269 -330  2
3797500 2746500  2 22 22   4.7 1002 258  4.0 5  4.2  78    0    0 268 -328  2
3797500 2746500  2 22 23   2.7 1002 311  2.6 6  4.0  80    0    0 275 -327  2
3797500 2746500  2 22 24   2.6 1001 303  0.0 6  3.9  84    0    0 278 -326  2
3797500 2746500  2 23  1   3.2 1000 294  1.5 7  4.1  88    0    0 284 -321  2
3797500 2746500  2 23  2   3.3  999 249  2.1 8  4.3  88    0    0 295 -317  2
3797500 2746500  2 23  3   2.8  998 239  2.8 8  4.2  88    0    0 298 -317  2
3797500 2746500  2 23  4   2.8  997 258  2.3 8  4.2  89    0    0 295 -318  2
3797500 2746500  2 23  5   3.0  997 284  2.0 7  4.2  88    0    0 289 -317  2
3797500 2746500  2 23  6   3.0  996 304  3.1 8  4.1  87    0    0 288 -316  2
3797500 2746500  2 23  7   2.8  996 335  3.7 8  4.0  84    0    0 292 -316  2
3797500 2746500  2 23  8   2.4  996 312  2.3 6  3.8  82    0    0 279 -316  2
3797500 2746500  2 23  9   2.5  997 316  2.8 6  3.7  81   19   52 269 -316  2
3797500 2746500  2 23 10   2.3  997 328  3.3 4  3.7  80   61  110 257 -316  2
3797500 2746500  2 23 11   2.7  998 317  3.8 3  3.5  76  115  150 242 -319  2
3797500 2746500  2 23 12   3.5  998 321  4.5 4  3.2  67   86  189 242 -325  2
3797500 2746500  2 23 13   3.9  998 338  4.3 3  3.0  60   80  193 245 -329  2
3797500 2746500  2 23 14   4.1  998 330  3.4 4  2.8  54   78  184 246 -332  2
3797500 2746500  2 23 15   4.4  998 336  2.7 7  2.6  49   82  161 263 -333  2
3797500 2746500  2 23 16   3.8  998 340  3.1 5  2.7  52  161   87 266 -332  2
3797500 2746500  2 23 17   3.5  998 286  2.6 4  2.9  58   80   57 252 -330  2
3797500 2746500  2 23 18   2.8  998 307  1.0 6  3.1  64   13   16 254 -325  2
3797500 2746500  2 23 19   2.4  998 113  1.1 6  3.2  69    0    0 260 -320  2
3797500 2746500  2 23 20   2.0  999 284  1.3 6  3.2  71    0    0 257 -320  2
3797500 2746500  2 23 21   1.8  999 183  0.7 6  3.2  74    0    0 257 -319  2
3797500 2746500  2 23 22   1.4  999 212  1.2 5  3.3  76    0    0 253 -318  2
3797500 2746500  2 23 23   0.7  999 247  1.4 5  3.3  81    0    0 249 -317  2
3797500 2746500  2 23 24   0.5  999  48  0.5 6  3.4  85    0    0 253 -316  2
3797500 2746500  2 24  1   0.6  999 142  0.8 6  3.4  85    0    0 259 -316  2
3797500 2746500  2 24  2   0.5  999  79  0.9 7  3.4  85    0    0 265 -316  2
3797500 2746500  2 24  3   0.4  999  80  1.0 7  3.4  86    0    0 271 -316  2
3797500 2746500  2 24  4   0.1  999  28  1.8 6  3.4  87    0    0 267 -316  2
3797500 2746500  2 24  5  -0.7 1000  51  2.6 5  3.3  88    0    0 257 -316  2
3797500 2746500  2 24  6  -1.1 1000  30  3.4 7  3.1  88    0    0 260 -316  2
3797500 2746500  2 24  7  -1.9 1000  47  3.1 8  3.0  87    0    0 272 -316  2
3797500 2746500  2 24  8  -2.3 1001  40  3.7 7  2.8  86    0    0 270 -316  2
3797500 2746500  2 24  9  -2.7 1002  33  4.1 7  2.7  86   13   52 266 -316  2
3797500 2746500  2 24 10  -3.3 1003  40  4.2 5  2.6  86   48  111 255 -316  2
3797500 2746500  2 24 11  -3.4 1003  42  3.7 5  2.4  81  129  143 244 -316  2
3797500 2746500  2 24 12  -2.6 1004  51  3.6 3  2.2  73  226  141 235 -316  2
3797500 2746500  2 24 13  -1.7 1004  51  3.3 3  2.2  66  351   71 227 -316  2
3797500 2746500  2 24 14  -1.2 1005  23  3.8 2  2.1  60  358   73 222 -316  2
3797500 2746500  2 24 15   0.0 1005  15  2.5 1  2.0  56  338   69 213 -316  2
3797500 2746500  2 24 16   0.8 1005  14  3.0 1  2.0  52  270   55 210 -316  2
3797500 2746500  2 24 17   0.8 1005  21  1.7 0  2.0  49  162   35 206 -315  2
3797500 2746500  2 24 18   0.2 1005   5  2.0 0  1.9  48   31   14 201 -313  2
3797500 2746500  2 24 19  -0.6 1005 329  1.0 1  1.9  51    0    0 202 -308  2
3797500 2746500  2 24 20  -1.1 1006 335  1.1 1  1.9  54    0    0 204 -305  2
3797500 2746500  2 24 21  -1.5 1006 306  0.7 0  2.0  58    0    0 198 -305  2
3797500 2746500  2 24 22  -2.4 1006 217  0.9 1  2.1  64    0    0 197 -305  2
3797500 2746500  2 24 23  -2.2 1006 213  0.9 1  2.2  67    0    0 201 -305  2
3797500 2746500  2 24 24  -2.5 1007 214  1.5 4  2.3  70    0    0 213 -304  2
3797500 2746500  2 25  1  -1.7 1006 221  1.8 6  2.3  72    0    0 235 -302  2
3797500 2746500  2 25  2  -1.7 1006 221  2.4 4  2.4  70    0    0 236 -301  2
3797500 2746500  2 25  3  -1.4 1006 213  2.6 3  2.3  69    0    0 225 -301  2
3797500 2746500  2 25  4  -1.9 1006 212  2.5 4  2.4  70    0    0 225 -301  2
3797500 2746500  2 25  5  -2.3 1005 213  2.5 3  2.3  72    0    0 225 -301  2
3797500 2746500  2 25  6  -2.3 1005 192  1.9 4  2.4  73    0    0 226 -301  2
3797500 2746500  2 25  7  -1.8 1005 193  1.9 5  2.4  74    0    0 236 -301  2
3797500 2746500  2 25  8  -2.3 1005 205  1.8 3  2.4  74    0    0 232 -301  2
3797500 2746500  2 25  9  -2.1 1005 203  1.8 3  2.4  74   36   56 220 -302  2
3797500 2746500  2 25 10  -0.9 1005 215  3.5 4  2.4  71   91  114 221 -306  2
3797500 2746500  2 25 11  -0.1 1005 206  3.3 5  2.5  68  176  146 231 -311  2
3797500 2746500  2 25 12   1.4 1005 205  3.5 4  2.5  62  248  158 230 -314  2
3797500 2746500  2 25 13   2.7 1005 234  4.0 5  2.4  54  310  132 229 -316  2
3797500 2746500  2 25 14   3.0 1005 234  4.2 4  2.5  53  346  105 230 -317  2
3797500 2746500  2 25 15   3.6 1004 230  5.0 3  2.6  54  301   94 222 -320  2
3797500 2746500  2 25 16   3.6 1004 251  5.2 4  2.7  54   94  125 227 -322  2
3797500 2746500  2 25 17   3.2 1003 294  2.6 7  2.7  56   15   69 248 -320  2
3797500 2746500  2 25 18   3.3 1003 231  3.8 7  2.8  57   17   19 262 -318  2
3797500 2746500  2 25 19   2.5 1003 231  4.0 6  2.8  59    0    0 255 -316  2
3797500 2746500  2 25 20   2.6 1003 229  3.8 6  2.9  62    0    0 250 -316  2
3797500 2746500  2 25 21   2.2 1003 229  3.7 7  3.1  68    0    0 255 -315  2
3797500 2746500  2 25 22   1.6 1003 227  3.5 8  3.3  76    0    0 265 -314  2
3797500 2746500  2 25 23   1.4 1003 240  4.0 8  3.5  82    0    0 270 -313  2
3797500 2746500  2 25 24   1.6 1003 241  3.4 8  3.6  84    0    0 273 -312  2
3797500 2746500  2 26  1   1.5 1002 244  3.0 6  3.7  85    0    0 265 -313  2
3797500 2746500  2 26  2   1.1 1002 238  3.6 6  3.7  88    0    0 255 -314  2
3797500 2746500  2 26  3   1.2 1002 250  3.8 6  3.7  89    0    0 254 -314  2
3797500 2746500  2 26  4   1.3 1001 242  3.0 8  3.8  89    0    0 265 -314  2
3797500 2746500  2 26  5   1.2 1001 248  2.8 8  3.7  89    0    0 275 -313  2
3797500 2746500  2 26  6   1.3 1001 248  2.9 8  3.7  89    0    0 276 -313  2
3797500 2746500  2 26  7   1.1 1001 247  2.6 8  3.7  89    0    0 277 -312  2
3797500 2746500  2 26  8   0.9 1001 241  2.6 8  3.7  89    0    0 276 -312  2
3797500 2746500  2 26  9   1.0 1000 241  3.3 8  3.7  89    0   31 277 -312  2
3797500 2746500  2 26 10   0.8 1001 251  3.4 8  3.7  89    0   64 278 -314  2
3797500 2746500  2 26 11   0.8 1001 238  3.0 8  3.7  90    0   86 280 -315  2
3797500 2746500  2 26 12   1.4 1001 237  3.0 8  3.8  91    0  102 283 -317  2
3797500 2746500  2 26 13   2.4 1001 230  3.1 6  3.9  89    8  165 275 -321  2
3797500 2746500  2 26 14   2.3 1000 219  3.4 6  3.9  86   32  185 266 -325  2
3797500 2746500  2 26 15   2.8 1000 223  3.7 7  3.9  84   16  153 269 -325  2
3797500 2746500  2 26 16   2.2  999 191  2.2 4  3.7  80  181   98 258 -324  2
3797500 2746500  2 26 17   2.2  999 178  2.3 2  3.3  74  128   51 233 -323  2
3797500 2746500  2 26 18   1.0  999 172  1.6 5  3.2  75   30   20 233 -319  2
3797500 2746500  2 26 19   0.8  998 179  1.2 4  3.2  77    0    0 235 -316  2
3797500 2746500  2 26 20   0.4  998 157  2.1 4  3.0  74    0    0 226 -315  2
3797500 2746500  2 26 21   0.0  998 164  2.4 3  2.9  73    0    0 219 -314  2
3797500 2746500  2 26 22  -0.1  998 150  2.8 0  2.8  74    0    0 203 -312  2
3797500 2746500  2 26 23  -0.1  997 157  2.8 0  2.8  74    0    0 191 -312  2
3797500 2746500  2 26 24  -0.2  997 169  2.9 4  2.8  74    0    0 205 -312  2
3797500 2746500  2 27  1  -0.6  996 153  3.5 0  2.8  75    0    0 203 -311  2
3797500 2746500  2 27  2  -0.5  996 152  4.2 0  2.8  75    0    0 190 -311  2
3797500 2746500  2 27  3  -0.5  996 145  4.1 1  2.8  76    0    0 193 -310  2
3797500 2746500  2 27  4  -0.8  995 144  4.1 2  2.8  77    0    0 199 -310  2
3797500 2746500  2 27  5  -1.0  994 126  3.2 2  2.8  76    0    0 201 -308  2
3797500 2746500  2 27  6  -0.7  994 135  3.7 3  2.7  75    0    0 204 -307  2
3797500 2746500  2 27  7  -0.5  993 139  3.1 2  2.7  74    0    0 204 -305  2
3797500 2746500  2 27  8  -0.3  993 136  3.6 3  2.7  73    0    0 207 -304  2
3797500 2746500  2 27  9   0.3  993 133  4.1 4  2.7  70   27   58 214 -304  2
3797500 2746500  2 27 10   0.8  993 128  4.5 5  2.7  67  112  111 219 -308  2
3797500 2746500  2 27 11   1.6  992 137  4.5 5  2.6  63  249  111 221 -313  2
3797500 2746500  2 27 12   2.2  992 137  5.7 6  2.6  59  326  114 226 -317  2
3797500 2746500  2 27 13   2.6  991 147  5.4 7  2.6  57  153  192 233 -322  2
3797500 2746500  2 27 14   2.6  991 140  5.6 7  2.6  57  146  186 237 -325  2
3797500 2746500  2 27 15   3.5  990 149  6.1 5  2.6  54  216  141 236 -326  2
3797500 2746500  2 27 16   4.0  990 147  4.7 5  2.6  52  156  110 237 -326  2
3797500 2746500  2 27 17   4.1  990 135  4.2 8  2.7  51   20   71 245 -324  2
3797500 2746500  2 27 18   4.4  989 138  4.3 7  2.7  51    8   18 252 -319  2
3797500 2746500  2 27 19   3.6  989 135  4.1 8  2.7  53    0    0 254 -316  2
3797500 2746500  2 27 20   4.5  989 139  4.3 8  2.8  53    0    0 257 -315  2
3797500 2746500  2 27 21   4.5  989 157  4.3 8  2.7  51    0    0 259 -314  2
3797500 2746500  2 27 22   4.7  989 156  4.6 6  2.7  51    0    0 254 -314  2
3797500 2746500  2 27 23   4.8  989 156  4.2 6  2.8  52    0    0 249 -314  2
3797500 2746500  2 27 24   4.1  989 140  3.4 8  2.8  53    0    0 254 -314  2
3797500 2746500  2 28  1   4.6  989 147  3.9 6  2.7  52    0    0 254 -313  2
3797500 2746500  2 28  2   4.5  989 149  3.2 6  2.7  50    0    0 247 -313  2
3797500 2746500  2 28  3   4.0  989 130  3.0 6  2.7  51    0    0 246 -312  2
3797500 2746500  2 28  4   3.6  988 158  3.1 6  2.7  53    0    0 244 -311  2
3797500 2746500  2 28  5   3.0  988 128  1.9 7  2.6  53    0    0 245 -309  2
3797500 2746500  2 28  6   2.5  988  85  1.1 7  2.6  55    0    0 248 -307  2
3797500 2746500  2 28  7   2.0  988 148  1.8 7  2.6  58    0    0 246 -305  2
3797500 2746500  2 28  8   2.3  988 140  3.1 7  2.6  58    0    0 245 -303  2
3797500 2746500  2 28  9   2.3  988 121  3.2 7  2.7  58    2   50 245 -302  2
3797500 2746500  2 28 10   2.2  988 161  2.5 8  2.7  60    6  107 252 -305  2
3797500 2746500  2 28 11   3.0  988 159  2.6 7  2.8  60   56  194 254 -310  2
3797500 2746500  2 28 12   4.0  988 159  2.4 6  2.9  58   73  234 241 -315  2
3797500 2746500  2 28 13   4.6  988 161  3.3 7  3.1  58   25  209 243 -321  2
3797500 2746500  2 28 14   4.9  988 151  2.4 8  3.2  58    7  161 266 -325  2
3797500 2746500  2 28 15   5.0  988 159  3.3 7  3.2  57    1  119 270 -326  2
3797500 2746500  2 28 16   4.9  988 143  1.9 7  3.2  58    4  104 266 -326  2
3797500 2746500  2 28 17   5.0  988 159  1.8 7  3.4  61    9   71 272 -325  2
3797500 2746500  2 28 18   4.9  987   1  0.1 7  3.4  62    5   20 275 -322  2
3797500 2746500  2 28 19   4.6  987 100  0.7 7  3.4  62    0    0 276 -318  2
3797500 2746500  2 28 20   4.2  987  87  0.8 7  3.3  63    0    0 276 -316  2
3797500 2746500  2 28 21   4.3  987  94  0.8 8  3.3  63    0    0 285 -316  2
3797500 2746500  2 28 22   3.8  988  83  1.6 8  3.3  64    0    0 293 -316  2
3797500 2746500  2 28 23   4.2  988 145  2.5 8  3.4  65    0    0 294 -316  2
3797500 2746500  2 28 24   4.0  988 165  1.7 8  3.5  67    0    0 296 -316  2
3797500 2746500  3  1  1   3.8  988  17  0.2 8  3.7  72    0    0 298 -316  2
3797500 2746500  3  1  2   3.8  988 151  1.4 8  3.7  72    0    0 299 -316  2
3797500 2746500  3  1  3   3.7  987 204  0.7 8  3.7  72    0    0 301 -316  2
3797500 2746500  3  1  4   3.1  987   1  0.2 8  3.7  74    0    0 302 -316  2
3797500 2746500  3  1  5   3.0  987 101  1.5 8  3.7  77    0    0 302 -316  2
3797500 2746500  3  1  6   3.1  987 114  1.6 7  3.7  77    0    0 294 -316  2
3797500 2746500  3  1  7   3.3  987 169  2.2 8  3.8  77    0    0 295 -316  2
3797500 2746500  3  1  8   2.8  987 179  1.6 8  3.8  79    0    4 302 -316  2
3797500 2746500  3  1  9   2.4  987 198  1.7 7  3.9  83    0   36 293 -316  2
3797500 2746500  3  1 10   2.5  987 190  1.1 8  4.0  86    0   60 293 -316  2
3797500 2746500  3  1 11   3.6  987 170  2.7 6  4.1  84    0  133 289 -316  2
3797500 2746500  3  1 12   3.4  987 159  2.7 4  3.9  77   25  217 264 -317  2
3797500 2746500  3  1 13   4.1  987 181  2.3 3  3.7  73   74  250 248 -319  2
3797500 2746500  3  1 14   4.3  987 181  3.1 3  3.9  74   93  243 246 -324  2
3797500 2746500  3  1 15   4.4  987 199  2.9 5  3.8  72   52  207 265 -325  2
3797500 2746500  3  1 16   2.9  987 318  2.4 7  3.8  75    7  126 284 -323  2
3797500 2746500  3  1 17   1.6  987 250  2.2 7  3.8  83    0   64 288 -322  2
3797500 2746500  3  1 18   1.2  987 197  1.1 8  3.7  86    0   15 288 -320  2
3797500 2746500  3  1 19   1.4  988 221  2.1 7  3.7  88    0    0 286 -318  2
3797500 2746500  3  1 20   1.7  988 221  1.1 8  3.8  86    0    0 280 -318  2
3797500 2746500  3  1 21   1.8  989 226  1.1 8  3.8  86    0    0 286 -318  2
3797500 2746500  3  1 22   2.0  989 226  1.0 8  3.8  86    0    0 292 -318  2
3797500 2746500  3  1 23   2.1  990 200  1.6 7  3.8  85    0    0 292 -318  2
3797500 2746500  3  1 24   2.2  990 168  2.1 6  3.7  83    0    0 289 -318  2
3797500 2746500  3  2  1   2.1 1029 125  2.7 5  3.6  81    0    0 261 -310  2
3797500 2746500  3  2  2   1.9 1029  87  3.1 4  3.4  80    0    0 247 -310  2
3797500 2746500  3  2  3   1.5 1029  58  3.5 3  3.3  79    0    0 236 -310  2
3797500 2746500  3  2  4   0.9 1028  53  3.5 2  3.3  81    0    0 228 -309  2
3797500 2746500  3  2  5   0.6 1028  54  3.7 3  3.3  83    0    0 230 -308  2
3797500 2746500  3  2  6  -0.3 1028  49  4.1 3  3.3  88    0    0 232 -306  2
3797500 2746500  3  2  7  -0.5 1028  50  3.6 1  3.2  89    0    0 222 -303  2
3797500 2746500  3  2  8  -0.4 1028  48  4.0 1  3.2  88    0   21 213 -301  2
3797500 2746500  3  2  9   0.1 1028  57  4.8 0  3.1  85   32   92 208 -302  2
3797500 2746500  3  2 10   1.5 1028  62  3.6 0  3.1  79  130  137 205 -306  2
3797500 2746500  3  2 11   2.7 1028  50  3.9 0  3.1  72  236  153 209 -309  2
3797500 2746500  3  2 12   4.5 1028  61  4.5 0  3.0  62  322  151 213 -311  2
3797500 2746500  3  2 13   5.2 1028  39  5.5 1  3.0  56  354  155 221 -312  2
3797500 2746500  3  2 14   6.6 1027  47  5.1 1  3.0  53  348  146 228 -313  2
3797500 2746500  3  2 15   6.7 1027  39  5.4 1  3.0  50  310  124 229 -314  2
3797500 2746500  3  2 16   6.6 1026  38  5.0 1  3.1  52  219  107 232 -315  2
3797500 2746500  3  2 17   6.4 1026  48  4.4 1  3.2  54  109   82 234 -315  2
3797500 2746500  3  2 18   5.1 1026  40  5.0 1  3.1  55   19   31 231 -313  2
3797500 2746500  3  2 19   3.7 1026  45  4.5 1  3.0  59    0    0 226 -312  2
3797500 2746500  3  2 20   3.0 1026  49  4.0 1  3.0  63    0    0 224 -310  2
3797500 2746500  3  2 21   2.7 1026  77  3.8 0  2.9  64    0    0 217 -309  2
3797500 2746500  3  2 22   2.5 1026  55  4.3 0  2.9  64    0    0 211 -309  2
3797500 2746500  3  2 23   1.3 1026  51  4.7 0  2.9  67    0    0 209 -308  2
3797500 2746500  3  2 24   0.9 1026  64  3.2 0  2.9  71    0    0 209 -308  2
3797500 2746500  3  3  1   0.7 1026  60  3.6 0  2.8  72    0    0 211 -309  2
3797500 2746500  3  3  2   0.2 1026  67  1.1 0  2.9  74    0    0 210 -309  2
3797500 2746500  3  3  3   0.0 1026  54  1.8 0  2.9  76    0    0 208 -310  2
3797500 2746500  3  3  4  -0.5 1026  66  2.3 0  2.9  78    0    0 208 -310  2
3797500 2746500  3  3  5  -0.7 1026  66  2.1 0  2.9  80    0    0 209 -311  2
3797500 2746500  3  3  6  -0.9 1026  57  2.7 0  2.9  81    0    0 210 -312  2
3797500 2746500  3  3  7  -1.4 1026  59  3.0 2  2.9  83    0    0 221 -313  2
3797500 2746500  3  3  8  -1.1 1026  57  3.3 1  2.8  83    1   22 226 -314  2
3797500 2746500  3  3  9  -0.2 1026  60  3.6 0  2.8  79   51   82 217 -314  2
3797500 2746500  3  3 10   1.2 1026  58  4.3 0  2.8  71  169  109 215 -315  2
3797500 2746500  3  3 11   2.6 1026  58  4.9 0  2.7  62  294  108 219 -317  2
3797500 2746500  3  3 12   4.7 1026  63  4.9 0  2.5  52  387  100 222 -320  2
3797500 2746500  3  3 13   6.3 1026  53  5.8 1  2.2  40  238  150 231 -323  2
3797500 2746500  3  3 14   6.7 1026  39  5.7 1  2.0  33  225  134 236 -325  2
3797500 2746500  3  3 15   7.2 1025  32  6.2 0  2.1  35  361   86 233 -330  2
3797500 2746500  3  3 16   7.5 1024  32  5.8 0  2.3  37  259   81 230 -332  2
3797500 2746500  3  3 17   6.9 1024  39  5.4 0  2.3  38  135   68 229 -329  2
3797500 2746500  3  3 18   6.3 1023  39  5.1 0  2.3  39   25   31 228 -323  2
3797500 2746500  3  3 19   5.0 1024  29  4.4 0  2.3  42    0    0 224 -318  2
3797500 2746500  3  3 20   4.4 1024  40  4.1 0  2.4  45    0    0 222 -315  2
3797500 2746500  3  3 21   3.6 1025  49  3.3 0  2.5  50    0    0 220 -314  2
3797500 2746500  3  3 22   3.1 1026  76  2.2 0  2.7  56    0    0 218 -312  2
3797500 2746500  3  3 23   2.5 1026  59  2.7 0  2.7  60    0    0 218 -311  2
3797500 2746500  3  3 24   1.7 1026  50  2.7 0  2.8  64    0    0 218 -311  2
3797500 2746500  3  4  1   1.1 1026  59  2.3 0  2.8  67    0    0 217 -310  2
3797500 2746500  3  4  2   0.9 1026  69  2.2 0  2.7  67    0    0 215 -309  2
3797500 2746500  3  4  3   0.7 1026  86  1.9 0  2.6  66    0    0 215 -308  2
3797500 2746500  3  4  4   0.1 1026  39  2.2 0  2.6  68    0    0 215 -306  2
3797500 2746500  3  4  5  -0.2 1026  61  2.4 0  2.6  71    0    0 214 -305  2
3797500 2746500  3  4  6   0.0 1026  89  1.9 0  2.6  70    0    0 212 -304  2
3797500 2746500  3  4  7  -0.8 1026  53  1.5 0  2.6  70    0    0 211 -303  2
3797500 2746500  3  4  8  -0.6 1026  76  1.0 0  2.6  72    2   24 210 -302  2
3797500 2746500  3  4  9   0.5 1026 100  1.1 0  2.6  70   53   84 210 -304  2
3797500 2746500  3  4 10   2.4 1026  71  1.1 0  2.6  63  164  117 213 -308  2
3797500 2746500  3  4 11   4.3 1026  48  1.2 0  2.7  57  276  127 218 -313  2
3797500 2746500  3  4 12   6.0 1026 149  0.9 0  2.8  52  359  127 224 -320  2
3797500 2746500  3  4 13   7.1 1025  13  1.4 0  2.9  48  376  139 228 -326  2
3797500 2746500  3  4 14   7.1 1025  23  2.0 0  2.8  45  364  134 229 -331  2
3797500 2746500  3  4 15   8.1 1024  20  2.3 1  2.8  44  322  114 235 -335  2
3797500 2746500  3  4 16   8.3 1023  43  2.4 1  2.9  43  225  101 242 -335  2
3797500 2746500  3  4 17   8.6 1023  45  2.5 2  2.9  43  112   79 247 -331  2
3797500 2746500  3  4 18   7.7 1023  37  2.0 3  3.0  45   21   33 254 -323  2
3797500 2746500  3  4 19   5.9 1022  28  2.8 4  3.1  51    0    0 258 -317  2
3797500 2746500  3  4 20   5.2 1023  29  3.3 3  3.1  56    0    0 252 -315  2
3797500 2746500  3  4 21   3.7 1023  38  2.2 1  3.1  60    0    0 233 -313  2
3797500 2746500  3  4 22   3.0 1023  31  2.7 0  3.0  62    0    0 217 -311  2
3797500 2746500  3  4 23   2.4 1023  51  1.7 0  2.8  62    0    0 213 -311  2
3797500 2746500  3  4 24   2.2 1023  51  1.9 0  2.7  62    0    0 212 -311  2
3797500 2746500  3  5  1   1.5 1022 358  2.3 3  2.8  65    0    0 220 -310  2
3797500 2746500  3  5  2   1.0 1022 360  2.8 5  2.8  69    0    0 237 -309  2
3797500 2746500  3  5  3   0.4 1022  36  2.3 4  2.8  70    0    0 239 -307  2
3797500 2746500  3  5  4   0.0 1022  40  2.7 2  2.8  72    0    0 227 -306  2
3797500 2746500  3  5  5  -0.3 1022  28  3.3 2  2.8  76    0    0 219 -306  2
3797500 2746500  3  5  6  -0.5 1022  43  2.8 5  2.9  80    0    0 234 -306  2
3797500 2746500  3  5  7  -0.9 1022  33  2.7 7  3.0  84    0    0 256 -307  2
3797500 2746500  3  5  8  -0.7 1022  22  2.4 7  3.0  86    0    5 267 -309  2
3797500 2746500  3  5  9  -1.3 1022  51  3.0 7  3.1  88    0   37 270 -311  2
3797500 2746500  3  5 10  -1.0 1022  50  2.5 7  3.1  91    0   83 273 -314  2
3797500 2746500  3  5 11  -0.2 1022  38  3.0 7  3.3  92    0  117 277 -319  2
3797500 2746500  3  5 12   1.0 1022  40  2.3 7  3.5  90    0  150 282 -325  2
3797500 2746500  3  5 13   1.9 1022  30  2.8 8  3.6  87    0  160 292 -331  2
3797500 2746500  3  5 14   2.7 1022  30  2.4 8  3.8  85    0  131 300 -337  2
3797500 2746500  3  5 15   3.6 1021 352  2.4 8  4.0  84    0  114 303 -338  2
3797500 2746500  3  5 16   4.0 1021 315  2.1 8  4.2  85    0   94 305 -334  2
3797500 2746500  3  5 17   4.4 1020 359  2.6 7  4.3  85    4   90 302 -331  2
3797500 2746500  3  5 18   4.4 1020  25  3.6 6  4.3  83    0   23 295 -330  2
3797500 2746500  3  5 19   4.5 1021  16  1.9 7  4.1  80    0    0 294 -329  2
3797500 2746500  3  5 20   3.7 1021 337  1.7 7  4.1  80    0    0 299 -329  2
3797500 2746500  3  5 21   2.9 1021   5  2.4 3  4.0  83    0    0 275 -329  2
3797500 2746500  3  5 22   2.6 1021 351  1.9 1  3.7  82    0    0 238 -328  2
3797500 2746500  3  5 23   2.3 1022  34  2.9 1  3.4  76    0    0 224 -327  2
3797500 2746500  3  5 24   1.9 1022  19  2.4 3  3.2  74    0    0 234 -325  2
3797500 2746500  3  6  1   1.8 1022  23  3.3 4  3.2  74    0    0 251 -320  2
3797500 2746500  3  6  2   0.8 1022  12  3.1 2  3.1  75    0    0 245 -316  2
3797500 2746500  3  6  3   0.8 1023  12  2.6 4  3.1  77    0    0 242 -315  2
3797500 2746500  3  6  4   0.5 1022 351  1.9 5  3.0  77    0    0 254 -312  2
3797500 2746500  3  6  5   0.0 1022 359  2.5 4  3.1  80    0    0 253 -310  2
3797500 2746500  3  6  6   0.2 1022 341  2.0 5  3.1  82    0    0 254 -310  2
3797500 2746500  3  6  7  -0.4 1022 349  2.1 4  3.1  84    0    0 253 -310  2
3797500 2746500  3  6  8  -0.5 1022 349  2.0 4  3.1  85    8   25 247 -310  2
3797500 2746500  3  6  9   1.0 1023   8  2.6 1  3.2  83   76   73 234 -311  2
3797500 2746500  3  6 10   1.5 1024  30  3.0 3  3.3  80   89  149 232 -313  2
3797500 2746500  3  6 11   3.3 1024  63  2.2 4  3.3  73  178  176 249 -317  2
3797500 2746500  3  6 12   4.1 1024  29  3.5 2  3.2  65  390  101 246 -323  2
3797500 2746500  3  6 13   4.9 1024  34  5.1 1  2.8  55  414  111 233 -329  2
3797500 2746500  3  6 14   5.6 1024  60  4.2 1  2.5  45  406  105 228 -334  2
3797500 2746500  3  6 15   6.1 1024  51  4.3 0  2.2  39  376   88 224 -338  2
3797500 2746500  3  6 16   5.9 1023  63  3.8 0  2.1  38  280   81 222 -337  2
3797500 2746500  3  6 17   6.0 1023  51  3.6 0  2.2  38  155   69 222 -333  2
3797500 2746500  3  6 18   5.3 1023  61  2.6 0  2.2  39   35   34 222 -327  2
3797500 2746500  3  6 19   4.7 1024  58  3.0 0  2.2  40    0    0 221 -320  2
3797500 2746500  3  6 20   4.2 1024  60  3.3 0  2.1  42    0    0 219 -316  2
3797500 2746500  3  6 21   3.5 1025  65  3.6 0  2.2  44    0    0 217 -315  2
3797500 2746500  3  6 22   2.9 1025  80  3.1 0  2.2  47    0    0 216 -312  2
3797500 2746500  3  6 23   2.0 1026  91  2.7 0  2.2  50    0    0 214 -311  2
3797500 2746500  3  6 24   1.6 1026  89  2.2 0  2.2  53    0    0 212 -310  2
3797500 2746500  3  7  1   0.1 1026  93  1.9 0  2.3  58    0    0 210 -310  2
3797500 2746500  3  7  2   0.6 1027  93  2.4 0  2.3  61    0    0 209 -309  2
3797500 2746500  3  7  3   1.0 1027  91  2.6 0  2.3  58    0    0 210 -308  2
3797500 2746500  3  7  4   0.5 1027  90  2.4 0  2.2  57    0    0 209 -307  2
3797500 2746500  3  7  5   0.2 1027  98  2.6 0  2.2  58    0    0 208 -304  2
3797500 2746500  3  7  6  -0.1 1027  87  2.4 0  2.2  59    0    0 207 -303  2
3797500 2746500  3  7  7  -0.6 1027  77  2.2 0  2.2  60    0    0 206 -301  2
3797500 2746500  3  7  8  -0.4 1027  85  2.9 0  2.2  62   11   27 206 -301  2
3797500 2746500  3  7  9   1.7 1028  82  3.3 0  2.2  55  103   63 206 -303  2
3797500 2746500  3  7 10   3.3 1028  70  3.6 0  2.0  44  250   65 207 -308  2
3797500 2746500  3  7 11   4.6 1028  70  3.4 0  1.9  38  378   59 209 -313  2
3797500 2746500  3  7 12   6.0 1028 118  4.7 0  1.7  32  453   66 211 -321  2
3797500 2746500  3  7 13   6.9 1027 118  4.8 0  1.6  28  475   66 213 -328  2
3797500 2746500  3  7 14   7.7 1027 119  4.7 0  1.6  26  460   64 214 -333  2
3797500 2746500  3  7 15   8.3 1026 106  4.5 0  1.5  23  420   54 215 -338  2
3797500 2746500  3  7 16   9.1 1025 101  4.3 0  1.5  22  310   59 218 -338  2
3797500 2746500  3  7 17   8.5 1025 100  4.8 0  1.6  23  176   55 219 -333  2
3797500 2746500  3  7 18   7.8 1024 128  4.5 0  1.5  23   44   31 218 -326  2
3797500 2746500  3  7 19   6.1 1024 132  3.2 0  1.5  25    0    0 215 -319  2
3797500 2746500  3  7 20   4.8 1024  96  3.4 0  1.5  28    0    0 213 -315  2
3797500 2746500  3  7 21   4.3 1024  84  2.3 0  1.5  29    0    0 212 -313  2
3797500 2746500  3  7 22   3.1 1024 121  3.2 0  1.5  31    0    0 211 -311  2
3797500 2746500  3  7 23   3.3 1023 113  4.0 0  1.6  34    0    0 212 -310  2
3797500 2746500  3  7 24   3.5 1023 134  3.6 0  1.6  33    0    0 213 -310  2
3797500 2746500  3  8  1   3.7 1022 137  3.8 0  1.5  31    0    0 214 -309  2
3797500 2746500  3  8  2   3.8 1022 144  4.7 0  1.5  30    0    0 215 -308  2
3797500 2746500  3  8  3   3.1 1022 132  3.9 0  1.5  31    0    0 214 -307  2
3797500 2746500  3  8  4   3.0 1021 166  2.4 0  1.5  32    0    0 214 -305  2
3797500 2746500  3  8  5   1.9 1021 168  3.0 0  1.5  34    0    0 214 -305  2
3797500 2746500  3  8  6   1.8 1021 150  3.0 0  1.6  36    0    0 213 -306  2
3797500 2746500  3  8  7   1.5 1020 164  4.5 0  1.5  37    0    0 214 -306  2
3797500 2746500  3  8  8   1.4 1020 153  4.4 0  1.5  37   11   29 213 -306  2
3797500 2746500  3  8  9   2.2 1019 163  4.5 0  1.6  37   94   76 213 -308  2
3797500 2746500  3  8 10   3.4 1019 178  4.0 0  1.6  36  225   93 215 -312  2
3797500 2746500  3  8 11   4.6 1019 175  4.2 0  1.7  34  339  101 217 -320  2
3797500 2746500  3  8 12   6.2 1018 170  4.0 0  1.8  33  414  106 221 -327  2
3797500 2746500  3  8 13   7.8 1017 177  3.9 0  2.1  33  429  118 226 -337  2
3797500 2746500  3  8 14   9.5 1017 203  3.2 0  2.3  33  414  116 232 -347  2
3797500 2746500  3  8 15  10.0 1016 206  3.9 0  2.5  33  374  102 236 -351  2
3797500 2746500  3  8 16  10.8 1015 203  3.6 0  2.6  34  275   94 239 -354  2
3797500 2746500  3  8 17  11.2 1014 221  3.4 0  2.8  35  154   75 243 -353  2
3797500 2746500  3  8 18  10.7 1014 241  2.3 0  3.0  37   39   36 245 -348  2
3797500 2746500  3  8 19   9.2 1013 222  1.9 0  3.1  40    0    0 243 -342  2
3797500 2746500  3  8 20   8.9 1013 222  1.6 0  3.1  44    0    0 242 -337  2
3797500 2746500  3  8 21   7.9 1013 223  1.9 0  3.2  47    0    0 241 -334  2
3797500 2746500  3  8 22   8.0 1013 223  2.6 0  3.3  49    0    0 240 -332  2
3797500 2746500  3  8 23   7.1 1013 203  1.7 0  3.2  50    0    0 238 -330  2
3797500 2746500  3  8 24   7.9 1012 186  2.1 0  3.4  52    0    0 240 -329  2
3797500 2746500  3  9  1   7.6 1012 196  2.7 0  3.7  57    0    0 241 -327  2
3797500 2746500  3  9  2   7.8 1011 214  3.7 1  4.1  62    0    0 244 -327  2
3797500 2746500  3  9  3   7.4 1010 214  4.3 1  4.2  65    0    0 246 -326  2
3797500 2746500  3  9  4   7.9 1010 219  4.1 2  4.4  67    0    0 249 -325  2
3797500 2746500  3  9  5   8.6 1009 216  3.5 4  4.5  66    0    0 259 -324  2
3797500 2746500  3  9  6   8.4 1009 222  3.4 6  4.6  66    0    0 270 -323  2
3797500 2746500  3  9  7   9.3 1009 211  3.3 8  4.7  66    0    0 283 -322  2
3797500 2746500  3  9  8   9.2 1008 222  3.9 8  4.7  65    0   13 292 -321  2
3797500 2746500  3  9  9   9.1 1008 234  4.6 8  4.9  67    0   46 296 -323  2
3797500 2746500  3  9 10   8.8 1008 252  5.5 7  4.9  68   10  127 297 -329  2
3797500 2746500  3  9 11   9.2 1008 252  7.0 5  4.6  64   90  156 288 -336  2
3797500 2746500  3  9 12   9.3 1008 229  6.1 6  4.4  61    2  157 285 -344  2
3797500 2746500  3  9 13   8.5 1008 247  6.7 8  4.7  65    0   66 300 -351  2
3797500 2746500  3  9 14   7.4 1008 233  5.2 7  5.0  75    0   70 304 -356  2
3797500 2746500  3  9 15   6.9 1008 240  4.6 7  5.4  85    0   85 300 -357  2
3797500 2746500  3  9 16   7.7 1009 235  4.8 8  5.4  85    0   66 307 -355  2
3797500 2746500  3  9 17   8.0 1008 252  3.8 8  5.3  80    0   38 313 -352  2
3797500 2746500  3  9 18   7.3 1008 238  4.5 7  5.3  80    0   10 308 -349  2
3797500 2746500  3  9 19   6.9 1009 229  3.2 7  5.2  82    0    0 300 -346  2
3797500 2746500  3  9 20   6.4 1009 208  2.5 7  5.0  82    0    0 299 -343  2
3797500 2746500  3  9 21   6.3 1010 228  2.4 7  4.9  82    0    0 298 -340  2
3797500 2746500  3  9 22   6.5 1010 225  2.7 7  5.0  83    0    0 300 -338  2
3797500 2746500  3  9 23   5.9 1010 227  2.6 7  5.1  87    0    0 303 -337  2
3797500 2746500  3  9 24   5.5 1010 220  3.0 7  5.0  88    0    0 302 -335  2
3797500 2746500  3 10  1   5.1 1010 223  3.1 8  4.9  88    0    0 305 -333  2
3797500 2746500  3 10  2   5.1 1010 221  3.3 8  4.8  88    0    0 308 -331  2
3797500 2746500  3 10  3   5.0 1010 219  3.9 8  4.7  87    0    0 306 -328  2
3797500 2746500  3 10  4   4.7 1009 235  3.8 7  4.7  87    0    0 299 -326  2
3797500 2746500  3 10  5   4.9 1009 233  4.4 7  4.7  88    0    0 294 -324  2
3797500 2746500  3 10  6   4.8 1008 233  4.9 6  4.7  87    0    0 289 -323  2
3797500 2746500  3 10  7   4.7 1008 232  5.9 6  4.7  87    0    0 284 -326  2
3797500 2746500  3 10  8   5.0 1008 223  5.3 6  4.7  87    0   26 284 -329  2
3797500 2746500  3 10  9   5.9 1008 225  6.1 7  4.6  82   33   78 290 -333  2
3797500 2746500  3 10 10   6.5 1007 230  6.3 6  4.6  77   57  128 289 -339  2
3797500 2746500  3 10 11   6.5 1008 230  6.4 7  4.6  76    0  133 288 -346  2
3797500 2746500  3 10 12   7.3 1008 228  6.8 8  4.7  76    0  107 303 -352  2
3797500 2746500  3 10 13   8.0 1007 227  6.2 7  4.8  73    0   95 307 -357  2
3797500 2746500  3 10 14   8.4 1007 227  6.5 7  4.8  71    0   68 304 -359  2
3797500 2746500  3 10 15   8.5 1006 224  6.8 8  4.9  71    0   58 313 -360  2
3797500 2746500  3 10 16   8.7 1006 226  6.3 8  5.0  72    0   52 320 -358  2
3797500 2746500  3 10 17   8.3 1005 223  6.1 7  5.3  76    0   65 314 -355  2
3797500 2746500  3 10 18   7.9 1005 223  6.0 8  5.5  81    2   28 314 -351  2
3797500 2746500  3 10 19   8.1 1005 211  6.1 8  5.6  82    0    0 319 -346  2
3797500 2746500  3 10 20   8.6 1006 230  6.6 8  5.5  79    0    0 321 -343  2
3797500 2746500  3 10 21   8.9 1005 229  6.5 8  5.4  76    0    0 323 -339  2
3797500 2746500  3 10 22   9.0 1005 230  6.7 8  5.4  76    0    0 325 -335  2
3797500 2746500  3 10 23   9.0 1006 242  5.9 8  5.6  78    0    0 327 -333  2
3797500 2746500  3 10 24   9.1 1006 243  5.9 8  5.7  79    0    0 326 -332  2
3797500 2746500  3 11  1   9.1 1006 244  6.3 8  5.6  78    0    0 325 -331  2
3797500 2746500  3 11  2   9.0 1006 245  6.6 8  5.6  78    0    0 326 -331  2
3797500 2746500  3 11  3   8.7 1006 254  5.6 8  5.6  78    0    0 327 -332  2
3797500 2746500  3 11  4   8.5 1006 253  5.7 8  5.6  80    0    0 329 -332  2
3797500 2746500  3 11  5   8.2 1007 251  4.8 8  5.6  81    0    0 330 -333  2
3797500 2746500  3 11  6   8.0 1007 252  4.3 8  5.5  82    0    0 329 -333  2
3797500 2746500  3 11  7   7.6 1007 251  3.2 7  5.3  81    0    0 323 -334  2
3797500 2746500  3 11  8   7.5 1008 246  3.0 8  5.1  79    0   25 321 -334  2
3797500 2746500  3 11  9   7.8 1008 248  3.7 8  5.2  79    1   80 328 -336  2
3797500 2746500  3 11 10   8.0 1009 243  3.8 8  5.3  80    0  108 329 -339  2
3797500 2746500  3 11 11   8.9 1009 244  4.6 7  5.2  75    0  111 324 -344  2
3797500 2746500  3 11 12   8.9 1010 248  4.9 8  5.0  71    0  105 324 -349  2
3797500 2746500  3 11 13   9.3 1010 250  6.8 6  4.5  63    9  204 315 -354  2
3797500 2746500  3 11 14  10.2 1010 247  5.8 5  4.1  55   61  241 299 -358  2
3797500 2746500  3 11 15  10.4 1010 278  3.5 6  4.0  52   74  217 299 -358  2
3797500 2746500  3 11 16  10.5 1010 257  5.0 6  3.9  50   89  164 301 -358  2
3797500 2746500  3 11 17  10.3 1009 247  4.8 5  4.0  50   83   91 295 -357  2
3797500 2746500  3 11 18   9.7 1009 246  3.2 4  4.1  53   35   35 284 -352  2
3797500 2746500  3 11 19   8.2 1009 242  2.5 3  4.2  58    0    0 272 -346  2
3797500 2746500  3 11 20   7.5 1009 211  2.5 3  4.3  65    0    0 262 -340  2
3797500 2746500  3 11 21   6.8 1009 210  1.7 4  4.4  69    0    0 261 -335  2
3797500 2746500  3 11 22   5.8 1009 187  1.2 4  4.3  73    0    0 260 -332  2
3797500 2746500  3 11 23   6.0 1009 177  1.4 5  4.3  74    0    0 260 -332  2
3797500 2746500  3 11 24   5.7 1009 169  1.7 7  4.2  74    0    0 270 -334  2
3797500 2746500  3 12  1   5.6 1009 154  2.2 7  4.2  75    0    0 278 -332  2
3797500 2746500  3 12  2   5.7 1009 188  2.0 6  4.3  75    0    0 274 -329  2
3797500 2746500  3 12  3   5.4 1008 147  2.2 6  4.3  75    0    0 269 -327  2
3797500 2746500  3 12  4   5.3 1008 159  2.2 6  4.2  76    0    0 267 -325  2
3797500 2746500  3 12  5   5.3 1007 161  2.5 7  4.2  75    0    0 271 -322  2
3797500 2746500  3 12  6   5.8 1007 156  2.0 6  4.3  75    0    0 272 -321  2
3797500 2746500  3 12  7   5.3 1006 132  2.6 5  4.3  75    0    0 265 -321  2
3797500 2746500  3 12  8   6.0 1005 128  2.4 5  4.2  74    0   33 262 -321  2
3797500 2746500  3 12  9   7.5 1005  94  2.5 6  4.4  72   28  114 269 -325  2
3797500 2746500  3 12 10   9.7 1004 145  3.4 5  4.5  65   74  186 273 -334  2
3797500 2746500  3 12 11  10.5 1003 168  4.0 5  4.6  59  127  240 272 -346  2
3797500 2746500  3 12 12  12.0 1003 173  4.6 4  4.8  57  258  234 273 -357  2
3797500 2746500  3 12 13  12.7 1001 166  4.1 5  4.9  54  190  280 278 -365  2
3797500 2746500  3 12 14  13.5 1000 174  3.8 5  4.9  51  131  281 287 -372  2
3797500 2746500  3 12 15  15.4  999 189  4.1 5  4.9  47  211  213 294 -375  2
3797500 2746500  3 12 16  14.4  998 209  4.0 5  4.8  45  137  174 298 -373  2
3797500 2746500  3 12 17  14.0  998 204  2.4 7  4.8  47   76  115 306 -369  2
3797500 2746500  3 12 18  13.5  998 219  1.4 7  4.9  50   25   45 317 -365  2
3797500 2746500  3 12 19  12.5  998 154  2.5 7  5.0  53    0    0 317 -360  2
3797500 2746500  3 12 20  12.9  997 177  2.4 7  5.1  55    0    0 319 -356  2
3797500 2746500  3 12 21  12.8  998 211  1.7 8  5.2  56    0    0 326 -354  2
3797500 2746500  3 12 22  11.9  997 185  2.1 8  5.3  58    0    0 331 -353  2
3797500 2746500  3 12 23  11.6  998 191  2.9 7  5.4  62    0    0 327 -352  2
3797500 2746500  3 12 24  11.4  998 229  2.5 7  5.6  65    0    0 324 -351  2
3797500 2746500  3 13  1  10.6  998 210  1.9 7  5.7  69    0    0 325 -351  2
3797500 2746500  3 13  2  10.2  998 207  1.8 7  5.9  73    0    0 325 -351  2
3797500 2746500  3 13  3  10.1  998 164  2.4 7  5.9  75    0    0 325 -351  2
3797500 2746500  3 13  4  10.1  998 173  3.2 7  5.7  73    0    0 326 -352  2
3797500 2746500  3 13  5  10.0  997 174  3.1 7  5.5  71    0    0 326 -353  2
3797500 2746500  3 13  6  10.4  997 164  3.0 7  5.6  71    0    0 329 -353  2
3797500 2746500  3 13  7  10.4  997 175  3.1 8  5.6  71    0    0 336 -354  2
3797500 2746500  3 13  8  10.2  997 175  3.5 8  5.8  74    0   15 342 -354  2
3797500 2746500  3 13  9  10.7  997 176  3.9 7  6.0  75    4   97 338 -355  2
3797500 2746500  3 13 10  11.7  998 185  3.8 6  6.2  74   56  212 329 -357  2
3797500 2746500  3 13 11  12.5  998 203  4.5 7  6.4  72   39  250 331 -361  2
3797500 2746500  3 13 12  12.5  998 185  3.7 8  6.3  69    0  166 340 -368  2
3797500 2746500  3 13 13  12.9  998 212  4.4 7  6.1  66    1  177 338 -374  2
3797500 2746500  3 13 14  13.2  998 200  4.0 7  6.0  63    0  139 332 -377  2
3797500 2746500  3 13 15  13.0  998 188  3.2 7  6.1  64    0  120 332 -380  2
3797500 2746500  3 13 16  13.0  998 173  2.9 7  6.1  65    1  123 329 -381  2
3797500 2746500  3 13 17  13.2  998 209  2.3 6  6.1  64    6  109 323 -380  2
3797500 2746500  3 13 18  13.0  999 207  1.4 8  6.1  64    1   40 326 -377  2
3797500 2746500  3 13 19  12.5  999 158  2.0 7  6.0  64    0    0 326 -373  2
3797500 2746500  3 13 20  12.1 1000 164  2.1 7  6.0  66    0    0 318 -369  2
3797500 2746500  3 13 21  12.0 1000 155  2.0 8  6.0  68    0    0 319 -367  2
3797500 2746500  3 13 22  11.0 1001 173  1.0 8  6.2  73    0    0 319 -362  2
3797500 2746500  3 13 23  10.9 1001 228  1.6 8  6.4  77    0    0 315 -356  2
3797500 2746500  3 13 24  10.1 1002 201  1.7 8  6.5  80    0    0 312 -354  2
3797500 2746500  3 14  1  10.0 1002 181  1.5 8  6.7  86    0    0 311 -354  2
3797500 2746500  3 14  2   9.9 1002 204  1.5 8  6.8  89    0    0 312 -354  2
3797500 2746500  3 14  3   9.8 1003 156  1.3 8  6.9  90    0    0 314 -352  2
3797500 2746500  3 14  4   9.6 1003 187  1.4 8  6.9  92    0    0 317 -349  2
3797500 2746500  3 14  5   9.5 1004 167  1.3 8  6.9  92    0    0 317 -348  2
3797500 2746500  3 14  6   9.5 1004 190  1.2 8  6.9  93    0    0 317 -347  2
3797500 2746500  3 14  7   9.4 1005 196  1.3 8  7.0  94    0    0 317 -346  2
3797500 2746500  3 14  8   9.4 1005 181  1.6 8  7.0  94    4   34 317 -346  2
3797500 2746500  3 14  9   9.6 1006 206  2.1 6  7.0  94   15   89 305 -350  2
3797500 2746500  3 14 10  10.4 1007 219  1.8 6  7.1  93   34  140 297 -357  2
3797500 2746500  3 14 11  10.3 1008 239  1.8 7  7.2  92    0  114 304 -368  2
3797500 2746500  3 14 12  10.7 1008 228  1.5 8  7.2  90    0  101 316 -377  2
3797500 2746500  3 14 13  11.2 1009 219  2.0 7  7.1  87    0  116 319 -385  2
3797500 2746500  3 14 14  11.7 1009 175  1.6 7  7.0  83    0  127 317 -391  2
3797500 2746500  3 14 15  12.3 1009 111  1.1 6  6.9  79    6  158 315 -392  2
3797500 2746500  3 14 16  12.7 1009   0  0.7 6  6.8  75   22  133 315 -390  2
3797500 2746500  3 14 17  12.7 1010   7  1.4 7  6.9  75   15   91 321 -385  2
3797500 2746500  3 14 18  12.3 1010  11  2.1 7  7.0  78   15   35 327 -380  2
3797500 2746500  3 14 19  12.0 1010  54  2.1 8  7.0  79    0    3 331 -375  2
3797500 2746500  3 14 20  11.9 1011  63  1.9 8  7.0  80    0    0 335 -369  2
3797500 2746500  3 14 21  11.6 1011  69  1.9 8  7.0  82    0    0 334 -365  2
3797500 2746500  3 14 22  11.5 1011  87  2.3 8  7.0  82    0    0 333 -361  2
3797500 2746500  3 14 23  11.0 1012  57  2.3 8  6.9  83    0    0 332 -358  2
3797500 2746500  3 14 24  11.0 1012  68  2.2 8  6.8  83    0    0 331 -356  2
3797500 2746500  3 15  1   9.9 1012  69  2.7 7  6.7  85    0    0 328 -353  2
3797500 2746500  3 15  2   9.3 1012  78  2.6 5  6.6  89    0    0 314 -351  2
3797500 2746500  3 15  3   8.9 1012  79  2.4 6  6.5  91    0    0 310 -351  2
3797500 2746500  3 15  4   8.7 1011  82  2.2 4  6.5  92    0    0 306 -350  2
3797500 2746500  3 15  5   8.3 1011  81  2.2 4  6.4  92    0    0 297 -350  2
3797500 2746500  3 15  6   7.5 1011  60  2.3 4  6.3  94    0    0 294 -349  2
3797500 2746500  3 15  7   7.3 1011  67  2.3 3  6.1  95    0    1 286 -349  2
3797500 2746500  3 15  8   7.7 1011  78  2.5 4  6.1  94    0   35 286 -349  2
3797500 2746500  3 15  9   7.9 1011  81  3.2 5  6.1  93    8  105 297 -349  2
3797500 2746500  3 15 10   8.9 1011  79  3.1 3  6.4  93   83  181 294 -351  2
3797500 2746500  3 15 11  10.9 1011  70  2.7 2  6.6  87  270  183 283 -353  2
3797500 2746500  3 15 12  13.1 1010  67  3.4 1  6.8  78  398  168 279 -355  2
3797500 2746500  3 15 13  15.1 1010  54  3.7 1  6.9  69  344  211 280 -358  2
3797500 2746500  3 15 14  16.4 1009  62  4.1 1  7.0  62  313  210 284 -362  2
3797500 2746500  3 15 15  16.5 1008  51  4.9 2  7.0  60  324  165 291 -365  2
3797500 2746500  3 15 16  16.9 1008  77  4.1 2  6.6  56  256  127 295 -366  2
3797500 2746500  3 15 17  16.7 1007 100  4.5 2  6.0  50  165   95 293 -365  2
3797500 2746500  3 15 18  15.4 1007  68  4.0 1  5.9  52   60   49 284 -364  2
3797500 2746500  3 15 19  14.5 1007  66  3.9 1  6.3  59    0    6 274 -362  2
3797500 2746500  3 15 20  13.5 1008  74  3.8 1  6.3  63    0    0 269 -359  2
3797500 2746500  3 15 21  12.7 1008  68  3.9 1  6.3  67    0    0 264 -357  2
3797500 2746500  3 15 22  11.9 1008  68  4.3 1  6.2  70    0    0 258 -355  2
3797500 2746500  3 15 23  11.0 1008  55  3.8 0  6.1  72    0    0 240 -354  2
3797500 2746500  3 15 24  10.4 1008  59  3.8 0  5.8  72    0    0 220 -353  2
3797500 2746500  3 16  1   9.8 1008  60  3.8 0  5.6  72    0    0 203 -353  2
3797500 2746500  3 16  2   9.1 1008  72  3.9 0  5.4  72    0    0 191 -353  2
3797500 2746500  3 16  3   8.8 1008  66  4.3 0  5.2  73    0    0 193 -352  2
3797500 2746500  3 16  4   8.8 1007  69  4.1 1  5.2  74    0    0 190 -352  2
3797500 2746500  3 16  5   9.6 1007  61  4.8 2  5.3  72    0    0 197 -351  2
3797500 2746500  3 16  6   8.3 1006  70  4.6 3  5.2  73    0    0 195 -350  2
3797500 2746500  3 16  7   8.1 1006  70  4.4 2  5.1  75    0    3 184 -348  2
3797500 2746500  3 16  8   8.6 1006  72  5.0 3  5.1  74   15   42 186 -347  2
3797500 2746500  3 16  9   8.3 1006  63  5.6 4  5.2  75   27  105 217 -347  2
3797500 2746500  3 16 10   8.2 1006  63  5.7 7  5.2  76   10  149 274 -348  2
3797500 2746500  3 16 11   8.1 1006  61  4.9 8  5.2  77    3  166 332 -351  2
3797500 2746500  3 16 12   9.1 1005  61  4.8 6  5.3  75   86  230 331 -353  2
3797500 2746500  3 16 13   9.5 1004  61  5.9 6  5.3  72   43  236 324 -356  2
3797500 2746500  3 16 14   9.5 1004  54  6.4 4  5.3  71  207  192 318 -360  2
3797500 2746500  3 16 15   9.5 1003  66  5.8 4  5.3  70  137  189 311 -363  2
3797500 2746500  3 16 16   8.0 1003  50  6.3 6  5.1  72   29  151 318 -363  2
3797500 2746500  3 16 17   7.2 1002  57  7.0 7  4.9  75    7   96 328 -360  2
3797500 2746500  3 16 18   6.4 1002  63  6.4 7  4.8  77    0   31 330 -356  2
3797500 2746500  3 16 19   5.9 1002  72  5.5 7  4.6  78    0    1 328 -353  2
3797500 2746500  3 16 20   5.4 1002  70  4.9 8  4.6  80    0    0 332 -351  2
3797500 2746500  3 16 21   5.2 1002  70  5.1 7  4.5  80    0    0 330 -349  2
3797500 2746500  3 16 22   5.2 1002  51  4.3 8  4.4  80    0    0 329 -347  2
3797500 2746500  3 16 23   4.8 1002  60  4.1 8  4.4  81    0    0 335 -346  2
3797500 2746500  3 16 24   4.8 1002  49  3.4 8  4.5  83    0    0 334 -345  2
3797500 2746500  3 17  1   4.5 1002  60  3.0 8  4.5  85    0    0 334 -345  2
3797500 2746500  3 17  2   4.6 1001  50  3.9 8  4.6  87    0    0 334 -344  2
3797500 2746500  3 17  3   4.4 1001  48  4.1 8  4.7  89    0    0 333 -343  2
3797500 2746500  3 17  4   4.3 1001  39  4.0 8  4.8  92    0    0 333 -342  2
3797500 2746500  3 17  5   4.3 1000  37  3.9 8  4.9  94    0    0 333 -341  2
3797500 2746500  3 17  6   4.4 1000  48  3.2 8  5.0  95    0    0 332 -340  2
3797500 2746500  3 17  7   4.5 1001  47  2.5 8  5.1  97    0    0 333 -339  2
3797500 2746500  3 17  8   4.8 1001  37  2.7 8  5.2  97    0   24 334 -338  2
3797500 2746500  3 17  9   5.0 1001   8  3.1 8  5.3  97    0   57 335 -338  2
3797500 2746500  3 17 10   5.3 1001   6  3.5 7  5.4  97    0   68 330 -338  2
3797500 2746500  3 17 11   5.7 1002 359  2.4 7  5.4  96    0   63 325 -339  2
3797500 2746500  3 17 12   6.3 1002 330  2.7 8  5.4  92    0   75 331 -341  2
3797500 2746500  3 17 13   6.5 1002 319  2.7 7  5.4  89    0   68 331 -342  2
3797500 2746500  3 17 14   6.6 1003 316  3.1 7  5.4  88    0   64 324 -343  2
3797500 2746500  3 17 15   6.6 1003 309  3.1 7  5.4  87    0   63 325 -343  2
3797500 2746500  3 17 16   6.7 1003 296  2.3 8  5.4  87    0   57 333 -344  2
3797500 2746500  3 17 17   6.9 1004 313  2.5 8  5.3  86    0   59 339 -344  2
3797500 2746500  3 17 18   7.2 1004 286  2.0 8  5.3  84    5   32 340 -343  2
3797500 2746500  3 17 19   7.2 1005 269  2.0 8  5.4  84    0    1 339 -342  2
3797500 2746500  3 17 20   7.2 1006 286  3.0 8  5.4  85    0    0 339 -342  2
3797500 2746500  3 17 21   7.0 1007 269  3.9 8  5.4  86    0    0 339 -342  2
3797500 2746500  3 17 22   6.4 1008 272  2.4 8  5.4  88    0    0 338 -341  2
3797500 2746500  3 17 23   6.1 1008 272  2.5 8  5.4  90    0    0 336 -339  2
3797500 2746500  3 17 24   6.0 1009 261  2.8 8  5.4  92    0    0 334 -338  2
3797500 2746500  3 18  1   5.5 1010 259  3.4 8  5.4  93    0    0 334 -337  2
3797500 2746500  3 18  2   5.1 1010 269  2.6 8  5.2  94    0    0 333 -336  2
3797500 2746500  3 18  3   4.9 1011 268  2.9 7  5.1  93    0    0 324 -337  2
3797500 2746500  3 18  4   4.7 1011 278  2.8 7  5.0  93    0    0 317 -337  2
3797500 2746500  3 18  5   4.4 1012 276  2.3 8  4.9  94    0    0 323 -337  2
3797500 2746500  3 18  6   4.4 1012 293  2.2 7  4.9  95    0    0 320 -336  2
3797500 2746500  3 18  7   4.2 1013 277  1.9 8  4.8  94    0    0 319 -336  2
3797500 2746500  3 18  8   4.5 1014 277  1.8 7  4.7  91    0   22 318 -336  2
3797500 2746500  3 18  9   4.7 1014 223  1.9 7  4.8  91    0   70 310 -337  2
3797500 2746500  3 18 10   5.3 1015 253  1.8 7  4.9  91    0  100 309 -340  2
3797500 2746500  3 18 11   5.5 1015 231  1.1 7  5.0  91    0  114 310 -344  2
3797500 2746500  3 18 12   6.9 1016 260  1.9 7  5.2  88    0  150 314 -350  2
3797500 2746500  3 18 13   6.7 1016 257  3.3 7  5.2  85    0  159 315 -357  2
3797500 2746500  3 18 14   7.2 1016 236  2.2 6  5.3  86   75  182 307 -361  2
3797500 2746500  3 18 15   6.8 1016 230  2.8 5  5.3  86   97  146 296 -362  2
3797500 2746500  3 18 16   6.6 1016 219  2.7 5  5.2  86   64  118 291 -359  2
3797500 2746500  3 18 17   6.4 1016 223  2.9 6  5.3  88    3   80 296 -353  2
3797500 2746500  3 18 18   6.2 1016 208  1.8 7  5.5  93    0   25 307 -349  2
3797500 2746500  3 18 19   6.2 1016 195  1.0 8  5.7  96    0    0 320 -342  2
3797500 2746500  3 18 20   6.2 1017 170  1.2 7  5.6  96    0    0 322 -334  2
3797500 2746500  3 18 21   6.4 1017 162  1.0 7  5.7  96    0    0 317 -328  2
3797500 2746500  3 18 22   6.6 1017 203  1.3 7  5.7  95    0    0 318 -323  2
3797500 2746500  3 18 23   6.5 1018 140  0.8 7  5.7  94    0    0 316 -319  2
3797500 2746500  3 18 24   6.5 1018  69  1.3 6  5.6  94    0    0 308 -316  2
3797500 2746500  3 19  1   6.0 1018  36  2.0 7  5.4  92    0    0 302 -314  2
3797500 2746500  3 19  2   5.6 1019  45  4.0 8  5.1  89    0    0 304 -313  2
3797500 2746500  3 19  3   5.4 1020  42  3.3 8  5.0  89    0    0 306 -312  2
3797500 2746500  3 19  4   5.3 1020  59  3.4 7  4.9  88    0    0 299 -312  2
3797500 2746500  3 19  5   5.2 1021  68  2.5 7  4.8  87    0    0 292 -311  2
3797500 2746500  3 19  6   5.1 1021  49  3.1 5  4.7  87    0    0 280 -311  2
3797500 2746500  3 19  7   4.6 1022  40  3.4 4  4.6  87    0    6 264 -311  2
3797500 2746500  3 19  8   4.4 1023  36  3.9 4  4.4  86   29   55 259 -311  2
3797500 2746500  3 19  9   5.4 1024  46  3.4 3  4.2  79  155   91 256 -313  2
3797500 2746500  3 19 10   6.3 1025  49  4.0 1  4.0  70  292  103 243 -318  2
3797500 2746500  3 19 11   7.2 1026  39  2.8 0  3.7  61  411  105 228 -327  2
3797500 2746500  3 19 12   7.8 1027  42  3.9 0  3.4  53  504   94 224 -340  2
3797500 2746500  3 19 13   8.7 1027  49  3.2 0  3.1  46  538   92 229 -350  2
3797500 2746500  3 19 14   9.4 1027   1  3.4 0  2.9  42  516   96 235 -358  2
3797500 2746500  3 19 15  10.3 1027  18  2.9 0  2.9  39  475   76 240 -364  2
3797500 2746500  3 19 16  10.1 1026  39  1.7 0  2.6  34  368   73 242 -362  2
3797500 2746500  3 19 17  10.2 1026  15  2.5 0  2.4  31  233   66 241 -357  2
3797500 2746500  3 19 18   9.7 1026  28  2.9 0  2.6  34   88   49 241 -350  2
3797500 2746500  3 19 19   8.8 1027  25  1.4 1  2.8  40    4    9 243 -339  2
3797500 2746500  3 19 20   7.7 1027  33  1.1 1  2.9  43    0    0 243 -329  2
3797500 2746500  3 19 21   6.6 1028  14  1.6 0  2.9  47    0    0 235 -324  2
3797500 2746500  3 19 22   5.6 1028  31  1.6 0  2.9  51    0    0 227 -320  2
3797500 2746500  3 19 23   5.1 1028  60  1.5 0  2.9  53    0    0 222 -316  2
3797500 2746500  3 19 24   4.5 1028  50  1.5 0  2.9  56    0    0 218 -313  2
3797500 2746500  3 20  1   4.2 1028  58  1.3 0  2.9  58    0    0 214 -312  2
3797500 2746500  3 20  2   3.9 1028  66  1.0 0  2.9  58    0    0 209 -312  2
3797500 2746500  3 20  3   3.1 1028 100  1.0 0  2.8  59    0    0 204 -312  2
3797500 2746500  3 20  4   2.7 1028 107  1.1 0  2.8  61    0    0 202 -312  2
3797500 2746500  3 20  5   2.3 1028 201  1.0 1  2.8  63    0    0 204 -312  2
3797500 2746500  3 20  6   1.5 1028 150  1.2 3  2.8  65    0    0 213 -312  2
3797500 2746500  3 20  7   1.3 1028 160  1.2 4  2.8  67    0    8 223 -312  2
3797500 2746500  3 20  8   3.9 1028 220  1.5 4  2.7  61   21   58 231 -312  2
3797500 2746500  3 20  9   5.8 1028 170  1.4 5  2.8  53  115  115 244 -315  2
3797500 2746500  3 20 10   7.3 1028 173  1.9 3  3.0  50  267  131 248 -321  2
3797500 2746500  3 20 11   8.5 1028 185  1.5 1  3.1  47  396  129 244 -331  2
3797500 2746500  3 20 12   9.5 1028 210  1.7 0  2.6  38  485  123 238 -344  2
3797500 2746500  3 20 13  10.1 1028 222  2.0 1  2.3  31  517  123 239 -355  2
3797500 2746500  3 20 14  10.4 1027 176  2.0 1  2.1  28  502  118 244 -363  2
3797500 2746500  3 20 15  11.6 1027 248  1.6 1  2.3  29  454  105 250 -366  2
3797500 2746500  3 20 16  11.5 1027 300  1.5 0  2.3  28  351   96 252 -366  2
3797500 2746500  3 20 17  12.2 1026 249  0.8 0  2.1  25  222   82 248 -362  2
3797500 2746500  3 20 18  11.6 1026 253  1.3 1  2.2  26   86   56 252 -355  2
3797500 2746500  3 20 19  10.5 1026 327  1.5 1  2.4  29    5   10 255 -348  2
3797500 2746500  3 20 20   9.4 1027 201  1.7 1  2.6  35    0    0 254 -343  2
3797500 2746500  3 20 21   8.4 1027 138  1.6 1  2.8  40    0    0 251 -340  2
3797500 2746500  3 20 22   7.4 1027  85  1.4 1  2.8  43    0    0 250 -338  2
3797500 2746500  3 20 23   6.2 1027  89  1.4 1  3.0  50    0    0 249 -338  2
3797500 2746500  3 20 24   5.2 1027 155  1.3 1  3.2  59    0    0 246 -338  2
3797500 2746500  3 21  1   4.2  999 225  1.3 2  3.6  69    0    0 247 -320  2
3797500 2746500  3 21  2   3.6  999 279  1.5 4  3.8  77    0    0 248 -319  2
3797500 2746500  3 21  3   3.2 1000 318  1.6 5  4.1  83    0    0 263 -319  2
3797500 2746500  3 21  4   3.2 1000 320  1.7 6  4.1  85    0    0 282 -318  2
3797500 2746500  3 21  5   3.0 1000 318  1.8 5  4.1  85    0    0 283 -318  2
3797500 2746500  3 21  6   3.0 1000 319  2.1 5  4.2  88    0    0 274 -318  2
3797500 2746500  3 21  7   2.5 1000 337  2.3 5  4.2  89    1   10 269 -319  2
3797500 2746500  3 21  8   2.8 1001 343  2.7 2  4.1  87   62   49 252 -321  2
3797500 2746500  3 21  9   5.0 1001 356  3.1 2  4.0  78  205   70 235 -324  2
3797500 2746500  3 21 10   6.2 1001   9  5.1 4  3.7  64  268  113 249 -330  2
3797500 2746500  3 21 11   5.8 1001   0  5.1 7  3.4  58   43  226 277 -337  2
3797500 2746500  3 21 12   6.3 1002   0  4.7 7  3.3  57   18  229 294 -343  2
3797500 2746500  3 21 13   6.0 1002 359  4.3 7  3.4  58   35  250 293 -347  2
3797500 2746500  3 21 14   5.9 1002  20  5.1 8  3.4  58   31  235 293 -348  2
3797500 2746500  3 21 15   5.5 1002 355  4.1 6  3.6  63  102  223 286 -350  2
3797500 2746500  3 21 16   5.9 1002  17  5.1 8  3.8  66    0  109 283 -349  2
3797500 2746500  3 21 17   6.6 1002 338  5.2 8  3.4  58    1   80 289 -347  2
3797500 2746500  3 21 18   4.0 1003 357  4.7 8  3.6  65   17   52 287 -342  2
3797500 2746500  3 21 19   3.7 1004 357  3.6 8  4.1  81    0    8 284 -336  2
3797500 2746500  3 21 20   3.3 1004   1  3.3 7  4.0  82    0    0 281 -330  2
3797500 2746500  3 21 21   2.8 1005 347  2.5 6  3.9  82    0    0 275 -326  2
3797500 2746500  3 21 22   2.8 1005 344  2.3 6  3.9  83    0    0 272 -324  2
3797500 2746500  3 21 23   3.2 1005 294  2.3 6  3.9  83    0    0 275 -322  2
3797500 2746500  3 21 24   3.4 1005 269  2.2 7  4.1  84    0    0 283 -319  2
3797500 2746500  3 22  1   4.0 1004 330  3.0 8  4.1  83    0    0 296 -317  2
3797500 2746500  3 22  2   3.1 1004 331  2.6 8  4.1  84    0    0 303 -316  2
3797500 2746500  3 22  3   2.9 1004 331  2.7 8  4.2  89    0    0 302 -316  2
3797500 2746500  3 22  4   3.0 1003 331  1.9 8  4.2  89    0    0 302 -315  2
3797500 2746500  3 22  5   3.1 1003 339  2.9 8  4.2  89    0    0 303 -313  2
3797500 2746500  3 22  6   2.9 1003 330  2.8 8  4.4  92    0    0 303 -312  2
3797500 2746500  3 22  7   3.9 1003 329  3.8 8  4.4  90    0    2 305 -312  2
3797500 2746500  3 22  8   4.1 1003 339  3.3 8  4.4  87    0   34 307 -312  2
3797500 2746500  3 22  9   4.1 1002 339  3.4 8  4.4  86    0   43 308 -314  2
3797500 2746500  3 22 10   4.2 1003 339  3.7 7  4.5  87    0   90 303 -318  2
3797500 2746500  3 22 11   4.4 1003 338  3.3 7  4.6  88    0  130 299 -327  2
3797500 2746500  3 22 12   4.6 1003 330  3.5 7  4.6  88    0  157 303 -337  2
3797500 2746500  3 22 13   5.2 1003 323  4.0 7  4.6  85    0  113 306 -341  2
3797500 2746500  3 22 14   5.5 1003 337  3.8 8  4.6  82    0   70 314 -344  2
3797500 2746500  3 22 15   6.0 1003 339  4.4 8  4.6  79    0   69 321 -345  2
3797500 2746500  3 22 16   5.9 1003 337  4.1 8  4.5  77    0   44 320 -343  2
3797500 2746500  3 22 17   6.0 1002 340  4.7 7  4.3  74    0   49 313 -341  2
3797500 2746500  3 22 18   6.3 1002 335  3.7 8  4.2  71    0   30 312 -338  2
3797500 2746500  3 22 19   6.6 1002 334  4.7 8  4.2  69    0    1 318 -336  2
3797500 2746500  3 22 20   6.6 1002 345  5.0 8  4.0  65    0    0 315 -332  2
3797500 2746500  3 22 21   6.6 1002 341  5.5 8  3.7  61    0    0 314 -329  2
3797500 2746500  3 22 22   6.2 1002 327  5.7 8  3.7  61    0    0 313 -327  2
3797500 2746500  3 22 23   5.9 1002 339  4.2 8  3.7  63    0    0 312 -326  2
3797500 2746500  3 22 24   5.7 1002 355  4.6 8  3.7  63    0    0 312 -326  2
3797500 2746500  3 23  1   4.8 1001 352  5.1 7  3.8  69    0    0 305 -327  2
3797500 2746500  3 23  2   4.5 1001 343  4.7 8  4.1  77    0    0 306 -327  2
3797500 2746500  3 23  3   4.2 1001 327  4.9 8  4.4  84    0    0 313 -328  2
3797500 2746500  3 23  4   4.2 1000 343  4.5 8  4.6  89    0    0 314 -328  2
3797500 2746500  3 23  5   4.5 1000   3  5.0 8  4.8  91    0    0 315 -328  2
3797500 2746500  3 23  6   3.9 1000  28  6.8 8  4.6  89    0    0 314 -328  2
3797500 2746500  3 23  7   3.4 1000  26  6.1 8  4.2  84    0    4 312 -327  2
3797500 2746500  3 23  8   3.4 1001  37  5.6 8  4.0  81    0   36 311 -326  2
3797500 2746500  3 23  9   3.6 1001  46  5.8 8  4.0  81    0   68 311 -328  2
3797500 2746500  3 23 10   3.9 1001  38  5.0 8  4.1  81    0   83 311 -332  2
3797500 2746500  3 23 11   4.6 1002  43  4.6 8  4.1  79    0   87 313 -335  2
3797500 2746500  3 23 12   5.0 1002  47  5.7 7  4.2  78    0  168 310 -337  2
3797500 2746500  3 23 13   5.5 1002  65  4.7 8  4.2  75    0  151 309 -343  2
3797500 2746500  3 23 14   5.9 1003  74  4.8 7  4.2  72    0  162 306 -352  2
3797500 2746500  3 23 15   6.7 1003  89  5.9 7  4.1  69    0  147 299 -354  2
3797500 2746500  3 23 16   7.0 1004  54  5.1 7  4.0  64    0  105 295 -352  2
3797500 2746500  3 23 17   7.0 1004  65  4.8 8  3.9  62   12   96 295 -349  2
3797500 2746500  3 23 18   7.5 1005  76  3.4 7  3.9  62   64   36 294 -345  2
3797500 2746500  3 23 19   6.8 1006  73  1.5 5  3.9  61   10    9 281 -339  2
3797500 2746500  3 23 20   6.8 1006  53  0.8 5  3.8  62    0    0 269 -331  2
3797500 2746500  3 23 21   7.0 1007 349  1.3 7  3.9  64    0    0 279 -329  2
3797500 2746500  3 23 22   7.0 1007 342  2.2 7  4.1  65    0    0 290 -328  2
3797500 2746500  3 23 23   6.9 1007  19  3.0 7  4.3  69    0    0 290 -326  2
3797500 2746500  3 23 24   6.2 1007  20  3.2 6  4.5  74    0    0 285 -325  2
3797500 2746500  3 24  1   6.0 1006  17  4.3 6  4.6  77    0    0 278 -322  2
3797500 2746500  3 24  2   6.0 1006  33  4.6 7  4.7  80    0    0 283 -320  2
3797500 2746500  3 24  3   6.0 1006  21  4.8 7  4.7  81    0    0 288 -318  2
3797500 2746500  3 24  4   5.8 1006  22  4.0 8  4.8  82    0    0 295 -317  2
3797500 2746500  3 24  5   5.4 1005 359  3.9 8  4.9  86    0    0 299 -316  2
3797500 2746500  3 24  6   5.4 1005  19  4.0 8  5.1  90    0    0 300 -316  2
3797500 2746500  3 24  7   5.6 1004  23  3.4 8  5.3  93    0    4 302 -316  2
3797500 2746500  3 24  8   5.9 1004  18  3.2 8  5.4  93    0   30 305 -315  2
3797500 2746500  3 24  9   6.0 1004  20  3.0 8  5.5  93    0   46 308 -315  2
3797500 2746500  3 24 10   6.4 1004  27  3.8 8  5.6  94    0   81 310 -324  2
3797500 2746500  3 24 11   7.3 1004  23  2.9 7  5.7  91    0  126 308 -338  2
3797500 2746500  3 24 12   8.2 1004  40  3.7 7  5.7  86    0  106 305 -349  2
3797500 2746500  3 24 13   8.9 1004  48  3.8 7  5.7  81    0  156 309 -356  2
3797500 2746500  3 24 14  10.0 1004  50  4.3 7  5.6  75    0  165 313 -359  2
3797500 2746500  3 24 15  10.5 1004  60  4.3 8  5.5  70    0  104 324 -359  2
3797500 2746500  3 24 16  11.2 1005  68  3.2 8  5.4  66    0   95 335 -353  2
3797500 2746500  3 24 17  11.8 1005  67  3.6 7  5.2  61    7  111 333 -346  2
3797500 2746500  3 24 18  12.0 1005  79  3.8 7  5.1  59   51   67 328 -343  2
3797500 2746500  3 24 19  11.6 1005  79  3.3 5  5.0  58    3   13 315 -342  2
3797500 2746500  3 24 20  11.4 1006  71  3.9 5  4.9  58    0    0 301 -341  2
3797500 2746500  3 24 21  10.6 1007  62  3.1 6  4.9  59    0    0 306 -341  2
3797500 2746500  3 24 22  10.0 1007  40  2.8 5  4.8  62    0    0 305 -341  2
3797500 2746500  3 24 23   9.6 1007  78  1.8 5  4.7  63    0    0 300 -342  2
3797500 2746500  3 24 24  10.2 1007  71  3.2 6  4.6  60    0    0 308 -341  2
3797500 2746500  3 25  1  10.4 1008  70  4.1 8  4.5  58    0    0 329 -341  2
3797500 2746500  3 25  2   9.6 1008  81  3.5 8  4.5  58    0    0 341 -340  2
3797500 2746500  3 25  3   8.6 1009  71  3.4 6  4.4  61    0    0 327 -340  2
3797500 2746500  3 25  4   8.2 1009  79  3.0 7  4.4  64    0    0 319 -340  2
3797500 2746500  3 25  5   7.5 1010  68  2.6 6  4.3  65    0    0 317 -340  2
3797500 2746500  3 25  6   7.1 1010  77  2.5 4  4.2  66    0    0 297 -339  2
3797500 2746500  3 25  7   6.3 1011  61  2.6 1  4.2  68    3   13 263 -339  2
3797500 2746500  3 25  8   7.5 1012  80  2.9 1  4.3  69   69   59 244 -339  2
3797500 2746500  3 25  9   8.7 1013  59  3.7 0  4.4  65  209   82 242 -342  2
3797500 2746500  3 25 10  10.5 1013  78  3.1 0  4.5  60  362   83 240 -345  2
3797500 2746500  3 25 11  11.5 1013  76  4.5 1  4.5  56  284  186 252 -349  2
3797500 2746500  3 25 12  12.1 1013  76  5.1 3  4.4  52   95  273 273 -354  2
3797500 2746500  3 25 13  11.8 1013 102  5.3 4  4.2  48   26  256 290 -358  2
3797500 2746500  3 25 14  11.6 1013  88  6.0 5  4.1  48   16  230 299 -362  2
3797500 2746500  3 25 15  12.1 1013 112  6.3 4  4.0  47  276  194 297 -363  2
3797500 2746500  3 25 16  12.9 1013 108  5.1 3  4.1  45  424   53 288 -363  2
3797500 2746500  3 25 17  13.7 1013 111  4.5 2  4.1  43  275   57 281 -364  2
3797500 2746500  3 25 18  13.5 1013 101  3.5 2  4.0  42  117   49 278 -360  2
3797500 2746500  3 25 19  12.4 1014  86  2.8 2  4.2  45   11   12 278 -354  2
3797500 2746500  3 25 20  11.5 1014  70  2.4 2  4.4  50    0    0 274 -349  2
3797500 2746500  3 25 21  11.6 1015  90  2.7 1  4.5  53    0    0 268 -345  2
3797500 2746500  3 25 22  11.1 1015  93  2.6 0  4.5  54    0    0 259 -343  2
3797500 2746500  3 25 23  10.6 1015  73  2.8 0  4.6  56    0    0 253 -341  2
3797500 2746500  3 25 24  10.5 1015  64  2.9 0  4.5  57    0    0 251 -340  2
3797500 2746500  3 26  1   9.9 1015  63  2.4 1  4.5  58    0    0 252 -339  2
3797500 2746500  3 26  2   9.3 1015  56  2.9 1  4.4  60    0    0 253 -339  2
3797500 2746500  3 26  3   8.8 1015  67  2.8 1  4.4  62    0    0 251 -339  2
3797500 2746500  3 26  4   8.3 1015  76  2.6 0  4.4  64    0    0 244 -337  2
3797500 2746500  3 26  5   8.1 1015  68  3.2 0  4.4  65    0    0 239 -336  2
3797500 2746500  3 26  6   7.8 1015  70  3.4 0  4.4  66    0    0 240 -334  2
3797500 2746500  3 26  7   7.4 1015  73  3.8 1  4.4  67    1   15 244 -333  2
3797500 2746500  3 26  8   8.3 1015  84  3.4 0  4.4  67   48   76 244 -333  2
3797500 2746500  3 26  9  10.3 1016  90  3.6 0  4.6  63  147  132 246 -338  2
3797500 2746500  3 26 10  11.8 1016  76  4.5 0  4.6  57  268  160 252 -346  2
3797500 2746500  3 26 11  13.5 1015  56  4.0 0  4.5  50  375  171 258 -355  2
3797500 2746500  3 26 12  14.3 1015  54  4.7 0  4.6  46  456  169 264 -365  2
3797500 2746500  3 26 13  16.1 1014  69  4.1 0  4.6  43  516  147 270 -374  2
3797500 2746500  3 26 14  17.0 1014  57  4.7 0  4.4  38  515  132 275 -380  2
3797500 2746500  3 26 15  17.5 1013  66  5.1 0  4.2  34  456  121 279 -383  2
3797500 2746500  3 26 16  17.9 1013  54  4.4 0  4.2  33  356  109 280 -383  2
3797500 2746500  3 26 17  17.7 1012  85  4.8 0  4.1  32  230   92 280 -380  2
3797500 2746500  3 26 18  16.9 1012  69  3.7 0  4.0  32  100   63 278 -372  2
3797500 2746500  3 26 19  15.8 1012  92  2.9 0  3.9  34    9   15 275 -363  2
3797500 2746500  3 26 20  13.7 1013  77  2.6 0  3.8  37    0    0 268 -355  2
3797500 2746500  3 26 21  13.3 1013  94  3.5 0  3.9  40    0    0 263 -349  2
3797500 2746500  3 26 22  11.8 1014  90  3.3 0  4.0  44    0    0 259 -345  2
3797500 2746500  3 26 23  11.4 1014  87  3.3 0  4.2  50    0    0 256 -342  2
3797500 2746500  3 26 24  11.3 1014 100  3.8 0  4.3  52    0    0 256 -338  2
3797500 2746500  3 27  1  10.1 1014  88  3.1 0  4.4  55    0    0 253 -336  2
3797500 2746500  3 27  2   9.6 1014  74  2.2 0  4.3  57    0    0 250 -333  2
3797500 2746500  3 27  3   7.8 1014  94  3.1 0  4.2  60    0    0 246 -331  2
3797500 2746500  3 27  4   7.6 1014  95  2.9 0  4.1  63    0    0 242 -330  2
3797500 2746500  3 27  5   7.5 1014  98  1.6 0  4.1  64    0    0 241 -328  2
3797500 2746500  3 27  6   6.9 1014  97  2.8 1  4.1  65    0    0 244 -327  2
3797500 2746500  3 27  7   7.3 1014  95  3.0 1  4.0  65    4   15 247 -326  2
3797500 2746500  3 27  8   8.7 1014 101  3.6 0  4.1  61   59   73 244 -326  2
3797500 2746500  3 27  9  11.0 1014 103  3.2 0  4.0  54  152  132 245 -332  2
3797500 2746500  3 27 10  12.5 1014  79  3.7 1  3.9  45  266  164 256 -343  2
3797500 2746500  3 27 11  13.5 1013  88  4.2 1  3.8  41  370  179 268 -356  2
3797500 2746500  3 27 12  14.5 1013  61  4.5 0  3.9  39  448  179 268 -367  2
3797500 2746500  3 27 13  16.0 1012  63  4.5 0  4.0  37  502  162 268 -375  2
3797500 2746500  3 27 14  17.2 1011  54  4.8 0  3.8  32  499  148 272 -381  2
3797500 2746500  3 27 15  18.5 1010  67  4.4 0  3.3  26  442  135 274 -383  2
3797500 2746500  3 27 16  18.4 1010 110  4.8 0  3.2  24  346  120 275 -382  2
3797500 2746500  3 27 17  18.2 1009  98  5.0 0  3.2  24  221  100 272 -376  2
3797500 2746500  3 27 18  17.4 1009 117  4.2 0  3.2  25   96   68 269 -368  2
3797500 2746500  3 27 19  16.1 1009 101  2.5 0  3.2  27   11   15 265 -361  2
3797500 2746500  3 27 20  14.4 1010  98  3.1 0  3.3  30    0    0 259 -354  2
3797500 2746500  3 27 21  12.8 1010  93  3.4 0  3.7  38    0    0 254 -348  2
3797500 2746500  3 27 22  12.6 1011 101  3.3 0  3.9  43    0    0 251 -344  2
3797500 2746500  3 27 23  11.5 1011 102  3.3 0  4.0  46    0    0 250 -342  2
3797500 2746500  3 27 24  11.2 1011  83  3.0 0  4.0  48    0    0 247 -338  2
3797500 2746500  3 28  1   9.6 1011  93  3.3 0  4.0  51    0    0 244 -335  2
3797500 2746500  3 28  2  10.0 1011  95  3.5 0  3.9  52    0    0 242 -333  2
3797500 2746500  3 28  3   9.5 1011  99  2.9 0  3.8  50    0    0 240 -333  2
3797500 2746500  3 28  4   8.7 1011 102  2.5 0  3.6  50    0    0 237 -334  2
3797500 2746500  3 28  5   9.2 1011 103  2.5 0  3.5  49    0    0 235 -336  2
3797500 2746500  3 28  6   8.7 1011 111  2.5 0  3.4  48    0    0 233 -336  2
3797500 2746500  3 28  7   8.8 1011  91  2.6 0  3.4  49    7   14 230 -337  2
3797500 2746500  3 28  8  10.2 1011  89  2.7 0  3.5  48   75   66 230 -339  2
3797500 2746500  3 28  9  12.1 1011  78  2.4 0  3.6  44  194  103 232 -346  2
3797500 2746500  3 28 10  13.5 1011  58  2.3 0  3.7  40  317  126 236 -355  2
3797500 2746500  3 28 11  15.5 1011  96  1.8 0  3.9  38  424  137 242 -366  2
3797500 2746500  3 28 12  16.0 1010 110  2.9 0  3.7  34  501  139 246 -378  2
3797500 2746500  3 28 13  16.9 1010 101  3.0 0  3.5  30  548  127 252 -386  2
3797500 2746500  3 28 14  17.6 1009 136  3.0 0  3.5  28  546  114 257 -391  2
3797500 2746500  3 28 15  18.4 1009  70  2.7 0  3.4  27  485  103 261 -395  2
3797500 2746500  3 28 16  18.7 1008  92  2.3 0  3.4  26  366  101 262 -395  2
3797500 2746500  3 28 17  18.7 1007  23  2.0 0  3.4  26  235   87 263 -389  2
3797500 2746500  3 28 18  17.9 1007  84  2.0 1  3.3  25  109   62 264 -380  2
3797500 2746500  3 28 19  16.0 1007 272  1.4 0  3.3  27   15   14 259 -369  2
3797500 2746500  3 28 20  14.6 1007  62  1.8 0  3.6  33    0    0 251 -359  2
3797500 2746500  3 28 21  13.3 1007 101  1.6 0  3.8  38    0    0 248 -352  2
3797500 2746500  3 28 22  11.6 1007 127  1.4 1  3.9  43    0    0 249 -347  2
3797500 2746500  3 28 23  10.8 1007 165  1.1 1  3.7  45    0    0 249 -346  2
3797500 2746500  3 28 24  11.3 1006 177  1.4 0  3.5  43    0    0 245 -345  2
3797500 2746500  3 29  1  11.7 1006 165  2.1 1  3.6  42    0    0 245 -343  2
3797500 2746500  3 29  2  11.0 1005 179  1.9 1  3.7  44    0    0 250 -339  2
3797500 2746500  3 29  3   9.4 1005 169  2.4 4  3.8  49    0    0 261 -335  2
3797500 2746500  3 29  4  10.3 1005 190  1.9 5  4.1  54    0    0 280 -333  2
3797500 2746500  3 29  5   9.5 1005 194  2.0 4  4.4  58    0    0 282 -331  2
3797500 2746500  3 29  6   9.6 1005 206  2.8 4  4.5  61    0    0 278 -329  2
3797500 2746500  3 29  7   9.1 1005 207  2.2 3  4.6  63    6   15 273 -330  2
3797500 2746500  3 29  8  10.1 1005 208  2.8 0  4.8  64   50   78 254 -333  2
3797500 2746500  3 29  9  11.6 1005 206  2.5 2  5.2  64  101  150 251 -341  2
3797500 2746500  3 29 10  12.1 1005 159  3.5 4  5.5  63  173  206 277 -354  2
3797500 2746500  3 29 11  12.5 1005 200  3.2 5  5.4  60   98  267 297 -367  2
3797500 2746500  3 29 12  12.1 1005 169  2.9 7  5.3  59    6  225 314 -381  2
3797500 2746500  3 29 13  13.8 1005 155  3.8 2  5.2  56  253  295 301 -392  2
3797500 2746500  3 29 14  13.6 1005 180  3.5 3  5.2  53   77  290 284 -399  2
3797500 2746500  3 29 15  12.5 1004 161  6.5 7  5.3  56    6  186 308 -401  2
3797500 2746500  3 29 16  13.2 1005 182  3.6 5  5.1  55  116  217 316 -398  2
3797500 2746500  3 29 17  13.0 1004 159  3.5 3  5.1  54  152  130 297 -390  2
3797500 2746500  3 29 18  10.6 1004 201  3.2 6  5.4  62   48   70 298 -380  2
3797500 2746500  3 29 19   9.9 1005 233  2.9 7  5.6  72   12   16 311 -366  2
3797500 2746500  3 29 20   9.6 1005 239  2.6 7  5.6  73    0    0 314 -355  2
3797500 2746500  3 29 21   9.6 1005 280  1.2 7  5.5  73    0    0 314 -348  2
3797500 2746500  3 29 22   8.7 1005 180  1.5 6  5.6  76    0    0 310 -344  2
3797500 2746500  3 29 23   8.5 1006 187  1.4 5  5.5  79    0    0 299 -343  2
3797500 2746500  3 29 24   7.6 1005 146  1.0 4  5.4  80    0    0 287 -344  2
3797500 2746500  3 30  1   7.0 1005 108  1.2 4  5.3  83    0    0 279 -344  2
3797500 2746500  3 30  2   6.8 1005 110  1.4 3  5.1  82    0    0 272 -344  2
3797500 2746500  3 30  3   7.4 1005  97  1.3 3  5.0  80    0    0 265 -344  2
3797500 2746500  3 30  4   5.3 1005 110  1.4 2  4.9  81    0    0 255 -343  2
3797500 2746500  3 30  5   6.8 1005  94  1.3 4  4.9  82    0    0 260 -341  2
3797500 2746500  3 30  6   6.7 1004  81  1.7 7  5.0  81    0    0 292 -336  2
3797500 2746500  3 30  7   7.1 1005  81  2.2 8  5.1  81    0    6 317 -333  2
3797500 2746500  3 30  8   7.8 1005  83  1.7 6  5.2  80   10   66 314 -332  2
3797500 2746500  3 30  9  10.0 1005 103  1.7 4  5.5  76  115  147 295 -334  2
3797500 2746500  3 30 10  11.5 1005  88  2.0 4  5.8  71  214  193 291 -343  2
3797500 2746500  3 30 11  12.6 1005 112  2.3 5  5.9  67  191  258 303 -356  2
3797500 2746500  3 30 12  13.3 1005 150  1.7 7  5.7  61   94  297 323 -368  2
3797500 2746500  3 30 13  14.0 1005 120  1.8 7  5.6  58   99  307 336 -376  2
3797500 2746500  3 30 14  14.6 1005  87  2.3 6  5.5  54   92  294 332 -382  2
3797500 2746500  3 30 15  15.4 1004 131  1.7 5  5.4  50   65  255 322 -385  2
3797500 2746500  3 30 16  15.3 1004  32  1.3 7  5.3  49   21  180 326 -385  2
3797500 2746500  3 30 17  12.4 1004  54  3.3 8  5.5  55    0   75 334 -380  2
3797500 2746500  3 30 18  12.2 1005 237  1.2 6  5.8  64   36   71 326 -373  2
3797500 2746500  3 30 19  11.8 1005  15  1.8 7  5.9  67   14   17 321 -364  2
3797500 2746500  3 30 20  11.9 1006  69  2.5 6  5.8  66    0    0 326 -356  2
3797500 2746500  3 30 21  11.6 1006  41  2.9 6  5.7  66    0    0 320 -350  2
3797500 2746500  3 30 22  11.3 1007  47  3.1 6  5.6  66    0    0 313 -346  2
3797500 2746500  3 30 23  10.4 1007  46  3.5 6  5.5  69    0    0 312 -343  2
3797500 2746500  3 30 24   9.4 1008  45  3.7 7  5.4  73    0    0 311 -343  2
3797500 2746500  3 31  1   8.4 1004  43  4.0 7  5.4  78    0    0 320 -346  2
3797500 2746500  3 31  2   7.8 1003  41  4.3 8  5.4  82    0    0 327 -345  2
3797500 2746500  3 31  3   7.2 1003  40  4.8 8  5.5  86    0    0 329 -345  2
3797500 2746500  3 31  4   7.2 1002  40  4.8 8  5.5  86    0    0 330 -344  2
3797500 2746500  3 31  5   7.0 1002  40  5.1 8  5.5  86    0    0 329 -344  2
3797500 2746500  3 31  6   6.9 1001  40  4.7 8  5.5  87    0    0 329 -343  2
3797500 2746500  3 31  7   6.7 1001  40  4.9 8  5.5  88    0    1 328 -343  2
3797500 2746500  3 31  8   6.9 1001  38  4.9 8  5.4  87    0   22 328 -343  2
3797500 2746500  3 31  9   6.9 1002  42  5.7 7  5.3  85    0   65 323 -343  2
3797500 2746500  3 31 10   6.9 1002  30  4.5 8  5.2  84    0   79 323 -343  2
3797500 2746500  3 31 11   7.0 1002  28  5.0 7  5.2  84    0   97 322 -344  2
3797500 2746500  3 31 12   7.1 1002  21  3.5 8  5.3  83    0   90 321 -346  2
3797500 2746500  3 31 13   7.4 1002  33  4.1 7  5.3  82    0   99 323 -348  2
3797500 2746500  3 31 14   7.7 1002  14  3.4 7  5.3  80    0   93 321 -349  2
3797500 2746500  3 31 15   7.4 1002  33  3.5 7  5.2  80    0   85 322 -349  2
3797500 2746500  3 31 16   7.5 1002  18  2.4 8  5.2  81    0   61 326 -350  2
3797500 2746500  3 31 17   7.5 1002  16  2.1 8  5.3  81    0   48 330 -350  2
3797500 2746500  3 31 18   7.6 1002 336  1.7 8  5.3  81    0   43 330 -350  2
3797500 2746500  3 31 19   7.2 1002 350  1.5 8  5.3  82    0    9 329 -349  2
3797500 2746500  3 31 20   7.1 1003 328  1.6 8  5.3  84    0    0 329 -349  2
3797500 2746500  3 31 21   6.9 1003 327  1.3 8  5.3  84    0    0 328 -348  2
3797500 2746500  3 31 22   6.8 1003 329  1.5 8  5.4  86    0    0 328 -348  2
3797500 2746500  3 31 23   6.5 1003 347  1.1 8  5.4  88    0    0 328 -348  2
3797500 2746500  3 31 24   6.5 1003 328  1.4 8  5.4  89    0    0 328 -348  2
3797500 2746500  4  1  1   6.4 1003 340  0.7 8  5.4  90    0    0 329 -348  2
3797500 2746500  4  1  2   6.4 1003 279  0.7 8  5.5  90    0    0 330 -348  2
3797500 2746500  4  1  3   6.4 1002 253  0.6 8  5.5  90    0    0 330 -348  2
3797500 2746500  4  1  4   6.2 1002 261  1.7 7  5.5  91    0    0 326 -348  2
3797500 2746500  4  1  5   6.2 1002 252  1.8 7  5.4  91    0    0 321 -348  2
3797500 2746500  4  1  6   6.0 1002 251  1.1 7  5.4  90    0    0 321 -347  2
3797500 2746500  4  1  7   5.9 1001 230  1.1 8  5.3  91    0    1 326 -347  2
3797500 2746500  4  1  8   5.9 1001 202  1.7 7  5.3  91    0   52 324 -347  2
3797500 2746500  4  1  9   6.2 1001 229  1.2 7  5.4  91    0   95 320 -348  2
3797500 2746500  4  1 10   6.4 1001 231  1.9 7  5.4  90    0  106 320 -349  2
3797500 2746500  4  1 11   6.8 1001 226  2.4 7  5.3  87    0  115 321 -350  2
3797500 2746500  4  1 12   7.2 1000 229  2.3 7  5.2  83    0  153 322 -351  2
3797500 2746500  4  1 13   7.8 1000 230  2.6 7  5.1  78    0  149 324 -352  2
3797500 2746500  4  1 14   7.9 1000 219  2.5 8  5.0  74    0   90 329 -353  2
3797500 2746500  4  1 15   7.8  999 229  2.4 8  5.0  75    0   80 332 -355  2
3797500 2746500  4  1 16   7.8  999 208  2.6 8  5.1  77    0   66 331 -356  2
3797500 2746500  4  1 17   7.5  999 208  2.6 7  5.2  78    0   82 325 -354  2
3797500 2746500  4  1 18   7.5  999 200  2.6 7  5.2  79    3   68 317 -352  2
3797500 2746500  4  1 19   6.9  998 206  1.9 8  5.2  81    2   17 320 -351  2
3797500 2746500  4  1 20   6.8  998 188  1.8 8  5.2  83    0    0 323 -349  2
3797500 2746500  4  1 21   6.8  999 185  1.7 7  5.2  84    0    0 317 -346  2
3797500 2746500  4  1 22   5.7  999 179  1.7 8  5.1  85    0    0 315 -344  2
3797500 2746500  4  1 23   5.9  999 180  1.6 8  5.0  86    0    0 319 -341  2
3797500 2746500  4  1 24   5.9  999 192  2.2 6  5.1  87    0    0 308 -339  2
3797500 2746500  4  2  1   5.7  998 173  1.9 2  5.0  86    0    0 245 -338  2
3797500 2746500  4  2  2   5.1  998 185  2.0 3  4.8  85    0    0 238 -338  2
3797500 2746500  4  2  3   3.9  998 153  2.2 4  4.6  86    0    0 250 -338  2
3797500 2746500  4  2  4   4.5  997 175  2.8 3  4.6  89    0    0 250 -337  2
3797500 2746500  4  2  5   4.9  997 195  0.7 6  4.8  89    0    0 266 -337  2
3797500 2746500  4  2  6   5.4  997 203  1.6 5  4.8  87    0    0 280 -338  2
3797500 2746500  4  2  7   5.4  997 186  1.6 5  4.8  85    0   18 274 -339  2
3797500 2746500  4  2  8   5.8  997 206  2.3 5  4.9  84    4   88 274 -341  2
3797500 2746500  4  2  9   6.4  997 197  3.3 6  4.9  82   19  169 283 -346  2
3797500 2746500  4  2 10   7.6  997 205  2.7 6  5.1  80   24  230 292 -355  2
3797500 2746500  4  2 11   7.5  997 215  2.6 7  5.2  79    0  157 300 -362  2
3797500 2746500  4  2 12   7.2  998 198  2.4 8  5.3  81    0  151 313 -367  2
3797500 2746500  4  2 13   7.8  998 193  3.1 7  5.3  82    7  245 316 -367  2
3797500 2746500  4  2 14   9.2  997 186  2.3 6  5.3  76   54  310 309 -369  2
3797500 2746500  4  2 15  10.0  997 173  2.1 6  5.1  67   79  295 306 -373  2
3797500 2746500  4  2 16   9.6  997 220  3.0 6  4.9  64   20  209 303 -375  2
3797500 2746500  4  2 17   7.1  997 226  5.5 7  4.9  71    0   80 300 -375  2
3797500 2746500  4  2 18   6.7  998 242  2.6 8  5.0  79    0   31 301 -371  2
3797500 2746500  4  2 19   6.7  998 217  2.0 7  5.1  82    0    6 299 -364  2
3797500 2746500  4  2 20   6.0  998 181  1.7 6  5.1  84    0    0 288 -356  2
3797500 2746500  4  2 21   4.7  998 191  0.9 4  4.9  87    0    0 271 -352  2
3797500 2746500  4  2 22   4.7  999 213  2.2 3  4.7  87    0    0 255 -352  2
3797500 2746500  4  2 23   5.4  999 178  1.6 3  4.6  84    0    0 251 -353  2
3797500 2746500  4  2 24   5.4  999 178  2.7 7  4.8  86    0    0 274 -351  2
3797500 2746500  4  3  1   5.6  999 170  1.6 7  5.0  87    0    0 295 -348  2
3797500 2746500  4  3  2   5.6  999 166  2.3 8  5.0  86    0    0 299 -346  2
3797500 2746500  4  3  3   6.0  998 171  2.8 7  5.0  86    0    0 299 -344  2
3797500 2746500  4  3  4   6.2  998 161  2.7 6  5.2  87    0    0 289 -343  2
3797500 2746500  4  3  5   6.6  998 162  3.0 8  5.2  86    0    0 295 -342  2
3797500 2746500  4  3  6   6.6  998 173  2.8 8  5.2  85    0    0 305 -338  2
3797500 2746500  4  3  7   6.8  998 174  2.7 7  5.3  85    0   16 299 -335  2
3797500 2746500  4  3  8   7.2  998 175  3.0 6  5.4  86    0   61 290 -336  2
3797500 2746500  4  3  9   8.1  998 184  2.9 7  5.6  84    4  140 291 -342  2
3797500 2746500  4  3 10   9.5  998 174  3.1 6  5.8  81   72  248 292 -352  2
3797500 2746500  4  3 11  11.3  998 202  3.4 5  6.0  75  280  266 289 -363  2
3797500 2746500  4  3 12  12.4  997 167  4.0 5  6.3  71  261  310 289 -374  2
3797500 2746500  4  3 13  13.1  997 186  3.7 6  6.3  67  220  335 299 -383  2
3797500 2746500  4  3 14  13.8  997 166  3.3 6  5.9  61  176  331 306 -388  2
3797500 2746500  4  3 15  14.5  996 150  4.5 5  5.7  56  116  300 305 -391  2
3797500 2746500  4  3 16  14.1  995 140  4.2 5  5.7  55   35  226 301 -389  2
3797500 2746500  4  3 17  14.2  995 148  4.3 7  5.5  54   23  162 306 -384  2
3797500 2746500  4  3 18  13.9  994 119  4.9 6  5.3  52   57   99 309 -377  2
3797500 2746500  4  3 19  13.0  994 102  3.5 6  5.2  54   19   32 303 -370  2
3797500 2746500  4  3 20  11.8  993 101  3.2 7  5.3  58    0    0 305 -364  2
3797500 2746500  4  3 21  11.0  993  80  2.9 6  5.3  62    0    0 305 -360  2
3797500 2746500  4  3 22  10.4  993  84  3.0 2  5.3  64    0    0 286 -358  2
3797500 2746500  4  3 23   9.9  993  90  3.0 1  5.0  64    0    0 269 -357  2
3797500 2746500  4  3 24  10.3  992  75  2.4 5  4.8  61    0    0 282 -355  2
3797500 2746500  4  4  1   9.5  992  94  3.4 4  4.6  60    0    0 293 -355  2
3797500 2746500  4  4  2   9.5  991 102  2.8 5  4.6  61    0    0 290 -357  2
3797500 2746500  4  4  3   9.8  990 120  2.8 5  4.6  61    0    0 295 -359  2
3797500 2746500  4  4  4   9.3  989 131  3.4 6  4.6  61    0    0 297 -359  2
3797500 2746500  4  4  5   9.1  989 123  3.0 4  4.6  62    0    0 288 -359  2
3797500 2746500  4  4  6   8.9  988 123  2.4 3  4.6  63    0    0 268 -359  2
3797500 2746500  4  4  7   8.7  988 112  2.5 4  4.6  63    2   31 264 -359  2
3797500 2746500  4  4  8  10.2  987  63  1.2 2  4.6  61   78   94 255 -361  2
3797500 2746500  4  4  9  12.6  987 144  2.6 4  4.7  55   59  171 256 -365  2
3797500 2746500  4  4 10  14.3  986 137  2.8 5  4.8  49  103  227 288 -371  2
3797500 2746500  4  4 11  15.4  986 145  4.1 6  4.9  45   38  260 312 -377  2
3797500 2746500  4  4 12  15.7  985 146  4.5 6  5.0  44   85  301 323 -382  2
3797500 2746500  4  4 13  17.4  985 160  5.3 4  4.8  40  391  224 313 -383  2
3797500 2746500  4  4 14  15.4  984 175  6.0 6  4.9  41   44  280 312 -383  2
3797500 2746500  4  4 15  13.9  984 186  5.1 7  5.3  50    2  188 326 -383  2
3797500 2746500  4  4 16  14.1  984 156  4.2 8  6.0  59    1  144 339 -381  2
3797500 2746500  4  4 17  14.0  983 191  3.6 7  6.6  64   15  147 340 -379  2
3797500 2746500  4  4 18  13.9  983 149  3.3 6  6.9  67   30   90 325 -375  2
3797500 2746500  4  4 19  14.1  983 120  2.7 7  6.7  65   11   28 325 -368  2
3797500 2746500  4  4 20  14.0  982 120  2.7 7  6.4  62    0    0 332 -362  2
3797500 2746500  4  4 21  13.8  982 108  2.8 7  6.2  60    0    0 331 -358  2
3797500 2746500  4  4 22  12.8  982 141  2.4 7  6.1  62    0    0 328 -354  2
3797500 2746500  4  4 23  13.1  982 163  3.6 8  6.1  64    0    0 334 -351  2
3797500 2746500  4  4 24  12.5  982  30  2.8 7  6.3  66    0    0 335 -350  2
3797500 2746500  4  5  1  12.1  983 175  2.3 7  6.4  69    0    0 327 -350  2
3797500 2746500  4  5  2  12.5  983 183  4.2 8  6.4  70    0    0 335 -353  2
3797500 2746500  4  5  3  11.5  983 199  3.0 8  6.5  73    0    0 341 -353  2
3797500 2746500  4  5  4  10.7  983 183  3.0 8  6.6  78    0    0 340 -350  2
3797500 2746500  4  5  5  10.6  983 193  3.1 8  6.5  79    0    0 339 -347  2
3797500 2746500  4  5  6  10.1  983 195  3.9 8  6.3  78    0    0 339 -344  2
3797500 2746500  4  5  7  10.0  983 209  3.8 7  6.1  77    0   12 333 -341  2
3797500 2746500  4  5  8  10.1  983 200  3.8 5  5.9  75   36  110 315 -337  2
3797500 2746500  4  5  9  11.4  984 194  4.2 4  6.0  73  162  161 296 -334  2
3797500 2746500  4  5 10  12.9  984 213  4.5 3  6.3  69  262  199 287 -333  2
3797500 2746500  4  5 11  13.7  985 199  4.6 2  6.2  63  367  216 280 -333  2
3797500 2746500  4  5 12  14.3  985 180  4.2 3  6.1  60  294  287 284 -332  2
3797500 2746500  4  5 13  15.5  985 201  4.9 3  6.1  56  388  261 296 -332  2
3797500 2746500  4  5 14  15.6  984 213  3.6 5  5.9  52   69  310 313 -331  2
3797500 2746500  4  5 15  15.8  984 196  5.0 7  5.9  52    0  169 336 -330  2
3797500 2746500  4  5 16  15.3  984 184  3.5 4  6.2  54  104  236 330 -329  2
3797500 2746500  4  5 17  16.2  984 202  2.7 1  6.1  53  254  112 301 -330  2
3797500 2746500  4  5 18  14.2  984 295  2.9 3  5.7  52   69   94 291 -330  2
3797500 2746500  4  5 19   8.9  985 143  2.7 7  5.9  68    0   15 307 -327  2
3797500 2746500  4  5 20   9.8  986 242  3.4 6  6.4  85    0    0 314 -325  2
3797500 2746500  4  5 21   9.7  987 180  1.8 6  6.4  83    0    0 305 -323  2
3797500 2746500  4  5 22   8.8  988 148  0.6 6  6.4  85    0    0 303 -321  2
3797500 2746500  4  5 23   9.0  989 283  1.5 6  6.4  88    0    0 304 -320  2
3797500 2746500  4  5 24   8.8  989  28  1.8 5  6.4  88    0    0 299 -318  2
3797500 2746500  4  6  1   7.7  990  16  1.8 7  6.1  88    0    0 304 -317  2
3797500 2746500  4  6  2   8.7  991  34  2.3 8  6.0  87    0    0 324 -316  2
3797500 2746500  4  6  3   7.4  992 358  4.7 7  5.9  86    0    0 324 -314  2
3797500 2746500  4  6  4   6.1  992 353  4.5 8  5.4  86    0    0 322 -311  2
3797500 2746500  4  6  5   5.4  993  10  4.5 8  5.0  85    0    0 325 -309  2
3797500 2746500  4  6  6   5.5  995  24  5.3 8  4.7  83    0    0 322 -309  2
3797500 2746500  4  6  7   5.1  996   2  4.5 7  4.6  82    0    8 312 -309  2
3797500 2746500  4  6  8   4.9  997  20  4.6 7  4.5  82    0   44 302 -311  2
3797500 2746500  4  6  9   4.5  998  27  5.5 8  4.4  81    0   81 303 -314  2
3797500 2746500  4  6 10   4.5  999   8  6.4 7  4.2  78    0  123 300 -320  2
3797500 2746500  4  6 11   4.6 1001   7  6.0 7  3.8  72    0  145 290 -329  2
3797500 2746500  4  6 12   5.4 1002 360  4.9 8  3.5  65    0  149 293 -342  2
3797500 2746500  4  6 13   6.0 1003  13  6.0 8  3.5  60    0  197 295 -352  2
3797500 2746500  4  6 14   6.8 1004  28  4.7 7  3.3  56   65  223 288 -356  2
3797500 2746500  4  6 15   7.2 1004  16  6.0 6  3.2  51  219  136 277 -357  2
3797500 2746500  4  6 16   6.7 1005  18  5.3 7  3.1  50   41  164 275 -356  2
3797500 2746500  4  6 17   6.2 1006   8  5.0 8  3.0  50    5  110 279 -352  2
3797500 2746500  4  6 18   5.7 1007 358  4.5 8  3.0  51    2   68 282 -344  2
3797500 2746500  4  6 19   5.1 1007 354  3.2 7  3.1  55    8   18 276 -335  2
3797500 2746500  4  6 20   4.8 1009   8  4.2 6  3.0  55    0    0 264 -326  2
3797500 2746500  4  6 21   4.5 1010   3  4.0 7  2.7  51    0    0 259 -320  2
3797500 2746500  4  6 22   4.2 1011 360  3.5 6  2.6  50    0    0 258 -317  2
3797500 2746500  4  6 23   3.1 1012   4  2.7 5  2.6  53    0    0 251 -316  2
3797500 2746500  4  6 24   2.7 1013 351  3.8 2  2.7  57    0    0 234 -316  2
3797500 2746500  4  7  1   2.2 1014  16  3.5 5  2.8  61    0    0 234 -316  2
3797500 2746500  4  7  2   1.4 1015  31  3.4 2  2.8  66    0    0 234 -316  2
3797500 2746500  4  7  3   0.8 1015  26  2.5 1  2.9  70    0    0 214 -318  2
3797500 2746500  4  7  4   0.3 1017  22  1.5 1  2.9  74    0    0 209 -320  2
3797500 2746500  4  7  5  -0.5 1017  48  1.7 0  2.9  78    0    0 204 -321  2
3797500 2746500  4  7  6  -0.2 1018  17  1.5 0  2.9  79    0    0 202 -321  2
3797500 2746500  4  7  7   0.0 1019  20  1.4 0  3.0  80   11   36 205 -319  2
3797500 2746500  4  7  8   2.0 1020  48  2.4 0  3.1  76  104   88 210 -320  2
3797500 2746500  4  7  9   3.5 1020  50  2.9 0  3.1  69  236  118 216 -327  2
3797500 2746500  4  7 10   5.0 1021  22  3.9 1  3.1  60  376  129 223 -338  2
3797500 2746500  4  7 11   6.3 1022  52  4.1 1  2.8  50  512  118 232 -350  2
3797500 2746500  4  7 12   7.2 1022  61  3.8 1  2.6  44  594  112 235 -360  2
3797500 2746500  4  7 13   8.2 1022  60  4.5 1  2.7  41  627  107 238 -367  2
3797500 2746500  4  7 14   9.0 1022  21  3.0 0  2.8  41  610   99 237 -370  2
3797500 2746500  4  7 15   9.7 1022  31  3.7 0  2.9  40  547   91 236 -372  2
3797500 2746500  4  7 16  10.6 1022  52  4.1 0  2.9  38  447   82 239 -371  2
3797500 2746500  4  7 17  10.8 1022  54  3.9 0  3.1  39  312   74 242 -367  2
3797500 2746500  4  7 18  10.8 1022  41  3.7 1  3.3  42  162   63 251 -362  2
3797500 2746500  4  7 19  10.3 1023  25  3.6 2  3.5  45   36   32 263 -355  2
3797500 2746500  4  7 20   9.7 1023  29  2.6 2  3.7  49    0    2 267 -345  2
3797500 2746500  4  7 21   8.4 1024  38  2.3 2  3.8  53    0    0 265 -337  2
3797500 2746500  4  7 22   8.1 1025  22  2.3 0  3.8  57    0    0 253 -333  2
3797500 2746500  4  7 23   6.9 1025  22  2.3 0  3.9  62    0    0 241 -329  2
3797500 2746500  4  7 24   5.9 1026  48  2.1 0  4.0  68    0    0 237 -326  2
3797500 2746500  4  8  1   5.8 1026  34  1.4 1  4.1  72    0    0 240 -323  2
3797500 2746500  4  8  2   4.9 1026  45  2.0 0  4.2  76    0    0 238 -322  2
3797500 2746500  4  8  3   5.1 1027  42  2.6 1  4.2  79    0    0 237 -320  2
3797500 2746500  4  8  4   3.9 1027  37  2.0 3  4.2  81    0    0 251 -319  2
3797500 2746500  4  8  5   3.0 1027  56  2.0 2  4.2  87    0    0 253 -317  2
3797500 2746500  4  8  6   2.6 1027  38  1.3 2  4.1  89    0    0 247 -316  2
3797500 2746500  4  8  7   2.4 1027 360  0.0 5  4.1  90   12   37 262 -316  2
3797500 2746500  4  8  8   4.2 1027 332  0.6 2  4.2  90   98   94 265 -318  2
3797500 2746500  4  8  9   6.6 1027 349  0.6 3  4.2  77  218  132 259 -327  2
3797500 2746500  4  8 10   7.7 1027  16  2.0 4  3.9  63  302  173 273 -340  2
3797500 2746500  4  8 11   9.3 1027   7  2.2 4  3.8  56  429  175 281 -352  2
3797500 2746500  4  8 12  10.5 1027 327  3.1 3  3.7  50  551  148 281 -364  2
3797500 2746500  4  8 13  11.4 1026  17  3.3 2  3.4  43  587  142 274 -372  2
3797500 2746500  4  8 14  12.2 1026  25  3.2 1  3.4  40  565  136 267 -378  2
3797500 2746500  4  8 15  12.8 1025  15  2.4 1  3.3  37  504  125 264 -380  2
3797500 2746500  4  8 16  13.4 1025 359  3.1 1  3.1  33  419  106 265 -379  2
3797500 2746500  4  8 17  13.1 1024 338  3.7 1  3.2  34  288   92 265 -376  2
3797500 2746500  4  8 18  12.8 1024 255  2.8 1  3.3  36  141   74 265 -371  2
3797500 2746500  4  8 19  11.9 1023   2  3.2 2  3.4  38   36   33 266 -362  2
3797500 2746500  4  8 20   9.7 1023 347  2.2 1  3.4  43    0    3 260 -351  2
3797500 2746500  4  8 21   8.1 1023 358  2.1 0  3.5  49    0    0 245 -343  2
3797500 2746500  4  8 22   8.1 1024  13  2.4 0  3.6  54    0    0 237 -339  2
3797500 2746500  4  8 23   7.1 1024  20  1.6 0  3.7  58    0    0 236 -335  2
3797500 2746500  4  8 24   5.9 1024  36  1.3 0  3.7  63    0    0 233 -329  2
3797500 2746500  4  9  1   5.6 1024  42  1.1 3  3.7  65    0    0 242 -324  2
3797500 2746500  4  9  2   5.0 1023  80  1.4 3  3.6  67    0    0 254 -321  2
3797500 2746500  4  9  3   5.0 1023  37  1.4 2  3.6  68    0    0 248 -319  2
3797500 2746500  4  9  4   4.9 1023  54  1.3 1  3.6  68    0    0 238 -321  2
3797500 2746500  4  9  5   4.0 1022  67  1.2 1  3.6  70    0    0 230 -324  2
3797500 2746500  4  9  6   4.0 1022  79  0.5 1  3.6  72    0    0 227 -323  2
3797500 2746500  4  9  7   3.4 1022 167  0.4 2  3.6  74    7   40 228 -323  2
3797500 2746500  4  9  8   6.7 1022 235  0.5 2  3.9  72   69  114 235 -326  2
3797500 2746500  4  9  9   8.9 1021 184  0.0 2  4.2  64  161  175 241 -336  2
3797500 2746500  4  9 10   9.8 1020 261  0.4 5  4.0  56  199  245 256 -352  2
3797500 2746500  4  9 11  10.6 1020 280  0.7 6  3.9  50  199  305 275 -367  2
3797500 2746500  4  9 12  10.8 1019 161  0.7 7  3.6  46  112  338 284 -378  2
3797500 2746500  4  9 13  11.6 1018 177  1.5 7  3.5  42  158  351 288 -386  2
3797500 2746500  4  9 14  12.0 1018  90  0.9 7  3.5  40  126  336 290 -393  2
3797500 2746500  4  9 15  12.3 1017  58  0.8 7  3.2  37   77  290 290 -396  2
3797500 2746500  4  9 16  13.3 1016 316  1.2 6  2.9  31  212  227 286 -395  2
3797500 2746500  4  9 17  13.6 1015 201  1.0 6  3.0  32  131  171 284 -389  2
3797500 2746500  4  9 18  12.8 1014 100  1.9 6  3.4  36   22   99 284 -380  2
3797500 2746500  4  9 19  12.4 1013  64  1.6 6  3.5  38    0   19 280 -371  2
3797500 2746500  4  9 20  11.5 1013  78  2.3 7  3.6  41    0    0 282 -362  2
3797500 2746500  4  9 21  10.9 1012  83  3.6 7  3.8  47    0    0 284 -356  2
3797500 2746500  4  9 22  10.4 1012  81  4.3 7  4.0  50    0    0 285 -352  2
3797500 2746500  4  9 23   9.9 1012  69  2.9 7  4.0  52    0    0 285 -349  2
3797500 2746500  4  9 24   9.4 1011  76  3.5 7  4.1  55    0    0 285 -346  2
3797500 2746500  4 10  1   9.2 1011  87  2.8 8  4.2  58    0    0 289 -343  2
3797500 2746500  4 10  2   9.0 1010  78  2.6 8  4.3  59    0    0 293 -338  2
3797500 2746500  4 10  3   8.5 1010  47  2.1 8  4.3  61    0    0 293 -335  2
3797500 2746500  4 10  4   8.5 1009  63  2.7 7  4.4  63    0    0 291 -333  2
3797500 2746500  4 10  5   8.2 1009  69  2.7 8  4.3  63    0    0 290 -331  2
3797500 2746500  4 10  6   7.9 1008  58  2.5 8  4.4  65    0    0 295 -330  2
3797500 2746500  4 10  7   7.8 1008  90  2.6 7  4.5  68    4   40 292 -330  2
3797500 2746500  4 10  8   8.3 1008  57  2.3 7  4.6  68   23  118 287 -332  2
3797500 2746500  4 10  9   9.5 1008  68  2.5 7  4.7  66   62  199 289 -337  2
3797500 2746500  4 10 10  11.2 1008  62  3.6 6  4.7  60  136  265 288 -345  2
3797500 2746500  4 10 11  12.4 1008  52  3.9 6  4.7  55  207  308 287 -356  2
3797500 2746500  4 10 12  13.2 1008  63  4.8 6  4.6  50  201  345 291 -370  2
3797500 2746500  4 10 13  13.7 1008  60  5.1 6  4.3  45  226  350 292 -381  2
3797500 2746500  4 10 14  13.8 1007  91  5.2 5  4.3  44  273  322 289 -387  2
3797500 2746500  4 10 15  14.4 1007  66  5.9 4  4.2  42  316  263 281 -389  2
3797500 2746500  4 10 16  14.2 1006  63  5.0 3  4.1  40  266  213 275 -386  2
3797500 2746500  4 10 17  13.7 1005  62  5.9 2  4.0  40  228  146 266 -380  2
3797500 2746500  4 10 18  12.5 1005  41  5.7 1  4.1  43  134   99 258 -372  2
3797500 2746500  4 10 19  11.2 1006  62  5.8 2  4.2  48   35   44 256 -362  2
3797500 2746500  4 10 20  10.2 1006  55  5.3 2  4.3  53    0    4 256 -350  2
3797500 2746500  4 10 21   9.2 1007  56  5.1 3  4.3  58    0    0 256 -341  2
3797500 2746500  4 10 22   8.3 1007  56  4.9 3  4.3  61    0    0 262 -335  2
3797500 2746500  4 10 23   7.2 1007  96  4.2 3  4.4  68    0    0 264 -331  2
3797500 2746500  4 10 24   6.2 1007 156  3.3 4  4.5  74    0    0 253 -327  2
3797500 2746500  4 11  1   5.2 1022 228  2.2 4  4.5  81    0    0 266 -330  2
3797500 2746500  4 11  2   4.3 1022 264  1.4 4  4.6  87    0    0 282 -329  2
3797500 2746500  4 11  3   4.0 1022 276  0.7 5  4.6  92    0    0 274 -329  2
3797500 2746500  4 11  4   4.2 1022 254  0.7 5  4.7  93    0    0 267 -329  2
3797500 2746500  4 11  5   5.0 1022 269  0.6 6  4.9  92    0    0 297 -330  2
3797500 2746500  4 11  6   5.7 1022 269  0.7 8  5.1  92    0    0 317 -331  2
3797500 2746500  4 11  7   5.8 1022 272  0.6 7  5.2  91    0   25 319 -334  2
3797500 2746500  4 11  8   6.7 1022 205  0.5 7  5.2  88   10   92 318 -338  2
3797500 2746500  4 11  9   7.6 1023 259  1.3 6  5.4  86   20  154 317 -344  2
3797500 2746500  4 11 10   8.8 1023 223  1.4 7  5.5  82    6  183 320 -350  2
3797500 2746500  4 11 11   9.3 1023 214  1.7 8  5.5  77    0  173 334 -355  2
3797500 2746500  4 11 12   9.8 1023 192  1.6 7  5.4  73    2  207 335 -362  2
3797500 2746500  4 11 13  10.5 1023 203  1.7 7  5.4  71    6  223 331 -376  2
3797500 2746500  4 11 14  10.9 1023 244  1.5 8  5.3  67    0  194 337 -393  2
3797500 2746500  4 11 15  11.9 1023 256  1.2 7  5.2  63    2  185 339 -402  2
3797500 2746500  4 11 16  12.2 1022 232  1.2 8  5.5  63    0  120 340 -405  2
3797500 2746500  4 11 17  11.9 1022 175  0.7 7  5.6  65    2  114 341 -403  2
3797500 2746500  4 11 18  12.6 1022   4  0.1 6  5.7  65   59   71 333 -397  2
3797500 2746500  4 11 19  12.1 1021   2  0.5 5  5.8  66   40   17 325 -386  2
3797500 2746500  4 11 20  10.3 1020 163  0.8 4  5.8  70    0    2 311 -373  2
3797500 2746500  4 11 21   9.2 1021 170  0.9 2  5.6  75    0    0 289 -364  2
3797500 2746500  4 11 22   8.5 1021 184  0.9 3  5.6  80    0    0 280 -360  2
3797500 2746500  4 11 23   7.4 1021 204  1.6 2  5.5  83    0    0 277 -357  2
3797500 2746500  4 11 24   6.9 1020 198  1.0 0  5.2  83    0    0 261 -354  2
3797500 2746500  4 12  1   6.7 1020 285  1.0 4  5.0  82    0    0 267 -352  2
3797500 2746500  4 12  2   6.4 1020   4  0.2 5  5.1  85    0    0 286 -349  2
3797500 2746500  4 12  3   7.7 1019   2  0.6 8  5.2  84    0    0 301 -344  2
3797500 2746500  4 12  4   6.6 1019  33  1.5 8  5.3  84    0    0 314 -339  2
3797500 2746500  4 12  5   7.1 1018  97  1.0 8  5.4  88    0    0 312 -335  2
3797500 2746500  4 12  6   7.6 1018  71  1.0 8  5.5  86    0    0 310 -332  2
3797500 2746500  4 12  7   8.3 1018  39  1.2 8  5.5  83    0   17 309 -330  2
3797500 2746500  4 12  8   9.0 1018  91  0.9 7  5.7  82    0   76 304 -336  2
3797500 2746500  4 12  9  10.4 1017 130  0.6 7  6.0  80    0  135 301 -351  2
3797500 2746500  4 12 10  11.2 1017 115  1.3 7  6.2  77    0  161 302 -368  2
3797500 2746500  4 12 11  12.0 1017 119  1.5 7  6.2  73    2  218 304 -384  2
3797500 2746500  4 12 12  13.0 1016 140  1.6 6  6.1  68    8  276 304 -400  2
3797500 2746500  4 12 13  13.7 1016   6  1.2 7  5.7  60   11  293 308 -414  2
3797500 2746500  4 12 14  14.4 1015 349  1.8 7  5.6  56    5  250 315 -424  2
3797500 2746500  4 12 15  14.2 1014 332  2.1 8  5.8  57    0  184 321 -429  2
3797500 2746500  4 12 16  14.3 1013 345  1.7 8  5.8  57    2  173 326 -429  2
3797500 2746500  4 12 17  14.6 1013  16  1.2 7  5.8  57   15  178 325 -423  2
3797500 2746500  4 12 18  14.4 1012 266  0.5 7  5.8  56    4   94 320 -413  2
3797500 2746500  4 12 19  14.0 1012 288  0.7 6  5.7  57    1   32 315 -400  2
3797500 2746500  4 12 20  13.3 1011 225  0.5 6  5.8  59    0    1 309 -385  2
3797500 2746500  4 12 21  12.6 1011 320  0.6 6  5.8  62    0    0 307 -375  2
3797500 2746500  4 12 22  11.9 1011 207  0.8 6  5.8  65    0    0 305 -369  2
3797500 2746500  4 12 23  11.3 1011 300  1.5 6  5.8  68    0    0 304 -363  2
3797500 2746500  4 12 24  11.2 1011 331  1.4 5  5.7  68    0    0 299 -358  2
3797500 2746500  4 13  1  10.5 1010 294  0.9 4  5.5  68    0    0 290 -354  2
3797500 2746500  4 13  2   7.4 1010 234  0.8 3  5.4  76    0    0 275 -352  2
3797500 2746500  4 13  3   7.2 1009 340  0.7 4  5.4  84    0    0 269 -350  2
3797500 2746500  4 13  4   7.9 1008 137  0.9 6  5.5  84    0    0 284 -350  2
3797500 2746500  4 13  5   9.0 1008 175  1.3 7  5.7  82    0    0 302 -350  2
3797500 2746500  4 13  6   9.1 1007 190  1.5 7  5.9  82    0    0 311 -349  2
3797500 2746500  4 13  7   9.3 1007 218  1.4 6  6.1  84    5   41 307 -350  2
3797500 2746500  4 13  8  10.2 1007 182  1.8 5  6.3  83   16  107 297 -355  2
3797500 2746500  4 13  9  11.1 1006 203  2.3 6  6.3  79   33  174 300 -364  2
3797500 2746500  4 13 10  11.4 1006 224  2.6 5  6.3  75   92  267 302 -377  2
3797500 2746500  4 13 11  12.5 1006 203  3.3 5  6.3  72  156  333 300 -392  2
3797500 2746500  4 13 12  13.9 1005 223  4.0 6  6.2  65  164  374 310 -406  2
3797500 2746500  4 13 13  14.2 1004 211  4.2 6  6.1  61  161  374 320 -416  2
3797500 2746500  4 13 14  14.9 1004 245  3.5 7  6.3  61   89  371 329 -423  2
3797500 2746500  4 13 15  14.9 1003 214  3.5 7  6.6  62   50  311 337 -424  2
3797500 2746500  4 13 16  15.6 1002 231  3.1 7  6.5  60   44  254 338 -424  2
3797500 2746500  4 13 17  15.1 1002 240  3.3 7  6.4  58   10  162 338 -422  2
3797500 2746500  4 13 18  14.6 1001 228  3.3 7  6.4  60    0   75 337 -415  2
3797500 2746500  4 13 19  13.5 1001 245  2.4 7  6.6  65    0   27 335 -404  2
3797500 2746500  4 13 20  12.9 1001 202  1.6 8  6.8  71    0    0 340 -395  2
3797500 2746500  4 13 21  12.7 1001 208  2.2 7  7.0  75    0    0 339 -386  2
3797500 2746500  4 13 22  12.4 1001 214  2.4 8  7.2  78    0    0 338 -380  2
3797500 2746500  4 13 23  12.2 1001 209  2.2 8  7.2  80    0    0 347 -377  2
3797500 2746500  4 13 24  11.9 1001 201  1.6 8  7.2  81    0    0 347 -375  2
3797500 2746500  4 14  1  11.7 1001 195  1.3 8  7.1  81    0    0 346 -373  2
3797500 2746500  4 14  2  11.4 1001 188  1.5 8  7.0  82    0    0 345 -371  2
3797500 2746500  4 14  3  11.3 1000 169  1.6 8  7.0  82    0    0 343 -370  2
3797500 2746500  4 14  4  11.6 1000 161  2.6 7  6.9  81    0    0 334 -368  2
3797500 2746500  4 14  5  11.3 1000 175  2.3 8  6.7  79    0    0 332 -367  2
3797500 2746500  4 14  6  11.1  999 172  2.5 8  6.6  78    0    0 339 -366  2
3797500 2746500  4 14  7  11.7  999 169  2.8 8  6.5  77    0   33 339 -365  2
3797500 2746500  4 14  8  12.0  999 170  3.2 6  6.7  76    5   93 321 -368  2
3797500 2746500  4 14  9  12.7  999 174  3.6 6  6.7  74   36  171 309 -375  2
3797500 2746500  4 14 10  13.2  999 184  4.0 6  6.7  71   71  245 315 -384  2
3797500 2746500  4 14 11  14.2  999 205  4.0 6  6.7  67  108  299 319 -394  2
3797500 2746500  4 14 12  14.8  999 178  4.1 7  6.6  64   95  340 329 -404  2
3797500 2746500  4 14 13  15.6  999 199  4.5 7  6.5  59   74  331 337 -411  2
3797500 2746500  4 14 14  15.3  998 157  4.4 7  6.3  57    9  268 338 -411  2
3797500 2746500  4 14 15  16.6  998 168  4.2 7  6.3  55    8  239 341 -414  2
3797500 2746500  4 14 16  16.8  998 191  3.4 6  6.0  50   20  226 338 -420  2
3797500 2746500  4 14 17  16.5  997 183  3.0 7  5.7  48    7  155 337 -417  2
3797500 2746500  4 14 18  16.4  997 180  2.3 7  5.8  49    7   98 342 -409  2
3797500 2746500  4 14 19  15.7  997 165  1.8 5  5.8  51   13   43 330 -400  2
3797500 2746500  4 14 20  14.3  997 159  1.5 5  5.8  54    0    6 315 -389  2
3797500 2746500  4 14 21  13.6  997 151  1.3 5  5.6  55    0    0 313 -381  2
3797500 2746500  4 14 22  13.4  998 132  1.4 3  5.5  56    0    0 301 -377  2
3797500 2746500  4 14 23  13.1  998 118  1.5 4  5.6  59    0    0 297 -375  2
3797500 2746500  4 14 24  12.6  998 110  1.5 6  5.7  61    0    0 313 -374  2
3797500 2746500  4 15  1  11.7  998 114  2.4 6  5.7  64    0    0 321 -373  2
3797500 2746500  4 15  2  11.2  997 109  2.6 5  5.8  68    0    0 313 -372  2
3797500 2746500  4 15  3  11.4  997 113  2.0 4  5.8  68    0    0 302 -370  2
3797500 2746500  4 15  4  11.3  997 113  1.8 4  5.7  67    0    0 294 -369  2
3797500 2746500  4 15  5  10.3  996 100  2.2 6  5.6  69    0    0 302 -367  2
3797500 2746500  4 15  6  10.4  996  97  2.6 6  5.7  72    0    0 312 -365  2
3797500 2746500  4 15  7  12.4  996  97  2.7 4  5.8  68   27   49 302 -365  2
3797500 2746500  4 15  8  14.5  996 113  2.6 3  5.9  60   89  123 290 -369  2
3797500 2746500  4 15  9  17.3  996 139  3.4 3  6.1  53  153  188 292 -376  2
3797500 2746500  4 15 10  18.8  995 158  4.4 5  6.3  48  263  223 311 -387  2
3797500 2746500  4 15 11  19.9  995 124  3.6 5  6.2  44  418  210 328 -400  2
3797500 2746500  4 15 12  19.6  995 196  4.8 5  5.8  40  468  221 333 -409  2
3797500 2746500  4 15 13  18.2  996 214  4.6 5  5.8  42  186  321 334 -412  2
3797500 2746500  4 15 14  17.7  996 199  4.1 6  6.1  47   53  331 337 -408  2
3797500 2746500  4 15 15  18.6  996 207  4.5 6  6.2  47  107  309 341 -397  2
3797500 2746500  4 15 16  16.9  996 228  5.0 4  6.2  48  251  218 329 -386  2
3797500 2746500  4 15 17  16.1  997 210  4.6 4  5.9  50  113  184 314 -380  2
3797500 2746500  4 15 18  15.1  997 242  4.1 5  5.9  53   40  113 315 -376  2
3797500 2746500  4 15 19  13.4  998 245  2.7 6  6.0  58   18   42 317 -370  2
3797500 2746500  4 15 20  12.2  999 252  2.4 6  5.7  61    0    4 315 -365  2
3797500 2746500  4 15 21  11.6 1000 246  1.8 6  5.6  64    0    0 311 -362  2
3797500 2746500  4 15 22  11.5 1001 252  1.0 7  5.5  64    0    0 314 -361  2
3797500 2746500  4 15 23  10.7 1001 332  1.5 7  5.6  67    0    0 317 -360  2
3797500 2746500  4 15 24   9.4 1001 359  1.8 8  5.8  75    0    0 321 -359  2
3797500 2746500  4 16  1   8.9 1001 353  3.5 6  6.0  82    0    0 316 -357  2
3797500 2746500  4 16  2   8.7 1001   5  2.5 6  6.1  85    0    0 307 -356  2
3797500 2746500  4 16  3   8.5 1001   0  2.5 6  6.0  86    0    0 307 -355  2
3797500 2746500  4 16  4   8.5 1001 357  2.3 7  6.0  86    0    0 312 -355  2
3797500 2746500  4 16  5   8.2 1001  11  3.0 7  5.9  86    0    0 318 -355  2
3797500 2746500  4 16  6   7.9 1000   4  3.1 7  5.9  86    0    0 318 -354  2
3797500 2746500  4 16  7   7.9 1000   7  2.6 7  5.9  88    0    8 317 -354  2
3797500 2746500  4 16  8   7.8 1000 355  4.0 8  5.9  88    0   35 322 -355  2
3797500 2746500  4 16  9   7.9 1000   5  4.6 8  5.9  88    0   70 326 -356  2
3797500 2746500  4 16 10   8.2  999  15  4.1 8  6.0  88    0   91 327 -358  2
3797500 2746500  4 16 11   8.9  999  13  3.9 7  6.2  88    0  124 324 -362  2
3797500 2746500  4 16 12   8.9  999  14  3.5 8  6.3  88    0  140 325 -370  2
3797500 2746500  4 16 13   9.7  998 360  3.8 8  6.4  87    0  140 330 -381  2
3797500 2746500  4 16 14  11.3  998   2  4.3 8  6.6  82    0  227 333 -390  2
3797500 2746500  4 16 15  12.5  997 343  4.3 6  6.8  77  111  333 330 -398  2
3797500 2746500  4 16 16  14.3  996  12  3.6 5  7.2  74  234  253 323 -402  2
3797500 2746500  4 16 17  15.4  996 350  3.4 3  7.6  71  174  188 314 -397  2
3797500 2746500  4 16 18  15.6  995 340  2.9 4  7.9  70   71  124 310 -394  2
3797500 2746500  4 16 19  14.6  995 339  3.2 6  8.1  74    9   43 320 -390  2
3797500 2746500  4 16 20  13.4  995 340  3.5 5  8.1  79    0    3 319 -380  2
3797500 2746500  4 16 21  12.8  995 337  3.0 3  7.9  83    0    0 299 -371  2
3797500 2746500  4 16 22  11.9  995  55  3.3 5  7.8  85    0    0 295 -367  2
3797500 2746500  4 16 23  11.3  995 323  2.2 6  7.6  88    0    0 309 -367  2
3797500 2746500  4 16 24  10.6  995 328  1.6 7  7.5  90    0    0 319 -366  2
3797500 2746500  4 17  1  10.1  995 349  2.7 6  7.2  91    0    0 317 -364  2
3797500 2746500  4 17  2  10.7  994  28  2.9 3  7.2  90    0    0 295 -361  2
3797500 2746500  4 17  3  10.0  994  34  3.1 1  7.1  88    0    0 264 -359  2
3797500 2746500  4 17  4  10.3  994  45  2.0 2  6.9  87    0    0 257 -358  2
3797500 2746500  4 17  5  10.0  993  44  2.7 3  6.8  87    0    0 271 -357  2
3797500 2746500  4 17  6   9.5  993  34  2.8 3  6.8  88    0    0 278 -355  2
3797500 2746500  4 17  7   9.4  994  37  3.0 5  6.8  90    9   52 292 -354  2
3797500 2746500  4 17  8  10.3  994  29  3.9 6  6.8  88   13  110 315 -355  2
3797500 2746500  4 17  9  10.4  994  39  3.5 7  6.9  87    2  140 328 -357  2
3797500 2746500  4 17 10  11.0  994  31  3.4 8  7.0  85    1  165 342 -364  2
3797500 2746500  4 17 11  11.2  995  33  3.7 8  7.1  84    0  161 350 -374  2
3797500 2746500  4 17 12  11.6  995  44  3.5 8  7.2  85    0  149 350 -384  2
3797500 2746500  4 17 13  11.9  994  21  4.4 7  7.3  83    0  191 344 -390  2
3797500 2746500  4 17 14  13.2  994  10  3.5 7  7.4  80    5  271 340 -391  2
3797500 2746500  4 17 15  13.9  993  33  2.9 7  7.5  76   20  296 342 -389  2
3797500 2746500  4 17 16  14.1  993  27  2.3 6  7.4  72   32  268 337 -384  2
3797500 2746500  4 17 17  15.1  993 327  2.6 5  7.6  72   42  216 328 -379  2
3797500 2746500  4 17 18  14.8  993  18  2.0 7  7.6  71   12  117 335 -377  2
3797500 2746500  4 17 19  14.6  993 350  0.9 8  7.4  69    1   33 348 -375  2
3797500 2746500  4 17 20  13.9  994 327  1.1 8  7.4  72    0    0 352 -373  2
3797500 2746500  4 17 21  13.1  994 254  1.4 8  7.5  76    0    0 349 -372  2
3797500 2746500  4 17 22  12.3  994 233  1.3 7  7.5  80    0    0 340 -371  2
3797500 2746500  4 17 23  11.8  994 246  1.1 7  7.4  83    0    0 333 -371  2
3797500 2746500  4 17 24  11.6  994 252  1.3 7  7.4  84    0    0 333 -370  2
3797500 2746500  4 18  1  11.2  995 227  1.4 8  7.5  87    0    0 339 -370  2
3797500 2746500  4 18  2  11.2  994 236  1.3 8  7.5  89    0    0 346 -370  2
3797500 2746500  4 18  3  10.8  994 188  0.7 8  7.5  90    0    0 345 -370  2
3797500 2746500  4 18  4  10.8  994 238  1.4 8  7.6  92    0    0 345 -370  2
3797500 2746500  4 18  5  10.4  994 241  1.9 8  7.7  94    0    0 345 -370  2
3797500 2746500  4 18  6  10.2  994 243  1.5 5  7.5  94    0    0 322 -370  2
3797500 2746500  4 18  7  10.2  994 242  1.1 8  7.4  93    0    6 323 -371  2
3797500 2746500  4 18  8  10.1  994 180  1.0 7  7.3  93    0   23 339 -372  2
3797500 2746500  4 18  9  10.7  994 197  1.3 8  7.3  91    0   51 340 -375  2
3797500 2746500  4 18 10  11.2  994 161  1.9 8  7.7  92    0   82 350 -380  2
3797500 2746500  4 18 11  11.8  994 205  2.6 8  8.0  93    0  127 352 -385  2
3797500 2746500  4 18 12  12.5  994 162  2.8 8  8.0  88    0  144 355 -387  2
3797500 2746500  4 18 13  14.0  994 155  4.1 8  7.8  80    0  139 358 -388  2
3797500 2746500  4 18 14  15.1  993 202  2.7 5  7.3  69  215  371 344 -390  2
3797500 2746500  4 18 15  15.4  993 142  1.2 6  7.1  65  106  334 334 -391  2
3797500 2746500  4 18 16  16.4  993 190  2.9 8  7.2  62   10  214 352 -392  2
3797500 2746500  4 18 17  16.2  993 156  2.4 6  7.2  61   43  194 353 -388  2
3797500 2746500  4 18 18  16.0  993 243  3.6 6  7.1  61   33  122 338 -381  2
3797500 2746500  4 18 19  14.8  993 255  2.5 5  6.9  62   25   51 327 -376  2
3797500 2746500  4 18 20  13.0  994 282  2.4 6  7.1  70    2    9 321 -372  2
3797500 2746500  4 18 21  12.5  995 285  1.2 6  7.3  78    0    0 322 -369  2
3797500 2746500  4 18 22  12.0  996 269  1.7 7  7.3  80    0    0 326 -366  2
3797500 2746500  4 18 23  11.3  996 327  1.5 7  7.3  84    0    0 330 -365  2
3797500 2746500  4 18 24  11.0  996 336  1.9 7  7.2  85    0    0 327 -365  2
3797500 2746500  4 19  1   9.9  996 355  2.3 7  6.7  84    0    0 325 -364  2
3797500 2746500  4 19  2   9.7  996 328  1.3 7  6.4  84    0    0 325 -363  2
3797500 2746500  4 19  3   9.4  996 331  1.7 8  6.5  86    0    0 333 -363  2
3797500 2746500  4 19  4   9.7  996 338  1.5 7  6.4  85    0    0 334 -363  2
3797500 2746500  4 19  5   9.2  996 342  1.5 6  6.3  84    0    0 321 -363  2
3797500 2746500  4 19  6   8.8  996 323  0.8 6  6.2  85    0    0 313 -364  2
3797500 2746500  4 19  7   9.2  996 326  1.2 8  6.2  85    5   49 327 -364  2
3797500 2746500  4 19  8   9.2  997 299  0.8 7  6.2  85    5   97 335 -364  2
3797500 2746500  4 19  9   8.9  997 297  1.3 7  6.3  86    0   76 326 -363  2
3797500 2746500  4 19 10   9.1  997 280  1.7 8  6.4  88    0   90 331 -362  2
3797500 2746500  4 19 11   9.0  997 266  2.1 8  6.5  89    0   93 338 -362  2
3797500 2746500  4 19 12   8.4  997 247  2.3 8  6.5  91    0  105 337 -363  2
3797500 2746500  4 19 13   8.0  997 258  3.2 8  6.3  91    0  106 335 -363  2
3797500 2746500  4 19 14   8.4  997 267  2.0 8  6.3  92    0   97 335 -364  2
3797500 2746500  4 19 15   8.1  998 267  2.6 8  6.3  92    0   95 335 -365  2
3797500 2746500  4 19 16   8.6  997 254  2.7 7  6.3  91    0  132 329 -366  2
3797500 2746500  4 19 17   8.4  998 259  2.2 8  6.3  90    0   57 330 -366  2
3797500 2746500  4 19 18   8.3  998 257  2.8 8  6.3  91    0   28 336 -366  2
3797500 2746500  4 19 19   8.3  998 250  2.1 7  6.3  91    0   14 329 -366  2
3797500 2746500  4 19 20   8.3  999 252  2.1 8  6.2  90    0    1 329 -366  2
3797500 2746500  4 19 21   8.3  999 263  1.6 8  6.2  90    0    0 335 -364  2
3797500 2746500  4 19 22   8.3  999 269  1.5 8  6.2  90    0    0 336 -362  2
3797500 2746500  4 19 23   8.1 1000 256  1.3 8  6.2  90    0    0 336 -361  2
3797500 2746500  4 19 24   7.7 1000 242  1.3 7  6.1  91    0    0 330 -358  2
3797500 2746500  4 20  1   7.4 1000 247  1.7 7  6.1  92    0    0 323 -355  2
3797500 2746500  4 20  2   7.7 1000 265  1.3 7  6.1  93    0    0 324 -353  2
3797500 2746500  4 20  3   7.4 1000 291  0.7 7  6.1  93    0    0 324 -350  2
3797500 2746500  4 20  4   7.7 1001 330  0.8 8  6.0  92    0    0 329 -346  2
3797500 2746500  4 20  5   7.5 1001 282  0.8 8  5.9  90    0    0 332 -342  2
3797500 2746500  4 20  6   7.4 1001 271  0.5 8  5.9  90    0    0 330 -338  2
3797500 2746500  4 20  7   7.8 1001 339  0.9 8  5.9  89    0   10 330 -333  2
3797500 2746500  4 20  8   7.7 1002  25  2.0 8  5.9  88    0   23 332 -332  2
3797500 2746500  4 20  9   7.1 1002  39  2.4 8  5.6  86    0   75 332 -337  2
3797500 2746500  4 20 10   7.4 1003  47  2.9 7  5.4  84    5  179 325 -344  2
3797500 2746500  4 20 11   8.9 1003  59  3.1 7  5.3  78   84  266 319 -353  2
3797500 2746500  4 20 12  10.9 1004  79  3.4 6  5.4  70  242  334 315 -361  2
3797500 2746500  4 20 13  11.9 1004  49  3.4 5  5.3  62  274  351 308 -366  2
3797500 2746500  4 20 14  12.1 1004  86  3.2 7  4.9  55  128  372 312 -369  2
3797500 2746500  4 20 15  11.9 1005  53  3.7 6  4.6  52  119  331 313 -369  2
3797500 2746500  4 20 16  12.8 1005  58  3.4 5  4.5  50  250  245 304 -368  2
3797500 2746500  4 20 17  13.0 1005  58  3.2 5  4.2  45  216  172 299 -363  2
3797500 2746500  4 20 18  12.9 1006  43  3.5 6  3.9  42  116  116 301 -357  2
3797500 2746500  4 20 19  12.2 1006  43  3.7 3  3.6  40   50   58 288 -350  2
3797500 2746500  4 20 20  10.8 1007  51  2.9 2  3.2  38    2    9 265 -343  2
3797500 2746500  4 20 21   9.2 1008  49  2.5 2  2.9  38    0    0 253 -337  2
3797500 2746500  4 20 22   8.1 1009  52  2.3 0  2.8  40    0    0 238 -332  2
3797500 2746500  4 20 23   7.8 1010  70  2.0 0  2.8  42    0    0 228 -328  2
3797500 2746500  4 20 24   7.2 1010  70  1.7 3  2.8  44    0    0 236 -324  2
3797500 2746500  4 21  1   6.2 1011  68  2.1 0  3.0  48    0    0 234 -321  2
3797500 2746500  4 21  2   5.7 1012 101  2.1 0  3.1  54    0    0 221 -319  2
3797500 2746500  4 21  3   5.3 1012  89  1.9 0  3.1  56    0    0 220 -317  2
3797500 2746500  4 21  4   4.6 1012  78  1.5 0  3.1  58    0    0 218 -316  2
3797500 2746500  4 21  5   4.0 1012  62  1.4 0  3.1  61    0    0 216 -317  2
3797500 2746500  4 21  6   3.1 1013  67  1.6 0  3.2  65    0    0 215 -318  2
3797500 2746500  4 21  7   5.0 1013  97  1.6 0  3.3  66   38   60 215 -320  2
3797500 2746500  4 21  8   7.4 1014  92  2.0 0  3.3  56  153  113 218 -327  2
3797500 2746500  4 21  9   9.0 1014 107  3.5 0  3.2  47  289  141 222 -336  2
3797500 2746500  4 21 10  10.2 1014  57  3.0 0  3.1  41  432  147 225 -345  2
3797500 2746500  4 21 11  11.1 1014  34  3.3 0  3.0  38  551  145 233 -351  2
3797500 2746500  4 21 12  11.8 1014  40  3.6 1  3.1  38  639  135 245 -355  2
3797500 2746500  4 21 13  12.0 1013  59  3.5 1  3.1  36  657  134 253 -355  2
3797500 2746500  4 21 14  12.2 1013  40  3.6 1  3.0  35  650  119 256 -359  2
3797500 2746500  4 21 15  12.8 1013 356  2.9 1  3.1  35  590  108 259 -365  2
3797500 2746500  4 21 16  12.8 1012  47  2.7 1  3.1  33  486   99 258 -365  2
3797500 2746500  4 21 17  13.1 1012  43  3.3 1  3.0  33  353   90 258 -363  2
3797500 2746500  4 21 18  13.1 1012 343  1.9 1  3.2  34  205   76 259 -363  2
3797500 2746500  4 21 19  12.6 1012 351  1.5 1  3.3  36   71   48 259 -361  2
3797500 2746500  4 21 20  11.3 1012 124  0.6 1  3.3  38    4    8 257 -352  2
3797500 2746500  4 21 21   9.9 1012 124  0.9 2  3.4  42    0    0 255 -344  2
3797500 2746500  4 21 22   9.4 1012 137  0.5 1  3.3  44    0    0 252 -339  2
3797500 2746500  4 21 23   7.6 1012 197  1.3 1  3.3  48    0    0 246 -335  2
3797500 2746500  4 21 24   6.9 1012 340  1.2 0  3.4  53    0    0 240 -332  2
3797500 2746500  4 22  1   7.6 1013  36  1.4 0  3.6  56    0    0 238 -329  2
3797500 2746500  4 22  2   6.9 1013  83  1.0 0  3.8  61    0    0 239 -326  2
3797500 2746500  4 22  3   6.5 1012  82  1.0 0  3.9  64    0    0 238 -323  2
3797500 2746500  4 22  4   4.6 1012 148  1.0 0  3.8  68    0    0 236 -321  2
3797500 2746500  4 22  5   5.5 1012 106  0.9 0  3.9  71    0    0 236 -321  2
3797500 2746500  4 22  6   4.4 1011 139  0.8 0  3.8  71    0    0 237 -319  2
3797500 2746500  4 22  7   7.2 1011 191  1.1 1  3.9  68   42   60 242 -320  2
3797500 2746500  4 22  8   9.2 1011 202  1.2 0  4.0  60  161  108 248 -326  2
3797500 2746500  4 22  9  11.1 1011 170  1.2 0  4.1  53  295  135 250 -337  2
3797500 2746500  4 22 10  12.7 1011 192  1.5 0  4.1  48  438  140 255 -349  2
3797500 2746500  4 22 11  13.0 1011 204  1.7 0  4.0  44  551  140 257 -362  2
3797500 2746500  4 22 12  13.2 1011 284  2.0 0  3.7  39  637  129 257 -377  2
3797500 2746500  4 22 13  14.1 1010 250  1.5 1  3.4  35  690  109 264 -390  2
3797500 2746500  4 22 14  14.4 1010 248  1.8 1  3.3  33  689   90 270 -397  2
3797500 2746500  4 22 15  15.1 1009 261  2.1 1  3.4  32  612   90 272 -398  2
3797500 2746500  4 22 16  15.9 1009  99  0.5 1  3.4  31  502   85 274 -397  2
3797500 2746500  4 22 17  15.8 1008   5  1.8 1  3.4  30  355   86 275 -394  2
3797500 2746500  4 22 18  15.7 1008 150  1.2 0  3.3  30  202   74 271 -387  2
3797500 2746500  4 22 19  14.8 1007  53  1.8 0  3.5  33   71   48 266 -378  2
3797500 2746500  4 22 20  13.2 1007  57  2.1 0  3.8  38    4    9 263 -368  2
3797500 2746500  4 22 21  12.1 1008  40  3.0 0  3.7  40    0    0 255 -358  2
3797500 2746500  4 22 22  11.1 1008  71  2.6 0  3.5  42    0    0 251 -350  2
3797500 2746500  4 22 23  10.3 1008  81  2.5 0  3.6  45    0    0 248 -344  2
3797500 2746500  4 22 24   8.8 1008  69  2.1 0  3.7  50    0    0 244 -340  2
3797500 2746500  4 23  1   9.1 1008  90  2.3 0  3.9  54    0    0 242 -336  2
3797500 2746500  4 23  2   7.2 1007  88  1.8 0  4.0  59    0    0 239 -332  2
3797500 2746500  4 23  3   6.8 1007  96  1.7 0  3.9  62    0    0 233 -329  2
3797500 2746500  4 23  4   6.3 1007 106  1.3 0  3.9  64    0    0 231 -328  2
3797500 2746500  4 23  5   5.9 1006  92  1.4 0  3.8  65    0    0 228 -327  2
3797500 2746500  4 23  6   6.6 1006  79  1.6 0  3.8  64    0    0 227 -325  2
3797500 2746500  4 23  7   7.6 1006  92  1.3 1  4.1  65   41   66 231 -326  2
3797500 2746500  4 23  8  11.5 1006 101  1.2 0  4.4  59  156  120 235 -333  2
3797500 2746500  4 23  9  14.3 1006 156  1.1 0  4.5  48  279  158 239 -345  2
3797500 2746500  4 23 10  15.5 1005 108  2.4 0  4.4  42  410  177 245 -358  2
3797500 2746500  4 23 11  16.2 1005 102  3.3 0  4.2  37  522  183 250 -371  2
3797500 2746500  4 23 12  17.1 1005 129  2.4 0  4.2  35  602  177 257 -384  2
3797500 2746500  4 23 13  17.5 1004 170  1.8 0  4.1  33  634  169 263 -400  2
3797500 2746500  4 23 14  17.6 1004  65  2.4 0  3.7  30  634  149 268 -412  2
3797500 2746500  4 23 15  18.4 1004  67  2.6 1  3.5  27  565  142 274 -417  2
3797500 2746500  4 23 16  18.9 1003 122  2.2 1  3.5  26  454  132 282 -415  2
3797500 2746500  4 23 17  18.9 1003 260  2.1 2  3.7  27  226  162 286 -409  2
3797500 2746500  4 23 18  17.4 1003 177  2.8 3  4.1  32   60  129 293 -399  2
3797500 2746500  4 23 19  15.8 1003 234  2.7 4  4.6  39   12   51 297 -386  2
3797500 2746500  4 23 20  14.5 1003 243  2.0 5  4.9  46    0    3 301 -372  2
3797500 2746500  4 23 21  13.5 1004 240  1.2 5  5.1  51    0    0 300 -360  2
3797500 2746500  4 23 22  12.6 1004 235  1.0 6  5.2  55    0    0 301 -351  2
3797500 2746500  4 23 23  11.7 1004 231  1.2 6  5.3  59    0    0 302 -346  2
3797500 2746500  4 23 24  10.7 1004   0  0.0 6  5.3  63    0    0 299 -342  2
3797500 2746500  4 24  1  11.4 1004 158  0.6 8  5.3  64    0    0 304 -340  2
3797500 2746500  4 24  2  12.0 1004  77  0.9 8  5.2  61    0    0 310 -337  2
3797500 2746500  4 24  3  11.1 1004  84  0.6 8  5.3  61    0    0 310 -335  2
3797500 2746500  4 24  4  11.5 1004 109  1.3 8  5.4  64    0    0 312 -333  2
3797500 2746500  4 24  5  10.5 1004  98  1.4 6  5.5  66    0    0 305 -330  2
3797500 2746500  4 24  6  10.4 1004 109  1.6 6  5.4  68    0    1 296 -329  2
3797500 2746500  4 24  7  11.5 1004 104  1.4 3  5.5  67   45   57 287 -329  2
3797500 2746500  4 24  8  13.4 1004 100  1.5 2  5.7  63  176   85 276 -335  2
3797500 2746500  4 24  9  15.2 1004 139  1.5 2  6.1  60  350   74 277 -346  2
3797500 2746500  4 24 10  15.0 1004 199  1.9 3  6.5  60  305  176 284 -361  2
3797500 2746500  4 24 11  16.5 1004 138  4.0 5  6.7  60  113  293 298 -379  2
3797500 2746500  4 24 12  16.8 1003 120  4.2 7  6.8  57   62  308 318 -396  2
3797500 2746500  4 24 13  16.9 1003  62  3.9 8  6.6  55    2  239 333 -409  2
3797500 2746500  4 24 14  16.9 1003  98  3.3 7  6.5  54   16  270 336 -416  2
3797500 2746500  4 24 15  18.3 1002 103  3.1 6  6.6  52   46  269 333 -419  2
3797500 2746500  4 24 16  17.9 1002  94  2.8 6  6.5  49   56  229 330 -417  2
3797500 2746500  4 24 17  18.2 1001  98  3.1 5  6.2  48  134  161 325 -413  2
3797500 2746500  4 24 18  17.2 1001  63  2.9 4  6.3  49  174   62 315 -406  2
3797500 2746500  4 24 19  16.9 1001  78  2.7 7  6.5  53   28   47 321 -394  2
3797500 2746500  4 24 20  15.7 1001  66  2.4 7  6.6  56    2    9 331 -381  2
3797500 2746500  4 24 21  14.8 1001 118  3.4 7  6.8  62    0    0 326 -370  2
3797500 2746500  4 24 22  13.3 1002  98  1.2 8  7.1  70    0    0 326 -362  2
3797500 2746500  4 24 23  13.3 1002 116  1.3 8  7.2  75    0    0 329 -357  2
3797500 2746500  4 24 24  13.0 1002  93  1.1 7  7.1  74    0    0 325 -351  2
3797500 2746500  4 25  1  12.8 1001  90  0.7 8  7.0  74    0    0 323 -347  2
3797500 2746500  4 25  2  12.6 1001  82  0.6 7  7.0  75    0    0 322 -343  2
3797500 2746500  4 25  3  12.4 1001  60  0.5 8  6.9  75    0    0 321 -340  2
3797500 2746500  4 25  4  12.0 1000  62  0.3 7  6.7  75    0    0 319 -337  2
3797500 2746500  4 25  5  11.7 1000  74  0.6 8  6.8  77    0    0 319 -335  2
3797500 2746500  4 25  6  11.3 1000  80  1.3 8  6.8  79    0    0 323 -333  2
3797500 2746500  4 25  7  11.1 1000  56  0.9 7  6.8  80    0   34 319 -334  2
3797500 2746500  4 25  8  11.4 1000  54  1.3 7  6.8  80    0   98 314 -340  2
3797500 2746500  4 25  9  11.9 1000  42  2.0 7  6.6  77    4  188 315 -349  2
3797500 2746500  4 25 10  13.2 1000  73  2.6 6  6.5  71   19  292 314 -361  2
3797500 2746500  4 25 11  13.6 1000  53  2.2 6  6.6  68   14  309 314 -375  2
3797500 2746500  4 25 12  13.5 1000  98  2.7 7  6.7  68    1  249 320 -389  2
3797500 2746500  4 25 13  13.7 1000  60  2.8 7  6.6  67    0  199 324 -400  2
3797500 2746500  4 25 14  13.9 1000  47  3.0 8  6.5  65    0  195 329 -407  2
3797500 2746500  4 25 15  14.4 1000  69  2.8 8  6.4  63    0  178 333 -408  2
3797500 2746500  4 25 16  14.4 1000  61  2.8 7  6.3  60   20  267 330 -406  2
3797500 2746500  4 25 17  14.4 1000  79  3.3 5  6.3  61   42  244 317 -402  2
3797500 2746500  4 25 18  14.6 1000  56  3.4 6  6.2  60   10  135 312 -396  2
3797500 2746500  4 25 19  13.9 1001  63  2.6 7  6.2  60    3   53 320 -389  2
3797500 2746500  4 25 20  12.9 1001  72  3.5 8  6.2  64    0    6 326 -380  2
3797500 2746500  4 25 21  12.7 1002  58  2.7 8  6.2  67    0    0 327 -371  2
3797500 2746500  4 25 22  12.0 1003  72  1.8 8  6.3  69    0    0 327 -364  2
3797500 2746500  4 25 23  11.7 1003  77  2.7 8  6.4  73    0    0 326 -358  2
3797500 2746500  4 25 24  11.5 1003  81  2.0 6  6.3  73    0    0 316 -352  2
3797500 2746500  4 26  1  11.0 1004  88  2.1 7  6.2  73    0    0 310 -346  2
3797500 2746500  4 26  2  11.3 1004  63  1.6 6  6.2  75    0    0 312 -341  2
3797500 2746500  4 26  3  10.8 1004  75  1.3 5  6.4  77    0    0 304 -336  2
3797500 2746500  4 26  4  10.4 1004 251  0.8 6  6.3  79    0    0 305 -332  2
3797500 2746500  4 26  5  10.1 1005 231  1.0 7  6.3  80    0    0 317 -328  2
3797500 2746500  4 26  6  10.0 1005 234  2.0 7  6.2  80    0    1 322 -325  2
3797500 2746500  4 26  7  10.4 1005 251  1.7 8  6.1  79    0   18 326 -324  2
3797500 2746500  4 26  8  11.0 1006 233  2.0 8  6.4  79    0   51 332 -329  2
3797500 2746500  4 26  9  10.9 1006 243  3.0 8  6.6  81    0   98 335 -340  2
3797500 2746500  4 26 10  11.0 1007 230  2.7 8  6.9  83    0  132 336 -358  2
3797500 2746500  4 26 11  11.1 1007 240  2.5 8  7.0  84    0  130 338 -376  2
3797500 2746500  4 26 12  11.2 1007 216  2.7 8  7.0  84    0  134 336 -394  2
3797500 2746500  4 26 13  12.9 1008 237  3.0 7  7.0  79    1  245 331 -408  2
3797500 2746500  4 26 14  14.4 1008 265  2.3 6  6.8  69   28  331 321 -418  2
3797500 2746500  4 26 15  16.1 1007 300  2.0 4  6.9  63  119  366 310 -422  2
3797500 2746500  4 26 16  15.1 1007 213  1.5 5  6.8  62   43  277 306 -421  2
3797500 2746500  4 26 17  12.7 1007 154  1.7 8  7.0  70    0  107 318 -417  2
3797500 2746500  4 26 18  13.3 1007 118  1.9 7  7.6  81    0   92 326 -409  2
3797500 2746500  4 26 19  13.1 1007 168  2.6 7  7.7  81    0   32 321 -398  2
3797500 2746500  4 26 20  12.5 1007 169  1.4 7  7.4  80    0    3 321 -386  2
3797500 2746500  4 26 21  12.4 1007 180  0.7 7  7.1  79    0    0 320 -375  2
3797500 2746500  4 26 22  12.5 1007 162  1.1 6  7.1  78    0    0 317 -367  2
3797500 2746500  4 26 23  12.3 1007 182  1.2 6  6.9  77    0    0 313 -363  2
3797500 2746500  4 26 24  12.1 1006 159  1.0 7  6.6  74    0    0 316 -363  2
3797500 2746500  4 27  1  11.4 1006 167  2.5 8  6.6  76    0    0 323 -365  2
3797500 2746500  4 27  2  11.4 1005 175  3.0 8  6.6  78    0    0 328 -364  2
3797500 2746500  4 27  3  11.4 1005 175  3.3 8  6.7  78    0    0 329 -361  2
3797500 2746500  4 27  4  11.6 1004 219  4.4 8  6.7  79    0    0 331 -359  2
3797500 2746500  4 27  5  11.1 1005 238  4.8 8  6.8  80    0    0 334 -359  2
3797500 2746500  4 27  6  11.1 1005 220  4.5 7  6.7  81    0    1 330 -360  2
3797500 2746500  4 27  7  11.6 1005 227  5.1 8  6.7  80    0   43 331 -360  2
3797500 2746500  4 27  8  11.1 1005 234  5.7 8  6.5  77    0   94 335 -362  2
3797500 2746500  4 27  9  11.6 1006 246  6.6 8  6.3  75    0  132 334 -366  2
3797500 2746500  4 27 10  11.9 1007 248  6.5 6  6.1  71    6  220 326 -370  2
3797500 2746500  4 27 11  12.6 1007 246  6.4 5  6.2  69   71  317 313 -375  2
3797500 2746500  4 27 12  13.8 1008 249  6.0 3  6.0  64  195  342 301 -383  2
3797500 2746500  4 27 13  13.0 1008 255  5.6 3  5.7  60  317  313 290 -391  2
3797500 2746500  4 27 14  14.0 1009 260  4.7 3  5.8  60  341  284 290 -394  2
3797500 2746500  4 27 15  14.9 1009 257  4.9 3  5.7  55  369  226 292 -391  2
3797500 2746500  4 27 16  13.4 1009 256  4.4 3  5.8  57  165  246 289 -394  2
3797500 2746500  4 27 17   7.6 1010 212  5.3 6  6.0  75   17  175 289 -394  2
3797500 2746500  4 27 18   9.6 1011 229  5.1 7  5.9  85   11  113 297 -387  2
3797500 2746500  4 27 19   9.5 1011 199  1.2 6  6.1  82    1   42 302 -377  2
3797500 2746500  4 27 20   8.6 1012 200  1.4 5  6.1  85    5    9 291 -365  2
3797500 2746500  4 27 21   8.2 1012 205  1.6 1  6.0  87    0    0 266 -356  2
3797500 2746500  4 27 22   8.1 1013 183  1.0 1  5.7  85    0    0 247 -351  2
3797500 2746500  4 27 23   7.8 1013 180  1.6 1  5.6  84    0    0 246 -349  2
3797500 2746500  4 27 24   8.1 1013 181  1.9 0  5.5  83    0    0 244 -347  2
3797500 2746500  4 28  1   7.7 1014 188  1.9 0  5.4  81    0    0 242 -344  2
3797500 2746500  4 28  2   7.3 1014 171  2.1 0  5.3  82    0    0 242 -343  2
3797500 2746500  4 28  3   7.1 1014 185  1.8 0  5.3  83    0    0 242 -342  2
3797500 2746500  4 28  4   7.0 1014 202  1.8 1  5.2  84    0    0 246 -341  2
3797500 2746500  4 28  5   7.4 1014 183  1.7 2  5.3  84    0    0 255 -341  2
3797500 2746500  4 28  6   7.9 1015 193  1.9 4  5.4  82    0    1 268 -342  2
3797500 2746500  4 28  7   9.1 1015 186  1.5 5  5.5  80   25   76 283 -344  2
3797500 2746500  4 28  8  10.9 1015 186  1.7 6  5.9  77   55  160 296 -350  2
3797500 2746500  4 28  9  12.4 1015 164  1.7 6  6.3  73  134  234 307 -359  2
3797500 2746500  4 28 10  14.0 1015 215  2.5 6  6.3  66  277  267 312 -370  2
3797500 2746500  4 28 11  15.2 1015 185  2.6 6  6.1  59  279  329 314 -384  2
3797500 2746500  4 28 12  15.7 1015 202  2.6 7  6.3  58  239  377 320 -397  2
3797500 2746500  4 28 13  16.5 1015 206  2.4 6  6.3  56  232  388 322 -408  2
3797500 2746500  4 28 14  16.8 1014 163  3.1 5  6.0  51  382  315 318 -415  2
3797500 2746500  4 28 15  17.5 1014 169  2.3 5  6.2  50  308  301 319 -418  2
3797500 2746500  4 28 16  17.7 1013 160  2.4 5  6.4  51  166  278 323 -417  2
3797500 2746500  4 28 17  17.9 1013 178  2.5 5  6.0  47   88  215 325 -406  2
3797500 2746500  4 28 18  17.9 1013 201  2.4 6  5.8  45   45  138 330 -395  2
3797500 2746500  4 28 19  17.5 1013 204  1.0 6  5.7  46   42   57 335 -389  2
3797500 2746500  4 28 20  16.7 1013 161  1.3 7  5.8  48    7   12 340 -384  2
3797500 2746500  4 28 21  16.2 1013 155  0.8 7  5.9  51    0    0 343 -380  2
3797500 2746500  4 28 22  15.7 1013 171  1.0 6  6.0  53    0    0 341 -377  2
3797500 2746500  4 28 23  15.4 1013 169  1.3 6  5.9  53    0    0 338 -376  2
3797500 2746500  4 28 24  14.7 1013 170  1.7 7  5.8  54    0    0 340 -375  2
3797500 2746500  4 29  1  15.2 1013 173  1.8 7  5.9  55    0    0 345 -374  2
3797500 2746500  4 29  2  14.7 1013 184  1.5 7  5.9  56    0    0 346 -373  2
3797500 2746500  4 29  3  14.3 1013 184  1.5 4  6.1  59    0    0 330 -372  2
3797500 2746500  4 29  4  14.0 1012 193  1.2 6  6.3  63    0    0 324 -372  2
3797500 2746500  4 29  5  12.3 1012 187  1.2 7  7.0  74    0    0 339 -372  2
3797500 2746500  4 29  6  11.8 1012 175  2.3 8  7.5  86    0    1 350 -373  2
3797500 2746500  4 29  7  11.9 1012 187  2.3 8  7.8  89    0   12 358 -373  2
3797500 2746500  4 29  8  12.4 1012 206  1.6 7  8.1  91    0   59 354 -374  2
3797500 2746500  4 29  9  13.5 1012 217  2.3 8  8.6  92    0   98 358 -375  2
3797500 2746500  4 29 10  14.2 1012 229  2.9 8  9.0  90    0  138 369 -375  2
3797500 2746500  4 29 11  13.9 1012 236  2.9 8  9.1  91    0  131 371 -376  2
3797500 2746500  4 29 12  14.4 1013 225  2.6 8  9.1  90    0  130 371 -377  2
3797500 2746500  4 29 13  14.5 1013 242  2.7 8  9.2  89    0  138 373 -379  2
3797500 2746500  4 29 14  15.1 1013 257  1.7 8  9.2  88    0  152 373 -381  2
3797500 2746500  4 29 15  15.4 1013 260  2.2 8  9.3  86    0  138 373 -384  2
3797500 2746500  4 29 16  15.6 1013 234  1.6 8  9.2  84    0  120 369 -387  2
3797500 2746500  4 29 17  15.4 1013 252  1.3 7  9.1  82    0  124 361 -389  2
3797500 2746500  4 29 18  15.5 1013 226  1.3 8  9.1  83    0   82 359 -392  2
3797500 2746500  4 29 19  15.5 1013 231  1.3 7  9.2  83    1   41 357 -391  2
3797500 2746500  4 29 20  15.0 1013 208  0.8 7  9.2  85    2    9 350 -385  2
3797500 2746500  4 29 21  14.8 1013 229  0.4 7  9.3  88    0    0 347 -379  2
3797500 2746500  4 29 22  14.3 1014 197  1.0 7  9.1  88    0    0 344 -374  2
3797500 2746500  4 29 23  14.1 1014 217  1.0 7  9.0  89    0    0 343 -371  2
3797500 2746500  4 29 24  13.8 1014 185  0.2 5  8.9  89    0    0 331 -369  2
3797500 2746500  4 30  1  12.9 1013 192  1.3 7  8.7  91    0    0 328 -366  2
3797500 2746500  4 30  2  13.1 1013 213  1.0 7  8.6  92    0    0 336 -365  2
3797500 2746500  4 30  3  13.1 1013 268  0.5 8  8.6  91    0    0 341 -366  2
3797500 2746500  4 30  4  12.7 1012 110  0.8 8  8.4  91    0    0 344 -367  2
3797500 2746500  4 30  5  12.3 1012 139  0.9 7  8.2  91    0    0 335 -366  2
3797500 2746500  4 30  6  12.9 1012 118  1.0 6  8.4  92    0    2 323 -367  2
3797500 2746500  4 30  7  13.6 1012 128  0.8 8  8.8  92    0   21 330 -369  2
3797500 2746500  4 30  8  14.3 1011 176  0.9 7  9.2  92   14  141 337 -376  2
3797500 2746500  4 30  9  15.6 1011 185  1.4 7  9.6  90   20  212 334 -385  2
3797500 2746500  4 30 10  16.2 1011 176  1.3 7  9.7  85    8  236 336 -396  2
3797500 2746500  4 30 11  17.2 1011 231  1.9 7  9.5  80    8  262 338 -407  2
3797500 2746500  4 30 12  17.7 1010 264  1.8 7  9.2  74   13  289 340 -418  2
3797500 2746500  4 30 13  18.1 1010 261  2.1 7  8.7  68   27  324 341 -426  2
3797500 2746500  4 30 14  18.5 1010 245  1.4 7  8.3  63   41  330 344 -430  2
3797500 2746500  4 30 15  19.4 1009 305  1.2 6  8.2  60   83  325 343 -429  2
3797500 2746500  4 30 16  19.3 1009 271  1.2 6  8.2  58   75  276 344 -425  2
3797500 2746500  4 30 17  19.9 1008 247  1.2 6  8.2  57   76  214 345 -423  2
3797500 2746500  4 30 18  19.9 1007 343  0.6 6  8.3  57   76  135 346 -419  2
3797500 2746500  4 30 19  18.6 1007 349  0.7 6  8.3  59   31   59 345 -413  2
3797500 2746500  4 30 20  17.6 1007  14  1.2 7  8.8  67    0    8 347 -404  2
3797500 2746500  4 30 21  16.9 1006  55  1.3 7  9.2  74    0    0 350 -395  2
3797500 2746500  4 30 22  15.9 1006  60  1.4 3  9.2  78    0    0 333 -391  2
3797500 2746500  4 30 23  15.2 1007  89  1.3 2  9.0  81    0    0 310 -389  2
3797500 2746500  4 30 24  14.8 1006 100  1.6 3  9.0  84    0    0 312 -387  2
3797500 2746500  5  1  1  14.3 1006 101  1.0 2  9.2  90    0    0 320 -388  2
3797500 2746500  5  1  2  13.7 1006  76  0.9 2  9.0  90    0    0 315 -388  2
3797500 2746500  5  1  3  12.3 1006  97  0.8 2  8.9  94    0    0 310 -387  2
3797500 2746500  5  1  4  12.3 1006 105  1.0 1  8.7  97    0    0 302 -387  2
3797500 2746500  5  1  5  12.5 1005 103  1.1 1  8.6  95    0    0 301 -389  2
3797500 2746500  5  1  6  12.6 1005  93  1.2 1  8.6  93    0   18 306 -390  2
3797500 2746500  5  1  7  14.5 1005 112  1.0 0  9.0  92   41   95 306 -392  2
3797500 2746500  5  1  8  17.5 1005  92  0.8 1  9.9  86  142  159 312 -396  2
3797500 2746500  5  1  9  20.1 1005 112  1.7 1 10.3  75  283  187 322 -403  2
3797500 2746500  5  1 10  22.0 1005 123  1.9 1 10.6  67  435  188 332 -410  2
3797500 2746500  5  1 11  23.7 1004 166  2.2 1 10.5  60  549  190 345 -415  2
3797500 2746500  5  1 12  25.1 1004 196  2.0 0 10.1  52  617  192 353 -418  2
3797500 2746500  5  1 13  25.9 1004 148  2.9 0 10.3  50  649  185 356 -420  2
3797500 2746500  5  1 14  27.1 1003 186  2.6 1 10.3  47  618  182 362 -417  2
3797500 2746500  5  1 15  27.3 1003 153  3.1 3 10.1  44  524  186 372 -419  2
3797500 2746500  5  1 16  28.1 1003 171  3.1 3  9.6  41  459  152 376 -427  2
3797500 2746500  5  1 17  28.3 1002 173  3.0 5  9.1  38  202  185 382 -432  2
3797500 2746500  5  1 18  27.9 1002 170  2.9 5  8.6  36   94  139 387 -430  2
3797500 2746500  5  1 19  26.7 1002 160  2.6 4  7.9  35   57   75 377 -424  2
3797500 2746500  5  1 20  25.1 1002 162  2.7 5  7.6  36    2   18 370 -418  2
3797500 2746500  5  1 21  24.6 1002 166  2.8 6  7.3  37    0    0 372 -412  2
3797500 2746500  5  1 22  24.4 1003 170  2.7 4  7.5  38    0    0 367 -409  2
3797500 2746500  5  1 23  23.3 1003 169  3.2 4  7.7  41    0    0 356 -408  2
3797500 2746500  5  1 24  22.6 1003 178  2.8 5  8.0  45    0    0 358 -406  2
3797500 2746500  5  2  1  22.4 1004 196  2.8 4  8.0  46    0    0 357 -402  2
3797500 2746500  5  2  2  22.0 1003 194  2.7 3  7.8  46    0    0 347 -400  2
3797500 2746500  5  2  3  20.9 1003 213  2.1 3  7.7  48    0    0 339 -398  2
3797500 2746500  5  2  4  19.6 1003 230  1.9 4  7.7  51    0    0 341 -395  2
3797500 2746500  5  2  5  19.7 1003 196  1.8 5  7.6  53    0    0 349 -392  2
3797500 2746500  5  2  6  19.3 1003 177  1.9 5  7.6  53    0   20 355 -391  2
3797500 2746500  5  2  7  20.3 1003 182  1.5 4  7.9  54    1   69 351 -390  2
3797500 2746500  5  2  8  20.0 1004 238  2.4 6  8.4  56    5  130 357 -390  2
3797500 2746500  5  2  9  21.1 1004 192  1.2 5  9.0  59   58  241 360 -390  2
3797500 2746500  5  2 10  22.6 1004 142  2.4 4 10.1  61  236  295 358 -391  2
3797500 2746500  5  2 11  23.2 1003 231  1.8 5 10.6  60  321  319 365 -392  2
3797500 2746500  5  2 12  22.7 1004 272  3.3 4 10.4  58  534  252 369 -399  2
3797500 2746500  5  2 13  23.4 1004 250  2.4 5 10.5  59  452  308 373 -410  2
3797500 2746500  5  2 14  24.1 1004 245  2.4 5 10.5  56  388  319 379 -419  2
3797500 2746500  5  2 15  23.6 1004 251  3.7 4 10.4  56  258  318 377 -421  2
3797500 2746500  5  2 16  21.9 1005 231  2.8 6 10.2  58    0  153 375 -417  2
3797500 2746500  5  2 17  23.0 1005 212  2.3 6 10.2  60   25  183 382 -414  2
3797500 2746500  5  2 18  22.7 1005 223  2.8 5 10.2  58   52  141 378 -411  2
3797500 2746500  5  2 19  21.9 1005 222  2.0 6  9.7  57   13   66 373 -407  2
3797500 2746500  5  2 20  20.2 1005 262  2.2 6  9.9  63    5   20 371 -401  2
3797500 2746500  5  2 21  18.8 1006 356  2.7 7 10.2  71    0    0 370 -392  2
3797500 2746500  5  2 22  18.1 1007  60  1.3 6 10.2  76    0    0 365 -385  2
3797500 2746500  5  2 23  17.2 1007  28  0.9 6  9.9  77    0    0 357 -380  2
3797500 2746500  5  2 24  16.7 1008 348  1.2 7  9.7  80    0    0 360 -376  2
3797500 2746500  5  3  1  15.8 1008  37  0.8 3  9.7  83    0    0 341 -372  2
3797500 2746500  5  3  2  15.1 1008  90  0.7 3  9.6  87    0    0 318 -370  2
3797500 2746500  5  3  3  15.1 1007 121  1.1 4  9.5  88    0    0 321 -371  2
3797500 2746500  5  3  4  14.8 1007 102  0.9 3  9.6  90    0    0 320 -371  2
3797500 2746500  5  3  5  14.7 1007  91  1.1 4  9.6  91    0    0 319 -372  2
3797500 2746500  5  3  6  14.4 1006  79  1.0 5  9.3  89    1   24 327 -375  2
3797500 2746500  5  3  7  15.1 1006 156  1.1 5  9.3  88    0   41 332 -378  2
3797500 2746500  5  3  8  16.3 1006 145  1.5 5  9.5  85   22  162 334 -384  2
3797500 2746500  5  3  9  16.8 1005  65  2.3 6  9.5  80    5  179 342 -393  2
3797500 2746500  5  3 10  15.5 1005 186  4.3 7  9.3  80    0   83 350 -404  2
3797500 2746500  5  3 11  15.7 1005 205  3.1 7  9.3  83    0  137 354 -409  2
3797500 2746500  5  3 12  16.8 1005 200  3.2 6  9.6  83    8  263 353 -410  2
3797500 2746500  5  3 13  16.9 1005 201  2.5 7  9.7  80   12  270 355 -414  2
3797500 2746500  5  3 14  17.8 1005 205  2.5 7  9.7  77   49  307 362 -416  2
3797500 2746500  5  3 15  15.2 1005 250  4.2 7  9.7  82   13  236 359 -414  2
3797500 2746500  5  3 16  15.4 1005 211  2.4 7  9.5  86    0  140 353 -412  2
3797500 2746500  5  3 17  16.9 1005 224  3.4 6  9.4  81   22  184 349 -412  2
3797500 2746500  5  3 18  17.5 1005 217  3.2 4  9.5  77   43  140 338 -411  2
3797500 2746500  5  3 19  17.5 1004 244  2.4 4  9.1  72   40   76 328 -406  2
3797500 2746500  5  3 20  16.7 1005 259  1.5 6  8.3  67    0    6 331 -397  2
3797500 2746500  5  3 21  15.7 1005 284  0.4 5  7.8  68    0    0 331 -390  2
3797500 2746500  5  3 22  14.1 1006 183  0.7 6  7.8  73    0    0 328 -386  2
3797500 2746500  5  3 23  13.7 1005 151  1.8 6  7.8  78    0    0 331 -385  2
3797500 2746500  5  3 24  13.4 1006 169  2.5 7  7.9  81    0    0 336 -384  2
3797500 2746500  5  4  1  13.4 1006 167  2.6 8  7.9  82    0    0 347 -383  2
3797500 2746500  5  4  2  13.4 1006 199  2.7 7  8.0  83    0    0 349 -382  2
3797500 2746500  5  4  3  13.1 1005 214  2.2 6  8.0  84    0    0 339 -380  2
3797500 2746500  5  4  4  13.0 1005 212  2.0 7  8.0  85    0    0 340 -379  2
3797500 2746500  5  4  5  12.8 1005 223  2.0 8  8.0  86    0    0 349 -377  2
3797500 2746500  5  4  6  12.9 1005 228  2.3 8  8.1  86    0   10 355 -373  2
3797500 2746500  5  4  7  12.9 1005 235  1.8 8  8.1  87    0   32 355 -372  2
3797500 2746500  5  4  8  13.0 1005 226  2.1 8  8.2  88    0   55 357 -376  2
3797500 2746500  5  4  9  12.5 1005 267  2.3 8  8.1  88    0  124 358 -383  2
3797500 2746500  5  4 10  13.3 1005 247  3.1 7  7.9  84   31  256 354 -389  2
3797500 2746500  5  4 11  14.4 1006 243  3.0 5  7.6  76  178  297 343 -395  2
3797500 2746500  5  4 12  14.6 1005 271  2.2 6  7.5  72   77  302 342 -403  2
3797500 2746500  5  4 13  15.2 1005 260  2.5 6  7.4  70   93  308 348 -407  2
3797500 2746500  5  4 14  15.0 1005 247  1.8 8  7.6  70    2  217 356 -403  2
3797500 2746500  5  4 15  16.1 1005 248  2.5 7  7.7  69    0  168 360 -399  2
3797500 2746500  5  4 16  15.1 1005 299  2.2 6  7.6  68   53  220 350 -395  2
3797500 2746500  5  4 17  15.7 1006 308  1.3 6  7.4  67   43  179 344 -390  2
3797500 2746500  5  4 18  14.4 1006 313  1.6 7  7.7  72   33  120 346 -385  2
3797500 2746500  5  4 19  13.7 1006 323  0.5 7  8.2  82    8   57 349 -375  2
3797500 2746500  5  4 20  13.1 1006 333  1.5 7  8.0  83    0    9 349 -364  2
3797500 2746500  5  4 21  12.8 1007 334  1.3 8  7.9  84    0    0 353 -356  2
3797500 2746500  5  4 22  13.3 1007 313  1.4 8  8.1  86    0    0 360 -351  2
3797500 2746500  5  4 23  12.9 1008 349  2.8 8  8.1  86    0    0 360 -348  2
3797500 2746500  5  4 24  12.2 1008 352  3.0 7  7.8  86    0    0 353 -345  2
3797500 2746500  5  5  1  11.1 1009 354  2.9 8  7.3  85    0    0 348 -343  2
3797500 2746500  5  5  2  10.1 1009 352  3.7 8  6.7  84    0    0 348 -340  2
3797500 2746500  5  5  3   9.3 1010 345  3.2 6  6.2  83    0    0 330 -338  2
3797500 2746500  5  5  4   8.3 1010 356  2.7 6  5.7  81    0    0 310 -336  2
3797500 2746500  5  5  5   7.9 1011 344  2.8 6  5.2  77    0    0 303 -335  2
3797500 2746500  5  5  6   7.0 1011 345  2.9 6  5.0  77    0   15 297 -335  2
3797500 2746500  5  5  7   6.9 1012   9  3.3 4  4.8  78   19   94 281 -337  2
3797500 2746500  5  5  8   7.8 1012 346  3.1 4  4.8  75   99  177 268 -342  2
3797500 2746500  5  5  9  10.1 1012 326  2.7 4  4.9  68  254  210 272 -352  2
3797500 2746500  5  5 10  11.3 1012 297  2.9 5  5.0  62  347  248 283 -362  2
3797500 2746500  5  5 11  12.0 1012 267  2.8 6  4.9  57  329  318 297 -372  2
3797500 2746500  5  5 12  12.3 1012 271  3.6 6  4.7  53  236  373 305 -383  2
3797500 2746500  5  5 13  12.9 1012 289  2.7 6  4.4  49  299  369 308 -390  2
3797500 2746500  5  5 14  13.1 1012 296  3.3 5  4.1  44  306  350 306 -395  2
3797500 2746500  5  5 15  13.1 1011 320  2.5 7  4.1  44  103  306 313 -396  2
3797500 2746500  5  5 16  12.4 1011 324  4.4 7  3.8  42   26  222 323 -391  2
3797500 2746500  5  5 17  13.1 1011 261  2.0 8  3.4  37    1  137 328 -387  2
3797500 2746500  5  5 18  13.2 1011 268  3.6 7  3.4  37    4  102 334 -386  2
3797500 2746500  5  5 19  12.6 1010 276  2.7 7  3.7  40   11   66 332 -385  2
3797500 2746500  5  5 20  11.9 1010 294  2.6 8  3.9  44    0   14 337 -383  2
3797500 2746500  5  5 21  11.6 1010 258  1.9 8  4.2  49    0    0 343 -379  2
3797500 2746500  5  5 22  11.5 1010 237  2.8 8  4.3  51    0    0 343 -376  2
3797500 2746500  5  5 23  11.4 1009 234  2.3 8  4.6  55    0    0 345 -373  2
3797500 2746500  5  5 24  11.1 1009 240  2.5 8  5.0  60    0    0 347 -370  2
3797500 2746500  5  6  1  10.5 1008 241  2.6 8  5.5  68    0    0 348 -367  2
3797500 2746500  5  6  2   9.5 1008 232  2.3 8  6.3  82    0    0 347 -366  2
3797500 2746500  5  6  3   9.8 1007 236  2.8 7  6.7  89    0    0 343 -366  2
3797500 2746500  5  6  4  10.3 1007 249  3.2 8  7.0  90    0    0 346 -366  2
3797500 2746500  5  6  5  10.6 1006 252  2.8 8  7.2  90    0    0 352 -364  2
3797500 2746500  5  6  6  10.8 1006 250  3.3 7  7.3  90    0   18 347 -362  2
3797500 2746500  5  6  7  11.0 1005 279  2.8 6  7.2  88    9   73 335 -363  2
3797500 2746500  5  6  8  11.5 1005 272  4.0 5  6.9  83   59  144 322 -367  2
3797500 2746500  5  6  9  11.5 1006 282  4.3 3  6.4  75  243  150 305 -370  2
3797500 2746500  5  6 10  12.1 1006 290  3.1 4  5.8  67  244  213 301 -373  2
3797500 2746500  5  6 11  12.7 1006 296  4.5 5  5.5  61  173  265 314 -380  2
3797500 2746500  5  6 12  12.9 1006 270  4.6 5  5.4  58  221  266 320 -389  2
3797500 2746500  5  6 13  12.2 1006 291  4.7 5  5.4  60  138  283 317 -398  2
3797500 2746500  5  6 14  12.0 1006 275  5.1 8  5.4  60    1  205 323 -401  2
3797500 2746500  5  6 15  12.3 1006 287  4.3 6  5.3  60   56  242 324 -393  2
3797500 2746500  5  6 16  12.1 1006 301  4.2 5  5.2  59   86  207 313 -389  2
3797500 2746500  5  6 17  12.8 1007 278  3.0 5  4.9  54   76  164 307 -390  2
3797500 2746500  5  6 18  11.9 1007 311  3.7 5  4.8  53   63  111 304 -387  2
3797500 2746500  5  6 19  11.3 1007 312  3.9 3  4.7  55   88   41 293 -382  2
3797500 2746500  5  6 20  10.2 1007 315  2.1 3  4.6  56   20   17 280 -375  2
3797500 2746500  5  6 21   8.9 1008 269  1.1 3  4.6  62    0    0 274 -366  2
3797500 2746500  5  6 22   8.6 1008 256  1.8 4  4.7  67    0    0 274 -359  2
3797500 2746500  5  6 23   8.0 1008 228  1.3 4  4.8  70    0    0 275 -353  2
3797500 2746500  5  6 24   8.3 1008 207  1.6 5  4.9  72    0    0 278 -349  2
3797500 2746500  5  7  1   9.0 1007 211  2.6 7  5.2  74    0    0 291 -347  2
3797500 2746500  5  7  2   9.3 1006 207  2.5 8  5.3  73    0    0 304 -347  2
3797500 2746500  5  7  3   9.7 1005 228  1.9 7  5.3  71    0    0 306 -347  2
3797500 2746500  5  7  4   9.5 1004 197  1.2 8  5.4  72    0    0 310 -348  2
3797500 2746500  5  7  5   9.0 1003 207  1.0 8  5.7  77    0    0 318 -349  2
3797500 2746500  5  7  6   8.5 1002 213  1.7 8  5.9  84    0    6 320 -350  2
3797500 2746500  5  7  7   8.7 1001 220  3.0 8  6.1  87    0   20 323 -351  2
3797500 2746500  5  7  8   8.8 1000 224  3.3 7  6.2  87    0   48 320 -355  2
3797500 2746500  5  7  9   8.9 1000 225  2.8 7  6.3  88    0  120 319 -363  2
3797500 2746500  5  7 10   9.0  999 210  2.1 7  6.3  87    0  146 322 -371  2
3797500 2746500  5  7 11   9.5  998 210  2.1 8  6.3  86    0  135 331 -376  2
3797500 2746500  5  7 12   9.7  997 245  2.2 7  6.4  84    0  135 333 -384  2
3797500 2746500  5  7 13  11.2  997 267  2.2 6  6.5  82    4  257 326 -391  2
3797500 2746500  5  7 14  11.9  996 275  4.0 5  6.8  79   33  313 320 -392  2
3797500 2746500  5  7 15   8.6  996 342  6.2 7  6.3  79    0  177 317 -395  2
3797500 2746500  5  7 16   8.2  997 316  4.8 7  5.6  80    1  171 316 -389  2
3797500 2746500  5  7 17   8.2  999 307  6.0 6  5.4  79   19  189 309 -382  2
3797500 2746500  5  7 18   8.6  999 269  2.7 6  5.4  78    6  112 302 -378  2
3797500 2746500  5  7 19   7.6 1000 311  2.1 2  5.4  79   33   87 282 -368  2
3797500 2746500  5  7 20   7.3 1001 298  1.6 4  5.1  78   12   30 269 -362  2
3797500 2746500  5  7 21   6.9 1001 297  1.5 3  5.0  79    0    0 269 -356  2
3797500 2746500  5  7 22   6.5 1002 288  1.4 3  4.9  80    0    0 262 -352  2
3797500 2746500  5  7 23   7.2 1003 276  1.6 4  5.4  82    0    0 260 -351  2
3797500 2746500  5  7 24   8.2 1003 266  1.9 4  6.0  84    0    0 257 -349  2
3797500 2746500  5  8  1   9.6 1001 259  2.2 6  6.8  86    0    0 361 -381  2
3797500 2746500  5  8  2  10.6 1001 249  2.3 7  7.3  88    0    0 352 -379  2
3797500 2746500  5  8  3  11.4 1002 242  2.5 8  7.7  90    0    0 343 -377  2
3797500 2746500  5  8  4  11.3 1002 243  2.7 8  7.6  90    0    0 350 -374  2
3797500 2746500  5  8  5  11.5 1002 246  2.9 8  7.7  90    0    0 357 -372  2
3797500 2746500  5  8  6  11.4 1003 257  3.0 7  7.7  90    0    7 352 -370  2
3797500 2746500  5  8  7  11.9 1003 249  3.5 8  7.6  88    3   75 352 -369  2
3797500 2746500  5  8  8  12.0 1003 249  4.3 7  7.4  84   12  150 349 -371  2
3797500 2746500  5  8  9  12.4 1004 249  4.1 7  7.1  79    8  189 339 -378  2
3797500 2746500  5  8 10  12.6 1004 252  4.5 8  6.8  74    3  208 342 -390  2
3797500 2746500  5  8 11  13.1 1004 250  5.2 7  6.8  73   13  274 342 -403  2
3797500 2746500  5  8 12  13.1 1004 241  4.7 7  6.6  69    1  234 337 -413  2
3797500 2746500  5  8 13  12.5 1004 242  4.5 8  6.5  69    0  212 340 -415  2
3797500 2746500  5  8 14  13.3 1003 239  4.7 8  6.4  69    0  210 343 -413  2
3797500 2746500  5  8 15  12.7 1003 255  3.5 8  6.4  68    0  180 343 -411  2
3797500 2746500  5  8 16  13.7 1003 246  4.3 7  6.7  70   12  219 340 -411  2
3797500 2746500  5  8 17  13.6 1002 247  4.7 7  6.8  69   14  179 337 -408  2
3797500 2746500  5  8 18  13.6 1002 247  5.1 8  7.0  72    2  102 342 -400  2
3797500 2746500  5  8 19  13.3 1002 234  2.6 7  7.5  77   14   71 343 -394  2
3797500 2746500  5  8 20  13.2 1001 259  5.3 7  7.5  78    0   15 338 -389  2
3797500 2746500  5  8 21  12.9 1002 249  4.8 7  7.1  75    0    0 337 -385  2
3797500 2746500  5  8 22  12.6 1003 235  3.7 6  7.0  76    0    0 331 -382  2
3797500 2746500  5  8 23  11.6 1003 258  3.7 6  7.2  81    0    0 324 -380  2
3797500 2746500  5  8 24  11.5 1004 256  3.8 6  7.4  87    0    0 325 -376  2
3797500 2746500  5  9  1  11.4 1004 250  4.0 7  7.6  89    0    0 332 -374  2
3797500 2746500  5  9  2  11.5 1004 242  3.3 7  7.5  88    0    0 339 -372  2
3797500 2746500  5  9  3  10.0 1004 241  3.3 6  7.1  87    0    0 332 -371  2
3797500 2746500  5  9  4  10.0 1005 241  2.5 8  6.8  88    0    0 336 -371  2
3797500 2746500  5  9  5   9.9 1005 249  1.9 8  6.9  89    0    0 347 -371  2
3797500 2746500  5  9  6  10.3 1005 250  2.0 8  7.0  90    0    5 348 -370  2
3797500 2746500  5  9  7  10.4 1006 240  1.4 8  7.1  90    0   19 349 -369  2
3797500 2746500  5  9  8  10.6 1006 229  1.7 8  7.1  90    0   60 350 -369  2
3797500 2746500  5  9  9  10.7 1006 240  2.3 8  7.2  89    0   93 351 -371  2
3797500 2746500  5  9 10  10.8 1007 249  2.6 8  7.2  89    0  111 350 -378  2
3797500 2746500  5  9 11  11.3 1007 242  2.4 8  7.2  88    0  151 351 -386  2
3797500 2746500  5  9 12  12.2 1007 234  2.8 7  7.4  86    3  240 349 -392  2
3797500 2746500  5  9 13  13.1 1007 242  2.1 6  7.5  82   59  326 341 -395  2
3797500 2746500  5  9 14  12.9 1007 234  2.6 6  7.4  78   45  301 335 -398  2
3797500 2746500  5  9 15  13.5 1007 229  2.0 6  7.3  77   50  278 335 -403  2
3797500 2746500  5  9 16  13.7 1007 213  3.0 6  7.4  75   55  241 334 -402  2
3797500 2746500  5  9 17  13.9 1007 218  3.0 6  7.3  74    7  157 333 -394  2
3797500 2746500  5  9 18  13.8 1007 226  2.9 7  7.4  74    1   89 337 -386  2
3797500 2746500  5  9 19  13.2 1007 230  2.5 7  7.5  78    0   33 340 -383  2
3797500 2746500  5  9 20  12.9 1007 219  2.3 7  7.7  82    0    4 339 -380  2
3797500 2746500  5  9 21  12.6 1007 222  3.1 8  7.8  84    0    0 342 -378  2
3797500 2746500  5  9 22  12.4 1007 214  3.3 8  8.2  90    0    0 347 -377  2
3797500 2746500  5  9 23  13.3 1006 240  3.8 8  8.5  91    0    0 348 -377  2
3797500 2746500  5  9 24  13.4 1006 240  3.8 7  8.3  86    0    0 343 -377  2
3797500 2746500  5 10  1  12.9 1005 229  3.9 7  8.3  87    0    0 336 -376  2
3797500 2746500  5 10  2  13.2 1004 220  3.7 8  8.4  89    0    0 341 -375  2
3797500 2746500  5 10  3  13.7 1003 231  4.5 7  8.5  88    0    0 342 -375  2
3797500 2746500  5 10  4  13.7 1003 231  3.8 8  8.6  87    0    0 343 -375  2
3797500 2746500  5 10  5  14.0 1003 250  4.9 8  8.4  84    0    0 350 -375  2
3797500 2746500  5 10  6  13.6 1002 250  4.4 8  8.2  82    0    4 353 -375  2
3797500 2746500  5 10  7  13.0 1003 231  3.6 8  8.4  87    0   24 355 -376  2
3797500 2746500  5 10  8  13.2 1003 231  3.8 8  8.5  89    0   39 357 -377  2
3797500 2746500  5 10  9  12.7 1003 229  4.7 8  8.4  89    0   73 356 -378  2
3797500 2746500  5 10 10  12.7 1003 227  5.0 8  8.5  91    0  109 355 -379  2
3797500 2746500  5 10 11  13.5 1003 237  5.2 8  8.5  90    0  129 356 -379  2
3797500 2746500  5 10 12  14.3 1003 235  5.0 8  8.6  86    0  155 355 -380  2
3797500 2746500  5 10 13  14.4 1003 241  5.4 8  8.7  84    0  148 354 -381  2
3797500 2746500  5 10 14  15.7 1002 229  5.8 7  8.7  80   36  272 351 -381  2
3797500 2746500  5 10 15  16.0 1002 218  5.7 7  9.2  80   70  249 350 -379  2
3797500 2746500  5 10 16  16.4 1002 230  5.0 6  9.3  80  350   93 349 -378  2
3797500 2746500  5 10 17  16.6 1001 227  3.9 7  8.9  75  122  143 348 -378  2
3797500 2746500  5 10 18  16.5 1000 238  3.8 8  8.7  73   18  108 355 -378  2
3797500 2746500  5 10 19  16.4 1000 235  3.0 7  8.7  74   20   56 354 -378  2
3797500 2746500  5 10 20  15.6  999 235  2.7 7  8.9  77   10   13 352 -376  2
3797500 2746500  5 10 21  15.4  999 216  2.2 7  8.8  79    0    0 352 -373  2
3797500 2746500  5 10 22  14.6  998 164  2.1 7  8.7  81    0    0 351 -371  2
3797500 2746500  5 10 23  15.0  997 323  3.7 7  8.8  82    0    0 350 -371  2
3797500 2746500  5 10 24  14.5  995 296  2.0 8  8.8  83    0    0 354 -371  2
3797500 2746500  5 11  1  13.8  995 237  2.3 7  8.8  86    0    0 353 -372  2
3797500 2746500  5 11  2  14.0  994 238  2.4 7  8.9  88    0    0 350 -373  2
3797500 2746500  5 11  3  13.2  994 230  2.4 7  9.0  91    0    0 350 -374  2
3797500 2746500  5 11  4  13.5  993 220  4.2 7  8.9  91    0    0 350 -375  2
3797500 2746500  5 11  5  13.7  992 215  4.1 7  8.6  87    0    0 349 -377  2
3797500 2746500  5 11  6  13.6  992 228  4.2 7  8.5  85    0    7 348 -378  2
3797500 2746500  5 11  7  14.1  991 232  5.1 8  8.2  81    0   48 353 -379  2
3797500 2746500  5 11  8  13.7  991 235  6.1 8  7.9  78    0   70 359 -379  2
3797500 2746500  5 11  9  13.2  992 230  6.7 8  7.7  78    0   98 357 -377  2
3797500 2746500  5 11 10  13.0  992 235  6.8 8  7.4  77    0  126 356 -377  2
3797500 2746500  5 11 11  12.0  993 229  7.4 8  7.2  78    0  117 353 -377  2
3797500 2746500  5 11 12  11.0  994 237  6.5 8  7.4  86    0   93 350 -382  2
3797500 2746500  5 11 13  10.7  996 255  5.2 8  7.6  92    0  104 347 -387  2
3797500 2746500  5 11 14  11.0  999 240  2.5 8  7.2  88    0  135 344 -389  2
3797500 2746500  5 11 15  12.5 1000 259  2.3 8  7.1  82    0  154 347 -390  2
3797500 2746500  5 11 16  11.4 1001 244  5.4 8  7.2  81    0  146 346 -395  2
3797500 2746500  5 11 17  10.8 1001 244  4.2 8  7.0  84    0  112 342 -395  2
3797500 2746500  5 11 18  10.9 1001 247  2.3 8  7.0  86    4  101 339 -390  2
3797500 2746500  5 11 19  11.6 1001 188  1.7 6  7.3  86  104   46 328 -386  2
3797500 2746500  5 11 20  11.1 1001 180  1.8 4  7.4  87   17   17 299 -382  2
3797500 2746500  5 11 21  10.6 1001 165  1.6 5  7.1  87    0    0 290 -376  2
3797500 2746500  5 11 22  11.7 1002 225  1.7 5  7.0  83    0    0 300 -371  2
3797500 2746500  5 11 23  11.4 1001 170  1.9 5  6.9  80    0    0 303 -370  2
3797500 2746500  5 11 24  11.9 1001 172  2.8 6  6.8  78    0    0 310 -370  2
3797500 2746500  5 12  1  11.1 1000 165  2.7 8  6.8  80    0    0 331 -369  2
3797500 2746500  5 12  2  10.4  999 196  4.0 8  7.0  86    0    0 344 -369  2
3797500 2746500  5 12  3  10.8  997 167  4.5 8  7.2  89    0    0 345 -369  2
3797500 2746500  5 12  4  11.0  996 172  4.1 8  7.3  89    0    0 347 -368  2
3797500 2746500  5 12  5  11.4  996 250  5.5 7  7.5  89    0    1 343 -367  2
3797500 2746500  5 12  6  11.5  996 242  4.9 7  7.5  88    0   30 339 -366  2
3797500 2746500  5 12  7  11.9  997 232  4.1 6  7.6  88    3   78 333 -368  2
3797500 2746500  5 12  8  12.4  998 219  5.1 6  7.7  85   18  162 327 -374  2
3797500 2746500  5 12  9  12.9  999 229  5.4 5  7.7  82   59  258 324 -383  2
3797500 2746500  5 12 10  12.7  999 230  4.9 7  7.8  83    0  180 331 -390  2
3797500 2746500  5 12 11  13.1  999 229  5.1 7  8.0  84    0  195 342 -398  2
3797500 2746500  5 12 12  14.2 1000 237  5.1 5  8.1  82   65  366 338 -408  2
3797500 2746500  5 12 13  15.2 1000 232  5.0 7  8.1  77    8  283 341 -417  2
3797500 2746500  5 12 14  12.5 1000 233  1.9 7  8.3  83   10  279 342 -423  2
3797500 2746500  5 12 15  15.4 1001 232  6.5 4  8.0  79  210  359 331 -421  2
3797500 2746500  5 12 16  14.3 1001 236  5.5 5  7.4  70   75  284 325 -418  2
3797500 2746500  5 12 17  15.2 1002 260  4.6 5  7.3  69   67  223 325 -417  2
3797500 2746500  5 12 18  15.5 1002 247  3.6 6  7.3  66   70  160 330 -407  2
3797500 2746500  5 12 19  15.6 1002 252  3.6 7  7.2  64   15   78 337 -397  2
3797500 2746500  5 12 20  15.0 1002 248  2.6 7  7.2  66    3   20 340 -391  2
3797500 2746500  5 12 21  14.6 1003 195  1.2 6  7.4  70    0    0 336 -385  2
3797500 2746500  5 12 22  13.9 1004 216  2.2 6  7.6  75    0    0 332 -380  2
3797500 2746500  5 12 23  13.5 1004 218  2.0 5  7.8  79    0    0 326 -377  2
3797500 2746500  5 12 24  13.6 1004 196  1.6 3  7.8  79    0    0 315 -375  2
3797500 2746500  5 13  1  13.4 1004 192  1.7 4  7.6  78    0    0 311 -373  2
3797500 2746500  5 13  2  14.0 1004 222  2.4 4  7.6  77    0    0 318 -370  2
3797500 2746500  5 13  3  13.1 1004 164  1.9 3  7.6  78    0    0 314 -368  2
3797500 2746500  5 13  4  13.1 1004  80  1.2 6  7.6  80    0    0 322 -367  2
3797500 2746500  5 13  5  12.7 1003 345  1.3 5  7.5  80    0    0 329 -367  2
3797500 2746500  5 13  6  13.4 1003 107  2.7 6  7.5  79    0   23 329 -369  2
3797500 2746500  5 13  7  14.1 1003 149  3.6 6  7.5  76   21  103 334 -373  2
3797500 2746500  5 13  8  15.4 1003 167  3.4 6  7.7  72   54  187 336 -378  2
3797500 2746500  5 13  9  16.7 1002 166  2.6 6  8.1  70   47  249 339 -389  2
3797500 2746500  5 13 10  17.1 1002 145  3.1 6  8.4  69   21  268 342 -404  2
3797500 2746500  5 13 11  17.8 1001 159  4.4 6  8.3  66   25  302 346 -418  2
3797500 2746500  5 13 12  18.1 1000 166  3.7 7  8.4  64    1  242 353 -419  2
3797500 2746500  5 13 13  17.2 1000 166  4.3 7  8.7  68    0  215 358 -410  2
3797500 2746500  5 13 14  17.2  999 136  3.4 7  9.1  73   20  301 357 -404  2
3797500 2746500  5 13 15  19.6  998 133  4.1 7  9.1  67  145  351 362 -405  2
3797500 2746500  5 13 16  20.3  997 151  5.3 6  9.1  61  277  280 364 -412  2
3797500 2746500  5 13 17  20.8  996 136  4.5 5  9.1  59  150  231 358 -418  2
3797500 2746500  5 13 18  20.8  995 172  3.7 7  9.2  59    0   57 362 -422  2
3797500 2746500  5 13 19  20.1  994 165  5.8 7  9.5  62    0   16 369 -419  2
3797500 2746500  5 13 20  16.6  995 170  2.2 7 10.0  74    0    3 365 -411  2
3797500 2746500  5 13 21  17.2  996 214  4.2 8 10.1  82    0    0 368 -406  2
3797500 2746500  5 13 22  16.5  997 196  3.4 7  9.7  79    0    0 369 -403  2
3797500 2746500  5 13 23  16.0  997 202  2.6 7  8.9  75    0    0 363 -400  2
3797500 2746500  5 13 24  15.7  998 194  2.9 7  8.1  71    0    0 359 -397  2
3797500 2746500  5 14  1  15.1  999 176  3.2 4  7.8  70    0    0 339 -394  2
3797500 2746500  5 14  2  14.8  999 181  4.0 4  7.6  71    0    0 318 -391  2
3797500 2746500  5 14  3  14.7  998 177  3.9 3  7.5  70    0    0 309 -384  2
3797500 2746500  5 14  4  15.7  998 181  2.7 4  7.2  65    0    0 309 -377  2
3797500 2746500  5 14  5  15.5  998 197  3.6 5  7.1  63    0    1 323 -373  2
3797500 2746500  5 14  6  15.1  998 224  4.6 6  7.3  66    0   24 333 -371  2
3797500 2746500  5 14  7  15.3  999 221  5.0 5  7.3  67    4   90 332 -373  2
3797500 2746500  5 14  8  16.2  999 221  5.8 4  7.3  64   79  231 321 -380  2
3797500 2746500  5 14  9  16.5 1000 220  7.0 4  7.1  60  100  316 318 -391  2
3797500 2746500  5 14 10  17.0 1000 219  5.8 5  6.8  56  112  389 326 -401  2
3797500 2746500  5 14 11  17.1 1000 228  6.5 5  6.6  54  107  434 332 -407  2
3797500 2746500  5 14 12  17.1 1000 228  6.6 6  6.3  51   46  392 335 -407  2
3797500 2746500  5 14 13  17.0 1000 232  5.2 6  6.0  49   45  396 338 -411  2
3797500 2746500  5 14 14  17.3 1000 229  5.5 6  5.9  48   65  407 338 -416  2
3797500 2746500  5 14 15  17.8 1000 235  5.2 7  6.0  48   42  346 346 -412  2
3797500 2746500  5 14 16  17.9  999 228  4.0 7  6.2  48   42  301 352 -410  2
3797500 2746500  5 14 17  17.5  999 249  3.2 7  6.3  49   29  230 351 -412  2
3797500 2746500  5 14 18  17.2  998 231  1.6 7  6.5  52    5  123 351 -409  2
3797500 2746500  5 14 19  16.0  999 308  1.0 8  6.9  57    0   25 355 -401  2
3797500 2746500  5 14 20  14.1  999 287  0.2 8  7.4  68    0    4 357 -391  2
3797500 2746500  5 14 21  13.8 1000 236  0.4 8  7.7  76    0    0 357 -382  2
3797500 2746500  5 14 22  13.2 1001 193  0.6 8  7.7  79    0    0 355 -375  2
3797500 2746500  5 14 23  12.9 1001 207  0.6 8  7.9  83    0    0 355 -372  2
3797500 2746500  5 14 24  12.8 1001 279  0.9 8  8.0  85    0    0 355 -370  2
3797500 2746500  5 15  1  12.4 1002 215  1.6 8  8.1  88    0    0 352 -370  2
3797500 2746500  5 15  2  12.3 1002 237  2.2 8  8.3  91    0    0 349 -365  2
3797500 2746500  5 15  3  12.1 1002 328  2.0 8  8.1  90    0    0 344 -359  2
3797500 2746500  5 15  4  10.4 1002 342  3.1 8  7.7  92    0    0 336 -357  2
3797500 2746500  5 15  5   9.9 1003 348  4.5 8  7.3  94    0    0 327 -358  2
3797500 2746500  5 15  6   9.3 1004 348  3.7 8  6.9  92    0    7 320 -361  2
3797500 2746500  5 15  7   9.1 1005 340  2.9 8  6.7  92    0   30 314 -364  2
3797500 2746500  5 15  8   9.6 1007 339  3.1 7  6.6  90    3  124 306 -371  2
3797500 2746500  5 15  9  10.4 1008 340  3.0 7  6.5  84   55  238 303 -380  2
3797500 2746500  5 15 10  11.3 1009 338  2.8 6  6.3  78  116  303 303 -391  2
3797500 2746500  5 15 11  12.2 1009 302  2.0 5  6.0  69  227  340 300 -401  2
3797500 2746500  5 15 12  13.5 1009 279  2.1 6  5.5  59  268  358 305 -407  2
3797500 2746500  5 15 13  13.8 1009 275  2.5 6  5.2  54  314  353 311 -414  2
3797500 2746500  5 15 14  14.3 1009 246  3.1 5  5.1  51  401  300 310 -414  2
3797500 2746500  5 15 15  15.8 1009 264  3.0 3  4.9  46  311  294 302 -415  2
3797500 2746500  5 15 16  15.3 1009 313  2.3 3  4.8  44  297  237 298 -420  2
3797500 2746500  5 15 17  16.0 1008 298  1.7 3  4.9  44  246  182 298 -418  2
3797500 2746500  5 15 18  15.3 1008 221  1.6 4  5.1  46  105  144 303 -410  2
3797500 2746500  5 15 19  15.1 1008 231  1.6 6  5.2  49   25   82 314 -400  2
3797500 2746500  5 15 20  13.8 1008 233  1.8 6  5.7  56    3   19 323 -392  2
3797500 2746500  5 15 21  12.2 1008 176  1.2 4  5.9  63    0    0 311 -384  2
3797500 2746500  5 15 22  12.4 1008 189  1.5 2  5.9  66    0    0 292 -377  2
3797500 2746500  5 15 23  12.4 1008 205  1.8 3  6.0  66    0    0 289 -372  2
3797500 2746500  5 15 24  11.8 1008 215  1.6 3  6.0  68    0    0 293 -369  2
3797500 2746500  5 16  1  11.6 1008 190  2.2 4  6.1  71    0    0 296 -367  2
3797500 2746500  5 16  2  11.6 1007 185  2.8 4  6.2  73    0    0 298 -361  2
3797500 2746500  5 16  3  12.1 1006 183  3.3 5  6.3  72    0    0 302 -353  2
3797500 2746500  5 16  4  12.2 1006 193  3.6 6  6.4  72    0    0 311 -347  2
3797500 2746500  5 16  5  11.9 1005 216  3.9 6  6.4  73    0    1 314 -343  2
3797500 2746500  5 16  6  12.0 1004 198  4.3 7  6.5  74    0   11 317 -343  2
3797500 2746500  5 16  7  12.0 1003 179  4.4 7  6.7  76    0   29 320 -348  2
3797500 2746500  5 16  8  11.4 1003 183  4.3 7  7.0  81    0   55 318 -357  2
3797500 2746500  5 16  9  11.5 1003 170  4.8 7  7.4  86    0  115 317 -371  2
3797500 2746500  5 16 10  11.7 1002 180  5.0 7  7.5  87    0  166 317 -389  2
3797500 2746500  5 16 11  12.0 1002 184  3.9 8  7.7  87    0  134 321 -405  2
3797500 2746500  5 16 12  12.7 1001 223  4.7 7  8.0  88    0  196 324 -419  2
3797500 2746500  5 16 13  13.5 1001 237  5.3 6  8.2  86    5  273 321 -429  2
3797500 2746500  5 16 14  12.1 1001 101  4.2 8  7.7  82    0  174 323 -430  2
3797500 2746500  5 16 15  14.3 1001 243  4.5 7  7.7  80    0  200 327 -431  2
3797500 2746500  5 16 16  14.8 1001 293  3.6 5  8.1  77   27  265 321 -432  2
3797500 2746500  5 16 17  15.0 1001 316  4.7 5  7.4  69   48  236 311 -429  2
3797500 2746500  5 16 18  13.9 1002 333  5.3 6  6.4  62   36  165 312 -422  2
3797500 2746500  5 16 19  13.2 1002   3  5.1 6  5.8  60   20   94 314 -413  2
3797500 2746500  5 16 20  12.1 1003 337  3.6 5  5.5  60    1   20 307 -404  2
3797500 2746500  5 16 21  11.2 1004  17  2.6 6  5.5  64    0    0 306 -396  2
3797500 2746500  5 16 22  10.9 1004 335  1.7 6  5.5  67    0    0 313 -389  2
3797500 2746500  5 16 23  10.3 1005 306  0.5 6  5.5  68    0    0 317 -386  2
3797500 2746500  5 16 24  10.2 1005 303  0.0 8  5.4  69    0    0 329 -381  2
3797500 2746500  5 17  1   9.8 1005 308  0.0 8  5.5  72    0    0 339 -374  2
3797500 2746500  5 17  2   9.2 1005 233  0.2 7  5.8  78    0    0 337 -371  2
3797500 2746500  5 17  3   8.5 1004 250  1.0 7  6.0  84    0    0 334 -369  2
3797500 2746500  5 17  4   8.3 1004 241  0.0 7  5.9  85    0    0 334 -368  2
3797500 2746500  5 17  5   8.0 1003 129  0.4 8  5.9  87    0    0 339 -369  2
3797500 2746500  5 17  6   8.0 1003 110  1.1 8  6.0  89    0    9 345 -371  2
3797500 2746500  5 17  7   8.2 1003 104  1.2 7  6.0  88    0   36 341 -372  2
3797500 2746500  5 17  8   8.3 1002  72  0.9 8  6.0  88    0   70 342 -373  2
3797500 2746500  5 17  9   8.7 1003  85  0.7 8  6.1  88    0  104 348 -375  2
3797500 2746500  5 17 10   9.1 1003 106  1.1 8  6.2  87    0  190 350 -376  2
3797500 2746500  5 17 11  10.5 1003  96  1.4 7  6.4  83   21  299 349 -377  2
3797500 2746500  5 17 12  11.2 1003  21  2.1 7  6.1  74   16  304 347 -378  2
3797500 2746500  5 17 13  11.9 1004  13  2.5 6  5.6  65   52  364 343 -378  2
3797500 2746500  5 17 14  12.6 1004  30  2.5 5  5.3  60  186  396 334 -380  2
3797500 2746500  5 17 15  13.1 1005  28  2.6 5  5.1  55   97  337 330 -385  2
3797500 2746500  5 17 16  13.9 1005 358  2.6 7  5.0  52   30  255 343 -389  2
3797500 2746500  5 17 17  14.1 1006   7  2.7 6  5.2  52   52  221 351 -389  2
3797500 2746500  5 17 18  14.2 1007 357  2.7 7  5.3  52   77  164 352 -386  2
3797500 2746500  5 17 19  13.7 1007 360  1.8 6  5.3  54   22   88 351 -384  2
3797500 2746500  5 17 20  13.5 1008 335  1.3 6  5.3  55    3   23 344 -383  2
3797500 2746500  5 17 21  13.0 1009 342  1.2 5  5.3  56    0    0 337 -378  2
3797500 2746500  5 17 22  12.2 1010 344  0.7 5  5.4  59    0    0 331 -372  2
3797500 2746500  5 17 23  10.1 1011 152  0.4 4  5.5  66    0    0 321 -367  2
3797500 2746500  5 17 24   9.0 1011 213  0.6 1  5.6  75    0    0 295 -365  2
3797500 2746500  5 18  1   8.8 1011 205  0.7 1  5.5  77    0    0 277 -363  2
3797500 2746500  5 18  2   8.2 1012 196  1.0 1  5.5  79    0    0 276 -364  2
3797500 2746500  5 18  3   8.7 1012 170  1.5 1  5.6  81    0    0 277 -367  2
3797500 2746500  5 18  4   8.8 1011 201  1.9 2  5.7  81    0    0 283 -369  2
3797500 2746500  5 18  5   8.5 1011 169  1.8 2  5.8  82    0    3 287 -370  2
3797500 2746500  5 18  6   9.5 1011 176  1.5 0  6.0  83   16   47 276 -371  2
3797500 2746500  5 18  7  11.5 1012 172  2.0 0  6.4  81  105  106 268 -373  2
3797500 2746500  5 18  8  13.6 1011 183  2.6 0  6.7  74  240  141 275 -377  2
3797500 2746500  5 18  9  15.3 1011 201  3.5 0  7.1  69  381  163 284 -383  2
3797500 2746500  5 18 10  15.3 1011 221  3.5 4  7.3  67  139  318 310 -390  2
3797500 2746500  5 18 11  15.9 1010 210  3.2 7  7.6  68   23  304 348 -395  2
3797500 2746500  5 18 12  17.3 1010 181  3.9 5  7.8  66  234  384 358 -404  2
3797500 2746500  5 18 13  18.4 1010 199  4.1 3  7.8  61  630  218 345 -417  2
3797500 2746500  5 18 14  18.8 1009 199  3.8 3  7.9  59  660  178 340 -428  2
3797500 2746500  5 18 15  19.9 1009 171  4.2 2  8.1  58  629  149 340 -437  2
3797500 2746500  5 18 16  20.5 1008 192  3.5 2  8.4  56  541  133 340 -441  2
3797500 2746500  5 18 17  21.4 1007 170  4.5 1  8.7  56  417  121 339 -439  2
3797500 2746500  5 18 18  21.3 1006 170  3.2 1  8.8  55  250  109 335 -434  2
3797500 2746500  5 18 19  21.2 1006 170  3.8 2  8.8  56  106   82 340 -425  2
3797500 2746500  5 18 20  20.9 1006 171  2.3 1  9.0  57   24   33 339 -414  2
3797500 2746500  5 18 21  20.5 1005 184  2.8 4  9.1  59    0    0 346 -406  2
3797500 2746500  5 18 22  20.3 1005 170  2.6 5  9.2  61    0    0 362 -401  2
3797500 2746500  5 18 23  20.0 1006 191  2.6 6  9.2  62    0    0 370 -400  2
3797500 2746500  5 18 24  19.4 1005 180  3.5 7  9.2  64    0    0 378 -399  2
3797500 2746500  5 19  1  19.1 1005 171  3.2 8  9.3  66    0    0 385 -398  2
3797500 2746500  5 19  2  18.5 1005 196  2.8 7  9.4  69    0    0 385 -397  2
3797500 2746500  5 19  3  17.6 1005 171  2.9 8  9.6  74    0    0 383 -397  2
3797500 2746500  5 19  4  16.9 1004 191  2.5 8  9.9  80    0    0 385 -396  2
3797500 2746500  5 19  5  15.9 1004 268  2.5 8  9.8  83    0    0 382 -393  2
3797500 2746500  5 19  6  14.7 1005 272  1.7 7  9.2  84    0   13 373 -389  2
3797500 2746500  5 19  7  14.2 1006 209  2.0 5  8.8  85    0   78 355 -386  2
3797500 2746500  5 19  8  14.5 1006 232  2.9 6  8.8  86   14  169 348 -384  2
3797500 2746500  5 19  9  14.8 1006 245  2.8 6  8.6  82   19  234 353 -382  2
3797500 2746500  5 19 10  15.2 1007 236  2.9 6  8.5  79   16  274 353 -385  2
3797500 2746500  5 19 11  15.5 1007 257  3.6 4  8.0  72  146  387 345 -391  2
3797500 2746500  5 19 12  17.1 1007 232  3.6 2  7.5  64  449  341 329 -398  2
3797500 2746500  5 19 13  18.2 1007 240  4.1 2  7.2  57  534  309 323 -405  2
3797500 2746500  5 19 14  18.8 1007 259  3.7 2  7.0  52  432  338 328 -418  2
3797500 2746500  5 19 15  18.8 1007 220  3.9 2  6.8  50  335  334 329 -434  2
3797500 2746500  5 19 16  18.8 1007 238  3.4 2  6.7  49  343  261 328 -438  2
3797500 2746500  5 19 17  19.3 1007 239  3.6 2  6.8  49  259  213 326 -436  2
3797500 2746500  5 19 18  19.0 1007 262  3.4 1  6.7  48  199  148 319 -430  2
3797500 2746500  5 19 19  18.7 1007 263  2.2 1  6.5  48  103   97 309 -420  2
3797500 2746500  5 19 20  17.1 1008 266  1.4 2  6.6  53   15   34 315 -407  2
3797500 2746500  5 19 21  16.1 1008 284  0.8 2  6.6  56    0    0 312 -394  2
3797500 2746500  5 19 22  15.3 1008 304  0.6 3  6.6  60    0    0 298 -385  2
3797500 2746500  5 19 23  14.9 1009 314  0.6 3  6.8  63    0    0 295 -377  2
3797500 2746500  5 19 24  15.0 1009 300  0.6 4  7.1  66    0    0 308 -371  2
3797500 2746500  5 20  1  15.1 1012 260  0.7 5  7.4  68    0    0 349 -403  2
3797500 2746500  5 20  2  15.1 1012 215  0.7 5  7.7  71    0    0 344 -402  2
3797500 2746500  5 20  3  14.8 1012 172  0.6 5  7.8  73    0    0 338 -400  2
3797500 2746500  5 20  4  14.3 1011 149  0.6 5  7.8  76    0    0 327 -399  2
3797500 2746500  5 20  5  14.6 1011 145  0.9 5  7.9  76    0    0 326 -397  2
3797500 2746500  5 20  6  13.5 1011 109  1.1 4  8.0  82   15   45 325 -393  2
3797500 2746500  5 20  7  16.4 1011 128  0.9 3  8.4  79   49  113 322 -390  2
3797500 2746500  5 20  8  17.5 1011 103  2.0 3  8.7  72  159  169 324 -393  2
3797500 2746500  5 20  9  18.9 1011 150  2.4 2  8.9  68  378  153 323 -401  2
3797500 2746500  5 20 10  19.4 1010 168  3.3 4  8.4  61  386  232 331 -412  2
3797500 2746500  5 20 11  19.8 1010 143  3.5 3  7.8  54  541  208 338 -424  2
3797500 2746500  5 20 12  20.1 1010 189  2.9 3  7.8  53  533  250 336 -434  2
3797500 2746500  5 20 13  21.0 1009 155  3.1 2  7.6  50  499  277 334 -445  2
3797500 2746500  5 20 14  21.5 1009 195  3.5 2  7.5  48  478  269 333 -459  2
3797500 2746500  5 20 15  21.9 1008  26  3.8 4  7.5  46  318  302 342 -467  2
3797500 2746500  5 20 16  21.9 1008 194  3.3 4  6.9  42  374  211 347 -459  2
3797500 2746500  5 20 17  22.1 1007 145  2.5 5  6.9  42  199  209 349 -448  2
3797500 2746500  5 20 18  22.1 1007 177  2.3 7  7.1  42   11  142 359 -445  2
3797500 2746500  5 20 19  21.0 1006 164  3.3 6  7.1  44   22   90 360 -437  2
3797500 2746500  5 20 20  20.0 1006 132  2.5 5  7.1  47   27   32 350 -425  2
3797500 2746500  5 20 21  18.8 1006 126  1.9 3  7.0  49    0    4 335 -415  2
3797500 2746500  5 20 22  18.0 1006 108  1.6 3  7.1  53    0    0 324 -408  2
3797500 2746500  5 20 23  17.3 1006  98  2.1 3  7.0  55    0    0 321 -403  2
3797500 2746500  5 20 24  17.4 1005 108  1.8 1  6.9  55    0    0 310 -400  2
3797500 2746500  5 21  1  18.2 1005 134  3.1 4  6.8  53    0    0 314 -398  2
3797500 2746500  5 21  2  18.0 1005 146  3.5 4  6.8  52    0    0 324 -397  2
3797500 2746500  5 21  3  17.4 1005 145  2.7 5  6.9  54    0    0 324 -396  2
3797500 2746500  5 21  4  16.4 1004 131  2.5 3  7.0  58    0    0 315 -397  2
3797500 2746500  5 21  5  16.3 1004  93  1.5 1  7.1  61    0    0 297 -398  2
3797500 2746500  5 21  6  16.6 1003 124  2.3 2  7.0  60   19   46 291 -400  2
3797500 2746500  5 21  7  17.7 1003 151  4.1 3  7.0  57   98  106 299 -404  2
3797500 2746500  5 21  8  18.6 1003 147  4.1 2  7.3  56  205  153 301 -411  2
3797500 2746500  5 21  9  19.6 1002 130  5.4 2  7.5  54  337  178 301 -423  2
3797500 2746500  5 21 10  20.7 1001 139  5.2 6  7.6  51  473  185 321 -438  2
3797500 2746500  5 21 11  21.2 1001 151  4.8 6  7.8  50  530  216 339 -454  2
3797500 2746500  5 21 12  22.0 1001 148  5.3 6  7.9  48  602  212 343 -468  2
3797500 2746500  5 21 13  22.3 1000 159  4.2 4  8.0  47  652  190 340 -478  2
3797500 2746500  5 21 14  23.2  999 144  5.0 4  8.0  45  687  147 338 -485  2
3797500 2746500  5 21 15  23.8  999 158  5.2 1  7.7  42  650  123 331 -488  2
3797500 2746500  5 21 16  24.2  998 187  5.8 1  7.6  40  548  114 323 -483  2
3797500 2746500  5 21 17  23.8  997 152  5.0 2  8.1  43  424  103 326 -474  2
3797500 2746500  5 21 18  24.0  997  60  5.2 2  8.0  43  270   94 326 -465  2
3797500 2746500  5 21 19  23.5  996 215  3.4 4  7.8  42  101   80 330 -448  2
3797500 2746500  5 21 20  22.9  996 139  6.0 4  8.0  44   14   30 336 -432  2
3797500 2746500  5 21 21  21.5  996 101  4.8 6  8.0  47    0    2 342 -425  2
3797500 2746500  5 21 22  20.6  997 217  2.6 4  8.0  51    0    0 341 -422  2
3797500 2746500  5 21 23  19.3  997 135  2.7 4  8.3  56    0    0 330 -419  2
3797500 2746500  5 21 24  20.1  996 149  4.1 4  8.3  57    0    0 330 -416  2
3797500 2746500  5 22  1  19.9  996 142  5.0 5  8.1  54    0    0 334 -413  2
3797500 2746500  5 22  2  19.7  995 143  4.5 5  8.0  54    0    0 337 -411  2
3797500 2746500  5 22  3  19.7  994 146  3.9 6  8.1  56    0    0 340 -410  2
3797500 2746500  5 22  4  19.1  994 158  3.1 5  8.2  57    0    0 341 -411  2
3797500 2746500  5 22  5  18.6  993 172  2.8 5  7.9  57    0    0 334 -412  2
3797500 2746500  5 22  6  18.7  994 166  4.4 6  8.0  59    0   29 338 -414  2
3797500 2746500  5 22  7  19.5  994 165  4.8 7  8.3  59    2   75 348 -417  2
3797500 2746500  5 22  8  19.6  994 172  3.9 7  8.4  58    8  139 353 -422  2
3797500 2746500  5 22  9  20.5  994 170  4.3 7  8.4  56   68  207 356 -429  2
3797500 2746500  5 22 10  20.0  995 171  3.5 8  8.4  55   31  253 361 -437  2
3797500 2746500  5 22 11  20.2  995 170  2.8 8  8.5  57    0  203 365 -446  2
3797500 2746500  5 22 12  20.8  995 181  3.6 6  8.9  58   38  298 362 -452  2
3797500 2746500  5 22 13  20.6  996 206  3.2 6  9.0  58  249  264 359 -459  2
3797500 2746500  5 22 14  20.8  996 212  1.3 7  8.9  57  106  299 365 -463  2
3797500 2746500  5 22 15  19.6  996 207  2.7 8  9.1  60    0  169 371 -460  2
3797500 2746500  5 22 16  18.0  996 224  2.3 8  9.6  70    0  119 371 -453  2
3797500 2746500  5 22 17  17.2  997 220  2.7 7 10.2  79    0  116 366 -444  2
3797500 2746500  5 22 18  16.7  997 317  1.4 6 10.3  84    0   86 359 -430  2
3797500 2746500  5 22 19  16.4  997 123  1.9 6 10.2  85    0   57 357 -417  2
3797500 2746500  5 22 20  16.6  996 120  1.8 7  9.9  83    0   17 359 -409  2
3797500 2746500  5 22 21  16.7  996 124  1.2 7  9.9  82    0    0 362 -404  2
3797500 2746500  5 22 22  16.7  996 236  0.3 8 10.0  82    0    0 363 -401  2
3797500 2746500  5 22 23  16.6  997 212  1.5 8  9.9  82    0    0 366 -399  2
3797500 2746500  5 22 24  16.1  997 249  1.8 7  9.5  80    0    0 360 -396  2
3797500 2746500  5 23  1  15.1  998 226  1.4 7  8.7  78    0    0 352 -394  2
3797500 2746500  5 23  2  14.1  998 197  1.1 6  8.3  79    0    0 343 -391  2
3797500 2746500  5 23  3  14.9  999 216  1.7 6  8.2  78    0    0 337 -387  2
3797500 2746500  5 23  4  14.0  999 207  1.7 7  8.0  77    0    0 343 -384  2
3797500 2746500  5 23  5  13.9  999 211  2.1 7  7.9  79    0    0 346 -382  2
3797500 2746500  5 23  6  14.2  999 228  2.6 7  7.9  78    7   41 346 -381  2
3797500 2746500  5 23  7  14.5 1000 227  2.8 5  7.9  76   12   96 334 -382  2
3797500 2746500  5 23  8  14.7 1000 230  2.4 6  7.9  75    8  150 328 -385  2
3797500 2746500  5 23  9  14.8 1000 237  1.8 7  8.1  76    3  186 341 -392  2
3797500 2746500  5 23 10  14.7 1001 218  1.5 8  8.1  77    0  123 352 -404  2
3797500 2746500  5 23 11  14.9 1001 213  2.0 7  8.0  75    0  162 353 -418  2
3797500 2746500  5 23 12  15.6 1002 214  2.0 8  8.0  73    0  137 355 -431  2
3797500 2746500  5 23 13  15.7 1002 169  2.4 7  8.0  71    4  270 357 -441  2
3797500 2746500  5 23 14  17.2 1002 178  2.0 6  8.1  68  116  360 346 -446  2
3797500 2746500  5 23 15  17.8 1002 206  1.7 7  7.9  63  103  323 349 -450  2
3797500 2746500  5 23 16  17.8 1002 141  1.5 6  7.6  59   84  277 349 -452  2
3797500 2746500  5 23 17  18.2 1001 164  2.4 6  7.5  58   51  220 343 -448  2
3797500 2746500  5 23 18  18.2 1001 257  1.4 7  7.5  56   12  138 349 -440  2
3797500 2746500  5 23 19  17.2 1002 193  1.3 8  7.7  60    0   39 358 -430  2
3797500 2746500  5 23 20  16.7 1002 203  1.5 7  7.8  64    0   23 357 -418  2
3797500 2746500  5 23 21  15.8 1002 172  1.7 6  7.7  66    0    2 347 -405  2
3797500 2746500  5 23 22  15.3 1003 186  1.5 6  7.7  69    0    0 340 -396  2
3797500 2746500  5 23 23  14.6 1003 174  1.5 6  7.7  72    0    0 338 -390  2
3797500 2746500  5 23 24  13.9 1003 175  1.3 4  7.5  73    0    0 325 -386  2
3797500 2746500  5 24  1  13.4 1003 209  1.4 2  7.6  77    0    0 306 -381  2
3797500 2746500  5 24  2  12.7 1004 226  1.1 2  7.8  82    0    0 295 -377  2
3797500 2746500  5 24  3  12.2 1004 206  1.1 1  7.7  85    0    0 289 -373  2
3797500 2746500  5 24  4  12.1 1004 206  1.2 4  7.6  85    0    0 297 -369  2
3797500 2746500  5 24  5  11.3 1004 202  1.8 2  7.4  85    0    0 299 -367  2
3797500 2746500  5 24  6  12.2 1004 189  1.5 1  7.5  86   15   45 286 -367  2
3797500 2746500  5 24  7  13.7 1004 158  2.3 1  7.9  84  108   95 284 -371  2
3797500 2746500  5 24  8  15.6 1004 162  2.9 0  8.1  77  265  107 284 -380  2
3797500 2746500  5 24  9  17.7 1003 193  3.1 0  8.1  68  388  128 284 -395  2
3797500 2746500  5 24 10  17.5 1003 182  4.4 6  7.7  61  241  274 311 -411  2
3797500 2746500  5 24 11  18.0 1002 188  4.0 7  7.5  58  116  343 344 -424  2
3797500 2746500  5 24 12  17.6 1002 212  3.7 8  7.4  58   79  352 357 -435  2
3797500 2746500  5 24 13  17.7 1002 217  5.9 7  7.0  55  107  369 359 -437  2
3797500 2746500  5 24 14  18.0 1002 215  6.1 7  6.7  52  152  357 357 -429  2
3797500 2746500  5 24 15  16.9 1002 208  5.8 7  6.4  51   56  311 355 -426  2
3797500 2746500  5 24 16  15.1 1002 209  5.2 7  6.3  55    3  207 350 -421  2
3797500 2746500  5 24 17  15.2 1002 201  4.8 7  6.6  61    1  156 349 -413  2
3797500 2746500  5 24 18  14.2 1002 197  3.8 7  7.0  66    0   79 351 -409  2
3797500 2746500  5 24 19  14.9 1002 214  2.9 7  7.2  69    0   44 351 -405  2
3797500 2746500  5 24 20  14.2 1002 205  3.4 8  7.2  69    0   16 356 -399  2
3797500 2746500  5 24 21  13.4 1002 161  4.6 8  7.6  76    0    0 358 -393  2
3797500 2746500  5 24 22  13.2 1002 163  1.9 8  7.9  82    0    0 358 -390  2
3797500 2746500  5 24 23  13.1 1003 213  2.5 8  8.0  84    0    0 359 -386  2
3797500 2746500  5 24 24  12.5 1003 208  2.0 6  7.7  83    0    0 346 -381  2
3797500 2746500  5 25  1  12.3 1003 217  2.0 4  7.3  80    0    0 321 -378  2
3797500 2746500  5 25  2  12.8 1003 208  1.3 4  7.2  78    0    0 310 -375  2
3797500 2746500  5 25  3  12.1 1003 206  1.2 5  7.1  78    0    0 313 -373  2
3797500 2746500  5 25  4  12.2 1003 215  2.0 7  7.0  79    0    0 327 -371  2
3797500 2746500  5 25  5  11.6 1004 215  1.9 6  6.8  78    0    0 332 -368  2
3797500 2746500  5 25  6  12.3 1004 205  0.8 7  6.7  76    0   22 331 -365  2
3797500 2746500  5 25  7  12.6 1004 160  1.3 7  6.9  76    0   51 335 -366  2
3797500 2746500  5 25  8  11.8 1004 228  2.3 7  7.1  80    0  101 332 -373  2
3797500 2746500  5 25  9  11.4 1004 247  1.8 8  7.3  84    0  122 335 -384  2
3797500 2746500  5 25 10  11.3 1005 226  3.1 8  7.4  87    0  121 340 -397  2
3797500 2746500  5 25 11  12.6 1005 207  3.0 6  7.4  84   35  330 332 -408  2
3797500 2746500  5 25 12  13.7 1005 228  3.9 5  7.1  75  168  395 320 -419  2
3797500 2746500  5 25 13  14.3 1006 241  5.1 6  6.4  64  164  403 321 -429  2
3797500 2746500  5 25 14  15.5 1006 229  4.1 6  6.2  58  192  388 327 -431  2
3797500 2746500  5 25 15  15.7 1006 227  3.5 7  6.0  54  124  348 332 -429  2
3797500 2746500  5 25 16  16.2 1006 230  3.9 6  5.7  50   91  295 330 -431  2
3797500 2746500  5 25 17  15.8 1006 239  2.9 6  5.7  50   76  238 324 -431  2
3797500 2746500  5 25 18  15.8 1006 233  2.3 6  5.9  53   33  163 322 -424  2
3797500 2746500  5 25 19  15.2 1006 267  1.7 5  6.3  57   29   98 318 -416  2
3797500 2746500  5 25 20  14.4 1006 246  1.3 5  6.4  61   34   41 312 -406  2
3797500 2746500  5 25 21  12.6 1007 147  0.8 2  6.3  65    0    7 297 -393  2
3797500 2746500  5 25 22  12.0 1007  92  1.4 1  6.3  70    0    0 278 -382  2
3797500 2746500  5 25 23  11.5 1007  91  1.3 1  6.3  72    0    0 271 -376  2
3797500 2746500  5 25 24  10.6 1007 110  1.7 0  6.1  74    0    0 264 -373  2
3797500 2746500  5 26  1  11.2 1007 140  2.1 1  6.0  73    0    0 263 -371  2
3797500 2746500  5 26  2  10.9 1007 141  2.4 0  5.9  72    0    0 263 -370  2
3797500 2746500  5 26  3  11.0 1006 160  3.1 2  5.9  72    0    0 267 -368  2
3797500 2746500  5 26  4  11.4 1005 163  4.1 1  6.0  72    0    0 272 -365  2
3797500 2746500  5 26  5  11.2 1005 166  3.8 1  6.1  73    0    0 268 -365  2
3797500 2746500  5 26  6  12.1 1005 165  4.5 4  6.4  74   30   51 281 -366  2
3797500 2746500  5 26  7  13.3 1004 162  4.1 3  6.8  74   58  113 292 -371  2
3797500 2746500  5 26  8  14.2 1004 159  4.8 5  7.1  72  107  184 300 -380  2
3797500 2746500  5 26  9  15.8 1003 161  4.5 5  7.3  68  292  198 316 -392  2
3797500 2746500  5 26 10  16.6 1003 162  5.2 3  7.4  63  656   75 315 -404  2
3797500 2746500  5 26 11  15.1 1002 160  4.5 6  7.0  62   39  325 321 -415  2
3797500 2746500  5 26 12  16.5 1002 171  4.4 7  6.6  58   90  360 338 -421  2
3797500 2746500  5 26 13  15.7 1001 174  4.1 8  6.3  55    0  231 347 -424  2
3797500 2746500  5 26 14  15.7 1001 212  3.1 7  6.2  55    1  233 346 -424  2
3797500 2746500  5 26 15  14.8 1001 190  4.5 8  6.5  59    3  231 344 -424  2
3797500 2746500  5 26 16  16.1 1000 154  3.3 6  6.6  60   89  281 341 -425  2
3797500 2746500  5 26 17  16.7 1000 163  4.6 5  6.2  53  203  207 332 -424  2
3797500 2746500  5 26 18  16.5  999 170  4.0 4  6.0  50  235  111 324 -421  2
3797500 2746500  5 26 19  16.2  999 214  3.6 5  6.5  55  100   85 323 -413  2
3797500 2746500  5 26 20  13.5 1000 244  1.8 6  6.9  64   18   37 327 -403  2
3797500 2746500  5 26 21  12.0 1000 133  2.0 3  6.8  73    0    2 311 -394  2
3797500 2746500  5 26 22  12.5 1000 164  2.7 3  6.6  73    0    0 294 -389  2
3797500 2746500  5 26 23  12.9 1001 178  2.7 3  6.4  69    0    0 293 -385  2
3797500 2746500  5 26 24  11.9 1001 171  2.4 3  6.3  69    0    0 292 -382  2
3797500 2746500  5 27  1  11.6 1001 146  2.2 0  6.3  72    0    0 273 -378  2
3797500 2746500  5 27  2  11.4 1001 171  2.4 0  6.3  74    0    0 250 -374  2
3797500 2746500  5 27  3  11.0 1000 178  2.8 0  6.4  77    0    0 245 -374  2
3797500 2746500  5 27  4  10.8 1000 189  1.8 0  6.4  78    0    0 244 -376  2
3797500 2746500  5 27  5  11.0 1000 194  1.9 1  6.5  78    0    0 256 -376  2
3797500 2746500  5 27  6  11.5 1001 172  2.6 2  6.6  79   37   49 270 -377  2
3797500 2746500  5 27  7  12.7 1001 174  2.7 1  6.9  77  160   79 273 -381  2
3797500 2746500  5 27  8  13.9 1001 181  3.0 2  7.0  73  321   83 277 -389  2
3797500 2746500  5 27  9  14.6 1001 194  3.1 2  7.0  68  365  149 286 -397  2
3797500 2746500  5 27 10  16.2 1001 160  3.7 4  7.1  64  316  248 300 -404  2
3797500 2746500  5 27 11  16.9 1001 200  2.7 4  7.3  61  376  276 316 -413  2
3797500 2746500  5 27 12  17.0 1001 236  3.3 3  6.9  56  323  332 315 -423  2
3797500 2746500  5 27 13  17.6 1001 184  3.7 2  6.0  48  306  344 309 -433  2
3797500 2746500  5 27 14  18.3 1000 158  3.2 3  5.8  44  424  276 309 -437  2
3797500 2746500  5 27 15  19.1 1000 200  2.6 5  6.0  44  203  316 325 -441  2
3797500 2746500  5 27 16  18.5 1000 187  3.0 4  5.9  43  152  273 330 -441  2
3797500 2746500  5 27 17  18.9 1000 226  2.1 7  5.7  42   12  193 336 -436  2
3797500 2746500  5 27 18  18.3 1000 144  2.6 8  6.0  44    0   74 354 -432  2
3797500 2746500  5 27 19  18.1 1000 161  2.4 7  6.3  48    1   64 354 -425  2
3797500 2746500  5 27 20  18.0 1001 173  1.8 7  6.3  48    3   30 348 -414  2
3797500 2746500  5 27 21  16.1 1001 147  2.3 7  6.3  51    0    2 347 -401  2
3797500 2746500  5 27 22  15.4 1001 157  2.0 6  6.3  56    0    0 339 -391  2
3797500 2746500  5 27 23  15.5 1002 160  2.0 6  6.3  57    0    0 334 -386  2
3797500 2746500  5 27 24  14.7 1002 151  1.9 8  6.4  59    0    0 343 -382  2
3797500 2746500  5 28  1  14.5 1002  93  1.9 7  6.6  63    0    0 346 -378  2
3797500 2746500  5 28  2  14.2 1002  93  1.8 7  6.8  66    0    0 340 -374  2
3797500 2746500  5 28  3  13.9 1002 130  1.6 8  7.0  69    0    0 344 -371  2
3797500 2746500  5 28  4  13.6 1002  95  1.0 8  7.0  71    0    0 348 -369  2
3797500 2746500  5 28  5  13.5 1002 172  1.0 8  7.1  72    0    0 347 -366  2
3797500 2746500  5 28  6  13.3 1002 201  0.6 8  7.2  74    0   24 346 -365  2
3797500 2746500  5 28  7  13.6 1002 159  1.0 5  7.4  76   16  104 331 -369  2
3797500 2746500  5 28  8  13.8 1002 172  1.5 7  7.7  78   10  158 326 -379  2
3797500 2746500  5 28  9  14.1 1003 182  1.4 7  7.9  78    8  202 337 -391  2
3797500 2746500  5 28 10  15.4 1003 152  1.7 6  8.0  75   62  302 335 -406  2
3797500 2746500  5 28 11  17.4 1003 205  1.7 3  7.9  67  404  269 320 -420  2
3797500 2746500  5 28 12  18.2 1003 217  1.8 5  7.5  58  171  365 320 -432  2
3797500 2746500  5 28 13  18.7 1003 235  1.5 4  6.9  51  249  365 326 -442  2
3797500 2746500  5 28 14  18.6 1003 205  1.8 4  6.6  49  230  352 324 -448  2
3797500 2746500  5 28 15  19.7 1002 209  1.8 6  6.7  48  122  324 335 -450  2
3797500 2746500  5 28 16  19.4 1002 189  2.7 5  6.6  46   94  277 340 -448  2
3797500 2746500  5 28 17  18.7 1002 169  2.7 5  6.7  48  160  213 334 -445  2
3797500 2746500  5 28 18  18.5 1002 244  2.4 5  6.8  50  130  149 332 -439  2
3797500 2746500  5 28 19  18.4 1002 238  3.2 3  6.6  50   69   90 322 -430  2
3797500 2746500  5 28 20  17.4 1002 230  3.0 3  6.2  48   35   40 310 -419  2
3797500 2746500  5 28 21  16.2 1003 189  1.8 1  6.0  49    0    6 297 -408  2
3797500 2746500  5 28 22  15.7 1004 198  1.9 1  6.0  53    0    0 285 -398  2
3797500 2746500  5 28 23  15.5 1004 192  2.1 1  6.1  55    0    0 284 -392  2
3797500 2746500  5 28 24  15.9 1004 168  2.5 5  6.4  57    0    0 305 -387  2
3797500 2746500  5 29  1  15.4 1004 198  1.9 7  6.6  59    0    0 336 -386  2
3797500 2746500  5 29  2  14.3 1004 216  2.9 7  7.2  68    0    0 346 -386  2
3797500 2746500  5 29  3  14.5 1004 225  2.2 6  7.6  74    0    0 341 -386  2
3797500 2746500  5 29  4  14.5 1004 216  2.8 7  7.7  74    0    0 342 -386  2
3797500 2746500  5 29  5  13.9 1004 253  1.7 8  7.8  76    0    0 352 -385  2
3797500 2746500  5 29  6  12.9 1005 246  1.8 7  7.5  77    0   15 348 -385  2
3797500 2746500  5 29  7  13.3 1006 210  1.9 7  7.2  76    1   85 340 -384  2
3797500 2746500  5 29  8  14.0 1006 213  2.8 5  7.2  73  131  185 332 -383  2
3797500 2746500  5 29  9  14.3 1007 230  3.2 5  6.9  68  142  258 322 -386  2
3797500 2746500  5 29 10  15.3 1007 241  4.1 5  6.5  62  236  302 321 -389  2
3797500 2746500  5 29 11  15.9 1007 224  4.3 4  6.0  54  257  348 314 -391  2
3797500 2746500  5 29 12  16.0 1008 256  6.0 5  5.7  50  124  380 314 -406  2
3797500 2746500  5 29 13  16.1 1008 214  5.3 6  5.5  48   38  341 326 -421  2
3797500 2746500  5 29 14  15.6 1008 207  5.2 7  5.5  49   10  288 334 -428  2
3797500 2746500  5 29 15  17.0 1009 214  5.3 5  5.5  48  138  340 334 -428  2
3797500 2746500  5 29 16  16.3 1009 222  5.3 6  5.5  46  148  293 331 -428  2
3797500 2746500  5 29 17  14.4 1010 262  4.2 8  5.8  53    9  192 337 -422  2
3797500 2746500  5 29 18  15.4 1010 240  3.9 5  6.2  58   18  151 332 -409  2
3797500 2746500  5 29 19  15.1 1011 228  3.7 3  6.0  56  117   86 315 -405  2
3797500 2746500  5 29 20  14.2 1011 224  3.3 4  6.0  59   27   42 308 -399  2
3797500 2746500  5 29 21  13.5 1012 220  3.0 3  6.1  62    0    4 312 -388  2
3797500 2746500  5 29 22  12.9 1013 219  2.8 2  6.2  65    0    0 294 -379  2
3797500 2746500  5 29 23  12.7 1013 200  2.5 1  6.1  66    0    0 273 -374  2
3797500 2746500  5 29 24  12.7 1014 178  2.0 0  6.0  65    0    0 271 -369  2
3797500 2746500  5 30  1  12.7 1020 150  1.6 0  5.7  63    0    0 292 -388  2
3797500 2746500  5 30  2  12.2 1020 127  1.2 0  5.5  62    0    0 292 -388  2
3797500 2746500  5 30  3  11.9 1020 112  1.0 0  5.4  62    0    0 293 -389  2
3797500 2746500  5 30  4  11.6 1019 118  0.9 0  5.4  63    0    0 290 -389  2
3797500 2746500  5 30  5  13.0 1019 122  1.1 0  5.5  62    0    0 290 -390  2
3797500 2746500  5 30  6  13.1 1020 133  0.9 0  5.5  62   31   53 295 -390  2
3797500 2746500  5 30  7  16.1 1020 142  1.1 0  6.2  60  131  103 303 -392  2
3797500 2746500  5 30  8  17.9 1020 182  1.8 0  6.9  57  258  136 314 -395  2
3797500 2746500  5 30  9  18.4 1020 173  3.1 0  6.3  49  384  165 318 -399  2
3797500 2746500  5 30 10  19.5 1020 180  2.8 2  5.9  44  539  160 328 -403  2
3797500 2746500  5 30 11  19.8 1019 170  3.4 2  5.5  39  624  175 338 -404  2
3797500 2746500  5 30 12  20.4 1019 172  1.8 3  4.8  33  707  163 347 -406  2
3797500 2746500  5 30 13  20.7 1019 151  3.1 2  4.7  32  724  162 352 -405  2
3797500 2746500  5 30 14  21.4 1018 136  3.9 3  5.2  34  740  131 356 -404  2
3797500 2746500  5 30 15  21.7 1017 161  2.9 1  5.4  34  699  110 354 -402  2
3797500 2746500  5 30 16  22.4 1017 183  3.1 1  5.3  32  598  103 346 -400  2
3797500 2746500  5 30 17  22.6 1016 183  2.5 2  5.1  30  465   98 346 -401  2
3797500 2746500  5 30 18  22.6 1016 188  2.5 3  4.7  28  310   92 348 -403  2
3797500 2746500  5 30 19  22.1 1016 167  2.1 4  4.9  30  168   72 352 -404  2
3797500 2746500  5 30 20  21.1 1015 161  2.3 4  5.4  34   52   42 352 -402  2
3797500 2746500  5 30 21  19.5 1016 156  2.2 4  5.3  36    1    6 347 -400  2
3797500 2746500  5 30 22  18.3 1016 151  2.1 2  5.2  38    0    0 332 -397  2
3797500 2746500  5 30 23  18.0 1016 162  2.1 1  5.2  40    0    0 317 -394  2
3797500 2746500  5 30 24  18.4 1016 149  1.9 4  5.2  40    0    0 326 -393  2
3797500 2746500  5 31  1  18.3 1016 171  1.9 5  5.3  40    0    0 342 -393  2
3797500 2746500  5 31  2  17.8 1015 170  2.8 6  5.3  42    0    0 347 -393  2
3797500 2746500  5 31  3  17.8 1015 171  2.8 5  5.3  42    0    0 345 -392  2
3797500 2746500  5 31  4  16.8 1015 179  2.5 7  5.2  43    0    0 347 -391  2
3797500 2746500  5 31  5  16.1 1015 169  2.7 6  5.3  46    0    0 349 -390  2
3797500 2746500  5 31  6  16.6 1015 172  3.2 5  5.5  47    9   53 336 -390  2
3797500 2746500  5 31  7  17.4 1015 171  2.9 5  5.7  48   80  128 329 -390  2
3797500 2746500  5 31  8  18.7 1015 169  3.4 3  5.9  46  190  186 316 -391  2
3797500 2746500  5 31  9  20.2 1015 169  4.7 3  5.8  41  352  205 304 -393  2
3797500 2746500  5 31 10  21.4 1014 170  5.1 5  5.8  38  462  234 325 -395  2
3797500 2746500  5 31 11  21.7 1014 161  5.3 6  5.6  35  403  325 350 -400  2
3797500 2746500  5 31 12  22.0 1013 170  5.1 6  5.1  31  409  360 356 -404  2
3797500 2746500  5 31 13  22.1 1013 159  4.5 6  5.1  31  346  392 356 -407  2
3797500 2746500  5 31 14  22.0 1012 151  3.7 7  5.2  32  182  395 363 -413  2
3797500 2746500  5 31 15  22.5 1012 163  3.6 7  5.5  33   91  341 371 -417  2
3797500 2746500  5 31 16  22.7 1012 162  3.1 6  5.5  32  169  312 365 -416  2
3797500 2746500  5 31 17  22.3 1011 162  2.1 5  5.5  33  192  240 353 -411  2
3797500 2746500  5 31 18  20.3 1011 156  1.1 5  6.1  39   62  178 345 -404  2
3797500 2746500  5 31 19  17.9 1011 315  2.7 6  7.1  52    2   80 345 -400  2
3797500 2746500  5 31 20  17.0 1011 270  1.7 8  7.9  63    0   23 356 -395  2
3797500 2746500  5 31 21  15.9 1012 289  1.6 8  8.3  70    0    0 364 -388  2
3797500 2746500  5 31 22  15.4 1012  23  1.5 8  8.6  77    0    0 362 -383  2
3797500 2746500  5 31 23  14.7 1012 100  1.4 8  8.7  81    0    0 360 -380  2
3797500 2746500  5 31 24  15.0 1012  55  1.1 8  8.8  83    0    0 360 -377  2
3797500 2746500  6  1  1  14.7 1012 100  1.5 8  8.9  84    0    0 360 -377  2
3797500 2746500  6  1  2  14.3 1012 120  1.5 8  9.0  87    0    0 359 -377  2
3797500 2746500  6  1  3  13.8 1011 135  1.7 7  8.8  88    0    0 352 -376  2
3797500 2746500  6  1  4  13.2 1011 261  2.4 8  8.7  90    0    0 352 -374  2
3797500 2746500  6  1  5  12.7 1011 275  1.9 8  8.5  91    0    0 356 -372  2
3797500 2746500  6  1  6  12.4 1011 248  2.0 8  8.3  91    1   43 355 -370  2
3797500 2746500  6  1  7  12.7 1011 243  1.9 6  8.3  92    0   73 343 -371  2
3797500 2746500  6  1  8  12.8 1011 234  2.3 8  8.4  91    0   75 342 -377  2
3797500 2746500  6  1  9  12.9 1012 251  2.6 8  8.5  91    0  143 350 -386  2
3797500 2746500  6  1 10  13.4 1012 242  2.8 8  8.6  91    0  144 349 -396  2
3797500 2746500  6  1 11  14.3 1012 250  2.6 6  8.4  85    5  282 341 -404  2
3797500 2746500  6  1 12  14.0 1012 228  3.4 7  8.4  83    0  242 339 -406  2
3797500 2746500  6  1 13  14.8 1012 243  3.8 8  8.6  83    0  185 347 -411  2
3797500 2746500  6  1 14  17.3 1012 295  2.0 6  8.5  75   54  384 345 -424  2
3797500 2746500  6  1 15  16.1 1012 326  2.1 6  8.2  69   83  377 335 -427  2
3797500 2746500  6  1 16  18.4 1011  33  1.7 8  9.1  74    1  191 344 -424  2
3797500 2746500  6  1 17  18.9 1011 286  2.2 7 10.7  79    5  197 353 -423  2
3797500 2746500  6  1 18  17.5 1011 177  1.7 8 10.9  83    0   90 351 -415  2
3797500 2746500  6  1 19  17.3 1011  48  1.0 8 10.7  85    0   59 352 -404  2
3797500 2746500  6  1 20  16.6 1011 172  1.4 7 10.6  87    0   14 349 -397  2
3797500 2746500  6  1 21  16.1 1012 132  1.4 6 10.4  89    0    0 341 -391  2
3797500 2746500  6  1 22  15.6 1012 178  1.6 8 10.0  88    0    0 345 -383  2
3797500 2746500  6  1 23  14.9 1012 175  1.8 8  9.7  89    0    0 353 -381  2
3797500 2746500  6  1 24  14.3 1012 190  1.9 6  9.2  88    0    0 343 -381  2
3797500 2746500  6  2  1  13.9 1012 198  1.7 8  8.1  82    0    0 349 -379  2
3797500 2746500  6  2  2  13.1 1012 183  1.8 8  8.0  83    0    0 351 -378  2
3797500 2746500  6  2  3  12.7 1011 178  1.8 6  8.0  86    0    0 341 -377  2
3797500 2746500  6  2  4  12.7 1011 151  1.0 5  7.9  86    0    0 326 -376  2
3797500 2746500  6  2  5  12.1 1011 183  1.4 4  7.7  85    0    2 316 -375  2
3797500 2746500  6  2  6  12.8 1011 156  1.0 2  7.5  83   19   59 302 -376  2
3797500 2746500  6  2  7  14.7 1011 131  1.6 1  7.9  80  115  113 293 -379  2
3797500 2746500  6  2  8  17.7 1010 131  0.9 1  8.6  75  250  141 298 -384  2
3797500 2746500  6  2  9  20.4 1010 195  1.9 1  9.3  67  401  148 310 -391  2
3797500 2746500  6  2 10  18.6 1010 138  1.8 3  8.3  58  531  151 322 -395  2
3797500 2746500  6  2 11  19.8 1010 138  1.9 3  7.1  51  517  223 333 -396  2
3797500 2746500  6  2 12  20.2 1010 103  2.0 4  6.7  46  352  340 344 -393  2
3797500 2746500  6  2 13  21.2 1009  53  2.4 4  6.4  42  307  362 356 -390  2
3797500 2746500  6  2 14  20.9 1009 218  2.2 3  6.3  40  388  314 357 -389  2
3797500 2746500  6  2 15  21.5 1008  70  1.6 3  6.3  40  293  314 353 -387  2
3797500 2746500  6  2 16  20.9 1008  68  2.4 4  6.2  39  190  287 351 -386  2
3797500 2746500  6  2 17  21.3 1008  78  2.6 4  6.4  41  214  214 351 -386  2
3797500 2746500  6  2 18  20.9 1008  55  2.1 3  6.7  42  262  110 347 -385  2
3797500 2746500  6  2 19  20.7 1008  39  2.0 4  6.7  43  105   95 344 -384  2
3797500 2746500  6  2 20  20.3 1008  37  2.1 3  6.7  44   10   45 340 -382  2
3797500 2746500  6  2 21  18.5 1009  39  0.8 4  6.7  47    0    5 333 -379  2
3797500 2746500  6  2 22  17.8 1009  50  1.1 1  6.9  52    0    0 318 -377  2
3797500 2746500  6  2 23  16.7 1010  36  1.2 1  7.2  58    0    0 298 -375  2
3797500 2746500  6  2 24  15.9 1010  38  0.9 1  7.4  64    0    0 293 -374  2
3797500 2746500  6  3  1  13.5 1010  25  0.6 1  7.2  69    0    0 285 -372  2
3797500 2746500  6  3  2  12.9 1010  27  0.6 1  6.9  73    0    0 280 -371  2
3797500 2746500  6  3  3  12.3 1010 126  0.0 1  6.9  76    0    0 277 -371  2
3797500 2746500  6  3  4  12.0 1010 150  0.0 3  7.0  79    0    0 287 -371  2
3797500 2746500  6  3  5  12.6 1010  73  0.1 3  7.0  78    0    6 297 -372  2
3797500 2746500  6  3  6  12.8 1011  60  0.1 3  7.3  79   29   64 298 -372  2
3797500 2746500  6  3  7  14.5 1011 124  0.3 3  8.0  82   93  129 302 -372  2
3797500 2746500  6  3  8  16.5 1011 125  0.6 3  8.5  77  125  202 309 -374  2
3797500 2746500  6  3  9  18.4 1011  48  1.6 3  9.0  72  291  226 317 -380  2
3797500 2746500  6  3 10  19.9 1011  27  1.8 4  9.1  65  361  271 331 -389  2
3797500 2746500  6  3 11  20.1 1011  39  1.4 6  8.6  58  182  385 350 -399  2
3797500 2746500  6  3 12  19.3 1011   2  1.7 7  8.4  58   22  336 363 -406  2
3797500 2746500  6  3 13  19.8 1011  43  2.5 6  8.4  59   71  392 361 -407  2
3797500 2746500  6  3 14  19.6 1011  41  3.2 5  8.4  58  221  391 349 -404  2
3797500 2746500  6  3 15  18.4 1011  17  2.8 4  8.7  63  237  354 339 -404  2
3797500 2746500  6  3 16  16.6 1011 322  1.8 6  8.9  71   57  287 336 -409  2
3797500 2746500  6  3 17  14.6 1012 324  2.8 7  8.8  79    0  131 341 -408  2
3797500 2746500  6  3 18  14.1 1012 338  3.9 8  8.5  83    0   51 346 -401  2
3797500 2746500  6  3 19  14.0 1013 347  3.2 8  8.3  82    0   33 350 -395  2
3797500 2746500  6  3 20  13.7 1014   1  2.3 8  8.2  82    0   11 350 -386  2
3797500 2746500  6  3 21  13.9 1014 331  2.5 7  8.1  83    0    0 346 -378  2
3797500 2746500  6  3 22  13.9 1014 329  2.0 8  8.3  84    0    0 348 -371  2
3797500 2746500  6  3 23  13.9 1015 331  2.2 8  8.5  85    0    0 352 -366  2
3797500 2746500  6  3 24  13.7 1016 347  2.2 8  8.4  85    0    0 353 -361  2
3797500 2746500  6  4  1  13.3 1016 342  2.0 7  8.3  86    0    0 348 -358  2
3797500 2746500  6  4  2  12.8 1016 349  2.2 6  8.2  87    0    0 338 -356  2
3797500 2746500  6  4  3  12.4 1016 355  2.2 5  8.0  88    0    0 327 -355  2
3797500 2746500  6  4  4  12.0 1017 334  2.1 4  7.8  88    0    0 315 -356  2
3797500 2746500  6  4  5  11.5 1017 356  2.1 5  7.7  90    0    4 313 -356  2
3797500 2746500  6  4  6  11.8 1017 357  1.6 7  7.8  92    5   49 330 -357  2
3797500 2746500  6  4  7  12.4 1018 347  1.4 8  8.1  93    4   97 350 -360  2
3797500 2746500  6  4  8  13.2 1018 337  1.5 7  8.3  91    8  166 354 -365  2
3797500 2746500  6  4  9  13.9 1019 338  2.2 7  8.4  87   12  227 352 -372  2
3797500 2746500  6  4 10  15.2 1019 312  2.0 7  8.5  82   26  297 355 -380  2
3797500 2746500  6  4 11  15.9 1020 308  2.5 5  8.6  78  106  369 348 -390  2
3797500 2746500  6  4 12  16.6 1020 304  2.6 5  8.9  77  199  389 339 -401  2
3797500 2746500  6  4 13  17.3 1020 348  2.2 5  9.1  76  277  375 340 -405  2
3797500 2746500  6  4 14  17.5 1019 293  2.2 5  8.9  72  277  360 336 -409  2
3797500 2746500  6  4 15  18.5 1019 261  2.8 5  8.8  69  223  338 334 -415  2
3797500 2746500  6  4 16  19.3 1019 269  2.7 5  8.8  65  272  267 333 -416  2
3797500 2746500  6  4 17  19.9 1019 303  2.6 4  8.8  62  220  215 328 -412  2
3797500 2746500  6  4 18  21.2 1018 291  2.2 3  9.0  60  195  144 324 -408  2
3797500 2746500  6  4 19  20.0 1018 319  1.9 4  8.8  58   79  104 324 -401  2
3797500 2746500  6  4 20  18.8 1018 301  1.7 6  8.5  61   22   47 329 -391  2
3797500 2746500  6  4 21  18.0 1018 300  2.2 6  8.5  65    2    8 329 -381  2
3797500 2746500  6  4 22  17.4 1018 332  2.1 7  8.4  67    0    0 328 -373  2
3797500 2746500  6  4 23  16.5 1018 343  1.7 6  8.4  70    0    0 322 -366  2
3797500 2746500  6  4 24  16.0 1018 326  1.2 7  8.3  72    0    0 317 -361  2
3797500 2746500  6  5  1  15.8 1018 311  0.7 7  8.5  76    0    0 317 -357  2
3797500 2746500  6  5  2  14.6 1017 182  1.1 7  8.8  82    0    0 313 -354  2
3797500 2746500  6  5  3  14.1 1017 228  1.5 8  8.6  84    0    0 310 -352  2
3797500 2746500  6  5  4  14.4 1016 247  2.0 8  8.5  84    0    0 311 -350  2
3797500 2746500  6  5  5  13.2 1016 261  1.7 8  8.4  86    0    0 309 -347  2
3797500 2746500  6  5  6  11.8 1016 242  1.6 8  8.1  90    0    7 304 -347  2
3797500 2746500  6  5  7  12.8 1015 247  1.8 8  8.1  91    0   25 303 -352  2
3797500 2746500  6  5  8  12.4 1015 245  1.9 7  8.1  89    0   51 301 -362  2
3797500 2746500  6  5  9  11.2 1015 244  3.2 8  7.8  90    0   87 299 -375  2
3797500 2746500  6  5 10  11.4 1015 222  3.7 7  7.7  92    0  123 299 -387  2
3797500 2746500  6  5 11  11.5 1014 221  4.0 8  7.8  93    0  131 304 -399  2
3797500 2746500  6  5 12  11.3 1014 220  3.5 8  8.0  94    0  145 312 -411  2
3797500 2746500  6  5 13  12.8 1013 243  2.8 8  8.3  95    0  153 318 -421  2
3797500 2746500  6  5 14  13.1 1013 245  2.3 8  8.9  95    0  152 325 -429  2
3797500 2746500  6  5 15  13.5 1013 245  1.4 8  9.2  96    0  167 331 -434  2
3797500 2746500  6  5 16  14.9 1012 259  1.5 8  9.6  94    1  207 338 -439  2
3797500 2746500  6  5 17  15.4 1012 239  2.4 6  9.7  90   41  276 339 -441  2
3797500 2746500  6  5 18  15.3 1011 213  2.1 7  9.5  87    9  164 342 -426  2
3797500 2746500  6  5 19  15.9 1011 218  1.4 6  9.6  86    6  105 349 -405  2
3797500 2746500  6  5 20  15.6 1011 240  2.2 8  9.7  86    0   27 356 -394  2
3797500 2746500  6  5 21  15.2 1011 251  0.9 7  9.7  89    0    2 360 -390  2
3797500 2746500  6  5 22  15.3 1011 249  1.6 7  9.8  90    0    0 361 -387  2
3797500 2746500  6  5 23  14.3 1010 281  1.3 7  9.4  89    0    0 358 -386  2
3797500 2746500  6  5 24  13.8 1010 258  1.3 6  8.9  88    0    0 352 -385  2
3797500 2746500  6  6  1  13.8 1010 268  1.1 7  8.8  89    0    0 350 -384  2
3797500 2746500  6  6  2  13.2 1010 282  1.0 7  8.8  91    0    0 353 -384  2
3797500 2746500  6  6  3  12.9 1010 301  1.1 5  8.5  91    0    0 343 -383  2
3797500 2746500  6  6  4  12.6 1009 295  0.6 5  8.1  88    0    0 331 -381  2
3797500 2746500  6  6  5  12.5 1009 309  1.6 6  7.8  85    0    0 333 -380  2
3797500 2746500  6  6  6  12.6 1009 318  1.1 7  7.6  84    0   10 342 -380  2
3797500 2746500  6  6  7  12.8 1009 312  1.8 8  7.7  83    0   59 354 -380  2
3797500 2746500  6  6  8  13.0 1009 304  2.1 8  7.8  83    1  130 363 -380  2
3797500 2746500  6  6  9  13.9 1010 299  2.3 8  7.9  82    0  160 366 -380  2
3797500 2746500  6  6 10  14.5 1010 315  2.8 8  7.9  77    0  192 370 -381  2
3797500 2746500  6  6 11  14.6 1010 314  3.1 8  7.7  74    1  251 371 -382  2
3797500 2746500  6  6 12  14.6 1010 329  4.0 8  7.7  74    0  107 372 -384  2
3797500 2746500  6  6 13  14.6 1010 294  3.6 7  7.6  73    0  167 365 -386  2
3797500 2746500  6  6 14  14.3 1010 317  3.6 7  7.7  75    0  133 356 -393  2
3797500 2746500  6  6 15  13.2 1011 326  3.6 7  7.9  80    0  126 357 -401  2
3797500 2746500  6  6 16  15.5 1011 331  3.0 6  7.9  77   27  229 354 -402  2
3797500 2746500  6  6 17  15.0 1011 337  2.7 8  7.9  73   31  191 363 -402  2
3797500 2746500  6  6 18  14.9 1011 350  3.3 8  8.0  75    5  126 372 -403  2
3797500 2746500  6  6 19  15.1 1011 307  2.1 6  7.9  74   70   74 365 -400  2
3797500 2746500  6  6 20  14.1 1011 346  1.1 6  7.8  75   50   31 354 -396  2
3797500 2746500  6  6 21  13.6 1011 347  1.3 5  7.7  78    6    8 349 -393  2
3797500 2746500  6  6 22  13.7 1012 316  1.4 3  7.7  79    0    0 335 -390  2
3797500 2746500  6  6 23  12.5 1013 333  1.0 2  7.6  81    0    0 319 -387  2
3797500 2746500  6  6 24  12.1 1013 324  0.8 3  7.5  84    0    0 316 -386  2
3797500 2746500  6  7  1  11.1 1013 339  0.6 2  7.4  87    0    0 314 -386  2
3797500 2746500  6  7  2  10.7 1013 320  0.7 2  7.3  90    0    0 306 -385  2
3797500 2746500  6  7  3  10.5 1013 321  0.8 4  7.3  91    0    0 314 -383  2
3797500 2746500  6  7  4  11.0 1013 350  0.7 4  7.3  91    0    0 325 -381  2
3797500 2746500  6  7  5  10.9 1013  27  0.3 4  7.4  91    0    1 324 -379  2
3797500 2746500  6  7  6  11.1 1013 349  0.5 1  7.5  91    4   47 309 -379  2
3797500 2746500  6  7  7  13.0 1014 150  0.7 1  7.9  89  118  104 295 -383  2
3797500 2746500  6  7  8  14.9 1014 182  0.8 2  8.2  82  240  133 304 -387  2
3797500 2746500  6  7  9  15.3 1014 263  1.1 4  8.2  77  114  257 321 -391  2
3797500 2746500  6  7 10  15.5 1014 261  1.4 5  8.1  74   81  314 337 -393  2
3797500 2746500  6  7 11  15.8 1014 242  2.0 6  8.0  72   45  339 346 -396  2
3797500 2746500  6  7 12  16.3 1015 261  1.6 6  7.8  69   77  366 350 -407  2
3797500 2746500  6  7 13  16.6 1015 283  1.6 6  7.6  65  129  376 350 -420  2
3797500 2746500  6  7 14  18.5 1014 257  1.7 7  7.8  62  184  357 358 -428  2
3797500 2746500  6  7 15  18.3 1014 259  1.2 4  8.1  61  275  300 354 -433  2
3797500 2746500  6  7 16  19.3 1014 242  1.4 4  7.8  57  359  207 342 -438  2
3797500 2746500  6  7 17  19.8 1013 120  1.5 3  7.7  54  470   67 340 -438  2
3797500 2746500  6  7 18  20.4 1013 262  1.8 1  7.9  53  332   73 331 -433  2
3797500 2746500  6  7 19  20.2 1013 284  1.3 0  7.6  51  182   62 320 -426  2
3797500 2746500  6  7 20  19.7 1013 302  0.9 0  7.7  53   59   40 313 -419  2
3797500 2746500  6  7 21  17.3 1013 314  0.7 1  8.0  60    4    9 309 -411  2
3797500 2746500  6  7 22  16.6 1013  46  0.8 0  7.9  66    0    0 302 -405  2
3797500 2746500  6  7 23  15.8 1014  54  0.8 0  7.9  68    0    0 293 -402  2
3797500 2746500  6  7 24  15.0 1014  88  1.3 0  7.9  72    0    0 288 -401  2
3797500 2746500  6  8  1  13.2 1014  88  1.2 0  7.8  78    0    0 280 -399  2
3797500 2746500  6  8  2  13.1 1014 108  0.8 0  7.7  82    0    0 275 -397  2
3797500 2746500  6  8  3  12.3 1013 101  0.7 0  7.9  86    0    0 273 -395  2
3797500 2746500  6  8  4  12.2 1014 191  0.9 0  7.9  88    0    0 270 -394  2
3797500 2746500  6  8  5  12.2 1014 193  1.0 0  7.5  84    0    6 266 -392  2
3797500 2746500  6  8  6  15.0 1014 192  1.2 0  7.6  79   31   62 268 -392  2
3797500 2746500  6  8  7  17.2 1014 185  1.9 0  8.4  73  115  120 273 -395  2
3797500 2746500  6  8  8  18.5 1014 185  1.2 0  8.9  69  221  167 277 -402  2
3797500 2746500  6  8  9  20.0 1014 206  2.1 0  8.9  64  332  202 284 -412  2
3797500 2746500  6  8 10  20.7 1014 249  2.5 1  8.8  59  452  218 294 -425  2
3797500 2746500  6  8 11  22.0 1014 220  3.0 1  9.0  57  552  225 306 -441  2
3797500 2746500  6  8 12  22.8 1014 250  3.3 2  9.2  54  577  249 319 -456  2
3797500 2746500  6  8 13  23.8 1014 247  2.8 3  9.2  52  517  290 332 -474  2
3797500 2746500  6  8 14  24.0 1014 238  2.9 3  9.5  51  450  306 339 -487  2
3797500 2746500  6  8 15  25.3 1013 245  3.1 2  9.7  50  561  202 339 -492  2
3797500 2746500  6  8 16  25.3 1013 243  2.7 2  9.8  48  515  160 338 -493  2
3797500 2746500  6  8 17  25.7 1013 243  2.0 2  9.4  46  407  137 337 -490  2
3797500 2746500  6  8 18  26.1 1012 230  1.8 3  9.4  45  286  112 341 -483  2
3797500 2746500  6  8 19  25.4 1012 265  0.8 2  9.5  46  152   88 341 -473  2
3797500 2746500  6  8 20  24.8 1012 257  0.6 2  9.4  47   51   52 337 -460  2
3797500 2746500  6  8 21  22.1 1012 261  0.6 3  9.7  53    2   11 336 -447  2
3797500 2746500  6  8 22  20.3 1012 183  0.4 1  9.6  61    0    0 325 -436  2
3797500 2746500  6  8 23  19.2 1013 106  0.9 1  9.6  67    0    0 316 -427  2
3797500 2746500  6  8 24  18.4 1013 108  0.9 1  9.8  72    0    0 314 -421  2
3797500 2746500  6  9  1  17.5 1013 117  0.6 1  9.7  75    0    0 312 -416  2
3797500 2746500  6  9  2  16.8 1013 128  0.6 1  9.7  79    0    0 310 -413  2
3797500 2746500  6  9  3  16.4 1013 198  0.7 1  9.6  81    0    0 309 -410  2
3797500 2746500  6  9  4  16.1 1013 180  1.5 1  9.4  82    0    0 307 -408  2
3797500 2746500  6  9  5  16.4 1013 190  1.4 1  9.7  84    0    6 307 -405  2
3797500 2746500  6  9  6  18.4 1013 192  1.4 1 10.0  80   23   64 309 -404  2
3797500 2746500  6  9  7  20.0 1014 183  1.0 0 10.5  75  106  126 309 -407  2
3797500 2746500  6  9  8  21.8 1014 194  1.6 0 11.0  71  209  177 312 -418  2
3797500 2746500  6  9  9  24.1 1014 213  2.1 0 11.5  66  323  213 322 -434  2
3797500 2746500  6  9 10  25.3 1014 203  2.1 0 11.6  59  441  232 334 -451  2
3797500 2746500  6  9 11  26.3 1014 241  2.1 0 10.7  51  547  236 340 -469  2
3797500 2746500  6  9 12  27.1 1014 181  2.3 1 10.4  47  635  224 349 -484  2
3797500 2746500  6  9 13  27.3 1013 170  2.5 1 10.4  46  630  238 355 -497  2
3797500 2746500  6  9 14  27.7 1013 182  1.5 2  9.7  42  626  220 359 -506  2
3797500 2746500  6  9 15  28.8 1013  22  1.4 3  9.9  41  531  228 369 -511  2
3797500 2746500  6  9 16  29.3 1012 306  1.3 3 10.1  40  468  195 375 -510  2
3797500 2746500  6  9 17  29.8 1012 282  1.0 4  9.1  35  411  142 378 -505  2
3797500 2746500  6  9 18  30.3 1012 296  2.0 4  8.7  32  276  123 381 -498  2
3797500 2746500  6  9 19  29.3 1011 338  1.0 5  8.8  34  144   94 383 -488  2
3797500 2746500  6  9 20  27.2 1011 267  1.0 5  9.5  39   42   52 380 -475  2
3797500 2746500  6  9 21  24.8 1011  18  1.4 6 10.0  47    0    7 376 -462  2
3797500 2746500  6  9 22  23.5 1012  94  0.7 4  9.7  51    0    0 369 -453  2
3797500 2746500  6  9 23  23.0 1012  90  0.9 4  9.7  54    0    0 362 -448  2
3797500 2746500  6  9 24  21.2 1012 119  0.0 6 10.1  60    0    0 364 -441  2
3797500 2746500  6 10  1  22.4 1012 193  1.1 7  9.7  59    0    0 373 -434  2
3797500 2746500  6 10  2  22.1 1012 183  1.1 7  9.4  56    0    0 376 -430  2
3797500 2746500  6 10  3  22.4 1012 182  1.5 6  9.8  58    0    0 373 -427  2
3797500 2746500  6 10  4  21.8 1012 211  1.8 7 10.5  63    0    0 374 -424  2
3797500 2746500  6 10  5  21.5 1012 223  2.8 6 10.7  66    0    2 373 -422  2
3797500 2746500  6 10  6  21.2 1012 224  3.2 6 10.9  68   18   64 368 -422  2
3797500 2746500  6 10  7  21.9 1012 235  2.8 5 11.3  70   70  135 365 -426  2
3797500 2746500  6 10  8  22.8 1012 243  3.0 3 11.1  66  154  197 359 -435  2
3797500 2746500  6 10  9  23.7 1013 237  3.1 3 10.9  61  228  254 355 -448  2
3797500 2746500  6 10 10  23.9 1013 251  3.5 6 11.3  61  224  325 367 -463  2
3797500 2746500  6 10 11  23.4 1013 241  4.5 6 10.6  58  351  336 376 -479  2
3797500 2746500  6 10 12  25.6 1013 246  4.0 6  9.3  48  373  360 380 -493  2
3797500 2746500  6 10 13  25.6 1013 240  3.9 7  9.5  46  311  387 389 -504  2
3797500 2746500  6 10 14  25.4 1013 260  2.9 7  9.9  48  225  390 394 -513  2
3797500 2746500  6 10 15  26.3 1012 281  3.0 6 10.0  48  240  354 394 -518  2
3797500 2746500  6 10 16  26.5 1012 275  3.9 6 10.9  50  176  309 396 -516  2
3797500 2746500  6 10 17  26.7 1012 281  3.0 6 10.7  49  265  216 397 -507  2
3797500 2746500  6 10 18  27.0 1011 295  2.5 5 10.2  46  205  155 392 -480  2
3797500 2746500  6 10 19  26.5 1011 288  0.5 6 10.9  49   91  111 391 -458  2
3797500 2746500  6 10 20  25.1 1011   4  1.1 7 11.4  54   14   51 394 -453  2
3797500 2746500  6 10 21  23.6 1011 350  2.3 7 11.2  58    0    8 392 -445  2
3797500 2746500  6 10 22  22.3 1012  24  1.9 6 10.9  62    0    0 383 -437  2
3797500 2746500  6 10 23  21.3 1013 332  1.2 5 10.9  66    0    0 373 -430  2
3797500 2746500  6 10 24  19.5 1013 309  1.4 4 10.9  72    0    0 361 -425  2
3797500 2746500  6 11  1  18.9 1013 325  1.1 5 11.0  79    0    0 357 -424  2
3797500 2746500  6 11  2  18.2 1013 279  1.0 6 10.9  81    0    0 360 -423  2
3797500 2746500  6 11  3  17.2 1013 265  0.3 7 10.7  84    0    0 362 -422  2
3797500 2746500  6 11  4  17.2 1013   3  0.7 7 10.7  87    0    0 362 -421  2
3797500 2746500  6 11  5  17.4 1013 259  0.5 8 10.8  87    0    1 365 -420  2
3797500 2746500  6 11  6  17.4 1013 237  1.0 7 10.7  86    7   54 365 -419  2
3797500 2746500  6 11  7  18.6 1013 256  1.4 5 10.6  82   20  121 354 -420  2
3797500 2746500  6 11  8  18.2 1013 224  1.4 7 10.7  80    0  117 353 -423  2
3797500 2746500  6 11  9  19.5 1014 202  1.3 7 10.8  79   12  230 364 -431  2
3797500 2746500  6 11 10  20.8 1013 248  2.1 6 10.9  73  241  304 365 -443  2
3797500 2746500  6 11 11  20.4 1013 245  2.7 8 10.8  71   17  308 373 -454  2
3797500 2746500  6 11 12  19.6 1013 227  2.7 8 11.2  76    0  214 382 -454  2
3797500 2746500  6 11 13  19.9 1013 240  2.1 7 11.5  80   11  296 380 -457  2
3797500 2746500  6 11 14  20.6 1013 245  3.0 7 11.9  80    5  261 380 -469  2
3797500 2746500  6 11 15  19.5 1013 229  1.7 7 11.8  80    0  197 381 -472  2
3797500 2746500  6 11 16  19.4 1013 218  2.4 7 11.3  79    4  209 379 -471  2
3797500 2746500  6 11 17  19.2 1013 218  1.6 7 11.5  82   11  199 378 -469  2
3797500 2746500  6 11 18  18.8 1012 257  1.9 8 11.8  85   10  151 381 -465  2
3797500 2746500  6 11 19  18.8 1011 213  1.5 7 11.8  86    0   69 379 -455  2
3797500 2746500  6 11 20  18.6 1011 238  2.2 8 11.9  88    0   31 378 -444  2
3797500 2746500  6 11 21  18.5 1011 231  2.1 8 12.1  90    0    4 382 -436  2
3797500 2746500  6 11 22  18.5 1011 204  2.8 7 12.0  90    0    0 376 -428  2
3797500 2746500  6 11 23  18.4 1011 231  2.4 7 11.8  88    0    0 370 -422  2
3797500 2746500  6 11 24  18.4 1011 216  2.9 8 11.8  89    0    0 375 -418  2
3797500 2746500  6 12  1  18.3 1011 231  2.2 8 11.9  90    0    0 380 -413  2
3797500 2746500  6 12  2  17.8 1011 235  3.1 8 11.9  92    0    0 379 -408  2
3797500 2746500  6 12  3  17.7 1011 235  2.4 8 11.8  92    0    0 379 -405  2
3797500 2746500  6 12  4  16.9 1010 251  3.5 7 11.2  90    0    0 372 -402  2
3797500 2746500  6 12  5  15.9 1010 236  3.2 7 10.2  87    0    3 362 -400  2
3797500 2746500  6 12  6  15.7 1010 242  3.1 8  9.7  86    0   11 365 -399  2
3797500 2746500  6 12  7  15.2 1011 251  3.0 8  9.5  86    0   24 370 -404  2
3797500 2746500  6 12  8  14.9 1011 241  2.2 8  9.5  88    0   64 368 -411  2
3797500 2746500  6 12  9  15.6 1011 243  3.1 7  9.5  88    3  201 364 -421  2
3797500 2746500  6 12 10  16.5 1012 241  3.2 6  9.5  83  103  309 357 -433  2
3797500 2746500  6 12 11  17.8 1012 243  3.1 6  9.3  76  247  325 357 -446  2
3797500 2746500  6 12 12  18.0 1011 247  3.3 6  9.1  71   89  362 361 -457  2
3797500 2746500  6 12 13  18.4 1011 245  3.3 7  9.1  70    9  292 368 -463  2
3797500 2746500  6 12 14  18.2 1011 235  2.9 8  9.4  71    1  233 376 -467  2
3797500 2746500  6 12 15  18.7 1011 234  4.7 6  9.8  74   32  291 370 -469  2
3797500 2746500  6 12 16  18.8 1011 224  4.3 6  9.8  72  187  270 362 -468  2
3797500 2746500  6 12 17  18.5 1011 260  3.5 7  9.8  72   76  229 364 -462  2
3797500 2746500  6 12 18  17.6 1010 245  3.7 8  9.9  76    1  119 370 -453  2
3797500 2746500  6 12 19  17.5 1010 255  2.2 8  9.5  76    0   55 369 -440  2
3797500 2746500  6 12 20  16.0 1010 232  2.1 7  9.4  79    0   12 360 -427  2
3797500 2746500  6 12 21  15.5 1010 219  1.2 4  9.6  86    0    2 340 -415  2
3797500 2746500  6 12 22  14.7 1010 231  1.2 3  9.3  86    0    0 320 -406  2
3797500 2746500  6 12 23  14.6 1010 233  1.7 3  9.0  86    0    0 314 -399  2
3797500 2746500  6 12 24  13.9 1011 235  1.3 1  8.9  87    0    0 304 -393  2
3797500 2746500  6 13  1  13.4 1011 224  1.1 3  8.6  88    0    0 302 -389  2
3797500 2746500  6 13  2  13.3 1011 217  1.1 3  8.4  88    0    0 309 -387  2
3797500 2746500  6 13  3  13.7 1010 227  2.3 5  8.5  87    0    0 320 -388  2
3797500 2746500  6 13  4  13.9 1010 213  2.2 5  8.7  87    0    0 331 -387  2
3797500 2746500  6 13  5  12.5 1010 258  2.5 7  8.5  89    0    3 338 -385  2
3797500 2746500  6 13  6  13.1 1010 227  2.5 7  8.3  90    1   44 344 -384  2
3797500 2746500  6 13  7  12.2 1010 249  2.2 8  8.1  88    0   83 349 -386  2
3797500 2746500  6 13  8  13.8 1010 259  1.9 7  8.1  86   39  170 350 -391  2
3797500 2746500  6 13  9  14.6 1011 238  2.2 6  8.7  86   87  225 347 -399  2
3797500 2746500  6 13 10  15.2 1011 248  2.7 6  9.0  84  143  259 346 -410  2
3797500 2746500  6 13 11  14.2 1011 254  2.6 7  8.6  82   25  286 349 -420  2
3797500 2746500  6 13 12  14.8 1011 293  3.1 7  8.3  80   75  311 349 -419  2
3797500 2746500  6 13 13  15.0 1011 282  1.7 8  8.1  77    0  192 351 -418  2
3797500 2746500  6 13 14  14.9 1011 260  2.3 6  8.1  76   14  264 345 -427  2
3797500 2746500  6 13 15  14.2 1012 282  0.6 7  8.3  80    0  176 341 -423  2
3797500 2746500  6 13 16  15.3 1012 249  1.5 7  8.6  82    0  170 347 -422  2
3797500 2746500  6 13 17  13.1 1012 308  1.0 8  8.3  82    0  123 351 -426  2
3797500 2746500  6 13 18  14.5 1013 164  1.2 8  8.3  84    1  115 355 -412  2
3797500 2746500  6 13 19  13.6 1013 309  1.2 7  8.3  83    0   49 353 -399  2
3797500 2746500  6 13 20  14.3 1014 323  0.1 6  8.3  83    0   23 345 -396  2
3797500 2746500  6 13 21  14.1 1014 304  0.3 5  8.4  83    0    1 339 -391  2
3797500 2746500  6 13 22  14.1 1015 293  0.7 6  8.4  84    0    0 339 -388  2
3797500 2746500  6 13 23  14.1 1016 290  1.0 6  8.6  86    0    0 345 -385  2
3797500 2746500  6 13 24  13.7 1016 310  0.1 5  8.6  87    0    0 342 -382  2
3797500 2746500  6 14  1  13.8 1017 310  0.4 4  8.7  88    0    0 333 -379  2
3797500 2746500  6 14  2  13.9 1017 321  1.0 4  8.7  89    0    0 330 -376  2
3797500 2746500  6 14  3  13.8 1017 321  1.7 7  8.6  87    0    0 342 -374  2
3797500 2746500  6 14  4  13.6 1018 336  1.7 7  8.5  87    0    0 356 -372  2
3797500 2746500  6 14  5  13.4 1019 335  2.1 8  8.3  86    0    0 359 -371  2
3797500 2746500  6 14  6  13.4 1019 342  1.8 7  8.2  86    0   17 360 -373  2
3797500 2746500  6 14  7  13.5 1019 340  2.3 7  8.1  85    0   50 358 -375  2
3797500 2746500  6 14  8  13.6 1020 341  3.3 7  8.0  83    0  115 358 -379  2
3797500 2746500  6 14  9  13.8 1021 341  3.3 7  7.6  79    3  203 356 -387  2
3797500 2746500  6 14 10  14.4 1021 357  3.3 7  7.5  75    0  220 354 -402  2
3797500 2746500  6 14 11  13.7 1022 347  3.3 7  7.4  75    0  210 350 -419  2
3797500 2746500  6 14 12  14.4 1022 335  2.8 8  7.3  74    0  189 349 -433  2
3797500 2746500  6 14 13  14.1 1022 342  2.3 7  7.3  73    0  196 342 -442  2
3797500 2746500  6 14 14  15.6 1023 359  2.8 7  7.4  71    0  187 337 -449  2
3797500 2746500  6 14 15  15.9 1023 348  2.7 7  7.5  68    0  198 337 -454  2
3797500 2746500  6 14 16  15.7 1023 347  3.2 7  7.2  65   11  240 335 -454  2
3797500 2746500  6 14 17  16.1 1023 340  2.9 6  7.0  62   36  231 330 -448  2
3797500 2746500  6 14 18  15.8 1023 348  2.2 8  6.9  62    4  137 331 -440  2
3797500 2746500  6 14 19  15.8 1023  13  1.1 8  7.0  63    2   87 333 -430  2
3797500 2746500  6 14 20  15.5 1024  29  1.1 7  7.0  64    5   46 326 -416  2
3797500 2746500  6 14 21  14.3 1024   4  0.9 6  6.9  66    0   10 314 -402  2
3797500 2746500  6 14 22  12.2 1024 131  0.0 4  6.8  73    0    0 299 -389  2
3797500 2746500  6 14 23  10.8 1024 161  0.0 3  6.8  81    0    0 286 -380  2
3797500 2746500  6 14 24  10.1 1024 358  0.0 0  6.8  87    0    0 273 -375  2
3797500 2746500  6 15  1   9.7 1025 213  0.4 0  6.8  90    0    0 263 -371  2
3797500 2746500  6 15  2   9.3 1024 270  1.4 0  6.6  91    0    0 261 -370  2
3797500 2746500  6 15  3   8.7 1024 257  0.5 1  6.5  92    0    0 260 -367  2
3797500 2746500  6 15  4   8.5 1024 348  0.1 1  6.6  96    0    0 261 -364  2
3797500 2746500  6 15  5   8.2 1024 216  0.1 3  6.6  98    0   12 265 -363  2
3797500 2746500  6 15  6  10.1 1024 258  0.2 3  6.8  95   33   65 274 -364  2
3797500 2746500  6 15  7  12.6 1024 202  0.7 5  7.4  89   82  132 289 -371  2
3797500 2746500  6 15  8  14.7 1024 220  1.6 5  7.8  81  120  204 304 -381  2
3797500 2746500  6 15  9  16.1 1024 250  2.4 3  7.8  72  265  242 302 -394  2
3797500 2746500  6 15 10  16.7 1024 252  2.6 5  7.6  66  313  299 306 -410  2
3797500 2746500  6 15 11  17.8 1024 264  2.3 6  7.8  64  321  351 324 -426  2
3797500 2746500  6 15 12  18.4 1023 232  2.5 6  8.1  63  283  391 336 -437  2
3797500 2746500  6 15 13  19.2 1023 249  2.6 6  8.0  60  199  403 343 -448  2
3797500 2746500  6 15 14  20.4 1022 231  2.8 7  8.1  57   97  368 353 -460  2
3797500 2746500  6 15 15  20.8 1021 288  2.0 7  8.6  57   97  340 364 -465  2
3797500 2746500  6 15 16  21.4 1021 240  3.0 7  9.2  59  163  309 369 -462  2
3797500 2746500  6 15 17  22.1 1020 236  2.7 4  9.6  59  351  186 362 -457  2
3797500 2746500  6 15 18  22.3 1020 254  2.7 4  9.6  58  212  161 354 -453  2
3797500 2746500  6 15 19  22.7 1019 242  2.6 6  9.8  58   62  119 366 -447  2
3797500 2746500  6 15 20  21.1 1019 233  2.0 6  9.9  60    5   45 375 -440  2
3797500 2746500  6 15 21  20.6 1018 232  2.0 5  9.8  64    0    6 369 -428  2
3797500 2746500  6 15 22  18.9 1018 232  1.9 4  9.7  68    0    0 358 -416  2
3797500 2746500  6 15 23  18.4 1018 258  1.2 4  9.7  73    0    0 351 -406  2
3797500 2746500  6 15 24  17.0 1018 298  0.8 3 10.0  79    0    0 346 -399  2
3797500 2746500  6 16  1  16.2 1018 272  0.5 0  9.7  83    0    0 328 -393  2
3797500 2746500  6 16  2  15.9 1017 262  0.5 0  9.5  84    0    0 314 -389  2
3797500 2746500  6 16  3  15.9 1017 208  0.6 2  9.6  85    0    0 321 -386  2
3797500 2746500  6 16  4  15.6 1016 220  0.7 3  9.6  86    0    0 332 -384  2
3797500 2746500  6 16  5  15.2 1016 208  1.1 2  9.5  87    0    7 330 -383  2
3797500 2746500  6 16  6  16.9 1015 208  1.6 1  9.9  87   34   61 323 -383  2
3797500 2746500  6 16  7  18.6 1015 221  1.7 0 10.8  85  126  116 320 -387  2
3797500 2746500  6 16  8  19.7 1014 248  2.3 2 11.3  81  192  178 330 -398  2
3797500 2746500  6 16  9  20.4 1014 244  3.0 2 11.5  78  283  223 343 -414  2
3797500 2746500  6 16 10  21.6 1013 254  2.4 2 11.4  73  426  234 348 -431  2
3797500 2746500  6 16 11  22.6 1013 280  2.8 3 11.1  66  380  315 357 -446  2
3797500 2746500  6 16 12  22.9 1012 271  3.0 3 10.8  62  364  352 365 -454  2
3797500 2746500  6 16 13  22.5 1011 325  2.6 6 10.8  62  142  379 375 -456  2
3797500 2746500  6 16 14  23.2 1011 276  4.0 5 10.7  61  177  368 384 -455  2
3797500 2746500  6 16 15  23.3 1010 310  4.9 5 10.7  60  161  340 382 -453  2
3797500 2746500  6 16 16  23.3 1010 303  3.8 5 10.6  59   19  253 382 -445  2
3797500 2746500  6 16 17  21.1 1009 308  4.2 7 10.2  61    3  177 385 -436  2
3797500 2746500  6 16 18  17.0 1010 346  4.8 8  9.9  71    0  114 386 -430  2
3797500 2746500  6 16 19  16.5 1010 341  2.7 8  9.8  82    0   67 382 -424  2
3797500 2746500  6 16 20  17.5 1011 323  2.9 6  9.4  78    4   45 371 -417  2
3797500 2746500  6 16 21  17.3 1011 320  2.5 7  8.6  69    3   13 365 -411  2
3797500 2746500  6 16 22  16.6 1011 330  2.7 4  7.8  65    0    0 350 -405  2
3797500 2746500  6 16 23  15.8 1012 334  2.9 4  7.2  62    0    0 329 -401  2
3797500 2746500  6 16 24  14.6 1012 336  2.2 5  6.9  64    0    0 327 -396  2
3797500 2746500  6 17  1  13.4 1012 345  2.0 5  6.7  67    0    0 327 -391  2
3797500 2746500  6 17  2  12.5 1013 342  1.6 5  6.6  70    0    0 323 -386  2
3797500 2746500  6 17  3  11.8 1013 337  1.2 3  6.5  74    0    0 313 -379  2
3797500 2746500  6 17  4  12.5 1013 319  0.8 4  6.6  75    0    0 309 -374  2
3797500 2746500  6 17  5  12.6 1013 298  0.8 6  6.8  75    0    0 327 -369  2
3797500 2746500  6 17  6  13.4 1013 312  1.1 6  7.1  76    0   32 339 -368  2
3797500 2746500  6 17  7  13.9 1013 325  2.5 5  7.2  74   38  115 334 -372  2
3797500 2746500  6 17  8  14.1 1014 338  2.8 6  7.0  70   37  182 333 -382  2
3797500 2746500  6 17  9  14.2 1014 340  3.0 7  6.6  65   27  236 342 -395  2
3797500 2746500  6 17 10  14.9 1014 311  2.7 6  6.5  63   81  298 343 -409  2
3797500 2746500  6 17 11  16.3 1014 328  2.6 6  6.8  61   96  330 342 -422  2
3797500 2746500  6 17 12  17.0 1014 327  3.4 4  7.0  59  276  312 337 -432  2
3797500 2746500  6 17 13  16.6 1014 295  3.6 4  6.8  57  304  305 329 -439  2
3797500 2746500  6 17 14  17.4 1013 333  2.6 5  6.2  51  172  319 333 -440  2
3797500 2746500  6 17 15  18.3 1013 320  3.0 6  6.1  48  204  285 343 -431  2
3797500 2746500  6 17 16  18.3 1013 312  3.2 5  6.3  48  210  242 344 -420  2
3797500 2746500  6 17 17  18.6 1012 324  3.2 5  6.5  49  135  209 342 -415  2
3797500 2746500  6 17 18  18.1 1012 344  2.5 3  6.5  50  222  112 334 -413  2
3797500 2746500  6 17 19  18.7 1012 309  1.8 3  6.5  50  135   75 326 -411  2
3797500 2746500  6 17 20  17.7 1011 313  1.1 3  6.6  50   70   35 326 -407  2
3797500 2746500  6 17 21  16.6 1011 246  1.2 4  6.5  53    6   11 325 -404  2
3797500 2746500  6 17 22  15.4 1011 202  0.9 5  6.7  59    0    0 328 -401  2
3797500 2746500  6 17 23  15.1 1011 223  1.5 4  6.9  64    0    0 325 -397  2
3797500 2746500  6 17 24  14.3 1011 191  1.0 3  7.0  67    0    0 315 -392  2
3797500 2746500  6 18  1  14.1 1010 186  0.9 1  7.1  70    0    0 299 -387  2
3797500 2746500  6 18  2  14.8 1009 171  2.6 1  7.2  70    0    0 289 -385  2
3797500 2746500  6 18  3  14.1 1008 183  1.9 4  7.4  72    0    0 301 -387  2
3797500 2746500  6 18  4  14.8 1007 215  3.1 5  7.5  72    0    0 317 -389  2
3797500 2746500  6 18  5  15.7 1007 196  2.3 6  7.7  71    0    0 329 -390  2
3797500 2746500  6 18  6  15.7 1006 186  2.9 7  8.0  71    0   19 341 -393  2
3797500 2746500  6 18  7  16.6 1005 206  3.7 6  8.1  70    7  105 343 -397  2
3797500 2746500  6 18  8  17.7 1004 215  4.8 4  8.5  69  128  191 333 -403  2
3797500 2746500  6 18  9  19.2 1003 221  5.8 3  8.9  66  346  188 324 -411  2
3797500 2746500  6 18 10  20.4 1002 228  4.6 3  9.4  64  384  247 327 -422  2
3797500 2746500  6 18 11  20.3 1002 228  5.7 5  9.6  64  287  336 340 -438  2
3797500 2746500  6 18 12  20.2 1001 240  6.3 6  9.6  64   93  366 356 -453  2
3797500 2746500  6 18 13  20.1 1001 245  6.4 7  9.4  63    2  253 367 -463  2
3797500 2746500  6 18 14  18.8 1000 285  4.6 6  9.3  65   15  293 367 -465  2
3797500 2746500  6 18 15  19.7 1000 266  5.8 3  9.1  64  227  328 352 -462  2
3797500 2746500  6 18 16  19.2 1000 294  5.7 4  8.1  57  178  288 346 -457  2
3797500 2746500  6 18 17  16.2 1001 299  4.6 6  7.7  60   55  236 350 -450  2
3797500 2746500  6 18 18  16.8 1001 287  3.3 6  7.5  63   11  153 354 -437  2
3797500 2746500  6 18 19  16.8 1001 271  2.2 7  7.5  62    2   81 358 -422  2
3797500 2746500  6 18 20  17.0 1001 291  2.2 7  7.4  61    1   41 362 -413  2
3797500 2746500  6 18 21  16.6 1001 271  2.2 6  7.4  61    0    7 360 -407  2
3797500 2746500  6 18 22  16.4 1001 286  1.8 6  7.4  62    0    0 356 -399  2
3797500 2746500  6 18 23  15.9 1001 272  1.8 6  7.4  64    0    0 354 -392  2
3797500 2746500  6 18 24  15.4 1001 252  1.7 7  7.6  68    0    0 356 -390  2
3797500 2746500  6 19  1  15.1 1001 254  1.4 6  7.8  71    0    0 356 -391  2
3797500 2746500  6 19  2  14.9 1001 240  1.4 6  7.9  73    0    0 349 -391  2
3797500 2746500  6 19  3  14.4 1001 250  1.2 6  8.0  76    0    0 347 -392  2
3797500 2746500  6 19  4  14.4 1000 233  1.8 6  8.1  78    0    0 346 -392  2
3797500 2746500  6 19  5  14.2 1000 243  1.5 7  8.4  81    0    0 351 -392  2
3797500 2746500  6 19  6  13.5 1000 243  1.7 8  8.7  87    0   11 359 -392  2
3797500 2746500  6 19  7  14.0 1000 251  1.9 7  9.1  92    0   72 360 -392  2
3797500 2746500  6 19  8  14.0 1000 251  2.0 8  9.3  92    0  111 360 -394  2
3797500 2746500  6 19  9  14.1 1000 273  1.9 8  9.3  91    0  108 364 -398  2
3797500 2746500  6 19 10  14.5 1000 256  2.8 7  9.3  90    9  243 361 -402  2
3797500 2746500  6 19 11  14.9 1000 252  2.6 7  9.1  86   29  289 359 -405  2
3797500 2746500  6 19 12  15.1 1000 248  2.6 7  9.0  83   16  283 360 -410  2
3797500 2746500  6 19 13  15.6 1000 247  1.4 7  9.1  82    1  246 362 -414  2
3797500 2746500  6 19 14  16.3 1000 238  3.0 5  9.0  78  151  286 357 -420  2
3797500 2746500  6 19 15  17.0  999 229  3.8 5  9.2  76  124  261 353 -425  2
3797500 2746500  6 19 16  16.0  999 241  3.5 6  9.0  75   43  238 354 -423  2
3797500 2746500  6 19 17  15.3  999 221  2.6 7  8.6  76    0  134 358 -418  2
3797500 2746500  6 19 18  14.9  999 231  2.9 7  8.5  78    0  111 359 -410  2
3797500 2746500  6 19 19  14.2  999 210  1.7 8  8.5  81    0   52 360 -403  2
3797500 2746500  6 19 20  14.3  998 214  2.3 8  8.7  83    0   29 362 -398  2
3797500 2746500  6 19 21  14.0  998 212  2.4 7  8.7  85    0    5 362 -394  2
3797500 2746500  6 19 22  13.8  998 216  2.6 7  8.7  86    0    0 351 -388  2
3797500 2746500  6 19 23  14.2  998 210  2.6 7  8.6  84    0    0 343 -380  2
3797500 2746500  6 19 24  14.9  998 203  2.3 7  8.5  80    0    0 346 -376  2
3797500 2746500  6 20  1  16.0 1006 197  2.1 7  8.4  74    0    0 347 -389  2
3797500 2746500  6 20  2  16.9 1005 196  2.0 7  8.4  69    0    0 356 -390  2
3797500 2746500  6 20  3  17.6 1005 200  2.0 7  8.3  65    0    0 362 -390  2
3797500 2746500  6 20  4  17.5 1005 210  2.3 7  8.2  65    0    0 361 -391  2
3797500 2746500  6 20  5  17.5 1004 213  2.7 7  8.0  64    0    3 356 -391  2
3797500 2746500  6 20  6  17.5 1004 222  3.0 8  7.8  62    0   17 359 -391  2
3797500 2746500  6 20  7  17.6 1004 221  3.8 7  7.7  61   23  118 358 -393  2
3797500 2746500  6 20  8  18.8 1004 209  3.4 5  7.7  58  208  160 352 -399  2
3797500 2746500  6 20  9  20.0 1004 209  4.3 3  7.6  53  459  114 346 -407  2
3797500 2746500  6 20 10  20.5 1004 228  5.5 4  7.6  51  300  275 347 -419  2
3797500 2746500  6 20 11  19.7 1004 232  5.3 6  7.6  51   80  348 360 -426  2
3797500 2746500  6 20 12  19.8 1004 264  5.1 5  7.6  52   74  366 365 -421  2
3797500 2746500  6 20 13  18.1 1004 229  4.7 7  7.9  57    3  267 368 -420  2
3797500 2746500  6 20 14  19.0 1005 251  4.2 7  8.3  62    2  240 375 -428  2
3797500 2746500  6 20 15  17.6 1005 259  4.5 8  9.0  68    0  167 381 -439  2
3797500 2746500  6 20 16  18.3 1006 227  3.0 6  9.7  75   78  292 377 -443  2
3797500 2746500  6 20 17  18.3 1005 224  3.5 8 10.1  76    0  126 378 -441  2
3797500 2746500  6 20 18  16.9 1005 274  3.2 8 10.4  82    0   88 384 -437  2
3797500 2746500  6 20 19  16.8 1006 220  3.8 7 10.7  88    3   81 378 -428  2
3797500 2746500  6 20 20  16.9 1006 221  3.3 3 10.4  86   54   51 355 -419  2
3797500 2746500  6 20 21  16.4 1006 225  3.3 3 10.0  84    0    0 337 -412  2
3797500 2746500  6 20 22  16.0 1007 293  1.4 2  9.8  84    0    0 329 -406  2
3797500 2746500  6 20 23  14.5 1008 253  1.1 2  9.1  83    0    0 319 -402  2
3797500 2746500  6 20 24  13.4 1008 220  1.3 1  8.6  85    0    0 308 -397  2
3797500 2746500  6 21  1  13.5 1009 231  2.2 0  8.1  83    0    0 295 -391  2
3797500 2746500  6 21  2  13.1 1009 229  2.2 0  7.6  79    0    0 287 -386  2
3797500 2746500  6 21  3  12.0 1010 229  2.4 1  7.2  79    0    0 287 -381  2
3797500 2746500  6 21  4  11.7 1010 229  2.5 1  6.9  79    0    0 287 -378  2
3797500 2746500  6 21  5  11.5 1010 219  2.0 4  6.7  79    1   16 298 -374  2
3797500 2746500  6 21  6  12.5 1010 210  1.7 5  6.8  78   10   58 315 -373  2
3797500 2746500  6 21  7  13.2 1011 210  2.0 7  7.1  77    8  106 327 -376  2
3797500 2746500  6 21  8  14.0 1011 218  2.5 8  7.4  76    3  150 339 -385  2
3797500 2746500  6 21  9  14.9 1012 220  3.0 7  7.7  75   97  281 338 -397  2
3797500 2746500  6 21 10  16.4 1012 210  3.6 7  8.0  72  162  340 336 -410  2
3797500 2746500  6 21 11  17.0 1012 223  2.4 7  8.3  70  146  385 337 -423  2
3797500 2746500  6 21 12  18.5 1012 229  2.9 7  8.3  65  116  409 339 -435  2
3797500 2746500  6 21 13  18.2 1012 260  3.1 6  7.4  56  141  416 339 -439  2
3797500 2746500  6 21 14  19.3 1012 229  2.8 6  6.9  51  228  398 339 -439  2
3797500 2746500  6 21 15  19.3 1012 225  4.9 7  6.8  49  132  364 347 -434  2
3797500 2746500  6 21 16  20.0 1012 227  3.7 6  6.6  46   84  311 349 -425  2
3797500 2746500  6 21 17  18.8 1012 245  3.3 7  6.5  46    0  149 351 -421  2
3797500 2746500  6 21 18  17.8 1012 241  3.2 7  6.0  46    1  125 351 -418  2
3797500 2746500  6 21 19  17.6 1012 232  1.3 7  6.2  49    7   93 352 -412  2
3797500 2746500  6 21 20  17.4 1012 247  1.6 7  6.6  53    5   43 354 -407  2
3797500 2746500  6 21 21  16.6 1012 223  1.8 6  6.7  56    0    0 350 -402  2
3797500 2746500  6 21 22  16.4 1012 228  2.0 7  6.9  59    0    0 350 -397  2
3797500 2746500  6 21 23  15.2 1013 221  1.8 7  7.2  64    0    0 354 -392  2
3797500 2746500  6 21 24  13.7 1013 196  2.1 8  7.6  74    0    0 356 -389  2
3797500 2746500  6 22  1  13.5 1013 209  1.8 8  7.9  81    0    0 360 -386  2
3797500 2746500  6 22  2  13.2 1013 170  1.8 8  7.9  83    0    0 361 -385  2
3797500 2746500  6 22  3  13.3 1013 181  1.3 7  7.9  83    0    0 357 -384  2
3797500 2746500  6 22  4  13.2 1013 210  1.6 7  8.0  84    0    0 353 -383  2
3797500 2746500  6 22  5  13.1 1013 184  1.3 8  8.2  86    0    2 358 -382  2
3797500 2746500  6 22  6  13.1 1014 186  1.1 7  8.3  88    0   23 357 -382  2
3797500 2746500  6 22  7  13.7 1014 202  1.2 6  8.3  86    0   83 348 -382  2
3797500 2746500  6 22  8  14.2 1014 202  1.4 6  8.3  83   16  176 346 -382  2
3797500 2746500  6 22  9  15.7 1014 192  1.7 6  8.3  78   95  275 350 -383  2
3797500 2746500  6 22 10  16.2 1014 191  1.8 6  8.1  72  116  330 354 -384  2
3797500 2746500  6 22 11  17.6 1015 170  2.2 3  7.4  62  516  247 342 -387  2
3797500 2746500  6 22 12  18.8 1014 190  2.3 2  7.4  57  587  246 329 -393  2
3797500 2746500  6 22 13  19.4 1014 213  1.7 3  7.8  57  569  267 336 -404  2
3797500 2746500  6 22 14  20.1 1014 213  2.1 3  8.1  57  479  298 344 -418  2
3797500 2746500  6 22 15  20.3 1014 177  2.3 2  8.7  59  415  287 343 -430  2
3797500 2746500  6 22 16  22.2 1013 231  2.6 2  9.0  57  460  199 344 -438  2
3797500 2746500  6 22 17  22.3 1013 223  2.2 3  9.0  53  301  200 350 -440  2
3797500 2746500  6 22 18  22.7 1012 122  0.7 4  9.0  53  173  169 357 -436  2
3797500 2746500  6 22 19  22.7 1012 175  0.7 4  9.2  53   80  115 361 -429  2
3797500 2746500  6 22 20  22.5 1011 116  0.7 4  9.5  56    2   39 360 -421  2
3797500 2746500  6 22 21  21.1 1011  93  1.3 5  9.7  59    0    9 361 -413  2
3797500 2746500  6 22 22  20.2 1011  99  1.7 3  9.8  64    0    0 353 -407  2
3797500 2746500  6 22 23  19.8 1011 101  1.7 3 10.0  68    0    0 346 -404  2
3797500 2746500  6 22 24  19.6 1011 117  2.0 5 10.1  70    0    0 353 -402  2
3797500 2746500  6 23  1  20.0 1010 165  1.9 6 10.3  71    0    0 366 -401  2
3797500 2746500  6 23  2  20.3 1010 188  2.1 7 10.5  71    0    0 377 -401  2
3797500 2746500  6 23  3  19.9 1009 156  2.3 3 10.5  71    0    0 368 -400  2
3797500 2746500  6 23  4  19.5 1008 175  1.8 2 10.6  73    0    0 346 -400  2
3797500 2746500  6 23  5  20.2 1008 184  1.9 3 10.5  72    0    7 344 -402  2
3797500 2746500  6 23  6  20.9 1007 174  2.8 3 10.5  69   15   62 351 -405  2
3797500 2746500  6 23  7  22.9 1007 184  2.7 2 10.8  65   93  132 354 -409  2
3797500 2746500  6 23  8  24.1 1007 175  3.0 3 11.2  61  171  197 364 -418  2
3797500 2746500  6 23  9  24.9 1006 194  2.6 6 11.6  60   66  275 386 -432  2
3797500 2746500  6 23 10  25.9 1006 202  3.1 6 12.3  60  255  327 401 -448  2
3797500 2746500  6 23 11  25.7 1006 198  3.4 7 12.6  60   32  327 407 -462  2
3797500 2746500  6 23 12  25.8 1006 217  4.7 8 12.5  59    0  160 411 -471  2
3797500 2746500  6 23 13  27.0 1006 203  4.9 3 12.0  55  643  251 406 -475  2
3797500 2746500  6 23 14  28.0 1005 221  6.0 4 11.4  49  588  265 401 -478  2
3797500 2746500  6 23 15  28.2 1004 206  6.7 2 10.9  45  587  220 401 -477  2
3797500 2746500  6 23 16  27.1 1004 198  7.4 1 11.0  47  495  204 394 -464  2
3797500 2746500  6 23 17  21.1 1003 261  7.1 3 11.5  60   91  263 385 -458  2
3797500 2746500  6 23 18  21.6 1004 212  2.4 6 12.1  75    0   99 388 -461  2
3797500 2746500  6 23 19  20.6 1004 225  3.1 7 12.8  80    0   42 396 -453  2
3797500 2746500  6 23 20  19.9 1004 224  3.4 6 12.8  85    0   31 392 -443  2
3797500 2746500  6 23 21  19.8 1005 231  2.2 5 12.3  83    0    4 384 -434  2
3797500 2746500  6 23 22  19.7 1005 245  1.7 5 12.0  82    0    0 379 -427  2
3797500 2746500  6 23 23  19.4 1006 236  2.0 5 11.0  76    0    0 376 -421  2
3797500 2746500  6 23 24  18.8 1007 240  3.2 5  9.3  67    0    0 370 -415  2
3797500 2746500  6 24  1  17.1 1007 252  4.3 3  6.7  52    0    0 352 -409  2
3797500 2746500  6 24  2  15.8 1008 261  2.9 2  5.3  45    0    0 329 -401  2
3797500 2746500  6 24  3  13.9 1008 240  2.7 0  5.6  53    0    0 309 -393  2
3797500 2746500  6 24  4  13.6 1009 239  2.6 0  6.0  61    0    0 293 -386  2
3797500 2746500  6 24  5  12.6 1009 229  3.4 1  6.4  67    1   16 294 -380  2
3797500 2746500  6 24  6  13.3 1010 229  3.3 0  6.6  71   50   61 291 -376  2
3797500 2746500  6 24  7  14.2 1010 239  3.8 0  7.0  72  158  101 285 -378  2
3797500 2746500  6 24  8  15.2 1011 250  4.0 0  7.3  70  286  130 284 -384  2
3797500 2746500  6 24  9  16.1 1011 250  4.1 1  7.4  66  417  152 290 -394  2
3797500 2746500  6 24 10  18.2 1012 250  3.4 1  7.5  61  528  171 300 -406  2
3797500 2746500  6 24 11  18.0 1012 254  3.8 1  7.2  56  582  205 304 -418  2
3797500 2746500  6 24 12  19.3 1012 249  3.0 2  7.0  52  564  256 310 -429  2
3797500 2746500  6 24 13  19.7 1012 259  1.2 3  7.1  50  543  278 323 -438  2
3797500 2746500  6 24 14  20.2 1013 238  3.2 2  6.8  47  611  222 325 -447  2
3797500 2746500  6 24 15  20.9 1013 276  4.0 2  6.6  44  590  188 323 -452  2
3797500 2746500  6 24 16  21.3 1013 294  2.3 2  6.6  42  557  142 325 -451  2
3797500 2746500  6 24 17  21.3 1012 262  2.6 2  6.4  41  372  161 325 -447  2
3797500 2746500  6 24 18  20.7 1012 339  3.2 3  6.6  43  220  148 328 -437  2
3797500 2746500  6 24 19  20.6 1012 328  2.9 2  6.9  45  142   96 327 -426  2
3797500 2746500  6 24 20  19.0 1013 333  2.6 3  6.8  47   49   56 323 -414  2
3797500 2746500  6 24 21  17.7 1013 359  2.4 3  6.5  49    0    0 321 -401  2
3797500 2746500  6 24 22  16.5 1013   6  2.3 4  6.6  55    0    0 321 -391  2
3797500 2746500  6 24 23  15.9 1013  35  2.0 4  7.0  61    0    0 322 -383  2
3797500 2746500  6 24 24  15.4 1013  37  2.0 2  6.9  62    0    0 311 -376  2
3797500 2746500  6 25  1  14.6 1014 159  2.1 5  6.8  64    0    0 313 -371  2
3797500 2746500  6 25  2  14.3 1014  69  1.2 5  6.9  67    0    0 325 -368  2
3797500 2746500  6 25  3  13.6 1014  66  1.4 3  7.0  70    0    0 315 -365  2
3797500 2746500  6 25  4  13.0 1014  48  1.8 1  7.0  74    0    0 297 -363  2
3797500 2746500  6 25  5  12.8 1014  51  1.3 1  7.0  76    2   14 287 -361  2
3797500 2746500  6 25  6  13.6 1014  59  2.5 1  7.1  75   50   60 289 -361  2
3797500 2746500  6 25  7  14.9 1014  55  3.2 0  7.1  70  157  100 287 -366  2
3797500 2746500  6 25  8  16.0 1013  74  2.8 0  7.1  65  290  125 284 -379  2
3797500 2746500  6 25  9  17.6 1014  67  3.3 0  7.2  60  433  139 290 -396  2
3797500 2746500  6 25 10  17.8 1013  69  3.5 1  7.2  57  564  145 298 -414  2
3797500 2746500  6 25 11  18.9 1013  41  3.1 1  7.0  53  675  144 306 -431  2
3797500 2746500  6 25 12  19.9 1012  38  2.8 1  6.8  48  748  140 310 -446  2
3797500 2746500  6 25 13  20.1 1012  93  2.7 1  6.5  45  784  129 313 -455  2
3797500 2746500  6 25 14  20.8 1011  57  2.7 1  6.3  42  792  107 315 -459  2
3797500 2746500  6 25 15  22.2 1011  68  2.2 1  6.6  41  736   98 319 -461  2
3797500 2746500  6 25 16  22.6 1010  37  3.3 2  7.0  41  619  103 326 -461  2
3797500 2746500  6 25 17  23.1 1010  66  3.1 3  7.0  40  481  103 335 -457  2
3797500 2746500  6 25 18  22.9 1009  51  3.1 4  6.8  39  302  106 341 -449  2
3797500 2746500  6 25 19  22.2 1009  47  3.6 5  6.8  40   79  115 345 -439  2
3797500 2746500  6 25 20  21.5 1009  47  2.7 6  6.9  42    6   42 349 -426  2
3797500 2746500  6 25 21  20.7 1009  59  3.2 7  7.0  44    0    2 351 -414  2
3797500 2746500  6 25 22  19.9 1008  46  1.3 7  6.9  46    0    0 345 -404  2
3797500 2746500  6 25 23  19.0 1008  49  2.4 7  6.9  48    0    0 339 -396  2
3797500 2746500  6 25 24  18.2 1008  60  1.9 6  7.0  52    0    0 334 -391  2
3797500 2746500  6 26  1  17.7 1008  57  1.9 5  7.0  54    0    0 327 -385  2
3797500 2746500  6 26  2  17.1 1008  89  1.0 4  7.1  57    0    0 320 -380  2
3797500 2746500  6 26  3  16.6 1007  87  1.6 5  7.3  60    0    0 319 -375  2
3797500 2746500  6 26  4  15.9 1007  48  0.6 4  7.4  64    0    0 318 -372  2
3797500 2746500  6 26  5  15.8 1007 116  0.8 4  7.5  67    0    3 316 -370  2
3797500 2746500  6 26  6  16.4 1006 157  1.0 8  8.1  70    0   15 326 -371  2
3797500 2746500  6 26  7  17.9 1006 149  1.0 8  8.8  72    0   22 338 -377  2
3797500 2746500  6 26  8  17.6 1006 194  2.0 8  9.4  73    0   57 341 -389  2
3797500 2746500  6 26  9  17.6 1007 217  1.8 7 10.0  78    0  132 340 -408  2
3797500 2746500  6 26 10  18.7 1007 140  2.5 6 10.4  79   45  299 340 -430  2
3797500 2746500  6 26 11  20.7 1007 195  1.8 4 11.0  76  464  272 342 -452  2
3797500 2746500  6 26 12  22.0 1007 280  2.2 4 11.2  70  300  383 345 -469  2
3797500 2746500  6 26 13  23.1 1006 254  2.8 5 11.3  65   65  369 354 -481  2
3797500 2746500  6 26 14  22.2 1006 222  1.8 7 11.7  67    7  266 363 -486  2
3797500 2746500  6 26 15  23.2 1006 312  2.9 6 11.6  66   51  322 369 -489  2
3797500 2746500  6 26 16  22.8 1007 265  3.6 7 10.9  61   14  245 372 -489  2
3797500 2746500  6 26 17  23.1 1008 272  1.8 7 10.2  58   23  214 376 -481  2
3797500 2746500  6 26 18  23.2 1008 278  3.5 4  9.5  53   93  187 370 -472  2
3797500 2746500  6 26 19  22.2 1009 294  3.5 4  9.2  53   43  118 361 -462  2
3797500 2746500  6 26 20  21.6 1009 290  5.9 5  8.7  53    1   35 362 -451  2
3797500 2746500  6 26 21  20.0 1010 281  2.6 2  8.1  52    0    3 350 -437  2
3797500 2746500  6 26 22  18.4 1010 259  1.9 2  8.0  57    0    0 333 -426  2
3797500 2746500  6 26 23  17.7 1011 236  2.3 2  8.0  62    0    0 328 -419  2
3797500 2746500  6 26 24  16.4 1011 245  2.3 2  8.0  66    0    0 324 -413  2
3797500 2746500  6 27  1  16.0 1012 229  1.2 2  7.9  69    0    0 321 -409  2
3797500 2746500  6 27  2  15.0 1012 227  1.7 2  7.8  71    0    0 318 -406  2
3797500 2746500  6 27  3  14.5 1013 235  2.0 2  7.5  72    0    0 314 -401  2
3797500 2746500  6 27  4  14.2 1013 231  2.6 1  7.4  72    0    0 307 -395  2
3797500 2746500  6 27  5  14.5 1013 223  2.7 2  7.4  72    0    5 306 -389  2
3797500 2746500  6 27  6  14.8 1013 224  2.9 4  7.4  71    5   50 315 -387  2
3797500 2746500  6 27  7  15.4 1014 212  2.9 4  7.5  70   47  129 320 -390  2
3797500 2746500  6 27  8  16.0 1014 242  2.8 4  7.8  70  153  192 320 -398  2
3797500 2746500  6 27  9  17.1 1014 230  2.6 4  8.2  70  288  226 321 -411  2
3797500 2746500  6 27 10  18.5 1014 222  2.6 3  8.3  65  430  233 322 -426  2
3797500 2746500  6 27 11  19.8 1014 224  2.3 4  7.8  57  294  356 325 -441  2
3797500 2746500  6 27 12  19.8 1014 215  2.6 6  7.6  53  263  401 333 -454  2
3797500 2746500  6 27 13  21.2 1014 213  2.9 5  7.4  49  380  367 335 -464  2
3797500 2746500  6 27 14  21.0 1013 256  2.0 4  6.9  44  428  328 332 -472  2
3797500 2746500  6 27 15  22.2 1013 279  3.5 3  6.7  42  563  213 329 -477  2
3797500 2746500  6 27 16  22.6 1013 264  3.8 2  6.7  40  588  134 327 -475  2
3797500 2746500  6 27 17  22.8 1012 236  3.3 2  6.7  39  460  125 325 -469  2
3797500 2746500  6 27 18  22.8 1012 238  3.6 3  6.5  38  327  108 326 -462  2
3797500 2746500  6 27 19  22.1 1011 221  2.8 2  6.5  38  181   90 325 -451  2
3797500 2746500  6 27 20  20.9 1011 237  1.8 3  6.8  43   55   57 323 -437  2
3797500 2746500  6 27 21  19.7 1011 245  1.2 5  7.1  48    2   10 331 -424  2
3797500 2746500  6 27 22  18.5 1011 230  2.2 5  7.3  53    0    0 336 -412  2
3797500 2746500  6 27 23  17.7 1011 233  2.2 6  7.4  57    0    0 339 -404  2
3797500 2746500  6 27 24  18.0 1011 246  2.3 7  7.5  59    0    0 347 -400  2
3797500 2746500  6 28  1  17.7 1011 246  2.0 7  7.6  60    0    0 350 -398  2
3797500 2746500  6 28  2  17.2 1010 233  2.3 7  7.6  61    0    0 345 -399  2
3797500 2746500  6 28  3  17.0 1010 227  2.8 7  7.3  60    0    0 345 -400  2
3797500 2746500  6 28  4  16.7 1009 239  2.9 6  7.1  59    0    0 341 -398  2
3797500 2746500  6 28  5  15.6 1009 229  3.2 7  7.2  62    0    4 342 -396  2
3797500 2746500  6 28  6  14.1 1009 218  3.4 7  7.7  73    0   18 345 -395  2
3797500 2746500  6 28  7  13.7 1009 229  3.7 8  8.1  81    0   34 347 -396  2
3797500 2746500  6 28  8  14.6 1009 229  4.2 8  8.5  84    0  100 355 -401  2
3797500 2746500  6 28  9  16.0 1009 239  4.6 6  9.0  82   13  214 355 -410  2
3797500 2746500  6 28 10  16.1 1010 252  4.7 6  9.0  78   27  277 352 -418  2
3797500 2746500  6 28 11  18.0 1010 265  4.4 2  8.6  70  283  341 339 -418  2
3797500 2746500  6 28 12  19.3 1010 256  3.8 2  7.8  58  373  338 329 -412  2
3797500 2746500  6 28 13  19.9 1011 256  4.5 3  7.0  49  366  351 334 -409  2
3797500 2746500  6 28 14  20.3 1011 259  4.4 5  6.7  45  225  377 348 -405  2
3797500 2746500  6 28 15  21.2 1011 244  4.6 4  6.6  43  243  339 355 -404  2
3797500 2746500  6 28 16  21.4 1011 258  4.5 2  6.5  41  492  164 346 -406  2
3797500 2746500  6 28 17  21.5 1011 248  3.4 2  6.7  42  369  151 340 -408  2
3797500 2746500  6 28 18  21.4 1011 260  3.3 2  6.8  42  242  129 340 -410  2
3797500 2746500  6 28 19  20.3 1011 257  3.0 1  6.8  44  169   78 334 -411  2
3797500 2746500  6 28 20  19.7 1011 251  1.9 4  6.7  46   46   51 337 -409  2
3797500 2746500  6 28 21  18.3 1011 217  1.7 4  6.9  50    4   10 347 -407  2
3797500 2746500  6 28 22  18.3 1011 227  2.2 6  8.1  62    0    0 356 -406  2
3797500 2746500  6 28 23  17.1 1012 226  1.7 6  9.4  74    0    0 365 -405  2
3797500 2746500  6 28 24  17.6 1012 235  3.1 7  9.7  78    0    0 368 -404  2
3797500 2746500  6 29  1  17.1 1012 228  3.6 8  9.6  78    0    0 376 -403  2
3797500 2746500  6 29  2  17.6 1011 226  3.1 8  9.5  77    0    0 381 -402  2
3797500 2746500  6 29  3  17.5 1011 230  4.7 6  9.4  75    0    0 374 -401  2
3797500 2746500  6 29  4  17.4 1010 230  3.1 8  9.5  76    0    0 375 -400  2
3797500 2746500  6 29  5  16.3 1010 229  3.1 8  9.7  81    0    2 383 -399  2
3797500 2746500  6 29  6  16.8 1010 228  2.7 8 10.0  84    0   12 383 -399  2
3797500 2746500  6 29  7  16.9 1010 239  2.9 8 10.1  84    0   29 385 -399  2
3797500 2746500  6 29  8  16.8 1010 239  3.3 7 10.2  85    0   66 381 -400  2
3797500 2746500  6 29  9  17.0 1011 240  3.6 8 10.3  85    0  103 383 -401  2
3797500 2746500  6 29 10  16.7 1011 240  3.5 8 10.5  87    0  128 389 -405  2
3797500 2746500  6 29 11  17.7 1011 239  3.6 8 10.7  87    0  126 391 -409  2
3797500 2746500  6 29 12  17.8 1011 239  3.3 8 10.7  84    0  147 393 -416  2
3797500 2746500  6 29 13  19.4 1011 239  4.9 6 10.8  80   34  333 387 -421  2
3797500 2746500  6 29 14  19.6 1011 245  3.3 7 10.8  76   72  359 386 -419  2
3797500 2746500  6 29 15  20.9 1011 231  4.6 7 11.0  73   86  341 391 -432  2
3797500 2746500  6 29 16  21.7 1011 275  4.6 4 10.8  68  218  300 384 -447  2
3797500 2746500  6 29 17  21.8 1011 265  3.6 3 10.0  61  338  175 368 -447  2
3797500 2746500  6 29 18  22.2 1011 227  3.5 3  9.6  58  172  166 363 -444  2
3797500 2746500  6 29 19  21.3 1011 229  4.1 1  9.7  59  176   83 353 -438  2
3797500 2746500  6 29 20  20.7 1010 231  3.0 3  9.9  63   62   53 350 -427  2
3797500 2746500  6 29 21  19.5 1011 239  2.6 2  9.5  64    1    8 350 -416  2
3797500 2746500  6 29 22  18.2 1011 238  2.3 1  8.8  64    0    0 333 -408  2
3797500 2746500  6 29 23  17.8 1011 221  2.4 1  8.4  65    0    0 323 -400  2
3797500 2746500  6 29 24  17.1 1011 236  2.6 3  8.5  68    0    0 327 -394  2
3797500 2746500  6 30  1  16.8 1011 236  2.9 6  8.7  72    0    0 344 -391  2
3797500 2746500  6 30  2  15.7 1012 243  2.5 5  8.7  75    0    0 346 -391  2
3797500 2746500  6 30  3  15.5 1012 228  2.9 3  8.5  77    0    0 332 -391  2
3797500 2746500  6 30  4  14.8 1011 233  2.8 2  8.4  78    0    0 321 -392  2
3797500 2746500  6 30  5  14.7 1011 232  2.8 1  8.2  78    0   13 312 -392  2
3797500 2746500  6 30  6  15.2 1012 229  3.3 3  8.2  77   15   60 318 -393  2
3797500 2746500  6 30  7  15.3 1012 224  3.1 6  8.2  76   16  115 337 -395  2
3797500 2746500  6 30  8  14.9 1012 226  3.0 7  8.4  78    0  124 353 -401  2
3797500 2746500  6 30  9  15.4 1012 219  3.2 8  8.5  79   10  212 361 -411  2
3797500 2746500  6 30 10  16.2 1012 225  3.0 7  8.7  78   51  311 365 -423  2
3797500 2746500  6 30 11  17.6 1012 215  2.7 7  9.0  74  140  387 367 -435  2
3797500 2746500  6 30 12  19.5 1012 231  2.8 6  9.3  69  146  416 371 -448  2
3797500 2746500  6 30 13  20.8 1011 284  3.3 4  9.1  61  363  381 368 -457  2
3797500 2746500  6 30 14  21.8 1011 234  2.3 3  8.5  54  577  259 363 -463  2
3797500 2746500  6 30 15  21.4 1011 300  4.2 1  8.4  52  632  182 353 -464  2
3797500 2746500  6 30 16  21.3 1010 240  5.1 1  8.2  51  596  141 344 -466  2
3797500 2746500  6 30 17  22.0 1010 217  2.1 1  8.2  50  427  147 344 -467  2
3797500 2746500  6 30 18  22.0 1010 244  4.4 1  8.1  49  300  124 344 -462  2
3797500 2746500  6 30 19  21.2 1010 242  4.0 1  7.9  49  172   97 340 -454  2
3797500 2746500  6 30 20  20.0 1010 244  3.1 2  8.0  54   57   60 338 -442  2
3797500 2746500  6 30 21  19.0 1010 242  2.6 2  8.1  57    4   11 337 -429  2
3797500 2746500  6 30 22  18.2 1010 239  2.2 2  8.1  60    0    0 333 -418  2
3797500 2746500  6 30 23  17.3 1011 230  1.8 3  8.3  66    0    0 327 -414  2
3797500 2746500  6 30 24  16.7 1011 227  1.6 4  8.5  71    0    0 328 -412  2
3797500 2746500  7  1  1  16.2 1016 226  1.5 4  8.8  76    0    0 352 -402  2
3797500 2746500  7  1  2  15.7 1016 228  1.3 5  9.0  80    0    0 350 -402  2
3797500 2746500  7  1  3  15.4 1016 228  1.2 5  9.1  84    0    0 334 -403  2
3797500 2746500  7  1  4  15.3 1016 228  1.5 5  9.2  84    0    0 322 -402  2
3797500 2746500  7  1  5  15.6 1016 215  1.6 6  9.3  84    0    1 333 -401  2
3797500 2746500  7  1  6  15.8 1017 209  2.1 6  9.4  85    0   11 347 -398  2
3797500 2746500  7  1  7  16.0 1017 201  2.2 6  9.6  85   30  118 348 -399  2
3797500 2746500  7  1  8  17.2 1017 233  2.6 6 10.0  85  124  197 353 -407  2
3797500 2746500  7  1  9  18.2 1018 266  2.5 5 10.4  82  221  252 355 -418  2
3797500 2746500  7  1 10  19.7 1018 243  2.8 3 10.3  76  383  263 349 -428  2
3797500 2746500  7  1 11  20.1 1018 253  2.7 5  9.9  69   89  367 353 -437  2
3797500 2746500  7  1 12  20.4 1018 292  2.7 6  9.6  64    2  269 364 -442  2
3797500 2746500  7  1 13  21.2 1018 266  3.9 6  9.2  60   97  395 369 -448  2
3797500 2746500  7  1 14  21.5 1019 317  3.1 6  8.6  54  171  400 371 -454  2
3797500 2746500  7  1 15  21.9 1019 285  4.7 3  8.4  52  244  364 365 -455  2
3797500 2746500  7  1 16  22.9 1019 288  3.6 4  8.3  49  188  318 363 -456  2
3797500 2746500  7  1 17  22.5 1019 287  4.1 3  8.0  46  293  217 364 -451  2
3797500 2746500  7  1 18  21.9 1019 301  3.5 1  7.9  47  234  154 353 -440  2
3797500 2746500  7  1 19  21.8 1019 333  3.0 1  7.8  48  142  106 345 -433  2
3797500 2746500  7  1 20  20.7 1020 331  3.0 2  7.9  50   49   60 345 -428  2
3797500 2746500  7  1 21  19.4 1020 335  1.3 2  7.9  54    4   14 344 -424  2
3797500 2746500  7  1 22  18.6 1020  16  0.4 1  8.0  59    0    0 334 -420  2
3797500 2746500  7  1 23  17.7 1021   5  0.5 1  8.1  63    0    0 326 -416  2
3797500 2746500  7  1 24  16.3 1021 348  0.5 2  8.1  67    0    0 324 -412  2
3797500 2746500  7  2  1  16.1 1022 344  0.0 0  8.1  71    0    0 317 -409  2
3797500 2746500  7  2  2  15.6 1022 350  0.1 0  8.2  73    0    0 307 -405  2
3797500 2746500  7  2  3  15.0 1022 357  0.1 1  8.0  74    0    0 309 -398  2
3797500 2746500  7  2  4  14.6 1022 351  0.0 0  7.8  75    0    0 306 -391  2
3797500 2746500  7  2  5  14.4 1022 300  0.0 2  7.8  76    0    7 309 -386  2
3797500 2746500  7  2  6  16.5 1022 281  0.2 4  8.1  74   34   58 331 -384  2
3797500 2746500  7  2  7  17.4 1022 353  0.7 4  8.8  73   53  118 346 -388  2
3797500 2746500  7  2  8  18.7 1022 329  1.6 4  9.0  70  204  159 350 -398  2
3797500 2746500  7  2  9  19.1 1022 338  1.8 4  8.9  66  218  237 354 -413  2
3797500 2746500  7  2 10  19.0 1022 344  1.6 5  8.8  64  155  320 360 -429  2
3797500 2746500  7  2 11  18.2 1022 341  2.3 7  8.8  66   14  304 373 -444  2
3797500 2746500  7  2 12  18.4 1022   4  1.8 7  8.8  68    6  285 382 -459  2
3797500 2746500  7  2 13  18.8 1022 359  2.8 8  8.9  67   16  314 390 -470  2
3797500 2746500  7  2 14  19.6 1021 351  2.3 7  8.8  64   83  360 393 -477  2
3797500 2746500  7  2 15  20.6 1021 313  2.4 6  8.9  61   66  323 388 -480  2
3797500 2746500  7  2 16  20.8 1021  35  2.5 5  9.0  59   64  288 382 -479  2
3797500 2746500  7  2 17  20.9 1020  31  2.6 6  9.0  59   30  229 382 -475  2
3797500 2746500  7  2 18  20.9 1020 356  2.6 7  9.0  59   17  165 392 -468  2
3797500 2746500  7  2 19  21.0 1020   3  2.3 7  9.0  58    6   98 396 -459  2
3797500 2746500  7  2 20  20.8 1020 352  1.9 7  9.0  59    3   46 394 -448  2
3797500 2746500  7  2 21  20.7 1020  28  2.3 5  9.1  60    0    6 384 -436  2
3797500 2746500  7  2 22  20.1 1020  53  1.5 5  8.9  60    0    0 374 -426  2
3797500 2746500  7  2 23  19.0 1019  27  1.4 5  8.7  62    0    0 370 -417  2
3797500 2746500  7  2 24  18.7 1019  38  1.3 3  8.8  65    0    0 358 -411  2
3797500 2746500  7  3  1  18.0 1019  50  1.8 0  9.0  69    0    0 334 -406  2
3797500 2746500  7  3  2  15.9 1019  92  1.5 0  9.0  75    0    0 316 -401  2
3797500 2746500  7  3  3  15.6 1019  82  1.7 0  8.9  80    0    0 311 -397  2
3797500 2746500  7  3  4  15.6 1018  80  2.0 0  8.9  81    0    0 309 -393  2
3797500 2746500  7  3  5  15.2 1018  87  1.9 1  8.9  82    0    6 311 -391  2
3797500 2746500  7  3  6  16.6 1018  81  1.1 1  9.0  80   35   58 314 -390  2
3797500 2746500  7  3  7  18.4 1018 100  1.3 0  9.4  76  131  102 315 -395  2
3797500 2746500  7  3  8  19.7 1017 103  2.2 0  9.7  70  265  128 316 -407  2
3797500 2746500  7  3  9  21.0 1017 105  2.2 0  9.6  64  413  141 321 -424  2
3797500 2746500  7  3 10  21.3 1017  99  2.5 1  9.3  60  541  149 328 -442  2
3797500 2746500  7  3 11  21.9 1016  47  2.1 1  9.4  58  612  174 335 -460  2
3797500 2746500  7  3 12  22.9 1015  55  2.9 1  9.9  59  655  190 342 -475  2
3797500 2746500  7  3 13  22.8 1015  53  3.3 2 10.0  57  684  185 348 -484  2
3797500 2746500  7  3 14  23.5 1014  15  4.0 2  9.6  54  717  150 352 -487  2
3797500 2746500  7  3 15  24.5 1013  44  3.8 2  9.2  49  680  131 354 -490  2
3797500 2746500  7  3 16  25.1 1012  62  3.7 2  9.1  47  590  119 357 -492  2
3797500 2746500  7  3 17  25.2 1011  50  3.8 1  9.1  45  467  111 355 -486  2
3797500 2746500  7  3 18  25.5 1011  76  3.5 1  8.8  43  335   96 351 -478  2
3797500 2746500  7  3 19  25.3 1010  76  3.8 1  8.6  42  190   80 350 -469  2
3797500 2746500  7  3 20  24.9 1010  76  2.9 2  8.3  42   63   54 349 -457  2
3797500 2746500  7  3 21  22.9 1010 114  2.7 2  7.9  43    5   14 346 -445  2
3797500 2746500  7  3 22  21.9 1010 111  2.5 1  7.7  46    0    0 337 -433  2
3797500 2746500  7  3 23  21.2 1010  97  2.9 1  7.7  48    0    0 331 -424  2
3797500 2746500  7  3 24  20.6 1009  94  2.9 0  7.6  49    0    0 324 -417  2
3797500 2746500  7  4  1  19.6 1009  91  2.4 0  7.4  50    0    0 317 -412  2
3797500 2746500  7  4  2  19.3 1009  83  2.6 0  7.3  51    0    0 315 -407  2
3797500 2746500  7  4  3  18.4 1009  88  2.6 0  7.2  53    0    0 313 -403  2
3797500 2746500  7  4  4  17.6 1009  96  2.3 0  7.2  56    0    0 311 -400  2
3797500 2746500  7  4  5  18.0 1008  92  4.2 0  7.2  56    0    5 311 -397  2
3797500 2746500  7  4  6  18.6 1008  95  3.4 0  7.4  56   31   55 313 -395  2
3797500 2746500  7  4  7  19.9 1008  83  3.9 0  7.6  54  126  100 315 -400  2
3797500 2746500  7  4  8  21.3 1007  92  4.0 0  7.7  50  257  129 319 -411  2
3797500 2746500  7  4  9  22.2 1008 116  5.4 0  7.8  48  401  144 323 -427  2
3797500 2746500  7  4 10  22.9 1007 120  5.7 0  7.7  45  546  140 326 -446  2
3797500 2746500  7  4 11  24.1 1007 129  5.2 0  7.6  42  643  148 332 -465  2
3797500 2746500  7  4 12  24.2 1007  97  5.8 0  7.7  41  741  128 337 -482  2
3797500 2746500  7  4 13  25.1 1007 135  5.5 0  8.0  41  775  122 343 -492  2
3797500 2746500  7  4 14  26.1 1006 154  5.0 0  8.1  39  751  121 348 -495  2
3797500 2746500  7  4 15  26.1 1006 121  6.3 1  8.3  39  648  141 354 -498  2
3797500 2746500  7  4 16  27.0 1005 127  5.0 1  8.5  39  567  124 358 -500  2
3797500 2746500  7  4 17  26.9 1005 131  5.5 1  8.7  39  437  118 359 -498  2
3797500 2746500  7  4 18  27.3 1005 107  4.9 1  8.8  39  266  121 358 -490  2
3797500 2746500  7  4 19  26.6 1005 127  4.6 1  8.5  38  141   93 357 -478  2
3797500 2746500  7  4 20  26.2 1005 104  2.2 0  8.7  40   59   53 352 -465  2
3797500 2746500  7  4 21  24.7 1005 116  1.6 0  9.2  45    5   12 348 -452  2
3797500 2746500  7  4 22  23.7 1005  90  1.9 0  9.6  50    0    0 344 -440  2
3797500 2746500  7  4 23  23.2 1006 100  2.4 0  9.7  53    0    0 343 -430  2
3797500 2746500  7  4 24  22.5 1006  77  2.1 0  9.7  55    0    0 341 -422  2
3797500 2746500  7  5  1  22.2 1006  79  2.3 1  9.8  58    0    0 342 -415  2
3797500 2746500  7  5  2  21.1 1006  80  2.6 1  9.9  61    0    0 342 -410  2
3797500 2746500  7  5  3  20.7 1006  78  3.0 1 10.0  64    0    0 341 -406  2
3797500 2746500  7  5  4  20.6 1006  87  2.7 2  9.9  65    0    0 342 -403  2
3797500 2746500  7  5  5  20.4 1006  89  2.0 1  9.8  65    0    4 340 -400  2
3797500 2746500  7  5  6  21.6 1006  90  2.0 1  9.8  62   30   55 340 -399  2
3797500 2746500  7  5  7  23.0 1006  91  2.9 0  9.9  58  122  103 341 -405  2
3797500 2746500  7  5  8  24.3 1006 117  4.1 0 10.0  54  252  133 343 -417  2
3797500 2746500  7  5  9  25.8 1006 101  3.7 0  9.9  49  394  150 350 -435  2
3797500 2746500  7  5 10  26.2 1006 134  3.5 0  9.7  46  531  152 354 -456  2
3797500 2746500  7  5 11  27.0 1006 126  4.5 0  9.1  42  637  154 355 -479  2
3797500 2746500  7  5 12  27.8 1006 153  4.6 0  9.2  40  737  134 358 -498  2
3797500 2746500  7  5 13  28.3 1006  72  3.4 0  9.4  39  774  125 360 -510  2
3797500 2746500  7  5 14  28.4 1005 164  4.4 0  8.9  37  743  129 365 -518  2
3797500 2746500  7  5 15  29.2 1005 164  3.6 0  8.1  32  695  117 371 -521  2
3797500 2746500  7  5 16  29.5 1005 150  4.0 0  8.0  31  598  110 375 -520  2
3797500 2746500  7  5 17  30.1 1005 176  3.3 2  8.5  32  472  104 382 -514  2
3797500 2746500  7  5 18  29.8 1005 180  2.6 2  8.1  30  305  104 384 -505  2
3797500 2746500  7  5 19  29.0 1004 160  1.9 5  8.0  31  104  107 387 -493  2
3797500 2746500  7  5 20  28.2 1005 158  1.0 5  8.5  34   30   55 391 -481  2
3797500 2746500  7  5 21  27.1 1005 116  1.3 5  8.8  38    5   11 389 -468  2
3797500 2746500  7  5 22  25.7 1005 108  1.3 4  9.3  43    0    0 383 -457  2
3797500 2746500  7  5 23  25.0 1005 106  1.8 4  9.9  48    0    0 379 -447  2
3797500 2746500  7  5 24  24.6 1005  72  1.8 6  9.8  50    0    0 382 -440  2
3797500 2746500  7  6  1  24.2 1005  74  2.8 6  9.9  51    0    0 385 -435  2
3797500 2746500  7  6  2  23.7 1005 101  2.3 6 10.2  54    0    0 383 -430  2
3797500 2746500  7  6  3  23.5 1005  84  2.3 6 10.3  56    0    0 381 -425  2
3797500 2746500  7  6  4  22.9 1005  89  2.0 5 10.1  56    0    0 376 -422  2
3797500 2746500  7  6  5  22.5 1005  78  1.9 7  9.9  57    0    0 376 -421  2
3797500 2746500  7  6  6  23.4 1005  72  2.3 7  9.9  56    0   31 380 -422  2
3797500 2746500  7  6  7  23.6 1005 126  1.4 7 10.2  56    5   94 381 -428  2
3797500 2746500  7  6  8  24.8 1005 139  2.0 4 10.6  56  155  173 375 -435  2
3797500 2746500  7  6  9  26.1 1005 159  3.3 4 10.8  53  310  192 374 -442  2
3797500 2746500  7  6 10  25.7 1005 149  2.7 5 10.5  50  244  294 379 -457  2
3797500 2746500  7  6 11  27.0 1004  94  3.4 6  9.7  45  187  355 384 -480  2
3797500 2746500  7  6 12  27.3 1004 130  3.9 6  9.2  40  170  383 389 -501  2
3797500 2746500  7  6 13  28.4 1004 118  4.1 3  9.2  39  505  280 388 -518  2
3797500 2746500  7  6 14  29.3 1003 223  2.8 2  9.2  37  658  176 387 -528  2
3797500 2746500  7  6 15  29.4 1003 141  5.0 2  9.0  35  593  173 386 -513  2
3797500 2746500  7  6 16  29.5 1002  90  2.9 2  9.0  35  416  209 386 -491  2
3797500 2746500  7  6 17  28.8 1001 130  2.7 5  9.2  36  179  232 390 -478  2
3797500 2746500  7  6 18  28.6 1000 120  2.9 5  9.3  37  143  168 395 -466  2
3797500 2746500  7  6 19  28.5 1000  81  1.1 4  9.5  38  175   81 393 -461  2
3797500 2746500  7  6 20  26.8  999  46  1.0 6  9.2  39   39   53 392 -455  2
3797500 2746500  7  6 21  25.4  999  28  2.1 6  9.4  44    4   10 393 -447  2
3797500 2746500  7  6 22  24.2  998  40  1.6 6 10.0  50    0    0 390 -440  2
3797500 2746500  7  6 23  23.9  998  77  2.1 6 10.3  54    0    0 387 -436  2
3797500 2746500  7  6 24  23.8  998  64  2.1 7 10.7  56    0    0 391 -432  2
3797500 2746500  7  7  1  23.9  998  92  2.3 7 10.8  57    0    0 395 -429  2
3797500 2746500  7  7  2  22.9  997 232  4.5 8 10.9  60    0    0 399 -428  2
3797500 2746500  7  7  3  21.9  996 226  1.8 7 11.3  65    0    0 398 -428  2
3797500 2746500  7  7  4  21.1  996 230  2.8 8 11.9  72    0    0 397 -426  2
3797500 2746500  7  7  5  21.1  996 221  4.2 8 12.5  78    0    0 401 -421  2
3797500 2746500  7  7  6  20.7  997 251  4.0 8 12.8  81    0   32 401 -415  2
3797500 2746500  7  7  7  20.9  997 232  3.3 5 12.8  82   22  117 389 -415  2
3797500 2746500  7  7  8  21.0  997 153  1.4 6 12.9  81   25  186 381 -417  2
3797500 2746500  7  7  9  22.1  998 204  3.7 6 13.0  79   54  268 388 -422  2
3797500 2746500  7  7 10  22.5  998 209  4.3 6 12.6  73   28  301 392 -426  2
3797500 2746500  7  7 11  23.8  998 188  4.7 6 12.1  67   70  366 394 -423  2
3797500 2746500  7  7 12  24.3  998 190  4.7 3 11.6  60  344  388 387 -419  2
3797500 2746500  7  7 13  24.2  998 195  4.7 3 10.9  56  306  410 380 -423  2
3797500 2746500  7  7 14  23.8  998 194  4.4 4 10.3  54  217  411 383 -425  2
3797500 2746500  7  7 15  23.7  999 176  5.0 7  9.9  53   37  319 391 -417  2
3797500 2746500  7  7 16  22.5  999 175  4.6 7  9.5  53    4  222 395 -415  2
3797500 2746500  7  7 17  22.9  999 175  4.5 5  9.6  55   40  245 388 -420  2
3797500 2746500  7  7 18  20.6  999 210  4.9 7 10.0  61    9  156 385 -421  2
3797500 2746500  7  7 19  20.5  999 218  5.0 8 10.1  66    0   74 389 -424  2
3797500 2746500  7  7 20  20.1 1000 210  4.1 7 10.0  66    0   21 389 -423  2
3797500 2746500  7  7 21  19.8 1000 221  4.7 7  9.8  66    0    2 384 -417  2
3797500 2746500  7  7 22  19.5 1001 208  3.6 8 10.0  69    0    0 389 -412  2
3797500 2746500  7  7 23  19.4 1001 188  2.3 8 10.0  70    0    0 391 -410  2
3797500 2746500  7  7 24  19.1 1001 223  4.8 7 10.0  71    0    0 388 -409  2
3797500 2746500  7  8  1  18.5 1000 203  2.3 7 10.5  76    0    0 384 -408  2
3797500 2746500  7  8  2  18.4 1000 221  2.2 7 11.0  82    0    0 384 -406  2
3797500 2746500  7  8  3  18.4 1001 228  2.4 8 11.2  83    0    0 389 -403  2
3797500 2746500  7  8  4  18.5 1000 217  2.5 8 11.2  83    0    0 393 -402  2
3797500 2746500  7  8  5  18.6 1000 217  2.6 8 11.2  82    0    0 393 -402  2
3797500 2746500  7  8  6  18.5 1000 219  3.1 8 11.1  82    0    8 394 -403  2
3797500 2746500  7  8  7  17.8 1001 230  3.5 8 11.0  83    0   21 393 -402  2
3797500 2746500  7  8  8  17.7 1001 231  3.4 8 10.8  84    0   53 392 -402  2
3797500 2746500  7  8  9  17.1 1001 233  4.0 7 10.7  84    0  112 388 -402  2
3797500 2746500  7  8 10  17.1 1001 237  4.5 8 10.4  84    0  126 386 -402  2
3797500 2746500  7  8 11  17.1 1002 228  4.5 8 10.1  82    0  138 390 -401  2
3797500 2746500  7  8 12  17.2 1002 229  4.7 8 10.0  81    0  154 389 -401  2
3797500 2746500  7  8 13  17.3 1002 240  5.1 7 10.1  81    0  157 385 -401  2
3797500 2746500  7  8 14  17.3 1003 228  4.1 7 10.0  80    0  124 382 -401  2
3797500 2746500  7  8 15  16.4 1003 229  4.8 8 10.0  82    0   85 385 -401  2
3797500 2746500  7  8 16  15.8 1004 229  4.1 8 10.2  88    0   83 386 -402  2
3797500 2746500  7  8 17  15.7 1004 219  3.7 8 10.4  92    0   70 384 -402  2
3797500 2746500  7  8 18  16.0 1004 218  3.4 8 10.5  92    0   64 383 -402  2
3797500 2746500  7  8 19  16.3 1004 227  3.9 7 10.7  92    0   69 380 -402  2
3797500 2746500  7  8 20  16.4 1005 229  3.9 8 10.6  90    0   38 379 -402  2
3797500 2746500  7  8 21  16.1 1005 221  3.0 8 10.5  90    0   10 382 -402  2
3797500 2746500  7  8 22  16.4 1005 221  3.4 8 10.6  91    0    0 382 -402  2
3797500 2746500  7  8 23  16.4 1005 225  2.9 8 10.7  90    0    0 381 -402  2
3797500 2746500  7  8 24  16.4 1006 222  3.3 8 10.7  91    0    0 380 -403  2
3797500 2746500  7  9  1  16.3 1006 243  2.9 8 10.7  91    0    0 379 -401  2
3797500 2746500  7  9  2  16.0 1006 242  3.8 8 10.6  92    0    0 379 -398  2
3797500 2746500  7  9  3  15.2 1006 242  3.9 8 10.3  92    0    0 376 -395  2
3797500 2746500  7  9  4  14.5 1006 240  3.0 8  9.9  93    0    0 372 -392  2
3797500 2746500  7  9  5  14.6 1006 221  3.0 8  9.7  92    0    0 371 -389  2
3797500 2746500  7  9  6  14.7 1006 219  3.2 8  9.7  92    0    6 371 -387  2
3797500 2746500  7  9  7  14.5 1007 219  2.7 8  9.7  92    0   19 369 -389  2
3797500 2746500  7  9  8  14.5 1007 218  2.1 7  9.6  92    2  141 363 -393  2
3797500 2746500  7  9  9  15.0 1007 240  2.6 7  9.5  90    6  224 357 -399  2
3797500 2746500  7  9 10  16.2 1007 221  3.1 6  9.7  87   18  310 354 -406  2
3797500 2746500  7  9 11  17.1 1007 253  2.5 7 10.0  84   14  331 357 -414  2
3797500 2746500  7  9 12  18.2 1008 241  2.6 7 10.3  81   12  333 363 -425  2
3797500 2746500  7  9 13  18.7 1008 255  1.9 7 10.5  79   15  352 364 -437  2
3797500 2746500  7  9 14  18.7 1008 242  2.2 6 10.4  77   29  376 361 -445  2
3797500 2746500  7  9 15  20.2 1008 233  1.3 7 10.1  71   34  352 361 -451  2
3797500 2746500  7  9 16  19.1 1008 263  2.2 8  9.9  68    0  174 365 -452  2
3797500 2746500  7  9 17  19.2 1008 264  1.7 7 10.0  71    0  158 360 -450  2
3797500 2746500  7  9 18  19.2 1008 269  1.7 7 10.2  73    0  122 357 -443  2
3797500 2746500  7  9 19  19.1 1007 278  1.6 7 10.1  72    6  108 355 -432  2
3797500 2746500  7  9 20  18.7 1007 256  1.5 7  9.7  70    7   58 354 -419  2
3797500 2746500  7  9 21  17.6 1007 253  0.9 6  9.2  70    1   12 346 -406  2
3797500 2746500  7  9 22  17.0 1008 221  1.4 8  9.0  73    0    0 342 -396  2
3797500 2746500  7  9 23  16.8 1008 236  2.0 7  9.0  74    0    0 339 -391  2
3797500 2746500  7  9 24  16.6 1008 221  1.6 5  9.0  76    0    0 327 -386  2
3797500 2746500  7 10  1  16.4 1008 225  1.4 7  9.0  76    0    0 327 -383  2
3797500 2746500  7 10  2  16.1 1008 214  1.4 7  8.9  77    0    0 335 -381  2
3797500 2746500  7 10  3  15.6 1007 204  1.0 5  8.8  78    0    0 332 -382  2
3797500 2746500  7 10  4  15.3 1007 172  1.0 4  8.9  81    0    0 322 -382  2
3797500 2746500  7 10  5  15.3 1007 164  1.3 6  9.1  83    0    0 326 -382  2
3797500 2746500  7 10  6  15.4 1006 157  1.2 7  9.2  84    0   26 338 -382  2
3797500 2746500  7 10  7  16.5 1006 164  1.7 6  9.4  83    8   95 341 -388  2
3797500 2746500  7 10  8  18.3 1006 174  2.8 5  9.7  77   94  195 339 -398  2
3797500 2746500  7 10  9  19.3 1005 163  2.8 5  9.6  70  245  236 342 -406  2
3797500 2746500  7 10 10  20.5 1005 212  3.5 5  9.7  66  319  283 349 -406  2
3797500 2746500  7 10 11  21.4 1004 177  2.8 6  9.8  62  188  374 361 -406  2
3797500 2746500  7 10 12  23.0 1004 200  4.2 5  9.8  58  282  388 369 -417  2
3797500 2746500  7 10 13  24.0 1003 196  2.8 6  9.4  51  220  407 375 -430  2
3797500 2746500  7 10 14  25.3 1002 214  3.9 7  8.6  44  151  394 385 -424  2
3797500 2746500  7 10 15  24.9 1002 210  4.7 5  7.9  39  254  354 382 -414  2
3797500 2746500  7 10 16  24.8 1001 214  4.2 6  7.8  40   73  299 379 -421  2
3797500 2746500  7 10 17  23.6 1001 216  3.7 7  8.4  44   27  228 385 -427  2
3797500 2746500  7 10 18  22.9 1000 218  2.9 7  8.6  48   21  169 385 -424  2
3797500 2746500  7 10 19  22.2 1000 222  4.0 6  9.1  52   31  114 382 -418  2
3797500 2746500  7 10 20  21.5 1000 212  3.8 7  9.4  57    2   42 382 -410  2
3797500 2746500  7 10 21  20.4 1000 236  4.6 8  9.1  58    0    3 388 -403  2
3797500 2746500  7 10 22  17.8 1000 245  3.2 8  9.4  67    0    0 387 -397  2
3797500 2746500  7 10 23  17.1 1001 199  2.0 8 10.0  79    0    0 383 -393  2
3797500 2746500  7 10 24  16.7 1001 210  2.9 8  9.9  81    0    0 381 -390  2
3797500 2746500  7 11  1  15.9 1001 220  3.1 8  9.7  83    0    0 378 -388  2
3797500 2746500  7 11  2  15.8 1001 210  3.1 7  9.5  83    0    0 371 -387  2
3797500 2746500  7 11  3  15.6 1001 224  4.5 5  9.3  83    0    0 357 -384  2
3797500 2746500  7 11  4  15.0 1001 226  4.0 4  9.2  83    0    0 341 -382  2
3797500 2746500  7 11  5  14.8 1001 221  4.3 4  8.9  83    0    0 334 -379  2
3797500 2746500  7 11  6  15.0 1002 220  4.3 3  8.7  81   27   40 326 -377  2
3797500 2746500  7 11  7  15.5 1002 230  3.6 4  8.5  77  124   70 326 -380  2
3797500 2746500  7 11  8  16.0 1002 219  5.1 4  8.2  72  294   58 332 -384  2
3797500 2746500  7 11  9  16.4 1003 218  4.4 4  7.9  68  317  128 332 -391  2
3797500 2746500  7 11 10  16.9 1003 221  6.1 4  7.6  64  186  255 332 -402  2
3797500 2746500  7 11 11  18.1 1003 229  5.5 3  7.3  58  320  246 329 -412  2
3797500 2746500  7 11 12  18.4 1003 219  6.0 3  6.9  52  513  175 326 -419  2
3797500 2746500  7 11 13  19.4 1003 217  5.8 5  6.6  48  244  309 336 -421  2
3797500 2746500  7 11 14  17.9 1003 230  6.3 4  6.6  49   95  325 338 -425  2
3797500 2746500  7 11 15  18.2 1003 227  6.6 8  6.6  51    0  195 346 -431  2
3797500 2746500  7 11 16  16.8 1003 218  4.8 6  7.5  59  130  251 353 -432  2
3797500 2746500  7 11 17  14.9 1004 221  4.8 4  8.1  71  177  184 335 -427  2
3797500 2746500  7 11 18  18.2 1004 219  5.6 2  7.8  65  295   56 323 -421  2
3797500 2746500  7 11 19  18.5 1004 234  5.1 2  7.0  52  191   49 318 -415  2
3797500 2746500  7 11 20  18.6 1004 245  6.5 3  5.9  44   65   35 320 -410  2
3797500 2746500  7 11 21  17.9 1005 234  4.6 3  5.8  44    3    9 324 -405  2
3797500 2746500  7 11 22  16.8 1005 237  5.4 4  6.1  49    0    0 326 -399  2
3797500 2746500  7 11 23  16.0 1006 215  4.7 3  6.3  54    0    0 324 -394  2
3797500 2746500  7 11 24  15.4 1006 224  4.5 2  6.2  56    0    0 314 -392  2
3797500 2746500  7 12  1  15.1 1006 228  5.0 5  6.3  58    0    0 320 -391  2
3797500 2746500  7 12  2  14.5 1006 235  5.2 5  6.5  62    0    0 331 -389  2
3797500 2746500  7 12  3  14.3 1006 210  4.8 6  6.7  65    0    0 334 -386  2
3797500 2746500  7 12  4  13.4 1006 216  4.6 6  6.8  69    0    0 337 -384  2
3797500 2746500  7 12  5  13.1 1006 213  4.6 4  7.1  74    0    2 326 -381  2
3797500 2746500  7 12  6  13.3 1006 215  4.3 4  7.3  77   21   46 317 -380  2
3797500 2746500  7 12  7  14.3 1007 229  4.7 2  7.6  77   90   99 309 -381  2
3797500 2746500  7 12  8  14.7 1007 233  5.1 4  7.8  75  156  155 311 -385  2
3797500 2746500  7 12  9  15.7 1007 230  4.6 4  7.8  72  259  191 321 -393  2
3797500 2746500  7 12 10  17.0 1006 238  5.3 4  7.6  65  270  258 324 -403  2
3797500 2746500  7 12 11  17.3 1006 235  5.2 5  7.3  59  191  331 331 -413  2
3797500 2746500  7 12 12  17.6 1006 256  5.1 4  7.0  56  254  346 333 -424  2
3797500 2746500  7 12 13  18.9 1006 212  5.1 4  6.8  52  302  338 333 -429  2
3797500 2746500  7 12 14  18.4 1005 200  4.9 4  6.6  48  161  355 337 -430  2
3797500 2746500  7 12 15  18.6 1005 222  3.3 5  6.7  50  159  322 340 -431  2
3797500 2746500  7 12 16  18.0 1004 210  4.3 5  7.0  53   49  270 345 -432  2
3797500 2746500  7 12 17  17.9 1004 230  4.3 7  7.0  54    0  107 351 -429  2
3797500 2746500  7 12 18  17.3 1003 238  2.7 8  6.9  55    0   78 361 -418  2
3797500 2746500  7 12 19  15.8 1003 188  3.4 8  7.4  62    0   63 364 -412  2
3797500 2746500  7 12 20  15.3 1002 221  2.4 8  8.1  73    0   30 364 -406  2
3797500 2746500  7 12 21  15.2 1002 212  4.2 7  8.2  75    0    1 362 -399  2
3797500 2746500  7 12 22  15.0 1002 206  3.7 6  8.2  76    0    0 354 -394  2
3797500 2746500  7 12 23  15.0 1002 225  4.0 6  8.3  77    0    0 350 -391  2
3797500 2746500  7 12 24  14.6 1002 220  3.8 5  8.4  79    0    0 346 -389  2
3797500 2746500  7 13  1  14.1 1002 216  3.1 6  8.5  82    0    0 345 -387  2
3797500 2746500  7 13  2  13.9 1002 218  3.5 5  8.5  84    0    0 344 -386  2
3797500 2746500  7 13  3  13.0 1003 226  3.1 4  8.3  85    0    0 332 -385  2
3797500 2746500  7 13  4  12.7 1003 217  3.6 4  8.1  86    0    0 323 -385  2
3797500 2746500  7 13  5  13.0 1003 215  3.3 5  8.1  86    0    0 326 -384  2
3797500 2746500  7 13  6  13.2 1003 213  3.7 6  8.1  85    0   15 335 -384  2
3797500 2746500  7 13  7  13.8 1003 214  3.3 8  8.0  82    0   56 350 -384  2
3797500 2746500  7 13  8  14.3 1003 214  4.4 6  8.0  79   30  167 351 -383  2
3797500 2746500  7 13  9  15.2 1004 209  3.8 6  7.9  74  132  230 344 -385  2
3797500 2746500  7 13 10  16.0 1004 201  5.0 5  7.8  70  212  270 341 -391  2
3797500 2746500  7 13 11  17.1 1004 230  3.4 4  7.6  64  316  282 335 -399  2
3797500 2746500  7 13 12  17.8 1004 231  4.9 3  7.1  56  245  337 331 -410  2
3797500 2746500  7 13 13  19.2 1003 208  5.5 4  6.5  49  301  327 336 -414  2
3797500 2746500  7 13 14  19.2 1003 221  5.3 6  6.1  43  201  339 350 -409  2
3797500 2746500  7 13 15  19.5 1003 217  5.6 5  5.9  42  258  294 354 -414  2
3797500 2746500  7 13 16  19.1 1003 218  4.6 5  6.0  43  147  269 349 -422  2
3797500 2746500  7 13 17  19.0 1003 269  5.1 6  6.0  44  122  218 352 -423  2
3797500 2746500  7 13 18  18.6 1002 223  3.8 7  6.1  44   34  163 358 -419  2
3797500 2746500  7 13 19  18.3 1002 222  3.5 7  6.3  47    1   76 362 -408  2
3797500 2746500  7 13 20  17.8 1002 214  2.0 7  6.6  50    1   38 361 -400  2
3797500 2746500  7 13 21  17.1 1002 186  1.5 8  6.7  53    1    8 363 -393  2
3797500 2746500  7 13 22  16.7 1002 141  1.0 8  6.8  56    0    0 367 -385  2
3797500 2746500  7 13 23  16.6 1002 156  2.3 8  7.2  60    0    0 366 -378  2
3797500 2746500  7 13 24  16.3 1001 161  2.5 8  7.7  65    0    0 365 -374  2
3797500 2746500  7 14  1  15.3 1001 189  1.2 8  8.4  74    0    0 362 -370  2
3797500 2746500  7 14  2  15.1 1001 159  1.7 8  8.9  81    0    0 359 -368  2
3797500 2746500  7 14  3  15.1 1000 159  1.0 8  8.9  82    0    0 358 -365  2
3797500 2746500  7 14  4  15.0 1000 172  0.8 8  9.0  83    0    0 360 -363  2
3797500 2746500  7 14  5  14.5  999 121  0.5 7  9.1  86    0    0 356 -362  2
3797500 2746500  7 14  6  14.9  999 122  0.6 7  9.3  87    0   29 353 -364  2
3797500 2746500  7 14  7  15.8  999 183  0.8 7  9.6  87    0   69 356 -369  2
3797500 2746500  7 14  8  16.5 1000 212  1.2 7  9.6  82    4  132 359 -378  2
3797500 2746500  7 14  9  17.2 1000  31  0.9 7  9.3  76   35  235 363 -391  2
3797500 2746500  7 14 10  17.4  999 226  0.4 7  9.2  73   34  275 365 -401  2
3797500 2746500  7 14 11  17.4  999 136  1.9 7  9.3  73    0  226 366 -411  2
3797500 2746500  7 14 12  16.4  999 123  1.8 8  9.8  80    0  124 372 -417  2
3797500 2746500  7 14 13  16.1  999 100  2.3 7 10.3  87    0  133 371 -416  2
3797500 2746500  7 14 14  16.4  999  91  2.4 7 10.6  90    0  167 366 -417  2
3797500 2746500  7 14 15  17.1  998 111  2.3 8 11.0  91    0  147 372 -417  2
3797500 2746500  7 14 16  17.0  997 359  1.4 8 11.2  91    0  106 376 -415  2
3797500 2746500  7 14 17  17.4  997 101  1.4 8 11.4  91    0  107 376 -413  2
3797500 2746500  7 14 18  18.1  996  69  1.8 8 11.8  91    0   73 377 -412  2
3797500 2746500  7 14 19  17.8  996 267  2.9 8 12.1  92    0   54 378 -413  2
3797500 2746500  7 14 20  14.4  997 280  3.9 7 10.7  91    5   42 365 -408  2
3797500 2746500  7 14 21  14.1  999 243  3.7 8  9.2  89    0    0 357 -398  2
3797500 2746500  7 14 22  14.0 1002 253  3.2 8  9.1  89    0    0 360 -390  2
3797500 2746500  7 14 23  13.8 1003 224  2.5 8  9.0  90    0    0 359 -386  2
3797500 2746500  7 14 24  13.8 1004 222  3.0 8  8.9  89    0    0 358 -385  2
3797500 2746500  7 15  1  13.9 1004 219  3.5 8  8.9  89    0    0 359 -383  2
3797500 2746500  7 15  2  14.1 1005 224  3.3 7  8.9  88    0    0 353 -380  2
3797500 2746500  7 15  3  13.8 1005 228  2.8 7  8.8  88    0    0 348 -378  2
3797500 2746500  7 15  4  13.6 1006 226  2.7 7  8.7  88    0    0 347 -377  2
3797500 2746500  7 15  5  13.2 1006 224  2.6 6  8.6  89    0    1 338 -375  2
3797500 2746500  7 15  6  13.2 1007 219  2.1 6  8.5  89    0   10 331 -374  2
3797500 2746500  7 15  7  13.6 1007 221  2.1 8  8.6  89    0   43 342 -376  2
3797500 2746500  7 15  8  13.8 1008 239  1.6 8  8.7  88    0   91 353 -384  2
3797500 2746500  7 15  9  14.6 1008 250  1.1 8  8.7  86    0  116 352 -397  2
3797500 2746500  7 15 10  15.5 1008 162  2.4 8  8.7  81    0  192 355 -413  2
3797500 2746500  7 15 11  16.0 1009 203  2.3 8  8.4  75   11  277 357 -430  2
3797500 2746500  7 15 12  17.5 1009 234  2.9 7  8.2  68   78  371 354 -445  2
3797500 2746500  7 15 13  17.6 1009 206  2.2 7  8.0  64  157  396 354 -455  2
3797500 2746500  7 15 14  18.0 1009 215  2.7 7  8.0  62  171  384 354 -459  2
3797500 2746500  7 15 15  19.0 1009 195  1.5 4  7.7  58  238  345 343 -460  2
3797500 2746500  7 15 16  19.0 1009 228  1.6 5  7.4  54  172  303 338 -461  2
3797500 2746500  7 15 17  19.5 1009 197  1.6 6  7.3  52  202  229 346 -457  2
3797500 2746500  7 15 18  19.5 1008 175  1.4 6  7.1  50   77  179 351 -450  2
3797500 2746500  7 15 19  19.3 1008   0  0.5 7  7.2  51    9   96 354 -442  2
3797500 2746500  7 15 20  17.9 1008   1  0.6 6  7.4  55    4   43 352 -430  2
3797500 2746500  7 15 21  17.0 1008  24  0.6 7  7.4  59    0    1 350 -420  2
3797500 2746500  7 15 22  15.7 1009 349  2.4 5  7.8  67    0    0 345 -413  2
3797500 2746500  7 15 23  15.3 1009 357  2.2 4  8.1  74    0    0 330 -408  2
3797500 2746500  7 15 24  14.3 1009  42  1.8 5  8.0  76    0    0 328 -405  2
3797500 2746500  7 16  1  14.5 1009   4  2.2 6  8.2  80    0    0 336 -402  2
3797500 2746500  7 16  2  13.8 1009  27  1.4 7  8.2  81    0    0 341 -399  2
3797500 2746500  7 16  3  13.8 1009  27  1.4 7  8.1  82    0    0 341 -394  2
3797500 2746500  7 16  4  13.8 1009  14  1.2 7  8.0  80    0    0 339 -392  2
3797500 2746500  7 16  5  13.1 1009 356  1.4 8  7.9  82    0    0 341 -390  2
3797500 2746500  7 16  6  13.2 1009 350  1.3 7  8.0  85    0   10 339 -387  2
3797500 2746500  7 16  7  13.8 1009 344  1.0 8  8.2  85    0   22 340 -387  2
3797500 2746500  7 16  8  14.1 1009 338  1.6 8  8.4  84    0   51 346 -396  2
3797500 2746500  7 16  9  13.2 1010   2  2.3 8  8.4  86    0   92 344 -410  2
3797500 2746500  7 16 10  13.1 1010   7  2.5 8  8.5  90    0  111 343 -427  2
3797500 2746500  7 16 11  13.7 1010  38  2.3 8  8.8  91    0  179 344 -442  2
3797500 2746500  7 16 12  14.6 1010  80  1.7 8  9.0  88    0  234 349 -456  2
3797500 2746500  7 16 13  14.9 1010 104  1.5 8  9.0  86    0  230 353 -466  2
3797500 2746500  7 16 14  15.5 1010  21  1.4 8  9.1  84    0  238 353 -472  2
3797500 2746500  7 16 15  17.4 1010  23  1.0 7  8.8  75    3  239 351 -473  2
3797500 2746500  7 16 16  18.4 1009  83  2.3 7  8.3  64   61  285 350 -457  2
3797500 2746500  7 16 17  19.1 1009 116  2.3 3  7.9  58  362  165 334 -443  2
3797500 2746500  7 16 18  18.5 1009  94  2.6 2  7.8  57  298  114 310 -443  2
3797500 2746500  7 16 19  17.9 1009 109  1.9 3  7.8  59  145   93 307 -438  2
3797500 2746500  7 16 20  17.7 1009 112  2.0 6  7.8  61    8   45 328 -431  2
3797500 2746500  7 16 21  16.8 1009 136  1.1 6  7.9  64    0    7 343 -422  2
3797500 2746500  7 16 22  15.4 1009 101  1.2 8  7.9  69    0    0 351 -413  2
3797500 2746500  7 16 23  15.1 1009 104  1.2 8  8.1  74    0    0 360 -406  2
3797500 2746500  7 16 24  14.7 1009  37  1.1 7  8.3  78    0    0 353 -403  2
3797500 2746500  7 17  1  13.5 1008 146  0.6 6  7.9  78    0    0 339 -401  2
3797500 2746500  7 17  2  13.6 1008  86  1.3 6  7.8  80    0    0 332 -399  2
3797500 2746500  7 17  3  13.7 1008  25  1.4 5  8.1  82    0    0 330 -397  2
3797500 2746500  7 17  4  13.7 1008 110  1.4 6  8.1  83    0    0 331 -395  2
3797500 2746500  7 17  5  13.4 1007 114  1.4 8  8.2  85    0    0 345 -394  2
3797500 2746500  7 17  6  14.4 1007 112  1.6 7  8.3  83    0    7 350 -393  2
3797500 2746500  7 17  7  14.8 1007 135  1.5 8  8.3  80    0   36 350 -396  2
3797500 2746500  7 17  8  15.3 1006 129  2.4 7  8.5  78    0  105 350 -404  2
3797500 2746500  7 17  9  15.5 1006 149  2.3 8  8.5  77    1  170 353 -416  2
3797500 2746500  7 17 10  17.4 1006 140  2.9 6  8.5  72  138  306 354 -430  2
3797500 2746500  7 17 11  18.9 1005 152  3.1 4  8.5  65  295  319 345 -444  2
3797500 2746500  7 17 12  19.6 1004 157  3.2 5  8.2  59   95  371 346 -454  2
3797500 2746500  7 17 13  19.5 1004 149  4.2 6  7.9  55   35  340 356 -464  2
3797500 2746500  7 17 14  20.6 1003 148  3.9 5  7.6  51  124  374 357 -472  2
3797500 2746500  7 17 15  20.8 1002 139  4.7 5  7.5  48  235  336 354 -477  2
3797500 2746500  7 17 16  20.3 1001 163  3.7 6  7.7  50   65  285 358 -471  2
3797500 2746500  7 17 17  21.3 1001 133  4.0 7  7.8  50   62  235 367 -459  2
3797500 2746500  7 17 18  21.2 1000 143  3.4 4  7.8  49  220  135 362 -453  2
3797500 2746500  7 17 19  20.2  999 110  4.5 5  7.6  49  126   91 352 -447  2
3797500 2746500  7 17 20  19.6  999 126  3.4 6  7.7  52   37   46 357 -438  2
3797500 2746500  7 17 21  19.0  999 110  3.0 5  8.0  56    0    7 356 -429  2
3797500 2746500  7 17 22  19.2  998 106  3.6 7  8.0  57    0    0 360 -421  2
3797500 2746500  7 17 23  19.0  998 144  4.2 7  7.9  56    0    0 369 -416  2
3797500 2746500  7 17 24  18.5  997 139  4.5 8  7.9  58    0    0 371 -413  2
3797500 2746500  7 18  1  17.9  996 137  5.5 6  7.9  60    0    0 364 -410  2
3797500 2746500  7 18  2  16.7  995 143  6.2 7  8.2  65    0    0 358 -406  2
3797500 2746500  7 18  3  15.3  994 136  4.6 6  8.8  76    0    0 356 -404  2
3797500 2746500  7 18  4  15.1  994 164  4.1 6  9.3  84    0    0 350 -403  2
3797500 2746500  7 18  5  15.4  993 171  1.8 7  9.6  87    0    0 356 -399  2
3797500 2746500  7 18  6  15.5  993 156  3.0 7  9.9  88    0   15 361 -394  2
3797500 2746500  7 18  7  16.2  994 206  3.6 6 10.0  87   42  102 356 -393  2
3797500 2746500  7 18  8  16.6  994 186  5.1 3  9.7  82  220  126 340 -394  2
3797500 2746500  7 18  9  17.1  995 218  5.8 2  9.0  74  308  169 324 -395  2
3797500 2746500  7 18 10  17.5  995 218  5.0 4  8.5  68  288  245 333 -397  2
3797500 2746500  7 18 11  18.9  995 220  5.0 4  8.1  61  364  272 345 -405  2
3797500 2746500  7 18 12  19.9  995 197  4.4 5  7.9  55  344  321 353 -416  2
3797500 2746500  7 18 13  20.0  995 214  3.6 6  7.8  52  130  374 361 -423  2
3797500 2746500  7 18 14  18.1  994 154  4.4 3  8.1  58  407  291 351 -429  2
3797500 2746500  7 18 15  19.8  994 164  4.3 5  8.5  61  148  332 346 -435  2
3797500 2746500  7 18 16  19.6  994 164  5.2 5  8.1  56  272  255 352 -435  2
3797500 2746500  7 18 17  18.4  994 104  3.5 6  7.9  56   62  228 351 -429  2
3797500 2746500  7 18 18  17.6  994 151  2.6 6  8.4  64   47  168 350 -425  2
3797500 2746500  7 18 19  18.0  994 139  4.0 4  8.8  68   73   98 343 -420  2
3797500 2746500  7 18 20  17.3  994 146  3.7 6  8.9  70    7   41 346 -411  2
3797500 2746500  7 18 21  17.0  993 149  3.7 7  9.0  72    0    2 359 -402  2
3797500 2746500  7 18 22  16.7  993 153  3.9 7  9.1  74    0    0 360 -397  2
3797500 2746500  7 18 23  16.9  993 164  3.4 7  9.6  77    0    0 357 -393  2
3797500 2746500  7 18 24  17.4  993 189  3.3 6 10.2  79    0    0 347 -392  2
3797500 2746500  7 19  1  18.0 1007 210  2.5 6 10.9  82    0    0 386 -417  2
3797500 2746500  7 19  2  18.3 1007 226  2.1 6 11.6  85    0    0 382 -417  2
3797500 2746500  7 19  3  18.5 1007 221  1.6 5 12.0  88    0    0 381 -416  2
3797500 2746500  7 19  4  18.2 1008 210  1.5 4 12.0  90    0    0 377 -416  2
3797500 2746500  7 19  5  18.4 1008 195  1.1 4 11.9  89    0    0 358 -415  2
3797500 2746500  7 19  6  18.1 1008 189  0.8 3 11.7  90    1   33 350 -415  2
3797500 2746500  7 19  7  18.8 1008 239  1.1 5 12.1  90   12  100 362 -416  2
3797500 2746500  7 19  8  18.9 1009 118  1.5 6 12.4  90   33  188 372 -418  2
3797500 2746500  7 19  9  20.0 1009 149  1.8 6 12.7  89   42  261 376 -419  2
3797500 2746500  7 19 10  20.6 1008 156  1.6 8 13.1  87   18  285 387 -418  2
3797500 2746500  7 19 11  21.3 1008 215  2.1 7 13.1  83   29  338 393 -420  2
3797500 2746500  7 19 12  21.8 1008 208  2.1 6 12.6  77   85  399 387 -424  2
3797500 2746500  7 19 13  22.6 1008 228  1.9 6 12.6  74   62  391 386 -431  2
3797500 2746500  7 19 14  22.1 1008 249  2.7 8 12.8  75    0  236 396 -434  2
3797500 2746500  7 19 15  21.0 1008 231  1.3 7 13.1  80    0   91 398 -433  2
3797500 2746500  7 19 16  21.0 1008 259  0.7 7 13.4  85    0  110 391 -434  2
3797500 2746500  7 19 17  23.4 1007 158  1.5 8 13.5  80    3  177 398 -439  2
3797500 2746500  7 19 18  23.1 1007 157  2.3 6 13.3  74   72  197 396 -440  2
3797500 2746500  7 19 19  22.6 1007 170  1.2 8 13.0  74   12  100 394 -437  2
3797500 2746500  7 19 20  21.6 1007 158  3.0 7 13.3  79    0   12 397 -433  2
3797500 2746500  7 19 21  21.0 1007 198  3.6 7 13.2  82    0    0 391 -428  2
3797500 2746500  7 19 22  20.0 1007 240  3.4 8 12.6  82    0    0 393 -422  2
3797500 2746500  7 19 23  19.0 1008 246  2.1 8 12.3  86    0    0 394 -417  2
3797500 2746500  7 19 24  18.3 1009 215  3.0 8 12.2  90    0    0 391 -415  2
3797500 2746500  7 20  1  17.5 1009 232  2.9 7 11.6  90    0    0 384 -415  2
3797500 2746500  7 20  2  17.0 1010 250  3.1 6 11.2  90    0    0 373 -414  2
3797500 2746500  7 20  3  15.6 1010 226  2.5 5 10.6  91    0    0 362 -414  2
3797500 2746500  7 20  4  15.5 1010 231  2.1 4 10.2  92    0    0 351 -413  2
3797500 2746500  7 20  5  15.5 1010 237  2.0 5 10.2  92    0    0 351 -409  2
3797500 2746500  7 20  6  15.6 1011 224  1.4 4 10.1  91    0   24 349 -405  2
3797500 2746500  7 20  7  15.5 1011 254  2.3 4  9.4  85   40  103 341 -404  2
3797500 2746500  7 20  8  15.5 1012 224  2.8 5  8.7  79   65  176 343 -406  2
3797500 2746500  7 20  9  16.1 1012 248  2.6 4  8.8  78  218  217 345 -409  2
3797500 2746500  7 20 10  17.8 1012 243  3.0 2  8.7  72  449  179 338 -413  2
3797500 2746500  7 20 11  19.5 1012 229  2.7 2  8.7  64  603  153 341 -420  2
3797500 2746500  7 20 12  20.2 1012 226  2.7 2  9.0  62  546  230 349 -431  2
3797500 2746500  7 20 13  21.7 1013 207  3.4 4  9.3  60  411  313 357 -444  2
3797500 2746500  7 20 14  21.6 1012 264  3.1 4  8.7  54  374  316 361 -455  2
3797500 2746500  7 20 15  22.0 1012 302  3.5 5  7.8  48  327  299 359 -463  2
3797500 2746500  7 20 16  22.7 1012 229  2.7 5  8.0  47  293  257 359 -464  2
3797500 2746500  7 20 17  22.3 1012 330  2.0 5  8.2  48  208  218 357 -459  2
3797500 2746500  7 20 18  22.1 1011 262  1.6 7  8.2  49   84  172 359 -450  2
3797500 2746500  7 20 19  21.6 1011   0  2.2 6  8.4  51   38  101 358 -438  2
3797500 2746500  7 20 20  20.7 1011   2  1.3 8  8.6  55    6   40 358 -424  2
3797500 2746500  7 20 21  19.6 1011  17  1.3 8  8.6  58    0    5 361 -410  2
3797500 2746500  7 20 22  18.7 1011  49  2.1 6  8.6  62    0    0 353 -400  2
3797500 2746500  7 20 23  18.2 1011  59  1.3 6  8.6  65    0    0 345 -397  2
3797500 2746500  7 20 24  17.7 1011  71  1.6 7  8.8  68    0    0 347 -395  2
3797500 2746500  7 21  1  17.6 1011  60  2.6 5  8.9  70    0    0 345 -394  2
3797500 2746500  7 21  2  17.1 1011  28  2.3 4  8.9  72    0    0 336 -393  2
3797500 2746500  7 21  3  16.9 1010  75  2.3 4  9.0  74    0    0 333 -392  2
3797500 2746500  7 21  4  16.8 1010  51  1.2 6  9.1  76    0    0 339 -391  2
3797500 2746500  7 21  5  16.0 1009  66  2.3 7  9.2  78    0    0 348 -391  2
3797500 2746500  7 21  6  16.3 1008  54  2.1 7  9.2  80    0   14 350 -391  2
3797500 2746500  7 21  7  16.7 1008  76  2.6 7  9.2  78    0   29 349 -393  2
3797500 2746500  7 21  8  15.9 1007 356  1.7 7  9.5  81    0   63 347 -399  2
3797500 2746500  7 21  9  15.8 1007  65  1.6 7 10.0  88    0  107 348 -407  2
3797500 2746500  7 21 10  15.8 1007  63  1.7 7 10.6  94    0  109 351 -418  2
3797500 2746500  7 21 11  16.2 1007  90  1.7 8 10.9  95    0  102 357 -434  2
3797500 2746500  7 21 12  16.5 1007  90  1.4 8 11.1  95    0  123 364 -451  2
3797500 2746500  7 21 13  18.0 1007 208  1.5 6 11.9  95   11  279 363 -464  2
3797500 2746500  7 21 14  19.0 1006 232  1.8 5 12.5  92   93  310 360 -471  2
3797500 2746500  7 21 15  19.3 1006 235  3.0 6 12.4  88   15  252 362 -475  2
3797500 2746500  7 21 16  19.8 1006 282  2.6 7 12.3  86   25  230 369 -477  2
3797500 2746500  7 21 17  19.0 1006 309  2.5 8 12.2  86    5  164 373 -474  2
3797500 2746500  7 21 18  19.0 1006 275  2.7 8 12.1  87    1  114 376 -466  2
3797500 2746500  7 21 19  19.0 1006 288  1.7 8 11.9  86    5   76 376 -455  2
3797500 2746500  7 21 20  18.7 1007 262  1.5 8 11.7  85    0   28 374 -442  2
3797500 2746500  7 21 21  18.0 1007 265  0.9 6 11.3  85    0    0 365 -429  2
3797500 2746500  7 21 22  17.3 1007 348  1.1 5 11.1  87    0    0 355 -418  2
3797500 2746500  7 21 23  16.4 1008 161  0.4 5 10.8  89    0    0 351 -411  2
3797500 2746500  7 21 24  16.0 1008 211  1.3 6 10.7  92    0    0 353 -408  2
3797500 2746500  7 22  1  15.3 1008 201  0.5 1 10.4  93    0    0 339 -407  2
3797500 2746500  7 22  2  15.1 1008 176  1.1 1 10.0  92    0    0 321 -406  2
3797500 2746500  7 22  3  15.5 1008 199  1.2 5 10.2  93    0    0 334 -406  2
3797500 2746500  7 22  4  15.0 1008 139  0.6 7 10.2  93    0    0 355 -405  2
3797500 2746500  7 22  5  14.9 1008 127  0.8 6 10.1  94    0    0 356 -405  2
3797500 2746500  7 22  6  15.5 1008 136  0.7 5 10.4  95    1   32 348 -405  2
3797500 2746500  7 22  7  17.1 1009  75  0.1 3 11.3  96   35  103 341 -407  2
3797500 2746500  7 22  8  18.4 1009  83  0.8 4 12.1  94  121  171 344 -411  2
3797500 2746500  7 22  9  20.2 1009 152  1.3 3 13.1  92  250  209 353 -422  2
3797500 2746500  7 22 10  22.7 1009 135  1.4 2 13.6  84  401  215 356 -438  2
3797500 2746500  7 22 11  23.5 1009 189  1.1 2 12.7  71  509  221 360 -451  2
3797500 2746500  7 22 12  24.4 1009 168  1.1 2 12.2  65  512  261 366 -462  2
3797500 2746500  7 22 13  26.0 1009 192  1.2 2 11.9  58  509  276 373 -472  2
3797500 2746500  7 22 14  26.2 1009 171  1.2 3 10.9  51  235  368 380 -472  2
3797500 2746500  7 22 15  21.4 1009 162  3.5 7 11.0  59    0  137 389 -474  2
3797500 2746500  7 22 16  20.2 1009 255  1.0 6 12.3  79    0  141 390 -483  2
3797500 2746500  7 22 17  20.3 1009 211  1.2 6 12.9  86   18  199 386 -485  2
3797500 2746500  7 22 18  21.3 1009 220  0.8 4 13.1  84   60  171 381 -481  2
3797500 2746500  7 22 19  21.0 1010  33  1.0 6 13.1  82   14   93 381 -470  2
3797500 2746500  7 22 20  21.1 1010 127  0.6 7 13.2  84    0   26 390 -458  2
3797500 2746500  7 22 21  20.5 1010  75  1.0 8 13.3  86    0    5 395 -446  2
3797500 2746500  7 22 22  20.0 1010 116  0.8 7 13.1  88    0    0 393 -434  2
3797500 2746500  7 22 23  19.9 1011 110  0.8 7 13.3  90    0    0 390 -426  2
3797500 2746500  7 22 24  19.9 1011 186  1.0 7 13.5  92    0    0 390 -420  2
3797500 2746500  7 23  1  19.4 1011 181  0.9 7 13.0  90    0    0 387 -416  2
3797500 2746500  7 23  2  19.4 1011 236  0.3 7 12.5  88    0    0 386 -412  2
3797500 2746500  7 23  3  18.6 1011 225  1.1 8 12.2  88    0    0 387 -411  2
3797500 2746500  7 23  4  18.8 1011 305  0.8 7 12.1  89    0    0 386 -411  2
3797500 2746500  7 23  5  18.3 1011 356  0.3 6 12.3  92    0    0 379 -412  2
3797500 2746500  7 23  6  18.1 1011 235  0.7 5 12.2  93    7   37 370 -411  2
3797500 2746500  7 23  7  17.8 1012 282  1.3 4 12.0  93   18   96 361 -413  2
3797500 2746500  7 23  8  18.7 1012 299  1.0 4 12.4  94   60  177 360 -421  2
3797500 2746500  7 23  9  19.8 1013 273  1.5 4 12.7  90  207  226 364 -435  2
3797500 2746500  7 23 10  21.5 1013 257  1.6 3 12.6  82  324  253 367 -454  2
3797500 2746500  7 23 11  22.9 1013 308  1.7 3 12.1  72  394  282 371 -475  2
3797500 2746500  7 23 12  23.9 1013 296  1.6 3 11.3  62  438  301 377 -496  2
3797500 2746500  7 23 13  24.1 1013 329  1.8 1 10.4  55  462  303 374 -513  2
3797500 2746500  7 23 14  24.6 1013 215  2.2 1  9.5  50  455  292 371 -524  2
3797500 2746500  7 23 15  25.7 1013 287  1.8 2  9.9  49  428  266 376 -529  2
3797500 2746500  7 23 16  26.1 1012  24  2.5 2 10.1  48  413  210 381 -527  2
3797500 2746500  7 23 17  25.7 1012 346  1.5 1  9.5  46  330  171 376 -519  2
3797500 2746500  7 23 18  26.2 1012 162  1.0 1  9.4  45  231  130 373 -512  2
3797500 2746500  7 23 19  26.1 1011 359  0.9 2  9.8  46   99   98 375 -504  2
3797500 2746500  7 23 20  24.1 1011  43  1.7 4 10.3  52   29   45 377 -491  2
3797500 2746500  7 23 21  23.0 1011  60  1.9 4 10.7  58    0    7 376 -476  2
3797500 2746500  7 23 22  22.1 1011  83  1.3 2 10.8  63    0    0 369 -464  2
3797500 2746500  7 23 23  21.8 1011  80  2.1 2 10.9  66    0    0 363 -457  2
3797500 2746500  7 23 24  21.3 1011  81  0.9 2 11.0  68    0    0 362 -453  2
3797500 2746500  7 24  1  21.1 1011 105  1.6 2 11.0  70    0    0 360 -450  2
3797500 2746500  7 24  2  20.7 1011 121  2.2 3 11.3  72    0    0 360 -448  2
3797500 2746500  7 24  3  19.6 1011 195  1.3 7 11.6  78    0    0 371 -449  2
3797500 2746500  7 24  4  19.3 1011 176  2.9 7 11.7  82    0    0 380 -446  2
3797500 2746500  7 24  5  19.4 1011 173  2.5 8 11.8  83    0    0 382 -438  2
3797500 2746500  7 24  6  19.4 1011 177  2.9 8 11.7  82    0   11 383 -432  2
3797500 2746500  7 24  7  19.9 1010 260  1.9 7 11.9  83    0   22 379 -431  2
3797500 2746500  7 24  8  20.1 1009 208  1.1 8 12.2  83    0   59 379 -438  2
3797500 2746500  7 24  9  20.4 1010 190  1.2 6 12.1  81   67  251 378 -450  2
3797500 2746500  7 24 10  22.5 1010 180  1.5 3 12.1  75  367  244 371 -464  2
3797500 2746500  7 24 11  24.2 1011 200  1.6 4 12.5  69  367  307 375 -477  2
3797500 2746500  7 24 12  22.9 1011 232  1.5 7 12.7  69   56  356 387 -486  2
3797500 2746500  7 24 13  23.6 1011 264  0.9 7 12.9  72   53  355 396 -492  2
3797500 2746500  7 24 14  24.5 1011 266  2.8 5 12.7  67  281  374 395 -496  2
3797500 2746500  7 24 15  25.6 1011 243  1.8 5 12.6  63  333  321 394 -497  2
3797500 2746500  7 24 16  25.4 1011 289  1.9 5 12.5  61  125  298 395 -494  2
3797500 2746500  7 24 17  25.4 1011 295  2.1 4 12.4  61  130  246 390 -488  2
3797500 2746500  7 24 18  24.5 1012 292  1.5 3 12.5  62  101  177 381 -475  2
3797500 2746500  7 24 19  24.0 1012 300  1.9 4 12.4  65   64  105 377 -460  2
3797500 2746500  7 24 20  22.9 1013 302  2.8 5 12.5  69    1   33 379 -445  2
3797500 2746500  7 24 21  21.4 1013 322  3.1 4 12.4  74    0    0 371 -431  2
3797500 2746500  7 24 22  20.9 1014 321  3.1 7 12.1  77    0    0 370 -419  2
3797500 2746500  7 24 23  19.7 1015 329  3.5 7 11.7  78    0    0 375 -411  2
3797500 2746500  7 24 24  18.2 1015 343  2.3 6 10.9  80    0    0 363 -404  2
3797500 2746500  7 25  1  17.8 1016 333  3.1 6 10.4  80    0    0 354 -399  2
3797500 2746500  7 25  2  17.2 1016 343  2.8 5 10.3  82    0    0 350 -394  2
3797500 2746500  7 25  3  16.7 1017 334  2.6 4 10.1  84    0    0 340 -390  2
3797500 2746500  7 25  4  15.2 1017 333  2.2 3  9.7  86    0    0 329 -386  2
3797500 2746500  7 25  5  15.0 1017 335  2.2 3  9.4  88    0    0 322 -384  2
3797500 2746500  7 25  6  15.1 1017 348  2.2 3  9.5  89    0   27 321 -383  2
3797500 2746500  7 25  7  14.6 1017   8  2.3 4  9.6  91   17   93 325 -385  2
3797500 2746500  7 25  8  17.1 1018   7  2.1 2  9.6  86  149  152 322 -394  2
3797500 2746500  7 25  9  18.3 1018 359  2.5 2  9.3  74  348  140 320 -409  2
3797500 2746500  7 25 10  19.0 1018   0  3.0 1  8.4  62  490  141 318 -427  2
3797500 2746500  7 25 11  19.7 1018 350  3.4 1  7.8  56  593  146 315 -445  2
3797500 2746500  7 25 12  20.6 1018 347  3.2 1  7.8  53  606  183 318 -460  2
3797500 2746500  7 25 13  20.5 1018  17  2.9 3  7.6  51  574  216 326 -471  2
3797500 2746500  7 25 14  21.1 1018 356  3.1 4  7.5  49  516  236 336 -477  2
3797500 2746500  7 25 15  21.4 1017  80  1.5 4  7.8  50  338  286 342 -478  2
3797500 2746500  7 25 16  21.7 1017  18  1.8 3  7.9  50  373  211 340 -474  2
3797500 2746500  7 25 17  22.0 1017 357  2.5 4  7.9  48  295  171 340 -469  2
3797500 2746500  7 25 18  22.5 1016 266  2.7 6  8.1  49  101  162 348 -462  2
3797500 2746500  7 25 19  22.2 1016 252  2.3 6  8.3  49   49   96 351 -453  2
3797500 2746500  7 25 20  20.7 1016 274  1.4 6  8.3  52   34   40 344 -440  2
3797500 2746500  7 25 21  19.7 1016 282  1.0 3  8.5  58    2    7 330 -427  2
3797500 2746500  7 25 22  19.8 1016 182  1.5 3  8.7  61    0    0 320 -416  2
3797500 2746500  7 25 23  18.8 1016 283  1.1 3  9.0  65    0    0 317 -409  2
3797500 2746500  7 25 24  18.2 1016 240  1.3 3  9.3  70    0    0 315 -402  2
3797500 2746500  7 26  1  17.2 1015 252  1.8 3  9.2  73    0    0 312 -398  2
3797500 2746500  7 26  2  16.2 1015 242  1.3 4  8.7  74    0    0 312 -395  2
3797500 2746500  7 26  3  15.8 1015 224  1.4 2  8.4  74    0    0 309 -393  2
3797500 2746500  7 26  4  14.9 1014 206  1.5 3  8.4  77    0    0 306 -392  2
3797500 2746500  7 26  5  15.0 1014 178  1.2 5  8.4  79    0    0 315 -392  2
3797500 2746500  7 26  6  15.4 1013 160  1.1 6  8.5  79    0   14 326 -395  2
3797500 2746500  7 26  7  16.9 1013 198  1.3 6  8.6  75    2   78 332 -400  2
3797500 2746500  7 26  8  16.8 1013 219  2.7 6  8.8  73   14  180 335 -407  2
3797500 2746500  7 26  9  17.6 1012 239  3.2 7  9.3  76   18  246 342 -417  2
3797500 2746500  7 26 10  17.2 1012 234  3.8 8  9.8  79   13  285 352 -426  2
3797500 2746500  7 26 11  17.9 1012 243  2.9 7  9.9  78   17  331 356 -435  2
3797500 2746500  7 26 12  18.2 1012 263  3.3 7  9.5  73   15  331 357 -443  2
3797500 2746500  7 26 13  16.7 1012 304  2.8 8  9.2  74    0  208 360 -449  2
3797500 2746500  7 26 14  15.7 1011 322  2.9 7  9.2  80    0  178 358 -448  2
3797500 2746500  7 26 15  15.6 1011 270  2.7 8  9.1  82    0  111 357 -440  2
3797500 2746500  7 26 16  14.5 1011 296  2.2 8  9.2  86    0  152 358 -434  2
3797500 2746500  7 26 17  14.3 1011 291  2.1 8  9.3  91    0  106 357 -430  2
3797500 2746500  7 26 18  14.8 1011 281  1.8 8  9.3  89    0   66 358 -422  2
3797500 2746500  7 26 19  14.5 1011 311  1.4 8  9.2  88    0   57 359 -416  2
3797500 2746500  7 26 20  14.7 1011 338  1.0 8  9.1  87    0   25 359 -411  2
3797500 2746500  7 26 21  14.3 1011 189  1.2 8  9.2  89    0    6 360 -406  2
3797500 2746500  7 26 22  13.8 1011  21  0.8 8  9.2  91    0    0 360 -403  2
3797500 2746500  7 26 23  13.8 1010 157  1.2 8  9.0  91    0    0 360 -400  2
3797500 2746500  7 26 24  14.1 1010 183  1.3 8  8.9  89    0    0 360 -396  2
3797500 2746500  7 27  1  14.6 1010 204  1.5 7  9.0  88    0    0 357 -392  2
3797500 2746500  7 27  2  14.3 1009 242  1.8 8  9.0  87    0    0 359 -391  2
3797500 2746500  7 27  3  14.3 1009 250  1.6 8  9.2  90    0    0 364 -390  2
3797500 2746500  7 27  4  14.5 1009 228  1.9 8  9.4  91    0    0 365 -391  2
3797500 2746500  7 27  5  14.5 1008 252  1.4 7  9.4  90    0    0 362 -391  2
3797500 2746500  7 27  6  14.0 1008 268  2.0 7  9.4  92    0   12 356 -391  2
3797500 2746500  7 27  7  14.7 1008 263  2.7 7  9.5  92    0   52 356 -393  2
3797500 2746500  7 27  8  15.2 1008 257  2.3 8  9.8  92    0   67 365 -399  2
3797500 2746500  7 27  9  15.0 1008 230  2.3 7  9.9  92    0  141 366 -409  2
3797500 2746500  7 27 10  15.7 1008 244  2.0 8 10.2  93    0  171 365 -422  2
3797500 2746500  7 27 11  16.5 1008 277  2.3 8 10.7  92    1  227 372 -436  2
3797500 2746500  7 27 12  16.6 1008 253  2.9 6 10.5  88   86  312 365 -447  2
3797500 2746500  7 27 13  18.9 1008 271  2.1 4 10.0  78  302  272 352 -456  2
3797500 2746500  7 27 14  15.8 1007 240  2.7 6  9.8  79   75  297 350 -463  2
3797500 2746500  7 27 15  19.0 1008 233  0.5 3  9.9  79  283  237 345 -461  2
3797500 2746500  7 27 16  20.1 1008 334  2.6 4  9.3  65  155  228 342 -459  2
3797500 2746500  7 27 17  20.3 1008 341  4.2 5  8.7  59  151  177 347 -459  2
3797500 2746500  7 27 18  20.3 1008 339  2.7 3  8.4  56  145  114 341 -455  2
3797500 2746500  7 27 19  19.3 1008 338  3.4 3  8.2  56   60   73 331 -444  2
3797500 2746500  7 27 20  18.5 1009  30  2.0 3  8.1  59   35   27 326 -434  2
3797500 2746500  7 27 21  17.1 1009 351  2.0 3  7.9  62    0    3 321 -425  2
3797500 2746500  7 27 22  16.4 1010 359  2.1 4  8.0  67    0    0 320 -416  2
3797500 2746500  7 27 23  15.5 1011   9  2.7 4  8.1  71    0    0 322 -409  2
3797500 2746500  7 27 24  14.5 1012  28  2.1 3  8.1  75    0    0 317 -403  2
3797500 2746500  7 28  1  14.1 1012  29  1.4 1  8.0  78    0    0 305 -398  2
3797500 2746500  7 28  2  13.7 1012  44  1.6 1  7.9  79    0    0 299 -394  2
3797500 2746500  7 28  3  12.9 1012  66  1.0 1  7.8  81    0    0 297 -391  2
3797500 2746500  7 28  4  12.4 1012  57  1.1 2  7.6  83    0    0 299 -387  2
3797500 2746500  7 28  5  12.0 1013  89  0.5 1  7.5  85    0    0 298 -383  2
3797500 2746500  7 28  6  12.7 1013  87  0.8 2  7.6  85    9   35 299 -381  2
3797500 2746500  7 28  7  14.3 1013 107  1.3 1  8.0  83   76   96 302 -383  2
3797500 2746500  7 28  8  16.3 1014 121  1.2 2  8.5  78  175  148 308 -392  2
3797500 2746500  7 28  9  17.4 1014 213  0.7 2  8.2  69  216  219 316 -406  2
3797500 2746500  7 28 10  18.5 1014 222  1.0 2  8.0  62  339  244 321 -422  2
3797500 2746500  7 28 11  19.2 1014 354  1.4 2  7.8  58  330  310 325 -438  2
3797500 2746500  7 28 12  20.5 1014  33  0.9 3  7.5  52  314  353 332 -452  2
3797500 2746500  7 28 13  20.7 1014 339  2.1 2  7.2  48  445  309 335 -463  2
3797500 2746500  7 28 14  20.8 1014 345  2.3 2  6.7  44  430  302 332 -468  2
3797500 2746500  7 28 15  21.5 1014 346  2.7 3  6.7  43  246  334 337 -470  2
3797500 2746500  7 28 16  21.7 1014 340  1.6 4  6.6  41  135  293 345 -470  2
3797500 2746500  7 28 17  21.8 1014 350  1.9 3  6.5  40  227  213 344 -465  2
3797500 2746500  7 28 18  21.9 1014 322  1.6 2  6.6  41  213  133 337 -456  2
3797500 2746500  7 28 19  21.7 1014 333  1.4 1  6.7  41  104   94 330 -445  2
3797500 2746500  7 28 20  20.7 1014 358  1.4 2  7.0  44   28   43 329 -434  2
3797500 2746500  7 28 21  18.4 1014   0  0.9 2  7.2  51    0    6 326 -422  2
3797500 2746500  7 28 22  18.0 1014  22  0.4 2  7.4  57    0    0 321 -413  2
3797500 2746500  7 28 23  17.3 1015  20  0.6 2  7.6  60    0    0 320 -405  2
3797500 2746500  7 28 24  16.3 1015 127  0.0 2  7.9  66    0    0 318 -399  2
3797500 2746500  7 29  1  15.1 1015  88  0.3 1  8.0  72    0    0 311 -394  2
3797500 2746500  7 29  2  15.9 1015  89  0.3 0  7.9  72    0    0 303 -389  2
3797500 2746500  7 29  3  14.7 1015  88  0.6 0  7.9  73    0    0 298 -384  2
3797500 2746500  7 29  4  14.7 1015 109  0.6 0  7.8  75    0    0 295 -380  2
3797500 2746500  7 29  5  15.0 1015 108  0.5 1  7.8  74    0    0 298 -377  2
3797500 2746500  7 29  6  15.0 1015  69  0.1 2  7.9  74    4   31 304 -374  2
3797500 2746500  7 29  7  18.0 1015   2  0.0 3  8.4  72   21   92 315 -376  2
3797500 2746500  7 29  8  19.3 1015 178  0.2 1  9.0  67  152  145 318 -383  2
3797500 2746500  7 29  9  20.5 1015  64  0.6 0  9.1  63  338  139 311 -396  2
3797500 2746500  7 29 10  20.6 1015 289  1.4 1  8.9  59  372  202 315 -413  2
3797500 2746500  7 29 11  20.7 1015 265  0.8 2  8.5  56  336  279 325 -430  2
3797500 2746500  7 29 12  21.8 1015  48  1.5 2  8.3  53  339  313 332 -445  2
3797500 2746500  7 29 13  21.7 1015  29  1.8 2  8.5  52  391  302 335 -457  2
3797500 2746500  7 29 14  22.6 1014  98  2.2 2  8.8  52  499  234 338 -465  2
3797500 2746500  7 29 15  22.6 1014  41  1.8 2  8.4  49  421  236 341 -469  2
3797500 2746500  7 29 16  23.9 1014  79  1.8 2  8.0  45  311  230 343 -468  2
3797500 2746500  7 29 17  23.6 1013  65  2.2 2  8.1  44  287  166 346 -465  2
3797500 2746500  7 29 18  23.3 1013  47  2.7 2  8.2  45  233  107 345 -458  2
3797500 2746500  7 29 19  23.2 1013  88  1.9 1  8.3  46  105   82 341 -447  2
3797500 2746500  7 29 20  22.2 1013  60  2.1 1  8.5  49   27   37 335 -435  2
3797500 2746500  7 29 21  21.4 1013  47  2.3 0  8.5  52    0    5 328 -424  2
3797500 2746500  7 29 22  20.6 1013  66  2.0 0  8.5  55    0    0 322 -415  2
3797500 2746500  7 29 23  19.8 1013  77  2.4 0  8.5  57    0    0 319 -408  2
3797500 2746500  7 29 24  19.2 1013  90  2.5 1  8.6  60    0    0 320 -401  2
3797500 2746500  7 30  1  18.3 1013  91  0.9 1  8.5  63    0    0 322 -396  2
3797500 2746500  7 30  2  17.7 1013  96  1.7 1  8.6  66    0    0 320 -391  2
3797500 2746500  7 30  3  16.8 1012 104  1.3 1  8.6  70    0    0 318 -387  2
3797500 2746500  7 30  4  16.8 1012 108  1.0 2  8.5  71    0    0 320 -383  2
3797500 2746500  7 30  5  16.1 1012 118  0.5 1  8.4  71    0    0 319 -380  2
3797500 2746500  7 30  6  16.8 1012 109  1.1 1  8.2  70    6   32 313 -377  2
3797500 2746500  7 30  7  18.6 1012 103  1.1 0  8.3  66   65   96 312 -379  2
3797500 2746500  7 30  8  20.6 1012  98  1.9 0  8.4  59  184  136 312 -387  2
3797500 2746500  7 30  9  22.4 1012 159  2.4 0  8.0  50  308  165 317 -402  2
3797500 2746500  7 30 10  23.2 1012 169  2.7 0  7.9  46  443  173 323 -421  2
3797500 2746500  7 30 11  23.7 1012 127  3.5 0  7.8  43  566  166 326 -440  2
3797500 2746500  7 30 12  24.6 1011 150  3.7 0  7.9  42  668  146 331 -456  2
3797500 2746500  7 30 13  25.1 1011 114  3.9 0  8.2  42  724  125 337 -469  2
3797500 2746500  7 30 14  24.9 1011 121  3.7 0  7.7  39  729  108 338 -478  2
3797500 2746500  7 30 15  25.2 1010 136  3.4 0  7.4  37  661  108 340 -482  2
3797500 2746500  7 30 16  25.9 1010 112  3.7 0  7.1  35  548  110 342 -481  2
3797500 2746500  7 30 17  26.1 1009 139  3.2 1  7.5  35  426   99 348 -477  2
3797500 2746500  7 30 18  25.9 1009 130  3.2 1  7.8  37  282   91 352 -470  2
3797500 2746500  7 30 19  25.9 1009 138  2.2 1  7.7  37  114   85 350 -458  2
3797500 2746500  7 30 20  24.6 1009 116  1.4 2  7.8  38   31   40 352 -447  2
3797500 2746500  7 30 21  22.7 1009 116  0.9 2  8.1  44    0    5 352 -437  2
3797500 2746500  7 30 22  21.2 1010 118  1.7 2  8.5  52    0    0 347 -430  2
3797500 2746500  7 30 23  20.4 1010 109  1.8 2  8.5  55    0    0 343 -425  2
3797500 2746500  7 30 24  19.8 1010 118  1.7 2  8.4  57    0    0 340 -421  2
3797500 2746500  7 31  1  19.3 1010 100  2.2 6  8.3  58    0    0 354 -418  2
3797500 2746500  7 31  2  18.9 1010 109  2.0 5  8.4  60    0    0 364 -415  2
3797500 2746500  7 31  3  19.2 1010 114  1.9 3  8.3  60    0    0 350 -411  2
3797500 2746500  7 31  4  18.5 1010 104  1.8 3  8.3  60    0    0 340 -409  2
3797500 2746500  7 31  5  18.5 1010 117  1.9 2  8.2  62    0    0 334 -406  2
3797500 2746500  7 31  6  19.1 1010 130  2.0 2  8.2  60    4   31 330 -404  2
3797500 2746500  7 31  7  20.7 1010 180  1.8 2  8.4  58   54   98 331 -404  2
3797500 2746500  7 31  8  21.9 1011 177  2.0 1  8.8  55  160  149 330 -410  2
3797500 2746500  7 31  9  22.9 1011 168  2.3 1  8.9  52  200  216 330 -417  2
3797500 2746500  7 31 10  24.1 1011 205  1.9 3  8.6  48  323  240 343 -431  2
3797500 2746500  7 31 11  25.3 1011 205  1.9 4  8.4  43  395  267 361 -451  2
3797500 2746500  7 31 12  26.5 1011 159  1.9 3  8.8  42  548  224 369 -466  2
3797500 2746500  7 31 13  27.6 1011 232  1.7 3  8.5  38  647  179 372 -478  2
3797500 2746500  7 31 14  28.1 1011 251  2.0 3  8.4  36  594  196 377 -485  2
3797500 2746500  7 31 15  28.0 1011 210  1.3 3  8.4  35  365  279 379 -483  2
3797500 2746500  7 31 16  28.5 1011 313  2.1 4  7.8  33  283  255 382 -475  2
3797500 2746500  7 31 17  27.9 1011 282  2.0 2  8.1  34  312  164 377 -466  2
3797500 2746500  7 31 18  28.8 1011 324  2.3 1  8.6  35  236  114 368 -455  2
3797500 2746500  7 31 19  28.3 1011 335  1.9 1  9.1  37   92   90 365 -447  2
3797500 2746500  7 31 20  26.2 1011 349  1.6 2  9.5  42   21   38 364 -442  2
3797500 2746500  7 31 21  23.4 1012  10  1.5 1  9.7  49    0    4 355 -437  2
3797500 2746500  7 31 22  22.3 1012  89  1.2 1  9.9  57    0    0 345 -432  2
3797500 2746500  7 31 23  21.2 1012 101  1.4 1 10.1  62    0    0 341 -429  2
3797500 2746500  7 31 24  20.8 1013 140  1.5 3 10.2  65    0    0 346 -425  2
3797500 2746500  8  1  1  21.1 1013 310  1.9 3 10.5  67    0    0 353 -421  2
3797500 2746500  8  1  2  20.7 1013 350  1.7 2 10.7  69    0    0 349 -418  2
3797500 2746500  8  1  3  19.0 1013 114  0.9 1 10.6  73    0    0 338 -415  2
3797500 2746500  8  1  4  19.5 1013  97  0.9 2 10.6  75    0    0 336 -411  2
3797500 2746500  8  1  5  19.1 1013 121  0.9 3 10.7  76    0    0 343 -409  2
3797500 2746500  8  1  6  18.4 1013 230  0.3 3 10.7  79    0   23 343 -409  2
3797500 2746500  8  1  7  19.0 1013 197  0.9 3 10.8  80   13   95 340 -410  2
3797500 2746500  8  1  8  20.6 1013 222  0.5 3 11.3  78   72  184 342 -416  2
3797500 2746500  8  1  9  21.8 1013 233  1.9 2 11.7  74  148  254 343 -427  2
3797500 2746500  8  1 10  23.0 1013 254  2.5 4 11.7  69  197  315 351 -441  2
3797500 2746500  8  1 11  24.2 1013 295  2.5 3 11.7  64  371  317 361 -456  2
3797500 2746500  8  1 12  25.7 1013 282  1.9 3 11.3  57  465  313 364 -468  2
3797500 2746500  8  1 13  26.3 1013 278  2.1 4 11.1  53  258  404 372 -475  2
3797500 2746500  8  1 14  25.9 1012 258  2.4 5 10.9  51  178  397 380 -479  2
3797500 2746500  8  1 15  26.2 1012 283  3.2 6 10.6  50  110  351 386 -481  2
3797500 2746500  8  1 16  25.3 1012 268  2.2 7 10.2  49   25  251 389 -482  2
3797500 2746500  8  1 17  25.1 1012 353  2.9 7  9.8  49   44  225 387 -479  2
3797500 2746500  8  1 18  25.1 1012  15  2.3 7 10.2  51   51  175 386 -469  2
3797500 2746500  8  1 19  25.0 1012 336  2.1 7 10.5  53   10   88 386 -456  2
3797500 2746500  8  1 20  24.0 1012 323  1.2 8 10.4  54   14   40 387 -443  2
3797500 2746500  8  1 21  22.7 1012 334  0.6 7 10.1  56    0    3 381 -430  2
3797500 2746500  8  1 22  21.8 1013 288  0.7 6  9.9  59    0    0 370 -421  2
3797500 2746500  8  1 23  20.1 1013 313  0.5 6  9.9  64    0    0 362 -414  2
3797500 2746500  8  1 24  19.8 1013  28  1.5 6 10.4  71    0    0 359 -408  2
3797500 2746500  8  2  1  19.4 1013  36  1.5 3 10.8  76    0    0 337 -402  2
3797500 2746500  8  2  2  18.8 1013  36  1.4 3 10.8  78    0    0 335 -400  2
3797500 2746500  8  2  3  17.8 1013  16  1.5 3 10.7  81    0    0 333 -396  2
3797500 2746500  8  2  4  17.7 1013  24  1.3 2 10.7  84    0    0 328 -392  2
3797500 2746500  8  2  5  15.9 1013   1  2.0 1 10.5  87    0    0 318 -390  2
3797500 2746500  8  2  6  17.1 1013  26  1.1 1 10.4  88    0   20 313 -388  2
3797500 2746500  8  2  7  18.8 1013  39  0.9 2 10.7  83   34   88 321 -389  2
3797500 2746500  8  2  8  19.6 1013  18  1.5 1 11.0  79  130  150 324 -398  2
3797500 2746500  8  2  9  21.2 1013  19  1.3 1 11.0  73  272  178 324 -412  2
3797500 2746500  8  2 10  21.4 1013   1  2.3 1 10.5  66  380  209 328 -429  2
3797500 2746500  8  2 11  22.3 1013  11  2.2 1 10.2  62  470  228 332 -445  2
3797500 2746500  8  2 12  23.0 1013 341  2.6 1 10.1  58  453  284 337 -460  2
3797500 2746500  8  2 13  23.8 1013   5  2.0 2 10.1  56  431  309 345 -472  2
3797500 2746500  8  2 14  23.7 1012   2  2.8 2  9.6  52  532  235 349 -479  2
3797500 2746500  8  2 15  24.3 1012  14  2.4 3  9.5  51  345  291 352 -482  2
3797500 2746500  8  2 16  24.2 1012 352  2.9 3  9.5  50  293  250 354 -480  2
3797500 2746500  8  2 17  24.7 1011  20  2.4 2  9.3  48  324  152 351 -476  2
3797500 2746500  8  2 18  24.6 1011   1  2.2 3  9.3  48  194  123 351 -469  2
3797500 2746500  8  2 19  24.4 1011  12  2.5 3  9.5  49   97   82 351 -459  2
3797500 2746500  8  2 20  23.3 1011 225  1.8 3  9.8  54   21   31 349 -448  2
3797500 2746500  8  2 21  22.5 1011 245  1.7 3 10.0  58    0    0 345 -435  2
3797500 2746500  8  2 22  21.7 1011 230  1.4 4 10.2  61    0    0 341 -424  2
3797500 2746500  8  2 23  20.7 1012 168  1.4 3 10.1  65    0    0 342 -416  2
3797500 2746500  8  2 24  19.7 1012 130  1.3 3  9.8  68    0    0 351 -410  2
3797500 2746500  8  3  1  18.7 1011 119  1.2 3  9.5  70    0    0 312 -413  2
3797500 2746500  8  3  2  18.1 1011 152  1.1 3  9.2  71    0    0 313 -407  2
3797500 2746500  8  3  3  17.7 1011 174  1.4 4  9.1  71    0    0 329 -402  2
3797500 2746500  8  3  4  17.8 1010 177  1.4 5  9.1  71    0    0 358 -398  2
3797500 2746500  8  3  5  17.9 1010 182  1.6 5  9.1  71    0    0 375 -394  2
3797500 2746500  8  3  6  18.0 1010 200  1.5 6  9.2  71    0   10 369 -391  2
3797500 2746500  8  3  7  18.1 1010 181  1.8 7  9.3  72    0   44 368 -392  2
3797500 2746500  8  3  8  18.6 1010 170  2.3 7  9.7  73   14  134 370 -399  2
3797500 2746500  8  3  9  19.9 1010 180  2.4 6 10.1  72  222  193 369 -412  2
3797500 2746500  8  3 10  21.3 1010 206  3.8 4  9.8  64  481  141 361 -424  2
3797500 2746500  8  3 11  21.1 1010 223  3.6 5  9.3  58  154  325 359 -432  2
3797500 2746500  8  3 12  22.5 1010 214  3.9 5  8.8  54  124  343 366 -444  2
3797500 2746500  8  3 13  23.6 1009 242  4.1 5  8.5  48   97  336 372 -458  2
3797500 2746500  8  3 14  21.9 1009 229  2.9 6  8.8  50    2  211 377 -465  2
3797500 2746500  8  3 15  22.3 1009 228  4.3 6  9.3  55    4  207 379 -466  2
3797500 2746500  8  3 16  21.4 1009 216  4.2 6  9.6  58    6  187 379 -465  2
3797500 2746500  8  3 17  21.8 1008 179  3.5 6  9.6  59   60  204 378 -462  2
3797500 2746500  8  3 18  21.6 1008 200  2.4 6  9.4  57   64  146 378 -458  2
3797500 2746500  8  3 19  21.1 1007 194  3.0 8  9.3  58    4   63 383 -452  2
3797500 2746500  8  3 20  20.3 1007 202  2.4 8  9.7  63    0    9 390 -444  2
3797500 2746500  8  3 21  18.9 1007 173  2.6 8 10.5  73    0    0 387 -435  2
3797500 2746500  8  3 22  18.9 1007 188  1.8 8 11.2  81    0    0 386 -428  2
3797500 2746500  8  3 23  19.1 1007 191  3.1 7 11.3  82    0    0 382 -425  2
3797500 2746500  8  3 24  19.0 1007 203  3.6 6 11.6  83    0    0 374 -422  2
3797500 2746500  8  4  1  18.4 1007 201  2.4 8 11.7  86    0    0 377 -419  2
3797500 2746500  8  4  2  18.5 1007 227  2.8 8 11.7  87    0    0 385 -415  2
3797500 2746500  8  4  3  18.5 1007 252  2.6 8 11.6  86    0    0 386 -413  2
3797500 2746500  8  4  4  18.0 1007 205  2.8 7 11.5  86    0    0 382 -410  2
3797500 2746500  8  4  5  17.5 1007 221  3.5 8 11.1  87    0    0 379 -409  2
3797500 2746500  8  4  6  17.0 1008 221  4.1 8 10.6  85    0   10 381 -408  2
3797500 2746500  8  4  7  16.7 1008 229  2.8 7 10.2  84    0   24 374 -406  2
3797500 2746500  8  4  8  17.0 1008 228  3.3 8 10.1  83    0   81 374 -411  2
3797500 2746500  8  4  9  18.0 1008 220  3.2 7 10.1  80   48  214 377 -419  2
3797500 2746500  8  4 10  19.3 1008 227  4.0 6  9.9  73  187  274 375 -427  2
3797500 2746500  8  4 11  20.1 1008 229  3.6 5  9.6  66  313  289 373 -430  2
3797500 2746500  8  4 12  21.6 1008 205  4.5 6  9.6  62  228  344 378 -430  2
3797500 2746500  8  4 13  21.5 1008 212  3.8 6  9.7  60  113  342 385 -433  2
3797500 2746500  8  4 14  22.0 1007 194  2.0 5 10.1  62  108  327 381 -444  2
3797500 2746500  8  4 15  20.6 1007 239  3.5 6 10.9  68   13  231 379 -452  2
3797500 2746500  8  4 16  22.5 1006 228  5.0 5 11.7  72  157  264 380 -451  2
3797500 2746500  8  4 17  20.9 1006 254  3.9 6 12.4  75   44  199 379 -454  2
3797500 2746500  8  4 18  21.8 1005 218  2.7 6 12.8  80   33  139 381 -453  2
3797500 2746500  8  4 19  21.6 1004 222  1.5 7 12.6  76   16   76 385 -448  2
3797500 2746500  8  4 20  21.7 1003 209  1.4 7 12.1  73    0   15 388 -441  2
3797500 2746500  8  4 21  20.7 1003 161  2.0 7 12.0  75    0    0 386 -433  2
3797500 2746500  8  4 22  20.1 1002 180  2.5 8 12.4  81    0    0 388 -427  2
3797500 2746500  8  4 23  19.7 1001 179  1.7 7 12.4  84    0    0 386 -423  2
3797500 2746500  8  4 24  20.1  999 170  3.5 7 12.5  84    0    0 382 -420  2
3797500 2746500  8  5  1  17.9  998 299  3.5 8 12.5  89    0    0 383 -416  2
3797500 2746500  8  5  2  17.6  997 255  4.1 8 12.1  93    0    0 384 -410  2
3797500 2746500  8  5  3  17.3  997 206  4.2 8 11.9  93    0    0 383 -405  2
3797500 2746500  8  5  4  17.3  998 243  4.8 7 11.5  91    0    0 377 -401  2
3797500 2746500  8  5  5  16.8  998 234  4.9 7 10.9  88    0    0 371 -399  2
3797500 2746500  8  5  6  16.3  999 243  4.1 7 10.5  88    0   18 370 -399  2
3797500 2746500  8  5  7  16.2  999 233  4.1 7 10.4  89    2   59 369 -398  2
3797500 2746500  8  5  8  16.7 1000 247  3.8 7 10.6  89   26  133 370 -400  2
3797500 2746500  8  5  9  17.5 1001 259  3.8 5 10.6  85  194  169 365 -401  2
3797500 2746500  8  5 10  18.3 1001 258  5.5 4  9.8  75  261  207 357 -401  2
3797500 2746500  8  5 11  19.3 1002 261  4.0 4  9.2  67  318  234 357 -405  2
3797500 2746500  8  5 12  20.4 1002 257  4.5 5  9.2  63  221  293 366 -408  2
3797500 2746500  8  5 13  20.8 1002 249  4.6 3  9.0  59  420  227 366 -410  2
3797500 2746500  8  5 14  19.7 1003 246  3.5 4  8.7  58  493  146 361 -417  2
3797500 2746500  8  5 15  20.4 1003 271  2.3 2  8.6  58  386  181 356 -424  2
3797500 2746500  8  5 16  20.4 1004 246  5.3 1  8.3  55  478   87 344 -425  2
3797500 2746500  8  5 17  20.6 1004 252  4.1 3  8.0  53  210  153 345 -421  2
3797500 2746500  8  5 18  20.1 1004 256  2.2 2  8.0  53  204   81 345 -416  2
3797500 2746500  8  5 19  19.8 1004 242  3.6 4  8.2  56  120   49 345 -411  2
3797500 2746500  8  5 20  18.9 1004 254  2.3 3  8.3  58   23   20 347 -404  2
3797500 2746500  8  5 21  17.8 1005 241  1.7 2  8.3  63    0    0 336 -398  2
3797500 2746500  8  5 22  17.1 1005 261  1.9 3  8.2  66    0    0 333 -394  2
3797500 2746500  8  5 23  16.9 1006 236  2.1 5  8.1  67    0    0 341 -391  2
3797500 2746500  8  5 24  16.5 1006 224  2.0 7  8.2  69    0    0 356 -390  2
3797500 2746500  8  6  1  16.7 1006 238  2.6 6  8.5  71    0    0 359 -389  2
3797500 2746500  8  6  2  16.7 1006 229  2.8 6  8.7  72    0    0 357 -387  2
3797500 2746500  8  6  3  16.3 1006 222  2.7 2  8.6  73    0    0 340 -386  2
3797500 2746500  8  6  4  16.2 1007 231  3.4 6  8.6  74    0    0 341 -385  2
3797500 2746500  8  6  5  16.2 1007 244  3.2 7  8.8  76    0    0 364 -385  2
3797500 2746500  8  6  6  16.1 1007 243  3.2 7  9.0  78    0    5 371 -384  2
3797500 2746500  8  6  7  16.2 1008 224  3.4 8  9.3  81    0   38 377 -386  2
3797500 2746500  8  6  8  16.2 1008 222  3.4 6  9.6  83    0   90 372 -392  2
3797500 2746500  8  6  9  16.7 1009 232  3.2 7  9.8  83    2  154 368 -401  2
3797500 2746500  8  6 10  17.3 1009 221  4.2 7  9.9  81    6  207 374 -413  2
3797500 2746500  8  6 11  17.3 1010 232  3.6 7  9.9  80   29  268 373 -428  2
3797500 2746500  8  6 12  18.4 1010 231  3.6 6  9.9  77  123  327 370 -441  2
3797500 2746500  8  6 13  19.9 1010 220  3.8 4  9.8  70  301  315 362 -452  2
3797500 2746500  8  6 14  21.2 1010 216  3.3 3  9.8  64  708   86 357 -463  2
3797500 2746500  8  6 15  21.7 1010 280  4.0 2  9.3  58  558  138 354 -471  2
3797500 2746500  8  6 16  22.5 1010 239  2.9 3  8.9  53  490  112 354 -471  2
3797500 2746500  8  6 17  22.6 1010 258  3.2 2  8.9  52  403   82 355 -468  2
3797500 2746500  8  6 18  22.0 1010 243  2.4 3  8.3  49  216   95 352 -461  2
3797500 2746500  8  6 19  21.7 1009 237  1.8 4  8.4  51   67   74 353 -450  2
3797500 2746500  8  6 20  20.9 1009 222  1.6 5  8.8  55    2   18 356 -437  2
3797500 2746500  8  6 21  19.1 1010 157  1.0 6  9.2  63    0    0 357 -425  2
3797500 2746500  8  6 22  19.3 1010 206  0.7 7  9.5  68    0    0 360 -416  2
3797500 2746500  8  6 23  19.6 1010 142  0.7 7  9.6  68    0    0 362 -409  2
3797500 2746500  8  6 24  19.6 1010 196  1.1 5  9.6  67    0    0 355 -404  2
3797500 2746500  8  7  1  19.7 1010 169  0.7 6  9.7  67    0    0 351 -401  2
3797500 2746500  8  7  2  19.3 1009 183  0.7 5  9.7  68    0    0 349 -399  2
3797500 2746500  8  7  3  19.1 1009 174  1.3 3  9.8  70    0    0 340 -397  2
3797500 2746500  8  7  4  19.1 1009 189  1.7 5  9.8  71    0    0 340 -398  2
3797500 2746500  8  7  5  19.3 1009 188  1.9 5  9.7  69    0    0 346 -400  2
3797500 2746500  8  7  6  19.2 1009 174  2.2 6  9.5  68    9   26 349 -402  2
3797500 2746500  8  7  7  19.6 1008 173  1.9 5  9.8  69   68   79 349 -403  2
3797500 2746500  8  7  8  20.7 1008 176  2.5 3 10.1  68  175  127 344 -408  2
3797500 2746500  8  7  9  22.9 1008 174  2.4 2 10.4  63  310  154 342 -415  2
3797500 2746500  8  7 10  24.1 1008 173  3.2 2 10.8  59  432  173 348 -429  2
3797500 2746500  8  7 11  24.8 1008 199  3.3 1 10.3  53  564  162 351 -450  2
3797500 2746500  8  7 12  25.6 1007 208  3.2 1  9.7  48  647  154 353 -469  2
3797500 2746500  8  7 13  25.7 1007 322  2.9 1  9.8  47  685  144 358 -483  2
3797500 2746500  8  7 14  26.8 1007 209  2.9 1  9.9  46  653  151 361 -490  2
3797500 2746500  8  7 15  26.6 1006 224  2.8 1 10.4  47  520  187 364 -497  2
3797500 2746500  8  7 16  28.1 1006 194  2.1 2 10.6  46  372  202 370 -499  2
3797500 2746500  8  7 17  28.5 1005 198  1.7 2 10.6  44  313  151 374 -494  2
3797500 2746500  8  7 18  28.4 1005 297  1.3 2 10.5  43  192  119 373 -486  2
3797500 2746500  8  7 19  27.6 1004 281  0.9 3 10.4  44   57   82 372 -475  2
3797500 2746500  8  7 20  25.7 1004 351  1.2 4 10.8  49   15   23 372 -462  2
3797500 2746500  8  7 21  24.1 1004  22  1.4 6 11.2  56    0    0 372 -448  2
3797500 2746500  8  7 22  23.1 1005  42  1.5 5 11.3  61    0    0 369 -436  2
3797500 2746500  8  7 23  23.0 1004  70  1.1 4 11.6  65    0    0 363 -427  2
3797500 2746500  8  7 24  22.8 1004  82  1.7 3 11.5  65    0    0 357 -420  2
3797500 2746500  8  8  1  22.8 1004  93  1.8 2 11.6  66    0    0 353 -415  2
3797500 2746500  8  8  2  22.3 1004 100  1.3 2 11.8  68    0    0 349 -411  2
3797500 2746500  8  8  3  22.0 1003 103  1.1 1 11.6  69    0    0 344 -408  2
3797500 2746500  8  8  4  22.7 1002 169  1.7 3 11.3  66    0    0 345 -407  2
3797500 2746500  8  8  5  21.3 1002 115  1.1 1 11.1  66    0    0 342 -406  2
3797500 2746500  8  8  6  21.5 1001 106  1.5 3 11.1  69    3   22 339 -405  2
3797500 2746500  8  8  7  24.1 1001  99  1.6 4 11.6  66   13   75 351 -406  2
3797500 2746500  8  8  8  24.5 1000  85  3.1 5 11.9  62   32  146 362 -413  2
3797500 2746500  8  8  9  25.2  999 156  3.0 7 11.7  59  144  217 372 -430  2
3797500 2746500  8  8 10  26.9  999 178  2.3 6 11.8  55  323  224 380 -453  2
3797500 2746500  8  8 11  27.2  998 223  3.0 6 12.0  53  294  294 384 -477  2
3797500 2746500  8  8 12  27.3  998 223  3.9 6 12.1  52  192  345 388 -496  2
3797500 2746500  8  8 13  25.6  997 241  4.5 6 12.0  54   65  321 388 -511  2
3797500 2746500  8  8 14  24.4  998 245  4.1 7 12.4  61   21  268 388 -523  2
3797500 2746500  8  8 15  24.2  998 238  5.1 6 12.5  64   16  237 389 -529  2
3797500 2746500  8  8 16  24.3  998 267  7.2 6 11.7  60  183  261 387 -529  2
3797500 2746500  8  8 17  24.7  997 230  5.6 5 10.9  55  240  180 384 -524  2
3797500 2746500  8  8 18  24.3  998 245  3.6 3 10.4  53  202  111 378 -512  2
3797500 2746500  8  8 19  23.0  998  42  3.8 5 10.3  55   36   79 376 -494  2
3797500 2746500  8  8 20  20.1  999 261  2.1 6 11.2  68    1   17 377 -476  2
3797500 2746500  8  8 21  19.5  999 209  1.7 6 12.0  81    0    0 375 -462  2
3797500 2746500  8  8 22  18.9  999 203  2.2 6 11.6  82    0    0 372 -445  2
3797500 2746500  8  8 23  18.5  999 217  1.8 7 11.1  81    0    0 372 -428  2
3797500 2746500  8  8 24  18.2  999 209  1.7 5 11.0  82    0    0 370 -421  2
3797500 2746500  8  9  1  18.1  999 212  1.9 6 10.9  82    0    0 367 -420  2
3797500 2746500  8  9  2  18.0  999 190  0.6 5 10.7  82    0    0 368 -419  2
3797500 2746500  8  9  3  18.0  998 221  2.5 4 10.6  81    0    0 363 -418  2
3797500 2746500  8  9  4  17.7  998 223  1.7 7 10.7  82    0    0 368 -416  2
3797500 2746500  8  9  5  17.4  998 223  1.9 7 10.9  85    0    0 376 -414  2
3797500 2746500  8  9  6  17.0  998 232  1.7 6 10.9  87    7   23 371 -412  2
3797500 2746500  8  9  7  16.9  998 221  2.4 6 10.8  88   60   75 365 -412  2
3797500 2746500  8  9  8  17.6  998 233  2.3 4 10.8  86   89  145 358 -415  2
3797500 2746500  8  9  9  18.0  998 228  2.1 5 10.7  82   36  202 357 -418  2
3797500 2746500  8  9 10  17.9  998 227  1.7 6 10.6  81   16  225 365 -417  2
3797500 2746500  8  9 11  18.2  999 240  3.1 7 10.7  81   16  244 375 -421  2
3797500 2746500  8  9 12  19.8  999 248  4.2 4 10.6  76  174  329 372 -434  2
3797500 2746500  8  9 13  20.1  999 283  3.9 6 10.6  71  101  318 374 -443  2
3797500 2746500  8  9 14  19.0  999 249  1.6 8 10.9  76    0  124 385 -441  2
3797500 2746500  8  9 15  16.5  999 239  2.8 8 10.9  84    0  117 383 -440  2
3797500 2746500  8  9 16  18.2 1000 226  3.3 6 11.0  88  130  246 375 -438  2
3797500 2746500  8  9 17  19.8 1000 258  3.0 4 11.1  79  214  174 365 -430  2
3797500 2746500  8  9 18  17.8 1001 274  1.7 5 10.7  78   77  134 360 -422  2
3797500 2746500  8  9 19  18.0 1002 307  1.4 7 10.7  82   45   74 368 -412  2
3797500 2746500  8  9 20  17.9 1003 336  1.9 7 10.7  82    6   18 376 -405  2
3797500 2746500  8  9 21  17.3 1004 331  1.8 6 10.4  81    0    0 371 -401  2
3797500 2746500  8  9 22  17.2 1005 331  1.9 6  9.8  79    0    0 365 -400  2
3797500 2746500  8  9 23  16.7 1006 313  0.7 6  9.6  78    0    0 363 -398  2
3797500 2746500  8  9 24  16.3 1007 256  0.1 6  9.5  81    0    0 362 -396  2
3797500 2746500  8 10  1  15.7 1007 286  0.9 8  9.4  82    0    0 369 -395  2
3797500 2746500  8 10  2  15.3 1007 252  1.2 5  9.4  85    0    0 363 -394  2
3797500 2746500  8 10  3  14.8 1008 255  0.7 1  9.3  86    0    0 328 -394  2
3797500 2746500  8 10  4  14.2 1008 260  0.7 1  9.0  86    0    0 308 -392  2
3797500 2746500  8 10  5  13.7 1008 264  0.7 2  8.5  85    0    0 309 -389  2
3797500 2746500  8 10  6  13.2 1008 239  0.5 2  8.2  84    6   22 311 -385  2
3797500 2746500  8 10  7  14.2 1009 240  0.9 2  8.2  83   66   72 311 -383  2
3797500 2746500  8 10  8  15.2 1009 253  1.7 3  8.3  79  125  135 316 -383  2
3797500 2746500  8 10  9  15.8 1009 251  2.1 5  8.3  75  129  213 330 -390  2
3797500 2746500  8 10 10  17.0 1009 249  2.9 6  8.2  70   77  267 342 -402  2
3797500 2746500  8 10 11  17.3 1009 285  2.3 6  7.6  62   56  288 346 -416  2
3797500 2746500  8 10 12  18.7 1009 256  1.9 5  7.1  55  210  337 344 -429  2
3797500 2746500  8 10 13  18.8 1009 250  2.7 4  7.2  53  415  282 341 -438  2
3797500 2746500  8 10 14  20.0 1009 239  2.2 3  7.4  52  423  239 337 -445  2
3797500 2746500  8 10 15  20.3 1009 246  2.7 3  7.4  50  314  256 338 -450  2
3797500 2746500  8 10 16  20.8 1008 219  2.6 3  7.2  48  385  181 338 -450  2
3797500 2746500  8 10 17  21.3 1008 217  2.0 3  7.1  45  310  139 339 -444  2
3797500 2746500  8 10 18  21.8 1007 218  2.3 2  7.3  45  210  103 338 -436  2
3797500 2746500  8 10 19  21.3 1006 214  1.0 5  7.7  48   69   74 348 -429  2
3797500 2746500  8 10 20  21.1 1006 220  1.7 6  8.1  51    3   16 364 -421  2
3797500 2746500  8 10 21  21.0 1005 212  2.4 7  8.4  53    0    0 374 -415  2
3797500 2746500  8 10 22  21.1 1005 223  3.1 7  8.5  54    0    0 380 -412  2
3797500 2746500  8 10 23  20.9 1005 218  3.8 7  8.4  54    0    0 382 -411  2
3797500 2746500  8 10 24  20.0 1004 229  3.4 8  8.7  57    0    0 387 -411  2
3797500 2746500  8 11  1  19.2 1004 181  3.3 7  9.2  64    0    0 387 -408  2
3797500 2746500  8 11  2  19.8 1003 189  2.1 8  9.2  64    0    0 388 -406  2
3797500 2746500  8 11  3  20.1 1003 180  2.5 7  9.2  62    0    0 390 -406  2
3797500 2746500  8 11  4  20.0 1002 190  2.3 8  9.2  62    0    0 392 -406  2
3797500 2746500  8 11  5  19.7 1001 191  2.5 8  9.3  64    0    0 395 -406  2
3797500 2746500  8 11  6  18.8 1001 189  3.0 8  9.7  69    0    5 394 -406  2
3797500 2746500  8 11  7  17.7 1001 180  2.4 8 10.2  76    0   25 391 -406  2
3797500 2746500  8 11  8  17.0 1001 191  2.7 8 10.4  83    0   38 388 -408  2
3797500 2746500  8 11  9  16.6 1001 208  3.1 8 10.6  87    0   56 386 -412  2
3797500 2746500  8 11 10  16.1 1001 209  3.1 7 10.7  90    0  113 382 -417  2
3797500 2746500  8 11 11  16.7 1001 210  3.2 7 10.8  91    2  226 380 -416  2
3797500 2746500  8 11 12  17.1 1001 207  3.8 7 10.8  88    0  190 382 -412  2
3797500 2746500  8 11 13  17.7 1001 218  3.6 8 10.6  84    1  232 387 -409  2
3797500 2746500  8 11 14  17.6 1001 239  3.3 7 10.5  82    4  244 388 -409  2
3797500 2746500  8 11 15  18.3 1000 220  4.0 8 10.4  80    0  156 389 -413  2
3797500 2746500  8 11 16  18.5 1000 230  3.1 8 10.7  80    0   93 393 -420  2
3797500 2746500  8 11 17  19.3 1000 234  4.3 6 11.0  79   16  198 388 -430  2
3797500 2746500  8 11 18  19.6 1000 236  4.0 5 11.0  76   64  181 380 -433  2
3797500 2746500  8 11 19  19.3 1000 217  2.9 6 10.8  75   15   84 377 -429  2
3797500 2746500  8 11 20  19.2 1000 215  2.6 6 10.7  75    0   12 378 -423  2
3797500 2746500  8 11 21  19.5 1000 209  2.3 6 10.7  75    0    0 376 -415  2
3797500 2746500  8 11 22  19.1 1000 211  2.2 5 10.8  76    0    0 371 -410  2
3797500 2746500  8 11 23  18.7 1000 211  2.8 5 11.0  79    0    0 366 -406  2
3797500 2746500  8 11 24  18.6 1000 217  1.9 6 11.2  82    0    0 367 -403  2
3797500 2746500  8 12  1  18.0 1000 221  2.4 2 11.1  83    0    0 353 -402  2
3797500 2746500  8 12  2  17.1 1000 238  2.2 1 10.8  85    0    0 329 -402  2
3797500 2746500  8 12  3  16.8 1000 228  2.6 0 10.2  83    0    0 316 -401  2
3797500 2746500  8 12  4  16.7 1000 210  1.6 4  9.5  79    0    0 326 -399  2
3797500 2746500  8 12  5  16.0 1000 219  2.1 4  9.3  79    0    0 339 -397  2
3797500 2746500  8 12  6  16.2 1000 219  2.1 4  9.1  78    0   17 336 -396  2
3797500 2746500  8 12  7  16.7 1000 227  2.3 5  9.0  76   39   82 339 -396  2
3797500 2746500  8 12  8  17.4 1000 237  2.9 4  9.0  73   73  162 339 -399  2
3797500 2746500  8 12  9  17.9 1000 238  3.7 5  9.0  70  108  237 340 -405  2
3797500 2746500  8 12 10  18.1 1000 219  4.6 6  8.9  68   86  295 350 -416  2
3797500 2746500  8 12 11  19.0 1001 217  3.9 7  8.7  65  121  344 359 -428  2
3797500 2746500  8 12 12  20.5 1000 236  3.5 7  8.5  58  138  375 368 -438  2
3797500 2746500  8 12 13  20.5 1000 228  3.0 6  8.1  53  135  377 366 -448  2
3797500 2746500  8 12 14  20.6  999 222  3.0 6  7.9  51   92  344 365 -455  2
3797500 2746500  8 12 15  21.4  999 269  2.8 6  7.9  50  153  322 367 -457  2
3797500 2746500  8 12 16  21.7  999 237  2.3 6  7.7  47  102  278 369 -461  2
3797500 2746500  8 12 17  21.7  998 240  2.2 7  7.6  46   14  179 370 -457  2
3797500 2746500  8 12 18  21.8  998 204  0.8 7  7.6  46   12  121 371 -451  2
3797500 2746500  8 12 19  21.4  997 355  0.2 6  7.6  46    9   68 364 -445  2
3797500 2746500  8 12 20  20.1  997 146  0.8 7  8.1  53    7   19 362 -436  2
3797500 2746500  8 12 21  19.5  997 107  1.0 7  8.3  57    0    0 364 -427  2
3797500 2746500  8 12 22  19.0  997  66  1.2 7  8.5  60    0    0 361 -421  2
3797500 2746500  8 12 23  19.2  996  70  1.4 6  9.1  64    0    0 362 -418  2
3797500 2746500  8 12 24  19.4  995  83  1.7 5  9.8  68    0    0 367 -416  2
3797500 2746500  8 13  1  19.7 1005  96  1.9 4 10.6  72    0    0 344 -428  2
3797500 2746500  8 13  2  19.9 1005 102  1.9 2 11.2  76    0    0 343 -428  2
3797500 2746500  8 13  3  19.8 1004 105  1.8 1 11.6  78    0    0 340 -429  2
3797500 2746500  8 13  4  19.5 1004 109  1.6 1 11.4  79    0    0 329 -430  2
3797500 2746500  8 13  5  19.9 1004 106  1.7 2 11.3  78    0    0 330 -429  2
3797500 2746500  8 13  6  19.0 1003 113  1.5 2 10.9  79    1   14 335 -428  2
3797500 2746500  8 13  7  21.8 1003  89  1.8 2 11.3  74   53   71 338 -428  2
3797500 2746500  8 13  8  23.8 1002  91  1.9 3 11.8  67  127  126 350 -432  2
3797500 2746500  8 13  9  25.1 1002 137  3.1 4 11.9  61  157  195 366 -437  2
3797500 2746500  8 13 10  26.5 1001 148  5.0 5 11.5  54  324  200 379 -445  2
3797500 2746500  8 13 11  27.1 1000 154  4.9 5 11.3  50  386  230 388 -453  2
3797500 2746500  8 13 12  28.0 1000 150  4.2 5 11.7  50  366  278 395 -459  2
3797500 2746500  8 13 13  27.3  999 134  1.1 6 11.9  50  135  342 400 -467  2
3797500 2746500  8 13 14  18.8  999 212  7.6 7 11.7  65    4  230 392 -472  2
3797500 2746500  8 13 15  20.1  999 359  1.9 8 12.7  88    0   76 388 -462  2
3797500 2746500  8 13 16  19.3  999 269  1.9 7 13.4  91    0   59 390 -455  2
3797500 2746500  8 13 17  19.8 1000 262  2.2 8 12.9  89    0   44 388 -457  2
3797500 2746500  8 13 18  17.8 1000 260  2.1 8 12.1  88    0   44 385 -458  2
3797500 2746500  8 13 19  18.4 1000  28  0.9 6 11.6  88    0   39 375 -455  2
3797500 2746500  8 13 20  18.0 1000 189  2.8 8 11.5  86    0   12 374 -448  2
3797500 2746500  8 13 21  18.1 1000 109  2.1 7 11.2  85    0    0 377 -437  2
3797500 2746500  8 13 22  18.0 1000 208  2.9 7 11.2  85    0    0 374 -428  2
3797500 2746500  8 13 23  18.1 1000 189  2.8 7 11.0  84    0    0 375 -424  2
3797500 2746500  8 13 24  17.7 1000 224  3.7 6 10.6  81    0    0 371 -420  2
3797500 2746500  8 14  1  17.4 1000 209  2.9 6 10.3  80    0    0 366 -417  2
3797500 2746500  8 14  2  16.9 1000 205  2.9 7 10.2  82    0    0 369 -415  2
3797500 2746500  8 14  3  16.7 1000 211  2.6 7 10.1  83    0    0 373 -415  2
3797500 2746500  8 14  4  16.4  999 228  3.3 8 10.3  86    0    0 376 -417  2
3797500 2746500  8 14  5  16.5  999 216  2.5 7 10.6  89    0    0 376 -416  2
3797500 2746500  8 14  6  16.4  999 236  3.9 7 10.6  89    0    2 372 -416  2
3797500 2746500  8 14  7  16.2  999 231  4.3 6 10.5  89    0   44 368 -416  2
3797500 2746500  8 14  8  16.7  999 234  4.5 8 10.6  89    2  102 373 -418  2
3797500 2746500  8 14  9  17.1  999 231  4.0 8 10.7  88    6  167 383 -420  2
3797500 2746500  8 14 10  17.8  998 247  3.6 7 10.7  84   20  237 382 -418  2
3797500 2746500  8 14 11  18.9  998 248  4.0 6 10.7  80   79  303 377 -416  2
3797500 2746500  8 14 12  17.9  998 229  3.5 7 10.6  78   35  295 378 -416  2
3797500 2746500  8 14 13  18.3  998 235  3.9 8 10.7  81    0  211 383 -419  2
3797500 2746500  8 14 14  19.5  998 235  4.4 7 10.8  78   36  288 384 -433  2
3797500 2746500  8 14 15  20.7  998 252  5.2 6 10.3  69  124  289 379 -446  2
3797500 2746500  8 14 16  18.2  998 246  4.0 6 10.8  75   67  241 372 -444  2
3797500 2746500  8 14 17  18.9  998 227  3.6 6 11.2  82   16  174 369 -435  2
3797500 2746500  8 14 18  18.1  998 212  4.0 4 10.7  79   79  125 359 -431  2
3797500 2746500  8 14 19  17.3  999 236  1.3 7 10.6  82    4   55 359 -427  2
3797500 2746500  8 14 20  16.4  999 211  1.7 7 10.6  87    1   12 370 -422  2
3797500 2746500  8 14 21  16.8  999 259  3.0 7 10.5  87    0    0 370 -420  2
3797500 2746500  8 14 22  16.6 1000 217  2.2 8 10.6  88    0    0 374 -419  2
3797500 2746500  8 14 23  16.8 1000 213  3.8 8 10.6  88    0    0 379 -417  2
3797500 2746500  8 14 24  16.6 1000 219  4.1 8 10.6  88    0    0 379 -413  2
3797500 2746500  8 15  1  16.8 1000 212  3.3 8 10.7  88    0    0 381 -410  2
3797500 2746500  8 15  2  16.7  999 215  3.3 8 10.9  90    0    0 384 -408  2
3797500 2746500  8 15  3  16.7  999 208  3.2 8 11.0  91    0    0 385 -407  2
3797500 2746500  8 15  4  16.7  999 217  2.8 8 11.1  92    0    0 386 -406  2
3797500 2746500  8 15  5  16.7  999 199  1.0 8 11.2  92    0    0 387 -405  2
3797500 2746500  8 15  6  16.8  999  52  0.6 8 11.4  94    0    1 387 -403  2
3797500 2746500  8 15  7  17.0 1000   8  1.4 8 11.7  95    0   25 388 -403  2
3797500 2746500  8 15  8  16.9 1001 347  2.1 8 11.7  95    0   79 388 -405  2
3797500 2746500  8 15  9  16.9 1002 335  2.8 8 11.6  95    0   97 388 -409  2
3797500 2746500  8 15 10  18.0 1004 333  3.3 8 11.6  92    0  165 391 -416  2
3797500 2746500  8 15 11  19.0 1005 350  2.7 6 11.3  84   60  292 386 -427  2
3797500 2746500  8 15 12  19.5 1006 324  2.9 5 11.1  78  106  315 377 -441  2
3797500 2746500  8 15 13  19.9 1007 325  2.1 8 10.9  75    1  215 388 -446  2
3797500 2746500  8 15 14  21.0 1008 282  1.4 8 11.0  72    8  237 404 -456  2
3797500 2746500  8 15 15  21.7 1008 328  2.6 7 11.0  69   37  264 404 -468  2
3797500 2746500  8 15 16  24.0 1009 328  2.1 5 11.4  65  281  196 398 -469  2
3797500 2746500  8 15 17  24.0 1009 285  2.6 2 11.1  59  206  155 380 -469  2
3797500 2746500  8 15 18  23.5 1009 316  2.0 5 10.4  56    9  109 377 -462  2
3797500 2746500  8 15 19  22.9 1010 246  1.4 4 10.5  59   21   61 383 -453  2
3797500 2746500  8 15 20  22.0 1010   1  1.8 4 10.6  62    9   17 374 -444  2
3797500 2746500  8 15 21  20.6 1011 279  1.3 4 10.8  68    0    0 370 -436  2
3797500 2746500  8 15 22  20.3 1012 302  1.7 6 11.1  74    0    0 377 -429  2
3797500 2746500  8 15 23  19.4 1013 302  1.3 6 11.2  77    0    0 384 -420  2
3797500 2746500  8 15 24  19.2 1014 271  1.1 6 11.3  80    0    0 381 -413  2
3797500 2746500  8 16  1  18.5 1014 262  1.3 7 11.3  83    0    0 380 -408  2
3797500 2746500  8 16  2  17.5 1014 247  1.2 6 11.1  86    0    0 374 -404  2
3797500 2746500  8 16  3  16.8 1014 244  1.1 2 10.9  89    0    0 348 -401  2
3797500 2746500  8 16  4  16.6 1014 247  1.0 1 10.8  91    0    0 325 -399  2
3797500 2746500  8 16  5  16.4 1014 239  0.9 6 10.6  90    0    0 340 -397  2
3797500 2746500  8 16  6  17.0 1014 213  1.1 5 10.7  90    0    3 356 -395  2
3797500 2746500  8 16  7  16.8 1014 224  1.9 6 11.0  92    0   35 355 -396  2
3797500 2746500  8 16  8  17.1 1014 225  2.4 8 11.3  93    1   91 367 -402  2
3797500 2746500  8 16  9  18.0 1014 219  2.5 6 11.2  89   35  202 368 -412  2
3797500 2746500  8 16 10  19.8 1014 220  2.9 3 11.0  80  203  252 353 -423  2
3797500 2746500  8 16 11  20.5 1014 231  2.7 4 10.6  71  136  309 351 -435  2
3797500 2746500  8 16 12  21.9 1013 229  2.5 6 10.4  66   96  322 364 -446  2
3797500 2746500  8 16 13  22.5 1013 229  2.8 6 10.3  61  166  341 372 -457  2
3797500 2746500  8 16 14  23.1 1012 273  3.1 5 10.0  57  330  294 369 -470  2
3797500 2746500  8 16 15  23.8 1012 194  2.1 4 10.0  55  296  269 366 -480  2
3797500 2746500  8 16 16  23.9 1011 205  3.2 4 10.0  54  336  193 364 -479  2
3797500 2746500  8 16 17  24.4 1011 207  2.7 2  9.7  51  279  141 359 -472  2
3797500 2746500  8 16 18  24.0 1010 225  1.7 2  9.6  51  181  100 352 -465  2
3797500 2746500  8 16 19  23.6 1009 222  0.8 4  9.9  53   75   63 355 -457  2
3797500 2746500  8 16 20  21.6 1009 148  0.9 5 10.2  59   11   18 357 -446  2
3797500 2746500  8 16 21  20.7 1009 148  1.0 5 10.5  66    0    0 354 -436  2
3797500 2746500  8 16 22  20.6 1009  79  1.5 5 10.7  70    0    0 350 -430  2
3797500 2746500  8 16 23  20.5 1008 206  1.1 5 10.7  70    0    0 349 -425  2
3797500 2746500  8 16 24  20.1 1008 174  1.5 3 10.6  70    0    0 343 -419  2
3797500 2746500  8 17  1  19.7 1007 178  1.9 2 10.5  72    0    0 335 -415  2
3797500 2746500  8 17  2  19.9 1006 168  2.2 3 10.5  72    0    0 335 -411  2
3797500 2746500  8 17  3  19.5 1006 179  2.4 4 10.3  71    0    0 342 -408  2
3797500 2746500  8 17  4  19.8 1005 178  2.2 4 10.2  70    0    0 345 -406  2
3797500 2746500  8 17  5  20.0 1005 163  2.0 4 10.3  70    0    0 348 -407  2
3797500 2746500  8 17  6  19.3 1004 215  0.6 7 10.4  72    0    1 356 -408  2
3797500 2746500  8 17  7  19.2 1004 175  1.0 6 10.7  76    0   42 361 -410  2
3797500 2746500  8 17  8  20.0 1004 165  2.9 7 10.8  75    0   49 363 -418  2
3797500 2746500  8 17  9  19.7 1002 165  2.9 7 10.7  73    0   78 367 -430  2
3797500 2746500  8 17 10  18.9 1002 184  2.4 8 10.9  76    0  109 370 -444  2
3797500 2746500  8 17 11  21.5 1002 175  2.5 5 11.1  74  124  332 370 -459  2
3797500 2746500  8 17 12  23.7 1001 220  2.5 4 11.4  65  380  316 373 -473  2
3797500 2746500  8 17 13  23.7 1001 246  2.4 5 11.4  61  247  368 378 -487  2
3797500 2746500  8 17 14  23.8 1000 252  3.0 6 11.3  60   90  335 385 -498  2
3797500 2746500  8 17 15  23.6 1000 220  3.5 7 11.2  60   27  270 390 -505  2
3797500 2746500  8 17 16  23.3 1000 216  3.6 8 11.4  62    6  192 398 -506  2
3797500 2746500  8 17 17  22.8 1000 240  3.6 8 11.8  66    3  146 401 -500  2
3797500 2746500  8 17 18  23.3 1000 227  4.4 8 11.8  66   11  113 403 -489  2
3797500 2746500  8 17 19  22.6 1000 241  3.0 7 11.5  65    1   50 400 -476  2
3797500 2746500  8 17 20  21.8 1000 288  1.8 6 11.3  66    0    6 390 -465  2
3797500 2746500  8 17 21  20.4 1000 230  1.8 6 11.1  70    0    0 382 -455  2
3797500 2746500  8 17 22  20.0 1000 219  1.9 1 11.1  74    0    0 359 -447  2
3797500 2746500  8 17 23  19.5 1000 219  1.4 1 11.2  76    0    0 337 -442  2
3797500 2746500  8 17 24  19.3 1001 188  2.4 5 11.3  79    0    0 351 -437  2
3797500 2746500  8 18  1  19.3 1000 164  1.8 5 11.5  81    0    0 368 -429  2
3797500 2746500  8 18  2  19.6 1000 197  1.7 5 11.6  81    0    0 368 -422  2
3797500 2746500  8 18  3  19.4 1000 201  2.1 5 11.8  82    0    0 364 -419  2
3797500 2746500  8 18  4  18.6 1000 222  1.8 7 11.8  84    0    0 370 -418  2
3797500 2746500  8 18  5  18.1 1000 183  1.3 4 11.6  86    0    0 361 -417  2
3797500 2746500  8 18  6  17.9 1000 173  2.0 3 11.4  87    0   10 338 -416  2
3797500 2746500  8 18  7  18.9 1000 173  2.3 3 11.5  85   16   65 331 -415  2
3797500 2746500  8 18  8  18.9 1000 158  1.1 4 11.6  83   58  136 337 -415  2
3797500 2746500  8 18  9  19.8 1000 209  3.4 4 11.4  79  102  206 347 -415  2
3797500 2746500  8 18 10  20.3 1000 188  2.9 6 11.3  76   84  267 363 -415  2
3797500 2746500  8 18 11  21.5 1000 179  3.4 5 11.2  72  236  297 375 -426  2
3797500 2746500  8 18 12  22.3 1000 190  2.8 4 11.3  68  342  294 372 -440  2
3797500 2746500  8 18 13  22.9 1000 220  2.8 5 11.5  66  266  330 378 -445  2
3797500 2746500  8 18 14  22.7 1000 177  3.4 8 11.5  65   26  277 396 -449  2
3797500 2746500  8 18 15  24.1 1000 234  2.0 5 11.4  62  148  295 397 -453  2
3797500 2746500  8 18 16  23.9  999 240  1.9 6 11.2  59   76  243 390 -460  2
3797500 2746500  8 18 17  23.6  999 227  1.4 7 11.0  59   13  165 394 -463  2
3797500 2746500  8 18 18  23.3  999 257  0.8 8 11.0  60    0   61 399 -456  2
3797500 2746500  8 18 19  22.1  998 145  0.7 7 11.6  66    0   24 396 -444  2
3797500 2746500  8 18 20  21.1  998 199  1.2 8 12.3  74    0    6 394 -430  2
3797500 2746500  8 18 21  20.4  998 151  2.3 7 12.3  79    0    0 390 -421  2
3797500 2746500  8 18 22  20.1  998 155  2.5 5 12.1  80    0    0 373 -417  2
3797500 2746500  8 18 23  20.4  998 163  2.7 5 11.8  78    0    0 362 -415  2
3797500 2746500  8 18 24  19.3  998 165  2.1 8 11.8  80    0    0 376 -413  2
3797500 2746500  8 19  1  19.1  998 158  2.2 6 12.1  85    0    0 379 -411  2
3797500 2746500  8 19  2  19.5  997 171  2.6 4 12.2  85    0    0 364 -411  2
3797500 2746500  8 19  3  19.6  997 172  3.3 6 12.2  84    0    0 366 -410  2
3797500 2746500  8 19  4  19.6  997 175  3.4 8 12.3  84    0    0 382 -409  2
3797500 2746500  8 19  5  19.2  997 171  3.4 7 12.3  86    0    0 383 -409  2
3797500 2746500  8 19  6  19.4  997 172  3.0 8 12.4  86    0    3 382 -409  2
3797500 2746500  8 19  7  19.2  998 182  2.3 8 12.4  87    0   26 383 -409  2
3797500 2746500  8 19  8  19.7  998 191  2.5 6 12.5  87   33  133 376 -414  2
3797500 2746500  8 19  9  21.1  998 191  3.6 5 12.6  82  216  169 368 -424  2
3797500 2746500  8 19 10  22.0  999 198  4.4 3 12.3  75  324  197 363 -439  2
3797500 2746500  8 19 11  23.4  999 225  4.6 3 12.0  68  397  224 364 -455  2
3797500 2746500  8 19 12  24.1  999 222  4.2 5 11.6  62  201  330 373 -469  2
3797500 2746500  8 19 13  25.3  999 195  3.4 7 11.0  55  123  332 385 -478  2
3797500 2746500  8 19 14  26.3  999 200  3.3 6 10.5  50  318  294 392 -484  2
3797500 2746500  8 19 15  27.1  999 188  4.5 5 10.6  48  266  274 394 -486  2
3797500 2746500  8 19 16  27.0  998 181  4.5 5 10.9  48  344  183 396 -481  2
3797500 2746500  8 19 17  27.0  997 170  3.5 4 11.1  49  208  165 395 -478  2
3797500 2746500  8 19 18  26.0  997 138  3.7 6 11.4  51   39  124 397 -475  2
3797500 2746500  8 19 19  23.6  996 128  2.8 7 11.7  58    0   32 400 -465  2
3797500 2746500  8 19 20  21.7  996 128  3.6 8 12.8  73    0    3 399 -455  2
3797500 2746500  8 19 21  18.8  997 210  1.8 8 13.3  87    0    0 393 -443  2
3797500 2746500  8 19 22  18.9  998 182  1.7 7 12.9  92    0    0 388 -430  2
3797500 2746500  8 19 23  18.9  998 174  3.2 7 12.6  90    0    0 386 -423  2
3797500 2746500  8 19 24  18.9  998 169  3.4 7 12.3  88    0    0 387 -419  2
3797500 2746500  8 20  1  19.0  998 187  3.4 8 12.1  87    0    0 390 -412  2
3797500 2746500  8 20  2  18.9  998 180  3.5 6 12.1  86    0    0 387 -406  2
3797500 2746500  8 20  3  18.6  998 170  4.2 2 11.9  86    0    0 364 -402  2
3797500 2746500  8 20  4  18.7  998 180  3.7 0 11.6  85    0    0 339 -399  2
3797500 2746500  8 20  5  18.5  998 171  4.0 1 11.4  83    0    0 333 -396  2
3797500 2746500  8 20  6  18.4  998 172  4.4 2 11.1  82    0    8 340 -392  2
3797500 2746500  8 20  7  19.1  999 172  4.8 3 10.9  79   46   60 345 -392  2
3797500 2746500  8 20  8  19.6  999 182  5.2 2 10.7  75  131  115 344 -397  2
3797500 2746500  8 20  9  20.3  999 200  5.3 3 10.5  71  111  198 346 -406  2
3797500 2746500  8 20 10  20.8  999 219  6.9 4  9.9  64  229  235 355 -418  2
3797500 2746500  8 20 11  21.4  999 220  7.7 4  9.3  58  246  284 361 -430  2
3797500 2746500  8 20 12  21.6 1000 232  7.4 5  9.0  55  163  324 367 -443  2
3797500 2746500  8 20 13  22.3 1000 239  8.1 4  8.9  53  252  322 367 -452  2
3797500 2746500  8 20 14  22.6 1000 225  6.5 3  8.9  52  416  247 362 -458  2
3797500 2746500  8 20 15  22.3 1001 232  4.8 5  9.0  52   72  276 364 -461  2
3797500 2746500  8 20 16  21.9 1001 250  4.4 6  9.3  55   16  208 372 -461  2
3797500 2746500  8 20 17  22.7 1001 228  4.8 3  9.2  54  294  123 364 -459  2
3797500 2746500  8 20 18  22.6 1001 225  3.4 2  8.8  50  192   88 352 -452  2
3797500 2746500  8 20 19  22.0 1000 232  2.9 2  8.6  50   79   58 347 -443  2
3797500 2746500  8 20 20  21.2 1001 236  2.7 4  8.5  52    8   16 351 -432  2
3797500 2746500  8 20 21  20.7 1001 226  2.4 3  8.8  56    0    0 351 -420  2
3797500 2746500  8 20 22  20.0 1001 195  0.8 1  9.2  61    0    0 340 -410  2
3797500 2746500  8 20 23  19.4 1001 161  1.6 1  9.5  65    0    0 332 -405  2
3797500 2746500  8 20 24  19.2 1001 177  1.1 1  9.6  67    0    0 331 -404  2
3797500 2746500  8 21  1  19.0 1001 210  2.0 1  9.6  68    0    0 329 -404  2
3797500 2746500  8 21  2  18.5 1001 163  1.7 3  9.7  70    0    0 335 -403  2
3797500 2746500  8 21  3  18.0 1000 181  1.9 4  9.7  73    0    0 345 -400  2
3797500 2746500  8 21  4  17.4 1000 172  2.2 5  9.7  75    0    0 350 -398  2
3797500 2746500  8 21  5  17.6 1000 181  2.2 6  9.7  77    0    0 355 -397  2
3797500 2746500  8 21  6  17.6 1000 200  2.9 6  9.8  76    0    6 358 -394  2
3797500 2746500  8 21  7  17.6 1000 210  4.4 5  9.9  77   18   59 353 -392  2
3797500 2746500  8 21  8  18.5 1001 229  5.0 5 10.0  76   43  125 349 -395  2
3797500 2746500  8 21  9  16.9 1001 229  3.4 7 10.1  79   12  170 356 -405  2
3797500 2746500  8 21 10  16.1 1001 219  4.8 6 10.1  85    2  183 356 -416  2
3797500 2746500  8 21 11  16.7 1001 229  5.6 3 10.0  85  139  285 341 -428  2
3797500 2746500  8 21 12  18.3 1001 250  6.6 4  9.8  78  156  306 340 -437  2
3797500 2746500  8 21 13  19.2 1001 256  4.6 5  9.1  66  216  307 352 -445  2
3797500 2746500  8 21 14  20.3 1001 219  3.7 5  8.7  60  317  262 360 -449  2
3797500 2746500  8 21 15  21.4 1001 219  6.1 3  8.6  55  374  202 355 -448  2
3797500 2746500  8 21 16  21.4 1001 223  4.5 3  8.2  51  361  148 347 -444  2
3797500 2746500  8 21 17  20.6 1000 225  1.9 5  8.0  51   90  170 351 -437  2
3797500 2746500  8 21 18  20.1 1000 217  2.4 7  8.4  55   10   99 363 -434  2
3797500 2746500  8 21 19  19.3 1001 232  3.4 6  8.6  59    4   45 365 -430  2
3797500 2746500  8 21 20  18.0 1001  78  1.4 6  8.9  66    1    9 358 -421  2
3797500 2746500  8 21 21  17.5 1001 174  2.6 8  9.2  72    0    0 362 -412  2
3797500 2746500  8 21 22  17.1 1001 195  1.9 7  9.3  74    0    0 364 -407  2
3797500 2746500  8 21 23  16.9 1001 203  1.6 7  9.4  77    0    0 359 -404  2
3797500 2746500  8 21 24  16.1 1001 208  1.2 4  9.4  79    0    0 345 -402  2
3797500 2746500  8 22  1  15.6 1001 220  1.8 3  9.1  79    0    0 326 -402  2
3797500 2746500  8 22  2  15.7 1001 216  2.4 2  8.8  78    0    0 317 -401  2
3797500 2746500  8 22  3  15.8 1001 213  3.2 3  8.8  77    0    0 319 -399  2
3797500 2746500  8 22  4  15.1 1001 220  2.9 6  8.8  79    0    0 336 -397  2
3797500 2746500  8 22  5  14.4 1001 229  2.5 5  8.6  81    0    0 343 -394  2
3797500 2746500  8 22  6  14.4 1002 222  2.3 4  8.5  82    0    3 333 -391  2
3797500 2746500  8 22  7  15.1 1002 221  2.5 6  8.8  82    0   27 338 -389  2
3797500 2746500  8 22  8  15.4 1002 222  2.9 6  9.0  82   52  112 349 -389  2
3797500 2746500  8 22  9  15.9 1003 221  3.8 6  9.1  81   53  176 351 -395  2
3797500 2746500  8 22 10  17.7 1003 230  2.6 6  9.4  78   56  231 355 -407  2
3797500 2746500  8 22 11  15.3 1003 297  3.3 7  9.6  81    0  180 356 -421  2
3797500 2746500  8 22 12  17.5 1004 268  2.5 6  9.8  83   36  262 355 -434  2
3797500 2746500  8 22 13  16.2 1004 264  3.1 6  9.8  81   55  274 349 -443  2
3797500 2746500  8 22 14  15.2 1005 350  2.1 7  9.6  85    0  109 346 -449  2
3797500 2746500  8 22 15  15.4 1006 274  3.6 7  9.2  84    0  154 345 -450  2
3797500 2746500  8 22 16  15.9 1007 316  3.0 7  8.7  78    8  172 344 -443  2
3797500 2746500  8 22 17  16.0 1008 264  2.4 6  8.5  74   26  151 341 -439  2
3797500 2746500  8 22 18  16.2 1009 239  2.5 4  8.6  75   85   92 331 -434  2
3797500 2746500  8 22 19  14.5 1010 307  1.3 7  8.6  79   32   44 331 -425  2
3797500 2746500  8 22 20  14.6 1011 277  1.5 5  8.5  80    0    7 337 -414  2
3797500 2746500  8 22 21  14.0 1012 276  1.1 4  8.3  81    0    0 322 -405  2
3797500 2746500  8 22 22  13.7 1013 261  1.0 4  8.2  83    0    0 305 -397  2
3797500 2746500  8 22 23  14.0 1013 248  0.9 4  8.4  83    0    0 303 -392  2
3797500 2746500  8 22 24  14.6 1014 230  0.8 4  8.8  83    0    0 302 -389  2
3797500 2746500  8 23  1  15.7 1009 219  0.9 6  9.4  83    0    0 343 -406  2
3797500 2746500  8 23  2  16.5 1009 215  1.0 7  9.9  84    0    0 358 -406  2
3797500 2746500  8 23  3  17.1 1009 216  1.1 8 10.4  84    0    0 366 -405  2
3797500 2746500  8 23  4  16.9 1008 220  1.3 8 10.4  85    0    0 367 -403  2
3797500 2746500  8 23  5  16.8 1008 213  1.2 8 10.3  85    0    0 367 -399  2
3797500 2746500  8 23  6  16.3 1008 219  1.5 8 10.3  87    0    5 366 -396  2
3797500 2746500  8 23  7  16.2 1008 162  0.9 8 10.3  89    0   28 363 -397  2
3797500 2746500  8 23  8  16.4 1007 205  1.2 7 10.4  89    0   67 359 -400  2
3797500 2746500  8 23  9  17.2 1008 182  1.2 7 10.6  87   11  157 357 -406  2
3797500 2746500  8 23 10  18.1 1008 231  1.7 7 10.4  82   17  208 360 -412  2
3797500 2746500  8 23 11  18.5 1007 195  1.4 7 10.1  76   30  245 364 -423  2
3797500 2746500  8 23 12  18.8 1007 246  2.1 7  9.9  73   12  241 365 -438  2
3797500 2746500  8 23 13  19.0 1006 240  1.7 8  9.7  70    0  189 371 -445  2
3797500 2746500  8 23 14  19.2 1005 257  1.8 7  9.6  69    0  188 372 -445  2
3797500 2746500  8 23 15  18.3 1005 256  1.9 7  9.5  70    0  110 368 -446  2
3797500 2746500  8 23 16  17.1 1005 306  1.5 8  9.7  76    0   78 365 -447  2
3797500 2746500  8 23 17  15.8 1004 289  1.5 8 10.1  85    0   61 363 -442  2
3797500 2746500  8 23 18  15.9 1004 284  1.4 8 10.0  88    0   52 361 -434  2
3797500 2746500  8 23 19  15.6 1004 274  1.9 8  9.9  88    0   26 360 -426  2
3797500 2746500  8 23 20  15.3 1004 314  1.7 8  9.8  88    0    7 360 -417  2
3797500 2746500  8 23 21  15.2 1004 322  0.8 8  9.7  89    0    0 359 -410  2
3797500 2746500  8 23 22  15.2 1004 221  1.2 8  9.7  89    0    0 358 -405  2
3797500 2746500  8 23 23  15.2 1004 235  1.7 8  9.9  91    0    0 358 -399  2
3797500 2746500  8 23 24  13.0 1005 328  3.1 6  9.2  90    0    0 345 -393  2
3797500 2746500  8 24  1  12.8 1005 294  1.2 7  8.4  89    0    0 335 -389  2
3797500 2746500  8 24  2  13.2 1005 240  1.7 8  8.5  90    0    0 343 -388  2
3797500 2746500  8 24  3  13.0 1006 251  2.0 8  8.6  91    0    0 350 -387  2
3797500 2746500  8 24  4  12.8 1006 226  2.5 6  8.7  93    0    0 343 -385  2
3797500 2746500  8 24  5  12.2 1006 225  1.9 4  8.5  93    0    0 326 -383  2
3797500 2746500  8 24  6  12.2 1005 229  2.2 4  8.2  92    0    7 316 -380  2
3797500 2746500  8 24  7  12.6 1005 232  2.3 5  8.3  92   14   52 320 -379  2
3797500 2746500  8 24  8  13.1 1005 234  2.9 6  8.5  91   34  112 330 -384  2
3797500 2746500  8 24  9  14.3 1005 227  3.1 7  8.8  89   31  172 343 -393  2
3797500 2746500  8 24 10  14.6 1005 258  4.0 6  8.6  83   82  223 347 -401  2
3797500 2746500  8 24 11  14.8 1005 256  4.1 5  8.0  76  328  178 340 -407  2
3797500 2746500  8 24 12  15.4 1005 269  4.7 5  7.9  73  293  226 338 -419  2
3797500 2746500  8 24 13  15.3 1005 240  4.1 7  8.1  74   49  277 349 -434  2
3797500 2746500  8 24 14  16.3 1005 250  3.7 5  8.3  73  287  223 350 -440  2
3797500 2746500  8 24 15  16.8 1004 265  3.8 5  8.6  72  134  245 342 -448  2
3797500 2746500  8 24 16  16.3 1004 242  3.3 6  8.2  69   34  198 342 -452  2
3797500 2746500  8 24 17  16.4 1004 249  2.8 7  8.3  71   11  142 345 -448  2
3797500 2746500  8 24 18  16.6 1005 284  2.4 6  8.7  74    3   86 347 -441  2
3797500 2746500  8 24 19  17.5 1004 252  1.9 6  8.4  69    3   37 346 -432  2
3797500 2746500  8 24 20  16.5 1005 281  1.7 6  8.1  66    0    2 344 -421  2
3797500 2746500  8 24 21  15.3 1005 283  2.1 5  7.9  70    0    0 334 -412  2
3797500 2746500  8 24 22  14.9 1006 278  1.7 5  7.9  73    0    0 327 -403  2
3797500 2746500  8 24 23  14.4 1006 245  1.9 6  7.9  76    0    0 327 -397  2
3797500 2746500  8 24 24  14.3 1006 250  1.6 6  8.0  78    0    0 330 -395  2
3797500 2746500  8 25  1  13.9 1007 218  2.3 5  8.2  81    0    0 324 -392  2
3797500 2746500  8 25  2  13.6 1007 246  2.2 6  8.3  84    0    0 322 -390  2
3797500 2746500  8 25  3  13.7 1007 245  1.5 3  8.5  86    0    0 315 -389  2
3797500 2746500  8 25  4  12.7 1007 217  1.2 3  8.5  89    0    0 304 -390  2
3797500 2746500  8 25  5  12.9 1007 228  1.9 5  8.5  91    0    0 310 -392  2
3797500 2746500  8 25  6  12.8 1007 238  1.7 5  8.5  92    0    3 318 -392  2
3797500 2746500  8 25  7  13.3 1007 223  1.9 5  8.7  92   14   62 319 -392  2
3797500 2746500  8 25  8  14.8 1007 214  2.0 3  9.0  90  111  129 315 -397  2
3797500 2746500  8 25  9  16.1 1007 222  2.6 3  9.2  83  194  188 310 -406  2
3797500 2746500  8 25 10  16.5 1007 232  3.5 5  8.9  76  207  258 318 -420  2
3797500 2746500  8 25 11  17.4 1007 240  3.9 5  8.3  68  237  304 327 -435  2
3797500 2746500  8 25 12  17.5 1007 240  3.8 5  8.0  64  146  349 331 -450  2
3797500 2746500  8 25 13  17.7 1007 206  3.9 6  7.9  63  127  355 340 -461  2
3797500 2746500  8 25 14  18.5 1007 200  3.9 7  8.3  63   97  336 354 -466  2
3797500 2746500  8 25 15  19.0 1007 274  4.0 6  8.3  61  141  308 358 -466  2
3797500 2746500  8 25 16  18.5 1006 219  3.3 7  8.2  60   28  224 359 -465  2
3797500 2746500  8 25 17  19.1 1007 220  2.4 7  8.1  59   34  183 363 -459  2
3797500 2746500  8 25 18  18.9 1006 219  2.2 7  8.0  58   44  121 363 -451  2
3797500 2746500  8 25 19  18.3 1006 182  1.2 7  8.3  61    9   48 362 -442  2
3797500 2746500  8 25 20  17.9 1006 231  2.3 8  8.6  66    0    4 365 -432  2
3797500 2746500  8 25 21  16.7 1007 257  2.1 8  9.0  72    0    0 368 -426  2
3797500 2746500  8 25 22  16.0 1007 235  1.8 8  9.4  80    0    0 366 -421  2
3797500 2746500  8 25 23  15.9 1007 176  1.5 8  9.6  84    0    0 367 -417  2
3797500 2746500  8 25 24  15.7 1007 170  1.7 7  9.5  84    0    0 365 -414  2
3797500 2746500  8 26  1  15.8 1007 191  2.0 8  9.5  84    0    0 367 -411  2
3797500 2746500  8 26  2  15.8 1007 199  2.2 8  9.4  83    0    0 371 -408  2
3797500 2746500  8 26  3  15.0 1007 220  3.1 8  9.5  86    0    0 370 -405  2
3797500 2746500  8 26  4  15.0 1007 168  2.6 8  9.6  89    0    0 369 -402  2
3797500 2746500  8 26  5  14.8 1007  83  3.2 8  9.7  90    0    0 369 -400  2
3797500 2746500  8 26  6  15.0 1007 126  2.5 8  9.7  91    0    1 369 -400  2
3797500 2746500  8 26  7  15.3 1008 181  2.1 8  9.7  90    0   19 370 -402  2
3797500 2746500  8 26  8  15.8 1008 184  2.1 7  9.8  88    0   84 369 -406  2
3797500 2746500  8 26  9  15.5 1008 198  2.2 8 10.0  89    0   92 369 -413  2
3797500 2746500  8 26 10  15.5 1008 221  2.4 8 10.0  90    0   89 373 -421  2
3797500 2746500  8 26 11  16.2 1009 219  2.8 8 10.1  89    0  109 376 -424  2
3797500 2746500  8 26 12  17.0 1009 217  2.7 6 10.2  86    1  210 372 -430  2
3797500 2746500  8 26 13  18.5 1009 219  3.5 4 10.4  82  141  339 363 -438  2
3797500 2746500  8 26 14  18.9 1009 229  3.8 5 10.1  74  237  309 364 -446  2
3797500 2746500  8 26 15  19.8 1009 246  3.7 7  9.5  67    7  213 376 -458  2
3797500 2746500  8 26 16  19.6 1010 310  3.2 7  9.2  64   48  232 384 -464  2
3797500 2746500  8 26 17  19.9 1010 191  2.8 6  9.0  62  135  174 380 -461  2
3797500 2746500  8 26 18  20.0 1010 270  3.2 3  8.7  59  164   91 365 -455  2
3797500 2746500  8 26 19  19.0 1010 258  2.3 3  8.5  60   46   53 351 -447  2
3797500 2746500  8 26 20  17.4 1010 191  2.5 3  8.6  66    0    5 346 -436  2
3797500 2746500  8 26 21  17.3 1011 205  1.8 4  8.7  70    0    0 346 -427  2
3797500 2746500  8 26 22  16.8 1012 207  2.5 3  8.6  71    0    0 344 -421  2
3797500 2746500  8 26 23  17.0 1012 208  1.6 2  8.8  73    0    0 336 -415  2
3797500 2746500  8 26 24  17.8 1012 220  2.1 3  9.1  73    0    0 337 -409  2
3797500 2746500  8 27  1  18.2 1012 229  2.7 7  9.3  72    0    0 359 -403  2
3797500 2746500  8 27  2  18.2 1012 227  2.8 7  9.5  73    0    0 378 -398  2
3797500 2746500  8 27  3  18.2 1013 224  2.7 6  9.8  75    0    0 374 -395  2
3797500 2746500  8 27  4  18.1 1013 226  2.9 7  9.9  76    0    0 374 -393  2
3797500 2746500  8 27  5  17.8 1013 231  3.0 8 10.1  78    0    0 382 -390  2
3797500 2746500  8 27  6  17.9 1013 215  3.0 8 10.2  79    0    1 385 -387  2
3797500 2746500  8 27  7  17.8 1013 226  2.5 8 10.2  79    0   17 384 -386  2
3797500 2746500  8 27  8  17.6 1014 237  2.6 8 10.3  81    0   42 383 -391  2
3797500 2746500  8 27  9  18.1 1014 228  3.1 8 10.3  80    0  115 382 -404  2
3797500 2746500  8 27 10  18.3 1015 229  3.6 7 10.2  78    2  193 379 -420  2
3797500 2746500  8 27 11  18.8 1015 240  3.0 7 10.2  76    0  184 377 -437  2
3797500 2746500  8 27 12  19.2 1015 242  3.4 6  9.9  72    7  272 375 -452  2
3797500 2746500  8 27 13  19.7 1015 238  3.5 6  9.9  70   30  343 372 -464  2
3797500 2746500  8 27 14  19.8 1016 223  3.7 7 10.1  70   14  291 378 -472  2
3797500 2746500  8 27 15  19.7 1016 230  3.5 7 10.2  71    0  178 383 -476  2
3797500 2746500  8 27 16  19.5 1016 221  3.7 8 10.3  72    0  124 387 -474  2
3797500 2746500  8 27 17  19.5 1016 239  3.4 8 10.4  73    1  131 391 -468  2
3797500 2746500  8 27 18  19.3 1016 250  2.6 8 10.4  74    5  106 392 -459  2
3797500 2746500  8 27 19  18.9 1016 237  1.7 7 10.3  75    9   50 388 -448  2
3797500 2746500  8 27 20  18.4 1016 222  2.0 7 10.2  76    0    1 381 -435  2
3797500 2746500  8 27 21  18.3 1016 212  1.7 6 10.1  77    0    0 375 -425  2
3797500 2746500  8 27 22  18.2 1016 242  2.1 6 10.1  77    0    0 371 -418  2
3797500 2746500  8 27 23  18.2 1016 244  1.8 7 10.0  76    0    0 373 -413  2
3797500 2746500  8 27 24  18.0 1016 233  2.1 6 10.1  78    0    0 372 -409  2
3797500 2746500  8 28  1  17.6 1016 233  1.6 7 10.1  79    0    0 371 -407  2
3797500 2746500  8 28  2  17.8 1016 227  1.6 6 10.1  80    0    0 370 -405  2
3797500 2746500  8 28  3  17.9 1016 226  2.0 8 10.0  78    0    0 374 -402  2
3797500 2746500  8 28  4  17.9 1016 237  1.9 7 10.0  78    0    0 378 -399  2
3797500 2746500  8 28  5  17.7 1016 234  1.7 7 10.1  79    0    0 374 -397  2
3797500 2746500  8 28  6  17.4 1015 215  1.9 7 10.1  80    0    2 373 -397  2
3797500 2746500  8 28  7  17.4 1015 236  2.7 8  9.9  80    0   33 377 -398  2
3797500 2746500  8 28  8  17.5 1015 229  2.6 7  9.6  77   10   87 376 -403  2
3797500 2746500  8 28  9  17.5 1015 240  3.2 7  9.4  75   15  137 373 -413  2
3797500 2746500  8 28 10  17.4 1015 240  3.3 7  9.4  75    0  150 373 -426  2
3797500 2746500  8 28 11  17.3 1015 241  3.5 8  9.5  77    0  112 378 -439  2
3797500 2746500  8 28 12  17.0 1016 250  3.8 8  9.6  79    0   99 382 -452  2
3797500 2746500  8 28 13  16.8 1016 232  3.4 8  9.8  82    0   94 384 -463  2
3797500 2746500  8 28 14  17.3 1015 239  3.8 8  9.9  81    0  109 387 -470  2
3797500 2746500  8 28 15  17.5 1015 240  4.3 8  9.7  78    0  104 389 -471  2
3797500 2746500  8 28 16  17.7 1015 221  3.3 8  9.6  76    0   97 391 -470  2
3797500 2746500  8 28 17  17.4 1015 240  3.6 8  9.5  76    0   92 390 -466  2
3797500 2746500  8 28 18  17.5 1014 240  2.8 8  9.6  77    0   62 389 -458  2
3797500 2746500  8 28 19  17.2 1014 240  2.0 8  9.8  79    0   22 388 -449  2
3797500 2746500  8 28 20  16.9 1014 228  2.2 8 10.1  83    0    0 388 -439  2
3797500 2746500  8 28 21  16.7 1014 221  1.7 8 10.3  86    0    0 387 -432  2
3797500 2746500  8 28 22  16.9 1015 240  1.6 8 10.5  88    0    0 387 -428  2
3797500 2746500  8 28 23  16.8 1015 221  1.5 8 10.6  88    0    0 387 -423  2
3797500 2746500  8 28 24  16.7 1014 221  1.7 8 10.6  89    0    0 387 -419  2
3797500 2746500  8 29  1  17.0 1014 247  2.0 8 10.7  89    0    0 387 -416  2
3797500 2746500  8 29  2  16.8 1014 242  1.3 8 10.6  88    0    0 387 -415  2
3797500 2746500  8 29  3  16.7 1014 228  1.4 8 10.5  88    0    0 386 -413  2
3797500 2746500  8 29  4  16.7 1013 217  1.4 8 10.3  87    0    0 386 -411  2
3797500 2746500  8 29  5  16.4 1013 220  1.4 8 10.2  86    0    0 385 -410  2
3797500 2746500  8 29  6  16.5 1013 221  1.4 8 10.2  87    0    1 385 -409  2
3797500 2746500  8 29  7  16.5 1013 231  1.3 8 10.2  87    0   19 385 -409  2
3797500 2746500  8 29  8  16.5 1014 231  2.1 8 10.3  87    0   47 384 -409  2
3797500 2746500  8 29  9  16.4 1014 231  2.2 8 10.3  88    0   79 385 -411  2
3797500 2746500  8 29 10  16.8 1014 231  2.4 8 10.5  89    0  106 387 -415  2
3797500 2746500  8 29 11  17.4 1014 230  2.1 8 10.8  88    0  100 389 -420  2
3797500 2746500  8 29 12  18.0 1014 235  1.9 8 11.0  86    0  105 390 -428  2
3797500 2746500  8 29 13  18.6 1014 249  2.1 8 11.0  84    0  160 392 -438  2
3797500 2746500  8 29 14  18.8 1014 228  2.2 8 11.0  82    0  152 393 -440  2
3797500 2746500  8 29 15  18.9 1013 247  2.3 8 10.9  80    0  121 394 -441  2
3797500 2746500  8 29 16  19.1 1013 239  2.2 7 10.8  78    0  107 390 -443  2
3797500 2746500  8 29 17  19.4 1013 240  2.3 7 10.8  77    0   85 388 -440  2
3797500 2746500  8 29 18  18.9 1013 236  2.5 8 10.8  78    0   70 391 -436  2
3797500 2746500  8 29 19  18.5 1013 263  2.6 8 10.7  79    0   16 394 -432  2
3797500 2746500  8 29 20  18.0 1013 228  2.0 8 10.6  80    0    0 392 -428  2
3797500 2746500  8 29 21  18.1 1013 242  1.7 7 10.6  82    0    0 388 -425  2
3797500 2746500  8 29 22  17.9 1013 250  1.7 7 10.7  83    0    0 385 -422  2
3797500 2746500  8 29 23  17.5 1013 228  1.4 7 10.8  85    0    0 384 -419  2
3797500 2746500  8 29 24  17.5 1013 247  1.3 7 10.8  86    0    0 383 -416  2
3797500 2746500  8 30  1  17.2 1013 283  1.3 8 10.7  86    0    0 387 -415  2
3797500 2746500  8 30  2  17.3 1013 228  2.1 8 10.8  88    0    0 390 -413  2
3797500 2746500  8 30  3  17.2 1013 231  2.1 8 10.8  88    0    0 390 -412  2
3797500 2746500  8 30  4  17.1 1013 239  2.0 8 10.7  87    0    0 390 -412  2
3797500 2746500  8 30  5  17.0 1012 248  1.8 7 10.5  86    0    0 384 -411  2
3797500 2746500  8 30  6  16.8 1012 237  2.2 7 10.5  87    0    1 378 -410  2
3797500 2746500  8 30  7  16.7 1012 239  1.5 8 10.5  88    0   12 381 -410  2
3797500 2746500  8 30  8  16.5 1013 229  1.8 8 10.6  89    0   52 384 -412  2
3797500 2746500  8 30  9  16.9 1013 231  2.1 8 10.6  89    0  115 384 -417  2
3797500 2746500  8 30 10  17.3 1013 226  2.4 8 10.6  86    0  146 387 -422  2
3797500 2746500  8 30 11  17.8 1013 240  2.8 7 10.5  84    6  223 384 -431  2
3797500 2746500  8 30 12  18.7 1013 234  3.8 6 10.8  82   37  294 378 -440  2
3797500 2746500  8 30 13  19.9 1013 224  2.8 6 11.3  80   87  323 377 -444  2
3797500 2746500  8 30 14  19.9 1013 246  2.8 7 11.6  80   32  279 381 -447  2
3797500 2746500  8 30 15  21.3 1013 265  2.8 5 11.2  74  127  283 378 -455  2
3797500 2746500  8 30 16  21.9 1013 263  2.4 4 10.7  66  283  171 369 -459  2
3797500 2746500  8 30 17  22.1 1012 278  2.2 4 10.6  64  165  149 365 -455  2
3797500 2746500  8 30 18  21.7 1012 255  1.7 3 10.8  65  132   82 361 -448  2
3797500 2746500  8 30 19  20.7 1012 242  1.2 4 11.1  70   18   40 358 -438  2
3797500 2746500  8 30 20  19.4 1012 263  1.1 5 11.2  76    0    0 360 -427  2
3797500 2746500  8 30 21  18.3 1013 223  1.0 4 11.0  81    0    0 355 -417  2
3797500 2746500  8 30 22  17.9 1014 251  0.4 4 10.9  84    0    0 346 -410  2
3797500 2746500  8 30 23  17.3 1014  43  1.3 4 10.9  86    0    0 344 -405  2
3797500 2746500  8 30 24  17.3 1014  42  1.2 2 10.6  86    0    0 334 -401  2
3797500 2746500  8 31  1  16.9 1014  54  1.4 1 10.2  84    0    0 322 -396  2
3797500 2746500  8 31  2  16.0 1014  59  1.4 1 10.0  85    0    0 316 -393  2
3797500 2746500  8 31  3  15.8 1014  87  1.4 0  9.8  86    0    0 310 -389  2
3797500 2746500  8 31  4  15.5 1014  90  1.4 0  9.5  85    0    0 303 -386  2
3797500 2746500  8 31  5  14.6 1014  99  1.0 0  9.3  87    0    0 301 -383  2
3797500 2746500  8 31  6  15.3 1014  72  1.0 1  9.1  86    0    3 305 -381  2
3797500 2746500  8 31  7  15.4 1014  97  1.2 2  9.2  84    7   53 312 -380  2
3797500 2746500  8 31  8  16.8 1014 103  1.4 1  9.8  85   72  124 312 -384  2
3797500 2746500  8 31  9  18.1 1014 102  1.5 0 10.4  83  212  154 307 -397  2
3797500 2746500  8 31 10  19.9 1014  96  1.7 0 10.7  77  365  150 311 -415  2
3797500 2746500  8 31 11  21.0 1014 112  2.6 0 10.4  69  494  138 318 -435  2
3797500 2746500  8 31 12  22.2 1013 107  2.4 1 10.3  64  576  127 326 -453  2
3797500 2746500  8 31 13  22.3 1013  59  2.4 1  9.9  59  608  120 331 -466  2
3797500 2746500  8 31 14  23.6 1012  68  2.8 1  9.5  54  619  100 335 -475  2
3797500 2746500  8 31 15  24.0 1011  84  2.7 0  9.6  52  558   94 337 -478  2
3797500 2746500  8 31 16  24.3 1011  71  2.9 0  9.8  52  461   87 338 -476  2
3797500 2746500  8 31 17  24.3 1010  60  3.0 0  9.9  52  303   92 337 -470  2
3797500 2746500  8 31 18  24.4 1010  69  2.1 1 10.1  53  147   84 339 -461  2
3797500 2746500  8 31 19  23.1 1010  65  2.2 1 10.0  54   27   42 338 -449  2
3797500 2746500  8 31 20  22.0 1009  78  2.0 0  9.7  57    0    0 332 -437  2
3797500 2746500  8 31 21  21.1 1009  86  2.0 0  9.6  59    0    0 327 -426  2
3797500 2746500  8 31 22  20.3 1010 104  1.7 0  9.6  62    0    0 322 -418  2
3797500 2746500  8 31 23  19.1 1010 111  1.5 0  9.6  66    0    0 315 -412  2
3797500 2746500  8 31 24  19.1 1009 104  1.3 0  9.4  68    0    0 310 -408  2
3797500 2746500  9  1  1  19.3 1009 104  1.4 0  9.3  66    0    0 307 -404  2
3797500 2746500  9  1  2  18.2 1009 101  1.5 0  9.0  66    0    0 304 -401  2
3797500 2746500  9  1  3  18.5 1008 102  1.7 0  8.7  66    0    0 301 -400  2
3797500 2746500  9  1  4  18.8 1008  93  1.0 0  8.5  63    0    0 300 -398  2
3797500 2746500  9  1  5  18.2 1007  93  1.0 0  8.3  62    0    0 298 -396  2
3797500 2746500  9  1  6  17.2 1007 112  0.9 0  8.3  65    0    4 294 -396  2
3797500 2746500  9  1  7  18.5 1007 105  2.0 1  8.6  67   16   53 296 -397  2
3797500 2746500  9  1  8  20.5 1007  96  2.2 0  9.1  64  105  113 302 -401  2
3797500 2746500  9  1  9  22.6 1007 115  2.3 1  9.6  59  224  149 313 -412  2
3797500 2746500  9  1 10  24.4 1006 154  4.0 2 10.0  54  331  178 330 -431  2
3797500 2746500  9  1 11  24.8 1006 144  5.9 3  9.6  49  390  213 339 -452  2
3797500 2746500  9  1 12  26.0 1006 157  5.1 5  9.3  46  369  261 349 -470  2
3797500 2746500  9  1 13  26.1 1006 155  4.9 4  9.2  43  408  250 355 -486  2
3797500 2746500  9  1 14  26.9 1005 169  4.2 4  9.3  42  440  210 358 -497  2
3797500 2746500  9  1 15  27.7 1005 145  4.4 6  9.9  43  324  229 370 -502  2
3797500 2746500  9  1 16  27.1 1005 146  3.6 6 10.3  44  357  140 377 -503  2
3797500 2746500  9  1 17  27.0 1004 136  2.8 5 10.4  46  264  110 376 -499  2
3797500 2746500  9  1 18  26.6 1004 152  2.9 5 10.5  47  128   92 375 -492  2
3797500 2746500  9  1 19  25.2 1004 147  2.4 4 10.5  49   26   43 371 -478  2
3797500 2746500  9  1 20  24.1 1004 159  2.3 4 10.4  53    0    0 365 -464  2
3797500 2746500  9  1 21  23.6 1004 212  2.2 6 10.6  56    0    0 367 -455  2
3797500 2746500  9  1 22  23.4 1004 220  1.5 7 10.9  60    0    0 374 -449  2
3797500 2746500  9  1 23  23.4 1005 197  1.3 7 11.2  61    0    0 379 -446  2
3797500 2746500  9  1 24  22.7 1005 247  2.1 5 11.3  63    0    0 374 -443  2
3797500 2746500  9  2  1  21.8 1005 230  2.6 7 11.8  71    0    0 380 -435  2
3797500 2746500  9  2  2  20.8 1005 222  2.4 6 11.9  74    0    0 376 -432  2
3797500 2746500  9  2  3  20.7 1005 237  2.1 5 11.4  73    0    0 368 -426  2
3797500 2746500  9  2  4  19.5 1006 242  2.9 6 10.6  72    0    0 365 -423  2
3797500 2746500  9  2  5  18.8 1006 243  3.1 7 10.6  75    0    0 371 -424  2
3797500 2746500  9  2  6  18.4 1007 235  3.5 7 10.6  78    0    1 375 -426  2
3797500 2746500  9  2  7  17.9 1007 247  3.0 5 10.5  80    2   35 363 -428  2
3797500 2746500  9  2  8  18.2 1007 226  3.3 6 10.4  79    9   96 355 -429  2
3797500 2746500  9  2  9  18.0 1008 242  4.0 6 10.2  78   38  177 362 -433  2
3797500 2746500  9  2 10  19.2 1008 240  4.4 5 10.0  74  115  247 360 -440  2
3797500 2746500  9  2 11  19.4 1008 253  4.9 5  9.4  66  233  279 360 -445  2
3797500 2746500  9  2 12  19.7 1009 242  5.9 3  8.6  60  470  200 350 -448  2
3797500 2746500  9  2 13  20.3 1009 236  5.1 5  8.2  56  193  329 351 -451  2
3797500 2746500  9  2 14  20.7 1009 244  5.5 5  8.2  54   32  270 361 -450  2
3797500 2746500  9  2 15  20.6 1009 243  4.8 5  8.1  53   44  250 360 -448  2
3797500 2746500  9  2 16  20.0 1009 243  4.1 6  7.8  52   30  198 362 -446  2
3797500 2746500  9  2 17  19.7 1009 259  2.8 6  7.6  52   58  158 363 -444  2
3797500 2746500  9  2 18  19.6 1009 260  2.5 5  7.6  53   90   86 354 -442  2
3797500 2746500  9  2 19  18.4 1009 235  2.0 5  7.8  56   23   27 343 -437  2
3797500 2746500  9  2 20  17.6 1009 209  2.0 5  8.0  62    0    0 338 -426  2
3797500 2746500  9  2 21  16.6 1009 217  2.1 4  8.1  66    0    0 324 -419  2
3797500 2746500  9  2 22  16.3 1010 217  1.8 3  8.2  70    0    0 306 -414  2
3797500 2746500  9  2 23  16.1 1010 213  1.9 2  8.3  72    0    0 286 -409  2
3797500 2746500  9  2 24  15.4 1010 179  1.2 2  8.3  74    0    0 274 -403  2
3797500 2746500  9  3  1  15.4 1009 167  1.8 3  8.4  76    0    0 285 -399  2
3797500 2746500  9  3  2  15.3 1009 190  2.1 3  8.5  77    0    0 296 -397  2
3797500 2746500  9  3  3  15.3 1008 181  2.4 3  8.6  79    0    0 297 -396  2
3797500 2746500  9  3  4  15.4 1008 169  2.9 1  8.7  80    0    0 284 -392  2
3797500 2746500  9  3  5  15.7 1007 173  3.0 2  8.7  78    0    0 279 -389  2
3797500 2746500  9  3  6  16.0 1006 174  3.2 5  8.7  77    0    0 307 -387  2
3797500 2746500  9  3  7  16.3 1006 175  3.1 7  8.8  76    3   40 338 -387  2
3797500 2746500  9  3  8  17.3 1005 172  3.8 4  9.0  75   18  127 333 -393  2
3797500 2746500  9  3  9  17.6 1005 171  3.9 6  9.1  73   11  177 331 -405  2
3797500 2746500  9  3 10  18.2 1004 183  3.2 6  9.5  73   19  251 348 -421  2
3797500 2746500  9  3 11  17.5 1004 170  3.9 7  9.9  76    2  205 358 -438  2
3797500 2746500  9  3 12  18.0 1003 167  4.1 6 10.1  79   15  297 361 -451  2
3797500 2746500  9  3 13  19.5 1002 166  4.3 5 10.1  74   95  420 357 -458  2
3797500 2746500  9  3 14  20.9 1002 164  4.6 5 10.1  67  120  416 361 -460  2
3797500 2746500  9  3 15  21.4 1000 170  4.9 6  9.9  62   49  323 370 -460  2
3797500 2746500  9  3 16  22.3 1000 182  4.0 5  9.6  58   60  282 373 -459  2
3797500 2746500  9  3 17  21.9  999 186  4.7 5  9.3  55   45  201 374 -455  2
3797500 2746500  9  3 18  21.6  998 171  3.5 7  9.1  55    6   87 381 -448  2
3797500 2746500  9  3 19  20.9  998 161  4.3 7  9.3  58    0    9 387 -440  2
3797500 2746500  9  3 20  20.7  997 171  3.6 6  9.5  61    0    0 383 -433  2
3797500 2746500  9  3 21  21.2  997 171  4.2 6  9.5  60    0    0 379 -427  2
3797500 2746500  9  3 22  16.5  996 269  4.2 7  9.6  70    0    0 377 -422  2
3797500 2746500  9  3 23  15.8  998 219  2.7 7  9.8  84    0    0 374 -419  2
3797500 2746500  9  3 24  15.1  998 241  4.1 5  9.5  85    0    0 361 -417  2
3797500 2746500  9  4  1  14.1  998 237  4.3 6  8.7  82    0    0 350 -413  2
3797500 2746500  9  4  2  12.9  999 221  3.3 6  8.1  83    0    0 349 -410  2
3797500 2746500  9  4  3  12.6 1000 209  2.5 3  7.9  85    0    0 329 -407  2
3797500 2746500  9  4  4  12.7 1000 208  3.0 3  7.8  84    0    0 311 -406  2
3797500 2746500  9  4  5  12.8 1000 200  2.0 3  7.8  84    0    0 308 -404  2
3797500 2746500  9  4  6  12.7 1000 200  1.9 5  7.8  83    0    0 317 -398  2
3797500 2746500  9  4  7  13.2 1000 199  2.4 7  7.8  83    7   38 339 -391  2
3797500 2746500  9  4  8  14.4 1000 191  3.5 6  8.0  80   16  103 344 -390  2
3797500 2746500  9  4  9  15.0 1000 209  3.3 7  8.3  78   17  163 344 -396  2
3797500 2746500  9  4 10  15.8 1000 191  3.5 6  8.5  77   54  243 346 -406  2
3797500 2746500  9  4 11  16.2 1000 218  5.5 6  8.5  73   87  297 341 -418  2
3797500 2746500  9  4 12  16.9 1000 199  3.8 6  8.3  70   77  322 344 -428  2
3797500 2746500  9  4 13  16.7  999 201  3.4 7  8.3  69    0  151 350 -437  2
3797500 2746500  9  4 14  15.2  999 164  4.4 7  8.4  73    0  134 352 -443  2
3797500 2746500  9  4 15  14.6  999 175  4.5 7  8.5  80    0  155 349 -445  2
3797500 2746500  9  4 16  14.6  999 168  3.5 7  8.5  81    0  137 348 -443  2
3797500 2746500  9  4 17  14.0  999 186  3.2 6  8.2  80    4  117 343 -439  2
3797500 2746500  9  4 18  14.0  999 190  2.4 7  7.9  78   10   79 341 -433  2
3797500 2746500  9  4 19  13.6  999 179  2.1 6  7.8  78    8   20 341 -426  2
3797500 2746500  9  4 20  13.4  999 180  1.9 6  7.7  79    0    0 337 -418  2
3797500 2746500  9  4 21  13.2  999 192  2.6 3  7.6  79    0    0 324 -413  2
3797500 2746500  9  4 22  13.0 1000 193  0.6 2  7.5  79    0    0 304 -412  2
3797500 2746500  9  4 23  12.7 1000 158  2.3 1  7.5  80    0    0 291 -411  2
3797500 2746500  9  4 24  12.8 1000 187  2.9 1  7.5  80    0    0 285 -407  2
3797500 2746500  9  5  1  12.0 1000 168  2.9 3  7.4  81    0    0 295 -403  2
3797500 2746500  9  5  2  12.3 1000 180  2.8 3  7.3  81    0    0 304 -400  2
3797500 2746500  9  5  3  12.3  999 157  2.9 2  7.2  80    0    0 300 -396  2
3797500 2746500  9  5  4  12.4  999 179  3.0 7  7.3  80    0    0 320 -392  2
3797500 2746500  9  5  5  12.5  999 174  3.6 6  7.2  79    0    0 340 -388  2
3797500 2746500  9  5  6  12.1  999 175  3.3 7  7.2  79    0    0 338 -384  2
3797500 2746500  9  5  7  12.4  999 173  3.5 4  7.2  79   12   38 327 -382  2
3797500 2746500  9  5  8  13.1  999 175  3.6 3  7.2  78  107   95 307 -384  2
3797500 2746500  9  5  9  14.4  999 169  4.3 3  7.5  75  240  125 305 -392  2
3797500 2746500  9  5 10  14.8  999 180  4.1 4  7.5  71  183  226 312 -402  2
3797500 2746500  9  5 11  15.8  999 159  4.9 4  7.7  70  278  250 319 -410  2
3797500 2746500  9  5 12  17.0  999 171  4.4 4  7.9  67  272  287 321 -418  2
3797500 2746500  9  5 13  16.7  999 184  3.5 5  7.5  62   29  276 328 -425  2
3797500 2746500  9  5 14  17.3  999 221  4.9 5  6.9  56   82  297 336 -431  2
3797500 2746500  9  5 15  17.9  999 209  4.1 5  6.5  51  309  217 340 -434  2
3797500 2746500  9  5 16  18.2  999 206  4.2 5  6.3  48  258  172 341 -433  2
3797500 2746500  9  5 17  18.1  999 212  4.7 4  6.1  46  177  124 337 -430  2
3797500 2746500  9  5 18  17.8  999 218  4.1 4  6.1  47  102   81 329 -426  2
3797500 2746500  9  5 19  17.0  999 203  2.0 5  6.1  49   15   22 332 -420  2
3797500 2746500  9  5 20  16.2  999 167  1.3 5  6.3  53    0    0 333 -416  2
3797500 2746500  9  5 21  16.0  999 170  2.2 6  6.6  57    0    0 336 -413  2
3797500 2746500  9  5 22  15.9 1000 172  3.0 6  6.9  60    0    0 339 -411  2
3797500 2746500  9  5 23  15.7 1000 168  3.1 6  7.1  63    0    0 339 -408  2
3797500 2746500  9  5 24  15.4 1000 169  2.5 7  7.3  65    0    0 346 -405  2
3797500 2746500  9  6  1  15.3 1000 173  2.5 6  7.4  67    0    0 347 -403  2
3797500 2746500  9  6  2  14.9  999 171  2.7 6  7.4  68    0    0 342 -401  2
3797500 2746500  9  6  3  14.5  999 173  2.1 7  7.5  71    0    0 345 -400  2
3797500 2746500  9  6  4  14.6 1000 171  1.8 7  7.6  72    0    0 348 -399  2
3797500 2746500  9  6  5  14.4  999 172  1.8 6  7.7  73    0    0 344 -399  2
3797500 2746500  9  6  6  13.9  999 162  1.8 6  7.7  75    0    0 339 -398  2
3797500 2746500  9  6  7  14.3  999 161  2.6 6  7.8  76   16   45 339 -398  2
3797500 2746500  9  6  8  15.6  999 162  3.6 4  8.1  75   54  128 332 -399  2
3797500 2746500  9  6  9  16.3  999 151  3.6 6  8.4  73   29  186 333 -405  2
3797500 2746500  9  6 10  17.6  999 161  4.7 6  8.6  70   59  265 347 -411  2
3797500 2746500  9  6 11  18.2  998 152  5.0 7  8.8  68   10  232 356 -416  2
3797500 2746500  9  6 12  18.3  998 157  4.9 7  8.9  67   17  276 364 -418  2
3797500 2746500  9  6 13  18.7  997 148  5.6 6  9.1  67   37  315 362 -423  2
3797500 2746500  9  6 14  18.8  996 145  3.6 6  9.5  69    1  196 357 -436  2
3797500 2746500  9  6 15  18.7  996 161  4.7 7  9.9  72    0  134 366 -446  2
3797500 2746500  9  6 16  17.9  996 146  4.3 8 10.4  78    0   92 379 -450  2
3797500 2746500  9  6 17  18.2  995 158  4.8 7 10.7  81    0   77 381 -447  2
3797500 2746500  9  6 18  18.3  994 169  4.1 7 10.7  80    1   61 377 -441  2
3797500 2746500  9  6 19  18.1  994 160  4.2 8 10.9  82    1   18 383 -434  2
3797500 2746500  9  6 20  18.0  993 150  4.0 8 10.9  82    0    0 388 -427  2
3797500 2746500  9  6 21  17.2  993 159  5.3 8 10.5  82    0    0 386 -422  2
3797500 2746500  9  6 22  17.2  994 163  4.4 8 10.5  84    0    0 384 -421  2
3797500 2746500  9  6 23  17.1  994 158  3.6 8 10.8  86    0    0 383 -420  2
3797500 2746500  9  6 24  17.4  993 169  4.2 7 10.8  86    0    0 378 -418  2
3797500 2746500  9  7  1  17.3  993 160  4.8 8 10.7  84    0    0 377 -414  2
3797500 2746500  9  7  2  17.4  993 168  5.5 8 10.4  82    0    0 380 -410  2
3797500 2746500  9  7  3  17.4  993 172  5.7 8 10.2  80    0    0 378 -405  2
3797500 2746500  9  7  4  17.3  993 163  5.3 7 10.2  81    0    0 374 -403  2
3797500 2746500  9  7  5  17.1  993 173  5.3 6 10.3  82    0    0 366 -402  2
3797500 2746500  9  7  6  17.6  993 159  5.4 6 10.4  82    0    0 362 -400  2
3797500 2746500  9  7  7  17.7  994 161  5.1 7 10.4  80    1   29 365 -399  2
3797500 2746500  9  7  8  17.9  994 170  4.3 5 10.4  80   43  100 358 -400  2
3797500 2746500  9  7  9  18.2  994 171  4.1 5 10.4  79  115  157 349 -402  2
3797500 2746500  9  7 10  19.2  994 199  3.8 6 10.3  75   60  222 354 -409  2
3797500 2746500  9  7 11  19.5  995 190  3.1 6 10.2  71    9  213 360 -420  2
3797500 2746500  9  7 12  17.4  996 225  3.7 7 10.1  75    0  151 362 -431  2
3797500 2746500  9  7 13  17.6  997 219  3.7 7 10.3  81    0  157 365 -439  2
3797500 2746500  9  7 14  18.4  997 193  1.6 7 10.5  80    1  187 368 -444  2
3797500 2746500  9  7 15  18.7  997 222  2.3 7 10.2  75    0  155 370 -446  2
3797500 2746500  9  7 16  18.6  998 209  2.4 7  9.6  70    4  148 370 -446  2
3797500 2746500  9  7 17  18.2  998 224  2.6 8  9.0  67    0   65 373 -443  2
3797500 2746500  9  7 18  16.8  998 224  2.9 7  9.0  71    2   60 369 -436  2
3797500 2746500  9  7 19  16.8  999 180  1.1 6  9.2  76   13   18 357 -428  2
3797500 2746500  9  7 20  16.5  999 170  1.8 5  9.1  75    0    0 347 -418  2
3797500 2746500  9  7 21  16.6  999 178  1.9 4  8.5  71    0    0 334 -411  2
3797500 2746500  9  7 22  16.1 1000 161  3.1 4  8.0  68    0    0 327 -407  2
3797500 2746500  9  7 23  16.6 1000 171  3.1 4  8.2  69    0    0 326 -403  2
3797500 2746500  9  7 24  16.4 1000 173  3.0 3  8.6  72    0    0 323 -400  2
3797500 2746500  9  8  1  15.8 1000 171  3.0 3  8.7  75    0    0 318 -397  2
3797500 2746500  9  8  2  16.0 1000 171  2.6 3  8.8  77    0    0 318 -396  2
3797500 2746500  9  8  3  15.6 1000 169  2.7 3  8.9  78    0    0 319 -394  2
3797500 2746500  9  8  4  15.3 1000 170  2.7 2  8.8  79    0    0 313 -393  2
3797500 2746500  9  8  5  15.0 1000 161  3.4 2  8.7  79    0    0 308 -393  2
3797500 2746500  9  8  6  14.8 1000 161  4.4 3  8.5  79    0    0 313 -394  2
3797500 2746500  9  8  7  15.7 1000 159  4.4 4  8.3  76   17   37 323 -394  2
3797500 2746500  9  8  8  16.1 1000 161  4.8 5  8.4  73   24  103 335 -395  2
3797500 2746500  9  8  9  16.8 1000 172  4.6 5  8.5  72  129  165 343 -399  2
3797500 2746500  9  8 10  17.4 1000 170  5.4 4  8.5  69  149  229 341 -400  2
3797500 2746500  9  8 11  16.8 1001 160  5.8 6  8.5  69    3  199 347 -404  2
3797500 2746500  9  8 12  16.5 1001 164  3.8 8  8.7  72    0   97 366 -412  2
3797500 2746500  9  8 13  18.4 1001 180  4.0 7  9.1  72    0  179 374 -418  2
3797500 2746500  9  8 14  17.7 1001 184  3.2 7  9.4  72   13  235 371 -423  2
3797500 2746500  9  8 15  18.2 1001 190  3.1 5  9.3  71  123  263 359 -428  2
3797500 2746500  9  8 16  16.9 1001 184  4.1 7  9.6  75   12  172 356 -426  2
3797500 2746500  9  8 17  16.8 1001 200  4.5 5  9.9  81  128  137 354 -424  2
3797500 2746500  9  8 18  17.0 1002 267  4.1 6  9.7  80   62   77 349 -423  2
3797500 2746500  9  8 19  16.8 1002 213  3.5 6  9.6  78    3   18 352 -417  2
3797500 2746500  9  8 20  17.0 1002 184  3.4 6  9.4  77    0    0 352 -411  2
3797500 2746500  9  8 21  16.7 1003 182  2.9 7  9.3  76    0    0 356 -406  2
3797500 2746500  9  8 22  16.7 1004 208  4.2 8  9.2  76    0    0 364 -403  2
3797500 2746500  9  8 23  16.4 1004 207  3.7 8  9.1  76    0    0 367 -402  2
3797500 2746500  9  8 24  16.1 1004 207  4.2 8  9.0  77    0    0 366 -400  2
3797500 2746500  9  9  1  15.8 1005 218  4.6 8  8.9  78    0    0 366 -400  2
3797500 2746500  9  9  2  15.5 1005 221  4.0 7  8.9  80    0    0 360 -399  2
3797500 2746500  9  9  3  15.4 1005 219  4.2 8  9.0  81    0    0 361 -397  2
3797500 2746500  9  9  4  15.1 1005 221  3.6 8  8.9  82    0    0 365 -395  2
3797500 2746500  9  9  5  14.8 1006 224  3.4 8  8.9  83    0    0 365 -392  2
3797500 2746500  9  9  6  14.7 1006 224  3.7 8  8.9  84    0    0 363 -389  2
3797500 2746500  9  9  7  14.6 1006 224  3.9 8  8.9  84    0   15 363 -388  2
3797500 2746500  9  9  8  14.7 1007 224  4.4 8  8.8  84    0   69 363 -389  2
3797500 2746500  9  9  9  14.9 1008 223  4.4 7  8.8  83    1  126 358 -393  2
3797500 2746500  9  9 10  15.7 1008 223  4.9 7  8.9  82   23  212 356 -402  2
3797500 2746500  9  9 11  16.6 1008 221  5.1 8  9.0  78    7  211 365 -415  2
3797500 2746500  9  9 12  17.8 1009 223  4.8 6  9.0  73   32  275 364 -427  2
3797500 2746500  9  9 13  18.7 1009 240  4.4 5  8.9  67  174  311 354 -438  2
3797500 2746500  9  9 14  19.1 1009 228  5.4 4  8.1  59  319  247 346 -445  2
3797500 2746500  9  9 15  19.6 1009 242  4.1 3  7.3  52  465  126 337 -445  2
3797500 2746500  9  9 16  19.5 1009 259  4.8 2  6.5  46  369  114 327 -441  2
3797500 2746500  9  9 17  19.3 1010 245  4.3 3  6.2  44  199  108 323 -434  2
3797500 2746500  9  9 18  18.1 1010 242  2.9 5  6.6  49   89   74 329 -425  2
3797500 2746500  9  9 19  17.2 1010 243  1.2 2  6.9  55    6   17 320 -414  2
3797500 2746500  9  9 20  14.7 1010 233  0.7 2  7.3  64    0    0 302 -402  2
3797500 2746500  9  9 21  13.8 1010 147  0.9 1  7.5  74    0    0 290 -393  2
3797500 2746500  9  9 22  13.5 1011 146  1.0 1  7.5  77    0    0 283 -388  2
3797500 2746500  9  9 23  13.3 1011 140  1.2 2  7.6  78    0    0 284 -383  2
3797500 2746500  9  9 24  13.7 1011 133  1.2 3  7.5  77    0    0 290 -379  2
3797500 2746500  9 10  1  13.1 1011 127  1.8 2  7.5  78    0    0 290 -377  2
3797500 2746500  9 10  2  14.1 1011 177  2.2 2  7.7  79    0    0 288 -375  2
3797500 2746500  9 10  3  14.1 1011 187  1.7 1  7.8  78    0    0 288 -373  2
3797500 2746500  9 10  4  14.1 1011 170  1.8 1  7.8  78    0    0 286 -371  2
3797500 2746500  9 10  5  13.9 1011 118  1.8 3  7.8  78    0    0 289 -369  2
3797500 2746500  9 10  6  13.3 1011 129  1.9 4  7.7  79    0    0 295 -367  2
3797500 2746500  9 10  7  14.4 1011 162  2.0 6  7.7  77    1   29 300 -367  2
3797500 2746500  9 10  8  16.0 1011 161  2.4 5  8.0  74   39  104 307 -371  2
3797500 2746500  9 10  9  18.3 1011 149  3.0 2  8.5  69  221  118 306 -382  2
3797500 2746500  9 10 10  19.9 1010 146  3.6 0  8.7  63  370  123 304 -401  2
3797500 2746500  9 10 11  20.8 1010 165  3.4 0  8.8  59  483  124 305 -421  2
3797500 2746500  9 10 12  21.7 1009 163  4.2 1  8.7  55  562  120 313 -440  2
3797500 2746500  9 10 13  22.5 1009  85  4.2 1  8.5  51  604  106 320 -455  2
3797500 2746500  9 10 14  23.1 1008 151  4.4 1  8.6  49  558  111 325 -465  2
3797500 2746500  9 10 15  23.5 1008 135  4.4 2  8.5  47  479  110 330 -469  2
3797500 2746500  9 10 16  24.0 1008 191  3.5 2  8.2  44  388   99 335 -468  2
3797500 2746500  9 10 17  24.3 1007 151  4.0 3  8.2  43  234   94 341 -462  2
3797500 2746500  9 10 18  23.3 1007 160  3.2 5  8.4  45   62   73 351 -452  2
3797500 2746500  9 10 19  22.0 1006 144  2.8 3  8.3  48   13   19 350 -440  2
3797500 2746500  9 10 20  21.7 1006 167  2.5 3  8.0  49    0    0 341 -429  2
3797500 2746500  9 10 21  22.3 1006 158  2.9 5  8.1  49    0    0 350 -421  2
3797500 2746500  9 10 22  21.7 1007 162  2.7 6  8.3  50    0    0 364 -417  2
3797500 2746500  9 10 23  20.8 1007 159  2.9 7  8.6  54    0    0 371 -417  2
3797500 2746500  9 10 24  19.7 1007 162  3.4 8  9.2  62    0    0 378 -420  2
3797500 2746500  9 11  1  19.8 1007 185  1.9 7  9.6  66    0    0 378 -423  2
3797500 2746500  9 11  2  19.3 1007 198  1.5 6  9.6  67    0    0 370 -424  2
3797500 2746500  9 11  3  19.6 1007 212  1.6 5  9.9  69    0    0 362 -422  2
3797500 2746500  9 11  4  19.6 1007 220  2.5 6 10.1  70    0    0 364 -419  2
3797500 2746500  9 11  5  18.8 1007 212  2.2 7 10.3  73    0    0 373 -419  2
3797500 2746500  9 11  6  18.5 1008 224  2.0 7 10.5  77    0    0 378 -418  2
3797500 2746500  9 11  7  18.9 1008 210  1.5 7 10.8  79    0    7 378 -418  2
3797500 2746500  9 11  8  18.8 1008 220  1.7 8 11.1  81    0   25 384 -417  2
3797500 2746500  9 11  9  18.1 1009 239  2.3 8 11.4  85    2  118 388 -418  2
3797500 2746500  9 11 10  19.5 1009 249  1.9 7 11.4  83   44  221 385 -422  2
3797500 2746500  9 11 11  20.6 1009 229  2.4 5 10.9  73  313  209 376 -428  2
3797500 2746500  9 11 12  21.8 1009 219  2.9 3 10.3  65  324  240 364 -432  2
3797500 2746500  9 11 13  22.0 1009 234  2.4 4 10.0  60  173  295 365 -435  2
3797500 2746500  9 11 14  23.7 1009 260  3.2 3  9.9  57  222  270 369 -444  2
3797500 2746500  9 11 15  23.7 1009 198  2.7 4  9.9  54  142  248 372 -450  2
3797500 2746500  9 11 16  24.1 1008 234  2.5 7 10.0  53   57  192 384 -450  2
3797500 2746500  9 11 17  23.6 1008 175  2.2 6 10.2  55   74  137 389 -446  2
3797500 2746500  9 11 18  23.2 1008 217  2.4 4 10.4  57   86   65 377 -438  2
3797500 2746500  9 11 19  21.6 1007 247  1.7 5 10.1  59   14   17 368 -427  2
3797500 2746500  9 11 20  20.0 1008 214  1.2 5  9.9  64    0    0 362 -414  2
3797500 2746500  9 11 21  18.3 1008 191  1.1 3  9.7  70    0    0 346 -406  2
3797500 2746500  9 11 22  17.6 1008 130  1.1 3  9.8  76    0    0 334 -402  2
3797500 2746500  9 11 23  17.2 1008 104  1.3 3  9.9  79    0    0 331 -398  2
3797500 2746500  9 11 24  16.5 1008 119  1.5 3  9.8  81    0    0 328 -394  2
3797500 2746500  9 12  1  16.3 1008 110  1.8 2  9.7  83    0    0 323 -390  2
3797500 2746500  9 12  2  16.7 1008 176  1.5 3  9.7  82    0    0 322 -388  2
3797500 2746500  9 12  3  17.2 1007 178  1.8 6  9.8  80    0    0 334 -386  2
3797500 2746500  9 12  4  16.6 1007 118  1.8 6  9.9  82    0    0 344 -384  2
3797500 2746500  9 12  5  16.4 1007 122  1.8 3 10.0  85    0    0 333 -384  2
3797500 2746500  9 12  6  16.4 1006 123  1.9 4 10.1  86    0    0 327 -384  2
3797500 2746500  9 12  7  17.2 1006 128  1.9 5 10.4  86   14   32 337 -384  2
3797500 2746500  9 12  8  19.2 1006 127  1.8 3 10.9  82   97   84 340 -388  2
3797500 2746500  9 12  9  21.7 1006 145  2.2 3 11.4  75  212  121 342 -400  2
3797500 2746500  9 12 10  22.6 1006 160  3.1 3 11.6  69  264  179 349 -417  2
3797500 2746500  9 12 11  23.7 1006 110  3.9 3 11.6  64  370  188 353 -436  2
3797500 2746500  9 12 12  24.6 1005 149  2.6 1 11.1  58  519  143 351 -457  2
3797500 2746500  9 12 13  25.5 1005 142  2.6 1 10.4  52  561  130 348 -476  2
3797500 2746500  9 12 14  26.2 1004 121  3.5 1  9.9  47  535  125 355 -488  2
3797500 2746500  9 12 15  26.4 1004 128  2.8 1  9.3  43  457  122 358 -492  2
3797500 2746500  9 12 16  25.9 1003 120  3.2 1  9.1  43  344  114 358 -492  2
3797500 2746500  9 12 17  25.1 1003 133  3.5 2  9.5  46  137  127 356 -486  2
3797500 2746500  9 12 18  24.4 1002 121  1.5 5  9.9  50   32   74 365 -476  2
3797500 2746500  9 12 19  23.8 1002 100  2.4 7 10.0  52    0    3 381 -466  2
3797500 2746500  9 12 20  22.5 1002 132  1.4 7 10.4  58    0    0 386 -452  2
3797500 2746500  9 12 21  21.7 1002 119  0.6 8 11.3  67    0    0 391 -439  2
3797500 2746500  9 12 22  20.6 1002  78  0.3 8 11.7  74    0    0 396 -434  2
3797500 2746500  9 12 23  20.3 1002 328  1.6 8 11.9  78    0    0 396 -430  2
3797500 2746500  9 12 24  20.1 1002  51  0.8 8 11.7  78    0    0 396 -425  2
3797500 2746500  9 13  1  19.3 1002  28  0.9 6 11.7  80    0    0 382 -421  2
3797500 2746500  9 13  2  18.8 1002 111  1.1 7 11.8  84    0    0 374 -418  2
3797500 2746500  9 13  3  18.6 1002 130  0.9 2 11.7  86    0    0 347 -416  2
3797500 2746500  9 13  4  18.5 1001  80  1.1 2 11.7  86    0    0 314 -414  2
3797500 2746500  9 13  5  18.1 1001  99  1.6 1 11.5  86    0    0 306 -413  2
3797500 2746500  9 13  6  17.5 1001  88  1.3 3 11.0  85    0    0 310 -412  2
3797500 2746500  9 13  7  17.2 1001 123  0.6 7 10.7  85    1   26 345 -407  2
3797500 2746500  9 13  8  17.8 1001  86  0.9 6 10.8  85   29   88 364 -403  2
3797500 2746500  9 13  9  18.1 1001 125  1.0 6 11.2  85   35  151 360 -401  2
3797500 2746500  9 13 10  17.6 1002 109  1.4 8 11.3  87    0   61 370 -399  2
3797500 2746500  9 13 11  17.0 1002  92  1.9 8 11.4  91    0   69 378 -395  2
3797500 2746500  9 13 12  17.0 1003 106  2.4 8 11.4  93    0   88 376 -392  2
3797500 2746500  9 13 13  17.3 1003 128  2.4 8 11.5  93    0   67 377 -390  2
3797500 2746500  9 13 14  15.7 1003 234  4.2 8 11.0  92    0   74 373 -390  2
3797500 2746500  9 13 15  14.9 1004 248  4.1 8 10.2  93    0   58 368 -389  2
3797500 2746500  9 13 16  15.1 1004 233  3.0 8  9.9  92    0   45 367 -389  2
3797500 2746500  9 13 17  14.7 1005 231  2.4 8  9.8  91    0   33 364 -389  2
3797500 2746500  9 13 18  14.7 1006 235  2.4 8  9.6  91    0   24 361 -390  2
3797500 2746500  9 13 19  14.6 1006 232  1.7 8  9.5  91    0    7 360 -390  2
3797500 2746500  9 13 20  14.5 1007 240  1.9 8  9.5  91    0    0 358 -387  2
3797500 2746500  9 13 21  14.6 1008 223  1.6 8  9.4  90    0    0 357 -383  2
3797500 2746500  9 13 22  14.7 1008 233  1.0 7  9.4  90    0    0 351 -380  2
3797500 2746500  9 13 23  14.7 1009 266  0.9 7  9.4  89    0    0 347 -379  2
3797500 2746500  9 13 24  14.8 1009 237  1.0 6  9.4  89    0    0 342 -380  2
3797500 2746500  9 14  1  14.8 1009 306  1.0 8  9.5  90    0    0 347 -382  2
3797500 2746500  9 14  2  14.6 1009 351  1.0 8  9.4  89    0    0 354 -382  2
3797500 2746500  9 14  3  14.5 1010 328  1.5 8  9.3  90    0    0 354 -380  2
3797500 2746500  9 14  4  14.5 1010 358  2.2 8  9.4  91    0    0 354 -380  2
3797500 2746500  9 14  5  14.4 1009 351  2.4 8  9.4  91    0    0 354 -381  2
3797500 2746500  9 14  6  14.3 1009 357  1.6 8  9.6  93    0    0 355 -380  2
3797500 2746500  9 14  7  14.1 1009  56  2.6 8  9.5  93    0    8 357 -379  2
3797500 2746500  9 14  8  13.4 1010  66  2.8 8  9.1  92    0   33 355 -381  2
3797500 2746500  9 14  9  13.0 1010  68  3.1 7  8.7  92    0   74 348 -385  2
3797500 2746500  9 14 10  12.7 1010  72  3.2 8  8.3  89    0   85 347 -389  2
3797500 2746500  9 14 11  12.8 1010  46  3.1 7  8.0  87    0  131 345 -393  2
3797500 2746500  9 14 12  12.9 1011  76  3.1 7  7.8  84    0  170 339 -397  2
3797500 2746500  9 14 13  13.5 1011  78  3.7 7  7.4  78    0  186 337 -397  2
3797500 2746500  9 14 14  14.5 1011  75  4.1 8  7.2  72    9  225 342 -399  2
3797500 2746500  9 14 15  15.6 1011  65  4.0 6  7.1  66   52  254 340 -398  2
3797500 2746500  9 14 16  16.6 1011  91  3.5 3  6.7  59  249  180 321 -389  2
3797500 2746500  9 14 17  16.7 1011  59  4.1 3  6.1  51  187  136 310 -385  2
3797500 2746500  9 14 18  16.1 1011  61  3.6 5  5.2  44   78   85 314 -382  2
3797500 2746500  9 14 19  14.7 1011  71  3.2 3  4.8  44    6   16 311 -380  2
3797500 2746500  9 14 20  13.7 1012  57  3.3 3  4.9  49    0    0 301 -376  2
3797500 2746500  9 14 21  13.1 1013  55  2.6 4  4.9  51    0    0 302 -370  2
3797500 2746500  9 14 22  12.5 1014  77  1.4 4  5.1  55    0    0 303 -366  2
3797500 2746500  9 14 23  11.6 1014  79  2.0 4  5.2  59    0    0 300 -362  2
3797500 2746500  9 14 24  11.3 1015  80  2.3 5  5.3  63    0    0 304 -359  2
3797500 2746500  9 15  1  10.6 1015  72  2.4 2  5.3  65    0    0 295 -356  2
3797500 2746500  9 15  2  10.0 1015  57  2.7 3  5.3  68    0    0 286 -354  2
3797500 2746500  9 15  3   9.5 1015  66  2.6 4  5.3  71    0    0 294 -353  2
3797500 2746500  9 15  4   8.9 1016  77  2.4 1  5.3  74    0    0 283 -352  2
3797500 2746500  9 15  5   8.8 1016  69  2.1 1  5.3  75    0    0 268 -351  2
3797500 2746500  9 15  6   8.1 1016  67  1.9 1  5.3  77    0    0 266 -350  2
3797500 2746500  9 15  7   8.3 1017  88  1.3 1  5.3  79   15   27 265 -350  2
3797500 2746500  9 15  8   9.9 1017  73  2.7 0  5.4  75  109   69 261 -352  2
3797500 2746500  9 15  9  11.4 1018  58  3.1 0  5.6  70  254   84 259 -360  2
3797500 2746500  9 15 10  12.9 1018  43  3.6 1  5.9  67  390   91 271 -371  2
3797500 2746500  9 15 11  14.0 1018  52  3.8 1  6.1  63  482   99 282 -384  2
3797500 2746500  9 15 12  14.8 1018  54  5.1 2  5.7  56  518  115 291 -399  2
3797500 2746500  9 15 13  15.3 1018  67  4.9 2  5.3  50  408  190 298 -409  2
3797500 2746500  9 15 14  15.6 1017  44  4.0 2  5.4  50  237  255 301 -415  2
3797500 2746500  9 15 15  15.6 1017  63  4.3 3  5.4  50  125  241 308 -415  2
3797500 2746500  9 15 16  16.0 1017  37  4.2 2  5.4  49  230  151 308 -413  2
3797500 2746500  9 15 17  15.8 1017  52  3.0 2  5.4  48  193   87 305 -408  2
3797500 2746500  9 15 18  15.8 1017  66  2.3 3  5.4  49   70   61 307 -401  2
3797500 2746500  9 15 19  15.4 1017  26  2.8 4  5.5  50    1   11 315 -394  2
3797500 2746500  9 15 20  15.2 1017  35  3.0 5  5.7  53    0    0 323 -388  2
3797500 2746500  9 15 21  15.3 1018  41  3.7 7  5.9  55    0    0 338 -383  2
3797500 2746500  9 15 22  15.1 1018  37  3.2 6  6.1  57    0    0 343 -378  2
3797500 2746500  9 15 23  14.5 1018  50  3.0 5  6.3  60    0    0 333 -373  2
3797500 2746500  9 15 24  13.7 1018  44  2.5 5  6.7  67    0    0 326 -371  2
3797500 2746500  9 16  1  13.3 1018  61  2.8 6  7.0  73    0    0 329 -368  2
3797500 2746500  9 16  2  12.1 1018  56  2.8 5  6.8  75    0    0 326 -365  2
3797500 2746500  9 16  3  11.5 1018  46  2.5 2  6.6  77    0    0 303 -363  2
3797500 2746500  9 16  4  10.8 1018  38  2.6 1  6.6  80    0    0 282 -360  2
3797500 2746500  9 16  5  10.6 1018  45  1.9 3  6.6  83    0    0 285 -358  2
3797500 2746500  9 16  6  10.5 1018  51  2.3 5  6.6  84    0    0 302 -356  2
3797500 2746500  9 16  7  10.2 1018  79  1.9 6  6.6  85   10   20 314 -354  2
3797500 2746500  9 16  8  10.4 1018  32  1.7 6  6.6  85   30   74 318 -356  2
3797500 2746500  9 16  9  11.3 1018  41  2.4 6  6.6  82   60  128 320 -363  2
3797500 2746500  9 16 10  11.8 1018  31  2.9 6  6.5  78   41  179 321 -374  2
3797500 2746500  9 16 11  12.1 1018  42  2.8 6  6.4  73   21  197 323 -388  2
3797500 2746500  9 16 12  12.0 1018  44  3.2 8  6.2  71    0  163 331 -397  2
3797500 2746500  9 16 13  12.7 1018  42  2.8 7  6.1  68    6  197 336 -404  2
3797500 2746500  9 16 14  13.4 1018  48  2.0 6  6.0  64    8  193 331 -406  2
3797500 2746500  9 16 15  14.0 1018  78  2.7 7  5.9  61   19  181 332 -407  2
3797500 2746500  9 16 16  14.1 1017  68  3.3 6  5.8  58   21  146 333 -408  2
3797500 2746500  9 16 17  14.1 1017  82  3.0 6  5.7  57   65   92 329 -404  2
3797500 2746500  9 16 18  13.8 1017  72  1.9 7  5.8  58   21   46 332 -397  2
3797500 2746500  9 16 19  13.5 1017  51  1.1 7  5.9  61    0    6 334 -390  2
3797500 2746500  9 16 20  13.3 1018  59  1.4 7  6.0  62    0    0 335 -385  2
3797500 2746500  9 16 21  13.1 1018  57  1.5 7  6.1  64    0    0 333 -379  2
3797500 2746500  9 16 22  12.8 1018  52  1.5 7  6.1  66    0    0 327 -374  2
3797500 2746500  9 16 23  13.2 1018  72  1.7 7  6.3  67    0    0 326 -371  2
3797500 2746500  9 16 24  13.8 1018 100  1.8 7  6.6  66    0    0 329 -370  2
3797500 2746500  9 17  1  14.7 1012 138  2.1 7  6.9  65    0    0 328 -385  2
3797500 2746500  9 17  2  15.3 1012 167  2.4 6  7.1  64    0    0 325 -385  2
3797500 2746500  9 17  3  15.6 1012 193  2.6 5  7.2  64    0    0 311 -384  2
3797500 2746500  9 17  4  15.2 1012 192  2.6 5  7.2  66    0    0 299 -381  2
3797500 2746500  9 17  5  14.9 1012 194  2.5 6  7.3  68    0    0 293 -377  2
3797500 2746500  9 17  6  14.5 1012 192  2.6 6  7.3  70    0    0 299 -374  2
3797500 2746500  9 17  7  13.2 1012 202  2.2 6  7.4  75    0   12 306 -372  2
3797500 2746500  9 17  8  13.9 1013 203  3.1 5  7.7  79   15   88 300 -373  2
3797500 2746500  9 17  9  15.8 1013 222  3.1 5  8.0  76  112  155 297 -380  2
3797500 2746500  9 17 10  17.4 1014 214  3.2 6  8.3  71  240  155 306 -393  2
3797500 2746500  9 17 11  19.0 1014 222  2.8 5  8.3  64  358  184 310 -408  2
3797500 2746500  9 17 12  20.2 1015 250  3.0 6  7.7  54  421  189 314 -423  2
3797500 2746500  9 17 13  21.2 1015 263  2.9 6  7.2  48  453  181 321 -435  2
3797500 2746500  9 17 14  21.7 1015 244  3.4 6  7.3  46  450  164 325 -444  2
3797500 2746500  9 17 15  21.9 1015 242  3.9 4  7.1  44  377  152 321 -447  2
3797500 2746500  9 17 16  22.2 1015 273  2.9 4  6.9  42  288  130 318 -446  2
3797500 2746500  9 17 17  21.7 1015 281  2.8 6  6.8  41  180  103 324 -441  2
3797500 2746500  9 17 18  21.3 1016 277  1.2 6  7.0  44   61   62 329 -433  2
3797500 2746500  9 17 19  18.8 1016  16  0.5 5  7.4  51    6   15 322 -421  2
3797500 2746500  9 17 20  16.7 1016  28  1.0 4  7.8  61    0    0 310 -409  2
3797500 2746500  9 17 21  15.4 1017  51  0.6 3  8.3  73    0    0 301 -400  2
3797500 2746500  9 17 22  15.0 1017  71  1.7 2  8.7  81    0    0 294 -396  2
3797500 2746500  9 17 23  14.4 1017  64  1.8 2  8.7  83    0    0 290 -394  2
3797500 2746500  9 17 24  13.8 1017  73  0.8 2  8.3  83    0    0 288 -391  2
3797500 2746500  9 18  1  13.4 1017 108  0.4 3  8.0  82    0    0 288 -388  2
3797500 2746500  9 18  2  12.4 1017 119  1.9 3  7.7  84    0    0 289 -384  2
3797500 2746500  9 18  3  12.2 1017 156  1.3 3  7.6  85    0    0 287 -381  2
3797500 2746500  9 18  4  12.6 1016 171  1.0 3  7.4  83    0    0 287 -379  2
3797500 2746500  9 18  5  12.7 1016 141  1.1 4  7.3  80    0    0 291 -377  2
3797500 2746500  9 18  6  14.0 1016 170  1.6 6  7.3  76    0    0 304 -376  2
3797500 2746500  9 18  7  14.1 1016 204  2.7 7  7.2  72    0    5 316 -374  2
3797500 2746500  9 18  8  15.2 1016 232  2.3 5  7.3  70   34   92 313 -376  2
3797500 2746500  9 18  9  16.7 1016 259  2.3 5  7.8  69  111  158 311 -386  2
3797500 2746500  9 18 10  18.2 1016 206  2.4 3  8.7  70  229  166 313 -402  2
3797500 2746500  9 18 11  20.8 1016 225  3.7 3  9.4  66  278  236 319 -419  2
3797500 2746500  9 18 12  21.6 1016 222  3.4 5  9.9  63  143  300 330 -435  2
3797500 2746500  9 18 13  23.1 1015 197  3.4 5 10.0  59  207  304 338 -448  2
3797500 2746500  9 18 14  24.1 1015 210  4.1 5 10.1  55  207  286 343 -457  2
3797500 2746500  9 18 15  24.6 1014 233  4.6 3  9.9  52  167  252 344 -461  2
3797500 2746500  9 18 16  24.4 1014 265  4.5 3  9.5  49  193  179 340 -460  2
3797500 2746500  9 18 17  23.4 1014 261  3.3 2  9.2  50  144  113 336 -452  2
3797500 2746500  9 18 18  22.1 1014 322  2.9 1  9.8  56   53   63 328 -440  2
3797500 2746500  9 18 19  20.1 1014 355  1.7 1 10.2  65    4   13 320 -425  2
3797500 2746500  9 18 20  18.4 1014 358  2.2 1 10.0  71    0    0 313 -413  2
3797500 2746500  9 18 21  17.2 1015  27  1.7 2  9.4  74    0    0 310 -406  2
3797500 2746500  9 18 22  16.8 1015  44  2.1 3  9.0  74    0    0 316 -402  2
3797500 2746500  9 18 23  15.7 1015  33  2.3 3  8.9  77    0    0 319 -398  2
3797500 2746500  9 18 24  15.0 1016  39  3.1 1  8.7  80    0    0 310 -397  2
3797500 2746500  9 19  1  14.3 1016  46  2.6 1  8.4  81    0    0 299 -396  2
3797500 2746500  9 19  2  13.9 1016  59  2.0 2  8.1  81    0    0 302 -394  2
3797500 2746500  9 19  3  14.0 1016  52  2.6 3  8.0  80    0    0 311 -392  2
3797500 2746500  9 19  4  14.1 1016  58  1.4 4  7.8  78    0    0 320 -392  2
3797500 2746500  9 19  5  13.9 1017  54  1.6 5  7.6  76    0    0 329 -392  2
3797500 2746500  9 19  6  13.8 1017  53  2.8 6  7.4  76    0    0 336 -391  2
3797500 2746500  9 19  7  13.5 1017  37  2.1 6  7.3  76    0    4 338 -390  2
3797500 2746500  9 19  8  13.5 1017  27  3.2 7  7.2  75    0   54 342 -388  2
3797500 2746500  9 19  9  13.6 1018  47  3.7 7  7.2  74    1  109 346 -387  2
3797500 2746500  9 19 10  14.4 1018  39  4.4 8  7.2  72    1  156 352 -388  2
3797500 2746500  9 19 11  14.8 1019  40  4.1 7  7.1  69   17  220 356 -392  2
3797500 2746500  9 19 12  16.2 1019  50  4.5 6  7.2  66  110  292 350 -395  2
3797500 2746500  9 19 13  17.1 1019  39  4.7 5  7.0  60  226  287 344 -401  2
3797500 2746500  9 19 14  17.9 1019  53  5.1 5  6.4  51  331  216 340 -413  2
3797500 2746500  9 19 15  18.5 1019  38  5.3 5  5.9  46  254  208 340 -420  2
3797500 2746500  9 19 16  17.8 1019  30  4.2 4  5.9  46  220  152 334 -418  2
3797500 2746500  9 19 17  17.1 1020  42  3.4 3  5.9  48  180   96 320 -412  2
3797500 2746500  9 19 18  16.3 1020  31  3.1 2  5.7  49   65   58 304 -405  2
3797500 2746500  9 19 19  15.2 1020  31  2.4 2  5.6  51    5   13 294 -397  2
3797500 2746500  9 19 20  13.8 1020  43  1.9 2  5.4  53    0    0 286 -388  2
3797500 2746500  9 19 21  13.1 1021  53  2.3 2  5.1  53    0    0 281 -381  2
3797500 2746500  9 19 22  12.1 1022  68  2.4 1  4.9  55    0    0 272 -378  2
3797500 2746500  9 19 23  11.2 1022  41  0.8 1  4.9  58    0    0 265 -375  2
3797500 2746500  9 19 24   9.4 1023  61  1.2 1  4.9  63    0    0 260 -370  2
3797500 2746500  9 20  1   8.8 1023  61  1.0 2  4.9  69    0    0 259 -367  2
3797500 2746500  9 20  2   8.8 1023  60  1.2 2  5.0  71    0    0 263 -363  2
3797500 2746500  9 20  3   8.3 1023  49  1.1 2  5.0  72    0    0 261 -359  2
3797500 2746500  9 20  4   8.1 1023  60  1.4 0  5.0  74    0    0 250 -356  2
3797500 2746500  9 20  5   7.6 1023  64  1.1 0  5.0  76    0    0 239 -354  2
3797500 2746500  9 20  6   7.3 1023  67  1.1 0  4.9  77    0    0 240 -350  2
3797500 2746500  9 20  7   7.0 1023  62  0.4 1  4.9  78    3   16 245 -348  2
3797500 2746500  9 20  8   8.8 1024  61  1.1 0  5.0  76   77   65 246 -348  2
3797500 2746500  9 20  9  11.3 1024  68  2.5 0  5.2  68  209   86 248 -355  2
3797500 2746500  9 20 10  13.2 1024  71  3.1 1  5.3  60  346   85 260 -367  2
3797500 2746500  9 20 11  14.6 1024  59  2.1 1  5.2  53  465   80 273 -383  2
3797500 2746500  9 20 12  15.3 1023  41  2.2 2  5.0  48  516   92 284 -398  2
3797500 2746500  9 20 13  15.8 1023  43  3.2 2  4.9  45  556   73 292 -410  2
3797500 2746500  9 20 14  16.1 1023  31  2.9 2  4.7  42  521   74 295 -418  2
3797500 2746500  9 20 15  16.1 1022  48  3.6 1  4.6  41  464   64 290 -422  2
3797500 2746500  9 20 16  16.2 1022  43  3.3 1  4.6  40  354   63 285 -419  2
3797500 2746500  9 20 17  16.2 1021  50  3.5 2  4.6  41  220   60 288 -413  2
3797500 2746500  9 20 18  15.7 1021  62  2.6 2  4.7  42   76   45 292 -404  2
3797500 2746500  9 20 19  14.1 1021  67  2.0 1  4.8  46    5   11 283 -393  2
3797500 2746500  9 20 20  13.1 1021  41  2.3 1  4.9  51    0    0 273 -383  2
3797500 2746500  9 20 21  11.9 1021  51  2.0 0  5.0  56    0    0 265 -375  2
3797500 2746500  9 20 22  12.0 1021  60  1.9 1  5.0  58    0    0 264 -369  2
3797500 2746500  9 20 23  10.6 1022  59  2.6 1  5.0  61    0    0 267 -363  2
3797500 2746500  9 20 24  11.7 1021  57  2.2 0  5.0  61    0    0 261 -358  2
3797500 2746500  9 21  1   9.3 1021  59  2.0 1  5.0  63    0    0 259 -354  2
3797500 2746500  9 21  2   8.6 1021  63  0.2 1  4.9  70    0    0 259 -351  2
3797500 2746500  9 21  3   8.0 1022  50  1.7 0  4.9  73    0    0 251 -347  2
3797500 2746500  9 21  4   8.4 1022  61  0.9 0  4.9  73    0    0 246 -345  2
3797500 2746500  9 21  5   7.6 1021  61  1.0 1  4.9  74    0    0 250 -342  2
3797500 2746500  9 21  6   7.5 1021  81  1.9 1  4.9  76    0    0 254 -340  2
3797500 2746500  9 21  7   7.1 1021  71  2.1 3  4.8  76    3   15 263 -338  2
3797500 2746500  9 21  8   8.6 1021  60  1.3 1  4.9  75   61   72 264 -340  2
3797500 2746500  9 21  9  10.9 1021  71  2.2 1  5.1  69  177  109 259 -348  2
3797500 2746500  9 21 10  12.7 1021  77  3.2 3  5.4  63  304  121 276 -362  2
3797500 2746500  9 21 11  13.8 1021  61  2.8 3  5.3  57  380  145 292 -379  2
3797500 2746500  9 21 12  15.2 1020  75  3.7 4  5.1  50  453  142 302 -395  2
3797500 2746500  9 21 13  16.5 1020  59  3.2 3  5.0  45  479  137 306 -409  2
3797500 2746500  9 21 14  16.6 1019  70  2.8 3  5.0  43  464  128 303 -418  2
3797500 2746500  9 21 15  17.6 1019  78  2.8 2  5.0  41  409  114 301 -422  2
3797500 2746500  9 21 16  18.2 1018  67  2.2 2  5.2  41  312  101 299 -420  2
3797500 2746500  9 21 17  17.5 1018  67  3.0 2  5.3  42  194   83 299 -415  2
3797500 2746500  9 21 18  16.8 1018  53  2.7 1  5.2  43   66   52 293 -406  2
3797500 2746500  9 21 19  15.4 1018  49  2.4 2  5.2  46    3   10 290 -395  2
3797500 2746500  9 21 20  14.4 1018  61  3.0 1  5.1  49    0    0 286 -385  2
3797500 2746500  9 21 21  14.0 1018  61  2.8 1  5.1  51    0    0 280 -378  2
3797500 2746500  9 21 22  13.0 1019  59  2.0 0  5.2  54    0    0 274 -372  2
3797500 2746500  9 21 23  11.4 1019  78  0.4 0  5.2  60    0    0 266 -367  2
3797500 2746500  9 21 24  10.5 1019  59  1.3 1  5.2  64    0    0 266 -362  2
3797500 2746500  9 22  1  10.4 1019  70  0.3 1  5.2  67    0    0 269 -358  2
3797500 2746500  9 22  2   9.4 1019  63  0.8 0  5.2  69    0    0 262 -354  2
3797500 2746500  9 22  3   8.5 1019  43  0.2 1  5.1  72    0    0 259 -351  2
3797500 2746500  9 22  4   8.2 1019  34  0.7 1  5.1  75    0    0 263 -349  2
3797500 2746500  9 22  5   7.4 1019  43  0.6 0  5.0  77    0    0 256 -347  2
3797500 2746500  9 22  6   8.0 1019  82  0.6 1  4.9  76    0    0 255 -345  2
3797500 2746500  9 22  7   7.0 1019  63  0.3 1  5.0  78    2   15 259 -344  2
3797500 2746500  9 22  8   9.1 1019  80  0.4 0  5.2  78   67   66 256 -345  2
3797500 2746500  9 22  9  12.6 1019  73  0.0 0  5.6  70  195   91 259 -352  2
3797500 2746500  9 22 10  16.2 1019   3  0.0 0  6.0  59  323  100 271 -366  2
3797500 2746500  9 22 11  16.8 1019   5  1.4 0  6.0  51  442   93 278 -383  2
3797500 2746500  9 22 12  19.6 1019 353  1.2 0  5.9  45  513   91 285 -398  2
3797500 2746500  9 22 13  19.5 1019  81  0.5 0  5.7  41  530   94 291 -411  2
3797500 2746500  9 22 14  20.2 1018  63  0.6 0  5.5  38  490  106 292 -420  2
3797500 2746500  9 22 15  21.4 1018   1  1.3 0  5.5  36  429   98 296 -424  2
3797500 2746500  9 22 16  21.2 1018  12  0.9 0  5.6  36  325   86 298 -423  2
3797500 2746500  9 22 17  20.5 1017  20  1.9 0  5.8  38  204   65 297 -418  2
3797500 2746500  9 22 18  19.9 1017  21  2.1 0  5.9  40   66   45 294 -409  2
3797500 2746500  9 22 19  17.6 1017  30  1.8 0  5.9  44    2    9 289 -397  2
3797500 2746500  9 22 20  15.7 1017  51  2.3 0  5.7  49    0    0 281 -386  2
3797500 2746500  9 22 21  15.8 1018  49  2.0 0  5.7  51    0    0 277 -379  2
3797500 2746500  9 22 22  13.9 1018  46  0.6 0  5.9  56    0    0 274 -373  2
3797500 2746500  9 22 23  13.0 1018  46  1.7 0  6.0  63    0    0 270 -368  2
3797500 2746500  9 22 24  12.1 1019  39  0.8 0  6.0  67    0    0 268 -363  2
3797500 2746500  9 23  1  11.9 1019  50  0.5 0  6.0  69    0    0 267 -359  2
3797500 2746500  9 23  2  11.3 1019  71  0.2 0  6.0  71    0    0 265 -355  2
3797500 2746500  9 23  3  11.1 1018  53  1.3 0  5.9  72    0    0 264 -352  2
3797500 2746500  9 23  4  10.2 1018  50  1.4 0  5.9  74    0    0 262 -350  2
3797500 2746500  9 23  5   9.3 1018  52  1.4 0  5.8  78    0    0 260 -347  2
3797500 2746500  9 23  6   9.0 1018  59  1.1 0  5.9  82    0    0 258 -345  2
3797500 2746500  9 23  7   8.8 1018  49  1.7 1  5.9  83    1   14 260 -343  2
3797500 2746500  9 23  8   9.4 1018  49  2.4 0  6.1  85   56   71 260 -344  2
3797500 2746500  9 23  9  12.6 1019  46  0.8 0  6.4  79  166  114 261 -352  2
3797500 2746500  9 23 10  14.2 1019  26  2.3 0  6.8  71  281  138 269 -366  2
3797500 2746500  9 23 11  15.4 1019  32  3.3 1  7.0  67  380  150 279 -383  2
3797500 2746500  9 23 12  17.0 1019  36  4.1 2  7.0  62  438  156 291 -399  2
3797500 2746500  9 23 13  17.7 1019  38  3.4 2  7.0  57  457  157 297 -412  2
3797500 2746500  9 23 14  18.5 1019  18  3.3 2  7.1  55  442  147 300 -419  2
3797500 2746500  9 23 15  18.9 1018   9  3.1 3  7.1  53  382  132 304 -422  2
3797500 2746500  9 23 16  19.4 1018 349  3.0 3  6.9  50  269  117 308 -419  2
3797500 2746500  9 23 17  17.9 1017 357  2.9 5  6.7  50  137   90 311 -413  2
3797500 2746500  9 23 18  17.2 1017 359  2.7 6  6.6  53   31   42 316 -404  2
3797500 2746500  9 23 19  16.0 1018   5  1.7 6  6.6  56    0    6 316 -395  2
3797500 2746500  9 23 20  15.4 1018   8  2.0 7  6.8  61    0    0 315 -388  2
3797500 2746500  9 23 21  15.3 1019  16  2.5 7  7.0  65    0    0 317 -383  2
3797500 2746500  9 23 22  14.8 1019  15  1.4 5  7.2  68    0    0 311 -379  2
3797500 2746500  9 23 23  14.6 1019  13  0.9 5  7.3  70    0    0 305 -374  2
3797500 2746500  9 23 24  13.8 1019 357  0.8 6  7.3  72    0    0 308 -371  2
3797500 2746500  9 24  1  13.4 1019 350  0.3 8  7.4  76    0    0 317 -368  2
3797500 2746500  9 24  2  13.7 1019 356  0.3 7  7.6  79    0    0 323 -366  2
3797500 2746500  9 24  3  13.3 1019 346  0.4 7  7.7  80    0    0 320 -366  2
3797500 2746500  9 24  4  13.9 1019 354  0.4 8  7.8  80    0    0 326 -369  2
3797500 2746500  9 24  5  13.9 1019 354  0.0 8  7.8  79    0    0 334 -371  2
3797500 2746500  9 24  6  13.4 1019 351  0.5 8  7.8  81    0    0 338 -372  2
3797500 2746500  9 24  7  13.5 1019 359  0.6 8  7.9  83    0    2 341 -373  2
3797500 2746500  9 24  8  13.5 1020 353  0.6 8  8.0  83    0   36 345 -375  2
3797500 2746500  9 24  9  14.0 1020  62  0.9 8  8.2  84    0   69 350 -378  2
3797500 2746500  9 24 10  14.4 1020  40  1.4 7  8.3  82    0  124 350 -386  2
3797500 2746500  9 24 11  14.9 1020  64  2.2 8  8.2  79    0   97 353 -397  2
3797500 2746500  9 24 12  15.0 1021  89  1.9 8  8.1  77    0   98 360 -408  2
3797500 2746500  9 24 13  15.2 1021  71  1.9 8  8.0  75    0   88 356 -419  2
3797500 2746500  9 24 14  15.6 1021  89  2.6 8  7.7  71    0   93 349 -427  2
3797500 2746500  9 24 15  15.6 1020  62  2.1 8  7.5  69    0  100 340 -430  2
3797500 2746500  9 24 16  15.7 1020  50  2.6 7  7.6  69    0  109 327 -428  2
3797500 2746500  9 24 17  15.4 1020  85  2.5 8  7.4  67    2   90 320 -423  2
3797500 2746500  9 24 18  15.2 1020  65  2.3 7  7.2  67    4   39 319 -414  2
3797500 2746500  9 24 19  14.5 1020  63  1.8 6  7.1  68    0    2 314 -403  2
3797500 2746500  9 24 20  13.2 1020  52  2.2 5  6.9  70    0    0 308 -394  2
3797500 2746500  9 24 21  12.7 1020  67  2.4 3  6.9  75    0    0 299 -387  2
3797500 2746500  9 24 22  11.7 1020  83  2.2 1  7.0  79    0    0 287 -382  2
3797500 2746500  9 24 23  11.8 1020  93  2.4 1  6.9  81    0    0 280 -377  2
3797500 2746500  9 24 24  11.5 1020  98  1.6 0  6.9  81    0    0 276 -373  2
3797500 2746500  9 25  1   9.0 1020  44  0.9 0  6.7  86    0    0 270 -370  2
3797500 2746500  9 25  2   9.1 1020  73  2.3 0  6.4  90    0    0 266 -366  2
3797500 2746500  9 25  3   8.0 1020  80  2.0 0  6.1  88    0    0 262 -363  2
3797500 2746500  9 25  4   7.8 1020  89  1.1 0  5.8  89    0    0 258 -360  2
3797500 2746500  9 25  5   7.4 1020  91  2.9 0  5.8  90    0    0 256 -357  2
3797500 2746500  9 25  6   6.5 1021  89  1.5 1  5.7  93    0    0 255 -356  2
3797500 2746500  9 25  7   7.1 1021  95  2.8 2  5.8  95    0   10 258 -355  2
3797500 2746500  9 25  8   9.1 1021  89  0.5 0  6.2  92   54   63 259 -356  2
3797500 2746500  9 25  9  12.4 1021  65  1.5 0  7.1  88  174   92 263 -363  2
3797500 2746500  9 25 10  15.8 1021  86  3.9 1  7.3  73  297  103 275 -377  2
3797500 2746500  9 25 11  17.6 1021 112  3.1 2  7.0  60  390  113 286 -394  2
3797500 2746500  9 25 12  19.0 1021 100  2.8 1  7.1  55  460  108 293 -411  2
3797500 2746500  9 25 13  20.1 1021  76  3.3 1  6.8  48  478  106 297 -425  2
3797500 2746500  9 25 14  20.9 1021  83  2.6 1  6.5  43  464   96 301 -434  2
3797500 2746500  9 25 15  21.6 1020  85  2.9 0  6.4  41  413   81 303 -438  2
3797500 2746500  9 25 16  22.1 1020  69  3.2 1  6.5  40  312   73 305 -438  2
3797500 2746500  9 25 17  22.2 1019  65  3.1 1  6.6  40  182   63 306 -433  2
3797500 2746500  9 25 18  21.0 1019  52  2.3 2  6.8  43   53   40 307 -423  2
3797500 2746500  9 25 19  18.6 1020  53  2.9 2  7.1  49    1    6 303 -410  2
3797500 2746500  9 25 20  16.2 1020  63  2.2 1  7.1  57    0    0 293 -400  2
3797500 2746500  9 25 21  14.3 1020  62  2.2 1  6.8  63    0    0 284 -393  2
3797500 2746500  9 25 22  13.8 1021  70  2.6 0  6.7  67    0    0 278 -387  2
3797500 2746500  9 25 23  13.4 1021  57  3.1 0  6.8  70    0    0 274 -382  2
3797500 2746500  9 25 24  12.1 1021  88  2.8 1  6.8  74    0    0 272 -377  2
3797500 2746500  9 26  1  14.8 1021  93  0.9 0  6.8  71    0    0 275 -374  2
3797500 2746500  9 26  2  14.5 1021 117  3.1 0  6.8  66    0    0 277 -371  2
3797500 2746500  9 26  3  13.3 1021 110  2.6 0  6.8  69    0    0 274 -369  2
3797500 2746500  9 26  4  13.7 1020 104  1.9 0  6.7  70    0    0 272 -365  2
3797500 2746500  9 26  5  12.9 1020 247  1.2 0  6.6  70    0    0 270 -363  2
3797500 2746500  9 26  6  11.4 1020  32  1.0 0  6.6  75    0    0 264 -361  2
3797500 2746500  9 26  7  11.7 1020  46  0.7 1  6.6  78    1   10 264 -360  2
3797500 2746500  9 26  8  13.8 1020  43  1.1 0  6.9  76   52   65 266 -361  2
3797500 2746500  9 26  9  16.4 1020  27  1.3 0  7.4  70  163  101 269 -369  2
3797500 2746500  9 26 10  17.0 1020  55  1.1 0  7.6  64  287  114 274 -385  2
3797500 2746500  9 26 11  19.3 1020   4  2.0 0  7.3  57  395  117 280 -407  2
3797500 2746500  9 26 12  20.7 1020  47  2.3 0  7.4  51  459  118 287 -428  2
3797500 2746500  9 26 13  21.7 1019  42  3.1 1  7.4  48  471  121 294 -444  2
3797500 2746500  9 26 14  22.0 1018  76  2.5 1  7.1  44  456  111 299 -455  2
3797500 2746500  9 26 15  22.8 1018  40  2.3 0  6.9  41  401   96 299 -461  2
3797500 2746500  9 26 16  22.8 1017  18  2.9 0  7.0  41  299   85 300 -460  2
3797500 2746500  9 26 17  22.3 1016  33  3.0 1  7.2  42  165   71 302 -452  2
3797500 2746500  9 26 18  21.1 1016  22  2.8 1  7.2  44   47   40 301 -437  2
3797500 2746500  9 26 19  18.5 1016  31  2.3 1  7.4  51    0    6 296 -418  2
3797500 2746500  9 26 20  16.2 1015  31  1.1 1  7.4  60    0    0 289 -404  2
3797500 2746500  9 26 21  15.8 1015  39  2.7 1  7.4  66    0    0 285 -399  2
3797500 2746500  9 26 22  14.8 1015  49  2.9 0  7.6  70    0    0 281 -396  2
3797500 2746500  9 26 23  14.0 1015  43  3.0 0  7.7  75    0    0 276 -392  2
3797500 2746500  9 26 24  14.3 1015  31  2.8 0  7.9  78    0    0 276 -389  2
3797500 2746500  9 27  1  13.2 1015  31  2.9 2  8.0  82    0    0 277 -387  2
3797500 2746500  9 27  2  12.2 1015  46  2.1 3  7.9  87    0    0 278 -384  2
3797500 2746500  9 27  3  12.7 1015  58  2.2 3  7.8  86    0    0 279 -382  2
3797500 2746500  9 27  4  12.7 1014  57  2.5 2  7.7  84    0    0 279 -380  2
3797500 2746500  9 27  5  11.6 1014  56  2.3 4  7.5  85    0    0 278 -379  2
3797500 2746500  9 27  6  11.8 1013  43  2.9 4  7.5  87    0    0 280 -377  2
3797500 2746500  9 27  7  11.9 1013  25  2.5 5  7.5  87    0    4 281 -376  2
3797500 2746500  9 27  8  11.7 1013  36  2.5 7  7.5  87    0   55 284 -376  2
3797500 2746500  9 27  9  11.6 1013  34  3.3 7  7.6  88    1  106 285 -382  2
3797500 2746500  9 27 10  11.7 1013  47  3.7 8  7.7  90    0  137 286 -396  2
3797500 2746500  9 27 11  11.5 1013  65  3.9 6  7.7  91    0  146 286 -412  2
3797500 2746500  9 27 12  12.0 1013  73  2.3 8  7.9  91    0  179 289 -428  2
3797500 2746500  9 27 13  13.1 1012  56  3.4 7  8.0  88   10  237 296 -441  2
3797500 2746500  9 27 14  14.4 1012  78  3.0 4  8.0  81  109  299 296 -451  2
3797500 2746500  9 27 15  15.4 1011  47  3.1 1  8.0  76  248  226 290 -456  2
3797500 2746500  9 27 16  16.1 1010  21  3.1 1  8.0  71  184  180 288 -457  2
3797500 2746500  9 27 17  15.6 1010  38  2.9 4  7.8  69   78  119 294 -451  2
3797500 2746500  9 27 18  15.1 1010  61  1.7 3  7.7  70    9   42 297 -439  2
3797500 2746500  9 27 19  13.8 1010  56  1.6 3  7.5  73    0    2 293 -427  2
3797500 2746500  9 27 20  12.6 1010  34  0.7 3  7.4  78    0    0 290 -420  2
3797500 2746500  9 27 21  12.0 1010  34  2.2 2  7.4  82    0    0 286 -415  2
3797500 2746500  9 27 22  11.1 1010  50  2.3 0  7.2  84    0    0 279 -410  2
3797500 2746500  9 27 23  10.6 1010  44  1.7 0  7.0  86    0    0 275 -406  2
3797500 2746500  9 27 24   9.9 1010  57  2.1 1  6.8  88    0    0 275 -403  2
3797500 2746500  9 28  1   9.3 1010  65  1.2 2  6.6  88    0    0 276 -400  2
3797500 2746500  9 28  2   8.7 1010  74  1.4 3  6.3  88    0    0 277 -398  2
3797500 2746500  9 28  3   8.5 1010  60  0.7 1  6.2  89    0    0 276 -395  2
3797500 2746500  9 28  4   6.9 1009  54  1.0 1  5.9  90    0    0 270 -393  2
3797500 2746500  9 28  5   8.1 1009  20  0.7 4  5.8  89    0    0 274 -392  2
3797500 2746500  9 28  6   9.5 1010  51  0.4 6  6.1  87    0    0 289 -390  2
3797500 2746500  9 28  7   8.2 1010 211  0.6 5  6.1  86    0    4 292 -389  2
3797500 2746500  9 28  8   8.3 1010 182  0.4 6  5.9  87    1   59 291 -389  2
3797500 2746500  9 28  9   9.1 1010  85  0.1 6  6.2  89    4  117 296 -394  2
3797500 2746500  9 28 10  10.9 1010 241  1.5 5  7.0  91   78  207 301 -405  2
3797500 2746500  9 28 11  12.1 1010 270  1.4 4  7.7  90  235  215 306 -419  2
3797500 2746500  9 28 12  13.8 1010 277  1.2 4  7.7  82  304  218 313 -431  2
3797500 2746500  9 28 13  16.2 1010 194  0.7 3  7.7  72  384  180 321 -439  2
3797500 2746500  9 28 14  19.1 1010 358  1.2 3  7.9  63  382  161 331 -441  2
3797500 2746500  9 28 15  19.2 1009 358  1.7 1  8.1  58  337  137 333 -439  2
3797500 2746500  9 28 16  19.7 1009 329  1.0 2  8.1  57  170  145 331 -439  2
3797500 2746500  9 28 17  18.8 1009 316  1.7 2  8.0  57  124   87 334 -437  2
3797500 2746500  9 28 18  17.5 1009 344  1.1 2  8.1  62   32   40 330 -429  2
3797500 2746500  9 28 19  15.3 1009 337  1.1 2  8.0  68    0    4 324 -418  2
3797500 2746500  9 28 20  14.3 1010 234  1.1 2  7.7  73    0    0 316 -408  2
3797500 2746500  9 28 21  13.4 1010 187  1.0 2  7.7  78    0    0 307 -403  2
3797500 2746500  9 28 22  12.8 1010 184  0.8 2  7.7  81    0    0 304 -401  2
3797500 2746500  9 28 23  12.9 1010 206  0.9 2  7.8  82    0    0 308 -398  2
3797500 2746500  9 28 24  13.4 1011 216  1.3 4  8.0  82    0    0 296 -394  2
3797500 2746500  9 29  1  14.0 1014 226  1.7 5  8.2  81    0    0 357 -385  2
3797500 2746500  9 29  2  14.5 1014 256  2.2 6  8.4  80    0    0 356 -383  2
3797500 2746500  9 29  3  15.0 1014 237  2.5 8  8.5  80    0    0 359 -379  2
3797500 2746500  9 29  4  14.8 1014 239  2.4 8  8.6  81    0    0 365 -375  2
3797500 2746500  9 29  5  14.6 1013 238  2.1 8  8.7  83    0    0 368 -373  2
3797500 2746500  9 29  6  14.3 1013 249  1.8 8  9.0  87    0    0 370 -372  2
3797500 2746500  9 29  7  14.2 1013 232  1.7 8  9.0  89    0    6 371 -372  2
3797500 2746500  9 29  8  14.5 1013 223  2.1 7  9.1  89    0   47 369 -374  2
3797500 2746500  9 29  9  15.0 1013 232  2.6 7  9.3  89    5  136 365 -380  2
3797500 2746500  9 29 10  15.8 1013 249  3.1 6  9.5  87    8  184 363 -389  2
3797500 2746500  9 29 11  15.9 1013 249  3.4 8  9.6  85    0   76 369 -400  2
3797500 2746500  9 29 12  16.4 1013 250  3.2 8  9.4  82    0   59 381 -411  2
3797500 2746500  9 29 13  16.8 1013 261  2.7 7  9.3  79    0   85 377 -419  2
3797500 2746500  9 29 14  16.9 1013 293  2.6 7  9.2  76    0   93 373 -420  2
3797500 2746500  9 29 15  17.0 1012 256  3.1 7  9.0  74    0   90 373 -417  2
3797500 2746500  9 29 16  17.1 1012 239  3.4 7  8.8  72    0   86 371 -413  2
3797500 2746500  9 29 17  16.6 1012 267  2.7 7  8.6  71    0   68 370 -410  2
3797500 2746500  9 29 18  15.9 1012 255  2.7 8  8.6  74    0   27 374 -408  2
3797500 2746500  9 29 19  15.6 1012 248  2.6 8  8.8  78    0    0 377 -405  2
3797500 2746500  9 29 20  15.3 1012 256  2.6 8  9.1  82    0    0 377 -402  2
3797500 2746500  9 29 21  15.3 1013 261  2.4 7  9.2  84    0    0 372 -400  2
3797500 2746500  9 29 22  15.0 1013 269  1.6 7  9.1  85    0    0 365 -399  2
3797500 2746500  9 29 23  15.1 1013 254  1.9 7  9.1  85    0    0 366 -398  2
3797500 2746500  9 29 24  14.7 1013 257  1.7 7  9.2  87    0    0 366 -397  2
3797500 2746500  9 30  1  14.3 1012 254  1.7 8  9.1  88    0    0 369 -396  2
3797500 2746500  9 30  2  14.7 1012 261  2.1 8  8.9  86    0    0 374 -395  2
3797500 2746500  9 30  3  14.4 1012 251  1.7 8  8.9  86    0    0 374 -395  2
3797500 2746500  9 30  4  14.0 1012 256  1.8 8  8.8  87    0    0 372 -394  2
3797500 2746500  9 30  5  14.3 1012 268  1.9 8  8.8  87    0    0 370 -394  2
3797500 2746500  9 30  6  13.9 1012 242  2.0 8  8.7  87    0    0 370 -393  2
3797500 2746500  9 30  7  14.1 1012 257  1.8 8  8.7  87    0    1 369 -392  2
3797500 2746500  9 30  8  14.3 1012 259  1.8 8  8.7  86    0   39 369 -392  2
3797500 2746500  9 30  9  14.1 1012 249  1.8 8  8.8  86    0   81 369 -394  2
3797500 2746500  9 30 10  13.9 1012 263  1.0 8  8.8  88    0   94 368 -396  2
3797500 2746500  9 30 11  15.1 1012 247  2.1 7  8.8  85    0  108 364 -399  2
3797500 2746500  9 30 12  15.0 1012 232  2.2 8  8.9  83    0  112 364 -402  2
3797500 2746500  9 30 13  16.2 1011 226  2.2 7  9.1  82    0  163 365 -404  2
3797500 2746500  9 30 14  16.6 1011 226  2.6 8  9.2  79    0   99 367 -410  2
3797500 2746500  9 30 15  17.4 1010 244  2.6 7  9.1  75    0  101 368 -420  2
3797500 2746500  9 30 16  17.4 1009 261  2.5 8  8.8  71    0   53 368 -421  2
3797500 2746500  9 30 17  16.5 1009 263  1.8 7  8.6  71    0   64 364 -415  2
3797500 2746500  9 30 18  16.3 1009 252  1.4 8  8.4  72    3   37 359 -411  2
3797500 2746500  9 30 19  15.8 1008 251  1.2 7  8.4  73    0    0 357 -405  2
3797500 2746500  9 30 20  15.1 1008 251  1.8 6  8.4  76    0    0 345 -402  2
3797500 2746500  9 30 21  14.7 1008 248  1.3 6  8.4  79    0    0 339 -401  2
3797500 2746500  9 30 22  14.9 1008 276  1.6 6  8.6  82    0    0 340 -399  2
3797500 2746500  9 30 23  14.5 1008 250  1.6 7  8.8  84    0    0 344 -397  2
3797500 2746500  9 30 24  14.0 1008 238  1.5 7  8.7  86    0    0 347 -396  2
3797500 2746500 10  1  1  14.2 1007 230  2.2 8  9.1  90    0    0 354 -393  2
3797500 2746500 10  1  2  14.0 1007 239  2.0 7  9.1  90    0    0 352 -393  2
3797500 2746500 10  1  3  14.1 1007 230  2.2 7  9.0  90    0    0 348 -391  2
3797500 2746500 10  1  4  14.4 1006 231  1.7 8  9.1  89    0    0 353 -389  2
3797500 2746500 10  1  5  14.5 1006 231  1.8 8  9.1  88    0    0 358 -386  2
3797500 2746500 10  1  6  14.4 1005 232  2.0 8  9.2  88    0    0 358 -382  2
3797500 2746500 10  1  7  14.4 1005 232  2.7 8  9.2  89    0    7 359 -380  2
3797500 2746500 10  1  8  14.2 1005 240  2.2 7  9.3  90    0   37 353 -378  2
3797500 2746500 10  1  9  14.4 1005 251  2.7 7  9.3  91    5   85 346 -380  2
3797500 2746500 10  1 10  14.9 1006 260  3.1 7  9.3  89   21  126 345 -385  2
3797500 2746500 10  1 11  11.9 1006 346  2.3 8  8.4  86    0   54 341 -394  2
3797500 2746500 10  1 12  12.7 1007 283  1.3 8  7.9  88    0   97 340 -403  2
3797500 2746500 10  1 13  14.0 1007 284  2.5 6  8.3  86   24  163 335 -410  2
3797500 2746500 10  1 14  13.0 1007 288  2.4 8  8.2  84    0   59 332 -415  2
3797500 2746500 10  1 15  12.6 1007 326  1.4 8  7.7  83    0   71 330 -416  2
3797500 2746500 10  1 16  11.8 1008 319  2.9 8  7.3  82    0   59 324 -415  2
3797500 2746500 10  1 17  12.5 1008 274  0.7 6  7.2  81   83   29 314 -409  2
3797500 2746500 10  1 18  12.3 1008 256  1.2 7  7.4  82   30   10 310 -398  2
3797500 2746500 10  1 19  11.7 1009 331  0.7 5  6.8  78    0    0 304 -386  2
3797500 2746500 10  1 20  11.1 1010 303  0.5 4  6.1  72    0    0 290 -377  2
3797500 2746500 10  1 21  10.5 1010 324  1.0 2  5.7  70    0    0 276 -371  2
3797500 2746500 10  1 22   9.6 1011 248  0.8 1  5.6  73    0    0 262 -366  2
3797500 2746500 10  1 23  10.0 1011 240  1.3 2  5.8  76    0    0 260 -362  2
3797500 2746500 10  1 24   9.2 1011 240  1.3 2  5.8  78    0    0 264 -358  2
3797500 2746500 10  2  1   8.9 1011 247  1.2 2  5.7  80    0    0 261 -355  2
3797500 2746500 10  2  2   8.4 1011 240  1.5 1  5.7  81    0    0 256 -354  2
3797500 2746500 10  2  3   9.3 1011 264  1.3 3  5.8  81    0    0 261 -354  2
3797500 2746500 10  2  4   9.4 1010 243  1.5 6  5.8  80    0    0 284 -354  2
3797500 2746500 10  2  5   9.1 1010 245  1.6 6  5.9  80    0    0 298 -354  2
3797500 2746500 10  2  6   8.8 1010 235  1.4 7  5.9  82    0    0 301 -355  2
3797500 2746500 10  2  7   8.7 1010 223  1.5 6  5.8  82    0    9 301 -355  2
3797500 2746500 10  2  8   9.1 1010 223  2.0 6  5.8  81    0   38 296 -356  2
3797500 2746500 10  2  9   9.5 1010 203  1.6 7  5.9  80    5  113 301 -361  2
3797500 2746500 10  2 10  10.2 1010 221  2.4 7  6.1  80    2  132 309 -369  2
3797500 2746500 10  2 11  10.2 1010 235  2.8 8  6.2  80    0   89 316 -379  2
3797500 2746500 10  2 12   9.3 1010 235  2.7 8  6.5  86    0   78 321 -385  2
3797500 2746500 10  2 13  10.9 1010 236  2.9 6  7.0  90   15  218 317 -389  2
3797500 2746500 10  2 14  11.8 1010 232  3.1 6  7.2  85   27  229 315 -393  2
3797500 2746500 10  2 15  11.5 1009 246  3.4 8  7.0  82    0  100 325 -394  2
3797500 2746500 10  2 16  12.3 1009 236  2.9 6  6.9  79    9  126 326 -395  2
3797500 2746500 10  2 17  11.3 1009 325  2.0 8  7.0  81    2   63 328 -393  2
3797500 2746500 10  2 18  11.5 1010 258  1.5 7  7.1  84    3   20 332 -388  2
3797500 2746500 10  2 19  11.5 1010 313  1.7 8  7.0  82    0    0 332 -382  2
3797500 2746500 10  2 20  11.6 1010 268  1.0 7  6.8  80    0    0 332 -379  2
3797500 2746500 10  2 21  11.4 1011 217  0.9 7  6.8  81    0    0 327 -376  2
3797500 2746500 10  2 22  10.9 1011 209  1.7 7  6.9  83    0    0 325 -373  2
3797500 2746500 10  2 23  10.6 1011 216  2.3 6  6.8  85    0    0 321 -369  2
3797500 2746500 10  2 24  10.1 1010 214  2.4 4  6.6  84    0    0 309 -365  2
3797500 2746500 10  3  1   9.8 1010 209  2.6 1  6.3  82    0    0 290 -363  2
3797500 2746500 10  3  2   9.8 1009 210  2.6 2  6.0  79    0    0 283 -363  2
3797500 2746500 10  3  3  10.0 1009 220  3.4 4  5.9  78    0    0 295 -363  2
3797500 2746500 10  3  4  10.0 1009 213  2.7 6  5.9  76    0    0 311 -365  2
3797500 2746500 10  3  5   9.5 1008 213  2.6 7  5.8  77    0    0 323 -366  2
3797500 2746500 10  3  6   9.5 1007 211  3.1 6  5.8  78    0    0 324 -366  2
3797500 2746500 10  3  7  10.0 1007 212  3.4 7  5.9  78    0    3 326 -366  2
3797500 2746500 10  3  8  10.3 1006 213  3.7 7  6.1  79    0   22 329 -368  2
3797500 2746500 10  3  9  10.9 1006 211  3.5 8  6.3  78    0   41 332 -372  2
3797500 2746500 10  3 10  11.8 1006 211  3.6 8  6.6  78    0   55 335 -379  2
3797500 2746500 10  3 11  12.5 1005 219  4.2 8  7.0  78    0   99 334 -388  2
3797500 2746500 10  3 12  13.1 1004 219  5.0 7  7.3  78    0  116 330 -398  2
3797500 2746500 10  3 13  13.2 1004 218  5.8 8  7.5  78    0   54 330 -408  2
3797500 2746500 10  3 14  14.2 1003 219  6.4 8  7.4  75    0   61 332 -416  2
3797500 2746500 10  3 15  14.2 1003 219  6.6 8  7.3  71    0   49 333 -420  2
3797500 2746500 10  3 16  13.8 1002 217  6.7 8  7.1  71    0   46 332 -419  2
3797500 2746500 10  3 17  13.6 1001 221  6.1 8  7.0  71    0   36 331 -416  2
3797500 2746500 10  3 18  13.8 1001 219  6.2 7  6.9  69    0    6 329 -410  2
3797500 2746500 10  3 19  14.0 1001 220  5.5 7  6.8  68    0    0 326 -404  2
3797500 2746500 10  3 20  14.2 1001 230  4.7 7  6.8  67    0    0 326 -398  2
3797500 2746500 10  3 21  14.3 1001 229  6.0 6  6.8  67    0    0 327 -395  2
3797500 2746500 10  3 22  13.9 1000 229  4.9 6  6.9  68    0    0 328 -393  2
3797500 2746500 10  3 23  14.0 1000 229  5.2 6  7.1  71    0    0 331 -392  2
3797500 2746500 10  3 24  13.8 1000 230  4.9 7  7.3  72    0    0 336 -391  2
3797500 2746500 10  4  1  13.7 1000 230  4.5 6  7.3  74    0    0 336 -390  2
3797500 2746500 10  4  2  13.8 1000 239  4.6 7  7.4  75    0    0 337 -390  2
3797500 2746500 10  4  3  13.8 1000 239  4.5 7  7.5  75    0    0 341 -389  2
3797500 2746500 10  4  4  13.8 1000 261  3.7 7  7.5  76    0    0 341 -388  2
3797500 2746500 10  4  5  12.4 1000 236  4.5 7  7.8  82    0    0 340 -386  2
3797500 2746500 10  4  6  12.3 1000 244  3.9 7  8.0  88    0    0 339 -382  2
3797500 2746500 10  4  7  12.2 1000 251  3.2 7  8.0  88    0    4 339 -377  2
3797500 2746500 10  4  8  12.1 1001 240  3.0 5  7.8  87   17   50 330 -375  2
3797500 2746500 10  4  9  12.5 1002 241  3.7 5  7.7  85   38  117 322 -377  2
3797500 2746500 10  4 10  13.2 1003 245  4.1 5  7.5  80   52  167 323 -382  2
3797500 2746500 10  4 11  13.8 1003 246  3.5 5  7.0  72   14  181 323 -389  2
3797500 2746500 10  4 12  14.4 1004 242  3.9 5  6.4  63   37  213 324 -397  2
3797500 2746500 10  4 13  14.8 1004 263  5.1 3  5.8  56  126  231 316 -403  2
3797500 2746500 10  4 14  15.0 1004 262  3.0 3  5.3  50  234  181 307 -408  2
3797500 2746500 10  4 15  15.6 1004 254  4.9 5  5.1  47  102  178 315 -408  2
3797500 2746500 10  4 16  15.2 1004 253  4.0 6  5.3  48   68  130 329 -404  2
3797500 2746500 10  4 17  14.2 1005 276  3.3 4  5.3  50   98   60 321 -399  2
3797500 2746500 10  4 18  13.1 1005 259  2.4 6  5.2  53   21   17 318 -392  2
3797500 2746500 10  4 19  12.6 1006 261  1.7 4  5.2  56    0    0 315 -384  2
3797500 2746500 10  4 20  11.2 1007 286  0.9 4  5.3  60    0    0 303 -378  2
3797500 2746500 10  4 21  10.8 1007 243  0.8 2  5.3  65    0    0 291 -376  2
3797500 2746500 10  4 22   9.9 1008  17  0.5 3  5.3  68    0    0 285 -375  2
3797500 2746500 10  4 23   8.9 1009 204  0.3 2  5.3  72    0    0 282 -374  2
3797500 2746500 10  4 24   8.4 1009 206  0.3 0  5.3  76    0    0 266 -372  2
3797500 2746500 10  5  1   7.7 1009 184  0.6 0  5.3  78    0    0 254 -371  2
3797500 2746500 10  5  2   8.2 1010 183  0.8 0  5.3  80    0    0 253 -370  2
3797500 2746500 10  5  3   8.0 1010 193  1.3 2  5.3  79    0    0 262 -369  2
3797500 2746500 10  5  4   8.1 1010 176  1.4 3  5.4  80    0    0 274 -368  2
3797500 2746500 10  5  5   8.7 1010 187  1.3 4  5.4  78    0    0 284 -368  2
3797500 2746500 10  5  6   8.1 1009 113  1.3 4  5.5  79    0    0 288 -367  2
3797500 2746500 10  5  7   9.2 1010 111  1.2 6  5.6  81    0    2 300 -367  2
3797500 2746500 10  5  8   9.8 1009 121  1.2 5  5.9  79   13   40 308 -367  2
3797500 2746500 10  5  9  11.2 1009 122  2.0 6  6.1  77    6   89 310 -367  2
3797500 2746500 10  5 10  12.2 1009 130  2.6 7  6.5  75    0   71 326 -370  2
3797500 2746500 10  5 11  13.4 1009 157  3.1 7  6.9  74    0  111 336 -373  2
3797500 2746500 10  5 12  14.5 1008 154  2.9 6  7.1  71   16  166 335 -373  2
3797500 2746500 10  5 13  14.3 1008  95  2.3 7  7.4  72    0  124 339 -372  2
3797500 2746500 10  5 14  13.5 1007 165  2.1 7  7.7  77    0   93 345 -375  2
3797500 2746500 10  5 15  13.1 1007 153  2.2 7  8.0  83    0   68 345 -381  2
3797500 2746500 10  5 16  13.1 1007 129  2.4 7  8.1  86    0   48 347 -385  2
3797500 2746500 10  5 17  13.4 1006 150  2.9 7  8.0  84    0   43 349 -386  2
3797500 2746500 10  5 18  13.6 1005 145  3.0 7  7.7  80    0    5 352 -386  2
3797500 2746500 10  5 19  13.5 1005 152  3.1 8  7.5  77    0    0 359 -386  2
3797500 2746500 10  5 20  12.9 1004 163  3.9 8  7.6  80    0    0 367 -385  2
3797500 2746500 10  5 21  13.1 1005 141  2.5 8  7.7  82    0    0 369 -385  2
3797500 2746500 10  5 22  13.0 1004 120  2.5 8  7.8  83    0    0 370 -385  2
3797500 2746500 10  5 23  13.2 1004 140  2.8 8  8.0  84    0    0 371 -385  2
3797500 2746500 10  5 24  13.3 1003 149  2.4 8  8.2  85    0    0 372 -386  2
3797500 2746500 10  6  1  13.3 1003 170  2.5 8  8.4  87    0    0 372 -387  2
3797500 2746500 10  6  2  13.6 1003 195  1.8 8  8.6  88    0    0 373 -387  2
3797500 2746500 10  6  3  13.8 1003 255  2.3 8  8.9  90    0    0 374 -387  2
3797500 2746500 10  6  4  13.3 1003 261  2.2 8  8.8  89    0    0 374 -388  2
3797500 2746500 10  6  5  13.1 1004 262  2.1 8  8.5  88    0    0 373 -388  2
3797500 2746500 10  6  6  12.8 1004 252  2.5 8  8.3  88    0    0 370 -389  2
3797500 2746500 10  6  7  12.7 1005 253  2.4 8  8.2  88    0    1 368 -390  2
3797500 2746500 10  6  8  12.7 1005 244  2.5 7  8.3  90    0   24 358 -391  2
3797500 2746500 10  6  9  13.0 1006 245  2.3 7  8.3  89    0   73 352 -394  2
3797500 2746500 10  6 10  12.4 1006 243  1.8 8  8.3  90    0   81 361 -400  2
3797500 2746500 10  6 11  12.5 1006 221  1.8 8  8.3  92    0   67 369 -407  2
3797500 2746500 10  6 12  13.4 1007 174  1.9 7  8.5  91    1  165 365 -413  2
3797500 2746500 10  6 13  14.5 1006 171  1.8 6  8.9  89    9  205 356 -420  2
3797500 2746500 10  6 14  15.5 1005 161  2.3 7  9.4  88    6  183 362 -428  2
3797500 2746500 10  6 15  16.2 1004 173  2.6 6  9.8  86   11  175 366 -431  2
3797500 2746500 10  6 16  15.6 1004 172  2.9 7 10.0  88    0   79 368 -425  2
3797500 2746500 10  6 17  15.6 1003 178  2.2 8 10.3  92    0   47 379 -419  2
3797500 2746500 10  6 18  16.1 1003 194  2.1 8 10.6  93    0   16 387 -415  2
3797500 2746500 10  6 19  16.6 1002 198  2.9 8 11.0  93    0    0 389 -413  2
3797500 2746500 10  6 20  17.0 1002 218  3.2 8 11.2  92    0    0 391 -413  2
3797500 2746500 10  6 21  17.3 1003 218  3.3 7 11.3  91    0    0 386 -413  2
3797500 2746500 10  6 22  17.7 1003 219  3.0 7 11.4  90    0    0 379 -413  2
3797500 2746500 10  6 23  17.8 1003 218  3.5 7 11.6  90    0    0 379 -413  2
3797500 2746500 10  6 24  18.3 1004 220  3.4 7 11.6  88    0    0 381 -412  2
3797500 2746500 10  7  1  18.6 1004 220  3.6 8 11.7  87    0    0 390 -412  2
3797500 2746500 10  7  2  18.6 1004 219  3.3 7 11.8  87    0    0 390 -412  2
3797500 2746500 10  7  3  18.6 1004 219  3.5 7 11.8  87    0    0 384 -411  2
3797500 2746500 10  7  4  19.0 1004 228  3.5 8 11.8  85    0    0 390 -411  2
3797500 2746500 10  7  5  18.7 1004 230  3.3 8 11.6  84    0    0 393 -411  2
3797500 2746500 10  7  6  18.8 1004 221  2.6 8 11.5  84    0    0 391 -411  2
3797500 2746500 10  7  7  18.7 1004 220  2.7 7 11.3  82    0    4 384 -410  2
3797500 2746500 10  7  8  18.8 1004 209  3.0 7 11.2  81    0   40 379 -410  2
3797500 2746500 10  7  9  19.1 1004 219  3.6 7 11.2  80    3  104 378 -411  2
3797500 2746500 10  7 10  19.6 1004 220  3.5 6 11.2  79   28  198 376 -415  2
3797500 2746500 10  7 11  20.3 1005 229  3.7 6 11.4  77   23  228 374 -422  2
3797500 2746500 10  7 12  21.0 1005 229  4.8 5 11.4  74   28  255 372 -432  2
3797500 2746500 10  7 13  21.0 1005 227  4.2 7 11.3  72    1  167 377 -439  2
3797500 2746500 10  7 14  20.6 1004 235  3.6 7 11.3  72    0  104 385 -442  2
3797500 2746500 10  7 15  20.8 1004 255  2.8 7 11.5  74    1  135 385 -443  2
3797500 2746500 10  7 16  20.5 1004 229  2.3 6 11.8  76    5  118 381 -440  2
3797500 2746500 10  7 17  19.9 1003 211  1.3 7 11.8  78    0   54 379 -435  2
3797500 2746500 10  7 18  18.6 1002 139  1.0 8 11.9  84    0   11 385 -429  2
3797500 2746500 10  7 19  18.8 1002  71  0.8 7 12.1  88    0    0 384 -425  2
3797500 2746500 10  7 20  18.1 1001 297  2.0 7 12.1  90    0    0 375 -419  2
3797500 2746500 10  7 21  16.9 1001 340  3.6 6 11.7  92    0    0 362 -413  2
3797500 2746500 10  7 22  15.6 1000  46  1.0 6 10.8  92    0    0 346 -409  2
3797500 2746500 10  7 23  15.8 1000 140  0.9 7 10.5  93    0    0 350 -407  2
3797500 2746500 10  7 24  15.8 1000 148  2.5 7 10.5  92    0    0 359 -404  2
3797500 2746500 10  8  1  15.6  999 180  0.5 8 10.5  93    0    0 370 -395  2
3797500 2746500 10  8  2  15.6  999 175  1.6 8 10.6  94    0    0 381 -384  2
3797500 2746500 10  8  3  15.7  998 193  1.8 8 10.6  94    0    0 380 -378  2
3797500 2746500 10  8  4  16.4  998 204  3.8 8 10.8  93    0    0 380 -373  2
3797500 2746500 10  8  5  13.5  998 329  4.8 8  9.7  89    0    0 375 -369  2
3797500 2746500 10  8  6  10.9 1000 338  3.9 8  7.9  88    0    0 364 -366  2
3797500 2746500 10  8  7  10.4 1002 350  2.9 8  7.2  89    0    1 357 -366  2
3797500 2746500 10  8  8   9.8 1004 347  1.9 7  7.0  90    0   32 347 -366  2
3797500 2746500 10  8  9  10.4 1006 142  1.6 8  7.1  92    5   90 348 -367  2
3797500 2746500 10  8 10  10.1 1007 329  2.3 8  7.2  91   14  138 357 -372  2
3797500 2746500 10  8 11  11.0 1008 355  1.7 6  7.0  87   87  185 344 -380  2
3797500 2746500 10  8 12  11.3 1009 327  1.6 6  6.9  83   67  203 333 -390  2
3797500 2746500 10  8 13  12.1 1009 264  1.0 7  6.8  79   11  171 341 -397  2
3797500 2746500 10  8 14  12.8 1009 331  0.7 6  6.8  75   56  179 341 -402  2
3797500 2746500 10  8 15  14.2 1010 293  0.8 5  6.8  70  116  147 331 -402  2
3797500 2746500 10  8 16  15.2 1010 354  2.1 3  6.5  62  183   67 315 -399  2
3797500 2746500 10  8 17  13.8 1011   1  1.8 4  6.3  62   97   51 309 -392  2
3797500 2746500 10  8 18  12.2 1011 352  1.2 1  6.4  68   15   11 292 -381  2
3797500 2746500 10  8 19  10.2 1012  36  0.1 2  6.4  77    0    0 275 -370  2
3797500 2746500 10  8 20  10.0 1012 350  0.5 2  6.4  83    0    0 277 -363  2
3797500 2746500 10  8 21  10.5 1013  24  0.7 1  6.2  80    0    0 271 -358  2
3797500 2746500 10  8 22  10.2 1014  31  0.8 1  6.3  80    0    0 266 -354  2
3797500 2746500 10  8 23   9.6 1014  17  0.9 0  6.2  82    0    0 260 -352  2
3797500 2746500 10  8 24   9.0 1015  30  0.0 0  5.9  80    0    0 253 -351  2
3797500 2746500 10  9  1   8.7 1015  46  0.8 0  5.8  82    0    0 253 -349  2
3797500 2746500 10  9  2   8.0 1015  49  0.9 0  5.7  84    0    0 251 -347  2
3797500 2746500 10  9  3   7.8 1016  81  1.0 0  5.6  85    0    0 250 -346  2
3797500 2746500 10  9  4   7.7 1016  69  1.1 0  5.5  84    0    0 249 -344  2
3797500 2746500 10  9  5   7.2 1016  80  0.9 0  5.5  86    0    0 247 -342  2
3797500 2746500 10  9  6   7.6 1016  79  1.2 0  5.5  86    0    0 246 -341  2
3797500 2746500 10  9  7   6.7 1016  89  1.3 1  5.4  86    0    7 248 -339  2
3797500 2746500 10  9  8   8.3 1016  92  1.0 0  5.4  83   32   46 247 -339  2
3797500 2746500 10  9  9   9.5 1017 106  1.7 1  5.6  80  130   90 249 -342  2
3797500 2746500 10  9 10  10.9 1017  78  2.6 1  5.8  75  243  116 256 -351  2
3797500 2746500 10  9 11  12.2 1017  92  3.7 1  5.5  65  338  129 259 -364  2
3797500 2746500 10  9 12  13.4 1016  94  4.0 1  5.3  58  407  128 264 -378  2
3797500 2746500 10  9 13  13.9 1016  76  3.3 2  5.2  54  424  124 271 -390  2
3797500 2746500 10  9 14  14.6 1015 114  3.2 2  5.4  54  377  128 280 -399  2
3797500 2746500 10  9 15  14.9 1014 102  3.6 2  5.5  53  318  108 282 -406  2
3797500 2746500 10  9 16  14.8 1013  92  3.1 1  5.5  52  216   92 278 -406  2
3797500 2746500 10  9 17  14.3 1012  92  2.6 2  5.5  53   97   67 277 -402  2
3797500 2746500 10  9 18  13.3 1012  79  2.2 3  5.6  57   11   15 284 -396  2
3797500 2746500 10  9 19  12.8 1012  90  2.3 4  5.7  61    0    0 291 -389  2
3797500 2746500 10  9 20  12.7 1011  86  2.1 5  5.7  62    0    0 296 -384  2
3797500 2746500 10  9 21  12.5 1011  91  2.2 5  5.8  64    0    0 306 -379  2
3797500 2746500 10  9 22  12.4 1010  98  2.2 6  5.9  65    0    0 318 -377  2
3797500 2746500 10  9 23  12.8 1010 126  2.3 7  6.5  70    0    0 326 -376  2
3797500 2746500 10  9 24  13.5 1009 159  2.6 8  7.5  76    0    0 338 -376  2
3797500 2746500 10 10  1  14.5 1008 200  2.8 8  8.8  83    0    0 387 -386  2
3797500 2746500 10 10  2  15.4 1008 231  3.1 8  9.8  89    0    0 389 -387  2
3797500 2746500 10 10  3  16.2 1008 252  3.3 8 10.7  93    0    0 391 -388  2
3797500 2746500 10 10  4  16.4 1008 252  3.5 8 10.9  93    0    0 390 -387  2
3797500 2746500 10 10  5  16.2 1008 249  3.7 8 10.8  93    0    0 390 -387  2
3797500 2746500 10 10  6  16.4 1007 249  4.2 8 11.0  94    0    0 389 -386  2
3797500 2746500 10 10  7  16.4 1007 239  4.8 8 11.0  93    0    0 389 -386  2
3797500 2746500 10 10  8  16.4 1007 241  5.1 8 10.8  92    0   13 389 -385  2
3797500 2746500 10 10  9  16.4 1007 238  4.6 8 10.6  90    0   34 388 -385  2
3797500 2746500 10 10 10  16.6 1008 241  4.8 8 10.4  88    0   49 388 -385  2
3797500 2746500 10 10 11  16.9 1008 239  5.5 8 10.2  85    0  101 389 -386  2
3797500 2746500 10 10 12  17.4 1008 240  6.1 7 10.0  81    0  142 384 -386  2
3797500 2746500 10 10 13  17.9 1008 239  6.1 7  9.9  78    0  104 380 -387  2
3797500 2746500 10 10 14  18.3 1008 238  5.8 8  9.9  76    0   83 386 -390  2
3797500 2746500 10 10 15  18.7 1007 243  5.9 7 10.0  75    0   75 387 -392  2
3797500 2746500 10 10 16  18.6 1007 239  5.2 6 10.0  74    2   91 380 -393  2
3797500 2746500 10 10 17  18.2 1007 231  5.9 8 10.0  75    1   50 383 -393  2
3797500 2746500 10 10 18  17.9 1007 239  5.3 8 10.0  77    0    2 391 -391  2
3797500 2746500 10 10 19  17.6 1008 237  5.5 7 10.1  79    0    0 385 -391  2
3797500 2746500 10 10 20  17.2 1009 248  5.1 8  9.9  79    0    0 385 -390  2
3797500 2746500 10 10 21  16.9 1009 237  4.6 8  9.7  79    0    0 388 -389  2
3797500 2746500 10 10 22  16.5 1009 241  4.9 8  9.5  80    0    0 387 -388  2
3797500 2746500 10 10 23  16.0 1009 240  4.6 8  9.5  82    0    0 384 -388  2
3797500 2746500 10 10 24  15.7 1010 239  4.7 8  9.6  84    0    0 383 -387  2
3797500 2746500 10 11  1  15.6 1010 239  4.7 8  9.6  86    0    0 381 -387  2
3797500 2746500 10 11  2  15.2 1010 229  4.6 8  9.8  89    0    0 380 -386  2
3797500 2746500 10 11  3  14.9 1009 226  4.7 8 10.0  92    0    0 379 -386  2
3797500 2746500 10 11  4  14.8 1009 239  4.7 7  9.9  93    0    0 373 -385  2
3797500 2746500 10 11  5  14.8 1009 239  4.8 8  9.7  92    0    0 374 -384  2
3797500 2746500 10 11  6  15.1 1009 238  4.9 8  9.3  87    0    0 380 -384  2
3797500 2746500 10 11  7  14.5 1009 240  4.4 8  9.1  86    0    4 379 -383  2
3797500 2746500 10 11  8  13.7 1009 236  4.6 8  9.2  91    0   28 377 -383  2
3797500 2746500 10 11  9  13.8 1009 239  4.3 8  9.4  95    0   51 376 -383  2
3797500 2746500 10 11 10  14.4 1010 239  5.0 7  9.4  93    0   56 371 -384  2
3797500 2746500 10 11 11  14.9 1010 240  4.5 7  9.4  90    0   47 367 -385  2
3797500 2746500 10 11 12  14.6 1009 239  5.4 7  9.6  91    0   63 367 -386  2
3797500 2746500 10 11 13  14.8 1009 238  5.8 7  9.8  93    0   54 366 -387  2
3797500 2746500 10 11 14  14.9 1009 240  4.8 7  9.9  93    0   50 366 -388  2
3797500 2746500 10 11 15  15.0 1009 239  3.6 7 10.0  93    0   45 367 -388  2
3797500 2746500 10 11 16  14.9 1009 240  3.4 7 10.0  93    0   50 366 -389  2
3797500 2746500 10 11 17  14.8 1009 240  4.7 8 10.0  94    0   45 371 -389  2
3797500 2746500 10 11 18  14.8 1009 238  4.4 8 10.0  95    0   11 375 -390  2
3797500 2746500 10 11 19  14.8 1009 240  4.7 8 10.0  94    0    0 375 -390  2
3797500 2746500 10 11 20  14.8 1009 240  4.7 8  9.9  93    0    0 374 -390  2
3797500 2746500 10 11 21  14.7 1010 240  5.2 8  9.7  92    0    0 374 -391  2
3797500 2746500 10 11 22  14.5 1010 250  3.6 8  9.6  92    0    0 372 -391  2
3797500 2746500 10 11 23  13.3 1010 261  2.1 8  9.4  94    0    0 370 -390  2
3797500 2746500 10 11 24  12.1 1011 289  1.1 8  8.7  94    0    0 364 -390  2
3797500 2746500 10 12  1  12.1 1011 293  0.5 8  8.2  93    0    0 361 -388  2
3797500 2746500 10 12  2  12.3 1011 273  0.8 8  8.4  94    0    0 362 -385  2
3797500 2746500 10 12  3  12.5 1011 146  1.2 8  8.6  96    0    0 363 -382  2
3797500 2746500 10 12  4  12.7 1011 330  1.0 8  8.7  95    0    0 362 -378  2
3797500 2746500 10 12  5  12.8 1011  11  0.8 8  8.7  94    0    0 361 -373  2
3797500 2746500 10 12  6  12.0 1011   4  2.6 8  8.5  94    0    0 359 -370  2
3797500 2746500 10 12  7  10.9 1011  46  2.2 7  7.9  94    0    0 349 -369  2
3797500 2746500 10 12  8  10.7 1011  51  1.9 8  7.6  93    0   14 346 -368  2
3797500 2746500 10 12  9  10.2 1012  39  1.8 7  7.4  94    0   54 345 -368  2
3797500 2746500 10 12 10  10.2 1012  97  1.8 7  7.4  95    0   76 338 -368  2
3797500 2746500 10 12 11  10.7 1012  42  1.2 7  7.4  94    0   89 340 -368  2
3797500 2746500 10 12 12  11.1 1013 122  1.2 7  7.4  91    0   86 342 -368  2
3797500 2746500 10 12 13  11.3 1013  97  1.0 7  7.5  91    0   71 344 -369  2
3797500 2746500 10 12 14  11.2 1013 102  0.6 7  7.6  91    0   61 346 -369  2
3797500 2746500 10 12 15  11.3 1012 117  1.0 7  7.7  92    0   57 347 -369  2
3797500 2746500 10 12 16  11.3 1012  95  1.2 7  7.8  94    0   46 348 -369  2
3797500 2746500 10 12 17  11.0 1012  78  1.4 7  7.8  94    0   23 348 -370  2
3797500 2746500 10 12 18  10.7 1013  75  1.9 7  7.5  93    0    4 345 -369  2
3797500 2746500 10 12 19  10.2 1013  43  2.2 8  7.2  92    0    0 349 -368  2
3797500 2746500 10 12 20  10.1 1014  57  1.9 8  7.0  91    0    0 353 -368  2
3797500 2746500 10 12 21   9.8 1014  52  1.5 8  6.9  90    0    0 352 -368  2
3797500 2746500 10 12 22   9.8 1015  67  1.2 8  6.7  89    0    0 352 -367  2
3797500 2746500 10 12 23   9.4 1016  35  1.8 8  6.6  89    0    0 351 -366  2
3797500 2746500 10 12 24   9.4 1016  49  1.2 8  6.6  90    0    0 350 -364  2
3797500 2746500 10 13  1   9.3 1017  71  1.0 8  6.6  91    0    0 350 -362  2
3797500 2746500 10 13  2   9.3 1017  62  1.2 7  6.5  90    0    0 344 -359  2
3797500 2746500 10 13  3   9.1 1018  71  1.4 7  6.4  89    0    0 338 -356  2
3797500 2746500 10 13  4   8.9 1018  49  1.9 6  6.3  89    0    0 331 -354  2
3797500 2746500 10 13  5   8.2 1018  53  1.3 5  6.3  91    0    0 317 -351  2
3797500 2746500 10 13  6   7.8 1019  79  1.2 4  6.2  93    0    0 304 -348  2
3797500 2746500 10 13  7   7.4 1020  42  1.5 4  6.1  94    0    0 298 -345  2
3797500 2746500 10 13  8   8.1 1020  50  1.4 3  6.2  94   19   35 294 -343  2
3797500 2746500 10 13  9  10.3 1021  92  1.1 3  6.6  92   74   95 294 -345  2
3797500 2746500 10 13 10  10.3 1022  78  1.5 4  6.7  86   68  155 302 -352  2
3797500 2746500 10 13 11  11.4 1023  73  2.0 3  6.6  82  136  184 302 -362  2
3797500 2746500 10 13 12  12.3 1023  97  2.3 1  6.6  77  415   72 288 -371  2
3797500 2746500 10 13 13  13.3 1023 101  2.4 1  6.4  70  316  135 281 -376  2
3797500 2746500 10 13 14  12.6 1023  48  2.6 4  5.8  63  149  190 298 -378  2
3797500 2746500 10 13 15  13.4 1023  81  2.2 3  5.1  55  188  128 307 -377  2
3797500 2746500 10 13 16  12.4 1023  61  2.1 4  5.1  55  108   97 307 -374  2
3797500 2746500 10 13 17  13.2 1023  53  1.5 5  5.0  55   27   51 316 -368  2
3797500 2746500 10 13 18  11.8 1024  61  1.0 6  4.9  55    0    7 324 -360  2
3797500 2746500 10 13 19  10.8 1024  42  1.1 4  5.1  62    0    0 314 -353  2
3797500 2746500 10 13 20   9.3 1025  71  0.5 3  5.3  70    0    0 295 -348  2
3797500 2746500 10 13 21   8.3 1025  91  0.7 1  5.2  75    0    0 275 -344  2
3797500 2746500 10 13 22   8.6 1026  96  0.8 1  5.1  76    0    0 263 -342  2
3797500 2746500 10 13 23   9.2 1026  96  1.5 2  5.2  74    0    0 270 -339  2
3797500 2746500 10 13 24   8.7 1026 100  1.2 2  5.2  74    0    0 274 -337  2
3797500 2746500 10 14  1   7.7 1026 101  1.5 1  5.1  77    0    0 264 -335  2
3797500 2746500 10 14  2   8.0 1026  88  1.5 1  5.0  77    0    0 256 -334  2
3797500 2746500 10 14  3   8.0 1026  79  1.7 1  5.0  75    0    0 254 -332  2
3797500 2746500 10 14  4   6.8 1026  92  1.2 1  5.0  79    0    0 250 -330  2
3797500 2746500 10 14  5   6.7 1026  99  1.5 1  5.0  83    0    0 247 -329  2
3797500 2746500 10 14  6   6.1 1027  90  1.6 1  5.0  85    0    0 245 -327  2
3797500 2746500 10 14  7   6.7 1027 101  1.7 2  5.0  85    0    0 248 -326  2
3797500 2746500 10 14  8   7.6 1027  90  1.4 3  5.1  82   18   35 257 -325  2
3797500 2746500 10 14  9   8.8 1027  99  1.8 2  5.3  79  110   84 259 -327  2
3797500 2746500 10 14 10  10.6 1028 109  2.3 1  5.6  76  207  114 253 -335  2
3797500 2746500 10 14 11  12.7 1028  79  2.4 3  5.8  69  275  137 262 -346  2
3797500 2746500 10 14 12  13.2 1028 112  4.0 4  5.4  59  330  141 277 -356  2
3797500 2746500 10 14 13  13.3 1027  64  3.2 3  4.6  49  329  148 274 -362  2
3797500 2746500 10 14 14  13.8 1027  61  2.8 3  4.4  46  313  132 271 -365  2
3797500 2746500 10 14 15  13.5 1027  71  2.3 5  4.2  44  258  111 277 -364  2
3797500 2746500 10 14 16  13.3 1026  44  2.4 5  4.0  42  173   90 284 -362  2
3797500 2746500 10 14 17  12.5 1026  63  1.8 5  4.2  46   64   59 283 -357  2
3797500 2746500 10 14 18  11.2 1026  63  2.3 5  4.6  54    1   11 279 -349  2
3797500 2746500 10 14 19  10.1 1026  91  2.2 5  4.8  61    0    0 274 -342  2
3797500 2746500 10 14 20   9.3 1026  91  2.4 5  4.9  66    0    0 270 -337  2
3797500 2746500 10 14 21   8.6 1026  94  1.5 6  5.0  71    0    0 270 -334  2
3797500 2746500 10 14 22   7.6 1026 128  1.8 5  5.0  76    0    0 264 -331  2
3797500 2746500 10 14 23   7.1 1026 108  2.1 4  5.0  79    0    0 256 -329  2
3797500 2746500 10 14 24   6.8 1026 111  2.2 2  4.7  76    0    0 248 -326  2
3797500 2746500 10 15  1   6.0 1026 110  1.9 3  4.4  75    0    0 244 -324  2
3797500 2746500 10 15  2   6.0 1026  99  2.1 3  4.5  78    0    0 247 -322  2
3797500 2746500 10 15  3   5.9 1026 108  2.7 2  4.5  78    0    0 243 -320  2
3797500 2746500 10 15  4   6.0 1025 118  2.8 1  4.3  76    0    0 235 -319  2
3797500 2746500 10 15  5   6.3 1025 126  2.8 1  4.3  74    0    0 232 -318  2
3797500 2746500 10 15  6   6.5 1024 122  2.7 1  4.2  72    0    0 235 -317  2
3797500 2746500 10 15  7   6.1 1024 112  2.7 1  4.1  70    0    0 236 -316  2
3797500 2746500 10 15  8   6.5 1024 111  2.4 0  4.1  70   22   32 234 -316  2
3797500 2746500 10 15  9   7.8 1024 111  3.0 0  4.3  69  126   69 234 -319  2
3797500 2746500 10 15 10   9.4 1024 108  2.5 0  4.5  65  242   86 238 -328  2
3797500 2746500 10 15 11  11.1 1024 140  3.9 0  4.5  58  342   90 243 -339  2
3797500 2746500 10 15 12  11.9 1024 116  3.2 0  4.3  52  403   90 248 -350  2
3797500 2746500 10 15 13  12.9 1024 114  3.4 0  4.2  48  394  101 252 -359  2
3797500 2746500 10 15 14  13.5 1023  72  3.2 0  4.0  42  389   81 254 -364  2
3797500 2746500 10 15 15  14.2 1022 109  3.0 0  4.0  41  313   79 256 -366  2
3797500 2746500 10 15 16  14.1 1021  95  2.6 1  4.0  41  203   71 260 -365  2
3797500 2746500 10 15 17  12.6 1021 115  2.0 4  4.1  43   74   52 268 -360  2
3797500 2746500 10 15 18  10.6 1021  91  2.0 4  4.8  57    1   10 274 -352  2
3797500 2746500 10 15 19   9.5 1021 140  3.0 3  4.8  63    0    0 267 -344  2
3797500 2746500 10 15 20   9.2 1021  95  3.2 2  4.2  58    0    0 258 -339  2
3797500 2746500 10 15 21   9.2 1021 122  3.0 1  4.1  58    0    0 252 -335  2
3797500 2746500 10 15 22   8.6 1021 100  2.2 0  4.2  60    0    0 248 -332  2
3797500 2746500 10 15 23   8.5 1021 112  2.6 0  4.2  60    0    0 245 -329  2
3797500 2746500 10 15 24   8.8 1020 118  2.5 0  4.0  58    0    0 245 -328  2
3797500 2746500 10 16  1   9.1 1020 133  2.9 0  3.9  55    0    0 246 -327  2
3797500 2746500 10 16  2   9.5 1020 126  1.3 0  3.9  54    0    0 247 -327  2
3797500 2746500 10 16  3   8.1 1020 154  1.3 0  3.9  56    0    0 244 -326  2
3797500 2746500 10 16  4   6.9 1020 143  2.0 0  4.0  62    0    0 242 -326  2
3797500 2746500 10 16  5   5.8 1019 147  1.3 1  4.0  68    0    0 242 -324  2
3797500 2746500 10 16  6   4.8 1019 123  1.7 2  4.0  73    0    0 246 -323  2
3797500 2746500 10 16  7   5.3 1019 117  2.5 1  4.1  76    0    0 245 -321  2
3797500 2746500 10 16  8   6.1 1019 122  3.0 0  4.3  75   19   32 243 -318  2
3797500 2746500 10 16  9   8.1 1019 160  3.9 0  4.4  70  114   73 245 -320  2
3797500 2746500 10 16 10   9.8 1019 147  3.7 0  4.6  64  225   93 250 -331  2
3797500 2746500 10 16 11  10.8 1019 163  4.0 0  4.8  62  317  102 254 -345  2
3797500 2746500 10 16 12  11.8 1019 154  3.7 0  4.9  59  374  106 257 -358  2
3797500 2746500 10 16 13  13.0 1018 161  3.5 0  4.9  55  370  115 262 -370  2
3797500 2746500 10 16 14  13.9 1018 178  3.1 0  5.1  53  364   94 266 -378  2
3797500 2746500 10 16 15  14.2 1017 182  2.6 0  5.3  54  294   86 270 -381  2
3797500 2746500 10 16 16  13.8 1017 174  3.1 0  5.3  53  184   76 271 -379  2
3797500 2746500 10 16 17  13.4 1017 193  1.6 0  5.2  54   63   52 272 -371  2
3797500 2746500 10 16 18  11.8 1017 183  1.3 0  5.2  58    1    8 271 -362  2
3797500 2746500 10 16 19  10.7 1017 183  1.5 0  5.2  63    0    0 267 -355  2
3797500 2746500 10 16 20  10.5 1017 174  1.4 0  5.3  67    0    0 267 -352  2
3797500 2746500 10 16 21  10.7 1017 182  1.7 0  5.3  67    0    0 267 -351  2
3797500 2746500 10 16 22  10.8 1017 184  1.8 1  5.2  65    0    0 268 -350  2
3797500 2746500 10 16 23  10.3 1017 185  2.1 1  5.1  65    0    0 267 -348  2
3797500 2746500 10 16 24   9.8 1017 184  2.1 2  5.2  68    0    0 267 -347  2
3797500 2746500 10 17  1  10.2 1017 176  1.9 4  5.2  69    0    0 267 -345  2
3797500 2746500 10 17  2  10.0 1017 177  2.1 5  5.4  71    0    0 269 -345  2
3797500 2746500 10 17  3   9.7 1017 178  1.9 5  5.5  73    0    0 270 -345  2
3797500 2746500 10 17  4   9.2 1016 185  1.7 6  5.5  75    0    0 270 -344  2
3797500 2746500 10 17  5   9.1 1016 185  1.7 7  5.5  77    0    0 270 -342  2
3797500 2746500 10 17  6   9.0 1016 188  1.9 7  5.6  79    0    0 271 -341  2
3797500 2746500 10 17  7   9.0 1016 186  1.1 7  5.7  80    0    0 272 -341  2
3797500 2746500 10 17  8   9.2 1015 166  2.0 7  5.8  81    0   20 273 -341  2
3797500 2746500 10 17  9   9.6 1016 176  2.4 6  5.9  81   15   97 273 -343  2
3797500 2746500 10 17 10  11.2 1016 167  2.8 6  6.2  79   49  163 275 -351  2
3797500 2746500 10 17 11  12.4 1016 204  2.6 6  6.4  75   59  205 280 -362  2
3797500 2746500 10 17 12  12.8 1015 203  3.6 7  6.5  72   69  231 283 -377  2
3797500 2746500 10 17 13  13.9 1015 215  3.8 5  6.6  69  150  237 285 -389  2
3797500 2746500 10 17 14  14.4 1015 197  3.4 4  6.8  68  135  216 288 -396  2
3797500 2746500 10 17 15  14.6 1014 187  3.2 4  7.0  68  137  164 289 -399  2
3797500 2746500 10 17 16  14.6 1013 173  3.2 3  7.1  68  105  115 291 -397  2
3797500 2746500 10 17 17  13.6 1013 171  2.9 5  7.0  70   35   58 291 -391  2
3797500 2746500 10 17 18  13.0 1012 160  2.8 4  6.8  71    0    4 289 -382  2
3797500 2746500 10 17 19  12.4 1012 161  2.9 4  6.7  73    0    0 287 -374  2
3797500 2746500 10 17 20  12.2 1012 181  1.7 5  6.7  75    0    0 287 -369  2
3797500 2746500 10 17 21  13.4 1011 201  2.4 8  6.8  74    0    0 291 -366  2
3797500 2746500 10 17 22  13.1 1010 172  2.8 8  6.9  73    0    0 295 -365  2
3797500 2746500 10 17 23  12.6 1010 191  3.5 7  6.9  75    0    0 295 -363  2
3797500 2746500 10 17 24  11.9 1009 189  3.2 6  6.8  77    0    0 293 -360  2
3797500 2746500 10 18  1  12.0 1008 177  3.3 3  6.7  77    0    0 290 -357  2
3797500 2746500 10 18  2  11.2 1007 168  4.0 2  6.7  78    0    0 286 -353  2
3797500 2746500 10 18  3  10.9 1006 171  3.8 4  6.6  80    0    0 287 -351  2
3797500 2746500 10 18  4  10.9 1005 172  3.5 5  6.6  80    0    0 292 -350  2
3797500 2746500 10 18  5  11.6 1004 182  3.5 6  6.7  80    0    0 301 -350  2
3797500 2746500 10 18  6  12.0 1003 192  3.3 6  6.9  79    0    0 310 -350  2
3797500 2746500 10 18  7  12.3 1002 201  3.9 6  7.0  79    0    0 317 -351  2
3797500 2746500 10 18  8  13.4 1001 211  4.8 7  7.2  77    0   21 326 -352  2
3797500 2746500 10 18  9  13.6 1001 223  6.0 6  7.3  74    3   78 332 -356  2
3797500 2746500 10 18 10  12.0 1000 232  5.9 7  7.5  80    0   68 331 -364  2
3797500 2746500 10 18 11   8.2 1001 300  3.5 7  7.0  90    0   48 327 -371  2
3797500 2746500 10 18 12   8.1 1003 240  3.0 7  6.3  92    0   51 321 -374  2
3797500 2746500 10 18 13   7.7 1003 229  3.2 7  6.1  92    0   50 322 -373  2
3797500 2746500 10 18 14   7.9 1004 223  3.3 7  6.1  92    0   56 322 -375  2
3797500 2746500 10 18 15   8.2 1004 225  4.0 7  6.2  92    0   69 321 -376  2
3797500 2746500 10 18 16   8.6 1004 223  3.2 7  6.2  89    0   67 321 -372  2
3797500 2746500 10 18 17   8.5 1004 237  2.4 7  6.2  88    6   40 322 -368  2
3797500 2746500 10 18 18   8.2 1004 215  2.9 7  6.0  88    0    3 321 -366  2
3797500 2746500 10 18 19   8.2 1004 219  3.6 7  5.9  87    0    0 319 -364  2
3797500 2746500 10 18 20   8.0 1005 214  3.0 6  5.8  86    0    0 313 -362  2
3797500 2746500 10 18 21   8.4 1005 215  3.3 7  5.7  84    0    0 312 -359  2
3797500 2746500 10 18 22   8.5 1005 217  3.1 7  5.7  83    0    0 318 -356  2
3797500 2746500 10 18 23   8.6 1005 217  3.3 7  5.8  83    0    0 317 -354  2
3797500 2746500 10 18 24   8.7 1005 218  3.3 8  5.9  84    0    0 324 -352  2
3797500 2746500 10 19  1   8.9 1004 218  3.7 8  5.9  83    0    0 330 -350  2
3797500 2746500 10 19  2   8.9 1004 220  4.1 8  5.9  82    0    0 326 -348  2
3797500 2746500 10 19  3   8.7 1004 228  3.7 8  5.9  82    0    0 325 -345  2
3797500 2746500 10 19  4   8.7 1004 227  3.2 8  5.8  82    0    0 324 -342  2
3797500 2746500 10 19  5   8.4 1004 227  3.5 8  5.7  81    0    0 324 -339  2
3797500 2746500 10 19  6   8.3 1004 228  3.1 7  5.6  82    0    0 317 -337  2
3797500 2746500 10 19  7   8.2 1005 227  2.8 5  5.6  82    0    0 301 -335  2
3797500 2746500 10 19  8   7.8 1005 229  3.0 5  5.6  83   13   27 289 -335  2
3797500 2746500 10 19  9   8.2 1006 228  3.2 4  5.6  84   63   78 284 -337  2
3797500 2746500 10 19 10   9.2 1006 229  3.4 4  5.7  81  152  111 281 -343  2
3797500 2746500 10 19 11  10.5 1007 224  3.6 4  5.8  76  230  126 285 -352  2
3797500 2746500 10 19 12  11.1 1007 240  4.4 3  5.9  73  163  193 284 -361  2
3797500 2746500 10 19 13  12.3 1007 248  4.0 5  6.0  69   25  174 292 -369  2
3797500 2746500 10 19 14  11.4 1007 246  4.3 8  5.8  66    0  104 314 -373  2
3797500 2746500 10 19 15  12.1 1007 244  3.4 7  5.6  65    1   97 321 -374  2
3797500 2746500 10 19 16  11.2 1008 279  2.7 4  5.6  65   60   96 300 -372  2
3797500 2746500 10 19 17   8.1 1008 266  1.1 7  5.4  72    6   34 293 -367  2
3797500 2746500 10 19 18   7.4 1009 224  1.8 6  5.5  83    0    1 296 -359  2
3797500 2746500 10 19 19   7.8 1011 240  2.2 6  5.5  84    0    0 293 -351  2
3797500 2746500 10 19 20   7.6 1012 236  2.0 7  5.4  83    0    0 298 -344  2
3797500 2746500 10 19 21   7.1 1012 227  2.3 7  5.4  85    0    0 303 -340  2
3797500 2746500 10 19 22   7.0 1012 208  2.0 7  5.5  87    0    0 303 -335  2
3797500 2746500 10 19 23   6.9 1013 228  2.5 5  5.4  87    0    0 294 -332  2
3797500 2746500 10 19 24   6.4 1013 232  2.3 2  5.3  87    0    0 268 -329  2
3797500 2746500 10 20  1   6.1 1013 233  1.9 2  5.1  86    0    0 251 -327  2
3797500 2746500 10 20  2   5.7 1014 232  1.6 4  4.9  85    0    0 258 -325  2
3797500 2746500 10 20  3   6.1 1014 240  1.4 6  4.9  86    0    0 276 -324  2
3797500 2746500 10 20  4   5.4 1014 222  2.3 6  4.9  87    0    0 284 -324  2
3797500 2746500 10 20  5   5.5 1014 232  2.3 6  4.9  88    0    0 282 -325  2
3797500 2746500 10 20  6   5.4 1015 239  2.7 6  4.9  88    0    0 282 -326  2
3797500 2746500 10 20  7   5.7 1015 246  2.0 7  4.9  88    0    0 287 -325  2
3797500 2746500 10 20  8   5.6 1016 222  1.7 7  5.0  89   13   25 291 -324  2
3797500 2746500 10 20  9   6.4 1017 236  2.0 4  5.2  89  103   58 278 -325  2
3797500 2746500 10 20 10   7.5 1017 240  2.8 2  5.2  85  217   70 257 -331  2
3797500 2746500 10 20 11   8.8 1018 248  2.7 3  5.3  78  262   93 257 -341  2
3797500 2746500 10 20 12   9.4 1018 238  2.7 4  5.2  73  162  174 268 -353  2
3797500 2746500 10 20 13   9.7 1018 263  2.3 4  5.2  70   73  185 273 -362  2
3797500 2746500 10 20 14   9.8 1018 256  3.0 5  4.9  66   41  161 277 -367  2
3797500 2746500 10 20 15  10.1 1018 249  3.2 6  4.9  64   55  134 287 -369  2
3797500 2746500 10 20 16   9.8 1018 237  2.6 5  4.9  64   46   88 288 -368  2
3797500 2746500 10 20 17   9.1 1019 260  2.3 5  4.9  66   41   37 283 -364  2
3797500 2746500 10 20 18   7.8 1019 237  1.4 5  4.9  71    0    0 279 -357  2
3797500 2746500 10 20 19   7.8 1020 232  1.1 4  4.9  75    0    0 273 -349  2
3797500 2746500 10 20 20   7.7 1020 221  0.9 5  5.0  76    0    0 272 -343  2
3797500 2746500 10 20 21   7.4 1020 189  0.9 7  5.0  78    0    0 283 -341  2
3797500 2746500 10 20 22   7.1 1021 227  1.5 7  5.0  79    0    0 290 -339  2
3797500 2746500 10 20 23   6.9 1021 194  1.3 7  4.9  79    0    0 289 -337  2
3797500 2746500 10 20 24   6.6 1021 213  1.4 7  4.8  80    0    0 290 -334  2
3797500 2746500 10 21  1   5.9 1021 221  2.0 5  4.8  82    0    0 281 -332  2
3797500 2746500 10 21  2   4.7 1021 203  1.2 2  4.7  86    0    0 258 -331  2
3797500 2746500 10 21  3   4.5 1021 189  1.5 1  4.6  89    0    0 239 -330  2
3797500 2746500 10 21  4   4.3 1021 183  1.8 1  4.5  88    0    0 233 -329  2
3797500 2746500 10 21  5   4.1 1021 172  2.0 1  4.4  86    0    0 231 -328  2
3797500 2746500 10 21  6   3.9 1021 184  1.6 1  4.2  84    0    0 232 -327  2
3797500 2746500 10 21  7   3.7 1021 183  1.3 1  4.2  84    0    0 232 -326  2
3797500 2746500 10 21  8   4.0 1021 182  1.5 1  4.1  83   10   27 233 -325  2
3797500 2746500 10 21  9   5.1 1022 173  1.7 0  4.2  81   78   76 231 -327  2
3797500 2746500 10 21 10   7.1 1022 176  1.7 0  4.5  77  176  106 230 -334  2
3797500 2746500 10 21 11   8.7 1022 166  2.6 1  4.6  70  257  123 241 -345  2
3797500 2746500 10 21 12   9.7 1022 204  2.9 2  4.4  61  310  129 256 -355  2
3797500 2746500 10 21 13  10.2 1022 178  3.1 2  4.2  56  321  130 264 -364  2
3797500 2746500 10 21 14  10.7 1021 198  2.8 2  4.3  55  292  122 266 -369  2
3797500 2746500 10 21 15  10.7 1021 233  3.3 2  4.3  54  223  108 268 -371  2
3797500 2746500 10 21 16  10.8 1020 203  1.8 2  4.3  54  129   87 268 -369  2
3797500 2746500 10 21 17   9.9 1020 176  1.4 4  4.3  55   31   42 279 -363  2
3797500 2746500 10 21 18   8.2 1020 148  1.5 4  4.3  61    0    0 288 -353  2
3797500 2746500 10 21 19   7.9 1020 144  1.8 3  4.5  67    0    0 279 -345  2
3797500 2746500 10 21 20   8.0 1020 153  1.9 3  4.5  68    0    0 272 -341  2
3797500 2746500 10 21 21   7.8 1020 163  2.5 4  4.4  67    0    0 276 -337  2
3797500 2746500 10 21 22   7.9 1020 162  3.2 4  4.4  66    0    0 281 -335  2
3797500 2746500 10 21 23   7.5 1020 170  3.4 4  4.4  67    0    0 281 -333  2
3797500 2746500 10 21 24   7.3 1020 162  3.0 3  4.3  68    0    0 274 -331  2
3797500 2746500 10 22  1   6.6 1020 158  3.2 0  4.2  69    0    0 250 -329  2
3797500 2746500 10 22  2   6.4 1020 152  2.7 0  4.2  71    0    0 232 -327  2
3797500 2746500 10 22  3   5.4 1019 142  2.5 0  4.2  73    0    0 230 -325  2
3797500 2746500 10 22  4   5.7 1019 143  3.3 0  4.1  74    0    0 229 -323  2
3797500 2746500 10 22  5   5.4 1019 153  3.2 0  4.1  74    0    0 229 -321  2
3797500 2746500 10 22  6   4.7 1018 161  2.4 1  4.0  73    0    0 233 -319  2
3797500 2746500 10 22  7   3.9 1018 124  2.6 2  3.9  75    0    0 243 -317  2
3797500 2746500 10 22  8   3.8 1018 135  2.9 1  3.8  77   10   25 242 -316  2
3797500 2746500 10 22  9   5.1 1018 154  4.5 0  4.0  76   87   65 232 -318  2
3797500 2746500 10 22 10   6.9 1017 154  4.7 0  4.0  70  197   83 230 -324  2
3797500 2746500 10 22 11   8.7 1017 121  5.6 1  4.0  61  293   87 243 -335  2
3797500 2746500 10 22 12  10.0 1017 146  5.0 3  4.0  54  350   87 267 -348  2
3797500 2746500 10 22 13  11.5 1016 151  4.9 1  4.0  50  361   84 273 -361  2
3797500 2746500 10 22 14  12.2 1015 148  5.7 0  3.6  42  333   79 258 -370  2
3797500 2746500 10 22 15  12.7 1014 142  4.1 0  3.3  37  260   75 253 -372  2
3797500 2746500 10 22 16  12.3 1013 164  3.1 0  3.4  38  154   66 255 -370  2
3797500 2746500 10 22 17  11.1 1013 140  3.4 0  3.7  43   39   37 253 -362  2
3797500 2746500 10 22 18  10.0 1012 147  4.3 1  3.7  47    0    0 257 -353  2
3797500 2746500 10 22 19   9.6 1013 148  4.5 0  3.7  50    0    0 255 -344  2
3797500 2746500 10 22 20   8.9 1013 152  4.4 0  3.9  54    0    0 249 -339  2
3797500 2746500 10 22 21   8.2 1013 157  4.5 0  4.1  59    0    0 248 -336  2
3797500 2746500 10 22 22   8.6 1013 161  4.2 0  4.2  61    0    0 248 -335  2
3797500 2746500 10 22 23   7.8 1013 161  4.4 0  4.2  62    0    0 248 -335  2
3797500 2746500 10 22 24   7.1 1012 160  4.3 0  4.1  64    0    0 247 -335  2
3797500 2746500 10 23  1   8.0 1012 162  4.9 0  4.1  64    0    0 249 -336  2
3797500 2746500 10 23  2   7.7 1012 160  4.6 0  4.1  62    0    0 249 -336  2
3797500 2746500 10 23  3   7.0 1012 176  4.6 0  4.1  64    0    0 248 -336  2
3797500 2746500 10 23  4   6.0 1012 161  4.0 0  4.1  68    0    0 247 -336  2
3797500 2746500 10 23  5   5.6 1011 163  3.8 0  4.2  73    0    0 245 -333  2
3797500 2746500 10 23  6   5.4 1011 170  4.2 1  4.2  75    0    0 249 -331  2
3797500 2746500 10 23  7   6.2 1011 156  4.8 0  4.2  74    0    0 250 -332  2
3797500 2746500 10 23  8   6.4 1011 151  4.1 1  4.3  72    8   24 252 -332  2
3797500 2746500 10 23  9   7.4 1011 159  4.4 0  4.4  71   79   66 253 -333  2
3797500 2746500 10 23 10   8.9 1011 162  4.1 0  4.6  68  188   85 251 -339  2
3797500 2746500 10 23 11  10.8 1011 159  3.7 0  4.8  63  278   93 257 -350  2
3797500 2746500 10 23 12  12.3 1011 160  4.1 0  4.9  58  334   94 263 -364  2
3797500 2746500 10 23 13  13.4 1010 147  4.8 0  5.2  56  351   88 269 -375  2
3797500 2746500 10 23 14  14.0 1010 151  5.3 0  5.4  55  322   83 273 -383  2
3797500 2746500 10 23 15  14.0 1009 140  4.3 0  5.4  54  250   77 275 -386  2
3797500 2746500 10 23 16  13.5 1009 135  4.4 0  5.0  51  146   66 274 -382  2
3797500 2746500 10 23 17  11.9 1008 131  4.2 0  4.2  46   36   35 269 -374  2
3797500 2746500 10 23 18  10.6 1008 104  3.4 0  4.0  48    0    0 265 -363  2
3797500 2746500 10 23 19   9.4 1008 108  2.9 0  4.3  56    0    0 262 -354  2
3797500 2746500 10 23 20   8.9 1008 114  3.2 0  4.5  62    0    0 260 -348  2
3797500 2746500 10 23 21   9.5 1008 119  3.1 0  4.5  61    0    0 260 -343  2
3797500 2746500 10 23 22   8.7 1008 103  3.5 0  4.4  62    0    0 260 -341  2
3797500 2746500 10 23 23   8.6 1008 116  3.8 0  4.5  64    0    0 259 -339  2
3797500 2746500 10 23 24   8.7 1007 108  4.2 0  4.6  65    0    0 259 -337  2
3797500 2746500 10 24  1   8.5 1007  99  3.8 0  4.5  64    0    0 259 -335  2
3797500 2746500 10 24  2   8.3 1007 119  3.0 0  4.5  65    0    0 258 -334  2
3797500 2746500 10 24  3   8.3 1006 107  3.4 0  4.5  66    0    0 258 -333  2
3797500 2746500 10 24  4   8.4 1006  87  5.2 0  4.5  66    0    0 258 -332  2
3797500 2746500 10 24  5   7.8 1005  91  4.7 0  4.5  67    0    0 257 -331  2
3797500 2746500 10 24  6   7.6 1004  78  4.6 0  4.6  69    0    0 256 -331  2
3797500 2746500 10 24  7   7.0 1004  91  4.3 0  4.6  72    0    0 255 -329  2
3797500 2746500 10 24  8   6.7 1004  79  2.9 0  4.6  75    7   23 253 -328  2
3797500 2746500 10 24  9   8.1 1004  89  2.8 0  4.7  73   73   66 254 -330  2
3797500 2746500 10 24 10   9.4 1004 107  4.2 0  4.9  69  179   86 257 -338  2
3797500 2746500 10 24 11  10.6 1003 118  5.3 0  5.1  66  273   92 261 -352  2
3797500 2746500 10 24 12  11.4 1003 124  6.5 0  5.1  62  328   93 265 -366  2
3797500 2746500 10 24 13  11.9 1002 104  6.0 0  5.0  58  344   88 267 -379  2
3797500 2746500 10 24 14  12.6 1001 130  6.1 0  4.9  54  311   85 269 -387  2
3797500 2746500 10 24 15  13.0 1000 131  6.2 0  4.9  52  240   79 271 -391  2
3797500 2746500 10 24 16  13.0 1000 135  6.2 0  4.8  51  138   67 271 -388  2
3797500 2746500 10 24 17  12.5  999 128  4.8 0  4.8  52   32   35 269 -380  2
3797500 2746500 10 24 18  11.8  999 124  5.0 0  5.0  56    0    0 268 -370  2
3797500 2746500 10 24 19  12.1  999 104  4.8 0  4.9  56    0    0 266 -362  2
3797500 2746500 10 24 20  12.7  999 111  5.7 0  4.7  52    0    0 266 -356  2
3797500 2746500 10 24 21  13.1  999 108  4.5 1  4.7  50    0    0 272 -353  2
3797500 2746500 10 24 22  12.9  999 119  4.1 2  4.6  49    0    0 281 -351  2
3797500 2746500 10 24 23  12.9  999 122  5.5 4  4.6  49    0    0 295 -350  2
3797500 2746500 10 24 24  12.3  999 104  6.0 4  4.7  51    0    0 304 -348  2
3797500 2746500 10 25  1  12.6  999  96  4.8 6  4.9  54    0    0 314 -344  2
3797500 2746500 10 25  2  12.6  999 116  2.1 6  5.0  55    0    0 324 -341  2
3797500 2746500 10 25  3  11.7  999 134  3.4 7  5.1  57    0    0 329 -343  2
3797500 2746500 10 25  4  12.1  999 129  5.7 7  5.0  57    0    0 334 -352  2
3797500 2746500 10 25  5  11.8  999 127  5.6 6  5.0  57    0    0 329 -360  2
3797500 2746500 10 25  6  11.0  998 118  4.7 6  5.0  59    0    0 324 -361  2
3797500 2746500 10 25  7  11.1  998 127  5.1 7  5.0  60    0    0 329 -360  2
3797500 2746500 10 25  8  10.9  998 117  4.6 6  4.9  59    0    9 328 -359  2
3797500 2746500 10 25  9  11.2  997 112  4.1 7  4.8  58    0   54 327 -360  2
3797500 2746500 10 25 10  11.2  998 141  3.5 8  4.8  57    0   56 339 -365  2
3797500 2746500 10 25 11  10.6  998 109  3.4 8  4.9  59    0   60 342 -375  2
3797500 2746500 10 25 12  10.1  998  67  2.3 8  5.4  68    0   71 341 -386  2
3797500 2746500 10 25 13   9.7  998  64  2.9 6  5.9  76    0   97 330 -397  2
3797500 2746500 10 25 14  10.3  997 148  2.1 7  6.1  78    0   89 325 -404  2
3797500 2746500 10 25 15  10.5  997  81  2.3 6  6.3  79    5   88 324 -402  2
3797500 2746500 10 25 16  10.5  997  90  3.0 7  6.2  77    5   50 323 -396  2
3797500 2746500 10 25 17  10.5  997  99  2.6 7  6.3  78    0   15 326 -387  2
3797500 2746500 10 25 18  10.2  997 111  1.7 7  6.3  79    0    0 325 -379  2
3797500 2746500 10 25 19  10.7  997 121  2.5 7  6.2  78    0    0 324 -375  2
3797500 2746500 10 25 20  11.1  997 140  3.1 7  6.0  73    0    0 324 -372  2
3797500 2746500 10 25 21  11.0  998 145  3.3 8  5.8  70    0    0 328 -371  2
3797500 2746500 10 25 22  11.0  998 148  2.2 7  5.7  69    0    0 328 -370  2
3797500 2746500 10 25 23  11.3  998 173  2.7 6  5.7  68    0    0 318 -369  2
3797500 2746500 10 25 24  10.7  998 174  2.7 7  5.7  69    0    0 318 -369  2
3797500 2746500 10 26  1  11.2  999 181  2.5 6  5.9  71    0    0 319 -368  2
3797500 2746500 10 26  2  10.8  999 175  2.1 7  6.0  72    0    0 320 -367  2
3797500 2746500 10 26  3  11.1  999 181  2.1 7  6.2  75    0    0 326 -366  2
3797500 2746500 10 26  4  10.9 1000 181  2.1 7  6.5  78    0    0 326 -366  2
3797500 2746500 10 26  5  10.2 1000 169  2.4 7  6.5  81    0    0 325 -366  2
3797500 2746500 10 26  6  10.7 1001 172  2.1 7  6.5  81    0    0 324 -366  2
3797500 2746500 10 26  7  10.3 1002 178  2.5 6  6.5  81    0    0 319 -364  2
3797500 2746500 10 26  8  10.1 1002 184  1.9 4  6.4  82    5   21 303 -361  2
3797500 2746500 10 26  9  11.5 1003 185  2.4 3  6.4  78   44   72 290 -359  2
3797500 2746500 10 26 10  11.8 1004 211  3.7 4  6.3  73   58  127 294 -362  2
3797500 2746500 10 26 11  12.2 1005 194  4.3 5  6.1  70   40  157 307 -369  2
3797500 2746500 10 26 12  12.4 1005 182  3.6 7  6.2  69    2  129 323 -377  2
3797500 2746500 10 26 13  12.9 1006 210  4.1 2  6.0  65   67  187 308 -384  2
3797500 2746500 10 26 14  13.3 1006 191  2.7 3  5.9  62   66  169 291 -388  2
3797500 2746500 10 26 15  13.6 1006 200  2.8 3  5.9  61  202   98 298 -389  2
3797500 2746500 10 26 16  13.5 1006 170  2.2 1  5.8  60  128   75 291 -387  2
3797500 2746500 10 26 17  12.7 1006 155  2.0 1  5.8  61   27   35 282 -382  2
3797500 2746500 10 26 18  10.9 1007 165  1.4 1  5.6  65    0    0 277 -376  2
3797500 2746500 10 26 19  10.4 1008 145  2.1 1  5.4  68    0    0 272 -370  2
3797500 2746500 10 26 20  10.4 1008 167  2.7 1  5.4  69    0    0 269 -365  2
3797500 2746500 10 26 21  10.8 1008 164  2.5 0  5.4  68    0    0 264 -362  2
3797500 2746500 10 26 22  10.1 1008 153  1.9 2  5.3  68    0    0 266 -359  2
3797500 2746500 10 26 23   9.5 1009 146  1.8 2  5.3  70    0    0 271 -357  2
3797500 2746500 10 26 24   9.8 1009 135  1.4 0  5.4  72    0    0 263 -354  2
3797500 2746500 10 27  1   8.4 1009 115  1.7 1  5.4  74    0    0 256 -351  2
3797500 2746500 10 27  2   8.5 1009 114  2.0 1  5.3  77    0    0 255 -348  2
3797500 2746500 10 27  3   8.6 1009 115  2.2 3  5.3  77    0    0 262 -346  2
3797500 2746500 10 27  4   9.6 1009 114  1.9 3  5.4  75    0    0 269 -344  2
3797500 2746500 10 27  5   9.8 1009 120  1.8 3  5.5  73    0    0 268 -343  2
3797500 2746500 10 27  6  11.0 1009 135  2.8 3  5.5  70    0    0 269 -341  2
3797500 2746500 10 27  7   9.1 1008 105  2.5 6  5.5  72    0    0 280 -340  2
3797500 2746500 10 27  8   9.3 1008 102  2.5 6  5.6  76    0   17 290 -339  2
3797500 2746500 10 27  9  10.7 1008  94  2.5 5  5.9  77   27   75 288 -341  2
3797500 2746500 10 27 10  11.8 1008 116  2.2 5  6.3  76   93  123 287 -347  2
3797500 2746500 10 27 11  13.6 1008 129  4.5 5  6.5  70  119  163 290 -357  2
3797500 2746500 10 27 12  14.7 1008 133  3.0 7  6.6  65   60  186 304 -371  2
3797500 2746500 10 27 13  15.4 1008 118  3.3 5  6.9  64   62  189 308 -384  2
3797500 2746500 10 27 14  15.4 1008 116  4.0 4  7.1  64  134  166 295 -390  2
3797500 2746500 10 27 15  15.1 1007 123  3.6 5  7.0  65   74  134 294 -392  2
3797500 2746500 10 27 16  14.7 1007 117  2.8 6  7.0  66   25   81 305 -389  2
3797500 2746500 10 27 17  13.9 1007 157  3.3 7  7.1  69    4   25 316 -383  2
3797500 2746500 10 27 18  12.8 1007 123  4.1 6  6.9  72    0    0 314 -377  2
3797500 2746500 10 27 19  12.1 1008 155  4.4 5  6.7  74    0    0 302 -374  2
3797500 2746500 10 27 20  11.9 1008 153  4.8 5  6.6  75    0    0 298 -372  2
3797500 2746500 10 27 21  11.7 1008 146  3.5 5  6.6  76    0    0 300 -372  2
3797500 2746500 10 27 22  11.4 1009 152  4.6 4  6.6  77    0    0 297 -372  2
3797500 2746500 10 27 23  11.4 1009 159  4.3 4  6.6  78    0    0 295 -372  2
3797500 2746500 10 27 24  11.4 1010 160  4.9 4  6.6  78    0    0 296 -373  2
3797500 2746500 10 28  1  10.8 1010 162  4.7 4  6.5  79    0    0 297 -373  2
3797500 2746500 10 28  2  11.1 1010 162  3.0 4  6.5  80    0    0 299 -373  2
3797500 2746500 10 28  3  11.0 1011 159  2.8 4  6.6  80    0    0 302 -370  2
3797500 2746500 10 28  4  11.0 1011 172  2.6 5  6.6  80    0    0 308 -366  2
3797500 2746500 10 28  5  10.8 1012 172  2.7 7  6.5  80    0    0 323 -365  2
3797500 2746500 10 28  6  10.9 1012 196  1.8 8  6.5  80    0    0 339 -366  2
3797500 2746500 10 28  7  11.1 1013 184  1.4 7  6.5  80    0    0 342 -366  2
3797500 2746500 10 28  8  10.7 1013 185  2.4 6  6.6  81    0   11 332 -369  2
3797500 2746500 10 28  9  11.5 1014 181  2.0 7  6.6  81    6   69 334 -372  2
3797500 2746500 10 28 10  12.3 1015 176  2.1 7  6.8  78   12  116 341 -375  2
3797500 2746500 10 28 11  13.6 1015 194  1.5 6  7.1  76   73  174 341 -380  2
3797500 2746500 10 28 12  15.4 1016 217  2.4 3  7.3  71  234  159 329 -385  2
3797500 2746500 10 28 13  16.5 1016 257  2.1 1  7.5  66  255  154 317 -392  2
3797500 2746500 10 28 14  17.3 1016 226  1.8 1  7.8  65  226  145 317 -397  2
3797500 2746500 10 28 15  17.5 1016 210  1.6 0  7.9  64  166  125 318 -399  2
3797500 2746500 10 28 16  17.4 1016 221  1.6 0  7.9  64   87   90 314 -397  2
3797500 2746500 10 28 17  15.6 1016 204  0.4 1  7.9  68   17   34 310 -391  2
3797500 2746500 10 28 18  14.1 1017 137  0.7 1  7.9  75    0    0 304 -384  2
3797500 2746500 10 28 19  13.9 1018 117  1.1 4  7.8  79    0    0 308 -380  2
3797500 2746500 10 28 20  14.4 1018 100  1.0 5  7.9  79    0    0 323 -378  2
3797500 2746500 10 28 21  14.4 1018 102  0.7 6  7.9  77    0    0 333 -378  2
3797500 2746500 10 28 22  13.2 1018  97  0.4 6  7.8  79    0    0 336 -377  2
3797500 2746500 10 28 23  13.4 1019 103  1.0 5  7.7  82    0    0 329 -376  2
3797500 2746500 10 28 24  13.9 1019 147  1.4 4  7.7  80    0    0 319 -375  2
3797500 2746500 10 29  1  13.8 1019 147  1.0 4  7.7  78    0    0 314 -374  2
3797500 2746500 10 29  2  13.5 1019 170  1.5 6  7.7  79    0    0 323 -374  2
3797500 2746500 10 29  3  14.1 1019 184  1.5 7  7.8  79    0    0 341 -376  2
3797500 2746500 10 29  4  14.0 1018 185  1.6 8  7.8  78    0    0 353 -374  2
3797500 2746500 10 29  5  13.0 1018 156  1.3 8  7.7  80    0    0 359 -372  2
3797500 2746500 10 29  6  12.7 1018 139  1.7 8  7.6  82    0    0 358 -370  2
3797500 2746500 10 29  7  13.4 1017 160  1.9 7  7.5  81    0    0 355 -370  2
3797500 2746500 10 29  8  13.7 1017 167  1.1 7  7.6  78    0   13 351 -370  2
3797500 2746500 10 29  9  13.9 1017 167  0.9 7  7.6  78    0   56 353 -372  2
3797500 2746500 10 29 10  14.0 1017 172  1.5 7  7.7  77    0   61 355 -375  2
3797500 2746500 10 29 11  15.3 1017 164  1.9 8  7.7  75    0   93 362 -381  2
3797500 2746500 10 29 12  16.7 1017 173  2.7 6  7.8  69   25  204 361 -390  2
3797500 2746500 10 29 13  16.6 1017 175  2.2 6  7.8  66   12  179 355 -398  2
3797500 2746500 10 29 14  16.6 1016 168  2.6 6  7.9  67   10  158 354 -403  2
3797500 2746500 10 29 15  16.6 1015 173  2.1 7  7.9  67    8  125 359 -404  2
3797500 2746500 10 29 16  16.6 1015 168  2.7 7  8.0  68    3   71 363 -401  2
3797500 2746500 10 29 17  15.8 1015 172  1.8 6  8.0  70    6   36 356 -393  2
3797500 2746500 10 29 18  14.6 1015 174  2.0 6  7.9  74    0    0 347 -384  2
3797500 2746500 10 29 19  14.3 1015 167  3.0 7  7.8  76    0    0 350 -380  2
3797500 2746500 10 29 20  14.6 1015 176  2.4 7  7.8  76    0    0 354 -379  2
3797500 2746500 10 29 21  14.4 1015 184  1.9 7  7.8  75    0    0 354 -377  2
3797500 2746500 10 29 22  14.2 1015 181  1.9 7  7.8  76    0    0 353 -375  2
3797500 2746500 10 29 23  14.1 1015 172  2.4 8  7.8  77    0    0 357 -373  2
3797500 2746500 10 29 24  13.9 1015 174  1.8 8  7.8  78    0    0 361 -372  2
3797500 2746500 10 30  1  13.8 1015 185  1.7 8  7.8  79    0    0 362 -373  2
3797500 2746500 10 30  2  13.6 1014 172  1.5 7  8.0  82    0    0 357 -375  2
3797500 2746500 10 30  3  13.6 1014 183  1.7 7  8.2  84    0    0 352 -375  2
3797500 2746500 10 30  4  13.6 1014 204  1.7 7  8.3  85    0    0 351 -374  2
3797500 2746500 10 30  5  13.3 1014 174  1.5 7  8.3  86    0    0 351 -370  2
3797500 2746500 10 30  6  12.8 1014 181  2.2 7  8.3  88    0    0 349 -368  2
3797500 2746500 10 30  7  12.9 1014 219  2.1 7  8.4  91    0    0 349 -367  2
3797500 2746500 10 30  8  12.8 1014 199  1.7 7  8.5  92    0   14 348 -365  2
3797500 2746500 10 30  9  13.2 1015 208  2.4 5  8.6  92   24   76 337 -365  2
3797500 2746500 10 30 10  14.6 1015 209  2.5 2  8.8  89   96  123 308 -369  2
3797500 2746500 10 30 11  15.0 1015 240  2.5 4  8.9  85   20  150 307 -376  2
3797500 2746500 10 30 12  16.0 1015 239  2.5 5  8.9  81   53  185 331 -386  2
3797500 2746500 10 30 13  16.2 1015 229  2.5 4  8.7  76   93  192 334 -395  2
3797500 2746500 10 30 14  17.2 1015 227  2.4 3  8.6  73  176  150 325 -400  2
3797500 2746500 10 30 15  17.2 1015 229  1.7 2  8.8  72  151  117 318 -401  2
3797500 2746500 10 30 16  16.6 1014 219  2.3 3  8.8  73   72   81 317 -399  2
3797500 2746500 10 30 17  15.8 1014 210  1.9 6  8.7  76    9   29 336 -394  2
3797500 2746500 10 30 18  14.8 1014 171  1.5 5  8.7  80    0    0 343 -388  2
3797500 2746500 10 30 19  15.2 1014 211  1.6 5  8.7  81    0    0 335 -384  2
3797500 2746500 10 30 20  15.0 1015 230  2.4 6  8.7  81    0    0 340 -382  2
3797500 2746500 10 30 21  14.4 1015 222  1.8 8  8.5  81    0    0 355 -381  2
3797500 2746500 10 30 22  14.4 1015 233  1.8 8  8.1  79    0    0 363 -379  2
3797500 2746500 10 30 23  13.8 1015 226  1.7 7  7.8  78    0    0 356 -375  2
3797500 2746500 10 30 24  12.8 1015 215  1.4 7  7.7  81    0    0 347 -373  2
3797500 2746500 10 31  1  12.0 1015 184  1.7 4  7.7  85    0    0 330 -371  2
3797500 2746500 10 31  2  12.0 1015 199  1.3 2  7.5  86    0    0 305 -372  2
3797500 2746500 10 31  3  10.1 1015 188  1.2 2  7.3  89    0    0 292 -373  2
3797500 2746500 10 31  4  11.4 1015 205  1.3 2  7.4  92    0    0 289 -373  2
3797500 2746500 10 31  5  11.0 1014 183  1.2 2  7.4  89    0    0 289 -373  2
3797500 2746500 10 31  6  10.8 1014 180  1.0 0  7.2  88    0    0 277 -371  2
3797500 2746500 10 31  7  10.6 1014 185  1.1 1  7.0  87    0    0 271 -368  2
3797500 2746500 10 31  8  10.2 1014 111  1.0 1  6.8  86    0   14 275 -365  2
3797500 2746500 10 31  9  10.7 1014 120  1.0 1  6.9  87   35   72 275 -364  2
3797500 2746500 10 31 10  12.5 1014 133  0.5 0  7.3  86  112  111 275 -367  2
3797500 2746500 10 31 11  12.9 1014 162  2.4 0  7.8  85  121  154 278 -376  2
3797500 2746500 10 31 12  13.8 1014 169  1.7 1  8.2  86  162  168 286 -388  2
3797500 2746500 10 31 13  14.7 1013 190  1.7 2  8.3  81  136  178 296 -398  2
3797500 2746500 10 31 14  15.3 1012 161  2.4 3  8.3  78  114  163 304 -404  2
3797500 2746500 10 31 15  16.2 1012 150  1.8 2  8.6  77  131  115 305 -405  2
3797500 2746500 10 31 16  16.4 1011 160  1.8 1  8.6  74   80   75 297 -402  2
3797500 2746500 10 31 17  15.3 1011 128  1.7 3  8.5  75    5   24 299 -394  2
3797500 2746500 10 31 18  14.5 1010 106  1.7 3  8.3  78    0    0 303 -385  2
3797500 2746500 10 31 19  13.8 1010 107  1.5 2  8.3  82    0    0 295 -379  2
3797500 2746500 10 31 20  14.3 1010 112  1.5 2  8.2  82    0    0 290 -377  2
3797500 2746500 10 31 21  15.3 1010 151  2.4 1  8.0  76    0    0 288 -378  2
3797500 2746500 10 31 22  15.3 1010 151  3.1 1  7.9  72    0    0 285 -378  2
3797500 2746500 10 31 23  15.4 1010 166  3.1 3  7.8  71    0    0 291 -379  2
3797500 2746500 10 31 24  15.1 1009 173  3.3 5  7.7  71    0    0 306 -380  2
3797500 2746500 11  1  1  14.3 1008 163  3.8 3  7.5  73    0    0 294 -381  2
3797500 2746500 11  1  2  14.3 1008 160  4.1 4  7.5  73    0    0 297 -381  2
3797500 2746500 11  1  3  13.7 1008 157  3.7 5  7.4  74    0    0 304 -380  2
3797500 2746500 11  1  4  13.0 1007 156  2.8 5  7.1  74    0    0 306 -379  2
3797500 2746500 11  1  5  12.8 1007 162  3.1 5  7.0  75    0    0 303 -377  2
3797500 2746500 11  1  6  12.7 1007 172  2.8 6  7.0  76    0    0 308 -376  2
3797500 2746500 11  1  7  12.4 1007 163  3.3 4  7.0  77    0    0 302 -374  2
3797500 2746500 11  1  8  12.0 1007 172  2.8 4  6.9  78    3   11 291 -372  2
3797500 2746500 11  1  9  12.1 1007 165  3.8 5  6.9  79   47   52 296 -370  2
3797500 2746500 11  1 10  13.0 1007 165  4.6 5  7.1  78  125   85 303 -373  2
3797500 2746500 11  1 11  14.2 1007 174  3.6 5  7.5  76  195  105 308 -381  2
3797500 2746500 11  1 12  14.9 1007 176  4.4 5  7.7  74  238  114 313 -390  2
3797500 2746500 11  1 13  16.1 1006 164  4.5 3  7.8  70  253  110 310 -399  2
3797500 2746500 11  1 14  16.2 1006 163  4.8 3  7.9  68  235   96 306 -404  2
3797500 2746500 11  1 15  16.2 1006 176  4.0 3  7.9  68  184   78 308 -406  2
3797500 2746500 11  1 16  15.5 1006 178  4.6 2  7.9  70   98   57 306 -404  2
3797500 2746500 11  1 17  14.3 1006 169  4.1 3  7.8  73   13   14 306 -400  2
3797500 2746500 11  1 18  13.4 1006 165  4.0 3  7.6  77    0    0 306 -396  2
3797500 2746500 11  1 19  13.2 1007 164  4.1 3  7.6  79    0    0 304 -394  2
3797500 2746500 11  1 20  13.2 1007 164  4.1 4  7.6  79    0    0 307 -393  2
3797500 2746500 11  1 21  13.1 1007 166  4.0 5  7.6  80    0    0 316 -391  2
3797500 2746500 11  1 22  12.9 1007 166  3.9 6  7.6  81    0    0 324 -389  2
3797500 2746500 11  1 23  12.7 1007 180  3.4 6  7.7  83    0    0 328 -388  2
3797500 2746500 11  1 24  12.4 1007 194  2.9 6  7.7  85    0    0 327 -387  2
3797500 2746500 11  2  1  12.0 1025 213  2.4 7  7.7  88    0    0 354 -360  2
3797500 2746500 11  2  2  11.8 1025 227  2.0 7  7.8  90    0    0 349 -360  2
3797500 2746500 11  2  3  11.6 1025 239  1.6 7  7.8  92    0    0 348 -360  2
3797500 2746500 11  2  4  11.5 1025 238  1.6 7  7.8  94    0    0 353 -360  2
3797500 2746500 11  2  5  11.5 1025 238  1.6 7  7.8  93    0    0 352 -360  2
3797500 2746500 11  2  6  11.4 1025 230  1.5 8  7.9  94    0    0 352 -361  2
3797500 2746500 11  2  7  11.2 1025 240  1.6 8  7.9  95    0    0 357 -361  2
3797500 2746500 11  2  8  11.3 1025 240  1.8 8  7.9  95    0    0 358 -361  2
3797500 2746500 11  2  9  11.3 1025 238  1.6 8  7.9  96    0   37 359 -361  2
3797500 2746500 11  2 10  11.4 1025 240  2.0 7  8.0  97    0   72 354 -362  2
3797500 2746500 11  2 11  11.8 1026 248  2.0 8  8.1  96    0   60 357 -363  2
3797500 2746500 11  2 12  11.9 1026 249  1.8 8  8.3  96    0   75 365 -364  2
3797500 2746500 11  2 13  12.2 1025 241  2.0 7  8.5  97    0   88 363 -365  2
3797500 2746500 11  2 14  12.3 1025 242  1.9 7  8.6  97    0   79 359 -366  2
3797500 2746500 11  2 15  12.6 1025 248  1.7 7  8.7  97    0   41 360 -366  2
3797500 2746500 11  2 16  12.8 1024 245  1.5 8  8.8  97    0   24 366 -367  2
3797500 2746500 11  2 17  12.9 1024 233  1.2 8  8.9  97    0    9 372 -367  2
3797500 2746500 11  2 18  13.0 1024 241  1.3 8  8.9  97    0    0 372 -368  2
3797500 2746500 11  2 19  13.0 1024 234  1.1 8  9.0  97    0    0 372 -368  2
3797500 2746500 11  2 20  13.1 1025 229  1.1 8  8.9  96    0    0 374 -369  2
3797500 2746500 11  2 21  13.4 1024 246  1.1 8  8.9  95    0    0 374 -369  2
3797500 2746500 11  2 22  13.4 1024 253  0.9 8  9.0  95    0    0 375 -370  2
3797500 2746500 11  2 23  13.6 1024 308  0.8 8  9.1  95    0    0 375 -370  2
3797500 2746500 11  2 24  13.6 1024 325  0.8 8  9.2  96    0    0 377 -371  2
3797500 2746500 11  3  1  13.5 1024 290  0.7 8  9.2  96    0    0 376 -371  2
3797500 2746500 11  3  2  13.4 1024 299  0.6 8  9.1  96    0    0 376 -372  2
3797500 2746500 11  3  3  13.3 1023 271  0.7 8  9.1  96    0    0 376 -372  2
3797500 2746500 11  3  4  13.4 1023 265  0.8 8  9.0  95    0    0 376 -373  2
3797500 2746500 11  3  5  13.3 1022 265  1.2 8  9.0  95    0    0 375 -374  2
3797500 2746500 11  3  6  13.2 1022 282  1.4 6  9.0  95    0    0 361 -374  2
3797500 2746500 11  3  7  13.0 1022 258  1.6 8  9.0  96    0    0 358 -375  2
3797500 2746500 11  3  8  13.0 1021 248  1.9 8  9.0  96    0    0 367 -376  2
3797500 2746500 11  3  9  13.0 1022 301  1.8 7  9.0  97    0   38 359 -377  2
3797500 2746500 11  3 10  13.1 1022 297  1.8 8  9.1  97    0   55 360 -379  2
3797500 2746500 11  3 11  13.2 1022 294  1.5 7  9.1  97    0   86 360 -382  2
3797500 2746500 11  3 12  13.2 1022 280  1.6 8  9.1  96    0   71 360 -384  2
3797500 2746500 11  3 13  13.4 1021 294  1.8 7  8.9  94    0   74 360 -387  2
3797500 2746500 11  3 14  13.3 1021 312  1.5 7  8.6  91    0   68 353 -388  2
3797500 2746500 11  3 15  13.0 1020 245  1.9 7  8.3  88    0   62 352 -387  2
3797500 2746500 11  3 16  12.4 1020 288  1.3 8  8.1  89    0   37 354 -385  2
3797500 2746500 11  3 17  12.2 1020 292  1.1 8  8.3  93    7    8 357 -380  2
3797500 2746500 11  3 18  12.2 1020 312  1.0 8  8.5  96    0    0 356 -376  2
3797500 2746500 11  3 19  12.3 1020 309  1.3 8  8.5  96    0    0 355 -373  2
3797500 2746500 11  3 20  12.3 1020 335  1.6 8  8.5  96    0    0 357 -371  2
3797500 2746500 11  3 21  11.9 1020 341  1.7 8  8.4  96    0    0 356 -368  2
3797500 2746500 11  3 22  11.6 1020 336  1.7 8  7.9  93    0    0 353 -364  2
3797500 2746500 11  3 23  11.0 1020 339  1.7 8  7.5  90    0    0 351 -359  2
3797500 2746500 11  3 24  10.2 1020 311  1.1 7  7.0  89    0    0 342 -352  2
3797500 2746500 11  4  1  10.0 1020 326  1.3 8  6.8  89    0    0 340 -348  2
3797500 2746500 11  4  2   9.8 1020 325  1.8 8  6.8  90    0    0 345 -348  2
3797500 2746500 11  4  3   9.6 1020 317  1.5 8  6.6  89    0    0 343 -349  2
3797500 2746500 11  4  4   9.6 1020 339  1.8 7  6.5  87    0    0 336 -349  2
3797500 2746500 11  4  5   9.5 1020 316  1.6 7  6.4  87    0    0 330 -348  2
3797500 2746500 11  4  6   9.3 1020 327  1.9 8  6.4  87    0    0 335 -348  2
3797500 2746500 11  4  7   9.1 1020 316  1.8 8  6.4  88    0    0 339 -348  2
3797500 2746500 11  4  8   9.2 1020 323  1.6 8  6.4  89    0    6 340 -348  2
3797500 2746500 11  4  9   9.4 1021 315  1.3 7  6.4  88   17   44 336 -349  2
3797500 2746500 11  4 10   9.8 1021 320  1.5 7  6.5  87    6   76 331 -351  2
3797500 2746500 11  4 11  10.1 1021 329  1.9 8  6.5  86    0   80 338 -355  2
3797500 2746500 11  4 12  10.9 1022 345  2.3 8  6.4  82    0   86 343 -359  2
3797500 2746500 11  4 13  11.1 1022 325  2.9 8  6.1  76    0   65 341 -363  2
3797500 2746500 11  4 14  11.1 1022 337  3.1 8  5.7  69    0   65 338 -364  2
3797500 2746500 11  4 15  10.8 1021   5  2.5 7  5.3  65    3   73 329 -365  2
3797500 2746500 11  4 16  10.6 1021 344  1.8 7  5.3  67   43   38 321 -361  2
3797500 2746500 11  4 17  10.3 1021 336  1.7 7  5.4  70    6   11 318 -355  2
3797500 2746500 11  4 18   9.9 1021 341  1.3 7  5.5  72    0    0 315 -347  2
3797500 2746500 11  4 19   9.8 1021 323  1.3 8  5.5  74    0    0 315 -343  2
3797500 2746500 11  4 20   9.2 1022   3  0.7 8  5.6  76    0    0 317 -342  2
3797500 2746500 11  4 21   9.3 1022   4  1.0 7  5.5  77    0    0 309 -341  2
3797500 2746500 11  4 22   9.0 1022 354  0.8 8  5.5  77    0    0 306 -338  2
3797500 2746500 11  4 23   8.4 1022  18  0.3 8  5.7  82    0    0 308 -337  2
3797500 2746500 11  4 24   8.2 1022 144  0.3 8  5.8  85    0    0 304 -334  2
3797500 2746500 11  5  1   8.1 1022  18  0.8 8  5.7  85    0    0 299 -331  2
3797500 2746500 11  5  2   7.9 1022   8  0.7 8  5.7  85    0    0 294 -328  2
3797500 2746500 11  5  3   7.3 1022 356  0.3 8  5.7  88    0    0 293 -325  2
3797500 2746500 11  5  4   7.6 1022 338  0.7 8  5.7  89    0    0 294 -322  2
3797500 2746500 11  5  5   7.4 1022 338  0.3 8  5.7  89    0    0 294 -321  2
3797500 2746500 11  5  6   7.1 1022 358  0.2 8  5.6  90    0    0 293 -320  2
3797500 2746500 11  5  7   7.7 1022 214  0.2 8  5.6  89    0    0 293 -322  2
3797500 2746500 11  5  8   7.9 1022 278  0.2 8  5.7  87    0    3 296 -323  2
3797500 2746500 11  5  9   8.0 1022 205  0.4 7  5.8  87    0   36 293 -324  2
3797500 2746500 11  5 10   8.6 1022 215  0.9 5  5.8  86    6   96 283 -329  2
3797500 2746500 11  5 11   9.6 1022 196  1.3 4  5.8  82   27  157 274 -336  2
3797500 2746500 11  5 12  10.0 1022 224  1.5 5  5.6  75   35  180 275 -344  2
3797500 2746500 11  5 13  10.2 1021 215  2.0 6  5.4  71   24  164 285 -349  2
3797500 2746500 11  5 14  10.4 1020 233  2.3 7  5.3  68    1  105 293 -353  2
3797500 2746500 11  5 15  10.1 1020 232  3.0 7  5.1  66    0   66 297 -353  2
3797500 2746500 11  5 16  10.0 1019 219  2.9 8  5.2  68    3   52 302 -351  2
3797500 2746500 11  5 17  10.0 1018 230  3.7 8  5.3  70    2   16 307 -348  2
3797500 2746500 11  5 18  10.0 1018 231  3.8 8  5.5  72    0    0 309 -344  2
3797500 2746500 11  5 19  10.0 1017 221  4.1 8  5.6  73    0    0 314 -343  2
3797500 2746500 11  5 20  10.2 1016 232  4.8 8  5.5  72    0    0 318 -343  2
3797500 2746500 11  5 21  10.2 1016 233  5.1 8  5.5  72    0    0 322 -343  2
3797500 2746500 11  5 22   9.4 1015 231  4.7 8  5.8  77    0    0 326 -343  2
3797500 2746500 11  5 23   9.2 1014 222  4.3 8  6.2  85    0    0 328 -343  2
3797500 2746500 11  5 24   9.4 1013 251  3.8 8  6.5  89    0    0 331 -344  2
3797500 2746500 11  6  1   9.9 1013 290  2.1 8  6.8  91    0    0 334 -344  2
3797500 2746500 11  6  2   9.7 1013 297  2.4 7  6.9  91    0    0 332 -345  2
3797500 2746500 11  6  3   8.7 1013 306  2.1 3  6.5  89    0    0 302 -346  2
3797500 2746500 11  6  4   8.0 1014 273  1.4 4  6.0  87    0    0 280 -348  2
3797500 2746500 11  6  5   7.4 1014 263  1.7 2  5.7  87    0    0 272 -346  2
3797500 2746500 11  6  6   7.1 1014 267  3.1 2  5.5  86    0    0 259 -343  2
3797500 2746500 11  6  7   7.1 1015 253  3.4 4  5.4  86    0    0 271 -340  2
3797500 2746500 11  6  8   7.2 1015 262  2.5 5  5.4  86    0   10 290 -339  2
3797500 2746500 11  6  9   7.4 1016 254  2.9 4  5.3  84   43   45 290 -339  2
3797500 2746500 11  6 10   8.1 1017 289  3.5 3  5.4  82   44   88 281 -341  2
3797500 2746500 11  6 11   8.6 1017 290  3.6 6  5.4  79   10  112 294 -344  2
3797500 2746500 11  6 12   9.0 1017 305  4.0 7  5.4  76    2  113 318 -349  2
3797500 2746500 11  6 13   9.0 1018 294  3.9 5  5.3  74   99  126 311 -354  2
3797500 2746500 11  6 14   9.3 1018 321  3.3 5  5.0  70   85  110 297 -358  2
3797500 2746500 11  6 15   9.3 1018 324  5.2 7  4.8  66   61   85 301 -359  2
3797500 2746500 11  6 16   8.7 1018 301  4.1 6  4.8  67   24   50 304 -357  2
3797500 2746500 11  6 17   8.3 1019 328  3.2 4  4.8  70    3   13 289 -351  2
3797500 2746500 11  6 18   7.8 1020 292  1.9 4  4.8  71    0    0 279 -346  2
3797500 2746500 11  6 19   7.6 1020 258  2.6 4  4.6  72    0    0 278 -343  2
3797500 2746500 11  6 20   7.1 1021 290  1.8 4  4.6  72    0    0 278 -341  2
3797500 2746500 11  6 21   6.8 1021 281  3.1 3  4.7  76    0    0 272 -340  2
3797500 2746500 11  6 22   6.6 1022 262  1.6 5  4.9  81    0    0 276 -340  2
3797500 2746500 11  6 23   6.4 1022 261  2.1 6  5.0  84    0    0 287 -340  2
3797500 2746500 11  6 24   6.7 1021 251  2.2 5  5.1  84    0    0 288 -340  2
3797500 2746500 11  7  1   6.8 1021 231  2.4 8  5.1  85    0    0 298 -339  2
3797500 2746500 11  7  2   7.1 1020 240  2.5 8  5.3  85    0    0 313 -338  2
3797500 2746500 11  7  3   7.0 1020 242  3.1 8  5.4  87    0    0 315 -338  2
3797500 2746500 11  7  4   7.4 1019 232  3.8 8  5.6  89    0    0 316 -337  2
3797500 2746500 11  7  5   7.6 1018 242  3.6 8  5.6  88    0    0 316 -336  2
3797500 2746500 11  7  6   7.9 1017 241  4.2 8  5.5  84    0    0 317 -336  2
3797500 2746500 11  7  7   8.1 1016 241  4.5 8  5.4  81    0    0 318 -336  2
3797500 2746500 11  7  8   8.4 1015 239  5.2 8  5.4  80    0    0 320 -337  2
3797500 2746500 11  7  9   8.4 1014 250  5.7 8  5.6  81    0    9 323 -338  2
3797500 2746500 11  7 10   7.9 1014 240  5.1 8  5.6  84    0   24 324 -341  2
3797500 2746500 11  7 11   8.5 1013 245  5.2 8  5.8  85    0   36 326 -343  2
3797500 2746500 11  7 12   9.1 1012 250  5.6 8  6.0  86    0   38 329 -345  2
3797500 2746500 11  7 13   8.8 1012 258  5.1 7  6.4  89    0   59 326 -347  2
3797500 2746500 11  7 14   8.9 1011 258  5.1 6  6.6  93    0   58 316 -350  2
3797500 2746500 11  7 15   9.3 1011 250  5.0 7  6.7  93    0   44 320 -354  2
3797500 2746500 11  7 16   9.7 1010 258  4.6 8  6.7  90    0   26 334 -355  2
3797500 2746500 11  7 17  10.0 1010 268  3.5 7  6.7  88    0    9 338 -356  2
3797500 2746500 11  7 18  10.1 1010 259  4.6 7  6.7  87    0    0 334 -357  2
3797500 2746500 11  7 19  10.1 1010 265  3.6 8  6.8  88    0    0 341 -357  2
3797500 2746500 11  7 20  10.1 1011 271  2.3 7  6.8  87    0    0 342 -358  2
3797500 2746500 11  7 21   9.9 1011 261  1.9 7  6.7  87    0    0 336 -358  2
3797500 2746500 11  7 22   9.6 1012 259  1.7 6  6.7  88    0    0 329 -359  2
3797500 2746500 11  7 23   9.2 1012 259  1.6 7  6.7  90    0    0 328 -360  2
3797500 2746500 11  7 24   9.2 1012 268  1.6 5  6.6  91    0    0 321 -360  2
3797500 2746500 11  8  1   8.8 1012 260  1.3 3  6.5  90    0    0 293 -360  2
3797500 2746500 11  8  2   8.3 1012 250  1.5 2  6.2  90    0    0 270 -360  2
3797500 2746500 11  8  3   8.1 1012 257  1.4 4  6.1  90    0    0 275 -361  2
3797500 2746500 11  8  4   7.7 1012 249  1.3 6  6.1  91    0    0 300 -361  2
3797500 2746500 11  8  5   7.7 1012 230  1.4 7  6.0  92    0    0 319 -361  2
3797500 2746500 11  8  6   8.0 1012 238  1.6 5  6.1  92    0    0 314 -361  2
3797500 2746500 11  8  7   8.5 1012 241  2.1 7  6.3  93    0    0 316 -361  2
3797500 2746500 11  8  8   8.9 1011 239  2.4 8  6.7  95    0    0 337 -360  2
3797500 2746500 11  8  9   9.3 1011 253  1.9 7  6.8  95    0   17 339 -360  2
3797500 2746500 11  8 10   9.5 1011 233  1.5 8  6.9  94    0   36 340 -359  2
3797500 2746500 11  8 11  10.2 1011 231  2.9 7  7.1  93    0   75 341 -360  2
3797500 2746500 11  8 12  10.4 1010 238  3.5 8  7.1  90    0   72 343 -360  2
3797500 2746500 11  8 13  10.7 1009 238  3.9 7  6.9  86    1  107 344 -360  2
3797500 2746500 11  8 14  11.2 1007 238  3.2 6  6.8  83    2   98 333 -360  2
3797500 2746500 11  8 15  11.2 1006 228  4.2 6  6.8  81    0   71 328 -361  2
3797500 2746500 11  8 16  10.8 1005 238  3.7 7  6.8  82    0   25 334 -361  2
3797500 2746500 11  8 17  10.6 1004 239  3.2 8  6.8  84    0    1 347 -361  2
3797500 2746500 11  8 18  10.6 1003 240  3.7 7  6.8  84    0    0 348 -362  2
3797500 2746500 11  8 19  10.9 1002 230  4.4 8  6.8  83    0    0 348 -362  2
3797500 2746500 11  8 20  10.8 1001 229  4.6 8  6.7  81    0    0 353 -362  2
3797500 2746500 11  8 21  10.2 1000 237  4.2 8  6.7  84    0    0 353 -360  2
3797500 2746500 11  8 22   8.4  998 283  2.2 8  6.5  88    0    0 349 -356  2
3797500 2746500 11  8 23   8.1  998 265  1.5 8  6.1  88    0    0 346 -353  2
3797500 2746500 11  8 24   8.0  998 274  2.1 8  6.0  88    0    0 342 -350  2
3797500 2746500 11  9  1   7.0  998 280  3.0 8  5.7  87    0    0 336 -347  2
3797500 2746500 11  9  2   6.8  998 294  3.1 7  5.5  88    0    0 324 -342  2
3797500 2746500 11  9  3   5.4  998 330  4.4 7  5.2  88    0    0 312 -337  2
3797500 2746500 11  9  4   5.2  999 318  2.7 8  4.9  87    0    0 313 -333  2
3797500 2746500 11  9  5   4.9 1000 310  3.3 7  4.6  84    0    0 309 -329  2
3797500 2746500 11  9  6   4.3 1000 287  2.7 5  4.3  81    0    0 289 -327  2
3797500 2746500 11  9  7   3.9 1001 260  2.8 7  4.3  83    0    0 287 -325  2
3797500 2746500 11  9  8   4.2 1002 261  3.2 8  4.4  86    0    5 300 -323  2
3797500 2746500 11  9  9   4.3 1003 259  3.3 6  4.4  85   32   32 294 -323  2
3797500 2746500 11  9 10   4.3 1004 282  3.6 7  4.4  84    1   65 287 -325  2
3797500 2746500 11  9 11   4.1 1005 257  3.6 8  4.4  86    0   65 296 -327  2
3797500 2746500 11  9 12   5.4 1006 260  3.8 6  4.6  86   20  120 294 -332  2
3797500 2746500 11  9 13   5.8 1006 286  3.4 7  4.7  82    0   94 292 -336  2
3797500 2746500 11  9 14   5.8 1007 281  3.1 6  4.7  81   60   94 292 -338  2
3797500 2746500 11  9 15   5.3 1007 304  3.7 4  4.6  82  139   47 278 -339  2
3797500 2746500 11  9 16   6.1 1008 279  3.3 6  4.6  80   39   34 278 -338  2
3797500 2746500 11  9 17   5.5 1009 266  2.8 6  4.7  81    1   10 286 -335  2
3797500 2746500 11  9 18   5.3 1009 267  2.7 6  4.5  81    0    0 285 -333  2
3797500 2746500 11  9 19   5.2 1010 267  2.7 7  4.6  83    0    0 288 -331  2
3797500 2746500 11  9 20   5.5 1011 264  2.4 7  4.6  83    0    0 293 -331  2
3797500 2746500 11  9 21   5.4 1011 269  2.4 7  4.6  82    0    0 293 -330  2
3797500 2746500 11  9 22   5.5 1011 260  3.6 7  4.6  83    0    0 294 -329  2
3797500 2746500 11  9 23   5.6 1011 268  3.1 8  4.7  83    0    0 302 -328  2
3797500 2746500 11  9 24   5.6 1011 262  3.1 7  4.8  84    0    0 303 -331  2
3797500 2746500 11 10  1   5.7 1011 255  3.7 8  4.8  84    0    0 304 -332  2
3797500 2746500 11 10  2   5.6 1011 257  4.3 8  4.9  86    0    0 310 -333  2
3797500 2746500 11 10  3   5.5 1010 251  3.6 8  5.0  88    0    0 311 -333  2
3797500 2746500 11 10  4   5.5 1009 243  4.8 7  5.0  88    0    0 306 -334  2
3797500 2746500 11 10  5   6.0 1008 252  4.5 7  5.0  87    0    0 304 -335  2
3797500 2746500 11 10  6   6.4 1007 270  2.6 8  5.3  89    0    0 312 -335  2
3797500 2746500 11 10  7   6.6 1006 263  1.7 8  5.5  91    0    0 321 -335  2
3797500 2746500 11 10  8   7.4 1005 278  2.0 8  5.8  92    0    0 325 -335  2
3797500 2746500 11 10  9   7.4 1004 268  1.6 8  6.1  94    0    7 327 -337  2
3797500 2746500 11 10 10   7.1 1003 300  2.4 7  6.0  94    0   35 321 -341  2
3797500 2746500 11 10 11   8.0 1003 308  2.0 6  6.1  94    5  104 310 -345  2
3797500 2746500 11 10 12   9.0 1004 326  5.1 7  6.2  88    1  104 312 -348  2
3797500 2746500 11 10 13   8.9 1004 324  5.6 6  5.7  80   57  153 311 -352  2
3797500 2746500 11 10 14   8.7 1005 337  4.8 6  5.3  74   79  143 304 -355  2
3797500 2746500 11 10 15   8.6 1006 337  4.8 6  4.9  69   30   99 303 -355  2
3797500 2746500 11 10 16   8.4 1006 331  2.4 8  4.7  68    0   32 315 -352  2
3797500 2746500 11 10 17   7.2 1007 275  1.2 7  4.9  73    0    1 319 -349  2
3797500 2746500 11 10 18   7.3 1008 285  2.0 8  4.9  77    0    0 318 -347  2
3797500 2746500 11 10 19   6.5 1008 313  2.3 8  4.9  80    0    0 322 -346  2
3797500 2746500 11 10 20   6.4 1008 296  1.9 8  5.2  86    0    0 323 -344  2
3797500 2746500 11 10 21   6.5 1008 276  0.9 8  5.3  88    0    0 323 -342  2
3797500 2746500 11 10 22   6.4 1007 217  2.1 7  5.4  89    0    0 318 -342  2
3797500 2746500 11 10 23   6.3 1006 235  1.0 8  5.4  90    0    0 317 -342  2
3797500 2746500 11 10 24   6.2 1005 204  1.2 8  5.5  93    0    0 323 -342  2
3797500 2746500 11 11  1   6.9 1004 230  2.6 8  5.8  95    0    0 325 -342  2
3797500 2746500 11 11  2   8.1 1002 241  4.1 8  6.2  95    0    0 331 -342  2
3797500 2746500 11 11  3   9.9 1001 260  5.8 8  6.8  94    0    0 337 -346  2
3797500 2746500 11 11  4  10.3 1000 259  6.7 8  7.1  90    0    0 342 -352  2
3797500 2746500 11 11  5  10.1  999 260  7.1 8  6.8  87    0    0 342 -354  2
3797500 2746500 11 11  6   9.8  998 259  7.7 8  6.8  88    0    0 342 -355  2
3797500 2746500 11 11  7   9.2  997 258  7.0 8  6.8  91    0    0 342 -355  2
3797500 2746500 11 11  8   9.1  996 257  7.1 8  6.8  93    0    0 341 -355  2
3797500 2746500 11 11  9   9.3  996 260  7.7 8  6.8  92    0    6 342 -355  2
3797500 2746500 11 11 10   8.2  996 286  9.3 7  6.4  90    0   42 333 -355  2
3797500 2746500 11 11 11   9.0  997 284  6.0 6  6.2  88    6   95 317 -355  2
3797500 2746500 11 11 12   8.9  997 304  3.8 6  6.3  87   10  117 309 -356  2
3797500 2746500 11 11 13   9.5  998 318  5.0 6  6.0  82   13  120 308 -353  2
3797500 2746500 11 11 14   8.6  999 331  5.3 4  5.5  76   92   99 293 -348  2
3797500 2746500 11 11 15   7.5 1000 329  4.2 5  5.2  76   52   79 281 -347  2
3797500 2746500 11 11 16   6.8 1002 312  3.7 6  5.0  79    0   25 288 -345  2
3797500 2746500 11 11 17   6.6 1003 327  3.4 6  4.9  80    0    1 289 -341  2
3797500 2746500 11 11 18   5.7 1004 333  3.2 6  4.8  81    0    0 285 -337  2
3797500 2746500 11 11 19   4.8 1004 318  2.3 5  4.7  84    0    0 275 -335  2
3797500 2746500 11 11 20   4.8 1005 312  1.7 5  4.6  85    0    0 266 -334  2
3797500 2746500 11 11 21   4.9 1005 273  2.1 5  4.6  85    0    0 269 -331  2
3797500 2746500 11 11 22   4.3 1006 299  1.6 4  4.5  85    0    0 263 -330  2
3797500 2746500 11 11 23   3.6 1007 276  1.3 4  4.4  86    0    0 256 -329  2
3797500 2746500 11 11 24   3.4 1007 265  1.6 3  4.3  87    0    0 251 -327  2
3797500 2746500 11 12  1   2.7 1008 249  2.5 4  4.3  90    0    0 251 -326  2
3797500 2746500 11 12  2   3.3 1008 285  2.0 6  4.3  92    0    0 265 -324  2
3797500 2746500 11 12  3   2.8 1009 257  3.2 7  4.3  91    0    0 279 -325  2
3797500 2746500 11 12  4   2.4 1009 251  2.2 4  4.2  92    0    0 268 -325  2
3797500 2746500 11 12  5   3.0 1009 257  2.0 4  4.2  91    0    0 254 -323  2
3797500 2746500 11 12  6   3.1 1009 256  2.7 5  4.2  89    0    0 260 -320  2
3797500 2746500 11 12  7   3.3 1010 261  3.0 5  4.2  89    0    0 264 -319  2
3797500 2746500 11 12  8   3.6 1010 256  3.0 6  4.3  87    0    3 268 -321  2
3797500 2746500 11 12  9   4.2 1010 258  3.5 6  4.3  85   25   36 273 -323  2
3797500 2746500 11 12 10   5.2 1011 253  3.0 3  4.3  81   49   81 262 -325  2
3797500 2746500 11 12 11   6.9 1011 278  4.1 4  4.4  75   68  114 256 -328  2
3797500 2746500 11 12 12   7.3 1011 273  4.0 4  4.4  70   85  129 264 -333  2
3797500 2746500 11 12 13   8.1 1011 300  4.2 6  4.4  67   37  134 277 -337  2
3797500 2746500 11 12 14   8.7 1011 297  5.9 6  4.3  63   48  117 287 -340  2
3797500 2746500 11 12 15   8.5 1011 296  3.9 6  4.1  60   17   84 287 -341  2
3797500 2746500 11 12 16   8.4 1011 296  3.8 6  4.2  62   22   44 285 -339  2
3797500 2746500 11 12 17   7.5 1011 287  3.0 6  4.4  66    0    8 283 -335  2
3797500 2746500 11 12 18   7.1 1011 288  2.7 6  4.4  70    0    0 280 -331  2
3797500 2746500 11 12 19   6.9 1012 288  2.8 6  4.5  72    0    0 278 -328  2
3797500 2746500 11 12 20   6.9 1012 289  2.9 6  4.5  72    0    0 276 -326  2
3797500 2746500 11 12 21   6.4 1012 271  2.8 6  4.4  73    0    0 273 -325  2
3797500 2746500 11 12 22   5.5 1012 258  3.9 4  4.4  76    0    0 261 -324  2
3797500 2746500 11 12 23   4.7 1012 260  2.9 4  4.3  79    0    0 249 -322  2
3797500 2746500 11 12 24   4.4 1012 257  3.8 5  4.3  82    0    0 249 -321  2
3797500 2746500 11 13  1   3.7 1012 251  4.2 3  4.3  86    0    0 243 -321  2
3797500 2746500 11 13  2   3.7 1012 245  3.1 4  4.3  88    0    0 238 -321  2
3797500 2746500 11 13  3   3.7 1011 242  2.9 8  4.4  88    0    0 261 -322  2
3797500 2746500 11 13  4   3.7 1011 229  2.8 6  4.4  88    0    0 272 -322  2
3797500 2746500 11 13  5   3.9 1011 237  3.1 7  4.5  89    0    0 270 -321  2
3797500 2746500 11 13  6   4.2 1010 246  3.0 8  4.6  90    0    0 283 -320  2
3797500 2746500 11 13  7   5.0 1009 251  3.3 8  4.7  89    0    0 291 -321  2
3797500 2746500 11 13  8   4.8 1009 269  2.1 8  4.8  89    0    0 296 -322  2
3797500 2746500 11 13  9   5.1 1009 242  2.5 8  4.8  88    0   10 301 -323  2
3797500 2746500 11 13 10   5.2 1008 250  3.9 8  4.7  86    0   61 304 -324  2
3797500 2746500 11 13 11   5.0 1008 239  3.0 5  4.5  83   10  125 288 -327  2
3797500 2746500 11 13 12   5.3 1007 238  3.3 7  4.4  79    0   90 284 -331  2
3797500 2746500 11 13 13   5.3 1006 230  3.1 7  4.2  76    1  111 297 -333  2
3797500 2746500 11 13 14   5.0 1005 231  3.2 7  4.1  74    0   72 299 -334  2
3797500 2746500 11 13 15   4.0 1003 237  3.1 7  4.2  79    0   58 300 -332  2
3797500 2746500 11 13 16   3.8 1002 223  2.6 8  4.4  87    0   26 307 -330  2
3797500 2746500 11 13 17   3.3 1000 196  1.9 8  4.4  88    0    3 313 -330  2
3797500 2746500 11 13 18   3.1  999 169  3.0 8  4.3  88    0    0 313 -331  2
3797500 2746500 11 13 19   2.8  998 159  2.4 8  4.3  90    0    0 315 -334  2
3797500 2746500 11 13 20   3.2  996 128  1.7 8  4.4  90    0    0 317 -336  2
3797500 2746500 11 13 21   3.3  995  97  1.6 8  4.4  91    0    0 320 -337  2
3797500 2746500 11 13 22   3.2  995  74  1.9 8  4.5  92    0    0 320 -339  2
3797500 2746500 11 13 23   3.5  995  74  2.4 7  4.5  91    0    0 319 -340  2
3797500 2746500 11 13 24   4.0  995  96  2.9 7  4.5  88    0    0 304 -340  2
3797500 2746500 11 14  1   4.7 1022 126  3.1 6  4.4  84    0    0 263 -320  2
3797500 2746500 11 14  2   5.4 1022 152  3.1 6  4.4  80    0    0 291 -319  2
3797500 2746500 11 14  3   5.9 1022 170  3.1 7  4.4  78    0    0 306 -318  2
3797500 2746500 11 14  4   6.0 1022 171  3.1 7  4.4  77    0    0 309 -317  2
3797500 2746500 11 14  5   5.9 1022 171  3.2 7  4.4  78    0    0 311 -316  2
3797500 2746500 11 14  6   5.7 1022 171  3.2 7  4.4  78    0    0 311 -316  2
3797500 2746500 11 14  7   6.0 1022 173  3.3 7  4.4  78    0    0 313 -316  2
3797500 2746500 11 14  8   5.9 1023 170  3.1 7  4.5  78    0    0 314 -316  2
3797500 2746500 11 14  9   6.2 1023 190  2.9 7  4.5  77    0   29 317 -316  2
3797500 2746500 11 14 10   6.2 1024 167  3.7 7  4.5  77    0   67 319 -316  2
3797500 2746500 11 14 11   7.2 1024 155  3.5 7  4.7  77    0   84 322 -319  2
3797500 2746500 11 14 12   7.6 1025 156  2.7 8  4.8  76    0   73 328 -329  2
3797500 2746500 11 14 13   7.9 1025 134  2.9 7  5.1  78    0  106 328 -339  2
3797500 2746500 11 14 14   8.4 1025  79  3.1 7  5.3  79    6  127 322 -345  2
3797500 2746500 11 14 15   8.7 1024 159  3.3 7  5.4  79    2   83 321 -346  2
3797500 2746500 11 14 16   8.8 1024 164  2.5 8  5.5  79    0   37 326 -343  2
3797500 2746500 11 14 17   8.7 1024 170  2.0 8  5.5  79    0    5 330 -336  2
3797500 2746500 11 14 18   8.7 1024 170  2.1 8  5.5  80    0    0 328 -329  2
3797500 2746500 11 14 19   8.8 1024 172  2.4 8  5.6  81    0    0 326 -326  2
3797500 2746500 11 14 20   9.0 1024 169  2.2 8  5.5  79    0    0 325 -323  2
3797500 2746500 11 14 21   9.0 1024 159  2.3 8  5.4  77    0    0 322 -321  2
3797500 2746500 11 14 22   8.8 1024 158  1.6 8  5.4  77    0    0 321 -320  2
3797500 2746500 11 14 23   9.1 1025 163  2.0 8  5.3  76    0    0 320 -319  2
3797500 2746500 11 14 24   9.0 1025 148  2.0 7  5.1  73    0    0 315 -318  2
3797500 2746500 11 15  1   8.4 1024 151  2.3 8  5.0  73    0    0 312 -318  2
3797500 2746500 11 15  2   8.3 1025 147  2.6 8  4.8  72    0    0 313 -318  2
3797500 2746500 11 15  3   7.6 1025 138  1.8 7  4.8  73    0    0 306 -318  2
3797500 2746500 11 15  4   7.4 1025 104  1.5 7  4.9  77    0    0 299 -319  2
3797500 2746500 11 15  5   7.0 1024  69  1.2 7  4.9  78    0    0 295 -319  2
3797500 2746500 11 15  6   5.7 1024 100  1.8 6  4.7  80    0    0 287 -320  2
3797500 2746500 11 15  7   4.5 1024  88  2.5 7  4.6  85    0    0 283 -319  2
3797500 2746500 11 15  8   6.5 1024  86  2.2 6  4.3  78    0    0 283 -318  2
3797500 2746500 11 15  9   5.7 1024 102  1.8 6  4.4  76   11   39 282 -317  2
3797500 2746500 11 15 10   8.8 1024 113  1.6 3  4.5  72   70   90 272 -318  2
3797500 2746500 11 15 11  10.1 1023 282  0.8 1  4.4  60  128  121 255 -324  2
3797500 2746500 11 15 12  10.9 1023 318  1.1 1  4.2  54  168  134 249 -335  2
3797500 2746500 11 15 13  12.4 1022 215  1.3 0  4.1  48  188  132 249 -347  2
3797500 2746500 11 15 14  12.3 1022 326  1.8 0  3.8  44  166  119 247 -355  2
3797500 2746500 11 15 15  12.7 1021 142  1.6 0  3.5  39  117   94 248 -358  2
3797500 2746500 11 15 16  11.9 1021  66  2.0 1  3.4  38   50   57 251 -356  2
3797500 2746500 11 15 17   8.7 1020  53  1.5 1  3.7  47    1   11 250 -351  2
3797500 2746500 11 15 18   6.7 1020 104  1.8 1  4.1  63    0    0 242 -348  2
3797500 2746500 11 15 19   6.6 1020 203  2.7 1  4.3  71    0    0 240 -347  2
3797500 2746500 11 15 20   4.9 1020 203  1.9 0  4.4  77    0    0 237 -347  2
3797500 2746500 11 15 21   4.6 1020 193  1.6 0  4.4  84    0    0 232 -348  2
3797500 2746500 11 15 22   4.1 1020 175  2.4 0  4.4  85    0    0 232 -349  2
3797500 2746500 11 15 23   4.0 1020 163  2.7 0  4.4  87    0    0 230 -348  2
3797500 2746500 11 15 24   4.3 1020 175  3.9 1  4.4  87    0    0 233 -346  2
3797500 2746500 11 16  1   4.7 1019 164  3.5 5  4.5  86    0    0 254 -346  2
3797500 2746500 11 16  2   5.2 1019 162  2.0 6  4.5  84    0    0 276 -347  2
3797500 2746500 11 16  3   4.8 1019 162  2.2 5  4.5  84    0    0 277 -346  2
3797500 2746500 11 16  4   4.7 1019 172  2.3 6  4.5  85    0    0 277 -345  2
3797500 2746500 11 16  5   5.0 1019 161  2.8 6  4.4  82    0    0 282 -345  2
3797500 2746500 11 16  6   3.2 1018 172  1.9 6  4.3  85    0    0 280 -344  2
3797500 2746500 11 16  7   3.6 1018 169  1.9 8  4.2  87    0    0 286 -343  2
3797500 2746500 11 16  8   2.8 1019 158  1.3 8  4.1  86    0    0 293 -342  2
3797500 2746500 11 16  9   3.6 1019 140  2.3 8  4.0  84    0   21 294 -341  2
3797500 2746500 11 16 10   3.4 1019 120  2.1 7  3.9  81    0   50 290 -343  2
3797500 2746500 11 16 11   3.9 1019  98  2.1 7  3.9  79    0   55 285 -348  2
3797500 2746500 11 16 12   4.3 1019  99  2.1 7  3.9  78    0   64 285 -355  2
3797500 2746500 11 16 13   4.7 1018  56  1.7 7  4.0  77    0   62 284 -361  2
3797500 2746500 11 16 14   4.1 1018  67  1.4 7  4.0  77    0   57 283 -365  2
3797500 2746500 11 16 15   3.8 1017  36  1.8 7  4.0  80    0   49 283 -366  2
3797500 2746500 11 16 16   4.0 1017  90  1.8 7  4.0  81    0   32 284 -363  2
3797500 2746500 11 16 17   3.7 1016 165  1.4 8  4.1  82    0    3 287 -357  2
3797500 2746500 11 16 18   3.9 1016 164  1.6 7  4.2  84    0    0 286 -352  2
3797500 2746500 11 16 19   3.9 1016 161  1.5 8  4.2  84    0    0 286 -348  2
3797500 2746500 11 16 20   3.9 1016 143  1.7 8  4.2  85    0    0 290 -347  2
3797500 2746500 11 16 21   3.8 1016 143  2.1 8  4.2  85    0    0 291 -346  2
3797500 2746500 11 16 22   3.8 1016 143  2.5 8  4.2  84    0    0 292 -346  2
3797500 2746500 11 16 23   3.6 1015 162  1.8 8  4.2  84    0    0 291 -346  2
3797500 2746500 11 16 24   3.5 1015 200  1.4 8  4.1  84    0    0 291 -346  2
3797500 2746500 11 17  1   3.0 1015 159  2.1 8  4.1  86    0    0 289 -347  2
3797500 2746500 11 17  2   3.0 1015 144  2.2 8  4.1  87    0    0 287 -348  2
3797500 2746500 11 17  3   3.1 1014 154  2.3 8  4.1  86    0    0 286 -348  2
3797500 2746500 11 17  4   2.8 1014 155  2.4 8  4.1  87    0    0 285 -349  2
3797500 2746500 11 17  5   2.7 1014 162  2.2 8  4.0  87    0    0 283 -348  2
3797500 2746500 11 17  6   2.5 1014 166  2.3 8  4.0  87    0    0 281 -347  2
3797500 2746500 11 17  7   2.5 1014 165  2.7 8  4.0  87    0    0 280 -345  2
3797500 2746500 11 17  8   2.5 1013 156  2.4 8  3.9  87    0    0 280 -345  2
3797500 2746500 11 17  9   2.4 1013 157  2.6 8  3.9  87    0   13 279 -346  2
3797500 2746500 11 17 10   2.5 1014 152  3.6 7  3.9  86    0   37 274 -348  2
3797500 2746500 11 17 11   2.6 1013 159  2.9 7  3.9  85    0   49 269 -353  2
3797500 2746500 11 17 12   2.9 1013 163  3.4 7  3.9  84    0   72 267 -361  2
3797500 2746500 11 17 13   3.2 1013 156  2.5 7  3.9  84    0   83 266 -369  2
3797500 2746500 11 17 14   3.4 1012 172  2.0 7  4.0  82    6  104 266 -373  2
3797500 2746500 11 17 15   3.2 1012 170  1.9 5  3.9  82   49   86 259 -373  2
3797500 2746500 11 17 16   3.1 1011 171  1.8 4  3.9  82   49   38 250 -371  2
3797500 2746500 11 17 17   1.8 1011 129  1.2 2  3.9  85    0    8 242 -368  2
3797500 2746500 11 17 18   1.3 1011 112  2.0 1  3.8  90    0    0 234 -365  2
3797500 2746500 11 17 19   1.1 1011 111  1.5 1  3.8  91    0    0 233 -362  2
3797500 2746500 11 17 20   1.0 1010 110  0.5 0  3.8  92    0    0 233 -360  2
3797500 2746500 11 17 21   1.5 1010 174  2.0 1  3.7  90    0    0 236 -360  2
3797500 2746500 11 17 22   1.9 1010 154  2.2 0  3.7  87    0    0 237 -359  2
3797500 2746500 11 17 23   3.6 1009 163  2.8 0  3.8  82    0    0 238 -357  2
3797500 2746500 11 17 24   3.9 1009 162  2.7 0  3.8  77    0    0 238 -357  2
3797500 2746500 11 18  1   4.1 1008 180  1.9 0  3.9  76    0    0 237 -356  2
3797500 2746500 11 18  2   4.1 1008 163  2.8 0  3.9  76    0    0 237 -356  2
3797500 2746500 11 18  3   4.6 1007 171  2.8 0  3.9  75    0    0 235 -356  2
3797500 2746500 11 18  4   4.3 1007 180  2.0 0  3.9  74    0    0 234 -355  2
3797500 2746500 11 18  5   4.5 1006 192  2.4 0  3.8  74    0    0 233 -354  2
3797500 2746500 11 18  6   4.0 1006 174  2.8 0  3.8  73    0    0 231 -352  2
3797500 2746500 11 18  7   4.1 1005 171  3.5 0  3.7  73    0    0 230 -349  2
3797500 2746500 11 18  8   3.6 1005 173  3.6 0  3.8  75    0    0 228 -347  2
3797500 2746500 11 18  9   4.2 1005 172  4.6 1  3.9  77    9   29 232 -347  2
3797500 2746500 11 18 10   5.0 1005 172  4.6 2  4.1  78   57   72 240 -348  2
3797500 2746500 11 18 11   6.2 1004 161  4.6 4  4.4  77   73  112 251 -353  2
3797500 2746500 11 18 12   6.4 1005 161  3.9 4  4.7  78  119  122 259 -359  2
3797500 2746500 11 18 13   7.3 1004 161  4.4 5  4.9  80  148  113 263 -364  2
3797500 2746500 11 18 14   7.8 1004 162  3.8 5  5.2  80  145   92 268 -366  2
3797500 2746500 11 18 15   8.2 1003 173  3.2 5  5.4  80   97   72 270 -367  2
3797500 2746500 11 18 16   8.4 1003 165  3.3 7  5.6  81   37   38 276 -365  2
3797500 2746500 11 18 17   8.2 1003 172  3.0 8  5.6  82    0    4 282 -361  2
3797500 2746500 11 18 18   8.5 1003 173  2.5 8  5.6  81    0    0 285 -356  2
3797500 2746500 11 18 19   8.5 1003 172  1.4 7  5.6  80    0    0 285 -354  2
3797500 2746500 11 18 20   8.6 1003 173  1.7 8  5.7  81    0    0 288 -353  2
3797500 2746500 11 18 21   8.7 1003 185  1.6 8  5.8  82    0    0 293 -352  2
3797500 2746500 11 18 22   8.6 1003 194  1.4 8  6.0  85    0    0 296 -352  2
3797500 2746500 11 18 23   8.5 1003 183  1.0 7  6.1  87    0    0 294 -351  2
3797500 2746500 11 18 24   8.4 1003 176  1.4 7  6.1  88    0    0 293 -349  2
3797500 2746500 11 19  1   8.7 1003 177  0.9 8  6.1  87    0    0 301 -348  2
3797500 2746500 11 19  2   8.4 1004 163  0.8 8  6.1  88    0    0 308 -347  2
3797500 2746500 11 19  3   8.6 1004 178  0.6 8  6.2  89    0    0 312 -345  2
3797500 2746500 11 19  4   8.6 1004 176  0.3 8  6.3  90    0    0 316 -344  2
3797500 2746500 11 19  5   8.7 1003 178  0.6 7  6.4  91    0    0 314 -342  2
3797500 2746500 11 19  6   8.8 1003 161  1.2 8  6.5  91    0    0 318 -340  2
3797500 2746500 11 19  7   8.6 1003 194  1.0 8  6.6  93    0    0 326 -339  2
3797500 2746500 11 19  8   8.5 1004 192  0.6 8  6.6  94    0    0 329 -340  2
3797500 2746500 11 19  9   8.3 1004 242  0.7 8  6.6  95    0    9 331 -341  2
3797500 2746500 11 19 10   8.3 1005 253  0.5 8  6.5  95    0   24 332 -343  2
3797500 2746500 11 19 11   8.1 1005 300  0.7 8  6.5  96    0   27 333 -346  2
3797500 2746500 11 19 12   7.9 1006 340  2.2 8  6.5  97    0   35 333 -348  2
3797500 2746500 11 19 13   7.8 1006 325  1.7 7  6.5  98    0   34 329 -349  2
3797500 2746500 11 19 14   7.7 1007 343  1.9 8  6.5  99    0   33 329 -350  2
3797500 2746500 11 19 15   7.8 1007 345  1.5 7  6.5  99    0   48 330 -349  2
3797500 2746500 11 19 16   7.4 1007   4  2.6 8  6.3  97    3   28 330 -349  2
3797500 2746500 11 19 17   7.3 1008 335  1.8 8  6.0  94    0    0 335 -348  2
3797500 2746500 11 19 18   7.2 1009 352  1.3 8  5.9  93    0    0 335 -348  2
3797500 2746500 11 19 19   6.6 1009  17  1.4 7  5.8  94    0    0 328 -348  2
3797500 2746500 11 19 20   5.7 1010 346  1.4 6  5.7  97    0    0 315 -348  2
3797500 2746500 11 19 21   5.1 1011  23  1.4 6  5.6 100    0    0 308 -347  2
3797500 2746500 11 19 22   5.1 1011  72  1.4 7  5.4  99    0    0 313 -347  2
3797500 2746500 11 19 23   5.3 1011  45  1.4 7  5.4  98    0    0 319 -346  2
3797500 2746500 11 19 24   5.4 1011  54  1.3 6  5.5  98    0    0 313 -346  2
3797500 2746500 11 20  1   5.1 1012  77  1.5 6  5.4  98    0    0 306 -346  2
3797500 2746500 11 20  2   4.7 1011 120  2.1 5  5.3  98    0    0 298 -344  2
3797500 2746500 11 20  3   5.0 1011  84  1.5 5  5.2  96    0    0 289 -341  2
3797500 2746500 11 20  4   4.5 1011 111  1.5 2  5.1  96    0    0 268 -342  2
3797500 2746500 11 20  5   3.7 1010 105  1.8 3  5.0  98    0    0 251 -343  2
3797500 2746500 11 20  6   3.9 1010 114  1.6 3  4.9  98    0    0 256 -344  2
3797500 2746500 11 20  7   3.3 1010 112  0.9 5  4.8  98    0    0 268 -345  2
3797500 2746500 11 20  8   4.0 1010 112  1.6 5  4.8  98    0    0 283 -345  2
3797500 2746500 11 20  9   5.4 1010 123  2.3 4  5.1  97    8   28 281 -344  2
3797500 2746500 11 20 10   7.5 1010 136  1.9 1  5.7  94   65   68 261 -343  2
3797500 2746500 11 20 11   9.2 1010 140  3.9 2  6.0  87  106   97 258 -348  2
3797500 2746500 11 20 12  10.2 1010 162  2.6 5  6.3  84   69  134 291 -355  2
3797500 2746500 11 20 13  11.3 1009 165  3.2 4  6.6  82  160  106 308 -360  2
3797500 2746500 11 20 14  11.2 1009 176  2.1 3  6.6  80  156   87 301 -363  2
3797500 2746500 11 20 15  12.1 1009 170  2.1 1  6.7  78  114   68 287 -364  2
3797500 2746500 11 20 16  11.5 1008 173  2.0 4  6.7  77   40   37 293 -364  2
3797500 2746500 11 20 17  11.4 1009 172  2.6 6  6.7  78    0    4 318 -363  2
3797500 2746500 11 20 18  11.4 1009 173  3.5 5  6.6  78    0    0 322 -363  2
3797500 2746500 11 20 19  10.7 1009 162  4.2 4  6.5  79    0    0 309 -363  2
3797500 2746500 11 20 20  10.5 1009 162  4.0 3  6.4  80    0    0 296 -363  2
3797500 2746500 11 20 21  10.3 1010 173  3.1 1  6.4  81    0    0 282 -363  2
3797500 2746500 11 20 22  10.3 1010 167  3.1 3  6.3  80    0    0 282 -363  2
3797500 2746500 11 20 23  10.1 1010 170  2.8 3  6.2  80    0    0 291 -362  2
3797500 2746500 11 20 24   9.9 1010 173  2.7 4  6.0  79    0    0 295 -359  2
3797500 2746500 11 21  1   9.5 1010 162  2.5 2  5.9  79    0    0 288 -357  2
3797500 2746500 11 21  2   9.6 1011 171  2.4 1  5.8  78    0    0 272 -356  2
3797500 2746500 11 21  3   9.2 1010 170  1.8 2  5.7  78    0    0 271 -354  2
3797500 2746500 11 21  4   8.7 1011 170  2.2 4  5.7  79    0    0 284 -353  2
3797500 2746500 11 21  5   8.4 1011 180  2.2 4  5.5  79    0    0 291 -352  2
3797500 2746500 11 21  6   8.1 1010 181  2.2 2  5.4  79    0    0 280 -350  2
3797500 2746500 11 21  7   7.7 1011 180  2.3 1  5.3  79    0    0 264 -349  2
3797500 2746500 11 21  8   7.3 1011 170  2.5 3  5.2  80    0    0 268 -348  2
3797500 2746500 11 21  9   7.7 1011 170  2.5 4  5.1  78    0   24 283 -348  2
3797500 2746500 11 21 10   8.3 1011 160  2.6 6  5.1  76   19   85 299 -350  2
3797500 2746500 11 21 11   9.0 1011 168  3.0 5  5.2  74   79  131 305 -355  2
3797500 2746500 11 21 12  10.4 1012 170  2.7 3  5.3  71  116  154 293 -362  2
3797500 2746500 11 21 13  10.7 1011 161  3.5 3  5.4  68  118  157 287 -369  2
3797500 2746500 11 21 14  11.2 1011 171  3.1 4  5.5  67  113  141 292 -374  2
3797500 2746500 11 21 15  11.2 1011 162  2.5 2  5.5  66   79  107 290 -375  2
3797500 2746500 11 21 16   9.9 1011 172  2.1 1  5.5  69   32   54 277 -374  2
3797500 2746500 11 21 17   9.7 1011 171  2.2 2  5.3  71    0    6 275 -370  2
3797500 2746500 11 21 18   8.2 1011 171  2.4 4  5.2  73    0    0 285 -367  2
3797500 2746500 11 21 19   7.5 1011 183  1.9 3  5.1  77    0    0 285 -366  2
3797500 2746500 11 21 20   7.2 1011 173  2.5 5  5.0  78    0    0 287 -365  2
3797500 2746500 11 21 21   6.5 1011 184  2.0 4  4.9  79    0    0 289 -364  2
3797500 2746500 11 21 22   5.9 1011 176  2.7 3  4.8  81    0    0 280 -363  2
3797500 2746500 11 21 23   5.3 1011 171  2.7 2  4.7  83    0    0 272 -361  2
3797500 2746500 11 21 24   4.9 1011 169  2.2 2  4.6  84    0    0 266 -359  2
3797500 2746500 11 22  1   4.3 1011 175  2.9 3  4.5  85    0    0 269 -358  2
3797500 2746500 11 22  2   4.5 1010 184  2.4 5  4.5  86    0    0 280 -358  2
3797500 2746500 11 22  3   4.4 1010 174  2.7 6  4.6  87    0    0 294 -358  2
3797500 2746500 11 22  4   4.2 1009 175  2.3 6  4.5  88    0    0 297 -359  2
3797500 2746500 11 22  5   4.2 1009 174  4.1 7  4.5  88    0    0 302 -361  2
3797500 2746500 11 22  6   3.7 1009 164  3.3 8  4.4  87    0    0 311 -362  2
3797500 2746500 11 22  7   3.6 1008 163  3.2 7  4.3  87    0    0 312 -363  2
3797500 2746500 11 22  8   3.7 1008 173  3.6 6  4.3  86    0    0 306 -363  2
3797500 2746500 11 22  9   4.0 1008 160  3.9 7  4.3  86    0    6 308 -364  2
3797500 2746500 11 22 10   4.4 1008 167  4.4 6  4.4  86    2   55 309 -365  2
3797500 2746500 11 22 11   5.1 1007 168  5.0 6  4.5  84   11   92 307 -368  2
3797500 2746500 11 22 12   5.5 1007 175  4.8 7  4.5  82   10  107 314 -369  2
3797500 2746500 11 22 13   6.1 1006 174  4.0 7  4.6  79   28  114 320 -370  2
3797500 2746500 11 22 14   6.9 1006 172  5.1 7  4.6  76   23  100 323 -370  2
3797500 2746500 11 22 15   7.6 1005 173  4.1 6  4.7  73   30   73 321 -371  2
3797500 2746500 11 22 16   7.3 1005 173  4.8 8  4.7  73    3   31 327 -371  2
3797500 2746500 11 22 17   6.9 1006 170  5.0 8  4.7  74    0    1 335 -370  2
3797500 2746500 11 22 18   6.6 1006 178  4.3 8  4.7  77    0    0 333 -369  2
3797500 2746500 11 22 19   6.7 1007 179  4.2 8  5.0  81    0    0 333 -368  2
3797500 2746500 11 22 20   7.5 1008 179  4.1 7  5.2  82    0    0 330 -366  2
3797500 2746500 11 22 21   8.0 1008 179  4.3 7  5.3  81    0    0 326 -362  2
3797500 2746500 11 22 22   8.6 1008 188  4.5 8  5.5  80    0    0 332 -357  2
3797500 2746500 11 22 23  10.0 1009 200  4.8 8  5.7  77    0    0 340 -354  2
3797500 2746500 11 22 24  10.3 1009 227  5.8 7  5.7  73    0    0 336 -350  2
3797500 2746500 11 23  1  10.0 1010 228  5.4 8  5.7  74    0    0 336 -346  2
3797500 2746500 11 23  2   9.6 1011 234  4.8 7  5.7  75    0    0 336 -344  2
3797500 2746500 11 23  3   9.7 1012 235  4.9 7  5.7  76    0    0 331 -342  2
3797500 2746500 11 23  4   8.9 1013 237  4.9 7  5.6  77    0    0 332 -341  2
3797500 2746500 11 23  5   6.6 1014 229  3.4 5  5.6  85    0    0 316 -340  2
3797500 2746500 11 23  6   5.8 1014 221  3.5 2  5.4  92    0    0 282 -341  2
3797500 2746500 11 23  7   6.8 1015 210  3.2 3  5.4  91    0    0 270 -341  2
3797500 2746500 11 23  8   6.5 1015 169  2.1 4  5.5  90    0    0 283 -341  2
3797500 2746500 11 23  9   6.5 1015 187  2.7 3  5.4  90    8   24 282 -340  2
3797500 2746500 11 23 10   7.9 1016 179  3.8 1  5.5  87   73   56 264 -341  2
3797500 2746500 11 23 11   9.7 1016 198  4.3 0  5.6  80  153   66 248 -344  2
3797500 2746500 11 23 12  10.9 1016 198  4.6 0  5.7  73  210   68 246 -347  2
3797500 2746500 11 23 13  11.5 1016 193  4.4 0  5.7  69  229   67 248 -350  2
3797500 2746500 11 23 14  12.2 1015 190  4.2 0  5.5  64  198   63 250 -352  2
3797500 2746500 11 23 15  11.9 1015 183  4.2 0  5.4  62  134   52 250 -351  2
3797500 2746500 11 23 16  11.0 1014 178  4.0 0  5.3  63   48   30 248 -349  2
3797500 2746500 11 23 17   9.7 1014 169  3.8 1  5.1  66    0    0 250 -345  2
3797500 2746500 11 23 18   8.8 1014 169  4.0 1  5.1  70    0    0 253 -338  2
3797500 2746500 11 23 19   8.3 1014 160  4.5 0  5.0  72    0    0 243 -333  2
3797500 2746500 11 23 20   7.7 1014 156  4.3 0  5.0  74    0    0 233 -330  2
3797500 2746500 11 23 21   7.3 1014 152  4.5 0  4.9  77    0    0 231 -328  2
3797500 2746500 11 23 22   7.1 1013 153  4.4 0  4.9  78    0    0 230 -327  2
3797500 2746500 11 23 23   6.3 1013 159  4.1 1  4.8  81    0    0 227 -326  2
3797500 2746500 11 23 24   5.5 1012 164  3.7 3  4.7  83    0    0 225 -326  2
3797500 2746500 11 24  1   4.2 1015 168  3.3 5  4.4  86    0    0 292 -312  2
3797500 2746500 11 24  2   3.3 1016 167  3.0 7  4.2  88    0    0 291 -312  2
3797500 2746500 11 24  3   2.4 1015 162  2.9 8  4.1  90    0    0 290 -312  2
3797500 2746500 11 24  4   2.3 1015 153  2.9 8  4.0  89    0    0 289 -312  2
3797500 2746500 11 24  5   2.2 1015 154  2.9 8  4.0  89    0    0 288 -312  2
3797500 2746500 11 24  6   1.9 1015 134  3.5 8  3.9  89    0    0 287 -312  2
3797500 2746500 11 24  7   2.0 1014 156  2.9 8  3.8  88    0    0 288 -312  2
3797500 2746500 11 24  8   2.0 1014 151  3.1 8  3.8  86    0    0 289 -312  2
3797500 2746500 11 24  9   2.3 1014 127  3.5 8  3.7  85    0    9 291 -312  2
3797500 2746500 11 24 10   2.4 1013 133  3.3 7  3.7  84    0   48 287 -313  2
3797500 2746500 11 24 11   2.4 1013 128  3.5 7  3.7  83    0   73 280 -314  2
3797500 2746500 11 24 12   2.9 1013 134  3.4 7  3.8  83    0   81 278 -316  2
3797500 2746500 11 24 13   3.7 1012 107  3.4 6  3.9  81   13  130 271 -318  2
3797500 2746500 11 24 14   4.8 1012 102  3.2 5  3.9  76   93  136 259 -321  2
3797500 2746500 11 24 15   4.6 1010  96  3.9 6  4.0  74   44   98 258 -321  2
3797500 2746500 11 24 16   4.5 1009 111  3.1 6  3.9  75   15   46 261 -319  2
3797500 2746500 11 24 17   3.9 1009 105  2.4 6  3.9  76    0    6 259 -318  2
3797500 2746500 11 24 18   3.5 1008  84  1.4 7  3.9  78    0    0 263 -317  2
3797500 2746500 11 24 19   3.4 1008  83  2.2 7  3.9  80    0    0 266 -316  2
3797500 2746500 11 24 20   3.5 1008  74  2.1 6  3.9  80    0    0 259 -316  2
3797500 2746500 11 24 21   2.9 1007  84  2.3 6  3.9  81    0    0 252 -316  2
3797500 2746500 11 24 22   2.9 1007  88  2.7 6  3.9  82    0    0 251 -316  2
3797500 2746500 11 24 23   2.9 1006  76  2.3 6  3.8  82    0    0 253 -316  2
3797500 2746500 11 24 24   2.5 1006  89  2.8 5  3.8  82    0    0 249 -316  2
3797500 2746500 11 25  1   2.5 1005  86  2.4 6  3.8  83    0    0 250 -316  2
3797500 2746500 11 25  2   2.7 1005  61  2.0 5  3.8  82    0    0 252 -315  2
3797500 2746500 11 25  3   2.2 1004  60  1.1 6  3.7  81    0    0 252 -315  2
3797500 2746500 11 25  4   2.1 1004  63  1.3 6  3.6  82    0    0 258 -314  2
3797500 2746500 11 25  5   2.7 1004 108  1.2 7  3.7  81    0    0 266 -314  2
3797500 2746500 11 25  6   2.4 1003 125  1.6 6  3.7  81    0    0 267 -314  2
3797500 2746500 11 25  7   2.5 1003 123  2.1 4  3.7  81    0    0 248 -314  2
3797500 2746500 11 25  8   2.0 1003  81  1.5 4  3.7  81    0    0 235 -314  2
3797500 2746500 11 25  9   2.5 1003  67  1.4 4  3.7  81    0    7 236 -314  2
3797500 2746500 11 25 10   3.1 1003 146  1.6 6  3.7  80    4   60 252 -314  2
3797500 2746500 11 25 11   5.2 1003 135  3.8 4  4.0  77   51  117 256 -315  2
3797500 2746500 11 25 12   5.7 1003  98  4.7 4  4.2  74   92  140 244 -316  2
3797500 2746500 11 25 13   6.6 1003 144  4.1 5  4.2  71   94  145 253 -320  2
3797500 2746500 11 25 14   7.2 1002 143  3.9 4  4.3  68  108  124 253 -327  2
3797500 2746500 11 25 15   7.6 1002 132  2.8 5  4.3  67   41   94 253 -330  2
3797500 2746500 11 25 16   7.2 1002 115  1.9 5  4.4  68   13   43 261 -328  2
3797500 2746500 11 25 17   6.4 1002  55  1.1 5  4.3  69    0    6 257 -324  2
3797500 2746500 11 25 18   5.9 1002  60  1.1 4  4.2  70    0    0 247 -321  2
3797500 2746500 11 25 19   6.1 1002  47  2.5 5  4.2  71    0    0 249 -318  2
3797500 2746500 11 25 20   5.7 1002 100  1.2 5  4.2  71    0    0 261 -316  2
3797500 2746500 11 25 21   5.9 1002 130  4.4 7  4.1  72    0    0 281 -316  2
3797500 2746500 11 25 22   5.7 1002 153  2.2 6  4.2  72    0    0 291 -316  2
3797500 2746500 11 25 23   5.4 1002  86  1.5 6  4.2  73    0    0 283 -315  2
3797500 2746500 11 25 24   5.2 1002 117  1.1 5  4.1  74    0    0 275 -314  2
3797500 2746500 11 26  1   5.5 1002  87  1.7 5  4.1  73    0    0 268 -313  2
3797500 2746500 11 26  2   6.1 1002 144  1.7 5  4.1  70    0    0 271 -313  2
3797500 2746500 11 26  3   5.6 1003 119  1.7 2  4.0  69    0    0 250 -313  2
3797500 2746500 11 26  4   5.6 1003  22  0.5 2  4.0  70    0    0 231 -313  2
3797500 2746500 11 26  5   5.0 1003  80  0.7 3  3.9  71    0    0 238 -313  2
3797500 2746500 11 26  6   4.9 1003  45  0.6 3  4.0  73    0    0 242 -313  2
3797500 2746500 11 26  7   4.7 1003  33  1.4 4  4.1  75    0    0 247 -313  2
3797500 2746500 11 26  8   5.1 1003  53  0.8 4  4.1  75    0    0 256 -313  2
3797500 2746500 11 26  9   4.4 1004  53  1.5 4  4.1  76    0    9 260 -313  2
3797500 2746500 11 26 10   7.3 1004  34  0.3 5  4.1  71   10   60 272 -313  2
3797500 2746500 11 26 11   7.4 1005  56  1.1 7  4.1  64   10   90 296 -314  2
3797500 2746500 11 26 12   8.2 1005  48  1.8 6  4.2  64   55  117 303 -316  2
3797500 2746500 11 26 13   8.7 1005  54  2.8 7  4.4  63   34  120 307 -319  2
3797500 2746500 11 26 14  10.2 1005  82  1.8 5  4.5  60  120   88 306 -321  2
3797500 2746500 11 26 15   9.2 1005  66  2.9 5  4.5  60   40   74 297 -320  2
3797500 2746500 11 26 16   9.3 1005  65  2.6 6  4.6  62    4   31 301 -319  2
3797500 2746500 11 26 17   8.5 1005  68  3.4 7  4.7  66    0    1 311 -317  2
3797500 2746500 11 26 18   7.4 1006  82  2.9 7  4.7  71    0    0 313 -316  2
3797500 2746500 11 26 19   7.1 1006  55  2.6 7  4.6  72    0    0 311 -316  2
3797500 2746500 11 26 20   6.0 1006  46  2.3 6  4.5  74    0    0 304 -316  2
3797500 2746500 11 26 21   5.7 1007  84  1.4 7  4.3  74    0    0 301 -315  2
3797500 2746500 11 26 22   5.5 1007  39  1.4 6  4.2  75    0    0 300 -314  2
3797500 2746500 11 26 23   5.0 1007  79  2.5 6  4.2  75    0    0 293 -313  2
3797500 2746500 11 26 24   3.9 1008  55  1.8 8  4.1  78    0    0 300 -313  2
3797500 2746500 11 27  1   3.6 1008 101  3.8 8  4.0  81    0    0 308 -313  2
3797500 2746500 11 27  2   3.3 1008  93  2.5 8  4.0  82    0    0 306 -313  2
3797500 2746500 11 27  3   3.1 1008  66  1.8 8  4.0  84    0    0 306 -312  2
3797500 2746500 11 27  4   3.6 1008 106  2.4 8  4.0  83    0    0 305 -312  2
3797500 2746500 11 27  5   3.7 1008  99  2.5 7  4.0  81    0    0 301 -312  2
3797500 2746500 11 27  6   4.1 1008  76  2.8 7  4.0  79    0    0 296 -312  2
3797500 2746500 11 27  7   4.5 1008 132  1.9 7  4.0  77    0    0 297 -312  2
3797500 2746500 11 27  8   4.6 1008  57  2.0 7  4.0  76    0    0 299 -311  2
3797500 2746500 11 27  9   4.8 1008 135  1.0 7  4.0  76    0    0 301 -311  2
3797500 2746500 11 27 10   4.7 1008 136  2.6 8  4.0  75    0   21 307 -312  2
3797500 2746500 11 27 11   4.7 1008 148  3.2 8  4.0  74    0   49 311 -314  2
3797500 2746500 11 27 12   5.2 1008 169  1.6 7  4.0  73    0   65 308 -316  2
3797500 2746500 11 27 13   5.3 1008 156  3.3 7  4.0  72    0   73 304 -319  2
3797500 2746500 11 27 14   5.7 1008 154  2.2 8  4.0  71    0   59 311 -322  2
3797500 2746500 11 27 15   5.5 1007 101  3.3 7  4.0  71    5   52 312 -322  2
3797500 2746500 11 27 16   5.2 1008 157  3.5 8  4.1  73    0   24 311 -321  2
3797500 2746500 11 27 17   5.0 1008  96  2.6 8  4.1  74    0    3 317 -322  2
3797500 2746500 11 27 18   4.7 1008  99  3.1 8  4.0  74    0    0 316 -324  2
3797500 2746500 11 27 19   4.6 1008  77  2.1 8  3.9  74    0    0 316 -324  2
3797500 2746500 11 27 20   4.7 1008 153  3.6 8  4.0  75    0    0 317 -324  2
3797500 2746500 11 27 21   4.5 1008 153  4.0 8  4.0  76    0    0 318 -326  2
3797500 2746500 11 27 22   4.5 1008 148  3.7 8  4.0  77    0    0 319 -331  2
3797500 2746500 11 27 23   4.7 1008 171  3.8 8  4.0  75    0    0 320 -334  2
3797500 2746500 11 27 24   4.6 1007 163  4.8 8  4.0  75    0    0 320 -336  2
3797500 2746500 11 28  1   4.3 1007 165  5.0 8  4.0  77    0    0 320 -337  2
3797500 2746500 11 28  2   4.2 1007 164  4.3 8  4.1  80    0    0 320 -339  2
3797500 2746500 11 28  3   4.3 1007 153  5.2 8  4.2  82    0    0 320 -340  2
3797500 2746500 11 28  4   4.6 1007 164  3.2 8  4.3  82    0    0 322 -341  2
3797500 2746500 11 28  5   4.7 1006 154  4.2 8  4.4  82    0    0 323 -341  2
3797500 2746500 11 28  6   4.8 1006 173  3.1 8  4.4  82    0    0 324 -342  2
3797500 2746500 11 28  7   4.7 1006 164  3.2 8  4.4  83    0    0 325 -342  2
3797500 2746500 11 28  8   4.7 1006 156  2.7 8  4.6  86    0    0 325 -343  2
3797500 2746500 11 28  9   4.9 1006 165  3.3 8  4.6  86    0    5 326 -344  2
3797500 2746500 11 28 10   5.0 1006 174  2.6 6  4.6  85    6   65 310 -346  2
3797500 2746500 11 28 11   5.7 1005 172  4.3 5  4.7  84   37  115 286 -348  2
3797500 2746500 11 28 12   6.4 1005 155  3.6 5  4.8  82   47  140 280 -350  2
3797500 2746500 11 28 13   6.7 1004 165  4.3 6  5.0  81    2  104 291 -352  2
3797500 2746500 11 28 14   6.9 1003 155  5.0 8  5.0  81    0   44 318 -354  2
3797500 2746500 11 28 15   6.9 1002 164  4.1 7  5.1  82    0   32 328 -356  2
3797500 2746500 11 28 16   6.8 1002 161  3.5 8  5.3  84    0   22 328 -356  2
3797500 2746500 11 28 17   6.5 1002 143  2.5 8  5.3  87    0    3 338 -355  2
3797500 2746500 11 28 18   7.0 1001 155  3.4 8  5.4  88    0    0 340 -354  2
3797500 2746500 11 28 19   7.3 1001 163  4.2 8  5.5  86    0    0 341 -353  2
3797500 2746500 11 28 20   7.2 1000 171  2.7 8  5.5  86    0    0 343 -353  2
3797500 2746500 11 28 21   7.5 1000 183  2.2 7  5.5  85    0    0 333 -352  2
3797500 2746500 11 28 22   7.7 1000 173  3.0 8  5.5  84    0    0 333 -352  2
3797500 2746500 11 28 23   7.7 1000 165  3.0 8  5.6  85    0    0 346 -353  2
3797500 2746500 11 28 24   7.7 1000 174  3.3 7  5.8  87    0    0 335 -352  2
3797500 2746500 11 29  1   7.8 1000 175  4.2 5  5.7  86    0    0 304 -352  2
3797500 2746500 11 29  2   7.9  999 164  3.5 6  5.6  84    0    0 293 -353  2
3797500 2746500 11 29  3   8.3  999 162  4.5 7  5.7  84    0    0 312 -354  2
3797500 2746500 11 29  4   8.4  998 160  5.0 7  5.8  84    0    0 322 -355  2
3797500 2746500 11 29  5   8.7  998 160  5.3 7  5.9  83    0    0 320 -356  2
3797500 2746500 11 29  6   8.5  997 161  4.3 7  5.9  83    0    0 321 -357  2
3797500 2746500 11 29  7   8.3  997 152  4.5 6  5.9  85    0    0 313 -358  2
3797500 2746500 11 29  8   9.0  996 161  4.3 8  6.0  85    0    0 328 -359  2
3797500 2746500 11 29  9   8.6  996 181  3.2 8  6.2  86    0    0 350 -359  2
3797500 2746500 11 29 10   9.0  996 180  3.7 8  6.3  88    0   41 350 -360  2
3797500 2746500 11 29 11   9.2  996 191  3.6 7  6.4  88    0   60 342 -360  2
3797500 2746500 11 29 12   9.4  997 201  4.3 8  6.5  88    0   43 342 -362  2
3797500 2746500 11 29 13  10.3  997 211  3.6 8  6.5  84    0   27 350 -363  2
3797500 2746500 11 29 14  10.7  997 212  5.0 8  6.5  81    0   30 351 -363  2
3797500 2746500 11 29 15  10.7  996 221  4.9 7  6.5  80    1   64 344 -362  2
3797500 2746500 11 29 16  10.8  996 212  5.0 7  6.4  78    6   42 336 -360  2
3797500 2746500 11 29 17  10.4  997 215  4.3 7  6.2  76    0    2 335 -358  2
3797500 2746500 11 29 18  10.4  997 211  4.2 7  6.1  76    0    0 332 -356  2
3797500 2746500 11 29 19  10.4  997 202  3.5 8  6.1  76    0    0 339 -355  2
3797500 2746500 11 29 20  10.3  997 191  3.6 7  6.1  77    0    0 339 -354  2
3797500 2746500 11 29 21   9.8  997 196  3.6 8  6.1  78    0    0 338 -353  2
3797500 2746500 11 29 22   9.9  997 192  4.5 7  6.0  78    0    0 337 -352  2
3797500 2746500 11 29 23   9.5  997 185  3.2 7  6.0  78    0    0 328 -352  2
3797500 2746500 11 29 24   9.4  997 186  4.2 5  6.0  80    0    0 312 -352  2
3797500 2746500 11 30  1   8.9  997 175  4.6 4  6.0  81    0    0 289 -352  2
3797500 2746500 11 30  2   8.9  997 184  4.0 6  5.9  82    0    0 296 -352  2
3797500 2746500 11 30  3   8.6  997 181  3.8 5  5.8  81    0    0 303 -352  2
3797500 2746500 11 30  4   8.6  997 173  3.6 7  5.8  82    0    0 308 -352  2
3797500 2746500 11 30  5   8.8  997 170  3.7 8  5.8  81    0    0 331 -352  2
3797500 2746500 11 30  6   8.2  997 170  3.7 8  5.8  82    0    0 340 -352  2
3797500 2746500 11 30  7   8.7  997 171  3.5 7  5.7  82    0    0 331 -352  2
3797500 2746500 11 30  8   8.2  997 160  3.8 7  5.6  80    0    0 322 -352  2
3797500 2746500 11 30  9   8.2  997 170  4.5 7  5.6  82    0    8 321 -352  2
3797500 2746500 11 30 10   8.1  997 160  4.7 6  5.7  84    0   44 313 -351  2
3797500 2746500 11 30 11   8.2  997 168  4.8 8  5.8  85    0   25 322 -351  2
3797500 2746500 11 30 12   8.2  998 169  4.9 8  5.9  85    0   34 340 -352  2
3797500 2746500 11 30 13   8.6  997 169  4.6 7  5.9  85    0   44 330 -352  2
3797500 2746500 11 30 14   8.7  997 168  2.4 7  5.9  84    0   40 317 -352  2
3797500 2746500 11 30 15   8.5  997 158  2.9 8  6.0  85    0   26 329 -353  2
3797500 2746500 11 30 16   8.6  997 159  2.2 8  6.1  86    0   16 340 -352  2
3797500 2746500 11 30 17   8.3  998 179  1.7 8  6.1  87    0    2 340 -352  2
3797500 2746500 11 30 18   8.0  998 168  1.0 8  6.1  90    0    0 340 -352  2
3797500 2746500 11 30 19   7.9  998 189  0.7 8  6.2  91    0    0 340 -352  2
3797500 2746500 11 30 20   8.2  999 279  0.7 7  6.2  92    0    0 330 -352  2
3797500 2746500 11 30 21   8.2  999 291  1.1 8  6.3  92    0    0 333 -352  2
3797500 2746500 11 30 22   8.2 1000 329  1.2 8  6.3  91    0    0 338 -350  2
3797500 2746500 11 30 23   7.4 1000 330  2.6 8  6.2  92    0    0 336 -347  2
3797500 2746500 11 30 24   7.0 1001 321  3.2 8  6.0  94    0    0 331 -343  2
3797500 2746500 12  1  1   5.9 1003 347  3.2 8  5.3  91    0    0 321 -339  2
3797500 2746500 12  1  2   5.2 1003 339  3.8 8  5.0  88    0    0 322 -338  2
3797500 2746500 12  1  3   4.6 1004 332  2.1 8  4.7  87    0    0 317 -337  2
3797500 2746500 12  1  4   4.7 1005 337  1.9 8  4.7  88    0    0 314 -333  2
3797500 2746500 12  1  5   4.7 1006 321  2.7 7  4.7  88    0    0 307 -329  2
3797500 2746500 12  1  6   3.6 1006 291  2.5 4  4.6  89    0    0 282 -325  2
3797500 2746500 12  1  7   2.6 1007 291  1.9 4  4.3  90    0    0 261 -321  2
3797500 2746500 12  1  8   2.2 1007 299  1.3 3  4.1  91    0    0 252 -318  2
3797500 2746500 12  1  9   1.2 1008 223  0.9 3  4.0  92    2   11 244 -317  2
3797500 2746500 12  1 10   2.5 1008 234  1.6 1  4.0  93   45   49 234 -316  2
3797500 2746500 12  1 11   3.8 1008 226  1.3 1  4.2  88  107   70 227 -319  2
3797500 2746500 12  1 12   4.9 1009 263  1.5 1  4.2  81  166   71 230 -324  2
3797500 2746500 12  1 13   6.3 1009 234  1.9 1  4.2  74  162   79 233 -330  2
3797500 2746500 12  1 14   7.0 1008 243  2.4 1  4.2  68  136   74 234 -334  2
3797500 2746500 12  1 15   7.3 1008 261  2.0 1  4.0  63  108   53 235 -334  2
3797500 2746500 12  1 16   6.3 1008 256  1.4 2  3.8  62   33   30 238 -332  2
3797500 2746500 12  1 17   4.9 1008 187  1.1 2  3.7  66    2    5 239 -330  2
3797500 2746500 12  1 18   4.3 1008 187  1.3 2  3.7  70    0    0 233 -328  2
3797500 2746500 12  1 19   3.4 1008 172  1.6 2  3.7  75    0    0 229 -328  2
3797500 2746500 12  1 20   3.3 1008 151  1.7 2  3.8  78    0    0 227 -328  2
3797500 2746500 12  1 21   3.2 1007 148  2.3 1  3.8  79    0    0 221 -328  2
3797500 2746500 12  1 22   2.5 1007 140  2.4 0  3.7  79    0    0 211 -328  2
3797500 2746500 12  1 23   2.2 1006 160  3.1 0  3.6  80    0    0 204 -328  2
3797500 2746500 12  1 24   2.0 1006 150  3.1 1  3.6  80    0    0 207 -326  2
3797500 2746500 12  2  1   2.0 1006 153  3.5 2  3.5  79    0    0 218 -324  2
3797500 2746500 12  2  2   2.1 1005 126  2.4 1  3.5  78    0    0 220 -324  2
3797500 2746500 12  2  3   2.5 1004 104  2.4 4  3.5  77    0    0 233 -323  2
3797500 2746500 12  2  4   2.6 1004 116  2.5 5  3.5  76    0    0 254 -323  2
3797500 2746500 12  2  5   2.7 1003  92  2.3 5  3.4  74    0    0 260 -323  2
3797500 2746500 12  2  6   2.6 1002  96  2.8 5  3.3  72    0    0 260 -323  2
3797500 2746500 12  2  7   2.7 1001  94  2.9 8  3.3  71    0    0 277 -323  2
3797500 2746500 12  2  8   2.6 1001  58  2.5 8  3.3  71    0    0 292 -321  2
3797500 2746500 12  2  9   2.3 1000  42  3.0 8  3.3  72    0    3 289 -317  2
3797500 2746500 12  2 10   2.2 1000  53  3.6 8  3.3  73    0   28 287 -316  2
3797500 2746500 12  2 11   1.8  999  44  5.0 8  3.3  74    0   58 285 -316  2
3797500 2746500 12  2 12   1.9  999  47  4.8 8  3.3  74    1   90 283 -316  2
3797500 2746500 12  2 13   2.5  999  55  5.5 8  3.2  71    1   90 282 -317  2
3797500 2746500 12  2 14   2.6  998  39  4.4 6  3.1  68    6  102 273 -319  2
3797500 2746500 12  2 15   2.3  998  41  3.8 6  3.1  68    4   72 260 -323  2
3797500 2746500 12  2 16   2.3  998  57  6.6 8  3.1  68    0   25 269 -325  2
3797500 2746500 12  2 17   2.1  998  48  5.3 8  3.0  68    0    1 280 -323  2
3797500 2746500 12  2 18   2.0  998  37  5.5 8  3.2  71    0    0 280 -321  2
3797500 2746500 12  2 19   1.8  999  38  5.3 8  3.2  74    0    0 280 -319  2
3797500 2746500 12  2 20   1.7  999  37  6.5 8  3.2  73    0    0 278 -318  2
3797500 2746500 12  2 21   1.4  999  33  6.8 8  3.2  73    0    0 277 -317  2
3797500 2746500 12  2 22   1.2 1000  35  6.7 7  3.1  74    0    0 266 -317  2
3797500 2746500 12  2 23   1.0 1000  31  7.1 7  3.1  75    0    0 256 -316  2
3797500 2746500 12  2 24   0.8 1000  33  6.8 8  3.1  77    0    0 265 -316  2
3797500 2746500 12  3  1   0.6 1001  37  6.4 7  3.2  78    0    0 265 -316  2
3797500 2746500 12  3  2   0.6 1001  23  6.3 8  3.2  79    0    0 265 -316  2
3797500 2746500 12  3  3   0.5 1002  29  5.4 8  3.2  80    0    0 276 -316  2
3797500 2746500 12  3  4   0.5 1002  33  6.3 8  3.2  80    0    0 276 -316  2
3797500 2746500 12  3  5   0.5 1003  30  5.5 7  3.2  80    0    0 269 -316  2
3797500 2746500 12  3  6   0.6 1003  31  6.3 8  3.2  79    0    0 269 -315  2
3797500 2746500 12  3  7   0.7 1003  37  6.6 8  3.1  78    0    0 278 -315  2
3797500 2746500 12  3  8   0.8 1003  31  5.6 8  3.1  77    0    0 278 -313  2
3797500 2746500 12  3  9   0.7 1004  27  5.1 8  3.1  78    0    4 279 -312  2
3797500 2746500 12  3 10   0.6 1004  30  4.0 7  3.2  79    1   43 271 -312  2
3797500 2746500 12  3 11   0.8 1005  28  3.3 6  3.2  80   10   92 254 -314  2
3797500 2746500 12  3 12   1.3 1005 358  2.8 6  3.3  79   18  123 247 -315  2
3797500 2746500 12  3 13   1.4 1005 340  1.9 8  3.3  79    1   88 266 -316  2
3797500 2746500 12  3 14   1.5 1005 331  2.0 8  3.4  81    0   69 284 -317  2
3797500 2746500 12  3 15   1.6 1006 339  1.7 7  3.5  82    3   64 278 -318  2
3797500 2746500 12  3 16   1.6 1006 339  2.3 8  3.6  83    0   19 280 -319  2
3797500 2746500 12  3 17   2.0 1006   9  1.5 8  3.6  84    0    0 291 -319  2
3797500 2746500 12  3 18   2.0 1006  34  1.3 8  3.7  83    0    0 292 -319  2
3797500 2746500 12  3 19   1.9 1006  43  3.0 8  3.6  82    0    0 293 -319  2
3797500 2746500 12  3 20   1.7 1007  15  2.3 8  3.4  78    0    0 294 -318  2
3797500 2746500 12  3 21   1.1 1008  29  3.3 8  3.2  75    0    0 292 -318  2
3797500 2746500 12  3 22   0.7 1008  39  1.4 8  3.1  75    0    0 290 -318  2
3797500 2746500 12  3 23   0.8 1009  19  1.1 8  3.1  78    0    0 290 -318  2
3797500 2746500 12  3 24   0.9 1009  20  2.4 8  3.2  78    0    0 292 -317  2
3797500 2746500 12  4  1   1.0 1009 338  1.2 8  3.3  80    0    0 292 -317  2
3797500 2746500 12  4  2   1.3 1009 359  1.6 8  3.5  85    0    0 294 -317  2
3797500 2746500 12  4  3   1.6 1009  19  2.2 8  3.7  88    0    0 295 -317  2
3797500 2746500 12  4  4   1.8 1010  19  2.5 8  3.9  89    0    0 296 -317  2
3797500 2746500 12  4  5   1.9 1010  28  3.3 8  3.9  89    0    0 297 -317  2
3797500 2746500 12  4  6   1.9 1010  28  2.9 8  3.9  89    0    0 297 -317  2
3797500 2746500 12  4  7   1.9 1010  29  3.0 8  3.9  89    0    0 297 -317  2
3797500 2746500 12  4  8   1.9 1011  20  3.5 8  3.8  88    0    0 297 -317  2
3797500 2746500 12  4  9   1.9 1011  29  3.2 8  3.9  88    0    0 297 -316  2
3797500 2746500 12  4 10   1.9 1012  39  3.4 8  3.9  89    0   23 296 -317  2
3797500 2746500 12  4 11   1.8 1012  35  3.3 8  3.9  90    0   37 296 -319  2
3797500 2746500 12  4 12   1.9 1013  37  3.0 8  3.9  89    0   47 296 -322  2
3797500 2746500 12  4 13   2.0 1013  23  3.0 8  3.8  87    0   41 296 -324  2
3797500 2746500 12  4 14   2.0 1013  46  3.1 8  3.7  85    0   34 296 -324  2
3797500 2746500 12  4 15   2.0 1013  54  3.7 7  3.7  84    0   28 290 -323  2
3797500 2746500 12  4 16   1.7 1013  35  3.0 8  3.6  83    0   12 289 -322  2
3797500 2746500 12  4 17   1.6 1013 356  3.2 8  3.6  83    0    1 292 -319  2
3797500 2746500 12  4 18   1.7 1014  43  2.8 8  3.5  82    0    0 290 -317  2
3797500 2746500 12  4 19   1.8 1014 323  2.5 7  3.5  81    0    0 284 -316  2
3797500 2746500 12  4 20   1.7 1014  59  2.6 6  3.3  78    0    0 274 -316  2
3797500 2746500 12  4 21   1.5 1015   7  0.9 6  3.2  76    0    0 269 -315  2
3797500 2746500 12  4 22   0.9 1015 351  1.4 6  3.1  76    0    0 267 -314  2
3797500 2746500 12  4 23  -0.2 1015 357  2.1 5  3.1  79    0    0 259 -313  2
3797500 2746500 12  4 24  -0.4 1016  10  1.8 3  3.1  83    0    0 246 -313  2
3797500 2746500 12  5  1  -1.9 1016 252  1.5 1  3.0  85    0    0 226 -313  2
3797500 2746500 12  5  2  -2.4 1016  83  0.6 2  2.8  87    0    0 219 -312  2
3797500 2746500 12  5  3  -2.3 1016 180  0.8 2  2.7  86    0    0 221 -313  2
3797500 2746500 12  5  4  -2.1 1016 263  0.4 2  2.8  87    0    0 220 -312  2
3797500 2746500 12  5  5  -2.4 1016 187  1.1 4  2.8  87    0    0 226 -312  2
3797500 2746500 12  5  6  -1.7 1016 194  1.3 6  2.8  86    0    0 239 -312  2
3797500 2746500 12  5  7  -1.6 1016 194  1.1 5  2.9  87    0    0 242 -312  2
3797500 2746500 12  5  8  -1.1 1016 195  1.7 6  3.0  88    0    0 241 -311  2
3797500 2746500 12  5  9  -0.5 1016 191  0.7 6  3.1  87    0    5 246 -310  2
3797500 2746500 12  5 10  -0.1 1017 203  2.9 7  3.2  87    0   24 250 -309  2
3797500 2746500 12  5 11   0.3 1017 211  2.3 7  3.3  87    5   75 255 -310  2
3797500 2746500 12  5 12   1.1 1017 220  2.3 6  3.4  85   41  119 255 -312  2
3797500 2746500 12  5 13   1.6 1017 211  3.1 6  3.4  81   62  122 254 -314  2
3797500 2746500 12  5 14   2.1 1017 201  3.2 6  3.4  80   43  107 257 -315  2
3797500 2746500 12  5 15   2.0 1017 211  2.7 8  3.5  80    0   43 267 -315  2
3797500 2746500 12  5 16   1.9 1017 193  3.3 7  3.5  81    0   12 270 -315  2
3797500 2746500 12  5 17   2.1 1017 204  3.4 8  3.5  80    0    0 269 -314  2
3797500 2746500 12  5 18   2.4 1017 203  3.4 7  3.5  78    0    0 268 -312  2
3797500 2746500 12  5 19   2.3 1017 195  3.1 6  3.4  76    0    0 262 -311  2
3797500 2746500 12  5 20   2.7 1017 204  2.9 7  3.4  75    0    0 263 -311  2
3797500 2746500 12  5 21   2.8 1018 195  2.7 7  3.4  74    0    0 269 -312  2
3797500 2746500 12  5 22   3.0 1018 194  2.7 7  3.4  73    0    0 271 -312  2
3797500 2746500 12  5 23   2.8 1018 205  2.4 7  3.4  73    0    0 272 -312  2
3797500 2746500 12  5 24   2.7 1018 205  3.2 6  3.4  74    0    0 271 -312  2
3797500 2746500 12  6  1   2.7 1018 195  3.1 7  3.4  74    0    0 272 -312  2
3797500 2746500 12  6  2   2.7 1017 195  3.0 7  3.4  74    0    0 278 -312  2
3797500 2746500 12  6  3   2.8 1017 193  2.6 7  3.4  73    0    0 281 -313  2
3797500 2746500 12  6  4   2.8 1017 202  3.7 7  3.3  72    0    0 285 -313  2
3797500 2746500 12  6  5   2.9 1016 203  3.5 7  3.3  72    0    0 290 -314  2
3797500 2746500 12  6  6   3.0 1016 202  3.4 7  3.3  71    0    0 294 -314  2
3797500 2746500 12  6  7   3.0 1016 202  3.8 8  3.3  70    0    0 301 -315  2
3797500 2746500 12  6  8   3.0 1016 202  4.3 7  3.2  68    0    0 304 -316  2
3797500 2746500 12  6  9   3.1 1016 204  4.2 7  3.2  67    0    3 304 -316  2
3797500 2746500 12  6 10   3.3 1016 204  4.0 7  3.2  67    4   52 308 -316  2
3797500 2746500 12  6 11   3.8 1016 204  4.7 7  3.2  65    1   67 311 -317  2
3797500 2746500 12  6 12   4.5 1015 202  4.9 7  3.2  63    2   94 314 -319  2
3797500 2746500 12  6 13   4.8 1014 209  5.6 7  3.2  61    0   82 318 -321  2
3797500 2746500 12  6 14   5.2 1014 210  8.4 8  3.2  59    0   49 323 -321  2
3797500 2746500 12  6 15   3.1 1014 201  7.6 8  3.3  65    0   36 328 -321  2
3797500 2746500 12  6 16   2.3 1013 191  6.2 8  3.6  79    0   16 326 -322  2
3797500 2746500 12  6 17   2.5 1013 202  5.5 8  3.9  86    0    0 326 -325  2
3797500 2746500 12  6 18   2.6 1013 190  5.6 8  4.0  88    0    0 327 -328  2
3797500 2746500 12  6 19   2.7 1013 200  6.5 8  4.1  90    0    0 327 -330  2
3797500 2746500 12  6 20   3.0 1013 202  6.3 8  4.2  90    0    0 326 -332  2
3797500 2746500 12  6 21   3.3 1013 211  5.8 7  4.2  89    0    0 321 -334  2
3797500 2746500 12  6 22   3.8 1013 211  5.0 8  4.2  86    0    0 321 -337  2
3797500 2746500 12  6 23   3.6 1013 210  4.9 8  4.2  86    0    0 327 -340  2
3797500 2746500 12  6 24   3.7 1013 212  5.2 8  4.3  88    0    0 327 -342  2
3797500 2746500 12  7  1   3.9 1013 202  4.0 8  4.4  89    0    0 327 -343  2
3797500 2746500 12  7  2   4.0 1013 211  4.6 8  4.5  90    0    0 326 -343  2
3797500 2746500 12  7  3   4.3 1013 213  4.4 8  4.5  89    0    0 327 -342  2
3797500 2746500 12  7  4   4.0 1013 210  3.7 7  4.4  87    0    0 318 -342  2
3797500 2746500 12  7  5   3.5 1013 201  3.4 8  4.3  86    0    0 314 -341  2
3797500 2746500 12  7  6   3.3 1013 210  3.7 6  4.1  85    0    0 303 -340  2
3797500 2746500 12  7  7   3.2 1012 204  3.5 6  3.9  82    0    0 285 -339  2
3797500 2746500 12  7  8   3.2 1012 211  3.3 6  3.8  80    0    0 281 -337  2
3797500 2746500 12  7  9   3.0 1013 190  2.7 6  3.8  81    0    2 279 -336  2
3797500 2746500 12  7 10   3.4 1013 194  3.4 7  4.0  84    1   43 286 -336  2
3797500 2746500 12  7 11   4.0 1013 193  3.7 5  4.2  84   26  104 275 -337  2
3797500 2746500 12  7 12   5.0 1013 198  3.9 7  4.2  80   24  126 274 -338  2
3797500 2746500 12  7 13   5.5 1012 194  3.0 7  4.2  77   50  138 286 -340  2
3797500 2746500 12  7 14   5.7 1011 205  2.9 6  4.3  76   75  124 273 -341  2
3797500 2746500 12  7 15   5.8 1011 195  2.9 5  4.3  76   59   91 256 -341  2
3797500 2746500 12  7 16   5.2 1010 185  3.0 6  4.3  76   18   40 255 -338  2
3797500 2746500 12  7 17   4.2 1010 193  2.8 7  4.1  77    0    3 264 -335  2
3797500 2746500 12  7 18   3.5 1009 165  3.3 6  4.0  80    0    0 260 -332  2
3797500 2746500 12  7 19   3.5 1009 154  3.1 6  4.0  81    0    0 252 -330  2
3797500 2746500 12  7 20   3.3 1008 157  4.0 6  3.8  78    0    0 251 -329  2
3797500 2746500 12  7 21   3.4 1007 175  4.1 6  3.6  74    0    0 250 -327  2
3797500 2746500 12  7 22   3.7 1007 180  2.5 5  3.6  72    0    0 244 -325  2
3797500 2746500 12  7 23   3.9 1006 170  2.4 5  3.5  70    0    0 239 -324  2
3797500 2746500 12  7 24   3.8 1005 186  3.0 6  3.4  68    0    0 244 -325  2
3797500 2746500 12  8  1   4.5 1005 174  3.2 7  3.3  65    0    0 257 -329  2
3797500 2746500 12  8  2   4.7 1004 167  4.3 8  3.3  62    0    0 268 -333  2
3797500 2746500 12  8  3   4.7 1004 163  5.4 6  3.3  62    0    0 262 -333  2
3797500 2746500 12  8  4   4.5 1003 171  4.0 6  3.4  64    0    0 251 -332  2
3797500 2746500 12  8  5   4.4 1002 159  4.3 6  3.4  64    0    0 252 -332  2
3797500 2746500 12  8  6   4.5 1002 181  4.0 4  3.3  64    0    0 244 -331  2
3797500 2746500 12  8  7   4.3 1001 176  3.1 7  3.3  63    0    0 248 -330  2
3797500 2746500 12  8  8   4.7 1001 176  4.9 7  3.3  62    0    0 262 -332  2
3797500 2746500 12  8  9   4.8 1001 175  3.3 7  3.2  60    0    0 264 -335  2
3797500 2746500 12  8 10   3.6 1001 186  5.5 8  3.5  67    0   18 268 -336  2
3797500 2746500 12  8 11   3.7 1001 184  5.0 8  3.9  79    0   30 273 -337  2
3797500 2746500 12  8 12   4.4 1002 177  4.7 8  4.2  82    0   67 276 -339  2
3797500 2746500 12  8 13   5.1 1001 195  4.7 7  4.3  79   20  118 277 -342  2
3797500 2746500 12  8 14   5.5 1001 187  4.6 6  4.4  78   31  110 276 -344  2
3797500 2746500 12  8 15   6.3 1001 190  4.5 6  4.5  78   31   81 279 -346  2
3797500 2746500 12  8 16   6.3 1000 167  5.2 6  4.7  78    6   30 284 -346  2
3797500 2746500 12  8 17   6.4 1000 174  4.8 6  4.8  79    0    2 288 -346  2
3797500 2746500 12  8 18   6.7 1000 173  5.4 7  4.9  79    0    0 296 -345  2
3797500 2746500 12  8 19   7.2 1000 172  5.0 7  5.0  79    0    0 304 -343  2
3797500 2746500 12  8 20   6.9 1000 173  5.3 8  5.1  80    0    0 311 -343  2
3797500 2746500 12  8 21   6.8 1000 173  5.6 7  5.1  81    0    0 314 -342  2
3797500 2746500 12  8 22   7.0 1000 164  4.7 8  5.1  81    0    0 318 -342  2
3797500 2746500 12  8 23   7.2 1000 165  5.1 8  5.1  80    0    0 323 -341  2
3797500 2746500 12  8 24   7.1 1000 186  4.7 7  5.1  80    0    0 325 -341  2
3797500 2746500 12  9  1   6.9 1000 183  4.3 7  5.1  81    0    0 328 -342  2
3797500 2746500 12  9  2   7.1 1000 184  4.1 7  5.2  83    0    0 330 -343  2
3797500 2746500 12  9  3   7.4 1000 177  3.5 6  5.3  83    0    0 331 -344  2
3797500 2746500 12  9  4   7.6 1000 184  4.5 6  5.4  83    0    0 331 -344  2
3797500 2746500 12  9  5   7.5 1000 185  4.4 7  5.5  84    0    0 332 -344  2
3797500 2746500 12  9  6   7.7 1000 194  4.1 7  5.5  84    0    0 335 -343  2
3797500 2746500 12  9  7   7.7 1000 193  4.3 8  5.5  83    0    0 337 -344  2
3797500 2746500 12  9  8   7.6 1001 197  4.1 7  5.5  83    0    0 337 -345  2
3797500 2746500 12  9  9   7.6 1001 195  3.5 7  5.5  84    0    3 334 -345  2
3797500 2746500 12  9 10   8.0 1002 196  4.0 7  5.6  83    0   20 334 -345  2
3797500 2746500 12  9 11   7.6 1002 194  4.4 8  5.7  85    2   60 338 -346  2
3797500 2746500 12  9 12   8.3 1003 205  4.5 7  5.7  85   17   97 338 -346  2
3797500 2746500 12  9 13   9.3 1003 204  5.1 7  5.8  82    3   84 336 -348  2
3797500 2746500 12  9 14  10.2 1002 223  5.7 6  6.0  79   12   86 332 -349  2
3797500 2746500 12  9 15  10.1 1002 224  6.1 6  6.0  77   20   61 325 -350  2
3797500 2746500 12  9 16   9.9 1003 209  5.6 7  5.9  76    8   24 329 -351  2
3797500 2746500 12  9 17   9.9 1003 211  4.6 6  5.8  76    0    1 328 -351  2
3797500 2746500 12  9 18   9.7 1003 204  5.5 6  5.7  75    0    0 320 -351  2
3797500 2746500 12  9 19   9.4 1003 191  5.7 7  5.5  74    0    0 325 -350  2
3797500 2746500 12  9 20   9.0 1003 190  5.5 7  5.4  74    0    0 330 -350  2
3797500 2746500 12  9 21   9.0 1003 194  6.1 7  5.4  75    0    0 328 -349  2
3797500 2746500 12  9 22   8.1 1003 192  6.0 8  5.6  80    0    0 333 -349  2
3797500 2746500 12  9 23   8.0 1003 185  5.8 8  5.9  88    0    0 338 -347  2
3797500 2746500 12  9 24   8.5 1002 186  4.6 8  6.2  90    0    0 338 -344  2
3797500 2746500 12 10  1   8.7 1002 196  5.9 7  6.4  91    0    0 332 -340  2
3797500 2746500 12 10  2   8.7 1001 197  5.6 8  6.4  91    0    0 333 -338  2
3797500 2746500 12 10  3   9.1 1001 206  5.7 8  6.6  92    0    0 340 -337  2
3797500 2746500 12 10  4   9.6 1000 196  6.1 8  6.8  92    0    0 341 -336  2
3797500 2746500 12 10  5   9.7 1000 223  7.4 7  7.0  92    0    0 335 -335  2
3797500 2746500 12 10  6  10.1  999 232  7.5 8  7.1  92    0    0 334 -334  2
3797500 2746500 12 10  7  10.2  999 214  6.8 8  7.1  90    0    0 337 -334  2
3797500 2746500 12 10  8  10.2  999 212  6.4 8  7.0  89    0    0 335 -333  2
3797500 2746500 12 10  9  10.6  999 212  7.9 8  6.9  86    0    0 335 -333  2
3797500 2746500 12 10 10  10.9  999 203  7.1 8  6.8  83    0   18 335 -335  2
3797500 2746500 12 10 11  11.0  998 203  6.1 8  6.6  80    0   24 335 -338  2
3797500 2746500 12 10 12  10.8  998 194  6.0 8  6.6  80    0   27 334 -342  2
3797500 2746500 12 10 13   9.9  996 184  6.5 8  6.8  85    0   34 334 -346  2
3797500 2746500 12 10 14   9.8  995 193  8.1 7  7.0  91    0   42 332 -348  2
3797500 2746500 12 10 15  10.5  994 206  7.7 7  7.2  92    1   51 333 -349  2
3797500 2746500 12 10 16  10.9  993 214  7.3 8  7.5  92    0   12 343 -350  2
3797500 2746500 12 10 17  11.1  993 223  6.3 8  7.7  92    0    0 351 -351  2
3797500 2746500 12 10 18  11.6  993 233  6.5 8  7.9  93    0    0 356 -352  2
3797500 2746500 12 10 19  12.4  994 231  5.6 8  8.2  91    0    0 362 -353  2
3797500 2746500 12 10 20  12.6  994 230  6.8 6  7.9  86    0    0 357 -355  2
3797500 2746500 12 10 21  12.0  995 240  7.0 6  7.3  80    0    0 345 -357  2
3797500 2746500 12 10 22  12.0  996 231  7.7 7  6.9  78    0    0 347 -358  2
3797500 2746500 12 10 23  11.9  997 230  7.3 7  6.9  78    0    0 352 -358  2
3797500 2746500 12 10 24  11.8  997 231  7.6 8  6.8  78    0    0 358 -359  2
3797500 2746500 12 11  1  11.6  998 230  6.4 8  6.8  78    0    0 363 -360  2
3797500 2746500 12 11  2  11.6  998 230  5.9 8  6.7  78    0    0 364 -360  2
3797500 2746500 12 11  3  11.4  998 239  6.1 8  6.8  80    0    0 364 -360  2
3797500 2746500 12 11  4  11.4  999 240  5.7 7  6.9  81    0    0 356 -360  2
3797500 2746500 12 11  5  11.2  999 230  5.2 8  6.9  82    0    0 354 -361  2
3797500 2746500 12 11  6  10.8  998 221  5.1 8  6.9  83    0    0 363 -361  2
3797500 2746500 12 11  7  10.9  998 222  4.6 8  6.9  84    0    0 363 -361  2
3797500 2746500 12 11  8  10.9  998 213  4.4 8  6.9  83    0    0 363 -361  2
3797500 2746500 12 11  9  10.7  998 213  3.7 8  7.0  85    0    0 363 -362  2
3797500 2746500 12 11 10  10.8  997 205  3.3 8  7.0  86    0   13 362 -362  2
3797500 2746500 12 11 11  10.0  996 192  3.6 8  7.0  88    0   20 361 -363  2
3797500 2746500 12 11 12  10.7  995 212  5.0 8  7.2  90    0   27 360 -365  2
3797500 2746500 12 11 13  11.1  995 215  4.7 8  7.5  91    0   51 362 -366  2
3797500 2746500 12 11 14  12.7  994 224  5.6 7  7.9  90    0   69 359 -368  2
3797500 2746500 12 11 15  12.8  994 244  5.7 8  8.1  86    0   29 363 -370  2
3797500 2746500 12 11 16  12.5  994 243  5.1 7  7.8  84    0   14 363 -371  2
3797500 2746500 12 11 17  12.1  994 228  6.0 6  7.5  83    0    0 349 -369  2
3797500 2746500 12 11 18  11.4  993 230  4.6 6  7.3  83    0    0 339 -367  2
3797500 2746500 12 11 19  10.7  993 219  3.3 7  7.1  85    0    0 341 -363  2
3797500 2746500 12 11 20  10.9  993 230  4.3 7  7.1  86    0    0 344 -358  2
3797500 2746500 12 11 21  10.8  993 230  4.4 7  7.1  86    0    0 344 -356  2
3797500 2746500 12 11 22  10.8  993 223  4.9 7  6.9  84    0    0 344 -356  2
3797500 2746500 12 11 23  10.3  992 221  4.7 6  6.7  82    0    0 335 -355  2
3797500 2746500 12 11 24  10.2  992 220  4.7 6  6.5  82    0    0 329 -354  2
3797500 2746500 12 12  1  10.1  992 221  5.3 8  6.4  82    0    0 339 -354  2
3797500 2746500 12 12  2   9.8  992 229  5.3 8  6.4  82    0    0 347 -353  2
3797500 2746500 12 12  3   9.1  992 236  5.4 7  6.3  84    0    0 336 -351  2
3797500 2746500 12 12  4   8.8  992 228  5.5 8  6.3  86    0    0 332 -349  2
3797500 2746500 12 12  5   8.5  992 238  5.5 8  6.3  89    0    0 335 -347  2
3797500 2746500 12 12  6   8.6  993 258  5.7 8  6.4  91    0    0 333 -344  2
3797500 2746500 12 12  7   8.2  993 259  4.4 8  6.3  91    0    0 330 -341  2
3797500 2746500 12 12  8   7.9  994 257  4.2 8  6.2  91    0    0 326 -339  2
3797500 2746500 12 12  9   8.3  995 255  3.8 8  6.3  92    0    0 325 -337  2
3797500 2746500 12 12 10   8.6  996 257  4.0 8  6.5  93    0   12 326 -337  2
3797500 2746500 12 12 11   8.7  997 287  4.0 8  6.6  92    0   17 326 -339  2
3797500 2746500 12 12 12   7.6  999 335  4.8 8  6.2  91    0   39 323 -342  2
3797500 2746500 12 12 13   7.6 1000 305  4.8 6  5.9  89    2   88 309 -344  2
3797500 2746500 12 12 14   8.0 1002 307  4.9 8  5.9  89    0   35 309 -346  2
3797500 2746500 12 12 15   8.1 1003 297  4.9 8  6.0  88    0   18 319 -345  2
3797500 2746500 12 12 16   7.8 1004 307  4.1 8  5.9  88    0   16 319 -342  2
3797500 2746500 12 12 17   7.7 1005 308  4.9 8  5.9  88    0    0 317 -337  2
3797500 2746500 12 12 18   7.7 1006 303  4.7 8  5.8  88    0    0 314 -333  2
3797500 2746500 12 12 19   7.6 1008 303  4.9 8  5.7  87    0    0 312 -330  2
3797500 2746500 12 12 20   7.4 1009 315  5.0 8  5.7  87    0    0 312 -328  2
3797500 2746500 12 12 21   7.3 1010 303  4.7 8  5.6  87    0    0 312 -326  2
3797500 2746500 12 12 22   6.9 1011 326  5.5 8  5.4  86    0    0 312 -324  2
3797500 2746500 12 12 23   6.7 1012 304  4.0 8  5.4  87    0    0 310 -322  2
3797500 2746500 12 12 24   6.6 1012 305  3.9 7  5.2  85    0    0 302 -320  2
3797500 2746500 12 13  1   6.5 1013 298  4.6 7  5.0  82    0    0 294 -318  2
3797500 2746500 12 13  2   6.0 1014 299  4.3 8  4.9  82    0    0 297 -317  2
3797500 2746500 12 13  3   6.1 1015 309  4.0 8  4.8  82    0    0 301 -317  2
3797500 2746500 12 13  4   6.1 1016 300  4.0 7  4.7  80    0    0 295 -318  2
3797500 2746500 12 13  5   5.8 1017 308  3.8 7  4.5  77    0    0 290 -318  2
3797500 2746500 12 13  6   5.9 1017 299  3.5 7  4.4  76    0    0 291 -317  2
3797500 2746500 12 13  7   5.5 1018 281  2.9 7  4.4  77    0    0 290 -316  2
3797500 2746500 12 13  8   5.3 1018 280  2.5 7  4.3  78    0    0 290 -316  2
3797500 2746500 12 13  9   4.9 1019 281  2.5 7  4.4  80    0    2 292 -316  2
3797500 2746500 12 13 10   5.2 1020 262  2.4 6  4.5  83    7   37 291 -316  2
3797500 2746500 12 13 11   5.9 1021 255  2.3 6  4.7  84   12   73 290 -316  2
3797500 2746500 12 13 12   6.7 1021 263  2.5 3  4.8  82   98   80 276 -319  2
3797500 2746500 12 13 13   8.6 1021 283  2.9 4  5.0  77   75   93 269 -325  2
3797500 2746500 12 13 14   7.9 1021 272  3.5 5  5.0  74   21   87 281 -328  2
3797500 2746500 12 13 15   8.4 1021 265  3.2 6  5.0  75    8   56 292 -330  2
3797500 2746500 12 13 16   8.0 1022 252  3.3 6  5.0  75    0   18 298 -330  2
3797500 2746500 12 13 17   7.6 1022 251  3.1 7  5.1  78    0    0 303 -328  2
3797500 2746500 12 13 18   7.6 1022 243  2.6 8  5.2  81    0    0 313 -327  2
3797500 2746500 12 13 19   7.4 1022 254  2.8 7  5.4  84    0    0 314 -327  2
3797500 2746500 12 13 20   7.5 1022 251  3.2 8  5.6  88    0    0 315 -329  2
3797500 2746500 12 13 21   7.6 1022 253  3.2 8  5.7  89    0    0 319 -330  2
3797500 2746500 12 13 22   7.6 1022 252  3.5 8  5.7  88    0    0 318 -331  2
3797500 2746500 12 13 23   7.5 1022 269  2.2 8  5.7  89    0    0 318 -332  2
3797500 2746500 12 13 24   7.4 1022 269  2.7 7  5.8  90    0    0 314 -334  2
3797500 2746500 12 14  1   7.2 1022 266  3.6 6  5.8  92    0    0 302 -335  2
3797500 2746500 12 14  2   7.1 1022 266  2.9 7  5.8  93    0    0 300 -338  2
3797500 2746500 12 14  3   6.8 1022 250  3.0 8  5.8  93    0    0 311 -338  2
3797500 2746500 12 14  4   7.0 1022 270  2.6 7  5.7  93    0    0 310 -337  2
3797500 2746500 12 14  5   7.1 1021 294  3.3 8  5.8  93    0    0 312 -333  2
3797500 2746500 12 14  6   7.1 1021 289  3.4 8  5.8  94    0    0 319 -329  2
3797500 2746500 12 14  7   6.9 1020 315  3.3 7  5.7  92    0    0 313 -327  2
3797500 2746500 12 14  8   6.7 1020 315  3.0 7  5.4  89    0    0 307 -324  2
3797500 2746500 12 14  9   6.4 1020 330  2.5 7  5.2  87    0    0 307 -322  2
3797500 2746500 12 14 10   6.1 1020 320  2.5 6  5.1  87    1   32 303 -321  2
3797500 2746500 12 14 11   6.1 1020 304  3.1 6  5.0  86   14   70 297 -323  2
3797500 2746500 12 14 12   6.7 1020 316  4.0 4  4.8  82   89   81 286 -328  2
3797500 2746500 12 14 13   7.2 1019 315  5.0 5  4.6  75   16   95 281 -331  2
3797500 2746500 12 14 14   6.0 1019 333  4.0 6  4.5  74   11   81 291 -333  2
3797500 2746500 12 14 15   6.4 1018   1  3.8 5  4.4  76   16   58 292 -333  2
3797500 2746500 12 14 16   6.2 1018 358  3.5 7  4.3  74    1   18 299 -331  2
3797500 2746500 12 14 17   5.3 1018 354  4.4 7  4.3  76    0    1 308 -329  2
3797500 2746500 12 14 18   4.7 1018  18  4.4 8  4.1  76    0    0 311 -327  2
3797500 2746500 12 14 19   4.7 1019  18  5.0 7  3.8  73    0    0 310 -326  2
3797500 2746500 12 14 20   4.6 1019  19  3.7 8  3.9  75    0    0 309 -325  2
3797500 2746500 12 14 21   4.6 1020  29  5.8 8  4.0  77    0    0 314 -325  2
3797500 2746500 12 14 22   4.7 1020  39  5.2 8  3.9  74    0    0 312 -325  2
3797500 2746500 12 14 23   4.1 1020  29  6.0 7  3.8  74    0    0 305 -324  2
3797500 2746500 12 14 24   3.8 1021  27  5.3 7  4.0  79    0    0 300 -322  2
3797500 2746500 12 15  1   3.5 1021  38  5.7 6  3.8  78    0    0 293 -320  2
3797500 2746500 12 15  2   2.9 1022  37  6.3 5  3.6  75    0    0 281 -319  2
3797500 2746500 12 15  3   2.7 1022  28  4.8 5  3.4  75    0    0 274 -318  2
3797500 2746500 12 15  4   2.6 1022  28  5.0 6  3.5  76    0    0 279 -318  2
3797500 2746500 12 15  5   2.4 1022  39  4.6 7  3.5  78    0    0 290 -318  2
3797500 2746500 12 15  6   2.7 1023  29  3.4 8  3.7  81    0    0 304 -318  2
3797500 2746500 12 15  7   2.8 1023  41  4.2 8  3.8  82    0    0 311 -318  2
3797500 2746500 12 15  8   2.8 1023  41  4.7 8  3.8  82    0    0 312 -318  2
3797500 2746500 12 15  9   2.4 1023  50  5.4 8  3.7  83    0    0 311 -319  2
3797500 2746500 12 15 10   2.3 1024  50  6.3 8  3.6  81    0   21 309 -320  2
3797500 2746500 12 15 11   2.1 1024  49  7.1 8  3.3  76    0   34 308 -321  2
3797500 2746500 12 15 12   1.7 1025  60  6.7 8  3.1  73    0   27 306 -322  2
3797500 2746500 12 15 13   1.4 1025  60  7.3 7  3.1  74    0   29 299 -323  2
3797500 2746500 12 15 14   1.2 1026  51  7.4 7  3.0  74    0   34 293 -323  2
3797500 2746500 12 15 15   1.0 1026  60  7.9 7  3.0  74    0   30 292 -323  2
3797500 2746500 12 15 16   0.9 1025  50  7.1 8  2.9  74    0   12 296 -322  2
3797500 2746500 12 15 17   0.5 1025  59  7.6 8  2.9  73    0    0 299 -320  2
3797500 2746500 12 15 18   0.4 1026  62  6.0 8  2.8  72    0    0 298 -319  2
3797500 2746500 12 15 19   0.3 1026  72  7.2 8  2.7  70    0    0 297 -318  2
3797500 2746500 12 15 20   0.2 1026  53  7.4 7  2.7  71    0    0 291 -317  2
3797500 2746500 12 15 21  -0.1 1026  72  6.6 7  2.7  71    0    0 283 -316  2
3797500 2746500 12 15 22  -0.5 1026  52  7.7 7  2.5  70    0    0 280 -316  2
3797500 2746500 12 15 23  -0.7 1026  59  7.3 7  2.5  70    0    0 276 -316  2
3797500 2746500 12 15 24  -0.7 1026  62  7.6 6  2.5  71    0    0 268 -316  2
3797500 2746500 12 16  1  -0.9 1025  60  7.2 8  2.5  72    0    0 272 -315  2
3797500 2746500 12 16  2  -1.3 1025  61  6.6 8  2.5  73    0    0 281 -313  2
3797500 2746500 12 16  3  -1.2 1025  61  6.9 8  2.5  73    0    0 279 -313  2
3797500 2746500 12 16  4  -1.3 1024  66  6.9 8  2.5  74    0    0 278 -313  2
3797500 2746500 12 16  5  -1.4 1024  61  6.2 8  2.6  76    0    0 275 -312  2
3797500 2746500 12 16  6  -1.9 1023  63  7.0 8  2.5  76    0    0 272 -311  2
3797500 2746500 12 16  7  -1.9 1023  76  6.5 8  2.4  75    0    0 270 -311  2
3797500 2746500 12 16  8  -1.9 1022  78  5.6 7  2.3  71    0    0 265 -309  2
3797500 2746500 12 16  9  -3.0 1022  65  7.0 6  2.1  67    0    1 252 -308  2
3797500 2746500 12 16 10  -4.3 1021  69  6.0 4  1.9  66    3   34 235 -307  2
3797500 2746500 12 16 11  -4.9 1021  70  7.4 1  1.8  66   91   58 209 -306  2
3797500 2746500 12 16 12  -4.5 1021  69  5.9 0  1.7  64  140   63 190 -305  2
3797500 2746500 12 16 13  -4.0 1021  59  6.6 1  1.7  62  145   66 192 -305  2
3797500 2746500 12 16 14  -3.7 1020  69  5.3 1  1.7  61  134   57 198 -305  2
3797500 2746500 12 16 15  -3.7 1019  68  6.4 0  1.8  62  108   39 195 -303  2
3797500 2746500 12 16 16  -3.7 1018  63  5.7 0  1.8  64   30   23 191 -300  2
3797500 2746500 12 16 17  -4.3 1018  60  6.4 1  1.8  65    0    3 194 -297  2
3797500 2746500 12 16 18  -4.7 1018  61  5.9 1  1.8  68    0    0 197 -294  2
3797500 2746500 12 16 19  -4.9 1018  79  4.9 0  1.8  69    0    0 191 -292  2
3797500 2746500 12 16 20  -5.4 1017  69  7.0 0  1.8  71    0    0 185 -291  2
3797500 2746500 12 16 21  -5.7 1017  60  5.9 0  1.8  72    0    0 183 -289  2
3797500 2746500 12 16 22  -5.9 1017  62  5.1 0  1.8  72    0    0 183 -288  2
3797500 2746500 12 16 23  -6.1 1016  58  4.8 0  1.8  73    0    0 183 -286  2
3797500 2746500 12 16 24  -6.0 1015  59  4.7 0  1.8  74    0    0 183 -284  2
3797500 2746500 12 17  1  -6.0 1014  70  7.1 4  1.8  74    0    0 195 -282  2
3797500 2746500 12 17  2  -5.9 1013  70  5.8 4  1.8  75    0    0 206 -280  2
3797500 2746500 12 17  3  -6.1 1012  70  4.7 1  1.8  74    0    0 197 -277  2
3797500 2746500 12 17  4  -6.7 1012  60  5.0 0  1.8  75    0    0 187 -275  2
3797500 2746500 12 17  5  -6.6 1011  62  6.1 0  1.7  74    0    0 184 -272  2
3797500 2746500 12 17  6  -7.0 1010  73  5.4 0  1.7  73    0    0 185 -270  2
3797500 2746500 12 17  7  -6.9 1010  66  5.9 1  1.6  72    0    0 188 -269  2
3797500 2746500 12 17  8  -7.0 1009  78  4.5 2  1.6  71    0    0 195 -268  2
3797500 2746500 12 17  9  -6.8 1008  70  5.9 3  1.6  71    0    0 202 -268  2
3797500 2746500 12 17 10  -6.3 1008  68  4.9 4  1.7  71   14   38 211 -269  2
3797500 2746500 12 17 11  -5.5 1008  58  4.5 3  1.7  71   74   68 215 -271  2
3797500 2746500 12 17 12  -4.2 1008  60  4.6 3  1.8  67   87   89 216 -274  2
3797500 2746500 12 17 13  -3.1 1007  61  4.7 7  1.8  62    0   70 234 -278  2
3797500 2746500 12 17 14  -2.6 1006  65  3.5 8  1.9  61    0   32 253 -280  2
3797500 2746500 12 17 15  -1.1 1006  77  3.2 7  2.0  60    0   35 256 -281  2
3797500 2746500 12 17 16  -0.6 1005  64  3.2 7  2.1  58   18   24 257 -279  2
3797500 2746500 12 17 17  -1.1 1005  65  3.4 7  2.1  59    0    2 256 -276  2
3797500 2746500 12 17 18  -1.2 1005  67  3.5 8  2.2  62    0    0 257 -274  2
3797500 2746500 12 17 19  -1.0 1005  75  3.4 6  2.2  64    0    0 253 -272  2
3797500 2746500 12 17 20  -0.6 1005  71  3.4 6  2.3  63    0    0 248 -271  2
3797500 2746500 12 17 21  -0.4 1005  66  3.3 6  2.3  63    0    0 250 -269  2
3797500 2746500 12 17 22  -0.1 1005  59  3.1 6  2.4  63    0    0 252 -269  2
3797500 2746500 12 17 23   0.9 1005  84  3.0 6  2.9  68    0    0 257 -268  2
3797500 2746500 12 17 24   2.0 1004 122  2.9 6  3.5  75    0    0 266 -269  2
3797500 2746500 12 18  1   3.3 1001 175  2.8 6  4.2  83    0    0 294 -324  2
3797500 2746500 12 18  2   4.1 1002 220  2.6 6  4.8  89    0    0 277 -324  2
3797500 2746500 12 18  3   4.6 1002 252  2.5 5  5.1  94    0    0 286 -324  2
3797500 2746500 12 18  4   4.4 1003 246  2.3 6  5.0  94    0    0 283 -323  2
3797500 2746500 12 18  5   4.4 1003 239  2.4 7  4.9  93    0    0 288 -322  2
3797500 2746500 12 18  6   4.0 1004 221  2.2 8  4.8  93    0    0 306 -321  2
3797500 2746500 12 18  7   4.0 1004 216  2.4 8  4.7  92    0    0 312 -320  2
3797500 2746500 12 18  8   3.9 1004 318  2.2 8  4.7  92    0    0 310 -319  2
3797500 2746500 12 18  9   3.6 1005 308  1.5 8  4.6  91    0    1 309 -317  2
3797500 2746500 12 18 10   3.3 1005 238  1.7 8  4.4  89   10   43 307 -317  2
3797500 2746500 12 18 11   3.5 1006 236  1.6 4  4.2  87   57   89 280 -318  2
3797500 2746500 12 18 12   4.5 1006 256  1.8 3  4.4  86  108  109 249 -320  2
3797500 2746500 12 18 13   5.6 1006 263  3.1 4  4.3  78   50  118 250 -323  2
3797500 2746500 12 18 14   5.6 1006 278  3.2 6  3.8  67    2   72 267 -325  2
3797500 2746500 12 18 15   5.3 1006 274  2.5 7  3.4  61    2   52 282 -324  2
3797500 2746500 12 18 16   4.9 1006 270  3.0 6  3.3  60    2   24 279 -321  2
3797500 2746500 12 18 17   4.3 1007 280  2.1 6  3.3  62    0    3 270 -317  2
3797500 2746500 12 18 18   3.1 1007 255  1.4 6  3.4  68    0    0 267 -316  2
3797500 2746500 12 18 19   2.5 1007 236  1.5 5  3.4  73    0    0 258 -316  2
3797500 2746500 12 18 20   2.3 1007 253  1.4 3  3.4  74    0    0 234 -316  2
3797500 2746500 12 18 21   1.9 1007 222  0.9 3  3.3  73    0    0 219 -315  2
3797500 2746500 12 18 22   1.1 1007 214  0.8 5  3.2  75    0    0 234 -314  2
3797500 2746500 12 18 23   1.3 1007 200  1.5 6  3.1  75    0    0 255 -313  2
3797500 2746500 12 18 24   0.7 1007 209  1.5 7  3.1  76    0    0 269 -313  2
3797500 2746500 12 19  1   1.1 1006 190  1.4 8  3.2  79    0    0 281 -311  2
3797500 2746500 12 19  2   0.9 1006 212  0.9 8  3.3  80    0    0 284 -311  2
3797500 2746500 12 19  3   1.1 1005 225  1.4 8  3.3  80    0    0 283 -310  2
3797500 2746500 12 19  4   0.5 1005 203  2.0 7  3.3  82    0    0 276 -310  2
3797500 2746500 12 19  5   0.5 1004 202  1.4 8  3.3  83    0    0 275 -309  2
3797500 2746500 12 19  6   1.0 1004 209  2.0 7  3.3  82    0    0 276 -308  2
3797500 2746500 12 19  7   1.2 1004 230  2.3 8  3.3  79    0    0 276 -306  2
3797500 2746500 12 19  8   1.4 1005 233  2.3 8  3.3  79    0    0 280 -304  2
3797500 2746500 12 19  9   1.0 1005 258  3.2 8  3.4  82    0    0 279 -303  2
3797500 2746500 12 19 10   0.7 1006 256  1.9 8  3.5  85    0   28 278 -302  2
3797500 2746500 12 19 11   0.8 1006 251  2.8 6  3.5  88    3   64 267 -304  2
3797500 2746500 12 19 12   1.0 1007 249  4.3 6  3.6  89    6   91 257 -307  2
3797500 2746500 12 19 13   1.7 1007 256  3.9 3  3.7  88   62  125 243 -311  2
3797500 2746500 12 19 14   2.4 1007 270  4.6 1  3.7  83   79  111 221 -313  2
3797500 2746500 12 19 15   2.5 1007 252  3.5 2  3.5  76   54   81 215 -313  2
3797500 2746500 12 19 16   2.6 1007 260  3.5 4  3.4  74   11   32 230 -313  2
3797500 2746500 12 19 17   2.0 1007 255  3.1 5  3.4  75    0    2 242 -312  2
3797500 2746500 12 19 18   1.7 1008 265  3.1 5  3.4  77    0    0 245 -311  2
3797500 2746500 12 19 19   1.4 1008 273  2.6 2  3.4  79    0    0 228 -310  2
3797500 2746500 12 19 20   0.8 1009 275  2.7 3  3.3  81    0    0 217 -309  2
3797500 2746500 12 19 21   0.9 1010 276  2.7 5  3.3  82    0    0 231 -307  2
3797500 2746500 12 19 22   0.5 1011 258  2.1 4  3.3  83    0    0 237 -307  2
3797500 2746500 12 19 23   0.1 1011 249  2.8 4  3.3  85    0    0 232 -306  2
3797500 2746500 12 19 24   0.0 1012 250  3.4 3  3.3  86    0    0 227 -303  2
3797500 2746500 12 20  1   0.2 1013 246  3.3 7  3.3  87    0    0 241 -303  2
3797500 2746500 12 20  2   0.2 1013 246  2.6 8  3.4  88    0    0 263 -303  2
3797500 2746500 12 20  3   0.4 1014 233  2.9 8  3.4  89    0    0 267 -303  2
3797500 2746500 12 20  4   0.6 1014 242  2.8 8  3.5  90    0    0 267 -304  2
3797500 2746500 12 20  5   0.8 1014 259  2.7 7  3.6  90    0    0 264 -304  2
3797500 2746500 12 20  6   0.6 1014 249  3.2 7  3.6  90    0    0 260 -305  2
3797500 2746500 12 20  7   0.2 1015 239  2.9 8  3.5  90    0    0 263 -306  2
3797500 2746500 12 20  8  -0.1 1015 228  2.2 7  3.5  91    0    0 264 -306  2
3797500 2746500 12 20  9  -0.1 1016 221  2.3 7  3.4  92    0    0 260 -307  2
3797500 2746500 12 20 10   0.6 1017 230  2.5 6  3.5  91    4   38 259 -307  2
3797500 2746500 12 20 11   1.3 1017 236  2.4 3  3.6  88   22   84 243 -309  2
3797500 2746500 12 20 12   2.2 1018 251  1.8 3  3.6  83   47  116 233 -312  2
3797500 2746500 12 20 13   3.7 1018 278  2.8 2  3.6  76  107  121 232 -314  2
3797500 2746500 12 20 14   4.6 1017 299  3.7 2  3.6  71   61  110 230 -315  2
3797500 2746500 12 20 15   4.0 1017 302  3.7 5  3.5  69   18   71 241 -315  2
3797500 2746500 12 20 16   3.7 1017 296  3.7 6  3.5  71    6   29 252 -314  2
3797500 2746500 12 20 17   3.1 1017 276  2.8 6  3.5  73    0    1 253 -311  2
3797500 2746500 12 20 18   2.5 1018 260  2.0 7  3.5  77    0    0 253 -308  2
3797500 2746500 12 20 19   2.3 1018 248  2.0 6  3.6  80    0    0 252 -307  2
3797500 2746500 12 20 20   1.5 1019 249  2.0 5  3.5  82    0    0 245 -306  2
3797500 2746500 12 20 21   1.1 1019 221  1.9 4  3.5  84    0    0 238 -305  2
3797500 2746500 12 20 22   0.9 1019 221  1.5 5  3.5  85    0    0 238 -305  2
3797500 2746500 12 20 23   1.2 1020 240  2.3 5  3.5  86    0    0 243 -304  2
3797500 2746500 12 20 24   1.0 1020 211  2.3 7  3.5  86    0    0 250 -303  2
3797500 2746500 12 21  1   0.7 1020 217  2.5 6  3.5  87    0    0 254 -303  2
3797500 2746500 12 21  2   1.2 1021 211  3.0 6  3.5  88    0    0 253 -302  2
3797500 2746500 12 21  3   1.1 1021 222  2.4 7  3.6  88    0    0 258 -301  2
3797500 2746500 12 21  4   1.3 1021 202  2.4 7  3.6  89    0    0 263 -299  2
3797500 2746500 12 21  5   1.4 1021 214  2.4 7  3.7  89    0    0 266 -298  2
3797500 2746500 12 21  6   1.4 1021 213  2.4 7  3.7  89    0    0 267 -297  2
3797500 2746500 12 21  7   1.2 1022 203  2.4 8  3.7  89    0    0 273 -296  2
3797500 2746500 12 21  8   1.3 1022 213  2.6 8  3.7  90    0    0 277 -295  2
3797500 2746500 12 21  9   1.2 1022 204  2.5 8  3.7  90    0    0 275 -295  2
3797500 2746500 12 21 10   1.2 1023 205  2.2 8  3.7  91    0    9 271 -295  2
3797500 2746500 12 21 11   1.7 1023 211  1.7 8  3.8  91    0   23 269 -297  2
3797500 2746500 12 21 12   1.9 1024 205  2.5 8  3.8  89    0   65 268 -301  2
3797500 2746500 12 21 13   2.2 1024 205  2.2 8  3.8  87    6   91 268 -305  2
3797500 2746500 12 21 14   3.1 1024 197  1.7 7  3.8  83   24  101 263 -307  2
3797500 2746500 12 21 15   3.0 1024 181  2.2 7  3.8  80   18   72 256 -308  2
3797500 2746500 12 21 16   3.0 1024 162  2.4 7  3.6  78    4   26 251 -307  2
3797500 2746500 12 21 17   2.3 1024 144  2.5 7  3.5  77    0    5 248 -303  2
3797500 2746500 12 21 18   2.2 1024 160  2.3 8  3.5  78    0    0 249 -300  2
3797500 2746500 12 21 19   2.2 1024 147  2.8 7  3.4  78    0    0 249 -298  2
3797500 2746500 12 21 20   1.8 1024 157  3.2 7  3.4  78    0    0 247 -298  2
3797500 2746500 12 21 21   1.2 1024 168  2.5 5  3.2  77    0    0 241 -297  2
3797500 2746500 12 21 22   1.1 1025 159  4.4 5  3.1  77    0    0 237 -297  2
3797500 2746500 12 21 23   0.9 1025 161  3.3 5  3.1  77    0    0 238 -297  2
3797500 2746500 12 21 24   0.3 1026 159  3.9 3  3.0  78    0    0 233 -296  2
3797500 2746500 12 22  1   0.3 1025 168  3.8 2  3.0  78    0    0 224 -296  2
3797500 2746500 12 22  2  -0.1 1025 160  3.9 2  3.0  79    0    0 220 -296  2
3797500 2746500 12 22  3  -0.6 1025 160  4.6 1  2.9  80    0    0 217 -296  2
3797500 2746500 12 22  4  -1.0 1025 164  3.6 2  2.8  80    0    0 218 -296  2
3797500 2746500 12 22  5  -0.8 1025 139  4.1 1  2.8  79    0    0 219 -296  2
3797500 2746500 12 22  6  -0.9 1025 147  3.7 1  2.7  78    0    0 217 -296  2
3797500 2746500 12 22  7  -1.2 1025 145  4.0 0  2.7  78    0    0 213 -296  2
3797500 2746500 12 22  8  -0.5 1024 166  4.2 0  2.6  75    0    0 210 -294  2
3797500 2746500 12 22  9  -0.9 1024 151  4.4 0  2.6  74    0    0 209 -293  2
3797500 2746500 12 22 10  -0.3 1024 163  4.8 3  2.6  72    7   38 221 -294  2
3797500 2746500 12 22 11   0.6 1023 154  5.7 5  2.5  67   31   80 241 -296  2
3797500 2746500 12 22 12   1.3 1022 175  4.9 5  2.5  62   81  105 249 -301  2
3797500 2746500 12 22 13   2.2 1022 175  4.7 5  2.5  60  133  101 251 -306  2
3797500 2746500 12 22 14   2.3 1021 174  6.2 6  2.5  58   88   98 258 -308  2
3797500 2746500 12 22 15   2.2 1021 166  5.4 6  2.5  56   49   72 261 -308  2
3797500 2746500 12 22 16   2.0 1019 172  5.1 6  2.4  54   14   32 262 -307  2
3797500 2746500 12 22 17   1.8 1019 162  7.3 7  2.3  53    0    2 267 -306  2
3797500 2746500 12 22 18   1.6 1018 163  7.7 8  2.2  53    0    0 276 -306  2
3797500 2746500 12 22 19   1.5 1018 161  7.4 7  2.2  53    0    0 279 -307  2
3797500 2746500 12 22 20   1.7 1018 155  7.5 6  2.2  52    0    0 276 -308  2
3797500 2746500 12 22 21   1.8 1017 164  7.2 6  2.1  50    0    0 277 -310  2
3797500 2746500 12 22 22   2.0 1016 165  6.9 7  2.1  50    0    0 284 -312  2
3797500 2746500 12 22 23   2.1 1016 167  7.1 7  2.2  50    0    0 291 -314  2
3797500 2746500 12 22 24   2.1 1015 166  6.9 8  2.2  50    0    0 298 -315  2
3797500 2746500 12 23  1   1.8 1015 165  6.7 8  2.3  53    0    0 303 -317  2
3797500 2746500 12 23  2   1.7 1014 164  7.3 8  2.5  58    0    0 305 -318  2
3797500 2746500 12 23  3   1.9 1013 167  8.2 8  2.8  65    0    0 308 -320  2
3797500 2746500 12 23  4   1.9 1013 168  7.0 8  3.1  72    0    0 310 -321  2
3797500 2746500 12 23  5   2.2 1012 175  6.7 8  3.3  76    0    0 312 -322  2
3797500 2746500 12 23  6   2.4 1011 165  7.3 8  3.4  76    0    0 313 -323  2
3797500 2746500 12 23  7   2.6 1011 167  8.4 8  3.5  76    0    0 315 -323  2
3797500 2746500 12 23  8   2.1 1011 185  6.5 8  3.5  78    0    0 317 -324  2
3797500 2746500 12 23  9   2.6 1012 195  5.3 8  3.8  84    0    0 319 -325  2
3797500 2746500 12 23 10   2.3 1013 195  4.7 8  4.1  90    0   11 321 -325  2
3797500 2746500 12 23 11   2.5 1014 183  4.2 8  4.2  92    0   25 321 -325  2
3797500 2746500 12 23 12   3.2 1015 183  3.7 8  4.3  92    0   36 323 -326  2
3797500 2746500 12 23 13   3.5 1016 194  4.3 8  4.5  92    0   66 324 -327  2
3797500 2746500 12 23 14   4.2 1016 202  4.4 8  4.6  92    0   68 327 -328  2
3797500 2746500 12 23 15   4.5 1016 183  3.2 8  4.7  91    0   33 330 -328  2
3797500 2746500 12 23 16   4.6 1016 186  2.6 8  4.7  89    1   22 331 -328  2
3797500 2746500 12 23 17   4.5 1016 196  3.9 7  4.6  88    0    1 326 -326  2
3797500 2746500 12 23 18   4.5 1017 193  3.9 6  4.5  87    0    0 313 -323  2
3797500 2746500 12 23 19   4.1 1017 194  3.9 6  4.4  86    0    0 306 -320  2
3797500 2746500 12 23 20   3.2 1016 176  5.4 6  4.3  87    0    0 302 -319  2
3797500 2746500 12 23 21   2.1 1016 184  4.7 3  4.1  89    0    0 279 -318  2
3797500 2746500 12 23 22   2.0 1016 172  5.3 5  3.9  90    0    0 270 -317  2
3797500 2746500 12 23 23   1.9 1016 172  5.8 6  3.9  90    0    0 290 -316  2
3797500 2746500 12 23 24   1.8 1015 160  4.4 2  3.9  91    0    0 269 -316  2
3797500 2746500 12 24  1   2.2 1014 160  4.0 4  3.9  90    0    0 255 -317  2
3797500 2746500 12 24  2   2.5 1014 172  4.7 5  3.9  88    0    0 275 -317  2
3797500 2746500 12 24  3   3.0 1013 177  4.8 5  4.0  86    0    0 280 -319  2
3797500 2746500 12 24  4   3.2 1012 174  6.0 5  4.0  85    0    0 277 -320  2
3797500 2746500 12 24  5   3.3 1011 174  4.9 5  4.0  84    0    0 275 -321  2
3797500 2746500 12 24  6   3.5 1010 175  6.2 5  4.0  82    0    0 273 -323  2
3797500 2746500 12 24  7   3.4 1009 162  7.4 6  4.0  83    0    0 279 -324  2
3797500 2746500 12 24  8   3.8 1008 153  7.9 6  4.1  82    0    0 288 -327  2
3797500 2746500 12 24  9   4.0 1007 162  7.1 6  4.1  82    0    0 290 -328  2
3797500 2746500 12 24 10   4.7 1006 172  7.6 8  4.3  83    0   13 309 -329  2
3797500 2746500 12 24 11   5.4 1005 174  7.8 8  4.4  81    0   27 328 -331  2
3797500 2746500 12 24 12   6.0 1005 183  8.4 7  4.6  80    0   50 322 -334  2
3797500 2746500 12 24 13   6.9 1004 183  7.8 7  4.7  78    1   80 317 -338  2
3797500 2746500 12 24 14   7.2 1003 192  6.6 8  4.9  77    0   38 326 -340  2
3797500 2746500 12 24 15   7.2 1003 181  6.6 8  5.2  81    0   28 336 -340  2
3797500 2746500 12 24 16   7.7 1001 182  6.5 8  5.3  82    0   16 338 -340  2
3797500 2746500 12 24 17   7.4 1000 193  5.7 8  5.3  81    0    0 340 -340  2
3797500 2746500 12 24 18   7.9 1000 183  4.9 8  5.4  82    0    0 341 -341  2
3797500 2746500 12 24 19   8.1  999 183  6.4 8  5.5  81    0    0 342 -342  2
3797500 2746500 12 24 20   8.4  998 193  6.9 8  5.5  80    0    0 343 -343  2
3797500 2746500 12 24 21   8.7  997 192  7.3 7  5.6  79    0    0 341 -344  2
3797500 2746500 12 24 22   8.7  996 183  8.3 8  5.6  79    0    0 342 -346  2
3797500 2746500 12 24 23   8.2  995 183  7.7 8  5.8  83    0    0 345 -346  2
3797500 2746500 12 24 24   7.7  993 184  7.8 7  6.0  88    0    0 340 -346  2
3797500 2746500 12 25  1   7.8  992 192  8.3 7  6.0  89    0    0 336 -346  2
3797500 2746500 12 25  2   7.9  989 182  8.7 8  5.8  87    0    0 340 -347  2
3797500 2746500 12 25  3   7.7  987 180  8.0 8  5.8  86    0    0 344 -347  2
3797500 2746500 12 25  4   7.8  986 189  7.1 8  5.9  88    0    0 344 -347  2
3797500 2746500 12 25  5   8.3  985 190  8.2 8  5.9  85    0    0 344 -348  2
3797500 2746500 12 25  6   8.6  983 199  8.3 8  5.6  79    0    0 345 -348  2
3797500 2746500 12 25  7   5.9  982 221  7.7 7  5.2  80    0    0 334 -349  2
3797500 2746500 12 25  8   8.2  983 224  8.0 7  5.1  78    0    0 319 -350  2
3797500 2746500 12 25  9   8.6  983 211  7.2 7  4.9  70    0    0 316 -349  2
3797500 2746500 12 25 10   8.5  983 226  8.8 6  5.0  70    0   20 304 -348  2
3797500 2746500 12 25 11   7.1  984 219  8.8 5  4.7  70    7   70 276 -347  2
3797500 2746500 12 25 12   7.5  984 231  9.2 6  4.5  68   23  101 275 -347  2
3797500 2746500 12 25 13   7.5  984 230  7.4 5  4.5  69   17  106 276 -348  2
3797500 2746500 12 25 14   7.9  985 231  7.4 5  4.5  67   48  105 265 -348  2
3797500 2746500 12 25 15   7.3  985 225  5.9 5  4.4  66   38   76 270 -348  2
3797500 2746500 12 25 16   6.9  985 228  4.6 7  4.4  68    9   31 287 -345  2
3797500 2746500 12 25 17   6.9  985 226  4.9 7  4.5  71    0    0 301 -342  2
3797500 2746500 12 25 18   6.9  985 208  4.1 7  4.5  71    0    0 300 -340  2
3797500 2746500 12 25 19   2.7  985 235  5.0 8  4.4  79    0    0 299 -339  2
3797500 2746500 12 25 20   3.6  986 230  6.0 7  4.3  88    0    0 294 -338  2
3797500 2746500 12 25 21   4.4  988 238  6.4 4  4.4  84    0    0 270 -337  2
3797500 2746500 12 25 22   4.8  989 220  6.1 4  4.3  79    0    0 254 -336  2
3797500 2746500 12 25 23   5.2  989 229  7.4 5  4.2  76    0    0 261 -336  2
3797500 2746500 12 25 24   5.0  990 228  6.9 5  4.2  75    0    0 269 -335  2
3797500 2746500 12 26  1   4.9  990 219  5.3 6  4.1  75    0    0 278 -334  2
3797500 2746500 12 26  2   5.0  990 217  4.9 6  4.2  76    0    0 286 -334  2
3797500 2746500 12 26  3   4.6  989 209  5.8 5  4.2  76    0    0 283 -335  2
3797500 2746500 12 26  4   4.5  988 190  5.3 5  4.2  77    0    0 281 -335  2
3797500 2746500 12 26  5   4.6  987 180  5.2 7  4.2  77    0    0 295 -335  2
3797500 2746500 12 26  6   4.7  985 171  6.4 7  4.2  77    0    0 309 -335  2
3797500 2746500 12 26  7   4.6  982 172  5.8 8  4.4  81    0    0 316 -335  2
3797500 2746500 12 26  8   4.8  979 156  7.0 8  4.7  85    0    0 324 -334  2
3797500 2746500 12 26  9   5.1  976 150  6.9 8  4.8  87    0    0 324 -333  2
3797500 2746500 12 26 10   5.3  974 150  6.2 8  5.0  88    0   13 323 -333  2
3797500 2746500 12 26 11   4.7  971 163  5.0 8  5.0  89    0   24 321 -333  2
3797500 2746500 12 26 12   4.0  970 276  3.3 8  4.8  90    0   22 317 -335  2
3797500 2746500 12 26 13   3.2  972 260  5.7 8  4.6  90    0   36 311 -336  2
3797500 2746500 12 26 14   4.3  975 261  5.9 8  4.7  91    0   51 308 -337  2
3797500 2746500 12 26 15   5.5  978 261  6.0 6  5.0  89    4   58 293 -337  2
3797500 2746500 12 26 16   6.0  980 250  7.1 6  4.9  83    2   27 283 -335  2
3797500 2746500 12 26 17   6.0  981 228  6.6 6  4.7  78    0    6 284 -333  2
3797500 2746500 12 26 18   5.4  981 225  6.0 5  4.5  76    0    0 277 -332  2
3797500 2746500 12 26 19   4.9  981 211  5.4 4  4.4  78    0    0 268 -332  2
3797500 2746500 12 26 20   5.0  981 202  5.0 6  4.4  80    0    0 275 -332  2
3797500 2746500 12 26 21   4.8  980 182  3.8 7  4.5  81    0    0 294 -333  2
3797500 2746500 12 26 22   4.4  978 166  4.5 8  4.5  82    0    0 307 -333  2
3797500 2746500 12 26 23   4.3  976 177  3.6 7  4.5  84    0    0 306 -333  2
3797500 2746500 12 26 24   1.6  976 137  2.8 7  4.3  89    0    0 293 -333  2
3797500 2746500 12 27  1   0.9  975 288  1.6 8  4.0  92    0    0 292 -329  2
3797500 2746500 12 27  2   0.5  976 278  2.7 8  3.8  92    0    0 297 -324  2
3797500 2746500 12 27  3   0.8  978 237  4.5 8  3.8  93    0    0 298 -323  2
3797500 2746500 12 27  4   1.3  979 230  4.0 8  4.0  94    0    0 301 -324  2
3797500 2746500 12 27  5   2.3  980 232  5.8 8  4.2  94    0    0 302 -326  2
3797500 2746500 12 27  6   2.9  981 258  6.3 8  4.4  93    0    0 305 -326  2
3797500 2746500 12 27  7   2.8  982 268  3.8 8  4.4  91    0    0 305 -326  2
3797500 2746500 12 27  8   2.7  983 257  3.9 8  4.3  90    0    0 305 -327  2
3797500 2746500 12 27  9   2.3  985 239  3.9 8  4.2  90    0    0 303 -328  2
3797500 2746500 12 27 10   3.0  986 230  4.0 8  4.2  90    0   21 303 -329  2
3797500 2746500 12 27 11   3.9  987 239  4.6 8  4.5  90    0   28 305 -329  2
3797500 2746500 12 27 12   4.4  987 249  4.9 8  4.7  90    0   27 308 -329  2
3797500 2746500 12 27 13   4.6  987 240  4.8 8  4.8  89    0   23 308 -330  2
3797500 2746500 12 27 14   4.7  987 229  4.9 7  4.7  87    0   45 302 -330  2
3797500 2746500 12 27 15   5.0  986 219  5.2 6  4.6  84   10   77 290 -331  2
3797500 2746500 12 27 16   4.5  986 224  4.9 7  4.5  82    7   38 287 -331  2
3797500 2746500 12 27 17   4.3  986 220  4.0 7  4.3  80    0    4 291 -330  2
3797500 2746500 12 27 18   4.2  986 213  3.0 7  4.3  81    0    0 292 -328  2
3797500 2746500 12 27 19   3.9  985 193  3.1 6  4.3  82    0    0 285 -328  2
3797500 2746500 12 27 20   3.0  984 150  2.9 5  4.1  82    0    0 270 -327  2
3797500 2746500 12 27 21   2.4  983 111  2.8 4  3.9  83    0    0 260 -324  2
3797500 2746500 12 27 22   2.3  981  91  2.1 4  3.9  84    0    0 258 -322  2
3797500 2746500 12 27 23   2.1  980 100  3.1 5  3.9  85    0    0 263 -323  2
3797500 2746500 12 27 24   1.9  979  89  2.8 5  3.9  86    0    0 265 -324  2
3797500 2746500 12 28  1   1.3  979  60  2.4 8  3.8  87    0    0 280 -325  2
3797500 2746500 12 28  2   1.1  979  32  2.4 5  3.8  89    0    0 277 -324  2
3797500 2746500 12 28  3   1.1  980  31  1.7 7  3.8  90    0    0 267 -323  2
3797500 2746500 12 28  4   1.1  981  28  1.9 7  3.8  90    0    0 281 -324  2
3797500 2746500 12 28  5   1.0  981  19  2.1 7  3.8  91    0    0 282 -324  2
3797500 2746500 12 28  6   1.2  982  25  2.0 7  3.9  91    0    0 282 -323  2
3797500 2746500 12 28  7   1.3  983 358  1.6 8  3.8  90    0    0 289 -323  2
3797500 2746500 12 28  8   1.6  984   1  1.8 7  3.9  90    0    0 289 -323  2
3797500 2746500 12 28  9   1.6  986  37  1.1 8  3.9  90    0    0 290 -322  2
3797500 2746500 12 28 10   1.6  986 300  1.7 6  3.9  90    0   16 283 -323  2
3797500 2746500 12 28 11   1.7  988 252  1.8 8  4.0  91    0   38 283 -325  2
3797500 2746500 12 28 12   2.1  989 253  2.3 7  4.1  92    0   45 290 -327  2
3797500 2746500 12 28 13   2.3  990 239  3.1 7  4.2  93    0   47 284 -329  2
3797500 2746500 12 28 14   2.6  991 228  2.5 7  4.3  93    0   56 286 -330  2
3797500 2746500 12 28 15   2.9  991 245  2.1 7  4.4  93    3   46 289 -332  2
3797500 2746500 12 28 16   3.2  992 255  2.2 7  4.5  92    0   17 291 -332  2
3797500 2746500 12 28 17   3.2  993 230  2.1 7  4.5  92    0    0 294 -330  2
3797500 2746500 12 28 18   3.1  993 238  1.5 7  4.5  92    0    0 295 -329  2
3797500 2746500 12 28 19   3.2  994 241  1.4 7  4.5  92    0    0 295 -328  2
3797500 2746500 12 28 20   2.9  995 242  0.8 7  4.4  92    0    0 295 -327  2
3797500 2746500 12 28 21   3.4  995 246  2.1 6  4.4  91    0    0 289 -327  2
3797500 2746500 12 28 22   3.3  996 253  1.9 7  4.4  90    0    0 290 -326  2
3797500 2746500 12 28 23   3.0  997 237  2.1 7  4.4  90    0    0 296 -325  2
3797500 2746500 12 28 24   2.6  997 235  2.3 6  4.3  91    0    0 289 -323  2
3797500 2746500 12 29  1   1.7  997 239  1.6 6  4.1  91    0    0 279 -322  2
3797500 2746500 12 29  2   1.8  998 261  1.9 7  4.0  91    0    0 282 -322  2
3797500 2746500 12 29  3   1.9  998 250  1.5 5  4.0  91    0    0 276 -322  2
3797500 2746500 12 29  4   1.7  999 254  1.8 7  4.0  91    0    0 276 -323  2
3797500 2746500 12 29  5   1.5 1000 234  2.2 6  3.9  91    0    0 282 -322  2
3797500 2746500 12 29  6   1.3 1000 233  1.7 5  3.9  91    0    0 269 -322  2
3797500 2746500 12 29  7   1.2 1001 227  1.9 4  3.8  91    0    0 257 -321  2
3797500 2746500 12 29  8   1.1 1001 233  3.0 5  3.8  91    0    0 256 -321  2
3797500 2746500 12 29  9   1.5 1002 236  2.4 6  3.8  90    0    0 267 -320  2
3797500 2746500 12 29 10   1.6 1003 240  3.2 8  3.9  91    0   23 284 -320  2
3797500 2746500 12 29 11   1.8 1003 239  3.2 8  3.9  90    0   22 295 -322  2
3797500 2746500 12 29 12   1.8 1004 247  3.7 7  3.9  90    0   63 290 -324  2
3797500 2746500 12 29 13   2.4 1004 257  4.3 8  4.0  91    0   29 291 -326  2
3797500 2746500 12 29 14   2.9 1004 251  5.4 7  4.1  89    0   47 290 -328  2
3797500 2746500 12 29 15   3.3 1005 267  4.4 8  4.2  88    0   26 291 -329  2
3797500 2746500 12 29 16   3.7 1005 251  4.5 8  4.3  88    0    6 298 -328  2
3797500 2746500 12 29 17   3.8 1005 259  4.8 8  4.3  86    0    0 300 -327  2
3797500 2746500 12 29 18   3.7 1006 259  5.1 7  4.3  85    0    0 295 -325  2
3797500 2746500 12 29 19   3.7 1007 261  4.2 8  4.2  85    0    0 296 -324  2
3797500 2746500 12 29 20   3.7 1007 262  4.2 7  4.2  85    0    0 297 -323  2
3797500 2746500 12 29 21   3.6 1008 270  4.2 7  4.2  84    0    0 290 -323  2
3797500 2746500 12 29 22   3.3 1009 269  3.5 7  4.1  84    0    0 289 -321  2
3797500 2746500 12 29 23   3.1 1010 268  3.4 7  4.1  86    0    0 287 -319  2
3797500 2746500 12 29 24   2.9 1010 258  2.5 8  4.1  87    0    0 293 -318  2
3797500 2746500 12 30  1   2.4 1011 234  2.1 7  4.0  87    0    0 293 -318  2
3797500 2746500 12 30  2   2.4 1012 246  2.9 7  3.9  87    0    0 288 -318  2
3797500 2746500 12 30  3   2.4 1012 251  2.8 7  3.9  87    0    0 289 -318  2
3797500 2746500 12 30  4   2.1 1013 227  2.3 6  3.9  88    0    0 285 -318  2
3797500 2746500 12 30  5   2.0 1013 220  2.9 7  3.9  89    0    0 285 -318  2
3797500 2746500 12 30  6   2.4 1013 228  3.0 7  4.0  90    0    0 292 -318  2
3797500 2746500 12 30  7   2.5 1014 230  3.3 8  4.1  90    0    0 299 -318  2
3797500 2746500 12 30  8   2.6 1014 230  4.2 8  4.1  90    0    0 304 -319  2
3797500 2746500 12 30  9   2.7 1014 230  3.4 8  4.2  90    0    0 305 -319  2
3797500 2746500 12 30 10   2.7 1014 233  4.5 8  4.2  92    0   22 305 -320  2
3797500 2746500 12 30 11   2.7 1015 231  4.3 8  4.2  92    0   34 305 -322  2
3797500 2746500 12 30 12   3.0 1015 222  4.6 8  4.3  92    0   28 305 -324  2
3797500 2746500 12 30 13   3.1 1015 232  4.4 8  4.3  90    0   62 304 -326  2
3797500 2746500 12 30 14   3.4 1015 227  4.5 7  4.2  87    0   57 298 -327  2
3797500 2746500 12 30 15   3.6 1014 219  3.8 7  4.1  83    2   56 293 -327  2
3797500 2746500 12 30 16   3.9 1014 212  4.5 8  4.0  82    0   23 296 -325  2
3797500 2746500 12 30 17   3.9 1014 200  3.3 7  4.1  81    0    0 295 -321  2
3797500 2746500 12 30 18   3.9 1013 203  4.0 8  4.1  81    0    0 293 -317  2
3797500 2746500 12 30 19   3.2 1013 214  4.1 8  4.1  85    0    0 295 -316  2
3797500 2746500 12 30 20   3.3 1013 212  4.0 8  4.2  88    0    0 293 -316  2
3797500 2746500 12 30 21   3.3 1013 204  4.1 7  4.3  89    0    0 290 -315  2
3797500 2746500 12 30 22   3.0 1012 185  4.6 8  4.2  89    0    0 290 -314  2
3797500 2746500 12 30 23   2.9 1012 176  4.1 8  4.2  89    0    0 296 -314  2
3797500 2746500 12 30 24   2.6 1012 195  4.8 8  4.2  90    0    0 298 -315  2
3797500 2746500 12 31  1   2.7 1012 196  3.8 8  4.2  91    0    0 299 -316  2
3797500 2746500 12 31  2   2.9 1012 185  3.8 8  4.2  91    0    0 301 -316  2
3797500 2746500 12 31  3   2.9 1012 184  3.8 7  4.2  90    0    0 299 -316  2
3797500 2746500 12 31  4   2.9 1012 193  3.7 7  4.2  90    0    0 296 -316  2
3797500 2746500 12 31  5   3.1 1012 195  2.9 8  4.2  90    0    0 303 -317  2
3797500 2746500 12 31  6   3.2 1012 174  2.0 8  4.3  90    0    0 309 -319  2
3797500 2746500 12 31  7   3.0 1012 183  1.9 8  4.3  90    0    0 311 -319  2
3797500 2746500 12 31  8   3.3 1012 163  1.9 8  4.3  90    0    0 312 -318  2
3797500 2746500 12 31  9   3.2 1013 165  2.1 8  4.3  89    0    0 314 -319  2
3797500 2746500 12 31 10   3.2 1013 176  2.1 8  4.3  90    1   32 315 -320  2
3797500 2746500 12 31 11   3.6 1013 194  1.1 7  4.3  89    0   45 312 -321  2
3797500 2746500 12 31 12   3.9 1014 206  1.3 8  4.4  89    0   43 313 -322  2
3797500 2746500 12 31 13   4.3 1015 206  1.2 8  4.4  87    0   45 320 -323  2
3797500 2746500 12 31 14   4.3 1014 157  1.4 8  4.4  86    0   40 321 -324  2
3797500 2746500 12 31 15   4.2 1014 147  2.3 7  4.5  87    0   50 317 -325  2
3797500 2746500 12 31 16   4.3 1014 187  2.3 8  4.5  88    3   31 318 -325  2
3797500 2746500 12 31 17   4.0 1014 187  2.3 8  4.5  88    0    1 324 -325  2
3797500 2746500 12 31 18   4.2 1015 187  2.3 7  4.4  87    0    0 320 -326  2
3797500 2746500 12 31 19   4.3 1015 175  1.7 8  4.4  85    0    0 322 -326  2
3797500 2746500 12 31 20   4.3 1015 177  2.6 7  4.3  84    0    0 322 -327  2
3797500 2746500 12 31 21   4.3 1016 176  2.8 7  4.3  83    0    0 318 -327  2
3797500 2746500 12 31 22   4.3 1016 176  3.2 7  4.2  83    0    0 319 -328  2
3797500 2746500 12 31 23   3.8 1016 172  3.6 7  4.0  81    0    0 320 -328  2
3797500 2746500 12 31 24   3.2 1016 165  4.4 7  3.7  78    0    0 321 -329  2
