Support_Year;Cluster;Timestep;HP;EB;from_grid;from_main_grid;from_network;Power_Demand_kW
0;0;0;0;0;147.77;147.77;0;147.77
0;0;1;340.884;0;492.985;492.985;0;152.101
0;0;2;74.378;0;222.016;222.016;0;147.638
0;0;3;263.467;0;412.002;412.002;0;148.535
0;0;4;271.291;0;420.26;420.26;0;148.969
0;0;5;277.992;0;425.258;425.258;0;147.265
0;0;6;296.762;0;449.948;449.948;0;153.187
0;0;7;249.75;0;705.361;705.361;0;455.611
0;0;8;226.589;0;695.765;695.765;0;469.176
0;0;9;228.31;0;578.872;454.863;124.01;350.563
0;0;10;196.34;0;570.108;543.34;26.768;373.768
0;0;11;181.332;0;546.623;505.713;40.91;365.291
0;0;12;156.506;0;499.396;433.362;66.034;342.889
0;0;13;279.698;0;642.889;642.889;0;363.191
0;0;14;0;0;392.271;392.271;0;392.271
0;0;15;145.584;0;485.98;485.98;0;340.397
0;0;16;136.418;0;468.326;468.326;0;331.908
0;0;17;128.746;0;563.912;563.912;0;435.166
0;0;18;321.307;0;757.134;757.134;0;435.828
0;0;19;0;0;444.103;444.103;0;444.103
0;0;20;274.389;0;624.876;624.876;0;350.488
0;0;21;326.641;0;536.885;536.885;0;210.244
0;0;22;331.979;0;526.722;526.722;0;194.743
0;0;23;336.43;0;519.712;519.712;0;183.282
0;0;24;0;0;148.336;148.336;0;148.336
0;0;25;0;0;147.39;147.39;0;147.39
0;0;26;264.977;0;408.9;408.9;0;143.924
0;0;27;350.692;0;499.076;499.076;0;148.385
0;0;28;351.584;0;501.14;501.14;0;149.557
0;0;29;357.833;0;506.451;506.451;0;148.619
0;0;30;124.017;0;285.177;285.177;0;161.16
0;0;31;288.293;0;744.896;744.896;0;456.603
0;0;32;260.814;0;734.104;734.104;0;473.29
0;0;33;257.687;0;613.126;540.415;72.71;355.438
0;0;34;224.024;0;594.626;387.68;206.947;370.603
0;0;35;194.311;0;557.066;324.986;232.08;362.755
0;0;36;193.152;0;549.981;412.536;137.444;356.828
0;0;37;159.255;0;510.887;263.784;247.103;351.631
0;0;38;144.884;0;518.922;269.532;249.39;374.039
0;0;39;143.91;0;483.637;170.97;312.667;339.726
0;0;40;317.752;0;658.101;598.929;59.172;340.349
0;0;41;320.418;0;702.93;702.93;0;382.512
0;0;42;320.418;0;752.193;752.193;0;431.775
0;0;43;325.752;0;784.711;784.711;0;458.96
0;0;44;330.199;0;669.451;669.451;0;339.252
0;0;45;0;0;217.236;217.236;0;217.236
0;0;46;193.136;0;392.158;392.158;0;199.022
0;0;47;0;0;180.544;180.544;0;180.544
0;0;48;0;0;146.92;146.92;0;146.92
0;0;49;0;0;149.82;149.82;0;149.82
0;0;50;0;0;150.462;150.462;0;150.462
0;0;51;0;0;144.922;144.922;0;144.922
0;0;52;0;0;147.904;147.904;0;147.904
0;0;53;96.09;0;244.263;244.263;0;148.174
0;0;54;101.66;0;260.08;260.08;0;158.42
0;0;55;127.543;0;536.619;536.619;0;409.076
0;0;56;124.457;0;534.561;534.561;0;410.104
0;0;57;114.363;0;435.777;435.777;0;321.414
0;0;58;104.613;0;411.743;411.743;0;307.13
0;0;59;95.178;0;407.523;357.629;49.894;312.344
0;0;60;262.671;0;578.821;574.118;4.704;316.15
0;0;61;0;0;345.73;345.73;0;345.73
0;0;62;0;0;367.695;367.695;0;367.695
0;0;63;91.885;0;396.78;271.753;125.027;304.895
0;0;64;71.354;0;383.743;194.628;189.115;312.389
0;0;65;60.161;0;432.509;432.509;0;372.348
0;0;66;69.999;0;513.923;513.923;0;443.924
0;0;67;311.536;0;764.668;764.668;0;453.132
0;0;68;294.687;0;649.358;649.358;0;354.672
0;0;69;294.687;0;515.486;515.486;0;220.8
0;0;70;299.117;0;499.346;499.346;0;200.229
0;0;71;314.2;0;503.351;503.351;0;189.152
0;0;72;0;0;140.001;140.001;0;140.001
0;0;73;0;0;139.906;139.906;0;139.906
0;0;74;0;0;138.774;138.774;0;138.774
0;0;75;0;0;139.524;139.524;0;139.524
0;0;76;0;0;143.338;143.338;0;143.338
0;0;77;0;0;143.901;143.901;0;143.901
0;0;78;0;0;143.165;143.165;0;143.165
0;0;79;0;0;153.595;153.595;0;153.595
0;0;80;0;0;172.307;172.307;0;172.307
0;0;81;157.381;0;329.699;329.699;0;172.317
0;0;82;355.965;0;525.181;525.181;0;169.216
0;0;83;356.047;0;500.985;500.985;0;144.938
0;0;84;357.833;0;496.949;496.949;0;139.116
0;0;85;357.833;0;495.218;495.218;0;137.385
0;0;86;358.726;0;507.137;507.137;0;148.411
0;0;87;350.692;0;478.722;478.722;0;128.03
0;0;88;350.692;0;497.125;497.125;0;146.433
0;0;89;355.154;0;508.275;508.275;0;153.121
0;0;90;361.406;0;556.808;556.808;0;195.402
0;0;91;363.193;0;582.314;582.314;0;219.121
0;0;92;364.981;0;572.245;572.245;0;207.264
0;0;93;369.452;0;576.033;576.033;0;206.581
0;0;94;370.347;0;557.618;557.618;0;187.271
0;0;95;370.347;0;541.92;541.92;0;171.573
0;0;96;373.031;0;511.221;511.221;0;138.189
0;0;97;376.613;0;519.185;519.185;0;142.572
0;0;98;378.404;0;517.27;517.27;0;138.866
0;0;99;381.092;0;519.671;519.671;0;138.579
0;0;100;381.092;0;522.53;522.53;0;141.438
0;0;101;381.092;0;521.155;521.155;0;140.063
0;0;102;379.3;0;520.812;520.812;0;141.513
0;0;103;380.195;0;806.956;806.956;0;426.76
0;0;104;377.508;0;807.329;807.329;0;429.82
0;0;105;373.927;180.594;894.127;894.127;0;339.606
0;0;106;370.347;280.194;1001.228;1001.228;0;350.687
0;0;107;366.769;241.187;962.291;962.291;0;354.335
0;0;108;363.193;164.108;874.598;874.598;0;347.297
0;0;109;358.726;63.155;781.502;781.502;0;359.621
0;0;110;352.476;30.504;732.962;592.654;140.309;349.982
0;0;111;348.907;0;679.115;679.115;0;330.207
0;0;112;349.799;0;766.554;766.554;0;416.754
0;0;113;360.512;0;797.48;797.48;0;436.967
0;0;114;364.087;0;777.072;777.072;0;412.985
0;0;115;373.031;0;788.379;788.379;0;415.348
0;0;116;380.195;0;705.785;705.785;0;325.59
0;0;117;378.404;176.479;757;757;0;202.117
0;0;118;380.195;167.443;736.289;736.289;0;188.651
0;0;119;381.988;173.535;745.014;745.014;0;189.491
0;0;120;383.78;213.534;734.986;734.986;0;137.672
0;0;121;382.884;208.392;732.083;732.083;0;140.807
0;0;122;381.988;213.478;734.619;734.619;0;139.154
0;0;123;385.574;228.597;754.489;754.489;0;140.318
0;0;124;385.574;230.492;756.841;756.841;0;140.776
0;0;125;385.574;233.315;756.377;756.377;0;137.488
0;0;126;383.78;270.953;797.951;797.951;0;143.218
0;0;127;384.677;106.088;921.612;921.612;0;430.847
0;0;128;384.677;6.471;836.018;836.018;0;444.87
0;0;129;381.092;12.819;711.695;711.695;0;317.785
0;0;130;374.822;0;720.886;720.886;0;346.064
0;0;131;375.717;0;713.323;713.323;0;337.606
0;0;132;379.3;0;746.163;746.163;0;366.864
0;0;133;372.137;0;693.925;693.925;0;321.788
0;0;134;367.663;0;715.162;715.162;0;347.499
0;0;135;357.833;0;683.724;683.724;0;325.891
0;0;136;359.619;0;670.342;670.342;0;310.723
0;0;137;361.406;0;670.242;670.242;0;308.836
0;0;138;369.452;0;765.161;765.161;0;395.709
0;0;139;373.927;0;791.399;791.399;0;417.473
0;0;140;378.404;0;708.398;708.398;0;329.994
0;0;141;383.78;0;589.517;589.517;0;205.737
0;0;142;390.059;0;594.796;594.796;0;204.737
0;0;143;391.853;0;574.579;574.579;0;182.726
0;0;144;391.853;0;531.436;531.436;0;139.583
0;0;145;399.038;0;538.063;538.063;0;139.025
0;0;146;398.139;0;537.35;537.35;0;139.211
0;0;147;405.331;0;545.928;545.928;0;140.597
0;0;148;408.03;0;549.761;549.761;0;141.731
0;0;149;410.73;0;556.889;556.889;0;146.159
0;0;150;417.936;12.657;575.445;575.445;0;144.852
0;0;151;417.035;231.754;1078.139;1078.139;0;429.35
0;0;152;416.134;166.707;946.979;946.979;0;364.138
0;0;153;409.83;105.148;839.968;839.968;0;324.991
0;0;154;398.139;0;742.976;480.161;262.815;344.837
0;0;155;386.47;0;717.406;717.406;0;330.935
0;0;156;381.092;0;703.513;661.325;42.188;322.421
0;0;157;375.717;0;696.988;696.988;0;321.271
0;0;158;381.092;0;742.504;742.504;0;361.412
0;0;159;380.195;0;709.412;709.412;0;329.216
0;0;160;390.956;0;706.802;706.802;0;315.846
0;0;161;393.649;0;707.094;707.094;0;313.445
0;0;162;393.649;0;796.06;796.06;0;402.411
0;0;163;402.633;0;832.77;832.77;0;430.137
0;0;164;407.13;124.99;858.942;858.942;0;326.822
0;0;165;412.531;280.194;896.928;896.928;0;204.203
0;0;166;417.035;280.194;889.732;889.732;0;192.504
0;0;167;410.73;280.194;860.38;860.38;0;169.456
0;1;0;0;0;138.851;138.851;0;138.851
0;1;1;0;0;142.253;142.253;0;142.253
0;1;2;0;0;141.421;141.421;0;141.421
0;1;3;0;0;140.014;140.014;0;140.014
0;1;4;0;0;141.186;141.186;0;141.186
0;1;5;0;0;143.169;143.169;0;143.169
0;1;6;0;0;146.213;146.213;0;146.213
0;1;7;0;0;283.492;255.672;27.821;283.492
0;1;8;0;0;312.173;124.738;187.435;312.173
0;1;9;0;0;335.542;0;335.542;335.542
0;1;10;0;0;350.707;0;350.707;350.707
0;1;11;0;0;332.356;0;332.356;332.356
0;1;12;0;0;318.428;0;318.428;318.428
0;1;13;0;0;328.607;0;328.607;328.607
0;1;14;62.475;0;403.861;0;403.861;341.387
0;1;15;77.572;0;398.303;0;398.303;320.73
0;1;16;0;0;304.174;54.47;249.704;304.174
0;1;17;0;0;284.452;173.351;111.101;284.452
0;1;18;0;0;298.226;298.226;0;298.226
0;1;19;0;0;418.085;418.085;0;418.085
0;1;20;0;0;329.895;329.895;0;329.895
0;1;21;0;0;199.016;199.016;0;199.016
0;1;22;0;0;191.234;191.234;0;191.234
0;1;23;0;0;173.048;173.048;0;173.048
0;1;24;0;0;137.731;137.731;0;137.731
0;1;25;0;0;139.712;139.712;0;139.712
0;1;26;0;0;141.565;141.565;0;141.565
0;1;27;0;0;140.195;140.195;0;140.195
0;1;28;0;0;141.526;141.526;0;141.526
0;1;29;0;0;142.101;142.101;0;142.101
0;1;30;0;0;145.344;145.344;0;145.344
0;1;31;0;0;281.681;274.306;7.375;281.681
0;1;32;0;0;321.822;140.395;181.426;321.822
0;1;33;11.802;0;336.01;0;336.01;324.208
0;1;34;14.175;0;357.48;0;357.48;343.305
0;1;35;12.522;0;355.931;0;355.931;343.41
0;1;36;12.134;0;327.504;0;327.504;315.37
0;1;37;9.585;0;330.108;0;330.108;320.523
0;1;38;10.756;0;364.027;0;364.027;353.271
0;1;39;166.77;0;487.199;0;487.199;320.429
0;1;40;0;0;311.971;0;311.971;311.971
0;1;41;0;0;290.135;72.377;217.758;290.135
0;1;42;0;0;279.245;237.441;41.804;279.245
0;1;43;0;0;417.79;417.79;0;417.79
0;1;44;0;0;320.656;320.656;0;320.656
0;1;45;0;0;206.804;206.804;0;206.804
0;1;46;0;0;192.975;192.975;0;192.975
0;1;47;0;0;178.724;178.724;0;178.724
0;1;48;0;0;139.863;139.863;0;139.863
0;1;49;0;0;142.22;142.22;0;142.22
0;1;50;0;0;141.446;141.446;0;141.446
0;1;51;0;0;140.181;140.181;0;140.181
0;1;52;0;0;141.122;141.122;0;141.122
0;1;53;0;0;141.979;141.979;0;141.979
0;1;54;0;0;145.838;145.838;0;145.838
0;1;55;0;0;324.955;324.955;0;324.955
0;1;56;0;0;285.62;146.509;139.11;285.62
0;1;57;0;0;277.081;0;277.081;277.081
0;1;58;9.496;0;306.032;0;306.032;296.537
0;1;59;9.874;0;290.304;0;290.304;280.43
0;1;60;9.001;0;295.875;0;295.875;286.874
0;1;61;177.663;0;471.836;0;471.836;294.173
0;1;62;0;0;291.593;0;291.593;291.593
0;1;63;0;0;276.461;152.576;123.885;276.461
0;1;64;0;0;275.8;28.883;246.917;275.8
0;1;65;0;0;275.363;105.354;170.009;275.363
0;1;66;0;0;276.931;276.931;0;276.931
0;1;67;0;0;417.182;417.182;0;417.182
0;1;68;0;0;320.126;320.126;0;320.126
0;1;69;0;0;201.058;201.058;0;201.058
0;1;70;0;0;199.677;199.677;0;199.677
0;1;71;0;0;176.136;176.136;0;176.136
0;1;72;0;0;141.081;141.081;0;141.081
0;1;73;0;0;139.87;139.87;0;139.87
0;1;74;0;0;141.628;141.628;0;141.628
0;1;75;0;0;140.025;140.025;0;140.025
0;1;76;0;0;140.688;140.688;0;140.688
0;1;77;0;0;142.174;142.174;0;142.174
0;1;78;0;0;142.286;142.286;0;142.286
0;1;79;0;0;129.28;100.584;28.696;129.28
0;1;80;0;0;131.81;0;131.81;131.81
0;1;81;10.707;0;147.336;0;147.336;136.629
0;1;82;8.523;0;156.28;0;156.28;147.757
0;1;83;10.78;0;153.555;0;153.555;142.775
0;1;84;10.167;0;150.328;0;150.328;140.161
0;1;85;8.83;0;155.908;0;155.908;147.078
0;1;86;8.64;0;152.091;0;152.091;143.451
0;1;87;172.81;0;310.989;0;310.989;138.179
0;1;88;0;0;138.332;0;138.332;138.332
0;1;89;0;0;143.027;18.038;124.988;143.027
0;1;90;0;0;136.259;93.4;42.859;136.259
0;1;91;0;0;216.486;216.486;0;216.486
0;1;92;0;0;217.115;217.115;0;217.115
0;1;93;0;0;203.757;203.757;0;203.757
0;1;94;0;0;197.32;197.32;0;197.32
0;1;95;0;0;170.575;170.575;0;170.575
0;1;96;0;0;139.207;139.207;0;139.207
0;1;97;0;0;143.966;143.966;0;143.966
0;1;98;0;0;141.496;141.496;0;141.496
0;1;99;0;0;140.971;140.971;0;140.971
0;1;100;0;0;140.98;140.98;0;140.98
0;1;101;0;0;145.436;145.436;0;145.436
0;1;102;0;0;144.895;144.895;0;144.895
0;1;103;0;0;307.568;286.842;20.726;307.568
0;1;104;0;0;290.08;167.937;122.143;290.08
0;1;105;0;0;339.127;204.584;134.543;339.127
0;1;106;17.236;0;370.958;0;370.958;353.722
0;1;107;13.359;0;367.953;0;367.953;354.594
0;1;108;13.244;0;350.831;0;350.831;337.587
0;1;109;190.153;0;522.309;0;522.309;332.156
0;1;110;0;0;356.846;67.833;289.013;356.846
0;1;111;0;0;323.521;99.935;223.586;323.521
0;1;112;0;0;316.553;130.108;186.445;316.553
0;1;113;0;0;288.506;168.855;119.651;288.506
0;1;114;0;0;285.572;262.07;23.502;285.572
0;1;115;0;0;435.165;435.165;0;435.165
0;1;116;0;0;315.783;315.783;0;315.783
0;1;117;0;0;215.286;215.286;0;215.286
0;1;118;0;0;196.009;196.009;0;196.009
0;1;119;0;0;170.037;170.037;0;170.037
0;1;120;0;0;138.708;138.708;0;138.708
0;1;121;0;0;143.878;143.878;0;143.878
0;1;122;0;0;142.194;142.194;0;142.194
0;1;123;0;0;141.333;141.333;0;141.333
0;1;124;0;0;140.624;140.624;0;140.624
0;1;125;0;0;138.629;138.629;0;138.629
0;1;126;0;0;146.199;146.199;0;146.199
0;1;127;0;0;361.921;361.921;0;361.921
0;1;128;0;0;319.205;152.304;166.901;319.205
0;1;129;14.677;0;355.359;0;355.359;340.682
0;1;130;14.852;0;361.201;0;361.201;346.349
0;1;131;12.151;0;357.284;0;357.284;345.132
0;1;132;13.121;0;339.299;0;339.299;326.178
0;1;133;11.091;0;350.179;0;350.179;339.088
0;1;134;174.34;0;527.367;0;527.367;353.026
0;1;135;0;0;325.611;0;325.611;325.611
0;1;136;0;0;310.203;24.88;285.323;310.203
0;1;137;0;0;295.699;105.542;190.157;295.699
0;1;138;0;0;279.307;259.936;19.371;279.307
0;1;139;0;0;412.788;412.788;0;412.788
0;1;140;0;0;331.097;331.097;0;331.097
0;1;141;0;0;205.919;205.919;0;205.919
0;1;142;0;0;196.643;196.643;0;196.643
0;1;143;0;0;190.07;190.07;0;190.07
0;1;144;0;0;137.15;137.15;0;137.15
0;1;145;0;0;139.893;139.893;0;139.893
0;1;146;0;0;141.133;141.133;0;141.133
0;1;147;0;0;143.96;143.96;0;143.96
0;1;148;0;0;139.296;139.296;0;139.296
0;1;149;0;0;140.859;140.859;0;140.859
0;1;150;0;0;147.599;147.599;0;147.599
0;1;151;0;0;322.433;322.433;0;322.433
0;1;152;0;0;319.858;148.591;171.267;319.858
0;1;153;14.259;0;343.336;0;343.336;329.077
0;1;154;14.524;0;366.159;0;366.159;351.635
0;1;155;12.974;0;358.29;0;358.29;345.316
0;1;156;14.247;0;340.799;0;340.799;326.552
0;1;157;33.009;0;361.99;0;361.99;328.98
0;1;158;193.879;0;524.899;0;524.899;331.02
0;1;159;89.431;0;409.087;0;409.087;319.655
0;1;160;0;0;310.695;0;310.695;310.695
0;1;161;0;0;296.639;89.367;207.272;296.639
0;1;162;0;0;284.153;256.398;27.755;284.153
0;1;163;0;0;424.05;424.05;0;424.05
0;1;164;0;0;326.323;326.323;0;326.323
0;1;165;0;0;195.09;195.09;0;195.09
0;1;166;0;0;183.67;183.67;0;183.67
0;1;167;0;0;168.527;168.527;0;168.527
0;2;0;328.42;0;467.561;467.561;0;139.141
0;2;1;335.54;0;476.415;476.415;0;140.875
0;2;2;340.884;0;481.377;481.377;0;140.493
0;2;3;0;0;141.614;141.614;0;141.614
0;2;4;0;0;141.023;141.023;0;141.023
0;2;5;79.398;0;219.918;219.918;0;140.519
0;2;6;0;0;147.377;147.377;0;147.377
0;2;7;210.457;0;611.684;607.822;3.862;401.228
0;2;8;174.19;0;485.623;343.727;141.896;311.433
0;2;9;135.813;0;463.211;54.163;409.048;327.399
0;2;10;150.537;0;497.273;0;497.273;346.735
0;2;11;294.687;0;628.06;0;628.06;333.374
0;2;12;284.062;0;609.453;0;609.453;325.391
0;2;13;276.985;0;607.183;0;607.183;330.197
0;2;14;274.333;0;623.156;157.104;466.052;348.824
0;2;15;273.449;0;597.772;244.091;353.681;324.323
0;2;16;273.449;0;583.913;239.402;344.511;310.464
0;2;17;276.101;0;576.937;441.219;135.717;300.836
0;2;18;282.292;0;655.834;655.834;0;373.542
0;2;19;36.33;0;461.236;461.236;0;424.906
0;2;20;0;0;326.406;326.406;0;326.406
0;2;21;0;0;205.027;205.027;0;205.027
0;2;22;0;0;199.037;199.037;0;199.037
0;2;23;0;0;179.573;179.573;0;179.573
0;2;24;0;0;135.629;135.629;0;135.629
0;2;25;0;0;143.648;143.648;0;143.648
0;2;26;0;0;141.031;141.031;0;141.031
0;2;27;0;0;146.909;146.909;0;146.909
0;2;28;0;0;139.867;139.867;0;139.867
0;2;29;0;0;141.401;141.401;0;141.401
0;2;30;0;0;148.999;148.999;0;148.999
0;2;31;0;0;387.572;387.572;0;387.572
0;2;32;0;0;323.647;177.722;145.924;323.647
0;2;33;119.32;0;442.304;88.404;353.901;322.984
0;2;34;80.067;0;432.687;0;432.687;352.62
0;2;35;158.152;0;500.117;0;500.117;341.965
0;2;36;238.889;0;565.687;0;565.687;326.798
0;2;37;245.799;0;576.261;0;576.261;330.462
0;2;38;241.912;0;592.581;0;592.581;350.669
0;2;39;48.488;0;373.911;0;373.911;325.423
0;2;40;0;0;310.996;0;310.996;310.996
0;2;41;0;0;301.715;202.008;99.708;301.715
0;2;42;0;0;385.606;385.606;0;385.606
0;2;43;0;0;422.38;422.38;0;422.38
0;2;44;0;0;339.174;339.174;0;339.174
0;2;45;0;0;202.295;202.295;0;202.295
0;2;46;0;0;199.889;199.889;0;199.889
0;2;47;0;0;177.279;177.279;0;177.279
0;2;48;0;0;140.082;140.082;0;140.082
0;2;49;0;0;144.86;144.86;0;144.86
0;2;50;0;0;141.805;141.805;0;141.805
0;2;51;0;0;141.228;141.228;0;141.228
0;2;52;0;0;138.644;138.644;0;138.644
0;2;53;0;0;139.493;139.493;0;139.493
0;2;54;0;0;142.73;142.73;0;142.73
0;2;55;0;0;375.908;375.908;0;375.908
0;2;56;0;0;354.634;354.634;0;354.634
0;2;57;0;0;300.077;274.686;25.39;300.077
0;2;58;0;0;323.467;313.115;10.353;323.467
0;2;59;0;0;296.557;271.901;24.656;296.557
0;2;60;0;0;288.69;182.885;105.804;288.69
0;2;61;2.138;0;288.51;186.494;102.016;286.372
0;2;62;14.434;0;311.026;173.78;137.247;296.592
0;2;63;185.397;0;469.31;350.964;118.347;283.913
0;2;64;0;0;293.481;239.033;54.448;293.481
0;2;65;0;0;339.236;329.933;9.304;339.236
0;2;66;0;0;407.754;407.754;0;407.754
0;2;67;0;0;426.945;426.945;0;426.945
0;2;68;0;0;322.845;322.845;0;322.845
0;2;69;0;0;202.863;202.863;0;202.863
0;2;70;0;0;199.447;199.447;0;199.447
0;2;71;0;0;167.515;167.515;0;167.515
0;2;72;291.144;0;430.819;430.819;0;139.675
0;2;73;0;0;144.03;144.03;0;144.03
0;2;74;0;0;140.546;140.546;0;140.546
0;2;75;0;0;142.106;142.106;0;142.106
0;2;76;0;0;139.135;139.135;0;139.135
0;2;77;0;0;139.833;139.833;0;139.833
0;2;78;0;0;145.338;145.338;0;145.338
0;2;79;0;0;154.103;135.597;18.506;154.103
0;2;80;131.914;0;261.548;102.329;159.218;129.633
0;2;81;0;0;135.919;12.697;123.221;135.919
0;2;82;54.939;0;209.039;144.713;64.326;154.1
0;2;83;93.599;0;236.232;0;236.232;142.633
0;2;84;291.144;0;429.13;0;429.13;137.987
0;2;85;284.947;0;427.528;0;427.528;142.581
0;2;86;280.523;0;428.809;180.676;248.133;148.287
0;2;87;280.523;0;419.314;341.316;77.998;138.791
0;2;88;291.144;0;430.317;296.094;134.223;139.174
0;2;89;283.177;0;427.996;427.996;0;144.819
0;2;90;102.815;0;298.47;298.47;0;195.654
0;2;91;0;0;215.345;215.345;0;215.345
0;2;92;303.551;0;514.763;514.763;0;211.213
0;2;93;0;0;208.921;208.921;0;208.921
0;2;94;308.873;0;495.563;495.563;0;186.689
0;2;95;74.615;0;253.44;253.44;0;178.825
0;2;96;108.392;0;245.406;245.406;0;137.013
0;2;97;0;0;139.487;139.487;0;139.487
0;2;98;0;0;138.846;138.846;0;138.846
0;2;99;0;0;142.762;142.762;0;142.762
0;2;100;0;0;136.677;136.677;0;136.677
0;2;101;0;0;140.519;140.519;0;140.519
0;2;102;0;0;143.483;143.483;0;143.483
0;2;103;281.638;0;688.549;688.549;0;406.911
0;2;104;249.675;0;555.902;441.015;114.887;306.227
0;2;105;206.695;0;544.1;193.8;350.301;337.405
0;2;106;145.243;0;485.364;52.373;432.991;340.121
0;2;107;123.185;0;476.186;164.503;311.683;353.001
0;2;108;99.563;0;433.923;0;433.923;334.36
0;2;109;84.05;0;417.652;0;417.652;333.602
0;2;110;76.321;0;427.771;40.436;387.335;351.45
0;2;111;74.86;0;397.819;236.06;161.759;322.959
0;2;112;72.492;0;385.729;326.561;59.168;313.237
0;2;113;234.393;0;554.618;529.903;24.715;320.224
0;2;114;0;0;399.84;399.84;0;399.84
0;2;115;0;0;420.295;420.295;0;420.295
0;2;116;183.505;0;521.924;521.924;0;338.419
0;2;117;0;0;197.599;197.599;0;197.599
0;2;118;206.188;0;396.369;396.369;0;190.182
0;2;119;0;0;172.154;172.154;0;172.154
0;2;120;112.561;0;250.636;250.636;0;138.075
0;2;121;113.431;0;257.54;257.54;0;144.109
0;2;122;117.636;0;257.747;257.747;0;140.111
0;2;123;121.287;0;265.955;265.955;0;144.668
0;2;124;125.837;0;268.756;268.756;0;142.918
0;2;125;129.041;0;271.413;271.413;0;142.372
0;2;126;138.105;0;284.737;284.737;0;146.632
0;2;127;105.371;0;528.078;528.078;0;422.707
0;2;128;89.939;0;461.461;461.461;0;371.522
0;2;129;84.814;0;410.265;329.941;80.324;325.45
0;2;130;77.349;0;425.969;338.392;87.577;348.62
0;2;131;60.997;0;399.425;277.567;121.857;338.428
0;2;132;46.385;0;369.939;47.326;322.614;323.555
0;2;133;82.101;0;406.9;0;406.9;324.799
0;2;134;0;0;338.746;147.33;191.416;338.746
0;2;135;0;0;339.902;262.059;77.844;339.902
0;2;136;21.52;0;334.019;272.952;61.066;312.499
0;2;137;257.661;0;619.973;619.973;0;362.312
0;2;138;261.274;0;662.367;662.367;0;401.093
0;2;139;264.29;0;693.093;693.093;0;428.804
0;2;140;0;0;334.788;334.788;0;334.788
0;2;141;32.527;0;234.519;234.519;0;201.992
0;2;142;273.449;0;468.471;468.471;0;195.022
0;2;143;0;0;179.493;179.493;0;179.493
0;2;144;0;0;141.131;141.131;0;141.131
0;2;145;0;0;145.18;145.18;0;145.18
0;2;146;0;0;140.491;140.491;0;140.491
0;2;147;0;0;140.811;140.811;0;140.811
0;2;148;0;0;140.741;140.741;0;140.741
0;2;149;0;0;141.888;141.888;0;141.888
0;2;150;0;0;153.283;153.283;0;153.283
0;2;151;0;0;433.604;433.604;0;433.604
0;2;152;0;0;457.463;457.463;0;457.463
0;2;153;87.291;0;487.792;487.792;0;400.501
0;2;154;82.175;0;493.541;493.541;0;411.366
0;2;155;72.255;0;428.908;428.908;0;356.653
0;2;156;56.105;0;376.251;337;39.25;320.146
0;2;157;44.747;0;389.368;373.975;15.393;344.62
0;2;158;37.985;0;392.816;373.317;19.5;354.831
0;2;159;89.561;0;446.803;432.847;13.957;357.242
0;2;160;271.681;0;704.152;704.152;0;432.47
0;2;161;0;0;452.306;452.306;0;452.306
0;2;162;0;0;412.698;412.698;0;412.698
0;2;163;0;0;435.919;435.919;0;435.919
0;2;164;0;0;327.206;327.206;0;327.206
0;2;165;0;0;207.674;207.674;0;207.674
0;2;166;126.037;0;313.833;313.833;0;187.796
0;2;167;286.717;0;453.082;453.082;0;166.365
0;3;0;387.367;0;526.932;526.932;0;139.565
0;3;1;388.264;0;531.399;531.399;0;143.135
0;3;2;385.574;0;525.729;525.729;0;140.155
0;3;3;386.47;0;528.797;528.797;0;142.327
0;3;4;387.367;0;529.813;529.813;0;142.446
0;3;5;393.649;0;535.402;535.402;0;141.753
0;3;6;393.649;0;543.047;543.047;0;149.398
0;3;7;392.751;0;838.359;838.359;0;445.608
0;3;8;384.302;0;868.118;868.118;0;483.816
0;3;9;363.129;0;842.312;842.312;0;479.184
0;3;10;353.177;0;751.954;751.954;0;398.777
0;3;11;329.391;0;706.648;706.648;0;377.257
0;3;12;307.075;0;632.129;565.799;66.33;325.054
0;3;13;278.928;0;604.054;485.744;118.31;325.126
0;3;14;349.799;0;698.145;390.023;308.122;348.346
0;3;15;348.015;0;680.644;680.644;0;332.628
0;3;16;352.476;0;836.943;836.943;0;484.467
0;3;17;360.512;0;827.651;827.651;0;467.139
0;3;18;363.193;0;792.871;792.871;0;429.678
0;3;19;90.945;0;536.754;536.754;0;445.809
0;3;20;374.822;0;710.471;710.471;0;335.649
0;3;21;378.404;0;598.002;598.002;0;219.598
0;3;22;381.092;0;567.434;567.434;0;186.343
0;3;23;384.677;0;559.679;559.679;0;175.002
0;3;24;388.264;0;530.187;530.187;0;141.923
0;3;25;393.649;0;538.426;538.426;0;144.777
0;3;26;393.649;0;537.086;537.086;0;143.437
0;3;27;393.649;0;534.773;534.773;0;141.124
0;3;28;395.445;0;537.489;537.489;0;142.045
0;3;29;396.343;0;537.905;537.905;0;141.562
0;3;30;395.445;0;545.522;545.522;0;150.077
0;3;31;399.038;0;852.137;852.137;0;453.099
0;3;32;394.547;0;885.104;885.104;0;490.557
0;3;33;365.592;0;850.917;850.917;0;485.325
0;3;34;350.133;0;720.011;720.011;0;369.878
0;3;35;334.864;0;680.861;607.766;73.095;345.997
0;3;36;325.558;0;646.537;524.543;121.994;320.979
0;3;37;312.049;0;645.174;613.302;31.872;333.125
0;3;38;301.523;0;736.772;736.772;0;435.249
0;3;39;325.933;0;802.604;802.604;0;476.671
0;3;40;321.115;0;813.959;813.959;0;492.844
0;3;41;330.88;0;810.118;810.118;0;479.238
0;3;42;359;0;788.851;788.851;0;429.851
0;3;43;356.561;0;790.224;790.224;0;433.664
0;3;44;372.254;0;704.938;704.938;0;332.684
0;3;45;377.508;0;592.093;592.093;0;214.585
0;3;46;374.422;0;573.802;573.802;0;199.379
0;3;47;364.284;0;550.614;550.614;0;186.33
0;3;48;96.735;0;237.457;237.457;0;140.721
0;3;49;95.623;0;235.252;235.252;0;139.63
0;3;50;92.661;0;233.639;233.639;0;140.978
0;3;51;91.48;0;235.422;235.422;0;143.942
0;3;52;96.862;0;239.292;239.292;0;142.43
0;3;53;96.618;0;239.999;239.999;0;143.381
0;3;54;101.603;0;247.184;247.184;0;145.581
0;3;55;122.405;0;511.935;511.935;0;389.53
0;3;56;128.387;0;549.753;549.753;0;421.366
0;3;57;116.844;0;528.612;528.612;0;411.767
0;3;58;116.552;0;508.574;508.574;0;392.021
0;3;59;118.504;0;504.7;504.7;0;386.196
0;3;60;116.63;0;412.739;412.739;0;296.109
0;3;61;107.255;0;405.45;222.118;183.331;298.195
0;3;62;98.941;0;397.742;348.97;48.772;298.801
0;3;63;108.401;0;443.337;443.337;0;334.936
0;3;64;109.148;0;529.879;529.879;0;420.732
0;3;65;338.211;0;768.223;768.223;0;430.012
0;3;66;340.884;0;769.106;769.106;0;428.222
0;3;67;105.898;0;542.292;542.292;0;436.394
0;3;68;0;0;343.946;343.946;0;343.946
0;3;69;0;0;208.356;208.356;0;208.356
0;3;70;0;0;208.378;208.378;0;208.378
0;3;71;152.963;0;336.364;336.364;0;183.401
0;3;72;161.332;0;300.588;300.588;0;139.256
0;3;73;162.978;0;306.169;306.169;0;143.19
0;3;74;170.193;0;312.307;312.307;0;142.114
0;3;75;178.899;0;324.138;324.138;0;145.24
0;3;76;180.089;0;322.463;322.463;0;142.374
0;3;77;188.08;0;334.124;334.124;0;146.044
0;3;78;354.261;0;498.39;498.39;0;144.129
0;3;79;358.726;0;518.11;518.11;0;159.384
0;3;80;358.726;0;532.804;532.804;0;174.079
0;3;81;358.726;0;546.241;546.241;0;187.515
0;3;82;359.619;0;560.095;560.095;0;200.476
0;3;83;359.619;0;548.731;548.731;0;189.112
0;3;84;356.047;0;529.245;529.245;0;173.198
0;3;85;352.476;0;502.515;339.922;162.593;150.039
0;3;86;357.833;0;506.257;362.506;143.751;148.424
0;3;87;358.726;0;512.82;512.82;0;154.094
0;3;88;363.193;0;546.94;546.94;0;183.747
0;3;89;364.087;0;565.351;565.351;0;201.264
0;3;90;368.558;0;576.455;576.455;0;207.898
0;3;91;375.717;0;591.856;591.856;0;216.139
0;3;92;380.195;0;594.486;594.486;0;214.291
0;3;93;381.988;0;593.013;593.013;0;211.025
0;3;94;385.574;0;583.14;583.14;0;197.566
0;3;95;386.47;0;562.09;562.09;0;175.619
0;3;96;388.264;0;530.803;530.803;0;142.539
0;3;97;391.853;0;539.249;539.249;0;147.396
0;3;98;392.751;181.273;716.786;716.786;0;142.762
0;3;99;395.445;280.194;815.162;815.162;0;139.524
0;3;100;391.853;280.194;816.063;816.063;0;144.016
0;3;101;386.47;280.194;811.127;811.127;0;144.463
0;3;102;382.884;280.194;813.187;813.187;0;150.109
0;3;103;381.092;280.194;1113.042;1113.042;0;451.757
0;3;104;374.822;280.194;1138.601;1138.601;0;483.586
0;3;105;372.137;280.194;1162.537;1162.537;0;510.206
0;3;106;381.092;280.194;1192.265;1192.265;0;530.98
0;3;107;382.884;280.194;1168.902;1168.902;0;505.824
0;3;108;386.47;280.194;1114.465;1114.465;0;447.801
0;3;109;382.884;280.194;1100.982;1100.982;0;437.904
0;3;110;381.092;280.194;1138.251;1138.251;0;476.966
0;3;111;378.404;280.194;1156.506;1156.506;0;497.908
0;3;112;376.613;280.194;1142.184;1142.184;0;485.378
0;3;113;375.717;280.194;1129.145;1129.145;0;473.234
0;3;114;375.717;280.194;1078.533;1078.533;0;422.622
0;3;115;374.822;280.194;1088.422;1088.422;0;433.407
0;3;116;372.137;280.194;992.52;992.52;0;340.189
0;3;117;372.137;280.194;852.586;852.586;0;200.256
0;3;118;371.242;280.194;844.916;844.916;0;193.48
0;3;119;373.031;280.194;826.508;826.508;0;173.283
0;3;120;373.031;280.194;789.886;789.886;0;136.661
0;3;121;374.822;280.194;794.756;794.756;0;139.741
0;3;122;380.195;280.194;800.273;800.273;0;139.883
0;3;123;386.47;280.194;807.413;807.413;0;140.749
0;3;124;393.649;280.194;813.968;813.968;0;140.126
0;3;125;399.038;280.194;821.807;821.807;0;142.575
0;3;126;398.139;280.194;822.962;822.962;0;144.629
0;3;127;399.038;234.03;1068.552;1068.552;0;435.484
0;3;128;396.343;149.799;1014.89;1014.89;0;468.748
0;3;129;391.853;119.319;1001.365;1001.365;0;490.193
0;3;130;382.884;31.714;868.007;868.007;0;453.408
0;3;131;381.092;0;826.313;826.313;0;445.221
0;3;132;379.3;0;709.379;709.379;0;330.08
0;3;133;374.822;0;716.491;716.491;0;341.67
0;3;134;375.717;0;856.443;856.443;0;480.726
0;3;135;377.508;0;863.975;863.975;0;486.467
0;3;136;375.717;0;865.723;865.723;0;490.006
0;3;137;381.092;0;838.846;838.846;0;457.755
0;3;138;382.884;0;789.581;789.581;0;406.697
0;3;139;385.574;0;814.511;814.511;0;428.937
0;3;140;390.059;0;709.071;709.071;0;319.013
0;3;141;392.751;0;599.675;599.675;0;206.924
0;3;142;395.445;0;593.527;593.527;0;198.082
0;3;143;397.241;46.093;618.072;618.072;0;174.738
0;3;144;391.853;201;729.695;729.695;0;136.842
0;3;145;396.343;235.315;772.396;772.396;0;140.738
0;3;146;394.547;234.494;766.906;766.906;0;137.865
0;3;147;399.038;270.253;807.724;807.724;0;138.433
0;3;148;397.241;274.926;808.647;808.647;0;136.481
0;3;149;398.139;280.194;816.655;816.655;0;138.322
0;3;150;395.445;280.194;821.177;821.177;0;145.538
0;3;151;391.853;122.102;948.809;948.809;0;434.854
0;3;152;388.264;41.364;897.258;897.258;0;467.631
0;3;153;348.804;0;811.852;811.852;0;463.048
0;3;154;331.286;0;712.525;712.525;0;381.24
0;3;155;292.746;0;672.293;672.293;0;379.548
0;3;156;274.464;0;699.076;699.076;0;424.612
0;3;157;352.476;0;761.748;761.748;0;409.272
0;3;158;163.715;0;624.285;624.285;0;460.57
0;3;159;264.822;0;746.805;746.805;0;481.983
0;3;160;260.433;0;730.751;730.751;0;470.318
0;3;161;255.019;0;719.48;719.48;0;464.461
0;3;162;352.476;0;770.947;770.947;0;418.471
0;3;163;352.476;0;774.06;774.06;0;421.584
0;3;164;348.907;0;697.901;697.901;0;348.994
0;3;165;349.799;0;551.378;551.378;0;201.578
0;3;166;350.692;0;541.742;541.742;0;191.05
0;3;167;354.261;0;529.836;529.836;0;175.575
5;0;0;0;0;147.77;147.77;0;147.77
5;0;1;289.55;0;441.652;441.652;0;152.101
5;0;2;0;0;147.638;147.638;0;147.638
5;0;3;240.786;0;389.321;389.321;0;148.535
5;0;4;247.937;0;396.906;396.906;0;148.969
5;0;5;254.061;0;401.327;401.327;0;147.265
5;0;6;271.215;0;424.402;424.402;0;153.187
5;0;7;228.25;0;683.861;683.861;0;455.611
5;0;8;207.083;0;676.259;676.259;0;469.176
5;0;9;208.656;0;559.218;423.548;135.671;350.563
5;0;10;179.438;0;553.206;359.893;193.313;373.768
5;0;11;165.722;0;531.013;465.392;65.621;365.291
5;0;12;143.033;0;485.923;408.44;77.483;342.889
5;0;13;255.62;0;618.811;618.811;0;363.191
5;0;14;0;0;392.271;392.271;0;392.271
5;0;15;133.051;0;473.448;473.448;0;340.397
5;0;16;124.675;0;456.582;456.582;0;331.908
5;0;17;117.663;0;552.829;552.829;0;435.166
5;0;18;321.307;0;757.134;757.134;0;435.828
5;0;19;0;0;444.103;444.103;0;444.103
5;0;20;136.208;0;486.696;486.696;0;350.488
5;0;21;326.641;0;536.885;536.885;0;210.244
5;0;22;331.979;0;526.722;526.722;0;194.743
5;0;23;336.43;0;519.712;519.712;0;183.282
5;0;24;0;0;148.336;148.336;0;148.336
5;0;25;0;0;147.39;147.39;0;147.39
5;0;26;242.166;0;386.09;386.09;0;143.924
5;0;27;350.692;0;499.076;499.076;0;148.385
5;0;28;351.584;0;501.14;501.14;0;149.557
5;0;29;357.833;0;506.451;506.451;0;148.619
5;0;30;21.635;0;182.795;182.795;0;161.16
5;0;31;263.475;0;720.078;720.078;0;456.603
5;0;32;238.362;0;711.652;711.652;0;473.29
5;0;33;235.504;0;590.943;505.101;85.842;355.438
5;0;34;204.739;0;575.341;547.869;27.472;370.603
5;0;35;177.584;0;540.339;483.921;56.418;362.755
5;0;36;176.525;0;533.353;533.353;0;356.828
5;0;37;145.546;0;497.177;71.242;425.936;351.631
5;0;38;132.411;0;506.45;241.441;265.009;374.039
5;0;39;131.522;0;471.248;328.312;142.936;339.726
5;0;40;317.752;0;658.101;598.929;59.172;340.349
5;0;41;320.418;0;702.93;702.93;0;382.512
5;0;42;320.418;0;752.193;752.193;0;431.775
5;0;43;325.752;0;784.711;784.711;0;458.96
5;0;44;330.199;0;669.451;669.451;0;339.252
5;0;45;0;0;217.236;217.236;0;217.236
5;0;46;36.658;0;235.68;235.68;0;199.022
5;0;47;0;0;180.544;180.544;0;180.544
5;0;48;0;0;146.92;146.92;0;146.92
5;0;49;0;0;149.82;149.82;0;149.82
5;0;50;0;0;150.462;150.462;0;150.462
5;0;51;0;0;144.922;144.922;0;144.922
5;0;52;0;0;147.904;147.904;0;147.904
5;0;53;87.818;0;235.992;235.992;0;148.174
5;0;54;92.908;0;251.328;251.328;0;158.42
5;0;55;116.563;0;525.64;525.64;0;409.076
5;0;56;113.743;0;523.847;523.847;0;410.104
5;0;57;104.518;0;425.932;423.593;2.339;321.414
5;0;58;95.608;0;402.738;275.168;127.57;307.13
5;0;59;86.985;0;399.329;169.049;230.28;312.344
5;0;60;240.059;0;556.209;551.506;4.704;316.15
5;0;61;0;0;345.73;345.73;0;345.73
5;0;62;0;0;367.695;367.695;0;367.695
5;0;63;83.976;0;388.87;246.548;142.322;304.895
5;0;64;65.211;0;377.6;188.485;189.115;312.389
5;0;65;54.982;0;427.33;427.33;0;372.348
5;0;66;63.973;0;507.897;507.897;0;443.924
5;0;67;311.536;0;764.668;764.668;0;453.132
5;0;68;294.687;0;649.358;649.358;0;354.672
5;0;69;294.687;0;515.486;515.486;0;220.8
5;0;70;299.117;0;499.346;499.346;0;200.229
5;0;71;314.2;0;503.351;503.351;0;189.152
5;0;72;0;0;140.001;140.001;0;140.001
5;0;73;0;0;139.906;139.906;0;139.906
5;0;74;0;0;138.774;138.774;0;138.774
5;0;75;0;0;139.524;139.524;0;139.524
5;0;76;0;0;143.338;143.338;0;143.338
5;0;77;0;0;143.901;143.901;0;143.901
5;0;78;0;0;143.165;143.165;0;143.165
5;0;79;0;0;153.595;153.595;0;153.595
5;0;80;0;0;172.307;172.307;0;172.307
5;0;81;6.617;0;178.935;178.935;0;172.317
5;0;82;160.939;0;330.154;330.154;0;169.216
5;0;83;150.459;0;295.397;295.397;0;144.938
5;0;84;295.552;0;434.668;434.668;0;139.116
5;0;85;357.833;0;495.218;495.218;0;137.385
5;0;86;358.726;0;507.137;507.137;0;148.411
5;0;87;350.692;0;478.722;478.722;0;128.03
5;0;88;350.692;0;497.125;497.125;0;146.433
5;0;89;355.154;0;508.275;508.275;0;153.121
5;0;90;361.406;0;556.808;556.808;0;195.402
5;0;91;363.193;0;582.314;582.314;0;219.121
5;0;92;364.981;0;572.245;572.245;0;207.264
5;0;93;369.452;0;576.033;576.033;0;206.581
5;0;94;370.347;0;557.618;557.618;0;187.271
5;0;95;370.347;0;541.92;541.92;0;171.573
5;0;96;373.031;0;511.221;511.221;0;138.189
5;0;97;376.613;0;519.185;519.185;0;142.572
5;0;98;378.404;0;517.27;517.27;0;138.866
5;0;99;381.092;0;519.671;519.671;0;138.579
5;0;100;381.092;0;522.53;522.53;0;141.438
5;0;101;381.092;0;521.155;521.155;0;140.063
5;0;102;379.3;0;520.812;520.812;0;141.513
5;0;103;380.195;0;806.956;806.956;0;426.76
5;0;104;377.508;0;807.329;807.329;0;429.82
5;0;105;373.927;0;713.533;713.533;0;339.606
5;0;106;370.347;0;721.034;721.034;0;350.687
5;0;107;366.769;0;721.104;721.104;0;354.335
5;0;108;363.193;0;710.49;710.49;0;347.297
5;0;109;358.726;0;718.347;718.347;0;359.621
5;0;110;352.476;0;702.458;702.458;0;349.982
5;0;111;348.907;0;679.115;572.06;107.054;330.207
5;0;112;349.799;0;766.554;766.554;0;416.754
5;0;113;360.512;0;797.48;797.48;0;436.967
5;0;114;364.087;0;777.072;777.072;0;412.985
5;0;115;373.031;0;788.379;788.379;0;415.348
5;0;116;380.195;0;705.785;705.785;0;325.59
5;0;117;378.404;0;580.521;580.521;0;202.117
5;0;118;380.195;0;568.847;568.847;0;188.651
5;0;119;381.988;0;571.478;571.478;0;189.491
5;0;120;383.78;0;521.452;521.452;0;137.672
5;0;121;382.884;0;523.691;523.691;0;140.807
5;0;122;381.988;0;521.141;521.141;0;139.154
5;0;123;385.574;0;525.892;525.892;0;140.318
5;0;124;385.574;0;526.35;526.35;0;140.776
5;0;125;385.574;0;523.062;523.062;0;137.488
5;0;126;383.78;0;526.998;526.998;0;143.218
5;0;127;384.677;0;815.523;815.523;0;430.847
5;0;128;353.584;0;798.454;798.454;0;444.87
5;0;129;352.253;0;670.038;670.038;0;317.785
5;0;130;319.21;0;665.273;630.062;35.211;346.064
5;0;131;307.936;0;645.542;645.542;0;337.606
5;0;132;307.848;0;674.712;674.712;0;366.864
5;0;133;276.413;0;598.202;598.202;0;321.788
5;0;134;260.414;0;607.913;607.913;0;347.499
5;0;135;357.833;0;683.724;683.724;0;325.891
5;0;136;359.619;0;670.342;670.342;0;310.723
5;0;137;361.406;0;670.242;670.242;0;308.836
5;0;138;369.452;0;765.161;765.161;0;395.709
5;0;139;373.927;0;791.399;791.399;0;417.473
5;0;140;378.404;0;708.398;708.398;0;329.994
5;0;141;383.78;0;589.517;589.517;0;205.737
5;0;142;144.31;0;349.047;349.047;0;204.737
5;0;143;391.853;0;574.579;574.579;0;182.726
5;0;144;391.853;0;531.436;531.436;0;139.583
5;0;145;399.038;0;538.063;538.063;0;139.025
5;0;146;398.139;0;537.35;537.35;0;139.211
5;0;147;405.331;0;545.928;545.928;0;140.597
5;0;148;408.03;0;549.761;549.761;0;141.731
5;0;149;410.73;0;556.889;556.889;0;146.159
5;0;150;417.936;0;562.788;562.788;0;144.852
5;0;151;417.035;0;846.385;846.385;0;429.35
5;0;152;416.134;0;780.272;780.272;0;364.138
5;0;153;409.552;0;734.543;734.543;0;324.991
5;0;154;358.539;0;703.376;376.568;326.808;344.837
5;0;155;386.47;0;717.406;717.406;0;330.935
5;0;156;381.092;0;703.513;579.625;123.888;322.421
5;0;157;375.717;0;696.988;696.988;0;321.271
5;0;158;381.092;0;742.504;742.504;0;361.412
5;0;159;380.195;0;709.412;709.412;0;329.216
5;0;160;390.956;0;706.802;706.802;0;315.846
5;0;161;393.649;0;707.094;707.094;0;313.445
5;0;162;393.649;0;796.06;796.06;0;402.411
5;0;163;402.633;0;832.77;832.77;0;430.137
5;0;164;407.13;0;733.952;733.952;0;326.822
5;0;165;412.531;0;616.734;616.734;0;204.203
5;0;166;417.035;0;609.538;609.538;0;192.504
5;0;167;410.73;0;580.186;580.186;0;169.456
5;1;0;0;0;138.851;138.851;0;138.851
5;1;1;0;0;142.253;142.253;0;142.253
5;1;2;0;0;141.421;141.421;0;141.421
5;1;3;0;0;140.014;140.014;0;140.014
5;1;4;0;0;141.186;141.186;0;141.186
5;1;5;0;0;143.169;143.169;0;143.169
5;1;6;0;0;146.213;146.213;0;146.213
5;1;7;0;0;283.492;255.672;27.821;283.492
5;1;8;0;0;312.173;124.738;187.435;312.173
5;1;9;0;0;335.542;0;335.542;335.542
5;1;10;0;0;350.707;0;350.707;350.707
5;1;11;0;0;332.356;0;332.356;332.356
5;1;12;0;0;318.428;0;318.428;318.428
5;1;13;0;0;328.607;0;328.607;328.607
5;1;14;0;0;341.387;0;341.387;341.387
5;1;15;72.118;0;392.849;0;392.849;320.73
5;1;16;0;0;304.174;54.47;249.704;304.174
5;1;17;0;0;284.452;173.351;111.101;284.452
5;1;18;0;0;298.226;298.226;0;298.226
5;1;19;0;0;418.085;418.085;0;418.085
5;1;20;0;0;329.895;329.895;0;329.895
5;1;21;0;0;199.016;199.016;0;199.016
5;1;22;0;0;191.234;191.234;0;191.234
5;1;23;0;0;173.048;173.048;0;173.048
5;1;24;0;0;137.731;137.731;0;137.731
5;1;25;0;0;139.712;139.712;0;139.712
5;1;26;0;0;141.565;141.565;0;141.565
5;1;27;0;0;140.195;140.195;0;140.195
5;1;28;0;0;141.526;141.526;0;141.526
5;1;29;0;0;142.101;142.101;0;142.101
5;1;30;0;0;145.344;145.344;0;145.344
5;1;31;0;0;281.681;274.306;7.375;281.681
5;1;32;0;0;321.822;140.395;181.426;321.822
5;1;33;10.786;0;334.994;0;334.994;324.208
5;1;34;12.955;0;356.259;0;356.259;343.305
5;1;35;11.444;0;354.853;0;354.853;343.41
5;1;36;11.09;0;326.46;0;326.46;315.37
5;1;37;8.76;0;329.283;0;329.283;320.523
5;1;38;9.83;0;363.101;0;363.101;353.271
5;1;39;152.413;0;472.843;0;472.843;320.429
5;1;40;0;0;311.971;0;311.971;311.971
5;1;41;0;0;290.135;72.377;217.758;290.135
5;1;42;0;0;279.245;237.441;41.804;279.245
5;1;43;0;0;417.79;417.79;0;417.79
5;1;44;0;0;320.656;320.656;0;320.656
5;1;45;0;0;206.804;206.804;0;206.804
5;1;46;0;0;192.975;192.975;0;192.975
5;1;47;0;0;178.724;178.724;0;178.724
5;1;48;0;0;139.863;139.863;0;139.863
5;1;49;0;0;142.22;142.22;0;142.22
5;1;50;0;0;141.446;141.446;0;141.446
5;1;51;0;0;140.181;140.181;0;140.181
5;1;52;0;0;141.122;141.122;0;141.122
5;1;53;0;0;141.979;141.979;0;141.979
5;1;54;0;0;145.838;145.838;0;145.838
5;1;55;0;0;324.955;324.955;0;324.955
5;1;56;0;0;285.62;146.509;139.11;285.62
5;1;57;0;0;277.081;0;277.081;277.081
5;1;58;8.678;0;305.215;0;305.215;296.537
5;1;59;9.024;0;289.454;0;289.454;280.43
5;1;60;8.226;0;295.1;0;295.1;286.874
5;1;61;122.883;0;417.057;0;417.057;294.173
5;1;62;39.43;0;331.022;0;331.022;291.593
5;1;63;0;0;276.461;152.576;123.885;276.461
5;1;64;0;0;275.8;28.883;246.917;275.8
5;1;65;0;0;275.363;105.354;170.009;275.363
5;1;66;0;0;276.931;276.931;0;276.931
5;1;67;0;0;417.182;417.182;0;417.182
5;1;68;0;0;320.126;320.126;0;320.126
5;1;69;0;0;201.058;201.058;0;201.058
5;1;70;0;0;199.677;199.677;0;199.677
5;1;71;0;0;176.136;176.136;0;176.136
5;1;72;0;0;141.081;141.081;0;141.081
5;1;73;0;0;139.87;139.87;0;139.87
5;1;74;0;0;141.628;141.628;0;141.628
5;1;75;0;0;140.025;140.025;0;140.025
5;1;76;0;0;140.688;140.688;0;140.688
5;1;77;0;0;142.174;142.174;0;142.174
5;1;78;0;0;142.286;142.286;0;142.286
5;1;79;0;0;129.28;100.584;28.696;129.28
5;1;80;0;0;131.81;0;131.81;131.81
5;1;81;9.786;0;146.415;0;146.415;136.629
5;1;82;7.789;0;155.546;0;155.546;147.757
5;1;83;9.852;0;152.627;0;152.627;142.775
5;1;84;9.292;0;149.453;0;149.453;140.161
5;1;85;8.07;0;155.148;0;155.148;147.078
5;1;86;7.897;0;151.348;0;151.348;143.451
5;1;87;157.934;0;296.113;0;296.113;138.179
5;1;88;0;0;138.332;0;138.332;138.332
5;1;89;0;0;143.027;18.038;124.988;143.027
5;1;90;0;0;136.259;93.4;42.859;136.259
5;1;91;0;0;216.486;216.486;0;216.486
5;1;92;0;0;217.115;217.115;0;217.115
5;1;93;0;0;203.757;203.757;0;203.757
5;1;94;0;0;197.32;197.32;0;197.32
5;1;95;0;0;170.575;170.575;0;170.575
5;1;96;0;0;139.207;139.207;0;139.207
5;1;97;0;0;143.966;143.966;0;143.966
5;1;98;0;0;141.496;141.496;0;141.496
5;1;99;0;0;140.971;140.971;0;140.971
5;1;100;0;0;140.98;140.98;0;140.98
5;1;101;0;0;145.436;145.436;0;145.436
5;1;102;0;0;144.895;144.895;0;144.895
5;1;103;0;0;307.568;286.842;20.726;307.568
5;1;104;0;0;290.08;167.937;122.143;290.08
5;1;105;0;0;339.127;204.584;134.543;339.127
5;1;106;15.752;0;369.474;0;369.474;353.722
5;1;107;12.209;0;366.803;0;366.803;354.594
5;1;108;12.104;0;349.691;0;349.691;337.587
5;1;109;173.784;0;505.94;0;505.94;332.156
5;1;110;0;0;356.846;67.833;289.013;356.846
5;1;111;0;0;323.521;99.935;223.586;323.521
5;1;112;0;0;316.553;130.108;186.445;316.553
5;1;113;0;0;288.506;168.855;119.651;288.506
5;1;114;0;0;285.572;262.07;23.502;285.572
5;1;115;0;0;435.165;435.165;0;435.165
5;1;116;0;0;315.783;315.783;0;315.783
5;1;117;0;0;215.286;215.286;0;215.286
5;1;118;0;0;196.009;196.009;0;196.009
5;1;119;0;0;170.037;170.037;0;170.037
5;1;120;0;0;138.708;138.708;0;138.708
5;1;121;0;0;143.878;143.878;0;143.878
5;1;122;0;0;142.194;142.194;0;142.194
5;1;123;0;0;141.333;141.333;0;141.333
5;1;124;0;0;140.624;140.624;0;140.624
5;1;125;0;0;138.629;138.629;0;138.629
5;1;126;0;0;146.199;146.199;0;146.199
5;1;127;0;0;361.921;361.921;0;361.921
5;1;128;0;0;319.205;152.304;166.901;319.205
5;1;129;13.413;0;354.096;0;354.096;340.682
5;1;130;13.573;0;359.922;0;359.922;346.349
5;1;131;11.105;0;356.238;0;356.238;345.132
5;1;132;11.991;0;338.17;0;338.17;326.178
5;1;133;10.136;0;349.225;0;349.225;339.088
5;1;134;144.01;0;497.036;0;497.036;353.026
5;1;135;15.125;0;340.736;0;340.736;325.611
5;1;136;0;0;310.203;24.88;285.323;310.203
5;1;137;0;0;295.699;105.542;190.157;295.699
5;1;138;0;0;279.307;259.936;19.371;279.307
5;1;139;0;0;412.788;412.788;0;412.788
5;1;140;0;0;331.097;331.097;0;331.097
5;1;141;0;0;205.919;205.919;0;205.919
5;1;142;0;0;196.643;196.643;0;196.643
5;1;143;0;0;190.07;190.07;0;190.07
5;1;144;0;0;137.15;137.15;0;137.15
5;1;145;0;0;139.893;139.893;0;139.893
5;1;146;0;0;141.133;141.133;0;141.133
5;1;147;0;0;143.96;143.96;0;143.96
5;1;148;0;0;139.296;139.296;0;139.296
5;1;149;0;0;140.859;140.859;0;140.859
5;1;150;0;0;147.599;147.599;0;147.599
5;1;151;0;0;322.433;322.433;0;322.433
5;1;152;0;0;319.858;148.591;171.267;319.858
5;1;153;13.032;0;342.109;0;342.109;329.077
5;1;154;13.274;0;364.909;0;364.909;351.635
5;1;155;11.857;0;357.173;0;357.173;345.316
5;1;156;13.021;0;339.573;0;339.573;326.552
5;1;157;37.75;0;366.73;0;366.73;328.98
5;1;158;197.202;0;528.222;0;528.222;331.02
5;1;159;89.431;0;409.087;0;409.087;319.655
5;1;160;22.291;0;332.986;0;332.986;310.695
5;1;161;0;0;296.639;85.777;210.862;296.639
5;1;162;0;0;284.153;248.334;35.819;284.153
5;1;163;0;0;424.05;424.05;0;424.05
5;1;164;0;0;326.323;326.323;0;326.323
5;1;165;0;0;195.09;195.09;0;195.09
5;1;166;0;0;183.67;183.67;0;183.67
5;1;167;0;0;168.527;168.527;0;168.527
5;2;0;328.42;0;467.561;467.561;0;139.141
5;2;1;335.54;0;476.415;476.415;0;140.875
5;2;2;237.541;0;378.035;378.035;0;140.493
5;2;3;0;0;141.614;141.614;0;141.614
5;2;4;0;0;141.023;141.023;0;141.023
5;2;5;0;0;140.519;140.519;0;140.519
5;2;6;0;0;147.377;147.377;0;147.377
5;2;7;192.339;0;593.567;589.705;3.862;401.228
5;2;8;159.195;0;470.628;317.946;152.682;311.433
5;2;9;124.121;0;451.52;33.569;417.951;327.399
5;2;10;133.894;0;480.63;0;480.63;346.735
5;2;11;294.687;0;628.06;0;628.06;333.374
5;2;12;284.062;0;609.453;0;609.453;325.391
5;2;13;276.985;0;607.183;0;607.183;330.197
5;2;14;120.255;0;469.078;3.026;466.052;348.824
5;2;15;273.449;0;597.772;244.091;353.681;324.323
5;2;16;273.449;0;583.913;239.402;344.511;310.464
5;2;17;276.101;0;576.937;388.58;188.356;300.836
5;2;18;282.292;0;655.834;655.834;0;373.542
5;2;19;0;0;424.906;424.906;0;424.906
5;2;20;0;0;326.406;326.406;0;326.406
5;2;21;0;0;205.027;205.027;0;205.027
5;2;22;0;0;199.037;199.037;0;199.037
5;2;23;0;0;179.573;179.573;0;179.573
5;2;24;0;0;135.629;135.629;0;135.629
5;2;25;0;0;143.648;143.648;0;143.648
5;2;26;0;0;141.031;141.031;0;141.031
5;2;27;0;0;146.909;146.909;0;146.909
5;2;28;0;0;139.867;139.867;0;139.867
5;2;29;0;0;141.401;141.401;0;141.401
5;2;30;0;0;148.999;148.999;0;148.999
5;2;31;0;0;387.572;387.572;0;387.572
5;2;32;0;0;323.647;168.293;155.353;323.647
5;2;33;109.048;0;432.033;70.542;361.491;322.984
5;2;34;73.175;0;425.795;0;425.795;352.62
5;2;35;187.064;0;529.029;0;529.029;341.965
5;2;36;246.07;0;572.869;0;572.869;326.798
5;2;37;258.457;0;588.919;0;588.919;330.462
5;2;38;232.539;0;583.207;0;583.207;350.669
5;2;39;50.723;0;376.146;0;376.146;325.423
5;2;40;0;0;310.996;0;310.996;310.996
5;2;41;0;0;301.715;202.008;99.708;301.715
5;2;42;0;0;385.606;385.606;0;385.606
5;2;43;0;0;422.38;422.38;0;422.38
5;2;44;0;0;339.174;339.174;0;339.174
5;2;45;0;0;202.295;202.295;0;202.295
5;2;46;0;0;199.889;199.889;0;199.889
5;2;47;0;0;177.279;177.279;0;177.279
5;2;48;0;0;140.082;140.082;0;140.082
5;2;49;0;0;144.86;144.86;0;144.86
5;2;50;0;0;141.805;141.805;0;141.805
5;2;51;0;0;141.228;141.228;0;141.228
5;2;52;0;0;138.644;138.644;0;138.644
5;2;53;0;0;139.493;139.493;0;139.493
5;2;54;0;0;142.73;142.73;0;142.73
5;2;55;0;0;375.908;375.908;0;375.908
5;2;56;0;0;354.634;354.634;0;354.634
5;2;57;0;0;300.077;271.826;28.251;300.077
5;2;58;0;0;323.467;310.68;12.788;323.467
5;2;59;0;0;296.557;267.81;28.747;296.557
5;2;60;0;0;288.69;182.885;105.804;288.69
5;2;61;0;0;286.372;182.88;103.492;286.372
5;2;62;0;0;296.592;157.971;138.621;296.592
5;2;63;67.275;0;351.189;229.091;122.098;283.913
5;2;64;0;0;293.481;239.033;54.448;293.481
5;2;65;0;0;339.236;329.933;9.304;339.236
5;2;66;0;0;407.754;407.754;0;407.754
5;2;67;0;0;426.945;426.945;0;426.945
5;2;68;0;0;322.845;322.845;0;322.845
5;2;69;0;0;202.863;202.863;0;202.863
5;2;70;0;0;199.447;199.447;0;199.447
5;2;71;0;0;167.515;167.515;0;167.515
5;2;72;291.144;0;430.819;430.819;0;139.675
5;2;73;0;0;144.03;144.03;0;144.03
5;2;74;0;0;140.546;140.546;0;140.546
5;2;75;0;0;142.106;142.106;0;142.106
5;2;76;0;0;139.135;139.135;0;139.135
5;2;77;0;0;139.833;139.833;0;139.833
5;2;78;0;0;145.338;145.338;0;145.338
5;2;79;0;0;154.103;135.597;18.506;154.103
5;2;80;120.559;0;250.192;90.974;159.218;129.633
5;2;81;0;0;135.919;12.697;123.221;135.919
5;2;82;50.209;0;204.309;135.127;69.182;154.1
5;2;83;101.786;0;244.419;0;244.419;142.633
5;2;84;291.144;0;429.13;0;429.13;137.987
5;2;85;284.947;0;427.528;0;427.528;142.581
5;2;86;280.523;0;428.809;180.676;248.133;148.287
5;2;87;280.523;0;419.314;341.316;77.998;138.791
5;2;88;291.144;0;430.317;296.094;134.223;139.174
5;2;89;283.177;0;427.996;427.996;0;144.819
5;2;90;56.746;0;252.4;252.4;0;195.654
5;2;91;0;0;215.345;215.345;0;215.345
5;2;92;303.551;0;514.763;514.763;0;211.213
5;2;93;0;0;208.921;208.921;0;208.921
5;2;94;308.873;0;495.563;495.563;0;186.689
5;2;95;70.008;0;248.834;248.834;0;178.825
5;2;96;0;0;137.013;137.013;0;137.013
5;2;97;0;0;139.487;139.487;0;139.487
5;2;98;0;0;138.846;138.846;0;138.846
5;2;99;0;0;142.762;142.762;0;142.762
5;2;100;0;0;136.677;136.677;0;136.677
5;2;101;0;0;140.519;140.519;0;140.519
5;2;102;0;0;143.483;143.483;0;143.483
5;2;103;173.827;0;580.738;580.738;0;406.911
5;2;104;228.182;0;534.409;408.34;126.069;306.227
5;2;105;188.902;0;526.307;166.463;359.844;337.405
5;2;106;132.739;0;472.861;32.859;440.002;340.121
5;2;107;112.581;0;465.581;148.16;317.422;353.001
5;2;108;90.992;0;425.352;0;425.352;334.36
5;2;109;76.815;0;410.417;0;410.417;333.602
5;2;110;69.751;0;421.201;6.341;414.86;351.45
5;2;111;68.416;0;391.375;226.293;165.082;322.959
5;2;112;66.252;0;379.489;317.37;62.119;313.237
5;2;113;214.216;0;534.44;506.937;27.503;320.224
5;2;114;0;0;399.84;399.84;0;399.84
5;2;115;0;0;420.295;420.295;0;420.295
5;2;116;167.708;0;506.127;506.127;0;338.419
5;2;117;0;0;197.599;197.599;0;197.599
5;2;118;188.438;0;378.62;378.62;0;190.182
5;2;119;0;0;172.154;172.154;0;172.154
5;2;120;102.871;0;240.946;240.946;0;138.075
5;2;121;103.666;0;247.776;247.776;0;144.109
5;2;122;107.509;0;247.62;247.62;0;140.111
5;2;123;110.846;0;255.514;255.514;0;144.668
5;2;124;115.005;0;257.923;257.923;0;142.918
5;2;125;117.933;0;260.305;260.305;0;142.372
5;2;126;126.216;0;272.848;272.848;0;146.632
5;2;127;96.3;0;519.007;519.007;0;422.707
5;2;128;82.197;0;453.719;431.089;22.63;371.522
5;2;129;77.513;0;402.964;367.511;35.452;325.45
5;2;130;70.691;0;419.311;327.482;91.829;348.62
5;2;131;55.746;0;394.174;268.961;125.213;338.428
5;2;132;42.392;0;365.946;40.54;325.406;323.555
5;2;133;79.892;0;404.691;0;404.691;324.799
5;2;134;0;0;338.746;147.33;191.416;338.746
5;2;135;0;0;339.902;262.059;77.844;339.902
5;2;136;14.986;0;327.485;259.712;67.774;312.499
5;2;137;257.661;0;619.973;619.973;0;362.312
5;2;138;261.274;0;662.367;662.367;0;401.093
5;2;139;264.29;0;693.093;693.093;0;428.804
5;2;140;0;0;334.788;334.788;0;334.788
5;2;141;0;0;201.992;201.992;0;201.992
5;2;142;211.788;0;406.81;406.81;0;195.022
5;2;143;0;0;179.493;179.493;0;179.493
5;2;144;0;0;141.131;141.131;0;141.131
5;2;145;0;0;145.18;145.18;0;145.18
5;2;146;0;0;140.491;140.491;0;140.491
5;2;147;0;0;140.811;140.811;0;140.811
5;2;148;0;0;140.741;140.741;0;140.741
5;2;149;0;0;141.888;141.888;0;141.888
5;2;150;0;0;153.283;153.283;0;153.283
5;2;151;0;0;433.604;433.604;0;433.604
5;2;152;0;0;457.463;457.463;0;457.463
5;2;153;79.777;0;480.278;480.278;0;400.501
5;2;154;75.101;0;486.467;486.467;0;411.366
5;2;155;66.035;0;422.688;422.688;0;356.653
5;2;156;51.275;0;371.421;328.312;43.109;320.146
5;2;157;40.895;0;385.516;367.29;18.226;344.62
5;2;158;34.716;0;389.546;367.598;21.949;354.831
5;2;159;58.458;0;415.7;399.555;16.145;357.242
5;2;160;271.681;0;704.152;704.152;0;432.47
5;2;161;0;0;452.306;452.306;0;452.306
5;2;162;0;0;412.698;412.698;0;412.698
5;2;163;0;0;435.919;435.919;0;435.919
5;2;164;0;0;327.206;327.206;0;327.206
5;2;165;0;0;207.674;207.674;0;207.674
5;2;166;168.242;0;356.037;356.037;0;187.796
5;2;167;286.717;0;453.082;453.082;0;166.365
5;3;0;24.863;0;164.428;164.428;0;139.565
5;3;1;388.264;0;531.399;531.399;0;143.135
5;3;2;385.574;0;525.729;525.729;0;140.155
5;3;3;386.47;0;528.797;528.797;0;142.327
5;3;4;387.367;0;529.813;529.813;0;142.446
5;3;5;393.649;0;535.402;535.402;0;141.753
5;3;6;393.649;0;543.047;543.047;0;149.398
5;3;7;376.945;0;822.552;822.552;0;445.608
5;3;8;351.219;0;835.036;835.036;0;483.816
5;3;9;331.869;0;811.052;811.052;0;479.184
5;3;10;322.774;0;721.551;721.551;0;398.777
5;3;11;301.035;0;678.292;678.292;0;377.257
5;3;12;280.641;0;605.695;520.809;84.886;325.054
5;3;13;254.916;0;580.043;406.25;173.792;325.126
5;3;14;349.799;0;698.145;597.438;100.707;348.346
5;3;15;348.015;0;680.644;680.644;0;332.628
5;3;16;352.476;0;836.943;836.943;0;484.467
5;3;17;360.512;0;827.651;827.651;0;467.139
5;3;18;363.193;0;792.871;792.871;0;429.678
5;3;19;0;0;445.809;445.809;0;445.809
5;3;20;0;0;335.649;335.649;0;335.649
5;3;21;277.542;0;497.141;497.141;0;219.598
5;3;22;381.092;0;567.434;567.434;0;186.343
5;3;23;384.677;0;559.679;559.679;0;175.002
5;3;24;388.264;0;530.187;530.187;0;141.923
5;3;25;393.649;0;538.426;538.426;0;144.777
5;3;26;393.649;0;537.086;537.086;0;143.437
5;3;27;393.649;0;534.773;534.773;0;141.124
5;3;28;395.445;0;537.489;537.489;0;142.045
5;3;29;396.343;0;537.905;537.905;0;141.562
5;3;30;395.445;0;545.522;545.522;0;150.077
5;3;31;391.869;0;844.968;844.968;0;453.099
5;3;32;362.352;0;852.909;852.909;0;490.557
5;3;33;334.12;0;819.445;819.445;0;485.325
5;3;34;319.992;0;689.87;645.469;44.401;369.878
5;3;35;306.037;0;652.034;652.034;0;345.997
5;3;36;297.532;0;618.511;479.002;139.509;320.979
5;3;37;285.186;0;618.311;618.311;0;333.125
5;3;38;275.567;0;710.815;710.815;0;435.249
5;3;39;297.875;0;774.546;774.546;0;476.671
5;3;40;293.472;0;786.316;786.316;0;492.844
5;3;41;302.397;0;781.634;781.634;0;479.238
5;3;42;328.096;0;757.947;757.947;0;429.851
5;3;43;325.866;0;759.53;759.53;0;433.664
5;3;44;334.961;0;667.646;667.646;0;332.684
5;3;45;350.169;0;564.754;564.754;0;214.585
5;3;46;342.19;0;541.57;541.57;0;199.379
5;3;47;332.925;0;519.255;519.255;0;186.33
5;3;48;88.408;0;229.129;229.129;0;140.721
5;3;49;87.391;0;227.021;227.021;0;139.63
5;3;50;84.685;0;225.662;225.662;0;140.978
5;3;51;83.605;0;227.547;227.547;0;143.942
5;3;52;88.524;0;230.954;230.954;0;142.43
5;3;53;88.301;0;231.682;231.682;0;143.381
5;3;54;92.857;0;238.437;238.437;0;145.581
5;3;55;111.868;0;501.398;501.398;0;389.53
5;3;56;117.335;0;538.701;538.701;0;421.366
5;3;57;106.786;0;518.553;518.553;0;411.767
5;3;58;106.519;0;498.54;498.54;0;392.021
5;3;59;108.302;0;494.499;494.499;0;386.196
5;3;60;106.59;0;402.699;396.921;5.778;296.109
5;3;61;98.022;0;396.217;351.96;44.257;298.195
5;3;62;90.424;0;389.224;331.505;57.719;298.801
5;3;63;99.069;0;434.005;434.005;0;334.936
5;3;64;99.752;0;520.483;520.483;0;420.732
5;3;65;338.211;0;768.223;768.223;0;430.012
5;3;66;340.884;0;769.106;769.106;0;428.222
5;3;67;38.214;0;474.608;474.608;0;436.394
5;3;68;0;0;343.946;343.946;0;343.946
5;3;69;0;0;208.356;208.356;0;208.356
5;3;70;0;0;208.378;208.378;0;208.378
5;3;71;139.795;0;323.197;323.197;0;183.401
5;3;72;147.444;0;286.7;286.7;0;139.256
5;3;73;148.948;0;292.139;292.139;0;143.19
5;3;74;155.542;0;297.656;297.656;0;142.114
5;3;75;163.498;0;308.738;308.738;0;145.24
5;3;76;164.586;0;306.96;306.96;0;142.374
5;3;77;167.23;0;313.274;313.274;0;146.044
5;3;78;354.261;0;498.39;498.39;0;144.129
5;3;79;6.722;0;166.105;166.105;0;159.384
5;3;80;358.726;0;532.804;532.804;0;174.079
5;3;81;358.726;0;546.241;546.241;0;187.515
5;3;82;359.619;0;560.095;560.095;0;200.476
5;3;83;359.619;0;548.731;548.731;0;189.112
5;3;84;356.047;0;529.245;529.245;0;173.198
5;3;85;352.476;0;502.515;339.922;162.593;150.039
5;3;86;357.833;0;506.257;480.42;25.837;148.424
5;3;87;358.726;0;512.82;511.523;1.298;154.094
5;3;88;363.193;0;546.94;546.94;0;183.747
5;3;89;364.087;0;565.351;565.351;0;201.264
5;3;90;368.558;0;576.455;576.455;0;207.898
5;3;91;375.717;0;591.856;591.856;0;216.139
5;3;92;380.195;0;594.486;594.486;0;214.291
5;3;93;381.988;0;593.013;593.013;0;211.025
5;3;94;385.574;0;583.14;583.14;0;197.566
5;3;95;386.47;0;562.09;562.09;0;175.619
5;3;96;388.264;0;530.803;530.803;0;142.539
5;3;97;391.853;0;539.249;539.249;0;147.396
5;3;98;392.751;0;535.513;535.513;0;142.762
5;3;99;395.445;0;534.969;534.969;0;139.524
5;3;100;391.853;0;535.869;535.869;0;144.016
5;3;101;386.47;0;530.934;530.934;0;144.463
5;3;102;382.884;0;532.993;532.993;0;150.109
5;3;103;381.092;0;832.848;832.848;0;451.757
5;3;104;374.822;0;858.408;858.408;0;483.586
5;3;105;372.137;0;882.343;882.343;0;510.206
5;3;106;381.092;206.924;1118.996;1118.996;0;530.98
5;3;107;382.884;280.194;1168.902;1168.902;0;505.824
5;3;108;386.47;280.194;1114.465;1114.465;0;447.801
5;3;109;382.884;231.439;1052.227;1052.227;0;437.904
5;3;110;381.092;166.914;1024.971;1024.971;0;476.966
5;3;111;378.404;153.233;1029.544;1029.544;0;497.908
5;3;112;376.613;108.767;970.757;970.757;0;485.378
5;3;113;375.717;95.071;944.022;944.022;0;473.234
5;3;114;375.717;137.632;935.971;935.971;0;422.622
5;3;115;374.822;110.879;919.107;919.107;0;433.407
5;3;116;372.137;126.883;839.209;839.209;0;340.189
5;3;117;372.137;183.227;755.619;755.619;0;200.256
5;3;118;371.242;132.082;696.804;696.804;0;193.48
5;3;119;373.031;132.917;679.232;679.232;0;173.283
5;3;120;373.031;142.122;651.814;651.814;0;136.661
5;3;121;374.822;141.148;655.71;655.71;0;139.741
5;3;122;380.195;160.888;680.967;680.967;0;139.883
5;3;123;386.47;180.252;707.471;707.471;0;140.749
5;3;124;393.649;213.643;747.417;747.417;0;140.126
5;3;125;399.038;238.42;780.032;780.032;0;142.575
5;3;126;398.139;263.219;805.987;805.987;0;144.629
5;3;127;399.038;117.025;951.546;951.546;0;435.484
5;3;128;396.343;40.045;905.135;905.135;0;468.748
5;3;129;391.853;12.188;894.234;894.234;0;490.193
5;3;130;359.787;0;813.195;813.195;0;453.408
5;3;131;346.575;0;791.796;791.796;0;445.221
5;3;132;360.484;0;690.564;690.564;0;330.08
5;3;133;374.822;0;716.491;716.491;0;341.67
5;3;134;375.717;0;856.443;856.443;0;480.726
5;3;135;377.508;0;863.975;863.975;0;486.467
5;3;136;375.717;0;865.723;865.723;0;490.006
5;3;137;381.092;0;838.846;838.846;0;457.755
5;3;138;382.884;0;789.581;789.581;0;406.697
5;3;139;385.574;0;814.511;814.511;0;428.937
5;3;140;390.059;0;709.071;709.071;0;319.013
5;3;141;392.751;0;599.675;599.675;0;206.924
5;3;142;395.445;0;593.527;593.527;0;198.082
5;3;143;397.241;0;571.979;571.979;0;174.738
5;3;144;391.853;0;528.696;528.696;0;136.842
5;3;145;396.343;0;537.081;537.081;0;140.738
5;3;146;394.547;0;532.412;532.412;0;137.865
5;3;147;399.038;0;537.471;537.471;0;138.433
5;3;148;397.241;0;533.722;533.722;0;136.481
5;3;149;398.139;0;536.462;536.462;0;138.322
5;3;150;395.445;0;540.983;540.983;0;145.538
5;3;151;391.853;0;826.707;826.707;0;434.854
5;3;152;367.885;0;835.516;835.516;0;467.631
5;3;153;318.777;0;781.825;781.825;0;463.048
5;3;154;302.767;0;684.007;684.007;0;381.24
5;3;155;267.545;0;647.092;647.092;0;379.548
5;3;156;250.837;0;675.449;675.449;0;424.612
5;3;157;352.476;0;761.748;761.748;0;409.272
5;3;158;119.202;0;579.771;579.771;0;460.57
5;3;159;242.024;0;724.008;724.008;0;481.983
5;3;160;238.013;0;708.331;708.331;0;470.318
5;3;161;233.002;0;697.463;697.463;0;464.461
5;3;162;265.211;0;683.682;683.682;0;418.471
5;3;163;352.476;0;774.06;774.06;0;421.584
5;3;164;348.907;0;697.901;697.901;0;348.994
5;3;165;349.799;0;551.378;551.378;0;201.578
5;3;166;350.692;0;541.742;541.742;0;191.05
5;3;167;354.261;0;529.836;529.836;0;175.575
10;0;0;0;0;147.77;147.77;0;147.77
10;0;1;155.134;0;307.235;307.235;0;152.101
10;0;2;0;0;147.638;147.638;0;147.638
10;0;3;220.115;0;368.65;368.65;0;148.535
10;0;4;226.652;0;375.622;375.622;0;148.969
10;0;5;232.251;0;379.516;379.516;0;147.265
10;0;6;247.932;0;401.118;401.118;0;153.187
10;0;7;208.655;0;664.266;664.266;0;455.611
10;0;8;189.306;0;658.481;658.481;0;469.176
10;0;9;190.743;0;541.306;396.802;144.503;350.563
10;0;10;164.034;0;537.802;471.315;66.487;373.768
10;0;11;151.496;0;516.786;443.675;73.111;365.291
10;0;12;130.754;0;473.644;473.644;0;342.889
10;0;13;233.676;0;596.867;596.867;0;363.191
10;0;14;0;0;392.271;392.271;0;392.271
10;0;15;121.629;0;462.026;326.297;135.729;340.397
10;0;16;113.972;0;445.879;445.879;0;331.908
10;0;17;107.562;0;542.728;542.728;0;435.166
10;0;18;321.307;0;757.134;757.134;0;435.828
10;0;19;0;0;444.103;444.103;0;444.103
10;0;20;88.702;0;439.19;439.19;0;350.488
10;0;21;326.641;0;536.885;536.885;0;210.244
10;0;22;331.979;0;526.722;526.722;0;194.743
10;0;23;336.43;0;519.712;519.712;0;183.282
10;0;24;0;0;148.336;148.336;0;148.336
10;0;25;0;0;147.39;147.39;0;147.39
10;0;26;143.14;0;287.064;287.064;0;143.924
10;0;27;350.692;0;499.076;499.076;0;148.385
10;0;28;351.584;0;501.14;501.14;0;149.557
10;0;29;357.833;0;506.451;506.451;0;148.619
10;0;30;0;0;161.16;161.16;0;161.16
10;0;31;169.196;0;625.799;625.799;0;456.603
10;0;32;217.899;0;691.189;691.189;0;473.29
10;0;33;215.287;0;570.725;474.937;95.788;355.438
10;0;34;187.162;0;557.765;329.314;228.451;370.603
10;0;35;162.339;0;525.093;448.402;76.692;362.755
10;0;36;161.37;0;518.199;518.199;0;356.828
10;0;37;133.051;0;484.682;164.921;319.762;351.631
10;0;38;121.044;0;495.083;0;495.083;374.039
10;0;39;120.231;0;459.957;305.908;154.049;339.726
10;0;40;292.253;0;632.602;573.43;59.172;340.349
10;0;41;320.418;0;702.93;702.93;0;382.512
10;0;42;320.418;0;752.193;752.193;0;431.775
10;0;43;325.752;0;784.711;784.711;0;458.96
10;0;44;330.199;0;669.451;669.451;0;339.252
10;0;45;0;0;217.236;217.236;0;217.236
10;0;46;0;0;199.022;199.022;0;199.022
10;0;47;0;0;180.544;180.544;0;180.544
10;0;48;0;0;146.92;146.92;0;146.92
10;0;49;0;0;149.82;149.82;0;149.82
10;0;50;0;0;150.462;150.462;0;150.462
10;0;51;0;0;144.922;144.922;0;144.922
10;0;52;0;0;147.904;147.904;0;147.904
10;0;53;0;0;148.174;148.174;0;148.174
10;0;54;84.932;0;243.352;243.352;0;158.42
10;0;55;106.557;0;515.633;515.633;0;409.076
10;0;56;103.978;0;514.082;514.082;0;410.104
10;0;57;95.546;0;416.96;406.53;10.43;321.414
10;0;58;87.4;0;394.53;259.469;135.061;307.13
10;0;59;79.518;0;391.862;264.716;127.146;312.344
10;0;60;219.45;0;535.601;535.601;0;316.15
10;0;61;0;0;345.73;345.73;0;345.73
10;0;62;0;0;367.695;367.695;0;367.695
10;0;63;76.766;0;381.661;226.533;155.128;304.895
10;0;64;59.613;0;372.002;286.479;85.523;312.389
10;0;65;50.262;0;422.61;422.61;0;372.348
10;0;66;58.481;0;502.405;502.405;0;443.924
10;0;67;181.116;0;634.248;634.248;0;453.132
10;0;68;294.687;0;649.358;649.358;0;354.672
10;0;69;294.687;0;515.486;515.486;0;220.8
10;0;70;299.117;0;499.346;499.346;0;200.229
10;0;71;314.2;0;503.351;503.351;0;189.152
10;0;72;0;0;140.001;140.001;0;140.001
10;0;73;0;0;139.906;139.906;0;139.906
10;0;74;0;0;138.774;138.774;0;138.774
10;0;75;0;0;139.524;139.524;0;139.524
10;0;76;0;0;143.338;143.338;0;143.338
10;0;77;0;0;143.901;143.901;0;143.901
10;0;78;0;0;143.165;143.165;0;143.165
10;0;79;0;0;153.595;153.595;0;153.595
10;0;80;0;0;172.307;172.307;0;172.307
10;0;81;0;0;172.317;172.317;0;172.317
10;0;82;147.123;0;316.338;316.338;0;169.216
10;0;83;137.542;0;282.481;282.481;0;144.938
10;0;84;137.834;0;276.951;276.951;0;139.116
10;0;85;134.644;0;272.029;272.029;0;137.385
10;0;86;132.828;0;281.239;281.239;0;148.411
10;0;87;133.199;0;261.23;261.23;0;128.03
10;0;88;350.692;0;497.125;497.125;0;146.433
10;0;89;355.154;0;508.275;508.275;0;153.121
10;0;90;221.886;0;417.288;417.288;0;195.402
10;0;91;363.193;0;582.314;582.314;0;219.121
10;0;92;364.981;0;572.245;572.245;0;207.264
10;0;93;369.452;0;576.033;576.033;0;206.581
10;0;94;370.347;0;557.618;557.618;0;187.271
10;0;95;370.347;0;541.92;541.92;0;171.573
10;0;96;373.031;0;511.221;511.221;0;138.189
10;0;97;376.613;0;519.185;519.185;0;142.572
10;0;98;378.404;0;517.27;517.27;0;138.866
10;0;99;381.092;0;519.671;519.671;0;138.579
10;0;100;381.092;0;522.53;522.53;0;141.438
10;0;101;381.092;0;521.155;521.155;0;140.063
10;0;102;379.3;0;520.812;520.812;0;141.513
10;0;103;380.195;0;806.956;806.956;0;426.76
10;0;104;377.508;0;807.329;807.329;0;429.82
10;0;105;373.927;0;713.533;713.533;0;339.606
10;0;106;370.347;0;721.034;721.034;0;350.687
10;0;107;366.769;0;721.104;721.104;0;354.335
10;0;108;347.689;0;694.986;694.986;0;347.297
10;0;109;316.522;0;676.144;676.144;0;359.621
10;0;110;352.476;0;702.458;562.149;140.309;349.982
10;0;111;348.907;0;679.115;572.06;107.054;330.207
10;0;112;349.799;0;766.554;766.554;0;416.754
10;0;113;360.512;0;797.48;797.48;0;436.967
10;0;114;364.087;0;777.072;777.072;0;412.985
10;0;115;336.633;0;751.981;751.981;0;415.348
10;0;116;0;0;325.59;325.59;0;325.59
10;0;117;365.767;0;567.885;567.885;0;202.117
10;0;118;366.039;0;554.69;554.69;0;188.651
10;0;119;381.988;0;571.478;571.478;0;189.491
10;0;120;383.78;0;521.452;521.452;0;137.672
10;0;121;382.884;0;523.691;523.691;0;140.807
10;0;122;381.988;0;521.141;521.141;0;139.154
10;0;123;385.574;0;525.892;525.892;0;140.318
10;0;124;385.574;0;526.35;526.35;0;140.776
10;0;125;385.574;0;523.062;523.062;0;137.488
10;0;126;383.78;0;526.998;526.998;0;143.218
10;0;127;351.683;0;782.53;782.53;0;430.847
10;0;128;323.229;0;768.1;768.1;0;444.87
10;0;129;322.013;0;639.798;639.798;0;317.785
10;0;130;291.806;0;637.87;637.87;0;346.064
10;0;131;281.5;0;619.106;619.106;0;337.606
10;0;132;281.42;0;648.284;648.284;0;366.864
10;0;133;252.684;0;574.472;574.472;0;321.788
10;0;134;238.058;0;585.557;585.557;0;347.499
10;0;135;357.833;0;683.724;683.724;0;325.891
10;0;136;359.619;0;670.342;670.342;0;310.723
10;0;137;361.406;0;670.242;670.242;0;308.836
10;0;138;369.452;0;765.161;765.161;0;395.709
10;0;139;373.927;0;791.399;791.399;0;417.473
10;0;140;378.404;0;708.398;708.398;0;329.994
10;0;141;348.255;0;553.992;553.992;0;205.737
10;0;142;0;0;204.737;204.737;0;204.737
10;0;143;0;0;182.726;182.726;0;182.726
10;0;144;391.853;0;531.436;531.436;0;139.583
10;0;145;399.038;0;538.063;538.063;0;139.025
10;0;146;398.139;0;537.35;537.35;0;139.211
10;0;147;405.331;0;545.928;545.928;0;140.597
10;0;148;408.03;0;549.761;549.761;0;141.731
10;0;149;410.73;0;556.889;556.889;0;146.159
10;0;150;417.936;0;562.788;562.788;0;144.852
10;0;151;417.035;0;846.385;846.385;0;429.35
10;0;152;399.173;0;763.311;763.311;0;364.138
10;0;153;374.393;0;699.383;682.404;16.979;324.991
10;0;154;327.759;0;672.596;522.699;149.897;344.837
10;0;155;306.108;0;637.044;613.915;23.128;330.935
10;0;156;287.802;0;610.223;473.515;136.708;322.421
10;0;157;375.717;0;696.988;659.626;37.362;321.271
10;0;158;381.092;0;742.504;742.504;0;361.412
10;0;159;380.195;0;709.412;709.412;0;329.216
10;0;160;390.956;0;706.802;674.974;31.828;315.846
10;0;161;393.649;0;707.094;707.094;0;313.445
10;0;162;393.649;0;796.06;796.06;0;402.411
10;0;163;402.633;0;832.77;832.77;0;430.137
10;0;164;407.13;0;733.952;733.952;0;326.822
10;0;165;412.531;0;616.734;616.734;0;204.203
10;0;166;282.218;0;474.721;474.721;0;192.504
10;0;167;410.73;0;580.186;580.186;0;169.456
10;1;0;0;0;138.851;138.851;0;138.851
10;1;1;0;0;142.253;142.253;0;142.253
10;1;2;0;0;141.421;141.421;0;141.421
10;1;3;0;0;140.014;140.014;0;140.014
10;1;4;0;0;141.186;141.186;0;141.186
10;1;5;0;0;143.169;143.169;0;143.169
10;1;6;0;0;146.213;146.213;0;146.213
10;1;7;0;0;283.492;255.672;27.821;283.492
10;1;8;0;0;312.173;124.738;187.435;312.173
10;1;9;0;0;335.542;0;335.542;335.542
10;1;10;0;0;350.707;0;350.707;350.707
10;1;11;0;0;332.356;0;332.356;332.356
10;1;12;0;0;318.428;0;318.428;318.428
10;1;13;0;0;328.607;0;328.607;328.607
10;1;14;0;0;341.387;0;341.387;341.387
10;1;15;0;0;320.73;0;320.73;320.73
10;1;16;0;0;304.174;54.47;249.704;304.174
10;1;17;0;0;284.452;173.351;111.101;284.452
10;1;18;0;0;298.226;298.226;0;298.226
10;1;19;0;0;418.085;418.085;0;418.085
10;1;20;0;0;329.895;329.895;0;329.895
10;1;21;0;0;199.016;199.016;0;199.016
10;1;22;0;0;191.234;191.234;0;191.234
10;1;23;0;0;173.048;173.048;0;173.048
10;1;24;0;0;137.731;137.731;0;137.731
10;1;25;0;0;139.712;139.712;0;139.712
10;1;26;0;0;141.565;141.565;0;141.565
10;1;27;0;0;140.195;140.195;0;140.195
10;1;28;0;0;141.526;141.526;0;141.526
10;1;29;0;0;142.101;142.101;0;142.101
10;1;30;0;0;145.344;145.344;0;145.344
10;1;31;0;0;281.681;274.306;7.375;281.681
10;1;32;0;0;321.822;140.395;181.426;321.822
10;1;33;9.86;0;334.068;0;334.068;324.208
10;1;34;11.843;0;355.147;0;355.147;343.305
10;1;35;10.461;0;353.871;0;353.871;343.41
10;1;36;10.138;0;325.508;0;325.508;315.37
10;1;37;8.008;0;328.531;0;328.531;320.523
10;1;38;8.986;0;362.257;0;362.257;353.271
10;1;39;139.329;0;459.758;0;459.758;320.429
10;1;40;0;0;311.971;0;311.971;311.971
10;1;41;0;0;290.135;72.377;217.758;290.135
10;1;42;0;0;279.245;237.441;41.804;279.245
10;1;43;0;0;417.79;417.79;0;417.79
10;1;44;0;0;320.656;320.656;0;320.656
10;1;45;0;0;206.804;206.804;0;206.804
10;1;46;0;0;192.975;192.975;0;192.975
10;1;47;0;0;178.724;178.724;0;178.724
10;1;48;0;0;139.863;139.863;0;139.863
10;1;49;0;0;142.22;142.22;0;142.22
10;1;50;0;0;141.446;141.446;0;141.446
10;1;51;0;0;140.181;140.181;0;140.181
10;1;52;0;0;141.122;141.122;0;141.122
10;1;53;0;0;141.979;141.979;0;141.979
10;1;54;0;0;145.838;145.838;0;145.838
10;1;55;0;0;324.955;324.955;0;324.955
10;1;56;0;0;285.62;146.509;139.11;285.62
10;1;57;0;0;277.081;0;277.081;277.081
10;1;58;7.933;0;304.47;0;304.47;296.537
10;1;59;8.249;0;288.68;0;288.68;280.43
10;1;60;7.52;0;294.394;0;294.394;286.874
10;1;61;102.923;0;397.096;0;397.096;294.173
10;1;62;45.443;0;337.036;0;337.036;291.593
10;1;63;0;0;276.461;152.576;123.885;276.461
10;1;64;0;0;275.8;28.883;246.917;275.8
10;1;65;0;0;275.363;105.354;170.009;275.363
10;1;66;0;0;276.931;276.931;0;276.931
10;1;67;0;0;417.182;417.182;0;417.182
10;1;68;0;0;320.126;320.126;0;320.126
10;1;69;0;0;201.058;201.058;0;201.058
10;1;70;0;0;199.677;199.677;0;199.677
10;1;71;0;0;176.136;176.136;0;176.136
10;1;72;0;0;141.081;141.081;0;141.081
10;1;73;0;0;139.87;139.87;0;139.87
10;1;74;0;0;141.628;141.628;0;141.628
10;1;75;0;0;140.025;140.025;0;140.025
10;1;76;0;0;140.688;140.688;0;140.688
10;1;77;0;0;142.174;142.174;0;142.174
10;1;78;0;0;142.286;142.286;0;142.286
10;1;79;0;0;129.28;100.584;28.696;129.28
10;1;80;0;0;131.81;0;131.81;131.81
10;1;81;8.945;0;145.575;0;145.575;136.629
10;1;82;7.12;0;154.878;0;154.878;147.757
10;1;83;9.006;0;151.781;0;151.781;142.775
10;1;84;8.494;0;148.655;0;148.655;140.161
10;1;85;7.377;0;154.455;0;154.455;147.078
10;1;86;7.219;0;150.67;0;150.67;143.451
10;1;87;144.376;0;282.555;0;282.555;138.179
10;1;88;0;0;138.332;0;138.332;138.332
10;1;89;0;0;143.027;18.038;124.988;143.027
10;1;90;0;0;136.259;93.4;42.859;136.259
10;1;91;0;0;216.486;216.486;0;216.486
10;1;92;0;0;217.115;217.115;0;217.115
10;1;93;0;0;203.757;203.757;0;203.757
10;1;94;0;0;197.32;197.32;0;197.32
10;1;95;0;0;170.575;170.575;0;170.575
10;1;96;0;0;139.207;139.207;0;139.207
10;1;97;0;0;143.966;143.966;0;143.966
10;1;98;0;0;141.496;141.496;0;141.496
10;1;99;0;0;140.971;140.971;0;140.971
10;1;100;0;0;140.98;140.98;0;140.98
10;1;101;0;0;145.436;145.436;0;145.436
10;1;102;0;0;144.895;144.895;0;144.895
10;1;103;0;0;307.568;286.842;20.726;307.568
10;1;104;0;0;290.08;167.937;122.143;290.08
10;1;105;0;0;339.127;204.584;134.543;339.127
10;1;106;14.4;0;368.122;0;368.122;353.722
10;1;107;11.161;0;365.755;0;365.755;354.594
10;1;108;11.065;0;348.652;0;348.652;337.587
10;1;109;158.865;0;491.021;0;491.021;332.156
10;1;110;0;0;356.846;67.833;289.013;356.846
10;1;111;0;0;323.521;99.935;223.586;323.521
10;1;112;0;0;316.553;130.108;186.445;316.553
10;1;113;0;0;288.506;168.855;119.651;288.506
10;1;114;0;0;285.572;262.07;23.502;285.572
10;1;115;0;0;435.165;435.165;0;435.165
10;1;116;0;0;315.783;315.783;0;315.783
10;1;117;0;0;215.286;215.286;0;215.286
10;1;118;0;0;196.009;196.009;0;196.009
10;1;119;0;0;170.037;170.037;0;170.037
10;1;120;0;0;138.708;138.708;0;138.708
10;1;121;0;0;143.878;143.878;0;143.878
10;1;122;0;0;142.194;142.194;0;142.194
10;1;123;0;0;141.333;141.333;0;141.333
10;1;124;0;0;140.624;140.624;0;140.624
10;1;125;0;0;138.629;138.629;0;138.629
10;1;126;0;0;146.199;146.199;0;146.199
10;1;127;0;0;361.921;361.921;0;361.921
10;1;128;0;0;319.205;152.304;166.901;319.205
10;1;129;12.262;0;352.944;0;352.944;340.682
10;1;130;12.408;0;358.757;0;358.757;346.349
10;1;131;10.152;0;355.284;0;355.284;345.132
10;1;132;10.962;0;337.14;0;337.14;326.178
10;1;133;9.266;0;348.354;0;348.354;339.088
10;1;134;125.351;0;478.377;0;478.377;353.026
10;1;135;20.042;0;345.653;0;345.653;325.611
10;1;136;0;0;310.203;24.88;285.323;310.203
10;1;137;0;0;295.699;105.542;190.157;295.699
10;1;138;0;0;279.307;259.936;19.371;279.307
10;1;139;0;0;412.788;412.788;0;412.788
10;1;140;0;0;331.097;331.097;0;331.097
10;1;141;0;0;205.919;205.919;0;205.919
10;1;142;0;0;196.643;196.643;0;196.643
10;1;143;0;0;190.07;190.07;0;190.07
10;1;144;0;0;137.15;137.15;0;137.15
10;1;145;0;0;139.893;139.893;0;139.893
10;1;146;0;0;141.133;141.133;0;141.133
10;1;147;0;0;143.96;143.96;0;143.96
10;1;148;0;0;139.296;139.296;0;139.296
10;1;149;0;0;140.859;140.859;0;140.859
10;1;150;0;0;147.599;147.599;0;147.599
10;1;151;0;0;322.433;322.433;0;322.433
10;1;152;0;0;319.858;148.591;171.267;319.858
10;1;153;11.913;0;340.99;0;340.99;329.077
10;1;154;12.134;0;363.769;0;363.769;351.635
10;1;155;10.839;0;356.155;0;356.155;345.316
10;1;156;11.903;0;338.455;0;338.455;326.552
10;1;157;77.954;0;406.935;0;406.935;328.98
10;1;158;186.947;0;517.967;0;517.967;331.02
10;1;159;89.431;0;409.087;0;409.087;319.655
10;1;160;33.634;0;344.329;0;344.329;310.695
10;1;161;0;0;296.639;85.777;210.862;296.639
10;1;162;0;0;284.153;248.334;35.819;284.153
10;1;163;0;0;424.05;424.05;0;424.05
10;1;164;0;0;326.323;326.323;0;326.323
10;1;165;0;0;195.09;195.09;0;195.09
10;1;166;0;0;183.67;183.67;0;183.67
10;1;167;0;0;168.527;168.527;0;168.527
10;2;0;328.42;0;467.561;467.561;0;139.141
10;2;1;335.54;0;476.415;476.415;0;140.875
10;2;2;51.032;0;191.525;191.525;0;140.493
10;2;3;0;0;141.614;141.614;0;141.614
10;2;4;0;0;141.023;141.023;0;141.023
10;2;5;0;0;140.519;140.519;0;140.519
10;2;6;0;0;147.377;147.377;0;147.377
10;2;7;175.828;0;577.055;573.193;3.862;401.228
10;2;8;145.529;0;456.962;296.11;160.852;311.433
10;2;9;113.466;0;440.864;16.17;424.694;327.399
10;2;10;127.864;0;474.599;0;474.599;346.735
10;2;11;294.687;0;628.06;0;628.06;333.374
10;2;12;284.062;0;609.453;0;609.453;325.391
10;2;13;276.985;0;607.183;0;607.183;330.197
10;2;14;117.229;0;466.052;0;466.052;348.824
10;2;15;273.449;0;597.772;244.091;353.681;324.323
10;2;16;273.449;0;583.913;239.402;344.511;310.464
10;2;17;276.101;0;576.937;388.58;188.356;300.836
10;2;18;106.515;0;480.057;480.057;0;373.542
10;2;19;0;0;424.906;424.906;0;424.906
10;2;20;0;0;326.406;326.406;0;326.406
10;2;21;0;0;205.027;205.027;0;205.027
10;2;22;0;0;199.037;199.037;0;199.037
10;2;23;0;0;179.573;179.573;0;179.573
10;2;24;0;0;135.629;135.629;0;135.629
10;2;25;0;0;143.648;143.648;0;143.648
10;2;26;0;0;141.031;141.031;0;141.031
10;2;27;0;0;146.909;146.909;0;146.909
10;2;28;0;0;139.867;139.867;0;139.867
10;2;29;0;0;141.401;141.401;0;141.401
10;2;30;0;0;148.999;148.999;0;148.999
10;2;31;0;0;387.572;387.572;0;387.572
10;2;32;0;0;323.647;98.755;224.892;323.647
10;2;33;99.687;0;422.671;55.431;367.24;322.984
10;2;34;66.893;0;419.513;0;419.513;352.62
10;2;35;210.89;0;552.855;0;552.855;341.965
10;2;36;253.695;0;580.493;0;580.493;326.798
10;2;37;265.497;0;595.959;0;595.959;330.462
10;2;38;237.229;0;587.898;0;587.898;350.669
10;2;39;52.416;0;377.839;0;377.839;325.423
10;2;40;0;0;310.996;0;310.996;310.996
10;2;41;0;0;301.715;202.008;99.708;301.715
10;2;42;0;0;385.606;385.606;0;385.606
10;2;43;0;0;422.38;422.38;0;422.38
10;2;44;0;0;339.174;339.174;0;339.174
10;2;45;0;0;202.295;202.295;0;202.295
10;2;46;0;0;199.889;199.889;0;199.889
10;2;47;0;0;177.279;177.279;0;177.279
10;2;48;0;0;140.082;140.082;0;140.082
10;2;49;0;0;144.86;144.86;0;144.86
10;2;50;0;0;141.805;141.805;0;141.805
10;2;51;0;0;141.228;141.228;0;141.228
10;2;52;0;0;138.644;138.644;0;138.644
10;2;53;0;0;139.493;139.493;0;139.493
10;2;54;0;0;142.73;142.73;0;142.73
10;2;55;0;0;375.908;375.908;0;375.908
10;2;56;0;0;354.634;354.634;0;354.634
10;2;57;0;0;300.077;245.732;54.344;300.077
10;2;58;0;0;323.467;308.835;14.632;323.467
10;2;59;0;0;296.557;264.711;31.845;296.557
10;2;60;0;0;288.69;182.885;105.804;288.69
10;2;61;0;0;286.372;181.763;104.609;286.372
10;2;62;0;0;296.592;156.93;139.662;296.592
10;2;63;0;0;283.913;158.974;124.939;283.913
10;2;64;0;0;293.481;239.033;54.448;293.481
10;2;65;0;0;339.236;329.933;9.304;339.236
10;2;66;0;0;407.754;407.754;0;407.754
10;2;67;0;0;426.945;426.945;0;426.945
10;2;68;0;0;322.845;322.845;0;322.845
10;2;69;0;0;202.863;202.863;0;202.863
10;2;70;0;0;199.447;199.447;0;199.447
10;2;71;0;0;167.515;167.515;0;167.515
10;2;72;291.144;0;430.819;430.819;0;139.675
10;2;73;0;0;144.03;144.03;0;144.03
10;2;74;0;0;140.546;140.546;0;140.546
10;2;75;0;0;142.106;142.106;0;142.106
10;2;76;0;0;139.135;139.135;0;139.135
10;2;77;0;0;139.833;139.833;0;139.833
10;2;78;0;0;145.338;145.338;0;145.338
10;2;79;0;0;154.103;135.597;18.506;154.103
10;2;80;49.332;0;178.966;19.747;159.218;129.633
10;2;81;0;0;135.919;12.697;123.221;135.919
10;2;82;45.899;0;199.999;86.526;113.473;154.1
10;2;83;107.853;0;250.486;0;250.486;142.633
10;2;84;291.144;0;429.13;0;429.13;137.987
10;2;85;284.947;0;427.528;0;427.528;142.581
10;2;86;280.523;0;428.809;180.676;248.133;148.287
10;2;87;280.523;0;419.314;246.393;172.921;138.791
10;2;88;291.144;0;430.317;296.094;134.223;139.174
10;2;89;283.177;0;427.996;348;79.996;144.819
10;2;90;16.049;0;211.704;211.704;0;195.654
10;2;91;0;0;215.345;215.345;0;215.345
10;2;92;303.551;0;514.763;514.763;0;211.213
10;2;93;0;0;208.921;208.921;0;208.921
10;2;94;308.873;0;495.563;495.563;0;186.689
10;2;95;42.975;0;221.8;221.8;0;178.825
10;2;96;0;0;137.013;137.013;0;137.013
10;2;97;0;0;139.487;139.487;0;139.487
10;2;98;0;0;138.846;138.846;0;138.846
10;2;99;0;0;142.762;142.762;0;142.762
10;2;100;0;0;136.677;136.677;0;136.677
10;2;101;0;0;140.519;140.519;0;140.519
10;2;102;0;0;143.483;143.483;0;143.483
10;2;103;0;0;406.911;406.911;0;406.911
10;2;104;208.593;0;514.82;286.762;228.058;306.227
10;2;105;172.685;0;510.09;143.017;367.073;337.405
10;2;106;121.344;0;461.465;16.153;445.312;340.121
10;2;107;102.916;0;455.917;134.148;321.769;353.001
10;2;108;83.18;0;417.541;0;417.541;334.36
10;2;109;70.22;0;403.822;0;403.822;333.602
10;2;110;63.763;0;415.213;0;415.213;351.45
10;2;111;62.543;0;385.501;195.108;190.393;322.959
10;2;112;60.564;0;373.801;309.447;64.354;313.237
10;2;113;195.826;0;516.05;486.435;29.615;320.224
10;2;114;0;0;399.84;399.84;0;399.84
10;2;115;0;0;420.295;420.295;0;420.295
10;2;116;153.311;0;491.73;491.73;0;338.419
10;2;117;0;0;197.599;197.599;0;197.599
10;2;118;172.261;0;362.443;362.443;0;190.182
10;2;119;0;0;172.154;172.154;0;172.154
10;2;120;94.04;0;232.115;232.115;0;138.075
10;2;121;94.767;0;238.876;238.876;0;144.109
10;2;122;98.28;0;238.391;238.391;0;140.111
10;2;123;101.331;0;245.998;245.998;0;144.668
10;2;124;105.132;0;248.05;248.05;0;142.918
10;2;125;107.808;0;250.181;250.181;0;142.372
10;2;126;115.381;0;262.013;262.013;0;146.632
10;2;127;88.033;0;510.74;510.74;0;422.707
10;2;128;75.14;0;446.663;424.032;22.63;371.522
10;2;129;70.859;0;396.309;315.985;80.324;325.45
10;2;130;64.622;0;413.242;318.193;95.049;348.62
10;2;131;50.96;0;389.388;261.633;127.755;338.428
10;2;132;38.752;0;362.307;34.786;327.522;323.555
10;2;133;77.622;0;402.421;0;402.421;324.799
10;2;134;0;0;338.746;147.33;191.416;338.746
10;2;135;0;0;339.902;262.059;77.844;339.902
10;2;136;9.278;0;321.777;254.004;67.774;312.499
10;2;137;257.661;0;619.973;619.973;0;362.312
10;2;138;261.274;0;662.367;662.367;0;401.093
10;2;139;264.29;0;693.093;693.093;0;428.804
10;2;140;0;0;334.788;334.788;0;334.788
10;2;141;0;0;201.992;201.992;0;201.992
10;2;142;125.954;0;320.976;320.976;0;195.022
10;2;143;0;0;179.493;179.493;0;179.493
10;2;144;0;0;141.131;141.131;0;141.131
10;2;145;0;0;145.18;145.18;0;145.18
10;2;146;0;0;140.491;140.491;0;140.491
10;2;147;0;0;140.811;140.811;0;140.811
10;2;148;0;0;140.741;140.741;0;140.741
10;2;149;0;0;141.888;141.888;0;141.888
10;2;150;0;0;153.283;153.283;0;153.283
10;2;151;0;0;433.604;433.604;0;433.604
10;2;152;0;0;457.463;457.463;0;457.463
10;2;153;72.928;0;473.429;473.429;0;400.501
10;2;154;68.654;0;480.02;480.02;0;411.366
10;2;155;60.366;0;417.019;376.942;40.077;356.653
10;2;156;46.873;0;367.019;320.987;46.032;320.146
10;2;157;37.384;0;382.005;361.633;20.371;344.62
10;2;158;31.735;0;386.566;362.762;23.804;354.831
10;2;159;31.69;0;388.932;371.13;17.802;357.242
10;2;160;270.102;0;702.572;702.572;0;432.47
10;2;161;0;0;452.306;452.306;0;452.306
10;2;162;0;0;412.698;412.698;0;412.698
10;2;163;0;0;435.919;435.919;0;435.919
10;2;164;0;0;327.206;327.206;0;327.206
10;2;165;0;0;207.674;207.674;0;207.674
10;2;166;224.34;0;412.136;412.136;0;187.796
10;2;167;286.717;0;453.082;453.082;0;166.365
10;3;0;0;0;139.565;139.565;0;139.565
10;3;1;176.967;0;320.102;320.102;0;143.135
10;3;2;352.829;0;492.984;492.984;0;140.155
10;3;3;358.884;0;501.211;501.211;0;142.327
10;3;4;387.367;0;529.813;529.813;0;142.446
10;3;5;360.086;0;501.839;501.839;0;141.753
10;3;6;393.649;0;543.047;543.047;0;149.398
10;3;7;344.585;0;790.192;790.192;0;445.608
10;3;8;321.068;0;804.884;804.884;0;483.816
10;3;9;303.379;0;782.562;782.562;0;479.184
10;3;10;295.064;0;693.841;693.841;0;398.777
10;3;11;275.192;0;652.449;652.449;0;377.257
10;3;12;256.548;0;581.602;581.602;0;325.054
10;3;13;233.032;0;558.159;359.761;198.397;325.126
10;3;14;349.799;0;698.145;337.987;360.158;348.346
10;3;15;348.015;0;680.644;504.743;175.901;332.628
10;3;16;352.476;0;836.943;836.943;0;484.467
10;3;17;360.512;0;827.651;827.651;0;467.139
10;3;18;363.193;0;792.871;792.871;0;429.678
10;3;19;0;0;445.809;445.809;0;445.809
10;3;20;0;0;335.649;335.649;0;335.649
10;3;21;65.86;0;285.458;285.458;0;219.598
10;3;22;381.092;0;567.434;567.434;0;186.343
10;3;23;384.677;0;559.679;559.679;0;175.002
10;3;24;388.264;0;530.187;530.187;0;141.923
10;3;25;190.788;0;335.565;335.565;0;144.777
10;3;26;365.235;0;508.672;508.672;0;143.437
10;3;27;373.01;0;514.134;514.134;0;141.124
10;3;28;379.612;0;521.656;521.656;0;142.045
10;3;29;391.405;0;532.967;532.967;0;141.562
10;3;30;395.445;0;545.522;545.522;0;150.077
10;3;31;358.228;0;811.327;811.327;0;453.099
10;3;32;331.245;0;821.802;821.802;0;490.557
10;3;33;305.437;0;790.762;790.762;0;485.325
10;3;34;292.522;0;662.4;662.4;0;369.878
10;3;35;279.765;0;625.762;524.979;100.783;345.997
10;3;36;271.99;0;592.968;440.553;152.416;320.979
10;3;37;260.704;0;593.828;526.044;67.784;333.125
10;3;38;251.91;0;687.158;687.158;0;435.249
10;3;39;272.303;0;748.974;748.974;0;476.671
10;3;40;268.278;0;761.122;761.122;0;492.844
10;3;41;276.437;0;755.674;755.674;0;479.238
10;3;42;299.929;0;729.781;729.781;0;429.851
10;3;43;297.891;0;731.555;731.555;0;433.664
10;3;44;306.206;0;638.89;638.89;0;332.684
10;3;45;320.107;0;534.693;534.693;0;214.585
10;3;46;312.814;0;512.193;512.193;0;199.379
10;3;47;304.344;0;490.674;490.674;0;186.33
10;3;48;80.818;0;221.54;221.54;0;140.721
10;3;49;79.889;0;219.518;219.518;0;139.63
10;3;50;77.415;0;218.392;218.392;0;140.978
10;3;51;76.428;0;220.37;220.37;0;143.942
10;3;52;80.924;0;223.354;223.354;0;142.43
10;3;53;80.72;0;224.101;224.101;0;143.381
10;3;54;84.885;0;230.466;230.466;0;145.581
10;3;55;102.264;0;491.794;491.794;0;389.53
10;3;56;107.262;0;528.628;528.628;0;421.366
10;3;57;97.618;0;509.386;509.386;0;411.767
10;3;58;97.375;0;489.396;489.396;0;392.021
10;3;59;99.005;0;485.201;485.201;0;386.196
10;3;60;97.44;0;393.548;310.873;82.675;296.109
10;3;61;89.607;0;387.802;327.323;60.479;298.195
10;3;62;82.661;0;381.462;316.965;64.497;298.801
10;3;63;90.564;0;425.5;423.175;2.326;334.936
10;3;64;91.188;0;511.92;511.92;0;420.732
10;3;65;314.755;0;744.767;744.767;0;430.012
10;3;66;340.884;0;769.106;769.106;0;428.222
10;3;67;0;0;436.394;436.394;0;436.394
10;3;68;0;0;343.946;343.946;0;343.946
10;3;69;0;0;208.356;208.356;0;208.356
10;3;70;0;0;208.378;208.378;0;208.378
10;3;71;127.794;0;311.195;311.195;0;183.401
10;3;72;134.786;0;274.042;274.042;0;139.256
10;3;73;136.161;0;279.352;279.352;0;143.19
10;3;74;142.189;0;284.303;284.303;0;142.114
10;3;75;149.462;0;294.702;294.702;0;145.24
10;3;76;150.457;0;292.831;292.831;0;142.374
10;3;77;152.873;0;298.918;298.918;0;146.044
10;3;78;329.978;0;474.107;474.107;0;144.129
10;3;79;0;0;159.384;159.384;0;159.384
10;3;80;179.385;0;353.463;353.463;0;174.079
10;3;81;247.779;0;435.295;435.295;0;187.515
10;3;82;359.619;0;560.095;560.095;0;200.476
10;3;83;359.619;0;548.731;548.731;0;189.112
10;3;84;356.047;0;529.245;529.245;0;173.198
10;3;85;352.476;0;502.515;502.515;0;150.039
10;3;86;357.833;0;506.257;239.604;266.653;148.424
10;3;87;358.726;0;512.82;454.694;58.126;154.094
10;3;88;363.193;0;546.94;546.94;0;183.747
10;3;89;364.087;0;565.351;565.351;0;201.264
10;3;90;368.558;0;576.455;576.455;0;207.898
10;3;91;375.717;0;591.856;591.856;0;216.139
10;3;92;380.195;0;594.486;594.486;0;214.291
10;3;93;381.988;0;593.013;593.013;0;211.025
10;3;94;385.574;0;583.14;583.14;0;197.566
10;3;95;386.47;0;562.09;562.09;0;175.619
10;3;96;388.264;0;530.803;530.803;0;142.539
10;3;97;391.853;0;539.249;539.249;0;147.396
10;3;98;392.751;0;535.513;535.513;0;142.762
10;3;99;395.445;0;534.969;534.969;0;139.524
10;3;100;391.853;0;535.869;535.869;0;144.016
10;3;101;386.47;0;530.934;530.934;0;144.463
10;3;102;382.884;0;532.993;532.993;0;150.109
10;3;103;381.092;0;832.848;832.848;0;451.757
10;3;104;374.822;0;858.408;858.408;0;483.586
10;3;105;372.137;0;882.343;882.343;0;510.206
10;3;106;381.092;0;912.071;912.071;0;530.98
10;3;107;382.884;0;888.708;888.708;0;505.824
10;3;108;386.47;0;834.271;834.271;0;447.801
10;3;109;382.884;0;820.788;820.788;0;437.904
10;3;110;381.092;0;858.057;858.057;0;476.966
10;3;111;378.404;0;876.312;876.312;0;497.908
10;3;112;376.613;0;861.99;861.99;0;485.378
10;3;113;375.717;0;848.951;848.951;0;473.234
10;3;114;375.717;0;798.339;798.339;0;422.622
10;3;115;374.822;0;808.229;808.229;0;433.407
10;3;116;372.137;0;712.326;712.326;0;340.189
10;3;117;372.137;0;572.392;572.392;0;200.256
10;3;118;371.242;0;564.722;564.722;0;193.48
10;3;119;373.031;0;546.314;546.314;0;173.283
10;3;120;373.031;0;509.692;509.692;0;136.661
10;3;121;374.822;0;514.562;514.562;0;139.741
10;3;122;380.195;0;520.079;520.079;0;139.883
10;3;123;386.47;0;527.219;527.219;0;140.749
10;3;124;393.649;0;533.774;533.774;0;140.126
10;3;125;399.038;0;541.613;541.613;0;142.575
10;3;126;398.139;0;542.768;542.768;0;144.629
10;3;127;399.038;0;834.522;834.522;0;435.484
10;3;128;375.212;0;843.96;843.96;0;468.748
10;3;129;362.094;0;852.287;852.287;0;490.193
10;3;130;328.9;0;782.308;782.308;0;453.408
10;3;131;316.822;0;762.043;762.043;0;445.221
10;3;132;302.564;0;632.644;632.644;0;330.08
10;3;133;286.685;0;628.354;628.354;0;341.67
10;3;134;271.714;0;752.441;752.441;0;480.726
10;3;135;287.689;0;774.156;774.156;0;486.467
10;3;136;375.717;0;865.723;865.723;0;490.006
10;3;137;195.528;0;653.282;653.282;0;457.755
10;3;138;318.813;0;725.509;725.509;0;406.697
10;3;139;385.574;0;814.511;814.511;0;428.937
10;3;140;321.371;0;640.384;640.384;0;319.013
10;3;141;392.751;0;599.675;599.675;0;206.924
10;3;142;395.445;0;593.527;593.527;0;198.082
10;3;143;397.241;0;571.979;571.979;0;174.738
10;3;144;391.853;0;528.696;528.696;0;136.842
10;3;145;396.343;0;537.081;537.081;0;140.738
10;3;146;394.547;0;532.412;532.412;0;137.865
10;3;147;399.038;0;537.471;537.471;0;138.433
10;3;148;397.241;0;533.722;533.722;0;136.481
10;3;149;398.139;0;536.462;536.462;0;138.322
10;3;150;395.445;0;540.983;540.983;0;145.538
10;3;151;362.904;0;797.757;797.757;0;434.854
10;3;152;336.303;0;803.934;803.934;0;467.631
10;3;153;291.411;0;754.459;754.459;0;463.048
10;3;154;276.775;0;658.015;658.015;0;381.24
10;3;155;244.577;0;624.124;624.124;0;379.548
10;3;156;229.303;0;653.915;653.915;0;424.612
10;3;157;352.476;0;761.748;761.748;0;409.272
10;3;158;78.632;0;539.202;539.202;0;460.57
10;3;159;221.247;0;703.23;703.23;0;481.983
10;3;160;217.58;0;687.899;687.899;0;470.318
10;3;161;212.999;0;677.46;677.46;0;464.461
10;3;162;233.568;0;652.04;652.04;0;418.471
10;3;163;327.205;0;748.789;748.789;0;421.584
10;3;164;348.907;0;697.901;697.901;0;348.994
10;3;165;349.799;0;551.378;551.378;0;201.578
10;3;166;350.692;0;541.742;541.742;0;191.05
10;3;167;354.261;0;529.836;529.836;0;175.575
15;0;0;0;0;147.77;147.77;0;147.77
15;0;1;142.482;0;294.583;294.583;0;152.101
15;0;2;0;0;147.638;147.638;0;147.638
15;0;3;202.164;0;350.699;350.699;0;148.535
15;0;4;208.168;0;357.137;357.137;0;148.969
15;0;5;213.309;0;360.575;360.575;0;147.265
15;0;6;227.712;0;380.898;380.898;0;153.187
15;0;7;191.639;0;647.25;647.25;0;455.611
15;0;8;173.867;0;643.043;612.229;30.813;469.176
15;0;9;175.187;0;525.75;436.109;89.641;350.563
15;0;10;150.656;0;524.424;358.731;165.693;373.768
15;0;11;139.14;0;504.431;359.411;145.02;365.291
15;0;12;120.091;0;462.98;462.783;0.197;342.889
15;0;13;214.619;0;577.809;577.809;0;363.191
15;0;14;0;0;392.271;392.271;0;392.271
15;0;15;111.71;0;452.106;402.303;49.803;340.397
15;0;16;104.677;0;436.584;387.83;48.754;331.908
15;0;17;98.79;0;533.956;533.956;0;435.166
15;0;18;321.307;0;757.134;757.134;0;435.828
15;0;19;0;0;444.103;444.103;0;444.103
15;0;20;55.146;0;405.634;405.634;0;350.488
15;0;21;326.641;0;536.885;536.885;0;210.244
15;0;22;331.979;0;526.722;526.722;0;194.743
15;0;23;336.43;0;519.712;519.712;0;183.282
15;0;24;0;0;148.336;148.336;0;148.336
15;0;25;0;0;147.39;147.39;0;147.39
15;0;26;49.462;0;193.386;193.386;0;143.924
15;0;27;350.692;0;499.076;499.076;0;148.385
15;0;28;351.584;0;501.14;501.14;0;149.557
15;0;29;357.833;0;506.451;506.451;0;148.619
15;0;30;0;0;161.16;161.16;0;161.16
15;0;31;68.537;0;525.139;525.139;0;456.603
15;0;32;200.129;0;673.419;656.207;17.211;473.29
15;0;33;197.729;0;553.167;347.558;205.609;355.438
15;0;34;171.898;0;542.501;211.717;330.784;370.603
15;0;35;149.099;0;511.854;209.924;301.93;362.755
15;0;36;148.21;0;505.038;505.038;0;356.828
15;0;37;122.2;0;473.832;126.506;347.325;351.631
15;0;38;111.172;0;485.211;116.414;368.797;374.039
15;0;39;110.426;0;450.152;201.708;248.444;339.726
15;0;40;162.117;0;502.466;502.466;0;340.349
15;0;41;320.418;0;702.93;702.93;0;382.512
15;0;42;320.418;0;752.193;752.193;0;431.775
15;0;43;325.752;0;784.711;784.711;0;458.96
15;0;44;330.199;0;669.451;669.451;0;339.252
15;0;45;0;0;217.236;217.236;0;217.236
15;0;46;0;0;199.022;199.022;0;199.022
15;0;47;0;0;180.544;180.544;0;180.544
15;0;48;0;0;146.92;146.92;0;146.92
15;0;49;0;0;149.82;149.82;0;149.82
15;0;50;0;0;150.462;150.462;0;150.462
15;0;51;0;0;144.922;144.922;0;144.922
15;0;52;0;0;147.904;147.904;0;147.904
15;0;53;0;0;148.174;148.174;0;148.174
15;0;54;78.006;0;236.426;236.426;0;158.42
15;0;55;97.866;0;506.943;506.943;0;409.076
15;0;56;95.498;0;505.602;505.602;0;410.104
15;0;57;87.754;0;409.167;309.41;99.758;321.414
15;0;58;80.272;0;387.402;295.243;92.159;307.13
15;0;59;73.032;0;385.377;58.333;327.044;312.344
15;0;60;201.553;0;517.703;517.703;0;316.15
15;0;61;0;0;345.73;345.73;0;345.73
15;0;62;0;0;367.695;351.845;15.85;367.695
15;0;63;70.506;0;375.4;208.743;166.657;304.895
15;0;64;54.751;0;367.141;84.6;282.541;312.389
15;0;65;46.163;0;418.511;418.511;0;372.348
15;0;66;53.712;0;497.636;497.636;0;443.924
15;0;67;62.123;0;515.256;515.256;0;453.132
15;0;68;294.687;0;649.358;649.358;0;354.672
15;0;69;294.687;0;515.486;515.486;0;220.8
15;0;70;299.117;0;499.346;499.346;0;200.229
15;0;71;314.2;0;503.351;503.351;0;189.152
15;0;72;0;0;140.001;140.001;0;140.001
15;0;73;0;0;139.906;139.906;0;139.906
15;0;74;0;0;138.774;138.774;0;138.774
15;0;75;0;0;139.524;139.524;0;139.524
15;0;76;0;0;143.338;143.338;0;143.338
15;0;77;0;0;143.901;143.901;0;143.901
15;0;78;0;0;143.165;143.165;0;143.165
15;0;79;0;0;153.595;153.595;0;153.595
15;0;80;0;0;172.307;172.307;0;172.307
15;0;81;0;0;172.317;158.983;13.334;172.317
15;0;82;135.124;0;304.34;265.107;39.233;169.216
15;0;83;126.325;0;271.263;266.828;4.436;144.938
15;0;84;126.593;0;265.709;117.643;148.067;139.116
15;0;85;123.664;0;261.048;233.573;27.475;137.385
15;0;86;121.995;0;270.406;270.406;0;148.411
15;0;87;122.336;0;250.367;250.367;0;128.03
15;0;88;350.692;0;497.125;497.125;0;146.433
15;0;89;351.259;0;504.38;478.637;25.743;153.121
15;0;90;0;0;195.402;195.402;0;195.402
15;0;91;0;0;219.121;219.121;0;219.121
15;0;92;364.981;0;572.245;572.245;0;207.264
15;0;93;369.452;0;576.033;576.033;0;206.581
15;0;94;370.347;0;557.618;557.618;0;187.271
15;0;95;370.347;0;541.92;541.92;0;171.573
15;0;96;373.031;0;511.221;511.221;0;138.189
15;0;97;376.613;0;519.185;519.185;0;142.572
15;0;98;378.404;0;517.27;517.27;0;138.866
15;0;99;381.092;0;519.671;519.671;0;138.579
15;0;100;381.092;0;522.53;522.53;0;141.438
15;0;101;381.092;0;521.155;521.155;0;140.063
15;0;102;379.3;0;520.812;520.812;0;141.513
15;0;103;380.195;0;806.956;806.956;0;426.76
15;0;104;377.508;0;807.329;807.329;0;429.82
15;0;105;373.927;0;713.533;681.426;32.107;339.606
15;0;106;365.789;0;716.476;716.476;0;350.687
15;0;107;341.757;0;696.092;696.092;0;354.335
15;0;108;319.333;0;666.63;666.63;0;347.297
15;0;109;290.708;0;650.33;650.33;0;359.621
15;0;110;352.476;0;702.458;511.537;190.921;349.982
15;0;111;348.907;0;679.115;657.074;22.041;330.207
15;0;112;349.799;0;766.554;766.554;0;416.754
15;0;113;360.512;0;797.48;797.48;0;436.967
15;0;114;364.087;0;777.072;777.072;0;412.985
15;0;115;161.57;0;576.917;576.917;0;415.348
15;0;116;0;0;325.59;325.59;0;325.59
15;0;117;335.937;0;538.055;538.055;0;202.117
15;0;118;335.147;0;523.798;523.798;0;188.651
15;0;119;338.314;0;527.805;527.805;0;189.491
15;0;120;350.37;0;488.042;488.042;0;137.672
15;0;121;348.209;0;489.016;489.016;0;140.807
15;0;122;348.719;0;487.872;487.872;0;139.154
15;0;123;355.968;0;496.286;496.286;0;140.318
15;0;124;356.466;0;497.242;497.242;0;140.776
15;0;125;357.209;0;494.697;494.697;0;137.488
15;0;126;365.398;0;508.616;508.616;0;143.218
15;0;127;323.002;0;753.848;753.848;0;430.847
15;0;128;296.869;0;741.739;729.285;12.454;444.87
15;0;129;295.751;0;613.536;515.301;98.235;317.785
15;0;130;268.008;0;614.072;578.861;35.211;346.064
15;0;131;258.543;0;596.149;596.149;0;337.606
15;0;132;258.469;0;625.333;625.333;0;366.864
15;0;133;232.076;0;553.865;553.865;0;321.788
15;0;134;218.644;0;566.142;566.142;0;347.499
15;0;135;357.833;0;683.724;595.645;88.079;325.891
15;0;136;359.619;0;670.342;617.99;52.352;310.723
15;0;137;361.406;0;670.242;622.57;47.673;308.836
15;0;138;369.452;0;765.161;765.161;0;395.709
15;0;139;373.927;0;791.399;791.399;0;417.473
15;0;140;378.404;0;708.398;708.398;0;329.994
15;0;141;104.78;0;310.517;310.517;0;205.737
15;0;142;0;0;204.737;204.737;0;204.737
15;0;143;0;0;182.726;182.726;0;182.726
15;0;144;391.853;0;531.436;531.436;0;139.583
15;0;145;292.986;0;432.011;432.011;0;139.025
15;0;146;398.139;0;537.35;537.35;0;139.211
15;0;147;405.331;0;545.928;545.928;0;140.597
15;0;148;408.03;0;549.761;549.761;0;141.731
15;0;149;410.73;0;556.889;556.889;0;146.159
15;0;150;322.658;0;467.509;467.509;0;144.852
15;0;151;385.912;0;815.261;815.261;0;429.35
15;0;152;366.618;0;730.756;730.756;0;364.138
15;0;153;343.859;0;668.85;455.518;213.332;324.991
15;0;154;301.029;0;645.866;413.414;232.452;344.837
15;0;155;281.144;0;612.079;573.301;38.778;330.935
15;0;156;264.33;0;586.752;438.554;148.198;322.421
15;0;157;375.717;0;696.988;659.626;37.362;321.271
15;0;158;381.092;0;742.504;742.504;0;361.412
15;0;159;380.195;0;709.412;709.412;0;329.216
15;0;160;390.956;0;706.802;668.127;38.675;315.846
15;0;161;393.649;0;707.094;707.094;0;313.445
15;0;162;393.649;0;796.06;796.06;0;402.411
15;0;163;402.633;0;832.77;832.77;0;430.137
15;0;164;407.13;0;733.952;733.952;0;326.822
15;0;165;346.234;0;550.437;550.437;0;204.203
15;0;166;0;0;192.504;192.504;0;192.504
15;0;167;410.73;0;580.186;580.186;0;169.456
15;1;0;0;0;138.851;138.851;0;138.851
15;1;1;0;0;142.253;142.253;0;142.253
15;1;2;0;0;141.421;141.421;0;141.421
15;1;3;0;0;140.014;140.014;0;140.014
15;1;4;0;0;141.186;141.186;0;141.186
15;1;5;0;0;143.169;143.169;0;143.169
15;1;6;0;0;146.213;146.213;0;146.213
15;1;7;0;0;283.492;255.672;27.821;283.492
15;1;8;0;0;312.173;124.738;187.435;312.173
15;1;9;0;0;335.542;0;335.542;335.542
15;1;10;0;0;350.707;0;350.707;350.707
15;1;11;0;0;332.356;0;332.356;332.356
15;1;12;0;0;318.428;0;318.428;318.428
15;1;13;0;0;328.607;0;328.607;328.607
15;1;14;0;0;341.387;0;341.387;341.387
15;1;15;0;0;320.73;0;320.73;320.73
15;1;16;0;0;304.174;54.47;249.704;304.174
15;1;17;0;0;284.452;173.351;111.101;284.452
15;1;18;0;0;298.226;298.226;0;298.226
15;1;19;0;0;418.085;418.085;0;418.085
15;1;20;0;0;329.895;329.895;0;329.895
15;1;21;0;0;199.016;199.016;0;199.016
15;1;22;0;0;191.234;191.234;0;191.234
15;1;23;0;0;173.048;173.048;0;173.048
15;1;24;0;0;137.731;137.731;0;137.731
15;1;25;0;0;139.712;139.712;0;139.712
15;1;26;0;0;141.565;141.565;0;141.565
15;1;27;0;0;140.195;140.195;0;140.195
15;1;28;0;0;141.526;141.526;0;141.526
15;1;29;0;0;142.101;142.101;0;142.101
15;1;30;0;0;145.344;145.344;0;145.344
15;1;31;0;0;281.681;274.306;7.375;281.681
15;1;32;0;0;321.822;140.395;181.426;321.822
15;1;33;9.056;0;333.264;0;333.264;324.208
15;1;34;10.877;0;354.181;0;354.181;343.305
15;1;35;9.608;0;353.018;0;353.018;343.41
15;1;36;9.311;0;324.681;0;324.681;315.37
15;1;37;7.355;0;327.878;0;327.878;320.523
15;1;38;8.253;0;361.525;0;361.525;353.271
15;1;39;127.966;0;448.395;0;448.395;320.429
15;1;40;0;0;311.971;0;311.971;311.971
15;1;41;0;0;290.135;72.377;217.758;290.135
15;1;42;0;0;279.245;237.441;41.804;279.245
15;1;43;0;0;417.79;417.79;0;417.79
15;1;44;0;0;320.656;320.656;0;320.656
15;1;45;0;0;206.804;206.804;0;206.804
15;1;46;0;0;192.975;192.975;0;192.975
15;1;47;0;0;178.724;178.724;0;178.724
15;1;48;0;0;139.863;139.863;0;139.863
15;1;49;0;0;142.22;142.22;0;142.22
15;1;50;0;0;141.446;141.446;0;141.446
15;1;51;0;0;140.181;140.181;0;140.181
15;1;52;0;0;141.122;141.122;0;141.122
15;1;53;0;0;141.979;141.979;0;141.979
15;1;54;0;0;145.838;145.838;0;145.838
15;1;55;0;0;324.955;324.955;0;324.955
15;1;56;0;0;285.62;146.509;139.11;285.62
15;1;57;0;0;277.081;0;277.081;277.081
15;1;58;7.286;0;303.823;0;303.823;296.537
15;1;59;7.577;0;288.007;0;288.007;280.43
15;1;60;6.907;0;293.78;0;293.78;286.874
15;1;61;85.421;0;379.594;0;379.594;294.173
15;1;62;50.832;0;342.425;0;342.425;291.593
15;1;63;0;0;276.461;152.576;123.885;276.461
15;1;64;0;0;275.8;28.883;246.917;275.8
15;1;65;0;0;275.363;105.354;170.009;275.363
15;1;66;0;0;276.931;276.931;0;276.931
15;1;67;0;0;417.182;417.182;0;417.182
15;1;68;0;0;320.126;320.126;0;320.126
15;1;69;0;0;201.058;201.058;0;201.058
15;1;70;0;0;199.677;199.677;0;199.677
15;1;71;0;0;176.136;176.136;0;176.136
15;1;72;0;0;141.081;141.081;0;141.081
15;1;73;0;0;139.87;139.87;0;139.87
15;1;74;0;0;141.628;141.628;0;141.628
15;1;75;0;0;140.025;140.025;0;140.025
15;1;76;0;0;140.688;140.688;0;140.688
15;1;77;0;0;142.174;142.174;0;142.174
15;1;78;0;0;142.286;142.286;0;142.286
15;1;79;0;0;129.28;100.584;28.696;129.28
15;1;80;0;0;131.81;0;131.81;131.81
15;1;81;8.216;0;144.845;0;144.845;136.629
15;1;82;6.54;0;154.297;0;154.297;147.757
15;1;83;8.272;0;151.047;0;151.047;142.775
15;1;84;7.801;0;147.963;0;147.963;140.161
15;1;85;6.776;0;153.854;0;153.854;147.078
15;1;86;6.63;0;150.081;0;150.081;143.451
15;1;87;132.601;0;270.78;0;270.78;138.179
15;1;88;0;0;138.332;0;138.332;138.332
15;1;89;0;0;143.027;18.038;124.988;143.027
15;1;90;0;0;136.259;93.4;42.859;136.259
15;1;91;0;0;216.486;216.486;0;216.486
15;1;92;0;0;217.115;217.115;0;217.115
15;1;93;0;0;203.757;203.757;0;203.757
15;1;94;0;0;197.32;197.32;0;197.32
15;1;95;0;0;170.575;170.575;0;170.575
15;1;96;0;0;139.207;139.207;0;139.207
15;1;97;0;0;143.966;143.966;0;143.966
15;1;98;0;0;141.496;141.496;0;141.496
15;1;99;0;0;140.971;140.971;0;140.971
15;1;100;0;0;140.98;140.98;0;140.98
15;1;101;0;0;145.436;145.436;0;145.436
15;1;102;0;0;144.895;144.895;0;144.895
15;1;103;0;0;307.568;286.842;20.726;307.568
15;1;104;0;0;290.08;167.937;122.143;290.08
15;1;105;0;0;339.127;204.584;134.543;339.127
15;1;106;13.225;0;366.947;0;366.947;353.722
15;1;107;10.251;0;364.845;0;364.845;354.594
15;1;108;10.162;0;347.75;0;347.75;337.587
15;1;109;145.909;0;478.065;0;478.065;332.156
15;1;110;0;0;356.846;67.833;289.013;356.846
15;1;111;0;0;323.521;99.935;223.586;323.521
15;1;112;0;0;316.553;130.108;186.445;316.553
15;1;113;0;0;288.506;168.855;119.651;288.506
15;1;114;0;0;285.572;262.07;23.502;285.572
15;1;115;0;0;435.165;435.165;0;435.165
15;1;116;0;0;315.783;315.783;0;315.783
15;1;117;0;0;215.286;215.286;0;215.286
15;1;118;0;0;196.009;196.009;0;196.009
15;1;119;0;0;170.037;170.037;0;170.037
15;1;120;0;0;138.708;138.708;0;138.708
15;1;121;0;0;143.878;143.878;0;143.878
15;1;122;0;0;142.194;142.194;0;142.194
15;1;123;0;0;141.333;141.333;0;141.333
15;1;124;0;0;140.624;140.624;0;140.624
15;1;125;0;0;138.629;138.629;0;138.629
15;1;126;0;0;146.199;146.199;0;146.199
15;1;127;0;0;361.921;361.921;0;361.921
15;1;128;0;0;319.205;152.304;166.901;319.205
15;1;129;11.262;0;351.944;0;351.944;340.682
15;1;130;11.396;0;357.745;0;357.745;346.349
15;1;131;9.324;0;354.456;0;354.456;345.132
15;1;132;10.068;0;336.246;0;336.246;326.178
15;1;133;8.51;0;347.599;0;347.599;339.088
15;1;134;109.008;0;462.034;0;462.034;353.026
15;1;135;24.449;0;350.059;0;350.059;325.611
15;1;136;0;0;310.203;24.88;285.323;310.203
15;1;137;0;0;295.699;105.542;190.157;295.699
15;1;138;0;0;279.307;259.936;19.371;279.307
15;1;139;0;0;412.788;412.788;0;412.788
15;1;140;0;0;331.097;331.097;0;331.097
15;1;141;0;0;205.919;205.919;0;205.919
15;1;142;0;0;196.643;196.643;0;196.643
15;1;143;0;0;190.07;190.07;0;190.07
15;1;144;0;0;137.15;137.15;0;137.15
15;1;145;0;0;139.893;139.893;0;139.893
15;1;146;0;0;141.133;141.133;0;141.133
15;1;147;0;0;143.96;143.96;0;143.96
15;1;148;0;0;139.296;139.296;0;139.296
15;1;149;0;0;140.859;140.859;0;140.859
15;1;150;0;0;147.599;147.599;0;147.599
15;1;151;0;0;322.433;322.433;0;322.433
15;1;152;0;0;319.858;148.591;171.267;319.858
15;1;153;10.941;0;340.019;0;340.019;329.077
15;1;154;11.144;0;362.78;0;362.78;351.635
15;1;155;9.955;0;355.271;0;355.271;345.316
15;1;156;10.932;0;337.484;0;337.484;326.552
15;1;157;8.528;0;337.508;0;337.508;328.98
15;1;158;197.202;0;528.222;0;528.222;331.02
15;1;159;107.262;0;426.917;0;426.917;319.655
15;1;160;41.914;0;352.609;0;352.609;310.695
15;1;161;0;0;296.639;85.777;210.862;296.639
15;1;162;0;0;284.153;248.334;35.819;284.153
15;1;163;0;0;424.05;424.05;0;424.05
15;1;164;0;0;326.323;326.323;0;326.323
15;1;165;0;0;195.09;195.09;0;195.09
15;1;166;0;0;183.67;183.67;0;183.67
15;1;167;0;0;168.527;168.527;0;168.527
15;2;0;328.42;0;467.561;467.561;0;139.141
15;2;1;335.54;0;476.415;476.415;0;140.875
15;2;2;0;0;140.493;140.493;0;140.493
15;2;3;0;0;141.614;141.614;0;141.614
15;2;4;0;0;141.023;141.023;0;141.023
15;2;5;0;0;140.519;140.519;0;140.519
15;2;6;0;0;147.377;147.377;0;147.377
15;2;7;153.621;0;554.849;550.987;3.862;401.228
15;2;8;133.66;0;445.093;194.036;251.057;311.433
15;2;9;104.212;0;431.611;0;431.611;327.399
15;2;10;236.667;0;583.402;0;583.402;346.735
15;2;11;294.687;0;628.06;0;628.06;333.374
15;2;12;284.062;0;609.453;0;609.453;325.391
15;2;13;276.985;0;607.183;0;607.183;330.197
15;2;14;117.229;0;466.052;0;466.052;348.824
15;2;15;128.507;0;452.83;99.149;353.681;324.323
15;2;16;273.449;0;583.913;239.402;344.511;310.464
15;2;17;276.101;0;576.937;388.58;188.356;300.836
15;2;18;0;0;373.542;373.542;0;373.542
15;2;19;0;0;424.906;424.906;0;424.906
15;2;20;0;0;326.406;326.406;0;326.406
15;2;21;0;0;205.027;205.027;0;205.027
15;2;22;0;0;199.037;199.037;0;199.037
15;2;23;0;0;179.573;179.573;0;179.573
15;2;24;0;0;135.629;135.629;0;135.629
15;2;25;0;0;143.648;143.648;0;143.648
15;2;26;0;0;141.031;141.031;0;141.031
15;2;27;0;0;146.909;146.909;0;146.909
15;2;28;0;0;139.867;139.867;0;139.867
15;2;29;0;0;141.401;141.401;0;141.401
15;2;30;0;0;148.999;148.999;0;148.999
15;2;31;0;0;387.572;378.926;8.646;387.572
15;2;32;0;0;323.647;82.294;241.353;323.647
15;2;33;91.557;0;414.541;0;414.541;322.984
15;2;34;61.437;0;414.058;0;414.058;352.62
15;2;35;42.836;0;384.801;0;384.801;341.965
15;2;36;267.264;0;594.062;0;594.062;326.798
15;2;37;265.497;0;595.959;0;595.959;330.462
15;2;38;260.069;0;610.738;0;610.738;350.669
15;2;39;133.411;0;458.835;0;458.835;325.423
15;2;40;0;0;310.996;0;310.996;310.996
15;2;41;0;0;301.715;202.008;99.708;301.715
15;2;42;0;0;385.606;385.606;0;385.606
15;2;43;0;0;422.38;422.38;0;422.38
15;2;44;0;0;339.174;339.174;0;339.174
15;2;45;0;0;202.295;202.295;0;202.295
15;2;46;0;0;199.889;199.889;0;199.889
15;2;47;0;0;177.279;177.279;0;177.279
15;2;48;0;0;140.082;140.082;0;140.082
15;2;49;0;0;144.86;144.86;0;144.86
15;2;50;0;0;141.805;141.805;0;141.805
15;2;51;0;0;141.228;141.228;0;141.228
15;2;52;0;0;138.644;138.644;0;138.644
15;2;53;0;0;139.493;139.493;0;139.493
15;2;54;0;0;142.73;142.73;0;142.73
15;2;55;0;0;375.908;375.908;0;375.908
15;2;56;0;0;354.634;354.634;0;354.634
15;2;57;0;0;300.077;245.732;54.344;300.077
15;2;58;0;0;323.467;288.47;34.997;323.467
15;2;59;0;0;296.557;230.497;66.06;296.557
15;2;60;0;0;288.69;182.885;105.804;288.69
15;2;61;0;0;286.372;169.422;116.95;286.372
15;2;62;0;0;296.592;145.436;151.156;296.592
15;2;63;0;0;283.913;127.601;156.312;283.913
15;2;64;0;0;293.481;239.033;54.448;293.481
15;2;65;0;0;339.236;329.933;9.304;339.236
15;2;66;0;0;407.754;407.754;0;407.754
15;2;67;0;0;426.945;426.945;0;426.945
15;2;68;0;0;322.845;322.845;0;322.845
15;2;69;0;0;202.863;202.863;0;202.863
15;2;70;0;0;199.447;199.447;0;199.447
15;2;71;0;0;167.515;167.515;0;167.515
15;2;72;247.035;0;386.71;386.71;0;139.675
15;2;73;0;0;144.03;144.03;0;144.03
15;2;74;0;0;140.546;140.546;0;140.546
15;2;75;0;0;142.106;142.106;0;142.106
15;2;76;0;0;139.135;139.135;0;139.135
15;2;77;0;0;139.833;139.833;0;139.833
15;2;78;0;0;145.338;145.338;0;145.338
15;2;79;0;0;154.103;135.597;18.506;154.103
15;2;80;29.585;0;159.218;0;159.218;129.633
15;2;81;0;0;135.919;12.697;123.221;135.919
15;2;82;42.156;0;196.256;82.783;113.473;154.1
15;2;83;145.546;0;288.179;0;288.179;142.633
15;2;84;291.144;0;429.13;0;429.13;137.987
15;2;85;284.947;0;427.528;0;427.528;142.581
15;2;86;280.523;0;428.809;180.676;248.133;148.287
15;2;87;280.523;0;419.314;213.118;206.196;138.791
15;2;88;291.144;0;430.317;296.094;134.223;139.174
15;2;89;283.177;0;427.996;332.144;95.852;144.819
15;2;90;0;0;195.654;195.654;0;195.654
15;2;91;0;0;215.345;215.345;0;215.345
15;2;92;124.001;0;335.214;335.214;0;211.213
15;2;93;0;0;208.921;208.921;0;208.921
15;2;94;308.873;0;495.563;495.563;0;186.689
15;2;95;0;0;178.825;178.825;0;178.825
15;2;96;0;0;137.013;137.013;0;137.013
15;2;97;0;0;139.487;139.487;0;139.487
15;2;98;0;0;138.846;138.846;0;138.846
15;2;99;0;0;142.762;142.762;0;142.762
15;2;100;0;0;136.677;136.677;0;136.677
15;2;101;0;0;140.519;140.519;0;140.519
15;2;102;0;0;143.483;143.483;0;143.483
15;2;103;0;0;406.911;406.911;0;406.911
15;2;104;191.581;0;497.808;269.751;228.058;306.227
15;2;105;158.602;0;496.007;49.119;446.888;337.405
15;2;106;111.448;0;451.569;0;451.569;340.121
15;2;107;94.523;0;447.523;77.761;369.762;353.001
15;2;108;76.397;0;410.757;0;410.757;334.36
15;2;109;79.285;0;412.886;0;412.886;333.602
15;2;110;64.098;0;415.548;0;415.548;351.45
15;2;111;37.337;0;360.296;164.91;195.386;322.959
15;2;112;55.625;0;368.862;279.833;89.029;313.237
15;2;113;179.855;0;500.079;447.148;52.931;320.224
15;2;114;0;0;399.84;399.84;0;399.84
15;2;115;0;0;420.295;420.295;0;420.295
15;2;116;140.808;0;479.226;479.226;0;338.419
15;2;117;0;0;197.599;197.599;0;197.599
15;2;118;158.212;0;348.394;348.394;0;190.182
15;2;119;0;0;172.154;172.154;0;172.154
15;2;120;86.37;0;224.446;224.446;0;138.075
15;2;121;87.038;0;231.147;231.147;0;144.109
15;2;122;90.265;0;230.376;230.376;0;140.111
15;2;123;93.067;0;237.734;237.734;0;144.668
15;2;124;96.558;0;239.476;239.476;0;142.918
15;2;125;99.016;0;241.388;241.388;0;142.372
15;2;126;105.971;0;252.603;252.603;0;146.632
15;2;127;80.854;0;503.561;503.561;0;422.707
15;2;128;69.012;0;440.535;417.904;22.63;371.522
15;2;129;65.08;0;390.53;310.207;80.324;325.45
15;2;130;59.352;0;407.972;277.365;130.607;348.62
15;2;131;46.804;0;385.232;229.414;155.818;338.428
15;2;132;35.592;0;359.147;8.268;350.878;323.555
15;2;133;123.229;0;448.028;0;448.028;324.799
15;2;134;0;0;338.746;147.33;191.416;338.746
15;2;135;0;0;339.902;262.059;77.844;339.902
15;2;136;0;0;312.499;244.726;67.774;312.499
15;2;137;257.661;0;619.973;618.033;1.939;362.312
15;2;138;261.274;0;662.367;662.367;0;401.093
15;2;139;264.29;0;693.093;693.093;0;428.804
15;2;140;0;0;334.788;334.788;0;334.788
15;2;141;0;0;201.992;201.992;0;201.992
15;2;142;9.925;0;204.947;204.947;0;195.022
15;2;143;0;0;179.493;179.493;0;179.493
15;2;144;0;0;141.131;141.131;0;141.131
15;2;145;0;0;145.18;145.18;0;145.18
15;2;146;0;0;140.491;140.491;0;140.491
15;2;147;0;0;140.811;140.811;0;140.811
15;2;148;0;0;140.741;140.741;0;140.741
15;2;149;0;0;141.888;141.888;0;141.888
15;2;150;0;0;153.283;153.283;0;153.283
15;2;151;0;0;433.604;433.604;0;433.604
15;2;152;0;0;457.463;457.463;0;457.463
15;2;153;66.98;0;467.482;464.433;3.048;400.501
15;2;154;63.055;0;474.421;474.421;0;411.366
15;2;155;55.443;0;412.096;372.019;40.077;356.653
15;2;156;43.051;0;363.196;284.891;78.305;320.146
15;2;157;34.336;0;378.956;334.892;44.064;344.62
15;2;158;29.147;0;383.978;339.693;44.284;354.831
15;2;159;29.106;0;386.348;350.245;36.103;357.242
15;2;160;248.074;0;680.544;680.544;0;432.47
15;2;161;0;0;452.306;452.306;0;452.306
15;2;162;0;0;412.698;412.698;0;412.698
15;2;163;0;0;435.919;435.919;0;435.919
15;2;164;0;0;327.206;327.206;0;327.206
15;2;165;0;0;207.674;207.674;0;207.674
15;2;166;182.279;0;370.074;370.074;0;187.796
15;2;167;286.717;0;453.082;453.082;0;166.365
15;3;0;0;0;139.565;139.565;0;139.565
15;3;1;162.535;0;305.67;305.67;0;143.135
15;3;2;324.054;0;464.209;464.209;0;140.155
15;3;3;329.615;0;471.942;471.942;0;142.327
15;3;4;387.367;0;529.813;529.813;0;142.446
15;3;5;297.279;0;439.032;439.032;0;141.753
15;3;6;363.185;0;512.584;512.584;0;149.398
15;3;7;316.482;0;762.09;762.09;0;445.608
15;3;8;294.883;0;778.7;778.7;0;483.816
15;3;9;278.637;0;757.82;741.611;16.209;479.184
15;3;10;271;0;669.777;567.506;102.272;398.777
15;3;11;252.749;0;630.006;544.007;85.999;377.257
15;3;12;235.626;0;560.68;498.364;62.316;325.054
15;3;13;214.027;0;539.154;200.003;339.151;325.126
15;3;14;349.799;0;698.145;430.623;267.522;348.346
15;3;15;348.015;0;680.644;606.101;74.543;332.628
15;3;16;352.476;0;836.943;825.907;11.036;484.467
15;3;17;360.512;0;827.651;827.651;0;467.139
15;3;18;363.193;0;792.871;792.871;0;429.678
15;3;19;0;0;445.809;445.809;0;445.809
15;3;20;0;0;335.649;335.649;0;335.649
15;3;21;0;0;219.598;219.598;0;219.598
15;3;22;375.728;0;562.07;562.07;0;186.343
15;3;23;384.677;0;559.679;559.679;0;175.002
15;3;24;388.264;0;530.187;530.187;0;141.923
15;3;25;0;0;144.777;144.777;0;144.777
15;3;26;335.448;0;478.885;478.885;0;143.437
15;3;27;342.589;0;483.713;483.713;0;141.124
15;3;28;348.652;0;490.697;490.697;0;142.045
15;3;29;355.407;0;496.969;496.969;0;141.562
15;3;30;367.221;0;517.299;517.299;0;150.077
15;3;31;329.012;0;782.111;782.111;0;453.099
15;3;32;304.231;0;794.788;794.788;0;490.557
15;3;33;280.527;0;765.852;765.852;0;485.325
15;3;34;268.665;0;638.543;426.211;212.332;369.878
15;3;35;256.949;0;602.945;355.693;247.252;345.997
15;3;36;249.808;0;570.786;275.863;294.923;320.979
15;3;37;239.442;0;572.567;541.859;30.708;333.125
15;3;38;231.365;0;666.614;666.614;0;435.249
15;3;39;250.096;0;726.766;726.766;0;476.671
15;3;40;246.399;0;739.242;739.242;0;492.844
15;3;41;253.892;0;733.13;733.13;0;479.238
15;3;42;275.469;0;705.32;705.32;0;429.851
15;3;43;273.597;0;707.261;707.261;0;433.664
15;3;44;281.233;0;613.918;613.918;0;332.684
15;3;45;294.001;0;508.586;508.586;0;214.585
15;3;46;287.302;0;486.682;486.682;0;199.379
15;3;47;279.523;0;465.854;465.854;0;186.33
15;3;48;74.227;0;214.948;214.948;0;140.721
15;3;49;73.373;0;213.003;213.003;0;139.63
15;3;50;71.101;0;212.079;212.079;0;140.978
15;3;51;70.195;0;214.137;214.137;0;143.942
15;3;52;74.324;0;216.755;216.755;0;142.43
15;3;53;74.137;0;217.518;217.518;0;143.381
15;3;54;77.962;0;223.543;223.543;0;145.581
15;3;55;93.924;0;483.454;483.454;0;389.53
15;3;56;98.514;0;519.88;519.88;0;421.366
15;3;57;89.657;0;501.425;501.425;0;411.767
15;3;58;89.433;0;481.454;481.454;0;392.021
15;3;59;90.931;0;477.127;477.127;0;386.196
15;3;60;89.493;0;385.601;286.331;99.271;296.109
15;3;61;82.299;0;380.494;231.568;148.926;298.195
15;3;62;75.92;0;374.72;353.372;21.348;298.801
15;3;63;83.178;0;418.114;335.245;82.869;334.936
15;3;64;83.751;0;504.483;504.483;0;420.732
15;3;65;261.224;0;691.236;691.236;0;430.012
15;3;66;340.884;0;769.106;769.106;0;428.222
15;3;67;0;0;436.394;436.394;0;436.394
15;3;68;0;0;343.946;343.946;0;343.946
15;3;69;0;0;208.356;208.356;0;208.356
15;3;70;0;0;208.378;208.378;0;208.378
15;3;71;117.372;0;300.773;300.773;0;183.401
15;3;72;123.794;0;263.05;263.05;0;139.256
15;3;73;125.057;0;268.247;268.247;0;143.19
15;3;74;130.593;0;272.707;272.707;0;142.114
15;3;75;137.273;0;282.513;282.513;0;145.24
15;3;76;138.186;0;280.56;280.56;0;142.374
15;3;77;140.406;0;286.45;286.45;0;146.044
15;3;78;303.067;0;447.196;447.196;0;144.129
15;3;79;0;0;159.384;159.384;0;159.384
15;3;80;164.755;0;338.834;338.834;0;174.079
15;3;81;154.067;0;341.582;341.582;0;187.515
15;3;82;153.797;0;354.273;354.273;0;200.476
15;3;83;155.707;0;344.819;344.819;0;189.112
15;3;84;145.81;0;319.008;319.008;0;173.198
15;3;85;352.476;0;502.515;178.841;323.674;150.039
15;3;86;163.48;0;311.904;4.625;307.279;148.424
15;3;87;358.726;0;512.82;512.82;0;154.094
15;3;88;363.193;0;546.94;546.94;0;183.747
15;3;89;364.087;0;565.351;565.351;0;201.264
15;3;90;368.558;0;576.455;576.455;0;207.898
15;3;91;375.717;0;591.856;591.856;0;216.139
15;3;92;0;0;214.291;214.291;0;214.291
15;3;93;381.988;0;593.013;593.013;0;211.025
15;3;94;385.574;0;583.14;583.14;0;197.566
15;3;95;386.47;0;562.09;562.09;0;175.619
15;3;96;388.264;0;530.803;530.803;0;142.539
15;3;97;391.853;0;539.249;539.249;0;147.396
15;3;98;392.751;0;535.513;535.513;0;142.762
15;3;99;395.445;0;534.969;534.969;0;139.524
15;3;100;391.853;0;535.869;535.869;0;144.016
15;3;101;386.47;0;530.934;530.934;0;144.463
15;3;102;382.884;0;532.993;532.993;0;150.109
15;3;103;381.092;0;832.848;832.848;0;451.757
15;3;104;374.822;0;858.408;858.408;0;483.586
15;3;105;372.137;0;882.343;882.343;0;510.206
15;3;106;381.092;0;912.071;912.071;0;530.98
15;3;107;382.884;0;888.708;888.708;0;505.824
15;3;108;386.47;0;834.271;834.271;0;447.801
15;3;109;382.884;0;820.788;820.788;0;437.904
15;3;110;367.429;0;844.395;844.395;0;476.966
15;3;111;360.975;0;858.883;858.883;0;497.908
15;3;112;346.77;0;832.148;832.148;0;485.378
15;3;113;342.106;0;815.339;815.339;0;473.234
15;3;114;354.038;0;776.66;776.66;0;422.622
15;3;115;345.712;0;779.119;779.119;0;433.407
15;3;116;347.679;0;687.869;687.869;0;340.189
15;3;117;363.325;0;563.581;563.581;0;200.256
15;3;118;371.242;0;564.722;564.722;0;193.48
15;3;119;373.031;0;546.314;546.314;0;173.283
15;3;120;373.031;0;509.692;509.692;0;136.661
15;3;121;374.822;0;514.562;514.562;0;139.741
15;3;122;380.195;0;520.079;520.079;0;139.883
15;3;123;386.47;0;527.219;527.219;0;140.749
15;3;124;393.649;0;533.774;533.774;0;140.126
15;3;125;306.667;0;449.242;449.242;0;142.575
15;3;126;398.139;0;542.768;542.768;0;144.629
15;3;127;369.877;0;805.361;805.361;0;435.484
15;3;128;344.612;0;813.36;813.36;0;468.748
15;3;129;332.563;0;822.756;822.756;0;490.193
15;3;130;302.076;0;755.485;755.485;0;453.408
15;3;131;290.984;0;736.205;736.205;0;445.221
15;3;132;277.889;0;607.969;541.527;66.442;330.08
15;3;133;263.304;0;604.974;520.921;84.053;341.67
15;3;134;249.555;0;730.281;730.281;0;480.726
15;3;135;264.226;0;750.693;750.693;0;486.467
15;3;136;375.717;0;865.723;865.723;0;490.006
15;3;137;148.813;0;606.567;606.567;0;457.755
15;3;138;292.812;0;699.509;699.509;0;406.697
15;3;139;385.574;0;814.511;814.511;0;428.937
15;3;140;233.914;0;552.927;552.927;0;319.013
15;3;141;344.894;0;551.818;551.818;0;206.924
15;3;142;350.171;0;548.253;548.253;0;198.082
15;3;143;358.331;0;533.068;533.068;0;174.738
15;3;144;391.853;0;528.696;528.696;0;136.842
15;3;145;330.213;0;470.951;470.951;0;140.738
15;3;146;394.547;0;532.412;532.412;0;137.865
15;3;147;350.99;0;489.424;489.424;0;138.433
15;3;148;376.838;0;513.319;513.319;0;136.481
15;3;149;380.609;0;518.931;518.931;0;138.322
15;3;150;382.342;0;527.88;527.88;0;145.538
15;3;151;333.307;0;768.161;768.161;0;434.854
15;3;152;308.876;0;776.507;776.507;0;467.631
15;3;153;267.645;0;730.693;730.693;0;463.048
15;3;154;254.203;0;635.443;510.882;124.561;381.24
15;3;155;224.63;0;604.178;604.178;0;379.548
15;3;156;210.602;0;635.214;635.214;0;424.612
15;3;157;352.476;0;761.748;761.748;0;409.272
15;3;158;43.4;0;503.97;503.97;0;460.57
15;3;159;203.203;0;685.187;685.187;0;481.983
15;3;160;199.836;0;670.154;670.154;0;470.318
15;3;161;195.628;0;660.089;660.089;0;464.461
15;3;162;214.52;0;632.991;632.991;0;418.471
15;3;163;212.952;0;634.536;634.536;0;421.584
15;3;164;319.165;0;668.159;668.159;0;348.994
15;3;165;349.799;0;551.378;551.378;0;201.578
15;3;166;350.692;0;541.742;541.742;0;191.05
15;3;167;354.261;0;529.836;529.836;0;175.575
20;0;0;0;0;147.77;147.77;0;147.77
20;0;1;129.808;0;281.909;281.909;0;152.101
20;0;2;0;0;147.638;147.638;0;147.638
20;0;3;184.181;0;332.716;332.716;0;148.535
20;0;4;189.651;0;338.62;338.62;0;148.969
20;0;5;194.335;0;341.601;341.601;0;147.265
20;0;6;207.456;0;360.643;360.643;0;153.187
20;0;7;174.592;0;630.203;630.203;0;455.611
20;0;8;158.401;0;627.577;596.764;30.813;469.176
20;0;9;159.604;0;510.167;411.495;98.672;350.563
20;0;10;137.255;0;511.023;337.564;173.459;373.768
20;0;11;126.764;0;492.054;336.24;155.814;365.291
20;0;12;109.408;0;452.298;409.629;42.669;342.889
20;0;13;195.528;0;558.719;558.719;0;363.191
20;0;14;0;0;392.271;392.271;0;392.271
20;0;15;101.773;0;442.169;370.492;71.677;340.397
20;0;16;95.365;0;427.273;373.342;53.931;331.908
20;0;17;90.002;0;525.169;525.169;0;435.166
20;0;18;321.307;0;757.134;757.134;0;435.828
20;0;19;0;0;444.103;444.103;0;444.103
20;0;20;21.531;0;372.019;372.019;0;350.488
20;0;21;326.641;0;536.885;536.885;0;210.244
20;0;22;331.979;0;526.722;526.722;0;194.743
20;0;23;336.43;0;519.712;519.712;0;183.282
20;0;24;0;0;148.336;148.336;0;148.336
20;0;25;0;0;147.39;147.39;0;147.39
20;0;26;0;0;143.924;143.924;0;143.924
20;0;27;350.692;0;499.076;499.076;0;148.385
20;0;28;351.584;0;501.14;501.14;0;149.557
20;0;29;281.441;0;430.059;430.059;0;148.619
20;0;30;0;0;161.16;161.16;0;161.16
20;0;31;0;0;456.603;456.603;0;456.603
20;0;32;182.327;0;655.617;638.406;17.211;473.29
20;0;33;180.141;0;535.579;492.837;42.742;355.438
20;0;34;156.608;0;527.21;352.117;175.094;370.603
20;0;35;135.837;0;498.591;316.612;181.98;362.755
20;0;36;135.026;0;491.855;491.855;0;356.828
20;0;37;111.33;0;462.962;87.91;375.052;351.631
20;0;38;101.283;0;475.322;90.443;384.879;374.039
20;0;39;100.603;0;440.329;176.42;263.909;339.726
20;0;40;90.791;0;431.139;431.139;0;340.349
20;0;41;261.482;0;643.994;643.994;0;382.512
20;0;42;320.418;0;752.193;752.193;0;431.775
20;0;43;325.752;0;784.711;784.711;0;458.96
20;0;44;330.199;0;669.451;669.451;0;339.252
20;0;45;0;0;217.236;217.236;0;217.236
20;0;46;0;0;199.022;199.022;0;199.022
20;0;47;0;0;180.544;180.544;0;180.544
20;0;48;0;0;146.92;146.92;0;146.92
20;0;49;0;0;149.82;149.82;0;149.82
20;0;50;0;0;150.462;150.462;0;150.462
20;0;51;0;0;144.922;144.922;0;144.922
20;0;52;0;0;147.904;147.904;0;147.904
20;0;53;0;0;148.174;148.174;0;148.174
20;0;54;71.067;0;229.487;229.487;0;158.42
20;0;55;89.161;0;498.238;498.238;0;409.076
20;0;56;87.004;0;497.108;497.108;0;410.104
20;0;57;79.948;0;401.362;301.604;99.758;321.414
20;0;58;73.132;0;380.262;279.698;100.564;307.13
20;0;59;66.536;0;378.88;165.479;213.401;312.344
20;0;60;183.625;0;499.775;386.359;113.416;316.15
20;0;61;0;0;345.73;312.054;33.675;345.73
20;0;62;0;0;367.695;351.845;15.85;367.695
20;0;63;64.234;0;369.129;190.888;178.241;304.895
20;0;64;49.881;0;362.27;168.644;193.627;312.389
20;0;65;42.056;0;414.405;414.405;0;372.348
20;0;66;48.934;0;492.858;492.858;0;443.924
20;0;67;45.435;0;498.567;498.567;0;453.132
20;0;68;294.687;0;649.358;649.358;0;354.672
20;0;69;294.687;0;515.486;515.486;0;220.8
20;0;70;299.117;0;499.346;499.346;0;200.229
20;0;71;314.2;0;503.351;503.351;0;189.152
20;0;72;0;0;140.001;140.001;0;140.001
20;0;73;0;0;139.906;139.906;0;139.906
20;0;74;0;0;138.774;138.774;0;138.774
20;0;75;0;0;139.524;139.524;0;139.524
20;0;76;0;0;143.338;143.338;0;143.338
20;0;77;0;0;143.901;143.901;0;143.901
20;0;78;0;0;143.165;143.165;0;143.165
20;0;79;0;0;153.595;153.595;0;153.595
20;0;80;0;0;172.307;172.307;0;172.307
20;0;81;0;0;172.317;158.983;13.334;172.317
20;0;82;21.837;0;191.053;151.82;39.233;169.216
20;0;83;115.088;0;260.027;165.29;94.737;144.938
20;0;84;115.333;0;254.449;194.458;59.991;139.116
20;0;85;112.664;0;250.048;250.048;0;137.385
20;0;86;111.144;0;259.555;259.555;0;148.411
20;0;87;111.454;0;239.485;239.485;0;128.03
20;0;88;350.692;0;497.125;497.125;0;146.433
20;0;89;109.758;0;262.879;262.879;0;153.121
20;0;90;0;0;195.402;195.402;0;195.402
20;0;91;0;0;219.121;219.121;0;219.121
20;0;92;364.981;0;572.245;572.245;0;207.264
20;0;93;63.176;0;269.757;269.757;0;206.581
20;0;94;370.347;0;557.618;557.618;0;187.271
20;0;95;370.347;0;541.92;541.92;0;171.573
20;0;96;373.031;0;511.221;511.221;0;138.189
20;0;97;376.613;0;519.185;519.185;0;142.572
20;0;98;378.404;0;517.27;517.27;0;138.866
20;0;99;381.092;0;519.671;519.671;0;138.579
20;0;100;381.092;0;522.53;522.53;0;141.438
20;0;101;381.092;0;521.155;521.155;0;140.063
20;0;102;379.3;0;520.812;520.812;0;141.513
20;0;103;380.195;0;806.956;806.956;0;426.76
20;0;104;377.508;0;807.329;807.329;0;429.82
20;0;105;372.575;0;712.182;618.955;93.226;339.606
20;0;106;333.251;0;683.938;683.938;0;350.687
20;0;107;311.357;0;665.692;665.692;0;354.335
20;0;108;290.928;0;638.225;638.225;0;347.297
20;0;109;264.849;0;624.471;624.471;0;359.621
20;0;110;352.476;0;702.458;647.779;54.679;349.982
20;0;111;348.907;0;679.115;638.286;40.829;330.207
20;0;112;349.799;0;766.554;766.554;0;416.754
20;0;113;360.512;0;797.48;797.48;0;436.967
20;0;114;364.087;0;777.072;777.072;0;412.985
20;0;115;0;0;415.348;415.348;0;415.348
20;0;116;0;0;325.59;325.59;0;325.59
20;0;117;292.336;0;494.454;494.454;0;202.117
20;0;118;305.335;0;493.986;493.986;0;188.651
20;0;119;308.22;0;497.711;497.711;0;189.491
20;0;120;319.204;0;456.876;456.876;0;137.672
20;0;121;317.236;0;458.042;458.042;0;140.807
20;0;122;317.7;0;456.853;456.853;0;139.154
20;0;123;324.304;0;464.623;464.623;0;140.318
20;0;124;324.758;0;465.534;465.534;0;140.776
20;0;125;325.435;0;462.923;462.923;0;137.488
20;0;126;332.896;0;476.113;476.113;0;143.218
20;0;127;294.27;0;725.117;725.117;0;430.847
20;0;128;270.462;0;715.332;702.878;12.454;444.87
20;0;129;269.444;0;587.229;574.523;12.706;317.785
20;0;130;244.168;0;590.232;555.021;35.211;346.064
20;0;131;235.545;0;573.151;573.151;0;337.606
20;0;132;235.478;0;602.342;602.342;0;366.864
20;0;133;211.433;0;533.221;533.221;0;321.788
20;0;134;199.195;0;546.694;546.694;0;347.499
20;0;135;357.833;0;683.724;683.724;0;325.891
20;0;136;359.619;0;670.342;608.929;61.413;310.723
20;0;137;361.406;0;670.242;613.604;56.638;308.836
20;0;138;369.452;0;765.161;765.161;0;395.709
20;0;139;373.927;0;791.399;791.399;0;417.473
20;0;140;378.404;0;708.398;708.398;0;329.994
20;0;141;0;0;205.737;205.737;0;205.737
20;0;142;0;0;204.737;204.737;0;204.737
20;0;143;0;0;182.726;182.726;0;182.726
20;0;144;391.853;0;531.436;531.436;0;139.583
20;0;145;129.593;0;268.619;268.619;0;139.025
20;0;146;398.139;0;537.35;537.35;0;139.211
20;0;147;405.331;0;545.928;545.928;0;140.597
20;0;148;408.03;0;549.761;549.761;0;141.731
20;0;149;410.73;0;556.889;556.889;0;146.159
20;0;150;148.934;0;293.785;293.785;0;144.852
20;0;151;351.584;0;780.934;780.934;0;429.35
20;0;152;334.007;0;698.145;576.582;121.563;364.138
20;0;153;313.272;0;638.263;411.384;226.879;324.991
20;0;154;274.252;0;619.089;330.587;288.502;344.837
20;0;155;256.136;0;587.071;357.513;229.558;330.935
20;0;156;240.818;0;563.239;370.236;193.003;322.421
20;0;157;375.717;0;696.988;696.988;0;321.271
20;0;158;381.092;0;742.504;742.504;0;361.412
20;0;159;380.195;0;709.412;709.412;0;329.216
20;0;160;390.956;0;706.802;706.802;0;315.846
20;0;161;393.649;0;707.094;707.094;0;313.445
20;0;162;393.649;0;796.06;796.06;0;402.411
20;0;163;402.633;0;832.77;832.77;0;430.137
20;0;164;404.48;0;731.302;731.302;0;326.822
20;0;165;0;0;204.203;204.203;0;204.203
20;0;166;0;0;192.504;192.504;0;192.504
20;0;167;410.73;0;580.186;580.186;0;169.456
20;1;0;0;0;138.851;138.851;0;138.851
20;1;1;0;0;142.253;142.253;0;142.253
20;1;2;0;0;141.421;141.421;0;141.421
20;1;3;0;0;140.014;140.014;0;140.014
20;1;4;0;0;141.186;141.186;0;141.186
20;1;5;0;0;143.169;143.169;0;143.169
20;1;6;0;0;146.213;146.213;0;146.213
20;1;7;0;0;283.492;255.672;27.821;283.492
20;1;8;0;0;312.173;124.738;187.435;312.173
20;1;9;0;0;335.542;0;335.542;335.542
20;1;10;0;0;350.707;0;350.707;350.707
20;1;11;0;0;332.356;0;332.356;332.356
20;1;12;0;0;318.428;0;318.428;318.428
20;1;13;0;0;328.607;0;328.607;328.607
20;1;14;0;0;341.387;0;341.387;341.387
20;1;15;0;0;320.73;0;320.73;320.73
20;1;16;0;0;304.174;54.47;249.704;304.174
20;1;17;0;0;284.452;173.351;111.101;284.452
20;1;18;0;0;298.226;298.226;0;298.226
20;1;19;0;0;418.085;418.085;0;418.085
20;1;20;0;0;329.895;329.895;0;329.895
20;1;21;0;0;199.016;199.016;0;199.016
20;1;22;0;0;191.234;191.234;0;191.234
20;1;23;0;0;173.048;173.048;0;173.048
20;1;24;0;0;137.731;137.731;0;137.731
20;1;25;0;0;139.712;139.712;0;139.712
20;1;26;0;0;141.565;141.565;0;141.565
20;1;27;0;0;140.195;140.195;0;140.195
20;1;28;0;0;141.526;141.526;0;141.526
20;1;29;0;0;142.101;142.101;0;142.101
20;1;30;0;0;145.344;145.344;0;145.344
20;1;31;0;0;281.681;274.306;7.375;281.681
20;1;32;0;0;321.822;140.395;181.426;321.822
20;1;33;8.251;0;332.458;0;332.458;324.208
20;1;34;9.909;0;353.214;0;353.214;343.305
20;1;35;8.753;0;352.163;0;352.163;343.41
20;1;36;8.483;0;323.853;0;323.853;315.37
20;1;37;6.7;0;327.224;0;327.224;320.523
20;1;38;7.519;0;360.79;0;360.79;353.271
20;1;39;116.583;0;437.013;0;437.013;320.429
20;1;40;0;0;311.971;0;311.971;311.971
20;1;41;0;0;290.135;72.377;217.758;290.135
20;1;42;0;0;279.245;237.441;41.804;279.245
20;1;43;0;0;417.79;417.79;0;417.79
20;1;44;0;0;320.656;320.656;0;320.656
20;1;45;0;0;206.804;206.804;0;206.804
20;1;46;0;0;192.975;192.975;0;192.975
20;1;47;0;0;178.724;178.724;0;178.724
20;1;48;0;0;139.863;139.863;0;139.863
20;1;49;0;0;142.22;142.22;0;142.22
20;1;50;0;0;141.446;141.446;0;141.446
20;1;51;0;0;140.181;140.181;0;140.181
20;1;52;0;0;141.122;141.122;0;141.122
20;1;53;0;0;141.979;141.979;0;141.979
20;1;54;0;0;145.838;145.838;0;145.838
20;1;55;0;0;324.955;324.955;0;324.955
20;1;56;0;0;285.62;146.509;139.11;285.62
20;1;57;0;0;277.081;0;277.081;277.081
20;1;58;6.638;0;303.175;0;303.175;296.537
20;1;59;6.903;0;287.333;0;287.333;280.43
20;1;60;6.292;0;293.166;0;293.166;286.874
20;1;61;67.86;0;362.034;0;362.034;294.173
20;1;62;56.258;0;347.851;0;347.851;291.593
20;1;63;0;0;276.461;152.576;123.885;276.461
20;1;64;0;0;275.8;28.883;246.917;275.8
20;1;65;0;0;275.363;105.354;170.009;275.363
20;1;66;0;0;276.931;276.931;0;276.931
20;1;67;0;0;417.182;417.182;0;417.182
20;1;68;0;0;320.126;320.126;0;320.126
20;1;69;0;0;201.058;201.058;0;201.058
20;1;70;0;0;199.677;199.677;0;199.677
20;1;71;0;0;176.136;176.136;0;176.136
20;1;72;0;0;141.081;141.081;0;141.081
20;1;73;0;0;139.87;139.87;0;139.87
20;1;74;0;0;141.628;141.628;0;141.628
20;1;75;0;0;140.025;140.025;0;140.025
20;1;76;0;0;140.688;140.688;0;140.688
20;1;77;0;0;142.174;142.174;0;142.174
20;1;78;0;0;142.286;142.286;0;142.286
20;1;79;0;0;129.28;100.584;28.696;129.28
20;1;80;0;0;131.81;0;131.81;131.81
20;1;81;7.485;0;144.114;0;144.114;136.629
20;1;82;5.958;0;153.715;0;153.715;147.757
20;1;83;7.536;0;150.311;0;150.311;142.775
20;1;84;7.107;0;147.269;0;147.269;140.161
20;1;85;6.173;0;153.251;0;153.251;147.078
20;1;86;6.04;0;149.491;0;149.491;143.451
20;1;87;120.806;0;258.985;0;258.985;138.179
20;1;88;0;0;138.332;0;138.332;138.332
20;1;89;0;0;143.027;18.038;124.988;143.027
20;1;90;0;0;136.259;93.4;42.859;136.259
20;1;91;0;0;216.486;216.486;0;216.486
20;1;92;0;0;217.115;217.115;0;217.115
20;1;93;0;0;203.757;203.757;0;203.757
20;1;94;0;0;197.32;197.32;0;197.32
20;1;95;0;0;170.575;170.575;0;170.575
20;1;96;0;0;139.207;139.207;0;139.207
20;1;97;0;0;143.966;143.966;0;143.966
20;1;98;0;0;141.496;141.496;0;141.496
20;1;99;0;0;140.971;140.971;0;140.971
20;1;100;0;0;140.98;140.98;0;140.98
20;1;101;0;0;145.436;145.436;0;145.436
20;1;102;0;0;144.895;144.895;0;144.895
20;1;103;0;0;307.568;286.842;20.726;307.568
20;1;104;0;0;290.08;167.937;122.143;290.08
20;1;105;0;0;339.127;204.584;134.543;339.127
20;1;106;12.049;0;365.771;0;365.771;353.722
20;1;107;9.339;0;363.933;0;363.933;354.594
20;1;108;9.258;0;346.846;0;346.846;337.587
20;1;109;132.93;0;465.086;0;465.086;332.156
20;1;110;0;0;356.846;67.833;289.013;356.846
20;1;111;0;0;323.521;99.935;223.586;323.521
20;1;112;0;0;316.553;130.108;186.445;316.553
20;1;113;0;0;288.506;168.855;119.651;288.506
20;1;114;0;0;285.572;262.07;23.502;285.572
20;1;115;0;0;435.165;435.165;0;435.165
20;1;116;0;0;315.783;315.783;0;315.783
20;1;117;0;0;215.286;215.286;0;215.286
20;1;118;0;0;196.009;196.009;0;196.009
20;1;119;0;0;170.037;170.037;0;170.037
20;1;120;0;0;138.708;138.708;0;138.708
20;1;121;0;0;143.878;143.878;0;143.878
20;1;122;0;0;142.194;142.194;0;142.194
20;1;123;0;0;141.333;141.333;0;141.333
20;1;124;0;0;140.624;140.624;0;140.624
20;1;125;0;0;138.629;138.629;0;138.629
20;1;126;0;0;146.199;146.199;0;146.199
20;1;127;0;0;361.921;361.921;0;361.921
20;1;128;0;0;319.205;152.304;166.901;319.205
20;1;129;10.26;0;350.942;0;350.942;340.682
20;1;130;10.382;0;356.731;0;356.731;346.349
20;1;131;8.494;0;353.627;0;353.627;345.132
20;1;132;9.172;0;335.351;0;335.351;326.178
20;1;133;7.753;0;346.842;0;346.842;339.088
20;1;134;92.614;0;445.64;0;445.64;353.026
20;1;135;28.886;0;354.496;0;354.496;325.611
20;1;136;0;0;310.203;24.88;285.323;310.203
20;1;137;0;0;295.699;105.542;190.157;295.699
20;1;138;0;0;279.307;259.936;19.371;279.307
20;1;139;0;0;412.788;412.788;0;412.788
20;1;140;0;0;331.097;331.097;0;331.097
20;1;141;0;0;205.919;205.919;0;205.919
20;1;142;0;0;196.643;196.643;0;196.643
20;1;143;0;0;190.07;190.07;0;190.07
20;1;144;0;0;137.15;137.15;0;137.15
20;1;145;0;0;139.893;139.893;0;139.893
20;1;146;0;0;141.133;141.133;0;141.133
20;1;147;0;0;143.96;143.96;0;143.96
20;1;148;0;0;139.296;139.296;0;139.296
20;1;149;0;0;140.859;140.859;0;140.859
20;1;150;0;0;147.599;147.599;0;147.599
20;1;151;0;0;322.433;322.433;0;322.433
20;1;152;0;0;319.858;148.591;171.267;319.858
20;1;153;9.968;0;339.045;0;339.045;329.077
20;1;154;10.153;0;361.788;0;361.788;351.635
20;1;155;9.069;0;354.386;0;354.386;345.316
20;1;156;9.96;0;336.512;0;336.512;326.552
20;1;157;7.769;0;336.75;0;336.75;328.98
20;1;158;190.103;0;521.123;0;521.123;331.02
20;1;159;89.431;0;409.087;0;409.087;319.655
20;1;160;36.213;0;346.908;0;346.908;310.695
20;1;161;0;0;296.639;85.777;210.862;296.639
20;1;162;0;0;284.153;248.334;35.819;284.153
20;1;163;0;0;424.05;424.05;0;424.05
20;1;164;0;0;326.323;326.323;0;326.323
20;1;165;0;0;195.09;195.09;0;195.09
20;1;166;0;0;183.67;183.67;0;183.67
20;1;167;0;0;168.527;168.527;0;168.527
20;2;0;328.42;0;467.561;467.561;0;139.141
20;2;1;335.54;0;476.415;476.415;0;140.875
20;2;2;0;0;140.493;140.493;0;140.493
20;2;3;0;0;141.614;141.614;0;141.614
20;2;4;0;0;141.023;141.023;0;141.023
20;2;5;0;0;140.519;140.519;0;140.519
20;2;6;0;0;147.377;147.377;0;147.377
20;2;7;80.471;0;481.699;477.836;3.862;401.228
20;2;8;121.771;0;433.204;182.147;251.057;311.433
20;2;9;94.942;0;422.341;0;422.341;327.399
20;2;10;241.535;0;588.27;0;588.27;346.735
20;2;11;294.687;0;628.06;0;628.06;333.374
20;2;12;284.062;0;609.453;0;609.453;325.391
20;2;13;276.985;0;607.183;0;607.183;330.197
20;2;14;117.229;0;466.052;0;466.052;348.824
20;2;15;29.358;0;353.681;0;353.681;324.323
20;2;16;209.445;0;519.91;175.399;344.511;310.464
20;2;17;276.101;0;576.937;388.58;188.356;300.836
20;2;18;0;0;373.542;373.542;0;373.542
20;2;19;0;0;424.906;424.906;0;424.906
20;2;20;0;0;326.406;326.406;0;326.406
20;2;21;0;0;205.027;205.027;0;205.027
20;2;22;0;0;199.037;199.037;0;199.037
20;2;23;0;0;179.573;179.573;0;179.573
20;2;24;0;0;135.629;135.629;0;135.629
20;2;25;0;0;143.648;143.648;0;143.648
20;2;26;0;0;141.031;141.031;0;141.031
20;2;27;0;0;146.909;146.909;0;146.909
20;2;28;0;0;139.867;139.867;0;139.867
20;2;29;0;0;141.401;141.401;0;141.401
20;2;30;0;0;148.999;148.999;0;148.999
20;2;31;0;0;387.572;378.926;8.646;387.572
20;2;32;0;0;323.647;82.294;241.353;323.647
20;2;33;83.413;0;406.397;0;406.397;322.984
20;2;34;55.972;0;408.593;0;408.593;352.62
20;2;35;39.026;0;380.991;0;380.991;341.965
20;2;36;267.264;0;594.062;0;594.062;326.798
20;2;37;265.497;0;595.959;0;595.959;330.462
20;2;38;260.069;0;610.738;0;610.738;350.669
20;2;39;154.02;0;479.443;0;479.443;325.423
20;2;40;0;0;310.996;0;310.996;310.996
20;2;41;0;0;301.715;202.008;99.708;301.715
20;2;42;0;0;385.606;385.606;0;385.606
20;2;43;0;0;422.38;422.38;0;422.38
20;2;44;0;0;339.174;339.174;0;339.174
20;2;45;0;0;202.295;202.295;0;202.295
20;2;46;0;0;199.889;199.889;0;199.889
20;2;47;0;0;177.279;177.279;0;177.279
20;2;48;0;0;140.082;140.082;0;140.082
20;2;49;0;0;144.86;144.86;0;144.86
20;2;50;0;0;141.805;141.805;0;141.805
20;2;51;0;0;141.228;141.228;0;141.228
20;2;52;0;0;138.644;138.644;0;138.644
20;2;53;0;0;139.493;139.493;0;139.493
20;2;54;0;0;142.73;142.73;0;142.73
20;2;55;0;0;375.908;375.908;0;375.908
20;2;56;0;0;354.634;354.634;0;354.634
20;2;57;0;0;300.077;245.732;54.344;300.077
20;2;58;0;0;323.467;288.47;34.997;323.467
20;2;59;0;0;296.557;230.497;66.06;296.557
20;2;60;0;0;288.69;182.885;105.804;288.69
20;2;61;0;0;286.372;169.422;116.95;286.372
20;2;62;0;0;296.592;145.436;151.156;296.592
20;2;63;0;0;283.913;127.601;156.312;283.913
20;2;64;0;0;293.481;239.033;54.448;293.481
20;2;65;0;0;339.236;329.933;9.304;339.236
20;2;66;0;0;407.754;407.754;0;407.754
20;2;67;0;0;426.945;426.945;0;426.945
20;2;68;0;0;322.845;322.845;0;322.845
20;2;69;0;0;202.863;202.863;0;202.863
20;2;70;0;0;199.447;199.447;0;199.447
20;2;71;0;0;167.515;167.515;0;167.515
20;2;72;142.102;0;281.777;281.777;0;139.675
20;2;73;0;0;144.03;144.03;0;144.03
20;2;74;0;0;140.546;140.546;0;140.546
20;2;75;0;0;142.106;142.106;0;142.106
20;2;76;0;0;139.135;139.135;0;139.135
20;2;77;0;0;139.833;139.833;0;139.833
20;2;78;0;0;145.338;145.338;0;145.338
20;2;79;0;0;154.103;135.597;18.506;154.103
20;2;80;29.585;0;159.218;0;159.218;129.633
20;2;81;0;0;135.919;12.697;123.221;135.919
20;2;82;38.406;0;192.506;79.033;113.473;154.1
20;2;83;148.152;0;290.785;0;290.785;142.633
20;2;84;291.144;0;429.13;0;429.13;137.987
20;2;85;284.947;0;427.528;0;427.528;142.581
20;2;86;280.523;0;428.809;180.676;248.133;148.287
20;2;87;280.523;0;419.314;213.118;206.196;138.791
20;2;88;208.998;0;348.172;213.948;134.223;139.174
20;2;89;283.177;0;427.996;332.144;95.852;144.819
20;2;90;0;0;195.654;195.654;0;195.654
20;2;91;0;0;215.345;215.345;0;215.345
20;2;92;0;0;211.213;211.213;0;211.213
20;2;93;0;0;208.921;208.921;0;208.921
20;2;94;308.873;0;495.563;495.563;0;186.689
20;2;95;0;0;178.825;178.825;0;178.825
20;2;96;0;0;137.013;137.013;0;137.013
20;2;97;0;0;139.487;139.487;0;139.487
20;2;98;0;0;138.846;138.846;0;138.846
20;2;99;0;0;142.762;142.762;0;142.762
20;2;100;0;0;136.677;136.677;0;136.677
20;2;101;0;0;140.519;140.519;0;140.519
20;2;102;0;0;143.483;143.483;0;143.483
20;2;103;0;0;406.911;406.911;0;406.911
20;2;104;174.54;0;480.767;252.709;228.058;306.227
20;2;105;144.494;0;481.899;35.011;446.888;337.405
20;2;106;101.534;0;441.656;0;441.656;340.121
20;2;107;86.115;0;439.115;69.353;369.762;353.001
20;2;108;75.423;0;409.783;0;409.783;334.36
20;2;109;114.286;0;447.888;0;447.888;333.602
20;2;110;64.098;0;415.548;0;415.548;351.45
20;2;111;0;0;322.959;127.573;195.386;322.959
20;2;112;31.97;0;345.207;256.178;89.029;313.237
20;2;113;163.857;0;484.081;431.15;52.931;320.224
20;2;114;0;0;399.84;399.84;0;399.84
20;2;115;0;0;420.295;420.295;0;420.295
20;2;116;128.283;0;466.701;466.701;0;338.419
20;2;117;0;0;197.599;197.599;0;197.599
20;2;118;144.139;0;334.321;334.321;0;190.182
20;2;119;0;0;172.154;172.154;0;172.154
20;2;120;78.688;0;216.763;216.763;0;138.075
20;2;121;79.296;0;223.405;223.405;0;144.109
20;2;122;82.235;0;222.346;222.346;0;140.111
20;2;123;84.788;0;229.456;229.456;0;144.668
20;2;124;87.969;0;230.887;230.887;0;142.918
20;2;125;90.208;0;232.581;232.581;0;142.372
20;2;126;96.545;0;243.177;243.177;0;146.632
20;2;127;73.662;0;496.369;496.369;0;422.707
20;2;128;62.874;0;434.396;411.765;22.63;371.522
20;2;129;59.291;0;384.741;304.418;80.324;325.45
20;2;130;54.072;0;402.693;272.086;130.607;348.62
20;2;131;42.641;0;381.069;225.25;155.818;338.428
20;2;132;32.426;0;355.981;5.103;350.878;323.555
20;2;133;123.229;0;448.028;0;448.028;324.799
20;2;134;0;0;338.746;147.33;191.416;338.746
20;2;135;0;0;339.902;262.059;77.844;339.902
20;2;136;0;0;312.499;244.726;67.774;312.499
20;2;137;257.661;0;619.973;618.033;1.939;362.312
20;2;138;261.274;0;662.367;662.367;0;401.093
20;2;139;192.961;0;621.764;621.764;0;428.804
20;2;140;0;0;334.788;334.788;0;334.788
20;2;141;0;0;201.992;201.992;0;201.992
20;2;142;0;0;195.022;195.022;0;195.022
20;2;143;0;0;179.493;179.493;0;179.493
20;2;144;0;0;141.131;141.131;0;141.131
20;2;145;0;0;145.18;145.18;0;145.18
20;2;146;0;0;140.491;140.491;0;140.491
20;2;147;0;0;140.811;140.811;0;140.811
20;2;148;0;0;140.741;140.741;0;140.741
20;2;149;0;0;141.888;141.888;0;141.888
20;2;150;0;0;153.283;153.283;0;153.283
20;2;151;0;0;433.604;433.604;0;433.604
20;2;152;0;0;457.463;457.463;0;457.463
20;2;153;61.022;0;461.524;458.475;3.048;400.501
20;2;154;57.446;0;468.812;468.812;0;411.366
20;2;155;50.511;0;407.164;367.087;40.077;356.653
20;2;156;39.221;0;359.367;281.061;78.305;320.146
20;2;157;31.281;0;375.902;331.838;44.064;344.62
20;2;158;26.554;0;381.385;337.101;44.284;354.831
20;2;159;26.517;0;383.759;347.656;36.103;357.242
20;2;160;226.007;0;658.478;658.478;0;432.47
20;2;161;0;0;452.306;452.306;0;452.306
20;2;162;0;0;412.698;412.698;0;412.698
20;2;163;0;0;435.919;435.919;0;435.919
20;2;164;0;0;327.206;327.206;0;327.206
20;2;165;0;0;207.674;207.674;0;207.674
20;2;166;140.144;0;327.94;327.94;0;187.796
20;2;167;286.717;0;453.082;453.082;0;166.365
20;3;0;0;0;139.565;139.565;0;139.565
20;3;1;148.077;0;291.212;291.212;0;143.135
20;3;2;295.229;0;435.384;435.384;0;140.155
20;3;3;300.295;0;442.622;442.622;0;142.327
20;3;4;387.367;0;529.813;529.813;0;142.446
20;3;5;236.17;0;377.923;377.923;0;141.753
20;3;6;330.88;0;480.278;480.278;0;149.398
20;3;7;288.331;0;733.938;733.938;0;445.608
20;3;8;268.653;0;752.47;752.47;0;483.816
20;3;9;253.852;0;733.035;716.826;16.209;479.184
20;3;10;246.894;0;645.671;543.4;102.272;398.777
20;3;11;230.266;0;607.523;530.688;76.835;377.257
20;3;12;214.667;0;539.72;539.72;0;325.054
20;3;13;194.989;0;520.116;127.839;392.277;325.126
20;3;14;349.799;0;698.145;490.017;208.128;348.346
20;3;15;348.015;0;680.644;680.644;0;332.628
20;3;16;352.476;0;836.943;836.943;0;484.467
20;3;17;360.512;0;827.651;827.651;0;467.139
20;3;18;363.193;0;792.871;792.871;0;429.678
20;3;19;0;0;445.809;445.809;0;445.809
20;3;20;0;0;335.649;335.649;0;335.649
20;3;21;0;0;219.598;219.598;0;219.598
20;3;22;113.888;0;300.231;300.231;0;186.343
20;3;23;384.677;0;559.679;559.679;0;175.002
20;3;24;388.264;0;530.187;530.187;0;141.923
20;3;25;0;0;144.777;144.777;0;144.777
20;3;26;305.609;0;449.046;449.046;0;143.437
20;3;27;312.115;0;453.239;453.239;0;141.124
20;3;28;317.639;0;459.684;459.684;0;142.045
20;3;29;323.793;0;465.355;465.355;0;141.562
20;3;30;334.557;0;484.634;484.634;0;150.077
20;3;31;299.746;0;752.845;752.845;0;453.099
20;3;32;277.169;0;767.726;767.726;0;490.557
20;3;33;255.574;0;740.899;740.899;0;485.325
20;3;34;244.767;0;614.645;583.819;30.826;369.878
20;3;35;234.093;0;580.09;495.289;84.8;345.997
20;3;36;227.587;0;548.566;423.95;124.616;320.979
20;3;37;218.143;0;551.268;551.268;0;333.125
20;3;38;210.785;0;646.034;646.034;0;435.249
20;3;39;227.849;0;704.52;704.52;0;476.671
20;3;40;224.481;0;717.325;717.325;0;492.844
20;3;41;231.308;0;710.546;710.546;0;479.238
20;3;42;250.965;0;680.817;680.817;0;429.851
20;3;43;249.26;0;682.924;682.924;0;433.664
20;3;44;256.217;0;588.902;588.902;0;332.684
20;3;45;267.849;0;482.435;482.435;0;214.585
20;3;46;261.747;0;461.126;461.126;0;199.379
20;3;47;254.659;0;440.99;440.99;0;186.33
20;3;48;67.624;0;208.346;208.346;0;140.721
20;3;49;66.847;0;206.476;206.476;0;139.63
20;3;50;64.777;0;205.754;205.754;0;140.978
20;3;51;63.951;0;207.893;207.893;0;143.942
20;3;52;67.713;0;210.143;210.143;0;142.43
20;3;53;67.543;0;210.924;210.924;0;143.381
20;3;54;71.027;0;216.608;216.608;0;145.581
20;3;55;85.569;0;475.1;475.1;0;389.53
20;3;56;89.751;0;511.117;511.117;0;421.366
20;3;57;81.682;0;493.449;493.449;0;411.767
20;3;58;81.478;0;473.499;473.499;0;392.021
20;3;59;82.842;0;469.038;469.038;0;386.196
20;3;60;81.532;0;377.641;278.37;99.271;296.109
20;3;61;74.978;0;373.173;216.182;156.992;298.195
20;3;62;69.167;0;367.967;228.642;139.325;298.801
20;3;63;75.779;0;410.716;327.846;82.869;334.936
20;3;64;76.302;0;497.033;497.033;0;420.732
20;3;65;207.6;0;637.612;637.612;0;430.012
20;3;66;340.884;0;769.106;769.106;0;428.222
20;3;67;0;0;436.394;436.394;0;436.394
20;3;68;0;0;343.946;343.946;0;343.946
20;3;69;0;0;208.356;208.356;0;208.356
20;3;70;0;0;208.378;208.378;0;208.378
20;3;71;106.931;0;290.333;290.333;0;183.401
20;3;72;112.782;0;252.038;252.038;0;139.256
20;3;73;113.933;0;257.123;257.123;0;143.19
20;3;74;118.976;0;261.091;261.091;0;142.114
20;3;75;125.062;0;270.302;270.302;0;145.24
20;3;76;125.894;0;268.269;268.269;0;142.374
20;3;77;127.916;0;273.961;273.961;0;146.044
20;3;78;276.109;0;420.237;420.237;0;144.129
20;3;79;0;0;159.384;159.384;0;159.384
20;3;80;150.1;0;324.179;324.179;0;174.079
20;3;81;140.363;0;327.878;327.878;0;187.515
20;3;82;140.116;0;340.592;340.592;0;200.476
20;3;83;141.857;0;330.968;330.968;0;189.112
20;3;84;132.84;0;306.038;282.864;23.174;173.198
20;3;85;352.476;0;502.515;396.284;106.231;150.039
20;3;86;100.297;0;248.721;0;248.721;148.424
20;3;87;358.726;0;512.82;512.82;0;154.094
20;3;88;363.193;0;546.94;546.94;0;183.747
20;3;89;364.087;0;565.351;565.351;0;201.264
20;3;90;368.558;0;576.455;576.455;0;207.898
20;3;91;0;0;216.139;216.139;0;216.139
20;3;92;0;0;214.291;214.291;0;214.291
20;3;93;33.901;0;244.926;244.926;0;211.025
20;3;94;385.574;0;583.14;583.14;0;197.566
20;3;95;386.47;0;562.09;562.09;0;175.619
20;3;96;388.264;0;530.803;530.803;0;142.539
20;3;97;391.853;0;539.249;539.249;0;147.396
20;3;98;392.751;0;535.513;535.513;0;142.762
20;3;99;395.445;0;534.969;534.969;0;139.524
20;3;100;391.853;0;535.869;535.869;0;144.016
20;3;101;386.47;0;530.934;530.934;0;144.463
20;3;102;382.884;0;532.993;532.993;0;150.109
20;3;103;381.092;0;832.848;832.848;0;451.757
20;3;104;374.822;0;858.408;858.408;0;483.586
20;3;105;372.137;0;882.343;882.343;0;510.206
20;3;106;381.092;0;912.071;912.071;0;530.98
20;3;107;379.51;0;885.334;885.334;0;505.824
20;3;108;376.295;0;824.096;824.096;0;447.801
20;3;109;353.116;0;791.02;791.02;0;437.904
20;3;110;334.746;0;811.712;811.712;0;476.966
20;3;111;328.866;0;826.774;826.774;0;497.908
20;3;112;315.924;0;801.302;801.302;0;485.378
20;3;113;311.675;0;784.909;784.909;0;473.234
20;3;114;322.546;0;745.168;745.168;0;422.622
20;3;115;314.96;0;748.367;748.367;0;433.407
20;3;116;316.753;0;656.942;656.942;0;340.189
20;3;117;331.007;0;531.263;531.263;0;200.256
20;3;118;371.242;0;564.722;564.722;0;193.48
20;3;119;373.031;0;546.314;546.314;0;173.283
20;3;120;373.031;0;509.692;509.692;0;136.661
20;3;121;374.822;0;514.562;514.562;0;139.741
20;3;122;380.195;0;520.079;520.079;0;139.883
20;3;123;386.47;0;527.219;527.219;0;140.749
20;3;124;393.649;0;533.774;533.774;0;140.126
20;3;125;27.442;0;170.017;170.017;0;142.575
20;3;126;375.787;0;520.416;520.416;0;144.629
20;3;127;336.976;0;772.46;772.46;0;435.484
20;3;128;313.958;0;782.706;782.706;0;468.748
20;3;129;302.981;0;793.174;793.174;0;490.193
20;3;130;275.206;0;728.615;728.615;0;453.408
20;3;131;265.1;0;710.322;710.322;0;445.221
20;3;132;253.17;0;583.25;516.808;66.442;330.08
20;3;133;239.883;0;581.553;497.499;84.053;341.67
20;3;134;227.357;0;708.083;708.083;0;480.726
20;3;135;240.723;0;727.19;727.19;0;486.467
20;3;136;375.717;0;865.723;865.723;0;490.006
20;3;137;102.016;0;559.77;559.77;0;457.755
20;3;138;266.766;0;673.463;673.463;0;406.697
20;3;139;385.574;0;814.511;814.511;0;428.937
20;3;140;178.758;0;497.771;497.771;0;319.013
20;3;141;314.215;0;521.14;521.14;0;206.924
20;3;142;319.023;0;517.105;517.105;0;198.082
20;3;143;326.457;0;501.194;501.194;0;174.738
20;3;144;391.853;0;528.696;528.696;0;136.842
20;3;145;265.938;0;406.676;406.676;0;140.738
20;3;146;394.547;0;532.412;532.412;0;137.865
20;3;147;284.629;0;423.063;423.063;0;138.433
20;3;148;343.318;0;479.799;479.799;0;136.481
20;3;149;346.753;0;485.075;485.075;0;138.322
20;3;150;348.332;0;493.87;493.87;0;145.538
20;3;151;303.659;0;738.513;738.513;0;434.854
20;3;152;281.401;0;749.032;749.032;0;467.631
20;3;153;243.838;0;706.886;706.886;0;463.048
20;3;154;231.591;0;612.831;488.27;124.561;381.24
20;3;155;204.649;0;584.197;551.95;32.246;379.548
20;3;156;191.869;0;616.481;616.481;0;424.612
20;3;157;352.476;0;761.748;761.748;0;409.272
20;3;158;8.107;0;468.677;468.677;0;460.57
20;3;159;185.128;0;667.111;667.111;0;481.983
20;3;160;182.06;0;652.378;652.378;0;470.318
20;3;161;178.227;0;642.688;642.688;0;464.461
20;3;162;195.438;0;613.909;613.909;0;418.471
20;3;163;194.01;0;615.593;615.593;0;421.584
20;3;164;197.233;0;546.227;546.227;0;348.994
20;3;165;348.351;0;549.93;549.93;0;201.578
20;3;166;350.692;0;541.742;541.742;0;191.05
20;3;167;354.261;0;529.836;529.836;0;175.575
