Support_Year;Cluster;Timestep;PV;HP;EB;from_grid;to_grid;from_main_grid;to_main_grid;to_network;Power_Demand_kW
0;0;0;0;0;0;16.917;0;16.917;0;0;16.917
0;0;1;0;137.579;0;157.831;0;157.831;0;0;20.252
0;0;2;0;0;0;20.233;0;20.233;0;0;20.233
0;0;3;0;114.778;0;136.1;0;136.1;0;0;21.322
0;0;4;0;118.043;0;136.849;0;136.849;0;0;18.806
0;0;5;0;120.376;0;141.132;0;141.132;0;0;20.756
0;0;6;0;136.623;0;162.039;0;162.039;0;0;25.416
0;0;7;0;134.484;0;196.066;0;196.066;0;0;61.582
0;0;8;89.796;124.125;0;93.312;0;93.312;0;0;58.982
0;0;9;294.527;118.017;0;0;124.01;0;0;124.01;52.5
0;0;10;341.181;110.719;0;0;182.373;0;0;182.373;48.088
0;0;11;199.336;114.904;0;0;40.91;0;0;40.91;43.522
0;0;12;263.879;148.461;0;0;66.034;0;0;66.034;49.385
0;0;13;118.036;66.037;0;0;0;0;0;0;52
0;0;14;91.14;30.321;0;0;0;0;0;0;60.819
0;0;15;253.487;148.055;0;0;55.095;0;0;55.095;50.338
0;0;16;158.291;106.632;0;0;0;0;0;0;51.659
0;0;17;48.495;8.492;0;30.631;0;30.631;0;0;70.634
0;0;18;0.932;146.836;0;219.828;0;219.828;0;0;73.924
0;0;19;0;0;0;73.206;0;73.206;0;0;73.206
0;0;20;0;138.541;0;222.049;0;222.049;0;0;83.508
0;0;21;0;149.274;0;212.515;0;212.515;0;0;63.241
0;0;22;0;151.713;0;203.581;0;203.581;0;0;51.868
0;0;23;0;153.747;0;198.116;0;198.116;0;0;44.369
0;0;24;0;0;0;16.85;0;16.85;0;0;16.85
0;0;25;0;0;0;18.334;0;18.334;0;0;18.334
0;0;26;0;118.722;0;138.71;0;138.71;0;0;19.988
0;0;27;0;160.265;0;179.935;0;179.935;0;0;19.67
0;0;28;0;160.672;0;179.235;0;179.235;0;0;18.562
0;0;29;0;163.528;0;183.701;0;183.701;0;0;20.173
0;0;30;0;51.004;0;74.291;0;74.291;0;0;23.287
0;0;31;0;154.124;0;216.083;0;216.083;0;0;61.958
0;0;32;82.975;140.981;0;123.77;0;123.77;0;0;65.764
0;0;33;257.969;132.899;0;0;72.71;0;0;72.71;52.36
0;0;34;383.351;123.838;0;0;206.947;0;0;206.947;52.567
0;0;35;386.574;107.199;0;0;232.08;0;0;232.08;47.295
0;0;36;286.631;106.821;0;0;137.444;0;0;137.444;42.366
0;0;37;560.986;92.996;0;0;416.747;0;0;416.747;51.243
0;0;38;637.461;148.055;0;0;438.188;0;0;438.188;51.218
0;0;39;511.231;145.212;0;0;312.667;0;0;312.667;53.353
0;0;40;261.485;145.212;0;0;59.172;0;0;59.172;57.102
0;0;41;88.186;31.107;0;0;0;0;0;0;57.079
0;0;42;1.866;146.43;0;206.538;0;206.538;0;0;61.974
0;0;43;0;148.867;0;223.027;0;223.027;0;0;74.16
0;0;44;0;145.951;0;217.598;0;217.598;0;0;71.647
0;0;45;0;46.455;0;104.76;0;104.76;0;0;58.305
0;0;46;0;154.561;0;219.944;0;219.944;0;0;65.383
0;0;47;0;106.883;0;153.617;0;153.617;0;0;46.733
0;0;48;0;0;0;17.282;0;17.282;0;0;17.282
0;0;49;0;0;0;19.915;0;19.915;0;0;19.915
0;0;50;0;0;0;19.197;0;19.197;0;0;19.197
0;0;51;0;0;0;18.749;0;18.749;0;0;18.749
0;0;52;0;93.339;0;112.429;0;112.429;0;0;19.09
0;0;53;0;101.996;0;122.689;0;122.689;0;0;20.694
0;0;54;0;106.151;0;129.216;0;129.216;0;0;23.065
0;0;55;0;130.747;0;191.041;0;191.041;0;0;60.294
0;0;56;56.397;125.473;0;132.806;0;132.806;0;0;63.73
0;0;57;151.263;108.1;0;8.342;0;8.342;0;0;51.505
0;0;58;266.169;100.089;0;0;117.681;0;0;117.681;48.399
0;0;59;368.718;129.791;0;0;197.253;0;0;197.253;41.674
0;0;60;196.781;150.493;0;0;4.704;0;0;4.704;41.584
0;0;61;80.792;33.675;0;0;0;0;0;0;47.117
0;0;62;64.904;15.85;0;0;0;0;0;0;49.054
0;0;63;377.177;85.997;0;0;243.261;0;0;243.261;47.918
0;0;64;391.171;144.806;0;0;189.115;0;0;189.115;57.25
0;0;65;66.455;0;0;3.973;0;3.973;0;0;70.428
0;0;66;0.93;35.219;0;118.306;0;118.306;0;0;84.017
0;0;67;0;53.795;0;142.474;0;142.474;0;0;88.679
0;0;68;0;134.671;0;205.787;0;205.787;0;0;71.117
0;0;69;0;134.671;0;211.963;0;211.963;0;0;77.293
0;0;70;0;136.695;0;194.436;0;194.436;0;0;57.741
0;0;71;0;100.999;0;144.433;0;144.433;0;0;43.434
0;0;72;0;0;0;16.68;0;16.68;0;0;16.68
0;0;73;0;0;0;18.497;0;18.497;0;0;18.497
0;0;74;0;0;0;18.753;0;18.753;0;0;18.753
0;0;75;0;6.672;0;25.963;0;25.963;0;0;19.291
0;0;76;0;157.819;0;176.465;0;176.465;0;0;18.646
0;0;77;0;39.903;0;59.289;0;59.289;0;0;19.385
0;0;78;0;106.74;0;128.014;0;128.014;0;0;21.275
0;0;79;0;161.488;0;185.464;0;185.464;0;0;23.975
0;0;80;18.108;114.274;0;134.854;0;134.854;0;0;38.687
0;0;81;48.917;122.825;0;109.491;0;109.491;0;0;35.583
0;0;82;79.296;120.015;0;80.782;0;80.782;0;0;40.063
0;0;83;134.974;114.716;0;19.979;0;19.979;0;0;40.237
0;0;84;201.207;154.944;0;0;0;0;0;0;46.263
0;0;85;173.354;136.397;0;0;0;0;0;0;36.957
0;0;86;95.938;54.606;0;0;0;0;0;0;41.332
0;0;87;157.23;126.558;0;0;0;0;0;0;30.673
0;0;88;91.703;160.265;0;102.307;0;102.307;0;0;33.745
0;0;89;141.36;162.304;0;59.108;0;59.108;0;0;38.165
0;0;90;14.239;127.997;0;167.754;0;167.754;0;0;53.996
0;0;91;0;165.978;0;232.283;0;232.283;0;0;66.306
0;0;92;0;166.795;0;253.002;0;253.002;0;0;86.208
0;0;93;0;168.838;0;235.903;0;235.903;0;0;67.065
0;0;94;0;169.247;0;236.641;0;236.641;0;0;67.394
0;0;95;0;169.247;0;216.509;0;216.509;0;0;47.262
0;0;96;0;170.474;0;187.402;0;187.402;0;0;16.928
0;0;97;0;172.11;0;196.1;0;196.1;0;0;23.989
0;0;98;0;172.929;0;190.877;0;190.877;0;0;17.948
0;0;99;0;174.157;0;192.528;0;192.528;0;0;18.371
0;0;100;0;174.157;0;193.18;0;193.18;0;0;19.023
0;0;101;0;174.157;0;193.394;0;193.394;0;0;19.237
0;0;102;0;173.338;0;193.45;0;193.45;0;0;20.112
0;0;103;0;173.748;0;231.46;0;231.46;0;0;57.712
0;0;104;67.258;172.52;0;173.173;0;173.173;0;0;67.911
0;0;105;160.176;170.883;0;58.185;0;58.185;0;0;47.477
0;0;106;144.662;169.247;41.577;121.074;0;121.074;0;0;54.912
0;0;107;113.93;167.612;6.607;124.408;0;124.408;0;0;64.118
0;0;108;103.1;165.978;0;116.26;0;116.26;0;0;53.382
0;0;109;86.284;163.936;0;128.54;0;128.54;0;0;50.888
0;0;110;354.986;161.08;0;0;140.309;0;0;140.309;53.597
0;0;111;315.892;159.449;0;0;107.054;0;0;107.054;49.389
0;0;112;49.05;159.857;0;180.547;0;180.547;0;0;69.74
0;0;113;39.208;164.753;0;198.514;0;198.514;0;0;72.969
0;0;114;15.223;166.386;0;233.635;0;233.635;0;0;82.471
0;0;115;0;170.474;0;254.147;0;254.147;0;0;83.674
0;0;116;0;173.748;0;256.564;0;256.564;0;0;82.816
0;0;117;0;172.929;0;248.062;0;248.062;0;0;75.133
0;0;118;0;173.748;0;240.984;0;240.984;0;0;67.236
0;0;119;0;174.567;0;214.618;0;214.618;0;0;40.051
0;0;120;0;175.386;0;194.276;0;194.276;0;0;18.89
0;0;121;0;174.976;0;196.279;0;196.279;0;0;21.302
0;0;122;0;174.567;0;193.797;0;193.797;0;0;19.23
0;0;123;0;176.206;0;195.427;0;195.427;0;0;19.221
0;0;124;0;176.206;0;194.111;0;194.111;0;0;17.906
0;0;125;0;176.206;0;194.907;0;194.907;0;0;18.701
0;0;126;0;175.386;0;197.162;0;197.162;0;0;21.776
0;0;127;0;175.796;8.478;245.451;0;245.451;0;0;61.177
0;0;128;81.034;175.796;27.245;190.587;0;190.587;0;0;68.58
0;0;129;261.152;174.157;23.223;0;14.338;0;0;14.338;49.433
0;0;130;257.459;171.292;1.919;0;33.293;0;0;33.293;50.955
0;0;131;112.91;171.701;0;105.365;0;105.365;0;0;46.573
0;0;132;76.995;173.338;0;144.296;0;144.296;0;0;47.952
0;0;133;144.871;170.065;0;86.369;0;86.369;0;0;61.175
0;0;134;123.62;168.021;0;103.134;0;103.134;0;0;58.734
0;0;135;240.578;163.528;0;0;28.923;0;0;28.923;48.127
0;0;136;202.958;164.345;0;10.692;0;10.692;0;0;49.306
0;0;137;207.976;165.161;0;17.25;0;17.25;0;0;60.065
0;0;138;5.698;168.838;0;241.957;0;241.957;0;0;78.816
0;0;139;0;170.883;0;241.344;0;241.344;0;0;70.461
0;0;140;0;172.929;0;246.008;0;246.008;0;0;73.079
0;0;141;0;175.386;0;232.343;0;232.343;0;0;56.957
0;0;142;0;178.255;0;249.1;0;249.1;0;0;70.845
0;0;143;0;179.075;0;219.268;0;219.268;0;0;40.193
0;0;144;0;179.075;0;195.725;0;195.725;0;0;16.649
0;0;145;0;182.359;0;203.275;0;203.275;0;0;20.916
0;0;146;0;181.948;0;201.148;0;201.148;0;0;19.2
0;0;147;0;185.235;47.474;251.721;0;251.721;0;0;19.012
0;0;148;0;186.468;63.993;269.477;0;269.477;0;0;19.016
0;0;149;0;187.702;63.993;270.628;0;270.628;0;0;18.933
0;0;150;0;190.995;63.993;277.154;0;277.154;0;0;22.165
0;0;151;2.889;190.583;63.993;309.709;0;309.709;0;0;58.021
0;0;152;175.515;190.171;63.993;132.602;0;132.602;0;0;53.952
0;0;153;457.018;187.291;63.993;0;155.488;0;0;155.488;50.245
0;0;154;553.316;181.948;63.993;0;262.815;0;0;262.815;44.56
0;0;155;399.633;176.615;63.993;0;115.373;0;0;115.373;43.651
0;0;156;531.747;174.157;63.993;0;248.28;0;0;248.28;45.316
0;0;157;268.872;171.701;63.993;26.631;0;26.631;0;0;59.808
0;0;158;94.204;174.157;63.993;201.57;0;201.57;0;0;57.623
0;0;159;165.729;173.748;63.993;120.272;0;120.272;0;0;48.26
0;0;160;265.369;178.665;63.993;32.165;0;32.165;0;0;54.876
0;0;161;147.18;179.896;63.993;152.994;0;152.994;0;0;56.285
0;0;162;20.09;179.896;63.993;285.654;0;285.654;0;0;61.855
0;0;163;0;184.002;63.993;322.5;0;322.5;0;0;74.505
0;0;164;0;186.057;63.993;325.688;0;325.688;0;0;75.637
0;0;165;0;188.525;63.993;324.085;0;324.085;0;0;71.567
0;0;166;0;190.583;63.993;317.989;0;317.989;0;0;63.412
0;0;167;0;187.702;63.993;302.165;0;302.165;0;0;50.47
0;1;0;0;0;0;16.763;0;16.763;0;0;16.763
0;1;1;0;0;0;17.892;0;17.892;0;0;17.892
0;1;2;0;0;0;18.353;0;18.353;0;0;18.353
0;1;3;0;0;0;19.991;0;19.991;0;0;19.991
0;1;4;0;0;0;21.049;0;21.049;0;0;21.049
0;1;5;0;0;0;19.563;0;19.563;0;0;19.563
0;1;6;9.443;0;0;16.615;0;16.615;0;0;26.057
0;1;7;103.483;0;0;0;63.39;0;0;63.39;40.093
0;1;8;291.68;0;0;0;230.815;0;0;230.815;60.865
0;1;9;502.158;0;0;0;437.319;0;54.199;383.121;64.839
0;1;10;668.715;0;0;0;607.586;0;200.692;406.894;61.129
0;1;11;757.961;0;0;0;704.104;0;332.434;371.67;53.857
0;1;12;827.585;0;0;0;775.526;0;413.616;361.91;52.06
0;1;13;927.162;0;0;0;869.748;0;493.39;376.358;57.414
0;1;14;759.468;15.301;0;0;685.716;0;240.583;445.132;58.452
0;1;15;518.036;0;0;0;467.638;0;0;467.638;50.397
0;1;16;354.002;0;0;0;293.678;0;0;293.678;60.324
0;1;17;214.347;0;0;0;158.85;0;0;158.85;55.497
0;1;18;94.017;0;0;0;39.729;0;0;39.729;54.288
0;1;19;3.626;0;0;69.952;0;69.952;0;0;73.578
0;1;20;0;0;0;73.7;0;73.7;0;0;73.7
0;1;21;0;0;0;70.329;0;70.329;0;0;70.329
0;1;22;0;0;0;58.006;0;58.006;0;0;58.006
0;1;23;0;0;0;41.519;0;41.519;0;0;41.519
0;1;24;0;0;0;17.033;0;17.033;0;0;17.033
0;1;25;0;0;0;22.962;0;22.962;0;0;22.962
0;1;26;0;0;0;19.109;0;19.109;0;0;19.109
0;1;27;0;0;0;19.443;0;19.443;0;0;19.443
0;1;28;0;0;0;18.48;0;18.48;0;0;18.48
0;1;29;0;0;0;20.301;0;20.301;0;0;20.301
0;1;30;7.682;0;0;17.373;0;17.373;0;0;25.054
0;1;31;95.774;0;0;0;45.913;0;0;45.913;49.862
0;1;32;283.548;0;0;0;223.07;0;0;223.07;60.478
0;1;33;476.638;3.412;0;0;419.412;0;40.76;378.652;53.815
0;1;34;617.246;3.795;0;0;560.862;0;162.482;398.38;52.588
0;1;35;745.986;3.436;0;0;698.803;0;303.099;395.703;43.748
0;1;36;904.214;4.154;0;0;857.967;0;493.993;363.974;42.093
0;1;37;922.453;2.807;0;0;869.416;0;500.611;368.805;50.23
0;1;38;863.526;3.249;0;0;811.815;0;411.59;400.225;48.461
0;1;39;732.089;72.139;0;0;615.256;0;16.921;598.336;44.694
0;1;40;548.171;0;0;0;493.602;0;133.054;360.548;54.569
0;1;41;326.724;0;0;0;265.679;0;0;265.679;61.044
0;1;42;144.213;0;0;0;85.25;0;0;85.25;58.963
0;1;43;13.955;0;0;51.377;0;51.377;0;0;65.332
0;1;44;0;0;0;77.275;0;77.275;0;0;77.275
0;1;45;0;0;0;65.547;0;65.547;0;0;65.547
0;1;46;0;0;0;56.193;0;56.193;0;0;56.193
0;1;47;0;0;0;56.054;0;56.054;0;0;56.054
0;1;48;0;0;0;17.665;0;17.665;0;0;17.665
0;1;49;0;0;0;19.433;0;19.433;0;0;19.433
0;1;50;0;0;0;18.81;0;18.81;0;0;18.81
0;1;51;0;0;0;18.246;0;18.246;0;0;18.246
0;1;52;0;0;0;22.32;0;22.32;0;0;22.32
0;1;53;0;0;0;19.955;0;19.955;0;0;19.955
0;1;54;4.561;0;0;19.886;0;19.886;0;0;24.447
0;1;55;57.77;0;0;0;7.924;0;0;7.924;49.846
0;1;56;228.594;0;0;0;180.79;0;0;180.79;47.804
0;1;57;431.343;0;0;0;385.193;0;69.148;316.045;46.15
0;1;58;604.204;3.527;0;0;556.937;0;204.687;352.249;43.74
0;1;59;724.353;3.406;0;0;680.438;0;341.283;339.156;40.508
0;1;60;829.862;2.399;0;0;786.378;0;446.819;339.559;41.084
0;1;61;742.405;50.992;0;0;651.215;0;142.976;508.239;40.198
0;1;62;489.043;31.124;0;0;407.331;0;0;407.331;50.588
0;1;63;204.916;0;0;0;157.602;0;0;157.602;47.314
0;1;64;330.529;0;0;0;279.977;0;0;279.977;50.552
0;1;65;254.11;0;0;0;207.928;0;0;207.928;46.183
0;1;66;104.648;0;0;0;47.418;0;0;47.418;57.231
0;1;67;12.701;0;0;47.903;0;47.903;0;0;60.604
0;1;68;0;0;0;77.337;0;77.337;0;0;77.337
0;1;69;0;0;0;64.027;0;64.027;0;0;64.027
0;1;70;0;0;0;58.409;0;58.409;0;0;58.409
0;1;71;0;0;0;39.712;0;39.712;0;0;39.712
0;1;72;0;0;0;17.553;0;17.553;0;0;17.553
0;1;73;0;0;0;19.72;0;19.72;0;0;19.72
0;1;74;0;0;0;19.438;0;19.438;0;0;19.438
0;1;75;0;0;0;18.504;0;18.504;0;0;18.504
0;1;76;0;0;0;18.562;0;18.562;0;0;18.562
0;1;77;0;0;0;23.894;0;23.894;0;0;23.894
0;1;78;5.518;0;0;16.384;0;16.384;0;0;21.902
0;1;79;72.358;0;0;0;44.938;0;0;44.938;27.42
0;1;80;259.662;0;0;0;229.653;0;61.162;168.49;30.01
0;1;81;498.185;3.659;0;0;459.032;0;259.457;199.575;35.494
0;1;82;694.5;4.344;0;0;653.986;0;448.302;205.684;36.17
0;1;83;839.504;3.353;0;0;797.907;0;599.784;198.122;38.244
0;1;84;900.278;2.589;0;0;862.184;0;669.83;192.354;35.505
0;1;85;836.915;3.673;0;0;792.542;0;601.217;191.325;40.699
0;1;86;737.009;3.603;0;0;693.18;0;496.946;196.234;40.226
0;1;87;687.445;69.857;0;0;584.176;0;173.573;410.603;33.412
0;1;88;384.838;0;0;0;338.093;0;160.578;177.515;46.745
0;1;89;207.145;0;0;0;170.744;0;0;170.744;36.401
0;1;90;132.76;0;0;0;81.403;0;0;81.403;51.357
0;1;91;13.061;0;0;51.695;0;51.695;0;0;64.757
0;1;92;0;0;0;67.966;0;67.966;0;0;67.966
0;1;93;0;0;0;64.396;0;64.396;0;0;64.396
0;1;94;0;0;0;58.339;0;58.339;0;0;58.339
0;1;95;0;0;0;49.996;0;49.996;0;0;49.996
0;1;96;0;0;0;16.783;0;16.783;0;0;16.783
0;1;97;0;0;0;18.711;0;18.711;0;0;18.711
0;1;98;0;0;0;22.833;0;22.833;0;0;22.833
0;1;99;0;0;0;19.229;0;19.229;0;0;19.229
0;1;100;0;0;0;18.228;0;18.228;0;0;18.228
0;1;101;0;0;0;19.633;0;19.633;0;0;19.633
0;1;102;4.59;0;0;15.014;0;15.014;0;0;19.604
0;1;103;79.97;0;0;0;43.675;0;0;43.675;36.294
0;1;104;207.233;0;0;0;153.089;0;0;153.089;54.144
0;1;105;234.25;0;0;0;182.996;0;0;182.996;51.254
0;1;106;499.635;4.028;0;0;443.709;0;23.551;420.158;51.898
0;1;107;856.629;3.296;0;0;789.269;0;369.007;420.263;64.064
0;1;108;959.087;4.494;0;0;896.256;0;492.117;404.139;58.338
0;1;109;778.777;76.728;0;0;644.012;0;1.29;642.723;58.036
0;1;110;409.618;0;0;0;342.305;0;0;342.305;67.313
0;1;111;323.566;0;0;0;270.864;0;0;270.864;52.702
0;1;112;296.567;0;0;0;231.019;0;0;231.019;65.548
0;1;113;236.018;0;0;0;169.029;0;0;169.029;66.989
0;1;114;124.487;0;0;0;70.134;0;0;70.134;54.354
0;1;115;12.21;0;0;57.926;0;57.926;0;0;70.136
0;1;116;0;0;0;71.854;0;71.854;0;0;71.854
0;1;117;0;0;0;59.689;0;59.689;0;0;59.689
0;1;118;0;0;0;53.321;0;53.321;0;0;53.321
0;1;119;0;0;0;35.648;0;35.648;0;0;35.648
0;1;120;0;0;0;16.989;0;16.989;0;0;16.989
0;1;121;0;0;0;20.609;0;20.609;0;0;20.609
0;1;122;0;0;0;18.532;0;18.532;0;0;18.532
0;1;123;0;0;0;18.088;0;18.088;0;0;18.088
0;1;124;0;0;0;19.257;0;19.257;0;0;19.257
0;1;125;0;0;0;19.214;0;19.214;0;0;19.214
0;1;126;2.747;0;0;17.794;0;17.794;0;0;20.541
0;1;127;60.213;0;0;0;9.533;0;0;9.533;50.68
0;1;128;263.634;0;0;0;208.646;0;0;208.646;54.988
0;1;129;493.518;4.386;0;0;437.99;0;40.477;397.513;51.142
0;1;130;689.626;3.783;0;0;628.967;0;224.051;404.916;56.876
0;1;131;818.183;3.486;0;0;760.966;0;367.531;393.436;53.731
0;1;132;893.432;4.864;0;0;830.237;0;445.382;384.855;58.33
0;1;133;844.951;9.158;0;0;772.096;0;386.406;385.69;63.697
0;1;134;668.362;53.697;0;0;566.773;0;0;566.773;47.891
0;1;135;473.167;8.334;0;0;421.21;0;0;421.21;43.623
0;1;136;368.539;0;0;0;325.428;0;0;325.428;43.111
0;1;137;286.585;0;0;0;238.111;0;0;238.111;48.474
0;1;138;127.731;0;0;0;66.864;0;0;66.864;60.867
0;1;139;11.036;0;0;57.96;0;57.96;0;0;68.997
0;1;140;0;0;0;65.642;0;65.642;0;0;65.642
0;1;141;0;0;0;62.976;0;62.976;0;0;62.976
0;1;142;0;0;0;52.098;0;52.098;0;0;52.098
0;1;143;0;0;0;62.957;0;62.957;0;0;62.957
0;1;144;0;0;0;17.761;0;17.761;0;0;17.761
0;1;145;0;0;0;18.734;0;18.734;0;0;18.734
0;1;146;0;0;0;18.328;0;18.328;0;0;18.328
0;1;147;0;0;0;18.938;0;18.938;0;0;18.938
0;1;148;0;0;0;21.383;0;21.383;0;0;21.383
0;1;149;0;0;0;19.675;0;19.675;0;0;19.675
0;1;150;1.819;0;0;19.963;0;19.963;0;0;21.782
0;1;151;77.796;0;0;0;36.233;0;0;36.233;41.563
0;1;152;273.766;0;0;0;212.427;0;0;212.427;61.339
0;1;153;497.993;4.097;0;0;442.474;0;50.595;391.879;51.422
0;1;154;692.292;3.816;0;0;635.241;0;230.711;404.53;53.235
0;1;155;837.106;3.143;0;0;778.772;0;378.479;400.293;55.191
0;1;156;916.629;4.608;0;0;859.38;0;471.952;387.427;52.641
0;1;157;901.875;90.387;0;0;758.61;0;348.08;410.53;52.877
0;1;158;669.929;47.19;0;0;565.938;0;0;565.938;56.802
0;1;159;585.565;0;0;0;545.109;0;0;545.109;40.456
0;1;160;458.731;21.524;0;0;377.618;0;0;377.618;59.589
0;1;161;319.512;0;0;0;260.697;0;0;260.697;58.815
0;1;162;123.24;0;0;0;84.147;0;0;84.147;39.094
0;1;163;10.296;0;0;62.019;0;62.019;0;0;72.316
0;1;164;0;0;0;76.092;0;76.092;0;0;76.092
0;1;165;0;0;0;68.057;0;68.057;0;0;68.057
0;1;166;0;0;0;69.299;0;69.299;0;0;69.299
0;1;167;0;0;0;42.765;0;42.765;0;0;42.765
0;2;0;0;150.087;0;167.286;0;167.286;0;0;17.2
0;2;1;0;153.34;0;179.357;0;179.357;0;0;26.017
0;2;2;0;150.789;0;169.172;0;169.172;0;0;18.383
0;2;3;0;110.066;0;128.889;0;128.889;0;0;18.823
0;2;4;0;0;0;19.18;0;19.18;0;0;19.18
0;2;5;0;160.672;0;179.959;0;179.959;0;0;19.286
0;2;6;0;0;0;21.88;0;21.88;0;0;21.88
0;2;7;63.054;0;0;0;3.862;0;0;3.862;59.192
0;2;8;310.905;109.161;0;0;141.896;0;0;141.896;59.848
0;2;9;547.423;90.101;0;0;409.048;0;0;409.048;48.274
0;2;10;731.991;68.449;0;0;605.49;0;0;605.49;58.053
0;2;11;851.036;78.548;0;0;727.085;0;0;727.085;45.403
0;2;12;908.574;129.815;0;0;732.449;0;0;732.449;46.31
0;2;13;801.076;126.581;0;0;625.582;0;0;625.582;48.912
0;2;14;516.431;0;0;0;466.052;0;0;466.052;50.379
0;2;15;412.757;0;0;0;353.681;0;0;353.681;59.077
0;2;16;396.942;0;0;0;344.511;0;0;344.511;52.43
0;2;17;239.689;52.639;0;0;135.717;0;0;135.717;51.332
0;2;18;49.875;129.006;0;145.766;0;145.766;0;0;66.635
0;2;19;0;32.831;0;100.835;0;100.835;0;0;68.004
0;2;20;0;39.835;0;117.468;0;117.468;0;0;77.633
0;2;21;0;44.845;0;107.962;0;107.962;0;0;63.117
0;2;22;0;49.477;0;115.14;0;115.14;0;0;65.663
0;2;23;0;57.606;0;115.782;0;115.782;0;0;58.176
0;2;24;0;70.485;0;87.144;0;87.144;0;0;16.659
0;2;25;0;0;0;19.219;0;19.219;0;0;19.219
0;2;26;0;0;0;18.695;0;18.695;0;0;18.695
0;2;27;0;135.17;0;154.048;0;154.048;0;0;18.878
0;2;28;0;0;0;18.35;0;18.35;0;0;18.35
0;2;29;0;0;0;22.177;0;22.177;0;0;22.177
0;2;30;0;120.175;0;144.351;0;144.351;0;0;24.177
0;2;31;58.275;112.774;0;104.128;0;104.128;0;0;49.628
0;2;32;290.446;95.428;0;0;145.924;0;0;145.924;49.094
0;2;33;483.594;76.819;0;0;353.901;0;0;353.901;52.874
0;2;34;679.172;54.275;0;0;570.477;0;0;570.477;54.421
0;2;35;803.615;128.602;0;0;626.049;0;0;626.049;48.965
0;2;36;847.945;122.138;0;0;670.898;0;0;670.898;54.908
0;2;37;814.382;104.137;0;0;662.59;0;0;662.59;47.655
0;2;38;739.47;0;0;0;695.615;0;0;695.615;43.854
0;2;39;614.657;27.849;0;0;536.312;0;0;536.312;50.496
0;2;40;399.612;10.796;0;0;332.706;0;0;332.706;56.111
0;2;41;156.289;0;0;0;99.708;0;0;99.708;56.581
0;2;42;35.838;0;0;28.855;0;28.855;0;0;64.693
0;2;43;0;0;0;67.545;0;67.545;0;0;67.545
0;2;44;0;0;0;78.285;0;78.285;0;0;78.285
0;2;45;0;0;0;65.811;0;65.811;0;0;65.811
0;2;46;0;0;0;69.962;0;69.962;0;0;69.962
0;2;47;0;0;0;45.367;0;45.367;0;0;45.367
0;2;48;0;0;0;16.822;0;16.822;0;0;16.822
0;2;49;0;0;0;17.764;0;17.764;0;0;17.764
0;2;50;0;0;0;19.345;0;19.345;0;0;19.345
0;2;51;0;0;0;18.273;0;18.273;0;0;18.273
0;2;52;0;28.855;0;47.285;0;47.285;0;0;18.43
0;2;53;0;30.914;0;50.023;0;50.023;0;0;19.109
0;2;54;0;31.209;0;50.853;0;50.853;0;0;19.644
0;2;55;1.848;40.551;0;105.226;0;105.226;0;0;66.523
0;2;56;48.676;41.023;0;48.378;0;48.378;0;0;56.031
0;2;57;100.665;28.954;0;0;25.39;0;0;25.39;46.321
0;2;58;85.512;24.644;0;0;10.353;0;0;10.353;50.515
0;2;59;107.693;41.404;0;0;24.656;0;0;24.656;41.633
0;2;60;150.196;0;0;0;105.804;0;0;105.804;44.391
0;2;61;161.329;14.934;0;0;102.016;0;0;102.016;44.379
0;2;62;190.751;13.909;0;0;137.247;0;0;137.247;39.595
0;2;63;211.801;37.966;0;0;118.347;0;0;118.347;55.488
0;2;64;96.473;0;0;0;54.448;0;0;54.448;42.025
0;2;65;62.555;0;0;0;9.304;0;0;9.304;53.251
0;2;66;19.782;125.773;0;170.911;0;170.911;0;0;64.919
0;2;67;0;0;0;71.876;0;71.876;0;0;71.876
0;2;68;0;0;0;82.575;0;82.575;0;0;82.575
0;2;69;0;0;0;62.48;0;62.48;0;0;62.48
0;2;70;0;130.624;0;190.02;0;190.02;0;0;59.396
0;2;71;0;21.701;0;80.282;0;80.282;0;0;58.581
0;2;72;0;133.051;0;150.213;0;150.213;0;0;17.162
0;2;73;0;31.934;0;55.547;0;55.547;0;0;23.613
0;2;74;0;39.031;0;57.072;0;57.072;0;0;18.041
0;2;75;0;0;0;19.582;0;19.582;0;0;19.582
0;2;76;0;80.897;0;98.8;0;98.8;0;0;17.903
0;2;77;0;0;0;23.818;0;23.818;0;0;23.818
0;2;78;0;0;0;22.748;0;22.748;0;0;22.748
0;2;79;43.038;0;0;0;18.506;0;0;18.506;24.532
0;2;80;191.21;0;0;0;159.218;0;0;159.218;31.991
0;2;81;156.805;0;0;0;123.221;0;0;123.221;33.584
0;2;82;165.314;49.147;0;0;64.326;0;0;64.326;51.841
0;2;83;385.524;42.481;0;0;308.753;0;0;308.753;34.29
0;2;84;613.383;89.809;0;0;489.25;0;0;489.25;34.324
0;2;85;465.287;1.232;0;0;427.528;0;0;427.528;36.527
0;2;86;289.605;0;0;0;248.133;0;0;248.133;41.472
0;2;87;248.051;128.198;0;0;77.998;0;0;77.998;41.855
0;2;88;170.076;0;0;0;134.223;0;0;134.223;35.853
0;2;89;136.731;95.852;0;0;0;0;0;0;40.879
0;2;90;24.839;47.573;0;75.276;0;75.276;0;0;52.542
0;2;91;0;0;0;50.629;0;50.629;0;0;50.629
0;2;92;0;138.721;0;202.234;0;202.234;0;0;63.513
0;2;93;0;0;0;62.695;0;62.695;0;0;62.695
0;2;94;0;141.154;0;196.601;0;196.601;0;0;55.447
0;2;95;0;48.752;0;91.166;0;91.166;0;0;42.414
0;2;96;0;105.961;0;123.001;0;123.001;0;0;17.04
0;2;97;0;107.807;0;133.549;0;133.549;0;0;25.743
0;2;98;0;0;0;18.744;0;18.744;0;0;18.744
0;2;99;0;0;0;19.302;0;19.302;0;0;19.302
0;2;100;0;117.099;0;136.753;0;136.753;0;0;19.654
0;2;101;0;154.154;0;173.081;0;173.081;0;0;18.927
0;2;102;0;0;0;22.055;0;22.055;0;0;22.055
0;2;103;41.961;129.44;0;138.144;0;138.144;0;0;50.665
0;2;104;276.048;113.171;0;0;114.887;0;0;114.887;47.99
0;2;105;510.42;96.587;0;0;350.301;0;0;350.301;63.532
0;2;106;566.599;70.957;0;0;432.991;0;0;432.991;62.651
0;2;107;428.026;58.079;0;0;311.683;0;0;311.683;58.264
0;2;108;552.407;65.636;0;0;433.923;0;0;433.923;52.848
0;2;109;495.692;30.235;0;0;417.652;0;0;417.652;47.804
0;2;110;467.208;28.213;0;0;387.335;0;0;387.335;51.659
0;2;111;245.782;33.627;0;0;161.759;0;0;161.759;50.396
0;2;112;141.667;29.86;0;0;59.168;0;0;59.168;52.639
0;2;113;116.573;28.216;0;0;24.715;0;0;24.715;63.642
0;2;114;17.935;35.148;0;87.035;0;87.035;0;0;69.822
0;2;115;0;36.48;0;103.807;0;103.807;0;0;67.327
0;2;116;0;79.052;0;152.779;0;152.779;0;0;73.727
0;2;117;0;0;0;59.035;0;59.035;0;0;59.035
0;2;118;0;80.755;0;145.084;0;145.084;0;0;64.329
0;2;119;0;0;0;37.669;0;37.669;0;0;37.669
0;2;120;0;47.851;0;64.492;0;64.492;0;0;16.642
0;2;121;0;47.629;0;71.826;0;71.826;0;0;24.197
0;2;122;0;49.893;0;71.059;0;71.059;0;0;21.166
0;2;123;0;52.824;0;72.054;0;72.054;0;0;19.23
0;2;124;0;54.559;0;73.131;0;73.131;0;0;18.572
0;2;125;0;57.014;0;76.632;0;76.632;0;0;19.618
0;2;126;0;64.078;0;88.615;0;88.615;0;0;24.537
0;2;127;15.915;62.483;0;108.099;0;108.099;0;0;61.531
0;2;128;86.422;103.271;0;80.641;0;80.641;0;0;63.792
0;2;129;141.728;0;0;0;80.324;0;0;80.324;61.404
0;2;130;178.058;43.03;0;0;87.577;0;0;87.577;47.451
0;2;131;209.528;33.961;0;0;121.857;0;0;121.857;53.709
0;2;132;393.12;28.265;0;0;322.614;0;0;322.614;42.242
0;2;133;511.973;41.128;0;0;406.9;0;0;406.9;63.945
0;2;134;237.41;0;0;0;191.416;0;0;191.416;45.994
0;2;135;124.204;0;0;0;77.844;0;0;77.844;46.361
0;2;136;109.815;6.707;0;0;61.066;0;0;61.066;42.042
0;2;137;71.107;117.75;0;115.811;0;115.811;0;0;69.168
0;2;138;14.91;119.401;0;185.687;0;185.687;0;0;81.197
0;2;139;0;64.831;0;158.289;0;158.289;0;0;93.458
0;2;140;0;0;0;78.981;0;78.981;0;0;78.981
0;2;141;0;0;0;69.214;0;69.214;0;0;69.214
0;2;142;0;66.215;0;129.396;0;129.396;0;0;63.181
0;2;143;0;25.849;0;65.449;0;65.449;0;0;39.6
0;2;144;0;32.361;0;49.183;0;49.183;0;0;16.821
0;2;145;0;0;0;18.137;0;18.137;0;0;18.137
0;2;146;0;0;0;18.381;0;18.381;0;0;18.381
0;2;147;0;0;0;19.946;0;19.946;0;0;19.946
0;2;148;0;0;0;18.542;0;18.542;0;0;18.542
0;2;149;0;0;0;19.36;0;19.36;0;0;19.36
0;2;150;0;10.526;0;30.435;0;30.435;0;0;19.909
0;2;151;6.513;64.477;0;113.608;0;113.608;0;0;55.644
0;2;152;33.521;57.102;0;89.7;0;89.7;0;0;66.119
0;2;153;62.364;54.344;0;51.296;0;51.296;0;0;59.316
0;2;154;60.326;55.358;0;58.843;0;58.843;0;0;63.812
0;2;155;88.443;40.077;0;0;0;0;0;0;48.366
0;2;156;127.178;39.055;0;0;39.25;0;0;39.25;48.873
0;2;157;98.729;28.672;0;0;15.393;0;0;15.393;54.665
0;2;158;102.97;24.785;0;0;19.5;0;0;19.5;58.686
0;2;159;85.695;22.146;0;0;13.957;0;0;13.957;49.592
0;2;160;42.363;124.157;0;147.308;0;147.308;0;0;65.513
0;2;161;19.371;32.601;0;86.964;0;86.964;0;0;73.734
0;2;162;4.616;0;0;74.717;0;74.717;0;0;79.333
0;2;163;0;0;0;71.248;0;71.248;0;0;71.248
0;2;164;0;0;0;82.687;0;82.687;0;0;82.687
0;2;165;0;41.914;0;105.219;0;105.219;0;0;63.305
0;2;166;0;98.755;0;162.774;0;162.774;0;0;64.019
0;2;167;0;131.028;0;173.953;0;173.953;0;0;42.924
0;3;0;0;177.025;0;196.858;0;196.858;0;0;19.833
0;3;1;0;177.435;0;201.024;0;201.024;0;0;23.589
0;3;2;0;176.206;0;195.651;0;195.651;0;0;19.446
0;3;3;0;176.615;0;196.11;0;196.11;0;0;19.494
0;3;4;0;177.025;0;196.439;0;196.439;0;0;19.414
0;3;5;0;179.896;0;200.499;0;200.499;0;0;20.603
0;3;6;0;179.896;0;203.222;0;203.222;0;0;23.326
0;3;7;0;179.486;0;241.094;0;241.094;0;0;61.609
0;3;8;0;178.255;0;248.52;0;248.52;0;0;70.265
0;3;9;79.988;176.206;0;159.996;0;159.996;0;0;63.779
0;3;10;154.406;174.157;0;71.886;0;71.886;0;0;52.134
0;3;11;130.438;172.11;0;86.111;0;86.111;0;0;44.439
0;3;12;297.099;170.474;0;0;66.33;0;0;66.33;60.295
0;3;13;549.894;168.429;0;0;331.845;0;0;331.845;49.62
0;3;14;513.489;159.857;0;0;308.122;0;0;308.122;45.51
0;3;15;328.604;159.042;0;0;122.075;0;0;122.075;47.487
0;3;16;71.749;161.08;0;150.045;0;150.045;0;0;60.713
0;3;17;0;164.753;0;247.102;0;247.102;0;0;82.349
0;3;18;0;165.978;0;239.513;0;239.513;0;0;73.535
0;3;19;0;169.656;0;248.151;0;248.151;0;0;78.495
0;3;20;0;171.292;0;253.476;0;253.476;0;0;82.184
0;3;21;0;172.929;0;244.998;0;244.998;0;0;72.069
0;3;22;0;174.157;0;232.131;0;232.131;0;0;57.974
0;3;23;0;175.796;0;218.92;0;218.92;0;0;43.124
0;3;24;0;177.435;0;194.47;0;194.47;0;0;17.035
0;3;25;0;179.896;0;205.332;0;205.332;0;0;25.436
0;3;26;0;179.896;0;197.959;0;197.959;0;0;18.063
0;3;27;0;179.896;0;198.624;0;198.624;0;0;18.728
0;3;28;0;180.717;0;199.92;0;199.92;0;0;19.204
0;3;29;0;181.127;0;202.69;0;202.69;0;0;21.563
0;3;30;0;180.717;0;205.299;0;205.299;0;0;24.582
0;3;31;0;182.359;0;232.004;0;232.004;0;0;49.645
0;3;32;0;180.306;0;247.954;0;247.954;0;0;67.647
0;3;33;68.794;178.255;0;183.641;0;183.641;0;0;74.18
0;3;34;265.58;174.976;0;0;37.356;0;0;37.356;53.248
0;3;35;302.53;174.157;0;0;73.095;0;0;73.095;55.277
0;3;36;349.586;172.929;0;0;121.994;0;0;121.994;54.663
0;3;37;252.257;174.157;0;0;31.872;0;0;31.872;46.228
0;3;38;56.989;174.157;0;181.902;0;181.902;0;0;64.734
0;3;39;32.451;175.386;0;201.385;0;201.385;0;0;58.449
0;3;40;7.627;174.976;0;244.564;0;244.564;0;0;77.215
0;3;41;0;175.796;0;249.297;0;249.297;0;0;73.501
0;3;42;0;175.796;0;249.653;0;249.653;0;0;73.857
0;3;43;0;174.976;0;255.371;0;255.371;0;0;80.394
0;3;44;0;173.748;0;244.937;0;244.937;0;0;71.189
0;3;45;0;172.52;0;238.494;0;238.494;0;0;65.975
0;3;46;0;167.905;0;232.91;0;232.91;0;0;65.006
0;3;47;0;164.532;0;208.692;0;208.692;0;0;44.16
0;3;48;0;114.32;0;131.376;0;131.376;0;0;17.056
0;3;49;0;108.224;0;131.836;0;131.836;0;0;23.612
0;3;50;0;105.338;0;124.251;0;124.251;0;0;18.913
0;3;51;0;102.332;0;121.617;0;121.617;0;0;19.286
0;3;52;0;101.416;0;119.803;0;119.803;0;0;18.387
0;3;53;0;101.979;0;127.29;0;127.29;0;0;25.311
0;3;54;0;101.252;0;130.507;0;130.507;0;0;29.255
0;3;55;0;117.252;0;169.453;0;169.453;0;0;52.2
0;3;56;0;124.015;0;181.81;0;181.81;0;0;57.796
0;3;57;10.379;108.756;0;170.173;0;170.173;0;0;71.795
0;3;58;47.099;110.453;0;117.018;0;117.018;0;0;53.664
0;3;59;41.518;108.073;0;125.517;0;125.517;0;0;58.962
0;3;60;143.713;103.743;0;4.472;0;4.472;0;0;44.443
0;3;61;323.822;97.34;0;0;183.331;0;0;183.331;43.151
0;3;62;190.844;90.553;0;0;48.772;0;0;48.772;51.519
0;3;63;138.207;97.469;0;14.6;0;14.6;0;0;55.338
0;3;64;17.486;91.154;0;150.664;0;150.664;0;0;76.996
0;3;65;0;154.561;0;237.243;0;237.243;0;0;82.681
0;3;66;0;155.783;0;225.119;0;225.119;0;0;69.336
0;3;67;0;157.819;0;226.257;0;226.257;0;0;68.438
0;3;68;0;136.614;0;222.604;0;222.604;0;0;85.99
0;3;69;0;0;0;56.64;0;56.64;0;0;56.64
0;3;70;0;0;0;61.653;0;61.653;0;0;61.653
0;3;71;0;109.936;0;156.227;0;156.227;0;0;46.291
0;3;72;0;113.719;0;131.06;0;131.06;0;0;17.341
0;3;73;0;116.383;0;137.325;0;137.325;0;0;20.941
0;3;74;0;118.769;0;138.346;0;138.346;0;0;19.578
0;3;75;0;123.482;0;142.02;0;142.02;0;0;18.538
0;3;76;0;122.066;0;141.483;0;141.483;0;0;19.418
0;3;77;0;123.653;0;143.734;0;143.734;0;0;20.08
0;3;78;0;161.896;0;181.44;0;181.44;0;0;19.544
0;3;79;0;112.577;0;142.013;0;142.013;0;0;29.436
0;3;80;0;152.566;0;185.814;0;185.814;0;0;33.248
0;3;81;7.565;133.536;0;165.913;0;165.913;0;0;39.941
0;3;82;15.134;133.179;0;161.839;0;161.839;0;0;43.794
0;3;83;33.12;140.697;0;156.516;0;156.516;0;0;48.939
0;3;84;60.575;162.712;0;139.538;0;139.538;0;0;37.401
0;3;85;356.851;161.08;0;0;162.593;0;0;162.593;33.178
0;3;86;346.342;163.528;0;0;143.751;0;0;143.751;39.063
0;3;87;205.81;163.936;0;0;1.298;0;0;1.298;40.576
0;3;88;22.86;165.978;0;193.077;0;193.077;0;0;49.96
0;3;89;0;166.386;0;214.771;0;214.771;0;0;48.384
0;3;90;0;168.429;0;225.919;0;225.919;0;0;57.49
0;3;91;0;171.701;0;240.645;0;240.645;0;0;68.944
0;3;92;0;173.748;0;262.194;0;262.194;0;0;88.446
0;3;93;0;174.567;0;250.217;0;250.217;0;0;75.65
0;3;94;0;176.206;0;227.717;0;227.717;0;0;51.511
0;3;95;0;176.615;0;231.288;0;231.288;0;0;54.673
0;3;96;0;177.435;0;194.243;0;194.243;0;0;16.808
0;3;97;0;179.075;40.471;243.751;0;243.751;0;0;24.204
0;3;98;0;179.486;63.993;262.204;0;262.204;0;0;18.725
0;3;99;0;180.717;63.993;264.702;0;264.702;0;0;19.992
0;3;100;0;179.075;63.993;261.528;0;261.528;0;0;18.46
0;3;101;0;176.615;63.993;259.958;0;259.958;0;0;19.349
0;3;102;0;174.976;63.993;259.22;0;259.22;0;0;20.25
0;3;103;0;174.157;63.993;287.429;0;287.429;0;0;49.278
0;3;104;0;171.292;63.993;298.354;0;298.354;0;0;63.069
0;3;105;5.694;170.065;63.993;306.233;0;306.233;0;0;77.869
0;3;106;20.004;174.157;63.993;302.45;0;302.45;0;0;84.303
0;3;107;25.729;174.976;63.993;291.393;0;291.393;0;0;78.152
0;3;108;48.644;176.615;63.993;271.788;0;271.788;0;0;79.822
0;3;109;56.615;174.976;63.993;252.87;0;252.87;0;0;70.516
0;3;110;41.919;174.157;47.586;267.865;0;267.865;0;0;88.041
0;3;111;23.807;172.929;51.109;272.897;0;272.897;0;0;72.666
0;3;112;3.8;172.11;42.515;286.586;0;286.586;0;0;75.761
0;3;113;0;171.701;38.858;287.869;0;287.869;0;0;77.309
0;3;114;0;171.701;63.993;306.371;0;306.371;0;0;70.677
0;3;115;0;171.292;54.841;316.42;0;316.42;0;0;90.288
0;3;116;0;170.065;58.799;303.039;0;303.039;0;0;74.175
0;3;117;0;170.065;63.993;302.234;0;302.234;0;0;68.176
0;3;118;0;169.656;63.993;299.806;0;299.806;0;0;66.156
0;3;119;0;170.474;63.993;281.907;0;281.907;0;0;47.439
0;3;120;0;170.474;63.993;251.903;0;251.903;0;0;17.436
0;3;121;0;171.292;63.993;257.986;0;257.986;0;0;22.701
0;3;122;0;173.748;63.993;256.976;0;256.976;0;0;19.235
0;3;123;0;176.615;63.993;259.532;0;259.532;0;0;18.923
0;3;124;0;179.896;63.993;262.114;0;262.114;0;0;18.225
0;3;125;0;182.359;63.993;265.561;0;265.561;0;0;19.209
0;3;126;0;181.948;63.993;267.814;0;267.814;0;0;21.872
0;3;127;0;182.359;63.993;301.523;0;301.523;0;0;55.171
0;3;128;0;181.127;63.993;315.355;0;315.355;0;0;70.235
0;3;129;17.969;179.075;63.993;297.351;0;297.351;0;0;72.251
0;3;130;47.124;174.976;53.871;245.699;0;245.699;0;0;63.975
0;3;131;43.822;174.157;38.143;237.961;0;237.961;0;0;69.482
0;3;132;118.618;173.338;34.493;141.39;0;141.39;0;0;52.176
0;3;133;132.297;171.292;3.879;91.118;0;91.118;0;0;48.244
0;3;134;32.334;171.701;0;210.708;0;210.708;0;0;71.341
0;3;135;20.939;172.52;0;218.245;0;218.245;0;0;66.665
0;3;136;1.898;171.701;63.993;305.786;0;305.786;0;0;71.989
0;3;137;0;174.157;63.993;306.826;0;306.826;0;0;68.675
0;3;138;0;174.976;63.993;314.695;0;314.695;0;0;75.726
0;3;139;0;176.206;63.993;325.886;0;325.886;0;0;85.687
0;3;140;0;178.255;63.993;309.78;0;309.78;0;0;67.531
0;3;141;0;179.486;63.993;306.208;0;306.208;0;0;62.729
0;3;142;0;180.717;63.993;314.476;0;314.476;0;0;69.766
0;3;143;0;181.538;63.993;283.852;0;283.852;0;0;38.321
0;3;144;0;179.075;63.993;262.481;0;262.481;0;0;19.412
0;3;145;0;181.127;63.993;264.586;0;264.586;0;0;19.466
0;3;146;0;180.306;63.993;263.144;0;263.144;0;0;18.844
0;3;147;0;182.359;63.993;266.65;0;266.65;0;0;20.297
0;3;148;0;181.538;63.993;264.552;0;264.552;0;0;19.021
0;3;149;0;181.948;63.993;267.373;0;267.373;0;0;21.432
0;3;150;0;180.717;63.993;273.138;0;273.138;0;0;28.428
0;3;151;0;179.075;63.993;302.761;0;302.761;0;0;59.692
0;3;152;0;177.435;63.645;319.985;0;319.985;0;0;78.905
0;3;153;63.636;170.883;33.672;209.152;0;209.152;0;0;68.233
0;3;154;177.748;168.021;14.613;58.072;0;58.072;0;0;53.187
0;3;155;87.019;157.058;0;124.812;0;124.812;0;0;54.772
0;3;156;53.923;152.729;0;153.854;0;153.854;0;0;55.049
0;3;157;60.951;161.08;0;168.025;0;168.025;0;0;67.896
0;3;158;41.617;129.289;0;159.33;0;159.33;0;0;71.658
0;3;159;17.954;162.304;0;226.948;0;226.948;0;0;82.598
0;3;160;8.51;161.488;0;234.873;0;234.873;0;0;81.895
0;3;161;0;161.08;0;227.316;0;227.316;0;0;66.235
0;3;162;0;161.08;0;234.565;0;234.565;0;0;73.484
0;3;163;0;161.08;0;244.327;0;244.327;0;0;83.247
0;3;164;0;159.449;0;229.745;0;229.745;0;0;70.296
0;3;165;0;159.857;0;234.952;0;234.952;0;0;75.095
0;3;166;0;160.265;0;231.707;0;231.707;0;0;71.442
0;3;167;0;161.896;0;210.754;0;210.754;0;0;48.858
5;0;0;0;0;0;16.917;0;16.917;0;0;16.917
5;0;1;0;155.783;0;176.035;0;176.035;0;0;20.252
5;0;2;0;4.078;0;24.311;0;24.311;0;0;20.233
5;0;3;0;103.437;0;124.759;0;124.759;0;0;21.322
5;0;4;0;106.38;0;125.186;0;125.186;0;0;18.806
5;0;5;0;108.482;0;129.238;0;129.238;0;0;20.756
5;0;6;0;123.124;0;148.54;0;148.54;0;0;25.416
5;0;7;0;121.196;0;182.778;0;182.778;0;0;61.582
5;0;8;89.796;111.861;0;81.047;0;81.047;0;0;58.982
5;0;9;294.527;106.356;0;0;135.671;0;0;135.671;52.5
5;0;10;341.181;99.779;0;0;193.313;0;0;193.313;48.088
5;0;11;199.336;90.193;0;0;65.621;0;0;65.621;43.522
5;0;12;263.879;137.012;0;0;77.483;0;0;77.483;49.385
5;0;13;118.036;66.037;0;0;0;0;0;0;52
5;0;14;91.14;30.321;0;0;0;0;0;0;60.819
5;0;15;253.487;148.055;0;0;55.095;0;0;55.095;50.338
5;0;16;158.291;106.632;0;0;0;0;0;0;51.659
5;0;17;48.495;0;0;22.139;0;22.139;0;0;70.634
5;0;18;0.932;146.836;0;219.828;0;219.828;0;0;73.924
5;0;19;0;0;0;73.206;0;73.206;0;0;73.206
5;0;20;0;53.038;0;136.545;0;136.545;0;0;83.508
5;0;21;0;149.274;0;212.515;0;212.515;0;0;63.241
5;0;22;0;151.713;0;203.581;0;203.581;0;0;51.868
5;0;23;0;153.747;0;198.116;0;198.116;0;0;44.369
5;0;24;0;0;0;16.85;0;16.85;0;0;16.85
5;0;25;0;0;0;18.334;0;18.334;0;0;18.334
5;0;26;0;101.789;0;121.776;0;121.776;0;0;19.988
5;0;27;0;160.265;0;179.935;0;179.935;0;0;19.67
5;0;28;0;160.672;0;179.235;0;179.235;0;0;18.562
5;0;29;0;163.528;0;183.701;0;183.701;0;0;20.173
5;0;30;0;0;0;23.287;0;23.287;0;0;23.287
5;0;31;0;136.758;0;198.716;0;198.716;0;0;61.958
5;0;32;82.975;127.051;0;109.84;0;109.84;0;0;65.764
5;0;33;257.969;119.767;0;0;85.842;0;0;85.842;52.36
5;0;34;383.351;111.602;0;0;219.183;0;0;219.183;52.567
5;0;35;386.574;96.607;0;0;242.672;0;0;242.672;47.295
5;0;36;286.631;96.266;0;0;147.999;0;0;147.999;42.366
5;0;37;560.986;83.808;0;0;425.936;0;0;425.936;51.243
5;0;38;637.461;148.055;0;0;438.188;0;0;438.188;51.218
5;0;39;511.231;145.212;0;0;312.667;0;0;312.667;53.353
5;0;40;261.485;145.212;0;0;59.172;0;0;59.172;57.102
5;0;41;88.186;31.107;0;0;0;0;0;0;57.079
5;0;42;1.866;146.43;0;206.538;0;206.538;0;0;61.974
5;0;43;0;148.867;0;223.027;0;223.027;0;0;74.16
5;0;44;0;88.995;0;160.642;0;160.642;0;0;71.647
5;0;45;0;27.185;0;85.49;0;85.49;0;0;58.305
5;0;46;0;154.561;0;219.944;0;219.944;0;0;65.383
5;0;47;0;96.661;0;143.394;0;143.394;0;0;46.733
5;0;48;0;0;0;17.282;0;17.282;0;0;17.282
5;0;49;0;0;0;19.915;0;19.915;0;0;19.915
5;0;50;0;0;0;19.197;0;19.197;0;0;19.197
5;0;51;0;0;0;18.749;0;18.749;0;0;18.749
5;0;52;0;50.255;0;69.346;0;69.346;0;0;19.09
5;0;53;0;91.918;0;112.611;0;112.611;0;0;20.694
5;0;54;0;95.663;0;118.727;0;118.727;0;0;23.065
5;0;55;0;117.828;0;178.122;0;178.122;0;0;60.294
5;0;56;56.397;113.075;0;120.408;0;120.408;0;0;63.73
5;0;57;151.263;97.419;0;0;2.339;0;0;2.339;51.505
5;0;58;266.169;90.199;0;0;127.57;0;0;127.57;48.399
5;0;59;368.718;96.764;0;0;230.28;0;0;230.28;41.674
5;0;60;196.781;150.493;0;0;4.704;0;0;4.704;41.584
5;0;61;80.792;33.675;0;0;0;0;0;0;47.117
5;0;62;64.904;15.85;0;0;0;0;0;0;49.054
5;0;63;377.177;77.5;0;0;251.758;0;0;251.758;47.918
5;0;64;391.171;144.806;0;0;189.115;0;0;189.115;57.25
5;0;65;66.455;0;0;3.973;0;3.973;0;0;70.428
5;0;66;0.93;17.755;0;100.842;0;100.842;0;0;84.017
5;0;67;0;48.48;0;137.159;0;137.159;0;0;88.679
5;0;68;0;134.671;0;205.787;0;205.787;0;0;71.117
5;0;69;0;134.671;0;211.963;0;211.963;0;0;77.293
5;0;70;0;136.695;0;194.436;0;194.436;0;0;57.741
5;0;71;0;80.182;0;123.616;0;123.616;0;0;43.434
5;0;72;0;0;0;16.68;0;16.68;0;0;16.68
5;0;73;0;0;0;18.497;0;18.497;0;0;18.497
5;0;74;0;0;0;18.753;0;18.753;0;0;18.753
5;0;75;0;0;0;19.291;0;19.291;0;0;19.291
5;0;76;0;151.855;0;170.5;0;170.5;0;0;18.646
5;0;77;0;0;0;19.385;0;19.385;0;0;19.385
5;0;78;0;96.193;0;117.468;0;117.468;0;0;21.275
5;0;79;0;161.488;0;185.464;0;185.464;0;0;23.975
5;0;80;18.108;86.987;0;107.566;0;107.566;0;0;38.687
5;0;81;48.917;110.689;0;97.355;0;97.355;0;0;35.583
5;0;82;79.296;108.157;0;68.924;0;68.924;0;0;40.063
5;0;83;134.974;103.381;0;8.644;0;8.644;0;0;40.237
5;0;84;201.207;101.917;0;0;53.026;0;0;53.026;46.263
5;0;85;173.354;136.397;0;0;0;0;0;0;36.957
5;0;86;95.938;54.606;0;0;0;0;0;0;41.332
5;0;87;157.23;126.558;0;0;0;0;0;0;30.673
5;0;88;91.703;160.265;0;102.307;0;102.307;0;0;33.745
5;0;89;141.36;162.304;0;59.108;0;59.108;0;0;38.165
5;0;90;14.239;0;0;39.757;0;39.757;0;0;53.996
5;0;91;0;46.681;0;112.986;0;112.986;0;0;66.306
5;0;92;0;166.795;0;253.002;0;253.002;0;0;86.208
5;0;93;0;111.406;0;178.471;0;178.471;0;0;67.065
5;0;94;0;169.247;0;236.641;0;236.641;0;0;67.394
5;0;95;0;169.247;0;216.509;0;216.509;0;0;47.262
5;0;96;0;170.474;0;187.402;0;187.402;0;0;16.928
5;0;97;0;172.11;0;196.1;0;196.1;0;0;23.989
5;0;98;0;172.929;0;190.877;0;190.877;0;0;17.948
5;0;99;0;174.157;0;192.528;0;192.528;0;0;18.371
5;0;100;0;174.157;0;193.18;0;193.18;0;0;19.023
5;0;101;0;174.157;0;193.394;0;193.394;0;0;19.237
5;0;102;0;173.338;0;193.45;0;193.45;0;0;20.112
5;0;103;0;173.748;0;231.46;0;231.46;0;0;57.712
5;0;104;67.258;172.52;0;173.173;0;173.173;0;0;67.911
5;0;105;160.176;170.883;0;58.185;0;58.185;0;0;47.477
5;0;106;144.662;165.444;0;75.693;0;75.693;0;0;54.912
5;0;107;113.93;152.992;0;103.18;0;103.18;0;0;64.118
5;0;108;103.1;149.359;0;99.64;0;99.64;0;0;53.382
5;0;109;86.284;138.909;0;103.513;0;103.513;0;0;50.888
5;0;110;354.986;161.08;0;0;140.309;0;0;140.309;53.597
5;0;111;315.892;159.449;0;0;107.054;0;0;107.054;49.389
5;0;112;49.05;159.857;0;180.547;0;180.547;0;0;69.74
5;0;113;39.208;164.753;0;198.514;0;198.514;0;0;72.969
5;0;114;15.223;166.386;0;233.635;0;233.635;0;0;82.471
5;0;115;0;121.887;0;205.561;0;205.561;0;0;83.674
5;0;116;0;0;0;82.816;0;82.816;0;0;82.816
5;0;117;0;157.522;0;232.654;0;232.654;0;0;75.133
5;0;118;0;150.549;0;217.785;0;217.785;0;0;67.236
5;0;119;0;156.62;0;196.672;0;196.672;0;0;40.051
5;0;120;0;164.317;0;183.207;0;183.207;0;0;18.89
5;0;121;0;164.168;0;185.47;0;185.47;0;0;21.302
5;0;122;0;172.389;0;191.62;0;191.62;0;0;19.23
5;0;123;0;176.206;0;195.427;0;195.427;0;0;19.221
5;0;124;0;176.206;0;194.111;0;194.111;0;0;17.906
5;0;125;0;176.206;0;194.907;0;194.907;0;0;18.701
5;0;126;0;175.386;0;197.162;0;197.162;0;0;21.776
5;0;127;0;175.796;0;236.973;0;236.973;0;0;61.177
5;0;128;81.034;166.82;0;154.366;0;154.366;0;0;68.58
5;0;129;261.152;174.157;0;0;37.561;0;0;37.561;49.433
5;0;130;257.459;171.292;0;0;35.211;0;0;35.211;50.955
5;0;131;112.91;124.61;0;58.274;0;58.274;0;0;46.573
5;0;132;76.995;153.866;0;124.823;0;124.823;0;0;47.952
5;0;133;144.871;136.972;0;53.276;0;53.276;0;0;61.175
5;0;134;123.62;132.436;0;67.549;0;67.549;0;0;58.734
5;0;135;240.578;163.528;0;0;28.923;0;0;28.923;48.127
5;0;136;202.958;164.345;0;10.692;0;10.692;0;0;49.306
5;0;137;207.976;165.161;0;17.25;0;17.25;0;0;60.065
5;0;138;5.698;168.838;0;241.957;0;241.957;0;0;78.816
5;0;139;0;170.883;0;241.344;0;241.344;0;0;70.461
5;0;140;0;172.929;0;246.008;0;246.008;0;0;73.079
5;0;141;0;175.386;0;232.343;0;232.343;0;0;56.957
5;0;142;0;9.103;0;79.948;0;79.948;0;0;70.845
5;0;143;0;179.075;0;219.268;0;219.268;0;0;40.193
5;0;144;0;179.075;0;195.725;0;195.725;0;0;16.649
5;0;145;0;182.359;0;203.275;0;203.275;0;0;20.916
5;0;146;0;181.948;0;201.148;0;201.148;0;0;19.2
5;0;147;0;185.235;0;204.247;0;204.247;0;0;19.012
5;0;148;0;186.468;0;205.484;0;205.484;0;0;19.016
5;0;149;0;187.702;0;206.635;0;206.635;0;0;18.933
5;0;150;0;190.995;0;213.16;0;213.16;0;0;22.165
5;0;151;2.889;190.583;0;245.715;0;245.715;0;0;58.021
5;0;152;175.515;190.171;0;68.609;0;68.609;0;0;53.952
5;0;153;457.018;187.291;0;0;219.482;0;0;219.482;50.245
5;0;154;553.316;181.948;0;0;326.808;0;0;326.808;44.56
5;0;155;399.633;176.615;0;0;179.367;0;0;179.367;43.651
5;0;156;531.747;174.157;0;0;312.273;0;0;312.273;45.316
5;0;157;268.872;171.701;0;0;37.362;0;0;37.362;59.808
5;0;158;94.204;174.157;0;137.577;0;137.577;0;0;57.623
5;0;159;165.729;173.748;0;56.279;0;56.279;0;0;48.26
5;0;160;265.369;178.665;0;0;31.828;0;0;31.828;54.876
5;0;161;147.18;179.896;0;89.001;0;89.001;0;0;56.285
5;0;162;20.09;179.896;0;221.661;0;221.661;0;0;61.855
5;0;163;0;184.002;0;258.507;0;258.507;0;0;74.505
5;0;164;0;186.057;0;261.694;0;261.694;0;0;75.637
5;0;165;0;188.525;0;260.092;0;260.092;0;0;71.567
5;0;166;0;190.583;0;253.995;0;253.995;0;0;63.412
5;0;167;0;187.702;0;238.172;0;238.172;0;0;50.47
5;1;0;0;0;0;16.763;0;16.763;0;0;16.763
5;1;1;0;0;0;17.892;0;17.892;0;0;17.892
5;1;2;0;0;0;18.353;0;18.353;0;0;18.353
5;1;3;0;0;0;19.991;0;19.991;0;0;19.991
5;1;4;0;0;0;21.049;0;21.049;0;0;21.049
5;1;5;0;0;0;19.563;0;19.563;0;0;19.563
5;1;6;9.443;0;0;16.615;0;16.615;0;0;26.057
5;1;7;103.483;0;0;0;63.39;0;0;63.39;40.093
5;1;8;291.68;0;0;0;230.815;0;0;230.815;60.865
5;1;9;502.158;0;0;0;437.319;0;54.199;383.121;64.839
5;1;10;668.715;0;0;0;607.586;0;200.692;406.894;61.129
5;1;11;757.961;0;0;0;704.104;0;332.434;371.67;53.857
5;1;12;827.585;0;0;0;775.526;0;413.616;361.91;52.06
5;1;13;927.162;0;0;0;869.748;0;493.39;376.358;57.414
5;1;14;759.468;32.796;0;0;668.22;0;285.563;382.657;58.452
5;1;15;518.036;3.22;0;0;464.418;0;0;464.418;50.397
5;1;16;354.002;0;0;0;293.678;0;0;293.678;60.324
5;1;17;214.347;0;0;0;158.85;0;0;158.85;55.497
5;1;18;94.017;0;0;0;39.729;0;0;39.729;54.288
5;1;19;3.626;0;0;69.952;0;69.952;0;0;73.578
5;1;20;0;0;0;73.7;0;73.7;0;0;73.7
5;1;21;0;0;0;70.329;0;70.329;0;0;70.329
5;1;22;0;0;0;58.006;0;58.006;0;0;58.006
5;1;23;0;0;0;41.519;0;41.519;0;0;41.519
5;1;24;0;0;0;17.033;0;17.033;0;0;17.033
5;1;25;0;0;0;22.962;0;22.962;0;0;22.962
5;1;26;0;0;0;19.109;0;19.109;0;0;19.109
5;1;27;0;0;0;19.443;0;19.443;0;0;19.443
5;1;28;0;0;0;18.48;0;18.48;0;0;18.48
5;1;29;0;0;0;20.301;0;20.301;0;0;20.301
5;1;30;7.682;0;0;17.373;0;17.373;0;0;25.054
5;1;31;95.774;0;0;0;45.913;0;0;45.913;49.862
5;1;32;283.548;0;0;0;223.07;0;0;223.07;60.478
5;1;33;476.638;3.075;0;0;419.749;0;42.447;377.302;53.815
5;1;34;617.246;3.42;0;0;561.237;0;164.494;396.744;52.588
5;1;35;745.986;3.097;0;0;699.142;0;304.83;394.313;43.748
5;1;36;904.214;3.744;0;0;858.377;0;495.97;362.407;42.093
5;1;37;922.453;2.53;0;0;869.693;0;501.968;367.725;50.23
5;1;38;863.526;2.928;0;0;812.136;0;413.104;399.032;48.461
5;1;39;732.089;65.011;0;0;622.384;0;46.296;576.088;44.694
5;1;40;548.171;0;0;0;493.602;0;133.054;360.548;54.569
5;1;41;326.724;0;0;0;265.679;0;0;265.679;61.044
5;1;42;144.213;0;0;0;85.25;0;0;85.25;58.963
5;1;43;13.955;0;0;51.377;0;51.377;0;0;65.332
5;1;44;0;0;0;77.275;0;77.275;0;0;77.275
5;1;45;0;0;0;65.547;0;65.547;0;0;65.547
5;1;46;0;0;0;56.193;0;56.193;0;0;56.193
5;1;47;0;0;0;56.054;0;56.054;0;0;56.054
5;1;48;0;0;0;17.665;0;17.665;0;0;17.665
5;1;49;0;0;0;19.433;0;19.433;0;0;19.433
5;1;50;0;0;0;18.81;0;18.81;0;0;18.81
5;1;51;0;0;0;18.246;0;18.246;0;0;18.246
5;1;52;0;0;0;22.32;0;22.32;0;0;22.32
5;1;53;0;0;0;19.955;0;19.955;0;0;19.955
5;1;54;4.561;0;0;19.886;0;19.886;0;0;24.447
5;1;55;57.77;0;0;0;7.924;0;0;7.924;49.846
5;1;56;228.594;0;0;0;180.79;0;0;180.79;47.804
5;1;57;431.343;0;0;0;385.193;0;69.148;316.045;46.15
5;1;58;604.204;3.179;0;0;557.285;0;206.216;351.069;43.74
5;1;59;724.353;3.07;0;0;680.775;0;342.777;337.998;40.508
5;1;60;829.862;2.162;0;0;786.615;0;448.095;338.52;41.084
5;1;61;742.405;74.041;0;0;628.165;0;175.002;453.163;40.198
5;1;62;489.043;0;0;0;438.455;0;0;438.455;50.588
5;1;63;204.916;0;0;0;157.602;0;0;157.602;47.314
5;1;64;330.529;0;0;0;279.977;0;0;279.977;50.552
5;1;65;254.11;0;0;0;207.928;0;0;207.928;46.183
5;1;66;104.648;0;0;0;47.418;0;0;47.418;57.231
5;1;67;12.701;0;0;47.903;0;47.903;0;0;60.604
5;1;68;0;0;0;77.337;0;77.337;0;0;77.337
5;1;69;0;0;0;64.027;0;64.027;0;0;64.027
5;1;70;0;0;0;58.409;0;58.409;0;0;58.409
5;1;71;0;0;0;39.712;0;39.712;0;0;39.712
5;1;72;0;0;0;17.553;0;17.553;0;0;17.553
5;1;73;0;0;0;19.72;0;19.72;0;0;19.72
5;1;74;0;0;0;19.438;0;19.438;0;0;19.438
5;1;75;0;0;0;18.504;0;18.504;0;0;18.504
5;1;76;0;0;0;18.562;0;18.562;0;0;18.562
5;1;77;0;0;0;23.894;0;23.894;0;0;23.894
5;1;78;5.518;0;0;16.384;0;16.384;0;0;21.902
5;1;79;72.358;0;0;0;44.938;0;0;44.938;27.42
5;1;80;259.662;0;0;0;229.653;0;61.162;168.49;30.01
5;1;81;498.185;3.298;0;0;459.393;0;261.087;198.306;35.494
5;1;82;694.5;3.914;0;0;654.416;0;449.839;204.577;36.17
5;1;83;839.504;3.022;0;0;798.238;0;601.424;196.814;38.244
5;1;84;900.278;2.333;0;0;862.44;0;671.279;191.161;35.505
5;1;85;836.915;3.31;0;0;792.905;0;602.644;190.261;40.699
5;1;86;737.009;3.247;0;0;693.536;0;498.372;195.164;40.226
5;1;87;687.445;62.955;0;0;591.078;0;202.624;388.454;33.412
5;1;88;384.838;0;0;0;338.093;0;160.578;177.515;46.745
5;1;89;207.145;0;0;0;170.744;0;0;170.744;36.401
5;1;90;132.76;0;0;0;81.403;0;0;81.403;51.357
5;1;91;13.061;0;0;51.695;0;51.695;0;0;64.757
5;1;92;0;0;0;67.966;0;67.966;0;0;67.966
5;1;93;0;0;0;64.396;0;64.396;0;0;64.396
5;1;94;0;0;0;58.339;0;58.339;0;0;58.339
5;1;95;0;0;0;49.996;0;49.996;0;0;49.996
5;1;96;0;0;0;16.783;0;16.783;0;0;16.783
5;1;97;0;0;0;18.711;0;18.711;0;0;18.711
5;1;98;0;0;0;22.833;0;22.833;0;0;22.833
5;1;99;0;0;0;19.229;0;19.229;0;0;19.229
5;1;100;0;0;0;18.228;0;18.228;0;0;18.228
5;1;101;0;0;0;19.633;0;19.633;0;0;19.633
5;1;102;4.59;0;0;15.014;0;15.014;0;0;19.604
5;1;103;79.97;0;0;0;43.675;0;0;43.675;36.294
5;1;104;207.233;0;0;0;153.089;0;0;153.089;54.144
5;1;105;234.25;0;0;0;182.996;0;0;182.996;51.254
5;1;106;499.635;3.63;0;0;444.107;0;25.878;418.228;51.898
5;1;107;856.629;2.97;0;0;789.595;0;370.845;418.75;64.064
5;1;108;959.087;4.05;0;0;896.7;0;494.325;402.375;58.338
5;1;109;778.777;69.147;0;0;651.594;0;33.081;618.513;58.036
5;1;110;409.618;0;0;0;342.305;0;0;342.305;67.313
5;1;111;323.566;0;0;0;270.864;0;0;270.864;52.702
5;1;112;296.567;0;0;0;231.019;0;0;231.019;65.548
5;1;113;236.018;0;0;0;169.029;0;0;169.029;66.989
5;1;114;124.487;0;0;0;70.134;0;0;70.134;54.354
5;1;115;12.21;0;0;57.926;0;57.926;0;0;70.136
5;1;116;0;0;0;71.854;0;71.854;0;0;71.854
5;1;117;0;0;0;59.689;0;59.689;0;0;59.689
5;1;118;0;0;0;53.321;0;53.321;0;0;53.321
5;1;119;0;0;0;35.648;0;35.648;0;0;35.648
5;1;120;0;0;0;16.989;0;16.989;0;0;16.989
5;1;121;0;0;0;20.609;0;20.609;0;0;20.609
5;1;122;0;0;0;18.532;0;18.532;0;0;18.532
5;1;123;0;0;0;18.088;0;18.088;0;0;18.088
5;1;124;0;0;0;19.257;0;19.257;0;0;19.257
5;1;125;0;0;0;19.214;0;19.214;0;0;19.214
5;1;126;2.747;0;0;17.794;0;17.794;0;0;20.541
5;1;127;60.213;0;0;0;9.533;0;0;9.533;50.68
5;1;128;263.634;0;0;0;208.646;0;0;208.646;54.988
5;1;129;493.518;3.952;0;0;438.423;0;42.588;395.835;51.142
5;1;130;689.626;3.409;0;0;629.341;0;226.054;403.287;56.876
5;1;131;818.183;3.141;0;0;761.311;0;369.257;392.054;53.731
5;1;132;893.432;4.384;0;0;830.718;0;447.564;383.154;58.33
5;1;133;844.951;3.001;0;0;778.253;0;393.803;384.45;63.697
5;1;134;668.362;61.245;0;0;559.226;0;23.071;536.154;47.891
5;1;135;473.167;0;0;0;429.544;0;0;429.544;43.623
5;1;136;368.539;0;0;0;325.428;0;0;325.428;43.111
5;1;137;286.585;0;0;0;238.111;0;0;238.111;48.474
5;1;138;127.731;0;0;0;66.864;0;0;66.864;60.867
5;1;139;11.036;0;0;57.96;0;57.96;0;0;68.997
5;1;140;0;0;0;65.642;0;65.642;0;0;65.642
5;1;141;0;0;0;62.976;0;62.976;0;0;62.976
5;1;142;0;0;0;52.098;0;52.098;0;0;52.098
5;1;143;0;0;0;62.957;0;62.957;0;0;62.957
5;1;144;0;0;0;17.761;0;17.761;0;0;17.761
5;1;145;0;0;0;18.734;0;18.734;0;0;18.734
5;1;146;0;0;0;18.328;0;18.328;0;0;18.328
5;1;147;0;0;0;18.938;0;18.938;0;0;18.938
5;1;148;0;0;0;21.383;0;21.383;0;0;21.383
5;1;149;0;0;0;19.675;0;19.675;0;0;19.675
5;1;150;1.819;0;0;19.963;0;19.963;0;0;21.782
5;1;151;77.796;0;0;0;36.233;0;0;36.233;41.563
5;1;152;273.766;0;0;0;212.427;0;0;212.427;61.339
5;1;153;497.993;3.692;0;0;442.879;0;52.541;390.338;51.422
5;1;154;692.292;3.439;0;0;635.618;0;232.755;402.863;53.235
5;1;155;837.106;2.833;0;0;779.082;0;380.269;398.814;55.191
5;1;156;916.629;4.153;0;0;859.835;0;474.17;385.665;52.641
5;1;157;901.875;76.223;0;0;772.775;0;357.762;415.012;52.877
5;1;158;669.929;44.144;0;0;568.983;0;0;568.983;56.802
5;1;159;585.565;0;0;0;545.109;0;0;545.109;40.456
5;1;160;458.731;0;0;0;399.142;0;0;399.142;59.589
5;1;161;319.512;0;0;0;260.697;0;0;260.697;58.815
5;1;162;123.24;0;0;0;84.147;0;0;84.147;39.094
5;1;163;10.296;0;0;62.019;0;62.019;0;0;72.316
5;1;164;0;0;0;76.092;0;76.092;0;0;76.092
5;1;165;0;0;0;68.057;0;68.057;0;0;68.057
5;1;166;0;0;0;69.299;0;69.299;0;0;69.299
5;1;167;0;0;0;42.765;0;42.765;0;0;42.765
5;2;0;0;150.087;0;167.286;0;167.286;0;0;17.2
5;2;1;0;153.34;0;179.357;0;179.357;0;0;26.017
5;2;2;0;155.783;0;174.165;0;174.165;0;0;18.383
5;2;3;0;68.514;0;87.337;0;87.337;0;0;18.823
5;2;4;0;0;0;19.18;0;19.18;0;0;19.18
5;2;5;0;160.672;0;179.959;0;179.959;0;0;19.286
5;2;6;0;0;0;21.88;0;21.88;0;0;21.88
5;2;7;63.054;0;0;0;3.862;0;0;3.862;59.192
5;2;8;310.905;98.375;0;0;152.682;0;0;152.682;59.848
5;2;9;547.423;81.199;0;0;417.951;0;0;417.951;48.274
5;2;10;731.991;61.686;0;0;612.253;0;0;612.253;58.053
5;2;11;851.036;114.344;0;0;691.289;0;0;691.289;45.403
5;2;12;908.574;129.815;0;0;732.449;0;0;732.449;46.31
5;2;13;801.076;126.581;0;0;625.582;0;0;625.582;48.912
5;2;14;516.431;0;0;0;466.052;0;0;466.052;50.379
5;2;15;412.757;0;0;0;353.681;0;0;353.681;59.077
5;2;16;396.942;0;0;0;344.511;0;0;344.511;52.43
5;2;17;239.689;0;0;0;188.356;0;0;188.356;51.332
5;2;18;49.875;129.006;0;145.766;0;145.766;0;0;66.635
5;2;19;0;29.875;0;97.878;0;97.878;0;0;68.004
5;2;20;0;36.195;0;113.828;0;113.828;0;0;77.633
5;2;21;0;40.713;0;103.83;0;103.83;0;0;63.117
5;2;22;0;44.898;0;110.561;0;110.561;0;0;65.663
5;2;23;0;52.229;0;110.405;0;110.405;0;0;58.176
5;2;24;0;63.842;0;80.501;0;80.501;0;0;16.659
5;2;25;0;0;0;19.219;0;19.219;0;0;19.219
5;2;26;0;0;0;18.695;0;18.695;0;0;18.695
5;2;27;0;89.053;0;107.93;0;107.93;0;0;18.878
5;2;28;0;0;0;18.35;0;18.35;0;0;18.35
5;2;29;0;0;0;22.177;0;22.177;0;0;22.177
5;2;30;0;108.3;0;132.477;0;132.477;0;0;24.177
5;2;31;58.275;101.631;0;92.985;0;92.985;0;0;49.628
5;2;32;290.446;85.999;0;0;155.353;0;0;155.353;49.094
5;2;33;483.594;69.229;0;0;361.491;0;0;361.491;52.874
5;2;34;679.172;48.912;0;0;575.84;0;0;575.84;54.421
5;2;35;803.615;128.602;0;0;626.049;0;0;626.049;48.965
5;2;36;847.945;122.138;0;0;670.898;0;0;670.898;54.908
5;2;37;814.382;96.322;0;0;670.405;0;0;670.405;47.655
5;2;38;739.47;0;0;0;695.615;0;0;695.615;43.854
5;2;39;614.657;25.614;0;0;538.547;0;0;538.547;50.496
5;2;40;399.612;9.99;0;0;333.512;0;0;333.512;56.111
5;2;41;156.289;0;0;0;99.708;0;0;99.708;56.581
5;2;42;35.838;0;0;28.855;0;28.855;0;0;64.693
5;2;43;0;0;0;67.545;0;67.545;0;0;67.545
5;2;44;0;0;0;78.285;0;78.285;0;0;78.285
5;2;45;0;0;0;65.811;0;65.811;0;0;65.811
5;2;46;0;0;0;69.962;0;69.962;0;0;69.962
5;2;47;0;0;0;45.367;0;45.367;0;0;45.367
5;2;48;0;0;0;16.822;0;16.822;0;0;16.822
5;2;49;0;0;0;17.764;0;17.764;0;0;17.764
5;2;50;0;0;0;19.345;0;19.345;0;0;19.345
5;2;51;0;0;0;18.273;0;18.273;0;0;18.273
5;2;52;0;0.256;0;18.685;0;18.685;0;0;18.43
5;2;53;0;27.86;0;46.968;0;46.968;0;0;19.109
5;2;54;0;28.125;0;47.77;0;47.77;0;0;19.644
5;2;55;1.848;36.544;0;101.22;0;101.22;0;0;66.523
5;2;56;48.676;36.969;0;44.324;0;44.324;0;0;56.031
5;2;57;100.665;26.093;0;0;28.251;0;0;28.251;46.321
5;2;58;85.512;22.209;0;0;12.788;0;0;12.788;50.515
5;2;59;107.693;37.313;0;0;28.747;0;0;28.747;41.633
5;2;60;150.196;0;0;0;105.804;0;0;105.804;44.391
5;2;61;161.329;13.458;0;0;103.492;0;0;103.492;44.379
5;2;62;190.751;12.535;0;0;138.621;0;0;138.621;39.595
5;2;63;211.801;34.214;0;0;122.098;0;0;122.098;55.488
5;2;64;96.473;0;0;0;54.448;0;0;54.448;42.025
5;2;65;62.555;0;0;0;9.304;0;0;9.304;53.251
5;2;66;19.782;125.773;0;170.911;0;170.911;0;0;64.919
5;2;67;0;0;0;71.876;0;71.876;0;0;71.876
5;2;68;0;0;0;82.575;0;82.575;0;0;82.575
5;2;69;0;0;0;62.48;0;62.48;0;0;62.48
5;2;70;0;130.624;0;190.02;0;190.02;0;0;59.396
5;2;71;0;9.693;0;68.274;0;68.274;0;0;58.581
5;2;72;0;133.051;0;150.213;0;150.213;0;0;17.162
5;2;73;0;29.07;0;52.683;0;52.683;0;0;23.613
5;2;74;0;35.474;0;53.515;0;53.515;0;0;18.041
5;2;75;0;0;0;19.582;0;19.582;0;0;19.582
5;2;76;0;42.896;0;60.798;0;60.798;0;0;17.903
5;2;77;0;0;0;23.818;0;23.818;0;0;23.818
5;2;78;0;0;0;22.748;0;22.748;0;0;22.748
5;2;79;43.038;0;0;0;18.506;0;0;18.506;24.532
5;2;80;191.21;0;0;0;159.218;0;0;159.218;31.991
5;2;81;156.805;0;0;0;123.221;0;0;123.221;33.584
5;2;82;165.314;44.291;0;0;69.182;0;0;69.182;51.841
5;2;83;385.524;38.283;0;0;312.951;0;0;312.951;34.29
5;2;84;613.383;84.184;0;0;494.875;0;0;494.875;34.324
5;2;85;465.287;1.232;0;0;427.528;0;0;427.528;36.527
5;2;86;289.605;0;0;0;248.133;0;0;248.133;41.472
5;2;87;248.051;128.198;0;0;77.998;0;0;77.998;41.855
5;2;88;170.076;0;0;0;134.223;0;0;134.223;35.853
5;2;89;136.731;95.852;0;0;0;0;0;0;40.879
5;2;90;24.839;19.431;0;47.134;0;47.134;0;0;52.542
5;2;91;0;0;0;50.629;0;50.629;0;0;50.629
5;2;92;0;138.721;0;202.234;0;202.234;0;0;63.513
5;2;93;0;0;0;62.695;0;62.695;0;0;62.695
5;2;94;0;141.154;0;196.601;0;196.601;0;0;55.447
5;2;95;0;44.244;0;86.658;0;86.658;0;0;42.414
5;2;96;0;95.805;0;112.846;0;112.846;0;0;17.04
5;2;97;0;97.472;0;123.215;0;123.215;0;0;25.743
5;2;98;0;0;0;18.744;0;18.744;0;0;18.744
5;2;99;0;0;0;19.302;0;19.302;0;0;19.302
5;2;100;0;58.353;0;78.007;0;78.007;0;0;19.654
5;2;101;0;154.154;0;173.081;0;173.081;0;0;18.927
5;2;102;0;0;0;22.055;0;22.055;0;0;22.055
5;2;103;41.961;116.651;0;125.355;0;125.355;0;0;50.665
5;2;104;276.048;101.989;0;0;126.069;0;0;126.069;47.99
5;2;105;510.42;87.044;0;0;359.844;0;0;359.844;63.532
5;2;106;566.599;63.946;0;0;440.002;0;0;440.002;62.651
5;2;107;428.026;52.34;0;0;317.422;0;0;317.422;58.264
5;2;108;552.407;74.207;0;0;425.352;0;0;425.352;52.848
5;2;109;495.692;37.471;0;0;410.417;0;0;410.417;47.804
5;2;110;467.208;0.688;0;0;414.86;0;0;414.86;51.659
5;2;111;245.782;30.304;0;0;165.082;0;0;165.082;50.396
5;2;112;141.667;26.91;0;0;62.119;0;0;62.119;52.639
5;2;113;116.573;25.428;0;0;27.503;0;0;27.503;63.642
5;2;114;17.935;31.675;0;83.562;0;83.562;0;0;69.822
5;2;115;0;32.876;0;100.202;0;100.202;0;0;67.327
5;2;116;0;71.241;0;144.968;0;144.968;0;0;73.727
5;2;117;0;0;0;59.035;0;59.035;0;0;59.035
5;2;118;0;72.776;0;137.105;0;137.105;0;0;64.329
5;2;119;0;0;0;37.669;0;37.669;0;0;37.669
5;2;120;0;43.123;0;59.764;0;59.764;0;0;16.642
5;2;121;0;42.923;0;67.12;0;67.12;0;0;24.197
5;2;122;0;44.963;0;66.13;0;66.13;0;0;21.166
5;2;123;0;47.604;0;66.834;0;66.834;0;0;19.23
5;2;124;0;49.168;0;67.74;0;67.74;0;0;18.572
5;2;125;0;51.381;0;70.999;0;70.999;0;0;19.618
5;2;126;0;57.747;0;82.284;0;82.284;0;0;24.537
5;2;127;15.915;104.834;0;150.45;0;150.45;0;0;61.531
5;2;128;86.422;0;0;0;22.63;0;0;22.63;63.792
5;2;129;141.728;44.871;0;0;35.452;0;0;35.452;61.404
5;2;130;178.058;38.778;0;0;91.829;0;0;91.829;47.451
5;2;131;209.528;30.605;0;0;125.213;0;0;125.213;53.709
5;2;132;393.12;25.472;0;0;325.406;0;0;325.406;42.242
5;2;133;511.973;43.337;0;0;404.691;0;0;404.691;63.945
5;2;134;237.41;0;0;0;191.416;0;0;191.416;45.994
5;2;135;124.204;0;0;0;77.844;0;0;77.844;46.361
5;2;136;109.815;0;0;0;67.774;0;0;67.774;42.042
5;2;137;71.107;117.75;0;115.811;0;115.811;0;0;69.168
5;2;138;14.91;119.401;0;185.687;0;185.687;0;0;81.197
5;2;139;0;60.889;0;154.346;0;154.346;0;0;93.458
5;2;140;0;0;0;78.981;0;78.981;0;0;78.981
5;2;141;0;0;0;69.214;0;69.214;0;0;69.214
5;2;142;0;60.47;0;123.651;0;123.651;0;0;63.181
5;2;143;0;23.569;0;63.169;0;63.169;0;0;39.6
5;2;144;0;29.444;0;46.265;0;46.265;0;0;16.821
5;2;145;0;0;0;18.137;0;18.137;0;0;18.137
5;2;146;0;0;0;18.381;0;18.381;0;0;18.381
5;2;147;0;0;0;19.946;0;19.946;0;0;19.946
5;2;148;0;0;0;18.542;0;18.542;0;0;18.542
5;2;149;0;0;0;19.36;0;19.36;0;0;19.36
5;2;150;0;0;0;19.909;0;19.909;0;0;19.909
5;2;151;6.513;39.421;0;88.552;0;88.552;0;0;55.644
5;2;152;33.521;51.46;0;84.058;0;84.058;0;0;66.119
5;2;153;62.364;48.975;0;45.927;0;45.927;0;0;59.316
5;2;154;60.326;45.79;0;49.276;0;49.276;0;0;63.812
5;2;155;88.443;40.077;0;0;0;0;0;0;48.366
5;2;156;127.178;35.196;0;0;43.109;0;0;43.109;48.873
5;2;157;98.729;25.839;0;0;18.226;0;0;18.226;54.665
5;2;158;102.97;22.336;0;0;21.949;0;0;21.949;58.686
5;2;159;85.695;19.958;0;0;16.145;0;0;16.145;49.592
5;2;160;42.363;124.157;0;147.308;0;147.308;0;0;65.513
5;2;161;19.371;16.919;0;71.282;0;71.282;0;0;73.734
5;2;162;4.616;0;0;74.717;0;74.717;0;0;79.333
5;2;163;0;0;0;71.248;0;71.248;0;0;71.248
5;2;164;0;0;0;82.687;0;82.687;0;0;82.687
5;2;165;0;37.773;0;101.078;0;101.078;0;0;63.305
5;2;166;0;44.569;0;108.588;0;108.588;0;0;64.019
5;2;167;0;131.028;0;173.953;0;173.953;0;0;42.924
5;3;0;0;26.131;0;45.964;0;45.964;0;0;19.833
5;3;1;0;177.435;0;201.024;0;201.024;0;0;23.589
5;3;2;0;176.206;0;195.651;0;195.651;0;0;19.446
5;3;3;0;176.615;0;196.11;0;196.11;0;0;19.494
5;3;4;0;177.025;0;196.439;0;196.439;0;0;19.414
5;3;5;0;179.896;0;200.499;0;200.499;0;0;20.603
5;3;6;0;179.896;0;203.222;0;203.222;0;0;23.326
5;3;7;0;179.486;0;241.094;0;241.094;0;0;61.609
5;3;8;0;177.213;0;247.479;0;247.479;0;0;70.265
5;3;9;79.988;170.886;0;154.677;0;154.677;0;0;63.779
5;3;10;154.406;167.363;0;65.092;0;65.092;0;0;52.134
5;3;11;130.438;158.789;0;72.79;0;72.79;0;0;44.439
5;3;12;297.099;151.919;0;0;84.886;0;0;84.886;60.295
5;3;13;549.894;140.888;0;0;359.386;0;0;359.386;49.62
5;3;14;513.489;159.857;0;0;308.122;0;0;308.122;45.51
5;3;15;328.604;159.042;0;0;122.075;0;0;122.075;47.487
5;3;16;71.749;161.08;0;150.045;0;150.045;0;0;60.713
5;3;17;0;164.753;0;247.102;0;247.102;0;0;82.349
5;3;18;0;165.978;0;239.513;0;239.513;0;0;73.535
5;3;19;0;0;0;78.495;0;78.495;0;0;78.495
5;3;20;0;60.819;0;143.002;0;143.002;0;0;82.184
5;3;21;0;147.474;0;219.543;0;219.543;0;0;72.069
5;3;22;0;174.157;0;232.131;0;232.131;0;0;57.974
5;3;23;0;175.796;0;218.92;0;218.92;0;0;43.124
5;3;24;0;177.435;0;194.47;0;194.47;0;0;17.035
5;3;25;0;127.065;0;152.501;0;152.501;0;0;25.436
5;3;26;0;179.896;0;197.959;0;197.959;0;0;18.063
5;3;27;0;179.896;0;198.624;0;198.624;0;0;18.728
5;3;28;0;180.717;0;199.92;0;199.92;0;0;19.204
5;3;29;0;181.127;0;202.69;0;202.69;0;0;21.563
5;3;30;0;180.717;0;205.299;0;205.299;0;0;24.582
5;3;31;0;182.359;0;232.004;0;232.004;0;0;49.645
5;3;32;0;180.306;0;247.954;0;247.954;0;0;67.647
5;3;33;68.794;174.577;0;179.963;0;179.963;0;0;74.18
5;3;34;265.58;167.931;0;0;44.401;0;0;44.401;53.248
5;3;35;302.53;159.735;0;0;87.517;0;0;87.517;55.277
5;3;36;349.586;155.414;0;0;139.509;0;0;139.509;54.663
5;3;37;252.257;150.766;0;0;55.263;0;0;55.263;46.228
5;3;38;56.989;150.305;0;158.05;0;158.05;0;0;64.734
5;3;39;32.451;154.882;0;180.88;0;180.88;0;0;58.449
5;3;40;7.627;151.412;0;221;0;221;0;0;77.215
5;3;41;0;156.076;0;229.577;0;229.577;0;0;73.501
5;3;42;0;165.413;0;239.271;0;239.271;0;0;73.857
5;3;43;0;165.765;0;246.16;0;246.16;0;0;80.394
5;3;44;0;166.959;0;238.148;0;238.148;0;0;71.189
5;3;45;0;160.634;0;226.609;0;226.609;0;0;65.975
5;3;46;0;151.314;0;216.32;0;216.32;0;0;65.006
5;3;47;0;148.275;0;192.435;0;192.435;0;0;44.16
5;3;48;0;103.024;0;120.08;0;120.08;0;0;17.056
5;3;49;0;97.531;0;121.143;0;121.143;0;0;23.612
5;3;50;0;94.93;0;113.843;0;113.843;0;0;18.913
5;3;51;0;92.221;0;111.506;0;111.506;0;0;19.286
5;3;52;0;91.395;0;109.782;0;109.782;0;0;18.387
5;3;53;0;91.903;0;117.214;0;117.214;0;0;25.311
5;3;54;0;91.247;0;120.503;0;120.503;0;0;29.255
5;3;55;0;105.667;0;157.867;0;157.867;0;0;52.2
5;3;56;0;111.761;0;169.557;0;169.557;0;0;57.796
5;3;57;10.379;98.011;0;159.427;0;159.427;0;0;71.795
5;3;58;47.099;99.539;0;106.104;0;106.104;0;0;53.664
5;3;59;41.518;97.395;0;114.839;0;114.839;0;0;58.962
5;3;60;143.713;93.493;0;0;5.778;0;0;5.778;44.443
5;3;61;323.822;87.722;0;0;192.949;0;0;192.949;43.151
5;3;62;190.844;81.606;0;0;57.719;0;0;57.719;51.519
5;3;63;138.207;87.838;0;4.969;0;4.969;0;0;55.338
5;3;64;17.486;82.148;0;141.658;0;141.658;0;0;76.996
5;3;65;0;154.561;0;237.243;0;237.243;0;0;82.681
5;3;66;0;155.783;0;225.119;0;225.119;0;0;69.336
5;3;67;0;157.819;0;226.257;0;226.257;0;0;68.438
5;3;68;0;76.791;0;162.78;0;162.78;0;0;85.99
5;3;69;0;0;0;56.64;0;56.64;0;0;56.64
5;3;70;0;0;0;61.653;0;61.653;0;0;61.653
5;3;71;0;99.074;0;145.365;0;145.365;0;0;46.291
5;3;72;0;102.483;0;119.824;0;119.824;0;0;17.341
5;3;73;0;104.884;0;125.825;0;125.825;0;0;20.941
5;3;74;0;107.033;0;126.611;0;126.611;0;0;19.578
5;3;75;0;111.281;0;129.819;0;129.819;0;0;18.538
5;3;76;0;110.005;0;129.422;0;129.422;0;0;19.418
5;3;77;0;111.435;0;131.516;0;131.516;0;0;20.08
5;3;78;0;161.896;0;181.44;0;181.44;0;0;19.544
5;3;79;0;85.418;0;114.854;0;114.854;0;0;29.436
5;3;80;0;137.492;0;170.74;0;170.74;0;0;33.248
5;3;81;7.565;120.342;0;152.718;0;152.718;0;0;39.941
5;3;82;15.134;120.02;0;148.68;0;148.68;0;0;43.794
5;3;83;33.12;118.999;0;134.818;0;134.818;0;0;48.939
5;3;84;60.575;113.746;0;90.572;0;90.572;0;0;37.401
5;3;85;356.851;161.08;0;0;162.593;0;0;162.593;33.178
5;3;86;346.342;163.528;0;0;143.751;0;0;143.751;39.063
5;3;87;205.81;163.936;0;0;1.298;0;0;1.298;40.576
5;3;88;22.86;165.978;0;193.077;0;193.077;0;0;49.96
5;3;89;0;166.386;0;214.771;0;214.771;0;0;48.384
5;3;90;0;168.429;0;225.919;0;225.919;0;0;57.49
5;3;91;0;171.701;0;240.645;0;240.645;0;0;68.944
5;3;92;0;64.352;0;152.798;0;152.798;0;0;88.446
5;3;93;0;174.567;0;250.217;0;250.217;0;0;75.65
5;3;94;0;176.206;0;227.717;0;227.717;0;0;51.511
5;3;95;0;176.615;0;231.288;0;231.288;0;0;54.673
5;3;96;0;177.435;0;194.243;0;194.243;0;0;16.808
5;3;97;0;179.075;0;203.28;0;203.28;0;0;24.204
5;3;98;0;179.486;0;198.211;0;198.211;0;0;18.725
5;3;99;0;180.717;0;200.709;0;200.709;0;0;19.992
5;3;100;0;179.075;0;197.535;0;197.535;0;0;18.46
5;3;101;0;176.615;0;195.965;0;195.965;0;0;19.349
5;3;102;0;174.976;0;195.226;0;195.226;0;0;20.25
5;3;103;0;174.157;0;223.436;0;223.436;0;0;49.278
5;3;104;0;171.292;0;234.361;0;234.361;0;0;63.069
5;3;105;5.694;170.065;0;242.24;0;242.24;0;0;77.869
5;3;106;20.004;174.157;0;238.457;0;238.457;0;0;84.303
5;3;107;25.729;174.976;0;227.399;0;227.399;0;0;78.152
5;3;108;48.644;176.615;0;207.794;0;207.794;0;0;79.822
5;3;109;56.615;174.976;0;188.877;0;188.877;0;0;70.516
5;3;110;41.919;174.157;0;220.279;0;220.279;0;0;88.041
5;3;111;23.807;172.929;0;221.788;0;221.788;0;0;72.666
5;3;112;3.8;172.11;0;244.071;0;244.071;0;0;75.761
5;3;113;0;171.701;0;249.011;0;249.011;0;0;77.309
5;3;114;0;171.701;0;242.378;0;242.378;0;0;70.677
5;3;115;0;171.292;0;261.58;0;261.58;0;0;90.288
5;3;116;0;170.065;0;244.24;0;244.24;0;0;74.175
5;3;117;0;170.065;0;238.241;0;238.241;0;0;68.176
5;3;118;0;169.656;0;235.812;0;235.812;0;0;66.156
5;3;119;0;170.474;0;217.913;0;217.913;0;0;47.439
5;3;120;0;170.474;0;187.91;0;187.91;0;0;17.436
5;3;121;0;171.292;0;193.993;0;193.993;0;0;22.701
5;3;122;0;173.748;0;192.982;0;192.982;0;0;19.235
5;3;123;0;176.615;0;195.539;0;195.539;0;0;18.923
5;3;124;0;179.896;0;198.121;0;198.121;0;0;18.225
5;3;125;0;182.359;0;201.567;0;201.567;0;0;19.209
5;3;126;0;181.948;0;203.82;0;203.82;0;0;21.872
5;3;127;0;182.359;0;237.53;0;237.53;0;0;55.171
5;3;128;0;181.127;0;251.362;0;251.362;0;0;70.235
5;3;129;17.969;179.075;0;233.357;0;233.357;0;0;72.251
5;3;130;47.124;174.208;0;191.059;0;191.059;0;0;63.975
5;3;131;43.822;168.592;0;194.252;0;194.252;0;0;69.482
5;3;132;118.618;166.69;0;100.248;0;100.248;0;0;52.176
5;3;133;132.297;164.51;0;80.457;0;80.457;0;0;48.244
5;3;134;32.334;171.701;0;210.708;0;210.708;0;0;71.341
5;3;135;20.939;172.52;0;218.245;0;218.245;0;0;66.665
5;3;136;1.898;171.701;0;241.792;0;241.792;0;0;71.989
5;3;137;0;174.157;0;242.832;0;242.832;0;0;68.675
5;3;138;0;174.976;0;250.702;0;250.702;0;0;75.726
5;3;139;0;176.206;0;261.892;0;261.892;0;0;85.687
5;3;140;0;178.255;0;245.787;0;245.787;0;0;67.531
5;3;141;0;179.486;0;242.214;0;242.214;0;0;62.729
5;3;142;0;180.717;0;250.482;0;250.482;0;0;69.766
5;3;143;0;181.538;0;219.858;0;219.858;0;0;38.321
5;3;144;0;179.075;0;198.487;0;198.487;0;0;19.412
5;3;145;0;181.127;0;200.593;0;200.593;0;0;19.466
5;3;146;0;180.306;0;199.151;0;199.151;0;0;18.844
5;3;147;0;182.359;0;202.656;0;202.656;0;0;20.297
5;3;148;0;181.538;0;200.559;0;200.559;0;0;19.021
5;3;149;0;181.948;0;203.38;0;203.38;0;0;21.432
5;3;150;0;180.717;0;209.144;0;209.144;0;0;28.428
5;3;151;0;179.075;0;238.768;0;238.768;0;0;59.692
5;3;152;0;177.435;0;256.34;0;256.34;0;0;78.905
5;3;153;63.636;164.083;0;168.68;0;168.68;0;0;68.233
5;3;154;177.748;155.722;0;31.161;0;31.161;0;0;53.187
5;3;155;87.019;141.54;0;109.294;0;109.294;0;0;54.772
5;3;156;53.923;137.638;0;138.764;0;138.764;0;0;55.049
5;3;157;60.951;161.08;0;168.025;0;168.025;0;0;67.896
5;3;158;41.617;94.379;0;124.42;0;124.42;0;0;71.658
5;3;159;17.954;126.33;0;190.974;0;190.974;0;0;82.598
5;3;160;8.51;123.589;0;196.974;0;196.974;0;0;81.895
5;3;161;0;124.318;0;190.553;0;190.553;0;0;66.235
5;3;162;0;132.22;0;205.704;0;205.704;0;0;73.484
5;3;163;0;130.905;0;214.152;0;214.152;0;0;83.247
5;3;164;0;148.562;0;218.858;0;218.858;0;0;70.296
5;3;165;0;159.857;0;234.952;0;234.952;0;0;75.095
5;3;166;0;160.265;0;231.707;0;231.707;0;0;71.442
5;3;167;0;161.896;0;210.754;0;210.754;0;0;48.858
10;0;0;0;0;0;16.917;0;16.917;0;0;16.917
10;0;1;0;93.399;0;113.651;0;113.651;0;0;20.252
10;0;2;0;0;0;20.233;0;20.233;0;0;20.233
10;0;3;0;94.847;0;116.169;0;116.169;0;0;21.322
10;0;4;0;97.545;0;116.351;0;116.351;0;0;18.806
10;0;5;0;99.473;0;120.229;0;120.229;0;0;20.756
10;0;6;0;112.899;0;138.315;0;138.315;0;0;25.416
10;0;7;0;111.131;0;172.713;0;172.713;0;0;61.582
10;0;8;89.796;102.571;0;71.757;0;71.757;0;0;58.982
10;0;9;294.527;97.524;0;0;144.503;0;0;144.503;52.5
10;0;10;341.181;91.493;0;0;201.599;0;0;201.599;48.088
10;0;11;199.336;82.703;0;0;73.111;0;0;73.111;43.522
10;0;12;263.879;117.463;0;0;97.031;0;0;97.031;49.385
10;0;13;118.036;66.037;0;0;0;0;0;0;52
10;0;14;91.14;30.321;0;0;0;0;0;0;60.819
10;0;15;253.487;67.421;0;0;135.729;0;0;135.729;50.338
10;0;16;158.291;106.632;0;0;0;0;0;0;51.659
10;0;17;48.495;17.18;0;39.319;0;39.319;0;0;70.634
10;0;18;0.932;146.836;0;219.828;0;219.828;0;0;73.924
10;0;19;0;0;0;73.206;0;73.206;0;0;73.206
10;0;20;0;76.543;0;160.051;0;160.051;0;0;83.508
10;0;21;0;149.274;0;212.515;0;212.515;0;0;63.241
10;0;22;0;151.713;0;203.581;0;203.581;0;0;51.868
10;0;23;0;153.747;0;198.116;0;198.116;0;0;44.369
10;0;24;0;0;0;16.85;0;16.85;0;0;16.85
10;0;25;0;0;0;18.334;0;18.334;0;0;18.334
10;0;26;0;55.174;0;75.161;0;75.161;0;0;19.988
10;0;27;0;160.265;0;179.935;0;179.935;0;0;19.67
10;0;28;0;160.672;0;179.235;0;179.235;0;0;18.562
10;0;29;0;163.528;0;183.701;0;183.701;0;0;20.173
10;0;30;0;0;0;23.287;0;23.287;0;0;23.287
10;0;31;0;84.979;0;146.937;0;146.937;0;0;61.958
10;0;32;82.975;116.5;0;99.289;0;99.289;0;0;65.764
10;0;33;257.969;109.821;0;0;95.788;0;0;95.788;52.36
10;0;34;383.351;102.333;0;0;228.451;0;0;228.451;52.567
10;0;35;386.574;88.584;0;0;250.695;0;0;250.695;47.295
10;0;36;286.631;88.272;0;0;155.994;0;0;155.994;42.366
10;0;37;560.986;76.847;0;0;432.896;0;0;432.896;51.243
10;0;38;637.461;71.571;0;0;514.672;0;0;514.672;51.218
10;0;39;511.231;145.212;0;0;312.667;0;0;312.667;53.353
10;0;40;261.485;145.212;0;0;59.172;0;0;59.172;57.102
10;0;41;88.186;31.107;0;0;0;0;0;0;57.079
10;0;42;1.866;146.43;0;206.538;0;206.538;0;0;61.974
10;0;43;0;148.867;0;223.027;0;223.027;0;0;74.16
10;0;44;0;119.246;0;190.892;0;190.892;0;0;71.647
10;0;45;0;12.589;0;70.894;0;70.894;0;0;58.305
10;0;46;0;154.561;0;219.944;0;219.944;0;0;65.383
10;0;47;0;88.918;0;135.651;0;135.651;0;0;46.733
10;0;48;0;0;0;17.282;0;17.282;0;0;17.282
10;0;49;0;0;0;19.915;0;19.915;0;0;19.915
10;0;50;0;0;0;19.197;0;19.197;0;0;19.197
10;0;51;0;0;0;18.749;0;18.749;0;0;18.749
10;0;52;0;17.621;0;36.711;0;36.711;0;0;19.09
10;0;53;0;84.284;0;104.978;0;104.978;0;0;20.694
10;0;54;0;87.718;0;110.783;0;110.783;0;0;23.065
10;0;55;0;108.043;0;168.337;0;168.337;0;0;60.294
10;0;56;56.397;103.684;0;111.018;0;111.018;0;0;63.73
10;0;57;151.263;89.328;0;0;10.43;0;0;10.43;51.505
10;0;58;266.169;82.709;0;0;135.061;0;0;135.061;48.399
10;0;59;368.718;71.747;0;0;255.297;0;0;255.297;41.674
10;0;60;196.781;150.493;0;0;4.704;0;0;4.704;41.584
10;0;61;80.792;33.675;0;0;0;0;0;0;47.117
10;0;62;64.904;15.85;0;0;0;0;0;0;49.054
10;0;63;377.177;71.064;0;0;258.195;0;0;258.195;47.918
10;0;64;391.171;144.806;0;0;189.115;0;0;189.115;57.25
10;0;65;66.455;0;0;3.973;0;3.973;0;0;70.428
10;0;66;0.93;4.527;0;87.614;0;87.614;0;0;84.017
10;0;67;0;44.454;0;133.133;0;133.133;0;0;88.679
10;0;68;0;134.671;0;205.787;0;205.787;0;0;71.117
10;0;69;0;134.671;0;211.963;0;211.963;0;0;77.293
10;0;70;0;136.695;0;194.436;0;194.436;0;0;57.741
10;0;71;0;64.414;0;107.848;0;107.848;0;0;43.434
10;0;72;0;0;0;16.68;0;16.68;0;0;16.68
10;0;73;0;0;0;18.497;0;18.497;0;0;18.497
10;0;74;0;0;0;18.753;0;18.753;0;0;18.753
10;0;75;0;0;0;19.291;0;19.291;0;0;19.291
10;0;76;0;112.115;0;130.761;0;130.761;0;0;18.646
10;0;77;0;0;0;19.385;0;19.385;0;0;19.385
10;0;78;0;88.204;0;109.479;0;109.479;0;0;21.275
10;0;79;0;161.488;0;185.464;0;185.464;0;0;23.975
10;0;80;18.108;66.318;0;86.897;0;86.897;0;0;38.687
10;0;81;48.917;101.497;0;88.162;0;88.162;0;0;35.583
10;0;82;79.296;99.234;0;60.001;0;60.001;0;0;40.063
10;0;83;134.974;94.737;0;0;0;0;0;0;40.237
10;0;84;201.207;90.375;0;0;64.568;0;0;64.568;46.263
10;0;85;173.354;123.548;0;0;12.849;0;0;12.849;36.957
10;0;86;95.938;54.606;0;0;0;0;0;0;41.332
10;0;87;157.23;126.558;0;0;0;0;0;0;30.673
10;0;88;91.703;160.265;0;102.307;0;102.307;0;0;33.745
10;0;89;141.36;162.304;0;59.108;0;59.108;0;0;38.165
10;0;90;14.239;0;0;39.757;0;39.757;0;0;53.996
10;0;91;0;5.463;0;71.769;0;71.769;0;0;66.306
10;0;92;0;166.795;0;253.002;0;253.002;0;0;86.208
10;0;93;0;37.832;0;104.897;0;104.897;0;0;67.065
10;0;94;0;110.247;0;177.642;0;177.642;0;0;67.394
10;0;95;0;120.738;0;168;0;168;0;0;47.262
10;0;96;0;170.474;0;187.402;0;187.402;0;0;16.928
10;0;97;0;172.11;0;196.1;0;196.1;0;0;23.989
10;0;98;0;172.929;0;190.877;0;190.877;0;0;17.948
10;0;99;0;174.157;0;192.528;0;192.528;0;0;18.371
10;0;100;0;174.157;0;193.18;0;193.18;0;0;19.023
10;0;101;0;174.157;0;193.394;0;193.394;0;0;19.237
10;0;102;0;173.338;0;193.45;0;193.45;0;0;20.112
10;0;103;0;173.748;0;231.46;0;231.46;0;0;57.712
10;0;104;67.258;164.805;0;165.458;0;165.458;0;0;67.911
10;0;105;160.176;160.093;0;47.395;0;47.395;0;0;47.477
10;0;106;144.662;151.704;0;61.954;0;61.954;0;0;54.912
10;0;107;113.93;140.286;0;90.474;0;90.474;0;0;64.118
10;0;108;103.1;136.955;0;87.237;0;87.237;0;0;53.382
10;0;109;86.284;127.373;0;91.977;0;91.977;0;0;50.888
10;0;110;354.986;161.08;0;0;140.309;0;0;140.309;53.597
10;0;111;315.892;159.449;0;0;107.054;0;0;107.054;49.389
10;0;112;49.05;159.857;0;180.547;0;180.547;0;0;69.74
10;0;113;39.208;164.753;0;198.514;0;198.514;0;0;72.969
10;0;114;15.223;166.386;0;233.635;0;233.635;0;0;82.471
10;0;115;0;43.073;0;126.746;0;126.746;0;0;83.674
10;0;116;0;0;0;82.816;0;82.816;0;0;82.816
10;0;117;0;144.44;0;219.573;0;219.573;0;0;75.133
10;0;118;0;138.047;0;205.283;0;205.283;0;0;67.236
10;0;119;0;143.613;0;183.665;0;183.665;0;0;40.051
10;0;120;0;150.671;0;169.561;0;169.561;0;0;18.89
10;0;121;0;150.534;0;171.836;0;171.836;0;0;21.302
10;0;122;0;151.566;0;170.796;0;170.796;0;0;19.23
10;0;123;0;155.529;0;174.751;0;174.751;0;0;19.221
10;0;124;0;157.815;0;175.721;0;175.721;0;0;17.906
10;0;125;0;159.286;0;177.987;0;177.987;0;0;18.701
10;0;126;0;172.172;0;193.948;0;193.948;0;0;21.776
10;0;127;0;167.827;0;229.004;0;229.004;0;0;61.177
10;0;128;81.034;152.966;0;140.512;0;140.512;0;0;68.58
10;0;129;261.152;150.415;0;0;61.304;0;0;61.304;49.433
10;0;130;257.459;171.292;0;0;35.211;0;0;35.211;50.955
10;0;131;112.91;109.111;0;42.775;0;42.775;0;0;46.573
10;0;132;76.995;141.088;0;112.045;0;112.045;0;0;47.952
10;0;133;144.871;125.597;0;41.901;0;41.901;0;0;61.175
10;0;134;123.62;121.438;0;56.551;0;56.551;0;0;58.734
10;0;135;240.578;163.528;0;0;28.923;0;0;28.923;48.127
10;0;136;202.958;164.345;0;10.692;0;10.692;0;0;49.306
10;0;137;207.976;165.161;0;17.25;0;17.25;0;0;60.065
10;0;138;5.698;168.838;0;241.957;0;241.957;0;0;78.816
10;0;139;0;170.883;0;241.344;0;241.344;0;0;70.461
10;0;140;0;172.929;0;246.008;0;246.008;0;0;73.079
10;0;141;0;144.444;0;201.401;0;201.401;0;0;56.957
10;0;142;0;0;0;70.845;0;70.845;0;0;70.845
10;0;143;0;0;0;40.193;0;40.193;0;0;40.193
10;0;144;0;179.075;0;195.725;0;195.725;0;0;16.649
10;0;145;0;137.507;0;158.423;0;158.423;0;0;20.916
10;0;146;0;181.948;0;201.148;0;201.148;0;0;19.2
10;0;147;0;185.235;0;204.247;0;204.247;0;0;19.012
10;0;148;0;186.468;0;205.484;0;205.484;0;0;19.016
10;0;149;0;187.702;0;206.635;0;206.635;0;0;18.933
10;0;150;0;187.809;0;209.975;0;209.975;0;0;22.165
10;0;151;2.889;190.583;0;245.715;0;245.715;0;0;58.021
10;0;152;175.515;190.171;0;68.609;0;68.609;0;0;53.952
10;0;153;457.018;182.898;0;0;223.874;0;0;223.874;50.245
10;0;154;553.316;164.891;0;0;343.865;0;0;343.865;44.56
10;0;155;399.633;151.23;0;0;204.752;0;0;204.752;43.651
10;0;156;531.747;174.157;0;0;312.273;0;0;312.273;45.316
10;0;157;268.872;171.701;0;0;37.362;0;0;37.362;59.808
10;0;158;94.204;174.157;0;137.577;0;137.577;0;0;57.623
10;0;159;165.729;173.748;0;56.279;0;56.279;0;0;48.26
10;0;160;265.369;178.665;0;0;31.828;0;0;31.828;54.876
10;0;161;147.18;179.896;0;89.001;0;89.001;0;0;56.285
10;0;162;20.09;179.896;0;221.661;0;221.661;0;0;61.855
10;0;163;0;184.002;0;258.507;0;258.507;0;0;74.505
10;0;164;0;186.057;0;261.694;0;261.694;0;0;75.637
10;0;165;0;188.525;0;260.092;0;260.092;0;0;71.567
10;0;166;0;88.137;0;151.549;0;151.549;0;0;63.412
10;0;167;0;187.702;0;238.172;0;238.172;0;0;50.47
10;1;0;0;0;0;16.763;0;16.763;0;0;16.763
10;1;1;0;0;0;17.892;0;17.892;0;0;17.892
10;1;2;0;0;0;18.353;0;18.353;0;0;18.353
10;1;3;0;0;0;19.991;0;19.991;0;0;19.991
10;1;4;0;0;0;21.049;0;21.049;0;0;21.049
10;1;5;0;0;0;19.563;0;19.563;0;0;19.563
10;1;6;9.443;0;0;16.615;0;16.615;0;0;26.057
10;1;7;103.483;0;0;0;63.39;0;0;63.39;40.093
10;1;8;291.68;0;0;0;230.815;0;0;230.815;60.865
10;1;9;502.158;0;0;0;437.319;0;54.199;383.121;64.839
10;1;10;668.715;0;0;0;607.586;0;200.692;406.894;61.129
10;1;11;757.961;0;0;0;704.104;0;332.434;371.67;53.857
10;1;12;827.585;0;0;0;775.526;0;413.616;361.91;52.06
10;1;13;927.162;0;0;0;869.748;0;493.39;376.358;57.414
10;1;14;759.468;0;0;0;701.017;0;318.359;382.657;58.452
10;1;15;518.036;0;0;0;467.638;0;76.661;390.978;50.397
10;1;16;354.002;0;0;0;293.678;0;0;293.678;60.324
10;1;17;214.347;0;0;0;158.85;0;0;158.85;55.497
10;1;18;94.017;0;0;0;39.729;0;0;39.729;54.288
10;1;19;3.626;0;0;69.952;0;69.952;0;0;73.578
10;1;20;0;0;0;73.7;0;73.7;0;0;73.7
10;1;21;0;0;0;70.329;0;70.329;0;0;70.329
10;1;22;0;0;0;58.006;0;58.006;0;0;58.006
10;1;23;0;0;0;41.519;0;41.519;0;0;41.519
10;1;24;0;0;0;17.033;0;17.033;0;0;17.033
10;1;25;0;0;0;22.962;0;22.962;0;0;22.962
10;1;26;0;0;0;19.109;0;19.109;0;0;19.109
10;1;27;0;0;0;19.443;0;19.443;0;0;19.443
10;1;28;0;0;0;18.48;0;18.48;0;0;18.48
10;1;29;0;0;0;20.301;0;20.301;0;0;20.301
10;1;30;7.682;0;0;17.373;0;17.373;0;0;25.054
10;1;31;95.774;0;0;0;45.913;0;0;45.913;49.862
10;1;32;283.548;0;0;0;223.07;0;0;223.07;60.478
10;1;33;476.638;2.819;0;0;420.004;0;43.87;376.133;53.815
10;1;34;617.246;3.136;0;0;561.521;0;166.191;395.331;52.588
10;1;35;745.986;2.84;0;0;699.399;0;306.296;393.104;43.748
10;1;36;904.214;3.433;0;0;858.688;0;497.611;361.076;42.093
10;1;37;922.453;2.32;0;0;869.903;0;503.115;366.789;50.23
10;1;38;863.526;2.685;0;0;812.379;0;414.384;397.995;48.461
10;1;39;732.089;59.612;0;0;627.783;0;70.493;557.29;44.694
10;1;40;548.171;0;0;0;493.602;0;133.054;360.548;54.569
10;1;41;326.724;0;0;0;265.679;0;0;265.679;61.044
10;1;42;144.213;0;0;0;85.25;0;0;85.25;58.963
10;1;43;13.955;0;0;51.377;0;51.377;0;0;65.332
10;1;44;0;0;0;77.275;0;77.275;0;0;77.275
10;1;45;0;0;0;65.547;0;65.547;0;0;65.547
10;1;46;0;0;0;56.193;0;56.193;0;0;56.193
10;1;47;0;0;0;56.054;0;56.054;0;0;56.054
10;1;48;0;0;0;17.665;0;17.665;0;0;17.665
10;1;49;0;0;0;19.433;0;19.433;0;0;19.433
10;1;50;0;0;0;18.81;0;18.81;0;0;18.81
10;1;51;0;0;0;18.246;0;18.246;0;0;18.246
10;1;52;0;0;0;22.32;0;22.32;0;0;22.32
10;1;53;0;0;0;19.955;0;19.955;0;0;19.955
10;1;54;4.561;0;0;19.886;0;19.886;0;0;24.447
10;1;55;57.77;0;0;0;7.924;0;0;7.924;49.846
10;1;56;228.594;0;0;0;180.79;0;0;180.79;47.804
10;1;57;431.343;0;0;0;385.193;0;69.148;316.045;46.15
10;1;58;604.204;2.915;0;0;557.549;0;207.488;350.061;43.74
10;1;59;724.353;2.815;0;0;681.03;0;344.029;337;40.508
10;1;60;829.862;1.982;0;0;786.795;0;449.172;337.623;41.084
10;1;61;742.405;67.892;0;0;634.314;0;201.326;432.988;40.198
10;1;62;489.043;0;0;0;438.455;0;0;438.455;50.588
10;1;63;204.916;0;0;0;157.602;0;0;157.602;47.314
10;1;64;330.529;0;0;0;279.977;0;0;279.977;50.552
10;1;65;254.11;0;0;0;207.928;0;0;207.928;46.183
10;1;66;104.648;0;0;0;47.418;0;0;47.418;57.231
10;1;67;12.701;0;0;47.903;0;47.903;0;0;60.604
10;1;68;0;0;0;77.337;0;77.337;0;0;77.337
10;1;69;0;0;0;64.027;0;64.027;0;0;64.027
10;1;70;0;0;0;58.409;0;58.409;0;0;58.409
10;1;71;0;0;0;39.712;0;39.712;0;0;39.712
10;1;72;0;0;0;17.553;0;17.553;0;0;17.553
10;1;73;0;0;0;19.72;0;19.72;0;0;19.72
10;1;74;0;0;0;19.438;0;19.438;0;0;19.438
10;1;75;0;0;0;18.504;0;18.504;0;0;18.504
10;1;76;0;0;0;18.562;0;18.562;0;0;18.562
10;1;77;0;0;0;23.894;0;23.894;0;0;23.894
10;1;78;5.518;0;0;16.384;0;16.384;0;0;21.902
10;1;79;72.358;0;0;0;44.938;0;0;44.938;27.42
10;1;80;259.662;0;0;0;229.653;0;61.162;168.49;30.01
10;1;81;498.185;3.024;0;0;459.667;0;262.452;197.215;35.494
10;1;82;694.5;3.589;0;0;654.741;0;451.103;203.638;36.17
10;1;83;839.504;2.771;0;0;798.489;0;602.796;195.692;38.244
10;1;84;900.278;2.14;0;0;862.634;0;672.501;190.133;35.505
10;1;85;836.915;3.035;0;0;793.18;0;603.832;189.348;40.699
10;1;86;737.009;2.978;0;0;693.805;0;499.556;194.25;40.226
10;1;87;687.445;57.726;0;0;596.306;0;226.676;369.631;33.412
10;1;88;384.838;0;0;0;338.093;0;160.578;177.515;46.745
10;1;89;207.145;0;0;0;170.744;0;0;170.744;36.401
10;1;90;132.76;0;0;0;81.403;0;0;81.403;51.357
10;1;91;13.061;0;0;51.695;0;51.695;0;0;64.757
10;1;92;0;0;0;67.966;0;67.966;0;0;67.966
10;1;93;0;0;0;64.396;0;64.396;0;0;64.396
10;1;94;0;0;0;58.339;0;58.339;0;0;58.339
10;1;95;0;0;0;49.996;0;49.996;0;0;49.996
10;1;96;0;0;0;16.783;0;16.783;0;0;16.783
10;1;97;0;0;0;18.711;0;18.711;0;0;18.711
10;1;98;0;0;0;22.833;0;22.833;0;0;22.833
10;1;99;0;0;0;19.229;0;19.229;0;0;19.229
10;1;100;0;0;0;18.228;0;18.228;0;0;18.228
10;1;101;0;0;0;19.633;0;19.633;0;0;19.633
10;1;102;4.59;0;0;15.014;0;15.014;0;0;19.604
10;1;103;79.97;0;0;0;43.675;0;0;43.675;36.294
10;1;104;207.233;0;0;0;153.089;0;0;153.089;54.144
10;1;105;234.25;0;0;0;182.996;0;0;182.996;51.254
10;1;106;499.635;3.328;0;0;444.408;0;27.855;416.553;51.898
10;1;107;856.629;2.723;0;0;789.842;0;372.403;417.439;64.064
10;1;108;959.087;3.713;0;0;897.036;0;496.153;400.883;58.338
10;1;109;778.777;63.404;0;0;657.336;0;59.419;597.918;58.036
10;1;110;409.618;0;0;0;342.305;0;0;342.305;67.313
10;1;111;323.566;0;0;0;270.864;0;0;270.864;52.702
10;1;112;296.567;0;0;0;231.019;0;0;231.019;65.548
10;1;113;236.018;0;0;0;169.029;0;0;169.029;66.989
10;1;114;124.487;0;0;0;70.134;0;0;70.134;54.354
10;1;115;12.21;0;0;57.926;0;57.926;0;0;70.136
10;1;116;0;0;0;71.854;0;71.854;0;0;71.854
10;1;117;0;0;0;59.689;0;59.689;0;0;59.689
10;1;118;0;0;0;53.321;0;53.321;0;0;53.321
10;1;119;0;0;0;35.648;0;35.648;0;0;35.648
10;1;120;0;0;0;16.989;0;16.989;0;0;16.989
10;1;121;0;0;0;20.609;0;20.609;0;0;20.609
10;1;122;0;0;0;18.532;0;18.532;0;0;18.532
10;1;123;0;0;0;18.088;0;18.088;0;0;18.088
10;1;124;0;0;0;19.257;0;19.257;0;0;19.257
10;1;125;0;0;0;19.214;0;19.214;0;0;19.214
10;1;126;2.747;0;0;17.794;0;17.794;0;0;20.541
10;1;127;60.213;0;0;0;9.533;0;0;9.533;50.68
10;1;128;263.634;0;0;0;208.646;0;0;208.646;54.988
10;1;129;493.518;3.624;0;0;438.751;0;44.368;394.384;51.142
10;1;130;689.626;3.126;0;0;629.624;0;227.756;401.868;56.876
10;1;131;818.183;2.88;0;0;761.572;0;370.714;390.857;53.731
10;1;132;893.432;4.02;0;0;831.082;0;449.371;381.711;58.33
10;1;133;844.951;2.752;0;0;778.502;0;395.13;383.372;63.697
10;1;134;668.362;56.159;0;0;564.312;0;47.026;517.286;47.891
10;1;135;473.167;0;0;0;429.544;0;0;429.544;43.623
10;1;136;368.539;0;0;0;325.428;0;0;325.428;43.111
10;1;137;286.585;0;0;0;238.111;0;0;238.111;48.474
10;1;138;127.731;0;0;0;66.864;0;0;66.864;60.867
10;1;139;11.036;0;0;57.96;0;57.96;0;0;68.997
10;1;140;0;0;0;65.642;0;65.642;0;0;65.642
10;1;141;0;0;0;62.976;0;62.976;0;0;62.976
10;1;142;0;0;0;52.098;0;52.098;0;0;52.098
10;1;143;0;0;0;62.957;0;62.957;0;0;62.957
10;1;144;0;0;0;17.761;0;17.761;0;0;17.761
10;1;145;0;0;0;18.734;0;18.734;0;0;18.734
10;1;146;0;0;0;18.328;0;18.328;0;0;18.328
10;1;147;0;0;0;18.938;0;18.938;0;0;18.938
10;1;148;0;0;0;21.383;0;21.383;0;0;21.383
10;1;149;0;0;0;19.675;0;19.675;0;0;19.675
10;1;150;1.819;0;0;19.963;0;19.963;0;0;21.782
10;1;151;77.796;0;0;0;36.233;0;0;36.233;41.563
10;1;152;273.766;0;0;0;212.427;0;0;212.427;61.339
10;1;153;497.993;3.385;0;0;443.185;0;54.194;388.992;51.422
10;1;154;692.292;3.154;0;0;635.904;0;234.482;401.422;53.235
10;1;155;837.106;2.597;0;0;779.318;0;381.784;397.533;55.191
10;1;156;916.629;3.808;0;0;860.18;0;476.021;384.159;52.641
10;1;157;901.875;90.387;0;0;758.61;0;303.581;455.029;52.877
10;1;158;669.929;54.599;0;0;558.528;0;0;558.528;56.802
10;1;159;585.565;0;0;0;545.109;0;0;545.109;40.456
10;1;160;458.731;0;0;0;399.142;0;0;399.142;59.589
10;1;161;319.512;0;0;0;260.697;0;0;260.697;58.815
10;1;162;123.24;0;0;0;84.147;0;0;84.147;39.094
10;1;163;10.296;0;0;62.019;0;62.019;0;0;72.316
10;1;164;0;0;0;76.092;0;76.092;0;0;76.092
10;1;165;0;0;0;68.057;0;68.057;0;0;68.057
10;1;166;0;0;0;69.299;0;69.299;0;0;69.299
10;1;167;0;0;0;42.765;0;42.765;0;0;42.765
10;2;0;0;150.087;0;167.286;0;167.286;0;0;17.2
10;2;1;0;153.34;0;179.357;0;179.357;0;0;26.017
10;2;2;0;110.101;0;128.484;0;128.484;0;0;18.383
10;2;3;0;3.941;0;22.763;0;22.763;0;0;18.823
10;2;4;0;0;0;19.18;0;19.18;0;0;19.18
10;2;5;0;160.672;0;179.959;0;179.959;0;0;19.286
10;2;6;0;0;0;21.88;0;21.88;0;0;21.88
10;2;7;63.054;0;0;0;3.862;0;0;3.862;59.192
10;2;8;310.905;90.205;0;0;160.852;0;0;160.852;59.848
10;2;9;547.423;74.455;0;0;424.694;0;0;424.694;48.274
10;2;10;731.991;56.563;0;0;617.376;0;0;617.376;58.053
10;2;11;851.036;134.671;0;0;670.963;0;0;670.963;45.403
10;2;12;908.574;113.979;0;0;748.285;0;0;748.285;46.31
10;2;13;801.076;106.48;0;0;645.683;0;0;645.683;48.912
10;2;14;516.431;0;0;0;466.052;0;0;466.052;50.379
10;2;15;412.757;0;0;0;353.681;0;0;353.681;59.077
10;2;16;396.942;0;0;0;344.511;0;0;344.511;52.43
10;2;17;239.689;0;0;0;188.356;0;0;188.356;51.332
10;2;18;49.875;129.006;0;145.766;0;145.766;0;0;66.635
10;2;19;0;27.636;0;95.639;0;95.639;0;0;68.004
10;2;20;0;33.437;0;111.071;0;111.071;0;0;77.633
10;2;21;0;37.583;0;100.701;0;100.701;0;0;63.117
10;2;22;0;41.43;0;107.093;0;107.093;0;0;65.663
10;2;23;0;48.156;0;106.332;0;106.332;0;0;58.176
10;2;24;0;58.811;0;75.47;0;75.47;0;0;16.659
10;2;25;0;0;0;19.219;0;19.219;0;0;19.219
10;2;26;0;0;0;18.695;0;18.695;0;0;18.695
10;2;27;0;54.121;0;72.999;0;72.999;0;0;18.878
10;2;28;0;0;0;18.35;0;18.35;0;0;18.35
10;2;29;0;0;0;22.177;0;22.177;0;0;22.177
10;2;30;0;99.306;0;123.483;0;123.483;0;0;24.177
10;2;31;58.275;158.227;0;149.58;0;149.58;0;0;49.628
10;2;32;290.446;16.461;0;0;224.892;0;0;224.892;49.094
10;2;33;483.594;63.479;0;0;367.24;0;0;367.24;52.874
10;2;34;679.172;44.85;0;0;579.902;0;0;579.902;54.421
10;2;35;803.615;128.602;0;0;626.049;0;0;626.049;48.965
10;2;36;847.945;119.713;0;0;673.324;0;0;673.324;54.908
10;2;37;814.382;92.788;0;0;673.94;0;0;673.94;47.655
10;2;38;739.47;0;0;0;695.615;0;0;695.615;43.854
10;2;39;614.657;23.922;0;0;540.239;0;0;540.239;50.496
10;2;40;399.612;0;0;0;343.502;0;0;343.502;56.111
10;2;41;156.289;0;0;0;99.708;0;0;99.708;56.581
10;2;42;35.838;0;0;28.855;0;28.855;0;0;64.693
10;2;43;0;0;0;67.545;0;67.545;0;0;67.545
10;2;44;0;0;0;78.285;0;78.285;0;0;78.285
10;2;45;0;0;0;65.811;0;65.811;0;0;65.811
10;2;46;0;0;0;69.962;0;69.962;0;0;69.962
10;2;47;0;0;0;45.367;0;45.367;0;0;45.367
10;2;48;0;0;0;16.822;0;16.822;0;0;16.822
10;2;49;0;0;0;17.764;0;17.764;0;0;17.764
10;2;50;0;0;0;19.345;0;19.345;0;0;19.345
10;2;51;0;0;0;18.273;0;18.273;0;0;18.273
10;2;52;0;0;0;18.43;0;18.43;0;0;18.43
10;2;53;0;13.516;0;32.625;0;32.625;0;0;19.109
10;2;54;0;25.79;0;45.434;0;45.434;0;0;19.644
10;2;55;1.848;33.509;0;98.185;0;98.185;0;0;66.523
10;2;56;48.676;58.599;0;65.954;0;65.954;0;0;56.031
10;2;57;100.665;0;0;0;54.344;0;0;54.344;46.321
10;2;58;85.512;20.365;0;0;14.632;0;0;14.632;50.515
10;2;59;107.693;34.215;0;0;31.845;0;0;31.845;41.633
10;2;60;150.196;0;0;0;105.804;0;0;105.804;44.391
10;2;61;161.329;12.341;0;0;104.609;0;0;104.609;44.379
10;2;62;190.751;11.494;0;0;139.662;0;0;139.662;39.595
10;2;63;211.801;31.373;0;0;124.939;0;0;124.939;55.488
10;2;64;96.473;0;0;0;54.448;0;0;54.448;42.025
10;2;65;62.555;0;0;0;9.304;0;0;9.304;53.251
10;2;66;19.782;125.773;0;170.911;0;170.911;0;0;64.919
10;2;67;0;0;0;71.876;0;71.876;0;0;71.876
10;2;68;0;0;0;82.575;0;82.575;0;0;82.575
10;2;69;0;0;0;62.48;0;62.48;0;0;62.48
10;2;70;0;130.624;0;190.02;0;190.02;0;0;59.396
10;2;71;0;0.597;0;59.178;0;59.178;0;0;58.581
10;2;72;0;133.051;0;150.213;0;150.213;0;0;17.162
10;2;73;0;26.901;0;50.514;0;50.514;0;0;23.613
10;2;74;0;32.781;0;50.821;0;50.821;0;0;18.041
10;2;75;0;0;0;19.582;0;19.582;0;0;19.582
10;2;76;0;57.004;0;74.906;0;74.906;0;0;17.903
10;2;77;0;0;0;23.818;0;23.818;0;0;23.818
10;2;78;0;0;0;22.748;0;22.748;0;0;22.748
10;2;79;43.038;0;0;0;18.506;0;0;18.506;24.532
10;2;80;191.21;0;0;0;159.218;0;0;159.218;31.991
10;2;81;156.805;0;0;0;123.221;0;0;123.221;33.584
10;2;82;165.314;0;0;0;113.473;0;0;113.473;51.841
10;2;83;385.524;35.104;0;0;316.13;0;0;316.13;34.29
10;2;84;613.383;86.298;0;0;492.761;0;0;492.761;34.324
10;2;85;465.287;1.232;0;0;427.528;0;0;427.528;36.527
10;2;86;289.605;0;0;0;248.133;0;0;248.133;41.472
10;2;87;248.051;33.275;0;0;172.921;0;0;172.921;41.855
10;2;88;170.076;0;0;0;134.223;0;0;134.223;35.853
10;2;89;136.731;15.856;0;0;79.996;0;0;79.996;40.879
10;2;90;24.839;136.29;0;163.994;0;163.994;0;0;52.542
10;2;91;0;0;0;50.629;0;50.629;0;0;50.629
10;2;92;0;138.721;0;202.234;0;202.234;0;0;63.513
10;2;93;0;0;0;62.695;0;62.695;0;0;62.695
10;2;94;0;141.154;0;196.601;0;196.601;0;0;55.447
10;2;95;0;77.899;0;120.313;0;120.313;0;0;42.414
10;2;96;0;88.113;0;105.153;0;105.153;0;0;17.04
10;2;97;0;89.644;0;115.387;0;115.387;0;0;25.743
10;2;98;0;0;0;18.744;0;18.744;0;0;18.744
10;2;99;0;0;0;19.302;0;19.302;0;0;19.302
10;2;100;0;61.535;0;81.189;0;81.189;0;0;19.654
10;2;101;0;154.154;0;173.081;0;173.081;0;0;18.927
10;2;102;0;0;0;22.055;0;22.055;0;0;22.055
10;2;103;41.961;156.19;0;164.894;0;164.894;0;0;50.665
10;2;104;276.048;0;0;0;228.058;0;0;228.058;47.99
10;2;105;510.42;79.815;0;0;367.073;0;0;367.073;63.532
10;2;106;566.599;58.636;0;0;445.312;0;0;445.312;62.651
10;2;107;428.026;47.994;0;0;321.769;0;0;321.769;58.264
10;2;108;552.407;82.018;0;0;417.541;0;0;417.541;52.848
10;2;109;495.692;44.065;0;0;403.822;0;0;403.822;47.804
10;2;110;467.208;0.335;0;0;415.213;0;0;415.213;51.659
10;2;111;245.782;4.992;0;0;190.393;0;0;190.393;50.396
10;2;112;141.667;24.675;0;0;64.354;0;0;64.354;52.639
10;2;113;116.573;23.317;0;0;29.615;0;0;29.615;63.642
10;2;114;17.935;29.045;0;80.931;0;80.931;0;0;69.822
10;2;115;0;30.145;0;97.472;0;97.472;0;0;67.327
10;2;116;0;65.325;0;139.052;0;139.052;0;0;73.727
10;2;117;0;0;0;59.035;0;59.035;0;0;59.035
10;2;118;0;66.732;0;131.061;0;131.061;0;0;64.329
10;2;119;0;0;0;37.669;0;37.669;0;0;37.669
10;2;120;0;39.541;0;56.183;0;56.183;0;0;16.642
10;2;121;0;39.358;0;63.555;0;63.555;0;0;24.197
10;2;122;0;41.229;0;62.396;0;62.396;0;0;21.166
10;2;123;0;43.651;0;62.881;0;62.881;0;0;19.23
10;2;124;0;45.085;0;63.657;0;63.657;0;0;18.572
10;2;125;0;47.114;0;66.732;0;66.732;0;0;19.618
10;2;126;0;55.549;0;80.086;0;80.086;0;0;24.537
10;2;127;15.915;136.29;0;181.906;0;181.906;0;0;61.531
10;2;128;86.422;0;0;0;22.63;0;0;22.63;63.792
10;2;129;141.728;0;0;0;80.324;0;0;80.324;61.404
10;2;130;178.058;35.558;0;0;95.049;0;0;95.049;47.451
10;2;131;209.528;28.063;0;0;127.755;0;0;127.755;53.709
10;2;132;393.12;23.357;0;0;327.522;0;0;327.522;42.242
10;2;133;511.973;45.607;0;0;402.421;0;0;402.421;63.945
10;2;134;237.41;0;0;0;191.416;0;0;191.416;45.994
10;2;135;124.204;0;0;0;77.844;0;0;77.844;46.361
10;2;136;109.815;0;0;0;67.774;0;0;67.774;42.042
10;2;137;71.107;1.939;0;0;0;0;0;0;69.168
10;2;138;14.91;119.401;0;185.687;0;185.687;0;0;81.197
10;2;139;0;120.779;0;214.237;0;214.237;0;0;93.458
10;2;140;0;0;0;78.981;0;78.981;0;0;78.981
10;2;141;0;0;0;69.214;0;69.214;0;0;69.214
10;2;142;0;104.228;0;167.409;0;167.409;0;0;63.181
10;2;143;0;21.842;0;61.442;0;61.442;0;0;39.6
10;2;144;0;27.234;0;44.055;0;44.055;0;0;16.821
10;2;145;0;0;0;18.137;0;18.137;0;0;18.137
10;2;146;0;0;0;18.381;0;18.381;0;0;18.381
10;2;147;0;0;0;19.946;0;19.946;0;0;19.946
10;2;148;0;0;0;18.542;0;18.542;0;0;18.542
10;2;149;0;0;0;19.36;0;19.36;0;0;19.36
10;2;150;0;0;0;19.909;0;19.909;0;0;19.909
10;2;151;6.513;12.571;0;61.702;0;61.702;0;0;55.644
10;2;152;33.521;47.186;0;79.784;0;79.784;0;0;66.119
10;2;153;62.364;44.907;0;41.859;0;41.859;0;0;59.316
10;2;154;60.326;80.016;0;83.502;0;83.502;0;0;63.812
10;2;155;88.443;0;0;0;40.077;0;0;40.077;48.366
10;2;156;127.178;32.273;0;0;46.032;0;0;46.032;48.873
10;2;157;98.729;23.693;0;0;20.371;0;0;20.371;54.665
10;2;158;102.97;20.481;0;0;23.804;0;0;23.804;58.686
10;2;159;85.695;18.301;0;0;17.802;0;0;17.802;49.592
10;2;160;42.363;124.157;0;147.308;0;147.308;0;0;65.513
10;2;161;19.371;5.04;0;59.403;0;59.403;0;0;73.734
10;2;162;4.616;0;0;74.717;0;74.717;0;0;79.333
10;2;163;0;0;0;71.248;0;71.248;0;0;71.248
10;2;164;0;0;0;82.687;0;82.687;0;0;82.687
10;2;165;0;34.636;0;97.941;0;97.941;0;0;63.305
10;2;166;0;76.179;0;140.197;0;140.197;0;0;64.019
10;2;167;0;131.028;0;173.953;0;173.953;0;0;42.924
10;3;0;0;0;0;19.833;0;19.833;0;0;19.833
10;3;1;0;115.164;0;138.753;0;138.753;0;0;23.589
10;3;2;0;155.592;0;175.038;0;175.038;0;0;19.446
10;3;3;0;157.23;0;176.725;0;176.725;0;0;19.494
10;3;4;0;177.025;0;196.439;0;196.439;0;0;19.414
10;3;5;0;147.798;0;168.401;0;168.401;0;0;20.603
10;3;6;0;179.608;0;202.934;0;202.934;0;0;23.326
10;3;7;0;179.486;0;241.094;0;241.094;0;0;61.609
10;3;8;0;178.255;0;248.52;0;248.52;0;0;70.265
10;3;9;79.988;176.206;0;159.996;0;159.996;0;0;63.779
10;3;10;154.406;174.157;0;71.886;0;71.886;0;0;52.134
10;3;11;130.438;85.999;0;0;0;0;0;0;44.439
10;3;12;297.099;139.302;0;0;97.502;0;0;97.502;60.295
10;3;13;549.894;129.188;0;0;371.087;0;0;371.087;49.62
10;3;14;513.489;107.821;0;0;360.158;0;0;360.158;45.51
10;3;15;328.604;105.216;0;0;175.901;0;0;175.901;47.487
10;3;16;71.749;161.08;0;150.045;0;150.045;0;0;60.713
10;3;17;0;164.753;0;247.102;0;247.102;0;0;82.349
10;3;18;0;165.978;0;239.513;0;239.513;0;0;73.535
10;3;19;0;0;0;78.495;0;78.495;0;0;78.495
10;3;20;0;95.062;0;177.245;0;177.245;0;0;82.184
10;3;21;0;135.227;0;207.296;0;207.296;0;0;72.069
10;3;22;0;174.157;0;232.131;0;232.131;0;0;57.974
10;3;23;0;175.796;0;218.92;0;218.92;0;0;43.124
10;3;24;0;177.435;0;194.47;0;194.47;0;0;17.035
10;3;25;0;53.191;0;78.627;0;78.627;0;0;25.436
10;3;26;0;159.353;0;177.417;0;177.417;0;0;18.063
10;3;27;0;161.811;0;180.539;0;180.539;0;0;18.728
10;3;28;0;165.245;0;184.449;0;184.449;0;0;19.204
10;3;29;0;167.631;0;189.194;0;189.194;0;0;21.563
10;3;30;0;178.19;0;202.772;0;202.772;0;0;24.582
10;3;31;0;179.539;0;229.184;0;229.184;0;0;49.645
10;3;32;0;166.414;0;234.061;0;234.061;0;0;67.647
10;3;33;68.794;160.079;0;165.465;0;165.465;0;0;74.18
10;3;34;265.58;153.984;0;0;58.348;0;0;58.348;53.248
10;3;35;302.53;146.469;0;0;100.783;0;0;100.783;55.277
10;3;36;349.586;142.507;0;0;152.416;0;0;152.416;54.663
10;3;37;252.257;138.245;0;0;67.784;0;0;67.784;46.228
10;3;38;56.989;137.822;0;145.567;0;145.567;0;0;64.734
10;3;39;32.451;142.019;0;168.018;0;168.018;0;0;58.449
10;3;40;7.627;138.838;0;208.426;0;208.426;0;0;77.215
10;3;41;0;143.114;0;216.616;0;216.616;0;0;73.501
10;3;42;0;151.676;0;225.534;0;225.534;0;0;73.857
10;3;43;0;151.999;0;232.393;0;232.393;0;0;80.394
10;3;44;0;153.093;0;224.282;0;224.282;0;0;71.189
10;3;45;0;147.294;0;213.268;0;213.268;0;0;65.975
10;3;46;0;138.748;0;203.754;0;203.754;0;0;65.006
10;3;47;0;135.961;0;180.121;0;180.121;0;0;44.16
10;3;48;0;94.469;0;111.524;0;111.524;0;0;17.056
10;3;49;0;89.431;0;113.043;0;113.043;0;0;23.612
10;3;50;0;87.046;0;105.959;0;105.959;0;0;18.913
10;3;51;0;84.562;0;103.848;0;103.848;0;0;19.286
10;3;52;0;83.805;0;102.192;0;102.192;0;0;18.387
10;3;53;0;84.271;0;109.582;0;109.582;0;0;25.311
10;3;54;0;83.669;0;112.925;0;112.925;0;0;29.255
10;3;55;0;96.891;0;149.092;0;149.092;0;0;52.2
10;3;56;0;102.48;0;160.275;0;160.275;0;0;57.796
10;3;57;10.379;89.871;0;151.287;0;151.287;0;0;71.795
10;3;58;47.099;91.273;0;97.838;0;97.838;0;0;53.664
10;3;59;41.518;159.857;0;177.301;0;177.301;0;0;58.962
10;3;60;143.713;16.596;0;0;82.675;0;0;82.675;44.443
10;3;61;323.822;80.437;0;0;200.234;0;0;200.234;43.151
10;3;62;190.844;74.829;0;0;64.497;0;0;64.497;51.519
10;3;63;138.207;80.544;0;0;2.326;0;0;2.326;55.338
10;3;64;17.486;75.326;0;134.836;0;134.836;0;0;76.996
10;3;65;0;154.561;0;237.243;0;237.243;0;0;82.681
10;3;66;0;155.783;0;225.119;0;225.119;0;0;69.336
10;3;67;0;157.819;0;226.257;0;226.257;0;0;68.438
10;3;68;0;31.477;0;117.466;0;117.466;0;0;85.99
10;3;69;0;0;0;56.64;0;56.64;0;0;56.64
10;3;70;0;0;0;61.653;0;61.653;0;0;61.653
10;3;71;0;90.846;0;137.137;0;137.137;0;0;46.291
10;3;72;0;93.972;0;111.313;0;111.313;0;0;17.341
10;3;73;0;96.174;0;117.115;0;117.115;0;0;20.941
10;3;74;0;98.144;0;117.722;0;117.722;0;0;19.578
10;3;75;0;102.04;0;120.578;0;120.578;0;0;18.538
10;3;76;0;100.869;0;120.287;0;120.287;0;0;19.418
10;3;77;0;102.181;0;122.261;0;122.261;0;0;20.08
10;3;78;0;161.896;0;181.44;0;181.44;0;0;19.544
10;3;79;0;64.846;0;94.281;0;94.281;0;0;29.436
10;3;80;0;126.073;0;159.321;0;159.321;0;0;33.248
10;3;81;7.565;110.348;0;142.724;0;142.724;0;0;39.941
10;3;82;15.134;137.87;0;166.529;0;166.529;0;0;43.794
10;3;83;33.12;164.345;0;180.164;0;180.164;0;0;48.939
10;3;84;60.575;23.174;0;0;0;0;0;0;37.401
10;3;85;356.851;161.08;0;0;162.593;0;0;162.593;33.178
10;3;86;346.342;40.626;0;0;266.653;0;0;266.653;39.063
10;3;87;205.81;107.108;0;0;58.126;0;0;58.126;40.576
10;3;88;22.86;165.978;0;193.077;0;193.077;0;0;49.96
10;3;89;0;166.386;0;214.771;0;214.771;0;0;48.384
10;3;90;0;168.429;0;225.919;0;225.919;0;0;57.49
10;3;91;0;51.749;0;120.693;0;120.693;0;0;68.944
10;3;92;0;0;0;88.446;0;88.446;0;0;88.446
10;3;93;0;172.729;0;248.379;0;248.379;0;0;75.65
10;3;94;0;176.206;0;227.717;0;227.717;0;0;51.511
10;3;95;0;176.615;0;231.288;0;231.288;0;0;54.673
10;3;96;0;177.435;0;194.243;0;194.243;0;0;16.808
10;3;97;0;179.075;0;203.28;0;203.28;0;0;24.204
10;3;98;0;179.486;0;198.211;0;198.211;0;0;18.725
10;3;99;0;180.717;0;200.709;0;200.709;0;0;19.992
10;3;100;0;179.075;0;197.535;0;197.535;0;0;18.46
10;3;101;0;176.615;0;195.965;0;195.965;0;0;19.349
10;3;102;0;174.976;0;195.226;0;195.226;0;0;20.25
10;3;103;0;174.157;0;223.436;0;223.436;0;0;49.278
10;3;104;0;171.292;0;234.361;0;234.361;0;0;63.069
10;3;105;5.694;170.065;0;242.24;0;242.24;0;0;77.869
10;3;106;20.004;167.944;0;232.244;0;232.244;0;0;84.303
10;3;107;25.729;170.524;0;222.947;0;222.947;0;0;78.152
10;3;108;48.644;172.191;0;203.37;0;203.37;0;0;79.822
10;3;109;56.615;164.344;0;178.245;0;178.245;0;0;70.516
10;3;110;41.919;157.234;0;203.356;0;203.356;0;0;88.041
10;3;111;23.807;157.104;0;205.963;0;205.963;0;0;72.666
10;3;112;3.8;153.983;0;225.944;0;225.944;0;0;75.761
10;3;113;0;151.823;0;229.132;0;229.132;0;0;77.309
10;3;114;0;160.321;0;230.998;0;230.998;0;0;70.677
10;3;115;0;156.644;0;246.932;0;246.932;0;0;90.288
10;3;116;0;155.916;0;230.091;0;230.091;0;0;74.175
10;3;117;0;154.233;0;222.409;0;222.409;0;0;68.176
10;3;118;0;169.656;0;235.812;0;235.812;0;0;66.156
10;3;119;0;170.474;0;217.913;0;217.913;0;0;47.439
10;3;120;0;170.474;0;187.91;0;187.91;0;0;17.436
10;3;121;0;171.292;0;193.993;0;193.993;0;0;22.701
10;3;122;0;173.748;0;192.982;0;192.982;0;0;19.235
10;3;123;0;176.615;0;195.539;0;195.539;0;0;18.923
10;3;124;0;179.896;0;198.121;0;198.121;0;0;18.225
10;3;125;0;160.695;0;179.904;0;179.904;0;0;19.209
10;3;126;0;181.948;0;203.82;0;203.82;0;0;21.872
10;3;127;0;182.359;0;237.53;0;237.53;0;0;55.171
10;3;128;0;181.127;0;251.362;0;251.362;0;0;70.235
10;3;129;17.969;179.075;0;233.357;0;233.357;0;0;72.251
10;3;130;47.124;174.976;0;191.828;0;191.828;0;0;63.975
10;3;131;43.822;174.157;0;199.818;0;199.818;0;0;69.482
10;3;132;118.618;66.442;0;0;0;0;0;0;52.176
10;3;133;132.297;84.053;0;0;0;0;0;0;48.244
10;3;134;32.334;139.357;0;178.364;0;178.364;0;0;71.341
10;3;135;20.939;142.951;0;188.677;0;188.677;0;0;66.665
10;3;136;1.898;171.701;0;241.792;0;241.792;0;0;71.989
10;3;137;0;114.436;0;183.111;0;183.111;0;0;68.675
10;3;138;0;153.29;0;229.016;0;229.016;0;0;75.726
10;3;139;0;176.206;0;261.892;0;261.892;0;0;85.687
10;3;140;0;143.223;0;210.754;0;210.754;0;0;67.531
10;3;141;0;165.841;0;228.569;0;228.569;0;0;62.729
10;3;142;0;161.434;0;231.2;0;231.2;0;0;69.766
10;3;143;0;167.307;0;205.627;0;205.627;0;0;38.321
10;3;144;0;179.075;0;198.487;0;198.487;0;0;19.412
10;3;145;0;158.163;0;177.629;0;177.629;0;0;19.466
10;3;146;0;180.306;0;199.151;0;199.151;0;0;18.844
10;3;147;0;167.152;0;187.45;0;187.45;0;0;20.297
10;3;148;0;177.676;0;196.697;0;196.697;0;0;19.021
10;3;149;0;181.948;0;203.38;0;203.38;0;0;21.432
10;3;150;0;180.717;0;209.144;0;209.144;0;0;28.428
10;3;151;0;179.075;0;238.768;0;238.768;0;0;59.692
10;3;152;0;164.772;0;243.677;0;243.677;0;0;78.905
10;3;153;63.636;150.456;0;155.053;0;155.053;0;0;68.233
10;3;154;177.748;142.79;0;18.229;0;18.229;0;0;53.187
10;3;155;87.019;129.785;0;97.539;0;97.539;0;0;54.772
10;3;156;53.923;126.208;0;127.333;0;127.333;0;0;55.049
10;3;157;60.951;161.08;0;168.025;0;168.025;0;0;67.896
10;3;158;41.617;73.13;0;103.171;0;103.171;0;0;71.658
10;3;159;17.954;115.839;0;180.483;0;180.483;0;0;82.598
10;3;160;8.51;113.325;0;186.71;0;186.71;0;0;81.895
10;3;161;0;113.994;0;180.229;0;180.229;0;0;66.235
10;3;162;0;121.239;0;194.723;0;194.723;0;0;73.484
10;3;163;0;120.033;0;203.28;0;203.28;0;0;83.247
10;3;164;0;152.912;0;223.207;0;223.207;0;0;70.296
10;3;165;0;159.857;0;234.952;0;234.952;0;0;75.095
10;3;166;0;160.265;0;231.707;0;231.707;0;0;71.442
10;3;167;0;161.896;0;210.754;0;210.754;0;0;48.858
15;0;0;0;0;0;16.917;0;16.917;0;0;16.917
15;0;1;0;143.366;0;163.618;0;163.618;0;0;20.252
15;0;2;0;0;0;20.233;0;20.233;0;0;20.233
15;0;3;0;158.227;0;179.549;0;179.549;0;0;21.322
15;0;4;0;158.634;0;177.44;0;177.44;0;0;18.806
15;0;5;0;158.634;0;179.39;0;179.39;0;0;20.756
15;0;6;0;159.857;0;185.273;0;185.273;0;0;25.416
15;0;7;0;159.857;0;221.439;0;221.439;0;0;61.582
15;0;8;89.796;0;0;0;30.813;0;0;30.813;58.982
15;0;9;294.527;0;0;0;242.027;0;0;242.027;52.5
15;0;10;341.181;0;0;0;293.092;0;0;293.092;48.088
15;0;11;199.336;10.795;0;0;145.02;0;0;145.02;43.522
15;0;12;263.879;99.784;0;0;114.71;0;0;114.71;49.385
15;0;13;118.036;66.037;0;0;0;0;0;0;52
15;0;14;91.14;30.321;0;0;0;0;0;0;60.819
15;0;15;253.487;61.899;0;0;141.251;0;0;141.251;50.338
15;0;16;158.291;57.878;0;0;48.754;0;0;48.754;51.659
15;0;17;48.495;55.503;0;77.642;0;77.642;0;0;70.634
15;0;18;0.932;146.836;0;219.828;0;219.828;0;0;73.924
15;0;19;0;0;0;73.206;0;73.206;0;0;73.206
15;0;20;0;58.193;0;141.7;0;141.7;0;0;83.508
15;0;21;0;149.274;0;212.515;0;212.515;0;0;63.241
15;0;22;0;151.713;0;203.581;0;203.581;0;0;51.868
15;0;23;0;153.747;0;198.116;0;198.116;0;0;44.369
15;0;24;0;0;0;16.85;0;16.85;0;0;16.85
15;0;25;0;0;0;18.334;0;18.334;0;0;18.334
15;0;26;0;82.545;0;102.532;0;102.532;0;0;19.988
15;0;27;0;160.265;0;179.935;0;179.935;0;0;19.67
15;0;28;0;160.672;0;179.235;0;179.235;0;0;18.562
15;0;29;0;163.528;0;183.701;0;183.701;0;0;20.173
15;0;30;0;165.569;0;188.857;0;188.857;0;0;23.287
15;0;31;0;167.203;0;229.162;0;229.162;0;0;61.958
15;0;32;82.975;0;0;0;17.211;0;0;17.211;65.764
15;0;33;257.969;0;0;0;205.609;0;0;205.609;52.36
15;0;34;383.351;0;0;0;330.784;0;0;330.784;52.567
15;0;35;386.574;37.349;0;0;301.93;0;0;301.93;47.295
15;0;36;286.631;81.042;0;0;163.224;0;0;163.224;42.366
15;0;37;560.986;70.553;0;0;439.19;0;0;439.19;51.243
15;0;38;637.461;65.708;0;0;520.534;0;0;520.534;51.218
15;0;39;511.231;60.776;0;0;397.103;0;0;397.103;53.353
15;0;40;261.485;79.954;0;0;124.429;0;0;124.429;57.102
15;0;41;88.186;31.107;0;0;0;0;0;0;57.079
15;0;42;1.866;146.43;0;206.538;0;206.538;0;0;61.974
15;0;43;0;148.867;0;223.027;0;223.027;0;0;74.16
15;0;44;0;150.9;0;222.546;0;222.546;0;0;71.647
15;0;45;0;83.653;0;141.958;0;141.958;0;0;58.305
15;0;46;0;154.561;0;219.944;0;219.944;0;0;65.383
15;0;47;0;81.915;0;128.649;0;128.649;0;0;46.733
15;0;48;0;0;0;17.282;0;17.282;0;0;17.282
15;0;49;0;0;0;19.915;0;19.915;0;0;19.915
15;0;50;0;0;0;19.197;0;19.197;0;0;19.197
15;0;51;0;0;0;18.749;0;18.749;0;0;18.749
15;0;52;0;48.291;0;67.381;0;67.381;0;0;19.09
15;0;53;0;165.569;0;186.263;0;186.263;0;0;20.694
15;0;54;0;165.978;0;189.043;0;189.043;0;0;23.065
15;0;55;0;164.753;0;225.047;0;225.047;0;0;60.294
15;0;56;56.397;161.896;0;169.229;0;169.229;0;0;63.73
15;0;57;151.263;0;0;0;99.758;0;0;99.758;51.505
15;0;58;266.169;0;0;0;217.769;0;0;217.769;48.399
15;0;59;368.718;0;0;0;327.044;0;0;327.044;41.674
15;0;60;196.781;76.793;0;0;78.404;0;0;78.404;41.584
15;0;61;80.792;0;0;0;33.675;0;0;33.675;47.117
15;0;62;64.904;0;0;0;15.85;0;0;15.85;49.054
15;0;63;377.177;65.243;0;0;264.015;0;0;264.015;47.918
15;0;64;391.171;51.38;0;0;282.541;0;0;282.541;57.25
15;0;65;66.455;41.24;0;45.213;0;45.213;0;0;70.428
15;0;66;0.93;42.816;0;125.902;0;125.902;0;0;84.017
15;0;67;0;40.813;0;129.492;0;129.492;0;0;88.679
15;0;68;0;134.671;0;205.787;0;205.787;0;0;71.117
15;0;69;0;134.671;0;211.963;0;211.963;0;0;77.293
15;0;70;0;136.695;0;194.436;0;194.436;0;0;57.741
15;0;71;0;50.154;0;93.588;0;93.588;0;0;43.434
15;0;72;0;0;0;16.68;0;16.68;0;0;16.68
15;0;73;0;0;0;18.497;0;18.497;0;0;18.497
15;0;74;0;0;0;18.753;0;18.753;0;0;18.753
15;0;75;0;0;0;19.291;0;19.291;0;0;19.291
15;0;76;0;157.819;0;176.465;0;176.465;0;0;18.646
15;0;77;0;79.648;0;99.034;0;99.034;0;0;19.385
15;0;78;0;160.672;0;181.947;0;181.947;0;0;21.275
15;0;79;0;161.488;0;185.464;0;185.464;0;0;23.975
15;0;80;18.108;163.528;0;184.107;0;184.107;0;0;38.687
15;0;81;48.917;0;0;0;13.334;0;0;13.334;35.583
15;0;82;79.296;0;0;0;39.233;0;0;39.233;40.063
15;0;83;134.974;0;0;0;94.737;0;0;94.737;40.237
15;0;84;201.207;6.877;0;0;148.067;0;0;148.067;46.263
15;0;85;173.354;108.922;0;0;27.475;0;0;27.475;36.957
15;0;86;95.938;54.606;0;0;0;0;0;0;41.332
15;0;87;157.23;113.031;0;0;13.527;0;0;13.527;30.673
15;0;88;91.703;57.958;0;0;0;0;0;0;33.745
15;0;89;141.36;77.452;0;0;25.743;0;0;25.743;38.165
15;0;90;14.239;83.948;0;123.705;0;123.705;0;0;53.996
15;0;91;0;85.979;0;152.284;0;152.284;0;0;66.306
15;0;92;0;166.795;0;253.002;0;253.002;0;0;86.208
15;0;93;0;162.165;0;229.23;0;229.23;0;0;67.065
15;0;94;0;169.247;0;236.641;0;236.641;0;0;67.394
15;0;95;0;169.247;0;216.509;0;216.509;0;0;47.262
15;0;96;0;170.474;0;187.402;0;187.402;0;0;16.928
15;0;97;0;172.11;0;196.1;0;196.1;0;0;23.989
15;0;98;0;172.929;0;190.877;0;190.877;0;0;17.948
15;0;99;0;174.157;0;192.528;0;192.528;0;0;18.371
15;0;100;0;174.157;0;193.18;0;193.18;0;0;19.023
15;0;101;0;174.157;0;193.394;0;193.394;0;0;19.237
15;0;102;0;173.338;0;193.45;0;193.45;0;0;20.112
15;0;103;0;173.748;0;231.46;0;231.46;0;0;57.712
15;0;104;67.258;172.52;0;173.173;0;173.173;0;0;67.911
15;0;105;160.176;80.591;0;0;32.107;0;0;32.107;47.477
15;0;106;144.662;89.751;0;0;0;0;0;0;54.912
15;0;107;113.93;49.812;0;0;0;0;0;0;64.118
15;0;108;103.1;49.718;0;0;0;0;0;0;53.382
15;0;109;86.284;35.396;0;0;0;0;0;0;50.888
15;0;110;354.986;110.468;0;0;190.921;0;0;190.921;53.597
15;0;111;315.892;104.472;0;0;162.031;0;0;162.031;49.389
15;0;112;49.05;159.857;0;180.547;0;180.547;0;0;69.74
15;0;113;39.208;164.753;0;198.514;0;198.514;0;0;72.969
15;0;114;15.223;166.386;0;233.635;0;233.635;0;0;82.471
15;0;115;0;110.431;0;194.105;0;194.105;0;0;83.674
15;0;116;0;0;0;82.816;0;82.816;0;0;82.816
15;0;117;0;172.929;0;248.062;0;248.062;0;0;75.133
15;0;118;0;173.748;0;240.984;0;240.984;0;0;67.236
15;0;119;0;174.567;0;214.618;0;214.618;0;0;40.051
15;0;120;0;175.386;0;194.276;0;194.276;0;0;18.89
15;0;121;0;174.976;0;196.279;0;196.279;0;0;21.302
15;0;122;0;174.567;0;193.797;0;193.797;0;0;19.23
15;0;123;0;176.206;0;195.427;0;195.427;0;0;19.221
15;0;124;0;176.206;0;194.111;0;194.111;0;0;17.906
15;0;125;0;176.206;0;194.907;0;194.907;0;0;18.701
15;0;126;0;175.386;0;197.162;0;197.162;0;0;21.776
15;0;127;0;175.796;0;236.973;0;236.973;0;0;61.177
15;0;128;81.034;0;0;0;12.454;0;0;12.454;68.58
15;0;129;261.152;113.483;0;0;98.235;0;0;98.235;49.433
15;0;130;257.459;171.292;0;0;35.211;0;0;35.211;50.955
15;0;131;112.91;66.336;0;0;0;0;0;0;46.573
15;0;132;76.995;29.043;0;0;0;0;0;0;47.952
15;0;133;144.871;83.696;0;0;0;0;0;0;61.175
15;0;134;123.62;64.887;0;0;0;0;0;0;58.734
15;0;135;240.578;104.372;0;0;88.079;0;0;88.079;48.127
15;0;136;202.958;101.3;0;0;52.352;0;0;52.352;49.306
15;0;137;207.976;100.238;0;0;47.673;0;0;47.673;60.065
15;0;138;5.698;168.838;0;241.957;0;241.957;0;0;78.816
15;0;139;0;170.883;0;241.344;0;241.344;0;0;70.461
15;0;140;0;172.929;0;246.008;0;246.008;0;0;73.079
15;0;141;0;175.386;0;232.343;0;232.343;0;0;56.957
15;0;142;0;134.116;0;204.961;0;204.961;0;0;70.845
15;0;143;0;179.075;0;219.268;0;219.268;0;0;40.193
15;0;144;0;179.075;0;195.725;0;195.725;0;0;16.649
15;0;145;0;182.359;0;203.275;0;203.275;0;0;20.916
15;0;146;0;181.948;0;201.148;0;201.148;0;0;19.2
15;0;147;0;185.235;0;204.247;0;204.247;0;0;19.012
15;0;148;0;186.468;0;205.484;0;205.484;0;0;19.016
15;0;149;0;187.702;0;206.635;0;206.635;0;0;18.933
15;0;150;0;190.995;0;213.16;0;213.16;0;0;22.165
15;0;151;2.889;190.583;9.465;255.18;0;255.18;0;0;58.021
15;0;152;175.515;0;0;0;121.563;0;0;121.563;53.952
15;0;153;457.018;0;0;0;406.772;0;0;406.772;50.245
15;0;154;553.316;95.395;0;0;413.362;0;0;413.362;44.56
15;0;155;399.633;147.74;0;0;208.242;0;0;208.242;43.651
15;0;156;531.747;174.157;0;0;312.273;0;0;312.273;45.316
15;0;157;268.872;171.701;0;0;37.362;0;0;37.362;59.808
15;0;158;94.204;36.58;0;0;0;0;0;0;57.623
15;0;159;165.729;117.469;0;0;0;0;0;0;48.26
15;0;160;265.369;171.818;0;0;38.675;0;0;38.675;54.876
15;0;161;147.18;90.895;0;0;0;0;0;0;56.285
15;0;162;20.09;179.896;0;221.661;0;221.661;0;0;61.855
15;0;163;0;184.002;0;258.507;0;258.507;0;0;74.505
15;0;164;0;186.057;0;261.694;0;261.694;0;0;75.637
15;0;165;0;188.525;0;260.092;0;260.092;0;0;71.567
15;0;166;0;170.107;0;233.519;0;233.519;0;0;63.412
15;0;167;0;187.702;0;238.172;0;238.172;0;0;50.47
15;1;0;0;0;0;16.763;0;16.763;0;0;16.763
15;1;1;0;0;0;17.892;0;17.892;0;0;17.892
15;1;2;0;0;0;18.353;0;18.353;0;0;18.353
15;1;3;0;0;0;19.991;0;19.991;0;0;19.991
15;1;4;0;0;0;21.049;0;21.049;0;0;21.049
15;1;5;0;0;0;19.563;0;19.563;0;0;19.563
15;1;6;9.443;0;0;16.615;0;16.615;0;0;26.057
15;1;7;103.483;0;0;0;63.39;0;0;63.39;40.093
15;1;8;291.68;0;0;0;230.815;0;0;230.815;60.865
15;1;9;502.158;0;0;0;437.319;0;54.199;383.121;64.839
15;1;10;668.715;0;0;0;607.586;0;200.692;406.894;61.129
15;1;11;757.961;0;0;0;704.104;0;332.434;371.67;53.857
15;1;12;827.585;0;0;0;775.526;0;413.616;361.91;52.06
15;1;13;927.162;0;0;0;869.748;0;493.39;376.358;57.414
15;1;14;759.468;0;0;0;701.017;0;318.359;382.657;58.452
15;1;15;518.036;15.121;0;0;452.517;0;73.492;379.025;50.397
15;1;16;354.002;0;0;0;293.678;0;0;293.678;60.324
15;1;17;214.347;0;0;0;158.85;0;0;158.85;55.497
15;1;18;94.017;0;0;0;39.729;0;0;39.729;54.288
15;1;19;3.626;0;0;69.952;0;69.952;0;0;73.578
15;1;20;0;0;0;73.7;0;73.7;0;0;73.7
15;1;21;0;0;0;70.329;0;70.329;0;0;70.329
15;1;22;0;0;0;58.006;0;58.006;0;0;58.006
15;1;23;0;0;0;41.519;0;41.519;0;0;41.519
15;1;24;0;0;0;17.033;0;17.033;0;0;17.033
15;1;25;0;0;0;22.962;0;22.962;0;0;22.962
15;1;26;0;0;0;19.109;0;19.109;0;0;19.109
15;1;27;0;0;0;19.443;0;19.443;0;0;19.443
15;1;28;0;0;0;18.48;0;18.48;0;0;18.48
15;1;29;0;0;0;20.301;0;20.301;0;0;20.301
15;1;30;7.682;0;0;17.373;0;17.373;0;0;25.054
15;1;31;95.774;0;0;0;45.913;0;0;45.913;49.862
15;1;32;283.548;0;0;0;223.07;0;0;223.07;60.478
15;1;33;476.638;2.588;0;0;420.235;0;45.122;375.112;53.815
15;1;34;617.246;2.879;0;0;561.778;0;167.683;394.095;52.588
15;1;35;745.986;2.607;0;0;699.632;0;307.584;392.048;43.748
15;1;36;904.214;3.152;0;0;858.969;0;499.058;359.911;42.093
15;1;37;922.453;2.13;0;0;870.093;0;504.123;365.97;50.23
15;1;38;863.526;2.465;0;0;812.599;0;415.51;397.089;48.461
15;1;39;732.089;54.729;0;0;632.666;0;91.859;540.807;44.694
15;1;40;548.171;0;0;0;493.602;0;133.054;360.548;54.569
15;1;41;326.724;0;0;0;265.679;0;0;265.679;61.044
15;1;42;144.213;0;0;0;85.25;0;0;85.25;58.963
15;1;43;13.955;0;0;51.377;0;51.377;0;0;65.332
15;1;44;0;0;0;77.275;0;77.275;0;0;77.275
15;1;45;0;0;0;65.547;0;65.547;0;0;65.547
15;1;46;0;0;0;56.193;0;56.193;0;0;56.193
15;1;47;0;0;0;56.054;0;56.054;0;0;56.054
15;1;48;0;0;0;17.665;0;17.665;0;0;17.665
15;1;49;0;0;0;19.433;0;19.433;0;0;19.433
15;1;50;0;0;0;18.81;0;18.81;0;0;18.81
15;1;51;0;0;0;18.246;0;18.246;0;0;18.246
15;1;52;0;0;0;22.32;0;22.32;0;0;22.32
15;1;53;0;0;0;19.955;0;19.955;0;0;19.955
15;1;54;4.561;0;0;19.886;0;19.886;0;0;24.447
15;1;55;57.77;0;0;0;7.924;0;0;7.924;49.846
15;1;56;228.594;0;0;0;180.79;0;0;180.79;47.804
15;1;57;431.343;0;0;0;385.193;0;69.148;316.045;46.15
15;1;58;604.204;2.676;0;0;557.788;0;208.609;349.179;43.74
15;1;59;724.353;2.584;0;0;681.26;0;345.132;336.128;40.508
15;1;60;829.862;1.82;0;0;786.957;0;450.119;336.838;41.084
15;1;61;742.405;62.332;0;0;639.875;0;224.582;415.293;40.198
15;1;62;489.043;0;0;0;438.455;0;0;438.455;50.588
15;1;63;204.916;0;0;0;157.602;0;0;157.602;47.314
15;1;64;330.529;0;0;0;279.977;0;0;279.977;50.552
15;1;65;254.11;0;0;0;207.928;0;0;207.928;46.183
15;1;66;104.648;0;0;0;47.418;0;0;47.418;57.231
15;1;67;12.701;0;0;47.903;0;47.903;0;0;60.604
15;1;68;0;0;0;77.337;0;77.337;0;0;77.337
15;1;69;0;0;0;64.027;0;64.027;0;0;64.027
15;1;70;0;0;0;58.409;0;58.409;0;0;58.409
15;1;71;0;0;0;39.712;0;39.712;0;0;39.712
15;1;72;0;0;0;17.553;0;17.553;0;0;17.553
15;1;73;0;0;0;19.72;0;19.72;0;0;19.72
15;1;74;0;0;0;19.438;0;19.438;0;0;19.438
15;1;75;0;0;0;18.504;0;18.504;0;0;18.504
15;1;76;0;0;0;18.562;0;18.562;0;0;18.562
15;1;77;0;0;0;23.894;0;23.894;0;0;23.894
15;1;78;5.518;0;0;16.384;0;16.384;0;0;21.902
15;1;79;72.358;0;0;0;44.938;0;0;44.938;27.42
15;1;80;259.662;0;0;0;229.653;0;61.162;168.49;30.01
15;1;81;498.185;2.776;0;0;459.915;0;263.655;196.26;35.494
15;1;82;694.5;3.295;0;0;655.035;0;452.22;202.815;36.17
15;1;83;839.504;2.544;0;0;798.716;0;604.005;194.711;38.244
15;1;84;900.278;1.964;0;0;862.809;0;673.575;189.234;35.505
15;1;85;836.915;2.787;0;0;793.429;0;604.88;188.549;40.699
15;1;86;737.009;2.734;0;0;694.049;0;500.6;193.449;40.226
15;1;87;687.445;52.998;0;0;601.034;0;247.897;353.137;33.412
15;1;88;384.838;0;0;0;338.093;0;160.578;177.515;46.745
15;1;89;207.145;0;0;0;170.744;0;0;170.744;36.401
15;1;90;132.76;0;0;0;81.403;0;0;81.403;51.357
15;1;91;13.061;0;0;51.695;0;51.695;0;0;64.757
15;1;92;0;0;0;67.966;0;67.966;0;0;67.966
15;1;93;0;0;0;64.396;0;64.396;0;0;64.396
15;1;94;0;0;0;58.339;0;58.339;0;0;58.339
15;1;95;0;0;0;49.996;0;49.996;0;0;49.996
15;1;96;0;0;0;16.783;0;16.783;0;0;16.783
15;1;97;0;0;0;18.711;0;18.711;0;0;18.711
15;1;98;0;0;0;22.833;0;22.833;0;0;22.833
15;1;99;0;0;0;19.229;0;19.229;0;0;19.229
15;1;100;0;0;0;18.228;0;18.228;0;0;18.228
15;1;101;0;0;0;19.633;0;19.633;0;0;19.633
15;1;102;4.59;0;0;15.014;0;15.014;0;0;19.604
15;1;103;79.97;0;0;0;43.675;0;0;43.675;36.294
15;1;104;207.233;0;0;0;153.089;0;0;153.089;54.144
15;1;105;234.25;0;0;0;182.996;0;0;182.996;51.254
15;1;106;499.635;3.056;0;0;444.681;0;29.591;415.089;51.898
15;1;107;856.629;2.5;0;0;790.065;0;373.771;416.293;64.064
15;1;108;959.087;3.409;0;0;897.34;0;497.765;399.576;58.338
15;1;109;778.777;58.211;0;0;662.53;0;82.655;579.874;58.036
15;1;110;409.618;0;0;0;342.305;0;0;342.305;67.313
15;1;111;323.566;0;0;0;270.864;0;0;270.864;52.702
15;1;112;296.567;0;0;0;231.019;0;0;231.019;65.548
15;1;113;236.018;0;0;0;169.029;0;0;169.029;66.989
15;1;114;124.487;0;0;0;70.134;0;0;70.134;54.354
15;1;115;12.21;0;0;57.926;0;57.926;0;0;70.136
15;1;116;0;0;0;71.854;0;71.854;0;0;71.854
15;1;117;0;0;0;59.689;0;59.689;0;0;59.689
15;1;118;0;0;0;53.321;0;53.321;0;0;53.321
15;1;119;0;0;0;35.648;0;35.648;0;0;35.648
15;1;120;0;0;0;16.989;0;16.989;0;0;16.989
15;1;121;0;0;0;20.609;0;20.609;0;0;20.609
15;1;122;0;0;0;18.532;0;18.532;0;0;18.532
15;1;123;0;0;0;18.088;0;18.088;0;0;18.088
15;1;124;0;0;0;19.257;0;19.257;0;0;19.257
15;1;125;0;0;0;19.214;0;19.214;0;0;19.214
15;1;126;2.747;0;0;17.794;0;17.794;0;0;20.541
15;1;127;60.213;0;0;0;9.533;0;0;9.533;50.68
15;1;128;263.634;0;0;0;208.646;0;0;208.646;54.988
15;1;129;493.518;3.327;0;0;439.048;0;45.933;393.115;51.142
15;1;130;689.626;2.87;0;0;629.88;0;229.252;400.628;56.876
15;1;131;818.183;2.644;0;0;761.808;0;371.996;389.811;53.731
15;1;132;893.432;3.691;0;0;831.411;0;450.966;380.446;58.33
15;1;133;844.951;2.527;0;0;778.727;0;396.296;382.431;63.697
15;1;134;668.362;51.559;0;0;568.912;0;68.155;500.757;47.891
15;1;135;473.167;0;0;0;429.544;0;0;429.544;43.623
15;1;136;368.539;0;0;0;325.428;0;0;325.428;43.111
15;1;137;286.585;0;0;0;238.111;0;0;238.111;48.474
15;1;138;127.731;0;0;0;66.864;0;0;66.864;60.867
15;1;139;11.036;0;0;57.96;0;57.96;0;0;68.997
15;1;140;0;0;0;65.642;0;65.642;0;0;65.642
15;1;141;0;0;0;62.976;0;62.976;0;0;62.976
15;1;142;0;0;0;52.098;0;52.098;0;0;52.098
15;1;143;0;0;0;62.957;0;62.957;0;0;62.957
15;1;144;0;0;0;17.761;0;17.761;0;0;17.761
15;1;145;0;0;0;18.734;0;18.734;0;0;18.734
15;1;146;0;0;0;18.328;0;18.328;0;0;18.328
15;1;147;0;0;0;18.938;0;18.938;0;0;18.938
15;1;148;0;0;0;21.383;0;21.383;0;0;21.383
15;1;149;0;0;0;19.675;0;19.675;0;0;19.675
15;1;150;1.819;0;0;19.963;0;19.963;0;0;21.782
15;1;151;77.796;0;0;0;36.233;0;0;36.233;41.563
15;1;152;273.766;0;0;0;212.427;0;0;212.427;61.339
15;1;153;497.993;3.108;0;0;443.463;0;55.646;387.816;51.422
15;1;154;692.292;2.895;0;0;636.162;0;236;400.162;53.235
15;1;155;837.106;2.385;0;0;779.53;0;383.116;396.414;55.191
15;1;156;916.629;13.91;0;0;850.078;0;467.238;382.84;52.641
15;1;157;901.875;90.387;0;0;758.61;0;373.175;385.435;52.877
15;1;158;669.929;16.699;0;0;596.428;0;0;596.428;56.802
15;1;159;585.565;0;0;0;545.109;0;0;545.109;40.456
15;1;160;458.731;0;0;0;399.142;0;0;399.142;59.589
15;1;161;319.512;0;0;0;260.697;0;0;260.697;58.815
15;1;162;123.24;0;0;0;84.147;0;0;84.147;39.094
15;1;163;10.296;0;0;62.019;0;62.019;0;0;72.316
15;1;164;0;0;0;76.092;0;76.092;0;0;76.092
15;1;165;0;0;0;68.057;0;68.057;0;0;68.057
15;1;166;0;0;0;69.299;0;69.299;0;0;69.299
15;1;167;0;0;0;42.765;0;42.765;0;0;42.765
15;2;0;0;150.087;0;167.286;0;167.286;0;0;17.2
15;2;1;0;153.34;0;179.357;0;179.357;0;0;26.017
15;2;2;0;128.595;0;146.977;0;146.977;0;0;18.383
15;2;3;0;87.492;0;106.315;0;106.315;0;0;18.823
15;2;4;0;25.617;0;44.797;0;44.797;0;0;19.18
15;2;5;0;160.672;0;179.959;0;179.959;0;0;19.286
15;2;6;0;76.921;0;98.801;0;98.801;0;0;21.88
15;2;7;63.054;0;0;0;3.862;0;0;3.862;59.192
15;2;8;310.905;0;0;0;251.057;0;0;251.057;59.848
15;2;9;547.423;0;0;0;499.149;0;0;499.149;48.274
15;2;10;731.991;0;0;0;673.938;0;0;673.938;58.053
15;2;11;851.036;92.841;0;0;712.792;0;0;712.792;45.403
15;2;12;908.574;104.104;0;0;758.16;0;0;758.16;46.31
15;2;13;801.076;0;0;0;752.163;0;0;752.163;48.912
15;2;14;516.431;0;0;0;466.052;0;0;466.052;50.379
15;2;15;412.757;0;0;0;353.681;0;0;353.681;59.077
15;2;16;396.942;0;0;0;344.511;0;0;344.511;52.43
15;2;17;239.689;0;0;0;188.356;0;0;188.356;51.332
15;2;18;49.875;129.006;0;145.766;0;145.766;0;0;66.635
15;2;19;0;133.861;0;201.865;0;201.865;0;0;68.004
15;2;20;0;62.081;0;139.714;0;139.714;0;0;77.633
15;2;21;0;34.753;0;97.87;0;97.87;0;0;63.117
15;2;22;0;38.293;0;103.956;0;103.956;0;0;65.663
15;2;23;0;44.473;0;102.649;0;102.649;0;0;58.176
15;2;24;0;54.261;0;70.919;0;70.919;0;0;16.659
15;2;25;0;0;0;19.219;0;19.219;0;0;19.219
15;2;26;0;0;0;18.695;0;18.695;0;0;18.695
15;2;27;0;157.004;0;175.882;0;175.882;0;0;18.878
15;2;28;0;28.38;0;46.73;0;46.73;0;0;18.35
15;2;29;0;0;0;22.177;0;22.177;0;0;22.177
15;2;30;0;161.08;0;185.257;0;185.257;0;0;24.177
15;2;31;58.275;0;0;0;8.646;0;0;8.646;49.628
15;2;32;290.446;0;0;0;241.353;0;0;241.353;49.094
15;2;33;483.594;0;0;0;430.719;0;0;430.719;52.874
15;2;34;679.172;96.288;0;0;528.464;0;0;528.464;54.421
15;2;35;803.615;128.602;0;0;626.049;0;136.622;489.427;48.965
15;2;36;847.945;110.804;0;0;682.233;0;0;682.233;54.908
15;2;37;814.382;14.673;0;0;752.055;0;0;752.055;47.655
15;2;38;739.47;0;0;0;695.615;0;0;695.615;43.854
15;2;39;614.657;0;0;0;564.161;0;0;564.161;50.496
15;2;40;399.612;0;0;0;343.502;0;0;343.502;56.111
15;2;41;156.289;0;0;0;99.708;0;0;99.708;56.581
15;2;42;35.838;0;0;28.855;0;28.855;0;0;64.693
15;2;43;0;0;0;67.545;0;67.545;0;0;67.545
15;2;44;0;0;0;78.285;0;78.285;0;0;78.285
15;2;45;0;0;0;65.811;0;65.811;0;0;65.811
15;2;46;0;0;0;69.962;0;69.962;0;0;69.962
15;2;47;0;0;0;45.367;0;45.367;0;0;45.367
15;2;48;0;0;0;16.822;0;16.822;0;0;16.822
15;2;49;0;0;0;17.764;0;17.764;0;0;17.764
15;2;50;0;0;0;19.345;0;19.345;0;0;19.345
15;2;51;0;0;0;18.273;0;18.273;0;0;18.273
15;2;52;0;21.891;0;40.321;0;40.321;0;0;18.43
15;2;53;0;23.453;0;42.562;0;42.562;0;0;19.109
15;2;54;0;23.677;0;43.322;0;43.322;0;0;19.644
15;2;55;1.848;65.785;0;130.461;0;130.461;0;0;66.523
15;2;56;48.676;131.433;0;138.788;0;138.788;0;0;56.031
15;2;57;100.665;0;0;0;54.344;0;0;54.344;46.321
15;2;58;85.512;0;0;0;34.997;0;0;34.997;50.515
15;2;59;107.693;0;0;0;66.06;0;0;66.06;41.633
15;2;60;150.196;0;0;0;105.804;0;0;105.804;44.391
15;2;61;161.329;0;0;0;116.95;0;0;116.95;44.379
15;2;62;190.751;0;0;0;151.156;0;0;151.156;39.595
15;2;63;211.801;0;0;0;156.312;0;0;156.312;55.488
15;2;64;96.473;0;0;0;54.448;0;0;54.448;42.025
15;2;65;62.555;0;0;0;9.304;0;0;9.304;53.251
15;2;66;19.782;118.167;0;163.305;0;163.305;0;0;64.919
15;2;67;0;0;0;71.876;0;71.876;0;0;71.876
15;2;68;0;0;0;82.575;0;82.575;0;0;82.575
15;2;69;0;0;0;62.48;0;62.48;0;0;62.48
15;2;70;0;130.624;0;190.02;0;190.02;0;0;59.396
15;2;71;0;0;0;58.581;0;58.581;0;0;58.581
15;2;72;0;133.051;0;150.213;0;150.213;0;0;17.162
15;2;73;0;24.939;0;48.552;0;48.552;0;0;23.613
15;2;74;0;30.344;0;48.385;0;48.385;0;0;18.041
15;2;75;0;0;0;19.582;0;19.582;0;0;19.582
15;2;76;0;70.768;0;88.671;0;88.671;0;0;17.903
15;2;77;0;0;0;23.818;0;23.818;0;0;23.818
15;2;78;0;85.132;0;107.881;0;107.881;0;0;22.748
15;2;79;43.038;0;0;0;18.506;0;0;18.506;24.532
15;2;80;191.21;0;0;0;159.218;0;0;159.218;31.991
15;2;81;156.805;0;0;0;123.221;0;0;123.221;33.584
15;2;82;165.314;0;0;0;113.473;0;0;113.473;51.841
15;2;83;385.524;0;0;0;351.234;0;0;351.234;34.29
15;2;84;613.383;49.195;0;0;529.864;0;0;529.864;34.324
15;2;85;465.287;0;0;0;428.76;0;0;428.76;36.527
15;2;86;289.605;0;0;0;248.133;0;0;248.133;41.472
15;2;87;248.051;0;0;0;206.196;0;0;206.196;41.855
15;2;88;170.076;0;0;0;134.223;0;0;134.223;35.853
15;2;89;136.731;0;0;0;95.852;0;0;95.852;40.879
15;2;90;24.839;136.29;0;163.994;0;163.994;0;0;52.542
15;2;91;0;0;0;50.629;0;50.629;0;0;50.629
15;2;92;0;138.721;0;202.234;0;202.234;0;0;63.513
15;2;93;0;0;0;62.695;0;62.695;0;0;62.695
15;2;94;0;141.154;0;196.601;0;196.601;0;0;55.447
15;2;95;0;62.876;0;105.291;0;105.291;0;0;42.414
15;2;96;0;81.156;0;98.196;0;98.196;0;0;17.04
15;2;97;0;82.565;0;108.307;0;108.307;0;0;25.743
15;2;98;0;56.167;0;74.911;0;74.911;0;0;18.744
15;2;99;0;0;0;19.302;0;19.302;0;0;19.302
15;2;100;0;152.933;0;172.587;0;172.587;0;0;19.654
15;2;101;0;154.154;0;173.081;0;173.081;0;0;18.927
15;2;102;0;49.296;0;71.35;0;71.35;0;0;22.055
15;2;103;41.961;156.19;0;164.894;0;164.894;0;0;50.665
15;2;104;276.048;0;0;0;228.058;0;0;228.058;47.99
15;2;105;510.42;0;0;0;446.888;0;0;446.888;63.532
15;2;106;566.599;0;0;0;503.948;0;0;503.948;62.651
15;2;107;428.026;0;0;0;369.762;0;0;369.762;58.264
15;2;108;552.407;88.802;0;0;410.757;0;0;410.757;52.848
15;2;109;495.692;35.001;0;0;412.886;0;0;412.886;47.804
15;2;110;467.208;0;0;0;415.548;0;0;415.548;51.659
15;2;111;245.782;0;0;0;195.386;0;0;195.386;50.396
15;2;112;141.667;0;0;0;89.029;0;0;89.029;52.639
15;2;113;116.573;0;0;0;52.931;0;0;52.931;63.642
15;2;114;17.935;26.666;0;78.552;0;78.552;0;0;69.822
15;2;115;0;27.676;0;95.003;0;95.003;0;0;67.327
15;2;116;0;59.974;0;133.701;0;133.701;0;0;73.727
15;2;117;0;0;0;59.035;0;59.035;0;0;59.035
15;2;118;0;61.266;0;125.595;0;125.595;0;0;64.329
15;2;119;0;0;0;37.669;0;37.669;0;0;37.669
15;2;120;0;36.303;0;52.944;0;52.944;0;0;16.642
15;2;121;0;36.135;0;60.331;0;60.331;0;0;24.197
15;2;122;0;37.852;0;59.019;0;59.019;0;0;21.166
15;2;123;0;40.076;0;59.306;0;59.306;0;0;19.23
15;2;124;0;41.392;0;59.964;0;59.964;0;0;18.572
15;2;125;0;91.278;0;110.896;0;110.896;0;0;19.618
15;2;126;0;135.885;0;160.422;0;160.422;0;0;24.537
15;2;127;15.915;136.29;0;181.906;0;181.906;0;0;61.531
15;2;128;86.422;0;0;0;22.63;0;0;22.63;63.792
15;2;129;141.728;0;0;0;80.324;0;0;80.324;61.404
15;2;130;178.058;0;0;0;130.607;0;0;130.607;47.451
15;2;131;209.528;0;0;0;155.818;0;0;155.818;53.709
15;2;132;393.12;0;0;0;350.878;0;0;350.878;42.242
15;2;133;511.973;0;0;0;448.028;0;0;448.028;63.945
15;2;134;237.41;0;0;0;191.416;0;0;191.416;45.994
15;2;135;124.204;0;0;0;77.844;0;0;77.844;46.361
15;2;136;109.815;0;0;0;67.774;0;0;67.774;42.042
15;2;137;71.107;0;0;0;1.939;0;0;1.939;69.168
15;2;138;14.91;119.401;0;185.687;0;185.687;0;0;81.197
15;2;139;0;120.779;0;214.237;0;214.237;0;0;93.458
15;2;140;0;0;0;78.981;0;78.981;0;0;78.981
15;2;141;0;0;0;69.214;0;69.214;0;0;69.214
15;2;142;0;98.205;0;161.386;0;161.386;0;0;63.181
15;2;143;0;20.28;0;59.88;0;59.88;0;0;39.6
15;2;144;0;13.544;0;30.365;0;30.365;0;0;16.821
15;2;145;0;0;0;18.137;0;18.137;0;0;18.137
15;2;146;0;0;0;18.381;0;18.381;0;0;18.381
15;2;147;0;0;0;19.946;0;19.946;0;0;19.946
15;2;148;0;0;0;18.542;0;18.542;0;0;18.542
15;2;149;0;0;0;19.36;0;19.36;0;0;19.36
15;2;150;0;0;0;19.909;0;19.909;0;0;19.909
15;2;151;6.513;0;0;49.131;0;49.131;0;0;55.644
15;2;152;33.521;122.437;0;155.035;0;155.035;0;0;66.119
15;2;153;62.364;0;0;0;3.048;0;0;3.048;59.316
15;2;154;60.326;135.48;0;138.966;0;138.966;0;0;63.812
15;2;155;88.443;0;0;0;40.077;0;0;40.077;48.366
15;2;156;127.178;0;0;0;78.305;0;0;78.305;48.873
15;2;157;98.729;0;0;0;44.064;0;0;44.064;54.665
15;2;158;102.97;0;0;0;44.284;0;0;44.284;58.686
15;2;159;85.695;0;0;0;36.103;0;0;36.103;49.592
15;2;160;42.363;124.157;0;147.308;0;147.308;0;0;65.513
15;2;161;19.371;0;0;54.363;0;54.363;0;0;73.734
15;2;162;4.616;0;0;74.717;0;74.717;0;0;79.333
15;2;163;0;0;0;71.248;0;71.248;0;0;71.248
15;2;164;0;0;0;82.687;0;82.687;0;0;82.687
15;2;165;0;26.113;0;89.417;0;89.417;0;0;63.305
15;2;166;0;37.114;0;101.133;0;101.133;0;0;64.019
15;2;167;0;131.028;0;173.953;0;173.953;0;0;42.924
15;3;0;0;177.025;0;196.858;0;196.858;0;0;19.833
15;3;1;0;177.435;0;201.024;0;201.024;0;0;23.589
15;3;2;0;176.206;0;195.651;0;195.651;0;0;19.446
15;3;3;0;176.615;0;196.11;0;196.11;0;0;19.494
15;3;4;0;177.025;0;196.439;0;196.439;0;0;19.414
15;3;5;0;179.896;0;200.499;0;200.499;0;0;20.603
15;3;6;0;179.896;0;203.222;0;203.222;0;0;23.326
15;3;7;0;179.486;0;241.094;0;241.094;0;0;61.609
15;3;8;0;178.255;0;248.52;0;248.52;0;0;70.265
15;3;9;79.988;0;0;0;16.209;0;0;16.209;63.779
15;3;10;154.406;0;0;0;102.272;0;0;102.272;52.134
15;3;11;130.438;0;0;0;85.999;0;0;85.999;44.439
15;3;12;297.099;0;0;0;236.804;0;0;236.804;60.295
15;3;13;549.894;0;0;0;500.275;0;0;500.275;49.62
15;3;14;513.489;2.172;0;0;465.807;0;0;465.807;45.51
15;3;15;328.604;6.267;0;0;274.85;0;0;274.85;47.487
15;3;16;71.749;0;0;0;11.036;0;0;11.036;60.713
15;3;17;0;164.753;0;247.102;0;247.102;0;0;82.349
15;3;18;0;165.978;0;239.513;0;239.513;0;0;73.535
15;3;19;0;0;0;78.495;0;78.495;0;0;78.495
15;3;20;0;114.262;0;196.446;0;196.446;0;0;82.184
15;3;21;0;150.322;0;222.391;0;222.391;0;0;72.069
15;3;22;0;174.157;0;232.131;0;232.131;0;0;57.974
15;3;23;0;175.796;0;218.92;0;218.92;0;0;43.124
15;3;24;0;177.435;0;194.47;0;194.47;0;0;17.035
15;3;25;0;179.896;0;205.332;0;205.332;0;0;25.436
15;3;26;0;179.896;0;197.959;0;197.959;0;0;18.063
15;3;27;0;179.896;0;198.624;0;198.624;0;0;18.728
15;3;28;0;180.717;0;199.92;0;199.92;0;0;19.204
15;3;29;0;181.127;0;202.69;0;202.69;0;0;21.563
15;3;30;0;180.717;0;205.299;0;205.299;0;0;24.582
15;3;31;0;182.359;0;232.004;0;232.004;0;0;49.645
15;3;32;0;180.306;0;247.954;0;247.954;0;0;67.647
15;3;33;68.794;178.255;0;183.641;0;183.641;0;0;74.18
15;3;34;265.58;0;0;0;212.332;0;0;212.332;53.248
15;3;35;302.53;0;0;0;247.252;0;0;247.252;55.277
15;3;36;349.586;0;0;0;294.923;0;0;294.923;54.663
15;3;37;252.257;0;0;0;206.029;0;0;206.029;46.228
15;3;38;56.989;126.533;0;134.278;0;134.278;0;0;64.734
15;3;39;32.451;130.387;0;156.385;0;156.385;0;0;58.449
15;3;40;7.627;127.466;0;197.054;0;197.054;0;0;77.215
15;3;41;0;131.392;0;204.894;0;204.894;0;0;73.501
15;3;42;0;139.253;0;213.11;0;213.11;0;0;73.857
15;3;43;0;139.549;0;219.944;0;219.944;0;0;80.394
15;3;44;0;140.554;0;211.743;0;211.743;0;0;71.189
15;3;45;0;135.229;0;201.204;0;201.204;0;0;65.975
15;3;46;0;127.384;0;192.389;0;192.389;0;0;65.006
15;3;47;0;124.825;0;168.985;0;168.985;0;0;44.16
15;3;48;0;86.731;0;103.787;0;103.787;0;0;17.056
15;3;49;0;82.106;0;105.718;0;105.718;0;0;23.612
15;3;50;0;79.916;0;98.83;0;98.83;0;0;18.913
15;3;51;0;77.636;0;96.921;0;96.921;0;0;19.286
15;3;52;0;76.941;0;95.328;0;95.328;0;0;18.387
15;3;53;0;77.368;0;102.679;0;102.679;0;0;25.311
15;3;54;0;76.816;0;106.072;0;106.072;0;0;29.255
15;3;55;0;109.305;0;161.506;0;161.506;0;0;52.2
15;3;56;0;158.227;0;216.022;0;216.022;0;0;57.796
15;3;57;10.379;159.449;0;220.866;0;220.866;0;0;71.795
15;3;58;47.099;160.672;0;167.237;0;167.237;0;0;53.664
15;3;59;41.518;159.857;0;177.301;0;177.301;0;0;58.962
15;3;60;143.713;0;0;0;99.271;0;0;99.271;44.443
15;3;61;323.822;0;0;0;280.671;0;0;280.671;43.151
15;3;62;190.844;0;0;0;139.325;0;0;139.325;51.519
15;3;63;138.207;0;0;0;82.869;0;0;82.869;55.338
15;3;64;17.486;69.156;0;128.666;0;128.666;0;0;76.996
15;3;65;0;154.561;0;237.243;0;237.243;0;0;82.681
15;3;66;0;155.783;0;225.119;0;225.119;0;0;69.336
15;3;67;0;148.318;0;216.756;0;216.756;0;0;68.438
15;3;68;0;0;0;85.99;0;85.99;0;0;85.99
15;3;69;0;0;0;56.64;0;56.64;0;0;56.64
15;3;70;0;0;0;61.653;0;61.653;0;0;61.653
15;3;71;0;83.405;0;129.696;0;129.696;0;0;46.291
15;3;72;0;86.275;0;103.616;0;103.616;0;0;17.341
15;3;73;0;88.296;0;109.237;0;109.237;0;0;20.941
15;3;74;0;90.106;0;109.684;0;109.684;0;0;19.578
15;3;75;0;93.682;0;112.22;0;112.22;0;0;18.538
15;3;76;0;92.607;0;112.025;0;112.025;0;0;19.418
15;3;77;0;103.369;0;123.449;0;123.449;0;0;20.08
15;3;78;0;161.896;0;181.44;0;181.44;0;0;19.544
15;3;79;0;163.936;0;193.372;0;193.372;0;0;29.436
15;3;80;0;163.936;0;197.185;0;197.185;0;0;33.248
15;3;81;7.565;163.936;0;196.313;0;196.313;0;0;39.941
15;3;82;15.134;164.345;0;193.004;0;193.004;0;0;43.794
15;3;83;33.12;164.345;0;180.164;0;180.164;0;0;48.939
15;3;84;60.575;0;0;0;23.174;0;0;23.174;37.401
15;3;85;356.851;0;0;0;323.674;0;0;323.674;33.178
15;3;86;346.342;0;0;0;307.279;0;0;307.279;39.063
15;3;87;205.81;0;0;0;165.234;0;0;165.234;40.576
15;3;88;22.86;165.978;0;193.077;0;193.077;0;0;49.96
15;3;89;0;166.386;0;214.771;0;214.771;0;0;48.384
15;3;90;0;168.429;0;225.919;0;225.919;0;0;57.49
15;3;91;0;6.158;0;75.102;0;75.102;0;0;68.944
15;3;92;0;0;0;88.446;0;88.446;0;0;88.446
15;3;93;0;114.319;0;189.969;0;189.969;0;0;75.65
15;3;94;0;124.279;0;175.791;0;175.791;0;0;51.511
15;3;95;0;121.087;0;175.76;0;175.76;0;0;54.673
15;3;96;0;176.56;0;193.368;0;193.368;0;0;16.808
15;3;97;0;179.075;0;203.28;0;203.28;0;0;24.204
15;3;98;0;179.486;0;198.211;0;198.211;0;0;18.725
15;3;99;0;180.717;0;200.709;0;200.709;0;0;19.992
15;3;100;0;179.075;0;197.535;0;197.535;0;0;18.46
15;3;101;0;176.615;0;195.965;0;195.965;0;0;19.349
15;3;102;0;174.976;0;195.226;0;195.226;0;0;20.25
15;3;103;0;173.579;0;222.857;0;222.857;0;0;49.278
15;3;104;0;159.527;0;222.596;0;222.596;0;0;63.069
15;3;105;5.694;170.065;0;242.24;0;242.24;0;0;77.869
15;3;106;20.004;140.066;0;204.366;0;204.366;0;0;84.303
15;3;107;25.729;156.557;0;208.98;0;208.98;0;0;78.152
15;3;108;48.644;158.088;0;189.266;0;189.266;0;0;79.822
15;3;109;56.615;150.883;0;164.784;0;164.784;0;0;70.516
15;3;110;41.919;144.355;0;190.477;0;190.477;0;0;88.041
15;3;111;23.807;144.236;0;193.095;0;193.095;0;0;72.666
15;3;112;3.8;141.371;0;213.332;0;213.332;0;0;75.761
15;3;113;0;139.387;0;216.697;0;216.697;0;0;77.309
15;3;114;0;147.19;0;217.866;0;217.866;0;0;70.677
15;3;115;0;143.814;0;234.101;0;234.101;0;0;90.288
15;3;116;0;143.145;0;217.321;0;217.321;0;0;74.175
15;3;117;0;141.6;0;209.776;0;209.776;0;0;68.176
15;3;118;0;169.656;0;235.812;0;235.812;0;0;66.156
15;3;119;0;170.474;0;217.913;0;217.913;0;0;47.439
15;3;120;0;170.474;0;187.91;0;187.91;0;0;17.436
15;3;121;0;171.292;0;193.993;0;193.993;0;0;22.701
15;3;122;0;173.748;0;192.982;0;192.982;0;0;19.235
15;3;123;0;176.615;0;195.539;0;195.539;0;0;18.923
15;3;124;0;179.896;0;198.121;0;198.121;0;0;18.225
15;3;125;0;112.12;0;131.328;0;131.328;0;0;19.209
15;3;126;0;181.948;0;203.82;0;203.82;0;0;21.872
15;3;127;0;182.359;0;237.53;0;237.53;0;0;55.171
15;3;128;0;181.127;0;251.362;0;251.362;0;0;70.235
15;3;129;17.969;179.075;0;233.357;0;233.357;0;0;72.251
15;3;130;47.124;174.976;0;191.828;0;191.828;0;0;63.975
15;3;131;43.822;174.157;0;199.818;0;199.818;0;0;69.482
15;3;132;118.618;0;0;0;66.442;0;0;66.442;52.176
15;3;133;132.297;0;0;0;84.053;0;0;84.053;48.244
15;3;134;32.334;127.943;0;166.949;0;166.949;0;0;71.341
15;3;135;20.939;131.242;0;176.968;0;176.968;0;0;66.665
15;3;136;1.898;171.701;0;241.792;0;241.792;0;0;71.989
15;3;137;0;90.941;0;159.616;0;159.616;0;0;68.675
15;3;138;0;140.735;0;216.46;0;216.46;0;0;75.726
15;3;139;0;176.206;0;261.892;0;261.892;0;0;85.687
15;3;140;0;117.037;0;184.569;0;184.569;0;0;67.531
15;3;141;0;167.545;0;230.273;0;230.273;0;0;62.729
15;3;142;0;180.717;0;250.482;0;250.482;0;0;69.766
15;3;143;0;181.538;0;219.858;0;219.858;0;0;38.321
15;3;144;0;179.075;0;198.487;0;198.487;0;0;19.412
15;3;145;0;181.127;0;200.593;0;200.593;0;0;19.466
15;3;146;0;180.306;0;199.151;0;199.151;0;0;18.844
15;3;147;0;182.359;0;202.656;0;202.656;0;0;20.297
15;3;148;0;181.538;0;200.559;0;200.559;0;0;19.021
15;3;149;0;181.948;0;203.38;0;203.38;0;0;21.432
15;3;150;0;180.717;0;209.144;0;209.144;0;0;28.428
15;3;151;0;179.075;0;238.768;0;238.768;0;0;59.692
15;3;152;0;177.435;0;256.34;0;256.34;0;0;78.905
15;3;153;63.636;170.883;0;175.48;0;175.48;0;0;68.233
15;3;154;177.748;0;0;0;124.561;0;0;124.561;53.187
15;3;155;87.019;0;0;0;32.246;0;0;32.246;54.772
15;3;156;53.923;115.87;0;116.996;0;116.996;0;0;55.049
15;3;157;60.951;161.08;0;168.025;0;168.025;0;0;67.896
15;3;158;41.617;53.913;0;83.954;0;83.954;0;0;71.658
15;3;159;17.954;106.351;0;170.995;0;170.995;0;0;82.598
15;3;160;8.51;104.043;0;177.428;0;177.428;0;0;81.895
15;3;161;0;104.657;0;170.892;0;170.892;0;0;66.235
15;3;162;0;111.309;0;184.793;0;184.793;0;0;73.484
15;3;163;0;110.202;0;193.449;0;193.449;0;0;83.247
15;3;164;0;106.479;0;176.774;0;176.774;0;0;70.296
15;3;165;0;126.989;0;202.084;0;202.084;0;0;75.095
15;3;166;0;160.265;0;231.707;0;231.707;0;0;71.442
15;3;167;0;161.896;0;210.754;0;210.754;0;0;48.858
20;0;0;0;0;0;16.917;0;16.917;0;0;16.917
20;0;1;0;149.51;0;169.762;0;169.762;0;0;20.252
20;0;2;0;0;0;20.233;0;20.233;0;0;20.233
20;0;3;0;147.534;0;168.856;0;168.856;0;0;21.322
20;0;4;0;158.634;0;177.44;0;177.44;0;0;18.806
20;0;5;0;158.634;0;179.39;0;179.39;0;0;20.756
20;0;6;0;159.857;0;185.273;0;185.273;0;0;25.416
20;0;7;0;159.857;0;221.439;0;221.439;0;0;61.582
20;0;8;89.796;0;0;0;30.813;0;0;30.813;58.982
20;0;9;294.527;0;0;0;242.027;0;0;242.027;52.5
20;0;10;341.181;0;0;0;293.092;0;0;293.092;48.088
20;0;11;199.336;0;0;0;155.814;0;0;155.814;43.522
20;0;12;263.879;64.096;0;0;150.399;0;0;150.399;49.385
20;0;13;118.036;66.037;0;0;0;0;0;0;52
20;0;14;91.14;30.321;0;0;0;0;0;0;60.819
20;0;15;253.487;56.362;0;0;146.788;0;0;146.788;50.338
20;0;16;158.291;52.701;0;0;53.931;0;0;53.931;51.659
20;0;17;0;50.539;0;121.173;0;121.173;0;0;70.634
20;0;18;0;58.79;0;132.714;0;132.714;0;0;73.924
20;0;19;0;63.893;0;137.099;0;137.099;0;0;73.206
20;0;20;0;64.813;0;148.32;0;148.32;0;0;83.508
20;0;21;0;63.989;0;127.23;0;127.23;0;0;63.241
20;0;22;0;62.627;0;114.495;0;114.495;0;0;51.868
20;0;23;0;66.761;0;111.13;0;111.13;0;0;44.369
20;0;24;0;74.677;0;91.528;0;91.528;0;0;16.85
20;0;25;0;158.634;0;176.968;0;176.968;0;0;18.334
20;0;26;0;25.313;0;45.3;0;45.3;0;0;19.988
20;0;27;0;160.265;0;179.935;0;179.935;0;0;19.67
20;0;28;0;160.672;0;179.235;0;179.235;0;0;18.562
20;0;29;0;163.528;0;183.701;0;183.701;0;0;20.173
20;0;30;0;165.569;0;188.857;0;188.857;0;0;23.287
20;0;31;0;167.203;0;229.162;0;229.162;0;0;61.958
20;0;32;82.975;0;0;0;17.211;0;0;17.211;65.764
20;0;33;257.969;0;0;0;205.609;0;0;205.609;52.36
20;0;34;383.351;0;0;0;330.784;0;0;330.784;52.567
20;0;35;386.574;5.333;0;0;333.947;0;0;333.947;47.295
20;0;36;286.631;73.793;0;0;170.473;0;0;170.473;42.366
20;0;37;560.986;64.242;0;0;445.501;0;0;445.501;51.243
20;0;38;637.461;59.831;0;0;526.412;0;0;526.412;51.218
20;0;39;511.231;55.34;0;0;402.539;0;0;402.539;53.353
20;0;40;261.485;70.016;0;0;134.368;0;0;134.368;57.102
20;0;41;88.186;31.107;0;0;0;0;0;0;57.079
20;0;42;0;59.296;0;121.27;0;121.27;0;0;61.974
20;0;43;0;60.937;0;135.097;0;135.097;0;0;74.16
20;0;44;0;64.069;0;135.715;0;135.715;0;0;71.647
20;0;45;0;69.332;0;127.637;0;127.637;0;0;58.305
20;0;46;0;65.085;0;130.468;0;130.468;0;0;65.383
20;0;47;0;122.713;0;169.446;0;169.446;0;0;46.733
20;0;48;0;0;0;17.282;0;17.282;0;0;17.282
20;0;49;0;56.579;0;76.494;0;76.494;0;0;19.915
20;0;50;0;61.62;0;80.817;0;80.817;0;0;19.197
20;0;51;0;71.668;0;90.417;0;90.417;0;0;18.749
20;0;52;0;165.569;0;184.66;0;184.66;0;0;19.09
20;0;53;0;165.569;0;186.263;0;186.263;0;0;20.694
20;0;54;0;165.978;0;189.043;0;189.043;0;0;23.065
20;0;55;0;164.753;0;225.047;0;225.047;0;0;60.294
20;0;56;56.397;90.201;0;97.534;0;97.534;0;0;63.73
20;0;57;151.263;0;0;0;99.758;0;0;99.758;51.505
20;0;58;266.169;0;0;0;217.769;0;0;217.769;48.399
20;0;59;368.718;0;0;0;327.044;0;0;327.044;41.674
20;0;60;196.781;41.781;0;0;113.416;0;0;113.416;41.584
20;0;61;80.792;0;0;0;33.675;0;0;33.675;47.117
20;0;62;64.904;0;0;0;15.85;0;0;15.85;49.054
20;0;63;377.177;59.408;0;0;269.851;0;0;269.851;47.918
20;0;64;391.171;46.784;0;0;287.137;0;0;287.137;57.25
20;0;65;66.455;37.552;0;41.524;0;41.524;0;0;70.428
20;0;66;0;38.986;0;123.003;0;123.003;0;0;84.017
20;0;67;0;142.371;0;231.05;0;231.05;0;0;88.679
20;0;68;0;4.611;0;75.728;0;75.728;0;0;71.117
20;0;69;0;0;0;77.293;0;77.293;0;0;77.293
20;0;70;0;0;0;57.741;0;57.741;0;0;57.741
20;0;71;0;143.588;0;187.022;0;187.022;0;0;43.434
20;0;72;0;122.126;0;138.806;0;138.806;0;0;16.68
20;0;73;0;0;0;18.497;0;18.497;0;0;18.497
20;0;74;0;0;0;18.753;0;18.753;0;0;18.753
20;0;75;0;0;0;19.291;0;19.291;0;0;19.291
20;0;76;0;112.354;0;131;0;131;0;0;18.646
20;0;77;0;159.449;0;178.835;0;178.835;0;0;19.385
20;0;78;0;160.672;0;181.947;0;181.947;0;0;21.275
20;0;79;0;161.488;0;185.464;0;185.464;0;0;23.975
20;0;80;0;163.528;0;202.215;0;202.215;0;0;38.687
20;0;81;48.917;0;0;0;13.334;0;0;13.334;35.583
20;0;82;79.296;0;0;0;39.233;0;0;39.233;40.063
20;0;83;134.974;0;0;0;94.737;0;0;94.737;40.237
20;0;84;201.207;0;0;0;154.944;0;0;154.944;46.263
20;0;85;173.354;70.182;0;0;66.216;0;0;66.216;36.957
20;0;86;95.938;54.606;0;0;0;0;0;0;41.332
20;0;87;157.23;97.684;0;0;28.874;0;0;28.874;30.673
20;0;88;91.703;57.958;0;0;0;0;0;0;33.745
20;0;89;141.36;70.525;0;0;32.671;0;0;32.671;38.165
20;0;90;0;76.439;0;130.435;0;130.435;0;0;53.996
20;0;91;0;165.978;0;232.283;0;232.283;0;0;66.306
20;0;92;0;103.48;0;189.688;0;189.688;0;0;86.208
20;0;93;0;168.838;0;235.903;0;235.903;0;0;67.065
20;0;94;0;169.247;0;236.641;0;236.641;0;0;67.394
20;0;95;0;169.247;0;216.509;0;216.509;0;0;47.262
20;0;96;0;170.474;0;187.402;0;187.402;0;0;16.928
20;0;97;0;9.509;0;33.498;0;33.498;0;0;23.989
20;0;98;0;172.929;0;190.877;0;190.877;0;0;17.948
20;0;99;0;174.157;0;192.528;0;192.528;0;0;18.371
20;0;100;0;174.157;0;193.18;0;193.18;0;0;19.023
20;0;101;0;174.157;0;193.394;0;193.394;0;0;19.237
20;0;102;0;173.338;0;193.45;0;193.45;0;0;20.112
20;0;103;0;173.748;0;231.46;0;231.46;0;0;57.712
20;0;104;67.258;141.527;0;142.18;0;142.18;0;0;67.911
20;0;105;160.176;19.472;0;0;93.226;0;0;93.226;47.477
20;0;106;144.662;89.751;0;0;0;0;0;0;54.912
20;0;107;113.93;49.812;0;0;0;0;0;0;64.118
20;0;108;103.1;49.718;0;0;0;0;0;0;53.382
20;0;109;86.284;35.396;0;0;0;0;0;0;50.888
20;0;110;354.986;100.587;0;0;200.802;0;0;200.802;53.597
20;0;111;315.892;95.128;0;0;171.376;0;0;171.376;49.389
20;0;112;0;90.671;0;160.411;0;160.411;0;0;69.74
20;0;113;0;96.388;0;169.357;0;169.357;0;0;72.969
20;0;114;0;166.386;0;248.857;0;248.857;0;0;82.471
20;0;115;0;170.474;0;254.147;0;254.147;0;0;83.674
20;0;116;0;173.748;0;256.564;0;256.564;0;0;82.816
20;0;117;0;172.929;0;248.062;0;248.062;0;0;75.133
20;0;118;0;173.748;0;240.984;0;240.984;0;0;67.236
20;0;119;0;66.978;0;107.03;0;107.03;0;0;40.051
20;0;120;0;0;0;18.89;0;18.89;0;0;18.89
20;0;121;0;174.976;0;196.279;0;196.279;0;0;21.302
20;0;122;0;174.567;0;193.797;0;193.797;0;0;19.23
20;0;123;0;176.206;0;195.427;0;195.427;0;0;19.221
20;0;124;0;176.206;0;194.111;0;194.111;0;0;17.906
20;0;125;0;176.206;0;194.907;0;194.907;0;0;18.701
20;0;126;0;175.386;0;197.162;0;197.162;0;0;21.776
20;0;127;0;175.796;0;236.973;0;236.973;0;0;61.177
20;0;128;81.034;0;0;0;12.454;0;0;12.454;68.58
20;0;129;261.152;31.23;0;0;180.488;0;0;180.488;49.433
20;0;130;257.459;171.292;0;0;35.211;0;0;35.211;50.955
20;0;131;112.91;66.336;0;0;0;0;0;0;46.573
20;0;132;76.995;29.043;0;0;0;0;0;0;47.952
20;0;133;144.871;83.696;0;0;0;0;0;0;61.175
20;0;134;123.62;64.887;0;0;0;0;0;0;58.734
20;0;135;240.578;95.036;0;0;97.415;0;0;97.415;48.127
20;0;136;202.958;92.239;0;0;61.413;0;0;61.413;49.306
20;0;137;207.976;91.272;0;0;56.638;0;0;56.638;60.065
20;0;138;0;168.838;0;247.654;0;247.654;0;0;78.816
20;0;139;0;42.464;0;112.926;0;112.926;0;0;70.461
20;0;140;0;112.588;0;185.668;0;185.668;0;0;73.079
20;0;141;0;138.537;0;195.494;0;195.494;0;0;56.957
20;0;142;0;178.255;0;249.1;0;249.1;0;0;70.845
20;0;143;0;179.075;0;219.268;0;219.268;0;0;40.193
20;0;144;0;179.075;0;195.725;0;195.725;0;0;16.649
20;0;145;0;182.359;0;203.275;0;203.275;0;0;20.916
20;0;146;0;181.948;0;201.148;0;201.148;0;0;19.2
20;0;147;0;185.235;0;204.247;0;204.247;0;0;19.012
20;0;148;0;186.468;0;205.484;0;205.484;0;0;19.016
20;0;149;0;187.702;0;206.635;0;206.635;0;0;18.933
20;0;150;0;190.995;0;213.16;0;213.16;0;0;22.165
20;0;151;0;190.583;0;248.604;0;248.604;0;0;58.021
20;0;152;175.515;0;0;0;121.563;0;0;121.563;53.952
20;0;153;457.018;0;0;0;406.772;0;0;406.772;50.245
20;0;154;553.316;52.493;0;0;456.264;0;0;456.264;44.56
20;0;155;399.633;126.424;0;0;229.558;0;0;229.558;43.651
20;0;156;531.747;140.921;0;0;345.51;0;0;345.51;45.316
20;0;157;268.872;171.701;0;0;37.362;0;0;37.362;59.808
20;0;158;94.204;36.58;0;0;0;0;0;0;57.623
20;0;159;165.729;117.469;0;0;0;0;0;0;48.26
20;0;160;265.369;143.996;0;0;66.497;0;0;66.497;54.876
20;0;161;147.18;90.895;0;0;0;0;0;0;56.285
20;0;162;0;127.446;0;189.301;0;189.301;0;0;61.855
20;0;163;0;184.002;0;258.507;0;258.507;0;0;74.505
20;0;164;0;186.057;0;261.694;0;261.694;0;0;75.637
20;0;165;0;188.525;0;260.092;0;260.092;0;0;71.567
20;0;166;0;190.583;0;253.995;0;253.995;0;0;63.412
20;0;167;0;63.631;0;114.1;0;114.1;0;0;50.47
20;1;0;0;0;0;16.763;0;16.763;0;0;16.763
20;1;1;0;0;0;17.892;0;17.892;0;0;17.892
20;1;2;0;0;0;18.353;0;18.353;0;0;18.353
20;1;3;0;0;0;19.991;0;19.991;0;0;19.991
20;1;4;0;0;0;21.049;0;21.049;0;0;21.049
20;1;5;0;0;0;19.563;0;19.563;0;0;19.563
20;1;6;9.443;0;0;16.615;0;16.615;0;0;26.057
20;1;7;103.483;0;0;0;63.39;0;0;63.39;40.093
20;1;8;291.68;0;0;0;230.815;0;0;230.815;60.865
20;1;9;502.158;0;0;0;437.319;0;54.199;383.121;64.839
20;1;10;468.023;0;0;0;406.894;0;0;406.894;61.129
20;1;11;757.961;0;0;0;704.104;0;332.434;371.67;53.857
20;1;12;827.585;0;0;0;775.526;0;413.616;361.91;52.06
20;1;13;433.771;0;0;0;376.358;0;0;376.358;57.414
20;1;14;759.468;0;0;0;701.017;0;318.359;382.657;58.452
20;1;15;518.036;4.245;0;0;463.393;0;91.581;371.812;50.397
20;1;16;354.002;0;0;0;293.678;0;0;293.678;60.324
20;1;17;214.347;0;0;0;158.85;0;0;158.85;55.497
20;1;18;94.017;0;0;0;39.729;0;0;39.729;54.288
20;1;19;3.626;9.641;0;79.593;0;79.593;0;0;73.578
20;1;20;0;0;0;73.7;0;73.7;0;0;73.7
20;1;21;0;4.316;0;74.645;0;74.645;0;0;70.329
20;1;22;0;1.656;0;59.662;0;59.662;0;0;58.006
20;1;23;0;1.572;0;43.091;0;43.091;0;0;41.519
20;1;24;0;1.02;0;18.053;0;18.053;0;0;17.033
20;1;25;0;2.707;0;25.669;0;25.669;0;0;22.962
20;1;26;0;0;0;19.109;0;19.109;0;0;19.109
20;1;27;0;1.39;0;20.833;0;20.833;0;0;19.443
20;1;28;0;1.321;0;19.801;0;19.801;0;0;18.48
20;1;29;0;1.369;0;21.67;0;21.67;0;0;20.301
20;1;30;7.682;11.805;0;29.178;0;29.178;0;0;25.054
20;1;31;95.774;0;0;0;45.913;0;0;45.913;49.862
20;1;32;283.548;0;0;0;223.07;0;0;223.07;60.478
20;1;33;476.638;5.136;0;0;417.688;0;43.599;374.088;53.815
20;1;34;445.444;0;0;0;392.856;0;0;392.856;52.588
20;1;35;440.145;5.409;0;0;390.989;0;0;390.989;43.748
20;1;36;400.834;0;0;0;358.741;0;0;358.741;42.093
20;1;37;417.318;1.939;0;0;365.149;0;0;365.149;50.23
20;1;38;446.886;2.245;0;0;396.18;0;0;396.18;48.461
20;1;39;579.474;10.512;0;0;524.268;0;0;524.268;44.694
20;1;40;548.171;0;0;0;493.602;0;133.054;360.548;54.569
20;1;41;326.724;0;0;0;265.679;0;0;265.679;61.044
20;1;42;144.213;0;0;0;85.25;0;0;85.25;58.963
20;1;43;13.955;3.609;0;54.986;0;54.986;0;0;65.332
20;1;44;0;4.415;0;81.69;0;81.69;0;0;77.275
20;1;45;0;3.643;0;69.19;0;69.19;0;0;65.547
20;1;46;0;1.519;0;57.713;0;57.713;0;0;56.193
20;1;47;0;1.148;0;57.202;0;57.202;0;0;56.054
20;1;48;0;1.633;0;19.298;0;19.298;0;0;17.665
20;1;49;0;2.76;0;22.193;0;22.193;0;0;19.433
20;1;50;0;0;0;18.81;0;18.81;0;0;18.81
20;1;51;0;1.315;0;19.561;0;19.561;0;0;18.246
20;1;52;0;1.576;0;23.895;0;23.895;0;0;22.32
20;1;53;0;1.583;0;21.537;0;21.537;0;0;19.955
20;1;54;0;17.318;0;41.765;0;41.765;0;0;24.447
20;1;55;57.77;0;0;0;7.924;0;0;7.924;49.846
20;1;56;228.594;0;0;0;180.79;0;0;180.79;47.804
20;1;57;367.2;5.004;0;0;316.045;0;0;316.045;46.15
20;1;58;392.034;0;0;0;348.294;0;0;348.294;43.74
20;1;59;724.353;2.353;0;0;681.492;0;346.238;335.253;40.508
20;1;60;378.793;1.657;0;0;336.051;0;0;336.051;41.084
20;1;61;454.16;16.423;0;0;397.539;0;0;397.539;40.198
20;1;62;489.043;0;0;0;438.455;0;0;438.455;50.588
20;1;63;204.916;0;0;0;157.602;0;0;157.602;47.314
20;1;64;330.529;0;0;0;279.977;0;0;279.977;50.552
20;1;65;254.11;0;0;0;207.928;0;0;207.928;46.183
20;1;66;104.648;0;0;0;47.418;0;0;47.418;57.231
20;1;67;12.701;6.781;0;54.684;0;54.684;0;0;60.604
20;1;68;0;0;0;77.337;0;77.337;0;0;77.337
20;1;69;0;6.318;0;70.345;0;70.345;0;0;64.027
20;1;70;0;0;0;58.409;0;58.409;0;0;58.409
20;1;71;0;1.661;0;41.373;0;41.373;0;0;39.712
20;1;72;0;1.408;0;18.961;0;18.961;0;0;17.553
20;1;73;0;2.79;0;22.51;0;22.51;0;0;19.72
20;1;74;0;0;0;19.438;0;19.438;0;0;19.438
20;1;75;0;1.821;0;20.324;0;20.324;0;0;18.504
20;1;76;0;1.711;0;20.273;0;20.273;0;0;18.562
20;1;77;0;12.49;0;36.384;0;36.384;0;0;23.894
20;1;78;5.518;0;0;16.384;0;16.384;0;0;21.902
20;1;79;72.358;0;0;0;44.938;0;0;44.938;27.42
20;1;80;206.298;7.798;0;0;168.49;0;0;168.49;30.01
20;1;81;498.185;2.528;0;0;460.163;0;264.861;195.302;35.494
20;1;82;694.5;3.001;0;0;655.329;0;453.34;201.989;36.17
20;1;83;234.287;2.316;0;0;193.727;0;0;193.727;38.244
20;1;84;225.626;1.789;0;0;188.332;0;0;188.332;35.505
20;1;85;836.915;5.059;0;0;791.157;0;603.409;187.748;40.699
20;1;86;737.009;0;0;0;696.783;0;504.136;192.647;40.226
20;1;87;374.297;4.293;0;0;336.591;0;0;336.591;33.412
20;1;88;232.463;8.202;0;0;177.515;0;0;177.515;46.745
20;1;89;207.145;0;0;0;170.744;0;0;170.744;36.401
20;1;90;132.76;0;0;0;81.403;0;0;81.403;51.357
20;1;91;13.061;2.061;0;53.756;0;53.756;0;0;64.757
20;1;92;0;3.704;0;71.67;0;71.67;0;0;67.966
20;1;93;0;3.49;0;67.886;0;67.886;0;0;64.396
20;1;94;0;2.947;0;61.287;0;61.287;0;0;58.339
20;1;95;0;2.938;0;52.934;0;52.934;0;0;49.996
20;1;96;0;0;0;16.783;0;16.783;0;0;16.783
20;1;97;0;1.192;0;19.903;0;19.903;0;0;18.711
20;1;98;0;1.332;0;24.165;0;24.165;0;0;22.833
20;1;99;0;1.627;0;20.856;0;20.856;0;0;19.229
20;1;100;0;1.287;0;19.516;0;19.516;0;0;18.228
20;1;101;0;17.367;0;36.999;0;36.999;0;0;19.633
20;1;102;4.59;0;0;15.014;0;15.014;0;0;19.604
20;1;103;79.97;0;0;0;43.675;0;0;43.675;36.294
20;1;104;207.233;0;0;0;153.089;0;0;153.089;54.144
20;1;105;234.25;0;0;0;182.996;0;0;182.996;51.254
20;1;106;468.302;2.783;0;0;413.622;0;0;413.622;51.898
20;1;107;481.485;2.277;0;0;415.144;0;0;415.144;64.064
20;1;108;959.087;3.104;0;0;897.645;0;499.382;398.264;58.338
20;1;109;778.777;15.538;0;0;705.203;0;143.429;561.773;58.036
20;1;110;409.618;0;0;0;342.305;0;0;342.305;67.313
20;1;111;323.566;0;0;0;270.864;0;0;270.864;52.702
20;1;112;296.567;0;0;0;231.019;0;0;231.019;65.548
20;1;113;236.018;0;0;0;169.029;0;0;169.029;66.989
20;1;114;124.487;0;0;0;70.134;0;0;70.134;54.354
20;1;115;12.21;9.094;0;67.02;0;67.02;0;0;70.136
20;1;116;0;0;0;71.854;0;71.854;0;0;71.854
20;1;117;0;4.088;0;63.777;0;63.777;0;0;59.689
20;1;118;0;1.556;0;54.877;0;54.877;0;0;53.321
20;1;119;0;1.303;0;36.951;0;36.951;0;0;35.648
20;1;120;0;1.434;0;18.423;0;18.423;0;0;16.989
20;1;121;0;1.262;0;21.871;0;21.871;0;0;20.609
20;1;122;0;1.469;0;20;0;20;0;0;18.532
20;1;123;0;2.706;0;20.795;0;20.795;0;0;18.088
20;1;124;0;0;0;19.257;0;19.257;0;0;19.257
20;1;125;0;1.466;0;20.68;0;20.68;0;0;19.214
20;1;126;2.747;14.677;0;32.471;0;32.471;0;0;20.541
20;1;127;60.213;0;0;0;9.533;0;0;9.533;50.68
20;1;128;263.634;0;0;0;208.646;0;0;208.646;54.988
20;1;129;493.518;5.835;0;0;436.54;0;44.698;391.842;51.142
20;1;130;689.626;0;0;0;632.75;0;233.365;399.385;56.876
20;1;131;818.183;5.968;0;0;758.484;0;369.722;388.763;53.731
20;1;132;893.432;0;0;0;835.102;0;455.925;379.177;58.33
20;1;133;844.951;15.371;0;0;765.883;0;384.396;381.487;63.697
20;1;134;668.362;0;0;0;620.471;0;136.297;484.174;47.891
20;1;135;473.167;0;0;0;429.544;0;0;429.544;43.623
20;1;136;368.539;0;0;0;325.428;0;0;325.428;43.111
20;1;137;286.585;0;0;0;238.111;0;0;238.111;48.474
20;1;138;127.731;0;0;0;66.864;0;0;66.864;60.867
20;1;139;11.036;4.256;0;62.216;0;62.216;0;0;68.997
20;1;140;0;3.731;0;69.373;0;69.373;0;0;65.642
20;1;141;0;3.783;0;66.76;0;66.76;0;0;62.976
20;1;142;0;1.5;0;53.598;0;53.598;0;0;52.098
20;1;143;0;1.277;0;64.234;0;64.234;0;0;62.957
20;1;144;0;1.368;0;19.128;0;19.128;0;0;17.761
20;1;145;0;1.319;0;20.053;0;20.053;0;0;18.734
20;1;146;0;1.113;0;19.441;0;19.441;0;0;18.328
20;1;147;0;1.216;0;20.154;0;20.154;0;0;18.938
20;1;148;0;1.588;0;22.971;0;22.971;0;0;21.383
20;1;149;0;14.195;0;33.87;0;33.87;0;0;19.675
20;1;150;1.819;0;0;19.963;0;19.963;0;0;21.782
20;1;151;77.796;0;0;0;36.233;0;0;36.233;41.563
20;1;152;273.766;0;0;0;212.427;0;0;212.427;61.339
20;1;153;497.993;5.623;0;0;440.948;0;54.31;386.638;51.422
20;1;154;692.292;0;0;0;639.057;0;240.159;398.898;53.235
20;1;155;455.971;5.489;0;0;395.291;0;0;395.291;55.191
20;1;156;916.629;0;0;0;863.988;0;482.471;381.517;52.641
20;1;157;901.875;15.144;0;0;833.854;0;449.346;384.508;52.877
20;1;158;669.929;0;0;0;613.127;0;51.803;561.324;56.802
20;1;159;585.565;0;0;0;545.109;0;0;545.109;40.456
20;1;160;458.731;0;0;0;399.142;0;0;399.142;59.589
20;1;161;319.512;0;0;0;260.697;0;0;260.697;58.815
20;1;162;123.24;0;0;0;84.147;0;0;84.147;39.094
20;1;163;10.296;8.103;0;70.122;0;70.122;0;0;72.316
20;1;164;0;0;0;76.092;0;76.092;0;0;76.092
20;1;165;0;4.828;0;72.885;0;72.885;0;0;68.057
20;1;166;0;0;0;69.299;0;69.299;0;0;69.299
20;1;167;0;48.535;0;91.3;0;91.3;0;0;42.765
20;2;0;0;0;0;17.2;0;17.2;0;0;17.2
20;2;1;0;135.099;0;161.116;0;161.116;0;0;26.017
20;2;2;0;0;0;18.383;0;18.383;0;0;18.383
20;2;3;0;157.819;0;176.642;0;176.642;0;0;18.823
20;2;4;0;159.449;0;178.63;0;178.63;0;0;19.18
20;2;5;0;160.672;0;179.959;0;179.959;0;0;19.286
20;2;6;0;151.064;0;172.944;0;172.944;0;0;21.88
20;2;7;63.054;0;0;0;3.862;0;0;3.862;59.192
20;2;8;310.905;0;0;0;251.057;0;0;251.057;59.848
20;2;9;547.423;0;0;0;499.149;0;0;499.149;48.274
20;2;10;731.991;0;0;0;673.938;0;0;673.938;58.053
20;2;11;851.036;96.777;0;0;708.857;0;0;708.857;45.403
20;2;12;908.574;48.758;0;0;813.506;0;60.655;752.851;46.31
20;2;13;801.076;0;0;0;752.163;0;0;752.163;48.912
20;2;14;516.431;0;0;0;466.052;0;0;466.052;50.379
20;2;15;412.757;0;0;0;353.681;0;0;353.681;59.077
20;2;16;396.942;0;0;0;344.511;0;0;344.511;52.43
20;2;17;239.689;0;0;0;188.356;0;0;188.356;51.332
20;2;18;49.875;17.034;0;33.794;0;33.794;0;0;66.635
20;2;19;0;45.694;0;113.697;0;113.697;0;0;68.004
20;2;20;0;0;0;77.633;0;77.633;0;0;77.633
20;2;21;0;60.132;0;123.249;0;123.249;0;0;63.117
20;2;22;0;0;0;65.663;0;65.663;0;0;65.663
20;2;23;0;83.484;0;141.661;0;141.661;0;0;58.176
20;2;24;0;0;0;16.659;0;16.659;0;0;16.659
20;2;25;0;114.738;0;133.957;0;133.957;0;0;19.219
20;2;26;0;0;0;18.695;0;18.695;0;0;18.695
20;2;27;0;64.51;0;83.388;0;83.388;0;0;18.878
20;2;28;0;117.031;0;135.381;0;135.381;0;0;18.35
20;2;29;0;160.265;0;182.442;0;182.442;0;0;22.177
20;2;30;0;161.08;0;185.257;0;185.257;0;0;24.177
20;2;31;58.275;0;0;0;8.646;0;0;8.646;49.628
20;2;32;290.446;0;0;0;241.353;0;0;241.353;49.094
20;2;33;483.594;0;0;0;430.719;0;0;430.719;52.874
20;2;34;607.883;37.494;0;0;515.969;0;0;515.969;54.421
20;2;35;555.117;26.403;0;0;479.75;0;0;479.75;48.965
20;2;36;847.945;61.046;0;0;731.991;0;54.45;677.541;54.908
20;2;37;814.382;0;0;0;766.727;0;0;766.727;47.655
20;2;38;739.47;0;0;0;695.615;0;0;695.615;43.854
20;2;39;614.657;0;0;0;564.161;0;0;564.161;50.496
20;2;40;399.612;0;0;0;343.502;0;0;343.502;56.111
20;2;41;156.289;0;0;0;99.708;0;0;99.708;56.581
20;2;42;35.838;13.066;0;41.921;0;41.921;0;0;64.693
20;2;43;0;15.258;0;82.803;0;82.803;0;0;67.545
20;2;44;0;17.939;0;96.224;0;96.224;0;0;78.285
20;2;45;0;21.774;0;87.585;0;87.585;0;0;65.811
20;2;46;0;19.258;0;89.22;0;89.22;0;0;69.962
20;2;47;0;73.866;0;119.233;0;119.233;0;0;45.367
20;2;48;0;0;0;16.822;0;16.822;0;0;16.822
20;2;49;0;0;0;17.764;0;17.764;0;0;17.764
20;2;50;0;0;0;19.345;0;19.345;0;0;19.345
20;2;51;0;18.925;0;37.198;0;37.198;0;0;18.273
20;2;52;0;19.933;0;38.363;0;38.363;0;0;18.43
20;2;53;0;43.198;0;62.307;0;62.307;0;0;19.109
20;2;54;0;0;0;19.644;0;19.644;0;0;19.644
20;2;55;1.848;133.456;0;198.132;0;198.132;0;0;66.523
20;2;56;48.676;47.961;0;55.316;0;55.316;0;0;56.031
20;2;57;100.665;0;0;0;54.344;0;0;54.344;46.321
20;2;58;85.512;0;0;0;34.997;0;0;34.997;50.515
20;2;59;107.693;0;0;0;66.06;0;0;66.06;41.633
20;2;60;150.196;0;0;0;105.804;0;0;105.804;44.391
20;2;61;161.329;0;0;0;116.95;0;0;116.95;44.379
20;2;62;190.751;0;0;0;151.156;0;0;151.156;39.595
20;2;63;211.801;0;0;0;156.312;0;0;156.312;55.488
20;2;64;96.473;0;0;0;54.448;0;0;54.448;42.025
20;2;65;62.555;0;0;0;9.304;0;0;9.304;53.251
20;2;66;19.782;6.626;0;51.764;0;51.764;0;0;64.919
20;2;67;0;19.309;0;91.185;0;91.185;0;0;71.876
20;2;68;0;0;0;82.575;0;82.575;0;0;82.575
20;2;69;0;12.964;0;75.444;0;75.444;0;0;62.48
20;2;70;0;13.987;0;73.382;0;73.382;0;0;59.396
20;2;71;0;13.753;0;72.334;0;72.334;0;0;58.581
20;2;72;0;17.318;0;34.48;0;34.48;0;0;17.162
20;2;73;0;44.41;0;68.023;0;68.023;0;0;23.613
20;2;74;0;0;0;18.041;0;18.041;0;0;18.041
20;2;75;0;141.154;0;160.736;0;160.736;0;0;19.582
20;2;76;0;16.567;0;34.469;0;34.469;0;0;17.903
20;2;77;0;145.212;0;169.029;0;169.029;0;0;23.818
20;2;78;0;145.618;0;168.366;0;168.366;0;0;22.748
20;2;79;43.038;0;0;0;18.506;0;0;18.506;24.532
20;2;80;191.21;0;0;0;159.218;0;0;159.218;31.991
20;2;81;156.805;0;0;0;123.221;0;0;123.221;33.584
20;2;82;165.314;0;0;0;113.473;0;0;113.473;51.841
20;2;83;385.524;0;0;0;351.234;0;0;351.234;34.29
20;2;84;613.383;20.408;0;0;558.651;0;0;558.651;34.324
20;2;85;465.287;0;0;0;428.76;0;0;428.76;36.527
20;2;86;289.605;0;0;0;248.133;0;0;248.133;41.472
20;2;87;248.051;0;0;0;206.196;0;0;206.196;41.855
20;2;88;170.076;0;0;0;134.223;0;0;134.223;35.853
20;2;89;136.731;0;0;0;95.852;0;0;95.852;40.879
20;2;90;24.839;17.795;0;45.499;0;45.499;0;0;52.542
20;2;91;0;46.701;0;97.329;0;97.329;0;0;50.629
20;2;92;0;0;0;63.513;0;63.513;0;0;63.513
20;2;93;0;57.681;0;120.377;0;120.377;0;0;62.695
20;2;94;0;0;0;55.447;0;55.447;0;0;55.447
20;2;95;0;143.588;0;186.002;0;186.002;0;0;42.414
20;2;96;0;146.024;0;163.064;0;163.064;0;0;17.04
20;2;97;0;19.018;0;44.761;0;44.761;0;0;25.743
20;2;98;0;0;0;18.744;0;18.744;0;0;18.744
20;2;99;0;152.527;0;171.829;0;171.829;0;0;19.302
20;2;100;0;152.933;0;172.587;0;172.587;0;0;19.654
20;2;101;0;154.154;0;173.081;0;173.081;0;0;18.927
20;2;102;0;156.597;0;178.652;0;178.652;0;0;22.055
20;2;103;41.961;92.818;0;101.522;0;101.522;0;0;50.665
20;2;104;276.048;0;0;0;228.058;0;0;228.058;47.99
20;2;105;510.42;0;0;0;446.888;0;0;446.888;63.532
20;2;106;566.599;0;0;0;503.948;0;0;503.948;62.651
20;2;107;428.026;0;0;0;369.762;0;0;369.762;58.264
20;2;108;552.407;89.776;0;0;409.783;0;0;409.783;52.848
20;2;109;495.692;0;0;0;447.888;0;0;447.888;47.804
20;2;110;467.208;0;0;0;415.548;0;0;415.548;51.659
20;2;111;245.782;0;0;0;195.386;0;0;195.386;50.396
20;2;112;141.667;0;0;0;89.029;0;0;89.029;52.639
20;2;113;116.573;0;0;0;52.931;0;0;52.931;63.642
20;2;114;17.935;24.28;0;76.167;0;76.167;0;0;69.822
20;2;115;0;25.201;0;92.528;0;92.528;0;0;67.327
20;2;116;0;27.093;0;100.82;0;100.82;0;0;73.727
20;2;117;0;27.582;0;86.617;0;86.617;0;0;59.035
20;2;118;0;25.977;0;90.306;0;90.306;0;0;64.329
20;2;119;0;63.354;0;101.023;0;101.023;0;0;37.669
20;2;120;0;0;0;16.642;0;16.642;0;0;16.642
20;2;121;0;67.507;0;91.703;0;91.703;0;0;24.197
20;2;122;0;0;0;21.166;0;21.166;0;0;21.166
20;2;123;0;36.491;0;55.721;0;55.721;0;0;19.23
20;2;124;0;37.69;0;56.261;0;56.261;0;0;18.572
20;2;125;0;135.885;0;155.504;0;155.504;0;0;19.618
20;2;126;0;59.209;0;83.746;0;83.746;0;0;24.537
20;2;127;15.915;136.29;0;181.906;0;181.906;0;0;61.531
20;2;128;86.422;0;0;0;22.63;0;0;22.63;63.792
20;2;129;141.728;0;0;0;80.324;0;0;80.324;61.404
20;2;130;178.058;0;0;0;130.607;0;0;130.607;47.451
20;2;131;209.528;0;0;0;155.818;0;0;155.818;53.709
20;2;132;393.12;0;0;0;350.878;0;0;350.878;42.242
20;2;133;511.973;0;0;0;448.028;0;0;448.028;63.945
20;2;134;237.41;0;0;0;191.416;0;0;191.416;45.994
20;2;135;124.204;0;0;0;77.844;0;0;77.844;46.361
20;2;136;109.815;0;0;0;67.774;0;0;67.774;42.042
20;2;137;71.107;0;0;0;1.939;0;0;1.939;69.168
20;2;138;14.91;9.572;0;75.858;0;75.858;0;0;81.197
20;2;139;0;24.686;0;118.143;0;118.143;0;0;93.458
20;2;140;0;0;0;78.981;0;78.981;0;0;78.981
20;2;141;0;27.076;0;96.29;0;96.29;0;0;69.214
20;2;142;0;0;0;63.181;0;63.181;0;0;63.181
20;2;143;0;15.941;0;55.541;0;55.541;0;0;39.6
20;2;144;0;20.398;0;37.219;0;37.219;0;0;16.821
20;2;145;0;54.007;0;72.144;0;72.144;0;0;18.137
20;2;146;0;0;0;18.381;0;18.381;0;0;18.381
20;2;147;0;71.204;0;91.149;0;91.149;0;0;19.946
20;2;148;0;0;0;18.542;0;18.542;0;0;18.542
20;2;149;0;38.31;0;57.67;0;57.67;0;0;19.36
20;2;150;0;52.482;0;72.391;0;72.391;0;0;19.909
20;2;151;0;139.937;0;195.581;0;195.581;0;0;55.644
20;2;152;33.521;139.532;0;172.13;0;172.13;0;0;66.119
20;2;153;62.364;0;0;0;3.048;0;0;3.048;59.316
20;2;154;60.326;0;0;3.485;0;3.485;0;0;63.812
20;2;155;88.443;0;0;0;40.077;0;0;40.077;48.366
20;2;156;127.178;0;0;0;78.305;0;0;78.305;48.873
20;2;157;98.729;0;0;0;44.064;0;0;44.064;54.665
20;2;158;102.97;0;0;0;44.284;0;0;44.284;58.686
20;2;159;85.695;0;0;0;36.103;0;0;36.103;49.592
20;2;160;42.363;14.883;0;38.034;0;38.034;0;0;65.513
20;2;161;19.371;41.335;0;95.697;0;95.697;0;0;73.734
20;2;162;4.616;0;0;74.717;0;74.717;0;0;79.333
20;2;163;0;26.624;0;97.871;0;97.871;0;0;71.248
20;2;164;0;27.221;0;109.908;0;109.908;0;0;82.687
20;2;165;0;28.955;0;92.259;0;92.259;0;0;63.305
20;2;166;0;24.773;0;88.791;0;88.791;0;0;64.019
20;2;167;0;86.521;0;129.445;0;129.445;0;0;42.924
20;3;0;0;177.025;0;196.858;0;196.858;0;0;19.833
20;3;1;0;177.435;0;201.024;0;201.024;0;0;23.589
20;3;2;0;176.206;0;195.651;0;195.651;0;0;19.446
20;3;3;0;176.615;0;196.11;0;196.11;0;0;19.494
20;3;4;0;177.025;0;196.439;0;196.439;0;0;19.414
20;3;5;0;179.896;0;200.499;0;200.499;0;0;20.603
20;3;6;0;179.896;0;203.222;0;203.222;0;0;23.326
20;3;7;0;166.391;0;228;0;228;0;0;61.609
20;3;8;0;139.722;0;209.987;0;209.987;0;0;70.265
20;3;9;79.988;0;0;0;16.209;0;0;16.209;63.779
20;3;10;154.406;0;0;0;102.272;0;0;102.272;52.134
20;3;11;130.438;9.164;0;0;76.835;0;0;76.835;44.439
20;3;12;297.099;116.453;0;0;120.352;0;0;120.352;60.295
20;3;13;549.894;107.998;0;0;392.277;0;0;392.277;49.62
20;3;14;513.489;90.136;0;0;377.843;0;0;377.843;45.51
20;3;15;328.604;87.958;0;0;193.159;0;0;193.159;47.487
20;3;16;0;86.21;0;146.924;0;146.924;0;0;60.713
20;3;17;0;164.753;0;247.102;0;247.102;0;0;82.349
20;3;18;0;25.137;0;98.672;0;98.672;0;0;73.535
20;3;19;0;169.656;0;248.151;0;248.151;0;0;78.495
20;3;20;0;47.038;0;129.222;0;129.222;0;0;82.184
20;3;21;0;172.929;0;244.998;0;244.998;0;0;72.069
20;3;22;0;52.194;0;110.168;0;110.168;0;0;57.974
20;3;23;0;175.796;0;218.92;0;218.92;0;0;43.124
20;3;24;0;147.943;0;164.977;0;164.977;0;0;17.035
20;3;25;0;179.896;0;205.332;0;205.332;0;0;25.436
20;3;26;0;179.896;0;197.959;0;197.959;0;0;18.063
20;3;27;0;179.896;0;198.624;0;198.624;0;0;18.728
20;3;28;0;180.717;0;199.92;0;199.92;0;0;19.204
20;3;29;0;181.127;0;202.69;0;202.69;0;0;21.563
20;3;30;0;180.717;0;205.299;0;205.299;0;0;24.582
20;3;31;0;182.359;0;232.004;0;232.004;0;0;49.645
20;3;32;0;180.306;0;247.954;0;247.954;0;0;67.647
20;3;33;0;137.701;0;211.881;0;211.881;0;0;74.18
20;3;34;265.58;0;0;0;212.332;0;0;212.332;53.248
20;3;35;302.53;0;0;0;247.252;0;0;247.252;55.277
20;3;36;349.586;0;0;0;294.923;0;0;294.923;54.663
20;3;37;252.257;114.557;0;0;91.473;0;0;91.473;46.228
20;3;38;0;115.216;0;179.95;0;179.95;0;0;64.734
20;3;39;32.451;118.724;0;144.723;0;144.723;0;0;58.449
20;3;40;7.627;116.065;0;185.653;0;185.653;0;0;77.215
20;3;41;0;119.64;0;193.141;0;193.141;0;0;73.501
20;3;42;0;126.797;0;200.655;0;200.655;0;0;73.857
20;3;43;0;127.067;0;207.461;0;207.461;0;0;80.394
20;3;44;0;127.982;0;199.171;0;199.171;0;0;71.189
20;3;45;0;123.133;0;189.108;0;189.108;0;0;65.975
20;3;46;0;115.99;0;180.995;0;180.995;0;0;65.006
20;3;47;0;168.838;0;212.998;0;212.998;0;0;44.16
20;3;48;0;25.404;0;42.46;0;42.46;0;0;17.056
20;3;49;0;74.762;0;98.374;0;98.374;0;0;23.612
20;3;50;0;72.768;0;91.682;0;91.682;0;0;18.913
20;3;51;0;141.458;0;160.743;0;160.743;0;0;19.286
20;3;52;0;0;0;18.387;0;18.387;0;0;18.387
20;3;53;0;141.283;0;166.594;0;166.594;0;0;25.311
20;3;54;0;0;0;29.255;0;29.255;0;0;29.255
20;3;55;0;80.999;0;133.199;0;133.199;0;0;52.2
20;3;56;0;119.191;0;176.987;0;176.987;0;0;57.796
20;3;57;10.379;159.449;0;220.866;0;220.866;0;0;71.795
20;3;58;0;160.672;0;214.337;0;214.337;0;0;53.664
20;3;59;0;159.857;0;218.819;0;218.819;0;0;58.962
20;3;60;143.713;0;0;0;99.271;0;0;99.271;44.443
20;3;61;323.822;0;0;0;280.671;0;0;280.671;43.151
20;3;62;190.844;0;0;0;139.325;0;0;139.325;51.519
20;3;63;138.207;0;0;0;82.869;0;0;82.869;55.338
20;3;64;17.486;62.97;0;122.48;0;122.48;0;0;76.996
20;3;65;0;60.008;0;142.689;0;142.689;0;0;82.681
20;3;66;0;65.123;0;134.459;0;134.459;0;0;69.336
20;3;67;0;66.491;0;134.928;0;134.928;0;0;68.438
20;3;68;0;71.324;0;157.313;0;157.313;0;0;85.99
20;3;69;0;156.619;0;213.259;0;213.259;0;0;56.64
20;3;70;0;0;0;61.653;0;61.653;0;0;61.653
20;3;71;0;75.945;0;122.236;0;122.236;0;0;46.291
20;3;72;0;78.558;0;95.899;0;95.899;0;0;17.341
20;3;73;0;161.08;0;182.021;0;182.021;0;0;20.941
20;3;74;0;1.767;0;21.345;0;21.345;0;0;19.578
20;3;75;0;163.528;0;182.066;0;182.066;0;0;18.538
20;3;76;0;7.46;0;26.878;0;26.878;0;0;19.418
20;3;77;0;85.421;0;105.501;0;105.501;0;0;20.08
20;3;78;0;114.522;0;134.066;0;134.066;0;0;19.544
20;3;79;0;163.936;0;193.372;0;193.372;0;0;29.436
20;3;80;0;163.936;0;197.185;0;197.185;0;0;33.248
20;3;81;0;163.936;0;203.878;0;203.878;0;0;39.941
20;3;82;15.134;164.345;0;193.004;0;193.004;0;0;43.794
20;3;83;0;164.345;0;213.284;0;213.284;0;0;48.939
20;3;84;60.575;0;0;0;23.174;0;0;23.174;37.401
20;3;85;356.851;0;0;0;323.674;0;0;323.674;33.178
20;3;86;346.342;0.056;0;0;307.223;0;0;307.223;39.063
20;3;87;205.81;0;0;0;165.234;0;0;165.234;40.576
20;3;88;22.86;88.951;0;116.051;0;116.051;0;0;49.96
20;3;89;0;85.76;0;134.145;0;134.145;0;0;48.384
20;3;90;0;90.626;0;148.116;0;148.116;0;0;57.49
20;3;91;0;171.701;0;240.645;0;240.645;0;0;68.944
20;3;92;0;26.178;0;114.624;0;114.624;0;0;88.446
20;3;93;0;174.567;0;250.217;0;250.217;0;0;75.65
20;3;94;0;42.74;0;94.251;0;94.251;0;0;51.511
20;3;95;0;176.615;0;231.288;0;231.288;0;0;54.673
20;3;96;0;92.939;0;109.747;0;109.747;0;0;16.808
20;3;97;0;161.969;0;186.173;0;186.173;0;0;24.204
20;3;98;0;162.873;0;181.598;0;181.598;0;0;18.725
20;3;99;0;180.717;0;200.709;0;200.709;0;0;19.992
20;3;100;0;147.798;0;166.258;0;166.258;0;0;18.46
20;3;101;0;158.895;0;178.244;0;178.244;0;0;19.349
20;3;102;0;163.872;0;184.122;0;184.122;0;0;20.25
20;3;103;0;174.157;0;223.436;0;223.436;0;0;49.278
20;3;104;0;129.578;0;192.646;0;192.646;0;0;63.069
20;3;105;5.694;139.777;0;211.953;0;211.953;0;0;77.869
20;3;106;20.004;142.822;0;207.122;0;207.122;0;0;84.303
20;3;107;25.729;142.554;0;194.977;0;194.977;0;0;78.152
20;3;108;0;143.947;0;223.77;0;223.77;0;0;79.822
20;3;109;0;174.976;0;245.492;0;245.492;0;0;70.516
20;3;110;41.919;94.404;0;140.526;0;140.526;0;0;88.041
20;3;111;23.807;131.335;0;180.194;0;180.194;0;0;72.666
20;3;112;0;172.11;0;247.871;0;247.871;0;0;75.761
20;3;113;0;84.071;0;161.38;0;161.38;0;0;77.309
20;3;114;0;171.701;0;242.378;0;242.378;0;0;70.677
20;3;115;0;93.739;0;184.026;0;184.026;0;0;90.288
20;3;116;0;170.065;0;244.24;0;244.24;0;0;74.175
20;3;117;0;89.608;0;157.784;0;157.784;0;0;68.176
20;3;118;0;169.656;0;235.812;0;235.812;0;0;66.156
20;3;119;0;75.449;0;122.888;0;122.888;0;0;47.439
20;3;120;0;170.474;0;187.91;0;187.91;0;0;17.436
20;3;121;0;82.001;0;104.702;0;104.702;0;0;22.701
20;3;122;0;130.797;0;150.031;0;150.031;0;0;19.235
20;3;123;0;135.736;0;154.659;0;154.659;0;0;18.923
20;3;124;0;160.734;0;178.959;0;178.959;0;0;18.225
20;3;125;0;182.359;0;201.567;0;201.567;0;0;19.209
20;3;126;0;181.948;0;203.82;0;203.82;0;0;21.872
20;3;127;0;182.359;0;237.53;0;237.53;0;0;55.171
20;3;128;0;181.127;0;251.362;0;251.362;0;0;70.235
20;3;129;17.969;179.075;0;233.357;0;233.357;0;0;72.251
20;3;130;39.06;174.976;0;199.892;0;199.892;0;0;63.975
20;3;131;0;174.157;0;243.639;0;243.639;0;0;69.482
20;3;132;118.618;0;0;0;66.442;0;0;66.442;52.176
20;3;133;132.297;0;0;0;84.053;0;0;84.053;48.244
20;3;134;32.334;171.701;0;210.708;0;210.708;0;0;71.341
20;3;135;20.939;64.592;0;110.318;0;110.318;0;0;66.665
20;3;136;1.898;117.154;0;187.245;0;187.245;0;0;71.989
20;3;137;0;122.159;0;190.834;0;190.834;0;0;68.675
20;3;138;0;128.146;0;203.872;0;203.872;0;0;75.726
20;3;139;0;176.206;0;261.892;0;261.892;0;0;85.687
20;3;140;0;90.784;0;158.316;0;158.316;0;0;67.531
20;3;141;0;138.638;0;201.367;0;201.367;0;0;62.729
20;3;142;0;180.717;0;250.482;0;250.482;0;0;69.766
20;3;143;0;181.538;0;219.858;0;219.858;0;0;38.321
20;3;144;0;179.075;0;198.487;0;198.487;0;0;19.412
20;3;145;0;181.127;0;200.593;0;200.593;0;0;19.466
20;3;146;0;180.306;0;199.151;0;199.151;0;0;18.844
20;3;147;0;182.359;0;202.656;0;202.656;0;0;20.297
20;3;148;0;181.538;0;200.559;0;200.559;0;0;19.021
20;3;149;0;181.948;0;203.38;0;203.38;0;0;21.432
20;3;150;0;180.717;0;209.144;0;209.144;0;0;28.428
20;3;151;0;179.075;0;238.768;0;238.768;0;0;59.692
20;3;152;0;177.435;0;256.34;0;256.34;0;0;78.905
20;3;153;0;8.972;0;77.205;0;77.205;0;0;68.233
20;3;154;177.748;0;0;0;124.561;0;0;124.561;53.187
20;3;155;87.019;0;0;0;32.246;0;0;32.246;54.772
20;3;156;0;162.304;0;217.353;0;217.353;0;0;55.049
20;3;157;0;40.942;0;108.838;0;108.838;0;0;67.896
20;3;158;41.617;99.141;0;129.182;0;129.182;0;0;71.658
20;3;159;17.954;96.838;0;161.482;0;161.482;0;0;82.598
20;3;160;0;161.488;0;243.383;0;243.383;0;0;81.895
20;3;161;0;29.379;0;95.614;0;95.614;0;0;66.235
20;3;162;0;161.08;0;234.565;0;234.565;0;0;73.484
20;3;163;0;41.214;0;124.461;0;124.461;0;0;83.247
20;3;164;0;96.955;0;167.25;0;167.25;0;0;70.296
20;3;165;0;95.904;0;170.998;0;170.998;0;0;75.095
20;3;166;0;160.265;0;231.707;0;231.707;0;0;71.442
20;3;167;0;101.18;0;150.039;0;150.039;0;0;48.858
