district;Support_Year;Cluster;Timestep;total_demand;to_network;from_network;to_main_grid
ghd6;0;0;0;0.0;0.0;0.0;0.0
ghd6;0;0;1;340.884;0.0;0.0;0.0
ghd6;0;0;2;74.378;0.0;0.0;0.0
ghd6;0;0;3;263.467;0.0;0.0;0.0
ghd6;0;0;4;271.291;0.0;0.0;0.0
ghd6;0;0;5;277.992;0.0;0.0;0.0
ghd6;0;0;6;296.762;0.0;0.0;0.0
ghd6;0;0;7;249.75;0.0;0.0;0.0
ghd6;0;0;8;226.589;0.0;0.0;0.0
ghd6;0;0;9;228.31;0.0;0.0;0.0
ghd6;0;0;10;196.34;0.0;0.0;0.0
ghd6;0;0;11;181.332;0.0;0.0;0.0
ghd6;0;0;12;156.506;0.0;0.0;0.0
ghd6;0;0;13;279.698;0.0;0.0;0.0
ghd6;0;0;14;0.0;0.0;0.0;0.0
ghd6;0;0;15;145.584;0.0;0.0;0.0
ghd6;0;0;16;136.418;0.0;0.0;0.0
ghd6;0;0;17;128.746;0.0;0.0;0.0
ghd6;0;0;18;321.307;0.0;0.0;0.0
ghd6;0;0;19;0.0;0.0;0.0;0.0
ghd6;0;0;20;274.389;0.0;0.0;0.0
ghd6;0;0;21;326.641;0.0;0.0;0.0
ghd6;0;0;22;331.979;0.0;0.0;0.0
ghd6;0;0;23;336.43;0.0;0.0;0.0
ghd6;0;0;24;0.0;0.0;0.0;0.0
ghd6;0;0;25;0.0;0.0;0.0;0.0
ghd6;0;0;26;264.977;0.0;0.0;0.0
ghd6;0;0;27;350.692;0.0;0.0;0.0
ghd6;0;0;28;351.584;0.0;0.0;0.0
ghd6;0;0;29;357.833;0.0;0.0;0.0
ghd6;0;0;30;124.017;0.0;0.0;0.0
ghd6;0;0;31;288.293;0.0;0.0;0.0
ghd6;0;0;32;260.814;0.0;0.0;0.0
ghd6;0;0;33;257.687;0.0;0.0;0.0
ghd6;0;0;34;224.024;0.0;0.0;0.0
ghd6;0;0;35;192.635;0.0;1.676;0.0
ghd6;0;0;36;193.152;0.0;0.0;0.0
ghd6;0;0;37;111.736;0.0;47.519;0.0
ghd6;0;0;38;76.667;0.0;68.216;0.0
ghd6;0;0;39;108.493;0.0;35.417;0.0
ghd6;0;0;40;317.752;0.0;0.0;0.0
ghd6;0;0;41;320.418;0.0;0.0;0.0
ghd6;0;0;42;320.418;0.0;0.0;0.0
ghd6;0;0;43;325.752;0.0;0.0;0.0
ghd6;0;0;44;330.199;0.0;0.0;0.0
ghd6;0;0;45;0.0;0.0;0.0;0.0
ghd6;0;0;46;193.136;0.0;0.0;0.0
ghd6;0;0;47;0.0;0.0;0.0;0.0
ghd6;0;0;48;0.0;0.0;0.0;0.0
ghd6;0;0;49;0.0;0.0;0.0;0.0
ghd6;0;0;50;0.0;0.0;0.0;0.0
ghd6;0;0;51;0.0;0.0;0.0;0.0
ghd6;0;0;52;0.0;0.0;0.0;0.0
ghd6;0;0;53;96.09;0.0;0.0;0.0
ghd6;0;0;54;101.66;0.0;0.0;0.0
ghd6;0;0;55;127.543;0.0;0.0;0.0
ghd6;0;0;56;124.457;0.0;0.0;0.0
ghd6;0;0;57;114.363;0.0;0.0;0.0
ghd6;0;0;58;104.613;0.0;0.0;0.0
ghd6;0;0;59;95.178;0.0;0.0;0.0
ghd6;0;0;60;262.671;0.0;0.0;0.0
ghd6;0;0;61;0.0;0.0;0.0;0.0
ghd6;0;0;62;0.0;0.0;0.0;0.0
ghd6;0;0;63;91.885;0.0;0.0;0.0
ghd6;0;0;64;69.209;0.0;2.146;0.0
ghd6;0;0;65;60.161;0.0;0.0;0.0
ghd6;0;0;66;69.999;0.0;0.0;0.0
ghd6;0;0;67;311.536;0.0;0.0;0.0
ghd6;0;0;68;294.687;0.0;0.0;0.0
ghd6;0;0;69;294.687;0.0;0.0;0.0
ghd6;0;0;70;299.117;0.0;0.0;0.0
ghd6;0;0;71;314.2;0.0;0.0;0.0
ghd6;0;0;72;0.0;0.0;0.0;0.0
ghd6;0;0;73;0.0;0.0;0.0;0.0
ghd6;0;0;74;0.0;0.0;0.0;0.0
ghd6;0;0;75;0.0;0.0;0.0;0.0
ghd6;0;0;76;0.0;0.0;0.0;0.0
ghd6;0;0;77;0.0;0.0;0.0;0.0
ghd6;0;0;78;0.0;0.0;0.0;0.0
ghd6;0;0;79;0.0;0.0;0.0;0.0
ghd6;0;0;80;0.0;0.0;0.0;0.0
ghd6;0;0;81;157.381;0.0;0.0;0.0
ghd6;0;0;82;355.965;0.0;0.0;0.0
ghd6;0;0;83;356.047;0.0;0.0;0.0
ghd6;0;0;84;357.833;0.0;0.0;0.0
ghd6;0;0;85;357.833;0.0;0.0;0.0
ghd6;0;0;86;358.726;0.0;0.0;0.0
ghd6;0;0;87;350.692;0.0;0.0;0.0
ghd6;0;0;88;350.692;0.0;0.0;0.0
ghd6;0;0;89;355.154;0.0;0.0;0.0
ghd6;0;0;90;361.406;0.0;0.0;0.0
ghd6;0;0;91;363.193;0.0;0.0;0.0
ghd6;0;0;92;364.981;0.0;0.0;0.0
ghd6;0;0;93;369.452;0.0;0.0;0.0
ghd6;0;0;94;370.347;0.0;0.0;0.0
ghd6;0;0;95;370.347;0.0;0.0;0.0
ghd6;0;0;96;373.031;0.0;0.0;0.0
ghd6;0;0;97;376.613;0.0;0.0;0.0
ghd6;0;0;98;378.404;0.0;0.0;0.0
ghd6;0;0;99;381.092;0.0;0.0;0.0
ghd6;0;0;100;381.092;0.0;0.0;0.0
ghd6;0;0;101;381.092;0.0;0.0;0.0
ghd6;0;0;102;379.3;0.0;0.0;0.0
ghd6;0;0;103;380.195;0.0;0.0;0.0
ghd6;0;0;104;377.508;0.0;0.0;0.0
ghd6;0;0;105;554.521;0.0;0.0;0.0
ghd6;0;0;106;650.541;0.0;0.0;0.0
ghd6;0;0;107;607.956;0.0;0.0;0.0
ghd6;0;0;108;527.301;0.0;0.0;0.0
ghd6;0;0;109;421.881;0.0;0.0;0.0
ghd6;0;0;110;382.98;0.0;0.0;0.0
ghd6;0;0;111;348.907;0.0;0.0;0.0
ghd6;0;0;112;349.799;0.0;0.0;0.0
ghd6;0;0;113;360.512;0.0;0.0;0.0
ghd6;0;0;114;364.087;0.0;0.0;0.0
ghd6;0;0;115;373.031;0.0;0.0;0.0
ghd6;0;0;116;380.195;0.0;0.0;0.0
ghd6;0;0;117;554.883;0.0;0.0;0.0
ghd6;0;0;118;547.638;0.0;0.0;0.0
ghd6;0;0;119;555.523;0.0;0.0;0.0
ghd6;0;0;120;597.314;0.0;0.0;0.0
ghd6;0;0;121;591.276;0.0;0.0;0.0
ghd6;0;0;122;595.466;0.0;0.0;0.0
ghd6;0;0;123;614.171;0.0;0.0;0.0
ghd6;0;0;124;616.066;0.0;0.0;0.0
ghd6;0;0;125;618.889;0.0;0.0;0.0
ghd6;0;0;126;654.733;0.0;0.0;0.0
ghd6;0;0;127;490.765;0.0;0.0;0.0
ghd6;0;0;128;391.148;0.0;0.0;0.0
ghd6;0;0;129;393.911;0.0;0.0;0.0
ghd6;0;0;130;374.822;0.0;0.0;0.0
ghd6;0;0;131;375.717;0.0;0.0;0.0
ghd6;0;0;132;379.3;0.0;0.0;0.0
ghd6;0;0;133;372.137;0.0;0.0;0.0
ghd6;0;0;134;367.663;0.0;0.0;0.0
ghd6;0;0;135;357.833;0.0;0.0;0.0
ghd6;0;0;136;359.619;0.0;0.0;0.0
ghd6;0;0;137;361.406;0.0;0.0;0.0
ghd6;0;0;138;369.452;0.0;0.0;0.0
ghd6;0;0;139;373.927;0.0;0.0;0.0
ghd6;0;0;140;378.404;0.0;0.0;0.0
ghd6;0;0;141;383.78;0.0;0.0;0.0
ghd6;0;0;142;390.059;0.0;0.0;0.0
ghd6;0;0;143;391.853;0.0;0.0;0.0
ghd6;0;0;144;391.853;0.0;0.0;0.0
ghd6;0;0;145;399.038;0.0;0.0;0.0
ghd6;0;0;146;398.139;0.0;0.0;0.0
ghd6;0;0;147;405.331;0.0;0.0;0.0
ghd6;0;0;148;408.03;0.0;0.0;0.0
ghd6;0;0;149;410.73;0.0;0.0;0.0
ghd6;0;0;150;430.593;0.0;0.0;0.0
ghd6;0;0;151;648.789;0.0;0.0;0.0
ghd6;0;0;152;582.841;0.0;0.0;0.0
ghd6;0;0;153;514.978;0.0;0.0;0.0
ghd6;0;0;154;398.139;0.0;0.0;0.0
ghd6;0;0;155;386.47;0.0;0.0;0.0
ghd6;0;0;156;381.092;0.0;0.0;0.0
ghd6;0;0;157;375.717;0.0;0.0;0.0
ghd6;0;0;158;381.092;0.0;0.0;0.0
ghd6;0;0;159;380.195;0.0;0.0;0.0
ghd6;0;0;160;390.956;0.0;0.0;0.0
ghd6;0;0;161;393.649;0.0;0.0;0.0
ghd6;0;0;162;393.649;0.0;0.0;0.0
ghd6;0;0;163;402.633;0.0;0.0;0.0
ghd6;0;0;164;532.12;0.0;0.0;0.0
ghd6;0;0;165;692.725;0.0;0.0;0.0
ghd6;0;0;166;697.229;0.0;0.0;0.0
ghd6;0;0;167;690.924;0.0;0.0;0.0
ghd6;0;1;0;0.0;0.0;0.0;0.0
ghd6;0;1;1;0.0;0.0;0.0;0.0
ghd6;0;1;2;0.0;0.0;0.0;0.0
ghd6;0;1;3;0.0;0.0;0.0;0.0
ghd6;0;1;4;0.0;0.0;0.0;0.0
ghd6;0;1;5;0.0;0.0;0.0;0.0
ghd6;0;1;6;0.0;0.0;0.0;0.0
ghd6;0;1;7;0.0;0.0;0.0;0.0
ghd6;0;1;8;0.0;0.0;0.0;0.0
ghd6;0;1;9;0.0;0.0;0.0;0.0
ghd6;0;1;10;0.0;0.0;0.0;0.0
ghd6;0;1;11;0.0;0.0;0.0;0.0
ghd6;0;1;12;0.0;0.0;0.0;0.0
ghd6;0;1;13;0.0;0.0;0.0;0.0
ghd6;0;1;14;0.0;0.0;0.0;0.0
ghd6;0;1;15;0.0;0.0;0.0;0.0
ghd6;0;1;16;0.0;0.0;0.0;0.0
ghd6;0;1;17;0.0;0.0;0.0;0.0
ghd6;0;1;18;54.531;0.0;0.0;0.0
ghd6;0;1;19;0.0;0.0;0.0;0.0
ghd6;0;1;20;0.0;0.0;0.0;0.0
ghd6;0;1;21;0.0;0.0;0.0;0.0
ghd6;0;1;22;0.0;0.0;0.0;0.0
ghd6;0;1;23;0.0;0.0;0.0;0.0
ghd6;0;1;24;6.026;0.0;0.0;0.0
ghd6;0;1;25;6.304;0.0;0.0;0.0
ghd6;0;1;26;6.165;0.0;0.0;0.0
ghd6;0;1;27;5.911;0.0;0.0;0.0
ghd6;0;1;28;7.581;0.0;0.0;0.0
ghd6;0;1;29;19.099;0.0;0.0;0.0
ghd6;0;1;30;0.0;0.0;0.0;0.0
ghd6;0;1;31;12.708;0.0;0.0;0.0
ghd6;0;1;32;0.0;0.0;10.286;0.0
ghd6;0;1;33;0.0;0.0;11.802;0.0
ghd6;0;1;34;0.0;0.0;14.175;0.0
ghd6;0;1;35;0.0;0.0;12.522;0.0
ghd6;0;1;36;0.0;0.0;12.134;0.0
ghd6;0;1;37;0.0;0.0;9.585;0.0
ghd6;0;1;38;0.0;0.0;10.756;0.0
ghd6;0;1;39;0.0;0.0;22.326;0.0
ghd6;0;1;40;0.0;0.0;0.0;0.0
ghd6;0;1;41;122.064;0.0;22.099;0.0
ghd6;0;1;42;0.0;0.0;0.0;0.0
ghd6;0;1;43;0.0;0.0;0.0;0.0
ghd6;0;1;44;0.0;0.0;0.0;0.0
ghd6;0;1;45;0.0;0.0;0.0;0.0
ghd6;0;1;46;0.0;0.0;0.0;0.0
ghd6;0;1;47;0.0;0.0;0.0;0.0
ghd6;0;1;48;0.0;0.0;0.0;0.0
ghd6;0;1;49;0.0;0.0;0.0;0.0
ghd6;0;1;50;0.0;0.0;0.0;0.0
ghd6;0;1;51;0.0;0.0;0.0;0.0
ghd6;0;1;52;0.0;0.0;0.0;0.0
ghd6;0;1;53;0.0;0.0;0.0;0.0
ghd6;0;1;54;0.0;0.0;0.0;0.0
ghd6;0;1;55;0.0;0.0;0.0;0.0
ghd6;0;1;56;0.0;0.0;0.0;0.0
ghd6;0;1;57;0.0;0.0;0.0;0.0
ghd6;0;1;58;0.0;0.0;9.496;0.0
ghd6;0;1;59;0.0;0.0;9.874;0.0
ghd6;0;1;60;0.0;0.0;9.001;0.0
ghd6;0;1;61;0.0;0.0;9.196;0.0
ghd6;0;1;62;0.0;0.0;8.449;0.0
ghd6;0;1;63;157.729;0.0;0.0;0.0
ghd6;0;1;64;0.0;0.0;0.0;0.0
ghd6;0;1;65;0.0;0.0;0.0;0.0
ghd6;0;1;66;0.0;0.0;0.0;0.0
ghd6;0;1;67;0.0;0.0;0.0;0.0
ghd6;0;1;68;0.0;0.0;0.0;0.0
ghd6;0;1;69;0.0;0.0;0.0;0.0
ghd6;0;1;70;0.0;0.0;0.0;0.0
ghd6;0;1;71;0.0;0.0;0.0;0.0
ghd6;0;1;72;0.0;0.0;0.0;0.0
ghd6;0;1;73;0.0;0.0;0.0;0.0
ghd6;0;1;74;0.0;0.0;0.0;0.0
ghd6;0;1;75;0.0;0.0;0.0;0.0
ghd6;0;1;76;0.0;0.0;0.0;0.0
ghd6;0;1;77;0.0;0.0;0.0;0.0
ghd6;0;1;78;0.0;0.0;0.0;0.0
ghd6;0;1;79;0.0;0.0;0.0;0.0
ghd6;0;1;80;0.0;0.0;0.0;0.0
ghd6;0;1;81;0.0;0.0;10.707;0.0
ghd6;0;1;82;0.0;0.0;8.523;0.0
ghd6;0;1;83;0.0;0.0;10.78;0.0
ghd6;0;1;84;0.0;0.0;10.167;0.0
ghd6;0;1;85;0.0;0.0;8.83;0.0
ghd6;0;1;86;0.0;0.0;8.64;0.0
ghd6;0;1;87;0.0;0.0;159.589;0.0
ghd6;0;1;88;0.0;0.0;0.0;0.0
ghd6;0;1;89;0.0;0.0;0.0;0.0
ghd6;0;1;90;0.0;0.0;0.0;0.0
ghd6;0;1;91;0.0;0.0;0.0;0.0
ghd6;0;1;92;0.0;0.0;0.0;0.0
ghd6;0;1;93;0.0;0.0;0.0;0.0
ghd6;0;1;94;0.0;0.0;0.0;0.0
ghd6;0;1;95;0.0;0.0;0.0;0.0
ghd6;0;1;96;0.0;0.0;0.0;0.0
ghd6;0;1;97;0.0;0.0;0.0;0.0
ghd6;0;1;98;0.0;0.0;0.0;0.0
ghd6;0;1;99;0.0;0.0;0.0;0.0
ghd6;0;1;100;0.0;0.0;0.0;0.0
ghd6;0;1;101;0.0;0.0;0.0;0.0
ghd6;0;1;102;0.0;0.0;0.0;0.0
ghd6;0;1;103;0.0;0.0;0.0;0.0
ghd6;0;1;104;0.0;0.0;0.0;0.0
ghd6;0;1;105;0.0;0.0;12.954;0.0
ghd6;0;1;106;0.0;0.0;17.236;0.0
ghd6;0;1;107;0.0;0.0;13.359;0.0
ghd6;0;1;108;0.0;0.0;13.244;0.0
ghd6;0;1;109;0.0;0.0;11.921;0.0
ghd6;0;1;110;0.0;0.0;10.557;0.0
ghd6;0;1;111;0.0;0.0;12.51;0.0
ghd6;0;1;112;0.0;0.0;11.304;0.0
ghd6;0;1;113;139.614;0.0;0.0;0.0
ghd6;0;1;114;0.0;0.0;0.0;0.0
ghd6;0;1;115;0.0;0.0;0.0;0.0
ghd6;0;1;116;0.0;0.0;0.0;0.0
ghd6;0;1;117;0.0;0.0;0.0;0.0
ghd6;0;1;118;0.0;0.0;0.0;0.0
ghd6;0;1;119;0.0;0.0;0.0;0.0
ghd6;0;1;120;0.0;0.0;0.0;0.0
ghd6;0;1;121;0.0;0.0;0.0;0.0
ghd6;0;1;122;0.0;0.0;0.0;0.0
ghd6;0;1;123;0.0;0.0;0.0;0.0
ghd6;0;1;124;0.0;0.0;0.0;0.0
ghd6;0;1;125;0.0;0.0;0.0;0.0
ghd6;0;1;126;0.0;0.0;0.0;0.0
ghd6;0;1;127;0.0;0.0;0.0;0.0
ghd6;0;1;128;0.0;0.0;0.0;0.0
ghd6;0;1;129;0.0;0.0;14.677;0.0
ghd6;0;1;130;0.0;0.0;14.852;0.0
ghd6;0;1;131;0.0;0.0;12.151;0.0
ghd6;0;1;132;0.0;0.0;13.121;0.0
ghd6;0;1;133;0.0;0.0;11.091;0.0
ghd6;0;1;134;0.0;0.0;11.179;0.0
ghd6;0;1;135;0.0;0.0;11.795;0.0
ghd6;0;1;136;0.0;0.0;10.305;0.0
ghd6;0;1;137;113.894;0.0;22.962;0.0
ghd6;0;1;138;0.0;0.0;0.0;0.0
ghd6;0;1;139;0.0;0.0;0.0;0.0
ghd6;0;1;140;0.0;0.0;0.0;0.0
ghd6;0;1;141;0.0;0.0;0.0;0.0
ghd6;0;1;142;0.0;0.0;0.0;0.0
ghd6;0;1;143;0.0;0.0;0.0;0.0
ghd6;0;1;144;0.0;0.0;0.0;0.0
ghd6;0;1;145;0.0;0.0;0.0;0.0
ghd6;0;1;146;0.0;0.0;0.0;0.0
ghd6;0;1;147;0.0;0.0;0.0;0.0
ghd6;0;1;148;0.0;0.0;0.0;0.0
ghd6;0;1;149;0.0;0.0;0.0;0.0
ghd6;0;1;150;0.0;0.0;0.0;0.0
ghd6;0;1;151;0.0;0.0;0.0;0.0
ghd6;0;1;152;0.0;0.0;0.0;0.0
ghd6;0;1;153;0.0;0.0;14.259;0.0
ghd6;0;1;154;0.0;0.0;14.524;0.0
ghd6;0;1;155;0.0;0.0;12.974;0.0
ghd6;0;1;156;0.0;0.0;14.247;0.0
ghd6;0;1;157;0.0;0.0;11.114;0.0
ghd6;0;1;158;0.0;0.0;11.654;0.0
ghd6;0;1;159;106.3;0.0;89.15;0.0
ghd6;0;1;160;0.0;0.0;0.0;0.0
ghd6;0;1;161;73.706;0.0;20.339;0.0
ghd6;0;1;162;0.0;0.0;0.0;0.0
ghd6;0;1;163;0.0;0.0;0.0;0.0
ghd6;0;1;164;0.0;0.0;0.0;0.0
ghd6;0;1;165;0.0;0.0;0.0;0.0
ghd6;0;1;166;0.0;0.0;0.0;0.0
ghd6;0;1;167;0.0;0.0;0.0;0.0
ghd6;0;2;0;328.42;0.0;0.0;0.0
ghd6;0;2;1;335.54;0.0;0.0;0.0
ghd6;0;2;2;340.884;0.0;0.0;0.0
ghd6;0;2;3;0.0;0.0;0.0;0.0
ghd6;0;2;4;0.0;0.0;0.0;0.0
ghd6;0;2;5;79.398;0.0;0.0;0.0
ghd6;0;2;6;0.0;0.0;0.0;0.0
ghd6;0;2;7;210.457;0.0;0.0;0.0
ghd6;0;2;8;174.19;0.0;0.0;0.0
ghd6;0;2;9;61.262;0.0;74.551;0.0
ghd6;0;2;10;0.0;0.0;103.591;0.0
ghd6;0;2;11;0.0;0.0;83.883;0.0
ghd6;0;2;12;0.0;0.0;60.462;0.0
ghd6;0;2;13;100.709;0.0;176.276;0.0
ghd6;0;2;14;226.206;0.0;48.127;0.0
ghd6;0;2;15;256.692;0.0;16.757;0.0
ghd6;0;2;16;257.522;0.0;15.928;0.0
ghd6;0;2;17;276.101;0.0;0.001;0.0
ghd6;0;2;18;282.292;0.0;0.0;0.0
ghd6;0;2;19;292.915;0.0;0.0;0.0
ghd6;0;2;20;43.037;0.0;0.0;0.0
ghd6;0;2;21;0.0;0.0;0.0;0.0
ghd6;0;2;22;0.0;0.0;0.0;0.0
ghd6;0;2;23;0.0;0.0;0.0;0.0
ghd6;0;2;24;0.0;0.0;0.0;0.0
ghd6;0;2;25;0.0;0.0;0.0;0.0
ghd6;0;2;26;0.0;0.0;0.0;0.0
ghd6;0;2;27;0.0;0.0;0.0;0.0
ghd6;0;2;28;0.0;0.0;0.0;0.0
ghd6;0;2;29;0.0;0.0;0.0;0.0
ghd6;0;2;30;0.0;0.0;0.0;0.0
ghd6;0;2;31;0.0;0.0;0.0;0.0
ghd6;0;2;32;146.918;0.0;4.003;0.0
ghd6;0;2;33;57.188;0.0;62.132;0.0
ghd6;0;2;34;0.0;0.0;80.067;0.0
ghd6;0;2;35;0.0;0.0;55.825;0.0
ghd6;0;2;36;0.0;0.0;42.045;0.0
ghd6;0;2;37;0.0;0.0;31.879;0.0
ghd6;0;2;38;108.405;0.0;151.664;0.0
ghd6;0;2;39;0.0;0.0;0.0;0.0
ghd6;0;2;40;191.046;0.0;16.594;0.0
ghd6;0;2;41;0.0;0.0;0.0;0.0
ghd6;0;2;42;0.0;0.0;0.0;0.0
ghd6;0;2;43;0.0;0.0;0.0;0.0
ghd6;0;2;44;0.0;0.0;0.0;0.0
ghd6;0;2;45;0.0;0.0;0.0;0.0
ghd6;0;2;46;0.0;0.0;0.0;0.0
ghd6;0;2;47;0.0;0.0;0.0;0.0
ghd6;0;2;48;0.0;0.0;0.0;0.0
ghd6;0;2;49;0.0;0.0;0.0;0.0
ghd6;0;2;50;0.0;0.0;0.0;0.0
ghd6;0;2;51;21.559;0.0;0.0;0.0
ghd6;0;2;52;24.721;0.0;0.0;0.0
ghd6;0;2;53;26.274;0.0;0.0;0.0
ghd6;0;2;54;26.749;0.0;0.0;0.0
ghd6;0;2;55;36.805;0.0;0.0;0.0
ghd6;0;2;56;37.683;0.0;0.0;0.0
ghd6;0;2;57;26.676;0.0;0.0;0.0
ghd6;0;2;58;22.663;0.0;0.0;0.0
ghd6;0;2;59;44.784;0.0;0.0;0.0
ghd6;0;2;60;0.0;0.0;0.0;0.0
ghd6;0;2;61;18.63;0.0;0.0;0.0
ghd6;0;2;62;14.434;0.0;0.0;0.0
ghd6;0;2;63;185.397;0.0;0.0;0.0
ghd6;0;2;64;0.0;0.0;0.0;0.0
ghd6;0;2;65;0.0;0.0;0.0;0.0
ghd6;0;2;66;0.0;0.0;0.0;0.0
ghd6;0;2;67;0.0;0.0;0.0;0.0
ghd6;0;2;68;0.0;0.0;0.0;0.0
ghd6;0;2;69;0.0;0.0;0.0;0.0
ghd6;0;2;70;0.0;0.0;0.0;0.0
ghd6;0;2;71;0.0;0.0;0.0;0.0
ghd6;0;2;72;291.144;0.0;0.0;0.0
ghd6;0;2;73;0.0;0.0;0.0;0.0
ghd6;0;2;74;0.0;0.0;0.0;0.0
ghd6;0;2;75;0.0;0.0;0.0;0.0
ghd6;0;2;76;0.0;0.0;0.0;0.0
ghd6;0;2;77;0.0;0.0;0.0;0.0
ghd6;0;2;78;0.0;0.0;0.0;0.0
ghd6;0;2;79;0.0;0.0;0.0;0.0
ghd6;0;2;80;131.914;0.0;0.0;0.0
ghd6;0;2;81;0.0;0.0;0.0;0.0
ghd6;0;2;82;54.939;0.0;0.0;0.0
ghd6;0;2;83;32.142;0.0;15.97;0.0
ghd6;0;2;84;0.0;0.0;37.739;0.0
ghd6;0;2;85;0.0;0.0;34.522;0.0
ghd6;0;2;86;280.523;0.0;0.0;0.0
ghd6;0;2;87;280.523;0.0;0.0;0.0
ghd6;0;2;88;291.144;0.0;0.0;0.0
ghd6;0;2;89;283.177;0.0;0.0;0.0
ghd6;0;2;90;298.231;0.0;0.0;0.0
ghd6;0;2;91;0.0;0.0;0.0;0.0
ghd6;0;2;92;303.551;0.0;0.0;0.0
ghd6;0;2;93;101.446;0.0;0.0;0.0
ghd6;0;2;94;308.873;0.0;0.0;0.0
ghd6;0;2;95;314.2;0.0;0.0;0.0
ghd6;0;2;96;108.392;0.0;0.0;0.0
ghd6;0;2;97;0.0;0.0;0.0;0.0
ghd6;0;2;98;0.0;0.0;0.0;0.0
ghd6;0;2;99;0.0;0.0;0.0;0.0
ghd6;0;2;100;0.0;0.0;0.0;0.0
ghd6;0;2;101;0.0;0.0;0.0;0.0
ghd6;0;2;102;0.0;0.0;0.0;0.0
ghd6;0;2;103;281.638;0.0;0.0;0.0
ghd6;0;2;104;249.675;0.0;0.0;0.0
ghd6;0;2;105;177.942;0.0;28.753;0.0
ghd6;0;2;106;96.31;0.0;48.933;0.0
ghd6;0;2;107;105.628;0.0;17.557;0.0
ghd6;0;2;108;44.227;0.0;55.336;0.0
ghd6;0;2;109;40.482;0.0;43.568;0.0
ghd6;0;2;110;42.16;0.0;34.161;0.0
ghd6;0;2;111;74.86;0.0;0.0;0.0
ghd6;0;2;112;72.492;0.0;0.0;0.0
ghd6;0;2;113;234.393;0.0;0.0;0.0
ghd6;0;2;114;0.0;0.0;0.0;0.0
ghd6;0;2;115;0.0;0.0;0.0;0.0
ghd6;0;2;116;183.505;0.0;0.0;0.0
ghd6;0;2;117;0.0;0.0;0.0;0.0
ghd6;0;2;118;206.188;0.0;0.0;0.0
ghd6;0;2;119;0.0;0.0;0.0;0.0
ghd6;0;2;120;112.561;0.0;0.0;0.0
ghd6;0;2;121;113.431;0.0;0.0;0.0
ghd6;0;2;122;117.636;0.0;0.0;0.0
ghd6;0;2;123;121.287;0.0;0.0;0.0
ghd6;0;2;124;125.837;0.0;0.0;0.0
ghd6;0;2;125;129.041;0.0;0.0;0.0
ghd6;0;2;126;138.105;0.0;0.0;0.0
ghd6;0;2;127;105.371;0.0;0.0;0.0
ghd6;0;2;128;89.939;0.0;0.0;0.0
ghd6;0;2;129;84.814;0.0;0.0;0.0
ghd6;0;2;130;77.349;0.0;0.001;0.0
ghd6;0;2;131;60.996;0.0;0.001;0.0
ghd6;0;2;132;24.424;0.0;21.961;0.0
ghd6;0;2;133;0.0;0.0;32.909;0.0
ghd6;0;2;134;23.834;0.0;0.0;0.0
ghd6;0;2;135;24.059;0.0;0.0;0.0
ghd6;0;2;136;21.52;0.0;0.0;0.0
ghd6;0;2;137;257.661;0.0;0.0;0.0
ghd6;0;2;138;261.274;0.0;0.0;0.0
ghd6;0;2;139;264.29;0.0;0.0;0.0
ghd6;0;2;140;0.0;0.0;0.0;0.0
ghd6;0;2;141;32.527;0.0;0.0;0.0
ghd6;0;2;142;273.449;0.0;0.0;0.0
ghd6;0;2;143;0.0;0.0;0.0;0.0
ghd6;0;2;144;0.0;0.0;0.0;0.0
ghd6;0;2;145;0.0;0.0;0.0;0.0
ghd6;0;2;146;0.0;0.0;0.0;0.0
ghd6;0;2;147;0.0;0.0;0.0;0.0
ghd6;0;2;148;0.0;0.0;0.0;0.0
ghd6;0;2;149;0.0;0.0;0.0;0.0
ghd6;0;2;150;0.0;0.0;0.0;0.0
ghd6;0;2;151;0.0;0.0;0.0;0.0
ghd6;0;2;152;0.0;0.0;0.0;0.0
ghd6;0;2;153;87.291;0.0;0.0;0.0
ghd6;0;2;154;82.175;0.0;0.0;0.0
ghd6;0;2;155;72.255;0.0;0.0;0.0
ghd6;0;2;156;56.105;0.0;0.0;0.0
ghd6;0;2;157;44.747;0.0;0.0;0.0
ghd6;0;2;158;37.985;0.0;0.0;0.0
ghd6;0;2;159;89.561;0.0;0.0;0.0
ghd6;0;2;160;271.681;0.0;0.0;0.0
ghd6;0;2;161;0.0;0.0;0.0;0.0
ghd6;0;2;162;0.0;0.0;0.0;0.0
ghd6;0;2;163;0.0;0.0;0.0;0.0
ghd6;0;2;164;0.0;0.0;0.0;0.0
ghd6;0;2;165;0.0;0.0;0.0;0.0
ghd6;0;2;166;126.037;0.0;0.0;0.0
ghd6;0;2;167;286.717;0.0;0.0;0.0
ghd6;0;3;0;387.367;0.0;0.0;0.0
ghd6;0;3;1;388.264;0.0;0.0;0.0
ghd6;0;3;2;385.574;0.0;0.0;0.0
ghd6;0;3;3;386.47;0.0;0.0;0.0
ghd6;0;3;4;387.367;0.0;0.0;0.0
ghd6;0;3;5;393.649;0.0;0.0;0.0
ghd6;0;3;6;393.649;0.0;0.0;0.0
ghd6;0;3;7;392.751;0.0;0.0;0.0
ghd6;0;3;8;384.302;0.0;0.0;0.0
ghd6;0;3;9;363.129;0.0;0.0;0.0
ghd6;0;3;10;353.177;0.0;0.0;0.0
ghd6;0;3;11;329.391;0.0;0.0;0.0
ghd6;0;3;12;307.075;0.0;0.0;0.0
ghd6;0;3;13;275.64;0.0;3.288;0.0
ghd6;0;3;14;349.756;0.0;0.043;0.0
ghd6;0;3;15;348.015;0.0;0.0;0.0
ghd6;0;3;16;352.476;0.0;0.0;0.0
ghd6;0;3;17;360.512;0.0;0.0;0.0
ghd6;0;3;18;363.193;0.0;0.0;0.0
ghd6;0;3;19;90.945;0.0;0.0;0.0
ghd6;0;3;20;374.822;0.0;0.0;0.0
ghd6;0;3;21;378.404;0.0;0.0;0.0
ghd6;0;3;22;381.092;0.0;0.0;0.0
ghd6;0;3;23;384.677;0.0;0.0;0.0
ghd6;0;3;24;388.264;0.0;0.0;0.0
ghd6;0;3;25;393.649;0.0;0.0;0.0
ghd6;0;3;26;393.649;0.0;0.0;0.0
ghd6;0;3;27;393.649;0.0;0.0;0.0
ghd6;0;3;28;395.445;0.0;0.0;0.0
ghd6;0;3;29;396.343;0.0;0.0;0.0
ghd6;0;3;30;395.445;0.0;0.0;0.0
ghd6;0;3;31;399.038;0.0;0.0;0.0
ghd6;0;3;32;394.547;0.0;0.0;0.0
ghd6;0;3;33;365.592;0.0;0.0;0.0
ghd6;0;3;34;350.133;0.0;0.0;0.0
ghd6;0;3;35;334.864;0.0;0.0;0.0
ghd6;0;3;36;325.558;0.0;0.0;0.0
ghd6;0;3;37;312.049;0.0;0.0;0.0
ghd6;0;3;38;301.523;0.0;0.0;0.0
ghd6;0;3;39;325.933;0.0;0.0;0.0
ghd6;0;3;40;321.115;0.0;0.0;0.0
ghd6;0;3;41;330.88;0.0;0.0;0.0
ghd6;0;3;42;359.0;0.0;0.0;0.0
ghd6;0;3;43;356.561;0.0;0.0;0.0
ghd6;0;3;44;372.254;0.0;0.0;0.0
ghd6;0;3;45;377.508;0.0;0.0;0.0
ghd6;0;3;46;374.422;0.0;0.0;0.0
ghd6;0;3;47;364.284;0.0;0.0;0.0
ghd6;0;3;48;96.735;0.0;0.0;0.0
ghd6;0;3;49;95.623;0.0;0.0;0.0
ghd6;0;3;50;92.661;0.0;0.0;0.0
ghd6;0;3;51;91.48;0.0;0.0;0.0
ghd6;0;3;52;96.862;0.0;0.0;0.0
ghd6;0;3;53;96.618;0.0;0.0;0.0
ghd6;0;3;54;101.603;0.0;0.0;0.0
ghd6;0;3;55;122.405;0.0;0.0;0.0
ghd6;0;3;56;128.387;0.0;0.0;0.0
ghd6;0;3;57;116.844;0.0;0.0;0.0
ghd6;0;3;58;116.552;0.0;0.0;0.0
ghd6;0;3;59;118.504;0.0;0.0;0.0
ghd6;0;3;60;116.63;0.0;0.0;0.0
ghd6;0;3;61;107.255;0.0;0.0;0.0
ghd6;0;3;62;98.941;0.0;0.0;0.0
ghd6;0;3;63;108.401;0.0;0.0;0.0
ghd6;0;3;64;109.148;0.0;0.0;0.0
ghd6;0;3;65;338.211;0.0;0.0;0.0
ghd6;0;3;66;340.884;0.0;0.0;0.0
ghd6;0;3;67;105.898;0.0;0.0;0.0
ghd6;0;3;68;0.0;0.0;0.0;0.0
ghd6;0;3;69;0.0;0.0;0.0;0.0
ghd6;0;3;70;0.0;0.0;0.0;0.0
ghd6;0;3;71;152.963;0.0;0.0;0.0
ghd6;0;3;72;161.332;0.0;0.0;0.0
ghd6;0;3;73;162.978;0.0;0.0;0.0
ghd6;0;3;74;170.193;0.0;0.0;0.0
ghd6;0;3;75;178.899;0.0;0.0;0.0
ghd6;0;3;76;180.089;0.0;0.0;0.0
ghd6;0;3;77;188.08;0.0;0.0;0.0
ghd6;0;3;78;354.261;0.0;0.0;0.0
ghd6;0;3;79;358.726;0.0;0.0;0.0
ghd6;0;3;80;358.726;0.0;0.0;0.0
ghd6;0;3;81;358.726;0.0;0.0;0.0
ghd6;0;3;82;359.619;0.0;0.0;0.0
ghd6;0;3;83;359.619;0.0;0.0;0.0
ghd6;0;3;84;356.047;0.0;0.0;0.0
ghd6;0;3;85;352.476;0.0;0.0;0.0
ghd6;0;3;86;357.833;0.0;0.0;0.0
ghd6;0;3;87;358.726;0.0;0.0;0.0
ghd6;0;3;88;363.193;0.0;0.0;0.0
ghd6;0;3;89;364.087;0.0;0.0;0.0
ghd6;0;3;90;368.558;0.0;0.0;0.0
ghd6;0;3;91;375.717;0.0;0.0;0.0
ghd6;0;3;92;380.195;0.0;0.0;0.0
ghd6;0;3;93;381.988;0.0;0.0;0.0
ghd6;0;3;94;385.574;0.0;0.0;0.0
ghd6;0;3;95;386.47;0.0;0.0;0.0
ghd6;0;3;96;388.264;0.0;0.0;0.0
ghd6;0;3;97;391.853;0.0;0.0;0.0
ghd6;0;3;98;574.024;0.0;0.0;0.0
ghd6;0;3;99;675.639;0.0;0.0;0.0
ghd6;0;3;100;672.047;0.0;0.0;0.0
ghd6;0;3;101;666.664;0.0;0.0;0.0
ghd6;0;3;102;663.078;0.0;0.0;0.0
ghd6;0;3;103;661.286;0.0;0.0;0.0
ghd6;0;3;104;655.016;0.0;0.0;0.0
ghd6;0;3;105;652.331;0.0;0.0;0.0
ghd6;0;3;106;661.286;0.0;0.0;0.0
ghd6;0;3;107;663.078;0.0;0.0;0.0
ghd6;0;3;108;666.664;0.0;0.0;0.0
ghd6;0;3;109;663.078;0.0;0.0;0.0
ghd6;0;3;110;661.286;0.0;0.0;0.0
ghd6;0;3;111;658.598;0.0;0.0;0.0
ghd6;0;3;112;656.807;0.0;0.0;0.0
ghd6;0;3;113;655.911;0.0;0.0;0.0
ghd6;0;3;114;655.911;0.0;0.0;0.0
ghd6;0;3;115;655.016;0.0;0.0;0.0
ghd6;0;3;116;652.331;0.0;0.0;0.0
ghd6;0;3;117;652.331;0.0;0.0;0.0
ghd6;0;3;118;651.436;0.0;0.0;0.0
ghd6;0;3;119;653.225;0.0;0.0;0.0
ghd6;0;3;120;653.225;0.0;0.0;0.0
ghd6;0;3;121;655.016;0.0;0.0;0.0
ghd6;0;3;122;660.389;0.0;0.0;0.0
ghd6;0;3;123;666.664;0.0;0.0;0.0
ghd6;0;3;124;673.843;0.0;0.0;0.0
ghd6;0;3;125;679.232;0.0;0.0;0.0
ghd6;0;3;126;678.333;0.0;0.0;0.0
ghd6;0;3;127;633.068;0.0;0.0;0.0
ghd6;0;3;128;546.142;0.0;0.0;0.0
ghd6;0;3;129;511.172;0.0;0.0;0.0
ghd6;0;3;130;414.598;0.0;0.0;0.0
ghd6;0;3;131;381.092;0.0;0.0;0.0
ghd6;0;3;132;379.3;0.0;0.0;0.0
ghd6;0;3;133;374.822;0.0;0.0;0.0
ghd6;0;3;134;375.717;0.0;0.0;0.0
ghd6;0;3;135;377.508;0.0;0.0;0.0
ghd6;0;3;136;375.717;0.0;0.0;0.0
ghd6;0;3;137;381.092;0.0;0.0;0.0
ghd6;0;3;138;382.884;0.0;0.0;0.0
ghd6;0;3;139;385.574;0.0;0.0;0.0
ghd6;0;3;140;390.059;0.0;0.0;0.0
ghd6;0;3;141;392.751;0.0;0.0;0.0
ghd6;0;3;142;395.445;0.0;0.0;0.0
ghd6;0;3;143;443.334;0.0;0.0;0.0
ghd6;0;3;144;592.853;0.0;0.0;0.0
ghd6;0;3;145;631.658;0.0;0.0;0.0
ghd6;0;3;146;629.041;0.0;0.0;0.0
ghd6;0;3;147;669.291;0.0;0.0;0.0
ghd6;0;3;148;672.167;0.0;0.0;0.0
ghd6;0;3;149;678.333;0.0;0.0;0.0
ghd6;0;3;150;675.639;0.0;0.0;0.0
ghd6;0;3;151;513.955;0.0;0.0;0.0
ghd6;0;3;152;429.628;0.0;0.0;0.0
ghd6;0;3;153;348.804;0.0;0.0;0.0
ghd6;0;3;154;331.286;0.0;0.0;0.0
ghd6;0;3;155;292.746;0.0;0.0;0.0
ghd6;0;3;156;274.464;0.0;0.0;0.0
ghd6;0;3;157;352.476;0.0;0.0;0.0
ghd6;0;3;158;163.715;0.0;0.0;0.0
ghd6;0;3;159;264.822;0.0;0.0;0.0
ghd6;0;3;160;260.433;0.0;0.0;0.0
ghd6;0;3;161;255.019;0.0;0.0;0.0
ghd6;0;3;162;352.476;0.0;0.0;0.0
ghd6;0;3;163;352.476;0.0;0.0;0.0
ghd6;0;3;164;348.907;0.0;0.0;0.0
ghd6;0;3;165;349.799;0.0;0.0;0.0
ghd6;0;3;166;350.692;0.0;0.0;0.0
ghd6;0;3;167;354.261;0.0;0.0;0.0
ghd6;5;0;0;0.0;0.0;0.0;0.0
ghd6;5;0;1;340.884;0.0;0.0;0.0
ghd6;5;0;2;47.676;0.0;0.0;0.0
ghd6;5;0;3;240.786;0.0;0.0;0.0
ghd6;5;0;4;247.937;0.0;0.0;0.0
ghd6;5;0;5;254.061;0.0;0.0;0.0
ghd6;5;0;6;271.215;0.0;0.0;0.0
ghd6;5;0;7;228.25;0.0;0.0;0.0
ghd6;5;0;8;207.083;0.0;0.0;0.0
ghd6;5;0;9;208.656;0.0;0.0;0.0
ghd6;5;0;10;179.438;0.0;0.0;0.0
ghd6;5;0;11;165.722;0.0;0.0;0.0
ghd6;5;0;12;143.033;0.0;0.0;0.0
ghd6;5;0;13;255.62;0.0;0.0;0.0
ghd6;5;0;14;0.0;0.0;0.0;0.0
ghd6;5;0;15;133.051;0.0;0.0;0.0
ghd6;5;0;16;124.675;0.0;0.0;0.0
ghd6;5;0;17;117.663;0.0;0.0;0.0
ghd6;5;0;18;321.307;0.0;0.0;0.0
ghd6;5;0;19;0.0;0.0;0.0;0.0
ghd6;5;0;20;136.208;0.0;0.0;0.0
ghd6;5;0;21;326.641;0.0;0.0;0.0
ghd6;5;0;22;331.979;0.0;0.0;0.0
ghd6;5;0;23;336.43;0.0;0.0;0.0
ghd6;5;0;24;0.0;0.0;0.0;0.0
ghd6;5;0;25;0.0;0.0;0.0;0.0
ghd6;5;0;26;242.166;0.0;0.0;0.0
ghd6;5;0;27;350.692;0.0;0.0;0.0
ghd6;5;0;28;351.584;0.0;0.0;0.0
ghd6;5;0;29;357.833;0.0;0.0;0.0
ghd6;5;0;30;21.635;0.0;0.0;0.0
ghd6;5;0;31;263.475;0.0;0.0;0.0
ghd6;5;0;32;238.362;0.0;0.0;0.0
ghd6;5;0;33;235.504;0.0;0.0;0.0
ghd6;5;0;34;204.739;0.0;0.0;0.0
ghd6;5;0;35;175.908;0.0;1.676;0.0
ghd6;5;0;36;176.525;0.0;0.0;0.0
ghd6;5;0;37;98.027;0.0;47.519;0.0
ghd6;5;0;38;64.195;0.0;68.216;0.0
ghd6;5;0;39;96.105;0.0;35.417;0.0
ghd6;5;0;40;317.752;0.0;0.0;0.0
ghd6;5;0;41;320.418;0.0;0.0;0.0
ghd6;5;0;42;320.418;0.0;0.0;0.0
ghd6;5;0;43;325.752;0.0;0.0;0.0
ghd6;5;0;44;330.199;0.0;0.0;0.0
ghd6;5;0;45;0.0;0.0;0.0;0.0
ghd6;5;0;46;36.658;0.0;0.0;0.0
ghd6;5;0;47;0.0;0.0;0.0;0.0
ghd6;5;0;48;0.0;0.0;0.0;0.0
ghd6;5;0;49;0.0;0.0;0.0;0.0
ghd6;5;0;50;0.0;0.0;0.0;0.0
ghd6;5;0;51;0.0;0.0;0.0;0.0
ghd6;5;0;52;0.0;0.0;0.0;0.0
ghd6;5;0;53;87.818;0.0;0.0;0.0
ghd6;5;0;54;92.908;0.0;0.0;0.0
ghd6;5;0;55;116.563;0.0;0.0;0.0
ghd6;5;0;56;113.743;0.0;0.0;0.0
ghd6;5;0;57;104.518;0.0;0.0;0.0
ghd6;5;0;58;95.608;0.0;0.001;0.0
ghd6;5;0;59;86.985;0.0;0.0;0.0
ghd6;5;0;60;240.059;0.0;0.0;0.0
ghd6;5;0;61;0.0;0.0;0.0;0.0
ghd6;5;0;62;0.0;0.0;0.0;0.0
ghd6;5;0;63;83.976;0.0;0.0;0.0
ghd6;5;0;64;63.066;0.0;2.146;0.0
ghd6;5;0;65;54.982;0.0;0.0;0.0
ghd6;5;0;66;63.973;0.0;0.0;0.0
ghd6;5;0;67;311.536;0.0;0.0;0.0
ghd6;5;0;68;294.687;0.0;0.0;0.0
ghd6;5;0;69;294.687;0.0;0.0;0.0
ghd6;5;0;70;299.117;0.0;0.0;0.0
ghd6;5;0;71;314.2;0.0;0.0;0.0
ghd6;5;0;72;0.0;0.0;0.0;0.0
ghd6;5;0;73;0.0;0.0;0.0;0.0
ghd6;5;0;74;0.0;0.0;0.0;0.0
ghd6;5;0;75;0.0;0.0;0.0;0.0
ghd6;5;0;76;0.0;0.0;0.0;0.0
ghd6;5;0;77;0.0;0.0;0.0;0.0
ghd6;5;0;78;0.0;0.0;0.0;0.0
ghd6;5;0;79;0.0;0.0;0.0;0.0
ghd6;5;0;80;0.0;0.0;0.0;0.0
ghd6;5;0;81;6.617;0.0;0.0;0.0
ghd6;5;0;82;160.939;0.0;0.0;0.0
ghd6;5;0;83;150.459;0.0;0.0;0.0
ghd6;5;0;84;295.552;0.0;0.0;0.0
ghd6;5;0;85;357.833;0.0;0.0;0.0
ghd6;5;0;86;358.726;0.0;0.0;0.0
ghd6;5;0;87;350.692;0.0;0.0;0.0
ghd6;5;0;88;350.692;0.0;0.0;0.0
ghd6;5;0;89;355.154;0.0;0.0;0.0
ghd6;5;0;90;361.406;0.0;0.0;0.0
ghd6;5;0;91;363.193;0.0;0.0;0.0
ghd6;5;0;92;364.981;0.0;0.0;0.0
ghd6;5;0;93;369.452;0.0;0.0;0.0
ghd6;5;0;94;370.347;0.0;0.0;0.0
ghd6;5;0;95;370.347;0.0;0.0;0.0
ghd6;5;0;96;373.031;0.0;0.0;0.0
ghd6;5;0;97;376.613;0.0;0.0;0.0
ghd6;5;0;98;378.404;0.0;0.0;0.0
ghd6;5;0;99;381.092;0.0;0.0;0.0
ghd6;5;0;100;381.092;0.0;0.0;0.0
ghd6;5;0;101;381.092;0.0;0.0;0.0
ghd6;5;0;102;379.3;0.0;0.0;0.0
ghd6;5;0;103;380.195;0.0;0.0;0.0
ghd6;5;0;104;377.508;0.0;0.0;0.0
ghd6;5;0;105;373.927;0.0;0.0;0.0
ghd6;5;0;106;370.347;0.0;0.0;0.0
ghd6;5;0;107;366.769;0.0;0.0;0.0
ghd6;5;0;108;363.193;0.0;0.0;0.0
ghd6;5;0;109;358.726;0.0;0.0;0.0
ghd6;5;0;110;352.476;0.0;0.0;0.0
ghd6;5;0;111;348.907;0.0;0.0;0.0
ghd6;5;0;112;349.799;0.0;0.0;0.0
ghd6;5;0;113;360.512;0.0;0.0;0.0
ghd6;5;0;114;364.087;0.0;0.0;0.0
ghd6;5;0;115;373.031;0.0;0.0;0.0
ghd6;5;0;116;380.195;0.0;0.0;0.0
ghd6;5;0;117;378.404;0.0;0.0;0.0
ghd6;5;0;118;380.195;0.0;0.0;0.0
ghd6;5;0;119;381.988;0.0;0.0;0.0
ghd6;5;0;120;383.78;0.0;0.0;0.0
ghd6;5;0;121;382.884;0.0;0.0;0.0
ghd6;5;0;122;381.988;0.0;0.0;0.0
ghd6;5;0;123;385.574;0.0;0.0;0.0
ghd6;5;0;124;385.574;0.0;0.0;0.0
ghd6;5;0;125;385.574;0.0;0.0;0.0
ghd6;5;0;126;383.78;0.0;0.0;0.0
ghd6;5;0;127;384.677;0.0;0.0;0.0
ghd6;5;0;128;353.584;0.0;0.0;0.0
ghd6;5;0;129;352.253;0.0;0.0;0.0
ghd6;5;0;130;319.21;0.0;0.0;0.0
ghd6;5;0;131;307.936;0.0;0.0;0.0
ghd6;5;0;132;307.848;0.0;0.0;0.0
ghd6;5;0;133;276.413;0.0;0.0;0.0
ghd6;5;0;134;260.414;0.0;0.0;0.0
ghd6;5;0;135;357.833;0.0;0.0;0.0
ghd6;5;0;136;359.619;0.0;0.0;0.0
ghd6;5;0;137;361.406;0.0;0.0;0.0
ghd6;5;0;138;369.452;0.0;0.0;0.0
ghd6;5;0;139;373.927;0.0;0.0;0.0
ghd6;5;0;140;378.404;0.0;0.0;0.0
ghd6;5;0;141;383.78;0.0;0.0;0.0
ghd6;5;0;142;144.31;0.0;0.0;0.0
ghd6;5;0;143;391.853;0.0;0.0;0.0
ghd6;5;0;144;391.853;0.0;0.0;0.0
ghd6;5;0;145;399.038;0.0;0.0;0.0
ghd6;5;0;146;398.139;0.0;0.0;0.0
ghd6;5;0;147;405.331;0.0;0.0;0.0
ghd6;5;0;148;408.03;0.0;0.0;0.0
ghd6;5;0;149;410.73;0.0;0.0;0.0
ghd6;5;0;150;417.936;0.0;0.0;0.0
ghd6;5;0;151;417.035;0.0;0.0;0.0
ghd6;5;0;152;416.134;0.0;0.0;0.0
ghd6;5;0;153;407.721;0.0;1.831;0.0
ghd6;5;0;154;325.926;0.0;32.613;0.0
ghd6;5;0;155;334.855;0.0;0.0;0.0
ghd6;5;0;156;284.387;0.0;30.442;0.0
ghd6;5;0;157;375.717;0.0;0.0;0.0
ghd6;5;0;158;381.092;0.0;0.0;0.0
ghd6;5;0;159;380.195;0.0;0.0;0.0
ghd6;5;0;160;390.956;0.0;0.0;0.0
ghd6;5;0;161;393.649;0.0;0.0;0.0
ghd6;5;0;162;393.649;0.0;0.0;0.0
ghd6;5;0;163;402.633;0.0;0.0;0.0
ghd6;5;0;164;407.13;0.0;0.0;0.0
ghd6;5;0;165;412.531;0.0;0.0;0.0
ghd6;5;0;166;407.977;0.0;0.0;0.0
ghd6;5;0;167;410.73;0.0;0.0;0.0
ghd6;5;1;0;0.0;0.0;0.0;0.0
ghd6;5;1;1;0.0;0.0;0.0;0.0
ghd6;5;1;2;0.0;0.0;0.0;0.0
ghd6;5;1;3;0.0;0.0;0.0;0.0
ghd6;5;1;4;0.0;0.0;0.0;0.0
ghd6;5;1;5;0.0;0.0;0.0;0.0
ghd6;5;1;6;0.0;0.0;0.0;0.0
ghd6;5;1;7;0.0;0.0;0.0;0.0
ghd6;5;1;8;0.0;0.0;0.0;0.0
ghd6;5;1;9;0.0;0.0;0.0;0.0
ghd6;5;1;10;0.0;0.0;0.0;0.0
ghd6;5;1;11;0.0;0.0;0.0;0.0
ghd6;5;1;12;0.0;0.0;0.0;0.0
ghd6;5;1;13;0.0;0.0;0.0;0.0
ghd6;5;1;14;0.0;0.0;0.0;0.0
ghd6;5;1;15;0.0;0.0;0.0;0.0
ghd6;5;1;16;0.0;0.0;0.0;0.0
ghd6;5;1;17;0.0;0.0;0.0;0.0
ghd6;5;1;18;55.17;0.0;0.0;0.0
ghd6;5;1;19;0.0;0.0;0.0;0.0
ghd6;5;1;20;0.0;0.0;0.0;0.0
ghd6;5;1;21;0.0;0.0;0.0;0.0
ghd6;5;1;22;0.0;0.0;0.0;0.0
ghd6;5;1;23;0.0;0.0;0.0;0.0
ghd6;5;1;24;5.507;0.0;0.0;0.0
ghd6;5;1;25;5.762;0.0;0.0;0.0
ghd6;5;1;26;5.634;0.0;0.0;0.0
ghd6;5;1;27;5.402;0.0;0.0;0.0
ghd6;5;1;28;6.928;0.0;0.0;0.0
ghd6;5;1;29;17.455;0.0;0.0;0.0
ghd6;5;1;30;0.0;0.0;0.0;0.0
ghd6;5;1;31;11.614;0.0;0.0;0.0
ghd6;5;1;32;0.0;0.0;9.401;0.0
ghd6;5;1;33;0.0;0.0;10.786;0.0
ghd6;5;1;34;0.0;0.0;12.955;0.0
ghd6;5;1;35;0.0;0.0;11.444;0.0
ghd6;5;1;36;0.0;0.0;11.09;0.0
ghd6;5;1;37;0.0;0.0;8.76;0.0
ghd6;5;1;38;0.0;0.0;9.83;0.0
ghd6;5;1;39;0.0;0.0;20.404;0.0
ghd6;5;1;40;0.0;0.0;0.0;0.0
ghd6;5;1;41;106.376;0.0;25.377;0.0
ghd6;5;1;42;0.0;0.0;0.0;0.0
ghd6;5;1;43;0.0;0.0;0.0;0.0
ghd6;5;1;44;0.0;0.0;0.0;0.0
ghd6;5;1;45;0.0;0.0;0.0;0.0
ghd6;5;1;46;0.0;0.0;0.0;0.0
ghd6;5;1;47;0.0;0.0;0.0;0.0
ghd6;5;1;48;0.0;0.0;0.0;0.0
ghd6;5;1;49;0.0;0.0;0.0;0.0
ghd6;5;1;50;0.0;0.0;0.0;0.0
ghd6;5;1;51;0.0;0.0;0.0;0.0
ghd6;5;1;52;0.0;0.0;0.0;0.0
ghd6;5;1;53;0.0;0.0;0.0;0.0
ghd6;5;1;54;0.0;0.0;0.0;0.0
ghd6;5;1;55;0.0;0.0;0.0;0.0
ghd6;5;1;56;0.0;0.0;0.0;0.0
ghd6;5;1;57;0.0;0.0;0.0;0.0
ghd6;5;1;58;0.0;0.0;8.678;0.0
ghd6;5;1;59;0.0;0.0;9.024;0.0
ghd6;5;1;60;0.0;0.0;8.226;0.0
ghd6;5;1;61;0.0;0.0;8.405;0.0
ghd6;5;1;62;0.0;0.0;7.722;0.0
ghd6;5;1;63;144.151;0.0;0.0;0.0
ghd6;5;1;64;0.0;0.0;0.0;0.0
ghd6;5;1;65;0.0;0.0;0.0;0.0
ghd6;5;1;66;0.0;0.0;0.0;0.0
ghd6;5;1;67;0.0;0.0;0.0;0.0
ghd6;5;1;68;0.0;0.0;0.0;0.0
ghd6;5;1;69;0.0;0.0;0.0;0.0
ghd6;5;1;70;0.0;0.0;0.0;0.0
ghd6;5;1;71;0.0;0.0;0.0;0.0
ghd6;5;1;72;0.0;0.0;0.0;0.0
ghd6;5;1;73;0.0;0.0;0.0;0.0
ghd6;5;1;74;0.0;0.0;0.0;0.0
ghd6;5;1;75;0.0;0.0;0.0;0.0
ghd6;5;1;76;0.0;0.0;0.0;0.0
ghd6;5;1;77;0.0;0.0;0.0;0.0
ghd6;5;1;78;0.0;0.0;0.0;0.0
ghd6;5;1;79;0.0;0.0;0.0;0.0
ghd6;5;1;80;0.0;0.0;0.0;0.0
ghd6;5;1;81;0.0;0.0;9.786;0.0
ghd6;5;1;82;0.0;0.0;7.789;0.0
ghd6;5;1;83;0.0;0.0;9.852;0.0
ghd6;5;1;84;0.0;0.0;9.292;0.0
ghd6;5;1;85;0.0;0.0;8.07;0.0
ghd6;5;1;86;0.0;0.0;7.897;0.0
ghd6;5;1;87;0.0;0.0;145.851;0.0
ghd6;5;1;88;0.0;0.0;0.0;0.0
ghd6;5;1;89;0.0;0.0;0.0;0.0
ghd6;5;1;90;0.0;0.0;0.0;0.0
ghd6;5;1;91;0.0;0.0;0.0;0.0
ghd6;5;1;92;0.0;0.0;0.0;0.0
ghd6;5;1;93;0.0;0.0;0.0;0.0
ghd6;5;1;94;0.0;0.0;0.0;0.0
ghd6;5;1;95;0.0;0.0;0.0;0.0
ghd6;5;1;96;0.0;0.0;0.0;0.0
ghd6;5;1;97;0.0;0.0;0.0;0.0
ghd6;5;1;98;0.0;0.0;0.0;0.0
ghd6;5;1;99;0.0;0.0;0.0;0.0
ghd6;5;1;100;0.0;0.0;0.0;0.0
ghd6;5;1;101;0.0;0.0;0.0;0.0
ghd6;5;1;102;0.0;0.0;0.0;0.0
ghd6;5;1;103;0.0;0.0;0.0;0.0
ghd6;5;1;104;0.0;0.0;0.0;0.0
ghd6;5;1;105;0.0;0.0;11.839;0.0
ghd6;5;1;106;0.0;0.0;15.752;0.0
ghd6;5;1;107;0.0;0.0;12.209;0.0
ghd6;5;1;108;0.0;0.0;12.104;0.0
ghd6;5;1;109;0.0;0.0;10.895;0.0
ghd6;5;1;110;0.0;0.0;9.648;0.0
ghd6;5;1;111;0.0;0.0;11.433;0.0
ghd6;5;1;112;0.0;0.0;10.331;0.0
ghd6;5;1;113;126.813;0.0;0.782;0.0
ghd6;5;1;114;0.0;0.0;0.0;0.0
ghd6;5;1;115;0.0;0.0;0.0;0.0
ghd6;5;1;116;0.0;0.0;0.0;0.0
ghd6;5;1;117;0.0;0.0;0.0;0.0
ghd6;5;1;118;0.0;0.0;0.0;0.0
ghd6;5;1;119;0.0;0.0;0.0;0.0
ghd6;5;1;120;0.0;0.0;0.0;0.0
ghd6;5;1;121;0.0;0.0;0.0;0.0
ghd6;5;1;122;0.0;0.0;0.0;0.0
ghd6;5;1;123;0.0;0.0;0.0;0.0
ghd6;5;1;124;0.0;0.0;0.0;0.0
ghd6;5;1;125;0.0;0.0;0.0;0.0
ghd6;5;1;126;0.0;0.0;0.0;0.0
ghd6;5;1;127;0.0;0.0;0.0;0.0
ghd6;5;1;128;0.0;0.0;0.0;0.0
ghd6;5;1;129;0.0;0.0;13.413;0.0
ghd6;5;1;130;0.0;0.0;13.573;0.0
ghd6;5;1;131;0.0;0.0;11.105;0.0
ghd6;5;1;132;0.0;0.0;11.991;0.0
ghd6;5;1;133;0.0;0.0;10.136;0.0
ghd6;5;1;134;0.0;0.0;10.216;0.0
ghd6;5;1;135;0.0;0.0;10.779;0.0
ghd6;5;1;136;0.0;0.0;9.418;0.0
ghd6;5;1;137;99.342;0.0;25.734;0.0
ghd6;5;1;138;0.0;0.0;0.0;0.0
ghd6;5;1;139;0.0;0.0;0.0;0.0
ghd6;5;1;140;0.0;0.0;0.0;0.0
ghd6;5;1;141;0.0;0.0;0.0;0.0
ghd6;5;1;142;0.0;0.0;0.0;0.0
ghd6;5;1;143;0.0;0.0;0.0;0.0
ghd6;5;1;144;0.0;0.0;0.0;0.0
ghd6;5;1;145;0.0;0.0;0.0;0.0
ghd6;5;1;146;0.0;0.0;0.0;0.0
ghd6;5;1;147;0.0;0.0;0.0;0.0
ghd6;5;1;148;0.0;0.0;0.0;0.0
ghd6;5;1;149;0.0;0.0;0.0;0.0
ghd6;5;1;150;0.0;0.0;0.0;0.0
ghd6;5;1;151;0.0;0.0;0.0;0.0
ghd6;5;1;152;0.0;0.0;0.0;0.0
ghd6;5;1;153;0.0;0.0;13.032;0.0
ghd6;5;1;154;0.0;0.0;13.274;0.0
ghd6;5;1;155;0.0;0.0;11.857;0.0
ghd6;5;1;156;0.0;0.0;13.021;0.0
ghd6;5;1;157;0.0;0.0;10.157;0.0
ghd6;5;1;158;0.0;0.0;10.651;0.0
ghd6;5;1;159;106.3;0.0;89.15;0.0
ghd6;5;1;160;0.0;0.0;0.0;0.0
ghd6;5;1;161;16.2;0.0;47.105;0.0
ghd6;5;1;162;0.0;0.0;0.0;0.0
ghd6;5;1;163;0.0;0.0;0.0;0.0
ghd6;5;1;164;0.0;0.0;0.0;0.0
ghd6;5;1;165;0.0;0.0;0.0;0.0
ghd6;5;1;166;0.0;0.0;0.0;0.0
ghd6;5;1;167;0.0;0.0;0.0;0.0
ghd6;5;2;0;328.42;0.0;0.0;0.0
ghd6;5;2;1;335.54;0.0;0.0;0.0
ghd6;5;2;2;335.301;0.0;0.0;0.0
ghd6;5;2;3;0.0;0.0;0.0;0.0
ghd6;5;2;4;0.0;0.0;0.0;0.0
ghd6;5;2;5;0.0;0.0;0.0;0.0
ghd6;5;2;6;0.0;0.0;0.0;0.0
ghd6;5;2;7;192.339;0.0;0.0;0.0
ghd6;5;2;8;156.671;0.0;2.524;0.0
ghd6;5;2;9;45.119;0.0;79.002;0.0
ghd6;5;2;10;0.0;0.0;94.673;0.0
ghd6;5;2;11;0.0;0.0;76.662;0.0
ghd6;5;2;12;0.0;0.0;55.257;0.0
ghd6;5;2;13;86.485;0.0;190.5;0.0
ghd6;5;2;14;226.206;0.0;48.127;0.0
ghd6;5;2;15;256.692;0.0;16.757;0.0
ghd6;5;2;16;257.522;0.0;15.928;0.0
ghd6;5;2;17;276.101;0.0;0.001;0.0
ghd6;5;2;18;282.292;0.0;0.0;0.0
ghd6;5;2;19;292.915;0.0;0.0;0.0
ghd6;5;2;20;0.0;0.0;0.0;0.0
ghd6;5;2;21;0.0;0.0;0.0;0.0
ghd6;5;2;22;0.0;0.0;0.0;0.0
ghd6;5;2;23;0.0;0.0;0.0;0.0
ghd6;5;2;24;0.0;0.0;0.0;0.0
ghd6;5;2;25;0.0;0.0;0.0;0.0
ghd6;5;2;26;0.0;0.0;0.0;0.0
ghd6;5;2;27;0.0;0.0;0.0;0.0
ghd6;5;2;28;0.0;0.0;0.0;0.0
ghd6;5;2;29;0.0;0.0;0.0;0.0
ghd6;5;2;30;0.0;0.0;0.0;0.0
ghd6;5;2;31;0.0;0.0;0.0;0.0
ghd6;5;2;32;0.0;0.0;4.613;0.0
ghd6;5;2;33;43.121;0.0;65.927;0.0
ghd6;5;2;34;0.0;0.0;73.175;0.0
ghd6;5;2;35;0.0;0.0;51.02;0.0
ghd6;5;2;36;0.0;0.0;38.426;0.0
ghd6;5;2;37;0.0;0.0;29.135;0.0
ghd6;5;2;38;104.813;0.0;155.256;0.0
ghd6;5;2;39;0.0;0.0;0.0;0.0
ghd6;5;2;40;150.771;0.0;16.594;0.0
ghd6;5;2;41;0.0;0.0;0.0;0.0
ghd6;5;2;42;0.0;0.0;0.0;0.0
ghd6;5;2;43;0.0;0.0;0.0;0.0
ghd6;5;2;44;0.0;0.0;0.0;0.0
ghd6;5;2;45;0.0;0.0;0.0;0.0
ghd6;5;2;46;0.0;0.0;0.0;0.0
ghd6;5;2;47;0.0;0.0;0.0;0.0
ghd6;5;2;48;0.0;0.0;0.0;0.0
ghd6;5;2;49;0.0;0.0;0.0;0.0
ghd6;5;2;50;0.0;0.0;0.0;0.0
ghd6;5;2;51;19.703;0.0;0.0;0.0
ghd6;5;2;52;22.593;0.0;0.0;0.0
ghd6;5;2;53;24.012;0.0;0.0;0.0
ghd6;5;2;54;24.446;0.0;0.0;0.0
ghd6;5;2;55;33.636;0.0;0.0;0.0
ghd6;5;2;56;34.439;0.0;0.0;0.0
ghd6;5;2;57;24.38;0.0;0.0;0.0
ghd6;5;2;58;20.712;0.0;0.0;0.0
ghd6;5;2;59;40.928;0.0;0.001;0.0
ghd6;5;2;60;0.0;0.0;0.0;0.0
ghd6;5;2;61;17.027;0.0;0.0;0.0
ghd6;5;2;62;13.192;0.0;0.0;0.0
ghd6;5;2;63;144.335;0.0;0.0;0.0
ghd6;5;2;64;0.0;0.0;0.0;0.0
ghd6;5;2;65;0.0;0.0;0.0;0.0
ghd6;5;2;66;0.0;0.0;0.0;0.0
ghd6;5;2;67;0.0;0.0;0.0;0.0
ghd6;5;2;68;0.0;0.0;0.0;0.0
ghd6;5;2;69;0.0;0.0;0.0;0.0
ghd6;5;2;70;0.0;0.0;0.0;0.0
ghd6;5;2;71;0.0;0.0;0.0;0.0
ghd6;5;2;72;291.144;0.0;0.0;0.0
ghd6;5;2;73;0.0;0.0;0.0;0.0
ghd6;5;2;74;0.0;0.0;0.0;0.0
ghd6;5;2;75;0.0;0.0;0.0;0.0
ghd6;5;2;76;0.0;0.0;0.0;0.0
ghd6;5;2;77;0.0;0.0;0.0;0.0
ghd6;5;2;78;0.0;0.0;0.0;0.0
ghd6;5;2;79;0.0;0.0;0.0;0.0
ghd6;5;2;80;120.559;0.0;0.0;0.0
ghd6;5;2;81;0.0;0.0;0.0;0.0
ghd6;5;2;82;50.209;0.0;0.0;0.0
ghd6;5;2;83;28.0;0.0;15.97;0.0
ghd6;5;2;84;0.0;0.0;34.49;0.0
ghd6;5;2;85;0.0;0.0;31.55;0.0
ghd6;5;2;86;280.523;0.0;0.0;0.0
ghd6;5;2;87;280.523;0.0;0.0;0.0
ghd6;5;2;88;291.144;0.0;0.0;0.0
ghd6;5;2;89;283.177;0.0;0.001;0.0
ghd6;5;2;90;298.231;0.0;0.0;0.0
ghd6;5;2;91;0.0;0.0;0.0;0.0
ghd6;5;2;92;303.551;0.0;0.0;0.0
ghd6;5;2;93;68.225;0.0;0.0;0.0
ghd6;5;2;94;308.873;0.0;0.0;0.0
ghd6;5;2;95;314.2;0.0;0.0;0.0
ghd6;5;2;96;0.0;0.0;0.0;0.0
ghd6;5;2;97;0.0;0.0;0.0;0.0
ghd6;5;2;98;0.0;0.0;0.0;0.0
ghd6;5;2;99;0.0;0.0;0.0;0.0
ghd6;5;2;100;0.0;0.0;0.0;0.0
ghd6;5;2;101;0.0;0.0;0.0;0.0
ghd6;5;2;102;0.0;0.0;0.0;0.0
ghd6;5;2;103;173.827;0.0;0.0;0.0
ghd6;5;2;104;228.182;0.0;0.0;0.0
ghd6;5;2;105;138.767;0.0;50.135;0.0
ghd6;5;2;106;83.806;0.0;48.933;0.0
ghd6;5;2;107;95.024;0.0;17.557;0.0
ghd6;5;2;108;35.657;0.0;55.336;0.0
ghd6;5;2;109;33.247;0.0;43.568;0.0
ghd6;5;2;110;35.59;0.0;34.161;0.0
ghd6;5;2;111;68.416;0.0;0.0;0.0
ghd6;5;2;112;66.252;0.0;0.0;0.0
ghd6;5;2;113;214.216;0.0;0.0;0.0
ghd6;5;2;114;0.0;0.0;0.0;0.0
ghd6;5;2;115;0.0;0.0;0.0;0.0
ghd6;5;2;116;167.708;0.0;0.0;0.0
ghd6;5;2;117;0.0;0.0;0.0;0.0
ghd6;5;2;118;188.438;0.0;0.0;0.0
ghd6;5;2;119;0.0;0.0;0.0;0.0
ghd6;5;2;120;102.871;0.0;0.0;0.0
ghd6;5;2;121;103.666;0.0;0.0;0.0
ghd6;5;2;122;107.509;0.0;0.0;0.0
ghd6;5;2;123;110.846;0.0;0.0;0.0
ghd6;5;2;124;115.005;0.0;0.0;0.0
ghd6;5;2;125;117.933;0.0;0.0;0.0
ghd6;5;2;126;126.216;0.0;0.0;0.0
ghd6;5;2;127;96.3;0.0;0.0;0.0
ghd6;5;2;128;82.197;0.0;0.0;0.0
ghd6;5;2;129;77.513;0.0;0.0;0.0
ghd6;5;2;130;70.691;0.0;0.001;0.0
ghd6;5;2;131;55.745;0.0;0.001;0.0
ghd6;5;2;132;20.431;0.0;21.961;0.0
ghd6;5;2;133;0.0;0.0;30.076;0.0
ghd6;5;2;134;21.782;0.0;0.0;0.0
ghd6;5;2;135;21.988;0.0;0.0;0.0
ghd6;5;2;136;19.667;0.0;0.0;0.0
ghd6;5;2;137;257.661;0.0;0.0;0.0
ghd6;5;2;138;261.274;0.0;0.0;0.0
ghd6;5;2;139;264.29;0.0;0.0;0.0
ghd6;5;2;140;0.0;0.0;0.0;0.0
ghd6;5;2;141;0.0;0.0;0.0;0.0
ghd6;5;2;142;211.788;0.0;0.0;0.0
ghd6;5;2;143;0.0;0.0;0.0;0.0
ghd6;5;2;144;0.0;0.0;0.0;0.0
ghd6;5;2;145;0.0;0.0;0.0;0.0
ghd6;5;2;146;0.0;0.0;0.0;0.0
ghd6;5;2;147;0.0;0.0;0.0;0.0
ghd6;5;2;148;0.0;0.0;0.0;0.0
ghd6;5;2;149;0.0;0.0;0.0;0.0
ghd6;5;2;150;0.0;0.0;0.0;0.0
ghd6;5;2;151;0.0;0.0;0.0;0.0
ghd6;5;2;152;0.0;0.0;0.0;0.0
ghd6;5;2;153;79.777;0.0;0.0;0.0
ghd6;5;2;154;75.101;0.0;0.0;0.0
ghd6;5;2;155;66.035;0.0;0.0;0.0
ghd6;5;2;156;51.275;0.0;0.0;0.0
ghd6;5;2;157;40.895;0.0;0.0;0.0
ghd6;5;2;158;34.716;0.0;0.0;0.0
ghd6;5;2;159;58.458;0.0;0.0;0.0
ghd6;5;2;160;271.681;0.0;0.0;0.0
ghd6;5;2;161;0.0;0.0;0.0;0.0
ghd6;5;2;162;0.0;0.0;0.0;0.0
ghd6;5;2;163;0.0;0.0;0.0;0.0
ghd6;5;2;164;0.0;0.0;0.0;0.0
ghd6;5;2;165;0.0;0.0;0.0;0.0
ghd6;5;2;166;82.115;0.0;0.0;0.0
ghd6;5;2;167;286.717;0.0;0.0;0.0
ghd6;5;3;0;138.209;0.0;0.0;0.0
ghd6;5;3;1;388.264;0.0;0.0;0.0
ghd6;5;3;2;385.574;0.0;0.0;0.0
ghd6;5;3;3;386.47;0.0;0.0;0.0
ghd6;5;3;4;387.367;0.0;0.0;0.0
ghd6;5;3;5;393.649;0.0;0.0;0.0
ghd6;5;3;6;393.649;0.0;0.0;0.0
ghd6;5;3;7;376.945;0.0;0.0;0.0
ghd6;5;3;8;351.219;0.0;0.0;0.0
ghd6;5;3;9;331.869;0.0;0.0;0.0
ghd6;5;3;10;322.774;0.0;0.0;0.0
ghd6;5;3;11;301.035;0.0;0.0;0.0
ghd6;5;3;12;280.641;0.0;0.0;0.0
ghd6;5;3;13;219.016;0.0;35.901;0.0
ghd6;5;3;14;317.143;0.0;32.656;0.0
ghd6;5;3;15;348.015;0.0;0.0;0.0
ghd6;5;3;16;352.476;0.0;0.0;0.0
ghd6;5;3;17;360.512;0.0;0.0;0.0
ghd6;5;3;18;363.193;0.0;0.0;0.0
ghd6;5;3;19;0.0;0.0;0.0;0.0
ghd6;5;3;20;0.0;0.0;0.0;0.0
ghd6;5;3;21;277.542;0.0;0.0;0.0
ghd6;5;3;22;381.092;0.0;0.0;0.0
ghd6;5;3;23;384.677;0.0;0.0;0.0
ghd6;5;3;24;388.264;0.0;0.0;0.0
ghd6;5;3;25;393.649;0.0;0.0;0.0
ghd6;5;3;26;393.649;0.0;0.0;0.0
ghd6;5;3;27;393.649;0.0;0.0;0.0
ghd6;5;3;28;395.445;0.0;0.0;0.0
ghd6;5;3;29;396.343;0.0;0.0;0.0
ghd6;5;3;30;395.445;0.0;0.0;0.0
ghd6;5;3;31;391.869;0.0;0.0;0.0
ghd6;5;3;32;362.352;0.0;0.0;0.0
ghd6;5;3;33;334.12;0.0;0.0;0.0
ghd6;5;3;34;319.992;0.0;0.0;0.0
ghd6;5;3;35;306.037;0.0;0.0;0.0
ghd6;5;3;36;297.532;0.0;0.0;0.0
ghd6;5;3;37;285.186;0.0;0.0;0.0
ghd6;5;3;38;275.567;0.0;0.0;0.0
ghd6;5;3;39;297.875;0.0;0.0;0.0
ghd6;5;3;40;293.472;0.0;0.0;0.0
ghd6;5;3;41;302.397;0.0;0.0;0.0
ghd6;5;3;42;328.096;0.0;0.0;0.0
ghd6;5;3;43;325.866;0.0;0.0;0.0
ghd6;5;3;44;334.961;0.0;0.0;0.0
ghd6;5;3;45;350.169;0.0;0.0;0.0
ghd6;5;3;46;342.19;0.0;0.0;0.0
ghd6;5;3;47;332.925;0.0;0.0;0.0
ghd6;5;3;48;88.408;0.0;0.0;0.0
ghd6;5;3;49;87.391;0.0;0.0;0.0
ghd6;5;3;50;84.685;0.0;0.0;0.0
ghd6;5;3;51;83.605;0.0;0.0;0.0
ghd6;5;3;52;88.524;0.0;0.0;0.0
ghd6;5;3;53;88.301;0.0;0.0;0.0
ghd6;5;3;54;92.857;0.0;0.0;0.0
ghd6;5;3;55;111.868;0.0;0.0;0.0
ghd6;5;3;56;117.335;0.0;0.0;0.0
ghd6;5;3;57;106.786;0.0;0.0;0.0
ghd6;5;3;58;106.519;0.0;0.0;0.0
ghd6;5;3;59;108.302;0.0;0.0;0.0
ghd6;5;3;60;106.59;0.0;0.0;0.0
ghd6;5;3;61;98.022;0.0;0.0;0.0
ghd6;5;3;62;90.424;0.0;0.0;0.0
ghd6;5;3;63;99.069;0.0;0.0;0.0
ghd6;5;3;64;99.752;0.0;0.0;0.0
ghd6;5;3;65;338.211;0.0;0.0;0.0
ghd6;5;3;66;340.884;0.0;0.0;0.0
ghd6;5;3;67;38.214;0.0;0.0;0.0
ghd6;5;3;68;0.0;0.0;0.0;0.0
ghd6;5;3;69;0.0;0.0;0.0;0.0
ghd6;5;3;70;0.0;0.0;0.0;0.0
ghd6;5;3;71;139.795;0.0;0.0;0.0
ghd6;5;3;72;147.444;0.0;0.0;0.0
ghd6;5;3;73;148.948;0.0;0.0;0.0
ghd6;5;3;74;155.542;0.0;0.0;0.0
ghd6;5;3;75;163.498;0.0;0.0;0.0
ghd6;5;3;76;164.586;0.0;0.0;0.0
ghd6;5;3;77;167.23;0.0;0.0;0.0
ghd6;5;3;78;354.261;0.0;0.0;0.0
ghd6;5;3;79;6.722;0.0;0.0;0.0
ghd6;5;3;80;358.726;0.0;0.0;0.0
ghd6;5;3;81;358.726;0.0;0.0;0.0
ghd6;5;3;82;359.619;0.0;0.0;0.0
ghd6;5;3;83;359.619;0.0;0.0;0.0
ghd6;5;3;84;356.047;0.0;0.0;0.0
ghd6;5;3;85;352.476;0.0;0.0;0.0
ghd6;5;3;86;357.833;0.0;0.0;0.0
ghd6;5;3;87;358.726;0.0;0.0;0.0
ghd6;5;3;88;363.193;0.0;0.0;0.0
ghd6;5;3;89;364.087;0.0;0.0;0.0
ghd6;5;3;90;368.558;0.0;0.0;0.0
ghd6;5;3;91;375.717;0.0;0.0;0.0
ghd6;5;3;92;380.195;0.0;0.0;0.0
ghd6;5;3;93;381.988;0.0;0.0;0.0
ghd6;5;3;94;385.574;0.0;0.0;0.0
ghd6;5;3;95;386.47;0.0;0.0;0.0
ghd6;5;3;96;388.264;0.0;0.0;0.0
ghd6;5;3;97;391.853;0.0;0.0;0.0
ghd6;5;3;98;392.751;0.0;0.0;0.0
ghd6;5;3;99;395.445;0.0;0.0;0.0
ghd6;5;3;100;391.853;0.0;0.0;0.0
ghd6;5;3;101;386.47;0.0;0.0;0.0
ghd6;5;3;102;382.884;0.0;0.0;0.0
ghd6;5;3;103;381.092;0.0;0.0;0.0
ghd6;5;3;104;374.822;0.0;0.0;0.0
ghd6;5;3;105;372.137;0.0;0.0;0.0
ghd6;5;3;106;588.016;0.0;0.0;0.0
ghd6;5;3;107;663.078;0.0;0.0;0.0
ghd6;5;3;108;666.664;0.0;0.0;0.0
ghd6;5;3;109;614.323;0.0;0.0;0.0
ghd6;5;3;110;548.006;0.0;0.0;0.0
ghd6;5;3;111;531.637;0.0;0.0;0.0
ghd6;5;3;112;485.38;0.0;0.0;0.0
ghd6;5;3;113;470.788;0.0;0.0;0.0
ghd6;5;3;114;513.349;0.0;0.0;0.0
ghd6;5;3;115;485.701;0.0;0.0;0.0
ghd6;5;3;116;499.02;0.0;0.0;0.0
ghd6;5;3;117;555.364;0.0;0.0;0.0
ghd6;5;3;118;503.324;0.0;0.0;0.0
ghd6;5;3;119;505.948;0.0;0.0;0.0
ghd6;5;3;120;515.153;0.0;0.0;0.0
ghd6;5;3;121;515.97;0.0;0.0;0.0
ghd6;5;3;122;541.083;0.0;0.0;0.0
ghd6;5;3;123;566.722;0.0;0.0;0.0
ghd6;5;3;124;607.292;0.0;0.0;0.0
ghd6;5;3;125;637.458;0.0;0.0;0.0
ghd6;5;3;126;661.358;0.0;0.0;0.0
ghd6;5;3;127;516.063;0.0;0.0;0.0
ghd6;5;3;128;436.388;0.0;0.0;0.0
ghd6;5;3;129;404.041;0.0;0.0;0.0
ghd6;5;3;130;359.787;0.0;0.0;0.0
ghd6;5;3;131;346.575;0.0;0.0;0.0
ghd6;5;3;132;360.484;0.0;0.0;0.0
ghd6;5;3;133;374.822;0.0;0.0;0.0
ghd6;5;3;134;375.717;0.0;0.0;0.0
ghd6;5;3;135;377.508;0.0;0.0;0.0
ghd6;5;3;136;375.717;0.0;0.0;0.0
ghd6;5;3;137;381.092;0.0;0.0;0.0
ghd6;5;3;138;382.884;0.0;0.0;0.0
ghd6;5;3;139;385.574;0.0;0.0;0.0
ghd6;5;3;140;390.059;0.0;0.0;0.0
ghd6;5;3;141;392.751;0.0;0.0;0.0
ghd6;5;3;142;395.445;0.0;0.0;0.0
ghd6;5;3;143;397.241;0.0;0.0;0.0
ghd6;5;3;144;391.853;0.0;0.0;0.0
ghd6;5;3;145;396.343;0.0;0.0;0.0
ghd6;5;3;146;394.547;0.0;0.0;0.0
ghd6;5;3;147;399.038;0.0;0.0;0.0
ghd6;5;3;148;397.241;0.0;0.0;0.0
ghd6;5;3;149;398.139;0.0;0.0;0.0
ghd6;5;3;150;395.445;0.0;0.0;0.0
ghd6;5;3;151;391.853;0.0;0.0;0.0
ghd6;5;3;152;367.885;0.0;0.0;0.0
ghd6;5;3;153;318.777;0.0;0.0;0.0
ghd6;5;3;154;302.767;0.0;0.0;0.0
ghd6;5;3;155;267.545;0.0;0.0;0.0
ghd6;5;3;156;250.837;0.0;0.0;0.0
ghd6;5;3;157;352.476;0.0;0.0;0.0
ghd6;5;3;158;119.202;0.0;0.0;0.0
ghd6;5;3;159;242.024;0.0;0.0;0.0
ghd6;5;3;160;238.013;0.0;0.0;0.0
ghd6;5;3;161;233.002;0.0;0.0;0.0
ghd6;5;3;162;255.503;0.0;0.0;0.0
ghd6;5;3;163;253.635;0.0;0.0;0.0
ghd6;5;3;164;348.907;0.0;0.0;0.0
ghd6;5;3;165;349.799;0.0;0.0;0.0
ghd6;5;3;166;350.692;0.0;0.0;0.0
ghd6;5;3;167;354.261;0.0;0.0;0.0
ghd6;10;0;0;0.0;0.0;0.0;0.0
ghd6;10;0;1;268.366;0.0;0.0;0.0
ghd6;10;0;2;0.0;0.0;0.0;0.0
ghd6;10;0;3;220.115;0.0;0.0;0.0
ghd6;10;0;4;226.652;0.0;0.0;0.0
ghd6;10;0;5;232.251;0.0;0.0;0.0
ghd6;10;0;6;247.932;0.0;0.0;0.0
ghd6;10;0;7;208.655;0.0;0.0;0.0
ghd6;10;0;8;189.306;0.0;0.0;0.0
ghd6;10;0;9;190.743;0.0;0.0;0.0
ghd6;10;0;10;164.034;0.0;0.0;0.0
ghd6;10;0;11;151.496;0.0;0.0;0.0
ghd6;10;0;12;130.754;0.0;0.0;0.0
ghd6;10;0;13;233.676;0.0;0.0;0.0
ghd6;10;0;14;0.0;0.0;0.0;0.0
ghd6;10;0;15;121.629;0.0;0.0;0.0
ghd6;10;0;16;113.972;0.0;0.0;0.0
ghd6;10;0;17;107.562;0.0;0.0;0.0
ghd6;10;0;18;321.307;0.0;0.0;0.0
ghd6;10;0;19;0.0;0.0;0.0;0.0
ghd6;10;0;20;88.702;0.0;0.0;0.0
ghd6;10;0;21;326.641;0.0;0.0;0.0
ghd6;10;0;22;331.979;0.0;0.0;0.0
ghd6;10;0;23;336.43;0.0;0.0;0.0
ghd6;10;0;24;0.0;0.0;0.0;0.0
ghd6;10;0;25;0.0;0.0;0.0;0.0
ghd6;10;0;26;143.14;0.0;0.0;0.0
ghd6;10;0;27;350.692;0.0;0.0;0.0
ghd6;10;0;28;351.584;0.0;0.0;0.0
ghd6;10;0;29;357.833;0.0;0.0;0.0
ghd6;10;0;30;0.0;0.0;0.0;0.0
ghd6;10;0;31;169.196;0.0;0.0;0.0
ghd6;10;0;32;217.899;0.0;0.0;0.0
ghd6;10;0;33;215.287;0.0;0.0;0.0
ghd6;10;0;34;187.162;0.0;0.0;0.0
ghd6;10;0;35;160.663;0.0;1.676;0.0
ghd6;10;0;36;161.37;0.0;0.0;0.0
ghd6;10;0;37;85.532;0.0;47.519;0.0
ghd6;10;0;38;52.828;0.0;68.216;0.0
ghd6;10;0;39;84.814;0.0;35.417;0.0
ghd6;10;0;40;292.253;0.0;0.0;0.0
ghd6;10;0;41;320.418;0.0;0.0;0.0
ghd6;10;0;42;320.418;0.0;0.0;0.0
ghd6;10;0;43;325.752;0.0;0.0;0.0
ghd6;10;0;44;330.199;0.0;0.0;0.0
ghd6;10;0;45;0.0;0.0;0.0;0.0
ghd6;10;0;46;0.0;0.0;0.0;0.0
ghd6;10;0;47;0.0;0.0;0.0;0.0
ghd6;10;0;48;0.0;0.0;0.0;0.0
ghd6;10;0;49;0.0;0.0;0.0;0.0
ghd6;10;0;50;0.0;0.0;0.0;0.0
ghd6;10;0;51;0.0;0.0;0.0;0.0
ghd6;10;0;52;0.0;0.0;0.0;0.0
ghd6;10;0;53;0.0;0.0;0.0;0.0
ghd6;10;0;54;84.932;0.0;0.0;0.0
ghd6;10;0;55;106.557;0.0;0.0;0.0
ghd6;10;0;56;103.978;0.0;0.0;0.0
ghd6;10;0;57;95.546;0.0;0.0;0.0
ghd6;10;0;58;87.4;0.0;0.001;0.0
ghd6;10;0;59;79.518;0.0;0.0;0.0
ghd6;10;0;60;219.45;0.0;0.0;0.0
ghd6;10;0;61;0.0;0.0;0.0;0.0
ghd6;10;0;62;0.0;0.0;0.0;0.0
ghd6;10;0;63;76.766;0.0;0.0;0.0
ghd6;10;0;64;57.468;0.0;2.146;0.0
ghd6;10;0;65;50.262;0.0;0.0;0.0
ghd6;10;0;66;58.481;0.0;0.0;0.0
ghd6;10;0;67;181.116;0.0;0.0;0.0
ghd6;10;0;68;294.687;0.0;0.0;0.0
ghd6;10;0;69;294.687;0.0;0.0;0.0
ghd6;10;0;70;299.117;0.0;0.0;0.0
ghd6;10;0;71;314.2;0.0;0.0;0.0
ghd6;10;0;72;0.0;0.0;0.0;0.0
ghd6;10;0;73;0.0;0.0;0.0;0.0
ghd6;10;0;74;0.0;0.0;0.0;0.0
ghd6;10;0;75;0.0;0.0;0.0;0.0
ghd6;10;0;76;0.0;0.0;0.0;0.0
ghd6;10;0;77;0.0;0.0;0.0;0.0
ghd6;10;0;78;0.0;0.0;0.0;0.0
ghd6;10;0;79;0.0;0.0;0.0;0.0
ghd6;10;0;80;0.0;0.0;0.0;0.0
ghd6;10;0;81;0.0;0.0;0.0;0.0
ghd6;10;0;82;147.123;0.0;0.0;0.0
ghd6;10;0;83;137.542;0.0;0.0;0.0
ghd6;10;0;84;137.834;0.0;0.0;0.0
ghd6;10;0;85;134.644;0.0;0.0;0.0
ghd6;10;0;86;132.828;0.0;0.0;0.0
ghd6;10;0;87;133.199;0.0;0.0;0.0
ghd6;10;0;88;350.692;0.0;0.0;0.0
ghd6;10;0;89;355.154;0.0;0.0;0.0
ghd6;10;0;90;221.886;0.0;0.0;0.0
ghd6;10;0;91;363.193;0.0;0.0;0.0
ghd6;10;0;92;364.981;0.0;0.0;0.0
ghd6;10;0;93;369.452;0.0;0.0;0.0
ghd6;10;0;94;370.347;0.0;0.0;0.0
ghd6;10;0;95;370.347;0.0;0.0;0.0
ghd6;10;0;96;373.031;0.0;0.0;0.0
ghd6;10;0;97;376.613;0.0;0.0;0.0
ghd6;10;0;98;378.404;0.0;0.0;0.0
ghd6;10;0;99;381.092;0.0;0.0;0.0
ghd6;10;0;100;381.092;0.0;0.0;0.0
ghd6;10;0;101;381.092;0.0;0.0;0.0
ghd6;10;0;102;379.3;0.0;0.0;0.0
ghd6;10;0;103;380.195;0.0;0.0;0.0
ghd6;10;0;104;377.508;0.0;0.0;0.0
ghd6;10;0;105;373.927;0.0;0.0;0.0
ghd6;10;0;106;370.347;0.0;0.0;0.0
ghd6;10;0;107;366.769;0.0;0.0;0.0
ghd6;10;0;108;347.689;0.0;0.0;0.0
ghd6;10;0;109;316.522;0.0;0.0;0.0
ghd6;10;0;110;352.476;0.0;0.0;0.0
ghd6;10;0;111;348.907;0.0;0.0;0.0
ghd6;10;0;112;349.799;0.0;0.0;0.0
ghd6;10;0;113;360.512;0.0;0.0;0.0
ghd6;10;0;114;364.087;0.0;0.0;0.0
ghd6;10;0;115;336.633;0.0;0.0;0.0
ghd6;10;0;116;0.0;0.0;0.0;0.0
ghd6;10;0;117;365.767;0.0;0.0;0.0
ghd6;10;0;118;366.039;0.0;0.0;0.0
ghd6;10;0;119;381.988;0.0;0.0;0.0
ghd6;10;0;120;383.78;0.0;0.0;0.0
ghd6;10;0;121;382.884;0.0;0.0;0.0
ghd6;10;0;122;381.988;0.0;0.0;0.0
ghd6;10;0;123;385.574;0.0;0.0;0.0
ghd6;10;0;124;385.574;0.0;0.0;0.0
ghd6;10;0;125;385.574;0.0;0.0;0.0
ghd6;10;0;126;383.78;0.0;0.0;0.0
ghd6;10;0;127;351.683;0.0;0.0;0.0
ghd6;10;0;128;323.229;0.0;0.0;0.0
ghd6;10;0;129;322.013;0.0;0.0;0.0
ghd6;10;0;130;291.806;0.0;0.0;0.0
ghd6;10;0;131;281.5;0.0;0.0;0.0
ghd6;10;0;132;281.42;0.0;0.0;0.0
ghd6;10;0;133;252.684;0.0;0.0;0.0
ghd6;10;0;134;238.058;0.0;0.0;0.0
ghd6;10;0;135;357.833;0.0;0.0;0.0
ghd6;10;0;136;359.619;0.0;0.0;0.0
ghd6;10;0;137;361.406;0.0;0.0;0.0
ghd6;10;0;138;369.452;0.0;0.0;0.0
ghd6;10;0;139;373.927;0.0;0.0;0.0
ghd6;10;0;140;378.404;0.0;0.0;0.0
ghd6;10;0;141;348.255;0.0;0.0;0.0
ghd6;10;0;142;0.0;0.0;0.0;0.0
ghd6;10;0;143;0.0;0.0;0.0;0.0
ghd6;10;0;144;391.853;0.0;0.0;0.0
ghd6;10;0;145;399.038;0.0;0.0;0.0
ghd6;10;0;146;398.139;0.0;0.0;0.0
ghd6;10;0;147;405.331;0.0;0.0;0.0
ghd6;10;0;148;408.03;0.0;0.0;0.0
ghd6;10;0;149;410.73;0.0;0.0;0.0
ghd6;10;0;150;417.936;0.0;0.0;0.0
ghd6;10;0;151;417.035;0.0;0.0;0.0
ghd6;10;0;152;399.173;0.0;0.0;0.0
ghd6;10;0;153;372.562;0.0;1.831;0.0
ghd6;10;0;154;295.146;0.0;32.613;0.0
ghd6;10;0;155;306.108;0.0;0.0;0.0
ghd6;10;0;156;257.36;0.0;30.442;0.0
ghd6;10;0;157;375.717;0.0;0.0;0.0
ghd6;10;0;158;381.092;0.0;0.0;0.0
ghd6;10;0;159;380.195;0.0;0.0;0.0
ghd6;10;0;160;390.956;0.0;0.0;0.0
ghd6;10;0;161;393.649;0.0;0.0;0.0
ghd6;10;0;162;393.649;0.0;0.0;0.0
ghd6;10;0;163;402.633;0.0;0.0;0.0
ghd6;10;0;164;407.13;0.0;0.0;0.0
ghd6;10;0;165;412.531;0.0;0.0;0.0
ghd6;10;0;166;139.449;0.0;0.0;0.0
ghd6;10;0;167;410.73;0.0;0.0;0.0
ghd6;10;1;0;0.0;0.0;0.0;0.0
ghd6;10;1;1;0.0;0.0;0.0;0.0
ghd6;10;1;2;0.0;0.0;0.0;0.0
ghd6;10;1;3;0.0;0.0;0.0;0.0
ghd6;10;1;4;0.0;0.0;0.0;0.0
ghd6;10;1;5;0.0;0.0;0.0;0.0
ghd6;10;1;6;0.0;0.0;0.0;0.0
ghd6;10;1;7;0.0;0.0;0.0;0.0
ghd6;10;1;8;0.0;0.0;0.0;0.0
ghd6;10;1;9;0.0;0.0;0.0;0.0
ghd6;10;1;10;0.0;0.0;0.0;0.0
ghd6;10;1;11;0.0;0.0;0.0;0.0
ghd6;10;1;12;0.0;0.0;0.0;0.0
ghd6;10;1;13;0.0;0.0;0.0;0.0
ghd6;10;1;14;0.0;0.0;0.0;0.0
ghd6;10;1;15;0.0;0.0;0.0;0.0
ghd6;10;1;16;0.0;0.0;0.0;0.0
ghd6;10;1;17;0.0;0.0;0.0;0.0
ghd6;10;1;18;0.0;0.0;0.0;0.0
ghd6;10;1;19;0.0;0.0;0.0;0.0
ghd6;10;1;20;0.0;0.0;0.0;0.0
ghd6;10;1;21;0.0;0.0;0.0;0.0
ghd6;10;1;22;0.0;0.0;0.0;0.0
ghd6;10;1;23;0.0;0.0;0.0;0.0
ghd6;10;1;24;5.034;0.0;0.0;0.0
ghd6;10;1;25;5.267;0.0;0.0;0.0
ghd6;10;1;26;5.15;0.0;0.0;0.0
ghd6;10;1;27;4.939;0.0;0.0;0.0
ghd6;10;1;28;6.333;0.0;0.0;0.0
ghd6;10;1;29;15.957;0.0;0.0;0.0
ghd6;10;1;30;0.0;0.0;0.0;0.0
ghd6;10;1;31;10.617;0.0;0.0;0.0
ghd6;10;1;32;0.0;0.0;8.594;0.0
ghd6;10;1;33;0.0;0.0;9.86;0.0
ghd6;10;1;34;0.0;0.0;11.843;0.0
ghd6;10;1;35;0.0;0.0;10.461;0.0
ghd6;10;1;36;0.0;0.0;10.138;0.0
ghd6;10;1;37;0.0;0.0;8.008;0.0
ghd6;10;1;38;0.0;0.0;8.986;0.0
ghd6;10;1;39;0.0;0.0;18.652;0.0
ghd6;10;1;40;0.0;0.0;0.0;0.0
ghd6;10;1;41;92.583;0.0;27.859;0.0
ghd6;10;1;42;0.0;0.0;0.0;0.0
ghd6;10;1;43;0.0;0.0;0.0;0.0
ghd6;10;1;44;0.0;0.0;0.0;0.0
ghd6;10;1;45;0.0;0.0;0.0;0.0
ghd6;10;1;46;0.0;0.0;0.0;0.0
ghd6;10;1;47;0.0;0.0;0.0;0.0
ghd6;10;1;48;0.0;0.0;0.0;0.0
ghd6;10;1;49;0.0;0.0;0.0;0.0
ghd6;10;1;50;0.0;0.0;0.0;0.0
ghd6;10;1;51;0.0;0.0;0.0;0.0
ghd6;10;1;52;0.0;0.0;0.0;0.0
ghd6;10;1;53;0.0;0.0;0.0;0.0
ghd6;10;1;54;0.0;0.0;0.0;0.0
ghd6;10;1;55;0.0;0.0;0.0;0.0
ghd6;10;1;56;0.0;0.0;0.0;0.0
ghd6;10;1;57;0.0;0.0;0.0;0.0
ghd6;10;1;58;0.0;0.0;7.933;0.0
ghd6;10;1;59;0.0;0.0;8.249;0.0
ghd6;10;1;60;0.0;0.0;7.52;0.0
ghd6;10;1;61;0.0;0.0;7.683;0.0
ghd6;10;1;62;0.0;0.0;7.059;0.0
ghd6;10;1;63;131.776;0.0;0.0;0.0
ghd6;10;1;64;0.0;0.0;0.0;0.0
ghd6;10;1;65;0.0;0.0;0.0;0.0
ghd6;10;1;66;0.0;0.0;0.0;0.0
ghd6;10;1;67;0.0;0.0;0.0;0.0
ghd6;10;1;68;0.0;0.0;0.0;0.0
ghd6;10;1;69;0.0;0.0;0.0;0.0
ghd6;10;1;70;0.0;0.0;0.0;0.0
ghd6;10;1;71;0.0;0.0;0.0;0.0
ghd6;10;1;72;0.0;0.0;0.0;0.0
ghd6;10;1;73;0.0;0.0;0.0;0.0
ghd6;10;1;74;0.0;0.0;0.0;0.0
ghd6;10;1;75;0.0;0.0;0.0;0.0
ghd6;10;1;76;0.0;0.0;0.0;0.0
ghd6;10;1;77;0.0;0.0;0.0;0.0
ghd6;10;1;78;0.0;0.0;0.0;0.0
ghd6;10;1;79;0.0;0.0;0.0;0.0
ghd6;10;1;80;0.0;0.0;0.0;0.0
ghd6;10;1;81;0.0;0.0;8.945;0.0
ghd6;10;1;82;0.0;0.0;7.12;0.0
ghd6;10;1;83;0.0;0.0;9.006;0.0
ghd6;10;1;84;0.0;0.0;8.494;0.0
ghd6;10;1;85;0.0;0.0;7.377;0.0
ghd6;10;1;86;0.0;0.0;7.219;0.0
ghd6;10;1;87;0.0;0.0;133.33;0.0
ghd6;10;1;88;0.0;0.0;0.0;0.0
ghd6;10;1;89;0.0;0.0;0.0;0.0
ghd6;10;1;90;0.0;0.0;0.0;0.0
ghd6;10;1;91;0.0;0.0;0.0;0.0
ghd6;10;1;92;0.0;0.0;0.0;0.0
ghd6;10;1;93;0.0;0.0;0.0;0.0
ghd6;10;1;94;0.0;0.0;0.0;0.0
ghd6;10;1;95;0.0;0.0;0.0;0.0
ghd6;10;1;96;0.0;0.0;0.0;0.0
ghd6;10;1;97;0.0;0.0;0.0;0.0
ghd6;10;1;98;0.0;0.0;0.0;0.0
ghd6;10;1;99;0.0;0.0;0.0;0.0
ghd6;10;1;100;0.0;0.0;0.0;0.0
ghd6;10;1;101;0.0;0.0;0.0;0.0
ghd6;10;1;102;0.0;0.0;0.0;0.0
ghd6;10;1;103;0.0;0.0;0.0;0.0
ghd6;10;1;104;0.0;0.0;0.0;0.0
ghd6;10;1;105;0.0;0.0;10.823;0.0
ghd6;10;1;106;0.0;0.0;14.4;0.0
ghd6;10;1;107;0.0;0.0;11.161;0.0
ghd6;10;1;108;0.0;0.0;11.065;0.0
ghd6;10;1;109;0.0;0.0;9.96;0.0
ghd6;10;1;110;0.0;0.0;8.82;0.0
ghd6;10;1;111;0.0;0.0;10.451;0.0
ghd6;10;1;112;0.0;0.0;9.444;0.0
ghd6;10;1;113;113.559;0.0;3.082;0.0
ghd6;10;1;114;0.0;0.0;0.0;0.0
ghd6;10;1;115;0.0;0.0;0.0;0.0
ghd6;10;1;116;0.0;0.0;0.0;0.0
ghd6;10;1;117;0.0;0.0;0.0;0.0
ghd6;10;1;118;0.0;0.0;0.0;0.0
ghd6;10;1;119;0.0;0.0;0.0;0.0
ghd6;10;1;120;0.0;0.0;0.0;0.0
ghd6;10;1;121;0.0;0.0;0.0;0.0
ghd6;10;1;122;0.0;0.0;0.0;0.0
ghd6;10;1;123;0.0;0.0;0.0;0.0
ghd6;10;1;124;0.0;0.0;0.0;0.0
ghd6;10;1;125;0.0;0.0;0.0;0.0
ghd6;10;1;126;0.0;0.0;0.0;0.0
ghd6;10;1;127;0.0;0.0;0.0;0.0
ghd6;10;1;128;0.0;0.0;0.0;0.0
ghd6;10;1;129;0.0;0.0;12.262;0.0
ghd6;10;1;130;0.0;0.0;12.408;0.0
ghd6;10;1;131;0.0;0.0;10.152;0.0
ghd6;10;1;132;0.0;0.0;10.962;0.0
ghd6;10;1;133;0.0;0.0;9.266;0.0
ghd6;10;1;134;0.0;0.0;9.339;0.0
ghd6;10;1;135;0.0;0.0;9.854;0.0
ghd6;10;1;136;0.0;0.0;8.609;0.0
ghd6;10;1;137;86.504;0.0;27.834;0.0
ghd6;10;1;138;0.0;0.0;0.0;0.0
ghd6;10;1;139;0.0;0.0;0.0;0.0
ghd6;10;1;140;0.0;0.0;0.0;0.0
ghd6;10;1;141;0.0;0.0;0.0;0.0
ghd6;10;1;142;0.0;0.0;0.0;0.0
ghd6;10;1;143;0.0;0.0;0.0;0.0
ghd6;10;1;144;0.0;0.0;0.0;0.0
ghd6;10;1;145;0.0;0.0;0.0;0.0
ghd6;10;1;146;0.0;0.0;0.0;0.0
ghd6;10;1;147;0.0;0.0;0.0;0.0
ghd6;10;1;148;0.0;0.0;0.0;0.0
ghd6;10;1;149;0.0;0.0;0.0;0.0
ghd6;10;1;150;0.0;0.0;0.0;0.0
ghd6;10;1;151;0.0;0.0;0.0;0.0
ghd6;10;1;152;0.0;0.0;0.0;0.0
ghd6;10;1;153;0.0;0.0;11.913;0.0
ghd6;10;1;154;0.0;0.0;12.134;0.0
ghd6;10;1;155;0.0;0.0;10.839;0.0
ghd6;10;1;156;0.0;0.0;11.903;0.0
ghd6;10;1;157;0.0;0.0;9.285;0.0
ghd6;10;1;158;0.0;0.0;9.736;0.0
ghd6;10;1;159;106.3;0.0;89.15;0.0
ghd6;10;1;160;0.0;0.0;0.0;0.0
ghd6;10;1;161;63.431;0.0;32.584;0.0
ghd6;10;1;162;0.0;0.0;0.0;0.0
ghd6;10;1;163;0.0;0.0;0.0;0.0
ghd6;10;1;164;0.0;0.0;0.0;0.0
ghd6;10;1;165;0.0;0.0;0.0;0.0
ghd6;10;1;166;0.0;0.0;0.0;0.0
ghd6;10;1;167;0.0;0.0;0.0;0.0
ghd6;10;2;0;328.42;0.0;0.0;0.0
ghd6;10;2;1;335.54;0.0;0.0;0.0
ghd6;10;2;2;163.132;0.0;0.0;0.0
ghd6;10;2;3;0.0;0.0;0.0;0.0
ghd6;10;2;4;0.0;0.0;0.0;0.0
ghd6;10;2;5;0.0;0.0;0.0;0.0
ghd6;10;2;6;0.0;0.0;0.0;0.0
ghd6;10;2;7;175.828;0.0;0.0;0.0
ghd6;10;2;8;138.92;0.0;6.609;0.0
ghd6;10;2;9;31.092;0.0;82.374;0.0
ghd6;10;2;10;0.0;0.0;86.546;0.0
ghd6;10;2;11;0.0;0.0;70.08;0.0
ghd6;10;2;12;0.0;0.0;50.513;0.0
ghd6;10;2;13;0.0;0.0;109.619;0.0
ghd6;10;2;14;226.206;0.0;48.127;0.0
ghd6;10;2;15;256.692;0.0;16.757;0.0
ghd6;10;2;16;257.522;0.0;15.928;0.0
ghd6;10;2;17;276.101;0.0;0.001;0.0
ghd6;10;2;18;282.292;0.0;0.0;0.0
ghd6;10;2;19;292.915;0.0;0.0;0.0
ghd6;10;2;20;0.0;0.0;0.0;0.0
ghd6;10;2;21;0.0;0.0;0.0;0.0
ghd6;10;2;22;0.0;0.0;0.0;0.0
ghd6;10;2;23;0.0;0.0;0.0;0.0
ghd6;10;2;24;0.0;0.0;0.0;0.0
ghd6;10;2;25;0.0;0.0;0.0;0.0
ghd6;10;2;26;0.0;0.0;0.0;0.0
ghd6;10;2;27;0.0;0.0;0.0;0.0
ghd6;10;2;28;0.0;0.0;0.0;0.0
ghd6;10;2;29;0.0;0.0;0.0;0.0
ghd6;10;2;30;0.0;0.0;0.0;0.0
ghd6;10;2;31;0.0;0.0;0.0;0.0
ghd6;10;2;32;0.0;0.0;0.0;0.0
ghd6;10;2;33;30.885;0.0;68.802;0.0
ghd6;10;2;34;0.0;0.0;66.893;0.0
ghd6;10;2;35;0.0;0.0;46.64;0.0
ghd6;10;2;36;0.0;0.0;35.127;0.0
ghd6;10;2;37;0.0;0.0;26.634;0.0
ghd6;10;2;38;102.213;0.0;157.856;0.0
ghd6;10;2;39;0.0;0.0;0.0;0.0
ghd6;10;2;40;114.064;0.0;16.594;0.0
ghd6;10;2;41;0.0;0.0;0.0;0.0
ghd6;10;2;42;0.0;0.0;0.0;0.0
ghd6;10;2;43;0.0;0.0;0.0;0.0
ghd6;10;2;44;0.0;0.0;0.0;0.0
ghd6;10;2;45;0.0;0.0;0.0;0.0
ghd6;10;2;46;0.0;0.0;0.0;0.0
ghd6;10;2;47;0.0;0.0;0.0;0.0
ghd6;10;2;48;0.0;0.0;0.0;0.0
ghd6;10;2;49;0.0;0.0;0.0;0.0
ghd6;10;2;50;0.0;0.0;0.0;0.0
ghd6;10;2;51;18.012;0.0;0.0;0.0
ghd6;10;2;52;20.654;0.0;0.0;0.0
ghd6;10;2;53;21.95;0.0;0.0;0.0
ghd6;10;2;54;22.347;0.0;0.0;0.0
ghd6;10;2;55;30.749;0.0;0.0;0.0
ghd6;10;2;56;31.482;0.0;0.0;0.0
ghd6;10;2;57;22.287;0.0;0.0;0.0
ghd6;10;2;58;18.934;0.0;0.0;0.0
ghd6;10;2;59;37.414;0.0;0.001;0.0
ghd6;10;2;60;0.0;0.0;0.0;0.0
ghd6;10;2;61;15.565;0.0;0.0;0.0
ghd6;10;2;62;12.059;0.0;0.0;0.0
ghd6;10;2;63;123.149;0.0;0.0;0.0
ghd6;10;2;64;0.0;0.0;0.0;0.0
ghd6;10;2;65;0.0;0.0;0.0;0.0
ghd6;10;2;66;0.0;0.0;0.0;0.0
ghd6;10;2;67;0.0;0.0;0.0;0.0
ghd6;10;2;68;0.0;0.0;0.0;0.0
ghd6;10;2;69;0.0;0.0;0.0;0.0
ghd6;10;2;70;0.0;0.0;0.0;0.0
ghd6;10;2;71;0.0;0.0;0.0;0.0
ghd6;10;2;72;291.144;0.0;0.0;0.0
ghd6;10;2;73;0.0;0.0;0.0;0.0
ghd6;10;2;74;0.0;0.0;0.0;0.0
ghd6;10;2;75;0.0;0.0;0.0;0.0
ghd6;10;2;76;0.0;0.0;0.0;0.0
ghd6;10;2;77;0.0;0.0;0.0;0.0
ghd6;10;2;78;0.0;0.0;0.0;0.0
ghd6;10;2;79;0.0;0.0;0.0;0.0
ghd6;10;2;80;93.973;0.0;0.0;0.0
ghd6;10;2;81;0.0;0.0;0.0;0.0
ghd6;10;2;82;45.899;0.0;0.0;0.0
ghd6;10;2;83;16.022;0.0;24.174;0.0
ghd6;10;2;84;0.0;0.0;31.529;0.0
ghd6;10;2;85;0.0;0.0;28.841;0.0
ghd6;10;2;86;280.523;0.0;0.0;0.0
ghd6;10;2;87;280.523;0.0;0.0;0.0
ghd6;10;2;88;291.144;0.0;0.0;0.0
ghd6;10;2;89;283.177;0.0;0.001;0.0
ghd6;10;2;90;298.231;0.0;0.0;0.0
ghd6;10;2;91;0.0;0.0;0.0;0.0
ghd6;10;2;92;303.551;0.0;0.0;0.0
ghd6;10;2;93;15.11;0.0;0.0;0.0
ghd6;10;2;94;308.873;0.0;0.0;0.0
ghd6;10;2;95;314.2;0.0;0.0;0.0
ghd6;10;2;96;0.0;0.0;0.0;0.0
ghd6;10;2;97;0.0;0.0;0.0;0.0
ghd6;10;2;98;0.0;0.0;0.0;0.0
ghd6;10;2;99;0.0;0.0;0.0;0.0
ghd6;10;2;100;0.0;0.0;0.0;0.0
ghd6;10;2;101;0.0;0.0;0.0;0.0
ghd6;10;2;102;0.0;0.0;0.0;0.0
ghd6;10;2;103;0.0;0.0;0.0;0.0
ghd6;10;2;104;206.865;0.0;1.728;0.0
ghd6;10;2;105;110.336;0.0;62.349;0.0
ghd6;10;2;106;68.749;0.0;52.594;0.0
ghd6;10;2;107;85.359;0.0;17.557;0.0
ghd6;10;2;108;27.845;0.0;55.336;0.0
ghd6;10;2;109;26.652;0.0;43.568;0.0
ghd6;10;2;110;29.602;0.0;34.161;0.0
ghd6;10;2;111;62.543;0.0;0.0;0.0
ghd6;10;2;112;60.564;0.0;0.0;0.0
ghd6;10;2;113;195.826;0.0;0.0;0.0
ghd6;10;2;114;0.0;0.0;0.0;0.0
ghd6;10;2;115;0.0;0.0;0.0;0.0
ghd6;10;2;116;153.311;0.0;0.0;0.0
ghd6;10;2;117;0.0;0.0;0.0;0.0
ghd6;10;2;118;172.261;0.0;0.0;0.0
ghd6;10;2;119;0.0;0.0;0.0;0.0
ghd6;10;2;120;94.04;0.0;0.0;0.0
ghd6;10;2;121;94.767;0.0;0.0;0.0
ghd6;10;2;122;98.28;0.0;0.0;0.0
ghd6;10;2;123;101.331;0.0;0.0;0.0
ghd6;10;2;124;105.132;0.0;0.0;0.0
ghd6;10;2;125;107.808;0.0;0.0;0.0
ghd6;10;2;126;115.381;0.0;0.0;0.0
ghd6;10;2;127;88.033;0.0;0.0;0.0
ghd6;10;2;128;75.14;0.0;0.0;0.0
ghd6;10;2;129;70.859;0.0;0.0;0.0
ghd6;10;2;130;64.621;0.0;0.001;0.0
ghd6;10;2;131;50.959;0.0;0.001;0.0
ghd6;10;2;132;16.791;0.0;21.961;0.0
ghd6;10;2;133;0.0;0.0;27.494;0.0
ghd6;10;2;134;19.912;0.0;0.0;0.0
ghd6;10;2;135;20.1;0.0;0.0;0.0
ghd6;10;2;136;17.979;0.0;0.0;0.0
ghd6;10;2;137;257.661;0.0;0.0;0.0
ghd6;10;2;138;261.274;0.0;0.0;0.0
ghd6;10;2;139;264.29;0.0;0.0;0.0
ghd6;10;2;140;0.0;0.0;0.0;0.0
ghd6;10;2;141;0.0;0.0;0.0;0.0
ghd6;10;2;142;125.954;0.0;0.0;0.0
ghd6;10;2;143;0.0;0.0;0.0;0.0
ghd6;10;2;144;0.0;0.0;0.0;0.0
ghd6;10;2;145;0.0;0.0;0.0;0.0
ghd6;10;2;146;0.0;0.0;0.0;0.0
ghd6;10;2;147;0.0;0.0;0.0;0.0
ghd6;10;2;148;0.0;0.0;0.0;0.0
ghd6;10;2;149;0.0;0.0;0.0;0.0
ghd6;10;2;150;0.0;0.0;0.0;0.0
ghd6;10;2;151;0.0;0.0;0.0;0.0
ghd6;10;2;152;0.0;0.0;0.0;0.0
ghd6;10;2;153;72.928;0.0;0.0;0.0
ghd6;10;2;154;68.654;0.0;0.0;0.0
ghd6;10;2;155;60.366;0.0;0.0;0.0
ghd6;10;2;156;46.873;0.0;0.0;0.0
ghd6;10;2;157;37.384;0.0;0.0;0.0
ghd6;10;2;158;31.735;0.0;0.0;0.0
ghd6;10;2;159;31.69;0.0;0.0;0.0
ghd6;10;2;160;270.102;0.0;0.0;0.0
ghd6;10;2;161;0.0;0.0;0.0;0.0
ghd6;10;2;162;0.0;0.0;0.0;0.0
ghd6;10;2;163;0.0;0.0;0.0;0.0
ghd6;10;2;164;0.0;0.0;0.0;0.0
ghd6;10;2;165;0.0;0.0;0.0;0.0
ghd6;10;2;166;125.579;0.0;0.0;0.0
ghd6;10;2;167;286.717;0.0;0.0;0.0
ghd6;10;3;0;0.0;0.0;0.0;0.0
ghd6;10;3;1;305.939;0.0;0.0;0.0
ghd6;10;3;2;352.829;0.0;0.0;0.0
ghd6;10;3;3;358.884;0.0;0.0;0.0
ghd6;10;3;4;387.367;0.0;0.0;0.0
ghd6;10;3;5;360.086;0.0;0.0;0.0
ghd6;10;3;6;393.649;0.0;0.0;0.0
ghd6;10;3;7;344.585;0.0;0.0;0.0
ghd6;10;3;8;321.068;0.0;0.0;0.0
ghd6;10;3;9;303.379;0.0;0.0;0.0
ghd6;10;3;10;295.064;0.0;0.0;0.0
ghd6;10;3;11;275.192;0.0;0.0;0.0
ghd6;10;3;12;256.548;0.0;0.0;0.0
ghd6;10;3;13;197.132;0.0;35.901;0.0
ghd6;10;3;14;317.143;0.0;32.656;0.0
ghd6;10;3;15;348.015;0.0;0.0;0.0
ghd6;10;3;16;352.476;0.0;0.0;0.0
ghd6;10;3;17;360.512;0.0;0.0;0.0
ghd6;10;3;18;363.193;0.0;0.0;0.0
ghd6;10;3;19;0.0;0.0;0.0;0.0
ghd6;10;3;20;0.0;0.0;0.0;0.0
ghd6;10;3;21;65.86;0.0;0.0;0.0
ghd6;10;3;22;381.092;0.0;0.0;0.0
ghd6;10;3;23;384.677;0.0;0.0;0.0
ghd6;10;3;24;388.264;0.0;0.0;0.0
ghd6;10;3;25;190.788;0.0;0.0;0.0
ghd6;10;3;26;365.235;0.0;0.0;0.0
ghd6;10;3;27;373.01;0.0;0.0;0.0
ghd6;10;3;28;379.612;0.0;0.0;0.0
ghd6;10;3;29;391.405;0.0;0.0;0.0
ghd6;10;3;30;395.445;0.0;0.0;0.0
ghd6;10;3;31;358.228;0.0;0.0;0.0
ghd6;10;3;32;331.245;0.0;0.0;0.0
ghd6;10;3;33;305.437;0.0;0.0;0.0
ghd6;10;3;34;292.522;0.0;0.0;0.0
ghd6;10;3;35;279.765;0.0;0.0;0.0
ghd6;10;3;36;271.99;0.0;0.0;0.0
ghd6;10;3;37;260.704;0.0;0.0;0.0
ghd6;10;3;38;251.91;0.0;0.0;0.0
ghd6;10;3;39;272.303;0.0;0.0;0.0
ghd6;10;3;40;268.278;0.0;0.0;0.0
ghd6;10;3;41;276.437;0.0;0.0;0.0
ghd6;10;3;42;299.929;0.0;0.0;0.0
ghd6;10;3;43;297.891;0.0;0.0;0.0
ghd6;10;3;44;306.206;0.0;0.0;0.0
ghd6;10;3;45;320.107;0.0;0.0;0.0
ghd6;10;3;46;312.814;0.0;0.0;0.0
ghd6;10;3;47;304.344;0.0;0.0;0.0
ghd6;10;3;48;80.818;0.0;0.0;0.0
ghd6;10;3;49;79.889;0.0;0.0;0.0
ghd6;10;3;50;77.415;0.0;0.0;0.0
ghd6;10;3;51;76.428;0.0;0.0;0.0
ghd6;10;3;52;80.924;0.0;0.0;0.0
ghd6;10;3;53;80.72;0.0;0.0;0.0
ghd6;10;3;54;84.885;0.0;0.0;0.0
ghd6;10;3;55;102.264;0.0;0.0;0.0
ghd6;10;3;56;107.262;0.0;0.0;0.0
ghd6;10;3;57;97.618;0.0;0.0;0.0
ghd6;10;3;58;97.375;0.0;0.0;0.0
ghd6;10;3;59;99.005;0.0;0.0;0.0
ghd6;10;3;60;97.44;0.0;0.0;0.0
ghd6;10;3;61;89.607;0.0;0.0;0.0
ghd6;10;3;62;82.661;0.0;0.0;0.0
ghd6;10;3;63;90.564;0.0;0.0;0.0
ghd6;10;3;64;91.188;0.0;0.0;0.0
ghd6;10;3;65;314.755;0.0;0.0;0.0
ghd6;10;3;66;340.884;0.0;0.0;0.0
ghd6;10;3;67;0.0;0.0;0.0;0.0
ghd6;10;3;68;0.0;0.0;0.0;0.0
ghd6;10;3;69;0.0;0.0;0.0;0.0
ghd6;10;3;70;0.0;0.0;0.0;0.0
ghd6;10;3;71;127.794;0.0;0.0;0.0
ghd6;10;3;72;134.786;0.0;0.0;0.0
ghd6;10;3;73;136.161;0.0;0.0;0.0
ghd6;10;3;74;142.189;0.0;0.0;0.0
ghd6;10;3;75;149.462;0.0;0.0;0.0
ghd6;10;3;76;150.457;0.0;0.0;0.0
ghd6;10;3;77;152.873;0.0;0.0;0.0
ghd6;10;3;78;329.978;0.0;0.0;0.0
ghd6;10;3;79;0.0;0.0;0.0;0.0
ghd6;10;3;80;179.385;0.0;0.0;0.0
ghd6;10;3;81;247.779;0.0;0.0;0.0
ghd6;10;3;82;359.619;0.0;0.0;0.0
ghd6;10;3;83;359.619;0.0;0.0;0.0
ghd6;10;3;84;356.047;0.0;0.0;0.0
ghd6;10;3;85;352.476;0.0;0.0;0.0
ghd6;10;3;86;357.833;0.0;0.0;0.0
ghd6;10;3;87;358.726;0.0;0.0;0.0
ghd6;10;3;88;363.193;0.0;0.0;0.0
ghd6;10;3;89;364.087;0.0;0.0;0.0
ghd6;10;3;90;368.558;0.0;0.0;0.0
ghd6;10;3;91;375.717;0.0;0.0;0.0
ghd6;10;3;92;380.195;0.0;0.0;0.0
ghd6;10;3;93;381.988;0.0;0.0;0.0
ghd6;10;3;94;385.574;0.0;0.0;0.0
ghd6;10;3;95;386.47;0.0;0.0;0.0
ghd6;10;3;96;388.264;0.0;0.0;0.0
ghd6;10;3;97;391.853;0.0;0.0;0.0
ghd6;10;3;98;392.751;0.0;0.0;0.0
ghd6;10;3;99;395.445;0.0;0.0;0.0
ghd6;10;3;100;391.853;0.0;0.0;0.0
ghd6;10;3;101;386.47;0.0;0.0;0.0
ghd6;10;3;102;382.884;0.0;0.0;0.0
ghd6;10;3;103;381.092;0.0;0.0;0.0
ghd6;10;3;104;374.822;0.0;0.0;0.0
ghd6;10;3;105;372.137;0.0;0.0;0.0
ghd6;10;3;106;381.092;0.0;0.0;0.0
ghd6;10;3;107;382.884;0.0;0.0;0.0
ghd6;10;3;108;386.47;0.0;0.0;0.0
ghd6;10;3;109;382.884;0.0;0.0;0.0
ghd6;10;3;110;381.092;0.0;0.0;0.0
ghd6;10;3;111;378.404;0.0;0.0;0.0
ghd6;10;3;112;376.613;0.0;0.0;0.0
ghd6;10;3;113;375.717;0.0;0.0;0.0
ghd6;10;3;114;375.717;0.0;0.0;0.0
ghd6;10;3;115;374.822;0.0;0.0;0.0
ghd6;10;3;116;372.137;0.0;0.0;0.0
ghd6;10;3;117;372.137;0.0;0.0;0.0
ghd6;10;3;118;371.242;0.0;0.0;0.0
ghd6;10;3;119;373.031;0.0;0.0;0.0
ghd6;10;3;120;373.031;0.0;0.0;0.0
ghd6;10;3;121;374.822;0.0;0.0;0.0
ghd6;10;3;122;380.195;0.0;0.0;0.0
ghd6;10;3;123;386.47;0.0;0.0;0.0
ghd6;10;3;124;393.649;0.0;0.0;0.0
ghd6;10;3;125;399.038;0.0;0.0;0.0
ghd6;10;3;126;398.139;0.0;0.0;0.0
ghd6;10;3;127;399.038;0.0;0.0;0.0
ghd6;10;3;128;375.212;0.0;0.0;0.0
ghd6;10;3;129;362.094;0.0;0.0;0.0
ghd6;10;3;130;328.9;0.0;0.0;0.0
ghd6;10;3;131;316.822;0.0;0.0;0.0
ghd6;10;3;132;302.564;0.0;0.0;0.0
ghd6;10;3;133;286.685;0.0;0.0;0.0
ghd6;10;3;134;271.714;0.0;0.0;0.0
ghd6;10;3;135;287.689;0.0;0.0;0.0
ghd6;10;3;136;375.717;0.0;0.0;0.0
ghd6;10;3;137;195.528;0.0;0.0;0.0
ghd6;10;3;138;318.813;0.0;0.0;0.0
ghd6;10;3;139;385.574;0.0;0.0;0.0
ghd6;10;3;140;321.371;0.0;0.0;0.0
ghd6;10;3;141;392.751;0.0;0.0;0.0
ghd6;10;3;142;395.445;0.0;0.0;0.0
ghd6;10;3;143;397.241;0.0;0.0;0.0
ghd6;10;3;144;391.853;0.0;0.0;0.0
ghd6;10;3;145;396.343;0.0;0.0;0.0
ghd6;10;3;146;394.547;0.0;0.0;0.0
ghd6;10;3;147;399.038;0.0;0.0;0.0
ghd6;10;3;148;397.241;0.0;0.0;0.0
ghd6;10;3;149;398.139;0.0;0.0;0.0
ghd6;10;3;150;395.445;0.0;0.0;0.0
ghd6;10;3;151;362.904;0.0;0.0;0.0
ghd6;10;3;152;336.303;0.0;0.0;0.0
ghd6;10;3;153;291.411;0.0;0.0;0.0
ghd6;10;3;154;276.775;0.0;0.0;0.0
ghd6;10;3;155;244.577;0.0;0.0;0.0
ghd6;10;3;156;229.303;0.0;0.0;0.0
ghd6;10;3;157;352.476;0.0;0.0;0.0
ghd6;10;3;158;78.632;0.0;0.0;0.0
ghd6;10;3;159;221.247;0.0;0.0;0.0
ghd6;10;3;160;217.58;0.0;0.0;0.0
ghd6;10;3;161;212.999;0.0;0.0;0.0
ghd6;10;3;162;233.568;0.0;0.0;0.0
ghd6;10;3;163;231.861;0.0;0.0;0.0
ghd6;10;3;164;320.471;0.0;0.0;0.0
ghd6;10;3;165;349.799;0.0;0.0;0.0
ghd6;10;3;166;350.692;0.0;0.0;0.0
ghd6;10;3;167;354.261;0.0;0.0;0.0
ghd6;15;0;0;0.0;0.0;0.0;0.0
ghd6;15;0;1;238.531;0.0;0.0;0.0
ghd6;15;0;2;0.0;0.0;0.0;0.0
ghd6;15;0;3;202.164;0.0;0.0;0.0
ghd6;15;0;4;208.168;0.0;0.0;0.0
ghd6;15;0;5;213.309;0.0;0.0;0.0
ghd6;15;0;6;227.712;0.0;0.0;0.0
ghd6;15;0;7;191.639;0.0;0.0;0.0
ghd6;15;0;8;173.867;0.0;0.0;0.0
ghd6;15;0;9;175.187;0.0;0.0;0.0
ghd6;15;0;10;150.656;0.0;0.0;0.0
ghd6;15;0;11;139.14;0.0;0.0;0.0
ghd6;15;0;12;120.091;0.0;0.0;0.0
ghd6;15;0;13;214.619;0.0;0.0;0.0
ghd6;15;0;14;0.0;0.0;0.0;0.0
ghd6;15;0;15;111.71;0.0;0.0;0.0
ghd6;15;0;16;104.677;0.0;0.0;0.0
ghd6;15;0;17;98.79;0.0;0.0;0.0
ghd6;15;0;18;321.307;0.0;0.0;0.0
ghd6;15;0;19;0.0;0.0;0.0;0.0
ghd6;15;0;20;55.146;0.0;0.0;0.0
ghd6;15;0;21;326.641;0.0;0.0;0.0
ghd6;15;0;22;331.979;0.0;0.0;0.0
ghd6;15;0;23;336.43;0.0;0.0;0.0
ghd6;15;0;24;0.0;0.0;0.0;0.0
ghd6;15;0;25;0.0;0.0;0.0;0.0
ghd6;15;0;26;49.462;0.0;0.0;0.0
ghd6;15;0;27;350.692;0.0;0.0;0.0
ghd6;15;0;28;351.584;0.0;0.0;0.0
ghd6;15;0;29;357.833;0.0;0.0;0.0
ghd6;15;0;30;0.0;0.0;0.0;0.0
ghd6;15;0;31;68.537;0.0;0.0;0.0
ghd6;15;0;32;200.129;0.0;0.0;0.0
ghd6;15;0;33;197.729;0.0;0.0;0.0
ghd6;15;0;34;171.898;0.0;0.0;0.0
ghd6;15;0;35;147.423;0.0;1.676;0.0
ghd6;15;0;36;148.21;0.0;0.0;0.0
ghd6;15;0;37;74.681;0.0;47.519;0.0
ghd6;15;0;38;42.956;0.0;68.216;0.0
ghd6;15;0;39;75.009;0.0;35.417;0.0
ghd6;15;0;40;162.117;0.0;0.0;0.0
ghd6;15;0;41;320.418;0.0;0.0;0.0
ghd6;15;0;42;320.418;0.0;0.0;0.0
ghd6;15;0;43;325.752;0.0;0.0;0.0
ghd6;15;0;44;330.199;0.0;0.0;0.0
ghd6;15;0;45;0.0;0.0;0.0;0.0
ghd6;15;0;46;0.0;0.0;0.0;0.0
ghd6;15;0;47;0.0;0.0;0.0;0.0
ghd6;15;0;48;0.0;0.0;0.0;0.0
ghd6;15;0;49;0.0;0.0;0.0;0.0
ghd6;15;0;50;0.0;0.0;0.0;0.0
ghd6;15;0;51;0.0;0.0;0.0;0.0
ghd6;15;0;52;0.0;0.0;0.0;0.0
ghd6;15;0;53;0.0;0.0;0.0;0.0
ghd6;15;0;54;78.006;0.0;0.0;0.0
ghd6;15;0;55;97.866;0.0;0.0;0.0
ghd6;15;0;56;95.498;0.0;0.0;0.0
ghd6;15;0;57;87.754;0.0;0.0;0.0
ghd6;15;0;58;80.272;0.0;0.001;0.0
ghd6;15;0;59;73.032;0.0;0.0;0.0
ghd6;15;0;60;201.553;0.0;0.0;0.0
ghd6;15;0;61;0.0;0.0;0.0;0.0
ghd6;15;0;62;0.0;0.0;0.0;0.0
ghd6;15;0;63;70.506;0.0;0.0;0.0
ghd6;15;0;64;52.605;0.0;2.146;0.0
ghd6;15;0;65;46.163;0.0;0.0;0.0
ghd6;15;0;66;53.712;0.0;0.0;0.0
ghd6;15;0;67;62.123;0.0;0.0;0.0
ghd6;15;0;68;294.687;0.0;0.0;0.0
ghd6;15;0;69;294.687;0.0;0.0;0.0
ghd6;15;0;70;299.117;0.0;0.0;0.0
ghd6;15;0;71;314.2;0.0;0.0;0.0
ghd6;15;0;72;0.0;0.0;0.0;0.0
ghd6;15;0;73;0.0;0.0;0.0;0.0
ghd6;15;0;74;0.0;0.0;0.0;0.0
ghd6;15;0;75;0.0;0.0;0.0;0.0
ghd6;15;0;76;0.0;0.0;0.0;0.0
ghd6;15;0;77;0.0;0.0;0.0;0.0
ghd6;15;0;78;0.0;0.0;0.0;0.0
ghd6;15;0;79;0.0;0.0;0.0;0.0
ghd6;15;0;80;0.0;0.0;0.0;0.0
ghd6;15;0;81;0.0;0.0;0.0;0.0
ghd6;15;0;82;135.124;0.0;0.0;0.0
ghd6;15;0;83;126.325;0.0;0.0;0.0
ghd6;15;0;84;126.593;0.0;0.0;0.0
ghd6;15;0;85;123.664;0.0;0.0;0.0
ghd6;15;0;86;121.995;0.0;0.0;0.0
ghd6;15;0;87;122.336;0.0;0.0;0.0
ghd6;15;0;88;350.692;0.0;0.0;0.0
ghd6;15;0;89;351.259;0.0;0.0;0.0
ghd6;15;0;90;0.0;0.0;0.0;0.0
ghd6;15;0;91;0.0;0.0;0.0;0.0
ghd6;15;0;92;364.981;0.0;0.0;0.0
ghd6;15;0;93;369.452;0.0;0.0;0.0
ghd6;15;0;94;370.347;0.0;0.0;0.0
ghd6;15;0;95;370.347;0.0;0.0;0.0
ghd6;15;0;96;373.031;0.0;0.0;0.0
ghd6;15;0;97;376.613;0.0;0.0;0.0
ghd6;15;0;98;378.404;0.0;0.0;0.0
ghd6;15;0;99;381.092;0.0;0.0;0.0
ghd6;15;0;100;381.092;0.0;0.0;0.0
ghd6;15;0;101;381.092;0.0;0.0;0.0
ghd6;15;0;102;379.3;0.0;0.0;0.0
ghd6;15;0;103;380.195;0.0;0.0;0.0
ghd6;15;0;104;377.508;0.0;0.0;0.0
ghd6;15;0;105;373.927;0.0;0.0;0.0
ghd6;15;0;106;365.789;0.0;0.0;0.0
ghd6;15;0;107;341.757;0.0;0.0;0.0
ghd6;15;0;108;319.333;0.0;0.0;0.0
ghd6;15;0;109;290.708;0.0;0.0;0.0
ghd6;15;0;110;352.476;0.0;0.0;0.0
ghd6;15;0;111;348.907;0.0;0.0;0.0
ghd6;15;0;112;349.799;0.0;0.0;0.0
ghd6;15;0;113;360.512;0.0;0.0;0.0
ghd6;15;0;114;364.087;0.0;0.0;0.0
ghd6;15;0;115;161.57;0.0;0.0;0.0
ghd6;15;0;116;0.0;0.0;0.0;0.0
ghd6;15;0;117;335.937;0.0;0.0;0.0
ghd6;15;0;118;335.147;0.0;0.0;0.0
ghd6;15;0;119;338.314;0.0;0.0;0.0
ghd6;15;0;120;350.37;0.0;0.0;0.0
ghd6;15;0;121;348.209;0.0;0.0;0.0
ghd6;15;0;122;348.719;0.0;0.0;0.0
ghd6;15;0;123;355.968;0.0;0.0;0.0
ghd6;15;0;124;356.466;0.0;0.0;0.0
ghd6;15;0;125;357.209;0.0;0.0;0.0
ghd6;15;0;126;365.398;0.0;0.0;0.0
ghd6;15;0;127;323.002;0.0;0.0;0.0
ghd6;15;0;128;296.869;0.0;0.0;0.0
ghd6;15;0;129;295.751;0.0;0.0;0.0
ghd6;15;0;130;268.008;0.0;0.0;0.0
ghd6;15;0;131;258.543;0.0;0.0;0.0
ghd6;15;0;132;258.469;0.0;0.0;0.0
ghd6;15;0;133;232.076;0.0;0.0;0.0
ghd6;15;0;134;218.644;0.0;0.0;0.0
ghd6;15;0;135;357.833;0.0;0.0;0.0
ghd6;15;0;136;359.619;0.0;0.0;0.0
ghd6;15;0;137;361.406;0.0;0.0;0.0
ghd6;15;0;138;369.452;0.0;0.0;0.0
ghd6;15;0;139;373.927;0.0;0.0;0.0
ghd6;15;0;140;378.404;0.0;0.0;0.0
ghd6;15;0;141;104.78;0.0;0.0;0.0
ghd6;15;0;142;0.0;0.0;0.0;0.0
ghd6;15;0;143;0.0;0.0;0.0;0.0
ghd6;15;0;144;391.853;0.0;0.0;0.0
ghd6;15;0;145;292.986;0.0;0.0;0.0
ghd6;15;0;146;398.139;0.0;0.0;0.0
ghd6;15;0;147;405.331;0.0;0.0;0.0
ghd6;15;0;148;408.03;0.0;0.0;0.0
ghd6;15;0;149;410.73;0.0;0.0;0.0
ghd6;15;0;150;322.658;0.0;0.0;0.0
ghd6;15;0;151;385.912;0.0;0.0;0.0
ghd6;15;0;152;366.618;0.0;0.0;0.0
ghd6;15;0;153;342.028;0.0;1.831;0.0
ghd6;15;0;154;268.416;0.0;32.613;0.0
ghd6;15;0;155;281.144;0.0;0.0;0.0
ghd6;15;0;156;233.888;0.0;30.442;0.0
ghd6;15;0;157;375.717;0.0;0.0;0.0
ghd6;15;0;158;381.092;0.0;0.0;0.0
ghd6;15;0;159;380.195;0.0;0.0;0.0
ghd6;15;0;160;390.956;0.0;0.0;0.0
ghd6;15;0;161;393.649;0.0;0.0;0.0
ghd6;15;0;162;393.649;0.0;0.0;0.0
ghd6;15;0;163;402.633;0.0;0.0;0.0
ghd6;15;0;164;407.13;0.0;0.0;0.0
ghd6;15;0;165;225.229;0.0;0.0;0.0
ghd6;15;0;166;0.0;0.0;0.0;0.0
ghd6;15;0;167;410.73;0.0;0.0;0.0
ghd6;15;1;0;0.0;0.0;0.0;0.0
ghd6;15;1;1;0.0;0.0;0.0;0.0
ghd6;15;1;2;0.0;0.0;0.0;0.0
ghd6;15;1;3;0.0;0.0;0.0;0.0
ghd6;15;1;4;0.0;0.0;0.0;0.0
ghd6;15;1;5;0.0;0.0;0.0;0.0
ghd6;15;1;6;0.0;0.0;0.0;0.0
ghd6;15;1;7;0.0;0.0;0.0;0.0
ghd6;15;1;8;0.0;0.0;0.0;0.0
ghd6;15;1;9;0.0;0.0;0.0;0.0
ghd6;15;1;10;0.0;0.0;0.0;0.0
ghd6;15;1;11;0.0;0.0;0.0;0.0
ghd6;15;1;12;0.0;0.0;0.0;0.0
ghd6;15;1;13;0.0;0.0;0.0;0.0
ghd6;15;1;14;0.0;0.0;0.0;0.0
ghd6;15;1;15;0.0;0.0;0.0;0.0
ghd6;15;1;16;0.0;0.0;0.0;0.0
ghd6;15;1;17;0.0;0.0;0.0;0.0
ghd6;15;1;18;0.0;0.0;0.0;0.0
ghd6;15;1;19;0.0;0.0;0.0;0.0
ghd6;15;1;20;0.0;0.0;0.0;0.0
ghd6;15;1;21;0.0;0.0;0.0;0.0
ghd6;15;1;22;0.0;0.0;0.0;0.0
ghd6;15;1;23;0.0;0.0;0.0;0.0
ghd6;15;1;24;0.0;0.0;0.0;0.0
ghd6;15;1;25;4.837;0.0;0.0;0.0
ghd6;15;1;26;4.73;0.0;0.0;0.0
ghd6;15;1;27;4.536;0.0;0.0;0.0
ghd6;15;1;28;5.817;0.0;0.0;0.0
ghd6;15;1;29;14.655;0.0;0.0;0.0
ghd6;15;1;30;0.0;0.0;0.0;0.0
ghd6;15;1;31;9.752;0.0;0.0;0.0
ghd6;15;1;32;0.0;0.0;7.893;0.0
ghd6;15;1;33;0.0;0.0;9.056;0.0
ghd6;15;1;34;0.0;0.0;10.877;0.0
ghd6;15;1;35;0.0;0.0;9.608;0.0
ghd6;15;1;36;0.0;0.0;9.311;0.0
ghd6;15;1;37;0.0;0.0;7.355;0.0
ghd6;15;1;38;0.0;0.0;8.253;0.0
ghd6;15;1;39;0.0;0.0;17.131;0.0
ghd6;15;1;40;0.0;0.0;0.0;0.0
ghd6;15;1;41;80.516;0.0;30.104;0.0
ghd6;15;1;42;0.0;0.0;0.0;0.0
ghd6;15;1;43;0.0;0.0;0.0;0.0
ghd6;15;1;44;0.0;0.0;0.0;0.0
ghd6;15;1;45;0.0;0.0;0.0;0.0
ghd6;15;1;46;0.0;0.0;0.0;0.0
ghd6;15;1;47;0.0;0.0;0.0;0.0
ghd6;15;1;48;0.0;0.0;0.0;0.0
ghd6;15;1;49;0.0;0.0;0.0;0.0
ghd6;15;1;50;0.0;0.0;0.0;0.0
ghd6;15;1;51;0.0;0.0;0.0;0.0
ghd6;15;1;52;0.0;0.0;0.0;0.0
ghd6;15;1;53;0.0;0.0;0.0;0.0
ghd6;15;1;54;0.0;0.0;0.0;0.0
ghd6;15;1;55;0.0;0.0;0.0;0.0
ghd6;15;1;56;0.0;0.0;0.0;0.0
ghd6;15;1;57;0.0;0.0;0.0;0.0
ghd6;15;1;58;0.0;0.0;7.286;0.0
ghd6;15;1;59;0.0;0.0;7.577;0.0
ghd6;15;1;60;0.0;0.0;6.907;0.0
ghd6;15;1;61;0.0;0.0;7.056;0.0
ghd6;15;1;62;0.0;0.0;6.483;0.0
ghd6;15;1;63;119.111;0.0;1.919;0.0
ghd6;15;1;64;0.0;0.0;0.0;0.0
ghd6;15;1;65;0.0;0.0;0.0;0.0
ghd6;15;1;66;0.0;0.0;0.0;0.0
ghd6;15;1;67;0.0;0.0;0.0;0.0
ghd6;15;1;68;0.0;0.0;0.0;0.0
ghd6;15;1;69;0.0;0.0;0.0;0.0
ghd6;15;1;70;0.0;0.0;0.0;0.0
ghd6;15;1;71;0.0;0.0;0.0;0.0
ghd6;15;1;72;0.0;0.0;0.0;0.0
ghd6;15;1;73;0.0;0.0;0.0;0.0
ghd6;15;1;74;0.0;0.0;0.0;0.0
ghd6;15;1;75;0.0;0.0;0.0;0.0
ghd6;15;1;76;0.0;0.0;0.0;0.0
ghd6;15;1;77;0.0;0.0;0.0;0.0
ghd6;15;1;78;0.0;0.0;0.0;0.0
ghd6;15;1;79;0.0;0.0;0.0;0.0
ghd6;15;1;80;0.0;0.0;0.0;0.0
ghd6;15;1;81;0.0;0.0;8.216;0.0
ghd6;15;1;82;0.0;0.0;6.54;0.0
ghd6;15;1;83;0.0;0.0;8.272;0.0
ghd6;15;1;84;0.0;0.0;7.801;0.0
ghd6;15;1;85;0.0;0.0;6.776;0.0
ghd6;15;1;86;0.0;0.0;6.63;0.0
ghd6;15;1;87;0.0;0.0;122.456;0.0
ghd6;15;1;88;0.0;0.0;0.0;0.0
ghd6;15;1;89;0.0;0.0;0.0;0.0
ghd6;15;1;90;0.0;0.0;0.0;0.0
ghd6;15;1;91;0.0;0.0;0.0;0.0
ghd6;15;1;92;0.0;0.0;0.0;0.0
ghd6;15;1;93;0.0;0.0;0.0;0.0
ghd6;15;1;94;0.0;0.0;0.0;0.0
ghd6;15;1;95;0.0;0.0;0.0;0.0
ghd6;15;1;96;0.0;0.0;0.0;0.0
ghd6;15;1;97;0.0;0.0;0.0;0.0
ghd6;15;1;98;0.0;0.0;0.0;0.0
ghd6;15;1;99;0.0;0.0;0.0;0.0
ghd6;15;1;100;0.0;0.0;0.0;0.0
ghd6;15;1;101;0.0;0.0;0.0;0.0
ghd6;15;1;102;0.0;0.0;0.0;0.0
ghd6;15;1;103;0.0;0.0;0.0;0.0
ghd6;15;1;104;0.0;0.0;0.0;0.0
ghd6;15;1;105;0.0;0.0;9.94;0.0
ghd6;15;1;106;0.0;0.0;13.225;0.0
ghd6;15;1;107;0.0;0.0;10.251;0.0
ghd6;15;1;108;0.0;0.0;10.162;0.0
ghd6;15;1;109;0.0;0.0;9.148;0.0
ghd6;15;1;110;0.0;0.0;8.101;0.0
ghd6;15;1;111;0.0;0.0;9.599;0.0
ghd6;15;1;112;0.0;0.0;8.674;0.0
ghd6;15;1;113;101.967;0.0;5.162;0.0
ghd6;15;1;114;0.0;0.0;0.0;0.0
ghd6;15;1;115;0.0;0.0;0.0;0.0
ghd6;15;1;116;0.0;0.0;0.0;0.0
ghd6;15;1;117;0.0;0.0;0.0;0.0
ghd6;15;1;118;0.0;0.0;0.0;0.0
ghd6;15;1;119;0.0;0.0;0.0;0.0
ghd6;15;1;120;0.0;0.0;0.0;0.0
ghd6;15;1;121;0.0;0.0;0.0;0.0
ghd6;15;1;122;0.0;0.0;0.0;0.0
ghd6;15;1;123;0.0;0.0;0.0;0.0
ghd6;15;1;124;0.0;0.0;0.0;0.0
ghd6;15;1;125;0.0;0.0;0.0;0.0
ghd6;15;1;126;0.0;0.0;0.0;0.0
ghd6;15;1;127;0.0;0.0;0.0;0.0
ghd6;15;1;128;0.0;0.0;0.0;0.0
ghd6;15;1;129;0.0;0.0;11.262;0.0
ghd6;15;1;130;0.0;0.0;11.396;0.0
ghd6;15;1;131;0.0;0.0;9.324;0.0
ghd6;15;1;132;0.0;0.0;10.068;0.0
ghd6;15;1;133;0.0;0.0;8.51;0.0
ghd6;15;1;134;0.0;0.0;8.578;0.0
ghd6;15;1;135;0.0;0.0;9.05;0.0
ghd6;15;1;136;0.0;0.0;7.907;0.0
ghd6;15;1;137;75.281;0.0;29.732;0.0
ghd6;15;1;138;0.0;0.0;0.0;0.0
ghd6;15;1;139;0.0;0.0;0.0;0.0
ghd6;15;1;140;0.0;0.0;0.0;0.0
ghd6;15;1;141;0.0;0.0;0.0;0.0
ghd6;15;1;142;0.0;0.0;0.0;0.0
ghd6;15;1;143;0.0;0.0;0.0;0.0
ghd6;15;1;144;0.0;0.0;0.0;0.0
ghd6;15;1;145;0.0;0.0;0.0;0.0
ghd6;15;1;146;0.0;0.0;0.0;0.0
ghd6;15;1;147;0.0;0.0;0.0;0.0
ghd6;15;1;148;0.0;0.0;0.0;0.0
ghd6;15;1;149;0.0;0.0;0.0;0.0
ghd6;15;1;150;0.0;0.0;0.0;0.0
ghd6;15;1;151;0.0;0.0;0.0;0.0
ghd6;15;1;152;0.0;0.0;0.0;0.0
ghd6;15;1;153;0.0;0.0;10.941;0.0
ghd6;15;1;154;0.0;0.0;11.144;0.0
ghd6;15;1;155;0.0;0.0;9.955;0.0
ghd6;15;1;156;0.0;0.0;10.932;0.0
ghd6;15;1;157;0.0;0.0;8.528;0.0
ghd6;15;1;158;0.0;0.0;8.942;0.0
ghd6;15;1;159;106.3;0.0;89.15;0.0
ghd6;15;1;160;0.0;0.0;0.0;0.0
ghd6;15;1;161;39.241;0.0;38.036;0.0
ghd6;15;1;162;0.0;0.0;0.0;0.0
ghd6;15;1;163;0.0;0.0;0.0;0.0
ghd6;15;1;164;0.0;0.0;0.0;0.0
ghd6;15;1;165;0.0;0.0;0.0;0.0
ghd6;15;1;166;0.0;0.0;0.0;0.0
ghd6;15;1;167;0.0;0.0;0.0;0.0
ghd6;15;2;0;328.42;0.0;0.0;0.0
ghd6;15;2;1;335.54;0.0;0.0;0.0
ghd6;15;2;2;87.189;0.0;0.0;0.0
ghd6;15;2;3;0.0;0.0;0.0;0.0
ghd6;15;2;4;0.0;0.0;0.0;0.0
ghd6;15;2;5;0.0;0.0;0.0;0.0
ghd6;15;2;6;0.0;0.0;0.0;0.0
ghd6;15;2;7;161.488;0.0;0.0;0.0
ghd6;15;2;8;123.357;0.0;10.303;0.0
ghd6;15;2;9;18.789;0.0;85.423;0.0
ghd6;15;2;10;0.0;0.0;79.487;0.0
ghd6;15;2;11;0.0;0.0;64.365;0.0
ghd6;15;2;12;0.0;0.0;46.394;0.0
ghd6;15;2;13;0.0;0.0;38.155;0.0
ghd6;15;2;14;226.206;0.0;48.127;0.0
ghd6;15;2;15;256.692;0.0;16.757;0.0
ghd6;15;2;16;257.522;0.0;15.928;0.0
ghd6;15;2;17;276.101;0.0;0.001;0.0
ghd6;15;2;18;282.292;0.0;0.0;0.0
ghd6;15;2;19;215.369;0.0;0.0;0.0
ghd6;15;2;20;0.0;0.0;0.0;0.0
ghd6;15;2;21;0.0;0.0;0.0;0.0
ghd6;15;2;22;0.0;0.0;0.0;0.0
ghd6;15;2;23;0.0;0.0;0.0;0.0
ghd6;15;2;24;0.0;0.0;0.0;0.0
ghd6;15;2;25;0.0;0.0;0.0;0.0
ghd6;15;2;26;0.0;0.0;0.0;0.0
ghd6;15;2;27;0.0;0.0;0.0;0.0
ghd6;15;2;28;0.0;0.0;0.0;0.0
ghd6;15;2;29;0.0;0.0;0.0;0.0
ghd6;15;2;30;0.0;0.0;0.0;0.0
ghd6;15;2;31;0.0;0.0;0.0;0.0
ghd6;15;2;32;0.0;0.0;0.0;0.0
ghd6;15;2;33;20.156;0.0;71.401;0.0
ghd6;15;2;34;0.0;0.0;61.437;0.0
ghd6;15;2;35;0.0;0.0;42.836;0.0
ghd6;15;2;36;0.0;0.0;32.262;0.0
ghd6;15;2;37;0.0;0.0;24.461;0.0
ghd6;15;2;38;99.882;0.0;160.187;0.0
ghd6;15;2;39;0.0;0.0;0.0;0.0
ghd6;15;2;40;82.187;0.0;16.594;0.0
ghd6;15;2;41;0.0;0.0;0.0;0.0
ghd6;15;2;42;0.0;0.0;0.0;0.0
ghd6;15;2;43;0.0;0.0;0.0;0.0
ghd6;15;2;44;0.0;0.0;0.0;0.0
ghd6;15;2;45;0.0;0.0;0.0;0.0
ghd6;15;2;46;0.0;0.0;0.0;0.0
ghd6;15;2;47;0.0;0.0;0.0;0.0
ghd6;15;2;48;0.0;0.0;0.0;0.0
ghd6;15;2;49;0.0;0.0;0.0;0.0
ghd6;15;2;50;0.0;0.0;0.0;0.0
ghd6;15;2;51;16.543;0.0;0.0;0.0
ghd6;15;2;52;18.969;0.0;0.0;0.0
ghd6;15;2;53;20.16;0.0;0.0;0.0
ghd6;15;2;54;20.525;0.0;0.0;0.0
ghd6;15;2;55;28.241;0.0;0.0;0.0
ghd6;15;2;56;28.915;0.0;0.0;0.0
ghd6;15;2;57;20.469;0.0;0.0;0.0
ghd6;15;2;58;17.39;0.0;0.0;0.0
ghd6;15;2;59;34.363;0.0;0.001;0.0
ghd6;15;2;60;0.0;0.0;0.0;0.0
ghd6;15;2;61;14.295;0.0;0.0;0.0
ghd6;15;2;62;11.076;0.0;0.0;0.0
ghd6;15;2;63;113.106;0.0;0.0;0.0
ghd6;15;2;64;0.0;0.0;0.0;0.0
ghd6;15;2;65;0.0;0.0;0.0;0.0
ghd6;15;2;66;0.0;0.0;0.0;0.0
ghd6;15;2;67;0.0;0.0;0.0;0.0
ghd6;15;2;68;0.0;0.0;0.0;0.0
ghd6;15;2;69;0.0;0.0;0.0;0.0
ghd6;15;2;70;0.0;0.0;0.0;0.0
ghd6;15;2;71;0.0;0.0;0.0;0.0
ghd6;15;2;72;291.144;0.0;0.0;0.0
ghd6;15;2;73;0.0;0.0;0.0;0.0
ghd6;15;2;74;0.0;0.0;0.0;0.0
ghd6;15;2;75;0.0;0.0;0.0;0.0
ghd6;15;2;76;0.0;0.0;0.0;0.0
ghd6;15;2;77;0.0;0.0;0.0;0.0
ghd6;15;2;78;0.0;0.0;0.0;0.0
ghd6;15;2;79;0.0;0.0;0.0;0.0
ghd6;15;2;80;62.53;0.0;0.0;0.0
ghd6;15;2;81;0.0;0.0;0.0;0.0
ghd6;15;2;82;42.156;0.0;0.0;0.0
ghd6;15;2;83;5.326;0.0;31.591;0.0
ghd6;15;2;84;0.0;0.0;28.958;0.0
ghd6;15;2;85;0.0;0.0;26.489;0.0
ghd6;15;2;86;280.523;0.0;0.0;0.0
ghd6;15;2;87;280.523;0.0;0.0;0.0
ghd6;15;2;88;291.144;0.0;0.0;0.0
ghd6;15;2;89;283.177;0.0;0.001;0.0
ghd6;15;2;90;298.231;0.0;0.0;0.0
ghd6;15;2;91;0.0;0.0;0.0;0.0
ghd6;15;2;92;303.551;0.0;0.0;0.0
ghd6;15;2;93;0.0;0.0;0.0;0.0
ghd6;15;2;94;308.873;0.0;0.0;0.0
ghd6;15;2;95;132.789;0.0;0.0;0.0
ghd6;15;2;96;0.0;0.0;0.0;0.0
ghd6;15;2;97;0.0;0.0;0.0;0.0
ghd6;15;2;98;0.0;0.0;0.0;0.0
ghd6;15;2;99;0.0;0.0;0.0;0.0
ghd6;15;2;100;0.0;0.0;0.0;0.0
ghd6;15;2;101;0.0;0.0;0.0;0.0
ghd6;15;2;102;0.0;0.0;0.0;0.0
ghd6;15;2;103;0.0;0.0;0.0;0.0
ghd6;15;2;104;186.023;0.0;5.558;0.0
ghd6;15;2;105;92.984;0.0;65.618;0.0
ghd6;15;2;106;48.389;0.0;63.059;0.0
ghd6;15;2;107;76.966;0.0;17.557;0.0
ghd6;15;2;108;21.062;0.0;55.336;0.0
ghd6;15;2;109;20.926;0.0;43.568;0.0
ghd6;15;2;110;24.402;0.0;34.161;0.0
ghd6;15;2;111;57.442;0.0;0.0;0.0
ghd6;15;2;112;55.625;0.0;0.0;0.0
ghd6;15;2;113;179.855;0.0;0.0;0.0
ghd6;15;2;114;0.0;0.0;0.0;0.0
ghd6;15;2;115;0.0;0.0;0.0;0.0
ghd6;15;2;116;140.808;0.0;0.0;0.0
ghd6;15;2;117;0.0;0.0;0.0;0.0
ghd6;15;2;118;158.212;0.0;0.0;0.0
ghd6;15;2;119;0.0;0.0;0.0;0.0
ghd6;15;2;120;86.37;0.0;0.0;0.0
ghd6;15;2;121;87.038;0.0;0.0;0.0
ghd6;15;2;122;90.265;0.0;0.0;0.0
ghd6;15;2;123;93.067;0.0;0.0;0.0
ghd6;15;2;124;96.558;0.0;0.0;0.0
ghd6;15;2;125;99.016;0.0;0.0;0.0
ghd6;15;2;126;105.971;0.0;0.0;0.0
ghd6;15;2;127;80.854;0.0;0.0;0.0
ghd6;15;2;128;69.012;0.0;0.0;0.0
ghd6;15;2;129;65.08;0.0;0.0;0.0
ghd6;15;2;130;59.351;0.0;0.001;0.0
ghd6;15;2;131;46.803;0.0;0.001;0.0
ghd6;15;2;132;13.631;0.0;21.961;0.0
ghd6;15;2;133;0.0;0.0;25.252;0.0
ghd6;15;2;134;18.288;0.0;0.0;0.0
ghd6;15;2;135;18.461;0.0;0.0;0.0
ghd6;15;2;136;16.513;0.0;0.0;0.0
ghd6;15;2;137;257.661;0.0;0.0;0.0
ghd6;15;2;138;261.274;0.0;0.0;0.0
ghd6;15;2;139;264.29;0.0;0.0;0.0
ghd6;15;2;140;0.0;0.0;0.0;0.0
ghd6;15;2;141;0.0;0.0;0.0;0.0
ghd6;15;2;142;51.413;0.0;0.0;0.0
ghd6;15;2;143;0.0;0.0;0.0;0.0
ghd6;15;2;144;0.0;0.0;0.0;0.0
ghd6;15;2;145;0.0;0.0;0.0;0.0
ghd6;15;2;146;0.0;0.0;0.0;0.0
ghd6;15;2;147;0.0;0.0;0.0;0.0
ghd6;15;2;148;0.0;0.0;0.0;0.0
ghd6;15;2;149;0.0;0.0;0.0;0.0
ghd6;15;2;150;0.0;0.0;0.0;0.0
ghd6;15;2;151;0.0;0.0;0.0;0.0
ghd6;15;2;152;0.0;0.0;0.0;0.0
ghd6;15;2;153;66.98;0.0;0.0;0.0
ghd6;15;2;154;63.055;0.0;0.0;0.0
ghd6;15;2;155;55.443;0.0;0.0;0.0
ghd6;15;2;156;43.051;0.0;0.0;0.0
ghd6;15;2;157;34.336;0.0;0.0;0.0
ghd6;15;2;158;29.147;0.0;0.0;0.0
ghd6;15;2;159;29.106;0.0;0.0;0.0
ghd6;15;2;160;248.074;0.0;0.0;0.0
ghd6;15;2;161;0.0;0.0;0.0;0.0
ghd6;15;2;162;0.0;0.0;0.0;0.0
ghd6;15;2;163;0.0;0.0;0.0;0.0
ghd6;15;2;164;0.0;0.0;0.0;0.0
ghd6;15;2;165;0.0;0.0;0.0;0.0
ghd6;15;2;166;98.505;0.0;0.0;0.0
ghd6;15;2;167;286.717;0.0;0.0;0.0
ghd6;15;3;0;0.0;0.0;0.0;0.0
ghd6;15;3;1;271.934;0.0;0.0;0.0
ghd6;15;3;2;324.054;0.0;0.0;0.0
ghd6;15;3;3;329.615;0.0;0.0;0.0
ghd6;15;3;4;387.367;0.0;0.0;0.0
ghd6;15;3;5;297.279;0.0;0.0;0.0
ghd6;15;3;6;363.185;0.0;0.0;0.0
ghd6;15;3;7;316.482;0.0;0.0;0.0
ghd6;15;3;8;294.883;0.0;0.0;0.0
ghd6;15;3;9;278.637;0.0;0.0;0.0
ghd6;15;3;10;271.0;0.0;0.0;0.0
ghd6;15;3;11;252.749;0.0;0.0;0.0
ghd6;15;3;12;235.626;0.0;0.0;0.0
ghd6;15;3;13;178.126;0.0;35.901;0.0
ghd6;15;3;14;317.143;0.0;32.656;0.0
ghd6;15;3;15;348.015;0.0;0.0;0.0
ghd6;15;3;16;352.476;0.0;0.0;0.0
ghd6;15;3;17;360.512;0.0;0.0;0.0
ghd6;15;3;18;363.193;0.0;0.0;0.0
ghd6;15;3;19;0.0;0.0;0.0;0.0
ghd6;15;3;20;0.0;0.0;0.0;0.0
ghd6;15;3;21;0.0;0.0;0.0;0.0
ghd6;15;3;22;375.728;0.0;0.0;0.0
ghd6;15;3;23;384.677;0.0;0.0;0.0
ghd6;15;3;24;388.264;0.0;0.0;0.0
ghd6;15;3;25;0.0;0.0;0.0;0.0
ghd6;15;3;26;335.448;0.0;0.0;0.0
ghd6;15;3;27;342.589;0.0;0.0;0.0
ghd6;15;3;28;348.652;0.0;0.0;0.0
ghd6;15;3;29;355.407;0.0;0.0;0.0
ghd6;15;3;30;367.221;0.0;0.0;0.0
ghd6;15;3;31;329.012;0.0;0.0;0.0
ghd6;15;3;32;304.231;0.0;0.0;0.0
ghd6;15;3;33;280.527;0.0;0.0;0.0
ghd6;15;3;34;268.665;0.0;0.0;0.0
ghd6;15;3;35;256.949;0.0;0.0;0.0
ghd6;15;3;36;249.808;0.0;0.0;0.0
ghd6;15;3;37;239.442;0.0;0.0;0.0
ghd6;15;3;38;231.365;0.0;0.0;0.0
ghd6;15;3;39;250.096;0.0;0.0;0.0
ghd6;15;3;40;246.399;0.0;0.0;0.0
ghd6;15;3;41;253.892;0.0;0.0;0.0
ghd6;15;3;42;275.469;0.0;0.0;0.0
ghd6;15;3;43;273.597;0.0;0.0;0.0
ghd6;15;3;44;281.233;0.0;0.0;0.0
ghd6;15;3;45;294.001;0.0;0.0;0.0
ghd6;15;3;46;287.302;0.0;0.0;0.0
ghd6;15;3;47;279.523;0.0;0.0;0.0
ghd6;15;3;48;74.227;0.0;0.0;0.0
ghd6;15;3;49;73.373;0.0;0.0;0.0
ghd6;15;3;50;71.101;0.0;0.0;0.0
ghd6;15;3;51;70.195;0.0;0.0;0.0
ghd6;15;3;52;74.324;0.0;0.0;0.0
ghd6;15;3;53;74.137;0.0;0.0;0.0
ghd6;15;3;54;77.962;0.0;0.0;0.0
ghd6;15;3;55;93.924;0.0;0.0;0.0
ghd6;15;3;56;98.514;0.0;0.0;0.0
ghd6;15;3;57;89.657;0.0;0.0;0.0
ghd6;15;3;58;89.433;0.0;0.0;0.0
ghd6;15;3;59;90.931;0.0;0.0;0.0
ghd6;15;3;60;89.493;0.0;0.0;0.0
ghd6;15;3;61;82.299;0.0;0.0;0.0
ghd6;15;3;62;75.92;0.0;0.0;0.0
ghd6;15;3;63;83.178;0.0;0.0;0.0
ghd6;15;3;64;83.751;0.0;0.0;0.0
ghd6;15;3;65;261.224;0.0;0.0;0.0
ghd6;15;3;66;340.884;0.0;0.0;0.0
ghd6;15;3;67;0.0;0.0;0.0;0.0
ghd6;15;3;68;0.0;0.0;0.0;0.0
ghd6;15;3;69;0.0;0.0;0.0;0.0
ghd6;15;3;70;0.0;0.0;0.0;0.0
ghd6;15;3;71;117.372;0.0;0.0;0.0
ghd6;15;3;72;123.794;0.0;0.0;0.0
ghd6;15;3;73;125.057;0.0;0.0;0.0
ghd6;15;3;74;130.593;0.0;0.0;0.0
ghd6;15;3;75;137.273;0.0;0.0;0.0
ghd6;15;3;76;138.186;0.0;0.0;0.0
ghd6;15;3;77;140.406;0.0;0.0;0.0
ghd6;15;3;78;303.067;0.0;0.0;0.0
ghd6;15;3;79;0.0;0.0;0.0;0.0
ghd6;15;3;80;164.755;0.0;0.0;0.0
ghd6;15;3;81;154.067;0.0;0.0;0.0
ghd6;15;3;82;153.797;0.0;0.0;0.0
ghd6;15;3;83;155.707;0.0;0.0;0.0
ghd6;15;3;84;145.81;0.0;0.0;0.0
ghd6;15;3;85;352.476;0.0;0.0;0.0
ghd6;15;3;86;163.48;0.0;0.0;0.0
ghd6;15;3;87;358.726;0.0;0.0;0.0
ghd6;15;3;88;363.193;0.0;0.0;0.0
ghd6;15;3;89;364.087;0.0;0.0;0.0
ghd6;15;3;90;368.558;0.0;0.0;0.0
ghd6;15;3;91;375.717;0.0;0.0;0.0
ghd6;15;3;92;0.0;0.0;0.0;0.0
ghd6;15;3;93;381.988;0.0;0.0;0.0
ghd6;15;3;94;385.574;0.0;0.0;0.0
ghd6;15;3;95;386.47;0.0;0.0;0.0
ghd6;15;3;96;388.264;0.0;0.0;0.0
ghd6;15;3;97;391.853;0.0;0.0;0.0
ghd6;15;3;98;392.751;0.0;0.0;0.0
ghd6;15;3;99;395.445;0.0;0.0;0.0
ghd6;15;3;100;391.853;0.0;0.0;0.0
ghd6;15;3;101;386.47;0.0;0.0;0.0
ghd6;15;3;102;382.884;0.0;0.0;0.0
ghd6;15;3;103;381.092;0.0;0.0;0.0
ghd6;15;3;104;374.822;0.0;0.0;0.0
ghd6;15;3;105;372.137;0.0;0.0;0.0
ghd6;15;3;106;381.092;0.0;0.0;0.0
ghd6;15;3;107;382.884;0.0;0.0;0.0
ghd6;15;3;108;386.47;0.0;0.0;0.0
ghd6;15;3;109;382.884;0.0;0.0;0.0
ghd6;15;3;110;367.429;0.0;0.0;0.0
ghd6;15;3;111;360.975;0.0;0.0;0.0
ghd6;15;3;112;346.77;0.0;0.0;0.0
ghd6;15;3;113;342.106;0.0;0.0;0.0
ghd6;15;3;114;354.038;0.0;0.0;0.0
ghd6;15;3;115;345.712;0.0;0.0;0.0
ghd6;15;3;116;347.679;0.0;0.0;0.0
ghd6;15;3;117;363.325;0.0;0.0;0.0
ghd6;15;3;118;371.242;0.0;0.0;0.0
ghd6;15;3;119;373.031;0.0;0.0;0.0
ghd6;15;3;120;373.031;0.0;0.0;0.0
ghd6;15;3;121;374.822;0.0;0.0;0.0
ghd6;15;3;122;380.195;0.0;0.0;0.0
ghd6;15;3;123;386.47;0.0;0.0;0.0
ghd6;15;3;124;393.649;0.0;0.0;0.0
ghd6;15;3;125;306.667;0.0;0.0;0.0
ghd6;15;3;126;398.139;0.0;0.0;0.0
ghd6;15;3;127;369.877;0.0;0.0;0.0
ghd6;15;3;128;344.612;0.0;0.0;0.0
ghd6;15;3;129;332.563;0.0;0.0;0.0
ghd6;15;3;130;302.076;0.0;0.0;0.0
ghd6;15;3;131;290.984;0.0;0.0;0.0
ghd6;15;3;132;277.889;0.0;0.0;0.0
ghd6;15;3;133;263.304;0.0;0.0;0.0
ghd6;15;3;134;249.555;0.0;0.0;0.0
ghd6;15;3;135;264.226;0.0;0.0;0.0
ghd6;15;3;136;375.717;0.0;0.0;0.0
ghd6;15;3;137;148.813;0.0;0.0;0.0
ghd6;15;3;138;292.812;0.0;0.0;0.0
ghd6;15;3;139;385.574;0.0;0.0;0.0
ghd6;15;3;140;233.914;0.0;0.0;0.0
ghd6;15;3;141;344.894;0.0;0.0;0.0
ghd6;15;3;142;350.171;0.0;0.0;0.0
ghd6;15;3;143;358.331;0.0;0.0;0.0
ghd6;15;3;144;391.853;0.0;0.0;0.0
ghd6;15;3;145;330.213;0.0;0.0;0.0
ghd6;15;3;146;394.547;0.0;0.0;0.0
ghd6;15;3;147;350.99;0.0;0.0;0.0
ghd6;15;3;148;376.838;0.0;0.0;0.0
ghd6;15;3;149;380.609;0.0;0.0;0.0
ghd6;15;3;150;382.342;0.0;0.0;0.0
ghd6;15;3;151;333.307;0.0;0.0;0.0
ghd6;15;3;152;308.876;0.0;0.0;0.0
ghd6;15;3;153;267.645;0.0;0.0;0.0
ghd6;15;3;154;254.203;0.0;0.0;0.0
ghd6;15;3;155;224.63;0.0;0.0;0.0
ghd6;15;3;156;210.602;0.0;0.0;0.0
ghd6;15;3;157;352.476;0.0;0.0;0.0
ghd6;15;3;158;43.4;0.0;0.0;0.0
ghd6;15;3;159;203.203;0.0;0.0;0.0
ghd6;15;3;160;199.836;0.0;0.0;0.0
ghd6;15;3;161;195.628;0.0;0.0;0.0
ghd6;15;3;162;214.52;0.0;0.0;0.0
ghd6;15;3;163;212.952;0.0;0.0;0.0
ghd6;15;3;164;216.49;0.0;0.0;0.0
ghd6;15;3;165;349.103;0.0;0.0;0.0
ghd6;15;3;166;350.692;0.0;0.0;0.0
ghd6;15;3;167;354.261;0.0;0.0;0.0
ghd6;20;0;0;0.0;0.0;0.0;0.0
ghd6;20;0;1;217.313;0.0;0.0;0.0
ghd6;20;0;2;0.0;0.0;0.0;0.0
ghd6;20;0;3;184.181;0.0;0.0;0.0
ghd6;20;0;4;189.651;0.0;0.0;0.0
ghd6;20;0;5;194.335;0.0;0.0;0.0
ghd6;20;0;6;207.456;0.0;0.0;0.0
ghd6;20;0;7;174.592;0.0;0.0;0.0
ghd6;20;0;8;158.401;0.0;0.0;0.0
ghd6;20;0;9;159.604;0.0;0.0;0.0
ghd6;20;0;10;137.255;0.0;0.0;0.0
ghd6;20;0;11;126.764;0.0;0.0;0.0
ghd6;20;0;12;109.408;0.0;0.0;0.0
ghd6;20;0;13;195.528;0.0;0.0;0.0
ghd6;20;0;14;0.0;0.0;0.0;0.0
ghd6;20;0;15;101.773;0.0;0.0;0.0
ghd6;20;0;16;95.365;0.0;0.0;0.0
ghd6;20;0;17;90.002;0.0;0.0;0.0
ghd6;20;0;18;321.307;0.0;0.0;0.0
ghd6;20;0;19;0.0;0.0;0.0;0.0
ghd6;20;0;20;21.531;0.0;0.0;0.0
ghd6;20;0;21;326.641;0.0;0.0;0.0
ghd6;20;0;22;331.979;0.0;0.0;0.0
ghd6;20;0;23;336.43;0.0;0.0;0.0
ghd6;20;0;24;0.0;0.0;0.0;0.0
ghd6;20;0;25;0.0;0.0;0.0;0.0
ghd6;20;0;26;0.0;0.0;0.0;0.0
ghd6;20;0;27;350.692;0.0;0.0;0.0
ghd6;20;0;28;351.584;0.0;0.0;0.0
ghd6;20;0;29;281.441;0.0;0.0;0.0
ghd6;20;0;30;0.0;0.0;0.0;0.0
ghd6;20;0;31;0.0;0.0;0.0;0.0
ghd6;20;0;32;182.327;0.0;0.0;0.0
ghd6;20;0;33;180.141;0.0;0.0;0.0
ghd6;20;0;34;156.608;0.0;0.0;0.0
ghd6;20;0;35;134.161;0.0;1.676;0.0
ghd6;20;0;36;135.026;0.0;0.0;0.0
ghd6;20;0;37;63.811;0.0;47.519;0.0
ghd6;20;0;38;33.067;0.0;68.216;0.0
ghd6;20;0;39;65.186;0.0;35.417;0.0
ghd6;20;0;40;90.791;0.0;0.0;0.0
ghd6;20;0;41;261.482;0.0;0.0;0.0
ghd6;20;0;42;320.418;0.0;0.0;0.0
ghd6;20;0;43;325.752;0.0;0.0;0.0
ghd6;20;0;44;330.199;0.0;0.0;0.0
ghd6;20;0;45;0.0;0.0;0.0;0.0
ghd6;20;0;46;0.0;0.0;0.0;0.0
ghd6;20;0;47;0.0;0.0;0.0;0.0
ghd6;20;0;48;0.0;0.0;0.0;0.0
ghd6;20;0;49;0.0;0.0;0.0;0.0
ghd6;20;0;50;0.0;0.0;0.0;0.0
ghd6;20;0;51;0.0;0.0;0.0;0.0
ghd6;20;0;52;0.0;0.0;0.0;0.0
ghd6;20;0;53;0.0;0.0;0.0;0.0
ghd6;20;0;54;71.067;0.0;0.0;0.0
ghd6;20;0;55;89.161;0.0;0.0;0.0
ghd6;20;0;56;87.004;0.0;0.0;0.0
ghd6;20;0;57;79.948;0.0;0.0;0.0
ghd6;20;0;58;73.132;0.0;0.001;0.0
ghd6;20;0;59;66.536;0.0;0.0;0.0
ghd6;20;0;60;183.625;0.0;0.001;0.0
ghd6;20;0;61;0.0;0.0;0.0;0.0
ghd6;20;0;62;0.0;0.0;0.0;0.0
ghd6;20;0;63;64.234;0.0;0.0;0.0
ghd6;20;0;64;47.736;0.0;2.146;0.0
ghd6;20;0;65;42.056;0.0;0.0;0.0
ghd6;20;0;66;48.934;0.0;0.0;0.0
ghd6;20;0;67;45.435;0.0;0.0;0.0
ghd6;20;0;68;294.687;0.0;0.0;0.0
ghd6;20;0;69;294.687;0.0;0.0;0.0
ghd6;20;0;70;299.117;0.0;0.0;0.0
ghd6;20;0;71;314.2;0.0;0.0;0.0
ghd6;20;0;72;0.0;0.0;0.0;0.0
ghd6;20;0;73;0.0;0.0;0.0;0.0
ghd6;20;0;74;0.0;0.0;0.0;0.0
ghd6;20;0;75;0.0;0.0;0.0;0.0
ghd6;20;0;76;0.0;0.0;0.0;0.0
ghd6;20;0;77;0.0;0.0;0.0;0.0
ghd6;20;0;78;0.0;0.0;0.0;0.0
ghd6;20;0;79;0.0;0.0;0.0;0.0
ghd6;20;0;80;0.0;0.0;0.0;0.0
ghd6;20;0;81;0.0;0.0;0.0;0.0
ghd6;20;0;82;21.837;0.0;0.0;0.0
ghd6;20;0;83;115.088;0.0;0.0;0.0
ghd6;20;0;84;115.333;0.0;0.0;0.0
ghd6;20;0;85;112.664;0.0;0.0;0.0
ghd6;20;0;86;111.144;0.0;0.0;0.0
ghd6;20;0;87;111.454;0.0;0.0;0.0
ghd6;20;0;88;350.692;0.0;0.0;0.0
ghd6;20;0;89;109.758;0.0;0.0;0.0
ghd6;20;0;90;0.0;0.0;0.0;0.0
ghd6;20;0;91;0.0;0.0;0.0;0.0
ghd6;20;0;92;364.981;0.0;0.0;0.0
ghd6;20;0;93;63.176;0.0;0.0;0.0
ghd6;20;0;94;370.347;0.0;0.0;0.0
ghd6;20;0;95;370.347;0.0;0.0;0.0
ghd6;20;0;96;373.031;0.0;0.0;0.0
ghd6;20;0;97;376.613;0.0;0.0;0.0
ghd6;20;0;98;378.404;0.0;0.0;0.0
ghd6;20;0;99;381.092;0.0;0.0;0.0
ghd6;20;0;100;381.092;0.0;0.0;0.0
ghd6;20;0;101;381.092;0.0;0.0;0.0
ghd6;20;0;102;379.3;0.0;0.0;0.0
ghd6;20;0;103;380.195;0.0;0.0;0.0
ghd6;20;0;104;377.508;0.0;0.0;0.0
ghd6;20;0;105;372.575;0.0;0.0;0.0
ghd6;20;0;106;333.251;0.0;0.0;0.0
ghd6;20;0;107;311.357;0.0;0.0;0.0
ghd6;20;0;108;290.928;0.0;0.0;0.0
ghd6;20;0;109;264.849;0.0;0.0;0.0
ghd6;20;0;110;352.476;0.0;0.0;0.0
ghd6;20;0;111;348.907;0.0;0.0;0.0
ghd6;20;0;112;349.799;0.0;0.0;0.0
ghd6;20;0;113;360.512;0.0;0.0;0.0
ghd6;20;0;114;364.087;0.0;0.0;0.0
ghd6;20;0;115;0.0;0.0;0.0;0.0
ghd6;20;0;116;0.0;0.0;0.0;0.0
ghd6;20;0;117;292.336;0.0;0.0;0.0
ghd6;20;0;118;305.335;0.0;0.0;0.0
ghd6;20;0;119;308.22;0.0;0.0;0.0
ghd6;20;0;120;319.204;0.0;0.0;0.0
ghd6;20;0;121;317.236;0.0;0.0;0.0
ghd6;20;0;122;317.7;0.0;0.0;0.0
ghd6;20;0;123;324.304;0.0;0.0;0.0
ghd6;20;0;124;324.758;0.0;0.0;0.0
ghd6;20;0;125;325.435;0.0;0.0;0.0
ghd6;20;0;126;332.896;0.0;0.0;0.0
ghd6;20;0;127;294.27;0.0;0.0;0.0
ghd6;20;0;128;270.462;0.0;0.0;0.0
ghd6;20;0;129;269.444;0.0;0.0;0.0
ghd6;20;0;130;244.168;0.0;0.0;0.0
ghd6;20;0;131;235.545;0.0;0.0;0.0
ghd6;20;0;132;235.478;0.0;0.0;0.0
ghd6;20;0;133;211.433;0.0;0.0;0.0
ghd6;20;0;134;199.195;0.0;0.0;0.0
ghd6;20;0;135;357.833;0.0;0.0;0.0
ghd6;20;0;136;359.619;0.0;0.0;0.0
ghd6;20;0;137;361.406;0.0;0.0;0.0
ghd6;20;0;138;369.452;0.0;0.0;0.0
ghd6;20;0;139;373.927;0.0;0.0;0.0
ghd6;20;0;140;378.404;0.0;0.0;0.0
ghd6;20;0;141;0.0;0.0;0.0;0.0
ghd6;20;0;142;0.0;0.0;0.0;0.0
ghd6;20;0;143;0.0;0.0;0.0;0.0
ghd6;20;0;144;391.853;0.0;0.0;0.0
ghd6;20;0;145;129.593;0.0;0.0;0.0
ghd6;20;0;146;398.139;0.0;0.0;0.0
ghd6;20;0;147;405.331;0.0;0.0;0.0
ghd6;20;0;148;408.03;0.0;0.0;0.0
ghd6;20;0;149;410.73;0.0;0.0;0.0
ghd6;20;0;150;148.934;0.0;0.0;0.0
ghd6;20;0;151;351.584;0.0;0.0;0.0
ghd6;20;0;152;334.007;0.0;0.0;0.0
ghd6;20;0;153;311.441;0.0;1.831;0.0
ghd6;20;0;154;241.639;0.0;32.613;0.0
ghd6;20;0;155;256.136;0.0;0.0;0.0
ghd6;20;0;156;210.376;0.0;30.442;0.0
ghd6;20;0;157;375.717;0.0;0.0;0.0
ghd6;20;0;158;381.092;0.0;0.0;0.0
ghd6;20;0;159;380.195;0.0;0.0;0.0
ghd6;20;0;160;390.956;0.0;0.0;0.0
ghd6;20;0;161;393.649;0.0;0.0;0.0
ghd6;20;0;162;393.649;0.0;0.0;0.0
ghd6;20;0;163;402.633;0.0;0.0;0.0
ghd6;20;0;164;294.583;0.0;0.0;0.0
ghd6;20;0;165;0.0;0.0;0.0;0.0
ghd6;20;0;166;0.0;0.0;0.0;0.0
ghd6;20;0;167;410.73;0.0;0.0;0.0
ghd6;20;1;0;0.0;0.0;0.0;0.0
ghd6;20;1;1;0.0;0.0;0.0;0.0
ghd6;20;1;2;0.0;0.0;0.0;0.0
ghd6;20;1;3;0.0;0.0;0.0;0.0
ghd6;20;1;4;0.0;0.0;0.0;0.0
ghd6;20;1;5;0.0;0.0;0.0;0.0
ghd6;20;1;6;0.0;0.0;0.0;0.0
ghd6;20;1;7;0.0;0.0;0.0;0.0
ghd6;20;1;8;0.0;0.0;0.0;0.0
ghd6;20;1;9;0.0;0.0;0.0;0.0
ghd6;20;1;10;0.0;0.0;0.0;0.0
ghd6;20;1;11;0.0;0.0;0.0;0.0
ghd6;20;1;12;0.0;0.0;0.0;0.0
ghd6;20;1;13;0.0;0.0;0.0;0.0
ghd6;20;1;14;0.0;0.0;0.0;0.0
ghd6;20;1;15;0.0;0.0;0.0;0.0
ghd6;20;1;16;0.0;0.0;0.0;0.0
ghd6;20;1;17;0.0;0.0;0.0;0.0
ghd6;20;1;18;0.0;0.0;0.0;0.0
ghd6;20;1;19;0.0;0.0;0.0;0.0
ghd6;20;1;20;0.0;0.0;0.0;0.0
ghd6;20;1;21;0.0;0.0;0.0;0.0
ghd6;20;1;22;0.0;0.0;0.0;0.0
ghd6;20;1;23;0.0;0.0;0.0;0.0
ghd6;20;1;24;0.0;0.0;0.0;0.0
ghd6;20;1;25;4.407;0.0;0.0;0.0
ghd6;20;1;26;4.31;0.0;0.0;0.0
ghd6;20;1;27;4.132;0.0;0.0;0.0
ghd6;20;1;28;5.299;0.0;0.0;0.0
ghd6;20;1;29;13.352;0.0;0.0;0.0
ghd6;20;1;30;0.0;0.0;0.0;0.0
ghd6;20;1;31;8.884;0.0;0.0;0.0
ghd6;20;1;32;0.0;0.0;7.191;0.0
ghd6;20;1;33;0.0;0.0;8.251;0.0
ghd6;20;1;34;0.0;0.0;9.909;0.0
ghd6;20;1;35;0.0;0.0;8.753;0.0
ghd6;20;1;36;0.0;0.0;8.483;0.0
ghd6;20;1;37;0.0;0.0;6.7;0.0
ghd6;20;1;38;0.0;0.0;7.519;0.0
ghd6;20;1;39;0.0;0.0;15.607;0.0
ghd6;20;1;40;0.0;0.0;0.0;0.0
ghd6;20;1;41;68.425;0.0;32.355;0.0
ghd6;20;1;42;0.0;0.0;0.0;0.0
ghd6;20;1;43;0.0;0.0;0.0;0.0
ghd6;20;1;44;0.0;0.0;0.0;0.0
ghd6;20;1;45;0.0;0.0;0.0;0.0
ghd6;20;1;46;0.0;0.0;0.0;0.0
ghd6;20;1;47;0.0;0.0;0.0;0.0
ghd6;20;1;48;0.0;0.0;0.0;0.0
ghd6;20;1;49;0.0;0.0;0.0;0.0
ghd6;20;1;50;0.0;0.0;0.0;0.0
ghd6;20;1;51;0.0;0.0;0.0;0.0
ghd6;20;1;52;0.0;0.0;0.0;0.0
ghd6;20;1;53;0.0;0.0;0.0;0.0
ghd6;20;1;54;0.0;0.0;0.0;0.0
ghd6;20;1;55;0.0;0.0;0.0;0.0
ghd6;20;1;56;0.0;0.0;0.0;0.0
ghd6;20;1;57;0.0;0.0;0.0;0.0
ghd6;20;1;58;0.0;0.0;6.638;0.0
ghd6;20;1;59;0.0;0.0;6.903;0.0
ghd6;20;1;60;0.0;0.0;6.292;0.0
ghd6;20;1;61;0.0;0.0;6.429;0.0
ghd6;20;1;62;0.0;0.0;5.906;0.0
ghd6;20;1;63;105.82;0.0;4.444;0.0
ghd6;20;1;64;0.0;0.0;0.0;0.0
ghd6;20;1;65;0.0;0.0;0.0;0.0
ghd6;20;1;66;0.0;0.0;0.0;0.0
ghd6;20;1;67;0.0;0.0;0.0;0.0
ghd6;20;1;68;0.0;0.0;0.0;0.0
ghd6;20;1;69;0.0;0.0;0.0;0.0
ghd6;20;1;70;0.0;0.0;0.0;0.0
ghd6;20;1;71;0.0;0.0;0.0;0.0
ghd6;20;1;72;0.0;0.0;0.0;0.0
ghd6;20;1;73;0.0;0.0;0.0;0.0
ghd6;20;1;74;0.0;0.0;0.0;0.0
ghd6;20;1;75;0.0;0.0;0.0;0.0
ghd6;20;1;76;0.0;0.0;0.0;0.0
ghd6;20;1;77;0.0;0.0;0.0;0.0
ghd6;20;1;78;0.0;0.0;0.0;0.0
ghd6;20;1;79;0.0;0.0;0.0;0.0
ghd6;20;1;80;0.0;0.0;0.0;0.0
ghd6;20;1;81;0.0;0.0;7.485;0.0
ghd6;20;1;82;0.0;0.0;5.958;0.0
ghd6;20;1;83;0.0;0.0;7.536;0.0
ghd6;20;1;84;0.0;0.0;7.107;0.0
ghd6;20;1;85;0.0;0.0;6.173;0.0
ghd6;20;1;86;0.0;0.0;6.04;0.0
ghd6;20;1;87;0.0;0.0;111.564;0.0
ghd6;20;1;88;0.0;0.0;0.0;0.0
ghd6;20;1;89;0.0;0.0;0.0;0.0
ghd6;20;1;90;0.0;0.0;0.0;0.0
ghd6;20;1;91;0.0;0.0;0.0;0.0
ghd6;20;1;92;0.0;0.0;0.0;0.0
ghd6;20;1;93;0.0;0.0;0.0;0.0
ghd6;20;1;94;0.0;0.0;0.0;0.0
ghd6;20;1;95;0.0;0.0;0.0;0.0
ghd6;20;1;96;0.0;0.0;0.0;0.0
ghd6;20;1;97;0.0;0.0;0.0;0.0
ghd6;20;1;98;0.0;0.0;0.0;0.0
ghd6;20;1;99;0.0;0.0;0.0;0.0
ghd6;20;1;100;0.0;0.0;0.0;0.0
ghd6;20;1;101;0.0;0.0;0.0;0.0
ghd6;20;1;102;0.0;0.0;0.0;0.0
ghd6;20;1;103;0.0;0.0;0.0;0.0
ghd6;20;1;104;0.0;0.0;0.0;0.0
ghd6;20;1;105;0.0;0.0;9.056;0.0
ghd6;20;1;106;0.0;0.0;12.049;0.0
ghd6;20;1;107;0.0;0.0;9.339;0.0
ghd6;20;1;108;0.0;0.0;9.258;0.0
ghd6;20;1;109;0.0;0.0;8.334;0.0
ghd6;20;1;110;0.0;0.0;7.38;0.0
ghd6;20;1;111;0.0;0.0;8.745;0.0
ghd6;20;1;112;0.0;0.0;7.903;0.0
ghd6;20;1;113;90.352;0.0;7.247;0.0
ghd6;20;1;114;0.0;0.0;0.0;0.0
ghd6;20;1;115;0.0;0.0;0.0;0.0
ghd6;20;1;116;0.0;0.0;0.0;0.0
ghd6;20;1;117;0.0;0.0;0.0;0.0
ghd6;20;1;118;0.0;0.0;0.0;0.0
ghd6;20;1;119;0.0;0.0;0.0;0.0
ghd6;20;1;120;0.0;0.0;0.0;0.0
ghd6;20;1;121;0.0;0.0;0.0;0.0
ghd6;20;1;122;0.0;0.0;0.0;0.0
ghd6;20;1;123;0.0;0.0;0.0;0.0
ghd6;20;1;124;0.0;0.0;0.0;0.0
ghd6;20;1;125;0.0;0.0;0.0;0.0
ghd6;20;1;126;0.0;0.0;0.0;0.0
ghd6;20;1;127;0.0;0.0;0.0;0.0
ghd6;20;1;128;0.0;0.0;0.0;0.0
ghd6;20;1;129;0.0;0.0;10.26;0.0
ghd6;20;1;130;0.0;0.0;10.382;0.0
ghd6;20;1;131;0.0;0.0;8.494;0.0
ghd6;20;1;132;0.0;0.0;9.172;0.0
ghd6;20;1;133;0.0;0.0;7.753;0.0
ghd6;20;1;134;0.0;0.0;7.815;0.0
ghd6;20;1;135;0.0;0.0;8.245;0.0
ghd6;20;1;136;0.0;0.0;7.204;0.0
ghd6;20;1;137;64.036;0.0;31.636;0.0
ghd6;20;1;138;0.0;0.0;0.0;0.0
ghd6;20;1;139;0.0;0.0;0.0;0.0
ghd6;20;1;140;0.0;0.0;0.0;0.0
ghd6;20;1;141;0.0;0.0;0.0;0.0
ghd6;20;1;142;0.0;0.0;0.0;0.0
ghd6;20;1;143;0.0;0.0;0.0;0.0
ghd6;20;1;144;0.0;0.0;0.0;0.0
ghd6;20;1;145;0.0;0.0;0.0;0.0
ghd6;20;1;146;0.0;0.0;0.0;0.0
ghd6;20;1;147;0.0;0.0;0.0;0.0
ghd6;20;1;148;0.0;0.0;0.0;0.0
ghd6;20;1;149;0.0;0.0;0.0;0.0
ghd6;20;1;150;0.0;0.0;0.0;0.0
ghd6;20;1;151;0.0;0.0;0.0;0.0
ghd6;20;1;152;0.0;0.0;0.0;0.0
ghd6;20;1;153;0.0;0.0;9.968;0.0
ghd6;20;1;154;0.0;0.0;10.153;0.0
ghd6;20;1;155;0.0;0.0;9.069;0.0
ghd6;20;1;156;0.0;0.0;9.96;0.0
ghd6;20;1;157;0.0;0.0;7.769;0.0
ghd6;20;1;158;0.0;0.0;8.147;0.0
ghd6;20;1;159;106.3;0.0;89.15;0.0
ghd6;20;1;160;0.0;0.0;0.0;0.0
ghd6;20;1;161;9.505;0.0;43.502;0.0
ghd6;20;1;162;0.0;0.0;0.0;0.0
ghd6;20;1;163;0.0;0.0;0.0;0.0
ghd6;20;1;164;0.0;0.0;0.0;0.0
ghd6;20;1;165;0.0;0.0;0.0;0.0
ghd6;20;1;166;0.0;0.0;0.0;0.0
ghd6;20;1;167;0.0;0.0;0.0;0.0
ghd6;20;2;0;328.42;0.0;0.0;0.0
ghd6;20;2;1;335.54;0.0;0.0;0.0
ghd6;20;2;2;19.696;0.0;0.0;0.0
ghd6;20;2;3;0.0;0.0;0.0;0.0
ghd6;20;2;4;0.0;0.0;0.0;0.0
ghd6;20;2;5;0.0;0.0;0.0;0.0
ghd6;20;2;6;0.0;0.0;0.0;0.0
ghd6;20;2;7;147.123;0.0;0.0;0.0
ghd6;20;2;8;107.764;0.0;14.007;0.0
ghd6;20;2;9;6.462;0.0;88.48;0.0
ghd6;20;2;10;0.0;0.0;72.417;0.0
ghd6;20;2;11;0.0;0.0;58.64;0.0
ghd6;20;2;12;0.0;0.0;42.267;0.0
ghd6;20;2;13;0.0;0.0;34.761;0.0
ghd6;20;2;14;226.206;0.0;48.127;0.0
ghd6;20;2;15;256.692;0.0;16.757;0.0
ghd6;20;2;16;257.522;0.0;15.928;0.0
ghd6;20;2;17;276.101;0.0;0.001;0.0
ghd6;20;2;18;282.292;0.0;0.0;0.0
ghd6;20;2;19;69.793;0.0;0.0;0.0
ghd6;20;2;20;0.0;0.0;0.0;0.0
ghd6;20;2;21;0.0;0.0;0.0;0.0
ghd6;20;2;22;0.0;0.0;0.0;0.0
ghd6;20;2;23;0.0;0.0;0.0;0.0
ghd6;20;2;24;0.0;0.0;0.0;0.0
ghd6;20;2;25;0.0;0.0;0.0;0.0
ghd6;20;2;26;0.0;0.0;0.0;0.0
ghd6;20;2;27;0.0;0.0;0.0;0.0
ghd6;20;2;28;0.0;0.0;0.0;0.0
ghd6;20;2;29;0.0;0.0;0.0;0.0
ghd6;20;2;30;0.0;0.0;0.0;0.0
ghd6;20;2;31;0.0;0.0;0.0;0.0
ghd6;20;2;32;0.0;0.0;0.0;0.0
ghd6;20;2;33;9.405;0.0;74.008;0.0
ghd6;20;2;34;0.0;0.0;55.972;0.0
ghd6;20;2;35;0.0;0.0;39.026;0.0
ghd6;20;2;36;0.0;0.0;29.392;0.0
ghd6;20;2;37;0.0;0.0;22.286;0.0
ghd6;20;2;38;97.536;0.0;162.533;0.0
ghd6;20;2;39;0.0;0.0;0.0;0.0
ghd6;20;2;40;50.254;0.0;16.594;0.0
ghd6;20;2;41;0.0;0.0;0.0;0.0
ghd6;20;2;42;0.0;0.0;0.0;0.0
ghd6;20;2;43;0.0;0.0;0.0;0.0
ghd6;20;2;44;0.0;0.0;0.0;0.0
ghd6;20;2;45;0.0;0.0;0.0;0.0
ghd6;20;2;46;0.0;0.0;0.0;0.0
ghd6;20;2;47;0.0;0.0;0.0;0.0
ghd6;20;2;48;0.0;0.0;0.0;0.0
ghd6;20;2;49;0.0;0.0;0.0;0.0
ghd6;20;2;50;0.0;0.0;0.0;0.0
ghd6;20;2;51;15.071;0.0;0.0;0.0
ghd6;20;2;52;17.282;0.0;0.0;0.0
ghd6;20;2;53;18.367;0.0;0.0;0.0
ghd6;20;2;54;18.699;0.0;0.0;0.0
ghd6;20;2;55;25.729;0.0;0.0;0.0
ghd6;20;2;56;26.343;0.0;0.0;0.0
ghd6;20;2;57;18.648;0.0;0.0;0.0
ghd6;20;2;58;15.843;0.0;0.0;0.0
ghd6;20;2;59;31.306;0.0;0.001;0.0
ghd6;20;2;60;0.0;0.0;0.0;0.0
ghd6;20;2;61;13.024;0.0;0.0;0.0
ghd6;20;2;62;10.09;0.0;0.0;0.0
ghd6;20;2;63;103.045;0.0;0.0;0.0
ghd6;20;2;64;0.0;0.0;0.0;0.0
ghd6;20;2;65;0.0;0.0;0.0;0.0
ghd6;20;2;66;0.0;0.0;0.0;0.0
ghd6;20;2;67;0.0;0.0;0.0;0.0
ghd6;20;2;68;0.0;0.0;0.0;0.0
ghd6;20;2;69;0.0;0.0;0.0;0.0
ghd6;20;2;70;0.0;0.0;0.0;0.0
ghd6;20;2;71;0.0;0.0;0.0;0.0
ghd6;20;2;72;291.144;0.0;0.0;0.0
ghd6;20;2;73;0.0;0.0;0.0;0.0
ghd6;20;2;74;0.0;0.0;0.0;0.0
ghd6;20;2;75;0.0;0.0;0.0;0.0
ghd6;20;2;76;0.0;0.0;0.0;0.0
ghd6;20;2;77;0.0;0.0;0.0;0.0
ghd6;20;2;78;0.0;0.0;0.0;0.0
ghd6;20;2;79;0.0;0.0;0.0;0.0
ghd6;20;2;80;31.033;0.0;0.0;0.0
ghd6;20;2;81;0.0;0.0;0.0;0.0
ghd6;20;2;82;37.895;0.0;0.511;0.0
ghd6;20;2;83;0.0;0.0;33.634;0.0
ghd6;20;2;84;0.0;0.0;26.382;0.0
ghd6;20;2;85;0.0;0.0;24.133;0.0
ghd6;20;2;86;280.523;0.0;0.0;0.0
ghd6;20;2;87;280.523;0.0;0.0;0.0
ghd6;20;2;88;291.144;0.0;0.0;0.0
ghd6;20;2;89;283.177;0.0;0.001;0.0
ghd6;20;2;90;234.281;0.0;0.0;0.0
ghd6;20;2;91;0.0;0.0;0.0;0.0
ghd6;20;2;92;303.551;0.0;0.0;0.0
ghd6;20;2;93;0.0;0.0;0.0;0.0
ghd6;20;2;94;308.873;0.0;0.0;0.0
ghd6;20;2;95;0.0;0.0;0.0;0.0
ghd6;20;2;96;0.0;0.0;0.0;0.0
ghd6;20;2;97;0.0;0.0;0.0;0.0
ghd6;20;2;98;0.0;0.0;0.0;0.0
ghd6;20;2;99;0.0;0.0;0.0;0.0
ghd6;20;2;100;0.0;0.0;0.0;0.0
ghd6;20;2;101;0.0;0.0;0.0;0.0
ghd6;20;2;102;0.0;0.0;0.0;0.0
ghd6;20;2;103;0.0;0.0;0.0;0.0
ghd6;20;2;104;165.142;0.0;9.398;0.0
ghd6;20;2;105;75.599;0.0;68.895;0.0
ghd6;20;2;106;27.985;0.0;73.549;0.0
ghd6;20;2;107;68.558;0.0;17.557;0.0
ghd6;20;2;108;14.265;0.0;55.336;0.0
ghd6;20;2;109;15.189;0.0;43.568;0.0
ghd6;20;2;110;19.193;0.0;34.161;0.0
ghd6;20;2;111;52.332;0.0;0.0;0.0
ghd6;20;2;112;50.677;0.0;0.0;0.0
ghd6;20;2;113;163.857;0.0;0.0;0.0
ghd6;20;2;114;0.0;0.0;0.0;0.0
ghd6;20;2;115;0.0;0.0;0.0;0.0
ghd6;20;2;116;128.283;0.0;0.0;0.0
ghd6;20;2;117;0.0;0.0;0.0;0.0
ghd6;20;2;118;144.139;0.0;0.0;0.0
ghd6;20;2;119;0.0;0.0;0.0;0.0
ghd6;20;2;120;78.688;0.0;0.0;0.0
ghd6;20;2;121;79.296;0.0;0.0;0.0
ghd6;20;2;122;82.235;0.0;0.0;0.0
ghd6;20;2;123;84.788;0.0;0.0;0.0
ghd6;20;2;124;87.969;0.0;0.0;0.0
ghd6;20;2;125;90.208;0.0;0.0;0.0
ghd6;20;2;126;96.545;0.0;0.0;0.0
ghd6;20;2;127;73.662;0.0;0.0;0.0
ghd6;20;2;128;62.874;0.0;0.0;0.0
ghd6;20;2;129;59.291;0.0;0.0;0.0
ghd6;20;2;130;54.072;0.0;0.001;0.0
ghd6;20;2;131;42.64;0.0;0.001;0.0
ghd6;20;2;132;10.465;0.0;21.961;0.0
ghd6;20;2;133;0.0;0.0;23.006;0.0
ghd6;20;2;134;16.661;0.0;0.0;0.0
ghd6;20;2;135;16.819;0.0;0.0;0.0
ghd6;20;2;136;15.044;0.0;0.0;0.0
ghd6;20;2;137;257.661;0.0;0.0;0.0
ghd6;20;2;138;261.274;0.0;0.0;0.0
ghd6;20;2;139;241.122;0.0;0.0;0.0
ghd6;20;2;140;0.0;0.0;0.0;0.0
ghd6;20;2;141;0.0;0.0;0.0;0.0
ghd6;20;2;142;0.0;0.0;0.0;0.0
ghd6;20;2;143;0.0;0.0;0.0;0.0
ghd6;20;2;144;0.0;0.0;0.0;0.0
ghd6;20;2;145;0.0;0.0;0.0;0.0
ghd6;20;2;146;0.0;0.0;0.0;0.0
ghd6;20;2;147;0.0;0.0;0.0;0.0
ghd6;20;2;148;0.0;0.0;0.0;0.0
ghd6;20;2;149;0.0;0.0;0.0;0.0
ghd6;20;2;150;0.0;0.0;0.0;0.0
ghd6;20;2;151;0.0;0.0;0.0;0.0
ghd6;20;2;152;0.0;0.0;0.0;0.0
ghd6;20;2;153;61.022;0.0;0.0;0.0
ghd6;20;2;154;57.446;0.0;0.0;0.0
ghd6;20;2;155;50.511;0.0;0.0;0.0
ghd6;20;2;156;39.221;0.0;0.0;0.0
ghd6;20;2;157;31.281;0.0;0.0;0.0
ghd6;20;2;158;26.554;0.0;0.0;0.0
ghd6;20;2;159;26.517;0.0;0.0;0.0
ghd6;20;2;160;226.007;0.0;0.0;0.0
ghd6;20;2;161;0.0;0.0;0.0;0.0
ghd6;20;2;162;0.0;0.0;0.0;0.0
ghd6;20;2;163;0.0;0.0;0.0;0.0
ghd6;20;2;164;0.0;0.0;0.0;0.0
ghd6;20;2;165;0.0;0.0;0.0;0.0
ghd6;20;2;166;63.822;0.0;0.0;0.0
ghd6;20;2;167;286.717;0.0;0.0;0.0
ghd6;20;3;0;0.0;0.0;0.0;0.0
ghd6;20;3;1;247.745;0.0;0.0;0.0
ghd6;20;3;2;295.229;0.0;0.0;0.0
ghd6;20;3;3;300.295;0.0;0.0;0.0
ghd6;20;3;4;387.367;0.0;0.0;0.0
ghd6;20;3;5;236.17;0.0;0.0;0.0
ghd6;20;3;6;330.88;0.0;0.0;0.0
ghd6;20;3;7;288.331;0.0;0.0;0.0
ghd6;20;3;8;268.653;0.0;0.0;0.0
ghd6;20;3;9;253.852;0.0;0.0;0.0
ghd6;20;3;10;246.894;0.0;0.0;0.0
ghd6;20;3;11;230.266;0.0;0.0;0.0
ghd6;20;3;12;214.667;0.0;0.0;0.0
ghd6;20;3;13;159.089;0.0;35.901;0.0
ghd6;20;3;14;317.143;0.0;32.656;0.0
ghd6;20;3;15;348.015;0.0;0.0;0.0
ghd6;20;3;16;352.476;0.0;0.0;0.0
ghd6;20;3;17;360.512;0.0;0.0;0.0
ghd6;20;3;18;363.193;0.0;0.0;0.0
ghd6;20;3;19;0.0;0.0;0.0;0.0
ghd6;20;3;20;0.0;0.0;0.0;0.0
ghd6;20;3;21;0.0;0.0;0.0;0.0
ghd6;20;3;22;113.888;0.0;0.0;0.0
ghd6;20;3;23;384.677;0.0;0.0;0.0
ghd6;20;3;24;388.264;0.0;0.0;0.0
ghd6;20;3;25;0.0;0.0;0.0;0.0
ghd6;20;3;26;305.609;0.0;0.0;0.0
ghd6;20;3;27;312.115;0.0;0.0;0.0
ghd6;20;3;28;317.639;0.0;0.0;0.0
ghd6;20;3;29;323.793;0.0;0.0;0.0
ghd6;20;3;30;334.557;0.0;0.0;0.0
ghd6;20;3;31;299.746;0.0;0.0;0.0
ghd6;20;3;32;277.169;0.0;0.0;0.0
ghd6;20;3;33;255.574;0.0;0.0;0.0
ghd6;20;3;34;244.767;0.0;0.0;0.0
ghd6;20;3;35;234.093;0.0;0.0;0.0
ghd6;20;3;36;227.587;0.0;0.0;0.0
ghd6;20;3;37;218.143;0.0;0.0;0.0
ghd6;20;3;38;210.785;0.0;0.0;0.0
ghd6;20;3;39;227.849;0.0;0.0;0.0
ghd6;20;3;40;224.481;0.0;0.0;0.0
ghd6;20;3;41;231.308;0.0;0.0;0.0
ghd6;20;3;42;250.965;0.0;0.0;0.0
ghd6;20;3;43;249.26;0.0;0.0;0.0
ghd6;20;3;44;256.217;0.0;0.0;0.0
ghd6;20;3;45;267.849;0.0;0.0;0.0
ghd6;20;3;46;261.747;0.0;0.0;0.0
ghd6;20;3;47;254.659;0.0;0.0;0.0
ghd6;20;3;48;67.624;0.0;0.0;0.0
ghd6;20;3;49;66.847;0.0;0.0;0.0
ghd6;20;3;50;64.777;0.0;0.0;0.0
ghd6;20;3;51;63.951;0.0;0.0;0.0
ghd6;20;3;52;67.713;0.0;0.0;0.0
ghd6;20;3;53;67.543;0.0;0.0;0.0
ghd6;20;3;54;71.027;0.0;0.0;0.0
ghd6;20;3;55;85.569;0.0;0.0;0.0
ghd6;20;3;56;89.751;0.0;0.0;0.0
ghd6;20;3;57;81.682;0.0;0.0;0.0
ghd6;20;3;58;81.478;0.0;0.0;0.0
ghd6;20;3;59;82.842;0.0;0.0;0.0
ghd6;20;3;60;81.532;0.0;0.0;0.0
ghd6;20;3;61;74.978;0.0;0.0;0.0
ghd6;20;3;62;69.167;0.0;0.0;0.0
ghd6;20;3;63;75.779;0.0;0.0;0.0
ghd6;20;3;64;76.302;0.0;0.0;0.0
ghd6;20;3;65;207.6;0.0;0.0;0.0
ghd6;20;3;66;340.884;0.0;0.0;0.0
ghd6;20;3;67;0.0;0.0;0.0;0.0
ghd6;20;3;68;0.0;0.0;0.0;0.0
ghd6;20;3;69;0.0;0.0;0.0;0.0
ghd6;20;3;70;0.0;0.0;0.0;0.0
ghd6;20;3;71;106.931;0.0;0.0;0.0
ghd6;20;3;72;112.782;0.0;0.0;0.0
ghd6;20;3;73;113.933;0.0;0.0;0.0
ghd6;20;3;74;118.976;0.0;0.0;0.0
ghd6;20;3;75;125.062;0.0;0.0;0.0
ghd6;20;3;76;125.894;0.0;0.0;0.0
ghd6;20;3;77;127.916;0.0;0.0;0.0
ghd6;20;3;78;276.109;0.0;0.0;0.0
ghd6;20;3;79;0.0;0.0;0.0;0.0
ghd6;20;3;80;150.1;0.0;0.0;0.0
ghd6;20;3;81;140.363;0.0;0.0;0.0
ghd6;20;3;82;140.116;0.0;0.0;0.0
ghd6;20;3;83;141.857;0.0;0.0;0.0
ghd6;20;3;84;132.84;0.0;0.0;0.0
ghd6;20;3;85;250.451;0.0;0.0;0.0
ghd6;20;3;86;0.0;0.0;0.0;0.0
ghd6;20;3;87;358.726;0.0;0.0;0.0
ghd6;20;3;88;363.193;0.0;0.0;0.0
ghd6;20;3;89;364.087;0.0;0.0;0.0
ghd6;20;3;90;368.558;0.0;0.0;0.0
ghd6;20;3;91;0.0;0.0;0.0;0.0
ghd6;20;3;92;0.0;0.0;0.0;0.0
ghd6;20;3;93;235.72;0.0;0.0;0.0
ghd6;20;3;94;385.574;0.0;0.0;0.0
ghd6;20;3;95;386.47;0.0;0.0;0.0
ghd6;20;3;96;388.264;0.0;0.0;0.0
ghd6;20;3;97;391.853;0.0;0.0;0.0
ghd6;20;3;98;392.751;0.0;0.0;0.0
ghd6;20;3;99;395.445;0.0;0.0;0.0
ghd6;20;3;100;391.853;0.0;0.0;0.0
ghd6;20;3;101;386.47;0.0;0.0;0.0
ghd6;20;3;102;382.884;0.0;0.0;0.0
ghd6;20;3;103;381.092;0.0;0.0;0.0
ghd6;20;3;104;374.822;0.0;0.0;0.0
ghd6;20;3;105;372.137;0.0;0.0;0.0
ghd6;20;3;106;381.092;0.0;0.0;0.0
ghd6;20;3;107;379.51;0.0;0.0;0.0
ghd6;20;3;108;376.295;0.0;0.0;0.0
ghd6;20;3;109;353.116;0.0;0.0;0.0
ghd6;20;3;110;334.746;0.0;0.0;0.0
ghd6;20;3;111;328.866;0.0;0.0;0.0
ghd6;20;3;112;315.924;0.0;0.0;0.0
ghd6;20;3;113;311.675;0.0;0.0;0.0
ghd6;20;3;114;322.546;0.0;0.0;0.0
ghd6;20;3;115;314.96;0.0;0.0;0.0
ghd6;20;3;116;316.753;0.0;0.0;0.0
ghd6;20;3;117;331.007;0.0;0.0;0.0
ghd6;20;3;118;371.242;0.0;0.0;0.0
ghd6;20;3;119;373.031;0.0;0.0;0.0
ghd6;20;3;120;373.031;0.0;0.0;0.0
ghd6;20;3;121;374.822;0.0;0.0;0.0
ghd6;20;3;122;380.195;0.0;0.0;0.0
ghd6;20;3;123;386.47;0.0;0.0;0.0
ghd6;20;3;124;393.649;0.0;0.0;0.0
ghd6;20;3;125;27.442;0.0;0.0;0.0
ghd6;20;3;126;375.787;0.0;0.0;0.0
ghd6;20;3;127;336.976;0.0;0.0;0.0
ghd6;20;3;128;313.958;0.0;0.0;0.0
ghd6;20;3;129;302.981;0.0;0.0;0.0
ghd6;20;3;130;275.206;0.0;0.0;0.0
ghd6;20;3;131;265.1;0.0;0.0;0.0
ghd6;20;3;132;253.17;0.0;0.0;0.0
ghd6;20;3;133;239.883;0.0;0.0;0.0
ghd6;20;3;134;227.357;0.0;0.0;0.0
ghd6;20;3;135;240.723;0.0;0.0;0.0
ghd6;20;3;136;375.717;0.0;0.0;0.0
ghd6;20;3;137;102.016;0.0;0.0;0.0
ghd6;20;3;138;266.766;0.0;0.0;0.0
ghd6;20;3;139;385.574;0.0;0.0;0.0
ghd6;20;3;140;178.758;0.0;0.0;0.0
ghd6;20;3;141;314.215;0.0;0.0;0.0
ghd6;20;3;142;319.023;0.0;0.0;0.0
ghd6;20;3;143;326.457;0.0;0.0;0.0
ghd6;20;3;144;391.853;0.0;0.0;0.0
ghd6;20;3;145;265.938;0.0;0.0;0.0
ghd6;20;3;146;394.547;0.0;0.0;0.0
ghd6;20;3;147;284.629;0.0;0.0;0.0
ghd6;20;3;148;343.318;0.0;0.0;0.0
ghd6;20;3;149;346.753;0.0;0.0;0.0
ghd6;20;3;150;348.332;0.0;0.0;0.0
ghd6;20;3;151;303.659;0.0;0.0;0.0
ghd6;20;3;152;281.401;0.0;0.0;0.0
ghd6;20;3;153;243.838;0.0;0.0;0.0
ghd6;20;3;154;231.591;0.0;0.0;0.0
ghd6;20;3;155;204.649;0.0;0.0;0.0
ghd6;20;3;156;191.869;0.0;0.0;0.0
ghd6;20;3;157;352.476;0.0;0.0;0.0
ghd6;20;3;158;8.107;0.0;0.0;0.0
ghd6;20;3;159;185.128;0.0;0.0;0.0
ghd6;20;3;160;182.06;0.0;0.0;0.0
ghd6;20;3;161;178.227;0.0;0.0;0.0
ghd6;20;3;162;195.438;0.0;0.0;0.0
ghd6;20;3;163;194.01;0.0;0.0;0.0
ghd6;20;3;164;197.233;0.0;0.0;0.0
ghd6;20;3;165;254.874;0.0;0.0;0.0
ghd6;20;3;166;350.692;0.0;0.0;0.0
ghd6;20;3;167;354.261;0.0;0.0;0.0
mixed1;0;0;0;16.917;0.0;0.0;0.0
mixed1;0;0;1;145.332;0.0;0.0;0.0
mixed1;0;0;2;20.233;0.0;0.0;0.0
mixed1;0;0;3;136.1;0.0;0.0;0.0
mixed1;0;0;4;136.849;0.0;0.0;0.0
mixed1;0;0;5;141.132;0.0;0.0;0.0
mixed1;0;0;6;162.039;0.0;0.0;0.0
mixed1;0;0;7;196.066;0.0;0.0;0.0
mixed1;0;0;8;135.951;0.0;0.0;0.0
mixed1;0;0;9;15.847;0.0;0.0;0.0
mixed1;0;0;10;0.0;0.0;0.0;0.0
mixed1;0;0;11;19.24;0.0;0.0;0.0
mixed1;0;0;12;5.696;0.0;0.0;0.0
mixed1;0;0;13;135.912;0.0;0.0;0.0
mixed1;0;0;14;29.922;0.0;0.0;0.0
mixed1;0;0;15;0.0;0.0;0.0;0.0
mixed1;0;0;16;43.658;0.0;0.0;0.0
mixed1;0;0;17;149.156;0.0;0.0;0.0
mixed1;0;0;18;219.332;0.0;0.0;0.0
mixed1;0;0;19;73.206;0.0;0.0;0.0
mixed1;0;0;20;224.991;0.0;0.0;0.0
mixed1;0;0;21;211.561;0.0;0.0;0.0
mixed1;0;0;22;202.612;0.0;0.0;0.0
mixed1;0;0;23;197.134;0.0;0.0;0.0
mixed1;0;0;24;16.85;0.0;0.0;0.0
mixed1;0;0;25;18.334;0.0;0.0;0.0
mixed1;0;0;26;138.71;0.0;0.0;0.0
mixed1;0;0;27;178.911;0.0;0.0;0.0
mixed1;0;0;28;178.208;0.0;0.0;0.0
mixed1;0;0;29;182.657;0.0;0.0;0.0
mixed1;0;0;30;77.4;0.0;0.0;0.0
mixed1;0;0;31;216.082;0.0;0.0;0.0
mixed1;0;0;32;163.171;0.0;0.0;0.0
mixed1;0;0;33;49.787;0.0;0.0;0.0
mixed1;0;0;34;-0.0;0.0;0.0;0.0
mixed1;0;0;35;0.0;3.352;0.0;0.0
mixed1;0;0;36;0.0;0.0;0.0;0.0
mixed1;0;0;37;0.0;95.037;0.0;0.0
mixed1;0;0;38;0.0;136.433;0.0;0.0
mixed1;0;0;39;0.0;70.834;0.0;0.0
mixed1;0;0;40;54.352;0.0;0.0;0.0
mixed1;0;0;41;156.264;0.0;0.0;0.0
mixed1;0;0;42;206.489;0.0;0.0;0.0
mixed1;0;0;43;222.076;0.0;0.0;0.0
mixed1;0;0;44;221.583;0.0;0.0;0.0
mixed1;0;0;45;84.301;0.0;0.0;0.0
mixed1;0;0;46;218.957;0.0;0.0;0.0
mixed1;0;0;47;46.733;0.0;0.0;0.0
mixed1;0;0;48;17.282;0.0;0.0;0.0
mixed1;0;0;49;19.915;0.0;0.0;0.0
mixed1;0;0;50;19.197;0.0;0.0;0.0
mixed1;0;0;51;18.749;0.0;0.0;0.0
mixed1;0;0;52;19.09;0.0;0.0;0.0
mixed1;0;0;53;122.69;0.0;0.0;0.0
mixed1;0;0;54;129.216;0.0;0.0;0.0
mixed1;0;0;55;191.041;0.0;0.0;0.0
mixed1;0;0;56;159.586;0.0;0.0;0.0
mixed1;0;0;57;80.17;0.0;0.0;0.0
mixed1;0;0;58;8.71;0.0;0.0;0.0
mixed1;0;0;59;-0.0;0.0;0.0;0.0
mixed1;0;0;60;87.777;0.0;0.0;0.0
mixed1;0;0;61;33.229;0.0;0.0;0.0
mixed1;0;0;62;14.97;0.0;0.0;0.0
mixed1;0;0;63;-0.0;0.0;0.0;0.0
mixed1;0;0;64;0.0;4.291;0.0;0.0
mixed1;0;0;65;35.529;0.0;0.0;0.0
mixed1;0;0;66;83.528;0.0;0.0;0.0
mixed1;0;0;67;230.14;0.0;0.0;0.0
mixed1;0;0;68;204.928;0.0;0.0;0.0
mixed1;0;0;69;211.104;0.0;0.0;0.0
mixed1;0;0;70;193.563;0.0;0.0;0.0
mixed1;0;0;71;186.105;0.0;0.0;0.0
mixed1;0;0;72;16.68;0.0;0.0;0.0
mixed1;0;0;73;18.497;0.0;0.0;0.0
mixed1;0;0;74;18.753;0.0;0.0;0.0
mixed1;0;0;75;19.291;0.0;0.0;0.0
mixed1;0;0;76;70.591;0.0;0.0;0.0
mixed1;0;0;77;19.385;0.0;0.0;0.0
mixed1;0;0;78;128.015;0.0;0.0;0.0
mixed1;0;0;79;184.432;0.0;0.0;0.0
mixed1;0;0;80;144.486;0.0;0.0;0.0
mixed1;0;0;81;132.72;0.0;0.0;0.0
mixed1;0;0;82;128.514;0.0;0.0;0.0
mixed1;0;0;83;131.029;0.0;0.0;0.0
mixed1;0;0;84;103.084;0.0;0.0;0.0
mixed1;0;0;85;108.405;0.0;0.0;0.0
mixed1;0;0;86;153.839;0.0;0.0;0.0
mixed1;0;0;87;107.345;0.0;0.0;0.0
mixed1;0;0;88;144.828;0.0;0.0;0.0
mixed1;0;0;89;125.197;0.0;0.0;0.0
mixed1;0;0;90;210.624;0.0;0.0;0.0
mixed1;0;0;91;231.224;0.0;0.0;0.0
mixed1;0;0;92;251.938;0.0;0.0;0.0
mixed1;0;0;93;234.825;0.0;0.0;0.0
mixed1;0;0;94;235.56;0.0;0.0;0.0
mixed1;0;0;95;215.428;0.0;0.0;0.0
mixed1;0;0;96;186.313;0.0;0.0;0.0
mixed1;0;0;97;195.0;0.0;0.0;0.0
mixed1;0;0;98;189.773;0.0;0.0;0.0
mixed1;0;0;99;191.416;0.0;0.0;0.0
mixed1;0;0;100;192.068;0.0;0.0;0.0
mixed1;0;0;101;192.282;0.0;0.0;0.0
mixed1;0;0;102;192.343;0.0;0.0;0.0
mixed1;0;0;103;230.35;0.0;0.0;0.0
mixed1;0;0;104;204.009;0.0;0.0;0.0
mixed1;0;0;105;133.153;0.0;0.0;0.0
mixed1;0;0;106;147.109;0.0;0.0;0.0
mixed1;0;0;107;170.83;0.0;0.0;0.0
mixed1;0;0;108;164.157;0.0;0.0;0.0
mixed1;0;0;109;168.465;0.0;0.0;0.0
mixed1;0;0;110;27.228;0.0;0.0;0.0
mixed1;0;0;111;41.93;0.0;0.0;0.0
mixed1;0;0;112;202.818;0.0;0.0;0.0
mixed1;0;0;113;216.08;0.0;0.0;0.0
mixed1;0;0;114;239.801;0.0;0.0;0.0
mixed1;0;0;115;253.059;0.0;0.0;0.0
mixed1;0;0;116;255.454;0.0;0.0;0.0
mixed1;0;0;117;246.958;0.0;0.0;0.0
mixed1;0;0;118;239.874;0.0;0.0;0.0
mixed1;0;0;119;213.503;0.0;0.0;0.0
mixed1;0;0;120;193.156;0.0;0.0;0.0
mixed1;0;0;121;195.161;0.0;0.0;0.0
mixed1;0;0;122;192.682;0.0;0.0;0.0
mixed1;0;0;123;194.301;0.0;0.0;0.0
mixed1;0;0;124;192.986;0.0;0.0;0.0
mixed1;0;0;125;193.781;0.0;0.0;0.0
mixed1;0;0;126;196.042;0.0;0.0;0.0
mixed1;0;0;127;235.85;0.0;0.0;0.0
mixed1;0;0;128;200.699;0.0;0.0;0.0
mixed1;0;0;129;85.335;0.0;0.0;0.0
mixed1;0;0;130;85.95;0.0;0.0;0.0
mixed1;0;0;131;157.884;0.0;0.0;0.0
mixed1;0;0;132;179.75;0.0;0.0;0.0
mixed1;0;0;133;154.076;0.0;0.0;0.0
mixed1;0;0;134;160.763;0.0;0.0;0.0
mixed1;0;0;135;84.273;0.0;0.0;0.0
mixed1;0;0;136;106.018;0.0;0.0;0.0
mixed1;0;0;137;114.953;0.0;0.0;0.0
mixed1;0;0;138;243.584;0.0;0.0;0.0
mixed1;0;0;139;240.253;0.0;0.0;0.0
mixed1;0;0;140;244.904;0.0;0.0;0.0
mixed1;0;0;141;231.223;0.0;0.0;0.0
mixed1;0;0;142;247.962;0.0;0.0;0.0
mixed1;0;0;143;218.125;0.0;0.0;0.0
mixed1;0;0;144;194.581;0.0;0.0;0.0
mixed1;0;0;145;202.11;0.0;0.0;0.0
mixed1;0;0;146;199.986;0.0;0.0;0.0
mixed1;0;0;147;203.064;0.0;0.0;0.0
mixed1;0;0;148;204.293;0.0;0.0;0.0
mixed1;0;0;149;254.924;0.0;0.0;0.0
mixed1;0;0;150;277.166;0.0;0.0;0.0
mixed1;0;0;151;311.096;0.0;0.0;0.0
mixed1;0;0;152;215.964;0.0;0.0;0.0
mixed1;0;0;153;61.564;0.0;0.0;0.0
mixed1;0;0;154;0.0;0.0;0.0;0.0
mixed1;0;0;155;74.498;0.0;0.0;0.0
mixed1;0;0;156;4.342;0.0;0.0;0.0
mixed1;0;0;157;154.442;0.0;0.0;0.0
mixed1;0;0;158;246.423;0.0;0.0;0.0
mixed1;0;0;159;199.092;0.0;0.0;0.0
mixed1;0;0;160;158.268;0.0;0.0;0.0
mixed1;0;0;161;222.967;0.0;0.0;0.0
mixed1;0;0;162;295.278;0.0;0.0;0.0
mixed1;0;0;163;322.558;0.0;0.0;0.0
mixed1;0;0;164;325.732;0.0;0.0;0.0
mixed1;0;0;165;324.114;0.0;0.0;0.0
mixed1;0;0;166;318.004;0.0;0.0;0.0
mixed1;0;0;167;302.199;0.0;0.0;0.0
mixed1;0;1;0;16.763;0.0;0.0;0.0
mixed1;0;1;1;17.892;0.0;0.0;0.0
mixed1;0;1;2;18.353;0.0;0.0;0.0
mixed1;0;1;3;19.991;0.0;0.0;0.0
mixed1;0;1;4;21.049;0.0;0.0;0.0
mixed1;0;1;5;19.563;0.0;0.0;0.0
mixed1;0;1;6;21.098;0.0;0.0;0.0
mixed1;0;1;7;0.0;14.251;0.0;0.0
mixed1;0;1;8;-48.93;43.38;0.0;48.93
mixed1;0;1;9;-151.288;47.579;0.0;151.288
mixed1;0;1;10;-233.857;56.187;0.0;233.857
mixed1;0;1;11;-304.87;39.313;0.0;304.87
mixed1;0;1;12;-339.061;43.482;0.0;339.061
mixed1;0;1;13;-381.731;47.751;0.0;381.731
mixed1;0;1;14;-299.109;41.271;0.0;299.109
mixed1;0;1;15;-182.048;39.599;0.0;182.048
mixed1;0;1;16;-81.605;43.974;0.0;81.605
mixed1;0;1;17;-6.112;47.748;0.0;6.112
mixed1;0;1;18;4.916;0.0;0.0;0.0
mixed1;0;1;19;71.674;0.0;0.0;0.0
mixed1;0;1;20;73.7;0.0;0.0;0.0
mixed1;0;1;21;70.329;0.0;0.0;0.0
mixed1;0;1;22;58.006;0.0;0.0;0.0
mixed1;0;1;23;41.519;0.0;0.0;0.0
mixed1;0;1;24;17.033;0.0;0.0;0.0
mixed1;0;1;25;22.962;0.0;0.0;0.0
mixed1;0;1;26;19.109;0.0;0.0;0.0
mixed1;0;1;27;19.443;0.0;0.0;0.0
mixed1;0;1;28;18.48;0.0;0.0;0.0
mixed1;0;1;29;20.301;0.0;0.0;0.0
mixed1;0;1;30;21.02;0.0;0.0;0.0
mixed1;0;1;31;0.0;0.0;0.0;0.0
mixed1;0;1;32;-30.358;55.119;0.0;30.358
mixed1;0;1;33;-138.634;54.444;0.0;138.634
mixed1;0;1;34;-212.685;55.076;0.0;212.685
mixed1;0;1;35;-292.274;52.294;0.0;292.274
mixed1;0;1;36;-379.994;48.604;0.0;379.994
mixed1;0;1;37;-383.104;48.282;0.0;383.104
mixed1;0;1;38;-354.814;46.953;0.0;354.814
mixed1;0;1;39;-269.974;64.111;0.0;269.974
mixed1;0;1;40;-184.724;48.577;0.0;184.724
mixed1;0;1;41;0.0;44.199;0.0;0.0
mixed1;0;1;42;0.0;16.77;0.0;0.0
mixed1;0;1;43;58.004;0.0;0.0;0.0
mixed1;0;1;44;77.275;0.0;0.0;0.0
mixed1;0;1;45;65.547;0.0;0.0;0.0
mixed1;0;1;46;56.193;0.0;0.0;0.0
mixed1;0;1;47;56.054;0.0;0.0;0.0
mixed1;0;1;48;17.665;0.0;0.0;0.0
mixed1;0;1;49;19.433;0.0;0.0;0.0
mixed1;0;1;50;18.81;0.0;0.0;0.0
mixed1;0;1;51;18.246;0.0;0.0;0.0
mixed1;0;1;52;22.32;0.0;0.0;0.0
mixed1;0;1;53;19.955;0.0;0.0;0.0
mixed1;0;1;54;22.052;0.0;0.0;0.0
mixed1;0;1;55;19.508;0.0;0.0;0.0
mixed1;0;1;56;-30.562;41.68;0.0;30.562
mixed1;0;1;57;-141.404;38.964;0.0;141.404
mixed1;0;1;58;-214.315;55.713;0.0;214.315
mixed1;0;1;59;-277.752;58.725;0.0;277.752
mixed1;0;1;60;-339.63;52.686;0.0;339.63
mixed1;0;1;61;-300.427;45.599;0.0;300.427
mixed1;0;1;62;-154.34;48.877;0.0;154.34
mixed1;0;1;63;-0.0;0.0;0.0;0.0
mixed1;0;1;64;-75.781;33.06;0.0;75.781
mixed1;0;1;65;-49.343;37.919;0.0;49.343
mixed1;0;1;66;2.275;0.0;0.0;0.0
mixed1;0;1;67;53.934;0.0;0.0;0.0
mixed1;0;1;68;77.337;0.0;0.0;0.0
mixed1;0;1;69;64.027;0.0;0.0;0.0
mixed1;0;1;70;58.409;0.0;0.0;0.0
mixed1;0;1;71;39.712;0.0;0.0;0.0
mixed1;0;1;72;17.553;0.0;0.0;0.0
mixed1;0;1;73;19.72;0.0;0.0;0.0
mixed1;0;1;74;19.438;0.0;0.0;0.0
mixed1;0;1;75;18.504;0.0;0.0;0.0
mixed1;0;1;76;18.562;0.0;0.0;0.0
mixed1;0;1;77;23.894;0.0;0.0;0.0
mixed1;0;1;78;19.004;0.0;0.0;0.0
mixed1;0;1;79;0.0;10.578;0.0;0.0
mixed1;0;1;80;-69.671;36.68;0.0;69.671
mixed1;0;1;81;-159.522;62.945;0.0;159.522
mixed1;0;1;82;-266.273;57.927;0.0;266.273
mixed1;0;1;83;-343.918;55.347;0.0;343.918
mixed1;0;1;84;-382.491;52.193;0.0;382.491
mixed1;0;1;85;-350.884;44.247;0.0;350.884
mixed1;0;1;86;-290.426;52.782;0.0;290.426
mixed1;0;1;87;-5.774;255.748;0.0;5.774
mixed1;0;1;88;-116.168;39.183;0.0;116.168
mixed1;0;1;89;-26.625;45.756;0.0;26.625
mixed1;0;1;90;0.0;18.361;0.0;0.0
mixed1;0;1;91;57.898;0.0;0.0;0.0
mixed1;0;1;92;67.966;0.0;0.0;0.0
mixed1;0;1;93;64.396;0.0;0.0;0.0
mixed1;0;1;94;58.339;0.0;0.0;0.0
mixed1;0;1;95;49.996;0.0;0.0;0.0
mixed1;0;1;96;16.783;0.0;0.0;0.0
mixed1;0;1;97;18.711;0.0;0.0;0.0
mixed1;0;1;98;22.833;0.0;0.0;0.0
mixed1;0;1;99;19.229;0.0;0.0;0.0
mixed1;0;1;100;18.228;0.0;0.0;0.0
mixed1;0;1;101;19.633;0.0;0.0;0.0
mixed1;0;1;102;17.193;0.0;0.0;0.0
mixed1;0;1;103;0.0;5.702;0.0;0.0
mixed1;0;1;104;-23.737;30.946;0.0;23.737
mixed1;0;1;105;-3.264;64.791;0.0;3.264
mixed1;0;1;106;-140.018;66.437;0.0;140.018
mixed1;0;1;107;-316.828;65.668;0.0;316.828
mixed1;0;1;108;-374.277;66.552;0.0;374.277
mixed1;0;1;109;-286.505;60.937;0.0;286.505
mixed1;0;1;110;-77.77;67.02;0.0;77.77
mixed1;0;1;111;-49.732;63.664;0.0;49.732
mixed1;0;1;112;-24.185;58.337;0.0;24.185
mixed1;0;1;113;0.0;0.0;0.0;0.0
mixed1;0;1;114;0.0;11.02;0.0;0.0
mixed1;0;1;115;63.724;0.0;0.0;0.0
mixed1;0;1;116;71.854;0.0;0.0;0.0
mixed1;0;1;117;59.689;0.0;0.0;0.0
mixed1;0;1;118;53.321;0.0;0.0;0.0
mixed1;0;1;119;35.648;0.0;0.0;0.0
mixed1;0;1;120;16.989;0.0;0.0;0.0
mixed1;0;1;121;20.609;0.0;0.0;0.0
mixed1;0;1;122;18.532;0.0;0.0;0.0
mixed1;0;1;123;18.088;0.0;0.0;0.0
mixed1;0;1;124;19.257;0.0;0.0;0.0
mixed1;0;1;125;19.214;0.0;0.0;0.0
mixed1;0;1;126;19.098;0.0;0.0;0.0
mixed1;0;1;127;19.059;0.0;0.0;0.0
mixed1;0;1;128;-41.714;41.745;0.0;41.714
mixed1;0;1;129;-146.81;56.831;0.0;146.81
mixed1;0;1;130;-242.927;58.568;0.0;242.927
mixed1;0;1;131;-324.146;48.303;0.0;324.146
mixed1;0;1;132;-347.311;58.678;0.0;347.311
mixed1;0;1;133;-330.094;46.602;0.0;330.094
mixed1;0;1;134;-248.781;50.586;0.0;248.781
mixed1;0;1;135;-155.095;46.465;0.0;155.095
mixed1;0;1;136;-94.172;53.099;0.0;94.172
mixed1;0;1;137;0.0;45.925;0.0;0.0
mixed1;0;1;138;0.0;6.211;0.0;0.0
mixed1;0;1;139;63.201;0.0;0.0;0.0
mixed1;0;1;140;65.642;0.0;0.0;0.0
mixed1;0;1;141;62.976;0.0;0.0;0.0
mixed1;0;1;142;52.098;0.0;0.0;0.0
mixed1;0;1;143;62.957;0.0;0.0;0.0
mixed1;0;1;144;17.761;0.0;0.0;0.0
mixed1;0;1;145;18.734;0.0;0.0;0.0
mixed1;0;1;146;18.328;0.0;0.0;0.0
mixed1;0;1;147;18.938;0.0;0.0;0.0
mixed1;0;1;148;21.383;0.0;0.0;0.0
mixed1;0;1;149;19.675;0.0;0.0;0.0
mixed1;0;1;150;20.827;0.0;0.0;0.0
mixed1;0;1;151;0.709;0.0;0.0;0.0
mixed1;0;1;152;-41.267;41.161;0.0;41.267
mixed1;0;1;153;-143.199;62.801;0.0;143.199
mixed1;0;1;154;-253.609;52.895;0.0;253.609
mixed1;0;1;155;-326.291;54.978;0.0;326.291
mixed1;0;1;156;-363.24;60.875;0.0;363.24
mixed1;0;1;157;-358.039;59.655;0.0;358.039
mixed1;0;1;158;-239.083;52.692;0.0;239.083
mixed1;0;1;159;0.0;178.301;0.0;0.0
mixed1;0;1;160;-134.779;46.533;0.0;134.779
mixed1;0;1;161;0.0;40.678;0.0;0.0
mixed1;0;1;162;0.0;25.625;0.0;0.0
mixed1;0;1;163;66.909;0.0;0.0;0.0
mixed1;0;1;164;76.092;0.0;0.0;0.0
mixed1;0;1;165;68.057;0.0;0.0;0.0
mixed1;0;1;166;69.299;0.0;0.0;0.0
mixed1;0;1;167;42.765;0.0;0.0;0.0
mixed1;0;2;0;166.328;0.0;0.0;0.0
mixed1;0;2;1;178.378;0.0;0.0;0.0
mixed1;0;2;2;173.171;0.0;0.0;0.0
mixed1;0;2;3;18.823;0.0;0.0;0.0
mixed1;0;2;4;19.18;0.0;0.0;0.0
mixed1;0;2;5;145.655;0.0;0.0;0.0
mixed1;0;2;6;21.88;0.0;0.0;0.0
mixed1;0;2;7;155.14;0.0;0.0;0.0
mixed1;0;2;8;5.738;0.0;0.0;0.0
mixed1;0;2;9;0.0;149.102;0.0;0.0
mixed1;0;2;10;-46.092;211.808;0.0;46.092
mixed1;0;2;11;-165.025;182.907;0.0;165.025
mixed1;0;2;12;-247.314;143.491;0.0;247.314
mixed1;0;2;13;0.0;247.314;0.0;0.0
mixed1;0;2;14;0.0;96.255;0.0;0.0
mixed1;0;2;15;0.0;33.514;0.0;0.0
mixed1;0;2;16;0.0;31.855;0.0;0.0
mixed1;0;2;17;0.0;0.001;0.0;0.0
mixed1;0;2;18;69.782;0.0;0.0;0.0
mixed1;0;2;19;102.778;0.0;0.0;0.0
mixed1;0;2;20;119.464;0.0;0.0;0.0
mixed1;0;2;21;109.981;0.0;0.0;0.0
mixed1;0;2;22;117.231;0.0;0.0;0.0
mixed1;0;2;23;117.907;0.0;0.0;0.0
mixed1;0;2;24;89.317;0.0;0.0;0.0
mixed1;0;2;25;19.219;0.0;0.0;0.0
mixed1;0;2;26;18.695;0.0;0.0;0.0
mixed1;0;2;27;18.878;0.0;0.0;0.0
mixed1;0;2;28;18.35;0.0;0.0;0.0
mixed1;0;2;29;22.177;0.0;0.0;0.0
mixed1;0;2;30;58.762;0.0;0.0;0.0
mixed1;0;2;31;131.799;0.0;0.0;0.0
mixed1;0;2;32;0.0;8.005;0.0;0.0
mixed1;0;2;33;0.0;124.264;0.0;0.0
mixed1;0;2;34;-27.962;220.007;0.0;27.962
mixed1;0;2;35;-153.074;181.757;0.0;153.074
mixed1;0;2;36;-213.146;147.256;0.0;213.146
mixed1;0;2;37;-141.251;118.208;0.0;141.251
mixed1;0;2;38;0.0;226.385;0.0;0.0
mixed1;0;2;39;-93.145;59.136;0.0;93.145
mixed1;0;2;40;0.0;33.188;0.0;0.0
mixed1;0;2;41;0.0;0.001;0.0;0.0
mixed1;0;2;42;45.873;0.0;0.0;0.0
mixed1;0;2;43;67.545;0.0;0.0;0.0
mixed1;0;2;44;78.285;0.0;0.0;0.0
mixed1;0;2;45;65.811;0.0;0.0;0.0
mixed1;0;2;46;69.962;0.0;0.0;0.0
mixed1;0;2;47;45.367;0.0;0.0;0.0
mixed1;0;2;48;16.822;0.0;0.0;0.0
mixed1;0;2;49;17.764;0.0;0.0;0.0
mixed1;0;2;50;19.345;0.0;0.0;0.0
mixed1;0;2;51;18.273;0.0;0.0;0.0
mixed1;0;2;52;18.43;0.0;0.0;0.0
mixed1;0;2;53;19.109;0.0;0.0;0.0
mixed1;0;2;54;19.644;0.0;0.0;0.0
mixed1;0;2;55;65.553;0.0;0.0;0.0
mixed1;0;2;56;30.469;0.0;0.0;0.0
mixed1;0;2;57;12.396;0.0;0.0;0.0
mixed1;0;2;58;30.253;0.0;0.0;0.0
mixed1;0;2;59;6.663;0.0;0.0;0.0
mixed1;0;2;60;0.0;0.001;0.0;0.0
mixed1;0;2;61;-0.0;0.0;0.0;0.0
mixed1;0;2;62;0.0;0.0;0.0;0.0
mixed1;0;2;63;65.219;0.0;0.0;0.0
mixed1;0;2;64;0.001;0.0;0.0;0.0
mixed1;0;2;65;20.4;0.0;0.0;0.0
mixed1;0;2;66;54.531;0.0;0.0;0.0
mixed1;0;2;67;71.876;0.0;0.0;0.0
mixed1;0;2;68;82.575;0.0;0.0;0.0
mixed1;0;2;69;62.48;0.0;0.0;0.0
mixed1;0;2;70;188.979;0.0;0.0;0.0
mixed1;0;2;71;58.581;0.0;0.0;0.0
mixed1;0;2;72;149.364;0.0;0.0;0.0
mixed1;0;2;73;23.613;0.0;0.0;0.0
mixed1;0;2;74;18.041;0.0;0.0;0.0
mixed1;0;2;75;19.582;0.0;0.0;0.0
mixed1;0;2;76;17.903;0.0;0.0;0.0
mixed1;0;2;77;23.818;0.0;0.0;0.0
mixed1;0;2;78;22.748;0.0;0.0;0.0
mixed1;0;2;79;1.931;0.0;0.0;0.0
mixed1;0;2;80;5.704;0.0;0.0;0.0
mixed1;0;2;81;0.001;0.0;0.0;0.0
mixed1;0;2;82;14.174;0.0;0.0;0.0
mixed1;0;2;83;0.0;31.941;0.0;0.0
mixed1;0;2;84;-49.185;106.405;0.0;49.185
mixed1;0;2;85;0.0;78.429;0.0;0.0
mixed1;0;2;86;-0.0;0.0;0.0;0.0
mixed1;0;2;87;-0.0;0.0;0.0;0.0
mixed1;0;2;88;0.0;0.0;0.0;0.0
mixed1;0;2;89;19.247;0.0;0.0;0.0
mixed1;0;2;90;39.498;0.0;0.0;0.0
mixed1;0;2;91;50.629;0.0;0.0;0.0
mixed1;0;2;92;123.604;0.0;0.0;0.0
mixed1;0;2;93;62.695;0.0;0.0;0.0
mixed1;0;2;94;195.699;0.0;0.0;0.0
mixed1;0;2;95;93.25;0.0;0.0;0.0
mixed1;0;2;96;125.121;0.0;0.0;0.0
mixed1;0;2;97;135.693;0.0;0.0;0.0
mixed1;0;2;98;18.744;0.0;0.0;0.0
mixed1;0;2;99;19.302;0.0;0.0;0.0
mixed1;0;2;100;19.654;0.0;0.0;0.0
mixed1;0;2;101;74.973;0.0;0.0;0.0
mixed1;0;2;102;22.055;0.0;0.0;0.0
mixed1;0;2;103;158.069;0.0;0.0;0.0
mixed1;0;2;104;16.196;0.0;0.0;0.0
mixed1;0;2;105;0.0;57.505;0.0;0.0
mixed1;0;2;106;0.0;97.866;0.0;0.0
mixed1;0;2;107;0.0;35.114;0.0;0.0
mixed1;0;2;108;0.0;110.671;0.0;0.0
mixed1;0;2;109;0.0;87.136;0.0;0.0
mixed1;0;2;110;0.0;68.322;0.0;0.0
mixed1;0;2;111;0.0;0.0;0.0;0.0
mixed1;0;2;112;0.0;0.0;0.0;0.0
mixed1;0;2;113;2.424;0.0;0.0;0.0
mixed1;0;2;114;60.403;0.0;0.0;0.0
mixed1;0;2;115;67.327;0.0;0.0;0.0
mixed1;0;2;116;73.727;0.0;0.0;0.0
mixed1;0;2;117;59.035;0.0;0.0;0.0
mixed1;0;2;118;64.329;0.0;0.0;0.0
mixed1;0;2;119;37.669;0.0;0.0;0.0
mixed1;0;2;120;16.642;0.0;0.0;0.0
mixed1;0;2;121;24.197;0.0;0.0;0.0
mixed1;0;2;122;21.166;0.0;0.0;0.0
mixed1;0;2;123;40.884;0.0;0.0;0.0
mixed1;0;2;124;73.131;0.0;0.0;0.0
mixed1;0;2;125;76.632;0.0;0.0;0.0
mixed1;0;2;126;88.615;0.0;0.0;0.0
mixed1;0;2;127;115.656;0.0;0.0;0.0
mixed1;0;2;128;71.081;0.0;0.0;0.0
mixed1;0;2;129;36.767;0.0;0.0;0.0
mixed1;0;2;130;0.0;0.001;0.0;0.0
mixed1;0;2;131;0.0;0.001;0.0;0.0
mixed1;0;2;132;0.0;43.922;0.0;0.0
mixed1;0;2;133;0.0;87.098;0.0;0.0
mixed1;0;2;134;0.0;0.0;0.0;0.0
mixed1;0;2;135;0.001;0.0;0.0;0.0
mixed1;0;2;136;0.0;0.0;0.0;0.0
mixed1;0;2;137;148.824;0.0;0.0;0.0
mixed1;0;2;138;126.529;0.0;0.0;0.0
mixed1;0;2;139;114.695;0.0;0.0;0.0
mixed1;0;2;140;78.981;0.0;0.0;0.0
mixed1;0;2;141;69.214;0.0;0.0;0.0
mixed1;0;2;142;134.783;0.0;0.0;0.0
mixed1;0;2;143;45.278;0.0;0.0;0.0
mixed1;0;2;144;16.821;0.0;0.0;0.0
mixed1;0;2;145;18.137;0.0;0.0;0.0
mixed1;0;2;146;18.381;0.0;0.0;0.0
mixed1;0;2;147;19.946;0.0;0.0;0.0
mixed1;0;2;148;18.542;0.0;0.0;0.0
mixed1;0;2;149;19.36;0.0;0.0;0.0
mixed1;0;2;150;19.909;0.0;0.0;0.0
mixed1;0;2;151;52.224;0.0;0.0;0.0
mixed1;0;2;152;48.516;0.0;0.0;0.0
mixed1;0;2;153;80.91;0.0;0.0;0.0
mixed1;0;2;154;82.327;0.0;0.0;0.0
mixed1;0;2;155;46.987;0.0;0.0;0.0
mixed1;0;2;156;21.141;0.0;0.0;0.0
mixed1;0;2;157;31.49;0.0;0.0;0.0
mixed1;0;2;158;29.397;0.0;0.0;0.0
mixed1;0;2;159;101.021;0.0;0.0;0.0
mixed1;0;2;160;166.63;0.0;0.0;0.0
mixed1;0;2;161;63.561;0.0;0.0;0.0
mixed1;0;2;162;76.909;0.0;0.0;0.0
mixed1;0;2;163;71.248;0.0;0.0;0.0
mixed1;0;2;164;82.687;0.0;0.0;0.0
mixed1;0;2;165;63.305;0.0;0.0;0.0
mixed1;0;2;166;174.526;0.0;0.0;0.0
mixed1;0;2;167;173.116;0.0;0.0;0.0
mixed1;0;3;0;195.728;0.0;0.0;0.0
mixed1;0;3;1;199.891;0.0;0.0;0.0
mixed1;0;3;2;194.526;0.0;0.0;0.0
mixed1;0;3;3;194.981;0.0;0.0;0.0
mixed1;0;3;4;195.309;0.0;0.0;0.0
mixed1;0;3;5;199.35;0.0;0.0;0.0
mixed1;0;3;6;202.073;0.0;0.0;0.0
mixed1;0;3;7;239.948;0.0;0.0;0.0
mixed1;0;3;8;247.382;0.0;0.0;0.0
mixed1;0;3;9;196.853;0.0;0.0;0.0
mixed1;0;3;10;144.093;0.0;0.0;0.0
mixed1;0;3;11;146.951;0.0;0.0;0.0
mixed1;0;3;12;73.659;0.0;0.0;0.0
mixed1;0;3;13;0.0;6.575;0.0;0.0
mixed1;0;3;14;0.0;0.085;0.0;0.0
mixed1;0;3;15;32.948;0.0;0.0;0.0
mixed1;0;3;16;183.085;0.0;0.0;0.0
mixed1;0;3;17;246.05;0.0;0.0;0.0
mixed1;0;3;18;238.453;0.0;0.0;0.0
mixed1;0;3;19;247.067;0.0;0.0;0.0
mixed1;0;3;20;252.382;0.0;0.0;0.0
mixed1;0;3;21;243.894;0.0;0.0;0.0
mixed1;0;3;22;231.019;0.0;0.0;0.0
mixed1;0;3;23;217.797;0.0;0.0;0.0
mixed1;0;3;24;193.337;0.0;0.0;0.0
mixed1;0;3;25;204.183;0.0;0.0;0.0
mixed1;0;3;26;196.81;0.0;0.0;0.0
mixed1;0;3;27;197.475;0.0;0.0;0.0
mixed1;0;3;28;198.766;0.0;0.0;0.0
mixed1;0;3;29;201.533;0.0;0.0;0.0
mixed1;0;3;30;204.144;0.0;0.0;0.0
mixed1;0;3;31;230.839;0.0;0.0;0.0
mixed1;0;3;32;246.802;0.0;0.0;0.0
mixed1;0;3;33;215.17;0.0;0.0;0.0
mixed1;0;3;34;87.639;0.0;0.0;0.0
mixed1;0;3;35;69.45;0.0;0.0;0.0
mixed1;0;3;36;42.904;0.0;0.0;0.0
mixed1;0;3;37;86.801;0.0;0.0;0.0
mixed1;0;3;38;207.851;0.0;0.0;0.0
mixed1;0;3;39;215.674;0.0;0.0;0.0
mixed1;0;3;40;247.069;0.0;0.0;0.0
mixed1;0;3;41;248.174;0.0;0.0;0.0
mixed1;0;3;42;248.53;0.0;0.0;0.0
mixed1;0;3;43;254.253;0.0;0.0;0.0
mixed1;0;3;44;243.827;0.0;0.0;0.0
mixed1;0;3;45;237.393;0.0;0.0;0.0
mixed1;0;3;46;232.911;0.0;0.0;0.0
mixed1;0;3;47;208.692;0.0;0.0;0.0
mixed1;0;3;48;131.376;0.0;0.0;0.0
mixed1;0;3;49;131.836;0.0;0.0;0.0
mixed1;0;3;50;124.251;0.0;0.0;0.0
mixed1;0;3;51;121.618;0.0;0.0;0.0
mixed1;0;3;52;119.803;0.0;0.0;0.0
mixed1;0;3;53;127.29;0.0;0.0;0.0
mixed1;0;3;54;130.507;0.0;0.0;0.0
mixed1;0;3;55;169.452;0.0;0.0;0.0
mixed1;0;3;56;181.811;0.0;0.0;0.0
mixed1;0;3;57;175.101;0.0;0.0;0.0
mixed1;0;3;58;139.383;0.0;0.0;0.0
mixed1;0;3;59;145.232;0.0;0.0;0.0
mixed1;0;3;60;72.715;0.0;0.0;0.0
mixed1;0;3;61;0.0;0.0;0.0;0.0
mixed1;0;3;62;13.042;0.0;0.0;0.0
mixed1;0;3;63;80.228;0.0;0.0;0.0
mixed1;0;3;64;158.967;0.0;0.0;0.0
mixed1;0;3;65;236.255;0.0;0.0;0.0
mixed1;0;3;66;224.124;0.0;0.0;0.0
mixed1;0;3;67;225.249;0.0;0.0;0.0
mixed1;0;3;68;225.598;0.0;0.0;0.0
mixed1;0;3;69;56.64;0.0;0.0;0.0
mixed1;0;3;70;61.653;0.0;0.0;0.0
mixed1;0;3;71;156.227;0.0;0.0;0.0
mixed1;0;3;72;131.06;0.0;0.0;0.0
mixed1;0;3;73;137.324;0.0;0.0;0.0
mixed1;0;3;74;175.912;0.0;0.0;0.0
mixed1;0;3;75;181.022;0.0;0.0;0.0
mixed1;0;3;76;180.685;0.0;0.0;0.0
mixed1;0;3;77;181.347;0.0;0.0;0.0
mixed1;0;3;78;180.406;0.0;0.0;0.0
mixed1;0;3;79;192.325;0.0;0.0;0.0
mixed1;0;3;80;196.137;0.0;0.0;0.0
mixed1;0;3;81;198.857;0.0;0.0;0.0
mixed1;0;3;82;199.141;0.0;0.0;0.0
mixed1;0;3;83;194.841;0.0;0.0;0.0
mixed1;0;3;84;167.263;0.0;0.0;0.0
mixed1;0;3;85;5.83;0.0;0.0;0.0
mixed1;0;3;86;19.667;0.0;0.0;0.0
mixed1;0;3;87;95.385;0.0;0.0;0.0
mixed1;0;3;88;202.873;0.0;0.0;0.0
mixed1;0;3;89;213.708;0.0;0.0;0.0
mixed1;0;3;90;224.844;0.0;0.0;0.0
mixed1;0;3;91;239.549;0.0;0.0;0.0
mixed1;0;3;92;261.084;0.0;0.0;0.0
mixed1;0;3;93;249.102;0.0;0.0;0.0
mixed1;0;3;94;226.591;0.0;0.0;0.0
mixed1;0;3;95;230.16;0.0;0.0;0.0
mixed1;0;3;96;193.11;0.0;0.0;0.0
mixed1;0;3;97;202.136;0.0;0.0;0.0
mixed1;0;3;98;197.064;0.0;0.0;0.0
mixed1;0;3;99;199.554;0.0;0.0;0.0
mixed1;0;3;100;196.392;0.0;0.0;0.0
mixed1;0;3;101;194.836;0.0;0.0;0.0
mixed1;0;3;102;194.109;0.0;0.0;0.0
mixed1;0;3;103;222.323;0.0;0.0;0.0
mixed1;0;3;104;233.267;0.0;0.0;0.0
mixed1;0;3;105;243.858;0.0;0.0;0.0
mixed1;0;3;106;246.843;0.0;0.0;0.0
mixed1;0;3;107;266.836;0.0;0.0;0.0
mixed1;0;3;108;294.99;0.0;0.0;0.0
mixed1;0;3;109;279.87;0.0;0.0;0.0
mixed1;0;3;110;289.943;0.0;0.0;0.0
mixed1;0;3;111;286.382;0.0;0.0;0.0
mixed1;0;3;112;290.576;0.0;0.0;0.0
mixed1;0;3;113;311.15;0.0;0.0;0.0
mixed1;0;3;114;306.508;0.0;0.0;0.0
mixed1;0;3;115;325.712;0.0;0.0;0.0
mixed1;0;3;116;308.38;0.0;0.0;0.0
mixed1;0;3;117;302.381;0.0;0.0;0.0
mixed1;0;3;118;299.954;0.0;0.0;0.0
mixed1;0;3;119;282.05;0.0;0.0;0.0
mixed1;0;3;120;252.047;0.0;0.0;0.0
mixed1;0;3;121;258.125;0.0;0.0;0.0
mixed1;0;3;122;257.099;0.0;0.0;0.0
mixed1;0;3;123;259.636;0.0;0.0;0.0
mixed1;0;3;124;262.198;0.0;0.0;0.0
mixed1;0;3;125;265.629;0.0;0.0;0.0
mixed1;0;3;126;267.884;0.0;0.0;0.0
mixed1;0;3;127;301.591;0.0;0.0;0.0
mixed1;0;3;128;315.431;0.0;0.0;0.0
mixed1;0;3;129;305.973;0.0;0.0;0.0
mixed1;0;3;130;270.242;0.0;0.0;0.0
mixed1;0;3;131;260.941;0.0;0.0;0.0
mixed1;0;3;132;199.892;0.0;0.0;0.0
mixed1;0;3;133;156.13;0.0;0.0;0.0
mixed1;0;3;134;224.966;0.0;0.0;0.0
mixed1;0;3;135;271.428;0.0;0.0;0.0
mixed1;0;3;136;306.824;0.0;0.0;0.0
mixed1;0;3;137;306.946;0.0;0.0;0.0
mixed1;0;3;138;314.811;0.0;0.0;0.0
mixed1;0;3;139;325.993;0.0;0.0;0.0
mixed1;0;3;140;309.874;0.0;0.0;0.0
mixed1;0;3;141;306.294;0.0;0.0;0.0
mixed1;0;3;142;314.554;0.0;0.0;0.0
mixed1;0;3;143;283.925;0.0;0.0;0.0
mixed1;0;3;144;262.57;0.0;0.0;0.0
mixed1;0;3;145;264.662;0.0;0.0;0.0
mixed1;0;3;146;263.225;0.0;0.0;0.0
mixed1;0;3;147;266.717;0.0;0.0;0.0
mixed1;0;3;148;264.625;0.0;0.0;0.0
mixed1;0;3;149;267.444;0.0;0.0;0.0
mixed1;0;3;150;273.216;0.0;0.0;0.0
mixed1;0;3;151;302.85;0.0;0.0;0.0
mixed1;0;3;152;320.433;0.0;0.0;0.0
mixed1;0;3;153;241.563;0.0;0.0;0.0
mixed1;0;3;154;144.687;0.0;0.0;0.0
mixed1;0;3;155;166.132;0.0;0.0;0.0
mixed1;0;3;156;179.46;0.0;0.0;0.0
mixed1;0;3;157;195.939;0.0;0.0;0.0
mixed1;0;3;158;204.604;0.0;0.0;0.0
mixed1;0;3;159;234.436;0.0;0.0;0.0
mixed1;0;3;160;237.883;0.0;0.0;0.0
mixed1;0;3;161;226.286;0.0;0.0;0.0
mixed1;0;3;162;233.535;0.0;0.0;0.0
mixed1;0;3;163;243.298;0.0;0.0;0.0
mixed1;0;3;164;228.727;0.0;0.0;0.0
mixed1;0;3;165;233.931;0.0;0.0;0.0
mixed1;0;3;166;230.683;0.0;0.0;0.0
mixed1;0;3;167;209.72;0.0;0.0;0.0
mixed1;5;0;0;16.917;0.0;0.0;0.0
mixed1;5;0;1;175.04;0.0;0.0;0.0
mixed1;5;0;2;38.181;0.0;0.0;0.0
mixed1;5;0;3;124.759;0.0;0.0;0.0
mixed1;5;0;4;125.186;0.0;0.0;0.0
mixed1;5;0;5;129.238;0.0;0.0;0.0
mixed1;5;0;6;148.54;0.0;0.0;0.0
mixed1;5;0;7;182.778;0.0;0.0;0.0
mixed1;5;0;8;123.687;0.0;0.0;0.0
mixed1;5;0;9;4.186;0.0;0.0;0.0
mixed1;5;0;10;0.0;0.0;0.0;0.0
mixed1;5;0;11;0.0;0.0;0.0;0.0
mixed1;5;0;12;0.0;0.0;0.0;0.0
mixed1;5;0;13;132.006;0.0;0.0;0.0
mixed1;5;0;14;12.957;0.0;0.0;0.0
mixed1;5;0;15;0.0;0.0;0.0;0.0
mixed1;5;0;16;28.249;0.0;0.0;0.0
mixed1;5;0;17;124.36;0.0;0.0;0.0
mixed1;5;0;18;219.332;0.0;0.0;0.0
mixed1;5;0;19;73.206;0.0;0.0;0.0
mixed1;5;0;20;168.059;0.0;0.0;0.0
mixed1;5;0;21;211.561;0.0;0.0;0.0
mixed1;5;0;22;202.612;0.0;0.0;0.0
mixed1;5;0;23;197.134;0.0;0.0;0.0
mixed1;5;0;24;16.85;0.0;0.0;0.0
mixed1;5;0;25;18.334;0.0;0.0;0.0
mixed1;5;0;26;124.712;0.0;0.0;0.0
mixed1;5;0;27;178.911;0.0;0.0;0.0
mixed1;5;0;28;178.208;0.0;0.0;0.0
mixed1;5;0;29;182.657;0.0;0.0;0.0
mixed1;5;0;30;24.258;0.0;0.0;0.0
mixed1;5;0;31;200.854;0.0;0.0;0.0
mixed1;5;0;32;149.241;0.0;0.0;0.0
mixed1;5;0;33;36.655;0.0;0.0;0.0
mixed1;5;0;34;-0.0;0.0;0.0;0.0
mixed1;5;0;35;0.0;3.352;0.0;0.0
mixed1;5;0;36;0.0;0.0;0.0;0.0
mixed1;5;0;37;0.0;95.037;0.0;0.0
mixed1;5;0;38;0.0;136.433;0.0;0.0
mixed1;5;0;39;0.0;70.834;0.0;0.0
mixed1;5;0;40;-0.0;0.0;0.0;0.0
mixed1;5;0;41;115.48;0.0;0.0;0.0
mixed1;5;0;42;206.489;0.0;0.0;0.0
mixed1;5;0;43;222.076;0.0;0.0;0.0
mixed1;5;0;44;221.583;0.0;0.0;0.0
mixed1;5;0;45;58.305;0.0;0.0;0.0
mixed1;5;0;46;172.793;0.0;0.0;0.0
mixed1;5;0;47;46.733;0.0;0.0;0.0
mixed1;5;0;48;17.282;0.0;0.0;0.0
mixed1;5;0;49;19.915;0.0;0.0;0.0
mixed1;5;0;50;19.197;0.0;0.0;0.0
mixed1;5;0;51;18.749;0.0;0.0;0.0
mixed1;5;0;52;19.09;0.0;0.0;0.0
mixed1;5;0;53;112.612;0.0;0.0;0.0
mixed1;5;0;54;118.728;0.0;0.0;0.0
mixed1;5;0;55;178.122;0.0;0.0;0.0
mixed1;5;0;56;147.188;0.0;0.0;0.0
mixed1;5;0;57;69.489;0.0;0.0;0.0
mixed1;5;0;58;0.0;0.001;0.0;0.0
mixed1;5;0;59;-0.0;0.0;0.0;0.0
mixed1;5;0;60;82.569;0.0;0.0;0.0
mixed1;5;0;61;4.689;0.0;0.0;0.0
mixed1;5;0;62;14.97;0.0;0.0;0.0
mixed1;5;0;63;-0.0;0.0;0.0;0.0
mixed1;5;0;64;0.0;4.291;0.0;0.0
mixed1;5;0;65;35.529;0.0;0.0;0.0
mixed1;5;0;66;83.528;0.0;0.0;0.0
mixed1;5;0;67;230.14;0.0;0.0;0.0
mixed1;5;0;68;204.928;0.0;0.0;0.0
mixed1;5;0;69;211.104;0.0;0.0;0.0
mixed1;5;0;70;193.563;0.0;0.0;0.0
mixed1;5;0;71;186.105;0.0;0.0;0.0
mixed1;5;0;72;16.68;0.0;0.0;0.0
mixed1;5;0;73;18.497;0.0;0.0;0.0
mixed1;5;0;74;18.753;0.0;0.0;0.0
mixed1;5;0;75;19.291;0.0;0.0;0.0
mixed1;5;0;76;18.646;0.0;0.0;0.0
mixed1;5;0;77;19.385;0.0;0.0;0.0
mixed1;5;0;78;64.904;0.0;0.0;0.0
mixed1;5;0;79;184.432;0.0;0.0;0.0
mixed1;5;0;80;117.199;0.0;0.0;0.0
mixed1;5;0;81;120.584;0.0;0.0;0.0
mixed1;5;0;82;106.578;0.0;0.0;0.0
mixed1;5;0;83;72.737;0.0;0.0;0.0
mixed1;5;0;84;39.16;0.0;0.0;0.0
mixed1;5;0;85;43.286;0.0;0.0;0.0
mixed1;5;0;86;87.593;0.0;0.0;0.0
mixed1;5;0;87;48.948;0.0;0.0;0.0
mixed1;5;0;88;144.828;0.0;0.0;0.0
mixed1;5;0;89;125.197;0.0;0.0;0.0
mixed1;5;0;90;46.518;0.0;0.0;0.0
mixed1;5;0;91;140.635;0.0;0.0;0.0
mixed1;5;0;92;251.938;0.0;0.0;0.0
mixed1;5;0;93;193.36;0.0;0.0;0.0
mixed1;5;0;94;235.56;0.0;0.0;0.0
mixed1;5;0;95;215.428;0.0;0.0;0.0
mixed1;5;0;96;186.313;0.0;0.0;0.0
mixed1;5;0;97;195.0;0.0;0.0;0.0
mixed1;5;0;98;189.773;0.0;0.0;0.0
mixed1;5;0;99;191.416;0.0;0.0;0.0
mixed1;5;0;100;192.068;0.0;0.0;0.0
mixed1;5;0;101;192.282;0.0;0.0;0.0
mixed1;5;0;102;192.343;0.0;0.0;0.0
mixed1;5;0;103;230.35;0.0;0.0;0.0
mixed1;5;0;104;204.009;0.0;0.0;0.0
mixed1;5;0;105;133.153;0.0;0.0;0.0
mixed1;5;0;106;144.387;0.0;0.0;0.0
mixed1;5;0;107;157.28;0.0;0.0;0.0
mixed1;5;0;108;148.598;0.0;0.0;0.0
mixed1;5;0;109;144.485;0.0;0.0;0.0
mixed1;5;0;110;27.228;0.0;0.0;0.0
mixed1;5;0;111;41.93;0.0;0.0;0.0
mixed1;5;0;112;202.818;0.0;0.0;0.0
mixed1;5;0;113;216.08;0.0;0.0;0.0
mixed1;5;0;114;239.801;0.0;0.0;0.0
mixed1;5;0;115;210.844;0.0;0.0;0.0
mixed1;5;0;116;82.816;0.0;0.0;0.0
mixed1;5;0;117;232.655;0.0;0.0;0.0
mixed1;5;0;118;217.785;0.0;0.0;0.0
mixed1;5;0;119;196.671;0.0;0.0;0.0
mixed1;5;0;120;183.207;0.0;0.0;0.0
mixed1;5;0;121;190.211;0.0;0.0;0.0
mixed1;5;0;122;192.682;0.0;0.0;0.0
mixed1;5;0;123;194.301;0.0;0.0;0.0
mixed1;5;0;124;192.986;0.0;0.0;0.0
mixed1;5;0;125;193.781;0.0;0.0;0.0
mixed1;5;0;126;196.042;0.0;0.0;0.0
mixed1;5;0;127;235.85;0.0;0.0;0.0
mixed1;5;0;128;192.846;0.0;0.0;0.0
mixed1;5;0;129;76.328;0.0;0.0;0.0
mixed1;5;0;130;70.695;0.0;0.0;0.0
mixed1;5;0;131;137.891;0.0;0.0;0.0
mixed1;5;0;132;161.385;0.0;0.0;0.0
mixed1;5;0;133;122.069;0.0;0.0;0.0
mixed1;5;0;134;126.251;0.0;0.0;0.0
mixed1;5;0;135;84.273;0.0;0.0;0.0
mixed1;5;0;136;106.018;0.0;0.0;0.0
mixed1;5;0;137;114.953;0.0;0.0;0.0
mixed1;5;0;138;243.584;0.0;0.0;0.0
mixed1;5;0;139;240.253;0.0;0.0;0.0
mixed1;5;0;140;244.904;0.0;0.0;0.0
mixed1;5;0;141;231.223;0.0;0.0;0.0
mixed1;5;0;142;100.912;0.0;0.0;0.0
mixed1;5;0;143;218.125;0.0;0.0;0.0
mixed1;5;0;144;194.581;0.0;0.0;0.0
mixed1;5;0;145;202.11;0.0;0.0;0.0
mixed1;5;0;146;199.986;0.0;0.0;0.0
mixed1;5;0;147;203.064;0.0;0.0;0.0
mixed1;5;0;148;204.293;0.0;0.0;0.0
mixed1;5;0;149;205.436;0.0;0.0;0.0
mixed1;5;0;150;211.94;0.0;0.0;0.0
mixed1;5;0;151;245.87;0.0;0.0;0.0
mixed1;5;0;152;150.738;0.0;0.0;0.0
mixed1;5;0;153;0.0;3.662;0.0;0.0
mixed1;5;0;154;0.0;65.226;0.0;0.0
mixed1;5;0;155;9.272;0.0;0.0;0.0
mixed1;5;0;156;0.0;60.884;0.0;0.0
mixed1;5;0;157;89.216;0.0;0.0;0.0
mixed1;5;0;158;181.197;0.0;0.0;0.0
mixed1;5;0;159;133.866;0.0;0.0;0.0
mixed1;5;0;160;93.042;0.0;0.0;0.0
mixed1;5;0;161;157.741;0.0;0.0;0.0
mixed1;5;0;162;230.052;0.0;0.0;0.0
mixed1;5;0;163;257.332;0.0;0.0;0.0
mixed1;5;0;164;260.506;0.0;0.0;0.0
mixed1;5;0;165;258.888;0.0;0.0;0.0
mixed1;5;0;166;252.778;0.0;0.0;0.0
mixed1;5;0;167;236.973;0.0;0.0;0.0
mixed1;5;1;0;16.763;0.0;0.0;0.0
mixed1;5;1;1;17.892;0.0;0.0;0.0
mixed1;5;1;2;18.353;0.0;0.0;0.0
mixed1;5;1;3;19.991;0.0;0.0;0.0
mixed1;5;1;4;21.049;0.0;0.0;0.0
mixed1;5;1;5;19.563;0.0;0.0;0.0
mixed1;5;1;6;21.098;0.0;0.0;0.0
mixed1;5;1;7;0.0;14.251;0.0;0.0
mixed1;5;1;8;-48.93;43.38;0.0;48.93
mixed1;5;1;9;-151.288;47.579;0.0;151.288
mixed1;5;1;10;-233.857;56.187;0.0;233.857
mixed1;5;1;11;-304.87;39.313;0.0;304.87
mixed1;5;1;12;-339.061;43.482;0.0;339.061
mixed1;5;1;13;-381.731;47.751;0.0;381.731
mixed1;5;1;14;-299.109;41.271;0.0;299.109
mixed1;5;1;15;-182.048;39.599;0.0;182.048
mixed1;5;1;16;-78.756;46.823;0.0;78.756
mixed1;5;1;17;0.0;19.244;0.0;0.0
mixed1;5;1;18;4.916;0.0;0.0;0.0
mixed1;5;1;19;71.674;0.0;0.0;0.0
mixed1;5;1;20;73.7;0.0;0.0;0.0
mixed1;5;1;21;70.329;0.0;0.0;0.0
mixed1;5;1;22;58.006;0.0;0.0;0.0
mixed1;5;1;23;41.519;0.0;0.0;0.0
mixed1;5;1;24;17.033;0.0;0.0;0.0
mixed1;5;1;25;22.962;0.0;0.0;0.0
mixed1;5;1;26;19.109;0.0;0.0;0.0
mixed1;5;1;27;19.443;0.0;0.0;0.0
mixed1;5;1;28;18.48;0.0;0.0;0.0
mixed1;5;1;29;20.301;0.0;0.0;0.0
mixed1;5;1;30;21.02;0.0;0.0;0.0
mixed1;5;1;31;0.0;0.0;0.0;0.0
mixed1;5;1;32;-31.871;53.897;0.0;31.871
mixed1;5;1;33;-140.321;53.094;0.0;140.321
mixed1;5;1;34;-214.696;53.44;0.0;214.696
mixed1;5;1;35;-294.004;50.903;0.0;294.004
mixed1;5;1;36;-381.97;47.038;0.0;381.97
mixed1;5;1;37;-384.461;47.202;0.0;384.461
mixed1;5;1;38;-356.328;45.76;0.0;356.328
mixed1;5;1;39;-273.029;61.616;0.0;273.029
mixed1;5;1;40;-184.724;48.577;0.0;184.724
mixed1;5;1;41;0.0;50.754;0.0;0.0
mixed1;5;1;42;0.0;16.77;0.0;0.0
mixed1;5;1;43;58.004;0.0;0.0;0.0
mixed1;5;1;44;77.275;0.0;0.0;0.0
mixed1;5;1;45;65.547;0.0;0.0;0.0
mixed1;5;1;46;56.193;0.0;0.0;0.0
mixed1;5;1;47;56.054;0.0;0.0;0.0
mixed1;5;1;48;17.665;0.0;0.0;0.0
mixed1;5;1;49;19.433;0.0;0.0;0.0
mixed1;5;1;50;18.81;0.0;0.0;0.0
mixed1;5;1;51;18.246;0.0;0.0;0.0
mixed1;5;1;52;22.32;0.0;0.0;0.0
mixed1;5;1;53;19.955;0.0;0.0;0.0
mixed1;5;1;54;22.052;0.0;0.0;0.0
mixed1;5;1;55;19.508;0.0;0.0;0.0
mixed1;5;1;56;-30.562;41.68;0.0;30.562
mixed1;5;1;57;-141.404;38.964;0.0;141.404
mixed1;5;1;58;-215.844;54.532;0.0;215.844
mixed1;5;1;59;-279.245;57.568;0.0;279.245
mixed1;5;1;60;-340.906;51.647;0.0;340.906
mixed1;5;1;61;-301.874;44.512;0.0;301.874
mixed1;5;1;62;-155.723;47.792;0.0;155.723
mixed1;5;1;63;-0.0;0.0;0.0;0.0
mixed1;5;1;64;-83.166;33.06;0.0;83.166
mixed1;5;1;65;-49.343;37.919;0.0;49.343
mixed1;5;1;66;2.275;0.0;0.0;0.0
mixed1;5;1;67;53.934;0.0;0.0;0.0
mixed1;5;1;68;77.337;0.0;0.0;0.0
mixed1;5;1;69;64.027;0.0;0.0;0.0
mixed1;5;1;70;58.409;0.0;0.0;0.0
mixed1;5;1;71;39.712;0.0;0.0;0.0
mixed1;5;1;72;17.553;0.0;0.0;0.0
mixed1;5;1;73;19.72;0.0;0.0;0.0
mixed1;5;1;74;19.438;0.0;0.0;0.0
mixed1;5;1;75;18.504;0.0;0.0;0.0
mixed1;5;1;76;18.562;0.0;0.0;0.0
mixed1;5;1;77;23.894;0.0;0.0;0.0
mixed1;5;1;78;19.004;0.0;0.0;0.0
mixed1;5;1;79;0.0;10.578;0.0;0.0
mixed1;5;1;80;-69.671;36.68;0.0;69.671
mixed1;5;1;81;-161.151;61.677;0.0;161.151
mixed1;5;1;82;-267.81;56.82;0.0;267.81
mixed1;5;1;83;-345.558;54.038;0.0;345.558
mixed1;5;1;84;-383.94;51.0;0.0;383.94
mixed1;5;1;85;-352.311;43.183;0.0;352.311
mixed1;5;1;86;-291.851;51.713;0.0;291.851
mixed1;5;1;87;-32.949;235.102;0.0;32.949
mixed1;5;1;88;-116.168;39.183;0.0;116.168
mixed1;5;1;89;-26.625;45.756;0.0;26.625
mixed1;5;1;90;0.0;18.361;0.0;0.0
mixed1;5;1;91;57.898;0.0;0.0;0.0
mixed1;5;1;92;67.966;0.0;0.0;0.0
mixed1;5;1;93;64.396;0.0;0.0;0.0
mixed1;5;1;94;58.339;0.0;0.0;0.0
mixed1;5;1;95;49.996;0.0;0.0;0.0
mixed1;5;1;96;16.783;0.0;0.0;0.0
mixed1;5;1;97;18.711;0.0;0.0;0.0
mixed1;5;1;98;22.833;0.0;0.0;0.0
mixed1;5;1;99;19.229;0.0;0.0;0.0
mixed1;5;1;100;18.228;0.0;0.0;0.0
mixed1;5;1;101;19.633;0.0;0.0;0.0
mixed1;5;1;102;17.193;0.0;0.0;0.0
mixed1;5;1;103;0.0;5.702;0.0;0.0
mixed1;5;1;104;-23.737;30.946;0.0;23.737
mixed1;5;1;105;-5.102;63.319;0.0;5.102
mixed1;5;1;106;-142.346;64.507;0.0;142.346
mixed1;5;1;107;-318.667;64.155;0.0;318.667
mixed1;5;1;108;-376.486;64.787;0.0;376.486
mixed1;5;1;109;-288.182;59.605;0.0;288.182
mixed1;5;1;110;-79.31;65.777;0.0;79.31
mixed1;5;1;111;-51.596;62.178;0.0;51.596
mixed1;5;1;112;-30.246;57.104;0.0;30.246
mixed1;5;1;113;0.0;1.564;0.0;0.0
mixed1;5;1;114;0.0;11.02;0.0;0.0
mixed1;5;1;115;63.724;0.0;0.0;0.0
mixed1;5;1;116;71.854;0.0;0.0;0.0
mixed1;5;1;117;59.689;0.0;0.0;0.0
mixed1;5;1;118;53.321;0.0;0.0;0.0
mixed1;5;1;119;35.648;0.0;0.0;0.0
mixed1;5;1;120;16.989;0.0;0.0;0.0
mixed1;5;1;121;20.609;0.0;0.0;0.0
mixed1;5;1;122;18.532;0.0;0.0;0.0
mixed1;5;1;123;18.088;0.0;0.0;0.0
mixed1;5;1;124;19.257;0.0;0.0;0.0
mixed1;5;1;125;19.214;0.0;0.0;0.0
mixed1;5;1;126;19.098;0.0;0.0;0.0
mixed1;5;1;127;19.059;0.0;0.0;0.0
mixed1;5;1;128;-41.714;41.745;0.0;41.714
mixed1;5;1;129;-148.923;55.152;0.0;148.923
mixed1;5;1;130;-244.931;56.938;0.0;244.931
mixed1;5;1;131;-325.873;46.921;0.0;325.873
mixed1;5;1;132;-349.493;56.976;0.0;349.493
mixed1;5;1;133;-331.664;45.361;0.0;331.664
mixed1;5;1;134;-250.402;49.334;0.0;250.402
mixed1;5;1;135;-156.799;45.087;0.0;156.799
mixed1;5;1;136;-95.655;51.928;0.0;95.655
mixed1;5;1;137;0.0;51.468;0.0;0.0
mixed1;5;1;138;0.0;6.211;0.0;0.0
mixed1;5;1;139;63.201;0.0;0.0;0.0
mixed1;5;1;140;65.642;0.0;0.0;0.0
mixed1;5;1;141;62.976;0.0;0.0;0.0
mixed1;5;1;142;52.098;0.0;0.0;0.0
mixed1;5;1;143;62.957;0.0;0.0;0.0
mixed1;5;1;144;17.761;0.0;0.0;0.0
mixed1;5;1;145;18.734;0.0;0.0;0.0
mixed1;5;1;146;18.328;0.0;0.0;0.0
mixed1;5;1;147;18.938;0.0;0.0;0.0
mixed1;5;1;148;21.383;0.0;0.0;0.0
mixed1;5;1;149;19.675;0.0;0.0;0.0
mixed1;5;1;150;20.827;0.0;0.0;0.0
mixed1;5;1;151;0.709;0.0;0.0;0.0
mixed1;5;1;152;-41.267;41.161;0.0;41.267
mixed1;5;1;153;-145.145;61.26;0.0;145.145
mixed1;5;1;154;-255.653;51.228;0.0;255.653
mixed1;5;1;155;-328.081;53.498;0.0;328.081
mixed1;5;1;156;-365.457;59.113;0.0;365.457
mixed1;5;1;157;-359.556;58.439;0.0;359.556
mixed1;5;1;158;-240.682;51.412;0.0;240.682
mixed1;5;1;159;0.0;178.301;0.0;0.0
mixed1;5;1;160;-134.779;46.533;0.0;134.779
mixed1;5;1;161;0.0;94.209;0.0;0.0
mixed1;5;1;162;0.0;25.625;0.0;0.0
mixed1;5;1;163;66.909;0.0;0.0;0.0
mixed1;5;1;164;76.092;0.0;0.0;0.0
mixed1;5;1;165;68.057;0.0;0.0;0.0
mixed1;5;1;166;69.299;0.0;0.0;0.0
mixed1;5;1;167;42.765;0.0;0.0;0.0
mixed1;5;2;0;166.328;0.0;0.0;0.0
mixed1;5;2;1;178.378;0.0;0.0;0.0
mixed1;5;2;2;173.171;0.0;0.0;0.0
mixed1;5;2;3;18.823;0.0;0.0;0.0
mixed1;5;2;4;19.18;0.0;0.0;0.0
mixed1;5;2;5;147.071;0.0;0.0;0.0
mixed1;5;2;6;21.88;0.0;0.0;0.0
mixed1;5;2;7;142.388;0.0;0.0;0.0
mixed1;5;2;8;0.0;5.048;0.0;0.0
mixed1;5;2;9;0.0;158.004;0.0;0.0
mixed1;5;2;10;-69.224;195.439;0.0;69.224
mixed1;5;2;11;-183.563;169.663;0.0;183.563
mixed1;5;2;12;-261.077;133.682;0.0;261.077
mixed1;5;2;13;0.0;258.104;0.0;0.0
mixed1;5;2;14;0.0;96.255;0.0;0.0
mixed1;5;2;15;0.0;33.514;0.0;0.0
mixed1;5;2;16;0.0;31.855;0.0;0.0
mixed1;5;2;17;0.0;0.001;0.0;0.0
mixed1;5;2;18;67.345;0.0;0.0;0.0
mixed1;5;2;19;99.822;0.0;0.0;0.0
mixed1;5;2;20;115.824;0.0;0.0;0.0
mixed1;5;2;21;105.849;0.0;0.0;0.0
mixed1;5;2;22;112.652;0.0;0.0;0.0
mixed1;5;2;23;112.53;0.0;0.0;0.0
mixed1;5;2;24;59.778;0.0;0.0;0.0
mixed1;5;2;25;19.219;0.0;0.0;0.0
mixed1;5;2;26;18.695;0.0;0.0;0.0
mixed1;5;2;27;18.878;0.0;0.0;0.0
mixed1;5;2;28;18.35;0.0;0.0;0.0
mixed1;5;2;29;22.177;0.0;0.0;0.0
mixed1;5;2;30;24.177;0.0;0.0;0.0
mixed1;5;2;31;120.656;0.0;0.0;0.0
mixed1;5;2;32;0.0;17.434;0.0;0.0
mixed1;5;2;33;0.0;131.854;0.0;0.0
mixed1;5;2;34;-50.977;202.355;0.0;50.977
mixed1;5;2;35;-170.634;167.973;0.0;170.634
mixed1;5;2;36;-230.659;136.456;0.0;230.659
mixed1;5;2;37;-150.823;110.621;0.0;150.823
mixed1;5;2;38;0.0;226.385;0.0;0.0
mixed1;5;2;39;-95.947;56.334;0.0;95.947
mixed1;5;2;40;0.0;33.188;0.0;0.0
mixed1;5;2;41;0.0;0.001;0.0;0.0
mixed1;5;2;42;45.873;0.0;0.0;0.0
mixed1;5;2;43;67.545;0.0;0.0;0.0
mixed1;5;2;44;78.285;0.0;0.0;0.0
mixed1;5;2;45;65.811;0.0;0.0;0.0
mixed1;5;2;46;69.962;0.0;0.0;0.0
mixed1;5;2;47;45.367;0.0;0.0;0.0
mixed1;5;2;48;16.822;0.0;0.0;0.0
mixed1;5;2;49;17.764;0.0;0.0;0.0
mixed1;5;2;50;19.345;0.0;0.0;0.0
mixed1;5;2;51;18.273;0.0;0.0;0.0
mixed1;5;2;52;18.43;0.0;0.0;0.0
mixed1;5;2;53;19.109;0.0;0.0;0.0
mixed1;5;2;54;19.644;0.0;0.0;0.0
mixed1;5;2;55;65.553;0.0;0.0;0.0
mixed1;5;2;56;30.469;0.0;0.0;0.0
mixed1;5;2;57;0.0;0.0;0.0;0.0
mixed1;5;2;58;5.609;0.0;0.0;0.0
mixed1;5;2;59;0.0;0.001;0.0;0.0
mixed1;5;2;60;0.0;0.001;0.0;0.0
mixed1;5;2;61;-0.0;0.0;0.0;0.0
mixed1;5;2;62;0.0;0.0;0.0;0.0
mixed1;5;2;63;65.219;0.0;0.0;0.0
mixed1;5;2;64;0.001;0.0;0.0;0.0
mixed1;5;2;65;20.4;0.0;0.0;0.0
mixed1;5;2;66;54.531;0.0;0.0;0.0
mixed1;5;2;67;71.876;0.0;0.0;0.0
mixed1;5;2;68;82.575;0.0;0.0;0.0
mixed1;5;2;69;62.48;0.0;0.0;0.0
mixed1;5;2;70;136.404;0.0;0.0;0.0
mixed1;5;2;71;58.581;0.0;0.0;0.0
mixed1;5;2;72;149.364;0.0;0.0;0.0
mixed1;5;2;73;23.613;0.0;0.0;0.0
mixed1;5;2;74;18.041;0.0;0.0;0.0
mixed1;5;2;75;19.582;0.0;0.0;0.0
mixed1;5;2;76;17.903;0.0;0.0;0.0
mixed1;5;2;77;23.818;0.0;0.0;0.0
mixed1;5;2;78;22.748;0.0;0.0;0.0
mixed1;5;2;79;1.931;0.0;0.0;0.0
mixed1;5;2;80;0.0;0.0;0.0;0.0
mixed1;5;2;81;0.001;0.0;0.0;0.0
mixed1;5;2;82;3.092;0.0;0.0;0.0
mixed1;5;2;83;0.0;31.941;0.0;0.0
mixed1;5;2;84;-55.355;100.235;0.0;55.355
mixed1;5;2;85;0.0;78.429;0.0;0.0
mixed1;5;2;86;-0.0;0.0;0.0;0.0
mixed1;5;2;87;-0.0;0.0;0.0;0.0
mixed1;5;2;88;0.0;0.0;0.0;0.0
mixed1;5;2;89;0.0;0.001;0.0;0.0
mixed1;5;2;90;39.498;0.0;0.0;0.0
mixed1;5;2;91;50.629;0.0;0.0;0.0
mixed1;5;2;92;106.258;0.0;0.0;0.0
mixed1;5;2;93;62.695;0.0;0.0;0.0
mixed1;5;2;94;195.699;0.0;0.0;0.0
mixed1;5;2;95;88.742;0.0;0.0;0.0
mixed1;5;2;96;114.965;0.0;0.0;0.0
mixed1;5;2;97;122.789;0.0;0.0;0.0
mixed1;5;2;98;18.744;0.0;0.0;0.0
mixed1;5;2;99;19.302;0.0;0.0;0.0
mixed1;5;2;100;19.654;0.0;0.0;0.0
mixed1;5;2;101;18.927;0.0;0.0;0.0
mixed1;5;2;102;22.055;0.0;0.0;0.0
mixed1;5;2;103;145.28;0.0;0.0;0.0
mixed1;5;2;104;5.014;0.0;0.0;0.0
mixed1;5;2;105;0.0;100.269;0.0;0.0
mixed1;5;2;106;0.0;97.866;0.0;0.0
mixed1;5;2;107;0.0;35.114;0.0;0.0
mixed1;5;2;108;0.0;110.671;0.0;0.0
mixed1;5;2;109;0.0;87.136;0.0;0.0
mixed1;5;2;110;0.0;68.322;0.0;0.0
mixed1;5;2;111;0.0;0.0;0.0;0.0
mixed1;5;2;112;0.0;0.0;0.0;0.0
mixed1;5;2;113;2.424;0.0;0.0;0.0
mixed1;5;2;114;60.403;0.0;0.0;0.0
mixed1;5;2;115;67.327;0.0;0.0;0.0
mixed1;5;2;116;73.727;0.0;0.0;0.0
mixed1;5;2;117;59.035;0.0;0.0;0.0
mixed1;5;2;118;64.329;0.0;0.0;0.0
mixed1;5;2;119;37.669;0.0;0.0;0.0
mixed1;5;2;120;16.642;0.0;0.0;0.0
mixed1;5;2;121;24.197;0.0;0.0;0.0
mixed1;5;2;122;21.166;0.0;0.0;0.0
mixed1;5;2;123;19.23;0.0;0.0;0.0
mixed1;5;2;124;42.611;0.0;0.0;0.0
mixed1;5;2;125;70.999;0.0;0.0;0.0
mixed1;5;2;126;82.284;0.0;0.0;0.0
mixed1;5;2;127;109.483;0.0;0.0;0.0
mixed1;5;2;128;65.877;0.0;0.0;0.0
mixed1;5;2;129;31.847;0.0;0.0;0.0
mixed1;5;2;130;0.0;0.001;0.0;0.0
mixed1;5;2;131;0.0;0.001;0.0;0.0
mixed1;5;2;132;0.0;43.922;0.0;0.0
mixed1;5;2;133;0.0;87.098;0.0;0.0
mixed1;5;2;134;0.0;0.0;0.0;0.0
mixed1;5;2;135;0.001;0.0;0.0;0.0
mixed1;5;2;136;0.0;0.0;0.0;0.0
mixed1;5;2;137;148.824;0.0;0.0;0.0
mixed1;5;2;138;110.586;0.0;0.0;0.0
mixed1;5;2;139;113.03;0.0;0.0;0.0
mixed1;5;2;140;78.981;0.0;0.0;0.0
mixed1;5;2;141;69.214;0.0;0.0;0.0
mixed1;5;2;142;89.311;0.0;0.0;0.0
mixed1;5;2;143;39.6;0.0;0.0;0.0
mixed1;5;2;144;16.821;0.0;0.0;0.0
mixed1;5;2;145;18.137;0.0;0.0;0.0
mixed1;5;2;146;18.381;0.0;0.0;0.0
mixed1;5;2;147;19.946;0.0;0.0;0.0
mixed1;5;2;148;18.542;0.0;0.0;0.0
mixed1;5;2;149;19.36;0.0;0.0;0.0
mixed1;5;2;150;19.909;0.0;0.0;0.0
mixed1;5;2;151;52.224;0.0;0.0;0.0
mixed1;5;2;152;48.516;0.0;0.0;0.0
mixed1;5;2;153;75.541;0.0;0.0;0.0
mixed1;5;2;154;77.368;0.0;0.0;0.0
mixed1;5;2;155;42.534;0.0;0.0;0.0
mixed1;5;2;156;17.282;0.0;0.0;0.0
mixed1;5;2;157;28.657;0.0;0.0;0.0
mixed1;5;2;158;26.948;0.0;0.0;0.0
mixed1;5;2;159;79.301;0.0;0.0;0.0
mixed1;5;2;160;166.63;0.0;0.0;0.0
mixed1;5;2;161;63.561;0.0;0.0;0.0
mixed1;5;2;162;76.909;0.0;0.0;0.0
mixed1;5;2;163;71.248;0.0;0.0;0.0
mixed1;5;2;164;82.687;0.0;0.0;0.0
mixed1;5;2;165;63.305;0.0;0.0;0.0
mixed1;5;2;166;98.275;0.0;0.0;0.0
mixed1;5;2;167;173.116;0.0;0.0;0.0
mixed1;5;3;0;68.999;0.0;0.0;0.0
mixed1;5;3;1;199.891;0.0;0.0;0.0
mixed1;5;3;2;194.526;0.0;0.0;0.0
mixed1;5;3;3;194.981;0.0;0.0;0.0
mixed1;5;3;4;195.309;0.0;0.0;0.0
mixed1;5;3;5;199.35;0.0;0.0;0.0
mixed1;5;3;6;202.073;0.0;0.0;0.0
mixed1;5;3;7;239.948;0.0;0.0;0.0
mixed1;5;3;8;247.382;0.0;0.0;0.0
mixed1;5;3;9;192.659;0.0;0.0;0.0
mixed1;5;3;10;138.411;0.0;0.0;0.0
mixed1;5;3;11;134.729;0.0;0.0;0.0
mixed1;5;3;12;56.193;0.0;0.0;0.0
mixed1;5;3;13;0.0;71.801;0.0;0.0
mixed1;5;3;14;0.0;65.311;0.0;0.0
mixed1;5;3;15;32.948;0.0;0.0;0.0
mixed1;5;3;16;183.085;0.0;0.0;0.0
mixed1;5;3;17;246.05;0.0;0.0;0.0
mixed1;5;3;18;238.453;0.0;0.0;0.0
mixed1;5;3;19;78.495;0.0;0.0;0.0
mixed1;5;3;20;123.171;0.0;0.0;0.0
mixed1;5;3;21;219.543;0.0;0.0;0.0
mixed1;5;3;22;231.019;0.0;0.0;0.0
mixed1;5;3;23;217.797;0.0;0.0;0.0
mixed1;5;3;24;193.337;0.0;0.0;0.0
mixed1;5;3;25;164.253;0.0;0.0;0.0
mixed1;5;3;26;196.81;0.0;0.0;0.0
mixed1;5;3;27;197.475;0.0;0.0;0.0
mixed1;5;3;28;198.766;0.0;0.0;0.0
mixed1;5;3;29;201.533;0.0;0.0;0.0
mixed1;5;3;30;204.144;0.0;0.0;0.0
mixed1;5;3;31;230.839;0.0;0.0;0.0
mixed1;5;3;32;246.802;0.0;0.0;0.0
mixed1;5;3;33;212.63;0.0;0.0;0.0
mixed1;5;3;34;81.711;0.0;0.0;0.0
mixed1;5;3;35;56.14;0.0;0.0;0.0
mixed1;5;3;36;26.493;0.0;0.0;0.0
mixed1;5;3;37;64.522;0.0;0.0;0.0
mixed1;5;3;38;185.111;0.0;0.0;0.0
mixed1;5;3;39;196.29;0.0;0.0;0.0
mixed1;5;3;40;224.622;0.0;0.0;0.0
mixed1;5;3;41;229.577;0.0;0.0;0.0
mixed1;5;3;42;239.27;0.0;0.0;0.0
mixed1;5;3;43;246.159;0.0;0.0;0.0
mixed1;5;3;44;238.148;0.0;0.0;0.0
mixed1;5;3;45;226.609;0.0;0.0;0.0
mixed1;5;3;46;216.32;0.0;0.0;0.0
mixed1;5;3;47;192.435;0.0;0.0;0.0
mixed1;5;3;48;120.08;0.0;0.0;0.0
mixed1;5;3;49;121.143;0.0;0.0;0.0
mixed1;5;3;50;113.843;0.0;0.0;0.0
mixed1;5;3;51;111.507;0.0;0.0;0.0
mixed1;5;3;52;109.782;0.0;0.0;0.0
mixed1;5;3;53;117.214;0.0;0.0;0.0
mixed1;5;3;54;120.502;0.0;0.0;0.0
mixed1;5;3;55;157.867;0.0;0.0;0.0
mixed1;5;3;56;169.557;0.0;0.0;0.0
mixed1;5;3;57;164.356;0.0;0.0;0.0
mixed1;5;3;58;128.469;0.0;0.0;0.0
mixed1;5;3;59;134.554;0.0;0.0;0.0
mixed1;5;3;60;62.465;0.0;0.0;0.0
mixed1;5;3;61;0.0;0.0;0.0;0.0
mixed1;5;3;62;-0.0;0.0;0.0;0.0
mixed1;5;3;63;65.386;0.0;0.0;0.0
mixed1;5;3;64;149.961;0.0;0.0;0.0
mixed1;5;3;65;236.255;0.0;0.0;0.0
mixed1;5;3;66;224.124;0.0;0.0;0.0
mixed1;5;3;67;225.249;0.0;0.0;0.0
mixed1;5;3;68;165.775;0.0;0.0;0.0
mixed1;5;3;69;56.64;0.0;0.0;0.0
mixed1;5;3;70;61.653;0.0;0.0;0.0
mixed1;5;3;71;145.365;0.0;0.0;0.0
mixed1;5;3;72;119.824;0.0;0.0;0.0
mixed1;5;3;73;125.825;0.0;0.0;0.0
mixed1;5;3;74;126.611;0.0;0.0;0.0
mixed1;5;3;75;129.819;0.0;0.0;0.0
mixed1;5;3;76;129.423;0.0;0.0;0.0
mixed1;5;3;77;131.515;0.0;0.0;0.0
mixed1;5;3;78;180.406;0.0;0.0;0.0
mixed1;5;3;79;115.89;0.0;0.0;0.0
mixed1;5;3;80;170.74;0.0;0.0;0.0
mixed1;5;3;81;156.31;0.0;0.0;0.0
mixed1;5;3;82;155.866;0.0;0.0;0.0
mixed1;5;3;83;150.545;0.0;0.0;0.0
mixed1;5;3;84;119.336;0.0;0.0;0.0
mixed1;5;3;85;5.83;0.0;0.0;0.0
mixed1;5;3;86;19.667;0.0;0.0;0.0
mixed1;5;3;87;95.385;0.0;0.0;0.0
mixed1;5;3;88;202.873;0.0;0.0;0.0
mixed1;5;3;89;213.708;0.0;0.0;0.0
mixed1;5;3;90;224.844;0.0;0.0;0.0
mixed1;5;3;91;239.549;0.0;0.0;0.0
mixed1;5;3;92;222.417;0.0;0.0;0.0
mixed1;5;3;93;249.102;0.0;0.0;0.0
mixed1;5;3;94;226.591;0.0;0.0;0.0
mixed1;5;3;95;230.16;0.0;0.0;0.0
mixed1;5;3;96;193.11;0.0;0.0;0.0
mixed1;5;3;97;202.136;0.0;0.0;0.0
mixed1;5;3;98;197.064;0.0;0.0;0.0
mixed1;5;3;99;199.554;0.0;0.0;0.0
mixed1;5;3;100;196.392;0.0;0.0;0.0
mixed1;5;3;101;194.836;0.0;0.0;0.0
mixed1;5;3;102;194.109;0.0;0.0;0.0
mixed1;5;3;103;222.323;0.0;0.0;0.0
mixed1;5;3;104;233.267;0.0;0.0;0.0
mixed1;5;3;105;243.858;0.0;0.0;0.0
mixed1;5;3;106;246.843;0.0;0.0;0.0
mixed1;5;3;107;238.499;0.0;0.0;0.0
mixed1;5;3;108;229.764;0.0;0.0;0.0
mixed1;5;3;109;214.644;0.0;0.0;0.0
mixed1;5;3;110;239.073;0.0;0.0;0.0
mixed1;5;3;111;231.989;0.0;0.0;0.0
mixed1;5;3;112;244.777;0.0;0.0;0.0
mixed1;5;3;113;247.914;0.0;0.0;0.0
mixed1;5;3;114;241.282;0.0;0.0;0.0
mixed1;5;3;115;260.486;0.0;0.0;0.0
mixed1;5;3;116;243.154;0.0;0.0;0.0
mixed1;5;3;117;237.155;0.0;0.0;0.0
mixed1;5;3;118;234.728;0.0;0.0;0.0
mixed1;5;3;119;216.824;0.0;0.0;0.0
mixed1;5;3;120;186.821;0.0;0.0;0.0
mixed1;5;3;121;192.899;0.0;0.0;0.0
mixed1;5;3;122;191.873;0.0;0.0;0.0
mixed1;5;3;123;194.41;0.0;0.0;0.0
mixed1;5;3;124;196.972;0.0;0.0;0.0
mixed1;5;3;125;200.403;0.0;0.0;0.0
mixed1;5;3;126;202.658;0.0;0.0;0.0
mixed1;5;3;127;236.365;0.0;0.0;0.0
mixed1;5;3;128;250.205;0.0;0.0;0.0
mixed1;5;3;129;240.747;0.0;0.0;0.0
mixed1;5;3;130;213.087;0.0;0.0;0.0
mixed1;5;3;131;219.514;0.0;0.0;0.0
mixed1;5;3;132;162.115;0.0;0.0;0.0
mixed1;5;3;133;148.967;0.0;0.0;0.0
mixed1;5;3;134;224.966;0.0;0.0;0.0
mixed1;5;3;135;227.087;0.0;0.0;0.0
mixed1;5;3;136;241.598;0.0;0.0;0.0
mixed1;5;3;137;241.72;0.0;0.0;0.0
mixed1;5;3;138;249.585;0.0;0.0;0.0
mixed1;5;3;139;260.767;0.0;0.0;0.0
mixed1;5;3;140;244.648;0.0;0.0;0.0
mixed1;5;3;141;241.068;0.0;0.0;0.0
mixed1;5;3;142;249.328;0.0;0.0;0.0
mixed1;5;3;143;218.699;0.0;0.0;0.0
mixed1;5;3;144;197.344;0.0;0.0;0.0
mixed1;5;3;145;199.436;0.0;0.0;0.0
mixed1;5;3;146;197.999;0.0;0.0;0.0
mixed1;5;3;147;201.491;0.0;0.0;0.0
mixed1;5;3;148;199.399;0.0;0.0;0.0
mixed1;5;3;149;202.218;0.0;0.0;0.0
mixed1;5;3;150;207.99;0.0;0.0;0.0
mixed1;5;3;151;237.624;0.0;0.0;0.0
mixed1;5;3;152;255.207;0.0;0.0;0.0
mixed1;5;3;153;198.898;0.0;0.0;0.0
mixed1;5;3;154;115.565;0.0;0.0;0.0
mixed1;5;3;155;150.614;0.0;0.0;0.0
mixed1;5;3;156;164.369;0.0;0.0;0.0
mixed1;5;3;157;195.939;0.0;0.0;0.0
mixed1;5;3;158;145.213;0.0;0.0;0.0
mixed1;5;3;159;199.499;0.0;0.0;0.0
mixed1;5;3;160;201.015;0.0;0.0;0.0
mixed1;5;3;161;190.553;0.0;0.0;0.0
mixed1;5;3;162;205.704;0.0;0.0;0.0
mixed1;5;3;163;214.152;0.0;0.0;0.0
mixed1;5;3;164;208.2;0.0;0.0;0.0
mixed1;5;3;165;233.931;0.0;0.0;0.0
mixed1;5;3;166;230.683;0.0;0.0;0.0
mixed1;5;3;167;209.72;0.0;0.0;0.0
mixed1;10;0;0;16.917;0.0;0.0;0.0
mixed1;10;0;1;119.215;0.0;0.0;0.0
mixed1;10;0;2;20.233;0.0;0.0;0.0
mixed1;10;0;3;116.169;0.0;0.0;0.0
mixed1;10;0;4;116.351;0.0;0.0;0.0
mixed1;10;0;5;120.229;0.0;0.0;0.0
mixed1;10;0;6;138.315;0.0;0.0;0.0
mixed1;10;0;7;172.713;0.0;0.0;0.0
mixed1;10;0;8;114.397;0.0;0.0;0.0
mixed1;10;0;9;0.0;0.0;0.0;0.0
mixed1;10;0;10;0.0;0.0;0.0;0.0
mixed1;10;0;11;0.0;0.0;0.0;0.0
mixed1;10;0;12;0.0;0.0;0.0;0.0
mixed1;10;0;13;94.02;0.0;0.0;0.0
mixed1;10;0;14;12.957;0.0;0.0;0.0
mixed1;10;0;15;0.0;0.0;0.0;0.0
mixed1;10;0;16;16.577;0.0;0.0;0.0
mixed1;10;0;17;105.622;0.0;0.0;0.0
mixed1;10;0;18;219.332;0.0;0.0;0.0
mixed1;10;0;19;73.206;0.0;0.0;0.0
mixed1;10;0;20;160.993;0.0;0.0;0.0
mixed1;10;0;21;211.561;0.0;0.0;0.0
mixed1;10;0;22;202.612;0.0;0.0;0.0
mixed1;10;0;23;197.134;0.0;0.0;0.0
mixed1;10;0;24;16.85;0.0;0.0;0.0
mixed1;10;0;25;18.334;0.0;0.0;0.0
mixed1;10;0;26;78.097;0.0;0.0;0.0
mixed1;10;0;27;178.911;0.0;0.0;0.0
mixed1;10;0;28;178.208;0.0;0.0;0.0
mixed1;10;0;29;182.657;0.0;0.0;0.0
mixed1;10;0;30;23.287;0.0;0.0;0.0
mixed1;10;0;31;150.045;0.0;0.0;0.0
mixed1;10;0;32;138.69;0.0;0.0;0.0
mixed1;10;0;33;26.709;0.0;0.0;0.0
mixed1;10;0;34;-0.0;0.0;0.0;0.0
mixed1;10;0;35;0.0;3.352;0.0;0.0
mixed1;10;0;36;0.0;0.0;0.0;0.0
mixed1;10;0;37;0.0;95.037;0.0;0.0
mixed1;10;0;38;0.0;136.433;0.0;0.0
mixed1;10;0;39;0.0;70.834;0.0;0.0
mixed1;10;0;40;-0.0;0.0;0.0;0.0
mixed1;10;0;41;43.489;0.0;0.0;0.0
mixed1;10;0;42;206.489;0.0;0.0;0.0
mixed1;10;0;43;222.076;0.0;0.0;0.0
mixed1;10;0;44;221.583;0.0;0.0;0.0
mixed1;10;0;45;58.305;0.0;0.0;0.0
mixed1;10;0;46;118.229;0.0;0.0;0.0
mixed1;10;0;47;46.733;0.0;0.0;0.0
mixed1;10;0;48;17.282;0.0;0.0;0.0
mixed1;10;0;49;19.915;0.0;0.0;0.0
mixed1;10;0;50;19.197;0.0;0.0;0.0
mixed1;10;0;51;18.749;0.0;0.0;0.0
mixed1;10;0;52;19.09;0.0;0.0;0.0
mixed1;10;0;53;104.978;0.0;0.0;0.0
mixed1;10;0;54;110.783;0.0;0.0;0.0
mixed1;10;0;55;168.337;0.0;0.0;0.0
mixed1;10;0;56;137.797;0.0;0.0;0.0
mixed1;10;0;57;61.398;0.0;0.0;0.0
mixed1;10;0;58;0.0;0.001;0.0;0.0
mixed1;10;0;59;-0.0;0.0;0.0;0.0
mixed1;10;0;60;51.197;0.0;0.0;0.0
mixed1;10;0;61;4.689;0.0;0.0;0.0
mixed1;10;0;62;14.97;0.0;0.0;0.0
mixed1;10;0;63;-0.0;0.0;0.0;0.0
mixed1;10;0;64;0.0;4.291;0.0;0.0
mixed1;10;0;65;35.529;0.0;0.0;0.0
mixed1;10;0;66;83.528;0.0;0.0;0.0
mixed1;10;0;67;204.297;0.0;0.0;0.0
mixed1;10;0;68;204.928;0.0;0.0;0.0
mixed1;10;0;69;211.104;0.0;0.0;0.0
mixed1;10;0;70;193.563;0.0;0.0;0.0
mixed1;10;0;71;186.105;0.0;0.0;0.0
mixed1;10;0;72;16.68;0.0;0.0;0.0
mixed1;10;0;73;18.497;0.0;0.0;0.0
mixed1;10;0;74;18.753;0.0;0.0;0.0
mixed1;10;0;75;19.291;0.0;0.0;0.0
mixed1;10;0;76;18.646;0.0;0.0;0.0
mixed1;10;0;77;19.385;0.0;0.0;0.0
mixed1;10;0;78;21.275;0.0;0.0;0.0
mixed1;10;0;79;184.432;0.0;0.0;0.0
mixed1;10;0;80;79.251;0.0;0.0;0.0
mixed1;10;0;81;111.392;0.0;0.0;0.0
mixed1;10;0;82;97.596;0.0;0.0;0.0
mixed1;10;0;83;64.151;0.0;0.0;0.0
mixed1;10;0;84;30.975;0.0;0.0;0.0
mixed1;10;0;85;35.2;0.0;0.0;0.0
mixed1;10;0;86;79.567;0.0;0.0;0.0
mixed1;10;0;87;40.573;0.0;0.0;0.0
mixed1;10;0;88;144.828;0.0;0.0;0.0
mixed1;10;0;89;125.197;0.0;0.0;0.0
mixed1;10;0;90;46.518;0.0;0.0;0.0
mixed1;10;0;91;107.749;0.0;0.0;0.0
mixed1;10;0;92;251.938;0.0;0.0;0.0
mixed1;10;0;93;105.965;0.0;0.0;0.0
mixed1;10;0;94;177.641;0.0;0.0;0.0
mixed1;10;0;95;177.05;0.0;0.0;0.0
mixed1;10;0;96;186.313;0.0;0.0;0.0
mixed1;10;0;97;195.0;0.0;0.0;0.0
mixed1;10;0;98;189.773;0.0;0.0;0.0
mixed1;10;0;99;191.416;0.0;0.0;0.0
mixed1;10;0;100;192.068;0.0;0.0;0.0
mixed1;10;0;101;192.282;0.0;0.0;0.0
mixed1;10;0;102;192.343;0.0;0.0;0.0
mixed1;10;0;103;230.35;0.0;0.0;0.0
mixed1;10;0;104;197.396;0.0;0.0;0.0
mixed1;10;0;105;123.454;0.0;0.0;0.0
mixed1;10;0;106;130.647;0.0;0.0;0.0
mixed1;10;0;107;144.574;0.0;0.0;0.0
mixed1;10;0;108;136.194;0.0;0.0;0.0
mixed1;10;0;109;132.949;0.0;0.0;0.0
mixed1;10;0;110;27.228;0.0;0.0;0.0
mixed1;10;0;111;41.93;0.0;0.0;0.0
mixed1;10;0;112;202.818;0.0;0.0;0.0
mixed1;10;0;113;216.08;0.0;0.0;0.0
mixed1;10;0;114;239.801;0.0;0.0;0.0
mixed1;10;0;115;132.029;0.0;0.0;0.0
mixed1;10;0;116;82.816;0.0;0.0;0.0
mixed1;10;0;117;219.573;0.0;0.0;0.0
mixed1;10;0;118;205.283;0.0;0.0;0.0
mixed1;10;0;119;183.664;0.0;0.0;0.0
mixed1;10;0;120;169.561;0.0;0.0;0.0
mixed1;10;0;121;171.836;0.0;0.0;0.0
mixed1;10;0;122;170.796;0.0;0.0;0.0
mixed1;10;0;123;174.75;0.0;0.0;0.0
mixed1;10;0;124;175.721;0.0;0.0;0.0
mixed1;10;0;125;177.987;0.0;0.0;0.0
mixed1;10;0;126;193.948;0.0;0.0;0.0
mixed1;10;0;127;229.004;0.0;0.0;0.0
mixed1;10;0;128;178.992;0.0;0.0;0.0
mixed1;10;0;129;62.705;0.0;0.0;0.0
mixed1;10;0;130;57.827;0.0;0.0;0.0
mixed1;10;0;131;125.383;0.0;0.0;0.0
mixed1;10;0;132;148.607;0.0;0.0;0.0
mixed1;10;0;133;110.694;0.0;0.0;0.0
mixed1;10;0;134;115.253;0.0;0.0;0.0
mixed1;10;0;135;84.273;0.0;0.0;0.0
mixed1;10;0;136;106.018;0.0;0.0;0.0
mixed1;10;0;137;114.953;0.0;0.0;0.0
mixed1;10;0;138;243.584;0.0;0.0;0.0
mixed1;10;0;139;240.253;0.0;0.0;0.0
mixed1;10;0;140;244.904;0.0;0.0;0.0
mixed1;10;0;141;207.891;0.0;0.0;0.0
mixed1;10;0;142;70.845;0.0;0.0;0.0
mixed1;10;0;143;40.193;0.0;0.0;0.0
mixed1;10;0;144;194.581;0.0;0.0;0.0
mixed1;10;0;145;164.866;0.0;0.0;0.0
mixed1;10;0;146;199.986;0.0;0.0;0.0
mixed1;10;0;147;203.064;0.0;0.0;0.0
mixed1;10;0;148;204.293;0.0;0.0;0.0
mixed1;10;0;149;205.436;0.0;0.0;0.0
mixed1;10;0;150;211.94;0.0;0.0;0.0
mixed1;10;0;151;245.87;0.0;0.0;0.0
mixed1;10;0;152;150.738;0.0;0.0;0.0
mixed1;10;0;153;0.0;3.662;0.0;0.0
mixed1;10;0;154;0.0;65.226;0.0;0.0
mixed1;10;0;155;-0.0;0.0;0.0;0.0
mixed1;10;0;156;0.0;60.884;0.0;0.0
mixed1;10;0;157;89.216;0.0;0.0;0.0
mixed1;10;0;158;181.197;0.0;0.0;0.0
mixed1;10;0;159;133.866;0.0;0.0;0.0
mixed1;10;0;160;93.042;0.0;0.0;0.0
mixed1;10;0;161;157.741;0.0;0.0;0.0
mixed1;10;0;162;230.052;0.0;0.0;0.0
mixed1;10;0;163;257.332;0.0;0.0;0.0
mixed1;10;0;164;260.506;0.0;0.0;0.0
mixed1;10;0;165;258.888;0.0;0.0;0.0
mixed1;10;0;166;125.195;0.0;0.0;0.0
mixed1;10;0;167;236.973;0.0;0.0;0.0
mixed1;10;1;0;16.763;0.0;0.0;0.0
mixed1;10;1;1;17.892;0.0;0.0;0.0
mixed1;10;1;2;18.353;0.0;0.0;0.0
mixed1;10;1;3;19.991;0.0;0.0;0.0
mixed1;10;1;4;21.049;0.0;0.0;0.0
mixed1;10;1;5;19.563;0.0;0.0;0.0
mixed1;10;1;6;21.098;0.0;0.0;0.0
mixed1;10;1;7;0.0;14.251;0.0;0.0
mixed1;10;1;8;-48.93;43.38;0.0;48.93
mixed1;10;1;9;-151.288;47.579;0.0;151.288
mixed1;10;1;10;-233.857;56.187;0.0;233.857
mixed1;10;1;11;-304.87;39.313;0.0;304.87
mixed1;10;1;12;-339.061;43.482;0.0;339.061
mixed1;10;1;13;-381.731;47.751;0.0;381.731
mixed1;10;1;14;-299.109;41.271;0.0;299.109
mixed1;10;1;15;-182.048;39.599;0.0;182.048
mixed1;10;1;16;-79.0;46.579;0.0;79.0
mixed1;10;1;17;-7.092;49.974;0.0;7.092
mixed1;10;1;18;4.916;0.0;0.0;0.0
mixed1;10;1;19;71.674;0.0;0.0;0.0
mixed1;10;1;20;73.7;0.0;0.0;0.0
mixed1;10;1;21;70.329;0.0;0.0;0.0
mixed1;10;1;22;58.006;0.0;0.0;0.0
mixed1;10;1;23;41.519;0.0;0.0;0.0
mixed1;10;1;24;17.033;0.0;0.0;0.0
mixed1;10;1;25;22.962;0.0;0.0;0.0
mixed1;10;1;26;19.109;0.0;0.0;0.0
mixed1;10;1;27;19.443;0.0;0.0;0.0
mixed1;10;1;28;18.48;0.0;0.0;0.0
mixed1;10;1;29;20.301;0.0;0.0;0.0
mixed1;10;1;30;21.02;0.0;0.0;0.0
mixed1;10;1;31;0.0;0.0;0.0;0.0
mixed1;10;1;32;-33.143;52.846;0.0;33.143
mixed1;10;1;33;-141.745;51.926;0.0;141.745
mixed1;10;1;34;-216.393;52.027;0.0;216.393
mixed1;10;1;35;-295.471;49.693;0.0;295.471
mixed1;10;1;36;-383.612;45.707;0.0;383.612
mixed1;10;1;37;-385.607;46.266;0.0;385.607
mixed1;10;1;38;-357.608;44.723;0.0;357.608
mixed1;10;1;39;-275.621;59.449;0.0;275.621
mixed1;10;1;40;-184.724;48.577;0.0;184.724
mixed1;10;1;41;0.0;55.718;0.0;0.0
mixed1;10;1;42;0.0;16.77;0.0;0.0
mixed1;10;1;43;58.004;0.0;0.0;0.0
mixed1;10;1;44;77.275;0.0;0.0;0.0
mixed1;10;1;45;65.547;0.0;0.0;0.0
mixed1;10;1;46;56.193;0.0;0.0;0.0
mixed1;10;1;47;56.054;0.0;0.0;0.0
mixed1;10;1;48;17.665;0.0;0.0;0.0
mixed1;10;1;49;19.433;0.0;0.0;0.0
mixed1;10;1;50;18.81;0.0;0.0;0.0
mixed1;10;1;51;18.246;0.0;0.0;0.0
mixed1;10;1;52;22.32;0.0;0.0;0.0
mixed1;10;1;53;19.955;0.0;0.0;0.0
mixed1;10;1;54;22.052;0.0;0.0;0.0
mixed1;10;1;55;19.508;0.0;0.0;0.0
mixed1;10;1;56;-30.562;41.68;0.0;30.562
mixed1;10;1;57;-141.404;38.964;0.0;141.404
mixed1;10;1;58;-217.116;53.524;0.0;217.116
mixed1;10;1;59;-280.498;56.57;0.0;280.498
mixed1;10;1;60;-341.984;50.749;0.0;341.984
mixed1;10;1;61;-303.084;43.575;0.0;303.084
mixed1;10;1;62;-156.871;46.869;0.0;156.871
mixed1;10;1;63;-0.0;0.0;0.0;0.0
mixed1;10;1;64;-88.759;33.06;0.0;88.759
mixed1;10;1;65;-49.343;37.919;0.0;49.343
mixed1;10;1;66;2.275;0.0;0.0;0.0
mixed1;10;1;67;53.934;0.0;0.0;0.0
mixed1;10;1;68;77.337;0.0;0.0;0.0
mixed1;10;1;69;64.027;0.0;0.0;0.0
mixed1;10;1;70;58.409;0.0;0.0;0.0
mixed1;10;1;71;39.712;0.0;0.0;0.0
mixed1;10;1;72;17.553;0.0;0.0;0.0
mixed1;10;1;73;19.72;0.0;0.0;0.0
mixed1;10;1;74;19.438;0.0;0.0;0.0
mixed1;10;1;75;18.504;0.0;0.0;0.0
mixed1;10;1;76;18.562;0.0;0.0;0.0
mixed1;10;1;77;23.894;0.0;0.0;0.0
mixed1;10;1;78;19.004;0.0;0.0;0.0
mixed1;10;1;79;0.0;10.578;0.0;0.0
mixed1;10;1;80;-69.671;36.68;0.0;69.671
mixed1;10;1;81;-162.517;60.585;0.0;162.517
mixed1;10;1;82;-269.075;55.88;0.0;269.075
mixed1;10;1;83;-346.93;52.917;0.0;346.93
mixed1;10;1;84;-385.162;49.971;0.0;385.162
mixed1;10;1;85;-353.499;42.27;0.0;353.499
mixed1;10;1;86;-293.034;50.799;0.0;293.034
mixed1;10;1;87;-55.416;217.58;0.0;55.416
mixed1;10;1;88;-116.168;39.183;0.0;116.168
mixed1;10;1;89;-26.625;45.756;0.0;26.625
mixed1;10;1;90;0.0;18.361;0.0;0.0
mixed1;10;1;91;57.898;0.0;0.0;0.0
mixed1;10;1;92;67.966;0.0;0.0;0.0
mixed1;10;1;93;64.396;0.0;0.0;0.0
mixed1;10;1;94;58.339;0.0;0.0;0.0
mixed1;10;1;95;49.996;0.0;0.0;0.0
mixed1;10;1;96;16.783;0.0;0.0;0.0
mixed1;10;1;97;18.711;0.0;0.0;0.0
mixed1;10;1;98;22.833;0.0;0.0;0.0
mixed1;10;1;99;19.229;0.0;0.0;0.0
mixed1;10;1;100;18.228;0.0;0.0;0.0
mixed1;10;1;101;19.633;0.0;0.0;0.0
mixed1;10;1;102;17.193;0.0;0.0;0.0
mixed1;10;1;103;0.0;5.702;0.0;0.0
mixed1;10;1;104;-23.737;30.946;0.0;23.737
mixed1;10;1;105;-6.654;62.044;0.0;6.654
mixed1;10;1;106;-144.323;62.832;0.0;144.323
mixed1;10;1;107;-320.224;62.845;0.0;320.224
mixed1;10;1;108;-378.314;63.296;0.0;378.314
mixed1;10;1;109;-289.6;58.449;0.0;289.6
mixed1;10;1;110;-80.606;64.706;0.0;80.606
mixed1;10;1;111;-53.161;60.899;0.0;53.161
mixed1;10;1;112;-31.556;56.03;0.0;31.556
mixed1;10;1;113;0.0;6.164;0.0;0.0
mixed1;10;1;114;0.0;11.02;0.0;0.0
mixed1;10;1;115;63.724;0.0;0.0;0.0
mixed1;10;1;116;71.854;0.0;0.0;0.0
mixed1;10;1;117;59.689;0.0;0.0;0.0
mixed1;10;1;118;53.321;0.0;0.0;0.0
mixed1;10;1;119;35.648;0.0;0.0;0.0
mixed1;10;1;120;16.989;0.0;0.0;0.0
mixed1;10;1;121;20.609;0.0;0.0;0.0
mixed1;10;1;122;18.532;0.0;0.0;0.0
mixed1;10;1;123;18.088;0.0;0.0;0.0
mixed1;10;1;124;19.257;0.0;0.0;0.0
mixed1;10;1;125;19.214;0.0;0.0;0.0
mixed1;10;1;126;19.098;0.0;0.0;0.0
mixed1;10;1;127;19.059;0.0;0.0;0.0
mixed1;10;1;128;-41.714;41.745;0.0;41.714
mixed1;10;1;129;-150.702;53.701;0.0;150.702
mixed1;10;1;130;-246.633;55.519;0.0;246.633
mixed1;10;1;131;-327.33;45.725;0.0;327.33
mixed1;10;1;132;-351.3;55.533;0.0;351.3
mixed1;10;1;133;-332.99;44.284;0.0;332.99
mixed1;10;1;134;-251.767;48.248;0.0;251.767
mixed1;10;1;135;-158.233;43.9;0.0;158.233
mixed1;10;1;136;-96.906;50.913;0.0;96.906
mixed1;10;1;137;0.0;55.667;0.0;0.0
mixed1;10;1;138;0.0;6.211;0.0;0.0
mixed1;10;1;139;63.201;0.0;0.0;0.0
mixed1;10;1;140;65.642;0.0;0.0;0.0
mixed1;10;1;141;62.976;0.0;0.0;0.0
mixed1;10;1;142;52.098;0.0;0.0;0.0
mixed1;10;1;143;62.957;0.0;0.0;0.0
mixed1;10;1;144;17.761;0.0;0.0;0.0
mixed1;10;1;145;18.734;0.0;0.0;0.0
mixed1;10;1;146;18.328;0.0;0.0;0.0
mixed1;10;1;147;18.938;0.0;0.0;0.0
mixed1;10;1;148;21.383;0.0;0.0;0.0
mixed1;10;1;149;19.675;0.0;0.0;0.0
mixed1;10;1;150;20.827;0.0;0.0;0.0
mixed1;10;1;151;0.709;0.0;0.0;0.0
mixed1;10;1;152;-41.267;41.161;0.0;41.267
mixed1;10;1;153;-146.798;59.914;0.0;146.798
mixed1;10;1;154;-257.379;49.787;0.0;257.379
mixed1;10;1;155;-329.598;52.217;0.0;329.598
mixed1;10;1;156;-367.309;57.606;0.0;367.309
mixed1;10;1;157;-360.843;57.38;0.0;360.843
mixed1;10;1;158;-242.04;50.297;0.0;242.04
mixed1;10;1;159;0.0;178.301;0.0;0.0
mixed1;10;1;160;-134.779;46.533;0.0;134.779
mixed1;10;1;161;0.0;65.169;0.0;0.0
mixed1;10;1;162;0.0;25.625;0.0;0.0
mixed1;10;1;163;66.909;0.0;0.0;0.0
mixed1;10;1;164;76.092;0.0;0.0;0.0
mixed1;10;1;165;68.057;0.0;0.0;0.0
mixed1;10;1;166;69.299;0.0;0.0;0.0
mixed1;10;1;167;42.765;0.0;0.0;0.0
mixed1;10;2;0;166.328;0.0;0.0;0.0
mixed1;10;2;1;178.378;0.0;0.0;0.0
mixed1;10;2;2;173.171;0.0;0.0;0.0
mixed1;10;2;3;18.823;0.0;0.0;0.0
mixed1;10;2;4;19.18;0.0;0.0;0.0
mixed1;10;2;5;39.462;0.0;0.0;0.0
mixed1;10;2;6;21.88;0.0;0.0;0.0
mixed1;10;2;7;132.729;0.0;0.0;0.0
mixed1;10;2;8;0.0;13.218;0.0;0.0
mixed1;10;2;9;0.0;164.748;0.0;0.0
mixed1;10;2;10;-87.869;181.917;0.0;87.869
mixed1;10;2;11;-198.517;158.72;0.0;198.517
mixed1;10;2;12;-272.149;125.605;0.0;272.149
mixed1;10;2;13;-91.539;174.737;0.0;91.539
mixed1;10;2;14;0.0;96.255;0.0;0.0
mixed1;10;2;15;0.0;33.514;0.0;0.0
mixed1;10;2;16;0.0;31.855;0.0;0.0
mixed1;10;2;17;0.0;0.001;0.0;0.0
mixed1;10;2;18;65.5;0.0;0.0;0.0
mixed1;10;2;19;97.583;0.0;0.0;0.0
mixed1;10;2;20;113.067;0.0;0.0;0.0
mixed1;10;2;21;102.72;0.0;0.0;0.0
mixed1;10;2;22;109.183;0.0;0.0;0.0
mixed1;10;2;23;103.406;0.0;0.0;0.0
mixed1;10;2;24;16.659;0.0;0.0;0.0
mixed1;10;2;25;19.219;0.0;0.0;0.0
mixed1;10;2;26;18.695;0.0;0.0;0.0
mixed1;10;2;27;18.878;0.0;0.0;0.0
mixed1;10;2;28;18.35;0.0;0.0;0.0
mixed1;10;2;29;22.177;0.0;0.0;0.0
mixed1;10;2;30;24.177;0.0;0.0;0.0
mixed1;10;2;31;112.216;0.0;0.0;0.0
mixed1;10;2;32;0.0;24.576;0.0;0.0
mixed1;10;2;33;0.0;137.604;0.0;0.0
mixed1;10;2;34;-69.112;188.282;0.0;69.112
mixed1;10;2;35;-184.376;157.092;0.0;184.376
mixed1;10;2;36;-241.09;127.958;0.0;241.09
mixed1;10;2;37;-161.434;104.614;0.0;161.434
mixed1;10;2;38;0.0;226.385;0.0;0.0
mixed1;10;2;39;-97.976;54.305;0.0;97.976
mixed1;10;2;40;0.0;33.188;0.0;0.0
mixed1;10;2;41;0.0;0.001;0.0;0.0
mixed1;10;2;42;45.873;0.0;0.0;0.0
mixed1;10;2;43;67.545;0.0;0.0;0.0
mixed1;10;2;44;78.285;0.0;0.0;0.0
mixed1;10;2;45;65.811;0.0;0.0;0.0
mixed1;10;2;46;69.962;0.0;0.0;0.0
mixed1;10;2;47;45.367;0.0;0.0;0.0
mixed1;10;2;48;16.822;0.0;0.0;0.0
mixed1;10;2;49;17.764;0.0;0.0;0.0
mixed1;10;2;50;19.345;0.0;0.0;0.0
mixed1;10;2;51;18.273;0.0;0.0;0.0
mixed1;10;2;52;18.43;0.0;0.0;0.0
mixed1;10;2;53;19.109;0.0;0.0;0.0
mixed1;10;2;54;19.644;0.0;0.0;0.0
mixed1;10;2;55;65.553;0.0;0.0;0.0
mixed1;10;2;56;30.469;0.0;0.0;0.0
mixed1;10;2;57;0.0;0.0;0.0;0.0
mixed1;10;2;58;5.609;0.0;0.0;0.0
mixed1;10;2;59;0.0;0.001;0.0;0.0
mixed1;10;2;60;0.0;0.001;0.0;0.0
mixed1;10;2;61;-0.0;0.0;0.0;0.0
mixed1;10;2;62;0.0;0.0;0.0;0.0
mixed1;10;2;63;65.219;0.0;0.0;0.0
mixed1;10;2;64;0.001;0.0;0.0;0.0
mixed1;10;2;65;20.4;0.0;0.0;0.0
mixed1;10;2;66;54.531;0.0;0.0;0.0
mixed1;10;2;67;71.876;0.0;0.0;0.0
mixed1;10;2;68;82.575;0.0;0.0;0.0
mixed1;10;2;69;62.48;0.0;0.0;0.0
mixed1;10;2;70;66.414;0.0;0.0;0.0
mixed1;10;2;71;58.581;0.0;0.0;0.0
mixed1;10;2;72;149.364;0.0;0.0;0.0
mixed1;10;2;73;23.613;0.0;0.0;0.0
mixed1;10;2;74;18.041;0.0;0.0;0.0
mixed1;10;2;75;19.582;0.0;0.0;0.0
mixed1;10;2;76;17.903;0.0;0.0;0.0
mixed1;10;2;77;23.818;0.0;0.0;0.0
mixed1;10;2;78;22.748;0.0;0.0;0.0
mixed1;10;2;79;1.931;0.0;0.0;0.0
mixed1;10;2;80;0.0;0.0;0.0;0.0
mixed1;10;2;81;0.0;9.84;0.0;0.0
mixed1;10;2;82;0.0;0.0;0.0;0.0
mixed1;10;2;83;0.0;48.347;0.0;0.0
mixed1;10;2;84;-60.43;95.16;0.0;60.43
mixed1;10;2;85;0.0;78.429;0.0;0.0
mixed1;10;2;86;-0.0;0.0;0.0;0.0
mixed1;10;2;87;-0.0;0.0;0.0;0.0
mixed1;10;2;88;0.0;0.0;0.0;0.0
mixed1;10;2;89;0.0;0.001;0.0;0.0
mixed1;10;2;90;39.498;0.0;0.0;0.0
mixed1;10;2;91;50.629;0.0;0.0;0.0
mixed1;10;2;92;93.119;0.0;0.0;0.0
mixed1;10;2;93;62.695;0.0;0.0;0.0
mixed1;10;2;94;195.699;0.0;0.0;0.0
mixed1;10;2;95;85.327;0.0;0.0;0.0
mixed1;10;2;96;107.273;0.0;0.0;0.0
mixed1;10;2;97;70.687;0.0;0.0;0.0
mixed1;10;2;98;18.744;0.0;0.0;0.0
mixed1;10;2;99;19.302;0.0;0.0;0.0
mixed1;10;2;100;19.654;0.0;0.0;0.0
mixed1;10;2;101;18.927;0.0;0.0;0.0
mixed1;10;2;102;22.055;0.0;0.0;0.0
mixed1;10;2;103;135.592;0.0;0.0;0.0
mixed1;10;2;104;0.0;3.456;0.0;0.0
mixed1;10;2;105;0.0;124.698;0.0;0.0
mixed1;10;2;106;0.0;105.189;0.0;0.0
mixed1;10;2;107;0.0;35.114;0.0;0.0
mixed1;10;2;108;0.0;110.671;0.0;0.0
mixed1;10;2;109;0.0;87.136;0.0;0.0
mixed1;10;2;110;0.0;68.322;0.0;0.0
mixed1;10;2;111;0.0;0.0;0.0;0.0
mixed1;10;2;112;0.0;0.0;0.0;0.0
mixed1;10;2;113;2.424;0.0;0.0;0.0
mixed1;10;2;114;60.403;0.0;0.0;0.0
mixed1;10;2;115;67.327;0.0;0.0;0.0
mixed1;10;2;116;73.727;0.0;0.0;0.0
mixed1;10;2;117;59.035;0.0;0.0;0.0
mixed1;10;2;118;64.329;0.0;0.0;0.0
mixed1;10;2;119;37.669;0.0;0.0;0.0
mixed1;10;2;120;16.642;0.0;0.0;0.0
mixed1;10;2;121;24.197;0.0;0.0;0.0
mixed1;10;2;122;21.166;0.0;0.0;0.0
mixed1;10;2;123;19.23;0.0;0.0;0.0
mixed1;10;2;124;18.572;0.0;0.0;0.0
mixed1;10;2;125;51.429;0.0;0.0;0.0
mixed1;10;2;126;77.488;0.0;0.0;0.0
mixed1;10;2;127;104.806;0.0;0.0;0.0
mixed1;10;2;128;61.934;0.0;0.0;0.0
mixed1;10;2;129;28.121;0.0;0.0;0.0
mixed1;10;2;130;0.0;0.001;0.0;0.0
mixed1;10;2;131;0.0;0.001;0.0;0.0
mixed1;10;2;132;0.0;43.922;0.0;0.0
mixed1;10;2;133;-0.0;87.098;0.0;0.0
mixed1;10;2;134;0.0;0.0;0.0;0.0
mixed1;10;2;135;0.001;0.0;0.0;0.0
mixed1;10;2;136;0.0;0.0;0.0;0.0
mixed1;10;2;137;148.824;0.0;0.0;0.0
mixed1;10;2;138;98.51;0.0;0.0;0.0
mixed1;10;2;139;99.243;0.0;0.0;0.0
mixed1;10;2;140;78.981;0.0;0.0;0.0
mixed1;10;2;141;69.214;0.0;0.0;0.0
mixed1;10;2;142;63.181;0.0;0.0;0.0
mixed1;10;2;143;39.6;0.0;0.0;0.0
mixed1;10;2;144;16.821;0.0;0.0;0.0
mixed1;10;2;145;18.137;0.0;0.0;0.0
mixed1;10;2;146;18.381;0.0;0.0;0.0
mixed1;10;2;147;19.946;0.0;0.0;0.0
mixed1;10;2;148;18.542;0.0;0.0;0.0
mixed1;10;2;149;19.36;0.0;0.0;0.0
mixed1;10;2;150;19.909;0.0;0.0;0.0
mixed1;10;2;151;52.224;0.0;0.0;0.0
mixed1;10;2;152;48.516;0.0;0.0;0.0
mixed1;10;2;153;71.473;0.0;0.0;0.0
mixed1;10;2;154;73.611;0.0;0.0;0.0
mixed1;10;2;155;39.161;0.0;0.0;0.0
mixed1;10;2;156;14.359;0.0;0.0;0.0
mixed1;10;2;157;26.511;0.0;0.0;0.0
mixed1;10;2;158;25.093;0.0;0.0;0.0
mixed1;10;2;159;62.849;0.0;0.0;0.0
mixed1;10;2;160;166.63;0.0;0.0;0.0
mixed1;10;2;161;63.561;0.0;0.0;0.0
mixed1;10;2;162;76.909;0.0;0.0;0.0
mixed1;10;2;163;71.248;0.0;0.0;0.0
mixed1;10;2;164;82.687;0.0;0.0;0.0
mixed1;10;2;165;63.305;0.0;0.0;0.0
mixed1;10;2;166;136.195;0.0;0.0;0.0
mixed1;10;2;167;173.116;0.0;0.0;0.0
mixed1;10;3;0;19.833;0.0;0.0;0.0
mixed1;10;3;1;145.091;0.0;0.0;0.0
mixed1;10;3;2;175.038;0.0;0.0;0.0
mixed1;10;3;3;176.724;0.0;0.0;0.0
mixed1;10;3;4;195.309;0.0;0.0;0.0
mixed1;10;3;5;169.538;0.0;0.0;0.0
mixed1;10;3;6;201.023;0.0;0.0;0.0
mixed1;10;3;7;236.561;0.0;0.0;0.0
mixed1;10;3;8;232.761;0.0;0.0;0.0
mixed1;10;3;9;178.467;0.0;0.0;0.0
mixed1;10;3;10;124.512;0.0;0.0;0.0
mixed1;10;3;11;121.542;0.0;0.0;0.0
mixed1;10;3;12;43.576;0.0;0.0;0.0
mixed1;10;3;13;0.0;71.801;0.0;0.0
mixed1;10;3;14;0.0;65.311;0.0;0.0
mixed1;10;3;15;32.948;0.0;0.0;0.0
mixed1;10;3;16;183.085;0.0;0.0;0.0
mixed1;10;3;17;246.05;0.0;0.0;0.0
mixed1;10;3;18;238.453;0.0;0.0;0.0
mixed1;10;3;19;78.495;0.0;0.0;0.0
mixed1;10;3;20;82.184;0.0;0.0;0.0
mixed1;10;3;21;163.833;0.0;0.0;0.0
mixed1;10;3;22;231.019;0.0;0.0;0.0
mixed1;10;3;23;217.797;0.0;0.0;0.0
mixed1;10;3;24;193.337;0.0;0.0;0.0
mixed1;10;3;25;82.005;0.0;0.0;0.0
mixed1;10;3;26;177.416;0.0;0.0;0.0
mixed1;10;3;27;180.539;0.0;0.0;0.0
mixed1;10;3;28;184.449;0.0;0.0;0.0
mixed1;10;3;29;189.194;0.0;0.0;0.0
mixed1;10;3;30;202.772;0.0;0.0;0.0
mixed1;10;3;31;229.184;0.0;0.0;0.0
mixed1;10;3;32;234.061;0.0;0.0;0.0
mixed1;10;3;33;198.132;0.0;0.0;0.0
mixed1;10;3;34;67.764;0.0;0.0;0.0
mixed1;10;3;35;42.874;0.0;0.0;0.0
mixed1;10;3;36;13.586;0.0;0.0;0.0
mixed1;10;3;37;52.001;0.0;0.0;0.0
mixed1;10;3;38;172.628;0.0;0.0;0.0
mixed1;10;3;39;183.427;0.0;0.0;0.0
mixed1;10;3;40;212.048;0.0;0.0;0.0
mixed1;10;3;41;216.615;0.0;0.0;0.0
mixed1;10;3;42;225.533;0.0;0.0;0.0
mixed1;10;3;43;232.393;0.0;0.0;0.0
mixed1;10;3;44;224.282;0.0;0.0;0.0
mixed1;10;3;45;213.269;0.0;0.0;0.0
mixed1;10;3;46;203.754;0.0;0.0;0.0
mixed1;10;3;47;180.121;0.0;0.0;0.0
mixed1;10;3;48;111.525;0.0;0.0;0.0
mixed1;10;3;49;113.043;0.0;0.0;0.0
mixed1;10;3;50;105.959;0.0;0.0;0.0
mixed1;10;3;51;103.848;0.0;0.0;0.0
mixed1;10;3;52;102.192;0.0;0.0;0.0
mixed1;10;3;53;109.582;0.0;0.0;0.0
mixed1;10;3;54;112.924;0.0;0.0;0.0
mixed1;10;3;55;149.091;0.0;0.0;0.0
mixed1;10;3;56;160.276;0.0;0.0;0.0
mixed1;10;3;57;156.216;0.0;0.0;0.0
mixed1;10;3;58;120.203;0.0;0.0;0.0
mixed1;10;3;59;126.465;0.0;0.0;0.0
mixed1;10;3;60;54.7;0.0;0.0;0.0
mixed1;10;3;61;0.0;0.0;0.0;0.0
mixed1;10;3;62;-0.0;0.0;0.0;0.0
mixed1;10;3;63;44.39;0.0;0.0;0.0
mixed1;10;3;64;143.139;0.0;0.0;0.0
mixed1;10;3;65;236.255;0.0;0.0;0.0
mixed1;10;3;66;224.124;0.0;0.0;0.0
mixed1;10;3;67;225.249;0.0;0.0;0.0
mixed1;10;3;68;120.461;0.0;0.0;0.0
mixed1;10;3;69;56.64;0.0;0.0;0.0
mixed1;10;3;70;61.653;0.0;0.0;0.0
mixed1;10;3;71;137.137;0.0;0.0;0.0
mixed1;10;3;72;111.313;0.0;0.0;0.0
mixed1;10;3;73;117.115;0.0;0.0;0.0
mixed1;10;3;74;117.722;0.0;0.0;0.0
mixed1;10;3;75;120.578;0.0;0.0;0.0
mixed1;10;3;76;120.287;0.0;0.0;0.0
mixed1;10;3;77;122.261;0.0;0.0;0.0
mixed1;10;3;78;180.406;0.0;0.0;0.0
mixed1;10;3;79;95.318;0.0;0.0;0.0
mixed1;10;3;80;159.321;0.0;0.0;0.0
mixed1;10;3;81;146.316;0.0;0.0;0.0
mixed1;10;3;82;145.899;0.0;0.0;0.0
mixed1;10;3;83;140.663;0.0;0.0;0.0
mixed1;10;3;84;109.889;0.0;0.0;0.0
mixed1;10;3;85;5.83;0.0;0.0;0.0
mixed1;10;3;86;0.0;0.0;0.0;0.0
mixed1;10;3;87;95.385;0.0;0.0;0.0
mixed1;10;3;88;202.873;0.0;0.0;0.0
mixed1;10;3;89;213.708;0.0;0.0;0.0
mixed1;10;3;90;224.844;0.0;0.0;0.0
mixed1;10;3;91;68.944;0.0;0.0;0.0
mixed1;10;3;92;88.446;0.0;0.0;0.0
mixed1;10;3;93;159.619;0.0;0.0;0.0
mixed1;10;3;94;226.591;0.0;0.0;0.0
mixed1;10;3;95;230.16;0.0;0.0;0.0
mixed1;10;3;96;193.11;0.0;0.0;0.0
mixed1;10;3;97;202.136;0.0;0.0;0.0
mixed1;10;3;98;197.064;0.0;0.0;0.0
mixed1;10;3;99;199.554;0.0;0.0;0.0
mixed1;10;3;100;196.392;0.0;0.0;0.0
mixed1;10;3;101;194.836;0.0;0.0;0.0
mixed1;10;3;102;194.109;0.0;0.0;0.0
mixed1;10;3;103;222.323;0.0;0.0;0.0
mixed1;10;3;104;233.267;0.0;0.0;0.0
mixed1;10;3;105;243.858;0.0;0.0;0.0
mixed1;10;3;106;242.844;0.0;0.0;0.0
mixed1;10;3;107;235.164;0.0;0.0;0.0
mixed1;10;3;108;226.468;0.0;0.0;0.0
mixed1;10;3;109;205.129;0.0;0.0;0.0
mixed1;10;3;110;223.262;0.0;0.0;0.0
mixed1;10;3;111;217.268;0.0;0.0;0.0
mixed1;10;3;112;227.749;0.0;0.0;0.0
mixed1;10;3;113;229.132;0.0;0.0;0.0
mixed1;10;3;114;230.998;0.0;0.0;0.0
mixed1;10;3;115;246.932;0.0;0.0;0.0
mixed1;10;3;116;230.091;0.0;0.0;0.0
mixed1;10;3;117;222.409;0.0;0.0;0.0
mixed1;10;3;118;234.728;0.0;0.0;0.0
mixed1;10;3;119;216.824;0.0;0.0;0.0
mixed1;10;3;120;186.821;0.0;0.0;0.0
mixed1;10;3;121;192.899;0.0;0.0;0.0
mixed1;10;3;122;191.873;0.0;0.0;0.0
mixed1;10;3;123;194.41;0.0;0.0;0.0
mixed1;10;3;124;196.972;0.0;0.0;0.0
mixed1;10;3;125;83.274;0.0;0.0;0.0
mixed1;10;3;126;202.658;0.0;0.0;0.0
mixed1;10;3;127;236.365;0.0;0.0;0.0
mixed1;10;3;128;242.733;0.0;0.0;0.0
mixed1;10;3;129;231.653;0.0;0.0;0.0
mixed1;10;3;130;198.969;0.0;0.0;0.0
mixed1;10;3;131;201.06;0.0;0.0;0.0
mixed1;10;3;132;142.731;0.0;0.0;0.0
mixed1;10;3;133;121.384;0.0;0.0;0.0
mixed1;10;3;134;193.718;0.0;0.0;0.0
mixed1;10;3;135;198.62;0.0;0.0;0.0
mixed1;10;3;136;241.598;0.0;0.0;0.0
mixed1;10;3;137;184.212;0.0;0.0;0.0
mixed1;10;3;138;229.016;0.0;0.0;0.0
mixed1;10;3;139;260.767;0.0;0.0;0.0
mixed1;10;3;140;211.881;0.0;0.0;0.0
mixed1;10;3;141;228.57;0.0;0.0;0.0
mixed1;10;3;142;231.2;0.0;0.0;0.0
mixed1;10;3;143;205.628;0.0;0.0;0.0
mixed1;10;3;144;197.344;0.0;0.0;0.0
mixed1;10;3;145;178.774;0.0;0.0;0.0
mixed1;10;3;146;197.999;0.0;0.0;0.0
mixed1;10;3;147;189.462;0.0;0.0;0.0
mixed1;10;3;148;199.399;0.0;0.0;0.0
mixed1;10;3;149;202.218;0.0;0.0;0.0
mixed1;10;3;150;207.99;0.0;0.0;0.0
mixed1;10;3;151;237.624;0.0;0.0;0.0
mixed1;10;3;152;243.677;0.0;0.0;0.0
mixed1;10;3;153;185.271;0.0;0.0;0.0
mixed1;10;3;154;102.633;0.0;0.0;0.0
mixed1;10;3;155;138.859;0.0;0.0;0.0
mixed1;10;3;156;152.939;0.0;0.0;0.0
mixed1;10;3;157;195.939;0.0;0.0;0.0
mixed1;10;3;158;123.964;0.0;0.0;0.0
mixed1;10;3;159;189.008;0.0;0.0;0.0
mixed1;10;3;160;190.751;0.0;0.0;0.0
mixed1;10;3;161;180.229;0.0;0.0;0.0
mixed1;10;3;162;194.723;0.0;0.0;0.0
mixed1;10;3;163;203.28;0.0;0.0;0.0
mixed1;10;3;164;220.336;0.0;0.0;0.0
mixed1;10;3;165;233.931;0.0;0.0;0.0
mixed1;10;3;166;230.683;0.0;0.0;0.0
mixed1;10;3;167;209.72;0.0;0.0;0.0
mixed1;15;0;0;16.917;0.0;0.0;0.0
mixed1;15;0;1;111.175;0.0;0.0;0.0
mixed1;15;0;2;20.233;0.0;0.0;0.0
mixed1;15;0;3;108.401;0.0;0.0;0.0
mixed1;15;0;4;108.361;0.0;0.0;0.0
mixed1;15;0;5;112.081;0.0;0.0;0.0
mixed1;15;0;6;129.068;0.0;0.0;0.0
mixed1;15;0;7;163.61;0.0;0.0;0.0
mixed1;15;0;8;105.996;0.0;0.0;0.0
mixed1;15;0;9;0.0;0.0;0.0;0.0
mixed1;15;0;10;0.0;0.0;0.0;0.0
mixed1;15;0;11;0.0;0.0;0.0;0.0
mixed1;15;0;12;0.0;0.0;0.0;0.0
mixed1;15;0;13;56.291;0.0;0.0;0.0
mixed1;15;0;14;12.957;0.0;0.0;0.0
mixed1;15;0;15;0.0;0.0;0.0;0.0
mixed1;15;0;16;6.022;0.0;0.0;0.0
mixed1;15;0;17;100.67;0.0;0.0;0.0
mixed1;15;0;18;219.332;0.0;0.0;0.0
mixed1;15;0;19;73.206;0.0;0.0;0.0
mixed1;15;0;20;142.643;0.0;0.0;0.0
mixed1;15;0;21;211.561;0.0;0.0;0.0
mixed1;15;0;22;202.612;0.0;0.0;0.0
mixed1;15;0;23;197.134;0.0;0.0;0.0
mixed1;15;0;24;16.85;0.0;0.0;0.0
mixed1;15;0;25;18.334;0.0;0.0;0.0
mixed1;15;0;26;35.94;0.0;0.0;0.0
mixed1;15;0;27;178.911;0.0;0.0;0.0
mixed1;15;0;28;178.208;0.0;0.0;0.0
mixed1;15;0;29;182.657;0.0;0.0;0.0
mixed1;15;0;30;23.287;0.0;0.0;0.0
mixed1;15;0;31;103.218;0.0;0.0;0.0
mixed1;15;0;32;129.148;0.0;0.0;0.0
mixed1;15;0;33;17.714;0.0;0.0;0.0
mixed1;15;0;34;-0.0;0.0;0.0;0.0
mixed1;15;0;35;0.0;3.352;0.0;0.0
mixed1;15;0;36;0.0;0.0;0.0;0.0
mixed1;15;0;37;0.0;95.037;0.0;0.0
mixed1;15;0;38;0.0;136.433;0.0;0.0
mixed1;15;0;39;0.0;70.834;0.0;0.0
mixed1;15;0;40;-0.0;0.0;0.0;0.0
mixed1;15;0;41;10.769;0.0;0.0;0.0
mixed1;15;0;42;206.489;0.0;0.0;0.0
mixed1;15;0;43;222.076;0.0;0.0;0.0
mixed1;15;0;44;189.199;0.0;0.0;0.0
mixed1;15;0;45;58.305;0.0;0.0;0.0
mixed1;15;0;46;68.883;0.0;0.0;0.0
mixed1;15;0;47;46.733;0.0;0.0;0.0
mixed1;15;0;48;17.282;0.0;0.0;0.0
mixed1;15;0;49;19.915;0.0;0.0;0.0
mixed1;15;0;50;19.197;0.0;0.0;0.0
mixed1;15;0;51;18.749;0.0;0.0;0.0
mixed1;15;0;52;19.09;0.0;0.0;0.0
mixed1;15;0;53;98.075;0.0;0.0;0.0
mixed1;15;0;54;103.598;0.0;0.0;0.0
mixed1;15;0;55;159.487;0.0;0.0;0.0
mixed1;15;0;56;129.305;0.0;0.0;0.0
mixed1;15;0;57;54.081;0.0;0.0;0.0
mixed1;15;0;58;0.0;0.001;0.0;0.0
mixed1;15;0;59;-0.0;0.0;0.0;0.0
mixed1;15;0;60;22.825;0.0;0.0;0.0
mixed1;15;0;61;4.689;0.0;0.0;0.0
mixed1;15;0;62;14.97;0.0;0.0;0.0
mixed1;15;0;63;-0.0;0.0;0.0;0.0
mixed1;15;0;64;0.0;4.291;0.0;0.0
mixed1;15;0;65;35.529;0.0;0.0;0.0
mixed1;15;0;66;83.528;0.0;0.0;0.0
mixed1;15;0;67;169.013;0.0;0.0;0.0
mixed1;15;0;68;204.928;0.0;0.0;0.0
mixed1;15;0;69;211.104;0.0;0.0;0.0
mixed1;15;0;70;193.563;0.0;0.0;0.0
mixed1;15;0;71;186.105;0.0;0.0;0.0
mixed1;15;0;72;16.68;0.0;0.0;0.0
mixed1;15;0;73;18.497;0.0;0.0;0.0
mixed1;15;0;74;18.753;0.0;0.0;0.0
mixed1;15;0;75;19.291;0.0;0.0;0.0
mixed1;15;0;76;18.646;0.0;0.0;0.0
mixed1;15;0;77;19.385;0.0;0.0;0.0
mixed1;15;0;78;21.275;0.0;0.0;0.0
mixed1;15;0;79;172.864;0.0;0.0;0.0
mixed1;15;0;80;29.178;0.0;0.0;0.0
mixed1;15;0;81;103.078;0.0;0.0;0.0
mixed1;15;0;82;89.472;0.0;0.0;0.0
mixed1;15;0;83;56.387;0.0;0.0;0.0
mixed1;15;0;84;23.573;0.0;0.0;0.0
mixed1;15;0;85;27.888;0.0;0.0;0.0
mixed1;15;0;86;72.309;0.0;0.0;0.0
mixed1;15;0;87;32.999;0.0;0.0;0.0
mixed1;15;0;88;144.828;0.0;0.0;0.0
mixed1;15;0;89;125.197;0.0;0.0;0.0
mixed1;15;0;90;46.518;0.0;0.0;0.0
mixed1;15;0;91;78.009;0.0;0.0;0.0
mixed1;15;0;92;251.938;0.0;0.0;0.0
mixed1;15;0;93;89.175;0.0;0.0;0.0
mixed1;15;0;94;168.611;0.0;0.0;0.0
mixed1;15;0;95;146.018;0.0;0.0;0.0
mixed1;15;0;96;170.034;0.0;0.0;0.0
mixed1;15;0;97;179.817;0.0;0.0;0.0
mixed1;15;0;98;176.967;0.0;0.0;0.0
mixed1;15;0;99;178.586;0.0;0.0;0.0
mixed1;15;0;100;179.577;0.0;0.0;0.0
mixed1;15;0;101;179.423;0.0;0.0;0.0
mixed1;15;0;102;188.423;0.0;0.0;0.0
mixed1;15;0;103;223.418;0.0;0.0;0.0
mixed1;15;0;104;183.897;0.0;0.0;0.0
mixed1;15;0;105;110.341;0.0;0.0;0.0
mixed1;15;0;106;118.222;0.0;0.0;0.0
mixed1;15;0;107;133.084;0.0;0.0;0.0
mixed1;15;0;108;124.976;0.0;0.0;0.0
mixed1;15;0;109;122.516;0.0;0.0;0.0
mixed1;15;0;110;27.228;0.0;0.0;0.0
mixed1;15;0;111;41.93;0.0;0.0;0.0
mixed1;15;0;112;202.818;0.0;0.0;0.0
mixed1;15;0;113;216.08;0.0;0.0;0.0
mixed1;15;0;114;239.801;0.0;0.0;0.0
mixed1;15;0;115;83.674;0.0;0.0;0.0
mixed1;15;0;116;82.816;0.0;0.0;0.0
mixed1;15;0;117;184.954;0.0;0.0;0.0
mixed1;15;0;118;193.976;0.0;0.0;0.0
mixed1;15;0;119;171.901;0.0;0.0;0.0
mixed1;15;0;120;157.22;0.0;0.0;0.0
mixed1;15;0;121;159.506;0.0;0.0;0.0
mixed1;15;0;122;158.382;0.0;0.0;0.0
mixed1;15;0;123;162.011;0.0;0.0;0.0
mixed1;15;0;124;162.795;0.0;0.0;0.0
mixed1;15;0;125;164.94;0.0;0.0;0.0
mixed1;15;0;126;179.846;0.0;0.0;0.0
mixed1;15;0;127;215.258;0.0;0.0;0.0
mixed1;15;0;128;166.463;0.0;0.0;0.0
mixed1;15;0;129;50.385;0.0;0.0;0.0
mixed1;15;0;130;46.19;0.0;0.0;0.0
mixed1;15;0;131;114.072;0.0;0.0;0.0
mixed1;15;0;132;137.051;0.0;0.0;0.0
mixed1;15;0;133;100.406;0.0;0.0;0.0
mixed1;15;0;134;105.306;0.0;0.0;0.0
mixed1;15;0;135;84.273;0.0;0.0;0.0
mixed1;15;0;136;106.018;0.0;0.0;0.0
mixed1;15;0;137;114.953;0.0;0.0;0.0
mixed1;15;0;138;243.584;0.0;0.0;0.0
mixed1;15;0;139;240.253;0.0;0.0;0.0
mixed1;15;0;140;244.904;0.0;0.0;0.0
mixed1;15;0;141;112.834;0.0;0.0;0.0
mixed1;15;0;142;70.845;0.0;0.0;0.0
mixed1;15;0;143;40.193;0.0;0.0;0.0
mixed1;15;0;144;194.581;0.0;0.0;0.0
mixed1;15;0;145;133.526;0.0;0.0;0.0
mixed1;15;0;146;199.986;0.0;0.0;0.0
mixed1;15;0;147;203.064;0.0;0.0;0.0
mixed1;15;0;148;204.293;0.0;0.0;0.0
mixed1;15;0;149;205.436;0.0;0.0;0.0
mixed1;15;0;150;122.301;0.0;0.0;0.0
mixed1;15;0;151;244.022;0.0;0.0;0.0
mixed1;15;0;152;139.619;0.0;0.0;0.0
mixed1;15;0;153;0.0;3.662;0.0;0.0
mixed1;15;0;154;0.0;65.226;0.0;0.0
mixed1;15;0;155;-0.0;0.0;0.0;0.0
mixed1;15;0;156;0.0;60.884;0.0;0.0
mixed1;15;0;157;89.216;0.0;0.0;0.0
mixed1;15;0;158;181.197;0.0;0.0;0.0
mixed1;15;0;159;133.866;0.0;0.0;0.0
mixed1;15;0;160;93.042;0.0;0.0;0.0
mixed1;15;0;161;157.741;0.0;0.0;0.0
mixed1;15;0;162;230.052;0.0;0.0;0.0
mixed1;15;0;163;257.332;0.0;0.0;0.0
mixed1;15;0;164;260.506;0.0;0.0;0.0
mixed1;15;0;165;112.641;0.0;0.0;0.0
mixed1;15;0;166;63.412;0.0;0.0;0.0
mixed1;15;0;167;236.973;0.0;0.0;0.0
mixed1;15;1;0;16.763;0.0;0.0;0.0
mixed1;15;1;1;17.892;0.0;0.0;0.0
mixed1;15;1;2;18.353;0.0;0.0;0.0
mixed1;15;1;3;19.991;0.0;0.0;0.0
mixed1;15;1;4;21.049;0.0;0.0;0.0
mixed1;15;1;5;19.563;0.0;0.0;0.0
mixed1;15;1;6;21.098;0.0;0.0;0.0
mixed1;15;1;7;0.0;14.251;0.0;0.0
mixed1;15;1;8;-48.93;43.38;0.0;48.93
mixed1;15;1;9;-151.288;47.579;0.0;151.288
mixed1;15;1;10;-233.857;56.187;0.0;233.857
mixed1;15;1;11;-304.87;39.313;0.0;304.87
mixed1;15;1;12;-339.061;43.482;0.0;339.061
mixed1;15;1;13;-381.731;47.751;0.0;381.731
mixed1;15;1;14;-299.109;41.271;0.0;299.109
mixed1;15;1;15;-182.048;39.599;0.0;182.048
mixed1;15;1;16;-79.218;46.361;0.0;79.218
mixed1;15;1;17;-7.279;49.787;0.0;7.279
mixed1;15;1;18;4.916;0.0;0.0;0.0
mixed1;15;1;19;71.674;0.0;0.0;0.0
mixed1;15;1;20;73.7;0.0;0.0;0.0
mixed1;15;1;21;70.329;0.0;0.0;0.0
mixed1;15;1;22;58.006;0.0;0.0;0.0
mixed1;15;1;23;41.519;0.0;0.0;0.0
mixed1;15;1;24;17.033;0.0;0.0;0.0
mixed1;15;1;25;22.962;0.0;0.0;0.0
mixed1;15;1;26;19.109;0.0;0.0;0.0
mixed1;15;1;27;19.443;0.0;0.0;0.0
mixed1;15;1;28;18.48;0.0;0.0;0.0
mixed1;15;1;29;20.301;0.0;0.0;0.0
mixed1;15;1;30;21.02;0.0;0.0;0.0
mixed1;15;1;31;0.0;0.0;0.0;0.0
mixed1;15;1;32;-34.262;51.927;0.0;34.262
mixed1;15;1;33;-142.997;50.905;0.0;142.997
mixed1;15;1;34;-217.886;50.791;0.0;217.886
mixed1;15;1;35;-296.759;48.638;0.0;296.759
mixed1;15;1;36;-385.059;44.541;0.0;385.059
mixed1;15;1;37;-386.616;45.447;0.0;386.616
mixed1;15;1;38;-358.734;43.817;0.0;358.734
mixed1;15;1;39;-277.898;57.556;0.0;277.898
mixed1;15;1;40;-184.724;48.577;0.0;184.724
mixed1;15;1;41;0.0;60.208;0.0;0.0
mixed1;15;1;42;0.0;16.77;0.0;0.0
mixed1;15;1;43;58.004;0.0;0.0;0.0
mixed1;15;1;44;77.275;0.0;0.0;0.0
mixed1;15;1;45;65.547;0.0;0.0;0.0
mixed1;15;1;46;56.193;0.0;0.0;0.0
mixed1;15;1;47;56.054;0.0;0.0;0.0
mixed1;15;1;48;17.665;0.0;0.0;0.0
mixed1;15;1;49;19.433;0.0;0.0;0.0
mixed1;15;1;50;18.81;0.0;0.0;0.0
mixed1;15;1;51;18.246;0.0;0.0;0.0
mixed1;15;1;52;22.32;0.0;0.0;0.0
mixed1;15;1;53;19.955;0.0;0.0;0.0
mixed1;15;1;54;22.052;0.0;0.0;0.0
mixed1;15;1;55;19.508;0.0;0.0;0.0
mixed1;15;1;56;-30.562;41.68;0.0;30.562
mixed1;15;1;57;-141.404;38.964;0.0;141.404
mixed1;15;1;58;-218.237;52.642;0.0;218.237
mixed1;15;1;59;-281.601;55.698;0.0;281.601
mixed1;15;1;60;-342.93;49.965;0.0;342.93
mixed1;15;1;61;-304.151;42.755;0.0;304.151
mixed1;15;1;62;-157.883;46.061;0.0;157.883
mixed1;15;1;63;0.0;3.837;0.0;0.0
mixed1;15;1;64;-89.964;33.06;0.0;89.964
mixed1;15;1;65;-49.343;37.919;0.0;49.343
mixed1;15;1;66;2.275;0.0;0.0;0.0
mixed1;15;1;67;53.934;0.0;0.0;0.0
mixed1;15;1;68;77.337;0.0;0.0;0.0
mixed1;15;1;69;64.027;0.0;0.0;0.0
mixed1;15;1;70;58.409;0.0;0.0;0.0
mixed1;15;1;71;39.712;0.0;0.0;0.0
mixed1;15;1;72;17.553;0.0;0.0;0.0
mixed1;15;1;73;19.72;0.0;0.0;0.0
mixed1;15;1;74;19.438;0.0;0.0;0.0
mixed1;15;1;75;18.504;0.0;0.0;0.0
mixed1;15;1;76;18.562;0.0;0.0;0.0
mixed1;15;1;77;23.894;0.0;0.0;0.0
mixed1;15;1;78;19.004;0.0;0.0;0.0
mixed1;15;1;79;0.0;10.578;0.0;0.0
mixed1;15;1;80;-69.671;36.68;0.0;69.671
mixed1;15;1;81;-163.719;59.631;0.0;163.719
mixed1;15;1;82;-270.191;55.058;0.0;270.191
mixed1;15;1;83;-348.138;51.936;0.0;348.138
mixed1;15;1;84;-386.237;49.072;0.0;386.237
mixed1;15;1;85;-354.545;41.472;0.0;354.545
mixed1;15;1;86;-294.078;49.999;0.0;294.078
mixed1;15;1;87;-75.245;202.223;0.0;75.245
mixed1;15;1;88;-116.168;39.183;0.0;116.168
mixed1;15;1;89;-26.625;45.756;0.0;26.625
mixed1;15;1;90;0.0;18.361;0.0;0.0
mixed1;15;1;91;57.898;0.0;0.0;0.0
mixed1;15;1;92;67.966;0.0;0.0;0.0
mixed1;15;1;93;64.396;0.0;0.0;0.0
mixed1;15;1;94;58.339;0.0;0.0;0.0
mixed1;15;1;95;49.996;0.0;0.0;0.0
mixed1;15;1;96;16.783;0.0;0.0;0.0
mixed1;15;1;97;18.711;0.0;0.0;0.0
mixed1;15;1;98;22.833;0.0;0.0;0.0
mixed1;15;1;99;19.229;0.0;0.0;0.0
mixed1;15;1;100;18.228;0.0;0.0;0.0
mixed1;15;1;101;19.633;0.0;0.0;0.0
mixed1;15;1;102;17.193;0.0;0.0;0.0
mixed1;15;1;103;0.0;5.702;0.0;0.0
mixed1;15;1;104;-23.737;30.946;0.0;23.737
mixed1;15;1;105;-8.02;60.929;0.0;8.02
mixed1;15;1;106;-146.06;61.367;0.0;146.06
mixed1;15;1;107;-321.593;61.699;0.0;321.593
mixed1;15;1;108;-379.926;61.988;0.0;379.926
mixed1;15;1;109;-290.847;57.438;0.0;290.847
mixed1;15;1;110;-81.745;63.77;0.0;81.745
mixed1;15;1;111;-54.537;59.782;0.0;54.537
mixed1;15;1;112;-32.708;55.091;0.0;32.708
mixed1;15;1;113;0.0;10.324;0.0;0.0
mixed1;15;1;114;0.0;11.02;0.0;0.0
mixed1;15;1;115;63.724;0.0;0.0;0.0
mixed1;15;1;116;71.854;0.0;0.0;0.0
mixed1;15;1;117;59.689;0.0;0.0;0.0
mixed1;15;1;118;53.321;0.0;0.0;0.0
mixed1;15;1;119;35.648;0.0;0.0;0.0
mixed1;15;1;120;16.989;0.0;0.0;0.0
mixed1;15;1;121;20.609;0.0;0.0;0.0
mixed1;15;1;122;18.532;0.0;0.0;0.0
mixed1;15;1;123;18.088;0.0;0.0;0.0
mixed1;15;1;124;19.257;0.0;0.0;0.0
mixed1;15;1;125;19.214;0.0;0.0;0.0
mixed1;15;1;126;19.098;0.0;0.0;0.0
mixed1;15;1;127;19.059;0.0;0.0;0.0
mixed1;15;1;128;-41.714;41.745;0.0;41.714
mixed1;15;1;129;-152.268;52.432;0.0;152.268
mixed1;15;1;130;-248.129;54.279;0.0;248.129
mixed1;15;1;131;-328.612;44.679;0.0;328.612
mixed1;15;1;132;-352.894;54.268;0.0;352.894
mixed1;15;1;133;-334.156;43.343;0.0;334.156
mixed1;15;1;134;-252.967;47.3;0.0;252.967
mixed1;15;1;135;-159.494;42.862;0.0;159.494
mixed1;15;1;136;-98.006;50.027;0.0;98.006
mixed1;15;1;137;0.0;59.464;0.0;0.0
mixed1;15;1;138;0.0;6.211;0.0;0.0
mixed1;15;1;139;63.201;0.0;0.0;0.0
mixed1;15;1;140;65.642;0.0;0.0;0.0
mixed1;15;1;141;62.976;0.0;0.0;0.0
mixed1;15;1;142;52.098;0.0;0.0;0.0
mixed1;15;1;143;62.957;0.0;0.0;0.0
mixed1;15;1;144;17.761;0.0;0.0;0.0
mixed1;15;1;145;18.734;0.0;0.0;0.0
mixed1;15;1;146;18.328;0.0;0.0;0.0
mixed1;15;1;147;18.938;0.0;0.0;0.0
mixed1;15;1;148;21.383;0.0;0.0;0.0
mixed1;15;1;149;19.675;0.0;0.0;0.0
mixed1;15;1;150;20.827;0.0;0.0;0.0
mixed1;15;1;151;0.709;0.0;0.0;0.0
mixed1;15;1;152;-41.267;41.161;0.0;41.267
mixed1;15;1;153;-148.25;58.739;0.0;148.25
mixed1;15;1;154;-258.899;48.526;0.0;258.899
mixed1;15;1;155;-330.929;51.098;0.0;330.929
mixed1;15;1;156;-368.94;56.287;0.0;368.94
mixed1;15;1;157;-361.974;56.455;0.0;361.974
mixed1;15;1;158;-243.232;49.323;0.0;243.232
mixed1;15;1;159;0.0;178.301;0.0;0.0
mixed1;15;1;160;-134.779;46.533;0.0;134.779
mixed1;15;1;161;0.0;76.073;0.0;0.0
mixed1;15;1;162;0.0;25.625;0.0;0.0
mixed1;15;1;163;66.909;0.0;0.0;0.0
mixed1;15;1;164;76.092;0.0;0.0;0.0
mixed1;15;1;165;68.057;0.0;0.0;0.0
mixed1;15;1;166;69.299;0.0;0.0;0.0
mixed1;15;1;167;42.765;0.0;0.0;0.0
mixed1;15;2;0;166.328;0.0;0.0;0.0
mixed1;15;2;1;178.378;0.0;0.0;0.0
mixed1;15;2;2;154.09;0.0;0.0;0.0
mixed1;15;2;3;18.823;0.0;0.0;0.0
mixed1;15;2;4;19.18;0.0;0.0;0.0
mixed1;15;2;5;19.286;0.0;0.0;0.0
mixed1;15;2;6;21.88;0.0;0.0;0.0
mixed1;15;2;7;123.994;0.0;0.0;0.0
mixed1;15;2;8;0.0;20.606;0.0;0.0
mixed1;15;2;9;0.0;170.846;0.0;0.0
mixed1;15;2;10;-104.396;170.023;0.0;104.396
mixed1;15;2;11;-211.766;149.097;0.0;211.766
mixed1;15;2;12;-281.965;118.498;0.0;281.965
mixed1;15;2;13;-172.622;101.045;0.0;172.622
mixed1;15;2;14;0.0;96.255;0.0;0.0
mixed1;15;2;15;0.0;33.514;0.0;0.0
mixed1;15;2;16;0.0;31.855;0.0;0.0
mixed1;15;2;17;0.0;0.001;0.0;0.0
mixed1;15;2;18;63.831;0.0;0.0;0.0
mixed1;15;2;19;95.558;0.0;0.0;0.0
mixed1;15;2;20;110.573;0.0;0.0;0.0
mixed1;15;2;21;99.889;0.0;0.0;0.0
mixed1;15;2;22;106.047;0.0;0.0;0.0
mixed1;15;2;23;58.176;0.0;0.0;0.0
mixed1;15;2;24;16.659;0.0;0.0;0.0
mixed1;15;2;25;19.219;0.0;0.0;0.0
mixed1;15;2;26;18.695;0.0;0.0;0.0
mixed1;15;2;27;18.878;0.0;0.0;0.0
mixed1;15;2;28;18.35;0.0;0.0;0.0
mixed1;15;2;29;22.177;0.0;0.0;0.0
mixed1;15;2;30;24.177;0.0;0.0;0.0
mixed1;15;2;31;103.034;0.0;0.0;0.0
mixed1;15;2;32;0.0;31.035;0.0;0.0
mixed1;15;2;33;0.0;142.803;0.0;0.0
mixed1;15;2;34;-85.223;175.844;0.0;85.223
mixed1;15;2;35;-196.593;147.462;0.0;196.593
mixed1;15;2;36;-250.362;120.433;0.0;250.362
mixed1;15;2;37;-170.912;99.299;0.0;170.912
mixed1;15;2;38;0.0;226.385;0.0;0.0
mixed1;15;2;39;-99.795;52.486;0.0;99.795
mixed1;15;2;40;0.0;33.188;0.0;0.0
mixed1;15;2;41;0.0;0.001;0.0;0.0
mixed1;15;2;42;45.873;0.0;0.0;0.0
mixed1;15;2;43;67.545;0.0;0.0;0.0
mixed1;15;2;44;78.285;0.0;0.0;0.0
mixed1;15;2;45;65.811;0.0;0.0;0.0
mixed1;15;2;46;69.962;0.0;0.0;0.0
mixed1;15;2;47;45.367;0.0;0.0;0.0
mixed1;15;2;48;16.822;0.0;0.0;0.0
mixed1;15;2;49;17.764;0.0;0.0;0.0
mixed1;15;2;50;19.345;0.0;0.0;0.0
mixed1;15;2;51;18.273;0.0;0.0;0.0
mixed1;15;2;52;18.43;0.0;0.0;0.0
mixed1;15;2;53;19.109;0.0;0.0;0.0
mixed1;15;2;54;19.644;0.0;0.0;0.0
mixed1;15;2;55;65.553;0.0;0.0;0.0
mixed1;15;2;56;30.469;0.0;0.0;0.0
mixed1;15;2;57;0.0;0.0;0.0;0.0
mixed1;15;2;58;5.609;0.0;0.0;0.0
mixed1;15;2;59;0.0;0.001;0.0;0.0
mixed1;15;2;60;0.0;0.001;0.0;0.0
mixed1;15;2;61;-0.0;0.0;0.0;0.0
mixed1;15;2;62;0.0;0.0;0.0;0.0
mixed1;15;2;63;8.949;0.0;0.0;0.0
mixed1;15;2;64;0.001;0.0;0.0;0.0
mixed1;15;2;65;20.4;0.0;0.0;0.0
mixed1;15;2;66;54.531;0.0;0.0;0.0
mixed1;15;2;67;71.876;0.0;0.0;0.0
mixed1;15;2;68;82.575;0.0;0.0;0.0
mixed1;15;2;69;62.48;0.0;0.0;0.0
mixed1;15;2;70;59.396;0.0;0.0;0.0
mixed1;15;2;71;58.581;0.0;0.0;0.0
mixed1;15;2;72;149.364;0.0;0.0;0.0
mixed1;15;2;73;23.613;0.0;0.0;0.0
mixed1;15;2;74;18.041;0.0;0.0;0.0
mixed1;15;2;75;19.582;0.0;0.0;0.0
mixed1;15;2;76;17.903;0.0;0.0;0.0
mixed1;15;2;77;23.818;0.0;0.0;0.0
mixed1;15;2;78;22.748;0.0;0.0;0.0
mixed1;15;2;79;1.931;0.0;0.0;0.0
mixed1;15;2;80;0.0;0.0;0.0;0.0
mixed1;15;2;81;0.0;21.637;0.0;0.0
mixed1;15;2;82;0.0;0.0;0.0;0.0
mixed1;15;2;83;0.0;63.183;0.0;0.0
mixed1;15;2;84;-64.897;90.693;0.0;64.897
mixed1;15;2;85;0.0;78.429;0.0;0.0
mixed1;15;2;86;-0.0;0.0;0.0;0.0
mixed1;15;2;87;-0.0;0.0;0.0;0.0
mixed1;15;2;88;0.0;0.0;0.0;0.0
mixed1;15;2;89;0.0;0.001;0.0;0.0
mixed1;15;2;90;39.498;0.0;0.0;0.0
mixed1;15;2;91;50.629;0.0;0.0;0.0
mixed1;15;2;92;81.236;0.0;0.0;0.0
mixed1;15;2;93;62.695;0.0;0.0;0.0
mixed1;15;2;94;195.699;0.0;0.0;0.0
mixed1;15;2;95;82.239;0.0;0.0;0.0
mixed1;15;2;96;98.142;0.0;0.0;0.0
mixed1;15;2;97;25.743;0.0;0.0;0.0
mixed1;15;2;98;18.744;0.0;0.0;0.0
mixed1;15;2;99;19.302;0.0;0.0;0.0
mixed1;15;2;100;19.654;0.0;0.0;0.0
mixed1;15;2;101;18.927;0.0;0.0;0.0
mixed1;15;2;102;22.055;0.0;0.0;0.0
mixed1;15;2;103;126.831;0.0;0.0;0.0
mixed1;15;2;104;0.0;11.116;0.0;0.0
mixed1;15;2;105;0.0;131.235;0.0;0.0
mixed1;15;2;106;0.0;126.117;0.0;0.0
mixed1;15;2;107;0.0;35.114;0.0;0.0
mixed1;15;2;108;0.0;110.671;0.0;0.0
mixed1;15;2;109;0.0;87.136;0.0;0.0
mixed1;15;2;110;0.0;68.322;0.0;0.0
mixed1;15;2;111;0.0;0.0;0.0;0.0
mixed1;15;2;112;0.0;0.0;0.0;0.0
mixed1;15;2;113;2.424;0.0;0.0;0.0
mixed1;15;2;114;60.403;0.0;0.0;0.0
mixed1;15;2;115;67.327;0.0;0.0;0.0
mixed1;15;2;116;73.727;0.0;0.0;0.0
mixed1;15;2;117;59.035;0.0;0.0;0.0
mixed1;15;2;118;64.329;0.0;0.0;0.0
mixed1;15;2;119;37.669;0.0;0.0;0.0
mixed1;15;2;120;16.642;0.0;0.0;0.0
mixed1;15;2;121;24.197;0.0;0.0;0.0
mixed1;15;2;122;21.166;0.0;0.0;0.0
mixed1;15;2;123;19.23;0.0;0.0;0.0
mixed1;15;2;124;18.572;0.0;0.0;0.0
mixed1;15;2;125;19.618;0.0;0.0;0.0
mixed1;15;2;126;65.688;0.0;0.0;0.0
mixed1;15;2;127;100.577;0.0;0.0;0.0
mixed1;15;2;128;58.369;0.0;0.0;0.0
mixed1;15;2;129;24.751;0.0;0.0;0.0
mixed1;15;2;130;0.0;0.001;0.0;0.0
mixed1;15;2;131;0.0;0.001;0.0;0.0
mixed1;15;2;132;0.0;43.922;0.0;0.0
mixed1;15;2;133;0.0;87.098;0.0;0.0
mixed1;15;2;134;0.0;0.0;0.0;0.0
mixed1;15;2;135;0.001;0.0;0.0;0.0
mixed1;15;2;136;0.0;0.0;0.0;0.0
mixed1;15;2;137;132.928;0.0;0.0;0.0
mixed1;15;2;138;73.367;0.0;0.0;0.0
mixed1;15;2;139;93.458;0.0;0.0;0.0
mixed1;15;2;140;78.981;0.0;0.0;0.0
mixed1;15;2;141;69.214;0.0;0.0;0.0
mixed1;15;2;142;63.181;0.0;0.0;0.0
mixed1;15;2;143;39.6;0.0;0.0;0.0
mixed1;15;2;144;16.821;0.0;0.0;0.0
mixed1;15;2;145;18.137;0.0;0.0;0.0
mixed1;15;2;146;18.381;0.0;0.0;0.0
mixed1;15;2;147;19.946;0.0;0.0;0.0
mixed1;15;2;148;18.542;0.0;0.0;0.0
mixed1;15;2;149;19.36;0.0;0.0;0.0
mixed1;15;2;150;19.909;0.0;0.0;0.0
mixed1;15;2;151;52.224;0.0;0.0;0.0
mixed1;15;2;152;48.516;0.0;0.0;0.0
mixed1;15;2;153;67.795;0.0;0.0;0.0
mixed1;15;2;154;70.213;0.0;0.0;0.0
mixed1;15;2;155;36.111;0.0;0.0;0.0
mixed1;15;2;156;11.716;0.0;0.0;0.0
mixed1;15;2;157;24.57;0.0;0.0;0.0
mixed1;15;2;158;23.415;0.0;0.0;0.0
mixed1;15;2;159;47.97;0.0;0.0;0.0
mixed1;15;2;160;166.63;0.0;0.0;0.0
mixed1;15;2;161;63.561;0.0;0.0;0.0
mixed1;15;2;162;76.909;0.0;0.0;0.0
mixed1;15;2;163;71.248;0.0;0.0;0.0
mixed1;15;2;164;82.687;0.0;0.0;0.0
mixed1;15;2;165;63.305;0.0;0.0;0.0
mixed1;15;2;166;119.388;0.0;0.0;0.0
mixed1;15;2;167;173.116;0.0;0.0;0.0
mixed1;15;3;0;19.833;0.0;0.0;0.0
mixed1;15;3;1;135.215;0.0;0.0;0.0
mixed1;15;3;2;162.294;0.0;0.0;0.0
mixed1;15;3;3;163.846;0.0;0.0;0.0
mixed1;15;3;4;195.309;0.0;0.0;0.0
mixed1;15;3;5;142.845;0.0;0.0;0.0
mixed1;15;3;6;186.468;0.0;0.0;0.0
mixed1;15;3;7;222.231;0.0;0.0;0.0
mixed1;15;3;8;219.452;0.0;0.0;0.0
mixed1;15;3;9;165.633;0.0;0.0;0.0
mixed1;15;3;10;111.942;0.0;0.0;0.0
mixed1;15;3;11;109.616;0.0;0.0;0.0
mixed1;15;3;12;32.166;0.0;0.0;0.0
mixed1;15;3;13;0.0;71.801;0.0;0.0
mixed1;15;3;14;0.0;65.311;0.0;0.0
mixed1;15;3;15;32.948;0.0;0.0;0.0
mixed1;15;3;16;183.085;0.0;0.0;0.0
mixed1;15;3;17;246.05;0.0;0.0;0.0
mixed1;15;3;18;238.453;0.0;0.0;0.0
mixed1;15;3;19;78.495;0.0;0.0;0.0
mixed1;15;3;20;82.184;0.0;0.0;0.0
mixed1;15;3;21;76.404;0.0;0.0;0.0
mixed1;15;3;22;231.019;0.0;0.0;0.0
mixed1;15;3;23;217.797;0.0;0.0;0.0
mixed1;15;3;24;193.337;0.0;0.0;0.0
mixed1;15;3;25;34.322;0.0;0.0;0.0
mixed1;15;3;26;164.364;0.0;0.0;0.0
mixed1;15;3;27;167.285;0.0;0.0;0.0
mixed1;15;3;28;170.915;0.0;0.0;0.0
mixed1;15;3;29;175.464;0.0;0.0;0.0
mixed1;15;3;30;188.177;0.0;0.0;0.0
mixed1;15;3;31;214.478;0.0;0.0;0.0
mixed1;15;3;32;220.43;0.0;0.0;0.0
mixed1;15;3;33;185.02;0.0;0.0;0.0
mixed1;15;3;34;55.152;0.0;0.0;0.0
mixed1;15;3;35;30.877;0.0;0.0;0.0
mixed1;15;3;36;1.914;0.0;0.0;0.0
mixed1;15;3;37;40.678;0.0;0.0;0.0
mixed1;15;3;38;161.339;0.0;0.0;0.0
mixed1;15;3;39;171.795;0.0;0.0;0.0
mixed1;15;3;40;200.676;0.0;0.0;0.0
mixed1;15;3;41;204.893;0.0;0.0;0.0
mixed1;15;3;42;213.11;0.0;0.0;0.0
mixed1;15;3;43;219.943;0.0;0.0;0.0
mixed1;15;3;44;211.743;0.0;0.0;0.0
mixed1;15;3;45;201.204;0.0;0.0;0.0
mixed1;15;3;46;192.39;0.0;0.0;0.0
mixed1;15;3;47;168.985;0.0;0.0;0.0
mixed1;15;3;48;103.787;0.0;0.0;0.0
mixed1;15;3;49;105.718;0.0;0.0;0.0
mixed1;15;3;50;98.829;0.0;0.0;0.0
mixed1;15;3;51;96.922;0.0;0.0;0.0
mixed1;15;3;52;95.328;0.0;0.0;0.0
mixed1;15;3;53;102.679;0.0;0.0;0.0
mixed1;15;3;54;106.071;0.0;0.0;0.0
mixed1;15;3;55;141.155;0.0;0.0;0.0
mixed1;15;3;56;151.882;0.0;0.0;0.0
mixed1;15;3;57;148.855;0.0;0.0;0.0
mixed1;15;3;58;112.727;0.0;0.0;0.0
mixed1;15;3;59;119.15;0.0;0.0;0.0
mixed1;15;3;60;47.679;0.0;0.0;0.0
mixed1;15;3;61;0.0;0.0;0.0;0.0
mixed1;15;3;62;-0.0;0.0;0.0;0.0
mixed1;15;3;63;25.402;0.0;0.0;0.0
mixed1;15;3;64;136.969;0.0;0.0;0.0
mixed1;15;3;65;236.255;0.0;0.0;0.0
mixed1;15;3;66;224.124;0.0;0.0;0.0
mixed1;15;3;67;218.742;0.0;0.0;0.0
mixed1;15;3;68;85.99;0.0;0.0;0.0
mixed1;15;3;69;56.64;0.0;0.0;0.0
mixed1;15;3;70;61.653;0.0;0.0;0.0
mixed1;15;3;71;129.696;0.0;0.0;0.0
mixed1;15;3;72;103.616;0.0;0.0;0.0
mixed1;15;3;73;109.237;0.0;0.0;0.0
mixed1;15;3;74;109.684;0.0;0.0;0.0
mixed1;15;3;75;112.22;0.0;0.0;0.0
mixed1;15;3;76;112.025;0.0;0.0;0.0
mixed1;15;3;77;113.892;0.0;0.0;0.0
mixed1;15;3;78;180.406;0.0;0.0;0.0
mixed1;15;3;79;76.713;0.0;0.0;0.0
mixed1;15;3;80;148.995;0.0;0.0;0.0
mixed1;15;3;81;137.278;0.0;0.0;0.0
mixed1;15;3;82;136.885;0.0;0.0;0.0
mixed1;15;3;83;131.725;0.0;0.0;0.0
mixed1;15;3;84;101.346;0.0;0.0;0.0
mixed1;15;3;85;0.0;0.0;0.0;0.0
mixed1;15;3;86;0.0;0.0;0.0;0.0
mixed1;15;3;87;95.385;0.0;0.0;0.0
mixed1;15;3;88;150.51;0.0;0.0;0.0
mixed1;15;3;89;213.708;0.0;0.0;0.0
mixed1;15;3;90;224.844;0.0;0.0;0.0
mixed1;15;3;91;68.944;0.0;0.0;0.0
mixed1;15;3;92;88.446;0.0;0.0;0.0
mixed1;15;3;93;75.65;0.0;0.0;0.0
mixed1;15;3;94;175.79;0.0;0.0;0.0
mixed1;15;3;95;183.689;0.0;0.0;0.0
mixed1;15;3;96;193.11;0.0;0.0;0.0
mixed1;15;3;97;202.136;0.0;0.0;0.0
mixed1;15;3;98;197.064;0.0;0.0;0.0
mixed1;15;3;99;199.554;0.0;0.0;0.0
mixed1;15;3;100;196.392;0.0;0.0;0.0
mixed1;15;3;101;194.836;0.0;0.0;0.0
mixed1;15;3;102;194.109;0.0;0.0;0.0
mixed1;15;3;103;222.323;0.0;0.0;0.0
mixed1;15;3;104;222.596;0.0;0.0;0.0
mixed1;15;3;105;243.858;0.0;0.0;0.0
mixed1;15;3;106;214.966;0.0;0.0;0.0
mixed1;15;3;107;221.197;0.0;0.0;0.0
mixed1;15;3;108;212.365;0.0;0.0;0.0
mixed1;15;3;109;191.668;0.0;0.0;0.0
mixed1;15;3;110;210.383;0.0;0.0;0.0
mixed1;15;3;111;204.4;0.0;0.0;0.0
mixed1;15;3;112;215.137;0.0;0.0;0.0
mixed1;15;3;113;216.696;0.0;0.0;0.0
mixed1;15;3;114;217.867;0.0;0.0;0.0
mixed1;15;3;115;234.102;0.0;0.0;0.0
mixed1;15;3;116;217.32;0.0;0.0;0.0
mixed1;15;3;117;209.776;0.0;0.0;0.0
mixed1;15;3;118;199.821;0.0;0.0;0.0
mixed1;15;3;119;216.824;0.0;0.0;0.0
mixed1;15;3;120;186.821;0.0;0.0;0.0
mixed1;15;3;121;192.899;0.0;0.0;0.0
mixed1;15;3;122;191.873;0.0;0.0;0.0
mixed1;15;3;123;194.41;0.0;0.0;0.0
mixed1;15;3;124;182.447;0.0;0.0;0.0
mixed1;15;3;125;19.209;0.0;0.0;0.0
mixed1;15;3;126;192.77;0.0;0.0;0.0
mixed1;15;3;127;225.025;0.0;0.0;0.0
mixed1;15;3;128;228.604;0.0;0.0;0.0
mixed1;15;3;129;217.824;0.0;0.0;0.0
mixed1;15;3;130;185.885;0.0;0.0;0.0
mixed1;15;3;131;188.398;0.0;0.0;0.0
mixed1;15;3;132;130.212;0.0;0.0;0.0
mixed1;15;3;133;109.703;0.0;0.0;0.0
mixed1;15;3;134;182.304;0.0;0.0;0.0
mixed1;15;3;135;186.911;0.0;0.0;0.0
mixed1;15;3;136;241.598;0.0;0.0;0.0
mixed1;15;3;137;160.717;0.0;0.0;0.0
mixed1;15;3;138;216.461;0.0;0.0;0.0
mixed1;15;3;139;260.767;0.0;0.0;0.0
mixed1;15;3;140;185.695;0.0;0.0;0.0
mixed1;15;3;141;214.986;0.0;0.0;0.0
mixed1;15;3;142;217.977;0.0;0.0;0.0
mixed1;15;3;143;191.924;0.0;0.0;0.0
mixed1;15;3;144;197.344;0.0;0.0;0.0
mixed1;15;3;145;151.132;0.0;0.0;0.0
mixed1;15;3;146;197.999;0.0;0.0;0.0
mixed1;15;3;147;160.124;0.0;0.0;0.0
mixed1;15;3;148;180.726;0.0;0.0;0.0
mixed1;15;3;149;183.981;0.0;0.0;0.0
mixed1;15;3;150;199.457;0.0;0.0;0.0
mixed1;15;3;151;224.778;0.0;0.0;0.0
mixed1;15;3;152;230.181;0.0;0.0;0.0
mixed1;15;3;153;172.948;0.0;0.0;0.0
mixed1;15;3;154;90.937;0.0;0.0;0.0
mixed1;15;3;155;128.229;0.0;0.0;0.0
mixed1;15;3;156;142.601;0.0;0.0;0.0
mixed1;15;3;157;195.939;0.0;0.0;0.0
mixed1;15;3;158;104.747;0.0;0.0;0.0
mixed1;15;3;159;179.52;0.0;0.0;0.0
mixed1;15;3;160;181.469;0.0;0.0;0.0
mixed1;15;3;161;170.892;0.0;0.0;0.0
mixed1;15;3;162;184.793;0.0;0.0;0.0
mixed1;15;3;163;193.449;0.0;0.0;0.0
mixed1;15;3;164;176.775;0.0;0.0;0.0
mixed1;15;3;165;225.474;0.0;0.0;0.0
mixed1;15;3;166;230.683;0.0;0.0;0.0
mixed1;15;3;167;209.72;0.0;0.0;0.0
mixed1;20;0;0;16.917;0.0;0.0;0.0
mixed1;20;0;1;103.115;0.0;0.0;0.0
mixed1;20;0;2;20.233;0.0;0.0;0.0
mixed1;20;0;3;100.612;0.0;0.0;0.0
mixed1;20;0;4;100.351;0.0;0.0;0.0
mixed1;20;0;5;103.913;0.0;0.0;0.0
mixed1;20;0;6;119.796;0.0;0.0;0.0
mixed1;20;0;7;154.484;0.0;0.0;0.0
mixed1;20;0;8;97.572;0.0;0.0;0.0
mixed1;20;0;9;0.0;0.0;0.0;0.0
mixed1;20;0;10;0.0;0.0;0.0;0.0
mixed1;20;0;11;0.0;0.0;0.0;0.0
mixed1;20;0;12;0.0;0.0;0.0;0.0
mixed1;20;0;13;18.464;0.0;0.0;0.0
mixed1;20;0;14;12.957;0.0;0.0;0.0
mixed1;20;0;15;0.0;0.0;0.0;0.0
mixed1;20;0;16;-0.0;0.0;0.0;0.0
mixed1;20;0;17;91.178;0.0;0.0;0.0
mixed1;20;0;18;219.332;0.0;0.0;0.0
mixed1;20;0;19;73.206;0.0;0.0;0.0
mixed1;20;0;20;124.245;0.0;0.0;0.0
mixed1;20;0;21;211.561;0.0;0.0;0.0
mixed1;20;0;22;202.612;0.0;0.0;0.0
mixed1;20;0;23;197.134;0.0;0.0;0.0
mixed1;20;0;24;16.85;0.0;0.0;0.0
mixed1;20;0;25;18.334;0.0;0.0;0.0
mixed1;20;0;26;19.988;0.0;0.0;0.0
mixed1;20;0;27;178.911;0.0;0.0;0.0
mixed1;20;0;28;178.208;0.0;0.0;0.0
mixed1;20;0;29;150.795;0.0;0.0;0.0
mixed1;20;0;30;23.287;0.0;0.0;0.0
mixed1;20;0;31;61.958;0.0;0.0;0.0
mixed1;20;0;32;119.581;0.0;0.0;0.0
mixed1;20;0;33;8.695;0.0;0.0;0.0
mixed1;20;0;34;-0.0;0.0;0.0;0.0
mixed1;20;0;35;0.0;3.352;0.0;0.0
mixed1;20;0;36;0.0;0.0;0.0;0.0
mixed1;20;0;37;0.0;95.037;0.0;0.0
mixed1;20;0;38;0.0;136.433;0.0;0.0
mixed1;20;0;39;0.0;70.834;0.0;0.0
mixed1;20;0;40;-0.0;0.0;0.0;0.0
mixed1;20;0;41;10.769;0.0;0.0;0.0
mixed1;20;0;42;206.489;0.0;0.0;0.0
mixed1;20;0;43;204.875;0.0;0.0;0.0
mixed1;20;0;44;141.191;0.0;0.0;0.0
mixed1;20;0;45;58.305;0.0;0.0;0.0
mixed1;20;0;46;65.383;0.0;0.0;0.0
mixed1;20;0;47;46.733;0.0;0.0;0.0
mixed1;20;0;48;17.282;0.0;0.0;0.0
mixed1;20;0;49;19.915;0.0;0.0;0.0
mixed1;20;0;50;19.197;0.0;0.0;0.0
mixed1;20;0;51;18.749;0.0;0.0;0.0
mixed1;20;0;52;19.09;0.0;0.0;0.0
mixed1;20;0;53;45.251;0.0;0.0;0.0
mixed1;20;0;54;96.395;0.0;0.0;0.0
mixed1;20;0;55;150.615;0.0;0.0;0.0
mixed1;20;0;56;120.79;0.0;0.0;0.0
mixed1;20;0;57;46.746;0.0;0.0;0.0
mixed1;20;0;58;0.0;0.001;0.0;0.0
mixed1;20;0;59;-0.0;0.0;0.0;0.0
mixed1;20;0;60;0.0;0.001;0.0;0.0
mixed1;20;0;61;4.689;0.0;0.0;0.0
mixed1;20;0;62;14.97;0.0;0.0;0.0
mixed1;20;0;63;-0.0;0.0;0.0;0.0
mixed1;20;0;64;0.0;4.291;0.0;0.0
mixed1;20;0;65;35.529;0.0;0.0;0.0
mixed1;20;0;66;83.528;0.0;0.0;0.0
mixed1;20;0;67;128.682;0.0;0.0;0.0
mixed1;20;0;68;204.928;0.0;0.0;0.0
mixed1;20;0;69;211.104;0.0;0.0;0.0
mixed1;20;0;70;193.563;0.0;0.0;0.0
mixed1;20;0;71;186.105;0.0;0.0;0.0
mixed1;20;0;72;16.68;0.0;0.0;0.0
mixed1;20;0;73;18.497;0.0;0.0;0.0
mixed1;20;0;74;18.753;0.0;0.0;0.0
mixed1;20;0;75;19.291;0.0;0.0;0.0
mixed1;20;0;76;18.646;0.0;0.0;0.0
mixed1;20;0;77;19.385;0.0;0.0;0.0
mixed1;20;0;78;21.275;0.0;0.0;0.0
mixed1;20;0;79;111.188;0.0;0.0;0.0
mixed1;20;0;80;29.178;0.0;0.0;0.0
mixed1;20;0;81;94.743;0.0;0.0;0.0
mixed1;20;0;82;81.328;0.0;0.0;0.0
mixed1;20;0;83;48.602;0.0;0.0;0.0
mixed1;20;0;84;16.151;0.0;0.0;0.0
mixed1;20;0;85;20.556;0.0;0.0;0.0
mixed1;20;0;86;65.032;0.0;0.0;0.0
mixed1;20;0;87;25.406;0.0;0.0;0.0
mixed1;20;0;88;144.828;0.0;0.0;0.0
mixed1;20;0;89;107.124;0.0;0.0;0.0
mixed1;20;0;90;46.518;0.0;0.0;0.0
mixed1;20;0;91;66.306;0.0;0.0;0.0
mixed1;20;0;92;251.938;0.0;0.0;0.0
mixed1;20;0;93;72.342;0.0;0.0;0.0
mixed1;20;0;94;159.558;0.0;0.0;0.0
mixed1;20;0;95;137.184;0.0;0.0;0.0
mixed1;20;0;96;156.339;0.0;0.0;0.0
mixed1;20;0;97;165.878;0.0;0.0;0.0
mixed1;20;0;98;162.743;0.0;0.0;0.0
mixed1;20;0;99;164.255;0.0;0.0;0.0
mixed1;20;0;100;165.216;0.0;0.0;0.0
mixed1;20;0;101;165.095;0.0;0.0;0.0
mixed1;20;0;102;173.368;0.0;0.0;0.0
mixed1;20;0;103;208.596;0.0;0.0;0.0
mixed1;20;0;104;170.363;0.0;0.0;0.0
mixed1;20;0;105;97.194;0.0;0.0;0.0
mixed1;20;0;106;105.764;0.0;0.0;0.0
mixed1;20;0;107;121.563;0.0;0.0;0.0
mixed1;20;0;108;113.73;0.0;0.0;0.0
mixed1;20;0;109;112.056;0.0;0.0;0.0
mixed1;20;0;110;27.228;0.0;0.0;0.0
mixed1;20;0;111;41.93;0.0;0.0;0.0
mixed1;20;0;112;202.818;0.0;0.0;0.0
mixed1;20;0;113;216.08;0.0;0.0;0.0
mixed1;20;0;114;239.801;0.0;0.0;0.0
mixed1;20;0;115;83.674;0.0;0.0;0.0
mixed1;20;0;116;82.816;0.0;0.0;0.0
mixed1;20;0;117;102.044;0.0;0.0;0.0
mixed1;20;0;118;182.639;0.0;0.0;0.0
mixed1;20;0;119;160.108;0.0;0.0;0.0
mixed1;20;0;120;144.847;0.0;0.0;0.0
mixed1;20;0;121;147.144;0.0;0.0;0.0
mixed1;20;0;122;145.935;0.0;0.0;0.0
mixed1;20;0;123;149.239;0.0;0.0;0.0
mixed1;20;0;124;149.835;0.0;0.0;0.0
mixed1;20;0;125;151.86;0.0;0.0;0.0
mixed1;20;0;126;165.707;0.0;0.0;0.0
mixed1;20;0;127;201.476;0.0;0.0;0.0
mixed1;20;0;128;153.902;0.0;0.0;0.0
mixed1;20;0;129;38.033;0.0;0.0;0.0
mixed1;20;0;130;34.523;0.0;0.0;0.0
mixed1;20;0;131;102.73;0.0;0.0;0.0
mixed1;20;0;132;125.465;0.0;0.0;0.0
mixed1;20;0;133;90.092;0.0;0.0;0.0
mixed1;20;0;134;95.334;0.0;0.0;0.0
mixed1;20;0;135;84.273;0.0;0.0;0.0
mixed1;20;0;136;106.018;0.0;0.0;0.0
mixed1;20;0;137;114.953;0.0;0.0;0.0
mixed1;20;0;138;243.584;0.0;0.0;0.0
mixed1;20;0;139;240.253;0.0;0.0;0.0
mixed1;20;0;140;244.904;0.0;0.0;0.0
mixed1;20;0;141;56.957;0.0;0.0;0.0
mixed1;20;0;142;70.845;0.0;0.0;0.0
mixed1;20;0;143;40.193;0.0;0.0;0.0
mixed1;20;0;144;194.581;0.0;0.0;0.0
mixed1;20;0;145;68.03;0.0;0.0;0.0
mixed1;20;0;146;199.986;0.0;0.0;0.0
mixed1;20;0;147;203.064;0.0;0.0;0.0
mixed1;20;0;148;204.293;0.0;0.0;0.0
mixed1;20;0;149;205.436;0.0;0.0;0.0
mixed1;20;0;150;47.126;0.0;0.0;0.0
mixed1;20;0;151;227.249;0.0;0.0;0.0
mixed1;20;0;152;123.712;0.0;0.0;0.0
mixed1;20;0;153;0.0;3.662;0.0;0.0
mixed1;20;0;154;0.0;65.226;0.0;0.0
mixed1;20;0;155;-0.0;0.0;0.0;0.0
mixed1;20;0;156;0.0;60.884;0.0;0.0
mixed1;20;0;157;89.216;0.0;0.0;0.0
mixed1;20;0;158;181.197;0.0;0.0;0.0
mixed1;20;0;159;133.866;0.0;0.0;0.0
mixed1;20;0;160;93.042;0.0;0.0;0.0
mixed1;20;0;161;157.741;0.0;0.0;0.0
mixed1;20;0;162;230.052;0.0;0.0;0.0
mixed1;20;0;163;257.332;0.0;0.0;0.0
mixed1;20;0;164;93.584;0.0;0.0;0.0
mixed1;20;0;165;71.567;0.0;0.0;0.0
mixed1;20;0;166;63.412;0.0;0.0;0.0
mixed1;20;0;167;236.973;0.0;0.0;0.0
mixed1;20;1;0;16.763;0.0;0.0;0.0
mixed1;20;1;1;17.892;0.0;0.0;0.0
mixed1;20;1;2;18.353;0.0;0.0;0.0
mixed1;20;1;3;19.991;0.0;0.0;0.0
mixed1;20;1;4;21.049;0.0;0.0;0.0
mixed1;20;1;5;19.563;0.0;0.0;0.0
mixed1;20;1;6;21.098;0.0;0.0;0.0
mixed1;20;1;7;0.0;14.251;0.0;0.0
mixed1;20;1;8;-48.93;43.38;0.0;48.93
mixed1;20;1;9;-151.288;47.579;0.0;151.288
mixed1;20;1;10;-233.857;56.187;0.0;233.857
mixed1;20;1;11;-304.87;39.313;0.0;304.87
mixed1;20;1;12;-339.061;43.482;0.0;339.061
mixed1;20;1;13;-381.731;47.751;0.0;381.731
mixed1;20;1;14;-299.109;41.271;0.0;299.109
mixed1;20;1;15;-182.048;39.599;0.0;182.048
mixed1;20;1;16;-79.437;46.142;0.0;79.437
mixed1;20;1;17;-7.466;49.6;0.0;7.466
mixed1;20;1;18;4.916;0.0;0.0;0.0
mixed1;20;1;19;71.674;0.0;0.0;0.0
mixed1;20;1;20;73.7;0.0;0.0;0.0
mixed1;20;1;21;70.329;0.0;0.0;0.0
mixed1;20;1;22;58.006;0.0;0.0;0.0
mixed1;20;1;23;41.519;0.0;0.0;0.0
mixed1;20;1;24;17.033;0.0;0.0;0.0
mixed1;20;1;25;22.962;0.0;0.0;0.0
mixed1;20;1;26;19.109;0.0;0.0;0.0
mixed1;20;1;27;19.443;0.0;0.0;0.0
mixed1;20;1;28;18.48;0.0;0.0;0.0
mixed1;20;1;29;20.301;0.0;0.0;0.0
mixed1;20;1;30;21.02;0.0;0.0;0.0
mixed1;20;1;31;0.0;0.0;0.0;0.0
mixed1;20;1;32;-35.384;51.005;0.0;35.384
mixed1;20;1;33;-144.251;49.882;0.0;144.251
mixed1;20;1;34;-219.383;49.551;0.0;219.383
mixed1;20;1;35;-298.052;47.578;0.0;298.052
mixed1;20;1;36;-386.51;43.372;0.0;386.51
mixed1;20;1;37;-387.628;44.626;0.0;387.628
mixed1;20;1;38;-359.863;42.908;0.0;359.863
mixed1;20;1;39;-280.181;55.658;0.0;280.181
mixed1;20;1;40;-184.724;48.577;0.0;184.724
mixed1;20;1;41;0.0;64.71;0.0;0.0
mixed1;20;1;42;0.0;16.77;0.0;0.0
mixed1;20;1;43;58.004;0.0;0.0;0.0
mixed1;20;1;44;77.275;0.0;0.0;0.0
mixed1;20;1;45;65.547;0.0;0.0;0.0
mixed1;20;1;46;56.193;0.0;0.0;0.0
mixed1;20;1;47;56.054;0.0;0.0;0.0
mixed1;20;1;48;17.665;0.0;0.0;0.0
mixed1;20;1;49;19.433;0.0;0.0;0.0
mixed1;20;1;50;18.81;0.0;0.0;0.0
mixed1;20;1;51;18.246;0.0;0.0;0.0
mixed1;20;1;52;22.32;0.0;0.0;0.0
mixed1;20;1;53;19.955;0.0;0.0;0.0
mixed1;20;1;54;22.052;0.0;0.0;0.0
mixed1;20;1;55;19.508;0.0;0.0;0.0
mixed1;20;1;56;-30.562;41.68;0.0;30.562
mixed1;20;1;57;-141.404;38.964;0.0;141.404
mixed1;20;1;58;-219.361;51.757;0.0;219.361
mixed1;20;1;59;-282.707;54.823;0.0;282.707
mixed1;20;1;60;-343.881;49.177;0.0;343.881
mixed1;20;1;61;-305.219;41.935;0.0;305.219
mixed1;20;1;62;-158.9;45.249;0.0;158.9
mixed1;20;1;63;0.0;8.887;0.0;0.0
mixed1;20;1;64;-89.964;33.06;0.0;89.964
mixed1;20;1;65;-49.343;37.919;0.0;49.343
mixed1;20;1;66;2.275;0.0;0.0;0.0
mixed1;20;1;67;53.934;0.0;0.0;0.0
mixed1;20;1;68;77.337;0.0;0.0;0.0
mixed1;20;1;69;64.027;0.0;0.0;0.0
mixed1;20;1;70;58.409;0.0;0.0;0.0
mixed1;20;1;71;39.712;0.0;0.0;0.0
mixed1;20;1;72;17.553;0.0;0.0;0.0
mixed1;20;1;73;19.72;0.0;0.0;0.0
mixed1;20;1;74;19.438;0.0;0.0;0.0
mixed1;20;1;75;18.504;0.0;0.0;0.0
mixed1;20;1;76;18.562;0.0;0.0;0.0
mixed1;20;1;77;23.894;0.0;0.0;0.0
mixed1;20;1;78;19.004;0.0;0.0;0.0
mixed1;20;1;79;0.0;10.578;0.0;0.0
mixed1;20;1;80;-69.671;36.68;0.0;69.671
mixed1;20;1;81;-164.925;58.673;0.0;164.925
mixed1;20;1;82;-271.311;54.232;0.0;271.311
mixed1;20;1;83;-349.351;50.951;0.0;349.351
mixed1;20;1;84;-387.314;48.17;0.0;387.314
mixed1;20;1;85;-355.597;40.67;0.0;355.597
mixed1;20;1;86;-295.127;49.195;0.0;295.127
mixed1;20;1;87;-95.134;186.818;0.0;95.134
mixed1;20;1;88;-116.168;39.183;0.0;116.168
mixed1;20;1;89;-26.625;45.756;0.0;26.625
mixed1;20;1;90;0.0;18.361;0.0;0.0
mixed1;20;1;91;57.898;0.0;0.0;0.0
mixed1;20;1;92;67.966;0.0;0.0;0.0
mixed1;20;1;93;64.396;0.0;0.0;0.0
mixed1;20;1;94;58.339;0.0;0.0;0.0
mixed1;20;1;95;49.996;0.0;0.0;0.0
mixed1;20;1;96;16.783;0.0;0.0;0.0
mixed1;20;1;97;18.711;0.0;0.0;0.0
mixed1;20;1;98;22.833;0.0;0.0;0.0
mixed1;20;1;99;19.229;0.0;0.0;0.0
mixed1;20;1;100;18.228;0.0;0.0;0.0
mixed1;20;1;101;19.633;0.0;0.0;0.0
mixed1;20;1;102;17.193;0.0;0.0;0.0
mixed1;20;1;103;0.0;5.702;0.0;0.0
mixed1;20;1;104;-23.737;30.946;0.0;23.737
mixed1;20;1;105;-9.389;59.812;0.0;9.389
mixed1;20;1;106;-147.8;59.9;0.0;147.8
mixed1;20;1;107;-322.965;60.55;0.0;322.965
mixed1;20;1;108;-381.544;60.675;0.0;381.544
mixed1;20;1;109;-292.099;56.424;0.0;292.099
mixed1;20;1;110;-82.889;62.83;0.0;82.889
mixed1;20;1;111;-55.917;58.661;0.0;55.917
mixed1;20;1;112;-33.863;54.151;0.0;33.863
mixed1;20;1;113;0.0;14.495;0.0;0.0
mixed1;20;1;114;0.0;11.02;0.0;0.0
mixed1;20;1;115;63.724;0.0;0.0;0.0
mixed1;20;1;116;71.854;0.0;0.0;0.0
mixed1;20;1;117;59.689;0.0;0.0;0.0
mixed1;20;1;118;53.321;0.0;0.0;0.0
mixed1;20;1;119;35.648;0.0;0.0;0.0
mixed1;20;1;120;16.989;0.0;0.0;0.0
mixed1;20;1;121;20.609;0.0;0.0;0.0
mixed1;20;1;122;18.532;0.0;0.0;0.0
mixed1;20;1;123;18.088;0.0;0.0;0.0
mixed1;20;1;124;19.257;0.0;0.0;0.0
mixed1;20;1;125;19.214;0.0;0.0;0.0
mixed1;20;1;126;19.098;0.0;0.0;0.0
mixed1;20;1;127;19.059;0.0;0.0;0.0
mixed1;20;1;128;-41.714;41.745;0.0;41.714
mixed1;20;1;129;-153.837;51.16;0.0;153.837
mixed1;20;1;130;-249.629;53.036;0.0;249.629
mixed1;20;1;131;-329.897;43.63;0.0;329.897
mixed1;20;1;132;-354.495;52.998;0.0;354.495
mixed1;20;1;133;-335.326;42.399;0.0;335.326
mixed1;20;1;134;-254.171;46.349;0.0;254.171
mixed1;20;1;135;-160.759;41.821;0.0;160.759
mixed1;20;1;136;-99.108;49.139;0.0;99.108
mixed1;20;1;137;0.0;63.271;0.0;0.0
mixed1;20;1;138;0.0;6.211;0.0;0.0
mixed1;20;1;139;63.201;0.0;0.0;0.0
mixed1;20;1;140;65.642;0.0;0.0;0.0
mixed1;20;1;141;62.976;0.0;0.0;0.0
mixed1;20;1;142;52.098;0.0;0.0;0.0
mixed1;20;1;143;62.957;0.0;0.0;0.0
mixed1;20;1;144;17.761;0.0;0.0;0.0
mixed1;20;1;145;18.734;0.0;0.0;0.0
mixed1;20;1;146;18.328;0.0;0.0;0.0
mixed1;20;1;147;18.938;0.0;0.0;0.0
mixed1;20;1;148;21.383;0.0;0.0;0.0
mixed1;20;1;149;19.675;0.0;0.0;0.0
mixed1;20;1;150;20.827;0.0;0.0;0.0
mixed1;20;1;151;0.709;0.0;0.0;0.0
mixed1;20;1;152;-41.267;41.161;0.0;41.267
mixed1;20;1;153;-149.707;57.56;0.0;149.707
mixed1;20;1;154;-260.421;47.263;0.0;260.421
mixed1;20;1;155;-332.266;49.975;0.0;332.266
mixed1;20;1;156;-370.575;54.965;0.0;370.575
mixed1;20;1;157;-363.109;55.527;0.0;363.109
mixed1;20;1;158;-244.428;48.347;0.0;244.428
mixed1;20;1;159;0.0;178.301;0.0;0.0
mixed1;20;1;160;-134.779;46.533;0.0;134.779
mixed1;20;1;161;0.0;87.005;0.0;0.0
mixed1;20;1;162;0.0;25.625;0.0;0.0
mixed1;20;1;163;66.909;0.0;0.0;0.0
mixed1;20;1;164;76.092;0.0;0.0;0.0
mixed1;20;1;165;68.057;0.0;0.0;0.0
mixed1;20;1;166;69.299;0.0;0.0;0.0
mixed1;20;1;167;42.765;0.0;0.0;0.0
mixed1;20;2;0;166.328;0.0;0.0;0.0
mixed1;20;2;1;178.378;0.0;0.0;0.0
mixed1;20;2;2;114.747;0.0;0.0;0.0
mixed1;20;2;3;18.823;0.0;0.0;0.0
mixed1;20;2;4;19.18;0.0;0.0;0.0
mixed1;20;2;5;19.286;0.0;0.0;0.0
mixed1;20;2;6;21.88;0.0;0.0;0.0
mixed1;20;2;7;115.235;0.0;0.0;0.0
mixed1;20;2;8;0.0;28.014;0.0;0.0
mixed1;20;2;9;0.0;176.96;0.0;0.0
mixed1;20;2;10;-120.979;158.085;0.0;120.979
mixed1;20;2;11;-225.063;139.436;0.0;225.063
mixed1;20;2;12;-291.816;111.363;0.0;291.816
mixed1;20;2;13;-185.669;95.408;0.0;185.669
mixed1;20;2;14;0.0;96.255;0.0;0.0
mixed1;20;2;15;0.0;33.514;0.0;0.0
mixed1;20;2;16;0.0;31.855;0.0;0.0
mixed1;20;2;17;0.0;0.001;0.0;0.0
mixed1;20;2;18;62.158;0.0;0.0;0.0
mixed1;20;2;19;93.528;0.0;0.0;0.0
mixed1;20;2;20;108.073;0.0;0.0;0.0
mixed1;20;2;21;97.052;0.0;0.0;0.0
mixed1;20;2;22;102.902;0.0;0.0;0.0
mixed1;20;2;23;58.176;0.0;0.0;0.0
mixed1;20;2;24;16.659;0.0;0.0;0.0
mixed1;20;2;25;19.219;0.0;0.0;0.0
mixed1;20;2;26;18.695;0.0;0.0;0.0
mixed1;20;2;27;18.878;0.0;0.0;0.0
mixed1;20;2;28;18.35;0.0;0.0;0.0
mixed1;20;2;29;22.177;0.0;0.0;0.0
mixed1;20;2;30;24.177;0.0;0.0;0.0
mixed1;20;2;31;48.612;0.0;0.0;0.0
mixed1;20;2;32;0.0;37.51;0.0;0.0
mixed1;20;2;33;0.0;148.016;0.0;0.0
mixed1;20;2;34;-101.402;163.348;0.0;101.402
mixed1;20;2;35;-208.863;137.785;0.0;208.863
mixed1;20;2;36;-259.677;112.871;0.0;259.677
mixed1;20;2;37;-180.424;93.961;0.0;180.424
mixed1;20;2;38;0.0;226.385;0.0;0.0
mixed1;20;2;39;-101.626;50.655;0.0;101.626
mixed1;20;2;40;0.0;33.188;0.0;0.0
mixed1;20;2;41;0.0;0.001;0.0;0.0
mixed1;20;2;42;45.873;0.0;0.0;0.0
mixed1;20;2;43;67.545;0.0;0.0;0.0
mixed1;20;2;44;78.285;0.0;0.0;0.0
mixed1;20;2;45;65.811;0.0;0.0;0.0
mixed1;20;2;46;69.962;0.0;0.0;0.0
mixed1;20;2;47;45.367;0.0;0.0;0.0
mixed1;20;2;48;16.822;0.0;0.0;0.0
mixed1;20;2;49;17.764;0.0;0.0;0.0
mixed1;20;2;50;19.345;0.0;0.0;0.0
mixed1;20;2;51;18.273;0.0;0.0;0.0
mixed1;20;2;52;18.43;0.0;0.0;0.0
mixed1;20;2;53;19.109;0.0;0.0;0.0
mixed1;20;2;54;19.644;0.0;0.0;0.0
mixed1;20;2;55;65.553;0.0;0.0;0.0
mixed1;20;2;56;30.469;0.0;0.0;0.0
mixed1;20;2;57;0.0;0.0;0.0;0.0
mixed1;20;2;58;5.609;0.0;0.0;0.0
mixed1;20;2;59;0.0;0.001;0.0;0.0
mixed1;20;2;60;0.0;0.001;0.0;0.0
mixed1;20;2;61;-0.0;0.0;0.0;0.0
mixed1;20;2;62;0.0;0.0;0.0;0.0
mixed1;20;2;63;0.0;0.0;0.0;0.0
mixed1;20;2;64;0.001;0.0;0.0;0.0
mixed1;20;2;65;20.4;0.0;0.0;0.0
mixed1;20;2;66;54.531;0.0;0.0;0.0
mixed1;20;2;67;71.876;0.0;0.0;0.0
mixed1;20;2;68;82.575;0.0;0.0;0.0
mixed1;20;2;69;62.48;0.0;0.0;0.0
mixed1;20;2;70;59.396;0.0;0.0;0.0
mixed1;20;2;71;58.581;0.0;0.0;0.0
mixed1;20;2;72;94.945;0.0;0.0;0.0
mixed1;20;2;73;23.613;0.0;0.0;0.0
mixed1;20;2;74;18.041;0.0;0.0;0.0
mixed1;20;2;75;19.582;0.0;0.0;0.0
mixed1;20;2;76;17.903;0.0;0.0;0.0
mixed1;20;2;77;23.818;0.0;0.0;0.0
mixed1;20;2;78;22.748;0.0;0.0;0.0
mixed1;20;2;79;1.931;0.0;0.0;0.0
mixed1;20;2;80;0.0;0.0;0.0;0.0
mixed1;20;2;81;0.0;32.406;0.0;0.0
mixed1;20;2;82;0.0;1.022;0.0;0.0
mixed1;20;2;83;-0.0;78.058;0.0;0.0
mixed1;20;2;84;-69.381;86.209;0.0;69.381
mixed1;20;2;85;0.0;78.429;0.0;0.0
mixed1;20;2;86;-0.0;0.0;0.0;0.0
mixed1;20;2;87;-0.0;0.0;0.0;0.0
mixed1;20;2;88;0.0;0.0;0.0;0.0
mixed1;20;2;89;0.0;0.001;0.0;0.0
mixed1;20;2;90;39.498;0.0;0.0;0.0
mixed1;20;2;91;50.629;0.0;0.0;0.0
mixed1;20;2;92;69.323;0.0;0.0;0.0
mixed1;20;2;93;62.695;0.0;0.0;0.0
mixed1;20;2;94;195.699;0.0;0.0;0.0
mixed1;20;2;95;79.143;0.0;0.0;0.0
mixed1;20;2;96;43.973;0.0;0.0;0.0
mixed1;20;2;97;25.743;0.0;0.0;0.0
mixed1;20;2;98;18.744;0.0;0.0;0.0
mixed1;20;2;99;19.302;0.0;0.0;0.0
mixed1;20;2;100;19.654;0.0;0.0;0.0
mixed1;20;2;101;18.927;0.0;0.0;0.0
mixed1;20;2;102;22.055;0.0;0.0;0.0
mixed1;20;2;103;118.047;0.0;0.0;0.0
mixed1;20;2;104;0.0;18.796;0.0;0.0
mixed1;20;2;105;0.0;137.79;0.0;0.0
mixed1;20;2;106;0.0;147.099;0.0;0.0
mixed1;20;2;107;0.0;35.114;0.0;0.0
mixed1;20;2;108;0.0;110.671;0.0;0.0
mixed1;20;2;109;0.0;87.136;0.0;0.0
mixed1;20;2;110;0.0;68.322;0.0;0.0
mixed1;20;2;111;0.0;0.0;0.0;0.0
mixed1;20;2;112;0.0;0.0;0.0;0.0
mixed1;20;2;113;2.424;0.0;0.0;0.0
mixed1;20;2;114;60.403;0.0;0.0;0.0
mixed1;20;2;115;67.327;0.0;0.0;0.0
mixed1;20;2;116;73.727;0.0;0.0;0.0
mixed1;20;2;117;59.035;0.0;0.0;0.0
mixed1;20;2;118;64.329;0.0;0.0;0.0
mixed1;20;2;119;37.669;0.0;0.0;0.0
mixed1;20;2;120;16.642;0.0;0.0;0.0
mixed1;20;2;121;24.197;0.0;0.0;0.0
mixed1;20;2;122;21.166;0.0;0.0;0.0
mixed1;20;2;123;19.23;0.0;0.0;0.0
mixed1;20;2;124;18.572;0.0;0.0;0.0
mixed1;20;2;125;19.618;0.0;0.0;0.0
mixed1;20;2;126;24.537;0.0;0.0;0.0
mixed1;20;2;127;94.098;0.0;0.0;0.0
mixed1;20;2;128;54.795;0.0;0.0;0.0
mixed1;20;2;129;21.372;0.0;0.0;0.0
mixed1;20;2;130;0.0;0.001;0.0;0.0
mixed1;20;2;131;0.0;0.001;0.0;0.0
mixed1;20;2;132;0.0;43.922;0.0;0.0
mixed1;20;2;133;-0.0;87.098;0.0;0.0
mixed1;20;2;134;0.0;0.0;0.0;0.0
mixed1;20;2;135;0.001;0.0;0.0;0.0
mixed1;20;2;136;0.0;0.0;0.0;0.0
mixed1;20;2;137;86.112;0.0;0.0;0.0
mixed1;20;2;138;73.367;0.0;0.0;0.0
mixed1;20;2;139;93.458;0.0;0.0;0.0
mixed1;20;2;140;78.981;0.0;0.0;0.0
mixed1;20;2;141;69.214;0.0;0.0;0.0
mixed1;20;2;142;63.181;0.0;0.0;0.0
mixed1;20;2;143;39.6;0.0;0.0;0.0
mixed1;20;2;144;16.821;0.0;0.0;0.0
mixed1;20;2;145;18.137;0.0;0.0;0.0
mixed1;20;2;146;18.381;0.0;0.0;0.0
mixed1;20;2;147;19.946;0.0;0.0;0.0
mixed1;20;2;148;18.542;0.0;0.0;0.0
mixed1;20;2;149;19.36;0.0;0.0;0.0
mixed1;20;2;150;19.909;0.0;0.0;0.0
mixed1;20;2;151;52.224;0.0;0.0;0.0
mixed1;20;2;152;48.516;0.0;0.0;0.0
mixed1;20;2;153;64.107;0.0;0.0;0.0
mixed1;20;2;154;66.807;0.0;0.0;0.0
mixed1;20;2;155;33.053;0.0;0.0;0.0
mixed1;20;2;156;9.066;0.0;0.0;0.0
mixed1;20;2;157;22.625;0.0;0.0;0.0
mixed1;20;2;158;21.734;0.0;0.0;0.0
mixed1;20;2;159;33.052;0.0;0.0;0.0
mixed1;20;2;160;166.63;0.0;0.0;0.0
mixed1;20;2;161;63.561;0.0;0.0;0.0
mixed1;20;2;162;76.909;0.0;0.0;0.0
mixed1;20;2;163;71.248;0.0;0.0;0.0
mixed1;20;2;164;82.687;0.0;0.0;0.0
mixed1;20;2;165;63.305;0.0;0.0;0.0
mixed1;20;2;166;102.537;0.0;0.0;0.0
mixed1;20;2;167;173.116;0.0;0.0;0.0
mixed1;20;3;0;19.833;0.0;0.0;0.0
mixed1;20;3;1;125.312;0.0;0.0;0.0
mixed1;20;3;2;149.517;0.0;0.0;0.0
mixed1;20;3;3;150.934;0.0;0.0;0.0
mixed1;20;3;4;195.309;0.0;0.0;0.0
mixed1;20;3;5;116.083;0.0;0.0;0.0
mixed1;20;3;6;171.876;0.0;0.0;0.0
mixed1;20;3;7;207.864;0.0;0.0;0.0
mixed1;20;3;8;206.107;0.0;0.0;0.0
mixed1;20;3;9;152.765;0.0;0.0;0.0
mixed1;20;3;10;99.34;0.0;0.0;0.0
mixed1;20;3;11;97.659;0.0;0.0;0.0
mixed1;20;3;12;20.727;0.0;0.0;0.0
mixed1;20;3;13;0.0;71.801;0.0;0.0
mixed1;20;3;14;0.0;65.311;0.0;0.0
mixed1;20;3;15;32.948;0.0;0.0;0.0
mixed1;20;3;16;183.085;0.0;0.0;0.0
mixed1;20;3;17;246.05;0.0;0.0;0.0
mixed1;20;3;18;238.453;0.0;0.0;0.0
mixed1;20;3;19;78.495;0.0;0.0;0.0
mixed1;20;3;20;82.184;0.0;0.0;0.0
mixed1;20;3;21;72.069;0.0;0.0;0.0
mixed1;20;3;22;109.114;0.0;0.0;0.0
mixed1;20;3;23;217.797;0.0;0.0;0.0
mixed1;20;3;24;193.337;0.0;0.0;0.0
mixed1;20;3;25;25.436;0.0;0.0;0.0
mixed1;20;3;26;151.278;0.0;0.0;0.0
mixed1;20;3;27;153.997;0.0;0.0;0.0
mixed1;20;3;28;157.345;0.0;0.0;0.0
mixed1;20;3;29;161.698;0.0;0.0;0.0
mixed1;20;3;30;173.544;0.0;0.0;0.0
mixed1;20;3;31;199.735;0.0;0.0;0.0
mixed1;20;3;32;206.765;0.0;0.0;0.0
mixed1;20;3;33;171.874;0.0;0.0;0.0
mixed1;20;3;34;42.507;0.0;0.0;0.0
mixed1;20;3;35;18.849;0.0;0.0;0.0
mixed1;20;3;36;-0.0;0.0;0.0;0.0
mixed1;20;3;37;19.565;0.0;0.0;0.0
mixed1;20;3;38;150.022;0.0;0.0;0.0
mixed1;20;3;39;160.132;0.0;0.0;0.0
mixed1;20;3;40;189.275;0.0;0.0;0.0
mixed1;20;3;41;193.141;0.0;0.0;0.0
mixed1;20;3;42;200.654;0.0;0.0;0.0
mixed1;20;3;43;207.461;0.0;0.0;0.0
mixed1;20;3;44;199.171;0.0;0.0;0.0
mixed1;20;3;45;189.108;0.0;0.0;0.0
mixed1;20;3;46;180.996;0.0;0.0;0.0
mixed1;20;3;47;157.82;0.0;0.0;0.0
mixed1;20;3;48;96.029;0.0;0.0;0.0
mixed1;20;3;49;98.374;0.0;0.0;0.0
mixed1;20;3;50;91.681;0.0;0.0;0.0
mixed1;20;3;51;89.977;0.0;0.0;0.0
mixed1;20;3;52;88.446;0.0;0.0;0.0
mixed1;20;3;53;95.759;0.0;0.0;0.0
mixed1;20;3;54;99.2;0.0;0.0;0.0
mixed1;20;3;55;133.199;0.0;0.0;0.0
mixed1;20;3;56;143.466;0.0;0.0;0.0
mixed1;20;3;57;141.475;0.0;0.0;0.0
mixed1;20;3;58;105.232;0.0;0.0;0.0
mixed1;20;3;59;111.817;0.0;0.0;0.0
mixed1;20;3;60;40.639;0.0;0.0;0.0
mixed1;20;3;61;0.0;0.0;0.0;0.0
mixed1;20;3;62;-0.0;0.0;0.0;0.0
mixed1;20;3;63;6.365;0.0;0.0;0.0
mixed1;20;3;64;130.783;0.0;0.0;0.0
mixed1;20;3;65;236.255;0.0;0.0;0.0
mixed1;20;3;66;224.124;0.0;0.0;0.0
mixed1;20;3;67;177.665;0.0;0.0;0.0
mixed1;20;3;68;85.99;0.0;0.0;0.0
mixed1;20;3;69;56.64;0.0;0.0;0.0
mixed1;20;3;70;61.653;0.0;0.0;0.0
mixed1;20;3;71;122.236;0.0;0.0;0.0
mixed1;20;3;72;95.899;0.0;0.0;0.0
mixed1;20;3;73;101.34;0.0;0.0;0.0
mixed1;20;3;74;101.624;0.0;0.0;0.0
mixed1;20;3;75;103.84;0.0;0.0;0.0
mixed1;20;3;76;103.742;0.0;0.0;0.0
mixed1;20;3;77;105.501;0.0;0.0;0.0
mixed1;20;3;78;180.406;0.0;0.0;0.0
mixed1;20;3;79;58.061;0.0;0.0;0.0
mixed1;20;3;80;138.642;0.0;0.0;0.0
mixed1;20;3;81;128.216;0.0;0.0;0.0
mixed1;20;3;82;127.847;0.0;0.0;0.0
mixed1;20;3;83;122.764;0.0;0.0;0.0
mixed1;20;3;84;92.781;0.0;0.0;0.0
mixed1;20;3;85;0.0;0.0;0.0;0.0
mixed1;20;3;86;0.0;0.0;0.0;0.0
mixed1;20;3;87;95.385;0.0;0.0;0.0
mixed1;20;3;88;69.389;0.0;0.0;0.0
mixed1;20;3;89;213.708;0.0;0.0;0.0
mixed1;20;3;90;224.844;0.0;0.0;0.0
mixed1;20;3;91;68.944;0.0;0.0;0.0
mixed1;20;3;92;88.446;0.0;0.0;0.0
mixed1;20;3;93;75.65;0.0;0.0;0.0
mixed1;20;3;94;164.674;0.0;0.0;0.0
mixed1;20;3;95;164.93;0.0;0.0;0.0
mixed1;20;3;96;175.747;0.0;0.0;0.0
mixed1;20;3;97;186.173;0.0;0.0;0.0
mixed1;20;3;98;181.598;0.0;0.0;0.0
mixed1;20;3;99;185.406;0.0;0.0;0.0
mixed1;20;3;100;181.27;0.0;0.0;0.0
mixed1;20;3;101;178.244;0.0;0.0;0.0
mixed1;20;3;102;184.122;0.0;0.0;0.0
mixed1;20;3;103;207.331;0.0;0.0;0.0
mixed1;20;3;104;208.327;0.0;0.0;0.0
mixed1;20;3;105;243.858;0.0;0.0;0.0
mixed1;20;3;106;187.015;0.0;0.0;0.0
mixed1;20;3;107;207.194;0.0;0.0;0.0
mixed1;20;3;108;198.224;0.0;0.0;0.0
mixed1;20;3;109;178.172;0.0;0.0;0.0
mixed1;20;3;110;197.471;0.0;0.0;0.0
mixed1;20;3;111;191.499;0.0;0.0;0.0
mixed1;20;3;112;202.492;0.0;0.0;0.0
mixed1;20;3;113;204.229;0.0;0.0;0.0
mixed1;20;3;114;204.701;0.0;0.0;0.0
mixed1;20;3;115;221.238;0.0;0.0;0.0
mixed1;20;3;116;204.517;0.0;0.0;0.0
mixed1;20;3;117;197.11;0.0;0.0;0.0
mixed1;20;3;118;187.865;0.0;0.0;0.0
mixed1;20;3;119;216.824;0.0;0.0;0.0
mixed1;20;3;120;186.821;0.0;0.0;0.0
mixed1;20;3;121;192.899;0.0;0.0;0.0
mixed1;20;3;122;191.873;0.0;0.0;0.0
mixed1;20;3;123;194.41;0.0;0.0;0.0
mixed1;20;3;124;90.183;0.0;0.0;0.0
mixed1;20;3;125;19.209;0.0;0.0;0.0
mixed1;20;3;126;177.484;0.0;0.0;0.0
mixed1;20;3;127;209.832;0.0;0.0;0.0
mixed1;20;3;128;214.439;0.0;0.0;0.0
mixed1;20;3;129;203.959;0.0;0.0;0.0
mixed1;20;3;130;172.767;0.0;0.0;0.0
mixed1;20;3;131;175.703;0.0;0.0;0.0
mixed1;20;3;132;117.66;0.0;0.0;0.0
mixed1;20;3;133;97.991;0.0;0.0;0.0
mixed1;20;3;134;170.86;0.0;0.0;0.0
mixed1;20;3;135;175.172;0.0;0.0;0.0
mixed1;20;3;136;241.598;0.0;0.0;0.0
mixed1;20;3;137;137.161;0.0;0.0;0.0
mixed1;20;3;138;203.872;0.0;0.0;0.0
mixed1;20;3;139;260.767;0.0;0.0;0.0
mixed1;20;3;140;159.442;0.0;0.0;0.0
mixed1;20;3;141;201.367;0.0;0.0;0.0
mixed1;20;3;142;204.72;0.0;0.0;0.0
mixed1;20;3;143;178.185;0.0;0.0;0.0
mixed1;20;3;144;197.344;0.0;0.0;0.0
mixed1;20;3;145;123.419;0.0;0.0;0.0
mixed1;20;3;146;197.999;0.0;0.0;0.0
mixed1;20;3;147;131.572;0.0;0.0;0.0
mixed1;20;3;148;166.262;0.0;0.0;0.0
mixed1;20;3;149;169.442;0.0;0.0;0.0
mixed1;20;3;150;184.159;0.0;0.0;0.0
mixed1;20;3;151;210.011;0.0;0.0;0.0
mixed1;20;3;152;216.65;0.0;0.0;0.0
mixed1;20;3;153;160.592;0.0;0.0;0.0
mixed1;20;3;154;79.211;0.0;0.0;0.0
mixed1;20;3;155;117.571;0.0;0.0;0.0
mixed1;20;3;156;132.237;0.0;0.0;0.0
mixed1;20;3;157;195.939;0.0;0.0;0.0
mixed1;20;3;158;85.48;0.0;0.0;0.0
mixed1;20;3;159;170.007;0.0;0.0;0.0
mixed1;20;3;160;172.163;0.0;0.0;0.0
mixed1;20;3;161;161.53;0.0;0.0;0.0
mixed1;20;3;162;174.837;0.0;0.0;0.0
mixed1;20;3;163;183.592;0.0;0.0;0.0
mixed1;20;3;164;167.251;0.0;0.0;0.0
mixed1;20;3;165;183.099;0.0;0.0;0.0
mixed1;20;3;166;230.683;0.0;0.0;0.0
mixed1;20;3;167;209.72;0.0;0.0;0.0
residential2;0;0;0;135.324;0.0;0.0;0.0
residential2;0;0;1;188.462;0.0;0.0;0.0
residential2;0;0;2;9.868;0.0;0.0;0.0
residential2;0;0;3;137.73;0.0;0.0;0.0
residential2;0;0;4;188.251;0.0;0.0;0.0
residential2;0;0;5;193.008;0.0;0.0;0.0
residential2;0;0;6;193.788;0.0;0.0;0.0
residential2;0;0;7;215.986;0.0;0.0;0.0
residential2;0;0;8;198.51;0.0;0.0;0.0
residential2;0;0;9;185.187;0.0;0.0;0.0
residential2;0;0;10;155.605;0.0;0.0;0.0
residential2;0;0;11;144.764;0.0;0.0;0.0
residential2;0;0;12;139.147;0.0;0.0;0.0
residential2;0;0;13;125.484;0.0;0.0;0.0
residential2;0;0;14;198.405;0.0;0.0;0.0
residential2;0;0;15;149.287;0.0;0.0;0.0
residential2;0;0;16;189.824;0.0;0.0;0.0
residential2;0;0;17;56.5;0.0;0.0;0.0
residential2;0;0;18;217.985;0.0;0.0;0.0
residential2;0;0;19;132.935;0.0;0.0;0.0
residential2;0;0;20;233.57;0.0;0.0;0.0
residential2;0;0;21;179.397;0.0;0.0;0.0
residential2;0;0;22;180.119;0.0;0.0;0.0
residential2;0;0;23;36.401;0.0;0.0;0.0
residential2;0;0;24;90.57;0.0;0.0;0.0
residential2;0;0;25;165.206;0.0;0.0;0.0
residential2;0;0;26;167.043;0.0;0.0;0.0
residential2;0;0;27;181.89;0.0;0.0;0.0
residential2;0;0;28;193.845;0.0;0.0;0.0
residential2;0;0;29;194.828;0.0;0.0;0.0
residential2;0;0;30;200.247;0.0;0.0;0.0
residential2;0;0;31;224.415;0.0;0.0;0.0
residential2;0;0;32;234.7;0.0;0.0;0.0
residential2;0;0;33;219.742;0.0;0.0;0.0
residential2;0;0;34;209.488;0.0;0.0;0.0
residential2;0;0;35;201.501;0.0;1.676;0.0
residential2;0;0;36;212.999;0.0;0.0;0.0
residential2;0;0;37;122.33;0.0;47.519;0.0
residential2;0;0;38;120.582;0.0;68.216;0.0
residential2;0;0;39;149.664;0.0;35.417;0.0
residential2;0;0;40;184.469;0.0;0.0;0.0
residential2;0;0;41;202.0;0.0;0.0;0.0
residential2;0;0;42;212.518;0.0;0.0;0.0
residential2;0;0;43;210.206;0.0;0.0;0.0
residential2;0;0;44;220.597;0.0;0.0;0.0
residential2;0;0;45;219.081;0.0;0.0;0.0
residential2;0;0;46;199.185;0.0;0.0;0.0
residential2;0;0;47;189.408;0.0;0.0;0.0
residential2;0;0;48;132.769;0.0;0.0;0.0
residential2;0;0;49;139.977;0.0;0.0;0.0
residential2;0;0;50;136.605;0.0;0.0;0.0
residential2;0;0;51;140.741;0.0;0.0;0.0
residential2;0;0;52;140.756;0.0;0.0;0.0
residential2;0;0;53;143.507;0.0;0.0;0.0
residential2;0;0;54;147.799;0.0;0.0;0.0
residential2;0;0;55;199.969;0.0;0.0;0.0
residential2;0;0;56;222.841;0.0;0.0;0.0
residential2;0;0;57;172.338;0.0;0.0;0.0
residential2;0;0;58;156.137;0.0;0.0;0.0
residential2;0;0;59;147.359;0.0;0.0;0.0
residential2;0;0;60;127.525;0.0;0.0;0.0
residential2;0;0;61;119.052;0.0;0.0;0.0
residential2;0;0;62;114.887;0.0;0.0;0.0
residential2;0;0;63;118.234;0.0;0.0;0.0
residential2;0;0;64;114.793;0.0;2.146;0.0
residential2;0;0;65;109.85;0.0;0.0;0.0
residential2;0;0;66;125.39;0.0;0.0;0.0
residential2;0;0;67;219.102;0.0;0.0;0.0
residential2;0;0;68;110.032;0.0;0.0;0.0
residential2;0;0;69;58.384;0.0;0.0;0.0
residential2;0;0;70;132.997;0.0;0.0;0.0
residential2;0;0;71;117.456;0.0;0.0;0.0
residential2;0;0;72;165.788;0.0;0.0;0.0
residential2;0;0;73;25.12;0.0;0.0;0.0
residential2;0;0;74;98.99;0.0;0.0;0.0
residential2;0;0;75;103.338;0.0;0.0;0.0
residential2;0;0;76;98.977;0.0;0.0;0.0
residential2;0;0;77;101.541;0.0;0.0;0.0
residential2;0;0;78;104.708;0.0;0.0;0.0
residential2;0;0;79;140.009;0.0;0.0;0.0
residential2;0;0;80;150.47;0.0;0.0;0.0
residential2;0;0;81;129.874;0.0;0.0;0.0
residential2;0;0;82;124.25;0.0;0.0;0.0
residential2;0;0;83;110.105;0.0;0.0;0.0
residential2;0;0;84;118.299;0.0;0.0;0.0
residential2;0;0;85;114.884;0.0;0.0;0.0
residential2;0;0;86;110.623;0.0;0.0;0.0
residential2;0;0;87;113.172;0.0;0.0;0.0
residential2;0;0;88;183.571;0.0;0.0;0.0
residential2;0;0;89;200.84;0.0;0.0;0.0
residential2;0;0;90;44.815;0.0;0.0;0.0
residential2;0;0;91;219.052;0.0;0.0;0.0
residential2;0;0;92;93.025;0.0;0.0;0.0
residential2;0;0;93;222.488;0.0;0.0;0.0
residential2;0;0;94;81.587;0.0;0.0;0.0
residential2;0;0;95;212.142;0.0;0.0;0.0
residential2;0;0;96;180.788;0.0;0.0;0.0
residential2;0;0;97;173.937;0.0;0.0;0.0
residential2;0;0;98;180.794;0.0;0.0;0.0
residential2;0;0;99;44.228;0.0;0.0;0.0
residential2;0;0;100;192.238;0.0;0.0;0.0
residential2;0;0;101;193.641;0.0;0.0;0.0
residential2;0;0;102;197.648;0.0;0.0;0.0
residential2;0;0;103;213.821;0.0;0.0;0.0
residential2;0;0;104;225.601;0.0;0.0;0.0
residential2;0;0;105;234.045;0.0;0.0;0.0
residential2;0;0;106;204.203;0.0;0.0;0.0
residential2;0;0;107;210.224;0.0;0.0;0.0
residential2;0;0;108;202.929;0.0;0.0;0.0
residential2;0;0;109;198.664;0.0;0.0;0.0
residential2;0;0;110;190.727;0.0;0.0;0.0
residential2;0;0;111;174.288;0.0;0.0;0.0
residential2;0;0;112;183.907;0.0;0.0;0.0
residential2;0;0;113;191.514;0.0;0.0;0.0
residential2;0;0;114;228.437;0.0;0.0;0.0
residential2;0;0;115;244.17;0.0;0.0;0.0
residential2;0;0;116;241.484;0.0;0.0;0.0
residential2;0;0;117;232.824;0.0;0.0;0.0
residential2;0;0;118;232.27;0.0;0.0;0.0
residential2;0;0;119;202.91;0.0;0.0;0.0
residential2;0;0;120;37.095;0.0;0.0;0.0
residential2;0;0;121;200.581;0.0;0.0;0.0
residential2;0;0;122;196.623;0.0;0.0;0.0
residential2;0;0;123;196.646;0.0;0.0;0.0
residential2;0;0;124;194.807;0.0;0.0;0.0
residential2;0;0;125;200.145;0.0;0.0;0.0
residential2;0;0;126;201.088;0.0;0.0;0.0
residential2;0;0;127;229.696;0.0;0.0;0.0
residential2;0;0;128;231.314;0.0;0.0;0.0
residential2;0;0;129;223.155;0.0;0.0;0.0
residential2;0;0;130;210.231;0.0;0.0;0.0
residential2;0;0;131;210.265;0.0;0.0;0.0
residential2;0;0;132;194.804;0.0;0.0;0.0
residential2;0;0;133;179.142;0.0;0.0;0.0
residential2;0;0;134;202.361;0.0;0.0;0.0
residential2;0;0;135;206.497;0.0;0.0;0.0
residential2;0;0;136;221.549;0.0;0.0;0.0
residential2;0;0;137;161.028;0.0;0.0;0.0
residential2;0;0;138;243.272;0.0;0.0;0.0
residential2;0;0;139;244.724;0.0;0.0;0.0
residential2;0;0;140;236.384;0.0;0.0;0.0
residential2;0;0;141;248.902;0.0;0.0;0.0
residential2;0;0;142;255.719;0.0;0.0;0.0
residential2;0;0;143;217.272;0.0;0.0;0.0
residential2;0;0;144;149.104;0.0;0.0;0.0
residential2;0;0;145;204.293;0.0;0.0;0.0
residential2;0;0;146;200.144;0.0;0.0;0.0
residential2;0;0;147;199.977;0.0;0.0;0.0
residential2;0;0;148;199.863;0.0;0.0;0.0
residential2;0;0;149;203.121;0.0;0.0;0.0
residential2;0;0;150;201.651;0.0;0.0;0.0
residential2;0;0;151;223.993;0.0;0.0;0.0
residential2;0;0;152;239.989;0.0;0.0;0.0
residential2;0;0;153;231.05;0.0;0.0;0.0
residential2;0;0;154;221.988;0.0;0.0;0.0
residential2;0;0;155;213.929;0.0;0.0;0.0
residential2;0;0;156;206.092;0.0;0.0;0.0
residential2;0;0;157;177.134;0.0;0.0;0.0
residential2;0;0;158;166.185;0.0;0.0;0.0
residential2;0;0;159;168.912;0.0;0.0;0.0
residential2;0;0;160;210.2;0.0;0.0;0.0
residential2;0;0;161;179.527;0.0;0.0;0.0
residential2;0;0;162;220.195;0.0;0.0;0.0
residential2;0;0;163;226.056;0.0;0.0;0.0
residential2;0;0;164;235.675;0.0;0.0;0.0
residential2;0;0;165;170.306;0.0;0.0;0.0
residential2;0;0;166;239.462;0.0;0.0;0.0
residential2;0;0;167;182.374;0.0;0.0;0.0
residential2;0;1;0;7.529;0.0;0.0;0.0
residential2;0;1;1;12.166;0.0;0.0;0.0
residential2;0;1;2;9.759;0.0;0.0;0.0
residential2;0;1;3;12.531;0.0;0.0;0.0
residential2;0;1;4;11.731;0.0;0.0;0.0
residential2;0;1;5;11.157;0.0;0.0;0.0
residential2;0;1;6;17.907;0.0;0.0;0.0
residential2;0;1;7;21.318;0.0;14.251;0.0
residential2;0;1;8;0.0;0.0;43.38;0.0
residential2;0;1;9;0.0;0.0;47.579;0.0
residential2;0;1;10;0.0;0.0;56.187;0.0
residential2;0;1;11;0.0;0.0;39.313;0.0
residential2;0;1;12;0.0;0.0;43.482;0.0
residential2;0;1;13;0.0;0.0;47.751;0.0
residential2;0;1;14;0.0;0.0;41.271;0.0
residential2;0;1;15;0.0;0.0;39.599;0.0
residential2;0;1;16;0.0;0.0;43.974;0.0
residential2;0;1;17;0.0;0.0;47.748;0.0
residential2;0;1;18;65.792;0.0;0.0;0.0
residential2;0;1;19;68.97;0.0;0.0;0.0
residential2;0;1;20;69.913;0.0;0.0;0.0
residential2;0;1;21;65.959;0.0;0.0;0.0
residential2;0;1;22;63.839;0.0;0.0;0.0
residential2;0;1;23;48.306;0.0;0.0;0.0
residential2;0;1;24;7.535;0.0;0.0;0.0
residential2;0;1;25;8.984;0.0;0.0;0.0
residential2;0;1;26;10.941;0.0;0.0;0.0
residential2;0;1;27;9.861;0.0;0.0;0.0
residential2;0;1;28;10.643;0.0;0.0;0.0
residential2;0;1;29;12.222;0.0;0.0;0.0
residential2;0;1;30;15.305;0.0;0.0;0.0
residential2;0;1;31;48.881;0.0;0.0;0.0
residential2;0;1;32;0.0;0.0;44.833;0.0
residential2;0;1;33;0.0;0.0;42.642;0.0
residential2;0;1;34;0.0;0.0;40.901;0.0
residential2;0;1;35;0.0;0.0;39.772;0.0
residential2;0;1;36;0.0;0.0;36.47;0.0
residential2;0;1;37;0.0;0.0;38.697;0.0
residential2;0;1;38;0.0;0.0;36.197;0.0
residential2;0;1;39;0.0;0.0;41.785;0.0
residential2;0;1;40;0.0;0.0;48.577;0.0
residential2;0;1;41;95.038;0.0;22.099;0.0
residential2;0;1;42;26.676;0.0;16.77;0.0
residential2;0;1;43;73.201;0.0;0.0;0.0
residential2;0;1;44;65.368;0.0;0.0;0.0
residential2;0;1;45;74.74;0.0;0.0;0.0
residential2;0;1;46;79.871;0.0;0.0;0.0
residential2;0;1;47;36.799;0.0;0.0;0.0
residential2;0;1;48;7.558;0.0;0.0;0.0
residential2;0;1;49;11.075;0.0;0.0;0.0
residential2;0;1;50;11.445;0.0;0.0;0.0
residential2;0;1;51;11.457;0.0;0.0;0.0
residential2;0;1;52;9.816;0.0;0.0;0.0
residential2;0;1;53;10.751;0.0;0.0;0.0
residential2;0;1;54;11.091;0.0;0.0;0.0
residential2;0;1;55;32.752;0.0;0.0;0.0
residential2;0;1;56;0.0;0.0;41.68;0.0
residential2;0;1;57;0.0;0.0;38.964;0.0
residential2;0;1;58;0.0;0.0;46.217;0.0
residential2;0;1;59;0.0;0.0;48.851;0.0
residential2;0;1;60;0.0;0.0;43.685;0.0
residential2;0;1;61;0.0;0.0;36.403;0.0
residential2;0;1;62;0.0;0.0;40.428;0.0
residential2;0;1;63;108.061;0.0;0.0;0.0
residential2;0;1;64;0.0;0.0;33.06;0.0
residential2;0;1;65;0.0;0.0;37.919;0.0
residential2;0;1;66;50.193;0.0;0.0;0.0
residential2;0;1;67;60.729;0.0;0.0;0.0
residential2;0;1;68;79.498;0.0;0.0;0.0
residential2;0;1;69;71.926;0.0;0.0;0.0
residential2;0;1;70;54.205;0.0;0.0;0.0
residential2;0;1;71;47.046;0.0;0.0;0.0
residential2;0;1;72;7.482;0.0;0.0;0.0
residential2;0;1;73;11.424;0.0;0.0;0.0
residential2;0;1;74;10.566;0.0;0.0;0.0
residential2;0;1;75;10.401;0.0;0.0;0.0
residential2;0;1;76;11.218;0.0;0.0;0.0
residential2;0;1;77;14.061;0.0;0.0;0.0
residential2;0;1;78;14.356;0.0;0.0;0.0
residential2;0;1;79;5.664;0.0;10.578;0.0
residential2;0;1;80;0.0;0.0;36.68;0.0
residential2;0;1;81;0.0;0.0;52.238;0.0
residential2;0;1;82;0.0;0.0;49.404;0.0
residential2;0;1;83;0.0;0.0;44.567;0.0
residential2;0;1;84;0.0;0.0;42.026;0.0
residential2;0;1;85;0.0;0.0;35.417;0.0
residential2;0;1;86;0.0;0.0;44.142;0.0
residential2;0;1;87;0.0;0.0;96.159;0.0
residential2;0;1;88;0.0;0.0;39.183;0.0
residential2;0;1;89;0.0;0.0;45.756;0.0
residential2;0;1;90;20.183;0.0;18.361;0.0
residential2;0;1;91;58.075;0.0;0.0;0.0
residential2;0;1;92;60.634;0.0;0.0;0.0
residential2;0;1;93;48.063;0.0;0.0;0.0
residential2;0;1;94;52.452;0.0;0.0;0.0
residential2;0;1;95;40.887;0.0;0.0;0.0
residential2;0;1;96;7.412;0.0;0.0;0.0
residential2;0;1;97;11.068;0.0;0.0;0.0
residential2;0;1;98;10.624;0.0;0.0;0.0
residential2;0;1;99;10.421;0.0;0.0;0.0
residential2;0;1;100;9.254;0.0;0.0;0.0
residential2;0;1;101;11.839;0.0;0.0;0.0
residential2;0;1;102;15.644;0.0;0.0;0.0
residential2;0;1;103;17.247;0.0;5.702;0.0
residential2;0;1;104;0.0;0.0;30.946;0.0
residential2;0;1;105;0.0;0.0;51.837;0.0
residential2;0;1;106;0.0;0.0;49.201;0.0
residential2;0;1;107;0.0;0.0;52.309;0.0
residential2;0;1;108;0.0;0.0;53.308;0.0
residential2;0;1;109;0.0;0.0;49.016;0.0
residential2;0;1;110;0.0;0.0;56.463;0.0
residential2;0;1;111;0.0;0.0;51.154;0.0
residential2;0;1;112;0.0;0.0;47.033;0.0
residential2;0;1;113;109.532;0.0;0.0;0.0
residential2;0;1;114;35.612;0.0;11.02;0.0
residential2;0;1;115;60.103;0.0;0.0;0.0
residential2;0;1;116;61.515;0.0;0.0;0.0
residential2;0;1;117;55.863;0.0;0.0;0.0
residential2;0;1;118;63.102;0.0;0.0;0.0
residential2;0;1;119;41.108;0.0;0.0;0.0
residential2;0;1;120;7.619;0.0;0.0;0.0
residential2;0;1;121;11.147;0.0;0.0;0.0
residential2;0;1;122;9.85;0.0;0.0;0.0
residential2;0;1;123;11.929;0.0;0.0;0.0
residential2;0;1;124;10.074;0.0;0.0;0.0
residential2;0;1;125;13.56;0.0;0.0;0.0
residential2;0;1;126;12.101;0.0;0.0;0.0
residential2;0;1;127;43.804;0.0;0.0;0.0
residential2;0;1;128;0.0;0.0;41.745;0.0
residential2;0;1;129;0.0;0.0;42.154;0.0
residential2;0;1;130;0.0;0.0;43.716;0.0
residential2;0;1;131;0.0;0.0;36.152;0.0
residential2;0;1;132;0.0;0.0;45.557;0.0
residential2;0;1;133;0.0;0.0;35.511;0.0
residential2;0;1;134;0.0;0.0;39.407;0.0
residential2;0;1;135;0.0;0.0;34.67;0.0
residential2;0;1;136;0.0;0.0;42.794;0.0
residential2;0;1;137;82.369;0.0;22.962;0.0
residential2;0;1;138;41.282;0.0;6.211;0.0
residential2;0;1;139;74.199;0.0;0.0;0.0
residential2;0;1;140;71.958;0.0;0.0;0.0
residential2;0;1;141;78.264;0.0;0.0;0.0
residential2;0;1;142;57.149;0.0;0.0;0.0
residential2;0;1;143;58.087;0.0;0.0;0.0
residential2;0;1;144;7.461;0.0;0.0;0.0
residential2;0;1;145;12.297;0.0;0.0;0.0
residential2;0;1;146;11.135;0.0;0.0;0.0
residential2;0;1;147;11.104;0.0;0.0;0.0
residential2;0;1;148;9.835;0.0;0.0;0.0
residential2;0;1;149;11.968;0.0;0.0;0.0
residential2;0;1;150;14.53;0.0;0.0;0.0
residential2;0;1;151;37.994;0.0;0.0;0.0
residential2;0;1;152;0.0;0.0;41.161;0.0
residential2;0;1;153;0.0;0.0;48.542;0.0
residential2;0;1;154;0.0;0.0;38.371;0.0
residential2;0;1;155;0.0;0.0;42.004;0.0
residential2;0;1;156;0.0;0.0;46.628;0.0
residential2;0;1;157;0.0;0.0;48.541;0.0
residential2;0;1;158;0.0;0.0;41.038;0.0
residential2;0;1;159;46.763;0.0;89.15;0.0
residential2;0;1;160;0.0;0.0;46.533;0.0
residential2;0;1;161;52.276;0.0;20.339;0.0
residential2;0;1;162;30.754;0.0;25.625;0.0
residential2;0;1;163;94.257;0.0;0.0;0.0
residential2;0;1;164;81.927;0.0;0.0;0.0
residential2;0;1;165;77.439;0.0;0.0;0.0
residential2;0;1;166;68.77;0.0;0.0;0.0
residential2;0;1;167;55.211;0.0;0.0;0.0
residential2;0;2;0;7.519;0.0;0.0;0.0
residential2;0;2;1;9.982;0.0;0.0;0.0
residential2;0;2;2;155.121;0.0;0.0;0.0
residential2;0;2;3;12.89;0.0;0.0;0.0
residential2;0;2;4;42.446;0.0;0.0;0.0
residential2;0;2;5;159.61;0.0;0.0;0.0
residential2;0;2;6;19.58;0.0;0.0;0.0
residential2;0;2;7;104.198;0.0;0.0;0.0
residential2;0;2;8;60.949;0.0;0.0;0.0
residential2;0;2;9;49.168;0.0;74.551;0.0
residential2;0;2;10;0.0;0.0;108.217;0.0
residential2;0;2;11;0.0;0.0;99.024;0.0
residential2;0;2;12;0.0;0.0;83.029;0.0
residential2;0;2;13;0.0;0.0;71.038;0.0
residential2;0;2;14;30.787;0.0;48.127;0.0
residential2;0;2;15;89.24;0.0;16.757;0.0
residential2;0;2;16;174.909;0.0;15.928;0.0
residential2;0;2;17;92.174;0.0;0.001;0.0
residential2;0;2;18;56.416;0.0;0.0;0.0
residential2;0;2;19;172.216;0.0;0.0;0.0
residential2;0;2;20;126.642;0.0;0.0;0.0
residential2;0;2;21;61.892;0.0;0.0;0.0
residential2;0;2;22;195.216;0.0;0.0;0.0
residential2;0;2;23;113.306;0.0;0.0;0.0
residential2;0;2;24;7.566;0.0;0.0;0.0
residential2;0;2;25;12.129;0.0;0.0;0.0
residential2;0;2;26;174.683;0.0;0.0;0.0
residential2;0;2;27;50.104;0.0;0.0;0.0
residential2;0;2;28;177.188;0.0;0.0;0.0
residential2;0;2;29;70.013;0.0;0.0;0.0
residential2;0;2;30;148.308;0.0;0.0;0.0
residential2;0;2;31;173.269;0.0;0.0;0.0
residential2;0;2;32;180.036;0.0;4.003;0.0
residential2;0;2;33;97.514;0.0;62.132;0.0
residential2;0;2;34;0.0;0.0;139.94;0.0
residential2;0;2;35;0.0;0.0;125.932;0.0
residential2;0;2;36;0.0;0.0;105.211;0.0
residential2;0;2;37;0.0;0.0;86.329;0.0
residential2;0;2;38;0.0;0.0;74.721;0.0
residential2;0;2;39;0.0;0.0;59.136;0.0
residential2;0;2;40;168.589;0.0;16.594;0.0
residential2;0;2;41;114.202;0.0;0.001;0.0
residential2;0;2;42;102.151;0.0;0.0;0.0
residential2;0;2;43;102.572;0.0;0.0;0.0
residential2;0;2;44;110.5;0.0;0.0;0.0
residential2;0;2;45;112.567;0.0;0.0;0.0
residential2;0;2;46;56.144;0.0;0.0;0.0
residential2;0;2;47;68.215;0.0;0.0;0.0
residential2;0;2;48;7.554;0.0;0.0;0.0
residential2;0;2;49;9.184;0.0;0.0;0.0
residential2;0;2;50;58.829;0.0;0.0;0.0
residential2;0;2;51;60.613;0.0;0.0;0.0
residential2;0;2;52;61.453;0.0;0.0;0.0
residential2;0;2;53;63.702;0.0;0.0;0.0
residential2;0;2;54;62.586;0.0;0.0;0.0
residential2;0;2;55;100.625;0.0;0.0;0.0
residential2;0;2;56;117.451;0.0;0.0;0.0
residential2;0;2;57;88.242;0.0;0.0;0.0
residential2;0;2;58;83.6;0.0;0.0;0.0
residential2;0;2;59;73.0;0.0;0.0;0.0
residential2;0;2;60;65.328;0.0;0.001;0.0
residential2;0;2;61;53.179;0.0;0.0;0.0
residential2;0;2;62;59.93;0.0;0.0;0.0
residential2;0;2;63;54.947;0.0;0.0;0.0
residential2;0;2;64;85.833;0.0;0.0;0.0
residential2;0;2;65;194.831;0.0;0.0;0.0
residential2;0;2;66;64.171;0.0;0.0;0.0
residential2;0;2;67;99.551;0.0;0.0;0.0
residential2;0;2;68;85.975;0.0;0.0;0.0
residential2;0;2;69;79.008;0.0;0.0;0.0
residential2;0;2;70;62.278;0.0;0.0;0.0
residential2;0;2;71;33.443;0.0;0.0;0.0
residential2;0;2;72;10.713;0.0;0.0;0.0
residential2;0;2;73;56.551;0.0;0.0;0.0
residential2;0;2;74;54.826;0.0;0.0;0.0
residential2;0;2;75;59.342;0.0;0.0;0.0
residential2;0;2;76;58.318;0.0;0.0;0.0
residential2;0;2;77;59.118;0.0;0.0;0.0
residential2;0;2;78;61.508;0.0;0.0;0.0
residential2;0;2;79;94.805;0.0;0.0;0.0
residential2;0;2;80;110.283;0.0;0.0;0.0
residential2;0;2;81;98.471;0.0;0.0;0.0
residential2;0;2;82;85.613;0.0;0.0;0.0
residential2;0;2;83;56.55;0.0;15.97;0.0
residential2;0;2;84;0.0;0.0;68.666;0.0
residential2;0;2;85;20.653;0.0;43.907;0.0
residential2;0;2;86;178.551;0.0;0.0;0.0
residential2;0;2;87;103.39;0.0;0.0;0.0
residential2;0;2;88;52.142;0.0;0.0;0.0
residential2;0;2;89;57.259;0.0;0.0;0.0
residential2;0;2;90;66.474;0.0;0.0;0.0
residential2;0;2;91;67.656;0.0;0.0;0.0
residential2;0;2;92;205.681;0.0;0.0;0.0
residential2;0;2;93;100.636;0.0;0.0;0.0
residential2;0;2;94;60.145;0.0;0.0;0.0
residential2;0;2;95;138.294;0.0;0.0;0.0
residential2;0;2;96;7.501;0.0;0.0;0.0
residential2;0;2;97;15.296;0.0;0.0;0.0
residential2;0;2;98;97.838;0.0;0.0;0.0
residential2;0;2;99;162.134;0.0;0.0;0.0
residential2;0;2;100;132.046;0.0;0.0;0.0
residential2;0;2;101;12.258;0.0;0.0;0.0
residential2;0;2;102;123.871;0.0;0.0;0.0
residential2;0;2;103;137.445;0.0;0.0;0.0
residential2;0;2;104;151.993;0.0;0.0;0.0
residential2;0;2;105;113.823;0.0;28.753;0.0
residential2;0;2;106;79.465;0.0;48.933;0.0
residential2;0;2;107;114.432;0.0;17.557;0.0
residential2;0;2;108;71.374;0.0;55.336;0.0
residential2;0;2;109;131.547;0.0;43.568;0.0
residential2;0;2;110;6.706;0.0;34.161;0.0
residential2;0;2;111;108.878;0.0;0.0;0.0
residential2;0;2;112;129.079;0.0;0.0;0.0
residential2;0;2;113;119.664;0.0;0.0;0.0
residential2;0;2;114;139.584;0.0;0.0;0.0
residential2;0;2;115;144.743;0.0;0.0;0.0
residential2;0;2;116;153.354;0.0;0.0;0.0
residential2;0;2;117;139.532;0.0;0.0;0.0
residential2;0;2;118;133.502;0.0;0.0;0.0
residential2;0;2;119;194.185;0.0;0.0;0.0
residential2;0;2;120;19.415;0.0;0.0;0.0
residential2;0;2;121;175.345;0.0;0.0;0.0
residential2;0;2;122;38.919;0.0;0.0;0.0
residential2;0;2;123;108.206;0.0;0.0;0.0
residential2;0;2;124;111.532;0.0;0.0;0.0
residential2;0;2;125;112.578;0.0;0.0;0.0
residential2;0;2;126;130.948;0.0;0.0;0.0
residential2;0;2;127;152.851;0.0;0.0;0.0
residential2;0;2;128;167.207;0.0;0.0;0.0
residential2;0;2;129;137.946;0.0;0.0;0.0
residential2;0;2;130;133.407;0.0;0.001;0.0
residential2;0;2;131;116.784;0.0;0.001;0.0
residential2;0;2;132;88.225;0.0;21.961;0.0
residential2;0;2;133;47.05;0.0;54.189;0.0
residential2;0;2;134;176.053;0.0;0.0;0.0
residential2;0;2;135;163.819;0.0;0.0;0.0
residential2;0;2;136;54.745;0.0;0.0;0.0
residential2;0;2;137;71.945;0.0;0.0;0.0
residential2;0;2;138;63.869;0.0;0.0;0.0
residential2;0;2;139;230.379;0.0;0.0;0.0
residential2;0;2;140;141.644;0.0;0.0;0.0
residential2;0;2;141;76.027;0.0;0.0;0.0
residential2;0;2;142;220.256;0.0;0.0;0.0
residential2;0;2;143;47.912;0.0;0.0;0.0
residential2;0;2;144;94.214;0.0;0.0;0.0
residential2;0;2;145;102.55;0.0;0.0;0.0
residential2;0;2;146;104.771;0.0;0.0;0.0
residential2;0;2;147;106.091;0.0;0.0;0.0
residential2;0;2;148;108.492;0.0;0.0;0.0
residential2;0;2;149;106.991;0.0;0.0;0.0
residential2;0;2;150;125.847;0.0;0.0;0.0
residential2;0;2;151;153.992;0.0;0.0;0.0
residential2;0;2;152;140.792;0.0;0.0;0.0
residential2;0;2;153;136.174;0.0;0.0;0.0
residential2;0;2;154;142.342;0.0;0.0;0.0
residential2;0;2;155;117.454;0.0;0.0;0.0
residential2;0;2;156;112.17;0.0;0.0;0.0
residential2;0;2;157;116.583;0.0;0.0;0.0
residential2;0;2;158;95.616;0.0;0.0;0.0
residential2;0;2;159;84.252;0.0;0.0;0.0
residential2;0;2;160;98.95;0.0;0.0;0.0
residential2;0;2;161;104.64;0.0;0.0;0.0
residential2;0;2;162;117.647;0.0;0.0;0.0
residential2;0;2;163;123.053;0.0;0.0;0.0
residential2;0;2;164;122.858;0.0;0.0;0.0
residential2;0;2;165;122.661;0.0;0.0;0.0
residential2;0;2;166;187.885;0.0;0.0;0.0
residential2;0;2;167;202.813;0.0;0.0;0.0
residential2;0;3;0;195.523;0.0;0.0;0.0
residential2;0;3;1;199.592;0.0;0.0;0.0
residential2;0;3;2;197.8;0.0;0.0;0.0
residential2;0;3;3;198.441;0.0;0.0;0.0
residential2;0;3;4;198.776;0.0;0.0;0.0
residential2;0;3;5;201.436;0.0;0.0;0.0
residential2;0;3;6;206.579;0.0;0.0;0.0
residential2;0;3;7;235.096;0.0;0.0;0.0
residential2;0;3;8;281.826;0.0;0.0;0.0
residential2;0;3;9;296.141;0.0;0.0;0.0
residential2;0;3;10;272.939;0.0;0.0;0.0
residential2;0;3;11;237.906;0.0;0.0;0.0
residential2;0;3;12;231.676;0.0;0.0;0.0
residential2;0;3;13;210.042;0.0;3.288;0.0
residential2;0;3;14;207.177;0.0;0.043;0.0
residential2;0;3;15;200.113;0.0;0.0;0.0
residential2;0;3;16;224.625;0.0;0.0;0.0
residential2;0;3;17;238.207;0.0;0.0;0.0
residential2;0;3;18;234.735;0.0;0.0;0.0
residential2;0;3;19;253.07;0.0;0.0;0.0
residential2;0;3;20;246.613;0.0;0.0;0.0
residential2;0;3;21;258.958;0.0;0.0;0.0
residential2;0;3;22;251.268;0.0;0.0;0.0
residential2;0;3;23;242.671;0.0;0.0;0.0
residential2;0;3;24;195.983;0.0;0.0;0.0
residential2;0;3;25;206.253;0.0;0.0;0.0
residential2;0;3;26;202.781;0.0;0.0;0.0
residential2;0;3;27;201.022;0.0;0.0;0.0
residential2;0;3;28;203.384;0.0;0.0;0.0
residential2;0;3;29;205.185;0.0;0.0;0.0
residential2;0;3;30;204.301;0.0;0.0;0.0
residential2;0;3;31;234.425;0.0;0.0;0.0
residential2;0;3;32;255.809;0.0;0.0;0.0
residential2;0;3;33;307.35;0.0;0.0;0.0
residential2;0;3;34;282.174;0.0;0.0;0.0
residential2;0;3;35;239.769;0.0;0.0;0.0
residential2;0;3;36;245.003;0.0;0.0;0.0
residential2;0;3;37;223.76;0.0;0.0;0.0
residential2;0;3;38;235.571;0.0;0.0;0.0
residential2;0;3;39;234.89;0.0;0.0;0.0
residential2;0;3;40;250.323;0.0;0.0;0.0
residential2;0;3;41;253.305;0.0;0.0;0.0
residential2;0;3;42;253.629;0.0;0.0;0.0
residential2;0;3;43;292.44;0.0;0.0;0.0
residential2;0;3;44;293.934;0.0;0.0;0.0
residential2;0;3;45;277.283;0.0;0.0;0.0
residential2;0;3;46;242.476;0.0;0.0;0.0
residential2;0;3;47;207.512;0.0;0.0;0.0
residential2;0;3;48;151.634;0.0;0.0;0.0
residential2;0;3;49;145.867;0.0;0.0;0.0
residential2;0;3;50;142.242;0.0;0.0;0.0
residential2;0;3;51;138.63;0.0;0.0;0.0
residential2;0;3;52;138.63;0.0;0.0;0.0
residential2;0;3;53;138.069;0.0;0.0;0.0
residential2;0;3;54;142.094;0.0;0.0;0.0
residential2;0;3;55;192.649;0.0;0.0;0.0
residential2;0;3;56;218.291;0.0;0.0;0.0
residential2;0;3;57;171.595;0.0;0.0;0.0
residential2;0;3;58;178.198;0.0;0.0;0.0
residential2;0;3;59;171.748;0.0;0.0;0.0
residential2;0;3;60;159.402;0.0;0.0;0.0
residential2;0;3;61;161.037;0.0;0.0;0.0
residential2;0;3;62;145.783;0.0;0.0;0.0
residential2;0;3;63;156.468;0.0;0.0;0.0
residential2;0;3;64;171.214;0.0;0.0;0.0
residential2;0;3;65;217.193;0.0;0.0;0.0
residential2;0;3;66;229.166;0.0;0.0;0.0
residential2;0;3;67;226.775;0.0;0.0;0.0
residential2;0;3;68;204.305;0.0;0.0;0.0
residential2;0;3;69;79.863;0.0;0.0;0.0
residential2;0;3;70;129.779;0.0;0.0;0.0
residential2;0;3;71;173.264;0.0;0.0;0.0
residential2;0;3;72;142.267;0.0;0.0;0.0
residential2;0;3;73;149.618;0.0;0.0;0.0
residential2;0;3;74;146.864;0.0;0.0;0.0
residential2;0;3;75;156.383;0.0;0.0;0.0
residential2;0;3;76;152.571;0.0;0.0;0.0
residential2;0;3;77;155.262;0.0;0.0;0.0
residential2;0;3;78;187.909;0.0;0.0;0.0
residential2;0;3;79;171.972;0.0;0.0;0.0
residential2;0;3;80;198.005;0.0;0.0;0.0
residential2;0;3;81;189.725;0.0;0.0;0.0
residential2;0;3;82;206.274;0.0;0.0;0.0
residential2;0;3;83;197.907;0.0;0.0;0.0
residential2;0;3;84;193.999;0.0;0.0;0.0
residential2;0;3;85;217.246;0.0;0.0;0.0
residential2;0;3;86;201.234;0.0;0.0;0.0
residential2;0;3;87;209.994;0.0;0.0;0.0
residential2;0;3;88;218.37;0.0;0.0;0.0
residential2;0;3;89;237.549;0.0;0.0;0.0
residential2;0;3;90;231.147;0.0;0.0;0.0
residential2;0;3;91;247.866;0.0;0.0;0.0
residential2;0;3;92;218.222;0.0;0.0;0.0
residential2;0;3;93;246.437;0.0;0.0;0.0
residential2;0;3;94;240.408;0.0;0.0;0.0
residential2;0;3;95;230.395;0.0;0.0;0.0
residential2;0;3;96;197.986;0.0;0.0;0.0
residential2;0;3;97;226.021;0.0;0.0;0.0
residential2;0;3;98;272.898;0.0;0.0;0.0
residential2;0;3;99;275.361;0.0;0.0;0.0
residential2;0;3;100;272.812;0.0;0.0;0.0
residential2;0;3;101;268.596;0.0;0.0;0.0
residential2;0;3;102;267.447;0.0;0.0;0.0
residential2;0;3;103;286.566;0.0;0.0;0.0
residential2;0;3;104;301.488;0.0;0.0;0.0
residential2;0;3;105;306.151;0.0;0.0;0.0
residential2;0;3;106;320.868;0.0;0.0;0.0
residential2;0;3;107;309.916;0.0;0.0;0.0
residential2;0;3;108;313.384;0.0;0.0;0.0
residential2;0;3;109;289.885;0.0;0.0;0.0
residential2;0;3;110;285.683;0.0;0.0;0.0
residential2;0;3;111;279.396;0.0;0.0;0.0
residential2;0;3;112;275.662;0.0;0.0;0.0
residential2;0;3;113;271.66;0.0;0.0;0.0
residential2;0;3;114;321.426;0.0;0.0;0.0
residential2;0;3;115;305.31;0.0;0.0;0.0
residential2;0;3;116;293.207;0.0;0.0;0.0
residential2;0;3;117;307.206;0.0;0.0;0.0
residential2;0;3;118;276.586;0.0;0.0;0.0
residential2;0;3;119;290.648;0.0;0.0;0.0
residential2;0;3;120;259.627;0.0;0.0;0.0
residential2;0;3;121;268.13;0.0;0.0;0.0
residential2;0;3;122;267.442;0.0;0.0;0.0
residential2;0;3;123;269.251;0.0;0.0;0.0
residential2;0;3;124;272.054;0.0;0.0;0.0
residential2;0;3;125;274.356;0.0;0.0;0.0
residential2;0;3;126;283.372;0.0;0.0;0.0
residential2;0;3;127;315.441;0.0;0.0;0.0
residential2;0;3;128;312.45;0.0;0.0;0.0
residential2;0;3;129;315.138;0.0;0.0;0.0
residential2;0;3;130;302.961;0.0;0.0;0.0
residential2;0;3;131;307.903;0.0;0.0;0.0
residential2;0;3;132;294.442;0.0;0.0;0.0
residential2;0;3;133;286.073;0.0;0.0;0.0
residential2;0;3;134;306.18;0.0;0.0;0.0
residential2;0;3;135;299.618;0.0;0.0;0.0
residential2;0;3;136;311.379;0.0;0.0;0.0
residential2;0;3;137;322.783;0.0;0.0;0.0
residential2;0;3;138;328.02;0.0;0.0;0.0
residential2;0;3;139;342.442;0.0;0.0;0.0
residential2;0;3;140;325.107;0.0;0.0;0.0
residential2;0;3;141;333.747;0.0;0.0;0.0
residential2;0;3;142;333.953;0.0;0.0;0.0
residential2;0;3;143;309.489;0.0;0.0;0.0
residential2;0;3;144;268.533;0.0;0.0;0.0
residential2;0;3;145;274.663;0.0;0.0;0.0
residential2;0;3;146;272.485;0.0;0.0;0.0
residential2;0;3;147;275.528;0.0;0.0;0.0
residential2;0;3;148;273.944;0.0;0.0;0.0
residential2;0;3;149;277.007;0.0;0.0;0.0
residential2;0;3;150;282.072;0.0;0.0;0.0
residential2;0;3;151;297.38;0.0;0.0;0.0
residential2;0;3;152;316.482;0.0;0.0;0.0
residential2;0;3;153;278.581;0.0;0.0;0.0
residential2;0;3;154;246.111;0.0;0.0;0.0
residential2;0;3;155;211.616;0.0;0.0;0.0
residential2;0;3;156;207.923;0.0;0.0;0.0
residential2;0;3;157;215.611;0.0;0.0;0.0
residential2;0;3;158;219.858;0.0;0.0;0.0
residential2;0;3;159;221.908;0.0;0.0;0.0
residential2;0;3;160;221.749;0.0;0.0;0.0
residential2;0;3;161;244.015;0.0;0.0;0.0
residential2;0;3;162;236.08;0.0;0.0;0.0
residential2;0;3;163;248.722;0.0;0.0;0.0
residential2;0;3;164;225.994;0.0;0.0;0.0
residential2;0;3;165;237.184;0.0;0.0;0.0
residential2;0;3;166;236.722;0.0;0.0;0.0
residential2;0;3;167;224.709;0.0;0.0;0.0
residential2;5;0;0;182.865;0.0;0.0;0.0
residential2;5;0;1;188.462;0.0;0.0;0.0
residential2;5;0;2;9.868;0.0;0.0;0.0
residential2;5;0;3;128.662;0.0;0.0;0.0
residential2;5;0;4;163.157;0.0;0.0;0.0
residential2;5;0;5;165.394;0.0;0.0;0.0
residential2;5;0;6;182.258;0.0;0.0;0.0
residential2;5;0;7;204.155;0.0;0.0;0.0
residential2;5;0;8;182.579;0.0;0.0;0.0
residential2;5;0;9;171.363;0.0;0.0;0.0
residential2;5;0;10;143.718;0.0;0.0;0.0
residential2;5;0;11;134.255;0.0;0.0;0.0
residential2;5;0;12;128.765;0.0;0.0;0.0
residential2;5;0;13;116.591;0.0;0.0;0.0
residential2;5;0;14;198.405;0.0;0.0;0.0
residential2;5;0;15;124.282;0.0;0.0;0.0
residential2;5;0;16;189.824;0.0;0.0;0.0
residential2;5;0;17;56.5;0.0;0.0;0.0
residential2;5;0;18;217.985;0.0;0.0;0.0
residential2;5;0;19;93.148;0.0;0.0;0.0
residential2;5;0;20;233.57;0.0;0.0;0.0
residential2;5;0;21;167.789;0.0;0.0;0.0
residential2;5;0;22;167.484;0.0;0.0;0.0
residential2;5;0;23;36.401;0.0;0.0;0.0
residential2;5;0;24;61.512;0.0;0.0;0.0
residential2;5;0;25;149.536;0.0;0.0;0.0
residential2;5;0;26;150.541;0.0;0.0;0.0
residential2;5;0;27;159.06;0.0;0.0;0.0
residential2;5;0;28;160.919;0.0;0.0;0.0
residential2;5;0;29;194.828;0.0;0.0;0.0
residential2;5;0;30;164.982;0.0;0.0;0.0
residential2;5;0;31;219.764;0.0;0.0;0.0
residential2;5;0;32;215.436;0.0;0.0;0.0
residential2;5;0;33;200.948;0.0;0.0;0.0
residential2;5;0;34;191.71;0.0;0.0;0.0
residential2;5;0;35;184.579;0.0;1.676;0.0
residential2;5;0;36;212.999;0.0;0.0;0.0
residential2;5;0;37;89.55;0.0;47.519;0.0
residential2;5;0;38;104.963;0.0;68.216;0.0
residential2;5;0;39;134.314;0.0;35.417;0.0
residential2;5;0;40;170.207;0.0;0.0;0.0
residential2;5;0;41;188.003;0.0;0.0;0.0
residential2;5;0;42;197.335;0.0;0.0;0.0
residential2;5;0;43;194.613;0.0;0.0;0.0
residential2;5;0;44;204.659;0.0;0.0;0.0
residential2;5;0;45;202.818;0.0;0.0;0.0
residential2;5;0;46;184.26;0.0;0.0;0.0
residential2;5;0;47;174.034;0.0;0.0;0.0
residential2;5;0;48;119.546;0.0;0.0;0.0
residential2;5;0;49;126.926;0.0;0.0;0.0
residential2;5;0;50;123.336;0.0;0.0;0.0
residential2;5;0;51;127.063;0.0;0.0;0.0
residential2;5;0;52;126.991;0.0;0.0;0.0
residential2;5;0;53;129.455;0.0;0.0;0.0
residential2;5;0;54;133.832;0.0;0.0;0.0
residential2;5;0;55;182.813;0.0;0.0;0.0
residential2;5;0;56;205.338;0.0;0.0;0.0
residential2;5;0;57;158.458;0.0;0.0;0.0
residential2;5;0;58;143.273;0.0;0.001;0.0
residential2;5;0;59;136.217;0.0;0.0;0.0
residential2;5;0;60;117.676;0.0;0.0;0.0
residential2;5;0;61;109.975;0.0;0.0;0.0
residential2;5;0;62;106.085;0.0;0.0;0.0
residential2;5;0;63;109.437;0.0;0.0;0.0
residential2;5;0;64;107.052;0.0;2.146;0.0
residential2;5;0;65;103.928;0.0;0.0;0.0
residential2;5;0;66;119.682;0.0;0.0;0.0
residential2;5;0;67;219.102;0.0;0.0;0.0
residential2;5;0;68;88.623;0.0;0.0;0.0
residential2;5;0;69;58.384;0.0;0.0;0.0
residential2;5;0;70;124.736;0.0;0.0;0.0
residential2;5;0;71;109.768;0.0;0.0;0.0
residential2;5;0;72;156.193;0.0;0.0;0.0
residential2;5;0;73;17.397;0.0;0.0;0.0
residential2;5;0;74;89.609;0.0;0.0;0.0
residential2;5;0;75;93.821;0.0;0.0;0.0
residential2;5;0;76;89.553;0.0;0.0;0.0
residential2;5;0;77;91.986;0.0;0.0;0.0
residential2;5;0;78;95.103;0.0;0.0;0.0
residential2;5;0;79;127.268;0.0;0.0;0.0
residential2;5;0;80;137.917;0.0;0.0;0.0
residential2;5;0;81;120.485;0.0;0.0;0.0
residential2;5;0;82;115.365;0.0;0.0;0.0
residential2;5;0;83;101.759;0.0;0.0;0.0
residential2;5;0;84;110.584;0.0;0.0;0.0
residential2;5;0;85;107.655;0.0;0.0;0.0
residential2;5;0;86;103.627;0.0;0.0;0.0
residential2;5;0;87;105.274;0.0;0.0;0.0
residential2;5;0;88;183.571;0.0;0.0;0.0
residential2;5;0;89;187.122;0.0;0.0;0.0
residential2;5;0;90;44.815;0.0;0.0;0.0
residential2;5;0;91;203.615;0.0;0.0;0.0
residential2;5;0;92;71.19;0.0;0.0;0.0
residential2;5;0;93;222.488;0.0;0.0;0.0
residential2;5;0;94;50.693;0.0;0.0;0.0
residential2;5;0;95;212.142;0.0;0.0;0.0
residential2;5;0;96;172.793;0.0;0.0;0.0
residential2;5;0;97;157.126;0.0;0.0;0.0
residential2;5;0;98;163.001;0.0;0.0;0.0
residential2;5;0;99;12.277;0.0;0.0;0.0
residential2;5;0;100;131.979;0.0;0.0;0.0
residential2;5;0;101;179.93;0.0;0.0;0.0
residential2;5;0;102;197.648;0.0;0.0;0.0
residential2;5;0;103;213.821;0.0;0.0;0.0
residential2;5;0;104;209.841;0.0;0.0;0.0
residential2;5;0;105;215.082;0.0;0.0;0.0
residential2;5;0;106;186.521;0.0;0.0;0.0
residential2;5;0;107;193.873;0.0;0.0;0.0
residential2;5;0;108;186.19;0.0;0.0;0.0
residential2;5;0;109;183.139;0.0;0.0;0.0
residential2;5;0;110;175.988;0.0;0.0;0.0
residential2;5;0;111;159.834;0.0;0.0;0.0
residential2;5;0;112;170.495;0.0;0.0;0.0
residential2;5;0;113;162.556;0.0;0.0;0.0
residential2;5;0;114;220.991;0.0;0.0;0.0
residential2;5;0;115;244.17;0.0;0.0;0.0
residential2;5;0;116;241.484;0.0;0.0;0.0
residential2;5;0;117;232.824;0.0;0.0;0.0
residential2;5;0;118;183.252;0.0;0.0;0.0
residential2;5;0;119;186.893;0.0;0.0;0.0
residential2;5;0;120;7.503;0.0;0.0;0.0
residential2;5;0;121;121.974;0.0;0.0;0.0
residential2;5;0;122;175.339;0.0;0.0;0.0
residential2;5;0;123;176.467;0.0;0.0;0.0
residential2;5;0;124;175.96;0.0;0.0;0.0
residential2;5;0;125;193.116;0.0;0.0;0.0
residential2;5;0;126;201.088;0.0;0.0;0.0
residential2;5;0;127;229.696;0.0;0.0;0.0
residential2;5;0;128;216.518;0.0;0.0;0.0
residential2;5;0;129;208.609;0.0;0.0;0.0
residential2;5;0;130;191.403;0.0;0.0;0.0
residential2;5;0;131;193.315;0.0;0.0;0.0
residential2;5;0;132;178.205;0.0;0.0;0.0
residential2;5;0;133;164.602;0.0;0.0;0.0
residential2;5;0;134;202.361;0.0;0.0;0.0
residential2;5;0;135;206.497;0.0;0.0;0.0
residential2;5;0;136;221.549;0.0;0.0;0.0
residential2;5;0;137;62.195;0.0;0.0;0.0
residential2;5;0;138;204.308;0.0;0.0;0.0
residential2;5;0;139;244.724;0.0;0.0;0.0
residential2;5;0;140;236.384;0.0;0.0;0.0
residential2;5;0;141;248.902;0.0;0.0;0.0
residential2;5;0;142;255.719;0.0;0.0;0.0
residential2;5;0;143;159.075;0.0;0.0;0.0
residential2;5;0;144;7.598;0.0;0.0;0.0
residential2;5;0;145;185.453;0.0;0.0;0.0
residential2;5;0;146;188.053;0.0;0.0;0.0
residential2;5;0;147;199.977;0.0;0.0;0.0
residential2;5;0;148;199.863;0.0;0.0;0.0
residential2;5;0;149;203.121;0.0;0.0;0.0
residential2;5;0;150;201.651;0.0;0.0;0.0
residential2;5;0;151;223.993;0.0;0.0;0.0
residential2;5;0;152;231.356;0.0;0.0;0.0
residential2;5;0;153;220.076;0.0;1.831;0.0
residential2;5;0;154;175.925;0.0;32.613;0.0
residential2;5;0;155;195.19;0.0;0.0;0.0
residential2;5;0;156;157.942;0.0;30.442;0.0
residential2;5;0;157;161.771;0.0;0.0;0.0
residential2;5;0;158;152.146;0.0;0.0;0.0
residential2;5;0;159;155.838;0.0;0.0;0.0
residential2;5;0;160;210.2;0.0;0.0;0.0
residential2;5;0;161;114.161;0.0;0.0;0.0
residential2;5;0;162;220.195;0.0;0.0;0.0
residential2;5;0;163;226.056;0.0;0.0;0.0
residential2;5;0;164;235.675;0.0;0.0;0.0
residential2;5;0;165;139.763;0.0;0.0;0.0
residential2;5;0;166;239.462;0.0;0.0;0.0
residential2;5;0;167;58.75;0.0;0.0;0.0
residential2;5;1;0;7.529;0.0;0.0;0.0
residential2;5;1;1;12.166;0.0;0.0;0.0
residential2;5;1;2;9.759;0.0;0.0;0.0
residential2;5;1;3;12.531;0.0;0.0;0.0
residential2;5;1;4;11.731;0.0;0.0;0.0
residential2;5;1;5;11.157;0.0;0.0;0.0
residential2;5;1;6;17.907;0.0;0.0;0.0
residential2;5;1;7;21.318;0.0;14.251;0.0
residential2;5;1;8;0.0;0.0;43.38;0.0
residential2;5;1;9;0.0;0.0;47.579;0.0
residential2;5;1;10;0.0;0.0;56.187;0.0
residential2;5;1;11;0.0;0.0;39.313;0.0
residential2;5;1;12;0.0;0.0;43.482;0.0
residential2;5;1;13;0.0;0.0;47.751;0.0
residential2;5;1;14;0.0;0.0;41.271;0.0
residential2;5;1;15;0.0;0.0;39.599;0.0
residential2;5;1;16;0.0;0.0;46.823;0.0
residential2;5;1;17;30.938;0.0;19.244;0.0
residential2;5;1;18;92.086;0.0;0.0;0.0
residential2;5;1;19;68.97;0.0;0.0;0.0
residential2;5;1;20;69.913;0.0;0.0;0.0
residential2;5;1;21;65.959;0.0;0.0;0.0
residential2;5;1;22;63.839;0.0;0.0;0.0
residential2;5;1;23;48.306;0.0;0.0;0.0
residential2;5;1;24;8.539;0.0;0.0;0.0
residential2;5;1;25;10.254;0.0;0.0;0.0
residential2;5;1;26;12.261;0.0;0.0;0.0
residential2;5;1;27;11.184;0.0;0.0;0.0
residential2;5;1;28;11.848;0.0;0.0;0.0
residential2;5;1;29;19.355;0.0;0.0;0.0
residential2;5;1;30;15.305;0.0;0.0;0.0
residential2;5;1;31;47.789;0.0;0.0;0.0
residential2;5;1;32;0.0;0.0;44.496;0.0
residential2;5;1;33;0.0;0.0;42.308;0.0
residential2;5;1;34;0.0;0.0;40.485;0.0
residential2;5;1;35;0.0;0.0;39.459;0.0
residential2;5;1;36;0.0;0.0;35.948;0.0
residential2;5;1;37;0.0;0.0;38.442;0.0
residential2;5;1;38;0.0;0.0;35.93;0.0
residential2;5;1;39;0.0;0.0;41.212;0.0
residential2;5;1;40;0.0;0.0;48.577;0.0
residential2;5;1;41;84.457;0.0;25.377;0.0
residential2;5;1;42;26.676;0.0;16.77;0.0
residential2;5;1;43;73.201;0.0;0.0;0.0
residential2;5;1;44;65.368;0.0;0.0;0.0
residential2;5;1;45;74.74;0.0;0.0;0.0
residential2;5;1;46;79.871;0.0;0.0;0.0
residential2;5;1;47;36.799;0.0;0.0;0.0
residential2;5;1;48;7.558;0.0;0.0;0.0
residential2;5;1;49;11.075;0.0;0.0;0.0
residential2;5;1;50;11.445;0.0;0.0;0.0
residential2;5;1;51;11.457;0.0;0.0;0.0
residential2;5;1;52;9.816;0.0;0.0;0.0
residential2;5;1;53;10.751;0.0;0.0;0.0
residential2;5;1;54;11.091;0.0;0.0;0.0
residential2;5;1;55;32.752;0.0;0.0;0.0
residential2;5;1;56;0.0;0.0;41.68;0.0
residential2;5;1;57;0.0;0.0;38.964;0.0
residential2;5;1;58;0.0;0.0;45.854;0.0
residential2;5;1;59;0.0;0.0;48.544;0.0
residential2;5;1;60;0.0;0.0;43.421;0.0
residential2;5;1;61;0.0;0.0;36.107;0.0
residential2;5;1;62;0.0;0.0;40.07;0.0
residential2;5;1;63;100.215;0.0;0.0;0.0
residential2;5;1;64;0.0;0.0;33.06;0.0
residential2;5;1;65;0.0;0.0;37.919;0.0
residential2;5;1;66;50.193;0.0;0.0;0.0
residential2;5;1;67;60.729;0.0;0.0;0.0
residential2;5;1;68;79.498;0.0;0.0;0.0
residential2;5;1;69;71.926;0.0;0.0;0.0
residential2;5;1;70;54.205;0.0;0.0;0.0
residential2;5;1;71;47.046;0.0;0.0;0.0
residential2;5;1;72;7.482;0.0;0.0;0.0
residential2;5;1;73;11.424;0.0;0.0;0.0
residential2;5;1;74;10.566;0.0;0.0;0.0
residential2;5;1;75;10.401;0.0;0.0;0.0
residential2;5;1;76;11.218;0.0;0.0;0.0
residential2;5;1;77;14.061;0.0;0.0;0.0
residential2;5;1;78;14.356;0.0;0.0;0.0
residential2;5;1;79;5.664;0.0;10.578;0.0
residential2;5;1;80;0.0;0.0;36.68;0.0
residential2;5;1;81;0.0;0.0;51.891;0.0
residential2;5;1;82;0.0;0.0;49.031;0.0
residential2;5;1;83;0.0;0.0;44.186;0.0
residential2;5;1;84;0.0;0.0;41.708;0.0
residential2;5;1;85;0.0;0.0;35.113;0.0
residential2;5;1;86;0.0;0.0;43.816;0.0
residential2;5;1;87;0.0;0.0;89.251;0.0
residential2;5;1;88;0.0;0.0;39.183;0.0
residential2;5;1;89;0.0;0.0;45.756;0.0
residential2;5;1;90;20.183;0.0;18.361;0.0
residential2;5;1;91;58.075;0.0;0.0;0.0
residential2;5;1;92;60.634;0.0;0.0;0.0
residential2;5;1;93;48.063;0.0;0.0;0.0
residential2;5;1;94;52.452;0.0;0.0;0.0
residential2;5;1;95;40.887;0.0;0.0;0.0
residential2;5;1;96;7.412;0.0;0.0;0.0
residential2;5;1;97;11.068;0.0;0.0;0.0
residential2;5;1;98;10.624;0.0;0.0;0.0
residential2;5;1;99;10.421;0.0;0.0;0.0
residential2;5;1;100;9.254;0.0;0.0;0.0
residential2;5;1;101;11.839;0.0;0.0;0.0
residential2;5;1;102;15.644;0.0;0.0;0.0
residential2;5;1;103;17.247;0.0;5.702;0.0
residential2;5;1;104;0.0;0.0;30.946;0.0
residential2;5;1;105;0.0;0.0;51.48;0.0
residential2;5;1;106;0.0;0.0;48.755;0.0
residential2;5;1;107;0.0;0.0;51.946;0.0
residential2;5;1;108;0.0;0.0;52.683;0.0
residential2;5;1;109;0.0;0.0;48.71;0.0
residential2;5;1;110;0.0;0.0;56.129;0.0
residential2;5;1;111;0.0;0.0;50.745;0.0
residential2;5;1;112;0.0;0.0;46.773;0.0
residential2;5;1;113;102.402;0.0;0.782;0.0
residential2;5;1;114;35.612;0.0;11.02;0.0
residential2;5;1;115;60.103;0.0;0.0;0.0
residential2;5;1;116;61.515;0.0;0.0;0.0
residential2;5;1;117;55.863;0.0;0.0;0.0
residential2;5;1;118;63.102;0.0;0.0;0.0
residential2;5;1;119;41.108;0.0;0.0;0.0
residential2;5;1;120;7.619;0.0;0.0;0.0
residential2;5;1;121;11.147;0.0;0.0;0.0
residential2;5;1;122;9.85;0.0;0.0;0.0
residential2;5;1;123;11.929;0.0;0.0;0.0
residential2;5;1;124;10.074;0.0;0.0;0.0
residential2;5;1;125;13.56;0.0;0.0;0.0
residential2;5;1;126;12.101;0.0;0.0;0.0
residential2;5;1;127;43.804;0.0;0.0;0.0
residential2;5;1;128;0.0;0.0;41.745;0.0
residential2;5;1;129;0.0;0.0;41.739;0.0
residential2;5;1;130;0.0;0.0;43.365;0.0
residential2;5;1;131;0.0;0.0;35.816;0.0
residential2;5;1;132;0.0;0.0;44.985;0.0
residential2;5;1;133;0.0;0.0;35.225;0.0
residential2;5;1;134;0.0;0.0;39.118;0.0
residential2;5;1;135;0.0;0.0;34.308;0.0
residential2;5;1;136;0.0;0.0;42.51;0.0
residential2;5;1;137;73.543;0.0;25.734;0.0
residential2;5;1;138;41.282;0.0;6.211;0.0
residential2;5;1;139;74.199;0.0;0.0;0.0
residential2;5;1;140;71.958;0.0;0.0;0.0
residential2;5;1;141;78.264;0.0;0.0;0.0
residential2;5;1;142;57.149;0.0;0.0;0.0
residential2;5;1;143;58.087;0.0;0.0;0.0
residential2;5;1;144;7.461;0.0;0.0;0.0
residential2;5;1;145;12.297;0.0;0.0;0.0
residential2;5;1;146;11.135;0.0;0.0;0.0
residential2;5;1;147;11.104;0.0;0.0;0.0
residential2;5;1;148;9.835;0.0;0.0;0.0
residential2;5;1;149;11.968;0.0;0.0;0.0
residential2;5;1;150;14.53;0.0;0.0;0.0
residential2;5;1;151;37.994;0.0;0.0;0.0
residential2;5;1;152;0.0;0.0;41.161;0.0
residential2;5;1;153;0.0;0.0;48.228;0.0
residential2;5;1;154;0.0;0.0;37.954;0.0
residential2;5;1;155;0.0;0.0;41.641;0.0
residential2;5;1;156;0.0;0.0;46.092;0.0
residential2;5;1;157;0.0;0.0;48.282;0.0
residential2;5;1;158;0.0;0.0;40.761;0.0
residential2;5;1;159;34.283;0.0;89.15;0.0
residential2;5;1;160;0.0;0.0;46.533;0.0
residential2;5;1;161;2.73;0.0;47.105;0.0
residential2;5;1;162;22.702;0.0;25.625;0.0
residential2;5;1;163;86.572;0.0;0.0;0.0
residential2;5;1;164;73.365;0.0;0.0;0.0
residential2;5;1;165;70.574;0.0;0.0;0.0
residential2;5;1;166;68.77;0.0;0.0;0.0
residential2;5;1;167;55.211;0.0;0.0;0.0
residential2;5;2;0;7.519;0.0;0.0;0.0
residential2;5;2;1;20.815;0.0;0.0;0.0
residential2;5;2;2;155.121;0.0;0.0;0.0
residential2;5;2;3;12.89;0.0;0.0;0.0
residential2;5;2;4;82.811;0.0;0.0;0.0
residential2;5;2;5;159.61;0.0;0.0;0.0
residential2;5;2;6;19.58;0.0;0.0;0.0
residential2;5;2;7;79.04;0.0;0.0;0.0
residential2;5;2;8;58.425;0.0;2.524;0.0
residential2;5;2;9;36.651;0.0;79.002;0.0
residential2;5;2;10;0.0;0.0;100.766;0.0
residential2;5;2;11;0.0;0.0;93.001;0.0
residential2;5;2;12;0.0;0.0;78.425;0.0
residential2;5;2;13;0.0;0.0;67.604;0.0
residential2;5;2;14;27.803;0.0;48.127;0.0
residential2;5;2;15;83.872;0.0;16.757;0.0
residential2;5;2;16;174.909;0.0;15.928;0.0
residential2;5;2;17;89.368;0.0;0.001;0.0
residential2;5;2;18;56.416;0.0;0.0;0.0
residential2;5;2;19;161.657;0.0;0.0;0.0
residential2;5;2;20;120.371;0.0;0.0;0.0
residential2;5;2;21;61.892;0.0;0.0;0.0
residential2;5;2;22;181.697;0.0;0.0;0.0
residential2;5;2;23;104.849;0.0;0.0;0.0
residential2;5;2;24;7.566;0.0;0.0;0.0
residential2;5;2;25;11.725;0.0;0.0;0.0
residential2;5;2;26;174.683;0.0;0.0;0.0
residential2;5;2;27;10.748;0.0;0.0;0.0
residential2;5;2;28;177.188;0.0;0.0;0.0
residential2;5;2;29;46.212;0.0;0.0;0.0
residential2;5;2;30;134.416;0.0;0.0;0.0
residential2;5;2;31;159.16;0.0;0.0;0.0
residential2;5;2;32;157.951;0.0;12.821;0.0
residential2;5;2;33;81.161;0.0;65.927;0.0
residential2;5;2;34;0.0;0.0;129.18;0.0
residential2;5;2;35;0.0;0.0;116.953;0.0
residential2;5;2;36;0.0;0.0;98.03;0.0
residential2;5;2;37;0.0;0.0;81.486;0.0
residential2;5;2;38;0.0;0.0;71.129;0.0
residential2;5;2;39;0.0;0.0;56.334;0.0
residential2;5;2;40;168.589;0.0;16.594;0.0
residential2;5;2;41;109.814;0.0;0.001;0.0
residential2;5;2;42;98.561;0.0;0.0;0.0
residential2;5;2;43;98.443;0.0;0.0;0.0
residential2;5;2;44;105.586;0.0;0.0;0.0
residential2;5;2;45;107.258;0.0;0.0;0.0
residential2;5;2;46;56.144;0.0;0.0;0.0
residential2;5;2;47;48.691;0.0;0.0;0.0
residential2;5;2;48;7.554;0.0;0.0;0.0
residential2;5;2;49;9.184;0.0;0.0;0.0
residential2;5;2;50;53.778;0.0;0.0;0.0
residential2;5;2;51;55.248;0.0;0.0;0.0
residential2;5;2;52;56.006;0.0;0.0;0.0
residential2;5;2;53;58.05;0.0;0.0;0.0
residential2;5;2;54;57.323;0.0;0.0;0.0
residential2;5;2;55;93.745;0.0;0.0;0.0
residential2;5;2;56;110.505;0.0;0.0;0.0
residential2;5;2;57;83.517;0.0;0.0;0.0
residential2;5;2;58;79.269;0.0;0.0;0.0
residential2;5;2;59;69.206;0.0;0.001;0.0
residential2;5;2;60;62.149;0.0;0.001;0.0
residential2;5;2;61;50.423;0.0;0.0;0.0
residential2;5;2;62;57.733;0.0;0.0;0.0
residential2;5;2;63;52.253;0.0;0.0;0.0
residential2;5;2;64;82.298;0.0;0.0;0.0
residential2;5;2;65;194.831;0.0;0.0;0.0
residential2;5;2;66;64.171;0.0;0.0;0.0
residential2;5;2;67;87.988;0.0;0.0;0.0
residential2;5;2;68;85.975;0.0;0.0;0.0
residential2;5;2;69;69.631;0.0;0.0;0.0
residential2;5;2;70;62.278;0.0;0.0;0.0
residential2;5;2;71;33.443;0.0;0.0;0.0
residential2;5;2;72;10.713;0.0;0.0;0.0
residential2;5;2;73;52.245;0.0;0.0;0.0
residential2;5;2;74;50.268;0.0;0.0;0.0
residential2;5;2;75;54.632;0.0;0.0;0.0
residential2;5;2;76;53.431;0.0;0.0;0.0
residential2;5;2;77;54.015;0.0;0.0;0.0
residential2;5;2;78;56.246;0.0;0.0;0.0
residential2;5;2;79;87.01;0.0;0.0;0.0
residential2;5;2;80;102.39;0.0;0.0;0.0
residential2;5;2;81;92.799;0.0;0.0;0.0
residential2;5;2;82;80.225;0.0;0.0;0.0
residential2;5;2;83;52.561;0.0;15.97;0.0
residential2;5;2;84;0.0;0.0;65.745;0.0
residential2;5;2;85;15.293;0.0;46.879;0.0
residential2;5;2;86;178.551;0.0;0.0;0.0
residential2;5;2;87;93.209;0.0;0.0;0.0
residential2;5;2;88;42.167;0.0;0.0;0.0
residential2;5;2;89;57.258;0.0;0.001;0.0
residential2;5;2;90;66.474;0.0;0.0;0.0
residential2;5;2;91;67.656;0.0;0.0;0.0
residential2;5;2;92;205.681;0.0;0.0;0.0
residential2;5;2;93;96.203;0.0;0.0;0.0
residential2;5;2;94;60.145;0.0;0.0;0.0
residential2;5;2;95;111.727;0.0;0.0;0.0
residential2;5;2;96;7.501;0.0;0.0;0.0
residential2;5;2;97;15.296;0.0;0.0;0.0
residential2;5;2;98;88.847;0.0;0.0;0.0
residential2;5;2;99;162.134;0.0;0.0;0.0
residential2;5;2;100;103.322;0.0;0.0;0.0
residential2;5;2;101;12.258;0.0;0.0;0.0
residential2;5;2;102;112.235;0.0;0.0;0.0
residential2;5;2;103;125.694;0.0;0.0;0.0
residential2;5;2;104;141.605;0.0;0.0;0.0
residential2;5;2;105;82.734;0.0;50.135;0.0
residential2;5;2;106;70.62;0.0;48.933;0.0
residential2;5;2;107;106.639;0.0;17.557;0.0
residential2;5;2;108;63.536;0.0;55.336;0.0
residential2;5;2;109;118.45;0.0;43.568;0.0
residential2;5;2;110;6.706;0.0;34.161;0.0
residential2;5;2;111;102.199;0.0;0.0;0.0
residential2;5;2;112;122.457;0.0;0.0;0.0
residential2;5;2;113;112.864;0.0;0.0;0.0
residential2;5;2;114;131.661;0.0;0.0;0.0
residential2;5;2;115;136.492;0.0;0.0;0.0
residential2;5;2;116;144.898;0.0;0.0;0.0
residential2;5;2;117;130.841;0.0;0.0;0.0
residential2;5;2;118;125.654;0.0;0.0;0.0
residential2;5;2;119;194.185;0.0;0.0;0.0
residential2;5;2;120;7.595;0.0;0.0;0.0
residential2;5;2;121;175.345;0.0;0.0;0.0
residential2;5;2;122;13.55;0.0;0.0;0.0
residential2;5;2;123;97.773;0.0;0.0;0.0
residential2;5;2;124;100.92;0.0;0.0;0.0
residential2;5;2;125;101.775;0.0;0.0;0.0
residential2;5;2;126;118.702;0.0;0.0;0.0
residential2;5;2;127;141.192;0.0;0.0;0.0
residential2;5;2;128;156.966;0.0;0.0;0.0
residential2;5;2;129;127.912;0.0;0.0;0.0
residential2;5;2;130;123.894;0.0;0.001;0.0
residential2;5;2;131;108.57;0.0;0.001;0.0
residential2;5;2;132;80.64;0.0;21.961;0.0
residential2;5;2;133;37.977;0.0;57.022;0.0
residential2;5;2;134;176.053;0.0;0.0;0.0
residential2;5;2;135;153.072;0.0;0.0;0.0
residential2;5;2;136;54.745;0.0;0.0;0.0
residential2;5;2;137;59.686;0.0;0.0;0.0
residential2;5;2;138;63.869;0.0;0.0;0.0
residential2;5;2;139;230.379;0.0;0.0;0.0
residential2;5;2;140;112.01;0.0;0.0;0.0
residential2;5;2;141;76.027;0.0;0.0;0.0
residential2;5;2;142;204.2;0.0;0.0;0.0
residential2;5;2;143;47.912;0.0;0.0;0.0
residential2;5;2;144;85.078;0.0;0.0;0.0
residential2;5;2;145;93.171;0.0;0.0;0.0
residential2;5;2;146;94.967;0.0;0.0;0.0
residential2;5;2;147;96.159;0.0;0.0;0.0
residential2;5;2;148;98.299;0.0;0.0;0.0
residential2;5;2;149;96.71;0.0;0.0;0.0
residential2;5;2;150;113.892;0.0;0.0;0.0
residential2;5;2;151;142.132;0.0;0.0;0.0
residential2;5;2;152;130.345;0.0;0.0;0.0
residential2;5;2;153;126.288;0.0;0.0;0.0
residential2;5;2;154;133.053;0.0;0.0;0.0
residential2;5;2;155;108.603;0.0;0.0;0.0
residential2;5;2;156;103.97;0.0;0.0;0.0
residential2;5;2;157;110.142;0.0;0.0;0.0
residential2;5;2;158;89.939;0.0;0.0;0.0
residential2;5;2;159;78.943;0.0;0.0;0.0
residential2;5;2;160;93.989;0.0;0.0;0.0
residential2;5;2;161;99.633;0.0;0.0;0.0
residential2;5;2;162;111.416;0.0;0.0;0.0
residential2;5;2;163;116.497;0.0;0.0;0.0
residential2;5;2;164;116.431;0.0;0.0;0.0
residential2;5;2;165;115.952;0.0;0.0;0.0
residential2;5;2;166;119.021;0.0;0.0;0.0
residential2;5;2;167;173.651;0.0;0.0;0.0
residential2;5;3;0;109.548;0.0;0.0;0.0
residential2;5;3;1;199.592;0.0;0.0;0.0
residential2;5;3;2;197.8;0.0;0.0;0.0
residential2;5;3;3;198.441;0.0;0.0;0.0
residential2;5;3;4;198.776;0.0;0.0;0.0
residential2;5;3;5;201.436;0.0;0.0;0.0
residential2;5;3;6;206.579;0.0;0.0;0.0
residential2;5;3;7;235.096;0.0;0.0;0.0
residential2;5;3;8;252.438;0.0;0.0;0.0
residential2;5;3;9;231.507;0.0;0.0;0.0
residential2;5;3;10;223.026;0.0;0.0;0.0
residential2;5;3;11;203.171;0.0;0.0;0.0
residential2;5;3;12;201.467;0.0;0.0;0.0
residential2;5;3;13;149.694;0.0;35.901;0.0
residential2;5;3;14;174.563;0.0;32.656;0.0
residential2;5;3;15;200.113;0.0;0.0;0.0
residential2;5;3;16;224.625;0.0;0.0;0.0
residential2;5;3;17;209.243;0.0;0.0;0.0
residential2;5;3;18;234.735;0.0;0.0;0.0
residential2;5;3;19;72.949;0.0;0.0;0.0
residential2;5;3;20;170.228;0.0;0.0;0.0
residential2;5;3;21;234.46;0.0;0.0;0.0
residential2;5;3;22;251.268;0.0;0.0;0.0
residential2;5;3;23;242.671;0.0;0.0;0.0
residential2;5;3;24;195.983;0.0;0.0;0.0
residential2;5;3;25;154.131;0.0;0.0;0.0
residential2;5;3;26;202.781;0.0;0.0;0.0
residential2;5;3;27;201.022;0.0;0.0;0.0
residential2;5;3;28;203.384;0.0;0.0;0.0
residential2;5;3;29;205.185;0.0;0.0;0.0
residential2;5;3;30;204.301;0.0;0.0;0.0
residential2;5;3;31;234.425;0.0;0.0;0.0
residential2;5;3;32;244.379;0.0;0.0;0.0
residential2;5;3;33;237.723;0.0;0.0;0.0
residential2;5;3;34;225.143;0.0;0.0;0.0
residential2;5;3;35;203.706;0.0;0.0;0.0
residential2;5;3;36;211.062;0.0;0.0;0.0
residential2;5;3;37;201.695;0.0;0.0;0.0
residential2;5;3;38;212.449;0.0;0.0;0.0
residential2;5;3;39;214.017;0.0;0.0;0.0
residential2;5;3;40;226.886;0.0;0.0;0.0
residential2;5;3;41;232.487;0.0;0.0;0.0
residential2;5;3;42;245.483;0.0;0.0;0.0
residential2;5;3;43;246.417;0.0;0.0;0.0
residential2;5;3;44;248.774;0.0;0.0;0.0
residential2;5;3;45;231.541;0.0;0.0;0.0
residential2;5;3;46;223.458;0.0;0.0;0.0
residential2;5;3;47;188.738;0.0;0.0;0.0
residential2;5;3;48;136.433;0.0;0.0;0.0
residential2;5;3;49;131.463;0.0;0.0;0.0
residential2;5;3;50;128.41;0.0;0.0;0.0
residential2;5;3;51;125.197;0.0;0.0;0.0
residential2;5;3;52;125.26;0.0;0.0;0.0
residential2;5;3;53;124.633;0.0;0.0;0.0
residential2;5;3;54;128.743;0.0;0.0;0.0
residential2;5;3;55;176.151;0.0;0.0;0.0
residential2;5;3;56;201.723;0.0;0.0;0.0
residential2;5;3;57;157.325;0.0;0.0;0.0
residential2;5;3;58;163.677;0.0;0.0;0.0
residential2;5;3;59;157.637;0.0;0.0;0.0
residential2;5;3;60;146.073;0.0;0.0;0.0
residential2;5;3;61;148.692;0.0;0.0;0.0
residential2;5;3;62;134.065;0.0;0.0;0.0
residential2;5;3;63;143.866;0.0;0.0;0.0
residential2;5;3;64;159.072;0.0;0.0;0.0
residential2;5;3;65;217.193;0.0;0.0;0.0
residential2;5;3;66;229.166;0.0;0.0;0.0
residential2;5;3;67;208.957;0.0;0.0;0.0
residential2;5;3;68;174.358;0.0;0.0;0.0
residential2;5;3;69;79.863;0.0;0.0;0.0
residential2;5;3;70;102.03;0.0;0.0;0.0
residential2;5;3;71;159.703;0.0;0.0;0.0
residential2;5;3;72;128.249;0.0;0.0;0.0
residential2;5;3;73;135.515;0.0;0.0;0.0
residential2;5;3;74;132.435;0.0;0.0;0.0
residential2;5;3;75;141.456;0.0;0.0;0.0
residential2;5;3;76;137.755;0.0;0.0;0.0
residential2;5;3;77;140.27;0.0;0.0;0.0
residential2;5;3;78;187.909;0.0;0.0;0.0
residential2;5;3;79;132.563;0.0;0.0;0.0
residential2;5;3;80;185.041;0.0;0.0;0.0
residential2;5;3;81;173.712;0.0;0.0;0.0
residential2;5;3;82;190.252;0.0;0.0;0.0
residential2;5;3;83;181.907;0.0;0.0;0.0
residential2;5;3;84;178.817;0.0;0.0;0.0
residential2;5;3;85;217.246;0.0;0.0;0.0
residential2;5;3;86;118.112;0.0;0.0;0.0
residential2;5;3;87;209.994;0.0;0.0;0.0
residential2;5;3;88;218.37;0.0;0.0;0.0
residential2;5;3;89;237.549;0.0;0.0;0.0
residential2;5;3;90;231.147;0.0;0.0;0.0
residential2;5;3;91;223.086;0.0;0.0;0.0
residential2;5;3;92;143.232;0.0;0.0;0.0
residential2;5;3;93;246.437;0.0;0.0;0.0
residential2;5;3;94;240.408;0.0;0.0;0.0
residential2;5;3;95;230.395;0.0;0.0;0.0
residential2;5;3;96;197.986;0.0;0.0;0.0
residential2;5;3;97;205.832;0.0;0.0;0.0
residential2;5;3;98;202.057;0.0;0.0;0.0
residential2;5;3;99;204.52;0.0;0.0;0.0
residential2;5;3;100;201.971;0.0;0.0;0.0
residential2;5;3;101;197.755;0.0;0.0;0.0
residential2;5;3;102;196.606;0.0;0.0;0.0
residential2;5;3;103;215.725;0.0;0.0;0.0
residential2;5;3;104;230.647;0.0;0.0;0.0
residential2;5;3;105;235.31;0.0;0.0;0.0
residential2;5;3;106;250.027;0.0;0.0;0.0
residential2;5;3;107;239.075;0.0;0.0;0.0
residential2;5;3;108;242.543;0.0;0.0;0.0
residential2;5;3;109;234.863;0.0;0.0;0.0
residential2;5;3;110;235.542;0.0;0.0;0.0
residential2;5;3;111;236.504;0.0;0.0;0.0
residential2;5;3;112;250.64;0.0;0.0;0.0
residential2;5;3;113;248.467;0.0;0.0;0.0
residential2;5;3;114;257.01;0.0;0.0;0.0
residential2;5;3;115;254.139;0.0;0.0;0.0
residential2;5;3;116;236.983;0.0;0.0;0.0
residential2;5;3;117;252.941;0.0;0.0;0.0
residential2;5;3;118;235.153;0.0;0.0;0.0
residential2;5;3;119;219.807;0.0;0.0;0.0
residential2;5;3;120;188.786;0.0;0.0;0.0
residential2;5;3;121;197.289;0.0;0.0;0.0
residential2;5;3;122;196.601;0.0;0.0;0.0
residential2;5;3;123;198.41;0.0;0.0;0.0
residential2;5;3;124;201.213;0.0;0.0;0.0
residential2;5;3;125;203.515;0.0;0.0;0.0
residential2;5;3;126;212.531;0.0;0.0;0.0
residential2;5;3;127;244.6;0.0;0.0;0.0
residential2;5;3;128;241.609;0.0;0.0;0.0
residential2;5;3;129;244.297;0.0;0.0;0.0
residential2;5;3;130;238.111;0.0;0.0;0.0
residential2;5;3;131;237.062;0.0;0.0;0.0
residential2;5;3;132;223.601;0.0;0.0;0.0
residential2;5;3;133;215.232;0.0;0.0;0.0
residential2;5;3;134;235.339;0.0;0.0;0.0
residential2;5;3;135;228.777;0.0;0.0;0.0
residential2;5;3;136;240.538;0.0;0.0;0.0
residential2;5;3;137;251.942;0.0;0.0;0.0
residential2;5;3;138;257.179;0.0;0.0;0.0
residential2;5;3;139;271.601;0.0;0.0;0.0
residential2;5;3;140;254.266;0.0;0.0;0.0
residential2;5;3;141;262.906;0.0;0.0;0.0
residential2;5;3;142;263.112;0.0;0.0;0.0
residential2;5;3;143;238.648;0.0;0.0;0.0
residential2;5;3;144;197.692;0.0;0.0;0.0
residential2;5;3;145;203.822;0.0;0.0;0.0
residential2;5;3;146;201.644;0.0;0.0;0.0
residential2;5;3;147;204.687;0.0;0.0;0.0
residential2;5;3;148;203.103;0.0;0.0;0.0
residential2;5;3;149;206.166;0.0;0.0;0.0
residential2;5;3;150;211.231;0.0;0.0;0.0
residential2;5;3;151;226.539;0.0;0.0;0.0
residential2;5;3;152;245.641;0.0;0.0;0.0
residential2;5;3;153;217.585;0.0;0.0;0.0
residential2;5;3;154;205.311;0.0;0.0;0.0
residential2;5;3;155;192.626;0.0;0.0;0.0
residential2;5;3;156;190.236;0.0;0.0;0.0
residential2;5;3;157;215.611;0.0;0.0;0.0
residential2;5;3;158;157.979;0.0;0.0;0.0
residential2;5;3;159;189.337;0.0;0.0;0.0
residential2;5;3;160;186.126;0.0;0.0;0.0
residential2;5;3;161;206.521;0.0;0.0;0.0
residential2;5;3;162;206.664;0.0;0.0;0.0
residential2;5;3;163;222.014;0.0;0.0;0.0
residential2;5;3;164;195.624;0.0;0.0;0.0
residential2;5;3;165;206.848;0.0;0.0;0.0
residential2;5;3;166;236.722;0.0;0.0;0.0
residential2;5;3;167;220.636;0.0;0.0;0.0
residential2;10;0;0;182.865;0.0;0.0;0.0
residential2;10;0;1;188.462;0.0;0.0;0.0
residential2;10;0;2;9.868;0.0;0.0;0.0
residential2;10;0;3;88.323;0.0;0.0;0.0
residential2;10;0;4;150.07;0.0;0.0;0.0
residential2;10;0;5;152.257;0.0;0.0;0.0
residential2;10;0;6;167.895;0.0;0.0;0.0
residential2;10;0;7;190.152;0.0;0.0;0.0
residential2;10;0;8;171.045;0.0;0.0;0.0
residential2;10;0;9;161.355;0.0;0.0;0.0
residential2;10;0;10;135.112;0.0;0.0;0.0
residential2;10;0;11;126.647;0.0;0.0;0.0
residential2;10;0;12;121.249;0.0;0.0;0.0
residential2;10;0;13;110.153;0.0;0.0;0.0
residential2;10;0;14;198.405;0.0;0.0;0.0
residential2;10;0;15;106.178;0.0;0.0;0.0
residential2;10;0;16;189.824;0.0;0.0;0.0
residential2;10;0;17;56.5;0.0;0.0;0.0
residential2;10;0;18;208.708;0.0;0.0;0.0
residential2;10;0;19;73.629;0.0;0.0;0.0
residential2;10;0;20;233.57;0.0;0.0;0.0
residential2;10;0;21;159.385;0.0;0.0;0.0
residential2;10;0;22;158.337;0.0;0.0;0.0
residential2;10;0;23;36.401;0.0;0.0;0.0
residential2;10;0;24;40.474;0.0;0.0;0.0
residential2;10;0;25;138.191;0.0;0.0;0.0
residential2;10;0;26;138.593;0.0;0.0;0.0
residential2;10;0;27;146.618;0.0;0.0;0.0
residential2;10;0;28;148.198;0.0;0.0;0.0
residential2;10;0;29;194.828;0.0;0.0;0.0
residential2;10;0;30;136.492;0.0;0.0;0.0
residential2;10;0;31;204.331;0.0;0.0;0.0
residential2;10;0;32;201.489;0.0;0.0;0.0
residential2;10;0;33;187.341;0.0;0.0;0.0
residential2;10;0;34;178.84;0.0;0.0;0.0
residential2;10;0;35;172.327;0.0;1.676;0.0
residential2;10;0;36;212.999;0.0;0.0;0.0
residential2;10;0;37;65.819;0.0;47.519;0.0
residential2;10;0;38;93.656;0.0;68.216;0.0
residential2;10;0;39;123.201;0.0;35.417;0.0
residential2;10;0;40;159.882;0.0;0.0;0.0
residential2;10;0;41;177.869;0.0;0.0;0.0
residential2;10;0;42;186.342;0.0;0.0;0.0
residential2;10;0;43;183.324;0.0;0.0;0.0
residential2;10;0;44;193.12;0.0;0.0;0.0
residential2;10;0;45;191.044;0.0;0.0;0.0
residential2;10;0;46;173.454;0.0;0.0;0.0
residential2;10;0;47;162.904;0.0;0.0;0.0
residential2;10;0;48;109.973;0.0;0.0;0.0
residential2;10;0;49;117.476;0.0;0.0;0.0
residential2;10;0;50;113.73;0.0;0.0;0.0
residential2;10;0;51;117.16;0.0;0.0;0.0
residential2;10;0;52;117.025;0.0;0.0;0.0
residential2;10;0;53;119.281;0.0;0.0;0.0
residential2;10;0;54;123.72;0.0;0.0;0.0
residential2;10;0;55;170.392;0.0;0.0;0.0
residential2;10;0;56;192.666;0.0;0.0;0.0
residential2;10;0;57;148.409;0.0;0.0;0.0
residential2;10;0;58;133.959;0.0;0.001;0.0
residential2;10;0;59;128.151;0.0;0.0;0.0
residential2;10;0;60;110.546;0.0;0.0;0.0
residential2;10;0;61;103.404;0.0;0.0;0.0
residential2;10;0;62;99.712;0.0;0.0;0.0
residential2;10;0;63;103.067;0.0;0.0;0.0
residential2;10;0;64;101.447;0.0;2.146;0.0
residential2;10;0;65;99.64;0.0;0.0;0.0
residential2;10;0;66;115.55;0.0;0.0;0.0
residential2;10;0;67;219.102;0.0;0.0;0.0
residential2;10;0;68;73.123;0.0;0.0;0.0
residential2;10;0;69;58.384;0.0;0.0;0.0
residential2;10;0;70;118.754;0.0;0.0;0.0
residential2;10;0;71;104.202;0.0;0.0;0.0
residential2;10;0;72;143.66;0.0;0.0;0.0
residential2;10;0;73;17.397;0.0;0.0;0.0
residential2;10;0;74;82.817;0.0;0.0;0.0
residential2;10;0;75;86.931;0.0;0.0;0.0
residential2;10;0;76;82.73;0.0;0.0;0.0
residential2;10;0;77;85.068;0.0;0.0;0.0
residential2;10;0;78;88.149;0.0;0.0;0.0
residential2;10;0;79;118.043;0.0;0.0;0.0
residential2;10;0;80;128.829;0.0;0.0;0.0
residential2;10;0;81;113.688;0.0;0.0;0.0
residential2;10;0;82;108.932;0.0;0.0;0.0
residential2;10;0;83;95.717;0.0;0.0;0.0
residential2;10;0;84;104.999;0.0;0.0;0.0
residential2;10;0;85;102.422;0.0;0.0;0.0
residential2;10;0;86;98.562;0.0;0.0;0.0
residential2;10;0;87;99.556;0.0;0.0;0.0
residential2;10;0;88;183.571;0.0;0.0;0.0
residential2;10;0;89;177.19;0.0;0.0;0.0
residential2;10;0;90;44.815;0.0;0.0;0.0
residential2;10;0;91;188.843;0.0;0.0;0.0
residential2;10;0;92;58.98;0.0;0.0;0.0
residential2;10;0;93;222.488;0.0;0.0;0.0
residential2;10;0;94;50.693;0.0;0.0;0.0
residential2;10;0;95;212.142;0.0;0.0;0.0
residential2;10;0;96;144.747;0.0;0.0;0.0
residential2;10;0;97;144.955;0.0;0.0;0.0
residential2;10;0;98;150.119;0.0;0.0;0.0
residential2;10;0;99;12.277;0.0;0.0;0.0
residential2;10;0;100;104.619;0.0;0.0;0.0
residential2;10;0;101;163.631;0.0;0.0;0.0
residential2;10;0;102;181.578;0.0;0.0;0.0
residential2;10;0;103;200.521;0.0;0.0;0.0
residential2;10;0;104;195.691;0.0;0.0;0.0
residential2;10;0;105;201.353;0.0;0.0;0.0
residential2;10;0;106;173.719;0.0;0.0;0.0
residential2;10;0;107;182.034;0.0;0.0;0.0
residential2;10;0;108;174.072;0.0;0.0;0.0
residential2;10;0;109;171.9;0.0;0.0;0.0
residential2;10;0;110;165.317;0.0;0.0;0.0
residential2;10;0;111;149.37;0.0;0.0;0.0
residential2;10;0;112;160.785;0.0;0.0;0.0
residential2;10;0;113;153.427;0.0;0.0;0.0
residential2;10;0;114;179.2;0.0;0.0;0.0
residential2;10;0;115;244.17;0.0;0.0;0.0
residential2;10;0;116;241.484;0.0;0.0;0.0
residential2;10;0;117;232.824;0.0;0.0;0.0
residential2;10;0;118;172.409;0.0;0.0;0.0
residential2;10;0;119;175.297;0.0;0.0;0.0
residential2;10;0;120;7.503;0.0;0.0;0.0
residential2;10;0;121;95.482;0.0;0.0;0.0
residential2;10;0;122;161.141;0.0;0.0;0.0
residential2;10;0;123;162.324;0.0;0.0;0.0
residential2;10;0;124;161.814;0.0;0.0;0.0
residential2;10;0;125;170.54;0.0;0.0;0.0
residential2;10;0;126;189.945;0.0;0.0;0.0
residential2;10;0;127;216.44;0.0;0.0;0.0
residential2;10;0;128;201.951;0.0;0.0;0.0
residential2;10;0;129;194.021;0.0;0.0;0.0
residential2;10;0;130;177.772;0.0;0.0;0.0
residential2;10;0;131;181.043;0.0;0.0;0.0
residential2;10;0;132;166.188;0.0;0.0;0.0
residential2;10;0;133;154.075;0.0;0.0;0.0
residential2;10;0;134;202.361;0.0;0.0;0.0
residential2;10;0;135;206.497;0.0;0.0;0.0
residential2;10;0;136;221.549;0.0;0.0;0.0
residential2;10;0;137;62.195;0.0;0.0;0.0
residential2;10;0;138;111.467;0.0;0.0;0.0
residential2;10;0;139;238.566;0.0;0.0;0.0
residential2;10;0;140;236.384;0.0;0.0;0.0
residential2;10;0;141;248.902;0.0;0.0;0.0
residential2;10;0;142;255.719;0.0;0.0;0.0
residential2;10;0;143;131.79;0.0;0.0;0.0
residential2;10;0;144;7.598;0.0;0.0;0.0
residential2;10;0;145;170.897;0.0;0.0;0.0
residential2;10;0;146;171.048;0.0;0.0;0.0
residential2;10;0;147;173.494;0.0;0.0;0.0
residential2;10;0;148;176.917;0.0;0.0;0.0
residential2;10;0;149;183.09;0.0;0.0;0.0
residential2;10;0;150;196.651;0.0;0.0;0.0
residential2;10;0;151;218.672;0.0;0.0;0.0
residential2;10;0;152;216.226;0.0;0.0;0.0
residential2;10;0;153;205.064;0.0;1.831;0.0
residential2;10;0;154;161.355;0.0;32.613;0.0
residential2;10;0;155;181.623;0.0;0.0;0.0
residential2;10;0;156;145.123;0.0;30.442;0.0
residential2;10;0;157;150.649;0.0;0.0;0.0
residential2;10;0;158;141.983;0.0;0.0;0.0
residential2;10;0;159;146.373;0.0;0.0;0.0
residential2;10;0;160;210.2;0.0;0.0;0.0
residential2;10;0;161;67.916;0.0;0.0;0.0
residential2;10;0;162;220.195;0.0;0.0;0.0
residential2;10;0;163;224.979;0.0;0.0;0.0
residential2;10;0;164;235.675;0.0;0.0;0.0
residential2;10;0;165;117.651;0.0;0.0;0.0
residential2;10;0;166;239.462;0.0;0.0;0.0
residential2;10;0;167;39.955;0.0;0.0;0.0
residential2;10;1;0;7.529;0.0;0.0;0.0
residential2;10;1;1;12.166;0.0;0.0;0.0
residential2;10;1;2;9.759;0.0;0.0;0.0
residential2;10;1;3;12.531;0.0;0.0;0.0
residential2;10;1;4;11.731;0.0;0.0;0.0
residential2;10;1;5;11.157;0.0;0.0;0.0
residential2;10;1;6;17.907;0.0;0.0;0.0
residential2;10;1;7;21.318;0.0;14.251;0.0
residential2;10;1;8;0.0;0.0;43.38;0.0
residential2;10;1;9;0.0;0.0;47.579;0.0
residential2;10;1;10;0.0;0.0;56.187;0.0
residential2;10;1;11;0.0;0.0;39.313;0.0
residential2;10;1;12;0.0;0.0;43.482;0.0
residential2;10;1;13;0.0;0.0;47.751;0.0
residential2;10;1;14;0.0;0.0;41.271;0.0
residential2;10;1;15;0.0;0.0;39.599;0.0
residential2;10;1;16;0.0;0.0;46.579;0.0
residential2;10;1;17;0.0;0.0;49.974;0.0
residential2;10;1;18;89.841;0.0;0.0;0.0
residential2;10;1;19;68.97;0.0;0.0;0.0
residential2;10;1;20;69.913;0.0;0.0;0.0
residential2;10;1;21;65.959;0.0;0.0;0.0
residential2;10;1;22;63.839;0.0;0.0;0.0
residential2;10;1;23;48.306;0.0;0.0;0.0
residential2;10;1;24;8.453;0.0;0.0;0.0
residential2;10;1;25;10.145;0.0;0.0;0.0
residential2;10;1;26;12.148;0.0;0.0;0.0
residential2;10;1;27;11.071;0.0;0.0;0.0
residential2;10;1;28;11.745;0.0;0.0;0.0
residential2;10;1;29;18.617;0.0;0.0;0.0
residential2;10;1;30;15.305;0.0;0.0;0.0
residential2;10;1;31;46.999;0.0;0.0;0.0
residential2;10;1;32;0.0;0.0;44.252;0.0
residential2;10;1;33;0.0;0.0;42.066;0.0
residential2;10;1;34;0.0;0.0;40.184;0.0
residential2;10;1;35;0.0;0.0;39.232;0.0
residential2;10;1;36;0.0;0.0;35.569;0.0
residential2;10;1;37;0.0;0.0;38.258;0.0
residential2;10;1;38;0.0;0.0;35.737;0.0
residential2;10;1;39;0.0;0.0;40.797;0.0
residential2;10;1;40;0.0;0.0;48.577;0.0
residential2;10;1;41;76.687;0.0;27.859;0.0
residential2;10;1;42;26.676;0.0;16.77;0.0
residential2;10;1;43;73.201;0.0;0.0;0.0
residential2;10;1;44;65.368;0.0;0.0;0.0
residential2;10;1;45;74.74;0.0;0.0;0.0
residential2;10;1;46;79.871;0.0;0.0;0.0
residential2;10;1;47;36.799;0.0;0.0;0.0
residential2;10;1;48;7.558;0.0;0.0;0.0
residential2;10;1;49;11.075;0.0;0.0;0.0
residential2;10;1;50;11.445;0.0;0.0;0.0
residential2;10;1;51;11.457;0.0;0.0;0.0
residential2;10;1;52;9.816;0.0;0.0;0.0
residential2;10;1;53;10.751;0.0;0.0;0.0
residential2;10;1;54;11.091;0.0;0.0;0.0
residential2;10;1;55;32.752;0.0;0.0;0.0
residential2;10;1;56;0.0;0.0;41.68;0.0
residential2;10;1;57;0.0;0.0;38.964;0.0
residential2;10;1;58;0.0;0.0;45.591;0.0
residential2;10;1;59;0.0;0.0;48.321;0.0
residential2;10;1;60;0.0;0.0;43.229;0.0
residential2;10;1;61;0.0;0.0;35.892;0.0
residential2;10;1;62;0.0;0.0;39.81;0.0
residential2;10;1;63;94.536;0.0;0.0;0.0
residential2;10;1;64;0.0;0.0;33.06;0.0
residential2;10;1;65;0.0;0.0;37.919;0.0
residential2;10;1;66;50.193;0.0;0.0;0.0
residential2;10;1;67;60.729;0.0;0.0;0.0
residential2;10;1;68;79.498;0.0;0.0;0.0
residential2;10;1;69;71.926;0.0;0.0;0.0
residential2;10;1;70;54.205;0.0;0.0;0.0
residential2;10;1;71;47.046;0.0;0.0;0.0
residential2;10;1;72;7.482;0.0;0.0;0.0
residential2;10;1;73;11.424;0.0;0.0;0.0
residential2;10;1;74;10.566;0.0;0.0;0.0
residential2;10;1;75;10.401;0.0;0.0;0.0
residential2;10;1;76;11.218;0.0;0.0;0.0
residential2;10;1;77;14.061;0.0;0.0;0.0
residential2;10;1;78;14.356;0.0;0.0;0.0
residential2;10;1;79;5.664;0.0;10.578;0.0
residential2;10;1;80;0.0;0.0;36.68;0.0
residential2;10;1;81;0.0;0.0;51.64;0.0
residential2;10;1;82;0.0;0.0;48.76;0.0
residential2;10;1;83;0.0;0.0;43.911;0.0
residential2;10;1;84;0.0;0.0;41.477;0.0
residential2;10;1;85;0.0;0.0;34.893;0.0
residential2;10;1;86;0.0;0.0;43.58;0.0
residential2;10;1;87;0.0;0.0;84.25;0.0
residential2;10;1;88;0.0;0.0;39.183;0.0
residential2;10;1;89;0.0;0.0;45.756;0.0
residential2;10;1;90;20.183;0.0;18.361;0.0
residential2;10;1;91;58.075;0.0;0.0;0.0
residential2;10;1;92;60.634;0.0;0.0;0.0
residential2;10;1;93;48.063;0.0;0.0;0.0
residential2;10;1;94;52.452;0.0;0.0;0.0
residential2;10;1;95;40.887;0.0;0.0;0.0
residential2;10;1;96;7.412;0.0;0.0;0.0
residential2;10;1;97;11.068;0.0;0.0;0.0
residential2;10;1;98;10.624;0.0;0.0;0.0
residential2;10;1;99;10.421;0.0;0.0;0.0
residential2;10;1;100;9.254;0.0;0.0;0.0
residential2;10;1;101;11.839;0.0;0.0;0.0
residential2;10;1;102;15.644;0.0;0.0;0.0
residential2;10;1;103;17.247;0.0;5.702;0.0
residential2;10;1;104;0.0;0.0;30.946;0.0
residential2;10;1;105;0.0;0.0;51.221;0.0
residential2;10;1;106;0.0;0.0;48.432;0.0
residential2;10;1;107;0.0;0.0;51.684;0.0
residential2;10;1;108;0.0;0.0;52.231;0.0
residential2;10;1;109;0.0;0.0;48.489;0.0
residential2;10;1;110;0.0;0.0;55.886;0.0
residential2;10;1;111;0.0;0.0;50.448;0.0
residential2;10;1;112;0.0;0.0;46.586;0.0
residential2;10;1;113;95.507;0.0;3.082;0.0
residential2;10;1;114;35.612;0.0;11.02;0.0
residential2;10;1;115;60.103;0.0;0.0;0.0
residential2;10;1;116;61.515;0.0;0.0;0.0
residential2;10;1;117;55.863;0.0;0.0;0.0
residential2;10;1;118;63.102;0.0;0.0;0.0
residential2;10;1;119;41.108;0.0;0.0;0.0
residential2;10;1;120;7.619;0.0;0.0;0.0
residential2;10;1;121;11.147;0.0;0.0;0.0
residential2;10;1;122;9.85;0.0;0.0;0.0
residential2;10;1;123;11.929;0.0;0.0;0.0
residential2;10;1;124;10.074;0.0;0.0;0.0
residential2;10;1;125;13.56;0.0;0.0;0.0
residential2;10;1;126;12.101;0.0;0.0;0.0
residential2;10;1;127;43.804;0.0;0.0;0.0
residential2;10;1;128;0.0;0.0;41.745;0.0
residential2;10;1;129;0.0;0.0;41.439;0.0
residential2;10;1;130;0.0;0.0;43.111;0.0
residential2;10;1;131;0.0;0.0;35.573;0.0
residential2;10;1;132;0.0;0.0;44.571;0.0
residential2;10;1;133;0.0;0.0;35.018;0.0
residential2;10;1;134;0.0;0.0;38.909;0.0
residential2;10;1;135;0.0;0.0;34.046;0.0
residential2;10;1;136;0.0;0.0;42.304;0.0
residential2;10;1;137;67.059;0.0;27.834;0.0
residential2;10;1;138;41.282;0.0;6.211;0.0
residential2;10;1;139;74.199;0.0;0.0;0.0
residential2;10;1;140;71.958;0.0;0.0;0.0
residential2;10;1;141;78.264;0.0;0.0;0.0
residential2;10;1;142;57.149;0.0;0.0;0.0
residential2;10;1;143;58.087;0.0;0.0;0.0
residential2;10;1;144;7.461;0.0;0.0;0.0
residential2;10;1;145;12.297;0.0;0.0;0.0
residential2;10;1;146;11.135;0.0;0.0;0.0
residential2;10;1;147;11.104;0.0;0.0;0.0
residential2;10;1;148;9.835;0.0;0.0;0.0
residential2;10;1;149;11.968;0.0;0.0;0.0
residential2;10;1;150;14.53;0.0;0.0;0.0
residential2;10;1;151;37.994;0.0;0.0;0.0
residential2;10;1;152;0.0;0.0;41.161;0.0
residential2;10;1;153;0.0;0.0;48.001;0.0
residential2;10;1;154;0.0;0.0;37.653;0.0
residential2;10;1;155;0.0;0.0;41.378;0.0
residential2;10;1;156;0.0;0.0;45.703;0.0
residential2;10;1;157;0.0;0.0;48.095;0.0
residential2;10;1;158;0.0;0.0;40.561;0.0
residential2;10;1;159;27.25;0.0;89.15;0.0
residential2;10;1;160;0.0;0.0;46.533;0.0
residential2;10;1;161;17.251;0.0;32.584;0.0
residential2;10;1;162;22.702;0.0;25.625;0.0
residential2;10;1;163;86.572;0.0;0.0;0.0
residential2;10;1;164;73.365;0.0;0.0;0.0
residential2;10;1;165;70.574;0.0;0.0;0.0
residential2;10;1;166;68.77;0.0;0.0;0.0
residential2;10;1;167;55.211;0.0;0.0;0.0
residential2;10;2;0;7.519;0.0;0.0;0.0
residential2;10;2;1;19.89;0.0;0.0;0.0
residential2;10;2;2;155.121;0.0;0.0;0.0
residential2;10;2;3;12.89;0.0;0.0;0.0
residential2;10;2;4;65.762;0.0;0.0;0.0
residential2;10;2;5;159.61;0.0;0.0;0.0
residential2;10;2;6;19.58;0.0;0.0;0.0
residential2;10;2;7;60.827;0.0;0.0;0.0
residential2;10;2;8;54.34;0.0;6.609;0.0
residential2;10;2;9;27.44;0.0;82.374;0.0
residential2;10;2;10;0.0;0.0;95.371;0.0
residential2;10;2;11;0.0;0.0;88.64;0.0
residential2;10;2;12;0.0;0.0;75.092;0.0
residential2;10;2;13;0.0;0.0;65.118;0.0
residential2;10;2;14;25.642;0.0;48.127;0.0
residential2;10;2;15;79.987;0.0;16.757;0.0
residential2;10;2;16;174.909;0.0;15.928;0.0
residential2;10;2;17;87.337;0.0;0.001;0.0
residential2;10;2;18;56.416;0.0;0.0;0.0
residential2;10;2;19;154.012;0.0;0.0;0.0
residential2;10;2;20;115.83;0.0;0.0;0.0
residential2;10;2;21;61.892;0.0;0.0;0.0
residential2;10;2;22;171.91;0.0;0.0;0.0
residential2;10;2;23;70.081;0.0;0.0;0.0
residential2;10;2;24;7.566;0.0;0.0;0.0
residential2;10;2;25;11.725;0.0;0.0;0.0
residential2;10;2;26;174.683;0.0;0.0;0.0
residential2;10;2;27;10.748;0.0;0.0;0.0
residential2;10;2;28;177.188;0.0;0.0;0.0
residential2;10;2;29;28.98;0.0;0.0;0.0
residential2;10;2;30;124.358;0.0;0.0;0.0
residential2;10;2;31;148.944;0.0;0.0;0.0
residential2;10;2;32;136.592;0.0;24.576;0.0
residential2;10;2;33;69.195;0.0;68.802;0.0
residential2;10;2;34;0.0;0.0;121.389;0.0
residential2;10;2;35;0.0;0.0;110.452;0.0
residential2;10;2;36;0.0;0.0;92.831;0.0
residential2;10;2;37;0.0;0.0;77.98;0.0
residential2;10;2;38;0.0;0.0;68.529;0.0
residential2;10;2;39;0.0;0.0;54.305;0.0
residential2;10;2;40;168.589;0.0;16.594;0.0
residential2;10;2;41;106.637;0.0;0.001;0.0
residential2;10;2;42;95.962;0.0;0.0;0.0
residential2;10;2;43;95.454;0.0;0.0;0.0
residential2;10;2;44;102.028;0.0;0.0;0.0
residential2;10;2;45;94.31;0.0;0.0;0.0
residential2;10;2;46;56.144;0.0;0.0;0.0
residential2;10;2;47;43.666;0.0;0.0;0.0
residential2;10;2;48;7.554;0.0;0.0;0.0
residential2;10;2;49;9.184;0.0;0.0;0.0
residential2;10;2;50;50.121;0.0;0.0;0.0
residential2;10;2;51;51.363;0.0;0.0;0.0
residential2;10;2;52;52.063;0.0;0.0;0.0
residential2;10;2;53;53.957;0.0;0.0;0.0
residential2;10;2;54;53.512;0.0;0.0;0.0
residential2;10;2;55;88.764;0.0;0.0;0.0
residential2;10;2;56;105.476;0.0;0.0;0.0
residential2;10;2;57;80.095;0.0;0.0;0.0
residential2;10;2;58;76.133;0.0;0.0;0.0
residential2;10;2;59;66.459;0.0;0.001;0.0
residential2;10;2;60;59.848;0.0;0.001;0.0
residential2;10;2;61;48.428;0.0;0.0;0.0
residential2;10;2;62;56.143;0.0;0.0;0.0
residential2;10;2;63;50.302;0.0;0.0;0.0
residential2;10;2;64;79.739;0.0;0.0;0.0
residential2;10;2;65;194.831;0.0;0.0;0.0
residential2;10;2;66;64.171;0.0;0.0;0.0
residential2;10;2;67;72.839;0.0;0.0;0.0
residential2;10;2;68;85.975;0.0;0.0;0.0
residential2;10;2;69;69.631;0.0;0.0;0.0
residential2;10;2;70;62.278;0.0;0.0;0.0
residential2;10;2;71;33.443;0.0;0.0;0.0
residential2;10;2;72;10.713;0.0;0.0;0.0
residential2;10;2;73;49.127;0.0;0.0;0.0
residential2;10;2;74;46.968;0.0;0.0;0.0
residential2;10;2;75;51.222;0.0;0.0;0.0
residential2;10;2;76;49.894;0.0;0.0;0.0
residential2;10;2;77;50.321;0.0;0.0;0.0
residential2;10;2;78;52.436;0.0;0.0;0.0
residential2;10;2;79;81.367;0.0;0.0;0.0
residential2;10;2;80;96.676;0.0;0.0;0.0
residential2;10;2;81;78.853;0.0;9.84;0.0
residential2;10;2;82;76.324;0.0;0.0;0.0
residential2;10;2;83;41.471;0.0;24.174;0.0
residential2;10;2;84;0.0;0.0;63.631;0.0
residential2;10;2;85;10.855;0.0;49.588;0.0
residential2;10;2;86;178.551;0.0;0.0;0.0
residential2;10;2;87;78.636;0.0;0.0;0.0
residential2;10;2;88;42.167;0.0;0.0;0.0
residential2;10;2;89;57.258;0.0;0.001;0.0
residential2;10;2;90;66.474;0.0;0.0;0.0
residential2;10;2;91;67.656;0.0;0.0;0.0
residential2;10;2;92;205.681;0.0;0.0;0.0
residential2;10;2;93;92.993;0.0;0.0;0.0
residential2;10;2;94;60.145;0.0;0.0;0.0
residential2;10;2;95;92.493;0.0;0.0;0.0
residential2;10;2;96;7.501;0.0;0.0;0.0
residential2;10;2;97;15.296;0.0;0.0;0.0
residential2;10;2;98;82.337;0.0;0.0;0.0
residential2;10;2;99;162.134;0.0;0.0;0.0
residential2;10;2;100;82.527;0.0;0.0;0.0
residential2;10;2;101;12.258;0.0;0.0;0.0
residential2;10;2;102;103.811;0.0;0.0;0.0
residential2;10;2;103;117.186;0.0;0.0;0.0
residential2;10;2;104;132.356;0.0;1.728;0.0
residential2;10;2;105;63.493;0.0;62.349;0.0
residential2;10;2;106;60.556;0.0;52.594;0.0
residential2;10;2;107;100.997;0.0;17.557;0.0
residential2;10;2;108;57.861;0.0;55.336;0.0
residential2;10;2;109;108.968;0.0;43.568;0.0
residential2;10;2;110;6.706;0.0;34.161;0.0
residential2;10;2;111;97.364;0.0;0.0;0.0
residential2;10;2;112;117.662;0.0;0.0;0.0
residential2;10;2;113;107.941;0.0;0.0;0.0
residential2;10;2;114;125.925;0.0;0.0;0.0
residential2;10;2;115;130.518;0.0;0.0;0.0
residential2;10;2;116;138.776;0.0;0.0;0.0
residential2;10;2;117;124.55;0.0;0.0;0.0
residential2;10;2;118;119.972;0.0;0.0;0.0
residential2;10;2;119;194.185;0.0;0.0;0.0
residential2;10;2;120;7.595;0.0;0.0;0.0
residential2;10;2;121;152.068;0.0;0.0;0.0
residential2;10;2;122;9.93;0.0;0.0;0.0
residential2;10;2;123;90.219;0.0;0.0;0.0
residential2;10;2;124;93.236;0.0;0.0;0.0
residential2;10;2;125;93.954;0.0;0.0;0.0
residential2;10;2;126;109.836;0.0;0.0;0.0
residential2;10;2;127;132.75;0.0;0.0;0.0
residential2;10;2;128;149.552;0.0;0.0;0.0
residential2;10;2;129;120.647;0.0;0.0;0.0
residential2;10;2;130;117.005;0.0;0.001;0.0
residential2;10;2;131;102.624;0.0;0.001;0.0
residential2;10;2;132;75.148;0.0;21.961;0.0
residential2;10;2;133;30.877;0.0;59.604;0.0
residential2;10;2;134;176.053;0.0;0.0;0.0
residential2;10;2;135;145.292;0.0;0.0;0.0
residential2;10;2;136;54.745;0.0;0.0;0.0
residential2;10;2;137;59.686;0.0;0.0;0.0
residential2;10;2;138;63.869;0.0;0.0;0.0
residential2;10;2;139;230.379;0.0;0.0;0.0
residential2;10;2;140;81.72;0.0;0.0;0.0
residential2;10;2;141;76.027;0.0;0.0;0.0
residential2;10;2;142;192.575;0.0;0.0;0.0
residential2;10;2;143;47.912;0.0;0.0;0.0
residential2;10;2;144;78.465;0.0;0.0;0.0
residential2;10;2;145;86.381;0.0;0.0;0.0
residential2;10;2;146;87.869;0.0;0.0;0.0
residential2;10;2;147;88.968;0.0;0.0;0.0
residential2;10;2;148;90.92;0.0;0.0;0.0
residential2;10;2;149;89.267;0.0;0.0;0.0
residential2;10;2;150;105.237;0.0;0.0;0.0
residential2;10;2;151;133.546;0.0;0.0;0.0
residential2;10;2;152;122.781;0.0;0.0;0.0
residential2;10;2;153;119.13;0.0;0.0;0.0
residential2;10;2;154;126.329;0.0;0.0;0.0
residential2;10;2;155;102.195;0.0;0.0;0.0
residential2;10;2;156;98.033;0.0;0.0;0.0
residential2;10;2;157;105.479;0.0;0.0;0.0
residential2;10;2;158;85.828;0.0;0.0;0.0
residential2;10;2;159;75.1;0.0;0.0;0.0
residential2;10;2;160;90.397;0.0;0.0;0.0
residential2;10;2;161;96.008;0.0;0.0;0.0
residential2;10;2;162;106.905;0.0;0.0;0.0
residential2;10;2;163;111.751;0.0;0.0;0.0
residential2;10;2;164;111.779;0.0;0.0;0.0
residential2;10;2;165;111.095;0.0;0.0;0.0
residential2;10;2;166;115.043;0.0;0.0;0.0
residential2;10;2;167;163.783;0.0;0.0;0.0
residential2;10;3;0;90.119;0.0;0.0;0.0
residential2;10;3;1;175.46;0.0;0.0;0.0
residential2;10;3;2;175.066;0.0;0.0;0.0
residential2;10;3;3;177.391;0.0;0.0;0.0
residential2;10;3;4;198.776;0.0;0.0;0.0
residential2;10;3;5;167.044;0.0;0.0;0.0
residential2;10;3;6;206.579;0.0;0.0;0.0
residential2;10;3;7;232.999;0.0;0.0;0.0
residential2;10;3;8;237.035;0.0;0.0;0.0
residential2;10;3;9;215.593;0.0;0.0;0.0
residential2;10;3;10;207.771;0.0;0.0;0.0
residential2;10;3;11;188.646;0.0;0.0;0.0
residential2;10;3;12;187.24;0.0;0.0;0.0
residential2;10;3;13;136.79;0.0;35.901;0.0
residential2;10;3;14;174.563;0.0;32.656;0.0
residential2;10;3;15;200.113;0.0;0.0;0.0
residential2;10;3;16;224.625;0.0;0.0;0.0
residential2;10;3;17;154.582;0.0;0.0;0.0
residential2;10;3;18;234.735;0.0;0.0;0.0
residential2;10;3;19;72.949;0.0;0.0;0.0
residential2;10;3;20;144.245;0.0;0.0;0.0
residential2;10;3;21;220.871;0.0;0.0;0.0
residential2;10;3;22;251.268;0.0;0.0;0.0
residential2;10;3;23;242.671;0.0;0.0;0.0
residential2;10;3;24;195.983;0.0;0.0;0.0
residential2;10;3;25;64.327;0.0;0.0;0.0
residential2;10;3;26;179.516;0.0;0.0;0.0
residential2;10;3;27;181.05;0.0;0.0;0.0
residential2;10;3;28;185.725;0.0;0.0;0.0
residential2;10;3;29;190.678;0.0;0.0;0.0
residential2;10;3;30;204.301;0.0;0.0;0.0
residential2;10;3;31;233.758;0.0;0.0;0.0
residential2;10;3;32;232.371;0.0;0.0;0.0
residential2;10;3;33;223.04;0.0;0.0;0.0
residential2;10;3;34;209.551;0.0;0.0;0.0
residential2;10;3;35;188.965;0.0;0.0;0.0
residential2;10;3;36;196.5;0.0;0.0;0.0
residential2;10;3;37;187.787;0.0;0.0;0.0
residential2;10;3;38;198.631;0.0;0.0;0.0
residential2;10;3;39;199.895;0.0;0.0;0.0
residential2;10;3;40;213.021;0.0;0.0;0.0
residential2;10;3;41;218.324;0.0;0.0;0.0
residential2;10;3;42;230.237;0.0;0.0;0.0
residential2;10;3;43;231.179;0.0;0.0;0.0
residential2;10;3;44;233.73;0.0;0.0;0.0
residential2;10;3;45;216.58;0.0;0.0;0.0
residential2;10;3;46;209.689;0.0;0.0;0.0
residential2;10;3;47;175.147;0.0;0.0;0.0
residential2;10;3;48;125.429;0.0;0.0;0.0
residential2;10;3;49;121.035;0.0;0.0;0.0
residential2;10;3;50;118.395;0.0;0.0;0.0
residential2;10;3;51;115.472;0.0;0.0;0.0
residential2;10;3;52;115.581;0.0;0.0;0.0
residential2;10;3;53;114.905;0.0;0.0;0.0
residential2;10;3;54;119.077;0.0;0.0;0.0
residential2;10;3;55;164.207;0.0;0.0;0.0
residential2;10;3;56;189.728;0.0;0.0;0.0
residential2;10;3;57;146.993;0.0;0.0;0.0
residential2;10;3;58;153.164;0.0;0.0;0.0
residential2;10;3;59;147.421;0.0;0.0;0.0
residential2;10;3;60;136.422;0.0;0.0;0.0
residential2;10;3;61;139.755;0.0;0.0;0.0
residential2;10;3;62;125.581;0.0;0.0;0.0
residential2;10;3;63;134.742;0.0;0.0;0.0
residential2;10;3;64;150.28;0.0;0.0;0.0
residential2;10;3;65;217.193;0.0;0.0;0.0
residential2;10;3;66;229.166;0.0;0.0;0.0
residential2;10;3;67;183.929;0.0;0.0;0.0
residential2;10;3;68;164.808;0.0;0.0;0.0
residential2;10;3;69;79.863;0.0;0.0;0.0
residential2;10;3;70;81.94;0.0;0.0;0.0
residential2;10;3;71;149.885;0.0;0.0;0.0
residential2;10;3;72;118.1;0.0;0.0;0.0
residential2;10;3;73;125.305;0.0;0.0;0.0
residential2;10;3;74;121.989;0.0;0.0;0.0
residential2;10;3;75;130.648;0.0;0.0;0.0
residential2;10;3;76;127.028;0.0;0.0;0.0
residential2;10;3;77;129.416;0.0;0.0;0.0
residential2;10;3;78;187.909;0.0;0.0;0.0
residential2;10;3;79;108.449;0.0;0.0;0.0
residential2;10;3;80;171.282;0.0;0.0;0.0
residential2;10;3;81;162.12;0.0;0.0;0.0
residential2;10;3;82;178.652;0.0;0.0;0.0
residential2;10;3;83;170.322;0.0;0.0;0.0
residential2;10;3;84;167.827;0.0;0.0;0.0
residential2;10;3;85;217.246;0.0;0.0;0.0
residential2;10;3;86;96.883;0.0;0.0;0.0
residential2;10;3;87;209.994;0.0;0.0;0.0
residential2;10;3;88;189.95;0.0;0.0;0.0
residential2;10;3;89;237.549;0.0;0.0;0.0
residential2;10;3;90;231.147;0.0;0.0;0.0
residential2;10;3;91;130.86;0.0;0.0;0.0
residential2;10;3;92;63.903;0.0;0.0;0.0
residential2;10;3;93;203.928;0.0;0.0;0.0
residential2;10;3;94;202.411;0.0;0.0;0.0
residential2;10;3;95;190.959;0.0;0.0;0.0
residential2;10;3;96;197.986;0.0;0.0;0.0
residential2;10;3;97;205.832;0.0;0.0;0.0
residential2;10;3;98;202.057;0.0;0.0;0.0
residential2;10;3;99;204.52;0.0;0.0;0.0
residential2;10;3;100;201.971;0.0;0.0;0.0
residential2;10;3;101;197.755;0.0;0.0;0.0
residential2;10;3;102;196.606;0.0;0.0;0.0
residential2;10;3;103;215.725;0.0;0.0;0.0
residential2;10;3;104;220.529;0.0;0.0;0.0
residential2;10;3;105;235.31;0.0;0.0;0.0
residential2;10;3;106;224.5;0.0;0.0;0.0
residential2;10;3;107;226.512;0.0;0.0;0.0
residential2;10;3;108;234.492;0.0;0.0;0.0
residential2;10;3;109;216.384;0.0;0.0;0.0
residential2;10;3;110;215.796;0.0;0.0;0.0
residential2;10;3;111;214.903;0.0;0.0;0.0
residential2;10;3;112;224.249;0.0;0.0;0.0
residential2;10;3;113;221.639;0.0;0.0;0.0
residential2;10;3;114;241.443;0.0;0.0;0.0
residential2;10;3;115;234.999;0.0;0.0;0.0
residential2;10;3;116;219.347;0.0;0.0;0.0
residential2;10;3;117;234.775;0.0;0.0;0.0
residential2;10;3;118;235.153;0.0;0.0;0.0
residential2;10;3;119;219.807;0.0;0.0;0.0
residential2;10;3;120;188.786;0.0;0.0;0.0
residential2;10;3;121;197.289;0.0;0.0;0.0
residential2;10;3;122;196.601;0.0;0.0;0.0
residential2;10;3;123;198.41;0.0;0.0;0.0
residential2;10;3;124;201.213;0.0;0.0;0.0
residential2;10;3;125;41.673;0.0;0.0;0.0
residential2;10;3;126;212.531;0.0;0.0;0.0
residential2;10;3;127;244.6;0.0;0.0;0.0
residential2;10;3;128;234.263;0.0;0.0;0.0
residential2;10;3;129;232.986;0.0;0.0;0.0
residential2;10;3;130;222.368;0.0;0.0;0.0
residential2;10;3;131;220.249;0.0;0.0;0.0
residential2;10;3;132;205.929;0.0;0.0;0.0
residential2;10;3;133;185.774;0.0;0.0;0.0
residential2;10;3;134;204.788;0.0;0.0;0.0
residential2;10;3;135;199.866;0.0;0.0;0.0
residential2;10;3;136;240.538;0.0;0.0;0.0
residential2;10;3;137;190.407;0.0;0.0;0.0
residential2;10;3;138;238.504;0.0;0.0;0.0
residential2;10;3;139;271.601;0.0;0.0;0.0
residential2;10;3;140;227.723;0.0;0.0;0.0
residential2;10;3;141;252.397;0.0;0.0;0.0
residential2;10;3;142;241.8;0.0;0.0;0.0
residential2;10;3;143;221.826;0.0;0.0;0.0
residential2;10;3;144;197.692;0.0;0.0;0.0
residential2;10;3;145;179.525;0.0;0.0;0.0
residential2;10;3;146;201.644;0.0;0.0;0.0
residential2;10;3;147;195.608;0.0;0.0;0.0
residential2;10;3;148;203.103;0.0;0.0;0.0
residential2;10;3;149;206.166;0.0;0.0;0.0
residential2;10;3;150;211.231;0.0;0.0;0.0
residential2;10;3;151;226.539;0.0;0.0;0.0
residential2;10;3;152;235.412;0.0;0.0;0.0
residential2;10;3;153;202.213;0.0;0.0;0.0
residential2;10;3;154;190.907;0.0;0.0;0.0
residential2;10;3;155;179.419;0.0;0.0;0.0
residential2;10;3;156;177.029;0.0;0.0;0.0
residential2;10;3;157;215.611;0.0;0.0;0.0
residential2;10;3;158;133.828;0.0;0.0;0.0
residential2;10;3;159;177.401;0.0;0.0;0.0
residential2;10;3;160;174.524;0.0;0.0;0.0
residential2;10;3;161;195.116;0.0;0.0;0.0
residential2;10;3;162;194.569;0.0;0.0;0.0
residential2;10;3;163;209.688;0.0;0.0;0.0
residential2;10;3;164;183.759;0.0;0.0;0.0
residential2;10;3;165;194.943;0.0;0.0;0.0
residential2;10;3;166;236.722;0.0;0.0;0.0
residential2;10;3;167;191.769;0.0;0.0;0.0
residential2;15;0;0;178.806;0.0;0.0;0.0
residential2;15;0;1;188.462;0.0;0.0;0.0
residential2;15;0;2;9.868;0.0;0.0;0.0
residential2;15;0;3;56.255;0.0;0.0;0.0
residential2;15;0;4;138.341;0.0;0.0;0.0
residential2;15;0;5;140.482;0.0;0.0;0.0
residential2;15;0;6;155.023;0.0;0.0;0.0
residential2;15;0;7;177.601;0.0;0.0;0.0
residential2;15;0;8;160.707;0.0;0.0;0.0
residential2;15;0;9;152.386;0.0;0.0;0.0
residential2;15;0;10;127.399;0.0;0.0;0.0
residential2;15;0;11;119.829;0.0;0.0;0.0
residential2;15;0;12;114.513;0.0;0.0;0.0
residential2;15;0;13;104.383;0.0;0.0;0.0
residential2;15;0;14;198.405;0.0;0.0;0.0
residential2;15;0;15;89.953;0.0;0.0;0.0
residential2;15;0;16;189.824;0.0;0.0;0.0
residential2;15;0;17;56.5;0.0;0.0;0.0
residential2;15;0;18;190.687;0.0;0.0;0.0
residential2;15;0;19;65.85;0.0;0.0;0.0
residential2;15;0;20;233.57;0.0;0.0;0.0
residential2;15;0;21;151.853;0.0;0.0;0.0
residential2;15;0;22;150.139;0.0;0.0;0.0
residential2;15;0;23;36.401;0.0;0.0;0.0
residential2;15;0;24;21.618;0.0;0.0;0.0
residential2;15;0;25;128.023;0.0;0.0;0.0
residential2;15;0;26;127.886;0.0;0.0;0.0
residential2;15;0;27;135.467;0.0;0.0;0.0
residential2;15;0;28;136.798;0.0;0.0;0.0
residential2;15;0;29;194.828;0.0;0.0;0.0
residential2;15;0;30;110.958;0.0;0.0;0.0
residential2;15;0;31;190.5;0.0;0.0;0.0
residential2;15;0;32;188.989;0.0;0.0;0.0
residential2;15;0;33;175.146;0.0;0.0;0.0
residential2;15;0;34;167.305;0.0;0.0;0.0
residential2;15;0;35;161.347;0.0;1.676;0.0
residential2;15;0;36;212.999;0.0;0.0;0.0
residential2;15;0;37;44.55;0.0;47.519;0.0
residential2;15;0;38;83.52;0.0;68.216;0.0
residential2;15;0;39;113.242;0.0;35.417;0.0
residential2;15;0;40;150.628;0.0;0.0;0.0
residential2;15;0;41;168.787;0.0;0.0;0.0
residential2;15;0;42;176.49;0.0;0.0;0.0
residential2;15;0;43;173.206;0.0;0.0;0.0
residential2;15;0;44;182.779;0.0;0.0;0.0
residential2;15;0;45;180.492;0.0;0.0;0.0
residential2;15;0;46;163.77;0.0;0.0;0.0
residential2;15;0;47;152.929;0.0;0.0;0.0
residential2;15;0;48;101.394;0.0;0.0;0.0
residential2;15;0;49;109.007;0.0;0.0;0.0
residential2;15;0;50;105.12;0.0;0.0;0.0
residential2;15;0;51;108.285;0.0;0.0;0.0
residential2;15;0;52;108.094;0.0;0.0;0.0
residential2;15;0;53;110.163;0.0;0.0;0.0
residential2;15;0;54;114.657;0.0;0.0;0.0
residential2;15;0;55;159.26;0.0;0.0;0.0
residential2;15;0;56;181.31;0.0;0.0;0.0
residential2;15;0;57;139.403;0.0;0.0;0.0
residential2;15;0;58;125.611;0.0;0.001;0.0
residential2;15;0;59;120.922;0.0;0.0;0.0
residential2;15;0;60;104.156;0.0;0.0;0.0
residential2;15;0;61;97.514;0.0;0.0;0.0
residential2;15;0;62;94.0;0.0;0.0;0.0
residential2;15;0;63;97.359;0.0;0.0;0.0
residential2;15;0;64;96.422;0.0;2.146;0.0
residential2;15;0;65;95.798;0.0;0.0;0.0
residential2;15;0;66;111.847;0.0;0.0;0.0
residential2;15;0;67;219.102;0.0;0.0;0.0
residential2;15;0;68;59.231;0.0;0.0;0.0
residential2;15;0;69;58.384;0.0;0.0;0.0
residential2;15;0;70;113.394;0.0;0.0;0.0
residential2;15;0;71;99.214;0.0;0.0;0.0
residential2;15;0;72;132.428;0.0;0.0;0.0
residential2;15;0;73;17.397;0.0;0.0;0.0
residential2;15;0;74;76.729;0.0;0.0;0.0
residential2;15;0;75;80.756;0.0;0.0;0.0
residential2;15;0;76;76.615;0.0;0.0;0.0
residential2;15;0;77;78.869;0.0;0.0;0.0
residential2;15;0;78;81.917;0.0;0.0;0.0
residential2;15;0;79;109.776;0.0;0.0;0.0
residential2;15;0;80;120.684;0.0;0.0;0.0
residential2;15;0;81;107.595;0.0;0.0;0.0
residential2;15;0;82;103.166;0.0;0.0;0.0
residential2;15;0;83;90.302;0.0;0.0;0.0
residential2;15;0;84;99.993;0.0;0.0;0.0
residential2;15;0;85;97.731;0.0;0.0;0.0
residential2;15;0;86;94.023;0.0;0.0;0.0
residential2;15;0;87;94.432;0.0;0.0;0.0
residential2;15;0;88;183.571;0.0;0.0;0.0
residential2;15;0;89;168.289;0.0;0.0;0.0
residential2;15;0;90;44.815;0.0;0.0;0.0
residential2;15;0;91;164.668;0.0;0.0;0.0
residential2;15;0;92;58.98;0.0;0.0;0.0
residential2;15;0;93;222.488;0.0;0.0;0.0
residential2;15;0;94;50.693;0.0;0.0;0.0
residential2;15;0;95;207.88;0.0;0.0;0.0
residential2;15;0;96;123.895;0.0;0.0;0.0
residential2;15;0;97;134.047;0.0;0.0;0.0
residential2;15;0;98;138.573;0.0;0.0;0.0
residential2;15;0;99;12.277;0.0;0.0;0.0
residential2;15;0;100;80.098;0.0;0.0;0.0
residential2;15;0;101;150.812;0.0;0.0;0.0
residential2;15;0;102;167.629;0.0;0.0;0.0
residential2;15;0;103;186.412;0.0;0.0;0.0
residential2;15;0;104;183.01;0.0;0.0;0.0
residential2;15;0;105;189.048;0.0;0.0;0.0
residential2;15;0;106;162.246;0.0;0.0;0.0
residential2;15;0;107;171.425;0.0;0.0;0.0
residential2;15;0;108;163.211;0.0;0.0;0.0
residential2;15;0;109;161.826;0.0;0.0;0.0
residential2;15;0;110;155.753;0.0;0.0;0.0
residential2;15;0;111;139.991;0.0;0.0;0.0
residential2;15;0;112;152.082;0.0;0.0;0.0
residential2;15;0;113;145.244;0.0;0.0;0.0
residential2;15;0;114;157.199;0.0;0.0;0.0
residential2;15;0;115;228.832;0.0;0.0;0.0
residential2;15;0;116;241.484;0.0;0.0;0.0
residential2;15;0;117;232.824;0.0;0.0;0.0
residential2;15;0;118;162.691;0.0;0.0;0.0
residential2;15;0;119;164.904;0.0;0.0;0.0
residential2;15;0;120;7.503;0.0;0.0;0.0
residential2;15;0;121;71.738;0.0;0.0;0.0
residential2;15;0;122;148.417;0.0;0.0;0.0
residential2;15;0;123;149.647;0.0;0.0;0.0
residential2;15;0;124;149.135;0.0;0.0;0.0
residential2;15;0;125;157.433;0.0;0.0;0.0
residential2;15;0;126;175.401;0.0;0.0;0.0
residential2;15;0;127;202.146;0.0;0.0;0.0
residential2;15;0;128;188.897;0.0;0.0;0.0
residential2;15;0;129;180.947;0.0;0.0;0.0
residential2;15;0;130;165.555;0.0;0.0;0.0
residential2;15;0;131;170.045;0.0;0.0;0.0
residential2;15;0;132;155.417;0.0;0.0;0.0
residential2;15;0;133;144.64;0.0;0.0;0.0
residential2;15;0;134;202.361;0.0;0.0;0.0
residential2;15;0;135;206.497;0.0;0.0;0.0
residential2;15;0;136;198.213;0.0;0.0;0.0
residential2;15;0;137;62.195;0.0;0.0;0.0
residential2;15;0;138;88.633;0.0;0.0;0.0
residential2;15;0;139;196.344;0.0;0.0;0.0
residential2;15;0;140;236.384;0.0;0.0;0.0
residential2;15;0;141;248.902;0.0;0.0;0.0
residential2;15;0;142;255.719;0.0;0.0;0.0
residential2;15;0;143;107.335;0.0;0.0;0.0
residential2;15;0;144;7.598;0.0;0.0;0.0
residential2;15;0;145;157.852;0.0;0.0;0.0
residential2;15;0;146;157.607;0.0;0.0;0.0
residential2;15;0;147;159.871;0.0;0.0;0.0
residential2;15;0;148;162.924;0.0;0.0;0.0
residential2;15;0;149;168.817;0.0;0.0;0.0
residential2;15;0;150;181.338;0.0;0.0;0.0
residential2;15;0;151;203.496;0.0;0.0;0.0
residential2;15;0;152;202.667;0.0;0.0;0.0
residential2;15;0;153;191.61;0.0;1.831;0.0
residential2;15;0;154;148.297;0.0;32.613;0.0
residential2;15;0;155;169.464;0.0;0.0;0.0
residential2;15;0;156;133.633;0.0;30.442;0.0
residential2;15;0;157;140.681;0.0;0.0;0.0
residential2;15;0;158;132.874;0.0;0.0;0.0
residential2;15;0;159;137.889;0.0;0.0;0.0
residential2;15;0;160;210.2;0.0;0.0;0.0
residential2;15;0;161;52.365;0.0;0.0;0.0
residential2;15;0;162;220.195;0.0;0.0;0.0
residential2;15;0;163;198.179;0.0;0.0;0.0
residential2;15;0;164;235.675;0.0;0.0;0.0
residential2;15;0;165;82.97;0.0;0.0;0.0
residential2;15;0;166;239.462;0.0;0.0;0.0
residential2;15;0;167;38.0;0.0;0.0;0.0
residential2;15;1;0;7.529;0.0;0.0;0.0
residential2;15;1;1;12.166;0.0;0.0;0.0
residential2;15;1;2;9.759;0.0;0.0;0.0
residential2;15;1;3;12.531;0.0;0.0;0.0
residential2;15;1;4;11.731;0.0;0.0;0.0
residential2;15;1;5;11.157;0.0;0.0;0.0
residential2;15;1;6;17.907;0.0;0.0;0.0
residential2;15;1;7;21.318;0.0;14.251;0.0
residential2;15;1;8;0.0;0.0;43.38;0.0
residential2;15;1;9;0.0;0.0;47.579;0.0
residential2;15;1;10;0.0;0.0;56.187;0.0
residential2;15;1;11;0.0;0.0;39.313;0.0
residential2;15;1;12;0.0;0.0;43.482;0.0
residential2;15;1;13;0.0;0.0;47.751;0.0
residential2;15;1;14;0.0;0.0;41.271;0.0
residential2;15;1;15;0.0;0.0;39.599;0.0
residential2;15;1;16;0.0;0.0;46.361;0.0
residential2;15;1;17;0.0;0.0;49.787;0.0
residential2;15;1;18;87.828;0.0;0.0;0.0
residential2;15;1;19;68.97;0.0;0.0;0.0
residential2;15;1;20;69.913;0.0;0.0;0.0
residential2;15;1;21;65.959;0.0;0.0;0.0
residential2;15;1;22;63.839;0.0;0.0;0.0
residential2;15;1;23;48.306;0.0;0.0;0.0
residential2;15;1;24;8.376;0.0;0.0;0.0
residential2;15;1;25;10.048;0.0;0.0;0.0
residential2;15;1;26;12.047;0.0;0.0;0.0
residential2;15;1;27;10.97;0.0;0.0;0.0
residential2;15;1;28;11.653;0.0;0.0;0.0
residential2;15;1;29;17.956;0.0;0.0;0.0
residential2;15;1;30;15.305;0.0;0.0;0.0
residential2;15;1;31;46.291;0.0;0.0;0.0
residential2;15;1;32;0.0;0.0;44.034;0.0
residential2;15;1;33;0.0;0.0;41.849;0.0
residential2;15;1;34;0.0;0.0;39.914;0.0
residential2;15;1;35;0.0;0.0;39.03;0.0
residential2;15;1;36;0.0;0.0;35.23;0.0
residential2;15;1;37;0.0;0.0;38.092;0.0
residential2;15;1;38;0.0;0.0;35.564;0.0
residential2;15;1;39;0.0;0.0;40.425;0.0
residential2;15;1;40;0.0;0.0;48.577;0.0
residential2;15;1;41;69.703;0.0;30.104;0.0
residential2;15;1;42;26.676;0.0;16.77;0.0
residential2;15;1;43;73.201;0.0;0.0;0.0
residential2;15;1;44;65.368;0.0;0.0;0.0
residential2;15;1;45;74.74;0.0;0.0;0.0
residential2;15;1;46;79.871;0.0;0.0;0.0
residential2;15;1;47;36.799;0.0;0.0;0.0
residential2;15;1;48;7.558;0.0;0.0;0.0
residential2;15;1;49;11.075;0.0;0.0;0.0
residential2;15;1;50;11.445;0.0;0.0;0.0
residential2;15;1;51;11.457;0.0;0.0;0.0
residential2;15;1;52;9.816;0.0;0.0;0.0
residential2;15;1;53;10.751;0.0;0.0;0.0
residential2;15;1;54;11.091;0.0;0.0;0.0
residential2;15;1;55;32.752;0.0;0.0;0.0
residential2;15;1;56;0.0;0.0;41.68;0.0
residential2;15;1;57;0.0;0.0;38.964;0.0
residential2;15;1;58;0.0;0.0;45.356;0.0
residential2;15;1;59;0.0;0.0;48.121;0.0
residential2;15;1;60;0.0;0.0;43.058;0.0
residential2;15;1;61;0.0;0.0;35.699;0.0
residential2;15;1;62;0.0;0.0;39.578;0.0
residential2;15;1;63;87.526;0.0;1.919;0.0
residential2;15;1;64;0.0;0.0;33.06;0.0
residential2;15;1;65;0.0;0.0;37.919;0.0
residential2;15;1;66;50.193;0.0;0.0;0.0
residential2;15;1;67;60.729;0.0;0.0;0.0
residential2;15;1;68;79.498;0.0;0.0;0.0
residential2;15;1;69;71.926;0.0;0.0;0.0
residential2;15;1;70;54.205;0.0;0.0;0.0
residential2;15;1;71;47.046;0.0;0.0;0.0
residential2;15;1;72;7.482;0.0;0.0;0.0
residential2;15;1;73;11.424;0.0;0.0;0.0
residential2;15;1;74;10.566;0.0;0.0;0.0
residential2;15;1;75;10.401;0.0;0.0;0.0
residential2;15;1;76;11.218;0.0;0.0;0.0
residential2;15;1;77;14.061;0.0;0.0;0.0
residential2;15;1;78;14.356;0.0;0.0;0.0
residential2;15;1;79;5.664;0.0;10.578;0.0
residential2;15;1;80;0.0;0.0;36.68;0.0
residential2;15;1;81;0.0;0.0;51.415;0.0
residential2;15;1;82;0.0;0.0;48.518;0.0
residential2;15;1;83;0.0;0.0;43.664;0.0
residential2;15;1;84;0.0;0.0;41.271;0.0
residential2;15;1;85;0.0;0.0;34.696;0.0
residential2;15;1;86;0.0;0.0;43.369;0.0
residential2;15;1;87;0.0;0.0;79.767;0.0
residential2;15;1;88;0.0;0.0;39.183;0.0
residential2;15;1;89;0.0;0.0;45.756;0.0
residential2;15;1;90;20.183;0.0;18.361;0.0
residential2;15;1;91;58.075;0.0;0.0;0.0
residential2;15;1;92;60.634;0.0;0.0;0.0
residential2;15;1;93;48.063;0.0;0.0;0.0
residential2;15;1;94;52.452;0.0;0.0;0.0
residential2;15;1;95;40.887;0.0;0.0;0.0
residential2;15;1;96;7.412;0.0;0.0;0.0
residential2;15;1;97;11.068;0.0;0.0;0.0
residential2;15;1;98;10.624;0.0;0.0;0.0
residential2;15;1;99;10.421;0.0;0.0;0.0
residential2;15;1;100;9.254;0.0;0.0;0.0
residential2;15;1;101;11.839;0.0;0.0;0.0
residential2;15;1;102;15.644;0.0;0.0;0.0
residential2;15;1;103;17.247;0.0;5.702;0.0
residential2;15;1;104;0.0;0.0;30.946;0.0
residential2;15;1;105;0.0;0.0;50.989;0.0
residential2;15;1;106;0.0;0.0;48.142;0.0
residential2;15;1;107;0.0;0.0;51.448;0.0
residential2;15;1;108;0.0;0.0;51.826;0.0
residential2;15;1;109;0.0;0.0;48.29;0.0
residential2;15;1;110;0.0;0.0;55.669;0.0
residential2;15;1;111;0.0;0.0;50.183;0.0
residential2;15;1;112;0.0;0.0;46.417;0.0
residential2;15;1;113;89.308;0.0;5.162;0.0
residential2;15;1;114;35.612;0.0;11.02;0.0
residential2;15;1;115;60.103;0.0;0.0;0.0
residential2;15;1;116;61.515;0.0;0.0;0.0
residential2;15;1;117;55.863;0.0;0.0;0.0
residential2;15;1;118;63.102;0.0;0.0;0.0
residential2;15;1;119;41.108;0.0;0.0;0.0
residential2;15;1;120;7.619;0.0;0.0;0.0
residential2;15;1;121;11.147;0.0;0.0;0.0
residential2;15;1;122;9.85;0.0;0.0;0.0
residential2;15;1;123;11.929;0.0;0.0;0.0
residential2;15;1;124;10.074;0.0;0.0;0.0
residential2;15;1;125;13.56;0.0;0.0;0.0
residential2;15;1;126;12.101;0.0;0.0;0.0
residential2;15;1;127;43.804;0.0;0.0;0.0
residential2;15;1;128;0.0;0.0;41.745;0.0
residential2;15;1;129;0.0;0.0;41.17;0.0
residential2;15;1;130;0.0;0.0;42.883;0.0
residential2;15;1;131;0.0;0.0;35.355;0.0
residential2;15;1;132;0.0;0.0;44.2;0.0
residential2;15;1;133;0.0;0.0;34.833;0.0
residential2;15;1;134;0.0;0.0;38.722;0.0
residential2;15;1;135;0.0;0.0;33.812;0.0
residential2;15;1;136;0.0;0.0;42.12;0.0
residential2;15;1;137;61.233;0.0;29.732;0.0
residential2;15;1;138;41.282;0.0;6.211;0.0
residential2;15;1;139;74.199;0.0;0.0;0.0
residential2;15;1;140;71.958;0.0;0.0;0.0
residential2;15;1;141;78.264;0.0;0.0;0.0
residential2;15;1;142;57.149;0.0;0.0;0.0
residential2;15;1;143;58.087;0.0;0.0;0.0
residential2;15;1;144;7.461;0.0;0.0;0.0
residential2;15;1;145;12.297;0.0;0.0;0.0
residential2;15;1;146;11.135;0.0;0.0;0.0
residential2;15;1;147;11.104;0.0;0.0;0.0
residential2;15;1;148;9.835;0.0;0.0;0.0
residential2;15;1;149;11.968;0.0;0.0;0.0
residential2;15;1;150;14.53;0.0;0.0;0.0
residential2;15;1;151;37.994;0.0;0.0;0.0
residential2;15;1;152;0.0;0.0;41.161;0.0
residential2;15;1;153;0.0;0.0;47.798;0.0
residential2;15;1;154;0.0;0.0;37.382;0.0
residential2;15;1;155;0.0;0.0;41.143;0.0
residential2;15;1;156;0.0;0.0;45.355;0.0
residential2;15;1;157;0.0;0.0;47.927;0.0
residential2;15;1;158;0.0;0.0;40.381;0.0
residential2;15;1;159;20.946;0.0;89.15;0.0
residential2;15;1;160;0.0;0.0;46.533;0.0
residential2;15;1;161;11.799;0.0;38.036;0.0
residential2;15;1;162;22.702;0.0;25.625;0.0
residential2;15;1;163;86.572;0.0;0.0;0.0
residential2;15;1;164;73.365;0.0;0.0;0.0
residential2;15;1;165;70.574;0.0;0.0;0.0
residential2;15;1;166;68.77;0.0;0.0;0.0
residential2;15;1;167;55.211;0.0;0.0;0.0
residential2;15;2;0;7.519;0.0;0.0;0.0
residential2;15;2;1;19.06;0.0;0.0;0.0
residential2;15;2;2;155.121;0.0;0.0;0.0
residential2;15;2;3;12.89;0.0;0.0;0.0
residential2;15;2;4;50.482;0.0;0.0;0.0
residential2;15;2;5;159.61;0.0;0.0;0.0
residential2;15;2;6;19.58;0.0;0.0;0.0
residential2;15;2;7;44.503;0.0;0.0;0.0
residential2;15;2;8;50.646;0.0;10.303;0.0
residential2;15;2;9;19.157;0.0;85.423;0.0
residential2;15;2;10;0.0;0.0;90.536;0.0
residential2;15;2;11;0.0;0.0;84.732;0.0
residential2;15;2;12;0.0;0.0;72.104;0.0
residential2;15;2;13;0.0;0.0;62.89;0.0
residential2;15;2;14;23.706;0.0;48.127;0.0
residential2;15;2;15;76.504;0.0;16.757;0.0
residential2;15;2;16;174.909;0.0;15.928;0.0
residential2;15;2;17;85.517;0.0;0.001;0.0
residential2;15;2;18;56.416;0.0;0.0;0.0
residential2;15;2;19;147.161;0.0;0.0;0.0
residential2;15;2;20;111.76;0.0;0.0;0.0
residential2;15;2;21;61.892;0.0;0.0;0.0
residential2;15;2;22;163.139;0.0;0.0;0.0
residential2;15;2;23;50.683;0.0;0.0;0.0
residential2;15;2;24;7.566;0.0;0.0;0.0
residential2;15;2;25;11.725;0.0;0.0;0.0
residential2;15;2;26;162.929;0.0;0.0;0.0
residential2;15;2;27;10.748;0.0;0.0;0.0
residential2;15;2;28;177.188;0.0;0.0;0.0
residential2;15;2;29;13.537;0.0;0.0;0.0
residential2;15;2;30;115.344;0.0;0.0;0.0
residential2;15;2;31;139.789;0.0;0.0;0.0
residential2;15;2;32;121.525;0.0;31.035;0.0
residential2;15;2;33;58.447;0.0;71.401;0.0
residential2;15;2;34;0.0;0.0;114.407;0.0
residential2;15;2;35;0.0;0.0;104.626;0.0
residential2;15;2;36;0.0;0.0;88.171;0.0
residential2;15;2;37;0.0;0.0;74.838;0.0
residential2;15;2;38;0.0;0.0;66.198;0.0
residential2;15;2;39;0.0;0.0;52.486;0.0
residential2;15;2;40;168.589;0.0;16.594;0.0
residential2;15;2;41;103.79;0.0;0.001;0.0
residential2;15;2;42;93.632;0.0;0.0;0.0
residential2;15;2;43;92.775;0.0;0.0;0.0
residential2;15;2;44;98.839;0.0;0.0;0.0
residential2;15;2;45;78.204;0.0;0.0;0.0
residential2;15;2;46;56.144;0.0;0.0;0.0
residential2;15;2;47;43.666;0.0;0.0;0.0
residential2;15;2;48;7.554;0.0;0.0;0.0
residential2;15;2;49;9.184;0.0;0.0;0.0
residential2;15;2;50;46.844;0.0;0.0;0.0
residential2;15;2;51;47.882;0.0;0.0;0.0
residential2;15;2;52;48.529;0.0;0.0;0.0
residential2;15;2;53;50.29;0.0;0.0;0.0
residential2;15;2;54;50.096;0.0;0.0;0.0
residential2;15;2;55;84.299;0.0;0.0;0.0
residential2;15;2;56;100.969;0.0;0.0;0.0
residential2;15;2;57;77.029;0.0;0.0;0.0
residential2;15;2;58;73.322;0.0;0.0;0.0
residential2;15;2;59;63.997;0.0;0.001;0.0
residential2;15;2;60;57.785;0.0;0.001;0.0
residential2;15;2;61;46.639;0.0;0.0;0.0
residential2;15;2;62;54.718;0.0;0.0;0.0
residential2;15;2;63;48.554;0.0;0.0;0.0
residential2;15;2;64;77.445;0.0;0.0;0.0
residential2;15;2;65;194.831;0.0;0.0;0.0
residential2;15;2;66;64.171;0.0;0.0;0.0
residential2;15;2;67;59.359;0.0;0.0;0.0
residential2;15;2;68;85.975;0.0;0.0;0.0
residential2;15;2;69;69.631;0.0;0.0;0.0
residential2;15;2;70;62.278;0.0;0.0;0.0
residential2;15;2;71;33.443;0.0;0.0;0.0
residential2;15;2;72;10.713;0.0;0.0;0.0
residential2;15;2;73;46.238;0.0;0.0;0.0
residential2;15;2;74;44.011;0.0;0.0;0.0
residential2;15;2;75;48.166;0.0;0.0;0.0
residential2;15;2;76;46.723;0.0;0.0;0.0
residential2;15;2;77;47.01;0.0;0.0;0.0
residential2;15;2;78;49.021;0.0;0.0;0.0
residential2;15;2;79;76.31;0.0;0.0;0.0
residential2;15;2;80;91.555;0.0;0.0;0.0
residential2;15;2;81;63.375;0.0;21.637;0.0
residential2;15;2;82;72.828;0.0;0.0;0.0
residential2;15;2;83;31.463;0.0;31.591;0.0
residential2;15;2;84;0.0;0.0;61.735;0.0
residential2;15;2;85;6.953;0.0;51.94;0.0
residential2;15;2;86;178.551;0.0;0.0;0.0
residential2;15;2;87;65.575;0.0;0.0;0.0
residential2;15;2;88;42.167;0.0;0.0;0.0
residential2;15;2;89;57.258;0.0;0.001;0.0
residential2;15;2;90;66.474;0.0;0.0;0.0
residential2;15;2;91;67.656;0.0;0.0;0.0
residential2;15;2;92;205.681;0.0;0.0;0.0
residential2;15;2;93;90.116;0.0;0.0;0.0
residential2;15;2;94;60.145;0.0;0.0;0.0
residential2;15;2;95;75.254;0.0;0.0;0.0
residential2;15;2;96;7.501;0.0;0.0;0.0
residential2;15;2;97;15.296;0.0;0.0;0.0
residential2;15;2;98;76.503;0.0;0.0;0.0
residential2;15;2;99;162.134;0.0;0.0;0.0
residential2;15;2;100;63.889;0.0;0.0;0.0
residential2;15;2;101;12.258;0.0;0.0;0.0
residential2;15;2;102;96.261;0.0;0.0;0.0
residential2;15;2;103;109.562;0.0;0.0;0.0
residential2;15;2;104;121.786;0.0;5.558;0.0
residential2;15;2;105;53.926;0.0;65.618;0.0
residential2;15;2;106;44.352;0.0;63.059;0.0
residential2;15;2;107;95.941;0.0;17.557;0.0
residential2;15;2;108;52.776;0.0;55.336;0.0
residential2;15;2;109;100.469;0.0;43.568;0.0
residential2;15;2;110;6.706;0.0;34.161;0.0
residential2;15;2;111;93.03;0.0;0.0;0.0
residential2;15;2;112;113.366;0.0;0.0;0.0
residential2;15;2;113;103.529;0.0;0.0;0.0
residential2;15;2;114;120.784;0.0;0.0;0.0
residential2;15;2;115;125.164;0.0;0.0;0.0
residential2;15;2;116;133.289;0.0;0.0;0.0
residential2;15;2;117;118.911;0.0;0.0;0.0
residential2;15;2;118;114.879;0.0;0.0;0.0
residential2;15;2;119;194.185;0.0;0.0;0.0
residential2;15;2;120;7.595;0.0;0.0;0.0
residential2;15;2;121;127.965;0.0;0.0;0.0
residential2;15;2;122;9.93;0.0;0.0;0.0
residential2;15;2;123;83.449;0.0;0.0;0.0
residential2;15;2;124;86.351;0.0;0.0;0.0
residential2;15;2;125;86.944;0.0;0.0;0.0
residential2;15;2;126;101.89;0.0;0.0;0.0
residential2;15;2;127;125.185;0.0;0.0;0.0
residential2;15;2;128;142.907;0.0;0.0;0.0
residential2;15;2;129;114.137;0.0;0.0;0.0
residential2;15;2;130;110.832;0.0;0.001;0.0
residential2;15;2;131;97.294;0.0;0.001;0.0
residential2;15;2;132;70.226;0.0;21.961;0.0
residential2;15;2;133;24.586;0.0;61.846;0.0
residential2;15;2;134;176.053;0.0;0.0;0.0
residential2;15;2;135;138.318;0.0;0.0;0.0
residential2;15;2;136;54.745;0.0;0.0;0.0
residential2;15;2;137;59.686;0.0;0.0;0.0
residential2;15;2;138;63.869;0.0;0.0;0.0
residential2;15;2;139;230.379;0.0;0.0;0.0
residential2;15;2;140;69.934;0.0;0.0;0.0
residential2;15;2;141;76.027;0.0;0.0;0.0
residential2;15;2;142;166.803;0.0;0.0;0.0
residential2;15;2;143;47.912;0.0;0.0;0.0
residential2;15;2;144;72.537;0.0;0.0;0.0
residential2;15;2;145;80.295;0.0;0.0;0.0
residential2;15;2;146;81.507;0.0;0.0;0.0
residential2;15;2;147;82.524;0.0;0.0;0.0
residential2;15;2;148;84.307;0.0;0.0;0.0
residential2;15;2;149;82.596;0.0;0.0;0.0
residential2;15;2;150;97.48;0.0;0.0;0.0
residential2;15;2;151;125.85;0.0;0.0;0.0
residential2;15;2;152;116.002;0.0;0.0;0.0
residential2;15;2;153;112.715;0.0;0.0;0.0
residential2;15;2;154;120.302;0.0;0.0;0.0
residential2;15;2;155;96.451;0.0;0.0;0.0
residential2;15;2;156;92.712;0.0;0.0;0.0
residential2;15;2;157;101.3;0.0;0.0;0.0
residential2;15;2;158;82.145;0.0;0.0;0.0
residential2;15;2;159;71.656;0.0;0.0;0.0
residential2;15;2;160;87.178;0.0;0.0;0.0
residential2;15;2;161;92.76;0.0;0.0;0.0
residential2;15;2;162;102.862;0.0;0.0;0.0
residential2;15;2;163;107.497;0.0;0.0;0.0
residential2;15;2;164;107.609;0.0;0.0;0.0
residential2;15;2;165;106.742;0.0;0.0;0.0
residential2;15;2;166;111.478;0.0;0.0;0.0
residential2;15;2;167;154.938;0.0;0.0;0.0
residential2;15;3;0;83.211;0.0;0.0;0.0
residential2;15;3;1;161.712;0.0;0.0;0.0
residential2;15;3;2;161.31;0.0;0.0;0.0
residential2;15;3;3;163.458;0.0;0.0;0.0
residential2;15;3;4;198.776;0.0;0.0;0.0
residential2;15;3;5;137.569;0.0;0.0;0.0
residential2;15;3;6;191.129;0.0;0.0;0.0
residential2;15;3;7;217.225;0.0;0.0;0.0
residential2;15;3;8;222.484;0.0;0.0;0.0
residential2;15;3;9;201.267;0.0;0.0;0.0
residential2;15;3;10;194.099;0.0;0.0;0.0
residential2;15;3;11;175.629;0.0;0.0;0.0
residential2;15;3;12;174.488;0.0;0.0;0.0
residential2;15;3;13;125.224;0.0;35.901;0.0
residential2;15;3;14;163.942;0.0;32.656;0.0
residential2;15;3;15;200.113;0.0;0.0;0.0
residential2;15;3;16;224.625;0.0;0.0;0.0
residential2;15;3;17;116.214;0.0;0.0;0.0
residential2;15;3;18;234.735;0.0;0.0;0.0
residential2;15;3;19;72.949;0.0;0.0;0.0
residential2;15;3;20;120.958;0.0;0.0;0.0
residential2;15;3;21;208.692;0.0;0.0;0.0
residential2;15;3;22;249.226;0.0;0.0;0.0
residential2;15;3;23;242.671;0.0;0.0;0.0
residential2;15;3;24;195.983;0.0;0.0;0.0
residential2;15;3;25;15.261;0.0;0.0;0.0
residential2;15;3;26;165.477;0.0;0.0;0.0
residential2;15;3;27;166.736;0.0;0.0;0.0
residential2;15;3;28;171.144;0.0;0.0;0.0
residential2;15;3;29;175.51;0.0;0.0;0.0
residential2;15;3;30;188.525;0.0;0.0;0.0
residential2;15;3;31;217.609;0.0;0.0;0.0
residential2;15;3;32;217.354;0.0;0.0;0.0
residential2;15;3;33;208.428;0.0;0.0;0.0
residential2;15;3;34;195.577;0.0;0.0;0.0
residential2;15;3;35;175.754;0.0;0.0;0.0
residential2;15;3;36;183.448;0.0;0.0;0.0
residential2;15;3;37;175.322;0.0;0.0;0.0
residential2;15;3;38;186.247;0.0;0.0;0.0
residential2;15;3;39;187.239;0.0;0.0;0.0
residential2;15;3;40;200.594;0.0;0.0;0.0
residential2;15;3;41;205.63;0.0;0.0;0.0
residential2;15;3;42;216.574;0.0;0.0;0.0
residential2;15;3;43;217.523;0.0;0.0;0.0
residential2;15;3;44;220.247;0.0;0.0;0.0
residential2;15;3;45;203.172;0.0;0.0;0.0
residential2;15;3;46;197.349;0.0;0.0;0.0
residential2;15;3;47;162.965;0.0;0.0;0.0
residential2;15;3;48;115.566;0.0;0.0;0.0
residential2;15;3;49;111.689;0.0;0.0;0.0
residential2;15;3;50;109.42;0.0;0.0;0.0
residential2;15;3;51;106.756;0.0;0.0;0.0
residential2;15;3;52;106.905;0.0;0.0;0.0
residential2;15;3;53;106.187;0.0;0.0;0.0
residential2;15;3;54;110.415;0.0;0.0;0.0
residential2;15;3;55;153.502;0.0;0.0;0.0
residential2;15;3;56;178.977;0.0;0.0;0.0
residential2;15;3;57;137.734;0.0;0.0;0.0
residential2;15;3;58;143.743;0.0;0.0;0.0
residential2;15;3;59;138.265;0.0;0.0;0.0
residential2;15;3;60;127.773;0.0;0.0;0.0
residential2;15;3;61;131.745;0.0;0.0;0.0
residential2;15;3;62;117.978;0.0;0.0;0.0
residential2;15;3;63;126.564;0.0;0.0;0.0
residential2;15;3;64;142.401;0.0;0.0;0.0
residential2;15;3;65;217.193;0.0;0.0;0.0
residential2;15;3;66;229.166;0.0;0.0;0.0
residential2;15;3;67;161.498;0.0;0.0;0.0
residential2;15;3;68;156.249;0.0;0.0;0.0
residential2;15;3;69;79.863;0.0;0.0;0.0
residential2;15;3;70;63.935;0.0;0.0;0.0
residential2;15;3;71;141.086;0.0;0.0;0.0
residential2;15;3;72;109.004;0.0;0.0;0.0
residential2;15;3;73;116.154;0.0;0.0;0.0
residential2;15;3;74;112.626;0.0;0.0;0.0
residential2;15;3;75;120.963;0.0;0.0;0.0
residential2;15;3;76;117.414;0.0;0.0;0.0
residential2;15;3;77;119.689;0.0;0.0;0.0
residential2;15;3;78;187.909;0.0;0.0;0.0
residential2;15;3;79;86.837;0.0;0.0;0.0
residential2;15;3;80;158.951;0.0;0.0;0.0
residential2;15;3;81;151.73;0.0;0.0;0.0
residential2;15;3;82;168.256;0.0;0.0;0.0
residential2;15;3;83;159.94;0.0;0.0;0.0
residential2;15;3;84;157.976;0.0;0.0;0.0
residential2;15;3;85;217.246;0.0;0.0;0.0
residential2;15;3;86;77.857;0.0;0.0;0.0
residential2;15;3;87;209.994;0.0;0.0;0.0
residential2;15;3;88;149.81;0.0;0.0;0.0
residential2;15;3;89;237.549;0.0;0.0;0.0
residential2;15;3;90;231.147;0.0;0.0;0.0
residential2;15;3;91;108.554;0.0;0.0;0.0
residential2;15;3;92;63.903;0.0;0.0;0.0
residential2;15;3;93;191.974;0.0;0.0;0.0
residential2;15;3;94;189.934;0.0;0.0;0.0
residential2;15;3;95;176.809;0.0;0.0;0.0
residential2;15;3;96;176.295;0.0;0.0;0.0
residential2;15;3;97;185.801;0.0;0.0;0.0
residential2;15;3;98;183.587;0.0;0.0;0.0
residential2;15;3;99;188.429;0.0;0.0;0.0
residential2;15;3;100;185.716;0.0;0.0;0.0
residential2;15;3;101;179.606;0.0;0.0;0.0
residential2;15;3;102;189.549;0.0;0.0;0.0
residential2;15;3;103;207.719;0.0;0.0;0.0
residential2;15;3;104;206.154;0.0;0.0;0.0
residential2;15;3;105;235.31;0.0;0.0;0.0
residential2;15;3;106;195.839;0.0;0.0;0.0
residential2;15;3;107;212.015;0.0;0.0;0.0
residential2;15;3;108;219.472;0.0;0.0;0.0
residential2;15;3;109;202.382;0.0;0.0;0.0
residential2;15;3;110;201.973;0.0;0.0;0.0
residential2;15;3;111;201.344;0.0;0.0;0.0
residential2;15;3;112;211.164;0.0;0.0;0.0
residential2;15;3;113;208.627;0.0;0.0;0.0
residential2;15;3;114;227.488;0.0;0.0;0.0
residential2;15;3;115;221.38;0.0;0.0;0.0
residential2;15;3;116;205.711;0.0;0.0;0.0
residential2;15;3;117;221.183;0.0;0.0;0.0
residential2;15;3;118;192.423;0.0;0.0;0.0
residential2;15;3;119;219.807;0.0;0.0;0.0
residential2;15;3;120;188.786;0.0;0.0;0.0
residential2;15;3;121;197.289;0.0;0.0;0.0
residential2;15;3;122;196.601;0.0;0.0;0.0
residential2;15;3;123;198.41;0.0;0.0;0.0
residential2;15;3;124;151.762;0.0;0.0;0.0
residential2;15;3;125;9.908;0.0;0.0;0.0
residential2;15;3;126;202.097;0.0;0.0;0.0
residential2;15;3;127;235.011;0.0;0.0;0.0
residential2;15;3;128;218.782;0.0;0.0;0.0
residential2;15;3;129;218.019;0.0;0.0;0.0
residential2;15;3;130;208.137;0.0;0.0;0.0
residential2;15;3;131;206.18;0.0;0.0;0.0
residential2;15;3;132;192.005;0.0;0.0;0.0
residential2;15;3;133;173.018;0.0;0.0;0.0
residential2;15;3;134;192.088;0.0;0.0;0.0
residential2;15;3;135;186.955;0.0;0.0;0.0
residential2;15;3;136;240.538;0.0;0.0;0.0
residential2;15;3;137;164.76;0.0;0.0;0.0
residential2;15;3;138;224.518;0.0;0.0;0.0
residential2;15;3;139;271.601;0.0;0.0;0.0
residential2;15;3;140;198.422;0.0;0.0;0.0
residential2;15;3;141;237.327;0.0;0.0;0.0
residential2;15;3;142;227.525;0.0;0.0;0.0
residential2;15;3;143;207.102;0.0;0.0;0.0
residential2;15;3;144;197.692;0.0;0.0;0.0
residential2;15;3;145;149.529;0.0;0.0;0.0
residential2;15;3;146;201.644;0.0;0.0;0.0
residential2;15;3;147;157.028;0.0;0.0;0.0
residential2;15;3;148;181.775;0.0;0.0;0.0
residential2;15;3;149;186.175;0.0;0.0;0.0
residential2;15;3;150;204.418;0.0;0.0;0.0
residential2;15;3;151;216.907;0.0;0.0;0.0
residential2;15;3;152;220.501;0.0;0.0;0.0
residential2;15;3;153;188.435;0.0;0.0;0.0
residential2;15;3;154;177.998;0.0;0.0;0.0
residential2;15;3;155;167.582;0.0;0.0;0.0
residential2;15;3;156;165.192;0.0;0.0;0.0
residential2;15;3;157;215.611;0.0;0.0;0.0
residential2;15;3;158;112.183;0.0;0.0;0.0
residential2;15;3;159;166.703;0.0;0.0;0.0
residential2;15;3;160;164.127;0.0;0.0;0.0
residential2;15;3;161;184.895;0.0;0.0;0.0
residential2;15;3;162;183.73;0.0;0.0;0.0
residential2;15;3;163;198.641;0.0;0.0;0.0
residential2;15;3;164;173.125;0.0;0.0;0.0
residential2;15;3;165;184.273;0.0;0.0;0.0
residential2;15;3;166;236.722;0.0;0.0;0.0
residential2;15;3;167;165.897;0.0;0.0;0.0
residential2;20;0;0;164.924;0.0;0.0;0.0
residential2;20;0;1;188.462;0.0;0.0;0.0
residential2;20;0;2;9.868;0.0;0.0;0.0
residential2;20;0;3;33.822;0.0;0.0;0.0
residential2;20;0;4;126.531;0.0;0.0;0.0
residential2;20;0;5;128.627;0.0;0.0;0.0
residential2;20;0;6;142.061;0.0;0.0;0.0
residential2;20;0;7;164.964;0.0;0.0;0.0
residential2;20;0;8;150.298;0.0;0.0;0.0
residential2;20;0;9;143.355;0.0;0.0;0.0
residential2;20;0;10;119.633;0.0;0.0;0.0
residential2;20;0;11;112.963;0.0;0.0;0.0
residential2;20;0;12;107.73;0.0;0.0;0.0
residential2;20;0;13;98.573;0.0;0.0;0.0
residential2;20;0;14;198.405;0.0;0.0;0.0
residential2;20;0;15;73.616;0.0;0.0;0.0
residential2;20;0;16;189.824;0.0;0.0;0.0
residential2;20;0;17;56.5;0.0;0.0;0.0
residential2;20;0;18;164.716;0.0;0.0;0.0
residential2;20;0;19;65.85;0.0;0.0;0.0
residential2;20;0;20;233.57;0.0;0.0;0.0
residential2;20;0;21;144.269;0.0;0.0;0.0
residential2;20;0;22;133.944;0.0;0.0;0.0
residential2;20;0;23;36.401;0.0;0.0;0.0
residential2;20;0;24;10.609;0.0;0.0;0.0
residential2;20;0;25;117.786;0.0;0.0;0.0
residential2;20;0;26;117.104;0.0;0.0;0.0
residential2;20;0;27;124.239;0.0;0.0;0.0
residential2;20;0;28;125.318;0.0;0.0;0.0
residential2;20;0;29;194.828;0.0;0.0;0.0
residential2;20;0;30;85.249;0.0;0.0;0.0
residential2;20;0;31;176.573;0.0;0.0;0.0
residential2;20;0;32;176.403;0.0;0.0;0.0
residential2;20;0;33;162.867;0.0;0.0;0.0
residential2;20;0;34;155.69;0.0;0.0;0.0
residential2;20;0;35;150.291;0.0;1.676;0.0
residential2;20;0;36;212.999;0.0;0.0;0.0
residential2;20;0;37;23.135;0.0;47.519;0.0
residential2;20;0;38;73.316;0.0;68.216;0.0
residential2;20;0;39;103.213;0.0;35.417;0.0
residential2;20;0;40;141.31;0.0;0.0;0.0
residential2;20;0;41;159.643;0.0;0.0;0.0
residential2;20;0;42;166.57;0.0;0.0;0.0
residential2;20;0;43;163.018;0.0;0.0;0.0
residential2;20;0;44;172.366;0.0;0.0;0.0
residential2;20;0;45;169.867;0.0;0.0;0.0
residential2;20;0;46;154.019;0.0;0.0;0.0
residential2;20;0;47;142.885;0.0;0.0;0.0
residential2;20;0;48;92.755;0.0;0.0;0.0
residential2;20;0;49;100.48;0.0;0.0;0.0
residential2;20;0;50;96.45;0.0;0.0;0.0
residential2;20;0;51;99.348;0.0;0.0;0.0
residential2;20;0;52;99.1;0.0;0.0;0.0
residential2;20;0;53;100.982;0.0;0.0;0.0
residential2;20;0;54;105.532;0.0;0.0;0.0
residential2;20;0;55;148.051;0.0;0.0;0.0
residential2;20;0;56;169.874;0.0;0.0;0.0
residential2;20;0;57;130.334;0.0;0.0;0.0
residential2;20;0;58;117.206;0.0;0.001;0.0
residential2;20;0;59;113.642;0.0;0.0;0.0
residential2;20;0;60;97.721;0.0;0.001;0.0
residential2;20;0;61;91.584;0.0;0.0;0.0
residential2;20;0;62;88.249;0.0;0.0;0.0
residential2;20;0;63;91.611;0.0;0.0;0.0
residential2;20;0;64;91.365;0.0;2.146;0.0
residential2;20;0;65;91.929;0.0;0.0;0.0
residential2;20;0;66;108.118;0.0;0.0;0.0
residential2;20;0;67;219.102;0.0;0.0;0.0
residential2;20;0;68;58.499;0.0;0.0;0.0
residential2;20;0;69;58.384;0.0;0.0;0.0
residential2;20;0;70;94.785;0.0;0.0;0.0
residential2;20;0;71;94.191;0.0;0.0;0.0
residential2;20;0;72;121.118;0.0;0.0;0.0
residential2;20;0;73;17.397;0.0;0.0;0.0
residential2;20;0;74;70.6;0.0;0.0;0.0
residential2;20;0;75;74.539;0.0;0.0;0.0
residential2;20;0;76;70.457;0.0;0.0;0.0
residential2;20;0;77;72.626;0.0;0.0;0.0
residential2;20;0;78;75.641;0.0;0.0;0.0
residential2;20;0;79;101.451;0.0;0.0;0.0
residential2;20;0;80;112.483;0.0;0.0;0.0
residential2;20;0;81;101.461;0.0;0.0;0.0
residential2;20;0;82;97.361;0.0;0.0;0.0
residential2;20;0;83;84.849;0.0;0.0;0.0
residential2;20;0;84;94.953;0.0;0.0;0.0
residential2;20;0;85;93.008;0.0;0.0;0.0
residential2;20;0;86;89.452;0.0;0.0;0.0
residential2;20;0;87;89.272;0.0;0.0;0.0
residential2;20;0;88;183.571;0.0;0.0;0.0
residential2;20;0;89;159.326;0.0;0.0;0.0
residential2;20;0;90;44.815;0.0;0.0;0.0
residential2;20;0;91;140.325;0.0;0.0;0.0
residential2;20;0;92;58.98;0.0;0.0;0.0
residential2;20;0;93;222.488;0.0;0.0;0.0
residential2;20;0;94;50.693;0.0;0.0;0.0
residential2;20;0;95;193.047;0.0;0.0;0.0
residential2;20;0;96;113.495;0.0;0.0;0.0
residential2;20;0;97;123.064;0.0;0.0;0.0
residential2;20;0;98;126.948;0.0;0.0;0.0
residential2;20;0;99;12.277;0.0;0.0;0.0
residential2;20;0;100;55.407;0.0;0.0;0.0
residential2;20;0;101;137.905;0.0;0.0;0.0
residential2;20;0;102;153.584;0.0;0.0;0.0
residential2;20;0;103;172.207;0.0;0.0;0.0
residential2;20;0;104;170.24;0.0;0.0;0.0
residential2;20;0;105;176.659;0.0;0.0;0.0
residential2;20;0;106;150.694;0.0;0.0;0.0
residential2;20;0;107;160.741;0.0;0.0;0.0
residential2;20;0;108;152.275;0.0;0.0;0.0
residential2;20;0;109;151.683;0.0;0.0;0.0
residential2;20;0;110;146.123;0.0;0.0;0.0
residential2;20;0;111;130.547;0.0;0.0;0.0
residential2;20;0;112;143.319;0.0;0.0;0.0
residential2;20;0;113;137.005;0.0;0.0;0.0
residential2;20;0;114;148.061;0.0;0.0;0.0
residential2;20;0;115;200.469;0.0;0.0;0.0
residential2;20;0;116;241.484;0.0;0.0;0.0
residential2;20;0;117;232.824;0.0;0.0;0.0
residential2;20;0;118;152.906;0.0;0.0;0.0
residential2;20;0;119;154.439;0.0;0.0;0.0
residential2;20;0;120;7.503;0.0;0.0;0.0
residential2;20;0;121;47.831;0.0;0.0;0.0
residential2;20;0;122;135.604;0.0;0.0;0.0
residential2;20;0;123;136.884;0.0;0.0;0.0
residential2;20;0;124;136.37;0.0;0.0;0.0
residential2;20;0;125;144.235;0.0;0.0;0.0
residential2;20;0;126;160.757;0.0;0.0;0.0
residential2;20;0;127;187.753;0.0;0.0;0.0
residential2;20;0;128;175.752;0.0;0.0;0.0
residential2;20;0;129;167.783;0.0;0.0;0.0
residential2;20;0;130;153.254;0.0;0.0;0.0
residential2;20;0;131;158.971;0.0;0.0;0.0
residential2;20;0;132;144.573;0.0;0.0;0.0
residential2;20;0;133;135.141;0.0;0.0;0.0
residential2;20;0;134;202.361;0.0;0.0;0.0
residential2;20;0;135;206.497;0.0;0.0;0.0
residential2;20;0;136;171.179;0.0;0.0;0.0
residential2;20;0;137;62.195;0.0;0.0;0.0
residential2;20;0;138;69.188;0.0;0.0;0.0
residential2;20;0;139;172.766;0.0;0.0;0.0
residential2;20;0;140;217.684;0.0;0.0;0.0
residential2;20;0;141;248.902;0.0;0.0;0.0
residential2;20;0;142;255.719;0.0;0.0;0.0
residential2;20;0;143;82.712;0.0;0.0;0.0
residential2;20;0;144;7.598;0.0;0.0;0.0
residential2;20;0;145;144.717;0.0;0.0;0.0
residential2;20;0;146;144.072;0.0;0.0;0.0
residential2;20;0;147;146.153;0.0;0.0;0.0
residential2;20;0;148;148.835;0.0;0.0;0.0
residential2;20;0;149;154.445;0.0;0.0;0.0
residential2;20;0;150;165.92;0.0;0.0;0.0
residential2;20;0;151;188.215;0.0;0.0;0.0
residential2;20;0;152;189.013;0.0;0.0;0.0
residential2;20;0;153;178.062;0.0;1.831;0.0
residential2;20;0;154;135.149;0.0;32.613;0.0
residential2;20;0;155;157.221;0.0;0.0;0.0
residential2;20;0;156;122.064;0.0;30.442;0.0
residential2;20;0;157;130.643;0.0;0.0;0.0
residential2;20;0;158;123.702;0.0;0.0;0.0
residential2;20;0;159;129.348;0.0;0.0;0.0
residential2;20;0;160;210.2;0.0;0.0;0.0
residential2;20;0;161;48.848;0.0;0.0;0.0
residential2;20;0;162;220.195;0.0;0.0;0.0
residential2;20;0;163;159.078;0.0;0.0;0.0
residential2;20;0;164;235.675;0.0;0.0;0.0
residential2;20;0;165;55.353;0.0;0.0;0.0
residential2;20;0;166;230.196;0.0;0.0;0.0
residential2;20;0;167;38.0;0.0;0.0;0.0
residential2;20;1;0;7.529;0.0;0.0;0.0
residential2;20;1;1;12.166;0.0;0.0;0.0
residential2;20;1;2;9.759;0.0;0.0;0.0
residential2;20;1;3;12.531;0.0;0.0;0.0
residential2;20;1;4;11.731;0.0;0.0;0.0
residential2;20;1;5;11.157;0.0;0.0;0.0
residential2;20;1;6;17.907;0.0;0.0;0.0
residential2;20;1;7;21.318;0.0;14.251;0.0
residential2;20;1;8;0.0;0.0;43.38;0.0
residential2;20;1;9;0.0;0.0;47.579;0.0
residential2;20;1;10;0.0;0.0;56.187;0.0
residential2;20;1;11;0.0;0.0;39.313;0.0
residential2;20;1;12;0.0;0.0;43.482;0.0
residential2;20;1;13;0.0;0.0;47.751;0.0
residential2;20;1;14;0.0;0.0;41.271;0.0
residential2;20;1;15;0.0;0.0;39.599;0.0
residential2;20;1;16;0.0;0.0;46.142;0.0
residential2;20;1;17;0.0;0.0;49.6;0.0
residential2;20;1;18;85.801;0.0;0.0;0.0
residential2;20;1;19;68.97;0.0;0.0;0.0
residential2;20;1;20;69.913;0.0;0.0;0.0
residential2;20;1;21;65.959;0.0;0.0;0.0
residential2;20;1;22;63.839;0.0;0.0;0.0
residential2;20;1;23;48.306;0.0;0.0;0.0
residential2;20;1;24;8.299;0.0;0.0;0.0
residential2;20;1;25;9.95;0.0;0.0;0.0
residential2;20;1;26;11.945;0.0;0.0;0.0
residential2;20;1;27;10.868;0.0;0.0;0.0
residential2;20;1;28;11.56;0.0;0.0;0.0
residential2;20;1;29;17.29;0.0;0.0;0.0
residential2;20;1;30;15.305;0.0;0.0;0.0
residential2;20;1;31;45.577;0.0;0.0;0.0
residential2;20;1;32;0.0;0.0;43.814;0.0
residential2;20;1;33;0.0;0.0;41.631;0.0
residential2;20;1;34;0.0;0.0;39.642;0.0
residential2;20;1;35;0.0;0.0;38.825;0.0
residential2;20;1;36;0.0;0.0;34.889;0.0
residential2;20;1;37;0.0;0.0;37.926;0.0
residential2;20;1;38;0.0;0.0;35.389;0.0
residential2;20;1;39;0.0;0.0;40.051;0.0
residential2;20;1;40;0.0;0.0;48.577;0.0
residential2;20;1;41;62.68;0.0;32.355;0.0
residential2;20;1;42;26.676;0.0;16.77;0.0
residential2;20;1;43;73.201;0.0;0.0;0.0
residential2;20;1;44;65.368;0.0;0.0;0.0
residential2;20;1;45;74.74;0.0;0.0;0.0
residential2;20;1;46;79.871;0.0;0.0;0.0
residential2;20;1;47;36.799;0.0;0.0;0.0
residential2;20;1;48;7.558;0.0;0.0;0.0
residential2;20;1;49;11.075;0.0;0.0;0.0
residential2;20;1;50;11.445;0.0;0.0;0.0
residential2;20;1;51;11.457;0.0;0.0;0.0
residential2;20;1;52;9.816;0.0;0.0;0.0
residential2;20;1;53;10.751;0.0;0.0;0.0
residential2;20;1;54;11.091;0.0;0.0;0.0
residential2;20;1;55;32.752;0.0;0.0;0.0
residential2;20;1;56;0.0;0.0;41.68;0.0
residential2;20;1;57;0.0;0.0;38.964;0.0
residential2;20;1;58;0.0;0.0;45.119;0.0
residential2;20;1;59;0.0;0.0;47.92;0.0
residential2;20;1;60;0.0;0.0;42.885;0.0
residential2;20;1;61;0.0;0.0;35.506;0.0
residential2;20;1;62;0.0;0.0;39.343;0.0
residential2;20;1;63;79.876;0.0;4.444;0.0
residential2;20;1;64;0.0;0.0;33.06;0.0
residential2;20;1;65;0.0;0.0;37.919;0.0
residential2;20;1;66;50.193;0.0;0.0;0.0
residential2;20;1;67;60.729;0.0;0.0;0.0
residential2;20;1;68;79.498;0.0;0.0;0.0
residential2;20;1;69;71.926;0.0;0.0;0.0
residential2;20;1;70;54.205;0.0;0.0;0.0
residential2;20;1;71;47.046;0.0;0.0;0.0
residential2;20;1;72;7.482;0.0;0.0;0.0
residential2;20;1;73;11.424;0.0;0.0;0.0
residential2;20;1;74;10.566;0.0;0.0;0.0
residential2;20;1;75;10.401;0.0;0.0;0.0
residential2;20;1;76;11.218;0.0;0.0;0.0
residential2;20;1;77;14.061;0.0;0.0;0.0
residential2;20;1;78;14.356;0.0;0.0;0.0
residential2;20;1;79;5.664;0.0;10.578;0.0
residential2;20;1;80;0.0;0.0;36.68;0.0
residential2;20;1;81;0.0;0.0;51.188;0.0
residential2;20;1;82;0.0;0.0;48.274;0.0
residential2;20;1;83;0.0;0.0;43.415;0.0
residential2;20;1;84;0.0;0.0;41.063;0.0
residential2;20;1;85;0.0;0.0;34.497;0.0
residential2;20;1;86;0.0;0.0;43.155;0.0
residential2;20;1;87;0.0;0.0;75.254;0.0
residential2;20;1;88;0.0;0.0;39.183;0.0
residential2;20;1;89;0.0;0.0;45.756;0.0
residential2;20;1;90;20.183;0.0;18.361;0.0
residential2;20;1;91;58.075;0.0;0.0;0.0
residential2;20;1;92;60.634;0.0;0.0;0.0
residential2;20;1;93;48.063;0.0;0.0;0.0
residential2;20;1;94;52.452;0.0;0.0;0.0
residential2;20;1;95;40.887;0.0;0.0;0.0
residential2;20;1;96;7.412;0.0;0.0;0.0
residential2;20;1;97;11.068;0.0;0.0;0.0
residential2;20;1;98;10.624;0.0;0.0;0.0
residential2;20;1;99;10.421;0.0;0.0;0.0
residential2;20;1;100;9.254;0.0;0.0;0.0
residential2;20;1;101;11.839;0.0;0.0;0.0
residential2;20;1;102;15.644;0.0;0.0;0.0
residential2;20;1;103;17.247;0.0;5.702;0.0
residential2;20;1;104;0.0;0.0;30.946;0.0
residential2;20;1;105;0.0;0.0;50.756;0.0
residential2;20;1;106;0.0;0.0;47.851;0.0
residential2;20;1;107;0.0;0.0;51.211;0.0
residential2;20;1;108;0.0;0.0;51.417;0.0
residential2;20;1;109;0.0;0.0;48.09;0.0
residential2;20;1;110;0.0;0.0;55.45;0.0
residential2;20;1;111;0.0;0.0;49.916;0.0
residential2;20;1;112;0.0;0.0;46.248;0.0
residential2;20;1;113;83.075;0.0;7.247;0.0
residential2;20;1;114;35.612;0.0;11.02;0.0
residential2;20;1;115;60.103;0.0;0.0;0.0
residential2;20;1;116;61.515;0.0;0.0;0.0
residential2;20;1;117;55.863;0.0;0.0;0.0
residential2;20;1;118;63.102;0.0;0.0;0.0
residential2;20;1;119;41.108;0.0;0.0;0.0
residential2;20;1;120;7.619;0.0;0.0;0.0
residential2;20;1;121;11.147;0.0;0.0;0.0
residential2;20;1;122;9.85;0.0;0.0;0.0
residential2;20;1;123;11.929;0.0;0.0;0.0
residential2;20;1;124;10.074;0.0;0.0;0.0
residential2;20;1;125;13.56;0.0;0.0;0.0
residential2;20;1;126;12.101;0.0;0.0;0.0
residential2;20;1;127;43.804;0.0;0.0;0.0
residential2;20;1;128;0.0;0.0;41.745;0.0
residential2;20;1;129;0.0;0.0;40.9;0.0
residential2;20;1;130;0.0;0.0;42.654;0.0
residential2;20;1;131;0.0;0.0;35.136;0.0
residential2;20;1;132;0.0;0.0;43.826;0.0
residential2;20;1;133;0.0;0.0;34.646;0.0
residential2;20;1;134;0.0;0.0;38.534;0.0
residential2;20;1;135;0.0;0.0;33.576;0.0
residential2;20;1;136;0.0;0.0;41.935;0.0
residential2;20;1;137;55.373;0.0;31.636;0.0
residential2;20;1;138;41.282;0.0;6.211;0.0
residential2;20;1;139;74.199;0.0;0.0;0.0
residential2;20;1;140;71.958;0.0;0.0;0.0
residential2;20;1;141;78.264;0.0;0.0;0.0
residential2;20;1;142;57.149;0.0;0.0;0.0
residential2;20;1;143;58.087;0.0;0.0;0.0
residential2;20;1;144;7.461;0.0;0.0;0.0
residential2;20;1;145;12.297;0.0;0.0;0.0
residential2;20;1;146;11.135;0.0;0.0;0.0
residential2;20;1;147;11.104;0.0;0.0;0.0
residential2;20;1;148;9.835;0.0;0.0;0.0
residential2;20;1;149;11.968;0.0;0.0;0.0
residential2;20;1;150;14.53;0.0;0.0;0.0
residential2;20;1;151;37.994;0.0;0.0;0.0
residential2;20;1;152;0.0;0.0;41.161;0.0
residential2;20;1;153;0.0;0.0;47.592;0.0
residential2;20;1;154;0.0;0.0;37.11;0.0
residential2;20;1;155;0.0;0.0;40.906;0.0
residential2;20;1;156;0.0;0.0;45.005;0.0
residential2;20;1;157;0.0;0.0;47.758;0.0
residential2;20;1;158;0.0;0.0;40.2;0.0
residential2;20;1;159;14.598;0.0;89.15;0.0
residential2;20;1;160;0.0;0.0;46.533;0.0
residential2;20;1;161;6.333;0.0;43.502;0.0
residential2;20;1;162;22.702;0.0;25.625;0.0
residential2;20;1;163;86.572;0.0;0.0;0.0
residential2;20;1;164;73.365;0.0;0.0;0.0
residential2;20;1;165;70.574;0.0;0.0;0.0
residential2;20;1;166;68.77;0.0;0.0;0.0
residential2;20;1;167;55.211;0.0;0.0;0.0
residential2;20;2;0;7.519;0.0;0.0;0.0
residential2;20;2;1;18.225;0.0;0.0;0.0
residential2;20;2;2;155.121;0.0;0.0;0.0
residential2;20;2;3;12.89;0.0;0.0;0.0
residential2;20;2;4;30.325;0.0;0.0;0.0
residential2;20;2;5;159.61;0.0;0.0;0.0
residential2;20;2;6;19.58;0.0;0.0;0.0
residential2;20;2;7;32.858;0.0;0.0;0.0
residential2;20;2;8;46.942;0.0;14.007;0.0
residential2;20;2;9;10.83;0.0;88.48;0.0
residential2;20;2;10;0.0;0.0;85.668;0.0
residential2;20;2;11;0.0;0.0;80.796;0.0
residential2;20;2;12;0.0;0.0;69.096;0.0
residential2;20;2;13;0.0;0.0;60.647;0.0
residential2;20;2;14;21.757;0.0;48.127;0.0
residential2;20;2;15;72.997;0.0;16.757;0.0
residential2;20;2;16;174.909;0.0;15.928;0.0
residential2;20;2;17;83.683;0.0;0.001;0.0
residential2;20;2;18;56.416;0.0;0.0;0.0
residential2;20;2;19;140.262;0.0;0.0;0.0
residential2;20;2;20;107.663;0.0;0.0;0.0
residential2;20;2;21;61.892;0.0;0.0;0.0
residential2;20;2;22;154.306;0.0;0.0;0.0
residential2;20;2;23;37.898;0.0;0.0;0.0
residential2;20;2;24;7.566;0.0;0.0;0.0
residential2;20;2;25;11.725;0.0;0.0;0.0
residential2;20;2;26;144.353;0.0;0.0;0.0
residential2;20;2;27;10.748;0.0;0.0;0.0
residential2;20;2;28;163.652;0.0;0.0;0.0
residential2;20;2;29;11.632;0.0;0.0;0.0
residential2;20;2;30;106.268;0.0;0.0;0.0
residential2;20;2;31;130.571;0.0;0.0;0.0
residential2;20;2;32;106.383;0.0;37.51;0.0
residential2;20;2;33;47.636;0.0;74.008;0.0
residential2;20;2;34;0.0;0.0;107.376;0.0
residential2;20;2;35;0.0;0.0;98.759;0.0
residential2;20;2;36;0.0;0.0;83.479;0.0
residential2;20;2;37;0.0;0.0;71.675;0.0
residential2;20;2;38;0.0;0.0;63.852;0.0
residential2;20;2;39;0.0;0.0;50.655;0.0
residential2;20;2;40;168.589;0.0;16.594;0.0
residential2;20;2;41;100.923;0.0;0.001;0.0
residential2;20;2;42;91.287;0.0;0.0;0.0
residential2;20;2;43;90.078;0.0;0.0;0.0
residential2;20;2;44;95.628;0.0;0.0;0.0
residential2;20;2;45;61.987;0.0;0.0;0.0
residential2;20;2;46;56.144;0.0;0.0;0.0
residential2;20;2;47;43.666;0.0;0.0;0.0
residential2;20;2;48;7.554;0.0;0.0;0.0
residential2;20;2;49;9.184;0.0;0.0;0.0
residential2;20;2;50;43.544;0.0;0.0;0.0
residential2;20;2;51;44.377;0.0;0.0;0.0
residential2;20;2;52;44.97;0.0;0.0;0.0
residential2;20;2;53;46.597;0.0;0.0;0.0
residential2;20;2;54;46.657;0.0;0.0;0.0
residential2;20;2;55;79.804;0.0;0.0;0.0
residential2;20;2;56;96.431;0.0;0.0;0.0
residential2;20;2;57;73.942;0.0;0.0;0.0
residential2;20;2;58;70.492;0.0;0.0;0.0
residential2;20;2;59;61.518;0.0;0.001;0.0
residential2;20;2;60;55.708;0.0;0.001;0.0
residential2;20;2;61;44.838;0.0;0.0;0.0
residential2;20;2;62;53.283;0.0;0.0;0.0
residential2;20;2;63;46.793;0.0;0.0;0.0
residential2;20;2;64;75.135;0.0;0.0;0.0
residential2;20;2;65;194.831;0.0;0.0;0.0
residential2;20;2;66;64.171;0.0;0.0;0.0
residential2;20;2;67;59.359;0.0;0.0;0.0
residential2;20;2;68;85.975;0.0;0.0;0.0
residential2;20;2;69;69.631;0.0;0.0;0.0
residential2;20;2;70;62.278;0.0;0.0;0.0
residential2;20;2;71;33.443;0.0;0.0;0.0
residential2;20;2;72;10.713;0.0;0.0;0.0
residential2;20;2;73;29.863;0.0;0.0;0.0
residential2;20;2;74;41.033;0.0;0.0;0.0
residential2;20;2;75;45.089;0.0;0.0;0.0
residential2;20;2;76;43.53;0.0;0.0;0.0
residential2;20;2;77;43.677;0.0;0.0;0.0
residential2;20;2;78;45.583;0.0;0.0;0.0
residential2;20;2;79;71.218;0.0;0.0;0.0
residential2;20;2;80;86.398;0.0;0.0;0.0
residential2;20;2;81;48.901;0.0;32.406;0.0
residential2;20;2;82;68.797;0.0;0.511;0.0
residential2;20;2;83;16.025;0.0;44.424;0.0
residential2;20;2;84;0.0;0.0;59.827;0.0
residential2;20;2;85;3.037;0.0;54.296;0.0
residential2;20;2;86;178.551;0.0;0.0;0.0
residential2;20;2;87;52.424;0.0;0.0;0.0
residential2;20;2;88;42.167;0.0;0.0;0.0
residential2;20;2;89;57.258;0.0;0.001;0.0
residential2;20;2;90;66.474;0.0;0.0;0.0
residential2;20;2;91;67.656;0.0;0.0;0.0
residential2;20;2;92;205.681;0.0;0.0;0.0
residential2;20;2;93;87.219;0.0;0.0;0.0
residential2;20;2;94;60.145;0.0;0.0;0.0
residential2;20;2;95;57.897;0.0;0.0;0.0
residential2;20;2;96;7.501;0.0;0.0;0.0
residential2;20;2;97;15.296;0.0;0.0;0.0
residential2;20;2;98;70.629;0.0;0.0;0.0
residential2;20;2;99;162.134;0.0;0.0;0.0
residential2;20;2;100;45.123;0.0;0.0;0.0
residential2;20;2;101;12.258;0.0;0.0;0.0
residential2;20;2;102;88.659;0.0;0.0;0.0
residential2;20;2;103;101.885;0.0;0.0;0.0
residential2;20;2;104;111.159;0.0;9.398;0.0
residential2;20;2;105;44.307;0.0;68.895;0.0
residential2;20;2;106;28.083;0.0;73.549;0.0
residential2;20;2;107;90.849;0.0;17.557;0.0
residential2;20;2;108;47.654;0.0;55.336;0.0
residential2;20;2;109;91.912;0.0;43.568;0.0
residential2;20;2;110;6.706;0.0;34.161;0.0
residential2;20;2;111;88.666;0.0;0.0;0.0
residential2;20;2;112;109.039;0.0;0.0;0.0
residential2;20;2;113;99.086;0.0;0.0;0.0
residential2;20;2;114;115.607;0.0;0.0;0.0
residential2;20;2;115;119.774;0.0;0.0;0.0
residential2;20;2;116;127.764;0.0;0.0;0.0
residential2;20;2;117;113.233;0.0;0.0;0.0
residential2;20;2;118;109.752;0.0;0.0;0.0
residential2;20;2;119;194.185;0.0;0.0;0.0
residential2;20;2;120;7.595;0.0;0.0;0.0
residential2;20;2;121;103.696;0.0;0.0;0.0
residential2;20;2;122;9.93;0.0;0.0;0.0
residential2;20;2;123;76.632;0.0;0.0;0.0
residential2;20;2;124;79.417;0.0;0.0;0.0
residential2;20;2;125;79.886;0.0;0.0;0.0
residential2;20;2;126;93.889;0.0;0.0;0.0
residential2;20;2;127;117.567;0.0;0.0;0.0
residential2;20;2;128;136.216;0.0;0.0;0.0
residential2;20;2;129;107.581;0.0;0.0;0.0
residential2;20;2;130;104.617;0.0;0.001;0.0
residential2;20;2;131;91.928;0.0;0.001;0.0
residential2;20;2;132;65.271;0.0;21.961;0.0
residential2;20;2;133;18.262;0.0;64.092;0.0
residential2;20;2;134;176.053;0.0;0.0;0.0
residential2;20;2;135;131.297;0.0;0.0;0.0
residential2;20;2;136;54.745;0.0;0.0;0.0
residential2;20;2;137;59.686;0.0;0.0;0.0
residential2;20;2;138;63.869;0.0;0.0;0.0
residential2;20;2;139;230.379;0.0;0.0;0.0
residential2;20;2;140;69.934;0.0;0.0;0.0
residential2;20;2;141;76.027;0.0;0.0;0.0
residential2;20;2;142;128.992;0.0;0.0;0.0
residential2;20;2;143;47.912;0.0;0.0;0.0
residential2;20;2;144;66.569;0.0;0.0;0.0
residential2;20;2;145;74.168;0.0;0.0;0.0
residential2;20;2;146;75.102;0.0;0.0;0.0
residential2;20;2;147;76.035;0.0;0.0;0.0
residential2;20;2;148;77.647;0.0;0.0;0.0
residential2;20;2;149;75.879;0.0;0.0;0.0
residential2;20;2;150;89.67;0.0;0.0;0.0
residential2;20;2;151;118.101;0.0;0.0;0.0
residential2;20;2;152;109.176;0.0;0.0;0.0
residential2;20;2;153;106.256;0.0;0.0;0.0
residential2;20;2;154;114.234;0.0;0.0;0.0
residential2;20;2;155;90.668;0.0;0.0;0.0
residential2;20;2;156;87.355;0.0;0.0;0.0
residential2;20;2;157;97.092;0.0;0.0;0.0
residential2;20;2;158;78.435;0.0;0.0;0.0
residential2;20;2;159;68.188;0.0;0.0;0.0
residential2;20;2;160;83.937;0.0;0.0;0.0
residential2;20;2;161;89.488;0.0;0.0;0.0
residential2;20;2;162;98.791;0.0;0.0;0.0
residential2;20;2;163;103.214;0.0;0.0;0.0
residential2;20;2;164;103.41;0.0;0.0;0.0
residential2;20;2;165;102.359;0.0;0.0;0.0
residential2;20;2;166;107.888;0.0;0.0;0.0
residential2;20;2;167;146.033;0.0;0.0;0.0
residential2;20;3;0;76.254;0.0;0.0;0.0
residential2;20;3;1;147.87;0.0;0.0;0.0
residential2;20;3;2;147.46;0.0;0.0;0.0
residential2;20;3;3;149.429;0.0;0.0;0.0
residential2;20;3;4;198.776;0.0;0.0;0.0
residential2;20;3;5;108.485;0.0;0.0;0.0
residential2;20;3;6;174.983;0.0;0.0;0.0
residential2;20;3;7;201.342;0.0;0.0;0.0
residential2;20;3;8;207.833;0.0;0.0;0.0
residential2;20;3;9;186.842;0.0;0.0;0.0
residential2;20;3;10;180.332;0.0;0.0;0.0
residential2;20;3;11;162.522;0.0;0.0;0.0
residential2;20;3;12;161.649;0.0;0.0;0.0
residential2;20;3;13;113.579;0.0;35.901;0.0
residential2;20;3;14;135.371;0.0;32.656;0.0
residential2;20;3;15;200.113;0.0;0.0;0.0
residential2;20;3;16;224.625;0.0;0.0;0.0
residential2;20;3;17;95.457;0.0;0.0;0.0
residential2;20;3;18;234.735;0.0;0.0;0.0
residential2;20;3;19;72.949;0.0;0.0;0.0
residential2;20;3;20;97.511;0.0;0.0;0.0
residential2;20;3;21;196.429;0.0;0.0;0.0
residential2;20;3;22;197.878;0.0;0.0;0.0
residential2;20;3;23;242.671;0.0;0.0;0.0
residential2;20;3;24;195.983;0.0;0.0;0.0
residential2;20;3;25;15.261;0.0;0.0;0.0
residential2;20;3;26;151.341;0.0;0.0;0.0
residential2;20;3;27;152.323;0.0;0.0;0.0
residential2;20;3;28;156.462;0.0;0.0;0.0
residential2;20;3;29;160.552;0.0;0.0;0.0
residential2;20;3;30;172.329;0.0;0.0;0.0
residential2;20;3;31;201.349;0.0;0.0;0.0
residential2;20;3;32;202.233;0.0;0.0;0.0
residential2;20;3;33;193.716;0.0;0.0;0.0
residential2;20;3;34;181.507;0.0;0.0;0.0
residential2;20;3;35;162.452;0.0;0.0;0.0
residential2;20;3;36;170.307;0.0;0.0;0.0
residential2;20;3;37;162.771;0.0;0.0;0.0
residential2;20;3;38;173.777;0.0;0.0;0.0
residential2;20;3;39;174.496;0.0;0.0;0.0
residential2;20;3;40;188.082;0.0;0.0;0.0
residential2;20;3;41;192.849;0.0;0.0;0.0
residential2;20;3;42;202.815;0.0;0.0;0.0
residential2;20;3;43;203.772;0.0;0.0;0.0
residential2;20;3;44;206.671;0.0;0.0;0.0
residential2;20;3;45;189.671;0.0;0.0;0.0
residential2;20;3;46;184.924;0.0;0.0;0.0
residential2;20;3;47;150.7;0.0;0.0;0.0
residential2;20;3;48;105.635;0.0;0.0;0.0
residential2;20;3;49;102.278;0.0;0.0;0.0
residential2;20;3;50;100.382;0.0;0.0;0.0
residential2;20;3;51;97.98;0.0;0.0;0.0
residential2;20;3;52;98.17;0.0;0.0;0.0
residential2;20;3;53;97.409;0.0;0.0;0.0
residential2;20;3;54;101.692;0.0;0.0;0.0
residential2;20;3;55;142.723;0.0;0.0;0.0
residential2;20;3;56;168.152;0.0;0.0;0.0
residential2;20;3;57;128.41;0.0;0.0;0.0
residential2;20;3;58;134.256;0.0;0.0;0.0
residential2;20;3;59;129.045;0.0;0.0;0.0
residential2;20;3;60;119.064;0.0;0.0;0.0
residential2;20;3;61;123.679;0.0;0.0;0.0
residential2;20;3;62;110.322;0.0;0.0;0.0
residential2;20;3;63;118.33;0.0;0.0;0.0
residential2;20;3;64;134.468;0.0;0.0;0.0
residential2;20;3;65;217.193;0.0;0.0;0.0
residential2;20;3;66;229.166;0.0;0.0;0.0
residential2;20;3;67;138.912;0.0;0.0;0.0
residential2;20;3;68;136.95;0.0;0.0;0.0
residential2;20;3;69;79.863;0.0;0.0;0.0
residential2;20;3;70;56.541;0.0;0.0;0.0
residential2;20;3;71;132.226;0.0;0.0;0.0
residential2;20;3;72;99.845;0.0;0.0;0.0
residential2;20;3;73;106.94;0.0;0.0;0.0
residential2;20;3;74;103.199;0.0;0.0;0.0
residential2;20;3;75;111.21;0.0;0.0;0.0
residential2;20;3;76;107.734;0.0;0.0;0.0
residential2;20;3;77;109.894;0.0;0.0;0.0
residential2;20;3;78;187.909;0.0;0.0;0.0
residential2;20;3;79;65.076;0.0;0.0;0.0
residential2;20;3;80;146.535;0.0;0.0;0.0
residential2;20;3;81;141.268;0.0;0.0;0.0
residential2;20;3;82;157.788;0.0;0.0;0.0
residential2;20;3;83;149.486;0.0;0.0;0.0
residential2;20;3;84;148.057;0.0;0.0;0.0
residential2;20;3;85;217.246;0.0;0.0;0.0
residential2;20;3;86;58.7;0.0;0.0;0.0
residential2;20;3;87;209.994;0.0;0.0;0.0
residential2;20;3;88;109.392;0.0;0.0;0.0
residential2;20;3;89;237.549;0.0;0.0;0.0
residential2;20;3;90;231.147;0.0;0.0;0.0
residential2;20;3;91;86.094;0.0;0.0;0.0
residential2;20;3;92;63.903;0.0;0.0;0.0
residential2;20;3;93;179.937;0.0;0.0;0.0
residential2;20;3;94;177.37;0.0;0.0;0.0
residential2;20;3;95;164.491;0.0;0.0;0.0
residential2;20;3;96;160.964;0.0;0.0;0.0
residential2;20;3;97;170.157;0.0;0.0;0.0
residential2;20;3;98;167.759;0.0;0.0;0.0
residential2;20;3;99;172.262;0.0;0.0;0.0
residential2;20;3;100;169.724;0.0;0.0;0.0
residential2;20;3;101;164.028;0.0;0.0;0.0
residential2;20;3;102;173.111;0.0;0.0;0.0
residential2;20;3;103;191.449;0.0;0.0;0.0
residential2;20;3;104;191.68;0.0;0.0;0.0
residential2;20;3;105;235.31;0.0;0.0;0.0
residential2;20;3;106;166.981;0.0;0.0;0.0
residential2;20;3;107;197.417;0.0;0.0;0.0
residential2;20;3;108;204.347;0.0;0.0;0.0
residential2;20;3;109;188.283;0.0;0.0;0.0
residential2;20;3;110;188.054;0.0;0.0;0.0
residential2;20;3;111;187.692;0.0;0.0;0.0
residential2;20;3;112;197.988;0.0;0.0;0.0
residential2;20;3;113;195.524;0.0;0.0;0.0
residential2;20;3;114;213.437;0.0;0.0;0.0
residential2;20;3;115;207.666;0.0;0.0;0.0
residential2;20;3;116;191.98;0.0;0.0;0.0
residential2;20;3;117;207.498;0.0;0.0;0.0
residential2;20;3;118;179.786;0.0;0.0;0.0
residential2;20;3;119;173.757;0.0;0.0;0.0
residential2;20;3;120;188.786;0.0;0.0;0.0
residential2;20;3;121;197.289;0.0;0.0;0.0
residential2;20;3;122;196.601;0.0;0.0;0.0
residential2;20;3;123;198.41;0.0;0.0;0.0
residential2;20;3;124;99.724;0.0;0.0;0.0
residential2;20;3;125;9.908;0.0;0.0;0.0
residential2;20;3;126;185.289;0.0;0.0;0.0
residential2;20;3;127;218.086;0.0;0.0;0.0
residential2;20;3;128;203.195;0.0;0.0;0.0
residential2;20;3;129;202.95;0.0;0.0;0.0
residential2;20;3;130;193.807;0.0;0.0;0.0
residential2;20;3;131;192.014;0.0;0.0;0.0
residential2;20;3;132;177.984;0.0;0.0;0.0
residential2;20;3;133;160.174;0.0;0.0;0.0
residential2;20;3;134;179.299;0.0;0.0;0.0
residential2;20;3;135;173.955;0.0;0.0;0.0
residential2;20;3;136;240.538;0.0;0.0;0.0
residential2;20;3;137;138.936;0.0;0.0;0.0
residential2;20;3;138;210.436;0.0;0.0;0.0
residential2;20;3;139;271.601;0.0;0.0;0.0
residential2;20;3;140;168.92;0.0;0.0;0.0
residential2;20;3;141;222.153;0.0;0.0;0.0
residential2;20;3;142;213.151;0.0;0.0;0.0
residential2;20;3;143;192.276;0.0;0.0;0.0
residential2;20;3;144;197.692;0.0;0.0;0.0
residential2;20;3;145;119.325;0.0;0.0;0.0
residential2;20;3;146;201.644;0.0;0.0;0.0
residential2;20;3;147;125.975;0.0;0.0;0.0
residential2;20;3;148;166.009;0.0;0.0;0.0
residential2;20;3;149;170.247;0.0;0.0;0.0
residential2;20;3;150;187.397;0.0;0.0;0.0
residential2;20;3;151;200.306;0.0;0.0;0.0
residential2;20;3;152;205.487;0.0;0.0;0.0
residential2;20;3;153;174.562;0.0;0.0;0.0
residential2;20;3;154;165.0;0.0;0.0;0.0
residential2;20;3;155;155.663;0.0;0.0;0.0
residential2;20;3;156;153.273;0.0;0.0;0.0
residential2;20;3;157;215.611;0.0;0.0;0.0
residential2;20;3;158;90.389;0.0;0.0;0.0
residential2;20;3;159;155.932;0.0;0.0;0.0
residential2;20;3;160;153.657;0.0;0.0;0.0
residential2;20;3;161;174.603;0.0;0.0;0.0
residential2;20;3;162;172.815;0.0;0.0;0.0
residential2;20;3;163;187.518;0.0;0.0;0.0
residential2;20;3;164;162.417;0.0;0.0;0.0
residential2;20;3;165;173.53;0.0;0.0;0.0
residential2;20;3;166;236.722;0.0;0.0;0.0
residential2;20;3;167;139.846;0.0;0.0;0.0
