Support_Year;Cluster;Timestep;HP;EB;from_grid;from_main_grid;from_network
0;0;0;173.117;0.0;190.191;190.191;0.0
0;0;1;235.52;0.0;259.569;259.569;0.0
0;0;2;0.0;0.0;21.506;21.506;0.0
0;0;3;172.163;0.0;195.777;195.777;0.0
0;0;4;233.734;0.0;257.383;257.383;0.0
0;0;5;241.293;0.0;266.685;266.685;0.0
0;0;6;238.983;0.0;265.051;265.051;0.0
0;0;7;233.79;0.0;303.62;303.62;0.0
0;0;8;199.712;0.0;303.266;303.266;0.0
0;0;9;173.882;0.0;259.54;259.54;0.0
0;0;10;149.204;0.0;226.319;226.319;0.0
0;0;11;135.383;0.0;210.53;210.53;0.0
0;0;12;133.637;0.0;198.502;179.895;18.607
0;0;13;113.708;0.0;192.508;192.508;0.0
0;0;14;195.88;0.0;276.639;276.639;0.0
0;0;15;132.913;0.0;203.663;203.663;0.0
0;0;16;203.324;0.0;291.211;291.211;0.0
0;0;17;0.0;0.0;111.457;111.457;0.0
0;0;18;208.485;0.0;337.661;337.661;0.0
0;0;19;78.147;0.0;213.907;213.907;0.0
0;0;20;211.928;0.0;350.107;350.107;0.0
0;0;21;152.709;0.0;277.282;277.282;0.0
0;0;22;154.82;0.0;251.168;251.168;0.0
0;0;23;0.0;0.0;83.576;83.576;0.0
0;0;24;95.02;0.0;112.332;112.332;0.0
0;0;25;192.652;0.0;220.198;220.198;0.0
0;0;26;203.132;0.0;227.069;227.069;0.0
0;0;27;221.452;0.0;245.422;245.422;0.0
0;0;28;241.87;0.0;263.211;263.211;0.0
0;0;29;242.448;0.0;266.173;266.173;0.0
0;0;30;246.495;0.0;275.186;275.186;0.0
0;0;31;246.495;0.0;321.518;321.518;0.0
0;0;32;239.589;0.0;344.89;344.89;0.0
0;0;33;237.14;0.0;316.957;316.957;0.0
0;0;34;222.876;0.0;301.922;301.922;0.0
0;0;35;210.624;0.0;285.638;285.638;0.0
0;0;36;234.943;0.0;305.863;305.863;0.0
0;0;37;182.348;0.0;261.294;261.294;0.0
0;0;38;196.825;0.0;273.061;273.061;0.0
0;0;39;191.246;0.0;269.406;269.406;0.0
0;0;40;180.183;0.0;260.982;260.982;0.0
0;0;41;173.314;0.0;277.632;277.632;0.0
0;0;42;188.699;0.0;321.693;321.693;0.0
0;0;43;195.241;0.0;321.262;321.262;0.0
0;0;44;202.689;0.0;332.017;332.017;0.0
0;0;45;206.964;0.0;323.134;323.134;0.0
0;0;46;180.643;0.0;300.832;300.832;0.0
0;0;47;189.344;0.0;262.826;262.826;0.0
0;0;48;174.216;0.0;191.248;191.248;0.0
0;0;49;172.202;0.0;197.88;197.88;0.0
0;0;50;173.973;0.0;197.291;197.291;0.0
0;0;51;177.081;0.0;198.961;198.961;0.0
0;0;52;177.674;0.0;197.98;197.98;0.0
0;0;53;179.567;0.0;201.078;201.078;0.0
0;0;54;202.961;0.0;229.817;229.817;0.0
0;0;55;226.875;0.0;293.222;293.222;0.0
0;0;56;226.875;0.0;319.619;319.619;0.0
0;0;57;176.603;0.0;258.868;258.868;0.0
0;0;58;168.554;0.0;246.435;246.435;0.0
0;0;59;146.99;0.0;207.84;128.534;79.306
0;0;60;131.389;0.0;197.553;19.33;178.223
0;0;61;118.901;0.0;191.897;19.719;172.177
0;0;62;112.487;0.0;187.313;139.544;47.769
0;0;63;120.749;0.0;189.44;189.44;0.0
0;0;64;104.974;0.0;187.056;187.056;0.0
0;0;65;76.192;0.0;157.413;157.413;0.0
0;0;66;74.796;0.0;188.152;188.152;0.0
0;0;67;200.46;0.0;329.269;329.269;0.0
0;0;68;63.061;0.0;187.155;187.155;0.0
0;0;69;0.0;0.0;126.043;126.043;0.0
0;0;70;100.087;0.0;222.254;222.254;0.0
0;0;71;92.303;0.0;171.902;171.902;0.0
0;0;72;207.911;0.0;225.68;225.68;0.0
0;0;73;1.127;0.0;27.031;27.031;0.0
0;0;74;113.646;0.0;134.724;134.724;0.0
0;0;75;116.542;0.0;139.551;139.551;0.0
0;0;76;116.318;0.0;137.421;137.421;0.0
0;0;77;118.041;0.0;138.824;138.824;0.0
0;0;78;118.718;0.0;146.135;146.135;0.0
0;0;79;171.747;0.0;213.923;213.923;0.0
0;0;80;171.921;0.0;226.41;226.41;0.0
0;0;81;116.724;0.0;181.118;181.118;0.0
0;0;82;112.0;0.0;197.65;197.65;0.0
0;0;83;101.993;0.0;175.624;165.116;10.508
0;0;84;97.744;0.0;169.016;169.016;0.0
0;0;85;89.367;0.0;161.022;127.074;33.949
0;0;86;87.241;0.0;159.613;7.634;151.979
0;0;87;108.1;0.0;176.002;174.991;1.011
0;0;88;197.024;0.0;260.544;260.544;0.0
0;0;89;199.314;0.0;301.798;301.798;0.0
0;0;90;0.0;0.0;111.58;111.58;0.0
0;0;91;198.948;0.0;309.534;309.534;0.0
0;0;92;33.978;0.0;134.324;134.324;0.0
0;0;93;218.821;0.0;339.276;339.276;0.0
0;0;94;20.648;0.0;108.964;108.964;0.0
0;0;95;225.148;0.0;302.465;302.465;0.0
0;0;96;228.603;0.0;245.147;245.147;0.0
0;0;97;202.531;0.0;235.585;235.585;0.0
0;0;98;216.759;0.0;239.672;239.672;0.0
0;0;99;14.554;0.0;36.303;36.303;0.0
0;0;100;241.87;0.0;264.28;264.28;0.0
0;0;101;243.604;0.0;269.891;269.891;0.0
0;0;102;243.026;0.0;271.894;271.894;0.0
0;0;103;241.87;0.0;301.347;301.347;0.0
0;0;104;241.293;0.0;302.04;302.04;0.0
0;0;105;235.061;0.0;311.897;311.897;0.0
0;0;106;215.348;0.0;309.62;309.62;0.0
0;0;107;205.131;0.0;284.916;196.002;88.913
0;0;108;210.034;0.0;294.909;294.909;0.0
0;0;109;191.115;0.0;285.486;285.486;0.0
0;0;110;183.142;0.0;255.387;255.387;0.0
0;0;111;176.104;0.0;256.673;256.673;0.0
0;0;112;168.058;0.0;243.463;243.463;0.0
0;0;113;174.932;0.0;273.191;273.191;0.0
0;0;114;226.875;0.0;327.636;327.636;0.0
0;0;115;227.451;0.0;358.021;358.021;0.0
0;0;116;228.027;0.0;337.874;337.874;0.0
0;0;117;229.755;0.0;339.102;339.102;0.0
0;0;118;236.674;0.0;338.526;338.526;0.0
0;0;119;198.924;0.0;279.409;279.409;0.0
0;0;120;0.0;0.0;17.164;17.164;0.0
0;0;121;233.93;0.0;266.631;266.631;0.0
0;0;122;249.387;0.0;273.899;273.899;0.0
0;0;123;247.073;0.0;271.182;271.182;0.0
0;0;124;245.338;0.0;267.337;267.337;0.0
0;0;125;247.651;0.0;271.123;271.123;0.0
0;0;126;245.916;0.0;275.866;275.866;0.0
0;0;127;244.76;0.0;334.466;334.466;0.0
0;0;128;246.495;0.0;350.888;350.888;0.0
0;0;129;246.495;0.0;316.811;316.811;0.0
0;0;130;232.526;0.0;317.228;317.228;0.0
0;0;131;216.602;0.0;290.132;290.132;0.0
0;0;132;212.194;0.0;281.714;281.714;0.0
0;0;133;181.897;0.0;256.601;256.601;0.0
0;0;134;222.846;0.0;293.59;293.59;0.0
0;0;135;225.148;0.0;299.292;299.292;0.0
0;0;136;227.451;0.0;322.558;322.558;0.0
0;0;137;127.44;0.0;255.92;255.92;0.0
0;0;138;232.637;0.0;359.74;359.74;0.0
0;0;139;233.213;0.0;376.187;376.187;0.0
0;0;140;232.637;0.0;352.933;352.933;0.0
0;0;141;234.367;0.0;335.23;335.23;0.0
0;0;142;234.367;0.0;359.782;359.782;0.0
0;0;143;225.706;0.0;294.871;294.871;0.0
0;0;144;157.096;0.0;174.763;174.763;0.0
0;0;145;251.703;0.0;283.611;283.611;0.0
0;0;146;252.282;0.0;274.919;274.919;0.0
0;0;147;251.703;0.0;275.497;275.497;0.0
0;0;148;252.861;0.0;277.586;277.586;0.0
0;0;149;253.44;0.0;280.281;280.281;0.0
0;0;150;249.966;0.0;282.458;282.458;0.0
0;0;151;248.23;0.0;328.422;328.422;0.0
0;0;152;247.073;0.0;349.953;349.953;0.0
0;0;153;245.916;0.0;326.612;326.612;0.0
0;0;154;244.76;0.0;325.264;312.354;12.909
0;0;155;234.902;0.0;303.376;187.261;116.115
0;0;156;225.341;0.0;309.389;209.088;100.302
0;0;157;192.366;0.0;272.714;185.827;86.887
0;0;158;177.396;0.0;260.018;147.944;112.074
0;0;159;166.44;0.0;237.335;237.335;0.0
0;0;160;221.121;0.0;313.211;313.211;0.0
0;0;161;183.868;0.0;279.745;279.745;0.0
0;0;162;223.422;0.0;340.998;340.998;0.0
0;0;163;228.027;0.0;348.512;348.512;0.0
0;0;164;229.755;0.0;356.216;356.216;0.0
0;0;165;143.809;0.0;257.992;257.992;0.0
0;0;166;237.251;0.0;348.996;348.996;0.0
0;0;167;168.955;0.0;243.046;243.046;0.0
0;1;0;0.0;0.0;17.989;17.989;0.0
0;1;1;0.0;0.0;23.255;23.255;0.0
0;1;2;0.0;0.0;23.143;23.143;0.0
0;1;3;0.0;0.0;21.498;21.498;0.0
0;1;4;0.0;0.0;20.967;20.967;0.0
0;1;5;0.0;0.0;22.931;22.931;0.0
0;1;6;0.0;0.0;34.738;34.738;0.0
0;1;7;0.0;0.0;62.845;33.644;29.2
0;1;8;0.0;0.0;77.501;0.0;77.501
0;1;9;0.0;0.0;77.11;0.0;77.11
0;1;10;0.0;0.0;81.076;0.0;81.076
0;1;11;0.0;0.0;77.919;0.0;77.919
0;1;12;0.0;0.0;74.173;0.0;74.173
0;1;13;0.0;0.0;83.849;0.0;83.849
0;1;14;0.0;0.0;73.651;0.0;73.651
0;1;15;0.0;0.0;76.907;0.0;76.907
0;1;16;56.258;0.0;143.037;0.0;143.037
0;1;17;0.0;0.0;111.289;29.881;81.409
0;1;18;0.0;0.0;107.061;107.061;0.0
0;1;19;0.0;0.0;122.371;122.371;0.0
0;1;20;0.0;0.0;124.403;124.403;0.0
0;1;21;0.0;0.0;111.132;111.132;0.0
0;1;22;0.0;0.0;104.452;104.452;0.0
0;1;23;0.0;0.0;77.846;77.846;0.0
0;1;24;0.0;0.0;17.355;17.355;0.0
0;1;25;0.0;0.0;26.723;26.723;0.0
0;1;26;0.0;0.0;23.085;23.085;0.0
0;1;27;0.0;0.0;23.11;23.11;0.0
0;1;28;0.0;0.0;24.173;24.173;0.0
0;1;29;0.0;0.0;25.641;25.641;0.0
0;1;30;0.0;0.0;28.276;28.276;0.0
0;1;31;0.0;0.0;66.847;54.042;12.805
0;1;32;4.67;0.0;81.58;0.0;81.58
0;1;33;4.439;0.0;79.876;0.0;79.876
0;1;34;4.153;0.0;79.722;0.0;79.722
0;1;35;4.318;0.0;82.895;0.0;82.895
0;1;36;8.725;0.0;69.65;0.0;69.65
0;1;37;3.315;0.0;75.51;0.0;75.51
0;1;38;4.051;0.0;80.093;0.0;80.093
0;1;39;81.897;0.0;155.754;0.0;155.754
0;1;40;0.0;0.0;82.072;0.0;82.072
0;1;41;36.306;0.0;124.469;0.0;124.469
0;1;42;0.0;0.0;98.397;63.646;34.751
0;1;43;0.0;0.0;122.484;122.484;0.0
0;1;44;0.0;0.0;131.598;131.598;0.0
0;1;45;0.0;0.0;118.838;118.838;0.0
0;1;46;0.0;0.0;107.994;107.994;0.0
0;1;47;0.0;0.0;70.285;70.285;0.0
0;1;48;0.0;0.0;17.385;17.385;0.0
0;1;49;0.0;0.0;24.797;24.797;0.0
0;1;50;0.0;0.0;24.379;24.379;0.0
0;1;51;0.0;0.0;23.103;23.103;0.0
0;1;52;0.0;0.0;21.947;21.947;0.0
0;1;53;0.0;0.0;22.954;22.954;0.0
0;1;54;0.0;0.0;35.244;35.244;0.0
0;1;55;0.0;0.0;55.09;55.09;0.0
0;1;56;0.0;0.0;75.434;0.0;75.434
0;1;57;0.0;0.0;59.689;0.0;59.689
0;1;58;5.14;0.0;90.505;0.0;90.505
0;1;59;4.349;0.0;76.638;0.0;76.638
0;1;60;3.919;0.0;75.573;0.0;75.573
0;1;61;3.468;0.0;81.833;0.0;81.833
0;1;62;60.357;0.0;134.02;0.0;134.02
0;1;63;22.549;0.0;98.326;0.0;98.326
0;1;64;44.908;0.0;117.175;0.0;117.175
0;1;65;0.0;0.0;94.343;0.0;94.343
0;1;66;0.0;0.0;105.985;105.985;0.0
0;1;67;0.0;0.0;124.163;124.163;0.0
0;1;68;0.0;0.0;131.535;131.535;0.0
0;1;69;0.0;0.0;115.146;115.146;0.0
0;1;70;0.0;0.0;119.896;119.896;0.0
0;1;71;0.0;0.0;84.662;84.662;0.0
0;1;72;0.0;0.0;17.365;17.365;0.0
0;1;73;0.0;0.0;24.07;24.07;0.0
0;1;74;0.0;0.0;22.578;22.578;0.0
0;1;75;0.0;0.0;22.352;22.352;0.0
0;1;76;0.0;0.0;24.16;24.16;0.0
0;1;77;0.0;0.0;23.863;23.863;0.0
0;1;78;0.0;0.0;24.583;24.583;0.0
0;1;79;0.0;0.0;42.237;0.0;42.237
0;1;80;0.0;0.0;43.922;0.0;43.922
0;1;81;4.919;0.0;68.762;0.0;68.762
0;1;82;4.926;0.0;63.739;0.0;63.739
0;1;83;4.723;0.0;68.838;0.0;68.838
0;1;84;3.776;0.0;76.597;0.0;76.597
0;1;85;4.811;0.0;84.864;0.0;84.864
0;1;86;3.724;0.0;62.118;0.0;62.118
0;1;87;102.057;0.0;176.915;0.0;176.915
0;1;88;0.0;0.0;68.892;0.0;68.892
0;1;89;0.0;0.0;93.093;0.0;93.093
0;1;90;0.0;0.0;107.235;73.962;33.274
0;1;91;0.0;0.0;93.46;93.46;0.0
0;1;92;0.0;0.0;98.34;98.34;0.0
0;1;93;0.0;0.0;103.639;103.639;0.0
0;1;94;0.0;0.0;107.166;107.166;0.0
0;1;95;0.0;0.0;69.617;69.617;0.0
0;1;96;0.0;0.0;19.569;19.569;0.0
0;1;97;0.0;0.0;30.595;30.595;0.0
0;1;98;0.0;0.0;24.166;24.166;0.0
0;1;99;0.0;0.0;22.786;22.786;0.0
0;1;100;0.0;0.0;24.026;24.026;0.0
0;1;101;0.0;0.0;23.977;23.977;0.0
0;1;102;0.0;0.0;29.663;29.663;0.0
0;1;103;0.0;0.0;57.721;34.244;23.477
0;1;104;0.0;0.0;64.737;0.0;64.737
0;1;105;4.879;0.0;88.618;0.0;88.618
0;1;106;4.577;0.0;90.414;0.0;90.414
0;1;107;5.052;0.0;100.464;0.0;100.464
0;1;108;8.939;0.0;94.952;0.0;94.952
0;1;109;3.739;0.0;83.801;0.0;83.801
0;1;110;4.797;0.0;90.541;0.0;90.541
0;1;111;40.784;0.0;119.565;0.0;119.565
0;1;112;58.115;0.0;160.604;0.0;160.604
0;1;113;0.0;0.0;93.946;0.0;93.946
0;1;114;0.0;0.0;100.858;85.722;15.136
0;1;115;0.0;0.0;108.578;108.578;0.0
0;1;116;0.0;0.0;116.126;116.126;0.0
0;1;117;0.0;0.0;116.674;116.674;0.0
0;1;118;0.0;0.0;105.6;105.6;0.0
0;1;119;0.0;0.0;89.315;89.315;0.0
0;1;120;0.0;0.0;17.254;17.254;0.0
0;1;121;0.0;0.0;25.948;25.948;0.0
0;1;122;0.0;0.0;21.824;21.824;0.0
0;1;123;0.0;0.0;24.068;24.068;0.0
0;1;124;0.0;0.0;21.652;21.652;0.0
0;1;125;0.0;0.0;22.917;22.917;0.0
0;1;126;0.0;0.0;33.774;33.774;0.0
0;1;127;0.0;0.0;83.067;83.067;0.0
0;1;128;0.0;0.0;89.751;0.0;89.751
0;1;129;5.003;0.0;83.552;0.0;83.552
0;1;130;5.753;0.0;78.703;0.0;78.703
0;1;131;4.07;0.0;75.016;0.0;75.016
0;1;132;7.963;0.0;86.484;0.0;86.484
0;1;133;4.261;0.0;75.54;0.0;75.54
0;1;134;3.806;0.0;87.485;0.0;87.485
0;1;135;32.366;0.0;112.117;0.0;112.117
0;1;136;63.9;0.0;151.181;0.0;151.181
0;1;137;0.0;0.0;92.244;0.0;92.244
0;1;138;0.0;0.0;121.66;119.103;2.557
0;1;139;0.0;0.0;132.421;132.421;0.0
0;1;140;0.0;0.0;123.776;123.776;0.0
0;1;141;0.0;0.0;100.279;100.279;0.0
0;1;142;0.0;0.0;107.191;107.191;0.0
0;1;143;0.0;0.0;84.711;84.711;0.0
0;1;144;0.0;0.0;17.57;17.57;0.0
0;1;145;0.0;0.0;23.791;23.791;0.0
0;1;146;0.0;0.0;23.035;23.035;0.0
0;1;147;0.0;0.0;22.002;22.002;0.0
0;1;148;0.0;0.0;22.518;22.518;0.0
0;1;149;0.0;0.0;21.913;21.913;0.0
0;1;150;0.0;0.0;26.408;26.408;0.0
0;1;151;0.0;0.0;65.537;62.605;2.932
0;1;152;0.0;0.0;79.595;0.0;79.595
0;1;153;4.736;0.0;78.721;0.0;78.721
0;1;154;4.145;0.0;89.954;0.0;89.954
0;1;155;3.995;0.0;82.562;0.0;82.562
0;1;156;8.771;0.0;88.117;0.0;88.117
0;1;157;3.577;0.0;94.359;0.0;94.359
0;1;158;4.144;0.0;84.471;0.0;84.471
0;1;159;126.123;0.0;196.021;0.0;196.021
0;1;160;40.063;0.0;122.222;0.0;122.222
0;1;161;5.675;0.0;110.198;0.0;110.198
0;1;162;11.768;0.0;118.654;76.564;42.09
0;1;163;0.0;0.0;122.336;122.336;0.0
0;1;164;0.0;0.0;124.667;124.667;0.0
0;1;165;0.0;0.0;123.342;123.342;0.0
0;1;166;0.0;0.0;120.635;120.635;0.0
0;1;167;0.0;0.0;95.676;95.676;0.0
0;2;0;0.0;0.0;16.569;16.569;0.0
0;2;1;0.0;0.0;24.058;24.058;0.0
0;2;2;174.808;0.0;196.889;196.889;0.0
0;2;3;0.0;0.0;22.732;22.732;0.0
0;2;4;11.683;0.0;32.943;32.943;0.0
0;2;5;198.169;0.0;220.025;220.025;0.0
0;2;6;0.0;0.0;24.451;24.451;0.0
0;2;7;91.135;0.0;170.071;170.071;0.0
0;2;8;0.0;0.0;106.538;106.538;0.0
0;2;9;94.876;0.0;181.275;165.332;15.943
0;2;10;87.615;0.0;168.688;0.0;168.688
0;2;11;197.597;0.0;260.424;0.0;260.424
0;2;12;150.401;0.0;227.263;0.0;227.263
0;2;13;42.943;0.0;119.17;0.0;119.17
0;2;14;37.34;0.0;114.039;0.0;114.039
0;2;15;31.581;0.0;116.913;0.0;116.913
0;2;16;30.695;0.0;120.713;43.796;76.917
0;2;17;30.253;0.0;158.718;158.718;0.0
0;2;18;0.0;0.0;117.045;117.045;0.0
0;2;19;123.322;0.0;238.838;238.838;0.0
0;2;20;69.928;0.0;206.367;206.367;0.0
0;2;21;0.0;0.0;128.435;128.435;0.0
0;2;22;150.714;0.0;269.328;269.328;0.0
0;2;23;87.801;0.0;162.994;162.994;0.0
0;2;24;0.0;0.0;16.598;16.598;0.0
0;2;25;0.0;0.0;25.986;25.986;0.0
0;2;26;218.246;0.0;241.97;241.97;0.0
0;2;27;11.33;0.0;33.638;33.638;0.0
0;2;28;220.546;0.0;242.034;242.034;0.0
0;2;29;59.747;0.0;82.675;82.675;0.0
0;2;30;175.842;0.0;201.694;201.694;0.0
0;2;31;179.061;0.0;261.978;261.978;0.0
0;2;32;162.242;0.0;255.018;255.018;0.0
0;2;33;152.527;0.0;236.081;191.74;44.341
0;2;34;131.838;0.0;206.384;33.504;172.88
0;2;35;113.072;0.0;175.479;0.0;175.479
0;2;36;131.182;0.0;198.281;0.0;198.281
0;2;37;152.832;0.0;234.484;0.0;234.484
0;2;38;0.0;0.0;80.508;0.0;80.508
0;2;39;0.0;0.0;62.677;0.0;62.677
0;2;40;170.545;0.0;258.23;258.23;0.0
0;2;41;26.651;0.0;137.965;137.965;0.0
0;2;42;41.318;0.0;170.235;170.235;0.0
0;2;43;51.678;0.0;169.212;169.212;0.0
0;2;44;59.312;0.0;184.797;184.797;0.0
0;2;45;59.173;0.0;177.082;177.082;0.0
0;2;46;0.0;0.0;101.152;101.152;0.0
0;2;47;11.494;0.0;87.858;87.858;0.0
0;2;48;0.0;0.0;20.281;20.281;0.0
0;2;49;0.0;0.0;21.822;21.822;0.0
0;2;50;65.405;0.0;87.065;87.065;0.0
0;2;51;68.815;0.0;91.106;91.106;0.0
0;2;52;70.261;0.0;92.568;92.568;0.0
0;2;53;72.812;0.0;95.051;95.051;0.0
0;2;54;66.842;0.0;95.969;95.969;0.0
0;2;55;99.627;0.0;171.454;171.454;0.0
0;2;56;99.512;0.0;191.543;191.543;0.0
0;2;57;63.904;0.0;146.259;146.259;0.0
0;2;58;57.096;0.0;127.549;62.773;64.776
0;2;59;51.169;0.0;114.968;35.336;79.632
0;2;60;39.925;0.0;121.324;0.0;121.324
0;2;61;61.786;0.0;135.94;0.0;135.94
0;2;62;0.0;0.0;80.288;37.107;43.182
0;2;63;35.221;0.0;104.868;27.035;77.834
0;2;64;72.869;0.0;158.707;158.707;0.0
0;2;65;175.315;0.0;288.517;288.517;0.0
0;2;66;0.0;0.0;126.611;126.611;0.0
0;2;67;31.999;0.0;157.841;157.841;0.0
0;2;68;0.0;0.0;136.313;136.313;0.0
0;2;69;0.0;0.0;111.207;111.207;0.0
0;2;70;0.0;0.0;124.524;124.524;0.0
0;2;71;0.0;0.0;67.876;67.876;0.0
0;2;72;0.0;0.0;18.428;18.428;0.0
0;2;73;50.596;0.0;76.709;76.709;0.0
0;2;74;53.043;0.0;73.509;73.509;0.0
0;2;75;55.249;0.0;81.61;81.61;0.0
0;2;76;56.967;0.0;80.041;80.041;0.0
0;2;77;60.151;0.0;85.565;85.565;0.0
0;2;78;61.65;0.0;89.18;89.18;0.0
0;2;79;100.717;0.0;140.243;140.243;0.0
0;2;80;105.528;0.0;161.512;161.512;0.0
0;2;81;68.48;0.0;150.544;150.544;0.0
0;2;82;63.594;0.0;134.073;0.0;134.073
0;2;83;57.421;0.0;120.899;0.0;120.899
0;2;84;27.603;0.0;93.973;63.626;30.347
0;2;85;27.547;0.0;115.078;115.078;0.0
0;2;86;177.596;0.0;236.534;210.057;26.477
0;2;87;88.494;0.0;155.253;155.253;0.0
0;2;88;0.0;0.0;85.542;85.542;0.0
0;2;89;0.0;0.0;103.161;103.161;0.0
0;2;90;0.0;0.0;88.756;88.756;0.0
0;2;91;0.0;0.0;102.16;102.16;0.0
0;2;92;187.873;0.0;314.969;314.969;0.0
0;2;93;52.337;0.0;169.069;169.069;0.0
0;2;94;0.0;0.0;105.049;105.049;0.0
0;2;95;66.977;0.0;145.271;145.271;0.0
0;2;96;0.0;0.0;18.844;18.844;0.0
0;2;97;0.0;0.0;26.883;26.883;0.0
0;2;98;97.791;0.0;121.488;121.488;0.0
0;2;99;201.605;0.0;226.165;226.165;0.0
0;2;100;117.566;0.0;139.472;139.472;0.0
0;2;101;0.0;0.0;23.644;23.644;0.0
0;2;102;137.89;0.0;167.037;167.037;0.0
0;2;103;137.404;0.0;202.691;202.691;0.0
0;2;104;119.849;0.0;219.093;219.093;0.0
0;2;105;114.01;0.0;208.621;208.621;0.0
0;2;106;100.579;0.0;203.76;203.76;0.0
0;2;107;93.3;0.0;178.366;178.366;0.0
0;2;108;94.77;0.0;185.531;185.531;0.0
0;2;109;151.805;0.0;262.703;262.703;0.0
0;2;110;0.0;0.0;83.488;83.488;0.0
0;2;111;73.922;0.0;181.372;181.372;0.0
0;2;112;77.523;0.0;181.757;181.757;0.0
0;2;113;73.451;0.0;213.09;213.09;0.0
0;2;114;90.806;0.0;222.466;222.466;0.0
0;2;115;95.121;0.0;221.968;221.968;0.0
0;2;116;102.039;0.0;207.438;207.438;0.0
0;2;117;100.026;0.0;219.866;219.866;0.0
0;2;118;88.861;0.0;188.771;188.771;0.0
0;2;119;204.471;0.0;272.6;272.6;0.0
0;2;120;0.0;0.0;20.172;20.172;0.0
0;2;121;209.058;0.0;235.451;235.451;0.0
0;2;122;21.178;0.0;43.703;43.703;0.0
0;2;123;123.795;0.0;147.1;147.1;0.0
0;2;124;126.699;0.0;148.458;148.458;0.0
0;2;125;129.181;0.0;153.425;153.425;0.0
0;2;126;152.765;0.0;190.587;190.587;0.0
0;2;127;145.207;0.0;229.103;229.103;0.0
0;2;128;125.193;0.0;231.425;231.425;0.0
0;2;129;118.825;0.0;218.286;218.286;0.0
0;2;130;113.241;0.0;193.792;193.792;0.0
0;2;131;103.917;0.0;167.889;115.147;52.742
0;2;132;95.584;0.0;173.546;0.0;173.546
0;2;133;74.596;0.0;159.528;0.0;159.528
0;2;134;189.588;0.0;261.543;72.198;189.345
0;2;135;172.663;0.0;253.67;228.391;25.279
0;2;136;0.0;0.0;90.737;90.737;0.0
0;2;137;0.0;0.0;104.427;104.427;0.0
0;2;138;0.0;0.0;132.304;132.304;0.0
0;2;139;199.887;0.0;325.34;325.34;0.0
0;2;140;64.782;0.0;175.311;175.311;0.0
0;2;141;0.0;0.0;103.225;103.225;0.0
0;2;142;187.361;0.0;287.121;287.121;0.0
0;2;143;0.0;0.0;72.931;72.931;0.0
0;2;144;108.127;0.0;128.216;128.216;0.0
0;2;145;111.336;0.0;138.79;138.79;0.0
0;2;146;116.607;0.0;137.902;137.902;0.0
0;2;147;119.331;0.0;141.474;141.474;0.0
0;2;148;123.115;0.0;144.816;144.816;0.0
0;2;149;123.528;0.0;144.155;144.155;0.0
0;2;150;148.464;0.0;177.923;177.923;0.0
0;2;151;149.092;0.0;223.585;223.585;0.0
0;2;152;123.631;0.0;221.375;221.375;0.0
0;2;153;120.557;0.0;211.614;211.614;0.0
0;2;154;115.643;0.0;194.876;187.036;7.84
0;2;155;107.05;0.0;171.928;98.361;73.567
0;2;156;105.561;0.0;180.808;93.359;87.45
0;2;157;81.12;0.0;163.082;27.622;135.459
0;2;158;69.816;0.0;157.266;38.932;118.334
0;2;159;64.221;0.0;137.806;137.806;0.0
0;2;160;59.455;0.0;143.181;143.181;0.0
0;2;161;57.469;0.0;160.9;160.9;0.0
0;2;162;71.712;0.0;199.761;199.761;0.0
0;2;163;75.142;0.0;218.041;218.041;0.0
0;2;164;74.115;0.0;207.849;207.849;0.0
0;2;165;73.311;0.0;198.239;198.239;0.0
0;2;166;119.068;0.0;224.378;224.378;0.0
0;2;167;192.447;0.0;252.309;252.309;0.0
0;3;0;249.966;0.0;267.649;267.649;0.0
0;3;1;250.545;0.0;281.891;281.891;0.0
0;3;2;248.809;0.0;270.988;270.988;0.0
0;3;3;249.387;0.0;272.479;272.479;0.0
0;3;4;249.966;0.0;271.169;271.169;0.0
0;3;5;254.019;0.0;279.356;279.356;0.0
0;3;6;254.019;0.0;283.793;283.793;0.0
0;3;7;253.44;0.0;338.366;338.366;0.0
0;3;8;251.703;0.0;365.185;365.185;0.0
0;3;9;248.809;63.848;420.283;420.283;0.0
0;3;10;245.916;59.307;383.984;383.984;0.0
0;3;11;243.026;40.046;357.278;357.278;0.0
0;3;12;240.715;36.839;344.234;310.561;33.674
0;3;13;237.828;0.0;321.334;288.845;32.488
0;3;14;225.724;0.0;308.107;302.308;5.799
0;3;15;224.573;0.0;302.993;236.198;66.795
0;3;16;227.451;0.0;333.2;333.2;0.0
0;3;17;232.637;0.0;382.014;382.014;0.0
0;3;18;234.367;0.0;362.118;362.118;0.0
0;3;19;239.56;0.0;366.864;366.864;0.0
0;3;20;241.87;0.0;360.546;360.546;0.0
0;3;21;244.182;0.0;355.074;355.074;0.0
0;3;22;245.916;0.0;360.556;360.556;0.0
0;3;23;248.23;0.0;327.788;327.788;0.0
0;3;24;250.545;0.0;268.622;268.622;0.0
0;3;25;254.019;0.0;280.186;280.186;0.0
0;3;26;254.019;0.0;275.535;275.535;0.0
0;3;27;254.019;0.0;275.789;275.789;0.0
0;3;28;255.178;0.0;276.833;276.833;0.0
0;3;29;255.758;0.0;278.293;278.293;0.0
0;3;30;255.178;0.0;286.613;286.613;0.0
0;3;31;257.497;0.0;342.8;342.8;0.0
0;3;32;254.599;0.0;356.022;356.022;0.0
0;3;33;251.703;38.401;379.748;379.748;0.0
0;3;34;247.073;61.336;390.811;390.811;0.0
0;3;35;245.916;40.577;363.851;335.279;28.572
0;3;36;244.182;47.149;364.058;295.057;69.001
0;3;37;245.916;0.0;340.298;340.298;0.0
0;3;38;245.916;0.0;322.032;322.032;0.0
0;3;39;247.651;0.0;334.411;334.411;0.0
0;3;40;247.073;0.0;350.748;350.748;0.0
0;3;41;248.23;0.0;370.585;370.585;0.0
0;3;42;248.23;0.0;372.944;372.944;0.0
0;3;43;247.073;26.574;410.575;410.575;0.0
0;3;44;245.338;63.176;440.463;440.463;0.0
0;3;45;243.604;52.539;404.392;404.392;0.0
0;3;46;234.743;0.0;341.534;341.534;0.0
0;3;47;230.045;0.0;315.522;315.522;0.0
0;3;48;200.085;0.0;218.083;218.083;0.0
0;3;49;189.431;0.0;211.392;211.392;0.0
0;3;50;182.118;0.0;206.415;206.415;0.0
0;3;51;174.967;0.0;197.687;197.687;0.0
0;3;52;175.277;0.0;197.891;197.891;0.0
0;3;53;174.771;0.0;197.473;197.473;0.0
0;3;54;176.381;0.0;201.671;201.671;0.0
0;3;55;222.271;0.0;295.117;295.117;0.0
0;3;56;223.422;0.0;323.83;323.83;0.0
0;3;57;183.095;0.0;278.18;278.18;0.0
0;3;58;183.378;0.0;287.537;287.537;0.0
0;3;59;179.861;0.0;265.73;265.73;0.0
0;3;60;172.215;0.0;254.459;159.593;94.866
0;3;61;161.794;0.0;227.65;172.51;55.14
0;3;62;151.411;0.0;221.279;221.279;0.0
0;3;63;162.949;0.0;244.282;234.589;9.692
0;3;64;159.517;0.0;263.498;263.498;0.0
0;3;65;218.246;0.0;335.309;335.309;0.0
0;3;66;219.971;0.0;343.694;343.694;0.0
0;3;67;222.846;0.0;369.923;369.923;0.0
0;3;68;211.492;0.0;326.557;326.557;0.0
0;3;69;0.0;0.0;124.495;124.495;0.0
0;3;70;70.065;0.0;181.095;181.095;0.0
0;3;71;166.081;0.0;250.423;250.423;0.0
0;3;72;173.483;0.0;190.663;190.663;0.0
0;3;73;173.422;0.0;202.358;202.358;0.0
0;3;74;178.65;0.0;200.461;200.461;0.0
0;3;75;185.674;0.0;209.597;209.597;0.0
0;3;76;183.916;0.0;206.812;206.812;0.0
0;3;77;185.399;0.0;210.996;210.996;0.0
0;3;78;228.603;0.0;256.893;256.893;0.0
0;3;79;225.427;0.0;260.319;260.319;0.0
0;3;80;231.484;0.0;300.605;300.605;0.0
0;3;81;199.816;0.0;272.859;272.859;0.0
0;3;82;199.733;0.0;290.699;290.699;0.0
0;3;83;197.466;0.0;287.516;287.516;0.0
0;3;84;190.731;0.0;278.747;278.747;0.0
0;3;85;227.451;0.0;298.442;298.442;0.0
0;3;86;225.712;0.0;288.748;288.748;0.0
0;3;87;231.484;0.0;292.606;292.606;0.0
0;3;88;234.367;0.0;321.078;321.078;0.0
0;3;89;234.943;0.0;347.665;347.665;0.0
0;3;90;237.828;0.0;334.239;334.239;0.0
0;3;91;242.448;0.0;350.492;350.492;0.0
0;3;92;195.301;0.0;303.457;303.457;0.0
0;3;93;246.495;0.0;356.698;356.698;0.0
0;3;94;248.809;0.0;353.907;353.907;0.0
0;3;95;249.387;0.0;328.958;328.958;0.0
0;3;96;250.545;0.0;268.766;268.766;0.0
0;3;97;252.861;0.0;285.741;285.741;0.0
0;3;98;253.44;0.0;275.92;275.92;0.0
0;3;99;255.178;0.0;278.573;278.573;0.0
0;3;100;252.861;93.337;370.067;370.067;0.0
0;3;101;249.387;94.405;368.278;368.278;0.0
0;3;102;247.073;94.405;371.236;371.236;0.0
0;3;103;245.916;94.405;404.893;404.893;0.0
0;3;104;241.87;94.405;427.117;427.117;0.0
0;3;105;240.138;94.405;439.149;439.149;0.0
0;3;106;245.916;94.405;460.976;460.976;0.0
0;3;107;247.073;94.405;455.012;455.012;0.0
0;3;108;249.387;94.405;463.304;463.304;0.0
0;3;109;247.073;70.645;423.394;423.394;0.0
0;3;110;245.916;54.336;409.856;409.856;0.0
0;3;111;244.182;51.837;396.7;396.7;0.0
0;3;112;243.026;25.381;402.615;402.615;0.0
0;3;113;242.448;23.847;377.17;377.17;0.0
0;3;114;242.448;83.712;446.475;446.475;0.0
0;3;115;241.87;71.802;452.656;452.656;0.0
0;3;116;240.138;78.794;440.257;440.257;0.0
0;3;117;240.138;64.304;428.609;428.609;0.0
0;3;118;239.56;44.27;390.783;390.783;0.0
0;3;119;240.715;94.405;408.008;408.008;0.0
0;3;120;240.715;94.405;352.004;352.004;0.0
0;3;121;241.87;94.405;359.744;359.744;0.0
0;3;122;245.338;94.405;362.695;362.695;0.0
0;3;123;249.387;94.405;365.096;365.096;0.0
0;3;124;254.019;94.405;369.985;369.985;0.0
0;3;125;257.497;94.405;373.492;373.492;0.0
0;3;126;256.917;94.405;378.826;378.826;0.0
0;3;127;257.497;94.405;422.12;422.12;0.0
0;3;128;255.758;94.405;467.481;467.481;0.0
0;3;129;252.861;94.405;437.411;437.411;0.0
0;3;130;247.073;94.405;440.856;440.856;0.0
0;3;131;245.916;94.405;435.219;435.219;0.0
0;3;132;244.76;94.405;420.387;420.387;0.0
0;3;133;241.87;94.405;420.093;420.093;0.0
0;3;134;242.448;94.405;421.476;421.476;0.0
0;3;135;243.604;94.405;434.174;434.174;0.0
0;3;136;242.448;94.405;452.663;452.663;0.0
0;3;137;245.916;94.405;451.779;451.779;0.0
0;3;138;247.073;94.405;461.074;461.074;0.0
0;3;139;248.809;94.405;482.663;482.663;0.0
0;3;140;251.703;94.405;470.027;470.027;0.0
0;3;141;253.44;94.405;484.959;484.959;0.0
0;3;142;255.178;94.405;461.591;461.591;0.0
0;3;143;256.337;94.405;435.565;435.565;0.0
0;3;144;252.861;94.405;364.209;364.209;0.0
0;3;145;255.758;94.405;376.176;376.176;0.0
0;3;146;254.599;94.405;370.8;370.8;0.0
0;3;147;257.497;94.405;378.948;378.948;0.0
0;3;148;256.337;94.405;373.196;373.196;0.0
0;3;149;256.917;94.405;376.623;376.623;0.0
0;3;150;255.178;94.405;382.692;382.692;0.0
0;3;151;252.861;94.405;427.068;427.068;0.0
0;3;152;250.545;94.405;450.643;450.643;0.0
0;3;153;241.293;77.63;420.387;420.387;0.0
0;3;154;237.251;43.194;360.879;360.879;0.0
0;3;155;230.908;0.0;303.293;303.293;0.0
0;3;156;229.179;0.0;314.306;314.306;0.0
0;3;157;227.451;0.0;313.599;313.599;0.0
0;3;158;230.331;0.0;323.128;323.128;0.0
0;3;159;229.179;0.0;317.309;317.309;0.0
0;3;160;228.027;0.0;343.381;343.381;0.0
0;3;161;227.451;0.0;358.237;358.237;0.0
0;3;162;227.451;0.0;350.508;350.508;0.0
0;3;163;227.451;0.0;358.839;358.839;0.0
0;3;164;225.148;0.0;344.687;344.687;0.0
0;3;165;225.724;0.0;332.534;332.534;0.0
0;3;166;226.299;0.0;343.571;343.571;0.0
0;3;167;228.603;0.0;306.072;306.072;0.0
5;0;0;233.213;0.0;250.287;250.287;0.0
5;0;1;235.52;0.0;259.569;259.569;0.0
5;0;2;0.0;0.0;21.506;21.506;0.0
5;0;3;88.505;0.0;112.119;112.119;0.0
5;0;4;199.41;0.0;223.059;223.059;0.0
5;0;5;201.363;0.0;226.755;226.755;0.0
5;0;6;230.231;0.0;256.3;256.3;0.0
5;0;7;218.087;0.0;287.917;287.917;0.0
5;0;8;179.105;0.0;282.66;282.66;0.0
5;0;9;155.94;0.0;241.599;241.599;0.0
5;0;10;133.809;0.0;210.923;210.923;0.0
5;0;11;121.414;0.0;196.561;196.561;0.0
5;0;12;119.848;0.0;184.713;166.106;18.607
5;0;13;101.976;0.0;180.775;180.775;0.0
5;0;14;195.88;0.0;276.639;276.639;0.0
5;0;15;131.454;0.0;202.204;202.204;0.0
5;0;16;203.324;0.0;291.211;291.211;0.0
5;0;17;0.0;0.0;111.457;111.457;0.0
5;0;18;208.042;0.0;337.219;337.219;0.0
5;0;19;28.1;0.0;163.86;163.86;0.0
5;0;20;211.928;0.0;350.107;350.107;0.0
5;0;21;137.233;0.0;261.807;261.807;0.0
5;0;22;139.142;0.0;235.49;235.49;0.0
5;0;23;0.0;0.0;83.576;83.576;0.0
5;0;24;25.428;0.0;42.74;42.74;0.0
5;0;25;172.774;0.0;200.32;200.32;0.0
5;0;26;182.172;0.0;206.11;206.11;0.0
5;0;27;189.55;0.0;213.521;213.521;0.0
5;0;28;195.905;0.0;217.246;217.246;0.0
5;0;29;242.448;0.0;266.173;266.173;0.0
5;0;30;200.126;0.0;228.817;228.817;0.0
5;0;31;246.495;0.0;321.518;321.518;0.0
5;0;32;214.868;0.0;320.168;320.168;0.0
5;0;33;212.671;0.0;292.488;292.488;0.0
5;0;34;199.879;0.0;278.925;278.925;0.0
5;0;35;188.891;0.0;263.906;246.214;17.692
5;0;36;234.943;0.0;305.863;305.863;0.0
5;0;37;139.239;0.0;218.185;218.185;0.0
5;0;38;176.516;0.0;252.753;252.753;0.0
5;0;39;171.513;0.0;249.673;249.673;0.0
5;0;40;161.591;0.0;242.39;242.39;0.0
5;0;41;155.431;0.0;259.749;259.749;0.0
5;0;42;169.229;0.0;302.222;302.222;0.0
5;0;43;175.095;0.0;301.117;301.117;0.0
5;0;44;181.775;0.0;311.103;311.103;0.0
5;0;45;185.609;0.0;301.779;301.779;0.0
5;0;46;162.004;0.0;282.193;282.193;0.0
5;0;47;169.807;0.0;243.289;243.289;0.0
5;0;48;156.24;0.0;173.272;173.272;0.0
5;0;49;154.434;0.0;180.112;180.112;0.0
5;0;50;156.022;0.0;179.34;179.34;0.0
5;0;51;158.809;0.0;180.69;180.69;0.0
5;0;52;159.341;0.0;179.647;179.647;0.0
5;0;53;161.039;0.0;182.55;182.55;0.0
5;0;54;161.486;0.0;188.343;188.343;0.0
5;0;55;214.435;0.0;280.782;280.782;0.0
5;0;56;212.578;0.0;305.322;305.322;0.0
5;0;57;158.381;0.0;240.646;240.646;0.0
5;0;58;151.162;0.0;229.044;229.044;0.0
5;0;59;131.824;0.0;192.674;113.367;79.306
5;0;60;117.832;0.0;183.996;5.773;178.223
5;0;61;106.632;0.0;179.628;7.451;172.177
5;0;62;100.88;0.0;175.706;127.938;47.769
5;0;63;108.29;0.0;176.981;176.981;0.0
5;0;64;94.143;0.0;176.225;176.225;0.0
5;0;65;68.33;0.0;149.552;149.552;0.0
5;0;66;67.078;0.0;180.435;180.435;0.0
5;0;67;200.46;0.0;329.269;329.269;0.0
5;0;68;35.784;0.0;159.879;159.879;0.0
5;0;69;0.0;0.0;126.043;126.043;0.0
5;0;70;89.76;0.0;211.927;211.927;0.0
5;0;71;82.779;0.0;162.378;162.378;0.0
5;0;72;187.468;0.0;205.237;205.237;0.0
5;0;73;0.0;0.0;25.904;25.904;0.0
5;0;74;101.92;0.0;122.998;122.998;0.0
5;0;75;104.517;0.0;127.526;127.526;0.0
5;0;76;104.316;0.0;125.419;125.419;0.0
5;0;77;105.862;0.0;126.645;126.645;0.0
5;0;78;106.468;0.0;133.885;133.885;0.0
5;0;79;154.026;0.0;196.201;196.201;0.0
5;0;80;154.182;0.0;208.671;208.671;0.0
5;0;81;104.68;0.0;169.074;169.074;0.0
5;0;82;100.444;0.0;186.094;186.094;0.0
5;0;83;91.469;0.0;165.1;154.592;10.508
5;0;84;87.658;0.0;158.931;158.931;0.0
5;0;85;80.146;0.0;151.801;117.853;33.949
5;0;86;78.239;0.0;150.611;0.0;150.611
5;0;87;94.545;0.0;162.447;161.436;1.011
5;0;88;197.024;0.0;260.544;260.544;0.0
5;0;89;199.314;0.0;301.798;301.798;0.0
5;0;90;0.0;0.0;111.58;111.58;0.0
5;0;91;178.967;0.0;289.552;289.552;0.0
5;0;92;8.404;0.0;108.749;108.749;0.0
5;0;93;218.821;0.0;339.276;339.276;0.0
5;0;94;0.0;0.0;88.315;88.315;0.0
5;0;95;225.148;0.0;302.465;302.465;0.0
5;0;96;200.959;0.0;217.504;217.504;0.0
5;0;97;181.931;0.0;214.985;214.985;0.0
5;0;98;194.696;0.0;217.609;217.609;0.0
5;0;99;0.0;0.0;21.75;21.75;0.0
5;0;100;117.522;0.0;139.931;139.931;0.0
5;0;101;229.697;0.0;255.984;255.984;0.0
5;0;102;243.026;0.0;271.894;271.894;0.0
5;0;103;241.87;0.0;301.347;301.347;0.0
5;0;104;221.586;0.0;282.332;282.332;0.0
5;0;105;210.807;0.0;287.643;287.643;0.0
5;0;106;193.128;0.0;287.4;287.4;0.0
5;0;107;183.965;0.0;263.75;174.837;88.913
5;0;108;188.362;0.0;273.237;273.237;0.0
5;0;109;171.395;0.0;265.766;265.766;0.0
5;0;110;164.245;0.0;236.49;236.49;0.0
5;0;111;157.933;0.0;238.502;238.502;0.0
5;0;112;150.718;0.0;226.122;226.122;0.0
5;0;113;140.117;0.0;238.376;238.376;0.0
5;0;114;226.875;0.0;327.636;327.636;0.0
5;0;115;227.451;0.0;358.021;358.021;0.0
5;0;116;228.027;0.0;337.874;337.874;0.0
5;0;117;229.755;0.0;339.102;339.102;0.0
5;0;118;175.61;0.0;277.462;277.462;0.0
5;0;119;178.707;0.0;259.191;259.191;0.0
5;0;120;0.0;0.0;17.164;17.164;0.0
5;0;121;103.901;0.0;136.601;136.601;0.0
5;0;122;215.31;0.0;239.822;239.822;0.0
5;0;123;216.155;0.0;240.264;240.264;0.0
5;0;124;216.801;0.0;238.799;238.799;0.0
5;0;125;237.572;0.0;261.043;261.043;0.0
5;0;126;245.916;0.0;275.866;275.866;0.0
5;0;127;244.76;0.0;334.466;334.466;0.0
5;0;128;227.237;0.0;331.63;331.63;0.0
5;0;129;224.572;0.0;294.888;294.888;0.0
5;0;130;208.533;0.0;293.235;293.235;0.0
5;0;131;194.253;0.0;267.783;267.783;0.0
5;0;132;190.299;0.0;259.819;259.819;0.0
5;0;133;163.129;0.0;237.832;237.832;0.0
5;0;134;222.846;0.0;293.59;293.59;0.0
5;0;135;225.148;0.0;299.292;299.292;0.0
5;0;136;227.451;0.0;322.558;322.558;0.0
5;0;137;0.0;0.0;128.48;128.48;0.0
5;0;138;193.73;0.0;320.833;320.833;0.0
5;0;139;233.213;0.0;376.187;376.187;0.0
5;0;140;232.637;0.0;352.933;352.933;0.0
5;0;141;234.367;0.0;335.23;335.23;0.0
5;0;142;234.367;0.0;359.782;359.782;0.0
5;0;143;115.076;0.0;184.241;184.241;0.0
5;0;144;0.0;0.0;17.667;17.667;0.0
5;0;145;224.254;0.0;256.162;256.162;0.0
5;0;146;239.311;0.0;261.949;261.949;0.0
5;0;147;251.703;0.0;275.497;275.497;0.0
5;0;148;252.861;0.0;277.586;277.586;0.0
5;0;149;253.44;0.0;280.281;280.281;0.0
5;0;150;249.966;0.0;282.458;282.458;0.0
5;0;151;248.23;0.0;328.422;328.422;0.0
5;0;152;236.258;0.0;339.138;339.138;0.0
5;0;153;234.437;0.0;315.133;315.133;0.0
5;0;154;225.896;0.0;306.4;256.053;50.347
5;0;155;210.664;0.0;279.139;163.024;116.115
5;0;156;202.09;0.0;286.138;185.837;100.302
5;0;157;172.518;0.0;252.865;165.978;86.887
5;0;158;159.092;0.0;241.714;129.64;112.074
5;0;159;149.266;0.0;220.162;220.162;0.0
5;0;160;221.121;0.0;313.211;313.211;0.0
5;0;161;107.909;0.0;203.786;203.786;0.0
5;0;162;223.422;0.0;340.998;340.998;0.0
5;0;163;228.027;0.0;348.512;348.512;0.0
5;0;164;229.755;0.0;356.216;356.216;0.0
5;0;165;105.088;0.0;219.27;219.27;0.0
5;0;166;237.251;0.0;348.996;348.996;0.0
5;0;167;43.747;0.0;117.839;117.839;0.0
5;1;0;0.0;0.0;17.989;17.989;0.0
5;1;1;0.0;0.0;23.255;23.255;0.0
5;1;2;0.0;0.0;23.143;23.143;0.0
5;1;3;0.0;0.0;21.498;21.498;0.0
5;1;4;0.0;0.0;20.967;20.967;0.0
5;1;5;0.0;0.0;22.931;22.931;0.0
5;1;6;0.0;0.0;34.738;34.738;0.0
5;1;7;0.0;0.0;62.845;0.0;62.845
5;1;8;0.0;0.0;77.501;0.0;77.501
5;1;9;0.0;0.0;77.11;0.0;77.11
5;1;10;0.0;0.0;81.076;0.0;81.076
5;1;11;0.0;0.0;77.919;0.0;77.919
5;1;12;0.0;0.0;74.173;0.0;74.173
5;1;13;0.0;0.0;83.849;0.0;83.849
5;1;14;0.0;0.0;73.651;0.0;73.651
5;1;15;0.0;0.0;76.907;0.0;76.907
5;1;16;70.555;0.0;157.334;0.0;157.334
5;1;17;0.0;0.0;111.289;0.0;111.289
5;1;18;0.0;0.0;107.061;82.236;24.824
5;1;19;0.0;0.0;122.371;122.371;0.0
5;1;20;0.0;0.0;124.403;124.403;0.0
5;1;21;0.0;0.0;111.132;111.132;0.0
5;1;22;0.0;0.0;104.452;104.452;0.0
5;1;23;0.0;0.0;77.846;77.846;0.0
5;1;24;0.0;0.0;17.355;17.355;0.0
5;1;25;0.0;0.0;26.723;26.723;0.0
5;1;26;0.0;0.0;23.085;23.085;0.0
5;1;27;0.0;0.0;23.11;23.11;0.0
5;1;28;0.0;0.0;24.173;24.173;0.0
5;1;29;0.0;0.0;25.641;25.641;0.0
5;1;30;0.0;0.0;28.276;28.276;0.0
5;1;31;0.0;0.0;66.847;54.042;12.805
5;1;32;4.188;0.0;81.098;0.0;81.098
5;1;33;3.981;0.0;79.418;0.0;79.418
5;1;34;3.725;0.0;79.294;0.0;79.294
5;1;35;3.872;0.0;82.449;0.0;82.449
5;1;36;7.825;0.0;68.75;0.0;68.75
5;1;37;2.973;0.0;75.168;0.0;75.168
5;1;38;3.633;0.0;79.675;0.0;79.675
5;1;39;74.077;0.0;147.934;0.0;147.934
5;1;40;0.0;0.0;82.072;0.0;82.072
5;1;41;31.931;0.0;120.093;0.0;120.093
5;1;42;0.0;0.0;98.397;20.2;78.197
5;1;43;0.0;0.0;122.484;122.484;0.0
5;1;44;0.0;0.0;131.598;131.598;0.0
5;1;45;0.0;0.0;118.838;118.838;0.0
5;1;46;0.0;0.0;107.994;107.994;0.0
5;1;47;0.0;0.0;70.285;70.285;0.0
5;1;48;0.0;0.0;17.385;17.385;0.0
5;1;49;0.0;0.0;24.797;24.797;0.0
5;1;50;0.0;0.0;24.379;24.379;0.0
5;1;51;0.0;0.0;23.103;23.103;0.0
5;1;52;0.0;0.0;21.947;21.947;0.0
5;1;53;0.0;0.0;22.954;22.954;0.0
5;1;54;0.0;0.0;35.244;35.244;0.0
5;1;55;0.0;0.0;55.09;22.611;32.479
5;1;56;0.0;0.0;75.434;0.0;75.434
5;1;57;0.0;0.0;59.689;0.0;59.689
5;1;58;4.61;0.0;89.975;0.0;89.975
5;1;59;3.9;0.0;76.189;0.0;76.189
5;1;60;3.515;0.0;75.169;0.0;75.169
5;1;61;3.11;0.0;81.475;0.0;81.475
5;1;62;37.485;0.0;111.148;0.0;111.148
5;1;63;0.0;0.0;75.776;0.0;75.776
5;1;64;39.64;0.0;111.906;0.0;111.906
5;1;65;37.701;0.0;132.045;0.0;132.045
5;1;66;0.0;0.0;105.985;67.042;38.944
5;1;67;0.0;0.0;124.163;124.163;0.0
5;1;68;0.0;0.0;131.535;131.535;0.0
5;1;69;0.0;0.0;115.146;115.146;0.0
5;1;70;0.0;0.0;119.896;119.896;0.0
5;1;71;0.0;0.0;84.662;84.662;0.0
5;1;72;0.0;0.0;17.365;17.365;0.0
5;1;73;0.0;0.0;24.07;24.07;0.0
5;1;74;0.0;0.0;22.578;22.578;0.0
5;1;75;0.0;0.0;22.352;22.352;0.0
5;1;76;0.0;0.0;24.16;24.16;0.0
5;1;77;0.0;0.0;23.863;23.863;0.0
5;1;78;0.0;0.0;24.583;24.583;0.0
5;1;79;0.0;0.0;42.237;0.0;42.237
5;1;80;0.0;0.0;43.922;0.0;43.922
5;1;81;4.411;0.0;68.254;0.0;68.254
5;1;82;4.418;0.0;63.231;0.0;63.231
5;1;83;4.235;0.0;68.35;0.0;68.35
5;1;84;3.386;0.0;76.208;0.0;76.208
5;1;85;4.315;0.0;84.367;0.0;84.367
5;1;86;3.339;0.0;61.734;0.0;61.734
5;1;87;91.526;0.0;166.384;0.0;166.384
5;1;88;0.0;0.0;68.892;0.0;68.892
5;1;89;0.0;0.0;93.093;0.0;93.093
5;1;90;0.0;0.0;107.235;35.417;71.818
5;1;91;0.0;0.0;93.46;93.46;0.0
5;1;92;0.0;0.0;98.34;98.34;0.0
5;1;93;0.0;0.0;103.639;103.639;0.0
5;1;94;0.0;0.0;107.166;107.166;0.0
5;1;95;0.0;0.0;69.617;69.617;0.0
5;1;96;0.0;0.0;19.569;19.569;0.0
5;1;97;0.0;0.0;30.595;30.595;0.0
5;1;98;0.0;0.0;24.166;24.166;0.0
5;1;99;0.0;0.0;22.786;22.786;0.0
5;1;100;0.0;0.0;24.026;24.026;0.0
5;1;101;0.0;0.0;23.977;23.977;0.0
5;1;102;0.0;0.0;29.663;29.663;0.0
5;1;103;0.0;0.0;57.721;11.295;46.426
5;1;104;0.0;0.0;64.737;0.0;64.737
5;1;105;4.375;0.0;88.115;0.0;88.115
5;1;106;4.104;0.0;89.942;0.0;89.942
5;1;107;4.531;0.0;99.943;0.0;99.943
5;1;108;8.016;0.0;94.029;0.0;94.029
5;1;109;3.354;0.0;83.415;0.0;83.415
5;1;110;4.302;0.0;90.046;0.0;90.046
5;1;111;88.924;0.0;167.706;0.0;167.706
5;1;112;0.0;0.0;102.489;0.0;102.489
5;1;113;0.0;0.0;93.946;0.0;93.946
5;1;114;0.0;0.0;100.858;39.091;61.768
5;1;115;0.0;0.0;108.578;108.578;0.0
5;1;116;0.0;0.0;116.126;116.126;0.0
5;1;117;0.0;0.0;116.674;116.674;0.0
5;1;118;0.0;0.0;105.6;105.6;0.0
5;1;119;0.0;0.0;89.315;89.315;0.0
5;1;120;0.0;0.0;17.254;17.254;0.0
5;1;121;0.0;0.0;25.948;25.948;0.0
5;1;122;0.0;0.0;21.824;21.824;0.0
5;1;123;0.0;0.0;24.068;24.068;0.0
5;1;124;0.0;0.0;21.652;21.652;0.0
5;1;125;0.0;0.0;22.917;22.917;0.0
5;1;126;0.0;0.0;33.774;33.774;0.0
5;1;127;0.0;0.0;83.067;67.021;16.046
5;1;128;0.0;0.0;89.751;0.0;89.751
5;1;129;4.487;0.0;83.036;0.0;83.036
5;1;130;5.16;0.0;78.109;0.0;78.109
5;1;131;3.65;0.0;74.596;0.0;74.596
5;1;132;7.141;0.0;85.662;0.0;85.662
5;1;133;3.822;0.0;75.1;0.0;75.1
5;1;134;3.414;0.0;87.093;0.0;87.093
5;1;135;11.013;0.0;90.764;0.0;90.764
5;1;136;59.178;0.0;146.459;0.0;146.459
5;1;137;15.888;0.0;108.132;0.0;108.132
5;1;138;0.0;0.0;121.66;71.61;50.051
5;1;139;0.0;0.0;132.421;132.421;0.0
5;1;140;0.0;0.0;123.776;123.776;0.0
5;1;141;0.0;0.0;100.279;100.279;0.0
5;1;142;0.0;0.0;107.191;107.191;0.0
5;1;143;0.0;0.0;84.711;84.711;0.0
5;1;144;0.0;0.0;17.57;17.57;0.0
5;1;145;0.0;0.0;23.791;23.791;0.0
5;1;146;0.0;0.0;23.035;23.035;0.0
5;1;147;0.0;0.0;22.002;22.002;0.0
5;1;148;0.0;0.0;22.518;22.518;0.0
5;1;149;0.0;0.0;21.913;21.913;0.0
5;1;150;0.0;0.0;26.408;26.408;0.0
5;1;151;0.0;0.0;65.537;24.611;40.926
5;1;152;0.0;0.0;79.595;0.0;79.595
5;1;153;4.248;0.0;78.232;0.0;78.232
5;1;154;3.718;0.0;89.526;0.0;89.526
5;1;155;3.583;0.0;82.149;0.0;82.149
5;1;156;7.866;0.0;87.212;0.0;87.212
5;1;157;3.208;0.0;93.99;0.0;93.99
5;1;158;3.716;0.0;84.044;0.0;84.044
5;1;159;126.123;0.0;196.021;0.0;196.021
5;1;160;9.262;0.0;91.421;0.0;91.421
5;1;161;7.232;0.0;111.756;0.0;111.756
5;1;162;0.0;0.0;106.886;58.463;48.423
5;1;163;0.0;0.0;122.336;122.336;0.0
5;1;164;0.0;0.0;124.667;124.667;0.0
5;1;165;0.0;0.0;123.342;123.342;0.0
5;1;166;0.0;0.0;120.635;120.635;0.0
5;1;167;0.0;0.0;95.676;95.676;0.0
5;2;0;0.0;0.0;16.569;16.569;0.0
5;2;1;0.0;0.0;24.058;24.058;0.0
5;2;2;192.447;0.0;214.528;214.528;0.0
5;2;3;0.0;0.0;22.732;22.732;0.0
5;2;4;39.88;0.0;61.139;61.139;0.0
5;2;5;198.169;0.0;220.025;220.025;0.0
5;2;6;0.0;0.0;24.451;24.451;0.0
5;2;7;25.689;0.0;104.625;104.625;0.0
5;2;8;0.0;0.0;106.538;106.538;0.0
5;2;9;85.086;0.0;171.486;147.055;24.431
5;2;10;78.475;0.0;159.549;0.0;159.549
5;2;11;197.597;0.0;260.424;0.0;260.424
5;2;12;166.658;0.0;243.521;0.0;243.521
5;2;13;38.749;0.0;114.976;0.0;114.976
5;2;14;33.723;0.0;110.422;0.0;110.422
5;2;15;28.558;0.0;113.889;0.0;113.889
5;2;16;27.765;0.0;117.783;38.218;79.565
5;2;17;27.372;0.0;155.837;155.837;0.0
5;2;18;0.0;0.0;117.045;117.045;0.0
5;2;19;111.102;0.0;226.618;226.618;0.0
5;2;20;62.971;0.0;199.411;199.411;0.0
5;2;21;0.0;0.0;128.435;128.435;0.0
5;2;22;135.692;0.0;254.306;254.306;0.0
5;2;23;12.368;0.0;87.56;87.56;0.0
5;2;24;0.0;0.0;16.598;16.598;0.0
5;2;25;0.0;0.0;25.986;25.986;0.0
5;2;26;218.246;0.0;241.97;241.97;0.0
5;2;27;0.0;0.0;22.308;22.308;0.0
5;2;28;220.546;0.0;242.034;242.034;0.0
5;2;29;30.642;0.0;53.57;53.57;0.0
5;2;30;157.698;0.0;183.551;183.551;0.0
5;2;31;160.586;0.0;243.502;243.502;0.0
5;2;32;145.501;0.0;238.277;238.277;0.0
5;2;33;136.789;0.0;220.343;163.133;57.21
5;2;34;118.235;0.0;192.781;8.847;183.934
5;2;35;153.304;0.0;215.711;0.0;215.711
5;2;36;190.731;0.0;257.83;0.0;257.83
5;2;37;47.503;0.0;129.154;0.0;129.154
5;2;38;0.0;0.0;80.508;0.0;80.508
5;2;39;0.0;0.0;62.677;0.0;62.677
5;2;40;170.545;0.0;258.23;258.23;0.0
5;2;41;24.124;0.0;135.438;135.438;0.0
5;2;42;37.285;0.0;166.202;166.202;0.0
5;2;43;46.582;0.0;164.116;164.116;0.0
5;2;44;53.433;0.0;178.918;178.918;0.0
5;2;45;19.527;0.0;137.436;137.436;0.0
5;2;46;0.0;0.0;101.152;101.152;0.0
5;2;47;0.0;0.0;76.364;76.364;0.0
5;2;48;0.0;0.0;20.281;20.281;0.0
5;2;49;0.0;0.0;21.822;21.822;0.0
5;2;50;58.657;0.0;80.316;80.316;0.0
5;2;51;61.714;0.0;84.005;84.005;0.0
5;2;52;63.011;0.0;85.318;85.318;0.0
5;2;53;65.299;0.0;87.538;87.538;0.0
5;2;54;59.945;0.0;89.072;89.072;0.0
5;2;55;89.348;0.0;161.174;161.174;0.0
5;2;56;89.244;0.0;181.275;181.275;0.0
5;2;57;57.311;0.0;139.665;139.665;0.0
5;2;58;51.205;0.0;121.658;51.867;69.791
5;2;59;45.889;0.0;109.688;25.569;84.119
5;2;60;42.371;0.0;123.77;0.0;123.77
5;2;61;48.974;0.0;123.127;0.0;123.127
5;2;62;0.0;0.0;80.288;6.627;73.661
5;2;63;31.587;0.0;101.234;23.4;77.834
5;2;64;84.454;0.0;170.292;170.292;0.0
5;2;65;175.315;0.0;288.517;288.517;0.0
5;2;66;0.0;0.0;126.611;126.611;0.0
5;2;67;0.0;0.0;125.841;125.841;0.0
5;2;68;0.0;0.0;136.313;136.313;0.0
5;2;69;0.0;0.0;111.207;111.207;0.0
5;2;70;0.0;0.0;124.524;124.524;0.0
5;2;71;0.0;0.0;67.876;67.876;0.0
5;2;72;0.0;0.0;18.428;18.428;0.0
5;2;73;36.573;0.0;62.685;62.685;0.0
5;2;74;47.57;0.0;68.036;68.036;0.0
5;2;75;49.548;0.0;75.909;75.909;0.0
5;2;76;51.089;0.0;74.163;74.163;0.0
5;2;77;53.944;0.0;79.358;79.358;0.0
5;2;78;55.289;0.0;82.819;82.819;0.0
5;2;79;90.325;0.0;129.851;129.851;0.0
5;2;80;94.64;0.0;150.623;150.623;0.0
5;2;81;61.414;0.0;143.479;143.479;0.0
5;2;82;57.032;0.0;127.511;0.0;127.511
5;2;83;43.686;0.0;107.164;0.0;107.164
5;2;84;32.271;0.0;98.641;56.135;42.507
5;2;85;24.705;0.0;112.236;112.236;0.0
5;2;86;177.596;0.0;236.534;210.057;26.477
5;2;87;77.755;0.0;144.514;144.514;0.0
5;2;88;0.0;0.0;85.542;85.542;0.0
5;2;89;0.0;0.0;103.161;103.161;0.0
5;2;90;0.0;0.0;88.756;88.756;0.0
5;2;91;0.0;0.0;102.16;102.16;0.0
5;2;92;187.873;0.0;314.969;314.969;0.0
5;2;93;47.182;0.0;163.914;163.914;0.0
5;2;94;0.0;0.0;105.049;105.049;0.0
5;2;95;23.362;0.0;101.656;101.656;0.0
5;2;96;0.0;0.0;18.844;18.844;0.0
5;2;97;0.0;0.0;26.883;26.883;0.0
5;2;98;87.7;0.0;111.398;111.398;0.0
5;2;99;201.605;0.0;226.165;226.165;0.0
5;2;100;84.607;0.0;106.513;106.513;0.0
5;2;101;0.0;0.0;23.644;23.644;0.0
5;2;102;123.663;0.0;152.809;152.809;0.0
5;2;103;123.226;0.0;188.513;188.513;0.0
5;2;104;107.483;0.0;206.727;206.727;0.0
5;2;105;102.247;0.0;196.858;196.858;0.0
5;2;106;90.201;0.0;193.382;193.382;0.0
5;2;107;83.673;0.0;168.739;168.739;0.0
5;2;108;84.991;0.0;175.752;175.752;0.0
5;2;109;136.141;0.0;247.039;247.039;0.0
5;2;110;0.0;0.0;83.488;83.488;0.0
5;2;111;66.295;0.0;173.744;173.744;0.0
5;2;112;69.524;0.0;173.758;173.758;0.0
5;2;113;65.872;0.0;205.511;205.511;0.0
5;2;114;81.436;0.0;213.096;213.096;0.0
5;2;115;85.306;0.0;212.153;212.153;0.0
5;2;116;91.51;0.0;196.91;196.91;0.0
5;2;117;89.706;0.0;209.545;209.545;0.0
5;2;118;79.692;0.0;179.602;179.602;0.0
5;2;119;204.471;0.0;272.6;272.6;0.0
5;2;120;0.0;0.0;20.172;20.172;0.0
5;2;121;185.321;0.0;211.714;211.714;0.0
5;2;122;0.0;0.0;22.526;22.526;0.0
5;2;123;111.022;0.0;134.327;134.327;0.0
5;2;124;113.626;0.0;135.385;135.385;0.0
5;2;125;115.851;0.0;140.096;140.096;0.0
5;2;126;137.003;0.0;174.824;174.824;0.0
5;2;127;130.224;0.0;214.12;214.12;0.0
5;2;128;112.275;0.0;218.507;218.507;0.0
5;2;129;106.564;0.0;206.026;206.026;0.0
5;2;130;101.557;0.0;182.107;182.107;0.0
5;2;131;93.195;0.0;157.167;95.592;61.574
5;2;132;85.721;0.0;163.683;0.0;163.683
5;2;133;66.899;0.0;151.831;0.0;151.831
5;2;134;189.588;0.0;261.543;72.198;189.345
5;2;135;167.785;0.0;248.792;223.513;25.279
5;2;136;0.0;0.0;90.737;90.737;0.0
5;2;137;0.0;0.0;104.427;104.427;0.0
5;2;138;0.0;0.0;132.304;132.304;0.0
5;2;139;199.887;0.0;325.34;325.34;0.0
5;2;140;4.729;0.0;115.258;115.258;0.0
5;2;141;0.0;0.0;103.225;103.225;0.0
5;2;142;168.029;0.0;267.788;267.788;0.0
5;2;143;0.0;0.0;72.931;72.931;0.0
5;2;144;96.971;0.0;117.059;117.059;0.0
5;2;145;99.848;0.0;127.302;127.302;0.0
5;2;146;104.575;0.0;125.871;125.871;0.0
5;2;147;107.018;0.0;129.161;129.161;0.0
5;2;148;110.412;0.0;132.112;132.112;0.0
5;2;149;110.783;0.0;131.409;131.409;0.0
5;2;150;133.145;0.0;162.604;162.604;0.0
5;2;151;133.708;0.0;208.201;208.201;0.0
5;2;152;110.875;0.0;208.618;208.618;0.0
5;2;153;108.118;0.0;199.174;199.174;0.0
5;2;154;103.71;0.0;182.944;165.441;17.503
5;2;155;96.005;0.0;160.882;78.278;82.605
5;2;156;94.669;0.0;169.916;74.061;95.855
5;2;157;72.75;0.0;154.712;12.373;142.338
5;2;158;62.612;0.0;150.062;25.625;124.437
5;2;159;57.595;0.0;131.179;131.179;0.0
5;2;160;53.32;0.0;137.047;137.047;0.0
5;2;161;51.539;0.0;154.97;154.97;0.0
5;2;162;64.313;0.0;192.361;192.361;0.0
5;2;163;67.388;0.0;210.287;210.287;0.0
5;2;164;66.467;0.0;200.202;200.202;0.0
5;2;165;65.747;0.0;190.674;190.674;0.0
5;2;166;55.754;0.0;161.064;161.064;0.0
5;2;167;192.447;0.0;252.309;252.309;0.0
5;3;0;83.367;0.0;101.051;101.051;0.0
5;3;1;250.545;0.0;281.891;281.891;0.0
5;3;2;248.809;0.0;270.988;270.988;0.0
5;3;3;249.387;0.0;272.479;272.479;0.0
5;3;4;249.966;0.0;271.169;271.169;0.0
5;3;5;254.019;0.0;279.356;279.356;0.0
5;3;6;254.019;0.0;283.793;283.793;0.0
5;3;7;253.44;0.0;338.366;338.366;0.0
5;3;8;251.703;0.0;365.185;365.185;0.0
5;3;9;245.738;0.0;353.364;353.364;0.0
5;3;10;238.557;0.0;317.318;237.895;79.423
5;3;11;229.971;0.0;304.177;304.177;0.0
5;3;12;226.831;0.0;293.511;241.242;52.269
5;3;13;200.951;0.0;284.456;199.548;84.908
5;3;14;225.724;0.0;308.107;263.458;44.649
5;3;15;224.573;0.0;302.993;191.016;111.977
5;3;16;227.451;0.0;333.2;333.2;0.0
5;3;17;207.167;0.0;356.544;356.544;0.0
5;3;18;234.367;0.0;362.118;362.118;0.0
5;3;19;0.0;0.0;127.304;127.304;0.0
5;3;20;109.632;0.0;228.308;228.308;0.0
5;3;21;215.873;0.0;326.765;326.765;0.0
5;3;22;245.916;0.0;360.556;360.556;0.0
5;3;23;248.23;0.0;327.788;327.788;0.0
5;3;24;250.545;0.0;268.622;268.622;0.0
5;3;25;186.709;0.0;212.876;212.876;0.0
5;3;26;254.019;0.0;275.535;275.535;0.0
5;3;27;254.019;0.0;275.789;275.789;0.0
5;3;28;255.178;0.0;276.833;276.833;0.0
5;3;29;255.758;0.0;278.293;278.293;0.0
5;3;30;255.178;0.0;286.613;286.613;0.0
5;3;31;257.497;0.0;342.8;342.8;0.0
5;3;32;254.599;0.0;356.022;356.022;0.0
5;3;33;251.703;0.0;341.347;341.347;0.0
5;3;34;240.298;0.0;322.7;134.019;188.681
5;3;35;232.867;0.0;310.226;310.226;0.0
5;3;36;233.207;0.0;305.935;305.935;0.0
5;3;37;216.499;0.0;310.88;298.81;12.071
5;3;38;214.431;0.0;290.547;290.547;0.0
5;3;39;219.968;0.0;306.728;306.728;0.0
5;3;40;214.61;0.0;318.285;318.285;0.0
5;3;41;220.021;0.0;342.376;342.376;0.0
5;3;42;234.745;0.0;359.458;359.458;0.0
5;3;43;238.74;0.0;375.668;375.668;0.0
5;3;44;239.168;0.0;371.117;371.117;0.0
5;3;45;234.277;0.0;342.526;342.526;0.0
5;3;46;210.522;0.0;317.313;317.313;0.0
5;3;47;206.309;0.0;291.785;291.785;0.0
5;3;48;179.44;0.0;197.437;197.437;0.0
5;3;49;169.885;0.0;191.846;191.846;0.0
5;3;50;163.327;0.0;187.624;187.624;0.0
5;3;51;156.913;0.0;179.633;179.633;0.0
5;3;52;157.192;0.0;179.805;179.805;0.0
5;3;53;156.738;0.0;179.44;179.44;0.0
5;3;54;154.572;0.0;179.862;179.862;0.0
5;3;55;196.615;0.0;269.461;269.461;0.0
5;3;56;206.642;0.0;307.051;307.051;0.0
5;3;57;164.203;0.0;259.288;259.288;0.0
5;3;58;164.457;0.0;268.615;268.615;0.0
5;3;59;161.302;0.0;247.172;247.172;0.0
5;3;60;154.445;0.0;236.69;236.69;0.0
5;3;61;145.1;0.0;210.956;123.245;87.711
5;3;62;135.788;0.0;205.656;205.656;0.0
5;3;63;146.135;0.0;227.468;210.409;17.06
5;3;64;143.058;0.0;247.039;247.039;0.0
5;3;65;218.246;0.0;335.309;335.309;0.0
5;3;66;219.971;0.0;343.694;343.694;0.0
5;3;67;222.846;0.0;369.923;369.923;0.0
5;3;68;150.751;0.0;265.816;265.816;0.0
5;3;69;0.0;0.0;124.495;124.495;0.0
5;3;70;33.293;0.0;144.323;144.323;0.0
5;3;71;148.944;0.0;233.287;233.287;0.0
5;3;72;155.583;0.0;172.763;172.763;0.0
5;3;73;155.528;0.0;184.464;184.464;0.0
5;3;74;160.216;0.0;182.028;182.028;0.0
5;3;75;166.516;0.0;190.438;190.438;0.0
5;3;76;164.939;0.0;187.835;187.835;0.0
5;3;77;166.27;0.0;191.866;191.866;0.0
5;3;78;228.603;0.0;256.893;256.893;0.0
5;3;79;161.989;0.0;196.881;196.881;0.0
5;3;80;223.965;0.0;293.086;293.086;0.0
5;3;81;179.199;0.0;252.242;252.242;0.0
5;3;82;179.125;0.0;270.091;270.091;0.0
5;3;83;177.091;0.0;267.141;267.141;0.0
5;3;84;171.051;0.0;259.067;259.067;0.0
5;3;85;227.451;0.0;298.442;252.749;45.693
5;3;86;102.393;0.0;165.428;0.0;165.428
5;3;87;231.484;0.0;292.606;277.695;14.911
5;3;88;234.367;0.0;321.078;321.078;0.0
5;3;89;234.943;0.0;347.665;347.665;0.0
5;3;90;237.828;0.0;334.239;334.239;0.0
5;3;91;227.687;0.0;335.731;335.731;0.0
5;3;92;66.477;0.0;174.633;174.633;0.0
5;3;93;246.495;0.0;356.698;356.698;0.0
5;3;94;248.809;0.0;353.907;353.907;0.0
5;3;95;249.387;0.0;328.958;328.958;0.0
5;3;96;250.545;0.0;268.766;268.766;0.0
5;3;97;252.861;0.0;285.741;285.741;0.0
5;3;98;253.44;0.0;275.92;275.92;0.0
5;3;99;255.178;0.0;278.573;278.573;0.0
5;3;100;252.861;0.0;276.73;276.73;0.0
5;3;101;249.387;0.0;273.873;273.873;0.0
5;3;102;247.073;0.0;276.831;276.831;0.0
5;3;103;245.916;0.0;310.488;310.488;0.0
5;3;104;241.87;0.0;332.712;332.712;0.0
5;3;105;240.138;0.0;344.744;344.744;0.0
5;3;106;245.916;0.0;366.571;366.571;0.0
5;3;107;247.073;0.0;360.607;360.607;0.0
5;3;108;249.387;0.0;368.899;368.899;0.0
5;3;109;247.073;0.0;352.749;352.749;0.0
5;3;110;245.916;0.0;355.52;355.52;0.0
5;3;111;244.182;0.0;344.863;344.863;0.0
5;3;112;243.026;0.0;377.233;377.233;0.0
5;3;113;242.448;0.0;353.323;353.323;0.0
5;3;114;242.448;0.0;362.763;362.763;0.0
5;3;115;241.87;0.0;380.854;380.854;0.0
5;3;116;240.138;0.0;361.464;361.464;0.0
5;3;117;240.138;0.0;364.305;364.305;0.0
5;3;118;239.56;0.0;346.513;346.513;0.0
5;3;119;240.715;0.0;313.603;313.603;0.0
5;3;120;240.715;0.0;257.599;257.599;0.0
5;3;121;241.87;0.0;265.339;265.339;0.0
5;3;122;245.338;0.0;268.29;268.29;0.0
5;3;123;249.387;0.0;270.691;270.691;0.0
5;3;124;254.019;0.0;275.58;275.58;0.0
5;3;125;257.497;0.0;279.087;279.087;0.0
5;3;126;256.917;0.0;284.421;284.421;0.0
5;3;127;257.497;0.0;327.715;327.715;0.0
5;3;128;255.758;0.0;373.076;373.076;0.0
5;3;129;252.861;0.0;343.007;343.007;0.0
5;3;130;247.073;0.0;346.451;346.451;0.0
5;3;131;245.916;0.0;340.814;340.814;0.0
5;3;132;244.76;0.0;325.982;325.982;0.0
5;3;133;241.87;0.0;325.688;325.688;0.0
5;3;134;242.448;0.0;327.071;327.071;0.0
5;3;135;243.604;0.0;339.769;339.769;0.0
5;3;136;242.448;0.0;358.258;358.258;0.0
5;3;137;245.916;0.0;357.374;357.374;0.0
5;3;138;247.073;0.0;366.669;366.669;0.0
5;3;139;248.809;0.0;388.258;388.258;0.0
5;3;140;251.703;0.0;375.622;375.622;0.0
5;3;141;253.44;0.0;390.555;390.555;0.0
5;3;142;255.178;0.0;367.186;367.186;0.0
5;3;143;256.337;0.0;341.16;341.16;0.0
5;3;144;252.861;0.0;269.804;269.804;0.0
5;3;145;255.758;0.0;281.771;281.771;0.0
5;3;146;254.599;0.0;276.395;276.395;0.0
5;3;147;257.497;0.0;284.543;284.543;0.0
5;3;148;256.337;0.0;278.791;278.791;0.0
5;3;149;256.917;0.0;282.218;282.218;0.0
5;3;150;255.178;0.0;288.287;288.287;0.0
5;3;151;252.861;0.0;332.663;332.663;0.0
5;3;152;250.545;0.0;356.238;356.238;0.0
5;3;153;239.533;0.0;340.996;340.996;0.0
5;3;154;225.429;0.0;305.863;305.863;0.0
5;3;155;206.398;0.0;278.783;278.783;0.0
5;3;156;206.204;0.0;291.332;291.332;0.0
5;3;157;227.451;0.0;313.599;313.599;0.0
5;3;158;148.027;0.0;240.824;240.824;0.0
5;3;159;186.693;0.0;274.822;274.822;0.0
5;3;160;178.206;0.0;293.56;293.56;0.0
5;3;161;174.687;0.0;305.473;305.473;0.0
5;3;162;194.308;0.0;317.365;317.365;0.0
5;3;163;186.536;0.0;317.925;317.925;0.0
5;3;164;187.386;0.0;306.925;306.925;0.0
5;3;165;225.004;0.0;331.815;331.815;0.0
5;3;166;226.299;0.0;343.571;343.571;0.0
5;3;167;228.603;0.0;306.072;306.072;0.0
10;0;0;199.455;0.0;216.529;216.529;0.0
10;0;1;235.52;0.0;259.569;259.569;0.0
10;0;2;0.0;0.0;21.506;21.506;0.0
10;0;3;53.204;0.0;76.818;76.818;0.0
10;0;4;181.982;0.0;205.631;205.631;0.0
10;0;5;183.764;0.0;209.156;209.156;0.0
10;0;6;210.109;0.0;236.177;236.177;0.0
10;0;7;199.026;0.0;268.856;268.856;0.0
10;0;8;163.452;0.0;267.006;267.006;0.0
10;0;9;142.311;0.0;227.97;227.97;0.0
10;0;10;122.114;0.0;199.229;199.229;0.0
10;0;11;110.802;0.0;185.95;107.952;77.997
10;0;12;109.374;0.0;174.238;62.257;111.981
10;0;13;93.063;0.0;171.862;171.862;0.0
10;0;14;195.88;0.0;276.639;276.639;0.0
10;0;15;106.775;0.0;177.525;177.525;0.0
10;0;16;203.324;0.0;291.211;291.211;0.0
10;0;17;0.0;0.0;111.457;111.457;0.0
10;0;18;190.308;0.0;319.485;319.485;0.0
10;0;19;7.494;0.0;143.254;143.254;0.0
10;0;20;211.928;0.0;350.107;350.107;0.0
10;0;21;125.477;0.0;250.051;250.051;0.0
10;0;22;125.205;0.0;221.553;221.553;0.0
10;0;23;0.0;0.0;83.576;83.576;0.0
10;0;24;0.0;0.0;17.311;17.311;0.0
10;0;25;157.673;0.0;185.22;185.22;0.0
10;0;26;166.25;0.0;190.188;190.188;0.0
10;0;27;172.984;0.0;196.954;196.954;0.0
10;0;28;178.783;0.0;200.124;200.124;0.0
10;0;29;242.448;0.0;266.173;266.173;0.0
10;0;30;160.852;0.0;189.544;189.544;0.0
10;0;31;225.401;0.0;300.424;300.424;0.0
10;0;32;196.089;0.0;301.389;301.389;0.0
10;0;33;194.084;0.0;273.901;273.901;0.0
10;0;34;182.41;0.0;261.456;261.456;0.0
10;0;35;172.382;0.0;247.397;247.397;0.0
10;0;36;234.943;0.0;305.863;305.863;0.0
10;0;37;106.491;0.0;185.437;185.437;0.0
10;0;38;161.089;0.0;237.325;237.325;0.0
10;0;39;156.523;0.0;234.683;234.683;0.0
10;0;40;147.468;0.0;228.267;228.267;0.0
10;0;41;141.846;0.0;246.164;246.164;0.0
10;0;42;154.438;0.0;287.432;287.432;0.0
10;0;43;159.792;0.0;285.814;285.814;0.0
10;0;44;165.888;0.0;295.216;295.216;0.0
10;0;45;169.387;0.0;285.557;285.557;0.0
10;0;46;147.845;0.0;268.034;268.034;0.0
10;0;47;154.966;0.0;228.448;228.448;0.0
10;0;48;142.585;0.0;159.617;159.617;0.0
10;0;49;140.937;0.0;166.614;166.614;0.0
10;0;50;142.386;0.0;165.704;165.704;0.0
10;0;51;144.929;0.0;166.81;166.81;0.0
10;0;52;145.415;0.0;165.721;165.721;0.0
10;0;53;146.964;0.0;168.475;168.475;0.0
10;0;54;147.372;0.0;174.229;174.229;0.0
10;0;55;195.694;0.0;262.04;262.04;0.0
10;0;56;193.999;0.0;286.743;286.743;0.0
10;0;57;144.538;0.0;226.803;226.803;0.0
10;0;58;137.95;0.0;215.832;215.832;0.0
10;0;59;120.302;0.0;181.152;181.152;0.0
10;0;60;107.534;0.0;173.698;106.021;67.677
10;0;61;97.313;0.0;170.309;101.535;68.774
10;0;62;92.063;0.0;166.889;119.121;47.769
10;0;63;98.825;0.0;167.517;167.517;0.0
10;0;64;85.915;0.0;167.997;167.997;0.0
10;0;65;62.358;0.0;143.58;143.58;0.0
10;0;66;61.216;0.0;174.572;174.572;0.0
10;0;67;200.46;0.0;329.269;329.269;0.0
10;0;68;15.064;0.0;139.158;139.158;0.0
10;0;69;0.0;0.0;126.043;126.043;0.0
10;0;70;81.915;0.0;204.082;204.082;0.0
10;0;71;75.544;0.0;155.144;155.144;0.0
10;0;72;171.083;0.0;188.852;188.852;0.0
10;0;73;0.0;0.0;25.904;25.904;0.0
10;0;74;93.012;0.0;114.09;114.09;0.0
10;0;75;95.382;0.0;118.392;118.392;0.0
10;0;76;95.199;0.0;116.302;116.302;0.0
10;0;77;96.609;0.0;117.392;117.392;0.0
10;0;78;97.163;0.0;124.58;124.58;0.0
10;0;79;140.564;0.0;182.74;182.74;0.0
10;0;80;140.706;0.0;195.195;195.195;0.0
10;0;81;95.531;0.0;159.925;159.925;0.0
10;0;82;91.665;0.0;177.315;177.315;0.0
10;0;83;83.474;0.0;157.106;146.598;10.508
10;0;84;79.997;0.0;151.27;151.27;0.0
10;0;85;73.141;0.0;144.797;144.797;0.0
10;0;86;71.401;0.0;143.773;90.356;53.417
10;0;87;85.356;0.0;153.258;153.258;0.0
10;0;88;197.024;0.0;260.544;260.544;0.0
10;0;89;187.145;0.0;289.629;289.629;0.0
10;0;90;0.0;0.0;111.58;111.58;0.0
10;0;91;152.77;0.0;263.356;263.356;0.0
10;0;92;0.0;0.0;100.345;100.345;0.0
10;0;93;218.821;0.0;339.276;339.276;0.0
10;0;94;0.0;0.0;88.315;88.315;0.0
10;0;95;225.148;0.0;302.465;302.465;0.0
10;0;96;164.351;0.0;180.895;180.895;0.0
10;0;97;166.282;0.0;199.336;199.336;0.0
10;0;98;177.936;0.0;200.849;200.849;0.0
10;0;99;0.0;0.0;21.75;21.75;0.0
10;0;100;81.579;0.0;103.988;103.988;0.0
10;0;101;196.957;0.0;223.244;223.244;0.0
10;0;102;227.318;0.0;256.186;256.186;0.0
10;0;103;227.604;0.0;287.081;287.081;0.0
10;0;104;202.219;0.0;262.966;262.966;0.0
10;0;105;192.383;0.0;269.218;269.218;0.0
10;0;106;176.249;0.0;270.521;270.521;0.0
10;0;107;167.887;0.0;247.671;247.671;0.0
10;0;108;171.899;0.0;256.775;256.775;0.0
10;0;109;156.416;0.0;250.786;250.786;0.0
10;0;110;149.89;0.0;222.135;222.135;0.0
10;0;111;144.13;0.0;224.699;224.699;0.0
10;0;112;137.545;0.0;212.95;212.95;0.0
10;0;113;127.87;0.0;226.13;226.13;0.0
10;0;114;181.76;0.0;282.52;282.52;0.0
10;0;115;227.451;0.0;358.021;358.021;0.0
10;0;116;228.027;0.0;337.874;337.874;0.0
10;0;117;229.755;0.0;339.102;339.102;0.0
10;0;118;150.408;0.0;252.259;252.259;0.0
10;0;119;163.348;0.0;243.833;243.833;0.0
10;0;120;0.0;0.0;17.164;17.164;0.0
10;0;121;68.596;0.0;101.297;101.297;0.0
10;0;122;196.492;0.0;221.004;221.004;0.0
10;0;123;197.263;0.0;221.372;221.372;0.0
10;0;124;197.852;0.0;219.851;219.851;0.0
10;0;125;205.929;0.0;229.4;229.4;0.0
10;0;126;231.792;0.0;261.741;261.741;0.0
10;0;127;226.646;0.0;316.353;316.353;0.0
10;0;128;207.377;0.0;311.77;311.77;0.0
10;0;129;204.944;0.0;275.261;275.261;0.0
10;0;130;190.308;0.0;275.009;275.009;0.0
10;0;131;177.275;0.0;250.805;250.805;0.0
10;0;132;173.667;0.0;243.187;243.187;0.0
10;0;133;148.871;0.0;223.575;223.575;0.0
10;0;134;222.846;0.0;293.59;293.59;0.0
10;0;135;225.148;0.0;299.292;299.292;0.0
10;0;136;227.451;0.0;322.558;322.558;0.0
10;0;137;0.0;0.0;128.48;128.48;0.0
10;0;138;60.432;0.0;187.535;187.535;0.0
10;0;139;233.213;0.0;376.187;376.187;0.0
10;0;140;232.637;0.0;352.933;352.933;0.0
10;0;141;234.367;0.0;335.23;335.23;0.0
10;0;142;234.367;0.0;359.782;359.782;0.0
10;0;143;78.468;0.0;147.633;147.633;0.0
10;0;144;0.0;0.0;17.667;17.667;0.0
10;0;145;204.654;0.0;236.562;236.562;0.0
10;0;146;211.661;0.0;234.298;234.298;0.0
10;0;147;214.235;0.0;238.029;238.029;0.0
10;0;148;220.113;0.0;244.837;244.837;0.0
10;0;149;224.511;0.0;251.352;251.352;0.0
10;0;150;249.966;0.0;282.458;282.458;0.0
10;0;151;242.662;0.0;322.853;322.853;0.0
10;0;152;215.609;0.0;318.489;318.489;0.0
10;0;153;213.947;0.0;294.643;294.643;0.0
10;0;154;206.153;0.0;286.657;222.198;64.459
10;0;155;192.252;0.0;260.727;260.727;0.0
10;0;156;184.427;0.0;268.476;168.174;100.302
10;0;157;157.44;0.0;237.787;150.9;86.887
10;0;158;145.187;0.0;227.809;115.735;112.074
10;0;159;136.221;0.0;207.116;207.116;0.0
10;0;160;221.121;0.0;313.211;313.211;0.0
10;0;161;44.169;0.0;140.047;140.047;0.0
10;0;162;223.422;0.0;340.998;340.998;0.0
10;0;163;228.027;0.0;348.512;348.512;0.0
10;0;164;229.755;0.0;356.216;356.216;0.0
10;0;165;75.673;0.0;189.856;189.856;0.0
10;0;166;237.251;0.0;348.996;348.996;0.0
10;0;167;35.167;0.0;109.258;109.258;0.0
10;1;0;0.0;0.0;17.989;17.989;0.0
10;1;1;0.0;0.0;23.255;23.255;0.0
10;1;2;0.0;0.0;23.143;23.143;0.0
10;1;3;0.0;0.0;21.498;21.498;0.0
10;1;4;0.0;0.0;20.967;20.967;0.0
10;1;5;0.0;0.0;22.931;22.931;0.0
10;1;6;0.0;0.0;34.738;34.738;0.0
10;1;7;0.0;0.0;62.845;0.0;62.845
10;1;8;0.0;0.0;77.501;0.0;77.501
10;1;9;0.0;0.0;77.11;0.0;77.11
10;1;10;0.0;0.0;81.076;0.0;81.076
10;1;11;0.0;0.0;77.919;0.0;77.919
10;1;12;0.0;0.0;74.173;0.0;74.173
10;1;13;0.0;0.0;83.849;0.0;83.849
10;1;14;0.0;0.0;73.651;0.0;73.651
10;1;15;0.0;0.0;76.907;0.0;76.907
10;1;16;53.361;0.0;140.14;0.0;140.14
10;1;17;0.0;0.0;111.289;29.881;81.409
10;1;18;0.0;0.0;107.061;82.236;24.824
10;1;19;0.0;0.0;122.371;122.371;0.0
10;1;20;0.0;0.0;124.403;124.403;0.0
10;1;21;0.0;0.0;111.132;111.132;0.0
10;1;22;0.0;0.0;104.452;104.452;0.0
10;1;23;0.0;0.0;77.846;77.846;0.0
10;1;24;0.0;0.0;17.355;17.355;0.0
10;1;25;0.0;0.0;26.723;26.723;0.0
10;1;26;0.0;0.0;23.085;23.085;0.0
10;1;27;0.0;0.0;23.11;23.11;0.0
10;1;28;0.0;0.0;24.173;24.173;0.0
10;1;29;0.0;0.0;25.641;25.641;0.0
10;1;30;0.0;0.0;28.276;28.276;0.0
10;1;31;0.0;0.0;66.847;15.505;51.342
10;1;32;3.822;0.0;80.732;0.0;80.732
10;1;33;3.633;0.0;79.071;0.0;79.071
10;1;34;3.399;0.0;78.968;0.0;78.968
10;1;35;3.534;0.0;82.111;0.0;82.111
10;1;36;7.141;0.0;68.066;0.0;68.066
10;1;37;2.713;0.0;74.908;0.0;74.908
10;1;38;3.316;0.0;79.357;0.0;79.357
10;1;39;96.799;0.0;170.657;0.0;170.657
10;1;40;0.0;0.0;82.072;0.0;82.072
10;1;41;0.0;0.0;88.162;0.0;88.162
10;1;42;0.0;0.0;98.397;20.2;78.197
10;1;43;0.0;0.0;122.484;122.484;0.0
10;1;44;0.0;0.0;131.598;131.598;0.0
10;1;45;0.0;0.0;118.838;118.838;0.0
10;1;46;0.0;0.0;107.994;107.994;0.0
10;1;47;0.0;0.0;70.285;70.285;0.0
10;1;48;0.0;0.0;17.385;17.385;0.0
10;1;49;0.0;0.0;24.797;24.797;0.0
10;1;50;0.0;0.0;24.379;24.379;0.0
10;1;51;0.0;0.0;23.103;23.103;0.0
10;1;52;0.0;0.0;21.947;21.947;0.0
10;1;53;0.0;0.0;22.954;22.954;0.0
10;1;54;0.0;0.0;35.244;35.244;0.0
10;1;55;0.0;0.0;55.09;22.611;32.479
10;1;56;0.0;0.0;75.434;0.0;75.434
10;1;57;0.0;0.0;59.689;0.0;59.689
10;1;58;4.207;0.0;89.572;0.0;89.572
10;1;59;3.559;0.0;75.849;0.0;75.849
10;1;60;3.208;0.0;74.862;0.0;74.862
10;1;61;2.839;0.0;81.203;0.0;81.203
10;1;62;3.742;0.0;77.405;0.0;77.405
10;1;63;9.435;0.0;85.212;0.0;85.212
10;1;64;91.074;0.0;163.341;0.0;163.341
10;1;65;0.0;0.0;94.343;0.0;94.343
10;1;66;0.0;0.0;105.985;67.042;38.944
10;1;67;0.0;0.0;124.163;124.163;0.0
10;1;68;0.0;0.0;131.535;131.535;0.0
10;1;69;0.0;0.0;115.146;115.146;0.0
10;1;70;0.0;0.0;119.896;119.896;0.0
10;1;71;0.0;0.0;84.662;84.662;0.0
10;1;72;0.0;0.0;17.365;17.365;0.0
10;1;73;0.0;0.0;24.07;24.07;0.0
10;1;74;0.0;0.0;22.578;22.578;0.0
10;1;75;0.0;0.0;22.352;22.352;0.0
10;1;76;0.0;0.0;24.16;24.16;0.0
10;1;77;0.0;0.0;23.863;23.863;0.0
10;1;78;0.0;0.0;24.583;24.583;0.0
10;1;79;0.0;0.0;42.237;0.0;42.237
10;1;80;0.0;0.0;43.922;0.0;43.922
10;1;81;4.026;0.0;67.869;0.0;67.869
10;1;82;4.031;0.0;62.845;0.0;62.845
10;1;83;3.865;0.0;67.98;0.0;67.98
10;1;84;3.09;0.0;75.912;0.0;75.912
10;1;85;3.937;0.0;83.99;0.0;83.99
10;1;86;3.047;0.0;61.442;0.0;61.442
10;1;87;83.527;0.0;158.385;0.0;158.385
10;1;88;0.0;0.0;68.892;0.0;68.892
10;1;89;0.0;0.0;93.093;0.0;93.093
10;1;90;0.0;0.0;107.235;35.417;71.818
10;1;91;0.0;0.0;93.46;93.46;0.0
10;1;92;0.0;0.0;98.34;98.34;0.0
10;1;93;0.0;0.0;103.639;103.639;0.0
10;1;94;0.0;0.0;107.166;107.166;0.0
10;1;95;0.0;0.0;69.617;69.617;0.0
10;1;96;0.0;0.0;19.569;19.569;0.0
10;1;97;0.0;0.0;30.595;30.595;0.0
10;1;98;0.0;0.0;24.166;24.166;0.0
10;1;99;0.0;0.0;22.786;22.786;0.0
10;1;100;0.0;0.0;24.026;24.026;0.0
10;1;101;0.0;0.0;23.977;23.977;0.0
10;1;102;0.0;0.0;29.663;29.663;0.0
10;1;103;0.0;0.0;57.721;11.295;46.426
10;1;104;0.0;0.0;64.737;0.0;64.737
10;1;105;3.993;0.0;87.733;0.0;87.733
10;1;106;3.746;0.0;89.583;0.0;89.583
10;1;107;4.135;0.0;99.547;0.0;99.547
10;1;108;7.316;0.0;93.329;0.0;93.329
10;1;109;3.06;0.0;83.122;0.0;83.122
10;1;110;3.926;0.0;89.67;0.0;89.67
10;1;111;81.152;0.0;159.934;0.0;159.934
10;1;112;0.0;0.0;102.489;0.0;102.489
10;1;113;0.0;0.0;93.946;0.0;93.946
10;1;114;0.0;0.0;100.858;85.722;15.136
10;1;115;0.0;0.0;108.578;108.578;0.0
10;1;116;0.0;0.0;116.126;116.126;0.0
10;1;117;0.0;0.0;116.674;116.674;0.0
10;1;118;0.0;0.0;105.6;105.6;0.0
10;1;119;0.0;0.0;89.315;89.315;0.0
10;1;120;0.0;0.0;17.254;17.254;0.0
10;1;121;0.0;0.0;25.948;25.948;0.0
10;1;122;0.0;0.0;21.824;21.824;0.0
10;1;123;0.0;0.0;24.068;24.068;0.0
10;1;124;0.0;0.0;21.652;21.652;0.0
10;1;125;0.0;0.0;22.917;22.917;0.0
10;1;126;0.0;0.0;33.774;33.774;0.0
10;1;127;0.0;0.0;83.067;83.067;0.0
10;1;128;0.0;0.0;89.751;0.0;89.751
10;1;129;4.095;0.0;82.644;0.0;82.644
10;1;130;4.709;0.0;77.658;0.0;77.658
10;1;131;3.331;0.0;74.277;0.0;74.277
10;1;132;6.517;0.0;85.038;0.0;85.038
10;1;133;3.488;0.0;74.766;0.0;74.766
10;1;134;3.115;0.0;86.794;0.0;86.794
10;1;135;3.313;0.0;83.064;0.0;83.064
10;1;136;56.038;0.0;143.319;0.0;143.319
10;1;137;19.112;0.0;111.356;0.0;111.356
10;1;138;0.0;0.0;121.66;71.61;50.051
10;1;139;0.0;0.0;132.421;132.421;0.0
10;1;140;0.0;0.0;123.776;123.776;0.0
10;1;141;0.0;0.0;100.279;100.279;0.0
10;1;142;0.0;0.0;107.191;107.191;0.0
10;1;143;0.0;0.0;84.711;84.711;0.0
10;1;144;0.0;0.0;17.57;17.57;0.0
10;1;145;0.0;0.0;23.791;23.791;0.0
10;1;146;0.0;0.0;23.035;23.035;0.0
10;1;147;0.0;0.0;22.002;22.002;0.0
10;1;148;0.0;0.0;22.518;22.518;0.0
10;1;149;0.0;0.0;21.913;21.913;0.0
10;1;150;0.0;0.0;26.408;26.408;0.0
10;1;151;0.0;0.0;65.537;62.605;2.932
10;1;152;0.0;0.0;79.595;0.0;79.595
10;1;153;3.876;0.0;77.861;0.0;77.861
10;1;154;3.393;0.0;89.201;0.0;89.201
10;1;155;3.27;0.0;81.836;0.0;81.836
10;1;156;7.178;0.0;86.524;0.0;86.524
10;1;157;2.928;0.0;93.71;0.0;93.71
10;1;158;3.391;0.0;83.719;0.0;83.719
10;1;159;126.123;0.0;196.021;0.0;196.021
10;1;160;0.0;0.0;82.159;0.0;82.159
10;1;161;15.917;0.0;120.44;0.0;120.44
10;1;162;0.0;0.0;106.886;58.463;48.423
10;1;163;0.0;0.0;122.336;122.336;0.0
10;1;164;0.0;0.0;124.667;124.667;0.0
10;1;165;0.0;0.0;123.342;123.342;0.0
10;1;166;0.0;0.0;120.635;120.635;0.0
10;1;167;0.0;0.0;95.676;95.676;0.0
10;2;0;0.0;0.0;16.569;16.569;0.0
10;2;1;0.0;0.0;24.058;24.058;0.0
10;2;2;192.447;0.0;214.528;214.528;0.0
10;2;3;0.0;0.0;22.732;22.732;0.0
10;2;4;7.384;0.0;28.643;28.643;0.0
10;2;5;198.169;0.0;220.025;220.025;0.0
10;2;6;0.0;0.0;24.451;24.451;0.0
10;2;7;1.863;0.0;80.8;80.8;0.0
10;2;8;0.0;0.0;106.538;106.538;0.0
10;2;9;77.65;0.0;164.049;164.049;0.0
10;2;10;71.617;0.0;152.69;0.0;152.69
10;2;11;163.928;0.0;226.755;0.0;226.755
10;2;12;187.873;0.0;264.736;0.0;264.736
10;2;13;35.562;0.0;111.79;0.0;111.79
10;2;14;30.975;0.0;107.674;0.0;107.674
10;2;15;26.261;0.0;111.593;0.0;111.593
10;2;16;25.539;0.0;115.557;107.106;8.451
10;2;17;25.184;0.0;153.649;153.649;0.0
10;2;18;0.0;0.0;117.045;117.045;0.0
10;2;19;101.818;0.0;217.335;217.335;0.0
10;2;20;57.686;0.0;194.126;194.126;0.0
10;2;21;0.0;0.0;128.435;128.435;0.0
10;2;22;124.281;0.0;242.895;242.895;0.0
10;2;23;0.0;0.0;75.193;75.193;0.0
10;2;24;0.0;0.0;16.598;16.598;0.0
10;2;25;0.0;0.0;25.986;25.986;0.0
10;2;26;187.746;0.0;211.471;211.471;0.0
10;2;27;0.0;0.0;22.308;22.308;0.0
10;2;28;220.546;0.0;242.034;242.034;0.0
10;2;29;8.532;0.0;31.461;31.461;0.0
10;2;30;143.915;0.0;169.768;169.768;0.0
10;2;31;146.55;0.0;229.467;229.467;0.0
10;2;32;132.785;0.0;225.56;225.56;0.0
10;2;33;124.834;0.0;208.388;142.288;66.1
10;2;34;107.901;0.0;182.447;112.267;70.18
10;2;35;166.394;0.0;228.8;0.0;228.8
10;2;36;190.731;0.0;257.83;0.0;257.83
10;2;37;39.811;0.0;121.463;0.0;121.463
10;2;38;38.831;0.0;119.339;0.0;119.339
10;2;39;0.0;0.0;62.677;0.0;62.677
10;2;40;105.199;0.0;192.885;192.885;0.0
10;2;41;22.204;0.0;133.518;133.518;0.0
10;2;42;34.221;0.0;163.138;163.138;0.0
10;2;43;42.71;0.0;160.244;160.244;0.0
10;2;44;46.292;0.0;171.776;171.776;0.0
10;2;45;0.0;0.0;117.909;117.909;0.0
10;2;46;0.0;0.0;101.152;101.152;0.0
10;2;47;0.0;0.0;76.364;76.364;0.0
10;2;48;0.0;0.0;20.281;20.281;0.0
10;2;49;0.0;0.0;21.822;21.822;0.0
10;2;50;53.53;0.0;75.189;75.189;0.0
10;2;51;56.32;0.0;78.611;78.611;0.0
10;2;52;57.504;0.0;79.811;79.811;0.0
10;2;53;59.592;0.0;81.831;81.831;0.0
10;2;54;54.706;0.0;83.833;83.833;0.0
10;2;55;81.539;0.0;153.365;153.365;0.0
10;2;56;81.444;0.0;173.475;173.475;0.0
10;2;57;52.302;0.0;134.656;134.656;0.0
10;2;58;46.73;0.0;117.182;117.182;0.0
10;2;59;41.878;0.0;105.677;84.918;20.759
10;2;60;84.25;0.0;165.649;0.0;165.649
10;2;61;0.0;0.0;74.154;0.0;74.154
10;2;62;0.0;0.0;80.288;0.0;80.288
10;2;63;28.826;0.0;98.474;70.942;27.532
10;2;64;80.749;0.0;166.587;166.587;0.0
10;2;65;175.315;0.0;288.517;288.517;0.0
10;2;66;0.0;0.0;126.611;126.611;0.0
10;2;67;0.0;0.0;125.841;125.841;0.0
10;2;68;0.0;0.0;136.313;136.313;0.0
10;2;69;0.0;0.0;111.207;111.207;0.0
10;2;70;0.0;0.0;124.524;124.524;0.0
10;2;71;0.0;0.0;67.876;67.876;0.0
10;2;72;0.0;0.0;18.428;18.428;0.0
10;2;73;14.317;0.0;40.43;40.43;0.0
10;2;74;43.412;0.0;63.878;63.878;0.0
10;2;75;45.217;0.0;71.579;71.579;0.0
10;2;76;46.624;0.0;69.698;69.698;0.0
10;2;77;49.23;0.0;74.644;74.644;0.0
10;2;78;50.457;0.0;77.986;77.986;0.0
10;2;79;82.431;0.0;121.956;121.956;0.0
10;2;80;86.368;0.0;142.352;142.352;0.0
10;2;81;56.047;0.0;138.111;138.111;0.0
10;2;82;52.048;0.0;122.526;20.532;101.994
10;2;83;70.468;0.0;133.946;0.0;133.946
10;2;84;0.0;0.0;66.37;66.37;0.0
10;2;85;22.545;0.0;110.077;110.077;0.0
10;2;86;177.596;0.0;236.534;210.057;26.477
10;2;87;59.347;0.0;126.106;126.106;0.0
10;2;88;0.0;0.0;85.542;85.542;0.0
10;2;89;0.0;0.0;103.161;103.161;0.0
10;2;90;0.0;0.0;88.756;88.756;0.0
10;2;91;0.0;0.0;102.16;102.16;0.0
10;2;92;187.873;0.0;314.969;314.969;0.0
10;2;93;43.266;0.0;159.998;159.998;0.0
10;2;94;0.0;0.0;105.049;105.049;0.0
10;2;95;0.53;0.0;78.824;78.824;0.0
10;2;96;0.0;0.0;18.844;18.844;0.0
10;2;97;0.0;0.0;26.883;26.883;0.0
10;2;98;80.035;0.0;103.733;103.733;0.0
10;2;99;201.605;0.0;226.165;226.165;0.0
10;2;100;59.57;0.0;81.476;81.476;0.0
10;2;101;0.0;0.0;23.644;23.644;0.0
10;2;102;112.855;0.0;142.001;142.001;0.0
10;2;103;112.456;0.0;177.743;177.743;0.0
10;2;104;98.089;0.0;197.333;197.333;0.0
10;2;105;93.31;0.0;187.921;187.921;0.0
10;2;106;82.318;0.0;185.499;185.499;0.0
10;2;107;76.36;0.0;161.426;161.426;0.0
10;2;108;77.563;0.0;168.324;168.324;0.0
10;2;109;124.243;0.0;235.14;235.14;0.0
10;2;110;0.0;0.0;83.488;83.488;0.0
10;2;111;60.501;0.0;167.95;167.95;0.0
10;2;112;63.447;0.0;167.681;167.681;0.0
10;2;113;60.115;0.0;199.754;199.754;0.0
10;2;114;74.319;0.0;205.979;205.979;0.0
10;2;115;77.85;0.0;204.697;204.697;0.0
10;2;116;83.512;0.0;188.912;188.912;0.0
10;2;117;81.865;0.0;201.705;201.705;0.0
10;2;118;72.727;0.0;172.637;172.637;0.0
10;2;119;204.471;0.0;272.6;272.6;0.0
10;2;120;0.0;0.0;20.172;20.172;0.0
10;2;121;151.216;0.0;177.609;177.609;0.0
10;2;122;0.0;0.0;22.526;22.526;0.0
10;2;123;101.318;0.0;124.623;124.623;0.0
10;2;124;103.695;0.0;125.454;125.454;0.0
10;2;125;105.726;0.0;129.97;129.97;0.0
10;2;126;125.029;0.0;162.85;162.85;0.0
10;2;127;118.842;0.0;202.738;202.738;0.0
10;2;128;102.463;0.0;208.694;208.694;0.0
10;2;129;97.251;0.0;196.712;196.712;0.0
10;2;130;92.681;0.0;173.231;173.231;0.0
10;2;131;85.049;0.0;149.021;81.346;67.675
10;2;132;78.229;0.0;156.191;28.357;127.834
10;2;133;76.298;0.0;161.23;0.0;161.23
10;2;134;189.588;0.0;261.543;72.198;189.345
10;2;135;142.232;0.0;223.239;197.96;25.279
10;2;136;0.0;0.0;90.737;79.862;10.875
10;2;137;0.0;0.0;104.427;104.427;0.0
10;2;138;0.0;0.0;132.304;132.304;0.0
10;2;139;199.887;0.0;325.34;325.34;0.0
10;2;140;0.0;0.0;110.529;110.529;0.0
10;2;141;0.0;0.0;103.225;103.225;0.0
10;2;142;119.252;0.0;219.012;219.012;0.0
10;2;143;0.0;0.0;72.931;72.931;0.0
10;2;144;88.495;0.0;108.584;108.584;0.0
10;2;145;91.121;0.0;118.575;118.575;0.0
10;2;146;95.435;0.0;116.731;116.731;0.0
10;2;147;97.665;0.0;119.808;119.808;0.0
10;2;148;100.762;0.0;122.462;122.462;0.0
10;2;149;101.1;0.0;121.727;121.727;0.0
10;2;150;121.508;0.0;150.967;150.967;0.0
10;2;151;122.022;0.0;196.515;196.515;0.0
10;2;152;101.184;0.0;198.928;198.928;0.0
10;2;153;98.668;0.0;189.725;189.725;0.0
10;2;154;94.646;0.0;173.879;149.702;24.177
10;2;155;87.614;0.0;152.491;152.491;0.0
10;2;156;86.395;0.0;161.642;59.981;101.661
10;2;157;66.391;0.0;148.353;106.743;41.611
10;2;158;57.14;0.0;144.59;101.765;42.825
10;2;159;52.561;0.0;126.146;126.146;0.0
10;2;160;48.66;0.0;132.387;132.387;0.0
10;2;161;47.035;0.0;150.466;150.466;0.0
10;2;162;58.692;0.0;186.74;186.74;0.0
10;2;163;61.499;0.0;204.398;204.398;0.0
10;2;164;60.658;0.0;194.392;194.392;0.0
10;2;165;60.001;0.0;184.928;184.928;0.0
10;2;166;50.881;0.0;156.191;156.191;0.0
10;2;167;192.447;0.0;252.309;252.309;0.0
10;3;0;35.943;0.0;53.627;53.627;0.0
10;3;1;215.934;0.0;247.281;247.281;0.0
10;3;2;216.48;0.0;238.659;238.659;0.0
10;3;3;219.635;0.0;242.727;242.727;0.0
10;3;4;249.966;0.0;271.169;271.169;0.0
10;3;5;212.389;0.0;237.725;237.725;0.0
10;3;6;254.019;0.0;283.793;283.793;0.0
10;3;7;253.44;0.0;338.366;338.366;0.0
10;3;8;230.73;0.0;344.212;344.212;0.0
10;3;9;224.261;0.0;331.887;331.887;0.0
10;3;10;217.707;0.0;296.468;296.468;0.0
10;3;11;209.872;0.0;284.078;284.078;0.0
10;3;12;207.006;0.0;273.686;60.68;213.006
10;3;13;183.388;0.0;266.893;156.526;110.366
10;3;14;225.724;0.0;308.107;252.847;55.261
10;3;15;224.573;0.0;302.993;302.993;0.0
10;3;16;227.451;0.0;333.2;333.2;0.0
10;3;17;134.185;0.0;283.562;283.562;0.0
10;3;18;234.367;0.0;362.118;362.118;0.0
10;3;19;0.0;0.0;127.304;127.304;0.0
10;3;20;74.379;0.0;193.054;193.054;0.0
10;3;21;197.006;0.0;307.898;307.898;0.0
10;3;22;245.916;0.0;360.556;360.556;0.0
10;3;23;248.23;0.0;327.788;327.788;0.0
10;3;24;250.545;0.0;268.622;268.622;0.0
10;3;25;53.332;0.0;79.499;79.499;0.0
10;3;26;221.47;0.0;242.985;242.985;0.0
10;3;27;225.282;0.0;247.051;247.051;0.0
10;3;28;230.472;0.0;252.127;252.127;0.0
10;3;29;250.236;0.0;272.771;272.771;0.0
10;3;30;255.178;0.0;286.613;286.613;0.0
10;3;31;257.497;0.0;342.8;342.8;0.0
10;3;32;237.004;0.0;338.427;338.427;0.0
10;3;33;231.581;0.0;321.225;321.225;0.0
10;3;34;219.296;0.0;301.698;113.017;188.681
10;3;35;212.515;0.0;289.873;117.918;171.955
10;3;36;212.825;0.0;285.552;285.552;0.0
10;3;37;197.577;0.0;291.958;266.399;25.56
10;3;38;195.69;0.0;271.806;271.806;0.0
10;3;39;200.743;0.0;287.503;287.503;0.0
10;3;40;195.853;0.0;299.528;299.528;0.0
10;3;41;200.791;0.0;323.146;323.146;0.0
10;3;42;214.228;0.0;338.942;338.942;0.0
10;3;43;217.874;0.0;354.802;354.802;0.0
10;3;44;218.265;0.0;350.214;350.214;0.0
10;3;45;213.801;0.0;322.051;322.051;0.0
10;3;46;192.122;0.0;298.914;298.914;0.0
10;3;47;188.278;0.0;273.754;273.754;0.0
10;3;48;163.757;0.0;181.754;181.754;0.0
10;3;49;155.037;0.0;176.998;176.998;0.0
10;3;50;149.052;0.0;173.349;173.349;0.0
10;3;51;143.199;0.0;165.919;165.919;0.0
10;3;52;143.453;0.0;166.067;166.067;0.0
10;3;53;143.039;0.0;165.741;165.741;0.0
10;3;54;141.062;0.0;166.352;166.352;0.0
10;3;55;179.431;0.0;252.277;252.277;0.0
10;3;56;188.582;0.0;288.99;288.99;0.0
10;3;57;149.852;0.0;244.937;244.937;0.0
10;3;58;150.084;0.0;254.242;254.242;0.0
10;3;59;147.205;0.0;233.074;233.074;0.0
10;3;60;140.947;0.0;223.192;128.325;94.866
10;3;61;132.418;0.0;198.274;101.625;96.649
10;3;62;123.92;0.0;193.788;193.788;0.0
10;3;63;133.363;0.0;214.696;214.696;0.0
10;3;64;130.554;0.0;234.536;234.536;0.0
10;3;65;218.246;0.0;335.309;335.309;0.0
10;3;66;219.971;0.0;343.694;343.694;0.0
10;3;67;189.134;0.0;336.21;336.21;0.0
10;3;68;137.817;0.0;252.882;252.882;0.0
10;3;69;0.0;0.0;124.495;124.495;0.0
10;3;70;5.875;0.0;116.905;116.905;0.0
10;3;71;135.926;0.0;220.269;220.269;0.0
10;3;72;141.985;0.0;159.165;159.165;0.0
10;3;73;141.935;0.0;170.871;170.871;0.0
10;3;74;146.213;0.0;168.025;168.025;0.0
10;3;75;151.962;0.0;175.885;175.885;0.0
10;3;76;150.523;0.0;173.42;173.42;0.0
10;3;77;151.738;0.0;177.334;177.334;0.0
10;3;78;228.603;0.0;256.893;256.893;0.0
10;3;79;127.802;0.0;162.694;162.694;0.0
10;3;80;204.391;0.0;273.511;273.511;0.0
10;3;81;163.537;0.0;236.58;236.58;0.0
10;3;82;163.469;0.0;254.435;254.435;0.0
10;3;83;161.613;0.0;251.664;251.664;0.0
10;3;84;156.101;0.0;244.117;244.117;0.0
10;3;85;227.451;0.0;298.442;239.397;59.045
10;3;86;73.464;0.0;136.5;0.0;136.5
10;3;87;231.484;0.0;292.606;246.002;46.604
10;3;88;216.757;0.0;303.469;303.469;0.0
10;3;89;234.943;0.0;347.665;347.665;0.0
10;3;90;237.828;0.0;334.239;334.239;0.0
10;3;91;52.473;0.0;160.517;160.517;0.0
10;3;92;0.0;0.0;108.156;108.156;0.0
10;3;93;187.343;0.0;297.546;297.546;0.0
10;3;94;197.877;0.0;302.975;302.975;0.0
10;3;95;190.153;0.0;269.724;269.724;0.0
10;3;96;233.155;0.0;251.376;251.376;0.0
10;3;97;240.269;0.0;273.149;273.149;0.0
10;3;98;253.44;0.0;275.92;275.92;0.0
10;3;99;255.178;0.0;278.573;278.573;0.0
10;3;100;252.861;0.0;276.73;276.73;0.0
10;3;101;249.387;0.0;273.873;273.873;0.0
10;3;102;247.073;0.0;276.831;276.831;0.0
10;3;103;245.916;0.0;310.488;310.488;0.0
10;3;104;229.381;0.0;320.222;320.222;0.0
10;3;105;240.138;0.0;344.744;344.744;0.0
10;3;106;208.942;0.0;329.596;329.596;0.0
10;3;107;228.056;0.0;341.59;341.59;0.0
10;3;108;240.143;0.0;359.654;359.654;0.0
10;3;109;221.889;0.0;327.564;327.564;0.0
10;3;110;216.329;0.0;325.932;325.932;0.0
10;3;111;214.115;0.0;314.797;314.797;0.0
10;3;112;205.854;0.0;340.062;340.062;0.0
10;3;113;204.946;0.0;315.82;315.82;0.0
10;3;114;221.306;0.0;341.621;341.621;0.0
10;3;115;217.532;0.0;356.516;356.516;0.0
10;3;116;217.866;0.0;339.192;339.192;0.0
10;3;117;213.944;0.0;338.111;338.111;0.0
10;3;118;239.56;0.0;346.513;346.513;0.0
10;3;119;240.715;0.0;313.603;313.603;0.0
10;3;120;240.715;0.0;257.599;257.599;0.0
10;3;121;241.87;0.0;265.339;265.339;0.0
10;3;122;245.338;0.0;268.29;268.29;0.0
10;3;123;249.387;0.0;270.691;270.691;0.0
10;3;124;254.019;0.0;275.58;275.58;0.0
10;3;125;41.45;0.0;63.04;63.04;0.0
10;3;126;256.917;0.0;284.421;284.421;0.0
10;3;127;257.497;0.0;327.715;327.715;0.0
10;3;128;242.7;0.0;360.018;360.018;0.0
10;3;129;240.754;0.0;330.899;330.899;0.0
10;3;130;227.092;0.0;326.471;326.471;0.0
10;3;131;222.555;0.0;317.453;317.453;0.0
10;3;132;229.871;0.0;311.093;311.093;0.0
10;3;133;204.761;0.0;288.578;214.292;74.286
10;3;134;203.483;0.0;288.106;288.106;0.0
10;3;135;203.105;0.0;299.27;299.27;0.0
10;3;136;242.448;0.0;358.258;358.258;0.0
10;3;137;160.509;0.0;271.967;271.967;0.0
10;3;138;225.661;0.0;345.257;345.257;0.0
10;3;139;248.809;0.0;388.258;388.258;0.0
10;3;140;212.36;0.0;336.279;336.279;0.0
10;3;141;237.517;0.0;374.632;374.632;0.0
10;3;142;224.495;0.0;336.503;336.503;0.0
10;3;143;230.934;0.0;315.757;315.757;0.0
10;3;144;252.861;0.0;269.804;269.804;0.0
10;3;145;222.097;0.0;248.11;248.11;0.0
10;3;146;254.599;0.0;276.395;276.395;0.0
10;3;147;252.528;0.0;279.574;279.574;0.0
10;3;148;256.337;0.0;278.791;278.791;0.0
10;3;149;256.917;0.0;282.218;282.218;0.0
10;3;150;255.178;0.0;288.287;288.287;0.0
10;3;151;252.861;0.0;332.663;332.663;0.0
10;3;152;238.182;0.0;343.876;343.876;0.0
10;3;153;218.598;0.0;320.061;320.061;0.0
10;3;154;205.727;0.0;286.161;286.161;0.0
10;3;155;188.359;0.0;260.744;260.744;0.0
10;3;156;188.182;0.0;273.309;273.309;0.0
10;3;157;227.451;0.0;313.599;313.599;0.0
10;3;158;115.16;0.0;207.957;207.957;0.0
10;3;159;170.376;0.0;258.505;258.505;0.0
10;3;160;162.631;0.0;277.985;277.985;0.0
10;3;161;159.419;0.0;290.205;290.205;0.0
10;3;162;177.326;0.0;300.383;300.383;0.0
10;3;163;170.233;0.0;301.621;301.621;0.0
10;3;164;171.009;0.0;290.547;290.547;0.0
10;3;165;185.411;0.0;292.222;292.222;0.0
10;3;166;226.299;0.0;343.571;343.571;0.0
10;3;167;228.603;0.0;306.072;306.072;0.0
15;0;0;164.331;0.0;181.405;181.405;0.0
15;0;1;235.52;0.0;259.569;259.569;0.0
15;0;2;0.0;0.0;21.506;21.506;0.0
15;0;3;23.978;0.0;47.592;47.592;0.0
15;0;4;166.651;0.0;190.301;190.301;0.0
15;0;5;168.283;0.0;193.676;193.676;0.0
15;0;6;192.409;0.0;218.478;218.478;0.0
15;0;7;182.26;0.0;252.09;252.09;0.0
15;0;8;149.682;0.0;253.237;253.237;0.0
15;0;9;130.323;0.0;215.981;215.981;0.0
15;0;10;111.827;0.0;188.942;188.942;0.0
15;0;11;101.468;0.0;176.616;176.616;0.0
15;0;12;100.16;0.0;165.024;165.024;0.0
15;0;13;85.223;0.0;164.023;164.023;0.0
15;0;14;195.88;0.0;276.639;276.639;0.0
15;0;15;85.068;0.0;155.818;155.818;0.0
15;0;16;203.324;0.0;291.211;291.211;0.0
15;0;17;0.0;0.0;111.457;111.457;0.0
15;0;18;164.089;0.0;293.266;293.266;0.0
15;0;19;0.0;0.0;135.76;135.76;0.0
15;0;20;211.928;0.0;350.107;350.107;0.0
15;0;21;115.136;0.0;239.71;239.71;0.0
15;0;22;90.678;0.0;187.026;187.026;0.0
15;0;23;0.0;0.0;83.576;83.576;0.0
15;0;24;0.0;0.0;17.311;17.311;0.0
15;0;25;144.391;0.0;171.937;171.937;0.0
15;0;26;152.245;0.0;176.183;176.183;0.0
15;0;27;158.411;0.0;182.382;182.382;0.0
15;0;28;163.722;0.0;185.063;185.063;0.0
15;0;29;242.448;0.0;266.173;266.173;0.0
15;0;30;126.745;0.0;155.436;155.436;0.0
15;0;31;206.413;0.0;281.436;281.436;0.0
15;0;32;179.57;0.0;284.87;284.87;0.0
15;0;33;177.734;0.0;257.551;257.551;0.0
15;0;34;167.043;0.0;246.09;246.09;0.0
15;0;35;157.861;0.0;232.875;232.875;0.0
15;0;36;234.943;0.0;305.863;305.863;0.0
15;0;37;77.686;0.0;156.632;156.632;0.0
15;0;38;147.518;0.0;223.755;223.755;0.0
15;0;39;143.337;0.0;221.497;221.497;0.0
15;0;40;135.046;0.0;215.845;215.845;0.0
15;0;41;129.897;0.0;234.215;234.215;0.0
15;0;42;141.428;0.0;274.422;274.422;0.0
15;0;43;146.331;0.0;272.353;272.353;0.0
15;0;44;151.913;0.0;281.242;281.242;0.0
15;0;45;155.118;0.0;271.288;271.288;0.0
15;0;46;135.39;0.0;255.58;255.58;0.0
15;0;47;141.912;0.0;215.394;215.394;0.0
15;0;48;130.573;0.0;147.605;147.605;0.0
15;0;49;129.064;0.0;154.742;154.742;0.0
15;0;50;130.391;0.0;153.709;153.709;0.0
15;0;51;132.721;0.0;154.601;154.601;0.0
15;0;52;133.165;0.0;153.471;153.471;0.0
15;0;53;134.584;0.0;156.095;156.095;0.0
15;0;54;134.958;0.0;161.814;161.814;0.0
15;0;55;179.208;0.0;245.555;245.555;0.0
15;0;56;177.656;0.0;270.401;270.401;0.0
15;0;57;132.362;0.0;214.628;214.628;0.0
15;0;58;126.329;0.0;204.211;204.211;0.0
15;0;59;110.168;0.0;171.018;171.018;0.0
15;0;60;98.475;0.0;164.639;90.572;74.067
15;0;61;89.115;0.0;162.111;87.448;74.663
15;0;62;84.308;0.0;159.134;159.134;0.0
15;0;63;90.5;0.0;159.192;159.192;0.0
15;0;64;78.677;0.0;160.759;160.759;0.0
15;0;65;57.105;0.0;138.327;138.327;0.0
15;0;66;56.059;0.0;169.415;169.415;0.0
15;0;67;200.46;0.0;329.269;329.269;0.0
15;0;68;0.0;0.0;124.094;124.094;0.0
15;0;69;0.0;0.0;126.043;126.043;0.0
15;0;70;71.863;0.0;194.03;194.03;0.0
15;0;71;69.18;0.0;148.78;148.78;0.0
15;0;72;156.671;0.0;174.44;174.44;0.0
15;0;73;0.0;0.0;25.904;25.904;0.0
15;0;74;85.177;0.0;106.255;106.255;0.0
15;0;75;87.347;0.0;110.357;110.357;0.0
15;0;76;87.179;0.0;108.282;108.282;0.0
15;0;77;88.471;0.0;109.254;109.254;0.0
15;0;78;88.978;0.0;116.395;116.395;0.0
15;0;79;128.723;0.0;170.898;170.898;0.0
15;0;80;128.853;0.0;183.342;183.342;0.0
15;0;81;87.484;0.0;151.877;151.877;0.0
15;0;82;83.943;0.0;169.593;169.593;0.0
15;0;83;76.443;0.0;150.074;150.074;0.0
15;0;84;73.258;0.0;144.531;144.531;0.0
15;0;85;66.98;0.0;138.635;138.635;0.0
15;0;86;65.386;0.0;137.758;79.802;57.956
15;0;87;78.166;0.0;146.068;145.057;1.011
15;0;88;197.024;0.0;260.544;260.544;0.0
15;0;89;175.561;0.0;278.045;278.045;0.0
15;0;90;0.0;0.0;111.58;111.58;0.0
15;0;91;122.34;0.0;232.926;232.926;0.0
15;0;92;0.0;0.0;100.345;100.345;0.0
15;0;93;218.821;0.0;339.276;339.276;0.0
15;0;94;0.0;0.0;88.315;88.315;0.0
15;0;95;212.063;0.0;289.38;289.38;0.0
15;0;96;145.302;0.0;161.847;161.847;0.0
15;0;97;152.517;0.0;185.572;185.572;0.0
15;0;98;163.194;0.0;186.107;186.107;0.0
15;0;99;0.0;0.0;21.75;21.75;0.0
15;0;100;49.963;0.0;72.373;72.373;0.0
15;0;101;180.366;0.0;206.653;206.653;0.0
15;0;102;208.168;0.0;237.036;237.036;0.0
15;0;103;208.43;0.0;267.907;267.907;0.0
15;0;104;185.184;0.0;245.931;245.931;0.0
15;0;105;176.176;0.0;253.012;253.012;0.0
15;0;106;161.401;0.0;255.673;255.673;0.0
15;0;107;153.744;0.0;233.529;233.529;0.0
15;0;108;157.418;0.0;242.294;242.294;0.0
15;0;109;143.239;0.0;237.61;237.61;0.0
15;0;110;137.263;0.0;209.508;209.508;0.0
15;0;111;131.988;0.0;212.557;212.557;0.0
15;0;112;125.958;0.0;201.363;201.363;0.0
15;0;113;117.099;0.0;215.358;215.358;0.0
15;0;114;132.351;0.0;233.112;233.112;0.0
15;0;115;227.451;0.0;358.021;358.021;0.0
15;0;116;228.027;0.0;337.874;337.874;0.0
15;0;117;229.755;0.0;339.102;339.102;0.0
15;0;118;137.984;0.0;239.836;239.836;0.0
15;0;119;149.839;0.0;230.324;230.324;0.0
15;0;120;0.0;0.0;17.164;17.164;0.0
15;0;121;37.542;0.0;70.243;70.243;0.0
15;0;122;179.939;0.0;204.451;204.451;0.0
15;0;123;180.646;0.0;204.755;204.755;0.0
15;0;124;181.185;0.0;203.184;203.184;0.0
15;0;125;188.581;0.0;212.052;212.052;0.0
15;0;126;212.265;0.0;242.215;242.215;0.0
15;0;127;207.554;0.0;297.26;297.26;0.0
15;0;128;189.907;0.0;294.3;294.3;0.0
15;0;129;187.68;0.0;257.996;257.996;0.0
15;0;130;174.276;0.0;258.978;258.978;0.0
15;0;131;162.341;0.0;235.871;235.871;0.0
15;0;132;159.037;0.0;228.557;228.557;0.0
15;0;133;136.33;0.0;211.034;211.034;0.0
15;0;134;222.846;0.0;293.59;293.59;0.0
15;0;135;225.148;0.0;299.292;299.292;0.0
15;0;136;216.746;0.0;311.854;311.854;0.0
15;0;137;0.0;0.0;128.48;128.48;0.0
15;0;138;0.0;0.0;127.103;127.103;0.0
15;0;139;187.474;0.0;330.448;330.448;0.0
15;0;140;232.637;0.0;352.933;352.933;0.0
15;0;141;234.367;0.0;335.23;335.23;0.0
15;0;142;234.367;0.0;359.782;359.782;0.0
15;0;143;46.267;0.0;115.432;115.432;0.0
15;0;144;0.0;0.0;17.667;17.667;0.0
15;0;145;187.414;0.0;219.322;219.322;0.0
15;0;146;193.831;0.0;216.468;216.468;0.0
15;0;147;196.188;0.0;219.982;219.982;0.0
15;0;148;201.57;0.0;226.295;226.295;0.0
15;0;149;205.128;0.0;231.968;231.968;0.0
15;0;150;229.368;0.0;261.86;261.86;0.0
15;0;151;222.22;0.0;302.412;302.412;0.0
15;0;152;197.446;0.0;300.326;300.326;0.0
15;0;153;195.924;0.0;276.62;276.62;0.0
15;0;154;188.786;0.0;269.29;269.29;0.0
15;0;155;176.057;0.0;244.531;232.633;11.898
15;0;156;168.891;0.0;252.939;131.056;121.883
15;0;157;144.177;0.0;224.524;224.524;0.0
15;0;158;132.956;0.0;215.578;103.504;112.074
15;0;159;124.745;0.0;195.641;195.641;0.0
15;0;160;221.121;0.0;313.211;313.211;0.0
15;0;161;3.975;0.0;99.853;99.853;0.0
15;0;162;223.422;0.0;340.998;340.998;0.0
15;0;163;212.191;0.0;332.676;332.676;0.0
15;0;164;229.755;0.0;356.216;356.216;0.0
15;0;165;49.8;0.0;163.982;163.982;0.0
15;0;166;237.251;0.0;348.996;348.996;0.0
15;0;167;31.38;0.0;105.472;105.472;0.0
15;1;0;0.0;0.0;17.989;17.989;0.0
15;1;1;0.0;0.0;23.255;23.255;0.0
15;1;2;0.0;0.0;23.143;23.143;0.0
15;1;3;0.0;0.0;21.498;21.498;0.0
15;1;4;0.0;0.0;20.967;20.967;0.0
15;1;5;0.0;0.0;22.931;22.931;0.0
15;1;6;0.0;0.0;34.738;34.738;0.0
15;1;7;0.0;0.0;62.845;33.644;29.2
15;1;8;0.0;0.0;77.501;0.0;77.501
15;1;9;0.0;0.0;77.11;0.0;77.11
15;1;10;0.0;0.0;81.076;0.0;81.076
15;1;11;0.0;0.0;77.919;0.0;77.919
15;1;12;0.0;0.0;74.173;0.0;74.173
15;1;13;0.0;0.0;83.849;0.0;83.849
15;1;14;0.0;0.0;73.651;0.0;73.651
15;1;15;0.0;0.0;76.907;0.0;76.907
15;1;16;36.261;0.0;123.04;0.0;123.04
15;1;17;0.0;0.0;111.289;29.881;81.409
15;1;18;0.0;0.0;107.061;107.061;0.0
15;1;19;0.0;0.0;122.371;122.371;0.0
15;1;20;0.0;0.0;124.403;124.403;0.0
15;1;21;0.0;0.0;111.132;111.132;0.0
15;1;22;0.0;0.0;104.452;104.452;0.0
15;1;23;0.0;0.0;77.846;77.846;0.0
15;1;24;0.0;0.0;17.355;17.355;0.0
15;1;25;0.0;0.0;26.723;26.723;0.0
15;1;26;0.0;0.0;23.085;23.085;0.0
15;1;27;0.0;0.0;23.11;23.11;0.0
15;1;28;0.0;0.0;24.173;24.173;0.0
15;1;29;0.0;0.0;25.641;25.641;0.0
15;1;30;0.0;0.0;28.276;28.276;0.0
15;1;31;0.0;0.0;66.847;54.042;12.805
15;1;32;3.5;0.0;80.41;0.0;80.41
15;1;33;3.327;0.0;78.764;0.0;78.764
15;1;34;3.113;0.0;78.682;0.0;78.682
15;1;35;3.236;0.0;81.813;0.0;81.813
15;1;36;6.539;0.0;67.464;0.0;67.464
15;1;37;2.485;0.0;74.679;0.0;74.679
15;1;38;3.036;0.0;79.078;0.0;79.078
15;1;39;88.645;0.0;162.503;0.0;162.503
15;1;40;0.0;0.0;82.072;0.0;82.072
15;1;41;0.0;0.0;88.162;0.0;88.162
15;1;42;0.0;0.0;98.397;63.646;34.751
15;1;43;0.0;0.0;122.484;122.484;0.0
15;1;44;0.0;0.0;131.598;131.598;0.0
15;1;45;0.0;0.0;118.838;118.838;0.0
15;1;46;0.0;0.0;107.994;107.994;0.0
15;1;47;0.0;0.0;70.285;70.285;0.0
15;1;48;0.0;0.0;17.385;17.385;0.0
15;1;49;0.0;0.0;24.797;24.797;0.0
15;1;50;0.0;0.0;24.379;24.379;0.0
15;1;51;0.0;0.0;23.103;23.103;0.0
15;1;52;0.0;0.0;21.947;21.947;0.0
15;1;53;0.0;0.0;22.954;22.954;0.0
15;1;54;0.0;0.0;35.244;35.244;0.0
15;1;55;0.0;0.0;55.09;55.09;0.0
15;1;56;0.0;0.0;75.434;0.0;75.434
15;1;57;0.0;0.0;59.689;0.0;59.689
15;1;58;3.853;0.0;89.217;0.0;89.217
15;1;59;3.259;0.0;75.549;0.0;75.549
15;1;60;2.938;0.0;74.592;0.0;74.592
15;1;61;2.599;0.0;80.964;0.0;80.964
15;1;62;3.427;0.0;77.09;0.0;77.09
15;1;63;8.64;0.0;84.417;0.0;84.417
15;1;64;83.402;0.0;155.669;0.0;155.669
15;1;65;0.0;0.0;94.343;0.0;94.343
15;1;66;0.0;0.0;105.985;105.985;0.0
15;1;67;0.0;0.0;124.163;124.163;0.0
15;1;68;0.0;0.0;131.535;131.535;0.0
15;1;69;0.0;0.0;115.146;115.146;0.0
15;1;70;0.0;0.0;119.896;119.896;0.0
15;1;71;0.0;0.0;84.662;84.662;0.0
15;1;72;0.0;0.0;17.365;17.365;0.0
15;1;73;0.0;0.0;24.07;24.07;0.0
15;1;74;0.0;0.0;22.578;22.578;0.0
15;1;75;0.0;0.0;22.352;22.352;0.0
15;1;76;0.0;0.0;24.16;24.16;0.0
15;1;77;0.0;0.0;23.863;23.863;0.0
15;1;78;0.0;0.0;24.583;24.583;0.0
15;1;79;0.0;0.0;42.237;0.0;42.237
15;1;80;0.0;0.0;43.922;0.0;43.922
15;1;81;3.686;0.0;67.53;0.0;67.53
15;1;82;3.692;0.0;62.505;0.0;62.505
15;1;83;3.54;0.0;67.655;0.0;67.655
15;1;84;2.83;0.0;75.652;0.0;75.652
15;1;85;3.606;0.0;83.659;0.0;83.659
15;1;86;2.791;0.0;61.186;0.0;61.186
15;1;87;77.409;0.0;152.267;0.0;152.267
15;1;88;0.0;0.0;68.892;0.0;68.892
15;1;89;0.0;0.0;93.093;0.0;93.093
15;1;90;0.0;0.0;107.235;73.962;33.274
15;1;91;0.0;0.0;93.46;93.46;0.0
15;1;92;0.0;0.0;98.34;98.34;0.0
15;1;93;0.0;0.0;103.639;103.639;0.0
15;1;94;0.0;0.0;107.166;107.166;0.0
15;1;95;0.0;0.0;69.617;69.617;0.0
15;1;96;0.0;0.0;19.569;19.569;0.0
15;1;97;0.0;0.0;30.595;30.595;0.0
15;1;98;0.0;0.0;24.166;24.166;0.0
15;1;99;0.0;0.0;22.786;22.786;0.0
15;1;100;0.0;0.0;24.026;24.026;0.0
15;1;101;0.0;0.0;23.977;23.977;0.0
15;1;102;0.0;0.0;29.663;29.663;0.0
15;1;103;0.0;0.0;57.721;34.244;23.477
15;1;104;0.0;0.0;64.737;0.0;64.737
15;1;105;2.757;0.0;86.497;0.0;86.497
15;1;106;3.43;0.0;89.268;0.0;89.268
15;1;107;3.786;0.0;99.199;0.0;99.199
15;1;108;6.699;0.0;92.712;0.0;92.712
15;1;109;2.803;0.0;82.864;0.0;82.864
15;1;110;3.595;0.0;89.339;0.0;89.339
15;1;111;69.341;0.0;148.123;0.0;148.123
15;1;112;0.0;0.0;102.489;0.0;102.489
15;1;113;4.945;0.0;98.891;0.0;98.891
15;1;114;0.0;0.0;100.858;39.091;61.768
15;1;115;0.0;0.0;108.578;108.578;0.0
15;1;116;0.0;0.0;116.126;116.126;0.0
15;1;117;0.0;0.0;116.674;116.674;0.0
15;1;118;0.0;0.0;105.6;105.6;0.0
15;1;119;0.0;0.0;89.315;89.315;0.0
15;1;120;0.0;0.0;17.254;17.254;0.0
15;1;121;0.0;0.0;25.948;25.948;0.0
15;1;122;0.0;0.0;21.824;21.824;0.0
15;1;123;0.0;0.0;24.068;24.068;0.0
15;1;124;0.0;0.0;21.652;21.652;0.0
15;1;125;0.0;0.0;22.917;22.917;0.0
15;1;126;0.0;0.0;33.774;33.774;0.0
15;1;127;0.0;0.0;83.067;83.067;0.0
15;1;128;0.0;0.0;89.751;0.0;89.751
15;1;129;3.75;0.0;82.299;0.0;82.299
15;1;130;4.312;0.0;77.261;0.0;77.261
15;1;131;3.05;0.0;73.997;0.0;73.997
15;1;132;5.968;0.0;84.489;0.0;84.489
15;1;133;3.194;0.0;74.473;0.0;74.473
15;1;134;2.853;0.0;86.532;0.0;86.532
15;1;135;3.034;0.0;82.785;0.0;82.785
15;1;136;68.843;0.0;156.124;0.0;156.124
15;1;137;0.0;0.0;92.244;0.0;92.244
15;1;138;0.0;0.0;121.66;119.103;2.557
15;1;139;0.0;0.0;132.421;132.421;0.0
15;1;140;0.0;0.0;123.776;123.776;0.0
15;1;141;0.0;0.0;100.279;100.279;0.0
15;1;142;0.0;0.0;107.191;107.191;0.0
15;1;143;0.0;0.0;84.711;84.711;0.0
15;1;144;0.0;0.0;17.57;17.57;0.0
15;1;145;0.0;0.0;23.791;23.791;0.0
15;1;146;0.0;0.0;23.035;23.035;0.0
15;1;147;0.0;0.0;22.002;22.002;0.0
15;1;148;0.0;0.0;22.518;22.518;0.0
15;1;149;0.0;0.0;21.913;21.913;0.0
15;1;150;0.0;0.0;26.408;26.408;0.0
15;1;151;0.0;0.0;65.537;24.611;40.926
15;1;152;0.0;0.0;79.595;0.0;79.595
15;1;153;3.55;0.0;77.534;0.0;77.534
15;1;154;3.107;0.0;88.915;0.0;88.915
15;1;155;2.994;0.0;81.561;0.0;81.561
15;1;156;6.574;0.0;85.92;0.0;85.92
15;1;157;2.681;0.0;93.463;0.0;93.463
15;1;158;3.106;0.0;83.433;0.0;83.433
15;1;159;126.123;0.0;196.021;0.0;196.021
15;1;160;0.0;0.0;82.159;0.0;82.159
15;1;161;17.608;0.0;122.131;0.0;122.131
15;1;162;0.0;0.0;106.886;58.463;48.423
15;1;163;0.0;0.0;122.336;122.336;0.0
15;1;164;0.0;0.0;124.667;124.667;0.0
15;1;165;0.0;0.0;123.342;123.342;0.0
15;1;166;0.0;0.0;120.635;120.635;0.0
15;1;167;0.0;0.0;95.676;95.676;0.0
15;2;0;0.0;0.0;16.569;16.569;0.0
15;2;1;0.0;0.0;24.058;24.058;0.0
15;2;2;149.329;0.0;171.41;171.41;0.0
15;2;3;0.0;0.0;22.732;22.732;0.0
15;2;4;0.0;0.0;21.26;21.26;0.0
15;2;5;198.169;0.0;220.025;220.025;0.0
15;2;6;0.0;0.0;24.451;24.451;0.0
15;2;7;0.0;0.0;78.936;78.936;0.0
15;2;8;0.0;0.0;106.538;106.538;0.0
15;2;9;71.109;0.0;157.508;121.812;35.696
15;2;10;65.584;0.0;146.657;0.0;146.657
15;2;11;154.138;0.0;216.965;0.0;216.965
15;2;12;187.873;0.0;264.736;0.0;264.736
15;2;13;32.76;0.0;108.987;0.0;108.987
15;2;14;28.558;0.0;105.257;0.0;105.257
15;2;15;24.241;0.0;109.572;0.0;109.572
15;2;16;23.582;0.0;113.599;30.52;83.079
15;2;17;23.259;0.0;151.724;151.724;0.0
15;2;18;0.0;0.0;117.045;117.045;0.0
15;2;19;93.653;0.0;209.169;209.169;0.0
15;2;20;53.038;0.0;189.477;189.477;0.0
15;2;21;0.0;0.0;128.435;128.435;0.0
15;2;22;114.243;0.0;232.857;232.857;0.0
15;2;23;0.0;0.0;75.193;75.193;0.0
15;2;24;0.0;0.0;16.598;16.598;0.0
15;2;25;0.0;0.0;25.986;25.986;0.0
15;2;26;150.048;0.0;173.773;173.773;0.0
15;2;27;0.0;0.0;22.308;22.308;0.0
15;2;28;209.718;0.0;231.206;231.206;0.0
15;2;29;0.0;0.0;22.928;22.928;0.0
15;2;30;131.792;0.0;157.644;157.644;0.0
15;2;31;134.205;0.0;217.121;217.121;0.0
15;2;32;121.599;0.0;214.375;214.375;0.0
15;2;33;114.318;0.0;197.871;123.578;74.293
15;2;34;98.811;0.0;173.358;0.0;173.358
15;2;35;87.055;0.0;149.461;0.0;149.461
15;2;36;190.731;0.0;257.83;0.0;257.83
15;2;37;111.357;0.0;193.009;0.0;193.009
15;2;38;38.831;0.0;119.339;0.0;119.339
15;2;39;0.0;0.0;62.677;0.0;62.677
15;2;40;80.925;0.0;168.611;168.611;0.0
15;2;41;20.516;0.0;131.83;131.83;0.0
15;2;42;31.526;0.0;160.443;160.443;0.0
15;2;43;39.305;0.0;156.839;156.839;0.0
15;2;44;22.92;0.0;148.404;148.404;0.0
15;2;45;0.0;0.0;117.909;117.909;0.0
15;2;46;0.0;0.0;101.152;101.152;0.0
15;2;47;0.0;0.0;76.364;76.364;0.0
15;2;48;0.0;0.0;20.281;20.281;0.0
15;2;49;0.0;0.0;21.822;21.822;0.0
15;2;50;49.021;0.0;70.68;70.68;0.0
15;2;51;51.576;0.0;73.867;73.867;0.0
15;2;52;52.66;0.0;74.967;74.967;0.0
15;2;53;54.572;0.0;76.81;76.81;0.0
15;2;54;50.097;0.0;79.225;79.225;0.0
15;2;55;74.67;0.0;146.497;146.497;0.0
15;2;56;74.583;0.0;166.614;166.614;0.0
15;2;57;47.896;0.0;130.25;130.25;0.0
15;2;58;42.793;0.0;113.246;110.121;3.125
15;2;59;38.351;0.0;102.149;76.072;26.077
15;2;60;77.153;0.0;158.552;0.0;158.552
15;2;61;0.0;0.0;74.154;0.0;74.154
15;2;62;0.0;0.0;80.288;0.0;80.288
15;2;63;26.398;0.0;96.045;66.765;29.28
15;2;64;72.232;0.0;158.07;158.07;0.0
15;2;65;175.315;0.0;288.517;288.517;0.0
15;2;66;0.0;0.0;126.611;126.611;0.0
15;2;67;0.0;0.0;125.841;125.841;0.0
15;2;68;0.0;0.0;136.313;136.313;0.0
15;2;69;0.0;0.0;111.207;111.207;0.0
15;2;70;0.0;0.0;124.524;124.524;0.0
15;2;71;0.0;0.0;67.876;67.876;0.0
15;2;72;0.0;0.0;18.428;18.428;0.0
15;2;73;0.0;0.0;26.113;26.113;0.0
15;2;74;39.755;0.0;60.221;60.221;0.0
15;2;75;41.408;0.0;67.77;67.77;0.0
15;2;76;42.696;0.0;65.77;65.77;0.0
15;2;77;45.083;0.0;70.496;70.496;0.0
15;2;78;46.206;0.0;73.736;73.736;0.0
15;2;79;75.487;0.0;115.012;115.012;0.0
15;2;80;79.092;0.0;135.076;135.076;0.0
15;2;81;51.325;0.0;133.39;133.39;0.0
15;2;82;47.663;0.0;118.142;0.0;118.142
15;2;83;56.137;0.0;119.615;0.0;119.615
15;2;84;8.079;0.0;74.45;61.886;12.564
15;2;85;20.646;0.0;108.178;103.213;4.964
15;2;86;177.596;0.0;236.534;210.057;26.477
15;2;87;43.155;0.0;109.914;109.914;0.0
15;2;88;0.0;0.0;85.542;85.542;0.0
15;2;89;0.0;0.0;103.161;103.161;0.0
15;2;90;0.0;0.0;88.756;88.756;0.0
15;2;91;0.0;0.0;102.16;102.16;0.0
15;2;92;187.873;0.0;314.969;314.969;0.0
15;2;93;20.28;0.0;137.012;137.012;0.0
15;2;94;0.0;0.0;105.049;105.049;0.0
15;2;95;0.0;0.0;78.293;78.293;0.0
15;2;96;0.0;0.0;18.844;18.844;0.0
15;2;97;0.0;0.0;26.883;26.883;0.0
15;2;98;73.293;0.0;96.991;96.991;0.0
15;2;99;201.605;0.0;226.165;226.165;0.0
15;2;100;37.547;0.0;59.453;59.453;0.0
15;2;101;0.0;0.0;23.644;23.644;0.0
15;2;102;103.348;0.0;132.494;132.494;0.0
15;2;103;102.983;0.0;168.27;168.27;0.0
15;2;104;89.826;0.0;189.07;189.07;0.0
15;2;105;85.45;0.0;180.061;180.061;0.0
15;2;106;75.383;0.0;178.564;178.564;0.0
15;2;107;69.927;0.0;154.993;154.993;0.0
15;2;108;71.029;0.0;161.79;161.79;0.0
15;2;109;113.776;0.0;224.674;224.674;0.0
15;2;110;0.0;0.0;83.488;83.488;0.0
15;2;111;55.404;0.0;162.854;162.854;0.0
15;2;112;58.102;0.0;162.336;162.336;0.0
15;2;113;55.051;0.0;194.69;194.69;0.0
15;2;114;68.058;0.0;199.718;199.718;0.0
15;2;115;71.292;0.0;198.139;198.139;0.0
15;2;116;76.477;0.0;181.876;181.876;0.0
15;2;117;74.969;0.0;194.808;194.808;0.0
15;2;118;66.601;0.0;166.511;166.511;0.0
15;2;119;204.471;0.0;272.6;272.6;0.0
15;2;120;0.0;0.0;20.172;20.172;0.0
15;2;121;121.217;0.0;147.61;147.61;0.0
15;2;122;0.0;0.0;22.526;22.526;0.0
15;2;123;92.783;0.0;116.088;116.088;0.0
15;2;124;94.959;0.0;116.719;116.719;0.0
15;2;125;96.82;0.0;121.064;121.064;0.0
15;2;126;114.496;0.0;152.318;152.318;0.0
15;2;127;108.831;0.0;192.727;192.727;0.0
15;2;128;93.831;0.0;200.063;200.063;0.0
15;2;129;89.058;0.0;188.519;188.519;0.0
15;2;130;84.873;0.0;165.424;165.424;0.0
15;2;131;77.885;0.0;141.857;68.558;73.299
15;2;132;71.639;0.0;149.601;0.0;149.601
15;2;133;91.884;0.0;176.816;0.0;176.816
15;2;134;189.588;0.0;261.543;72.198;189.345
15;2;135;112.518;0.0;193.525;168.246;25.279
15;2;136;0.0;0.0;90.737;76.223;14.514
15;2;137;0.0;0.0;104.427;104.427;0.0
15;2;138;0.0;0.0;132.304;132.304;0.0
15;2;139;199.887;0.0;325.34;325.34;0.0
15;2;140;0.0;0.0;110.529;110.529;0.0
15;2;141;0.0;0.0;103.225;103.225;0.0
15;2;142;72.191;0.0;171.95;171.95;0.0
15;2;143;0.0;0.0;72.931;72.931;0.0
15;2;144;81.04;0.0;101.129;101.129;0.0
15;2;145;83.445;0.0;110.899;110.899;0.0
15;2;146;87.396;0.0;108.691;108.691;0.0
15;2;147;89.437;0.0;111.58;111.58;0.0
15;2;148;92.274;0.0;113.974;113.974;0.0
15;2;149;92.583;0.0;113.21;113.21;0.0
15;2;150;111.272;0.0;140.731;140.731;0.0
15;2;151;111.743;0.0;186.236;186.236;0.0
15;2;152;92.661;0.0;190.404;190.404;0.0
15;2;153;90.356;0.0;181.413;181.413;0.0
15;2;154;86.673;0.0;165.906;135.578;30.329
15;2;155;80.233;0.0;145.111;50.51;94.601
15;2;156;79.117;0.0;154.364;47.352;107.013
15;2;157;60.799;0.0;142.76;0.0;142.76
15;2;158;52.326;0.0;139.777;7.238;132.539
15;2;159;48.133;0.0;121.718;121.718;0.0
15;2;160;44.561;0.0;128.287;128.287;0.0
15;2;161;43.073;0.0;146.503;146.503;0.0
15;2;162;53.748;0.0;181.796;181.796;0.0
15;2;163;56.318;0.0;199.217;199.217;0.0
15;2;164;55.548;0.0;189.283;189.283;0.0
15;2;165;54.946;0.0;179.873;179.873;0.0
15;2;166;49.64;0.0;154.95;154.95;0.0
15;2;167;192.447;0.0;252.309;252.309;0.0
15;3;0;8.193;0.0;25.876;25.876;0.0
15;3;1;197.744;0.0;229.09;229.09;0.0
15;3;2;198.244;0.0;220.423;220.423;0.0
15;3;3;201.133;0.0;224.225;224.225;0.0
15;3;4;249.966;0.0;271.169;271.169;0.0
15;3;5;167.01;0.0;192.346;192.346;0.0
15;3;6;236.977;0.0;266.75;266.75;0.0
15;3;7;233.951;0.0;318.877;318.877;0.0
15;3;8;211.293;0.0;324.775;324.775;0.0
15;3;9;205.369;0.0;312.995;312.995;0.0
15;3;10;199.367;0.0;278.128;186.087;92.041
15;3;11;192.192;0.0;266.398;266.398;0.0
15;3;12;189.568;0.0;256.247;217.73;38.518
15;3;13;167.939;0.0;251.444;117.942;133.502
15;3;14;225.724;0.0;308.107;236.726;71.381
15;3;15;224.573;0.0;302.993;302.993;0.0
15;3;16;227.451;0.0;333.2;333.2;0.0
15;3;17;69.989;0.0;219.366;219.366;0.0
15;3;18;234.367;0.0;362.118;362.118;0.0
15;3;19;0.0;0.0;127.304;127.304;0.0
15;3;20;43.37;0.0;162.045;162.045;0.0
15;3;21;180.41;0.0;291.302;291.302;0.0
15;3;22;231.867;0.0;346.507;346.507;0.0
15;3;23;248.23;0.0;327.788;327.788;0.0
15;3;24;250.545;0.0;268.622;268.622;0.0
15;3;25;0.0;0.0;26.166;26.166;0.0
15;3;26;202.813;0.0;224.328;224.328;0.0
15;3;27;206.304;0.0;228.073;228.073;0.0
15;3;28;211.057;0.0;232.712;232.712;0.0
15;3;29;215.203;0.0;237.739;237.739;0.0
15;3;30;242.743;0.0;274.178;274.178;0.0
15;3;31;240.521;0.0;325.825;325.825;0.0
15;3;32;217.038;0.0;318.461;318.461;0.0
15;3;33;212.072;0.0;301.716;301.716;0.0
15;3;34;200.822;0.0;283.224;94.543;188.681
15;3;35;194.613;0.0;271.971;73.134;198.836
15;3;36;194.896;0.0;267.624;267.624;0.0
15;3;37;180.933;0.0;275.315;275.315;0.0
15;3;38;179.205;0.0;255.321;255.321;0.0
15;3;39;183.832;0.0;270.592;270.592;0.0
15;3;40;179.354;0.0;283.029;283.029;0.0
15;3;41;183.876;0.0;306.231;306.231;0.0
15;3;42;196.181;0.0;320.895;320.895;0.0
15;3;43;199.52;0.0;336.448;336.448;0.0
15;3;44;199.878;0.0;331.827;331.827;0.0
15;3;45;195.791;0.0;304.04;304.04;0.0
15;3;46;175.938;0.0;282.729;282.729;0.0
15;3;47;172.417;0.0;257.893;257.893;0.0
15;3;48;149.962;0.0;167.959;167.959;0.0
15;3;49;141.977;0.0;163.938;163.938;0.0
15;3;50;136.496;0.0;160.793;160.793;0.0
15;3;51;131.136;0.0;153.856;153.856;0.0
15;3;52;131.368;0.0;153.982;153.982;0.0
15;3;53;130.989;0.0;153.691;153.691;0.0
15;3;54;129.179;0.0;154.469;154.469;0.0
15;3;55;164.316;0.0;237.162;237.162;0.0
15;3;56;172.696;0.0;273.104;273.104;0.0
15;3;57;137.228;0.0;232.313;232.313;0.0
15;3;58;137.44;0.0;241.599;241.599;0.0
15;3;59;134.804;0.0;220.674;220.674;0.0
15;3;60;129.073;0.0;211.318;116.452;94.866
15;3;61;121.263;0.0;187.119;82.46;104.659
15;3;62;113.481;0.0;183.349;183.349;0.0
15;3;63;122.128;0.0;203.462;203.462;0.0
15;3;64;119.556;0.0;223.538;223.538;0.0
15;3;65;218.246;0.0;335.309;335.309;0.0
15;3;66;219.971;0.0;343.694;343.694;0.0
15;3;67;159.477;0.0;306.554;306.554;0.0
15;3;68;108.294;0.0;223.359;223.359;0.0
15;3;69;0.0;0.0;124.495;124.495;0.0
15;3;70;0.0;0.0;111.03;111.03;0.0
15;3;71;124.476;0.0;208.819;208.819;0.0
15;3;72;130.024;0.0;147.204;147.204;0.0
15;3;73;129.978;0.0;158.914;158.914;0.0
15;3;74;133.896;0.0;155.708;155.708;0.0
15;3;75;139.161;0.0;163.084;163.084;0.0
15;3;76;137.843;0.0;160.74;160.74;0.0
15;3;77;138.955;0.0;164.552;164.552;0.0
15;3;78;228.603;0.0;256.893;256.893;0.0
15;3;79;97.731;0.0;132.623;132.623;0.0
15;3;80;187.173;0.0;256.293;256.293;0.0
15;3;81;149.761;0.0;222.804;222.804;0.0
15;3;82;149.698;0.0;240.664;240.664;0.0
15;3;83;147.999;0.0;238.049;238.049;0.0
15;3;84;142.951;0.0;230.967;207.829;23.138
15;3;85;227.451;0.0;298.442;255.452;42.989
15;3;86;48.019;0.0;111.054;0.0;111.054
15;3;87;231.484;0.0;292.606;269.351;23.255
15;3;88;163.825;0.0;250.536;250.536;0.0
15;3;89;234.943;0.0;347.665;347.665;0.0
15;3;90;237.828;0.0;334.239;334.239;0.0
15;3;91;23.0;0.0;131.043;131.043;0.0
15;3;92;0.0;0.0;108.156;108.156;0.0
15;3;93;171.561;0.0;281.764;281.764;0.0
15;3;94;181.208;0.0;286.306;286.306;0.0
15;3;95;174.135;0.0;253.705;253.705;0.0
15;3;96;213.514;0.0;231.735;231.735;0.0
15;3;97;219.099;0.0;251.979;251.979;0.0
15;3;98;223.075;0.0;245.555;245.555;0.0
15;3;99;229.057;0.0;252.452;252.452;0.0
15;3;100;226.465;0.0;250.334;250.334;0.0
15;3;101;221.352;0.0;245.838;245.838;0.0
15;3;102;238.684;0.0;268.442;268.442;0.0
15;3;103;238.008;0.0;302.579;302.579;0.0
15;3;104;210.058;0.0;300.899;300.899;0.0
15;3;105;240.138;0.0;344.744;344.744;0.0
15;3;106;170.831;0.0;291.486;291.486;0.0
15;3;107;208.845;0.0;322.379;322.379;0.0
15;3;108;219.913;0.0;339.424;339.424;0.0
15;3;109;203.197;0.0;308.872;308.872;0.0
15;3;110;198.105;0.0;307.709;307.709;0.0
15;3;111;196.078;0.0;296.759;296.759;0.0
15;3;112;188.513;0.0;322.721;322.721;0.0
15;3;113;187.681;0.0;298.555;298.555;0.0
15;3;114;202.663;0.0;322.978;322.978;0.0
15;3;115;199.207;0.0;338.191;338.191;0.0
15;3;116;199.513;0.0;320.839;320.839;0.0
15;3;117;195.921;0.0;320.088;320.088;0.0
15;3;118;178.174;0.0;285.127;285.127;0.0
15;3;119;240.715;0.0;313.603;313.603;0.0
15;3;120;240.715;0.0;257.599;257.599;0.0
15;3;121;241.87;0.0;265.339;265.339;0.0
15;3;122;245.338;0.0;268.29;268.29;0.0
15;3;123;249.387;0.0;270.691;270.691;0.0
15;3;124;182.227;0.0;203.788;203.788;0.0
15;3;125;0.0;0.0;21.59;21.59;0.0
15;3;126;249.229;0.0;276.733;276.733;0.0
15;3;127;247.067;0.0;317.285;317.285;0.0
15;3;128;222.254;0.0;339.573;339.573;0.0
15;3;129;220.473;0.0;310.618;310.618;0.0
15;3;130;207.962;0.0;307.34;307.34;0.0
15;3;131;203.807;0.0;298.705;298.705;0.0
15;3;132;210.507;0.0;291.729;291.729;0.0
15;3;133;187.512;0.0;271.329;271.329;0.0
15;3;134;186.341;0.0;270.964;270.964;0.0
15;3;135;185.996;0.0;282.161;282.161;0.0
15;3;136;242.448;0.0;358.258;358.258;0.0
15;3;137;126.479;0.0;237.936;237.936;0.0
15;3;138;206.651;0.0;326.248;326.248;0.0
15;3;139;248.809;0.0;388.258;388.258;0.0
15;3;140;173.479;0.0;297.398;297.398;0.0
15;3;141;217.509;0.0;354.623;354.623;0.0
15;3;142;205.583;0.0;317.591;317.591;0.0
15;3;143;211.48;0.0;296.303;296.303;0.0
15;3;144;252.861;0.0;269.804;269.804;0.0
15;3;145;182.058;0.0;208.071;208.071;0.0
15;3;146;254.599;0.0;276.395;276.395;0.0
15;3;147;193.063;0.0;220.109;220.109;0.0
15;3;148;227.576;0.0;250.03;250.03;0.0
15;3;149;229.426;0.0;254.726;254.726;0.0
15;3;150;252.448;0.0;285.556;285.556;0.0
15;3;151;241.422;0.0;321.224;321.224;0.0
15;3;152;218.117;0.0;323.811;323.811;0.0
15;3;153;200.183;0.0;301.647;301.647;0.0
15;3;154;188.396;0.0;268.83;175.582;93.249
15;3;155;172.491;0.0;244.876;244.876;0.0
15;3;156;172.329;0.0;257.457;257.457;0.0
15;3;157;227.451;0.0;313.599;313.599;0.0
15;3;158;86.25;0.0;179.046;179.046;0.0
15;3;159;156.023;0.0;244.153;244.153;0.0
15;3;160;148.931;0.0;264.285;264.285;0.0
15;3;161;145.99;0.0;276.775;276.775;0.0
15;3;162;162.388;0.0;285.445;285.445;0.0
15;3;163;155.892;0.0;287.281;287.281;0.0
15;3;164;156.603;0.0;276.141;276.141;0.0
15;3;165;154.192;0.0;261.003;261.003;0.0
15;3;166;226.299;0.0;343.571;343.571;0.0
15;3;167;228.603;0.0;306.072;306.072;0.0
20;0;0;141.927;0.0;159.0;159.0;0.0
20;0;1;235.52;0.0;259.569;259.569;0.0
20;0;2;0.0;0.0;21.506;21.506;0.0
20;0;3;0.0;0.0;23.614;23.614;0.0
20;0;4;151.196;0.0;174.845;174.845;0.0
20;0;5;152.677;0.0;178.069;178.069;0.0
20;0;6;174.565;0.0;200.633;200.633;0.0
20;0;7;165.357;0.0;235.187;235.187;0.0
20;0;8;135.801;0.0;239.355;239.355;0.0
20;0;9;118.236;0.0;203.895;203.895;0.0
20;0;10;101.456;0.0;178.571;178.571;0.0
20;0;11;92.058;0.0;167.205;0.0;167.205
20;0;12;90.871;0.0;155.735;0.0;155.735
20;0;13;77.32;0.0;156.119;156.119;0.0
20;0;14;195.88;0.0;276.639;276.639;0.0
20;0;15;63.183;0.0;133.933;133.933;0.0
20;0;16;203.324;0.0;291.211;291.211;0.0
20;0;17;0.0;0.0;111.457;111.457;0.0
20;0;18;130.106;0.0;259.283;259.283;0.0
20;0;19;0.0;0.0;135.76;135.76;0.0
20;0;20;211.928;0.0;350.107;350.107;0.0
20;0;21;104.711;0.0;229.285;229.285;0.0
20;0;22;55.869;0.0;152.216;152.216;0.0
20;0;23;0.0;0.0;83.576;83.576;0.0
20;0;24;0.0;0.0;17.311;17.311;0.0
20;0;25;131.0;0.0;158.546;158.546;0.0
20;0;26;138.126;0.0;162.063;162.063;0.0
20;0;27;143.72;0.0;167.691;167.691;0.0
20;0;28;148.538;0.0;169.879;169.879;0.0
20;0;29;242.448;0.0;266.173;266.173;0.0
20;0;30;92.358;0.0;121.05;121.05;0.0
20;0;31;187.27;0.0;262.293;262.293;0.0
20;0;32;162.916;0.0;268.217;268.217;0.0
20;0;33;161.251;0.0;241.068;241.068;0.0
20;0;34;151.552;0.0;230.598;230.598;0.0
20;0;35;143.22;0.0;218.235;172.317;45.918
20;0;36;234.943;0.0;305.863;183.594;122.268
20;0;37;48.645;0.0;127.591;127.591;0.0
20;0;38;133.837;0.0;210.074;210.074;0.0
20;0;39;130.044;0.0;208.204;208.204;0.0
20;0;40;122.521;0.0;203.32;203.32;0.0
20;0;41;117.85;0.0;222.168;222.168;0.0
20;0;42;128.312;0.0;261.305;261.305;0.0
20;0;43;132.76;0.0;258.782;258.782;0.0
20;0;44;137.825;0.0;267.153;267.153;0.0
20;0;45;140.732;0.0;256.902;256.902;0.0
20;0;46;122.834;0.0;243.023;243.023;0.0
20;0;47;128.75;0.0;202.232;202.232;0.0
20;0;48;118.464;0.0;135.496;135.496;0.0
20;0;49;117.095;0.0;142.772;142.772;0.0
20;0;50;118.298;0.0;141.617;141.617;0.0
20;0;51;120.412;0.0;142.292;142.292;0.0
20;0;52;120.815;0.0;141.121;141.121;0.0
20;0;53;122.103;0.0;143.613;143.613;0.0
20;0;54;122.441;0.0;149.298;149.298;0.0
20;0;55;162.588;0.0;228.935;228.935;0.0
20;0;56;161.18;0.0;253.924;253.924;0.0
20;0;57;120.087;0.0;202.352;202.352;0.0
20;0;58;114.613;0.0;192.495;192.495;0.0
20;0;59;99.951;0.0;160.801;0.0;160.801
20;0;60;89.342;0.0;155.506;155.506;0.0
20;0;61;80.85;0.0;153.846;0.0;153.846
20;0;62;76.489;0.0;151.315;30.915;120.4
20;0;63;82.107;0.0;150.798;150.798;0.0
20;0;64;71.381;0.0;153.463;153.463;0.0
20;0;65;51.809;0.0;133.031;133.031;0.0
20;0;66;50.86;0.0;164.216;164.216;0.0
20;0;67;200.46;0.0;329.269;329.269;0.0
20;0;68;0.0;0.0;124.094;124.094;0.0
20;0;69;0.0;0.0;126.043;126.043;0.0
20;0;70;46.592;0.0;168.759;168.759;0.0
20;0;71;62.764;0.0;142.364;142.364;0.0
20;0;72;142.141;0.0;159.91;159.91;0.0
20;0;73;0.0;0.0;25.904;25.904;0.0
20;0;74;77.277;0.0;98.355;98.355;0.0
20;0;75;79.246;0.0;102.256;102.256;0.0
20;0;76;79.094;0.0;100.197;100.197;0.0
20;0;77;80.266;0.0;101.049;101.049;0.0
20;0;78;80.726;0.0;108.143;108.143;0.0
20;0;79;116.785;0.0;158.96;158.96;0.0
20;0;80;116.903;0.0;171.392;171.392;0.0
20;0;81;79.37;0.0;143.764;143.764;0.0
20;0;82;76.158;0.0;161.808;140.988;20.82
20;0;83;69.353;0.0;142.984;32.825;110.159
20;0;84;66.464;0.0;137.736;137.736;0.0
20;0;85;60.768;0.0;132.423;37.641;94.783
20;0;86;59.322;0.0;131.694;0.0;131.694
20;0;87;70.916;0.0;138.819;76.745;62.074
20;0;88;197.024;0.0;260.544;260.544;0.0
20;0;89;163.883;0.0;266.367;266.367;0.0
20;0;90;0.0;0.0;111.58;111.58;0.0
20;0;91;91.661;0.0;202.247;202.247;0.0
20;0;92;0.0;0.0;100.345;100.345;0.0
20;0;93;218.821;0.0;339.276;339.276;0.0
20;0;94;0.0;0.0;88.315;88.315;0.0
20;0;95;192.911;0.0;270.228;270.228;0.0
20;0;96;132.089;0.0;148.634;148.634;0.0
20;0;97;138.64;0.0;171.694;171.694;0.0
20;0;98;148.331;0.0;171.244;171.244;0.0
20;0;99;0.0;0.0;21.75;21.75;0.0
20;0;100;18.089;0.0;40.499;40.499;0.0
20;0;101;163.638;0.0;189.925;189.925;0.0
20;0;102;188.863;0.0;217.73;217.73;0.0
20;0;103;189.1;0.0;248.577;248.577;0.0
20;0;104;168.01;0.0;228.757;228.757;0.0
20;0;105;159.837;0.0;236.673;236.673;0.0
20;0;106;146.433;0.0;240.705;240.705;0.0
20;0;107;139.485;0.0;219.27;136.835;82.435
20;0;108;142.819;0.0;227.694;227.694;0.0
20;0;109;129.955;0.0;224.326;224.326;0.0
20;0;110;124.533;0.0;196.778;196.778;0.0
20;0;111;119.747;0.0;200.316;200.316;0.0
20;0;112;114.276;0.0;189.681;189.681;0.0
20;0;113;106.239;0.0;204.498;204.498;0.0
20;0;114;119.331;0.0;220.092;220.092;0.0
20;0;115;190.934;0.0;321.504;321.504;0.0
20;0;116;228.027;0.0;337.874;337.874;0.0
20;0;117;229.755;0.0;339.102;339.102;0.0
20;0;118;125.459;0.0;227.311;227.311;0.0
20;0;119;136.219;0.0;216.704;216.704;0.0
20;0;120;0.0;0.0;17.164;17.164;0.0
20;0;121;6.234;0.0;38.934;38.934;0.0
20;0;122;163.251;0.0;187.763;187.763;0.0
20;0;123;163.892;0.0;188.001;188.001;0.0
20;0;124;164.382;0.0;186.38;186.38;0.0
20;0;125;171.092;0.0;194.563;194.563;0.0
20;0;126;192.579;0.0;222.529;222.529;0.0
20;0;127;188.305;0.0;278.011;278.011;0.0
20;0;128;172.295;0.0;276.688;276.688;0.0
20;0;129;170.274;0.0;240.59;240.59;0.0
20;0;130;158.113;0.0;242.815;204.149;38.666
20;0;131;147.285;0.0;220.815;220.815;0.0
20;0;132;144.288;0.0;213.808;213.808;0.0
20;0;133;123.687;0.0;198.39;198.39;0.0
20;0;134;222.846;0.0;293.59;243.38;50.21
20;0;135;225.148;0.0;299.292;299.292;0.0
20;0;136;155.087;0.0;250.194;250.194;0.0
20;0;137;0.0;0.0;128.48;128.48;0.0
20;0;138;0.0;0.0;127.103;127.103;0.0
20;0;139;134.192;0.0;277.166;277.166;0.0
20;0;140;229.98;0.0;350.276;350.276;0.0
20;0;141;234.367;0.0;335.23;335.23;0.0
20;0;142;234.367;0.0;359.782;359.782;0.0
20;0;143;13.803;0.0;82.968;82.968;0.0
20;0;144;0.0;0.0;17.667;17.667;0.0
20;0;145;170.033;0.0;201.941;201.941;0.0
20;0;146;175.854;0.0;198.492;198.492;0.0
20;0;147;177.993;0.0;201.787;201.787;0.0
20;0;148;182.876;0.0;207.601;207.601;0.0
20;0;149;186.104;0.0;212.944;212.944;0.0
20;0;150;208.096;0.0;240.588;240.588;0.0
20;0;151;201.611;0.0;281.802;281.802;0.0
20;0;152;179.135;0.0;282.014;282.014;0.0
20;0;153;177.754;0.0;258.45;258.45;0.0
20;0;154;171.278;0.0;251.782;234.179;17.603
20;0;155;159.729;0.0;228.203;0.0;228.203
20;0;156;153.228;0.0;237.276;146.709;90.567
20;0;157;130.806;0.0;211.153;171.061;40.092
20;0;158;120.626;0.0;203.248;126.374;76.874
20;0;159;113.176;0.0;184.072;112.166;71.905
20;0;160;221.121;0.0;313.211;313.211;0.0
20;0;161;0.0;0.0;95.877;95.877;0.0
20;0;162;223.422;0.0;340.998;340.998;0.0
20;0;163;159.761;0.0;280.246;280.246;0.0
20;0;164;229.755;0.0;356.216;356.216;0.0
20;0;165;23.715;0.0;137.897;137.897;0.0
20;0;166;237.251;0.0;348.996;348.996;0.0
20;0;167;8.365;0.0;82.456;82.456;0.0
20;1;0;0.0;0.0;17.989;17.989;0.0
20;1;1;0.0;0.0;23.255;23.255;0.0
20;1;2;0.0;0.0;23.143;23.143;0.0
20;1;3;0.0;0.0;21.498;21.498;0.0
20;1;4;0.0;0.0;20.967;20.967;0.0
20;1;5;0.0;0.0;22.931;22.931;0.0
20;1;6;0.0;0.0;34.738;34.738;0.0
20;1;7;0.0;0.0;62.845;0.0;62.845
20;1;8;0.0;0.0;77.501;0.0;77.501
20;1;9;0.0;0.0;77.11;0.0;77.11
20;1;10;0.0;0.0;81.076;0.0;81.076
20;1;11;0.0;0.0;77.919;0.0;77.919
20;1;12;0.0;0.0;74.173;0.0;74.173
20;1;13;0.0;0.0;83.849;0.0;83.849
20;1;14;0.0;0.0;73.651;0.0;73.651
20;1;15;0.0;0.0;76.907;0.0;76.907
20;1;16;29.108;0.0;115.888;0.0;115.888
20;1;17;0.0;0.0;111.289;29.881;81.409
20;1;18;0.0;0.0;107.061;82.236;24.824
20;1;19;0.0;0.0;122.371;122.371;0.0
20;1;20;0.0;0.0;124.403;124.403;0.0
20;1;21;0.0;0.0;111.132;111.132;0.0
20;1;22;0.0;0.0;104.452;104.452;0.0
20;1;23;0.0;0.0;77.846;77.846;0.0
20;1;24;0.0;0.0;17.355;17.355;0.0
20;1;25;0.0;0.0;26.723;26.723;0.0
20;1;26;0.0;0.0;23.085;23.085;0.0
20;1;27;0.0;0.0;23.11;23.11;0.0
20;1;28;0.0;0.0;24.173;24.173;0.0
20;1;29;0.0;0.0;25.641;25.641;0.0
20;1;30;0.0;0.0;28.276;28.276;0.0
20;1;31;0.0;0.0;66.847;54.042;12.805
20;1;32;3.176;0.0;80.085;0.0;80.085
20;1;33;3.018;0.0;78.456;0.0;78.456
20;1;34;2.824;0.0;78.393;0.0;78.393
20;1;35;2.936;0.0;81.513;0.0;81.513
20;1;36;5.933;0.0;66.858;0.0;66.858
20;1;37;2.254;0.0;74.449;0.0;74.449
20;1;38;2.755;0.0;78.797;0.0;78.797
20;1;39;46.031;0.0;119.889;0.0;119.889
20;1;40;0.0;0.0;82.072;0.0;82.072
20;1;41;34.326;0.0;122.488;0.0;122.488
20;1;42;0.0;0.0;98.397;63.646;34.751
20;1;43;0.0;0.0;122.484;122.484;0.0
20;1;44;0.0;0.0;131.598;131.598;0.0
20;1;45;0.0;0.0;118.838;118.838;0.0
20;1;46;0.0;0.0;107.994;107.994;0.0
20;1;47;0.0;0.0;70.285;70.285;0.0
20;1;48;0.0;0.0;17.385;17.385;0.0
20;1;49;0.0;0.0;24.797;24.797;0.0
20;1;50;0.0;0.0;24.379;24.379;0.0
20;1;51;0.0;0.0;23.103;23.103;0.0
20;1;52;0.0;0.0;21.947;21.947;0.0
20;1;53;0.0;0.0;22.954;22.954;0.0
20;1;54;0.0;0.0;35.244;35.244;0.0
20;1;55;0.0;0.0;55.09;55.09;0.0
20;1;56;0.0;0.0;75.434;0.0;75.434
20;1;57;0.0;0.0;59.689;0.0;59.689
20;1;58;3.495;0.0;88.86;0.0;88.86
20;1;59;2.957;0.0;75.246;0.0;75.246
20;1;60;2.665;0.0;74.319;0.0;74.319
20;1;61;2.358;0.0;80.723;0.0;80.723
20;1;62;3.109;0.0;76.772;0.0;76.772
20;1;63;7.839;0.0;83.615;0.0;83.615
20;1;64;75.667;0.0;147.934;0.0;147.934
20;1;65;0.0;0.0;94.343;0.0;94.343
20;1;66;0.0;0.0;105.985;105.985;0.0
20;1;67;0.0;0.0;124.163;124.163;0.0
20;1;68;0.0;0.0;131.535;131.535;0.0
20;1;69;0.0;0.0;115.146;115.146;0.0
20;1;70;0.0;0.0;119.896;119.896;0.0
20;1;71;0.0;0.0;84.662;84.662;0.0
20;1;72;0.0;0.0;17.365;17.365;0.0
20;1;73;0.0;0.0;24.07;24.07;0.0
20;1;74;0.0;0.0;22.578;22.578;0.0
20;1;75;0.0;0.0;22.352;22.352;0.0
20;1;76;0.0;0.0;24.16;24.16;0.0
20;1;77;0.0;0.0;23.863;23.863;0.0
20;1;78;0.0;0.0;24.583;24.583;0.0
20;1;79;0.0;0.0;42.237;9.507;32.73
20;1;80;0.0;0.0;43.922;0.0;43.922
20;1;81;3.345;0.0;67.188;0.0;67.188
20;1;82;3.349;0.0;62.163;0.0;62.163
20;1;83;3.211;0.0;67.326;0.0;67.326
20;1;84;2.568;0.0;75.389;0.0;75.389
20;1;85;3.271;0.0;83.324;0.0;83.324
20;1;86;2.532;0.0;60.927;0.0;60.927
20;1;87;69.397;0.0;144.255;0.0;144.255
20;1;88;0.0;0.0;68.892;0.0;68.892
20;1;89;0.0;0.0;93.093;13.553;79.54
20;1;90;0.0;0.0;107.235;73.962;33.274
20;1;91;0.0;0.0;93.46;93.46;0.0
20;1;92;0.0;0.0;98.34;98.34;0.0
20;1;93;0.0;0.0;103.639;103.639;0.0
20;1;94;0.0;0.0;107.166;107.166;0.0
20;1;95;0.0;0.0;69.617;69.617;0.0
20;1;96;0.0;0.0;19.569;19.569;0.0
20;1;97;0.0;0.0;30.595;30.595;0.0
20;1;98;0.0;0.0;24.166;24.166;0.0
20;1;99;0.0;0.0;22.786;22.786;0.0
20;1;100;0.0;0.0;24.026;24.026;0.0
20;1;101;0.0;0.0;23.977;23.977;0.0
20;1;102;0.0;0.0;29.663;29.663;0.0
20;1;103;0.0;0.0;57.721;11.295;46.426
20;1;104;0.0;0.0;64.737;0.0;64.737
20;1;105;3.317;0.0;87.057;0.0;87.057
20;1;106;3.112;0.0;88.95;0.0;88.95
20;1;107;3.435;0.0;98.847;0.0;98.847
20;1;108;6.078;0.0;92.091;0.0;92.091
20;1;109;2.543;0.0;82.604;0.0;82.604
20;1;110;3.262;0.0;89.006;0.0;89.006
20;1;111;9.052;0.0;87.834;0.0;87.834
20;1;112;58.115;0.0;160.604;0.0;160.604
20;1;113;0.0;0.0;93.946;0.0;93.946
20;1;114;0.0;0.0;100.858;85.722;15.136
20;1;115;0.0;0.0;108.578;108.578;0.0
20;1;116;0.0;0.0;116.126;116.126;0.0
20;1;117;0.0;0.0;116.674;116.674;0.0
20;1;118;0.0;0.0;105.6;105.6;0.0
20;1;119;0.0;0.0;89.315;89.315;0.0
20;1;120;0.0;0.0;17.254;17.254;0.0
20;1;121;0.0;0.0;25.948;25.948;0.0
20;1;122;0.0;0.0;21.824;21.824;0.0
20;1;123;0.0;0.0;24.068;24.068;0.0
20;1;124;0.0;0.0;21.652;21.652;0.0
20;1;125;0.0;0.0;22.917;22.917;0.0
20;1;126;0.0;0.0;33.774;33.774;0.0
20;1;127;0.0;0.0;83.067;67.021;16.046
20;1;128;0.0;0.0;89.751;0.0;89.751
20;1;129;3.402;0.0;81.951;0.0;81.951
20;1;130;3.912;0.0;76.861;0.0;76.861
20;1;131;2.767;0.0;73.714;0.0;73.714
20;1;132;5.414;0.0;83.935;0.0;83.935
20;1;133;2.898;0.0;74.176;0.0;74.176
20;1;134;2.588;0.0;86.267;0.0;86.267
20;1;135;2.752;0.0;82.504;0.0;82.504
20;1;136;7.209;0.0;94.49;0.0;94.49
20;1;137;55.176;0.0;147.42;0.0;147.42
20;1;138;0.0;0.0;121.66;119.103;2.557
20;1;139;0.0;0.0;132.421;132.421;0.0
20;1;140;0.0;0.0;123.776;123.776;0.0
20;1;141;0.0;0.0;100.279;100.279;0.0
20;1;142;0.0;0.0;107.191;107.191;0.0
20;1;143;0.0;0.0;84.711;84.711;0.0
20;1;144;0.0;0.0;17.57;17.57;0.0
20;1;145;0.0;0.0;23.791;23.791;0.0
20;1;146;0.0;0.0;23.035;23.035;0.0
20;1;147;0.0;0.0;22.002;22.002;0.0
20;1;148;0.0;0.0;22.518;22.518;0.0
20;1;149;0.0;0.0;21.913;21.913;0.0
20;1;150;0.0;0.0;26.408;26.408;0.0
20;1;151;0.0;0.0;65.537;62.605;2.932
20;1;152;0.0;0.0;79.595;0.0;79.595
20;1;153;3.221;0.0;77.205;0.0;77.205
20;1;154;2.819;0.0;88.627;0.0;88.627
20;1;155;2.717;0.0;81.283;0.0;81.283
20;1;156;5.964;0.0;85.31;0.0;85.31
20;1;157;2.432;0.0;93.215;0.0;93.215
20;1;158;2.818;0.0;83.145;0.0;83.145
20;1;159;126.123;0.0;196.021;0.0;196.021
20;1;160;0.0;0.0;82.159;0.0;82.159
20;1;161;8.379;0.0;112.902;0.0;112.902
20;1;162;0.0;0.0;106.886;106.79;0.095
20;1;163;0.0;0.0;122.336;122.336;0.0
20;1;164;0.0;0.0;124.667;124.667;0.0
20;1;165;0.0;0.0;123.342;123.342;0.0
20;1;166;0.0;0.0;120.635;120.635;0.0
20;1;167;0.0;0.0;95.676;95.676;0.0
20;2;0;0.0;0.0;16.569;16.569;0.0
20;2;1;0.0;0.0;24.058;24.058;0.0
20;2;2;111.477;0.0;133.558;133.558;0.0
20;2;3;0.0;0.0;22.732;22.732;0.0
20;2;4;0.0;0.0;21.26;21.26;0.0
20;2;5;198.169;0.0;220.025;220.025;0.0
20;2;6;0.0;0.0;24.451;24.451;0.0
20;2;7;0.0;0.0;78.936;78.936;0.0
20;2;8;0.0;0.0;106.538;106.538;0.0
20;2;9;64.514;0.0;150.913;150.913;0.0
20;2;10;59.501;0.0;140.575;0.0;140.575
20;2;11;52.651;0.0;115.478;0.0;115.478
20;2;12;81.483;0.0;158.346;0.0;158.346
20;2;13;138.797;0.0;215.024;0.0;215.024
20;2;14;76.368;0.0;153.067;0.0;153.067
20;2;15;49.505;0.0;134.836;0.0;134.836
20;2;16;21.608;0.0;111.625;77.143;34.482
20;2;17;21.319;0.0;149.784;149.784;0.0
20;2;18;0.0;0.0;117.045;117.045;0.0
20;2;19;85.42;0.0;200.937;200.937;0.0
20;2;20;48.351;0.0;184.791;184.791;0.0
20;2;21;0.0;0.0;128.435;128.435;0.0
20;2;22;104.124;0.0;222.737;222.737;0.0
20;2;23;0.0;0.0;75.193;75.193;0.0
20;2;24;0.0;0.0;16.598;16.598;0.0
20;2;25;0.0;0.0;25.986;25.986;0.0
20;2;26;112.042;0.0;135.766;135.766;0.0
20;2;27;0.0;0.0;22.308;22.308;0.0
20;2;28;190.268;0.0;211.757;211.757;0.0
20;2;29;0.0;0.0;22.928;22.928;0.0
20;2;30;119.569;0.0;145.422;145.422;0.0
20;2;31;121.759;0.0;204.675;204.675;0.0
20;2;32;110.322;0.0;203.097;203.097;0.0
20;2;33;103.716;0.0;187.269;143.371;43.898
20;2;34;89.647;0.0;164.194;0.0;164.194
20;2;35;76.887;0.0;139.293;0.0;139.293
20;2;36;60.566;0.0;127.665;0.0;127.665
20;2;37;182.732;0.0;264.384;0.0;264.384
20;2;38;65.273;0.0;145.782;0.0;145.782
20;2;39;71.909;0.0;134.585;0.0;134.585
20;2;40;18.34;0.0;106.026;106.026;0.0
20;2;41;18.813;0.0;130.127;130.127;0.0
20;2;42;28.809;0.0;157.725;157.725;0.0
20;2;43;35.872;0.0;153.406;153.406;0.0
20;2;44;0.0;0.0;125.484;125.484;0.0
20;2;45;0.0;0.0;117.909;117.909;0.0
20;2;46;0.0;0.0;101.152;101.152;0.0
20;2;47;0.0;0.0;76.364;76.364;0.0
20;2;48;0.0;0.0;20.281;20.281;0.0
20;2;49;0.0;0.0;21.822;21.822;0.0
20;2;50;43.837;0.0;65.496;65.496;0.0
20;2;51;46.793;0.0;69.084;69.084;0.0
20;2;52;47.776;0.0;70.083;70.083;0.0
20;2;53;49.511;0.0;71.749;71.749;0.0
20;2;54;45.451;0.0;74.578;74.578;0.0
20;2;55;67.745;0.0;139.572;139.572;0.0
20;2;56;67.666;0.0;159.697;159.697;0.0
20;2;57;43.454;0.0;125.808;125.808;0.0
20;2;58;38.824;0.0;109.277;67.765;41.512
20;2;59;34.794;0.0;98.593;38.224;60.369
20;2;60;124.982;0.0;206.381;0.0;206.381
20;2;61;4.772;0.0;78.926;0.0;78.926
20;2;62;0.0;0.0;80.288;0.0;80.288
20;2;63;108.957;0.0;178.605;0.0;178.605
20;2;64;0.0;0.0;85.838;85.838;0.0
20;2;65;84.763;0.0;197.966;197.966;0.0
20;2;66;0.0;0.0;126.611;126.611;0.0
20;2;67;0.0;0.0;125.841;125.841;0.0
20;2;68;0.0;0.0;136.313;136.313;0.0
20;2;69;0.0;0.0;111.207;111.207;0.0
20;2;70;0.0;0.0;124.524;124.524;0.0
20;2;71;0.0;0.0;67.876;67.876;0.0
20;2;72;0.0;0.0;18.428;18.428;0.0
20;2;73;0.0;0.0;26.113;26.113;0.0
20;2;74;36.068;0.0;56.534;56.534;0.0
20;2;75;37.568;0.0;63.93;63.93;0.0
20;2;76;38.737;0.0;61.811;61.811;0.0
20;2;77;40.902;0.0;66.315;66.315;0.0
20;2;78;41.921;0.0;69.451;69.451;0.0
20;2;79;68.486;0.0;108.012;108.012;0.0
20;2;80;71.757;0.0;127.741;127.741;0.0
20;2;81;46.565;0.0;128.63;93.153;35.477
20;2;82;43.243;0.0;113.721;0.0;113.721
20;2;83;98.311;0.0;161.789;0.0;161.789
20;2;84;0.0;0.0;66.37;0.0;66.37
20;2;85;0.0;0.0;87.531;32.556;54.975
20;2;86;177.596;0.0;236.534;77.748;158.786
20;2;87;8.294;0.0;75.053;65.882;9.171
20;2;88;0.0;0.0;85.542;85.542;0.0
20;2;89;0.0;0.0;103.161;103.161;0.0
20;2;90;0.0;0.0;88.756;88.756;0.0
20;2;91;0.0;0.0;102.16;102.16;0.0
20;2;92;187.873;0.0;314.969;314.969;0.0
20;2;93;0.0;0.0;116.732;116.732;0.0
20;2;94;0.0;0.0;105.049;105.049;0.0
20;2;95;0.0;0.0;78.293;78.293;0.0
20;2;96;0.0;0.0;18.844;18.844;0.0
20;2;97;0.0;0.0;26.883;26.883;0.0
20;2;98;63.079;0.0;86.777;86.777;0.0
20;2;99;201.605;0.0;226.165;226.165;0.0
20;2;100;15.344;0.0;37.251;37.251;0.0
20;2;101;0.0;0.0;23.644;23.644;0.0
20;2;102;93.763;0.0;122.909;122.909;0.0
20;2;103;93.432;0.0;158.719;158.719;0.0
20;2;104;81.495;0.0;180.739;180.739;0.0
20;2;105;77.525;0.0;172.136;172.136;0.0
20;2;106;68.392;0.0;171.573;171.573;0.0
20;2;107;63.442;0.0;148.508;148.508;0.0
20;2;108;64.442;0.0;155.203;77.787;77.416
20;2;109;103.224;0.0;214.122;167.168;46.954
20;2;110;0.0;0.0;83.488;83.488;0.0
20;2;111;50.266;0.0;157.715;148.055;9.66
20;2;112;52.714;0.0;156.948;156.948;0.0
20;2;113;49.946;0.0;189.585;189.585;0.0
20;2;114;61.746;0.0;193.406;193.406;0.0
20;2;115;64.681;0.0;191.527;191.527;0.0
20;2;116;69.385;0.0;174.784;174.784;0.0
20;2;117;68.016;0.0;187.855;187.855;0.0
20;2;118;60.424;0.0;160.334;160.334;0.0
20;2;119;204.471;0.0;272.6;272.6;0.0
20;2;120;0.0;0.0;20.172;20.172;0.0
20;2;121;90.973;0.0;117.365;117.365;0.0
20;2;122;0.0;0.0;22.526;22.526;0.0
20;2;123;84.178;0.0;107.483;107.483;0.0
20;2;124;86.153;0.0;107.912;107.912;0.0
20;2;125;87.84;0.0;112.085;112.085;0.0
20;2;126;103.878;0.0;141.699;141.699;0.0
20;2;127;98.738;0.0;182.634;182.634;0.0
20;2;128;85.129;0.0;191.361;191.361;0.0
20;2;129;80.799;0.0;180.26;180.26;0.0
20;2;130;77.002;0.0;157.552;157.552;0.0
20;2;131;70.662;0.0;134.634;90.636;43.997
20;2;132;64.995;0.0;142.957;0.0;142.957
20;2;133;67.836;0.0;152.768;0.0;152.768
20;2;134;189.588;0.0;261.543;107.397;154.146
20;2;135;121.882;0.0;202.89;113.58;89.31
20;2;136;0.0;0.0;90.737;33.374;57.363
20;2;137;0.0;0.0;104.427;104.427;0.0
20;2;138;0.0;0.0;132.304;132.304;0.0
20;2;139;199.887;0.0;325.34;325.34;0.0
20;2;140;0.0;0.0;110.529;110.529;0.0
20;2;141;0.0;0.0;103.225;103.225;0.0
20;2;142;24.744;0.0;124.504;124.504;0.0
20;2;143;0.0;0.0;72.931;72.931;0.0
20;2;144;73.525;0.0;93.613;93.613;0.0
20;2;145;75.706;0.0;103.16;103.16;0.0
20;2;146;79.29;0.0;100.586;100.586;0.0
20;2;147;81.143;0.0;103.286;103.286;0.0
20;2;148;83.716;0.0;105.416;105.416;0.0
20;2;149;83.997;0.0;104.624;104.624;0.0
20;2;150;100.953;0.0;130.412;130.412;0.0
20;2;151;101.38;0.0;175.873;175.873;0.0
20;2;152;84.067;0.0;181.811;181.811;0.0
20;2;153;81.977;0.0;173.033;173.033;0.0
20;2;154;78.635;0.0;157.868;59.029;98.84
20;2;155;72.792;0.0;137.67;69.657;68.013
20;2;156;71.78;0.0;147.027;72.68;74.347
20;2;157;55.16;0.0;137.122;0.0;137.122
20;2;158;47.473;0.0;134.924;76.92;58.004
20;2;159;43.669;0.0;117.254;92.777;24.477
20;2;160;40.428;0.0;124.155;124.155;0.0
20;2;161;39.078;0.0;142.509;142.509;0.0
20;2;162;48.763;0.0;176.811;176.811;0.0
20;2;163;51.095;0.0;193.994;193.994;0.0
20;2;164;50.397;0.0;184.131;184.131;0.0
20;2;165;49.85;0.0;174.778;174.778;0.0
20;2;166;42.274;0.0;147.584;147.584;0.0
20;2;167;183.114;0.0;242.977;242.977;0.0
20;3;0;0.0;0.0;17.683;17.683;0.0
20;3;1;179.405;0.0;210.751;210.751;0.0
20;3;2;179.858;0.0;202.038;202.038;0.0
20;3;3;182.479;0.0;205.572;205.572;0.0
20;3;4;249.966;0.0;271.169;271.169;0.0
20;3;5;128.198;0.0;153.534;153.534;0.0
20;3;6;214.999;0.0;244.772;244.772;0.0
20;3;7;212.254;0.0;297.18;297.18;0.0
20;3;8;191.697;0.0;305.179;305.179;0.0
20;3;9;186.323;0.0;293.949;293.949;0.0
20;3;10;180.877;0.0;259.639;259.639;0.0
20;3;11;174.368;0.0;248.574;248.574;0.0
20;3;12;171.987;0.0;238.667;187.31;51.357
20;3;13;152.364;0.0;235.869;0.0;235.869
20;3;14;199.337;0.0;281.72;0.0;281.72
20;3;15;224.573;0.0;302.993;162.487;140.506
20;3;16;227.451;0.0;333.2;333.2;0.0
20;3;17;31.655;0.0;181.032;181.032;0.0
20;3;18;234.367;0.0;362.118;362.118;0.0
20;3;19;0.0;0.0;127.304;127.304;0.0
20;3;20;12.107;0.0;130.782;130.782;0.0
20;3;21;163.678;0.0;274.57;274.57;0.0
20;3;22;164.057;0.0;278.696;278.696;0.0
20;3;23;248.23;0.0;327.788;327.788;0.0
20;3;24;250.545;0.0;268.622;268.622;0.0
20;3;25;0.0;0.0;26.166;26.166;0.0
20;3;26;184.004;0.0;205.519;205.519;0.0
20;3;27;187.171;0.0;208.94;208.94;0.0
20;3;28;191.483;0.0;213.138;213.138;0.0
20;3;29;195.245;0.0;217.78;217.78;0.0
20;3;30;220.23;0.0;251.665;251.665;0.0
20;3;31;218.215;0.0;303.519;303.519;0.0
20;3;32;196.91;0.0;298.333;298.333;0.0
20;3;33;192.404;0.0;282.048;282.048;0.0
20;3;34;182.198;0.0;264.6;264.6;0.0
20;3;35;176.564;0.0;253.922;204.594;49.328
20;3;36;176.821;0.0;249.549;0.0;249.549
20;3;37;164.153;0.0;258.534;258.534;0.0
20;3;38;162.585;0.0;238.701;238.701;0.0
20;3;39;166.783;0.0;253.543;253.543;0.0
20;3;40;162.721;0.0;266.396;266.396;0.0
20;3;41;166.823;0.0;289.178;289.178;0.0
20;3;42;177.987;0.0;302.701;302.701;0.0
20;3;43;181.016;0.0;317.944;317.944;0.0
20;3;44;181.341;0.0;313.29;313.29;0.0
20;3;45;177.633;0.0;285.882;285.882;0.0
20;3;46;159.621;0.0;266.412;266.412;0.0
20;3;47;156.427;0.0;241.903;241.903;0.0
20;3;48;136.054;0.0;154.052;154.052;0.0
20;3;49;128.81;0.0;150.77;150.77;0.0
20;3;50;123.837;0.0;148.134;148.134;0.0
20;3;51;118.974;0.0;141.694;141.694;0.0
20;3;52;119.185;0.0;141.799;141.799;0.0
20;3;53;118.841;0.0;141.543;141.543;0.0
20;3;54;117.199;0.0;142.489;142.489;0.0
20;3;55;149.077;0.0;221.923;221.923;0.0
20;3;56;156.68;0.0;257.088;257.088;0.0
20;3;57;124.501;0.0;219.586;219.586;0.0
20;3;58;124.694;0.0;228.852;228.852;0.0
20;3;59;122.302;0.0;208.172;208.172;0.0
20;3;60;117.103;0.0;199.348;199.348;0.0
20;3;61;110.017;0.0;175.873;63.149;112.724
20;3;62;102.957;0.0;172.825;45.769;127.056
20;3;63;110.802;0.0;192.135;187.922;4.213
20;3;64;108.469;0.0;212.45;212.45;0.0
20;3;65;218.246;0.0;335.309;335.309;0.0
20;3;66;219.971;0.0;343.694;343.694;0.0
20;3;67;129.578;0.0;276.655;276.655;0.0
20;3;68;72.638;0.0;187.703;187.703;0.0
20;3;69;0.0;0.0;124.495;124.495;0.0
20;3;70;0.0;0.0;111.03;111.03;0.0
20;3;71;112.932;0.0;197.275;197.275;0.0
20;3;72;117.965;0.0;135.145;135.145;0.0
20;3;73;117.924;0.0;146.86;146.86;0.0
20;3;74;121.478;0.0;143.29;143.29;0.0
20;3;75;126.255;0.0;150.178;150.178;0.0
20;3;76;125.059;0.0;147.956;147.956;0.0
20;3;77;126.068;0.0;151.665;151.665;0.0
20;3;78;228.603;0.0;256.893;256.893;0.0
20;3;79;67.413;0.0;102.305;102.305;0.0
20;3;80;169.814;0.0;238.935;238.935;0.0
20;3;81;135.872;0.0;208.915;208.915;0.0
20;3;82;135.815;0.0;226.781;226.781;0.0
20;3;83;134.273;0.0;224.324;224.324;0.0
20;3;84;129.694;0.0;217.709;217.709;0.0
20;3;85;154.403;0.0;225.394;0.0;225.394
20;3;86;95.781;0.0;158.816;0.0;158.816
20;3;87;231.484;0.0;292.606;158.405;134.201
20;3;88;110.459;0.0;197.171;197.171;0.0
20;3;89;234.943;0.0;347.665;347.665;0.0
20;3;90;237.828;0.0;334.239;334.239;0.0
20;3;91;0.0;0.0;108.044;108.044;0.0
20;3;92;0.0;0.0;108.156;108.156;0.0
20;3;93;148.959;0.0;259.162;259.162;0.0
20;3;94;164.403;0.0;269.501;269.501;0.0
20;3;95;157.985;0.0;237.556;237.556;0.0
20;3;96;193.712;0.0;211.933;211.933;0.0
20;3;97;198.78;0.0;231.66;231.66;0.0
20;3;98;202.387;0.0;224.867;224.867;0.0
20;3;99;207.814;0.0;231.209;231.209;0.0
20;3;100;205.463;0.0;229.332;229.332;0.0
20;3;101;200.823;0.0;225.309;225.309;0.0
20;3;102;216.548;0.0;246.306;246.306;0.0
20;3;103;215.934;0.0;280.506;280.506;0.0
20;3;104;190.577;0.0;281.418;281.418;0.0
20;3;105;240.138;0.0;344.744;344.744;0.0
20;3;106;132.41;0.0;253.064;253.064;0.0
20;3;107;189.476;0.0;303.01;303.01;0.0
20;3;108;199.518;0.0;319.029;319.029;0.0
20;3;109;184.352;0.0;290.028;273.966;16.061
20;3;110;179.733;0.0;289.336;289.336;0.0
20;3;111;177.893;0.0;278.575;278.575;0.0
20;3;112;171.03;0.0;305.237;305.237;0.0
20;3;113;170.275;0.0;281.15;281.15;0.0
20;3;114;183.868;0.0;304.183;304.183;0.0
20;3;115;180.732;0.0;319.716;319.716;0.0
20;3;116;181.01;0.0;302.336;302.336;0.0
20;3;117;177.751;0.0;301.918;301.918;0.0
20;3;118;161.65;0.0;268.603;268.603;0.0
20;3;119;205.317;0.0;278.204;278.204;0.0
20;3;120;240.715;0.0;257.599;257.599;0.0
20;3;121;241.87;0.0;265.339;265.339;0.0
20;3;122;245.338;0.0;268.29;268.29;0.0
20;3;123;249.387;0.0;270.691;270.691;0.0
20;3;124;86.547;0.0;108.108;108.108;0.0
20;3;125;0.0;0.0;21.59;21.59;0.0
20;3;126;226.115;0.0;253.619;253.619;0.0
20;3;127;224.153;0.0;294.371;294.371;0.0
20;3;128;201.642;0.0;318.96;318.96;0.0
20;3;129;200.026;0.0;290.171;290.171;0.0
20;3;130;188.675;0.0;288.053;288.053;0.0
20;3;131;184.906;0.0;279.804;279.804;0.0
20;3;132;190.984;0.0;272.206;202.15;70.057
20;3;133;170.122;0.0;253.939;179.653;74.286
20;3;134;169.06;0.0;253.683;253.683;0.0
20;3;135;168.746;0.0;264.911;264.911;0.0
20;3;136;242.448;0.0;358.258;358.258;0.0
20;3;137;92.17;0.0;203.628;203.628;0.0
20;3;138;187.486;0.0;307.082;307.082;0.0
20;3;139;248.809;0.0;388.258;388.258;0.0
20;3;140;134.28;0.0;258.2;258.2;0.0
20;3;141;197.337;0.0;334.451;334.451;0.0
20;3;142;186.517;0.0;298.525;298.525;0.0
20;3;143;191.867;0.0;276.69;276.69;0.0
20;3;144;252.861;0.0;269.804;269.804;0.0
20;3;145;141.691;0.0;167.704;167.704;0.0
20;3;146;254.599;0.0;276.395;276.395;0.0
20;3;147;151.516;0.0;178.562;178.562;0.0
20;3;148;206.471;0.0;228.924;228.924;0.0
20;3;149;208.148;0.0;233.449;233.449;0.0
20;3;150;229.035;0.0;262.144;262.144;0.0
20;3;151;219.032;0.0;298.834;298.834;0.0
20;3;152;197.889;0.0;303.583;303.583;0.0
20;3;153;181.617;0.0;283.081;283.081;0.0
20;3;154;170.924;0.0;251.358;251.358;0.0
20;3;155;156.494;0.0;228.879;228.879;0.0
20;3;156;156.347;0.0;241.475;241.475;0.0
20;3;157;227.451;0.0;313.599;313.599;0.0
20;3;158;57.103;0.0;149.9;149.9;0.0
20;3;159;141.553;0.0;229.683;229.683;0.0
20;3;160;135.119;0.0;250.473;250.473;0.0
20;3;161;132.45;0.0;263.236;263.236;0.0
20;3;162;147.328;0.0;270.385;270.385;0.0
20;3;163;141.435;0.0;272.823;272.823;0.0
20;3;164;142.079;0.0;261.618;261.618;0.0
20;3;165;139.892;0.0;246.703;246.703;0.0
20;3;166;226.299;0.0;343.571;343.571;0.0
20;3;167;193.279;0.0;270.748;270.748;0.0
