Support_Year;Cluster;Timestep;HP;EB;from_grid;from_main_grid;from_network;Power_Demand_kW
0;0;0;121.634;0;129.15;129.15;0;7.517
0;0;1;177.287;0;188.665;188.665;0;11.379
0;0;2;0;0;9.868;9.868;0;9.868
0;0;3;155.467;0;166.545;166.545;0;11.078
0;0;4;177.672;0;187.609;187.609;0;9.938
0;0;5;181.632;0;193.217;193.217;0;11.585
0;0;6;179.893;0;193.995;193.995;0;14.102
0;0;7;175.984;0;216.189;216.189;0;40.204
0;0;8;150.971;0;198.511;198.511;0;47.539
0;0;9;130.993;0;185.187;185.187;0;54.194
0;0;10;112.643;0;155.605;0;155.605;42.962
0;0;11;99.58;0;144.764;144.764;0;45.184
0;0;12;98.381;0;139.148;139.148;0;40.766
0;0;13;84.27;0;125.484;125.484;0;41.214
0;0;14;147.447;0;198.574;198.574;0;51.127
0;0;15;83.11;0;127.907;72.812;55.095;44.797
0;0;16;153.051;0;190;190;0;36.948
0;0;17;0;0;56.5;56.5;0;56.5
0;0;18;156.936;0;218.166;218.166;0;61.23
0;0;19;66.797;0;132.647;132.647;0;65.85
0;0;20;159.527;0;233.753;233.753;0;74.226
0;0;21;111.866;0;179.417;179.417;0;67.551
0;0;22;121.696;0;180.14;180.14;0;58.444
0;0;23;0;0;36.401;36.401;0;36.401
0;0;24;102.503;0;113.111;113.111;0;10.609
0;0;25;148.492;0;165.206;165.206;0;16.714
0;0;26;156.38;0;167.043;167.043;0;10.663
0;0;27;167.639;0;181.032;181.032;0;13.393
0;0;28;182.067;0;194.053;194.053;0;11.987
0;0;29;182.502;0;195.037;195.037;0;12.536
0;0;30;185.548;0;200.46;200.46;0;14.913
0;0;31;185.548;0;224.629;224.629;0;39.081
0;0;32;182.553;0;234.701;234.701;0;52.147
0;0;33;178.101;0;219.743;219.743;0;41.641
0;0;34;168.462;0;209.488;209.488;0;41.026
0;0;35;160.358;0;203.177;203.177;0;42.819
0;0;36;176.852;0;213.203;213.203;0;36.35
0;0;37;133.386;0;169.644;0;169.644;36.258
0;0;38;148.007;0;188.798;0;188.798;40.791
0;0;39;145.457;0;185.081;185.081;0;39.624
0;0;40;135.15;0;184.469;184.469;0;49.319
0;0;41;132.637;0;201.999;201.999;0;69.363
0;0;42;143.884;0;212.518;212.518;0;68.634
0;0;43;147.765;0;210.206;210.206;0;62.441
0;0;44;151.032;0;220.597;220.597;0;69.565
0;0;45;154.11;0;219.081;219.081;0;64.971
0;0;46;141.434;0;199.185;199.185;0;57.751
0;0;47;145.681;0;189.407;189.407;0;43.727
0;0;48;125.301;0;132.768;132.768;0;7.468
0;0;49;123.682;0;139.977;139.977;0;16.295
0;0;50;125.741;0;136.606;136.606;0;10.864
0;0;51;129.617;0;140.741;140.741;0;11.124
0;0;52;130.441;0;140.756;140.756;0;10.315
0;0;53;133.163;0;143.507;143.507;0;10.344
0;0;54;132.354;0;147.798;147.798;0;15.445
0;0;55;162.576;0;199.969;199.969;0;37.393
0;0;56;165.861;0;222.841;222.841;0;56.98
0;0;57;131.531;0;172.338;172.338;0;40.807
0;0;58;121.91;0;156.137;38.456;117.681;34.227
0;0;59;105.58;0;147.359;0;147.359;41.779
0;0;60;93.328;0;127.525;127.525;0;34.197
0;0;61;86.014;0;119.052;119.052;0;33.038
0;0;62;83.414;0;114.887;114.887;0;31.473
0;0;63;83.369;0;118.234;0;118.234;34.865
0;0;64;73.365;0;116.939;116.939;0;43.574
0;0;65;56.118;0;109.85;109.85;0;53.732
0;0;66;54.086;0;125.39;125.39;0;71.304
0;0;67;150.895;0;219.275;219.275;0;68.38
0;0;68;51.359;0;109.858;109.858;0;58.499
0;0;69;0;0;58.384;58.384;0;58.384
0;0;70;78.287;0;132.997;132.997;0;54.71
0;0;71;72.852;0;117.456;117.456;0;44.604
0;0;72;156.504;0;165.968;165.968;0;9.464
0;0;73;7.543;0;24.94;24.94;0;17.397
0;0;74;88.902;0;98.99;98.99;0;10.088
0;0;75;90.182;0;103.338;103.338;0;13.156
0;0;76;89.307;0;98.978;98.978;0;9.67
0;0;77;90.543;0;101.541;101.541;0;10.998
0;0;78;91.021;0;104.708;104.708;0;13.687
0;0;79;120.741;0;140.009;140.009;0;19.268
0;0;80;118.951;0;150.469;150.469;0;31.519
0;0;81;88.974;0;129.874;129.874;0;40.9
0;0;82;84.202;0;124.25;124.25;0;40.048
0;0;83;79.087;0;110.105;110.105;0;31.018
0;0;84;73.106;0;118.298;118.298;0;45.193
0;0;85;68.503;0;114.884;114.884;0;46.381
0;0;86;66.294;0;110.623;110.623;0;44.329
0;0;87;74.839;0;113.172;113.172;0;38.333
0;0;88;148.309;0;183.741;183.741;0;35.432
0;0;89;139.605;0;191.723;191.723;0;52.118
0;0;90;0;0;44.815;44.815;0;44.815
0;0;91;161.688;0;219.238;219.238;0;57.549
0;0;92;33.747;0;92.728;92.728;0;58.98
0;0;93;164.716;0;222.677;222.677;0;57.961
0;0;94;30.56;0;81.253;81.253;0;50.693
0;0;95;169.479;0;212.337;212.337;0;42.858
0;0;96;172.08;0;180.986;180.986;0;8.906
0;0;97;161.276;0;173.958;173.958;0;12.682
0;0;98;170.62;0;180.816;180.816;0;10.196
0;0;99;40.463;0;52.74;52.74;0;12.277
0;0;100;182.067;0;192.447;192.447;0;10.38
0;0;101;183.372;0;193.852;193.852;0;10.48
0;0;102;182.937;0;197.859;197.859;0;14.922
0;0;103;182.067;0;214.03;214.03;0;31.963
0;0;104;181.632;0;225.81;225.81;0;44.178
0;0;105;179.7;0;234.045;234.045;0;54.345
0;0;106;167.56;0;204.203;204.203;0;36.643
0;0;107;154.95;0;210.224;210.224;0;55.274
0;0;108;158.618;0;202.929;202.929;0;44.311
0;0;109;147.117;0;198.665;198.665;0;51.547
0;0;110;139.673;0;190.727;190.727;0;51.054
0;0;111;136.971;0;174.288;67.234;107.054;37.317
0;0;112;127.098;0;183.907;183.907;0;56.809
0;0;113;127.444;0;183.113;183.113;0;55.669
0;0;114;170.779;0;228.633;228.633;0;57.854
0;0;115;171.213;0;244.367;244.367;0;73.154
0;0;116;171.646;0;241.681;241.681;0;70.035
0;0;117;172.947;0;233.023;233.023;0;60.076
0;0;118;178.155;0;232.474;232.474;0;54.319
0;0;119;153.821;0;202.932;202.932;0;49.111
0;0;120;35.141;0;42.644;42.644;0;7.503
0;0;121;185.983;0;200.795;200.795;0;14.812
0;0;122;187.725;0;196.839;196.839;0;9.114
0;0;123;185.983;0;196.859;196.859;0;10.877
0;0;124;184.677;0;195.019;195.019;0;10.342
0;0;125;186.418;0;200.36;200.36;0;13.941
0;0;126;185.112;0;201.3;201.3;0;16.188
0;0;127;184.242;0;229.908;229.908;0;45.666
0;0;128;185.548;0;231.527;231.527;0;45.98
0;0;129;185.548;0;223.368;209.03;14.338;37.821
0;0;130;178.418;0;210.231;176.938;33.293;31.813
0;0;131;160.622;0;210.265;210.265;0;49.643
0;0;132;157.295;0;194.804;194.804;0;37.509
0;0;133;137.787;0;179.143;179.143;0;41.355
0;0;134;167.746;0;202.553;202.553;0;34.807
0;0;135;169.479;0;206.692;177.769;28.923;37.213
0;0;136;171.213;0;221.745;221.745;0;50.533
0;0;137;91.673;0;153.869;153.869;0;62.195
0;0;138;175.116;0;243.473;243.473;0;68.357
0;0;139;175.55;0;244.926;244.926;0;69.376
0;0;140;175.116;0;236.585;236.585;0;61.469
0;0;141;176.418;0;249.104;249.104;0;72.686
0;0;142;176.418;0;255.921;255.921;0;79.503
0;0;143;172.138;0;217.294;217.294;0;45.156
0;0;144;144.769;0;152.367;152.367;0;7.598
0;0;145;189.468;0;204.511;204.511;0;15.043
0;0;146;189.904;0;200.362;200.362;0;10.458
0;0;147;189.468;0;200.194;200.194;0;10.727
0;0;148;190.34;0;200.081;200.081;0;9.742
0;0;149;190.776;0;203.34;203.34;0;12.564
0;0;150;188.161;0;201.868;201.868;0;13.707
0;0;151;186.854;0;224.207;224.207;0;37.354
0;0;152;185.983;0;240.203;240.203;0;54.22
0;0;153;185.112;0;231.262;75.774;155.488;46.15
0;0;154;184.242;0;222.2;222.2;0;37.958
0;0;155;177.575;0;213.93;98.556;115.373;36.354
0;0;156;167.799;0;206.092;0;206.092;38.293
0;0;157;145.582;0;177.135;177.135;0;31.552
0;0;158;133.031;0;166.184;166.184;0;33.154
0;0;159;123.891;0;168.912;168.912;0;45.021
0;0;160;166.447;0;210.392;210.392;0;43.944
0;0;161;126.124;0;174.972;174.972;0;48.848
0;0;162;168.179;0;220.388;220.388;0;52.209
0;0;163;171.646;0;226.253;226.253;0;54.607
0;0;164;172.947;0;235.874;235.874;0;62.927
0;0;165;114.79;0;170.143;170.143;0;55.353
0;0;166;178.59;0;239.668;239.668;0;61.078
0;0;167;150.679;0;188.679;188.679;0;38
0;1;0;0;0;7.529;7.529;0;7.529
0;1;1;0;0;12.166;12.166;0;12.166
0;1;2;0;0;9.759;9.759;0;9.759
0;1;3;0;0;12.531;12.531;0;12.531
0;1;4;0;0;11.731;11.731;0;11.731
0;1;5;0;0;11.157;11.157;0;11.157
0;1;6;0;0;17.907;17.907;0;17.907
0;1;7;0;0;35.569;0;35.569;35.569
0;1;8;0;0;43.38;0;43.38;43.38
0;1;9;0;0;47.579;0;47.579;47.579
0;1;10;0;0;56.187;0;56.187;56.187
0;1;11;0;0;39.313;0;39.313;39.313
0;1;12;0;0;43.482;0;43.482;43.482
0;1;13;0;0;47.751;0;47.751;47.751
0;1;14;0;0;41.271;0;41.271;41.271
0;1;15;29.736;0;69.336;0;69.336;39.599
0;1;16;0;0;43.974;0;43.974;43.974
0;1;17;0;0;47.748;0;47.748;47.748
0;1;18;0;0;65.792;26.064;39.729;65.792
0;1;19;0;0;68.97;68.97;0;68.97
0;1;20;0;0;69.913;69.913;0;69.913
0;1;21;0;0;65.959;65.959;0;65.959
0;1;22;0;0;63.839;63.839;0;63.839
0;1;23;0;0;48.306;48.306;0;48.306
0;1;24;0;0;7.535;7.535;0;7.535
0;1;25;0;0;8.984;8.984;0;8.984
0;1;26;0;0;10.941;10.941;0;10.941
0;1;27;0;0;9.861;9.861;0;9.861
0;1;28;0;0;10.643;10.643;0;10.643
0;1;29;0;0;10.714;10.714;0;10.714
0;1;30;0;0;15.305;15.305;0;15.305
0;1;31;0;0;38.537;0;38.537;38.537
0;1;32;0;0;41.644;0;41.644;41.644
0;1;33;3.168;0;42.642;0;42.642;39.474
0;1;34;3.941;0;40.9;0;40.9;36.96
0;1;35;2.964;0;39.772;0;39.772;36.808
0;1;36;4.951;0;36.47;0;36.47;31.519
0;1;37;2.416;0;38.697;0;38.697;36.281
0;1;38;2.53;0;36.198;0;36.198;33.667
0;1;39;74.782;0;111.137;0;111.137;36.354
0;1;40;0;0;48.577;0;48.577;48.577
0;1;41;0;0;47.922;0;47.922;47.922
0;1;42;0;0;43.446;0;43.446;43.446
0;1;43;0;0;73.201;73.201;0;73.201
0;1;44;0;0;65.368;65.368;0;65.368
0;1;45;0;0;74.74;74.74;0;74.74
0;1;46;0;0;79.871;79.871;0;79.871
0;1;47;0;0;36.799;36.799;0;36.799
0;1;48;0;0;7.558;7.558;0;7.558
0;1;49;0;0;11.075;11.075;0;11.075
0;1;50;0;0;11.445;11.445;0;11.445
0;1;51;0;0;11.457;11.457;0;11.457
0;1;52;0;0;9.816;9.816;0;9.816
0;1;53;0;0;10.751;10.751;0;10.751
0;1;54;0;0;11.091;11.091;0;11.091
0;1;55;0;0;32.752;24.829;7.924;32.752
0;1;56;0;0;41.68;0;41.68;41.68
0;1;57;0;0;38.964;0;38.964;38.964
0;1;58;3.439;0;46.217;0;46.217;42.778
0;1;59;2.915;0;48.851;0;48.851;45.936
0;1;60;2.503;0;43.684;0;43.684;41.182
0;1;61;2.811;0;36.403;0;36.403;33.592
0;1;62;78.707;0;115.738;0;115.738;37.032
0;1;63;0;0;33.717;0;33.717;33.717
0;1;64;0;0;33.06;0;33.06;33.06
0;1;65;0;0;37.919;0;37.919;37.919
0;1;66;0;0;50.193;2.775;47.418;50.193
0;1;67;0;0;60.729;60.729;0;60.729
0;1;68;0;0;79.498;79.498;0;79.498
0;1;69;0;0;71.926;71.926;0;71.926
0;1;70;0;0;54.205;54.205;0;54.205
0;1;71;0;0;47.046;47.046;0;47.046
0;1;72;0;0;7.482;7.482;0;7.482
0;1;73;0;0;11.424;11.424;0;11.424
0;1;74;0;0;10.566;10.566;0;10.566
0;1;75;0;0;10.401;10.401;0;10.401
0;1;76;0;0;11.218;11.218;0;11.218
0;1;77;0;0;14.061;14.061;0;14.061
0;1;78;0;0;14.356;14.356;0;14.356
0;1;79;0;0;16.242;0;16.242;16.242
0;1;80;0;0;36.68;0;36.68;36.68
0;1;81;3.289;0;52.238;0;52.238;48.949
0;1;82;3.539;0;49.404;0;49.404;45.865
0;1;83;3.606;0;44.567;0;44.567;40.961
0;1;84;3.015;0;42.026;0;42.026;39.011
0;1;85;2.88;0;35.417;0;35.417;32.537
0;1;86;3.09;0;44.142;0;44.142;41.052
0;1;87;68.914;0;99.613;0;99.613;30.699
0;1;88;0;0;39.183;0;39.183;39.183
0;1;89;0;0;45.756;0;45.756;45.756
0;1;90;0;0;38.544;0;38.544;38.544
0;1;91;0;0;58.075;58.075;0;58.075
0;1;92;0;0;60.634;60.634;0;60.634
0;1;93;0;0;48.063;48.063;0;48.063
0;1;94;0;0;52.452;52.452;0;52.452
0;1;95;0;0;40.887;40.887;0;40.887
0;1;96;0;0;7.412;7.412;0;7.412
0;1;97;0;0;11.068;11.068;0;11.068
0;1;98;0;0;10.624;10.624;0;10.624
0;1;99;0;0;10.421;10.421;0;10.421
0;1;100;0;0;9.254;9.254;0;9.254
0;1;101;0;0;11.839;11.839;0;11.839
0;1;102;0;0;15.644;15.644;0;15.644
0;1;103;0;0;22.949;0;22.949;22.949
0;1;104;0;0;30.946;0;30.946;30.946
0;1;105;0;0;48.452;0;48.452;48.452
0;1;106;4.227;0;49.201;0;49.201;44.974
0;1;107;3.438;0;52.309;0;52.309;48.871
0;1;108;5.919;0;53.308;0;53.308;47.389
0;1;109;74.296;0;120.413;0;120.413;46.117
0;1;110;0;0;53.292;0;53.292;53.292
0;1;111;0;0;47.278;0;47.278;47.278
0;1;112;0;0;44.574;0;44.574;44.574
0;1;113;0;0;49.378;0;49.378;49.378
0;1;114;0;0;46.632;0;46.632;46.632
0;1;115;0;0;60.103;60.103;0;60.103
0;1;116;0;0;61.515;61.515;0;61.515
0;1;117;0;0;55.863;55.863;0;55.863
0;1;118;0;0;63.102;63.102;0;63.102
0;1;119;0;0;41.108;41.108;0;41.108
0;1;120;0;0;7.619;7.619;0;7.619
0;1;121;0;0;11.147;11.147;0;11.147
0;1;122;0;0;9.85;9.85;0;9.85
0;1;123;0;0;11.929;11.929;0;11.929
0;1;124;0;0;10.074;10.074;0;10.074
0;1;125;0;0;13.56;13.56;0;13.56
0;1;126;0;0;12.101;12.101;0;12.101
0;1;127;0;0;43.804;34.271;9.533;43.804
0;1;128;0;0;41.745;0;41.745;41.745
0;1;129;3.927;0;42.154;0;42.154;38.227
0;1;130;3.325;0;43.715;0;43.715;40.391
0;1;131;3.183;0;36.152;0;36.152;32.969
0;1;132;5.419;0;45.556;0;45.556;40.138
0;1;133;2.709;0;35.511;0;35.511;32.802
0;1;134;2.733;0;39.407;0;39.407;36.674
0;1;135;64.355;0;95.599;0;95.599;31.244
0;1;136;0;0;40.104;0;40.104;40.104
0;1;137;0;0;47.954;0;47.954;47.954
0;1;138;0;0;47.493;0;47.493;47.493
0;1;139;0;0;74.199;74.199;0;74.199
0;1;140;0;0;71.958;71.958;0;71.958
0;1;141;0;0;78.264;78.264;0;78.264
0;1;142;0;0;57.149;57.149;0;57.149
0;1;143;0;0;58.087;58.087;0;58.087
0;1;144;0;0;7.461;7.461;0;7.461
0;1;145;0;0;12.297;12.297;0;12.297
0;1;146;0;0;11.135;11.135;0;11.135
0;1;147;0;0;11.104;11.104;0;11.104
0;1;148;0;0;9.835;9.835;0;9.835
0;1;149;0;0;11.968;11.968;0;11.968
0;1;150;0;0;14.53;14.53;0;14.53
0;1;151;0;0;37.994;1.761;36.233;37.994
0;1;152;0;0;41.161;0;41.161;41.161
0;1;153;2.974;0;48.543;0;48.543;45.568
0;1;154;3.949;0;38.371;0;38.371;34.422
0;1;155;3.437;0;42.003;0;42.003;38.567
0;1;156;5.082;0;46.628;0;46.628;41.546
0;1;157;2.45;0;48.54;0;48.54;46.091
0;1;158;2.624;0;41.038;0;41.038;38.414
0;1;159;94.939;0;136.023;0;136.023;41.084
0;1;160;20.39;0;66.924;0;66.924;46.533
0;1;161;3.59;0;53.425;0;53.425;49.835
0;1;162;8.064;0;56.392;0;56.392;48.327
0;1;163;7.698;0;94.269;94.269;0;86.572
0;1;164;0;0;73.365;73.365;0;73.365
0;1;165;0;0;70.574;70.574;0;70.574
0;1;166;0;0;68.77;68.77;0;68.77
0;1;167;0;0;55.211;55.211;0;55.211
0;2;0;0;0;7.519;7.519;0;7.519
0;2;1;0;0;9.982;9.982;0;9.982
0;2;2;140.936;0;151.36;151.36;0;10.424
0;2;3;0;0;12.89;12.89;0;12.89
0;2;4;30.431;0;41.254;41.254;0;10.823
0;2;5;149.171;0;159.782;159.782;0;10.611
0;2;6;0;0;19.58;19.58;0;19.58
0;2;7;94.561;0;127.419;127.419;0;32.858
0;2;8;0;0;60.949;60.949;0;60.949
0;2;9;76.433;0;123.719;123.719;0;47.286
0;2;10;70.609;0;108.217;0;108.217;37.608
0;2;11;57.08;0;99.025;0;99.025;41.944
0;2;12;83.597;0;122.997;0;122.997;39.4
0;2;13;0;0;38.501;20.101;18.4;38.501
0;2;14;21.931;0;72.568;72.568;0;50.637
0;2;15;47.551;0;86.634;86.634;0;39.083
0;2;16;139.7;0;190.996;190.996;0;51.296
0;2;17;28.184;0;92.192;92.192;0;64.008
0;2;18;0;0;56.416;56.416;0;56.416
0;2;19;103.404;0;172.252;172.252;0;68.848
0;2;20;61.146;0;126.66;126.66;0;65.515
0;2;21;0;0;61.892;61.892;0;61.892
0;2;22;131.609;0;195.253;195.253;0;63.644
0;2;23;75.427;0;113.325;113.325;0;37.898
0;2;24;0;0;7.566;7.566;0;7.566
0;2;25;20.83;0;32.555;32.555;0;11.725
0;2;26;164.283;0;174.872;174.872;0;10.588
0;2;27;39.166;0;49.914;49.914;0;10.748
0;2;28;166.014;0;177.378;177.378;0;11.364
0;2;29;58.189;0;69.821;69.821;0;11.632
0;2;30;131.645;0;148.308;148.308;0;16.663
0;2;31;133.705;0;173.269;173.269;0;39.564
0;2;32;125.71;0;184.038;184.038;0;58.328
0;2;33;119.001;0;159.646;159.646;0;40.645
0;2;34;101.972;0;139.941;2.151;137.789;37.968
0;2;35;85.089;0;125.932;0;125.932;40.843
0;2;36;68.053;0;105.211;0;105.211;37.158
0;2;37;45.889;0;86.329;0;86.329;40.44
0;2;38;62.351;0;103.034;0;103.034;40.684
0;2;39;129.821;0;162.4;0;162.4;32.579
0;2;40;20.347;0;77.3;55.59;21.711;56.954
0;2;41;23.948;0;80.205;80.205;0;56.257
0;2;42;35.544;0;102.167;102.167;0;66.623
0;2;43;40.687;0;102.588;102.588;0;61.901
0;2;44;48.167;0;110.517;110.517;0;62.35
0;2;45;51.928;0;112.585;112.585;0;60.656
0;2;46;0;0;56.144;56.144;0;56.144
0;2;47;38.898;0;82.564;82.564;0;43.666
0;2;48;0;0;7.554;7.554;0;7.554
0;2;49;0;0;9.184;9.184;0;9.184
0;2;50;47.865;0;58.829;58.829;0;10.964
0;2;51;50.841;0;60.612;60.612;0;9.772
0;2;52;51.614;0;61.453;61.453;0;9.839
0;2;53;53.564;0;63.702;63.702;0;10.138
0;2;54;49.879;0;62.587;62.587;0;12.707
0;2;55;65.197;0;100.625;100.625;0;35.428
0;2;56;65.822;0;117.451;117.451;0;51.629
0;2;57;44.778;0;88.241;88.241;0;43.464
0;2;58;41.045;0;83.6;83.6;0;42.555
0;2;59;35.951;0;73;73;0;37.049
0;2;60;30.126;0;65.329;65.329;0;35.203
0;2;61;26.118;0;53.179;53.179;0;27.061
0;2;62;20.815;0;59.93;59.93;0;39.115
0;2;63;25.534;0;54.948;54.948;0;29.413
0;2;64;38.054;0;75.184;75.184;0;37.13
0;2;65;131.967;0;194.982;194.982;0;63.015
0;2;66;0;0;64.171;64.171;0;64.171
0;2;67;40.225;0;99.584;99.584;0;59.359
0;2;68;0;0;85.975;85.975;0;85.975
0;2;69;19.948;0;89.579;89.579;0;69.631
0;2;70;0;0;62.278;62.278;0;62.278
0;2;71;0;0;33.443;33.443;0;33.443
0;2;72;0;0;10.713;10.713;0;10.713
0;2;73;40.805;0;56.551;56.551;0;15.746
0;2;74;43.19;0;54.826;54.826;0;11.636
0;2;75;44.631;0;59.341;59.341;0;14.711
0;2;76;46.307;0;58.318;58.318;0;12.011
0;2;77;48.352;0;59.117;59.117;0;10.766
0;2;78;49.867;0;61.508;61.508;0;11.641
0;2;79;73.86;0;94.805;94.805;0;20.945
0;2;80;74.793;0;110.282;110.282;0;35.49
0;2;81;53.749;0;98.472;98.472;0;44.722
0;2;82;51.057;0;85.613;85.613;0;34.556
0;2;83;37.804;0;72.521;0;72.521;34.717
0;2;84;27.678;0;68.666;8.546;60.12;40.988
0;2;85;22.63;0;64.56;64.56;0;41.93
0;2;86;133.684;0;178.705;178.705;0;45.02
0;2;87;54.82;0;94.956;94.956;0;40.136
0;2;88;9.895;0;52.062;52.062;0;42.167
0;2;89;0;0;57.259;57.259;0;57.259
0;2;90;0;0;66.474;66.474;0;66.474
0;2;91;0;0;67.656;67.656;0;67.656
0;2;92;141.421;0;205.844;205.844;0;64.423
0;2;93;43.64;0;100.653;100.653;0;57.014
0;2;94;0;0;60.145;60.145;0;60.145
0;2;95;92.765;0;140.243;140.243;0;47.478
0;2;96;0;0;7.501;7.501;0;7.501
0;2;97;6.27;0;21.566;21.566;0;15.296
0;2;98;85.202;0;97.838;97.838;0;12.636
0;2;99;151.757;0;162.308;162.308;0;10.551
0;2;100;120.245;0;131.872;131.872;0;11.627
0;2;101;0;0;12.258;12.258;0;12.258
0;2;102;110.264;0;123.871;123.871;0;13.607
0;2;103;111.353;0;137.445;137.445;0;26.092
0;2;104;98.438;0;151.992;151.992;0;53.555
0;2;105;91.982;0;142.576;142.576;0;50.594
0;2;106;83.814;0;128.398;128.398;0;44.584
0;2;107;73.846;0;131.989;131.989;0;58.143
0;2;108;74.277;0;126.71;126.71;0;52.433
0;2;109;124.114;0;175.115;175.115;0;51.001
0;2;110;0;0;40.867;40.867;0;40.867
0;2;111;63.293;0;108.879;108.879;0;45.585
0;2;112;62.752;0;129.079;129.079;0;66.327
0;2;113;64.437;0;119.664;119.664;0;55.227
0;2;114;75.08;0;139.584;139.584;0;64.504
0;2;115;78.189;0;144.743;144.743;0;66.554
0;2;116;80.133;0;153.354;153.354;0;73.221
0;2;117;82.352;0;139.532;139.532;0;57.18
0;2;118;74.37;0;133.501;133.501;0;59.132
0;2;119;153.914;0;194.362;194.362;0;40.448
0;2;120;11.643;0;19.238;19.238;0;7.595
0;2;121;157.367;0;175.526;175.526;0;18.158
0;2;122;28.808;0;38.738;38.738;0;9.93
0;2;123;98.871;0;108.207;108.207;0;9.335
0;2;124;100.565;0;111.532;111.532;0;10.967
0;2;125;102.371;0;112.577;112.577;0;10.207
0;2;126;116.046;0;130.948;130.948;0;14.902
0;2;127;110.488;0;152.851;152.851;0;42.363
0;2;128;97.044;0;167.207;167.207;0;70.163
0;2;129;95.085;0;137.946;137.946;0;42.861
0;2;130;90.151;0;133.408;133.408;0;43.256
0;2;131;77.836;0;116.785;116.785;0;38.949
0;2;132;71.879;0;110.186;110.186;0;38.307
0;2;133;59.135;0;101.238;101.238;0;42.104
0;2;134;142.711;0;176.218;176.218;0;33.506
0;2;135;114.952;0;158.852;158.852;0;43.9
0;2;136;0;0;54.745;54.745;0;54.745
0;2;137;17.091;0;76.777;76.777;0;59.686
0;2;138;0;0;63.869;63.869;0;63.869
0;2;139;150.464;0;230.552;230.552;0;80.088
0;2;140;71.537;0;141.47;141.47;0;69.934
0;2;141;0;0;76.027;76.027;0;76.027
0;2;142;152.151;0;220.256;220.256;0;68.105
0;2;143;0;0;47.912;47.912;0;47.912
0;2;144;86.567;0;94.214;94.214;0;7.647
0;2;145;88.878;0;102.551;102.551;0;13.672
0;2;146;92.906;0;104.771;104.771;0;11.865
0;2;147;94.117;0;106.091;106.091;0;11.974
0;2;148;96.586;0;108.492;108.492;0;11.906
0;2;149;97.424;0;106.991;106.991;0;9.567
0;2;150;113.286;0;125.848;125.848;0;12.561
0;2;151;112.388;0;153.992;153.992;0;41.604
0;2;152;99.003;0;140.792;140.792;0;41.789
0;2;153;93.687;0;136.174;136.174;0;42.487
0;2;154;88.017;0;142.342;142.342;0;54.325
0;2;155;83.877;0;117.454;117.454;0;33.577
0;2;156;77.706;0;112.17;112.17;0;34.464
0;2;157;61.034;0;116.583;116.583;0;55.549
0;2;158;53.799;0;95.616;95.616;0;41.817
0;2;159;50.304;0;84.251;84.251;0;33.948
0;2;160;47.013;0;98.95;98.95;0;51.937
0;2;161;47.445;0;104.64;104.64;0;57.195
0;2;162;59.046;0;117.647;117.647;0;58.601
0;2;163;62.124;0;123.052;123.052;0;60.929
0;2;164;60.901;0;122.858;122.858;0;61.957
0;2;165;63.572;0;122.661;122.661;0;59.089
0;2;166;96.184;0;168.634;168.634;0;72.45
0;2;167;144.863;0;202.979;202.979;0;58.116
0;3;0;188.161;0;195.74;195.74;0;7.579
0;3;1;188.596;0;199.809;199.809;0;11.212
0;3;2;187.289;0;198.015;198.015;0;10.726
0;3;3;187.725;0;198.657;198.657;0;10.932
0;3;4;188.161;0;198.993;198.993;0;10.832
0;3;5;191.212;0;201.656;201.656;0;10.444
0;3;6;191.212;0;206.799;206.799;0;15.587
0;3;7;190.776;0;235.315;235.315;0;44.539
0;3;8;189.468;16.937;269.592;269.592;0;63.188
0;3;9;187.289;64.006;295.728;295.728;0;44.433
0;3;10;185.112;42.986;272.523;272.523;0;44.425
0;3;11;182.937;21.43;237.49;237.49;0;33.123
0;3;12;181.197;15.165;231.257;231.257;0;34.894
0;3;13;179.024;0;213.535;0;213.535;34.511
0;3;14;169.912;0;207.414;207.414;0;37.502
0;3;15;169.046;0;200.307;78.232;122.075;31.261
0;3;16;171.213;0;224.821;224.821;0;53.609
0;3;17;175.116;0;238.408;238.408;0;63.292
0;3;18;176.418;0;234.937;234.937;0;58.519
0;3;19;180.328;0;253.276;253.276;0;72.949
0;3;20;182.067;0;246.821;246.821;0;64.755
0;3;21;183.807;0;259.169;259.169;0;75.362
0;3;22;185.112;0;251.48;251.48;0;66.368
0;3;23;186.854;0;242.885;242.885;0;56.032
0;3;24;188.596;0;196.199;196.199;0;7.603
0;3;25;191.212;0;206.473;206.473;0;15.261
0;3;26;191.212;0;203.001;203.001;0;11.789
0;3;27;191.212;0;201.242;201.242;0;10.03
0;3;28;192.084;0;203.604;203.604;0;11.52
0;3;29;192.52;0;205.407;205.407;0;12.886
0;3;30;192.084;0;204.521;204.521;0;12.437
0;3;31;193.829;0;234.647;234.647;0;40.818
0;3;32;191.648;0;244.599;244.599;0;52.951
0;3;33;189.468;68.999;306.939;306.939;0;48.473
0;3;34;185.983;53.177;281.76;244.404;37.356;42.6
0;3;35;185.112;23.116;239.354;239.354;0;31.125
0;3;36;183.807;20.206;244.586;244.586;0;40.573
0;3;37;185.112;0;223.972;223.972;0;38.86
0;3;38;185.112;0;235.784;235.784;0;50.671
0;3;39;186.418;0;235.105;235.105;0;48.686
0;3;40;185.983;0;250.537;250.537;0;64.554
0;3;41;186.854;0;253.519;253.519;0;66.666
0;3;42;186.854;0;253.844;253.844;0;66.99
0;3;43;185.983;34.391;288.39;288.39;0;68.016
0;3;44;184.677;36.196;293.518;293.518;0;72.645
0;3;45;183.372;37.111;276.865;276.865;0;56.383
0;3;46;180.22;0;242.476;242.476;0;62.256
0;3;47;177.903;0;207.512;207.512;0;29.609
0;3;48;144.042;0;151.633;151.633;0;7.592
0;3;49;136.494;0;145.867;145.867;0;9.373
0;3;50;131.08;0;142.242;142.242;0;11.162
0;3;51;127.293;0;138.631;138.631;0;11.337
0;3;52;126.695;0;138.63;138.63;0;11.935
0;3;53;127.323;0;138.069;138.069;0;10.746
0;3;54;126.515;0;142.094;142.094;0;15.579
0;3;55;156.338;0;192.648;192.648;0;36.311
0;3;56;157.005;0;218.291;218.291;0;61.286
0;3;57;135.228;0;171.594;171.594;0;36.367
0;3;58;137.6;0;178.197;178.197;0;40.598
0;3;59;133.719;0;171.748;171.748;0;38.029
0;3;60;126.314;0;159.402;159.402;0;33.088
0;3;61;116.982;0;161.037;161.037;0;44.055
0;3;62;111.042;0;145.782;145.782;0;34.741
0;3;63;119.426;0;156.469;156.469;0;37.042
0;3;64;115.067;0;171.214;171.214;0;56.147
0;3;65;164.283;0;217.381;217.381;0;53.098
0;3;66;165.582;0;229.357;229.357;0;63.775
0;3;67;167.746;0;226.967;226.967;0;59.221
0;3;68;145.109;0;205.77;205.77;0;60.661
0;3;69;0;0;79.863;79.863;0;79.863
0;3;70;71.191;0;127.732;127.732;0;56.541
0;3;71;128.508;0;173.264;173.264;0;44.756
0;3;72;132.84;0;142.267;142.267;0;9.427
0;3;73;133.643;0;149.618;149.618;0;15.975
0;3;74;136.731;0;146.864;146.864;0;10.133
0;3;75;141.455;0;156.383;156.383;0;14.928
0;3;76;140.403;0;152.571;152.571;0;12.168
0;3;77;142.068;0;155.263;155.263;0;13.194
0;3;78;172.08;0;188.106;188.106;0;16.027
0;3;79;149.024;0;171.572;171.572;0;22.548
0;3;80;174.248;0;198.205;198.205;0;23.957
0;3;81;151.736;0;189.725;189.725;0;37.989
0;3;82;151.828;0;206.274;206.274;0;54.446
0;3;83;151.627;0;197.908;197.908;0;46.28
0;3;84;143.861;0;193.999;193.999;0;50.138
0;3;85;171.213;0;217.442;217.442;0;46.23
0;3;86;160.756;0;202.204;202.204;0;41.449
0;3;87;174.248;0;210.194;208.896;1.298;35.946
0;3;88;176.418;0;218.573;218.573;0;42.154
0;3;89;176.852;0;237.753;237.753;0;60.9
0;3;90;179.024;0;231.354;231.354;0;52.329
0;3;91;182.502;0;248.076;248.076;0;65.574
0;3;92;153.76;0;217.662;217.662;0;63.903
0;3;93;185.548;0;246.65;246.65;0;61.103
0;3;94;187.289;0;240.624;240.624;0;53.334
0;3;95;187.725;0;230.611;230.611;0;42.886
0;3;96;188.596;0;198.203;198.203;0;9.606
0;3;97;190.34;12.502;218.552;218.552;0;15.711
0;3;98;190.776;70.213;272.489;272.489;0;11.5
0;3;99;192.084;70.213;274.954;274.954;0;12.656
0;3;100;190.34;70.213;272.403;272.403;0;11.85
0;3;101;187.725;70.213;268.184;268.184;0;10.246
0;3;102;185.983;70.213;267.033;267.033;0;10.837
0;3;103;185.112;70.213;286.15;286.15;0;30.825
0;3;104;182.067;70.213;301.069;301.069;0;48.789
0;3;105;180.762;70.213;305.731;305.731;0;54.755
0;3;106;185.112;70.213;320.452;320.452;0;65.127
0;3;107;185.983;70.213;309.502;309.502;0;53.306
0;3;108;187.725;70.213;312.972;312.972;0;55.034
0;3;109;185.983;54.394;289.471;289.471;0;49.094
0;3;110;185.112;49.513;285.267;285.267;0;50.642
0;3;111;183.807;42.264;278.979;278.979;0;52.908
0;3;112;182.937;24.395;275.246;275.246;0;67.914
0;3;113;182.502;22.565;271.242;271.242;0;66.175
0;3;114;182.502;63.789;321.009;321.009;0;74.718
0;3;115;182.067;50.544;304.891;304.891;0;72.281
0;3;116;180.762;55.596;292.786;292.786;0;56.428
0;3;117;180.762;53.637;306.786;306.786;0;72.386
0;3;118;180.328;40.806;276.165;276.165;0;55.032
0;3;119;181.197;70.213;290.229;290.229;0;38.818
0;3;120;181.197;70.213;259.207;259.207;0;7.797
0;3;121;182.067;70.213;267.712;267.712;0;15.431
0;3;122;184.677;70.213;267.026;267.026;0;12.136
0;3;123;187.725;70.213;268.839;268.839;0;10.901
0;3;124;191.212;70.213;271.647;271.647;0;10.221
0;3;125;193.829;70.213;273.951;273.951;0;9.908
0;3;126;193.393;70.213;282.966;282.966;0;19.36
0;3;127;193.829;70.213;315.036;315.036;0;50.993
0;3;128;192.52;70.213;312.044;312.044;0;49.31
0;3;129;190.34;70.213;314.729;314.729;0;54.176
0;3;130;185.983;64.222;302.547;302.547;0;52.342
0;3;131;185.112;70.213;307.487;307.487;0;52.162
0;3;132;184.242;70.213;294.026;294.026;0;39.571
0;3;133;182.067;70.213;285.654;285.654;0;33.374
0;3;134;182.502;70.213;305.762;305.762;0;53.047
0;3;135;183.372;70.213;299.201;299.201;0;45.616
0;3;136;182.502;70.213;310.961;310.961;0;58.246
0;3;137;185.112;70.213;322.367;322.367;0;67.042
0;3;138;185.983;70.213;327.606;327.606;0;71.41
0;3;139;187.289;70.213;342.03;342.03;0;84.527
0;3;140;189.468;70.213;324.697;324.697;0;65.016
0;3;141;190.776;70.213;333.338;333.338;0;72.349
0;3;142;192.084;70.213;333.546;333.546;0;71.248
0;3;143;192.957;70.213;309.083;309.083;0;45.913
0;3;144;190.34;70.213;268.124;268.124;0;7.571
0;3;145;192.52;70.213;274.257;274.257;0;11.523
0;3;146;191.648;70.213;272.077;272.077;0;10.216
0;3;147;193.829;70.213;275.123;275.123;0;11.08
0;3;148;192.957;70.213;273.538;273.538;0;10.368
0;3;149;193.393;70.213;276.601;276.601;0;12.995
0;3;150;192.084;70.213;281.664;281.664;0;19.367
0;3;151;190.34;70.213;296.971;296.971;0;36.418
0;3;152;188.596;70.213;316.07;316.07;0;57.261
0;3;153;181.632;58.927;278.162;278.162;0;37.604
0;3;154;178.59;30.425;245.689;245.689;0;36.675
0;3;155;173.814;0;211.815;211.815;0;38.001
0;3;156;172.513;0;208.121;208.121;0;35.608
0;3;157;171.213;0;215.807;215.807;0;44.595
0;3;158;173.381;0;220.057;220.057;0;46.677
0;3;159;172.513;0;222.106;222.106;0;49.593
0;3;160;171.646;0;221.946;221.946;0;50.3
0;3;161;171.213;0;244.212;244.212;0;72.999
0;3;162;171.213;0;236.277;236.277;0;65.064
0;3;163;171.213;0;248.918;248.918;0;77.706
0;3;164;169.479;0;226.189;226.189;0;56.71
0;3;165;169.912;0;237.38;237.38;0;67.467
0;3;166;170.346;0;236.917;236.917;0;66.572
0;3;167;172.08;0;224.907;224.907;0;52.827
5;0;0;148.229;0;155.746;155.746;0;7.517
5;0;1;177.287;0;188.665;188.665;0;11.379
5;0;2;0;0;9.868;9.868;0;9.868
5;0;3;90.17;0;101.249;101.249;0;11.078
5;0;4;153.219;0;163.156;163.156;0;9.938
5;0;5;153.809;0;165.394;165.394;0;11.585
5;0;6;168.156;0;182.258;182.258;0;14.102
5;0;7;163.951;0;204.156;204.156;0;40.204
5;0;8;135.04;0;182.579;182.579;0;47.539
5;0;9;117.169;0;171.364;171.364;0;54.194
5;0;10;100.756;0;143.718;143.718;0;42.962
5;0;11;89.071;0;134.255;134.255;0;45.184
5;0;12;87.999;0;128.766;128.766;0;40.766
5;0;13;75.377;0;116.591;116.591;0;41.214
5;0;14;147.447;0;198.574;198.574;0;51.127
5;0;15;80.979;0;125.776;70.681;55.095;44.797
5;0;16;153.051;0;190;190;0;36.948
5;0;17;0;0;56.5;56.5;0;56.5
5;0;18;156.936;0;218.166;218.166;0;61.23
5;0;19;27.01;0;92.86;92.86;0;65.85
5;0;20;159.527;0;233.753;233.753;0;74.226
5;0;21;100.258;0;167.809;167.809;0;67.551
5;0;22;109.061;0;167.505;167.505;0;58.444
5;0;23;0;0;36.401;36.401;0;36.401
5;0;24;48.794;0;59.402;59.402;0;10.609
5;0;25;132.822;0;149.536;149.536;0;16.714
5;0;26;139.878;0;150.541;150.541;0;10.663
5;0;27;145.667;0;159.06;159.06;0;13.393
5;0;28;148.932;0;160.919;160.919;0;11.987
5;0;29;182.502;0;195.037;195.037;0;12.536
5;0;30;149.858;0;164.771;164.771;0;14.913
5;0;31;180.683;0;219.764;219.764;0;39.081
5;0;32;163.289;0;215.437;215.437;0;52.147
5;0;33;159.307;0;200.948;200.948;0;41.641
5;0;34;150.684;0;191.711;0;191.711;41.026
5;0;35;143.436;0;186.255;0;186.255;42.819
5;0;36;176.852;0;213.203;65.204;147.999;36.35
5;0;37;100.607;0;136.865;136.865;0;36.258
5;0;38;132.388;0;173.179;0;173.179;40.791
5;0;39;130.107;0;169.731;0;169.731;39.624
5;0;40;120.888;0;170.207;170.207;0;49.319
5;0;41;118.64;0;188.002;188.002;0;69.363
5;0;42;128.701;0;197.335;197.335;0;68.634
5;0;43;132.172;0;194.613;194.613;0;62.441
5;0;44;135.094;0;204.659;204.659;0;69.565
5;0;45;137.847;0;202.818;202.818;0;64.971
5;0;46;126.509;0;184.26;184.26;0;57.751
5;0;47;130.307;0;174.034;174.034;0;43.727
5;0;48;112.078;0;119.546;119.546;0;7.468
5;0;49;110.631;0;126.925;126.925;0;16.295
5;0;50;112.472;0;123.337;123.337;0;10.864
5;0;51;115.939;0;127.063;127.063;0;11.124
5;0;52;116.676;0;126.991;126.991;0;10.315
5;0;53;119.111;0;129.455;129.455;0;10.344
5;0;54;118.387;0;133.831;133.831;0;15.445
5;0;55;145.42;0;182.813;182.813;0;37.393
5;0;56;148.358;0;205.338;205.338;0;56.98
5;0;57;117.651;0;158.458;158.458;0;40.807
5;0;58;109.046;0;143.272;143.272;0;34.227
5;0;59;94.438;0;136.218;136.218;0;41.779
5;0;60;83.479;0;117.676;117.676;0;34.197
5;0;61;76.937;0;109.975;109.975;0;33.038
5;0;62;74.612;0;106.084;106.084;0;31.473
5;0;63;74.572;0;109.436;0;109.436;34.865
5;0;64;65.623;0;109.197;109.197;0;43.574
5;0;65;50.196;0;103.928;103.928;0;53.732
5;0;66;48.378;0;119.682;119.682;0;71.304
5;0;67;150.895;0;219.275;219.275;0;68.38
5;0;68;29.95;0;88.449;88.449;0;58.499
5;0;69;0;0;58.384;58.384;0;58.384
5;0;70;70.026;0;124.736;124.736;0;54.71
5;0;71;65.164;0;109.768;109.768;0;44.604
5;0;72;146.729;0;156.193;156.193;0;9.464
5;0;73;0;0;17.397;17.397;0;17.397
5;0;74;79.521;0;89.608;89.608;0;10.088
5;0;75;80.665;0;93.822;93.822;0;13.156
5;0;76;79.883;0;89.553;89.553;0;9.67
5;0;77;80.988;0;91.986;91.986;0;10.998
5;0;78;81.416;0;95.103;95.103;0;13.687
5;0;79;108;0;127.267;127.267;0;19.268
5;0;80;106.398;0;137.917;137.917;0;31.519
5;0;81;79.585;0;120.485;120.485;0;40.9
5;0;82;75.317;0;115.364;115.364;0;40.048
5;0;83;70.741;0;101.759;101.759;0;31.018
5;0;84;65.391;0;110.584;57.558;53.026;45.193
5;0;85;61.274;0;107.655;107.655;0;46.381
5;0;86;59.298;0;103.627;103.627;0;44.329
5;0;87;66.941;0;105.274;105.274;0;38.333
5;0;88;148.309;0;183.741;183.741;0;35.432
5;0;89;136.637;0;188.755;188.755;0;52.118
5;0;90;0;0;44.815;44.815;0;44.815
5;0;91;146.104;0;203.654;203.654;0;57.549
5;0;92;12.06;0;71.041;71.041;0;58.98
5;0;93;164.716;0;222.677;222.677;0;57.961
5;0;94;0;0;50.693;50.693;0;50.693
5;0;95;169.479;0;212.337;212.337;0;42.858
5;0;96;163.753;0;172.659;172.659;0;8.906
5;0;97;144.465;0;157.147;157.147;0;12.682
5;0;98;152.826;0;163.023;163.023;0;10.196
5;0;99;0;0;12.277;12.277;0;12.277
5;0;100;119.454;0;129.834;129.834;0;10.38
5;0;101;169.023;0;179.503;179.503;0;10.48
5;0;102;182.937;0;197.859;197.859;0;14.922
5;0;103;182.067;0;214.03;214.03;0;31.963
5;0;104;165.663;0;209.841;209.841;0;44.178
5;0;105;160.737;0;215.082;215.082;0;54.345
5;0;106;149.878;0;186.521;186.521;0;36.643
5;0;107;138.599;0;193.872;193.872;0;55.274
5;0;108;141.879;0;186.191;186.191;0;44.311
5;0;109;131.592;0;183.14;183.14;0;51.547
5;0;110;124.934;0;175.988;35.679;140.309;51.054
5;0;111;122.517;0;159.834;159.834;0;37.317
5;0;112;113.686;0;170.495;170.495;0;56.809
5;0;113;106.887;0;162.556;162.556;0;55.669
5;0;114;164.652;0;222.506;222.506;0;57.854
5;0;115;171.213;0;244.367;244.367;0;73.154
5;0;116;171.646;0;241.681;241.681;0;70.035
5;0;117;172.947;0;233.023;233.023;0;60.076
5;0;118;128.954;0;183.273;183.273;0;54.319
5;0;119;137.804;0;186.915;186.915;0;49.111
5;0;120;0;0;7.503;7.503;0;7.503
5;0;121;104.971;0;119.783;119.783;0;14.812
5;0;122;166.225;0;175.34;175.34;0;9.114
5;0;123;165.59;0;176.467;176.467;0;10.877
5;0;124;165.618;0;175.96;175.96;0;10.342
5;0;125;178.74;0;192.681;192.681;0;13.941
5;0;126;185.112;0;201.3;201.3;0;16.188
5;0;127;184.242;0;229.908;229.908;0;45.666
5;0;128;170.538;0;216.517;216.517;0;45.98
5;0;129;170.788;0;208.609;171.048;37.561;37.821
5;0;130;159.59;0;191.403;191.403;0;31.813
5;0;131;143.672;0;193.315;193.315;0;49.643
5;0;132;140.696;0;178.205;178.205;0;37.509
5;0;133;123.247;0;164.602;164.602;0;41.355
5;0;134;167.746;0;202.553;202.553;0;34.807
5;0;135;169.479;0;206.692;177.769;28.923;37.213
5;0;136;171.213;0;221.745;221.745;0;50.533
5;0;137;0;0;62.195;62.195;0;62.195
5;0;138;136.732;0;205.09;205.09;0;68.357
5;0;139;175.55;0;244.926;244.926;0;69.376
5;0;140;175.116;0;236.585;236.585;0;61.469
5;0;141;176.418;0;249.104;249.104;0;72.686
5;0;142;176.418;0;255.921;255.921;0;79.503
5;0;143;111.701;0;156.856;156.856;0;45.156
5;0;144;0;0;7.598;7.598;0;7.598
5;0;145;170.41;0;185.453;185.453;0;15.043
5;0;146;176.471;0;186.93;186.93;0;10.458
5;0;147;189.468;0;200.194;200.194;0;10.727
5;0;148;190.34;0;200.081;200.081;0;9.742
5;0;149;190.776;0;203.34;203.34;0;12.564
5;0;150;188.161;0;201.868;201.868;0;13.707
5;0;151;186.854;0;224.207;224.207;0;37.354
5;0;152;177.136;0;231.356;231.356;0;54.22
5;0;153;175.757;0;221.907;2.425;219.482;46.15
5;0;154;170.58;0;208.538;208.538;0;37.958
5;0;155;158.836;0;195.19;15.824;179.367;36.354
5;0;156;150.091;0;188.385;0;188.385;38.293
5;0;157;130.219;0;161.772;124.41;37.362;31.552
5;0;158;118.992;0;152.146;152.146;0;33.154
5;0;159;110.817;0;155.838;155.838;0;45.021
5;0;160;166.447;0;210.392;178.564;31.828;43.944
5;0;161;66.617;0;115.465;115.465;0;48.848
5;0;162;168.179;0;220.388;220.388;0;52.209
5;0;163;171.646;0;226.253;226.253;0;54.607
5;0;164;172.947;0;235.874;235.874;0;62.927
5;0;165;84.248;0;139.601;139.601;0;55.353
5;0;166;178.59;0;239.668;239.668;0;61.078
5;0;167;74.927;0;112.927;112.927;0;38
5;1;0;0;0;7.529;7.529;0;7.529
5;1;1;0;0;12.166;12.166;0;12.166
5;1;2;0;0;9.759;9.759;0;9.759
5;1;3;0;0;12.531;12.531;0;12.531
5;1;4;0;0;11.731;11.731;0;11.731
5;1;5;0;0;11.157;11.157;0;11.157
5;1;6;0;0;17.907;17.907;0;17.907
5;1;7;0;0;35.569;0;35.569;35.569
5;1;8;0;0;43.38;0;43.38;43.38
5;1;9;0;0;47.579;0;47.579;47.579
5;1;10;0;0;56.187;0;56.187;56.187
5;1;11;0;0;39.313;0;39.313;39.313
5;1;12;0;0;43.482;0;43.482;43.482
5;1;13;0;0;47.751;0;47.751;47.751
5;1;14;0;0;41.271;0;41.271;41.271
5;1;15;31.97;0;71.569;0;71.569;39.599
5;1;16;0;0;43.974;0;43.974;43.974
5;1;17;0;0;47.748;0;47.748;47.748
5;1;18;0;0;65.792;26.064;39.729;65.792
5;1;19;0;0;68.97;68.97;0;68.97
5;1;20;0;0;69.913;69.913;0;69.913
5;1;21;0;0;65.959;65.959;0;65.959
5;1;22;0;0;63.839;63.839;0;63.839
5;1;23;0;0;48.306;48.306;0;48.306
5;1;24;0;0;7.535;7.535;0;7.535
5;1;25;0;0;8.984;8.984;0;8.984
5;1;26;0;0;10.941;10.941;0;10.941
5;1;27;0;0;9.861;9.861;0;9.861
5;1;28;0;0;10.643;10.643;0;10.643
5;1;29;0;0;10.714;10.714;0;10.714
5;1;30;0;0;15.305;15.305;0;15.305
5;1;31;0;0;38.537;0;38.537;38.537
5;1;32;0;0;41.644;0;41.644;41.644
5;1;33;2.834;0;42.308;0;42.308;39.474
5;1;34;3.525;0;40.484;0;40.484;36.96
5;1;35;2.651;0;39.459;0;39.459;36.808
5;1;36;4.429;0;35.947;0;35.947;31.519
5;1;37;2.161;0;38.442;0;38.442;36.281
5;1;38;2.263;0;35.931;0;35.931;33.667
5;1;39;66.891;0;103.245;0;103.245;36.354
5;1;40;0;0;48.577;0;48.577;48.577
5;1;41;0;0;47.922;0;47.922;47.922
5;1;42;0;0;43.446;0;43.446;43.446
5;1;43;0;0;73.201;73.201;0;73.201
5;1;44;0;0;65.368;65.368;0;65.368
5;1;45;0;0;74.74;74.74;0;74.74
5;1;46;0;0;79.871;79.871;0;79.871
5;1;47;0;0;36.799;36.799;0;36.799
5;1;48;0;0;7.558;7.558;0;7.558
5;1;49;0;0;11.075;11.075;0;11.075
5;1;50;0;0;11.445;11.445;0;11.445
5;1;51;0;0;11.457;11.457;0;11.457
5;1;52;0;0;9.816;9.816;0;9.816
5;1;53;0;0;10.751;10.751;0;10.751
5;1;54;0;0;11.091;11.091;0;11.091
5;1;55;0;0;32.752;24.829;7.924;32.752
5;1;56;0;0;41.68;0;41.68;41.68
5;1;57;0;0;38.964;0;38.964;38.964
5;1;58;3.076;0;45.854;0;45.854;42.778
5;1;59;2.608;0;48.543;0;48.543;45.936
5;1;60;2.239;0;43.42;0;43.42;41.182
5;1;61;2.515;0;36.107;0;36.107;33.592
5;1;62;70.401;0;107.433;0;107.433;37.032
5;1;63;0;0;33.717;0;33.717;33.717
5;1;64;0;0;33.06;0;33.06;33.06
5;1;65;0;0;37.919;0;37.919;37.919
5;1;66;0;0;50.193;2.775;47.418;50.193
5;1;67;0;0;60.729;60.729;0;60.729
5;1;68;0;0;79.498;79.498;0;79.498
5;1;69;0;0;71.926;71.926;0;71.926
5;1;70;0;0;54.205;54.205;0;54.205
5;1;71;0;0;47.046;47.046;0;47.046
5;1;72;0;0;7.482;7.482;0;7.482
5;1;73;0;0;11.424;11.424;0;11.424
5;1;74;0;0;10.566;10.566;0;10.566
5;1;75;0;0;10.401;10.401;0;10.401
5;1;76;0;0;11.218;11.218;0;11.218
5;1;77;0;0;14.061;14.061;0;14.061
5;1;78;0;0;14.356;14.356;0;14.356
5;1;79;0;0;16.242;0;16.242;16.242
5;1;80;0;0;36.68;0;36.68;36.68
5;1;81;2.942;0;51.891;0;51.891;48.949
5;1;82;3.166;0;49.031;0;49.031;45.865
5;1;83;3.225;0;44.187;0;44.187;40.961
5;1;84;2.697;0;41.708;0;41.708;39.011
5;1;85;2.576;0;35.113;0;35.113;32.537
5;1;86;2.764;0;43.816;0;43.816;41.052
5;1;87;61.642;0;92.341;0;92.341;30.699
5;1;88;0;0;39.183;0;39.183;39.183
5;1;89;0;0;45.756;0;45.756;45.756
5;1;90;0;0;38.544;0;38.544;38.544
5;1;91;0;0;58.075;58.075;0;58.075
5;1;92;0;0;60.634;60.634;0;60.634
5;1;93;0;0;48.063;48.063;0;48.063
5;1;94;0;0;52.452;52.452;0;52.452
5;1;95;0;0;40.887;40.887;0;40.887
5;1;96;0;0;7.412;7.412;0;7.412
5;1;97;0;0;11.068;11.068;0;11.068
5;1;98;0;0;10.624;10.624;0;10.624
5;1;99;0;0;10.421;10.421;0;10.421
5;1;100;0;0;9.254;9.254;0;9.254
5;1;101;0;0;11.839;11.839;0;11.839
5;1;102;0;0;15.644;15.644;0;15.644
5;1;103;0;0;22.949;0;22.949;22.949
5;1;104;0;0;30.946;0;30.946;30.946
5;1;105;0;0;48.452;0;48.452;48.452
5;1;106;3.781;0;48.754;0;48.754;44.974
5;1;107;3.075;0;51.946;0;51.946;48.871
5;1;108;5.294;0;52.683;0;52.683;47.389
5;1;109;66.456;0;112.573;0;112.573;46.117
5;1;110;0;0;53.292;0;53.292;53.292
5;1;111;0;0;47.278;0;47.278;47.278
5;1;112;0;0;44.574;0;44.574;44.574
5;1;113;0;0;49.378;0;49.378;49.378
5;1;114;0;0;46.632;0;46.632;46.632
5;1;115;0;0;60.103;60.103;0;60.103
5;1;116;0;0;61.515;61.515;0;61.515
5;1;117;0;0;55.863;55.863;0;55.863
5;1;118;0;0;63.102;63.102;0;63.102
5;1;119;0;0;41.108;41.108;0;41.108
5;1;120;0;0;7.619;7.619;0;7.619
5;1;121;0;0;11.147;11.147;0;11.147
5;1;122;0;0;9.85;9.85;0;9.85
5;1;123;0;0;11.929;11.929;0;11.929
5;1;124;0;0;10.074;10.074;0;10.074
5;1;125;0;0;13.56;13.56;0;13.56
5;1;126;0;0;12.101;12.101;0;12.101
5;1;127;0;0;43.804;34.271;9.533;43.804
5;1;128;0;0;41.745;0;41.745;41.745
5;1;129;3.512;0;41.74;0;41.74;38.227
5;1;130;2.974;0;43.365;0;43.365;40.391
5;1;131;2.847;0;35.816;0;35.816;32.969
5;1;132;4.847;0;44.985;0;44.985;40.138
5;1;133;2.423;0;35.225;0;35.225;32.802
5;1;134;2.444;0;39.119;0;39.119;36.674
5;1;135;57.564;0;88.808;0;88.808;31.244
5;1;136;0;0;40.104;0;40.104;40.104
5;1;137;0;0;47.954;0;47.954;47.954
5;1;138;0;0;47.493;0;47.493;47.493
5;1;139;0;0;74.199;74.199;0;74.199
5;1;140;0;0;71.958;71.958;0;71.958
5;1;141;0;0;78.264;78.264;0;78.264
5;1;142;0;0;57.149;57.149;0;57.149
5;1;143;0;0;58.087;58.087;0;58.087
5;1;144;0;0;7.461;7.461;0;7.461
5;1;145;0;0;12.297;12.297;0;12.297
5;1;146;0;0;11.135;11.135;0;11.135
5;1;147;0;0;11.104;11.104;0;11.104
5;1;148;0;0;9.835;9.835;0;9.835
5;1;149;0;0;11.968;11.968;0;11.968
5;1;150;0;0;14.53;14.53;0;14.53
5;1;151;0;0;37.994;1.761;36.233;37.994
5;1;152;0;0;41.161;0;41.161;41.161
5;1;153;2.66;0;48.229;0;48.229;45.568
5;1;154;3.532;0;37.954;0;37.954;34.422
5;1;155;3.074;0;41.641;0;41.641;38.567
5;1;156;4.546;0;46.092;0;46.092;41.546
5;1;157;2.191;0;48.282;0;48.282;46.091
5;1;158;2.347;0;40.761;0;40.761;38.414
5;1;159;94.939;0;136.023;0;136.023;41.084
5;1;160;19.623;0;66.156;0;66.156;46.533
5;1;161;0;0;49.835;0;49.835;49.835
5;1;162;0;0;48.327;0;48.327;48.327
5;1;163;0;0;86.572;86.572;0;86.572
5;1;164;0;0;73.365;73.365;0;73.365
5;1;165;0;0;70.574;70.574;0;70.574
5;1;166;0;0;68.77;68.77;0;68.77
5;1;167;0;0;55.211;55.211;0;55.211
5;2;0;0;0;7.519;7.519;0;7.519
5;2;1;0;0;9.982;9.982;0;9.982
5;2;2;144.863;0;155.287;155.287;0;10.424
5;2;3;0;0;12.89;12.89;0;12.89
5;2;4;40.417;0;51.24;51.24;0;10.823
5;2;5;149.171;0;159.782;159.782;0;10.611
5;2;6;0;0;19.58;19.58;0;19.58
5;2;7;44.379;0;77.237;77.237;0;32.858
5;2;8;0;0;60.949;60.949;0;60.949
5;2;9;68.367;0;115.653;115.653;0;47.286
5;2;10;94.015;0;131.623;0;131.623;37.608
5;2;11;21.285;0;63.229;0;63.229;41.944
5;2;12;83.597;0;122.997;0;122.997;39.4
5;2;13;0;0;38.501;20.101;18.4;38.501
5;2;14;11.128;0;61.766;61.766;0;50.637
5;2;15;63.066;0;102.149;102.149;0;39.083
5;2;16;139.7;0;190.996;190.996;0;51.296
5;2;17;25.378;0;89.386;89.386;0;64.008
5;2;18;0;0;56.416;56.416;0;56.416
5;2;19;92.845;0;161.693;161.693;0;68.848
5;2;20;54.874;0;120.389;120.389;0;65.515
5;2;21;0;0;61.892;61.892;0;61.892
5;2;22;118.091;0;181.735;181.735;0;63.644
5;2;23;64.863;0;102.761;102.761;0;37.898
5;2;24;0;0;7.566;7.566;0;7.566
5;2;25;0;0;11.725;11.725;0;11.725
5;2;26;164.283;0;174.872;174.872;0;10.588
5;2;27;0;0;10.748;10.748;0;10.748
5;2;28;166.014;0;177.378;177.378;0;11.364
5;2;29;34.388;0;46.02;46.02;0;11.632
5;2;30;117.753;0;134.416;134.416;0;16.663
5;2;31;119.596;0;159.159;159.159;0;39.564
5;2;32;112.444;0;170.772;170.772;0;58.328
5;2;33;106.443;0;147.088;147.088;0;40.645
5;2;34;112.076;0;150.045;0;150.045;37.968
5;2;35;56.176;0;97.02;0;97.02;40.843
5;2;36;60.872;0;98.03;0;98.03;37.158
5;2;37;41.046;0;81.487;0;81.487;40.44
5;2;38;71.724;0;112.408;0;112.408;40.684
5;2;39;129.821;0;162.4;0;162.4;32.579
5;2;40;18.352;0;75.306;52.789;22.516;56.954
5;2;41;21.577;0;77.834;77.834;0;56.257
5;2;42;31.954;0;98.577;98.577;0;66.623
5;2;43;36.559;0;98.459;98.459;0;61.901
5;2;44;43.253;0;105.603;105.603;0;62.35
5;2;45;46.619;0;107.276;107.276;0;60.656
5;2;46;0;0;56.144;56.144;0;56.144
5;2;47;3.293;0;46.958;46.958;0;43.666
5;2;48;0;0;7.554;7.554;0;7.554
5;2;49;0;0;9.184;9.184;0;9.184
5;2;50;42.814;0;53.778;53.778;0;10.964
5;2;51;45.476;0;55.247;55.247;0;9.772
5;2;52;46.167;0;56.006;56.006;0;9.839
5;2;53;47.912;0;58.049;58.049;0;10.138
5;2;54;44.616;0;57.323;57.323;0;12.707
5;2;55;58.317;0;93.745;93.745;0;35.428
5;2;56;58.876;0;110.505;110.505;0;51.629
5;2;57;40.053;0;83.516;83.516;0;43.464
5;2;58;36.714;0;79.269;79.269;0;42.555
5;2;59;32.157;0;69.206;69.206;0;37.049
5;2;60;26.947;0;62.15;62.15;0;35.203
5;2;61;23.362;0;50.423;50.423;0;27.061
5;2;62;18.618;0;57.733;57.733;0;39.115
5;2;63;22.84;0;52.253;52.253;0;29.413
5;2;64;46.608;0;83.737;83.737;0;37.13
5;2;65;131.967;0;194.982;194.982;0;63.015
5;2;66;0;0;64.171;64.171;0;64.171
5;2;67;27.024;0;86.383;86.383;0;59.359
5;2;68;0;0;85.975;85.975;0;85.975
5;2;69;0;0;69.631;69.631;0;69.631
5;2;70;0;0;62.278;62.278;0;62.278
5;2;71;0;0;33.443;33.443;0;33.443
5;2;72;0;0;10.713;10.713;0;10.713
5;2;73;36.499;0;52.245;52.245;0;15.746
5;2;74;38.632;0;50.268;50.268;0;11.636
5;2;75;39.921;0;54.631;54.631;0;14.711
5;2;76;41.42;0;53.431;53.431;0;12.011
5;2;77;43.249;0;54.015;54.015;0;10.766
5;2;78;44.605;0;56.246;56.246;0;11.641
5;2;79;66.065;0;87.01;87.01;0;20.945
5;2;80;66.9;0;102.39;102.39;0;35.49
5;2;81;48.077;0;92.8;92.8;0;44.722
5;2;82;45.669;0;80.225;80.225;0;34.556
5;2;83;33.815;0;68.532;0;68.532;34.717
5;2;84;24.757;0;65.745;0;65.745;40.988
5;2;85;20.242;0;62.171;62.171;0;41.93
5;2;86;133.684;0;178.705;178.705;0;45.02
5;2;87;54.467;0;94.604;94.604;0;40.136
5;2;88;0;0;42.167;42.167;0;42.167
5;2;89;0;0;57.259;57.259;0;57.259
5;2;90;0;0;66.474;66.474;0;66.474
5;2;91;0;0;67.656;67.656;0;67.656
5;2;92;141.421;0;205.844;205.844;0;64.423
5;2;93;39.206;0;96.22;96.22;0;57.014
5;2;94;0;0;60.145;60.145;0;60.145
5;2;95;62.512;0;109.99;109.99;0;47.478
5;2;96;0;0;7.501;7.501;0;7.501
5;2;97;0;0;15.296;15.296;0;15.296
5;2;98;76.211;0;88.847;88.847;0;12.636
5;2;99;151.757;0;162.308;162.308;0;10.551
5;2;100;91.521;0;103.148;103.148;0;11.627
5;2;101;0;0;12.258;12.258;0;12.258
5;2;102;98.628;0;112.236;112.236;0;13.607
5;2;103;99.602;0;125.694;125.694;0;26.092
5;2;104;88.05;0;141.604;141.604;0;53.555
5;2;105;82.275;0;132.87;132.87;0;50.594
5;2;106;74.969;0;119.554;119.554;0;44.584
5;2;107;66.053;0;124.196;124.196;0;58.143
5;2;108;66.439;0;118.872;118.872;0;52.433
5;2;109;111.017;0;162.018;162.018;0;51.001
5;2;110;0;0;40.867;40.867;0;40.867
5;2;111;56.614;0;102.199;102.199;0;45.585
5;2;112;56.13;0;122.456;122.456;0;66.327
5;2;113;57.637;0;112.864;112.864;0;55.227
5;2;114;67.157;0;131.661;131.661;0;64.504
5;2;115;69.938;0;136.492;136.492;0;66.554
5;2;116;71.677;0;144.898;144.898;0;73.221
5;2;117;73.661;0;130.841;130.841;0;57.18
5;2;118;66.522;0;125.653;125.653;0;59.132
5;2;119;153.914;0;194.362;194.362;0;40.448
5;2;120;0;0;7.595;7.595;0;7.595
5;2;121;157.367;0;175.526;175.526;0;18.158
5;2;122;3.262;0;13.192;13.192;0;9.93
5;2;123;88.438;0;97.773;97.773;0;9.335
5;2;124;89.953;0;100.92;100.92;0;10.967
5;2;125;91.568;0;101.774;101.774;0;10.207
5;2;126;103.8;0;118.702;118.702;0;14.902
5;2;127;98.829;0;141.191;141.191;0;42.363
5;2;128;86.803;0;156.966;156.966;0;70.163
5;2;129;85.051;0;127.912;127.912;0;42.861
5;2;130;80.638;0;123.894;123.894;0;43.256
5;2;131;69.622;0;108.572;108.572;0;38.949
5;2;132;64.294;0;102.601;102.601;0;38.307
5;2;133;52.895;0;94.998;94.998;0;42.104
5;2;134;142.711;0;176.218;176.218;0;33.506
5;2;135;110.749;0;154.649;154.649;0;43.9
5;2;136;0;0;54.745;54.745;0;54.745
5;2;137;0;0;59.686;59.686;0;59.686
5;2;138;0;0;63.869;63.869;0;63.869
5;2;139;150.464;0;230.552;230.552;0;80.088
5;2;140;40.158;0;110.092;110.092;0;69.934
5;2;141;0;0;76.027;76.027;0;76.027
5;2;142;136.095;0;204.2;204.2;0;68.105
5;2;143;0;0;47.912;47.912;0;47.912
5;2;144;77.431;0;85.079;85.079;0;7.647
5;2;145;79.499;0;93.171;93.171;0;13.672
5;2;146;83.102;0;94.967;94.967;0;11.865
5;2;147;84.185;0;96.159;96.159;0;11.974
5;2;148;86.393;0;98.3;98.3;0;11.906
5;2;149;87.143;0;96.71;96.71;0;9.567
5;2;150;101.331;0;113.893;113.893;0;12.561
5;2;151;100.528;0;142.132;142.132;0;41.604
5;2;152;88.556;0;130.345;130.345;0;41.789
5;2;153;83.801;0;126.287;126.287;0;42.487
5;2;154;78.728;0;133.053;133.053;0;54.325
5;2;155;75.026;0;108.603;108.603;0;33.577
5;2;156;69.506;0;103.97;103.97;0;34.464
5;2;157;54.593;0;110.142;110.142;0;55.549
5;2;158;48.122;0;89.939;89.939;0;41.817
5;2;159;44.995;0;78.943;78.943;0;33.948
5;2;160;42.052;0;93.989;93.989;0;51.937
5;2;161;42.438;0;99.633;99.633;0;57.195
5;2;162;52.815;0;111.416;111.416;0;58.601
5;2;163;55.568;0;116.497;116.497;0;60.929
5;2;164;54.474;0;116.431;116.431;0;61.957
5;2;165;56.863;0;115.952;115.952;0;59.089
5;2;166;62.544;0;134.994;134.994;0;72.45
5;2;167;144.863;0;202.979;202.979;0;58.116
5;3;0;42.035;0;49.614;49.614;0;7.579
5;3;1;188.596;0;199.809;199.809;0;11.212
5;3;2;187.289;0;198.015;198.015;0;10.726
5;3;3;187.725;0;198.657;198.657;0;10.932
5;3;4;188.161;0;198.993;198.993;0;10.832
5;3;5;191.212;0;201.656;201.656;0;10.444
5;3;6;191.212;0;206.799;206.799;0;15.587
5;3;7;190.776;0;235.315;235.315;0;44.539
5;3;8;189.468;0;252.656;252.656;0;63.188
5;3;9;187.144;0;231.577;231.577;0;44.433
5;3;10;178.601;0;223.026;223.026;0;44.425
5;3;11;170.048;0;203.171;203.171;0;33.123
5;3;12;166.573;0;201.468;201.468;0;34.894
5;3;13;151.083;0;185.594;0;185.594;34.511
5;3;14;169.912;0;207.414;0;207.414;37.502
5;3;15;169.046;0;200.307;78.232;122.075;31.261
5;3;16;171.213;0;224.821;224.821;0;53.609
5;3;17;147.283;0;210.575;210.575;0;63.292
5;3;18;176.418;0;234.937;234.937;0;58.519
5;3;19;0;0;72.949;72.949;0;72.949
5;3;20;103.328;0;168.083;168.083;0;64.755
5;3;21;159.098;0;234.46;234.46;0;75.362
5;3;22;185.112;0;251.48;251.48;0;66.368
5;3;23;186.854;0;242.885;242.885;0;56.032
5;3;24;188.596;0;196.199;196.199;0;7.603
5;3;25;136.386;0;151.647;151.647;0;15.261
5;3;26;191.212;0;203.001;203.001;0;11.789
5;3;27;191.212;0;201.242;201.242;0;10.03
5;3;28;192.084;0;203.604;203.604;0;11.52
5;3;29;192.52;0;205.407;205.407;0;12.886
5;3;30;192.084;0;204.521;204.521;0;12.437
5;3;31;193.829;0;234.647;234.647;0;40.818
5;3;32;191.648;0;244.599;244.599;0;52.951
5;3;33;189.468;0;237.94;237.94;0;48.473
5;3;34;182.543;0;225.142;225.142;0;42.6
5;3;35;172.581;0;203.706;116.189;87.517;31.125
5;3;36;170.489;0;211.061;211.061;0;40.573
5;3;37;162.835;0;201.695;146.432;55.263;38.86
5;3;38;161.778;0;212.449;212.449;0;50.671
5;3;39;165.331;0;214.017;214.017;0;48.686
5;3;40;162.332;0;226.886;226.886;0;64.554
5;3;41;165.821;0;232.487;232.487;0;66.666
5;3;42;178.493;0;245.483;245.483;0;66.99
5;3;43;178.401;0;246.417;246.417;0;68.016
5;3;44;176.129;0;248.773;248.773;0;72.645
5;3;45;175.158;0;231.541;231.541;0;56.383
5;3;46;161.202;0;223.458;223.458;0;62.256
5;3;47;159.129;0;188.738;188.738;0;29.609
5;3;48;128.841;0;136.433;136.433;0;7.592
5;3;49;122.09;0;131.463;131.463;0;9.373
5;3;50;117.248;0;128.41;128.41;0;11.162
5;3;51;113.86;0;125.198;125.198;0;11.337
5;3;52;113.325;0;125.26;125.26;0;11.935
5;3;53;113.887;0;124.633;124.633;0;10.746
5;3;54;113.164;0;128.743;128.743;0;15.579
5;3;55;139.84;0;176.151;176.151;0;36.311
5;3;56;140.437;0;201.723;201.723;0;61.286
5;3;57;120.958;0;157.324;157.324;0;36.367
5;3;58;123.079;0;163.677;163.677;0;40.598
5;3;59;119.608;0;157.637;157.637;0;38.029
5;3;60;112.985;0;146.072;146.072;0;33.088
5;3;61;104.637;0;148.693;0;148.693;44.055
5;3;62;99.324;0;134.064;134.064;0;34.741
5;3;63;106.824;0;143.866;143.866;0;37.042
5;3;64;102.925;0;159.072;159.072;0;56.147
5;3;65;164.283;0;217.381;217.381;0;53.098
5;3;66;165.582;0;229.357;229.357;0;63.775
5;3;67;151.373;0;210.594;210.594;0;59.221
5;3;68;113.718;0;174.379;174.379;0;60.661
5;3;69;0;0;79.863;79.863;0;79.863
5;3;70;43.442;0;99.982;99.982;0;56.541
5;3;71;114.947;0;159.703;159.703;0;44.756
5;3;72;118.822;0;128.249;128.249;0;9.427
5;3;73;119.54;0;135.515;135.515;0;15.975
5;3;74;122.302;0;132.435;132.435;0;10.133
5;3;75;126.528;0;141.456;141.456;0;14.928
5;3;76;125.587;0;137.755;137.755;0;12.168
5;3;77;127.076;0;140.271;140.271;0;13.194
5;3;78;172.08;0;188.106;188.106;0;16.027
5;3;79;109.817;0;132.366;132.366;0;22.548
5;3;80;161.084;0;185.041;185.041;0;23.957
5;3;81;135.723;0;173.713;173.713;0;37.989
5;3;82;135.806;0;190.252;190.252;0;54.446
5;3;83;135.627;0;181.907;181.907;0;46.28
5;3;84;128.679;0;178.817;178.817;0;50.138
5;3;85;171.213;0;217.442;217.442;0;46.23
5;3;86;76.465;0;117.914;0;117.914;41.449
5;3;87;174.248;0;210.194;210.194;0;35.946
5;3;88;176.418;0;218.573;218.573;0;42.154
5;3;89;176.852;0;237.753;237.753;0;60.9
5;3;90;179.024;0;231.354;231.354;0;52.329
5;3;91;158.888;0;224.463;224.463;0;65.574
5;3;92;59.578;0;123.48;123.48;0;63.903
5;3;93;185.548;0;246.65;246.65;0;61.103
5;3;94;187.289;0;240.624;240.624;0;53.334
5;3;95;187.725;0;230.611;230.611;0;42.886
5;3;96;188.596;0;198.203;198.203;0;9.606
5;3;97;190.34;0;206.05;206.05;0;15.711
5;3;98;190.776;0;202.276;202.276;0;11.5
5;3;99;192.084;0;204.741;204.741;0;12.656
5;3;100;190.34;0;202.19;202.19;0;11.85
5;3;101;187.725;0;197.97;197.97;0;10.246
5;3;102;185.983;0;196.819;196.819;0;10.837
5;3;103;185.112;0;215.937;215.937;0;30.825
5;3;104;182.067;0;230.855;230.855;0;48.789
5;3;105;180.762;0;235.518;235.518;0;54.755
5;3;106;185.112;0;250.239;250.239;0;65.127
5;3;107;185.983;0;239.289;239.289;0;53.306
5;3;108;187.725;0;242.759;242.759;0;55.034
5;3;109;185.983;0;235.076;235.076;0;49.094
5;3;110;185.112;0;235.754;235.754;0;50.642
5;3;111;183.807;0;236.715;236.715;0;52.908
5;3;112;182.937;0;250.851;250.851;0;67.914
5;3;113;182.502;0;248.677;248.677;0;66.175
5;3;114;182.502;0;257.22;257.22;0;74.718
5;3;115;182.067;0;254.347;254.347;0;72.281
5;3;116;180.762;0;237.19;237.19;0;56.428
5;3;117;180.762;0;253.149;253.149;0;72.386
5;3;118;180.328;0;235.359;235.359;0;55.032
5;3;119;181.197;0;220.015;220.015;0;38.818
5;3;120;181.197;0;188.994;188.994;0;7.797
5;3;121;182.067;0;197.498;197.498;0;15.431
5;3;122;184.677;0;196.813;196.813;0;12.136
5;3;123;187.725;0;198.625;198.625;0;10.901
5;3;124;191.212;0;201.433;201.433;0;10.221
5;3;125;193.829;0;203.737;203.737;0;9.908
5;3;126;193.393;0;212.753;212.753;0;19.36
5;3;127;193.829;0;244.822;244.822;0;50.993
5;3;128;192.52;0;241.831;241.831;0;49.31
5;3;129;190.34;0;244.516;244.516;0;54.176
5;3;130;185.983;0;238.325;238.325;0;52.342
5;3;131;185.112;0;237.274;237.274;0;52.162
5;3;132;184.242;0;223.813;223.813;0;39.571
5;3;133;182.067;0;215.441;215.441;0;33.374
5;3;134;182.502;0;235.549;235.549;0;53.047
5;3;135;183.372;0;228.987;228.987;0;45.616
5;3;136;182.502;0;240.748;240.748;0;58.246
5;3;137;185.112;0;252.154;252.154;0;67.042
5;3;138;185.983;0;257.393;257.393;0;71.41
5;3;139;187.289;0;271.817;271.817;0;84.527
5;3;140;189.468;0;254.484;254.484;0;65.016
5;3;141;190.776;0;263.124;263.124;0;72.349
5;3;142;192.084;0;263.332;263.332;0;71.248
5;3;143;192.957;0;238.869;238.869;0;45.913
5;3;144;190.34;0;197.91;197.91;0;7.571
5;3;145;192.52;0;204.043;204.043;0;11.523
5;3;146;191.648;0;201.864;201.864;0;10.216
5;3;147;193.829;0;204.91;204.91;0;11.08
5;3;148;192.957;0;203.324;203.324;0;10.368
5;3;149;193.393;0;206.388;206.388;0;12.995
5;3;150;192.084;0;211.451;211.451;0;19.367
5;3;151;190.34;0;226.757;226.757;0;36.418
5;3;152;188.596;0;245.857;245.857;0;57.261
5;3;153;179.981;0;217.585;217.585;0;37.604
5;3;154;168.636;0;205.311;205.311;0;36.675
5;3;155;154.625;0;192.626;192.626;0;38.001
5;3;156;154.628;0;190.236;190.236;0;35.608
5;3;157;171.213;0;215.807;215.807;0;44.595
5;3;158;111.104;0;157.781;157.781;0;46.677
5;3;159;139.744;0;189.337;189.337;0;49.593
5;3;160;135.826;0;186.125;186.125;0;50.3
5;3;161;133.522;0;206.521;206.521;0;72.999
5;3;162;141.6;0;206.664;206.664;0;65.064
5;3;163;144.308;0;222.013;222.013;0;77.706
5;3;164;158.049;0;214.758;214.758;0;56.71
5;3;165;169.912;0;237.38;237.38;0;67.467
5;3;166;170.346;0;236.917;236.917;0;66.572
5;3;167;172.08;0;224.907;224.907;0;52.827
10;0;0;139.979;0;147.495;147.495;0;7.517
10;0;1;177.287;0;188.665;188.665;0;11.379
10;0;2;0;0;9.868;9.868;0;9.868
10;0;3;65.312;0;76.39;76.39;0;11.078
10;0;4;140.132;0;150.069;150.069;0;9.938
10;0;5;140.672;0;152.257;152.257;0;11.585
10;0;6;153.793;0;167.895;167.895;0;14.102
10;0;7;149.948;0;190.152;190.152;0;40.204
10;0;8;123.506;0;171.045;171.045;0;47.539
10;0;9;107.161;0;161.356;161.356;0;54.194
10;0;10;92.15;0;135.112;0;135.112;42.962
10;0;11;81.463;0;126.647;126.647;0;45.184
10;0;12;80.483;0;121.249;24.218;97.031;40.766
10;0;13;68.939;0;110.153;110.153;0;41.214
10;0;14;147.447;0;198.574;198.574;0;51.127
10;0;15;62.875;0;107.673;107.673;0;44.797
10;0;16;153.051;0;190;190;0;36.948
10;0;17;0;0;56.5;56.5;0;56.5
10;0;18;147.516;0;208.746;208.746;0;61.23
10;0;19;7.633;0;73.483;73.483;0;65.85
10;0;20;159.527;0;233.753;233.753;0;74.226
10;0;21;91.854;0;159.405;159.405;0;67.551
10;0;22;99.914;0;158.358;158.358;0;58.444
10;0;23;0;0;36.401;36.401;0;36.401
10;0;24;27.755;0;38.364;38.364;0;10.609
10;0;25;121.477;0;138.191;138.191;0;16.714
10;0;26;127.93;0;138.594;138.594;0;10.663
10;0;27;133.225;0;146.618;146.618;0;13.393
10;0;28;136.211;0;148.198;148.198;0;11.987
10;0;29;182.502;0;195.037;195.037;0;12.536
10;0;30;121.368;0;136.281;136.281;0;14.913
10;0;31;165.25;0;204.331;204.331;0;39.081
10;0;32;149.342;0;201.489;201.489;0;52.147
10;0;33;145.7;0;187.341;187.341;0;41.641
10;0;34;137.814;0;178.84;178.84;0;41.026
10;0;35;131.184;0;174.003;0;174.003;42.819
10;0;36;176.852;0;213.203;57.209;155.994;36.35
10;0;37;76.876;0;113.134;0;113.134;36.258
10;0;38;121.081;0;161.871;142.282;19.589;40.791
10;0;39;118.994;0;158.618;0;158.618;39.624
10;0;40;110.563;0;159.881;159.881;0;49.319
10;0;41;108.506;0;177.869;177.869;0;69.363
10;0;42;117.708;0;186.342;186.342;0;68.634
10;0;43;120.883;0;183.323;183.323;0;62.441
10;0;44;123.555;0;193.12;193.12;0;69.565
10;0;45;126.073;0;191.044;191.044;0;64.971
10;0;46;115.703;0;173.455;173.455;0;57.751
10;0;47;119.177;0;162.904;162.904;0;43.727
10;0;48;102.505;0;109.973;109.973;0;7.468
10;0;49;101.181;0;117.476;117.476;0;16.295
10;0;50;102.866;0;113.73;113.73;0;10.864
10;0;51;106.036;0;117.16;117.16;0;11.124
10;0;52;106.71;0;117.025;117.025;0;10.315
10;0;53;108.937;0;119.281;119.281;0;10.344
10;0;54;108.275;0;123.72;123.72;0;15.445
10;0;55;132.999;0;170.392;170.392;0;37.393
10;0;56;135.686;0;192.667;192.667;0;56.98
10;0;57;107.602;0;148.409;148.409;0;40.807
10;0;58;99.732;0;133.958;133.958;0;34.227
10;0;59;86.372;0;128.151;0;128.151;41.779
10;0;60;76.349;0;110.546;105.842;4.704;34.197
10;0;61;70.366;0;103.404;103.404;0;33.038
10;0;62;68.239;0;99.712;99.712;0;31.473
10;0;63;68.202;0;103.067;0;103.067;34.865
10;0;64;60.018;0;103.592;0;103.592;43.574
10;0;65;45.908;0;99.64;99.64;0;53.732
10;0;66;44.246;0;115.55;115.55;0;71.304
10;0;67;150.895;0;219.275;219.275;0;68.38
10;0;68;14.45;0;72.949;72.949;0;58.499
10;0;69;0;0;58.384;58.384;0;58.384
10;0;70;64.044;0;118.755;118.755;0;54.71
10;0;71;59.598;0;104.202;104.202;0;44.604
10;0;72;134.196;0;143.661;143.661;0;9.464
10;0;73;0;0;17.397;17.397;0;17.397
10;0;74;72.729;0;82.816;82.816;0;10.088
10;0;75;73.775;0;86.932;86.932;0;13.156
10;0;76;73.06;0;82.73;82.73;0;9.67
10;0;77;74.07;0;85.068;85.068;0;10.998
10;0;78;74.462;0;88.149;88.149;0;13.687
10;0;79;98.775;0;118.043;118.043;0;19.268
10;0;80;97.31;0;128.829;128.829;0;31.519
10;0;81;72.788;0;113.687;113.687;0;40.9
10;0;82;68.884;0;108.931;108.931;0;40.048
10;0;83;64.699;0;95.717;95.717;0;31.018
10;0;84;59.806;0;104.998;40.43;64.568;45.193
10;0;85;56.041;0;102.421;89.572;12.849;46.381
10;0;86;54.233;0;98.562;98.562;0;44.329
10;0;87;61.223;0;99.557;99.557;0;38.333
10;0;88;148.309;0;183.741;183.741;0;35.432
10;0;89;126.705;0;178.823;178.823;0;52.118
10;0;90;0;0;44.815;44.815;0;44.815
10;0;91;131.183;0;188.732;188.732;0;57.549
10;0;92;0;0;58.98;58.98;0;58.98
10;0;93;164.716;0;222.677;222.677;0;57.961
10;0;94;0;0;50.693;50.693;0;50.693
10;0;95;169.479;0;212.337;212.337;0;42.858
10;0;96;135.706;0;144.613;144.613;0;8.906
10;0;97;132.294;0;144.976;144.976;0;12.682
10;0;98;139.944;0;150.141;150.141;0;10.196
10;0;99;0;0;12.277;12.277;0;12.277
10;0;100;92.094;0;102.474;102.474;0;10.38
10;0;101;153.151;0;163.631;163.631;0;10.48
10;0;102;166.656;0;181.578;181.578;0;14.922
10;0;103;168.558;0;200.521;200.521;0;31.963
10;0;104;151.513;0;195.691;195.691;0;44.178
10;0;105;147.008;0;201.352;201.352;0;54.345
10;0;106;137.076;0;173.719;173.719;0;36.643
10;0;107;126.76;0;182.034;182.034;0;55.274
10;0;108;129.761;0;174.072;174.072;0;44.311
10;0;109;120.353;0;171.9;171.9;0;51.547
10;0;110;114.263;0;165.317;165.317;0;51.054
10;0;111;112.053;0;149.369;149.369;0;37.317
10;0;112;103.976;0;160.785;160.785;0;56.809
10;0;113;97.758;0;153.427;153.427;0;55.669
10;0;114;122.861;0;180.715;180.715;0;57.854
10;0;115;171.213;0;244.367;244.367;0;73.154
10;0;116;171.646;0;241.681;241.681;0;70.035
10;0;117;172.947;0;233.023;233.023;0;60.076
10;0;118;118.111;0;172.43;172.43;0;54.319
10;0;119;126.208;0;175.319;175.319;0;49.111
10;0;120;0;0;7.503;7.503;0;7.503
10;0;121;78.479;0;93.291;93.291;0;14.812
10;0;122;152.027;0;161.142;161.142;0;9.114
10;0;123;151.447;0;162.323;162.323;0;10.877
10;0;124;151.472;0;161.814;161.814;0;10.342
10;0;125;156.599;0;170.541;170.541;0;13.941
10;0;126;173.757;0;189.944;189.944;0;16.188
10;0;127;170.774;0;216.44;216.44;0;45.666
10;0;128;155.971;0;201.951;201.951;0;45.98
10;0;129;156.2;0;194.021;132.717;61.304;37.821
10;0;130;145.959;0;177.772;142.561;35.211;31.813
10;0;131;131.4;0;181.043;181.043;0;49.643
10;0;132;128.679;0;166.188;166.188;0;37.509
10;0;133;112.72;0;154.076;154.076;0;41.355
10;0;134;167.746;0;202.553;202.553;0;34.807
10;0;135;169.479;0;206.692;177.769;28.923;37.213
10;0;136;171.213;0;221.745;221.745;0;50.533
10;0;137;0;0;62.195;62.195;0;62.195
10;0;138;42.524;0;110.882;110.882;0;68.357
10;0;139;170.748;0;240.123;240.123;0;69.376
10;0;140;175.116;0;236.585;236.585;0;61.469
10;0;141;176.418;0;249.104;249.104;0;72.686
10;0;142;176.418;0;255.921;255.921;0;79.503
10;0;143;84.415;0;129.571;129.571;0;45.156
10;0;144;0;0;7.598;7.598;0;7.598
10;0;145;155.854;0;170.897;170.897;0;15.043
10;0;146;160.59;0;171.048;171.048;0;10.458
10;0;147;162.767;0;173.494;173.494;0;10.727
10;0;148;167.175;0;176.916;176.916;0;9.742
10;0;149;170.526;0;183.09;183.09;0;12.564
10;0;150;182.944;0;196.651;196.651;0;13.707
10;0;151;181.318;0;218.672;218.672;0;37.354
10;0;152;162.006;0;216.226;216.226;0;54.22
10;0;153;160.745;0;206.895;0;206.895;46.15
10;0;154;156.01;0;193.968;0;193.968;37.958
10;0;155;145.269;0;181.624;0;181.624;36.354
10;0;156;137.272;0;175.565;0;175.565;38.293
10;0;157;119.097;0;150.649;150.649;0;31.552
10;0;158;108.829;0;141.982;141.982;0;33.154
10;0;159;101.352;0;146.372;146.372;0;45.021
10;0;160;166.447;0;210.392;210.392;0;43.944
10;0;161;19.294;0;68.141;68.141;0;48.848
10;0;162;168.179;0;220.388;220.388;0;52.209
10;0;163;171.646;0;226.253;226.253;0;54.607
10;0;164;172.947;0;235.874;235.874;0;62.927
10;0;165;62.136;0;117.489;117.489;0;55.353
10;0;166;178.59;0;239.668;239.668;0;61.078
10;0;167;48.714;0;86.714;86.714;0;38
10;1;0;0;0;7.529;7.529;0;7.529
10;1;1;0;0;12.166;12.166;0;12.166
10;1;2;0;0;9.759;9.759;0;9.759
10;1;3;0;0;12.531;12.531;0;12.531
10;1;4;0;0;11.731;11.731;0;11.731
10;1;5;0;0;11.157;11.157;0;11.157
10;1;6;0;0;17.907;17.907;0;17.907
10;1;7;0;0;35.569;0;35.569;35.569
10;1;8;0;0;43.38;0;43.38;43.38
10;1;9;0;0;47.579;0;47.579;47.579
10;1;10;0;0;56.187;0;56.187;56.187
10;1;11;0;0;39.313;0;39.313;39.313
10;1;12;0;0;43.482;0;43.482;43.482
10;1;13;0;0;47.751;0;47.751;47.751
10;1;14;0;0;41.271;0;41.271;41.271
10;1;15;30.648;0;70.247;0;70.247;39.599
10;1;16;0;0;43.974;0;43.974;43.974
10;1;17;0;0;47.748;0;47.748;47.748
10;1;18;0;0;65.792;26.064;39.729;65.792
10;1;19;0;0;68.97;68.97;0;68.97
10;1;20;0;0;69.913;69.913;0;69.913
10;1;21;0;0;65.959;65.959;0;65.959
10;1;22;0;0;63.839;63.839;0;63.839
10;1;23;0;0;48.306;48.306;0;48.306
10;1;24;0;0;7.535;7.535;0;7.535
10;1;25;0;0;8.984;8.984;0;8.984
10;1;26;0;0;10.941;10.941;0;10.941
10;1;27;0;0;9.861;9.861;0;9.861
10;1;28;0;0;10.643;10.643;0;10.643
10;1;29;0;0;10.714;10.714;0;10.714
10;1;30;0;0;15.305;15.305;0;15.305
10;1;31;0;0;38.537;0;38.537;38.537
10;1;32;0;0;41.644;0;41.644;41.644
10;1;33;2.592;0;42.066;0;42.066;39.474
10;1;34;3.224;0;40.183;0;40.183;36.96
10;1;35;2.424;0;39.233;0;39.233;36.808
10;1;36;4.05;0;35.569;0;35.569;31.519
10;1;37;1.977;0;38.258;0;38.258;36.281
10;1;38;2.07;0;35.737;0;35.737;33.667
10;1;39;61.177;0;97.532;0;97.532;36.354
10;1;40;0;0;48.577;0;48.577;48.577
10;1;41;0;0;47.922;0;47.922;47.922
10;1;42;0;0;43.446;0;43.446;43.446
10;1;43;0;0;73.201;73.201;0;73.201
10;1;44;0;0;65.368;65.368;0;65.368
10;1;45;0;0;74.74;74.74;0;74.74
10;1;46;0;0;79.871;79.871;0;79.871
10;1;47;0;0;36.799;36.799;0;36.799
10;1;48;0;0;7.558;7.558;0;7.558
10;1;49;0;0;11.075;11.075;0;11.075
10;1;50;0;0;11.445;11.445;0;11.445
10;1;51;0;0;11.457;11.457;0;11.457
10;1;52;0;0;9.816;9.816;0;9.816
10;1;53;0;0;10.751;10.751;0;10.751
10;1;54;0;0;11.091;11.091;0;11.091
10;1;55;0;0;32.752;24.829;7.924;32.752
10;1;56;0;0;41.68;0;41.68;41.68
10;1;57;0;0;38.964;0;38.964;38.964
10;1;58;2.813;0;45.591;0;45.591;42.778
10;1;59;2.385;0;48.321;0;48.321;45.936
10;1;60;2.047;0;43.229;0;43.229;41.182
10;1;61;2.3;0;35.892;0;35.892;33.592
10;1;62;64.388;0;101.42;0;101.42;37.032
10;1;63;0;0;33.717;0;33.717;33.717
10;1;64;0;0;33.06;0;33.06;33.06
10;1;65;0;0;37.919;0;37.919;37.919
10;1;66;0;0;50.193;2.775;47.418;50.193
10;1;67;0;0;60.729;60.729;0;60.729
10;1;68;0;0;79.498;79.498;0;79.498
10;1;69;0;0;71.926;71.926;0;71.926
10;1;70;0;0;54.205;54.205;0;54.205
10;1;71;0;0;47.046;47.046;0;47.046
10;1;72;0;0;7.482;7.482;0;7.482
10;1;73;0;0;11.424;11.424;0;11.424
10;1;74;0;0;10.566;10.566;0;10.566
10;1;75;0;0;10.401;10.401;0;10.401
10;1;76;0;0;11.218;11.218;0;11.218
10;1;77;0;0;14.061;14.061;0;14.061
10;1;78;0;0;14.356;14.356;0;14.356
10;1;79;0;0;16.242;0;16.242;16.242
10;1;80;0;0;36.68;0;36.68;36.68
10;1;81;2.691;0;51.64;0;51.64;48.949
10;1;82;2.895;0;48.76;0;48.76;45.865
10;1;83;2.95;0;43.911;0;43.911;40.961
10;1;84;2.466;0;41.477;0;41.477;39.011
10;1;85;2.356;0;34.893;0;34.893;32.537
10;1;86;2.528;0;43.58;0;43.58;41.052
10;1;87;56.377;0;87.076;0;87.076;30.699
10;1;88;0;0;39.183;0;39.183;39.183
10;1;89;0;0;45.756;0;45.756;45.756
10;1;90;0;0;38.544;0;38.544;38.544
10;1;91;0;0;58.075;58.075;0;58.075
10;1;92;0;0;60.634;60.634;0;60.634
10;1;93;0;0;48.063;48.063;0;48.063
10;1;94;0;0;52.452;52.452;0;52.452
10;1;95;0;0;40.887;40.887;0;40.887
10;1;96;0;0;7.412;7.412;0;7.412
10;1;97;0;0;11.068;11.068;0;11.068
10;1;98;0;0;10.624;10.624;0;10.624
10;1;99;0;0;10.421;10.421;0;10.421
10;1;100;0;0;9.254;9.254;0;9.254
10;1;101;0;0;11.839;11.839;0;11.839
10;1;102;0;0;15.644;15.644;0;15.644
10;1;103;0;0;22.949;0;22.949;22.949
10;1;104;0;0;30.946;0;30.946;30.946
10;1;105;0;0;48.452;0;48.452;48.452
10;1;106;3.458;0;48.432;0;48.432;44.974
10;1;107;2.813;0;51.684;0;51.684;48.871
10;1;108;4.842;0;52.231;0;52.231;47.389
10;1;109;60.78;0;106.897;0;106.897;46.117
10;1;110;0;0;53.292;0;53.292;53.292
10;1;111;0;0;47.278;0;47.278;47.278
10;1;112;0;0;44.574;0;44.574;44.574
10;1;113;0;0;49.378;0;49.378;49.378
10;1;114;0;0;46.632;0;46.632;46.632
10;1;115;0;0;60.103;60.103;0;60.103
10;1;116;0;0;61.515;61.515;0;61.515
10;1;117;0;0;55.863;55.863;0;55.863
10;1;118;0;0;63.102;63.102;0;63.102
10;1;119;0;0;41.108;41.108;0;41.108
10;1;120;0;0;7.619;7.619;0;7.619
10;1;121;0;0;11.147;11.147;0;11.147
10;1;122;0;0;9.85;9.85;0;9.85
10;1;123;0;0;11.929;11.929;0;11.929
10;1;124;0;0;10.074;10.074;0;10.074
10;1;125;0;0;13.56;13.56;0;13.56
10;1;126;0;0;12.101;12.101;0;12.101
10;1;127;0;0;43.804;34.271;9.533;43.804
10;1;128;0;0;41.745;0;41.745;41.745
10;1;129;3.212;0;41.44;0;41.44;38.227
10;1;130;2.72;0;43.111;0;43.111;40.391
10;1;131;2.604;0;35.573;0;35.573;32.969
10;1;132;4.433;0;44.571;0;44.571;40.138
10;1;133;2.216;0;35.018;0;35.018;32.802
10;1;134;2.235;0;38.91;0;38.91;36.674
10;1;135;52.647;0;83.891;0;83.891;31.244
10;1;136;0;0;40.104;0;40.104;40.104
10;1;137;0;0;47.954;0;47.954;47.954
10;1;138;0;0;47.493;0;47.493;47.493
10;1;139;0;0;74.199;74.199;0;74.199
10;1;140;0;0;71.958;71.958;0;71.958
10;1;141;0;0;78.264;78.264;0;78.264
10;1;142;0;0;57.149;57.149;0;57.149
10;1;143;0;0;58.087;58.087;0;58.087
10;1;144;0;0;7.461;7.461;0;7.461
10;1;145;0;0;12.297;12.297;0;12.297
10;1;146;0;0;11.135;11.135;0;11.135
10;1;147;0;0;11.104;11.104;0;11.104
10;1;148;0;0;9.835;9.835;0;9.835
10;1;149;0;0;11.968;11.968;0;11.968
10;1;150;0;0;14.53;14.53;0;14.53
10;1;151;0;0;37.994;1.761;36.233;37.994
10;1;152;0;0;41.161;0;41.161;41.161
10;1;153;2.433;0;48.002;0;48.002;45.568
10;1;154;3.231;0;37.653;0;37.653;34.422
10;1;155;2.811;0;41.378;0;41.378;38.567
10;1;156;4.157;0;45.704;0;45.704;41.546
10;1;157;2.004;0;48.095;0;48.095;46.091
10;1;158;2.147;0;40.561;0;40.561;38.414
10;1;159;94.939;0;136.023;0;136.023;41.084
10;1;160;8.28;0;54.813;0;54.813;46.533
10;1;161;0;0;49.835;0;49.835;49.835
10;1;162;0;0;48.327;0;48.327;48.327
10;1;163;0;0;86.572;86.572;0;86.572
10;1;164;0;0;73.365;73.365;0;73.365
10;1;165;0;0;70.574;70.574;0;70.574
10;1;166;0;0;68.77;68.77;0;68.77
10;1;167;0;0;55.211;55.211;0;55.211
10;2;0;0;0;7.519;7.519;0;7.519
10;2;1;0;0;9.982;9.982;0;9.982
10;2;2;144.863;0;155.287;155.287;0;10.424
10;2;3;0;0;12.89;12.89;0;12.89
10;2;4;28.217;0;39.04;39.04;0;10.823
10;2;5;149.171;0;159.782;159.782;0;10.611
10;2;6;0;0;19.58;19.58;0;19.58
10;2;7;26.166;0;59.023;59.023;0;32.858
10;2;8;0;0;60.949;60.949;0;60.949
10;2;9;62.528;0;109.813;109.813;0;47.286
10;2;10;105.168;0;142.776;0;142.776;37.608
10;2;11;0.958;0;42.902;0;42.902;41.944
10;2;12;99.432;0;138.832;0;138.832;39.4
10;2;13;0;0;38.501;0;38.501;38.501
10;2;14;0;0;50.637;50.637;0;50.637
10;2;15;47.407;0;86.49;86.49;0;39.083
10;2;16;139.7;0;190.996;190.996;0;51.296
10;2;17;23.347;0;87.355;87.355;0;64.008
10;2;18;0;0;56.416;56.416;0;56.416
10;2;19;85.2;0;154.048;154.048;0;68.848
10;2;20;50.333;0;115.848;115.848;0;65.515
10;2;21;0;0;61.892;61.892;0;61.892
10;2;22;108.304;0;171.948;171.948;0;63.644
10;2;23;30.095;0;67.993;67.993;0;37.898
10;2;24;0;0;7.566;7.566;0;7.566
10;2;25;0;0;11.725;11.725;0;11.725
10;2;26;164.283;0;174.872;174.872;0;10.588
10;2;27;0;0;10.748;10.748;0;10.748
10;2;28;166.014;0;177.378;177.378;0;11.364
10;2;29;17.156;0;28.788;28.788;0;11.632
10;2;30;107.695;0;124.358;124.358;0;16.663
10;2;31;109.38;0;148.944;148.944;0;39.564
10;2;32;102.84;0;161.168;161.168;0;58.328
10;2;33;97.352;0;137.997;137.997;0;40.645
10;2;34;122.42;0;160.389;0;160.389;37.968
10;2;35;32.351;0;73.194;0;73.194;40.843
10;2;36;55.673;0;92.83;0;92.83;37.158
10;2;37;37.54;0;77.981;0;77.981;40.44
10;2;38;67.034;0;107.717;0;107.717;40.684
10;2;39;129.821;0;162.4;0;162.4;32.579
10;2;40;16.908;0;73.862;41.355;32.506;56.954
10;2;41;19.86;0;76.117;76.117;0;56.257
10;2;42;29.355;0;95.978;95.978;0;66.623
10;2;43;33.57;0;95.47;95.47;0;61.901
10;2;44;39.695;0;102.045;102.045;0;62.35
10;2;45;31.94;0;92.596;92.596;0;60.656
10;2;46;0;0;56.144;56.144;0;56.144
10;2;47;0;0;43.666;43.666;0;43.666
10;2;48;0;0;7.554;7.554;0;7.554
10;2;49;0;0;9.184;9.184;0;9.184
10;2;50;39.157;0;50.121;50.121;0;10.964
10;2;51;41.591;0;51.363;51.363;0;9.772
10;2;52;42.224;0;52.063;52.063;0;9.839
10;2;53;43.819;0;53.957;53.957;0;10.138
10;2;54;40.805;0;53.512;53.512;0;12.707
10;2;55;53.336;0;88.764;88.764;0;35.428
10;2;56;53.847;0;105.476;105.476;0;51.629
10;2;57;36.631;0;80.095;80.095;0;43.464
10;2;58;33.578;0;76.133;76.133;0;42.555
10;2;59;29.411;0;66.459;66.459;0;37.049
10;2;60;24.646;0;59.848;59.848;0;35.203
10;2;61;21.367;0;48.427;48.427;0;27.061
10;2;62;17.028;0;56.143;56.143;0;39.115
10;2;63;20.889;0;50.302;50.302;0;29.413
10;2;64;44.048;0;81.178;81.178;0;37.13
10;2;65;131.967;0;194.982;194.982;0;63.015
10;2;66;0;0;64.171;64.171;0;64.171
10;2;67;11.875;0;71.234;71.234;0;59.359
10;2;68;0;0;85.975;85.975;0;85.975
10;2;69;0;0;69.631;69.631;0;69.631
10;2;70;0;0;62.278;62.278;0;62.278
10;2;71;0;0;33.443;33.443;0;33.443
10;2;72;0;0;10.713;10.713;0;10.713
10;2;73;33.381;0;49.128;49.128;0;15.746
10;2;74;35.332;0;46.968;46.968;0;11.636
10;2;75;36.511;0;51.222;51.222;0;14.711
10;2;76;37.883;0;49.893;49.893;0;12.011
10;2;77;39.555;0;50.321;50.321;0;10.766
10;2;78;40.795;0;52.436;52.436;0;11.641
10;2;79;60.422;0;81.368;81.368;0;20.945
10;2;80;61.186;0;96.675;96.675;0;35.49
10;2;81;43.971;0;88.693;88.693;0;44.722
10;2;82;41.768;0;76.324;76.324;0;34.556
10;2;83;30.927;0;65.643;0;65.643;34.717
10;2;84;22.643;0;63.631;0;63.631;40.988
10;2;85;18.513;0;60.443;60.443;0;41.93
10;2;86;133.684;0;178.705;178.705;0;45.02
10;2;87;39.894;0;80.031;80.031;0;40.136
10;2;88;0;0;42.167;42.167;0;42.167
10;2;89;0;0;57.259;57.259;0;57.259
10;2;90;0;0;66.474;66.474;0;66.474
10;2;91;0;0;67.656;67.656;0;67.656
10;2;92;141.421;0;205.844;205.844;0;64.423
10;2;93;35.996;0;93.01;93.01;0;57.014
10;2;94;0;0;60.145;60.145;0;60.145
10;2;95;43.278;0;90.756;90.756;0;47.478
10;2;96;0;0;7.501;7.501;0;7.501
10;2;97;0;0;15.296;15.296;0;15.296
10;2;98;69.701;0;82.337;82.337;0;12.636
10;2;99;151.757;0;162.308;162.308;0;10.551
10;2;100;70.725;0;82.352;82.352;0;11.627
10;2;101;0;0;12.258;12.258;0;12.258
10;2;102;90.204;0;103.811;103.811;0;13.607
10;2;103;91.094;0;117.187;117.187;0;26.092
10;2;104;80.529;0;134.084;134.084;0;53.555
10;2;105;75.248;0;125.842;125.842;0;50.594
10;2;106;68.566;0;113.15;113.15;0;44.584
10;2;107;60.411;0;118.555;118.555;0;58.143
10;2;108;60.764;0;113.197;113.197;0;52.433
10;2;109;101.535;0;152.535;152.535;0;51.001
10;2;110;0;0;40.867;40.867;0;40.867
10;2;111;51.779;0;97.364;97.364;0;45.585
10;2;112;51.335;0;117.662;117.662;0;66.327
10;2;113;52.714;0;107.941;107.941;0;55.227
10;2;114;61.421;0;125.925;125.925;0;64.504
10;2;115;63.964;0;130.518;130.518;0;66.554
10;2;116;65.555;0;138.776;138.776;0;73.221
10;2;117;67.37;0;124.55;124.55;0;57.18
10;2;118;60.84;0;119.971;119.971;0;59.132
10;2;119;153.914;0;194.362;194.362;0;40.448
10;2;120;0;0;7.595;7.595;0;7.595
10;2;121;133.733;0;151.891;151.891;0;18.158
10;2;122;0;0;9.93;9.93;0;9.93
10;2;123;80.884;0;90.219;90.219;0;9.335
10;2;124;82.269;0;93.236;93.236;0;10.967
10;2;125;83.747;0;93.953;93.953;0;10.207
10;2;126;94.934;0;109.836;109.836;0;14.902
10;2;127;90.387;0;132.75;132.75;0;42.363
10;2;128;79.389;0;149.552;149.552;0;70.163
10;2;129;77.786;0;120.648;120.648;0;42.861
10;2;130;73.75;0;117.007;117.007;0;43.256
10;2;131;63.676;0;102.625;102.625;0;38.949
10;2;132;58.802;0;97.11;97.11;0;38.307
10;2;133;48.377;0;90.48;90.48;0;42.104
10;2;134;142.711;0;176.218;176.218;0;33.506
10;2;135;102.968;0;146.868;146.868;0;43.9
10;2;136;0;0;54.745;54.745;0;54.745
10;2;137;0;0;59.686;59.686;0;59.686
10;2;138;0;0;63.869;63.869;0;63.869
10;2;139;150.464;0;230.552;230.552;0;80.088
10;2;140;9.867;0;79.801;79.801;0;69.934
10;2;141;0;0;76.027;76.027;0;76.027
10;2;142;124.47;0;192.575;192.575;0;68.105
10;2;143;0;0;47.912;47.912;0;47.912
10;2;144;70.818;0;78.465;78.465;0;7.647
10;2;145;72.709;0;86.381;86.381;0;13.672
10;2;146;76.004;0;87.869;87.869;0;11.865
10;2;147;76.994;0;88.968;88.968;0;11.974
10;2;148;79.014;0;90.92;90.92;0;11.906
10;2;149;79.7;0;89.267;89.267;0;9.567
10;2;150;92.676;0;105.238;105.238;0;12.561
10;2;151;91.942;0;133.546;133.546;0;41.604
10;2;152;80.992;0;122.781;122.781;0;41.789
10;2;153;76.643;0;119.13;119.13;0;42.487
10;2;154;72.004;0;126.329;126.329;0;54.325
10;2;155;68.618;0;102.195;102.195;0;33.577
10;2;156;63.569;0;98.033;98.033;0;34.464
10;2;157;49.93;0;105.479;105.479;0;55.549
10;2;158;44.011;0;85.828;85.828;0;41.817
10;2;159;41.152;0;75.1;75.1;0;33.948
10;2;160;38.46;0;90.397;90.397;0;51.937
10;2;161;38.813;0;96.008;96.008;0;57.195
10;2;162;48.304;0;106.905;106.905;0;58.601
10;2;163;50.822;0;111.75;111.75;0;60.929
10;2;164;49.822;0;111.778;111.778;0;61.957
10;2;165;52.006;0;111.095;111.095;0;59.089
10;2;166;42.593;0;115.043;115.043;0;72.45
10;2;167;144.863;0;202.979;202.979;0;58.116
10;3;0;32.137;0;39.717;39.717;0;7.579
10;3;1;164.248;0;175.46;175.46;0;11.212
10;3;2;164.34;0;175.065;175.065;0;10.726
10;3;3;166.459;0;177.391;177.391;0;10.932
10;3;4;188.161;0;198.993;198.993;0;10.832
10;3;5;156.16;0;166.605;166.605;0;10.444
10;3;6;191.212;0;206.799;206.799;0;15.587
10;3;7;188.46;0;232.999;232.999;0;44.539
10;3;8;173.847;0;237.035;237.035;0;63.188
10;3;9;171.16;0;215.593;215.593;0;44.433
10;3;10;163.346;0;207.771;207.771;0;44.425
10;3;11;155.523;0;188.647;188.647;0;33.123
10;3;12;152.346;0;187.24;89.738;97.502;34.894
10;3;13;138.179;0;172.689;0;172.689;34.511
10;3;14;169.912;0;207.414;207.414;0;37.502
10;3;15;169.046;0;200.307;200.307;0;31.261
10;3;16;171.213;0;224.821;224.821;0;53.609
10;3;17;92.622;0;155.913;155.913;0;63.292
10;3;18;176.418;0;234.937;234.937;0;58.519
10;3;19;0;0;72.949;72.949;0;72.949
10;3;20;77.345;0;142.1;142.1;0;64.755
10;3;21;145.509;0;220.871;220.871;0;75.362
10;3;22;185.112;0;251.48;251.48;0;66.368
10;3;23;186.854;0;242.885;242.885;0;56.032
10;3;24;188.596;0;196.199;196.199;0;7.603
10;3;25;48.42;0;63.682;63.682;0;15.261
10;3;26;167.727;0;179.515;179.515;0;11.789
10;3;27;171.02;0;181.05;181.05;0;10.03
10;3;28;174.205;0;185.725;185.725;0;11.52
10;3;29;177.569;0;190.455;190.455;0;12.886
10;3;30;192.084;0;204.521;204.521;0;12.437
10;3;31;192.94;0;233.758;233.758;0;40.818
10;3;32;179.42;0;232.371;232.371;0;52.951
10;3;33;174.567;0;223.039;223.039;0;48.473
10;3;34;166.951;0;209.551;151.203;58.348;42.6
10;3;35;157.84;0;188.965;188.965;0;31.125
10;3;36;155.927;0;196.499;196.499;0;40.573
10;3;37;148.927;0;187.787;187.787;0;38.86
10;3;38;147.96;0;198.631;198.631;0;50.671
10;3;39;151.209;0;199.896;199.896;0;48.686
10;3;40;148.467;0;213.021;213.021;0;64.554
10;3;41;151.658;0;218.323;218.323;0;66.666
10;3;42;163.247;0;230.237;230.237;0;66.99
10;3;43;163.163;0;231.18;231.18;0;68.016
10;3;44;161.085;0;233.73;233.73;0;72.645
10;3;45;160.197;0;216.58;216.58;0;56.383
10;3;46;147.433;0;209.689;209.689;0;62.256
10;3;47;145.538;0;175.146;175.146;0;29.609
10;3;48;117.837;0;125.428;125.428;0;7.592
10;3;49;111.662;0;121.035;121.035;0;9.373
10;3;50;107.233;0;118.395;118.395;0;11.162
10;3;51;104.135;0;115.472;115.472;0;11.337
10;3;52;103.646;0;115.58;115.58;0;11.935
10;3;53;104.159;0;114.905;114.905;0;10.746
10;3;54;103.498;0;119.078;119.078;0;15.579
10;3;55;127.896;0;164.206;164.206;0;36.311
10;3;56;128.442;0;189.728;189.728;0;61.286
10;3;57;110.626;0;146.993;146.993;0;36.367
10;3;58;112.566;0;153.164;153.164;0;40.598
10;3;59;109.392;0;147.421;147.421;0;38.029
10;3;60;103.334;0;136.422;136.422;0;33.088
10;3;61;95.7;0;139.755;0;139.755;44.055
10;3;62;90.84;0;125.581;125.581;0;34.741
10;3;63;97.7;0;134.742;134.742;0;37.042
10;3;64;94.133;0;150.28;150.28;0;56.147
10;3;65;164.283;0;217.381;217.381;0;53.098
10;3;66;165.582;0;229.357;229.357;0;63.775
10;3;67;126.345;0;185.566;185.566;0;59.221
10;3;68;104.168;0;164.828;164.828;0;60.661
10;3;69;0;0;79.863;79.863;0;79.863
10;3;70;23.352;0;79.892;79.892;0;56.541
10;3;71;105.129;0;149.885;149.885;0;44.756
10;3;72;108.673;0;118.1;118.1;0;9.427
10;3;73;109.33;0;125.305;125.305;0;15.975
10;3;74;111.856;0;121.989;121.989;0;10.133
10;3;75;115.72;0;130.648;130.648;0;14.928
10;3;76;114.86;0;127.028;127.028;0;12.168
10;3;77;116.222;0;129.417;129.417;0;13.194
10;3;78;172.08;0;188.106;188.106;0;16.027
10;3;79;85.703;0;108.251;108.251;0;22.548
10;3;80;147.325;0;171.282;171.282;0;23.957
10;3;81;124.131;0;162.12;162.12;0;37.989
10;3;82;124.206;0;178.652;178.652;0;54.446
10;3;83;124.042;0;170.322;170.322;0;46.28
10;3;84;117.689;0;167.826;167.826;0;50.138
10;3;85;171.213;0;217.442;54.849;162.593;46.23
10;3;86;55.237;0;96.685;96.685;0;41.449
10;3;87;174.248;0;210.194;210.194;0;35.946
10;3;88;149.348;0;191.503;191.503;0;42.154
10;3;89;176.852;0;237.753;237.753;0;60.9
10;3;90;179.024;0;231.354;231.354;0;52.329
10;3;91;63.114;0;128.689;128.689;0;65.574
10;3;92;0;0;63.903;63.903;0;63.903
10;3;93;142.825;0;203.928;203.928;0;61.103
10;3;94;149.077;0;202.412;202.412;0;53.334
10;3;95;146.268;0;189.154;189.154;0;42.886
10;3;96;188.596;0;198.203;198.203;0;9.606
10;3;97;190.34;0;206.05;206.05;0;15.711
10;3;98;190.776;0;202.276;202.276;0;11.5
10;3;99;192.084;0;204.741;204.741;0;12.656
10;3;100;190.34;0;202.19;202.19;0;11.85
10;3;101;187.725;0;197.97;197.97;0;10.246
10;3;102;185.983;0;196.819;196.819;0;10.837
10;3;103;185.112;0;215.937;215.937;0;30.825
10;3;104;171.74;0;220.528;220.528;0;48.789
10;3;105;180.762;0;235.518;235.518;0;54.755
10;3;106;159.163;0;224.29;224.29;0;65.127
10;3;107;173.206;0;226.512;226.512;0;53.306
10;3;108;179.458;0;234.493;234.493;0;55.034
10;3;109;167.29;0;216.384;216.384;0;49.094
10;3;110;165.154;0;215.796;215.796;0;50.642
10;3;111;161.995;0;214.903;214.903;0;52.908
10;3;112;156.335;0;224.25;224.25;0;67.914
10;3;113;155.464;0;221.639;221.639;0;66.175
10;3;114;166.725;0;241.443;241.443;0;74.718
10;3;115;162.718;0;234.999;234.999;0;72.281
10;3;116;162.919;0;219.347;219.347;0;56.428
10;3;117;162.389;0;234.775;234.775;0;72.386
10;3;118;180.328;0;235.359;235.359;0;55.032
10;3;119;181.197;0;220.015;220.015;0;38.818
10;3;120;181.197;0;188.994;188.994;0;7.797
10;3;121;182.067;0;197.498;197.498;0;15.431
10;3;122;184.677;0;196.813;196.813;0;12.136
10;3;123;187.725;0;198.625;198.625;0;10.901
10;3;124;191.212;0;201.433;201.433;0;10.221
10;3;125;29.816;0;39.724;39.724;0;9.908
10;3;126;193.393;0;212.753;212.753;0;19.36
10;3;127;193.829;0;244.822;244.822;0;50.993
10;3;128;184.953;0;234.263;234.263;0;49.31
10;3;129;178.81;0;232.986;232.986;0;54.176
10;3;130;170.026;0;222.368;222.368;0;52.342
10;3;131;168.087;0;220.248;220.248;0;52.162
10;3;132;166.358;0;205.929;205.929;0;39.571
10;3;133;152.4;0;185.774;185.774;0;33.374
10;3;134;151.741;0;204.788;204.788;0;53.047
10;3;135;154.25;0;199.866;199.866;0;45.616
10;3;136;182.502;0;240.748;240.748;0;58.246
10;3;137;123.154;0;190.196;190.196;0;67.042
10;3;138;167.094;0;238.504;238.504;0;71.41
10;3;139;187.289;0;271.817;271.817;0;84.527
10;3;140;162.491;0;227.507;227.507;0;65.016
10;3;141;180.048;0;252.397;252.397;0;72.349
10;3;142;170.552;0;241.8;241.8;0;71.248
10;3;143;175.913;0;221.825;221.825;0;45.913
10;3;144;190.34;0;197.91;197.91;0;7.571
10;3;145;167.783;0;179.306;179.306;0;11.523
10;3;146;191.648;0;201.864;201.864;0;10.216
10;3;147;183.394;0;194.474;194.474;0;11.08
10;3;148;192.957;0;203.324;203.324;0;10.368
10;3;149;193.393;0;206.388;206.388;0;12.995
10;3;150;192.084;0;211.451;211.451;0;19.367
10;3;151;190.34;0;226.757;226.757;0;36.418
10;3;152;178.151;0;235.412;235.412;0;57.261
10;3;153;164.609;0;202.212;202.212;0;37.604
10;3;154;154.232;0;190.907;190.907;0;36.675
10;3;155;141.418;0;179.419;179.419;0;38.001
10;3;156;141.421;0;177.029;177.029;0;35.608
10;3;157;171.213;0;215.807;215.807;0;44.595
10;3;158;86.954;0;133.63;133.63;0;46.677
10;3;159;127.808;0;177.401;177.401;0;49.593
10;3;160;124.224;0;174.524;174.524;0;50.3
10;3;161;122.117;0;195.117;195.117;0;72.999
10;3;162;129.505;0;194.57;194.57;0;65.064
10;3;163;131.982;0;209.688;209.688;0;77.706
10;3;164;127.049;0;183.758;183.758;0;56.71
10;3;165;140.802;0;208.269;208.269;0;67.467
10;3;166;170.346;0;236.917;236.917;0;66.572
10;3;167;172.08;0;224.907;224.907;0;52.827
15;0;0;113.421;0;120.938;120.938;0;7.517
15;0;1;177.287;0;188.665;188.665;0;11.379
15;0;2;0;0;9.868;9.868;0;9.868
15;0;3;43.032;0;54.11;54.11;0;11.078
15;0;4;128.403;0;138.34;138.34;0;9.938
15;0;5;128.897;0;140.482;140.482;0;11.585
15;0;6;140.921;0;155.023;155.023;0;14.102
15;0;7;137.397;0;177.601;177.601;0;40.204
15;0;8;113.168;0;160.708;160.708;0;47.539
15;0;9;98.192;0;152.387;0;152.387;54.194
15;0;10;84.437;0;127.399;0;127.399;42.962
15;0;11;74.645;0;119.829;119.829;0;45.184
15;0;12;73.747;0;114.513;0;114.513;40.766
15;0;13;63.169;0;104.383;104.383;0;41.214
15;0;14;147.447;0;198.574;198.574;0;51.127
15;0;15;46.65;0;91.447;0;91.447;44.797
15;0;16;153.051;0;190;190;0;36.948
15;0;17;0;0;56.5;56.5;0;56.5
15;0;18;129.349;0;190.579;190.579;0;61.23
15;0;19;0;0;65.85;65.85;0;65.85
15;0;20;159.527;0;233.753;233.753;0;74.226
15;0;21;84.322;0;151.873;151.873;0;67.551
15;0;22;91.716;0;150.159;150.159;0;58.444
15;0;23;0;0;36.401;36.401;0;36.401
15;0;24;8.9;0;19.509;19.509;0;10.609
15;0;25;111.309;0;128.024;128.024;0;16.714
15;0;26;117.223;0;127.886;127.886;0;10.663
15;0;27;122.074;0;135.467;135.467;0;13.393
15;0;28;124.811;0;136.797;136.797;0;11.987
15;0;29;182.502;0;195.037;195.037;0;12.536
15;0;30;95.835;0;110.747;110.747;0;14.913
15;0;31;151.419;0;190.5;190.5;0;39.081
15;0;32;136.842;0;188.99;188.99;0;52.147
15;0;33;133.505;0;175.146;175.146;0;41.641
15;0;34;126.279;0;167.305;167.305;0;41.026
15;0;35;120.204;0;163.023;163.023;0;42.819
15;0;36;176.852;0;213.203;49.979;163.224;36.35
15;0;37;55.607;0;91.865;0;91.865;36.258
15;0;38;110.946;0;151.737;0;151.737;40.791
15;0;39;109.035;0;148.658;0;148.658;39.624
15;0;40;101.309;0;150.627;26.198;124.429;49.319
15;0;41;99.424;0;168.787;168.787;0;69.363
15;0;42;107.856;0;176.49;176.49;0;68.634
15;0;43;110.765;0;173.206;173.206;0;62.441
15;0;44;113.214;0;182.779;182.779;0;69.565
15;0;45;115.521;0;180.491;180.491;0;64.971
15;0;46;106.019;0;163.77;163.77;0;57.751
15;0;47;109.202;0;152.929;152.929;0;43.727
15;0;48;93.926;0;101.393;101.393;0;7.468
15;0;49;92.712;0;109.007;109.007;0;16.295
15;0;50;94.256;0;105.12;105.12;0;10.864
15;0;51;97.161;0;108.285;108.285;0;11.124
15;0;52;97.779;0;108.094;108.094;0;10.315
15;0;53;99.819;0;110.163;110.163;0;10.344
15;0;54;99.212;0;114.657;114.657;0;15.445
15;0;55;121.867;0;159.26;159.26;0;37.393
15;0;56;124.33;0;181.31;181.31;0;56.98
15;0;57;98.596;0;139.403;139.403;0;40.807
15;0;58;91.384;0;125.611;0;125.611;34.227
15;0;59;79.143;0;120.922;120.922;0;41.779
15;0;60;69.959;0;104.155;25.752;78.404;34.197
15;0;61;64.476;0;97.514;63.839;33.675;33.038
15;0;62;62.527;0;94;94;0;31.473
15;0;63;62.494;0;97.358;0;97.358;34.865
15;0;64;54.994;0;98.568;98.568;0;43.574
15;0;65;42.066;0;95.798;95.798;0;53.732
15;0;66;40.543;0;111.846;111.846;0;71.304
15;0;67;150.895;0;219.275;219.275;0;68.38
15;0;68;0.558;0;59.057;59.057;0;58.499
15;0;69;0;0;58.384;58.384;0;58.384
15;0;70;58.684;0;113.394;113.394;0;54.71
15;0;71;54.61;0;99.214;99.214;0;44.604
15;0;72;122.964;0;132.429;132.429;0;9.464
15;0;73;0;0;17.397;17.397;0;17.397
15;0;74;66.641;0;76.729;76.729;0;10.088
15;0;75;67.6;0;80.757;80.757;0;13.156
15;0;76;66.945;0;76.615;76.615;0;9.67
15;0;77;67.871;0;78.869;78.869;0;10.998
15;0;78;68.23;0;81.916;81.916;0;13.687
15;0;79;90.508;0;109.775;109.775;0;19.268
15;0;80;89.165;0;120.684;120.684;0;31.519
15;0;81;66.695;0;107.595;107.595;0;40.9
15;0;82;63.118;0;103.166;103.166;0;40.048
15;0;83;59.284;0;90.301;0;90.301;31.018
15;0;84;54.8;0;99.993;99.993;0;45.193
15;0;85;51.35;0;97.731;97.731;0;46.381
15;0;86;49.694;0;94.023;94.023;0;44.329
15;0;87;56.099;0;94.432;80.905;13.527;38.333
15;0;88;148.309;0;183.741;183.741;0;35.432
15;0;89;117.804;0;169.921;169.921;0;52.118
15;0;90;0;0;44.815;44.815;0;44.815
15;0;91;107.007;0;164.557;164.557;0;57.549
15;0;92;0;0;58.98;58.98;0;58.98
15;0;93;164.716;0;222.677;222.677;0;57.961
15;0;94;0;0;50.693;50.693;0;50.693
15;0;95;165.062;0;207.92;207.92;0;42.858
15;0;96;115.01;0;123.916;123.916;0;8.906
15;0;97;121.386;0;134.068;134.068;0;12.682
15;0;98;128.399;0;138.595;138.595;0;10.196
15;0;99;0;0;12.277;12.277;0;12.277
15;0;100;67.573;0;77.953;77.953;0;10.38
15;0;101;140.332;0;150.812;150.812;0;10.48
15;0;102;152.707;0;167.629;167.629;0;14.922
15;0;103;154.449;0;186.412;186.412;0;31.963
15;0;104;138.832;0;183.01;183.01;0;44.178
15;0;105;134.703;0;189.048;189.048;0;54.345
15;0;106;125.603;0;162.246;162.246;0;36.643
15;0;107;116.151;0;171.424;171.424;0;55.274
15;0;108;118.9;0;163.211;163.211;0;44.311
15;0;109;110.279;0;161.827;161.827;0;51.547
15;0;110;104.699;0;155.753;155.753;0;51.054
15;0;111;102.674;0;139.991;0;139.991;37.317
15;0;112;95.273;0;152.082;152.082;0;56.809
15;0;113;89.575;0;145.244;145.244;0;55.669
15;0;114;99.345;0;157.199;157.199;0;57.854
15;0;115;157.378;0;230.532;230.532;0;73.154
15;0;116;171.646;0;241.681;241.681;0;70.035
15;0;117;172.947;0;233.023;233.023;0;60.076
15;0;118;108.393;0;162.712;162.712;0;54.319
15;0;119;115.815;0;164.926;164.926;0;49.111
15;0;120;0;0;7.503;7.503;0;7.503
15;0;121;54.735;0;69.547;69.547;0;14.812
15;0;122;139.303;0;148.417;148.417;0;9.114
15;0;123;138.77;0;149.647;149.647;0;10.877
15;0;124;138.793;0;149.136;149.136;0;10.342
15;0;125;143.492;0;157.433;157.433;0;13.941
15;0;126;159.213;0;175.401;175.401;0;16.188
15;0;127;156.48;0;202.146;202.146;0;45.666
15;0;128;142.917;0;188.896;188.896;0;45.98
15;0;129;143.126;0;180.947;180.947;0;37.821
15;0;130;133.742;0;165.555;165.555;0;31.813
15;0;131;120.402;0;170.045;170.045;0;49.643
15;0;132;117.908;0;155.417;155.417;0;37.509
15;0;133;103.285;0;144.641;144.641;0;41.355
15;0;134;167.746;0;202.553;202.553;0;34.807
15;0;135;169.479;0;206.692;206.692;0;37.213
15;0;136;149.351;0;199.884;199.884;0;50.533
15;0;137;0;0;62.195;62.195;0;62.195
15;0;138;18.213;0;86.571;86.571;0;68.357
15;0;139;128.526;0;197.901;197.901;0;69.376
15;0;140;175.116;0;236.585;236.585;0;61.469
15;0;141;176.418;0;249.104;249.104;0;72.686
15;0;142;176.418;0;255.921;255.921;0;79.503
15;0;143;59.961;0;105.117;105.117;0;45.156
15;0;144;0;0;7.598;7.598;0;7.598
15;0;145;142.809;0;157.852;157.852;0;15.043
15;0;146;147.149;0;157.607;157.607;0;10.458
15;0;147;149.144;0;159.87;159.87;0;10.727
15;0;148;153.182;0;162.924;162.924;0;9.742
15;0;149;156.253;0;168.817;168.817;0;12.564
15;0;150;167.631;0;181.339;181.339;0;13.707
15;0;151;166.142;0;203.495;203.495;0;37.354
15;0;152;148.447;0;202.666;81.103;121.563;54.22
15;0;153;147.291;0;193.441;0;193.441;46.15
15;0;154;142.952;0;180.91;0;180.91;37.958
15;0;155;133.11;0;169.465;0;169.465;36.354
15;0;156;125.782;0;164.075;0;164.075;38.293
15;0;157;109.129;0;140.681;140.681;0;31.552
15;0;158;99.72;0;132.873;132.873;0;33.154
15;0;159;92.868;0;137.889;137.889;0;45.021
15;0;160;166.447;0;210.392;210.392;0;43.944
15;0;161;3.325;0;52.172;52.172;0;48.848
15;0;162;168.179;0;220.388;220.388;0;52.209
15;0;163;145.261;0;199.869;199.869;0;54.607
15;0;164;172.947;0;235.874;235.874;0;62.927
15;0;165;42.318;0;97.671;97.671;0;55.353
15;0;166;178.59;0;239.668;239.668;0;61.078
15;0;167;45.152;0;83.152;83.152;0;38
15;1;0;0;0;7.529;7.529;0;7.529
15;1;1;0;0;12.166;12.166;0;12.166
15;1;2;0;0;9.759;9.759;0;9.759
15;1;3;0;0;12.531;12.531;0;12.531
15;1;4;0;0;11.731;11.731;0;11.731
15;1;5;0;0;11.157;11.157;0;11.157
15;1;6;0;0;17.907;17.907;0;17.907
15;1;7;0;0;35.569;0;35.569;35.569
15;1;8;0;0;43.38;0;43.38;43.38
15;1;9;0;0;47.579;0;47.579;47.579
15;1;10;0;0;56.187;0;56.187;56.187
15;1;11;0;0;39.313;0;39.313;39.313
15;1;12;0;0;43.482;0;43.482;43.482
15;1;13;0;0;47.751;0;47.751;47.751
15;1;14;0;0;41.271;0;41.271;41.271
15;1;15;18.695;0;58.295;0;58.295;39.599
15;1;16;0;0;43.974;0;43.974;43.974
15;1;17;0;0;47.748;0;47.748;47.748
15;1;18;0;0;65.792;26.064;39.729;65.792
15;1;19;0;0;68.97;68.97;0;68.97
15;1;20;0;0;69.913;69.913;0;69.913
15;1;21;0;0;65.959;65.959;0;65.959
15;1;22;0;0;63.839;63.839;0;63.839
15;1;23;0;0;48.306;48.306;0;48.306
15;1;24;0;0;7.535;7.535;0;7.535
15;1;25;0;0;8.984;8.984;0;8.984
15;1;26;0;0;10.941;10.941;0;10.941
15;1;27;0;0;9.861;9.861;0;9.861
15;1;28;0;0;10.643;10.643;0;10.643
15;1;29;0;0;10.714;10.714;0;10.714
15;1;30;0;0;15.305;15.305;0;15.305
15;1;31;0;0;38.537;0;38.537;38.537
15;1;32;0;0;41.644;0;41.644;41.644
15;1;33;2.375;0;41.849;0;41.849;39.474
15;1;34;2.954;0;39.913;0;39.913;36.96
15;1;35;2.222;0;39.03;0;39.03;36.808
15;1;36;3.711;0;35.23;0;35.23;31.519
15;1;37;1.811;0;38.092;0;38.092;36.281
15;1;38;1.897;0;35.564;0;35.564;33.667
15;1;39;56.057;0;92.411;0;92.411;36.354
15;1;40;0;0;48.577;0;48.577;48.577
15;1;41;0;0;47.922;0;47.922;47.922
15;1;42;0;0;43.446;0;43.446;43.446
15;1;43;0;0;73.201;73.201;0;73.201
15;1;44;0;0;65.368;65.368;0;65.368
15;1;45;0;0;74.74;74.74;0;74.74
15;1;46;0;0;79.871;79.871;0;79.871
15;1;47;0;0;36.799;36.799;0;36.799
15;1;48;0;0;7.558;7.558;0;7.558
15;1;49;0;0;11.075;11.075;0;11.075
15;1;50;0;0;11.445;11.445;0;11.445
15;1;51;0;0;11.457;11.457;0;11.457
15;1;52;0;0;9.816;9.816;0;9.816
15;1;53;0;0;10.751;10.751;0;10.751
15;1;54;0;0;11.091;11.091;0;11.091
15;1;55;0;0;32.752;24.829;7.924;32.752
15;1;56;0;0;41.68;0;41.68;41.68
15;1;57;0;0;38.964;0;38.964;38.964
15;1;58;2.578;0;45.356;0;45.356;42.778
15;1;59;2.185;0;48.121;0;48.121;45.936
15;1;60;1.876;0;43.058;0;43.058;41.182
15;1;61;2.107;0;35.699;0;35.699;33.592
15;1;62;58.999;0;96.03;0;96.03;37.032
15;1;63;0;0;33.717;0;33.717;33.717
15;1;64;0;0;33.06;0;33.06;33.06
15;1;65;0;0;37.919;0;37.919;37.919
15;1;66;0;0;50.193;2.775;47.418;50.193
15;1;67;0;0;60.729;60.729;0;60.729
15;1;68;0;0;79.498;79.498;0;79.498
15;1;69;0;0;71.926;71.926;0;71.926
15;1;70;0;0;54.205;54.205;0;54.205
15;1;71;0;0;47.046;47.046;0;47.046
15;1;72;0;0;7.482;7.482;0;7.482
15;1;73;0;0;11.424;11.424;0;11.424
15;1;74;0;0;10.566;10.566;0;10.566
15;1;75;0;0;10.401;10.401;0;10.401
15;1;76;0;0;11.218;11.218;0;11.218
15;1;77;0;0;14.061;14.061;0;14.061
15;1;78;0;0;14.356;14.356;0;14.356
15;1;79;0;0;16.242;0;16.242;16.242
15;1;80;0;0;36.68;0;36.68;36.68
15;1;81;2.466;0;51.415;0;51.415;48.949
15;1;82;2.653;0;48.518;0;48.518;45.865
15;1;83;2.703;0;43.664;0;43.664;40.961
15;1;84;2.26;0;41.271;0;41.271;39.011
15;1;85;2.159;0;34.696;0;34.696;32.537
15;1;86;2.317;0;43.369;0;43.369;41.052
15;1;87;51.658;0;82.357;0;82.357;30.699
15;1;88;0;0;39.183;0;39.183;39.183
15;1;89;0;0;45.756;0;45.756;45.756
15;1;90;0;0;38.544;0;38.544;38.544
15;1;91;0;0;58.075;58.075;0;58.075
15;1;92;0;0;60.634;60.634;0;60.634
15;1;93;0;0;48.063;48.063;0;48.063
15;1;94;0;0;52.452;52.452;0;52.452
15;1;95;0;0;40.887;40.887;0;40.887
15;1;96;0;0;7.412;7.412;0;7.412
15;1;97;0;0;11.068;11.068;0;11.068
15;1;98;0;0;10.624;10.624;0;10.624
15;1;99;0;0;10.421;10.421;0;10.421
15;1;100;0;0;9.254;9.254;0;9.254
15;1;101;0;0;11.839;11.839;0;11.839
15;1;102;0;0;15.644;15.644;0;15.644
15;1;103;0;0;22.949;0;22.949;22.949
15;1;104;0;0;30.946;0;30.946;30.946
15;1;105;0;0;48.452;0;48.452;48.452
15;1;106;3.168;0;48.142;0;48.142;44.974
15;1;107;2.577;0;51.448;0;51.448;48.871
15;1;108;4.437;0;51.826;0;51.826;47.389
15;1;109;55.693;0;101.809;0;101.809;46.117
15;1;110;0;0;53.292;0;53.292;53.292
15;1;111;0;0;47.278;0;47.278;47.278
15;1;112;0;0;44.574;0;44.574;44.574
15;1;113;0;0;49.378;0;49.378;49.378
15;1;114;0;0;46.632;0;46.632;46.632
15;1;115;0;0;60.103;60.103;0;60.103
15;1;116;0;0;61.515;61.515;0;61.515
15;1;117;0;0;55.863;55.863;0;55.863
15;1;118;0;0;63.102;63.102;0;63.102
15;1;119;0;0;41.108;41.108;0;41.108
15;1;120;0;0;7.619;7.619;0;7.619
15;1;121;0;0;11.147;11.147;0;11.147
15;1;122;0;0;9.85;9.85;0;9.85
15;1;123;0;0;11.929;11.929;0;11.929
15;1;124;0;0;10.074;10.074;0;10.074
15;1;125;0;0;13.56;13.56;0;13.56
15;1;126;0;0;12.101;12.101;0;12.101
15;1;127;0;0;43.804;34.271;9.533;43.804
15;1;128;0;0;41.745;0;41.745;41.745
15;1;129;2.943;0;41.171;0;41.171;38.227
15;1;130;2.492;0;42.883;0;42.883;40.391
15;1;131;2.386;0;35.355;0;35.355;32.969
15;1;132;4.062;0;44.2;0;44.2;40.138
15;1;133;2.031;0;34.833;0;34.833;32.802
15;1;134;2.048;0;38.723;0;38.723;36.674
15;1;135;48.241;0;79.485;0;79.485;31.244
15;1;136;0;0;40.104;0;40.104;40.104
15;1;137;0;0;47.954;0;47.954;47.954
15;1;138;0;0;47.493;0;47.493;47.493
15;1;139;0;0;74.199;74.199;0;74.199
15;1;140;0;0;71.958;71.958;0;71.958
15;1;141;0;0;78.264;78.264;0;78.264
15;1;142;0;0;57.149;57.149;0;57.149
15;1;143;0;0;58.087;58.087;0;58.087
15;1;144;0;0;7.461;7.461;0;7.461
15;1;145;0;0;12.297;12.297;0;12.297
15;1;146;0;0;11.135;11.135;0;11.135
15;1;147;0;0;11.104;11.104;0;11.104
15;1;148;0;0;9.835;9.835;0;9.835
15;1;149;0;0;11.968;11.968;0;11.968
15;1;150;0;0;14.53;14.53;0;14.53
15;1;151;0;0;37.994;1.761;36.233;37.994
15;1;152;0;0;41.161;0;41.161;41.161
15;1;153;2.23;0;47.798;0;47.798;45.568
15;1;154;2.96;0;37.382;0;37.382;34.422
15;1;155;2.576;0;41.143;0;41.143;38.567
15;1;156;3.809;0;45.356;0;45.356;41.546
15;1;157;1.836;0;47.927;0;47.927;46.091
15;1;158;29.793;0;68.206;0;68.206;38.414
15;1;159;77.108;0;118.192;0;118.192;41.084
15;1;160;0;0;46.533;0;46.533;46.533
15;1;161;0;0;49.835;0;49.835;49.835
15;1;162;0;0;48.327;0;48.327;48.327
15;1;163;0;0;86.572;86.572;0;86.572
15;1;164;0;0;73.365;73.365;0;73.365
15;1;165;0;0;70.574;70.574;0;70.574
15;1;166;0;0;68.77;68.77;0;68.77
15;1;167;0;0;55.211;55.211;0;55.211
15;2;0;0;0;7.519;7.519;0;7.519
15;2;1;0;0;9.982;9.982;0;9.982
15;2;2;144.863;0;155.287;155.287;0;10.424
15;2;3;0;0;12.89;12.89;0;12.89
15;2;4;1.777;0;12.6;12.6;0;10.823
15;2;5;149.171;0;159.782;159.782;0;10.611
15;2;6;0;0;19.58;19.58;0;19.58
15;2;7;9.842;0;42.7;42.7;0;32.858
15;2;8;0;0;60.949;60.949;0;60.949
15;2;9;57.294;0;104.58;37.041;67.538;47.286
15;2;10;52.928;0;90.536;0;90.536;37.608
15;2;11;42.788;0;84.732;0;84.732;41.944
15;2;12;109.308;0;148.708;0;148.708;39.4
15;2;13;106.48;0;144.981;0;144.981;38.501
15;2;14;0;0;50.637;50.637;0;50.637
15;2;15;0;0;39.083;39.083;0;39.083
15;2;16;63.67;0;114.966;114.966;0;51.296
15;2;17;21.527;0;85.534;85.534;0;64.008
15;2;18;0;0;56.416;56.416;0;56.416
15;2;19;78.348;0;147.196;147.196;0;68.848
15;2;20;46.264;0;111.778;111.778;0;65.515
15;2;21;0;0;61.892;61.892;0;61.892
15;2;22;99.532;0;163.176;163.176;0;63.644
15;2;23;10.887;0;48.785;48.785;0;37.898
15;2;24;0;0;7.566;7.566;0;7.566
15;2;25;0;0;11.725;11.725;0;11.725
15;2;26;152.341;0;162.929;162.929;0;10.588
15;2;27;0;0;10.748;10.748;0;10.748
15;2;28;166.014;0;177.378;177.378;0;11.364
15;2;29;1.713;0;13.345;13.345;0;11.632
15;2;30;98.681;0;115.344;115.344;0;16.663
15;2;31;100.225;0;139.789;139.789;0;39.564
15;2;32;94.232;0;152.56;152.56;0;58.328
15;2;33;89.203;0;129.848;113.67;16.178;40.645
15;2;34;76.439;0;114.407;0;114.407;37.968
15;2;35;63.783;0;104.626;0;104.626;40.843
15;2;36;51.013;0;88.171;0;88.171;37.158
15;2;37;115.655;0;156.096;0;156.096;40.44
15;2;38;44.194;0;84.878;0;84.878;40.684
15;2;39;72.747;0;105.326;0;105.326;32.579
15;2;40;15.614;0;72.567;40.061;32.506;56.954
15;2;41;18.321;0;74.578;74.578;0;56.257
15;2;42;27.026;0;93.649;93.649;0;66.623
15;2;43;30.891;0;92.791;92.791;0;61.901
15;2;44;36.506;0;98.856;98.856;0;62.35
15;2;45;15.834;0;76.491;76.491;0;60.656
15;2;46;0;0;56.144;56.144;0;56.144
15;2;47;0;0;43.666;43.666;0;43.666
15;2;48;0;0;7.554;7.554;0;7.554
15;2;49;0;0;9.184;9.184;0;9.184
15;2;50;35.88;0;46.844;46.844;0;10.964
15;2;51;38.11;0;47.882;47.882;0;9.772
15;2;52;38.69;0;48.529;48.529;0;9.839
15;2;53;40.152;0;50.289;50.289;0;10.138
15;2;54;37.389;0;50.097;50.097;0;12.707
15;2;55;48.871;0;84.3;84.3;0;35.428
15;2;56;49.34;0;100.969;100.969;0;51.629
15;2;57;33.565;0;77.029;77.029;0;43.464
15;2;58;30.767;0;73.322;73.322;0;42.555
15;2;59;26.949;0;63.998;63.998;0;37.049
15;2;60;22.583;0;57.786;57.786;0;35.203
15;2;61;19.578;0;46.639;46.639;0;27.061
15;2;62;15.603;0;54.718;54.718;0;39.115
15;2;63;19.141;0;48.554;48.554;0;29.413
15;2;64;41.755;0;78.885;78.885;0;37.13
15;2;65;131.967;0;194.982;194.982;0;63.015
15;2;66;0;0;64.171;64.171;0;64.171
15;2;67;0;0;59.359;59.359;0;59.359
15;2;68;0;0;85.975;85.975;0;85.975
15;2;69;0;0;69.631;69.631;0;69.631
15;2;70;0;0;62.278;62.278;0;62.278
15;2;71;0;0;33.443;33.443;0;33.443
15;2;72;0;0;10.713;10.713;0;10.713
15;2;73;28.899;0;44.645;44.645;0;15.746
15;2;74;32.375;0;44.011;44.011;0;11.636
15;2;75;33.455;0;48.166;48.166;0;14.711
15;2;76;34.712;0;46.722;46.722;0;12.011
15;2;77;36.244;0;47.01;47.01;0;10.766
15;2;78;37.38;0;49.021;49.021;0;11.641
15;2;79;55.365;0;76.31;76.31;0;20.945
15;2;80;56.065;0;91.554;91.554;0;35.49
15;2;81;40.29;0;85.013;85.013;0;44.722
15;2;82;38.272;0;72.828;72.828;0;34.556
15;2;83;28.338;0;63.055;0;63.055;34.717
15;2;84;59.746;0;100.733;0;100.733;40.988
15;2;85;0;0;41.93;40.698;1.232;41.93
15;2;86;133.684;0;178.705;178.705;0;45.02
15;2;87;5.821;0;45.957;45.957;0;40.136
15;2;88;0;0;42.167;42.167;0;42.167
15;2;89;0;0;57.259;57.259;0;57.259
15;2;90;0;0;66.474;66.474;0;66.474
15;2;91;0;0;67.656;67.656;0;67.656
15;2;92;141.421;0;205.844;205.844;0;64.423
15;2;93;33.119;0;90.133;90.133;0;57.014
15;2;94;0;0;60.145;60.145;0;60.145
15;2;95;26.039;0;73.518;73.518;0;47.478
15;2;96;0;0;7.501;7.501;0;7.501
15;2;97;0;0;15.296;15.296;0;15.296
15;2;98;63.867;0;76.503;76.503;0;12.636
15;2;99;151.757;0;162.308;162.308;0;10.551
15;2;100;52.088;0;63.715;63.715;0;11.627
15;2;101;0;0;12.258;12.258;0;12.258
15;2;102;82.654;0;96.261;96.261;0;13.607
15;2;103;83.47;0;109.562;109.562;0;26.092
15;2;104;73.789;0;127.343;127.343;0;53.555
15;2;105;68.95;0;119.544;119.544;0;50.594
15;2;106;62.827;0;107.411;55.032;52.379;44.584
15;2;107;55.355;0;113.498;113.498;0;58.143
15;2;108;55.678;0;108.111;108.111;0;52.433
15;2;109;93.036;0;144.037;144.037;0;51.001
15;2;110;0;0;40.867;40.867;0;40.867
15;2;111;47.445;0;93.03;93.03;0;45.585
15;2;112;47.039;0;113.365;113.365;0;66.327
15;2;113;48.302;0;103.529;103.529;0;55.227
15;2;114;56.28;0;120.784;120.784;0;64.504
15;2;115;58.61;0;125.164;125.164;0;66.554
15;2;116;60.068;0;133.289;133.289;0;73.221
15;2;117;61.731;0;118.911;118.911;0;57.18
15;2;118;55.747;0;114.879;114.879;0;59.132
15;2;119;153.914;0;194.362;194.362;0;40.448
15;2;120;0;0;7.595;7.595;0;7.595
15;2;121;109.63;0;127.788;127.788;0;18.158
15;2;122;0;0;9.93;9.93;0;9.93
15;2;123;74.114;0;83.449;83.449;0;9.335
15;2;124;75.384;0;86.35;86.35;0;10.967
15;2;125;76.737;0;86.944;86.944;0;10.207
15;2;126;86.988;0;101.89;101.89;0;14.902
15;2;127;82.822;0;125.184;125.184;0;42.363
15;2;128;72.744;0;142.907;142.907;0;70.163
15;2;129;71.276;0;114.137;114.137;0;42.861
15;2;130;67.577;0;110.834;110.834;0;43.256
15;2;131;58.346;0;97.295;97.295;0;38.949
15;2;132;53.88;0;92.188;92.188;0;38.307
15;2;133;44.328;0;86.431;86.431;0;42.104
15;2;134;142.711;0;176.218;176.218;0;33.506
15;2;135;95.995;0;139.895;139.895;0;43.9
15;2;136;0;0;54.745;54.745;0;54.745
15;2;137;0;0;59.686;59.686;0;59.686
15;2;138;0;0;63.869;63.869;0;63.869
15;2;139;150.464;0;230.552;230.552;0;80.088
15;2;140;0;0;69.934;69.934;0;69.934
15;2;141;0;0;76.027;76.027;0;76.027
15;2;142;96.781;0;164.886;164.886;0;68.105
15;2;143;0;0;47.912;47.912;0;47.912
15;2;144;64.89;0;72.537;72.537;0;7.647
15;2;145;66.623;0;80.295;80.295;0;13.672
15;2;146;69.642;0;81.508;81.508;0;11.865
15;2;147;70.55;0;82.524;82.524;0;11.974
15;2;148;72.401;0;84.307;84.307;0;11.906
15;2;149;73.029;0;82.596;82.596;0;9.567
15;2;150;84.919;0;97.481;97.481;0;12.561
15;2;151;84.246;0;125.851;125.851;0;41.604
15;2;152;74.213;0;116.002;116.002;0;41.789
15;2;153;70.228;0;112.715;112.715;0;42.487
15;2;154;65.977;0;120.302;120.302;0;54.325
15;2;155;62.874;0;96.452;96.452;0;33.577
15;2;156;58.248;0;92.712;92.712;0;34.464
15;2;157;45.751;0;101.3;101.3;0;55.549
15;2;158;40.328;0;82.145;82.145;0;41.817
15;2;159;37.708;0;71.655;71.655;0;33.948
15;2;160;35.241;0;87.178;87.178;0;51.937
15;2;161;35.565;0;92.759;92.759;0;57.195
15;2;162;44.261;0;102.862;102.862;0;58.601
15;2;163;46.568;0;107.497;107.497;0;60.929
15;2;164;45.652;0;107.608;107.608;0;61.957
15;2;165;47.653;0;106.743;106.743;0;59.089
15;2;166;40.847;0;113.297;113.297;0;72.45
15;2;167;144.863;0;202.979;202.979;0;58.116
15;3;0;11.541;0;19.12;19.12;0;7.579
15;3;1;150.5;0;161.713;161.713;0;11.212
15;3;2;150.584;0;161.31;161.31;0;10.726
15;3;3;152.526;0;163.459;163.459;0;10.932
15;3;4;188.161;0;198.993;198.993;0;10.832
15;3;5;126.908;0;137.352;137.352;0;10.444
15;3;6;175.542;0;191.129;191.129;0;15.587
15;3;7;172.686;0;217.225;217.225;0;44.539
15;3;8;159.296;0;222.484;222.484;0;63.188
15;3;9;156.834;0;201.267;201.267;0;44.433
15;3;10;149.674;0;194.099;194.099;0;44.425
15;3;11;142.506;0;175.629;175.629;0;33.123
15;3;12;139.594;0;174.489;0;174.489;34.894
15;3;13;126.613;0;161.124;0;161.124;34.511
15;3;14;160.783;0;198.285;0;198.285;37.502
15;3;15;169.046;0;200.307;0;200.307;31.261
15;3;16;171.213;0;224.821;224.821;0;53.609
15;3;17;52.761;0;116.053;116.053;0;63.292
15;3;18;176.418;0;234.937;234.937;0;58.519
15;3;19;0;0;72.949;72.949;0;72.949
15;3;20;54.058;0;118.813;118.813;0;64.755
15;3;21;133.33;0;208.692;208.692;0;75.362
15;3;22;182.427;0;248.794;248.794;0;66.368
15;3;23;186.854;0;242.885;242.885;0;56.032
15;3;24;188.596;0;196.199;196.199;0;7.603
15;3;25;0;0;15.261;15.261;0;15.261
15;3;26;153.688;0;165.477;165.477;0;11.789
15;3;27;156.706;0;166.736;166.736;0;10.03
15;3;28;159.624;0;171.144;171.144;0;11.52
15;3;29;162.624;0;175.51;175.51;0;12.886
15;3;30;176.088;0;188.526;188.526;0;12.437
15;3;31;176.791;0;217.609;217.609;0;40.818
15;3;32;164.403;0;217.354;217.354;0;52.951
15;3;33;159.955;0;208.428;208.428;0;48.473
15;3;34;152.977;0;195.577;195.577;0;42.6
15;3;35;144.629;0;175.754;175.754;0;31.125
15;3;36;142.875;0;183.448;183.448;0;40.573
15;3;37;136.462;0;175.321;0;175.321;38.86
15;3;38;135.576;0;186.247;186.247;0;50.671
15;3;39;138.553;0;187.239;187.239;0;48.686
15;3;40;136.04;0;200.594;200.594;0;64.554
15;3;41;138.964;0;205.63;205.63;0;66.666
15;3;42;149.584;0;216.573;216.573;0;66.99
15;3;43;149.507;0;217.523;217.523;0;68.016
15;3;44;147.602;0;220.247;220.247;0;72.645
15;3;45;146.789;0;203.172;203.172;0;56.383
15;3;46;135.093;0;197.349;197.349;0;62.256
15;3;47;133.356;0;162.965;162.965;0;29.609
15;3;48;107.974;0;115.565;115.565;0;7.592
15;3;49;102.316;0;111.689;111.689;0;9.373
15;3;50;98.258;0;109.42;109.42;0;11.162
15;3;51;95.419;0;106.756;106.756;0;11.337
15;3;52;94.97;0;106.905;106.905;0;11.935
15;3;53;95.441;0;106.187;106.187;0;10.746
15;3;54;94.836;0;110.415;110.415;0;15.579
15;3;55;117.191;0;153.501;153.501;0;36.311
15;3;56;117.691;0;178.977;178.977;0;61.286
15;3;57;101.367;0;137.733;137.733;0;36.367
15;3;58;103.145;0;143.743;143.743;0;40.598
15;3;59;100.236;0;138.265;138.265;0;38.029
15;3;60;94.685;0;127.773;127.773;0;33.088
15;3;61;87.69;0;131.745;0;131.745;44.055
15;3;62;83.237;0;117.977;0;117.977;34.741
15;3;63;89.522;0;126.564;126.564;0;37.042
15;3;64;86.254;0;142.401;142.401;0;56.147
15;3;65;164.283;0;217.381;217.381;0;53.098
15;3;66;165.582;0;229.357;229.357;0;63.775
15;3;67;103.914;0;163.135;163.135;0;59.221
15;3;68;95.608;0;156.269;156.269;0;60.661
15;3;69;0;0;79.863;79.863;0;79.863
15;3;70;5.346;0;61.887;61.887;0;56.541
15;3;71;96.33;0;141.086;141.086;0;44.756
15;3;72;99.577;0;109.004;109.004;0;9.427
15;3;73;100.179;0;116.154;116.154;0;15.975
15;3;74;102.493;0;112.626;112.626;0;10.133
15;3;75;106.035;0;120.963;120.963;0;14.928
15;3;76;105.246;0;117.414;117.414;0;12.168
15;3;77;106.495;0;119.689;119.689;0;13.194
15;3;78;172.08;0;188.106;188.106;0;16.027
15;3;79;64.091;0;86.639;86.639;0;22.548
15;3;80;134.994;0;158.951;158.951;0;23.957
15;3;81;113.741;0;151.73;151.73;0;37.989
15;3;82;113.81;0;168.256;168.256;0;54.446
15;3;83;113.66;0;159.94;159.94;0;46.28
15;3;84;107.838;0;157.976;134.802;23.174;50.138
15;3;85;171.213;0;217.442;217.442;0;46.23
15;3;86;36.211;0;77.659;77.659;0;41.449
15;3;87;174.248;0;210.194;44.96;165.234;35.946
15;3;88;109.207;0;151.362;151.362;0;42.154
15;3;89;176.852;0;237.753;237.753;0;60.9
15;3;90;179.024;0;231.354;231.354;0;52.329
15;3;91;40.808;0;106.383;106.383;0;65.574
15;3;92;0;0;63.903;63.903;0;63.903
15;3;93;130.871;0;191.973;191.973;0;61.103
15;3;94;136.6;0;189.934;189.934;0;53.334
15;3;95;133.923;0;176.809;176.809;0;42.886
15;3;96;166.689;0;176.296;176.296;0;9.606
15;3;97;170.09;0;185.801;185.801;0;15.711
15;3;98;172.087;0;183.587;183.587;0;11.5
15;3;99;175.773;0;188.429;188.429;0;12.656
15;3;100;173.866;0;185.716;185.716;0;11.85
15;3;101;169.36;0;179.605;179.605;0;10.246
15;3;102;178.712;0;189.548;189.548;0;10.837
15;3;103;176.894;0;207.718;207.718;0;30.825
15;3;104;157.365;0;206.154;206.154;0;48.789
15;3;105;180.762;0;235.518;235.518;0;54.755
15;3;106;130.502;0;195.629;195.629;0;65.127
15;3;107;158.709;0;212.014;212.014;0;53.306
15;3;108;164.438;0;219.472;219.472;0;55.034
15;3;109;153.288;0;202.381;202.381;0;49.094
15;3;110;151.331;0;201.973;201.973;0;50.642
15;3;111;148.436;0;201.344;201.344;0;52.908
15;3;112;143.25;0;211.164;211.164;0;67.914
15;3;113;142.452;0;208.627;208.627;0;66.175
15;3;114;152.77;0;227.488;227.488;0;74.718
15;3;115;149.099;0;221.379;221.379;0;72.281
15;3;116;149.283;0;205.711;205.711;0;56.428
15;3;117;148.797;0;221.183;221.183;0;72.386
15;3;118;137.391;0;192.422;192.422;0;55.032
15;3;119;181.197;0;220.015;220.015;0;38.818
15;3;120;181.197;0;188.994;188.994;0;7.797
15;3;121;182.067;0;197.498;197.498;0;15.431
15;3;122;184.677;0;196.813;196.813;0;12.136
15;3;123;187.725;0;198.625;198.625;0;10.901
15;3;124;140.476;0;150.697;150.697;0;10.221
15;3;125;0;0;9.908;9.908;0;9.908
15;3;126;182.737;0;202.096;202.096;0;19.36
15;3;127;184.018;0;235.011;235.011;0;50.993
15;3;128;169.472;0;218.783;218.783;0;49.31
15;3;129;163.843;0;218.02;218.02;0;54.176
15;3;130;155.795;0;208.137;208.137;0;52.342
15;3;131;154.018;0;206.179;206.179;0;52.162
15;3;132;152.434;0;192.004;192.004;0;39.571
15;3;133;139.644;0;173.018;173.018;0;33.374
15;3;134;139.041;0;192.087;192.087;0;53.047
15;3;135;141.339;0;186.955;186.955;0;45.616
15;3;136;182.502;0;240.748;240.748;0;58.246
15;3;137;97.507;0;164.549;164.549;0;67.042
15;3;138;153.108;0;224.518;224.518;0;71.41
15;3;139;187.289;0;271.817;271.817;0;84.527
15;3;140;133.191;0;198.207;198.207;0;65.016
15;3;141;164.978;0;237.327;237.327;0;72.349
15;3;142;156.277;0;227.525;227.525;0;71.248
15;3;143;161.189;0;207.101;207.101;0;45.913
15;3;144;190.34;0;197.91;197.91;0;7.571
15;3;145;137.787;0;149.31;149.31;0;11.523
15;3;146;191.648;0;201.864;201.864;0;10.216
15;3;147;145.727;0;156.807;156.807;0;11.08
15;3;148;171.407;0;181.774;181.774;0;10.368
15;3;149;173.18;0;186.175;186.175;0;12.995
15;3;150;185.051;0;204.417;204.417;0;19.367
15;3;151;180.489;0;216.907;216.907;0;36.418
15;3;152;163.24;0;220.501;220.501;0;57.261
15;3;153;150.831;0;188.435;188.435;0;37.604
15;3;154;141.323;0;177.998;177.998;0;36.675
15;3;155;129.581;0;167.582;135.336;32.246;38.001
15;3;156;129.584;0;165.192;165.192;0;35.608
15;3;157;171.213;0;215.807;215.807;0;44.595
15;3;158;65.309;0;111.986;111.986;0;46.677
15;3;159;117.11;0;166.704;166.704;0;49.593
15;3;160;113.827;0;164.127;164.127;0;50.3
15;3;161;111.896;0;184.896;184.896;0;72.999
15;3;162;118.666;0;183.73;183.73;0;65.064
15;3;163;120.935;0;198.641;198.641;0;77.706
15;3;164;116.415;0;173.124;173.124;0;56.71
15;3;165;116.806;0;184.274;184.274;0;67.467
15;3;166;170.346;0;236.917;236.917;0;66.572
15;3;167;172.08;0;224.907;224.907;0;52.827
20;0;0;95.262;0;102.779;102.779;0;7.517
20;0;1;177.287;0;188.665;188.665;0;11.379
20;0;2;0;0;9.868;9.868;0;9.868
20;0;3;20.599;0;31.677;31.677;0;11.078
20;0;4;116.593;0;126.53;126.53;0;9.938
20;0;5;117.042;0;128.627;128.627;0;11.585
20;0;6;127.959;0;142.062;142.062;0;14.102
20;0;7;124.76;0;164.964;164.964;0;40.204
20;0;8;102.759;0;150.299;150.299;0;47.539
20;0;9;89.161;0;143.355;0;143.355;54.194
20;0;10;76.671;0;119.633;0;119.633;42.962
20;0;11;67.779;0;112.963;112.963;0;45.184
20;0;12;66.964;0;107.73;0;107.73;40.766
20;0;13;57.359;0;98.573;98.573;0;41.214
20;0;14;147.447;0;198.574;198.574;0;51.127
20;0;15;30.313;0;75.11;0;75.11;44.797
20;0;16;153.051;0;190;190;0;36.948
20;0;17;0;0;56.5;56.5;0;56.5
20;0;18;103.377;0;164.608;164.608;0;61.23
20;0;19;0;0;65.85;65.85;0;65.85
20;0;20;159.527;0;233.753;233.753;0;74.226
20;0;21;76.738;0;144.289;144.289;0;67.551
20;0;22;73.421;0;131.864;131.864;0;58.444
20;0;23;0;0;36.401;36.401;0;36.401
20;0;24;0;0;10.609;10.609;0;10.609
20;0;25;101.072;0;117.786;117.786;0;16.714
20;0;26;106.441;0;117.104;117.104;0;10.663
20;0;27;110.846;0;124.239;124.239;0;13.393
20;0;28;113.331;0;125.318;125.318;0;11.987
20;0;29;182.502;0;195.037;195.037;0;12.536
20;0;30;70.125;0;85.038;85.038;0;14.913
20;0;31;137.492;0;176.573;176.573;0;39.081
20;0;32;124.256;0;176.403;176.403;0;52.147
20;0;33;121.226;0;162.867;0;162.867;41.641
20;0;34;114.664;0;155.691;0;155.691;41.026
20;0;35;109.148;0;151.967;0;151.967;42.819
20;0;36;176.852;0;213.203;42.73;170.473;36.35
20;0;37;34.191;0;70.449;0;70.449;36.258
20;0;38;100.742;0;141.533;0;141.533;40.791
20;0;39;99.006;0;138.63;0;138.63;39.624
20;0;40;91.991;0;141.309;6.942;134.368;49.319
20;0;41;90.28;0;159.642;159.642;0;69.363
20;0;42;97.936;0;166.569;166.569;0;68.634
20;0;43;100.577;0;163.018;163.018;0;62.441
20;0;44;102.801;0;172.366;172.366;0;69.565
20;0;45;104.896;0;169.866;169.866;0;64.971
20;0;46;96.268;0;154.019;154.019;0;57.751
20;0;47;99.158;0;142.885;142.885;0;43.727
20;0;48;85.287;0;92.754;92.754;0;7.468
20;0;49;84.185;0;100.48;100.48;0;16.295
20;0;50;85.586;0;96.451;96.451;0;10.864
20;0;51;88.224;0;99.348;99.348;0;11.124
20;0;52;88.785;0;99.1;99.1;0;10.315
20;0;53;90.638;0;100.982;100.982;0;10.344
20;0;54;90.087;0;105.532;105.532;0;15.445
20;0;55;110.658;0;148.051;148.051;0;37.393
20;0;56;112.894;0;169.874;169.874;0;56.98
20;0;57;89.527;0;130.335;130.335;0;40.807
20;0;58;82.979;0;117.205;0;117.205;34.227
20;0;59;71.863;0;113.643;0;113.643;41.779
20;0;60;63.524;0;97.721;97.721;0;34.197
20;0;61;58.546;0;91.584;91.584;0;33.038
20;0;62;56.776;0;88.249;88.249;0;31.473
20;0;63;56.746;0;91.61;0;91.61;34.865
20;0;64;49.936;0;93.51;0;93.51;43.574
20;0;65;38.197;0;91.929;91.929;0;53.732
20;0;66;36.814;0;108.117;108.117;0;71.304
20;0;67;150.895;0;219.275;219.275;0;68.38
20;0;68;0;0;58.499;58.499;0;58.499
20;0;69;0;0;58.384;58.384;0;58.384
20;0;70;39.901;0;94.612;94.612;0;54.71
20;0;71;49.587;0;94.191;94.191;0;44.604
20;0;72;111.654;0;121.119;121.119;0;9.464
20;0;73;0;0;17.397;17.397;0;17.397
20;0;74;60.512;0;70.599;70.599;0;10.088
20;0;75;61.383;0;74.539;74.539;0;13.156
20;0;76;60.787;0;70.458;70.458;0;9.67
20;0;77;61.628;0;72.626;72.626;0;10.998
20;0;78;61.954;0;75.641;75.641;0;13.687
20;0;79;82.183;0;101.451;101.451;0;19.268
20;0;80;80.964;0;112.483;112.483;0;31.519
20;0;81;60.561;0;101.46;101.46;0;40.9
20;0;82;57.313;0;97.36;97.36;0;40.048
20;0;83;53.831;0;84.849;84.849;0;31.018
20;0;84;49.76;0;94.952;0;94.952;45.193
20;0;85;46.627;0;93.008;26.792;66.216;46.381
20;0;86;45.123;0;89.452;89.452;0;44.329
20;0;87;50.939;0;89.272;60.399;28.874;38.333
20;0;88;148.309;0;183.741;183.741;0;35.432
20;0;89;108.841;0;160.959;128.288;32.671;52.118
20;0;90;0;0;44.815;44.815;0;44.815
20;0;91;82.665;0;140.214;140.214;0;57.549
20;0;92;0;0;58.98;58.98;0;58.98
20;0;93;164.716;0;222.677;222.677;0;57.961
20;0;94;0;0;50.693;50.693;0;50.693
20;0;95;150.23;0;193.087;193.087;0;42.858
20;0;96;104.61;0;113.516;113.516;0;8.906
20;0;97;110.403;0;123.085;123.085;0;12.682
20;0;98;116.774;0;126.97;126.97;0;10.196
20;0;99;0;0;12.277;12.277;0;12.277
20;0;100;42.882;0;53.262;53.262;0;10.38
20;0;101;127.425;0;137.905;137.905;0;10.48
20;0;102;138.662;0;153.584;153.584;0;14.922
20;0;103;140.244;0;172.207;172.207;0;31.963
20;0;104;126.062;0;170.24;170.24;0;44.178
20;0;105;122.314;0;176.658;176.658;0;54.345
20;0;106;114.051;0;150.693;150.693;0;36.643
20;0;107;105.467;0;160.741;160.741;0;55.274
20;0;108;107.964;0;152.275;152.275;0;44.311
20;0;109;100.136;0;151.684;151.684;0;51.547
20;0;110;95.069;0;146.123;0;146.123;51.054
20;0;111;93.23;0;130.547;0;130.547;37.317
20;0;112;86.51;0;143.319;143.319;0;56.809
20;0;113;81.336;0;137.005;137.005;0;55.669
20;0;114;90.207;0;148.061;148.061;0;57.854
20;0;115;129.016;0;202.17;202.17;0;73.154
20;0;116;171.646;0;241.681;241.681;0;70.035
20;0;117;172.947;0;233.023;233.023;0;60.076
20;0;118;98.608;0;152.927;152.927;0;54.319
20;0;119;105.35;0;154.461;154.461;0;49.111
20;0;120;0;0;7.503;7.503;0;7.503
20;0;121;30.828;0;45.64;45.64;0;14.812
20;0;122;126.49;0;135.604;135.604;0;9.114
20;0;123;126.007;0;136.883;136.883;0;10.877
20;0;124;126.028;0;136.37;136.37;0;10.342
20;0;125;130.294;0;144.235;144.235;0;13.941
20;0;126;144.569;0;160.757;160.757;0;16.188
20;0;127;142.087;0;187.753;187.753;0;45.666
20;0;128;129.772;0;175.751;175.751;0;45.98
20;0;129;129.962;0;167.783;0;167.783;37.821
20;0;130;121.441;0;153.254;153.254;0;31.813
20;0;131;109.328;0;158.971;158.971;0;49.643
20;0;132;107.064;0;144.572;144.572;0;37.509
20;0;133;93.786;0;135.141;135.141;0;41.355
20;0;134;167.746;0;202.553;202.553;0;34.807
20;0;135;169.479;0;206.692;109.277;97.415;37.213
20;0;136;121.088;0;171.62;171.62;0;50.533
20;0;137;0;0;62.195;62.195;0;62.195
20;0;138;0;0;68.357;68.357;0;68.357
20;0;139;103.39;0;172.766;172.766;0;69.376
20;0;140;157.954;0;219.423;219.423;0;61.469
20;0;141;176.418;0;249.104;249.104;0;72.686
20;0;142;176.418;0;255.921;255.921;0;79.503
20;0;143;35.338;0;80.494;80.494;0;45.156
20;0;144;0;0;7.598;7.598;0;7.598
20;0;145;129.674;0;144.717;144.717;0;15.043
20;0;146;133.614;0;144.073;144.073;0;10.458
20;0;147;135.426;0;146.153;146.153;0;10.727
20;0;148;139.093;0;148.835;148.835;0;9.742
20;0;149;141.881;0;154.446;154.446;0;12.564
20;0;150;152.213;0;165.921;165.921;0;13.707
20;0;151;150.861;0;188.214;188.214;0;37.354
20;0;152;134.793;0;189.013;189.013;0;54.22
20;0;153;133.743;0;179.893;0;179.893;46.15
20;0;154;129.804;0;167.762;0;167.762;37.958
20;0;155;120.867;0;157.222;157.222;0;36.354
20;0;156;114.213;0;152.506;0;152.506;38.293
20;0;157;99.091;0;130.644;93.282;37.362;31.552
20;0;158;90.548;0;123.702;123.702;0;33.154
20;0;159;84.327;0;129.348;129.348;0;45.021
20;0;160;166.447;0;210.392;143.895;66.497;43.944
20;0;161;0;0;48.848;48.848;0;48.848
20;0;162;168.179;0;220.388;220.388;0;52.209
20;0;163;105.969;0;160.576;160.576;0;54.607
20;0;164;172.947;0;235.874;235.874;0;62.927
20;0;165;22.363;0;77.716;77.716;0;55.353
20;0;166;178.59;0;239.668;239.668;0;61.078
20;0;167;32.64;0;70.639;70.639;0;38
20;1;0;0;0;7.529;7.529;0;7.529
20;1;1;0;0;12.166;12.166;0;12.166
20;1;2;0;0;9.759;9.759;0;9.759
20;1;3;0;0;12.531;12.531;0;12.531
20;1;4;0;0;11.731;11.731;0;11.731
20;1;5;0;0;11.157;11.157;0;11.157
20;1;6;0;0;17.907;17.907;0;17.907
20;1;7;0;0;35.569;0;35.569;35.569
20;1;8;0;0;43.38;0;43.38;43.38
20;1;9;0;0;47.579;0;47.579;47.579
20;1;10;0;0;56.187;0;56.187;56.187
20;1;11;0;0;39.313;0;39.313;39.313
20;1;12;0;0;43.482;0;43.482;43.482
20;1;13;0;0;47.751;0;47.751;47.751
20;1;14;0;0;41.271;0;41.271;41.271
20;1;15;11.482;0;51.081;0;51.081;39.599
20;1;16;0;0;43.974;0;43.974;43.974
20;1;17;0;0;47.748;0;47.748;47.748
20;1;18;0;0;65.792;26.064;39.729;65.792
20;1;19;0;0;68.97;68.97;0;68.97
20;1;20;0;0;69.913;69.913;0;69.913
20;1;21;0;0;65.959;65.959;0;65.959
20;1;22;0;0;63.839;63.839;0;63.839
20;1;23;0;0;48.306;48.306;0;48.306
20;1;24;0;0;7.535;7.535;0;7.535
20;1;25;0;0;8.984;8.984;0;8.984
20;1;26;0;0;10.941;10.941;0;10.941
20;1;27;0;0;9.861;9.861;0;9.861
20;1;28;0;0;10.643;10.643;0;10.643
20;1;29;0;0;10.714;10.714;0;10.714
20;1;30;0;0;15.305;15.305;0;15.305
20;1;31;0;0;38.537;0;38.537;38.537
20;1;32;0;0;41.644;0;41.644;41.644
20;1;33;2.157;0;41.63;0;41.63;39.474
20;1;34;2.682;0;39.642;0;39.642;36.96
20;1;35;2.017;0;38.826;0;38.826;36.808
20;1;36;3.37;0;34.889;0;34.889;31.519
20;1;37;1.645;0;37.926;0;37.926;36.281
20;1;38;1.722;0;35.39;0;35.39;33.667
20;1;39;50.901;0;87.255;0;87.255;36.354
20;1;40;0;0;48.577;0;48.577;48.577
20;1;41;0;0;47.922;0;47.922;47.922
20;1;42;0;0;43.446;0;43.446;43.446
20;1;43;0;0;73.201;73.201;0;73.201
20;1;44;0;0;65.368;65.368;0;65.368
20;1;45;0;0;74.74;74.74;0;74.74
20;1;46;0;0;79.871;79.871;0;79.871
20;1;47;0;0;36.799;36.799;0;36.799
20;1;48;0;0;7.558;7.558;0;7.558
20;1;49;0;0;11.075;11.075;0;11.075
20;1;50;0;0;11.445;11.445;0;11.445
20;1;51;0;0;11.457;11.457;0;11.457
20;1;52;0;0;9.816;9.816;0;9.816
20;1;53;0;0;10.751;10.751;0;10.751
20;1;54;0;0;11.091;11.091;0;11.091
20;1;55;0;0;32.752;24.829;7.924;32.752
20;1;56;0;0;41.68;0;41.68;41.68
20;1;57;0;0;38.964;0;38.964;38.964
20;1;58;2.341;0;45.119;0;45.119;42.778
20;1;59;1.984;0;47.92;0;47.92;45.936
20;1;60;1.703;0;42.885;0;42.885;41.182
20;1;61;1.914;0;35.506;0;35.506;33.592
20;1;62;53.572;0;90.604;0;90.604;37.032
20;1;63;0;0;33.717;0;33.717;33.717
20;1;64;0;0;33.06;0;33.06;33.06
20;1;65;0;0;37.919;0;37.919;37.919
20;1;66;0;0;50.193;2.775;47.418;50.193
20;1;67;0;0;60.729;60.729;0;60.729
20;1;68;0;0;79.498;79.498;0;79.498
20;1;69;0;0;71.926;71.926;0;71.926
20;1;70;0;0;54.205;54.205;0;54.205
20;1;71;0;0;47.046;47.046;0;47.046
20;1;72;0;0;7.482;7.482;0;7.482
20;1;73;0;0;11.424;11.424;0;11.424
20;1;74;0;0;10.566;10.566;0;10.566
20;1;75;0;0;10.401;10.401;0;10.401
20;1;76;0;0;11.218;11.218;0;11.218
20;1;77;0;0;14.061;14.061;0;14.061
20;1;78;0;0;14.356;14.356;0;14.356
20;1;79;0;0;16.242;0;16.242;16.242
20;1;80;0;0;36.68;0;36.68;36.68
20;1;81;2.239;0;51.188;0;51.188;48.949
20;1;82;2.409;0;48.274;0;48.274;45.865
20;1;83;2.454;0;43.416;0;43.416;40.961
20;1;84;2.052;0;41.063;0;41.063;39.011
20;1;85;1.96;0;34.497;0;34.497;32.537
20;1;86;2.103;0;43.155;0;43.155;41.052
20;1;87;46.907;0;77.606;0;77.606;30.699
20;1;88;0;0;39.183;0;39.183;39.183
20;1;89;0;0;45.756;0;45.756;45.756
20;1;90;0;0;38.544;0;38.544;38.544
20;1;91;0;0;58.075;58.075;0;58.075
20;1;92;0;0;60.634;60.634;0;60.634
20;1;93;0;0;48.063;48.063;0;48.063
20;1;94;0;0;52.452;52.452;0;52.452
20;1;95;0;0;40.887;40.887;0;40.887
20;1;96;0;0;7.412;7.412;0;7.412
20;1;97;0;0;11.068;11.068;0;11.068
20;1;98;0;0;10.624;10.624;0;10.624
20;1;99;0;0;10.421;10.421;0;10.421
20;1;100;0;0;9.254;9.254;0;9.254
20;1;101;0;0;11.839;11.839;0;11.839
20;1;102;0;0;15.644;15.644;0;15.644
20;1;103;0;0;22.949;0;22.949;22.949
20;1;104;0;0;30.946;0;30.946;30.946
20;1;105;0;0;48.452;0;48.452;48.452
20;1;106;2.877;0;47.851;0;47.851;44.974
20;1;107;2.34;0;51.211;0;51.211;48.871
20;1;108;4.028;0;51.418;0;51.418;47.389
20;1;109;50.57;0;96.687;0;96.687;46.117
20;1;110;0;0;53.292;0;53.292;53.292
20;1;111;0;0;47.278;0;47.278;47.278
20;1;112;0;0;44.574;0;44.574;44.574
20;1;113;0;0;49.378;0;49.378;49.378
20;1;114;0;0;46.632;0;46.632;46.632
20;1;115;0;0;60.103;60.103;0;60.103
20;1;116;0;0;61.515;61.515;0;61.515
20;1;117;0;0;55.863;55.863;0;55.863
20;1;118;0;0;63.102;63.102;0;63.102
20;1;119;0;0;41.108;41.108;0;41.108
20;1;120;0;0;7.619;7.619;0;7.619
20;1;121;0;0;11.147;11.147;0;11.147
20;1;122;0;0;9.85;9.85;0;9.85
20;1;123;0;0;11.929;11.929;0;11.929
20;1;124;0;0;10.074;10.074;0;10.074
20;1;125;0;0;13.56;13.56;0;13.56
20;1;126;0;0;12.101;12.101;0;12.101
20;1;127;0;0;43.804;34.271;9.533;43.804
20;1;128;0;0;41.745;0;41.745;41.745
20;1;129;2.673;0;40.9;0;40.9;38.227
20;1;130;2.263;0;42.654;0;42.654;40.391
20;1;131;2.167;0;35.136;0;35.136;32.969
20;1;132;3.688;0;43.826;0;43.826;40.138
20;1;133;1.844;0;34.646;0;34.646;32.802
20;1;134;1.86;0;38.534;0;38.534;36.674
20;1;135;43.804;0;75.048;0;75.048;31.244
20;1;136;0;0;40.104;0;40.104;40.104
20;1;137;0;0;47.954;0;47.954;47.954
20;1;138;0;0;47.493;0;47.493;47.493
20;1;139;0;0;74.199;74.199;0;74.199
20;1;140;0;0;71.958;71.958;0;71.958
20;1;141;0;0;78.264;78.264;0;78.264
20;1;142;0;0;57.149;57.149;0;57.149
20;1;143;0;0;58.087;58.087;0;58.087
20;1;144;0;0;7.461;7.461;0;7.461
20;1;145;0;0;12.297;12.297;0;12.297
20;1;146;0;0;11.135;11.135;0;11.135
20;1;147;0;0;11.104;11.104;0;11.104
20;1;148;0;0;9.835;9.835;0;9.835
20;1;149;0;0;11.968;11.968;0;11.968
20;1;150;0;0;14.53;14.53;0;14.53
20;1;151;0;0;37.994;1.761;36.233;37.994
20;1;152;0;0;41.161;0;41.161;41.161
20;1;153;2.024;0;47.593;0;47.593;45.568
20;1;154;2.688;0;37.11;0;37.11;34.422
20;1;155;2.339;0;40.906;0;40.906;38.567
20;1;156;3.459;0;45.005;0;45.005;41.546
20;1;157;1.667;0;47.758;0;47.758;46.091
20;1;158;1.786;0;40.2;0;40.2;38.414
20;1;159;94.939;0;136.023;0;136.023;41.084
20;1;160;5.701;0;52.234;0;52.234;46.533
20;1;161;0;0;49.835;0;49.835;49.835
20;1;162;0;0;48.327;0;48.327;48.327
20;1;163;0;0;86.572;86.572;0;86.572
20;1;164;0;0;73.365;73.365;0;73.365
20;1;165;0;0;70.574;70.574;0;70.574
20;1;166;0;0;68.77;68.77;0;68.77
20;1;167;0;0;55.211;55.211;0;55.211
20;2;0;0;0;7.519;7.519;0;7.519
20;2;1;0;0;9.982;9.982;0;9.982
20;2;2;120.408;0;130.831;130.831;0;10.424
20;2;3;0;0;12.89;12.89;0;12.89
20;2;4;0;0;10.823;10.823;0;10.823
20;2;5;149.171;0;159.782;159.782;0;10.611
20;2;6;0;0;19.58;19.58;0;19.58
20;2;7;0;0;32.858;32.858;0;32.858
20;2;8;0;0;60.949;60.949;0;60.949
20;2;9;52.024;0;99.31;22.502;76.808;47.286
20;2;10;48.06;0;85.668;0;85.668;37.608
20;2;11;38.852;0;80.796;0;80.796;41.944
20;2;12;103.999;0;143.399;0;143.399;39.4
20;2;13;106.48;0;144.981;0;144.981;38.501
20;2;14;0;0;50.637;50.637;0;50.637
20;2;15;0;0;39.083;39.083;0;39.083
20;2;16;58.244;0;109.54;109.54;0;51.296
20;2;17;19.694;0;83.701;83.701;0;64.008
20;2;18;0;0;56.416;56.416;0;56.416
20;2;19;71.45;0;140.298;140.298;0;68.848
20;2;20;42.166;0;107.681;107.681;0;65.515
20;2;21;0;0;61.892;61.892;0;61.892
20;2;22;90.7;0;154.344;154.344;0;63.644
20;2;23;0;0;37.898;37.898;0;37.898
20;2;24;0;0;7.566;7.566;0;7.566
20;2;25;0;0;11.725;11.725;0;11.725
20;2;26;131.868;0;142.456;142.456;0;10.588
20;2;27;0;0;10.748;10.748;0;10.748
20;2;28;152.288;0;163.652;163.652;0;11.364
20;2;29;0;0;11.632;11.632;0;11.632
20;2;30;89.605;0;106.268;106.268;0;16.663
20;2;31;91.007;0;130.571;130.571;0;39.564
20;2;32;85.565;0;143.893;143.893;0;58.328
20;2;33;80.999;0;121.644;97.321;24.322;40.645
20;2;34;69.408;0;107.376;0;107.376;37.968
20;2;35;57.916;0;98.759;0;98.759;40.843
20;2;36;46.321;0;83.479;0;83.479;37.158
20;2;37;130.328;0;170.769;0;170.769;40.44
20;2;38;44.194;0;84.878;0;84.878;40.684
20;2;39;52.139;0;84.718;0;84.718;32.579
20;2;40;14.311;0;71.264;38.758;32.506;56.954
20;2;41;16.772;0;73.029;73.029;0;56.257
20;2;42;24.68;0;91.303;91.303;0;66.623
20;2;43;28.193;0;90.094;90.094;0;61.901
20;2;44;32.915;0;95.265;95.265;0;62.35
20;2;45;0;0;60.656;60.656;0;60.656
20;2;46;0;0;56.144;56.144;0;56.144
20;2;47;0;0;43.666;43.666;0;43.666
20;2;48;0;0;7.554;7.554;0;7.554
20;2;49;0;0;9.184;9.184;0;9.184
20;2;50;32.58;0;43.544;43.544;0;10.964
20;2;51;34.605;0;44.377;44.377;0;9.772
20;2;52;35.131;0;44.97;44.97;0;9.839
20;2;53;36.459;0;46.596;46.596;0;10.138
20;2;54;33.95;0;46.658;46.658;0;12.707
20;2;55;44.376;0;79.805;79.805;0;35.428
20;2;56;44.802;0;96.431;96.431;0;51.629
20;2;57;30.478;0;73.942;73.942;0;43.464
20;2;58;27.937;0;70.493;70.493;0;42.555
20;2;59;24.47;0;61.519;61.519;0;37.049
20;2;60;20.506;0;55.709;55.709;0;35.203
20;2;61;17.777;0;44.838;44.838;0;27.061
20;2;62;14.168;0;53.283;53.283;0;39.115
20;2;63;17.38;0;46.793;46.793;0;29.413
20;2;64;39.445;0;76.575;76.575;0;37.13
20;2;65;131.967;0;194.982;194.982;0;63.015
20;2;66;0;0;64.171;64.171;0;64.171
20;2;67;0;0;59.359;59.359;0;59.359
20;2;68;0;0;85.975;85.975;0;85.975
20;2;69;0;0;69.631;69.631;0;69.631
20;2;70;0;0;62.278;62.278;0;62.278
20;2;71;0;0;33.443;33.443;0;33.443
20;2;72;0;0;10.713;10.713;0;10.713
20;2;73;12.525;0;28.271;28.271;0;15.746
20;2;74;29.397;0;41.033;41.033;0;11.636
20;2;75;30.378;0;45.089;45.089;0;14.711
20;2;76;31.519;0;43.53;43.53;0;12.011
20;2;77;32.911;0;43.676;43.676;0;10.766
20;2;78;33.942;0;45.583;45.583;0;11.641
20;2;79;50.273;0;71.218;71.218;0;20.945
20;2;80;50.908;0;86.398;86.398;0;35.49
20;2;81;36.585;0;81.307;81.307;0;44.722
20;2;82;34.752;0;69.308;69.308;0;34.556
20;2;83;25.732;0;60.448;0;60.448;34.717
20;2;84;88.532;0;129.52;0;129.52;40.988
20;2;85;0;0;41.93;40.698;1.232;41.93
20;2;86;95.022;0;140.042;140.042;0;45.02
20;2;87;0;0;40.136;40.136;0;40.136
20;2;88;0;0;42.167;42.167;0;42.167
20;2;89;0;0;57.259;57.259;0;57.259
20;2;90;0;0;66.474;66.474;0;66.474
20;2;91;0;0;67.656;67.656;0;67.656
20;2;92;141.421;0;205.844;205.844;0;64.423
20;2;93;30.223;0;87.236;87.236;0;57.014
20;2;94;0;0;60.145;60.145;0;60.145
20;2;95;8.682;0;56.16;56.16;0;47.478
20;2;96;0;0;7.501;7.501;0;7.501
20;2;97;0;0;15.296;15.296;0;15.296
20;2;98;57.993;0;70.629;70.629;0;12.636
20;2;99;151.757;0;162.308;162.308;0;10.551
20;2;100;33.321;0;44.948;44.948;0;11.627
20;2;101;0;0;12.258;12.258;0;12.258
20;2;102;75.052;0;88.659;88.659;0;13.607
20;2;103;75.793;0;101.885;101.885;0;26.092
20;2;104;67.002;0;120.557;120.557;0;53.555
20;2;105;62.608;0;113.202;113.202;0;50.594
20;2;106;57.048;0;101.633;39.34;62.292;44.584
20;2;107;50.263;0;108.407;108.407;0;58.143
20;2;108;50.557;0;102.99;102.99;0;52.433
20;2;109;84.479;0;135.48;135.48;0;51.001
20;2;110;0;0;40.867;40.867;0;40.867
20;2;111;43.081;0;88.666;88.666;0;45.585
20;2;112;42.712;0;109.039;109.039;0;66.327
20;2;113;43.859;0;99.086;99.086;0;55.227
20;2;114;51.103;0;115.608;115.608;0;64.504
20;2;115;53.22;0;119.773;119.773;0;66.554
20;2;116;54.543;0;127.764;127.764;0;73.221
20;2;117;56.053;0;113.233;113.233;0;57.18
20;2;118;50.62;0;109.752;109.752;0;59.132
20;2;119;153.914;0;194.362;194.362;0;40.448
20;2;120;0;0;7.595;7.595;0;7.595
20;2;121;85.36;0;103.518;103.518;0;18.158
20;2;122;0;0;9.93;9.93;0;9.93
20;2;123;67.297;0;76.633;76.633;0;9.335
20;2;124;68.45;0;79.417;79.417;0;10.967
20;2;125;69.679;0;79.886;79.886;0;10.207
20;2;126;78.987;0;93.889;93.889;0;14.902
20;2;127;75.204;0;117.567;117.567;0;42.363
20;2;128;66.053;0;136.216;136.216;0;70.163
20;2;129;64.72;0;107.581;107.581;0;42.861
20;2;130;61.362;0;104.618;104.618;0;43.256
20;2;131;52.98;0;91.929;91.929;0;38.949
20;2;132;48.925;0;87.232;87.232;0;38.307
20;2;133;40.25;0;82.354;82.354;0;42.104
20;2;134;142.711;0;176.218;176.218;0;33.506
20;2;135;88.974;0;132.874;132.874;0;43.9
20;2;136;0;0;54.745;54.745;0;54.745
20;2;137;0;0;59.686;59.686;0;59.686
20;2;138;0;0;63.869;63.869;0;63.869
20;2;139;150.464;0;230.552;230.552;0;80.088
20;2;140;0;0;69.934;69.934;0;69.934
20;2;141;0;0;76.027;76.027;0;76.027
20;2;142;58.97;0;127.074;127.074;0;68.105
20;2;143;0;0;47.912;47.912;0;47.912
20;2;144;58.922;0;66.569;66.569;0;7.647
20;2;145;60.496;0;74.168;74.168;0;13.672
20;2;146;63.237;0;75.102;75.102;0;11.865
20;2;147;64.061;0;76.035;76.035;0;11.974
20;2;148;65.741;0;77.648;77.648;0;11.906
20;2;149;66.312;0;75.879;75.879;0;9.567
20;2;150;77.109;0;89.67;89.67;0;12.561
20;2;151;76.497;0;118.102;118.102;0;41.604
20;2;152;67.387;0;109.176;109.176;0;41.789
20;2;153;63.769;0;106.255;106.255;0;42.487
20;2;154;59.909;0;114.234;114.234;0;54.325
20;2;155;57.091;0;90.669;90.669;0;33.577
20;2;156;52.891;0;87.355;87.355;0;34.464
20;2;157;41.543;0;97.092;97.092;0;55.549
20;2;158;36.618;0;78.435;78.435;0;41.817
20;2;159;34.24;0;68.187;68.187;0;33.948
20;2;160;32;0;83.937;83.937;0;51.937
20;2;161;32.293;0;89.488;89.488;0;57.195
20;2;162;40.19;0;98.791;98.791;0;58.601
20;2;163;42.285;0;103.213;103.213;0;60.929
20;2;164;41.453;0;103.41;103.41;0;61.957
20;2;165;43.27;0;102.36;102.36;0;59.089
20;2;166;35.438;0;107.888;107.888;0;72.45
20;2;167;141.324;0;199.439;199.439;0;58.116
20;3;0;0;0;7.579;7.579;0;7.579
20;3;1;136.658;0;147.87;147.87;0;11.212
20;3;2;136.734;0;147.46;147.46;0;10.726
20;3;3;138.497;0;149.43;149.43;0;10.932
20;3;4;188.161;0;198.993;198.993;0;10.832
20;3;5;97.824;0;108.268;108.268;0;10.444
20;3;6;159.396;0;174.983;174.983;0;15.587
20;3;7;156.803;0;201.342;201.342;0;44.539
20;3;8;144.645;0;207.833;207.833;0;63.188
20;3;9;142.409;0;186.842;186.842;0;44.433
20;3;10;135.907;0;180.332;180.332;0;44.425
20;3;11;129.399;0;162.522;162.522;0;33.123
20;3;12;126.755;0;161.649;41.298;120.352;34.894
20;3;13;114.968;0;149.479;149.479;0;34.511
20;3;14;132.213;0;169.715;0;169.715;37.502
20;3;15;169.046;0;200.307;7.148;193.159;31.261
20;3;16;171.213;0;224.821;224.821;0;53.609
20;3;17;32.004;0;95.295;95.295;0;63.292
20;3;18;176.418;0;234.937;234.937;0;58.519
20;3;19;0;0;72.949;72.949;0;72.949
20;3;20;30.611;0;95.366;95.366;0;64.755
20;3;21;121.067;0;196.429;196.429;0;75.362
20;3;22;131.078;0;197.446;197.446;0;66.368
20;3;23;186.854;0;242.885;242.885;0;56.032
20;3;24;188.596;0;196.199;196.199;0;7.603
20;3;25;0;0;15.261;15.261;0;15.261
20;3;26;139.552;0;151.341;151.341;0;11.789
20;3;27;142.293;0;152.323;152.323;0;10.03
20;3;28;144.942;0;156.462;156.462;0;11.52
20;3;29;147.666;0;160.552;160.552;0;12.886
20;3;30;159.892;0;172.33;172.33;0;12.437
20;3;31;160.531;0;201.348;201.348;0;40.818
20;3;32;149.282;0;202.233;202.233;0;52.951
20;3;33;145.243;0;193.716;193.716;0;48.473
20;3;34;138.907;0;181.507;0;181.507;42.6
20;3;35;131.327;0;162.452;0;162.452;31.125
20;3;36;129.734;0;170.307;0;170.307;40.573
20;3;37;123.911;0;162.77;71.297;91.473;38.86
20;3;38;123.106;0;173.777;173.777;0;50.671
20;3;39;125.81;0;174.496;174.496;0;48.686
20;3;40;123.528;0;188.082;188.082;0;64.554
20;3;41;126.183;0;192.848;192.848;0;66.666
20;3;42;135.825;0;202.815;202.815;0;66.99
20;3;43;135.756;0;203.772;203.772;0;68.016
20;3;44;134.026;0;206.671;206.671;0;72.645
20;3;45;133.288;0;189.67;189.67;0;56.383
20;3;46;122.668;0;184.923;184.923;0;62.256
20;3;47;121.091;0;150.699;150.699;0;29.609
20;3;48;98.043;0;105.634;105.634;0;7.592
20;3;49;92.905;0;102.279;102.279;0;9.373
20;3;50;89.22;0;100.383;100.383;0;11.162
20;3;51;86.643;0;97.98;97.98;0;11.337
20;3;52;86.235;0;98.17;98.17;0;11.935
20;3;53;86.663;0;97.409;97.409;0;10.746
20;3;54;86.113;0;101.692;101.692;0;15.579
20;3;55;106.412;0;142.723;142.723;0;36.311
20;3;56;106.866;0;168.152;168.152;0;61.286
20;3;57;92.043;0;128.41;128.41;0;36.367
20;3;58;93.658;0;134.256;134.256;0;40.598
20;3;59;91.016;0;129.046;129.046;0;38.029
20;3;60;85.976;0;119.064;119.064;0;33.088
20;3;61;79.624;0;123.68;0;123.68;44.055
20;3;62;75.581;0;110.321;110.321;0;34.741
20;3;63;81.288;0;118.33;118.33;0;37.042
20;3;64;78.321;0;134.468;134.468;0;56.147
20;3;65;164.283;0;217.381;217.381;0;53.098
20;3;66;165.582;0;229.357;229.357;0;63.775
20;3;67;81.328;0;140.549;140.549;0;59.221
20;3;68;74.272;0;134.933;134.933;0;60.661
20;3;69;0;0;79.863;79.863;0;79.863
20;3;70;0;0;56.541;56.541;0;56.541
20;3;71;87.47;0;132.226;132.226;0;44.756
20;3;72;90.418;0;99.845;99.845;0;9.427
20;3;73;90.965;0;106.94;106.94;0;15.975
20;3;74;93.066;0;103.199;103.199;0;10.133
20;3;75;96.282;0;111.21;111.21;0;14.928
20;3;76;95.566;0;107.734;107.734;0;12.168
20;3;77;96.7;0;109.894;109.894;0;13.194
20;3;78;172.08;0;188.106;188.106;0;16.027
20;3;79;42.33;0;64.878;64.878;0;22.548
20;3;80;122.578;0;146.535;146.535;0;23.957
20;3;81;103.279;0;141.269;141.269;0;37.989
20;3;82;103.342;0;157.788;157.788;0;54.446
20;3;83;103.206;0;149.486;149.486;0;46.28
20;3;84;97.919;0;148.057;148.057;0;50.138
20;3;85;171.213;0;217.442;0;217.442;46.23
20;3;86;17.053;0;58.502;0;58.502;41.449
20;3;87;174.248;0;210.194;44.96;165.234;35.946
20;3;88;68.789;0;110.944;110.944;0;42.154
20;3;89;176.852;0;237.753;237.753;0;60.9
20;3;90;179.024;0;231.354;231.354;0;52.329
20;3;91;18.348;0;83.923;83.923;0;65.574
20;3;92;0;0;63.903;63.903;0;63.903
20;3;93;118.834;0;179.936;179.936;0;61.103
20;3;94;124.036;0;177.37;177.37;0;53.334
20;3;95;121.605;0;164.492;164.492;0;42.886
20;3;96;151.358;0;160.964;160.964;0;9.606
20;3;97;154.446;0;170.156;170.156;0;15.711
20;3;98;156.259;0;167.759;167.759;0;11.5
20;3;99;159.606;0;172.262;172.262;0;12.656
20;3;100;157.874;0;169.725;169.725;0;11.85
20;3;101;153.782;0;164.028;164.028;0;10.246
20;3;102;162.274;0;173.111;173.111;0;10.837
20;3;103;160.624;0;191.448;191.448;0;30.825
20;3;104;142.891;0;191.68;191.68;0;48.789
20;3;105;180.762;0;235.518;235.518;0;54.755
20;3;106;101.643;0;166.77;166.77;0;65.127
20;3;107;144.111;0;197.417;197.417;0;53.306
20;3;108;149.313;0;204.348;204.348;0;55.034
20;3;109;139.189;0;188.283;188.283;0;49.094
20;3;110;137.412;0;188.054;188.054;0;50.642
20;3;111;134.784;0;187.692;187.692;0;52.908
20;3;112;130.074;0;197.989;197.989;0;67.914
20;3;113;129.349;0;195.525;195.525;0;66.175
20;3;114;138.719;0;213.437;213.437;0;74.718
20;3;115;135.385;0;207.666;207.666;0;72.281
20;3;116;135.552;0;191.98;191.98;0;56.428
20;3;117;135.112;0;207.498;207.498;0;72.386
20;3;118;124.754;0;179.786;179.786;0;55.032
20;3;119;136.353;0;175.171;175.171;0;38.818
20;3;120;181.197;0;188.994;188.994;0;7.797
20;3;121;182.067;0;197.498;197.498;0;15.431
20;3;122;184.677;0;196.813;196.813;0;12.136
20;3;123;187.725;0;198.625;198.625;0;10.901
20;3;124;87.227;0;97.449;97.449;0;10.221
20;3;125;0;0;9.908;9.908;0;9.908
20;3;126;165.929;0;185.289;185.289;0;19.36
20;3;127;167.093;0;218.085;218.085;0;50.993
20;3;128;153.885;0;203.195;203.195;0;49.31
20;3;129;148.774;0;202.95;202.95;0;54.176
20;3;130;141.465;0;193.808;193.808;0;52.342
20;3;131;139.852;0;192.013;192.013;0;52.162
20;3;132;138.413;0;177.984;177.984;0;39.571
20;3;133;126.8;0;160.174;160.174;0;33.374
20;3;134;126.252;0;179.299;179.299;0;53.047
20;3;135;128.339;0;173.955;173.955;0;45.616
20;3;136;182.502;0;240.748;240.748;0;58.246
20;3;137;71.683;0;138.725;138.725;0;67.042
20;3;138;139.026;0;210.435;210.435;0;71.41
20;3;139;187.289;0;271.817;271.817;0;84.527
20;3;140;103.688;0;168.704;168.704;0;65.016
20;3;141;149.804;0;222.153;222.153;0;72.349
20;3;142;141.903;0;213.151;213.151;0;71.248
20;3;143;146.363;0;192.276;192.276;0;45.913
20;3;144;190.34;0;197.91;197.91;0;7.571
20;3;145;107.583;0;119.106;119.106;0;11.523
20;3;146;191.648;0;201.864;201.864;0;10.216
20;3;147;114.674;0;125.755;125.755;0;11.08
20;3;148;155.641;0;166.009;166.009;0;10.368
20;3;149;157.252;0;170.247;170.247;0;12.995
20;3;150;168.03;0;187.397;187.397;0;19.367
20;3;151;163.888;0;200.306;200.306;0;36.418
20;3;152;148.226;0;205.487;205.487;0;57.261
20;3;153;136.958;0;174.562;174.562;0;37.604
20;3;154;128.325;0;164.999;164.999;0;36.675
20;3;155;117.662;0;155.663;155.663;0;38.001
20;3;156;117.665;0;153.273;153.273;0;35.608
20;3;157;171.213;0;215.807;215.807;0;44.595
20;3;158;43.515;0;90.191;90.191;0;46.677
20;3;159;106.339;0;155.932;155.932;0;49.593
20;3;160;103.357;0;153.657;153.657;0;50.3
20;3;161;101.604;0;174.604;174.604;0;72.999
20;3;162;107.751;0;172.815;172.815;0;65.064
20;3;163;109.812;0;187.518;187.518;0;77.706
20;3;164;105.707;0;162.417;162.417;0;56.71
20;3;165;106.063;0;173.53;173.53;0;67.467
20;3;166;170.346;0;236.917;236.917;0;66.572
20;3;167;150.264;0;203.091;203.091;0;52.827
