Support_Year;Cluster;Timestep;PV;HP;EB;from_grid;to_grid;from_main_grid;to_main_grid;Power_Demand_kW
0;0;0;0;204.638;0;210.079;0;210.079;0;5.441
0;0;1;0;199.019;0;206.588;0;206.588;0;7.569
0;0;2;0;194.704;0;202.279;0;202.279;0;7.575
0;0;3;0;192.549;34.867;235.099;0;235.099;0;7.682
0;0;4;0;195.567;92.741;295.741;0;295.741;0;7.433
0;0;5;0;199.019;92.741;300.538;0;300.538;0;8.777
0;0;6;0;202.908;92.741;304.448;0;304.448;0;8.799
0;0;7;0;205.07;92.741;321.757;0;321.757;0;23.945
0;0;8;0;205.503;92.741;326.306;0;326.306;0;28.062
0;0;9;0.565;206.802;92.741;333.693;0;333.693;0;34.716
0;0;10;13.95;206.802;92.741;329.229;0;329.229;0;43.635
0;0;11;109.974;202.043;92.741;211.87;0;211.87;0;27.06
0;0;12;120.069;196.429;92.741;196.054;0;196.054;0;26.952
0;0;13;67.05;191.688;92.741;246.825;0;246.825;0;29.446
0;0;14;34.863;188.244;92.741;271.08;0;271.08;0;24.958
0;0;15;12.845;185.663;92.741;302.811;0;302.811;0;37.252
0;0;16;4.533;185.663;92.741;316.317;0;316.317;0;42.446
0;0;17;0;186.953;92.741;325.35;0;325.35;0;45.656
0;0;18;0;187.383;92.741;324.607;0;324.607;0;44.483
0;0;19;0;186.523;92.741;334.006;0;334.006;0;54.742
0;0;20;0;186.523;92.741;323.411;0;323.411;0;44.147
0;0;21;0;187.383;92.741;334.367;0;334.367;0;54.243
0;0;22;0;186.523;92.741;332.184;0;332.184;0;52.92
0;0;23;0;188.244;92.741;320.988;0;320.988;0;40.003
0;0;24;0;188.244;48.708;242.452;0;242.452;0;5.5
0;0;25;0;186.953;46.929;247.53;0;247.53;0;13.648
0;0;26;0;186.523;52.944;247.229;0;247.229;0;7.762
0;0;27;0;185.663;51.28;248.145;0;248.145;0;11.201
0;0;28;0;184.374;52.227;245.183;0;245.183;0;8.582
0;0;29;0;182.655;48.769;242.128;0;242.128;0;10.704
0;0;30;0;182.226;84.95;278.87;0;278.87;0;11.694
0;0;31;0;181.796;86.917;293.808;0;293.808;0;25.095
0;0;32;0;181.367;47.812;270.913;0;270.913;0;41.734
0;0;33;2.57;182.226;49.503;262.249;0;262.249;0;33.09
0;0;34;44.015;180.938;41.944;213.906;0;213.906;0;35.039
0;0;35;80.995;179.65;23.434;150.83;0;150.83;0;28.74
0;0;36;62.031;178.792;20.87;168.673;0;168.673;0;31.043
0;0;37;35.141;177.934;0;169.747;0;169.747;0;26.953
0;0;38;13.334;177.077;0;193.49;0;193.49;0;29.747
0;0;39;8.605;174.934;0;224.482;0;224.482;0;58.153
0;0;40;1.385;174.934;0;223.593;0;223.593;0;50.045
0;0;41;0;175.362;0;231.145;0;231.145;0;55.783
0;0;42;0;177.506;0;226.501;0;226.501;0;48.996
0;0;43;0;178.363;0;226.038;0;226.038;0;47.675
0;0;44;0;178.792;0;236.066;0;236.066;0;57.274
0;0;45;0;177.506;0;242.519;0;242.519;0;65.014
0;0;46;0;179.65;0;225.895;0;225.895;0;46.244
0;0;47;0;178.363;0;224.935;0;224.935;0;46.572
0;0;48;0;179.65;0;185.501;0;185.501;0;5.851
0;0;49;0;179.65;0;189.756;0;189.756;0;10.105
0;0;50;0;178.792;0;186.47;0;186.47;0;7.677
0;0;51;0;181.367;0;188.613;0;188.613;0;7.246
0;0;52;0;180.509;0;188.509;0;188.509;0;8.001
0;0;53;0;178.363;0;187.081;0;187.081;0;8.718
0;0;54;0;175.362;0;189.036;0;189.036;0;13.673
0;0;55;0;172.364;0;203.666;0;203.666;0;31.302
0;0;56;0;172.792;0;204.265;0;204.265;0;31.473
0;0;57;1.106;168.598;0;206.83;0;206.83;0;39.338
0;0;58;52.394;160.662;0;153.878;0;153.878;0;45.61
0;0;59;100.687;153.102;0;86.242;0;86.242;0;33.827
0;0;60;133.351;138.996;0;35.38;0;35.38;0;29.735
0;0;61;129.505;124.772;0;24.141;0;24.141;0;28.874
0;0;62;83.409;119.014;0;60.337;0;60.337;0;24.732
0;0;63;43.757;159.543;0;146.944;0;146.944;0;31.158
0;0;64;5.637;161.249;0;207.479;0;207.479;0;51.867
0;0;65;0;34.591;0;77.77;0;77.77;0;43.178
0;0;66;0;117.569;0;182.134;0;182.134;0;64.565
0;0;67;0;165.947;0;229.494;0;229.494;0;63.546
0;0;68;0;164.665;0;214.855;0;214.855;0;50.19
0;0;69;0;166.802;0;234.617;0;234.617;0;67.815
0;0;70;0;167.657;0;224.491;0;224.491;0;56.834
0;0;71;0;170.652;0;202.489;0;202.489;0;31.837
0;0;72;0;172.792;0;178.358;0;178.358;0;5.566
0;0;73;0;174.505;0;184;0;184;0;9.495
0;0;74;0;177.077;0;184.18;0;184.18;0;7.104
0;0;75;0;179.221;0;187.663;0;187.663;0;8.441
0;0;76;0;181.367;0;189.292;0;189.292;0;7.925
0;0;77;0;183.514;0;194.587;0;194.587;0;11.073
0;0;78;0;44.308;0;54.53;0;54.53;0;10.221
0;0;79;0;185.663;0;205.289;0;205.289;0;19.626
0;0;80;0;188.244;0;219.179;0;219.179;0;30.935
0;0;81;1.399;188.244;0;217.96;0;217.96;0;31.116
0;0;82;57.772;186.523;0;172.219;0;172.219;0;43.467
0;0;83;79.719;183.944;0;132.274;0;132.274;0;28.049
0;0;84;77.75;181.796;0;147.885;0;147.885;0;43.839
0;0;85;86.76;173.614;0;115.901;0;115.901;0;29.047
0;0;86;129.937;158.616;0;64.805;0;64.805;0;36.126
0;0;87;75.439;165.12;0;125.577;0;125.577;0;35.896
0;0;88;12.899;157.337;0;188.288;0;188.288;0;43.851
0;0;89;0;147.026;0;198.812;0;198.812;0;51.785
0;0;90;0;147.264;0;202.169;0;202.169;0;54.905
0;0;91;0;149.905;0;200.052;0;200.052;0;50.147
0;0;92;0;154.651;0;218.032;0;218.032;0;63.38
0;0;93;0;159.478;0;205.492;0;205.492;0;46.014
0;0;94;0;160.453;0;206.445;0;206.445;0;45.992
0;0;95;0;150.612;0;184.752;0;184.752;0;34.14
0;0;96;0;164.197;0;169.89;0;169.89;0;5.693
0;0;97;0;164.864;0;179.899;0;179.899;0;15.034
0;0;98;0;164.391;0;172.674;0;172.674;0;8.283
0;0;99;0;162.791;0;170.597;0;170.597;0;7.806
0;0;100;0;166.048;0;174.918;0;174.918;0;8.87
0;0;101;0;168.94;0;176.782;0;176.782;0;7.842
0;0;102;0;169.368;0;180.2;0;180.2;0;10.832
0;0;103;0;169.368;0;194.446;0;194.446;0;25.078
0;0;104;0;163.526;0;204.361;0;204.361;0;40.835
0;0;105;4.301;162.172;0;199.929;0;199.929;0;42.057
0;0;106;72.362;159.025;0;143.705;0;143.705;0;57.042
0;0;107;99.305;149.065;0;71.827;0;71.827;0;22.068
0;0;108;47.728;149.054;0;129.341;0;129.341;0;28.015
0;0;109;20.358;140.333;0;149.222;0;149.222;0;29.246
0;0;110;11.869;137.657;0;168.046;0;168.046;0;42.258
0;0;111;6.071;137.15;0;172.872;0;172.872;0;41.793
0;0;112;1.102;135.865;0;186.741;0;186.741;0;51.978
0;0;113;0;164.238;0;207.869;0;207.869;0;43.63
0;0;114;0;110.845;0;163.239;0;163.239;0;52.394
0;0;115;0;146.692;0;211.749;0;211.749;0;65.058
0;0;116;0;146.282;0;199.139;0;199.139;0;52.858
0;0;117;0;145.707;0;200.005;0;200.005;0;54.297
0;0;118;0;135.252;0;175.517;0;175.517;0;40.265
0;0;119;0;132.473;0;160.285;0;160.285;0;27.812
0;0;120;0;127.563;0;133.235;0;133.235;0;5.672
0;0;121;0;124.785;0;134.119;0;134.119;0;9.334
0;0;122;0;117.851;0;126.356;0;126.356;0;8.505
0;0;123;0;113.548;0;120.231;0;120.231;0;6.683
0;0;124;0;112.211;0;119.547;0;119.547;0;7.336
0;0;125;0;107.895;0;119.965;0;119.965;0;12.07
0;0;126;0;115.372;0;130.331;0;130.331;0;14.959
0;0;127;0;115.273;0;141.61;0;141.61;0;26.337
0;0;128;0;99.997;0;146.26;0;146.26;0;46.263
0;0;129;3.804;99.477;0;132.21;0;132.21;0;36.536
0;0;130;26.672;147.616;0;156.908;0;156.908;0;35.964
0;0;131;11.994;147.191;0;163.539;0;163.539;0;28.342
0;0;132;35.726;81.939;0;67.821;0;67.821;0;21.608
0;0;133;19.089;0;0;11.738;0;11.738;0;30.828
0;0;134;28.343;154.001;0;154.752;0;154.752;0;29.094
0;0;135;47.6;154.427;0;135.057;0;135.057;0;28.23
0;0;136;2.467;157.41;0;196.848;0;196.848;0;41.905
0;0;137;0;134.187;0;186.64;0;186.64;0;52.452
0;0;138;0;0;0;56.458;0;56.458;0;56.458
0;0;139;0;0;0;66.343;0;66.343;0;66.343
0;0;140;0;120.05;0;177.637;0;177.637;0;57.587
0;0;141;0;124.206;0;166.221;0;166.221;0;42.015
0;0;142;0;112.611;0;156.251;0;156.251;0;43.64
0;0;143;0;115.898;0;145.423;0;145.423;0;29.525
0;0;144;0;119.432;0;125.217;0;125.217;0;5.785
0;0;145;0;119.849;0;129.898;0;129.898;0;10.049
0;0;146;0;123.138;0;131.098;0;131.098;0;7.961
0;0;147;0;124.278;0;131.842;0;131.842;0;7.564
0;0;148;0;163.384;0;170.771;0;170.771;0;7.387
0;0;149;0;94.205;0;102.699;0;102.699;0;8.494
0;0;150;0;166.802;0;180.267;0;180.267;0;13.465
0;0;151;0;168.085;0;197.267;0;197.267;0;29.183
0;0;152;0;110.25;0;139.923;0;139.923;0;29.673
0;0;153;8.301;148.028;0;182.771;0;182.771;0;43.043
0;0;154;84.564;147.361;0;114.044;0;114.044;0;51.247
0;0;155;113.079;141.827;0;57.006;0;57.006;0;28.257
0;0;156;104.618;138.07;0;58.14;0;58.14;0;24.689
0;0;157;102.681;118.704;0;51.279;0;51.279;0;35.256
0;0;158;109.123;106.909;0;29.305;0;29.305;0;31.518
0;0;159;60.624;159.969;0;125.563;0;125.563;0;26.218
0;0;160;6.66;160.823;0;192.641;0;192.641;0;38.479
0;0;161;0;162.957;0;220.513;0;220.513;0;57.556
0;0;162;0;164.238;0;213.073;0;213.073;0;48.835
0;0;163;0;165.947;0;220.419;0;220.419;0;54.472
0;0;164;0;41.451;0;97.624;0;97.624;0;56.174
0;0;165;0;168.085;0;228.486;0;228.486;0;60.401
0;0;166;0;169.368;0;230.433;0;230.433;0;61.065
0;0;167;0;170.224;0;204.848;0;204.848;0;34.625
0;1;0;0;0;0;5.556;0;5.556;0;5.556
0;1;1;0;0;0;7.117;0;7.117;0;7.117
0;1;2;0;0;0;7.237;0;7.237;0;7.237
0;1;3;0;0;0;7.476;0;7.476;0;7.476
0;1;4;0;0;0;9.078;0;9.078;0;9.078
0;1;5;0;0;0;10.018;0;10.018;0;10.018
0;1;6;2.763;0;0;13.006;0;13.006;0;15.769
0;1;7;30.277;0;0;0;10.331;0;10.331;19.946
0;1;8;85.339;0;0;0;54.561;0;54.561;30.779
0;1;9;146.92;0;0;0;121.483;0;121.483;25.437
0;1;10;195.651;0;0;0;165.57;0;165.57;30.081
0;1;11;221.763;0;0;0;195.953;0;195.953;25.809
0;1;12;242.133;0;0;0;210.552;0;210.552;31.581
0;1;13;271.267;0;0;0;240.951;0;240.951;30.316
0;1;14;222.204;0;0;0;191.141;0;191.141;31.062
0;1;15;151.566;0;0;0;132.117;0;132.117;19.449
0;1;16;103.573;0;0;0;68.786;0;68.786;34.787
0;1;17;62.713;0;0;0;16.396;0;16.396;46.317
0;1;18;27.507;0;0;24.634;0;24.634;0;52.142
0;1;19;1.061;0;0;46.527;0;46.527;0;47.588
0;1;20;0;0;0;53.727;0;53.727;0;53.727
0;1;21;0;0;0;47.005;0;47.005;0;47.005
0;1;22;0;0;0;52.088;0;52.088;0;52.088
0;1;23;0;0;0;27.652;0;27.652;0;27.652
0;1;24;0;0;0;5.537;0;5.537;0;5.537
0;1;25;0;0;0;7.472;0;7.472;0;7.472
0;1;26;0;0;0;8.633;0;8.633;0;8.633
0;1;27;0;0;0;10.279;0;10.279;0;10.279
0;1;28;0;0;0;11.091;0;11.091;0;11.091
0;1;29;0;0;0;12.638;0;12.638;0;12.638
0;1;30;2.247;0;0;20.797;0;20.797;0;23.045
0;1;31;28.021;0;0;0;0.959;0;0.959;27.063
0;1;32;82.96;0;0;0;51.078;0;51.078;31.882
0;1;33;139.454;0;0;0;111.945;0;111.945;27.509
0;1;34;180.592;0;0;0;133.777;0;133.777;46.815
0;1;35;218.259;0;0;0;191.554;0;191.554;26.705
0;1;36;264.553;0;0;0;226.09;0;226.09;38.463
0;1;37;269.889;0;0;0;237.631;0;237.631;32.259
0;1;38;252.648;0;0;0;222.825;0;222.825;29.824
0;1;39;214.193;0;0;0;180.557;0;180.557;33.636
0;1;40;160.383;0;0;0;129.187;0;129.187;31.196
0;1;41;95.592;39.256;0;0;6.388;0;6.388;49.948
0;1;42;42.194;0;0;0;2.331;0;2.331;39.862
0;1;43;4.083;0;0;34.191;0;34.191;0;38.274
0;1;44;0;0;0;49.168;0;49.168;0;49.168
0;1;45;0;0;0;68.166;0;68.166;0;68.166
0;1;46;0;0;0;55.194;0;55.194;0;55.194
0;1;47;0;0;0;40.404;0;40.404;0;40.404
0;1;48;0;0;0;5.587;0;5.587;0;5.587
0;1;49;0;0;0;8.168;0;8.168;0;8.168
0;1;50;0;0;0;8.398;0;8.398;0;8.398
0;1;51;0;0;0;8.393;0;8.393;0;8.393
0;1;52;0;0;0;7.837;0;7.837;0;7.837
0;1;53;0;0;0;7.614;0;7.614;0;7.614
0;1;54;1.334;0;0;7.378;0;7.378;0;8.712
0;1;55;16.902;0;0;0;2.089;0;2.089;14.814
0;1;56;66.882;0;0;0;30.746;0;30.746;36.136
0;1;57;126.202;0;0;0;108.851;0;108.851;17.35
0;1;58;176.777;2.854;0;0;134.914;0;134.914;39.009
0;1;59;211.93;2.411;0;0;176.706;0;176.706;32.812
0;1;60;242.799;1.864;0;0;212.65;0;212.65;28.284
0;1;61;217.211;2.267;0;0;185.419;0;185.419;29.525
0;1;62;143.083;3.281;0;0;113.715;0;113.715;26.087
0;1;63;59.954;30.705;0;0;0;0;0;29.249
0;1;64;96.705;34.732;0;0;32.608;0;32.608;29.366
0;1;65;74.347;0;0;0;36.285;0;36.285;38.062
0;1;66;30.618;0;0;16.108;0;16.108;0;46.726
0;1;67;3.716;0;0;56.607;0;56.607;0;60.323
0;1;68;0;0;0;56.566;0;56.566;0;56.566
0;1;69;0;0;0;42.631;0;42.631;0;42.631
0;1;70;0;0;0;56.778;0;56.778;0;56.778
0;1;71;0;0;0;34.101;0;34.101;0;34.101
0;1;72;0;0;0;5.584;0;5.584;0;5.584
0;1;73;0;0;0;7.115;0;7.115;0;7.115
0;1;74;0;0;0;7.355;0;7.355;0;7.355
0;1;75;0;0;0;7.517;0;7.517;0;7.517
0;1;76;0;0;0;7.784;0;7.784;0;7.784
0;1;77;0;0;0;8.264;0;8.264;0;8.264
0;1;78;1.615;0;0;8.386;0;8.386;0;10.001
0;1;79;21.17;0;0;0;10.907;0;10.907;10.264
0;1;80;75.971;0;0;0;54.465;0;54.465;21.506
0;1;81;145.758;3.292;0;0;116.72;0;116.72;25.746
0;1;82;203.195;2.828;0;0;170.22;0;170.22;30.147
0;1;83;245.62;2.537;0;0;215.217;0;215.217;27.866
0;1;84;263.401;1.814;0;0;226.085;0;226.085;35.503
0;1;85;244.863;2.55;0;0;208.797;0;208.797;33.516
0;1;86;215.632;3.125;0;0;182.194;0;182.194;30.314
0;1;87;201.131;56.955;0;0;100.398;0;100.398;43.778
0;1;88;112.595;0;0;0;76.181;0;76.181;36.414
0;1;89;60.606;0;0;0;16.325;0;16.325;44.281
0;1;90;38.843;0;0;0;1.978;0;1.978;36.865
0;1;91;3.821;0;0;35.35;0;35.35;0;39.171
0;1;92;0;0;0;44.294;0;44.294;0;44.294
0;1;93;0;0;0;52.993;0;52.993;0;52.993
0;1;94;0;0;0;45.558;0;45.558;0;45.558
0;1;95;0;0;0;37.013;0;37.013;0;37.013
0;1;96;0;0;0;6.429;0;6.429;0;6.429
0;1;97;0;0;0;11.26;0;11.26;0;11.26
0;1;98;0;0;0;8.052;0;8.052;0;8.052
0;1;99;0;0;0;7.537;0;7.537;0;7.537
0;1;100;0;0;0;11.67;0;11.67;0;11.67
0;1;101;0;0;0;7.071;0;7.071;0;7.071
0;1;102;1.343;0;0;5.668;0;5.668;0;7.011
0;1;103;23.397;0;0;0;4.357;0;4.357;19.04
0;1;104;60.632;0;0;0;31.473;0;31.473;29.159
0;1;105;68.536;3.016;0;0;13.51;0;13.51;52.01
0;1;106;146.182;3.031;0;0;103.75;0;103.75;39.401
0;1;107;250.631;2.82;0;0;206.898;0;206.898;40.913
0;1;108;280.608;4.288;0;0;245.4;0;245.4;30.92
0;1;109;227.853;2.201;0;0;189.763;0;189.763;35.889
0;1;110;119.845;2.328;0;0;81.35;0;81.35;36.168
0;1;111;94.668;2.697;0;0;59.852;0;59.852;32.119
0;1;112;86.769;27.006;0;0;22.159;0;22.159;37.604
0;1;113;69.054;24.108;0;0;0;0;0;44.946
0;1;114;36.422;0;0;3.721;0;3.721;0;40.143
0;1;115;3.572;0;0;43.963;0;43.963;0;47.535
0;1;116;0;0;0;61.584;0;61.584;0;61.584
0;1;117;0;0;0;56.475;0;56.475;0;56.475
0;1;118;0;0;0;59.879;0;59.879;0;59.879
0;1;119;0;0;0;43.986;0;43.986;0;43.986
0;1;120;0;0;0;5.884;0;5.884;0;5.884
0;1;121;0;0;0;9.468;0;9.468;0;9.468
0;1;122;0;0;0;7.254;0;7.254;0;7.254
0;1;123;0;0;0;9.122;0;9.122;0;9.122
0;1;124;0;0;0;8.57;0;8.57;0;8.57
0;1;125;0;0;0;6.571;0;6.571;0;6.571
0;1;126;0.804;0;0;15.738;0;15.738;0;16.541
0;1;127;17.617;0;0;15.63;0;15.63;0;33.247
0;1;128;77.134;0;0;0;44.32;0;44.32;32.813
0;1;129;144.392;2.888;0;0;110.359;0;110.359;31.145
0;1;130;201.769;3.121;0;0;174.479;0;174.479;24.17
0;1;131;239.382;2.858;0;0;201.681;0;201.681;34.843
0;1;132;261.398;4.771;0;0;225.7;0;225.7;30.927
0;1;133;247.214;2.218;0;0;212.057;0;212.057;32.938
0;1;134;195.548;2.433;0;0;166.035;0;166.035;27.08
0;1;135;138.438;2.341;0;0;107.277;0;107.277;28.82
0;1;136;107.826;1.58;0;0;46.318;0;46.318;59.928
0;1;137;83.849;43.955;0;0;0.657;0;0.657;39.237
0;1;138;37.371;0;0;17.144;0;17.144;0;54.516
0;1;139;3.229;0;0;55.791;0;55.791;0;59.02
0;1;140;0;0;0;56.771;0;56.771;0;56.771
0;1;141;0;0;0;49.109;0;49.109;0;49.109
0;1;142;0;0;0;69.681;0;69.681;0;69.681
0;1;143;0;0;0;40.935;0;40.935;0;40.935
0;1;144;0;0;0;5.524;0;5.524;0;5.524
0;1;145;0;0;0;10.374;0;10.374;0;10.374
0;1;146;0;0;0;7.616;0;7.616;0;7.616
0;1;147;0;0;0;8.356;0;8.356;0;8.356
0;1;148;0;0;0;7.122;0;7.122;0;7.122
0;1;149;0;0;0;8.113;0;8.113;0;8.113
0;1;150;0.532;0;0;8.546;0;8.546;0;9.078
0;1;151;22.761;0;0;0;0;0;0;22.761
0;1;152;80.098;0;0;0;52.419;0;52.419;27.679
0;1;153;145.702;3.108;0;0;111.274;0;111.274;31.32
0;1;154;202.549;3.252;0;0;172.865;0;172.865;26.432
0;1;155;244.919;1.882;0;0;216.348;0;216.348;26.688
0;1;156;268.185;4.177;0;0;233.871;0;233.871;30.138
0;1;157;263.869;2.248;0;0;235.611;0;235.611;26.009
0;1;158;196.006;1.837;0;0;153.547;0;153.547;40.623
0;1;159;171.323;93.679;0;0;47.264;0;47.264;30.38
0;1;160;134.215;28.415;0;0;70.122;0;70.122;35.677
0;1;161;93.482;45.337;0;0;0;0;0;48.145
0;1;162;36.057;6.419;0;22.829;0;22.829;0;52.467
0;1;163;3.013;6.527;0;43.591;0;43.591;0;40.077
0;1;164;0;7.108;0;63.959;0;63.959;0;56.85
0;1;165;0;5.797;0;63.899;0;63.899;0;58.103
0;1;166;0;0;0;54.126;0;54.126;0;54.126
0;1;167;0;0;0;52.475;0;52.475;0;52.475
0;2;0;0;0;0;5.806;0;5.806;0;5.806
0;2;1;0;0;0;9.661;0;9.661;0;9.661
0;2;2;0;142.941;0;150.747;0;150.747;0;7.807
0;2;3;0;0;0;8.566;0;8.566;0;8.566
0;2;4;0;44.838;0;57.437;0;57.437;0;12.599
0;2;5;0;147.191;0;155.7;0;155.7;0;8.509
0;2;6;0;0;0;14.196;0;14.196;0;14.196
0;2;7;0;0;0;26.663;0;26.663;0;26.663
0;2;8;9.241;0;0;27.058;0;27.058;0;36.299
0;2;9;43.6;79.931;0;62.451;0;62.451;0;26.12
0;2;10;137.988;73.005;0;0;28.798;0;28.798;36.185
0;2;11;201.491;72.98;0;0;93.869;0;93.869;34.641
0;2;12;183.11;139.544;0;0;10.573;0;10.573;32.994
0;2;13;113.305;76.245;0;0;0;0;0;37.06
0;2;14;91.106;64.282;0;0;0;0;0;26.823
0;2;15;117.025;93.312;0;0;0;0;0;23.713
0;2;16;57.604;27.263;0;26.778;0;26.778;0;57.119
0;2;17;9.012;32.131;0;60.874;0;60.874;0;37.756
0;2;18;0;0;0;48.618;0;48.618;0;48.618
0;2;19;0;101.233;0;152.239;0;152.239;0;51.007
0;2;20;0;61.842;0;109.591;0;109.591;0;47.749
0;2;21;0;0;0;50.533;0;50.533;0;50.533
0;2;22;0;134.989;0;208.591;0;208.591;0;73.602
0;2;23;0;29.529;0;70.817;0;70.817;0;41.288
0;2;24;0;0;0;5.854;0;5.854;0;5.854
0;2;25;0;0;0;7.817;0;7.817;0;7.817
0;2;26;0;162.103;0;170.093;0;170.093;0;7.99
0;2;27;0;0;0;9.406;0;9.406;0;9.406
0;2;28;0;163.811;0;171.366;0;171.366;0;7.555
0;2;29;0;62.063;0;72.714;0;72.714;0;10.651
0;2;30;0;129.955;0;147.507;0;147.507;0;17.551
0;2;31;0;135.208;0;162.061;0;162.061;0;26.853
0;2;32;14.871;131.123;0;154.676;0;154.676;0;38.424
0;2;33;72.919;121.201;0;86.77;0;86.77;0;38.488
0;2;34;114.029;104.103;0;32.148;0;32.148;0;42.074
0;2;35;157.193;130.315;0;0;0;0;0;26.878
0;2;36;169.496;130.604;0;0;0;0;0;38.892
0;2;37;145.097;120.081;0;0;0;0;0;25.016
0;2;38;116.322;81.906;0;0;0;0;0;34.416
0;2;39;79.089;44.524;0;0;0;0;0;34.566
0;2;40;21.169;30.322;0;44.539;0;44.539;0;35.387
0;2;41;5.672;25.719;0;65.404;0;65.404;0;45.357
0;2;42;0;37.065;0;87.124;0;87.124;0;50.058
0;2;43;0;42.532;0;97.947;0;97.947;0;55.415
0;2;44;0;46.905;0;116.681;0;116.681;0;69.777
0;2;45;0;16.011;0;61.459;0;61.459;0;45.448
0;2;46;0;0;0;54.373;0;54.373;0;54.373
0;2;47;0;0;0;31.334;0;31.334;0;31.334
0;2;48;0;0;0;5.902;0;5.902;0;5.902
0;2;49;0;0;0;10.52;0;10.52;0;10.52
0;2;50;0;56.244;0;63.074;0;63.074;0;6.83
0;2;51;0;59.436;0;66.879;0;66.879;0;7.443
0;2;52;0;60.115;0;67.27;0;67.27;0;7.155
0;2;53;0;61.833;0;71.799;0;71.799;0;9.966
0;2;54;0;58.12;0;72.329;0;72.329;0;14.209
0;2;55;0;67.576;0;91.369;0;91.369;0;23.793
0;2;56;5.934;65.776;0;112.874;0;112.874;0;53.032
0;2;57;13.912;51.569;0;78.654;0;78.654;0;40.997
0;2;58;51.205;47.228;0;27.292;0;27.292;0;31.269
0;2;59;56.14;42.255;0;21.309;0;21.309;0;35.193
0;2;60;100.567;81.266;0;0;0;0;0;19.302
0;2;61;94.625;68.882;0;0;0;0;0;25.744
0;2;62;60.179;29.231;0;0;0;0;0;30.948
0;2;63;87.38;50.905;0;0;0;0;0;36.475
0;2;64;11.13;22.479;0;56.311;0;56.311;0;44.961
0;2;65;3.011;130.216;0;175.208;0;175.208;0;48.003
0;2;66;0;0;0;43.641;0;43.641;0;43.641
0;2;67;0;7.12;0;67.179;0;67.179;0;60.059
0;2;68;0;0;0;53.821;0;53.821;0;53.821
0;2;69;0;0;0;61.468;0;61.468;0;61.468
0;2;70;0;0;0;49.145;0;49.145;0;49.145
0;2;71;0;0;0;50.233;0;50.233;0;50.233
0;2;72;0;0;0;5.761;0;5.761;0;5.761
0;2;73;0;45.97;0;59.057;0;59.057;0;13.087
0;2;74;0;47.944;0;56.131;0;56.131;0;8.188
0;2;75;0;49.345;0;57.63;0;57.63;0;8.285
0;2;76;0;50.518;0;59.058;0;59.058;0;8.54
0;2;77;0;52.701;0;60.201;0;60.201;0;7.499
0;2;78;0;54.142;0;66.925;0;66.925;0;12.784
0;2;79;0;71.423;0;85.945;0;85.945;0;14.522
0;2;80;4.206;72.521;0;102.74;0;102.74;0;34.425
0;2;81;23.648;57.843;0;64.887;0;64.887;0;30.692
0;2;82;89.405;62.608;0;0;0;0;0;26.797
0;2;83;93.618;68.825;0;0;0;0;0;24.793
0;2;84;42.094;2.381;0;0;0;0;0;39.713
0;2;85;46.754;38.506;0;25.666;0;25.666;0;33.913
0;2;86;70.513;131.91;0;99.909;0;99.909;0;38.512
0;2;87;30.414;133.605;0;138.983;0;138.983;0;35.792
0;2;88;8.121;30.631;0;66.369;0;66.369;0;43.859
0;2;89;1.354;0;0;47.56;0;47.56;0;48.915
0;2;90;0;0;0;40.415;0;40.415;0;40.415
0;2;91;0;0.602;0;56.558;0;56.558;0;55.956
0;2;92;0;139.544;0;188.427;0;188.427;0;48.883
0;2;93;0;47.695;0;95.258;0;95.258;0;47.563
0;2;94;0;0;0;41.739;0;41.739;0;41.739
0;2;95;0;7.495;0;48.295;0;48.295;0;40.801
0;2;96;0;0;0;5.457;0;5.457;0;5.457
0;2;97;0;0;0;9.357;0;9.357;0;9.357
0;2;98;0;78.219;0;86.172;0;86.172;0;7.953
0;2;99;0;149.743;0;157.617;0;157.617;0;7.874
0;2;100;0;106;0;114.8;0;114.8;0;8.8
0;2;101;0;0;0;7.209;0;7.209;0;7.209
0;2;102;0;100.367;0;111.173;0;111.173;0;10.806
0;2;103;0;103.143;0;124.525;0;124.525;0;21.381
0;2;104;4.557;96.235;0;130.893;0;130.893;0;39.216
0;2;105;16.682;91.373;0;124.421;0;124.421;0;49.73
0;2;106;33.577;83.094;0;93.716;0;93.716;0;44.199
0;2;107;33.411;75.867;0;91.853;0;91.853;0;49.396
0;2;108;39.351;74.931;0;68.27;0;68.27;0;32.691
0;2;109;27.504;126.965;0;129.464;0;129.464;0;30.002
0;2;110;22.786;0;0;21.662;0;21.662;0;44.449
0;2;111;19.913;62.418;0;88.562;0;88.562;0;46.057
0;2;112;10.762;63.03;0;94.676;0;94.676;0;42.407
0;2;113;4.493;66.527;0;103.375;0;103.375;0;41.342
0;2;114;0;73.204;0;119.794;0;119.794;0;46.59
0;2;115;0;77.263;0;134.02;0;134.02;0;56.756
0;2;116;0;80.275;0;126.985;0;126.985;0;46.71
0;2;117;0;83.558;0;118.939;0;118.939;0;35.382
0;2;118;0;76.219;0;128.981;0;128.981;0;52.762
0;2;119;0;151.871;0;183.864;0;183.864;0;31.993
0;2;120;0;16.155;0;21.95;0;21.95;0;5.794
0;2;121;0;155.279;0;162.394;0;162.394;0;7.115
0;2;122;0;33.737;0;42.735;0;42.735;0;8.998
0;2;123;0;99.238;0;113.531;0;113.531;0;14.292
0;2;124;0;101.864;0;110.01;0;110.01;0;8.146
0;2;125;0;103.383;0;110.929;0;110.929;0;7.547
0;2;126;0;114.929;0;127.079;0;127.079;0;12.151
0;2;127;0;109.94;0;133.3;0;133.3;0;23.361
0;2;128;1.641;102.007;0;137.657;0;137.657;0;37.291
0;2;129;17.296;97.85;0;115.488;0;115.488;0;34.935
0;2;130;37.75;92.168;0;92.287;0;92.287;0;37.87
0;2;131;58.596;83.185;0;52.616;0;52.616;0;28.028
0;2;132;111.295;86.464;0;0;0;0;0;24.831
0;2;133;130.524;99.815;0;0;0;0;0;30.709
0;2;134;126.429;140.817;0;37.553;0;37.553;0;23.165
0;2;135;73.065;142.941;0;105.662;0;105.662;0;35.786
0;2;136;34.638;0;0;4.917;0;4.917;0;39.555
0;2;137;2.282;0;0;56.851;0;56.851;0;59.133
0;2;138;0;0;0;54.216;0;54.216;0;54.216
0;2;139;0;148.467;0;203.165;0;203.165;0;54.698
0;2;140;0;23.847;0;89.389;0;89.389;0;65.542
0;2;141;0;0;0;47.593;0;47.593;0;47.593
0;2;142;0;153.575;0;217.736;0;217.736;0;64.161
0;2;143;0;0;0;31.621;0;31.621;0;31.621
0;2;144;0;87.726;0;95.018;0;95.018;0;7.292
0;2;145;0;90.462;0;98.304;0;98.304;0;7.841
0;2;146;0;94.4;0;102.041;0;102.041;0;7.641
0;2;147;0;95.938;0;104.263;0;104.263;0;8.324
0;2;148;0;98.373;0;108.411;0;108.411;0;10.037
0;2;149;0;98.765;0;107.182;0;107.182;0;8.417
0;2;150;0;112.966;0;128.798;0;128.798;0;15.832
0;2;151;0;112.055;0;142.531;0;142.531;0;30.477
0;2;152;6.859;100.67;0;128.342;0;128.342;0;34.531
0;2;153;35.442;96.686;0;102.5;0;102.5;0;41.256
0;2;154;51.438;90.999;0;84.646;0;84.646;0;45.085
0;2;155;68.23;85.115;0;49.113;0;49.113;0;32.229
0;2;156;70.347;79.162;0;39.036;0;39.036;0;30.222
0;2;157;84.031;64.784;0;15.632;0;15.632;0;34.879
0;2;158;71.349;57.481;0;9.954;0;9.954;0;23.821
0;2;159;31.347;52.429;0;48.4;0;48.4;0;27.318
0;2;160;38.907;49.875;0;47.418;0;47.418;0;36.451
0;2;161;1.926;48.67;0;104.298;0;104.298;0;57.554
0;2;162;0;58.078;0;109.83;0;109.83;0;51.751
0;2;163;0;59.783;0;115.774;0;115.774;0;55.991
0;2;164;0;60.084;0;115.171;0;115.171;0;55.087
0;2;165;0;123.774;0;174.679;0;174.679;0;50.906
0;2;166;0;142.941;0;185.98;0;185.98;0;43.04
0;2;167;0;142.941;0;176.123;0;176.123;0;33.183
0;3;0;0;185.663;0;192.021;0;192.021;0;6.358
0;3;1;0;186.093;0;196.661;0;196.661;0;10.568
0;3;2;0;184.804;0;192.639;0;192.639;0;7.835
0;3;3;0;185.233;0;193.443;0;193.443;0;8.21
0;3;4;0;185.663;0;193.729;0;193.729;0;8.066
0;3;5;0;188.674;0;196.845;0;196.845;0;8.171
0;3;6;0;188.674;0;204.181;0;204.181;0;15.507
0;3;7;0;188.244;0;216.962;0;216.962;0;28.718
0;3;8;0;186.953;0;233.998;0;233.998;0;47.044
0;3;9;23.403;184.804;0;196.437;0;196.437;0;35.036
0;3;10;45.176;182.655;0;171.842;0;171.842;0;34.362
0;3;11;38.163;180.509;24.028;198.738;0;198.738;0;32.364
0;3;12;86.925;178.792;32.839;154.918;0;154.918;0;30.212
0;3;13;160.887;176.648;0;42.442;0;42.442;0;26.681
0;3;14;150.236;167.657;0;56.142;0;56.142;0;38.72
0;3;15;96.142;166.802;0;105.568;0;105.568;0;34.908
0;3;16;20.992;168.94;0;186.445;0;186.445;0;38.497
0;3;17;0;172.792;0;219.693;0;219.693;0;46.901
0;3;18;0;174.077;0;231.873;0;231.873;0;57.796
0;3;19;0;177.934;0;234.022;0;234.022;0;56.088
0;3;20;0;179.65;0;245.209;0;245.209;0;65.558
0;3;21;0;181.367;0;224.632;0;224.632;0;43.265
0;3;22;0;182.655;0;235.662;0;235.662;0;53.007
0;3;23;0;184.374;0;206.687;0;206.687;0;22.314
0;3;24;0;186.093;0;191.69;0;191.69;0;5.597
0;3;25;0;188.674;0;198.974;0;198.974;0;10.3
0;3;26;0;188.674;0;195.981;0;195.981;0;7.307
0;3;27;0;188.674;0;198.576;0;198.576;0;9.902
0;3;28;0;189.535;0;197.339;0;197.339;0;7.804
0;3;29;0;189.965;0;197.353;0;197.353;0;7.388
0;3;30;0;189.535;2.783;200.767;0;200.767;0;8.45
0;3;31;0;191.257;92.741;324.366;0;324.366;0;40.368
0;3;32;0;189.104;92.131;324.08;0;324.08;0;42.845
0;3;33;20.127;186.953;92.501;289.828;0;289.828;0;30.501
0;3;34;77.703;183.514;62.096;196.641;0;196.641;0;28.734
0;3;35;88.513;182.655;39.42;169.446;0;169.446;0;35.884
0;3;36;102.281;181.367;34.495;148.852;0;148.852;0;35.27
0;3;37;73.805;182.655;3.712;142.616;0;142.616;0;30.053
0;3;38;16.674;182.655;0;193.408;0;193.408;0;27.426
0;3;39;9.494;183.944;0.02;216.348;0;216.348;0;41.878
0;3;40;2.232;183.514;3.98;224.743;0;224.743;0;39.48
0;3;41;0;184.374;5.06;258.937;0;258.937;0;69.503
0;3;42;0;184.374;39.786;285.714;0;285.714;0;61.555
0;3;43;0;183.514;36.887;287.272;0;287.272;0;66.871
0;3;44;0;182.226;36.07;285.161;0;285.161;0;66.865
0;3;45;0;180.938;43.054;275.451;0;275.451;0;51.459
0;3;46;0;179.65;12.491;233.867;0;233.867;0;41.725
0;3;47;0;177.077;2.857;224.201;0;224.201;0;44.268
0;3;48;0;158.634;0;164.378;0;164.378;0;5.744
0;3;49;0;150.365;0;159.936;0;159.936;0;9.571
0;3;50;0;145.279;0;152.965;0;152.965;0;7.686
0;3;51;0;139.96;0;147.974;0;147.974;0;8.014
0;3;52;0;138.906;0;146.405;0;146.405;0;7.499
0;3;53;0;137.977;0;146.466;0;146.466;0;8.488
0;3;54;0;136.255;0;148.711;0;148.711;0;12.456
0;3;55;0;158.1;0;186.694;0;186.694;0;28.593
0;3;56;0;161.301;0;208.071;0;208.071;0;46.771
0;3;57;3.037;142.812;0;170.343;0;170.343;0;30.568
0;3;58;13.78;143.324;0;161.892;0;161.892;0;32.349
0;3;59;12.147;137.704;0;157.489;0;157.489;0;31.932
0;3;60;42.047;134.685;0;115.421;0;115.421;0;22.784
0;3;61;94.743;124.932;0;58.88;0;58.88;0;28.691
0;3;62;55.837;117.458;0;88.99;0;88.99;0;27.368
0;3;63;40.436;120.061;0;106.31;0;106.31;0;26.686
0;3;64;5.116;160.823;0;204.365;0;204.365;0;48.659
0;3;65;0;162.103;0;216.139;0;216.139;0;54.035
0;3;66;0;163.384;0;216.712;0;216.712;0;53.328
0;3;67;0;165.52;0;219.224;0;219.224;0;53.704
0;3;68;0;167.23;0;232.494;0;232.494;0;65.264
0;3;69;0;0;0;56.365;0;56.365;0;56.365
0;3;70;0;39.05;0;84.379;0;84.379;0;45.329
0;3;71;0;134.031;0;170.161;0;170.161;0;36.13
0;3;72;0;137.438;0;143.082;0;143.082;0;5.644
0;3;73;0;138.545;0;148.196;0;148.196;0;9.651
0;3;74;0;141.803;0;149.112;0;149.112;0;7.309
0;3;75;0;146.357;0;153.584;0;153.584;0;7.227
0;3;76;0;148.477;0;156.101;0;156.101;0;7.625
0;3;77;0;170.224;0;177.622;0;177.622;0;7.399
0;3;78;0;169.796;0;178.032;0;178.032;0;8.237
0;3;79;0;171.936;0;183.416;0;183.416;0;11.481
0;3;80;0;171.936;0;196.032;0;196.032;0;24.096
0;3;81;2.213;171.936;0;209.17;0;209.17;0;39.448
0;3;82;4.428;172.364;0;205.04;0;205.04;0;37.104
0;3;83;9.69;172.364;0;204.014;0;204.014;0;41.34
0;3;84;17.723;170.652;0;179.38;0;179.38;0;26.451
0;3;85;104.407;168.94;0;93.263;0;93.263;0;28.73
0;3;86;101.332;171.508;0;107.372;0;107.372;0;37.196
0;3;87;60.215;171.936;0;146.004;0;146.004;0;34.284
0;3;88;6.688;174.077;0;202.975;0;202.975;0;35.587
0;3;89;0;174.505;0;219.518;0;219.518;0;45.013
0;3;90;0;176.648;0;227.907;0;227.907;0;51.259
0;3;91;0;180.079;0;230.737;0;230.737;0;50.658
0;3;92;0;182.226;0;236.838;0;236.838;0;54.613
0;3;93;0;183.085;0;231.466;0;231.466;0;48.381
0;3;94;0;184.804;0;237.219;0;237.219;0;52.415
0;3;95;0;185.233;0;221.799;0;221.799;0;36.566
0;3;96;0;186.093;0;191.868;0;191.868;0;5.775
0;3;97;0;187.813;0;197.762;0;197.762;0;9.948
0;3;98;0;188.244;0;195.061;0;195.061;0;6.818
0;3;99;0;189.535;0;197.083;0;197.083;0;7.548
0;3;100;0;187.813;0;195.852;0;195.852;0;8.038
0;3;101;0;185.233;0;193.091;0;193.091;0;7.858
0;3;102;0;183.514;0;197.934;0;197.934;0;14.42
0;3;103;0;182.655;0;207.545;0;207.545;0;24.89
0;3;104;0;179.65;59.218;270.418;0;270.418;0;31.55
0;3;105;1.666;178.363;60.26;293.011;0;293.011;0;56.054
0;3;106;5.853;182.655;74.648;301.584;0;301.584;0;50.133
0;3;107;7.528;183.514;75.596;295.454;0;295.454;0;43.871
0;3;108;14.232;185.233;87.866;295.079;0;295.079;0;36.212
0;3;109;16.564;183.514;62.875;260.112;0;260.112;0;30.286
0;3;110;12.264;182.655;50.108;265.987;0;265.987;0;45.488
0;3;111;6.965;181.367;48.294;263.585;0;263.585;0;40.889
0;3;112;1.112;180.509;43.234;263.981;0;263.981;0;41.351
0;3;113;0;180.079;31.033;260.928;0;260.928;0;49.816
0;3;114;0;180.079;62.479;300.851;0;300.851;0;58.292
0;3;115;0;179.65;57.417;300.633;0;300.633;0;63.566
0;3;116;0;178.363;60.776;279.475;0;279.475;0;40.336
0;3;117;0;178.363;51.539;282.78;0;282.78;0;52.878
0;3;118;0;177.934;13.147;251.525;0;251.525;0;60.444
0;3;119;0;178.792;18.421;244.859;0;244.859;0;47.646
0;3;120;0;178.792;36.486;220.982;0;220.982;0;5.703
0;3;121;0;179.65;54.383;243.936;0;243.936;0;9.903
0;3;122;0;182.226;92.741;282.004;0;282.004;0;7.037
0;3;123;0;185.233;92.741;285.32;0;285.32;0;7.346
0;3;124;0;188.674;92.741;288.792;0;288.792;0;7.377
0;3;125;0;191.257;92.741;292.012;0;292.012;0;8.013
0;3;126;0;190.826;92.741;297.135;0;297.135;0;13.568
0;3;127;0;191.257;92.741;321.167;0;321.167;0;37.169
0;3;128;0;189.965;92.741;316.193;0;316.193;0;33.487
0;3;129;5.257;187.813;92.741;317.372;0;317.372;0;42.075
0;3;130;13.787;183.514;84.731;285.595;0;285.595;0;31.137
0;3;131;12.821;182.655;72.172;277.149;0;277.149;0;35.142
0;3;132;34.705;181.796;73.925;248.066;0;248.066;0;27.049
0;3;133;38.707;179.65;31.594;206.555;0;206.555;0;34.018
0;3;134;9.46;180.079;25.115;226.852;0;226.852;0;31.118
0;3;135;6.126;180.938;23.866;232.429;0;232.429;0;33.751
0;3;136;0.555;180.079;22.718;237.27;0;237.27;0;35.027
0;3;137;0;182.655;92.741;329.937;0;329.937;0;54.54
0;3;138;0;183.514;92.741;343.017;0;343.017;0;66.762
0;3;139;0;184.804;92.741;333.507;0;333.507;0;55.963
0;3;140;0;186.953;92.741;341.793;0;341.793;0;62.099
0;3;141;0;188.244;92.741;323.319;0;323.319;0;42.334
0;3;142;0;189.535;92.741;326.939;0;326.939;0;44.663
0;3;143;0;190.396;92.741;322.687;0;322.687;0;39.551
0;3;144;0;187.813;92.741;286.007;0;286.007;0;5.452
0;3;145;0;189.965;92.741;295.482;0;295.482;0;12.775
0;3;146;0;189.104;92.741;289.221;0;289.221;0;7.376
0;3;147;0;191.257;92.741;292.62;0;292.62;0;8.622
0;3;148;0;190.396;92.741;290.23;0;290.23;0;7.093
0;3;149;0;190.826;92.741;291.651;0;291.651;0;8.083
0;3;150;0;189.535;92.741;296.092;0;296.092;0;13.817
0;3;151;0;187.813;92.741;302.978;0;302.978;0;22.423
0;3;152;0;186.093;92.741;325.802;0;325.802;0;46.967
0;3;153;18.618;179.221;72.019;277.392;0;277.392;0;44.77
0;3;154;52.005;176.219;49.126;202.156;0;202.156;0;28.816
0;3;155;25.46;171.508;16.764;187.304;0;187.304;0;24.492
0;3;156;15.777;170.224;7.82;198.365;0;198.365;0;36.098
0;3;157;17.833;168.94;0;180.589;0;180.589;0;29.482
0;3;158;12.176;171.079;0;194.471;0;194.471;0;35.568
0;3;159;5.253;170.224;0;203.346;0;203.346;0;38.376
0;3;160;2.49;169.368;0;217.147;0;217.147;0;50.269
0;3;161;0;168.94;0;214.167;0;214.167;0;45.227
0;3;162;0;168.94;0;211.266;0;211.266;0;42.325
0;3;163;0;168.94;33.082;254.017;0;254.017;0;51.995
0;3;164;0;167.23;92.741;317.242;0;317.242;0;57.271
0;3;165;0;167.657;92.741;316.324;0;316.324;0;55.925
0;3;166;0;168.085;92.741;313.167;0;313.167;0;52.342
0;3;167;0;169.796;92.741;299.689;0;299.689;0;37.152
5;0;0;0;204.638;0;210.079;0;210.079;0;5.441
5;0;1;0;199.019;0;206.588;0;206.588;0;7.569
5;0;2;0;194.704;0;202.279;0;202.279;0;7.575
5;0;3;0;192.549;0;200.232;0;200.232;0;7.682
5;0;4;0;195.567;0;202.999;0;202.999;0;7.433
5;0;5;0;199.019;0;207.796;0;207.796;0;8.777
5;0;6;0;202.908;0;211.707;0;211.707;0;8.799
5;0;7;0;205.07;0;229.016;0;229.016;0;23.945
5;0;8;0;205.503;0;233.565;0;233.565;0;28.062
5;0;9;0.565;206.802;0;240.952;0;240.952;0;34.716
5;0;10;13.95;206.802;0;236.488;0;236.488;0;43.635
5;0;11;109.974;202.043;0;119.129;0;119.129;0;27.06
5;0;12;120.069;196.429;0;103.313;0;103.313;0;26.952
5;0;13;67.05;191.688;47.592;201.675;0;201.675;0;29.446
5;0;14;34.863;188.244;41.653;219.993;0;219.993;0;24.958
5;0;15;12.845;185.663;54.287;264.357;0;264.357;0;37.252
5;0;16;4.533;185.663;39.629;263.205;0;263.205;0;42.446
5;0;17;0;186.953;15.424;248.033;0;248.033;0;45.656
5;0;18;0;187.383;23.764;255.63;0;255.63;0;44.483
5;0;19;0;186.523;21.933;263.198;0;263.198;0;54.742
5;0;20;0;186.523;42.95;273.62;0;273.62;0;44.147
5;0;21;0;187.383;36.485;278.111;0;278.111;0;54.243
5;0;22;0;186.523;40.312;279.755;0;279.755;0;52.92
5;0;23;0;188.244;28.117;256.364;0;256.364;0;40.003
5;0;24;0;183.452;0;188.953;0;188.953;0;5.5
5;0;25;0;181.644;0;195.292;0;195.292;0;13.648
5;0;26;0;184.635;0;192.397;0;192.397;0;7.762
5;0;27;0;185.663;0;196.865;0;196.865;0;11.201
5;0;28;0;184.374;0;192.956;0;192.956;0;8.582
5;0;29;0;182.655;0;193.36;0;193.36;0;10.704
5;0;30;0;182.226;0;193.92;0;193.92;0;11.694
5;0;31;0;181.796;0;206.892;0;206.892;0;25.095
5;0;32;0;176.481;0;218.215;0;218.215;0;41.734
5;0;33;2.57;177.828;0;208.348;0;208.348;0;33.09
5;0;34;44.015;174.304;0;165.328;0;165.328;0;35.039
5;0;35;80.995;167.552;0;115.298;0;115.298;0;28.74
5;0;36;62.031;165.992;0;135.004;0;135.004;0;31.043
5;0;37;35.141;153.424;0;145.236;0;145.236;0;26.953
5;0;38;13.334;149.104;0;165.518;0;165.518;0;29.747
5;0;39;8.605;143.468;0;193.016;0;193.016;0;58.153
5;0;40;1.385;142.396;0;191.056;0;191.056;0;50.045
5;0;41;0;175.362;0;231.145;0;231.145;0;55.783
5;0;42;0;126.142;0;175.138;0;175.138;0;48.996
5;0;43;0;159.475;0;207.15;0;207.15;0;47.675
5;0;44;0;162.069;0;219.343;0;219.343;0;57.274
5;0;45;0;177.506;0;242.519;0;242.519;0;65.014
5;0;46;0;133.397;0;179.641;0;179.641;0;46.244
5;0;47;0;153.011;0;199.583;0;199.583;0;46.572
5;0;48;0;161.209;0;167.059;0;167.059;0;5.851
5;0;49;0;161.602;0;171.707;0;171.707;0;10.105
5;0;50;0;178.792;0;186.47;0;186.47;0;7.677
5;0;51;0;151.629;0;158.875;0;158.875;0;7.246
5;0;52;0;167.393;0;175.394;0;175.394;0;8.001
5;0;53;0;163.799;0;172.517;0;172.517;0;8.718
5;0;54;0;158.428;0;172.102;0;172.102;0;13.673
5;0;55;0;172.364;0;203.666;0;203.666;0;31.302
5;0;56;0;172.792;0;204.265;0;204.265;0;31.473
5;0;57;1.106;150.696;0;188.928;0;188.928;0;39.338
5;0;58;52.394;143.603;0;136.819;0;136.819;0;45.61
5;0;59;100.687;136.845;0;69.985;0;69.985;0;33.827
5;0;60;133.351;124.237;0;20.621;0;20.621;0;29.735
5;0;61;129.505;111.524;0;10.892;0;10.892;0;28.874
5;0;62;83.409;106.377;0;47.7;0;47.7;0;24.732
5;0;63;43.757;159.543;0;146.944;0;146.944;0;31.158
5;0;64;5.637;161.249;0;207.479;0;207.479;0;51.867
5;0;65;0;0;0;43.178;0;43.178;0;43.178
5;0;66;0;101.744;0;166.309;0;166.309;0;64.565
5;0;67;0;107.264;0;170.81;0;170.81;0;63.546
5;0;68;0;164.665;0;214.855;0;214.855;0;50.19
5;0;69;0;166.802;0;234.617;0;234.617;0;67.815
5;0;70;0;167.657;0;224.491;0;224.491;0;56.834
5;0;71;0;170.652;0;202.489;0;202.489;0;31.837
5;0;72;0;172.792;0;178.358;0;178.358;0;5.566
5;0;73;0;174.505;0;184;0;184;0;9.495
5;0;74;0;157.044;0;164.148;0;164.148;0;7.104
5;0;75;0;151.634;0;160.076;0;160.076;0;8.441
5;0;76;0;159.2;0;167.125;0;167.125;0;7.925
5;0;77;0;62.784;0;73.856;0;73.856;0;11.073
5;0;78;0;0;0;10.221;0;10.221;0;10.221
5;0;79;0;185.663;0;205.289;0;205.289;0;19.626
5;0;80;0;188.244;0;219.179;0;219.179;0;30.935
5;0;81;1.399;185.493;0;215.209;0;215.209;0;31.116
5;0;82;57.772;180.633;0;166.328;0;166.328;0;43.467
5;0;83;79.719;174.812;0;123.141;0;123.141;0;28.049
5;0;84;77.75;164.423;0;130.512;0;130.512;0;43.839
5;0;85;86.76;155.179;0;97.466;0;97.466;0;29.047
5;0;86;129.937;141.774;0;47.963;0;47.963;0;36.126
5;0;87;75.439;147.587;0;108.044;0;108.044;0;35.896
5;0;88;12.899;140.631;0;171.582;0;171.582;0;43.851
5;0;89;0;131.415;0;183.2;0;183.2;0;51.785
5;0;90;0;131.627;0;186.532;0;186.532;0;54.905
5;0;91;0;133.988;0;184.135;0;184.135;0;50.147
5;0;92;0;138.23;0;201.611;0;201.611;0;63.38
5;0;93;0;142.545;0;188.558;0;188.558;0;46.014
5;0;94;0;143.416;0;189.408;0;189.408;0;45.992
5;0;95;0;134.62;0;168.76;0;168.76;0;34.14
5;0;96;0;146.762;0;152.455;0;152.455;0;5.693
5;0;97;0;147.358;0;162.393;0;162.393;0;15.034
5;0;98;0;146.935;0;155.218;0;155.218;0;8.283
5;0;99;0;145.505;0;153.311;0;153.311;0;7.806
5;0;100;0;143.812;0;152.682;0;152.682;0;8.87
5;0;101;0;143.368;0;151.21;0;151.21;0;7.842
5;0;102;0;156.777;0;167.609;0;167.609;0;10.832
5;0;103;0;158.015;0;183.093;0;183.093;0;25.078
5;0;104;0;146.162;0;186.998;0;186.998;0;40.835
5;0;105;4.301;144.953;0;182.709;0;182.709;0;42.057
5;0;106;72.362;142.139;0;126.819;0;126.819;0;57.042
5;0;107;99.305;133.237;0;55.999;0;55.999;0;22.068
5;0;108;47.728;133.227;0;113.514;0;113.514;0;28.015
5;0;109;20.358;125.433;0;134.321;0;134.321;0;29.246
5;0;110;11.869;123.04;0;153.43;0;153.43;0;42.258
5;0;111;6.071;122.587;0;158.309;0;158.309;0;41.793
5;0;112;1.102;121.439;0;172.315;0;172.315;0;51.978
5;0;113;0;164.238;0;207.869;0;207.869;0;43.63
5;0;114;0;81.586;0;133.98;0;133.98;0;52.394
5;0;115;0;131.116;0;196.173;0;196.173;0;65.058
5;0;116;0;130.749;0;183.607;0;183.607;0;52.858
5;0;117;0;130.236;0;184.533;0;184.533;0;54.297
5;0;118;0;120.891;0;161.156;0;161.156;0;40.265
5;0;119;0;118.407;0;146.219;0;146.219;0;27.812
5;0;120;0;114.019;0;119.69;0;119.69;0;5.672
5;0;121;0;111.535;0;120.869;0;120.869;0;9.334
5;0;122;0;105.337;0;113.843;0;113.843;0;8.505
5;0;123;0;101.491;0;108.174;0;108.174;0;6.683
5;0;124;0;100.296;0;107.632;0;107.632;0;7.336
5;0;125;0;96.439;0;108.508;0;108.508;0;12.07
5;0;126;0;103.121;0;118.08;0;118.08;0;14.959
5;0;127;0;103.033;0;129.37;0;129.37;0;26.337
5;0;128;0;89.379;0;135.642;0;135.642;0;46.263
5;0;129;3.804;88.914;0;121.647;0;121.647;0;36.536
5;0;130;26.672;147.616;0;156.908;0;156.908;0;35.964
5;0;131;11.994;147.191;0;163.539;0;163.539;0;28.342
5;0;132;35.726;41.291;0;27.173;0;27.173;0;21.608
5;0;133;19.089;0;0;11.738;0;11.738;0;30.828
5;0;134;28.343;154.001;0;154.752;0;154.752;0;29.094
5;0;135;47.6;154.427;0;135.057;0;135.057;0;28.23
5;0;136;2.467;157.41;0;196.848;0;196.848;0;41.905
5;0;137;0;69.994;0;122.446;0;122.446;0;52.452
5;0;138;0;0;0;56.458;0;56.458;0;56.458
5;0;139;0;0;0;66.343;0;66.343;0;66.343
5;0;140;0;107.303;0;164.89;0;164.89;0;57.587
5;0;141;0;111.017;0;153.032;0;153.032;0;42.015
5;0;142;0;100.654;0;144.294;0;144.294;0;43.64
5;0;143;0;103.592;0;133.117;0;133.117;0;29.525
5;0;144;0;106.751;0;112.535;0;112.535;0;5.785
5;0;145;0;107.123;0;117.172;0;117.172;0;10.049
5;0;146;0;110.063;0;118.023;0;118.023;0;7.961
5;0;147;0;111.082;0;118.646;0;118.646;0;7.564
5;0;148;0;163.384;0;170.771;0;170.771;0;7.387
5;0;149;0;66.758;0;75.252;0;75.252;0;8.494
5;0;150;0;166.802;0;180.267;0;180.267;0;13.465
5;0;151;0;168.085;0;197.267;0;197.267;0;29.183
5;0;152;0;62.845;0;92.518;0;92.518;0;29.673
5;0;153;8.301;132.31;0;167.053;0;167.053;0;43.043
5;0;154;84.564;131.714;0;98.397;0;98.397;0;51.247
5;0;155;113.079;126.768;0;41.946;0;41.946;0;28.257
5;0;156;104.618;123.409;0;43.48;0;43.48;0;24.689
5;0;157;102.681;106.1;0;38.675;0;38.675;0;35.256
5;0;158;109.123;95.558;0;17.953;0;17.953;0;31.518
5;0;159;60.624;93.301;0;58.895;0;58.895;0;26.218
5;0;160;6.66;160.823;0;192.641;0;192.641;0;38.479
5;0;161;0;99.148;0;156.704;0;156.704;0;57.556
5;0;162;0;164.238;0;213.073;0;213.073;0;48.835
5;0;163;0;165.947;0;220.419;0;220.419;0;54.472
5;0;164;0;0;0;56.174;0;56.174;0;56.174
5;0;165;0;168.085;0;228.486;0;228.486;0;60.401
5;0;166;0;169.368;0;230.433;0;230.433;0;61.065
5;0;167;0;170.224;0;204.848;0;204.848;0;34.625
5;1;0;0;0;0;5.556;0;5.556;0;5.556
5;1;1;0;0;0;7.117;0;7.117;0;7.117
5;1;2;0;0;0;7.237;0;7.237;0;7.237
5;1;3;0;0;0;7.476;0;7.476;0;7.476
5;1;4;0;0;0;9.078;0;9.078;0;9.078
5;1;5;0;0;0;10.018;0;10.018;0;10.018
5;1;6;2.763;0;0;13.006;0;13.006;0;15.769
5;1;7;30.277;0;0;0;10.331;0;10.331;19.946
5;1;8;85.339;0;0;0;54.561;0;54.561;30.779
5;1;9;146.92;0;0;0;121.483;0;121.483;25.437
5;1;10;195.651;0;0;0;165.57;0;165.57;30.081
5;1;11;221.763;0;0;0;195.953;0;195.953;25.809
5;1;12;242.133;0;0;0;210.552;0;210.552;31.581
5;1;13;271.267;0;0;0;240.951;0;240.951;30.316
5;1;14;222.204;0;0;0;191.141;0;191.141;31.062
5;1;15;151.566;0;0;0;132.117;0;132.117;19.449
5;1;16;103.573;0;0;0;68.786;0;68.786;34.787
5;1;17;62.713;0;0;0;16.396;0;16.396;46.317
5;1;18;27.507;0;0;24.634;0;24.634;0;52.142
5;1;19;1.061;0;0;46.527;0;46.527;0;47.588
5;1;20;0;0;0;53.727;0;53.727;0;53.727
5;1;21;0;0;0;47.005;0;47.005;0;47.005
5;1;22;0;0;0;52.088;0;52.088;0;52.088
5;1;23;0;0;0;27.652;0;27.652;0;27.652
5;1;24;0;0;0;5.537;0;5.537;0;5.537
5;1;25;0;0;0;7.472;0;7.472;0;7.472
5;1;26;0;0;0;8.633;0;8.633;0;8.633
5;1;27;0;0;0;10.279;0;10.279;0;10.279
5;1;28;0;0;0;11.091;0;11.091;0;11.091
5;1;29;0;0;0;12.638;0;12.638;0;12.638
5;1;30;2.247;0;0;20.797;0;20.797;0;23.045
5;1;31;28.021;0;0;0;0.959;0;0.959;27.063
5;1;32;82.96;0;0;0;51.078;0;51.078;31.882
5;1;33;139.454;0;0;0;111.945;0;111.945;27.509
5;1;34;180.592;0;0;0;133.777;0;133.777;46.815
5;1;35;218.259;0;0;0;191.554;0;191.554;26.705
5;1;36;264.553;0;0;0;226.09;0;226.09;38.463
5;1;37;269.889;0;0;0;237.631;0;237.631;32.259
5;1;38;252.648;0;0;0;222.825;0;222.825;29.824
5;1;39;214.193;0;0;0;180.557;0;180.557;33.636
5;1;40;160.383;0;0;0;129.187;0;129.187;31.196
5;1;41;95.592;44.325;0;0;1.32;0;1.32;49.948
5;1;42;42.194;0;0;0;2.331;0;2.331;39.862
5;1;43;4.083;0;0;34.191;0;34.191;0;38.274
5;1;44;0;0;0;49.168;0;49.168;0;49.168
5;1;45;0;0;0;68.166;0;68.166;0;68.166
5;1;46;0;0;0;55.194;0;55.194;0;55.194
5;1;47;0;0;0;40.404;0;40.404;0;40.404
5;1;48;0;0;0;5.587;0;5.587;0;5.587
5;1;49;0;0;0;8.168;0;8.168;0;8.168
5;1;50;0;0;0;8.398;0;8.398;0;8.398
5;1;51;0;0;0;8.393;0;8.393;0;8.393
5;1;52;0;0;0;7.837;0;7.837;0;7.837
5;1;53;0;0;0;7.614;0;7.614;0;7.614
5;1;54;1.334;0;0;7.378;0;7.378;0;8.712
5;1;55;16.902;0;0;0;2.089;0;2.089;14.814
5;1;56;66.882;0;0;0;30.746;0;30.746;36.136
5;1;57;126.202;0;0;0;108.851;0;108.851;17.35
5;1;58;176.777;2.551;0;0;135.217;0;135.217;39.009
5;1;59;211.93;2.155;0;0;176.962;0;176.962;32.812
5;1;60;242.799;1.667;0;0;212.848;0;212.848;28.284
5;1;61;217.211;2.027;0;0;185.66;0;185.66;29.525
5;1;62;143.083;2.933;0;0;114.063;0;114.063;26.087
5;1;63;59.954;30.705;0;0;0;0;0;29.249
5;1;64;96.705;27.77;0;0;39.57;0;39.57;29.366
5;1;65;74.347;0;0;0;36.285;0;36.285;38.062
5;1;66;30.618;0;0;16.108;0;16.108;0;46.726
5;1;67;3.716;0;0;56.607;0;56.607;0;60.323
5;1;68;0;0;0;56.566;0;56.566;0;56.566
5;1;69;0;0;0;42.631;0;42.631;0;42.631
5;1;70;0;0;0;56.778;0;56.778;0;56.778
5;1;71;0;0;0;34.101;0;34.101;0;34.101
5;1;72;0;0;0;5.584;0;5.584;0;5.584
5;1;73;0;0;0;7.115;0;7.115;0;7.115
5;1;74;0;0;0;7.355;0;7.355;0;7.355
5;1;75;0;0;0;7.517;0;7.517;0;7.517
5;1;76;0;0;0;7.784;0;7.784;0;7.784
5;1;77;0;0;0;8.264;0;8.264;0;8.264
5;1;78;1.615;0;0;8.386;0;8.386;0;10.001
5;1;79;21.17;0;0;0;10.907;0;10.907;10.264
5;1;80;75.971;0;0;0;54.465;0;54.465;21.506
5;1;81;145.758;2.943;0;0;117.07;0;117.07;25.746
5;1;82;203.195;2.528;0;0;170.52;0;170.52;30.147
5;1;83;245.62;2.268;0;0;215.486;0;215.486;27.866
5;1;84;263.401;1.621;0;0;226.278;0;226.278;35.503
5;1;85;244.863;2.279;0;0;209.068;0;209.068;33.516
5;1;86;215.632;2.793;0;0;182.526;0;182.526;30.314
5;1;87;201.131;50.907;0;0;106.446;0;106.446;43.778
5;1;88;112.595;0;0;0;76.181;0;76.181;36.414
5;1;89;60.606;0;0;0;16.325;0;16.325;44.281
5;1;90;38.843;0;0;0;1.978;0;1.978;36.865
5;1;91;3.821;0;0;35.35;0;35.35;0;39.171
5;1;92;0;0;0;44.294;0;44.294;0;44.294
5;1;93;0;0;0;52.993;0;52.993;0;52.993
5;1;94;0;0;0;45.558;0;45.558;0;45.558
5;1;95;0;0;0;37.013;0;37.013;0;37.013
5;1;96;0;0;0;6.429;0;6.429;0;6.429
5;1;97;0;0;0;11.26;0;11.26;0;11.26
5;1;98;0;0;0;8.052;0;8.052;0;8.052
5;1;99;0;0;0;7.537;0;7.537;0;7.537
5;1;100;0;0;0;11.67;0;11.67;0;11.67
5;1;101;0;0;0;7.071;0;7.071;0;7.071
5;1;102;1.343;0;0;5.668;0;5.668;0;7.011
5;1;103;23.397;0;0;0;4.357;0;4.357;19.04
5;1;104;60.632;0;0;0;31.473;0;31.473;29.159
5;1;105;68.536;2.696;0;0;13.83;0;13.83;52.01
5;1;106;146.182;2.709;0;0;104.072;0;104.072;39.401
5;1;107;250.631;2.521;0;0;207.197;0;207.197;40.913
5;1;108;280.608;3.832;0;0;245.855;0;245.855;30.92
5;1;109;227.853;1.967;0;0;189.997;0;189.997;35.889
5;1;110;119.845;2.081;0;0;81.597;0;81.597;36.168
5;1;111;94.668;2.411;0;0;60.139;0;60.139;32.119
5;1;112;86.769;21.574;0;0;27.59;0;27.59;37.604
5;1;113;69.054;24.108;0;0;0;0;0;44.946
5;1;114;36.422;0;0;3.721;0;3.721;0;40.143
5;1;115;3.572;0;0;43.963;0;43.963;0;47.535
5;1;116;0;0;0;61.584;0;61.584;0;61.584
5;1;117;0;0;0;56.475;0;56.475;0;56.475
5;1;118;0;0;0;59.879;0;59.879;0;59.879
5;1;119;0;0;0;43.986;0;43.986;0;43.986
5;1;120;0;0;0;5.884;0;5.884;0;5.884
5;1;121;0;0;0;9.468;0;9.468;0;9.468
5;1;122;0;0;0;7.254;0;7.254;0;7.254
5;1;123;0;0;0;9.122;0;9.122;0;9.122
5;1;124;0;0;0;8.57;0;8.57;0;8.57
5;1;125;0;0;0;6.571;0;6.571;0;6.571
5;1;126;0.804;0;0;15.738;0;15.738;0;16.541
5;1;127;17.617;0;0;15.63;0;15.63;0;33.247
5;1;128;77.134;0;0;0;44.32;0;44.32;32.813
5;1;129;144.392;2.582;0;0;110.666;0;110.666;31.145
5;1;130;201.769;2.789;0;0;174.81;0;174.81;24.17
5;1;131;239.382;2.555;0;0;201.985;0;201.985;34.843
5;1;132;261.398;4.265;0;0;226.207;0;226.207;30.927
5;1;133;247.214;1.983;0;0;212.293;0;212.293;32.938
5;1;134;195.548;2.175;0;0;166.293;0;166.293;27.08
5;1;135;138.438;2.093;0;0;107.526;0;107.526;28.82
5;1;136;107.826;1.413;0;0;46.486;0;46.486;59.928
5;1;137;83.849;39.287;0;0;5.324;0;5.324;39.237
5;1;138;37.371;0;0;17.144;0;17.144;0;54.516
5;1;139;3.229;0;0;55.791;0;55.791;0;59.02
5;1;140;0;0;0;56.771;0;56.771;0;56.771
5;1;141;0;0;0;49.109;0;49.109;0;49.109
5;1;142;0;0;0;69.681;0;69.681;0;69.681
5;1;143;0;0;0;40.935;0;40.935;0;40.935
5;1;144;0;0;0;5.524;0;5.524;0;5.524
5;1;145;0;0;0;10.374;0;10.374;0;10.374
5;1;146;0;0;0;7.616;0;7.616;0;7.616
5;1;147;0;0;0;8.356;0;8.356;0;8.356
5;1;148;0;0;0;7.122;0;7.122;0;7.122
5;1;149;0;0;0;8.113;0;8.113;0;8.113
5;1;150;0.532;0;0;8.546;0;8.546;0;9.078
5;1;151;22.761;0;0;0;0;0;0;22.761
5;1;152;80.098;0;0;0;52.419;0;52.419;27.679
5;1;153;145.702;2.778;0;0;111.604;0;111.604;31.32
5;1;154;202.549;2.907;0;0;173.211;0;173.211;26.432
5;1;155;244.919;1.683;0;0;216.548;0;216.548;26.688
5;1;156;268.185;3.733;0;0;234.314;0;234.314;30.138
5;1;157;263.869;2.009;0;0;235.85;0;235.85;26.009
5;1;158;196.006;1.642;0;0;153.742;0;153.742;40.623
5;1;159;171.323;93.679;0;0;47.264;0;47.264;30.38
5;1;160;134.215;17.498;0;0;81.039;0;81.039;35.677
5;1;161;93.482;45.337;0;0;0;0;0;48.145
5;1;162;36.057;0;0;16.409;0;16.409;0;52.467
5;1;163;3.013;0;0;37.064;0;37.064;0;40.077
5;1;164;0;0;0;56.85;0;56.85;0;56.85
5;1;165;0;0;0;58.103;0;58.103;0;58.103
5;1;166;0;0;0;54.126;0;54.126;0;54.126
5;1;167;0;0;0;52.475;0;52.475;0;52.475
5;2;0;0;0;0;5.806;0;5.806;0;5.806
5;2;1;0;0;0;9.661;0;9.661;0;9.661
5;2;2;0;142.941;0;150.747;0;150.747;0;7.807
5;2;3;0;0;0;8.566;0;8.566;0;8.566
5;2;4;0;30.234;0;42.833;0;42.833;0;12.599
5;2;5;0;147.191;0;155.7;0;155.7;0;8.509
5;2;6;0;0;0;14.196;0;14.196;0;14.196
5;2;7;0;0;0;26.663;0;26.663;0;26.663
5;2;8;9.241;0;0;27.058;0;27.058;0;36.299
5;2;9;43.6;71.444;0;53.964;0;53.964;0;26.12
5;2;10;137.988;65.254;0;0;36.55;0;36.55;36.185
5;2;11;201.491;54.635;0;0;112.214;0;112.214;34.641
5;2;12;183.11;134.652;0;0;15.465;0;15.465;32.994
5;2;13;113.305;76.245;0;0;0;0;0;37.06
5;2;14;91.106;64.282;0;0;0;0;0;26.823
5;2;15;117.025;93.312;0;0;0;0;0;23.713
5;2;16;57.604;24.615;0;24.131;0;24.131;0;57.119
5;2;17;9.012;28.97;0;57.714;0;57.714;0;37.756
5;2;18;0;0;0;48.618;0;48.618;0;48.618
5;2;19;0;91.009;0;142.015;0;142.015;0;51.007
5;2;20;0;55.545;0;103.294;0;103.294;0;47.749
5;2;21;0;0;0;50.533;0;50.533;0;50.533
5;2;22;0;121.206;0;194.808;0;194.808;0;73.602
5;2;23;0;0;0;41.288;0;41.288;0;41.288
5;2;24;0;0;0;5.854;0;5.854;0;5.854
5;2;25;0;0;0;7.817;0;7.817;0;7.817
5;2;26;0;143.348;0;151.338;0;151.338;0;7.99
5;2;27;0;0;0;9.406;0;9.406;0;9.406
5;2;28;0;163.811;0;171.366;0;171.366;0;7.555
5;2;29;0;37.939;0;48.59;0;48.59;0;10.651
5;2;30;0;116.157;0;133.708;0;133.708;0;17.551
5;2;31;0;120.852;0;147.704;0;147.704;0;26.853
5;2;32;14.871;117.2;0;140.753;0;140.753;0;38.424
5;2;33;72.919;108.332;0;73.9;0;73.9;0;38.488
5;2;34;114.029;93.049;0;21.094;0;21.094;0;42.074
5;2;35;157.193;104.506;0;0;25.809;0;25.809;26.878
5;2;36;169.496;130.604;0;0;0;0;0;38.892
5;2;37;145.097;120.081;0;0;0;0;0;25.016
5;2;38;116.322;81.906;0;0;0;0;0;34.416
5;2;39;79.089;44.524;0;0;0;0;0;34.566
5;2;40;21.169;22.903;0;37.12;0;37.12;0;35.387
5;2;41;5.672;23.22;0;62.905;0;62.905;0;45.357
5;2;42;0;33.369;0;83.428;0;83.428;0;50.058
5;2;43;0;38.261;0;93.676;0;93.676;0;55.415
5;2;44;0;31.322;0;101.099;0;101.099;0;69.777
5;2;45;0;0;0;45.448;0;45.448;0;45.448
5;2;46;0;0;0;54.373;0;54.373;0;54.373
5;2;47;0;0;0;31.334;0;31.334;0;31.334
5;2;48;0;0;0;5.902;0;5.902;0;5.902
5;2;49;0;0;0;10.52;0;10.52;0;10.52
5;2;50;0;50.272;0;57.102;0;57.102;0;6.83
5;2;51;0;53.125;0;60.568;0;60.568;0;7.443
5;2;52;0;53.732;0;60.887;0;60.887;0;7.155
5;2;53;0;55.267;0;65.234;0;65.234;0;9.966
5;2;54;0;51.949;0;66.158;0;66.158;0;14.209
5;2;55;0;60.4;0;84.194;0;84.194;0;23.793
5;2;56;5.934;58.792;0;105.889;0;105.889;0;53.032
5;2;57;13.912;46.094;0;73.179;0;73.179;0;40.997
5;2;58;51.205;42.213;0;22.277;0;22.277;0;31.269
5;2;59;56.14;37.769;0;16.822;0;16.822;0;35.193
5;2;60;100.567;81.266;0;0;0;0;0;19.302
5;2;61;94.625;68.882;0;0;0;0;0;25.744
5;2;62;60.179;29.231;0;0;0;0;0;30.948
5;2;63;87.38;50.905;0;0;0;0;0;36.475
5;2;64;11.13;6.159;0;39.991;0;39.991;0;44.961
5;2;65;3.011;130.216;0;175.208;0;175.208;0;48.003
5;2;66;0;0;0;43.641;0;43.641;0;43.641
5;2;67;0;0;0;60.059;0;60.059;0;60.059
5;2;68;0;0;0;53.821;0;53.821;0;53.821
5;2;69;0;0;0;61.468;0;61.468;0;61.468
5;2;70;0;0;0;49.145;0;49.145;0;49.145
5;2;71;0;0;0;50.233;0;50.233;0;50.233
5;2;72;0;0;0;5.761;0;5.761;0;5.761
5;2;73;0;23.967;0;37.054;0;37.054;0;13.087
5;2;74;0;42.853;0;51.04;0;51.04;0;8.188
5;2;75;0;44.105;0;52.39;0;52.39;0;8.285
5;2;76;0;45.154;0;53.694;0;53.694;0;8.54
5;2;77;0;47.106;0;54.605;0;54.605;0;7.499
5;2;78;0;48.393;0;61.177;0;61.177;0;12.784
5;2;79;0;63.839;0;78.361;0;78.361;0;14.522
5;2;80;4.206;64.821;0;95.039;0;95.039;0;34.425
5;2;81;23.648;51.701;0;58.745;0;58.745;0;30.692
5;2;82;89.405;62.608;0;0;0;0;0;26.797
5;2;83;93.618;68.825;0;0;0;0;0;24.793
5;2;84;42.094;2.381;0;0;0;0;0;39.713
5;2;85;46.754;17.104;0;4.264;0;4.264;0;33.913
5;2;86;70.513;131.91;0;99.909;0;99.909;0;38.512
5;2;87;30.414;133.605;0;138.983;0;138.983;0;35.792
5;2;88;8.121;14.198;0;49.936;0;49.936;0;43.859
5;2;89;1.354;0;0;47.56;0;47.56;0;48.915
5;2;90;0;0;0;40.415;0;40.415;0;40.415
5;2;91;0;0;0;55.956;0;55.956;0;55.956
5;2;92;0;139.544;0;188.427;0;188.427;0;48.883
5;2;93;0;24.032;0;71.595;0;71.595;0;47.563
5;2;94;0;0;0;41.739;0;41.739;0;41.739
5;2;95;0;0;0;40.801;0;40.801;0;40.801
5;2;96;0;0;0;5.457;0;5.457;0;5.457
5;2;97;0;0;0;9.357;0;9.357;0;9.357
5;2;98;0;69.914;0;77.867;0;77.867;0;7.953
5;2;99;0;149.743;0;157.617;0;157.617;0;7.874
5;2;100;0;78.825;0;87.625;0;87.625;0;8.8
5;2;101;0;0;0;7.209;0;7.209;0;7.209
5;2;102;0;89.71;0;100.516;0;100.516;0;10.806
5;2;103;0;92.191;0;113.573;0;113.573;0;21.381
5;2;104;4.557;86.016;0;120.675;0;120.675;0;39.216
5;2;105;16.682;81.671;0;114.719;0;114.719;0;49.73
5;2;106;33.577;74.271;0;84.893;0;84.893;0;44.199
5;2;107;33.411;67.812;0;83.797;0;83.797;0;49.396
5;2;108;39.351;66.975;0;60.314;0;60.314;0;32.691
5;2;109;27.504;113.484;0;115.982;0;115.982;0;30.002
5;2;110;22.786;0;0;21.662;0;21.662;0;44.449
5;2;111;19.913;55.79;0;81.934;0;81.934;0;46.057
5;2;112;10.762;56.338;0;87.983;0;87.983;0;42.407
5;2;113;4.493;59.463;0;96.311;0;96.311;0;41.342
5;2;114;0;65.431;0;112.021;0;112.021;0;46.59
5;2;115;0;69.059;0;125.816;0;125.816;0;56.756
5;2;116;0;71.751;0;118.461;0;118.461;0;46.71
5;2;117;0;74.685;0;110.067;0;110.067;0;35.382
5;2;118;0;68.126;0;120.888;0;120.888;0;52.762
5;2;119;0;151.871;0;183.864;0;183.864;0;31.993
5;2;120;0;0;0;5.794;0;5.794;0;5.794
5;2;121;0;155.279;0;162.394;0;162.394;0;7.115
5;2;122;0;11.905;0;20.903;0;20.903;0;8.998
5;2;123;0;88.701;0;102.993;0;102.993;0;14.292
5;2;124;0;91.048;0;99.194;0;99.194;0;8.146
5;2;125;0;92.405;0;99.952;0;99.952;0;7.547
5;2;126;0;102.725;0;114.876;0;114.876;0;12.151
5;2;127;0;98.266;0;121.627;0;121.627;0;23.361
5;2;128;1.641;91.176;0;126.826;0;126.826;0;37.291
5;2;129;17.296;87.46;0;105.099;0;105.099;0;34.935
5;2;130;37.75;82.381;0;82.501;0;82.501;0;37.87
5;2;131;58.596;74.352;0;43.783;0;43.783;0;28.028
5;2;132;111.295;86.464;0;0;0;0;0;24.831
5;2;133;130.524;99.815;0;0;0;0;0;30.709
5;2;134;126.429;140.817;0;37.553;0;37.553;0;23.165
5;2;135;73.065;133.383;0;96.104;0;96.104;0;35.786
5;2;136;34.638;0;0;4.917;0;4.917;0;39.555
5;2;137;2.282;0;0;56.851;0;56.851;0;59.133
5;2;138;0;0;0;54.216;0;54.216;0;54.216
5;2;139;0;148.467;0;203.165;0;203.165;0;54.698
5;2;140;0;0;0;65.542;0;65.542;0;65.542
5;2;141;0;0;0;47.593;0;47.593;0;47.593
5;2;142;0;102.737;0;166.898;0;166.898;0;64.161
5;2;143;0;0;0;31.621;0;31.621;0;31.621
5;2;144;0;78.411;0;85.703;0;85.703;0;7.292
5;2;145;0;80.857;0;88.698;0;88.698;0;7.841
5;2;146;0;84.376;0;92.017;0;92.017;0;7.641
5;2;147;0;85.752;0;94.076;0;94.076;0;8.324
5;2;148;0;87.928;0;97.965;0;97.965;0;10.037
5;2;149;0;88.278;0;96.695;0;96.695;0;8.417
5;2;150;0;100.971;0;116.803;0;116.803;0;15.832
5;2;151;0;100.157;0;130.633;0;130.633;0;30.477
5;2;152;6.859;89.98;0;117.652;0;117.652;0;34.531
5;2;153;35.442;86.419;0;92.234;0;92.234;0;41.256
5;2;154;51.438;81.337;0;74.984;0;74.984;0;45.085
5;2;155;68.23;76.077;0;40.075;0;40.075;0;32.229
5;2;156;70.347;70.756;0;30.631;0;30.631;0;30.222
5;2;157;84.031;57.905;0;8.753;0;8.753;0;34.879
5;2;158;71.349;51.378;0;3.85;0;3.85;0;23.821
5;2;159;31.347;46.862;0;42.833;0;42.833;0;27.318
5;2;160;38.907;44.579;0;42.122;0;42.122;0;36.451
5;2;161;1.926;43.502;0;99.13;0;99.13;0;57.554
5;2;162;0;51.912;0;103.663;0;103.663;0;51.751
5;2;163;0;53.436;0;109.426;0;109.426;0;55.991
5;2;164;0;53.704;0;108.791;0;108.791;0;55.087
5;2;165;0;57.908;0;108.813;0;108.813;0;50.906
5;2;166;0;142.941;0;185.98;0;185.98;0;43.04
5;2;167;0;142.941;0;176.123;0;176.123;0;33.183
5;3;0;0;0;0;6.358;0;6.358;0;6.358
5;3;1;0;168.816;0;179.384;0;179.384;0;10.568
5;3;2;0;184.804;0;192.639;0;192.639;0;7.835
5;3;3;0;185.233;0;193.443;0;193.443;0;8.21
5;3;4;0;185.663;0;193.729;0;193.729;0;8.066
5;3;5;0;188.674;0;196.845;0;196.845;0;8.171
5;3;6;0;188.674;0;204.181;0;204.181;0;15.507
5;3;7;0;188.244;0;216.962;0;216.962;0;28.718
5;3;8;0;186.953;0;233.998;0;233.998;0;47.044
5;3;9;23.403;184.804;0;196.437;0;196.437;0;35.036
5;3;10;45.176;181.463;0;170.65;0;170.65;0;34.362
5;3;11;38.163;172.078;0;166.279;0;166.279;0;32.364
5;3;12;86.925;169.539;0;112.826;0;112.826;0;30.212
5;3;13;160.887;152.984;0;18.778;0;18.778;0;26.681
5;3;14;150.236;167.657;0;56.142;0;56.142;0;38.72
5;3;15;96.142;166.802;0;105.568;0;105.568;0;34.908
5;3;16;20.992;168.94;0;186.445;0;186.445;0;38.497
5;3;17;0;172.792;0;219.693;0;219.693;0;46.901
5;3;18;0;174.077;0;231.873;0;231.873;0;57.796
5;3;19;0;0;0;56.088;0;56.088;0;56.088
5;3;20;0;87.014;0;152.572;0;152.572;0;65.558
5;3;21;0;159.95;0;203.214;0;203.214;0;43.265
5;3;22;0;182.655;0;235.662;0;235.662;0;53.007
5;3;23;0;184.374;0;206.687;0;206.687;0;22.314
5;3;24;0;186.093;0;191.69;0;191.69;0;5.597
5;3;25;0;183.511;0;193.811;0;193.811;0;10.3
5;3;26;0;188.674;0;195.981;0;195.981;0;7.307
5;3;27;0;188.674;0;198.576;0;198.576;0;9.902
5;3;28;0;189.535;0;197.339;0;197.339;0;7.804
5;3;29;0;189.965;0;197.353;0;197.353;0;7.388
5;3;30;0;189.535;0;197.984;0;197.984;0;8.45
5;3;31;0;191.257;0;231.625;0;231.625;0;40.368
5;3;32;0;189.104;0;231.949;0;231.949;0;42.845
5;3;33;20.127;186.953;0;197.327;0;197.327;0;30.501
5;3;34;77.703;182.916;0;133.947;0;133.947;0;28.734
5;3;35;88.513;175.195;0;122.565;0;122.565;0;35.884
5;3;36;102.281;172.479;0;105.468;0;105.468;0;35.27
5;3;37;73.805;164.385;0;120.633;0;120.633;0;30.053
5;3;38;16.674;162.234;0;172.986;0;172.986;0;27.426
5;3;39;9.494;165.443;0;197.827;0;197.827;0;41.878
5;3;40;2.232;165.239;0;202.488;0;202.488;0;39.48
5;3;41;0;166.343;0;235.846;0;235.846;0;69.503
5;3;42;0;176.954;0;238.509;0;238.509;0;61.555
5;3;43;0;175.248;0;242.119;0;242.119;0;66.871
5;3;44;0;173.771;0;240.636;0;240.636;0;66.865
5;3;45;0;174.637;0;226.096;0;226.096;0;51.459
5;3;46;0;164.294;0;206.019;0;206.019;0;41.725
5;3;47;0;159.113;0;203.38;0;203.38;0;44.268
5;3;48;0;141.79;0;147.534;0;147.534;0;5.744
5;3;49;0;134.399;0;143.97;0;143.97;0;9.571
5;3;50;0;129.853;0;137.539;0;137.539;0;7.686
5;3;51;0;125.099;0;133.112;0;133.112;0;8.014
5;3;52;0;124.157;0;131.656;0;131.656;0;7.499
5;3;53;0;123.327;0;131.815;0;131.815;0;8.488
5;3;54;0;121.787;0;134.243;0;134.243;0;12.456
5;3;55;0;141.313;0;169.906;0;169.906;0;28.593
5;3;56;0;144.173;0;190.944;0;190.944;0;46.771
5;3;57;3.037;127.648;0;155.179;0;155.179;0;30.568
5;3;58;13.78;128.106;0;146.674;0;146.674;0;32.349
5;3;59;12.147;123.082;0;142.867;0;142.867;0;31.932
5;3;60;42.047;120.384;0;101.12;0;101.12;0;22.784
5;3;61;94.743;111.667;0;45.614;0;45.614;0;28.691
5;3;62;55.837;104.986;0;76.518;0;76.518;0;27.368
5;3;63;40.436;107.313;0;93.562;0;93.562;0;26.686
5;3;64;5.116;108.462;0;152.004;0;152.004;0;48.659
5;3;65;0;162.103;0;216.139;0;216.139;0;54.035
5;3;66;0;163.384;0;216.712;0;216.712;0;53.328
5;3;67;0;165.52;0;219.224;0;219.224;0;53.704
5;3;68;0;167.23;0;232.494;0;232.494;0;65.264
5;3;69;0;0;0;56.365;0;56.365;0;56.365
5;3;70;0;0;0;45.329;0;45.329;0;45.329
5;3;71;0;119.799;0;155.929;0;155.929;0;36.13
5;3;72;0;122.845;0;128.489;0;128.489;0;5.644
5;3;73;0;123.834;0;133.485;0;133.485;0;9.651
5;3;74;0;126.747;0;134.055;0;134.055;0;7.309
5;3;75;0;130.816;0;138.043;0;138.043;0;7.227
5;3;76;0;130.192;0;137.817;0;137.817;0;7.625
5;3;77;0;131.022;0;138.421;0;138.421;0;7.399
5;3;78;0;169.796;0;178.032;0;178.032;0;8.237
5;3;79;0;119.06;0;130.541;0;130.541;0;11.481
5;3;80;0;156.15;0;180.246;0;180.246;0;24.096
5;3;81;2.213;139.113;0;176.348;0;176.348;0;39.448
5;3;82;4.428;139.239;0;171.916;0;171.916;0;37.104
5;3;83;9.69;138.047;0;169.697;0;169.697;0;41.34
5;3;84;17.723;133.637;0;142.366;0;142.366;0;26.451
5;3;85;104.407;168.94;0;93.263;0;93.263;0;28.73
5;3;86;101.332;171.508;0;107.372;0;107.372;0;37.196
5;3;87;60.215;171.936;0;146.004;0;146.004;0;34.284
5;3;88;6.688;174.077;0;202.975;0;202.975;0;35.587
5;3;89;0;174.505;0;219.518;0;219.518;0;45.013
5;3;90;0;176.648;0;227.907;0;227.907;0;51.259
5;3;91;0;180.079;0;230.737;0;230.737;0;50.658
5;3;92;0;106.09;0;160.702;0;160.702;0;54.613
5;3;93;0;183.085;0;231.466;0;231.466;0;48.381
5;3;94;0;184.804;0;237.219;0;237.219;0;52.415
5;3;95;0;185.233;0;221.799;0;221.799;0;36.566
5;3;96;0;186.093;0;191.868;0;191.868;0;5.775
5;3;97;0;187.813;0;197.762;0;197.762;0;9.948
5;3;98;0;188.244;0;195.061;0;195.061;0;6.818
5;3;99;0;189.535;0;197.083;0;197.083;0;7.548
5;3;100;0;187.813;0;195.852;0;195.852;0;8.038
5;3;101;0;185.233;0;193.091;0;193.091;0;7.858
5;3;102;0;183.514;0;197.934;0;197.934;0;14.42
5;3;103;0;182.655;0;207.545;0;207.545;0;24.89
5;3;104;0;179.65;0;211.201;0;211.201;0;31.55
5;3;105;1.666;178.363;0;232.751;0;232.751;0;56.054
5;3;106;5.853;182.655;0;226.936;0;226.936;0;50.133
5;3;107;7.528;183.514;0;219.858;0;219.858;0;43.871
5;3;108;14.232;185.233;0;207.213;0;207.213;0;36.212
5;3;109;16.564;183.514;0;197.236;0;197.236;0;30.286
5;3;110;12.264;182.655;0;215.879;0;215.879;0;45.488
5;3;111;6.965;181.367;0;215.291;0;215.291;0;40.889
5;3;112;1.112;180.509;0;220.747;0;220.747;0;41.351
5;3;113;0;180.079;0;229.895;0;229.895;0;49.816
5;3;114;0;180.079;0;238.372;0;238.372;0;58.292
5;3;115;0;179.65;0;243.217;0;243.217;0;63.566
5;3;116;0;178.363;0;218.7;0;218.7;0;40.336
5;3;117;0;178.363;0;231.241;0;231.241;0;52.878
5;3;118;0;177.934;0;238.378;0;238.378;0;60.444
5;3;119;0;178.792;0;226.439;0;226.439;0;47.646
5;3;120;0;178.792;0;184.495;0;184.495;0;5.703
5;3;121;0;179.65;0;189.553;0;189.553;0;9.903
5;3;122;0;182.226;0;189.263;0;189.263;0;7.037
5;3;123;0;185.233;0;192.579;0;192.579;0;7.346
5;3;124;0;188.674;0;196.051;0;196.051;0;7.377
5;3;125;0;191.257;0;199.27;0;199.27;0;8.013
5;3;126;0;190.826;0;204.394;0;204.394;0;13.568
5;3;127;0;191.257;0;228.426;0;228.426;0;37.169
5;3;128;0;189.965;0;223.452;0;223.452;0;33.487
5;3;129;5.257;187.813;0;224.631;0;224.631;0;42.075
5;3;130;13.787;183.514;0;200.865;0;200.865;0;31.137
5;3;131;12.821;182.655;0;204.977;0;204.977;0;35.142
5;3;132;34.705;181.796;0;174.141;0;174.141;0;27.049
5;3;133;38.707;179.65;0;174.961;0;174.961;0;34.018
5;3;134;9.46;180.079;0;201.738;0;201.738;0;31.118
5;3;135;6.126;180.938;0;208.562;0;208.562;0;33.751
5;3;136;0.555;180.079;0;214.552;0;214.552;0;35.027
5;3;137;0;182.655;0;237.196;0;237.196;0;54.54
5;3;138;0;183.514;0;250.276;0;250.276;0;66.762
5;3;139;0;184.804;0;240.766;0;240.766;0;55.963
5;3;140;0;186.953;0;249.052;0;249.052;0;62.099
5;3;141;0;188.244;0;230.578;0;230.578;0;42.334
5;3;142;0;189.535;0;234.197;0;234.197;0;44.663
5;3;143;0;190.396;0;229.946;0;229.946;0;39.551
5;3;144;0;187.813;0;193.266;0;193.266;0;5.452
5;3;145;0;189.965;0;202.741;0;202.741;0;12.775
5;3;146;0;189.104;0;196.48;0;196.48;0;7.376
5;3;147;0;191.257;0;199.879;0;199.879;0;8.622
5;3;148;0;190.396;0;197.489;0;197.489;0;7.093
5;3;149;0;190.826;0;198.909;0;198.909;0;8.083
5;3;150;0;189.535;0;203.351;0;203.351;0;13.817
5;3;151;0;187.813;0;210.237;0;210.237;0;22.423
5;3;152;0;186.093;0;233.061;0;233.061;0;46.967
5;3;153;18.618;179.221;0;205.373;0;205.373;0;44.77
5;3;154;52.005;171.856;0;148.667;0;148.667;0;28.816
5;3;155;25.46;158.062;0;157.094;0;157.094;0;24.492
5;3;156;15.777;154.355;0;174.676;0;174.676;0;36.098
5;3;157;17.833;168.94;0;180.589;0;180.589;0;29.482
5;3;158;12.176;116.925;0;140.317;0;140.317;0;35.568
5;3;159;5.253;140.478;0;173.6;0;173.6;0;38.376
5;3;160;2.49;141.414;0;189.193;0;189.193;0;50.269
5;3;161;0;168.94;0;214.167;0;214.167;0;45.227
5;3;162;0;168.94;0;211.266;0;211.266;0;42.325
5;3;163;0;168.94;0;220.935;0;220.935;0;51.995
5;3;164;0;167.23;0;224.501;0;224.501;0;57.271
5;3;165;0;167.657;0;223.582;0;223.582;0;55.925
5;3;166;0;168.085;0;220.426;0;220.426;0;52.342
5;3;167;0;169.796;0;206.948;0;206.948;0;37.152
10;0;0;0;31.282;0;36.723;0;36.723;0;5.441
10;0;1;0;199.019;0;206.588;0;206.588;0;7.569
10;0;2;0;194.704;0;202.279;0;202.279;0;7.575
10;0;3;0;192.549;0;200.232;0;200.232;0;7.682
10;0;4;0;195.567;0;202.999;0;202.999;0;7.433
10;0;5;0;199.019;0;207.796;0;207.796;0;8.777
10;0;6;0;202.908;0;211.707;0;211.707;0;8.799
10;0;7;0;205.07;0;229.016;0;229.016;0;23.945
10;0;8;0;205.503;0;233.565;0;233.565;0;28.062
10;0;9;0.565;206.802;0;240.952;0;240.952;0;34.716
10;0;10;13.95;206.802;0;236.488;0;236.488;0;43.635
10;0;11;109.974;202.043;0;119.129;0;119.129;0;27.06
10;0;12;120.069;196.429;0;103.313;0;103.313;0;26.952
10;0;13;67.05;191.688;0;154.083;0;154.083;0;29.446
10;0;14;34.863;188.11;0;178.206;0;178.206;0;24.958
10;0;15;12.845;185.663;0;210.07;0;210.07;0;37.252
10;0;16;4.533;182.952;0;220.865;0;220.865;0;42.446
10;0;17;0;176.52;0;222.176;0;222.176;0;45.656
10;0;18;0;179.587;0;224.069;0;224.069;0;44.483
10;0;19;0;178.181;0;232.923;0;232.923;0;54.742
10;0;20;0;184.853;0;229.001;0;229.001;0;44.147
10;0;21;0;183.644;0;237.887;0;237.887;0;54.243
10;0;22;0;184.016;0;236.936;0;236.936;0;52.92
10;0;23;0;181.806;0;221.809;0;221.809;0;40.003
10;0;24;0;168.399;0;173.899;0;173.899;0;5.5
10;0;25;0;166.738;0;180.386;0;180.386;0;13.648
10;0;26;0;168.061;0;175.823;0;175.823;0;7.762
10;0;27;0;166.817;0;178.018;0;178.018;0;11.201
10;0;28;0;165.924;0;174.506;0;174.506;0;8.582
10;0;29;0;163.416;0;174.121;0;174.121;0;10.704
10;0;30;0;173.063;0;184.757;0;184.757;0;11.694
10;0;31;0;173.199;0;198.294;0;198.294;0;25.095
10;0;32;0;162;0;203.734;0;203.734;0;41.734
10;0;33;2.57;163.236;0;193.755;0;193.755;0;33.09
10;0;34;44.015;160.001;0;151.025;0;151.025;0;35.039
10;0;35;80.995;153.803;0;101.549;0;101.549;0;28.74
10;0;36;62.031;152.371;0;121.383;0;121.383;0;31.043
10;0;37;35.141;140.834;0;132.646;0;132.646;0;26.953
10;0;38;13.334;136.869;0;153.282;0;153.282;0;29.747
10;0;39;8.605;131.695;0;181.243;0;181.243;0;58.153
10;0;40;1.385;130.712;0;179.371;0;179.371;0;50.045
10;0;41;0;175.362;0;231.145;0;231.145;0;55.783
10;0;42;0;101.371;0;150.367;0;150.367;0;48.996
10;0;43;0;146.389;0;194.063;0;194.063;0;47.675
10;0;44;0;148.77;0;206.044;0;206.044;0;57.274
10;0;45;0;177.506;0;242.519;0;242.519;0;65.014
10;0;46;0;107.856;0;154.101;0;154.101;0;46.244
10;0;47;0;140.455;0;187.027;0;187.027;0;46.572
10;0;48;0;147.98;0;153.831;0;153.831;0;5.851
10;0;49;0;148.341;0;158.446;0;158.446;0;10.105
10;0;50;0;178.792;0;186.47;0;186.47;0;7.677
10;0;51;0;124.453;0;131.699;0;131.699;0;7.246
10;0;52;0;153.657;0;161.658;0;161.658;0;8.001
10;0;53;0;150.358;0;159.075;0;159.075;0;8.718
10;0;54;0;145.32;0;158.994;0;158.994;0;13.673
10;0;55;0;157.285;0;188.587;0;188.587;0;31.302
10;0;56;0;159.644;0;191.117;0;191.117;0;31.473
10;0;57;1.106;138.33;0;176.562;0;176.562;0;39.338
10;0;58;52.394;131.819;0;125.035;0;125.035;0;45.61
10;0;59;100.687;125.616;0;58.756;0;58.756;0;33.827
10;0;60;133.351;114.042;0;10.426;0;10.426;0;29.735
10;0;61;129.505;102.372;0;1.741;0;1.741;0;28.874
10;0;62;83.409;97.648;0;38.971;0;38.971;0;24.732
10;0;63;43.757;159.543;0;146.944;0;146.944;0;31.158
10;0;64;5.637;161.249;0;207.479;0;207.479;0;51.867
10;0;65;0;0;0;43.178;0;43.178;0;43.178
10;0;66;0;66.973;0;131.537;0;131.537;0;64.565
10;0;67;0;98.462;0;162.008;0;162.008;0;63.546
10;0;68;0;164.665;0;214.855;0;214.855;0;50.19
10;0;69;0;166.802;0;234.617;0;234.617;0;67.815
10;0;70;0;167.657;0;224.491;0;224.491;0;56.834
10;0;71;0;170.652;0;202.489;0;202.489;0;31.837
10;0;72;0;123.539;0;129.105;0;129.105;0;5.566
10;0;73;0;174.505;0;184;0;184;0;9.495
10;0;74;0;133.977;0;141.081;0;141.081;0;7.104
10;0;75;0;139.44;0;147.881;0;147.881;0;8.441
10;0;76;0;146.387;0;154.312;0;154.312;0;7.925
10;0;77;0;1.577;0;12.649;0;12.649;0;11.073
10;0;78;0;0;0;10.221;0;10.221;0;10.221
10;0;79;0;185.663;0;205.289;0;205.289;0;19.626
10;0;80;0;188.244;0;219.179;0;219.179;0;30.935
10;0;81;1.399;170.271;0;199.988;0;199.988;0;31.116
10;0;82;57.772;165.811;0;151.506;0;151.506;0;43.467
10;0;83;79.719;160.467;0;108.797;0;108.797;0;28.049
10;0;84;77.75;150.931;0;117.019;0;117.019;0;43.839
10;0;85;86.76;142.445;0;84.732;0;84.732;0;29.047
10;0;86;129.937;130.14;0;36.329;0;36.329;0;36.126
10;0;87;75.439;135.476;0;95.934;0;95.934;0;35.896
10;0;88;12.899;129.091;0;160.042;0;160.042;0;43.851
10;0;89;0;120.631;0;172.416;0;172.416;0;51.785
10;0;90;0;120.826;0;175.731;0;175.731;0;54.905
10;0;91;0;122.993;0;173.14;0;173.14;0;50.147
10;0;92;0;126.887;0;190.268;0;190.268;0;63.38
10;0;93;0;130.848;0;176.861;0;176.861;0;46.014
10;0;94;0;131.647;0;177.639;0;177.639;0;45.992
10;0;95;0;123.573;0;157.713;0;157.713;0;34.14
10;0;96;0;134.719;0;140.412;0;140.412;0;5.693
10;0;97;0;135.266;0;150.301;0;150.301;0;15.034
10;0;98;0;134.878;0;143.161;0;143.161;0;8.283
10;0;99;0;133.565;0;141.371;0;141.371;0;7.806
10;0;100;0;132.011;0;140.881;0;140.881;0;8.87
10;0;101;0;131.603;0;139.445;0;139.445;0;7.842
10;0;102;0;143.912;0;154.744;0;154.744;0;10.832
10;0;103;0;145.049;0;170.127;0;170.127;0;25.078
10;0;104;0;134.168;0;175.004;0;175.004;0;40.835
10;0;105;4.301;133.058;0;170.814;0;170.814;0;42.057
10;0;106;72.362;130.476;0;115.155;0;115.155;0;57.042
10;0;107;99.305;122.304;0;45.066;0;45.066;0;22.068
10;0;108;47.728;122.295;0;102.582;0;102.582;0;28.015
10;0;109;20.358;115.14;0;124.028;0;124.028;0;29.246
10;0;110;11.869;112.944;0;143.333;0;143.333;0;42.258
10;0;111;6.071;112.528;0;148.25;0;148.25;0;41.793
10;0;112;1.102;111.473;0;162.35;0;162.35;0;51.978
10;0;113;0;164.238;0;207.869;0;207.869;0;43.63
10;0;114;0;61.375;0;113.769;0;113.769;0;52.394
10;0;115;0;120.357;0;185.414;0;185.414;0;65.058
10;0;116;0;120.02;0;172.878;0;172.878;0;52.858
10;0;117;0;119.549;0;173.846;0;173.846;0;54.297
10;0;118;0;110.971;0;151.236;0;151.236;0;40.265
10;0;119;0;108.691;0;136.503;0;136.503;0;27.812
10;0;120;0;104.662;0;110.334;0;110.334;0;5.672
10;0;121;0;102.382;0;111.716;0;111.716;0;9.334
10;0;122;0;96.694;0;105.199;0;105.199;0;8.505
10;0;123;0;93.163;0;99.846;0;99.846;0;6.683
10;0;124;0;92.066;0;99.402;0;99.402;0;7.336
10;0;125;0;88.525;0;100.595;0;100.595;0;12.07
10;0;126;0;94.659;0;109.618;0;109.618;0;14.959
10;0;127;0;94.579;0;120.915;0;120.915;0;26.337
10;0;128;0;82.045;0;128.307;0;128.307;0;46.263
10;0;129;3.804;81.618;0;114.351;0;114.351;0;36.536
10;0;130;26.672;147.616;0;156.908;0;156.908;0;35.964
10;0;131;11.994;147.191;0;163.539;0;163.539;0;28.342
10;0;132;35.726;14.118;0;0;0;0;0;21.608
10;0;133;19.089;0;0;11.738;0;11.738;0;30.828
10;0;134;28.343;154.001;0;154.752;0;154.752;0;29.094
10;0;135;47.6;154.427;0;135.057;0;135.057;0;28.23
10;0;136;2.467;157.41;0;196.848;0;196.848;0;41.905
10;0;137;0;24.75;0;77.202;0;77.202;0;52.452
10;0;138;0;0;0;56.458;0;56.458;0;56.458
10;0;139;0;0;0;66.343;0;66.343;0;66.343
10;0;140;0;98.498;0;156.085;0;156.085;0;57.587
10;0;141;0;101.908;0;143.922;0;143.922;0;42.015
10;0;142;0;92.394;0;136.034;0;136.034;0;43.64
10;0;143;0;95.091;0;124.616;0;124.616;0;29.525
10;0;144;0;97.991;0;103.776;0;103.776;0;5.785
10;0;145;0;98.332;0;108.382;0;108.382;0;10.049
10;0;146;0;101.031;0;108.992;0;108.992;0;7.961
10;0;147;0;101.967;0;109.531;0;109.531;0;7.564
10;0;148;0;163.384;0;170.771;0;170.771;0;7.387
10;0;149;0;47.799;0;56.293;0;56.293;0;8.494
10;0;150;0;166.802;0;180.267;0;180.267;0;13.465
10;0;151;0;168.085;0;197.267;0;197.267;0;29.183
10;0;152;0;30.1;0;59.773;0;59.773;0;29.673
10;0;153;8.301;121.453;0;156.196;0;156.196;0;43.043
10;0;154;84.564;120.906;0;87.589;0;87.589;0;51.247
10;0;155;113.079;116.365;0;31.544;0;31.544;0;28.257
10;0;156;104.618;113.282;0;33.353;0;33.353;0;24.689
10;0;157;102.681;97.393;0;29.968;0;29.968;0;35.256
10;0;158;109.123;87.716;0;10.112;0;10.112;0;31.518
10;0;159;60.624;85.645;0;51.239;0;51.239;0;26.218
10;0;160;6.66;160.823;0;192.641;0;192.641;0;38.479
10;0;161;0;8.79;0;66.346;0;66.346;0;57.556
10;0;162;0;164.238;0;213.073;0;213.073;0;48.835
10;0;163;0;146.089;0;200.561;0;200.561;0;54.472
10;0;164;0;0;0;56.174;0;56.174;0;56.174
10;0;165;0;137.571;0;197.972;0;197.972;0;60.401
10;0;166;0;169.368;0;230.433;0;230.433;0;61.065
10;0;167;0;170.224;0;204.848;0;204.848;0;34.625
10;1;0;0;0;0;5.556;0;5.556;0;5.556
10;1;1;0;0;0;7.117;0;7.117;0;7.117
10;1;2;0;0;0;7.237;0;7.237;0;7.237
10;1;3;0;0;0;7.476;0;7.476;0;7.476
10;1;4;0;0;0;9.078;0;9.078;0;9.078
10;1;5;0;0;0;10.018;0;10.018;0;10.018
10;1;6;2.763;0;0;13.006;0;13.006;0;15.769
10;1;7;30.277;0;0;0;10.331;0;10.331;19.946
10;1;8;85.339;0;0;0;54.561;0;54.561;30.779
10;1;9;146.92;0;0;0;121.483;0;121.483;25.437
10;1;10;195.651;0;0;0;165.57;0;165.57;30.081
10;1;11;221.763;0;0;0;195.953;0;195.953;25.809
10;1;12;242.133;0;0;0;210.552;0;210.552;31.581
10;1;13;271.267;0;0;0;240.951;0;240.951;30.316
10;1;14;222.204;0;0;0;191.141;0;191.141;31.062
10;1;15;151.566;0;0;0;132.117;0;132.117;19.449
10;1;16;103.573;0;0;0;68.786;0;68.786;34.787
10;1;17;62.713;0;0;0;16.396;0;16.396;46.317
10;1;18;27.507;0;0;24.634;0;24.634;0;52.142
10;1;19;1.061;0;0;46.527;0;46.527;0;47.588
10;1;20;0;0;0;53.727;0;53.727;0;53.727
10;1;21;0;0;0;47.005;0;47.005;0;47.005
10;1;22;0;0;0;52.088;0;52.088;0;52.088
10;1;23;0;0;0;27.652;0;27.652;0;27.652
10;1;24;0;0;0;5.537;0;5.537;0;5.537
10;1;25;0;0;0;7.472;0;7.472;0;7.472
10;1;26;0;0;0;8.633;0;8.633;0;8.633
10;1;27;0;0;0;10.279;0;10.279;0;10.279
10;1;28;0;0;0;11.091;0;11.091;0;11.091
10;1;29;0;0;0;12.638;0;12.638;0;12.638
10;1;30;2.247;0;0;20.797;0;20.797;0;23.045
10;1;31;28.021;0;0;0;0.959;0;0.959;27.063
10;1;32;82.96;0;0;0;51.078;0;51.078;31.882
10;1;33;139.454;0;0;0;111.945;0;111.945;27.509
10;1;34;180.592;1.912;0;0;131.865;0;131.865;46.815
10;1;35;218.259;2.414;0;0;189.14;0;189.14;26.705
10;1;36;264.553;3.071;0;0;223.018;0;223.018;38.463
10;1;37;269.889;1.651;0;0;235.98;0;235.98;32.259
10;1;38;252.648;1.496;0;0;221.329;0;221.329;29.824
10;1;39;214.193;3.396;0;0;177.161;0;177.161;33.636
10;1;40;160.383;0;0;0;129.187;0;129.187;31.196
10;1;41;95.592;45.445;0;0;0.2;0;0.2;49.948
10;1;42;42.194;0;0;0;2.331;0;2.331;39.862
10;1;43;4.083;0;0;34.191;0;34.191;0;38.274
10;1;44;0;0;0;49.168;0;49.168;0;49.168
10;1;45;0;0;0;68.166;0;68.166;0;68.166
10;1;46;0;0;0;55.194;0;55.194;0;55.194
10;1;47;0;0;0;40.404;0;40.404;0;40.404
10;1;48;0;0;0;5.587;0;5.587;0;5.587
10;1;49;0;0;0;8.168;0;8.168;0;8.168
10;1;50;0;0;0;8.398;0;8.398;0;8.398
10;1;51;0;0;0;8.393;0;8.393;0;8.393
10;1;52;0;0;0;7.837;0;7.837;0;7.837
10;1;53;0;0;0;7.614;0;7.614;0;7.614
10;1;54;1.334;0;0;7.378;0;7.378;0;8.712
10;1;55;16.902;0;0;0;2.089;0;2.089;14.814
10;1;56;66.882;0;0;0;30.746;0;30.746;36.136
10;1;57;126.202;0;0;0;108.851;0;108.851;17.35
10;1;58;176.777;2.341;0;0;135.427;0;135.427;39.009
10;1;59;211.93;1.978;0;0;177.139;0;177.139;32.812
10;1;60;242.799;1.53;0;0;212.985;0;212.985;28.284
10;1;61;217.211;1.86;0;0;185.826;0;185.826;29.525
10;1;62;143.083;2.692;0;0;114.304;0;114.304;26.087
10;1;63;59.954;30.705;0;0;0;0;0;29.249
10;1;64;96.705;22.961;0;0;44.379;0;44.379;29.366
10;1;65;74.347;0;0;0;36.285;0;36.285;38.062
10;1;66;30.618;0;0;16.108;0;16.108;0;46.726
10;1;67;3.716;0;0;56.607;0;56.607;0;60.323
10;1;68;0;0;0;56.566;0;56.566;0;56.566
10;1;69;0;0;0;42.631;0;42.631;0;42.631
10;1;70;0;0;0;56.778;0;56.778;0;56.778
10;1;71;0;0;0;34.101;0;34.101;0;34.101
10;1;72;0;0;0;5.584;0;5.584;0;5.584
10;1;73;0;0;0;7.115;0;7.115;0;7.115
10;1;74;0;0;0;7.355;0;7.355;0;7.355
10;1;75;0;0;0;7.517;0;7.517;0;7.517
10;1;76;0;0;0;7.784;0;7.784;0;7.784
10;1;77;0;0;0;8.264;0;8.264;0;8.264
10;1;78;1.615;0;0;8.386;0;8.386;0;10.001
10;1;79;21.17;0;0;0;10.907;0;10.907;10.264
10;1;80;75.971;0;0;0;54.465;0;54.465;21.506
10;1;81;145.758;2.701;0;0;117.311;0;117.311;25.746
10;1;82;203.195;2.321;0;0;170.727;0;170.727;30.147
10;1;83;245.62;2.082;0;0;215.672;0;215.672;27.866
10;1;84;263.401;1.488;0;0;226.411;0;226.411;35.503
10;1;85;244.863;2.092;0;0;209.255;0;209.255;33.516
10;1;86;215.632;2.564;0;0;182.755;0;182.755;30.314
10;1;87;201.131;46.73;0;0;110.623;0;110.623;43.778
10;1;88;112.595;0;0;0;76.181;0;76.181;36.414
10;1;89;60.606;0;0;0;16.325;0;16.325;44.281
10;1;90;38.843;0;0;0;1.978;0;1.978;36.865
10;1;91;3.821;0;0;35.35;0;35.35;0;39.171
10;1;92;0;0;0;44.294;0;44.294;0;44.294
10;1;93;0;0;0;52.993;0;52.993;0;52.993
10;1;94;0;0;0;45.558;0;45.558;0;45.558
10;1;95;0;0;0;37.013;0;37.013;0;37.013
10;1;96;0;0;0;6.429;0;6.429;0;6.429
10;1;97;0;0;0;11.26;0;11.26;0;11.26
10;1;98;0;0;0;8.052;0;8.052;0;8.052
10;1;99;0;0;0;7.537;0;7.537;0;7.537
10;1;100;0;0;0;11.67;0;11.67;0;11.67
10;1;101;0;0;0;7.071;0;7.071;0;7.071
10;1;102;1.343;0;0;5.668;0;5.668;0;7.011
10;1;103;23.397;0;0;0;4.357;0;4.357;19.04
10;1;104;60.632;0;0;0;31.473;0;31.473;29.159
10;1;105;68.536;2.475;0;0;14.052;0;14.052;52.01
10;1;106;146.182;2.487;0;0;104.294;0;104.294;39.401
10;1;107;250.631;2.314;0;0;207.404;0;207.404;40.913
10;1;108;280.608;3.518;0;0;246.17;0;246.17;30.92
10;1;109;227.853;1.806;0;0;190.158;0;190.158;35.889
10;1;110;119.845;1.91;0;0;81.767;0;81.767;36.168
10;1;111;94.668;2.213;0;0;60.337;0;60.337;32.119
10;1;112;86.769;17.823;0;0;31.342;0;31.342;37.604
10;1;113;69.054;24.108;0;0;0;0;0;44.946
10;1;114;36.422;0;0;3.721;0;3.721;0;40.143
10;1;115;3.572;0;0;43.963;0;43.963;0;47.535
10;1;116;0;0;0;61.584;0;61.584;0;61.584
10;1;117;0;0;0;56.475;0;56.475;0;56.475
10;1;118;0;0;0;59.879;0;59.879;0;59.879
10;1;119;0;0;0;43.986;0;43.986;0;43.986
10;1;120;0;0;0;5.884;0;5.884;0;5.884
10;1;121;0;0;0;9.468;0;9.468;0;9.468
10;1;122;0;0;0;7.254;0;7.254;0;7.254
10;1;123;0;0;0;9.122;0;9.122;0;9.122
10;1;124;0;0;0;8.57;0;8.57;0;8.57
10;1;125;0;0;0;6.571;0;6.571;0;6.571
10;1;126;0.804;0;0;15.738;0;15.738;0;16.541
10;1;127;17.617;0;0;15.63;0;15.63;0;33.247
10;1;128;77.134;0;0;0;44.32;0;44.32;32.813
10;1;129;144.392;2.37;0;0;110.878;0;110.878;31.145
10;1;130;201.769;2.56;0;0;175.039;0;175.039;24.17
10;1;131;239.382;2.345;0;0;202.195;0;202.195;34.843
10;1;132;261.398;3.915;0;0;226.557;0;226.557;30.927
10;1;133;247.214;1.82;0;0;212.456;0;212.456;32.938
10;1;134;195.548;1.996;0;0;166.472;0;166.472;27.08
10;1;135;138.438;1.921;0;0;107.697;0;107.697;28.82
10;1;136;107.826;1.297;0;0;46.602;0;46.602;59.928
10;1;137;83.849;36.063;0;0;8.548;0;8.548;39.237
10;1;138;37.371;0;0;17.144;0;17.144;0;54.516
10;1;139;3.229;0;0;55.791;0;55.791;0;59.02
10;1;140;0;0;0;56.771;0;56.771;0;56.771
10;1;141;0;0;0;49.109;0;49.109;0;49.109
10;1;142;0;0;0;69.681;0;69.681;0;69.681
10;1;143;0;0;0;40.935;0;40.935;0;40.935
10;1;144;0;0;0;5.524;0;5.524;0;5.524
10;1;145;0;0;0;10.374;0;10.374;0;10.374
10;1;146;0;0;0;7.616;0;7.616;0;7.616
10;1;147;0;0;0;8.356;0;8.356;0;8.356
10;1;148;0;0;0;7.122;0;7.122;0;7.122
10;1;149;0;0;0;8.113;0;8.113;0;8.113
10;1;150;0.532;0;0;8.546;0;8.546;0;9.078
10;1;151;22.761;0;0;0;0;0;0;22.761
10;1;152;80.098;0;0;0;52.419;0;52.419;27.679
10;1;153;145.702;2.55;0;0;111.832;0;111.832;31.32
10;1;154;202.549;2.669;0;0;173.449;0;173.449;26.432
10;1;155;244.919;1.544;0;0;216.686;0;216.686;26.688
10;1;156;268.185;3.427;0;0;234.621;0;234.621;30.138
10;1;157;263.869;1.845;0;0;236.015;0;236.015;26.009
10;1;158;196.006;1.507;0;0;153.876;0;153.876;40.623
10;1;159;171.323;93.679;0;0;47.264;0;47.264;30.38
10;1;160;134.215;0;0;0;98.537;0;98.537;35.677
10;1;161;93.482;20.329;0;0;25.008;0;25.008;48.145
10;1;162;36.057;0;0;16.409;0;16.409;0;52.467
10;1;163;3.013;0;0;37.064;0;37.064;0;40.077
10;1;164;0;0;0;56.85;0;56.85;0;56.85
10;1;165;0;0;0;58.103;0;58.103;0;58.103
10;1;166;0;0;0;54.126;0;54.126;0;54.126
10;1;167;0;0;0;52.475;0;52.475;0;52.475
10;2;0;0;0;0;5.806;0;5.806;0;5.806
10;2;1;0;0;0;9.661;0;9.661;0;9.661
10;2;2;0;142.941;0;150.747;0;150.747;0;7.807
10;2;3;0;0;0;8.566;0;8.566;0;8.566
10;2;4;0;44.282;0;56.881;0;56.881;0;12.599
10;2;5;0;147.191;0;155.7;0;155.7;0;8.509
10;2;6;0;0;0;14.196;0;14.196;0;14.196
10;2;7;0;0;0;26.663;0;26.663;0;26.663
10;2;8;9.241;0;0;27.058;0;27.058;0;36.299
10;2;9;43.6;65.581;0;48.101;0;48.101;0;26.12
10;2;10;137.988;59.899;0;0;41.904;0;41.904;36.185
10;2;11;201.491;50.152;0;0;116.697;0;116.697;34.641
10;2;12;183.11;123.565;0;0;26.552;0;26.552;32.994
10;2;13;113.305;76.245;0;0;0;0;0;37.06
10;2;14;91.106;64.282;0;0;0;0;0;26.823
10;2;15;117.025;93.312;0;0;0;0;0;23.713
10;2;16;57.604;22.786;0;22.302;0;22.302;0;57.119
10;2;17;9.012;26.787;0;55.53;0;55.53;0;37.756
10;2;18;0;0;0;48.618;0;48.618;0;48.618
10;2;19;0;83.946;0;134.953;0;134.953;0;51.007
10;2;20;0;51.195;0;98.944;0;98.944;0;47.749
10;2;21;0;0;0;50.533;0;50.533;0;50.533
10;2;22;0;111.686;0;185.288;0;185.288;0;73.602
10;2;23;0;0;0;41.288;0;41.288;0;41.288
10;2;24;0;0;0;5.854;0;5.854;0;5.854
10;2;25;0;0;0;7.817;0;7.817;0;7.817
10;2;26;0;110.012;0;118.002;0;118.002;0;7.99
10;2;27;0;0;0;9.406;0;9.406;0;9.406
10;2;28;0;163.811;0;171.366;0;171.366;0;7.555
10;2;29;0;21.275;0;31.926;0;31.926;0;10.651
10;2;30;0;106.625;0;124.176;0;124.176;0;17.551
10;2;31;0;110.935;0;137.787;0;137.787;0;26.853
10;2;32;14.871;107.583;0;131.136;0;131.136;0;38.424
10;2;33;72.919;99.442;0;65.011;0;65.011;0;38.488
10;2;34;114.029;85.413;0;13.458;0;13.458;0;42.074
10;2;35;157.193;82.342;0;0;47.973;0;47.973;26.878
10;2;36;169.496;130.604;0;0;0;0;0;38.892
10;2;37;145.097;120.081;0;0;0;0;0;25.016
10;2;38;116.322;81.906;0;0;0;0;0;34.416
10;2;39;79.089;44.524;0;0;0;0;0;34.566
10;2;40;21.169;21.199;0;35.416;0;35.416;0;35.387
10;2;41;5.672;21.494;0;61.179;0;61.179;0;45.357
10;2;42;0;30.816;0;80.874;0;80.874;0;50.058
10;2;43;0;35.311;0;90.727;0;90.727;0;55.415
10;2;44;0;9.554;0;79.331;0;79.331;0;69.777
10;2;45;0;0;0;45.448;0;45.448;0;45.448
10;2;46;0;0;0;54.373;0;54.373;0;54.373
10;2;47;0;0;0;31.334;0;31.334;0;31.334
10;2;48;0;0;0;5.902;0;5.902;0;5.902
10;2;49;0;0;0;10.52;0;10.52;0;10.52
10;2;50;0;46.147;0;52.976;0;52.976;0;6.83
10;2;51;0;48.766;0;56.209;0;56.209;0;7.443
10;2;52;0;49.322;0;56.478;0;56.478;0;7.155
10;2;53;0;50.732;0;60.698;0;60.698;0;9.966
10;2;54;0;47.686;0;61.895;0;61.895;0;14.209
10;2;55;0;55.444;0;79.237;0;79.237;0;23.793
10;2;56;5.934;53.968;0;101.065;0;101.065;0;53.032
10;2;57;13.912;42.311;0;69.396;0;69.396;0;40.997
10;2;58;51.205;38.749;0;18.813;0;18.813;0;31.269
10;2;59;56.14;34.669;0;13.723;0;13.723;0;35.193
10;2;60;100.567;81.266;0;0;0;0;0;19.302
10;2;61;94.625;68.882;0;0;0;0;0;25.744
10;2;62;60.179;29.231;0;0;0;0;0;30.948
10;2;63;87.38;50.905;0;0;0;0;0;36.475
10;2;64;11.13;0;0;33.832;0;33.832;0;44.961
10;2;65;3.011;125.12;0;170.112;0;170.112;0;48.003
10;2;66;0;0;0;43.641;0;43.641;0;43.641
10;2;67;0;0;0;60.059;0;60.059;0;60.059
10;2;68;0;0;0;53.821;0;53.821;0;53.821
10;2;69;0;0;0;61.468;0;61.468;0;61.468
10;2;70;0;0;0;49.145;0;49.145;0;49.145
10;2;71;0;0;0;50.233;0;50.233;0;50.233
10;2;72;0;0;0;5.761;0;5.761;0;5.761
10;2;73;0;3.889;0;16.976;0;16.976;0;13.087
10;2;74;0;39.336;0;47.524;0;47.524;0;8.188
10;2;75;0;40.486;0;48.771;0;48.771;0;8.285
10;2;76;0;41.449;0;49.989;0;49.989;0;8.54
10;2;77;0;43.24;0;50.74;0;50.74;0;7.499
10;2;78;0;44.422;0;57.206;0;57.206;0;12.784
10;2;79;0;58.601;0;73.123;0;73.123;0;14.522
10;2;80;4.206;59.501;0;89.72;0;89.72;0;34.425
10;2;81;23.648;47.459;0;54.502;0;54.502;0;30.692
10;2;82;89.405;62.608;0;0;0;0;0;26.797
10;2;83;93.618;68.825;0;0;0;0;0;24.793
10;2;84;42.094;2.381;0;0;0;0;0;39.713
10;2;85;46.754;12.84;0;0;0;0;0;33.913
10;2;86;70.513;131.91;0;99.909;0;99.909;0;38.512
10;2;87;30.414;123.095;0;128.473;0;128.473;0;35.792
10;2;88;8.121;2.432;0;38.169;0;38.169;0;43.859
10;2;89;1.354;0;0;47.56;0;47.56;0;48.915
10;2;90;0;0;0;40.415;0;40.415;0;40.415
10;2;91;0;0;0;55.956;0;55.956;0;55.956
10;2;92;0;139.544;0;188.427;0;188.427;0;48.883
10;2;93;0;2.512;0;50.075;0;50.075;0;47.563
10;2;94;0;0;0;41.739;0;41.739;0;41.739
10;2;95;0;0;0;40.801;0;40.801;0;40.801
10;2;96;0;0;0;5.457;0;5.457;0;5.457
10;2;97;0;0;0;9.357;0;9.357;0;9.357
10;2;98;0;64.177;0;72.13;0;72.13;0;7.953
10;2;99;0;149.743;0;157.617;0;157.617;0;7.874
10;2;100;0;60.054;0;68.854;0;68.854;0;8.8
10;2;101;0;0;0;7.209;0;7.209;0;7.209
10;2;102;0;82.349;0;93.155;0;93.155;0;10.806
10;2;103;0;84.626;0;106.008;0;106.008;0;21.381
10;2;104;4.557;78.958;0;113.616;0;113.616;0;39.216
10;2;105;16.682;74.969;0;108.017;0;108.017;0;49.73
10;2;106;33.577;68.177;0;78.799;0;78.799;0;44.199
10;2;107;33.411;62.247;0;78.232;0;78.232;0;49.396
10;2;108;39.351;61.479;0;54.818;0;54.818;0;32.691
10;2;109;27.504;104.172;0;106.67;0;106.67;0;30.002
10;2;110;22.786;0;0;21.662;0;21.662;0;44.449
10;2;111;19.913;51.212;0;77.356;0;77.356;0;46.057
10;2;112;10.762;51.715;0;83.36;0;83.36;0;42.407
10;2;113;4.493;54.583;0;91.432;0;91.432;0;41.342
10;2;114;0;60.062;0;106.652;0;106.652;0;46.59
10;2;115;0;63.393;0;120.149;0;120.149;0;56.756
10;2;116;0;65.863;0;112.573;0;112.573;0;46.71
10;2;117;0;68.557;0;103.938;0;103.938;0;35.382
10;2;118;0;62.536;0;115.298;0;115.298;0;52.762
10;2;119;0;151.871;0;183.864;0;183.864;0;31.993
10;2;120;0;0;0;5.794;0;5.794;0;5.794
10;2;121;0;140.968;0;148.083;0;148.083;0;7.115
10;2;122;0;0;0;8.998;0;8.998;0;8.998
10;2;123;0;81.422;0;95.715;0;95.715;0;14.292
10;2;124;0;83.576;0;91.723;0;91.723;0;8.146
10;2;125;0;84.823;0;92.369;0;92.369;0;7.547
10;2;126;0;94.296;0;106.446;0;106.446;0;12.151
10;2;127;0;90.202;0;113.563;0;113.563;0;23.361
10;2;128;1.641;83.694;0;119.344;0;119.344;0;37.291
10;2;129;17.296;80.283;0;97.922;0;97.922;0;34.935
10;2;130;37.75;75.621;0;75.741;0;75.741;0;37.87
10;2;131;58.596;68.251;0;37.682;0;37.682;0;28.028
10;2;132;111.295;86.464;0;0;0;0;0;24.831
10;2;133;130.524;99.815;0;0;0;0;0;30.709
10;2;134;126.429;140.817;0;37.553;0;37.553;0;23.165
10;2;135;73.065;115.706;0;78.427;0;78.427;0;35.786
10;2;136;34.638;0;0;4.917;0;4.917;0;39.555
10;2;137;2.282;0;0;56.851;0;56.851;0;59.133
10;2;138;0;0;0;54.216;0;54.216;0;54.216
10;2;139;0;148.467;0;203.165;0;203.165;0;54.698
10;2;140;0;0;0;65.542;0;65.542;0;65.542
10;2;141;0;0;0;47.593;0;47.593;0;47.593
10;2;142;0;62.247;0;126.409;0;126.409;0;64.161
10;2;143;0;0;0;31.621;0;31.621;0;31.621
10;2;144;0;71.977;0;79.268;0;79.268;0;7.292
10;2;145;0;74.222;0;82.063;0;82.063;0;7.841
10;2;146;0;77.452;0;85.093;0;85.093;0;7.641
10;2;147;0;78.715;0;87.039;0;87.039;0;8.324
10;2;148;0;80.713;0;90.75;0;90.75;0;10.037
10;2;149;0;81.034;0;89.451;0;89.451;0;8.417
10;2;150;0;92.685;0;108.517;0;108.517;0;15.832
10;2;151;0;91.938;0;122.415;0;122.415;0;30.477
10;2;152;6.859;82.597;0;110.269;0;110.269;0;34.531
10;2;153;35.442;79.328;0;85.142;0;85.142;0;41.256
10;2;154;51.438;74.662;0;68.309;0;68.309;0;45.085
10;2;155;68.23;69.834;0;33.833;0;33.833;0;32.229
10;2;156;70.347;64.95;0;24.825;0;24.825;0;30.222
10;2;157;84.031;53.154;0;4.002;0;4.002;0;34.879
10;2;158;71.349;47.528;0;0;0;0;0;23.821
10;2;159;31.347;42.657;0;38.629;0;38.629;0;27.318
10;2;160;38.907;40.921;0;38.464;0;38.464;0;36.451
10;2;161;1.926;39.933;0;95.56;0;95.56;0;57.554
10;2;162;0;47.652;0;99.403;0;99.403;0;51.751
10;2;163;0;49.051;0;105.042;0;105.042;0;55.991
10;2;164;0;49.297;0;104.384;0;104.384;0;55.087
10;2;165;0;50.402;0;101.308;0;101.308;0;50.906
10;2;166;0;80.105;0;123.144;0;123.144;0;43.04
10;2;167;0;142.941;0;176.123;0;176.123;0;33.183
10;3;0;0;0;0;6.358;0;6.358;0;6.358
10;3;1;0;164.617;0;175.185;0;175.185;0;10.568
10;3;2;0;166.118;0;173.954;0;173.954;0;7.835
10;3;3;0;168.273;0;176.483;0;176.483;0;8.21
10;3;4;0;185.663;0;193.729;0;193.729;0;8.066
10;3;5;0;164.891;0;173.062;0;173.062;0;8.171
10;3;6;0;188.674;0;204.181;0;204.181;0;15.507
10;3;7;0;188.244;0;216.962;0;216.962;0;28.718
10;3;8;0;176.643;0;223.687;0;223.687;0;47.044
10;3;9;23.403;173.225;0;184.858;0;184.858;0;35.036
10;3;10;45.176;166.573;0;155.759;0;155.759;0;34.362
10;3;11;38.163;157.958;0;152.159;0;152.159;0;32.364
10;3;12;86.925;155.627;0;98.914;0;98.914;0;30.212
10;3;13;160.887;140.43;0;6.224;0;6.224;0;26.681
10;3;14;150.236;167.657;0;56.142;0;56.142;0;38.72
10;3;15;96.142;166.802;0;105.568;0;105.568;0;34.908
10;3;16;20.992;168.94;0;186.445;0;186.445;0;38.497
10;3;17;0;172.792;0;219.693;0;219.693;0;46.901
10;3;18;0;174.077;0;231.873;0;231.873;0;57.796
10;3;19;0;0;0;56.088;0;56.088;0;56.088
10;3;20;0;9.062;0;74.62;0;74.62;0;65.558
10;3;21;0;146.824;0;190.089;0;190.089;0;43.265
10;3;22;0;182.655;0;235.662;0;235.662;0;53.007
10;3;23;0;184.374;0;206.687;0;206.687;0;22.314
10;3;24;0;186.093;0;191.69;0;191.69;0;5.597
10;3;25;0;64.64;0;74.94;0;74.94;0;10.3
10;3;26;0;170.099;0;177.407;0;177.407;0;7.307
10;3;27;0;172.775;0;182.676;0;182.676;0;9.902
10;3;28;0;175.959;0;183.762;0;183.762;0;7.804
10;3;29;0;183.656;0;191.044;0;191.044;0;7.388
10;3;30;0;189.535;0;197.984;0;197.984;0;8.45
10;3;31;0;191.257;0;231.625;0;231.625;0;40.368
10;3;32;0;181.661;0;224.506;0;224.506;0;42.845
10;3;33;20.127;179.7;0;190.074;0;190.074;0;30.501
10;3;34;77.703;167.906;0;118.937;0;118.937;0;28.734
10;3;35;88.513;160.818;0;108.189;0;108.189;0;35.884
10;3;36;102.281;158.325;0;91.314;0;91.314;0;35.27
10;3;37;73.805;150.895;0;107.144;0;107.144;0;30.053
10;3;38;16.674;148.921;0;159.674;0;159.674;0;27.426
10;3;39;9.494;151.867;0;184.251;0;184.251;0;41.878
10;3;40;2.232;151.68;0;188.929;0;188.929;0;39.48
10;3;41;0;152.693;0;222.196;0;222.196;0;69.503
10;3;42;0;162.434;0;223.989;0;223.989;0;61.555
10;3;43;0;160.867;0;227.738;0;227.738;0;66.871
10;3;44;0;159.511;0;226.376;0;226.376;0;66.865
10;3;45;0;160.306;0;211.765;0;211.765;0;51.459
10;3;46;0;150.812;0;192.538;0;192.538;0;41.725
10;3;47;0;146.056;0;190.324;0;190.324;0;44.268
10;3;48;0;130.155;0;135.899;0;135.899;0;5.744
10;3;49;0;123.37;0;132.941;0;132.941;0;9.571
10;3;50;0;119.198;0;126.884;0;126.884;0;7.686
10;3;51;0;114.833;0;122.847;0;122.847;0;8.014
10;3;52;0;113.968;0;121.468;0;121.468;0;7.499
10;3;53;0;113.207;0;121.695;0;121.695;0;8.488
10;3;54;0;111.794;0;124.25;0;124.25;0;12.456
10;3;55;0;129.717;0;158.31;0;158.31;0;28.593
10;3;56;0;132.343;0;179.113;0;179.113;0;46.771
10;3;57;3.037;117.173;0;144.705;0;144.705;0;30.568
10;3;58;13.78;117.593;0;136.162;0;136.162;0;32.349
10;3;59;12.147;112.982;0;132.767;0;132.767;0;31.932
10;3;60;42.047;110.505;0;91.241;0;91.241;0;22.784
10;3;61;94.743;102.503;0;36.451;0;36.451;0;28.691
10;3;62;55.837;96.371;0;67.903;0;67.903;0;27.368
10;3;63;40.436;98.507;0;84.756;0;84.756;0;26.686
10;3;64;5.116;97.241;0;140.784;0;140.784;0;48.659
10;3;65;0;162.103;0;216.139;0;216.139;0;54.035
10;3;66;0;163.384;0;216.712;0;216.712;0;53.328
10;3;67;0;165.52;0;219.224;0;219.224;0;53.704
10;3;68;0;115.475;0;180.739;0;180.739;0;65.264
10;3;69;0;0;0;56.365;0;56.365;0;56.365
10;3;70;0;0;0;45.329;0;45.329;0;45.329
10;3;71;0;109.968;0;146.099;0;146.099;0;36.13
10;3;72;0;112.764;0;118.408;0;118.408;0;5.644
10;3;73;0;113.673;0;123.324;0;123.324;0;9.651
10;3;74;0;116.346;0;123.655;0;123.655;0;7.309
10;3;75;0;120.082;0;127.309;0;127.309;0;7.227
10;3;76;0;119.509;0;127.134;0;127.134;0;7.625
10;3;77;0;120.271;0;127.669;0;127.669;0;7.399
10;3;78;0;169.796;0;178.032;0;178.032;0;8.237
10;3;79;0;95.323;0;106.803;0;106.803;0;11.481
10;3;80;0;143.337;0;167.433;0;167.433;0;24.096
10;3;81;2.213;127.698;0;164.932;0;164.932;0;39.448
10;3;82;4.428;127.813;0;160.49;0;160.49;0;37.104
10;3;83;9.69;126.719;0;158.369;0;158.369;0;41.34
10;3;84;17.723;122.671;0;131.4;0;131.4;0;26.451
10;3;85;104.407;168.94;0;93.263;0;93.263;0;28.73
10;3;86;101.332;65.603;0;1.468;0;1.468;0;37.196
10;3;87;60.215;171.936;0;146.004;0;146.004;0;34.284
10;3;88;6.688;174.077;0;202.975;0;202.975;0;35.587
10;3;89;0;174.505;0;219.518;0;219.518;0;45.013
10;3;90;0;176.648;0;227.907;0;227.907;0;51.259
10;3;91;0;55.087;0;105.745;0;105.745;0;50.658
10;3;92;0;0;0;54.613;0;54.613;0;54.613
10;3;93;0;144.851;0;193.233;0;193.233;0;48.381
10;3;94;0;150.502;0;202.917;0;202.917;0;52.415
10;3;95;0;149.812;0;186.378;0;186.378;0;36.566
10;3;96;0;174.306;0;180.08;0;180.08;0;5.775
10;3;97;0;179.628;0;189.576;0;189.576;0;9.948
10;3;98;0;182.052;0;188.87;0;188.87;0;6.818
10;3;99;0;186.092;0;193.64;0;193.64;0;7.548
10;3;100;0;185.98;0;194.018;0;194.018;0;8.038
10;3;101;0;185.233;0;193.091;0;193.091;0;7.858
10;3;102;0;183.514;0;197.934;0;197.934;0;14.42
10;3;103;0;182.655;0;207.545;0;207.545;0;24.89
10;3;104;0;170.783;0;202.333;0;202.333;0;31.55
10;3;105;1.666;178.363;0;232.751;0;232.751;0;56.054
10;3;106;5.853;154.723;0;199.003;0;199.003;0;50.133
10;3;107;7.528;171.675;0;208.019;0;208.019;0;43.871
10;3;108;14.232;176.741;0;198.721;0;198.721;0;36.212
10;3;109;16.564;168.123;0;181.845;0;181.845;0;30.286
10;3;110;12.264;163.788;0;197.012;0;197.012;0;45.488
10;3;111;6.965;162.133;0;196.057;0;196.057;0;40.889
10;3;112;1.112;159.976;0;200.214;0;200.214;0;41.351
10;3;113;0;156.253;0;206.068;0;206.068;0;49.816
10;3;114;0;164.868;0;223.16;0;223.16;0;58.292
10;3;115;0;163.091;0;226.658;0;226.658;0;63.566
10;3;116;0;162.834;0;203.171;0;203.171;0;40.336
10;3;117;0;160.328;0;213.206;0;213.206;0;52.878
10;3;118;0;177.934;0;238.378;0;238.378;0;60.444
10;3;119;0;178.792;0;226.439;0;226.439;0;47.646
10;3;120;0;178.792;0;184.495;0;184.495;0;5.703
10;3;121;0;179.65;0;189.553;0;189.553;0;9.903
10;3;122;0;182.226;0;189.263;0;189.263;0;7.037
10;3;123;0;185.233;0;192.579;0;192.579;0;7.346
10;3;124;0;188.674;0;196.051;0;196.051;0;7.377
10;3;125;0;45.801;0;53.814;0;53.814;0;8.013
10;3;126;0;190.826;0;204.394;0;204.394;0;13.568
10;3;127;0;191.257;0;228.426;0;228.426;0;37.169
10;3;128;0;186.233;0;219.719;0;219.719;0;33.487
10;3;129;5.257;182.305;0;219.123;0;219.123;0;42.075
10;3;130;13.787;174.225;0;191.576;0;191.576;0;31.137
10;3;131;12.821;169.92;0;192.241;0;192.241;0;35.142
10;3;132;34.705;169.606;0;161.95;0;161.95;0;27.049
10;3;133;38.707;156.034;0;151.345;0;151.345;0;34.018
10;3;134;9.46;154.631;0;176.289;0;176.289;0;31.118
10;3;135;6.126;155.025;0;182.649;0;182.649;0;33.751
10;3;136;0.555;180.079;0;214.552;0;214.552;0;35.027
10;3;137;0;129.976;0;184.516;0;184.516;0;54.54
10;3;138;0;166.441;0;233.203;0;233.203;0;66.762
10;3;139;0;184.804;0;240.766;0;240.766;0;55.963
10;3;140;0;159.831;0;221.93;0;221.93;0;62.099
10;3;141;0;176.728;0;219.062;0;219.062;0;42.334
10;3;142;0;174.02;0;218.683;0;218.683;0;44.663
10;3;143;0;177.696;0;217.246;0;217.246;0;39.551
10;3;144;0;187.813;0;193.266;0;193.266;0;5.452
10;3;145;0;186.987;0;199.762;0;199.762;0;12.775
10;3;146;0;189.104;0;196.48;0;196.48;0;7.376
10;3;147;0;191.257;0;199.879;0;199.879;0;8.622
10;3;148;0;190.396;0;197.489;0;197.489;0;7.093
10;3;149;0;190.826;0;198.909;0;198.909;0;8.083
10;3;150;0;189.535;0;203.351;0;203.351;0;13.817
10;3;151;0;187.813;0;210.237;0;210.237;0;22.423
10;3;152;0;180.051;0;227.018;0;227.018;0;46.967
10;3;153;18.618;166.683;0;192.835;0;192.835;0;44.77
10;3;154;52.005;157.754;0;134.564;0;134.564;0;28.816
10;3;155;25.46;145.092;0;144.124;0;144.124;0;24.492
10;3;156;15.777;141.689;0;162.01;0;162.01;0;36.098
10;3;157;17.833;168.94;0;180.589;0;180.589;0;29.482
10;3;158;12.176;93.433;0;116.824;0;116.824;0;35.568
10;3;159;5.253;128.95;0;162.073;0;162.073;0;38.376
10;3;160;2.49;125.978;0;173.757;0;173.757;0;50.269
10;3;161;0;124.666;0;169.892;0;169.892;0;45.227
10;3;162;0;131.408;0;173.733;0;173.733;0;42.325
10;3;163;0;130.364;0;182.359;0;182.359;0;51.995
10;3;164;0;141.401;0;198.672;0;198.672;0;57.271
10;3;165;0;167.657;0;223.582;0;223.582;0;55.925
10;3;166;0;168.085;0;220.426;0;220.426;0;52.342
10;3;167;0;169.796;0;206.948;0;206.948;0;37.152
15;0;0;0;0;0;5.441;0;5.441;0;5.441
15;0;1;0;127.029;0;134.598;0;134.598;0;7.569
15;0;2;0;194.704;0;202.279;0;202.279;0;7.575
15;0;3;0;192.549;0;200.232;0;200.232;0;7.682
15;0;4;0;195.567;0;202.999;0;202.999;0;7.433
15;0;5;0;199.019;0;207.796;0;207.796;0;8.777
15;0;6;0;202.908;0;211.707;0;211.707;0;8.799
15;0;7;0;104.11;0;128.055;0;128.055;0;23.945
15;0;8;0;205.503;0;233.565;0;233.565;0;28.062
15;0;9;0.565;206.802;0;240.952;0;240.952;0;34.716
15;0;10;13.95;206.802;0;236.488;0;236.488;0;43.635
15;0;11;109.974;202.043;0;119.129;0;119.129;0;27.06
15;0;12;120.069;193.148;0;100.032;0;100.032;0;26.952
15;0;13;67.05;179.526;0;141.921;0;141.921;0;29.446
15;0;14;34.863;170.807;0;160.902;0;160.902;0;24.958
15;0;15;12.845;172.129;0;196.536;0;196.536;0;37.252
15;0;16;4.533;167.878;0;205.791;0;205.791;0;42.446
15;0;17;0;161.976;0;207.632;0;207.632;0;45.656
15;0;18;0;164.79;0;209.273;0;209.273;0;44.483
15;0;19;0;163.5;0;218.242;0;218.242;0;54.742
15;0;20;0;169.623;0;213.77;0;213.77;0;44.147
15;0;21;0;168.513;0;222.756;0;222.756;0;54.243
15;0;22;0;168.854;0;221.774;0;221.774;0;52.92
15;0;23;0;166.827;0;206.83;0;206.83;0;40.003
15;0;24;0;154.524;0;160.024;0;160.024;0;5.5
15;0;25;0;153;0;166.649;0;166.649;0;13.648
15;0;26;0;154.215;0;161.977;0;161.977;0;7.762
15;0;27;0;153.072;0;164.274;0;164.274;0;11.201
15;0;28;0;152.253;0;160.835;0;160.835;0;8.582
15;0;29;0;149.952;0;160.657;0;160.657;0;10.704
15;0;30;0;158.804;0;170.498;0;170.498;0;11.694
15;0;31;0;158.929;0;184.024;0;184.024;0;25.095
15;0;32;0;148.652;0;190.386;0;190.386;0;41.734
15;0;33;2.57;149.786;0;180.306;0;180.306;0;33.09
15;0;34;44.015;146.818;0;137.842;0;137.842;0;35.039
15;0;35;80.995;141.131;0;88.877;0;88.877;0;28.74
15;0;36;62.031;139.817;0;108.828;0;108.828;0;31.043
15;0;37;35.141;129.23;0;121.043;0;121.043;0;26.953
15;0;38;13.334;125.592;0;142.006;0;142.006;0;29.747
15;0;39;8.605;120.844;0;170.393;0;170.393;0;58.153
15;0;40;1.385;119.942;0;168.602;0;168.602;0;50.045
15;0;41;0;175.362;0;231.145;0;231.145;0;55.783
15;0;42;0;78.54;0;127.536;0;127.536;0;48.996
15;0;43;0;134.327;0;182.002;0;182.002;0;47.675
15;0;44;0;136.513;0;193.787;0;193.787;0;57.274
15;0;45;0;177.506;0;242.519;0;242.519;0;65.014
15;0;46;0;84.316;0;130.561;0;130.561;0;46.244
15;0;47;0;128.883;0;175.455;0;175.455;0;46.572
15;0;48;0;135.788;0;141.638;0;141.638;0;5.851
15;0;49;0;136.119;0;146.224;0;146.224;0;10.105
15;0;50;0;178.792;0;186.47;0;186.47;0;7.677
15;0;51;0;99.405;0;106.651;0;106.651;0;7.246
15;0;52;0;140.997;0;148.998;0;148.998;0;8.001
15;0;53;0;137.97;0;146.687;0;146.687;0;8.718
15;0;54;0;133.347;0;147.021;0;147.021;0;13.673
15;0;55;0;144.326;0;175.628;0;175.628;0;31.302
15;0;56;0;146.491;0;177.964;0;177.964;0;31.473
15;0;57;1.106;126.933;0;165.165;0;165.165;0;39.338
15;0;58;52.394;120.958;0;114.174;0;114.174;0;45.61
15;0;59;100.687;115.266;0;48.406;0;48.406;0;33.827
15;0;60;133.351;104.646;0;1.03;0;1.03;0;29.735
15;0;61;129.505;100.631;0;0;0;0;0;28.874
15;0;62;83.409;82.994;0;24.316;0;24.316;0;24.732
15;0;63;43.757;159.543;0;146.944;0;146.944;0;31.158
15;0;64;5.637;161.249;0;207.479;0;207.479;0;51.867
15;0;65;0;0;0;43.178;0;43.178;0;43.178
15;0;66;0;34.925;0;99.489;0;99.489;0;64.565
15;0;67;0;90.349;0;153.896;0;153.896;0;63.546
15;0;68;0;164.665;0;214.855;0;214.855;0;50.19
15;0;69;0;166.802;0;234.617;0;234.617;0;67.815
15;0;70;0;167.657;0;224.491;0;224.491;0;56.834
15;0;71;0;170.652;0;202.489;0;202.489;0;31.837
15;0;72;0;67.723;0;73.289;0;73.289;0;5.566
15;0;73;0;174.505;0;184;0;184;0;9.495
15;0;74;0;123.185;0;130.288;0;130.288;0;7.104
15;0;75;0;128.2;0;136.642;0;136.642;0;8.441
15;0;76;0;107.991;0;115.916;0;115.916;0;7.925
15;0;77;0;0;0;11.073;0;11.073;0;11.073
15;0;78;0;0;0;10.221;0;10.221;0;10.221
15;0;79;0;185.663;0;205.289;0;205.289;0;19.626
15;0;80;0;160.173;0;191.109;0;191.109;0;30.935
15;0;81;1.399;156.242;0;185.959;0;185.959;0;31.116
15;0;82;57.772;152.149;0;137.845;0;137.845;0;43.467
15;0;83;79.719;147.246;0;95.576;0;95.576;0;28.049
15;0;84;77.75;138.495;0;104.584;0;104.584;0;43.839
15;0;85;86.76;130.709;0;72.996;0;72.996;0;29.047
15;0;86;129.937;119.418;0;25.607;0;25.607;0;36.126
15;0;87;75.439;124.314;0;84.771;0;84.771;0;35.896
15;0;88;12.899;118.455;0;149.406;0;149.406;0;43.851
15;0;89;0;110.692;0;162.477;0;162.477;0;51.785
15;0;90;0;110.871;0;165.776;0;165.776;0;54.905
15;0;91;0;112.86;0;163.006;0;163.006;0;50.147
15;0;92;0;116.433;0;179.813;0;179.813;0;63.38
15;0;93;0;120.067;0;166.081;0;166.081;0;46.014
15;0;94;0;120.801;0;166.793;0;166.793;0;45.992
15;0;95;0;113.392;0;147.532;0;147.532;0;34.14
15;0;96;0;123.619;0;129.312;0;129.312;0;5.693
15;0;97;0;124.122;0;139.156;0;139.156;0;15.034
15;0;98;0;123.765;0;132.048;0;132.048;0;8.283
15;0;99;0;122.561;0;130.367;0;130.367;0;7.806
15;0;100;0;121.134;0;130.004;0;130.004;0;8.87
15;0;101;0;120.76;0;128.602;0;128.602;0;7.842
15;0;102;0;132.055;0;142.887;0;142.887;0;10.832
15;0;103;0;133.098;0;158.176;0;158.176;0;25.078
15;0;104;0;123.114;0;163.949;0;163.949;0;40.835
15;0;105;4.301;122.095;0;159.851;0;159.851;0;42.057
15;0;106;72.362;119.725;0;104.405;0;104.405;0;57.042
15;0;107;99.305;112.227;0;34.989;0;34.989;0;22.068
15;0;108;47.728;112.219;0;92.506;0;92.506;0;28.015
15;0;109;20.358;105.653;0;114.541;0;114.541;0;29.246
15;0;110;11.869;103.638;0;134.027;0;134.027;0;42.258
15;0;111;6.071;103.256;0;138.978;0;138.978;0;41.793
15;0;112;1.102;102.289;0;153.165;0;153.165;0;51.978
15;0;113;0;164.238;0;207.869;0;207.869;0;43.63
15;0;114;0;42.748;0;95.141;0;95.141;0;52.394
15;0;115;0;110.44;0;175.498;0;175.498;0;65.058
15;0;116;0;110.132;0;162.989;0;162.989;0;52.858
15;0;117;0;109.699;0;163.996;0;163.996;0;54.297
15;0;118;0;101.828;0;142.093;0;142.093;0;40.265
15;0;119;0;99.736;0;127.548;0;127.548;0;27.812
15;0;120;0;96.039;0;101.711;0;101.711;0;5.672
15;0;121;0;93.947;0;103.281;0;103.281;0;9.334
15;0;122;0;88.727;0;97.232;0;97.232;0;8.505
15;0;123;0;85.487;0;92.17;0;92.17;0;6.683
15;0;124;0;84.48;0;91.816;0;91.816;0;7.336
15;0;125;0;81.231;0;93.301;0;93.301;0;12.07
15;0;126;0;86.86;0;101.819;0;101.819;0;14.959
15;0;127;0;86.786;0;113.123;0;113.123;0;26.337
15;0;128;0;75.285;0;121.548;0;121.548;0;46.263
15;0;129;3.804;74.894;0;107.626;0;107.626;0;36.536
15;0;130;26.672;147.616;0;156.908;0;156.908;0;35.964
15;0;131;11.994;147.191;0;163.539;0;163.539;0;28.342
15;0;132;35.726;14.118;0;0;0;0;0;21.608
15;0;133;19.089;0;0;11.738;0;11.738;0;30.828
15;0;134;28.343;154.001;0;154.752;0;154.752;0;29.094
15;0;135;47.6;154.427;0;135.057;0;135.057;0;28.23
15;0;136;2.467;139.179;0;178.617;0;178.617;0;41.905
15;0;137;0;0;0;52.452;0;52.452;0;52.452
15;0;138;0;0;0;56.458;0;56.458;0;56.458
15;0;139;0;0;0;66.343;0;66.343;0;66.343
15;0;140;0;66.858;0;124.445;0;124.445;0;57.587
15;0;141;0;93.511;0;135.526;0;135.526;0;42.015
15;0;142;0;84.782;0;128.422;0;128.422;0;43.64
15;0;143;0;87.256;0;116.781;0;116.781;0;29.525
15;0;144;0;89.917;0;95.702;0;95.702;0;5.785
15;0;145;0;90.231;0;100.28;0;100.28;0;10.049
15;0;146;0;92.707;0;100.667;0;100.667;0;7.961
15;0;147;0;93.566;0;101.13;0;101.13;0;7.564
15;0;148;0;163.384;0;170.771;0;170.771;0;7.387
15;0;149;0;30.325;0;38.819;0;38.819;0;8.494
15;0;150;0;166.802;0;180.267;0;180.267;0;13.465
15;0;151;0;168.085;0;197.267;0;197.267;0;29.183
15;0;152;0;0;0;29.673;0;29.673;0;29.673
15;0;153;8.301;111.367;0;146.109;0;146.109;0;43.043
15;0;154;84.564;110.944;0;77.627;0;77.627;0;51.247
15;0;155;113.079;106.778;0;21.956;0;21.956;0;28.257
15;0;156;104.618;103.949;0;24.02;0;24.02;0;24.689
15;0;157;102.681;89.369;0;21.944;0;21.944;0;35.256
15;0;158;109.123;80.489;0;2.885;0;2.885;0;31.518
15;0;159;60.624;78.589;0;44.183;0;44.183;0;26.218
15;0;160;6.66;160.823;0;192.641;0;192.641;0;38.479
15;0;161;0;0;0;57.556;0;57.556;0;57.556
15;0;162;0;164.238;0;213.073;0;213.073;0;48.835
15;0;163;0;115.301;0;169.772;0;169.772;0;54.472
15;0;164;0;0;0;56.174;0;56.174;0;56.174
15;0;165;0;100.793;0;161.194;0;161.194;0;60.401
15;0;166;0;162.385;0;223.45;0;223.45;0;61.065
15;0;167;0;170.224;0;204.848;0;204.848;0;34.625
15;1;0;0;0;0;5.556;0;5.556;0;5.556
15;1;1;0;0;0;7.117;0;7.117;0;7.117
15;1;2;0;0;0;7.237;0;7.237;0;7.237
15;1;3;0;0;0;7.476;0;7.476;0;7.476
15;1;4;0;0;0;9.078;0;9.078;0;9.078
15;1;5;0;0;0;10.018;0;10.018;0;10.018
15;1;6;2.763;0;0;13.006;0;13.006;0;15.769
15;1;7;30.277;0;0;0;10.331;0;10.331;19.946
15;1;8;85.339;0;0;0;54.561;0;54.561;30.779
15;1;9;146.92;0;0;0;121.483;0;121.483;25.437
15;1;10;195.651;0;0;0;165.57;0;165.57;30.081
15;1;11;221.763;0;0;0;195.953;0;195.953;25.809
15;1;12;242.133;0;0;0;210.552;0;210.552;31.581
15;1;13;271.267;0;0;0;240.951;0;240.951;30.316
15;1;14;222.204;0;0;0;191.141;0;191.141;31.062
15;1;15;151.566;0;0;0;132.117;0;132.117;19.449
15;1;16;103.573;0;0;0;68.786;0;68.786;34.787
15;1;17;62.713;0;0;0;16.396;0;16.396;46.317
15;1;18;27.507;0;0;24.634;0;24.634;0;52.142
15;1;19;1.061;0;0;46.527;0;46.527;0;47.588
15;1;20;0;0;0;53.727;0;53.727;0;53.727
15;1;21;0;0;0;47.005;0;47.005;0;47.005
15;1;22;0;0;0;52.088;0;52.088;0;52.088
15;1;23;0;0;0;27.652;0;27.652;0;27.652
15;1;24;0;0;0;5.537;0;5.537;0;5.537
15;1;25;0;0;0;7.472;0;7.472;0;7.472
15;1;26;0;0;0;8.633;0;8.633;0;8.633
15;1;27;0;0;0;10.279;0;10.279;0;10.279
15;1;28;0;0;0;11.091;0;11.091;0;11.091
15;1;29;0;0;0;12.638;0;12.638;0;12.638
15;1;30;2.247;0;0;20.797;0;20.797;0;23.045
15;1;31;28.021;0;0;0;0.959;0;0.959;27.063
15;1;32;82.96;0;0;0;51.078;0;51.078;31.882
15;1;33;139.454;1.946;0;0;109.999;0;109.999;27.509
15;1;34;180.592;1.755;0;0;132.023;0;132.023;46.815
15;1;35;218.259;2.215;0;0;189.339;0;189.339;26.705
15;1;36;264.553;2.818;0;0;223.271;0;223.271;38.463
15;1;37;269.889;1.515;0;0;236.116;0;236.116;32.259
15;1;38;252.648;1.373;0;0;221.452;0;221.452;29.824
15;1;39;214.193;3.116;0;0;177.441;0;177.441;33.636
15;1;40;160.383;0;0;0;129.187;0;129.187;31.196
15;1;41;95.592;41.7;0;0;3.944;0;3.944;49.948
15;1;42;42.194;0;0;0;2.331;0;2.331;39.862
15;1;43;4.083;0;0;34.191;0;34.191;0;38.274
15;1;44;0;0;0;49.168;0;49.168;0;49.168
15;1;45;0;0;0;68.166;0;68.166;0;68.166
15;1;46;0;0;0;55.194;0;55.194;0;55.194
15;1;47;0;0;0;40.404;0;40.404;0;40.404
15;1;48;0;0;0;5.587;0;5.587;0;5.587
15;1;49;0;0;0;8.168;0;8.168;0;8.168
15;1;50;0;0;0;8.398;0;8.398;0;8.398
15;1;51;0;0;0;8.393;0;8.393;0;8.393
15;1;52;0;0;0;7.837;0;7.837;0;7.837
15;1;53;0;0;0;7.614;0;7.614;0;7.614
15;1;54;1.334;0;0;7.378;0;7.378;0;8.712
15;1;55;16.902;0;0;0;2.089;0;2.089;14.814
15;1;56;66.882;0;0;0;30.746;0;30.746;36.136
15;1;57;126.202;0;0;0;108.851;0;108.851;17.35
15;1;58;176.777;2.148;0;0;135.619;0;135.619;39.009
15;1;59;211.93;1.815;0;0;177.302;0;177.302;32.812
15;1;60;242.799;1.404;0;0;213.111;0;213.111;28.284
15;1;61;217.211;1.707;0;0;185.979;0;185.979;29.525
15;1;62;143.083;2.471;0;0;114.526;0;114.526;26.087
15;1;63;59.954;30.705;0;0;0;0;0;29.249
15;1;64;96.705;18.528;0;0;48.811;0;48.811;29.366
15;1;65;74.347;0;0;0;36.285;0;36.285;38.062
15;1;66;30.618;0;0;16.108;0;16.108;0;46.726
15;1;67;3.716;0;0;56.607;0;56.607;0;60.323
15;1;68;0;0;0;56.566;0;56.566;0;56.566
15;1;69;0;0;0;42.631;0;42.631;0;42.631
15;1;70;0;0;0;56.778;0;56.778;0;56.778
15;1;71;0;0;0;34.101;0;34.101;0;34.101
15;1;72;0;0;0;5.584;0;5.584;0;5.584
15;1;73;0;0;0;7.115;0;7.115;0;7.115
15;1;74;0;0;0;7.355;0;7.355;0;7.355
15;1;75;0;0;0;7.517;0;7.517;0;7.517
15;1;76;0;0;0;7.784;0;7.784;0;7.784
15;1;77;0;0;0;8.264;0;8.264;0;8.264
15;1;78;1.615;0;0;8.386;0;8.386;0;10.001
15;1;79;21.17;0;0;0;10.907;0;10.907;10.264
15;1;80;75.971;0;0;0;54.465;0;54.465;21.506
15;1;81;145.758;2.479;0;0;117.534;0;117.534;25.746
15;1;82;203.195;2.129;0;0;170.919;0;170.919;30.147
15;1;83;245.62;1.91;0;0;215.844;0;215.844;27.866
15;1;84;263.401;1.366;0;0;226.533;0;226.533;35.503
15;1;85;244.863;1.92;0;0;209.427;0;209.427;33.516
15;1;86;215.632;2.353;0;0;182.966;0;182.966;30.314
15;1;87;201.131;42.88;0;0;114.473;0;114.473;43.778
15;1;88;112.595;0;0;0;76.181;0;76.181;36.414
15;1;89;60.606;0;0;0;16.325;0;16.325;44.281
15;1;90;38.843;0;0;0;1.978;0;1.978;36.865
15;1;91;3.821;0;0;35.35;0;35.35;0;39.171
15;1;92;0;0;0;44.294;0;44.294;0;44.294
15;1;93;0;0;0;52.993;0;52.993;0;52.993
15;1;94;0;0;0;45.558;0;45.558;0;45.558
15;1;95;0;0;0;37.013;0;37.013;0;37.013
15;1;96;0;0;0;6.429;0;6.429;0;6.429
15;1;97;0;0;0;11.26;0;11.26;0;11.26
15;1;98;0;0;0;8.052;0;8.052;0;8.052
15;1;99;0;0;0;7.537;0;7.537;0;7.537
15;1;100;0;0;0;11.67;0;11.67;0;11.67
15;1;101;0;0;0;7.071;0;7.071;0;7.071
15;1;102;1.343;0;0;5.668;0;5.668;0;7.011
15;1;103;23.397;0;0;0;4.357;0;4.357;19.04
15;1;104;60.632;0;0;0;31.473;0;31.473;29.159
15;1;105;68.536;2.271;0;0;14.255;0;14.255;52.01
15;1;106;146.182;2.282;0;0;104.499;0;104.499;39.401
15;1;107;250.631;2.123;0;0;207.595;0;207.595;40.913
15;1;108;280.608;3.228;0;0;246.459;0;246.459;30.92
15;1;109;227.853;1.657;0;0;190.307;0;190.307;35.889
15;1;110;119.845;1.753;0;0;81.925;0;81.925;36.168
15;1;111;94.668;2.031;0;0;60.519;0;60.519;32.119
15;1;112;86.769;14.365;0;0;34.8;0;34.8;37.604
15;1;113;69.054;24.108;0;0;0;0;0;44.946
15;1;114;36.422;0;0;3.721;0;3.721;0;40.143
15;1;115;3.572;0;0;43.963;0;43.963;0;47.535
15;1;116;0;0;0;61.584;0;61.584;0;61.584
15;1;117;0;0;0;56.475;0;56.475;0;56.475
15;1;118;0;0;0;59.879;0;59.879;0;59.879
15;1;119;0;0;0;43.986;0;43.986;0;43.986
15;1;120;0;0;0;5.884;0;5.884;0;5.884
15;1;121;0;0;0;9.468;0;9.468;0;9.468
15;1;122;0;0;0;7.254;0;7.254;0;7.254
15;1;123;0;0;0;9.122;0;9.122;0;9.122
15;1;124;0;0;0;8.57;0;8.57;0;8.57
15;1;125;0;0;0;6.571;0;6.571;0;6.571
15;1;126;0.804;0;0;15.738;0;15.738;0;16.541
15;1;127;17.617;0;0;15.63;0;15.63;0;33.247
15;1;128;77.134;0;0;0;44.32;0;44.32;32.813
15;1;129;144.392;2.174;0;0;111.073;0;111.073;31.145
15;1;130;201.769;2.349;0;0;175.25;0;175.25;24.17
15;1;131;239.382;2.152;0;0;202.388;0;202.388;34.843
15;1;132;261.398;3.592;0;0;226.88;0;226.88;30.927
15;1;133;247.214;1.67;0;0;212.606;0;212.606;32.938
15;1;134;195.548;1.832;0;0;166.636;0;166.636;27.08
15;1;135;138.438;1.763;0;0;107.856;0;107.856;28.82
15;1;136;107.826;1.19;0;0;46.709;0;46.709;59.928
15;1;137;83.849;33.092;0;0;11.519;0;11.519;39.237
15;1;138;37.371;0;0;17.144;0;17.144;0;54.516
15;1;139;3.229;0;0;55.791;0;55.791;0;59.02
15;1;140;0;0;0;56.771;0;56.771;0;56.771
15;1;141;0;0;0;49.109;0;49.109;0;49.109
15;1;142;0;0;0;69.681;0;69.681;0;69.681
15;1;143;0;0;0;40.935;0;40.935;0;40.935
15;1;144;0;0;0;5.524;0;5.524;0;5.524
15;1;145;0;0;0;10.374;0;10.374;0;10.374
15;1;146;0;0;0;7.616;0;7.616;0;7.616
15;1;147;0;0;0;8.356;0;8.356;0;8.356
15;1;148;0;0;0;7.122;0;7.122;0;7.122
15;1;149;0;0;0;8.113;0;8.113;0;8.113
15;1;150;0.532;0;0;8.546;0;8.546;0;9.078
15;1;151;22.761;0;0;0;0;0;0;22.761
15;1;152;80.098;0;0;0;52.419;0;52.419;27.679
15;1;153;145.702;2.34;0;0;112.042;0;112.042;31.32
15;1;154;202.549;2.449;0;0;173.669;0;173.669;26.432
15;1;155;244.919;1.417;0;0;216.814;0;216.814;26.688
15;1;156;268.185;3.145;0;0;234.903;0;234.903;30.138
15;1;157;263.869;1.693;0;0;236.167;0;236.167;26.009
15;1;158;196.006;1.383;0;0;154.001;0;154.001;40.623
15;1;159;171.323;93.679;0;0;47.264;0;47.264;30.38
15;1;160;134.215;0;0;0;98.537;0;98.537;35.677
15;1;161;93.482;8.369;0;0;36.968;0;36.968;48.145
15;1;162;36.057;0;0;16.409;0;16.409;0;52.467
15;1;163;3.013;0;0;37.064;0;37.064;0;40.077
15;1;164;0;0;0;56.85;0;56.85;0;56.85
15;1;165;0;0;0;58.103;0;58.103;0;58.103
15;1;166;0;0;0;54.126;0;54.126;0;54.126
15;1;167;0;0;0;52.475;0;52.475;0;52.475
15;2;0;0;0;0;5.806;0;5.806;0;5.806
15;2;1;0;0;0;9.661;0;9.661;0;9.661
15;2;2;0;142.941;0;150.747;0;150.747;0;7.807
15;2;3;0;0;0;8.566;0;8.566;0;8.566
15;2;4;0;20.206;0;32.805;0;32.805;0;12.599
15;2;5;0;147.191;0;155.7;0;155.7;0;8.509
15;2;6;0;0;0;14.196;0;14.196;0;14.196
15;2;7;0;0;0;26.663;0;26.663;0;26.663
15;2;8;9.241;0;0;27.058;0;27.058;0;36.299
15;2;9;43.6;60.178;0;42.698;0;42.698;0;26.12
15;2;10;137.988;54.964;0;0;46.839;0;46.839;36.185
15;2;11;201.491;46.02;0;0;120.83;0;120.83;34.641
15;2;12;183.11;113.346;0;0;36.77;0;36.77;32.994
15;2;13;113.305;76.245;0;0;0;0;0;37.06
15;2;14;91.106;64.282;0;0;0;0;0;26.823
15;2;15;117.025;93.312;0;0;0;0;0;23.713
15;2;16;57.604;21.1;0;20.616;0;20.616;0;57.119
15;2;17;9.012;24.774;0;53.518;0;53.518;0;37.756
15;2;18;0;0;0;48.618;0;48.618;0;48.618
15;2;19;0;77.437;0;128.444;0;128.444;0;51.007
15;2;20;0;47.186;0;94.935;0;94.935;0;47.749
15;2;21;0;0;0;50.533;0;50.533;0;50.533
15;2;22;0;102.911;0;176.514;0;176.514;0;73.602
15;2;23;0;0;0;41.288;0;41.288;0;41.288
15;2;24;0;0;0;5.854;0;5.854;0;5.854
15;2;25;0;0;0;7.817;0;7.817;0;7.817
15;2;26;0;79.287;0;87.277;0;87.277;0;7.99
15;2;27;0;0;0;9.406;0;9.406;0;9.406
15;2;28;0;163.811;0;171.366;0;171.366;0;7.555
15;2;29;0;5.916;0;16.568;0;16.568;0;10.651
15;2;30;0;97.84;0;115.391;0;115.391;0;17.551
15;2;31;0;101.795;0;128.647;0;128.647;0;26.853
15;2;32;14.871;98.719;0;122.272;0;122.272;0;38.424
15;2;33;72.919;91.249;0;56.818;0;56.818;0;38.488
15;2;34;114.029;78.376;0;6.421;0;6.421;0;42.074
15;2;35;157.193;67.629;0;0;62.686;0;62.686;26.878
15;2;36;169.496;125.356;0;0;5.249;0;5.249;38.892
15;2;37;145.097;120.081;0;0;0;0;0;25.016
15;2;38;116.322;81.906;0;0;0;0;0;34.416
15;2;39;79.089;44.524;0;0;0;0;0;34.566
15;2;40;21.169;19.628;0;33.846;0;33.846;0;35.387
15;2;41;5.672;19.903;0;59.588;0;59.588;0;45.357
15;2;42;0;28.463;0;78.521;0;78.521;0;50.058
15;2;43;0;32.593;0;88.008;0;88.008;0;55.415
15;2;44;0;0;0;69.777;0;69.777;0;69.777
15;2;45;0;0;0;45.448;0;45.448;0;45.448
15;2;46;0;0;0;54.373;0;54.373;0;54.373
15;2;47;0;0;0;31.334;0;31.334;0;31.334
15;2;48;0;0;0;5.902;0;5.902;0;5.902
15;2;49;0;0;0;10.52;0;10.52;0;10.52
15;2;50;0;31.94;0;38.77;0;38.77;0;6.83
15;2;51;0;44.748;0;52.191;0;52.191;0;7.443
15;2;52;0;45.259;0;52.414;0;52.414;0;7.155
15;2;53;0;46.552;0;56.519;0;56.519;0;9.966
15;2;54;0;43.757;0;57.966;0;57.966;0;14.209
15;2;55;0;50.876;0;74.669;0;74.669;0;23.793
15;2;56;5.934;49.521;0;96.618;0;96.618;0;53.032
15;2;57;13.912;38.825;0;65.91;0;65.91;0;40.997
15;2;58;51.205;35.557;0;15.621;0;15.621;0;31.269
15;2;59;56.14;31.813;0;10.867;0;10.867;0;35.193
15;2;60;100.567;81.266;0;0;0;0;0;19.302
15;2;61;94.625;68.882;0;0;0;0;0;25.744
15;2;62;60.179;29.231;0;0;0;0;0;30.948
15;2;63;87.38;50.905;0;0;0;0;0;36.475
15;2;64;11.13;0;0;33.832;0;33.832;0;44.961
15;2;65;3.011;100.208;0;145.2;0;145.2;0;48.003
15;2;66;0;0;0;43.641;0;43.641;0;43.641
15;2;67;0;0;0;60.059;0;60.059;0;60.059
15;2;68;0;0;0;53.821;0;53.821;0;53.821
15;2;69;0;0;0;61.468;0;61.468;0;61.468
15;2;70;0;0;0;49.145;0;49.145;0;49.145
15;2;71;0;0;0;50.233;0;50.233;0;50.233
15;2;72;0;0;0;5.761;0;5.761;0;5.761
15;2;73;0;0;0;13.087;0;13.087;0;13.087
15;2;74;0;36.095;0;44.283;0;44.283;0;8.188
15;2;75;0;37.15;0;45.435;0;45.435;0;8.285
15;2;76;0;38.034;0;46.574;0;46.574;0;8.54
15;2;77;0;39.678;0;47.177;0;47.177;0;7.499
15;2;78;0;40.762;0;53.546;0;53.546;0;12.784
15;2;79;0;53.772;0;68.294;0;68.294;0;14.522
15;2;80;4.206;54.599;0;84.818;0;84.818;0;34.425
15;2;81;23.648;43.549;0;50.592;0;50.592;0;30.692
15;2;82;89.405;62.608;0;0;0;0;0;26.797
15;2;83;93.618;68.825;0;0;0;0;0;24.793
15;2;84;42.094;2.381;0;0;0;0;0;39.713
15;2;85;46.754;12.84;0;0;0;0;0;33.913
15;2;86;70.513;131.91;0;99.909;0;99.909;0;38.512
15;2;87;30.414;101.089;0;106.467;0;106.467;0;35.792
15;2;88;8.121;0;0;35.738;0;35.738;0;43.859
15;2;89;1.354;0;0;47.56;0;47.56;0;48.915
15;2;90;0;0;0;40.415;0;40.415;0;40.415
15;2;91;0;0;0;55.956;0;55.956;0;55.956
15;2;92;0;139.544;0;188.427;0;188.427;0;48.883
15;2;93;0;0;0;47.563;0;47.563;0;47.563
15;2;94;0;0;0;41.739;0;41.739;0;41.739
15;2;95;0;0;0;40.801;0;40.801;0;40.801
15;2;96;0;0;0;5.457;0;5.457;0;5.457
15;2;97;0;0;0;9.357;0;9.357;0;9.357
15;2;98;0;41.631;0;49.584;0;49.584;0;7.953
15;2;99;0;149.743;0;157.617;0;157.617;0;7.874
15;2;100;0;42.753;0;51.553;0;51.553;0;8.8
15;2;101;0;0;0;7.209;0;7.209;0;7.209
15;2;102;0;75.564;0;86.37;0;86.37;0;10.806
15;2;103;0;77.654;0;99.035;0;99.035;0;21.381
15;2;104;4.557;72.452;0;107.111;0;107.111;0;39.216
15;2;105;16.682;68.792;0;101.84;0;101.84;0;49.73
15;2;106;33.577;62.559;0;73.181;0;73.181;0;44.199
15;2;107;33.411;57.119;0;73.104;0;73.104;0;49.396
15;2;108;39.351;56.413;0;49.753;0;49.753;0;32.691
15;2;109;27.504;95.589;0;98.087;0;98.087;0;30.002
15;2;110;22.786;0;0;21.662;0;21.662;0;44.449
15;2;111;19.913;46.993;0;73.137;0;73.137;0;46.057
15;2;112;10.762;47.454;0;79.099;0;79.099;0;42.407
15;2;113;4.493;50.086;0;86.935;0;86.935;0;41.342
15;2;114;0;55.113;0;101.703;0;101.703;0;46.59
15;2;115;0;58.169;0;114.926;0;114.926;0;56.756
15;2;116;0;60.437;0;107.147;0;107.147;0;46.71
15;2;117;0;62.908;0;98.29;0;98.29;0;35.382
15;2;118;0;57.383;0;110.145;0;110.145;0;52.762
15;2;119;0;151.871;0;183.864;0;183.864;0;31.993
15;2;120;0;0;0;5.794;0;5.794;0;5.794
15;2;121;0;116.814;0;123.929;0;123.929;0;7.115
15;2;122;0;0;0;8.998;0;8.998;0;8.998
15;2;123;0;74.714;0;89.006;0;89.006;0;14.292
15;2;124;0;76.69;0;84.837;0;84.837;0;8.146
15;2;125;0;77.834;0;85.38;0;85.38;0;7.547
15;2;126;0;86.527;0;98.677;0;98.677;0;12.151
15;2;127;0;82.77;0;106.131;0;106.131;0;23.361
15;2;128;1.641;76.798;0;112.448;0;112.448;0;37.291
15;2;129;17.296;73.669;0;91.307;0;91.307;0;34.935
15;2;130;37.75;69.39;0;69.51;0;69.51;0;37.87
15;2;131;58.596;62.627;0;32.059;0;32.059;0;28.028
15;2;132;111.295;86.464;0;0;0;0;0;24.831
15;2;133;130.524;99.815;0;0;0;0;0;30.709
15;2;134;126.429;140.817;0;37.553;0;37.553;0;23.165
15;2;135;73.065;99.413;0;62.134;0;62.134;0;35.786
15;2;136;34.638;0;0;4.917;0;4.917;0;39.555
15;2;137;2.282;0;0;56.851;0;56.851;0;59.133
15;2;138;0;0;0;54.216;0;54.216;0;54.216
15;2;139;0;148.467;0;203.165;0;203.165;0;54.698
15;2;140;0;0;0;65.542;0;65.542;0;65.542
15;2;141;0;0;0;47.593;0;47.593;0;47.593
15;2;142;0;24.929;0;89.091;0;89.091;0;64.161
15;2;143;0;0;0;31.621;0;31.621;0;31.621
15;2;144;0;66.046;0;73.338;0;73.338;0;7.292
15;2;145;0;68.107;0;75.948;0;75.948;0;7.841
15;2;146;0;71.071;0;78.712;0;78.712;0;7.641
15;2;147;0;72.229;0;80.554;0;80.554;0;8.324
15;2;148;0;74.063;0;84.1;0;84.1;0;10.037
15;2;149;0;74.357;0;82.774;0;82.774;0;8.417
15;2;150;0;85.049;0;100.881;0;100.881;0;15.832
15;2;151;0;84.363;0;114.84;0;114.84;0;30.477
15;2;152;6.859;75.791;0;103.463;0;103.463;0;34.531
15;2;153;35.442;72.792;0;78.606;0;78.606;0;41.256
15;2;154;51.438;68.511;0;62.158;0;62.158;0;45.085
15;2;155;68.23;64.08;0;28.079;0;28.079;0;32.229
15;2;156;70.347;59.599;0;19.473;0;19.473;0;30.222
15;2;157;84.031;49.152;0;0;0;0;0;34.879
15;2;158;71.349;47.528;0;0;0;0;0;23.821
15;2;159;31.347;34.942;0;30.913;0;30.913;0;27.318
15;2;160;38.907;37.549;0;35.093;0;35.093;0;36.451
15;2;161;1.926;36.643;0;92.27;0;92.27;0;57.554
15;2;162;0;43.726;0;95.477;0;95.477;0;51.751
15;2;163;0;45.009;0;101;0;101;0;55.991
15;2;164;0;45.236;0;100.322;0;100.322;0;55.087
15;2;165;0;46.25;0;97.155;0;97.155;0;50.906
15;2;166;0;57.967;0;101.007;0;101.007;0;43.04
15;2;167;0;142.941;0;176.123;0;176.123;0;33.183
15;3;0;0;3.216;0;9.574;0;9.574;0;6.358
15;3;1;0;152.462;0;163.03;0;163.03;0;10.568
15;3;2;0;152.432;0;160.267;0;160.267;0;7.835
15;3;3;0;154.409;0;162.619;0;162.619;0;8.21
15;3;4;0;185.663;0;193.729;0;193.729;0;8.066
15;3;5;0;132.962;0;141.133;0;141.133;0;8.171
15;3;6;0;173.926;0;189.433;0;189.433;0;15.507
15;3;7;0;174.835;0;203.553;0;203.553;0;28.718
15;3;8;0;162.089;0;209.133;0;209.133;0;47.044
15;3;9;23.403;158.952;0;170.586;0;170.586;0;35.036
15;3;10;45.176;152.849;0;142.035;0;142.035;0;34.362
15;3;11;38.163;144.943;0;139.144;0;139.144;0;32.364
15;3;12;86.925;142.804;0;86.092;0;86.092;0;30.212
15;3;13;160.887;134.206;0;0;0;0;0;26.681
15;3;14;150.236;167.657;0;56.142;0;56.142;0;38.72
15;3;15;96.142;166.802;0;105.568;0;105.568;0;34.908
15;3;16;20.992;168.94;0;186.445;0;186.445;0;38.497
15;3;17;0;149.179;0;196.08;0;196.08;0;46.901
15;3;18;0;174.077;0;231.873;0;231.873;0;57.796
15;3;19;0;0;0;56.088;0;56.088;0;56.088
15;3;20;0;0;0;65.558;0;65.558;0;65.558
15;3;21;0;90.72;0;133.985;0;133.985;0;43.265
15;3;22;0;182.655;0;235.662;0;235.662;0;53.007
15;3;23;0;184.374;0;206.687;0;206.687;0;22.314
15;3;24;0;186.093;0;191.69;0;191.69;0;5.597
15;3;25;0;13.606;0;23.906;0;23.906;0;10.3
15;3;26;0;156.085;0;163.392;0;163.392;0;7.307
15;3;27;0;158.54;0;168.441;0;168.441;0;9.902
15;3;28;0;161.461;0;169.265;0;169.265;0;7.804
15;3;29;0;164.57;0;171.959;0;171.959;0;7.388
15;3;30;0;176.136;0;184.586;0;184.586;0;8.45
15;3;31;0;177.185;0;217.553;0;217.553;0;40.368
15;3;32;0;166.694;0;209.539;0;209.539;0;42.845
15;3;33;20.127;164.895;0;175.268;0;175.268;0;30.501
15;3;34;77.703;154.072;0;105.103;0;105.103;0;28.734
15;3;35;88.513;147.568;0;94.939;0;94.939;0;35.884
15;3;36;102.281;145.281;0;78.27;0;78.27;0;35.27
15;3;37;73.805;138.463;0;94.711;0;94.711;0;30.053
15;3;38;16.674;136.651;0;147.404;0;147.404;0;27.426
15;3;39;9.494;139.354;0;171.738;0;171.738;0;41.878
15;3;40;2.232;139.183;0;176.432;0;176.432;0;39.48
15;3;41;0;140.113;0;209.616;0;209.616;0;69.503
15;3;42;0;149.051;0;210.606;0;210.606;0;61.555
15;3;43;0;147.613;0;214.484;0;214.484;0;66.871
15;3;44;0;146.369;0;213.234;0;213.234;0;66.865
15;3;45;0;147.099;0;198.558;0;198.558;0;51.459
15;3;46;0;138.387;0;180.112;0;180.112;0;41.725
15;3;47;0;134.023;0;178.29;0;178.29;0;44.268
15;3;48;0;119.431;0;125.176;0;125.176;0;5.744
15;3;49;0;113.206;0;122.776;0;122.776;0;9.571
15;3;50;0;109.377;0;117.063;0;117.063;0;7.686
15;3;51;0;105.372;0;113.386;0;113.386;0;8.014
15;3;52;0;104.578;0;112.078;0;112.078;0;7.499
15;3;53;0;103.879;0;112.368;0;112.368;0;8.488
15;3;54;0;102.583;0;115.039;0;115.039;0;12.456
15;3;55;0;119.03;0;147.623;0;147.623;0;28.593
15;3;56;0;121.439;0;168.21;0;168.21;0;46.771
15;3;57;3.037;107.519;0;135.051;0;135.051;0;30.568
15;3;58;13.78;107.905;0;126.473;0;126.473;0;32.349
15;3;59;12.147;103.673;0;123.458;0;123.458;0;31.932
15;3;60;42.047;101.401;0;82.137;0;82.137;0;22.784
15;3;61;94.743;94.058;0;28.006;0;28.006;0;28.691
15;3;62;55.837;88.431;0;59.963;0;59.963;0;27.368
15;3;63;40.436;90.391;0;76.64;0;76.64;0;26.686
15;3;64;5.116;89.229;0;132.772;0;132.772;0;48.659
15;3;65;0;162.103;0;216.139;0;216.139;0;54.035
15;3;66;0;163.384;0;216.712;0;216.712;0;53.328
15;3;67;0;165.52;0;219.224;0;219.224;0;53.704
15;3;68;0;65.447;0;130.711;0;130.711;0;65.264
15;3;69;0;0;0;56.365;0;56.365;0;56.365
15;3;70;0;0;0;45.329;0;45.329;0;45.329
15;3;71;0;100.908;0;137.038;0;137.038;0;36.13
15;3;72;0;103.473;0;109.118;0;109.118;0;5.644
15;3;73;0;104.307;0;113.958;0;113.958;0;9.651
15;3;74;0;106.76;0;114.069;0;114.069;0;7.309
15;3;75;0;110.188;0;117.415;0;117.415;0;7.227
15;3;76;0;109.662;0;117.287;0;117.287;0;7.625
15;3;77;0;110.362;0;117.76;0;117.76;0;7.399
15;3;78;0;169.796;0;178.032;0;178.032;0;8.237
15;3;79;0;73.444;0;84.925;0;84.925;0;11.481
15;3;80;0;131.527;0;155.623;0;155.623;0;24.096
15;3;81;2.213;117.177;0;154.411;0;154.411;0;39.448
15;3;82;4.428;117.283;0;149.959;0;149.959;0;37.104
15;3;83;9.69;116.279;0;147.929;0;147.929;0;41.34
15;3;84;17.723;112.564;0;121.293;0;121.293;0;26.451
15;3;85;104.407;168.94;0;93.263;0;93.263;0;28.73
15;3;86;101.332;64.136;0;0;0;0;0;37.196
15;3;87;60.215;171.936;0;146.004;0;146.004;0;34.284
15;3;88;6.688;174.077;0;202.975;0;202.975;0;35.587
15;3;89;0;174.505;0;219.518;0;219.518;0;45.013
15;3;90;0;176.648;0;227.907;0;227.907;0;51.259
15;3;91;0;0;0;50.658;0;50.658;0;50.658
15;3;92;0;0;0;54.613;0;54.613;0;54.613
15;3;93;0;107.774;0;156.156;0;156.156;0;48.381
15;3;94;0;138.102;0;190.517;0;190.517;0;52.415
15;3;95;0;137.469;0;174.035;0;174.035;0;36.566
15;3;96;0;159.945;0;165.719;0;165.719;0;5.775
15;3;97;0;164.828;0;174.776;0;174.776;0;9.948
15;3;98;0;167.053;0;173.87;0;173.87;0;6.818
15;3;99;0;170.759;0;178.307;0;178.307;0;7.548
15;3;100;0;168.832;0;176.87;0;176.87;0;8.038
15;3;101;0;165.614;0;173.472;0;173.472;0;7.858
15;3;102;0;172.844;0;187.264;0;187.264;0;14.42
15;3;103;0;169.155;0;194.045;0;194.045;0;24.89
15;3;104;0;156.712;0;188.262;0;188.262;0;31.55
15;3;105;1.666;178.363;0;232.751;0;232.751;0;56.054
15;3;106;5.853;127.076;0;171.357;0;171.357;0;50.133
15;3;107;7.528;157.53;0;193.874;0;193.874;0;43.871
15;3;108;14.232;162.179;0;184.159;0;184.159;0;36.212
15;3;109;16.564;154.271;0;167.993;0;167.993;0;30.286
15;3;110;12.264;150.294;0;183.517;0;183.517;0;45.488
15;3;111;6.965;148.774;0;182.698;0;182.698;0;40.889
15;3;112;1.112;146.795;0;187.034;0;187.034;0;41.351
15;3;113;0;143.379;0;193.195;0;193.195;0;49.816
15;3;114;0;151.284;0;209.577;0;209.577;0;58.292
15;3;115;0;149.654;0;213.22;0;213.22;0;63.566
15;3;116;0;149.418;0;189.755;0;189.755;0;40.336
15;3;117;0;147.118;0;199.996;0;199.996;0;52.878
15;3;118;0;137.228;0;197.672;0;197.672;0;60.444
15;3;119;0;178.792;0;226.439;0;226.439;0;47.646
15;3;120;0;178.792;0;184.495;0;184.495;0;5.703
15;3;121;0;179.65;0;189.553;0;189.553;0;9.903
15;3;122;0;182.226;0;189.263;0;189.263;0;7.037
15;3;123;0;185.233;0;192.579;0;192.579;0;7.346
15;3;124;0;156.84;0;164.218;0;164.218;0;7.377
15;3;125;0;0;0;8.013;0;8.013;0;8.013
15;3;126;0;178.85;0;192.418;0;192.418;0;13.568
15;3;127;0;180.383;0;217.551;0;217.551;0;37.169
15;3;128;0;170.889;0;204.375;0;204.375;0;33.487
15;3;129;5.257;167.284;0;204.102;0;204.102;0;42.075
15;3;130;13.787;159.871;0;177.221;0;177.221;0;31.137
15;3;131;12.821;155.92;0;178.241;0;178.241;0;35.142
15;3;132;34.705;155.632;0;147.976;0;147.976;0;27.049
15;3;133;38.707;143.178;0;138.489;0;138.489;0;34.018
15;3;134;9.46;141.891;0;163.549;0;163.549;0;31.118
15;3;135;6.126;142.252;0;169.876;0;169.876;0;33.751
15;3;136;0.555;180.079;0;214.552;0;214.552;0;35.027
15;3;137;0;104.368;0;158.909;0;158.909;0;54.54
15;3;138;0;152.728;0;219.49;0;219.49;0;66.762
15;3;139;0;184.804;0;240.766;0;240.766;0;55.963
15;3;140;0;131.413;0;193.512;0;193.512;0;62.099
15;3;141;0;162.167;0;204.501;0;204.501;0;42.334
15;3;142;0;159.682;0;204.345;0;204.345;0;44.663
15;3;143;0;163.055;0;202.606;0;202.606;0;39.551
15;3;144;0;187.813;0;193.266;0;193.266;0;5.452
15;3;145;0;144.103;0;156.879;0;156.879;0;12.775
15;3;146;0;189.104;0;196.48;0;196.48;0;7.376
15;3;147;0;152.349;0;160.971;0;160.971;0;8.622
15;3;148;0;173.124;0;180.217;0;180.217;0;7.093
15;3;149;0;174.245;0;182.328;0;182.328;0;8.083
15;3;150;0;184.329;0;198.145;0;198.145;0;13.817
15;3;151;0;182.747;0;205.17;0;205.17;0;22.423
15;3;152;0;165.216;0;212.184;0;212.184;0;46.967
15;3;153;18.618;152.95;0;179.102;0;179.102;0;44.77
15;3;154;52.005;144.756;0;121.567;0;121.567;0;28.816
15;3;155;25.46;133.137;0;132.17;0;132.17;0;24.492
15;3;156;15.777;130.015;0;150.336;0;150.336;0;36.098
15;3;157;17.833;168.94;0;180.589;0;180.589;0;29.482
15;3;158;12.176;71.78;0;95.172;0;95.172;0;35.568
15;3;159;5.253;118.326;0;151.448;0;151.448;0;38.376
15;3;160;2.49;115.599;0;163.378;0;163.378;0;50.269
15;3;161;0;114.394;0;159.621;0;159.621;0;45.227
15;3;162;0;120.581;0;162.906;0;162.906;0;42.325
15;3;163;0;119.623;0;171.618;0;171.618;0;51.995
15;3;164;0;115.934;0;173.205;0;173.205;0;57.271
15;3;165;0;135.197;0;191.122;0;191.122;0;55.925
15;3;166;0;168.085;0;220.426;0;220.426;0;52.342
15;3;167;0;169.796;0;206.948;0;206.948;0;37.152
20;0;0;0;0;0;5.441;0;5.441;0;5.441
20;0;1;0;115.58;0;123.149;0;123.149;0;7.569
20;0;2;0;194.704;0;202.279;0;202.279;0;7.575
20;0;3;0;192.549;0;200.232;0;200.232;0;7.682
20;0;4;0;195.567;0;202.999;0;202.999;0;7.433
20;0;5;0;199.019;0;207.796;0;207.796;0;8.777
20;0;6;0;172.81;0;181.609;0;181.609;0;8.799
20;0;7;0;0;0;23.945;0;23.945;0;23.945
20;0;8;0;205.503;0;233.565;0;233.565;0;28.062
20;0;9;0.565;193.143;0;227.293;0;227.293;0;34.716
20;0;10;13.95;194.615;0;224.301;0;224.301;0;43.635
20;0;11;109.974;188.436;0;105.522;0;105.522;0;27.06
20;0;12;120.069;175.74;0;82.624;0;82.624;0;26.952
20;0;13;67.05;163.345;0;125.741;0;125.741;0;29.446
20;0;14;34.863;155.412;0;145.508;0;145.508;0;24.958
20;0;15;12.845;156.615;0;181.022;0;181.022;0;37.252
20;0;16;4.533;152.748;0;190.66;0;190.66;0;42.446
20;0;17;0;147.378;0;193.034;0;193.034;0;45.656
20;0;18;0;149.938;0;194.421;0;194.421;0;44.483
20;0;19;0;148.764;0;203.506;0;203.506;0;54.742
20;0;20;0;154.335;0;198.482;0;198.482;0;44.147
20;0;21;0;153.326;0;207.568;0;207.568;0;54.243
20;0;22;0;153.636;0;206.556;0;206.556;0;52.92
20;0;23;0;151.791;0;191.794;0;191.794;0;40.003
20;0;24;0;140.597;0;146.097;0;146.097;0;5.5
20;0;25;0;139.211;0;152.859;0;152.859;0;13.648
20;0;26;0;140.316;0;148.078;0;148.078;0;7.762
20;0;27;0;139.276;0;150.478;0;150.478;0;11.201
20;0;28;0;138.531;0;147.113;0;147.113;0;8.582
20;0;29;0;136.437;0;147.142;0;147.142;0;10.704
20;0;30;0;144.491;0;156.185;0;156.185;0;11.694
20;0;31;0;144.605;0;169.7;0;169.7;0;25.095
20;0;32;0;135.255;0;176.989;0;176.989;0;41.734
20;0;33;2.57;136.287;0;166.806;0;166.806;0;33.09
20;0;34;44.015;133.586;0;124.61;0;124.61;0;35.039
20;0;35;80.995;128.411;0;76.157;0;76.157;0;28.74
20;0;36;62.031;127.216;0;96.227;0;96.227;0;31.043
20;0;37;35.141;117.583;0;109.396;0;109.396;0;26.953
20;0;38;13.334;114.273;0;130.686;0;130.686;0;29.747
20;0;39;8.605;109.953;0;159.501;0;159.501;0;58.153
20;0;40;1.385;109.132;0;157.792;0;157.792;0;50.045
20;0;41;0;175.362;0;231.145;0;231.145;0;55.783
20;0;42;0;55.623;0;104.619;0;104.619;0;48.996
20;0;43;0;122.221;0;169.896;0;169.896;0;47.675
20;0;44;0;124.209;0;181.483;0;181.483;0;57.274
20;0;45;0;177.506;0;242.519;0;242.519;0;65.014
20;0;46;0;60.687;0;106.932;0;106.932;0;46.244
20;0;47;0;117.267;0;163.839;0;163.839;0;46.572
20;0;48;0;123.55;0;129.4;0;129.4;0;5.851
20;0;49;0;123.851;0;133.956;0;133.956;0;10.105
20;0;50;0;178.792;0;186.47;0;186.47;0;7.677
20;0;51;0;74.263;0;81.509;0;81.509;0;7.246
20;0;52;0;128.289;0;136.29;0;136.29;0;8.001
20;0;53;0;125.535;0;134.252;0;134.252;0;8.718
20;0;54;0;121.329;0;135.002;0;135.002;0;13.673
20;0;55;0;131.319;0;162.62;0;162.62;0;31.302
20;0;56;0;133.288;0;164.761;0;164.761;0;31.473
20;0;57;1.106;115.493;0;153.725;0;153.725;0;39.338
20;0;58;52.394;110.056;0;103.273;0;103.273;0;45.61
20;0;59;100.687;104.877;0;38.017;0;38.017;0;33.827
20;0;60;133.351;103.616;0;0;0;0;0;29.735
20;0;61;129.505;100.631;0;0;0;0;0;28.874
20;0;62;83.409;58.677;0;0;0;0;0;24.732
20;0;63;43.757;159.543;0;146.944;0;146.944;0;31.158
20;0;64;5.637;161.249;0;207.479;0;207.479;0;51.867
20;0;65;0;0;0;43.178;0;43.178;0;43.178
20;0;66;0;2.618;0;67.183;0;67.183;0;64.565
20;0;67;0;82.206;0;145.753;0;145.753;0;63.546
20;0;68;0;164.665;0;214.855;0;214.855;0;50.19
20;0;69;0;166.802;0;234.617;0;234.617;0;67.815
20;0;70;0;167.657;0;224.491;0;224.491;0;56.834
20;0;71;0;147.246;0;179.083;0;179.083;0;31.837
20;0;72;0;35.158;0;40.724;0;40.724;0;5.566
20;0;73;0;174.505;0;184;0;184;0;9.495
20;0;74;0;112.352;0;119.456;0;119.456;0;7.104
20;0;75;0;116.919;0;125.36;0;125.36;0;8.441
20;0;76;0;70.936;0;78.861;0;78.861;0;7.925
20;0;77;0;0;0;11.073;0;11.073;0;11.073
20;0;78;0;0;0;10.221;0;10.221;0;10.221
20;0;79;0;185.663;0;205.289;0;205.289;0;19.626
20;0;80;0;128.941;0;159.876;0;159.876;0;30.935
20;0;81;1.399;142.161;0;171.877;0;171.877;0;31.116
20;0;82;57.772;138.436;0;124.132;0;124.132;0;43.467
20;0;83;79.719;133.975;0;82.305;0;82.305;0;28.049
20;0;84;77.75;126.013;0;92.102;0;92.102;0;43.839
20;0;85;86.76;118.929;0;61.215;0;61.215;0;29.047
20;0;86;129.937;108.655;0;14.844;0;14.844;0;36.126
20;0;87;75.439;113.11;0;73.567;0;73.567;0;35.896
20;0;88;12.899;107.779;0;138.73;0;138.73;0;43.851
20;0;89;0;100.716;0;152.501;0;152.501;0;51.785
20;0;90;0;100.878;0;155.783;0;155.783;0;54.905
20;0;91;0;102.688;0;152.834;0;152.834;0;50.147
20;0;92;0;105.939;0;169.32;0;169.32;0;63.38
20;0;93;0;109.245;0;155.259;0;155.259;0;46.014
20;0;94;0;109.913;0;155.905;0;155.905;0;45.992
20;0;95;0;103.172;0;137.312;0;137.312;0;34.14
20;0;96;0;112.478;0;118.171;0;118.171;0;5.693
20;0;97;0;112.935;0;127.969;0;127.969;0;15.034
20;0;98;0;112.611;0;120.894;0;120.894;0;8.283
20;0;99;0;111.515;0;119.321;0;119.321;0;7.806
20;0;100;0;110.217;0;119.087;0;119.087;0;8.87
20;0;101;0;109.876;0;117.719;0;117.719;0;7.842
20;0;102;0;120.153;0;130.985;0;130.985;0;10.832
20;0;103;0;121.102;0;146.18;0;146.18;0;25.078
20;0;104;0;112.018;0;152.853;0;152.853;0;40.835
20;0;105;4.301;111.091;0;148.847;0;148.847;0;42.057
20;0;106;72.362;108.935;0;93.615;0;93.615;0;57.042
20;0;107;99.305;102.112;0;24.875;0;24.875;0;22.068
20;0;108;47.728;102.105;0;82.392;0;82.392;0;28.015
20;0;109;20.358;96.131;0;105.019;0;105.019;0;29.246
20;0;110;11.869;94.297;0;124.687;0;124.687;0;42.258
20;0;111;6.071;93.95;0;129.672;0;129.672;0;41.793
20;0;112;1.102;93.07;0;143.946;0;143.946;0;51.978
20;0;113;0;164.238;0;207.869;0;207.869;0;43.63
20;0;114;0;24.05;0;76.444;0;76.444;0;52.394
20;0;115;0;100.486;0;165.544;0;165.544;0;65.058
20;0;116;0;100.206;0;153.063;0;153.063;0;52.858
20;0;117;0;99.812;0;154.11;0;154.11;0;54.297
20;0;118;0;92.65;0;132.915;0;132.915;0;40.265
20;0;119;0;90.747;0;118.559;0;118.559;0;27.812
20;0;120;0;87.383;0;93.055;0;93.055;0;5.672
20;0;121;0;85.48;0;94.814;0;94.814;0;9.334
20;0;122;0;80.73;0;89.235;0;89.235;0;8.505
20;0;123;0;77.782;0;84.465;0;84.465;0;6.683
20;0;124;0;76.866;0;84.202;0;84.202;0;7.336
20;0;125;0;73.91;0;85.98;0;85.98;0;12.07
20;0;126;0;79.032;0;93.991;0;93.991;0;14.959
20;0;127;0;78.964;0;105.301;0;105.301;0;26.337
20;0;128;0;68.5;0;114.762;0;114.762;0;46.263
20;0;129;3.804;68.144;0;100.876;0;100.876;0;36.536
20;0;130;26.672;147.616;0;156.908;0;156.908;0;35.964
20;0;131;11.994;147.191;0;163.539;0;163.539;0;28.342
20;0;132;35.726;14.118;0;0;0;0;0;21.608
20;0;133;19.089;0;0;11.738;0;11.738;0;30.828
20;0;134;28.343;154.001;0;154.752;0;154.752;0;29.094
20;0;135;47.6;154.427;0;135.057;0;135.057;0;28.23
20;0;136;2.467;94.529;0;133.967;0;133.967;0;41.905
20;0;137;0;0;0;52.452;0;52.452;0;52.452
20;0;138;0;0;0;56.458;0;56.458;0;56.458
20;0;139;0;0;0;66.343;0;66.343;0;66.343
20;0;140;0;36.763;0;94.35;0;94.35;0;57.587
20;0;141;0;85.083;0;127.098;0;127.098;0;42.015
20;0;142;0;77.14;0;120.78;0;120.78;0;43.64
20;0;143;0;79.392;0;108.917;0;108.917;0;29.525
20;0;144;0;81.813;0;87.598;0;87.598;0;5.785
20;0;145;0;82.098;0;92.148;0;92.148;0;10.049
20;0;146;0;84.352;0;92.312;0;92.312;0;7.961
20;0;147;0;85.133;0;92.697;0;92.697;0;7.564
20;0;148;0;163.384;0;170.771;0;170.771;0;7.387
20;0;149;0;12.785;0;21.279;0;21.279;0;8.494
20;0;150;0;166.802;0;180.267;0;180.267;0;13.465
20;0;151;0;168.085;0;197.267;0;197.267;0;29.183
20;0;152;0;0;0;29.673;0;29.673;0;29.673
20;0;153;8.301;71.03;0;105.773;0;105.773;0;43.043
20;0;154;84.564;100.945;0;67.628;0;67.628;0;51.247
20;0;155;113.079;97.154;0;12.333;0;12.333;0;28.257
20;0;156;104.618;94.58;0;14.651;0;14.651;0;24.689
20;0;157;102.681;81.314;0;13.889;0;13.889;0;35.256
20;0;158;109.123;77.605;0;0;0;0;0;31.518
20;0;159;60.624;67.214;0;32.808;0;32.808;0;26.218
20;0;160;6.66;160.823;0;192.641;0;192.641;0;38.479
20;0;161;0;0;0;57.556;0;57.556;0;57.556
20;0;162;0;164.238;0;213.073;0;213.073;0;48.835
20;0;163;0;75.59;0;130.062;0;130.062;0;54.472
20;0;164;0;0;0;56.174;0;56.174;0;56.174
20;0;165;0;91.709;0;152.11;0;152.11;0;60.401
20;0;166;0;132.331;0;193.396;0;193.396;0;61.065
20;0;167;0;170.224;0;204.848;0;204.848;0;34.625
20;1;0;0;0;0;5.556;0;5.556;0;5.556
20;1;1;0;0;0;7.117;0;7.117;0;7.117
20;1;2;0;0;0;7.237;0;7.237;0;7.237
20;1;3;0;0;0;7.476;0;7.476;0;7.476
20;1;4;0;0;0;9.078;0;9.078;0;9.078
20;1;5;0;0;0;10.018;0;10.018;0;10.018
20;1;6;2.763;0;0;13.006;0;13.006;0;15.769
20;1;7;30.277;0;0;0;10.331;0;10.331;19.946
20;1;8;85.339;0;0;0;54.561;0;54.561;30.779
20;1;9;146.92;0;0;0;121.483;0;121.483;25.437
20;1;10;195.651;0;0;0;165.57;0;165.57;30.081
20;1;11;221.763;0;0;0;195.953;0;195.953;25.809
20;1;12;242.133;0;0;0;210.552;0;210.552;31.581
20;1;13;271.267;0;0;0;240.951;0;240.951;30.316
20;1;14;222.204;0;0;0;191.141;0;191.141;31.062
20;1;15;151.566;0;0;0;132.117;0;132.117;19.449
20;1;16;103.573;0;0;0;68.786;0;68.786;34.787
20;1;17;62.713;0;0;0;16.396;0;16.396;46.317
20;1;18;27.507;0;0;24.634;0;24.634;0;52.142
20;1;19;1.061;0;0;46.527;0;46.527;0;47.588
20;1;20;0;0;0;53.727;0;53.727;0;53.727
20;1;21;0;0;0;47.005;0;47.005;0;47.005
20;1;22;0;0;0;52.088;0;52.088;0;52.088
20;1;23;0;0;0;27.652;0;27.652;0;27.652
20;1;24;0;0;0;5.537;0;5.537;0;5.537
20;1;25;0;0;0;7.472;0;7.472;0;7.472
20;1;26;0;0;0;8.633;0;8.633;0;8.633
20;1;27;0;0;0;10.279;0;10.279;0;10.279
20;1;28;0;0;0;11.091;0;11.091;0;11.091
20;1;29;0;0;0;12.638;0;12.638;0;12.638
20;1;30;2.247;0;0;20.797;0;20.797;0;23.045
20;1;31;28.021;0;0;0;0.959;0;0.959;27.063
20;1;32;82.96;0;0;0;51.078;0;51.078;31.882
20;1;33;139.454;1.771;0;0;110.174;0;110.174;27.509
20;1;34;180.592;1.596;0;0;132.181;0;132.181;46.815
20;1;35;218.259;2.016;0;0;189.538;0;189.538;26.705
20;1;36;264.553;2.564;0;0;223.525;0;223.525;38.463
20;1;37;269.889;1.378;0;0;236.252;0;236.252;32.259
20;1;38;252.648;1.249;0;0;221.576;0;221.576;29.824
20;1;39;214.193;2.835;0;0;177.722;0;177.722;33.636
20;1;40;160.383;0;0;0;129.187;0;129.187;31.196
20;1;41;95.592;37.942;0;0;7.702;0;7.702;49.948
20;1;42;42.194;0;0;0;2.331;0;2.331;39.862
20;1;43;4.083;0;0;34.191;0;34.191;0;38.274
20;1;44;0;0;0;49.168;0;49.168;0;49.168
20;1;45;0;0;0;68.166;0;68.166;0;68.166
20;1;46;0;0;0;55.194;0;55.194;0;55.194
20;1;47;0;0;0;40.404;0;40.404;0;40.404
20;1;48;0;0;0;5.587;0;5.587;0;5.587
20;1;49;0;0;0;8.168;0;8.168;0;8.168
20;1;50;0;0;0;8.398;0;8.398;0;8.398
20;1;51;0;0;0;8.393;0;8.393;0;8.393
20;1;52;0;0;0;7.837;0;7.837;0;7.837
20;1;53;0;0;0;7.614;0;7.614;0;7.614
20;1;54;1.334;0;0;7.378;0;7.378;0;8.712
20;1;55;16.902;0;0;0;2.089;0;2.089;14.814
20;1;56;66.882;0;0;0;30.746;0;30.746;36.136
20;1;57;126.202;0;0;0;108.851;0;108.851;17.35
20;1;58;176.777;1.955;0;0;135.813;0;135.813;39.009
20;1;59;211.93;1.652;0;0;177.466;0;177.466;32.812
20;1;60;242.799;1.277;0;0;213.238;0;213.238;28.284
20;1;61;217.211;1.553;0;0;186.133;0;186.133;29.525
20;1;62;143.083;2.248;0;0;114.748;0;114.748;26.087
20;1;63;59.954;30.705;0;0;0;0;0;29.249
20;1;64;96.705;14.079;0;0;53.26;0;53.26;29.366
20;1;65;74.347;0;0;0;36.285;0;36.285;38.062
20;1;66;30.618;0;0;16.108;0;16.108;0;46.726
20;1;67;3.716;0;0;56.607;0;56.607;0;60.323
20;1;68;0;0;0;56.566;0;56.566;0;56.566
20;1;69;0;0;0;42.631;0;42.631;0;42.631
20;1;70;0;0;0;56.778;0;56.778;0;56.778
20;1;71;0;0;0;34.101;0;34.101;0;34.101
20;1;72;0;0;0;5.584;0;5.584;0;5.584
20;1;73;0;0;0;7.115;0;7.115;0;7.115
20;1;74;0;0;0;7.355;0;7.355;0;7.355
20;1;75;0;0;0;7.517;0;7.517;0;7.517
20;1;76;0;0;0;7.784;0;7.784;0;7.784
20;1;77;0;0;0;8.264;0;8.264;0;8.264
20;1;78;1.615;0;0;8.386;0;8.386;0;10.001
20;1;79;21.17;0;0;0;10.907;0;10.907;10.264
20;1;80;75.971;0;0;0;54.465;0;54.465;21.506
20;1;81;145.758;2.255;0;0;117.757;0;117.757;25.746
20;1;82;203.195;1.937;0;0;171.11;0;171.11;30.147
20;1;83;245.62;1.738;0;0;216.016;0;216.016;27.866
20;1;84;263.401;1.243;0;0;226.656;0;226.656;35.503
20;1;85;244.863;1.747;0;0;209.6;0;209.6;33.516
20;1;86;215.632;2.141;0;0;183.178;0;183.178;30.314
20;1;87;201.131;39.015;0;0;118.338;0;118.338;43.778
20;1;88;112.595;0;0;0;76.181;0;76.181;36.414
20;1;89;60.606;0;0;0;16.325;0;16.325;44.281
20;1;90;38.843;0;0;0;1.978;0;1.978;36.865
20;1;91;3.821;0;0;35.35;0;35.35;0;39.171
20;1;92;0;0;0;44.294;0;44.294;0;44.294
20;1;93;0;0;0;52.993;0;52.993;0;52.993
20;1;94;0;0;0;45.558;0;45.558;0;45.558
20;1;95;0;0;0;37.013;0;37.013;0;37.013
20;1;96;0;0;0;6.429;0;6.429;0;6.429
20;1;97;0;0;0;11.26;0;11.26;0;11.26
20;1;98;0;0;0;8.052;0;8.052;0;8.052
20;1;99;0;0;0;7.537;0;7.537;0;7.537
20;1;100;0;0;0;11.67;0;11.67;0;11.67
20;1;101;0;0;0;7.071;0;7.071;0;7.071
20;1;102;1.343;0;0;5.668;0;5.668;0;7.011
20;1;103;23.397;0;0;0;4.357;0;4.357;19.04
20;1;104;60.632;0;0;0;31.473;0;31.473;29.159
20;1;105;68.536;2.066;0;0;14.46;0;14.46;52.01
20;1;106;146.182;2.076;0;0;104.705;0;104.705;39.401
20;1;107;250.631;1.932;0;0;207.786;0;207.786;40.913
20;1;108;280.608;2.937;0;0;246.75;0;246.75;30.92
20;1;109;227.853;1.508;0;0;190.456;0;190.456;35.889
20;1;110;119.845;1.595;0;0;82.083;0;82.083;36.168
20;1;111;94.668;1.848;0;0;60.702;0;60.702;32.119
20;1;112;86.769;10.894;0;0;38.271;0;38.271;37.604
20;1;113;69.054;24.108;0;0;0;0;0;44.946
20;1;114;36.422;0;0;3.721;0;3.721;0;40.143
20;1;115;3.572;0;0;43.963;0;43.963;0;47.535
20;1;116;0;0;0;61.584;0;61.584;0;61.584
20;1;117;0;0;0;56.475;0;56.475;0;56.475
20;1;118;0;0;0;59.879;0;59.879;0;59.879
20;1;119;0;0;0;43.986;0;43.986;0;43.986
20;1;120;0;0;0;5.884;0;5.884;0;5.884
20;1;121;0;0;0;9.468;0;9.468;0;9.468
20;1;122;0;0;0;7.254;0;7.254;0;7.254
20;1;123;0;0;0;9.122;0;9.122;0;9.122
20;1;124;0;0;0;8.57;0;8.57;0;8.57
20;1;125;0;0;0;6.571;0;6.571;0;6.571
20;1;126;0.804;0;0;15.738;0;15.738;0;16.541
20;1;127;17.617;0;0;15.63;0;15.63;0;33.247
20;1;128;77.134;0;0;0;44.32;0;44.32;32.813
20;1;129;144.392;1.978;0;0;111.269;0;111.269;31.145
20;1;130;201.769;2.138;0;0;175.462;0;175.462;24.17
20;1;131;239.382;1.958;0;0;202.582;0;202.582;34.843
20;1;132;261.398;3.268;0;0;227.203;0;227.203;30.927
20;1;133;247.214;1.52;0;0;212.756;0;212.756;32.938
20;1;134;195.548;1.667;0;0;166.801;0;166.801;27.08
20;1;135;138.438;1.604;0;0;108.015;0;108.015;28.82
20;1;136;107.826;1.083;0;0;46.816;0;46.816;59.928
20;1;137;83.849;30.11;0;0;14.502;0;14.502;39.237
20;1;138;37.371;0;0;17.144;0;17.144;0;54.516
20;1;139;3.229;0;0;55.791;0;55.791;0;59.02
20;1;140;0;0;0;56.771;0;56.771;0;56.771
20;1;141;0;0;0;49.109;0;49.109;0;49.109
20;1;142;0;0;0;69.681;0;69.681;0;69.681
20;1;143;0;0;0;40.935;0;40.935;0;40.935
20;1;144;0;0;0;5.524;0;5.524;0;5.524
20;1;145;0;0;0;10.374;0;10.374;0;10.374
20;1;146;0;0;0;7.616;0;7.616;0;7.616
20;1;147;0;0;0;8.356;0;8.356;0;8.356
20;1;148;0;0;0;7.122;0;7.122;0;7.122
20;1;149;0;0;0;8.113;0;8.113;0;8.113
20;1;150;0.532;0;0;8.546;0;8.546;0;9.078
20;1;151;22.761;0;0;0;0;0;0;22.761
20;1;152;80.098;0;0;0;52.419;0;52.419;27.679
20;1;153;145.702;2.129;0;0;112.253;0;112.253;31.32
20;1;154;202.549;2.228;0;0;173.89;0;173.89;26.432
20;1;155;244.919;1.289;0;0;216.941;0;216.941;26.688
20;1;156;268.185;2.861;0;0;235.187;0;235.187;30.138
20;1;157;263.869;1.54;0;0;236.319;0;236.319;26.009
20;1;158;196.006;1.258;0;0;154.125;0;154.125;40.623
20;1;159;171.323;92.846;0;0;48.097;0;48.097;30.38
20;1;160;134.215;0;0;0;98.537;0;98.537;35.677
20;1;161;93.482;0;0;0;45.337;0;45.337;48.145
20;1;162;36.057;0;0;16.409;0;16.409;0;52.467
20;1;163;3.013;0;0;37.064;0;37.064;0;40.077
20;1;164;0;0;0;56.85;0;56.85;0;56.85
20;1;165;0;0;0;58.103;0;58.103;0;58.103
20;1;166;0;0;0;54.126;0;54.126;0;54.126
20;1;167;0;0;0;52.475;0;52.475;0;52.475
20;2;0;0;0;0;5.806;0;5.806;0;5.806
20;2;1;0;0;0;9.661;0;9.661;0;9.661
20;2;2;0;135.156;0;142.963;0;142.963;0;7.807
20;2;3;0;0;0;8.566;0;8.566;0;8.566
20;2;4;0;0;0;12.599;0;12.599;0;12.599
20;2;5;0;147.191;0;155.7;0;155.7;0;8.509
20;2;6;0;0;0;14.196;0;14.196;0;14.196
20;2;7;0;0;0;26.663;0;26.663;0;26.663
20;2;8;9.241;0;0;27.058;0;27.058;0;36.299
20;2;9;43.6;54.754;0;37.274;0;37.274;0;26.12
20;2;10;137.988;50.01;0;0;51.793;0;51.793;36.185
20;2;11;201.491;41.872;0;0;124.977;0;124.977;34.641
20;2;12;183.11;103.089;0;0;47.027;0;47.027;32.994
20;2;13;113.305;76.245;0;0;0;0;0;37.06
20;2;14;91.106;64.282;0;0;0;0;0;26.823
20;2;15;117.025;93.312;0;0;0;0;0;23.713
20;2;16;57.604;19.408;0;18.924;0;18.924;0;57.119
20;2;17;9.012;22.754;0;51.498;0;51.498;0;37.756
20;2;18;0;0;0;48.618;0;48.618;0;48.618
20;2;19;0;70.904;0;121.911;0;121.911;0;51.007
20;2;20;0;43.161;0;90.911;0;90.911;0;47.749
20;2;21;0;0;0;50.533;0;50.533;0;50.533
20;2;22;0;94.104;0;167.706;0;167.706;0;73.602
20;2;23;0;0;0;41.288;0;41.288;0;41.288
20;2;24;0;0;0;5.854;0;5.854;0;5.854
20;2;25;0;0;0;7.817;0;7.817;0;7.817
20;2;26;0;48.446;0;56.436;0;56.436;0;7.99
20;2;27;0;0;0;9.406;0;9.406;0;9.406
20;2;28;0;154.387;0;161.942;0;161.942;0;7.555
20;2;29;0;0;0;10.651;0;10.651;0;10.651
20;2;30;0;89.022;0;106.573;0;106.573;0;17.551
20;2;31;0;92.62;0;119.473;0;119.473;0;26.853
20;2;32;14.871;89.821;0;113.375;0;113.375;0;38.424
20;2;33;72.919;83.025;0;48.594;0;48.594;0;38.488
20;2;34;114.029;71.312;0;0;0.643;0;0.643;42.074
20;2;35;157.193;61.534;0;0;68.781;0;68.781;26.878
20;2;36;169.496;112.123;0;0;18.481;0;18.481;38.892
20;2;37;145.097;120.081;0;0;0;0;0;25.016
20;2;38;116.322;81.906;0;0;0;0;0;34.416
20;2;39;79.089;44.524;0;0;0;0;0;34.566
20;2;40;21.169;18.052;0;32.269;0;32.269;0;35.387
20;2;41;5.672;18.306;0;57.991;0;57.991;0;45.357
20;2;42;0;26.101;0;76.159;0;76.159;0;50.058
20;2;43;0;29.864;0;85.279;0;85.279;0;55.415
20;2;44;0;0;0;69.777;0;69.777;0;69.777
20;2;45;0;0;0;45.448;0;45.448;0;45.448
20;2;46;0;0;0;54.373;0;54.373;0;54.373
20;2;47;0;0;0;31.334;0;31.334;0;31.334
20;2;48;0;0;0;5.902;0;5.902;0;5.902
20;2;49;0;0;0;10.52;0;10.52;0;10.52
20;2;50;0;8.185;0;15.015;0;15.015;0;6.83
20;2;51;0;40.715;0;48.158;0;48.158;0;7.443
20;2;52;0;41.18;0;48.335;0;48.335;0;7.155
20;2;53;0;42.357;0;52.323;0;52.323;0;9.966
20;2;54;0;39.813;0;54.022;0;54.022;0;14.209
20;2;55;0;46.291;0;70.084;0;70.084;0;23.793
20;2;56;5.934;45.058;0;92.155;0;92.155;0;53.032
20;2;57;13.912;35.326;0;62.411;0;62.411;0;40.997
20;2;58;51.205;32.352;0;12.416;0;12.416;0;31.269
20;2;59;56.14;28.946;0;7.999;0;7.999;0;35.193
20;2;60;100.567;81.266;0;0;0;0;0;19.302
20;2;61;94.625;68.882;0;0;0;0;0;25.744
20;2;62;60.179;29.231;0;0;0;0;0;30.948
20;2;63;87.38;50.905;0;0;0;0;0;36.475
20;2;64;11.13;0;0;33.832;0;33.832;0;44.961
20;2;65;3.011;71.313;0;116.305;0;116.305;0;48.003
20;2;66;0;0;0;43.641;0;43.641;0;43.641
20;2;67;0;0;0;60.059;0;60.059;0;60.059
20;2;68;0;0;0;53.821;0;53.821;0;53.821
20;2;69;0;0;0;61.468;0;61.468;0;61.468
20;2;70;0;0;0;49.145;0;49.145;0;49.145
20;2;71;0;0;0;50.233;0;50.233;0;50.233
20;2;72;0;0;0;5.761;0;5.761;0;5.761
20;2;73;0;0;0;13.087;0;13.087;0;13.087
20;2;74;0;32.842;0;41.03;0;41.03;0;8.188
20;2;75;0;33.802;0;42.087;0;42.087;0;8.285
20;2;76;0;34.606;0;43.146;0;43.146;0;8.54
20;2;77;0;36.101;0;43.601;0;43.601;0;7.499
20;2;78;0;37.088;0;49.872;0;49.872;0;12.784
20;2;79;0;48.926;0;63.448;0;63.448;0;14.522
20;2;80;4.206;49.678;0;79.897;0;79.897;0;34.425
20;2;81;23.648;39.624;0;46.667;0;46.667;0;30.692
20;2;82;89.405;62.608;0;0;0;0;0;26.797
20;2;83;93.618;68.825;0;0;0;0;0;24.793
20;2;84;42.094;2.381;0;0;0;0;0;39.713
20;2;85;46.754;12.84;0;0;0;0;0;33.913
20;2;86;70.513;131.91;0;99.909;0;99.909;0;38.512
20;2;87;30.414;76.567;0;81.945;0;81.945;0;35.792
20;2;88;8.121;0;0;35.738;0;35.738;0;43.859
20;2;89;1.354;0;0;47.56;0;47.56;0;48.915
20;2;90;0;0;0;40.415;0;40.415;0;40.415
20;2;91;0;0;0;55.956;0;55.956;0;55.956
20;2;92;0;139.544;0;188.427;0;188.427;0;48.883
20;2;93;0;0;0;47.563;0;47.563;0;47.563
20;2;94;0;0;0;41.739;0;41.739;0;41.739
20;2;95;0;0;0;40.801;0;40.801;0;40.801
20;2;96;0;0;0;5.457;0;5.457;0;5.457
20;2;97;0;0;0;9.357;0;9.357;0;9.357
20;2;98;0;16.487;0;24.44;0;24.44;0;7.953
20;2;99;0;149.743;0;157.617;0;157.617;0;7.874
20;2;100;0;25.387;0;34.187;0;34.187;0;8.8
20;2;101;0;0;0;7.209;0;7.209;0;7.209
20;2;102;0;68.753;0;79.56;0;79.56;0;10.806
20;2;103;0;70.655;0;92.036;0;92.036;0;21.381
20;2;104;4.557;65.922;0;100.581;0;100.581;0;39.216
20;2;105;16.682;62.592;0;95.64;0;95.64;0;49.73
20;2;106;33.577;56.921;0;67.543;0;67.543;0;44.199
20;2;107;33.411;51.971;0;67.956;0;67.956;0;49.396
20;2;108;39.351;51.329;0;44.668;0;44.668;0;32.691
20;2;109;27.504;86.973;0;89.472;0;89.472;0;30.002
20;2;110;22.786;0;0;21.662;0;21.662;0;44.449
20;2;111;19.913;42.758;0;68.901;0;68.901;0;46.057
20;2;112;10.762;43.177;0;74.822;0;74.822;0;42.407
20;2;113;4.493;45.572;0;82.42;0;82.42;0;41.342
20;2;114;0;50.146;0;96.736;0;96.736;0;46.59
20;2;115;0;52.927;0;109.683;0;109.683;0;56.756
20;2;116;0;54.99;0;101.7;0;101.7;0;46.71
20;2;117;0;57.238;0;92.62;0;92.62;0;35.382
20;2;118;0;52.211;0;104.973;0;104.973;0;52.762
20;2;119;0;151.871;0;183.864;0;183.864;0;31.993
20;2;120;0;0;0;5.794;0;5.794;0;5.794
20;2;121;0;92.569;0;99.685;0;99.685;0;7.115
20;2;122;0;0;0;8.998;0;8.998;0;8.998
20;2;123;0;67.98;0;82.272;0;82.272;0;14.292
20;2;124;0;69.779;0;77.925;0;77.925;0;8.146
20;2;125;0;70.819;0;78.365;0;78.365;0;7.547
20;2;126;0;78.728;0;90.879;0;90.879;0;12.151
20;2;127;0;75.311;0;98.672;0;98.672;0;23.361
20;2;128;1.641;69.877;0;105.527;0;105.527;0;37.291
20;2;129;17.296;67.029;0;84.667;0;84.667;0;34.935
20;2;130;37.75;63.136;0;63.256;0;63.256;0;37.87
20;2;131;58.596;56.983;0;26.414;0;26.414;0;28.028
20;2;132;111.295;86.464;0;0;0;0;0;24.831
20;2;133;130.524;99.815;0;0;0;0;0;30.709
20;2;134;126.429;140.817;0;37.553;0;37.553;0;23.165
20;2;135;73.065;70.548;0;33.269;0;33.269;0;35.786
20;2;136;34.638;0;0;4.917;0;4.917;0;39.555
20;2;137;2.282;0;0;56.851;0;56.851;0;59.133
20;2;138;0;0;0;54.216;0;54.216;0;54.216
20;2;139;0;148.467;0;203.165;0;203.165;0;54.698
20;2;140;0;0;0;65.542;0;65.542;0;65.542
20;2;141;0;0;0;47.593;0;47.593;0;47.593
20;2;142;0;0;0;64.161;0;64.161;0;64.161
20;2;143;0;0;0;31.621;0;31.621;0;31.621
20;2;144;0;60.094;0;67.386;0;67.386;0;7.292
20;2;145;0;61.968;0;69.81;0;69.81;0;7.841
20;2;146;0;64.666;0;72.306;0;72.306;0;7.641
20;2;147;0;65.72;0;74.044;0;74.044;0;8.324
20;2;148;0;67.388;0;77.425;0;77.425;0;10.037
20;2;149;0;67.656;0;76.073;0;76.073;0;8.417
20;2;150;0;77.384;0;93.216;0;93.216;0;15.832
20;2;151;0;76.76;0;107.236;0;107.236;0;30.477
20;2;152;6.859;68.961;0;96.633;0;96.633;0;34.531
20;2;153;35.442;66.232;0;72.046;0;72.046;0;41.256
20;2;154;51.438;62.336;0;55.983;0;55.983;0;45.085
20;2;155;68.23;58.305;0;22.304;0;22.304;0;32.229
20;2;156;70.347;54.227;0;14.102;0;14.102;0;30.222
20;2;157;84.031;49.152;0;0;0;0;0;34.879
20;2;158;71.349;47.528;0;0;0;0;0;23.821
20;2;159;31.347;23.375;0;19.347;0;19.347;0;27.318
20;2;160;38.907;34.165;0;31.709;0;31.709;0;36.451
20;2;161;1.926;33.34;0;88.968;0;88.968;0;57.554
20;2;162;0;39.785;0;91.536;0;91.536;0;51.751
20;2;163;0;40.953;0;96.944;0;96.944;0;55.991
20;2;164;0;41.159;0;96.245;0;96.245;0;55.087
20;2;165;0;42.081;0;92.987;0;92.987;0;50.906
20;2;166;0;39.73;0;82.77;0;82.77;0;43.04
20;2;167;0;142.941;0;176.123;0;176.123;0;33.183
20;3;0;0;2.926;0;9.284;0;9.284;0;6.358
20;3;1;0;138.721;0;149.289;0;149.289;0;10.568
20;3;2;0;138.693;0;146.529;0;146.529;0;7.835
20;3;3;0;140.493;0;148.702;0;148.702;0;8.21
20;3;4;0;185.663;0;193.729;0;193.729;0;8.066
20;3;5;0;104.144;0;112.315;0;112.315;0;8.171
20;3;6;0;158.251;0;173.757;0;173.757;0;15.507
20;3;7;0;159.077;0;187.795;0;187.795;0;28.718
20;3;8;0;147.48;0;194.524;0;194.524;0;47.044
20;3;9;23.403;144.626;0;156.26;0;156.26;0;35.036
20;3;10;45.176;139.073;0;128.259;0;128.259;0;34.362
20;3;11;38.163;131.88;0;126.081;0;126.081;0;32.364
20;3;12;86.925;129.934;0;73.221;0;73.221;0;30.212
20;3;13;160.887;134.206;0;0;0;0;0;26.681
20;3;14;150.236;167.657;0;56.142;0;56.142;0;38.72
20;3;15;96.142;166.802;0;105.568;0;105.568;0;34.908
20;3;16;20.992;168.94;0;186.445;0;186.445;0;38.497
20;3;17;0;89.405;0;136.306;0;136.306;0;46.901
20;3;18;0;174.077;0;231.873;0;231.873;0;57.796
20;3;19;0;0;0;56.088;0;56.088;0;56.088
20;3;20;0;0;0;65.558;0;65.558;0;65.558
20;3;21;0;55.765;0;99.03;0;99.03;0;43.265
20;3;22;0;145.119;0;198.126;0;198.126;0;53.007
20;3;23;0;184.374;0;206.687;0;206.687;0;22.314
20;3;24;0;186.093;0;191.69;0;191.69;0;5.597
20;3;25;0;0;0;10.3;0;10.3;0;10.3
20;3;26;0;142.017;0;149.324;0;149.324;0;7.307
20;3;27;0;144.251;0;154.152;0;154.152;0;9.902
20;3;28;0;146.909;0;154.713;0;154.713;0;7.804
20;3;29;0;149.738;0;157.126;0;157.126;0;7.388
20;3;30;0;160.262;0;168.711;0;168.711;0;8.45
20;3;31;0;161.216;0;201.584;0;201.584;0;40.368
20;3;32;0;151.67;0;194.515;0;194.515;0;42.845
20;3;33;20.127;150.033;0;160.407;0;160.407;0;30.501
20;3;34;77.703;140.186;0;91.217;0;91.217;0;28.734
20;3;35;88.513;134.268;0;81.639;0;81.639;0;35.884
20;3;36;102.281;132.187;0;65.176;0;65.176;0;35.27
20;3;37;73.805;125.984;0;82.232;0;82.232;0;30.053
20;3;38;16.674;124.335;0;135.088;0;135.088;0;27.426
20;3;39;9.494;126.795;0;159.179;0;159.179;0;41.878
20;3;40;2.232;126.638;0;163.887;0;163.887;0;39.48
20;3;41;0;127.485;0;196.988;0;196.988;0;69.503
20;3;42;0;135.617;0;197.172;0;197.172;0;61.555
20;3;43;0;134.309;0;201.18;0;201.18;0;66.871
20;3;44;0;133.177;0;200.042;0;200.042;0;66.865
20;3;45;0;133.841;0;185.3;0;185.3;0;51.459
20;3;46;0;125.914;0;167.639;0;167.639;0;41.725
20;3;47;0;121.943;0;166.211;0;166.211;0;44.268
20;3;48;0;108.667;0;114.412;0;114.412;0;5.744
20;3;49;0;103.003;0;112.573;0;112.573;0;9.571
20;3;50;0;99.519;0;107.205;0;107.205;0;7.686
20;3;51;0;95.875;0;103.889;0;103.889;0;8.014
20;3;52;0;95.153;0;102.652;0;102.652;0;7.499
20;3;53;0;94.517;0;103.005;0;103.005;0;8.488
20;3;54;0;93.337;0;105.793;0;105.793;0;12.456
20;3;55;0;108.302;0;136.895;0;136.895;0;28.593
20;3;56;0;110.494;0;157.265;0;157.265;0;46.771
20;3;57;3.037;97.829;0;125.36;0;125.36;0;30.568
20;3;58;13.78;98.18;0;116.748;0;116.748;0;32.349
20;3;59;12.147;94.329;0;114.115;0;114.115;0;31.932
20;3;60;42.047;92.262;0;72.998;0;72.998;0;22.784
20;3;61;94.743;85.581;0;19.529;0;19.529;0;28.691
20;3;62;55.837;80.461;0;51.993;0;51.993;0;27.368
20;3;63;40.436;82.244;0;68.493;0;68.493;0;26.686
20;3;64;5.116;81.187;0;124.73;0;124.73;0;48.659
20;3;65;0;162.103;0;216.139;0;216.139;0;54.035
20;3;66;0;163.384;0;216.712;0;216.712;0;53.328
20;3;67;0;165.52;0;219.224;0;219.224;0;53.704
20;3;68;0;15.231;0;80.495;0;80.495;0;65.264
20;3;69;0;0;0;56.365;0;56.365;0;56.365
20;3;70;0;0;0;45.329;0;45.329;0;45.329
20;3;71;0;91.813;0;127.944;0;127.944;0;36.13
20;3;72;0;94.148;0;99.792;0;99.792;0;5.644
20;3;73;0;94.906;0;104.557;0;104.557;0;9.651
20;3;74;0;97.138;0;104.447;0;104.447;0;7.309
20;3;75;0;100.257;0;107.484;0;107.484;0;7.227
20;3;76;0;99.779;0;107.403;0;107.403;0;7.625
20;3;77;0;100.415;0;107.813;0;107.813;0;7.399
20;3;78;0;169.796;0;178.032;0;178.032;0;8.237
20;3;79;0;51.484;0;62.965;0;62.965;0;11.481
20;3;80;0;119.673;0;143.769;0;143.769;0;24.096
20;3;81;2.213;106.616;0;143.85;0;143.85;0;39.448
20;3;82;4.428;106.712;0;139.389;0;139.389;0;37.104
20;3;83;9.69;105.799;0;137.449;0;137.449;0;41.34
20;3;84;17.723;102.419;0;111.147;0;111.147;0;26.451
20;3;85;104.407;131.733;0;56.056;0;56.056;0;28.73
20;3;86;101.332;64.136;0;0;0;0;0;37.196
20;3;87;60.215;171.936;0;146.004;0;146.004;0;34.284
20;3;88;6.688;174.077;0;202.975;0;202.975;0;35.587
20;3;89;0;174.505;0;219.518;0;219.518;0;45.013
20;3;90;0;176.648;0;227.907;0;227.907;0;51.259
20;3;91;0;0;0;50.658;0;50.658;0;50.658
20;3;92;0;0;0;54.613;0;54.613;0;54.613
20;3;93;0;51.201;0;99.583;0;99.583;0;48.381
20;3;94;0;125.655;0;178.071;0;178.071;0;52.415
20;3;95;0;125.079;0;161.645;0;161.645;0;36.566
20;3;96;0;145.529;0;151.304;0;151.304;0;5.775
20;3;97;0;149.973;0;159.921;0;159.921;0;9.948
20;3;98;0;151.997;0;158.814;0;158.814;0;6.818
20;3;99;0;155.369;0;162.917;0;162.917;0;7.548
20;3;100;0;153.615;0;161.654;0;161.654;0;8.038
20;3;101;0;150.688;0;158.546;0;158.546;0;7.858
20;3;102;0;157.266;0;171.686;0;171.686;0;14.42
20;3;103;0;153.909;0;178.799;0;178.799;0;24.89
20;3;104;0;142.588;0;174.138;0;174.138;0;31.55
20;3;105;1.666;178.363;0;232.751;0;232.751;0;56.054
20;3;106;5.853;99.325;0;143.606;0;143.606;0;50.133
20;3;107;7.528;143.333;0;179.676;0;179.676;0;43.871
20;3;108;14.232;147.562;0;169.542;0;169.542;0;36.212
20;3;109;16.564;140.367;0;154.089;0;154.089;0;30.286
20;3;110;12.264;136.748;0;169.972;0;169.972;0;45.488
20;3;111;6.965;135.366;0;169.289;0;169.289;0;40.889
20;3;112;1.112;133.565;0;173.803;0;173.803;0;41.351
20;3;113;0;130.456;0;180.272;0;180.272;0;49.816
20;3;114;0;137.649;0;195.942;0;195.942;0;58.292
20;3;115;0;136.166;0;199.732;0;199.732;0;63.566
20;3;116;0;135.952;0;176.288;0;176.288;0;40.336
20;3;117;0;133.859;0;186.737;0;186.737;0;52.878
20;3;118;0;124.86;0;185.304;0;185.304;0;60.444
20;3;119;0;178.792;0;226.439;0;226.439;0;47.646
20;3;120;0;178.792;0;184.495;0;184.495;0;5.703
20;3;121;0;179.65;0;189.553;0;189.553;0;9.903
20;3;122;0;182.226;0;189.263;0;189.263;0;7.037
20;3;123;0;185.233;0;192.579;0;192.579;0;7.346
20;3;124;0;60.198;0;67.575;0;67.575;0;7.377
20;3;125;0;0;0;8.013;0;8.013;0;8.013
20;3;126;0;162.731;0;176.298;0;176.298;0;13.568
20;3;127;0;164.125;0;201.294;0;201.294;0;37.169
20;3;128;0;155.487;0;188.974;0;188.974;0;33.487
20;3;129;5.257;152.208;0;189.025;0;189.025;0;42.075
20;3;130;13.787;145.462;0;162.812;0;162.812;0;31.137
20;3;131;12.821;141.867;0;164.188;0;164.188;0;35.142
20;3;132;34.705;141.605;0;133.949;0;133.949;0;27.049
20;3;133;38.707;130.273;0;125.584;0;125.584;0;34.018
20;3;134;9.46;129.102;0;150.761;0;150.761;0;31.118
20;3;135;6.126;129.431;0;157.055;0;157.055;0;33.751
20;3;136;0.555;180.079;0;214.552;0;214.552;0;35.027
20;3;137;0;78.664;0;133.205;0;133.205;0;54.54
20;3;138;0;138.963;0;205.725;0;205.725;0;66.762
20;3;139;0;184.804;0;240.766;0;240.766;0;55.963
20;3;140;0;102.888;0;164.987;0;164.987;0;62.099
20;3;141;0;147.551;0;189.885;0;189.885;0;42.334
20;3;142;0;145.291;0;189.953;0;189.953;0;44.663
20;3;143;0;148.36;0;187.91;0;187.91;0;39.551
20;3;144;0;187.813;0;193.266;0;193.266;0;5.452
20;3;145;0;114.166;0;126.941;0;126.941;0;12.775
20;3;146;0;189.104;0;196.48;0;196.48;0;7.376
20;3;147;0;121.553;0;130.175;0;130.175;0;8.622
20;3;148;0;157.521;0;164.614;0;164.614;0;7.093
20;3;149;0;158.541;0;166.624;0;166.624;0;8.083
20;3;150;0;167.716;0;181.532;0;181.532;0;13.817
20;3;151;0;166.276;0;188.7;0;188.7;0;22.423
20;3;152;0;150.326;0;197.293;0;197.293;0;46.967
20;3;153;18.618;139.165;0;165.317;0;165.317;0;44.77
20;3;154;52.005;131.71;0;108.52;0;108.52;0;28.816
20;3;155;25.46;121.138;0;120.17;0;120.17;0;24.492
20;3;156;15.777;118.297;0;138.618;0;138.618;0;36.098
20;3;157;17.833;168.94;0;180.589;0;180.589;0;29.482
20;3;158;12.176;50.046;0;73.437;0;73.437;0;35.568
20;3;159;5.253;107.661;0;140.784;0;140.784;0;38.376
20;3;160;2.49;105.18;0;152.959;0;152.959;0;50.269
20;3;161;0;104.084;0;149.311;0;149.311;0;45.227
20;3;162;0;109.713;0;152.039;0;152.039;0;42.325
20;3;163;0;108.842;0;160.836;0;160.836;0;51.995
20;3;164;0;105.485;0;162.756;0;162.756;0;57.271
20;3;165;0;105.584;0;161.51;0;161.51;0;55.925
20;3;166;0;168.085;0;220.426;0;220.426;0;52.342
20;3;167;0;156.641;0;193.793;0;193.793;0;37.152
