Support_Year;Cluster;Timestep;to_network_kW;from_network_kW;to_main_grid_kW;from_main_grid_kW;to_grid_kW;from_grid_kW
0;0;0;0.0;0.0;0.0;7.307;0.0;7.307
0;0;1;0.0;0.0;0.0;0.0;0.0;0.0
0;0;2;0.0;0.0;0.0;0.0;0.0;0.0
0;0;3;0.0;0.0;0.0;0.0;0.0;0.0
0;0;4;0.0;0.0;0.0;0.0;0.0;0.0
0;0;5;0.0;0.0;0.0;0.0;0.0;0.0
0;0;6;0.0;0.0;0.0;0.0;0.0;0.0
0;0;7;0.0;0.0;0.0;0.0;0.0;0.0
0;0;8;0.0;0.0;0.0;34.328;0.0;34.328
0;0;9;0.0;0.0;86.503;0.0;86.503;0.0
0;0;10;0.0;0.0;120.713;0.0;120.713;0.0
0;0;11;0.0;0.0;0.0;0.0;0.0;0.0
0;0;12;0.0;0.0;0.0;0.0;0.0;0.0
0;0;13;0.0;0.0;77.217;0.0;77.217;0.0
0;0;14;0.0;0.0;237.144;0.0;237.144;0.0
0;0;15;0.0;0.0;94.843;0.0;94.843;0.0
0;0;16;0.0;0.0;28.479;0.0;28.479;0.0
0;0;17;0.0;0.0;9.216;0.0;9.216;0.0
0;0;18;0.0;0.0;0.0;115.871;0.0;115.871
0;0;19;0.0;0.0;0.0;165.855;0.0;165.855
0;0;20;0.0;0.0;0.0;173.726;0.0;173.726
0;0;21;0.0;0.0;0.0;178.484;0.0;178.484
0;0;22;0.0;0.0;0.0;179.08;0.0;179.08
0;0;23;0.0;0.0;0.0;68.427;0.0;68.427
0;0;24;0.0;0.0;0.0;0.0;0.0;0.0
0;0;25;0.0;0.0;0.0;0.0;0.0;0.0
0;0;26;0.0;0.0;0.0;0.0;0.0;0.0
0;0;27;0.0;0.0;0.0;0.0;0.0;0.0
0;0;28;0.0;0.0;0.0;0.0;0.0;0.0
0;0;29;0.0;0.0;0.0;0.0;0.0;0.0
0;0;30;0.0;0.0;0.0;0.0;0.0;0.0
0;0;31;0.0;0.0;0.0;0.0;0.0;0.0
0;0;32;0.0;0.0;96.123;0.0;96.123;0.0
0;0;33;0.0;0.0;86.055;0.0;86.055;0.0
0;0;34;0.0;0.0;285.277;0.0;285.277;0.0
0;0;35;0.0;0.0;317.189;0.0;317.189;0.0
0;0;36;0.0;0.0;182.812;0.0;182.812;0.0
0;0;37;0.0;0.0;66.061;0.0;66.061;0.0
0;0;38;0.0;0.0;52.241;0.0;52.241;0.0
0;0;39;0.0;0.0;0.0;0.0;0.0;0.0
0;0;40;0.0;0.0;0.0;0.0;0.0;0.0
0;0;41;0.0;0.0;0.0;0.0;0.0;0.0
0;0;42;0.0;0.0;0.0;68.539;0.0;68.539
0;0;43;0.0;0.0;0.0;64.551;0.0;64.551
0;0;44;0.0;0.0;0.0;163.957;0.0;163.957
0;0;45;0.0;0.0;0.0;82.64;0.0;82.64
0;0;46;0.0;0.0;0.0;166.527;0.0;166.527
0;0;47;0.0;0.0;0.0;142.141;0.0;142.141
0;0;48;0.0;0.0;0.0;91.025;0.0;91.025
0;0;49;0.0;0.0;0.0;97.718;0.0;97.718
0;0;50;0.0;0.0;0.0;98.418;0.0;98.418
0;0;51;0.0;0.0;0.0;95.929;0.0;95.929
0;0;52;0.0;0.0;0.0;96.286;0.0;96.286
0;0;53;0.0;0.0;0.0;12.923;0.0;12.923
0;0;54;0.0;0.0;0.0;16.388;0.0;16.388
0;0;55;0.0;0.0;0.0;37.674;0.0;37.674
0;0;56;0.0;0.0;51.53;0.0;51.53;0.0
0;0;57;0.0;0.0;224.038;0.0;224.038;0.0
0;0;58;0.0;0.0;176.214;0.0;176.214;0.0
0;0;59;0.0;0.0;63.554;0.0;63.554;0.0
0;0;60;0.0;0.0;126.69;0.0;126.69;0.0
0;0;61;0.0;0.0;269.619;0.0;269.619;0.0
0;0;62;0.0;0.0;167.123;0.0;167.123;0.0
0;0;63;0.0;0.0;172.416;0.0;172.416;0.0
0;0;64;0.0;0.0;137.66;0.0;137.66;0.0
0;0;65;0.0;0.0;150.737;0.0;150.737;0.0
0;0;66;0.0;0.0;0.0;9.924;0.0;9.924
0;0;67;0.0;0.0;0.0;123.114;0.0;123.114
0;0;68;0.0;0.0;0.0;98.323;0.0;98.323
0;0;69;0.0;0.0;0.0;91.643;0.0;91.643
0;0;70;0.0;0.0;0.0;84.976;0.0;84.976
0;0;71;0.0;0.0;0.0;66.073;0.0;66.073
0;0;72;0.0;0.0;0.0;8.508;0.0;8.508
0;0;73;0.0;0.0;0.0;18.957;0.0;18.957
0;0;74;0.0;0.0;0.0;11.347;0.0;11.347
0;0;75;0.0;0.0;0.0;11.755;0.0;11.755
0;0;76;0.0;0.0;0.0;10.321;0.0;10.321
0;0;77;0.0;0.0;0.0;15.301;0.0;15.301
0;0;78;0.0;0.0;0.0;9.609;0.0;9.609
0;0;79;0.0;0.0;0.0;0.0;0.0;0.0
0;0;80;0.0;0.0;112.383;0.0;112.383;0.0
0;0;81;0.0;0.0;328.779;0.0;328.779;0.0
0;0;82;0.0;0.0;461.289;0.0;461.289;0.0
0;0;83;0.0;0.0;440.854;0.0;440.854;0.0
0;0;84;0.0;0.0;285.887;0.0;285.887;0.0
0;0;85;0.0;0.0;137.59;0.0;137.59;0.0
0;0;86;0.0;0.0;103.859;0.0;103.859;0.0
0;0;87;0.0;0.0;54.733;0.0;54.733;0.0
0;0;88;0.0;0.0;35.229;0.0;35.229;0.0
0;0;89;0.0;0.0;0.0;0.723;0.0;0.723
0;0;90;0.0;0.0;0.0;12.432;0.0;12.432
0;0;91;0.0;0.0;0.0;70.409;0.0;70.409
0;0;92;0.0;0.0;0.0;71.489;0.0;71.489
0;0;93;0.0;0.0;0.0;78.937;0.0;78.937
0;0;94;0.0;0.0;0.0;92.456;0.0;92.456
0;0;95;0.0;0.0;0.0;69.776;0.0;69.776
0;0;96;0.0;0.0;0.0;7.154;0.0;7.154
0;0;97;0.0;0.0;0.0;19.333;0.0;19.333
0;0;98;0.0;0.0;0.0;11.43;0.0;11.43
0;0;99;0.0;0.0;0.0;10.736;0.0;10.736
0;0;100;0.0;0.0;0.0;11.176;0.0;11.176
0;0;101;0.0;0.0;0.0;12.611;0.0;12.611
0;0;102;0.0;0.0;0.0;10.139;0.0;10.139
0;0;103;0.0;0.0;0.0;9.141;0.0;9.141
0;0;104;0.0;0.0;16.276;0.0;16.276;0.0
0;0;105;0.0;0.0;41.596;0.0;41.596;0.0
0;0;106;0.0;0.0;265.506;0.0;265.506;0.0
0;0;107;0.0;0.0;306.589;0.0;306.589;0.0
0;0;108;0.0;0.0;46.503;0.0;46.503;0.0
0;0;109;0.0;0.0;0.0;0.0;0.0;0.0
0;0;110;0.0;0.0;0.0;0.0;0.0;0.0
0;0;111;0.0;0.0;0.0;0.0;0.0;0.0
0;0;112;0.0;0.0;0.0;0.0;0.0;0.0
0;0;113;0.0;0.0;0.0;0.0;0.0;0.0
0;0;114;0.0;0.0;0.0;0.0;0.0;0.0
0;0;115;0.0;0.0;0.0;68.04;0.0;68.04
0;0;116;0.0;0.0;0.0;98.484;0.0;98.484
0;0;117;0.0;0.0;0.0;71.275;0.0;71.275
0;0;118;0.0;0.0;0.0;76.473;0.0;76.473
0;0;119;0.0;0.0;0.0;68.173;0.0;68.173
0;0;120;0.0;0.0;0.0;7.466;0.0;7.466
0;0;121;0.0;0.0;0.0;22.831;0.0;22.831
0;0;122;0.0;0.0;0.0;11.782;0.0;11.782
0;0;123;0.0;0.0;0.0;12.196;0.0;12.196
0;0;124;0.0;0.0;0.0;10.513;0.0;10.513
0;0;125;0.0;0.0;0.0;14.289;0.0;14.289
0;0;126;0.0;0.0;0.0;17.371;0.0;17.371
0;0;127;0.0;0.0;0.0;0.0;0.0;0.0
0;0;128;0.0;0.0;60.538;0.0;60.538;0.0
0;0;129;0.0;0.0;236.746;0.0;236.746;0.0
0;0;130;0.0;0.0;406.475;0.0;406.475;0.0
0;0;131;0.0;0.0;542.768;0.0;542.768;0.0
0;0;132;0.0;0.0;566.119;0.0;566.119;0.0
0;0;133;0.0;0.0;335.177;0.0;335.177;0.0
0;0;134;0.0;0.0;213.926;0.0;213.926;0.0
0;0;135;0.0;0.0;288.673;0.0;288.673;0.0
0;0;136;0.0;0.0;291.154;0.0;291.154;0.0
0;0;137;0.0;0.0;161.378;0.0;161.378;0.0
0;0;138;0.0;0.0;31.611;0.0;31.611;0.0
0;0;139;0.0;0.0;0.0;41.276;0.0;41.276
0;0;140;0.0;0.0;0.0;94.868;0.0;94.868
0;0;141;0.0;0.0;0.0;82.642;0.0;82.642
0;0;142;0.0;0.0;0.0;100.187;0.0;100.187
0;0;143;0.0;0.0;0.0;57.693;0.0;57.693
0;0;144;0.0;0.0;0.0;7.075;0.0;7.075
0;0;145;0.0;0.0;0.0;19.517;0.0;19.517
0;0;146;0.0;0.0;0.0;10.65;0.0;10.65
0;0;147;0.0;0.0;0.0;12.278;0.0;12.278
0;0;148;0.0;0.0;0.0;12.157;0.0;12.157
0;0;149;0.0;0.0;0.0;15.307;0.0;15.307
0;0;150;0.0;0.0;0.0;21.742;0.0;21.742
0;0;151;0.0;0.0;0.0;18.074;0.0;18.074
0;0;152;0.0;0.0;28.52;0.0;28.52;0.0
0;0;153;0.0;0.0;139.717;0.0;139.717;0.0
0;0;154;0.0;0.0;402.54;0.0;402.54;0.0
0;0;155;0.0;0.0;550.295;0.0;550.295;0.0
0;0;156;0.0;0.0;618.664;0.0;618.664;0.0
0;0;157;0.0;0.0;605.599;0.0;605.599;0.0
0;0;158;0.0;0.0;527.308;0.0;527.308;0.0
0;0;159;0.0;0.0;362.612;0.0;362.612;0.0
0;0;160;0.0;0.0;210.878;0.0;210.878;0.0
0;0;161;0.0;0.0;186.509;0.0;186.509;0.0
0;0;162;0.0;0.0;31.794;0.0;31.794;0.0
0;0;163;0.0;0.0;0.0;48.971;0.0;48.971
0;0;164;0.0;0.0;0.0;89.16;0.0;89.16
0;0;165;0.0;0.0;0.0;100.361;0.0;100.361
0;0;166;0.0;0.0;0.0;90.435;0.0;90.435
0;0;167;0.0;0.0;0.0;59.436;0.0;59.436
0;1;0;0.0;0.0;0.0;7.045;0.0;7.045
0;1;1;0.0;0.0;0.0;19.845;0.0;19.845
0;1;2;0.0;0.0;0.0;15.401;0.0;15.401
0;1;3;0.0;0.0;0.0;12.231;0.0;12.231
0;1;4;0.0;0.0;0.0;13.148;0.0;13.148
0;1;5;0.0;0.0;0.0;11.806;0.0;11.806
0;1;6;0.0;0.0;0.0;13.361;0.0;13.361
0;1;7;0.0;0.0;29.15;0.0;29.15;0.0
0;1;8;0.0;0.0;167.322;0.0;167.322;0.0
0;1;9;0.0;0.0;305.53;0.0;305.53;0.0
0;1;10;0.0;0.0;423.946;0.0;423.946;0.0
0;1;11;0.0;0.0;489.036;0.0;489.036;0.0
0;1;12;0.0;0.0;537.548;0.0;537.548;0.0
0;1;13;0.0;0.0;605.744;0.0;605.744;0.0
0;1;14;0.0;0.0;479.596;0.0;479.596;0.0
0;1;15;0.0;0.0;317.492;0.0;317.492;0.0
0;1;16;0.0;0.0;194.681;0.0;194.681;0.0
0;1;17;0.0;0.0;79.903;0.0;79.903;0.0
0;1;18;0.0;0.0;0.139;0.0;0.139;0.0
0;1;19;0.0;0.0;0.0;84.358;0.0;84.358
0;1;20;0.0;0.0;0.0;71.48;0.0;71.48
0;1;21;0.0;0.0;0.0;84.789;0.0;84.789
0;1;22;0.0;0.0;0.0;84.785;0.0;84.785
0;1;23;0.0;0.0;0.0;60.3;0.0;60.3
0;1;24;0.0;0.0;0.0;7.189;0.0;7.189
0;1;25;0.0;0.0;0.0;13.008;0.0;13.008
0;1;26;0.0;0.0;0.0;10.355;0.0;10.355
0;1;27;0.0;0.0;0.0;13.597;0.0;13.597
0;1;28;0.0;0.0;0.0;13.625;0.0;13.625
0;1;29;0.0;0.0;0.0;13.039;0.0;13.039
0;1;30;0.0;0.0;0.0;9.258;0.0;9.258
0;1;31;0.0;0.0;33.747;0.0;33.747;0.0
0;1;32;0.0;0.0;147.886;0.0;147.886;0.0
0;1;33;0.0;0.0;289.348;0.0;289.348;0.0
0;1;34;0.0;0.0;393.073;0.0;393.073;0.0
0;1;35;0.0;0.0;474.818;0.0;474.818;0.0
0;1;36;0.0;0.0;593.538;0.0;593.538;0.0
0;1;37;0.0;0.0;597.872;0.0;597.872;0.0
0;1;38;0.0;0.0;557.307;0.0;557.307;0.0
0;1;39;0.0;0.0;475.14;0.0;475.14;0.0
0;1;40;0.0;0.0;328.121;0.0;328.121;0.0
0;1;41;0.0;0.0;169.702;0.0;169.702;0.0
0;1;42;0.0;0.0;22.604;0.0;22.604;0.0
0;1;43;0.0;0.0;0.0;74.615;0.0;74.615
0;1;44;0.0;0.0;0.0;95.578;0.0;95.578
0;1;45;0.0;0.0;0.0;103.343;0.0;103.343
0;1;46;0.0;0.0;0.0;102.828;0.0;102.828
0;1;47;0.0;0.0;0.0;76.108;0.0;76.108
0;1;48;0.0;0.0;0.0;7.382;0.0;7.382
0;1;49;0.0;0.0;0.0;13.82;0.0;13.82
0;1;50;0.0;0.0;0.0;11.162;0.0;11.162
0;1;51;0.0;0.0;0.0;11.587;0.0;11.587
0;1;52;0.0;0.0;0.0;11.409;0.0;11.409
0;1;53;0.0;0.0;0.0;12.696;0.0;12.696
0;1;54;0.0;0.0;0.0;17.481;0.0;17.481
0;1;55;0.0;0.0;4.276;0.0;4.276;0.0
0;1;56;0.0;0.0;112.697;0.0;112.697;0.0
0;1;57;0.0;0.0;261.808;0.0;261.808;0.0
0;1;58;0.0;0.0;379.785;0.0;379.785;0.0
0;1;59;0.0;0.0;468.981;0.0;468.981;0.0
0;1;60;0.0;0.0;545.364;0.0;545.364;0.0
0;1;61;0.0;0.0;475.21;0.0;475.21;0.0
0;1;62;0.0;0.0;299.27;0.0;299.27;0.0
0;1;63;0.0;0.0;106.558;0.0;106.558;0.0
0;1;64;0.0;0.0;199.298;0.0;199.298;0.0
0;1;65;0.0;0.0;118.395;0.0;118.395;0.0
0;1;66;0.0;0.0;10.972;0.0;10.972;0.0
0;1;67;0.0;0.0;0.0;81.845;0.0;81.845
0;1;68;0.0;0.0;0.0;98.722;0.0;98.722
0;1;69;0.0;0.0;0.0;78.436;0.0;78.436
0;1;70;0.0;0.0;0.0;101.029;0.0;101.029
0;1;71;0.0;0.0;0.0;68.327;0.0;68.327
0;1;72;0.0;0.0;0.0;8.36;0.0;8.36
0;1;73;0.0;0.0;0.0;16.154;0.0;16.154
0;1;74;0.0;0.0;0.0;11.98;0.0;11.98
0;1;75;0.0;0.0;0.0;11.515;0.0;11.515
0;1;76;0.0;0.0;0.0;10.586;0.0;10.586
0;1;77;0.0;0.0;0.0;12.298;0.0;12.298
0;1;78;0.0;0.0;0.0;11.283;0.0;11.283
0;1;79;0.0;0.0;25.241;0.0;25.241;0.0
0;1;80;0.0;0.0;128.44;0.0;128.44;0.0
0;1;81;0.0;0.0;307.143;0.0;307.143;0.0
0;1;82;0.0;0.0;436.892;0.0;436.892;0.0
0;1;83;0.0;0.0;509.17;0.0;509.17;0.0
0;1;84;0.0;0.0;568.308;0.0;568.308;0.0
0;1;85;0.0;0.0;528.573;0.0;528.573;0.0
0;1;86;0.0;0.0;475.117;0.0;475.117;0.0
0;1;87;0.0;0.0;430.735;0.0;430.735;0.0
0;1;88;0.0;0.0;222.282;0.0;222.282;0.0
0;1;89;0.0;0.0;82.853;0.0;82.853;0.0
0;1;90;0.0;0.0;4.206;0.0;4.206;0.0
0;1;91;0.0;0.0;0.0;66.452;0.0;66.452
0;1;92;0.0;0.0;0.0;98.259;0.0;98.259
0;1;93;0.0;0.0;0.0;85.931;0.0;85.931
0;1;94;0.0;0.0;0.0;76.778;0.0;76.778
0;1;95;0.0;0.0;0.0;68.761;0.0;68.761
0;1;96;0.0;0.0;0.0;9.772;0.0;9.772
0;1;97;0.0;0.0;0.0;26.577;0.0;26.577
0;1;98;0.0;0.0;0.0;11.43;0.0;11.43
0;1;99;0.0;0.0;0.0;12.428;0.0;12.428
0;1;100;0.0;0.0;0.0;11.942;0.0;11.942
0;1;101;0.0;0.0;0.0;11.134;0.0;11.134
0;1;102;0.0;0.0;0.0;11.709;0.0;11.709
0;1;103;0.0;0.0;39.983;0.0;39.983;0.0
0;1;104;0.0;0.0;98.185;0.0;98.185;0.0
0;1;105;0.0;0.0;113.377;0.0;113.377;0.0
0;1;106;0.0;0.0;301.692;0.0;301.692;0.0
0;1;107;0.0;0.0;541.482;0.0;541.482;0.0
0;1;108;0.0;0.0;614.044;0.0;614.044;0.0
0;1;109;0.0;0.0;473.864;0.0;473.864;0.0
0;1;110;0.0;0.0;233.836;0.0;233.836;0.0
0;1;111;0.0;0.0;187.241;0.0;187.241;0.0
0;1;112;0.0;0.0;152.889;0.0;152.889;0.0
0;1;113;0.0;0.0;92.768;0.0;92.768;0.0
0;1;114;0.0;0.0;29.53;0.0;29.53;0.0
0;1;115;0.0;0.0;0.0;69.271;0.0;69.271
0;1;116;0.0;0.0;0.0;91.084;0.0;91.084
0;1;117;0.0;0.0;0.0;80.056;0.0;80.056
0;1;118;0.0;0.0;0.0;69.991;0.0;69.991
0;1;119;0.0;0.0;0.0;47.567;0.0;47.567
0;1;120;0.0;0.0;0.0;7.035;0.0;7.035
0;1;121;0.0;0.0;0.0;26.58;0.0;26.58
0;1;122;0.0;0.0;0.0;16.036;0.0;16.036
0;1;123;0.0;0.0;0.0;10.842;0.0;10.842
0;1;124;0.0;0.0;0.0;9.874;0.0;9.874
0;1;125;0.0;0.0;0.0;10.907;0.0;10.907
0;1;126;0.0;0.0;0.0;20.046;0.0;20.046
0;1;127;0.0;0.0;12.729;0.0;12.729;0.0
0;1;128;0.0;0.0;147.208;0.0;147.208;0.0
0;1;129;0.0;0.0;303.3;0.0;303.3;0.0
0;1;130;0.0;0.0;434.944;0.0;434.944;0.0
0;1;131;0.0;0.0;541.155;0.0;541.155;0.0
0;1;132;0.0;0.0;592.226;0.0;592.226;0.0
0;1;133;0.0;0.0;533.937;0.0;533.937;0.0
0;1;134;0.0;0.0;427.7;0.0;427.7;0.0
0;1;135;0.0;0.0;274.868;0.0;274.868;0.0
0;1;136;0.0;0.0;203.261;0.0;203.261;0.0
0;1;137;0.0;0.0;139.859;0.0;139.859;0.0
0;1;138;0.0;0.0;23.559;0.0;23.559;0.0
0;1;139;0.0;0.0;0.0;76.109;0.0;76.109
0;1;140;0.0;0.0;0.0;88.661;0.0;88.661
0;1;141;0.0;0.0;0.0;82.659;0.0;82.659
0;1;142;0.0;0.0;0.0;94.003;0.0;94.003
0;1;143;0.0;0.0;0.0;65.341;0.0;65.341
0;1;144;0.0;0.0;0.0;7.221;0.0;7.221
0;1;145;0.0;0.0;0.0;13.332;0.0;13.332
0;1;146;0.0;0.0;0.0;11.192;0.0;11.192
0;1;147;0.0;0.0;0.0;10.622;0.0;10.622
0;1;148;0.0;0.0;0.0;9.826;0.0;9.826
0;1;149;0.0;0.0;0.0;12.171;0.0;12.171
0;1;150;0.0;0.0;0.0;15.497;0.0;15.497
0;1;151;0.0;0.0;2.717;0.0;2.717;0.0
0;1;152;0.0;0.0;157.47;0.0;157.47;0.0
0;1;153;0.0;0.0;310.456;0.0;310.456;0.0
0;1;154;0.0;0.0;440.981;0.0;440.981;0.0
0;1;155;0.0;0.0;550.592;0.0;550.592;0.0
0;1;156;0.0;0.0;602.848;0.0;602.848;0.0
0;1;157;0.0;0.0;587.808;0.0;587.808;0.0
0;1;158;0.0;0.0;419.601;0.0;419.601;0.0
0;1;159;0.0;0.0;368.042;0.0;368.042;0.0
0;1;160;0.0;0.0;266.185;0.0;266.185;0.0
0;1;161;0.0;0.0;154.642;0.0;154.642;0.0
0;1;162;0.0;0.0;9.302;0.0;9.302;0.0
0;1;163;0.0;0.0;0.0;79.306;0.0;79.306
0;1;164;0.0;0.0;0.0;77.064;0.0;77.064
0;1;165;0.0;0.0;0.0;86.93;0.0;86.93
0;1;166;0.0;0.0;0.0;88.485;0.0;88.485
0;1;167;0.0;0.0;0.0;67.491;0.0;67.491
0;2;0;0.0;0.0;0.0;81.915;0.0;81.915
0;2;1;0.0;0.0;0.0;87.585;0.0;87.585
0;2;2;0.0;0.0;0.0;88.598;0.0;88.598
0;2;3;0.0;0.0;0.0;10.312;0.0;10.312
0;2;4;0.0;0.0;0.0;48.275;0.0;48.275
0;2;5;0.0;0.0;0.0;10.959;0.0;10.959
0;2;6;0.0;0.0;0.0;21.151;0.0;21.151
0;2;7;0.0;0.0;0.0;39.5;0.0;39.5
0;2;8;0.0;0.0;0.0;35.07;0.0;35.07
0;2;9;0.0;0.0;0.0;0.0;0.0;0.0
0;2;10;0.0;0.0;201.95;0.0;201.95;0.0
0;2;11;0.0;0.0;356.078;0.0;356.078;0.0
0;2;12;0.0;0.0;333.59;0.0;333.59;0.0
0;2;13;0.0;0.0;158.7;0.0;158.7;0.0
0;2;14;0.0;0.0;112.037;0.0;112.037;0.0
0;2;15;0.0;0.0;166.4;0.0;166.4;0.0
0;2;16;0.0;0.0;22.33;0.0;22.33;0.0
0;2;17;0.0;0.0;0.0;144.274;0.0;144.274
0;2;18;0.0;0.0;0.0;163.262;0.0;163.262
0;2;19;0.0;0.0;0.0;173.337;0.0;173.337
0;2;20;0.0;0.0;0.0;176.72;0.0;176.72
0;2;21;0.0;0.0;0.0;195.327;0.0;195.327
0;2;22;0.0;0.0;0.0;162.421;0.0;162.421
0;2;23;0.0;0.0;0.0;152.748;0.0;152.748
0;2;24;0.0;0.0;0.0;7.151;0.0;7.151
0;2;25;0.0;0.0;0.0;16.735;0.0;16.735
0;2;26;0.0;0.0;0.0;11.72;0.0;11.72
0;2;27;0.0;0.0;0.0;12.801;0.0;12.801
0;2;28;0.0;0.0;0.0;80.723;0.0;80.723
0;2;29;0.0;0.0;0.0;15.182;0.0;15.182
0;2;30;0.0;0.0;0.0;13.634;0.0;13.634
0;2;31;0.0;0.0;0.0;33.959;0.0;33.959
0;2;32;0.0;0.0;0.0;7.727;0.0;7.727
0;2;33;0.0;0.0;35.681;0.0;35.681;0.0
0;2;34;0.0;0.0;148.64;0.0;148.64;0.0
0;2;35;0.0;0.0;251.089;0.0;251.089;0.0
0;2;36;0.0;0.0;299.911;0.0;299.911;0.0
0;2;37;0.0;0.0;221.833;0.0;221.833;0.0
0;2;38;0.0;0.0;162.258;0.0;162.258;0.0
0;2;39;0.0;0.0;86.6;0.0;86.6;0.0
0;2;40;0.0;0.0;0.0;75.488;0.0;75.488
0;2;41;0.0;0.0;0.0;116.966;0.0;116.966
0;2;42;0.0;0.0;0.0;152.793;0.0;152.793
0;2;43;0.0;0.0;0.0;106.566;0.0;106.566
0;2;44;0.0;0.0;0.0;77.443;0.0;77.443
0;2;45;0.0;0.0;0.0;91.598;0.0;91.598
0;2;46;0.0;0.0;0.0;80.094;0.0;80.094
0;2;47;0.0;0.0;0.0;49.124;0.0;49.124
0;2;48;0.0;0.0;0.0;7.028;0.0;7.028
0;2;49;0.0;0.0;0.0;15.237;0.0;15.237
0;2;50;0.0;0.0;0.0;11.432;0.0;11.432
0;2;51;0.0;0.0;0.0;11.573;0.0;11.573
0;2;52;0.0;0.0;0.0;10.459;0.0;10.459
0;2;53;0.0;0.0;0.0;16.809;0.0;16.809
0;2;54;0.0;0.0;0.0;81.965;0.0;81.965
0;2;55;0.0;0.0;0.0;112.605;0.0;112.605
0;2;56;0.0;0.0;0.0;120.763;0.0;120.763
0;2;57;0.0;0.0;0.0;64.574;0.0;64.574
0;2;58;0.0;0.0;10.127;0.0;10.127;0.0
0;2;59;0.0;0.0;17.925;0.0;17.925;0.0
0;2;60;0.0;0.0;134.444;0.0;134.444;0.0
0;2;61;0.0;0.0;109.615;0.0;109.615;0.0
0;2;62;0.0;0.0;27.432;0.0;27.432;0.0
0;2;63;0.0;0.0;96.466;0.0;96.466;0.0
0;2;64;0.0;0.0;0.0;59.484;0.0;59.484
0;2;65;0.0;0.0;0.0;137.83;0.0;137.83
0;2;66;0.0;0.0;0.0;96.561;0.0;96.561
0;2;67;0.0;0.0;0.0;86.839;0.0;86.839
0;2;68;0.0;0.0;0.0;110.482;0.0;110.482
0;2;69;0.0;0.0;0.0;99.168;0.0;99.168
0;2;70;0.0;0.0;0.0;73.729;0.0;73.729
0;2;71;0.0;0.0;0.0;61.265;0.0;61.265
0;2;72;0.0;0.0;0.0;8.55;0.0;8.55
0;2;73;0.0;0.0;0.0;18.998;0.0;18.998
0;2;74;0.0;0.0;0.0;11.978;0.0;11.978
0;2;75;0.0;0.0;0.0;15.548;0.0;15.548
0;2;76;0.0;0.0;0.0;59.674;0.0;59.674
0;2;77;0.0;0.0;0.0;61.677;0.0;61.677
0;2;78;0.0;0.0;0.0;84.363;0.0;84.363
0;2;79;0.0;0.0;0.0;103.688;0.0;103.688
0;2;80;0.0;0.0;0.0;94.012;0.0;94.012
0;2;81;0.0;0.0;0.0;55.719;0.0;55.719
0;2;82;0.0;0.0;90.259;0.0;90.259;0.0
0;2;83;0.0;0.0;98.085;0.0;98.085;0.0
0;2;84;0.0;0.0;0.0;13.026;0.0;13.026
0;2;85;0.0;0.0;0.0;10.315;0.0;10.315
0;2;86;0.0;0.0;47.046;0.0;47.046;0.0
0;2;87;0.0;0.0;0.0;41.259;0.0;41.259
0;2;88;0.0;0.0;0.0;111.947;0.0;111.947
0;2;89;0.0;0.0;0.0;143.945;0.0;143.945
0;2;90;0.0;0.0;0.0;159.376;0.0;159.376
0;2;91;0.0;0.0;0.0;176.659;0.0;176.659
0;2;92;0.0;0.0;0.0;157.072;0.0;157.072
0;2;93;0.0;0.0;0.0;165.051;0.0;165.051
0;2;94;0.0;0.0;0.0;80.259;0.0;80.259
0;2;95;0.0;0.0;0.0;67.735;0.0;67.735
0;2;96;0.0;0.0;0.0;8.517;0.0;8.517
0;2;97;0.0;0.0;0.0;15.436;0.0;15.436
0;2;98;0.0;0.0;0.0;14.687;0.0;14.687
0;2;99;0.0;0.0;0.0;73.949;0.0;73.949
0;2;100;0.0;0.0;0.0;12.519;0.0;12.519
0;2;101;0.0;0.0;0.0;10.904;0.0;10.904
0;2;102;0.0;0.0;0.0;11.215;0.0;11.215
0;2;103;0.0;0.0;0.0;25.604;0.0;25.604
0;2;104;0.0;0.0;0.0;112.109;0.0;112.109
0;2;105;0.0;0.0;0.0;77.319;0.0;77.319
0;2;106;0.0;0.0;0.0;41.116;0.0;41.116
0;2;107;0.0;0.0;0.0;24.059;0.0;24.059
0;2;108;0.0;0.0;0.0;1.401;0.0;1.401
0;2;109;0.0;0.0;0.0;69.501;0.0;69.501
0;2;110;0.0;0.0;0.0;0.091;0.0;0.091
0;2;111;0.0;0.0;0.0;41.449;0.0;41.449
0;2;112;0.0;0.0;0.0;77.845;0.0;77.845
0;2;113;0.0;0.0;0.0;101.896;0.0;101.896
0;2;114;0.0;0.0;0.0;131.19;0.0;131.19
0;2;115;0.0;0.0;0.0;150.423;0.0;150.423
0;2;116;0.0;0.0;0.0;153.35;0.0;153.35
0;2;117;0.0;0.0;0.0;173.81;0.0;173.81
0;2;118;0.0;0.0;0.0;155.916;0.0;155.916
0;2;119;0.0;0.0;0.0;133.12;0.0;133.12
0;2;120;0.0;0.0;0.0;89.2;0.0;89.2
0;2;121;0.0;0.0;0.0;105.76;0.0;105.76
0;2;122;0.0;0.0;0.0;28.485;0.0;28.485
0;2;123;0.0;0.0;0.0;95.544;0.0;95.544
0;2;124;0.0;0.0;0.0;93.375;0.0;93.375
0;2;125;0.0;0.0;0.0;95.088;0.0;95.088
0;2;126;0.0;0.0;0.0;101.913;0.0;101.913
0;2;127;0.0;0.0;0.0;114.321;0.0;114.321
0;2;128;0.0;0.0;0.0;148.563;0.0;148.563
0;2;129;0.0;0.0;0.0;72.343;0.0;72.343
0;2;130;0.0;0.0;0.0;18.164;0.0;18.164
0;2;131;0.0;0.0;31.481;0.0;31.481;0.0
0;2;132;0.0;0.0;147.966;0.0;147.966;0.0
0;2;133;0.0;0.0;192.117;0.0;192.117;0.0
0;2;134;0.0;0.0;194.328;0.0;194.328;0.0
0;2;135;0.0;0.0;62.87;0.0;62.87;0.0
0;2;136;0.0;0.0;0.0;41.8;0.0;41.8
0;2;137;0.0;0.0;0.0;126.946;0.0;126.946
0;2;138;0.0;0.0;0.0;87.918;0.0;87.918
0;2;139;0.0;0.0;0.0;166.29;0.0;166.29
0;2;140;0.0;0.0;0.0;101.038;0.0;101.038
0;2;141;0.0;0.0;0.0;98.647;0.0;98.647
0;2;142;0.0;0.0;0.0;77.389;0.0;77.389
0;2;143;0.0;0.0;0.0;74.114;0.0;74.114
0;2;144;0.0;0.0;0.0;7.093;0.0;7.093
0;2;145;0.0;0.0;0.0;101.547;0.0;101.547
0;2;146;0.0;0.0;0.0;94.385;0.0;94.385
0;2;147;0.0;0.0;0.0;97.924;0.0;97.924
0;2;148;0.0;0.0;0.0;93.342;0.0;93.342
0;2;149;0.0;0.0;0.0;94.77;0.0;94.77
0;2;150;0.0;0.0;0.0;112.59;0.0;112.59
0;2;151;0.0;0.0;0.0;116.026;0.0;116.026
0;2;152;0.0;0.0;0.0;117.342;0.0;117.342
0;2;153;0.0;0.0;0.0;37.859;0.0;37.859
0;2;154;0.0;0.0;2.4;0.0;2.4;0.0
0;2;155;0.0;0.0;47.013;0.0;47.013;0.0
0;2;156;0.0;0.0;54.288;0.0;54.288;0.0
0;2;157;0.0;0.0;79.746;0.0;79.746;0.0
0;2;158;0.0;0.0;59.226;0.0;59.226;0.0
0;2;159;0.0;0.0;0.0;0.0;0.0;0.0
0;2;160;0.0;0.0;0.0;0.0;0.0;0.0
0;2;161;0.0;0.0;0.0;91.041;0.0;91.041
0;2;162;0.0;0.0;0.0;76.071;0.0;76.071
0;2;163;0.0;0.0;0.0;176.386;0.0;176.386
0;2;164;0.0;0.0;0.0;163.07;0.0;163.07
0;2;165;0.0;0.0;0.0;173.314;0.0;173.314
0;2;166;0.0;0.0;0.0;155.012;0.0;155.012
0;2;167;0.0;0.0;0.0;144.257;0.0;144.257
0;3;0;0.0;0.0;0.0;0.0;0.0;0.0
0;3;1;0.0;0.0;0.0;0.0;0.0;0.0
0;3;2;0.0;0.0;0.0;0.0;0.0;0.0
0;3;3;0.0;0.0;0.0;0.0;0.0;0.0
0;3;4;0.0;0.0;0.0;0.0;0.0;0.0
0;3;5;0.0;0.0;0.0;0.0;0.0;0.0
0;3;6;0.0;0.0;0.0;0.0;0.0;0.0
0;3;7;0.0;0.0;0.0;42.773;0.0;42.773
0;3;8;0.0;0.0;0.0;48.819;0.0;48.819
0;3;9;0.0;0.0;0.0;0.0;0.0;0.0
0;3;10;0.0;0.0;0.0;0.0;0.0;0.0
0;3;11;0.0;0.0;0.0;0.0;0.0;0.0
0;3;12;0.0;0.0;63.373;0.0;63.373;0.0
0;3;13;0.0;0.0;243.554;0.0;243.554;0.0
0;3;14;0.0;0.0;224.639;0.0;224.639;0.0
0;3;15;0.0;0.0;101.585;0.0;101.585;0.0
0;3;16;0.0;0.0;0.0;0.0;0.0;0.0
0;3;17;0.0;0.0;0.0;60.233;0.0;60.233
0;3;18;0.0;0.0;0.0;64.296;0.0;64.296
0;3;19;0.0;0.0;0.0;73.252;0.0;73.252
0;3;20;0.0;0.0;0.0;82.55;0.0;82.55
0;3;21;0.0;0.0;0.0;6.981;0.0;6.981
0;3;22;0.0;0.0;0.0;99.093;0.0;99.093
0;3;23;0.0;0.0;0.0;0.0;0.0;0.0
0;3;24;0.0;0.0;0.0;0.0;0.0;0.0
0;3;25;0.0;0.0;0.0;0.0;0.0;0.0
0;3;26;0.0;0.0;0.0;6.21;0.0;6.21
0;3;27;0.0;0.0;0.0;5.98;0.0;5.98
0;3;28;0.0;0.0;0.0;7.642;0.0;7.642
0;3;29;0.0;0.0;0.0;6.945;0.0;6.945
0;3;30;0.0;0.0;0.0;10.221;0.0;10.221
0;3;31;0.0;0.0;0.0;42.965;0.0;42.965
0;3;32;0.0;0.0;0.0;72.556;0.0;72.556
0;3;33;0.0;0.0;0.0;0.0;0.0;0.0
0;3;34;0.0;0.0;47.108;0.0;47.108;0.0
0;3;35;0.0;0.0;81.231;0.0;81.231;0.0
0;3;36;0.0;0.0;97.625;0.0;97.625;0.0
0;3;37;0.0;0.0;26.735;0.0;26.735;0.0
0;3;38;0.0;0.0;0.0;0.0;0.0;0.0
0;3;39;0.0;0.0;0.0;0.0;0.0;0.0
0;3;40;0.0;0.0;0.0;24.46;0.0;24.46
0;3;41;0.0;0.0;0.0;50.173;0.0;50.173
0;3;42;0.0;0.0;0.0;64.753;0.0;64.753
0;3;43;0.0;0.0;0.0;71.191;0.0;71.191
0;3;44;0.0;0.0;0.0;86.612;0.0;86.612
0;3;45;0.0;0.0;0.0;73.585;0.0;73.585
0;3;46;0.0;0.0;0.0;58.939;0.0;58.939
0;3;47;0.0;0.0;0.0;25.146;0.0;25.146
0;3;48;0.0;0.0;0.0;0.0;0.0;0.0
0;3;49;0.0;0.0;0.0;0.0;0.0;0.0
0;3;50;0.0;0.0;0.0;44.912;0.0;44.912
0;3;51;0.0;0.0;0.0;48.592;0.0;48.592
0;3;52;0.0;0.0;0.0;49.942;0.0;49.942
0;3;53;0.0;0.0;0.0;49.186;0.0;49.186
0;3;54;0.0;0.0;0.0;13.416;0.0;13.416
0;3;55;0.0;0.0;0.0;25.991;0.0;25.991
0;3;56;0.0;0.0;0.0;44.103;0.0;44.103
0;3;57;0.0;0.0;0.0;61.868;0.0;61.868
0;3;58;0.0;0.0;0.0;61.468;0.0;61.468
0;3;59;0.0;0.0;0.0;64.956;0.0;64.956
0;3;60;0.0;0.0;0.0;17.628;0.0;17.628
0;3;61;0.0;0.0;101.52;0.0;101.52;0.0
0;3;62;0.0;0.0;0.0;9.767;0.0;9.767
0;3;63;0.0;0.0;0.0;28.168;0.0;28.168
0;3;64;0.0;0.0;0.0;130.588;0.0;130.588
0;3;65;0.0;0.0;0.0;151.126;0.0;151.126
0;3;66;0.0;0.0;0.0;184.702;0.0;184.702
0;3;67;0.0;0.0;0.0;152.073;0.0;152.073
0;3;68;0.0;0.0;0.0;142.751;0.0;142.751
0;3;69;0.0;0.0;0.0;48.044;0.0;48.044
0;3;70;0.0;0.0;0.0;47.247;0.0;47.247
0;3;71;0.0;0.0;0.0;0.0;0.0;0.0
0;3;72;0.0;0.0;0.0;15.224;0.0;15.224
0;3;73;0.0;0.0;0.0;62.386;0.0;62.386
0;3;74;0.0;0.0;0.0;0.0;0.0;0.0
0;3;75;0.0;0.0;0.0;0.0;0.0;0.0
0;3;76;0.0;0.0;0.0;0.0;0.0;0.0
0;3;77;0.0;0.0;0.0;0.0;0.0;0.0
0;3;78;0.0;0.0;0.0;0.0;0.0;0.0
0;3;79;0.0;0.0;0.0;20.387;0.0;20.387
0;3;80;0.0;0.0;0.0;19.842;0.0;19.842
0;3;81;0.0;0.0;0.0;17.001;0.0;17.001
0;3;82;0.0;0.0;0.0;2.64;0.0;2.64
0;3;83;0.0;0.0;0.0;17.467;0.0;17.467
0;3;84;0.0;0.0;0.0;11.804;0.0;11.804
0;3;85;0.0;0.0;108.458;0.0;108.458;0.0
0;3;86;0.0;0.0;107.969;0.0;107.969;0.0
0;3;87;0.0;0.0;12.19;0.0;12.19;0.0
0;3;88;0.0;0.0;0.0;20.887;0.0;20.887
0;3;89;0.0;0.0;0.0;65.408;0.0;65.408
0;3;90;0.0;0.0;0.0;65.935;0.0;65.935
0;3;91;0.0;0.0;0.0;69.377;0.0;69.377
0;3;92;0.0;0.0;0.0;92.013;0.0;92.013
0;3;93;0.0;0.0;0.0;80.62;0.0;80.62
0;3;94;0.0;0.0;0.0;75.067;0.0;75.067
0;3;95;0.0;0.0;0.0;50.493;0.0;50.493
0;3;96;0.0;0.0;0.0;0.0;0.0;0.0
0;3;97;0.0;0.0;0.0;9.846;0.0;9.846
0;3;98;0.0;0.0;0.0;5.37;0.0;5.37
0;3;99;0.0;0.0;0.0;6.373;0.0;6.373
0;3;100;0.0;0.0;0.0;6.072;0.0;6.072
0;3;101;0.0;0.0;0.0;6.804;0.0;6.804
0;3;102;0.0;0.0;0.0;7.777;0.0;7.777
0;3;103;0.0;0.0;0.0;9.872;0.0;9.872
0;3;104;0.0;0.0;0.0;26.313;0.0;26.313
0;3;105;0.0;0.0;0.0;35.179;0.0;35.179
0;3;106;0.0;0.0;0.0;44.987;0.0;44.987
0;3;107;0.0;0.0;0.0;45.679;0.0;45.679
0;3;108;0.0;0.0;0.0;30.467;0.0;30.467
0;3;109;0.0;0.0;0.0;17.538;0.0;17.538
0;3;110;0.0;0.0;0.0;18.412;0.0;18.412
0;3;111;0.0;0.0;0.0;42.872;0.0;42.872
0;3;112;0.0;0.0;0.0;60.318;0.0;60.318
0;3;113;0.0;0.0;0.0;67.511;0.0;67.511
0;3;114;0.0;0.0;0.0;65.394;0.0;65.394
0;3;115;0.0;0.0;0.0;69.052;0.0;69.052
0;3;116;0.0;0.0;0.0;71.651;0.0;71.651
0;3;117;0.0;0.0;0.0;68.785;0.0;68.785
0;3;118;0.0;0.0;0.0;57.77;0.0;57.77
0;3;119;0.0;0.0;0.0;51.148;0.0;51.148
0;3;120;0.0;0.0;0.0;0.0;0.0;0.0
0;3;121;0.0;0.0;0.0;9.029;0.0;9.029
0;3;122;0.0;0.0;0.0;7.61;0.0;7.61
0;3;123;0.0;0.0;0.0;1.879;0.0;1.879
0;3;124;0.0;0.0;0.0;7.373;0.0;7.373
0;3;125;0.0;0.0;0.0;7.011;0.0;7.011
0;3;126;0.0;0.0;0.0;12.584;0.0;12.584
0;3;127;0.0;0.0;0.0;30.406;0.0;30.406
0;3;128;0.0;0.0;0.0;52.544;0.0;52.544
0;3;129;0.0;0.0;0.0;25.377;0.0;25.377
0;3;130;0.0;0.0;0.0;0.0;0.0;0.0
0;3;131;0.0;0.0;0.0;0.0;0.0;0.0
0;3;132;0.0;0.0;0.0;0.0;0.0;0.0
0;3;133;0.0;0.0;0.0;0.0;0.0;0.0
0;3;134;0.0;0.0;0.0;4.917;0.0;4.917
0;3;135;0.0;0.0;0.0;8.527;0.0;8.527
0;3;136;0.0;0.0;0.0;39.053;0.0;39.053
0;3;137;0.0;0.0;0.0;67.862;0.0;67.862
0;3;138;0.0;0.0;0.0;86.228;0.0;86.228
0;3;139;0.0;0.0;0.0;86.017;0.0;86.017
0;3;140;0.0;0.0;0.0;86.295;0.0;86.295
0;3;141;0.0;0.0;0.0;82.424;0.0;82.424
0;3;142;0.0;0.0;0.0;92.689;0.0;92.689
0;3;143;0.0;0.0;0.0;50.852;0.0;50.852
0;3;144;0.0;0.0;0.0;1.196;0.0;1.196
0;3;145;0.0;0.0;0.0;6.578;0.0;6.578
0;3;146;0.0;0.0;0.0;5.223;0.0;5.223
0;3;147;0.0;0.0;0.0;7.003;0.0;7.003
0;3;148;0.0;0.0;0.0;7.325;0.0;7.325
0;3;149;0.0;0.0;0.0;8.88;0.0;8.88
0;3;150;0.0;0.0;0.0;11.976;0.0;11.976
0;3;151;0.0;0.0;0.0;35.473;0.0;35.473
0;3;152;0.0;0.0;0.0;43.165;0.0;43.165
0;3;153;0.0;0.0;0.0;4.807;0.0;4.807
0;3;154;0.0;0.0;0.0;0.0;0.0;0.0
0;3;155;0.0;0.0;0.0;0.0;0.0;0.0
0;3;156;0.0;0.0;0.0;0.0;0.0;0.0
0;3;157;0.0;0.0;0.0;0.0;0.0;0.0
0;3;158;0.0;0.0;0.0;10.192;0.0;10.192
0;3;159;0.0;0.0;0.0;32.116;0.0;32.116
0;3;160;0.0;0.0;0.0;33.288;0.0;33.288
0;3;161;0.0;0.0;0.0;64.328;0.0;64.328
0;3;162;0.0;0.0;0.0;73.657;0.0;73.657
0;3;163;0.0;0.0;0.0;69.453;0.0;69.453
0;3;164;0.0;0.0;0.0;60.1;0.0;60.1
0;3;165;0.0;0.0;0.0;83.027;0.0;83.027
0;3;166;0.0;0.0;0.0;66.59;0.0;66.59
0;3;167;0.0;0.0;0.0;42.047;0.0;42.047
5;0;0;0.0;0.0;0.0;7.307;0.0;7.307
5;0;1;0.0;0.0;0.0;16.831;0.0;16.831
5;0;2;0.0;0.0;0.0;0.0;0.0;0.0
5;0;3;0.0;0.0;0.0;0.0;0.0;0.0
5;0;4;0.0;0.0;0.0;0.0;0.0;0.0
5;0;5;0.0;0.0;0.0;0.0;0.0;0.0
5;0;6;0.0;0.0;0.0;0.0;0.0;0.0
5;0;7;0.0;0.0;0.0;0.0;0.0;0.0
5;0;8;0.0;0.0;0.0;34.328;0.0;34.328
5;0;9;0.0;0.0;86.503;0.0;86.503;0.0
5;0;10;0.0;0.0;120.713;0.0;120.713;0.0
5;0;11;0.0;0.0;0.0;0.0;0.0;0.0
5;0;12;0.0;0.0;0.0;0.0;0.0;0.0
5;0;13;0.0;0.0;77.217;0.0;77.217;0.0
5;0;14;0.0;0.0;237.144;0.0;237.144;0.0
5;0;15;0.0;0.0;94.843;0.0;94.843;0.0
5;0;16;0.0;0.0;28.479;0.0;28.479;0.0
5;0;17;0.0;0.0;9.216;0.0;9.216;0.0
5;0;18;0.0;0.0;0.0;115.871;0.0;115.871
5;0;19;0.0;0.0;0.0;79.395;0.0;79.395
5;0;20;0.0;0.0;0.0;173.726;0.0;173.726
5;0;21;0.0;0.0;0.0;178.484;0.0;178.484
5;0;22;0.0;0.0;0.0;179.08;0.0;179.08
5;0;23;0.0;0.0;0.0;103.748;0.0;103.748
5;0;24;0.0;0.0;0.0;0.0;0.0;0.0
5;0;25;0.0;0.0;0.0;0.0;0.0;0.0
5;0;26;0.0;0.0;0.0;0.0;0.0;0.0
5;0;27;0.0;0.0;0.0;0.0;0.0;0.0
5;0;28;0.0;0.0;0.0;0.0;0.0;0.0
5;0;29;0.0;0.0;0.0;0.0;0.0;0.0
5;0;30;0.0;0.0;0.0;0.0;0.0;0.0
5;0;31;0.0;0.0;0.0;0.0;0.0;0.0
5;0;32;0.0;0.0;96.123;0.0;96.123;0.0
5;0;33;0.0;0.0;86.055;0.0;86.055;0.0
5;0;34;0.0;0.0;285.277;0.0;285.277;0.0
5;0;35;0.0;0.0;317.189;0.0;317.189;0.0
5;0;36;0.0;0.0;182.812;0.0;182.812;0.0
5;0;37;0.0;0.0;66.061;0.0;66.061;0.0
5;0;38;0.0;0.0;52.241;0.0;52.241;0.0
5;0;39;0.0;0.0;0.0;0.0;0.0;0.0
5;0;40;0.0;0.0;0.0;0.0;0.0;0.0
5;0;41;0.0;0.0;0.0;0.0;0.0;0.0
5;0;42;0.0;0.0;0.0;68.539;0.0;68.539
5;0;43;0.0;0.0;0.0;64.551;0.0;64.551
5;0;44;0.0;0.0;0.0;138.254;0.0;138.254
5;0;45;0.0;0.0;0.0;82.64;0.0;82.64
5;0;46;0.0;0.0;0.0;166.527;0.0;166.527
5;0;47;0.0;0.0;0.0;142.141;0.0;142.141
5;0;48;0.0;0.0;0.0;91.025;0.0;91.025
5;0;49;0.0;0.0;0.0;97.718;0.0;97.718
5;0;50;0.0;0.0;0.0;98.418;0.0;98.418
5;0;51;0.0;0.0;0.0;95.929;0.0;95.929
5;0;52;0.0;0.0;0.0;96.286;0.0;96.286
5;0;53;0.0;0.0;0.0;12.923;0.0;12.923
5;0;54;0.0;0.0;0.0;16.388;0.0;16.388
5;0;55;0.0;0.0;0.0;62.755;0.0;62.755
5;0;56;0.0;0.0;51.53;0.0;51.53;0.0
5;0;57;0.0;0.0;224.038;0.0;224.038;0.0
5;0;58;0.0;0.0;176.214;0.0;176.214;0.0
5;0;59;0.0;0.0;63.554;0.0;63.554;0.0
5;0;60;0.0;0.0;126.69;0.0;126.69;0.0
5;0;61;0.0;0.0;269.619;0.0;269.619;0.0
5;0;62;0.0;0.0;167.123;0.0;167.123;0.0
5;0;63;0.0;0.0;172.416;0.0;172.416;0.0
5;0;64;0.0;0.0;137.66;0.0;137.66;0.0
5;0;65;0.0;0.0;150.737;0.0;150.737;0.0
5;0;66;0.0;0.0;0.0;9.924;0.0;9.924
5;0;67;0.0;0.0;0.0;123.114;0.0;123.114
5;0;68;0.0;0.0;0.0;98.323;0.0;98.323
5;0;69;0.0;0.0;0.0;91.643;0.0;91.643
5;0;70;0.0;0.0;0.0;84.976;0.0;84.976
5;0;71;0.0;0.0;0.0;66.073;0.0;66.073
5;0;72;0.0;0.0;0.0;8.508;0.0;8.508
5;0;73;0.0;0.0;0.0;18.957;0.0;18.957
5;0;74;0.0;0.0;0.0;11.347;0.0;11.347
5;0;75;0.0;0.0;0.0;11.755;0.0;11.755
5;0;76;0.0;0.0;0.0;10.321;0.0;10.321
5;0;77;0.0;0.0;0.0;15.301;0.0;15.301
5;0;78;0.0;0.0;0.0;9.609;0.0;9.609
5;0;79;0.0;0.0;0.0;0.0;0.0;0.0
5;0;80;0.0;0.0;112.383;0.0;112.383;0.0
5;0;81;0.0;0.0;328.779;0.0;328.779;0.0
5;0;82;0.0;0.0;461.289;0.0;461.289;0.0
5;0;83;0.0;0.0;458.921;0.0;458.921;0.0
5;0;84;0.0;0.0;285.887;0.0;285.887;0.0
5;0;85;0.0;0.0;137.59;0.0;137.59;0.0
5;0;86;0.0;0.0;103.859;0.0;103.859;0.0
5;0;87;0.0;0.0;54.733;0.0;54.733;0.0
5;0;88;0.0;0.0;35.229;0.0;35.229;0.0
5;0;89;0.0;0.0;0.0;0.723;0.0;0.723
5;0;90;0.0;0.0;0.0;12.432;0.0;12.432
5;0;91;0.0;0.0;0.0;70.409;0.0;70.409
5;0;92;0.0;0.0;0.0;71.489;0.0;71.489
5;0;93;0.0;0.0;0.0;78.937;0.0;78.937
5;0;94;0.0;0.0;0.0;92.456;0.0;92.456
5;0;95;0.0;0.0;0.0;69.776;0.0;69.776
5;0;96;0.0;0.0;0.0;7.154;0.0;7.154
5;0;97;0.0;0.0;0.0;19.333;0.0;19.333
5;0;98;0.0;0.0;0.0;11.43;0.0;11.43
5;0;99;0.0;0.0;0.0;10.736;0.0;10.736
5;0;100;0.0;0.0;0.0;11.176;0.0;11.176
5;0;101;0.0;0.0;0.0;12.611;0.0;12.611
5;0;102;0.0;0.0;0.0;10.139;0.0;10.139
5;0;103;0.0;0.0;0.0;9.141;0.0;9.141
5;0;104;0.0;0.0;0.0;0.0;0.0;0.0
5;0;105;0.0;0.0;41.596;0.0;41.596;0.0
5;0;106;0.0;0.0;265.506;0.0;265.506;0.0
5;0;107;0.0;0.0;306.589;0.0;306.589;0.0
5;0;108;0.0;0.0;46.503;0.0;46.503;0.0
5;0;109;0.0;0.0;0.0;0.0;0.0;0.0
5;0;110;0.0;0.0;0.0;0.0;0.0;0.0
5;0;111;0.0;0.0;0.0;0.0;0.0;0.0
5;0;112;0.0;0.0;0.0;0.0;0.0;0.0
5;0;113;0.0;0.0;0.0;0.0;0.0;0.0
5;0;114;0.0;0.0;0.0;0.0;0.0;0.0
5;0;115;0.0;0.0;0.0;68.04;0.0;68.04
5;0;116;0.0;0.0;0.0;98.484;0.0;98.484
5;0;117;0.0;0.0;0.0;71.275;0.0;71.275
5;0;118;0.0;0.0;0.0;76.473;0.0;76.473
5;0;119;0.0;0.0;0.0;68.173;0.0;68.173
5;0;120;0.0;0.0;0.0;7.466;0.0;7.466
5;0;121;0.0;0.0;0.0;22.831;0.0;22.831
5;0;122;0.0;0.0;0.0;11.782;0.0;11.782
5;0;123;0.0;0.0;0.0;12.196;0.0;12.196
5;0;124;0.0;0.0;0.0;10.513;0.0;10.513
5;0;125;0.0;0.0;0.0;14.289;0.0;14.289
5;0;126;0.0;0.0;0.0;17.371;0.0;17.371
5;0;127;0.0;0.0;0.0;0.0;0.0;0.0
5;0;128;0.0;0.0;60.538;0.0;60.538;0.0
5;0;129;0.0;0.0;236.746;0.0;236.746;0.0
5;0;130;0.0;0.0;406.475;0.0;406.475;0.0
5;0;131;0.0;0.0;542.768;0.0;542.768;0.0
5;0;132;0.0;0.0;566.119;0.0;566.119;0.0
5;0;133;0.0;0.0;335.177;0.0;335.177;0.0
5;0;134;0.0;0.0;213.926;0.0;213.926;0.0
5;0;135;0.0;0.0;288.673;0.0;288.673;0.0
5;0;136;0.0;0.0;291.154;0.0;291.154;0.0
5;0;137;0.0;0.0;161.378;0.0;161.378;0.0
5;0;138;0.0;0.0;31.611;0.0;31.611;0.0
5;0;139;0.0;0.0;0.0;41.276;0.0;41.276
5;0;140;0.0;0.0;0.0;94.868;0.0;94.868
5;0;141;0.0;0.0;0.0;82.642;0.0;82.642
5;0;142;0.0;0.0;0.0;100.187;0.0;100.187
5;0;143;0.0;0.0;0.0;57.693;0.0;57.693
5;0;144;0.0;0.0;0.0;7.075;0.0;7.075
5;0;145;0.0;0.0;0.0;19.517;0.0;19.517
5;0;146;0.0;0.0;0.0;10.65;0.0;10.65
5;0;147;0.0;0.0;0.0;12.278;0.0;12.278
5;0;148;0.0;0.0;0.0;12.157;0.0;12.157
5;0;149;0.0;0.0;0.0;15.307;0.0;15.307
5;0;150;0.0;0.0;0.0;21.742;0.0;21.742
5;0;151;0.0;0.0;0.0;18.074;0.0;18.074
5;0;152;0.0;0.0;28.52;0.0;28.52;0.0
5;0;153;0.0;0.0;139.717;0.0;139.717;0.0
5;0;154;0.0;0.0;402.54;0.0;402.54;0.0
5;0;155;0.0;0.0;550.295;0.0;550.295;0.0
5;0;156;0.0;0.0;618.664;0.0;618.664;0.0
5;0;157;0.0;0.0;605.599;0.0;605.599;0.0
5;0;158;0.0;0.0;527.308;0.0;527.308;0.0
5;0;159;0.0;0.0;362.612;0.0;362.612;0.0
5;0;160;0.0;0.0;210.878;0.0;210.878;0.0
5;0;161;0.0;0.0;186.509;0.0;186.509;0.0
5;0;162;0.0;0.0;31.794;0.0;31.794;0.0
5;0;163;0.0;0.0;0.0;48.971;0.0;48.971
5;0;164;0.0;0.0;0.0;89.16;0.0;89.16
5;0;165;0.0;0.0;0.0;100.361;0.0;100.361
5;0;166;0.0;0.0;0.0;90.435;0.0;90.435
5;0;167;0.0;0.0;0.0;59.436;0.0;59.436
5;1;0;0.0;0.0;0.0;7.045;0.0;7.045
5;1;1;0.0;0.0;0.0;19.845;0.0;19.845
5;1;2;0.0;0.0;0.0;15.401;0.0;15.401
5;1;3;0.0;0.0;0.0;12.231;0.0;12.231
5;1;4;0.0;0.0;0.0;13.148;0.0;13.148
5;1;5;0.0;0.0;0.0;11.806;0.0;11.806
5;1;6;0.0;0.0;0.0;13.361;0.0;13.361
5;1;7;0.0;0.0;29.15;0.0;29.15;0.0
5;1;8;0.0;0.0;167.322;0.0;167.322;0.0
5;1;9;0.0;0.0;305.53;0.0;305.53;0.0
5;1;10;0.0;0.0;423.946;0.0;423.946;0.0
5;1;11;0.0;0.0;489.036;0.0;489.036;0.0
5;1;12;0.0;0.0;537.548;0.0;537.548;0.0
5;1;13;0.0;0.0;605.744;0.0;605.744;0.0
5;1;14;0.0;0.0;479.596;0.0;479.596;0.0
5;1;15;0.0;0.0;317.492;0.0;317.492;0.0
5;1;16;0.0;0.0;194.681;0.0;194.681;0.0
5;1;17;0.0;0.0;79.903;0.0;79.903;0.0
5;1;18;0.0;0.0;0.139;0.0;0.139;0.0
5;1;19;0.0;0.0;0.0;84.358;0.0;84.358
5;1;20;0.0;0.0;0.0;71.48;0.0;71.48
5;1;21;0.0;0.0;0.0;84.789;0.0;84.789
5;1;22;0.0;0.0;0.0;84.785;0.0;84.785
5;1;23;0.0;0.0;0.0;60.3;0.0;60.3
5;1;24;0.0;0.0;0.0;7.189;0.0;7.189
5;1;25;0.0;0.0;0.0;13.008;0.0;13.008
5;1;26;0.0;0.0;0.0;10.355;0.0;10.355
5;1;27;0.0;0.0;0.0;13.597;0.0;13.597
5;1;28;0.0;0.0;0.0;13.625;0.0;13.625
5;1;29;0.0;0.0;0.0;13.039;0.0;13.039
5;1;30;0.0;0.0;0.0;9.258;0.0;9.258
5;1;31;0.0;0.0;33.747;0.0;33.747;0.0
5;1;32;0.0;0.0;147.886;0.0;147.886;0.0
5;1;33;0.0;0.0;289.348;0.0;289.348;0.0
5;1;34;0.0;0.0;393.073;0.0;393.073;0.0
5;1;35;0.0;0.0;474.818;0.0;474.818;0.0
5;1;36;0.0;0.0;593.538;0.0;593.538;0.0
5;1;37;0.0;0.0;597.872;0.0;597.872;0.0
5;1;38;0.0;0.0;557.307;0.0;557.307;0.0
5;1;39;0.0;0.0;475.14;0.0;475.14;0.0
5;1;40;0.0;0.0;328.121;0.0;328.121;0.0
5;1;41;0.0;0.0;169.702;0.0;169.702;0.0
5;1;42;0.0;0.0;22.604;0.0;22.604;0.0
5;1;43;0.0;0.0;0.0;74.615;0.0;74.615
5;1;44;0.0;0.0;0.0;95.578;0.0;95.578
5;1;45;0.0;0.0;0.0;103.343;0.0;103.343
5;1;46;0.0;0.0;0.0;102.828;0.0;102.828
5;1;47;0.0;0.0;0.0;76.108;0.0;76.108
5;1;48;0.0;0.0;0.0;7.382;0.0;7.382
5;1;49;0.0;0.0;0.0;13.82;0.0;13.82
5;1;50;0.0;0.0;0.0;11.162;0.0;11.162
5;1;51;0.0;0.0;0.0;11.587;0.0;11.587
5;1;52;0.0;0.0;0.0;11.409;0.0;11.409
5;1;53;0.0;0.0;0.0;12.696;0.0;12.696
5;1;54;0.0;0.0;0.0;17.481;0.0;17.481
5;1;55;0.0;0.0;4.276;0.0;4.276;0.0
5;1;56;0.0;0.0;112.697;0.0;112.697;0.0
5;1;57;0.0;0.0;261.808;0.0;261.808;0.0
5;1;58;0.0;0.0;379.785;0.0;379.785;0.0
5;1;59;0.0;0.0;468.981;0.0;468.981;0.0
5;1;60;0.0;0.0;545.364;0.0;545.364;0.0
5;1;61;0.0;0.0;475.21;0.0;475.21;0.0
5;1;62;0.0;0.0;299.27;0.0;299.27;0.0
5;1;63;0.0;0.0;106.558;0.0;106.558;0.0
5;1;64;0.0;0.0;199.298;0.0;199.298;0.0
5;1;65;0.0;0.0;118.395;0.0;118.395;0.0
5;1;66;0.0;0.0;10.972;0.0;10.972;0.0
5;1;67;0.0;0.0;0.0;81.845;0.0;81.845
5;1;68;0.0;0.0;0.0;98.722;0.0;98.722
5;1;69;0.0;0.0;0.0;78.436;0.0;78.436
5;1;70;0.0;0.0;0.0;101.029;0.0;101.029
5;1;71;0.0;0.0;0.0;68.327;0.0;68.327
5;1;72;0.0;0.0;0.0;8.36;0.0;8.36
5;1;73;0.0;0.0;0.0;16.154;0.0;16.154
5;1;74;0.0;0.0;0.0;11.98;0.0;11.98
5;1;75;0.0;0.0;0.0;11.515;0.0;11.515
5;1;76;0.0;0.0;0.0;10.586;0.0;10.586
5;1;77;0.0;0.0;0.0;12.298;0.0;12.298
5;1;78;0.0;0.0;0.0;11.283;0.0;11.283
5;1;79;0.0;0.0;25.241;0.0;25.241;0.0
5;1;80;0.0;0.0;128.44;0.0;128.44;0.0
5;1;81;0.0;0.0;307.143;0.0;307.143;0.0
5;1;82;0.0;0.0;436.892;0.0;436.892;0.0
5;1;83;0.0;0.0;509.17;0.0;509.17;0.0
5;1;84;0.0;0.0;568.308;0.0;568.308;0.0
5;1;85;0.0;0.0;528.573;0.0;528.573;0.0
5;1;86;0.0;0.0;475.117;0.0;475.117;0.0
5;1;87;0.0;0.0;430.735;0.0;430.735;0.0
5;1;88;0.0;0.0;222.282;0.0;222.282;0.0
5;1;89;0.0;0.0;82.853;0.0;82.853;0.0
5;1;90;0.0;0.0;4.206;0.0;4.206;0.0
5;1;91;0.0;0.0;0.0;66.452;0.0;66.452
5;1;92;0.0;0.0;0.0;98.259;0.0;98.259
5;1;93;0.0;0.0;0.0;85.931;0.0;85.931
5;1;94;0.0;0.0;0.0;76.778;0.0;76.778
5;1;95;0.0;0.0;0.0;68.761;0.0;68.761
5;1;96;0.0;0.0;0.0;9.772;0.0;9.772
5;1;97;0.0;0.0;0.0;26.577;0.0;26.577
5;1;98;0.0;0.0;0.0;11.43;0.0;11.43
5;1;99;0.0;0.0;0.0;12.428;0.0;12.428
5;1;100;0.0;0.0;0.0;11.942;0.0;11.942
5;1;101;0.0;0.0;0.0;11.134;0.0;11.134
5;1;102;0.0;0.0;0.0;11.709;0.0;11.709
5;1;103;0.0;0.0;39.983;0.0;39.983;0.0
5;1;104;0.0;0.0;98.185;0.0;98.185;0.0
5;1;105;0.0;0.0;113.377;0.0;113.377;0.0
5;1;106;0.0;0.0;301.692;0.0;301.692;0.0
5;1;107;0.0;0.0;541.482;0.0;541.482;0.0
5;1;108;0.0;0.0;614.044;0.0;614.044;0.0
5;1;109;0.0;0.0;473.864;0.0;473.864;0.0
5;1;110;0.0;0.0;233.836;0.0;233.836;0.0
5;1;111;0.0;0.0;187.241;0.0;187.241;0.0
5;1;112;0.0;0.0;152.889;0.0;152.889;0.0
5;1;113;0.0;0.0;92.768;0.0;92.768;0.0
5;1;114;0.0;0.0;29.53;0.0;29.53;0.0
5;1;115;0.0;0.0;0.0;69.271;0.0;69.271
5;1;116;0.0;0.0;0.0;91.084;0.0;91.084
5;1;117;0.0;0.0;0.0;80.056;0.0;80.056
5;1;118;0.0;0.0;0.0;69.991;0.0;69.991
5;1;119;0.0;0.0;0.0;47.567;0.0;47.567
5;1;120;0.0;0.0;0.0;7.035;0.0;7.035
5;1;121;0.0;0.0;0.0;26.58;0.0;26.58
5;1;122;0.0;0.0;0.0;16.036;0.0;16.036
5;1;123;0.0;0.0;0.0;10.842;0.0;10.842
5;1;124;0.0;0.0;0.0;9.874;0.0;9.874
5;1;125;0.0;0.0;0.0;10.907;0.0;10.907
5;1;126;0.0;0.0;0.0;20.046;0.0;20.046
5;1;127;0.0;0.0;12.729;0.0;12.729;0.0
5;1;128;0.0;0.0;147.208;0.0;147.208;0.0
5;1;129;0.0;0.0;303.3;0.0;303.3;0.0
5;1;130;0.0;0.0;434.944;0.0;434.944;0.0
5;1;131;0.0;0.0;541.155;0.0;541.155;0.0
5;1;132;0.0;0.0;592.226;0.0;592.226;0.0
5;1;133;0.0;0.0;533.937;0.0;533.937;0.0
5;1;134;0.0;0.0;427.7;0.0;427.7;0.0
5;1;135;0.0;0.0;274.868;0.0;274.868;0.0
5;1;136;0.0;0.0;203.261;0.0;203.261;0.0
5;1;137;0.0;0.0;139.859;0.0;139.859;0.0
5;1;138;0.0;0.0;23.559;0.0;23.559;0.0
5;1;139;0.0;0.0;0.0;76.109;0.0;76.109
5;1;140;0.0;0.0;0.0;88.661;0.0;88.661
5;1;141;0.0;0.0;0.0;82.659;0.0;82.659
5;1;142;0.0;0.0;0.0;94.003;0.0;94.003
5;1;143;0.0;0.0;0.0;65.341;0.0;65.341
5;1;144;0.0;0.0;0.0;7.221;0.0;7.221
5;1;145;0.0;0.0;0.0;13.332;0.0;13.332
5;1;146;0.0;0.0;0.0;11.192;0.0;11.192
5;1;147;0.0;0.0;0.0;10.622;0.0;10.622
5;1;148;0.0;0.0;0.0;9.826;0.0;9.826
5;1;149;0.0;0.0;0.0;12.171;0.0;12.171
5;1;150;0.0;0.0;0.0;15.497;0.0;15.497
5;1;151;0.0;0.0;2.717;0.0;2.717;0.0
5;1;152;0.0;0.0;157.47;0.0;157.47;0.0
5;1;153;0.0;0.0;310.456;0.0;310.456;0.0
5;1;154;0.0;0.0;440.981;0.0;440.981;0.0
5;1;155;0.0;0.0;550.592;0.0;550.592;0.0
5;1;156;0.0;0.0;602.848;0.0;602.848;0.0
5;1;157;0.0;0.0;587.808;0.0;587.808;0.0
5;1;158;0.0;0.0;419.601;0.0;419.601;0.0
5;1;159;0.0;0.0;368.042;0.0;368.042;0.0
5;1;160;0.0;0.0;266.185;0.0;266.185;0.0
5;1;161;0.0;0.0;154.642;0.0;154.642;0.0
5;1;162;0.0;0.0;9.302;0.0;9.302;0.0
5;1;163;0.0;0.0;0.0;79.306;0.0;79.306
5;1;164;0.0;0.0;0.0;77.064;0.0;77.064
5;1;165;0.0;0.0;0.0;86.93;0.0;86.93
5;1;166;0.0;0.0;0.0;88.485;0.0;88.485
5;1;167;0.0;0.0;0.0;67.491;0.0;67.491
5;2;0;0.0;0.0;0.0;81.915;0.0;81.915
5;2;1;0.0;0.0;0.0;87.585;0.0;87.585
5;2;2;0.0;0.0;0.0;88.598;0.0;88.598
5;2;3;0.0;0.0;0.0;10.312;0.0;10.312
5;2;4;0.0;0.0;0.0;48.275;0.0;48.275
5;2;5;0.0;0.0;0.0;10.959;0.0;10.959
5;2;6;0.0;0.0;0.0;21.151;0.0;21.151
5;2;7;0.0;0.0;0.0;39.5;0.0;39.5
5;2;8;0.0;0.0;0.0;35.07;0.0;35.07
5;2;9;0.0;0.0;0.0;0.0;0.0;0.0
5;2;10;0.0;0.0;201.95;0.0;201.95;0.0
5;2;11;0.0;0.0;356.078;0.0;356.078;0.0
5;2;12;0.0;0.0;333.59;0.0;333.59;0.0
5;2;13;0.0;0.0;158.7;0.0;158.7;0.0
5;2;14;0.0;0.0;112.037;0.0;112.037;0.0
5;2;15;0.0;0.0;166.4;0.0;166.4;0.0
5;2;16;0.0;0.0;22.33;0.0;22.33;0.0
5;2;17;0.0;0.0;0.0;144.274;0.0;144.274
5;2;18;0.0;0.0;0.0;163.262;0.0;163.262
5;2;19;0.0;0.0;0.0;173.337;0.0;173.337
5;2;20;0.0;0.0;0.0;176.72;0.0;176.72
5;2;21;0.0;0.0;0.0;195.327;0.0;195.327
5;2;22;0.0;0.0;0.0;162.421;0.0;162.421
5;2;23;0.0;0.0;0.0;69.231;0.0;69.231
5;2;24;0.0;0.0;0.0;7.151;0.0;7.151
5;2;25;0.0;0.0;0.0;16.735;0.0;16.735
5;2;26;0.0;0.0;0.0;11.72;0.0;11.72
5;2;27;0.0;0.0;0.0;12.801;0.0;12.801
5;2;28;0.0;0.0;0.0;72.898;0.0;72.898
5;2;29;0.0;0.0;0.0;15.182;0.0;15.182
5;2;30;0.0;0.0;0.0;13.634;0.0;13.634
5;2;31;0.0;0.0;0.0;33.959;0.0;33.959
5;2;32;0.0;0.0;0.0;97.588;0.0;97.588
5;2;33;0.0;0.0;35.681;0.0;35.681;0.0
5;2;34;0.0;0.0;148.64;0.0;148.64;0.0
5;2;35;0.0;0.0;251.089;0.0;251.089;0.0
5;2;36;0.0;0.0;299.911;0.0;299.911;0.0
5;2;37;0.0;0.0;221.833;0.0;221.833;0.0
5;2;38;0.0;0.0;162.258;0.0;162.258;0.0
5;2;39;0.0;0.0;86.6;0.0;86.6;0.0
5;2;40;0.0;0.0;0.0;75.488;0.0;75.488
5;2;41;0.0;0.0;0.0;116.966;0.0;116.966
5;2;42;0.0;0.0;0.0;152.793;0.0;152.793
5;2;43;0.0;0.0;0.0;93.889;0.0;93.889
5;2;44;0.0;0.0;0.0;77.443;0.0;77.443
5;2;45;0.0;0.0;0.0;91.598;0.0;91.598
5;2;46;0.0;0.0;0.0;80.094;0.0;80.094
5;2;47;0.0;0.0;0.0;49.124;0.0;49.124
5;2;48;0.0;0.0;0.0;7.028;0.0;7.028
5;2;49;0.0;0.0;0.0;15.237;0.0;15.237
5;2;50;0.0;0.0;0.0;11.432;0.0;11.432
5;2;51;0.0;0.0;0.0;11.573;0.0;11.573
5;2;52;0.0;0.0;0.0;10.459;0.0;10.459
5;2;53;0.0;0.0;0.0;29.163;0.0;29.163
5;2;54;0.0;0.0;0.0;81.965;0.0;81.965
5;2;55;0.0;0.0;0.0;112.605;0.0;112.605
5;2;56;0.0;0.0;0.0;120.763;0.0;120.763
5;2;57;0.0;0.0;0.0;64.574;0.0;64.574
5;2;58;0.0;0.0;10.127;0.0;10.127;0.0
5;2;59;0.0;0.0;17.925;0.0;17.925;0.0
5;2;60;0.0;0.0;134.444;0.0;134.444;0.0
5;2;61;0.0;0.0;109.615;0.0;109.615;0.0
5;2;62;0.0;0.0;27.432;0.0;27.432;0.0
5;2;63;0.0;0.0;96.466;0.0;96.466;0.0
5;2;64;0.0;0.0;0.0;33.954;0.0;33.954
5;2;65;0.0;0.0;0.0;115.438;0.0;115.438
5;2;66;0.0;0.0;0.0;96.561;0.0;96.561
5;2;67;0.0;0.0;0.0;86.839;0.0;86.839
5;2;68;0.0;0.0;0.0;110.482;0.0;110.482
5;2;69;0.0;0.0;0.0;99.168;0.0;99.168
5;2;70;0.0;0.0;0.0;73.729;0.0;73.729
5;2;71;0.0;0.0;0.0;61.265;0.0;61.265
5;2;72;0.0;0.0;0.0;8.55;0.0;8.55
5;2;73;0.0;0.0;0.0;18.998;0.0;18.998
5;2;74;0.0;0.0;0.0;11.978;0.0;11.978
5;2;75;0.0;0.0;0.0;62.328;0.0;62.328
5;2;76;0.0;0.0;0.0;59.674;0.0;59.674
5;2;77;0.0;0.0;0.0;61.677;0.0;61.677
5;2;78;0.0;0.0;0.0;84.363;0.0;84.363
5;2;79;0.0;0.0;0.0;103.688;0.0;103.688
5;2;80;0.0;0.0;0.0;94.012;0.0;94.012
5;2;81;0.0;0.0;0.0;55.719;0.0;55.719
5;2;82;0.0;0.0;90.259;0.0;90.259;0.0
5;2;83;0.0;0.0;98.085;0.0;98.085;0.0
5;2;84;0.0;0.0;0.0;0.0;0.0;0.0
5;2;85;0.0;0.0;0.0;10.315;0.0;10.315
5;2;86;0.0;0.0;47.046;0.0;47.046;0.0
5;2;87;0.0;0.0;0.0;41.259;0.0;41.259
5;2;88;0.0;0.0;0.0;111.947;0.0;111.947
5;2;89;0.0;0.0;0.0;143.945;0.0;143.945
5;2;90;0.0;0.0;0.0;159.376;0.0;159.376
5;2;91;0.0;0.0;0.0;176.659;0.0;176.659
5;2;92;0.0;0.0;0.0;157.072;0.0;157.072
5;2;93;0.0;0.0;0.0;89.437;0.0;89.437
5;2;94;0.0;0.0;0.0;80.259;0.0;80.259
5;2;95;0.0;0.0;0.0;67.735;0.0;67.735
5;2;96;0.0;0.0;0.0;8.517;0.0;8.517
5;2;97;0.0;0.0;0.0;15.436;0.0;15.436
5;2;98;0.0;0.0;0.0;14.687;0.0;14.687
5;2;99;0.0;0.0;0.0;78.638;0.0;78.638
5;2;100;0.0;0.0;0.0;12.519;0.0;12.519
5;2;101;0.0;0.0;0.0;10.904;0.0;10.904
5;2;102;0.0;0.0;0.0;11.215;0.0;11.215
5;2;103;0.0;0.0;0.0;107.537;0.0;107.537
5;2;104;0.0;0.0;0.0;112.109;0.0;112.109
5;2;105;0.0;0.0;0.0;77.319;0.0;77.319
5;2;106;0.0;0.0;0.0;41.116;0.0;41.116
5;2;107;0.0;0.0;0.0;24.059;0.0;24.059
5;2;108;0.0;0.0;0.0;1.401;0.0;1.401
5;2;109;0.0;0.0;0.0;69.501;0.0;69.501
5;2;110;0.0;0.0;0.0;0.091;0.0;0.091
5;2;111;0.0;0.0;0.0;41.449;0.0;41.449
5;2;112;0.0;0.0;0.0;77.845;0.0;77.845
5;2;113;0.0;0.0;0.0;101.896;0.0;101.896
5;2;114;0.0;0.0;0.0;131.19;0.0;131.19
5;2;115;0.0;0.0;0.0;150.423;0.0;150.423
5;2;116;0.0;0.0;0.0;153.35;0.0;153.35
5;2;117;0.0;0.0;0.0;161.957;0.0;161.957
5;2;118;0.0;0.0;0.0;155.916;0.0;155.916
5;2;119;0.0;0.0;0.0;133.12;0.0;133.12
5;2;120;0.0;0.0;0.0;89.2;0.0;89.2
5;2;121;0.0;0.0;0.0;105.76;0.0;105.76
5;2;122;0.0;0.0;0.0;40.202;0.0;40.202
5;2;123;0.0;0.0;0.0;95.544;0.0;95.544
5;2;124;0.0;0.0;0.0;93.375;0.0;93.375
5;2;125;0.0;0.0;0.0;95.088;0.0;95.088
5;2;126;0.0;0.0;0.0;101.913;0.0;101.913
5;2;127;0.0;0.0;0.0;114.321;0.0;114.321
5;2;128;0.0;0.0;0.0;148.563;0.0;148.563
5;2;129;0.0;0.0;0.0;72.343;0.0;72.343
5;2;130;0.0;0.0;0.0;18.164;0.0;18.164
5;2;131;0.0;0.0;31.481;0.0;31.481;0.0
5;2;132;0.0;0.0;147.966;0.0;147.966;0.0
5;2;133;0.0;0.0;192.117;0.0;192.117;0.0
5;2;134;0.0;0.0;194.328;0.0;194.328;0.0
5;2;135;0.0;0.0;62.87;0.0;62.87;0.0
5;2;136;0.0;0.0;0.0;41.8;0.0;41.8
5;2;137;0.0;0.0;0.0;126.946;0.0;126.946
5;2;138;0.0;0.0;0.0;87.918;0.0;87.918
5;2;139;0.0;0.0;0.0;166.29;0.0;166.29
5;2;140;0.0;0.0;0.0;78.356;0.0;78.356
5;2;141;0.0;0.0;0.0;98.647;0.0;98.647
5;2;142;0.0;0.0;0.0;77.389;0.0;77.389
5;2;143;0.0;0.0;0.0;74.114;0.0;74.114
5;2;144;0.0;0.0;0.0;29.621;0.0;29.621
5;2;145;0.0;0.0;0.0;101.547;0.0;101.547
5;2;146;0.0;0.0;0.0;94.385;0.0;94.385
5;2;147;0.0;0.0;0.0;97.924;0.0;97.924
5;2;148;0.0;0.0;0.0;93.342;0.0;93.342
5;2;149;0.0;0.0;0.0;94.77;0.0;94.77
5;2;150;0.0;0.0;0.0;112.59;0.0;112.59
5;2;151;0.0;0.0;0.0;116.026;0.0;116.026
5;2;152;0.0;0.0;0.0;117.342;0.0;117.342
5;2;153;0.0;0.0;0.0;37.859;0.0;37.859
5;2;154;0.0;0.0;2.4;0.0;2.4;0.0
5;2;155;0.0;0.0;47.013;0.0;47.013;0.0
5;2;156;0.0;0.0;54.288;0.0;54.288;0.0
5;2;157;0.0;0.0;79.746;0.0;79.746;0.0
5;2;158;0.0;0.0;59.226;0.0;59.226;0.0
5;2;159;0.0;0.0;0.0;0.0;0.0;0.0
5;2;160;0.0;0.0;0.0;0.0;0.0;0.0
5;2;161;0.0;0.0;0.0;91.041;0.0;91.041
5;2;162;0.0;0.0;0.0;76.071;0.0;76.071
5;2;163;0.0;0.0;0.0;176.386;0.0;176.386
5;2;164;0.0;0.0;0.0;163.07;0.0;163.07
5;2;165;0.0;0.0;0.0;173.314;0.0;173.314
5;2;166;0.0;0.0;0.0;155.012;0.0;155.012
5;2;167;0.0;0.0;0.0;144.257;0.0;144.257
5;3;0;0.0;0.0;0.0;0.0;0.0;0.0
5;3;1;0.0;0.0;0.0;0.0;0.0;0.0
5;3;2;0.0;0.0;0.0;0.0;0.0;0.0
5;3;3;0.0;0.0;0.0;0.0;0.0;0.0
5;3;4;0.0;0.0;0.0;0.0;0.0;0.0
5;3;5;0.0;0.0;0.0;0.0;0.0;0.0
5;3;6;0.0;0.0;0.0;0.0;0.0;0.0
5;3;7;0.0;0.0;0.0;42.773;0.0;42.773
5;3;8;0.0;0.0;0.0;48.819;0.0;48.819
5;3;9;0.0;0.0;0.0;0.0;0.0;0.0
5;3;10;0.0;0.0;0.0;0.0;0.0;0.0
5;3;11;0.0;0.0;0.0;0.0;0.0;0.0
5;3;12;0.0;0.0;63.373;0.0;63.373;0.0
5;3;13;0.0;0.0;243.554;0.0;243.554;0.0
5;3;14;0.0;0.0;224.639;0.0;224.639;0.0
5;3;15;0.0;0.0;101.585;0.0;101.585;0.0
5;3;16;0.0;0.0;0.0;0.0;0.0;0.0
5;3;17;0.0;0.0;0.0;60.233;0.0;60.233
5;3;18;0.0;0.0;0.0;64.296;0.0;64.296
5;3;19;0.0;0.0;0.0;73.252;0.0;73.252
5;3;20;0.0;0.0;0.0;82.55;0.0;82.55
5;3;21;0.0;0.0;0.0;5.363;0.0;5.363
5;3;22;0.0;0.0;0.0;99.093;0.0;99.093
5;3;23;0.0;0.0;0.0;1.612;0.0;1.612
5;3;24;0.0;0.0;0.0;0.0;0.0;0.0
5;3;25;0.0;0.0;0.0;0.0;0.0;0.0
5;3;26;0.0;0.0;0.0;6.21;0.0;6.21
5;3;27;0.0;0.0;0.0;5.98;0.0;5.98
5;3;28;0.0;0.0;0.0;7.642;0.0;7.642
5;3;29;0.0;0.0;0.0;6.945;0.0;6.945
5;3;30;0.0;0.0;0.0;10.221;0.0;10.221
5;3;31;0.0;0.0;0.0;42.965;0.0;42.965
5;3;32;0.0;0.0;0.0;72.556;0.0;72.556
5;3;33;0.0;0.0;0.0;0.0;0.0;0.0
5;3;34;0.0;0.0;47.108;0.0;47.108;0.0
5;3;35;0.0;0.0;81.231;0.0;81.231;0.0
5;3;36;0.0;0.0;97.625;0.0;97.625;0.0
5;3;37;0.0;0.0;26.735;0.0;26.735;0.0
5;3;38;0.0;0.0;0.0;0.0;0.0;0.0
5;3;39;0.0;0.0;0.0;0.0;0.0;0.0
5;3;40;0.0;0.0;0.0;24.46;0.0;24.46
5;3;41;0.0;0.0;0.0;50.173;0.0;50.173
5;3;42;0.0;0.0;0.0;64.753;0.0;64.753
5;3;43;0.0;0.0;0.0;71.191;0.0;71.191
5;3;44;0.0;0.0;0.0;86.612;0.0;86.612
5;3;45;0.0;0.0;0.0;73.585;0.0;73.585
5;3;46;0.0;0.0;0.0;58.939;0.0;58.939
5;3;47;0.0;0.0;0.0;25.146;0.0;25.146
5;3;48;0.0;0.0;0.0;0.0;0.0;0.0
5;3;49;0.0;0.0;0.0;0.0;0.0;0.0
5;3;50;0.0;0.0;0.0;44.912;0.0;44.912
5;3;51;0.0;0.0;0.0;48.592;0.0;48.592
5;3;52;0.0;0.0;0.0;49.942;0.0;49.942
5;3;53;0.0;0.0;0.0;49.186;0.0;49.186
5;3;54;0.0;0.0;0.0;13.416;0.0;13.416
5;3;55;0.0;0.0;0.0;25.991;0.0;25.991
5;3;56;0.0;0.0;0.0;44.103;0.0;44.103
5;3;57;0.0;0.0;0.0;61.868;0.0;61.868
5;3;58;0.0;0.0;0.0;61.468;0.0;61.468
5;3;59;0.0;0.0;0.0;64.956;0.0;64.956
5;3;60;0.0;0.0;0.0;17.628;0.0;17.628
5;3;61;0.0;0.0;101.52;0.0;101.52;0.0
5;3;62;0.0;0.0;0.0;9.767;0.0;9.767
5;3;63;0.0;0.0;0.0;28.168;0.0;28.168
5;3;64;0.0;0.0;0.0;130.588;0.0;130.588
5;3;65;0.0;0.0;0.0;151.126;0.0;151.126
5;3;66;0.0;0.0;0.0;184.702;0.0;184.702
5;3;67;0.0;0.0;0.0;152.073;0.0;152.073
5;3;68;0.0;0.0;0.0;142.751;0.0;142.751
5;3;69;0.0;0.0;0.0;48.044;0.0;48.044
5;3;70;0.0;0.0;0.0;47.247;0.0;47.247
5;3;71;0.0;0.0;0.0;0.0;0.0;0.0
5;3;72;0.0;0.0;0.0;56.103;0.0;56.103
5;3;73;0.0;0.0;0.0;62.386;0.0;62.386
5;3;74;0.0;0.0;0.0;18.763;0.0;18.763
5;3;75;0.0;0.0;0.0;0.0;0.0;0.0
5;3;76;0.0;0.0;0.0;0.0;0.0;0.0
5;3;77;0.0;0.0;0.0;0.0;0.0;0.0
5;3;78;0.0;0.0;0.0;0.0;0.0;0.0
5;3;79;0.0;0.0;0.0;20.387;0.0;20.387
5;3;80;0.0;0.0;0.0;19.842;0.0;19.842
5;3;81;0.0;0.0;0.0;17.001;0.0;17.001
5;3;82;0.0;0.0;0.0;2.64;0.0;2.64
5;3;83;0.0;0.0;0.0;0.0;0.0;0.0
5;3;84;0.0;0.0;0.0;11.804;0.0;11.804
5;3;85;0.0;0.0;108.458;0.0;108.458;0.0
5;3;86;0.0;0.0;107.969;0.0;107.969;0.0
5;3;87;0.0;0.0;12.19;0.0;12.19;0.0
5;3;88;0.0;0.0;0.0;20.887;0.0;20.887
5;3;89;0.0;0.0;0.0;65.408;0.0;65.408
5;3;90;0.0;0.0;0.0;65.935;0.0;65.935
5;3;91;0.0;0.0;0.0;69.377;0.0;69.377
5;3;92;0.0;0.0;0.0;92.013;0.0;92.013
5;3;93;0.0;0.0;0.0;80.62;0.0;80.62
5;3;94;0.0;0.0;0.0;75.067;0.0;75.067
5;3;95;0.0;0.0;0.0;50.493;0.0;50.493
5;3;96;0.0;0.0;0.0;0.0;0.0;0.0
5;3;97;0.0;0.0;0.0;9.846;0.0;9.846
5;3;98;0.0;0.0;0.0;5.37;0.0;5.37
5;3;99;0.0;0.0;0.0;6.373;0.0;6.373
5;3;100;0.0;0.0;0.0;6.072;0.0;6.072
5;3;101;0.0;0.0;0.0;6.804;0.0;6.804
5;3;102;0.0;0.0;0.0;7.777;0.0;7.777
5;3;103;0.0;0.0;0.0;9.872;0.0;9.872
5;3;104;0.0;0.0;0.0;26.313;0.0;26.313
5;3;105;0.0;0.0;0.0;35.179;0.0;35.179
5;3;106;0.0;0.0;0.0;44.987;0.0;44.987
5;3;107;0.0;0.0;0.0;45.679;0.0;45.679
5;3;108;0.0;0.0;0.0;30.467;0.0;30.467
5;3;109;0.0;0.0;0.0;17.538;0.0;17.538
5;3;110;0.0;0.0;0.0;18.412;0.0;18.412
5;3;111;0.0;0.0;0.0;42.872;0.0;42.872
5;3;112;0.0;0.0;0.0;60.318;0.0;60.318
5;3;113;0.0;0.0;0.0;67.511;0.0;67.511
5;3;114;0.0;0.0;0.0;65.394;0.0;65.394
5;3;115;0.0;0.0;0.0;69.052;0.0;69.052
5;3;116;0.0;0.0;0.0;71.651;0.0;71.651
5;3;117;0.0;0.0;0.0;68.785;0.0;68.785
5;3;118;0.0;0.0;0.0;57.77;0.0;57.77
5;3;119;0.0;0.0;0.0;51.148;0.0;51.148
5;3;120;0.0;0.0;0.0;0.0;0.0;0.0
5;3;121;0.0;0.0;0.0;9.029;0.0;9.029
5;3;122;0.0;0.0;0.0;7.61;0.0;7.61
5;3;123;0.0;0.0;0.0;1.879;0.0;1.879
5;3;124;0.0;0.0;0.0;7.373;0.0;7.373
5;3;125;0.0;0.0;0.0;7.011;0.0;7.011
5;3;126;0.0;0.0;0.0;12.584;0.0;12.584
5;3;127;0.0;0.0;0.0;30.406;0.0;30.406
5;3;128;0.0;0.0;0.0;52.544;0.0;52.544
5;3;129;0.0;0.0;0.0;25.377;0.0;25.377
5;3;130;0.0;0.0;0.0;0.0;0.0;0.0
5;3;131;0.0;0.0;0.0;0.0;0.0;0.0
5;3;132;0.0;0.0;0.0;0.0;0.0;0.0
5;3;133;0.0;0.0;0.0;0.0;0.0;0.0
5;3;134;0.0;0.0;0.0;4.917;0.0;4.917
5;3;135;0.0;0.0;0.0;8.527;0.0;8.527
5;3;136;0.0;0.0;0.0;39.053;0.0;39.053
5;3;137;0.0;0.0;0.0;67.862;0.0;67.862
5;3;138;0.0;0.0;0.0;86.228;0.0;86.228
5;3;139;0.0;0.0;0.0;86.017;0.0;86.017
5;3;140;0.0;0.0;0.0;86.295;0.0;86.295
5;3;141;0.0;0.0;0.0;82.424;0.0;82.424
5;3;142;0.0;0.0;0.0;92.689;0.0;92.689
5;3;143;0.0;0.0;0.0;50.852;0.0;50.852
5;3;144;0.0;0.0;0.0;1.196;0.0;1.196
5;3;145;0.0;0.0;0.0;6.578;0.0;6.578
5;3;146;0.0;0.0;0.0;5.223;0.0;5.223
5;3;147;0.0;0.0;0.0;7.003;0.0;7.003
5;3;148;0.0;0.0;0.0;7.325;0.0;7.325
5;3;149;0.0;0.0;0.0;8.88;0.0;8.88
5;3;150;0.0;0.0;0.0;11.976;0.0;11.976
5;3;151;0.0;0.0;0.0;35.473;0.0;35.473
5;3;152;0.0;0.0;0.0;43.165;0.0;43.165
5;3;153;0.0;0.0;0.0;4.807;0.0;4.807
5;3;154;0.0;0.0;20.985;0.0;20.985;0.0
5;3;155;0.0;0.0;0.0;0.0;0.0;0.0
5;3;156;0.0;0.0;0.0;0.0;0.0;0.0
5;3;157;0.0;0.0;0.0;0.0;0.0;0.0
5;3;158;0.0;0.0;0.0;10.192;0.0;10.192
5;3;159;0.0;0.0;0.0;32.116;0.0;32.116
5;3;160;0.0;0.0;0.0;33.288;0.0;33.288
5;3;161;0.0;0.0;0.0;64.328;0.0;64.328
5;3;162;0.0;0.0;0.0;73.657;0.0;73.657
5;3;163;0.0;0.0;0.0;69.453;0.0;69.453
5;3;164;0.0;0.0;0.0;60.1;0.0;60.1
5;3;165;0.0;0.0;0.0;83.027;0.0;83.027
5;3;166;0.0;0.0;0.0;66.59;0.0;66.59
5;3;167;0.0;0.0;0.0;42.047;0.0;42.047
10;0;0;0.0;0.0;0.0;7.307;0.0;7.307
10;0;1;0.0;0.0;0.0;16.831;0.0;16.831
10;0;2;0.0;0.0;0.0;0.0;0.0;0.0
10;0;3;0.0;0.0;0.0;0.0;0.0;0.0
10;0;4;0.0;0.0;0.0;0.0;0.0;0.0
10;0;5;0.0;0.0;0.0;0.0;0.0;0.0
10;0;6;0.0;0.0;0.0;0.0;0.0;0.0
10;0;7;0.0;0.0;0.0;0.0;0.0;0.0
10;0;8;0.0;0.0;0.0;34.328;0.0;34.328
10;0;9;0.0;0.0;86.503;0.0;86.503;0.0
10;0;10;0.0;0.0;120.713;0.0;120.713;0.0
10;0;11;0.0;0.0;0.0;0.0;0.0;0.0
10;0;12;0.0;0.0;0.0;0.0;0.0;0.0
10;0;13;0.0;0.0;77.217;0.0;77.217;0.0
10;0;14;0.0;0.0;237.144;0.0;237.144;0.0
10;0;15;0.0;0.0;94.843;0.0;94.843;0.0
10;0;16;0.0;0.0;28.479;0.0;28.479;0.0
10;0;17;0.0;0.0;9.216;0.0;9.216;0.0
10;0;18;0.0;0.0;0.0;115.871;0.0;115.871
10;0;19;0.0;0.0;0.0;79.395;0.0;79.395
10;0;20;0.0;0.0;0.0;116.524;0.0;116.524
10;0;21;0.0;0.0;0.0;178.484;0.0;178.484
10;0;22;0.0;0.0;0.0;179.08;0.0;179.08
10;0;23;0.0;0.0;0.0;68.427;0.0;68.427
10;0;24;0.0;0.0;0.0;0.0;0.0;0.0
10;0;25;0.0;0.0;0.0;0.0;0.0;0.0
10;0;26;0.0;0.0;0.0;0.0;0.0;0.0
10;0;27;0.0;0.0;0.0;0.0;0.0;0.0
10;0;28;0.0;0.0;0.0;0.0;0.0;0.0
10;0;29;0.0;0.0;0.0;0.0;0.0;0.0
10;0;30;0.0;0.0;0.0;0.0;0.0;0.0
10;0;31;0.0;0.0;0.0;0.0;0.0;0.0
10;0;32;0.0;0.0;96.123;0.0;96.123;0.0
10;0;33;0.0;0.0;86.055;0.0;86.055;0.0
10;0;34;0.0;0.0;285.277;0.0;285.277;0.0
10;0;35;0.0;0.0;317.189;0.0;317.189;0.0
10;0;36;0.0;0.0;182.812;0.0;182.812;0.0
10;0;37;0.0;0.0;66.061;0.0;66.061;0.0
10;0;38;0.0;0.0;52.241;0.0;52.241;0.0
10;0;39;0.0;0.0;0.0;0.0;0.0;0.0
10;0;40;0.0;0.0;0.0;0.0;0.0;0.0
10;0;41;0.0;0.0;0.0;0.0;0.0;0.0
10;0;42;0.0;0.0;0.0;0.0;0.0;0.0
10;0;43;0.0;0.0;0.0;64.551;0.0;64.551
10;0;44;0.0;0.0;0.0;83.379;0.0;83.379
10;0;45;0.0;0.0;0.0;82.64;0.0;82.64
10;0;46;0.0;0.0;0.0;112.904;0.0;112.904
10;0;47;0.0;0.0;0.0;142.141;0.0;142.141
10;0;48;0.0;0.0;0.0;91.025;0.0;91.025
10;0;49;0.0;0.0;0.0;97.718;0.0;97.718
10;0;50;0.0;0.0;0.0;98.418;0.0;98.418
10;0;51;0.0;0.0;0.0;95.929;0.0;95.929
10;0;52;0.0;0.0;0.0;96.286;0.0;96.286
10;0;53;0.0;0.0;0.0;99.835;0.0;99.835
10;0;54;0.0;0.0;0.0;104.207;0.0;104.207
10;0;55;0.0;0.0;0.0;62.755;0.0;62.755
10;0;56;0.0;0.0;51.53;0.0;51.53;0.0
10;0;57;0.0;0.0;224.038;0.0;224.038;0.0
10;0;58;0.0;0.0;176.214;0.0;176.214;0.0
10;0;59;0.0;0.0;63.554;0.0;63.554;0.0
10;0;60;0.0;0.0;126.69;0.0;126.69;0.0
10;0;61;0.0;0.0;269.619;0.0;269.619;0.0
10;0;62;0.0;0.0;167.123;0.0;167.123;0.0
10;0;63;0.0;0.0;172.416;0.0;172.416;0.0
10;0;64;0.0;0.0;137.66;0.0;137.66;0.0
10;0;65;0.0;0.0;150.737;0.0;150.737;0.0
10;0;66;0.0;0.0;0.0;9.924;0.0;9.924
10;0;67;0.0;0.0;0.0;123.114;0.0;123.114
10;0;68;0.0;0.0;0.0;98.323;0.0;98.323
10;0;69;0.0;0.0;0.0;91.643;0.0;91.643
10;0;70;0.0;0.0;0.0;84.976;0.0;84.976
10;0;71;0.0;0.0;0.0;66.073;0.0;66.073
10;0;72;0.0;0.0;0.0;8.508;0.0;8.508
10;0;73;0.0;0.0;0.0;18.957;0.0;18.957
10;0;74;0.0;0.0;0.0;11.347;0.0;11.347
10;0;75;0.0;0.0;0.0;11.755;0.0;11.755
10;0;76;0.0;0.0;0.0;10.321;0.0;10.321
10;0;77;0.0;0.0;0.0;15.301;0.0;15.301
10;0;78;0.0;0.0;0.0;9.609;0.0;9.609
10;0;79;0.0;0.0;0.0;0.0;0.0;0.0
10;0;80;0.0;0.0;112.383;0.0;112.383;0.0
10;0;81;0.0;0.0;328.779;0.0;328.779;0.0
10;0;82;0.0;0.0;461.289;0.0;461.289;0.0
10;0;83;0.0;0.0;458.921;0.0;458.921;0.0
10;0;84;0.0;0.0;285.887;0.0;285.887;0.0
10;0;85;0.0;0.0;137.59;0.0;137.59;0.0
10;0;86;0.0;0.0;103.859;0.0;103.859;0.0
10;0;87;0.0;0.0;54.733;0.0;54.733;0.0
10;0;88;0.0;0.0;35.229;0.0;35.229;0.0
10;0;89;0.0;0.0;0.0;0.723;0.0;0.723
10;0;90;0.0;0.0;0.0;12.432;0.0;12.432
10;0;91;0.0;0.0;0.0;70.409;0.0;70.409
10;0;92;0.0;0.0;0.0;71.489;0.0;71.489
10;0;93;0.0;0.0;0.0;78.937;0.0;78.937
10;0;94;0.0;0.0;0.0;92.456;0.0;92.456
10;0;95;0.0;0.0;0.0;69.776;0.0;69.776
10;0;96;0.0;0.0;0.0;7.154;0.0;7.154
10;0;97;0.0;0.0;0.0;19.333;0.0;19.333
10;0;98;0.0;0.0;0.0;11.43;0.0;11.43
10;0;99;0.0;0.0;0.0;10.736;0.0;10.736
10;0;100;0.0;0.0;0.0;11.176;0.0;11.176
10;0;101;0.0;0.0;0.0;12.611;0.0;12.611
10;0;102;0.0;0.0;0.0;10.139;0.0;10.139
10;0;103;0.0;0.0;0.0;9.141;0.0;9.141
10;0;104;0.0;0.0;0.0;0.0;0.0;0.0
10;0;105;0.0;0.0;41.596;0.0;41.596;0.0
10;0;106;0.0;0.0;265.506;0.0;265.506;0.0
10;0;107;0.0;0.0;306.589;0.0;306.589;0.0
10;0;108;0.0;0.0;46.503;0.0;46.503;0.0
10;0;109;0.0;0.0;0.0;0.0;0.0;0.0
10;0;110;0.0;0.0;0.0;0.0;0.0;0.0
10;0;111;0.0;0.0;0.0;0.0;0.0;0.0
10;0;112;0.0;0.0;0.0;0.0;0.0;0.0
10;0;113;0.0;0.0;0.0;0.0;0.0;0.0
10;0;114;0.0;0.0;0.0;0.0;0.0;0.0
10;0;115;0.0;0.0;0.0;68.04;0.0;68.04
10;0;116;0.0;0.0;0.0;98.484;0.0;98.484
10;0;117;0.0;0.0;0.0;71.275;0.0;71.275
10;0;118;0.0;0.0;0.0;76.473;0.0;76.473
10;0;119;0.0;0.0;0.0;68.173;0.0;68.173
10;0;120;0.0;0.0;0.0;7.466;0.0;7.466
10;0;121;0.0;0.0;0.0;22.831;0.0;22.831
10;0;122;0.0;0.0;0.0;11.782;0.0;11.782
10;0;123;0.0;0.0;0.0;12.196;0.0;12.196
10;0;124;0.0;0.0;0.0;10.513;0.0;10.513
10;0;125;0.0;0.0;0.0;14.289;0.0;14.289
10;0;126;0.0;0.0;0.0;17.371;0.0;17.371
10;0;127;0.0;0.0;0.0;0.0;0.0;0.0
10;0;128;0.0;0.0;60.538;0.0;60.538;0.0
10;0;129;0.0;0.0;236.746;0.0;236.746;0.0
10;0;130;0.0;0.0;406.475;0.0;406.475;0.0
10;0;131;0.0;0.0;542.768;0.0;542.768;0.0
10;0;132;0.0;0.0;566.119;0.0;566.119;0.0
10;0;133;0.0;0.0;335.177;0.0;335.177;0.0
10;0;134;0.0;0.0;213.926;0.0;213.926;0.0
10;0;135;0.0;0.0;288.673;0.0;288.673;0.0
10;0;136;0.0;0.0;291.154;0.0;291.154;0.0
10;0;137;0.0;0.0;161.378;0.0;161.378;0.0
10;0;138;0.0;0.0;31.611;0.0;31.611;0.0
10;0;139;0.0;0.0;0.0;41.276;0.0;41.276
10;0;140;0.0;0.0;0.0;94.868;0.0;94.868
10;0;141;0.0;0.0;0.0;82.642;0.0;82.642
10;0;142;0.0;0.0;0.0;100.187;0.0;100.187
10;0;143;0.0;0.0;0.0;57.693;0.0;57.693
10;0;144;0.0;0.0;0.0;7.075;0.0;7.075
10;0;145;0.0;0.0;0.0;19.517;0.0;19.517
10;0;146;0.0;0.0;0.0;10.65;0.0;10.65
10;0;147;0.0;0.0;0.0;12.278;0.0;12.278
10;0;148;0.0;0.0;0.0;12.157;0.0;12.157
10;0;149;0.0;0.0;0.0;15.307;0.0;15.307
10;0;150;0.0;0.0;0.0;21.742;0.0;21.742
10;0;151;0.0;0.0;0.0;18.074;0.0;18.074
10;0;152;0.0;0.0;28.52;0.0;28.52;0.0
10;0;153;0.0;0.0;139.717;0.0;139.717;0.0
10;0;154;0.0;0.0;402.54;0.0;402.54;0.0
10;0;155;0.0;0.0;550.295;0.0;550.295;0.0
10;0;156;0.0;0.0;618.664;0.0;618.664;0.0
10;0;157;0.0;0.0;605.599;0.0;605.599;0.0
10;0;158;0.0;0.0;527.308;0.0;527.308;0.0
10;0;159;0.0;0.0;362.612;0.0;362.612;0.0
10;0;160;0.0;0.0;210.878;0.0;210.878;0.0
10;0;161;0.0;0.0;186.509;0.0;186.509;0.0
10;0;162;0.0;0.0;31.794;0.0;31.794;0.0
10;0;163;0.0;0.0;0.0;48.971;0.0;48.971
10;0;164;0.0;0.0;0.0;89.16;0.0;89.16
10;0;165;0.0;0.0;0.0;100.361;0.0;100.361
10;0;166;0.0;0.0;0.0;90.435;0.0;90.435
10;0;167;0.0;0.0;0.0;59.436;0.0;59.436
10;1;0;0.0;0.0;0.0;7.045;0.0;7.045
10;1;1;0.0;0.0;0.0;19.845;0.0;19.845
10;1;2;0.0;0.0;0.0;15.401;0.0;15.401
10;1;3;0.0;0.0;0.0;12.231;0.0;12.231
10;1;4;0.0;0.0;0.0;13.148;0.0;13.148
10;1;5;0.0;0.0;0.0;11.806;0.0;11.806
10;1;6;0.0;0.0;0.0;13.361;0.0;13.361
10;1;7;0.0;0.0;29.15;0.0;29.15;0.0
10;1;8;0.0;0.0;167.322;0.0;167.322;0.0
10;1;9;0.0;0.0;305.53;0.0;305.53;0.0
10;1;10;0.0;0.0;423.946;0.0;423.946;0.0
10;1;11;0.0;0.0;489.036;0.0;489.036;0.0
10;1;12;0.0;0.0;537.548;0.0;537.548;0.0
10;1;13;0.0;0.0;605.744;0.0;605.744;0.0
10;1;14;0.0;0.0;479.596;0.0;479.596;0.0
10;1;15;0.0;0.0;317.492;0.0;317.492;0.0
10;1;16;0.0;0.0;194.681;0.0;194.681;0.0
10;1;17;0.0;0.0;79.903;0.0;79.903;0.0
10;1;18;0.0;0.0;0.139;0.0;0.139;0.0
10;1;19;0.0;0.0;0.0;84.358;0.0;84.358
10;1;20;0.0;0.0;0.0;71.48;0.0;71.48
10;1;21;0.0;0.0;0.0;84.789;0.0;84.789
10;1;22;0.0;0.0;0.0;84.785;0.0;84.785
10;1;23;0.0;0.0;0.0;60.3;0.0;60.3
10;1;24;0.0;0.0;0.0;7.189;0.0;7.189
10;1;25;0.0;0.0;0.0;13.008;0.0;13.008
10;1;26;0.0;0.0;0.0;10.355;0.0;10.355
10;1;27;0.0;0.0;0.0;13.597;0.0;13.597
10;1;28;0.0;0.0;0.0;13.625;0.0;13.625
10;1;29;0.0;0.0;0.0;13.039;0.0;13.039
10;1;30;0.0;0.0;0.0;9.258;0.0;9.258
10;1;31;0.0;0.0;33.747;0.0;33.747;0.0
10;1;32;0.0;0.0;147.886;0.0;147.886;0.0
10;1;33;0.0;0.0;289.348;0.0;289.348;0.0
10;1;34;0.0;0.0;393.073;0.0;393.073;0.0
10;1;35;0.0;0.0;474.818;0.0;474.818;0.0
10;1;36;0.0;0.0;593.538;0.0;593.538;0.0
10;1;37;0.0;0.0;597.872;0.0;597.872;0.0
10;1;38;0.0;0.0;557.307;0.0;557.307;0.0
10;1;39;0.0;0.0;475.14;0.0;475.14;0.0
10;1;40;0.0;0.0;328.121;0.0;328.121;0.0
10;1;41;0.0;0.0;169.702;0.0;169.702;0.0
10;1;42;0.0;0.0;22.604;0.0;22.604;0.0
10;1;43;0.0;0.0;0.0;74.615;0.0;74.615
10;1;44;0.0;0.0;0.0;95.578;0.0;95.578
10;1;45;0.0;0.0;0.0;103.343;0.0;103.343
10;1;46;0.0;0.0;0.0;102.828;0.0;102.828
10;1;47;0.0;0.0;0.0;76.108;0.0;76.108
10;1;48;0.0;0.0;0.0;7.382;0.0;7.382
10;1;49;0.0;0.0;0.0;13.82;0.0;13.82
10;1;50;0.0;0.0;0.0;11.162;0.0;11.162
10;1;51;0.0;0.0;0.0;11.587;0.0;11.587
10;1;52;0.0;0.0;0.0;11.409;0.0;11.409
10;1;53;0.0;0.0;0.0;12.696;0.0;12.696
10;1;54;0.0;0.0;0.0;17.481;0.0;17.481
10;1;55;0.0;0.0;4.276;0.0;4.276;0.0
10;1;56;0.0;0.0;112.697;0.0;112.697;0.0
10;1;57;0.0;0.0;261.808;0.0;261.808;0.0
10;1;58;0.0;0.0;379.785;0.0;379.785;0.0
10;1;59;0.0;0.0;468.981;0.0;468.981;0.0
10;1;60;0.0;0.0;545.364;0.0;545.364;0.0
10;1;61;0.0;0.0;475.21;0.0;475.21;0.0
10;1;62;0.0;0.0;299.27;0.0;299.27;0.0
10;1;63;0.0;0.0;106.558;0.0;106.558;0.0
10;1;64;0.0;0.0;199.298;0.0;199.298;0.0
10;1;65;0.0;0.0;118.395;0.0;118.395;0.0
10;1;66;0.0;0.0;10.972;0.0;10.972;0.0
10;1;67;0.0;0.0;0.0;81.845;0.0;81.845
10;1;68;0.0;0.0;0.0;98.722;0.0;98.722
10;1;69;0.0;0.0;0.0;78.436;0.0;78.436
10;1;70;0.0;0.0;0.0;101.029;0.0;101.029
10;1;71;0.0;0.0;0.0;68.327;0.0;68.327
10;1;72;0.0;0.0;0.0;8.36;0.0;8.36
10;1;73;0.0;0.0;0.0;16.154;0.0;16.154
10;1;74;0.0;0.0;0.0;11.98;0.0;11.98
10;1;75;0.0;0.0;0.0;11.515;0.0;11.515
10;1;76;0.0;0.0;0.0;10.586;0.0;10.586
10;1;77;0.0;0.0;0.0;12.298;0.0;12.298
10;1;78;0.0;0.0;0.0;11.283;0.0;11.283
10;1;79;0.0;0.0;25.241;0.0;25.241;0.0
10;1;80;0.0;0.0;128.44;0.0;128.44;0.0
10;1;81;0.0;0.0;307.143;0.0;307.143;0.0
10;1;82;0.0;0.0;436.892;0.0;436.892;0.0
10;1;83;0.0;0.0;509.17;0.0;509.17;0.0
10;1;84;0.0;0.0;568.308;0.0;568.308;0.0
10;1;85;0.0;0.0;528.573;0.0;528.573;0.0
10;1;86;0.0;0.0;475.117;0.0;475.117;0.0
10;1;87;0.0;0.0;430.735;0.0;430.735;0.0
10;1;88;0.0;0.0;222.282;0.0;222.282;0.0
10;1;89;0.0;0.0;82.853;0.0;82.853;0.0
10;1;90;0.0;0.0;4.206;0.0;4.206;0.0
10;1;91;0.0;0.0;0.0;66.452;0.0;66.452
10;1;92;0.0;0.0;0.0;98.259;0.0;98.259
10;1;93;0.0;0.0;0.0;85.931;0.0;85.931
10;1;94;0.0;0.0;0.0;76.778;0.0;76.778
10;1;95;0.0;0.0;0.0;68.761;0.0;68.761
10;1;96;0.0;0.0;0.0;9.772;0.0;9.772
10;1;97;0.0;0.0;0.0;26.577;0.0;26.577
10;1;98;0.0;0.0;0.0;11.43;0.0;11.43
10;1;99;0.0;0.0;0.0;12.428;0.0;12.428
10;1;100;0.0;0.0;0.0;11.942;0.0;11.942
10;1;101;0.0;0.0;0.0;11.134;0.0;11.134
10;1;102;0.0;0.0;0.0;11.709;0.0;11.709
10;1;103;0.0;0.0;39.983;0.0;39.983;0.0
10;1;104;0.0;0.0;98.185;0.0;98.185;0.0
10;1;105;0.0;0.0;113.377;0.0;113.377;0.0
10;1;106;0.0;0.0;301.692;0.0;301.692;0.0
10;1;107;0.0;0.0;541.482;0.0;541.482;0.0
10;1;108;0.0;0.0;614.044;0.0;614.044;0.0
10;1;109;0.0;0.0;473.864;0.0;473.864;0.0
10;1;110;0.0;0.0;233.836;0.0;233.836;0.0
10;1;111;0.0;0.0;187.241;0.0;187.241;0.0
10;1;112;0.0;0.0;152.889;0.0;152.889;0.0
10;1;113;0.0;0.0;92.768;0.0;92.768;0.0
10;1;114;0.0;0.0;29.53;0.0;29.53;0.0
10;1;115;0.0;0.0;0.0;69.271;0.0;69.271
10;1;116;0.0;0.0;0.0;91.084;0.0;91.084
10;1;117;0.0;0.0;0.0;80.056;0.0;80.056
10;1;118;0.0;0.0;0.0;69.991;0.0;69.991
10;1;119;0.0;0.0;0.0;47.567;0.0;47.567
10;1;120;0.0;0.0;0.0;7.035;0.0;7.035
10;1;121;0.0;0.0;0.0;26.58;0.0;26.58
10;1;122;0.0;0.0;0.0;16.036;0.0;16.036
10;1;123;0.0;0.0;0.0;10.842;0.0;10.842
10;1;124;0.0;0.0;0.0;9.874;0.0;9.874
10;1;125;0.0;0.0;0.0;10.907;0.0;10.907
10;1;126;0.0;0.0;0.0;20.046;0.0;20.046
10;1;127;0.0;0.0;12.729;0.0;12.729;0.0
10;1;128;0.0;0.0;147.208;0.0;147.208;0.0
10;1;129;0.0;0.0;303.3;0.0;303.3;0.0
10;1;130;0.0;0.0;434.944;0.0;434.944;0.0
10;1;131;0.0;0.0;541.155;0.0;541.155;0.0
10;1;132;0.0;0.0;592.226;0.0;592.226;0.0
10;1;133;0.0;0.0;533.937;0.0;533.937;0.0
10;1;134;0.0;0.0;427.7;0.0;427.7;0.0
10;1;135;0.0;0.0;274.868;0.0;274.868;0.0
10;1;136;0.0;0.0;203.261;0.0;203.261;0.0
10;1;137;0.0;0.0;139.859;0.0;139.859;0.0
10;1;138;0.0;0.0;23.559;0.0;23.559;0.0
10;1;139;0.0;0.0;0.0;76.109;0.0;76.109
10;1;140;0.0;0.0;0.0;88.661;0.0;88.661
10;1;141;0.0;0.0;0.0;82.659;0.0;82.659
10;1;142;0.0;0.0;0.0;94.003;0.0;94.003
10;1;143;0.0;0.0;0.0;65.341;0.0;65.341
10;1;144;0.0;0.0;0.0;7.221;0.0;7.221
10;1;145;0.0;0.0;0.0;13.332;0.0;13.332
10;1;146;0.0;0.0;0.0;11.192;0.0;11.192
10;1;147;0.0;0.0;0.0;10.622;0.0;10.622
10;1;148;0.0;0.0;0.0;9.826;0.0;9.826
10;1;149;0.0;0.0;0.0;12.171;0.0;12.171
10;1;150;0.0;0.0;0.0;15.497;0.0;15.497
10;1;151;0.0;0.0;2.717;0.0;2.717;0.0
10;1;152;0.0;0.0;157.47;0.0;157.47;0.0
10;1;153;0.0;0.0;310.456;0.0;310.456;0.0
10;1;154;0.0;0.0;440.981;0.0;440.981;0.0
10;1;155;0.0;0.0;550.592;0.0;550.592;0.0
10;1;156;0.0;0.0;602.848;0.0;602.848;0.0
10;1;157;0.0;0.0;587.808;0.0;587.808;0.0
10;1;158;0.0;0.0;419.601;0.0;419.601;0.0
10;1;159;0.0;0.0;368.042;0.0;368.042;0.0
10;1;160;0.0;0.0;266.185;0.0;266.185;0.0
10;1;161;0.0;0.0;154.642;0.0;154.642;0.0
10;1;162;0.0;0.0;9.302;0.0;9.302;0.0
10;1;163;0.0;0.0;0.0;79.306;0.0;79.306
10;1;164;0.0;0.0;0.0;77.064;0.0;77.064
10;1;165;0.0;0.0;0.0;86.93;0.0;86.93
10;1;166;0.0;0.0;0.0;88.485;0.0;88.485
10;1;167;0.0;0.0;0.0;67.491;0.0;67.491
10;2;0;0.0;0.0;0.0;7.202;0.0;7.202
10;2;1;0.0;0.0;0.0;38.508;0.0;38.508
10;2;2;0.0;0.0;0.0;88.598;0.0;88.598
10;2;3;0.0;0.0;0.0;10.312;0.0;10.312
10;2;4;0.0;0.0;0.0;88.122;0.0;88.122
10;2;5;0.0;0.0;0.0;89.054;0.0;89.054
10;2;6;0.0;0.0;0.0;21.151;0.0;21.151
10;2;7;0.0;0.0;0.0;39.5;0.0;39.5
10;2;8;0.0;0.0;0.0;35.07;0.0;35.07
10;2;9;0.0;0.0;0.0;5.197;0.0;5.197
10;2;10;0.0;0.0;201.95;0.0;201.95;0.0
10;2;11;0.0;0.0;356.078;0.0;356.078;0.0
10;2;12;0.0;0.0;333.59;0.0;333.59;0.0
10;2;13;0.0;0.0;158.7;0.0;158.7;0.0
10;2;14;0.0;0.0;112.037;0.0;112.037;0.0
10;2;15;0.0;0.0;166.4;0.0;166.4;0.0
10;2;16;0.0;0.0;22.33;0.0;22.33;0.0
10;2;17;0.0;0.0;0.0;144.274;0.0;144.274
10;2;18;0.0;0.0;0.0;163.262;0.0;163.262
10;2;19;0.0;0.0;0.0;173.337;0.0;173.337
10;2;20;0.0;0.0;0.0;176.72;0.0;176.72
10;2;21;0.0;0.0;0.0;113.62;0.0;113.62
10;2;22;0.0;0.0;0.0;113.615;0.0;113.615
10;2;23;0.0;0.0;0.0;69.231;0.0;69.231
10;2;24;0.0;0.0;0.0;7.151;0.0;7.151
10;2;25;0.0;0.0;0.0;16.735;0.0;16.735
10;2;26;0.0;0.0;0.0;11.72;0.0;11.72
10;2;27;0.0;0.0;0.0;12.801;0.0;12.801
10;2;28;0.0;0.0;0.0;11.251;0.0;11.251
10;2;29;0.0;0.0;0.0;15.182;0.0;15.182
10;2;30;0.0;0.0;0.0;102.134;0.0;102.134
10;2;31;0.0;0.0;0.0;123.14;0.0;123.14
10;2;32;0.0;0.0;0.0;71.393;0.0;71.393
10;2;33;0.0;0.0;35.681;0.0;35.681;0.0
10;2;34;0.0;0.0;148.64;0.0;148.64;0.0
10;2;35;0.0;0.0;251.089;0.0;251.089;0.0
10;2;36;0.0;0.0;299.911;0.0;299.911;0.0
10;2;37;0.0;0.0;221.833;0.0;221.833;0.0
10;2;38;0.0;0.0;162.258;0.0;162.258;0.0
10;2;39;0.0;0.0;86.6;0.0;86.6;0.0
10;2;40;0.0;0.0;0.0;75.488;0.0;75.488
10;2;41;0.0;0.0;0.0;116.966;0.0;116.966
10;2;42;0.0;0.0;0.0;104.389;0.0;104.389
10;2;43;0.0;0.0;0.0;93.889;0.0;93.889
10;2;44;0.0;0.0;0.0;77.443;0.0;77.443
10;2;45;0.0;0.0;0.0;91.598;0.0;91.598
10;2;46;0.0;0.0;0.0;80.094;0.0;80.094
10;2;47;0.0;0.0;0.0;49.124;0.0;49.124
10;2;48;0.0;0.0;0.0;7.028;0.0;7.028
10;2;49;0.0;0.0;0.0;15.237;0.0;15.237
10;2;50;0.0;0.0;0.0;11.432;0.0;11.432
10;2;51;0.0;0.0;0.0;11.573;0.0;11.573
10;2;52;0.0;0.0;0.0;10.459;0.0;10.459
10;2;53;0.0;0.0;0.0;77.045;0.0;77.045
10;2;54;0.0;0.0;0.0;81.965;0.0;81.965
10;2;55;0.0;0.0;0.0;112.605;0.0;112.605
10;2;56;0.0;0.0;0.0;120.763;0.0;120.763
10;2;57;0.0;0.0;0.0;64.574;0.0;64.574
10;2;58;0.0;0.0;10.127;0.0;10.127;0.0
10;2;59;0.0;0.0;17.925;0.0;17.925;0.0
10;2;60;0.0;0.0;134.444;0.0;134.444;0.0
10;2;61;0.0;0.0;109.615;0.0;109.615;0.0
10;2;62;0.0;0.0;27.432;0.0;27.432;0.0
10;2;63;0.0;0.0;96.466;0.0;96.466;0.0
10;2;64;0.0;0.0;0.0;33.954;0.0;33.954
10;2;65;0.0;0.0;0.0;69.328;0.0;69.328
10;2;66;0.0;0.0;0.0;96.561;0.0;96.561
10;2;67;0.0;0.0;0.0;86.839;0.0;86.839
10;2;68;0.0;0.0;0.0;110.482;0.0;110.482
10;2;69;0.0;0.0;0.0;99.168;0.0;99.168
10;2;70;0.0;0.0;0.0;73.729;0.0;73.729
10;2;71;0.0;0.0;0.0;61.265;0.0;61.265
10;2;72;0.0;0.0;0.0;8.55;0.0;8.55
10;2;73;0.0;0.0;0.0;18.998;0.0;18.998
10;2;74;0.0;0.0;0.0;57.666;0.0;57.666
10;2;75;0.0;0.0;0.0;62.328;0.0;62.328
10;2;76;0.0;0.0;0.0;59.674;0.0;59.674
10;2;77;0.0;0.0;0.0;61.677;0.0;61.677
10;2;78;0.0;0.0;0.0;84.363;0.0;84.363
10;2;79;0.0;0.0;0.0;103.688;0.0;103.688
10;2;80;0.0;0.0;0.0;94.012;0.0;94.012
10;2;81;0.0;0.0;0.0;55.719;0.0;55.719
10;2;82;0.0;0.0;90.259;0.0;90.259;0.0
10;2;83;0.0;0.0;98.085;0.0;98.085;0.0
10;2;84;0.0;0.0;0.0;0.0;0.0;0.0
10;2;85;0.0;0.0;0.0;10.315;0.0;10.315
10;2;86;0.0;0.0;47.046;0.0;47.046;0.0
10;2;87;0.0;0.0;0.0;41.259;0.0;41.259
10;2;88;0.0;0.0;0.0;96.669;0.0;96.669
10;2;89;0.0;0.0;0.0;71.259;0.0;71.259
10;2;90;0.0;0.0;0.0;85.789;0.0;85.789
10;2;91;0.0;0.0;0.0;102.622;0.0;102.622
10;2;92;0.0;0.0;0.0;157.072;0.0;157.072
10;2;93;0.0;0.0;0.0;89.437;0.0;89.437
10;2;94;0.0;0.0;0.0;80.259;0.0;80.259
10;2;95;0.0;0.0;0.0;67.735;0.0;67.735
10;2;96;0.0;0.0;0.0;8.517;0.0;8.517
10;2;97;0.0;0.0;0.0;15.436;0.0;15.436
10;2;98;0.0;0.0;0.0;14.687;0.0;14.687
10;2;99;0.0;0.0;0.0;94.877;0.0;94.877
10;2;100;0.0;0.0;0.0;92.871;0.0;92.871
10;2;101;0.0;0.0;0.0;65.543;0.0;65.543
10;2;102;0.0;0.0;0.0;92.697;0.0;92.697
10;2;103;0.0;0.0;0.0;107.537;0.0;107.537
10;2;104;0.0;0.0;0.0;112.109;0.0;112.109
10;2;105;0.0;0.0;0.0;77.319;0.0;77.319
10;2;106;0.0;0.0;0.0;41.116;0.0;41.116
10;2;107;0.0;0.0;0.0;24.059;0.0;24.059
10;2;108;0.0;0.0;0.0;1.401;0.0;1.401
10;2;109;0.0;0.0;0.0;69.501;0.0;69.501
10;2;110;0.0;0.0;0.0;0.091;0.0;0.091
10;2;111;0.0;0.0;0.0;41.449;0.0;41.449
10;2;112;0.0;0.0;0.0;77.845;0.0;77.845
10;2;113;0.0;0.0;0.0;101.896;0.0;101.896
10;2;114;0.0;0.0;0.0;131.19;0.0;131.19
10;2;115;0.0;0.0;0.0;150.423;0.0;150.423
10;2;116;0.0;0.0;0.0;153.35;0.0;153.35
10;2;117;0.0;0.0;0.0;161.957;0.0;161.957
10;2;118;0.0;0.0;0.0;130.011;0.0;130.011
10;2;119;0.0;0.0;0.0;133.12;0.0;133.12
10;2;120;0.0;0.0;0.0;60.399;0.0;60.399
10;2;121;0.0;0.0;0.0;105.76;0.0;105.76
10;2;122;0.0;0.0;0.0;94.771;0.0;94.771
10;2;123;0.0;0.0;0.0;95.544;0.0;95.544
10;2;124;0.0;0.0;0.0;93.375;0.0;93.375
10;2;125;0.0;0.0;0.0;95.088;0.0;95.088
10;2;126;0.0;0.0;0.0;101.913;0.0;101.913
10;2;127;0.0;0.0;0.0;114.321;0.0;114.321
10;2;128;0.0;0.0;0.0;148.563;0.0;148.563
10;2;129;0.0;0.0;0.0;72.343;0.0;72.343
10;2;130;0.0;0.0;0.0;18.164;0.0;18.164
10;2;131;0.0;0.0;31.481;0.0;31.481;0.0
10;2;132;0.0;0.0;147.966;0.0;147.966;0.0
10;2;133;0.0;0.0;192.117;0.0;192.117;0.0
10;2;134;0.0;0.0;194.328;0.0;194.328;0.0
10;2;135;0.0;0.0;62.87;0.0;62.87;0.0
10;2;136;0.0;0.0;0.0;0.0;0.0;0.0
10;2;137;0.0;0.0;0.0;49.077;0.0;49.077
10;2;138;0.0;0.0;0.0;87.918;0.0;87.918
10;2;139;0.0;0.0;0.0;166.29;0.0;166.29
10;2;140;0.0;0.0;0.0;146.983;0.0;146.983
10;2;141;0.0;0.0;0.0;98.647;0.0;98.647
10;2;142;0.0;0.0;0.0;77.389;0.0;77.389
10;2;143;0.0;0.0;0.0;74.114;0.0;74.114
10;2;144;0.0;0.0;0.0;79.739;0.0;79.739
10;2;145;0.0;0.0;0.0;101.547;0.0;101.547
10;2;146;0.0;0.0;0.0;94.385;0.0;94.385
10;2;147;0.0;0.0;0.0;97.924;0.0;97.924
10;2;148;0.0;0.0;0.0;93.342;0.0;93.342
10;2;149;0.0;0.0;0.0;94.77;0.0;94.77
10;2;150;0.0;0.0;0.0;112.59;0.0;112.59
10;2;151;0.0;0.0;0.0;116.026;0.0;116.026
10;2;152;0.0;0.0;0.0;117.342;0.0;117.342
10;2;153;0.0;0.0;0.0;37.859;0.0;37.859
10;2;154;0.0;0.0;2.4;0.0;2.4;0.0
10;2;155;0.0;0.0;47.013;0.0;47.013;0.0
10;2;156;0.0;0.0;54.288;0.0;54.288;0.0
10;2;157;0.0;0.0;79.746;0.0;79.746;0.0
10;2;158;0.0;0.0;59.226;0.0;59.226;0.0
10;2;159;0.0;0.0;0.0;0.0;0.0;0.0
10;2;160;0.0;0.0;0.0;0.0;0.0;0.0
10;2;161;0.0;0.0;0.0;53.411;0.0;53.411
10;2;162;0.0;0.0;0.0;113.661;0.0;113.661
10;2;163;0.0;0.0;0.0;176.386;0.0;176.386
10;2;164;0.0;0.0;0.0;163.07;0.0;163.07
10;2;165;0.0;0.0;0.0;173.314;0.0;173.314
10;2;166;0.0;0.0;0.0;155.012;0.0;155.012
10;2;167;0.0;0.0;0.0;144.257;0.0;144.257
10;3;0;0.0;0.0;0.0;0.0;0.0;0.0
10;3;1;0.0;0.0;0.0;0.0;0.0;0.0
10;3;2;0.0;0.0;0.0;0.0;0.0;0.0
10;3;3;0.0;0.0;0.0;0.0;0.0;0.0
10;3;4;0.0;0.0;0.0;4.995;0.0;4.995
10;3;5;0.0;0.0;0.0;0.0;0.0;0.0
10;3;6;0.0;0.0;0.0;11.967;0.0;11.967
10;3;7;0.0;0.0;0.0;42.773;0.0;42.773
10;3;8;0.0;0.0;0.0;48.819;0.0;48.819
10;3;9;0.0;0.0;0.0;0.0;0.0;0.0
10;3;10;0.0;0.0;0.0;0.0;0.0;0.0
10;3;11;0.0;0.0;0.0;0.0;0.0;0.0
10;3;12;0.0;0.0;63.373;0.0;63.373;0.0
10;3;13;0.0;0.0;243.554;0.0;243.554;0.0
10;3;14;0.0;0.0;224.639;0.0;224.639;0.0
10;3;15;0.0;0.0;101.585;0.0;101.585;0.0
10;3;16;0.0;0.0;0.0;0.0;0.0;0.0
10;3;17;0.0;0.0;0.0;60.233;0.0;60.233
10;3;18;0.0;0.0;0.0;64.296;0.0;64.296
10;3;19;0.0;0.0;0.0;0.0;0.0;0.0
10;3;20;0.0;0.0;0.0;2.552;0.0;2.552
10;3;21;0.0;0.0;0.0;101.59;0.0;101.59
10;3;22;0.0;0.0;0.0;99.093;0.0;99.093
10;3;23;0.0;0.0;0.0;58.264;0.0;58.264
10;3;24;0.0;0.0;0.0;0.047;0.0;0.047
10;3;25;0.0;0.0;0.0;0.0;0.0;0.0
10;3;26;0.0;0.0;0.0;6.21;0.0;6.21
10;3;27;0.0;0.0;0.0;5.98;0.0;5.98
10;3;28;0.0;0.0;0.0;7.642;0.0;7.642
10;3;29;0.0;0.0;0.0;6.945;0.0;6.945
10;3;30;0.0;0.0;0.0;10.221;0.0;10.221
10;3;31;0.0;0.0;0.0;42.965;0.0;42.965
10;3;32;0.0;0.0;0.0;72.556;0.0;72.556
10;3;33;0.0;0.0;0.0;0.0;0.0;0.0
10;3;34;0.0;0.0;47.108;0.0;47.108;0.0
10;3;35;0.0;0.0;81.231;0.0;81.231;0.0
10;3;36;0.0;0.0;97.625;0.0;97.625;0.0
10;3;37;0.0;0.0;26.735;0.0;26.735;0.0
10;3;38;0.0;0.0;0.0;0.0;0.0;0.0
10;3;39;0.0;0.0;0.0;0.0;0.0;0.0
10;3;40;0.0;0.0;0.0;24.46;0.0;24.46
10;3;41;0.0;0.0;0.0;50.173;0.0;50.173
10;3;42;0.0;0.0;0.0;64.753;0.0;64.753
10;3;43;0.0;0.0;0.0;71.191;0.0;71.191
10;3;44;0.0;0.0;0.0;86.612;0.0;86.612
10;3;45;0.0;0.0;0.0;73.585;0.0;73.585
10;3;46;0.0;0.0;0.0;58.939;0.0;58.939
10;3;47;0.0;0.0;0.0;25.146;0.0;25.146
10;3;48;0.0;0.0;0.0;0.0;0.0;0.0
10;3;49;0.0;0.0;0.0;36.545;0.0;36.545
10;3;50;0.0;0.0;0.0;44.912;0.0;44.912
10;3;51;0.0;0.0;0.0;48.592;0.0;48.592
10;3;52;0.0;0.0;0.0;49.942;0.0;49.942
10;3;53;0.0;0.0;0.0;49.186;0.0;49.186
10;3;54;0.0;0.0;0.0;13.416;0.0;13.416
10;3;55;0.0;0.0;0.0;25.991;0.0;25.991
10;3;56;0.0;0.0;0.0;44.103;0.0;44.103
10;3;57;0.0;0.0;0.0;61.868;0.0;61.868
10;3;58;0.0;0.0;0.0;61.468;0.0;61.468
10;3;59;0.0;0.0;0.0;64.956;0.0;64.956
10;3;60;0.0;0.0;0.0;17.628;0.0;17.628
10;3;61;0.0;0.0;101.52;0.0;101.52;0.0
10;3;62;0.0;0.0;0.0;9.767;0.0;9.767
10;3;63;0.0;0.0;0.0;28.168;0.0;28.168
10;3;64;0.0;0.0;0.0;130.588;0.0;130.588
10;3;65;0.0;0.0;0.0;151.126;0.0;151.126
10;3;66;0.0;0.0;0.0;184.702;0.0;184.702
10;3;67;0.0;0.0;0.0;152.073;0.0;152.073
10;3;68;0.0;0.0;0.0;142.751;0.0;142.751
10;3;69;0.0;0.0;0.0;48.044;0.0;48.044
10;3;70;0.0;0.0;0.0;47.247;0.0;47.247
10;3;71;0.0;0.0;0.0;0.0;0.0;0.0
10;3;72;0.0;0.0;0.0;56.103;0.0;56.103
10;3;73;0.0;0.0;0.0;62.386;0.0;62.386
10;3;74;0.0;0.0;0.0;54.035;0.0;54.035
10;3;75;0.0;0.0;0.0;0.0;0.0;0.0
10;3;76;0.0;0.0;0.0;0.0;0.0;0.0
10;3;77;0.0;0.0;0.0;0.0;0.0;0.0
10;3;78;0.0;0.0;0.0;0.0;0.0;0.0
10;3;79;0.0;0.0;0.0;20.387;0.0;20.387
10;3;80;0.0;0.0;0.0;19.842;0.0;19.842
10;3;81;0.0;0.0;0.0;17.001;0.0;17.001
10;3;82;0.0;0.0;0.0;2.64;0.0;2.64
10;3;83;0.0;0.0;0.0;0.0;0.0;0.0
10;3;84;0.0;0.0;0.0;11.804;0.0;11.804
10;3;85;0.0;0.0;108.458;0.0;108.458;0.0
10;3;86;0.0;0.0;107.969;0.0;107.969;0.0
10;3;87;0.0;0.0;12.19;0.0;12.19;0.0
10;3;88;0.0;0.0;0.0;20.887;0.0;20.887
10;3;89;0.0;0.0;0.0;65.408;0.0;65.408
10;3;90;0.0;0.0;0.0;65.935;0.0;65.935
10;3;91;0.0;0.0;0.0;69.377;0.0;69.377
10;3;92;0.0;0.0;0.0;92.013;0.0;92.013
10;3;93;0.0;0.0;0.0;80.62;0.0;80.62
10;3;94;0.0;0.0;0.0;75.067;0.0;75.067
10;3;95;0.0;0.0;0.0;50.493;0.0;50.493
10;3;96;0.0;0.0;0.0;0.0;0.0;0.0
10;3;97;0.0;0.0;0.0;9.846;0.0;9.846
10;3;98;0.0;0.0;0.0;5.37;0.0;5.37
10;3;99;0.0;0.0;0.0;6.373;0.0;6.373
10;3;100;0.0;0.0;0.0;6.072;0.0;6.072
10;3;101;0.0;0.0;0.0;6.804;0.0;6.804
10;3;102;0.0;0.0;0.0;7.777;0.0;7.777
10;3;103;0.0;0.0;0.0;9.872;0.0;9.872
10;3;104;0.0;0.0;0.0;26.313;0.0;26.313
10;3;105;0.0;0.0;0.0;35.179;0.0;35.179
10;3;106;0.0;0.0;0.0;44.987;0.0;44.987
10;3;107;0.0;0.0;0.0;45.679;0.0;45.679
10;3;108;0.0;0.0;0.0;30.467;0.0;30.467
10;3;109;0.0;0.0;0.0;17.538;0.0;17.538
10;3;110;0.0;0.0;0.0;18.412;0.0;18.412
10;3;111;0.0;0.0;0.0;42.872;0.0;42.872
10;3;112;0.0;0.0;0.0;60.318;0.0;60.318
10;3;113;0.0;0.0;0.0;67.511;0.0;67.511
10;3;114;0.0;0.0;0.0;65.394;0.0;65.394
10;3;115;0.0;0.0;0.0;69.052;0.0;69.052
10;3;116;0.0;0.0;0.0;71.651;0.0;71.651
10;3;117;0.0;0.0;0.0;68.785;0.0;68.785
10;3;118;0.0;0.0;0.0;57.77;0.0;57.77
10;3;119;0.0;0.0;0.0;51.148;0.0;51.148
10;3;120;0.0;0.0;0.0;0.0;0.0;0.0
10;3;121;0.0;0.0;0.0;9.029;0.0;9.029
10;3;122;0.0;0.0;0.0;7.61;0.0;7.61
10;3;123;0.0;0.0;0.0;1.879;0.0;1.879
10;3;124;0.0;0.0;0.0;7.373;0.0;7.373
10;3;125;0.0;0.0;0.0;7.011;0.0;7.011
10;3;126;0.0;0.0;0.0;12.584;0.0;12.584
10;3;127;0.0;0.0;0.0;30.406;0.0;30.406
10;3;128;0.0;0.0;0.0;52.544;0.0;52.544
10;3;129;0.0;0.0;0.0;25.377;0.0;25.377
10;3;130;0.0;0.0;0.0;0.0;0.0;0.0
10;3;131;0.0;0.0;0.0;0.0;0.0;0.0
10;3;132;0.0;0.0;0.0;0.0;0.0;0.0
10;3;133;0.0;0.0;0.0;0.0;0.0;0.0
10;3;134;0.0;0.0;0.0;4.917;0.0;4.917
10;3;135;0.0;0.0;0.0;8.527;0.0;8.527
10;3;136;0.0;0.0;0.0;39.053;0.0;39.053
10;3;137;0.0;0.0;0.0;67.862;0.0;67.862
10;3;138;0.0;0.0;0.0;86.228;0.0;86.228
10;3;139;0.0;0.0;0.0;86.017;0.0;86.017
10;3;140;0.0;0.0;0.0;86.295;0.0;86.295
10;3;141;0.0;0.0;0.0;82.424;0.0;82.424
10;3;142;0.0;0.0;0.0;92.689;0.0;92.689
10;3;143;0.0;0.0;0.0;50.852;0.0;50.852
10;3;144;0.0;0.0;0.0;1.196;0.0;1.196
10;3;145;0.0;0.0;0.0;6.578;0.0;6.578
10;3;146;0.0;0.0;0.0;5.223;0.0;5.223
10;3;147;0.0;0.0;0.0;7.003;0.0;7.003
10;3;148;0.0;0.0;0.0;7.325;0.0;7.325
10;3;149;0.0;0.0;0.0;8.88;0.0;8.88
10;3;150;0.0;0.0;0.0;11.976;0.0;11.976
10;3;151;0.0;0.0;0.0;35.473;0.0;35.473
10;3;152;0.0;0.0;0.0;43.165;0.0;43.165
10;3;153;0.0;0.0;0.0;4.807;0.0;4.807
10;3;154;0.0;0.0;20.985;0.0;20.985;0.0
10;3;155;0.0;0.0;0.0;0.0;0.0;0.0
10;3;156;0.0;0.0;0.0;0.0;0.0;0.0
10;3;157;0.0;0.0;0.0;0.0;0.0;0.0
10;3;158;0.0;0.0;0.0;10.192;0.0;10.192
10;3;159;0.0;0.0;0.0;32.116;0.0;32.116
10;3;160;0.0;0.0;0.0;33.288;0.0;33.288
10;3;161;0.0;0.0;0.0;64.328;0.0;64.328
10;3;162;0.0;0.0;0.0;73.657;0.0;73.657
10;3;163;0.0;0.0;0.0;69.453;0.0;69.453
10;3;164;0.0;0.0;0.0;60.1;0.0;60.1
10;3;165;0.0;0.0;0.0;83.027;0.0;83.027
10;3;166;0.0;0.0;0.0;66.59;0.0;66.59
10;3;167;0.0;0.0;0.0;42.047;0.0;42.047
15;0;0;0.0;0.0;0.0;7.307;0.0;7.307
15;0;1;0.0;0.0;0.0;106.919;0.0;106.919
15;0;2;0.0;0.0;0.0;102.294;0.0;102.294
15;0;3;0.0;0.0;0.0;69.862;0.0;69.862
15;0;4;0.0;0.0;0.0;103.533;0.0;103.533
15;0;5;0.0;0.0;0.0;106.172;0.0;106.172
15;0;6;0.0;0.0;0.0;108.119;0.0;108.119
15;0;7;0.0;0.0;0.0;100.788;0.0;100.788
15;0;8;0.0;0.0;0.0;49.466;0.0;49.466
15;0;9;0.0;0.0;86.503;0.0;86.503;0.0
15;0;10;0.0;0.0;120.713;0.0;120.713;0.0
15;0;11;0.0;0.0;0.0;0.0;0.0;0.0
15;0;12;0.0;0.0;0.0;0.0;0.0;0.0
15;0;13;0.0;0.0;77.217;0.0;77.217;0.0
15;0;14;0.0;0.0;237.144;0.0;237.144;0.0
15;0;15;0.0;0.0;94.843;0.0;94.843;0.0
15;0;16;0.0;0.0;28.479;0.0;28.479;0.0
15;0;17;0.0;0.0;9.216;0.0;9.216;0.0
15;0;18;0.0;0.0;0.0;115.871;0.0;115.871
15;0;19;0.0;0.0;0.0;79.395;0.0;79.395
15;0;20;0.0;0.0;0.0;173.726;0.0;173.726
15;0;21;0.0;0.0;0.0;178.484;0.0;178.484
15;0;22;0.0;0.0;0.0;179.08;0.0;179.08
15;0;23;0.0;0.0;0.0;157.834;0.0;157.834
15;0;24;0.0;0.0;0.0;75.222;0.0;75.222
15;0;25;0.0;0.0;0.0;109.996;0.0;109.996
15;0;26;0.0;0.0;0.0;103.617;0.0;103.617
15;0;27;0.0;0.0;0.0;104.536;0.0;104.536
15;0;28;0.0;0.0;0.0;108.016;0.0;108.016
15;0;29;0.0;0.0;0.0;104.863;0.0;104.863
15;0;30;0.0;0.0;0.0;107.053;0.0;107.053
15;0;31;0.0;0.0;0.0;56.543;0.0;56.543
15;0;32;0.0;0.0;96.123;0.0;96.123;0.0
15;0;33;0.0;0.0;86.055;0.0;86.055;0.0
15;0;34;0.0;0.0;285.277;0.0;285.277;0.0
15;0;35;0.0;0.0;317.189;0.0;317.189;0.0
15;0;36;0.0;0.0;182.812;0.0;182.812;0.0
15;0;37;0.0;0.0;66.061;0.0;66.061;0.0
15;0;38;0.0;0.0;52.241;0.0;52.241;0.0
15;0;39;0.0;0.0;0.0;0.0;0.0;0.0
15;0;40;0.0;0.0;0.0;0.0;0.0;0.0
15;0;41;0.0;0.0;0.0;0.0;0.0;0.0
15;0;42;0.0;0.0;0.0;0.0;0.0;0.0
15;0;43;0.0;0.0;0.0;64.551;0.0;64.551
15;0;44;0.0;0.0;0.0;83.379;0.0;83.379
15;0;45;0.0;0.0;0.0;82.64;0.0;82.64
15;0;46;0.0;0.0;0.0;112.904;0.0;112.904
15;0;47;0.0;0.0;0.0;142.141;0.0;142.141
15;0;48;0.0;0.0;0.0;91.025;0.0;91.025
15;0;49;0.0;0.0;0.0;97.718;0.0;97.718
15;0;50;0.0;0.0;0.0;98.418;0.0;98.418
15;0;51;0.0;0.0;0.0;95.929;0.0;95.929
15;0;52;0.0;0.0;0.0;96.286;0.0;96.286
15;0;53;0.0;0.0;0.0;99.835;0.0;99.835
15;0;54;0.0;0.0;0.0;104.207;0.0;104.207
15;0;55;0.0;0.0;0.0;62.755;0.0;62.755
15;0;56;0.0;0.0;51.53;0.0;51.53;0.0
15;0;57;0.0;0.0;224.038;0.0;224.038;0.0
15;0;58;0.0;0.0;176.214;0.0;176.214;0.0
15;0;59;0.0;0.0;63.554;0.0;63.554;0.0
15;0;60;0.0;0.0;126.69;0.0;126.69;0.0
15;0;61;0.0;0.0;269.619;0.0;269.619;0.0
15;0;62;0.0;0.0;167.123;0.0;167.123;0.0
15;0;63;0.0;0.0;172.416;0.0;172.416;0.0
15;0;64;0.0;0.0;137.66;0.0;137.66;0.0
15;0;65;0.0;0.0;150.737;0.0;150.737;0.0
15;0;66;0.0;0.0;0.0;9.924;0.0;9.924
15;0;67;0.0;0.0;0.0;123.114;0.0;123.114
15;0;68;0.0;0.0;0.0;98.323;0.0;98.323
15;0;69;0.0;0.0;0.0;91.643;0.0;91.643
15;0;70;0.0;0.0;0.0;84.976;0.0;84.976
15;0;71;0.0;0.0;0.0;66.073;0.0;66.073
15;0;72;0.0;0.0;0.0;8.508;0.0;8.508
15;0;73;0.0;0.0;0.0;18.957;0.0;18.957
15;0;74;0.0;0.0;0.0;11.347;0.0;11.347
15;0;75;0.0;0.0;0.0;11.755;0.0;11.755
15;0;76;0.0;0.0;0.0;10.321;0.0;10.321
15;0;77;0.0;0.0;0.0;15.301;0.0;15.301
15;0;78;0.0;0.0;0.0;9.609;0.0;9.609
15;0;79;0.0;0.0;0.0;0.0;0.0;0.0
15;0;80;0.0;0.0;112.383;0.0;112.383;0.0
15;0;81;0.0;0.0;328.779;0.0;328.779;0.0
15;0;82;0.0;0.0;461.289;0.0;461.289;0.0
15;0;83;0.0;0.0;458.921;0.0;458.921;0.0
15;0;84;0.0;0.0;285.887;0.0;285.887;0.0
15;0;85;0.0;0.0;137.59;0.0;137.59;0.0
15;0;86;0.0;0.0;103.859;0.0;103.859;0.0
15;0;87;0.0;0.0;54.733;0.0;54.733;0.0
15;0;88;0.0;0.0;35.229;0.0;35.229;0.0
15;0;89;0.0;0.0;0.0;0.723;0.0;0.723
15;0;90;0.0;0.0;0.0;12.432;0.0;12.432
15;0;91;0.0;0.0;0.0;70.409;0.0;70.409
15;0;92;0.0;0.0;0.0;71.489;0.0;71.489
15;0;93;0.0;0.0;0.0;78.937;0.0;78.937
15;0;94;0.0;0.0;0.0;92.456;0.0;92.456
15;0;95;0.0;0.0;0.0;69.776;0.0;69.776
15;0;96;0.0;0.0;0.0;7.154;0.0;7.154
15;0;97;0.0;0.0;0.0;19.333;0.0;19.333
15;0;98;0.0;0.0;0.0;11.43;0.0;11.43
15;0;99;0.0;0.0;0.0;10.736;0.0;10.736
15;0;100;0.0;0.0;0.0;11.176;0.0;11.176
15;0;101;0.0;0.0;0.0;12.611;0.0;12.611
15;0;102;0.0;0.0;0.0;10.139;0.0;10.139
15;0;103;0.0;0.0;0.0;9.141;0.0;9.141
15;0;104;0.0;0.0;0.0;0.0;0.0;0.0
15;0;105;0.0;0.0;41.596;0.0;41.596;0.0
15;0;106;0.0;0.0;265.506;0.0;265.506;0.0
15;0;107;0.0;0.0;306.589;0.0;306.589;0.0
15;0;108;0.0;0.0;46.503;0.0;46.503;0.0
15;0;109;0.0;0.0;0.0;0.0;0.0;0.0
15;0;110;0.0;0.0;0.0;0.0;0.0;0.0
15;0;111;0.0;0.0;0.0;0.0;0.0;0.0
15;0;112;0.0;0.0;0.0;0.0;0.0;0.0
15;0;113;0.0;0.0;0.0;0.0;0.0;0.0
15;0;114;0.0;0.0;0.0;0.0;0.0;0.0
15;0;115;0.0;0.0;0.0;68.04;0.0;68.04
15;0;116;0.0;0.0;0.0;98.484;0.0;98.484
15;0;117;0.0;0.0;0.0;71.275;0.0;71.275
15;0;118;0.0;0.0;0.0;76.473;0.0;76.473
15;0;119;0.0;0.0;0.0;68.173;0.0;68.173
15;0;120;0.0;0.0;0.0;7.466;0.0;7.466
15;0;121;0.0;0.0;0.0;22.831;0.0;22.831
15;0;122;0.0;0.0;0.0;11.782;0.0;11.782
15;0;123;0.0;0.0;0.0;12.196;0.0;12.196
15;0;124;0.0;0.0;0.0;10.513;0.0;10.513
15;0;125;0.0;0.0;0.0;14.289;0.0;14.289
15;0;126;0.0;0.0;0.0;17.371;0.0;17.371
15;0;127;0.0;0.0;0.0;0.0;0.0;0.0
15;0;128;0.0;0.0;60.538;0.0;60.538;0.0
15;0;129;0.0;0.0;236.746;0.0;236.746;0.0
15;0;130;0.0;0.0;406.475;0.0;406.475;0.0
15;0;131;0.0;0.0;542.768;0.0;542.768;0.0
15;0;132;0.0;0.0;566.119;0.0;566.119;0.0
15;0;133;0.0;0.0;335.177;0.0;335.177;0.0
15;0;134;0.0;0.0;213.926;0.0;213.926;0.0
15;0;135;0.0;0.0;288.673;0.0;288.673;0.0
15;0;136;0.0;0.0;291.154;0.0;291.154;0.0
15;0;137;0.0;0.0;161.378;0.0;161.378;0.0
15;0;138;0.0;0.0;31.611;0.0;31.611;0.0
15;0;139;0.0;0.0;0.0;41.276;0.0;41.276
15;0;140;0.0;0.0;0.0;94.868;0.0;94.868
15;0;141;0.0;0.0;0.0;82.642;0.0;82.642
15;0;142;0.0;0.0;0.0;100.187;0.0;100.187
15;0;143;0.0;0.0;0.0;57.693;0.0;57.693
15;0;144;0.0;0.0;0.0;7.075;0.0;7.075
15;0;145;0.0;0.0;0.0;19.517;0.0;19.517
15;0;146;0.0;0.0;0.0;10.65;0.0;10.65
15;0;147;0.0;0.0;0.0;12.278;0.0;12.278
15;0;148;0.0;0.0;0.0;12.157;0.0;12.157
15;0;149;0.0;0.0;0.0;15.307;0.0;15.307
15;0;150;0.0;0.0;0.0;21.742;0.0;21.742
15;0;151;0.0;0.0;0.0;18.074;0.0;18.074
15;0;152;0.0;0.0;28.52;0.0;28.52;0.0
15;0;153;0.0;0.0;139.717;0.0;139.717;0.0
15;0;154;0.0;0.0;402.54;0.0;402.54;0.0
15;0;155;0.0;0.0;550.295;0.0;550.295;0.0
15;0;156;0.0;0.0;618.664;0.0;618.664;0.0
15;0;157;0.0;0.0;605.599;0.0;605.599;0.0
15;0;158;0.0;0.0;527.308;0.0;527.308;0.0
15;0;159;0.0;0.0;362.612;0.0;362.612;0.0
15;0;160;0.0;0.0;210.878;0.0;210.878;0.0
15;0;161;0.0;0.0;186.509;0.0;186.509;0.0
15;0;162;0.0;0.0;31.794;0.0;31.794;0.0
15;0;163;0.0;0.0;0.0;48.971;0.0;48.971
15;0;164;0.0;0.0;0.0;89.16;0.0;89.16
15;0;165;0.0;0.0;0.0;100.361;0.0;100.361
15;0;166;0.0;0.0;0.0;90.435;0.0;90.435
15;0;167;0.0;0.0;0.0;59.436;0.0;59.436
15;1;0;0.0;0.0;0.0;7.045;0.0;7.045
15;1;1;0.0;0.0;0.0;19.845;0.0;19.845
15;1;2;0.0;0.0;0.0;15.401;0.0;15.401
15;1;3;0.0;0.0;0.0;12.231;0.0;12.231
15;1;4;0.0;0.0;0.0;13.148;0.0;13.148
15;1;5;0.0;0.0;0.0;11.806;0.0;11.806
15;1;6;0.0;0.0;0.0;13.361;0.0;13.361
15;1;7;0.0;0.0;29.15;0.0;29.15;0.0
15;1;8;0.0;0.0;167.322;0.0;167.322;0.0
15;1;9;0.0;0.0;305.53;0.0;305.53;0.0
15;1;10;0.0;0.0;423.946;0.0;423.946;0.0
15;1;11;0.0;0.0;489.036;0.0;489.036;0.0
15;1;12;0.0;0.0;537.548;0.0;537.548;0.0
15;1;13;0.0;0.0;605.744;0.0;605.744;0.0
15;1;14;0.0;0.0;479.596;0.0;479.596;0.0
15;1;15;0.0;0.0;317.492;0.0;317.492;0.0
15;1;16;0.0;0.0;194.681;0.0;194.681;0.0
15;1;17;0.0;0.0;79.903;0.0;79.903;0.0
15;1;18;0.0;0.0;0.139;0.0;0.139;0.0
15;1;19;0.0;0.0;0.0;84.358;0.0;84.358
15;1;20;0.0;0.0;0.0;71.48;0.0;71.48
15;1;21;0.0;0.0;0.0;84.789;0.0;84.789
15;1;22;0.0;0.0;0.0;84.785;0.0;84.785
15;1;23;0.0;0.0;0.0;60.3;0.0;60.3
15;1;24;0.0;0.0;0.0;7.189;0.0;7.189
15;1;25;0.0;0.0;0.0;13.008;0.0;13.008
15;1;26;0.0;0.0;0.0;10.355;0.0;10.355
15;1;27;0.0;0.0;0.0;13.597;0.0;13.597
15;1;28;0.0;0.0;0.0;13.625;0.0;13.625
15;1;29;0.0;0.0;0.0;13.039;0.0;13.039
15;1;30;0.0;0.0;0.0;9.258;0.0;9.258
15;1;31;0.0;0.0;33.747;0.0;33.747;0.0
15;1;32;0.0;0.0;147.886;0.0;147.886;0.0
15;1;33;0.0;0.0;289.348;0.0;289.348;0.0
15;1;34;0.0;0.0;393.073;0.0;393.073;0.0
15;1;35;0.0;0.0;474.818;0.0;474.818;0.0
15;1;36;0.0;0.0;593.538;0.0;593.538;0.0
15;1;37;0.0;0.0;597.872;0.0;597.872;0.0
15;1;38;0.0;0.0;557.307;0.0;557.307;0.0
15;1;39;0.0;0.0;475.14;0.0;475.14;0.0
15;1;40;0.0;0.0;328.121;0.0;328.121;0.0
15;1;41;0.0;0.0;169.702;0.0;169.702;0.0
15;1;42;0.0;0.0;22.604;0.0;22.604;0.0
15;1;43;0.0;0.0;0.0;74.615;0.0;74.615
15;1;44;0.0;0.0;0.0;95.578;0.0;95.578
15;1;45;0.0;0.0;0.0;103.343;0.0;103.343
15;1;46;0.0;0.0;0.0;102.828;0.0;102.828
15;1;47;0.0;0.0;0.0;76.108;0.0;76.108
15;1;48;0.0;0.0;0.0;7.382;0.0;7.382
15;1;49;0.0;0.0;0.0;13.82;0.0;13.82
15;1;50;0.0;0.0;0.0;11.162;0.0;11.162
15;1;51;0.0;0.0;0.0;11.587;0.0;11.587
15;1;52;0.0;0.0;0.0;11.409;0.0;11.409
15;1;53;0.0;0.0;0.0;12.696;0.0;12.696
15;1;54;0.0;0.0;0.0;17.481;0.0;17.481
15;1;55;0.0;0.0;4.276;0.0;4.276;0.0
15;1;56;0.0;0.0;112.697;0.0;112.697;0.0
15;1;57;0.0;0.0;261.808;0.0;261.808;0.0
15;1;58;0.0;0.0;379.785;0.0;379.785;0.0
15;1;59;0.0;0.0;468.981;0.0;468.981;0.0
15;1;60;0.0;0.0;545.364;0.0;545.364;0.0
15;1;61;0.0;0.0;475.21;0.0;475.21;0.0
15;1;62;0.0;0.0;299.27;0.0;299.27;0.0
15;1;63;0.0;0.0;106.558;0.0;106.558;0.0
15;1;64;0.0;0.0;199.298;0.0;199.298;0.0
15;1;65;0.0;0.0;118.395;0.0;118.395;0.0
15;1;66;0.0;0.0;10.972;0.0;10.972;0.0
15;1;67;0.0;0.0;0.0;81.845;0.0;81.845
15;1;68;0.0;0.0;0.0;98.722;0.0;98.722
15;1;69;0.0;0.0;0.0;78.436;0.0;78.436
15;1;70;0.0;0.0;0.0;101.029;0.0;101.029
15;1;71;0.0;0.0;0.0;68.327;0.0;68.327
15;1;72;0.0;0.0;0.0;8.36;0.0;8.36
15;1;73;0.0;0.0;0.0;16.154;0.0;16.154
15;1;74;0.0;0.0;0.0;11.98;0.0;11.98
15;1;75;0.0;0.0;0.0;11.515;0.0;11.515
15;1;76;0.0;0.0;0.0;10.586;0.0;10.586
15;1;77;0.0;0.0;0.0;12.298;0.0;12.298
15;1;78;0.0;0.0;0.0;11.283;0.0;11.283
15;1;79;0.0;0.0;25.241;0.0;25.241;0.0
15;1;80;0.0;0.0;128.44;0.0;128.44;0.0
15;1;81;0.0;0.0;307.143;0.0;307.143;0.0
15;1;82;0.0;0.0;436.892;0.0;436.892;0.0
15;1;83;0.0;0.0;509.17;0.0;509.17;0.0
15;1;84;0.0;0.0;568.308;0.0;568.308;0.0
15;1;85;0.0;0.0;528.573;0.0;528.573;0.0
15;1;86;0.0;0.0;475.117;0.0;475.117;0.0
15;1;87;0.0;0.0;430.735;0.0;430.735;0.0
15;1;88;0.0;0.0;222.282;0.0;222.282;0.0
15;1;89;0.0;0.0;82.853;0.0;82.853;0.0
15;1;90;0.0;0.0;4.206;0.0;4.206;0.0
15;1;91;0.0;0.0;0.0;66.452;0.0;66.452
15;1;92;0.0;0.0;0.0;98.259;0.0;98.259
15;1;93;0.0;0.0;0.0;85.931;0.0;85.931
15;1;94;0.0;0.0;0.0;76.778;0.0;76.778
15;1;95;0.0;0.0;0.0;68.761;0.0;68.761
15;1;96;0.0;0.0;0.0;9.772;0.0;9.772
15;1;97;0.0;0.0;0.0;26.577;0.0;26.577
15;1;98;0.0;0.0;0.0;11.43;0.0;11.43
15;1;99;0.0;0.0;0.0;12.428;0.0;12.428
15;1;100;0.0;0.0;0.0;11.942;0.0;11.942
15;1;101;0.0;0.0;0.0;11.134;0.0;11.134
15;1;102;0.0;0.0;0.0;11.709;0.0;11.709
15;1;103;0.0;0.0;39.983;0.0;39.983;0.0
15;1;104;0.0;0.0;98.185;0.0;98.185;0.0
15;1;105;0.0;0.0;113.377;0.0;113.377;0.0
15;1;106;0.0;0.0;301.692;0.0;301.692;0.0
15;1;107;0.0;0.0;541.482;0.0;541.482;0.0
15;1;108;0.0;0.0;614.044;0.0;614.044;0.0
15;1;109;0.0;0.0;473.864;0.0;473.864;0.0
15;1;110;0.0;0.0;233.836;0.0;233.836;0.0
15;1;111;0.0;0.0;187.241;0.0;187.241;0.0
15;1;112;0.0;0.0;152.889;0.0;152.889;0.0
15;1;113;0.0;0.0;92.768;0.0;92.768;0.0
15;1;114;0.0;0.0;29.53;0.0;29.53;0.0
15;1;115;0.0;0.0;0.0;69.271;0.0;69.271
15;1;116;0.0;0.0;0.0;91.084;0.0;91.084
15;1;117;0.0;0.0;0.0;80.056;0.0;80.056
15;1;118;0.0;0.0;0.0;69.991;0.0;69.991
15;1;119;0.0;0.0;0.0;47.567;0.0;47.567
15;1;120;0.0;0.0;0.0;7.035;0.0;7.035
15;1;121;0.0;0.0;0.0;26.58;0.0;26.58
15;1;122;0.0;0.0;0.0;16.036;0.0;16.036
15;1;123;0.0;0.0;0.0;10.842;0.0;10.842
15;1;124;0.0;0.0;0.0;9.874;0.0;9.874
15;1;125;0.0;0.0;0.0;10.907;0.0;10.907
15;1;126;0.0;0.0;0.0;20.046;0.0;20.046
15;1;127;0.0;0.0;12.729;0.0;12.729;0.0
15;1;128;0.0;0.0;147.208;0.0;147.208;0.0
15;1;129;0.0;0.0;303.3;0.0;303.3;0.0
15;1;130;0.0;0.0;434.944;0.0;434.944;0.0
15;1;131;0.0;0.0;541.155;0.0;541.155;0.0
15;1;132;0.0;0.0;592.226;0.0;592.226;0.0
15;1;133;0.0;0.0;533.937;0.0;533.937;0.0
15;1;134;0.0;0.0;427.7;0.0;427.7;0.0
15;1;135;0.0;0.0;274.868;0.0;274.868;0.0
15;1;136;0.0;0.0;203.261;0.0;203.261;0.0
15;1;137;0.0;0.0;139.859;0.0;139.859;0.0
15;1;138;0.0;0.0;23.559;0.0;23.559;0.0
15;1;139;0.0;0.0;0.0;76.109;0.0;76.109
15;1;140;0.0;0.0;0.0;88.661;0.0;88.661
15;1;141;0.0;0.0;0.0;82.659;0.0;82.659
15;1;142;0.0;0.0;0.0;94.003;0.0;94.003
15;1;143;0.0;0.0;0.0;65.341;0.0;65.341
15;1;144;0.0;0.0;0.0;7.221;0.0;7.221
15;1;145;0.0;0.0;0.0;13.332;0.0;13.332
15;1;146;0.0;0.0;0.0;11.192;0.0;11.192
15;1;147;0.0;0.0;0.0;10.622;0.0;10.622
15;1;148;0.0;0.0;0.0;9.826;0.0;9.826
15;1;149;0.0;0.0;0.0;12.171;0.0;12.171
15;1;150;0.0;0.0;0.0;15.497;0.0;15.497
15;1;151;0.0;0.0;2.717;0.0;2.717;0.0
15;1;152;0.0;0.0;157.47;0.0;157.47;0.0
15;1;153;0.0;0.0;310.456;0.0;310.456;0.0
15;1;154;0.0;0.0;440.981;0.0;440.981;0.0
15;1;155;0.0;0.0;550.592;0.0;550.592;0.0
15;1;156;0.0;0.0;602.848;0.0;602.848;0.0
15;1;157;0.0;0.0;587.808;0.0;587.808;0.0
15;1;158;0.0;0.0;419.601;0.0;419.601;0.0
15;1;159;0.0;0.0;368.042;0.0;368.042;0.0
15;1;160;0.0;0.0;266.185;0.0;266.185;0.0
15;1;161;0.0;0.0;154.642;0.0;154.642;0.0
15;1;162;0.0;0.0;9.302;0.0;9.302;0.0
15;1;163;0.0;0.0;0.0;79.306;0.0;79.306
15;1;164;0.0;0.0;0.0;77.064;0.0;77.064
15;1;165;0.0;0.0;0.0;86.93;0.0;86.93
15;1;166;0.0;0.0;0.0;88.485;0.0;88.485
15;1;167;0.0;0.0;0.0;67.491;0.0;67.491
15;2;0;0.0;0.0;0.0;7.202;0.0;7.202
15;2;1;0.0;0.0;0.0;48.867;0.0;48.867
15;2;2;0.0;0.0;0.0;88.598;0.0;88.598
15;2;3;0.0;0.0;0.0;10.312;0.0;10.312
15;2;4;0.0;0.0;0.0;88.122;0.0;88.122
15;2;5;0.0;0.0;0.0;89.054;0.0;89.054
15;2;6;0.0;0.0;0.0;21.151;0.0;21.151
15;2;7;0.0;0.0;0.0;39.5;0.0;39.5
15;2;8;0.0;0.0;0.0;35.07;0.0;35.07
15;2;9;0.0;0.0;0.0;5.197;0.0;5.197
15;2;10;0.0;0.0;201.95;0.0;201.95;0.0
15;2;11;0.0;0.0;356.078;0.0;356.078;0.0
15;2;12;0.0;0.0;333.59;0.0;333.59;0.0
15;2;13;0.0;0.0;158.7;0.0;158.7;0.0
15;2;14;0.0;0.0;112.037;0.0;112.037;0.0
15;2;15;0.0;0.0;166.4;0.0;166.4;0.0
15;2;16;0.0;0.0;22.33;0.0;22.33;0.0
15;2;17;0.0;0.0;0.0;144.274;0.0;144.274
15;2;18;0.0;0.0;0.0;163.262;0.0;163.262
15;2;19;0.0;0.0;0.0;173.337;0.0;173.337
15;2;20;0.0;0.0;0.0;176.72;0.0;176.72
15;2;21;0.0;0.0;0.0;113.62;0.0;113.62
15;2;22;0.0;0.0;0.0;80.488;0.0;80.488
15;2;23;0.0;0.0;0.0;69.231;0.0;69.231
15;2;24;0.0;0.0;0.0;7.151;0.0;7.151
15;2;25;0.0;0.0;0.0;16.735;0.0;16.735
15;2;26;0.0;0.0;0.0;11.72;0.0;11.72
15;2;27;0.0;0.0;0.0;12.801;0.0;12.801
15;2;28;0.0;0.0;0.0;57.483;0.0;57.483
15;2;29;0.0;0.0;0.0;15.182;0.0;15.182
15;2;30;0.0;0.0;0.0;102.134;0.0;102.134
15;2;31;0.0;0.0;0.0;123.14;0.0;123.14
15;2;32;0.0;0.0;0.0;97.588;0.0;97.588
15;2;33;0.0;0.0;35.681;0.0;35.681;0.0
15;2;34;0.0;0.0;148.64;0.0;148.64;0.0
15;2;35;0.0;0.0;251.089;0.0;251.089;0.0
15;2;36;0.0;0.0;299.911;0.0;299.911;0.0
15;2;37;0.0;0.0;221.833;0.0;221.833;0.0
15;2;38;0.0;0.0;162.258;0.0;162.258;0.0
15;2;39;0.0;0.0;86.6;0.0;86.6;0.0
15;2;40;0.0;0.0;0.0;75.488;0.0;75.488
15;2;41;0.0;0.0;0.0;116.966;0.0;116.966
15;2;42;0.0;0.0;0.0;81.907;0.0;81.907
15;2;43;0.0;0.0;0.0;93.889;0.0;93.889
15;2;44;0.0;0.0;0.0;77.443;0.0;77.443
15;2;45;0.0;0.0;0.0;91.598;0.0;91.598
15;2;46;0.0;0.0;0.0;80.094;0.0;80.094
15;2;47;0.0;0.0;0.0;49.124;0.0;49.124
15;2;48;0.0;0.0;0.0;7.028;0.0;7.028
15;2;49;0.0;0.0;0.0;15.237;0.0;15.237
15;2;50;0.0;0.0;0.0;11.432;0.0;11.432
15;2;51;0.0;0.0;0.0;11.573;0.0;11.573
15;2;52;0.0;0.0;0.0;32.86;0.0;32.86
15;2;53;0.0;0.0;0.0;77.045;0.0;77.045
15;2;54;0.0;0.0;0.0;81.965;0.0;81.965
15;2;55;0.0;0.0;0.0;112.605;0.0;112.605
15;2;56;0.0;0.0;0.0;120.763;0.0;120.763
15;2;57;0.0;0.0;0.0;64.574;0.0;64.574
15;2;58;0.0;0.0;10.127;0.0;10.127;0.0
15;2;59;0.0;0.0;17.925;0.0;17.925;0.0
15;2;60;0.0;0.0;134.444;0.0;134.444;0.0
15;2;61;0.0;0.0;109.615;0.0;109.615;0.0
15;2;62;0.0;0.0;27.432;0.0;27.432;0.0
15;2;63;0.0;0.0;96.466;0.0;96.466;0.0
15;2;64;0.0;0.0;0.0;33.954;0.0;33.954
15;2;65;0.0;0.0;0.0;69.328;0.0;69.328
15;2;66;0.0;0.0;0.0;96.561;0.0;96.561
15;2;67;0.0;0.0;0.0;86.839;0.0;86.839
15;2;68;0.0;0.0;0.0;110.482;0.0;110.482
15;2;69;0.0;0.0;0.0;99.168;0.0;99.168
15;2;70;0.0;0.0;0.0;73.729;0.0;73.729
15;2;71;0.0;0.0;0.0;61.265;0.0;61.265
15;2;72;0.0;0.0;0.0;8.55;0.0;8.55
15;2;73;0.0;0.0;0.0;18.998;0.0;18.998
15;2;74;0.0;0.0;0.0;57.666;0.0;57.666
15;2;75;0.0;0.0;0.0;62.328;0.0;62.328
15;2;76;0.0;0.0;0.0;59.674;0.0;59.674
15;2;77;0.0;0.0;0.0;61.677;0.0;61.677
15;2;78;0.0;0.0;0.0;84.363;0.0;84.363
15;2;79;0.0;0.0;0.0;103.688;0.0;103.688
15;2;80;0.0;0.0;0.0;94.012;0.0;94.012
15;2;81;0.0;0.0;0.0;55.719;0.0;55.719
15;2;82;0.0;0.0;90.259;0.0;90.259;0.0
15;2;83;0.0;0.0;98.085;0.0;98.085;0.0
15;2;84;0.0;0.0;0.0;0.0;0.0;0.0
15;2;85;0.0;0.0;0.0;9.041;0.0;9.041
15;2;86;0.0;0.0;47.046;0.0;47.046;0.0
15;2;87;0.0;0.0;0.0;41.259;0.0;41.259
15;2;88;0.0;0.0;0.0;40.16;0.0;40.16
15;2;89;0.0;0.0;0.0;71.259;0.0;71.259
15;2;90;0.0;0.0;0.0;85.789;0.0;85.789
15;2;91;0.0;0.0;0.0;102.622;0.0;102.622
15;2;92;0.0;0.0;0.0;157.072;0.0;157.072
15;2;93;0.0;0.0;0.0;89.437;0.0;89.437
15;2;94;0.0;0.0;0.0;80.259;0.0;80.259
15;2;95;0.0;0.0;0.0;67.735;0.0;67.735
15;2;96;0.0;0.0;0.0;8.517;0.0;8.517
15;2;97;0.0;0.0;0.0;15.436;0.0;15.436
15;2;98;0.0;0.0;0.0;72.361;0.0;72.361
15;2;99;0.0;0.0;0.0;94.877;0.0;94.877
15;2;100;0.0;0.0;0.0;92.871;0.0;92.871
15;2;101;0.0;0.0;0.0;65.543;0.0;65.543
15;2;102;0.0;0.0;0.0;92.697;0.0;92.697
15;2;103;0.0;0.0;0.0;107.537;0.0;107.537
15;2;104;0.0;0.0;0.0;112.109;0.0;112.109
15;2;105;0.0;0.0;0.0;77.319;0.0;77.319
15;2;106;0.0;0.0;0.0;41.116;0.0;41.116
15;2;107;0.0;0.0;0.0;24.059;0.0;24.059
15;2;108;0.0;0.0;0.0;1.401;0.0;1.401
15;2;109;0.0;0.0;0.0;69.501;0.0;69.501
15;2;110;0.0;0.0;0.0;0.091;0.0;0.091
15;2;111;0.0;0.0;0.0;41.449;0.0;41.449
15;2;112;0.0;0.0;0.0;77.845;0.0;77.845
15;2;113;0.0;0.0;0.0;101.896;0.0;101.896
15;2;114;0.0;0.0;0.0;131.19;0.0;131.19
15;2;115;0.0;0.0;0.0;150.423;0.0;150.423
15;2;116;0.0;0.0;0.0;153.35;0.0;153.35
15;2;117;0.0;0.0;0.0;161.957;0.0;161.957
15;2;118;0.0;0.0;0.0;130.011;0.0;130.011
15;2;119;0.0;0.0;0.0;133.12;0.0;133.12
15;2;120;0.0;0.0;0.0;60.399;0.0;60.399
15;2;121;0.0;0.0;0.0;105.76;0.0;105.76
15;2;122;0.0;0.0;0.0;94.771;0.0;94.771
15;2;123;0.0;0.0;0.0;95.544;0.0;95.544
15;2;124;0.0;0.0;0.0;93.375;0.0;93.375
15;2;125;0.0;0.0;0.0;95.088;0.0;95.088
15;2;126;0.0;0.0;0.0;101.913;0.0;101.913
15;2;127;0.0;0.0;0.0;114.321;0.0;114.321
15;2;128;0.0;0.0;0.0;148.563;0.0;148.563
15;2;129;0.0;0.0;0.0;72.343;0.0;72.343
15;2;130;0.0;0.0;0.0;18.164;0.0;18.164
15;2;131;0.0;0.0;31.481;0.0;31.481;0.0
15;2;132;0.0;0.0;147.966;0.0;147.966;0.0
15;2;133;0.0;0.0;192.117;0.0;192.117;0.0
15;2;134;0.0;0.0;194.328;0.0;194.328;0.0
15;2;135;0.0;0.0;62.87;0.0;62.87;0.0
15;2;136;0.0;0.0;0.0;0.0;0.0;0.0
15;2;137;0.0;0.0;0.0;49.077;0.0;49.077
15;2;138;0.0;0.0;0.0;87.918;0.0;87.918
15;2;139;0.0;0.0;0.0;166.29;0.0;166.29
15;2;140;0.0;0.0;0.0;78.356;0.0;78.356
15;2;141;0.0;0.0;0.0;98.647;0.0;98.647
15;2;142;0.0;0.0;0.0;145.981;0.0;145.981
15;2;143;0.0;0.0;0.0;74.114;0.0;74.114
15;2;144;0.0;0.0;0.0;79.739;0.0;79.739
15;2;145;0.0;0.0;0.0;101.547;0.0;101.547
15;2;146;0.0;0.0;0.0;94.385;0.0;94.385
15;2;147;0.0;0.0;0.0;97.924;0.0;97.924
15;2;148;0.0;0.0;0.0;93.342;0.0;93.342
15;2;149;0.0;0.0;0.0;94.77;0.0;94.77
15;2;150;0.0;0.0;0.0;112.59;0.0;112.59
15;2;151;0.0;0.0;0.0;116.026;0.0;116.026
15;2;152;0.0;0.0;0.0;117.342;0.0;117.342
15;2;153;0.0;0.0;0.0;37.859;0.0;37.859
15;2;154;0.0;0.0;2.4;0.0;2.4;0.0
15;2;155;0.0;0.0;47.013;0.0;47.013;0.0
15;2;156;0.0;0.0;54.288;0.0;54.288;0.0
15;2;157;0.0;0.0;79.746;0.0;79.746;0.0
15;2;158;0.0;0.0;59.226;0.0;59.226;0.0
15;2;159;0.0;0.0;0.0;0.0;0.0;0.0
15;2;160;0.0;0.0;0.0;0.0;0.0;0.0
15;2;161;0.0;0.0;0.0;53.411;0.0;53.411
15;2;162;0.0;0.0;0.0;102.514;0.0;102.514
15;2;163;0.0;0.0;0.0;176.386;0.0;176.386
15;2;164;0.0;0.0;0.0;163.07;0.0;163.07
15;2;165;0.0;0.0;0.0;173.314;0.0;173.314
15;2;166;0.0;0.0;0.0;155.012;0.0;155.012
15;2;167;0.0;0.0;0.0;144.257;0.0;144.257
15;3;0;0.0;0.0;0.0;106.494;0.0;106.494
15;3;1;0.0;0.0;0.0;114.879;0.0;114.879
15;3;2;0.0;0.0;0.0;111.256;0.0;111.256
15;3;3;0.0;0.0;0.0;86.904;0.0;86.904
15;3;4;0.0;0.0;0.0;4.995;0.0;4.995
15;3;5;0.0;0.0;0.0;5.603;0.0;5.603
15;3;6;0.0;0.0;0.0;11.967;0.0;11.967
15;3;7;0.0;0.0;0.0;42.773;0.0;42.773
15;3;8;0.0;0.0;0.0;48.819;0.0;48.819
15;3;9;0.0;0.0;0.0;0.0;0.0;0.0
15;3;10;0.0;0.0;0.0;0.0;0.0;0.0
15;3;11;0.0;0.0;0.0;0.0;0.0;0.0
15;3;12;0.0;0.0;63.373;0.0;63.373;0.0
15;3;13;0.0;0.0;243.554;0.0;243.554;0.0
15;3;14;0.0;0.0;224.639;0.0;224.639;0.0
15;3;15;0.0;0.0;101.585;0.0;101.585;0.0
15;3;16;0.0;0.0;0.0;93.982;0.0;93.982
15;3;17;0.0;0.0;0.0;166.038;0.0;166.038
15;3;18;0.0;0.0;0.0;170.101;0.0;170.101
15;3;19;0.0;0.0;0.0;80.386;0.0;80.386
15;3;20;0.0;0.0;0.0;82.55;0.0;82.55
15;3;21;0.0;0.0;0.0;101.59;0.0;101.59
15;3;22;0.0;0.0;0.0;99.093;0.0;99.093
15;3;23;0.0;0.0;0.0;58.264;0.0;58.264
15;3;24;0.0;0.0;0.0;0.047;0.0;0.047
15;3;25;0.0;0.0;0.0;7.364;0.0;7.364
15;3;26;0.0;0.0;0.0;6.21;0.0;6.21
15;3;27;0.0;0.0;0.0;5.98;0.0;5.98
15;3;28;0.0;0.0;0.0;7.642;0.0;7.642
15;3;29;0.0;0.0;0.0;6.945;0.0;6.945
15;3;30;0.0;0.0;0.0;10.221;0.0;10.221
15;3;31;0.0;0.0;0.0;42.965;0.0;42.965
15;3;32;0.0;0.0;0.0;72.556;0.0;72.556
15;3;33;0.0;0.0;0.0;0.0;0.0;0.0
15;3;34;0.0;0.0;47.108;0.0;47.108;0.0
15;3;35;0.0;0.0;81.231;0.0;81.231;0.0
15;3;36;0.0;0.0;97.625;0.0;97.625;0.0
15;3;37;0.0;0.0;26.735;0.0;26.735;0.0
15;3;38;0.0;0.0;0.0;36.061;0.0;36.061
15;3;39;0.0;0.0;0.0;74.952;0.0;74.952
15;3;40;0.0;0.0;0.0;83.378;0.0;83.378
15;3;41;0.0;0.0;0.0;95.141;0.0;95.141
15;3;42;0.0;0.0;0.0;71.209;0.0;71.209
15;3;43;0.0;0.0;0.0;74.377;0.0;74.377
15;3;44;0.0;0.0;0.0;91.217;0.0;91.217
15;3;45;0.0;0.0;0.0;79.957;0.0;79.957
15;3;46;0.0;0.0;0.0;131.861;0.0;131.861
15;3;47;0.0;0.0;0.0;91.959;0.0;91.959
15;3;48;0.0;0.0;0.0;28.825;0.0;28.825
15;3;49;0.0;0.0;0.0;42.28;0.0;42.28
15;3;50;0.0;0.0;0.0;44.912;0.0;44.912
15;3;51;0.0;0.0;0.0;48.592;0.0;48.592
15;3;52;0.0;0.0;0.0;49.942;0.0;49.942
15;3;53;0.0;0.0;0.0;49.186;0.0;49.186
15;3;54;0.0;0.0;0.0;13.416;0.0;13.416
15;3;55;0.0;0.0;0.0;25.991;0.0;25.991
15;3;56;0.0;0.0;0.0;44.103;0.0;44.103
15;3;57;0.0;0.0;0.0;61.868;0.0;61.868
15;3;58;0.0;0.0;0.0;61.468;0.0;61.468
15;3;59;0.0;0.0;0.0;64.956;0.0;64.956
15;3;60;0.0;0.0;0.0;17.628;0.0;17.628
15;3;61;0.0;0.0;101.52;0.0;101.52;0.0
15;3;62;0.0;0.0;0.0;9.767;0.0;9.767
15;3;63;0.0;0.0;0.0;28.168;0.0;28.168
15;3;64;0.0;0.0;0.0;130.588;0.0;130.588
15;3;65;0.0;0.0;0.0;151.126;0.0;151.126
15;3;66;0.0;0.0;0.0;184.702;0.0;184.702
15;3;67;0.0;0.0;0.0;152.073;0.0;152.073
15;3;68;0.0;0.0;0.0;142.751;0.0;142.751
15;3;69;0.0;0.0;0.0;154.029;0.0;154.029
15;3;70;0.0;0.0;0.0;135.426;0.0;135.426
15;3;71;0.0;0.0;0.0;113.249;0.0;113.249
15;3;72;0.0;0.0;0.0;56.103;0.0;56.103
15;3;73;0.0;0.0;0.0;62.386;0.0;62.386
15;3;74;0.0;0.0;0.0;54.035;0.0;54.035
15;3;75;0.0;0.0;0.0;48.429;0.0;48.429
15;3;76;0.0;0.0;0.0;49.474;0.0;49.474
15;3;77;0.0;0.0;0.0;4.804;0.0;4.804
15;3;78;0.0;0.0;0.0;0.0;0.0;0.0
15;3;79;0.0;0.0;0.0;20.387;0.0;20.387
15;3;80;0.0;0.0;0.0;19.842;0.0;19.842
15;3;81;0.0;0.0;0.0;78.957;0.0;78.957
15;3;82;0.0;0.0;0.0;63.222;0.0;63.222
15;3;83;0.0;0.0;0.0;68.705;0.0;68.705
15;3;84;0.0;0.0;0.0;75.988;0.0;75.988
15;3;85;0.0;0.0;108.458;0.0;108.458;0.0
15;3;86;0.0;0.0;107.969;0.0;107.969;0.0
15;3;87;0.0;0.0;12.19;0.0;12.19;0.0
15;3;88;0.0;0.0;0.0;77.598;0.0;77.598
15;3;89;0.0;0.0;0.0;138.98;0.0;138.98
15;3;90;0.0;0.0;0.0;129.348;0.0;129.348
15;3;91;0.0;0.0;0.0;123.46;0.0;123.46
15;3;92;0.0;0.0;0.0;116.633;0.0;116.633
15;3;93;0.0;0.0;0.0;80.62;0.0;80.62
15;3;94;0.0;0.0;0.0;75.067;0.0;75.067
15;3;95;0.0;0.0;0.0;50.493;0.0;50.493
15;3;96;0.0;0.0;0.0;0.0;0.0;0.0
15;3;97;0.0;0.0;0.0;9.846;0.0;9.846
15;3;98;0.0;0.0;0.0;5.37;0.0;5.37
15;3;99;0.0;0.0;0.0;6.373;0.0;6.373
15;3;100;0.0;0.0;0.0;6.072;0.0;6.072
15;3;101;0.0;0.0;0.0;6.804;0.0;6.804
15;3;102;0.0;0.0;0.0;7.777;0.0;7.777
15;3;103;0.0;0.0;0.0;9.872;0.0;9.872
15;3;104;0.0;0.0;0.0;26.313;0.0;26.313
15;3;105;0.0;0.0;0.0;35.179;0.0;35.179
15;3;106;0.0;0.0;0.0;44.987;0.0;44.987
15;3;107;0.0;0.0;0.0;45.679;0.0;45.679
15;3;108;0.0;0.0;0.0;30.467;0.0;30.467
15;3;109;0.0;0.0;0.0;17.538;0.0;17.538
15;3;110;0.0;0.0;0.0;18.412;0.0;18.412
15;3;111;0.0;0.0;0.0;42.872;0.0;42.872
15;3;112;0.0;0.0;0.0;60.318;0.0;60.318
15;3;113;0.0;0.0;0.0;67.511;0.0;67.511
15;3;114;0.0;0.0;0.0;65.394;0.0;65.394
15;3;115;0.0;0.0;0.0;69.052;0.0;69.052
15;3;116;0.0;0.0;0.0;71.651;0.0;71.651
15;3;117;0.0;0.0;0.0;68.785;0.0;68.785
15;3;118;0.0;0.0;0.0;57.77;0.0;57.77
15;3;119;0.0;0.0;0.0;51.148;0.0;51.148
15;3;120;0.0;0.0;0.0;0.0;0.0;0.0
15;3;121;0.0;0.0;0.0;9.029;0.0;9.029
15;3;122;0.0;0.0;0.0;7.61;0.0;7.61
15;3;123;0.0;0.0;0.0;1.879;0.0;1.879
15;3;124;0.0;0.0;0.0;7.373;0.0;7.373
15;3;125;0.0;0.0;0.0;7.011;0.0;7.011
15;3;126;0.0;0.0;0.0;12.584;0.0;12.584
15;3;127;0.0;0.0;0.0;30.406;0.0;30.406
15;3;128;0.0;0.0;0.0;52.544;0.0;52.544
15;3;129;0.0;0.0;0.0;25.377;0.0;25.377
15;3;130;0.0;0.0;0.0;0.0;0.0;0.0
15;3;131;0.0;0.0;0.0;0.0;0.0;0.0
15;3;132;0.0;0.0;0.0;0.0;0.0;0.0
15;3;133;0.0;0.0;0.0;0.0;0.0;0.0
15;3;134;0.0;0.0;0.0;4.917;0.0;4.917
15;3;135;0.0;0.0;0.0;8.527;0.0;8.527
15;3;136;0.0;0.0;0.0;39.053;0.0;39.053
15;3;137;0.0;0.0;0.0;67.862;0.0;67.862
15;3;138;0.0;0.0;0.0;86.228;0.0;86.228
15;3;139;0.0;0.0;0.0;86.017;0.0;86.017
15;3;140;0.0;0.0;0.0;86.295;0.0;86.295
15;3;141;0.0;0.0;0.0;82.424;0.0;82.424
15;3;142;0.0;0.0;0.0;92.689;0.0;92.689
15;3;143;0.0;0.0;0.0;50.852;0.0;50.852
15;3;144;0.0;0.0;0.0;1.196;0.0;1.196
15;3;145;0.0;0.0;0.0;6.578;0.0;6.578
15;3;146;0.0;0.0;0.0;5.223;0.0;5.223
15;3;147;0.0;0.0;0.0;7.003;0.0;7.003
15;3;148;0.0;0.0;0.0;7.325;0.0;7.325
15;3;149;0.0;0.0;0.0;8.88;0.0;8.88
15;3;150;0.0;0.0;0.0;11.976;0.0;11.976
15;3;151;0.0;0.0;0.0;35.473;0.0;35.473
15;3;152;0.0;0.0;0.0;43.165;0.0;43.165
15;3;153;0.0;0.0;0.0;4.807;0.0;4.807
15;3;154;0.0;0.0;20.985;0.0;20.985;0.0
15;3;155;0.0;0.0;0.0;16.455;0.0;16.455
15;3;156;0.0;0.0;0.0;11.935;0.0;11.935
15;3;157;0.0;0.0;0.0;0.0;0.0;0.0
15;3;158;0.0;0.0;0.0;10.192;0.0;10.192
15;3;159;0.0;0.0;0.0;32.116;0.0;32.116
15;3;160;0.0;0.0;0.0;33.288;0.0;33.288
15;3;161;0.0;0.0;0.0;64.328;0.0;64.328
15;3;162;0.0;0.0;0.0;73.657;0.0;73.657
15;3;163;0.0;0.0;0.0;69.453;0.0;69.453
15;3;164;0.0;0.0;0.0;60.1;0.0;60.1
15;3;165;0.0;0.0;0.0;83.027;0.0;83.027
15;3;166;0.0;0.0;0.0;66.59;0.0;66.59
15;3;167;0.0;0.0;0.0;42.047;0.0;42.047
