Support_Year;Cluster;Timestep;to_network_kW;from_network_kW;to_main_grid_kW;from_main_grid_kW;to_grid_kW;from_grid_kW
0;0;0;0.0;0.0;0.0;34.846;0.0;34.846
0;0;1;0.0;0.0;0.0;74.061;0.0;74.061
0;0;2;0.0;0.0;0.0;10.431;0.0;10.431
0;0;3;0.0;0.0;0.0;0.0;0.0;0.0
0;0;4;0.0;0.0;0.0;0.0;0.0;0.0
0;0;5;0.0;0.0;0.0;0.0;0.0;0.0
0;0;6;0.0;0.0;0.0;2.361;0.0;2.361
0;0;7;0.0;0.0;0.0;17.71;0.0;17.71
0;0;8;0.0;0.0;0.0;39.961;0.0;39.961
0;0;9;0.0;0.0;33.396;0.0;33.396;0.0
0;0;10;0.0;0.0;49.59;0.0;49.59;0.0
0;0;11;0.0;0.0;0.0;0.0;0.0;0.0
0;0;12;0.0;0.0;0.0;12.234;0.0;12.234
0;0;13;0.0;0.0;35.662;0.0;35.662;0.0
0;0;14;0.0;0.0;121.784;0.0;121.784;0.0
0;0;15;0.0;0.0;30.371;0.0;30.371;0.0
0;0;16;0.0;0.0;0.0;11.63;0.0;11.63
0;0;17;0.0;0.0;0.0;32.834;0.0;32.834
0;0;18;0.0;0.0;0.0;95.921;0.0;95.921
0;0;19;0.0;0.0;0.0;118.571;0.0;118.571
0;0;20;0.0;0.0;0.0;127.203;0.0;127.203
0;0;21;0.0;0.0;0.0;122.655;0.0;122.655
0;0;22;0.0;0.0;0.0;122.011;0.0;122.011
0;0;23;0.0;0.0;0.0;114.401;0.0;114.401
0;0;24;0.0;0.0;0.0;6.598;0.0;6.598
0;0;25;0.0;0.0;0.0;0.0;0.0;0.0
0;0;26;0.0;0.0;0.0;0.0;0.0;0.0
0;0;27;0.0;0.0;0.0;0.0;0.0;0.0
0;0;28;0.0;0.0;0.0;0.0;0.0;0.0
0;0;29;0.0;0.0;0.0;0.0;0.0;0.0
0;0;30;0.0;0.0;0.0;0.0;0.0;0.0
0;0;31;0.0;0.0;0.0;0.0;0.0;0.0
0;0;32;0.0;0.0;42.076;0.0;42.076;0.0
0;0;33;0.0;0.0;40.968;0.0;40.968;0.0
0;0;34;0.0;0.0;142.276;0.0;142.276;0.0
0;0;35;0.0;0.0;182.553;0.0;182.553;0.0
0;0;36;0.0;0.0;93.664;0.0;93.664;0.0
0;0;37;0.0;0.0;25.69;0.0;25.69;0.0
0;0;38;0.0;0.0;14.898;0.0;14.898;0.0
0;0;39;0.0;0.0;0.0;0.0;0.0;0.0
0;0;40;0.0;0.0;0.0;0.0;0.0;0.0
0;0;41;0.0;0.0;0.0;0.0;0.0;0.0
0;0;42;0.0;0.0;0.0;55.12;0.0;55.12
0;0;43;0.0;0.0;0.0;123.855;0.0;123.855
0;0;44;0.0;0.0;0.0;121.724;0.0;121.724
0;0;45;0.0;0.0;0.0;106.03;0.0;106.03
0;0;46;0.0;0.0;0.0;125.55;0.0;125.55
0;0;47;0.0;0.0;0.0;98.28;0.0;98.28
0;0;48;0.0;0.0;0.0;63.855;0.0;63.855
0;0;49;0.0;0.0;0.0;68.215;0.0;68.215
0;0;50;0.0;0.0;0.0;67.423;0.0;67.423
0;0;51;0.0;0.0;0.0;69.354;0.0;69.354
0;0;52;0.0;0.0;0.0;68.22;0.0;68.22
0;0;53;0.0;0.0;0.0;8.867;0.0;8.867
0;0;54;0.0;0.0;0.0;13.231;0.0;13.231
0;0;55;0.0;0.0;0.0;59.313;0.0;59.313
0;0;56;0.0;0.0;19.663;0.0;19.663;0.0
0;0;57;0.0;0.0;114.438;0.0;114.438;0.0
0;0;58;0.0;0.0;87.11;0.0;87.11;0.0
0;0;59;0.0;0.0;20.273;0.0;20.273;0.0
0;0;60;0.0;0.0;54.503;0.0;54.503;0.0
0;0;61;0.0;0.0;145.597;0.0;145.597;0.0
0;0;62;0.0;0.0;84.571;0.0;84.571;0.0
0;0;63;0.0;0.0;78.41;0.0;78.41;0.0
0;0;64;0.0;0.0;71.051;0.0;71.051;0.0
0;0;65;0.0;0.0;74.826;0.0;74.826;0.0
0;0;66;0.0;0.0;0.0;32.207;0.0;32.207
0;0;67;0.0;0.0;0.0;94.972;0.0;94.972
0;0;68;0.0;0.0;0.0;119.321;0.0;119.321
0;0;69;0.0;0.0;0.0;134.86;0.0;134.86
0;0;70;0.0;0.0;0.0;65.53;0.0;65.53
0;0;71;0.0;0.0;0.0;53.944;0.0;53.944
0;0;72;0.0;0.0;0.0;9.009;0.0;9.009
0;0;73;0.0;0.0;0.0;14.717;0.0;14.717
0;0;74;0.0;0.0;0.0;9.814;0.0;9.814
0;0;75;0.0;0.0;0.0;11.762;0.0;11.762
0;0;76;0.0;0.0;0.0;8.633;0.0;8.633
0;0;77;0.0;0.0;0.0;11.175;0.0;11.175
0;0;78;0.0;0.0;0.0;8.883;0.0;8.883
0;0;79;0.0;0.0;0.0;0.0;0.0;0.0
0;0;80;0.0;0.0;37.08;0.0;37.08;0.0
0;0;81;0.0;0.0;140.313;0.0;140.313;0.0
0;0;82;0.0;0.0;205.06;0.0;205.06;0.0
0;0;83;0.0;0.0;244.589;0.0;244.589;0.0
0;0;84;0.0;0.0;149.928;0.0;149.928;0.0
0;0;85;0.0;0.0;67.656;0.0;67.656;0.0
0;0;86;0.0;0.0;56.872;0.0;56.872;0.0
0;0;87;0.0;0.0;23.822;0.0;23.822;0.0
0;0;88;0.0;0.0;14.566;0.0;14.566;0.0
0;0;89;0.0;0.0;0.0;0.584;0.0;0.584
0;0;90;0.0;0.0;0.0;16.945;0.0;16.945
0;0;91;0.0;0.0;0.0;51.669;0.0;51.669
0;0;92;0.0;0.0;0.0;68.83;0.0;68.83
0;0;93;0.0;0.0;0.0;81.357;0.0;81.357
0;0;94;0.0;0.0;0.0;63.461;0.0;63.461
0;0;95;0.0;0.0;0.0;34.433;0.0;34.433
0;0;96;0.0;0.0;0.0;6.638;0.0;6.638
0;0;97;0.0;0.0;0.0;18.457;0.0;18.457
0;0;98;0.0;0.0;0.0;11.381;0.0;11.381
0;0;99;0.0;0.0;0.0;9.371;0.0;9.371
0;0;100;0.0;0.0;0.0;11.988;0.0;11.988
0;0;101;0.0;0.0;0.0;11.219;0.0;11.219
0;0;102;0.0;0.0;0.0;10.556;0.0;10.556
0;0;103;0.0;0.0;0.0;9.696;0.0;9.696
0;0;104;0.0;0.0;0.0;0.0;0.0;0.0
0;0;105;0.0;0.0;0.0;0.0;0.0;0.0
0;0;106;0.0;0.0;130.947;0.0;130.947;0.0
0;0;107;0.0;0.0;163.142;0.0;163.142;0.0
0;0;108;0.0;0.0;23.699;0.0;23.699;0.0
0;0;109;0.0;0.0;0.0;0.0;0.0;0.0
0;0;110;0.0;0.0;0.0;0.0;0.0;0.0
0;0;111;0.0;0.0;0.0;0.0;0.0;0.0
0;0;112;0.0;0.0;0.0;27.823;0.0;27.823
0;0;113;0.0;0.0;0.0;22.143;0.0;22.143
0;0;114;0.0;0.0;0.0;50.71;0.0;50.71
0;0;115;0.0;0.0;0.0;104.365;0.0;104.365
0;0;116;0.0;0.0;0.0;75.879;0.0;75.879
0;0;117;0.0;0.0;0.0;77.052;0.0;77.052
0;0;118;0.0;0.0;0.0;54.849;0.0;54.849
0;0;119;0.0;0.0;0.0;44.254;0.0;44.254
0;0;120;0.0;0.0;0.0;7.199;0.0;7.199
0;0;121;0.0;0.0;0.0;15.175;0.0;15.175
0;0;122;0.0;0.0;0.0;9.775;0.0;9.775
0;0;123;0.0;0.0;0.0;11.753;0.0;11.753
0;0;124;0.0;0.0;0.0;9.176;0.0;9.176
0;0;125;0.0;0.0;0.0;8.831;0.0;8.831
0;0;126;0.0;0.0;0.0;13.265;0.0;13.265
0;0;127;0.0;0.0;0.0;0.0;0.0;0.0
0;0;128;0.0;0.0;32.901;0.0;32.901;0.0
0;0;129;0.0;0.0;128.863;0.0;128.863;0.0
0;0;130;0.0;0.0;225.722;0.0;225.722;0.0
0;0;131;0.0;0.0;312.604;0.0;312.604;0.0
0;0;132;0.0;0.0;322.033;0.0;322.033;0.0
0;0;133;0.0;0.0;186.929;0.0;186.929;0.0
0;0;134;0.0;0.0;74.415;0.0;74.415;0.0
0;0;135;0.0;0.0;112.739;0.0;112.739;0.0
0;0;136;0.0;0.0;142.21;0.0;142.21;0.0
0;0;137;0.0;0.0;61.822;0.0;61.822;0.0
0;0;138;0.0;0.0;7.397;0.0;7.397;0.0
0;0;139;0.0;0.0;0.0;62.058;0.0;62.058
0;0;140;0.0;0.0;0.0;60.632;0.0;60.632
0;0;141;0.0;0.0;0.0;71.17;0.0;71.17
0;0;142;0.0;0.0;0.0;54.881;0.0;54.881
0;0;143;0.0;0.0;0.0;37.942;0.0;37.942
0;0;144;0.0;0.0;0.0;6.535;0.0;6.535
0;0;145;0.0;0.0;0.0;12.894;0.0;12.894
0;0;146;0.0;0.0;0.0;10.162;0.0;10.162
0;0;147;0.0;0.0;0.0;10.456;0.0;10.456
0;0;148;0.0;0.0;0.0;9.575;0.0;9.575
0;0;149;0.0;0.0;0.0;10.374;0.0;10.374
0;0;150;0.0;0.0;0.0;12.787;0.0;12.787
0;0;151;0.0;0.0;0.0;12.858;0.0;12.858
0;0;152;0.0;0.0;10.135;0.0;10.135;0.0
0;0;153;0.0;0.0;75.734;0.0;75.734;0.0
0;0;154;0.0;0.0;227.591;0.0;227.591;0.0
0;0;155;0.0;0.0;326.885;0.0;326.885;0.0
0;0;156;0.0;0.0;356.116;0.0;356.116;0.0
0;0;157;0.0;0.0;353.583;0.0;353.583;0.0
0;0;158;0.0;0.0;306.008;0.0;306.008;0.0
0;0;159;0.0;0.0;209.343;0.0;209.343;0.0
0;0;160;0.0;0.0;119.577;0.0;119.577;0.0
0;0;161;0.0;0.0;100.623;0.0;100.623;0.0
0;0;162;0.0;0.0;9.377;0.0;9.377;0.0
0;0;163;0.0;0.0;0.0;47.608;0.0;47.608
0;0;164;0.0;0.0;0.0;67.584;0.0;67.584
0;0;165;0.0;0.0;0.0;63.867;0.0;63.867
0;0;166;0.0;0.0;0.0;62.3;0.0;62.3
0;0;167;0.0;0.0;0.0;46.241;0.0;46.241
0;1;0;0.0;0.0;0.0;6.696;0.0;6.696
0;1;1;0.0;0.0;0.0;12.608;0.0;12.608
0;1;2;0.0;0.0;0.0;10.595;0.0;10.595
0;1;3;0.0;0.0;0.0;9.681;0.0;9.681
0;1;4;0.0;0.0;0.0;8.965;0.0;8.965
0;1;5;0.0;0.0;0.0;9.933;0.0;9.933
0;1;6;0.0;0.0;0.0;7.3;0.0;7.3
0;1;7;0.0;0.0;19.618;0.0;19.618;0.0
0;1;8;0.0;0.0;71.336;0.0;71.336;0.0
0;1;9;0.0;0.0;165.211;0.0;165.211;0.0
0;1;10;0.0;0.0;241.754;0.0;241.754;0.0
0;1;11;0.0;0.0;279.858;0.0;279.858;0.0
0;1;12;0.0;0.0;307.963;0.0;307.963;0.0
0;1;13;0.0;0.0;337.157;0.0;337.157;0.0
0;1;14;0.0;0.0;282.977;0.0;282.977;0.0
0;1;15;0.0;0.0;170.287;0.0;170.287;0.0
0;1;16;0.0;0.0;109.386;0.0;109.386;0.0
0;1;17;0.0;0.0;43.008;0.0;43.008;0.0
0;1;18;0.0;0.0;0.0;18.26;0.0;18.26
0;1;19;0.0;0.0;0.0;69.629;0.0;69.629
0;1;20;0.0;0.0;0.0;59.861;0.0;59.861
0;1;21;0.0;0.0;0.0;58.803;0.0;58.803
0;1;22;0.0;0.0;0.0;71.945;0.0;71.945
0;1;23;0.0;0.0;0.0;37.22;0.0;37.22
0;1;24;0.0;0.0;0.0;8.04;0.0;8.04
0;1;25;0.0;0.0;0.0;10.665;0.0;10.665
0;1;26;0.0;0.0;0.0;9.609;0.0;9.609
0;1;27;0.0;0.0;0.0;12.461;0.0;12.461
0;1;28;0.0;0.0;0.0;9.458;0.0;9.458
0;1;29;0.0;0.0;0.0;10.517;0.0;10.517
0;1;30;0.0;0.0;0.0;9.985;0.0;9.985
0;1;31;0.0;0.0;14.885;0.0;14.885;0.0
0;1;32;0.0;0.0;83.462;0.0;83.462;0.0
0;1;33;0.0;0.0;161.123;0.0;161.123;0.0
0;1;34;0.0;0.0;219.056;0.0;219.056;0.0
0;1;35;0.0;0.0;274.833;0.0;274.833;0.0
0;1;36;0.0;0.0;330.671;0.0;330.671;0.0
0;1;37;0.0;0.0;339.103;0.0;339.103;0.0
0;1;38;0.0;0.0;326.089;0.0;326.089;0.0
0;1;39;0.0;0.0;260.263;0.0;260.263;0.0
0;1;40;0.0;0.0;184.836;0.0;184.836;0.0
0;1;41;0.0;0.0;75.514;0.0;75.514;0.0
0;1;42;0.0;0.0;0.0;1.774;0.0;1.774
0;1;43;0.0;0.0;0.0;52.294;0.0;52.294
0;1;44;0.0;0.0;0.0;81.121;0.0;81.121
0;1;45;0.0;0.0;0.0;70.154;0.0;70.154
0;1;46;0.0;0.0;0.0;75.584;0.0;75.584
0;1;47;0.0;0.0;0.0;31.365;0.0;31.365
0;1;48;0.0;0.0;0.0;6.57;0.0;6.57
0;1;49;0.0;0.0;0.0;11.634;0.0;11.634
0;1;50;0.0;0.0;0.0;10.139;0.0;10.139
0;1;51;0.0;0.0;0.0;10.45;0.0;10.45
0;1;52;0.0;0.0;0.0;12.562;0.0;12.562
0;1;53;0.0;0.0;0.0;14.805;0.0;14.805
0;1;54;0.0;0.0;0.0;18.259;0.0;18.259
0;1;55;0.0;0.0;0.0;10.43;0.0;10.43
0;1;56;0.0;0.0;60.423;0.0;60.423;0.0
0;1;57;0.0;0.0;140.506;0.0;140.506;0.0
0;1;58;0.0;0.0;210.815;0.0;210.815;0.0
0;1;59;0.0;0.0;258.399;0.0;258.399;0.0
0;1;60;0.0;0.0;312.092;0.0;312.092;0.0
0;1;61;0.0;0.0;259.275;0.0;259.275;0.0
0;1;62;0.0;0.0;172.547;0.0;172.547;0.0
0;1;63;0.0;0.0;56.085;0.0;56.085;0.0
0;1;64;0.0;0.0;92.818;0.0;92.818;0.0
0;1;65;0.0;0.0;65.839;0.0;65.839;0.0
0;1;66;0.0;0.0;0.0;14.123;0.0;14.123
0;1;67;0.0;0.0;0.0;68.128;0.0;68.128
0;1;68;0.0;0.0;0.0;60.348;0.0;60.348
0;1;69;0.0;0.0;0.0;71.593;0.0;71.593
0;1;70;0.0;0.0;0.0;69.254;0.0;69.254
0;1;71;0.0;0.0;0.0;43.563;0.0;43.563
0;1;72;0.0;0.0;0.0;6.47;0.0;6.47
0;1;73;0.0;0.0;0.0;12.825;0.0;12.825
0;1;74;0.0;0.0;0.0;11.026;0.0;11.026
0;1;75;0.0;0.0;0.0;12.767;0.0;12.767
0;1;76;0.0;0.0;0.0;14.628;0.0;14.628
0;1;77;0.0;0.0;0.0;10.176;0.0;10.176
0;1;78;0.0;0.0;0.0;7.539;0.0;7.539
0;1;79;0.0;0.0;9.948;0.0;9.948;0.0
0;1;80;0.0;0.0;86.362;0.0;86.362;0.0
0;1;81;0.0;0.0;177.867;0.0;177.867;0.0
0;1;82;0.0;0.0;243.956;0.0;243.956;0.0
0;1;83;0.0;0.0;291.021;0.0;291.021;0.0
0;1;84;0.0;0.0;332.837;0.0;332.837;0.0
0;1;85;0.0;0.0;309.997;0.0;309.997;0.0
0;1;86;0.0;0.0;245.258;0.0;245.258;0.0
0;1;87;0.0;0.0;244.574;0.0;244.574;0.0
0;1;88;0.0;0.0;115.897;0.0;115.897;0.0
0;1;89;0.0;0.0;46.375;0.0;46.375;0.0
0;1;90;0.0;0.0;0.0;7.067;0.0;7.067
0;1;91;0.0;0.0;0.0;62.328;0.0;62.328
0;1;92;0.0;0.0;0.0;56.721;0.0;56.721
0;1;93;0.0;0.0;0.0;56.572;0.0;56.572
0;1;94;0.0;0.0;0.0;50.854;0.0;50.854
0;1;95;0.0;0.0;0.0;51.674;0.0;51.674
0;1;96;0.0;0.0;0.0;6.629;0.0;6.629
0;1;97;0.0;0.0;0.0;14.766;0.0;14.766
0;1;98;0.0;0.0;0.0;10.288;0.0;10.288
0;1;99;0.0;0.0;0.0;9.867;0.0;9.867
0;1;100;0.0;0.0;0.0;10.454;0.0;10.454
0;1;101;0.0;0.0;0.0;12.071;0.0;12.071
0;1;102;0.0;0.0;0.0;11.47;0.0;11.47
0;1;103;0.0;0.0;13.953;0.0;13.953;0.0
0;1;104;0.0;0.0;57.95;0.0;57.95;0.0
0;1;105;0.0;0.0;59.661;0.0;59.661;0.0
0;1;106;0.0;0.0;162.6;0.0;162.6;0.0
0;1;107;0.0;0.0;305.356;0.0;305.356;0.0
0;1;108;0.0;0.0;356.064;0.0;356.064;0.0
0;1;109;0.0;0.0;283.571;0.0;283.571;0.0
0;1;110;0.0;0.0;132.566;0.0;132.566;0.0
0;1;111;0.0;0.0;102.241;0.0;102.241;0.0
0;1;112;0.0;0.0;79.003;0.0;79.003;0.0
0;1;113;0.0;0.0;44.529;0.0;44.529;0.0
0;1;114;0.0;0.0;3.904;0.0;3.904;0.0
0;1;115;0.0;0.0;0.0;64.96;0.0;64.96
0;1;116;0.0;0.0;0.0;81.172;0.0;81.172
0;1;117;0.0;0.0;0.0;56.898;0.0;56.898
0;1;118;0.0;0.0;0.0;83.883;0.0;83.883
0;1;119;0.0;0.0;0.0;43.344;0.0;43.344
0;1;120;0.0;0.0;0.0;6.513;0.0;6.513
0;1;121;0.0;0.0;0.0;10.738;0.0;10.738
0;1;122;0.0;0.0;0.0;10.428;0.0;10.428
0;1;123;0.0;0.0;0.0;9.602;0.0;9.602
0;1;124;0.0;0.0;0.0;9.351;0.0;9.351
0;1;125;0.0;0.0;0.0;11.092;0.0;11.092
0;1;126;0.0;0.0;0.0;12.738;0.0;12.738
0;1;127;0.0;0.0;0.0;14.759;0.0;14.759
0;1;128;0.0;0.0;65.383;0.0;65.383;0.0
0;1;129;0.0;0.0;164.432;0.0;164.432;0.0
0;1;130;0.0;0.0;249.701;0.0;249.701;0.0
0;1;131;0.0;0.0;310.85;0.0;310.85;0.0
0;1;132;0.0;0.0;338.117;0.0;338.117;0.0
0;1;133;0.0;0.0;316.237;0.0;316.237;0.0
0;1;134;0.0;0.0;245.884;0.0;245.884;0.0
0;1;135;0.0;0.0;156.687;0.0;156.687;0.0
0;1;136;0.0;0.0;105.245;0.0;105.245;0.0
0;1;137;0.0;0.0;69.652;0.0;69.652;0.0
0;1;138;0.0;0.0;0.0;12.574;0.0;12.574
0;1;139;0.0;0.0;0.0;65.778;0.0;65.778
0;1;140;0.0;0.0;0.0;77.767;0.0;77.767
0;1;141;0.0;0.0;0.0;67.793;0.0;67.793
0;1;142;0.0;0.0;0.0;53.987;0.0;53.987
0;1;143;0.0;0.0;0.0;49.054;0.0;49.054
0;1;144;0.0;0.0;0.0;6.902;0.0;6.902
0;1;145;0.0;0.0;0.0;9.212;0.0;9.212
0;1;146;0.0;0.0;0.0;8.28;0.0;8.28
0;1;147;0.0;0.0;0.0;8.302;0.0;8.302
0;1;148;0.0;0.0;0.0;10.119;0.0;10.119
0;1;149;0.0;0.0;0.0;10.153;0.0;10.153
0;1;150;0.0;0.0;0.0;11.613;0.0;11.613
0;1;151;0.0;0.0;0.0;5.435;0.0;5.435
0;1;152;0.0;0.0;71.699;0.0;71.699;0.0
0;1;153;0.0;0.0;178.107;0.0;178.107;0.0
0;1;154;0.0;0.0;249.544;0.0;249.544;0.0
0;1;155;0.0;0.0;319.278;0.0;319.278;0.0
0;1;156;0.0;0.0;336.919;0.0;336.919;0.0
0;1;157;0.0;0.0;337.631;0.0;337.631;0.0
0;1;158;0.0;0.0;250.824;0.0;250.824;0.0
0;1;159;0.0;0.0;202.269;0.0;202.269;0.0
0;1;160;0.0;0.0;153.532;0.0;153.532;0.0
0;1;161;0.0;0.0;78.228;0.0;78.228;0.0
0;1;162;0.0;0.0;0.0;17.886;0.0;17.886
0;1;163;0.0;0.0;0.0;78.986;0.0;78.986
0;1;164;0.0;0.0;0.0;73.446;0.0;73.446
0;1;165;0.0;0.0;0.0;92.854;0.0;92.854
0;1;166;0.0;0.0;0.0;76.863;0.0;76.863
0;1;167;0.0;0.0;0.0;54.392;0.0;54.392
0;2;0;0.0;0.0;0.0;58.985;0.0;58.985
0;2;1;0.0;0.0;0.0;69.428;0.0;69.428
0;2;2;0.0;0.0;0.0;63.365;0.0;63.365
0;2;3;0.0;0.0;0.0;9.164;0.0;9.164
0;2;4;0.0;0.0;0.0;64.79;0.0;64.79
0;2;5;0.0;0.0;0.0;29.862;0.0;29.862
0;2;6;0.0;0.0;0.0;21.67;0.0;21.67
0;2;7;0.0;0.0;0.0;29.433;0.0;29.433
0;2;8;0.0;0.0;0.0;26.002;0.0;26.002
0;2;9;0.0;0.0;0.0;0.0;0.0;0.0
0;2;10;0.0;0.0;106.832;0.0;106.832;0.0
0;2;11;0.0;0.0;203.709;0.0;203.709;0.0
0;2;12;0.0;0.0;182.654;0.0;182.654;0.0
0;2;13;0.0;0.0;74.754;0.0;74.754;0.0
0;2;14;0.0;0.0;42.579;0.0;42.579;0.0
0;2;15;0.0;0.0;85.432;0.0;85.432;0.0
0;2;16;0.0;0.0;0.0;7.685;0.0;7.685
0;2;17;0.0;0.0;0.0;95.013;0.0;95.013
0;2;18;0.0;0.0;0.0;115.931;0.0;115.931
0;2;19;0.0;0.0;0.0;132.831;0.0;132.831
0;2;20;0.0;0.0;0.0;130.852;0.0;130.852
0;2;21;0.0;0.0;0.0;127.082;0.0;127.082
0;2;22;0.0;0.0;0.0;110.404;0.0;110.404
0;2;23;0.0;0.0;0.0;100.166;0.0;100.166
0;2;24;0.0;0.0;0.0;6.538;0.0;6.538
0;2;25;0.0;0.0;0.0;14.135;0.0;14.135
0;2;26;0.0;0.0;0.0;10.288;0.0;10.288
0;2;27;0.0;0.0;0.0;11.891;0.0;11.891
0;2;28;0.0;0.0;0.0;70.372;0.0;70.372
0;2;29;0.0;0.0;0.0;10.064;0.0;10.064
0;2;30;0.0;0.0;0.0;19.818;0.0;19.818
0;2;31;0.0;0.0;0.0;34.706;0.0;34.706
0;2;32;0.0;0.0;0.0;80.037;0.0;80.037
0;2;33;0.0;0.0;4.964;0.0;4.964;0.0
0;2;34;0.0;0.0;69.658;0.0;69.658;0.0
0;2;35;0.0;0.0;126.101;0.0;126.101;0.0
0;2;36;0.0;0.0;140.32;0.0;140.32;0.0
0;2;37;0.0;0.0;108.772;0.0;108.772;0.0
0;2;38;0.0;0.0;74.778;0.0;74.778;0.0
0;2;39;0.0;0.0;28.799;0.0;28.799;0.0
0;2;40;0.0;0.0;0.0;69.868;0.0;69.868
0;2;41;0.0;0.0;0.0;95.131;0.0;95.131
0;2;42;0.0;0.0;0.0;125.287;0.0;125.287
0;2;43;0.0;0.0;0.0;113.038;0.0;113.038
0;2;44;0.0;0.0;0.0;68.123;0.0;68.123
0;2;45;0.0;0.0;0.0;59.501;0.0;59.501
0;2;46;0.0;0.0;0.0;78.855;0.0;78.855
0;2;47;0.0;0.0;0.0;47.071;0.0;47.071
0;2;48;0.0;0.0;0.0;9.326;0.0;9.326
0;2;49;0.0;0.0;0.0;11.726;0.0;11.726
0;2;50;0.0;0.0;0.0;8.765;0.0;8.765
0;2;51;0.0;0.0;0.0;8.418;0.0;8.418
0;2;52;0.0;0.0;0.0;10.726;0.0;10.726
0;2;53;0.0;0.0;0.0;10.22;0.0;10.22
0;2;54;0.0;0.0;0.0;63.983;0.0;63.983
0;2;55;0.0;0.0;0.0;76.887;0.0;76.887
0;2;56;0.0;0.0;0.0;87.446;0.0;87.446
0;2;57;0.0;0.0;0.0;53.542;0.0;53.542
0;2;58;0.0;0.0;0.0;0.0;0.0;0.0
0;2;59;0.0;0.0;0.344;0.0;0.344;0.0
0;2;60;0.0;0.0;55.634;0.0;55.634;0.0
0;2;61;0.0;0.0;50.532;0.0;50.532;0.0
0;2;62;0.0;0.0;16.431;0.0;16.431;0.0
0;2;63;0.0;0.0;44.04;0.0;44.04;0.0
0;2;64;0.0;0.0;0.0;60.701;0.0;60.701
0;2;65;0.0;0.0;0.0;105.239;0.0;105.239
0;2;66;0.0;0.0;0.0;57.741;0.0;57.741
0;2;67;0.0;0.0;0.0;73.403;0.0;73.403
0;2;68;0.0;0.0;0.0;70.229;0.0;70.229
0;2;69;0.0;0.0;0.0;68.424;0.0;68.424
0;2;70;0.0;0.0;0.0;68.373;0.0;68.373
0;2;71;0.0;0.0;0.0;47.572;0.0;47.572
0;2;72;0.0;0.0;0.0;6.541;0.0;6.541
0;2;73;0.0;0.0;0.0;11.396;0.0;11.396
0;2;74;0.0;0.0;0.0;10.153;0.0;10.153
0;2;75;0.0;0.0;0.0;29.611;0.0;29.611
0;2;76;0.0;0.0;0.0;44.337;0.0;44.337
0;2;77;0.0;0.0;0.0;55.134;0.0;55.134
0;2;78;0.0;0.0;0.0;65.506;0.0;65.506
0;2;79;0.0;0.0;0.0;68.878;0.0;68.878
0;2;80;0.0;0.0;0.0;93.666;0.0;93.666
0;2;81;0.0;0.0;0.0;54.64;0.0;54.64
0;2;82;0.0;0.0;18.113;0.0;18.113;0.0
0;2;83;0.0;0.0;47.893;0.0;47.893;0.0
0;2;84;0.0;0.0;0.0;42.878;0.0;42.878
0;2;85;0.0;0.0;0.0;19.696;0.0;19.696
0;2;86;0.0;0.0;18.26;0.0;18.26;0.0
0;2;87;0.0;0.0;0.0;41.062;0.0;41.062
0;2;88;0.0;0.0;0.0;77.428;0.0;77.428
0;2;89;0.0;0.0;0.0;115.967;0.0;115.967
0;2;90;0.0;0.0;0.0;104.465;0.0;104.465
0;2;91;0.0;0.0;0.0;108.247;0.0;108.247
0;2;92;0.0;0.0;0.0;111.027;0.0;111.027
0;2;93;0.0;0.0;0.0;123.562;0.0;123.562
0;2;94;0.0;0.0;0.0;119.106;0.0;119.106
0;2;95;0.0;0.0;0.0;54.267;0.0;54.267
0;2;96;0.0;0.0;0.0;6.677;0.0;6.677
0;2;97;0.0;0.0;0.0;12.711;0.0;12.711
0;2;98;0.0;0.0;0.0;9.891;0.0;9.891
0;2;99;0.0;0.0;0.0;38.442;0.0;38.442
0;2;100;0.0;0.0;0.0;9.533;0.0;9.533
0;2;101;0.0;0.0;0.0;9.571;0.0;9.571
0;2;102;0.0;0.0;0.0;11.838;0.0;11.838
0;2;103;0.0;0.0;0.0;19.527;0.0;19.527
0;2;104;0.0;0.0;0.0;81.701;0.0;81.701
0;2;105;0.0;0.0;0.0;74.501;0.0;74.501
0;2;106;0.0;0.0;0.0;41.376;0.0;41.376
0;2;107;0.0;0.0;0.0;32.318;0.0;32.318
0;2;108;0.0;0.0;0.0;20.341;0.0;20.341
0;2;109;0.0;0.0;0.0;57.657;0.0;57.657
0;2;110;0.0;0.0;0.0;21.477;0.0;21.477
0;2;111;0.0;0.0;0.0;46.57;0.0;46.57
0;2;112;0.0;0.0;0.0;56.787;0.0;56.787
0;2;113;0.0;0.0;0.0;95.139;0.0;95.139
0;2;114;0.0;0.0;0.0;108.491;0.0;108.491
0;2;115;0.0;0.0;0.0;127.117;0.0;127.117
0;2;116;0.0;0.0;0.0;123.158;0.0;123.158
0;2;117;0.0;0.0;0.0;128.303;0.0;128.303
0;2;118;0.0;0.0;0.0;116.985;0.0;116.985
0;2;119;0.0;0.0;0.0;100.511;0.0;100.511
0;2;120;0.0;0.0;0.0;63.135;0.0;63.135
0;2;121;0.0;0.0;0.0;66.316;0.0;66.316
0;2;122;0.0;0.0;0.0;20.036;0.0;20.036
0;2;123;0.0;0.0;0.0;67.994;0.0;67.994
0;2;124;0.0;0.0;0.0;69.779;0.0;69.779
0;2;125;0.0;0.0;0.0;71.984;0.0;71.984
0;2;126;0.0;0.0;0.0;70.254;0.0;70.254
0;2;127;0.0;0.0;0.0;80.898;0.0;80.898
0;2;128;0.0;0.0;0.0;97.672;0.0;97.672
0;2;129;0.0;0.0;0.0;64.642;0.0;64.642
0;2;130;0.0;0.0;0.0;17.324;0.0;17.324
0;2;131;0.0;0.0;0.0;0.0;0.0;0.0
0;2;132;0.0;0.0;76.296;0.0;76.296;0.0
0;2;133;0.0;0.0;95.115;0.0;95.115;0.0
0;2;134;0.0;0.0;96.146;0.0;96.146;0.0
0;2;135;0.0;0.0;14.038;0.0;14.038;0.0
0;2;136;0.0;0.0;0.0;44.563;0.0;44.563
0;2;137;0.0;0.0;0.0;102.643;0.0;102.643
0;2;138;0.0;0.0;0.0;67.692;0.0;67.692
0;2;139;0.0;0.0;0.0;128.718;0.0;128.718
0;2;140;0.0;0.0;0.0;128.346;0.0;128.346
0;2;141;0.0;0.0;0.0;88.249;0.0;88.249
0;2;142;0.0;0.0;0.0;63.233;0.0;63.233
0;2;143;0.0;0.0;0.0;51.549;0.0;51.549
0;2;144;0.0;0.0;0.0;6.579;0.0;6.579
0;2;145;0.0;0.0;0.0;69.039;0.0;69.039
0;2;146;0.0;0.0;0.0;68.476;0.0;68.476
0;2;147;0.0;0.0;0.0;67.428;0.0;67.428
0;2;148;0.0;0.0;0.0;67.156;0.0;67.156
0;2;149;0.0;0.0;0.0;67.58;0.0;67.58
0;2;150;0.0;0.0;0.0;73.993;0.0;73.993
0;2;151;0.0;0.0;0.0;85.377;0.0;85.377
0;2;152;0.0;0.0;0.0;88.863;0.0;88.863
0;2;153;0.0;0.0;0.0;30.425;0.0;30.425
0;2;154;0.0;0.0;0.0;12.523;0.0;12.523
0;2;155;0.0;0.0;11.608;0.0;11.608;0.0
0;2;156;0.0;0.0;16.387;0.0;16.387;0.0
0;2;157;0.0;0.0;22.081;0.0;22.081;0.0
0;2;158;0.0;0.0;16.53;0.0;16.53;0.0
0;2;159;0.0;0.0;0.0;0.0;0.0;0.0
0;2;160;0.0;0.0;0.0;0.0;0.0;0.0
0;2;161;0.0;0.0;0.0;109.115;0.0;109.115
0;2;162;0.0;0.0;0.0;71.461;0.0;71.461
0;2;163;0.0;0.0;0.0;114.08;0.0;114.08
0;2;164;0.0;0.0;0.0;124.851;0.0;124.851
0;2;165;0.0;0.0;0.0;143.074;0.0;143.074
0;2;166;0.0;0.0;0.0;118.344;0.0;118.344
0;2;167;0.0;0.0;0.0;99.108;0.0;99.108
0;3;0;0.0;0.0;0.0;0.0;0.0;0.0
0;3;1;0.0;0.0;0.0;0.0;0.0;0.0
0;3;2;0.0;0.0;0.0;0.0;0.0;0.0
0;3;3;0.0;0.0;0.0;0.0;0.0;0.0
0;3;4;0.0;0.0;0.0;2.881;0.0;2.881
0;3;5;0.0;0.0;0.0;0.0;0.0;0.0
0;3;6;0.0;0.0;0.0;9.061;0.0;9.061
0;3;7;0.0;0.0;0.0;16.054;0.0;16.054
0;3;8;0.0;0.0;0.0;46.286;0.0;46.286
0;3;9;0.0;0.0;0.0;10.073;0.0;10.073
0;3;10;0.0;0.0;0.0;0.0;0.0;0.0
0;3;11;0.0;0.0;0.0;0.0;0.0;0.0
0;3;12;0.0;0.0;20.581;0.0;20.581;0.0
0;3;13;0.0;0.0;125.074;0.0;125.074;0.0
0;3;14;0.0;0.0;107.536;0.0;107.536;0.0
0;3;15;0.0;0.0;36.087;0.0;36.087;0.0
0;3;16;0.0;0.0;0.0;12.922;0.0;12.922
0;3;17;0.0;0.0;0.0;43.761;0.0;43.761
0;3;18;0.0;0.0;0.0;66.671;0.0;66.671
0;3;19;0.0;0.0;0.0;48.265;0.0;48.265
0;3;20;0.0;0.0;0.0;59.144;0.0;59.144
0;3;21;0.0;0.0;0.0;61.02;0.0;61.02
0;3;22;0.0;0.0;0.0;54.31;0.0;54.31
0;3;23;0.0;0.0;0.0;0.0;0.0;0.0
0;3;24;0.0;0.0;0.0;0.0;0.0;0.0
0;3;25;0.0;0.0;0.0;0.0;0.0;0.0
0;3;26;0.0;0.0;0.0;3.628;0.0;3.628
0;3;27;0.0;0.0;0.0;5.122;0.0;5.122
0;3;28;0.0;0.0;0.0;3.571;0.0;3.571
0;3;29;0.0;0.0;0.0;7.362;0.0;7.362
0;3;30;0.0;0.0;0.0;10.762;0.0;10.762
0;3;31;0.0;0.0;0.0;21.812;0.0;21.812
0;3;32;0.0;0.0;0.0;32.442;0.0;32.442
0;3;33;0.0;0.0;0.0;6.419;0.0;6.419
0;3;34;0.0;0.0;8.367;0.0;8.367;0.0
0;3;35;0.0;0.0;24.434;0.0;24.434;0.0
0;3;36;0.0;0.0;49.725;0.0;49.725;0.0
0;3;37;0.0;0.0;1.738;0.0;1.738;0.0
0;3;38;0.0;0.0;0.0;0.0;0.0;0.0
0;3;39;0.0;0.0;0.0;0.0;0.0;0.0
0;3;40;0.0;0.0;0.0;1.955;0.0;1.955
0;3;41;0.0;0.0;0.0;35.436;0.0;35.436
0;3;42;0.0;0.0;0.0;52.586;0.0;52.586
0;3;43;0.0;0.0;0.0;55.887;0.0;55.887
0;3;44;0.0;0.0;0.0;74.147;0.0;74.147
0;3;45;0.0;0.0;0.0;55.43;0.0;55.43
0;3;46;0.0;0.0;0.0;31.655;0.0;31.655
0;3;47;0.0;0.0;0.0;28.191;0.0;28.191
0;3;48;0.0;0.0;0.0;0.0;0.0;0.0
0;3;49;0.0;0.0;0.0;31.14;0.0;31.14
0;3;50;0.0;0.0;0.0;31.056;0.0;31.056
0;3;51;0.0;0.0;0.0;35.688;0.0;35.688
0;3;52;0.0;0.0;0.0;34.472;0.0;34.472
0;3;53;0.0;0.0;0.0;9.887;0.0;9.887
0;3;54;0.0;0.0;0.0;0.0;0.0;0.0
0;3;55;0.0;0.0;0.0;19.457;0.0;19.457
0;3;56;0.0;0.0;0.0;15.861;0.0;15.861
0;3;57;0.0;0.0;0.0;51.516;0.0;51.516
0;3;58;0.0;0.0;0.0;40.276;0.0;40.276
0;3;59;0.0;0.0;0.0;47.764;0.0;47.764
0;3;60;0.0;0.0;0.0;13.794;0.0;13.794
0;3;61;0.0;0.0;37.306;0.0;37.306;0.0
0;3;62;0.0;0.0;0.0;24.988;0.0;24.988
0;3;63;0.0;0.0;0.0;38.436;0.0;38.436
0;3;64;0.0;0.0;0.0;58.442;0.0;58.442
0;3;65;0.0;0.0;0.0;110.588;0.0;110.588
0;3;66;0.0;0.0;0.0;109.489;0.0;109.489
0;3;67;0.0;0.0;0.0;123.874;0.0;123.874
0;3;68;0.0;0.0;0.0;112.198;0.0;112.198
0;3;69;0.0;0.0;0.0;103.643;0.0;103.643
0;3;70;0.0;0.0;0.0;33.796;0.0;33.796
0;3;71;0.0;0.0;0.0;86.001;0.0;86.001
0;3;72;0.0;0.0;0.0;41.177;0.0;41.177
0;3;73;0.0;0.0;0.0;46.633;0.0;46.633
0;3;74;0.0;0.0;0.0;40.73;0.0;40.73
0;3;75;0.0;0.0;0.0;0.0;0.0;0.0
0;3;76;0.0;0.0;0.0;0.0;0.0;0.0
0;3;77;0.0;0.0;0.0;0.0;0.0;0.0
0;3;78;0.0;0.0;0.0;0.0;0.0;0.0
0;3;79;0.0;0.0;0.0;7.119;0.0;7.119
0;3;80;0.0;0.0;0.0;13.786;0.0;13.786
0;3;81;0.0;0.0;0.0;18.746;0.0;18.746
0;3;82;0.0;0.0;0.0;19.822;0.0;19.822
0;3;83;0.0;0.0;0.0;26.349;0.0;26.349
0;3;84;0.0;0.0;0.0;11.213;0.0;11.213
0;3;85;0.0;0.0;37.759;0.0;37.759;0.0
0;3;86;0.0;0.0;30.795;0.0;30.795;0.0
0;3;87;0.0;0.0;0.0;0.0;0.0;0.0
0;3;88;0.0;0.0;0.0;18.906;0.0;18.906
0;3;89;0.0;0.0;0.0;45.481;0.0;45.481
0;3;90;0.0;0.0;0.0;43.899;0.0;43.899
0;3;91;0.0;0.0;0.0;48.991;0.0;48.991
0;3;92;0.0;0.0;0.0;50.767;0.0;50.767
0;3;93;0.0;0.0;0.0;60.118;0.0;60.118
0;3;94;0.0;0.0;0.0;61.018;0.0;61.018
0;3;95;0.0;0.0;0.0;34.314;0.0;34.314
0;3;96;0.0;0.0;0.0;1.587;0.0;1.587
0;3;97;0.0;0.0;0.0;4.201;0.0;4.201
0;3;98;0.0;0.0;0.0;4.817;0.0;4.817
0;3;99;0.0;0.0;0.0;6.159;0.0;6.159
0;3;100;0.0;0.0;0.0;3.357;0.0;3.357
0;3;101;0.0;0.0;0.0;2.808;0.0;2.808
0;3;102;0.0;0.0;0.0;5.697;0.0;5.697
0;3;103;0.0;0.0;0.0;13.776;0.0;13.776
0;3;104;0.0;0.0;0.0;19.946;0.0;19.946
0;3;105;0.0;0.0;0.0;36.632;0.0;36.632
0;3;106;0.0;0.0;0.0;26.285;0.0;26.285
0;3;107;0.0;0.0;0.0;45.291;0.0;45.291
0;3;108;0.0;0.0;0.0;13.948;0.0;13.948
0;3;109;0.0;0.0;0.0;8.15;0.0;8.15
0;3;110;0.0;0.0;0.0;18.559;0.0;18.559
0;3;111;0.0;0.0;0.0;25.061;0.0;25.061
0;3;112;0.0;0.0;0.0;44.731;0.0;44.731
0;3;113;0.0;0.0;0.0;49.371;0.0;49.371
0;3;114;0.0;0.0;0.0;56.273;0.0;56.273
0;3;115;0.0;0.0;0.0;64.529;0.0;64.529
0;3;116;0.0;0.0;0.0;57.663;0.0;57.663
0;3;117;0.0;0.0;0.0;63.31;0.0;63.31
0;3;118;0.0;0.0;0.0;46.886;0.0;46.886
0;3;119;0.0;0.0;0.0;54.284;0.0;54.284
0;3;120;0.0;0.0;0.0;0.0;0.0;0.0
0;3;121;0.0;0.0;0.0;4.927;0.0;4.927
0;3;122;0.0;0.0;0.0;1.618;0.0;1.618
0;3;123;0.0;0.0;0.0;4.406;0.0;4.406
0;3;124;0.0;0.0;0.0;5.082;0.0;5.082
0;3;125;0.0;0.0;0.0;8.909;0.0;8.909
0;3;126;0.0;0.0;0.0;5.816;0.0;5.816
0;3;127;0.0;0.0;0.0;24.185;0.0;24.185
0;3;128;0.0;0.0;0.0;38.358;0.0;38.358
0;3;129;0.0;0.0;0.0;22.076;0.0;22.076
0;3;130;0.0;0.0;0.0;5.702;0.0;5.702
0;3;131;0.0;0.0;0.0;5.586;0.0;5.586
0;3;132;0.0;0.0;0.0;0.0;0.0;0.0
0;3;133;0.0;0.0;0.0;0.0;0.0;0.0
0;3;134;0.0;0.0;0.0;8.761;0.0;8.761
0;3;135;0.0;0.0;0.0;17.751;0.0;17.751
0;3;136;0.0;0.0;0.0;40.962;0.0;40.962
0;3;137;0.0;0.0;0.0;46.893;0.0;46.893
0;3;138;0.0;0.0;0.0;50.465;0.0;50.465
0;3;139;0.0;0.0;0.0;64.658;0.0;64.658
0;3;140;0.0;0.0;0.0;68.488;0.0;68.488
0;3;141;0.0;0.0;0.0;73.845;0.0;73.845
0;3;142;0.0;0.0;0.0;54.482;0.0;54.482
0;3;143;0.0;0.0;0.0;40.947;0.0;40.947
0;3;144;0.0;0.0;0.0;0.0;0.0;0.0
0;3;145;0.0;0.0;0.0;4.242;0.0;4.242
0;3;146;0.0;0.0;0.0;4.145;0.0;4.145
0;3;147;0.0;0.0;0.0;3.895;0.0;3.895
0;3;148;0.0;0.0;0.0;4.433;0.0;4.433
0;3;149;0.0;0.0;0.0;5.24;0.0;5.24
0;3;150;0.0;0.0;0.0;7.993;0.0;7.993
0;3;151;0.0;0.0;0.0;22.044;0.0;22.044
0;3;152;0.0;0.0;0.0;39.454;0.0;39.454
0;3;153;0.0;0.0;0.0;0.694;0.0;0.694
0;3;154;0.0;0.0;0.0;0.0;0.0;0.0
0;3;155;0.0;0.0;0.0;0.0;0.0;0.0
0;3;156;0.0;0.0;0.0;2.139;0.0;2.139
0;3;157;0.0;0.0;0.0;0.0;0.0;0.0
0;3;158;0.0;0.0;0.0;2.321;0.0;2.321
0;3;159;0.0;0.0;0.0;23.803;0.0;23.803
0;3;160;0.0;0.0;0.0;30.58;0.0;30.58
0;3;161;0.0;0.0;0.0;39.522;0.0;39.522
0;3;162;0.0;0.0;0.0;49.868;0.0;49.868
0;3;163;0.0;0.0;0.0;55.041;0.0;55.041
0;3;164;0.0;0.0;0.0;54.046;0.0;54.046
0;3;165;0.0;0.0;0.0;54.936;0.0;54.936
0;3;166;0.0;0.0;0.0;51.541;0.0;51.541
0;3;167;0.0;0.0;0.0;32.592;0.0;32.592
5;0;0;0.0;0.0;0.0;34.846;0.0;34.846
5;0;1;0.0;0.0;0.0;74.061;0.0;74.061
5;0;2;0.0;0.0;0.0;10.431;0.0;10.431
5;0;3;0.0;0.0;0.0;0.0;0.0;0.0
5;0;4;0.0;0.0;0.0;0.0;0.0;0.0
5;0;5;0.0;0.0;0.0;0.0;0.0;0.0
5;0;6;0.0;0.0;0.0;2.361;0.0;2.361
5;0;7;0.0;0.0;0.0;17.71;0.0;17.71
5;0;8;0.0;0.0;0.0;39.961;0.0;39.961
5;0;9;0.0;0.0;33.396;0.0;33.396;0.0
5;0;10;0.0;0.0;49.59;0.0;49.59;0.0
5;0;11;0.0;0.0;0.0;0.0;0.0;0.0
5;0;12;0.0;0.0;0.0;12.234;0.0;12.234
5;0;13;0.0;0.0;35.662;0.0;35.662;0.0
5;0;14;0.0;0.0;121.784;0.0;121.784;0.0
5;0;15;0.0;0.0;30.371;0.0;30.371;0.0
5;0;16;0.0;0.0;0.0;11.63;0.0;11.63
5;0;17;0.0;0.0;0.0;32.834;0.0;32.834
5;0;18;0.0;0.0;0.0;95.921;0.0;95.921
5;0;19;0.0;0.0;0.0;118.571;0.0;118.571
5;0;20;0.0;0.0;0.0;127.203;0.0;127.203
5;0;21;0.0;0.0;0.0;122.655;0.0;122.655
5;0;22;0.0;0.0;0.0;122.011;0.0;122.011
5;0;23;0.0;0.0;0.0;114.401;0.0;114.401
5;0;24;0.0;0.0;0.0;6.598;0.0;6.598
5;0;25;0.0;0.0;0.0;0.0;0.0;0.0
5;0;26;0.0;0.0;0.0;0.0;0.0;0.0
5;0;27;0.0;0.0;0.0;0.0;0.0;0.0
5;0;28;0.0;0.0;0.0;0.0;0.0;0.0
5;0;29;0.0;0.0;0.0;0.0;0.0;0.0
5;0;30;0.0;0.0;0.0;0.0;0.0;0.0
5;0;31;0.0;0.0;0.0;0.0;0.0;0.0
5;0;32;0.0;0.0;42.076;0.0;42.076;0.0
5;0;33;0.0;0.0;40.968;0.0;40.968;0.0
5;0;34;0.0;0.0;142.276;0.0;142.276;0.0
5;0;35;0.0;0.0;182.553;0.0;182.553;0.0
5;0;36;0.0;0.0;93.664;0.0;93.664;0.0
5;0;37;0.0;0.0;25.69;0.0;25.69;0.0
5;0;38;0.0;0.0;14.898;0.0;14.898;0.0
5;0;39;0.0;0.0;0.0;0.0;0.0;0.0
5;0;40;0.0;0.0;0.0;0.0;0.0;0.0
5;0;41;0.0;0.0;0.0;0.0;0.0;0.0
5;0;42;0.0;0.0;0.0;55.12;0.0;55.12
5;0;43;0.0;0.0;0.0;68.444;0.0;68.444
5;0;44;0.0;0.0;0.0;121.724;0.0;121.724
5;0;45;0.0;0.0;0.0;65.643;0.0;65.643
5;0;46;0.0;0.0;0.0;125.55;0.0;125.55
5;0;47;0.0;0.0;0.0;98.28;0.0;98.28
5;0;48;0.0;0.0;0.0;63.855;0.0;63.855
5;0;49;0.0;0.0;0.0;68.215;0.0;68.215
5;0;50;0.0;0.0;0.0;67.423;0.0;67.423
5;0;51;0.0;0.0;0.0;69.354;0.0;69.354
5;0;52;0.0;0.0;0.0;68.22;0.0;68.22
5;0;53;0.0;0.0;0.0;68.971;0.0;68.971
5;0;54;0.0;0.0;0.0;47.246;0.0;47.246
5;0;55;0.0;0.0;0.0;59.313;0.0;59.313
5;0;56;0.0;0.0;19.663;0.0;19.663;0.0
5;0;57;0.0;0.0;114.438;0.0;114.438;0.0
5;0;58;0.0;0.0;87.11;0.0;87.11;0.0
5;0;59;0.0;0.0;20.273;0.0;20.273;0.0
5;0;60;0.0;0.0;54.503;0.0;54.503;0.0
5;0;61;0.0;0.0;145.597;0.0;145.597;0.0
5;0;62;0.0;0.0;84.571;0.0;84.571;0.0
5;0;63;0.0;0.0;78.41;0.0;78.41;0.0
5;0;64;0.0;0.0;71.051;0.0;71.051;0.0
5;0;65;0.0;0.0;74.826;0.0;74.826;0.0
5;0;66;0.0;0.0;0.0;32.207;0.0;32.207
5;0;67;0.0;0.0;0.0;94.972;0.0;94.972
5;0;68;0.0;0.0;0.0;119.321;0.0;119.321
5;0;69;0.0;0.0;0.0;134.86;0.0;134.86
5;0;70;0.0;0.0;0.0;65.53;0.0;65.53
5;0;71;0.0;0.0;0.0;53.944;0.0;53.944
5;0;72;0.0;0.0;0.0;9.009;0.0;9.009
5;0;73;0.0;0.0;0.0;14.717;0.0;14.717
5;0;74;0.0;0.0;0.0;9.814;0.0;9.814
5;0;75;0.0;0.0;0.0;11.762;0.0;11.762
5;0;76;0.0;0.0;0.0;8.633;0.0;8.633
5;0;77;0.0;0.0;0.0;11.175;0.0;11.175
5;0;78;0.0;0.0;0.0;8.883;0.0;8.883
5;0;79;0.0;0.0;0.0;0.0;0.0;0.0
5;0;80;0.0;0.0;37.08;0.0;37.08;0.0
5;0;81;0.0;0.0;140.313;0.0;140.313;0.0
5;0;82;0.0;0.0;205.06;0.0;205.06;0.0
5;0;83;0.0;0.0;244.589;0.0;244.589;0.0
5;0;84;0.0;0.0;149.928;0.0;149.928;0.0
5;0;85;0.0;0.0;67.656;0.0;67.656;0.0
5;0;86;0.0;0.0;56.872;0.0;56.872;0.0
5;0;87;0.0;0.0;23.822;0.0;23.822;0.0
5;0;88;0.0;0.0;14.566;0.0;14.566;0.0
5;0;89;0.0;0.0;0.0;0.584;0.0;0.584
5;0;90;0.0;0.0;0.0;16.945;0.0;16.945
5;0;91;0.0;0.0;0.0;51.669;0.0;51.669
5;0;92;0.0;0.0;0.0;68.83;0.0;68.83
5;0;93;0.0;0.0;0.0;81.357;0.0;81.357
5;0;94;0.0;0.0;0.0;63.461;0.0;63.461
5;0;95;0.0;0.0;0.0;34.433;0.0;34.433
5;0;96;0.0;0.0;0.0;6.638;0.0;6.638
5;0;97;0.0;0.0;0.0;18.457;0.0;18.457
5;0;98;0.0;0.0;0.0;11.381;0.0;11.381
5;0;99;0.0;0.0;0.0;9.371;0.0;9.371
5;0;100;0.0;0.0;0.0;11.988;0.0;11.988
5;0;101;0.0;0.0;0.0;11.219;0.0;11.219
5;0;102;0.0;0.0;0.0;10.556;0.0;10.556
5;0;103;0.0;0.0;0.0;9.696;0.0;9.696
5;0;104;0.0;0.0;0.0;0.0;0.0;0.0
5;0;105;0.0;0.0;0.0;0.0;0.0;0.0
5;0;106;0.0;0.0;130.947;0.0;130.947;0.0
5;0;107;0.0;0.0;163.142;0.0;163.142;0.0
5;0;108;0.0;0.0;23.699;0.0;23.699;0.0
5;0;109;0.0;0.0;0.0;0.0;0.0;0.0
5;0;110;0.0;0.0;0.0;0.0;0.0;0.0
5;0;111;0.0;0.0;0.0;0.0;0.0;0.0
5;0;112;0.0;0.0;0.0;20.936;0.0;20.936
5;0;113;0.0;0.0;0.0;22.143;0.0;22.143
5;0;114;0.0;0.0;0.0;50.71;0.0;50.71
5;0;115;0.0;0.0;0.0;111.201;0.0;111.201
5;0;116;0.0;0.0;0.0;75.879;0.0;75.879
5;0;117;0.0;0.0;0.0;77.052;0.0;77.052
5;0;118;0.0;0.0;0.0;54.849;0.0;54.849
5;0;119;0.0;0.0;0.0;44.254;0.0;44.254
5;0;120;0.0;0.0;0.0;7.199;0.0;7.199
5;0;121;0.0;0.0;0.0;15.175;0.0;15.175
5;0;122;0.0;0.0;0.0;9.775;0.0;9.775
5;0;123;0.0;0.0;0.0;11.753;0.0;11.753
5;0;124;0.0;0.0;0.0;9.176;0.0;9.176
5;0;125;0.0;0.0;0.0;8.831;0.0;8.831
5;0;126;0.0;0.0;0.0;13.265;0.0;13.265
5;0;127;0.0;0.0;0.0;0.0;0.0;0.0
5;0;128;0.0;0.0;32.901;0.0;32.901;0.0
5;0;129;0.0;0.0;128.863;0.0;128.863;0.0
5;0;130;0.0;0.0;225.722;0.0;225.722;0.0
5;0;131;0.0;0.0;312.604;0.0;312.604;0.0
5;0;132;0.0;0.0;322.033;0.0;322.033;0.0
5;0;133;0.0;0.0;186.929;0.0;186.929;0.0
5;0;134;0.0;0.0;116.252;0.0;116.252;0.0
5;0;135;0.0;0.0;113.584;0.0;113.584;0.0
5;0;136;0.0;0.0;99.953;0.0;99.953;0.0
5;0;137;0.0;0.0;61.822;0.0;61.822;0.0
5;0;138;0.0;0.0;7.397;0.0;7.397;0.0
5;0;139;0.0;0.0;0.0;62.058;0.0;62.058
5;0;140;0.0;0.0;0.0;60.632;0.0;60.632
5;0;141;0.0;0.0;0.0;71.17;0.0;71.17
5;0;142;0.0;0.0;0.0;54.881;0.0;54.881
5;0;143;0.0;0.0;0.0;37.942;0.0;37.942
5;0;144;0.0;0.0;0.0;6.535;0.0;6.535
5;0;145;0.0;0.0;0.0;12.894;0.0;12.894
5;0;146;0.0;0.0;0.0;10.162;0.0;10.162
5;0;147;0.0;0.0;0.0;10.456;0.0;10.456
5;0;148;0.0;0.0;0.0;9.575;0.0;9.575
5;0;149;0.0;0.0;0.0;10.374;0.0;10.374
5;0;150;0.0;0.0;0.0;12.787;0.0;12.787
5;0;151;0.0;0.0;0.0;12.858;0.0;12.858
5;0;152;0.0;0.0;10.135;0.0;10.135;0.0
5;0;153;0.0;0.0;75.734;0.0;75.734;0.0
5;0;154;0.0;0.0;227.591;0.0;227.591;0.0
5;0;155;0.0;0.0;326.885;0.0;326.885;0.0
5;0;156;0.0;0.0;356.116;0.0;356.116;0.0
5;0;157;0.0;0.0;353.583;0.0;353.583;0.0
5;0;158;0.0;0.0;306.008;0.0;306.008;0.0
5;0;159;0.0;0.0;209.343;0.0;209.343;0.0
5;0;160;0.0;0.0;119.577;0.0;119.577;0.0
5;0;161;0.0;0.0;100.623;0.0;100.623;0.0
5;0;162;0.0;0.0;9.377;0.0;9.377;0.0
5;0;163;0.0;0.0;0.0;47.608;0.0;47.608
5;0;164;0.0;0.0;0.0;67.584;0.0;67.584
5;0;165;0.0;0.0;0.0;63.867;0.0;63.867
5;0;166;0.0;0.0;0.0;62.3;0.0;62.3
5;0;167;0.0;0.0;0.0;46.241;0.0;46.241
5;1;0;0.0;0.0;0.0;6.696;0.0;6.696
5;1;1;0.0;0.0;0.0;12.608;0.0;12.608
5;1;2;0.0;0.0;0.0;10.595;0.0;10.595
5;1;3;0.0;0.0;0.0;9.681;0.0;9.681
5;1;4;0.0;0.0;0.0;8.965;0.0;8.965
5;1;5;0.0;0.0;0.0;9.933;0.0;9.933
5;1;6;0.0;0.0;0.0;7.3;0.0;7.3
5;1;7;0.0;0.0;19.618;0.0;19.618;0.0
5;1;8;0.0;0.0;71.336;0.0;71.336;0.0
5;1;9;0.0;0.0;165.211;0.0;165.211;0.0
5;1;10;0.0;0.0;241.754;0.0;241.754;0.0
5;1;11;0.0;0.0;279.858;0.0;279.858;0.0
5;1;12;0.0;0.0;307.963;0.0;307.963;0.0
5;1;13;0.0;0.0;337.157;0.0;337.157;0.0
5;1;14;0.0;0.0;282.977;0.0;282.977;0.0
5;1;15;0.0;0.0;170.287;0.0;170.287;0.0
5;1;16;0.0;0.0;109.386;0.0;109.386;0.0
5;1;17;0.0;0.0;43.008;0.0;43.008;0.0
5;1;18;0.0;0.0;0.0;18.26;0.0;18.26
5;1;19;0.0;0.0;0.0;69.629;0.0;69.629
5;1;20;0.0;0.0;0.0;59.861;0.0;59.861
5;1;21;0.0;0.0;0.0;58.803;0.0;58.803
5;1;22;0.0;0.0;0.0;71.945;0.0;71.945
5;1;23;0.0;0.0;0.0;37.22;0.0;37.22
5;1;24;0.0;0.0;0.0;8.04;0.0;8.04
5;1;25;0.0;0.0;0.0;10.665;0.0;10.665
5;1;26;0.0;0.0;0.0;9.609;0.0;9.609
5;1;27;0.0;0.0;0.0;12.461;0.0;12.461
5;1;28;0.0;0.0;0.0;9.458;0.0;9.458
5;1;29;0.0;0.0;0.0;10.517;0.0;10.517
5;1;30;0.0;0.0;0.0;9.985;0.0;9.985
5;1;31;0.0;0.0;14.885;0.0;14.885;0.0
5;1;32;0.0;0.0;83.462;0.0;83.462;0.0
5;1;33;0.0;0.0;161.123;0.0;161.123;0.0
5;1;34;0.0;0.0;219.056;0.0;219.056;0.0
5;1;35;0.0;0.0;274.833;0.0;274.833;0.0
5;1;36;0.0;0.0;330.671;0.0;330.671;0.0
5;1;37;0.0;0.0;339.103;0.0;339.103;0.0
5;1;38;0.0;0.0;326.089;0.0;326.089;0.0
5;1;39;0.0;0.0;260.263;0.0;260.263;0.0
5;1;40;0.0;0.0;184.836;0.0;184.836;0.0
5;1;41;0.0;0.0;75.514;0.0;75.514;0.0
5;1;42;0.0;0.0;0.0;1.774;0.0;1.774
5;1;43;0.0;0.0;0.0;52.294;0.0;52.294
5;1;44;0.0;0.0;0.0;81.121;0.0;81.121
5;1;45;0.0;0.0;0.0;70.154;0.0;70.154
5;1;46;0.0;0.0;0.0;75.584;0.0;75.584
5;1;47;0.0;0.0;0.0;31.365;0.0;31.365
5;1;48;0.0;0.0;0.0;6.57;0.0;6.57
5;1;49;0.0;0.0;0.0;11.634;0.0;11.634
5;1;50;0.0;0.0;0.0;10.139;0.0;10.139
5;1;51;0.0;0.0;0.0;10.45;0.0;10.45
5;1;52;0.0;0.0;0.0;12.562;0.0;12.562
5;1;53;0.0;0.0;0.0;14.805;0.0;14.805
5;1;54;0.0;0.0;0.0;18.259;0.0;18.259
5;1;55;0.0;0.0;0.0;10.43;0.0;10.43
5;1;56;0.0;0.0;60.423;0.0;60.423;0.0
5;1;57;0.0;0.0;140.506;0.0;140.506;0.0
5;1;58;0.0;0.0;210.815;0.0;210.815;0.0
5;1;59;0.0;0.0;258.399;0.0;258.399;0.0
5;1;60;0.0;0.0;312.092;0.0;312.092;0.0
5;1;61;0.0;0.0;259.275;0.0;259.275;0.0
5;1;62;0.0;0.0;172.547;0.0;172.547;0.0
5;1;63;0.0;0.0;56.085;0.0;56.085;0.0
5;1;64;0.0;0.0;92.818;0.0;92.818;0.0
5;1;65;0.0;0.0;65.839;0.0;65.839;0.0
5;1;66;0.0;0.0;0.0;14.123;0.0;14.123
5;1;67;0.0;0.0;0.0;68.128;0.0;68.128
5;1;68;0.0;0.0;0.0;60.348;0.0;60.348
5;1;69;0.0;0.0;0.0;71.593;0.0;71.593
5;1;70;0.0;0.0;0.0;69.254;0.0;69.254
5;1;71;0.0;0.0;0.0;43.563;0.0;43.563
5;1;72;0.0;0.0;0.0;6.47;0.0;6.47
5;1;73;0.0;0.0;0.0;12.825;0.0;12.825
5;1;74;0.0;0.0;0.0;11.026;0.0;11.026
5;1;75;0.0;0.0;0.0;12.767;0.0;12.767
5;1;76;0.0;0.0;0.0;14.628;0.0;14.628
5;1;77;0.0;0.0;0.0;10.176;0.0;10.176
5;1;78;0.0;0.0;0.0;7.539;0.0;7.539
5;1;79;0.0;0.0;9.948;0.0;9.948;0.0
5;1;80;0.0;0.0;86.362;0.0;86.362;0.0
5;1;81;0.0;0.0;177.867;0.0;177.867;0.0
5;1;82;0.0;0.0;243.956;0.0;243.956;0.0
5;1;83;0.0;0.0;291.021;0.0;291.021;0.0
5;1;84;0.0;0.0;332.837;0.0;332.837;0.0
5;1;85;0.0;0.0;309.997;0.0;309.997;0.0
5;1;86;0.0;0.0;245.258;0.0;245.258;0.0
5;1;87;0.0;0.0;244.574;0.0;244.574;0.0
5;1;88;0.0;0.0;115.897;0.0;115.897;0.0
5;1;89;0.0;0.0;46.375;0.0;46.375;0.0
5;1;90;0.0;0.0;0.0;7.067;0.0;7.067
5;1;91;0.0;0.0;0.0;62.328;0.0;62.328
5;1;92;0.0;0.0;0.0;56.721;0.0;56.721
5;1;93;0.0;0.0;0.0;56.572;0.0;56.572
5;1;94;0.0;0.0;0.0;50.854;0.0;50.854
5;1;95;0.0;0.0;0.0;51.674;0.0;51.674
5;1;96;0.0;0.0;0.0;6.629;0.0;6.629
5;1;97;0.0;0.0;0.0;14.766;0.0;14.766
5;1;98;0.0;0.0;0.0;10.288;0.0;10.288
5;1;99;0.0;0.0;0.0;9.867;0.0;9.867
5;1;100;0.0;0.0;0.0;10.454;0.0;10.454
5;1;101;0.0;0.0;0.0;12.071;0.0;12.071
5;1;102;0.0;0.0;0.0;11.47;0.0;11.47
5;1;103;0.0;0.0;13.953;0.0;13.953;0.0
5;1;104;0.0;0.0;57.95;0.0;57.95;0.0
5;1;105;0.0;0.0;59.661;0.0;59.661;0.0
5;1;106;0.0;0.0;162.6;0.0;162.6;0.0
5;1;107;0.0;0.0;305.356;0.0;305.356;0.0
5;1;108;0.0;0.0;356.064;0.0;356.064;0.0
5;1;109;0.0;0.0;283.571;0.0;283.571;0.0
5;1;110;0.0;0.0;132.566;0.0;132.566;0.0
5;1;111;0.0;0.0;102.241;0.0;102.241;0.0
5;1;112;0.0;0.0;79.003;0.0;79.003;0.0
5;1;113;0.0;0.0;44.529;0.0;44.529;0.0
5;1;114;0.0;0.0;3.904;0.0;3.904;0.0
5;1;115;0.0;0.0;0.0;64.96;0.0;64.96
5;1;116;0.0;0.0;0.0;81.172;0.0;81.172
5;1;117;0.0;0.0;0.0;56.898;0.0;56.898
5;1;118;0.0;0.0;0.0;83.883;0.0;83.883
5;1;119;0.0;0.0;0.0;43.344;0.0;43.344
5;1;120;0.0;0.0;0.0;6.513;0.0;6.513
5;1;121;0.0;0.0;0.0;10.738;0.0;10.738
5;1;122;0.0;0.0;0.0;10.428;0.0;10.428
5;1;123;0.0;0.0;0.0;9.602;0.0;9.602
5;1;124;0.0;0.0;0.0;9.351;0.0;9.351
5;1;125;0.0;0.0;0.0;11.092;0.0;11.092
5;1;126;0.0;0.0;0.0;12.738;0.0;12.738
5;1;127;0.0;0.0;0.0;14.759;0.0;14.759
5;1;128;0.0;0.0;65.383;0.0;65.383;0.0
5;1;129;0.0;0.0;164.432;0.0;164.432;0.0
5;1;130;0.0;0.0;249.701;0.0;249.701;0.0
5;1;131;0.0;0.0;310.85;0.0;310.85;0.0
5;1;132;0.0;0.0;338.117;0.0;338.117;0.0
5;1;133;0.0;0.0;316.237;0.0;316.237;0.0
5;1;134;0.0;0.0;245.884;0.0;245.884;0.0
5;1;135;0.0;0.0;156.687;0.0;156.687;0.0
5;1;136;0.0;0.0;105.245;0.0;105.245;0.0
5;1;137;0.0;0.0;69.652;0.0;69.652;0.0
5;1;138;0.0;0.0;0.0;12.574;0.0;12.574
5;1;139;0.0;0.0;0.0;65.778;0.0;65.778
5;1;140;0.0;0.0;0.0;77.767;0.0;77.767
5;1;141;0.0;0.0;0.0;67.793;0.0;67.793
5;1;142;0.0;0.0;0.0;53.987;0.0;53.987
5;1;143;0.0;0.0;0.0;49.054;0.0;49.054
5;1;144;0.0;0.0;0.0;6.902;0.0;6.902
5;1;145;0.0;0.0;0.0;9.212;0.0;9.212
5;1;146;0.0;0.0;0.0;8.28;0.0;8.28
5;1;147;0.0;0.0;0.0;8.302;0.0;8.302
5;1;148;0.0;0.0;0.0;10.119;0.0;10.119
5;1;149;0.0;0.0;0.0;10.153;0.0;10.153
5;1;150;0.0;0.0;0.0;11.613;0.0;11.613
5;1;151;0.0;0.0;0.0;5.435;0.0;5.435
5;1;152;0.0;0.0;71.699;0.0;71.699;0.0
5;1;153;0.0;0.0;178.107;0.0;178.107;0.0
5;1;154;0.0;0.0;249.544;0.0;249.544;0.0
5;1;155;0.0;0.0;319.278;0.0;319.278;0.0
5;1;156;0.0;0.0;336.919;0.0;336.919;0.0
5;1;157;0.0;0.0;337.631;0.0;337.631;0.0
5;1;158;0.0;0.0;250.824;0.0;250.824;0.0
5;1;159;0.0;0.0;202.269;0.0;202.269;0.0
5;1;160;0.0;0.0;153.532;0.0;153.532;0.0
5;1;161;0.0;0.0;78.228;0.0;78.228;0.0
5;1;162;0.0;0.0;0.0;17.886;0.0;17.886
5;1;163;0.0;0.0;0.0;78.986;0.0;78.986
5;1;164;0.0;0.0;0.0;73.446;0.0;73.446
5;1;165;0.0;0.0;0.0;92.854;0.0;92.854
5;1;166;0.0;0.0;0.0;76.863;0.0;76.863
5;1;167;0.0;0.0;0.0;54.392;0.0;54.392
5;2;0;0.0;0.0;0.0;58.985;0.0;58.985
5;2;1;0.0;0.0;0.0;69.428;0.0;69.428
5;2;2;0.0;0.0;0.0;63.365;0.0;63.365
5;2;3;0.0;0.0;0.0;9.164;0.0;9.164
5;2;4;0.0;0.0;0.0;64.79;0.0;64.79
5;2;5;0.0;0.0;0.0;29.862;0.0;29.862
5;2;6;0.0;0.0;0.0;21.67;0.0;21.67
5;2;7;0.0;0.0;0.0;29.433;0.0;29.433
5;2;8;0.0;0.0;0.0;26.002;0.0;26.002
5;2;9;0.0;0.0;0.0;0.0;0.0;0.0
5;2;10;0.0;0.0;106.832;0.0;106.832;0.0
5;2;11;0.0;0.0;203.709;0.0;203.709;0.0
5;2;12;0.0;0.0;182.654;0.0;182.654;0.0
5;2;13;0.0;0.0;74.754;0.0;74.754;0.0
5;2;14;0.0;0.0;42.579;0.0;42.579;0.0
5;2;15;0.0;0.0;85.432;0.0;85.432;0.0
5;2;16;0.0;0.0;0.0;7.685;0.0;7.685
5;2;17;0.0;0.0;0.0;95.013;0.0;95.013
5;2;18;0.0;0.0;0.0;115.931;0.0;115.931
5;2;19;0.0;0.0;0.0;132.831;0.0;132.831
5;2;20;0.0;0.0;0.0;130.852;0.0;130.852
5;2;21;0.0;0.0;0.0;127.082;0.0;127.082
5;2;22;0.0;0.0;0.0;110.404;0.0;110.404
5;2;23;0.0;0.0;0.0;42.411;0.0;42.411
5;2;24;0.0;0.0;0.0;6.538;0.0;6.538
5;2;25;0.0;0.0;0.0;14.135;0.0;14.135
5;2;26;0.0;0.0;0.0;10.288;0.0;10.288
5;2;27;0.0;0.0;0.0;11.891;0.0;11.891
5;2;28;0.0;0.0;0.0;70.372;0.0;70.372
5;2;29;0.0;0.0;0.0;10.064;0.0;10.064
5;2;30;0.0;0.0;0.0;19.818;0.0;19.818
5;2;31;0.0;0.0;0.0;89.926;0.0;89.926
5;2;32;0.0;0.0;0.0;81.721;0.0;81.721
5;2;33;0.0;0.0;4.964;0.0;4.964;0.0
5;2;34;0.0;0.0;69.658;0.0;69.658;0.0
5;2;35;0.0;0.0;126.101;0.0;126.101;0.0
5;2;36;0.0;0.0;140.32;0.0;140.32;0.0
5;2;37;0.0;0.0;108.772;0.0;108.772;0.0
5;2;38;0.0;0.0;74.778;0.0;74.778;0.0
5;2;39;0.0;0.0;28.799;0.0;28.799;0.0
5;2;40;0.0;0.0;0.0;69.868;0.0;69.868
5;2;41;0.0;0.0;0.0;95.131;0.0;95.131
5;2;42;0.0;0.0;0.0;125.287;0.0;125.287
5;2;43;0.0;0.0;0.0;66.916;0.0;66.916
5;2;44;0.0;0.0;0.0;68.123;0.0;68.123
5;2;45;0.0;0.0;0.0;59.501;0.0;59.501
5;2;46;0.0;0.0;0.0;78.855;0.0;78.855
5;2;47;0.0;0.0;0.0;47.071;0.0;47.071
5;2;48;0.0;0.0;0.0;9.326;0.0;9.326
5;2;49;0.0;0.0;0.0;11.726;0.0;11.726
5;2;50;0.0;0.0;0.0;8.765;0.0;8.765
5;2;51;0.0;0.0;0.0;8.418;0.0;8.418
5;2;52;0.0;0.0;0.0;14.13;0.0;14.13
5;2;53;0.0;0.0;0.0;51.785;0.0;51.785
5;2;54;0.0;0.0;0.0;63.983;0.0;63.983
5;2;55;0.0;0.0;0.0;76.887;0.0;76.887
5;2;56;0.0;0.0;0.0;87.446;0.0;87.446
5;2;57;0.0;0.0;0.0;53.542;0.0;53.542
5;2;58;0.0;0.0;0.0;0.0;0.0;0.0
5;2;59;0.0;0.0;0.344;0.0;0.344;0.0
5;2;60;0.0;0.0;55.634;0.0;55.634;0.0
5;2;61;0.0;0.0;50.532;0.0;50.532;0.0
5;2;62;0.0;0.0;16.431;0.0;16.431;0.0
5;2;63;0.0;0.0;44.04;0.0;44.04;0.0
5;2;64;0.0;0.0;0.0;46.353;0.0;46.353
5;2;65;0.0;0.0;0.0;105.239;0.0;105.239
5;2;66;0.0;0.0;0.0;57.741;0.0;57.741
5;2;67;0.0;0.0;0.0;73.403;0.0;73.403
5;2;68;0.0;0.0;0.0;70.229;0.0;70.229
5;2;69;0.0;0.0;0.0;68.424;0.0;68.424
5;2;70;0.0;0.0;0.0;68.373;0.0;68.373
5;2;71;0.0;0.0;0.0;47.572;0.0;47.572
5;2;72;0.0;0.0;0.0;6.541;0.0;6.541
5;2;73;0.0;0.0;0.0;11.396;0.0;11.396
5;2;74;0.0;0.0;0.0;10.153;0.0;10.153
5;2;75;0.0;0.0;0.0;43.594;0.0;43.594
5;2;76;0.0;0.0;0.0;44.337;0.0;44.337
5;2;77;0.0;0.0;0.0;55.134;0.0;55.134
5;2;78;0.0;0.0;0.0;65.506;0.0;65.506
5;2;79;0.0;0.0;0.0;68.878;0.0;68.878
5;2;80;0.0;0.0;0.0;93.666;0.0;93.666
5;2;81;0.0;0.0;0.0;54.64;0.0;54.64
5;2;82;0.0;0.0;18.113;0.0;18.113;0.0
5;2;83;0.0;0.0;47.893;0.0;47.893;0.0
5;2;84;0.0;0.0;0.0;0.0;0.0;0.0
5;2;85;0.0;0.0;0.0;19.696;0.0;19.696
5;2;86;0.0;0.0;18.26;0.0;18.26;0.0
5;2;87;0.0;0.0;0.0;41.062;0.0;41.062
5;2;88;0.0;0.0;0.0;77.428;0.0;77.428
5;2;89;0.0;0.0;0.0;115.967;0.0;115.967
5;2;90;0.0;0.0;0.0;104.465;0.0;104.465
5;2;91;0.0;0.0;0.0;108.247;0.0;108.247
5;2;92;0.0;0.0;0.0;111.027;0.0;111.027
5;2;93;0.0;0.0;0.0;123.562;0.0;123.562
5;2;94;0.0;0.0;0.0;66.192;0.0;66.192
5;2;95;0.0;0.0;0.0;54.267;0.0;54.267
5;2;96;0.0;0.0;0.0;6.677;0.0;6.677
5;2;97;0.0;0.0;0.0;12.711;0.0;12.711
5;2;98;0.0;0.0;0.0;9.891;0.0;9.891
5;2;99;0.0;0.0;0.0;64.867;0.0;64.867
5;2;100;0.0;0.0;0.0;9.533;0.0;9.533
5;2;101;0.0;0.0;0.0;9.571;0.0;9.571
5;2;102;0.0;0.0;0.0;21.881;0.0;21.881
5;2;103;0.0;0.0;0.0;76.187;0.0;76.187
5;2;104;0.0;0.0;0.0;81.701;0.0;81.701
5;2;105;0.0;0.0;0.0;74.501;0.0;74.501
5;2;106;0.0;0.0;0.0;41.376;0.0;41.376
5;2;107;0.0;0.0;0.0;32.318;0.0;32.318
5;2;108;0.0;0.0;0.0;20.341;0.0;20.341
5;2;109;0.0;0.0;0.0;57.657;0.0;57.657
5;2;110;0.0;0.0;0.0;21.477;0.0;21.477
5;2;111;0.0;0.0;0.0;46.57;0.0;46.57
5;2;112;0.0;0.0;0.0;56.787;0.0;56.787
5;2;113;0.0;0.0;0.0;95.139;0.0;95.139
5;2;114;0.0;0.0;0.0;108.491;0.0;108.491
5;2;115;0.0;0.0;0.0;127.117;0.0;127.117
5;2;116;0.0;0.0;0.0;123.158;0.0;123.158
5;2;117;0.0;0.0;0.0;122.845;0.0;122.845
5;2;118;0.0;0.0;0.0;116.985;0.0;116.985
5;2;119;0.0;0.0;0.0;100.511;0.0;100.511
5;2;120;0.0;0.0;0.0;63.135;0.0;63.135
5;2;121;0.0;0.0;0.0;66.316;0.0;66.316
5;2;122;0.0;0.0;0.0;25.431;0.0;25.431
5;2;123;0.0;0.0;0.0;67.994;0.0;67.994
5;2;124;0.0;0.0;0.0;69.779;0.0;69.779
5;2;125;0.0;0.0;0.0;71.984;0.0;71.984
5;2;126;0.0;0.0;0.0;70.254;0.0;70.254
5;2;127;0.0;0.0;0.0;80.898;0.0;80.898
5;2;128;0.0;0.0;0.0;97.672;0.0;97.672
5;2;129;0.0;0.0;0.0;64.642;0.0;64.642
5;2;130;0.0;0.0;0.0;17.324;0.0;17.324
5;2;131;0.0;0.0;0.0;0.0;0.0;0.0
5;2;132;0.0;0.0;76.296;0.0;76.296;0.0
5;2;133;0.0;0.0;95.115;0.0;95.115;0.0
5;2;134;0.0;0.0;96.146;0.0;96.146;0.0
5;2;135;0.0;0.0;14.038;0.0;14.038;0.0
5;2;136;0.0;0.0;0.0;44.563;0.0;44.563
5;2;137;0.0;0.0;0.0;102.643;0.0;102.643
5;2;138;0.0;0.0;0.0;57.783;0.0;57.783
5;2;139;0.0;0.0;0.0;128.718;0.0;128.718
5;2;140;0.0;0.0;0.0;128.346;0.0;128.346
5;2;141;0.0;0.0;0.0;88.249;0.0;88.249
5;2;142;0.0;0.0;0.0;63.233;0.0;63.233
5;2;143;0.0;0.0;0.0;51.549;0.0;51.549
5;2;144;0.0;0.0;0.0;16.363;0.0;16.363
5;2;145;0.0;0.0;0.0;69.039;0.0;69.039
5;2;146;0.0;0.0;0.0;68.476;0.0;68.476
5;2;147;0.0;0.0;0.0;67.428;0.0;67.428
5;2;148;0.0;0.0;0.0;67.156;0.0;67.156
5;2;149;0.0;0.0;0.0;67.58;0.0;67.58
5;2;150;0.0;0.0;0.0;73.993;0.0;73.993
5;2;151;0.0;0.0;0.0;85.377;0.0;85.377
5;2;152;0.0;0.0;0.0;88.863;0.0;88.863
5;2;153;0.0;0.0;0.0;30.425;0.0;30.425
5;2;154;0.0;0.0;0.0;12.523;0.0;12.523
5;2;155;0.0;0.0;11.608;0.0;11.608;0.0
5;2;156;0.0;0.0;16.387;0.0;16.387;0.0
5;2;157;0.0;0.0;22.081;0.0;22.081;0.0
5;2;158;0.0;0.0;16.53;0.0;16.53;0.0
5;2;159;0.0;0.0;0.0;0.0;0.0;0.0
5;2;160;0.0;0.0;0.0;0.0;0.0;0.0
5;2;161;0.0;0.0;0.0;109.115;0.0;109.115
5;2;162;0.0;0.0;0.0;71.461;0.0;71.461
5;2;163;0.0;0.0;0.0;114.08;0.0;114.08
5;2;164;0.0;0.0;0.0;124.851;0.0;124.851
5;2;165;0.0;0.0;0.0;143.074;0.0;143.074
5;2;166;0.0;0.0;0.0;118.344;0.0;118.344
5;2;167;0.0;0.0;0.0;99.108;0.0;99.108
5;3;0;0.0;0.0;0.0;0.0;0.0;0.0
5;3;1;0.0;0.0;0.0;0.0;0.0;0.0
5;3;2;0.0;0.0;0.0;0.0;0.0;0.0
5;3;3;0.0;0.0;0.0;0.0;0.0;0.0
5;3;4;0.0;0.0;0.0;2.881;0.0;2.881
5;3;5;0.0;0.0;0.0;0.0;0.0;0.0
5;3;6;0.0;0.0;0.0;9.061;0.0;9.061
5;3;7;0.0;0.0;0.0;16.054;0.0;16.054
5;3;8;0.0;0.0;0.0;46.286;0.0;46.286
5;3;9;0.0;0.0;0.0;10.073;0.0;10.073
5;3;10;0.0;0.0;0.0;0.0;0.0;0.0
5;3;11;0.0;0.0;0.0;0.0;0.0;0.0
5;3;12;0.0;0.0;20.581;0.0;20.581;0.0
5;3;13;0.0;0.0;125.074;0.0;125.074;0.0
5;3;14;0.0;0.0;107.536;0.0;107.536;0.0
5;3;15;0.0;0.0;36.087;0.0;36.087;0.0
5;3;16;0.0;0.0;0.0;12.922;0.0;12.922
5;3;17;0.0;0.0;0.0;43.761;0.0;43.761
5;3;18;0.0;0.0;0.0;66.671;0.0;66.671
5;3;19;0.0;0.0;0.0;48.265;0.0;48.265
5;3;20;0.0;0.0;0.0;59.144;0.0;59.144
5;3;21;0.0;0.0;0.0;18.702;0.0;18.702
5;3;22;0.0;0.0;0.0;54.31;0.0;54.31
5;3;23;0.0;0.0;0.0;42.164;0.0;42.164
5;3;24;0.0;0.0;0.0;0.0;0.0;0.0
5;3;25;0.0;0.0;0.0;0.0;0.0;0.0
5;3;26;0.0;0.0;0.0;3.628;0.0;3.628
5;3;27;0.0;0.0;0.0;5.122;0.0;5.122
5;3;28;0.0;0.0;0.0;3.571;0.0;3.571
5;3;29;0.0;0.0;0.0;7.362;0.0;7.362
5;3;30;0.0;0.0;0.0;10.762;0.0;10.762
5;3;31;0.0;0.0;0.0;21.812;0.0;21.812
5;3;32;0.0;0.0;0.0;32.442;0.0;32.442
5;3;33;0.0;0.0;0.0;6.419;0.0;6.419
5;3;34;0.0;0.0;8.367;0.0;8.367;0.0
5;3;35;0.0;0.0;24.434;0.0;24.434;0.0
5;3;36;0.0;0.0;49.725;0.0;49.725;0.0
5;3;37;0.0;0.0;1.738;0.0;1.738;0.0
5;3;38;0.0;0.0;0.0;0.0;0.0;0.0
5;3;39;0.0;0.0;0.0;0.0;0.0;0.0
5;3;40;0.0;0.0;0.0;1.955;0.0;1.955
5;3;41;0.0;0.0;0.0;35.436;0.0;35.436
5;3;42;0.0;0.0;0.0;52.586;0.0;52.586
5;3;43;0.0;0.0;0.0;55.887;0.0;55.887
5;3;44;0.0;0.0;0.0;74.147;0.0;74.147
5;3;45;0.0;0.0;0.0;55.43;0.0;55.43
5;3;46;0.0;0.0;0.0;31.655;0.0;31.655
5;3;47;0.0;0.0;0.0;28.191;0.0;28.191
5;3;48;0.0;0.0;0.0;0.0;0.0;0.0
5;3;49;0.0;0.0;0.0;31.14;0.0;31.14
5;3;50;0.0;0.0;0.0;31.056;0.0;31.056
5;3;51;0.0;0.0;0.0;35.688;0.0;35.688
5;3;52;0.0;0.0;0.0;34.472;0.0;34.472
5;3;53;0.0;0.0;0.0;9.887;0.0;9.887
5;3;54;0.0;0.0;0.0;0.0;0.0;0.0
5;3;55;0.0;0.0;0.0;19.457;0.0;19.457
5;3;56;0.0;0.0;0.0;15.861;0.0;15.861
5;3;57;0.0;0.0;0.0;51.516;0.0;51.516
5;3;58;0.0;0.0;0.0;40.276;0.0;40.276
5;3;59;0.0;0.0;0.0;47.764;0.0;47.764
5;3;60;0.0;0.0;0.0;13.794;0.0;13.794
5;3;61;0.0;0.0;37.306;0.0;37.306;0.0
5;3;62;0.0;0.0;0.0;24.988;0.0;24.988
5;3;63;0.0;0.0;0.0;38.436;0.0;38.436
5;3;64;0.0;0.0;0.0;58.442;0.0;58.442
5;3;65;0.0;0.0;0.0;110.588;0.0;110.588
5;3;66;0.0;0.0;0.0;109.489;0.0;109.489
5;3;67;0.0;0.0;0.0;123.874;0.0;123.874
5;3;68;0.0;0.0;0.0;112.198;0.0;112.198
5;3;69;0.0;0.0;0.0;103.643;0.0;103.643
5;3;70;0.0;0.0;0.0;40.251;0.0;40.251
5;3;71;0.0;0.0;0.0;86.001;0.0;86.001
5;3;72;0.0;0.0;0.0;41.177;0.0;41.177
5;3;73;0.0;0.0;0.0;46.633;0.0;46.633
5;3;74;0.0;0.0;0.0;40.73;0.0;40.73
5;3;75;0.0;0.0;0.0;27.748;0.0;27.748
5;3;76;0.0;0.0;0.0;0.0;0.0;0.0
5;3;77;0.0;0.0;0.0;0.0;0.0;0.0
5;3;78;0.0;0.0;0.0;0.0;0.0;0.0
5;3;79;0.0;0.0;0.0;7.119;0.0;7.119
5;3;80;0.0;0.0;0.0;13.786;0.0;13.786
5;3;81;0.0;0.0;0.0;18.746;0.0;18.746
5;3;82;0.0;0.0;0.0;19.822;0.0;19.822
5;3;83;0.0;0.0;0.0;15.649;0.0;15.649
5;3;84;0.0;0.0;0.0;13.03;0.0;13.03
5;3;85;0.0;0.0;37.759;0.0;37.759;0.0
5;3;86;0.0;0.0;30.795;0.0;30.795;0.0
5;3;87;0.0;0.0;0.0;0.0;0.0;0.0
5;3;88;0.0;0.0;0.0;18.906;0.0;18.906
5;3;89;0.0;0.0;0.0;45.481;0.0;45.481
5;3;90;0.0;0.0;0.0;43.899;0.0;43.899
5;3;91;0.0;0.0;0.0;48.991;0.0;48.991
5;3;92;0.0;0.0;0.0;50.767;0.0;50.767
5;3;93;0.0;0.0;0.0;60.118;0.0;60.118
5;3;94;0.0;0.0;0.0;61.018;0.0;61.018
5;3;95;0.0;0.0;0.0;34.314;0.0;34.314
5;3;96;0.0;0.0;0.0;1.587;0.0;1.587
5;3;97;0.0;0.0;0.0;4.201;0.0;4.201
5;3;98;0.0;0.0;0.0;4.817;0.0;4.817
5;3;99;0.0;0.0;0.0;6.159;0.0;6.159
5;3;100;0.0;0.0;0.0;3.357;0.0;3.357
5;3;101;0.0;0.0;0.0;2.808;0.0;2.808
5;3;102;0.0;0.0;0.0;5.697;0.0;5.697
5;3;103;0.0;0.0;0.0;13.776;0.0;13.776
5;3;104;0.0;0.0;0.0;19.946;0.0;19.946
5;3;105;0.0;0.0;0.0;36.632;0.0;36.632
5;3;106;0.0;0.0;0.0;26.285;0.0;26.285
5;3;107;0.0;0.0;0.0;45.291;0.0;45.291
5;3;108;0.0;0.0;0.0;13.948;0.0;13.948
5;3;109;0.0;0.0;0.0;8.15;0.0;8.15
5;3;110;0.0;0.0;0.0;18.559;0.0;18.559
5;3;111;0.0;0.0;0.0;25.061;0.0;25.061
5;3;112;0.0;0.0;0.0;44.731;0.0;44.731
5;3;113;0.0;0.0;0.0;49.371;0.0;49.371
5;3;114;0.0;0.0;0.0;56.273;0.0;56.273
5;3;115;0.0;0.0;0.0;64.529;0.0;64.529
5;3;116;0.0;0.0;0.0;57.663;0.0;57.663
5;3;117;0.0;0.0;0.0;63.31;0.0;63.31
5;3;118;0.0;0.0;0.0;46.886;0.0;46.886
5;3;119;0.0;0.0;0.0;54.284;0.0;54.284
5;3;120;0.0;0.0;0.0;0.0;0.0;0.0
5;3;121;0.0;0.0;0.0;4.927;0.0;4.927
5;3;122;0.0;0.0;0.0;1.618;0.0;1.618
5;3;123;0.0;0.0;0.0;4.406;0.0;4.406
5;3;124;0.0;0.0;0.0;5.082;0.0;5.082
5;3;125;0.0;0.0;0.0;8.909;0.0;8.909
5;3;126;0.0;0.0;0.0;5.816;0.0;5.816
5;3;127;0.0;0.0;0.0;24.185;0.0;24.185
5;3;128;0.0;0.0;0.0;38.358;0.0;38.358
5;3;129;0.0;0.0;0.0;22.076;0.0;22.076
5;3;130;0.0;0.0;0.0;5.702;0.0;5.702
5;3;131;0.0;0.0;0.0;5.586;0.0;5.586
5;3;132;0.0;0.0;0.0;0.0;0.0;0.0
5;3;133;0.0;0.0;0.0;0.0;0.0;0.0
5;3;134;0.0;0.0;0.0;8.761;0.0;8.761
5;3;135;0.0;0.0;0.0;17.751;0.0;17.751
5;3;136;0.0;0.0;0.0;40.962;0.0;40.962
5;3;137;0.0;0.0;0.0;46.893;0.0;46.893
5;3;138;0.0;0.0;0.0;50.465;0.0;50.465
5;3;139;0.0;0.0;0.0;64.658;0.0;64.658
5;3;140;0.0;0.0;0.0;68.488;0.0;68.488
5;3;141;0.0;0.0;0.0;73.845;0.0;73.845
5;3;142;0.0;0.0;0.0;54.482;0.0;54.482
5;3;143;0.0;0.0;0.0;40.947;0.0;40.947
5;3;144;0.0;0.0;0.0;0.0;0.0;0.0
5;3;145;0.0;0.0;0.0;4.242;0.0;4.242
5;3;146;0.0;0.0;0.0;4.145;0.0;4.145
5;3;147;0.0;0.0;0.0;3.895;0.0;3.895
5;3;148;0.0;0.0;0.0;4.433;0.0;4.433
5;3;149;0.0;0.0;0.0;5.24;0.0;5.24
5;3;150;0.0;0.0;0.0;7.993;0.0;7.993
5;3;151;0.0;0.0;0.0;22.044;0.0;22.044
5;3;152;0.0;0.0;0.0;39.454;0.0;39.454
5;3;153;0.0;0.0;0.0;0.694;0.0;0.694
5;3;154;0.0;0.0;11.232;0.0;11.232;0.0
5;3;155;0.0;0.0;0.0;0.0;0.0;0.0
5;3;156;0.0;0.0;0.0;2.139;0.0;2.139
5;3;157;0.0;0.0;0.0;0.0;0.0;0.0
5;3;158;0.0;0.0;0.0;2.321;0.0;2.321
5;3;159;0.0;0.0;0.0;23.803;0.0;23.803
5;3;160;0.0;0.0;0.0;30.58;0.0;30.58
5;3;161;0.0;0.0;0.0;39.522;0.0;39.522
5;3;162;0.0;0.0;0.0;49.868;0.0;49.868
5;3;163;0.0;0.0;0.0;55.041;0.0;55.041
5;3;164;0.0;0.0;0.0;54.046;0.0;54.046
5;3;165;0.0;0.0;0.0;54.936;0.0;54.936
5;3;166;0.0;0.0;0.0;51.541;0.0;51.541
5;3;167;0.0;0.0;0.0;32.592;0.0;32.592
10;0;0;0.0;0.0;0.0;6.505;0.0;6.505
10;0;1;0.0;0.0;0.0;33.297;0.0;33.297
10;0;2;0.0;0.0;0.0;10.431;0.0;10.431
10;0;3;0.0;0.0;0.0;0.0;0.0;0.0
10;0;4;0.0;0.0;0.0;0.0;0.0;0.0
10;0;5;0.0;0.0;0.0;0.0;0.0;0.0
10;0;6;0.0;0.0;0.0;2.361;0.0;2.361
10;0;7;0.0;0.0;0.0;17.71;0.0;17.71
10;0;8;0.0;0.0;0.0;39.961;0.0;39.961
10;0;9;0.0;0.0;33.396;0.0;33.396;0.0
10;0;10;0.0;0.0;49.59;0.0;49.59;0.0
10;0;11;0.0;0.0;0.0;0.0;0.0;0.0
10;0;12;0.0;0.0;0.0;12.234;0.0;12.234
10;0;13;0.0;0.0;35.662;0.0;35.662;0.0
10;0;14;0.0;0.0;121.784;0.0;121.784;0.0
10;0;15;0.0;0.0;30.371;0.0;30.371;0.0
10;0;16;0.0;0.0;0.0;11.63;0.0;11.63
10;0;17;0.0;0.0;0.0;32.834;0.0;32.834
10;0;18;0.0;0.0;0.0;95.921;0.0;95.921
10;0;19;0.0;0.0;0.0;58.78;0.0;58.78
10;0;20;0.0;0.0;0.0;127.203;0.0;127.203
10;0;21;0.0;0.0;0.0;122.655;0.0;122.655
10;0;22;0.0;0.0;0.0;122.011;0.0;122.011
10;0;23;0.0;0.0;0.0;114.401;0.0;114.401
10;0;24;0.0;0.0;0.0;6.598;0.0;6.598
10;0;25;0.0;0.0;0.0;0.0;0.0;0.0
10;0;26;0.0;0.0;0.0;0.0;0.0;0.0
10;0;27;0.0;0.0;0.0;0.0;0.0;0.0
10;0;28;0.0;0.0;0.0;0.0;0.0;0.0
10;0;29;0.0;0.0;0.0;0.0;0.0;0.0
10;0;30;0.0;0.0;0.0;0.0;0.0;0.0
10;0;31;0.0;0.0;0.0;0.0;0.0;0.0
10;0;32;0.0;0.0;42.076;0.0;42.076;0.0
10;0;33;0.0;0.0;40.968;0.0;40.968;0.0
10;0;34;0.0;0.0;142.276;0.0;142.276;0.0
10;0;35;0.0;0.0;182.553;0.0;182.553;0.0
10;0;36;0.0;0.0;93.664;0.0;93.664;0.0
10;0;37;0.0;0.0;25.69;0.0;25.69;0.0
10;0;38;0.0;0.0;14.898;0.0;14.898;0.0
10;0;39;0.0;0.0;0.0;0.0;0.0;0.0
10;0;40;0.0;0.0;0.0;0.0;0.0;0.0
10;0;41;0.0;0.0;0.0;0.0;0.0;0.0
10;0;42;0.0;0.0;0.0;0.334;0.0;0.334
10;0;43;0.0;0.0;0.0;68.444;0.0;68.444
10;0;44;0.0;0.0;0.0;121.724;0.0;121.724
10;0;45;0.0;0.0;0.0;93.183;0.0;93.183
10;0;46;0.0;0.0;0.0;125.55;0.0;125.55
10;0;47;0.0;0.0;0.0;98.28;0.0;98.28
10;0;48;0.0;0.0;0.0;63.855;0.0;63.855
10;0;49;0.0;0.0;0.0;68.215;0.0;68.215
10;0;50;0.0;0.0;0.0;67.423;0.0;67.423
10;0;51;0.0;0.0;0.0;69.354;0.0;69.354
10;0;52;0.0;0.0;0.0;68.22;0.0;68.22
10;0;53;0.0;0.0;0.0;68.971;0.0;68.971
10;0;54;0.0;0.0;0.0;73.961;0.0;73.961
10;0;55;0.0;0.0;0.0;59.313;0.0;59.313
10;0;56;0.0;0.0;19.663;0.0;19.663;0.0
10;0;57;0.0;0.0;114.438;0.0;114.438;0.0
10;0;58;0.0;0.0;87.11;0.0;87.11;0.0
10;0;59;0.0;0.0;20.273;0.0;20.273;0.0
10;0;60;0.0;0.0;54.503;0.0;54.503;0.0
10;0;61;0.0;0.0;145.597;0.0;145.597;0.0
10;0;62;0.0;0.0;84.571;0.0;84.571;0.0
10;0;63;0.0;0.0;78.41;0.0;78.41;0.0
10;0;64;0.0;0.0;71.051;0.0;71.051;0.0
10;0;65;0.0;0.0;74.826;0.0;74.826;0.0
10;0;66;0.0;0.0;0.0;32.207;0.0;32.207
10;0;67;0.0;0.0;0.0;94.972;0.0;94.972
10;0;68;0.0;0.0;0.0;119.321;0.0;119.321
10;0;69;0.0;0.0;0.0;109.581;0.0;109.581
10;0;70;0.0;0.0;0.0;65.53;0.0;65.53
10;0;71;0.0;0.0;0.0;53.038;0.0;53.038
10;0;72;0.0;0.0;0.0;9.009;0.0;9.009
10;0;73;0.0;0.0;0.0;14.717;0.0;14.717
10;0;74;0.0;0.0;0.0;9.814;0.0;9.814
10;0;75;0.0;0.0;0.0;11.762;0.0;11.762
10;0;76;0.0;0.0;0.0;8.633;0.0;8.633
10;0;77;0.0;0.0;0.0;11.175;0.0;11.175
10;0;78;0.0;0.0;0.0;8.883;0.0;8.883
10;0;79;0.0;0.0;0.0;26.085;0.0;26.085
10;0;80;0.0;0.0;37.08;0.0;37.08;0.0
10;0;81;0.0;0.0;140.313;0.0;140.313;0.0
10;0;82;0.0;0.0;205.06;0.0;205.06;0.0
10;0;83;0.0;0.0;244.589;0.0;244.589;0.0
10;0;84;0.0;0.0;149.928;0.0;149.928;0.0
10;0;85;0.0;0.0;67.656;0.0;67.656;0.0
10;0;86;0.0;0.0;56.872;0.0;56.872;0.0
10;0;87;0.0;0.0;23.822;0.0;23.822;0.0
10;0;88;0.0;0.0;14.566;0.0;14.566;0.0
10;0;89;0.0;0.0;0.0;0.584;0.0;0.584
10;0;90;0.0;0.0;0.0;16.945;0.0;16.945
10;0;91;0.0;0.0;0.0;51.669;0.0;51.669
10;0;92;0.0;0.0;0.0;68.83;0.0;68.83
10;0;93;0.0;0.0;0.0;81.357;0.0;81.357
10;0;94;0.0;0.0;0.0;63.461;0.0;63.461
10;0;95;0.0;0.0;0.0;34.433;0.0;34.433
10;0;96;0.0;0.0;0.0;6.638;0.0;6.638
10;0;97;0.0;0.0;0.0;18.457;0.0;18.457
10;0;98;0.0;0.0;0.0;11.381;0.0;11.381
10;0;99;0.0;0.0;0.0;9.371;0.0;9.371
10;0;100;0.0;0.0;0.0;11.988;0.0;11.988
10;0;101;0.0;0.0;0.0;11.219;0.0;11.219
10;0;102;0.0;0.0;0.0;10.556;0.0;10.556
10;0;103;0.0;0.0;0.0;9.696;0.0;9.696
10;0;104;0.0;0.0;0.0;0.0;0.0;0.0
10;0;105;0.0;0.0;0.0;0.0;0.0;0.0
10;0;106;0.0;0.0;130.947;0.0;130.947;0.0
10;0;107;0.0;0.0;163.142;0.0;163.142;0.0
10;0;108;0.0;0.0;23.699;0.0;23.699;0.0
10;0;109;0.0;0.0;0.0;0.0;0.0;0.0
10;0;110;0.0;0.0;0.0;0.0;0.0;0.0
10;0;111;0.0;0.0;0.0;0.0;0.0;0.0
10;0;112;0.0;0.0;0.0;20.936;0.0;20.936
10;0;113;0.0;0.0;0.0;22.143;0.0;22.143
10;0;114;0.0;0.0;0.0;50.71;0.0;50.71
10;0;115;0.0;0.0;0.0;111.201;0.0;111.201
10;0;116;0.0;0.0;0.0;75.879;0.0;75.879
10;0;117;0.0;0.0;0.0;77.052;0.0;77.052
10;0;118;0.0;0.0;0.0;54.849;0.0;54.849
10;0;119;0.0;0.0;0.0;44.254;0.0;44.254
10;0;120;0.0;0.0;0.0;7.199;0.0;7.199
10;0;121;0.0;0.0;0.0;15.175;0.0;15.175
10;0;122;0.0;0.0;0.0;9.775;0.0;9.775
10;0;123;0.0;0.0;0.0;11.753;0.0;11.753
10;0;124;0.0;0.0;0.0;9.176;0.0;9.176
10;0;125;0.0;0.0;0.0;8.831;0.0;8.831
10;0;126;0.0;0.0;0.0;13.265;0.0;13.265
10;0;127;0.0;0.0;0.0;0.0;0.0;0.0
10;0;128;0.0;0.0;32.901;0.0;32.901;0.0
10;0;129;0.0;0.0;128.863;0.0;128.863;0.0
10;0;130;0.0;0.0;225.722;0.0;225.722;0.0
10;0;131;0.0;0.0;312.604;0.0;312.604;0.0
10;0;132;0.0;0.0;322.033;0.0;322.033;0.0
10;0;133;0.0;0.0;186.929;0.0;186.929;0.0
10;0;134;0.0;0.0;116.252;0.0;116.252;0.0
10;0;135;0.0;0.0;154.366;0.0;154.366;0.0
10;0;136;0.0;0.0;118.539;0.0;118.539;0.0
10;0;137;0.0;0.0;19.251;0.0;19.251;0.0
10;0;138;0.0;0.0;7.397;0.0;7.397;0.0
10;0;139;0.0;0.0;0.0;62.058;0.0;62.058
10;0;140;0.0;0.0;0.0;60.632;0.0;60.632
10;0;141;0.0;0.0;0.0;71.17;0.0;71.17
10;0;142;0.0;0.0;0.0;54.881;0.0;54.881
10;0;143;0.0;0.0;0.0;37.942;0.0;37.942
10;0;144;0.0;0.0;0.0;6.535;0.0;6.535
10;0;145;0.0;0.0;0.0;12.894;0.0;12.894
10;0;146;0.0;0.0;0.0;10.162;0.0;10.162
10;0;147;0.0;0.0;0.0;10.456;0.0;10.456
10;0;148;0.0;0.0;0.0;9.575;0.0;9.575
10;0;149;0.0;0.0;0.0;10.374;0.0;10.374
10;0;150;0.0;0.0;0.0;12.787;0.0;12.787
10;0;151;0.0;0.0;0.0;12.858;0.0;12.858
10;0;152;0.0;0.0;0.0;0.0;0.0;0.0
10;0;153;0.0;0.0;69.839;0.0;69.839;0.0
10;0;154;0.0;0.0;227.591;0.0;227.591;0.0
10;0;155;0.0;0.0;326.885;0.0;326.885;0.0
10;0;156;0.0;0.0;356.116;0.0;356.116;0.0
10;0;157;0.0;0.0;353.583;0.0;353.583;0.0
10;0;158;0.0;0.0;306.008;0.0;306.008;0.0
10;0;159;0.0;0.0;209.343;0.0;209.343;0.0
10;0;160;0.0;0.0;119.577;0.0;119.577;0.0
10;0;161;0.0;0.0;100.623;0.0;100.623;0.0
10;0;162;0.0;0.0;9.377;0.0;9.377;0.0
10;0;163;0.0;0.0;0.0;47.608;0.0;47.608
10;0;164;0.0;0.0;0.0;67.584;0.0;67.584
10;0;165;0.0;0.0;0.0;63.867;0.0;63.867
10;0;166;0.0;0.0;0.0;62.3;0.0;62.3
10;0;167;0.0;0.0;0.0;46.241;0.0;46.241
10;1;0;0.0;0.0;0.0;6.696;0.0;6.696
10;1;1;0.0;0.0;0.0;12.608;0.0;12.608
10;1;2;0.0;0.0;0.0;10.595;0.0;10.595
10;1;3;0.0;0.0;0.0;9.681;0.0;9.681
10;1;4;0.0;0.0;0.0;8.965;0.0;8.965
10;1;5;0.0;0.0;0.0;9.933;0.0;9.933
10;1;6;0.0;0.0;0.0;7.3;0.0;7.3
10;1;7;0.0;0.0;19.618;0.0;19.618;0.0
10;1;8;0.0;0.0;71.336;0.0;71.336;0.0
10;1;9;0.0;0.0;165.211;0.0;165.211;0.0
10;1;10;0.0;0.0;241.754;0.0;241.754;0.0
10;1;11;0.0;0.0;279.858;0.0;279.858;0.0
10;1;12;0.0;0.0;307.963;0.0;307.963;0.0
10;1;13;0.0;0.0;337.157;0.0;337.157;0.0
10;1;14;0.0;0.0;282.977;0.0;282.977;0.0
10;1;15;0.0;0.0;170.287;0.0;170.287;0.0
10;1;16;0.0;0.0;109.386;0.0;109.386;0.0
10;1;17;0.0;0.0;43.008;0.0;43.008;0.0
10;1;18;0.0;0.0;0.0;18.26;0.0;18.26
10;1;19;0.0;0.0;0.0;69.629;0.0;69.629
10;1;20;0.0;0.0;0.0;59.861;0.0;59.861
10;1;21;0.0;0.0;0.0;58.803;0.0;58.803
10;1;22;0.0;0.0;0.0;71.945;0.0;71.945
10;1;23;0.0;0.0;0.0;37.22;0.0;37.22
10;1;24;0.0;0.0;0.0;8.04;0.0;8.04
10;1;25;0.0;0.0;0.0;10.665;0.0;10.665
10;1;26;0.0;0.0;0.0;9.609;0.0;9.609
10;1;27;0.0;0.0;0.0;12.461;0.0;12.461
10;1;28;0.0;0.0;0.0;9.458;0.0;9.458
10;1;29;0.0;0.0;0.0;10.517;0.0;10.517
10;1;30;0.0;0.0;0.0;9.985;0.0;9.985
10;1;31;0.0;0.0;14.885;0.0;14.885;0.0
10;1;32;0.0;0.0;83.462;0.0;83.462;0.0
10;1;33;0.0;0.0;161.123;0.0;161.123;0.0
10;1;34;0.0;0.0;219.056;0.0;219.056;0.0
10;1;35;0.0;0.0;274.833;0.0;274.833;0.0
10;1;36;0.0;0.0;330.671;0.0;330.671;0.0
10;1;37;0.0;0.0;339.103;0.0;339.103;0.0
10;1;38;0.0;0.0;326.089;0.0;326.089;0.0
10;1;39;0.0;0.0;260.263;0.0;260.263;0.0
10;1;40;0.0;0.0;184.836;0.0;184.836;0.0
10;1;41;0.0;0.0;75.514;0.0;75.514;0.0
10;1;42;0.0;0.0;0.0;1.774;0.0;1.774
10;1;43;0.0;0.0;0.0;52.294;0.0;52.294
10;1;44;0.0;0.0;0.0;81.121;0.0;81.121
10;1;45;0.0;0.0;0.0;70.154;0.0;70.154
10;1;46;0.0;0.0;0.0;75.584;0.0;75.584
10;1;47;0.0;0.0;0.0;31.365;0.0;31.365
10;1;48;0.0;0.0;0.0;6.57;0.0;6.57
10;1;49;0.0;0.0;0.0;11.634;0.0;11.634
10;1;50;0.0;0.0;0.0;10.139;0.0;10.139
10;1;51;0.0;0.0;0.0;10.45;0.0;10.45
10;1;52;0.0;0.0;0.0;12.562;0.0;12.562
10;1;53;0.0;0.0;0.0;14.805;0.0;14.805
10;1;54;0.0;0.0;0.0;18.259;0.0;18.259
10;1;55;0.0;0.0;0.0;10.43;0.0;10.43
10;1;56;0.0;0.0;60.423;0.0;60.423;0.0
10;1;57;0.0;0.0;140.506;0.0;140.506;0.0
10;1;58;0.0;0.0;210.815;0.0;210.815;0.0
10;1;59;0.0;0.0;258.399;0.0;258.399;0.0
10;1;60;0.0;0.0;312.092;0.0;312.092;0.0
10;1;61;0.0;0.0;259.275;0.0;259.275;0.0
10;1;62;0.0;0.0;172.547;0.0;172.547;0.0
10;1;63;0.0;0.0;56.085;0.0;56.085;0.0
10;1;64;0.0;0.0;92.818;0.0;92.818;0.0
10;1;65;0.0;0.0;65.839;0.0;65.839;0.0
10;1;66;0.0;0.0;0.0;14.123;0.0;14.123
10;1;67;0.0;0.0;0.0;68.128;0.0;68.128
10;1;68;0.0;0.0;0.0;60.348;0.0;60.348
10;1;69;0.0;0.0;0.0;71.593;0.0;71.593
10;1;70;0.0;0.0;0.0;69.254;0.0;69.254
10;1;71;0.0;0.0;0.0;43.563;0.0;43.563
10;1;72;0.0;0.0;0.0;6.47;0.0;6.47
10;1;73;0.0;0.0;0.0;12.825;0.0;12.825
10;1;74;0.0;0.0;0.0;11.026;0.0;11.026
10;1;75;0.0;0.0;0.0;12.767;0.0;12.767
10;1;76;0.0;0.0;0.0;14.628;0.0;14.628
10;1;77;0.0;0.0;0.0;10.176;0.0;10.176
10;1;78;0.0;0.0;0.0;7.539;0.0;7.539
10;1;79;0.0;0.0;9.948;0.0;9.948;0.0
10;1;80;0.0;0.0;86.362;0.0;86.362;0.0
10;1;81;0.0;0.0;177.867;0.0;177.867;0.0
10;1;82;0.0;0.0;243.956;0.0;243.956;0.0
10;1;83;0.0;0.0;291.021;0.0;291.021;0.0
10;1;84;0.0;0.0;332.837;0.0;332.837;0.0
10;1;85;0.0;0.0;309.997;0.0;309.997;0.0
10;1;86;0.0;0.0;245.258;0.0;245.258;0.0
10;1;87;0.0;0.0;244.574;0.0;244.574;0.0
10;1;88;0.0;0.0;115.897;0.0;115.897;0.0
10;1;89;0.0;0.0;46.375;0.0;46.375;0.0
10;1;90;0.0;0.0;0.0;7.067;0.0;7.067
10;1;91;0.0;0.0;0.0;62.328;0.0;62.328
10;1;92;0.0;0.0;0.0;56.721;0.0;56.721
10;1;93;0.0;0.0;0.0;56.572;0.0;56.572
10;1;94;0.0;0.0;0.0;50.854;0.0;50.854
10;1;95;0.0;0.0;0.0;51.674;0.0;51.674
10;1;96;0.0;0.0;0.0;6.629;0.0;6.629
10;1;97;0.0;0.0;0.0;14.766;0.0;14.766
10;1;98;0.0;0.0;0.0;10.288;0.0;10.288
10;1;99;0.0;0.0;0.0;9.867;0.0;9.867
10;1;100;0.0;0.0;0.0;10.454;0.0;10.454
10;1;101;0.0;0.0;0.0;12.071;0.0;12.071
10;1;102;0.0;0.0;0.0;11.47;0.0;11.47
10;1;103;0.0;0.0;13.953;0.0;13.953;0.0
10;1;104;0.0;0.0;57.95;0.0;57.95;0.0
10;1;105;0.0;0.0;59.661;0.0;59.661;0.0
10;1;106;0.0;0.0;162.6;0.0;162.6;0.0
10;1;107;0.0;0.0;305.356;0.0;305.356;0.0
10;1;108;0.0;0.0;356.064;0.0;356.064;0.0
10;1;109;0.0;0.0;283.571;0.0;283.571;0.0
10;1;110;0.0;0.0;132.566;0.0;132.566;0.0
10;1;111;0.0;0.0;102.241;0.0;102.241;0.0
10;1;112;0.0;0.0;79.003;0.0;79.003;0.0
10;1;113;0.0;0.0;44.529;0.0;44.529;0.0
10;1;114;0.0;0.0;3.904;0.0;3.904;0.0
10;1;115;0.0;0.0;0.0;64.96;0.0;64.96
10;1;116;0.0;0.0;0.0;81.172;0.0;81.172
10;1;117;0.0;0.0;0.0;56.898;0.0;56.898
10;1;118;0.0;0.0;0.0;83.883;0.0;83.883
10;1;119;0.0;0.0;0.0;43.344;0.0;43.344
10;1;120;0.0;0.0;0.0;6.513;0.0;6.513
10;1;121;0.0;0.0;0.0;10.738;0.0;10.738
10;1;122;0.0;0.0;0.0;10.428;0.0;10.428
10;1;123;0.0;0.0;0.0;9.602;0.0;9.602
10;1;124;0.0;0.0;0.0;9.351;0.0;9.351
10;1;125;0.0;0.0;0.0;11.092;0.0;11.092
10;1;126;0.0;0.0;0.0;12.738;0.0;12.738
10;1;127;0.0;0.0;0.0;14.759;0.0;14.759
10;1;128;0.0;0.0;65.383;0.0;65.383;0.0
10;1;129;0.0;0.0;164.432;0.0;164.432;0.0
10;1;130;0.0;0.0;249.701;0.0;249.701;0.0
10;1;131;0.0;0.0;310.85;0.0;310.85;0.0
10;1;132;0.0;0.0;338.117;0.0;338.117;0.0
10;1;133;0.0;0.0;316.237;0.0;316.237;0.0
10;1;134;0.0;0.0;245.884;0.0;245.884;0.0
10;1;135;0.0;0.0;156.687;0.0;156.687;0.0
10;1;136;0.0;0.0;105.245;0.0;105.245;0.0
10;1;137;0.0;0.0;69.652;0.0;69.652;0.0
10;1;138;0.0;0.0;0.0;12.574;0.0;12.574
10;1;139;0.0;0.0;0.0;65.778;0.0;65.778
10;1;140;0.0;0.0;0.0;77.767;0.0;77.767
10;1;141;0.0;0.0;0.0;67.793;0.0;67.793
10;1;142;0.0;0.0;0.0;53.987;0.0;53.987
10;1;143;0.0;0.0;0.0;49.054;0.0;49.054
10;1;144;0.0;0.0;0.0;6.902;0.0;6.902
10;1;145;0.0;0.0;0.0;9.212;0.0;9.212
10;1;146;0.0;0.0;0.0;8.28;0.0;8.28
10;1;147;0.0;0.0;0.0;8.302;0.0;8.302
10;1;148;0.0;0.0;0.0;10.119;0.0;10.119
10;1;149;0.0;0.0;0.0;10.153;0.0;10.153
10;1;150;0.0;0.0;0.0;11.613;0.0;11.613
10;1;151;0.0;0.0;0.0;5.435;0.0;5.435
10;1;152;0.0;0.0;71.699;0.0;71.699;0.0
10;1;153;0.0;0.0;178.107;0.0;178.107;0.0
10;1;154;0.0;0.0;249.544;0.0;249.544;0.0
10;1;155;0.0;0.0;319.278;0.0;319.278;0.0
10;1;156;0.0;0.0;336.919;0.0;336.919;0.0
10;1;157;0.0;0.0;337.631;0.0;337.631;0.0
10;1;158;0.0;0.0;250.824;0.0;250.824;0.0
10;1;159;0.0;0.0;202.269;0.0;202.269;0.0
10;1;160;0.0;0.0;153.532;0.0;153.532;0.0
10;1;161;0.0;0.0;78.228;0.0;78.228;0.0
10;1;162;0.0;0.0;0.0;17.886;0.0;17.886
10;1;163;0.0;0.0;0.0;78.986;0.0;78.986
10;1;164;0.0;0.0;0.0;73.446;0.0;73.446
10;1;165;0.0;0.0;0.0;92.854;0.0;92.854
10;1;166;0.0;0.0;0.0;76.863;0.0;76.863
10;1;167;0.0;0.0;0.0;54.392;0.0;54.392
10;2;0;0.0;0.0;0.0;8.839;0.0;8.839
10;2;1;0.0;0.0;0.0;69.428;0.0;69.428
10;2;2;0.0;0.0;0.0;63.365;0.0;63.365
10;2;3;0.0;0.0;0.0;9.164;0.0;9.164
10;2;4;0.0;0.0;0.0;64.79;0.0;64.79
10;2;5;0.0;0.0;0.0;64.85;0.0;64.85
10;2;6;0.0;0.0;0.0;21.67;0.0;21.67
10;2;7;0.0;0.0;0.0;29.433;0.0;29.433
10;2;8;0.0;0.0;0.0;26.002;0.0;26.002
10;2;9;0.0;0.0;0.0;14.81;0.0;14.81
10;2;10;0.0;0.0;106.832;0.0;106.832;0.0
10;2;11;0.0;0.0;203.709;0.0;203.709;0.0
10;2;12;0.0;0.0;182.654;0.0;182.654;0.0
10;2;13;0.0;0.0;74.754;0.0;74.754;0.0
10;2;14;0.0;0.0;42.579;0.0;42.579;0.0
10;2;15;0.0;0.0;85.432;0.0;85.432;0.0
10;2;16;0.0;0.0;0.0;7.685;0.0;7.685
10;2;17;0.0;0.0;0.0;95.013;0.0;95.013
10;2;18;0.0;0.0;0.0;115.931;0.0;115.931
10;2;19;0.0;0.0;0.0;132.831;0.0;132.831
10;2;20;0.0;0.0;0.0;130.852;0.0;130.852
10;2;21;0.0;0.0;0.0;70.578;0.0;70.578
10;2;22;0.0;0.0;0.0;110.404;0.0;110.404
10;2;23;0.0;0.0;0.0;42.411;0.0;42.411
10;2;24;0.0;0.0;0.0;6.538;0.0;6.538
10;2;25;0.0;0.0;0.0;14.135;0.0;14.135
10;2;26;0.0;0.0;0.0;10.288;0.0;10.288
10;2;27;0.0;0.0;0.0;11.891;0.0;11.891
10;2;28;0.0;0.0;0.0;58.588;0.0;58.588
10;2;29;0.0;0.0;0.0;10.064;0.0;10.064
10;2;30;0.0;0.0;0.0;81.019;0.0;81.019
10;2;31;0.0;0.0;0.0;96.378;0.0;96.378
10;2;32;0.0;0.0;0.0;81.721;0.0;81.721
10;2;33;0.0;0.0;4.964;0.0;4.964;0.0
10;2;34;0.0;0.0;69.658;0.0;69.658;0.0
10;2;35;0.0;0.0;126.101;0.0;126.101;0.0
10;2;36;0.0;0.0;140.32;0.0;140.32;0.0
10;2;37;0.0;0.0;108.772;0.0;108.772;0.0
10;2;38;0.0;0.0;74.778;0.0;74.778;0.0
10;2;39;0.0;0.0;28.799;0.0;28.799;0.0
10;2;40;0.0;0.0;0.0;69.868;0.0;69.868
10;2;41;0.0;0.0;0.0;95.131;0.0;95.131
10;2;42;0.0;0.0;0.0;125.287;0.0;125.287
10;2;43;0.0;0.0;0.0;66.916;0.0;66.916
10;2;44;0.0;0.0;0.0;68.123;0.0;68.123
10;2;45;0.0;0.0;0.0;59.501;0.0;59.501
10;2;46;0.0;0.0;0.0;78.855;0.0;78.855
10;2;47;0.0;0.0;0.0;47.071;0.0;47.071
10;2;48;0.0;0.0;0.0;9.326;0.0;9.326
10;2;49;0.0;0.0;0.0;11.726;0.0;11.726
10;2;50;0.0;0.0;0.0;8.765;0.0;8.765
10;2;51;0.0;0.0;0.0;8.418;0.0;8.418
10;2;52;0.0;0.0;0.0;14.13;0.0;14.13
10;2;53;0.0;0.0;0.0;51.785;0.0;51.785
10;2;54;0.0;0.0;0.0;63.983;0.0;63.983
10;2;55;0.0;0.0;0.0;76.887;0.0;76.887
10;2;56;0.0;0.0;0.0;87.446;0.0;87.446
10;2;57;0.0;0.0;0.0;53.542;0.0;53.542
10;2;58;0.0;0.0;0.0;0.0;0.0;0.0
10;2;59;0.0;0.0;0.344;0.0;0.344;0.0
10;2;60;0.0;0.0;55.634;0.0;55.634;0.0
10;2;61;0.0;0.0;50.532;0.0;50.532;0.0
10;2;62;0.0;0.0;16.431;0.0;16.431;0.0
10;2;63;0.0;0.0;44.04;0.0;44.04;0.0
10;2;64;0.0;0.0;0.0;13.916;0.0;13.916
10;2;65;0.0;0.0;0.0;105.239;0.0;105.239
10;2;66;0.0;0.0;0.0;57.741;0.0;57.741
10;2;67;0.0;0.0;0.0;73.403;0.0;73.403
10;2;68;0.0;0.0;0.0;70.229;0.0;70.229
10;2;69;0.0;0.0;0.0;68.424;0.0;68.424
10;2;70;0.0;0.0;0.0;68.373;0.0;68.373
10;2;71;0.0;0.0;0.0;47.572;0.0;47.572
10;2;72;0.0;0.0;0.0;6.541;0.0;6.541
10;2;73;0.0;0.0;0.0;11.396;0.0;11.396
10;2;74;0.0;0.0;0.0;42.181;0.0;42.181
10;2;75;0.0;0.0;0.0;43.594;0.0;43.594
10;2;76;0.0;0.0;0.0;44.337;0.0;44.337
10;2;77;0.0;0.0;0.0;55.134;0.0;55.134
10;2;78;0.0;0.0;0.0;65.506;0.0;65.506
10;2;79;0.0;0.0;0.0;68.878;0.0;68.878
10;2;80;0.0;0.0;0.0;93.666;0.0;93.666
10;2;81;0.0;0.0;0.0;54.64;0.0;54.64
10;2;82;0.0;0.0;18.113;0.0;18.113;0.0
10;2;83;0.0;0.0;47.893;0.0;47.893;0.0
10;2;84;0.0;0.0;0.0;0.0;0.0;0.0
10;2;85;0.0;0.0;0.0;19.696;0.0;19.696
10;2;86;0.0;0.0;18.26;0.0;18.26;0.0
10;2;87;0.0;0.0;0.0;41.062;0.0;41.062
10;2;88;0.0;0.0;0.0;77.428;0.0;77.428
10;2;89;0.0;0.0;0.0;65.702;0.0;65.702
10;2;90;0.0;0.0;0.0;53.576;0.0;53.576
10;2;91;0.0;0.0;0.0;108.247;0.0;108.247
10;2;92;0.0;0.0;0.0;111.027;0.0;111.027
10;2;93;0.0;0.0;0.0;71.272;0.0;71.272
10;2;94;0.0;0.0;0.0;66.192;0.0;66.192
10;2;95;0.0;0.0;0.0;54.267;0.0;54.267
10;2;96;0.0;0.0;0.0;6.677;0.0;6.677
10;2;97;0.0;0.0;0.0;12.711;0.0;12.711
10;2;98;0.0;0.0;0.0;17.851;0.0;17.851
10;2;99;0.0;0.0;0.0;64.867;0.0;64.867
10;2;100;0.0;0.0;0.0;65.1;0.0;65.1
10;2;101;0.0;0.0;0.0;51.345;0.0;51.345
10;2;102;0.0;0.0;0.0;68.186;0.0;68.186
10;2;103;0.0;0.0;0.0;76.187;0.0;76.187
10;2;104;0.0;0.0;0.0;81.701;0.0;81.701
10;2;105;0.0;0.0;0.0;74.501;0.0;74.501
10;2;106;0.0;0.0;0.0;41.376;0.0;41.376
10;2;107;0.0;0.0;0.0;32.318;0.0;32.318
10;2;108;0.0;0.0;0.0;20.341;0.0;20.341
10;2;109;0.0;0.0;0.0;57.657;0.0;57.657
10;2;110;0.0;0.0;0.0;21.477;0.0;21.477
10;2;111;0.0;0.0;0.0;46.57;0.0;46.57
10;2;112;0.0;0.0;0.0;56.787;0.0;56.787
10;2;113;0.0;0.0;0.0;95.139;0.0;95.139
10;2;114;0.0;0.0;0.0;108.491;0.0;108.491
10;2;115;0.0;0.0;0.0;127.117;0.0;127.117
10;2;116;0.0;0.0;0.0;123.158;0.0;123.158
10;2;117;0.0;0.0;0.0;122.845;0.0;122.845
10;2;118;0.0;0.0;0.0;97.84;0.0;97.84
10;2;119;0.0;0.0;0.0;100.511;0.0;100.511
10;2;120;0.0;0.0;0.0;41.327;0.0;41.327
10;2;121;0.0;0.0;0.0;66.316;0.0;66.316
10;2;122;0.0;0.0;0.0;66.282;0.0;66.282
10;2;123;0.0;0.0;0.0;67.994;0.0;67.994
10;2;124;0.0;0.0;0.0;69.779;0.0;69.779
10;2;125;0.0;0.0;0.0;71.984;0.0;71.984
10;2;126;0.0;0.0;0.0;70.254;0.0;70.254
10;2;127;0.0;0.0;0.0;80.898;0.0;80.898
10;2;128;0.0;0.0;0.0;97.672;0.0;97.672
10;2;129;0.0;0.0;0.0;64.642;0.0;64.642
10;2;130;0.0;0.0;0.0;17.324;0.0;17.324
10;2;131;0.0;0.0;0.0;0.0;0.0;0.0
10;2;132;0.0;0.0;76.296;0.0;76.296;0.0
10;2;133;0.0;0.0;95.115;0.0;95.115;0.0
10;2;134;0.0;0.0;96.146;0.0;96.146;0.0
10;2;135;0.0;0.0;14.038;0.0;14.038;0.0
10;2;136;0.0;0.0;0.0;0.0;0.0;0.0
10;2;137;0.0;0.0;0.0;48.793;0.0;48.793
10;2;138;0.0;0.0;0.0;57.783;0.0;57.783
10;2;139;0.0;0.0;0.0;128.718;0.0;128.718
10;2;140;0.0;0.0;0.0;128.346;0.0;128.346
10;2;141;0.0;0.0;0.0;88.249;0.0;88.249
10;2;142;0.0;0.0;0.0;114.338;0.0;114.338
10;2;143;0.0;0.0;0.0;51.549;0.0;51.549
10;2;144;0.0;0.0;0.0;62.836;0.0;62.836
10;2;145;0.0;0.0;0.0;69.039;0.0;69.039
10;2;146;0.0;0.0;0.0;68.476;0.0;68.476
10;2;147;0.0;0.0;0.0;67.428;0.0;67.428
10;2;148;0.0;0.0;0.0;67.156;0.0;67.156
10;2;149;0.0;0.0;0.0;67.58;0.0;67.58
10;2;150;0.0;0.0;0.0;73.993;0.0;73.993
10;2;151;0.0;0.0;0.0;85.377;0.0;85.377
10;2;152;0.0;0.0;0.0;88.863;0.0;88.863
10;2;153;0.0;0.0;0.0;30.425;0.0;30.425
10;2;154;0.0;0.0;0.0;12.523;0.0;12.523
10;2;155;0.0;0.0;11.608;0.0;11.608;0.0
10;2;156;0.0;0.0;16.387;0.0;16.387;0.0
10;2;157;0.0;0.0;22.081;0.0;22.081;0.0
10;2;158;0.0;0.0;16.53;0.0;16.53;0.0
10;2;159;0.0;0.0;0.0;0.0;0.0;0.0
10;2;160;0.0;0.0;0.0;0.0;0.0;0.0
10;2;161;0.0;0.0;0.0;70.809;0.0;70.809
10;2;162;0.0;0.0;0.0;109.726;0.0;109.726
10;2;163;0.0;0.0;0.0;114.08;0.0;114.08
10;2;164;0.0;0.0;0.0;124.851;0.0;124.851
10;2;165;0.0;0.0;0.0;143.074;0.0;143.074
10;2;166;0.0;0.0;0.0;118.344;0.0;118.344
10;2;167;0.0;0.0;0.0;99.108;0.0;99.108
10;3;0;0.0;0.0;0.0;0.0;0.0;0.0
10;3;1;0.0;0.0;0.0;0.0;0.0;0.0
10;3;2;0.0;0.0;0.0;0.0;0.0;0.0
10;3;3;0.0;0.0;0.0;0.0;0.0;0.0
10;3;4;0.0;0.0;0.0;7.117;0.0;7.117
10;3;5;0.0;0.0;0.0;0.0;0.0;0.0
10;3;6;0.0;0.0;0.0;9.061;0.0;9.061
10;3;7;0.0;0.0;0.0;16.054;0.0;16.054
10;3;8;0.0;0.0;0.0;46.286;0.0;46.286
10;3;9;0.0;0.0;0.0;10.073;0.0;10.073
10;3;10;0.0;0.0;0.0;0.0;0.0;0.0
10;3;11;0.0;0.0;0.0;0.0;0.0;0.0
10;3;12;0.0;0.0;20.581;0.0;20.581;0.0
10;3;13;0.0;0.0;125.074;0.0;125.074;0.0
10;3;14;0.0;0.0;107.536;0.0;107.536;0.0
10;3;15;0.0;0.0;36.087;0.0;36.087;0.0
10;3;16;0.0;0.0;0.0;12.922;0.0;12.922
10;3;17;0.0;0.0;0.0;43.761;0.0;43.761
10;3;18;0.0;0.0;0.0;66.671;0.0;66.671
10;3;19;0.0;0.0;0.0;0.0;0.0;0.0
10;3;20;0.0;0.0;0.0;57.243;0.0;57.243
10;3;21;0.0;0.0;0.0;68.819;0.0;68.819
10;3;22;0.0;0.0;0.0;54.31;0.0;54.31
10;3;23;0.0;0.0;0.0;42.164;0.0;42.164
10;3;24;0.0;0.0;0.0;0.0;0.0;0.0
10;3;25;0.0;0.0;0.0;0.0;0.0;0.0
10;3;26;0.0;0.0;0.0;3.628;0.0;3.628
10;3;27;0.0;0.0;0.0;5.122;0.0;5.122
10;3;28;0.0;0.0;0.0;3.571;0.0;3.571
10;3;29;0.0;0.0;0.0;7.362;0.0;7.362
10;3;30;0.0;0.0;0.0;10.762;0.0;10.762
10;3;31;0.0;0.0;0.0;21.812;0.0;21.812
10;3;32;0.0;0.0;0.0;32.442;0.0;32.442
10;3;33;0.0;0.0;0.0;6.419;0.0;6.419
10;3;34;0.0;0.0;8.367;0.0;8.367;0.0
10;3;35;0.0;0.0;24.434;0.0;24.434;0.0
10;3;36;0.0;0.0;49.725;0.0;49.725;0.0
10;3;37;0.0;0.0;1.738;0.0;1.738;0.0
10;3;38;0.0;0.0;0.0;0.0;0.0;0.0
10;3;39;0.0;0.0;0.0;0.0;0.0;0.0
10;3;40;0.0;0.0;0.0;1.955;0.0;1.955
10;3;41;0.0;0.0;0.0;35.436;0.0;35.436
10;3;42;0.0;0.0;0.0;52.586;0.0;52.586
10;3;43;0.0;0.0;0.0;55.887;0.0;55.887
10;3;44;0.0;0.0;0.0;74.147;0.0;74.147
10;3;45;0.0;0.0;0.0;55.43;0.0;55.43
10;3;46;0.0;0.0;0.0;31.655;0.0;31.655
10;3;47;0.0;0.0;0.0;28.191;0.0;28.191
10;3;48;0.0;0.0;0.0;0.0;0.0;0.0
10;3;49;0.0;0.0;0.0;31.14;0.0;31.14
10;3;50;0.0;0.0;0.0;31.056;0.0;31.056
10;3;51;0.0;0.0;0.0;35.688;0.0;35.688
10;3;52;0.0;0.0;0.0;34.472;0.0;34.472
10;3;53;0.0;0.0;0.0;9.887;0.0;9.887
10;3;54;0.0;0.0;0.0;0.0;0.0;0.0
10;3;55;0.0;0.0;0.0;19.457;0.0;19.457
10;3;56;0.0;0.0;0.0;15.861;0.0;15.861
10;3;57;0.0;0.0;0.0;51.516;0.0;51.516
10;3;58;0.0;0.0;0.0;40.276;0.0;40.276
10;3;59;0.0;0.0;0.0;47.764;0.0;47.764
10;3;60;0.0;0.0;0.0;13.794;0.0;13.794
10;3;61;0.0;0.0;37.306;0.0;37.306;0.0
10;3;62;0.0;0.0;0.0;24.988;0.0;24.988
10;3;63;0.0;0.0;0.0;38.436;0.0;38.436
10;3;64;0.0;0.0;0.0;58.442;0.0;58.442
10;3;65;0.0;0.0;0.0;110.588;0.0;110.588
10;3;66;0.0;0.0;0.0;109.489;0.0;109.489
10;3;67;0.0;0.0;0.0;123.874;0.0;123.874
10;3;68;0.0;0.0;0.0;112.198;0.0;112.198
10;3;69;0.0;0.0;0.0;103.643;0.0;103.643
10;3;70;0.0;0.0;0.0;96.538;0.0;96.538
10;3;71;0.0;0.0;0.0;86.001;0.0;86.001
10;3;72;0.0;0.0;0.0;41.177;0.0;41.177
10;3;73;0.0;0.0;0.0;46.633;0.0;46.633
10;3;74;0.0;0.0;0.0;40.73;0.0;40.73
10;3;75;0.0;0.0;0.0;20.944;0.0;20.944
10;3;76;0.0;0.0;0.0;0.0;0.0;0.0
10;3;77;0.0;0.0;0.0;0.0;0.0;0.0
10;3;78;0.0;0.0;0.0;0.0;0.0;0.0
10;3;79;0.0;0.0;0.0;7.119;0.0;7.119
10;3;80;0.0;0.0;0.0;13.786;0.0;13.786
10;3;81;0.0;0.0;0.0;18.746;0.0;18.746
10;3;82;0.0;0.0;0.0;19.822;0.0;19.822
10;3;83;0.0;0.0;0.0;15.649;0.0;15.649
10;3;84;0.0;0.0;0.0;13.148;0.0;13.148
10;3;85;0.0;0.0;37.759;0.0;37.759;0.0
10;3;86;0.0;0.0;30.795;0.0;30.795;0.0
10;3;87;0.0;0.0;0.0;0.0;0.0;0.0
10;3;88;0.0;0.0;0.0;18.906;0.0;18.906
10;3;89;0.0;0.0;0.0;45.481;0.0;45.481
10;3;90;0.0;0.0;0.0;43.899;0.0;43.899
10;3;91;0.0;0.0;0.0;48.991;0.0;48.991
10;3;92;0.0;0.0;0.0;50.767;0.0;50.767
10;3;93;0.0;0.0;0.0;60.118;0.0;60.118
10;3;94;0.0;0.0;0.0;61.018;0.0;61.018
10;3;95;0.0;0.0;0.0;34.314;0.0;34.314
10;3;96;0.0;0.0;0.0;1.587;0.0;1.587
10;3;97;0.0;0.0;0.0;4.201;0.0;4.201
10;3;98;0.0;0.0;0.0;4.817;0.0;4.817
10;3;99;0.0;0.0;0.0;6.159;0.0;6.159
10;3;100;0.0;0.0;0.0;3.357;0.0;3.357
10;3;101;0.0;0.0;0.0;2.808;0.0;2.808
10;3;102;0.0;0.0;0.0;5.697;0.0;5.697
10;3;103;0.0;0.0;0.0;13.776;0.0;13.776
10;3;104;0.0;0.0;0.0;19.946;0.0;19.946
10;3;105;0.0;0.0;0.0;36.632;0.0;36.632
10;3;106;0.0;0.0;0.0;26.285;0.0;26.285
10;3;107;0.0;0.0;0.0;45.291;0.0;45.291
10;3;108;0.0;0.0;0.0;13.948;0.0;13.948
10;3;109;0.0;0.0;0.0;8.15;0.0;8.15
10;3;110;0.0;0.0;0.0;18.559;0.0;18.559
10;3;111;0.0;0.0;0.0;25.061;0.0;25.061
10;3;112;0.0;0.0;0.0;44.731;0.0;44.731
10;3;113;0.0;0.0;0.0;49.371;0.0;49.371
10;3;114;0.0;0.0;0.0;56.273;0.0;56.273
10;3;115;0.0;0.0;0.0;64.529;0.0;64.529
10;3;116;0.0;0.0;0.0;57.663;0.0;57.663
10;3;117;0.0;0.0;0.0;63.31;0.0;63.31
10;3;118;0.0;0.0;0.0;46.886;0.0;46.886
10;3;119;0.0;0.0;0.0;54.284;0.0;54.284
10;3;120;0.0;0.0;0.0;0.0;0.0;0.0
10;3;121;0.0;0.0;0.0;4.927;0.0;4.927
10;3;122;0.0;0.0;0.0;1.618;0.0;1.618
10;3;123;0.0;0.0;0.0;4.406;0.0;4.406
10;3;124;0.0;0.0;0.0;5.082;0.0;5.082
10;3;125;0.0;0.0;0.0;8.909;0.0;8.909
10;3;126;0.0;0.0;0.0;5.816;0.0;5.816
10;3;127;0.0;0.0;0.0;24.185;0.0;24.185
10;3;128;0.0;0.0;0.0;38.358;0.0;38.358
10;3;129;0.0;0.0;0.0;22.076;0.0;22.076
10;3;130;0.0;0.0;0.0;5.702;0.0;5.702
10;3;131;0.0;0.0;0.0;5.586;0.0;5.586
10;3;132;0.0;0.0;0.0;0.0;0.0;0.0
10;3;133;0.0;0.0;0.0;0.0;0.0;0.0
10;3;134;0.0;0.0;0.0;8.761;0.0;8.761
10;3;135;0.0;0.0;0.0;17.751;0.0;17.751
10;3;136;0.0;0.0;0.0;40.962;0.0;40.962
10;3;137;0.0;0.0;0.0;46.893;0.0;46.893
10;3;138;0.0;0.0;0.0;50.465;0.0;50.465
10;3;139;0.0;0.0;0.0;64.658;0.0;64.658
10;3;140;0.0;0.0;0.0;68.488;0.0;68.488
10;3;141;0.0;0.0;0.0;73.845;0.0;73.845
10;3;142;0.0;0.0;0.0;54.482;0.0;54.482
10;3;143;0.0;0.0;0.0;40.947;0.0;40.947
10;3;144;0.0;0.0;0.064;0.0;0.064;0.0
10;3;145;0.0;0.0;0.0;4.242;0.0;4.242
10;3;146;0.0;0.0;0.0;4.145;0.0;4.145
10;3;147;0.0;0.0;0.0;3.895;0.0;3.895
10;3;148;0.0;0.0;0.0;4.433;0.0;4.433
10;3;149;0.0;0.0;0.0;5.24;0.0;5.24
10;3;150;0.0;0.0;0.0;7.993;0.0;7.993
10;3;151;0.0;0.0;0.0;22.044;0.0;22.044
10;3;152;0.0;0.0;0.0;39.454;0.0;39.454
10;3;153;0.0;0.0;0.0;0.694;0.0;0.694
10;3;154;0.0;0.0;11.232;0.0;11.232;0.0
10;3;155;0.0;0.0;0.0;0.0;0.0;0.0
10;3;156;0.0;0.0;0.0;2.139;0.0;2.139
10;3;157;0.0;0.0;0.0;0.0;0.0;0.0
10;3;158;0.0;0.0;0.0;2.321;0.0;2.321
10;3;159;0.0;0.0;0.0;23.803;0.0;23.803
10;3;160;0.0;0.0;0.0;30.58;0.0;30.58
10;3;161;0.0;0.0;0.0;39.522;0.0;39.522
10;3;162;0.0;0.0;0.0;49.868;0.0;49.868
10;3;163;0.0;0.0;0.0;55.041;0.0;55.041
10;3;164;0.0;0.0;0.0;54.046;0.0;54.046
10;3;165;0.0;0.0;0.0;54.936;0.0;54.936
10;3;166;0.0;0.0;0.0;51.541;0.0;51.541
10;3;167;0.0;0.0;0.0;32.592;0.0;32.592
15;0;0;0.0;0.0;0.0;68.334;0.0;68.334
15;0;1;0.0;0.0;0.0;74.061;0.0;74.061
15;0;2;0.0;0.0;0.0;73.359;0.0;73.359
15;0;3;0.0;0.0;0.0;33.381;0.0;33.381
15;0;4;0.0;0.0;0.0;73.682;0.0;73.682
15;0;5;0.0;0.0;0.0;74.371;0.0;74.371
15;0;6;0.0;0.0;0.0;79.756;0.0;79.756
15;0;7;0.0;0.0;0.0;82.318;0.0;82.318
15;0;8;0.0;0.0;0.0;54.154;0.0;54.154
15;0;9;0.0;0.0;33.396;0.0;33.396;0.0
15;0;10;0.0;0.0;49.59;0.0;49.59;0.0
15;0;11;0.0;0.0;0.0;0.0;0.0;0.0
15;0;12;0.0;0.0;0.0;12.234;0.0;12.234
15;0;13;0.0;0.0;35.662;0.0;35.662;0.0
15;0;14;0.0;0.0;121.784;0.0;121.784;0.0
15;0;15;0.0;0.0;30.371;0.0;30.371;0.0
15;0;16;0.0;0.0;0.0;11.63;0.0;11.63
15;0;17;0.0;0.0;0.0;32.834;0.0;32.834
15;0;18;0.0;0.0;0.0;95.921;0.0;95.921
15;0;19;0.0;0.0;0.0;114.855;0.0;114.855
15;0;20;0.0;0.0;0.0;127.203;0.0;127.203
15;0;21;0.0;0.0;0.0;122.655;0.0;122.655
15;0;22;0.0;0.0;0.0;122.011;0.0;122.011
15;0;23;0.0;0.0;0.0;114.401;0.0;114.401
15;0;24;0.0;0.0;0.0;69.211;0.0;69.211
15;0;25;0.0;0.0;0.0;75.066;0.0;75.066
15;0;26;0.0;0.0;0.0;73.64;0.0;73.64
15;0;27;0.0;0.0;0.0;74.027;0.0;74.027
15;0;28;0.0;0.0;0.0;73.674;0.0;73.674
15;0;29;0.0;0.0;0.0;75.341;0.0;75.341
15;0;30;0.0;0.0;0.0;81.498;0.0;81.498
15;0;31;0.0;0.0;0.0;52.74;0.0;52.74
15;0;32;0.0;0.0;42.076;0.0;42.076;0.0
15;0;33;0.0;0.0;40.968;0.0;40.968;0.0
15;0;34;0.0;0.0;142.276;0.0;142.276;0.0
15;0;35;0.0;0.0;182.553;0.0;182.553;0.0
15;0;36;0.0;0.0;93.664;0.0;93.664;0.0
15;0;37;0.0;0.0;25.69;0.0;25.69;0.0
15;0;38;0.0;0.0;14.898;0.0;14.898;0.0
15;0;39;0.0;0.0;0.0;0.0;0.0;0.0
15;0;40;0.0;0.0;0.0;0.0;0.0;0.0
15;0;41;0.0;0.0;0.0;0.0;0.0;0.0
15;0;42;0.0;0.0;0.0;0.334;0.0;0.334
15;0;43;0.0;0.0;0.0;68.444;0.0;68.444
15;0;44;0.0;0.0;0.0;121.724;0.0;121.724
15;0;45;0.0;0.0;0.0;93.183;0.0;93.183
15;0;46;0.0;0.0;0.0;125.55;0.0;125.55
15;0;47;0.0;0.0;0.0;98.28;0.0;98.28
15;0;48;0.0;0.0;0.0;63.855;0.0;63.855
15;0;49;0.0;0.0;0.0;68.215;0.0;68.215
15;0;50;0.0;0.0;0.0;67.423;0.0;67.423
15;0;51;0.0;0.0;0.0;69.354;0.0;69.354
15;0;52;0.0;0.0;0.0;68.22;0.0;68.22
15;0;53;0.0;0.0;0.0;68.971;0.0;68.971
15;0;54;0.0;0.0;0.0;73.961;0.0;73.961
15;0;55;0.0;0.0;0.0;59.313;0.0;59.313
15;0;56;0.0;0.0;19.663;0.0;19.663;0.0
15;0;57;0.0;0.0;114.438;0.0;114.438;0.0
15;0;58;0.0;0.0;87.11;0.0;87.11;0.0
15;0;59;0.0;0.0;20.273;0.0;20.273;0.0
15;0;60;0.0;0.0;54.503;0.0;54.503;0.0
15;0;61;0.0;0.0;145.597;0.0;145.597;0.0
15;0;62;0.0;0.0;84.571;0.0;84.571;0.0
15;0;63;0.0;0.0;78.41;0.0;78.41;0.0
15;0;64;0.0;0.0;71.051;0.0;71.051;0.0
15;0;65;0.0;0.0;74.826;0.0;74.826;0.0
15;0;66;0.0;0.0;0.0;32.207;0.0;32.207
15;0;67;0.0;0.0;0.0;94.972;0.0;94.972
15;0;68;0.0;0.0;0.0;119.321;0.0;119.321
15;0;69;0.0;0.0;0.0;109.581;0.0;109.581
15;0;70;0.0;0.0;0.0;65.53;0.0;65.53
15;0;71;0.0;0.0;0.0;53.038;0.0;53.038
15;0;72;0.0;0.0;0.0;9.009;0.0;9.009
15;0;73;0.0;0.0;0.0;14.717;0.0;14.717
15;0;74;0.0;0.0;0.0;9.814;0.0;9.814
15;0;75;0.0;0.0;0.0;11.762;0.0;11.762
15;0;76;0.0;0.0;0.0;8.633;0.0;8.633
15;0;77;0.0;0.0;0.0;11.175;0.0;11.175
15;0;78;0.0;0.0;0.0;8.883;0.0;8.883
15;0;79;0.0;0.0;0.0;26.085;0.0;26.085
15;0;80;0.0;0.0;37.08;0.0;37.08;0.0
15;0;81;0.0;0.0;185.531;0.0;185.531;0.0
15;0;82;0.0;0.0;205.06;0.0;205.06;0.0
15;0;83;0.0;0.0;244.589;0.0;244.589;0.0
15;0;84;0.0;0.0;149.928;0.0;149.928;0.0
15;0;85;0.0;0.0;67.656;0.0;67.656;0.0
15;0;86;0.0;0.0;56.872;0.0;56.872;0.0
15;0;87;0.0;0.0;23.822;0.0;23.822;0.0
15;0;88;0.0;0.0;14.566;0.0;14.566;0.0
15;0;89;0.0;0.0;0.0;0.584;0.0;0.584
15;0;90;0.0;0.0;0.0;16.945;0.0;16.945
15;0;91;0.0;0.0;0.0;51.669;0.0;51.669
15;0;92;0.0;0.0;0.0;68.83;0.0;68.83
15;0;93;0.0;0.0;0.0;81.357;0.0;81.357
15;0;94;0.0;0.0;0.0;63.461;0.0;63.461
15;0;95;0.0;0.0;0.0;34.433;0.0;34.433
15;0;96;0.0;0.0;0.0;6.638;0.0;6.638
15;0;97;0.0;0.0;0.0;18.457;0.0;18.457
15;0;98;0.0;0.0;0.0;11.381;0.0;11.381
15;0;99;0.0;0.0;0.0;9.371;0.0;9.371
15;0;100;0.0;0.0;0.0;11.988;0.0;11.988
15;0;101;0.0;0.0;0.0;11.219;0.0;11.219
15;0;102;0.0;0.0;0.0;10.556;0.0;10.556
15;0;103;0.0;0.0;0.0;9.696;0.0;9.696
15;0;104;0.0;0.0;0.0;0.0;0.0;0.0
15;0;105;0.0;0.0;0.0;0.0;0.0;0.0
15;0;106;0.0;0.0;130.947;0.0;130.947;0.0
15;0;107;0.0;0.0;163.142;0.0;163.142;0.0
15;0;108;0.0;0.0;23.699;0.0;23.699;0.0
15;0;109;0.0;0.0;0.0;0.0;0.0;0.0
15;0;110;0.0;0.0;0.0;0.0;0.0;0.0
15;0;111;0.0;0.0;0.0;0.0;0.0;0.0
15;0;112;0.0;0.0;0.0;27.823;0.0;27.823
15;0;113;0.0;0.0;0.0;22.143;0.0;22.143
15;0;114;0.0;0.0;0.0;50.71;0.0;50.71
15;0;115;0.0;0.0;0.0;111.201;0.0;111.201
15;0;116;0.0;0.0;0.0;98.707;0.0;98.707
15;0;117;0.0;0.0;0.0;77.052;0.0;77.052
15;0;118;0.0;0.0;0.0;54.849;0.0;54.849
15;0;119;0.0;0.0;0.0;44.254;0.0;44.254
15;0;120;0.0;0.0;0.0;7.199;0.0;7.199
15;0;121;0.0;0.0;0.0;15.175;0.0;15.175
15;0;122;0.0;0.0;0.0;9.775;0.0;9.775
15;0;123;0.0;0.0;0.0;11.753;0.0;11.753
15;0;124;0.0;0.0;0.0;9.176;0.0;9.176
15;0;125;0.0;0.0;0.0;8.831;0.0;8.831
15;0;126;0.0;0.0;0.0;13.265;0.0;13.265
15;0;127;0.0;0.0;0.0;0.0;0.0;0.0
15;0;128;0.0;0.0;32.901;0.0;32.901;0.0
15;0;129;0.0;0.0;128.863;0.0;128.863;0.0
15;0;130;0.0;0.0;225.722;0.0;225.722;0.0
15;0;131;0.0;0.0;312.604;0.0;312.604;0.0
15;0;132;0.0;0.0;322.033;0.0;322.033;0.0
15;0;133;0.0;0.0;186.929;0.0;186.929;0.0
15;0;134;0.0;0.0;116.252;0.0;116.252;0.0
15;0;135;0.0;0.0;154.366;0.0;154.366;0.0
15;0;136;0.0;0.0;118.539;0.0;118.539;0.0
15;0;137;0.0;0.0;19.251;0.0;19.251;0.0
15;0;138;0.0;0.0;7.397;0.0;7.397;0.0
15;0;139;0.0;0.0;0.0;62.058;0.0;62.058
15;0;140;0.0;0.0;0.0;60.632;0.0;60.632
15;0;141;0.0;0.0;0.0;71.17;0.0;71.17
15;0;142;0.0;0.0;0.0;54.881;0.0;54.881
15;0;143;0.0;0.0;0.0;37.942;0.0;37.942
15;0;144;0.0;0.0;0.0;6.535;0.0;6.535
15;0;145;0.0;0.0;0.0;12.894;0.0;12.894
15;0;146;0.0;0.0;0.0;10.162;0.0;10.162
15;0;147;0.0;0.0;0.0;10.456;0.0;10.456
15;0;148;0.0;0.0;0.0;9.575;0.0;9.575
15;0;149;0.0;0.0;0.0;10.374;0.0;10.374
15;0;150;0.0;0.0;0.0;12.787;0.0;12.787
15;0;151;0.0;0.0;0.0;12.858;0.0;12.858
15;0;152;0.0;0.0;0.0;0.0;0.0;0.0
15;0;153;0.0;0.0;69.839;0.0;69.839;0.0
15;0;154;0.0;0.0;227.591;0.0;227.591;0.0
15;0;155;0.0;0.0;326.885;0.0;326.885;0.0
15;0;156;0.0;0.0;356.116;0.0;356.116;0.0
15;0;157;0.0;0.0;353.583;0.0;353.583;0.0
15;0;158;0.0;0.0;306.008;0.0;306.008;0.0
15;0;159;0.0;0.0;209.343;0.0;209.343;0.0
15;0;160;0.0;0.0;119.577;0.0;119.577;0.0
15;0;161;0.0;0.0;100.623;0.0;100.623;0.0
15;0;162;0.0;0.0;9.377;0.0;9.377;0.0
15;0;163;0.0;0.0;0.0;47.608;0.0;47.608
15;0;164;0.0;0.0;0.0;67.584;0.0;67.584
15;0;165;0.0;0.0;0.0;63.867;0.0;63.867
15;0;166;0.0;0.0;0.0;62.3;0.0;62.3
15;0;167;0.0;0.0;0.0;46.241;0.0;46.241
15;1;0;0.0;0.0;0.0;6.696;0.0;6.696
15;1;1;0.0;0.0;0.0;12.608;0.0;12.608
15;1;2;0.0;0.0;0.0;10.595;0.0;10.595
15;1;3;0.0;0.0;0.0;9.681;0.0;9.681
15;1;4;0.0;0.0;0.0;8.965;0.0;8.965
15;1;5;0.0;0.0;0.0;9.933;0.0;9.933
15;1;6;0.0;0.0;0.0;7.3;0.0;7.3
15;1;7;0.0;0.0;19.618;0.0;19.618;0.0
15;1;8;0.0;0.0;71.336;0.0;71.336;0.0
15;1;9;0.0;0.0;165.211;0.0;165.211;0.0
15;1;10;0.0;0.0;241.754;0.0;241.754;0.0
15;1;11;0.0;0.0;279.858;0.0;279.858;0.0
15;1;12;0.0;0.0;307.963;0.0;307.963;0.0
15;1;13;0.0;0.0;337.157;0.0;337.157;0.0
15;1;14;0.0;0.0;282.977;0.0;282.977;0.0
15;1;15;0.0;0.0;170.287;0.0;170.287;0.0
15;1;16;0.0;0.0;109.386;0.0;109.386;0.0
15;1;17;0.0;0.0;43.008;0.0;43.008;0.0
15;1;18;0.0;0.0;0.0;18.26;0.0;18.26
15;1;19;0.0;0.0;0.0;69.629;0.0;69.629
15;1;20;0.0;0.0;0.0;59.861;0.0;59.861
15;1;21;0.0;0.0;0.0;58.803;0.0;58.803
15;1;22;0.0;0.0;0.0;71.945;0.0;71.945
15;1;23;0.0;0.0;0.0;37.22;0.0;37.22
15;1;24;0.0;0.0;0.0;8.04;0.0;8.04
15;1;25;0.0;0.0;0.0;10.665;0.0;10.665
15;1;26;0.0;0.0;0.0;9.609;0.0;9.609
15;1;27;0.0;0.0;0.0;12.461;0.0;12.461
15;1;28;0.0;0.0;0.0;9.458;0.0;9.458
15;1;29;0.0;0.0;0.0;10.517;0.0;10.517
15;1;30;0.0;0.0;0.0;9.985;0.0;9.985
15;1;31;0.0;0.0;14.885;0.0;14.885;0.0
15;1;32;0.0;0.0;83.462;0.0;83.462;0.0
15;1;33;0.0;0.0;161.123;0.0;161.123;0.0
15;1;34;0.0;0.0;219.056;0.0;219.056;0.0
15;1;35;0.0;0.0;274.833;0.0;274.833;0.0
15;1;36;0.0;0.0;330.671;0.0;330.671;0.0
15;1;37;0.0;0.0;339.103;0.0;339.103;0.0
15;1;38;0.0;0.0;326.089;0.0;326.089;0.0
15;1;39;0.0;0.0;260.263;0.0;260.263;0.0
15;1;40;0.0;0.0;184.836;0.0;184.836;0.0
15;1;41;0.0;0.0;75.514;0.0;75.514;0.0
15;1;42;0.0;0.0;0.0;1.774;0.0;1.774
15;1;43;0.0;0.0;0.0;52.294;0.0;52.294
15;1;44;0.0;0.0;0.0;81.121;0.0;81.121
15;1;45;0.0;0.0;0.0;70.154;0.0;70.154
15;1;46;0.0;0.0;0.0;75.584;0.0;75.584
15;1;47;0.0;0.0;0.0;31.365;0.0;31.365
15;1;48;0.0;0.0;0.0;6.57;0.0;6.57
15;1;49;0.0;0.0;0.0;11.634;0.0;11.634
15;1;50;0.0;0.0;0.0;10.139;0.0;10.139
15;1;51;0.0;0.0;0.0;10.45;0.0;10.45
15;1;52;0.0;0.0;0.0;12.562;0.0;12.562
15;1;53;0.0;0.0;0.0;14.805;0.0;14.805
15;1;54;0.0;0.0;0.0;18.259;0.0;18.259
15;1;55;0.0;0.0;0.0;10.43;0.0;10.43
15;1;56;0.0;0.0;60.423;0.0;60.423;0.0
15;1;57;0.0;0.0;140.506;0.0;140.506;0.0
15;1;58;0.0;0.0;210.815;0.0;210.815;0.0
15;1;59;0.0;0.0;258.399;0.0;258.399;0.0
15;1;60;0.0;0.0;312.092;0.0;312.092;0.0
15;1;61;0.0;0.0;259.275;0.0;259.275;0.0
15;1;62;0.0;0.0;172.547;0.0;172.547;0.0
15;1;63;0.0;0.0;56.085;0.0;56.085;0.0
15;1;64;0.0;0.0;92.818;0.0;92.818;0.0
15;1;65;0.0;0.0;65.839;0.0;65.839;0.0
15;1;66;0.0;0.0;0.0;14.123;0.0;14.123
15;1;67;0.0;0.0;0.0;68.128;0.0;68.128
15;1;68;0.0;0.0;0.0;60.348;0.0;60.348
15;1;69;0.0;0.0;0.0;71.593;0.0;71.593
15;1;70;0.0;0.0;0.0;69.254;0.0;69.254
15;1;71;0.0;0.0;0.0;43.563;0.0;43.563
15;1;72;0.0;0.0;0.0;6.47;0.0;6.47
15;1;73;0.0;0.0;0.0;12.825;0.0;12.825
15;1;74;0.0;0.0;0.0;11.026;0.0;11.026
15;1;75;0.0;0.0;0.0;12.767;0.0;12.767
15;1;76;0.0;0.0;0.0;14.628;0.0;14.628
15;1;77;0.0;0.0;0.0;10.176;0.0;10.176
15;1;78;0.0;0.0;0.0;7.539;0.0;7.539
15;1;79;0.0;0.0;9.948;0.0;9.948;0.0
15;1;80;0.0;0.0;86.362;0.0;86.362;0.0
15;1;81;0.0;0.0;177.867;0.0;177.867;0.0
15;1;82;0.0;0.0;243.956;0.0;243.956;0.0
15;1;83;0.0;0.0;291.021;0.0;291.021;0.0
15;1;84;0.0;0.0;332.837;0.0;332.837;0.0
15;1;85;0.0;0.0;309.997;0.0;309.997;0.0
15;1;86;0.0;0.0;245.258;0.0;245.258;0.0
15;1;87;0.0;0.0;244.574;0.0;244.574;0.0
15;1;88;0.0;0.0;115.897;0.0;115.897;0.0
15;1;89;0.0;0.0;46.375;0.0;46.375;0.0
15;1;90;0.0;0.0;0.0;7.067;0.0;7.067
15;1;91;0.0;0.0;0.0;62.328;0.0;62.328
15;1;92;0.0;0.0;0.0;56.721;0.0;56.721
15;1;93;0.0;0.0;0.0;56.572;0.0;56.572
15;1;94;0.0;0.0;0.0;50.854;0.0;50.854
15;1;95;0.0;0.0;0.0;51.674;0.0;51.674
15;1;96;0.0;0.0;0.0;6.629;0.0;6.629
15;1;97;0.0;0.0;0.0;14.766;0.0;14.766
15;1;98;0.0;0.0;0.0;10.288;0.0;10.288
15;1;99;0.0;0.0;0.0;9.867;0.0;9.867
15;1;100;0.0;0.0;0.0;10.454;0.0;10.454
15;1;101;0.0;0.0;0.0;12.071;0.0;12.071
15;1;102;0.0;0.0;0.0;11.47;0.0;11.47
15;1;103;0.0;0.0;13.953;0.0;13.953;0.0
15;1;104;0.0;0.0;57.95;0.0;57.95;0.0
15;1;105;0.0;0.0;59.661;0.0;59.661;0.0
15;1;106;0.0;0.0;162.6;0.0;162.6;0.0
15;1;107;0.0;0.0;305.356;0.0;305.356;0.0
15;1;108;0.0;0.0;356.064;0.0;356.064;0.0
15;1;109;0.0;0.0;283.571;0.0;283.571;0.0
15;1;110;0.0;0.0;132.566;0.0;132.566;0.0
15;1;111;0.0;0.0;102.241;0.0;102.241;0.0
15;1;112;0.0;0.0;79.003;0.0;79.003;0.0
15;1;113;0.0;0.0;44.529;0.0;44.529;0.0
15;1;114;0.0;0.0;3.904;0.0;3.904;0.0
15;1;115;0.0;0.0;0.0;64.96;0.0;64.96
15;1;116;0.0;0.0;0.0;81.172;0.0;81.172
15;1;117;0.0;0.0;0.0;56.898;0.0;56.898
15;1;118;0.0;0.0;0.0;83.883;0.0;83.883
15;1;119;0.0;0.0;0.0;43.344;0.0;43.344
15;1;120;0.0;0.0;0.0;6.513;0.0;6.513
15;1;121;0.0;0.0;0.0;10.738;0.0;10.738
15;1;122;0.0;0.0;0.0;10.428;0.0;10.428
15;1;123;0.0;0.0;0.0;9.602;0.0;9.602
15;1;124;0.0;0.0;0.0;9.351;0.0;9.351
15;1;125;0.0;0.0;0.0;11.092;0.0;11.092
15;1;126;0.0;0.0;0.0;12.738;0.0;12.738
15;1;127;0.0;0.0;0.0;14.759;0.0;14.759
15;1;128;0.0;0.0;65.383;0.0;65.383;0.0
15;1;129;0.0;0.0;164.432;0.0;164.432;0.0
15;1;130;0.0;0.0;249.701;0.0;249.701;0.0
15;1;131;0.0;0.0;310.85;0.0;310.85;0.0
15;1;132;0.0;0.0;338.117;0.0;338.117;0.0
15;1;133;0.0;0.0;316.237;0.0;316.237;0.0
15;1;134;0.0;0.0;245.884;0.0;245.884;0.0
15;1;135;0.0;0.0;156.687;0.0;156.687;0.0
15;1;136;0.0;0.0;105.245;0.0;105.245;0.0
15;1;137;0.0;0.0;69.652;0.0;69.652;0.0
15;1;138;0.0;0.0;0.0;12.574;0.0;12.574
15;1;139;0.0;0.0;0.0;65.778;0.0;65.778
15;1;140;0.0;0.0;0.0;77.767;0.0;77.767
15;1;141;0.0;0.0;0.0;67.793;0.0;67.793
15;1;142;0.0;0.0;0.0;53.987;0.0;53.987
15;1;143;0.0;0.0;0.0;49.054;0.0;49.054
15;1;144;0.0;0.0;0.0;6.902;0.0;6.902
15;1;145;0.0;0.0;0.0;9.212;0.0;9.212
15;1;146;0.0;0.0;0.0;8.28;0.0;8.28
15;1;147;0.0;0.0;0.0;8.302;0.0;8.302
15;1;148;0.0;0.0;0.0;10.119;0.0;10.119
15;1;149;0.0;0.0;0.0;10.153;0.0;10.153
15;1;150;0.0;0.0;0.0;11.613;0.0;11.613
15;1;151;0.0;0.0;0.0;5.435;0.0;5.435
15;1;152;0.0;0.0;71.699;0.0;71.699;0.0
15;1;153;0.0;0.0;178.107;0.0;178.107;0.0
15;1;154;0.0;0.0;249.544;0.0;249.544;0.0
15;1;155;0.0;0.0;319.278;0.0;319.278;0.0
15;1;156;0.0;0.0;336.919;0.0;336.919;0.0
15;1;157;0.0;0.0;337.631;0.0;337.631;0.0
15;1;158;0.0;0.0;250.824;0.0;250.824;0.0
15;1;159;0.0;0.0;202.269;0.0;202.269;0.0
15;1;160;0.0;0.0;153.532;0.0;153.532;0.0
15;1;161;0.0;0.0;78.228;0.0;78.228;0.0
15;1;162;0.0;0.0;0.0;17.886;0.0;17.886
15;1;163;0.0;0.0;0.0;78.986;0.0;78.986
15;1;164;0.0;0.0;0.0;73.446;0.0;73.446
15;1;165;0.0;0.0;0.0;92.854;0.0;92.854
15;1;166;0.0;0.0;0.0;76.863;0.0;76.863
15;1;167;0.0;0.0;0.0;54.392;0.0;54.392
15;2;0;0.0;0.0;0.0;12.828;0.0;12.828
15;2;1;0.0;0.0;0.0;69.428;0.0;69.428
15;2;2;0.0;0.0;0.0;63.365;0.0;63.365
15;2;3;0.0;0.0;0.0;9.164;0.0;9.164
15;2;4;0.0;0.0;0.0;64.79;0.0;64.79
15;2;5;0.0;0.0;0.0;64.85;0.0;64.85
15;2;6;0.0;0.0;0.0;21.67;0.0;21.67
15;2;7;0.0;0.0;0.0;29.433;0.0;29.433
15;2;8;0.0;0.0;0.0;26.002;0.0;26.002
15;2;9;0.0;0.0;0.0;14.81;0.0;14.81
15;2;10;0.0;0.0;106.832;0.0;106.832;0.0
15;2;11;0.0;0.0;203.709;0.0;203.709;0.0
15;2;12;0.0;0.0;182.654;0.0;182.654;0.0
15;2;13;0.0;0.0;74.754;0.0;74.754;0.0
15;2;14;0.0;0.0;42.579;0.0;42.579;0.0
15;2;15;0.0;0.0;85.432;0.0;85.432;0.0
15;2;16;0.0;0.0;0.0;7.685;0.0;7.685
15;2;17;0.0;0.0;0.0;95.013;0.0;95.013
15;2;18;0.0;0.0;0.0;115.931;0.0;115.931
15;2;19;0.0;0.0;0.0;132.831;0.0;132.831
15;2;20;0.0;0.0;0.0;130.852;0.0;130.852
15;2;21;0.0;0.0;0.0;70.578;0.0;70.578
15;2;22;0.0;0.0;0.0;98.604;0.0;98.604
15;2;23;0.0;0.0;0.0;42.411;0.0;42.411
15;2;24;0.0;0.0;0.0;6.538;0.0;6.538
15;2;25;0.0;0.0;0.0;14.135;0.0;14.135
15;2;26;0.0;0.0;0.0;10.288;0.0;10.288
15;2;27;0.0;0.0;0.0;11.891;0.0;11.891
15;2;28;0.0;0.0;0.0;70.372;0.0;70.372
15;2;29;0.0;0.0;0.0;10.064;0.0;10.064
15;2;30;0.0;0.0;0.0;81.019;0.0;81.019
15;2;31;0.0;0.0;0.0;96.378;0.0;96.378
15;2;32;0.0;0.0;0.0;81.721;0.0;81.721
15;2;33;0.0;0.0;4.964;0.0;4.964;0.0
15;2;34;0.0;0.0;69.658;0.0;69.658;0.0
15;2;35;0.0;0.0;126.101;0.0;126.101;0.0
15;2;36;0.0;0.0;140.32;0.0;140.32;0.0
15;2;37;0.0;0.0;108.772;0.0;108.772;0.0
15;2;38;0.0;0.0;74.778;0.0;74.778;0.0
15;2;39;0.0;0.0;28.799;0.0;28.799;0.0
15;2;40;0.0;0.0;0.0;69.868;0.0;69.868
15;2;41;0.0;0.0;0.0;95.131;0.0;95.131
15;2;42;0.0;0.0;0.0;88.529;0.0;88.529
15;2;43;0.0;0.0;0.0;66.916;0.0;66.916
15;2;44;0.0;0.0;0.0;68.123;0.0;68.123
15;2;45;0.0;0.0;0.0;59.501;0.0;59.501
15;2;46;0.0;0.0;0.0;78.855;0.0;78.855
15;2;47;0.0;0.0;0.0;47.071;0.0;47.071
15;2;48;0.0;0.0;0.0;9.326;0.0;9.326
15;2;49;0.0;0.0;0.0;11.726;0.0;11.726
15;2;50;0.0;0.0;0.0;8.765;0.0;8.765
15;2;51;0.0;0.0;0.0;8.418;0.0;8.418
15;2;52;0.0;0.0;0.0;50.754;0.0;50.754
15;2;53;0.0;0.0;0.0;51.785;0.0;51.785
15;2;54;0.0;0.0;0.0;63.983;0.0;63.983
15;2;55;0.0;0.0;0.0;76.887;0.0;76.887
15;2;56;0.0;0.0;0.0;87.446;0.0;87.446
15;2;57;0.0;0.0;0.0;53.542;0.0;53.542
15;2;58;0.0;0.0;0.0;0.0;0.0;0.0
15;2;59;0.0;0.0;0.344;0.0;0.344;0.0
15;2;60;0.0;0.0;55.634;0.0;55.634;0.0
15;2;61;0.0;0.0;50.532;0.0;50.532;0.0
15;2;62;0.0;0.0;16.431;0.0;16.431;0.0
15;2;63;0.0;0.0;44.04;0.0;44.04;0.0
15;2;64;0.0;0.0;0.0;13.916;0.0;13.916
15;2;65;0.0;0.0;0.0;105.239;0.0;105.239
15;2;66;0.0;0.0;0.0;57.741;0.0;57.741
15;2;67;0.0;0.0;0.0;73.403;0.0;73.403
15;2;68;0.0;0.0;0.0;70.229;0.0;70.229
15;2;69;0.0;0.0;0.0;68.424;0.0;68.424
15;2;70;0.0;0.0;0.0;68.373;0.0;68.373
15;2;71;0.0;0.0;0.0;47.572;0.0;47.572
15;2;72;0.0;0.0;0.0;6.541;0.0;6.541
15;2;73;0.0;0.0;0.0;11.396;0.0;11.396
15;2;74;0.0;0.0;0.0;42.181;0.0;42.181
15;2;75;0.0;0.0;0.0;43.594;0.0;43.594
15;2;76;0.0;0.0;0.0;44.337;0.0;44.337
15;2;77;0.0;0.0;0.0;55.134;0.0;55.134
15;2;78;0.0;0.0;0.0;65.506;0.0;65.506
15;2;79;0.0;0.0;0.0;68.878;0.0;68.878
15;2;80;0.0;0.0;0.0;93.666;0.0;93.666
15;2;81;0.0;0.0;0.0;54.64;0.0;54.64
15;2;82;0.0;0.0;18.113;0.0;18.113;0.0
15;2;83;0.0;0.0;47.893;0.0;47.893;0.0
15;2;84;0.0;0.0;0.0;0.0;0.0;0.0
15;2;85;0.0;0.0;0.0;19.696;0.0;19.696
15;2;86;0.0;0.0;18.26;0.0;18.26;0.0
15;2;87;0.0;0.0;0.0;41.062;0.0;41.062
15;2;88;0.0;0.0;0.0;77.428;0.0;77.428
15;2;89;0.0;0.0;0.0;65.702;0.0;65.702
15;2;90;0.0;0.0;0.0;53.576;0.0;53.576
15;2;91;0.0;0.0;0.0;76.375;0.0;76.375
15;2;92;0.0;0.0;0.0;111.027;0.0;111.027
15;2;93;0.0;0.0;0.0;71.272;0.0;71.272
15;2;94;0.0;0.0;0.0;66.192;0.0;66.192
15;2;95;0.0;0.0;0.0;54.267;0.0;54.267
15;2;96;0.0;0.0;0.0;6.677;0.0;6.677
15;2;97;0.0;0.0;0.0;12.711;0.0;12.711
15;2;98;0.0;0.0;0.0;49.639;0.0;49.639
15;2;99;0.0;0.0;0.0;64.867;0.0;64.867
15;2;100;0.0;0.0;0.0;65.1;0.0;65.1
15;2;101;0.0;0.0;0.0;51.345;0.0;51.345
15;2;102;0.0;0.0;0.0;68.186;0.0;68.186
15;2;103;0.0;0.0;0.0;76.187;0.0;76.187
15;2;104;0.0;0.0;0.0;81.701;0.0;81.701
15;2;105;0.0;0.0;0.0;74.501;0.0;74.501
15;2;106;0.0;0.0;0.0;41.376;0.0;41.376
15;2;107;0.0;0.0;0.0;32.318;0.0;32.318
15;2;108;0.0;0.0;0.0;20.341;0.0;20.341
15;2;109;0.0;0.0;0.0;57.657;0.0;57.657
15;2;110;0.0;0.0;0.0;21.477;0.0;21.477
15;2;111;0.0;0.0;0.0;46.57;0.0;46.57
15;2;112;0.0;0.0;0.0;56.787;0.0;56.787
15;2;113;0.0;0.0;0.0;95.139;0.0;95.139
15;2;114;0.0;0.0;0.0;108.491;0.0;108.491
15;2;115;0.0;0.0;0.0;127.117;0.0;127.117
15;2;116;0.0;0.0;0.0;123.158;0.0;123.158
15;2;117;0.0;0.0;0.0;122.845;0.0;122.845
15;2;118;0.0;0.0;0.0;97.84;0.0;97.84
15;2;119;0.0;0.0;0.0;100.511;0.0;100.511
15;2;120;0.0;0.0;0.0;41.327;0.0;41.327
15;2;121;0.0;0.0;0.0;66.316;0.0;66.316
15;2;122;0.0;0.0;0.0;66.282;0.0;66.282
15;2;123;0.0;0.0;0.0;67.994;0.0;67.994
15;2;124;0.0;0.0;0.0;69.779;0.0;69.779
15;2;125;0.0;0.0;0.0;71.984;0.0;71.984
15;2;126;0.0;0.0;0.0;70.254;0.0;70.254
15;2;127;0.0;0.0;0.0;80.898;0.0;80.898
15;2;128;0.0;0.0;0.0;97.672;0.0;97.672
15;2;129;0.0;0.0;0.0;64.642;0.0;64.642
15;2;130;0.0;0.0;0.0;17.324;0.0;17.324
15;2;131;0.0;0.0;0.0;0.0;0.0;0.0
15;2;132;0.0;0.0;76.296;0.0;76.296;0.0
15;2;133;0.0;0.0;95.115;0.0;95.115;0.0
15;2;134;0.0;0.0;96.146;0.0;96.146;0.0
15;2;135;0.0;0.0;14.038;0.0;14.038;0.0
15;2;136;0.0;0.0;0.0;0.0;0.0;0.0
15;2;137;0.0;0.0;0.0;48.793;0.0;48.793
15;2;138;0.0;0.0;0.0;57.783;0.0;57.783
15;2;139;0.0;0.0;0.0;128.718;0.0;128.718
15;2;140;0.0;0.0;0.0;123.1;0.0;123.1
15;2;141;0.0;0.0;0.0;88.249;0.0;88.249
15;2;142;0.0;0.0;0.0;119.581;0.0;119.581
15;2;143;0.0;0.0;0.0;51.549;0.0;51.549
15;2;144;0.0;0.0;0.0;62.836;0.0;62.836
15;2;145;0.0;0.0;0.0;69.039;0.0;69.039
15;2;146;0.0;0.0;0.0;68.476;0.0;68.476
15;2;147;0.0;0.0;0.0;67.428;0.0;67.428
15;2;148;0.0;0.0;0.0;67.156;0.0;67.156
15;2;149;0.0;0.0;0.0;67.58;0.0;67.58
15;2;150;0.0;0.0;0.0;73.993;0.0;73.993
15;2;151;0.0;0.0;0.0;85.377;0.0;85.377
15;2;152;0.0;0.0;0.0;88.863;0.0;88.863
15;2;153;0.0;0.0;0.0;30.425;0.0;30.425
15;2;154;0.0;0.0;0.0;12.523;0.0;12.523
15;2;155;0.0;0.0;11.608;0.0;11.608;0.0
15;2;156;0.0;0.0;16.387;0.0;16.387;0.0
15;2;157;0.0;0.0;22.081;0.0;22.081;0.0
15;2;158;0.0;0.0;16.53;0.0;16.53;0.0
15;2;159;0.0;0.0;0.0;0.0;0.0;0.0
15;2;160;0.0;0.0;0.0;0.0;0.0;0.0
15;2;161;0.0;0.0;0.0;66.516;0.0;66.516
15;2;162;0.0;0.0;0.0;109.726;0.0;109.726
15;2;163;0.0;0.0;0.0;114.08;0.0;114.08
15;2;164;0.0;0.0;0.0;124.851;0.0;124.851
15;2;165;0.0;0.0;0.0;143.074;0.0;143.074
15;2;166;0.0;0.0;0.0;118.344;0.0;118.344
15;2;167;0.0;0.0;0.0;99.108;0.0;99.108
15;3;0;0.0;0.0;0.0;74.628;0.0;74.628
15;3;1;0.0;0.0;0.0;77.718;0.0;77.718
15;3;2;0.0;0.0;0.0;67.744;0.0;67.744
15;3;3;0.0;0.0;0.0;5.332;0.0;5.332
15;3;4;0.0;0.0;0.0;7.117;0.0;7.117
15;3;5;0.0;0.0;0.0;3.914;0.0;3.914
15;3;6;0.0;0.0;0.0;9.061;0.0;9.061
15;3;7;0.0;0.0;0.0;16.054;0.0;16.054
15;3;8;0.0;0.0;0.0;46.286;0.0;46.286
15;3;9;0.0;0.0;0.0;10.073;0.0;10.073
15;3;10;0.0;0.0;0.0;0.0;0.0;0.0
15;3;11;0.0;0.0;0.0;0.0;0.0;0.0
15;3;12;0.0;0.0;20.581;0.0;20.581;0.0
15;3;13;0.0;0.0;125.074;0.0;125.074;0.0
15;3;14;0.0;0.0;107.536;0.0;107.536;0.0
15;3;15;0.0;0.0;36.087;0.0;36.087;0.0
15;3;16;0.0;0.0;0.0;88.333;0.0;88.333
15;3;17;0.0;0.0;0.0;73.275;0.0;73.275
15;3;18;0.0;0.0;0.0;66.671;0.0;66.671
15;3;19;0.0;0.0;0.0;48.265;0.0;48.265
15;3;20;0.0;0.0;0.0;59.144;0.0;59.144
15;3;21;0.0;0.0;0.0;68.819;0.0;68.819
15;3;22;0.0;0.0;0.0;54.31;0.0;54.31
15;3;23;0.0;0.0;0.0;42.164;0.0;42.164
15;3;24;0.0;0.0;0.0;0.0;0.0;0.0
15;3;25;0.0;0.0;0.0;3.299;0.0;3.299
15;3;26;0.0;0.0;0.0;3.628;0.0;3.628
15;3;27;0.0;0.0;0.0;5.122;0.0;5.122
15;3;28;0.0;0.0;0.0;3.571;0.0;3.571
15;3;29;0.0;0.0;0.0;7.362;0.0;7.362
15;3;30;0.0;0.0;0.0;10.762;0.0;10.762
15;3;31;0.0;0.0;0.0;21.812;0.0;21.812
15;3;32;0.0;0.0;0.0;32.442;0.0;32.442
15;3;33;0.0;0.0;0.0;6.419;0.0;6.419
15;3;34;0.0;0.0;8.367;0.0;8.367;0.0
15;3;35;0.0;0.0;24.434;0.0;24.434;0.0
15;3;36;0.0;0.0;49.725;0.0;49.725;0.0
15;3;37;0.0;0.0;1.738;0.0;1.738;0.0
15;3;38;0.0;0.0;0.0;30.999;0.0;30.999
15;3;39;0.0;0.0;0.0;33.265;0.0;33.265
15;3;40;0.0;0.0;0.0;43.031;0.0;43.031
15;3;41;0.0;0.0;0.0;55.091;0.0;55.091
15;3;42;0.0;0.0;0.0;52.586;0.0;52.586
15;3;43;0.0;0.0;0.0;55.887;0.0;55.887
15;3;44;0.0;0.0;0.0;75.476;0.0;75.476
15;3;45;0.0;0.0;0.0;55.43;0.0;55.43
15;3;46;0.0;0.0;0.0;79.818;0.0;79.818
15;3;47;0.0;0.0;0.0;81.526;0.0;81.526
15;3;48;0.0;0.0;0.0;22.761;0.0;22.761
15;3;49;0.0;0.0;0.0;31.14;0.0;31.14
15;3;50;0.0;0.0;0.0;31.056;0.0;31.056
15;3;51;0.0;0.0;0.0;35.688;0.0;35.688
15;3;52;0.0;0.0;0.0;34.472;0.0;34.472
15;3;53;0.0;0.0;0.0;9.887;0.0;9.887
15;3;54;0.0;0.0;0.0;0.0;0.0;0.0
15;3;55;0.0;0.0;0.0;19.457;0.0;19.457
15;3;56;0.0;0.0;0.0;15.861;0.0;15.861
15;3;57;0.0;0.0;0.0;51.516;0.0;51.516
15;3;58;0.0;0.0;0.0;40.276;0.0;40.276
15;3;59;0.0;0.0;0.0;47.764;0.0;47.764
15;3;60;0.0;0.0;0.0;13.794;0.0;13.794
15;3;61;0.0;0.0;37.306;0.0;37.306;0.0
15;3;62;0.0;0.0;0.0;24.988;0.0;24.988
15;3;63;0.0;0.0;0.0;38.436;0.0;38.436
15;3;64;0.0;0.0;0.0;58.442;0.0;58.442
15;3;65;0.0;0.0;0.0;110.588;0.0;110.588
15;3;66;0.0;0.0;0.0;109.489;0.0;109.489
15;3;67;0.0;0.0;0.0;123.874;0.0;123.874
15;3;68;0.0;0.0;0.0;112.198;0.0;112.198
15;3;69;0.0;0.0;0.0;103.643;0.0;103.643
15;3;70;0.0;0.0;0.0;96.538;0.0;96.538
15;3;71;0.0;0.0;0.0;86.001;0.0;86.001
15;3;72;0.0;0.0;0.0;41.177;0.0;41.177
15;3;73;0.0;0.0;0.0;46.633;0.0;46.633
15;3;74;0.0;0.0;0.0;40.73;0.0;40.73
15;3;75;0.0;0.0;0.0;27.748;0.0;27.748
15;3;76;0.0;0.0;0.0;0.0;0.0;0.0
15;3;77;0.0;0.0;0.0;0.0;0.0;0.0
15;3;78;0.0;0.0;0.0;0.0;0.0;0.0
15;3;79;0.0;0.0;0.0;7.119;0.0;7.119
15;3;80;0.0;0.0;0.0;13.786;0.0;13.786
15;3;81;0.0;0.0;0.0;63.989;0.0;63.989
15;3;82;0.0;0.0;0.0;65.054;0.0;65.054
15;3;83;0.0;0.0;0.0;65.284;0.0;65.284
15;3;84;0.0;0.0;0.0;51.598;0.0;51.598
15;3;85;0.0;0.0;37.759;0.0;37.759;0.0
15;3;86;0.0;0.0;30.795;0.0;30.795;0.0
15;3;87;0.0;0.0;0.0;3.49;0.0;3.49
15;3;88;0.0;0.0;0.0;34.548;0.0;34.548
15;3;89;0.0;0.0;0.0;94.909;0.0;94.909
15;3;90;0.0;0.0;0.0;90.572;0.0;90.572
15;3;91;0.0;0.0;0.0;86.332;0.0;86.332
15;3;92;0.0;0.0;0.0;67.324;0.0;67.324
15;3;93;0.0;0.0;0.0;68.736;0.0;68.736
15;3;94;0.0;0.0;0.0;61.018;0.0;61.018
15;3;95;0.0;0.0;0.0;34.314;0.0;34.314
15;3;96;0.0;0.0;0.0;1.587;0.0;1.587
15;3;97;0.0;0.0;0.0;4.201;0.0;4.201
15;3;98;0.0;0.0;0.0;4.817;0.0;4.817
15;3;99;0.0;0.0;0.0;6.159;0.0;6.159
15;3;100;0.0;0.0;0.0;3.357;0.0;3.357
15;3;101;0.0;0.0;0.0;2.808;0.0;2.808
15;3;102;0.0;0.0;0.0;5.697;0.0;5.697
15;3;103;0.0;0.0;0.0;13.776;0.0;13.776
15;3;104;0.0;0.0;0.0;19.946;0.0;19.946
15;3;105;0.0;0.0;0.0;36.632;0.0;36.632
15;3;106;0.0;0.0;0.0;26.285;0.0;26.285
15;3;107;0.0;0.0;0.0;45.291;0.0;45.291
15;3;108;0.0;0.0;0.0;13.948;0.0;13.948
15;3;109;0.0;0.0;0.0;8.15;0.0;8.15
15;3;110;0.0;0.0;0.0;18.559;0.0;18.559
15;3;111;0.0;0.0;0.0;25.061;0.0;25.061
15;3;112;0.0;0.0;0.0;44.731;0.0;44.731
15;3;113;0.0;0.0;0.0;49.371;0.0;49.371
15;3;114;0.0;0.0;0.0;56.273;0.0;56.273
15;3;115;0.0;0.0;0.0;64.529;0.0;64.529
15;3;116;0.0;0.0;0.0;57.663;0.0;57.663
15;3;117;0.0;0.0;0.0;63.31;0.0;63.31
15;3;118;0.0;0.0;0.0;46.886;0.0;46.886
15;3;119;0.0;0.0;0.0;54.284;0.0;54.284
15;3;120;0.0;0.0;0.0;0.0;0.0;0.0
15;3;121;0.0;0.0;0.0;4.927;0.0;4.927
15;3;122;0.0;0.0;0.0;1.618;0.0;1.618
15;3;123;0.0;0.0;0.0;4.406;0.0;4.406
15;3;124;0.0;0.0;0.0;5.082;0.0;5.082
15;3;125;0.0;0.0;0.0;8.909;0.0;8.909
15;3;126;0.0;0.0;0.0;5.816;0.0;5.816
15;3;127;0.0;0.0;0.0;24.185;0.0;24.185
15;3;128;0.0;0.0;0.0;38.358;0.0;38.358
15;3;129;0.0;0.0;0.0;22.076;0.0;22.076
15;3;130;0.0;0.0;0.0;5.702;0.0;5.702
15;3;131;0.0;0.0;0.0;5.586;0.0;5.586
15;3;132;0.0;0.0;0.0;0.0;0.0;0.0
15;3;133;0.0;0.0;0.0;0.0;0.0;0.0
15;3;134;0.0;0.0;0.0;8.761;0.0;8.761
15;3;135;0.0;0.0;0.0;17.751;0.0;17.751
15;3;136;0.0;0.0;0.0;40.962;0.0;40.962
15;3;137;0.0;0.0;0.0;46.893;0.0;46.893
15;3;138;0.0;0.0;0.0;50.465;0.0;50.465
15;3;139;0.0;0.0;0.0;64.658;0.0;64.658
15;3;140;0.0;0.0;0.0;68.488;0.0;68.488
15;3;141;0.0;0.0;0.0;73.845;0.0;73.845
15;3;142;0.0;0.0;0.0;54.482;0.0;54.482
15;3;143;0.0;0.0;0.0;40.947;0.0;40.947
15;3;144;0.0;0.0;0.064;0.0;0.064;0.0
15;3;145;0.0;0.0;0.0;4.242;0.0;4.242
15;3;146;0.0;0.0;0.0;4.145;0.0;4.145
15;3;147;0.0;0.0;0.0;3.895;0.0;3.895
15;3;148;0.0;0.0;0.0;4.433;0.0;4.433
15;3;149;0.0;0.0;0.0;5.24;0.0;5.24
15;3;150;0.0;0.0;0.0;7.993;0.0;7.993
15;3;151;0.0;0.0;0.0;22.044;0.0;22.044
15;3;152;0.0;0.0;0.0;39.454;0.0;39.454
15;3;153;0.0;0.0;0.0;0.694;0.0;0.694
15;3;154;0.0;0.0;11.232;0.0;11.232;0.0
15;3;155;0.0;0.0;0.0;10.968;0.0;10.968
15;3;156;0.0;0.0;0.0;2.139;0.0;2.139
15;3;157;0.0;0.0;0.0;0.0;0.0;0.0
15;3;158;0.0;0.0;0.0;2.321;0.0;2.321
15;3;159;0.0;0.0;0.0;23.803;0.0;23.803
15;3;160;0.0;0.0;0.0;30.58;0.0;30.58
15;3;161;0.0;0.0;0.0;39.522;0.0;39.522
15;3;162;0.0;0.0;0.0;49.868;0.0;49.868
15;3;163;0.0;0.0;0.0;55.041;0.0;55.041
15;3;164;0.0;0.0;0.0;54.046;0.0;54.046
15;3;165;0.0;0.0;0.0;54.936;0.0;54.936
15;3;166;0.0;0.0;0.0;51.541;0.0;51.541
15;3;167;0.0;0.0;0.0;32.592;0.0;32.592
