Koordinatensystem : Lambert konform konisch
Rechtswert        : 3797500 Meter
Hochwert          : 2746500 Meter
Hoehenlage        : 58 Meter ueber NN
Erstellung des Datensatzes im Mai 2016

Art des TRY       : extremer Sommer
Bezugszeitraum    : 2031-2060
Datenbasis 1      : Beobachtungsdaten Zeitraum 1995-2012
Datenbasis 2      : Klimasimulationen Zeitraum 1971-2000 (Basis RCP-historical / CORDEX-Europa Laeufe)
Datenbasis 3      : Klimasimulationen Zeitraum 2031-2060 (Basis RCP-4.5 und RCP-8.5 / CORDEX-Europa Laeufe)

Format: (i7,1x,i7,1x,i2,1x,i2,1x,i2,1x,f5.1,1x,i4,1x,3i,1x,f4.1,1x,i1,1x,f4.1,1x,i3,1x,i4,1x,i4,1x,i3,1x,i4,2x,i1)

Reihenfolge der Parameter:
RW Rechtswert                                                    [m]       {3670500;3671500..4389500}
HW Hochwert                                                      [m]       {2242500;2243500..3179500}
MM Monat                                                                   {1..12}
DD Tag                                                                     {1..28,30,31}
HH Stunde (MEZ)                                                            {1..24}
t  Lufttemperatur in 2m Hoehe ueber Grund                        [GradC]
p  Luftdruck in Standorthoehe                                    [hPa]
WR Windrichtung in 10 m Hoehe ueber Grund                        [Grad]    {0..360;999}
WG Windgeschwindigkeit in 10 m Hoehe ueber Grund                 [m/s]
N  Bedeckungsgrad                                                [Achtel]  {0..8;9}
x  Wasserdampfgehalt, Mischungsverhaeltnis                       [g/kg]
RF Relative Feuchte in 2 m Hoehe ueber Grund                     [Prozent] {1..100}
B  Direkte Sonnenbestrahlungsstaerke (horiz. Ebene)              [W/m^2]   abwaerts gerichtet: positiv
D  Diffuse Sonnenbetrahlungsstaerke (horiz. Ebene)               [W/m^2]   abwaerts gerichtet: positiv
A  Bestrahlungsstaerke d. atm. Waermestrahlung (horiz. Ebene)    [W/m^2]   abwaerts gerichtet: positiv
E  Bestrahlungsstaerke d. terr. Waermestrahlung                  [W/m^2]   aufwaerts gerichtet: negativ
IL Qualitaetsbit bezueglich der Auswahlkriterien                           {0;1;2;3;4}


     RW      HW MM DD HH     t    p  WR   WG N    x  RF    B    D   A    E IL
*** 
3797500 2746500  1  1  1   3.8 1003 174  4.5 8  4.2  79    0    0 295 -304  1
3797500 2746500  1  1  2   2.5 1003 160  5.7 8  3.5  73    0    0 296 -304  1
3797500 2746500  1  1  3   1.6 1001 152  6.7 8  2.9  68    0    0 290 -304  1
3797500 2746500  1  1  4   1.8 1000 152  7.0 8  2.8  66    0    0 290 -306  1
3797500 2746500  1  1  5   1.9  999 153  6.7 8  2.8  64    0    0 294 -307  1
3797500 2746500  1  1  6   2.1  997 146  7.5 8  2.7  62    0    0 295 -309  1
3797500 2746500  1  1  7   2.2  997 159  5.3 8  2.8  61    0    0 296 -310  1
3797500 2746500  1  1  8   1.9  996 161  7.1 7  2.9  64    0    0 291 -311  1
3797500 2746500  1  1  9   2.1  995 162  7.5 7  3.0  67    0    0 289 -313  1
3797500 2746500  1  1 10   1.9  994 162  7.1 7  3.2  71    0   17 292 -315  1
3797500 2746500  1  1 11   1.5  994 164  6.0 7  3.4  78    0   30 297 -315  1
3797500 2746500  1  1 12   1.7  994 163  7.5 7  3.6  82    0   47 300 -316  1
3797500 2746500  1  1 13   2.2  993 172  5.9 8  3.7  83    0   40 308 -316  1
3797500 2746500  1  1 14   2.4  993 162  7.0 8  3.9  85    0   53 318 -317  1
3797500 2746500  1  1 15   3.3  992 164  7.1 7  4.1  86    0   49 316 -316  1
3797500 2746500  1  1 16   3.7  991 175  4.6 8  4.2  85    0   19 319 -319  1
3797500 2746500  1  1 17   3.7  992 166  4.6 8  4.4  86    0    0 329 -322  1
3797500 2746500  1  1 18   4.2  992 177  4.6 8  4.5  87    0    0 330 -322  1
3797500 2746500  1  1 19   4.0  992 167  6.2 8  4.5  87    0    0 331 -323  1
3797500 2746500  1  1 20   4.7  991 168  4.9 8  4.6  87    0    0 332 -326  1
3797500 2746500  1  1 21   4.6  991 167  5.3 7  4.6  86    0    0 316 -330  1
3797500 2746500  1  1 22   4.5  992 167  4.8 8  4.6  86    0    0 322 -332  1
3797500 2746500  1  1 23   4.9  992 176  4.1 8  4.7  86    0    0 334 -333  1
3797500 2746500  1  1 24   5.2  991 166  4.3 7  4.7  85    0    0 327 -334  1
3797500 2746500  1  2  1   5.0  991 175  4.2 7  4.8  86    0    0 319 -334  1
3797500 2746500  1  2  2   5.7  991 166  4.0 6  5.0  87    0    0 311 -334  1
3797500 2746500  1  2  3   5.8  990 176  3.9 6  5.1  87    0    0 301 -335  1
3797500 2746500  1  2  4   5.6  990 166  4.5 5  5.1  87    0    0 295 -335  1
3797500 2746500  1  2  5   5.6  990 166  5.2 3  5.1  88    0    0 275 -335  1
3797500 2746500  1  2  6   5.8  990 166  4.4 3  5.1  88    0    0 261 -337  1
3797500 2746500  1  2  7   6.1  989 156  4.9 3  5.1  86    0    0 261 -338  1
3797500 2746500  1  2  8   6.6  989 166  3.7 7  5.2  85    0    0 291 -340  1
3797500 2746500  1  2  9   6.6  989 165  4.4 7  5.4  86    0    0 322 -341  1
3797500 2746500  1  2 10   7.3  989 164  4.3 7  5.5  87    2   33 323 -342  1
3797500 2746500  1  2 11   8.1  989 174  4.3 3  5.6  84   61   81 294 -344  1
3797500 2746500  1  2 12   9.3  989 174  4.5 3  5.7  80  115   97 260 -347  1
3797500 2746500  1  2 13  10.2  988 174  4.3 3  5.9  76  113  109 255 -349  1
3797500 2746500  1  2 14  10.8  988 173  3.7 7  5.9  73    5   85 290 -351  1
3797500 2746500  1  2 15  11.2  988 173  3.8 7  5.8  69    0   48 328 -352  1
3797500 2746500  1  2 16  11.4  988 191  3.8 7  5.6  66    0   27 328 -352  1
3797500 2746500  1  2 17  11.1  988 181  2.9 7  5.5  64    0    0 329 -351  1
3797500 2746500  1  2 18  10.6  988 163  4.1 7  5.5  66    0    0 327 -350  1
3797500 2746500  1  2 19  10.2  988 171  3.5 6  5.5  69    0    0 318 -349  1
3797500 2746500  1  2 20   9.8  988 161  4.1 6  5.6  71    0    0 308 -347  1
3797500 2746500  1  2 21  10.2  988 172  4.1 6  5.6  72    0    0 309 -345  1
3797500 2746500  1  2 22  10.2  988 173  3.6 7  5.7  72    0    0 318 -344  1
3797500 2746500  1  2 23  10.0  988 181  3.7 7  5.7  72    0    0 325 -343  1
3797500 2746500  1  2 24   9.9  989 195  3.2 8  5.6  72    0    0 330 -341  1
3797500 2746500  1  3  1   9.9  989 204  4.7 8  5.6  72    0    0 335 -338  1
3797500 2746500  1  3  2   9.9  989 211  4.4 8  5.6  72    0    0 334 -338  1
3797500 2746500  1  3  3   9.6  989 205  4.0 7  5.5  71    0    0 326 -338  1
3797500 2746500  1  3  4   8.6  990 201  3.2 7  5.5  74    0    0 318 -339  1
3797500 2746500  1  3  5   8.5  990 201  3.1 6  5.6  78    0    0 310 -340  1
3797500 2746500  1  3  6   7.7  990 190  3.4 6  5.6  82    0    0 303 -340  1
3797500 2746500  1  3  7   7.5  991 201  4.2 8  5.7  85    0    0 312 -340  1
3797500 2746500  1  3  8   7.3  992 223  4.9 7  5.7  86    0    0 317 -339  1
3797500 2746500  1  3  9   7.6  993 233  4.1 7  5.7  86    0    0 312 -338  1
3797500 2746500  1  3 10   7.5  995 229  4.1 6  5.5  84    0   27 306 -337  1
3797500 2746500  1  3 11   7.8  996 232  4.2 5  5.3  80    6   70 294 -338  1
3797500 2746500  1  3 12   7.5  997 230  4.4 5  5.2  78    7   92 290 -339  1
3797500 2746500  1  3 13   7.2  998 255  4.9 6  5.0  76    7   98 294 -340  1
3797500 2746500  1  3 14   7.8  999 240  4.1 6  4.7  73   19  101 297 -341  1
3797500 2746500  1  3 15   7.4  999 232  2.9 5  4.6  70   47   80 289 -342  1
3797500 2746500  1  3 16   7.6 1000 234  3.4 5  4.6  70   31   44 283 -341  1
3797500 2746500  1  3 17   6.8 1000 221  2.5 5  4.5  70    1    8 281 -340  1
3797500 2746500  1  3 18   6.6 1001 210  3.1 4  4.4  71    0    0 274 -338  1
3797500 2746500  1  3 19   5.8 1001 193  1.9 2  4.4  73    0    0 259 -338  1
3797500 2746500  1  3 20   5.2 1001 170  2.5 2  4.3  76    0    0 249 -340  1
3797500 2746500  1  3 21   5.1 1001 161  2.9 3  4.3  77    0    0 253 -341  1
3797500 2746500  1  3 22   4.7 1001 161  2.9 4  4.2  78    0    0 266 -342  1
3797500 2746500  1  3 23   5.4 1000 161  3.6 5  4.3  78    0    0 280 -343  1
3797500 2746500  1  3 24   6.1  999 163  4.1 7  4.3  74    0    0 300 -343  1
3797500 2746500  1  4  1   5.9  999 161  4.3 8  4.3  73    0    0 318 -344  1
3797500 2746500  1  4  2   6.0  998 154  4.9 7  4.5  76    0    0 321 -344  1
3797500 2746500  1  4  3   6.3  996 153  5.0 7  4.6  77    0    0 319 -344  1
3797500 2746500  1  4  4   6.5  995 162  5.9 7  4.6  75    0    0 322 -344  1
3797500 2746500  1  4  5   6.1  994 161  5.4 7  4.7  77    0    0 324 -344  1
3797500 2746500  1  4  6   6.3  993 161  5.9 8  4.8  80    0    0 330 -344  1
3797500 2746500  1  4  7   6.5  993 152  6.1 7  4.8  78    0    0 331 -344  1
3797500 2746500  1  4  8   6.2  992 162  5.8 7  4.8  78    0    0 324 -345  1
3797500 2746500  1  4  9   6.8  992 153  5.6 7  4.9  80    0    0 324 -345  1
3797500 2746500  1  4 10   6.7  991 162  5.0 6  5.0  79    0   31 314 -345  1
3797500 2746500  1  4 11   7.3  991 161  5.9 6  5.0  78    9   83 304 -346  1
3797500 2746500  1  4 12   7.6  991 160  6.9 4  5.0  77   25  131 289 -347  1
3797500 2746500  1  4 13   7.4  990 160  5.9 7  5.2  78    1   86 301 -348  1
3797500 2746500  1  4 14   7.9  989 159  5.4 7  5.3  79    1   75 328 -349  1
3797500 2746500  1  4 15   7.4  989 169  4.8 7  5.4  81    3   68 327 -351  1
3797500 2746500  1  4 16   7.4  989 159  4.9 8  5.5  83    4   37 334 -354  1
3797500 2746500  1  4 17   7.2  989 160  4.1 8  5.5  85    0    4 341 -354  1
3797500 2746500  1  4 18   8.0  989 218  4.8 8  5.7  86    0    0 340 -353  1
3797500 2746500  1  4 19   8.1  990 215  4.9 7  5.6  82    0    0 332 -353  1
3797500 2746500  1  4 20   8.1  991 220  4.8 5  5.4  79    0    0 312 -352  1
3797500 2746500  1  4 21   8.0  992 209  4.7 5  5.3  77    0    0 296 -352  1
3797500 2746500  1  4 22   8.1  992 208  4.9 7  5.1  75    0    0 307 -351  1
3797500 2746500  1  4 23   8.0  993 222  6.1 7  5.0  74    0    0 318 -351  1
3797500 2746500  1  4 24   7.5  993 213  5.2 6  4.9  74    0    0 310 -349  1
3797500 2746500  1  5  1   7.5  994 213  3.9 6  4.9  75    0    0 303 -348  1
3797500 2746500  1  5  2   7.5  994 194  4.0 6  5.0  76    0    0 307 -348  1
3797500 2746500  1  5  3   7.3  993 180  2.8 6  4.9  76    0    0 310 -348  1
3797500 2746500  1  5  4   6.6  993 162  3.2 5  4.9  77    0    0 307 -349  1
3797500 2746500  1  5  5   6.9  992 162  4.2 8  5.0  80    0    0 320 -349  1
3797500 2746500  1  5  6   7.0  991 161  4.7 8  5.2  82    0    0 336 -349  1
3797500 2746500  1  5  7   6.9  990 161  4.7 8  5.4  85    0    0 337 -349  1
3797500 2746500  1  5  8   6.8  989 152  5.3 8  5.4  86    0    0 338 -348  1
3797500 2746500  1  5  9   7.4  987 153  6.5 8  5.4  84    0    0 340 -347  1
3797500 2746500  1  5 10   7.0  986 162  6.8 7  5.5  84    0   13 336 -348  1
3797500 2746500  1  5 11   6.6  984 163  7.8 8  5.4  85    0   26 335 -348  1
3797500 2746500  1  5 12   6.8  983 161  7.8 7  5.4  86    0   41 334 -349  1
3797500 2746500  1  5 13   7.1  981 162  6.9 7  5.6  87    0   48 327 -350  1
3797500 2746500  1  5 14   7.6  980 169  4.7 8  5.8  88    0   33 336 -351  1
3797500 2746500  1  5 15   8.3  979 172  3.4 8  6.0  88    0   24 348 -354  1
3797500 2746500  1  5 16   9.0  979 192  2.8 8  6.2  86    0   15 352 -356  1
3797500 2746500  1  5 17  10.1  979 220  4.6 7  6.4  84    0    0 344 -357  1
3797500 2746500  1  5 18  10.3  979 220  4.9 7  6.6  82    0    0 333 -359  1
3797500 2746500  1  5 19   9.9  980 220  5.1 8  6.6  83    0    0 345 -360  1
3797500 2746500  1  5 20   9.1  980 214  4.0 8  6.4  83    0    0 354 -361  1
3797500 2746500  1  5 21   8.8  981 220  3.7 8  6.0  82    0    0 350 -360  1
3797500 2746500  1  5 22   8.7  981 217  2.8 7  5.9  81    0    0 336 -358  1
3797500 2746500  1  5 23   8.5  982 208  2.0 7  6.0  83    0    0 325 -355  1
3797500 2746500  1  5 24   8.2  981 187  0.3 8  6.0  85    0    0 338 -353  1
3797500 2746500  1  6  1   8.4  981 143  2.8 7  6.1  87    0    0 339 -350  1
3797500 2746500  1  6  2   8.5  980 247  2.7 7  6.3  89    0    0 331 -347  1
3797500 2746500  1  6  3   8.0  980 329  2.8 8  6.3  90    0    0 335 -342  1
3797500 2746500  1  6  4   6.5  980 319  4.0 8  6.0  92    0    0 334 -336  1
3797500 2746500  1  6  5   6.3  981 261  3.3 8  5.8  93    0    0 330 -333  1
3797500 2746500  1  6  6   6.2  983 251  5.0 8  5.7  94    0    0 327 -331  1
3797500 2746500  1  6  7   6.3  985 242  4.9 8  5.7  93    0    0 322 -328  1
3797500 2746500  1  6  8   6.6  987 243  4.1 8  5.6  91    0    0 318 -326  1
3797500 2746500  1  6  9   6.3  989 252  4.5 8  5.5  90    0    0 315 -324  1
3797500 2746500  1  6 10   6.3  991 234  4.0 8  5.5  90    1   35 313 -324  1
3797500 2746500  1  6 11   6.6  992 225  4.0 8  5.5  90    0   25 311 -326  1
3797500 2746500  1  6 12   7.1  993 225  4.5 8  5.6  88    0   54 308 -330  1
3797500 2746500  1  6 13   7.2  994 225  4.5 8  5.5  86    0   63 306 -333  1
3797500 2746500  1  6 14   7.0  994 233  3.7 8  5.4  84    0   39 304 -336  1
3797500 2746500  1  6 15   7.2  994 215  4.3 7  5.4  84    0   31 298 -337  1
3797500 2746500  1  6 16   7.2  995 224  3.1 8  5.4  84    0   23 298 -337  1
3797500 2746500  1  6 17   7.2  996 224  3.1 8  5.4  83    0    0 303 -335  1
3797500 2746500  1  6 18   6.7  996 224  3.2 7  5.2  83    0    0 297 -332  1
3797500 2746500  1  6 19   6.4  997 225  3.5 6  5.1  83    0    0 287 -331  1
3797500 2746500  1  6 20   6.3  998 233  3.6 6  4.9  82    0    0 283 -331  1
3797500 2746500  1  6 21   5.8  998 225  3.7 5  4.8  82    0    0 277 -331  1
3797500 2746500  1  6 22   5.9  999 225  4.4 7  4.8  82    0    0 284 -332  1
3797500 2746500  1  6 23   5.9  999 226  3.9 7  4.8  81    0    0 297 -333  1
3797500 2746500  1  6 24   5.5 1000 216  3.8 6  4.7  81    0    0 288 -332  1
3797500 2746500  1  7  1   4.6 1000 206  2.8 5  4.6  83    0    0 274 -331  1
3797500 2746500  1  7  2   4.7 1001 205  2.9 4  4.5  84    0    0 264 -332  1
3797500 2746500  1  7  3   4.9 1001 215  3.7 4  4.5  83    0    0 261 -332  1
3797500 2746500  1  7  4   4.5 1001 194  3.1 1  4.4  83    0    0 245 -333  1
3797500 2746500  1  7  5   4.3 1001 195  3.1 2  4.3  82    0    0 232 -332  1
3797500 2746500  1  7  6   4.2 1002 185  2.3 0  4.3  82    0    0 224 -331  1
3797500 2746500  1  7  7   4.1 1002 185  3.0 2  4.2  82    0    0 223 -330  1
3797500 2746500  1  7  8   3.9 1002 186  3.3 3  4.1  81    0    0 243 -329  1
3797500 2746500  1  7  9   4.2 1002 176  3.2 3  4.1  80    0    0 250 -329  1
3797500 2746500  1  7 10   4.6 1003 184  3.4 3  4.1  78   19   42 252 -330  1
3797500 2746500  1  7 11   5.6 1003 183  4.4 3  4.2  76   44   83 255 -332  1
3797500 2746500  1  7 12   6.3 1003 184  4.7 4  4.4  74   61  110 266 -335  1
3797500 2746500  1  7 13   6.3 1003 185  4.0 4  4.4  74   65  118 273 -338  1
3797500 2746500  1  7 14   7.1 1003 203  5.2 4  4.5  74   34  104 274 -339  1
3797500 2746500  1  7 15   7.3 1003 215  4.0 8  4.7  73    0   51 301 -339  1
3797500 2746500  1  7 16   7.4 1003 233  4.3 8  4.8  74    0   20 326 -340  1
3797500 2746500  1  7 17   6.9 1003 220  3.9 8  4.9  76    0    4 327 -339  1
3797500 2746500  1  7 18   6.8 1004 231  3.0 8  4.9  78    0    0 325 -338  1
3797500 2746500  1  7 19   6.6 1004 230  3.8 8  4.8  78    0    0 322 -338  1
3797500 2746500  1  7 20   6.4 1004 226  3.5 7  4.7  77    0    0 313 -338  1
3797500 2746500  1  7 21   6.0 1005 218  3.2 6  4.6  77    0    0 298 -338  1
3797500 2746500  1  7 22   5.7 1005 214  3.1 6  4.5  77    0    0 291 -338  1
3797500 2746500  1  7 23   5.5 1005 224  3.1 6  4.5  78    0    0 289 -338  1
3797500 2746500  1  7 24   4.9 1005 212  2.9 4  4.5  80    0    0 275 -337  1
3797500 2746500  1  8  1   4.8 1005 215  2.7 2  4.4  82    0    0 250 -337  1
3797500 2746500  1  8  2   4.7 1006 206  2.9 4  4.4  82    0    0 248 -337  1
3797500 2746500  1  8  3   4.5 1006 208  2.1 5  4.3  81    0    0 264 -337  1
3797500 2746500  1  8  4   4.0 1006 218  3.0 4  4.2  81    0    0 262 -336  1
3797500 2746500  1  8  5   3.7 1006 219  3.1 4  4.2  83    0    0 254 -336  1
3797500 2746500  1  8  6   3.5 1006 215  3.9 3  4.2  85    0    0 243 -336  1
3797500 2746500  1  8  7   3.6 1006 201  3.9 3  4.2  86    0    0 237 -336  1
3797500 2746500  1  8  8   3.5 1006 196  3.9 3  4.2  85    0    0 241 -335  1
3797500 2746500  1  8  9   3.1 1006 206  4.1 3  4.0  84    0    0 243 -335  1
3797500 2746500  1  8 10   3.1 1006 211  3.4 1  4.0  84   28   35 233 -335  1
3797500 2746500  1  8 11   4.3 1007 215  3.6 3  4.0  81   51   73 234 -336  1
3797500 2746500  1  8 12   4.8 1007 210  3.6 4  4.1  78   82   92 252 -338  1
3797500 2746500  1  8 13   5.9 1006 232  3.9 2  4.2  76  193   53 244 -340  1
3797500 2746500  1  8 14   6.4 1006 218  5.1 3  4.3  73  131   70 234 -342  1
3797500 2746500  1  8 15   6.5 1006 212  3.8 7  4.4  72    4   64 271 -343  1
3797500 2746500  1  8 16   6.5 1006 238  3.4 7  4.4  72    0   12 299 -342  1
3797500 2746500  1  8 17   6.1 1006 237  3.7 7  4.4  73    0    0 299 -340  1
3797500 2746500  1  8 18   5.9 1006 237  3.2 8  4.4  76    0    0 303 -338  1
3797500 2746500  1  8 19   5.3 1006 237  2.4 8  4.5  79    0    0 307 -336  1
3797500 2746500  1  8 20   5.3 1006 206  3.1 8  4.6  83    0    0 306 -335  1
3797500 2746500  1  8 21   5.2 1007 199  3.0 8  4.7  84    0    0 306 -335  1
3797500 2746500  1  8 22   5.0 1007 241  3.0 8  4.7  85    0    0 306 -333  1
3797500 2746500  1  8 23   4.9 1007 240  3.6 8  4.7  86    0    0 306 -332  1
3797500 2746500  1  8 24   4.7 1007 223  3.8 8  4.7  87    0    0 307 -332  1
3797500 2746500  1  9  1   4.5 1007 230  3.1 8  4.6  87    0    0 306 -332  1
3797500 2746500  1  9  2   4.5 1007 238  3.1 7  4.6  88    0    0 299 -332  1
3797500 2746500  1  9  3   4.7 1007 182  3.0 6  4.7  89    0    0 287 -332  1
3797500 2746500  1  9  4   4.8 1007 233  3.2 6  4.8  89    0    0 283 -331  1
3797500 2746500  1  9  5   4.7 1007 233  3.1 6  4.8  89    0    0 283 -329  1
3797500 2746500  1  9  6   4.7 1007 246  2.9 8  4.8  89    0    0 293 -328  1
3797500 2746500  1  9  7   4.7 1008 238  3.0 8  4.8  89    0    0 301 -327  1
3797500 2746500  1  9  8   4.7 1008 238  3.0 8  4.8  90    0    0 301 -323  1
3797500 2746500  1  9  9   4.7 1008 226  3.5 8  4.8  89    0    0 302 -319  1
3797500 2746500  1  9 10   4.8 1008 231  3.0 8  4.8  89    0   21 302 -316  1
3797500 2746500  1  9 11   5.0 1009 288  3.1 7  4.9  90    0   52 299 -319  1
3797500 2746500  1  9 12   5.1 1009 219  3.1 8  4.9  89    0   33 298 -325  1
3797500 2746500  1  9 13   5.3 1009 252  3.0 7  4.8  87    1   90 298 -331  1
3797500 2746500  1  9 14   5.5 1009 234  2.9 5  4.7  84   16  122 284 -335  1
3797500 2746500  1  9 15   5.8 1008 217  2.8 6  4.7  83    7   82 278 -335  1
3797500 2746500  1  9 16   5.7 1008 171  1.6 8  4.8  83    0   28 292 -332  1
3797500 2746500  1  9 17   5.4 1008 207  2.0 7  4.7  84    0    4 291 -326  1
3797500 2746500  1  9 18   5.3 1008 260  1.9 7  4.6  83    0    0 282 -319  1
3797500 2746500  1  9 19   5.1 1008 233  1.1 6  4.5  82    0    0 274 -316  1
3797500 2746500  1  9 20   4.7 1008 251  1.6 6  4.5  83    0    0 267 -316  1
3797500 2746500  1  9 21   3.8 1008 112  1.0 6  4.3  84    0    0 264 -316  1
3797500 2746500  1  9 22   4.1 1008 169  1.0 5  4.3  84    0    0 259 -315  1
3797500 2746500  1  9 23   3.4 1008 111  1.0 5  4.2  85    0    0 255 -314  1
3797500 2746500  1  9 24   3.3 1008 105  1.6 7  4.1  86    0    0 260 -312  1
3797500 2746500  1 10  1   2.8 1008 105  1.6 6  4.1  87    0    0 264 -312  1
3797500 2746500  1 10  2   2.5 1008 120  1.6 6  4.1  88    0    0 259 -311  1
3797500 2746500  1 10  3   2.5 1008 135  1.7 5  4.0  88    0    0 255 -311  1
3797500 2746500  1 10  4   2.4 1007 100  1.7 6  4.0  88    0    0 255 -311  1
3797500 2746500  1 10  5   2.3 1007  94  2.2 7  3.9  86    0    0 262 -311  1
3797500 2746500  1 10  6   2.2 1007  87  2.1 7  3.8  84    0    0 266 -311  1
3797500 2746500  1 10  7   2.2 1006  96  1.9 6  3.7  83    0    0 263 -311  1
3797500 2746500  1 10  8   1.8 1006  82  2.0 4  3.7  84    0    0 249 -311  1
3797500 2746500  1 10  9   1.9 1006  94  2.8 4  3.7  84    0    0 240 -311  1
3797500 2746500  1 10 10   1.7 1006  79  2.3 7  3.7  85    4   44 255 -310  1
3797500 2746500  1 10 11   1.9 1006  88  2.7 7  3.7  84    5   79 270 -311  1
3797500 2746500  1 10 12   2.8 1006  76  2.8 7  3.7  81    4   97 271 -313  1
3797500 2746500  1 10 13   3.6 1006  81  2.3 7  3.7  77    0   72 274 -315  1
3797500 2746500  1 10 14   3.9 1006  99  2.1 8  3.7  75    0   30 281 -316  1
3797500 2746500  1 10 15   4.0 1006  72  2.0 8  3.8  74    0   19 289 -316  1
3797500 2746500  1 10 16   3.5 1005  59  1.9 8  3.9  77    0    8 291 -316  1
3797500 2746500  1 10 17   3.2 1005  76  2.5 8  4.0  83    0    1 292 -316  1
3797500 2746500  1 10 18   3.2 1005  88  2.3 8  4.1  86    0    0 293 -316  1
3797500 2746500  1 10 19   3.2 1006  70  2.3 8  4.2  86    0    0 295 -316  1
3797500 2746500  1 10 20   3.2 1006  62  2.4 8  4.2  87    0    0 297 -315  1
3797500 2746500  1 10 21   3.2 1006  50  2.7 8  4.2  87    0    0 299 -314  1
3797500 2746500  1 10 22   2.9 1007  55  3.0 8  4.1  87    0    0 301 -313  1
3797500 2746500  1 10 23   2.5 1007  68  3.0 8  4.1  88    0    0 299 -313  1
3797500 2746500  1 10 24   2.2 1007  68  3.7 7  4.0  88    0    0 293 -313  1
3797500 2746500  1 11  1   2.1 1008  56  4.4 8  3.9  88    0    0 294 -312  1
3797500 2746500  1 11  2   1.8 1008  60  5.0 8  3.9  89    0    0 299 -311  1
3797500 2746500  1 11  3   1.9 1009  57  4.4 8  3.9  89    0    0 300 -309  1
3797500 2746500  1 11  4   1.9 1009  61  4.4 8  3.9  88    0    0 300 -307  1
3797500 2746500  1 11  5   2.0 1010  68  4.4 7  3.8  87    0    0 294 -305  1
3797500 2746500  1 11  6   1.9 1010  60  4.2 8  3.8  86    0    0 293 -304  1
3797500 2746500  1 11  7   2.1 1011  59  4.2 8  3.7  83    0    0 298 -303  1
3797500 2746500  1 11  8   2.1 1011  60  4.1 7  3.5  80    0    0 292 -302  1
3797500 2746500  1 11  9   2.1 1012  61  4.1 7  3.5  79    0    0 287 -301  1
3797500 2746500  1 11 10   2.1 1013  50  4.9 7  3.5  80    6   31 287 -302  1
3797500 2746500  1 11 11   2.3 1014  59  5.1 5  3.6  80   13   58 276 -304  1
3797500 2746500  1 11 12   2.8 1015  59  4.3 6  3.5  78    3   73 270 -308  1
3797500 2746500  1 11 13   3.0 1016  58  4.4 6  3.6  77    0   73 276 -311  1
3797500 2746500  1 11 14   3.1 1016  59  4.5 7  3.6  76    0   71 282 -314  1
3797500 2746500  1 11 15   2.4 1016  60  3.8 7  3.5  77   10   58 286 -315  1
3797500 2746500  1 11 16   2.7 1017  70  3.9 7  3.5  77   43   21 286 -314  1
3797500 2746500  1 11 17   2.1 1017  62  4.0 5  3.4  75    8   10 276 -312  1
3797500 2746500  1 11 18   1.7 1018  62  3.8 4  3.2  75    0    0 258 -309  1
3797500 2746500  1 11 19   1.0 1018  61  4.1 3  3.1  76    0    0 245 -307  1
3797500 2746500  1 11 20   0.1 1019  61  3.3 2  3.0  78    0    0 233 -305  1
3797500 2746500  1 11 21  -0.6 1019  40  4.0 2  3.0  80    0    0 225 -304  1
3797500 2746500  1 11 22  -0.9 1019  48  3.9 0  2.9  82    0    0 215 -303  1
3797500 2746500  1 11 23  -0.9 1020  47  3.3 0  2.9  82    0    0 203 -302  1
3797500 2746500  1 11 24  -0.8 1020  57  3.3 0  2.8  80    0    0 204 -301  1
3797500 2746500  1 12  1  -1.4 1020  57  2.3 2  2.8  80    0    0 214 -300  1
3797500 2746500  1 12  2  -1.0 1020  66  2.4 3  2.7  79    0    0 228 -300  1
3797500 2746500  1 12  3  -1.6 1020  44  1.8 2  2.7  79    0    0 227 -300  1
3797500 2746500  1 12  4  -1.5 1020  59  1.7 6  2.7  82    0    0 242 -299  1
3797500 2746500  1 12  5  -1.8 1020  47  1.3 6  2.8  83    0    0 263 -299  1
3797500 2746500  1 12  6  -1.2 1020  49  1.9 5  2.8  84    0    0 259 -298  1
3797500 2746500  1 12  7  -1.7 1021  40  1.2 4  2.8  84    0    0 248 -298  1
3797500 2746500  1 12  8  -2.4 1021  47  1.7 2  2.8  87    0    0 229 -297  1
3797500 2746500  1 12  9  -1.6 1021  80  1.8 2  2.8  87    0    0 220 -296  1
3797500 2746500  1 12 10  -0.9 1021  89  1.8 3  2.9  84   15   43 228 -297  1
3797500 2746500  1 12 11   1.2 1022  87  1.8 2  3.1  81   57   83 231 -299  1
3797500 2746500  1 12 12   2.1 1022  39  1.4 2  3.3  78  136   86 229 -303  1
3797500 2746500  1 12 13   4.2 1022  68  2.5 2  3.5  73  175   83 233 -307  1
3797500 2746500  1 12 14   4.8 1022  78  3.3 2  3.5  67  173   76 235 -310  1
3797500 2746500  1 12 15   4.8 1021  60  3.4 1  3.4  65  119   66 230 -312  1
3797500 2746500  1 12 16   4.5 1021  67  3.3 0  3.4  66   59   43 218 -311  1
3797500 2746500  1 12 17   3.9 1021  60  2.4 0  3.4  67    6   12 210 -308  1
3797500 2746500  1 12 18   2.9 1021  52  2.8 0  3.4  70    0    0 208 -304  1
3797500 2746500  1 12 19   2.5 1022  61  2.0 0  3.3  73    0    0 206 -302  1
3797500 2746500  1 12 20   2.2 1022  78  2.9 0  3.4  75    0    0 206 -300  1
3797500 2746500  1 12 21   1.9 1023  68  2.3 0  3.3  76    0    0 206 -298  1
3797500 2746500  1 12 22   1.4 1023  81  2.1 1  3.2  77    0    0 211 -297  1
3797500 2746500  1 12 23   0.9 1024  71  2.1 1  3.2  78    0    0 216 -296  1
3797500 2746500  1 12 24   0.8 1024  71  2.9 1  3.1  78    0    0 215 -295  1
3797500 2746500  1 13  1   0.5 1024  60  2.2 1  3.0  77    0    0 214 -294  1
3797500 2746500  1 13  2   0.1 1025  51  3.6 0  2.9  77    0    0 208 -293  1
3797500 2746500  1 13  3  -0.4 1025  70  3.3 0  2.9  78    0    0 201 -293  1
3797500 2746500  1 13  4  -0.7 1025  42  3.2 2  2.8  79    0    0 211 -292  1
3797500 2746500  1 13  5  -0.9 1026  50  2.6 4  2.8  80    0    0 233 -292  1
3797500 2746500  1 13  6  -1.1 1026  42  3.8 4  2.8  81    0    0 243 -292  1
3797500 2746500  1 13  7  -1.2 1026  53  3.8 1  2.8  82    0    0 228 -291  1
3797500 2746500  1 13  8  -1.6 1027  69  3.3 1  2.8  82    0    0 213 -290  1
3797500 2746500  1 13  9  -1.5 1027  68  3.1 1  2.7  81    0    1 212 -290  1
3797500 2746500  1 13 10  -1.5 1027  71  3.0 1  2.7  79   29   40 213 -290  1
3797500 2746500  1 13 11  -0.7 1028  61  2.4 1  2.7  78   85   71 214 -293  1
3797500 2746500  1 13 12   0.3 1028  65  2.7 2  2.7  72  144   81 222 -297  1
3797500 2746500  1 13 13   1.5 1028  52  2.1 2  2.6  65  190   76 230 -302  1
3797500 2746500  1 13 14   2.3 1028  53  3.2 2  2.5  59  190   67 232 -306  1
3797500 2746500  1 13 15   2.7 1028  50  4.0 1  2.5  56  142   57 227 -307  1
3797500 2746500  1 13 16   2.5 1028  51  3.2 1  2.5  56   69   40 223 -306  1
3797500 2746500  1 13 17   2.0 1028  49  3.8 4  2.5  58    8   11 237 -303  1
3797500 2746500  1 13 18   1.4 1028  61  3.8 3  2.5  60    0    0 244 -299  1
3797500 2746500  1 13 19   0.9 1029  71  3.1 0  2.6  63    0    0 223 -297  1
3797500 2746500  1 13 20   1.1 1029  57  3.0 0  2.6  64    0    0 208 -295  1
3797500 2746500  1 13 21   0.9 1030  56  4.1 0  2.6  65    0    0 208 -294  1
3797500 2746500  1 13 22   0.5 1030  59  3.4 0  2.6  67    0    0 207 -292  1
3797500 2746500  1 13 23   0.3 1031  62  3.5 0  2.6  68    0    0 208 -291  1
3797500 2746500  1 13 24  -0.2 1030  59  3.4 0  2.6  70    0    0 208 -290  1
3797500 2746500  1 14  1  -1.0 1031  77  2.9 1  2.6  73    0    0 212 -289  1
3797500 2746500  1 14  2  -1.3 1029  68  2.9 0  2.6  76    0    0 212 -288  1
3797500 2746500  1 14  3  -1.4 1029  54  2.9 2  2.6  78    0    0 217 -288  1
3797500 2746500  1 14  4  -1.6 1029  48  2.9 2  2.6  78    0    0 227 -287  1
3797500 2746500  1 14  5  -2.0 1029  47  2.8 1  2.6  79    0    0 222 -287  1
3797500 2746500  1 14  6  -2.2 1029  48  2.6 4  2.6  80    0    0 231 -287  1
3797500 2746500  1 14  7  -2.7 1028  52  2.5 2  2.6  82    0    0 235 -287  1
3797500 2746500  1 14  8  -2.9 1028  65  1.8 2  2.5  84    0    0 225 -287  1
3797500 2746500  1 14  9  -3.1 1028  75  2.4 2  2.5  85    0    2 225 -287  1
3797500 2746500  1 14 10  -2.5 1029  47  1.3 3  2.6  84   17   46 231 -288  1
3797500 2746500  1 14 11  -1.3 1029  72  1.2 3  2.6  81   19   89 236 -291  1
3797500 2746500  1 14 12  -0.2 1029  25  3.1 3  2.7  77   56  122 237 -296  1
3797500 2746500  1 14 13   0.0 1029  32  3.3 1  2.8  76  163   99 228 -302  1
3797500 2746500  1 14 14   0.7 1028  54  4.1 2  2.9  76  161   90 225 -306  1
3797500 2746500  1 14 15   1.0 1027  54  4.2 2  3.0  75  107   77 229 -308  1
3797500 2746500  1 14 16   0.4 1026  42  4.2 3  3.0  77   42   48 232 -308  1
3797500 2746500  1 14 17   0.5 1026  51  3.6 2  3.0  78    6   12 229 -305  1
3797500 2746500  1 14 18   0.3 1026  54  4.2 2  3.0  78    0    0 225 -302  1
3797500 2746500  1 14 19   0.1 1026  51  4.1 2  3.0  79    0    0 224 -300  1
3797500 2746500  1 14 20  -0.1 1026  60  3.8 1  2.9  77    0    0 220 -298  1
3797500 2746500  1 14 21  -0.4 1026  65  3.5 0  2.8  75    0    0 214 -296  1
3797500 2746500  1 14 22  -0.8 1025  69  3.2 0  2.6  74    0    0 210 -295  1
3797500 2746500  1 14 23  -0.3 1025  92  2.8 0  2.5  70    0    0 209 -293  1
3797500 2746500  1 14 24   0.5 1025 114  2.6 0  2.5  65    0    0 206 -292  1
3797500 2746500  1 15  1   1.6 1018 147  2.3 0  2.5  59    0    0 224 -305  1
3797500 2746500  1 15  2   2.3 1018 168  2.2 0  2.5  56    0    0 222 -304  1
3797500 2746500  1 15  3   2.8 1017 188  2.1 0  2.5  54    0    0 220 -303  1
3797500 2746500  1 15  4   2.3 1017 185  2.1 0  2.5  55    0    0 219 -302  1
3797500 2746500  1 15  5   2.2 1017 190  1.8 0  2.5  56    0    0 217 -302  1
3797500 2746500  1 15  6   1.7 1017 177  1.8 1  2.5  58    0    0 217 -301  1
3797500 2746500  1 15  7   0.7 1017 177  2.1 0  2.5  60    0    0 216 -300  1
3797500 2746500  1 15  8   1.0 1017 167  1.8 0  2.4  61    0    0 214 -300  1
3797500 2746500  1 15  9   0.8 1018 188  1.9 0  2.4  60    0    3 214 -299  1
3797500 2746500  1 15 10   1.5 1018 197  1.9 1  2.4  58   32   42 215 -299  1
3797500 2746500  1 15 11   2.7 1018 205  2.8 0  2.4  56  109   65 217 -302  1
3797500 2746500  1 15 12   4.1 1019 199  2.3 0  2.6  53  174   71 219 -307  1
3797500 2746500  1 15 13   5.1 1019 208  1.8 0  2.7  51  213   65 222 -311  1
3797500 2746500  1 15 14   5.9 1018 198  1.6 0  2.7  49  207   58 225 -314  1
3797500 2746500  1 15 15   6.4 1018 206  2.1 0  2.8  48  144   55 227 -315  1
3797500 2746500  1 15 16   6.2 1018 208  2.3 0  2.8  48   53   43 228 -315  1
3797500 2746500  1 15 17   4.7 1018 199  1.8 0  2.7  49    8   12 226 -314  1
3797500 2746500  1 15 18   4.1 1018 194  0.9 0  2.7  52    0    0 224 -311  1
3797500 2746500  1 15 19   4.0 1018 184  1.3 0  2.7  54    0    0 223 -309  1
3797500 2746500  1 15 20   4.3 1018 162  1.7 0  2.7  53    0    0 224 -307  1
3797500 2746500  1 15 21   3.2 1018 161  1.0 0  2.7  55    0    0 223 -305  1
3797500 2746500  1 15 22   2.9 1018 170  1.3 0  2.7  58    0    0 223 -303  1
3797500 2746500  1 15 23   3.2 1018 158  1.8 0  2.7  57    0    0 222 -301  1
3797500 2746500  1 15 24   3.4 1018 177  1.7 1  2.6  56    0    0 227 -299  1
3797500 2746500  1 16  1   1.9 1018 161  2.0 0  2.6  58    0    0 225 -297  1
3797500 2746500  1 16  2   1.4 1018 178  2.5 0  2.7  63    0    0 221 -296  1
3797500 2746500  1 16  3   1.4 1018 182  2.4 1  2.6  63    0    0 222 -296  1
3797500 2746500  1 16  4   1.2 1018 172  2.9 2  2.6  64    0    0 227 -297  1
3797500 2746500  1 16  5   1.7 1018 168  3.0 2  2.6  62    0    0 230 -297  1
3797500 2746500  1 16  6   0.5 1018 166  3.4 0  2.6  62    0    0 224 -296  1
3797500 2746500  1 16  7   0.6 1017 162  2.7 0  2.5  64    0    0 216 -296  1
3797500 2746500  1 16  8   2.2 1017 166  2.5 0  2.6  62    0    0 219 -295  1
3797500 2746500  1 16  9   1.1 1017 168  2.6 0  2.6  62    0    3 219 -295  1
3797500 2746500  1 16 10   2.0 1017 173  2.3 0  2.7  64   35   40 219 -295  1
3797500 2746500  1 16 11   4.4 1017 138  2.4 0  2.9  60  117   59 223 -298  1
3797500 2746500  1 16 12   5.8 1016 143  2.0 0  3.0  55  191   58 227 -304  1
3797500 2746500  1 16 13   7.3 1016 130  3.2 0  3.0  50  237   48 230 -310  1
3797500 2746500  1 16 14   7.6 1015 298  2.4 0  3.0  47  224   46 232 -313  1
3797500 2746500  1 16 15   7.9 1015  94  2.1 0  3.1  47  160   43 234 -315  1
3797500 2746500  1 16 16   7.5 1014 176  1.2 0  3.1  48   61   39 234 -315  1
3797500 2746500  1 16 17   6.5 1014 187  0.7 0  3.1  50   10   13 233 -313  1
3797500 2746500  1 16 18   5.4 1014 177  0.7 0  3.1  53    0    0 231 -312  1
3797500 2746500  1 16 19   5.3 1014 155  2.9 0  3.0  55    0    0 231 -312  1
3797500 2746500  1 16 20   4.8 1014 160  3.3 1  3.0  56    0    0 233 -313  1
3797500 2746500  1 16 21   4.5 1014 161  3.5 1  3.1  58    0    0 234 -314  1
3797500 2746500  1 16 22   4.5 1014 173  3.5 0  3.0  58    0    0 234 -314  1
3797500 2746500  1 16 23   4.0 1013 174  3.8 0  3.0  58    0    0 232 -313  1
3797500 2746500  1 16 24   3.7 1013 166  1.7 0  2.9  58    0    0 231 -313  1
3797500 2746500  1 17  1   4.9 1013 169  3.1 3  2.9  57    0    0 238 -312  1
3797500 2746500  1 17  2   4.6 1012 168  3.5 1  3.0  56    0    0 242 -310  1
3797500 2746500  1 17  3   4.7 1012 167  4.5 3  3.0  57    0    0 242 -310  1
3797500 2746500  1 17  4   5.0 1012 181  3.6 4  3.0  56    0    0 248 -311  1
3797500 2746500  1 17  5   3.7 1012 173  2.5 2  3.0  57    0    0 245 -311  1
3797500 2746500  1 17  6   4.4 1011 170  2.4 0  2.9  57    0    0 238 -310  1
3797500 2746500  1 17  7   3.3 1011 162  3.5 0  2.9  57    0    0 233 -309  1
3797500 2746500  1 17  8   4.6 1011 171  4.7 0  2.9  57    0    0 233 -309  1
3797500 2746500  1 17  9   4.6 1010 170  4.2 0  2.9  54    0    3 235 -310  1
3797500 2746500  1 17 10   5.0 1011 170  3.9 0  2.9  54   35   41 235 -311  1
3797500 2746500  1 17 11   6.2 1011 180  3.2 0  2.9  52  117   60 237 -312  1
3797500 2746500  1 17 12   7.2 1010 190  2.2 0  3.0  49  184   64 239 -316  1
3797500 2746500  1 17 13   8.8 1010 175  3.6 0  3.1  46  227   55 242 -321  1
3797500 2746500  1 17 14   9.8 1009 193  3.7 0  3.2  43  224   46 246 -323  1
3797500 2746500  1 17 15  10.1 1009 187  3.5 1  3.2  42  163   43 249 -323  1
3797500 2746500  1 17 16   9.1 1008 166  4.1 2  3.2  43   78   37 253 -323  1
3797500 2746500  1 17 17   7.9 1008 175  4.0 4  3.2  46   13   13 259 -322  1
3797500 2746500  1 17 18   6.2 1008 175  4.1 4  3.2  50    0    0 262 -320  1
3797500 2746500  1 17 19   5.7 1008 173  3.9 5  3.2  55    0    0 264 -320  1
3797500 2746500  1 17 20   5.6 1009 183  3.3 4  3.2  57    0    0 265 -320  1
3797500 2746500  1 17 21   5.3 1009 182  2.6 4  3.3  60    0    0 263 -320  1
3797500 2746500  1 17 22   5.5 1009 180  2.4 5  3.4  62    0    0 269 -318  1
3797500 2746500  1 17 23   5.2 1009 190  3.8 5  3.6  64    0    0 275 -317  1
3797500 2746500  1 17 24   5.6 1010 191  2.8 7  3.7  66    0    0 284 -318  1
3797500 2746500  1 18  1   5.7 1010 193  3.0 8  3.9  68    0    0 300 -320  1
3797500 2746500  1 18  2   6.2 1010 190  3.6 8  4.0  69    0    0 309 -323  1
3797500 2746500  1 18  3   5.5 1010 207  4.4 8  4.1  71    0    0 312 -325  1
3797500 2746500  1 18  4   5.5 1010 207  3.9 8  4.2  75    0    0 314 -327  1
3797500 2746500  1 18  5   5.8 1010 215  2.9 8  4.3  76    0    0 318 -328  1
3797500 2746500  1 18  6   5.3 1010 214  2.9 8  4.4  78    0    0 321 -329  1
3797500 2746500  1 18  7   4.7 1011 214  2.9 8  4.4  81    0    0 322 -328  1
3797500 2746500  1 18  8   4.8 1011 205  2.6 8  4.4  82    0    0 323 -327  1
3797500 2746500  1 18  9   4.1 1012 193  2.5 8  4.5  86    0    3 324 -327  1
3797500 2746500  1 18 10   4.2 1012 191  2.1 8  4.6  90    4   50 325 -326  1
3797500 2746500  1 18 11   4.5 1013 191  2.5 7  4.8  92    0   59 322 -327  1
3797500 2746500  1 18 12   4.6 1013 201  2.0 7  4.9  93    0   48 318 -327  1
3797500 2746500  1 18 13   4.6 1013 202  2.4 8  4.9  94    0   54 325 -328  1
3797500 2746500  1 18 14   4.8 1012 213  2.9 8  5.0  94    0   38 331 -328  1
3797500 2746500  1 18 15   4.8 1012 180  1.8 8  5.0  94    0   37 332 -328  1
3797500 2746500  1 18 16   4.8 1012 190  1.6 8  5.0  94    0   30 332 -327  1
3797500 2746500  1 18 17   4.7 1012 160  1.3 8  5.0  94    0   10 333 -326  1
3797500 2746500  1 18 18   3.9 1011  89  0.4 6  4.9  94    0    0 319 -324  1
3797500 2746500  1 18 19   4.1 1011 102  1.1 7  4.8  96    0    0 312 -322  1
3797500 2746500  1 18 20   4.5 1011  95  2.6 8  4.9  95    0    0 323 -322  1
3797500 2746500  1 18 21   3.7 1011 129  2.0 7  4.8  95    0    0 320 -322  1
3797500 2746500  1 18 22   3.4 1012 179  1.3 7  4.6  94    0    0 312 -322  1
3797500 2746500  1 18 23   3.2 1011 129  1.5 7  4.5  94    0    0 310 -321  1
3797500 2746500  1 18 24   3.3 1011 157  2.7 8  4.5  94    0    0 315 -320  1
3797500 2746500  1 19  1   3.1 1010 128  3.6 8  4.5  93    0    0 321 -319  1
3797500 2746500  1 19  2   3.5 1010 137  3.3 6  4.5  93    0    0 308 -319  1
3797500 2746500  1 19  3   3.9 1009 109  2.6 6  4.5  92    0    0 297 -319  1
3797500 2746500  1 19  4   3.6 1008 114  2.5 7  4.5  90    0    0 305 -319  1
3797500 2746500  1 19  5   3.9 1008  77  2.3 8  4.5  90    0    0 317 -320  1
3797500 2746500  1 19  6   4.5 1007 129  3.9 8  4.5  88    0    0 325 -320  1
3797500 2746500  1 19  7   4.4 1006  33  1.7 8  4.5  86    0    0 326 -321  1
3797500 2746500  1 19  8   4.2 1006  97  1.3 7  4.6  88    0    0 320 -321  1
3797500 2746500  1 19  9   4.9 1005 145  3.7 7  4.6  88    0    1 315 -321  1
3797500 2746500  1 19 10   5.2 1005 158  4.3 7  4.7  85    0   20 316 -322  1
3797500 2746500  1 19 11   4.9 1005 149  4.0 8  4.7  86    0   37 324 -323  1
3797500 2746500  1 19 12   5.6 1005 160  4.2 7  4.8  87    0   59 324 -326  1
3797500 2746500  1 19 13   5.6 1005 158  4.6 7  5.0  87    0   67 318 -330  1
3797500 2746500  1 19 14   5.5 1004 170  4.2 8  5.0  88    0   42 324 -334  1
3797500 2746500  1 19 15   5.3 1004 174  3.0 8  5.1  90    0   23 332 -335  1
3797500 2746500  1 19 16   5.3 1004 192  2.7 8  5.1  91    0   28 332 -335  1
3797500 2746500  1 19 17   5.1 1004 247  3.4 8  5.1  91    0    3 333 -332  1
3797500 2746500  1 19 18   4.7 1004   3  3.7 8  5.0  92    0    0 332 -330  1
3797500 2746500  1 19 19   4.9 1004 353  2.6 8  5.0  92    0    0 331 -327  1
3797500 2746500  1 19 20   5.0 1005 135  2.3 8  5.0  91    0    0 332 -326  1
3797500 2746500  1 19 21   5.2 1005 197  2.8 8  5.0  91    0    0 333 -326  1
3797500 2746500  1 19 22   5.1 1005 192  3.2 8  4.9  89    0    0 334 -325  1
3797500 2746500  1 19 23   5.2 1006 195  2.6 8  5.0  90    0    0 333 -325  1
3797500 2746500  1 19 24   5.0 1006 207  2.7 8  5.0  91    0    0 332 -324  1
3797500 2746500  1 20  1   4.9 1007 211  2.0 7  5.0  92    0    0 324 -323  1
3797500 2746500  1 20  2   4.7 1007 211  2.1 6  5.0  94    0    0 307 -323  1
3797500 2746500  1 20  3   5.1 1007 223  2.2 7  5.0  93    0    0 308 -322  1
3797500 2746500  1 20  4   4.7 1008 243  1.6 8  5.1  93    0    0 323 -321  1
3797500 2746500  1 20  5   4.6 1008 262  2.0 8  5.0  94    0    0 329 -321  1
3797500 2746500  1 20  6   4.5 1008 252  1.8 7  5.0  94    0    0 321 -320  1
3797500 2746500  1 20  7   4.4 1009 235  2.3 7  5.0  94    0    0 313 -320  1
3797500 2746500  1 20  8   3.9 1009 239  2.9 8  4.9  96    0    0 318 -319  1
3797500 2746500  1 20  9   3.7 1010 248  2.0 7  4.8  96    0    3 316 -318  1
3797500 2746500  1 20 10   3.4 1011 314  2.0 8  4.7  96    0   20 314 -318  1
3797500 2746500  1 20 11   3.4 1012 347  1.7 8  4.6  95    0   18 319 -320  1
3797500 2746500  1 20 12   2.6 1013 343  1.9 8  4.5  94    0   32 316 -323  1
3797500 2746500  1 20 13   2.7 1014   1  2.0 8  4.4  95    0   31 314 -326  1
3797500 2746500  1 20 14   2.3 1014   9  2.3 6  4.3  96    0   27 302 -328  1
3797500 2746500  1 20 15   2.2 1015   6  1.7 8  4.3  96    0   26 300 -329  1
3797500 2746500  1 20 16   2.3 1015   2  2.4 8  4.3  96    0   15 311 -329  1
3797500 2746500  1 20 17   2.3 1017  34  2.8 8  4.2  95    0    3 311 -328  1
3797500 2746500  1 20 18   2.2 1017  27  2.3 8  4.2  93    0    0 310 -326  1
3797500 2746500  1 20 19   2.0 1018  37  2.7 7  4.0  91    0    0 303 -324  1
3797500 2746500  1 20 20   2.3 1019  37  2.3 7  3.9  89    0    0 298 -323  1
3797500 2746500  1 20 21   2.4 1020  64  2.7 7  3.9  87    0    0 298 -322  1
3797500 2746500  1 20 22   2.3 1021  68  2.0 8  3.9  87    0    0 303 -320  1
3797500 2746500  1 20 23   2.3 1022  50  1.6 8  3.9  87    0    0 308 -318  1
3797500 2746500  1 20 24   2.4 1022  87  3.2 7  3.8  86    0    0 302 -316  1
3797500 2746500  1 21  1   2.2 1022  90  1.8 7  3.8  85    0    0 296 -316  1
3797500 2746500  1 21  2   2.1 1023  78  3.1 7  3.6  83    0    0 294 -316  1
3797500 2746500  1 21  3   1.9 1023  75  3.9 4  3.5  81    0    0 277 -316  1
3797500 2746500  1 21  4   1.0 1023  43  3.0 4  3.4  82    0    0 260 -316  1
3797500 2746500  1 21  5   0.8 1023  65  2.2 3  3.4  85    0    0 254 -316  1
3797500 2746500  1 21  6   0.8 1023  40  2.4 5  3.5  87    0    0 259 -316  1
3797500 2746500  1 21  7   1.2 1024  63  2.8 7  3.5  87    0    0 281 -316  1
3797500 2746500  1 21  8   1.5 1024  83  2.4 6  3.6  87    0    0 286 -316  1
3797500 2746500  1 21  9   1.6 1024  93  2.5 6  3.6  86    0    4 280 -316  1
3797500 2746500  1 21 10   1.7 1025  77  2.5 6  3.6  86    5   46 280 -316  1
3797500 2746500  1 21 11   2.1 1025  90  3.2 6  3.7  85    0   63 279 -316  1
3797500 2746500  1 21 12   2.2 1025 107  2.3 7  3.7  84    0   49 285 -316  1
3797500 2746500  1 21 13   2.6 1025  96  1.9 7  3.7  83    1   87 290 -317  1
3797500 2746500  1 21 14   3.0 1025  89  2.8 6  3.7  82   17  113 284 -320  1
3797500 2746500  1 21 15   3.6 1024  68  2.2 7  3.8  81    6   84 285 -324  1
3797500 2746500  1 21 16   4.0 1023  92  2.2 6  3.9  80   24   51 284 -323  1
3797500 2746500  1 21 17   3.7 1023  98  2.5 3  3.9  79   18   14 264 -319  1
3797500 2746500  1 21 18   2.7 1023 100  2.2 2  3.8  81    0    0 244 -316  1
3797500 2746500  1 21 19   2.4 1022  93  2.5 2  3.8  83    0    0 238 -316  1
3797500 2746500  1 21 20   2.2 1022 109  2.5 3  3.7  84    0    0 241 -315  1
3797500 2746500  1 21 21   2.0 1021  96  2.5 3  3.6  83    0    0 246 -313  1
3797500 2746500  1 21 22   1.6 1020  77  1.8 1  3.6  83    0    0 237 -311  1
3797500 2746500  1 21 23   1.2 1020  91  2.0 1  3.5  84    0    0 227 -311  1
3797500 2746500  1 21 24   1.5 1019  63  1.6 0  3.5  83    0    0 225 -311  1
3797500 2746500  1 22  1   1.4 1018 105  1.5 0  3.5  83    0    0 224 -311  1
3797500 2746500  1 22  2   2.7 1017 101  2.0 0  3.6  82    0    0 226 -311  1
3797500 2746500  1 22  3   3.5 1017 144  2.5 0  3.7  78    0    0 230 -312  1
3797500 2746500  1 22  4   4.1 1016 129  4.4 2  3.8  76    0    0 243 -312  1
3797500 2746500  1 22  5   4.2 1015 121  4.4 1  3.9  76    0    0 249 -312  1
3797500 2746500  1 22  6   5.7 1014 119  5.0 4  4.0  74    0    0 261 -312  1
3797500 2746500  1 22  7   6.2 1014 155  5.1 3  4.1  72    0    0 273 -313  1
3797500 2746500  1 22  8   6.4 1014 158  3.9 5  4.2  70    0    0 279 -314  1
3797500 2746500  1 22  9   6.7 1013 156  6.3 5  4.2  70    0    6 290 -315  1
3797500 2746500  1 22 10   7.0 1013 173  4.5 6  4.3  69    3   53 296 -318  1
3797500 2746500  1 22 11   7.4 1012 164  5.8 7  4.3  68    2   82 307 -323  1
3797500 2746500  1 22 12   8.1 1012 173  5.2 7  4.4  67    1   95 314 -328  1
3797500 2746500  1 22 13   8.4 1012 171  4.8 8  4.6  68    0   47 320 -333  1
3797500 2746500  1 22 14   9.3 1012 192  7.0 7  4.9  69    0   77 323 -341  1
3797500 2746500  1 22 15  10.7 1012 186  7.0 7  5.2  69    7  106 324 -347  1
3797500 2746500  1 22 16  10.7 1011 184  5.9 6  5.5  69    7   65 323 -349  1
3797500 2746500  1 22 17  10.2 1012 181  4.2 6  5.6  71    0   14 321 -348  1
3797500 2746500  1 22 18  10.1 1012 183  4.5 5  5.6  73    0    0 318 -345  1
3797500 2746500  1 22 19   9.8 1012 174  4.9 5  5.7  74    0    0 315 -346  1
3797500 2746500  1 22 20   9.2 1012 186  5.2 5  5.6  75    0    0 314 -347  1
3797500 2746500  1 22 21   8.7 1012 184  4.7 5  5.4  76    0    0 312 -348  1
3797500 2746500  1 22 22   7.8 1013 174  4.9 3  5.2  77    0    0 300 -347  1
3797500 2746500  1 22 23   7.5 1012 169  4.6 4  5.1  79    0    0 293 -345  1
3797500 2746500  1 22 24   6.9 1012 169  3.1 7  5.1  80    0    0 311 -343  1
3797500 2746500  1 23  1   7.0 1013 172  4.0 5  5.0  81    0    0 316 -343  1
3797500 2746500  1 23  2   6.9 1013 191  3.3 5  5.0  81    0    0 304 -341  1
3797500 2746500  1 23  3   6.7 1013 182  3.1 5  5.0  82    0    0 300 -340  1
3797500 2746500  1 23  4   6.6 1013 182  3.1 4  5.0  83    0    0 292 -339  1
3797500 2746500  1 23  5   6.2 1014 192  2.2 1  5.0  83    0    0 265 -338  1
3797500 2746500  1 23  6   5.4 1014 193  2.8 0  4.9  86    0    0 236 -339  1
3797500 2746500  1 23  7   5.4 1014 195  2.2 0  4.9  88    0    0 224 -341  1
3797500 2746500  1 23  8   5.1 1014 177  2.4 1  4.8  88    0    0 224 -342  1
3797500 2746500  1 23  9   5.2 1015 188  2.7 2  4.8  88    0    9 233 -342  1
3797500 2746500  1 23 10   6.2 1015 189  2.6 0  4.9  87   42   54 224 -343  1
3797500 2746500  1 23 11   7.6 1016 198  2.8 1  5.2  84  119   83 217 -344  1
3797500 2746500  1 23 12   9.4 1016 202  3.3 1  5.4  78  183   95 219 -346  1
3797500 2746500  1 23 13  10.0 1016 219  4.1 1  5.5  73  214   96 211 -348  1
3797500 2746500  1 23 14  11.0 1016 225  3.3 2  5.5  69  208   90 219 -352  1
3797500 2746500  1 23 15  11.1 1017 239  2.4 4  5.5  67  162   77 251 -354  1
3797500 2746500  1 23 16  10.1 1016 244  1.5 4  5.4  68   77   57 271 -353  1
3797500 2746500  1 23 17   8.2 1017 260  1.1 6  5.3  74   10   18 287 -350  1
3797500 2746500  1 23 18   6.9 1017 272  0.0 7  5.1  80    0    0 313 -347  1
3797500 2746500  1 23 19   6.3 1017  70  0.0 7  5.0  83    0    0 320 -345  1
3797500 2746500  1 23 20   5.9 1017 101  1.0 7  4.9  84    0    0 319 -344  1
3797500 2746500  1 23 21   3.7 1017 108  0.9 7  4.6  87    0    0 316 -344  1
3797500 2746500  1 23 22   3.3 1018 173  0.2 7  4.4  90    0    0 313 -344  1
3797500 2746500  1 23 23   4.0 1018 123  0.0 7  4.5  91    0    0 314 -344  1
3797500 2746500  1 23 24   3.6 1018  44  1.1 8  4.6  93    0    0 322 -344  1
3797500 2746500  1 24  1   5.3 1017  33  1.2 5  4.8  93    0    0 310 -344  1
3797500 2746500  1 24  2   5.2 1018  35  1.3 5  5.0  91    0    0 290 -344  1
3797500 2746500  1 24  3   4.9 1018  48  1.3 8  5.0  92    0    0 308 -344  1
3797500 2746500  1 24  4   5.5 1018  92  1.9 8  5.1  93    0    0 332 -344  1
3797500 2746500  1 24  5   4.9 1018 308  0.4 8  5.2  95    0    0 332 -344  1
3797500 2746500  1 24  6   5.1 1018  43  0.9 8  5.2  97    0    0 331 -344  1
3797500 2746500  1 24  7   4.9 1018 196  0.5 7  5.2  96    0    0 322 -345  1
3797500 2746500  1 24  8   5.2 1019  27  1.1 7  5.2  95    0    0 313 -345  1
3797500 2746500  1 24  9   4.7 1019  21  1.1 8  5.1  95    0    3 323 -345  1
3797500 2746500  1 24 10   4.9 1020  26  1.0 8  5.0  94    1   44 334 -345  1
3797500 2746500  1 24 11   5.3 1020 138  0.8 8  5.1  95    0   47 334 -346  1
3797500 2746500  1 24 12   5.2 1021  24  1.4 7  5.2  95    0   65 327 -346  1
3797500 2746500  1 24 13   5.6 1021  75  1.4 7  5.3  96    0   62 318 -346  1
3797500 2746500  1 24 14   5.9 1021  49  1.0 7  5.4  96    0   82 320 -347  1
3797500 2746500  1 24 15   6.3 1021  42  0.8 7  5.5  94    1   73 323 -347  1
3797500 2746500  1 24 16   6.4 1021   9  1.2 8  5.5  93    0   39 331 -345  1
3797500 2746500  1 24 17   6.3 1022  68  1.3 8  5.4  92    0    6 338 -343  1
3797500 2746500  1 24 18   5.5 1022  13  1.7 5  5.2  90    0    0 316 -343  1
3797500 2746500  1 24 19   4.0 1023  51  1.8 1  4.7  90    0    0 261 -343  1
3797500 2746500  1 24 20   3.7 1024  42  1.8 2  4.5  90    0    0 212 -342  1
3797500 2746500  1 24 21   2.8 1024  45  1.6 2  4.3  90    0    0 215 -341  1
3797500 2746500  1 24 22   2.3 1025  40  1.4 3  4.1  90    0    0 243 -341  1
3797500 2746500  1 24 23   1.3 1025  38  1.4 4  3.8  89    0    0 253 -342  1
3797500 2746500  1 24 24   0.4 1026  31  1.7 4  3.4  87    0    0 245 -342  1
3797500 2746500  1 25  1  -0.5 1010  29  2.1 5  3.1  84    0    0 229 -299  1
3797500 2746500  1 25  2  -1.3 1011  34  2.3 6  2.9  83    0    0 224 -299  1
3797500 2746500  1 25  3  -1.9 1012  36  2.6 6  2.8  83    0    0 224 -298  1
3797500 2746500  1 25  4  -1.7 1012  37  2.5 7  2.8  84    0    0 232 -299  1
3797500 2746500  1 25  5  -1.3 1013  32  2.7 7  2.8  83    0    0 239 -299  1
3797500 2746500  1 25  6  -0.6 1013  37  2.8 8  2.9  84    0    0 240 -299  1
3797500 2746500  1 25  7  -0.6 1014   8  2.0 8  3.0  82    0    0 242 -298  1
3797500 2746500  1 25  8  -0.2 1014  24  3.5 8  3.0  81    0    0 243 -296  1
3797500 2746500  1 25  9  -0.2 1016  36  2.5 7  3.0  79    0    7 242 -295  1
3797500 2746500  1 25 10  -0.3 1016  40  3.4 7  2.9  78   20   40 239 -295  1
3797500 2746500  1 25 11  -0.4 1017  43  3.7 7  2.8  77    0   65 240 -297  1
3797500 2746500  1 25 12  -0.7 1018  57  4.8 8  2.8  76    0   59 244 -302  1
3797500 2746500  1 25 13  -1.0 1019  22  3.8 7  2.7  76    0   66 244 -307  1
3797500 2746500  1 25 14  -1.0 1019  32  3.1 8  2.6  74    0   59 242 -310  1
3797500 2746500  1 25 15  -1.1 1018  24  3.3 6  2.4  69   38   67 238 -311  1
3797500 2746500  1 25 16  -1.0 1018 349  3.0 6  2.3  65   64   19 230 -311  1
3797500 2746500  1 25 17  -1.4 1018  46  1.9 8  2.2  62   11    7 233 -307  1
3797500 2746500  1 25 18  -1.4 1019   7  2.7 8  2.0  60    0    0 235 -303  1
3797500 2746500  1 25 19  -1.6 1019  32  1.9 6  2.0  60    0    0 228 -299  1
3797500 2746500  1 25 20  -2.2 1019  83  1.2 6  1.9  59    0    0 223 -297  1
3797500 2746500  1 25 21  -2.7 1019  32  0.9 4  1.9  61    0    0 216 -296  1
3797500 2746500  1 25 22  -3.3 1020 291  1.0 2  1.9  64    0    0 203 -295  1
3797500 2746500  1 25 23  -4.6 1019 356  0.2 1  2.0  70    0    0 192 -294  1
3797500 2746500  1 25 24  -4.6 1018 274  0.6 2  2.0  74    0    0 192 -294  1
3797500 2746500  1 26  1  -4.8 1018 198  0.8 6  2.1  78    0    0 210 -293  1
3797500 2746500  1 26  2  -3.8 1018 252  1.2 7  2.1  78    0    0 230 -293  1
3797500 2746500  1 26  3  -3.6 1018 222  1.0 7  2.2  78    0    0 237 -292  1
3797500 2746500  1 26  4  -3.0 1018 234  1.7 7  2.3  78    0    0 241 -292  1
3797500 2746500  1 26  5  -2.9 1017 235  2.4 7  2.3  76    0    0 244 -293  1
3797500 2746500  1 26  6  -2.7 1017 234  2.5 7  2.3  76    0    0 247 -294  1
3797500 2746500  1 26  7  -2.3 1016 226  2.5 8  2.3  74    0    0 255 -295  1
3797500 2746500  1 26  8  -2.2 1016 225  3.7 8  2.4  74    0    0 264 -295  1
3797500 2746500  1 26  9  -1.9 1016 215  3.2 8  2.4  74    0    8 269 -294  1
3797500 2746500  1 26 10  -1.6 1015 214  3.5 6  2.4  73    0   37 265 -295  1
3797500 2746500  1 26 11  -1.1 1015 212  3.1 7  2.4  71    0   59 264 -298  1
3797500 2746500  1 26 12  -0.3 1015 212  4.1 6  2.5  69    6  122 268 -302  1
3797500 2746500  1 26 13   0.6 1014 223  4.0 7  2.6  67    3  119 271 -306  1
3797500 2746500  1 26 14   0.6 1013 231  4.3 7  2.7  69    0   59 277 -308  1
3797500 2746500  1 26 15   1.0 1013 230  5.0 7  2.9  73    0   55 278 -308  1
3797500 2746500  1 26 16   0.6 1012 232  4.7 8  3.1  78    0   27 282 -309  1
3797500 2746500  1 26 17   0.5 1012 229  4.8 8  3.4  86    0    7 286 -310  1
3797500 2746500  1 26 18   0.6 1011 231  4.2 8  3.7  94    0    0 289 -312  1
3797500 2746500  1 26 19   1.2 1011 248  3.8 7  3.9  95    0    0 288 -314  1
3797500 2746500  1 26 20   2.1 1011 260  3.0 7  4.0  94    0    0 288 -314  1
3797500 2746500  1 26 21   2.3 1011 247  3.6 7  4.2  93    0    0 292 -315  1
3797500 2746500  1 26 22   2.6 1011 257  3.0 8  4.3  94    0    0 298 -315  1
3797500 2746500  1 26 23   2.8 1012 257  3.0 7  4.3  93    0    0 300 -315  1
3797500 2746500  1 26 24   3.0 1012 259  3.1 6  4.3  92    0    0 291 -315  1
3797500 2746500  1 27  1   3.0 1012 269  2.4 8  4.3  90    0    0 297 -316  1
3797500 2746500  1 27  2   3.2 1012 274  2.6 8  4.2  89    0    0 306 -315  1
3797500 2746500  1 27  3   3.1 1013 268  2.5 4  4.1  87    0    0 284 -315  1
3797500 2746500  1 27  4   3.1 1013 262  3.0 6  4.1  86    0    0 272 -315  1
3797500 2746500  1 27  5   2.8 1014 296  2.3 6  4.0  86    0    0 281 -315  1
3797500 2746500  1 27  6   2.5 1015 280  2.2 5  3.9  86    0    0 274 -315  1
3797500 2746500  1 27  7   2.0 1015 276  2.0 6  3.8  86    0    0 273 -315  1
3797500 2746500  1 27  8   1.8 1016 268  2.3 6  3.7  86    0    0 276 -315  1
3797500 2746500  1 27  9   1.8 1016 259  2.4 7  3.7  86    0   11 279 -315  1
3797500 2746500  1 27 10   2.7 1017 280  3.0 6  3.8  86    9   58 279 -315  1
3797500 2746500  1 27 11   3.2 1018 309  5.0 7  3.9  84    0   62 279 -315  1
3797500 2746500  1 27 12   3.8 1019 294  3.4 7  4.0  82    0   91 283 -315  1
3797500 2746500  1 27 13   4.3 1020 308  3.7 6  4.0  79   33  136 278 -316  1
3797500 2746500  1 27 14   4.8 1020 308  3.8 5  4.0  76   51  132 270 -319  1
3797500 2746500  1 27 15   5.0 1020 298  3.3 7  4.0  74    7   88 274 -321  1
3797500 2746500  1 27 16   4.8 1020 288  2.6 7  4.0  74    2   52 282 -319  1
3797500 2746500  1 27 17   4.2 1021 256  2.3 7  4.0  76    0    8 281 -317  1
3797500 2746500  1 27 18   3.9 1021 279  1.9 7  4.0  80    0    0 279 -316  1
3797500 2746500  1 27 19   3.9 1022 290  1.9 8  4.0  81    0    0 283 -316  1
3797500 2746500  1 27 20   3.4 1022 263  2.2 8  4.0  82    0    0 286 -316  1
3797500 2746500  1 27 21   3.3 1023 263  2.9 6  4.0  83    0    0 279 -316  1
3797500 2746500  1 27 22   3.2 1023 264  2.1 6  4.0  83    0    0 273 -316  1
3797500 2746500  1 27 23   2.8 1023 272  2.6 6  4.0  85    0    0 275 -316  1
3797500 2746500  1 27 24   3.1 1024 237  2.4 4  4.1  87    0    0 270 -316  1
3797500 2746500  1 28  1   3.1 1023 231  2.7 6  4.3  91    0    0 273 -316  1
3797500 2746500  1 28  2   3.5 1023 233  3.4 7  4.5  94    0    0 288 -316  1
3797500 2746500  1 28  3   4.0 1023 241  3.5 7  4.6  94    0    0 296 -316  1
3797500 2746500  1 28  4   4.7 1022 239  3.4 8  4.8  94    0    0 305 -316  1
3797500 2746500  1 28  5   5.4 1021 253  4.9 8  4.9  91    0    0 314 -316  1
3797500 2746500  1 28  6   5.4 1021 252  4.4 8  4.8  87    0    0 317 -316  1
3797500 2746500  1 28  7   5.4 1020 251  4.7 8  4.7  85    0    0 319 -316  1
3797500 2746500  1 28  8   5.3 1019 250  4.5 8  4.6  83    0    0 319 -316  1
3797500 2746500  1 28  9   5.4 1019 249  4.9 8  4.5  82    0    2 321 -316  1
3797500 2746500  1 28 10   5.2 1019 249  4.9 8  4.4  81    0   27 322 -317  1
3797500 2746500  1 28 11   5.2 1018 247  5.2 7  4.3  80    0   45 317 -318  1
3797500 2746500  1 28 12   5.1 1017 248  6.1 8  4.4  80    0   41 318 -319  1
3797500 2746500  1 28 13   4.6 1016 248  5.4 8  4.4  83    0   47 322 -320  1
3797500 2746500  1 28 14   4.6 1015 248  5.2 8  4.5  86    0   46 323 -321  1
3797500 2746500  1 28 15   4.3 1014 250  6.2 7  4.6  89    0   46 320 -324  1
3797500 2746500  1 28 16   4.4 1014 251  6.2 8  4.8  92    0   23 321 -328  1
3797500 2746500  1 28 17   4.6 1013 251  5.4 8  5.0  95    0    7 327 -329  1
3797500 2746500  1 28 18   5.0 1013 250  5.3 8  5.2  97    0    0 329 -329  1
3797500 2746500  1 28 19   5.3 1013 260  4.7 8  5.3  97    0    0 331 -330  1
3797500 2746500  1 28 20   5.9 1013 266  3.3 8  5.5  97    0    0 334 -331  1
3797500 2746500  1 28 21   6.4 1014 265  3.9 8  5.7  97    0    0 336 -331  1
3797500 2746500  1 28 22   6.5 1013 258  4.0 8  5.8  96    0    0 337 -332  1
3797500 2746500  1 28 23   6.8 1013 261  4.2 8  5.8  96    0    0 338 -333  1
3797500 2746500  1 28 24   6.9 1013 278  2.4 8  5.9  95    0    0 338 -334  1
3797500 2746500  1 29  1   7.0 1014 260  3.6 8  5.9  95    0    0 340 -336  1
3797500 2746500  1 29  2   7.3 1014 287  2.7 8  5.9  93    0    0 340 -337  1
3797500 2746500  1 29  3   7.4 1014 277  2.3 8  5.9  92    0    0 341 -339  1
3797500 2746500  1 29  4   7.3 1014 266  2.8 8  6.0  93    0    0 340 -340  1
3797500 2746500  1 29  5   7.3 1014 283  3.5 8  6.0  94    0    0 340 -341  1
3797500 2746500  1 29  6   7.6 1014 322  3.6 7  5.9  92    0    0 334 -341  1
3797500 2746500  1 29  7   7.5 1014 297  2.5 8  5.8  89    0    0 333 -341  1
3797500 2746500  1 29  8   7.4 1014 263  2.3 8  5.7  88    0    0 339 -340  1
3797500 2746500  1 29  9   7.6 1014 275  2.0 8  5.8  90    0    7 338 -339  1
3797500 2746500  1 29 10   7.9 1015 291  2.6 7  5.9  90    1   49 332 -339  1
3797500 2746500  1 29 11   8.3 1015 300  2.2 7  5.8  87    0   60 326 -340  1
3797500 2746500  1 29 12   8.6 1016 280  3.6 7  5.6  81    0   85 324 -342  1
3797500 2746500  1 29 13   8.8 1016 301  3.7 7  5.3  76    2  113 324 -344  1
3797500 2746500  1 29 14   8.8 1016 316  3.2 8  5.2  74    0   58 329 -345  1
3797500 2746500  1 29 15   8.5 1016 335  3.1 7  5.2  75    0   68 327 -344  1
3797500 2746500  1 29 16   8.7 1016 300  3.6 8  5.2  74    4   60 325 -342  1
3797500 2746500  1 29 17   7.9 1016 285  3.5 7  5.0  74    1   14 320 -336  1
3797500 2746500  1 29 18   7.7 1017 267  1.5 7  4.9  75    0    0 311 -330  1
3797500 2746500  1 29 19   7.8 1017 323  1.8 8  5.0  76    0    0 314 -325  1
3797500 2746500  1 29 20   7.7 1017 304  1.5 8  5.0  76    0    0 317 -321  1
3797500 2746500  1 29 21   7.7 1018 313  1.5 7  4.9  76    0    0 312 -318  1
3797500 2746500  1 29 22   7.6 1018 319  1.9 7  4.7  73    0    0 307 -316  1
3797500 2746500  1 29 23   6.7 1018 280  1.0 8  4.6  73    0    0 310 -316  1
3797500 2746500  1 29 24   6.6 1018 285  1.0 7  4.7  77    0    0 311 -316  1
3797500 2746500  1 30  1   6.6 1018 259  1.1 5  4.8  80    0    0 299 -316  1
3797500 2746500  1 30  2   6.4 1018 270  0.9 5  5.1  85    0    0 292 -316  1
3797500 2746500  1 30  3   6.6 1018 250  1.5 7  5.3  88    0    0 303 -315  1
3797500 2746500  1 30  4   6.8 1018 247  1.9 7  5.4  89    0    0 313 -315  1
3797500 2746500  1 30  5   6.7 1017 270  1.2 8  5.6  91    0    0 316 -315  1
3797500 2746500  1 30  6   7.0 1017 288  1.4 7  5.7  93    0    0 316 -316  1
3797500 2746500  1 30  7   7.1 1017 309  1.7 8  5.9  94    0    0 315 -316  1
3797500 2746500  1 30  8   7.2 1018 319  1.5 8  6.0  96    0    0 320 -317  1
3797500 2746500  1 30  9   7.3 1018 310  1.5 8  6.0  96    0    7 320 -320  1
3797500 2746500  1 30 10   7.3 1019 283  1.0 8  6.0  95    0   44 320 -323  1
3797500 2746500  1 30 11   7.4 1019 267  1.7 8  6.1  96    0   58 320 -328  1
3797500 2746500  1 30 12   7.7 1019 254  1.9 8  6.2  96    0   62 322 -334  1
3797500 2746500  1 30 13   7.9 1019 251  1.8 8  6.2  95    0   72 322 -339  1
3797500 2746500  1 30 14   8.3 1019 263  1.2 8  6.2  92    0   60 322 -343  1
3797500 2746500  1 30 15   8.7 1018 223  1.1 8  6.0  88    0   65 320 -346  1
3797500 2746500  1 30 16   8.7 1018 202  1.0 7  6.0  86    1   49 313 -345  1
3797500 2746500  1 30 17   8.3 1017 230  1.7 8  5.8  85    0   11 311 -341  1
3797500 2746500  1 30 18   8.1 1018 234  1.5 8  5.6  83    0    0 316 -335  1
3797500 2746500  1 30 19   8.3 1018 251  1.2 7  5.4  80    0    0 310 -331  1
3797500 2746500  1 30 20   7.9 1018 238  1.2 8  5.4  80    0    0 311 -328  1
3797500 2746500  1 30 21   7.9 1018 260  1.5 7  5.5  83    0    0 311 -326  1
3797500 2746500  1 30 22   7.8 1018 242  2.0 7  5.6  85    0    0 303 -324  1
3797500 2746500  1 30 23   7.7 1018 226  2.4 7  5.6  86    0    0 300 -323  1
3797500 2746500  1 30 24   7.6 1017 240  2.6 8  5.6  86    0    0 306 -322  1
3797500 2746500  1 31  1   7.5 1017 241  2.8 7  5.6  87    0    0 307 -321  1
3797500 2746500  1 31  2   7.3 1016 242  3.0 7  5.6  87    0    0 302 -320  1
3797500 2746500  1 31  3   7.2 1016 252  3.0 7  5.6  88    0    0 303 -318  1
3797500 2746500  1 31  4   7.0 1016 261  2.7 8  5.6  90    0    0 309 -316  1
3797500 2746500  1 31  5   7.0 1016 241  3.2 7  5.6  90    0    0 309 -316  1
3797500 2746500  1 31  6   6.9 1015 242  3.3 8  5.5  89    0    0 308 -316  1
3797500 2746500  1 31  7   6.6 1014 252  3.4 8  5.5  89    0    0 310 -316  1
3797500 2746500  1 31  8   6.6 1014 242  3.0 8  5.4  89    0    0 308 -316  1
3797500 2746500  1 31  9   6.8 1014 271  3.1 7  5.3  87    0   14 304 -316  1
3797500 2746500  1 31 10   6.6 1015 252  4.3 5  5.1  84   30   66 294 -316  1
3797500 2746500  1 31 11   7.5 1014 242  4.9 3  4.9  79   97  107 283 -318  1
3797500 2746500  1 31 12   8.0 1014 251  5.5 3  4.9  75  112  141 277 -323  1
3797500 2746500  1 31 13   8.1 1014 251  6.4 4  4.8  72   63  159 280 -326  1
3797500 2746500  1 31 14   8.5 1013 248  5.9 4  4.8  71   85  150 284 -329  1
3797500 2746500  1 31 15   8.5 1013 249  5.3 5  4.9  71  100  116 289 -332  1
3797500 2746500  1 31 16   8.5 1012 249  5.5 6  4.8  70   48   73 296 -333  1
3797500 2746500  1 31 17   7.6 1012 260  4.8 8  4.7  70    2   15 306 -333  1
3797500 2746500  1 31 18   7.2 1013 250  4.9 8  4.6  73    0    0 311 -333  1
3797500 2746500  1 31 19   6.7 1013 252  4.8 8  4.6  74    0    0 311 -334  1
3797500 2746500  1 31 20   6.8 1013 251  4.9 8  4.7  77    0    0 313 -335  1
3797500 2746500  1 31 21   6.4 1014 252  4.4 8  5.0  82    0    0 316 -336  1
3797500 2746500  1 31 22   5.8 1014 251  4.1 8  5.3  90    0    0 318 -335  1
3797500 2746500  1 31 23   5.9 1014 252  4.0 8  5.5  96    0    0 319 -335  1
3797500 2746500  1 31 24   6.1 1015 244  3.7 8  5.6  96    0    0 320 -335  1
3797500 2746500  2  1  1   6.3 1016 251  3.2 7  5.7  96    0    0 309 -335  1
3797500 2746500  2  1  2   6.7 1016 262  2.2 7  5.8  96    0    0 310 -335  1
3797500 2746500  2  1  3   7.1 1016 273  1.8 7  5.9  96    0    0 311 -335  1
3797500 2746500  2  1  4   7.2 1016 262  1.5 8  6.1  97    0    0 318 -335  1
3797500 2746500  2  1  5   7.4 1017 289  1.4 7  6.1  96    0    0 319 -335  1
3797500 2746500  2  1  6   7.2 1017 291  1.1 7  6.1  96    0    0 314 -335  1
3797500 2746500  2  1  7   7.3 1018 328  1.4 8  6.1  97    0    0 322 -336  1
3797500 2746500  2  1  8   6.5 1019 339  0.9 7  6.0  97    0    0 322 -336  1
3797500 2746500  2  1  9   6.2 1019 293  0.8 5  5.9  99    0   19 299 -337  1
3797500 2746500  2  1 10   6.9 1020 319  1.0 5  6.0  99    5   80 288 -338  1
3797500 2746500  2  1 11   7.5 1021 308  0.9 6  6.1  97    2  108 300 -339  1
3797500 2746500  2  1 12   8.1 1021 222  1.2 6  6.2  95    2  127 312 -340  1
3797500 2746500  2  1 13   8.6 1021 258  1.2 7  6.2  91    0   95 322 -341  1
3797500 2746500  2  1 14   9.0 1021 228  1.3 8  6.2  88    0   74 338 -342  1
3797500 2746500  2  1 15   9.2 1021 233  1.7 7  6.2  87    0   79 340 -343  1
3797500 2746500  2  1 16   9.1 1021 228  2.0 7  6.2  87    0   56 334 -344  1
3797500 2746500  2  1 17   8.5 1021 238  1.8 8  6.3  91    0   13 340 -345  1
3797500 2746500  2  1 18   8.6 1021 235  1.5 8  6.5  95    0    0 346 -345  1
3797500 2746500  2  1 19   8.8 1022 230  1.7 8  6.6  95    0    0 345 -346  1
3797500 2746500  2  1 20   9.0 1022 233  1.8 7  6.7  95    0    0 341 -345  1
3797500 2746500  2  1 21   9.2 1022 256  1.5 8  6.8  95    0    0 342 -345  1
3797500 2746500  2  1 22   9.5 1022 275  1.1 8  6.9  95    0    0 348 -346  1
3797500 2746500  2  1 23   9.5 1023 262  1.4 8  6.9  94    0    0 347 -347  1
3797500 2746500  2  1 24   9.3 1023 272  1.3 7  6.9  94    0    0 340 -347  1
3797500 2746500  2  2  1   9.1 1023 280  1.6 7  6.9  95    0    0 332 -348  1
3797500 2746500  2  2  2   8.7 1023 264  1.9 8  6.8  96    0    0 336 -348  1
3797500 2746500  2  2  3   8.6 1023 264  1.4 8  6.6  96    0    0 341 -348  1
3797500 2746500  2  2  4   8.4 1023 263  2.3 8  6.6  96    0    0 342 -347  1
3797500 2746500  2  2  5   8.2 1023 267  1.9 7  6.5  96    0    0 336 -347  1
3797500 2746500  2  2  6   7.8 1023 247  1.8 7  6.4  96    0    0 330 -347  1
3797500 2746500  2  2  7   7.7 1023 256  2.9 8  6.2  95    0    0 333 -347  1
3797500 2746500  2  2  8   7.5 1023 246  2.8 8  6.1  94    0    0 337 -347  1
3797500 2746500  2  2  9   7.7 1023 246  2.6 8  6.1  94    0    9 336 -347  1
3797500 2746500  2  2 10   7.7 1023 257  2.8 8  6.1  95    0   34 337 -348  1
3797500 2746500  2  2 11   7.9 1023 255  3.2 5  6.2  96    0   44 321 -349  1
3797500 2746500  2  2 12   8.2 1024 255  3.3 8  6.4  96    0   34 322 -352  1
3797500 2746500  2  2 13   8.4 1024 265  3.4 7  6.5  96    0   64 334 -355  1
3797500 2746500  2  2 14   8.5 1024 254  3.4 7  6.5  95    0   74 329 -358  1
3797500 2746500  2  2 15   8.6 1023 277  4.1 8  6.4  93    0   27 335 -359  1
3797500 2746500  2  2 16   8.9 1023 251  3.4 7  6.2  90    0   16 337 -359  1
3797500 2746500  2  2 17   9.0 1023 257  3.6 7  6.2  88    0    5 332 -358  1
3797500 2746500  2  2 18   9.0 1023 276  3.5 7  6.2  88    0    0 332 -356  1
3797500 2746500  2  2 19   9.0 1024 321  2.5 8  6.2  88    0    0 337 -354  1
3797500 2746500  2  2 20   8.9 1024 325  2.4 8  6.2  87    0    0 341 -353  1
3797500 2746500  2  2 21   8.1 1025 333  3.5 6  5.8  85    0    0 328 -351  1
3797500 2746500  2  2 22   7.1 1026 329  3.1 6  5.3  83    0    0 314 -349  1
3797500 2746500  2  2 23   6.9 1027 335  2.6 7  4.9  80    0    0 317 -348  1
3797500 2746500  2  2 24   6.8 1027 336  3.3 5  4.7  77    0    0 310 -345  1
3797500 2746500  2  3  1   6.5 1028 338  2.7 6  4.7  79    0    0 303 -341  1
3797500 2746500  2  3  2   6.2 1028 337  2.6 5  4.8  82    0    0 302 -339  1
3797500 2746500  2  3  3   5.2 1029 328  2.1 3  4.8  86    0    0 283 -339  1
3797500 2746500  2  3  4   5.1 1029 328  1.5 6  4.8  89    0    0 286 -337  1
3797500 2746500  2  3  5   4.5 1029 300  1.4 7  4.8  92    0    0 307 -336  1
3797500 2746500  2  3  6   4.7 1029 310  1.7 8  4.8  93    0    0 318 -335  1
3797500 2746500  2  3  7   4.4 1029 288  2.2 6  4.9  95    0    0 312 -333  1
3797500 2746500  2  3  8   3.3 1029 240  1.7 5  4.8  98    0    0 292 -330  1
3797500 2746500  2  3  9   3.5 1030 241  2.2 6  4.7  98    0   17 288 -327  1
3797500 2746500  2  3 10   4.3 1030 268  2.0 7  4.7  96    4   61 298 -326  1
3797500 2746500  2  3 11   5.3 1030 293  2.0 8  5.0  94    0   77 310 -330  1
3797500 2746500  2  3 12   6.2 1031 346  2.1 8  5.2  92    0   74 316 -335  1
3797500 2746500  2  3 13   6.9 1030 277  1.7 8  5.2  87    0   64 317 -342  1
3797500 2746500  2  3 14   7.7 1030 301  1.7 7  5.2  84    0   88 315 -346  1
3797500 2746500  2  3 15   8.0 1029 228  1.9 7  5.3  81   33   86 314 -347  1
3797500 2746500  2  3 16   8.8 1029 273  1.8 7  5.3  79   46   43 319 -345  1
3797500 2746500  2  3 17   8.9 1029 293  1.9 5  5.3  76   20   16 311 -341  1
3797500 2746500  2  3 18   7.8 1028 312  0.8 5  5.2  77    0    0 299 -335  1
3797500 2746500  2  3 19   6.7 1028 284  0.5 5  5.1  82    0    0 296 -330  1
3797500 2746500  2  3 20   6.2 1028 338  1.9 4  5.0  85    0    0 288 -328  1
3797500 2746500  2  3 21   5.1 1029 356  2.2 3  4.8  85    0    0 275 -326  1
3797500 2746500  2  3 22   5.3 1029 353  1.9 3  4.7  86    0    0 267 -324  1
3797500 2746500  2  3 23   4.8 1029 358  1.8 2  4.7  88    0    0 262 -324  1
3797500 2746500  2  3 24   4.3 1029  27  1.4 1  4.8  92    0    0 251 -324  1
3797500 2746500  2  4  1   5.8 1028  17  1.5 7  4.9  92    0    0 278 -326  1
3797500 2746500  2  4  2   5.6 1028   4  0.9 8  5.1  90    0    0 318 -327  1
3797500 2746500  2  4  3   5.6 1028 298  1.0 8  5.1  91    0    0 323 -329  1
3797500 2746500  2  4  4   5.6 1028 327  0.8 8  5.1  92    0    0 324 -330  1
3797500 2746500  2  4  5   6.0 1028 328  1.0 8  5.2  92    0    0 326 -329  1
3797500 2746500  2  4  6   6.2 1028 353  0.4 8  5.2  90    0    0 326 -329  1
3797500 2746500  2  4  7   6.3 1028 332  1.1 8  5.2  90    0    0 324 -331  1
3797500 2746500  2  4  8   6.2 1027 343  1.3 8  5.3  91    0    0 323 -331  1
3797500 2746500  2  4  9   6.0 1027 354  0.7 8  5.3  92    0   12 319 -330  1
3797500 2746500  2  4 10   6.3 1027 356  1.2 6  5.4  93    0   57 307 -331  1
3797500 2746500  2  4 11   6.8 1028 331  0.5 6  5.4  91    0   80 297 -336  1
3797500 2746500  2  4 12   7.1 1027  24  1.1 6  5.2  85    0   92 296 -340  1
3797500 2746500  2  4 13   7.5 1027 180  1.4 5  4.9  78    9  144 290 -343  1
3797500 2746500  2  4 14   8.3 1026 242  2.4 4  4.9  75  114  148 280 -344  1
3797500 2746500  2  4 15   8.4 1025 184  1.9 2  4.9  73  175   94 264 -344  1
3797500 2746500  2  4 16   8.0 1024 176  2.3 2  4.9  73  127   66 253 -344  1
3797500 2746500  2  4 17   7.0 1023 177  1.6 3  4.7  74   31   36 253 -341  1
3797500 2746500  2  4 18   5.6 1022 156  0.8 2  4.6  78    0    0 248 -334  1
3797500 2746500  2  4 19   4.4 1022 152  1.9 2  4.4  83    0    0 236 -327  1
3797500 2746500  2  4 20   4.2 1021 141  1.4 1  4.3  84    0    0 228 -323  1
3797500 2746500  2  4 21   4.8 1020 120  0.9 2  4.3  83    0    0 228 -321  1
3797500 2746500  2  4 22   4.4 1019 112  0.4 1  4.3  83    0    0 224 -319  1
3797500 2746500  2  4 23   3.3 1019 116  1.1 1  4.1  83    0    0 212 -317  1
3797500 2746500  2  4 24   3.8 1017 313  0.5 4  4.2  86    0    0 221 -316  1
3797500 2746500  2  5  1   2.2 1017  95  2.2 3  4.1  88    0    0 228 -316  1
3797500 2746500  2  5  2   2.5 1015  91  0.9 4  3.9  88    0    0 222 -316  1
3797500 2746500  2  5  3   3.4 1014 211  1.9 5  4.0  85    0    0 237 -316  1
3797500 2746500  2  5  4   3.1 1013 202  1.5 3  4.1  85    0    0 235 -316  1
3797500 2746500  2  5  5   3.2 1012 189  1.5 2  4.1  85    0    0 223 -316  1
3797500 2746500  2  5  6   2.2 1011 209  1.8 4  4.0  86    0    0 233 -316  1
3797500 2746500  2  5  7   2.4 1010 208  1.9 4  3.9  87    0    0 247 -316  1
3797500 2746500  2  5  8   2.7 1010 219  2.5 5  3.9  86    0    0 255 -316  1
3797500 2746500  2  5  9   2.7 1009 250  2.7 6  4.0  86    0    9 270 -318  1
3797500 2746500  2  5 10   2.4 1009 260  2.1 8  4.0  88    0   33 293 -320  1
3797500 2746500  2  5 11   2.2 1009 265  1.8 7  4.1  90    0   53 299 -324  1
3797500 2746500  2  5 12   2.1 1009 249  1.6 7  4.1  93    0   67 289 -327  1
3797500 2746500  2  5 13   2.4 1008 258  2.0 8  4.2  94    0   70 298 -330  1
3797500 2746500  2  5 14   2.6 1008 246  2.1 7  4.3  93    0   97 300 -332  1
3797500 2746500  2  5 15   3.0 1007 257  2.4 7  4.3  91    0   63 289 -334  1
3797500 2746500  2  5 16   3.1 1006 272  1.9 8  4.2  89    0   34 300 -335  1
3797500 2746500  2  5 17   3.1 1006 266  1.6 8  4.2  88    0    7 310 -335  1
3797500 2746500  2  5 18   2.8 1006 230  1.1 8  4.2  90    0    0 309 -332  1
3797500 2746500  2  5 19   3.0 1006 235  1.9 7  4.4  93    0    0 299 -327  1
3797500 2746500  2  5 20   3.3 1005 240  1.8 7  4.4  93    0    0 292 -322  1
3797500 2746500  2  5 21   3.4 1005 244  1.5 7  4.5  92    0    0 291 -319  1
3797500 2746500  2  5 22   3.3 1005 250  1.5 8  4.5  92    0    0 296 -317  1
3797500 2746500  2  5 23   3.1 1005 250  1.2 7  4.5  92    0    0 295 -316  1
3797500 2746500  2  5 24   2.9 1005 255  1.5 6  4.4  93    0    0 280 -316  1
3797500 2746500  2  6  1   2.3 1004 266  1.5 6  4.3  93    0    0 272 -316  1
3797500 2746500  2  6  2   1.9 1004 246  1.8 7  4.2  94    0    0 276 -316  1
3797500 2746500  2  6  3   1.2 1003 239  1.7 6  4.0  94    0    0 272 -315  1
3797500 2746500  2  6  4   0.9 1003 231  1.5 7  3.9  94    0    0 269 -313  1
3797500 2746500  2  6  5   0.9 1002 223  1.7 8  3.9  94    0    0 281 -312  1
3797500 2746500  2  6  6   1.0 1002 226  1.5 6  3.9  95    0    0 275 -312  1
3797500 2746500  2  6  7   0.9 1001 239  1.5 8  3.9  95    0    0 274 -312  1
3797500 2746500  2  6  8   0.7 1001 239  1.4 8  3.9  95    0    0 285 -311  1
3797500 2746500  2  6  9   0.6 1001 230  1.5 7  3.9  96    0   22 277 -311  1
3797500 2746500  2  6 10   1.0 1001 231  1.6 6  3.9  96   12   77 265 -312  1
3797500 2746500  2  6 11   1.7 1001 239  1.2 6  4.1  96   58  126 263 -314  1
3797500 2746500  2  6 12   2.7 1000 250  2.1 3  4.2  93   98  152 252 -315  1
3797500 2746500  2  6 13   3.0 1000 261  1.9 3  4.1  88   93  165 241 -318  1
3797500 2746500  2  6 14   3.2  999 246  2.1 2  4.1  85  163  130 238 -320  1
3797500 2746500  2  6 15   3.6  999 246  2.4 4  4.0  82   90  124 245 -322  1
3797500 2746500  2  6 16   4.2  998 224  1.3 2  3.9  77  112   70 246 -321  1
3797500 2746500  2  6 17   3.5  998 236  0.7 6  3.8  76   37   36 254 -319  1
3797500 2746500  2  6 18   2.1  997 227  1.1 6  3.7  79    0    0 266 -317  1
3797500 2746500  2  6 19   1.7  997 188  1.1 6  3.7  83    0    0 263 -316  1
3797500 2746500  2  6 20   1.2  997 170  1.0 6  3.7  86    0    0 261 -315  1
3797500 2746500  2  6 21   1.6  997 171  0.9 7  3.6  86    0    0 266 -314  1
3797500 2746500  2  6 22   1.5  997 190  0.8 7  3.7  86    0    0 271 -313  1
3797500 2746500  2  6 23   1.8  996 177  1.2 6  3.8  87    0    0 268 -312  1
3797500 2746500  2  6 24   1.7  996 193  0.8 7  3.8  87    0    0 268 -311  1
3797500 2746500  2  7  1   1.3  995 180  1.0 6  3.8  88    0    0 266 -310  1
3797500 2746500  2  7  2   1.1  995 236  0.7 7  3.8  90    0    0 263 -309  1
3797500 2746500  2  7  3   0.7  995 262  0.8 7  3.8  93    0    0 265 -308  1
3797500 2746500  2  7  4   0.9  995   4  1.3 7  3.9  95    0    0 262 -307  1
3797500 2746500  2  7  5   0.8  995 328  0.3 7  3.8  94    0    0 259 -305  1
3797500 2746500  2  7  6   0.4  994 300  0.4 7  3.8  94    0    0 256 -302  1
3797500 2746500  2  7  7   0.4  994   2  0.9 8  3.8  94    0    0 258 -300  1
3797500 2746500  2  7  8   0.4  994 308  0.8 8  3.7  93    0    0 264 -299  1
3797500 2746500  2  7  9  -0.1  994 273  0.7 8  3.5  90    3   29 264 -299  1
3797500 2746500  2  7 10   0.0  995 292  1.3 6  3.4  89   12   87 256 -301  1
3797500 2746500  2  7 11   0.2  995 253  0.8 6  3.4  89    5  115 250 -306  1
3797500 2746500  2  7 12   0.3  995 269  1.3 4  3.4  87   51  181 242 -311  1
3797500 2746500  2  7 13   1.1  995 273  1.6 3  3.4  83  157  181 230 -314  1
3797500 2746500  2  7 14   1.9  995 316  1.3 4  3.3  78  123  179 234 -318  1
3797500 2746500  2  7 15   2.5  994 282  1.8 5  3.4  75   34  146 247 -320  1
3797500 2746500  2  7 16   2.7  994 282  1.8 5  3.4  72   39  102 255 -319  1
3797500 2746500  2  7 17   1.8  994 276  1.3 4  3.2  71   20   46 251 -317  1
3797500 2746500  2  7 18   0.7  994 263  1.4 4  3.1  74    0    0 247 -316  1
3797500 2746500  2  7 19   0.4  995 269  1.3 5  3.1  78    0    0 252 -314  1
3797500 2746500  2  7 20  -0.4  995 211  0.7 5  3.1  81    0    0 254 -312  1
3797500 2746500  2  7 21  -1.0  995 192  0.9 8  3.1  86    0    0 264 -311  1
3797500 2746500  2  7 22  -1.1  995 220  0.5 6  3.2  89    0    0 267 -311  1
3797500 2746500  2  7 23  -1.7  995 189  0.7 4  3.2  91    0    0 252 -310  1
3797500 2746500  2  7 24  -1.8  995 180  0.9 5  3.1  92    0    0 247 -309  1
3797500 2746500  2  8  1  -2.9  994 192  0.7 7  3.0  93    0    0 256 -308  1
3797500 2746500  2  8  2  -2.9  994 181  1.1 8  2.9  95    0    0 267 -308  1
3797500 2746500  2  8  3  -2.8  994 177  1.0 8  3.0  95    0    0 273 -308  1
3797500 2746500  2  8  4  -2.6  994 168  1.6 8  3.0  95    0    0 276 -308  1
3797500 2746500  2  8  5  -2.7  993 168  1.8 8  3.0  95    0    0 278 -309  1
3797500 2746500  2  8  6  -2.5  993 137  2.0 8  3.0  95    0    0 282 -309  1
3797500 2746500  2  8  7  -1.8  992 109  1.9 6  3.1  94    0    0 276 -309  1
3797500 2746500  2  8  8  -1.5  991 100  2.7 5  3.2  93    0    0 267 -310  1
3797500 2746500  2  8  9  -1.4  990  99  3.1 6  3.3  94    0   18 267 -310  1
3797500 2746500  2  8 10  -1.0  988 111  2.9 7  3.4  94    0   38 279 -311  1
3797500 2746500  2  8 11  -0.7  987 100  3.2 8  3.5  95    0   39 291 -313  1
3797500 2746500  2  8 12  -0.3  986 111  3.3 8  3.6  96    0   47 299 -315  1
3797500 2746500  2  8 13   0.0  985  94  3.1 8  3.7  96    0   41 301 -316  1
3797500 2746500  2  8 14   0.5  983  98  2.2 8  3.8  96    0   35 303 -316  1
3797500 2746500  2  8 15   1.9  982 172  3.2 8  4.1  96    0   38 305 -316  1
3797500 2746500  2  8 16   3.6  982 201  2.7 7  4.6  96    0   54 302 -316  1
3797500 2746500  2  8 17   4.7  982 217  4.3 7  4.9  93    0   19 295 -316  1
3797500 2746500  2  8 18   4.8  983 229  5.4 8  4.9  89    0    0 300 -316  1
3797500 2746500  2  8 19   4.6  984 230  4.1 8  4.8  88    0    0 306 -318  1
3797500 2746500  2  8 20   5.0  984 231  4.4 7  4.7  85    0    0 300 -321  1
3797500 2746500  2  8 21   4.9  985 218  3.3 6  4.6  82    0    0 291 -323  1
3797500 2746500  2  8 22   4.7  985 217  3.5 7  4.5  82    0    0 291 -325  1
3797500 2746500  2  8 23   4.9  986 218  3.8 7  4.5  81    0    0 297 -327  1
3797500 2746500  2  8 24   4.8  987 229  3.7 8  4.4  80    0    0 304 -329  1
3797500 2746500  2  9  1   4.4  987 206  4.4 8  4.4  81    0    0 309 -328  1
3797500 2746500  2  9  2   4.6  988 222  4.7 8  4.4  82    0    0 309 -327  1
3797500 2746500  2  9  3   4.4  988 227  4.8 8  4.4  83    0    0 311 -326  1
3797500 2746500  2  9  4   4.4  989 227  5.2 8  4.5  84    0    0 312 -323  1
3797500 2746500  2  9  5   2.7  989 250  5.3 8  4.4  88    0    0 310 -321  1
3797500 2746500  2  9  6   3.5  990 239  3.3 8  4.4  90    0    0 308 -320  1
3797500 2746500  2  9  7   3.9  991 246  3.8 8  4.4  87    0    0 309 -318  1
3797500 2746500  2  9  8   3.6  992 249  4.0 8  4.3  84    0    0 308 -317  1
3797500 2746500  2  9  9   3.3  993 240  3.7 8  4.2  85    0   15 306 -316  1
3797500 2746500  2  9 10   3.2  994 248  4.0 7  4.1  85    0   41 299 -316  1
3797500 2746500  2  9 11   3.3  995 247  4.1 8  4.1  84    0   48 298 -316  1
3797500 2746500  2  9 12   2.9  996 278  3.5 8  4.0  82    0   45 301 -316  1
3797500 2746500  2  9 13   2.8  996 311  3.0 8  3.9  82    0   54 299 -317  1
3797500 2746500  2  9 14   3.1  997 262  3.5 8  3.7  79    0   67 299 -319  1
3797500 2746500  2  9 15   2.8  998 272  2.4 8  3.6  77    0   61 299 -319  1
3797500 2746500  2  9 16   2.9  999 267  3.1 8  3.7  79    4   73 300 -317  1
3797500 2746500  2  9 17   2.6 1000 263  2.1 7  3.7  80    5   33 295 -316  1
3797500 2746500  2  9 18   2.2 1000 268  1.4 7  3.6  80    0    0 289 -316  1
3797500 2746500  2  9 19   1.5 1001  36  1.0 5  3.6  81    0    0 278 -315  1
3797500 2746500  2  9 20   1.3 1001  75  1.1 5  3.6  85    0    0 268 -314  1
3797500 2746500  2  9 21   0.7 1001  99  1.6 6  3.6  86    0    0 270 -313  1
3797500 2746500  2  9 22   1.3 1001 129  1.3 6  3.5  86    0    0 275 -312  1
3797500 2746500  2  9 23   1.1 1001 117  1.3 7  3.5  84    0    0 281 -312  1
3797500 2746500  2  9 24   1.2 1000 107  1.8 6  3.5  85    0    0 281 -312  1
3797500 2746500  2 10  1   1.7 1000  99  2.5 8  3.5  83    0    0 288 -312  1
3797500 2746500  2 10  2   1.5  999 109  2.8 8  3.6  83    0    0 299 -311  1
3797500 2746500  2 10  3   1.8  998 109  2.7 8  3.7  85    0    0 298 -311  1
3797500 2746500  2 10  4   1.8  998  99  2.0 7  3.8  87    0    0 292 -309  1
3797500 2746500  2 10  5   2.0  997  91  2.5 8  3.9  88    0    0 292 -308  1
3797500 2746500  2 10  6   1.8  997  98  3.4 8  4.0  90    0    0 296 -306  1
3797500 2746500  2 10  7   1.9  997  99  2.9 8  4.0  91    0    0 293 -305  1
3797500 2746500  2 10  8   2.3  996 109  2.9 8  4.0  90    0    0 293 -304  1
3797500 2746500  2 10  9   2.3  996  98  2.3 8  4.1  90    0   20 291 -304  1
3797500 2746500  2 10 10   2.5  997 109  2.4 7  4.1  90    0   49 287 -305  1
3797500 2746500  2 10 11   2.7  997 111  3.1 8  4.0  87    0   67 289 -306  1
3797500 2746500  2 10 12   3.7  997 112  2.8 7  4.1  85    0   98 293 -309  1
3797500 2746500  2 10 13   4.3  997  94  2.5 8  4.4  86    0   63 298 -311  1
3797500 2746500  2 10 14   5.2  997 112  1.6 8  4.7  86    0   53 306 -312  1
3797500 2746500  2 10 15   6.4  997 124  1.5 7  4.9  84    0   70 303 -312  1
3797500 2746500  2 10 16   6.4  997 122  1.5 6  5.1  84    8   87 291 -312  1
3797500 2746500  2 10 17   5.7  998 117  0.9 8  5.1  87    0   18 293 -311  1
3797500 2746500  2 10 18   6.1  998 114  1.7 8  5.1  87    0    0 302 -309  1
3797500 2746500  2 10 19   6.3  998 169  2.0 7  5.0  84    0    0 295 -305  1
3797500 2746500  2 10 20   6.2  999 169  1.7 7  5.0  83    0    0 290 -302  1
3797500 2746500  2 10 21   6.3  999 171  2.3 7  5.0  82    0    0 291 -301  1
3797500 2746500  2 10 22   6.1  999 168  2.6 5  4.9  81    0    0 282 -301  1
3797500 2746500  2 10 23   6.4  999 178  1.9 5  4.9  81    0    0 271 -301  1
3797500 2746500  2 10 24   6.8  998 178  1.8 8  4.9  80    0    0 290 -300  1
3797500 2746500  2 11  1   5.7  998 169  3.4 6  5.2  86    0    0 295 -299  1
3797500 2746500  2 11  2   6.2  998 169  3.8 7  5.3  91    0    0 288 -298  1
3797500 2746500  2 11  3   6.2  998 169  3.1 7  5.4  90    0    0 296 -299  1
3797500 2746500  2 11  4   6.2  997 168  3.7 7  5.4  90    0    0 299 -300  1
3797500 2746500  2 11  5   7.0  996 165  3.7 6  5.4  87    0    0 298 -302  1
3797500 2746500  2 11  6   6.8  995 144  5.2 6  5.4  86    0    0 296 -305  1
3797500 2746500  2 11  7   7.3  994 136  4.8 8  5.5  86    0    0 310 -307  1
3797500 2746500  2 11  8   7.6  993 143  5.0 8  5.6  85    0    0 324 -308  1
3797500 2746500  2 11  9   7.8  992 152  5.3 8  5.7  85    0    5 327 -310  1
3797500 2746500  2 11 10   6.8  990 142  4.9 8  5.7  88    0   29 328 -312  1
3797500 2746500  2 11 11   6.2  989 165  5.4 8  5.8  94    0   54 327 -315  1
3797500 2746500  2 11 12   6.0  988 182  5.1 7  5.7  96    0   76 321 -318  1
3797500 2746500  2 11 13   6.2  988 220  4.9 8  5.8  97    0   72 321 -322  1
3797500 2746500  2 11 14   7.4  988 222  4.5 7  6.0  94    4  124 323 -324  1
3797500 2746500  2 11 15   8.5  988 231  4.9 7  6.0  88    8  109 320 -324  1
3797500 2746500  2 11 16   9.9  988 225  4.1 7  6.0  80    2   68 322 -325  1
3797500 2746500  2 11 17   8.6  988 229  3.7 7  5.9  80    4   32 321 -329  1
3797500 2746500  2 11 18   7.9  988 222  3.7 7  5.9  85    0    0 317 -333  1
3797500 2746500  2 11 19   7.8  989 231  4.2 7  5.9  88    0    0 317 -334  1
3797500 2746500  2 11 20   7.1  989 220  3.8 7  6.0  90    0    0 318 -333  1
3797500 2746500  2 11 21   7.3  990 231  3.7 8  6.0  93    0    0 324 -334  1
3797500 2746500  2 11 22   7.4  991 239  3.3 7  6.1  93    0    0 325 -334  1
3797500 2746500  2 11 23   7.4  992 239  3.1 7  6.0  92    0    0 320 -334  1
3797500 2746500  2 11 24   7.2  992 228  3.1 7  5.9  91    0    0 320 -334  1
3797500 2746500  2 12  1   6.4  993 221  3.4 6  5.7  91    0    0 313 -334  1
3797500 2746500  2 12  2   7.0  993 209  2.4 6  5.5  88    0    0 306 -334  1
3797500 2746500  2 12  3   7.0  992 182  2.1 6  5.4  86    0    0 307 -334  1
3797500 2746500  2 12  4   7.1  992 181  2.3 7  5.4  84    0    0 313 -335  1
3797500 2746500  2 12  5   6.7  991 171  3.1 8  5.4  85    0    0 329 -337  1
3797500 2746500  2 12  6   6.7  990 172  3.2 7  5.5  88    0    0 331 -337  1
3797500 2746500  2 12  7   7.0  989 173  3.8 8  5.6  89    0    0 333 -338  1
3797500 2746500  2 12  8   6.9  988 171  4.8 8  5.7  90    0    0 340 -338  1
3797500 2746500  2 12  9   6.7  987 177  4.2 8  5.6  90    0   10 340 -337  1
3797500 2746500  2 12 10   6.7  986 164  5.3 7  5.6  89    0   58 333 -338  1
3797500 2746500  2 12 11   6.9  985 187  5.0 6  5.7  90    0   86 321 -339  1
3797500 2746500  2 12 12   7.2  984 187  4.3 8  5.9  92    0   56 328 -343  1
3797500 2746500  2 12 13   9.0  984 214  4.5 6  6.3  91   34  190 330 -350  1
3797500 2746500  2 12 14  10.0  983 177  4.8 6  6.6  86   49  183 322 -352  1
3797500 2746500  2 12 15  11.1  983 198  5.4 2  6.2  75  123  153 300 -350  1
3797500 2746500  2 12 16  10.5  983 263  6.2 3  5.6  67   69  113 277 -350  1
3797500 2746500  2 12 17  10.0  983  49  4.5 6  5.5  69   16   54 297 -350  1
3797500 2746500  2 12 18   9.5  983 250  5.4 7  5.5  71    0    4 319 -347  1
3797500 2746500  2 12 19   8.6  983 286  5.2 8  5.6  76    0    0 331 -344  1
3797500 2746500  2 12 20   9.0  983  84  6.2 8  5.8  80    0    0 336 -342  1
3797500 2746500  2 12 21   8.7  983 225  7.3 8  5.8  79    0    0 336 -341  1
3797500 2746500  2 12 22   8.1  983 234  6.6 8  5.8  82    0    0 336 -340  1
3797500 2746500  2 12 23   7.7  983 233  5.9 8  5.9  86    0    0 337 -338  1
3797500 2746500  2 12 24   7.5  984 242  6.7 8  5.9  88    0    0 337 -334  1
3797500 2746500  2 13  1   7.0  984 244  5.7 8  5.8  89    0    0 336 -330  1
3797500 2746500  2 13  2   7.2  986 250  6.0 8  5.9  90    0    0 336 -326  1
3797500 2746500  2 13  3   6.9  987 249  6.2 8  5.9  91    0    0 335 -325  1
3797500 2746500  2 13  4   6.8  988 259  6.1 7  5.8  91    0    0 328 -324  1
3797500 2746500  2 13  5   6.3  989 266  5.1 7  5.7  91    0    0 320 -323  1
3797500 2746500  2 13  6   5.9  990 257  5.5 8  5.6  94    0    0 324 -323  1
3797500 2746500  2 13  7   6.4  991 256  5.4 8  5.7  95    0    0 330 -322  1
3797500 2746500  2 13  8   6.8  992 248  5.5 8  5.8  93    0    0 330 -322  1
3797500 2746500  2 13  9   6.8  993 249  5.2 8  5.7  91    0   20 330 -322  1
3797500 2746500  2 13 10   7.2  994 258  5.5 8  5.8  90    0   56 331 -323  1
3797500 2746500  2 13 11   7.6  995 259  4.8 7  5.9  90    0   77 327 -325  1
3797500 2746500  2 13 12   8.0  996 261  5.4 7  5.8  87    0   70 319 -328  1
3797500 2746500  2 13 13   8.0  997 263  3.8 7  5.8  85    0   72 317 -330  1
3797500 2746500  2 13 14   8.1  998 272  3.4 8  5.9  87    0   79 323 -334  1
3797500 2746500  2 13 15   8.8  999 258  4.7 7  6.0  85    0   80 324 -336  1
3797500 2746500  2 13 16   8.0 1000 260  4.4 6  5.8  83   15   68 311 -336  1
3797500 2746500  2 13 17   7.8 1001 264  3.7 7  5.8  86   27   28 307 -334  1
3797500 2746500  2 13 18   7.6 1001 244  3.6 7  5.8  88    6    5 309 -328  1
3797500 2746500  2 13 19   7.3 1002 244  2.8 7  5.7  88    0    0 305 -321  1
3797500 2746500  2 13 20   7.4 1003 238  3.2 8  5.5  86    0    0 306 -317  1
3797500 2746500  2 13 21   7.4 1003 252  2.7 7  5.5  85    0    0 306 -316  1
3797500 2746500  2 13 22   7.0 1003 239  2.8 6  5.3  83    0    0 296 -316  1
3797500 2746500  2 13 23   6.3 1004 228  3.0 5  5.0  81    0    0 285 -316  1
3797500 2746500  2 13 24   6.7 1004 218  2.2 7  4.9  81    0    0 288 -316  1
3797500 2746500  2 14  1   6.5 1004 196  2.0 8  4.9  80    0    0 301 -316  1
3797500 2746500  2 14  2   6.3 1004 183  2.1 8  4.8  80    0    0 306 -316  1
3797500 2746500  2 14  3   6.3 1003 180  2.4 7  4.8  80    0    0 303 -315  1
3797500 2746500  2 14  4   6.4 1002 177  2.3 8  4.8  79    0    0 303 -313  1
3797500 2746500  2 14  5   6.4 1002 170  3.0 8  4.8  80    0    0 308 -312  1
3797500 2746500  2 14  6   6.7 1001 161  3.7 8  4.9  80    0    0 311 -313  1
3797500 2746500  2 14  7   6.7 1000 158  4.2 8  4.9  79    0    0 313 -313  1
3797500 2746500  2 14  8   6.5  999 150  4.1 7  4.8  79    0    0 310 -314  1
3797500 2746500  2 14  9   6.4  999 145  3.3 8  4.9  80    0    4 312 -315  1
3797500 2746500  2 14 10   6.3  999 142  3.6 8  5.0  83    0   44 319 -316  1
3797500 2746500  2 14 11   6.8  998 155  5.2 7  5.1  83    0   94 314 -317  1
3797500 2746500  2 14 12   6.5  997 148  6.0 7  5.0  82    0  114 313 -321  1
3797500 2746500  2 14 13   6.3  996 145  5.4 7  5.0  82    0   95 315 -325  1
3797500 2746500  2 14 14   5.9  994 146  5.4 7  5.0  83    0   78 316 -327  1
3797500 2746500  2 14 15   5.7  994 159  5.0 7  5.1  87    0   58 318 -328  1
3797500 2746500  2 14 16   5.9  993 159  4.4 8  5.2  89    0   42 325 -327  1
3797500 2746500  2 14 17   6.1  993 159  3.0 8  5.3  90    0   26 332 -327  1
3797500 2746500  2 14 18   6.2  993 141  1.1 8  5.4  91    0    0 333 -327  1
3797500 2746500  2 14 19   6.7  993 183  0.5 8  5.5  90    0    0 335 -327  1
3797500 2746500  2 14 20   6.7  994 241  1.3 8  5.7  92    0    0 337 -329  1
3797500 2746500  2 14 21   6.7  995 299  1.9 8  5.8  94    0    0 338 -330  1
3797500 2746500  2 14 22   6.2  997 309  3.8 8  5.6  92    0    0 336 -332  1
3797500 2746500  2 14 23   6.1  999 318  4.0 8  5.3  89    0    0 335 -333  1
3797500 2746500  2 14 24   5.8 1001 310  3.8 8  5.2  88    0    0 333 -334  1
3797500 2746500  2 15  1   5.3 1002 319  2.9 8  5.0  88    0    0 331 -333  1
3797500 2746500  2 15  2   5.5 1003 289  2.8 8  5.0  89    0    0 330 -331  1
3797500 2746500  2 15  3   5.9 1005 299  2.8 8  5.1  89    0    0 330 -330  1
3797500 2746500  2 15  4   6.2 1007 298  4.4 8  5.3  90    0    0 331 -329  1
3797500 2746500  2 15  5   6.3 1008 308  4.9 8  5.4  90    0    0 331 -329  1
3797500 2746500  2 15  6   6.0 1009 298  2.9 8  5.2  88    0    0 330 -329  1
3797500 2746500  2 15  7   6.0 1011 288  2.8 7  5.0  85    0    0 322 -329  1
3797500 2746500  2 15  8   5.7 1012 300  2.2 7  4.9  85    0    1 314 -329  1
3797500 2746500  2 15  9   5.4 1013 258  1.9 5  4.9  86    5   39 302 -327  1
3797500 2746500  2 15 10   5.3 1014 266  2.4 5  5.0  89   37   94 291 -326  1
3797500 2746500  2 15 11   6.2 1015 249  2.2 5  5.1  90   34  138 294 -325  1
3797500 2746500  2 15 12   7.3 1016 260  2.2 6  5.2  85   37  164 303 -326  1
3797500 2746500  2 15 13   8.8 1016 250  2.9 5  5.1  77  106  170 306 -327  1
3797500 2746500  2 15 14   9.3 1017 334  1.4 4  4.9  68  282   76 298 -330  1
3797500 2746500  2 15 15   9.8 1017 174  1.4 2  4.7  64  293   60 283 -333  1
3797500 2746500  2 15 16   9.5 1016 154  1.4 2  4.7  63  202   41 271 -333  1
3797500 2746500  2 15 17   9.3 1016 194  1.3 6  4.6  63   57   38 292 -333  1
3797500 2746500  2 15 18   7.3 1017 154  1.9 5  4.4  65    5    9 305 -332  1
3797500 2746500  2 15 19   6.8 1017 137  1.7 2  4.4  70    0    0 278 -330  1
3797500 2746500  2 15 20   6.2 1017 135  2.4 2  4.3  72    0    0 258 -329  1
3797500 2746500  2 15 21   6.0 1017 132  2.5 2  4.3  73    0    0 256 -329  1
3797500 2746500  2 15 22   5.8 1017 134  2.7 2  4.2  73    0    0 250 -329  1
3797500 2746500  2 15 23   5.1 1018 150  3.1 2  4.1  75    0    0 244 -328  1
3797500 2746500  2 15 24   4.3 1018 173  3.8 4  4.0  78    0    0 249 -327  1
3797500 2746500  2 16  1   3.2 1009 196  4.6 5  3.9  82    0    0 293 -316  1
3797500 2746500  2 16  2   2.4 1008 209  5.6 7  3.9  86    0    0 301 -316  1
3797500 2746500  2 16  3   2.0 1007 218  6.2 8  3.9  90    0    0 311 -317  1
3797500 2746500  2 16  4   2.1 1006 217  6.4 8  4.0  91    0    0 314 -317  1
3797500 2746500  2 16  5   2.3 1004 220  6.0 7  4.1  91    0    0 310 -319  1
3797500 2746500  2 16  6   2.5 1002 220  5.6 7  4.3  93    0    0 305 -321  1
3797500 2746500  2 16  7   3.0 1001 231  5.8 8  4.3  92    0    0 314 -322  1
3797500 2746500  2 16  8   3.3 1000 241  6.6 8  4.4  91    0    0 322 -324  1
3797500 2746500  2 16  9   3.2 1000 251  5.8 8  4.4  91    0   24 321 -325  1
3797500 2746500  2 16 10   3.7 1000 250  5.8 8  4.5  92    0   44 322 -326  1
3797500 2746500  2 16 11   4.0 1000 250  5.2 8  4.7  92    0   62 322 -328  1
3797500 2746500  2 16 12   4.2 1000 270  3.6 8  4.7  91    0   68 319 -331  1
3797500 2746500  2 16 13   5.8 1000 271  6.5 5  4.6  84   95  152 297 -334  1
3797500 2746500  2 16 14   6.4 1000 292  5.7 7  4.2  71   20  148 292 -335  1
3797500 2746500  2 16 15   6.7 1000 289  6.3 5  3.8  62   18  128 291 -333  1
3797500 2746500  2 16 16   6.3 1001 281  7.8 3  3.6  59   94   75 269 -331  1
3797500 2746500  2 16 17   5.8 1001 281  7.4 4  3.4  58   74   30 259 -329  1
3797500 2746500  2 16 18   4.8 1002 270  6.4 5  3.4  61    3   10 262 -325  1
3797500 2746500  2 16 19   4.2 1002 270  5.3 3  3.4  65    0    0 253 -322  1
3797500 2746500  2 16 20   4.0 1002 249  6.1 5  3.5  68    0    0 251 -319  1
3797500 2746500  2 16 21   4.4 1002 241  7.4 6  3.6  70    0    0 268 -318  1
3797500 2746500  2 16 22   4.3 1001 249  8.9 7  3.8  72    0    0 280 -318  1
3797500 2746500  2 16 23   4.2 1000 242  8.2 7  3.9  74    0    0 286 -317  1
3797500 2746500  2 16 24   4.4  999 252  9.4 7  3.9  74    0    0 285 -316  1
3797500 2746500  2 17  1   4.5  998 266  8.0 8  3.9  73    0    0 290 -317  1
3797500 2746500  2 17  2   4.7  997 263  8.7 8  3.8  72    0    0 295 -318  1
3797500 2746500  2 17  3   4.0  996 273  7.9 8  3.9  75    0    0 292 -318  1
3797500 2746500  2 17  4   3.5  996 257  5.8 6  4.0  79    0    0 280 -317  1
3797500 2746500  2 17  5   0.2  995 283  5.0 6  3.7  84    0    0 263 -316  1
3797500 2746500  2 17  6   0.5  996 278  6.4 7  3.6  90    0    0 264 -316  1
3797500 2746500  2 17  7   0.5  996 292  7.1 6  3.5  88    0    0 261 -314  1
3797500 2746500  2 17  8   0.3  997 280  5.3 6  3.3  84    0    0 253 -312  1
3797500 2746500  2 17  9   0.0  998 285  5.9 6  3.1  79   17   44 252 -311  1
3797500 2746500  2 17 10   0.2  999 297  5.0 6  3.0  78   22  100 251 -312  1
3797500 2746500  2 17 11   0.5 1000 266  6.2 5  3.1  79   90  149 245 -314  1
3797500 2746500  2 17 12   1.7 1001 278  6.6 6  3.2  77   41  181 247 -316  1
3797500 2746500  2 17 13   1.9 1001 280  7.4 5  3.2  74   34  188 252 -317  1
3797500 2746500  2 17 14   2.4 1002 275  7.2 4  3.1  70  123  184 247 -318  1
3797500 2746500  2 17 15   2.5 1002 288  6.2 7  3.0  66   76  164 259 -319  1
3797500 2746500  2 17 16   3.1 1002 273  6.3 6  3.1  66   36  116 269 -318  1
3797500 2746500  2 17 17   2.8 1002 317  6.6 4  3.1  65   99   60 257 -317  1
3797500 2746500  2 17 18   1.5 1003 264  4.7 5  3.0  67    9   16 248 -316  1
3797500 2746500  2 17 19   1.0 1003 278  3.1 5  3.1  74    0    0 252 -316  1
3797500 2746500  2 17 20   0.5 1004 249  2.8 5  3.2  79    0    0 253 -314  1
3797500 2746500  2 17 21   0.6 1004 267  3.7 6  3.3  83    0    0 258 -312  1
3797500 2746500  2 17 22   0.5 1004 270  3.7 4  3.4  84    0    0 254 -311  1
3797500 2746500  2 17 23   0.1 1005 258  3.6 4  3.3  86    0    0 245 -311  1
3797500 2746500  2 17 24   0.0 1005 251  3.5 5  3.3  87    0    0 248 -310  1
3797500 2746500  2 18  1  -0.2 1005 236  2.2 5  3.3  87    0    0 253 -309  1
3797500 2746500  2 18  2  -0.1 1006 239  2.2 8  3.3  88    0    0 268 -308  1
3797500 2746500  2 18  3   0.0 1006 211  2.0 7  3.4  89    0    0 278 -307  1
3797500 2746500  2 18  4   0.4 1006 239  2.4 6  3.4  89    0    0 270 -305  1
3797500 2746500  2 18  5   0.7 1005 213  2.5 7  3.5  88    0    0 272 -305  1
3797500 2746500  2 18  6   0.7 1005 211  2.2 7  3.5  88    0    0 279 -305  1
3797500 2746500  2 18  7   0.9 1006 222  1.3 7  3.6  88    0    0 280 -305  1
3797500 2746500  2 18  8   0.9 1006 211  1.2 8  3.6  88    0    0 286 -305  1
3797500 2746500  2 18  9   0.9 1006 212  1.5 7  3.6  88    2   42 286 -307  1
3797500 2746500  2 18 10   1.1 1007 206  1.6 7  3.6  88    3   88 283 -309  1
3797500 2746500  2 18 11   1.4 1008 219  1.6 8  3.7  89    0   99 289 -313  1
3797500 2746500  2 18 12   2.0 1009 217  1.7 8  3.8  88    3  144 295 -316  1
3797500 2746500  2 18 13   2.6 1009 241  2.3 7  3.8  85   41  206 294 -321  1
3797500 2746500  2 18 14   3.4 1010 214  1.7 6  3.8  81   54  202 288 -325  1
3797500 2746500  2 18 15   4.0 1010 225  2.5 7  3.8  77   52  180 289 -325  1
3797500 2746500  2 18 16   4.4 1010 220  3.0 6  3.8  74   54  136 292 -326  1
3797500 2746500  2 18 17   4.5 1010 225  2.8 7  3.8  73   20   72 292 -326  1
3797500 2746500  2 18 18   4.4 1010 203  2.0 8  3.8  73    0   12 302 -323  1
3797500 2746500  2 18 19   4.3 1010 203  2.7 7  3.8  74    0    0 303 -321  1
3797500 2746500  2 18 20   4.1 1010 186  2.3 8  3.9  76    0    0 304 -321  1
3797500 2746500  2 18 21   4.4 1010 195  3.3 8  4.0  78    0    0 310 -321  1
3797500 2746500  2 18 22   3.8 1010 174  2.8 8  4.2  81    0    0 312 -321  1
3797500 2746500  2 18 23   3.8 1010 184  3.6 8  4.3  86    0    0 314 -322  1
3797500 2746500  2 18 24   4.1 1010 190  4.2 8  4.4  88    0    0 317 -323  1
3797500 2746500  2 19  1   4.7 1010 190  3.0 8  4.6  89    0    0 322 -324  1
3797500 2746500  2 19  2   5.0 1010 203  3.1 8  4.9  90    0    0 325 -326  1
3797500 2746500  2 19  3   5.6 1009 211  3.6 8  5.1  91    0    0 329 -327  1
3797500 2746500  2 19  4   6.4 1009 210  3.7 8  5.3  91    0    0 333 -329  1
3797500 2746500  2 19  5   7.1 1008 218  4.1 7  5.6  91    0    0 332 -331  1
3797500 2746500  2 19  6   7.2 1008 219  4.2 8  5.8  91    0    0 335 -333  1
3797500 2746500  2 19  7   7.4 1007 209  4.3 8  5.8  90    0    0 342 -335  1
3797500 2746500  2 19  8   7.5 1007 209  5.1 8  5.9  91    0    0 343 -337  1
3797500 2746500  2 19  9   7.7 1006 209  5.3 8  6.0  92    0   31 345 -339  1
3797500 2746500  2 19 10   7.9 1006 219  5.6 8  6.1  92    0   38 345 -341  1
3797500 2746500  2 19 11   8.0 1005 220  6.4 8  6.2  92    0   38 346 -342  1
3797500 2746500  2 19 12   8.4 1005 229  6.5 8  6.3  92    0   71 348 -343  1
3797500 2746500  2 19 13   8.6 1004 231  6.4 7  6.5  93    0   82 342 -345  1
3797500 2746500  2 19 14   8.8 1004 241  5.6 7  6.6  93    0   64 337 -347  1
3797500 2746500  2 19 15   9.1 1004 241  6.4 8  6.7  93    0   43 346 -348  1
3797500 2746500  2 19 16   9.3 1003 241  5.7 8  6.8  93    0   63 354 -349  1
3797500 2746500  2 19 17   9.3 1003 241  5.3 7  6.9  94    1   42 348 -349  1
3797500 2746500  2 19 18   9.5 1003 242  4.7 7  7.0  94    0    5 342 -349  1
3797500 2746500  2 19 19   9.5 1003 251  4.7 8  7.0  94    0    0 349 -349  1
3797500 2746500  2 19 20   9.6 1004 245  4.6 7  7.1  94    0    0 349 -350  1
3797500 2746500  2 19 21   9.7 1004 251  3.9 7  7.1  94    0    0 342 -349  1
3797500 2746500  2 19 22   9.6 1004 268  3.4 7  7.0  93    0    0 342 -349  1
3797500 2746500  2 19 23   9.5 1005 261  2.8 7  7.0  94    0    0 339 -348  1
3797500 2746500  2 19 24   9.4 1005 279  2.7 8  7.0  94    0    0 345 -347  1
3797500 2746500  2 20  1   8.8 1005 325  2.6 8  6.8  93    0    0 349 -345  1
3797500 2746500  2 20  2   8.5 1005 256  2.6 8  6.6  93    0    0 345 -342  1
3797500 2746500  2 20  3   8.0 1005 291  1.9 8  6.4  93    0    0 341 -339  1
3797500 2746500  2 20  4   7.6 1005 358  3.0 8  6.2  94    0    0 338 -335  1
3797500 2746500  2 20  5   7.4 1005  26  1.6 6  6.1  93    0    0 318 -333  1
3797500 2746500  2 20  6   7.1 1005 105  0.9 8  6.0  93    0    0 316 -333  1
3797500 2746500  2 20  7   7.1 1005 244  1.5 8  5.8  92    0    0 332 -334  1
3797500 2746500  2 20  8   6.9 1005 251  2.1 8  5.7  90    0    0 332 -335  1
3797500 2746500  2 20  9   6.6 1005 292  3.7 8  5.6  90    0   23 332 -335  1
3797500 2746500  2 20 10   6.0 1006 272  2.8 7  5.2  87   24  114 323 -336  1
3797500 2746500  2 20 11   6.7 1006 288  3.0 4  4.7  78  155  163 291 -338  1
3797500 2746500  2 20 12   7.9 1007 277  3.1 4  4.4  68  237  174 268 -340  1
3797500 2746500  2 20 13   7.5 1007 299  4.3 6  4.0  61   44  201 279 -346  1
3797500 2746500  2 20 14   7.7 1007 284  3.3 7  3.8  58    0  124 296 -350  1
3797500 2746500  2 20 15   8.1 1007 280  4.0 7  3.8  57   12  144 302 -349  1
3797500 2746500  2 20 16   8.1 1007 253  4.0 7  3.9  57   33  123 300 -347  1
3797500 2746500  2 20 17   7.8 1007 284  3.4 6  3.9  59   14   68 288 -343  1
3797500 2746500  2 20 18   7.4 1007 261  3.3 7  3.9  60    2   14 281 -338  1
3797500 2746500  2 20 19   6.7 1008 256  2.8 6  3.9  63    0    0 276 -332  1
3797500 2746500  2 20 20   5.7 1008 246  2.7 6  3.9  66    0    0 264 -327  1
3797500 2746500  2 20 21   4.9 1009 208  2.5 4  3.9  70    0    0 250 -325  1
3797500 2746500  2 20 22   5.0 1009 234  2.1 3  3.9  72    0    0 230 -325  1
3797500 2746500  2 20 23   5.0 1009 215  2.8 4  4.0  73    0    0 232 -324  1
3797500 2746500  2 20 24   4.8 1008 234  3.6 7  3.9  73    0    0 264 -324  1
3797500 2746500  2 21  1   4.6 1008 212  3.9 7  3.8  72    0    0 287 -325  1
3797500 2746500  2 21  2   4.9 1007 203  3.9 7  3.9  73    0    0 291 -325  1
3797500 2746500  2 21  3   5.0 1005 222  4.0 7  4.0  74    0    0 295 -325  1
3797500 2746500  2 21  4   5.1 1005 221  4.2 6  4.1  75    0    0 293 -325  1
3797500 2746500  2 21  5   5.0 1004 221  4.7 6  4.2  77    0    0 288 -324  1
3797500 2746500  2 21  6   5.1 1003 230  4.6 7  4.3  79    0    0 297 -324  1
3797500 2746500  2 21  7   5.2 1002 230  5.2 8  4.4  80    0    0 313 -324  1
3797500 2746500  2 21  8   5.1 1001 230  5.3 8  4.4  80    0    0 322 -324  1
3797500 2746500  2 21  9   5.3 1001 229  5.5 8  4.4  80    0   16 323 -324  1
3797500 2746500  2 21 10   5.3 1000 229  5.2 8  4.5  80    0   39 323 -327  1
3797500 2746500  2 21 11   5.7 1000 231  5.0 8  4.6  81    0   54 324 -331  1
3797500 2746500  2 21 12   6.1  999 230  5.0 7  4.7  80    0   94 319 -337  1
3797500 2746500  2 21 13   6.0  997 219  5.5 7  4.9  82    0   90 312 -342  1
3797500 2746500  2 21 14   5.5  995 228  5.5 7  5.0  86    0   60 313 -345  1
3797500 2746500  2 21 15   5.6  993 208  6.2 8  5.0  88    0   40 321 -346  1
3797500 2746500  2 21 16   6.6  992 250  7.2 8  5.3  89    0   42 331 -345  1
3797500 2746500  2 21 17   7.2  990 262  6.4 7  5.5  87    5   66 326 -343  1
3797500 2746500  2 21 18   6.8  990 249  6.9 7  5.4  85    2   18 320 -341  1
3797500 2746500  2 21 19   6.4  989 273  7.1 8  5.4  86    0    0 326 -340  1
3797500 2746500  2 21 20   4.1  989 250  4.7 6  5.0  88    0    0 315 -340  1
3797500 2746500  2 21 21   4.6  989 245  4.7 4  4.6  86    0    0 283 -339  1
3797500 2746500  2 21 22   4.7  988 219  6.4 6  4.6  85    0    0 282 -337  1
3797500 2746500  2 21 23   5.0  988 248  6.2 7  4.6  84    0    0 302 -334  1
3797500 2746500  2 21 24   5.0  987 273  5.2 8  4.6  82    0    0 314 -330  1
3797500 2746500  2 22  1   4.7  987 254  6.4 6  4.4  79    0    0 304 -327  1
3797500 2746500  2 22  2   2.7  986 273  5.8 8  4.1  81    0    0 298 -323  1
3797500 2746500  2 22  3   3.5  986 261  4.6 7  4.0  83    0    0 301 -322  1
3797500 2746500  2 22  4   3.3  986 261  5.6 7  4.0  80    0    0 291 -323  1
3797500 2746500  2 22  5   2.5  985 262  4.4 7  3.8  79    0    0 284 -323  1
3797500 2746500  2 22  6   2.0  985 257  4.4 7  3.7  80    0    0 280 -322  1
3797500 2746500  2 22  7   1.4  986 249  4.7 5  3.7  84    0    0 264 -321  1
3797500 2746500  2 22  8   1.1  986 266  3.7 6  3.7  88    0    0 258 -320  1
3797500 2746500  2 22  9   1.5  986 266  4.0 7  3.8  89    0   29 271 -320  1
3797500 2746500  2 22 10   1.4  987 249  4.8 7  3.9  89    1   75 276 -321  1
3797500 2746500  2 22 11   1.0  987 269  4.7 6  3.8  89    0   68 267 -322  1
3797500 2746500  2 22 12   1.0  988 269  4.0 6  3.8  91   15  151 257 -325  1
3797500 2746500  2 22 13   3.4  988 267  6.7 7  3.9  85    1  138 270 -327  1
3797500 2746500  2 22 14   1.1  989 273  5.1 7  3.8  84    0  105 279 -330  1
3797500 2746500  2 22 15   1.2  989 249  5.0 6  3.8  90   15  133 270 -333  1
3797500 2746500  2 22 16   1.8  989 270  5.3 6  3.9  90  129   67 265 -332  1
3797500 2746500  2 22 17   2.0  990 264  4.9 8  3.9  88    0   45 276 -330  1
3797500 2746500  2 22 18   1.1  991 256  5.2 8  3.8  88    0   12 286 -327  1
3797500 2746500  2 22 19   1.1  991 249  3.5 6  3.8  90    0    0 276 -325  1
3797500 2746500  2 22 20   1.3  991 271  2.6 6  3.8  91    0    0 268 -323  1
3797500 2746500  2 22 21   1.5  991 258  4.7 8  3.8  90    0    0 282 -322  1
3797500 2746500  2 22 22   1.4  992 250  4.6 7  3.9  90    0    0 290 -320  1
3797500 2746500  2 22 23   1.4  992 249  4.4 7  3.9  90    0    0 282 -318  1
3797500 2746500  2 22 24   1.3  992 270  4.6 7  3.8  90    0    0 282 -318  1
3797500 2746500  2 23  1   1.7  992 267  5.2 8  3.9  90    0    0 289 -319  1
3797500 2746500  2 23  2   1.4  992 266  4.3 8  3.9  90    0    0 297 -319  1
3797500 2746500  2 23  3   1.6  993 265  4.4 8  3.9  90    0    0 298 -319  1
3797500 2746500  2 23  4   1.4  993 259  4.9 8  3.9  91    0    0 299 -321  1
3797500 2746500  2 23  5   1.2  993 267  5.7 8  3.9  92    0    0 298 -322  1
3797500 2746500  2 23  6   1.2  993 256  5.1 8  3.9  93    0    0 299 -322  1
3797500 2746500  2 23  7   1.7  993 260  6.0 7  3.9  92    0    0 295 -323  1
3797500 2746500  2 23  8   1.8  993 263  5.5 7  4.0  90    0    0 291 -323  1
3797500 2746500  2 23  9   2.1  993 268  4.7 8  4.0  89    0   30 298 -323  1
3797500 2746500  2 23 10   2.5  994 288  6.6 7  4.0  88    1   84 299 -325  1
3797500 2746500  2 23 11   3.3  995 330  7.0 6  4.0  83   16  156 290 -328  1
3797500 2746500  2 23 12   4.1  996 327  5.4 7  3.8  76   17  183 293 -332  1
3797500 2746500  2 23 13   5.2  998 327  4.6 4  3.7  70   46  215 285 -336  1
3797500 2746500  2 23 14   4.6  999   1  3.5 5  3.6  67   26  192 275 -339  1
3797500 2746500  2 23 15   5.5 1000 327  4.0 3  3.6  65  132  190 269 -339  1
3797500 2746500  2 23 16   5.4 1000 316  3.1 4  3.7  65   97  143 264 -338  1
3797500 2746500  2 23 17   4.4 1001 307  2.2 3  3.8  70   64   83 261 -335  1
3797500 2746500  2 23 18   4.1 1001 287  1.4 4  3.9  74   16   23 257 -332  1
3797500 2746500  2 23 19   4.0 1002 290  2.7 4  3.8  74    0    0 257 -328  1
3797500 2746500  2 23 20   3.3 1003 283  2.8 3  3.8  75    0    0 245 -327  1
3797500 2746500  2 23 21   2.8 1003 245  3.3 3  3.8  79    0    0 235 -327  1
3797500 2746500  2 23 22   2.8 1003 259  3.2 5  3.9  82    0    0 245 -327  1
3797500 2746500  2 23 23   3.2 1003 261  3.5 5  4.0  84    0    0 256 -325  1
3797500 2746500  2 23 24   3.3 1003 281  3.4 7  4.1  85    0    0 266 -324  1
3797500 2746500  2 24  1   3.1 1003 275  4.0 7  4.1  86    0    0 276 -324  1
3797500 2746500  2 24  2   3.0 1003 293  2.8 7  4.1  85    0    0 278 -323  1
3797500 2746500  2 24  3   2.9 1003 254  3.5 7  4.0  85    0    0 281 -322  1
3797500 2746500  2 24  4   2.6 1003 249  3.7 7  4.0  86    0    0 282 -321  1
3797500 2746500  2 24  5   2.4 1003 251  2.7 6  3.9  86    0    0 278 -320  1
3797500 2746500  2 24  6   2.2 1002 218  2.9 7  3.9  86    0    0 278 -320  1
3797500 2746500  2 24  7   1.5 1002 230  2.5 5  3.8  86    0    0 272 -319  1
3797500 2746500  2 24  8   1.0 1002 244  2.9 4  3.7  87    0    0 255 -317  1
3797500 2746500  2 24  9   1.2 1002 209  1.8 5  3.6  88   18   57 257 -316  1
3797500 2746500  2 24 10   1.6 1002 224  2.2 5  3.7  88   41  119 265 -319  1
3797500 2746500  2 24 11   2.4 1002 250  1.5 8  3.8  86   21  153 284 -325  1
3797500 2746500  2 24 12   3.1 1002 260  2.3 6  4.0  85   85  199 292 -331  1
3797500 2746500  2 24 13   4.0 1002 256  3.0 5  4.0  80  196  191 278 -335  1
3797500 2746500  2 24 14   3.3 1002 281  1.7 7  3.7  74   47  189 283 -337  1
3797500 2746500  2 24 15   3.7 1002 295  3.0 3  3.6  72  151  161 271 -339  1
3797500 2746500  2 24 16   5.2 1002 329  3.5 2  3.4  66  194   95 249 -338  1
3797500 2746500  2 24 17   5.1 1003 329  4.0 5  3.3  59   14   66 260 -335  1
3797500 2746500  2 24 18   3.9 1003 319  2.7 5  3.3  62   10   17 274 -331  1
3797500 2746500  2 24 19   3.3 1004 349  1.8 4  3.3  66    0    0 267 -326  1
3797500 2746500  2 24 20   2.7 1005  29  0.9 3  3.4  71    0    0 256 -322  1
3797500 2746500  2 24 21   2.2 1006 332  0.9 2  3.4  75    0    0 244 -318  1
3797500 2746500  2 24 22   1.8 1007 316  0.7 1  3.4  77    0    0 230 -316  1
3797500 2746500  2 24 23   1.7 1008 316  0.8 2  3.4  78    0    0 229 -316  1
3797500 2746500  2 24 24   0.8 1009 306  1.4 0  3.4  80    0    0 221 -314  1
3797500 2746500  2 25  1   0.2 1010  53  0.4 0  3.3  83    0    0 208 -312  1
3797500 2746500  2 25  2  -0.1 1011  48  0.5 1  3.1  82    0    0 209 -311  1
3797500 2746500  2 25  3   0.7 1011 336  0.5 1  3.1  81    0    0 209 -311  1
3797500 2746500  2 25  4  -0.1 1012 227  0.6 1  3.1  80    0    0 206 -311  1
3797500 2746500  2 25  5  -0.2 1012 221  1.1 0  3.0  80    0    0 201 -310  1
3797500 2746500  2 25  6  -0.3 1013 179  1.2 1  3.0  81    0    0 199 -310  1
3797500 2746500  2 25  7  -0.1 1013 198  1.5 3  3.1  83    0    0 210 -310  1
3797500 2746500  2 25  8   0.2 1013 190  1.7 4  3.2  84    0    0 221 -310  1
3797500 2746500  2 25  9   0.3 1014 190  1.8 6  3.2  84    4   50 234 -310  1
3797500 2746500  2 25 10   0.9 1014 193  3.1 7  3.3  84   29  125 250 -312  1
3797500 2746500  2 25 11   1.8 1014 194  3.9 8  3.5  83   33  174 263 -315  1
3797500 2746500  2 25 12   2.5 1015 194  3.6 6  3.6  81   78  215 264 -320  1
3797500 2746500  2 25 13   2.9 1014 193  4.1 5  3.7  82  251  199 257 -325  1
3797500 2746500  2 25 14   4.8 1014 220  4.7 4  3.9  79  267  190 257 -328  1
3797500 2746500  2 25 15   6.0 1013 228  3.6 3  3.8  68  248  160 259 -331  1
3797500 2746500  2 25 16   6.2 1013 238  4.4 4  3.4  59   77  139 264 -335  1
3797500 2746500  2 25 17   5.9 1012 228  4.4 7  3.3  58   20   74 281 -335  1
3797500 2746500  2 25 18   5.7 1012 220  4.3 7  3.4  60    9   19 295 -332  1
3797500 2746500  2 25 19   5.9 1011 210  4.8 8  3.5  61    0    0 303 -330  1
3797500 2746500  2 25 20   6.0 1011 221  4.6 8  3.5  60    0    0 310 -328  1
3797500 2746500  2 25 21   6.0 1011 211  5.3 8  3.5  60    0    0 313 -327  1
3797500 2746500  2 25 22   5.9 1011 211  5.3 8  3.5  61    0    0 316 -326  1
3797500 2746500  2 25 23   5.8 1011 220  5.3 8  3.6  62    0    0 318 -325  1
3797500 2746500  2 25 24   5.6 1010 221  5.2 8  3.7  65    0    0 319 -324  1
3797500 2746500  2 26  1   5.4 1010 222  5.2 8  3.8  68    0    0 319 -324  1
3797500 2746500  2 26  2   5.2 1010 211  5.9 8  3.9  71    0    0 319 -323  1
3797500 2746500  2 26  3   5.1 1010 222  5.2 7  4.0  73    0    0 314 -323  1
3797500 2746500  2 26  4   5.2 1010 212  5.8 8  4.0  72    0    0 312 -322  1
3797500 2746500  2 26  5   5.1 1009 212  6.1 8  3.9  71    0    0 315 -320  1
3797500 2746500  2 26  6   5.1 1009 221  6.2 8  3.9  71    0    0 314 -319  1
3797500 2746500  2 26  7   4.8 1009 221  6.7 8  3.9  72    0    0 313 -318  1
3797500 2746500  2 26  8   5.1 1009 212  6.6 7  4.0  73    0    0 309 -318  1
3797500 2746500  2 26  9   5.1 1009 224  5.6 8  4.1  74    0   36 309 -320  1
3797500 2746500  2 26 10   5.1 1009 214  6.3 8  4.2  77    5  111 313 -323  1
3797500 2746500  2 26 11   5.6 1009 223  5.6 8  4.4  79    3  137 312 -329  1
3797500 2746500  2 26 12   6.1 1009 211  5.4 8  4.6  80    0  131 310 -335  1
3797500 2746500  2 26 13   7.1 1009 220  5.5 8  4.8  79    0  144 309 -341  1
3797500 2746500  2 26 14   7.5 1009 221  4.8 8  5.1  79    0   79 308 -346  1
3797500 2746500  2 26 15   7.8 1008 212  5.2 8  5.3  81    0  124 306 -349  1
3797500 2746500  2 26 16   8.4 1008 212  4.2 8  5.5  82    0   92 306 -349  1
3797500 2746500  2 26 17   8.7 1007 222  3.2 8  5.6  80    1   54 306 -346  1
3797500 2746500  2 26 18   8.8 1007 231  1.8 7  5.5  78    3   22 303 -341  1
3797500 2746500  2 26 19   8.6 1006 202  2.1 8  5.3  76    0    0 302 -335  1
3797500 2746500  2 26 20   8.5 1006 204  1.7 8  5.2  74    0    0 304 -331  1
3797500 2746500  2 26 21   7.5 1006 195  2.9 7  5.1  76    0    0 300 -328  1
3797500 2746500  2 26 22   7.8 1006 203  3.4 5  4.9  74    0    0 290 -326  1
3797500 2746500  2 26 23   7.0 1006 195  3.3 4  4.6  71    0    0 279 -325  1
3797500 2746500  2 26 24   6.3 1006 194  2.6 2  4.4  72    0    0 268 -323  1
3797500 2746500  2 27  1   6.0 1005 194  3.4 2  4.2  72    0    0 259 -322  1
3797500 2746500  2 27  2   5.8 1005 194  2.8 3  4.1  70    0    0 261 -321  1
3797500 2746500  2 27  3   5.4 1004 194  3.3 3  4.0  69    0    0 262 -320  1
3797500 2746500  2 27  4   5.4 1004 196  3.1 4  4.0  71    0    0 265 -319  1
3797500 2746500  2 27  5   5.1 1004 196  3.0 4  4.0  73    0    0 268 -318  1
3797500 2746500  2 27  6   4.7 1003 206  2.2 4  4.0  74    0    0 269 -318  1
3797500 2746500  2 27  7   4.6 1003 194  3.0 4  4.0  76    0    0 269 -318  1
3797500 2746500  2 27  8   4.6 1003 194  3.1 5  4.1  77    0    0 272 -319  1
3797500 2746500  2 27  9   5.2 1003 194  4.4 6  4.1  76    5   57 280 -321  1
3797500 2746500  2 27 10   5.7 1004 188  4.6 6  4.2  75    5  109 286 -326  1
3797500 2746500  2 27 11   6.0 1004 187  5.4 7  4.3  74    0  112 291 -333  1
3797500 2746500  2 27 12   6.9 1004 196  5.0 7  4.4  72    2  154 297 -341  1
3797500 2746500  2 27 13   8.0 1004 200  5.2 7  4.6  71   12  196 301 -347  1
3797500 2746500  2 27 14   9.1 1004 221  5.3 7  4.8  69    6  167 306 -349  1
3797500 2746500  2 27 15   9.7 1004 211  5.6 7  5.0  67    7  154 313 -347  1
3797500 2746500  2 27 16   9.1 1003 211  5.6 8  5.0  68    1   96 319 -346  1
3797500 2746500  2 27 17   9.0 1004 212  5.4 7  5.0  69    3   63 321 -346  1
3797500 2746500  2 27 18   8.9 1004 221  4.4 8  5.0  70    7   25 323 -346  1
3797500 2746500  2 27 19   8.9 1004 220  4.5 8  5.1  71    0    0 328 -345  1
3797500 2746500  2 27 20   8.2 1005 224  4.4 8  5.2  75    0    0 328 -344  1
3797500 2746500  2 27 21   7.6 1005 241  3.9 8  5.4  81    0    0 326 -342  1
3797500 2746500  2 27 22   7.2 1006 210  2.9 7  5.5  85    0    0 320 -340  1
3797500 2746500  2 27 23   7.1 1007 219  4.0 7  5.4  85    0    0 314 -338  1
3797500 2746500  2 27 24   7.0 1007 219  4.2 6  5.3  84    0    0 310 -337  1
3797500 2746500  2 28  1   6.1 1008 230  4.0 6  5.1  84    0    0 304 -335  1
3797500 2746500  2 28  2   5.8 1008 220  3.4 5  4.8  82    0    0 295 -333  1
3797500 2746500  2 28  3   4.9 1009 210  3.5 6  4.7  84    0    0 293 -329  1
3797500 2746500  2 28  4   5.3 1010 220  4.5 6  4.7  85    0    0 300 -326  1
3797500 2746500  2 28  5   5.5 1010 220  4.6 6  4.7  84    0    0 302 -324  1
3797500 2746500  2 28  6   5.7 1010 230  5.2 5  4.7  83    0    0 297 -323  1
3797500 2746500  2 28  7   5.1 1011 221  4.5 6  4.6  82    0    0 297 -322  1
3797500 2746500  2 28  8   5.0 1011 223  4.0 6  4.5  83    0    0 301 -321  1
3797500 2746500  2 28  9   5.2 1012 223  4.6 7  4.6  83    7   58 305 -321  1
3797500 2746500  2 28 10   5.7 1013 223  4.6 7  4.6  82    9  113 313 -325  1
3797500 2746500  2 28 11   6.4 1013 230  4.5 7  4.7  80   11  154 317 -331  1
3797500 2746500  2 28 12   7.8 1014 221  5.0 6  4.8  77   88  233 314 -340  1
3797500 2746500  2 28 13   8.4 1014 220  6.2 5  4.8  72  165  248 305 -347  1
3797500 2746500  2 28 14   9.5 1014 220  6.7 5  4.7  66  115  237 299 -353  1
3797500 2746500  2 28 15   9.9 1013 220  7.1 5  4.6  62  119  208 300 -355  1
3797500 2746500  2 28 16   9.7 1013 220  7.2 5  4.6  61  115  156 299 -354  1
3797500 2746500  2 28 17   9.7 1013 220  8.1 6  4.4  59   65   94 300 -351  1
3797500 2746500  2 28 18   9.4 1012 211  7.2 5  4.4  59   14   26 296 -346  1
3797500 2746500  2 28 19   8.8 1012 210  6.2 6  4.4  61    0    0 291 -341  1
3797500 2746500  2 28 20   8.4 1011 200  6.2 7  4.4  64    0    0 294 -338  1
3797500 2746500  2 28 21   7.9 1012 200  5.9 7  4.5  66    0    0 298 -336  1
3797500 2746500  2 28 22   7.9 1011 210  7.0 7  4.5  68    0    0 299 -335  1
3797500 2746500  2 28 23   8.3 1011 201  7.9 7  4.6  68    0    0 299 -334  1
3797500 2746500  2 28 24   8.5 1010 210  9.0 8  4.6  68    0    0 305 -334  1
3797500 2746500  3  1  1   8.5 1009 211  7.0 8  4.8  70    0    0 313 -334  1
3797500 2746500  3  1  2   8.2 1009 220  7.5 8  4.9  72    0    0 316 -335  1
3797500 2746500  3  1  3   8.4 1008 220  9.0 8  5.1  75    0    0 320 -336  1
3797500 2746500  3  1  4   7.9 1008 220  7.2 8  5.2  77    0    0 324 -337  1
3797500 2746500  3  1  5   7.5 1007 220  7.3 7  5.3  81    0    0 320 -338  1
3797500 2746500  3  1  6   7.3 1006 220  7.0 8  5.5  85    0    0 322 -339  1
3797500 2746500  3  1  7   7.3 1005 210  7.9 8  5.6  88    0    0 329 -340  1
3797500 2746500  3  1  8   7.2 1005 210  7.6 8  5.7  90    0    4 330 -341  1
3797500 2746500  3  1  9   7.2 1004 210  7.8 8  5.8  91    0   19 330 -342  1
3797500 2746500  3  1 10   7.4 1003 209  8.6 8  5.9  92    0   47 330 -344  1
3797500 2746500  3  1 11   7.8 1002 208  9.6 8  6.0  92    0   64 331 -346  1
3797500 2746500  3  1 12   8.3 1001 219  9.2 7  6.2  92    0   79 326 -348  1
3797500 2746500  3  1 13   8.7 1000 219  9.2 8  6.4  92    0   59 328 -350  1
3797500 2746500  3  1 14   9.3  999 220  9.1 8  6.7  92    0   48 337 -353  1
3797500 2746500  3  1 15   9.8  999 229  7.8 8  7.0  94    0   48 342 -355  1
3797500 2746500  3  1 16  10.2  999 231  8.2 8  7.3  94    0   52 347 -357  1
3797500 2746500  3  1 17  10.6  999 232  7.6 7  7.4  93    0   41 345 -359  1
3797500 2746500  3  1 18  10.6  999 250  7.0 8  7.6  94    0   23 348 -360  1
3797500 2746500  3  1 19  10.9  999 251  7.2 8  7.6  94    0    0 357 -361  1
3797500 2746500  3  1 20  10.8 1000 251  6.5 8  7.6  92    0    0 359 -362  1
3797500 2746500  3  1 21  10.5 1001 271  3.9 8  7.4  92    0    0 360 -362  1
3797500 2746500  3  1 22  10.3 1002 261  4.5 8  7.3  91    0    0 360 -361  1
3797500 2746500  3  1 23   9.6 1003 262  4.2 8  7.0  91    0    0 359 -361  1
3797500 2746500  3  1 24   9.1 1004 270  2.6 7  6.8  92    0    0 349 -361  1
3797500 2746500  3  2  1   8.7 1004 258  1.8 7  6.6  92    0    0 340 -360  1
3797500 2746500  3  2  2   8.8 1005 258  2.5 6  6.5  92    0    0 330 -360  1
3797500 2746500  3  2  3   8.8 1005 278  1.4 6  6.5  92    0    0 321 -360  1
3797500 2746500  3  2  4   8.8 1004 260  1.3 7  6.6  92    0    0 328 -360  1
3797500 2746500  3  2  5   8.9 1004 251  1.5 7  6.6  92    0    0 336 -360  1
3797500 2746500  3  2  6   9.2 1004 249  2.2 8  6.7  93    0    0 342 -360  1
3797500 2746500  3  2  7   9.4 1004 239  2.1 8  6.8  93    0    0 350 -360  1
3797500 2746500  3  2  8   9.6 1004 230  2.5 8  6.9  92    0    6 351 -360  1
3797500 2746500  3  2  9   9.5 1003 231  2.8 7  6.9  92    0   37 344 -361  1
3797500 2746500  3  2 10   9.6 1003 219  3.0 8  6.9  92    0   56 343 -361  1
3797500 2746500  3  2 11   9.8 1002 219  3.7 7  7.0  92    0   69 344 -362  1
3797500 2746500  3  2 12  10.2 1002 218  5.1 8  7.2  93    0   60 344 -362  1
3797500 2746500  3  2 13  10.4 1001 229  6.9 8  7.3  93    0   62 352 -362  1
3797500 2746500  3  2 14  11.0 1000 229  7.2 8  7.4  91    0   71 353 -363  1
3797500 2746500  3  2 15  11.3  999 239  8.7 8  7.5  89    0   53 356 -363  1
3797500 2746500  3  2 16  11.3  998 231  7.4 8  7.5  88    0   40 356 -364  1
3797500 2746500  3  2 17  11.3  997 233  7.5 8  7.5  88    0   32 357 -365  1
3797500 2746500  3  2 18  11.4  997 229  7.3 8  7.6  89    0   12 359 -365  1
3797500 2746500  3  2 19  11.6  996 231  8.4 8  7.7  89    0    0 359 -365  1
3797500 2746500  3  2 20  11.7  996 231  7.0 8  7.7  89    0    0 362 -364  1
3797500 2746500  3  2 21  11.8  996 221  6.3 8  7.6  87    0    0 363 -363  1
3797500 2746500  3  2 22  11.9  995 211  6.5 7  7.4  84    0    0 356 -362  1
3797500 2746500  3  2 23  12.2  994 210  7.6 7  7.1  80    0    0 349 -362  1
3797500 2746500  3  2 24  12.6  993 218  8.0 7  7.0  77    0    0 350 -361  1
3797500 2746500  3  3  1  12.7  993 210  7.8 7  6.9  74    0    0 350 -361  1
3797500 2746500  3  3  2  12.4  991 220  8.3 8  7.0  75    0    0 357 -360  1
3797500 2746500  3  3  3  10.9  991 212  6.7 8  7.0  80    0    0 361 -360  1
3797500 2746500  3  3  4  11.3  990 212  7.1 8  7.0  83    0    0 359 -360  1
3797500 2746500  3  3  5  11.1  989 213  7.6 8  6.8  80    0    0 358 -360  1
3797500 2746500  3  3  6  10.6  989 214  6.5 7  6.7  81    0    0 350 -359  1
3797500 2746500  3  3  7   9.1  988 231  4.6 7  6.5  84    0    0 342 -358  1
3797500 2746500  3  3  8   9.1  988 257  5.2 7  6.4  86    0   10 340 -357  1
3797500 2746500  3  3  9   8.7  988 230  5.8 7  6.0  82    2   68 337 -356  1
3797500 2746500  3  3 10   8.8  988 230  4.3 6  5.7  79   84  137 329 -356  1
3797500 2746500  3  3 11   9.7  988 220  6.6 6  5.5  74  136  175 321 -356  1
3797500 2746500  3  3 12   9.8  988 210  7.9 7  5.3  69    2  163 324 -356  1
3797500 2746500  3  3 13   9.7  988 221  7.3 7  5.2  68    0  141 327 -359  1
3797500 2746500  3  3 14   9.9  988 217  7.0 8  5.1  66    0  113 331 -361  1
3797500 2746500  3  3 15  10.1  987 209  6.4 7  5.1  65    0   99 332 -361  1
3797500 2746500  3  3 16  10.4  987 213  7.4 7  5.1  64   17  135 325 -359  1
3797500 2746500  3  3 17  10.4  986 215  7.1 7  5.0  62    9   85 323 -357  1
3797500 2746500  3  3 18  10.1  986 204  4.7 6  4.9  61    9   33 313 -355  1
3797500 2746500  3  3 19   8.9  985 191  4.2 6  4.9  64    0    2 304 -352  1
3797500 2746500  3  3 20   9.0  985 195  5.6 7  5.0  68    0    0 307 -349  1
3797500 2746500  3  3 21   8.2  985 185  4.1 6  5.1  71    0    0 303 -348  1
3797500 2746500  3  3 22   8.1  985 185  5.5 7  5.1  74    0    0 301 -347  1
3797500 2746500  3  3 23   8.2  985 183  4.7 7  5.1  74    0    0 306 -344  1
3797500 2746500  3  3 24   7.6  985 174  3.1 6  5.1  75    0    0 298 -342  1
3797500 2746500  3  4  1   7.5  984 183  4.7 6  5.1  77    0    0 288 -341  1
3797500 2746500  3  4  2   7.6  984 174  4.7 7  5.2  77    0    0 295 -341  1
3797500 2746500  3  4  3   8.0  984 185  4.3 8  5.2  77    0    0 314 -340  1
3797500 2746500  3  4  4   7.4  983 175  4.1 7  5.3  78    0    0 314 -339  1
3797500 2746500  3  4  5   7.2  983 195  4.0 8  5.4  82    0    0 312 -337  1
3797500 2746500  3  4  6   6.8  983 204  4.0 7  5.3  82    0    0 310 -336  1
3797500 2746500  3  4  7   6.6  983 201  3.9 7  4.9  78    0    0 297 -334  1
3797500 2746500  3  4  8   6.2  983 189  3.3 6  4.7  77    0    9 286 -334  1
3797500 2746500  3  4  9   6.8  983 180  4.1 7  4.8  77    1   64 287 -335  1
3797500 2746500  3  4 10   7.4  983 172  5.2 7  4.9  75   10  131 298 -339  1
3797500 2746500  3  4 11   8.0  983 173  5.2 7  4.8  72   20  178 301 -344  1
3797500 2746500  3  4 12   8.6  983 178  5.1 6  4.9  70   16  198 296 -349  1
3797500 2746500  3  4 13   8.9  983 183  4.3 6  5.0  69   50  225 291 -352  1
3797500 2746500  3  4 14   9.9  983 188  5.2 5  5.1  67  116  222 286 -355  1
3797500 2746500  3  4 15   9.7  983 174  5.2 6  5.1  65   60  190 287 -356  1
3797500 2746500  3  4 16   9.3  983 190  4.5 7  5.0  66    2  114 299 -355  1
3797500 2746500  3  4 17   8.7  983 215  3.4 8  5.1  69    0   55 310 -353  1
3797500 2746500  3  4 18   7.4  983 162  1.6 7  5.2  76    0   26 308 -348  1
3797500 2746500  3  4 19   7.1  983 151  3.2 7  5.3  81    0    2 298 -342  1
3797500 2746500  3  4 20   6.5  983 138  3.2 7  5.2  82    0    0 296 -338  1
3797500 2746500  3  4 21   6.6  984 165  3.6 7  5.0  81    0    0 295 -337  1
3797500 2746500  3  4 22   6.4  984 165  3.9 6  4.9  78    0    0 288 -335  1
3797500 2746500  3  4 23   6.0  984 160  3.8 5  4.9  80    0    0 270 -331  1
3797500 2746500  3  4 24   5.4  984 146  3.8 4  4.8  82    0    0 252 -328  1
3797500 2746500  3  5  1   5.2  984 146  3.6 4  4.7  82    0    0 246 -327  1
3797500 2746500  3  5  2   5.2  984 158  4.6 4  4.6  82    0    0 248 -328  1
3797500 2746500  3  5  3   5.0  984 158  3.1 6  4.6  82    0    0 265 -329  1
3797500 2746500  3  5  4   5.0  983 150  3.2 5  4.6  82    0    0 272 -329  1
3797500 2746500  3  5  5   5.4  983 141  3.9 7  4.7  82    0    0 279 -330  1
3797500 2746500  3  5  6   5.7  983 157  3.1 7  4.7  81    0    0 298 -330  1
3797500 2746500  3  5  7   5.4  983 143  2.9 6  4.7  81    0    0 290 -330  1
3797500 2746500  3  5  8   5.5  983 159  2.7 6  4.7  81    0   15 280 -331  1
3797500 2746500  3  5  9   5.8  983 160  3.4 6  4.7  81   29   80 280 -331  1
3797500 2746500  3  5 10   6.3  983 169  2.9 7  4.9  81   18  133 290 -333  1
3797500 2746500  3  5 11   7.4  984 180  3.6 6  5.0  79   96  169 291 -336  1
3797500 2746500  3  5 12   8.0  984 197  3.2 5  5.0  74  100  200 273 -340  1
3797500 2746500  3  5 13   8.3  984 219  3.5 6  4.8  69   32  204 278 -344  1
3797500 2746500  3  5 14   8.3  984 246  2.3 7  4.6  66    0   73 298 -347  1
3797500 2746500  3  5 15   7.8  984 221  3.3 7  4.6  67    0   59 304 -347  1
3797500 2746500  3  5 16   7.8  984 224  3.1 7  4.7  69    0   62 301 -346  1
3797500 2746500  3  5 17   6.8  985 206  2.3 5  4.7  72   11   82 285 -344  1
3797500 2746500  3  5 18   6.9  985 204  3.3 7  4.7  74   26   28 281 -341  1
3797500 2746500  3  5 19   6.4  985 235  4.8 7  4.6  74    0    1 286 -336  1
3797500 2746500  3  5 20   5.6  986 201  4.0 7  4.7  78    0    0 284 -333  1
3797500 2746500  3  5 21   4.9  986 229  4.4 8  4.6  82    0    0 287 -331  1
3797500 2746500  3  5 22   3.8  987 233  4.4 8  4.5  84    0    0 288 -330  1
3797500 2746500  3  5 23   2.8  987 215  3.2 8  4.3  88    0    0 285 -328  1
3797500 2746500  3  5 24   3.5  988 233  2.5 7  4.4  90    0    0 281 -325  1
3797500 2746500  3  6  1   4.1  988 225  3.0 8  4.6  91    0    0 286 -323  1
3797500 2746500  3  6  2   4.5  988 234  3.9 8  4.8  91    0    0 297 -321  1
3797500 2746500  3  6  3   4.5  988 234  3.0 8  4.9  91    0    0 300 -319  1
3797500 2746500  3  6  4   4.5  988 227  4.1 8  4.8  90    0    0 301 -317  1
3797500 2746500  3  6  5   4.5  988 236  4.2 8  4.8  89    0    0 301 -317  1
3797500 2746500  3  6  6   4.3  988 226  5.5 8  4.7  88    0    0 300 -318  1
3797500 2746500  3  6  7   3.8  989 231  4.0 8  4.6  88    0    0 298 -318  1
3797500 2746500  3  6  8   3.9  989 231  4.1 8  4.6  89    0   13 299 -319  1
3797500 2746500  3  6  9   4.2  990 232  3.7 7  4.6  89    3   72 293 -322  1
3797500 2746500  3  6 10   4.3  990 232  3.8 8  4.6  87    1  105 294 -327  1
3797500 2746500  3  6 11   4.8  990 223  4.6 8  4.5  84    0  102 299 -333  1
3797500 2746500  3  6 12   5.0  991 233  5.0 8  4.4  80    0   91 300 -337  1
3797500 2746500  3  6 13   5.0  991 239  6.4 8  4.3  78    0   96 298 -340  1
3797500 2746500  3  6 14   5.5  991 223  6.7 6  4.3  76    0  132 290 -345  1
3797500 2746500  3  6 15   5.5  991 231  4.8 7  4.3  75    4  153 286 -348  1
3797500 2746500  3  6 16   5.9  992 235  5.3 6  4.3  74    7  125 285 -347  1
3797500 2746500  3  6 17   5.5  992 230  4.4 6  4.3  74   37   89 279 -345  1
3797500 2746500  3  6 18   5.2  992 284  2.2 6  4.3  76   29   33 277 -342  1
3797500 2746500  3  6 19   4.6  992 189  3.0 6  4.3  78    0    4 275 -337  1
3797500 2746500  3  6 20   4.2  993 228  4.3 5  4.2  79    0    0 269 -334  1
3797500 2746500  3  6 21   4.4  993 224  4.9 6  4.1  79    0    0 269 -330  1
3797500 2746500  3  6 22   3.9  993 221  3.9 8  4.2  80    0    0 283 -325  1
3797500 2746500  3  6 23   4.0  994 225  3.9 8  4.3  83    0    0 293 -322  1
3797500 2746500  3  6 24   4.0  994 212  4.4 8  4.3  83    0    0 294 -321  1
3797500 2746500  3  7  1   3.7  994 229  5.1 7  4.2  82    0    0 290 -323  1
3797500 2746500  3  7  2   3.3  994 209  5.0 5  4.1  82    0    0 277 -324  1
3797500 2746500  3  7  3   2.8  994 215  4.7 3  4.0  83    0    0 261 -324  1
3797500 2746500  3  7  4   2.5  994 200  4.8 4  3.9  82    0    0 258 -325  1
3797500 2746500  3  7  5   2.7  994 210  5.5 5  3.8  81    0    0 267 -324  1
3797500 2746500  3  7  6   2.4  994 208  5.2 4  3.7  79    0    0 267 -321  1
3797500 2746500  3  7  7   2.3  994 199  4.5 2  3.6  79    0    0 254 -319  1
3797500 2746500  3  7  8   2.0  994 192  3.6 2  3.5  78    3   25 247 -320  1
3797500 2746500  3  7  9   3.0  995 191  4.9 1  3.5  76  104   73 245 -322  1
3797500 2746500  3  7 10   4.6  995 176  6.0 2  3.6  72  254   82 249 -324  1
3797500 2746500  3  7 11   5.3  995 199  6.5 4  3.7  68  130  182 264 -328  1
3797500 2746500  3  7 12   5.2  995 197  6.7 5  3.7  66   38  215 277 -335  1
3797500 2746500  3  7 13   6.0  996 185  6.8 6  3.7  64   21  208 287 -342  1
3797500 2746500  3  7 14   5.6  996 192  5.5 8  3.7  63    0   74 299 -345  1
3797500 2746500  3  7 15   5.6  996 195  6.6 8  3.7  64    0  105 305 -346  1
3797500 2746500  3  7 16   5.3  996 198  7.5 7  3.8  66   64  148 299 -347  1
3797500 2746500  3  7 17   4.8  996 195  6.1 7  3.8  69   49   92 291 -346  1
3797500 2746500  3  7 18   4.0  997 189  4.7 8  4.0  75    1   27 290 -343  1
3797500 2746500  3  7 19   3.4  997 185  5.4 7  4.0  80    0    1 286 -338  1
3797500 2746500  3  7 20   3.1  997 172  5.5 8  4.0  83    0    0 283 -334  1
3797500 2746500  3  7 21   2.8  997 166  5.7 8  4.1  85    0    0 288 -331  1
3797500 2746500  3  7 22   2.6  997 164  5.7 8  4.1  87    0    0 287 -329  1
3797500 2746500  3  7 23   3.3  998 178  5.1 8  4.3  88    0    0 285 -329  1
3797500 2746500  3  7 24   4.2  998 198  4.3 8  4.6  89    0    0 284 -330  1
3797500 2746500  3  8  1   5.3 1002 220  3.3 8  5.0  89    0    0 277 -338  1
3797500 2746500  3  8  2   6.3 1003 236  2.6 8  5.3  89    0    0 307 -336  1
3797500 2746500  3  8  3   7.0 1004 248  2.1 8  5.6  89    0    0 310 -333  1
3797500 2746500  3  8  4   7.0 1005 250  2.0 8  5.6  89    0    0 308 -331  1
3797500 2746500  3  8  5   7.1 1005 258  2.1 8  5.6  89    0    0 306 -329  1
3797500 2746500  3  8  6   7.1 1006 265  1.5 8  5.6  89    0    0 307 -326  1
3797500 2746500  3  8  7   7.3 1008 279  2.5 8  5.7  89    0    0 307 -324  1
3797500 2746500  3  8  8   7.4 1009 261  2.5 7  5.6  87    4   25 302 -324  1
3797500 2746500  3  8  9   7.9 1010 300  1.3 5  5.5  85   76   68 291 -325  1
3797500 2746500  3  8 10   8.1 1011 264  2.1 4  5.6  83  203   78 279 -332  1
3797500 2746500  3  8 11   9.6 1012 263  2.0 4  5.6  79  184  148 276 -342  1
3797500 2746500  3  8 12  10.7 1013 279  1.6 5  5.6  73  172  188 285 -352  1
3797500 2746500  3  8 13  10.9 1013 278  1.7 5  5.4  67  121  212 290 -360  1
3797500 2746500  3  8 14  11.4 1014 269  2.4 5  5.0  61   90  201 291 -365  1
3797500 2746500  3  8 15  11.5 1015 295  2.1 5  4.9  59   46  176 294 -366  1
3797500 2746500  3  8 16  11.5 1015 299  2.1 5  5.0  60   55  132 298 -363  1
3797500 2746500  3  8 17  11.9 1016 260  2.5 3  4.9  58  134   52 293 -359  1
3797500 2746500  3  8 18  11.0 1016 240  2.0 3  4.9  58   53   27 284 -354  1
3797500 2746500  3  8 19   9.8 1017 237  1.5 4  4.8  62    0    0 282 -349  1
3797500 2746500  3  8 20   9.4 1018 217  1.8 4  4.8  65    0    0 280 -344  1
3797500 2746500  3  8 21   9.2 1018 220  1.8 1  4.8  67    0    0 267 -343  1
3797500 2746500  3  8 22   8.1 1019 224  1.9 0  4.8  69    0    0 247 -343  1
3797500 2746500  3  8 23   8.4 1020 229  2.2 0  4.8  72    0    0 240 -342  1
3797500 2746500  3  8 24   7.4 1020 218  2.2 1  4.8  73    0    0 242 -339  1
3797500 2746500  3  9  1   7.1 1020 217  2.0 3  4.7  75    0    0 251 -333  1
3797500 2746500  3  9  2   6.9 1020 202  1.3 3  4.6  75    0    0 257 -328  1
3797500 2746500  3  9  3   6.3 1020 194  1.2 3  4.6  76    0    0 254 -326  1
3797500 2746500  3  9  4   6.7 1020 202  1.3 6  4.6  77    0    0 263 -324  1
3797500 2746500  3  9  5   6.9 1020 202  1.4 8  4.7  76    0    0 284 -324  1
3797500 2746500  3  9  6   6.3 1019 214  1.6 7  4.7  78    0    0 289 -324  1
3797500 2746500  3  9  7   6.7 1019 197  1.8 7  4.7  78    0    0 289 -327  1
3797500 2746500  3  9  8   7.3 1019 210  2.1 7  4.8  77    0   25 296 -329  1
3797500 2746500  3  9  9   8.1 1019 222  3.1 6  4.9  75    6   86 297 -332  1
3797500 2746500  3  9 10   8.5 1019 203  3.5 6  5.0  75   10  143 297 -337  1
3797500 2746500  3  9 11   9.2 1018 214  3.6 6  5.2  74   40  225 303 -341  1
3797500 2746500  3  9 12   9.8 1018 221  4.9 6  5.2  71   41  257 310 -342  1
3797500 2746500  3  9 13   8.6 1017 244  6.0 7  5.1  71   10  216 316 -342  1
3797500 2746500  3  9 14   8.1 1017 228  3.2 8  5.5  80    0  135 325 -345  1
3797500 2746500  3  9 15   7.8 1016 219  3.0 8  5.9  90    0   88 330 -352  1
3797500 2746500  3  9 16   7.8 1016 210  3.1 8  6.0  91    0   57 331 -357  1
3797500 2746500  3  9 17   7.7 1016 230  4.0 7  5.8  89    0   61 327 -355  1
3797500 2746500  3  9 18   7.8 1016 281  2.5 8  5.7  88    0   17 327 -352  1
3797500 2746500  3  9 19   7.3 1017 333  3.1 8  5.5  86    0    0 329 -348  1
3797500 2746500  3  9 20   7.3 1018 328  3.6 8  5.3  83    0    0 326 -345  1
3797500 2746500  3  9 21   7.0 1020 327  3.5 7  5.0  80    0    0 320 -341  1
3797500 2746500  3  9 22   6.8 1021 337  3.2 6  4.9  80    0    0 309 -335  1
3797500 2746500  3  9 23   6.1 1022 317  2.2 5  4.9  83    0    0 298 -330  1
3797500 2746500  3  9 24   5.2 1023 289  1.3 2  4.8  86    0    0 272 -328  1
3797500 2746500  3 10  1   4.3 1024 252  1.2 5  4.7  89    0    0 266 -326  1
3797500 2746500  3 10  2   4.4 1025 253  1.9 5  4.6  91    0    0 277 -324  1
3797500 2746500  3 10  3   3.9 1025 254  1.6 4  4.6  91    0    0 268 -322  1
3797500 2746500  3 10  4   3.5 1026 256  1.3 2  4.4  91    0    0 249 -320  1
3797500 2746500  3 10  5   3.0 1026 251  1.4 1  4.4  92    0    0 233 -319  1
3797500 2746500  3 10  6   2.5 1027 241  1.0 1  4.4  96    0    0 226 -320  1
3797500 2746500  3 10  7   2.5 1028 227  1.4 3  4.4  98    0    0 233 -323  1
3797500 2746500  3 10  8   2.9 1028 242  1.3 1  4.4  98   18   30 235 -326  1
3797500 2746500  3 10  9   4.9 1029 230  1.3 0  4.6  93  106   78 227 -328  1
3797500 2746500  3 10 10   6.7 1030 241  1.9 2  4.9  86  232   96 239 -333  1
3797500 2746500  3 10 11   8.1 1030 242  2.8 3  5.1  81  223  164 259 -341  1
3797500 2746500  3 10 12   9.1 1030 239  3.9 5  5.0  73  163  226 277 -347  1
3797500 2746500  3 10 13   9.8 1030 237  3.8 5  4.6  64  203  229 289 -352  1
3797500 2746500  3 10 14  10.3 1030 237  4.0 4  4.5  60  166  229 288 -356  1
3797500 2746500  3 10 15  10.8 1030 243  3.8 4  4.6  59  117  198 288 -359  1
3797500 2746500  3 10 16  10.7 1030 236  3.8 5  4.6  58   63  150 293 -361  1
3797500 2746500  3 10 17  10.7 1029 229  2.9 5  4.6  58   94   90 298 -359  1
3797500 2746500  3 10 18  10.5 1029 228  2.6 7  4.6  59   19   34 308 -357  1
3797500 2746500  3 10 19   9.8 1029 233  1.9 5  4.5  60    0    0 305 -354  1
3797500 2746500  3 10 20   9.3 1029 234  2.3 4  4.5  61    0    0 290 -351  1
3797500 2746500  3 10 21   9.6 1029 237  2.2 5  4.5  62    0    0 290 -349  1
3797500 2746500  3 10 22   8.5 1029 255  1.8 4  4.5  64    0    0 291 -347  1
3797500 2746500  3 10 23   7.5 1029 219  1.2 3  4.5  68    0    0 282 -346  1
3797500 2746500  3 10 24   7.4 1029 211  1.5 3  4.5  71    0    0 279 -345  1
3797500 2746500  3 11  1   6.9 1029 200  0.9 4  4.5  72    0    0 284 -345  1
3797500 2746500  3 11  2   7.6 1029 208  1.4 4  4.6  73    0    0 289 -344  1
3797500 2746500  3 11  3   7.1 1029 180  1.0 2  4.6  73    0    0 283 -344  1
3797500 2746500  3 11  4   7.1 1029 208  1.2 0  4.6  75    0    0 265 -343  1
3797500 2746500  3 11  5   6.8 1029 207  1.4 0  4.6  76    0    0 257 -342  1
3797500 2746500  3 11  6   6.6 1029 209  1.5 0  4.7  78    0    0 256 -340  1
3797500 2746500  3 11  7   6.0 1029 212  1.3 2  4.7  80    0    0 263 -340  1
3797500 2746500  3 11  8   6.4 1029 184  1.3 2  4.7  81   17   33 270 -340  1
3797500 2746500  3 11  9   7.9 1029 213  2.2 1  4.9  79  106   81 267 -342  1
3797500 2746500  3 11 10   9.3 1029 209  3.0 2  5.2  76  226  104 270 -345  1
3797500 2746500  3 11 11  10.7 1029 209  3.2 2  5.3  71  323  122 277 -349  1
3797500 2746500  3 11 12  11.6 1028 199  3.4 2  5.2  64  383  135 280 -356  1
3797500 2746500  3 11 13  12.4 1028 209  3.4 1  5.1  59  428  125 276 -365  1
3797500 2746500  3 11 14  13.4 1028 208  2.8 1  5.1  55  420  119 272 -371  1
3797500 2746500  3 11 15  14.0 1027 218  3.2 2  5.1  53  380  101 277 -374  1
3797500 2746500  3 11 16  14.7 1026 220  2.7 2  5.2  52  289   88 281 -374  1
3797500 2746500  3 11 17  14.8 1026 199  1.7 3  5.2  50  168   72 283 -371  1
3797500 2746500  3 11 18  14.0 1025 182  1.1 3  5.0  50   48   38 282 -365  1
3797500 2746500  3 11 19  12.8 1025 359  0.1 1  4.9  52    0    0 267 -358  1
3797500 2746500  3 11 20  11.3 1025 128  0.6 1  4.8  55    0    0 251 -351  1
3797500 2746500  3 11 21  11.3 1025 150  0.9 1  4.7  58    0    0 248 -348  1
3797500 2746500  3 11 22  10.2 1025 122  1.5 0  4.7  60    0    0 240 -345  1
3797500 2746500  3 11 23   9.3 1025 121  1.4 0  4.7  63    0    0 232 -343  1
3797500 2746500  3 11 24   9.4 1024 146  1.7 0  4.6  64    0    0 229 -341  1
3797500 2746500  3 12  1   9.8 1024 153  1.8 0  4.6  62    0    0 230 -340  1
3797500 2746500  3 12  2   9.3 1024 142  1.5 0  4.5  62    0    0 230 -339  1
3797500 2746500  3 12  3   8.8 1023 161  2.3 0  4.5  64    0    0 227 -338  1
3797500 2746500  3 12  4   8.9 1023 171  2.2 0  4.5  65    0    0 226 -337  1
3797500 2746500  3 12  5   8.0 1022 153  2.2 0  4.4  64    0    0 224 -337  1
3797500 2746500  3 12  6   8.2 1022 168  2.2 0  4.3  64    0    0 223 -336  1
3797500 2746500  3 12  7   7.8 1022 163  2.5 0  4.3  65    0    0 224 -335  1
3797500 2746500  3 12  8   8.6 1022 172  2.0 0  4.3  64   22   33 226 -335  1
3797500 2746500  3 12  9  10.7 1022 189  2.0 0  4.4  59  129   73 229 -338  1
3797500 2746500  3 12 10  11.9 1022 179  3.0 0  4.5  54  260   89 233 -348  1
3797500 2746500  3 12 11  13.5 1022 181  2.4 0  4.5  50  378   93 237 -360  1
3797500 2746500  3 12 12  14.4 1021 157  2.5 0  4.4  45  458   94 242 -372  1
3797500 2746500  3 12 13  15.4 1021 175  2.1 0  4.4  42  489   94 245 -381  1
3797500 2746500  3 12 14  16.4 1020 182  2.2 0  4.2  38  466   96 250 -387  1
3797500 2746500  3 12 15  17.2 1020 175  1.8 0  4.1  34  415   90 252 -390  1
3797500 2746500  3 12 16  17.9 1019 159  0.9 0  3.9  31  327   72 253 -389  1
3797500 2746500  3 12 17  17.9 1018 115  1.4 0  4.0  31  193   64 254 -385  1
3797500 2746500  3 12 18  16.6 1018 150  0.8 0  4.2  34   58   37 252 -378  1
3797500 2746500  3 12 19  14.7 1018  58  1.4 1  4.3  39    0    0 250 -369  1
3797500 2746500  3 12 20  14.2 1018  87  1.3 1  4.7  46    0    0 251 -362  1
3797500 2746500  3 12 21  13.0 1018  90  1.5 0  5.1  53    0    0 247 -358  1
3797500 2746500  3 12 22  12.2 1019 152  0.9 0  5.0  55    0    0 242 -355  1
3797500 2746500  3 12 23  12.4 1019 205  1.0 0  4.6  52    0    0 242 -353  1
3797500 2746500  3 12 24  11.9 1019 199  1.1 0  4.3  50    0    0 243 -351  1
3797500 2746500  3 13  1  11.2 1019 180  1.3 1  4.3  51    0    0 245 -350  1
3797500 2746500  3 13  2   9.5 1018 140  1.0 1  4.3  55    0    0 245 -349  1
3797500 2746500  3 13  3   8.0 1018 112  1.7 0  4.3  62    0    0 236 -347  1
3797500 2746500  3 13  4   7.2 1018 173  2.0 1  4.3  67    0    0 231 -346  1
3797500 2746500  3 13  5   6.5 1018 192  1.8 1  4.3  70    0    0 233 -343  1
3797500 2746500  3 13  6   6.9 1018 191  1.7 1  4.4  72    0    0 231 -341  1
3797500 2746500  3 13  7   6.1 1018 204  1.5 1  4.4  73    0    0 229 -339  1
3797500 2746500  3 13  8   7.1 1019 203  1.0 0  4.4  73   17   36 223 -338  1
3797500 2746500  3 13  9   8.9 1019 206  1.7 0  4.6  69  103   90 224 -340  1
3797500 2746500  3 13 10  10.6 1020 212  2.0 0  4.9  65  217  121 232 -347  1
3797500 2746500  3 13 11  11.1 1020 218  2.7 0  5.1  63  312  144 239 -357  1
3797500 2746500  3 13 12  12.2 1020 205  2.4 0  5.2  61  381  156 244 -366  1
3797500 2746500  3 13 13  12.8 1020 242  2.6 0  5.2  58  413  159 252 -373  1
3797500 2746500  3 13 14  13.8 1020 270  1.8 0  5.3  56  404  153 258 -377  1
3797500 2746500  3 13 15  14.8 1020 242  1.9 1  5.4  54  352  137 268 -380  1
3797500 2746500  3 13 16  15.1 1020 279  2.2 1  5.4  52  259  118 276 -380  1
3797500 2746500  3 13 17  15.1 1021 344  1.9 0  5.5  52  146   90 275 -377  1
3797500 2746500  3 13 18  14.2 1021 323  2.5 1  5.6  54   46   44 274 -372  1
3797500 2746500  3 13 19  13.3 1022 323  1.5 3  5.7  59    0    2 283 -366  1
3797500 2746500  3 13 20  12.8 1022 348  2.3 4  5.9  64    0    0 294 -364  1
3797500 2746500  3 13 21  11.8 1023  13  3.4 5  6.1  69    0    0 304 -363  1
3797500 2746500  3 13 22  11.0 1024  11  2.6 5  6.0  72    0    0 308 -360  1
3797500 2746500  3 13 23  10.4 1024   0  2.2 5  5.6  70    0    0 307 -356  1
3797500 2746500  3 13 24   9.8 1025  13  1.4 6  5.1  68    0    0 311 -350  1
3797500 2746500  3 14  1   8.8 1026   0  2.0 6  4.8  67    0    0 315 -342  1
3797500 2746500  3 14  2   8.5 1026 354  2.0 6  4.6  67    0    0 314 -337  1
3797500 2746500  3 14  3   8.1 1027 350  2.3 5  4.4  66    0    0 308 -333  1
3797500 2746500  3 14  4   6.6 1027  11  2.3 2  4.5  71    0    0 283 -329  1
3797500 2746500  3 14  5   5.3 1027  30  2.1 1  4.4  77    0    0 256 -325  1
3797500 2746500  3 14  6   4.8 1027  63  1.4 1  4.2  79    0    0 245 -323  1
3797500 2746500  3 14  7   4.0 1028 117  1.0 0  4.1  80    0    0 236 -321  1
3797500 2746500  3 14  8   3.9 1028  52  0.8 0  4.1  83   25   37 226 -318  1
3797500 2746500  3 14  9   8.6 1029  34  1.2 0  4.2  72  127   82 228 -321  1
3797500 2746500  3 14 10   9.9 1029  79  1.6 1  4.1  58  247  106 239 -333  1
3797500 2746500  3 14 11  11.0 1029  53  2.3 0  3.9  50  351  119 241 -348  1
3797500 2746500  3 14 12  11.3 1029 287  2.1 1  3.9  48  422  127 243 -360  1
3797500 2746500  3 14 13  12.2 1029 344  2.3 1  4.1  48  439  134 251 -369  1
3797500 2746500  3 14 14  12.8 1029  28  2.9 1  4.2  47  382  148 255 -375  1
3797500 2746500  3 14 15  12.9 1028  24  2.8 2  4.2  46  335  131 261 -377  1
3797500 2746500  3 14 16  13.7 1028 350  2.6 2  4.4  47  216  130 268 -376  1
3797500 2746500  3 14 17  12.8 1028  31  1.6 1  4.5  48  143   85 263 -372  1
3797500 2746500  3 14 18  12.2 1027 338  1.8 2  4.4  50   53   43 261 -365  1
3797500 2746500  3 14 19  11.2 1027 235  1.4 0  4.4  52    0    3 252 -354  1
3797500 2746500  3 14 20  10.9 1028 290  1.6 0  4.3  54    0    0 239 -343  1
3797500 2746500  3 14 21   9.6 1028 340  1.2 3  4.3  56    0    0 250 -336  1
3797500 2746500  3 14 22   9.6 1028  28  1.2 2  4.3  59    0    0 257 -330  1
3797500 2746500  3 14 23   7.9 1028 137  0.5 2  4.2  61    0    0 249 -326  1
3797500 2746500  3 14 24   7.7 1028  65  1.2 1  4.2  64    0    0 242 -323  1
3797500 2746500  3 15  1   6.5 1027  94  0.9 0  4.2  68    0    0 230 -324  1
3797500 2746500  3 15  2   7.4 1027  33  1.2 0  4.3  71    0    0 225 -325  1
3797500 2746500  3 15  3   5.5 1027  57  0.7 0  4.2  72    0    0 223 -323  1
3797500 2746500  3 15  4   5.0 1026 110  1.2 0  4.1  76    0    0 219 -319  1
3797500 2746500  3 15  5   4.6 1026 122  1.1 0  4.1  77    0    0 217 -317  1
3797500 2746500  3 15  6   3.7 1026 169  0.7 0  4.1  81    0    0 216 -318  1
3797500 2746500  3 15  7   5.2 1025 190  0.5 0  4.2  82    0    1 217 -318  1
3797500 2746500  3 15  8   5.9 1025 196  1.0 1  4.3  77   23   38 225 -319  1
3797500 2746500  3 15  9   8.3 1025 190  0.8 0  4.5  72  117   86 230 -323  1
3797500 2746500  3 15 10   9.8 1025 196  0.9 1  4.7  67  240  108 236 -334  1
3797500 2746500  3 15 11  11.6 1024 156  1.2 1  4.7  59  345  118 246 -348  1
3797500 2746500  3 15 12  12.5 1024 136  1.2 1  4.5  52  418  123 252 -361  1
3797500 2746500  3 15 13  13.0 1023 161  1.5 0  4.2  47  454  122 252 -370  1
3797500 2746500  3 15 14  13.4 1022 296  1.8 0  4.2  45  443  117 251 -376  1
3797500 2746500  3 15 15  14.0 1021 324  1.7 0  4.3  44  394  103 255 -379  1
3797500 2746500  3 15 16  14.2 1021 307  1.6 0  4.1  42  304   90 258 -378  1
3797500 2746500  3 15 17  14.2 1020 294  1.3 1  4.1  41  182   76 263 -374  1
3797500 2746500  3 15 18  13.3 1020 274  1.5 1  4.0  41   59   46 266 -366  1
3797500 2746500  3 15 19  11.6 1019 322  1.7 3  4.0  45    0    5 268 -355  1
3797500 2746500  3 15 20  11.2 1019 359  1.5 4  4.2  51    0    0 277 -345  1
3797500 2746500  3 15 21   8.9 1019  23  1.2 3  4.3  56    0    0 273 -340  1
3797500 2746500  3 15 22   8.1 1020  11  0.8 3  4.4  64    0    0 266 -337  1
3797500 2746500  3 15 23   6.4 1020 130  0.4 3  4.5  71    0    0 263 -334  1
3797500 2746500  3 15 24   7.5 1020 339  1.0 2  4.4  72    0    0 259 -332  1
3797500 2746500  3 16  1   5.3 1020 290  0.6 1  4.4  73    0    0 250 -330  1
3797500 2746500  3 16  2   5.6 1020 270  0.5 2  4.4  79    0    0 249 -329  1
3797500 2746500  3 16  3   5.6 1020 243  0.6 4  4.4  79    0    0 261 -328  1
3797500 2746500  3 16  4   4.7 1020 227  0.8 3  4.4  81    0    0 265 -327  1
3797500 2746500  3 16  5   4.3 1019 206  1.0 3  4.4  84    0    0 260 -326  1
3797500 2746500  3 16  6   4.5 1019 213  0.6 2  4.4  86    0    0 257 -325  1
3797500 2746500  3 16  7   5.1 1020 202  0.7 6  4.5  84    0    0 272 -324  1
3797500 2746500  3 16  8   6.5 1020 229  1.4 8  4.6  80    0   30 300 -324  1
3797500 2746500  3 16  9   6.8 1020 225  1.5 7  4.7  79    0   77 308 -328  1
3797500 2746500  3 16 10   7.6 1020 206  1.7 7  4.9  78    5  152 305 -338  1
3797500 2746500  3 16 11   9.0 1021 212  2.8 5  5.2  76   85  237 301 -349  1
3797500 2746500  3 16 12  10.3 1020 230  3.2 6  5.4  73   75  268 300 -355  1
3797500 2746500  3 16 13  11.6 1020 243  3.9 6  5.5  68   75  273 308 -361  1
3797500 2746500  3 16 14  11.9 1020 242  3.9 6  5.5  65   11  210 313 -366  1
3797500 2746500  3 16 15  12.0 1019 235  3.5 7  5.4  63    0  110 318 -371  1
3797500 2746500  3 16 16  11.3 1018 246  3.7 8  5.5  64    0   59 324 -373  1
3797500 2746500  3 16 17  11.3 1018 260  2.8 8  5.7  68    0   54 327 -370  1
3797500 2746500  3 16 18  10.9 1018 234  3.1 7  5.8  71    4   41 321 -366  1
3797500 2746500  3 16 19  10.4 1017 235  2.6 8  5.9  74    0    2 319 -361  1
3797500 2746500  3 16 20  10.1 1017 234  2.4 7  5.9  76    0    0 317 -358  1
3797500 2746500  3 16 21  10.4 1017 241  3.1 7  5.9  76    0    0 312 -356  1
3797500 2746500  3 16 22   9.8 1017 250  3.2 7  5.9  77    0    0 310 -353  1
3797500 2746500  3 16 23   9.6 1016 247  3.3 8  6.0  80    0    0 312 -349  1
3797500 2746500  3 16 24   9.3 1015 231  3.6 8  5.9  81    0    0 313 -344  1
3797500 2746500  3 17  1   9.3 1015 240  3.9 8  5.8  80    0    0 313 -340  1
3797500 2746500  3 17  2   9.2 1014 249  4.4 8  5.8  79    0    0 314 -339  1
3797500 2746500  3 17  3   9.1 1014 240  4.0 8  5.7  79    0    0 315 -339  1
3797500 2746500  3 17  4   8.8 1013 251  4.4 8  5.6  79    0    0 318 -339  1
3797500 2746500  3 17  5   8.6 1012 249  4.0 8  5.6  80    0    0 319 -339  1
3797500 2746500  3 17  6   8.4 1012 233  4.2 7  5.6  81    0    0 315 -340  1
3797500 2746500  3 17  7   7.8 1012 249  4.2 8  5.7  85    0    0 316 -341  1
3797500 2746500  3 17  8   7.5 1012 251  4.6 7  5.8  89    0   10 317 -341  1
3797500 2746500  3 17  9   7.7 1012 250  4.1 7  5.9  90    0   39 314 -342  1
3797500 2746500  3 17 10   8.0 1012 251  4.1 8  6.0  90    0   62 321 -343  1
3797500 2746500  3 17 11   8.1 1012 252  4.4 8  6.1  90    0   66 329 -344  1
3797500 2746500  3 17 12   8.7 1013 257  3.8 7  6.2  90    0   92 326 -346  1
3797500 2746500  3 17 13   9.1 1013 248  4.0 8  6.3  89    0   91 328 -349  1
3797500 2746500  3 17 14   9.8 1013 247  4.1 8  6.4  87    0   71 338 -352  1
3797500 2746500  3 17 15  10.4 1012 248  4.1 7  6.5  84    0   86 335 -354  1
3797500 2746500  3 17 16  10.9 1012 249  4.0 7  6.5  81    0   71 333 -357  1
3797500 2746500  3 17 17  10.9 1012 240  3.3 7  6.5  80    0   56 335 -358  1
3797500 2746500  3 17 18  11.1 1012 250  4.3 8  6.4  78    0   33 343 -358  1
3797500 2746500  3 17 19  10.6 1011 242  3.3 7  6.4  79    0    2 343 -357  1
3797500 2746500  3 17 20  10.3 1011 237  4.0 7  6.5  83    0    0 338 -356  1
3797500 2746500  3 17 21  10.3 1011 232  3.5 7  6.6  84    0    0 338 -354  1
3797500 2746500  3 17 22  10.5 1010 233  4.1 7  6.5  83    0    0 338 -352  1
3797500 2746500  3 17 23  10.7 1009 232  5.2 7  6.4  80    0    0 338 -350  1
3797500 2746500  3 17 24  10.6 1008 240  5.0 7  6.1  76    0    0 337 -349  1
3797500 2746500  3 18  1  10.1 1007 238  5.7 6  5.7  72    0    0 326 -346  1
3797500 2746500  3 18  2   9.5 1006 230  6.4 6  5.3  70    0    0 315 -343  1
3797500 2746500  3 18  3   9.3 1005 229  6.4 8  5.2  71    0    0 324 -342  1
3797500 2746500  3 18  4   9.5 1003 230  6.8 8  5.3  71    0    0 335 -342  1
3797500 2746500  3 18  5   9.3 1001 229  7.1 8  5.3  71    0    0 335 -342  1
3797500 2746500  3 18  6   8.5  999 231  6.8 8  5.4  76    0    0 333 -343  1
3797500 2746500  3 18  7   8.5  998 230  7.7 8  5.6  80    0    0 333 -343  1
3797500 2746500  3 18  8   8.2  997 239  6.7 8  5.7  83    0   15 338 -344  1
3797500 2746500  3 18  9   8.0  996 229  6.7 8  6.0  87    0   61 341 -344  1
3797500 2746500  3 18 10   8.0  995 229  6.8 8  6.2  90    0   65 340 -346  1
3797500 2746500  3 18 11   8.2  993 228  5.6 8  6.1  90    0   67 339 -347  1
3797500 2746500  3 18 12   6.2  993 272  3.2 7  5.6  86    0   83 327 -348  1
3797500 2746500  3 18 13   5.9  992 257  3.7 8  5.1  86    0   91 320 -347  1
3797500 2746500  3 18 14   6.2  992 247  3.9 8  5.0  83    0  122 324 -346  1
3797500 2746500  3 18 15   7.2  991 264  4.0 6  4.5  73    8  163 310 -344  1
3797500 2746500  3 18 16   7.7  991 270  6.2 6  4.0  61    4  125 297 -342  1
3797500 2746500  3 18 17   6.8  990 252  5.1 7  3.4  53   10   92 295 -339  1
3797500 2746500  3 18 18   6.0  990 263  4.5 4  3.3  54   64   39 276 -335  1
3797500 2746500  3 18 19   4.7  990 239  2.3 4  3.5  62    4    8 252 -333  1
3797500 2746500  3 18 20   4.6  989 259  5.2 4  3.6  67    0    0 251 -330  1
3797500 2746500  3 18 21   3.4  989 250  3.9 5  3.8  74    0    0 256 -326  1
3797500 2746500  3 18 22   3.1  989 230  4.1 6  3.8  78    0    0 264 -324  1
3797500 2746500  3 18 23   1.0  988 251  4.4 6  3.8  85    0    0 265 -322  1
3797500 2746500  3 18 24   0.9  988 218  2.9 5  3.9  93    0    0 255 -322  1
3797500 2746500  3 19  1   1.4  988 247  3.5 6  3.9  92    0    0 255 -321  1
3797500 2746500  3 19  2   0.6  987 235  1.8 6  3.9  93    0    0 259 -319  1
3797500 2746500  3 19  3   0.8  986 218  1.7 4  3.9  96    0    0 250 -319  1
3797500 2746500  3 19  4   0.8  986 215  2.9 6  3.9  95    0    0 252 -318  1
3797500 2746500  3 19  5   1.0  985 224  2.9 6  3.9  93    0    0 263 -317  1
3797500 2746500  3 19  6   0.8  985 225  2.4 4  3.8  91    0    0 252 -316  1
3797500 2746500  3 19  7   1.1  984 219  2.9 4  3.8  91    0    7 240 -316  1
3797500 2746500  3 19  8   1.1  984 224  2.8 3  3.8  90   42   46 235 -316  1
3797500 2746500  3 19  9   2.2  984 236  2.6 4  3.8  88  148   79 237 -317  1
3797500 2746500  3 19 10   3.3  984 242  3.1 3  4.0  84  136  167 237 -321  1
3797500 2746500  3 19 11   4.5  984 228  3.3 5  4.0  78   66  227 246 -326  1
3797500 2746500  3 19 12   4.8  984 251  2.7 7  3.9  71   39  246 270 -332  1
3797500 2746500  3 19 13   5.2  984 252  3.7 5  3.6  65  201  242 271 -337  1
3797500 2746500  3 19 14   5.5  984 272  2.2 4  3.4  60  249  215 260 -339  1
3797500 2746500  3 19 15   6.5  985 246  3.0 5  3.3  56  201  196 259 -343  1
3797500 2746500  3 19 16   3.5  985 258  3.0 8  3.7  66    9  144 265 -341  1
3797500 2746500  3 19 17   4.5  986 281  1.4 6  4.1  78   40  113 265 -337  1
3797500 2746500  3 19 18   4.5  986 320  1.6 6  4.1  77   21   50 256 -335  1
3797500 2746500  3 19 19   4.1  987 331  1.4 6  4.1  77    1    8 253 -329  1
3797500 2746500  3 19 20   3.4  988 338  1.2 5  4.0  78    0    0 246 -325  1
3797500 2746500  3 19 21   3.1  989 280  1.1 2  3.9  79    0    0 227 -324  1
3797500 2746500  3 19 22   2.4  990 252  0.5 3  3.8  81    0    0 219 -320  1
3797500 2746500  3 19 23   2.0  991 237  0.5 3  3.8  83    0    0 224 -316  1
3797500 2746500  3 19 24   2.3  991 262  1.1 0  3.7  83    0    0 211 -316  1
3797500 2746500  3 20  1   0.8  992 307  0.5 1  3.7  84    0    0 199 -316  1
3797500 2746500  3 20  2   0.4  992 300  0.2 2  3.5  87    0    0 205 -316  1
3797500 2746500  3 20  3   0.3  993 269  0.3 2  3.5  89    0    0 211 -316  1
3797500 2746500  3 20  4   1.3  993 309  0.7 3  3.6  88    0    0 220 -317  1
3797500 2746500  3 20  5   0.7  993 249  0.6 5  3.7  88    0    0 234 -319  1
3797500 2746500  3 20  6   1.1  993 251  1.2 6  3.7  89    0    0 248 -318  1
3797500 2746500  3 20  7   0.7  994 221  1.0 7  3.7  90    0    0 260 -317  1
3797500 2746500  3 20  8   1.3  994 254  1.2 8  3.8  91    0   27 272 -317  1
3797500 2746500  3 20  9   1.7  995 260  1.2 7  4.0  92    5  101 275 -320  1
3797500 2746500  3 20 10   2.9  995 246  1.2 6  4.1  90   61  173 268 -326  1
3797500 2746500  3 20 11   4.3  995 278  2.2 6  4.3  85  216  173 268 -335  1
3797500 2746500  3 20 12   5.8  995 271  1.5 5  4.5  82  216  205 271 -343  1
3797500 2746500  3 20 13   7.0  995 318  2.2 5  4.3  70  105  245 272 -347  1
3797500 2746500  3 20 14   6.4  995 357  2.7 7  4.1  67   21  214 282 -354  1
3797500 2746500  3 20 15   5.5  994 357  3.3 7  4.2  72   15  184 287 -356  1
3797500 2746500  3 20 16   6.1  994 357  3.6 6  4.1  71   73  160 280 -351  1
3797500 2746500  3 20 17   6.3  995   3  2.1 6  4.3  72   66  103 276 -346  1
3797500 2746500  3 20 18   5.3  995  90  2.7 6  4.4  76   17   47 274 -342  1
3797500 2746500  3 20 19   6.4  996 336  2.1 5  4.4  76    5    9 270 -338  1
3797500 2746500  3 20 20   6.1  996 335  4.1 5  4.2  70    0    0 267 -333  1
3797500 2746500  3 20 21   5.6  997 342  3.2 6  4.0  68    0    0 271 -330  1
3797500 2746500  3 20 22   5.1  998 344  3.5 5  4.1  72    0    0 273 -329  1
3797500 2746500  3 20 23   4.7  998 340  2.9 4  4.1  74    0    0 267 -326  1
3797500 2746500  3 20 24   4.3  999 335  2.9 1  4.1  76    0    0 254 -323  1
3797500 2746500  3 21  1   3.1  999 323  1.9 2  4.0  79    0    0 247 -320  1
3797500 2746500  3 21  2   3.2  999 320  1.5 2  4.0  82    0    0 248 -319  1
3797500 2746500  3 21  3   3.4 1000 296  1.0 6  4.1  83    0    0 263 -319  1
3797500 2746500  3 21  4   3.4 1000 337  2.3 7  4.1  84    0    0 282 -318  1
3797500 2746500  3 21  5   3.0 1000 322  1.7 6  4.1  86    0    0 283 -318  1
3797500 2746500  3 21  6   3.0 1000 319  2.1 5  4.2  88    0    0 274 -318  1
3797500 2746500  3 21  7   2.5 1000 337  2.3 5  4.2  89    1   10 269 -319  1
3797500 2746500  3 21  8   2.8 1001 343  2.7 2  4.1  87   62   49 252 -321  1
3797500 2746500  3 21  9   5.0 1001 356  3.1 2  4.0  78  205   70 235 -324  1
3797500 2746500  3 21 10   6.2 1001   9  5.1 4  3.7  64  268  113 249 -330  1
3797500 2746500  3 21 11   5.8 1001   0  5.1 7  3.4  58   43  226 277 -337  1
3797500 2746500  3 21 12   6.3 1002   0  4.7 7  3.3  57   18  229 294 -343  1
3797500 2746500  3 21 13   6.0 1002 359  4.3 7  3.4  58   35  250 293 -347  1
3797500 2746500  3 21 14   5.9 1002  20  5.1 8  3.4  58   31  235 293 -348  1
3797500 2746500  3 21 15   5.5 1002 355  4.1 6  3.6  63  102  223 286 -350  1
3797500 2746500  3 21 16   5.9 1002  17  5.1 8  3.8  66    0  109 283 -349  1
3797500 2746500  3 21 17   6.6 1002 338  5.2 8  3.4  58    1   80 289 -347  1
3797500 2746500  3 21 18   4.0 1003 357  4.7 8  3.6  65   17   52 287 -342  1
3797500 2746500  3 21 19   3.7 1004 357  3.6 8  4.1  81    0    8 284 -336  1
3797500 2746500  3 21 20   3.3 1004   1  3.3 7  4.0  82    0    0 281 -330  1
3797500 2746500  3 21 21   2.8 1005 347  2.5 6  3.9  82    0    0 275 -326  1
3797500 2746500  3 21 22   2.8 1005 344  2.3 6  3.9  83    0    0 272 -324  1
3797500 2746500  3 21 23   3.2 1005 294  2.3 6  3.9  83    0    0 275 -322  1
3797500 2746500  3 21 24   3.4 1005 269  2.2 7  4.1  84    0    0 283 -319  1
3797500 2746500  3 22  1   4.0 1004 330  3.0 8  4.1  83    0    0 296 -317  1
3797500 2746500  3 22  2   3.1 1004 331  2.6 8  4.1  84    0    0 303 -316  1
3797500 2746500  3 22  3   2.9 1004 331  2.7 8  4.2  89    0    0 302 -316  1
3797500 2746500  3 22  4   3.0 1003 331  1.9 8  4.2  89    0    0 302 -315  1
3797500 2746500  3 22  5   3.1 1003 339  2.9 8  4.2  89    0    0 303 -313  1
3797500 2746500  3 22  6   2.9 1003 330  2.8 8  4.4  92    0    0 303 -312  1
3797500 2746500  3 22  7   3.9 1003 329  3.8 8  4.4  90    0    2 305 -312  1
3797500 2746500  3 22  8   4.1 1003 339  3.3 8  4.4  87    0   34 307 -312  1
3797500 2746500  3 22  9   4.1 1002 339  3.4 8  4.4  86    0   43 308 -314  1
3797500 2746500  3 22 10   4.2 1003 339  3.7 7  4.5  87    0   90 303 -318  1
3797500 2746500  3 22 11   4.4 1003 338  3.3 7  4.6  88    0  130 299 -327  1
3797500 2746500  3 22 12   4.6 1003 330  3.5 7  4.6  88    0  157 303 -337  1
3797500 2746500  3 22 13   5.2 1003 323  4.0 7  4.6  85    0  113 306 -341  1
3797500 2746500  3 22 14   5.5 1003 337  3.8 8  4.6  82    0   70 314 -344  1
3797500 2746500  3 22 15   6.0 1003 339  4.4 8  4.6  79    0   69 321 -345  1
3797500 2746500  3 22 16   5.9 1003 337  4.1 8  4.5  77    0   44 320 -343  1
3797500 2746500  3 22 17   6.0 1002 340  4.7 7  4.3  74    0   49 313 -341  1
3797500 2746500  3 22 18   6.3 1002 335  3.7 8  4.2  71    0   30 312 -338  1
3797500 2746500  3 22 19   6.6 1002 334  4.7 8  4.2  69    0    1 318 -336  1
3797500 2746500  3 22 20   6.6 1002 345  5.0 8  4.0  65    0    0 315 -332  1
3797500 2746500  3 22 21   6.6 1002 341  5.5 8  3.7  61    0    0 314 -329  1
3797500 2746500  3 22 22   6.2 1002 327  5.7 8  3.7  61    0    0 313 -327  1
3797500 2746500  3 22 23   5.9 1002 339  4.2 8  3.7  63    0    0 312 -326  1
3797500 2746500  3 22 24   5.7 1002 355  4.6 8  3.7  63    0    0 312 -326  1
3797500 2746500  3 23  1   4.8 1001 352  5.1 7  3.8  69    0    0 305 -327  1
3797500 2746500  3 23  2   4.5 1001 343  4.7 8  4.1  77    0    0 306 -327  1
3797500 2746500  3 23  3   4.2 1001 327  4.9 8  4.4  84    0    0 313 -328  1
3797500 2746500  3 23  4   4.2 1000 343  4.5 8  4.6  89    0    0 314 -328  1
3797500 2746500  3 23  5   4.5 1000   3  5.0 8  4.8  91    0    0 315 -328  1
3797500 2746500  3 23  6   3.9 1000  28  6.8 8  4.6  89    0    0 314 -328  1
3797500 2746500  3 23  7   3.4 1000  26  6.1 8  4.2  84    0    4 312 -327  1
3797500 2746500  3 23  8   3.4 1001  37  5.6 8  4.0  81    0   36 311 -326  1
3797500 2746500  3 23  9   3.6 1001  46  5.8 8  4.0  81    0   68 311 -328  1
3797500 2746500  3 23 10   3.9 1001  38  5.0 8  4.1  81    0   83 311 -332  1
3797500 2746500  3 23 11   4.6 1002  43  4.6 8  4.1  79    0   87 313 -335  1
3797500 2746500  3 23 12   5.0 1002  47  5.7 7  4.2  78    0  168 310 -337  1
3797500 2746500  3 23 13   5.5 1002  65  4.7 8  4.2  75    0  151 309 -343  1
3797500 2746500  3 23 14   5.9 1003  74  4.8 7  4.2  72    0  162 306 -352  1
3797500 2746500  3 23 15   6.7 1003  89  5.9 7  4.1  69    0  147 299 -354  1
3797500 2746500  3 23 16   7.0 1004  54  5.1 7  4.0  64    0  105 295 -352  1
3797500 2746500  3 23 17   7.0 1004  65  4.8 8  3.9  62   12   96 295 -349  1
3797500 2746500  3 23 18   7.5 1005  76  3.4 7  3.9  62   64   36 294 -345  1
3797500 2746500  3 23 19   6.8 1006  73  1.5 5  3.9  61   10    9 281 -339  1
3797500 2746500  3 23 20   6.8 1006  53  0.8 5  3.8  62    0    0 269 -331  1
3797500 2746500  3 23 21   7.0 1007 349  1.3 7  3.9  64    0    0 279 -329  1
3797500 2746500  3 23 22   7.0 1007 342  2.2 7  4.1  65    0    0 290 -328  1
3797500 2746500  3 23 23   6.9 1007  19  3.0 7  4.3  69    0    0 290 -326  1
3797500 2746500  3 23 24   6.2 1007  20  3.2 6  4.5  74    0    0 285 -325  1
3797500 2746500  3 24  1   6.0 1006  17  4.3 6  4.6  77    0    0 278 -322  1
3797500 2746500  3 24  2   6.0 1006  33  4.6 7  4.7  80    0    0 283 -320  1
3797500 2746500  3 24  3   6.0 1006  21  4.8 7  4.7  81    0    0 288 -318  1
3797500 2746500  3 24  4   5.8 1006  22  4.0 8  4.8  82    0    0 295 -317  1
3797500 2746500  3 24  5   5.4 1005 359  3.9 8  4.9  86    0    0 299 -316  1
3797500 2746500  3 24  6   5.4 1005  19  4.0 8  5.1  90    0    0 300 -316  1
3797500 2746500  3 24  7   5.6 1004  23  3.4 8  5.3  93    0    4 302 -316  1
3797500 2746500  3 24  8   5.9 1004  18  3.2 8  5.4  93    0   30 305 -315  1
3797500 2746500  3 24  9   6.0 1004  20  3.0 8  5.5  93    0   46 308 -315  1
3797500 2746500  3 24 10   6.4 1004  27  3.8 8  5.6  94    0   81 310 -324  1
3797500 2746500  3 24 11   7.3 1004  23  2.9 7  5.7  91    0  126 308 -338  1
3797500 2746500  3 24 12   8.2 1004  40  3.7 7  5.7  86    0  106 305 -349  1
3797500 2746500  3 24 13   8.9 1004  48  3.8 7  5.7  81    0  156 309 -356  1
3797500 2746500  3 24 14  10.0 1004  50  4.3 7  5.6  75    0  165 313 -359  1
3797500 2746500  3 24 15  10.5 1004  60  4.3 8  5.5  70    0  104 324 -359  1
3797500 2746500  3 24 16  11.2 1005  68  3.2 8  5.4  66    0   95 335 -353  1
3797500 2746500  3 24 17  11.8 1005  67  3.6 7  5.2  61    7  111 333 -346  1
3797500 2746500  3 24 18  12.0 1005  79  3.8 7  5.1  59   51   67 328 -343  1
3797500 2746500  3 24 19  11.6 1005  79  3.3 5  5.0  58    3   13 315 -342  1
3797500 2746500  3 24 20  11.4 1006  71  3.9 5  4.9  58    0    0 301 -341  1
3797500 2746500  3 24 21  10.6 1007  62  3.1 6  4.9  59    0    0 306 -341  1
3797500 2746500  3 24 22  10.0 1007  40  2.8 5  4.8  62    0    0 305 -341  1
3797500 2746500  3 24 23   9.6 1007  78  1.8 5  4.7  63    0    0 300 -342  1
3797500 2746500  3 24 24  10.2 1007  71  3.2 6  4.6  60    0    0 308 -341  1
3797500 2746500  3 25  1  10.4 1008  70  4.1 8  4.5  58    0    0 329 -341  1
3797500 2746500  3 25  2   9.6 1008  81  3.5 8  4.5  58    0    0 341 -340  1
3797500 2746500  3 25  3   8.6 1009  71  3.4 6  4.4  61    0    0 327 -340  1
3797500 2746500  3 25  4   8.2 1009  79  3.0 7  4.4  64    0    0 319 -340  1
3797500 2746500  3 25  5   7.5 1010  68  2.6 6  4.3  65    0    0 317 -340  1
3797500 2746500  3 25  6   7.1 1010  77  2.5 4  4.2  66    0    0 297 -339  1
3797500 2746500  3 25  7   6.3 1011  61  2.6 1  4.2  68    3   13 263 -339  1
3797500 2746500  3 25  8   7.5 1012  80  2.9 1  4.3  69   69   59 244 -339  1
3797500 2746500  3 25  9   8.7 1013  59  3.7 0  4.4  65  209   82 242 -342  1
3797500 2746500  3 25 10  10.5 1013  78  3.1 0  4.5  60  362   83 240 -345  1
3797500 2746500  3 25 11  11.5 1013  76  4.5 1  4.5  56  284  186 252 -349  1
3797500 2746500  3 25 12  12.1 1013  76  5.1 3  4.4  52   95  273 273 -354  1
3797500 2746500  3 25 13  11.8 1013 102  5.3 4  4.2  48   26  256 290 -358  1
3797500 2746500  3 25 14  11.6 1013  88  6.0 5  4.1  48   16  230 299 -362  1
3797500 2746500  3 25 15  12.1 1013 112  6.3 4  4.0  47  276  194 297 -363  1
3797500 2746500  3 25 16  12.9 1013 108  5.1 3  4.1  45  424   53 288 -363  1
3797500 2746500  3 25 17  13.7 1013 111  4.5 2  4.1  43  275   57 281 -364  1
3797500 2746500  3 25 18  13.5 1013 101  3.5 2  4.0  42  117   49 278 -360  1
3797500 2746500  3 25 19  12.4 1014  86  2.8 2  4.2  45   11   12 278 -354  1
3797500 2746500  3 25 20  12.0 1014  86  2.8 2  4.3  49    0    0 274 -349  1
3797500 2746500  3 25 21  11.4 1015  83  2.6 1  4.4  52    0    0 268 -345  1
3797500 2746500  3 25 22  11.1 1015  80  2.7 0  4.5  54    0    0 259 -343  1
3797500 2746500  3 25 23  11.3 1015 104  3.0 1  4.9  57    0    0 253 -341  1
3797500 2746500  3 25 24  11.6 1015 131  3.0 3  5.4  61    0    0 251 -340  1
3797500 2746500  3 26  1  12.1  999 165  2.9 5  6.0  66    0    0 329 -368  1
3797500 2746500  3 26  2  12.4  999 187  2.7 6  6.6  70    0    0 335 -365  1
3797500 2746500  3 26  3  12.6  999 204  2.4 8  6.9  74    0    0 337 -365  1
3797500 2746500  3 26  4  12.3  999 194  1.9 8  6.8  74    0    0 336 -364  1
3797500 2746500  3 26  5  12.5 1000 207  2.1 8  6.6  71    0    0 335 -360  1
3797500 2746500  3 26  6  12.2 1000 193  1.1 7  6.3  70    0    0 330 -357  1
3797500 2746500  3 26  7  11.9  999 220  1.8 7  6.2  69    0    3 323 -354  1
3797500 2746500  3 26  8  12.0 1000 241  1.8 8  6.0  68    0   23 326 -353  1
3797500 2746500  3 26  9  11.4 1000 251  2.3 7  5.8  67    7  125 323 -355  1
3797500 2746500  3 26 10  11.3 1000 223  1.2 7  5.7  67    2  160 315 -360  1
3797500 2746500  3 26 11  10.4  999 261  1.8 8  6.0  73    0   90 319 -366  1
3797500 2746500  3 26 12   9.3  999 250  2.3 8  6.4  84    0   92 323 -373  1
3797500 2746500  3 26 13   9.3 1000 253  3.0 7  6.5  88    0  120 317 -381  1
3797500 2746500  3 26 14   9.4 1000 257  3.5 7  6.5  88    0  111 311 -387  1
3797500 2746500  3 26 15   9.7 1000 250  3.3 7  6.5  87    0   87 311 -390  1
3797500 2746500  3 26 16  10.0 1000 219  2.0 7  6.5  85    0   98 311 -389  1
3797500 2746500  3 26 17  10.2 1000 211  2.2 7  6.6  84    4  108 310 -383  1
3797500 2746500  3 26 18  10.4 1000 193  0.7 7  6.6  84    9   64 310 -375  1
3797500 2746500  3 26 19  10.2 1000 188  0.4 7  6.6  84    0   11 307 -367  1
3797500 2746500  3 26 20   9.9 1000 177  0.9 7  6.5  84    0    0 304 -359  1
3797500 2746500  3 26 21  10.1 1000 169  1.6 8  6.5  84    0    0 307 -353  1
3797500 2746500  3 26 22   9.9 1000 176  1.4 7  6.4  82    0    0 307 -350  1
3797500 2746500  3 26 23   9.5 1000 185  1.7 7  6.2  82    0    0 302 -347  1
3797500 2746500  3 26 24   8.9 1000 173  1.9 6  5.9  81    0    0 297 -345  1
3797500 2746500  3 27  1   8.5 1000 202  1.9 5  5.7  81    0    0 286 -343  1
3797500 2746500  3 27  2   8.4  999 213  2.2 5  5.7  82    0    0 279 -341  1
3797500 2746500  3 27  3   8.2  999 212  2.4 5  5.7  82    0    0 278 -342  1
3797500 2746500  3 27  4   8.3  999 213  2.7 5  5.7  82    0    0 279 -343  1
3797500 2746500  3 27  5   7.8  999 212  1.9 4  5.6  82    0    0 272 -343  1
3797500 2746500  3 27  6   8.1  999 213  2.2 5  5.5  82    0    0 272 -344  1
3797500 2746500  3 27  7   8.2  998 214  3.3 6  5.5  81    2   16 290 -344  1
3797500 2746500  3 27  8   8.7  998 215  3.4 5  5.6  80   26   84 293 -346  1
3797500 2746500  3 27  9   9.1  999 213  3.3 7  5.6  78   31  159 303 -349  1
3797500 2746500  3 27 10  10.3  999 223  4.4 5  5.6  74  130  240 311 -358  1
3797500 2746500  3 27 11  10.9  999 233  4.8 6  5.5  69   51  274 311 -367  1
3797500 2746500  3 27 12  10.8  998 235  3.9 7  5.5  67   30  283 325 -373  1
3797500 2746500  3 27 13  12.2  998 210  3.9 3  5.2  61  167  341 311 -379  1
3797500 2746500  3 27 14  13.0  998 248  3.9 4  4.8  52  103  323 300 -386  1
3797500 2746500  3 27 15  13.3  998 228  3.1 4  4.7  50  133  291 307 -385  1
3797500 2746500  3 27 16  12.2  998 256  2.7 6  4.9  53   29  204 314 -377  1
3797500 2746500  3 27 17  12.7  998 244  2.6 8  5.0  54   14  136 330 -372  1
3797500 2746500  3 27 18  12.4  998 249  1.7 7  5.0  55    6   66 333 -365  1
3797500 2746500  3 27 19  11.9  999 250  2.4 7  5.2  58    0    4 327 -359  1
3797500 2746500  3 27 20  11.3  999 229  2.3 7  5.3  61    0    0 324 -353  1
3797500 2746500  3 27 21  10.2 1000 246  3.2 7  5.4  66    0    0 322 -348  1
3797500 2746500  3 27 22  10.4 1000 239  2.8 7  5.4  69    0    0 320 -342  1
3797500 2746500  3 27 23   9.8 1001 241  1.8 7  5.6  72    0    0 320 -339  1
3797500 2746500  3 27 24   9.8 1001 228  1.8 8  5.7  74    0    0 323 -339  1
3797500 2746500  3 28  1   9.8 1001 227  2.5 8  5.8  76    0    0 326 -338  1
3797500 2746500  3 28  2   9.8 1001 229  2.5 8  5.8  76    0    0 325 -337  1
3797500 2746500  3 28  3   9.7 1001 231  2.7 8  5.8  77    0    0 326 -333  1
3797500 2746500  3 28  4   9.0 1001 231  2.8 7  6.1  82    0    0 323 -330  1
3797500 2746500  3 28  5   8.7 1001 251  3.9 7  6.3  88    0    0 318 -330  1
3797500 2746500  3 28  6   8.4 1002 257  4.1 7  6.2  89    0    0 319 -331  1
3797500 2746500  3 28  7   8.4 1002 241  3.4 8  6.1  88    0    6 324 -331  1
3797500 2746500  3 28  8   8.5 1002 236  4.1 7  6.1  87    2   54 326 -332  1
3797500 2746500  3 28  9   9.2 1003 237  4.3 6  5.9  83   16  136 318 -332  1
3797500 2746500  3 28 10   9.2 1003 243  4.8 7  5.4  74   23  194 320 -335  1
3797500 2746500  3 28 11  10.2 1003 241  4.7 7  4.9  65   68  250 325 -341  1
3797500 2746500  3 28 12  11.0 1003 242  4.5 6  4.7  58  122  285 320 -344  1
3797500 2746500  3 28 13  11.7 1003 236  4.8 5  4.5  54  184  283 309 -344  1
3797500 2746500  3 28 14  11.3 1002 239  3.8 7  4.5  53   13  226 311 -346  1
3797500 2746500  3 28 15  11.3 1002 230  3.8 7  4.6  55    1  157 317 -350  1
3797500 2746500  3 28 16  11.0 1001 239  4.7 7  4.9  59    0  101 317 -350  1
3797500 2746500  3 28 17   9.4 1001 246  4.1 6  5.6  71   18  129 310 -348  1
3797500 2746500  3 28 18   9.1 1001 263  2.4 7  6.0  82   46   68 308 -344  1
3797500 2746500  3 28 19   9.1 1001 218  1.7 7  6.2  85   12   14 311 -336  1
3797500 2746500  3 28 20   8.7 1001 217  3.3 7  6.2  87    0    0 307 -329  1
3797500 2746500  3 28 21   9.3 1001 228  3.2 8  6.2  86    0    0 310 -326  1
3797500 2746500  3 28 22   9.0 1001 224  3.4 8  6.2  85    0    0 316 -325  1
3797500 2746500  3 28 23   8.9 1001 217  3.1 8  6.2  86    0    0 317 -323  1
3797500 2746500  3 28 24   9.1 1000 212  2.6 8  6.3  87    0    0 319 -321  1
3797500 2746500  3 29  1   9.0 1000 209  2.5 8  6.3  87    0    0 321 -319  1
3797500 2746500  3 29  2   9.2  999 204  2.0 8  6.4  88    0    0 324 -318  1
3797500 2746500  3 29  3   8.8  999 173  1.6 8  6.5  90    0    0 323 -317  1
3797500 2746500  3 29  4   8.7  998 151  2.0 7  6.6  92    0    0 315 -317  1
3797500 2746500  3 29  5   8.7  997  99  1.6 8  6.6  92    0    0 315 -318  1
3797500 2746500  3 29  6   7.9  997  77  1.3 8  6.6  95    0    0 321 -318  1
3797500 2746500  3 29  7   7.9  996  11  2.5 7  6.6  98    0    5 315 -319  1
3797500 2746500  3 29  8   7.3  997  23  2.4 7  6.4  97    0   34 306 -321  1
3797500 2746500  3 29  9   7.1  997  24  3.0 8  6.1  95    0   64 310 -328  1
3797500 2746500  3 29 10   7.3  998  41  1.6 8  6.0  94    0  102 315 -336  1
3797500 2746500  3 29 11   7.8  999 117  1.8 7  6.0  91    3  189 311 -344  1
3797500 2746500  3 29 12   8.4  999 220  1.4 8  5.9  86    4  221 316 -351  1
3797500 2746500  3 29 13   9.3  999 222  2.2 7  6.0  83    8  237 319 -358  1
3797500 2746500  3 29 14  10.4  999 232  2.5 8  6.2  81   14  244 323 -362  1
3797500 2746500  3 29 15  11.1  999 270  1.6 6  6.2  76  175  279 321 -363  1
3797500 2746500  3 29 16  12.4  998 219  2.3 5  6.1  69  242  192 310 -362  1
3797500 2746500  3 29 17  12.5  998 288  0.9 4  6.0  66  208  146 304 -357  1
3797500 2746500  3 29 18  11.9  997 131  0.9 6  6.2  69   71   86 308 -351  1
3797500 2746500  3 29 19  11.4  997 101  1.3 6  6.3  72    7   16 317 -346  1
3797500 2746500  3 29 20  11.0  996  96  2.8 7  6.3  74    0    0 321 -343  1
3797500 2746500  3 29 21  11.0  996 106  2.7 8  6.3  76    0    0 329 -341  1
3797500 2746500  3 29 22  10.4  995 106  2.5 6  6.3  78    0    0 324 -340  1
3797500 2746500  3 29 23  10.9  994 113  3.1 6  6.3  78    0    0 314 -340  1
3797500 2746500  3 29 24  11.6  994 134  5.0 7  6.4  75    0    0 320 -341  1
3797500 2746500  3 30  1  11.7  993 145  4.9 8  6.5  75    0    0 332 -342  1
3797500 2746500  3 30  2  11.1  992 150  4.1 8  6.8  80    0    0 341 -343  1
3797500 2746500  3 30  3  10.4  991 127  3.7 8  7.0  86    0    0 341 -344  1
3797500 2746500  3 30  4  11.3  990 125  4.4 8  6.8  82    0    0 341 -345  1
3797500 2746500  3 30  5  11.4  989 115  4.6 8  6.6  77    0    0 341 -345  1
3797500 2746500  3 30  6  11.1  988 156  3.5 8  6.6  77    0    0 341 -346  1
3797500 2746500  3 30  7  11.5  988 173  4.1 7  6.6  77    0   10 333 -348  1
3797500 2746500  3 30  8  11.5  988 160  4.8 7  6.7  78    0   49 325 -351  1
3797500 2746500  3 30  9  11.6  988 172  4.5 7  6.8  78   10  136 327 -356  1
3797500 2746500  3 30 10  13.1  987 163  5.5 6  6.9  75  180  219 322 -363  1
3797500 2746500  3 30 11  14.1  987 177  4.8 5  7.0  70  272  252 312 -371  1
3797500 2746500  3 30 12  14.4  986 173  5.5 6  6.7  65  190  318 316 -375  1
3797500 2746500  3 30 13  15.7  986 181  5.0 5  6.5  60  232  322 322 -381  1
3797500 2746500  3 30 14  15.7  985 211  4.8 6  6.4  56   30  271 329 -392  1
3797500 2746500  3 30 15  13.6  985 233  5.0 6  6.4  60    3  177 335 -393  1
3797500 2746500  3 30 16  12.8  985 223  3.9 6  6.7  69   24  194 332 -390  1
3797500 2746500  3 30 17  12.3  986 211  4.0 7  6.6  71   14  134 334 -390  1
3797500 2746500  3 30 18  12.1  986 209  3.0 8  6.4  71    7   66 343 -384  1
3797500 2746500  3 30 19  11.5  986 206  3.1 7  6.0  68    0   10 341 -378  1
3797500 2746500  3 30 20  10.9  987 179  1.2 7  5.9  69    0    0 334 -371  1
3797500 2746500  3 30 21  10.5  986 179  1.9 7  5.9  72    0    0 333 -362  1
3797500 2746500  3 30 22   8.1  987 243  4.6 7  5.5  73    0    0 328 -351  1
3797500 2746500  3 30 23   7.0  989 248  4.2 7  5.1  77    0    0 321 -343  1
3797500 2746500  3 30 24   6.4  990 231  4.0 7  5.0  80    0    0 317 -334  1
3797500 2746500  3 31  1   6.1  991 207  3.0 3  4.9  80    0    0 288 -327  1
3797500 2746500  3 31  2   5.8  992 179  2.4 0  4.7  80    0    0 243 -324  1
3797500 2746500  3 31  3   6.1  992 170  3.3 1  4.6  78    0    0 229 -322  1
3797500 2746500  3 31  4   6.3  992 170  2.8 4  4.6  76    0    0 249 -320  1
3797500 2746500  3 31  5   6.9  991 171  3.8 5  4.7  76    0    0 267 -319  1
3797500 2746500  3 31  6   7.0  991 171  2.9 4  4.8  76    0    0 266 -319  1
3797500 2746500  3 31  7   7.3  991 170  2.9 5  4.7  74   10   18 265 -320  1
3797500 2746500  3 31  8   8.1  992 198  4.0 6  4.6  68   74   67 276 -322  1
3797500 2746500  3 31  9   8.9  991 189  5.2 6  4.4  63  195  102 283 -326  1
3797500 2746500  3 31 10   9.3  991 208  5.7 5  4.4  60  210  178 280 -334  1
3797500 2746500  3 31 11  10.7  991 199  6.7 4  4.2  54  296  203 273 -344  1
3797500 2746500  3 31 12  10.5  991 220  7.1 3  3.8  48  348  219 264 -353  1
3797500 2746500  3 31 13  11.7  991 224  6.4 4  3.9  46  120  298 265 -360  1
3797500 2746500  3 31 14  10.7  991 191  5.6 7  3.8  46   43  266 284 -364  1
3797500 2746500  3 31 15  11.3  991 199  5.8 4  3.6  43  217  231 280 -365  1
3797500 2746500  3 31 16  11.2  990 214  7.1 4  3.6  42   97  202 265 -365  1
3797500 2746500  3 31 17   7.7  991 211  5.3 5  4.0  54   38  139 262 -362  1
3797500 2746500  3 31 18   6.9  991 212  5.8 6  4.5  70   47   69 265 -358  1
3797500 2746500  3 31 19   7.7  992 207  4.2 7  4.4  68   11   15 271 -352  1
3797500 2746500  3 31 20   6.8  993 206  4.4 7  4.4  68    0    0 271 -344  1
3797500 2746500  3 31 21   5.8  993 219  4.3 8  4.6  76    0    0 272 -336  1
3797500 2746500  3 31 22   5.7  994 189  3.1 8  4.6  79    0    0 274 -331  1
3797500 2746500  3 31 23   5.3  994 217  5.4 6  4.5  78    0    0 266 -330  1
3797500 2746500  3 31 24   5.4  995 230  5.9 6  4.2  75    0    0 258 -330  1
3797500 2746500  4  1  1   5.4  995 226  5.9 7  4.1  72    0    0 265 -328  1
3797500 2746500  4  1  2   5.3  995 224  6.1 8  4.0  71    0    0 269 -327  1
3797500 2746500  4  1  3   5.0  996 225  6.0 8  3.9  71    0    0 272 -325  1
3797500 2746500  4  1  4   4.7  996 232  6.2 8  3.9  72    0    0 272 -324  1
3797500 2746500  4  1  5   4.4  997 224  6.1 8  3.9  73    0    0 271 -322  1
3797500 2746500  4  1  6   3.7  997 233  6.1 6  3.8  74    0    0 260 -320  1
3797500 2746500  4  1  7   4.0  998 223  5.6 6  3.8  74    0    8 252 -318  1
3797500 2746500  4  1  8   4.2  998 224  5.4 8  3.8  74    0   47 260 -318  1
3797500 2746500  4  1  9   4.7  999 232  6.3 8  3.9  74    1  123 268 -323  1
3797500 2746500  4  1 10   5.2 1000 231  5.2 8  3.9  72    0  159 270 -333  1
3797500 2746500  4  1 11   6.1 1001 230  5.7 7  3.9  68   27  231 270 -345  1
3797500 2746500  4  1 12   6.3 1001 229  5.3 7  3.8  64   34  253 271 -357  1
3797500 2746500  4  1 13   6.8 1002 249  6.6 6  3.7  60   81  265 270 -367  1
3797500 2746500  4  1 14   8.1 1003 249  6.7 6  3.5  55  247  206 272 -374  1
3797500 2746500  4  1 15   8.6 1003 238  6.8 7  3.5  50   98  220 280 -373  1
3797500 2746500  4  1 16   7.7 1003 247  3.3 8  3.6  53    0  130 288 -368  1
3797500 2746500  4  1 17   6.9 1004 222  4.3 7  3.7  57   35  133 285 -364  1
3797500 2746500  4  1 18   7.0 1005 229  3.5 6  3.7  60   42   72 275 -360  1
3797500 2746500  4  1 19   5.8 1006 230  3.0 5  3.9  65   19   19 266 -352  1
3797500 2746500  4  1 20   5.7 1006 237  1.1 6  3.8  66    0    0 263 -341  1
3797500 2746500  4  1 21   5.3 1007 214  1.0 3  3.7  66    0    0 252 -336  1
3797500 2746500  4  1 22   4.5 1008 157  1.5 3  3.7  68    0    0 236 -333  1
3797500 2746500  4  1 23   4.8 1008 191  1.9 3  3.6  68    0    0 234 -333  1
3797500 2746500  4  1 24   4.2 1008 180  1.7 3  3.5  67    0    0 234 -333  1
3797500 2746500  4  2  1   4.1 1009 178  2.0 4  3.5  69    0    0 239 -329  1
3797500 2746500  4  2  2   3.7 1009 178  2.6 3  3.6  71    0    0 239 -326  1
3797500 2746500  4  2  3   3.3 1009 180  2.4 2  3.6  73    0    0 231 -324  1
3797500 2746500  4  2  4   3.8 1008 182  2.9 3  3.6  73    0    0 232 -325  1
3797500 2746500  4  2  5   3.8 1008 175  3.3 3  3.6  72    0    0 239 -326  1
3797500 2746500  4  2  6   3.9 1008 173  3.7 4  3.6  71    0    0 246 -327  1
3797500 2746500  4  2  7   4.2 1008 172  3.8 3  3.6  71    1   30 248 -328  1
3797500 2746500  4  2  8   5.6 1008 164  3.7 3  3.6  68   40   99 249 -330  1
3797500 2746500  4  2  9   7.2 1008 162  3.7 6  3.7  62   91  161 269 -335  1
3797500 2746500  4  2 10   8.4 1008 171  4.5 6  3.8  57  105  224 287 -341  1
3797500 2746500  4  2 11   9.7 1008 171  4.5 7  3.8  53  164  265 295 -349  1
3797500 2746500  4  2 12  10.4 1007 170  6.1 6  3.7  48  372  216 298 -358  1
3797500 2746500  4  2 13  11.3 1007 179  5.4 5  3.4  42  398  214 293 -367  1
3797500 2746500  4  2 14  11.2 1006 161  6.0 5  3.3  39  268  258 295 -370  1
3797500 2746500  4  2 15  11.7 1005 169  5.4 5  3.2  38  228  231 299 -368  1
3797500 2746500  4  2 16  11.8 1005 161  5.8 5  3.2  37  168  192 300 -369  1
3797500 2746500  4  2 17  12.0 1004 163  6.5 5  3.2  37  115  141 299 -369  1
3797500 2746500  4  2 18  11.4 1003 159  5.5 6  3.3  38   45   84 302 -363  1
3797500 2746500  4  2 19  11.2 1003 160  5.3 7  3.4  40    1   18 307 -357  1
3797500 2746500  4  2 20  11.2 1003 151  4.4 7  3.4  41    0    0 309 -351  1
3797500 2746500  4  2 21   9.9 1003 164  4.9 8  3.5  44    0    0 311 -348  1
3797500 2746500  4  2 22   8.5 1003 161  4.7 8  4.0  55    0    0 313 -346  1
3797500 2746500  4  2 23   8.8 1003 152  4.9 8  4.4  63    0    0 315 -345  1
3797500 2746500  4  2 24   8.6 1002 171  3.5 8  4.5  63    0    0 318 -345  1
3797500 2746500  4  3  1   7.8 1002 172  4.2 7  4.6  67    0    0 317 -345  1
3797500 2746500  4  3  2   7.8 1002 162  3.7 7  4.7  71    0    0 315 -344  1
3797500 2746500  4  3  3   7.2 1002 170  4.3 7  4.9  75    0    0 315 -342  1
3797500 2746500  4  3  4   6.9 1002 172  3.5 6  5.1  80    0    0 309 -341  1
3797500 2746500  4  3  5   6.9 1002 189  2.5 7  5.2  84    0    0 306 -338  1
3797500 2746500  4  3  6   6.9 1002 171  2.0 7  5.2  84    0    0 309 -336  1
3797500 2746500  4  3  7   7.1 1002 170  2.4 6  5.2  82    0   31 303 -334  1
3797500 2746500  4  3  8   7.7 1002 170  2.7 5  5.1  79   48  107 292 -334  1
3797500 2746500  4  3  9   9.1 1002 170  3.5 5  5.1  74   82  181 288 -335  1
3797500 2746500  4  3 10   9.6 1002 189  3.4 7  5.1  68   31  230 298 -339  1
3797500 2746500  4  3 11   9.4 1002 168  3.8 6  5.1  68   16  246 302 -346  1
3797500 2746500  4  3 12  10.2 1002 160  4.7 6  5.2  68   14  258 298 -356  1
3797500 2746500  4  3 13  10.3 1002 161  5.4 6  5.4  69   20  275 301 -366  1
3797500 2746500  4  3 14  10.1 1001 164  2.5 7  5.6  71    7  233 306 -373  1
3797500 2746500  4  3 15  11.3 1001 179  4.5 6  5.5  68   50  261 306 -374  1
3797500 2746500  4  3 16  11.7 1001 187  3.3 4  5.4  63  109  228 294 -369  1
3797500 2746500  4  3 17  12.1 1000 177  4.0 4  5.2  59  101  166 285 -365  1
3797500 2746500  4  3 18  11.7 1000 183  4.1 4  5.0  57   51   94 283 -361  1
3797500 2746500  4  3 19  11.3 1000 178  3.4 6  4.8  57    4   22 290 -354  1
3797500 2746500  4  3 20  10.9 1000 170  2.9 7  4.9  59    0    0 301 -348  1
3797500 2746500  4  3 21  10.5 1000 187  3.8 8  5.1  63    0    0 308 -345  1
3797500 2746500  4  3 22   9.9 1000 167  2.9 8  5.2  66    0    0 310 -344  1
3797500 2746500  4  3 23   9.9 1000 172  3.3 8  5.2  68    0    0 310 -342  1
3797500 2746500  4  3 24   9.7 1000 172  3.1 7  5.2  68    0    0 307 -341  1
3797500 2746500  4  4  1   9.4 1000 163  3.3 8  5.3  70    0    0 307 -340  1
3797500 2746500  4  4  2   8.5  999 159  3.4 6  5.3  73    0    0 303 -340  1
3797500 2746500  4  4  3   8.9  999 160  4.5 6  5.2  74    0    0 294 -338  1
3797500 2746500  4  4  4   9.2  999 161  4.4 7  5.3  73    0    0 301 -334  1
3797500 2746500  4  4  5   8.8  999 173  5.2 6  5.3  73    0    0 302 -331  1
3797500 2746500  4  4  6   8.5  999 174  4.3 7  5.3  75    0    0 300 -329  1
3797500 2746500  4  4  7   9.1  999 185  4.0 6  5.2  73   15   28 301 -326  1
3797500 2746500  4  4  8   9.2  999 183  4.1 4  5.0  68   70   75 286 -326  1
3797500 2746500  4  4  9   9.8  999 172  4.8 5  4.9  65   37  154 283 -331  1
3797500 2746500  4  4 10   9.0  999 181  4.4 7  5.1  69    3  167 300 -338  1
3797500 2746500  4  4 11   8.9 1000 199  4.4 7  5.4  74    0  142 309 -347  1
3797500 2746500  4  4 12   8.9 1000 200  3.4 7  5.4  75    3  210 307 -355  1
3797500 2746500  4  4 13   9.0 1001 216  4.4 5  5.6  78  175  246 296 -360  1
3797500 2746500  4  4 14   9.6 1001 219  5.4 6  5.6  76  249  204 290 -358  1
3797500 2746500  4  4 15  10.2 1001 234  4.3 8  5.5  72   25  214 304 -355  1
3797500 2746500  4  4 16   8.0 1002 242  3.6 8  5.5  76    1  142 305 -357  1
3797500 2746500  4  4 17   9.3 1003 224  1.7 8  5.8  82    0   98 300 -356  1
3797500 2746500  4  4 18   9.3 1004 255  4.5 8  5.8  79    3   64 300 -351  1
3797500 2746500  4  4 19   8.5 1005 263  3.2 8  5.6  78    0   14 296 -346  1
3797500 2746500  4  4 20   8.6 1006 265  4.0 8  5.6  80    0    0 293 -339  1
3797500 2746500  4  4 21   8.1 1008 267  3.4 7  5.5  80    0    0 291 -336  1
3797500 2746500  4  4 22   8.0 1009 278  2.8 6  5.3  79    0    0 284 -336  1
3797500 2746500  4  4 23   7.4 1010 249  3.3 6  5.3  81    0    0 282 -335  1
3797500 2746500  4  4 24   6.4 1011 258  3.2 3  5.1  83    0    0 271 -335  1
3797500 2746500  4  5  1   6.2 1012 245  2.7 4  5.0  84    0    0 262 -335  1
3797500 2746500  4  5  2   6.2 1013 239  2.8 5  5.1  86    0    0 273 -333  1
3797500 2746500  4  5  3   5.6 1014 231  2.5 5  5.0  86    0    0 280 -333  1
3797500 2746500  4  5  4   5.3 1015 229  2.5 3  4.8  87    0    0 270 -334  1
3797500 2746500  4  5  5   4.9 1015 230  2.1 2  4.7  87    0    0 255 -333  1
3797500 2746500  4  5  6   4.5 1016 232  2.2 2  4.6  88    0    0 247 -332  1
3797500 2746500  4  5  7   4.6 1017 232  2.4 1  4.6  88   10   34 241 -333  1
3797500 2746500  4  5  8   5.7 1017 233  2.5 1  4.7  86   91   93 237 -334  1
3797500 2746500  4  5  9   7.4 1018 243  2.2 3  4.9  82  210  133 251 -338  1
3797500 2746500  4  5 10   8.6 1018 211  3.0 3  5.0  75  286  181 263 -344  1
3797500 2746500  4  5 11  10.3 1019 221  3.0 3  4.7  65  362  208 267 -351  1
3797500 2746500  4  5 12  10.1 1019 229  4.0 4  4.6  60  276  289 276 -355  1
3797500 2746500  4  5 13  10.1 1019 248  4.6 5  4.5  58  200  317 289 -360  1
3797500 2746500  4  5 14  10.0 1019 250  4.0 6  4.3  57  121  305 301 -365  1
3797500 2746500  4  5 15  11.1 1020 228  4.0 6  4.2  54  142  270 309 -368  1
3797500 2746500  4  5 16  10.7 1020 249  4.9 7  4.0  49  104  218 317 -370  1
3797500 2746500  4  5 17  10.6 1020 241  3.4 8  3.8  48   20  146 328 -369  1
3797500 2746500  4  5 18  10.5 1020 242  2.8 8  3.9  49   12   82 334 -367  1
3797500 2746500  4  5 19   9.9 1020 251  2.8 6  3.9  51    7   22 324 -363  1
3797500 2746500  4  5 20   9.0 1020 225  2.1 6  4.0  56    0    0 312 -357  1
3797500 2746500  4  5 21   8.4 1020 210  1.8 6  4.0  59    0    0 315 -353  1
3797500 2746500  4  5 22   8.0 1020 197  1.5 5  4.1  61    0    0 310 -350  1
3797500 2746500  4  5 23   8.0 1020 192  1.4 4  4.2  63    0    0 289 -347  1
3797500 2746500  4  5 24   8.2 1020 194  1.5 4  4.3  64    0    0 279 -345  1
3797500 2746500  4  6  1   8.6 1008 204  1.9 5  4.5  65    0    0 301 -351  1
3797500 2746500  4  6  2   8.8 1007 212  2.5 6  4.7  67    0    0 294 -349  1
3797500 2746500  4  6  3   8.8 1006 218  3.1 7  4.9  70    0    0 308 -348  1
3797500 2746500  4  6  4   8.2 1006 222  3.5 7  5.0  73    0    0 327 -347  1
3797500 2746500  4  6  5   7.9 1006 226  3.2 6  5.1  76    0    0 315 -346  1
3797500 2746500  4  6  6   6.6 1005 231  3.0 6  5.2  82    0    0 302 -345  1
3797500 2746500  4  6  7   6.7 1005 239  2.8 6  5.4  88    6   30 301 -344  1
3797500 2746500  4  6  8   7.3 1006 236  3.8 7  5.5  87   33   92 308 -343  1
3797500 2746500  4  6  9   8.2 1006 238  3.8 7  5.5  84   24  151 316 -344  1
3797500 2746500  4  6 10   8.9 1006 237  5.7 5  5.4  78   85  207 307 -346  1
3797500 2746500  4  6 11   9.5 1005 245  5.2 6  5.3  73   21  226 304 -348  1
3797500 2746500  4  6 12  10.2 1005 238  5.4 5  5.0  66   99  256 307 -352  1
3797500 2746500  4  6 13   6.6 1005 276  4.5 6  4.9  72   33  251 301 -357  1
3797500 2746500  4  6 14   8.3 1005 240  4.3 6  5.2  81   73  247 300 -366  1
3797500 2746500  4  6 15   7.2 1004 313  3.3 7  5.1  77   70  222 304 -376  1
3797500 2746500  4  6 16   9.8 1004 256  5.0 8  4.9  70   39  179 312 -375  1
3797500 2746500  4  6 17   9.4 1003 241  3.9 4  5.0  67  182   95 299 -370  1
3797500 2746500  4  6 18   8.2 1002 243  4.1 8  5.0  71    1   62 295 -364  1
3797500 2746500  4  6 19   7.2 1002 240  4.8 8  5.1  77    0   11 316 -356  1
3797500 2746500  4  6 20   6.7 1002 211  3.2 7  5.2  83    0    0 309 -351  1
3797500 2746500  4  6 21   7.4 1001 230  3.1 7  5.3  84    0    0 305 -348  1
3797500 2746500  4  6 22   7.3 1000 219  4.4 8  5.4  83    0    0 315 -346  1
3797500 2746500  4  6 23   7.3  999 227  5.1 8  5.3  83    0    0 322 -344  1
3797500 2746500  4  6 24   4.7  998 241  2.3 6  5.1  86    0    0 306 -342  1
3797500 2746500  4  7  1   5.0  997 227  3.2 8  4.9  90    0    0 303 -341  1
3797500 2746500  4  7  2   5.3  997 248  2.9 8  5.0  90    0    0 319 -341  1
3797500 2746500  4  7  3   5.2  997 228  3.0 8  5.1  91    0    0 320 -340  1
3797500 2746500  4  7  4   5.2  996 257  1.8 7  5.1  92    0    0 314 -339  1
3797500 2746500  4  7  5   5.3  996 239  2.7 7  5.1  92    0    0 307 -337  1
3797500 2746500  4  7  6   4.9  995 239  3.9 7  5.0  89    0    0 305 -336  1
3797500 2746500  4  7  7   4.8  995 240  3.2 7  4.8  88    0    5 304 -335  1
3797500 2746500  4  7  8   4.8  995 243  4.5 8  4.8  88    0   45 310 -335  1
3797500 2746500  4  7  9   5.0  995 251  3.4 8  4.9  90    0   91 316 -335  1
3797500 2746500  4  7 10   5.2  995 253  4.0 7  5.0  90    0  138 309 -337  1
3797500 2746500  4  7 11   6.2  996 250  4.9 7  5.1  88    0  138 306 -344  1
3797500 2746500  4  7 12   6.3  996 341  1.1 7  5.2  86    0  187 309 -350  1
3797500 2746500  4  7 13   5.4  996 265  3.6 6  5.1  87   82  215 301 -349  1
3797500 2746500  4  7 14   3.9  996 281  5.1 8  4.9  90    0  173 298 -354  1
3797500 2746500  4  7 15   6.0  996 251  4.6 6  4.9  89   94  174 294 -361  1
3797500 2746500  4  7 16   6.0  996 295  3.0 6  5.0  85  105  133 286 -358  1
3797500 2746500  4  7 17   7.4  996 243  2.5 7  5.0  81   11  112 289 -354  1
3797500 2746500  4  7 18   8.0  996 303  3.4 4  4.7  71  115   46 281 -352  1
3797500 2746500  4  7 19   7.4  996 256  2.3 6  4.4  66   35   27 274 -347  1
3797500 2746500  4  7 20   6.2  996 253  0.8 5  4.4  70    0    0 274 -343  1
3797500 2746500  4  7 21   5.5  996 253  0.8 1  4.3  74    0    0 248 -341  1
3797500 2746500  4  7 22   5.1  996 242  1.4 3  4.3  77    0    0 236 -336  1
3797500 2746500  4  7 23   4.7  997 242  1.5 4  4.4  80    0    0 250 -333  1
3797500 2746500  4  7 24   5.3  997 240  2.2 5  4.5  81    0    0 262 -330  1
3797500 2746500  4  8  1   5.1  997 237  2.3 5  4.6  82    0    0 268 -330  1
3797500 2746500  4  8  2   5.1  997 239  2.7 6  4.7  85    0    0 277 -331  1
3797500 2746500  4  8  3   5.1  997 241  2.9 7  4.9  88    0    0 291 -332  1
3797500 2746500  4  8  4   5.2  997 254  3.0 7  4.9  89    0    0 299 -332  1
3797500 2746500  4  8  5   5.1  997 253  3.0 7  5.0  89    0    0 301 -331  1
3797500 2746500  4  8  6   4.9  997 251  2.9 6  5.0  91    0    0 296 -330  1
3797500 2746500  4  8  7   5.1  997 254  3.1 8  5.1  92    0   13 303 -329  1
3797500 2746500  4  8  8   5.2  997 243  2.8 8  5.1  92    0   63 318 -330  1
3797500 2746500  4  8  9   5.7  998 247  3.2 8  5.1  89    0  118 319 -332  1
3797500 2746500  4  8 10   5.6  998 246  3.3 7  5.0  87    0  145 314 -337  1
3797500 2746500  4  8 11   5.6  998 278  3.7 7  5.0  86    9  216 310 -343  1
3797500 2746500  4  8 12   6.2  998 244  2.7 7  5.0  86    0  167 313 -346  1
3797500 2746500  4  8 13   6.5  999 258  3.4 7  5.2  87    0  176 314 -352  1
3797500 2746500  4  8 14   7.4  999 302  3.3 7  5.2  83    6  216 313 -361  1
3797500 2746500  4  8 15   6.7  999 327  2.8 6  5.1  81  135  229 306 -366  1
3797500 2746500  4  8 16   7.1  999 304  2.5 5  5.1  82   96  192 295 -361  1
3797500 2746500  4  8 17   5.3 1000 257  2.4 7  5.0  84   10  130 292 -357  1
3797500 2746500  4  8 18   6.3 1001 254  1.1 8  5.0  87    0   50 300 -354  1
3797500 2746500  4  8 19   6.4 1001 287  1.4 7  5.0  83    0   17 302 -348  1
3797500 2746500  4  8 20   6.0 1001 294  1.1 7  4.9  82    0    0 297 -344  1
3797500 2746500  4  8 21   6.1 1002 294  2.3 7  4.9  82    0    0 298 -342  1
3797500 2746500  4  8 22   6.0 1003 287  2.2 6  4.8  81    0    0 293 -341  1
3797500 2746500  4  8 23   6.0 1003 286  3.9 7  4.8  82    0    0 295 -340  1
3797500 2746500  4  8 24   5.7 1004 287  2.1 5  4.8  83    0    0 291 -339  1
3797500 2746500  4  9  1   5.7 1004 303  2.6 7  4.8  84    0    0 293 -338  1
3797500 2746500  4  9  2   5.4 1004 286  3.0 7  4.8  85    0    0 304 -338  1
3797500 2746500  4  9  3   5.3 1004 330  3.5 6  4.7  84    0    0 299 -337  1
3797500 2746500  4  9  4   5.0 1005 289  2.5 6  4.7  85    0    0 294 -337  1
3797500 2746500  4  9  5   5.0 1005 270  2.5 7  4.8  88    0    0 300 -337  1
3797500 2746500  4  9  6   4.9 1005 259  2.9 8  4.8  89    0    0 310 -336  1
3797500 2746500  4  9  7   4.8 1005 270  3.2 8  4.8  89    0   30 314 -337  1
3797500 2746500  4  9  8   5.5 1005 286  2.4 6  4.9  89    8   88 305 -339  1
3797500 2746500  4  9  9   6.2 1005 295  3.1 7  5.0  86   30  152 302 -342  1
3797500 2746500  4  9 10   6.9 1005 338  3.9 6  5.0  82   44  206 306 -346  1
3797500 2746500  4  9 11   7.1 1006 328  3.5 7  4.9  77   24  229 311 -351  1
3797500 2746500  4  9 12   7.4 1006 325  3.0 6  4.7  74   47  249 315 -357  1
3797500 2746500  4  9 13   7.3 1006 307  3.1 6  4.7  74   37  249 313 -361  1
3797500 2746500  4  9 14   7.5 1006 298  2.8 5  4.9  76   51  239 305 -365  1
3797500 2746500  4  9 15   6.9 1006 272  1.9 8  5.0  78   67  213 304 -367  1
3797500 2746500  4  9 16   7.8 1006 283  1.4 6  5.1  79   68  174 305 -365  1
3797500 2746500  4  9 17   6.5 1006 326  2.8 6  5.0  80   21  131 295 -363  1
3797500 2746500  4  9 18   7.2 1006  64  1.5 6  4.8  77    5   72 292 -358  1
3797500 2746500  4  9 19   6.7 1006  34  0.5 5  4.6  74   26   22 285 -351  1
3797500 2746500  4  9 20   5.7 1007 277  0.6 5  4.7  80    0    3 279 -347  1
3797500 2746500  4  9 21   5.1 1007 312  0.9 3  4.7  84    0    0 268 -344  1
3797500 2746500  4  9 22   4.9 1008 314  0.8 4  4.8  87    0    0 263 -342  1
3797500 2746500  4  9 23   5.5 1008 313  0.9 4  4.9  88    0    0 270 -341  1
3797500 2746500  4  9 24   5.3 1009 330  1.3 8  4.9  88    0    0 291 -339  1
3797500 2746500  4 10  1   4.7 1009 349  1.7 4  4.9  89    0    0 290 -338  1
3797500 2746500  4 10  2   3.8 1009 346  2.3 3  4.7  91    0    0 263 -336  1
3797500 2746500  4 10  3   4.4 1009  13  2.4 4  4.8  94    0    0 264 -335  1
3797500 2746500  4 10  4   4.0 1010  36  2.4 6  4.9  95    0    0 280 -334  1
3797500 2746500  4 10  5   4.3 1010  33  1.3 5  4.8  94    0    0 284 -332  1
3797500 2746500  4 10  6   4.6 1009  31  1.5 5  4.8  92    0    0 279 -333  1
3797500 2746500  4 10  7   4.7 1010  18  2.2 7  4.8  91    0   21 290 -335  1
3797500 2746500  4 10  8   4.9 1010   2  1.4 8  4.7  88    0   75 306 -338  1
3797500 2746500  4 10  9   6.2 1010 354  2.0 7  4.6  82    8  168 308 -341  1
3797500 2746500  4 10 10   6.5 1010 331  1.7 7  4.7  79    1  173 304 -345  1
3797500 2746500  4 10 11   6.8 1011 357  1.7 7  4.7  78    0  196 303 -350  1
3797500 2746500  4 10 12   7.1 1011 311  1.7 8  4.7  76    0  164 308 -355  1
3797500 2746500  4 10 13   7.5 1010 274  1.2 8  4.9  76    0  129 314 -361  1
3797500 2746500  4 10 14   7.4 1010 332  1.5 8  4.9  76    0   92 313 -365  1
3797500 2746500  4 10 15   8.1 1010 357  1.8 8  4.9  75    0  102 311 -365  1
3797500 2746500  4 10 16   8.8 1010 334  2.3 8  5.1  74    2  159 311 -368  1
3797500 2746500  4 10 17   9.2 1009 334  2.1 6  5.2  72   28  171 303 -370  1
3797500 2746500  4 10 18   9.0 1009 308  1.4 6  5.2  72   10   97 295 -366  1
3797500 2746500  4 10 19   8.5 1009 280  1.1 5  5.2  74    4   33 291 -360  1
3797500 2746500  4 10 20   8.3 1009 262  1.0 6  5.3  77    0    1 290 -350  1
3797500 2746500  4 10 21   8.2 1009 307  1.1 5  5.4  79    0    0 289 -342  1
3797500 2746500  4 10 22   7.6 1009 338  2.2 4  5.3  80    0    0 280 -338  1
3797500 2746500  4 10 23   6.3 1009 346  1.8 4  5.2  84    0    0 275 -336  1
3797500 2746500  4 10 24   5.5 1009 335  2.1 2  5.0  86    0    0 265 -334  1
3797500 2746500  4 11  1   4.3 1009 335  1.6 0  4.8  89    0    0 244 -330  1
3797500 2746500  4 11  2   3.7 1009 353  2.1 0  4.7  93    0    0 233 -326  1
3797500 2746500  4 11  3   3.6 1009 354  1.3 4  4.5  92    0    0 247 -323  1
3797500 2746500  4 11  4   3.2 1008   2  1.6 5  4.2  87    0    0 268 -321  1
3797500 2746500  4 11  5   2.5 1008 356  0.4 2  4.1  88    0    0 257 -321  1
3797500 2746500  4 11  6   2.1 1008 201  0.6 3  4.1  90    0    0 245 -322  1
3797500 2746500  4 11  7   3.4 1008 254  1.3 3  4.3  93   30   30 252 -323  1
3797500 2746500  4 11  8   3.6 1008 254  0.9 5  4.7  96   95   68 265 -328  1
3797500 2746500  4 11  9   4.9 1008 255  1.7 6  4.9  95   44  155 284 -339  1
3797500 2746500  4 11 10   5.8 1008 270  1.9 7  5.1  91   10  187 298 -349  1
3797500 2746500  4 11 11   6.7 1008 253  1.7 8  5.2  88    2  186 313 -353  1
3797500 2746500  4 11 12   6.1 1008 255  2.1 8  5.4  90    0  168 319 -352  1
3797500 2746500  4 11 13   6.4 1008 273  1.8 8  5.6  94    0  133 318 -352  1
3797500 2746500  4 11 14   6.6 1008 287  1.7 8  5.8  96    0  115 319 -354  1
3797500 2746500  4 11 15   6.8 1008 311  1.2 8  6.0  97    0   96 320 -358  1
3797500 2746500  4 11 16   7.0 1008   7  2.6 8  5.9  95    0   76 320 -362  1
3797500 2746500  4 11 17   7.3 1008   9  2.3 7  5.8  91    6  119 313 -361  1
3797500 2746500  4 11 18   7.2 1008   8  2.5 7  5.3  83   16   78 306 -356  1
3797500 2746500  4 11 19   6.7 1008  11  3.2 7  4.6  73   12   26 303 -350  1
3797500 2746500  4 11 20   5.5 1009  15  2.7 7  4.1  69    0    2 296 -342  1
3797500 2746500  4 11 21   4.8 1009 351  1.7 2  3.8  69    0    0 268 -335  1
3797500 2746500  4 11 22   4.1 1010 359  2.0 0  3.6  70    0    0 234 -330  1
3797500 2746500  4 11 23   4.5 1010   9  2.6 0  3.7  72    0    0 224 -326  1
3797500 2746500  4 11 24   4.4 1011   8  2.2 0  3.8  73    0    0 224 -322  1
3797500 2746500  4 12  1   3.8 1011  15  1.4 3  3.8  75    0    0 233 -319  1
3797500 2746500  4 12  2   3.4 1012  32  2.0 4  3.7  75    0    0 247 -317  1
3797500 2746500  4 12  3   3.1 1012  30  2.0 2  3.7  76    0    0 244 -316  1
3797500 2746500  4 12  4   2.2 1012  14  2.2 3  3.6  79    0    0 240 -316  1
3797500 2746500  4 12  5   2.5 1013  16  1.4 3  3.6  81    0    0 245 -316  1
3797500 2746500  4 12  6   1.8 1013   8  1.6 5  3.6  81    0    0 257 -315  1
3797500 2746500  4 12  7   2.8 1013  18  1.2 4  3.6  81   10   48 264 -313  1
3797500 2746500  4 12  8   3.9 1014  37  1.0 3  3.9  80   18  121 260 -314  1
3797500 2746500  4 12  9   5.3 1014  27  1.6 5  4.0  77   39  200 268 -319  1
3797500 2746500  4 12 10   6.1 1015  26  2.6 6  4.0  71   54  264 286 -332  1
3797500 2746500  4 12 11   6.5 1015  29  2.3 7  4.0  68    8  238 298 -348  1
3797500 2746500  4 12 12   6.8 1015  10  2.1 7  4.0  66    2  223 305 -359  1
3797500 2746500  4 12 13   6.9 1016  19  2.5 7  3.7  61   10  259 305 -366  1
3797500 2746500  4 12 14   8.1 1016  56  1.8 5  3.7  57   87  329 297 -371  1
3797500 2746500  4 12 15   8.6 1016  78  1.5 4  3.6  53  119  307 284 -374  1
3797500 2746500  4 12 16   9.1 1016 356  2.0 6  3.8  54   77  243 291 -373  1
3797500 2746500  4 12 17   9.7 1016 352  2.5 6  3.7  51   56  178 304 -368  1
3797500 2746500  4 12 18   9.1 1016 355  1.8 5  3.6  49   48  110 299 -361  1
3797500 2746500  4 12 19   8.9 1016  15  2.0 5  3.7  52   24   44 294 -353  1
3797500 2746500  4 12 20   7.8 1016  26  1.3 4  3.7  54    0    5 287 -345  1
3797500 2746500  4 12 21   6.8 1017 346  1.4 4  3.6  58    0    0 279 -339  1
3797500 2746500  4 12 22   6.8 1017   8  0.8 1  3.8  62    0    0 264 -336  1
3797500 2746500  4 12 23   5.5 1018  29  0.9 0  3.9  67    0    0 241 -334  1
3797500 2746500  4 12 24   5.4 1018  19  1.3 2  4.0  72    0    0 246 -332  1
3797500 2746500  4 13  1   5.1 1018  43  0.9 3  4.2  76    0    0 261 -330  1
3797500 2746500  4 13  2   4.8 1018  33  1.4 4  4.3  80    0    0 271 -329  1
3797500 2746500  4 13  3   4.0 1018  51  1.9 2  4.3  83    0    0 266 -329  1
3797500 2746500  4 13  4   3.6 1019  65  1.7 2  4.2  85    0    0 254 -330  1
3797500 2746500  4 13  5   2.2 1019  59  1.0 0  4.1  88    0    0 241 -332  1
3797500 2746500  4 13  6   2.4 1019  99  1.0 0  4.0  90    0    0 228 -332  1
3797500 2746500  4 13  7   3.1 1019 108  1.2 0  4.0  87   22   50 229 -331  1
3797500 2746500  4 13  8   6.0 1019 105  0.6 0  4.3  82  128   98 232 -334  1
3797500 2746500  4 13  9   8.0 1020  93  1.0 0  4.4  71  268  124 238 -342  1
3797500 2746500  4 13 10  10.0 1020  22  2.1 2  4.2  60  396  140 253 -351  1
3797500 2746500  4 13 11   9.9 1020  23  2.4 3  4.1  54  378  214 272 -362  1
3797500 2746500  4 13 12  11.5 1019  15  2.7 4  4.1  52  252  305 284 -372  1
3797500 2746500  4 13 13  11.5 1019  24  3.4 5  4.3  52  249  318 298 -373  1
3797500 2746500  4 13 14  11.8 1019  27  2.9 5  4.4  52  258  299 303 -369  1
3797500 2746500  4 13 15  12.2 1018  23  3.5 7  4.7  54  117  280 315 -373  1
3797500 2746500  4 13 16  11.7 1018  13  3.8 7  5.1  58    3  167 326 -379  1
3797500 2746500  4 13 17  11.5 1017  19  4.3 7  5.4  64    1  122 325 -375  1
3797500 2746500  4 13 18  11.2 1017  27  3.7 7  5.5  66    4   86 322 -370  1
3797500 2746500  4 13 19  10.6 1017   7  3.7 7  5.4  66    7   35 320 -367  1
3797500 2746500  4 13 20  10.6 1017  17  2.9 7  5.3  66    0    3 317 -362  1
3797500 2746500  4 13 21  10.1 1017  44  3.2 7  5.2  67    0    0 314 -356  1
3797500 2746500  4 13 22   9.9 1018  46  2.6 8  5.1  68    0    0 315 -351  1
3797500 2746500  4 13 23   9.8 1018  57  2.9 8  5.1  68    0    0 318 -348  1
3797500 2746500  4 13 24   9.6 1018  25  1.8 8  5.2  69    0    0 317 -346  1
3797500 2746500  4 14  1   9.0 1017   4  2.0 8  5.2  72    0    0 316 -345  1
3797500 2746500  4 14  2   8.8 1017  11  0.8 8  5.2  74    0    0 316 -344  1
3797500 2746500  4 14  3   8.3 1017 202  1.8 8  5.3  76    0    0 315 -343  1
3797500 2746500  4 14  4   8.2 1017 195  0.9 8  5.3  79    0    0 315 -342  1
3797500 2746500  4 14  5   8.3 1017  33  1.4 8  5.4  80    0    0 317 -343  1
3797500 2746500  4 14  6   8.0 1016  48  1.8 8  5.4  81    0    0 319 -344  1
3797500 2746500  4 14  7   8.0 1017 359  2.1 8  5.6  84    0   25 319 -343  1
3797500 2746500  4 14  8   8.1 1017 325  1.9 8  5.8  87    0   81 320 -347  1
3797500 2746500  4 14  9   8.3 1017 352  2.2 8  6.0  89    0  130 321 -356  1
3797500 2746500  4 14 10   9.3 1017 351  2.5 8  6.1  87    9  206 323 -366  1
3797500 2746500  4 14 11   9.8 1017 356  2.5 7  6.0  81    2  205 321 -375  1
3797500 2746500  4 14 12  10.0 1017  35  3.2 8  5.7  76    0  191 322 -383  1
3797500 2746500  4 14 13  11.3 1017 354  2.9 8  5.7  71    2  231 330 -384  1
3797500 2746500  4 14 14  11.3 1016  46  2.7 6  5.5  66   53  288 324 -377  1
3797500 2746500  4 14 15  11.6 1016   7  3.1 6  5.2  61   89  265 316 -381  1
3797500 2746500  4 14 16  11.9 1015  27  2.8 6  5.1  59   86  217 316 -385  1
3797500 2746500  4 14 17  12.4 1015  30  2.3 4  5.0  57  180  128 308 -383  1
3797500 2746500  4 14 18  12.0 1015  27  2.8 4  4.9  55  151   58 298 -380  1
3797500 2746500  4 14 19  11.4 1015  58  2.0 4  4.9  58   47   30 296 -372  1
3797500 2746500  4 14 20  10.3 1015  48  1.5 4  4.9  61    2    6 292 -365  1
3797500 2746500  4 14 21   9.6 1016  48  1.7 4  4.8  63    0    0 288 -361  1
3797500 2746500  4 14 22   7.7 1017  82  1.3 0  4.7  68    0    0 268 -358  1
3797500 2746500  4 14 23   7.0 1017  30  1.6 0  4.6  73    0    0 247 -355  1
3797500 2746500  4 14 24   5.8 1017  32  1.7 0  4.5  76    0    0 244 -354  1
3797500 2746500  4 15  1   5.2 1017  41  1.5 0  4.5  80    0    0 241 -353  1
3797500 2746500  4 15  2   4.3 1017  59  0.8 0  4.4  83    0    0 239 -353  1
3797500 2746500  4 15  3   4.2 1017  51  1.6 1  4.3  84    0    0 241 -352  1
3797500 2746500  4 15  4   3.2 1017  96  0.9 2  4.2  86    0    0 248 -351  1
3797500 2746500  4 15  5   3.7 1017  94  1.3 2  4.2  88    0    0 251 -348  1
3797500 2746500  4 15  6   2.9 1016  73  1.8 1  4.2  87    0    0 245 -347  1
3797500 2746500  4 15  7   4.2 1016 104  0.9 3  4.2  86   10   52 249 -347  1
3797500 2746500  4 15  8   7.0 1017 191  0.9 4  4.6  82   56  128 266 -351  1
3797500 2746500  4 15  9   9.5 1017 176  1.1 4  5.1  75  153  185 276 -361  1
3797500 2746500  4 15 10  11.7 1017 154  1.7 3  5.4  68  371  168 279 -372  1
3797500 2746500  4 15 11  13.3 1016 184  2.2 1  4.9  55  481  173 273 -385  1
3797500 2746500  4 15 12  13.6 1016 131  2.1 2  4.6  48  348  283 272 -400  1
3797500 2746500  4 15 13  14.4 1016 126  1.5 3  4.6  46  291  320 282 -413  1
3797500 2746500  4 15 14  15.5 1015 170  1.7 3  4.2  40  306  299 289 -421  1
3797500 2746500  4 15 15  15.8 1015 166  1.2 4  4.1  37  218  289 296 -424  1
3797500 2746500  4 15 16  15.7 1014 129  1.9 4  4.1  37  289  194 300 -422  1
3797500 2746500  4 15 17  15.8 1014  59  2.1 2  4.2  38  319   97 293 -415  1
3797500 2746500  4 15 18  15.7 1013  41  2.3 1  4.3  39  181   78 283 -406  1
3797500 2746500  4 15 19  14.4 1013  89  2.2 2  4.4  41   53   43 280 -392  1
3797500 2746500  4 15 20  13.4 1013 109  1.8 1  4.4  44    2    6 275 -377  1
3797500 2746500  4 15 21  11.7 1013 101  1.9 1  4.3  48    0    0 268 -368  1
3797500 2746500  4 15 22  11.2 1014 105  1.9 0  4.2  50    0    0 262 -362  1
3797500 2746500  4 15 23  10.2 1014 119  1.7 0  4.2  53    0    0 258 -358  1
3797500 2746500  4 15 24  10.4 1014 124  1.7 1  4.2  54    0    0 260 -354  1
3797500 2746500  4 16  1   8.8 1014 117  2.0 0  4.2  56    0    0 257 -350  1
3797500 2746500  4 16  2   8.5 1014 125  1.3 0  4.1  59    0    0 252 -347  1
3797500 2746500  4 16  3   8.2 1013 100  1.5 0  4.1  60    0    0 250 -344  1
3797500 2746500  4 16  4   7.0 1013  99  1.7 0  4.1  62    0    0 247 -343  1
3797500 2746500  4 16  5   5.8 1013  73  1.7 0  4.0  68    0    0 242 -340  1
3797500 2746500  4 16  6   7.1 1013  67  1.9 0  4.0  67    0    0 242 -336  1
3797500 2746500  4 16  7   8.0 1013  64  2.2 0  4.1  63   21   56 245 -334  1
3797500 2746500  4 16  8  11.7 1013  90  1.8 0  4.4  58  100  124 250 -340  1
3797500 2746500  4 16  9  13.7 1013 172  2.0 0  4.6  50  215  173 258 -355  1
3797500 2746500  4 16 10  15.3 1013 180  2.9 0  4.4  43  358  188 263 -372  1
3797500 2746500  4 16 11  16.2 1013 189  3.2 0  4.2  38  488  185 268 -390  1
3797500 2746500  4 16 12  16.9 1013 195  3.5 0  4.3  37  543  197 273 -410  1
3797500 2746500  4 16 13  17.0 1012 177  3.3 1  4.3  36  549  207 279 -425  1
3797500 2746500  4 16 14  17.4 1012 342  3.3 1  4.2  35  495  219 284 -434  1
3797500 2746500  4 16 15  17.4 1011 246  3.4 1  4.2  34  466  186 284 -440  1
3797500 2746500  4 16 16  17.9 1011 318  3.6 1  4.2  33  430  138 284 -435  1
3797500 2746500  4 16 17  17.8 1010 146  3.3 1  4.2  33  294  122 283 -421  1
3797500 2746500  4 16 18  17.9 1010 165  2.1 2  4.2  33  156   94 285 -412  1
3797500 2746500  4 16 19  17.0 1010 159  1.4 3  4.2  34   45   47 289 -405  1
3797500 2746500  4 16 20  15.9 1010 126  1.2 5  4.1  35    1    7 297 -392  1
3797500 2746500  4 16 21  15.0 1010 120  1.7 6  4.1  38    0    0 306 -380  1
3797500 2746500  4 16 22  13.3 1011 124  2.1 1  4.2  42    0    0 289 -374  1
3797500 2746500  4 16 23  13.6 1011 116  1.5 0  4.2  44    0    0 267 -370  1
3797500 2746500  4 16 24  12.6 1011 112  1.4 1  4.2  45    0    0 269 -366  1
3797500 2746500  4 17  1  12.7 1011 194  1.6 2  4.3  47    0    0 275 -362  1
3797500 2746500  4 17  2  12.4 1011 172  2.3 2  4.5  49    0    0 280 -359  1
3797500 2746500  4 17  3  11.7 1011 183  1.8 1  4.6  53    0    0 277 -356  1
3797500 2746500  4 17  4  12.3 1011 193  2.0 2  4.7  54    0    0 276 -355  1
3797500 2746500  4 17  5  11.1 1011 185  1.7 3  4.7  55    0    0 281 -352  1
3797500 2746500  4 17  6  10.2 1011 179  2.0 3  4.7  58    0    0 280 -350  1
3797500 2746500  4 17  7  11.7 1011 188  1.9 1  4.8  59   23   57 272 -350  1
3797500 2746500  4 17  8  13.6 1011 195  2.1 0  5.0  55  121  117 264 -355  1
3797500 2746500  4 17  9  15.2 1011 205  1.5 0  5.3  51  251  154 264 -369  1
3797500 2746500  4 17 10  17.2 1010  87  2.1 0  5.2  46  399  164 271 -388  1
3797500 2746500  4 17 11  18.4 1010 132  2.9 0  4.9  38  525  164 278 -409  1
3797500 2746500  4 17 12  18.5 1009 123  2.3 1  4.6  35  591  168 288 -428  1
3797500 2746500  4 17 13  19.3 1008 205  1.9 1  4.5  33  568  193 296 -439  1
3797500 2746500  4 17 14  19.6 1007  95  3.2 1  4.6  33  531  195 302 -446  1
3797500 2746500  4 17 15  20.2 1006 148  2.6 2  4.3  30  553  139 305 -449  1
3797500 2746500  4 17 16  20.9 1005 128  2.1 2  4.0  27  297  202 307 -448  1
3797500 2746500  4 17 17  20.5 1005  82  2.6 4  4.2  28  138  183 314 -435  1
3797500 2746500  4 17 18  20.1 1004 104  2.6 3  4.5  30  126   99 317 -420  1
3797500 2746500  4 17 19  18.8 1004  97  2.6 4  4.9  35   55   49 315 -412  1
3797500 2746500  4 17 20  17.3 1004  79  2.1 4  4.9  38    2    8 312 -397  1
3797500 2746500  4 17 21  16.0 1004  77  1.6 4  4.8  40    0    0 307 -389  1
3797500 2746500  4 17 22  14.7 1004  92  2.3 1  4.9  44    0    0 291 -387  1
3797500 2746500  4 17 23  14.5 1004  95  2.4 0  5.0  48    0    0 271 -383  1
3797500 2746500  4 17 24  14.1 1003  83  2.4 0  5.1  50    0    0 259 -380  1
3797500 2746500  4 18  1  14.2 1003  98  2.1 0  4.9  48    0    0 252 -377  1
3797500 2746500  4 18  2  13.9 1002 119  2.6 0  4.7  47    0    0 242 -375  1
3797500 2746500  4 18  3  13.1 1001 109  1.5 1  4.6  47    0    0 242 -374  1
3797500 2746500  4 18  4  12.3 1001 108  1.8 2  4.5  49    0    0 241 -372  1
3797500 2746500  4 18  5  11.7 1000 117  0.9 2  4.6  52    0    0 241 -370  1
3797500 2746500  4 18  6  12.1 1000 128  1.7 4  4.7  53    0    0 242 -368  1
3797500 2746500  4 18  7  13.3 1000 126  2.4 5  4.8  51    3   53 268 -368  1
3797500 2746500  4 18  8  15.1 1000 160  2.4 3  5.2  51   59  140 263 -372  1
3797500 2746500  4 18  9  16.7  999 161  2.5 3  5.5  48  153  204 251 -382  1
3797500 2746500  4 18 10  18.2  999 101  3.8 5  5.6  45  295  229 278 -396  1
3797500 2746500  4 18 11  19.4  998 116  3.8 5  5.4  40  428  226 300 -412  1
3797500 2746500  4 18 12  19.8  997 182  3.6 5  4.7  33  493  232 300 -425  1
3797500 2746500  4 18 13  20.1  996 153  4.0 4  4.7  32  548  209 294 -438  1
3797500 2746500  4 18 14  21.2  995 152  3.6 4  4.8  31  572  175 287 -448  1
3797500 2746500  4 18 15  21.0  995 173  2.6 3  4.3  27  487  174 281 -451  1
3797500 2746500  4 18 16  20.8  994  75  2.8 2  4.2  27  408  146 272 -444  1
3797500 2746500  4 18 17  20.7  993 230  2.4 6  4.5  29   90  196 301 -430  1
3797500 2746500  4 18 18  19.7  993 263  2.4 7  5.3  35   16  113 341 -417  1
3797500 2746500  4 18 19  19.4  993 246  2.4 6  5.7  40    0   36 341 -407  1
3797500 2746500  4 18 20  17.5  992  98  2.4 6  6.0  44    0    0 332 -394  1
3797500 2746500  4 18 21  15.5  993 233  2.2 6  6.3  53    0    0 326 -385  1
3797500 2746500  4 18 22  15.0  993 241  4.1 7  6.4  58    0    0 333 -380  1
3797500 2746500  4 18 23  13.9  993 230  3.6 7  6.6  63    0    0 340 -377  1
3797500 2746500  4 18 24  12.8  993 274  3.5 7  6.9  71    0    0 337 -374  1
3797500 2746500  4 19  1  11.7  993 264  3.3 8  6.8  75    0    0 341 -372  1
3797500 2746500  4 19  2  11.1  993 219  3.3 8  6.7  78    0    0 346 -372  1
3797500 2746500  4 19  3  10.4  992 200  2.7 8  6.7  82    0    0 345 -372  1
3797500 2746500  4 19  4  10.1  992 165  2.1 8  6.6  82    0    0 343 -372  1
3797500 2746500  4 19  5   9.9  991 204  3.1 8  6.4  81    0    0 342 -373  1
3797500 2746500  4 19  6   9.3  990 161  2.8 8  6.0  78    0    0 340 -373  1
3797500 2746500  4 19  7   9.5  990 160  3.8 7  5.7  76    3   55 331 -372  1
3797500 2746500  4 19  8  10.4  989 170  4.0 7  5.8  74    3  108 325 -372  1
3797500 2746500  4 19  9  11.7  988 171  5.6 6  6.0  72   98  226 322 -372  1
3797500 2746500  4 19 10  11.8  987 172  7.0 5  5.8  66  137  292 311 -373  1
3797500 2746500  4 19 11  12.1  987 185  7.0 5  5.3  59   51  320 306 -377  1
3797500 2746500  4 19 12  12.4  986 180  7.1 5  4.9  53   77  355 310 -380  1
3797500 2746500  4 19 13  13.6  985 171  7.2 5  4.7  50  123  381 316 -385  1
3797500 2746500  4 19 14  13.7  984 168  7.2 5  5.0  50  186  370 324 -395  1
3797500 2746500  4 19 15  12.5  983 180  7.0 6  5.2  54  116  333 329 -400  1
3797500 2746500  4 19 16  11.6  983 169  6.0 7  5.6  62   23  234 333 -400  1
3797500 2746500  4 19 17  11.1  983 158  4.6 8  6.1  71    0  100 337 -399  1
3797500 2746500  4 19 18  10.9  982 156  4.7 8  6.5  78    0   42 339 -395  1
3797500 2746500  4 19 19  10.9  982 154  4.8 7  6.5  78    3   40 333 -391  1
3797500 2746500  4 19 20  11.3  982 172  5.3 7  6.3  74    1    8 328 -385  1
3797500 2746500  4 19 21  11.3  982 147  5.8 6  6.3  73    0    0 323 -378  1
3797500 2746500  4 19 22  11.2  983 134  6.3 7  6.3  73    0    0 320 -376  1
3797500 2746500  4 19 23  10.7  983 202  4.3 7  6.2  74    0    0 322 -375  1
3797500 2746500  4 19 24   9.4  984 212  3.9 2  5.7  72    0    0 296 -372  1
3797500 2746500  4 20  1   8.8  985 221  3.7 2  5.1  69    0    0 265 -368  1
3797500 2746500  4 20  2   7.9  986 169  3.1 2  4.9  70    0    0 257 -366  1
3797500 2746500  4 20  3   7.8  986 161  3.8 4  5.0  73    0    0 263 -365  1
3797500 2746500  4 20  4   7.5  986 161  3.6 3  4.9  74    0    0 266 -361  1
3797500 2746500  4 20  5   7.7  987 172  3.5 4  5.0  74    0    0 264 -356  1
3797500 2746500  4 20  6   7.8  987 193  3.3 5  4.8  71    0    0 273 -353  1
3797500 2746500  4 20  7   8.3  987 180  4.0 5  4.5  66   24   58 276 -352  1
3797500 2746500  4 20  8   8.8  988 201  4.3 3  4.4  62  173   83 261 -353  1
3797500 2746500  4 20  9   8.7  989 215  5.8 4  4.2  59  279  120 252 -356  1
3797500 2746500  4 20 10   9.1  989 192  6.1 5  4.2  58  235  220 267 -360  1
3797500 2746500  4 20 11   9.5  990 200  4.9 6  4.3  57   81  300 284 -366  1
3797500 2746500  4 20 12  10.6  990 190  4.5 6  4.5  57   85  320 293 -372  1
3797500 2746500  4 20 13  10.5  990 182  4.3 5  4.5  55  129  334 290 -378  1
3797500 2746500  4 20 14  11.5  990 197  4.4 3  4.3  52  304  278 276 -384  1
3797500 2746500  4 20 15  10.9  991 234  3.6 5  4.4  52   62  280 281 -390  1
3797500 2746500  4 20 16  11.6  991 183  2.8 5  4.3  51  180  225 294 -391  1
3797500 2746500  4 20 17  11.4  991 144  2.6 5  4.1  48  207  136 295 -387  1
3797500 2746500  4 20 18  11.6  991 165  2.5 5  4.0  47   86  102 295 -380  1
3797500 2746500  4 20 19  11.3  991 150  3.1 4  4.0  47   54   39 288 -373  1
3797500 2746500  4 20 20  10.9  992 136  2.9 5  4.0  48    1    7 284 -364  1
3797500 2746500  4 20 21   9.3  992 218  1.4 6  4.4  56    0    0 289 -356  1
3797500 2746500  4 20 22   9.4  993 150  0.3 6  4.6  62    0    0 293 -352  1
3797500 2746500  4 20 23   8.7  993 144  1.8 6  4.7  64    0    0 291 -350  1
3797500 2746500  4 20 24   8.5  993 175  1.5 6  4.9  69    0    0 291 -348  1
3797500 2746500  4 21  1   7.8  994 128  1.5 7  5.1  75    0    0 296 -347  1
3797500 2746500  4 21  2   8.1  994 233  0.9 8  5.3  78    0    0 308 -346  1
3797500 2746500  4 21  3   7.9  994 174  1.7 7  5.3  78    0    0 311 -344  1
3797500 2746500  4 21  4   7.1  994 179  2.7 7  5.4  82    0    0 307 -343  1
3797500 2746500  4 21  5   6.9  995 170  2.5 7  5.5  86    0    0 308 -340  1
3797500 2746500  4 21  6   6.8  995 176  2.1 6  5.3  85    0    0 304 -338  1
3797500 2746500  4 21  7   7.5  996 174  1.7 4  5.4  84   10   60 290 -337  1
3797500 2746500  4 21  8   8.3  996 176  2.4 3  5.5  82  157   89 276 -341  1
3797500 2746500  4 21  9   9.0  997 187  3.1 4  5.5  77  361   63 280 -351  1
3797500 2746500  4 21 10  10.2  998 236  2.6 4  5.4  71  183  237 289 -361  1
3797500 2746500  4 21 11  11.1  999 243  2.3 5  5.5  68  164  287 298 -372  1
3797500 2746500  4 21 12  11.6  999 251  3.1 5  5.2  61  183  311 306 -375  1
3797500 2746500  4 21 13  12.6  999 245  3.0 4  4.7  53  468  204 303 -375  1
3797500 2746500  4 21 14  13.9 1000 258  2.2 4  4.6  48  327  262 301 -377  1
3797500 2746500  4 21 15  14.7 1000 237  3.2 4  4.5  44  439  159 303 -381  1
3797500 2746500  4 21 16  15.0 1000 270  2.5 4  4.4  41  452   75 302 -387  1
3797500 2746500  4 21 17  15.6 1001 260  2.3 3  4.2  39  335   61 297 -385  1
3797500 2746500  4 21 18  15.1 1001 250  2.1 7  4.3  39   33  113 309 -379  1
3797500 2746500  4 21 19  13.6 1002 178  2.3 4  5.0  48   17   45 312 -374  1
3797500 2746500  4 21 20  13.0 1003 170  1.9 5  5.5  57    5    8 302 -365  1
3797500 2746500  4 21 21  11.9 1004 153  1.7 6  5.4  60    0    0 307 -355  1
3797500 2746500  4 21 22  11.3 1004 171  1.4 5  5.5  64    0    0 304 -350  1
3797500 2746500  4 21 23  10.9 1005 163  1.4 4  5.6  67    0    0 293 -348  1
3797500 2746500  4 21 24  10.4 1005 189  1.2 1  5.6  70    0    0 273 -347  1
3797500 2746500  4 22  1   9.4 1005 169  0.6 1  5.6  73    0    0 258 -346  1
3797500 2746500  4 22  2   9.7 1006 171  1.2 1  5.6  74    0    0 260 -344  1
3797500 2746500  4 22  3  10.7 1006 178  1.2 4  5.7  73    0    0 280 -343  1
3797500 2746500  4 22  4  10.1 1006 183  1.3 3  5.8  73    0    0 292 -341  1
3797500 2746500  4 22  5   9.8 1006 173  1.5 3  5.9  77    0    0 284 -341  1
3797500 2746500  4 22  6   9.6 1006 166  1.7 5  6.0  80    0    1 294 -341  1
3797500 2746500  4 22  7  10.9 1006 167  1.8 3  6.2  79   31   68 295 -343  1
3797500 2746500  4 22  8  12.6 1007 173  2.5 4  6.4  74  108  137 292 -349  1
3797500 2746500  4 22  9  13.4 1007 178  2.0 4  6.5  70  153  210 301 -358  1
3797500 2746500  4 22 10  15.4 1007 165  2.8 4  7.0  68  403  175 306 -371  1
3797500 2746500  4 22 11  16.2 1007 184  3.1 4  7.0  62  425  235 310 -386  1
3797500 2746500  4 22 12  16.8 1007 209  3.2 6  6.7  57  188  357 322 -401  1
3797500 2746500  4 22 13  17.6 1007 214  3.1 6  7.0  57  123  368 334 -413  1
3797500 2746500  4 22 14  17.9 1007 202  3.8 5  7.3  58  169  358 334 -419  1
3797500 2746500  4 22 15  17.6 1006 189  2.6 6  7.3  58   60  302 337 -420  1
3797500 2746500  4 22 16  18.1 1006 194  3.0 6  7.3  56   23  230 342 -417  1
3797500 2746500  4 22 17  18.1 1006 214  2.7 6  7.3  56   43  194 344 -408  1
3797500 2746500  4 22 18  18.2 1006 188  2.4 6  7.4  57   41  127 343 -399  1
3797500 2746500  4 22 19  17.5 1006 199  1.9 7  7.4  58   11   52 345 -395  1
3797500 2746500  4 22 20  16.2 1006 228  1.2 7  7.4  61    0    8 346 -392  1
3797500 2746500  4 22 21  15.4 1006 187  0.7 7  7.3  65    0    0 342 -387  1
3797500 2746500  4 22 22  14.7 1007 163  0.6 3  7.3  68    0    0 323 -382  1
3797500 2746500  4 22 23  14.2 1007 156  0.7 3  7.3  70    0    0 305 -380  1
3797500 2746500  4 22 24  14.2 1007 177  0.7 4  7.2  71    0    0 309 -378  1
3797500 2746500  4 23  1  12.6 1007 123  0.5 4  7.1  74    0    0 309 -377  1
3797500 2746500  4 23  2  12.8 1007 130  0.4 4  7.2  78    0    0 307 -376  1
3797500 2746500  4 23  3  12.3 1007 109  1.1 4  7.3  80    0    0 308 -374  1
3797500 2746500  4 23  4  11.5 1007  93  1.4 3  7.2  82    0    0 303 -372  1
3797500 2746500  4 23  5  11.1 1006 101  1.1 4  7.1  84    0    0 302 -370  1
3797500 2746500  4 23  6  12.8 1007 274  3.0 6  7.1  81    0    1 314 -368  1
3797500 2746500  4 23  7  13.1 1008 182  2.2 5  7.3  78    0   28 320 -368  1
3797500 2746500  4 23  8  13.6 1008 140  1.9 8  7.7  80    0   57 328 -373  1
3797500 2746500  4 23  9  14.0 1007  84  2.6 8  8.2  83    0  105 340 -384  1
3797500 2746500  4 23 10  15.4 1007 279  2.9 8  8.8  84   23  241 343 -400  1
3797500 2746500  4 23 11  15.3 1008 268  2.5 8  9.1  83   46  288 345 -417  1
3797500 2746500  4 23 12  16.1 1008 353  1.6 8  9.0  80    7  264 347 -434  1
3797500 2746500  4 23 13  16.6 1008 346  0.9 8  8.9  76   18  285 350 -447  1
3797500 2746500  4 23 14  16.6 1008 226  1.2 8  9.0  76    0  193 353 -455  1
3797500 2746500  4 23 15  16.2 1009 352  2.0 8  9.3  80   14  242 354 -455  1
3797500 2746500  4 23 16  16.8 1009 354  1.9 7  9.4  79   56  233 352 -451  1
3797500 2746500  4 23 17  17.0 1009   6  2.2 7  9.4  78    3  142 349 -445  1
3797500 2746500  4 23 18  16.7 1009 319  2.0 8  9.5  79    0   65 352 -437  1
3797500 2746500  4 23 19  16.5 1009 330  2.6 8  9.4  80    0   14 354 -427  1
3797500 2746500  4 23 20  15.0 1009 346  3.5 8  9.1  81    0    1 352 -414  1
3797500 2746500  4 23 21  14.1 1010 349  2.8 7  8.7  84    0    0 344 -402  1
3797500 2746500  4 23 22  13.0 1011 336  3.0 8  8.2  85    0    0 340 -394  1
3797500 2746500  4 23 23  11.8 1012 338  3.5 8  7.8  86    0    0 340 -389  1
3797500 2746500  4 23 24  11.1 1012   1  3.5 8  7.6  90    0    0 336 -384  1
3797500 2746500  4 24  1  10.9 1012  31  5.2 7  7.2  88    0    0 330 -379  1
3797500 2746500  4 24  2  10.7 1013  34  4.0 7  7.0  86    0    0 324 -375  1
3797500 2746500  4 24  3   9.6 1013  39  2.6 6  6.9  89    0    0 317 -373  1
3797500 2746500  4 24  4   9.3 1013 351  3.0 6  6.6  90    0    0 310 -370  1
3797500 2746500  4 24  5   8.7 1014   1  2.7 7  6.4  90    0    0 314 -368  1
3797500 2746500  4 24  6   8.7 1014   5  2.5 7  6.3  90    0    0 317 -368  1
3797500 2746500  4 24  7   8.9 1014 335  1.8 8  6.3  89    0   23 321 -370  1
3797500 2746500  4 24  8   9.7 1015 336  1.9 6  6.5  89   17  134 318 -377  1
3797500 2746500  4 24  9  10.8 1015 354  2.2 6  6.7  86   55  214 313 -388  1
3797500 2746500  4 24 10  12.2 1016   3  3.0 5  6.5  77  268  230 312 -404  1
3797500 2746500  4 24 11  13.7 1016  12  3.9 5  6.5  70  315  268 313 -421  1
3797500 2746500  4 24 12  14.3 1016 355  3.6 4  6.6  67  232  328 314 -437  1
3797500 2746500  4 24 13  16.0 1016 350  4.4 3  6.4  59  295  322 312 -449  1
3797500 2746500  4 24 14  16.0 1016   3  4.6 3  5.8  51  227  329 311 -456  1
3797500 2746500  4 24 15  17.0 1016 353  4.3 4  5.3  46  185  301 314 -458  1
3797500 2746500  4 24 16  16.6 1016   8  4.9 4  5.2  44  240  224 317 -454  1
3797500 2746500  4 24 17  16.5 1016 320  3.6 3  4.8  41  132  185 311 -446  1
3797500 2746500  4 24 18  16.3 1016 330  3.7 4  4.6  40   72  121 309 -436  1
3797500 2746500  4 24 19  15.0 1016   6  3.4 5  5.0  45   11   50 313 -426  1
3797500 2746500  4 24 20  13.8 1016 346  2.2 5  5.2  51    0    7 313 -415  1
3797500 2746500  4 24 21  12.4 1017 341  1.6 3  5.2  56    0    0 303 -405  1
3797500 2746500  4 24 22  11.2 1018 349  1.7 2  5.1  60    0    0 290 -396  1
3797500 2746500  4 24 23  10.6 1018 359  2.2 2  5.1  63    0    0 285 -390  1
3797500 2746500  4 24 24   9.9 1018   2  1.8 3  5.2  67    0    0 287 -386  1
3797500 2746500  4 25  1   9.1 1019   4  1.4 3  5.2  71    0    0 289 -382  1
3797500 2746500  4 25  2   8.1 1019 352  0.7 4  5.2  75    0    0 290 -380  1
3797500 2746500  4 25  3   7.6 1019 350  0.9 2  5.2  79    0    0 283 -377  1
3797500 2746500  4 25  4   7.5 1019 349  1.2 5  5.3  82    0    0 285 -375  1
3797500 2746500  4 25  5   7.2 1019 354  1.0 5  5.3  84    0    0 295 -373  1
3797500 2746500  4 25  6   8.0 1019 352  0.9 4  5.3  83    0    3 290 -372  1
3797500 2746500  4 25  7   9.3 1019 359  1.4 6  5.6  80    2   53 296 -372  1
3797500 2746500  4 25  8  10.4 1020 343  1.3 8  5.8  78    9  123 314 -375  1
3797500 2746500  4 25  9  11.7 1020   5  2.6 7  6.2  76  114  208 321 -383  1
3797500 2746500  4 25 10  12.6 1020 357  3.4 5  6.1  70  205  247 312 -396  1
3797500 2746500  4 25 11  13.2 1020 348  3.2 6  5.8  63  253  281 309 -410  1
3797500 2746500  4 25 12  14.0 1020 336  2.4 4  5.6  58  440  231 306 -423  1
3797500 2746500  4 25 13  15.1 1020 328  2.5 5  5.7  56  247  325 306 -434  1
3797500 2746500  4 25 14  15.1 1020 357  2.9 5  5.6  52  242  314 310 -441  1
3797500 2746500  4 25 15  16.1 1019 350  3.1 4  5.3  48  245  275 307 -442  1
3797500 2746500  4 25 16  16.6 1019 360  3.1 3  5.4  47  212  228 304 -440  1
3797500 2746500  4 25 17  16.5 1019  19  3.1 2  5.5  47  175  165 298 -434  1
3797500 2746500  4 25 18  16.2 1019  16  3.1 3  5.5  48   74  118 296 -425  1
3797500 2746500  4 25 19  15.8 1019  18  2.3 1  5.4  48   66   44 292 -414  1
3797500 2746500  4 25 20  14.5 1019  18  1.8 1  5.3  50    8    9 282 -401  1
3797500 2746500  4 25 21  12.7 1019  14  1.5 3  5.2  54    0    0 283 -389  1
3797500 2746500  4 25 22  11.5 1019  23  1.8 1  5.2  60    0    0 278 -379  1
3797500 2746500  4 25 23  10.9 1020  30  2.1 1  5.2  64    0    0 267 -371  1
3797500 2746500  4 25 24   9.4 1020  39  1.4 2  5.2  68    0    0 267 -366  1
3797500 2746500  4 26  1   9.5 1020  48  1.5 0  5.3  72    0    0 260 -361  1
3797500 2746500  4 26  2   8.4 1020  47  1.3 0  5.4  76    0    0 250 -357  1
3797500 2746500  4 26  3   8.3 1020  53  1.2 1  5.4  80    0    0 252 -354  1
3797500 2746500  4 26  4   8.2 1020  62  0.8 2  5.4  80    0    0 257 -351  1
3797500 2746500  4 26  5   8.0 1021  60  0.9 1  5.3  80    0    0 256 -349  1
3797500 2746500  4 26  6   6.7 1021  84  1.0 3  5.3  84    0    3 256 -347  1
3797500 2746500  4 26  7   9.1 1021  82  1.0 0  5.5  84   40   78 252 -348  1
3797500 2746500  4 26  8  11.6 1021  56  1.4 1  5.8  74  158  132 248 -354  1
3797500 2746500  4 26  9  13.4 1021 116  2.6 1  5.9  66  290  166 258 -365  1
3797500 2746500  4 26 10  13.8 1021  49  3.1 4  5.7  59  389  201 275 -382  1
3797500 2746500  4 26 11  14.9 1021  63  3.0 5  5.4  53  460  228 293 -402  1
3797500 2746500  4 26 12  15.0 1021  49  3.2 6  5.1  49  455  271 303 -419  1
3797500 2746500  4 26 13  16.3 1021   7  2.9 4  5.3  48  455  283 306 -433  1
3797500 2746500  4 26 14  16.4 1020  76  3.0 4  5.3  47  490  247 303 -441  1
3797500 2746500  4 26 15  16.9 1020 100  3.4 3  5.1  44  447  222 301 -445  1
3797500 2746500  4 26 16  16.8 1020  39  3.3 4  5.1  43  313  218 304 -443  1
3797500 2746500  4 26 17  17.1 1019  69  3.3 7  5.0  42  107  209 323 -438  1
3797500 2746500  4 26 18  16.7 1019  34  2.5 7  5.2  43   28  130 338 -430  1
3797500 2746500  4 26 19  16.4 1019  56  3.2 6  5.2  44    6   53 332 -419  1
3797500 2746500  4 26 20  15.7 1019  76  1.9 6  5.1  45    0    7 326 -408  1
3797500 2746500  4 26 21  15.0 1019  76  2.4 7  5.2  48    0    0 328 -396  1
3797500 2746500  4 26 22  14.5 1019  72  1.8 3  5.3  51    0    0 313 -389  1
3797500 2746500  4 26 23  13.2 1019  77  2.1 3  5.5  56    0    0 292 -384  1
3797500 2746500  4 26 24  12.9 1019  88  1.5 3  5.5  60    0    0 288 -380  1
3797500 2746500  4 27  1  11.8 1019  76  1.3 4  5.5  62    0    0 289 -378  1
3797500 2746500  4 27  2  10.5 1019  86  1.4 4  5.6  68    0    0 289 -377  1
3797500 2746500  4 27  3  10.2 1019 104  1.4 5  5.6  71    0    0 291 -375  1
3797500 2746500  4 27  4   9.6 1018 104  1.7 5  5.5  73    0    0 294 -374  1
3797500 2746500  4 27  5   9.3 1018 108  1.3 6  5.5  74    0    0 298 -373  1
3797500 2746500  4 27  6  10.2 1018 100  1.1 7  5.4  72    0    3 310 -372  1
3797500 2746500  4 27  7  11.4 1018  96  0.8 4  5.6  70   23   78 300 -373  1
3797500 2746500  4 27  8  13.6 1018 189  1.1 4  5.8  64   95  155 283 -378  1
3797500 2746500  4 27  9  14.5 1018 152  0.8 4  5.8  58  183  215 289 -385  1
3797500 2746500  4 27 10  15.7 1017 178  1.2 5  5.5  52  307  245 300 -397  1
3797500 2746500  4 27 11  16.6 1017 194  1.4 6  5.2  46  364  284 319 -410  1
3797500 2746500  4 27 12  17.4 1016 108  2.3 6  5.3  44  400  305 331 -421  1
3797500 2746500  4 27 13  17.9 1016  90  2.1 6  5.7  45  459  288 336 -430  1
3797500 2746500  4 27 14  17.8 1015  94  3.2 6  5.6  44  419  290 336 -435  1
3797500 2746500  4 27 15  18.5 1014  96  2.8 6  5.3  41  341  280 336 -434  1
3797500 2746500  4 27 16  18.9 1013  43  2.8 5  5.3  39  347  207 332 -431  1
3797500 2746500  4 27 17  18.7 1012  63  3.2 4  5.3  40  308  139 318 -427  1
3797500 2746500  4 27 18  18.5 1012  96  3.2 4  5.8  43  180  107 310 -421  1
3797500 2746500  4 27 19  17.5 1011  85  2.6 5  6.1  48   59   61 312 -413  1
3797500 2746500  4 27 20  16.8 1011  74  2.2 6  6.1  50    1   11 320 -405  1
3797500 2746500  4 27 21  16.0 1011  79  2.2 5  6.0  52    0    0 317 -397  1
3797500 2746500  4 27 22  15.4 1011  82  2.1 4  6.1  54    0    0 303 -391  1
3797500 2746500  4 27 23  14.7 1011  90  1.9 4  6.1  57    0    0 296 -387  1
3797500 2746500  4 27 24  13.8 1011  89  1.8 3  6.1  61    0    0 288 -385  1
3797500 2746500  4 28  1  13.1 1011  86  2.0 3  6.3  65    0    0 281 -384  1
3797500 2746500  4 28  2  12.2 1010  92  1.4 2  6.3  68    0    0 275 -382  1
3797500 2746500  4 28  3  11.7 1010  90  1.7 3  6.2  71    0    0 274 -381  1
3797500 2746500  4 28  4   9.8 1009 101  1.3 3  6.2  76    0    0 278 -380  1
3797500 2746500  4 28  5  10.4 1009  89  1.2 5  6.1  79    0    0 289 -380  1
3797500 2746500  4 28  6  10.6 1008  68  1.2 5  6.1  76    0    4 302 -380  1
3797500 2746500  4 28  7  13.0 1008  66  1.0 2  6.3  73   43   80 287 -380  1
3797500 2746500  4 28  8  14.8 1008  93  1.6 3  6.4  65  149  139 280 -382  1
3797500 2746500  4 28  9  15.7 1008 103  1.2 5  6.5  60  183  216 301 -383  1
3797500 2746500  4 28 10  17.5 1008 169  1.1 5  6.6  55  327  238 318 -385  1
3797500 2746500  4 28 11  18.5 1007  94  2.6 5  6.3  49  411  262 324 -387  1
3797500 2746500  4 28 12  19.6 1007 113  3.0 4  6.0  43  493  262 324 -392  1
3797500 2746500  4 28 13  20.1 1006 123  3.5 3  6.2  42  534  253 319 -401  1
3797500 2746500  4 28 14  21.1 1005 107  3.2 3  6.3  41  545  228 319 -408  1
3797500 2746500  4 28 15  21.7 1005  71  3.1 3  6.3  39  438  236 324 -413  1
3797500 2746500  4 28 16  21.6 1004 109  3.1 3  6.6  41  400  183 324 -416  1
3797500 2746500  4 28 17  21.4 1004  68  2.8 5  6.6  41  184  193 330 -412  1
3797500 2746500  4 28 18  20.7 1003  83  2.7 6  6.5  41   38  135 340 -405  1
3797500 2746500  4 28 19  19.9 1003 140  3.0 6  6.5  44   17   60 344 -398  1
3797500 2746500  4 28 20  18.8 1003 101  2.2 6  6.6  46    4   11 342 -390  1
3797500 2746500  4 28 21  18.1 1003  88  2.8 5  6.6  49    0    0 335 -386  1
3797500 2746500  4 28 22  17.0 1003  86  2.7 2  6.7  53    0    0 315 -385  1
3797500 2746500  4 28 23  16.0 1003  84  2.7 3  6.6  56    0    0 301 -383  1
3797500 2746500  4 28 24  16.4 1003  88  3.2 5  6.4  55    0    0 316 -379  1
3797500 2746500  4 29  1  15.7 1004  88  2.4 5  6.1  53    0    0 324 -377  1
3797500 2746500  4 29  2  15.0 1003  82  2.4 4  6.0  55    0    0 316 -375  1
3797500 2746500  4 29  3  14.5 1003  95  2.5 2  6.0  57    0    0 300 -374  1
3797500 2746500  4 29  4  13.1 1002 175  1.8 2  6.0  60    0    0 286 -373  1
3797500 2746500  4 29  5  12.1 1002  65  1.9 2  6.0  65    0    0 280 -371  1
3797500 2746500  4 29  6  12.4 1002  72  1.7 4  6.1  68    0    1 288 -371  1
3797500 2746500  4 29  7  13.7 1002 114  1.8 7  6.4  67    3   59 318 -371  1
3797500 2746500  4 29  8  14.3 1003 106  1.9 8  6.7  67    0   51 345 -370  1
3797500 2746500  4 29  9  15.1 1003  99  1.8 8  7.1  68    0  140 353 -372  1
3797500 2746500  4 29 10  16.2 1003 104  1.8 7  7.3  65   18  251 351 -377  1
3797500 2746500  4 29 11  19.0 1003 139  2.4 3  7.1  56  452  213 330 -382  1
3797500 2746500  4 29 12  20.2 1002 123  2.9 4  7.0  49  487  233 323 -388  1
3797500 2746500  4 29 13  20.5 1002 111  2.9 6  7.1  47  213  356 344 -394  1
3797500 2746500  4 29 14  19.8 1001  63  3.1 6  7.1  48  136  348 352 -396  1
3797500 2746500  4 29 15  17.3 1001 201  4.5 8  7.3  54    5  226 355 -399  1
3797500 2746500  4 29 16  17.3 1000  73  2.8 7  7.9  63    0  155 355 -401  1
3797500 2746500  4 29 17  14.4 1000 227  5.4 8  7.9  69    0   48 350 -400  1
3797500 2746500  4 29 18  14.0 1001  38  1.7 8  7.7  75    0   34 347 -397  1
3797500 2746500  4 29 19  14.0 1001 158  3.3 8  8.1  80    0   17 348 -391  1
3797500 2746500  4 29 20  13.7 1002 109  2.1 8  8.0  80    0    5 347 -384  1
3797500 2746500  4 29 21  13.5 1002 113  2.1 8  8.1  82    0    0 347 -378  1
3797500 2746500  4 29 22  13.4 1002 100  1.9 8  8.1  83    0    0 348 -374  1
3797500 2746500  4 29 23  13.5 1001  87  2.3 8  8.3  84    0    0 348 -372  1
3797500 2746500  4 29 24  13.7 1001  76  3.0 8  8.5  85    0    0 349 -372  1
3797500 2746500  4 30  1  13.9 1001  69  3.7 7  8.6  85    0    0 356 -367  1
3797500 2746500  4 30  2  13.9 1000  60  4.1 6  8.7  85    0    0 349 -367  1
3797500 2746500  4 30  3  13.9  998  51  4.3 6  8.6  85    0    0 345 -367  1
3797500 2746500  4 30  4  13.6  998  54  4.0 6  8.5  85    0    0 344 -367  1
3797500 2746500  4 30  5  13.5  998  51  3.6 7  8.4  85    0    0 347 -366  1
3797500 2746500  4 30  6  12.9  997  53  2.9 8  8.2  85    0    3 354 -366  1
3797500 2746500  4 30  7  12.7  997  66  3.3 7  8.1  86    0   21 353 -367  1
3797500 2746500  4 30  8  12.4  997  60  3.1 7  8.1  88    0   39 347 -369  1
3797500 2746500  4 30  9  12.9  997 140  3.2 6  8.2  88    0  102 344 -373  1
3797500 2746500  4 30 10  14.1  997  36  2.0 7  8.5  86    0  119 348 -379  1
3797500 2746500  4 30 11  15.2  997  72  2.7 7  8.9  84    0  198 356 -384  1
3797500 2746500  4 30 12  16.2  997 199  2.5 7  9.4  83   39  339 360 -389  1
3797500 2746500  4 30 13  18.1  998 244  5.0 6  9.8  78  260  404 361 -394  1
3797500 2746500  4 30 14  19.5  999 261  5.5 6  9.9  72  216  389 363 -398  1
3797500 2746500  4 30 15  20.0 1000 287  3.6 6  9.5  65  124  341 364 -407  1
3797500 2746500  4 30 16  20.3 1000 306  5.4 4  9.0  60  213  289 355 -418  1
3797500 2746500  4 30 17  19.0 1001 255  3.2 5  8.9  62   82  219 347 -423  1
3797500 2746500  4 30 18  18.6 1002 251  2.7 6  8.8  64   30  133 350 -421  1
3797500 2746500  4 30 19  18.2 1002 177  1.6 4  8.4  63   53   78 345 -409  1
3797500 2746500  4 30 20  17.2 1002 189  1.1 4  8.1  63    3   12 335 -397  1
3797500 2746500  4 30 21  16.9 1003 188  1.4 6  7.9  64    0    0 340 -389  1
3797500 2746500  4 30 22  16.1 1004 120  1.2 8  8.0  67    0    0 353 -384  1
3797500 2746500  4 30 23  16.4 1005 202  1.1 8  8.2  71    0    0 361 -381  1
3797500 2746500  4 30 24  15.4 1005 168  0.9 8  8.2  72    0    0 359 -378  1
3797500 2746500  5  1  1  15.7 1006 182  1.2 7  7.7  69    0    0 353 -375  1
3797500 2746500  5  1  2  15.4 1007 234  1.0 6  7.1  64    0    0 342 -372  1
3797500 2746500  5  1  3  13.3 1007 152  1.0 6  7.0  68    0    0 334 -367  1
3797500 2746500  5  1  4  13.2 1008 207  0.7 5  6.9  72    0    0 325 -364  1
3797500 2746500  5  1  5  11.4 1008 193  0.9 3  6.6  74    0    0 310 -363  1
3797500 2746500  5  1  6  12.6 1009 225  1.4 3  6.4  73    0   12 298 -363  1
3797500 2746500  5  1  7  14.4 1009 105  1.2 6  6.4  66    2   60 311 -366  1
3797500 2746500  5  1  8  15.5 1010  53  0.7 7  6.8  64    0  103 327 -372  1
3797500 2746500  5  1  9  16.6 1010  48  0.9 8  7.0  62    0  138 337 -384  1
3797500 2746500  5  1 10  19.3 1010  31  0.8 5  7.0  54  194  293 337 -397  1
3797500 2746500  5  1 11  19.4 1010  79  2.3 4  7.0  50  259  327 330 -407  1
3797500 2746500  5  1 12  19.4 1010 107  3.3 5  7.1  50  267  360 331 -415  1
3797500 2746500  5  1 13  21.4 1010  37  2.3 5  6.6  44  547  262 340 -419  1
3797500 2746500  5  1 14  21.6 1010  77  3.1 7  6.2  39  193  354 352 -420  1
3797500 2746500  5  1 15  21.9 1009  41  3.1 6  5.9  36  147  317 357 -419  1
3797500 2746500  5  1 16  22.0 1008  43  5.1 7  6.1  37  164  265 359 -416  1
3797500 2746500  5  1 17  22.2 1008  35  3.9 6  6.6  39  226  179 360 -413  1
3797500 2746500  5  1 18  21.8 1008  38  4.2 7  7.0  42   81  131 360 -409  1
3797500 2746500  5  1 19  21.4 1007  39  5.8 7  7.5  46    2   44 362 -405  1
3797500 2746500  5  1 20  20.7 1007  50  5.8 8  7.5  48    4   11 365 -401  1
3797500 2746500  5  1 21  20.1 1007  48  5.1 7  7.5  50    0    0 363 -397  1
3797500 2746500  5  1 22  19.7 1007  59  5.4 7  7.4  50    0    0 357 -395  1
3797500 2746500  5  1 23  18.9 1007  70  5.2 8  6.9  49    0    0 360 -394  1
3797500 2746500  5  1 24  18.1 1006  52  5.6 7  6.4  48    0    0 356 -395  1
3797500 2746500  5  2  1  17.4 1006  49  4.3 7  5.9  47    0    0 346 -394  1
3797500 2746500  5  2  2  16.7 1006  49  5.1 7  5.9  48    0    0 345 -392  1
3797500 2746500  5  2  3  16.0 1006  82  4.6 7  5.9  51    0    0 343 -390  1
3797500 2746500  5  2  4  15.2 1006 127  2.1 8  6.1  55    0    0 346 -390  1
3797500 2746500  5  2  5  13.9 1006  57  2.2 7  6.6  63    0    0 344 -388  1
3797500 2746500  5  2  6  13.3 1007  69  2.8 7  6.9  71    0   20 337 -386  1
3797500 2746500  5  2  7  13.2 1008  71  2.2 4  7.4  78   21   73 323 -384  1
3797500 2746500  5  2  8  14.2 1008 104  2.4 3  8.1  83  236   48 307 -386  1
3797500 2746500  5  2  9  15.4 1008  98  3.0 4  8.6  81  266   94 310 -390  1
3797500 2746500  5  2 10  16.3 1009 123  2.0 4  8.6  76  191  190 318 -395  1
3797500 2746500  5  2 11  17.6 1010 213  2.6 4  8.9  73  485   69 323 -405  1
3797500 2746500  5  2 12  17.7 1010 243  3.7 6  9.2  72  111  278 332 -418  1
3797500 2746500  5  2 13  17.7 1010 232  2.5 7  9.4  74    8  254 342 -435  1
3797500 2746500  5  2 14  18.8 1010 244  3.3 7  9.4  71   57  272 346 -449  1
3797500 2746500  5  2 15  19.5 1010 217  3.6 7  9.3  67   40  241 350 -454  1
3797500 2746500  5  2 16  19.5 1010 267  2.6 8  9.4  66    2  172 355 -454  1
3797500 2746500  5  2 17  19.5 1010 327  2.2 8  9.4  66    2  135 358 -449  1
3797500 2746500  5  2 18  19.3 1010 319  2.2 8  9.3  65    4   95 358 -439  1
3797500 2746500  5  2 19  19.1 1010 334  2.2 8  9.3  66    6   53 358 -427  1
3797500 2746500  5  2 20  17.9 1011 331  2.3 7  9.4  70    6   12 354 -412  1
3797500 2746500  5  2 21  16.9 1011 336  1.9 7  9.3  75    0    0 349 -397  1
3797500 2746500  5  2 22  16.2 1012 336  1.7 7  9.3  79    0    0 347 -387  1
3797500 2746500  5  2 23  16.0 1012 350  2.7 7  9.4  82    0    0 345 -381  1
3797500 2746500  5  2 24  15.7 1012 352  2.3 7  9.4  83    0    0 343 -376  1
3797500 2746500  5  3  1  15.2 1012 344  2.9 8  9.3  84    0    0 344 -372  1
3797500 2746500  5  3  2  14.9 1011 330  3.0 8  9.2  86    0    0 348 -369  1
3797500 2746500  5  3  3  14.4 1011 355  2.6 8  9.1  87    0    0 348 -367  1
3797500 2746500  5  3  4  14.2 1011 355  2.9 7  8.9  88    0    0 342 -364  1
3797500 2746500  5  3  5  13.9 1010   2  2.5 7  8.8  87    0    0 338 -361  1
3797500 2746500  5  3  6  13.5 1010 348  3.1 5  8.6  87    0   24 329 -361  1
3797500 2746500  5  3  7  13.6 1010 354  2.8 5  8.5  87    0   61 319 -366  1
3797500 2746500  5  3  8  13.7 1009 352  3.1 6  8.5  87   10  110 324 -375  1
3797500 2746500  5  3  9  14.1 1009   2  3.4 7  8.4  84    5  159 334 -386  1
3797500 2746500  5  3 10  14.7 1008  15  5.1 7  8.3  80    5  190 340 -393  1
3797500 2746500  5  3 11  15.6 1008  21  3.2 8  8.4  78    0  165 349 -395  1
3797500 2746500  5  3 12  14.6 1007 135  3.1 8  8.8  81    0  138 354 -399  1
3797500 2746500  5  3 13  16.3 1007 360  3.0 8  9.3  84    5  229 358 -408  1
3797500 2746500  5  3 14  18.3 1006   8  2.9 8 10.0  80    0  207 365 -415  1
3797500 2746500  5  3 15  19.6 1006 349  2.1 8 10.1  73   15  199 371 -419  1
3797500 2746500  5  3 16  19.5 1005 204  1.1 8 10.5  73   15  171 373 -421  1
3797500 2746500  5  3 17  19.0 1005 225  1.7 8 11.1  79    0   71 372 -415  1
3797500 2746500  5  3 18  18.0 1005 219  2.4 8 11.1  82    0   40 369 -406  1
3797500 2746500  5  3 19  16.4 1005 201  2.1 8 10.7  86    0   24 364 -400  1
3797500 2746500  5  3 20  15.6 1005 253  2.9 8 10.3  89    0    5 361 -397  1
3797500 2746500  5  3 21  15.2 1005 224  2.1 8  9.9  90    0    0 359 -393  1
3797500 2746500  5  3 22  14.9 1005 218  2.4 5  9.8  91    0    0 344 -389  1
3797500 2746500  5  3 23  14.7 1005 233  2.7 6  9.7  91    0    0 334 -386  1
3797500 2746500  5  3 24  14.4 1006 226  2.4 8  9.5  91    0    0 347 -384  1
3797500 2746500  5  4  1  14.0 1006  89  2.1 7  9.3  91    0    0 350 -383  1
3797500 2746500  5  4  2  13.7 1006 236  2.1 5  9.2  92    0    0 336 -382  1
3797500 2746500  5  4  3  13.3 1006 252  2.3 5  9.0  92    0    0 327 -380  1
3797500 2746500  5  4  4  12.9 1005 227  2.4 7  8.5  90    0    0 334 -377  1
3797500 2746500  5  4  5  12.0 1005 193  1.8 7  7.7  84    0    0 338 -375  1
3797500 2746500  5  4  6  11.6 1005 177  2.3 7  7.1  82    0   21 336 -374  1
3797500 2746500  5  4  7  12.3 1005 174  2.1 6  7.2  82    9   94 333 -375  1
3797500 2746500  5  4  8  13.3 1005 200  3.0 5  7.3  79   27  182 326 -377  1
3797500 2746500  5  4  9  13.6 1005 201  3.1 6  7.4  76   62  273 328 -381  1
3797500 2746500  5  4 10  13.9 1005 231  2.4 6  7.5  76   41  310 335 -387  1
3797500 2746500  5  4 11  14.0 1005 226  3.2 7  7.6  76    0  217 341 -395  1
3797500 2746500  5  4 12  14.8 1005 231  3.3 5  7.8  76   39  365 339 -405  1
3797500 2746500  5  4 13  13.8 1005 225  3.6 7  7.7  75    0  231 340 -413  1
3797500 2746500  5  4 14  13.7 1005 256  3.2 8  7.5  76    0  175 348 -416  1
3797500 2746500  5  4 15  14.7 1004 192  2.8 7  7.5  74    3  228 346 -415  1
3797500 2746500  5  4 16  15.0 1004 189  2.2 6  7.5  70   23  261 340 -414  1
3797500 2746500  5  4 17  14.9 1003 193  2.4 7  7.4  69    7  174 337 -414  1
3797500 2746500  5  4 18  15.1 1003 294  1.7 7  7.4  69    0   83 338 -409  1
3797500 2746500  5  4 19  14.7 1003 152  1.7 8  7.3  69    0   45 339 -405  1
3797500 2746500  5  4 20  14.5 1002 230  1.6 8  7.4  70    0    9 341 -398  1
3797500 2746500  5  4 21  13.7 1002 271  0.9 8  7.6  75    0    0 340 -388  1
3797500 2746500  5  4 22  13.6 1002 177  0.9 8  7.9  80    0    0 338 -383  1
3797500 2746500  5  4 23  13.5 1002 190  1.3 7  7.9  80    0    0 333 -380  1
3797500 2746500  5  4 24  13.0 1002 171  1.1 6  7.9  83    0    0 325 -378  1
3797500 2746500  5  5  1  13.0 1002 185  1.1 8  7.9  83    0    0 326 -376  1
3797500 2746500  5  5  2  13.0 1001 181  1.3 8  7.7  81    0    0 331 -373  1
3797500 2746500  5  5  3  13.1 1001 162  1.4 8  7.5  79    0    0 331 -370  1
3797500 2746500  5  5  4  12.9 1000 271  1.8 8  7.4  78    0    0 330 -370  1
3797500 2746500  5  5  5  12.5 1000 182  1.4 8  7.5  80    0    0 329 -371  1
3797500 2746500  5  5  6  12.4  999 190  1.5 8  7.5  82    0    7 328 -373  1
3797500 2746500  5  5  7  13.0  999 174  1.7 6  7.5  80   10   86 321 -374  1
3797500 2746500  5  5  8  14.7  999 194  2.6 3  7.4  74  188  140 310 -380  1
3797500 2746500  5  5  9  15.9  999 194  3.3 2  7.4  67  358  145 302 -390  1
3797500 2746500  5  5 10  17.5  998 224  4.6 1  7.3  61  497  153 301 -400  1
3797500 2746500  5  5 11  18.2  998 234  3.7 2  7.2  56  431  253 306 -410  1
3797500 2746500  5  5 12  18.3  997 244  4.4 4  7.0  53  187  364 316 -421  1
3797500 2746500  5  5 13  17.7  997 239  4.6 6  6.6  50   96  363 327 -434  1
3797500 2746500  5  5 14  19.0  997 249  5.0 7  6.7  50  144  357 339 -445  1
3797500 2746500  5  5 15  19.1  996 242  4.7 6  7.0  50  226  315 345 -450  1
3797500 2746500  5  5 16  19.3  996  19  4.1 4  6.9  49  262  245 338 -442  1
3797500 2746500  5  5 17  18.6  996 287  3.7 4  6.6  48  233  175 331 -433  1
3797500 2746500  5  5 18  18.0  996 315  3.2 4  6.5  49  110  135 326 -428  1
3797500 2746500  5  5 19  16.5  995 338  3.4 6  6.8  55    9   67 328 -418  1
3797500 2746500  5  5 20  14.1  996 342  3.5 7  7.1  64    0    5 331 -410  1
3797500 2746500  5  5 21  12.4  997 346  2.0 8  6.8  71    0    0 333 -408  1
3797500 2746500  5  5 22  11.8  997 358  2.5 8  6.6  73    0    0 335 -407  1
3797500 2746500  5  5 23  11.4  997 356  1.8 7  6.6  76    0    0 332 -402  1
3797500 2746500  5  5 24  10.7  998 345  2.2 8  6.5  78    0    0 333 -395  1
3797500 2746500  5  6  1  10.2  998   3  2.4 8  6.5  81    0    0 338 -389  1
3797500 2746500  5  6  2   9.5  997   8  2.7 8  6.5  84    0    0 338 -384  1
3797500 2746500  5  6  3   9.6  997   6  2.1 8  6.4  85    0    0 339 -383  1
3797500 2746500  5  6  4   9.2  997   4  2.7 8  6.3  84    0    0 339 -384  1
3797500 2746500  5  6  5   8.8  997  16  3.4 7  6.1  84    0    0 336 -384  1
3797500 2746500  5  6  6   8.4  997   9  2.6 8  6.0  85    0    5 336 -385  1
3797500 2746500  5  6  7   8.0  998   7  2.9 7  6.0  87    0   20 336 -386  1
3797500 2746500  5  6  8   7.8  998  30  3.5 8  6.0  89    0   38 335 -389  1
3797500 2746500  5  6  9   8.2  998  40  4.2 7  6.0  88    0   87 337 -391  1
3797500 2746500  5  6 10   8.2  998  36  3.8 7  6.0  88    0  127 333 -398  1
3797500 2746500  5  6 11   8.0  999  15  1.4 8  6.1  90    0  125 337 -400  1
3797500 2746500  5  6 12   8.4  999  47  2.9 8  6.1  89    0  109 342 -398  1
3797500 2746500  5  6 13   8.5  999  31  2.4 7  6.1  88    0  133 337 -400  1
3797500 2746500  5  6 14   8.7 1000  15  0.5 7  6.2  88    0  157 333 -400  1
3797500 2746500  5  6 15   8.4 1000  28  3.4 7  6.0  85    0  158 330 -400  1
3797500 2746500  5  6 16   8.5 1000  37  3.4 7  5.9  84    0  143 328 -393  1
3797500 2746500  5  6 17   8.6 1000  37  2.9 8  5.9  84    0   84 329 -378  1
3797500 2746500  5  6 18   8.7 1001  37  3.4 8  5.8  81    0   37 333 -365  1
3797500 2746500  5  6 19   8.2 1001  46  3.0 8  5.7  81    0   29 331 -357  1
3797500 2746500  5  6 20   8.5 1001  34  2.9 8  5.6  80    0    8 331 -352  1
3797500 2746500  5  6 21   8.4 1001  40  3.0 8  5.5  79    0    0 330 -348  1
3797500 2746500  5  6 22   8.8 1002  37  3.5 8  5.5  78    0    0 331 -346  1
3797500 2746500  5  6 23   8.4 1002  48  3.5 8  5.3  76    0    0 332 -345  1
3797500 2746500  5  6 24   8.1 1002  45  2.8 8  5.2  76    0    0 330 -344  1
3797500 2746500  5  7  1   7.7 1002  40  3.4 7  5.0  75    0    0 324 -344  1
3797500 2746500  5  7  2   7.5 1002  48  2.6 8  4.9  75    0    0 324 -344  1
3797500 2746500  5  7  3   7.1 1003  47  1.9 8  4.9  76    0    0 329 -342  1
3797500 2746500  5  7  4   6.9 1003  45  2.5 7  4.9  78    0    0 322 -341  1
3797500 2746500  5  7  5   6.8 1003  47  3.0 7  4.9  79    0    0 316 -339  1
3797500 2746500  5  7  6   6.8 1002  48  3.6 8  4.9  79    0    6 322 -338  1
3797500 2746500  5  7  7   6.7 1002  48  2.9 8  4.9  80    0   25 327 -339  1
3797500 2746500  5  7  8   6.7 1003  48  2.6 8  4.9  80    0   42 326 -341  1
3797500 2746500  5  7  9   7.0 1003  42  2.7 8  4.9  79    0   93 325 -345  1
3797500 2746500  5  7 10   7.4 1003  41  2.4 7  4.9  78    0  178 318 -351  1
3797500 2746500  5  7 11   7.5 1004  56  3.0 7  5.1  79    0  207 312 -359  1
3797500 2746500  5  7 12   7.8 1004  58  2.8 8  5.3  81    0  167 319 -363  1
3797500 2746500  5  7 13   8.2 1004  37  2.6 8  5.5  81    0  145 324 -368  1
3797500 2746500  5  7 14   8.2 1004  39  3.0 8  5.5  81    0  146 324 -376  1
3797500 2746500  5  7 15   8.7 1004  14  2.5 8  5.7  82    0  113 326 -379  1
3797500 2746500  5  7 16   8.1 1004   7  3.1 8  5.9  84    0   93 327 -376  1
3797500 2746500  5  7 17   7.8 1005  11  3.6 8  5.9  88    0   97 324 -371  1
3797500 2746500  5  7 18   7.8 1005  11  3.5 8  5.9  89    0   72 324 -370  1
3797500 2746500  5  7 19   7.8 1005   8  3.5 8  5.9  89    0   32 323 -367  1
3797500 2746500  5  7 20   7.7 1006  13  2.7 8  5.8  88    0    4 322 -359  1
3797500 2746500  5  7 21   7.4 1007  25  3.5 8  5.7  87    0    0 320 -353  1
3797500 2746500  5  7 22   7.5 1008   3  2.5 7  5.6  86    0    0 313 -349  1
3797500 2746500  5  7 23   7.4 1008 355  2.4 8  5.5  85    0    0 313 -347  1
3797500 2746500  5  7 24   7.0 1009 359  2.2 8  5.5  87    0    0 318 -345  1
3797500 2746500  5  8  1   7.0 1009  10  1.7 7  5.5  89    0    0 314 -344  1
3797500 2746500  5  8  2   6.8 1009 358  1.9 8  5.5  89    0    0 316 -342  1
3797500 2746500  5  8  3   7.1 1009  25  1.7 8  5.5  89    0    0 321 -340  1
3797500 2746500  5  8  4   6.7 1009   0  1.6 7  5.5  88    0    0 316 -339  1
3797500 2746500  5  8  5   6.5 1010 342  2.0 7  5.4  89    0    0 309 -338  1
3797500 2746500  5  8  6   6.4 1010   2  1.7 7  5.4  89    0    7 307 -337  1
3797500 2746500  5  8  7   6.9 1010  39  1.4 7  5.3  87    0   48 306 -339  1
3797500 2746500  5  8  8   7.2 1011  96  1.3 6  5.3  85    8  142 299 -347  1
3797500 2746500  5  8  9   7.9 1011 105  0.9 7  5.3  82    3  173 299 -358  1
3797500 2746500  5  8 10   8.9 1011 102  1.0 8  5.3  76    0  167 313 -371  1
3797500 2746500  5  8 11   9.6 1012 205  1.4 8  5.2  71    0  177 322 -387  1
3797500 2746500  5  8 12  10.0 1012 135  1.7 8  5.2  70   14  286 326 -400  1
3797500 2746500  5  8 13  11.3 1012 127  1.9 6  5.2  66  162  357 321 -403  1
3797500 2746500  5  8 14  12.6 1012 174  2.0 5  5.3  61  351  296 313 -405  1
3797500 2746500  5  8 15  12.9 1012 270  1.2 4  5.4  59  438  211 308 -412  1
3797500 2746500  5  8 16  13.3 1011 200  1.3 3  5.2  56  380  173 301 -414  1
3797500 2746500  5  8 17  13.2 1011 159  1.7 3  5.2  54  195  183 295 -411  1
3797500 2746500  5  8 18  13.8 1011 217  1.9 3  5.2  54   91  136 294 -406  1
3797500 2746500  5  8 19  13.3 1011 181  1.4 2  5.1  53   60   70 290 -398  1
3797500 2746500  5  8 20  11.8 1010 109  1.5 1  5.1  56    8   19 279 -388  1
3797500 2746500  5  8 21  11.0 1010  97  1.8 3  5.2  62    0    0 280 -380  1
3797500 2746500  5  8 22  10.0 1010 109  1.8 5  5.3  67    0    0 292 -375  1
3797500 2746500  5  8 23  10.3 1010 126  1.7 5  5.4  69    0    0 299 -372  1
3797500 2746500  5  8 24   9.8 1010 150  2.5 4  5.4  70    0    0 296 -370  1
3797500 2746500  5  9  1   9.5 1010 138  2.2 4  5.4  72    0    0 292 -369  1
3797500 2746500  5  9  2  10.1 1010 143  2.6 6  5.7  75    0    0 302 -368  1
3797500 2746500  5  9  3  10.4 1009 159  3.5 5  5.9  76    0    0 310 -366  1
3797500 2746500  5  9  4  10.4 1009 158  3.4 4  6.1  77    0    0 304 -362  1
3797500 2746500  5  9  5  10.5 1009 158  3.2 1  6.2  78    0    0 290 -357  1
3797500 2746500  5  9  6  11.3 1008 159  3.7 0  6.3  77   15   35 277 -354  1
3797500 2746500  5  9  7  13.0 1007 160  3.5 1  6.5  73  109   85 281 -354  1
3797500 2746500  5  9  8  14.8 1007 169  3.9 2  6.6  67  244  113 293 -356  1
3797500 2746500  5  9  9  16.0 1006 170  4.8 4  6.8  62  371  134 311 -360  1
3797500 2746500  5  9 10  17.1 1006 170  4.7 6  6.9  58  350  228 332 -366  1
3797500 2746500  5  9 11  17.2 1006 194  4.1 7  6.7  54  159  342 345 -372  1
3797500 2746500  5  9 12  18.8 1006 174  4.5 6  6.5  50  343  319 349 -384  1
3797500 2746500  5  9 13  20.1 1005 189  3.4 6  6.2  44  259  357 349 -397  1
3797500 2746500  5  9 14  20.0 1004 159  5.1 6  6.0  41  111  349 350 -406  1
3797500 2746500  5  9 15  20.2 1003 181  2.6 7  6.0  41   29  280 353 -407  1
3797500 2746500  5  9 16  20.3 1003 190  3.7 8  6.2  42    1  166 361 -407  1
3797500 2746500  5  9 17  21.0 1003 187  3.6 7  6.4  42   20  188 362 -407  1
3797500 2746500  5  9 18  20.3 1002 208  4.2 7  6.5  43   12  124 358 -398  1
3797500 2746500  5  9 19  19.9 1002 204  3.5 8  6.6  45    7   65 360 -385  1
3797500 2746500  5  9 20  19.4 1002 194  2.4 8  6.9  48    5   18 363 -372  1
3797500 2746500  5  9 21  18.5 1003 201  3.2 7  7.3  53    0    0 356 -363  1
3797500 2746500  5  9 22  18.0 1003 195  3.2 8  7.6  58    0    0 354 -357  1
3797500 2746500  5  9 23  17.6 1003 197  2.9 8  8.0  62    0    0 358 -354  1
3797500 2746500  5  9 24  17.1 1003 180  3.4 8  8.2  66    0    0 359 -352  1
3797500 2746500  5 10  1  16.8 1003 189  2.8 6  8.2  68    0    0 351 -351  1
3797500 2746500  5 10  2  15.6 1003 179  2.7 4  8.1  70    0    0 332 -350  1
3797500 2746500  5 10  3  15.2 1003 169  3.9 3  8.1  74    0    0 320 -350  1
3797500 2746500  5 10  4  15.0 1003 168  3.3 6  8.2  76    0    0 330 -351  1
3797500 2746500  5 10  5  14.9 1003 168  3.7 6  8.3  78    0    0 343 -352  1
3797500 2746500  5 10  6  15.3 1003 170  3.5 7  8.6  79    0    7 349 -352  1
3797500 2746500  5 10  7  15.6 1003 180  2.8 8  8.9  80    0   26 361 -355  1
3797500 2746500  5 10  8  16.1 1003 169  3.5 7  9.2  81    0   91 362 -358  1
3797500 2746500  5 10  9  16.3 1004 180  3.4 7  9.4  81    0  150 358 -362  1
3797500 2746500  5 10 10  17.0 1004 171  3.4 6  9.7  81    3  220 354 -366  1
3797500 2746500  5 10 11  17.2 1004 192  3.6 7  9.8  79    0  223 355 -368  1
3797500 2746500  5 10 12  17.4 1005 201  3.3 8  9.8  78    0  219 365 -370  1
3797500 2746500  5 10 13  19.2 1005 230  3.9 6  9.9  74   39  350 363 -374  1
3797500 2746500  5 10 14  19.1 1005 238  4.7 5  9.9  70   63  358 351 -385  1
3797500 2746500  5 10 15  19.7 1006 172  4.9 6  9.9  70  101  350 354 -389  1
3797500 2746500  5 10 16  19.6 1006 226  4.1 5  9.9  68  115  304 357 -386  1
3797500 2746500  5 10 17  18.4 1006 211  3.1 7 10.4  75    8  175 360 -392  1
3797500 2746500  5 10 18  18.9 1006 216  3.2 7 11.0  81    2  107 368 -398  1
3797500 2746500  5 10 19  18.4 1007 233  2.4 8 10.8  79    9   71 372 -398  1
3797500 2746500  5 10 20  17.2 1008 240  1.9 7 10.3  80    0   11 368 -393  1
3797500 2746500  5 10 21  16.3 1008 189  1.4 6 10.0  84    0    0 357 -387  1
3797500 2746500  5 10 22  16.5 1009 170  1.3 7 10.0  85    0    0 356 -383  1
3797500 2746500  5 10 23  15.9 1009 170  1.6 7  9.9  85    0    0 361 -384  1
3797500 2746500  5 10 24  16.0 1009 185  1.5 6  9.8  86    0    0 356 -385  1
3797500 2746500  5 11  1  15.9 1010 173  1.9 4  9.8  86    0    0 345 -386  1
3797500 2746500  5 11  2  15.9 1010 173  2.1 5  9.7  86    0    0 340 -386  1
3797500 2746500  5 11  3  16.0 1009 173  2.2 6  9.6  84    0    0 349 -385  1
3797500 2746500  5 11  4  16.3 1009 175  3.1 6  9.7  84    0    0 354 -384  1
3797500 2746500  5 11  5  16.6 1009 175  2.7 7  9.7  83    0    0 359 -384  1
3797500 2746500  5 11  6  16.6 1009 175  3.4 7  9.8  82    0    6 363 -386  1
3797500 2746500  5 11  7  17.4 1009 173  3.3 6 10.0  82    0   70 360 -388  1
3797500 2746500  5 11  8  18.4 1009 174  3.5 7 10.4  80    1  126 363 -391  1
3797500 2746500  5 11  9  18.5 1009 173  3.3 7 10.5  79    0  124 367 -396  1
3797500 2746500  5 11 10  20.0 1009 173  4.1 7 10.6  75   21  303 368 -403  1
3797500 2746500  5 11 11  20.8 1009 173  4.4 7 10.7  71    7  282 371 -411  1
3797500 2746500  5 11 12  21.4 1009 171  4.2 7 11.0  70   12  319 374 -420  1
3797500 2746500  5 11 13  21.5 1008 190  3.8 7 11.4  71    0  217 378 -428  1
3797500 2746500  5 11 14  22.2 1008 168  3.8 6 11.9  72   10  302 381 -431  1
3797500 2746500  5 11 15  23.7 1008 209  3.5 5 12.1  68   33  343 382 -437  1
3797500 2746500  5 11 16  24.1 1008 199  3.5 7 12.2  65   34  303 390 -440  1
3797500 2746500  5 11 17  24.0 1008 219  4.0 8 12.1  64    0  127 397 -436  1
3797500 2746500  5 11 18  24.0 1008 206  1.7 6 11.9  63    7  139 396 -430  1
3797500 2746500  5 11 19  23.7 1007 209  1.9 8 12.1  65   21  101 396 -424  1
3797500 2746500  5 11 20  23.8 1007 165  1.6 8 12.3  66    0   17 399 -420  1
3797500 2746500  5 11 21  23.7 1007 212  3.8 8 11.9  64    0    0 399 -416  1
3797500 2746500  5 11 22  21.0 1008 229  2.1 8 11.8  69    0    0 393 -415  1
3797500 2746500  5 11 23  22.5 1008 211  3.8 8 11.5  70    0    0 389 -412  1
3797500 2746500  5 11 24  21.2 1009 228  2.6 8 10.8  66    0    0 388 -411  1
3797500 2746500  5 12  1  20.3 1009 230  3.4 6 10.6  69    0    0 381 -410  1
3797500 2746500  5 12  2  20.0 1009 220  3.8 6 10.7  72    0    0 375 -408  1
3797500 2746500  5 12  3  19.9 1009 221  2.8 6 10.8  73    0    0 374 -406  1
3797500 2746500  5 12  4  20.1 1010 211  3.0 7 10.8  73    0    0 376 -404  1
3797500 2746500  5 12  5  20.0 1010 228  3.3 6 10.6  72    0    0 376 -402  1
3797500 2746500  5 12  6  19.7 1010 239  2.8 6 10.6  72    0    9 373 -401  1
3797500 2746500  5 12  7  18.6 1011 252  2.3 8 11.1  79    0   34 378 -404  1
3797500 2746500  5 12  8  18.5 1011 220  3.0 7 11.5  86    0  109 381 -408  1
3797500 2746500  5 12  9  19.6 1011 229  2.9 7 11.4  82   21  194 381 -411  1
3797500 2746500  5 12 10  19.2 1011 228  3.8 7 11.2  79    0  165 383 -411  1
3797500 2746500  5 12 11  17.3 1012 222  4.2 7 11.1  84    0  136 380 -412  1
3797500 2746500  5 12 12  17.1 1013 227  3.6 7 11.2  91    0  143 378 -418  1
3797500 2746500  5 12 13  17.1 1013 229  3.2 6 11.2  92    0  193 374 -426  1
3797500 2746500  5 12 14  16.7 1013 241  3.3 7 11.0  91    0  157 374 -433  1
3797500 2746500  5 12 15  16.5 1013 296  2.5 7 10.3  87    0  111 376 -436  1
3797500 2746500  5 12 16  16.6 1014 272  4.4 6  9.1  78   23  205 369 -437  1
3797500 2746500  5 12 17  15.6 1014 299  3.7 5  7.9  69   96  162 353 -436  1
3797500 2746500  5 12 18  14.8 1015 309  3.2 7  7.1  66    0   79 352 -431  1
3797500 2746500  5 12 19  14.0 1016 309  3.6 8  7.1  69    0   38 361 -421  1
3797500 2746500  5 12 20  13.8 1016 260  2.6 7  6.8  69    0   13 358 -409  1
3797500 2746500  5 12 21  13.5 1017 278  1.9 7  6.4  66    0    0 351 -399  1
3797500 2746500  5 12 22  13.2 1018 272  2.3 7  6.4  67    0    0 351 -389  1
3797500 2746500  5 12 23  11.9 1019 327  3.6 5  6.0  67    0    0 338 -383  1
3797500 2746500  5 12 24  10.6 1020 326  2.2 3  5.4  66    0    0 310 -377  1
3797500 2746500  5 13  1   9.9 1020 316  2.6 5  5.4  70    0    0 305 -372  1
3797500 2746500  5 13  2   9.2 1021 317  3.0 5  5.6  76    0    0 312 -367  1
3797500 2746500  5 13  3   8.6 1022 317  2.5 5  5.6  79    0    0 309 -362  1
3797500 2746500  5 13  4   8.2 1022 335  1.6 6  5.5  80    0    0 312 -359  1
3797500 2746500  5 13  5   7.7 1023 313  1.0 6  5.3  80    0    4 317 -356  1
3797500 2746500  5 13  6   7.7 1023 284  1.0 6  5.2  81   14   32 317 -353  1
3797500 2746500  5 13  7   8.5 1024 294  1.6 6  5.4  81   14   87 319 -354  1
3797500 2746500  5 13  8   8.9 1025 308  2.0 7  5.5  79    9  140 325 -360  1
3797500 2746500  5 13  9   8.9 1025 327  3.0 6  5.4  77   39  216 322 -372  1
3797500 2746500  5 13 10   9.0 1026 323  2.8 6  5.2  74  113  267 316 -385  1
3797500 2746500  5 13 11  11.2 1027 346  3.5 6  5.0  66  137  300 320 -398  1
3797500 2746500  5 13 12  12.1 1027 299  2.9 6  4.8  57   32  294 324 -400  1
3797500 2746500  5 13 13  10.8 1027 290  2.5 6  4.8  57   25  293 324 -398  1
3797500 2746500  5 13 14  10.4 1027 344  3.1 6  5.0  64  133  305 319 -400  1
3797500 2746500  5 13 15  11.7 1028 331  3.7 5  4.8  59  196  267 313 -404  1
3797500 2746500  5 13 16  12.1 1028 344  4.1 4  4.5  53  232  208 303 -405  1
3797500 2746500  5 13 17  12.0 1028 332  4.0 5  4.5  52  301  108 303 -397  1
3797500 2746500  5 13 18  11.7 1028 336  3.5 5  4.4  51  179   90 305 -389  1
3797500 2746500  5 13 19  11.4 1028 335  1.9 4  4.3  52   92   54 299 -384  1
3797500 2746500  5 13 20  10.1 1028 342  1.3 2  4.2  54   15   20 283 -376  1
3797500 2746500  5 13 21   9.0 1028 338  1.2 1  4.1  56    0    0 264 -366  1
3797500 2746500  5 13 22   8.2 1029 355  1.2 0  4.1  60    0    0 252 -356  1
3797500 2746500  5 13 23   7.0 1029 345  0.7 0  4.1  64    0    0 243 -349  1
3797500 2746500  5 13 24   6.8 1029 340  0.3 0  4.0  66    0    0 240 -343  1
3797500 2746500  5 14  1   5.3 1029 328  0.6 0  4.1  71    0    0 238 -339  1
3797500 2746500  5 14  2   5.3 1029 330  0.5 0  4.2  76    0    0 235 -335  1
3797500 2746500  5 14  3   4.7 1028 332  0.3 0  4.2  79    0    0 233 -332  1
3797500 2746500  5 14  4   4.4 1028 325  0.0 0  4.1  80    0    0 232 -329  1
3797500 2746500  5 14  5   3.7 1027 336  0.5 0  4.1  82    0    3 230 -327  1
3797500 2746500  5 14  6   5.3 1027 215  0.3 0  4.3  83   19   41 232 -326  1
3797500 2746500  5 14  7   7.8 1027 140  0.4 0  4.6  77  110   95 237 -330  1
3797500 2746500  5 14  8   8.8 1027  39  1.0 1  4.6  69  208  144 245 -338  1
3797500 2746500  5 14  9   9.5 1027  26  1.5 3  4.4  61  139  250 263 -350  1
3797500 2746500  5 14 10   9.0 1026 324  2.3 4  4.0  56  169  307 278 -367  1
3797500 2746500  5 14 11  10.3 1026  34  2.1 3  3.8  51  226  346 277 -384  1
3797500 2746500  5 14 12  11.3 1026 112  1.6 3  3.8  48  350  337 276 -398  1
3797500 2746500  5 14 13  11.3 1025  23  1.5 4  3.9  47  438  309 280 -408  1
3797500 2746500  5 14 14  11.9 1024 325  1.8 3  3.7  44  445  287 280 -416  1
3797500 2746500  5 14 15  12.3 1023 343  2.8 4  3.7  43  448  239 282 -418  1
3797500 2746500  5 14 16  13.5 1023   9  2.5 3  3.9  42  424  186 284 -416  1
3797500 2746500  5 14 17  13.7 1022 313  1.3 3  3.7  39  349  140 280 -412  1
3797500 2746500  5 14 18  13.4 1021 304  1.5 2  3.6  38  233  108 274 -407  1
3797500 2746500  5 14 19  13.9 1020 258  1.1 1  3.9  40  109   78 267 -398  1
3797500 2746500  5 14 20  12.2 1020 260  1.1 2  4.0  45   19   29 268 -386  1
3797500 2746500  5 14 21  11.1 1019 222  1.2 2  4.2  50    0    0 268 -372  1
3797500 2746500  5 14 22   9.9 1019 184  1.2 2  4.3  55    0    0 260 -363  1
3797500 2746500  5 14 23  10.0 1019 146  1.4 2  5.0  62    0    0 251 -359  1
3797500 2746500  5 14 24  10.8 1019 117  1.8 4  5.8  68    0    0 245 -354  1
3797500 2746500  5 15  1  12.1  999 114  2.3 5  6.9  74    0    0 353 -374  1
3797500 2746500  5 15  2  13.3  998 117  2.6 7  7.6  77    0    0 364 -373  1
3797500 2746500  5 15  3  14.2  998 124  2.9 8  8.2  79    0    0 363 -373  1
3797500 2746500  5 15  4  14.2  998 138  3.0 8  8.1  79    0    0 364 -372  1
3797500 2746500  5 15  5  14.3  997 146  2.8 8  8.2  80    0    0 363 -371  1
3797500 2746500  5 15  6  14.2  997 166  2.7 8  8.2  80    0   21 364 -370  1
3797500 2746500  5 15  7  14.7  998 172  2.8 7  8.5  82    0   71 357 -370  1
3797500 2746500  5 15  8  15.5  998 216  2.1 7  8.8  81    9  155 350 -372  1
3797500 2746500  5 15  9  16.6  998 209  3.0 7  9.1  78   27  242 353 -377  1
3797500 2746500  5 15 10  17.7  998 220  2.9 5  9.0  72   82  333 342 -385  1
3797500 2746500  5 15 11  17.4  999 211  3.0 5  8.6  68   81  370 331 -391  1
3797500 2746500  5 15 12  18.4  999 202  3.1 7  8.5  66    1  250 345 -398  1
3797500 2746500  5 15 13  15.5  999 195  1.6 8  8.4  69    0  152 356 -405  1
3797500 2746500  5 15 14  15.8  999 171  2.2 8  8.5  76    0  124 356 -409  1
3797500 2746500  5 15 15  16.4  999 153  2.1 8  9.1  78    0  139 358 -411  1
3797500 2746500  5 15 16  17.3  999 176  2.4 7  9.3  76    5  213 354 -407  1
3797500 2746500  5 15 17  14.5  999 197  2.0 6  8.7  76    0  115 337 -401  1
3797500 2746500  5 15 18  14.9  999 208  2.5 6  8.4  79    0   68 325 -395  1
3797500 2746500  5 15 19  14.4 1000 223  2.7 7  8.2  77    0   33 328 -389  1
3797500 2746500  5 15 20  13.5 1000 168  2.0 8  7.8  77    0   14 337 -383  1
3797500 2746500  5 15 21  13.1 1001 164  2.8 7  7.5  77    0    0 335 -379  1
3797500 2746500  5 15 22  13.2 1001 226  4.2 7  7.4  77    0    0 330 -377  1
3797500 2746500  5 15 23  12.3 1002 308  3.1 7  7.3  78    0    0 328 -377  1
3797500 2746500  5 15 24  11.5 1002 223  3.1 7  7.0  79    0    0 324 -377  1
3797500 2746500  5 16  1  10.4 1003 302  2.9 6  6.7  82    0    0 316 -374  1
3797500 2746500  5 16  2  10.4 1004 191  2.4 5  6.7  84    0    0 303 -373  1
3797500 2746500  5 16  3   9.8 1004 177  2.4 3  6.5  84    0    0 284 -371  1
3797500 2746500  5 16  4   9.6 1004 192  1.8 1  6.3  84    0    0 260 -370  1
3797500 2746500  5 16  5   8.8 1004  95  1.5 1  6.2  85    0    4 250 -370  1
3797500 2746500  5 16  6   9.8 1005 145  1.3 0  6.2  84   25   43 245 -371  1
3797500 2746500  5 16  7  11.1 1005 188  2.4 1  6.5  82  147   74 247 -372  1
3797500 2746500  5 16  8  12.4 1006 209  3.0 1  6.7  77  314   79 258 -372  1
3797500 2746500  5 16  9  13.5 1006 217  3.4 1  6.6  70  466   79 263 -375  1
3797500 2746500  5 16 10  14.0 1006 214  4.4 3  6.3  64  358  224 277 -380  1
3797500 2746500  5 16 11  14.6 1006 191  4.2 3  6.1  60  274  315 292 -385  1
3797500 2746500  5 16 12  14.8 1006 165  4.5 5  6.0  57   70  349 307 -390  1
3797500 2746500  5 16 13  15.0 1006 179  4.1 6  6.1  58   29  324 329 -395  1
3797500 2746500  5 16 14  16.5 1006 101  5.2 4  6.4  57  326  315 329 -399  1
3797500 2746500  5 16 15  16.2 1006 184  4.8 3  6.4  55  142  320 316 -394  1
3797500 2746500  5 16 16  16.0 1007 186  3.9 6  6.4  55   18  232 325 -392  1
3797500 2746500  5 16 17  16.7 1007 155  3.8 6  6.6  56   62  212 340 -394  1
3797500 2746500  5 16 18  16.4 1007 162  3.8 5  6.8  58  154  123 337 -389  1
3797500 2746500  5 16 19  16.5 1007 163  3.9 6  6.8  58   16   77 336 -383  1
3797500 2746500  5 16 20  15.9 1007 132  3.2 6  6.9  60    0   14 337 -376  1
3797500 2746500  5 16 21  15.1 1007 175  2.8 6  7.0  63    0    0 334 -371  1
3797500 2746500  5 16 22  14.4 1008 161  2.6 6  6.9  66    0    0 332 -367  1
3797500 2746500  5 16 23  14.3 1008 160  2.8 6  6.9  67    0    0 330 -365  1
3797500 2746500  5 16 24  14.7 1008 162  2.9 7  6.9  66    0    0 336 -364  1
3797500 2746500  5 17  1  14.9 1008 161  2.8 7  6.9  66    0    0 341 -362  1
3797500 2746500  5 17  2  14.6 1008 161  3.8 7  7.0  66    0    0 342 -361  1
3797500 2746500  5 17  3  14.0 1007 156  3.6 8  7.2  70    0    0 346 -362  1
3797500 2746500  5 17  4  14.1 1007 157  3.5 7  7.3  73    0    0 346 -363  1
3797500 2746500  5 17  5  14.0 1006 159  3.1 7  7.2  72    0    1 340 -363  1
3797500 2746500  5 17  6  13.2 1006 223  2.2 7  7.3  75    0   12 338 -363  1
3797500 2746500  5 17  7  12.5 1006 241  2.5 7  7.5  81    0   30 337 -365  1
3797500 2746500  5 17  8  12.6 1007 157  1.2 7  7.9  86    0   67 337 -369  1
3797500 2746500  5 17  9  13.0 1006  98  1.2 7  8.3  89    0  138 339 -375  1
3797500 2746500  5 17 10  12.9 1005 153  2.4 8  8.4  89    0  122 346 -380  1
3797500 2746500  5 17 11  12.4 1005 177  2.0 8  8.3  90    0   99 352 -381  1
3797500 2746500  5 17 12  13.6 1005 157  3.2 7  8.3  88    8  289 349 -388  1
3797500 2746500  5 17 13  15.7 1005 188  3.7 5  8.6  82  129  434 342 -399  1
3797500 2746500  5 17 14  16.1 1005 233  4.2 6  8.6  75  134  419 340 -406  1
3797500 2746500  5 17 15  16.8 1006 216  3.8 5  8.2  70  134  384 341 -404  1
3797500 2746500  5 17 16  18.2 1006 304  3.0 5  8.0  64   87  315 338 -398  1
3797500 2746500  5 17 17  17.3 1006 220  3.9 2  7.1  56  278  225 322 -397  1
3797500 2746500  5 17 18  17.5 1006 244  3.8 4  6.5  52   85  180 314 -393  1
3797500 2746500  5 17 19  16.3 1006 224  3.5 6  6.6  55    6   77 331 -382  1
3797500 2746500  5 17 20  16.0 1007 236  3.0 7  6.6  57    0   10 342 -377  1
3797500 2746500  5 17 21  14.5 1007 215  2.1 7  6.8  62    0    0 345 -375  1
3797500 2746500  5 17 22  14.1 1008 227  2.1 6  6.8  66    0    0 336 -373  1
3797500 2746500  5 17 23  13.9 1008 221  2.4 5  6.8  68    0    0 325 -371  1
3797500 2746500  5 17 24  13.4 1009 225  2.1 5  6.8  70    0    0 318 -369  1
3797500 2746500  5 18  1  13.5 1009 218  1.8 4  6.9  72    0    0 312 -368  1
3797500 2746500  5 18  2  13.0 1009 224  1.6 3  7.0  73    0    0 303 -368  1
3797500 2746500  5 18  3  12.5 1009 174  0.8 3  6.9  75    0    0 298 -367  1
3797500 2746500  5 18  4  12.2 1010 192  0.7 2  7.0  78    0    0 293 -365  1
3797500 2746500  5 18  5  11.8 1010 172  1.2 2  6.9  79    0    5 288 -363  1
3797500 2746500  5 18  6  12.8 1010 172  2.0 0  7.0  78   33   43 280 -363  1
3797500 2746500  5 18  7  14.1 1010 173  2.7 0  7.2  75  160   70 274 -364  1
3797500 2746500  5 18  8  15.3 1011 201  2.7 0  7.3  70  336   68 278 -365  1
3797500 2746500  5 18  9  16.2 1011 218  3.5 1  7.1  64  457   85 288 -369  1
3797500 2746500  5 18 10  16.3 1011 229  4.1 3  6.7  58  294  254 305 -372  1
3797500 2746500  5 18 11  17.2 1011 218  4.7 3  6.3  53  519  194 315 -372  1
3797500 2746500  5 18 12  16.8 1011 229  4.3 4  6.1  50  321  324 320 -373  1
3797500 2746500  5 18 13  17.2 1011 248  4.1 4  6.1  51  320  328 324 -376  1
3797500 2746500  5 18 14  17.4 1011 248  4.4 4  6.2  50  192  343 326 -380  1
3797500 2746500  5 18 15  17.3 1012 227  3.9 5  6.0  48   66  299 327 -384  1
3797500 2746500  5 18 16  17.6 1012 231  2.6 2  5.9  48  370  184 322 -386  1
3797500 2746500  5 18 17  17.9 1012 236  3.2 3  5.8  46  346  116 314 -384  1
3797500 2746500  5 18 18  18.3 1012 240  3.3 4  5.4  42  147  126 318 -381  1
3797500 2746500  5 18 19  18.2 1012 216  1.8 5  5.4  42   29   80 325 -377  1
3797500 2746500  5 18 20  17.2 1012 241  0.9 2  5.6  45    5   23 317 -373  1
3797500 2746500  5 18 21  15.3 1013 223  1.5 2  5.8  51    0    0 300 -371  1
3797500 2746500  5 18 22  14.7 1013 132  0.8 1  6.0  56    0    0 292 -369  1
3797500 2746500  5 18 23  14.2 1014 138  1.2 1  6.1  60    0    0 287 -366  1
3797500 2746500  5 18 24  13.4 1014 168  1.1 2  6.3  64    0    0 290 -361  1
3797500 2746500  5 19  1  14.2 1014 171  1.4 2  6.3  65    0    0 295 -358  1
3797500 2746500  5 19  2  13.0 1014 198  1.6 1  6.3  65    0    0 289 -358  1
3797500 2746500  5 19  3  12.6 1015 174  1.6 1  6.2  67    0    0 279 -359  1
3797500 2746500  5 19  4  12.6 1015 177  1.9 2  6.1  68    0    0 282 -359  1
3797500 2746500  5 19  5  12.5 1015 187  1.5 2  6.2  68    0    6 283 -358  1
3797500 2746500  5 19  6  13.0 1015 186  1.2 1  6.3  69   23   49 277 -357  1
3797500 2746500  5 19  7  15.3 1015 159  1.1 1  6.6  65  104  106 274 -360  1
3797500 2746500  5 19  8  16.8 1015 150  1.6 3  6.8  60  205  156 288 -367  1
3797500 2746500  5 19  9  18.2 1015 159  2.4 5  6.9  56  360  170 315 -374  1
3797500 2746500  5 19 10  19.1 1015 161  2.7 5  6.7  50  374  244 333 -382  1
3797500 2746500  5 19 11  19.6 1014 170  3.3 5  6.4  46  396  292 341 -389  1
3797500 2746500  5 19 12  19.6 1014 199  2.7 5  6.2  44  438  307 346 -397  1
3797500 2746500  5 19 13  20.4 1014 170  1.7 5  6.3  43  127  380 349 -401  1
3797500 2746500  5 19 14  20.3 1013 181  1.5 6  6.2  42   26  308 351 -400  1
3797500 2746500  5 19 15  21.6 1013 158  2.5 4  6.1  40  226  331 347 -401  1
3797500 2746500  5 19 16  21.2 1013 219  2.2 6  6.1  38  145  285 345 -402  1
3797500 2746500  5 19 17  20.0 1012 178  3.2 6  6.1  40   59  217 344 -400  1
3797500 2746500  5 19 18  20.2 1012 172  1.6 5  6.4  44  126  148 337 -397  1
3797500 2746500  5 19 19  19.0 1012 249  1.6 7  7.0  49    7   74 337 -390  1
3797500 2746500  5 19 20  15.9 1013 267  1.3 6  7.9  64    0    6 333 -384  1
3797500 2746500  5 19 21  15.4 1014  27  1.2 6  8.4  75    0    0 325 -379  1
3797500 2746500  5 19 22  14.6 1014 145  0.9 6  8.3  78    0    0 323 -376  1
3797500 2746500  5 19 23  15.3 1014 214  1.1 5  8.3  78    0    0 319 -373  1
3797500 2746500  5 19 24  14.3 1014 181  1.6 6  8.2  78    0    0 319 -372  1
3797500 2746500  5 20  1  14.4 1014 238  1.2 6  8.4  82    0    0 322 -371  1
3797500 2746500  5 20  2  13.7 1015 173  0.6 6  8.5  85    0    0 323 -371  1
3797500 2746500  5 20  3  13.4 1015 209  0.9 6  8.4  87    0    0 321 -371  1
3797500 2746500  5 20  4  13.3 1015 223  0.4 7  8.4  87    0    0 324 -371  1
3797500 2746500  5 20  5  12.7 1015 193  0.6 6  8.2  88    0    2 322 -370  1
3797500 2746500  5 20  6  13.3 1015 233  0.5 4  8.3  88   12   48 311 -370  1
3797500 2746500  5 20  7  14.7 1015 191  0.9 4  8.7  87   67  124 307 -371  1
3797500 2746500  5 20  8  16.1 1015 169  0.8 5  9.0  82  123  200 314 -374  1
3797500 2746500  5 20  9  16.4 1016 291  0.6 6  8.8  77  149  274 324 -381  1
3797500 2746500  5 20 10  17.2 1016 303  1.1 7  8.4  70  150  339 333 -390  1
3797500 2746500  5 20 11  18.6 1016 283  0.8 7  8.0  62  160  386 342 -398  1
3797500 2746500  5 20 12  18.8 1015 305  1.7 7  7.6  57  165  410 347 -405  1
3797500 2746500  5 20 13  19.5 1015 132  1.2 6  7.4  54  207  413 346 -413  1
3797500 2746500  5 20 14  20.4 1014 257  1.9 6  7.3  50  230  395 344 -421  1
3797500 2746500  5 20 15  20.1 1014 106  1.0 5  6.9  47  307  336 341 -425  1
3797500 2746500  5 20 16  21.3 1013 304  1.8 5  6.6  44  357  252 338 -425  1
3797500 2746500  5 20 17  21.0 1012 268  1.4 5  6.5  42  199  230 338 -421  1
3797500 2746500  5 20 18  20.9 1012 354  1.6 5  6.5  42   80  168 337 -419  1
3797500 2746500  5 20 19  19.9 1012  18  2.3 4  6.7  45    7   78 332 -416  1
3797500 2746500  5 20 20  19.5 1011  23  2.4 5  7.0  49    0   15 330 -406  1
3797500 2746500  5 20 21  18.4 1011  44  2.1 6  7.1  52    0    0 336 -393  1
3797500 2746500  5 20 22  17.5 1011  41  2.2 6  7.2  56    0    0 338 -385  1
3797500 2746500  5 20 23  16.8 1011  57  1.7 4  7.3  59    0    0 328 -379  1
3797500 2746500  5 20 24  15.9 1011  60  2.2 5  7.2  62    0    0 321 -375  1
3797500 2746500  5 21  1  15.7 1010  62  2.0 4  7.1  64    0    0 319 -372  1
3797500 2746500  5 21  2  15.7 1010  59  1.9 5  7.3  65    0    0 320 -370  1
3797500 2746500  5 21  3  15.3 1009  60  1.9 6  7.4  67    0    0 329 -371  1
3797500 2746500  5 21  4  14.8 1009  89  1.6 6  7.5  70    0    0 334 -373  1
3797500 2746500  5 21  5  13.8 1008  94  1.5 7  7.6  75    0    3 338 -373  1
3797500 2746500  5 21  6  13.9 1007  92  1.0 6  7.7  78    0   19 338 -373  1
3797500 2746500  5 21  7  15.3 1007 133  0.7 6  8.2  78    5   99 336 -376  1
3797500 2746500  5 21  8  17.4 1007 222  1.6 6  8.8  75   36  191 341 -382  1
3797500 2746500  5 21  9  18.1 1007 215  1.9 7  9.2  72   58  266 349 -395  1
3797500 2746500  5 21 10  18.7 1006 241  2.3 5  9.3  69  125  338 347 -415  1
3797500 2746500  5 21 11  19.6 1006 240  2.6 5  9.3  66  257  378 339 -432  1
3797500 2746500  5 21 12  20.9 1006 239  2.9 5  9.1  61  383  371 343 -437  1
3797500 2746500  5 21 13  21.0 1005 247  3.4 5  8.6  55  290  406 346 -443  1
3797500 2746500  5 21 14  20.5 1005 223  3.6 5  8.2  53  175  400 344 -455  1
3797500 2746500  5 21 15  20.6 1005 325  3.7 7  7.8  51   74  329 353 -462  1
3797500 2746500  5 21 16  20.9 1005 303  3.5 7  7.5  48   47  270 363 -461  1
3797500 2746500  5 21 17  20.5 1005 314  2.6 6  7.6  49   61  230 357 -456  1
3797500 2746500  5 21 18  19.6 1005 328  4.3 4  7.5  51   84  171 337 -449  1
3797500 2746500  5 21 19  17.7 1005 316  3.1 4  6.8  51   43   98 319 -438  1
3797500 2746500  5 21 20  17.2 1005 326  3.8 5  6.4  51    0   11 321 -425  1
3797500 2746500  5 21 21  17.0 1006 314  2.8 6  6.4  52    0    0 332 -413  1
3797500 2746500  5 21 22  15.7 1007 308  1.2 6  6.2  53    0    0 335 -404  1
3797500 2746500  5 21 23  15.2 1007 333  1.3 5  6.0  54    0    0 325 -399  1
3797500 2746500  5 21 24  14.4 1007 265  0.7 5  5.9  56    0    0 317 -394  1
3797500 2746500  5 22  1  11.6 1007 277  1.1 5  6.0  64    0    0 314 -389  1
3797500 2746500  5 22  2  10.3 1007 317  0.9 2  6.0  73    0    0 291 -384  1
3797500 2746500  5 22  3  10.0 1007 154  0.3 1  6.0  78    0    0 265 -380  1
3797500 2746500  5 22  4   9.6 1008 201  0.5 4  6.0  79    0    0 278 -377  1
3797500 2746500  5 22  5   9.0 1007 208  1.0 5  6.0  81    0    1 302 -375  1
3797500 2746500  5 22  6  10.1 1007 219  0.5 5  6.1  82   11   44 309 -373  1
3797500 2746500  5 22  7  13.8 1007 147  0.5 2  6.8  78  157   66 300 -374  1
3797500 2746500  5 22  8  15.0 1007 248  1.9 3  7.1  69  192  136 297 -379  1
3797500 2746500  5 22  9  15.7 1008 260  2.0 5  7.0  64  127  230 319 -392  1
3797500 2746500  5 22 10  16.8 1008 244  2.8 3  7.1  61  361  204 323 -409  1
3797500 2746500  5 22 11  17.6 1008 243  3.7 3  7.1  57  353  261 314 -422  1
3797500 2746500  5 22 12  19.0 1008 243  4.0 2  6.7  51  636  135 315 -430  1
3797500 2746500  5 22 13  18.6 1008 272  4.1 4  6.3  46  298  312 325 -435  1
3797500 2746500  5 22 14  18.2 1009 247  5.7 5  6.1  46  171  325 339 -438  1
3797500 2746500  5 22 15  18.3 1008 308  4.0 6  5.8  44   16  246 344 -440  1
3797500 2746500  5 22 16  18.6 1009 287  4.4 4  5.3  40  200  236 335 -436  1
3797500 2746500  5 22 17  19.1 1009 294  3.9 3  5.0  37  372   88 321 -431  1
3797500 2746500  5 22 18  18.6 1010 342  3.9 1  4.8  36  324   66 309 -425  1
3797500 2746500  5 22 19  17.7 1010 284  2.7 1  4.7  36  178   52 298 -414  1
3797500 2746500  5 22 20  16.7 1011 315  2.1 2  4.8  40   46   25 298 -402  1
3797500 2746500  5 22 21  14.6 1011 315  1.6 1  5.0  45    0    0 293 -390  1
3797500 2746500  5 22 22  13.2 1012 359  0.8 0  5.1  51    0    0 280 -381  1
3797500 2746500  5 22 23  11.1 1013 290  0.3 0  5.3  60    0    0 270 -375  1
3797500 2746500  5 22 24  10.9 1013   2  0.0 0  5.4  66    0    0 265 -369  1
3797500 2746500  5 23  1  11.3 1013 253  0.3 0  5.5  67    0    0 263 -364  1
3797500 2746500  5 23  2  11.2 1013 205  0.2 0  5.4  65    0    0 262 -361  1
3797500 2746500  5 23  3  10.3 1014 196  0.4 1  5.4  67    0    0 262 -358  1
3797500 2746500  5 23  4  10.7 1014   3  0.3 1  5.4  69    0    0 265 -356  1
3797500 2746500  5 23  5   9.8 1014 126  0.8 2  5.7  73    0    8 270 -354  1
3797500 2746500  5 23  6  11.4 1014 210  0.9 1  5.9  74   35   50 270 -353  1
3797500 2746500  5 23  7  14.5 1014 195  0.9 0  6.3  68  140   95 265 -357  1
3797500 2746500  5 23  8  16.0 1014 204  1.8 0  6.5  60  280  121 263 -366  1
3797500 2746500  5 23  9  17.3 1015 150  1.1 0  6.2  53  433  131 265 -378  1
3797500 2746500  5 23 10  18.1 1014  28  1.3 0  5.9  47  576  131 268 -394  1
3797500 2746500  5 23 11  18.2 1014  48  3.7 0  5.8  45  675  134 272 -411  1
3797500 2746500  5 23 12  19.1 1013  66  2.6 1  5.8  43  731  139 281 -429  1
3797500 2746500  5 23 13  20.0 1013 114  1.4 2  5.6  39  778  122 293 -443  1
3797500 2746500  5 23 14  21.3 1013  98  1.9 2  6.1  40  779  100 303 -449  1
3797500 2746500  5 23 15  21.8 1012 102  3.3 3  6.4  40  702  101 311 -451  1
3797500 2746500  5 23 16  22.1 1012 139  2.0 4  6.2  38  428  188 319 -447  1
3797500 2746500  5 23 17  22.4 1012 194  1.5 5  5.9  35  192  211 325 -439  1
3797500 2746500  5 23 18  21.4 1011  95  1.6 6  6.2  38   19  141 329 -431  1
3797500 2746500  5 23 19  20.9 1010  88  3.3 6  6.7  43    0   54 330 -421  1
3797500 2746500  5 23 20  20.2 1009  85  2.4 7  6.7  44    2   24 330 -410  1
3797500 2746500  5 23 21  19.7 1010  83  1.4 8  6.9  47    0    0 336 -399  1
3797500 2746500  5 23 22  19.5 1011  50  1.7 7  7.0  49    0    0 335 -391  1
3797500 2746500  5 23 23  18.8 1011  39  1.3 7  7.3  52    0    0 332 -385  1
3797500 2746500  5 23 24  17.5 1011 104  1.3 7  7.8  60    0    0 331 -382  1
3797500 2746500  5 24  1  16.9 1011 130  1.8 7  8.4  68    0    0 330 -379  1
3797500 2746500  5 24  2  15.8 1010  36  2.0 4  8.4  72    0    0 320 -377  1
3797500 2746500  5 24  3  15.3 1010 103  1.1 1  8.3  74    0    0 299 -374  1
3797500 2746500  5 24  4  14.1 1010 127  0.9 0  8.2  78    0    0 286 -373  1
3797500 2746500  5 24  5  13.8 1010 158  0.9 1  8.1  82    0    8 287 -373  1
3797500 2746500  5 24  6  15.7 1010 210  1.0 0  8.3  79   31   54 290 -374  1
3797500 2746500  5 24  7  18.8 1010 205  1.4 0  8.3  67  126  106 294 -377  1
3797500 2746500  5 24  8  20.4 1011 238  1.4 0  8.1  57  252  144 299 -385  1
3797500 2746500  5 24  9  21.0 1011 319  1.4 0  8.2  53  394  163 303 -397  1
3797500 2746500  5 24 10  21.6 1011 274  2.0 0  8.1  51  526  173 307 -412  1
3797500 2746500  5 24 11  22.3 1012 321  2.3 0  7.5  45  632  176 310 -428  1
3797500 2746500  5 24 12  22.8 1012 277  2.4 1  7.2  42  698  176 317 -445  1
3797500 2746500  5 24 13  23.7 1012 261  2.8 1  7.5  42  725  171 325 -459  1
3797500 2746500  5 24 14  24.2 1012 288  2.8 0  7.7  41  707  162 327 -470  1
3797500 2746500  5 24 15  24.9 1012 272  3.6 1  7.6  39  622  164 330 -477  1
3797500 2746500  5 24 16  24.8 1012 306  2.6 0  7.3  37  540  143 331 -477  1
3797500 2746500  5 24 17  24.6 1012 338  2.8 1  7.0  36  359  150 330 -472  1
3797500 2746500  5 24 18  24.3 1012 322  2.5 1  6.5  34  257  117 329 -463  1
3797500 2746500  5 24 19  24.0 1012 339  1.8 0  6.4  34  121   88 321 -451  1
3797500 2746500  5 24 20  22.7 1012 318  1.0 0  6.5  36   26   37 316 -437  1
3797500 2746500  5 24 21  20.4 1012   9  2.7 0  6.5  41    0    0 310 -422  1
3797500 2746500  5 24 22  19.2 1013  20  2.8 0  6.4  44    0    0 303 -410  1
3797500 2746500  5 24 23  17.8 1013  40  1.3 0  6.2  47    0    0 299 -402  1
3797500 2746500  5 24 24  17.4 1013  37  2.1 0  6.2  50    0    0 297 -396  1
3797500 2746500  5 25  1  16.7 1013  46  1.8 0  6.3  52    0    0 296 -392  1
3797500 2746500  5 25  2  16.0 1013  37  1.3 0  6.8  58    0    0 295 -388  1
3797500 2746500  5 25  3  16.0 1013  57  2.1 2  7.3  64    0    0 301 -385  1
3797500 2746500  5 25  4  15.9 1013  63  2.1 6  7.5  67    0    0 315 -383  1
3797500 2746500  5 25  5  15.9 1013  65  1.6 6  7.6  67    0    5 321 -382  1
3797500 2746500  5 25  6  15.8 1013  64  1.8 3  7.6  68   18   53 314 -383  1
3797500 2746500  5 25  7  16.7 1012  60  1.6 1  7.7  67  102  117 305 -389  1
3797500 2746500  5 25  8  18.7 1012  69  1.8 1  8.2  64  229  158 306 -402  1
3797500 2746500  5 25  9  20.3 1012  98  2.0 0  8.6  61  379  175 311 -420  1
3797500 2746500  5 25 10  22.3 1012 102  1.7 0  8.8  55  521  181 317 -441  1
3797500 2746500  5 25 11  23.5 1012  76  1.9 0  8.8  50  630  184 325 -462  1
3797500 2746500  5 25 12  24.8 1011  91  1.8 0  8.9  47  704  179 331 -481  1
3797500 2746500  5 25 13  26.6 1010  54  1.7 1  8.9  43  732  173 339 -498  1
3797500 2746500  5 25 14  28.1 1009  34  2.1 1  8.8  39  710  166 348 -509  1
3797500 2746500  5 25 15  27.4 1009  41  2.6 2  8.9  38  489  243 352 -513  1
3797500 2746500  5 25 16  26.9 1008  88  1.8 5  8.9  40   43  266 360 -512  1
3797500 2746500  5 25 17  25.0 1008 129  2.5 7  9.6  45    0   50 369 -506  1
3797500 2746500  5 25 18  25.9 1007 105  6.2 6  9.9  48    0   34 371 -495  1
3797500 2746500  5 25 19  24.6 1006 270  1.6 7 10.0  49    0   28 370 -481  1
3797500 2746500  5 25 20  24.3 1005 178  0.7 6 10.4  54    0   15 369 -467  1
3797500 2746500  5 25 21  22.1 1005 163  0.0 6 10.8  60    0    0 364 -455  1
3797500 2746500  5 25 22  21.7 1005  92  0.3 4 11.0  66    0    0 357 -449  1
3797500 2746500  5 25 23  21.9 1004  68  0.6 3 10.3  62    0    0 350 -446  1
3797500 2746500  5 25 24  21.5 1004  81  0.8 4  9.5  58    0    0 351 -443  1
3797500 2746500  5 26  1  21.4 1003 120  1.9 2 10.0  62    0    0 350 -442  1
3797500 2746500  5 26  2  21.3 1003 151  2.0 1 10.8  67    0    0 348 -441  1
3797500 2746500  5 26  3  22.4 1002 164  3.8 4 11.4  68    0    0 356 -440  1
3797500 2746500  5 26  4  21.3 1001 175  4.1 6 11.7  70    0    0 367 -439  1
3797500 2746500  5 26  5  21.6 1001 242  3.1 7 11.3  70    0    5 372 -437  1
3797500 2746500  5 26  6  20.0 1002 213  1.8 7 10.9  70    9   51 373 -436  1
3797500 2746500  5 26  7  20.5 1001 185  2.4 5 10.6  71   61  128 370 -439  1
3797500 2746500  5 26  8  21.0 1002 207  3.6 4 10.2  66  139  199 369 -443  1
3797500 2746500  5 26  9  21.7 1002 208  5.5 5  9.7  60  163  271 372 -448  1
3797500 2746500  5 26 10  22.2 1003 219  6.4 3  9.8  58  400  258 376 -451  1
3797500 2746500  5 26 11  22.3 1003 219  6.0 3 10.2  60  336  343 379 -450  1
3797500 2746500  5 26 12  22.5 1003 218  6.0 5 10.2  59  158  398 384 -439  1
3797500 2746500  5 26 13  21.6 1002 218  5.1 6 10.1  60   54  350 389 -425  1
3797500 2746500  5 26 14  21.9 1002 235  7.4 3 10.0  60  162  387 386 -415  1
3797500 2746500  5 26 15  21.5 1003 231  6.9 5  9.3  57  169  349 383 -410  1
3797500 2746500  5 26 16  16.1 1003 248  5.0 6  9.6  70    0  109 379 -404  1
3797500 2746500  5 26 17  14.2 1005 259  3.4 7  9.7  89    0   89 372 -398  1
3797500 2746500  5 26 18  14.4 1006 250  4.3 8  8.9  87    0   45 373 -395  1
3797500 2746500  5 26 19  14.3 1007 266  3.0 7  8.4  81    0   28 370 -392  1
3797500 2746500  5 26 20  13.2 1008 271  3.4 8  7.8  79    0    7 366 -390  1
3797500 2746500  5 26 21  12.1 1009 292  3.5 7  7.3  80    0    0 360 -389  1
3797500 2746500  5 26 22  11.3 1011 287  2.1 5  6.7  78    0    0 341 -388  1
3797500 2746500  5 26 23  10.2 1012 249  2.1 2  6.4  79    0    0 311 -384  1
3797500 2746500  5 26 24   9.7 1013 202  1.7 1  6.4  83    0    0 285 -378  1
3797500 2746500  5 27  1   9.7 1014 220  2.3 0  6.4  86    0    0 272 -372  1
3797500 2746500  5 27  2  10.1 1014 231  2.4 0  6.5  86    0    0 262 -367  1
3797500 2746500  5 27  3   9.8 1015 231  1.7 1  6.5  85    0    0 264 -362  1
3797500 2746500  5 27  4   9.3 1015 221  1.4 1  6.3  85    0    0 267 -359  1
3797500 2746500  5 27  5   9.5 1016 220  1.8 2  6.2  85    0    9 271 -356  1
3797500 2746500  5 27  6  10.4 1016 224  2.4 1  6.4  84   34   52 270 -355  1
3797500 2746500  5 27  7  11.8 1017 223  2.9 1  6.8  83  154   91 267 -358  1
3797500 2746500  5 27  8  13.6 1017 240  2.9 1  7.0  77  307  109 270 -367  1
3797500 2746500  5 27  9  14.4 1017 230  3.6 1  6.8  69  347  179 271 -382  1
3797500 2746500  5 27 10  15.1 1018 230  4.7 2  6.3  60  216  305 275 -397  1
3797500 2746500  5 27 11  15.0 1018 241  4.0 6  6.0  56   98  347 293 -411  1
3797500 2746500  5 27 12  15.5 1018 245  4.8 7  5.8  54  110  359 313 -422  1
3797500 2746500  5 27 13  15.4 1018 203  4.4 6  5.7  52  102  363 315 -430  1
3797500 2746500  5 27 14  15.3 1018 243  5.7 6  5.6  52  148  362 314 -433  1
3797500 2746500  5 27 15  16.1 1018 231  3.9 6  5.4  49  143  321 319 -434  1
3797500 2746500  5 27 16  15.9 1017 241  4.5 7  5.3  47   51  262 328 -435  1
3797500 2746500  5 27 17  15.6 1017 224  5.1 7  5.3  48   97  224 336 -430  1
3797500 2746500  5 27 18  15.0 1017 239  5.0 7  5.2  49   10  128 336 -420  1
3797500 2746500  5 27 19  13.2 1017 237  4.4 6  5.7  57    1   61 332 -411  1
3797500 2746500  5 27 20  13.4 1017 229  3.8 7  6.2  65    8   32 333 -403  1
3797500 2746500  5 27 21  13.3 1017 220  4.8 7  6.2  65    0    0 340 -397  1
3797500 2746500  5 27 22  13.4 1017 218  4.2 8  6.3  66    0    0 347 -392  1
3797500 2746500  5 27 23  13.2 1017 219  4.5 8  6.4  67    0    0 354 -387  1
3797500 2746500  5 27 24  12.1 1017 216  4.8 7  6.6  72    0    0 351 -383  1
3797500 2746500  5 28  1  11.8 1016 218  4.4 8  7.1  81    0    0 352 -377  1
3797500 2746500  5 28  2  12.1 1016 228  3.6 8  7.4  86    0    0 358 -373  1
3797500 2746500  5 28  3  12.5 1016 230  3.5 7  7.6  86    0    0 354 -374  1
3797500 2746500  5 28  4  12.9 1016 229  3.1 8  7.8  86    0    0 352 -375  1
3797500 2746500  5 28  5  13.0 1016 239  3.2 8  8.0  86    0    1 357 -375  1
3797500 2746500  5 28  6  13.3 1016 236  3.0 8  8.2  87    0   10 359 -373  1
3797500 2746500  5 28  7  13.5 1017 234  3.0 7  8.4  88    0   45 356 -372  1
3797500 2746500  5 28  8  14.6 1017 238  3.0 7  8.7  87    1  126 351 -375  1
3797500 2746500  5 28  9  15.1 1018 248  3.6 7  8.9  84    5  187 352 -384  1
3797500 2746500  5 28 10  15.2 1018 249  3.5 6  8.9  83  116  298 343 -395  1
3797500 2746500  5 28 11  16.8 1019 247  3.8 5  8.8  78   86  324 332 -407  1
3797500 2746500  5 28 12  18.6 1019 296  2.6 6  8.3  66    3  228 337 -417  1
3797500 2746500  5 28 13  18.9 1019 289  3.6 6  8.2  61    5  242 342 -423  1
3797500 2746500  5 28 14  17.8 1020 288  3.9 6  7.9  60   13  259 340 -428  1
3797500 2746500  5 28 15  17.8 1020 333  3.6 7  7.3  58    0  132 344 -430  1
3797500 2746500  5 28 16  18.0 1020 349  4.2 5  7.2  57  139  257 342 -431  1
3797500 2746500  5 28 17  17.8 1021 312  3.6 5  7.0  55  429   88 335 -427  1
3797500 2746500  5 28 18  18.6 1021 323  4.3 4  6.8  52  191  116 332 -420  1
3797500 2746500  5 28 19  18.1 1021 344  3.9 4  6.5  50  141   61 329 -409  1
3797500 2746500  5 28 20  17.0 1022 335  3.3 4  6.1  49   50   31 326 -398  1
3797500 2746500  5 28 21  15.6 1022 337  2.4 3  6.1  53    0    0 318 -388  1
3797500 2746500  5 28 22  14.3 1023 348  1.9 1  6.2  59    0    0 299 -379  1
3797500 2746500  5 28 23  13.1 1024  16  1.7 1  6.1  64    0    0 284 -372  1
3797500 2746500  5 28 24  12.7 1025  34  2.1 1  5.9  65    0    0 280 -367  1
3797500 2746500  5 29  1  11.5 1025  36  1.5 0  5.7  65    0    0 271 -361  1
3797500 2746500  5 29  2  10.7 1025  37  1.5 0  5.6  69    0    0 262 -357  1
3797500 2746500  5 29  3  10.0 1025  39  1.3 0  5.6  73    0    0 257 -354  1
3797500 2746500  5 29  4   9.9 1026  43  1.0 0  5.6  75    0    0 253 -351  1
3797500 2746500  5 29  5   8.8 1026  37  1.0 0  5.6  78    2   11 247 -349  1
3797500 2746500  5 29  6  11.1 1026  26  0.2 1  5.8  77   54   49 251 -348  1
3797500 2746500  5 29  7  12.8 1026  22  3.0 0  6.0  70  172   82 255 -352  1
3797500 2746500  5 29  8  13.7 1026  25  3.7 0  5.8  62  319   98 252 -360  1
3797500 2746500  5 29  9  14.7 1027  29  3.9 1  5.4  55  475  101 259 -375  1
3797500 2746500  5 29 10  15.0 1027  20  4.3 1  5.1  49  628   91 265 -394  1
3797500 2746500  5 29 11  16.2 1026  19  4.2 0  5.0  46  748   79 263 -411  1
3797500 2746500  5 29 12  17.2 1026  29  3.5 0  5.3  45  822   72 264 -425  1
3797500 2746500  5 29 13  18.3 1026  61  3.9 0  5.1  41  843   74 267 -436  1
3797500 2746500  5 29 14  19.3 1025  46  4.7 0  4.7  36  820   72 271 -443  1
3797500 2746500  5 29 15  19.3 1024  52  3.9 1  4.3  32  750   66 276 -445  1
3797500 2746500  5 29 16  20.2 1024  15  3.9 1  4.4  31  621   72 281 -444  1
3797500 2746500  5 29 17  20.7 1023  45  5.0 2  4.7  32  421  101 289 -440  1
3797500 2746500  5 29 18  20.4 1023  64  4.1 2  4.8  32  258   99 292 -433  1
3797500 2746500  5 29 19  20.7 1022  39  3.7 2  4.9  33  136   75 290 -424  1
3797500 2746500  5 29 20  19.8 1022  58  3.2 1  4.9  34   41   36 285 -413  1
3797500 2746500  5 29 21  18.4 1022  48  2.5 0  5.1  37    0    0 272 -402  1
3797500 2746500  5 29 22  16.8 1022  38  2.9 0  5.1  41    0    0 266 -392  1
3797500 2746500  5 29 23  15.5 1022  46  2.9 0  5.0  44    0    0 263 -384  1
3797500 2746500  5 29 24  15.4 1022  32  2.4 0  5.2  48    0    0 263 -377  1
3797500 2746500  5 30  1  14.4 1022  39  2.4 0  5.3  51    0    0 262 -371  1
3797500 2746500  5 30  2  14.6 1022  48  2.6 0  5.3  52    0    0 263 -365  1
3797500 2746500  5 30  3  12.8 1022  36  2.5 0  5.4  56    0    0 263 -359  1
3797500 2746500  5 30  4  12.0 1022  49  2.3 0  5.6  63    0    0 262 -356  1
3797500 2746500  5 30  5  10.8 1022  61  2.0 1  5.8  70    1   11 262 -353  1
3797500 2746500  5 30  6  11.9 1022  84  2.1 0  6.0  72   48   55 262 -352  1
3797500 2746500  5 30  7  14.2 1022  84  2.0 0  6.2  67  152  101 260 -356  1
3797500 2746500  5 30  8  15.6 1022  65  2.9 0  6.3  60  283  133 259 -366  1
3797500 2746500  5 30  9  16.2 1022  38  4.0 0  6.1  55  429  150 256 -382  1
3797500 2746500  5 30 10  18.2 1022  45  4.2 0  6.3  52  568  155 254 -396  1
3797500 2746500  5 30 11  19.2 1021  70  4.1 0  6.2  47  671  158 256 -405  1
3797500 2746500  5 30 12  19.7 1020  65  3.6 0  5.8  42  716  168 260 -402  1
3797500 2746500  5 30 13  21.2 1020  73  3.2 2  5.7  38  590  252 280 -395  1
3797500 2746500  5 30 14  21.1 1019  66  5.2 2  5.7  37  499  283 300 -395  1
3797500 2746500  5 30 15  20.6 1019  48  5.0 2  5.6  37  426  275 305 -398  1
3797500 2746500  5 30 16  20.6 1018  81  4.2 3  5.7  38  361  239 313 -403  1
3797500 2746500  5 30 17  21.4 1018  44  4.4 5  6.0  39  161  232 330 -407  1
3797500 2746500  5 30 18  20.4 1018  32  3.5 6  6.3  41   56  163 346 -411  1
3797500 2746500  5 30 19  19.9 1017  50  4.0 5  6.4  44   45   98 342 -405  1
3797500 2746500  5 30 20  19.1 1017  47  2.9 5  6.7  48    0   24 336 -393  1
3797500 2746500  5 30 21  18.3 1017  46  2.9 6  7.2  53    0    0 342 -384  1
3797500 2746500  5 30 22  17.3 1017  41  1.8 3  7.4  58    0    0 332 -378  1
3797500 2746500  5 30 23  17.0 1017  28  1.7 3  7.4  61    0    0 316 -375  1
3797500 2746500  5 30 24  16.5 1017  24  0.1 4  7.5  64    0    0 317 -375  1
3797500 2746500  5 31  1  15.6 1017  27  1.5 3  7.6  67    0    0 315 -376  1
3797500 2746500  5 31  2  15.7 1017  33  2.5 3  7.6  69    0    0 308 -378  1
3797500 2746500  5 31  3  16.1 1017  44  2.6 5  7.6  68    0    0 320 -379  1
3797500 2746500  5 31  4  15.3 1017  45  2.8 3  7.6  69    0    0 320 -380  1
3797500 2746500  5 31  5  14.7 1017  40  2.8 1  7.6  72    0    8 299 -380  1
3797500 2746500  5 31  6  15.3 1017  52  2.9 1  7.7  73   44   52 288 -379  1
3797500 2746500  5 31  7  16.9 1017  59  2.4 1  8.0  70  160   92 290 -380  1
3797500 2746500  5 31  8  17.6 1017  48  3.8 1  8.3  68  255  137 292 -384  1
3797500 2746500  5 31  9  18.4 1017  98  4.0 3  8.6  67  228  238 310 -389  1
3797500 2746500  5 31 10  19.1 1017  44  4.1 3  8.7  64  385  242 327 -401  1
3797500 2746500  5 31 11  19.7 1017  68  4.4 3  8.5  61  285  338 330 -418  1
3797500 2746500  5 31 12  20.3 1017  48  3.7 5  8.4  58  226  377 343 -431  1
3797500 2746500  5 31 13  21.2 1017  69  4.6 3  7.8  51  445  312 346 -436  1
3797500 2746500  5 31 14  21.3 1017  59  4.9 3  7.3  46  562  234 337 -443  1
3797500 2746500  5 31 15  23.0 1016  67  4.0 4  7.5  45  258  321 344 -446  1
3797500 2746500  5 31 16  22.9 1016  57  3.8 3  7.4  42  360  229 347 -442  1
3797500 2746500  5 31 17  23.3 1016  45  3.8 1  7.0  40  483   91 336 -438  1
3797500 2746500  5 31 18  23.2 1015  70  3.3 1  6.9  39  321   89 327 -432  1
3797500 2746500  5 31 19  22.8 1015  70  2.7 0  6.9  39  166   75 321 -428  1
3797500 2746500  5 31 20  22.2 1015  66  1.9 1  7.1  42   47   39 319 -421  1
3797500 2746500  5 31 21  21.3 1015  53  1.5 1  7.3  45    0    1 322 -414  1
3797500 2746500  5 31 22  19.6 1016  45  0.0 1  7.5  50    0    0 320 -407  1
3797500 2746500  5 31 23  17.5 1016  47  0.0 1  7.7  58    0    0 315 -400  1
3797500 2746500  5 31 24  16.5 1016  28  0.6 2  7.9  65    0    0 316 -397  1
3797500 2746500  6  1  1  15.4 1016  39  1.2 0  8.0  74    0    0 305 -397  1
3797500 2746500  6  1  2  16.3 1016  42  1.3 0  8.1  72    0    0 306 -396  1
3797500 2746500  6  1  3  16.3 1015  25  2.8 0  8.3  72    0    0 307 -394  1
3797500 2746500  6  1  4  15.6 1015  47  1.6 1  8.4  74    0    0 309 -391  1
3797500 2746500  6  1  5  15.6 1015  37  2.2 2  8.5  77    0   11 316 -390  1
3797500 2746500  6  1  6  16.6 1016  41  3.1 0  8.8  77   36   55 314 -389  1
3797500 2746500  6  1  7  18.5 1016  30  2.9 0  9.0  72  137   99 310 -391  1
3797500 2746500  6  1  8  19.8 1016  34  4.1 0  9.2  66  288  113 316 -398  1
3797500 2746500  6  1  9  21.4 1015  42  4.3 0  8.9  59  463  101 321 -408  1
3797500 2746500  6  1 10  22.9 1015  41  3.4 0  8.2  49  602   98 326 -421  1
3797500 2746500  6  1 11  23.2 1015  43  5.1 0  7.2  41  716   89 329 -435  1
3797500 2746500  6  1 12  24.5 1015  50  5.2 0  6.6  36  792   80 332 -439  1
3797500 2746500  6  1 13  24.9 1014  43  6.4 0  6.4  33  773  102 336 -445  1
3797500 2746500  6  1 14  25.2 1014  46  5.4 1  6.3  32  473  267 343 -441  1
3797500 2746500  6  1 15  26.2 1013  42  5.0 2  6.6  32  401  260 354 -441  1
3797500 2746500  6  1 16  25.9 1013  38  4.9 1  6.7  32  463  162 354 -445  1
3797500 2746500  6  1 17  25.8 1012  36  4.9 1  6.5  31  374  130 346 -440  1
3797500 2746500  6  1 18  25.0 1012  17  4.7 2  6.9  34  128  157 347 -435  1
3797500 2746500  6  1 19  24.6 1012   5  3.2 4  7.8  40   71   98 356 -421  1
3797500 2746500  6  1 20  24.0 1012  16  3.6 5  7.6  40   18   41 366 -411  1
3797500 2746500  6  1 21  22.6 1013  37  3.7 1  6.9  38    0    3 351 -405  1
3797500 2746500  6  1 22  21.3 1013   0  3.2 0  7.2  44    0    0 329 -403  1
3797500 2746500  6  1 23  19.6 1014   5  2.4 0  7.3  49    0    0 322 -400  1
3797500 2746500  6  1 24  17.8 1014 350  3.0 0  6.2  46    0    0 313 -398  1
3797500 2746500  6  2  1  16.5 1014   5  1.6 0  5.5  46    0    0 306 -396  1
3797500 2746500  6  2  2  14.9 1014 339  2.3 0  5.9  53    0    0 301 -395  1
3797500 2746500  6  2  3  13.6 1014 338  2.9 0  6.5  64    0    0 297 -393  1
3797500 2746500  6  2  4  13.0 1014 357  2.3 1  6.9  73    0    0 298 -391  1
3797500 2746500  6  2  5  12.5 1014 345  2.0 1  7.2  78    0   11 300 -389  1
3797500 2746500  6  2  6  13.0 1014 328  2.5 1  7.4  81   19   57 299 -389  1
3797500 2746500  6  2  7  13.1 1014 332  2.6 2  7.5  80   65  123 304 -392  1
3797500 2746500  6  2  8  14.5 1014 360  2.8 2  7.4  75  225  154 311 -399  1
3797500 2746500  6  2  9  15.4 1014 301  2.1 1  7.3  69  426  133 309 -408  1
3797500 2746500  6  2 10  16.7 1014 282  2.0 0  7.1  62  562  134 302 -420  1
3797500 2746500  6  2 11  18.3 1014 308  2.9 0  6.9  55  675  128 302 -434  1
3797500 2746500  6  2 12  20.5 1014 336  2.8 0  6.6  47  755  118 310 -447  1
3797500 2746500  6  2 13  21.7 1013 335  3.8 0  6.7  43  788  107 319 -457  1
3797500 2746500  6  2 14  22.6 1013 343  3.5 0  6.7  40  756  109 326 -460  1
3797500 2746500  6  2 15  23.6 1012 335  5.0 0  6.5  37  700   99 331 -460  1
3797500 2746500  6  2 16  24.1 1012   0  4.5 0  6.0  33  612   87 332 -460  1
3797500 2746500  6  2 17  23.9 1012 345  4.6 0  5.5  29  469   88 327 -453  1
3797500 2746500  6  2 18  23.4 1011 335  5.1 1  5.4  30  308   89 327 -443  1
3797500 2746500  6  2 19  22.3 1011 334  4.3 1  5.4  31  151   78 326 -429  1
3797500 2746500  6  2 20  20.7 1012 339  4.0 3  5.4  35   14   41 328 -413  1
3797500 2746500  6  2 21  19.1 1012 338  3.5 3  5.4  38    0    2 336 -398  1
3797500 2746500  6  2 22  17.6 1013 336  3.0 2  5.5  42    0    0 330 -386  1
3797500 2746500  6  2 23  16.6 1013 286  2.7 2  5.7  47    0    0 307 -376  1
3797500 2746500  6  2 24  16.1 1013 223  2.7 1  6.2  53    0    0 294 -369  1
3797500 2746500  6  3  1  15.8 1025 148  2.7 1  6.8  59    0    0 310 -388  1
3797500 2746500  6  3  2  15.6 1025  91  2.7 1  7.4  66    0    0 302 -384  1
3797500 2746500  6  3  3  15.4 1025  48  2.6 0  7.9  72    0    0 295 -381  1
3797500 2746500  6  3  4  15.0 1025  50  2.4 0  8.2  76    0    0 292 -378  1
3797500 2746500  6  3  5  15.3 1025  50  2.5 0  8.2  76    0   10 290 -376  1
3797500 2746500  6  3  6  15.0 1024  44  2.2 0  8.6  83   34   61 289 -376  1
3797500 2746500  6  3  7  16.5 1024  68  3.0 0  8.8  79  131  112 291 -380  1
3797500 2746500  6  3  8  18.1 1024  54  3.5 0  8.9  72  268  140 295 -389  1
3797500 2746500  6  3  9  19.6 1024  51  4.5 0  8.7  64  419  152 299 -404  1
3797500 2746500  6  3 10  21.1 1024  43  5.1 0  8.7  58  555  157 306 -420  1
3797500 2746500  6  3 11  22.2 1023  51  4.7 0  8.7  54  670  153 313 -436  1
3797500 2746500  6  3 12  23.5 1022  51  5.2 0  8.4  49  750  142 318 -450  1
3797500 2746500  6  3 13  24.2 1022  79  4.4 0  8.1  44  771  139 322 -462  1
3797500 2746500  6  3 14  25.0 1021  76  4.8 1  8.0  42  526  265 328 -470  1
3797500 2746500  6  3 15  24.4 1020  56  4.3 2  8.0  42  401  286 333 -475  1
3797500 2746500  6  3 16  24.9 1020  49  5.1 3  8.2  43  508  158 337 -476  1
3797500 2746500  6  3 17  24.7 1019  53  4.4 2  8.4  43  430  125 339 -473  1
3797500 2746500  6  3 18  25.2 1018  48  4.7 1  8.4  43  283  112 336 -467  1
3797500 2746500  6  3 19  25.0 1017  69  4.0 0  8.4  42  141   90 332 -458  1
3797500 2746500  6  3 20  24.4 1017  48  4.2 1  8.3  43   33   47 331 -447  1
3797500 2746500  6  3 21  23.6 1017  49  3.7 1  8.4  45    0    2 330 -436  1
3797500 2746500  6  3 22  23.0 1017  51  3.1 1  8.6  48    0    0 327 -426  1
3797500 2746500  6  3 23  21.9 1017  47  2.6 1  8.8  52    0    0 323 -418  1
3797500 2746500  6  3 24  20.7 1017  62  2.4 1  9.0  57    0    0 319 -412  1
3797500 2746500  6  4  1  19.7 1017  57  2.8 0  9.2  62    0    0 313 -407  1
3797500 2746500  6  4  2  18.9 1017  67  2.6 0  9.3  66    0    0 308 -401  1
3797500 2746500  6  4  3  17.9 1016  80  2.2 0  9.3  70    0    0 305 -396  1
3797500 2746500  6  4  4  18.4 1016  65  2.3 0  9.2  71    0    0 304 -391  1
3797500 2746500  6  4  5  18.1 1015  74  2.6 1  9.2  70    0    8 307 -388  1
3797500 2746500  6  4  6  18.7 1015  77  2.1 1  9.3  70   27   59 309 -386  1
3797500 2746500  6  4  7  20.3 1015  77  2.8 1  9.4  66  121  109 311 -391  1
3797500 2746500  6  4  8  21.5 1014  67  2.3 1  9.6  62  258  135 314 -402  1
3797500 2746500  6  4  9  22.6 1014  62  3.6 1  9.6  58  381  159 319 -418  1
3797500 2746500  6  4 10  23.6 1014  58  3.4 1  9.4  53  465  192 324 -436  1
3797500 2746500  6  4 11  25.4 1013  46  3.8 2  9.4  49  540  210 333 -454  1
3797500 2746500  6  4 12  25.8 1013  66  4.2 3  9.3  45  513  262 343 -470  1
3797500 2746500  6  4 13  27.5 1012  49  4.4 2  8.6  40  720  145 348 -482  1
3797500 2746500  6  4 14  28.1 1011  47  4.6 1  8.6  36  767   98 349 -491  1
3797500 2746500  6  4 15  28.5 1010  31  4.9 1  8.8  36  704   93 349 -495  1
3797500 2746500  6  4 16  28.7 1009  63  4.5 2  8.9  36  560  109 355 -494  1
3797500 2746500  6  4 17  28.6 1008  21  5.6 4  8.8  36  222  211 364 -489  1
3797500 2746500  6  4 18  27.9 1008  35  4.0 5  8.6  36   63  170 372 -481  1
3797500 2746500  6  4 19  27.6 1007  48  3.3 6  8.5  36   10   92 378 -472  1
3797500 2746500  6  4 20  26.9 1007  39  3.7 5  8.3  36    3   34 375 -460  1
3797500 2746500  6  4 21  26.4 1006  38  3.3 6  8.0  36    0    4 374 -447  1
3797500 2746500  6  4 22  25.6 1007  47  3.3 7  8.0  38    0    0 381 -436  1
3797500 2746500  6  4 23  25.0 1007  38  3.2 8  8.2  40    0    0 389 -428  1
3797500 2746500  6  4 24  23.1 1006  48  3.1 8  8.5  45    0    0 393 -422  1
3797500 2746500  6  5  1  22.5 1006  49  3.0 6  9.0  51    0    0 382 -417  1
3797500 2746500  6  5  2  21.3 1005  83  2.6 7  9.4  57    0    0 376 -414  1
3797500 2746500  6  5  3  18.7 1005 314  2.4 7 10.1  68    0    0 375 -411  1
3797500 2746500  6  5  4  18.2 1004 332  2.5 7 10.7  80    0    0 371 -407  1
3797500 2746500  6  5  5  18.2 1004  17  1.0 7 10.7  81    0    0 371 -404  1
3797500 2746500  6  5  6  18.1 1003 341  1.8 8 10.5  79    0    9 375 -404  1
3797500 2746500  6  5  7  18.4 1003  17  2.6 8 10.1  76    0   49 378 -410  1
3797500 2746500  6  5  8  18.8 1003  27  2.8 7 10.0  74    3  146 373 -421  1
3797500 2746500  6  5  9  19.6 1002  44  2.2 7 10.1  72   44  253 371 -434  1
3797500 2746500  6  5 10  20.6 1002  59  2.2 8 10.2  68   99  315 379 -448  1
3797500 2746500  6  5 11  22.3 1002  40  0.4 5 10.6  65  413  272 376 -461  1
3797500 2746500  6  5 12  24.2 1001  50  1.5 2 11.2  62  645  176 359 -478  1
3797500 2746500  6  5 13  25.8 1001  58  1.0 3 11.9  59  496  272 360 -495  1
3797500 2746500  6  5 14  26.0 1000 243  1.9 5 12.4  58  137  359 377 -499  1
3797500 2746500  6  5 15  19.4  999  26  1.8 6 12.6  72    0  184 375 -494  1
3797500 2746500  6  5 16  20.2  999 121  2.3 7 12.7  86    0  128 372 -486  1
3797500 2746500  6  5 17  20.3  999 144  1.3 7 12.8  84    0   47 378 -484  1
3797500 2746500  6  5 18  20.1  999 106  1.9 7 13.1  86    0   41 379 -483  1
3797500 2746500  6  5 19  20.2  998 309  2.3 7 13.1  87    0   42 379 -477  1
3797500 2746500  6  5 20  20.3  998 174  1.5 7 13.2  87    0    9 380 -467  1
3797500 2746500  6  5 21  20.7  998 182  0.7 8 13.4  87    0    1 387 -455  1
3797500 2746500  6  5 22  20.2  997 181  1.5 8 13.3  87    0    0 391 -445  1
3797500 2746500  6  5 23  19.9  998 184  1.6 7 12.9  86    0    0 384 -438  1
3797500 2746500  6  5 24  19.6  998 197  1.7 8 12.5  85    0    0 383 -436  1
3797500 2746500  6  6  1  18.8  998 190  1.0 6 12.1  85    0    0 375 -435  1
3797500 2746500  6  6  2  18.5  997 176  1.3 6 11.9  87    0    0 362 -433  1
3797500 2746500  6  6  3  18.6  996 174  1.6 5 11.9  87    0    0 357 -433  1
3797500 2746500  6  6  4  18.2  996 198  1.1 6 11.8  87    0    0 356 -432  1
3797500 2746500  6  6  5  18.7  996 216  1.1 7 11.8  87    0    1 366 -431  1
3797500 2746500  6  6  6  19.0  996 194  1.5 6 11.9  85   13   58 367 -428  1
3797500 2746500  6  6  7  19.6  996 204  2.6 3 11.9  83  103  127 343 -424  1
3797500 2746500  6  6  8  20.7  996 220  3.4 5 11.7  77  121  206 341 -429  1
3797500 2746500  6  6  9  21.8  996 216  3.4 5 11.6  72  289  232 359 -440  1
3797500 2746500  6  6 10  22.4  996 221  3.6 4 11.6  68  407  255 361 -453  1
3797500 2746500  6  6 11  23.8  996 199  2.4 4 11.6  64  441  300 365 -463  1
3797500 2746500  6  6 12  25.0  996 240  3.6 5 11.6  60  378  364 377 -470  1
3797500 2746500  6  6 13  25.4  996 246  3.2 5 11.5  56  411  359 387 -479  1
3797500 2746500  6  6 14  25.0  995 192  1.7 4 11.3  55  231  397 387 -487  1
3797500 2746500  6  6 15  23.1  995 226  4.0 6 10.8  57   43  309 386 -496  1
3797500 2746500  6  6 16  25.4  995 216  2.7 6 10.2  53   39  272 388 -497  1
3797500 2746500  6  6 17  25.5  994 237  3.6 7 10.2  49    0  131 395 -487  1
3797500 2746500  6  6 18  23.1  995 218  2.6 8 10.6  54    0   51 398 -476  1
3797500 2746500  6  6 19  19.6  996 175  3.0 8 11.0  68    0   31 393 -468  1
3797500 2746500  6  6 20  19.2  996 192  1.6 7 11.4  79    0   19 384 -455  1
3797500 2746500  6  6 21  18.8  996 189  2.3 7 11.4  81    0    3 380 -441  1
3797500 2746500  6  6 22  18.8  996 204  2.0 7 11.4  82    0    0 380 -433  1
3797500 2746500  6  6 23  18.7  996 225  3.2 7 11.5  84    0    0 381 -430  1
3797500 2746500  6  6 24  18.6  997 240  2.5 8 11.6  84    0    0 387 -426  1
3797500 2746500  6  7  1  17.6  997 221  3.3 8 11.5  86    0    0 390 -423  1
3797500 2746500  6  7  2  16.4  997 271  3.2 8 10.9  89    0    0 386 -420  1
3797500 2746500  6  7  3  15.7  997 246  3.3 8 10.3  89    0    0 382 -418  1
3797500 2746500  6  7  4  15.3  998 246  3.2 8  9.9  88    0    0 378 -415  1
3797500 2746500  6  7  5  15.0  998 252  2.9 8  9.7  88    0    1 376 -413  1
3797500 2746500  6  7  6  14.5  999 207  3.0 8  9.4  88    0   15 374 -412  1
3797500 2746500  6  7  7  14.3  999 265  3.1 7  9.1  87    0   47 368 -413  1
3797500 2746500  6  7  8  14.2  999 260  2.9 7  9.0  87    0  101 362 -417  1
3797500 2746500  6  7  9  14.5 1000 267  2.4 7  9.0  87    0  153 363 -423  1
3797500 2746500  6  7 10  15.0 1000 258  2.2 7  9.0  85    3  229 366 -429  1
3797500 2746500  6  7 11  15.6 1000 212  2.0 7  9.0  82   12  280 368 -432  1
3797500 2746500  6  7 12  16.7 1000 267  1.9 7  8.7  74   45  330 371 -437  1
3797500 2746500  6  7 13  17.8 1000 200  1.5 7  8.6  69   92  363 376 -450  1
3797500 2746500  6  7 14  18.4 1000 100  1.6 6  8.8  67  304  348 375 -457  1
3797500 2746500  6  7 15  19.7  999 214  1.4 4  8.9  63  540  190 367 -458  1
3797500 2746500  6  7 16  20.5  999  33  1.3 4  9.1  61  382  214 366 -460  1
3797500 2746500  6  7 17  21.6  998  73  1.0 4  9.5  60  284  183 366 -461  1
3797500 2746500  6  7 18  21.2  997  78  1.9 3  9.4  58  307   86 362 -456  1
3797500 2746500  6  7 19  21.7  997  77  2.0 3  9.2  56  162   74 357 -445  1
3797500 2746500  6  7 20  21.2  997  51  2.3 5  9.4  58   30   42 363 -435  1
3797500 2746500  6  7 21  19.8  996  49  2.7 4  9.4  62    0    5 361 -426  1
3797500 2746500  6  7 22  19.6  997  71  3.2 6  9.5  65    0    0 360 -419  1
3797500 2746500  6  7 23  19.2  996  87  3.5 7  9.6  67    0    0 372 -414  1
3797500 2746500  6  7 24  17.4  996 182  2.7 8 10.3  76    0    0 379 -409  1
3797500 2746500  6  8  1  17.1  997 221  1.2 8 11.0  88    0    0 380 -405  1
3797500 2746500  6  8  2  16.8  996 295  0.9 7 11.2  91    0    0 374 -401  1
3797500 2746500  6  8  3  16.7  996 213  1.7 8 11.1  91    0    0 373 -397  1
3797500 2746500  6  8  4  16.0  996 231  2.5 8 11.0  93    0    0 376 -394  1
3797500 2746500  6  8  5  13.1  997 261  4.1 8  9.8  92    0    2 368 -392  1
3797500 2746500  6  8  6  12.6  997 270  2.8 7  8.5  90    0   14 356 -391  1
3797500 2746500  6  8  7  12.5  998 281  2.0 7  8.3  90    0   23 350 -393  1
3797500 2746500  6  8  8  12.9  999 270  2.4 7  8.4  90    0   38 348 -399  1
3797500 2746500  6  8  9  12.9  999 260  2.9 7  8.5  91    0  107 349 -407  1
3797500 2746500  6  8 10  13.3  999 261  3.6 7  8.6  90    0  142 349 -418  1
3797500 2746500  6  8 11  14.3 1000 262  3.9 8  8.5  85    0  204 356 -430  1
3797500 2746500  6  8 12  15.3 1000 252  4.8 7  8.3  78   32  347 359 -442  1
3797500 2746500  6  8 13  16.0 1000 278  5.2 6  7.6  67  120  421 352 -452  1
3797500 2746500  6  8 14  16.2 1000 271  5.0 6  6.8  59  116  405 346 -459  1
3797500 2746500  6  8 15  16.3 1001 239  4.9 7  6.6  56   71  352 351 -459  1
3797500 2746500  6  8 16  16.7 1001 228  4.5 6  6.4  54  117  329 351 -456  1
3797500 2746500  6  8 17  18.2 1001 244  4.3 6  6.3  50  105  266 347 -452  1
3797500 2746500  6  8 18  17.7 1001 258  3.9 4  6.0  47  130  190 338 -446  1
3797500 2746500  6  8 19  17.6 1001 249  2.1 4  6.1  48   88  117 328 -437  1
3797500 2746500  6  8 20  16.1 1002 228  1.9 6  6.8  56   28   54 334 -426  1
3797500 2746500  6  8 21  15.4 1002 229  0.9 6  7.0  62    0    4 339 -414  1
3797500 2746500  6  8 22  14.4 1003 221  1.4 7  6.8  64    0    0 340 -403  1
3797500 2746500  6  8 23  14.5 1003 228  2.2 5  6.7  65    0    0 332 -395  1
3797500 2746500  6  8 24  14.0 1004 217  2.0 5  6.8  66    0    0 320 -389  1
3797500 2746500  6  9  1  13.4 1004 218  1.8 5  6.8  69    0    0 317 -384  1
3797500 2746500  6  9  2  13.0 1005 226  1.8 5  6.7  70    0    0 314 -380  1
3797500 2746500  6  9  3  12.6 1005 224  2.1 4  6.6  71    0    0 306 -378  1
3797500 2746500  6  9  4  11.9 1005 227  1.9 2  6.4  72    0    0 289 -376  1
3797500 2746500  6  9  5  11.4 1006 227  2.4 1  6.2  72    1   13 274 -372  1
3797500 2746500  6  9  6  12.4 1006 230  2.0 0  6.2  70   55   63 264 -368  1
3797500 2746500  6  9  7  13.7 1006 238  3.1 1  6.4  68  183   93 267 -371  1
3797500 2746500  6  9  8  14.5 1007 249  3.3 1  6.7  66  340  104 275 -379  1
3797500 2746500  6  9  9  15.4 1007 241  4.1 0  6.6  62  502  101 276 -391  1
3797500 2746500  6  9 10  16.7 1007 251  3.9 0  6.5  56  626  107 276 -404  1
3797500 2746500  6  9 11  17.2 1007 244  4.4 1  6.2  51  730  106 282 -417  1
3797500 2746500  6  9 12  18.5 1007 222  3.2 1  5.9  46  818   84 290 -429  1
3797500 2746500  6  9 13  19.2 1008 253  5.7 3  5.7  42  495  293 301 -439  1
3797500 2746500  6  9 14  19.4 1008 277  1.7 3  5.6  40  177  380 311 -444  1
3797500 2746500  6  9 15  18.6 1008 272  3.5 4  5.5  40  149  347 314 -449  1
3797500 2746500  6  9 16  19.0 1008 262  3.4 7  5.2  38   44  274 329 -451  1
3797500 2746500  6  9 17  18.9 1008 229  2.1 7  5.3  39   25  213 341 -446  1
3797500 2746500  6  9 18  18.8 1008 229  2.9 8  5.4  40   15  153 345 -440  1
3797500 2746500  6  9 19  18.6 1008 249  2.0 6  5.5  41    5   85 340 -428  1
3797500 2746500  6  9 20  18.1 1009 231  1.6 4  5.9  45   22   47 319 -415  1
3797500 2746500  6  9 21  16.2 1009 200  1.0 3  6.1  50    0    7 298 -404  1
3797500 2746500  6  9 22  15.3 1009 195  1.1 1  6.1  54    0    0 276 -396  1
3797500 2746500  6  9 23  15.5 1010 200  1.0 1  6.1  56    0    0 267 -392  1
3797500 2746500  6  9 24  14.1 1010 192  0.7 1  6.2  59    0    0 268 -389  1
3797500 2746500  6 10  1  13.8 1010 176  1.3 1  6.3  64    0    0 268 -387  1
3797500 2746500  6 10  2  13.9 1010 173  1.4 2  6.5  65    0    0 273 -383  1
3797500 2746500  6 10  3  13.1 1009 194  1.4 2  6.5  68    0    0 276 -381  1
3797500 2746500  6 10  4  11.8 1009 179  0.9 3  6.5  72    0    0 278 -380  1
3797500 2746500  6 10  5  13.7 1009 194  1.4 5  6.4  70    0    2 292 -379  1
3797500 2746500  6 10  6  13.2 1009 143  0.7 6  6.8  70    0   20 306 -379  1
3797500 2746500  6 10  7  14.8 1009 127  0.9 7  7.4  74    0   70 317 -383  1
3797500 2746500  6 10  8  15.5 1009 128  1.2 7  7.9  73    0  124 327 -391  1
3797500 2746500  6 10  9  15.9 1009 136  1.2 8  8.0  71    0  102 335 -405  1
3797500 2746500  6 10 10  15.4 1009 247  0.9 8  8.1  72    0  155 342 -410  1
3797500 2746500  6 10 11  16.1 1009   7  1.3 8  7.9  70    0  215 345 -415  1
3797500 2746500  6 10 12  17.3 1008 264  1.7 6  7.8  66   69  407 341 -434  1
3797500 2746500  6 10 13  18.2 1008 138  1.3 5  7.5  59  161  464 330 -449  1
3797500 2746500  6 10 14  18.5 1008  69  2.3 7  7.2  54   27  339 336 -441  1
3797500 2746500  6 10 15  16.9 1007  98  2.1 8  7.6  60    0  190 351 -433  1
3797500 2746500  6 10 16  15.8 1007  89  1.8 7  7.8  67   10  249 347 -436  1
3797500 2746500  6 10 17  18.3 1007 348  0.9 5  7.1  58  159  288 332 -430  1
3797500 2746500  6 10 18  19.3 1006 347  1.5 5  6.5  48   74  210 323 -427  1
3797500 2746500  6 10 19  17.6 1006  56  2.6 8  6.9  52   10  104 341 -423  1
3797500 2746500  6 10 20  14.0 1006 258  3.5 8  7.5  66    0   30 355 -413  1
3797500 2746500  6 10 21  13.5 1007 223  2.0 8  7.8  79    0    3 349 -404  1
3797500 2746500  6 10 22  13.5 1007 230  1.6 8  8.1  83    0    0 349 -396  1
3797500 2746500  6 10 23  13.3 1008 219  2.8 8  8.2  85    0    0 349 -393  1
3797500 2746500  6 10 24  13.0 1008 232  1.9 8  8.2  86    0    0 349 -391  1
3797500 2746500  6 11  1  12.5 1008 247  2.4 8  8.1  87    0    0 349 -390  1
3797500 2746500  6 11  2  11.3 1008 264  2.8 8  7.7  88    0    0 347 -388  1
3797500 2746500  6 11  3  10.9 1009 327  1.2 8  7.4  89    0    0 345 -387  1
3797500 2746500  6 11  4  10.6 1009 171  1.8 8  7.2  90    0    0 343 -386  1
3797500 2746500  6 11  5  10.0 1009 237  1.8 7  7.0  90    0    4 335 -385  1
3797500 2746500  6 11  6   9.7 1009 239  1.7 6  6.9  91    7   52 320 -383  1
3797500 2746500  6 11  7  10.7 1010 211  1.8 4  7.0  89  104  109 300 -381  1
3797500 2746500  6 11  8  12.2 1010 225  2.6 4  6.9  82  187  157 290 -379  1
3797500 2746500  6 11  9  13.4 1010 210  3.3 4  6.8  73  317  174 296 -379  1
3797500 2746500  6 11 10  14.2 1010 247  3.6 3  6.3  64  499  145 295 -382  1
3797500 2746500  6 11 11  15.0 1010 247  4.0 3  6.0  58  357  279 292 -386  1
3797500 2746500  6 11 12  16.6 1010 238  3.4 2  5.8  52  487  245 290 -388  1
3797500 2746500  6 11 13  16.6 1010 159  3.7 3  5.8  49  539  225 294 -389  1
3797500 2746500  6 11 14  17.9 1010 227  3.4 5  5.9  48  143  350 314 -385  1
3797500 2746500  6 11 15  12.6 1009 175  3.5 8  6.6  61    0  164 332 -385  1
3797500 2746500  6 11 16  14.5 1010 161  2.1 6  7.4  76  128  281 333 -389  1
3797500 2746500  6 11 17  16.3 1010 167  2.5 5  7.7  70  173  214 323 -387  1
3797500 2746500  6 11 18  15.8 1010 157  2.5 7  7.4  65    8  136 330 -384  1
3797500 2746500  6 11 19  12.8 1010  27  2.3 6  7.3  71   28  100 327 -384  1
3797500 2746500  6 11 20  12.9 1011  30  0.7 5  7.7  83   35   43 313 -383  1
3797500 2746500  6 11 21  12.4 1011 122  1.5 6  7.6  83    1    8 312 -379  1
3797500 2746500  6 11 22  12.0 1011 326  1.6 8  7.4  83    0    0 325 -373  1
3797500 2746500  6 11 23  10.9 1012  83  1.1 8  7.2  85    0    0 332 -369  1
3797500 2746500  6 11 24  10.7 1012 167  1.7 7  6.9  85    0    0 326 -365  1
3797500 2746500  6 12  1  10.5 1012 145  1.4 4  6.9  87    0    0 306 -363  1
3797500 2746500  6 12  2   9.9 1012 149  1.1 3  6.9  89    0    0 286 -362  1
3797500 2746500  6 12  3  10.4 1012 197  1.3 1  6.8  88    0    0 272 -361  1
3797500 2746500  6 12  4  10.6 1013 182  1.7 1  6.7  85    0    0 265 -359  1
3797500 2746500  6 12  5  10.9 1013 184  1.7 4  6.9  85    0    9 280 -357  1
3797500 2746500  6 12  6  11.9 1013 169  1.3 5  7.1  85   16   62 299 -357  1
3797500 2746500  6 12  7  12.8 1013 204  2.0 2  7.4  83  100  127 291 -363  1
3797500 2746500  6 12  8  13.8 1013 254  1.8 1  7.5  78  256  149 273 -374  1
3797500 2746500  6 12  9  15.0 1013 223  1.9 1  7.5  73  391  170 273 -389  1
3797500 2746500  6 12 10  15.9 1013 227  2.2 1  7.2  66  361  265 276 -405  1
3797500 2746500  6 12 11  16.1 1013 234  3.0 3  6.4  57  274  356 287 -422  1
3797500 2746500  6 12 12  16.9 1013 242  3.3 4  6.0  51  377  350 301 -438  1
3797500 2746500  6 12 13  17.2 1013 215  3.0 4  5.8  48  482  310 306 -449  1
3797500 2746500  6 12 14  17.9 1012 195  3.2 3  5.2  42  557  250 304 -454  1
3797500 2746500  6 12 15  18.2 1012 191  2.7 4  4.8  37  378  300 305 -454  1
3797500 2746500  6 12 16  18.5 1011 196  2.7 5  4.8  37  279  280 314 -455  1
3797500 2746500  6 12 17  18.7 1011 203  1.9 6  5.2  39   94  251 324 -453  1
3797500 2746500  6 12 18  18.8 1010 304  1.7 6  5.2  38   82  183 328 -447  1
3797500 2746500  6 12 19  18.6 1010 263  0.9 6  5.3  40   73  110 330 -437  1
3797500 2746500  6 12 20  18.0 1010 298  1.0 8  5.8  44   10   47 337 -425  1
3797500 2746500  6 12 21  16.8 1010 341  0.8 8  6.3  51    0    1 341 -414  1
3797500 2746500  6 12 22  15.9 1010 107  1.1 8  6.4  55    0    0 338 -405  1
3797500 2746500  6 12 23  15.5 1010 101  1.2 8  6.6  59    0    0 337 -400  1
3797500 2746500  6 12 24  15.6 1009 119  1.1 8  6.8  62    0    0 339 -398  1
3797500 2746500  6 13  1  16.3 1009 176  1.8 8  6.9  60    0    0 344 -397  1
3797500 2746500  6 13  2  16.0 1008 174  1.7 8  6.6  58    0    0 347 -397  1
3797500 2746500  6 13  3  16.1 1008 205  2.0 8  6.6  58    0    0 350 -394  1
3797500 2746500  6 13  4  15.8 1008 186  2.4 7  6.6  58    0    0 350 -391  1
3797500 2746500  6 13  5  15.9 1008 215  2.6 7  6.7  59    0    2 349 -388  1
3797500 2746500  6 13  6  16.4 1008 216  2.7 7  6.9  60    0   36 353 -387  1
3797500 2746500  6 13  7  17.2 1008 213  3.2 5  7.1  59   33  128 350 -390  1
3797500 2746500  6 13  8  17.3 1008 191  3.6 6  7.5  60   52  199 352 -394  1
3797500 2746500  6 13  9  17.8 1008 193  3.8 6  7.8  62  173  264 357 -400  1
3797500 2746500  6 13 10  18.7 1008 204  4.1 6  8.1  61  285  296 362 -409  1
3797500 2746500  6 13 11  18.6 1008 220  4.6 7  8.4  62   90  358 368 -414  1
3797500 2746500  6 13 12  18.5 1008 193  3.9 7  8.7  65   18  302 372 -413  1
3797500 2746500  6 13 13  19.6 1008 179  3.7 6  9.0  65   90  380 374 -413  1
3797500 2746500  6 13 14  20.0 1008 198  3.8 6  9.2  63   57  348 376 -417  1
3797500 2746500  6 13 15  20.1 1008 219  3.5 7  9.2  62   14  273 382 -419  1
3797500 2746500  6 13 16  20.3 1008 222  3.6 8  9.1  61    0  191 389 -417  1
3797500 2746500  6 13 17  21.0 1008 205  3.6 6  9.1  60   67  240 389 -414  1
3797500 2746500  6 13 18  20.8 1008 218  2.9 5  9.3  60  146  168 380 -412  1
3797500 2746500  6 13 19  20.6 1007 220  3.0 6  9.5  62    8   94 379 -409  1
3797500 2746500  6 13 20  19.9 1008 212  2.5 7  9.6  65   12   48 384 -406  1
3797500 2746500  6 13 21  19.2 1008 207  2.2 7  9.9  69    0    5 387 -404  1
3797500 2746500  6 13 22  18.5 1008 201  1.9 7 10.1  74    0    0 388 -402  1
3797500 2746500  6 13 23  18.8 1009 187  1.6 6  9.9  73    0    0 385 -401  1
3797500 2746500  6 13 24  19.6 1009 171  1.4 5  9.6  68    0    0 384 -400  1
3797500 2746500  6 14  1  20.7 1011 160  1.1 3  8.9  60    0    0 343 -427  1
3797500 2746500  6 14  2  21.7 1010 173  1.2 2  8.5  53    0    0 340 -422  1
3797500 2746500  6 14  3  22.3 1010 210  1.3 2  8.4  50    0    0 338 -418  1
3797500 2746500  6 14  4  22.0 1010 207  1.6 2  9.0  54    0    0 339 -416  1
3797500 2746500  6 14  5  22.2 1010 161  1.7 3  9.6  57    0    2 351 -414  1
3797500 2746500  6 14  6  21.5 1011  23  2.4 5 10.9  66    2   43 364 -412  1
3797500 2746500  6 14  7  22.8 1011  27  2.0 4 11.2  66   61  130 364 -411  1
3797500 2746500  6 14  8  23.3 1011  59  0.6 5 11.1  63   69  199 367 -414  1
3797500 2746500  6 14  9  23.4 1011 348  1.5 5 11.2  62   60  261 372 -422  1
3797500 2746500  6 14 10  24.1 1011  68  0.9 6 11.6  63  122  323 379 -432  1
3797500 2746500  6 14 11  23.9 1011  83  1.3 7 11.3  60   87  358 390 -442  1
3797500 2746500  6 14 12  21.4 1011  71  1.6 8 11.3  65   12  308 394 -452  1
3797500 2746500  6 14 13  23.0 1011 349  2.6 5 12.3  73  364  361 386 -460  1
3797500 2746500  6 14 14  24.1 1011 313  2.2 3 12.3  67  601  229 372 -462  1
3797500 2746500  6 14 15  24.6 1010  13  2.5 2 11.9  62  533  223 361 -461  1
3797500 2746500  6 14 16  25.3 1010  27  2.5 2 11.6  58  442  206 356 -460  1
3797500 2746500  6 14 17  24.5 1010  10  3.0 3 11.7  59  238  224 358 -455  1
3797500 2746500  6 14 18  23.6 1009  35  3.7 5 11.9  63   80  181 366 -447  1
3797500 2746500  6 14 19  22.8 1009  18  3.3 6 11.6  65   31  111 372 -437  1
3797500 2746500  6 14 20  22.1 1010  46  3.5 6 11.0  64   30   48 370 -425  1
3797500 2746500  6 14 21  21.0 1009  23  3.5 7 10.6  65    0    9 368 -414  1
3797500 2746500  6 14 22  19.7 1010  48  2.4 8 10.5  70    0    0 369 -403  1
3797500 2746500  6 14 23  18.7 1010 274  3.5 8 10.5  75    0    0 368 -395  1
3797500 2746500  6 14 24  17.5 1011  31  3.2 7 10.8  82    0    0 360 -388  1
3797500 2746500  6 15  1  17.4 1010  52  3.0 7 10.7  86    0    0 353 -383  1
3797500 2746500  6 15  2  17.4 1010  53  3.0 7 10.5  84    0    0 352 -377  1
3797500 2746500  6 15  3  16.6 1010  56  2.8 6 10.4  85    0    0 348 -372  1
3797500 2746500  6 15  4  16.1 1010  44  2.4 7 10.4  88    0    0 345 -368  1
3797500 2746500  6 15  5  16.3 1010  36  1.8 8 10.4  89    0    6 353 -364  1
3797500 2746500  6 15  6  16.5 1010  37  2.2 7 10.4  89    0   27 353 -363  1
3797500 2746500  6 15  7  16.4 1010 102  1.5 8 10.5  89    0   28 352 -367  1
3797500 2746500  6 15  8  16.4 1010 137  1.4 8 10.8  92    0   46 357 -377  1
3797500 2746500  6 15  9  16.4 1010 228  1.4 8 11.2  95    0   85 357 -391  1
3797500 2746500  6 15 10  16.5 1010 230  2.3 8 11.3  96    0  154 358 -407  1
3797500 2746500  6 15 11  17.3 1011 263  2.0 8 11.4  94    7  286 360 -423  1
3797500 2746500  6 15 12  18.2 1010 251  2.1 7 11.4  89   29  363 360 -437  1
3797500 2746500  6 15 13  18.1 1010 261  2.5 7 11.3  86   20  343 357 -448  1
3797500 2746500  6 15 14  17.5 1010 256  3.0 7 11.0  86    2  252 356 -454  1
3797500 2746500  6 15 15  17.4 1011 253  3.0 8 10.8  86    0  173 359 -455  1
3797500 2746500  6 15 16  16.6 1011 290  2.2 8 10.8  88    1  186 362 -454  1
3797500 2746500  6 15 17  16.6 1011 236  3.6 7 10.6  89    9  199 355 -452  1
3797500 2746500  6 15 18  16.6 1011 269  2.7 8 10.3  87    1  119 353 -447  1
3797500 2746500  6 15 19  16.0 1011   3  2.9 8 10.1  87    0   47 353 -438  1
3797500 2746500  6 15 20  15.9 1011 284  1.9 8  9.7  85    0   22 349 -428  1
3797500 2746500  6 15 21  15.7 1012 314  1.5 8  9.4  83    0    1 346 -415  1
3797500 2746500  6 15 22  15.3 1012 298  1.6 7  9.1  83    0    0 338 -403  1
3797500 2746500  6 15 23  14.9 1012 300  2.0 6  9.0  83    0    0 328 -394  1
3797500 2746500  6 15 24  14.5 1012 298  1.8 7  8.8  84    0    0 324 -390  1
3797500 2746500  6 16  1  14.1 1012 276  1.7 7  8.8  86    0    0 326 -387  1
3797500 2746500  6 16  2  14.0 1012 284  1.3 8  8.7  86    0    0 330 -383  1
3797500 2746500  6 16  3  13.6 1012 288  1.7 8  8.5  86    0    0 333 -379  1
3797500 2746500  6 16  4  13.4 1012 296  1.8 8  8.3  85    0    0 333 -376  1
3797500 2746500  6 16  5  12.8 1012 288  1.9 8  8.0  85    0    1 331 -373  1
3797500 2746500  6 16  6  12.4 1013 313  1.6 8  7.7  84    0   15 329 -373  1
3797500 2746500  6 16  7  12.8 1012 260  2.4 7  7.4  81    4   92 323 -379  1
3797500 2746500  6 16  8  14.1 1012 269  2.0 5  7.2  75   81  199 311 -392  1
3797500 2746500  6 16  9  14.5 1012 272  2.5 5  7.0  68  144  266 305 -410  1
3797500 2746500  6 16 10  14.7 1013 271  2.2 5  6.8  65   78  318 307 -430  1
3797500 2746500  6 16 11  14.9 1012 276  2.4 5  6.8  64  143  363 309 -448  1
3797500 2746500  6 16 12  15.7 1013 265  2.9 5  6.5  60  142  386 312 -462  1
3797500 2746500  6 16 13  16.9 1012 264  2.8 5  6.6  57  254  389 317 -473  1
3797500 2746500  6 16 14  16.9 1012 247  3.1 5  6.7  56  142  381 321 -479  1
3797500 2746500  6 16 15  17.2 1012 279  2.9 5  6.7  55  237  346 321 -482  1
3797500 2746500  6 16 16  16.6 1012 290  3.6 5  6.4  53  200  298 320 -482  1
3797500 2746500  6 16 17  16.5 1012 269  2.9 6  6.3  53  148  244 322 -478  1
3797500 2746500  6 16 18  16.5 1012 284  2.6 8  6.5  56   23  158 330 -471  1
3797500 2746500  6 16 19  16.4 1011 302  2.0 8  6.6  56    0   63 336 -463  1
3797500 2746500  6 16 20  16.3 1011 330  1.4 7  6.6  57    3   40 333 -453  1
3797500 2746500  6 16 21  15.9 1012   5  1.2 6  6.7  59    0    2 326 -441  1
3797500 2746500  6 16 22  14.8 1012 350  0.4 6  6.8  63    0    0 322 -429  1
3797500 2746500  6 16 23  14.8 1012 332  0.7 6  6.8  65    0    0 321 -421  1
3797500 2746500  6 16 24  13.8 1012   0  0.6 5  7.0  68    0    0 316 -414  1
3797500 2746500  6 17  1  13.1 1012   9  1.2 4  7.1  74    0    0 308 -409  1
3797500 2746500  6 17  2  11.8 1012  36  0.4 1  7.1  79    0    0 293 -405  1
3797500 2746500  6 17  3  11.1 1013  29  1.1 0  7.1  84    0    0 278 -402  1
3797500 2746500  6 17  4  11.5 1012  12  1.2 2  7.1  85    0    0 281 -399  1
3797500 2746500  6 17  5  10.9 1013 150  0.7 4  7.1  85    0   12 291 -396  1
3797500 2746500  6 17  6  12.4 1013  25  0.8 4  7.3  86    0   41 297 -396  1
3797500 2746500  6 17  7  13.0 1013 146  0.8 7  7.9  86    0   78 307 -401  1
3797500 2746500  6 17  8  14.4 1013 217  0.9 8  7.9  80    2  142 317 -414  1
3797500 2746500  6 17  9  14.6 1013 251  1.8 8  7.7  75    0  175 322 -432  1
3797500 2746500  6 17 10  15.0 1014 215  2.1 8  7.8  74   20  284 323 -454  1
3797500 2746500  6 17 11  15.7 1014 264  2.3 6  7.7  71  194  384 322 -476  1
3797500 2746500  6 17 12  17.4 1014 273  3.4 4  7.7  66  531  301 322 -494  1
3797500 2746500  6 17 13  19.0 1013 350  2.8 2  7.9  61  622  260 324 -504  1
3797500 2746500  6 17 14  20.7 1013 284  3.1 1  8.0  55  663  219 327 -509  1
3797500 2746500  6 17 15  21.1 1013 319  2.9 1  8.1  52  611  205 330 -509  1
3797500 2746500  6 17 16  21.5 1012 323  3.0 1  7.9  50  521  189 330 -507  1
3797500 2746500  6 17 17  21.5 1012 345  3.3 0  7.7  48  402  168 328 -504  1
3797500 2746500  6 17 18  21.5 1012 350  2.9 0  7.5  47  271  142 324 -497  1
3797500 2746500  6 17 19  21.5 1011   7  2.1 0  7.5  47  148  106 323 -484  1
3797500 2746500  6 17 20  21.1 1011   5  0.9 1  7.5  48   52   60 324 -470  1
3797500 2746500  6 17 21  19.0 1011  18  0.9 1  7.5  51    3   10 322 -454  1
3797500 2746500  6 17 22  18.1 1011 160  0.6 1  7.5  56    0    0 317 -439  1
3797500 2746500  6 17 23  17.1 1012 147  0.8 1  7.4  59    0    0 312 -428  1
3797500 2746500  6 17 24  16.3 1012 111  1.0 0  7.6  64    0    0 308 -420  1
3797500 2746500  6 18  1  16.0 1012 147  1.1 0  7.5  66    0    0 303 -415  1
3797500 2746500  6 18  2  15.5 1012 144  0.8 0  7.3  65    0    0 300 -410  1
3797500 2746500  6 18  3  14.8 1012 109  1.3 0  7.3  68    0    0 298 -406  1
3797500 2746500  6 18  4  14.2 1011 112  1.2 0  7.1  69    0    0 294 -406  1
3797500 2746500  6 18  5  15.5 1011   3  0.3 1  7.0  66    0   12 297 -405  1
3797500 2746500  6 18  6  17.3 1011 178  1.6 2  7.4  63   18   62 307 -404  1
3797500 2746500  6 18  7  19.1 1011 168  1.8 3  8.3  63   88  133 317 -409  1
3797500 2746500  6 18  8  20.9 1010 160  2.6 3  9.1  62  228  171 327 -421  1
3797500 2746500  6 18  9  22.1 1010 169  2.5 3  9.6  60  345  206 334 -436  1
3797500 2746500  6 18 10  23.4 1010 199  2.6 4  9.9  57  383  267 343 -454  1
3797500 2746500  6 18 11  23.5 1009 161  2.9 5  9.5  52  406  315 352 -472  1
3797500 2746500  6 18 12  24.5 1009 180  2.5 6  9.3  49  426  342 358 -488  1
3797500 2746500  6 18 13  25.1 1009 174  2.6 5  9.4  48  422  353 364 -502  1
3797500 2746500  6 18 14  25.6 1008 218  2.9 5  9.4  46  342  369 367 -511  1
3797500 2746500  6 18 15  25.9 1008 143  3.4 6  9.3  45  321  338 371 -514  1
3797500 2746500  6 18 16  27.2 1007 147  3.8 5  9.3  42  366  259 375 -510  1
3797500 2746500  6 18 17  27.6 1006 180  1.5 4  9.5  41  367  175 374 -507  1
3797500 2746500  6 18 18  27.6 1006 161  2.4 3  9.7  42  250  142 368 -501  1
3797500 2746500  6 18 19  27.8 1005 323  0.7 2  9.7  42  146  102 362 -491  1
3797500 2746500  6 18 20  26.7 1005 150  1.3 3 10.0  44   30   54 362 -477  1
3797500 2746500  6 18 21  25.9 1005 151  1.7 5 10.2  47    0    2 368 -463  1
3797500 2746500  6 18 22  23.8 1005 172  2.6 6 10.8  54    0    0 374 -451  1
3797500 2746500  6 18 23  23.5 1006 205  2.4 5 11.4  62    0    0 372 -445  1
3797500 2746500  6 18 24  22.5 1006 174  2.0 4 11.8  66    0    0 364 -444  1
3797500 2746500  6 19  1  21.9 1006 166  1.8 6 12.1  72    0    0 368 -443  1
3797500 2746500  6 19  2  21.3 1005 207  0.4 6 12.1  74    0    0 374 -441  1
3797500 2746500  6 19  3  20.8 1005 175  1.8 4 12.1  76    0    0 365 -441  1
3797500 2746500  6 19  4  20.2 1005 176  1.4 2 12.1  79    0    0 350 -442  1
3797500 2746500  6 19  5  20.0 1004 175  2.0 1 12.0  80    0    9 337 -441  1
3797500 2746500  6 19  6  20.9 1004 182  1.7 4 12.0  79    0   19 346 -440  1
3797500 2746500  6 19  7  21.3 1004 173  2.0 5 12.3  77   13  102 360 -443  1
3797500 2746500  6 19  8  23.1 1004 174  2.8 4 12.7  75  192  141 363 -449  1
3797500 2746500  6 19  9  23.5 1004 216  2.6 4 13.0  71  153  227 366 -459  1
3797500 2746500  6 19 10  23.8 1004 250  3.0 5 13.0  70  198  269 373 -474  1
3797500 2746500  6 19 11  24.3 1005 234  3.6 6 13.1  69   95  323 382 -491  1
3797500 2746500  6 19 12  23.4 1005 211  3.7 7 12.8  68    0  109 388 -505  1
3797500 2746500  6 19 13  22.1 1005 157  5.0 7 12.7  72    0  179 389 -517  1
3797500 2746500  6 19 14  21.1 1005 323  1.7 7 12.8  78   19  292 387 -520  1
3797500 2746500  6 19 15  22.6 1005 173  1.3 7 13.4  80   58  296 391 -514  1
3797500 2746500  6 19 16  23.2 1005 259  1.5 8 13.4  76    8  211 398 -506  1
3797500 2746500  6 19 17  21.7 1005 191  1.9 8 13.2  76    0   85 399 -498  1
3797500 2746500  6 19 18  23.2 1005 138  1.6 6 13.2  76   22  148 393 -491  1
3797500 2746500  6 19 19  23.3 1005 168  1.4 8 13.0  72   19   98 395 -485  1
3797500 2746500  6 19 20  22.6 1005 184  1.4 8 13.2  74    0   31 402 -476  1
3797500 2746500  6 19 21  22.0 1006 178  1.7 8 13.4  79    0    2 400 -463  1
3797500 2746500  6 19 22  21.6 1007 252  1.9 8 13.3  80    0    0 399 -452  1
3797500 2746500  6 19 23  20.9 1007 338  1.8 8 12.0  75    0    0 396 -446  1
3797500 2746500  6 19 24  20.0 1008 345  1.6 6 11.0  72    0    0 384 -441  1
3797500 2746500  6 20  1  19.2 1008  16  1.4 6 10.7  74    0    0 372 -436  1
3797500 2746500  6 20  2  19.1 1008  53  1.0 7 10.3  74    0    0 374 -432  1
3797500 2746500  6 20  3  18.6 1008 127  1.0 7 10.1  74    0    0 377 -429  1
3797500 2746500  6 20  4  18.1 1008 122  1.7 7 10.2  77    0    0 375 -425  1
3797500 2746500  6 20  5  18.0 1008 130  1.7 7 10.3  79    0    3 374 -423  1
3797500 2746500  6 20  6  18.8 1008 126  0.9 6 10.5  79    0   41 372 -424  1
3797500 2746500  6 20  7  19.5 1008 303  2.0 7 10.7  76    4   98 374 -426  1
3797500 2746500  6 20  8  20.5 1008 196  2.2 6 11.3  77   47  204 379 -431  1
3797500 2746500  6 20  9  21.5 1008 247  3.0 5 12.1  77  175  277 375 -438  1
3797500 2746500  6 20 10  22.7 1008 233  3.4 5 11.9  71  148  343 374 -449  1
3797500 2746500  6 20 11  22.9 1009 246  3.9 5 11.4  65  217  386 378 -460  1
3797500 2746500  6 20 12  23.1 1008 255  4.3 6 10.5  59  132  409 384 -464  1
3797500 2746500  6 20 13  23.7 1009 248  4.2 7 10.2  56  199  425 396 -470  1
3797500 2746500  6 20 14  23.5 1008 204  3.9 6 10.1  55  271  401 396 -483  1
3797500 2746500  6 20 15  24.3 1008 235  4.0 4  9.8  52  299  356 387 -489  1
3797500 2746500  6 20 16  23.9 1008 233  3.0 4  9.8  52  241  314 380 -483  1
3797500 2746500  6 20 17  24.3 1008 210  2.2 5 10.1  53  118  266 383 -478  1
3797500 2746500  6 20 18  23.4 1007 249  1.9 7 10.5  56    9  148 392 -476  1
3797500 2746500  6 20 19  21.4 1007 231  2.8 8 10.9  64    0   30 398 -467  1
3797500 2746500  6 20 20  20.1 1007 192  1.3 8 11.5  74    0   18 395 -456  1
3797500 2746500  6 20 21  19.7 1007 203  1.4 7 12.0  82    0    1 388 -445  1
3797500 2746500  6 20 22  19.8 1006 214  1.7 7 11.9  82    0    0 383 -435  1
3797500 2746500  6 20 23  20.3 1006 234  2.4 7 11.6  78    0    0 383 -428  1
3797500 2746500  6 20 24  19.8 1006 221  2.1 6 11.3  76    0    0 377 -425  1
3797500 2746500  6 21  1  19.5 1006 213  2.1 6 11.3  78    0    0 371 -423  1
3797500 2746500  6 21  2  19.2 1006 221  2.8 6 11.3  79    0    0 368 -423  1
3797500 2746500  6 21  3  18.7 1006 258  2.0 7 10.9  79    0    0 368 -423  1
3797500 2746500  6 21  4  18.1 1006 250  1.7 7 10.4  78    0    0 368 -420  1
3797500 2746500  6 21  5  17.8 1006 240  1.9 7 10.0  77    1   14 366 -417  1
3797500 2746500  6 21  6  17.9 1006 230  1.7 4  9.7  75   10   53 358 -417  1
3797500 2746500  6 21  7  18.3 1006 239  2.4 4  9.6  73   25  115 348 -420  1
3797500 2746500  6 21  8  18.8 1006 222  4.2 6  9.7  72   48  191 357 -424  1
3797500 2746500  6 21  9  19.7 1006 222  4.6 6  9.0  64  129  261 366 -429  1
3797500 2746500  6 21 10  20.2 1006 228  6.5 4  8.0  54  323  267 361 -437  1
3797500 2746500  6 21 11  20.6 1006 228  6.5 5  8.0  53  243  346 361 -445  1
3797500 2746500  6 21 12  20.4 1006 237  5.5 6  8.3  54   80  361 370 -452  1
3797500 2746500  6 21 13  19.7 1005 241  4.9 7  8.8  60    3  262 376 -461  1
3797500 2746500  6 21 14  19.6 1005 217  3.9 8  9.2  64    0  218 382 -466  1
3797500 2746500  6 21 15  18.7 1005 269  4.0 8  9.2  66    0  110 382 -464  1
3797500 2746500  6 21 16  18.4 1005 221  4.2 8  9.1  68    0  122 379 -460  1
3797500 2746500  6 21 17  18.5 1005 234  3.7 8  9.1  68    0  103 378 -454  1
3797500 2746500  6 21 18  18.5 1005 240  4.3 8  9.1  68    0   83 378 -447  1
3797500 2746500  6 21 19  18.7 1004 241  3.7 8  9.1  68    0   64 378 -442  1
3797500 2746500  6 21 20  18.7 1004 233  3.8 6  9.1  67   11   49 369 -439  1
3797500 2746500  6 21 21  18.2 1004 217  3.2 4  9.0  67    3    9 349 -434  1
3797500 2746500  6 21 22  17.9 1004 218  3.0 7  9.2  70    0    0 354 -427  1
3797500 2746500  6 21 23  18.4 1004 210  2.9 8  9.3  71    0    0 377 -419  1
3797500 2746500  6 21 24  16.6 1004 241  4.7 8  9.5  75    0    0 380 -413  1
3797500 2746500  6 22  1  15.1 1004 242  3.0 7  9.4  83    0    0 370 -406  1
3797500 2746500  6 22  2  14.3 1004 234  3.0 7  9.0  85    0    0 361 -398  1
3797500 2746500  6 22  3  13.2 1004 231  4.0 6  8.2  83    0    0 353 -391  1
3797500 2746500  6 22  4  12.3 1004 239  3.3 4  7.2  78    0    0 334 -386  1
3797500 2746500  6 22  5  12.1 1005 229  3.8 2  6.8  76    0   13 313 -382  1
3797500 2746500  6 22  6  12.6 1005 229  4.2 3  6.8  75   14   56 307 -380  1
3797500 2746500  6 22  7  13.3 1005 229  3.5 4  7.0  75   71  122 318 -383  1
3797500 2746500  6 22  8  14.1 1005 238  4.1 4  7.3  74  289  118 327 -391  1
3797500 2746500  6 22  9  15.1 1005 238  4.5 5  7.5  71  266  216 336 -402  1
3797500 2746500  6 22 10  16.6 1005 240  6.0 6  7.1  62   84  309 351 -416  1
3797500 2746500  6 22 11  16.0 1005 235  5.4 7  6.5  56   19  295 360 -429  1
3797500 2746500  6 22 12  15.7 1006 256  5.4 7  6.4  56    2  245 362 -441  1
3797500 2746500  6 22 13  15.4 1006 218  5.2 8  6.4  58    0  178 362 -449  1
3797500 2746500  6 22 14  16.0 1007 223  4.6 7  6.6  58    6  263 362 -451  1
3797500 2746500  6 22 15  15.8 1007 236  3.5 7  6.7  59   14  263 359 -455  1
3797500 2746500  6 22 16  16.4 1007 250  4.0 8  7.0  61    5  208 364 -460  1
3797500 2746500  6 22 17  16.6 1007 256  4.1 7  7.1  60   26  210 365 -459  1
3797500 2746500  6 22 18  17.4 1007 236  3.8 5  7.0  58   80  178 355 -450  1
3797500 2746500  6 22 19  16.5 1007 240  3.7 5  7.1  59   38  110 346 -436  1
3797500 2746500  6 22 20  16.3 1008 238  3.0 5  7.2  61   13   49 344 -424  1
3797500 2746500  6 22 21  15.5 1008 236  1.8 4  7.1  62    0    4 336 -412  1
3797500 2746500  6 22 22  14.3 1009 227  1.7 4  7.0  66    0    0 328 -402  1
3797500 2746500  6 22 23  13.8 1010 216  1.9 4  6.9  68    0    0 324 -394  1
3797500 2746500  6 22 24  13.0 1010 205  2.0 2  6.8  71    0    0 313 -387  1
3797500 2746500  6 23  1  12.5 1010 201  1.6 2  6.8  74    0    0 301 -382  1
3797500 2746500  6 23  2  12.5 1010 220  2.3 5  6.8  74    0    0 312 -378  1
3797500 2746500  6 23  3  12.5 1011 202  1.5 6  6.8  75    0    0 326 -376  1
3797500 2746500  6 23  4  12.1 1011 213  2.1 5  6.8  76    0    0 325 -373  1
3797500 2746500  6 23  5  11.7 1011 222  2.1 4  6.7  77    0    4 316 -371  1
3797500 2746500  6 23  6  12.3 1011 212  2.0 6  6.8  77    0   24 318 -371  1
3797500 2746500  6 23  7  13.2 1012 222  2.1 5  6.9  75   18  119 323 -377  1
3797500 2746500  6 23  8  14.8 1012 224  2.2 3  7.1  71  146  214 312 -388  1
3797500 2746500  6 23  9  16.3 1012 249  2.8 3  7.1  65  352  222 309 -403  1
3797500 2746500  6 23 10  17.4 1012 230  2.7 2  7.3  61  482  244 310 -420  1
3797500 2746500  6 23 11  18.0 1012 242  2.3 3  6.9  55  508  294 314 -436  1
3797500 2746500  6 23 12  19.3 1012 216  2.2 4  6.6  49  227  429 326 -451  1
3797500 2746500  6 23 13  18.7 1012  31  2.3 6  6.6  48   30  352 339 -461  1
3797500 2746500  6 23 14  18.8 1012 251  1.6 7  6.2  46    9  289 349 -468  1
3797500 2746500  6 23 15  19.7 1012 243  2.2 6  6.1  44   11  273 351 -475  1
3797500 2746500  6 23 16  20.2 1012 250  1.7 6  6.5  45   71  315 350 -476  1
3797500 2746500  6 23 17  20.4 1012 153  1.6 6  6.7  45   72  265 352 -468  1
3797500 2746500  6 23 18  20.5 1012  98  0.9 6  6.8  45   45  191 350 -459  1
3797500 2746500  6 23 19  20.0 1012 106  1.3 7  7.2  48   23  119 352 -450  1
3797500 2746500  6 23 20  19.2 1012  29  1.0 7  7.4  52    6   49 351 -439  1
3797500 2746500  6 23 21  17.8 1012  30  1.2 5  7.1  53    4   11 337 -428  1
3797500 2746500  6 23 22  16.7 1012  45  1.2 3  6.9  56    0    0 316 -417  1
3797500 2746500  6 23 23  16.1 1012  63  1.2 2  6.9  59    0    0 304 -408  1
3797500 2746500  6 23 24  15.3 1012  85  1.5 1  7.0  63    0    0 297 -403  1
3797500 2746500  6 24  1  14.5 1012  93  1.7 1  7.1  67    0    0 293 -398  1
3797500 2746500  6 24  2  14.0 1012  98  1.6 2  7.1  70    0    0 295 -394  1
3797500 2746500  6 24  3  12.9 1012 107  1.7 1  7.0  73    0    0 293 -391  1
3797500 2746500  6 24  4  13.2 1011  92  1.6 3  6.9  74    0    0 294 -389  1
3797500 2746500  6 24  5  13.1 1011 104  1.1 5  6.8  72    0   14 305 -387  1
3797500 2746500  6 24  6  14.8 1011  90  1.2 3  6.9  69   25   64 306 -388  1
3797500 2746500  6 24  7  16.9 1011 111  1.0 4  7.4  66   79  130 309 -394  1
3797500 2746500  6 24  8  19.0 1011 122  1.5 3  7.7  60  218  170 316 -405  1
3797500 2746500  6 24  9  20.8 1011 194  1.9 3  7.9  54  342  200 323 -421  1
3797500 2746500  6 24 10  21.7 1011 221  1.7 5  7.5  48  462  217 335 -440  1
3797500 2746500  6 24 11  22.8 1010  99  2.1 5  7.0  42  603  200 346 -460  1
3797500 2746500  6 24 12  23.3 1010 283  2.3 5  6.8  39  557  266 351 -476  1
3797500 2746500  6 24 13  23.6 1010 164  1.8 4  6.8  38  514  300 353 -489  1
3797500 2746500  6 24 14  24.2 1009 228  1.9 5  7.2  39  410  333 358 -495  1
3797500 2746500  6 24 15  24.9 1008  92  2.6 5  7.5  39  339  324 364 -499  1
3797500 2746500  6 24 16  25.6 1008 200  1.9 4  7.4  37  498  184 364 -499  1
3797500 2746500  6 24 17  26.2 1008 286  1.7 5  7.6  36  443  135 367 -494  1
3797500 2746500  6 24 18  26.5 1007 150  2.3 4  7.5  35  302  120 366 -485  1
3797500 2746500  6 24 19  25.8 1007  47  1.1 3  7.0  33  152   98 359 -475  1
3797500 2746500  6 24 20  24.5 1007  23  1.9 4  7.6  38   42   55 356 -463  1
3797500 2746500  6 24 21  23.6 1007  40  2.3 4  8.3  44    0    5 356 -449  1
3797500 2746500  6 24 22  22.9 1007  64  1.8 5  8.5  47    0    0 357 -436  1
3797500 2746500  6 24 23  22.0 1008  74  1.6 5  8.8  52    0    0 358 -427  1
3797500 2746500  6 24 24  21.3 1007  82  2.0 5  9.0  55    0    0 357 -419  1
3797500 2746500  6 25  1  21.3 1007  25  1.3 7  9.1  57    0    0 362 -413  1
3797500 2746500  6 25  2  20.4 1007  65  1.5 5  9.2  59    0    0 362 -408  1
3797500 2746500  6 25  3  19.8 1006  96  1.6 3  9.3  62    0    0 350 -405  1
3797500 2746500  6 25  4  18.3 1006 114  1.7 5  9.4  67    0    0 348 -403  1
3797500 2746500  6 25  5  18.6 1006 108  1.4 4  9.4  70    1   13 349 -400  1
3797500 2746500  6 25  6  20.2 1006  74  1.5 2  9.7  68   12   54 344 -400  1
3797500 2746500  6 25  7  21.6 1005 106  1.1 6 10.5  67    0   64 355 -404  1
3797500 2746500  6 25  8  22.9 1005 124  0.6 7 11.4  67    4  149 378 -414  1
3797500 2746500  6 25  9  23.4 1005  21  1.2 7 11.6  64   93  253 385 -428  1
3797500 2746500  6 25 10  25.0 1005 116  1.1 6 11.3  59  253  277 387 -445  1
3797500 2746500  6 25 11  26.3 1005  92  1.0 6 11.3  54  231  332 391 -461  1
3797500 2746500  6 25 12  27.3 1004 128  1.0 6 11.7  53  189  366 398 -475  1
3797500 2746500  6 25 13  26.7 1004 295  2.2 7 12.4  55   82  367 403 -486  1
3797500 2746500  6 25 14  27.4 1004 355  1.2 7 12.7  56   92  360 404 -495  1
3797500 2746500  6 25 15  28.4 1003  10  3.3 5 12.7  53  366  273 400 -502  1
3797500 2746500  6 25 16  28.8 1002  39  3.4 4 12.7  51  344  224 395 -502  1
3797500 2746500  6 25 17  28.2 1002 354  3.7 6 12.9  52   35  220 396 -496  1
3797500 2746500  6 25 18  26.6 1001  86  2.3 7 13.0  56    0   44 399 -487  1
3797500 2746500  6 25 19  18.9 1001  13  3.3 7 12.2  69    0   32 385 -477  1
3797500 2746500  6 25 20  20.0 1002 142  2.4 7 11.9  76    1   37 373 -467  1
3797500 2746500  6 25 21  18.8 1002 174  2.2 7 11.8  82    1    8 373 -455  1
3797500 2746500  6 25 22  18.8 1003 211  2.0 8 11.9  86    0    0 370 -443  1
3797500 2746500  6 25 23  18.6 1003 194  2.0 6 11.3  82    0    0 375 -434  1
3797500 2746500  6 25 24  18.2 1003 165  2.1 5 10.3  77    0    0 379 -426  1
3797500 2746500  6 26  1  17.6 1017 120  2.2 4  9.1  70    0    0 311 -412  1
3797500 2746500  6 26  2  16.7 1017  94  2.4 3  8.1  66    0    0 306 -407  1
3797500 2746500  6 26  3  15.8 1017  73  2.5 3  7.4  65    0    0 308 -403  1
3797500 2746500  6 26  4  15.2 1016  73  2.4 4  7.5  68    0    0 309 -399  1
3797500 2746500  6 26  5  15.7 1016  74  2.3 4  7.6  69    0    9 307 -396  1
3797500 2746500  6 26  6  14.9 1016  73  1.7 5  7.7  75   38   63 308 -395  1
3797500 2746500  6 26  7  17.0 1016  69  2.2 3  8.0  71  128  116 309 -400  1
3797500 2746500  6 26  8  18.5 1016  90  1.7 2  8.3  66  244  157 310 -412  1
3797500 2746500  6 26  9  20.5 1015 106  2.0 2  8.6  61  375  183 316 -430  1
3797500 2746500  6 26 10  23.0 1014  93  2.0 3  8.8  54  476  211 328 -449  1
3797500 2746500  6 26 11  24.4 1014  84  1.8 3  8.9  49  570  223 339 -468  1
3797500 2746500  6 26 12  25.7 1013  85  2.1 3  8.6  43  562  267 345 -485  1
3797500 2746500  6 26 13  26.9 1012  51  2.1 3  8.3  39  566  278 352 -498  1
3797500 2746500  6 26 14  27.2 1012  53  2.8 3  8.7  39  599  243 359 -504  1
3797500 2746500  6 26 15  29.4 1011  53  2.9 4  8.6  36  542  231 367 -504  1
3797500 2746500  6 26 16  29.6 1010 114  3.5 4  8.1  31  488  193 374 -499  1
3797500 2746500  6 26 17  28.7 1009  79  3.5 4  8.7  34  430  142 376 -495  1
3797500 2746500  6 26 18  29.1 1009  88  3.4 3  9.1  36  303  119 375 -492  1
3797500 2746500  6 26 19  28.6 1008  81  2.8 1  8.8  35  172   94 370 -481  1
3797500 2746500  6 26 20  27.9 1008  78  2.7 1  8.9  37   61   56 365 -469  1
3797500 2746500  6 26 21  25.2 1008  92  2.4 2  9.7  44    5   14 362 -456  1
3797500 2746500  6 26 22  24.0 1007  89  1.9 1 10.3  53    0    0 355 -443  1
3797500 2746500  6 26 23  22.7 1007 101  1.9 2 10.2  56    0    0 350 -433  1
3797500 2746500  6 26 24  22.9 1007 100  1.5 2  9.7  56    0    0 350 -426  1
3797500 2746500  6 27  1  22.3 1007  94  0.9 3  9.3  54    0    0 350 -420  1
3797500 2746500  6 27  2  22.5 1007 120  2.1 3  9.1  53    0    0 352 -416  1
3797500 2746500  6 27  3  23.0 1006  95  1.2 4  8.8  50    0    0 355 -416  1
3797500 2746500  6 27  4  22.5 1005 131  2.0 5  8.5  49    0    0 358 -418  1
3797500 2746500  6 27  5  21.2 1005 156  2.8 6  8.5  51    0    2 360 -420  1
3797500 2746500  6 27  6  22.3 1005 184  2.0 6  8.7  53    0   22 361 -426  1
3797500 2746500  6 27  7  22.6 1005 202  1.7 7  9.1  53    0   75 365 -433  1
3797500 2746500  6 27  8  23.7 1005 211  1.7 6  9.8  55   29  203 368 -441  1
3797500 2746500  6 27  9  23.2 1005 228  2.3 5 10.5  57   41  275 365 -452  1
3797500 2746500  6 27 10  23.6 1005 172  0.9 7 10.6  58    9  268 368 -467  1
3797500 2746500  6 27 11  24.2 1005 181  1.6 7 10.6  56   41  352 377 -482  1
3797500 2746500  6 27 12  25.4 1005 182  2.1 6 10.6  54  263  439 380 -496  1
3797500 2746500  6 27 13  26.5 1005 241  2.4 4 10.7  50  473  380 378 -506  1
3797500 2746500  6 27 14  26.9 1005 208  2.6 4 10.8  48  346  416 377 -509  1
3797500 2746500  6 27 15  26.3 1004 190  2.2 8 10.8  49   39  317 389 -508  1
3797500 2746500  6 27 16  25.8 1005 171  2.0 7 11.2  52    7  225 397 -504  1
3797500 2746500  6 27 17  21.9 1004 250  2.5 7 11.6  62    0  146 386 -499  1
3797500 2746500  6 27 18  20.2 1005 241  4.1 8 11.9  76    0   40 382 -492  1
3797500 2746500  6 27 19  19.2 1006 276  2.1 7 12.0  82    0   67 380 -480  1
3797500 2746500  6 27 20  19.2 1006 243  1.1 8 11.4  81    0   39 379 -467  1
3797500 2746500  6 27 21  19.0 1007 252  1.5 8 10.8  78    0    9 383 -456  1
3797500 2746500  6 27 22  18.1 1007 213  1.1 7 10.4  77    0    0 377 -446  1
3797500 2746500  6 27 23  17.7 1008 212  1.3 7 10.3  79    0    0 371 -438  1
3797500 2746500  6 27 24  17.9 1008 203  0.8 7 10.4  81    0    0 371 -432  1
3797500 2746500  6 28  1  17.4 1008 211  1.7 7 10.5  82    0    0 371 -426  1
3797500 2746500  6 28  2  17.6 1008 230  1.8 8 10.5  84    0    0 376 -421  1
3797500 2746500  6 28  3  17.4 1008 224  2.0 7 10.6  84    0    0 376 -416  1
3797500 2746500  6 28  4  17.3 1008 241  1.8 7 10.5  84    0    0 371 -412  1
3797500 2746500  6 28  5  16.6 1008 238  1.8 8 10.1  83    0    7 374 -408  1
3797500 2746500  6 28  6  16.4 1009 220  2.3 8  9.6  81    0   35 377 -404  1
3797500 2746500  6 28  7  16.5 1009 238  2.6 4  9.4  80   46  128 356 -404  1
3797500 2746500  6 28  8  17.7 1009 232  3.1 4  9.4  76  133  196 337 -409  1
3797500 2746500  6 28  9  18.2 1010 241  3.3 4  9.3  72  243  243 339 -418  1
3797500 2746500  6 28 10  18.0 1010 240  3.7 5  9.3  71  291  298 346 -431  1
3797500 2746500  6 28 11  18.8 1010 229  3.3 5  9.5  72  360  328 352 -443  1
3797500 2746500  6 28 12  19.2 1010 261  3.5 5  9.6  70  312  380 355 -454  1
3797500 2746500  6 28 13  19.8 1011 221  3.4 5  9.7  68  235  404 358 -464  1
3797500 2746500  6 28 14  21.2 1011 263  2.5 5 10.0  66  184  392 361 -471  1
3797500 2746500  6 28 15  23.0 1011 201  2.6 5 10.2  61  312  338 365 -476  1
3797500 2746500  6 28 16  23.0 1011 264  2.8 4  9.6  54  310  280 361 -477  1
3797500 2746500  6 28 17  23.0 1011 240  3.1 3  9.1  52  273  220 353 -474  1
3797500 2746500  6 28 18  23.0 1011 235  4.1 2  8.9  50  219  156 343 -467  1
3797500 2746500  6 28 19  22.6 1011 241  3.5 2  8.5  49  128  106 338 -457  1
3797500 2746500  6 28 20  21.8 1012 244  2.4 4  8.3  50   21   57 342 -444  1
3797500 2746500  6 28 21  21.0 1012 236  2.0 4  8.4  52    5   14 347 -433  1
3797500 2746500  6 28 22  20.8 1013 223  1.8 6  8.8  57    0    0 352 -423  1
3797500 2746500  6 28 23  19.8 1013 223  1.7 7  9.1  61    0    0 361 -415  1
3797500 2746500  6 28 24  19.7 1014 209  1.0 5  9.2  64    0    0 357 -409  1
3797500 2746500  6 29  1  19.6 1014 198  1.1 7  9.2  64    0    0 359 -405  1
3797500 2746500  6 29  2  19.7 1014 231  2.0 8  9.2  64    0    0 374 -401  1
3797500 2746500  6 29  3  18.8 1014 258  1.3 7  9.3  66    0    0 374 -398  1
3797500 2746500  6 29  4  17.6 1014 234  1.4 5  9.4  72    0    0 360 -397  1
3797500 2746500  6 29  5  16.8 1014 243  1.6 0  9.2  75    0    7 329 -396  1
3797500 2746500  6 29  6  17.6 1015 225  1.9 0  9.3  76   30   62 309 -397  1
3797500 2746500  6 29  7  18.2 1015 245  3.5 2  9.5  74  106  122 319 -402  1
3797500 2746500  6 29  8  19.4 1015 247  3.1 2  9.5  70  232  160 330 -412  1
3797500 2746500  6 29  9  19.4 1016 248  3.6 2  9.4  66  360  188 333 -423  1
3797500 2746500  6 29 10  20.5 1016 231  3.4 2  9.5  65  515  184 336 -430  1
3797500 2746500  6 29 11  21.3 1016 230  3.0 2  9.5  62  638  178 341 -442  1
3797500 2746500  6 29 12  21.9 1016 244  2.8 2  9.0  56  645  215 345 -459  1
3797500 2746500  6 29 13  23.1 1015 274  2.7 3  9.1  54  422  345 354 -471  1
3797500 2746500  6 29 14  22.8 1015 251  3.0 5  9.6  55   61  344 367 -476  1
3797500 2746500  6 29 15  22.5 1015 217  2.4 7  9.8  57    3  229 380 -477  1
3797500 2746500  6 29 16  23.2 1015 266  2.4 7  9.9  57   50  276 387 -477  1
3797500 2746500  6 29 17  22.8 1015 256  2.2 6  9.8  56  113  255 382 -476  1
3797500 2746500  6 29 18  22.9 1015 232  1.7 7 10.1  58   52  146 378 -473  1
3797500 2746500  6 29 19  23.1 1015 254  1.0 6 10.4  59   40  112 376 -468  1
3797500 2746500  6 29 20  23.1 1014   7  0.7 4 10.2  58   15   54 364 -461  1
3797500 2746500  6 29 21  21.6 1014  97  1.1 3 10.2  60    0    7 352 -450  1
3797500 2746500  6 29 22  21.0 1014 100  1.6 4 10.2  64    0    0 348 -440  1
3797500 2746500  6 29 23  19.8 1014 118  1.3 4 10.1  68    0    0 347 -435  1
3797500 2746500  6 29 24  19.5 1014 106  1.5 6 10.0  70    0    0 350 -432  1
3797500 2746500  6 30  1  18.9 1014  99  1.7 8  9.8  71    0    0 362 -429  1
3797500 2746500  6 30  2  20.1 1014 139  1.8 8  9.8  69    0    0 372 -426  1
3797500 2746500  6 30  3  20.3 1014 160  2.7 7  9.8  66    0    0 372 -424  1
3797500 2746500  6 30  4  20.1 1014 167  2.6 7  9.7  65    0    0 370 -423  1
3797500 2746500  6 30  5  20.4 1013 164  3.0 7  9.5  64    0    4 371 -421  1
3797500 2746500  6 30  6  20.6 1013 167  2.8 7  9.5  63    0   24 373 -421  1
3797500 2746500  6 30  7  21.0 1013 173  2.4 7  9.8  64    2   89 375 -421  1
3797500 2746500  6 30  8  21.9 1013 158  3.2 6 10.2  64   52  192 377 -424  1
3797500 2746500  6 30  9  22.9 1013 166  3.2 5 10.6  62  248  222 376 -431  1
3797500 2746500  6 30 10  24.1 1012 196  2.8 4 11.0  60  431  208 378 -439  1
3797500 2746500  6 30 11  23.8 1012 207  2.8 6 11.2  60  191  349 387 -443  1
3797500 2746500  6 30 12  24.0 1012 233  3.2 8 11.4  61    2  245 397 -451  1
3797500 2746500  6 30 13  18.4 1012 260  3.4 8 11.5  73    0  137 394 -461  1
3797500 2746500  6 30 14  18.9 1012 218  3.3 8 11.5  85    0  125 386 -463  1
3797500 2746500  6 30 15  18.2 1012 192  2.4 7 11.3  84    0  115 382 -454  1
3797500 2746500  6 30 16  19.6 1013 208  3.1 7 11.7  85    1  183 379 -450  1
3797500 2746500  6 30 17  19.9 1012 227  0.8 5 12.3  85   51  228 375 -457  1
3797500 2746500  6 30 18  19.9 1012 247  1.3 6 12.1  83    0  102 370 -453  1
3797500 2746500  6 30 19  17.2 1012 210  2.3 6 11.0  82    0   38 365 -442  1
3797500 2746500  6 30 20  17.7 1013 202  1.5 6 10.2  82    0   14 360 -435  1
3797500 2746500  6 30 21  17.0 1013 219  1.9 5 10.1  82    0    4 355 -428  1
3797500 2746500  6 30 22  16.7 1014 239  1.6 5  9.9  82    0    0 349 -420  1
3797500 2746500  6 30 23  15.8 1015 261  0.8 5  9.5  82    0    0 345 -413  1
3797500 2746500  6 30 24  15.6 1015 232  1.0 4  9.2  82    0    0 338 -407  1
3797500 2746500  7  1  1  15.7 1016 200  0.7 7  9.2  83    0    0 352 -402  1
3797500 2746500  7  1  2  15.7 1016 241  1.4 6  9.2  83    0    0 350 -402  1
3797500 2746500  7  1  3  15.3 1016 239  1.3 3  9.2  83    0    0 334 -403  1
3797500 2746500  7  1  4  14.9 1016 232  1.1 3  9.0  84    0    0 322 -402  1
3797500 2746500  7  1  5  15.3 1016 218  1.7 6  9.1  85    0    1 333 -401  1
3797500 2746500  7  1  6  15.8 1017 209  2.1 6  9.4  85    0   11 347 -398  1
3797500 2746500  7  1  7  16.0 1017 201  2.2 6  9.6  85   30  118 348 -399  1
3797500 2746500  7  1  8  17.2 1017 233  2.6 6 10.0  85  124  197 353 -407  1
3797500 2746500  7  1  9  18.2 1018 266  2.5 5 10.4  82  221  252 355 -418  1
3797500 2746500  7  1 10  19.7 1018 243  2.8 3 10.3  76  383  263 349 -428  1
3797500 2746500  7  1 11  20.1 1018 253  2.7 5  9.9  69   89  367 353 -437  1
3797500 2746500  7  1 12  20.4 1018 292  2.7 6  9.6  64    2  269 364 -442  1
3797500 2746500  7  1 13  21.2 1018 266  3.9 6  9.2  60   97  395 369 -448  1
3797500 2746500  7  1 14  21.5 1019 317  3.1 6  8.6  54  171  400 371 -454  1
3797500 2746500  7  1 15  21.9 1019 285  4.7 3  8.4  52  244  364 365 -455  1
3797500 2746500  7  1 16  22.9 1019 288  3.6 4  8.3  49  188  318 363 -456  1
3797500 2746500  7  1 17  22.5 1019 287  4.1 3  8.0  46  293  217 364 -451  1
3797500 2746500  7  1 18  21.9 1019 301  3.5 1  7.9  47  234  154 353 -440  1
3797500 2746500  7  1 19  21.8 1019 333  3.0 1  7.8  48  142  106 345 -433  1
3797500 2746500  7  1 20  20.7 1020 331  3.0 2  7.9  50   49   60 345 -428  1
3797500 2746500  7  1 21  19.4 1020 335  1.3 2  7.9  54    4   14 344 -424  1
3797500 2746500  7  1 22  18.6 1020  16  0.4 1  8.0  59    0    0 334 -420  1
3797500 2746500  7  1 23  17.7 1021   5  0.5 1  8.1  63    0    0 326 -416  1
3797500 2746500  7  1 24  16.3 1021 348  0.5 2  8.1  67    0    0 324 -412  1
3797500 2746500  7  2  1  16.1 1022 344  0.0 0  8.1  71    0    0 317 -409  1
3797500 2746500  7  2  2  15.6 1022 350  0.1 0  8.2  73    0    0 307 -405  1
3797500 2746500  7  2  3  15.0 1022 357  0.1 1  8.0  74    0    0 309 -398  1
3797500 2746500  7  2  4  14.6 1022 351  0.0 0  7.8  75    0    0 306 -391  1
3797500 2746500  7  2  5  14.4 1022 300  0.0 2  7.8  76    0    7 309 -386  1
3797500 2746500  7  2  6  16.5 1022 281  0.2 4  8.1  74   34   58 331 -384  1
3797500 2746500  7  2  7  17.4 1022 353  0.7 4  8.8  73   53  118 346 -388  1
3797500 2746500  7  2  8  18.7 1022 329  1.6 4  9.0  70  204  159 350 -398  1
3797500 2746500  7  2  9  19.1 1022 338  1.8 4  8.9  66  218  237 354 -413  1
3797500 2746500  7  2 10  19.0 1022 344  1.6 5  8.8  64  155  320 360 -429  1
3797500 2746500  7  2 11  18.2 1022 341  2.3 7  8.8  66   14  304 373 -444  1
3797500 2746500  7  2 12  18.4 1022   4  1.8 7  8.8  68    6  285 382 -459  1
3797500 2746500  7  2 13  18.8 1022 359  2.8 8  8.9  67   16  314 390 -470  1
3797500 2746500  7  2 14  19.6 1021 351  2.3 7  8.8  64   83  360 393 -477  1
3797500 2746500  7  2 15  20.6 1021 313  2.4 6  8.9  61   66  323 388 -480  1
3797500 2746500  7  2 16  20.8 1021  35  2.5 5  9.0  59   64  288 382 -479  1
3797500 2746500  7  2 17  20.9 1020  31  2.6 6  9.0  59   30  229 382 -475  1
3797500 2746500  7  2 18  20.9 1020 356  2.6 7  9.0  59   17  165 392 -468  1
3797500 2746500  7  2 19  21.0 1020   3  2.3 7  9.0  58    6   98 396 -459  1
3797500 2746500  7  2 20  20.8 1020 352  1.9 7  9.0  59    3   46 394 -448  1
3797500 2746500  7  2 21  20.7 1020  28  2.3 5  9.1  60    0    6 384 -436  1
3797500 2746500  7  2 22  20.1 1020  53  1.5 5  8.9  60    0    0 374 -426  1
3797500 2746500  7  2 23  19.0 1019  27  1.4 5  8.7  62    0    0 370 -417  1
3797500 2746500  7  2 24  18.7 1019  38  1.3 3  8.8  65    0    0 358 -411  1
3797500 2746500  7  3  1  18.0 1019  50  1.8 0  9.0  69    0    0 334 -406  1
3797500 2746500  7  3  2  15.9 1019  92  1.5 0  9.0  75    0    0 316 -401  1
3797500 2746500  7  3  3  15.6 1019  82  1.7 0  8.9  80    0    0 311 -397  1
3797500 2746500  7  3  4  15.6 1018  80  2.0 0  8.9  81    0    0 309 -393  1
3797500 2746500  7  3  5  15.2 1018  87  1.9 1  8.9  82    0    6 311 -391  1
3797500 2746500  7  3  6  16.6 1018  81  1.1 1  9.0  80   35   58 314 -390  1
3797500 2746500  7  3  7  18.4 1018 100  1.3 0  9.4  76  131  102 315 -395  1
3797500 2746500  7  3  8  19.7 1017 103  2.2 0  9.7  70  265  128 316 -407  1
3797500 2746500  7  3  9  21.0 1017 105  2.2 0  9.6  64  413  141 321 -424  1
3797500 2746500  7  3 10  21.3 1017  99  2.5 1  9.3  60  541  149 328 -442  1
3797500 2746500  7  3 11  21.9 1016  47  2.1 1  9.4  58  612  174 335 -460  1
3797500 2746500  7  3 12  22.9 1015  55  2.9 1  9.9  59  655  190 342 -475  1
3797500 2746500  7  3 13  22.8 1015  53  3.3 2 10.0  57  684  185 348 -484  1
3797500 2746500  7  3 14  23.5 1014  15  4.0 2  9.6  54  717  150 352 -487  1
3797500 2746500  7  3 15  24.5 1013  44  3.8 2  9.2  49  680  131 354 -490  1
3797500 2746500  7  3 16  25.1 1012  62  3.7 2  9.1  47  590  119 357 -492  1
3797500 2746500  7  3 17  25.2 1011  50  3.8 1  9.1  45  467  111 355 -486  1
3797500 2746500  7  3 18  25.5 1011  76  3.5 1  8.8  43  335   96 351 -478  1
3797500 2746500  7  3 19  25.3 1010  76  3.8 1  8.6  42  190   80 350 -469  1
3797500 2746500  7  3 20  24.9 1010  76  2.9 2  8.3  42   63   54 349 -457  1
3797500 2746500  7  3 21  22.9 1010 114  2.7 2  7.9  43    5   14 346 -445  1
3797500 2746500  7  3 22  21.9 1010 111  2.5 1  7.7  46    0    0 337 -433  1
3797500 2746500  7  3 23  21.2 1010  97  2.9 1  7.7  48    0    0 331 -424  1
3797500 2746500  7  3 24  20.6 1009  94  2.9 0  7.6  49    0    0 324 -417  1
3797500 2746500  7  4  1  19.6 1009  91  2.4 0  7.4  50    0    0 317 -412  1
3797500 2746500  7  4  2  19.3 1009  83  2.6 0  7.3  51    0    0 315 -407  1
3797500 2746500  7  4  3  18.4 1009  88  2.6 0  7.2  53    0    0 313 -403  1
3797500 2746500  7  4  4  17.6 1009  96  2.3 0  7.2  56    0    0 311 -400  1
3797500 2746500  7  4  5  18.0 1008  92  4.2 0  7.2  56    0    5 311 -397  1
3797500 2746500  7  4  6  18.6 1008  95  3.4 0  7.4  56   31   55 313 -395  1
3797500 2746500  7  4  7  19.9 1008  83  3.9 0  7.6  54  126  100 315 -400  1
3797500 2746500  7  4  8  21.3 1007  92  4.0 0  7.7  50  257  129 319 -411  1
3797500 2746500  7  4  9  22.2 1008 116  5.4 0  7.8  48  401  144 323 -427  1
3797500 2746500  7  4 10  22.9 1007 120  5.7 0  7.7  45  546  140 326 -446  1
3797500 2746500  7  4 11  24.1 1007 129  5.2 0  7.6  42  643  148 332 -465  1
3797500 2746500  7  4 12  24.2 1007  97  5.8 0  7.7  41  741  128 337 -482  1
3797500 2746500  7  4 13  25.1 1007 135  5.5 0  8.0  41  775  122 343 -492  1
3797500 2746500  7  4 14  26.1 1006 154  5.0 0  8.1  39  751  121 348 -495  1
3797500 2746500  7  4 15  26.1 1006 121  6.3 1  8.3  39  648  141 354 -498  1
3797500 2746500  7  4 16  27.0 1005 127  5.0 1  8.5  39  567  124 358 -500  1
3797500 2746500  7  4 17  26.9 1005 131  5.5 1  8.7  39  437  118 359 -498  1
3797500 2746500  7  4 18  27.3 1005 107  4.9 1  8.8  39  266  121 358 -490  1
3797500 2746500  7  4 19  26.6 1005 127  4.6 1  8.5  38  141   93 357 -478  1
3797500 2746500  7  4 20  26.2 1005 104  2.2 0  8.7  40   59   53 352 -465  1
3797500 2746500  7  4 21  24.7 1005 116  1.6 0  9.2  45    5   12 348 -452  1
3797500 2746500  7  4 22  23.7 1005  90  1.9 0  9.6  50    0    0 344 -440  1
3797500 2746500  7  4 23  23.2 1006 100  2.4 0  9.7  53    0    0 343 -430  1
3797500 2746500  7  4 24  22.5 1006  77  2.1 0  9.7  55    0    0 341 -422  1
3797500 2746500  7  5  1  22.2 1006  79  2.3 1  9.8  58    0    0 342 -415  1
3797500 2746500  7  5  2  21.1 1006  80  2.6 1  9.9  61    0    0 342 -410  1
3797500 2746500  7  5  3  20.7 1006  78  3.0 1 10.0  64    0    0 341 -406  1
3797500 2746500  7  5  4  20.6 1006  87  2.7 2  9.9  65    0    0 342 -403  1
3797500 2746500  7  5  5  20.4 1006  89  2.0 1  9.8  65    0    4 340 -400  1
3797500 2746500  7  5  6  21.6 1006  90  2.0 1  9.8  62   30   55 340 -399  1
3797500 2746500  7  5  7  23.0 1006  91  2.9 0  9.9  58  122  103 341 -405  1
3797500 2746500  7  5  8  24.3 1006 117  4.1 0 10.0  54  252  133 343 -417  1
3797500 2746500  7  5  9  25.8 1006 101  3.7 0  9.9  49  394  150 350 -435  1
3797500 2746500  7  5 10  26.2 1006 134  3.5 0  9.7  46  531  152 354 -456  1
3797500 2746500  7  5 11  27.0 1006 126  4.5 0  9.1  42  637  154 355 -479  1
3797500 2746500  7  5 12  27.8 1006 153  4.6 0  9.2  40  737  134 358 -498  1
3797500 2746500  7  5 13  28.3 1006  72  3.4 0  9.4  39  774  125 360 -510  1
3797500 2746500  7  5 14  28.4 1005 164  4.4 0  8.9  37  743  129 365 -518  1
3797500 2746500  7  5 15  29.2 1005 164  3.6 0  8.1  32  695  117 371 -521  1
3797500 2746500  7  5 16  29.5 1005 150  4.0 0  8.0  31  598  110 375 -520  1
3797500 2746500  7  5 17  30.1 1005 176  3.3 2  8.5  32  472  104 382 -514  1
3797500 2746500  7  5 18  29.8 1005 180  2.6 2  8.1  30  305  104 384 -505  1
3797500 2746500  7  5 19  29.0 1004 160  1.9 5  8.0  31  104  107 387 -493  1
3797500 2746500  7  5 20  28.2 1005 158  1.0 5  8.5  34   30   55 391 -481  1
3797500 2746500  7  5 21  27.1 1005 116  1.3 5  8.8  38    5   11 389 -468  1
3797500 2746500  7  5 22  25.7 1005 108  1.3 4  9.3  43    0    0 383 -457  1
3797500 2746500  7  5 23  25.0 1005 106  1.8 4  9.9  48    0    0 379 -447  1
3797500 2746500  7  5 24  24.6 1005  72  1.8 6  9.8  50    0    0 382 -440  1
3797500 2746500  7  6  1  24.2 1005  74  2.8 6  9.9  51    0    0 385 -435  1
3797500 2746500  7  6  2  23.7 1005 101  2.3 6 10.2  54    0    0 383 -430  1
3797500 2746500  7  6  3  23.5 1005  84  2.3 6 10.3  56    0    0 381 -425  1
3797500 2746500  7  6  4  22.9 1005  89  2.0 5 10.1  56    0    0 376 -422  1
3797500 2746500  7  6  5  22.5 1005  78  1.9 7  9.9  57    0    0 376 -421  1
3797500 2746500  7  6  6  23.4 1005  72  2.3 7  9.9  56    0   31 380 -422  1
3797500 2746500  7  6  7  23.6 1005 126  1.4 7 10.2  56    5   94 381 -428  1
3797500 2746500  7  6  8  24.8 1005 139  2.0 4 10.6  56  155  173 375 -435  1
3797500 2746500  7  6  9  26.1 1005 159  3.3 4 10.8  53  310  192 374 -442  1
3797500 2746500  7  6 10  25.7 1005 149  2.7 5 10.5  50  244  294 379 -457  1
3797500 2746500  7  6 11  27.0 1004  94  3.4 6  9.7  45  187  355 384 -480  1
3797500 2746500  7  6 12  27.3 1004 130  3.9 6  9.2  40  170  383 389 -501  1
3797500 2746500  7  6 13  28.4 1004 118  4.1 3  9.2  39  505  280 388 -518  1
3797500 2746500  7  6 14  29.3 1003 223  2.8 2  9.2  37  658  176 387 -528  1
3797500 2746500  7  6 15  29.4 1003 141  5.0 2  9.0  35  593  173 386 -513  1
3797500 2746500  7  6 16  29.5 1002  90  2.9 2  9.0  35  416  209 386 -491  1
3797500 2746500  7  6 17  28.8 1001 130  2.7 5  9.2  36  179  232 390 -478  1
3797500 2746500  7  6 18  28.6 1000 120  2.9 5  9.3  37  143  168 395 -466  1
3797500 2746500  7  6 19  28.5 1000  81  1.1 4  9.5  38  175   81 393 -461  1
3797500 2746500  7  6 20  26.8  999  46  1.0 6  9.2  39   39   53 392 -455  1
3797500 2746500  7  6 21  25.4  999  28  2.1 6  9.4  44    4   10 393 -447  1
3797500 2746500  7  6 22  24.2  998  40  1.6 6 10.0  50    0    0 390 -440  1
3797500 2746500  7  6 23  23.9  998  77  2.1 6 10.3  54    0    0 387 -436  1
3797500 2746500  7  6 24  23.8  998  64  2.1 7 10.7  56    0    0 391 -432  1
3797500 2746500  7  7  1  23.9  998  92  2.3 7 10.8  57    0    0 395 -429  1
3797500 2746500  7  7  2  22.9  997 232  4.5 8 10.9  60    0    0 399 -428  1
3797500 2746500  7  7  3  21.9  996 226  1.8 7 11.3  65    0    0 398 -428  1
3797500 2746500  7  7  4  21.1  996 230  2.8 8 11.9  72    0    0 397 -426  1
3797500 2746500  7  7  5  21.1  996 221  4.2 8 12.5  78    0    0 401 -421  1
3797500 2746500  7  7  6  20.7  997 251  4.0 8 12.8  81    0   32 401 -415  1
3797500 2746500  7  7  7  20.9  997 232  3.3 5 12.8  82   22  117 389 -415  1
3797500 2746500  7  7  8  21.0  997 153  1.4 6 12.9  81   25  186 381 -417  1
3797500 2746500  7  7  9  22.1  998 204  3.7 6 13.0  79   54  268 388 -422  1
3797500 2746500  7  7 10  22.5  998 209  4.3 6 12.6  73   28  301 392 -426  1
3797500 2746500  7  7 11  23.8  998 188  4.7 6 12.1  67   70  366 394 -423  1
3797500 2746500  7  7 12  24.3  998 190  4.7 3 11.6  60  344  388 387 -419  1
3797500 2746500  7  7 13  24.2  998 195  4.7 3 10.9  56  306  410 380 -423  1
3797500 2746500  7  7 14  23.8  998 194  4.4 4 10.3  54  217  411 383 -425  1
3797500 2746500  7  7 15  23.7  999 176  5.0 7  9.9  53   37  319 391 -417  1
3797500 2746500  7  7 16  22.5  999 175  4.6 7  9.5  53    4  222 395 -415  1
3797500 2746500  7  7 17  22.9  999 175  4.5 5  9.6  55   40  245 388 -420  1
3797500 2746500  7  7 18  20.6  999 210  4.9 7 10.0  61    9  156 385 -421  1
3797500 2746500  7  7 19  20.5  999 218  5.0 8 10.1  66    0   74 389 -424  1
3797500 2746500  7  7 20  20.1 1000 210  4.1 7 10.0  66    0   21 389 -423  1
3797500 2746500  7  7 21  19.8 1000 221  4.7 7  9.8  66    0    2 384 -417  1
3797500 2746500  7  7 22  19.5 1001 208  3.6 8 10.0  69    0    0 389 -412  1
3797500 2746500  7  7 23  19.4 1001 188  2.3 8 10.0  70    0    0 391 -410  1
3797500 2746500  7  7 24  19.1 1001 223  4.8 7 10.0  71    0    0 388 -409  1
3797500 2746500  7  8  1  18.5 1000 203  2.3 7 10.5  76    0    0 384 -408  1
3797500 2746500  7  8  2  18.4 1000 221  2.2 7 11.0  82    0    0 384 -406  1
3797500 2746500  7  8  3  18.4 1001 228  2.4 8 11.2  83    0    0 389 -403  1
3797500 2746500  7  8  4  18.5 1000 217  2.5 8 11.2  83    0    0 393 -402  1
3797500 2746500  7  8  5  18.6 1000 217  2.6 8 11.2  82    0    0 393 -402  1
3797500 2746500  7  8  6  18.5 1000 219  3.1 8 11.1  82    0    8 394 -403  1
3797500 2746500  7  8  7  17.8 1001 230  3.5 8 11.0  83    0   21 393 -402  1
3797500 2746500  7  8  8  17.7 1001 231  3.4 8 10.8  84    0   53 392 -402  1
3797500 2746500  7  8  9  17.1 1001 233  4.0 7 10.7  84    0  112 388 -402  1
3797500 2746500  7  8 10  17.1 1001 237  4.5 8 10.4  84    0  126 386 -402  1
3797500 2746500  7  8 11  17.1 1002 228  4.5 8 10.1  82    0  138 390 -401  1
3797500 2746500  7  8 12  17.2 1002 229  4.7 8 10.0  81    0  154 389 -401  1
3797500 2746500  7  8 13  17.3 1002 240  5.1 7 10.1  81    0  157 385 -401  1
3797500 2746500  7  8 14  17.3 1003 228  4.1 7 10.0  80    0  124 382 -401  1
3797500 2746500  7  8 15  16.4 1003 229  4.8 8 10.0  82    0   85 385 -401  1
3797500 2746500  7  8 16  15.8 1004 229  4.1 8 10.2  88    0   83 386 -402  1
3797500 2746500  7  8 17  15.7 1004 219  3.7 8 10.4  92    0   70 384 -402  1
3797500 2746500  7  8 18  16.0 1004 218  3.4 8 10.5  92    0   64 383 -402  1
3797500 2746500  7  8 19  16.3 1004 227  3.9 7 10.7  92    0   69 380 -402  1
3797500 2746500  7  8 20  16.4 1005 229  3.9 8 10.6  90    0   38 379 -402  1
3797500 2746500  7  8 21  16.1 1005 221  3.0 8 10.5  90    0   10 382 -402  1
3797500 2746500  7  8 22  16.4 1005 221  3.4 8 10.6  91    0    0 382 -402  1
3797500 2746500  7  8 23  16.4 1005 225  2.9 8 10.7  90    0    0 381 -402  1
3797500 2746500  7  8 24  16.4 1006 222  3.3 8 10.7  91    0    0 380 -403  1
3797500 2746500  7  9  1  16.3 1006 243  2.9 8 10.7  91    0    0 379 -401  1
3797500 2746500  7  9  2  16.0 1006 242  3.8 8 10.6  92    0    0 379 -398  1
3797500 2746500  7  9  3  15.2 1006 242  3.9 8 10.3  92    0    0 376 -395  1
3797500 2746500  7  9  4  14.5 1006 240  3.0 8  9.9  93    0    0 372 -392  1
3797500 2746500  7  9  5  14.6 1006 221  3.0 8  9.7  92    0    0 371 -389  1
3797500 2746500  7  9  6  14.7 1006 219  3.2 8  9.7  92    0    6 371 -387  1
3797500 2746500  7  9  7  14.5 1007 219  2.7 8  9.7  92    0   19 369 -389  1
3797500 2746500  7  9  8  14.5 1007 218  2.1 7  9.6  92    2  141 363 -393  1
3797500 2746500  7  9  9  15.0 1007 240  2.6 7  9.5  90    6  224 357 -399  1
3797500 2746500  7  9 10  16.2 1007 221  3.1 6  9.7  87   18  310 354 -406  1
3797500 2746500  7  9 11  17.1 1007 253  2.5 7 10.0  84   14  331 357 -414  1
3797500 2746500  7  9 12  18.2 1008 241  2.6 7 10.3  81   12  333 363 -425  1
3797500 2746500  7  9 13  18.7 1008 255  1.9 7 10.5  79   15  352 364 -437  1
3797500 2746500  7  9 14  18.7 1008 242  2.2 6 10.4  77   29  376 361 -445  1
3797500 2746500  7  9 15  20.2 1008 233  1.3 7 10.1  71   34  352 361 -451  1
3797500 2746500  7  9 16  19.1 1008 263  2.2 8  9.9  68    0  174 365 -452  1
3797500 2746500  7  9 17  19.2 1008 264  1.7 7 10.0  71    0  158 360 -450  1
3797500 2746500  7  9 18  19.2 1008 269  1.7 7 10.2  73    0  122 357 -443  1
3797500 2746500  7  9 19  19.1 1007 278  1.6 7 10.1  72    6  108 355 -432  1
3797500 2746500  7  9 20  18.4 1007 256  1.4 7  9.6  72    7   58 354 -419  1
3797500 2746500  7  9 21  17.8 1007 248  1.4 7  9.4  72    1   12 346 -406  1
3797500 2746500  7  9 22  17.3 1008 236  1.5 7  9.2  73    0    0 342 -396  1
3797500 2746500  7  9 23  17.4 1008 203  1.9 6  8.8  70    0    0 339 -391  1
3797500 2746500  7  9 24  17.8 1008 161  2.5 5  8.3  65    0    0 327 -386  1
3797500 2746500  7 10  1  18.3 1018 116  3.4 3  7.8  59    0    0 312 -393  1
3797500 2746500  7 10  2  18.5 1017  76  3.6 3  7.2  53    0    0 300 -388  1
3797500 2746500  7 10  3  18.4 1017  47  3.8 3  6.7  49    0    0 298 -382  1
3797500 2746500  7 10  4  17.7 1017  43  3.3 4  6.5  51    0    0 310 -378  1
3797500 2746500  7 10  5  17.5 1017  45  3.6 5  6.7  53    0    2 318 -374  1
3797500 2746500  7 10  6  16.3 1017  34  2.4 6  6.6  57    6   46 320 -372  1
3797500 2746500  7 10  7  16.5 1016  41  3.7 6  6.9  60   13  103 318 -374  1
3797500 2746500  7 10  8  17.8 1016  51  2.9 5  7.2  59   28  178 318 -382  1
3797500 2746500  7 10  9  19.8 1016  47  2.9 4  7.8  58  254  231 319 -392  1
3797500 2746500  7 10 10  22.1 1015  41  6.4 4  8.6  56  428  227 329 -403  1
3797500 2746500  7 10 11  23.7 1015  54  6.5 4  9.4  54  544  227 341 -416  1
3797500 2746500  7 10 12  24.6 1014  55  7.1 3  9.8  52  612  230 346 -434  1
3797500 2746500  7 10 13  25.8 1014  51  6.4 3 10.0  50  692  197 350 -448  1
3797500 2746500  7 10 14  27.1 1013  49  6.2 3 10.2  47  568  255 356 -456  1
3797500 2746500  7 10 15  27.7 1012  65  6.2 3 10.7  46  500  250 365 -460  1
3797500 2746500  7 10 16  28.3 1012  60  6.3 3 10.6  44  458  207 369 -460  1
3797500 2746500  7 10 17  28.3 1011  47  6.4 3 10.4  43  366  174 369 -454  1
3797500 2746500  7 10 18  28.0 1011  54  6.3 3 10.6  44  247  143 369 -449  1
3797500 2746500  7 10 19  27.3 1011  64  6.4 2 10.4  45  149  100 365 -444  1
3797500 2746500  7 10 20  26.0 1011  70  4.0 2 10.2  46   58   57 358 -438  1
3797500 2746500  7 10 21  25.2 1012  58  3.2 2 10.2  49    6   14 353 -431  1
3797500 2746500  7 10 22  23.4 1012  10  1.7 1 10.3  54    0    0 342 -426  1
3797500 2746500  7 10 23  22.9 1012  23  1.9 1 10.4  58    0    0 331 -421  1
3797500 2746500  7 10 24  22.5 1012  29  1.7 0 10.4  60    0    0 323 -417  1
3797500 2746500  7 11  1  21.6 1012  39  2.9 0 10.4  62    0    0 317 -414  1
3797500 2746500  7 11  2  20.8 1012  53  3.0 0 10.4  66    0    0 316 -411  1
3797500 2746500  7 11  3  20.3 1012  53  3.7 0 10.2  67    0    0 312 -407  1
3797500 2746500  7 11  4  19.7 1012  52  3.9 0 10.1  69    0    0 307 -403  1
3797500 2746500  7 11  5  19.5 1012  52  4.0 2  9.9  69    0    3 312 -400  1
3797500 2746500  7 11  6  19.5 1012  62  3.4 2  9.6  68   28   54 318 -398  1
3797500 2746500  7 11  7  20.7 1012  49  4.0 2  9.7  66  113  109 316 -400  1
3797500 2746500  7 11  8  21.7 1012  57  4.3 2  9.9  62  232  147 318 -406  1
3797500 2746500  7 11  9  23.0 1011  49  5.2 2 10.0  59  356  174 323 -417  1
3797500 2746500  7 11 10  24.6 1011  48  4.8 3 10.2  55  486  185 336 -431  1
3797500 2746500  7 11 11  25.9 1011  49  6.1 2 10.3  51  595  187 344 -446  1
3797500 2746500  7 11 12  26.5 1011  58  6.8 3 10.0  47  585  237 350 -459  1
3797500 2746500  7 11 13  27.1 1011  48  6.1 3  9.6  44  606  239 358 -469  1
3797500 2746500  7 11 14  27.8 1010  52  4.7 3  9.7  42  628  209 363 -475  1
3797500 2746500  7 11 15  28.4 1010  52  5.3 2  9.7  40  509  237 364 -475  1
3797500 2746500  7 11 16  28.5 1009  57  5.2 2  9.2  38  533  157 362 -471  1
3797500 2746500  7 11 17  28.7 1009  39  5.1 2  9.1  37  375  162 362 -464  1
3797500 2746500  7 11 18  28.1 1009  57  4.4 2  9.1  38  240  141 360 -458  1
3797500 2746500  7 11 19  28.0 1009  57  4.8 1  9.3  39  157   94 356 -451  1
3797500 2746500  7 11 20  26.9 1009  62  4.3 3  9.5  41   58   55 360 -444  1
3797500 2746500  7 11 21  26.1 1009  57  3.6 3  9.6  44    3   13 366 -437  1
3797500 2746500  7 11 22  24.8 1009  38  2.3 5  9.6  47    0    0 373 -431  1
3797500 2746500  7 11 23  24.5 1009  44  1.4 5  9.7  50    0    0 378 -427  1
3797500 2746500  7 11 24  24.0 1009  22  1.0 2  9.9  52    0    0 366 -422  1
3797500 2746500  7 12  1  23.3 1009  19  1.0 6 10.1  55    0    0 368 -419  1
3797500 2746500  7 12  2  22.5 1009  45  1.6 4 10.1  57    0    0 373 -418  1
3797500 2746500  7 12  3  20.8 1009  32  1.7 1 10.1  62    0    0 350 -416  1
3797500 2746500  7 12  4  20.5 1008  38  1.9 2 10.2  66    0    0 338 -414  1
3797500 2746500  7 12  5  20.2 1008  29  1.2 2 10.2  68    0    0 341 -412  1
3797500 2746500  7 12  6  19.5 1008  28  2.0 1 10.3  71    0   34 335 -411  1
3797500 2746500  7 12  7  21.5 1007  54  2.3 1 10.5  69   63  114 333 -414  1
3797500 2746500  7 12  8  23.0 1007  43  3.3 1 10.7  63  200  152 339 -421  1
3797500 2746500  7 12  9  24.2 1007  51  3.3 1 10.9  59  357  162 345 -432  1
3797500 2746500  7 12 10  25.5 1007  57  4.1 1 11.4  57  498  164 351 -443  1
3797500 2746500  7 12 11  26.2 1007  54  3.1 1 11.6  55  598  171 356 -450  1
3797500 2746500  7 12 12  27.1 1006  42  3.6 2 11.6  52  688  157 362 -451  1
3797500 2746500  7 12 13  27.6 1006  51  4.1 2 11.4  50  627  211 369 -458  1
3797500 2746500  7 12 14  28.3 1005  35  2.9 2 11.3  48  436  302 375 -464  1
3797500 2746500  7 12 15  25.2 1005 151  5.2 6 11.6  52   41  293 389 -464  1
3797500 2746500  7 12 16  24.0 1005 221  3.4 6 11.4  58    0  176 394 -469  1
3797500 2746500  7 12 17  24.4 1004 342  2.2 8 11.5  60    0  100 398 -473  1
3797500 2746500  7 12 18  23.1 1004 336  1.8 6 12.4  66   21  155 396 -468  1
3797500 2746500  7 12 19  22.4 1004 279  1.1 6 12.9  73   22  103 385 -457  1
3797500 2746500  7 12 20  22.7 1003 134  1.2 6 12.9  74   15   48 383 -449  1
3797500 2746500  7 12 21  22.0 1004  70  2.4 5 13.0  76    7   13 378 -444  1
3797500 2746500  7 12 22  21.6 1004  89  1.6 6 13.0  78    0    0 376 -438  1
3797500 2746500  7 12 23  21.5 1003  74  1.6 5 13.1  80    0    0 376 -434  1
3797500 2746500  7 12 24  21.1 1003   9  0.5 2 13.1  81    0    0 354 -431  1
3797500 2746500  7 13  1  20.6 1003  11  0.2 4 12.8  82    0    0 347 -428  1
3797500 2746500  7 13  2  20.5 1002  35  1.1 3 12.8  83    0    0 352 -426  1
3797500 2746500  7 13  3  19.9 1002  46  0.9 3 12.6  84    0    0 345 -424  1
3797500 2746500  7 13  4  19.6 1002  66  0.8 3 12.4  84    0    0 342 -422  1
3797500 2746500  7 13  5  19.4 1001 129  0.8 5 12.3  85    0    0 349 -419  1
3797500 2746500  7 13  6  19.5 1001 182  1.4 6 12.4  86    0   10 363 -417  1
3797500 2746500  7 13  7  19.8 1001 191  1.3 7 12.8  88    0   48 374 -419  1
3797500 2746500  7 13  8  20.4 1000 210  2.3 8 13.5  90    0  117 388 -426  1
3797500 2746500  7 13  9  20.8 1000 240  1.9 8 14.0  90    4  190 397 -434  1
3797500 2746500  7 13 10  21.4 1000 245  2.5 7 14.1  88   38  294 393 -442  1
3797500 2746500  7 13 11  22.3 1000 253  2.0 6 13.8  83  100  360 386 -455  1
3797500 2746500  7 13 12  23.5 1000 253  2.2 6 13.8  77  145  391 386 -469  1
3797500 2746500  7 13 13  25.9  999 267  2.9 5 13.9  70  195  405 392 -480  1
3797500 2746500  7 13 14  24.5  999 328  1.7 5 13.5  66  133  377 393 -483  1
3797500 2746500  7 13 15  26.4  998 230  2.9 4 13.2  63  298  342 393 -483  1
3797500 2746500  7 13 16  26.0  997 213  4.4 8 13.2  60   14  230 405 -481  1
3797500 2746500  7 13 17  22.2  997 260  2.2 8 13.5  70    0  100 410 -476  1
3797500 2746500  7 13 18  24.6  997 278  4.3 7 14.1  76    6  137 404 -471  1
3797500 2746500  7 13 19  25.0  997 283  4.0 5 13.0  65   39  113 392 -463  1
3797500 2746500  7 13 20  24.3  997 303  4.4 4 12.0  60   20   52 372 -453  1
3797500 2746500  7 13 21  22.7  997 297  3.4 4 12.0  65    0    9 363 -444  1
3797500 2746500  7 13 22  21.5  997 267  3.0 4 12.0  71    0    0 362 -436  1
3797500 2746500  7 13 23  20.4  997 258  3.5 5 11.8  74    0    0 365 -431  1
3797500 2746500  7 13 24  19.5  998 259  3.5 8 11.5  78    0    0 378 -427  1
3797500 2746500  7 14  1  19.0  998 260  2.0 8 11.1  78    0    0 387 -422  1
3797500 2746500  7 14  2  18.3  998 265  3.6 8 10.7  78    0    0 384 -417  1
3797500 2746500  7 14  3  17.6  998 258  3.8 8 10.2  78    0    0 381 -410  1
3797500 2746500  7 14  4  17.1  998 252  2.2 8  9.9  79    0    0 378 -404  1
3797500 2746500  7 14  5  17.1  997 232  3.1 8 10.1  81    0    1 377 -401  1
3797500 2746500  7 14  6  17.2  997 230  3.2 8 10.5  84    0   15 375 -401  1
3797500 2746500  7 14  7  16.9  998 249  4.5 8 10.6  86    1   72 373 -404  1
3797500 2746500  7 14  8  17.1  998 246  4.1 8 10.7  86    0   69 374 -410  1
3797500 2746500  7 14  9  17.5  998 261  4.6 7 10.8  86    9  202 372 -418  1
3797500 2746500  7 14 10  18.2  998 268  5.7 8 10.7  82    0  153 376 -420  1
3797500 2746500  7 14 11  17.1  999 252  4.3 7 10.7  83    7  256 377 -424  1
3797500 2746500  7 14 12  19.3  999 244  4.9 6 11.1  84   54  325 375 -430  1
3797500 2746500  7 14 13  18.8 1000 256  5.2 4 11.0  78  117  357 368 -435  1
3797500 2746500  7 14 14  21.1 1000 256  5.4 4 10.0  68  180  355 363 -444  1
3797500 2746500  7 14 15  21.0 1000 305  5.6 5  8.8  56  175  325 364 -451  1
3797500 2746500  7 14 16  20.4 1001 253  6.0 5  7.8  51  163  280 361 -447  1
3797500 2746500  7 14 17  19.9 1001 276  3.6 5  7.3  49  119  227 355 -443  1
3797500 2746500  7 14 18  19.8 1002 262  5.4 5  6.7  46  111  166 352 -441  1
3797500 2746500  7 14 19  18.7 1002 261  4.8 5  6.5  46   10   94 348 -432  1
3797500 2746500  7 14 20  18.0 1003 259  3.7 6  6.8  51   30   48 348 -421  1
3797500 2746500  7 14 21  16.9 1003 265  2.5 6  7.1  57    3    9 350 -412  1
3797500 2746500  7 14 22  16.0 1003 238  4.1 8  7.5  64    0    0 355 -403  1
3797500 2746500  7 14 23  14.3 1004 223  1.7 8  8.2  75    0    0 360 -396  1
3797500 2746500  7 14 24  14.5 1004 222  1.7 6  8.8  85    0    0 353 -390  1
3797500 2746500  7 15  1  14.2 1005 191  2.0 8  8.8  86    0    0 354 -386  1
3797500 2746500  7 15  2  14.3 1005 230  2.8 7  8.9  87    0    0 358 -383  1
3797500 2746500  7 15  3  13.9 1005 209  3.0 7  8.9  88    0    0 353 -381  1
3797500 2746500  7 15  4  13.3 1005 223  2.5 7  8.6  87    0    0 350 -381  1
3797500 2746500  7 15  5  13.3 1005 213  3.1 7  8.4  87    0    0 347 -384  1
3797500 2746500  7 15  6  13.7 1005 221  2.5 7  8.5  87    0   12 346 -386  1
3797500 2746500  7 15  7  14.0 1006 224  3.3 6  8.6  86    3   81 340 -389  1
3797500 2746500  7 15  8  14.9 1006 230  3.1 6  8.8  85   35  184 335 -397  1
3797500 2746500  7 15  9  15.8 1006 228  3.9 6  9.0  82  107  272 337 -407  1
3797500 2746500  7 15 10  16.9 1006 227  3.5 5  8.7  74  146  337 337 -420  1
3797500 2746500  7 15 11  17.5 1006 235  3.3 5  8.1  66   80  356 338 -435  1
3797500 2746500  7 15 12  18.6 1006 248  4.3 6  7.7  60   20  304 346 -446  1
3797500 2746500  7 15 13  18.2 1006 215  2.9 6  7.7  58   78  374 352 -455  1
3797500 2746500  7 15 14  19.9 1006 249  4.4 3  8.0  57  226  408 345 -460  1
3797500 2746500  7 15 15  21.2 1006 223  5.5 4  8.4  55  166  372 345 -462  1
3797500 2746500  7 15 16  20.6 1006 276  3.5 5  8.2  53  174  325 352 -461  1
3797500 2746500  7 15 17  20.8 1006 264  2.2 5  7.7  50  159  262 352 -458  1
3797500 2746500  7 15 18  20.3 1006 273  3.4 4  7.6  50  140  188 349 -450  1
3797500 2746500  7 15 19  20.5 1006 277  2.3 4  7.5  50   68  120 346 -442  1
3797500 2746500  7 15 20  19.6 1007 276  2.0 2  7.6  52   22   54 339 -436  1
3797500 2746500  7 15 21  18.4 1007 284  1.3 3  7.7  56    2   11 331 -429  1
3797500 2746500  7 15 22  17.9 1008 244  1.2 5  7.7  59    0    0 338 -422  1
3797500 2746500  7 15 23  17.3 1008 253  1.3 5  7.7  61    0    0 343 -416  1
3797500 2746500  7 15 24  15.5 1008 235  0.6 2  7.6  65    0    0 328 -407  1
3797500 2746500  7 16  1  14.7 1009 293  0.8 2  7.5  69    0    0 312 -398  1
3797500 2746500  7 16  2  15.0 1009 337  0.0 5  7.5  71    0    0 322 -393  1
3797500 2746500  7 16  3  15.6 1009 212  1.6 6  7.7  71    0    0 340 -391  1
3797500 2746500  7 16  4  15.4 1009 173  1.1 6  7.9  71    0    0 345 -390  1
3797500 2746500  7 16  5  15.3 1009 304  1.1 7  7.9  72    0    0 348 -389  1
3797500 2746500  7 16  6  15.0 1010 193  1.6 7  7.9  73    6   39 351 -388  1
3797500 2746500  7 16  7  15.6 1010 202  2.5 5  8.0  74   17   95 342 -390  1
3797500 2746500  7 16  8  16.4 1010 248  2.9 6  8.4  74    9  148 338 -398  1
3797500 2746500  7 16  9  17.1 1010 247  3.7 6  8.7  73  111  241 344 -410  1
3797500 2746500  7 16 10  18.6 1011 245  3.4 6  9.0  70  264  271 345 -423  1
3797500 2746500  7 16 11  19.6 1011 249  3.7 7  8.5  62  103  338 351 -436  1
3797500 2746500  7 16 12  20.5 1011 260  4.5 6  7.8  53  314  338 353 -446  1
3797500 2746500  7 16 13  21.1 1012 273  3.7 6  7.4  48  457  287 353 -454  1
3797500 2746500  7 16 14  20.9 1012 312  3.6 5  7.2  47  327  327 352 -458  1
3797500 2746500  7 16 15  21.3 1012 292  4.4 6  7.1  45   96  307 352 -458  1
3797500 2746500  7 16 16  20.7 1012 309  3.2 7  7.1  46    0  145 358 -461  1
3797500 2746500  7 16 17  21.4 1012 268  1.6 7  7.7  50   75  218 363 -460  1
3797500 2746500  7 16 18  22.1 1012 275  3.0 6  7.9  49  147  156 363 -457  1
3797500 2746500  7 16 19  22.0 1012 282  3.2 4  7.8  47  102   96 355 -449  1
3797500 2746500  7 16 20  20.8 1013 229  2.0 3  8.0  50   46   45 342 -438  1
3797500 2746500  7 16 21  20.0 1013 234  0.9 1  8.2  55    4    9 328 -426  1
3797500 2746500  7 16 22  18.7 1013 186  1.6 3  8.2  58    0    0 323 -414  1
3797500 2746500  7 16 23  18.2 1013 186  1.4 3  8.3  62    0    0 324 -406  1
3797500 2746500  7 16 24  16.9 1014 196  2.1 1  8.3  66    0    0 312 -399  1
3797500 2746500  7 17  1  16.3 1014 193  1.7 0  8.3  70    0    0 299 -394  1
3797500 2746500  7 17  2  16.4 1014 177  2.3 1  8.4  72    0    0 298 -391  1
3797500 2746500  7 17  3  15.5 1013 180  2.2 1  8.3  74    0    0 299 -389  1
3797500 2746500  7 17  4  15.5 1013 183  2.3 2  8.3  75    0    0 301 -387  1
3797500 2746500  7 17  5  15.3 1013 159  2.3 5  8.2  75    0    1 313 -385  1
3797500 2746500  7 17  6  15.5 1013 168  1.4 4  8.3  76    5   40 317 -384  1
3797500 2746500  7 17  7  16.8 1013 177  1.9 3  8.6  75   81  108 310 -389  1
3797500 2746500  7 17  8  18.4 1013 205  2.9 2  8.9  71  194  153 307 -401  1
3797500 2746500  7 17  9  19.9 1013 214  3.3 2  9.2  66  365  159 308 -418  1
3797500 2746500  7 17 10  21.0 1013 224  3.6 1  9.5  63  497  169 314 -437  1
3797500 2746500  7 17 11  22.5 1013 234  5.3 1  9.6  59  594  177 321 -455  1
3797500 2746500  7 17 12  23.7 1012 244  5.3 1  9.5  54  681  167 330 -472  1
3797500 2746500  7 17 13  24.4 1012 253  4.8 1  9.6  51  742  146 336 -485  1
3797500 2746500  7 17 14  24.9 1012 248  3.9 1  9.5  49  729  139 339 -492  1
3797500 2746500  7 17 15  25.5 1011 281  4.7 1  9.3  46  688  123 340 -496  1
3797500 2746500  7 17 16  26.6 1011 342  4.9 1  9.1  43  597  114 343 -496  1
3797500 2746500  7 17 17  27.0 1011 265  3.9 1  9.1  41  461  112 345 -486  1
3797500 2746500  7 17 18  26.8 1010 242  3.3 1  9.1  41  319  100 346 -477  1
3797500 2746500  7 17 19  27.2 1010 257  2.6 2  9.2  41  164   85 348 -470  1
3797500 2746500  7 17 20  25.0 1010 259  2.0 4  9.4  44   50   50 350 -458  1
3797500 2746500  7 17 21  23.3 1010 289  1.5 4  9.8  52    3   11 348 -445  1
3797500 2746500  7 17 22  22.4 1010 358  1.3 2 10.0  57    0    0 341 -433  1
3797500 2746500  7 17 23  21.7 1011   8  1.5 2 10.2  61    0    0 335 -425  1
3797500 2746500  7 17 24  20.8 1011  50  2.0 3 10.5  66    0    0 335 -418  1
3797500 2746500  7 18  1  20.2 1011  49  2.0 0 10.8  71    0    0 331 -414  1
3797500 2746500  7 18  2  20.3 1011  55  0.4 1 10.8  72    0    0 328 -410  1
3797500 2746500  7 18  3  20.2 1011  63  2.0 2 10.8  72    0    0 332 -406  1
3797500 2746500  7 18  4  19.7 1011  70  2.2 2 10.7  73    0    0 334 -401  1
3797500 2746500  7 18  5  18.7 1010  60  2.4 3 10.4  74    0    0 334 -396  1
3797500 2746500  7 18  6  18.1 1010  75  0.5 4 10.1  76   10   43 337 -394  1
3797500 2746500  7 18  7  20.1 1010  49  0.9 3 10.2  74   85  106 340 -399  1
3797500 2746500  7 18  8  21.2 1010 127  1.2 2 10.7  70  202  147 340 -411  1
3797500 2746500  7 18  9  23.4 1010 106  1.3 2 10.6  63  363  156 344 -429  1
3797500 2746500  7 18 10  25.0 1010 211  1.1 2 10.5  55  496  164 352 -452  1
3797500 2746500  7 18 11  26.5 1009 238  1.7 2 10.6  51  613  161 360 -473  1
3797500 2746500  7 18 12  28.0 1009 279  3.0 1 10.1  44  705  148 364 -490  1
3797500 2746500  7 18 13  28.8 1008 185  2.9 2  9.6  39  747  137 369 -504  1
3797500 2746500  7 18 14  29.8 1008  77  3.5 2  9.0  35  735  130 375 -515  1
3797500 2746500  7 18 15  30.5 1007 185  3.6 2  9.2  34  652  137 379 -522  1
3797500 2746500  7 18 16  31.0 1007 205  3.2 2  8.9  32  495  163 380 -511  1
3797500 2746500  7 18 17  30.9 1006 148  2.3 1  8.2  29  374  149 375 -501  1
3797500 2746500  7 18 18  30.3 1006 119  1.5 2  8.3  30  253  123 372 -498  1
3797500 2746500  7 18 19  30.8 1006 109  1.9 2  9.0  33  119   96 375 -487  1
3797500 2746500  7 18 20  29.6 1006  48  1.9 6 10.0  37   24   48 386 -474  1
3797500 2746500  7 18 21  27.6 1006 200  2.5 6 10.2  41    0    3 391 -460  1
3797500 2746500  7 18 22  26.2 1006 113  1.5 5 10.5  47    0    0 381 -447  1
3797500 2746500  7 18 23  25.3 1006  61  1.7 5 10.6  50    0    0 373 -437  1
3797500 2746500  7 18 24  24.7 1006  93  1.0 3 10.6  53    0    0 366 -430  1
3797500 2746500  7 19  1  23.1 1006  54  1.3 2 10.7  57    0    0 355 -425  1
3797500 2746500  7 19  2  22.6 1005 174  1.4 3 10.7  61    0    0 352 -420  1
3797500 2746500  7 19  3  22.7 1005 152  2.4 3 10.6  61    0    0 352 -416  1
3797500 2746500  7 19  4  23.0 1005 187  2.5 3 10.6  60    0    0 351 -413  1
3797500 2746500  7 19  5  22.5 1005 159  3.3 4 10.6  61    0    0 352 -411  1
3797500 2746500  7 19  6  22.4 1005 173  3.9 4 10.8  63   13   42 352 -410  1
3797500 2746500  7 19  7  23.6 1005 180  3.3 0 11.3  64  100   97 344 -413  1
3797500 2746500  7 19  8  24.8 1005 182  4.7 0 11.7  61  225  129 340 -425  1
3797500 2746500  7 19  9  25.0 1006 164  4.4 1 12.0  60  356  150 345 -445  1
3797500 2746500  7 19 10  26.6 1006 248  4.0 1 12.4  59  485  158 353 -467  1
3797500 2746500  7 19 11  27.9 1006 181  2.4 1 12.8  56  616  145 361 -489  1
3797500 2746500  7 19 12  28.2 1005 241  2.9 3 12.0  50  443  284 371 -509  1
3797500 2746500  7 19 13  28.8 1005 236  3.8 4 11.7  47  337  338 380 -524  1
3797500 2746500  7 19 14  29.5 1005 189  5.9 4 12.1  47  377  313 387 -532  1
3797500 2746500  7 19 15  29.4 1005 171  4.7 3 12.0  46  384  275 388 -534  1
3797500 2746500  7 19 16  29.3 1004 153  6.1 4 12.5  48  206  277 388 -534  1
3797500 2746500  7 19 17  24.6 1004 182  4.9 7 12.3  54    0  122 385 -528  1
3797500 2746500  7 19 18  23.7 1005 217  2.9 6 11.5  60    0  105 376 -519  1
3797500 2746500  7 19 19  24.3 1004 175  1.9 6 11.9  63   12   94 374 -507  1
3797500 2746500  7 19 20  24.2 1004 172  4.0 7 12.3  64    0   30 377 -492  1
3797500 2746500  7 19 21  23.6 1004 169  1.8 7 12.1  64    0    0 380 -478  1
3797500 2746500  7 19 22  22.9 1005 175  3.6 5 11.8  65    0    0 377 -463  1
3797500 2746500  7 19 23  22.7 1005 205  4.3 4 11.6  66    0    0 373 -452  1
3797500 2746500  7 19 24  22.8 1005 226  3.2 5 12.0  68    0    0 375 -446  1
3797500 2746500  7 20  1  21.6 1005 236  2.2 7 12.3  72    0    0 381 -443  1
3797500 2746500  7 20  2  21.0 1005 226  1.4 8 12.2  76    0    0 386 -441  1
3797500 2746500  7 20  3  20.3 1005 212  1.6 7 11.7  76    0    0 384 -438  1
3797500 2746500  7 20  4  19.8 1005 171  1.4 7 11.6  78    0    0 381 -436  1
3797500 2746500  7 20  5  18.9 1005 198  2.3 5 11.4  80    0    0 375 -431  1
3797500 2746500  7 20  6  18.7 1005 171  1.9 6 11.1  81    0   14 370 -428  1
3797500 2746500  7 20  7  20.0 1005 180  3.0 6 11.6  82   13   90 373 -428  1
3797500 2746500  7 20  8  21.2 1005 211  3.7 3 12.0  78  162  145 367 -433  1
3797500 2746500  7 20  9  22.4 1005 195  4.8 4 12.1  73  361  132 364 -438  1
3797500 2746500  7 20 10  22.8 1005 224  4.9 5 11.8  68  189  282 375 -436  1
3797500 2746500  7 20 11  24.5 1005 200  6.0 5 11.8  64  196  288 384 -430  1
3797500 2746500  7 20 12  24.4 1005 232  6.2 6 11.8  61  138  347 394 -429  1
3797500 2746500  7 20 13  25.7 1004 198  6.3 7 11.4  57   80  341 405 -439  1
3797500 2746500  7 20 14  26.7 1004 224  6.8 7 11.0  51   56  317 412 -458  1
3797500 2746500  7 20 15  25.8 1003 220  5.3 7 10.1  47   80  305 408 -469  1
3797500 2746500  7 20 16  25.3 1003 280  4.9 7  9.9  48   21  240 404 -471  1
3797500 2746500  7 20 17  24.5 1003 244  7.0 8 10.1  50    1  155 405 -465  1
3797500 2746500  7 20 18  24.9 1003 233  6.3 6 10.3  52  124  154 401 -459  1
3797500 2746500  7 20 19  23.8 1003 226  5.0 6 10.7  56   56   97 393 -455  1
3797500 2746500  7 20 20  20.2 1003 211  6.2 7 11.4  68    0   14 388 -447  1
3797500 2746500  7 20 21  18.9 1004 194  4.3 5 12.2  84    0    1 378 -440  1
3797500 2746500  7 20 22  19.6 1004 205  3.5 5 12.5  88    0    0 370 -433  1
3797500 2746500  7 20 23  19.2 1004 209  5.5 5 12.6  88    0    0 371 -430  1
3797500 2746500  7 20 24  18.6 1004 200  4.2 4 11.8  85    0    0 364 -427  1
3797500 2746500  7 21  1  17.9 1004 208  4.4 6 11.2  84    0    0 365 -423  1
3797500 2746500  7 21  2  18.4 1004 219  4.3 7 11.1  84    0    0 377 -420  1
3797500 2746500  7 21  3  17.9 1004 217  3.6 5 10.8  82    0    0 373 -416  1
3797500 2746500  7 21  4  17.2 1004 218  3.0 4 10.5  83    0    0 362 -412  1
3797500 2746500  7 21  5  16.8 1004 230  4.7 6 10.2  84    0    0 363 -407  1
3797500 2746500  7 21  6  16.7 1004 230  5.5 6 10.0  83    0   20 368 -406  1
3797500 2746500  7 21  7  16.9 1005 240  5.9 8  9.7  80    0   41 374 -408  1
3797500 2746500  7 21  8  17.3 1005 229  4.8 7  9.6  78    2  129 378 -412  1
3797500 2746500  7 21  9  17.7 1005 230  5.9 6  9.6  76   23  222 372 -412  1
3797500 2746500  7 21 10  17.7 1006 223  7.0 8  9.3  72    0  154 374 -411  1
3797500 2746500  7 21 11  18.4 1006 226  7.4 8  8.8  68  100  245 381 -409  1
3797500 2746500  7 21 12  18.8 1006 230  7.1 3  8.1  60  358  312 364 -416  1
3797500 2746500  7 21 13  20.6 1006 229  8.0 4  7.3  51  328  333 352 -434  1
3797500 2746500  7 21 14  20.3 1006 218  7.1 5  6.9  46  205  353 357 -448  1
3797500 2746500  7 21 15  20.2 1006 280  7.1 5  6.9  46   84  316 357 -449  1
3797500 2746500  7 21 16  19.0 1006 243  6.8 7  7.2  50    4  201 358 -442  1
3797500 2746500  7 21 17  19.0 1007 294  7.3 7  7.2  52    0  145 360 -436  1
3797500 2746500  7 21 18  18.2 1007 246  5.3 7  7.2  54    0   93 357 -434  1
3797500 2746500  7 21 19  18.1 1007 247  5.0 7  7.2  55    2   77 354 -431  1
3797500 2746500  7 21 20  17.5 1007 248  5.2 7  7.0  55    5   37 351 -423  1
3797500 2746500  7 21 21  17.1 1007 244  5.1 7  6.9  56    0    3 349 -415  1
3797500 2746500  7 21 22  16.5 1008 239  4.8 7  6.8  57    0    0 347 -409  1
3797500 2746500  7 21 23  17.5 1008 200  4.3 6  8.0  60    0    0 346 -403  1
3797500 2746500  7 21 24  18.9 1008 194  3.6 6  9.3  63    0    0 345 -400  1
3797500 2746500  7 22  1  20.8 1004 154  2.9 6 10.9  66    0    0 393 -462  1
3797500 2746500  7 22  2  22.1 1004 174  2.3 6 12.0  68    0    0 387 -457  1
3797500 2746500  7 22  3  22.8 1005 198  1.8 6 12.8  71    0    0 387 -453  1
3797500 2746500  7 22  4  21.9 1005 266  1.6 7 12.6  74    0    0 389 -449  1
3797500 2746500  7 22  5  21.4 1006 224  1.6 7 12.7  77    0    0 394 -442  1
3797500 2746500  7 22  6  20.1 1006 334  1.8 7 12.5  83    0   25 390 -435  1
3797500 2746500  7 22  7  19.5 1007 330  1.5 8 12.5  86    0   47 388 -428  1
3797500 2746500  7 22  8  19.2 1007 339  1.9 8 12.4  87    0   75 389 -421  1
3797500 2746500  7 22  9  18.6 1008 325  2.4 8 12.2  88    0  112 387 -420  1
3797500 2746500  7 22 10  17.6 1008 341  3.0 8 11.7  89    0  145 382 -424  1
3797500 2746500  7 22 11  18.2 1009 338  3.5 8 11.1  86    0  155 380 -432  1
3797500 2746500  7 22 12  18.5 1009 339  3.6 8 10.6  80    0  174 380 -441  1
3797500 2746500  7 22 13  18.5 1010  15  2.8 8 10.1  76    0  137 378 -454  1
3797500 2746500  7 22 14  19.7 1010   6  4.7 7  9.9  71    0  167 378 -468  1
3797500 2746500  7 22 15  20.4 1010 343  3.6 7  9.2  62    0  185 376 -476  1
3797500 2746500  7 22 16  20.9 1010  28  4.4 6  8.7  57   39  212 372 -476  1
3797500 2746500  7 22 17  20.9 1010   0  4.1 7  8.5  54   14  174 368 -472  1
3797500 2746500  7 22 18  20.3 1010 349  4.3 7  8.1  54    2  122 368 -463  1
3797500 2746500  7 22 19  19.7 1011 334  4.6 7  7.8  53    0   70 366 -450  1
3797500 2746500  7 22 20  18.5 1011 334  4.1 5  7.1  51   14   28 356 -436  1
3797500 2746500  7 22 21  17.2 1012 336  3.5 3  6.7  52    0    6 336 -424  1
3797500 2746500  7 22 22  15.9 1014 337  1.5 4  6.7  57    0    0 326 -414  1
3797500 2746500  7 22 23  14.9 1015 336  1.7 3  6.8  62    0    0 320 -406  1
3797500 2746500  7 22 24  14.1 1015 350  1.6 2  6.8  66    0    0 310 -400  1
3797500 2746500  7 23  1  12.8 1016 358  0.8 1  6.8  71    0    0 298 -395  1
3797500 2746500  7 23  2  12.1 1016  16  0.4 0  6.9  77    0    0 287 -389  1
3797500 2746500  7 23  3  11.4 1017 339  0.8 0  6.9  80    0    0 281 -385  1
3797500 2746500  7 23  4  10.8 1017 313  0.8 1  6.6  81    0    0 283 -380  1
3797500 2746500  7 23  5  10.4 1018 320  0.4 1  6.5  82    0    0 288 -376  1
3797500 2746500  7 23  6  11.0 1018  80  0.0 1  6.7  84   13   37 288 -373  1
3797500 2746500  7 23  7  13.5 1019 330  0.5 0  7.5  84  125   67 290 -375  1
3797500 2746500  7 23  8  15.4 1019  49  0.6 1  8.2  80  270   75 297 -383  1
3797500 2746500  7 23  9  17.4 1019   2  0.0 1  8.2  71  322  135 308 -395  1
3797500 2746500  7 23 10  18.4 1019 147  0.9 4  7.6  60  283  231 325 -411  1
3797500 2746500  7 23 11  19.3 1019  65  1.7 3  6.9  51  325  265 333 -427  1
3797500 2746500  7 23 12  20.2 1019 119  1.9 3  6.8  48  368  280 332 -441  1
3797500 2746500  7 23 13  20.2 1019  28  1.2 3  6.8  46  480  234 332 -452  1
3797500 2746500  7 23 14  21.3 1018 155  1.6 2  6.4  42  642  121 329 -459  1
3797500 2746500  7 23 15  22.1 1018 116  1.7 2  6.4  40  666   70 329 -463  1
3797500 2746500  7 23 16  22.5 1018  72  1.8 2  6.4  38  576   89 331 -462  1
3797500 2746500  7 23 17  22.8 1017  89  2.2 1  6.4  37  471   82 329 -458  1
3797500 2746500  7 23 18  23.2 1017  89  2.1 1  6.3  36  327   78 327 -450  1
3797500 2746500  7 23 19  23.3 1016   9  1.7 0  6.4  36  177   66 326 -439  1
3797500 2746500  7 23 20  23.0 1016 245  0.9 1  6.5  37   58   38 326 -428  1
3797500 2746500  7 23 21  19.5 1017  45  1.4 2  6.9  44    2    8 324 -415  1
3797500 2746500  7 23 22  17.7 1017  93  0.9 0  7.2  54    0    0 315 -405  1
3797500 2746500  7 23 23  15.9 1017  92  1.0 0  7.2  61    0    0 307 -398  1
3797500 2746500  7 23 24  15.2 1017 103  1.4 2  7.1  65    0    0 304 -393  1
3797500 2746500  7 24  1  15.7 1017 125  2.0 1  7.2  66    0    0 306 -391  1
3797500 2746500  7 24  2  15.7 1017 129  1.8 1  7.3  66    0    0 303 -388  1
3797500 2746500  7 24  3  15.2 1017 157  1.5 0  7.2  66    0    0 298 -384  1
3797500 2746500  7 24  4  14.4 1017 156  1.6 1  7.2  69    0    0 294 -380  1
3797500 2746500  7 24  5  14.7 1017 148  0.9 1  7.2  70    0    0 295 -377  1
3797500 2746500  7 24  6  15.7 1017 150  1.7 2  7.3  68   17   41 298 -375  1
3797500 2746500  7 24  7  16.6 1017 175  1.1 1  7.8  68   80  100 299 -378  1
3797500 2746500  7 24  8  18.0 1017 191  2.0 0  8.2  66  186  146 295 -388  1
3797500 2746500  7 24  9  20.2 1017 222  2.0 0  8.6  62  319  172 301 -404  1
3797500 2746500  7 24 10  22.0 1017 230  1.2 1  8.2  53  443  190 311 -422  1
3797500 2746500  7 24 11  22.7 1017 291  1.6 1  7.3  43  528  208 318 -441  1
3797500 2746500  7 24 12  23.8 1016 272  1.8 3  6.8  38  602  207 325 -456  1
3797500 2746500  7 24 13  24.3 1016 251  1.4 4  6.5  35  668  183 334 -468  1
3797500 2746500  7 24 14  25.3 1016 341  1.7 4  6.2  32  658  175 339 -475  1
3797500 2746500  7 24 15  26.3 1016 250  2.0 2  6.2  30  618  157 340 -478  1
3797500 2746500  7 24 16  26.6 1015  79  0.6 2  6.3  29  520  148 339 -476  1
3797500 2746500  7 24 17  26.8 1015  15  1.4 3  6.1  28  413  126 339 -472  1
3797500 2746500  7 24 18  26.6 1015  15  2.0 4  6.0  28  252  118 341 -465  1
3797500 2746500  7 24 19  26.3 1015   4  2.5 4  6.4  30  115   92 341 -454  1
3797500 2746500  7 24 20  24.6 1014 358  2.5 4  6.9  34   37   46 338 -442  1
3797500 2746500  7 24 21  22.9 1015  31  1.7 4  7.2  39    0    7 333 -430  1
3797500 2746500  7 24 22  21.3 1015  37  1.1 2  7.3  44    0    0 323 -419  1
3797500 2746500  7 24 23  20.4 1015  38  0.6 2  7.7  50    0    0 316 -411  1
3797500 2746500  7 24 24  19.3 1016  36  0.5 0  8.0  55    0    0 308 -405  1
3797500 2746500  7 25  1  18.4 1016  43  3.0 0  8.4  62    0    0 302 -399  1
3797500 2746500  7 25  2  17.3 1016  51  1.1 0  8.9  70    0    0 300 -394  1
3797500 2746500  7 25  3  18.2 1016  40  1.1 0  9.1  72    0    0 301 -390  1
3797500 2746500  7 25  4  16.7 1015  39  0.3 1  9.2  74    0    0 303 -387  1
3797500 2746500  7 25  5  16.8 1015  50  2.4 1  9.3  78    0    0 303 -384  1
3797500 2746500  7 25  6  16.6 1015  63  2.3 0  9.4  79    5   37 301 -382  1
3797500 2746500  7 25  7  18.3 1015  47  2.0 0  9.7  78   62  106 299 -384  1
3797500 2746500  7 25  8  19.2 1015  51  2.5 0  9.8  73  165  160 303 -393  1
3797500 2746500  7 25  9  20.9 1015  47  3.0 0  9.9  68  293  192 308 -408  1
3797500 2746500  7 25 10  22.3 1015  61  3.5 0  9.9  61  421  211 316 -425  1
3797500 2746500  7 25 11  22.8 1014  58  4.1 0  9.6  56  520  223 322 -442  1
3797500 2746500  7 25 12  24.2 1014  58  4.1 0  9.2  50  597  222 327 -457  1
3797500 2746500  7 25 13  25.0 1014  67  3.6 0  8.8  45  631  219 333 -468  1
3797500 2746500  7 25 14  26.0 1013  41  3.4 0  8.4  41  633  205 337 -475  1
3797500 2746500  7 25 15  26.8 1013  69  3.8 0  8.1  38  589  188 340 -478  1
3797500 2746500  7 25 16  27.0 1012  47  3.9 0  7.8  35  511  170 340 -476  1
3797500 2746500  7 25 17  27.0 1011  48  4.9 0  7.8  35  404  143 340 -472  1
3797500 2746500  7 25 18  26.6 1011  43  5.0 0  8.2  37  272  121 338 -466  1
3797500 2746500  7 25 19  25.9 1011  39  5.5 0  8.3  39  143   90 334 -457  1
3797500 2746500  7 25 20  24.9 1010  51  5.8 0  8.3  41   42   48 330 -445  1
3797500 2746500  7 25 21  23.9 1010  47  4.9 0  8.3  43    0    8 326 -434  1
3797500 2746500  7 25 22  22.7 1010  59  4.1 0  8.3  46    0    0 321 -425  1
3797500 2746500  7 25 23  22.2 1010  58  3.8 0  8.4  49    0    0 317 -417  1
3797500 2746500  7 25 24  21.3 1010  61  3.6 0  8.4  51    0    0 314 -411  1
3797500 2746500  7 26  1  20.5 1010  60  1.0 0  8.4  54    0    0 309 -405  1
3797500 2746500  7 26  2  19.7 1010  80  2.2 0  8.3  56    0    0 304 -400  1
3797500 2746500  7 26  3  18.6 1010  55  2.1 0  8.3  60    0    0 300 -395  1
3797500 2746500  7 26  4  17.5 1010  68  2.2 0  8.3  64    0    0 296 -392  1
3797500 2746500  7 26  5  16.8 1009  80  2.0 1  8.2  67    0    0 296 -388  1
3797500 2746500  7 26  6  17.9 1009  87  3.3 2  8.4  67    7   37 303 -386  1
3797500 2746500  7 26  7  19.0 1009  85  3.1 1  8.5  64   76  101 305 -387  1
3797500 2746500  7 26  8  20.7 1009  80  3.3 1  8.7  60  163  158 308 -396  1
3797500 2746500  7 26  9  23.0 1008  93  3.5 1  9.1  55  279  197 319 -411  1
3797500 2746500  7 26 10  25.7 1008  76  3.3 1  9.6  50  393  225 331 -430  1
3797500 2746500  7 26 11  27.7 1008 117  4.3 1  9.1  41  495  237 341 -450  1
3797500 2746500  7 26 12  28.5 1007 101  5.3 1  8.2  34  567  238 347 -467  1
3797500 2746500  7 26 13  29.6 1007  89  5.9 0  8.0  32  616  225 350 -480  1
3797500 2746500  7 26 14  30.4 1006 102  5.2 0  7.8  29  614  213 354 -490  1
3797500 2746500  7 26 15  31.0 1006 115  4.8 1  7.9  28  561  200 361 -497  1
3797500 2746500  7 26 16  31.6 1006 120  4.8 1  8.2  28  485  178 365 -498  1
3797500 2746500  7 26 17  31.9 1005 111  4.9 1  8.1  28  374  154 367 -496  1
3797500 2746500  7 26 18  31.3 1005 131  4.3 1  8.4  29  234  131 366 -488  1
3797500 2746500  7 26 19  30.5 1005 138  3.4 3  8.7  31   95   96 368 -476  1
3797500 2746500  7 26 20  29.5 1005 114  2.8 5  8.8  33   25   43 377 -463  1
3797500 2746500  7 26 21  28.9 1005 122  2.7 5  9.0  35    0    4 382 -451  1
3797500 2746500  7 26 22  28.6 1005 131  3.4 5  8.9  36    0    0 379 -440  1
3797500 2746500  7 26 23  28.0 1006 149  2.2 5  8.8  36    0    0 377 -433  1
3797500 2746500  7 26 24  26.6 1006 197  1.7 4  9.2  40    0    0 372 -428  1
3797500 2746500  7 27  1  25.5 1006 142  1.8 5  9.7  46    0    0 370 -423  1
3797500 2746500  7 27  2  24.7 1006 261  1.4 6 10.3  51    0    0 375 -421  1
3797500 2746500  7 27  3  23.7 1006 229  1.5 8 11.7  61    0    0 384 -422  1
3797500 2746500  7 27  4  22.5 1006 182  3.8 7 13.2  74    0    0 383 -424  1
3797500 2746500  7 27  5  20.9 1007 218  2.8 8 13.4  81    0    0 379 -427  1
3797500 2746500  7 27  6  20.9 1007 148  1.4 8 13.6  86    0    9 380 -431  1
3797500 2746500  7 27  7  20.5 1008 156  1.3 6 13.5  87    0   62 376 -434  1
3797500 2746500  7 27  8  20.5 1007 171  1.2 7 13.5  88    0   66 375 -439  1
3797500 2746500  7 27  9  20.5 1007 142  3.2 7 13.6  89    0  138 379 -447  1
3797500 2746500  7 27 10  21.2 1008 188  3.0 7 13.7  88    4  223 380 -457  1
3797500 2746500  7 27 11  21.9 1008 181  3.1 8 13.6  84    0  214 385 -459  1
3797500 2746500  7 27 12  21.3 1008 201  3.6 7 13.5  82    2  259 386 -458  1
3797500 2746500  7 27 13  21.2 1008 216  4.3 7 13.2  83    0  194 383 -464  1
3797500 2746500  7 27 14  20.2 1009 255  4.9 8 12.9  83    0  102 384 -470  1
3797500 2746500  7 27 15  18.8 1009 234  3.1 8 12.4  86    0   89 383 -475  1
3797500 2746500  7 27 16  19.1 1010 232  2.7 7 12.1  88   10  235 379 -473  1
3797500 2746500  7 27 17  20.6 1010 190  1.6 4 12.2  84  271  215 369 -466  1
3797500 2746500  7 27 18  21.9 1010 103  1.4 3 12.1  76  220  150 360 -460  1
3797500 2746500  7 27 19  22.4 1009 103  2.2 3 12.0  72  103  104 358 -454  1
3797500 2746500  7 27 20  21.4 1009 118  1.7 6 12.3  74   23   45 367 -447  1
3797500 2746500  7 27 21  20.8 1009  72  1.0 7 12.5  79    0    7 379 -440  1
3797500 2746500  7 27 22  20.3 1010 184  1.7 7 12.4  81    0    0 380 -434  1
3797500 2746500  7 27 23  20.3 1010 249  1.7 7 12.0  80    0    0 380 -430  1
3797500 2746500  7 27 24  19.6 1011 222  1.1 7 11.8  80    0    0 379 -426  1
3797500 2746500  7 28  1  19.4 1011 196  1.4 8 11.6  81    0    0 381 -424  1
3797500 2746500  7 28  2  18.6 1011 180  1.4 8 11.5  83    0    0 383 -423  1
3797500 2746500  7 28  3  18.4 1011 189  2.4 8 11.5  86    0    0 381 -424  1
3797500 2746500  7 28  4  18.5 1011 173  0.9 8 11.6  87    0    0 381 -423  1
3797500 2746500  7 28  5  18.4 1011 169  1.4 8 11.8  88    0    0 382 -421  1
3797500 2746500  7 28  6  18.4 1011 181  1.4 8 11.9  89    0   19 382 -420  1
3797500 2746500  7 28  7  18.7 1011 185  1.3 7 11.9  88    0   59 377 -420  1
3797500 2746500  7 28  8  18.9 1011 187  2.0 7 11.9  87    1  122 373 -424  1
3797500 2746500  7 28  9  19.4 1011 206  2.2 6 12.0  86   24  226 370 -432  1
3797500 2746500  7 28 10  20.4 1011 198  2.0 6 11.9  81   60  299 370 -441  1
3797500 2746500  7 28 11  21.8 1012 212  2.5 4 11.9  76  189  362 368 -452  1
3797500 2746500  7 28 12  23.2 1012 232  2.0 3 11.8  69  309  367 363 -462  1
3797500 2746500  7 28 13  23.7 1012 250  2.5 4 11.7  64  206  402 369 -471  1
3797500 2746500  7 28 14  23.9 1012 242  2.6 6 11.2  60   27  332 382 -478  1
3797500 2746500  7 28 15  23.3 1012 272  2.8 8 10.9  60    0   94 394 -479  1
3797500 2746500  7 28 16  23.4 1012 247  3.6 8 11.3  62    0   88 398 -478  1
3797500 2746500  7 28 17  23.3 1012 237  1.9 8 11.4  63    1  160 397 -477  1
3797500 2746500  7 28 18  24.1 1012 220  1.3 5 11.4  62   63  177 388 -473  1
3797500 2746500  7 28 19  24.0 1011 237  1.3 4 11.3  60   30  103 376 -466  1
3797500 2746500  7 28 20  23.2 1012 293  0.3 4 11.6  63    7   37 372 -456  1
3797500 2746500  7 28 21  21.9 1012 344  0.2 4 12.0  70    0    3 369 -446  1
3797500 2746500  7 28 22  20.5 1012  39  0.9 4 11.7  74    0    0 363 -437  1
3797500 2746500  7 28 23  19.9 1013 354  0.5 4 11.7  78    0    0 359 -430  1
3797500 2746500  7 28 24  19.3 1013 246  0.4 1 12.0  83    0    0 348 -425  1
3797500 2746500  7 29  1  18.8 1013 351  0.1 1 11.8  85    0    0 336 -421  1
3797500 2746500  7 29  2  18.2 1013  41  0.5 1 11.5  86    0    0 334 -418  1
3797500 2746500  7 29  3  18.3 1013  63  0.6 0 11.4  87    0    0 329 -416  1
3797500 2746500  7 29  4  18.6 1013 102  0.6 1 11.2  84    0    0 329 -413  1
3797500 2746500  7 29  5  17.7 1013  87  0.1 0 11.1  85    0    0 327 -411  1
3797500 2746500  7 29  6  17.9 1013 130  0.1 0 11.0  86    3   33 321 -410  1
3797500 2746500  7 29  7  19.3 1013 241  0.0 0 11.2  84   54  106 322 -413  1
3797500 2746500  7 29  8  21.2 1013  68  0.0 1 12.1  81  146  169 332 -423  1
3797500 2746500  7 29  9  22.5 1013  91  1.6 1 12.2  74  277  206 341 -440  1
3797500 2746500  7 29 10  24.1 1013  98  1.9 0 11.5  64  383  240 344 -459  1
3797500 2746500  7 29 11  25.1 1013 143  1.4 1 10.9  56  430  285 351 -478  1
3797500 2746500  7 29 12  25.9 1012  22  1.6 2 10.4  51  502  288 360 -496  1
3797500 2746500  7 29 13  26.8 1012 100  1.9 2 10.2  47  481  314 369 -509  1
3797500 2746500  7 29 14  27.6 1012  33  1.3 3 10.3  46  217  395 375 -514  1
3797500 2746500  7 29 15  27.7 1012  19  1.4 3 10.3  44  190  367 379 -517  1
3797500 2746500  7 29 16  27.7 1012  49  2.1 2 10.4  44  300  267 377 -500  1
3797500 2746500  7 29 17  27.9 1011  76  2.6 4 10.5  45   69  249 379 -492  1
3797500 2746500  7 29 18  27.5 1011  54  1.7 7 10.6  45    0   81 385 -499  1
3797500 2746500  7 29 19  26.6 1011  59  1.5 5 11.2  50    4   83 383 -490  1
3797500 2746500  7 29 20  26.2 1011  58  2.1 6 11.6  54    4   35 378 -478  1
3797500 2746500  7 29 21  25.7 1011  33  1.1 7 11.8  56    0    3 377 -466  1
3797500 2746500  7 29 22  24.5 1011  60  1.5 7 12.2  61    0    0 374 -456  1
3797500 2746500  7 29 23  25.2 1011  32  0.6 7 12.4  62    0    0 372 -450  1
3797500 2746500  7 29 24  24.1 1011  67  0.6 7 12.4  63    0    0 372 -445  1
3797500 2746500  7 30  1  23.4 1011  87  0.0 6 12.4  67    0    0 367 -440  1
3797500 2746500  7 30  2  22.5 1011  92  0.7 5 12.1  68    0    0 363 -434  1
3797500 2746500  7 30  3  21.9 1011 101  2.4 3 11.9  70    0    0 356 -429  1
3797500 2746500  7 30  4  21.3 1011 102  2.7 2 11.4  70    0    0 350 -425  1
3797500 2746500  7 30  5  21.0 1011 100  1.1 1 10.8  68    0    0 343 -421  1
3797500 2746500  7 30  6  20.2 1010  51  2.3 1 10.6  69    5   30 339 -418  1
3797500 2746500  7 30  7  21.2 1011  63  1.9 0 11.0  72   79   80 337 -420  1
3797500 2746500  7 30  8  23.0 1011  63  1.2 0 11.6  69  208  102 340 -430  1
3797500 2746500  7 30  9  25.0 1011  81  0.9 0 11.9  64  355  108 347 -448  1
3797500 2746500  7 30 10  26.5 1011  64  0.8 0 11.8  57  519   88 355 -470  1
3797500 2746500  7 30 11  27.3 1010  60  1.9 0 11.5  52  664   58 361 -493  1
3797500 2746500  7 30 12  28.2 1010  65  2.7 1 11.6  49  591  147 368 -512  1
3797500 2746500  7 30 13  28.6 1010  81  2.8 3 11.0  45  362  288 377 -527  1
3797500 2746500  7 30 14  29.2 1010  95  3.1 3 10.1  40  411  248 382 -536  1
3797500 2746500  7 30 15  30.1 1009  60  3.6 2  9.3  36  407  215 382 -536  1
3797500 2746500  7 30 16  30.7 1009 110  2.6 2  8.8  32  458  114 383 -529  1
3797500 2746500  7 30 17  29.6 1009 113  3.1 2  8.7  32  349  110 380 -521  1
3797500 2746500  7 30 18  30.3 1009  84  2.7 2  8.6  32  231   92 378 -513  1
3797500 2746500  7 30 19  29.5 1008  41  2.4 2  8.7  33  138   57 377 -502  1
3797500 2746500  7 30 20  27.8 1008  53  2.5 2  8.9  36   30   33 372 -487  1
3797500 2746500  7 30 21  26.2 1008  75  2.4 2  9.1  41    0    4 366 -471  1
3797500 2746500  7 30 22  25.0 1009  76  2.7 1  9.1  44    0    0 358 -457  1
3797500 2746500  7 30 23  24.9 1009  90  2.4 1  9.2  46    0    0 354 -448  1
3797500 2746500  7 30 24  22.7 1009 100  2.6 2  9.5  51    0    0 352 -440  1
3797500 2746500  7 31  1  21.4 1009  62  2.3 1  9.7  58    0    0 346 -434  1
3797500 2746500  7 31  2  21.8 1010  86  2.3 1  9.6  59    0    0 343 -429  1
3797500 2746500  7 31  3  21.7 1010  74  0.7 1  9.4  58    0    0 343 -426  1
3797500 2746500  7 31  4  22.1 1010  88  2.5 1  9.3  56    0    0 343 -423  1
3797500 2746500  7 31  5  18.9 1009  49  1.3 1  9.3  62    0    0 340 -420  1
3797500 2746500  7 31  6  19.6 1009  56  2.0 1  9.4  67    4   31 335 -418  1
3797500 2746500  7 31  7  21.6 1009  63  2.1 0  9.6  63   68   94 336 -420  1
3797500 2746500  7 31  8  23.9 1009  80  1.2 0  9.9  57  178  137 340 -431  1
3797500 2746500  7 31  9  26.1 1009  63  1.7 0 10.3  51  314  159 348 -449  1
3797500 2746500  7 31 10  28.0 1009  79  3.8 0 10.7  47  452  166 358 -472  1
3797500 2746500  7 31 11  29.6 1008  52  4.1 0 10.4  42  551  174 366 -495  1
3797500 2746500  7 31 12  30.1 1008  86  4.3 1  9.2  35  505  243 373 -516  1
3797500 2746500  7 31 13  30.5 1008  63  0.8 1  8.8  32  562  224 378 -533  1
3797500 2746500  7 31 14  31.3 1007  86  3.8 1  8.3  30  615  176 380 -545  1
3797500 2746500  7 31 15  31.5 1007 110  3.6 0  7.8  27  610  136 379 -545  1
3797500 2746500  7 31 16  31.8 1007  74  4.2 0  8.2  28  526  118 379 -538  1
3797500 2746500  7 31 17  32.0 1006  87  4.5 1  8.3  28  412  106 381 -533  1
3797500 2746500  7 31 18  31.7 1006  92  3.8 1  7.7  26  286   90 379 -523  1
3797500 2746500  7 31 19  31.3 1006  79  3.7 1  7.4  26  143   75 376 -509  1
3797500 2746500  7 31 20  29.9 1006  76  2.5 1  7.7  28   34   41 373 -494  1
3797500 2746500  7 31 21  28.7 1006  79  2.5 1  8.0  31    0    5 369 -479  1
3797500 2746500  7 31 22  25.9 1007  97  2.1 0  8.0  35    0    0 361 -467  1
3797500 2746500  7 31 23  24.3 1007  93  2.5 0  8.0  40    0    0 351 -458  1
3797500 2746500  7 31 24  23.9 1007  77  2.7 0  8.3  44    0    0 350 -451  1
3797500 2746500  8  1  1  23.7 1007  91  0.8 0  8.1  44    0    0 348 -443  1
3797500 2746500  8  1  2  22.1 1007  79  1.2 0  8.2  47    0    0 343 -441  1
3797500 2746500  8  1  3  22.0 1007  94  1.2 0  8.2  49    0    0 339 -438  1
3797500 2746500  8  1  4  21.9 1007  49  1.2 0  8.0  48    0    0 336 -436  1
3797500 2746500  8  1  5  20.1 1007  52  0.9 1  8.3  53    0    0 334 -436  1
3797500 2746500  8  1  6  21.2 1008  38  1.4 1  8.6  56    8   21 334 -435  1
3797500 2746500  8  1  7  20.5 1008  52  1.5 0  8.8  56   78   79 331 -436  1
3797500 2746500  8  1  8  23.6 1008  60  1.3 0  9.1  54  195  115 329 -442  1
3797500 2746500  8  1  9  25.9 1008  39  2.2 0  9.5  48  335  134 338 -454  1
3797500 2746500  8  1 10  27.0 1008  35  2.5 0 10.1  47  469  143 348 -471  1
3797500 2746500  8  1 11  28.5 1008  46  3.2 0 10.3  44  584  143 359 -491  1
3797500 2746500  8  1 12  29.7 1008  44  3.9 0 10.2  40  669  137 368 -506  1
3797500 2746500  8  1 13  30.7 1008 109  4.7 0  9.7  36  711  129 373 -518  1
3797500 2746500  8  1 14  31.3 1008  94  3.7 0  8.8  31  704  119 374 -527  1
3797500 2746500  8  1 15  31.5 1008  60  5.1 0  8.5  29  655  109 374 -531  1
3797500 2746500  8  1 16  31.4 1008  27  3.8 0  8.4  29  558  103 372 -525  1
3797500 2746500  8  1 17  30.9 1008  77  4.1 0  8.4  29  425   97 368 -516  1
3797500 2746500  8  1 18  30.6 1008  39  4.7 0  8.7  31  274   89 366 -507  1
3797500 2746500  8  1 19  29.9 1008  44  4.7 0  8.8  32  133   70 362 -498  1
3797500 2746500  8  1 20  28.4 1008  42  4.2 0  9.2  37   31   30 357 -487  1
3797500 2746500  8  1 21  27.3 1008  48  4.0 0  9.5  41    0    0 351 -477  1
3797500 2746500  8  1 22  26.2 1009  55  3.9 0  9.7  44    0    0 348 -468  1
3797500 2746500  8  1 23  25.6 1010  80  3.7 1 10.2  48    0    0 348 -463  1
3797500 2746500  8  1 24  25.3 1010 109  3.3 2 10.7  52    0    0 341 -459  1
3797500 2746500  8  2  1  25.2 1005 137  3.0 3 11.3  55    0    0 384 -455  1
3797500 2746500  8  2  2  25.0 1005 167  2.5 4 11.8  58    0    0 387 -454  1
3797500 2746500  8  2  3  24.8 1005 205  2.5 5 12.4  61    0    0 388 -450  1
3797500 2746500  8  2  4  24.2 1005 226  2.4 5 12.5  64    0    0 386 -446  1
3797500 2746500  8  2  5  23.8 1005 222  2.5 5 12.6  66    0    0 384 -445  1
3797500 2746500  8  2  6  22.6 1005 248  1.1 6 12.7  71    0    5 385 -440  1
3797500 2746500  8  2  7  22.7 1005 171  1.1 6 13.2  76    8   72 386 -433  1
3797500 2746500  8  2  8  23.9 1005 200  1.5 4 13.3  73  168  140 380 -431  1
3797500 2746500  8  2  9  24.0 1006 216  3.1 5 13.2  70  115  234 381 -436  1
3797500 2746500  8  2 10  23.7 1007 239  4.3 7 13.1  70   34  259 393 -443  1
3797500 2746500  8  2 11  24.0 1007 247  3.9 6 12.4  66  180  343 397 -445  1
3797500 2746500  8  2 12  24.6 1008 228  4.2 5 11.7  61  221  368 391 -454  1
3797500 2746500  8  2 13  24.8 1008 255  3.8 5 11.1  56  218  375 389 -461  1
3797500 2746500  8  2 14  25.4 1008 240  3.7 4 10.5  52  330  310 386 -468  1
3797500 2746500  8  2 15  25.1 1008 256  4.8 5 10.0  49  166  318 385 -475  1
3797500 2746500  8  2 16  24.6 1008 230  4.7 6  9.6  48  121  280 390 -468  1
3797500 2746500  8  2 17  23.0 1008 266  3.8 6  9.3  50  129  223 388 -461  1
3797500 2746500  8  2 18  23.1 1009 280  3.1 8  9.0  51   18  136 394 -455  1
3797500 2746500  8  2 19  22.4 1009 253  3.1 5  8.5  49    7   72 388 -449  1
3797500 2746500  8  2 20  21.2 1010 239  2.3 5  8.3  51   17   30 368 -442  1
3797500 2746500  8  2 21  20.1 1010 229  1.7 6  8.6  56    0    0 371 -435  1
3797500 2746500  8  2 22  18.5 1011 193  1.3 4  8.8  62    0    0 363 -429  1
3797500 2746500  8  2 23  18.3 1011 181  1.6 2  8.8  66    0    0 339 -424  1
3797500 2746500  8  2 24  17.4 1011 188  1.1 1  8.8  69    0    0 322 -419  1
3797500 2746500  8  3  1  17.7 1011 182  1.7 0  9.0  72    0    0 312 -413  1
3797500 2746500  8  3  2  17.3 1011 167  1.0 1  9.0  72    0    0 313 -407  1
3797500 2746500  8  3  3  17.9 1011 181  1.2 3  9.0  72    0    0 329 -402  1
3797500 2746500  8  3  4  17.8 1010 170  1.2 7  9.2  71    0    0 358 -398  1
3797500 2746500  8  3  5  18.0 1010 171  2.0 7  9.2  71    0    0 375 -394  1
3797500 2746500  8  3  6  18.0 1010 200  1.5 6  9.2  71    0   10 369 -391  1
3797500 2746500  8  3  7  18.1 1010 181  1.8 7  9.3  72    0   44 368 -392  1
3797500 2746500  8  3  8  18.6 1010 170  2.3 7  9.7  73   14  134 370 -399  1
3797500 2746500  8  3  9  19.9 1010 180  2.4 6 10.1  72  222  193 369 -412  1
3797500 2746500  8  3 10  21.3 1010 206  3.8 4  9.8  64  481  141 361 -424  1
3797500 2746500  8  3 11  21.1 1010 223  3.6 5  9.3  58  154  325 359 -432  1
3797500 2746500  8  3 12  22.5 1010 214  3.9 5  8.8  54  124  343 366 -444  1
3797500 2746500  8  3 13  23.6 1009 242  4.1 5  8.5  48   97  336 372 -458  1
3797500 2746500  8  3 14  21.9 1009 229  2.9 6  8.8  50    2  211 377 -465  1
3797500 2746500  8  3 15  22.3 1009 228  4.3 6  9.3  55    4  207 379 -466  1
3797500 2746500  8  3 16  21.4 1009 216  4.2 6  9.6  58    6  187 379 -465  1
3797500 2746500  8  3 17  21.8 1008 179  3.5 6  9.6  59   60  204 378 -462  1
3797500 2746500  8  3 18  21.6 1008 200  2.4 6  9.4  57   64  146 378 -458  1
3797500 2746500  8  3 19  21.1 1007 194  3.0 8  9.3  58    4   63 383 -452  1
3797500 2746500  8  3 20  20.3 1007 202  2.4 8  9.7  63    0    9 390 -444  1
3797500 2746500  8  3 21  18.9 1007 173  2.6 8 10.5  73    0    0 387 -435  1
3797500 2746500  8  3 22  18.9 1007 188  1.8 8 11.2  81    0    0 386 -428  1
3797500 2746500  8  3 23  19.1 1007 191  3.1 7 11.3  82    0    0 382 -425  1
3797500 2746500  8  3 24  19.0 1007 203  3.6 6 11.6  83    0    0 374 -422  1
3797500 2746500  8  4  1  18.4 1007 201  2.4 8 11.7  86    0    0 377 -419  1
3797500 2746500  8  4  2  18.5 1007 227  2.8 8 11.7  87    0    0 385 -415  1
3797500 2746500  8  4  3  18.5 1007 252  2.6 8 11.6  86    0    0 386 -413  1
3797500 2746500  8  4  4  18.0 1007 205  2.8 7 11.5  86    0    0 382 -410  1
3797500 2746500  8  4  5  17.5 1007 221  3.5 8 11.1  87    0    0 379 -409  1
3797500 2746500  8  4  6  17.0 1008 221  4.1 8 10.6  85    0   10 381 -408  1
3797500 2746500  8  4  7  16.7 1008 229  2.8 7 10.2  84    0   24 374 -406  1
3797500 2746500  8  4  8  17.0 1008 228  3.3 8 10.1  83    0   81 374 -411  1
3797500 2746500  8  4  9  18.0 1008 220  3.2 7 10.1  80   48  214 377 -419  1
3797500 2746500  8  4 10  19.3 1008 227  4.0 6  9.9  73  187  274 375 -427  1
3797500 2746500  8  4 11  20.1 1008 229  3.6 5  9.6  66  313  289 373 -430  1
3797500 2746500  8  4 12  21.6 1008 205  4.5 6  9.6  62  228  344 378 -430  1
3797500 2746500  8  4 13  21.5 1008 212  3.8 6  9.7  60  113  342 385 -433  1
3797500 2746500  8  4 14  22.0 1007 194  2.0 5 10.1  62  108  327 381 -444  1
3797500 2746500  8  4 15  20.6 1007 239  3.5 6 10.9  68   13  231 379 -452  1
3797500 2746500  8  4 16  22.5 1006 228  5.0 5 11.7  72  157  264 380 -451  1
3797500 2746500  8  4 17  20.9 1006 254  3.9 6 12.4  75   44  199 379 -454  1
3797500 2746500  8  4 18  21.8 1005 218  2.7 6 12.8  80   33  139 381 -453  1
3797500 2746500  8  4 19  21.6 1004 222  1.5 7 12.6  76   16   76 385 -448  1
3797500 2746500  8  4 20  21.7 1003 209  1.4 7 12.1  73    0   15 388 -441  1
3797500 2746500  8  4 21  20.7 1003 161  2.0 7 12.0  75    0    0 386 -433  1
3797500 2746500  8  4 22  20.1 1002 180  2.5 8 12.4  81    0    0 388 -427  1
3797500 2746500  8  4 23  19.7 1001 179  1.7 7 12.4  84    0    0 386 -423  1
3797500 2746500  8  4 24  20.1  999 170  3.5 7 12.5  84    0    0 382 -420  1
3797500 2746500  8  5  1  17.9  998 299  3.5 8 12.5  89    0    0 383 -416  1
3797500 2746500  8  5  2  17.6  997 255  4.1 8 12.1  93    0    0 384 -410  1
3797500 2746500  8  5  3  17.3  997 206  4.2 8 11.9  93    0    0 383 -405  1
3797500 2746500  8  5  4  17.3  998 243  4.8 7 11.5  91    0    0 377 -401  1
3797500 2746500  8  5  5  16.8  998 234  4.9 7 10.9  88    0    0 371 -399  1
3797500 2746500  8  5  6  16.3  999 243  4.1 7 10.5  88    0   18 370 -399  1
3797500 2746500  8  5  7  16.2  999 233  4.1 7 10.4  89    2   59 369 -398  1
3797500 2746500  8  5  8  16.7 1000 247  3.8 7 10.6  89   26  133 370 -400  1
3797500 2746500  8  5  9  17.5 1001 259  3.8 5 10.6  85  194  169 365 -401  1
3797500 2746500  8  5 10  18.3 1001 258  5.5 4  9.8  75  261  207 357 -401  1
3797500 2746500  8  5 11  19.3 1002 261  4.0 4  9.2  67  318  234 357 -405  1
3797500 2746500  8  5 12  20.4 1002 257  4.5 5  9.2  63  221  293 366 -408  1
3797500 2746500  8  5 13  20.8 1002 249  4.6 3  9.0  59  420  227 366 -410  1
3797500 2746500  8  5 14  19.7 1003 246  3.5 4  8.7  58  493  146 361 -417  1
3797500 2746500  8  5 15  20.4 1003 271  2.3 2  8.6  58  386  181 356 -424  1
3797500 2746500  8  5 16  20.4 1004 246  5.3 1  8.3  55  478   87 344 -425  1
3797500 2746500  8  5 17  20.6 1004 252  4.1 3  8.0  53  210  153 345 -421  1
3797500 2746500  8  5 18  20.1 1004 256  2.2 2  8.0  53  204   81 345 -416  1
3797500 2746500  8  5 19  19.8 1004 242  3.6 4  8.2  56  120   49 345 -411  1
3797500 2746500  8  5 20  18.9 1004 254  2.3 3  8.3  58   23   20 347 -404  1
3797500 2746500  8  5 21  17.8 1005 241  1.7 2  8.3  63    0    0 336 -398  1
3797500 2746500  8  5 22  17.1 1005 261  1.9 3  8.2  66    0    0 333 -394  1
3797500 2746500  8  5 23  16.9 1006 236  2.1 5  8.1  67    0    0 341 -391  1
3797500 2746500  8  5 24  16.5 1006 224  2.0 7  8.2  69    0    0 356 -390  1
3797500 2746500  8  6  1  16.7 1006 238  2.6 6  8.5  71    0    0 359 -389  1
3797500 2746500  8  6  2  16.7 1006 229  2.8 6  8.7  72    0    0 357 -387  1
3797500 2746500  8  6  3  16.3 1006 222  2.7 2  8.6  73    0    0 340 -386  1
3797500 2746500  8  6  4  16.2 1007 231  3.4 6  8.6  74    0    0 341 -385  1
3797500 2746500  8  6  5  16.2 1007 244  3.2 7  8.8  76    0    0 364 -385  1
3797500 2746500  8  6  6  16.1 1007 243  3.2 7  9.0  78    0    5 371 -384  1
3797500 2746500  8  6  7  16.2 1008 224  3.4 8  9.3  81    0   38 377 -386  1
3797500 2746500  8  6  8  16.2 1008 222  3.4 6  9.6  83    0   90 372 -392  1
3797500 2746500  8  6  9  16.7 1009 232  3.2 7  9.8  83    2  154 368 -401  1
3797500 2746500  8  6 10  17.3 1009 221  4.2 7  9.9  81    6  207 374 -413  1
3797500 2746500  8  6 11  17.3 1010 232  3.6 7  9.9  80   29  268 373 -428  1
3797500 2746500  8  6 12  18.4 1010 231  3.6 6  9.9  77  123  327 370 -441  1
3797500 2746500  8  6 13  19.9 1010 220  3.8 4  9.8  70  301  315 362 -452  1
3797500 2746500  8  6 14  21.2 1010 216  3.3 3  9.8  64  708   86 357 -463  1
3797500 2746500  8  6 15  21.7 1010 280  4.0 2  9.3  58  558  138 354 -471  1
3797500 2746500  8  6 16  22.5 1010 239  2.9 3  8.9  53  490  112 354 -471  1
3797500 2746500  8  6 17  22.6 1010 258  3.2 2  8.9  52  403   82 355 -468  1
3797500 2746500  8  6 18  22.0 1010 243  2.4 3  8.3  49  216   95 352 -461  1
3797500 2746500  8  6 19  21.7 1009 237  1.8 4  8.4  51   67   74 353 -450  1
3797500 2746500  8  6 20  20.9 1009 222  1.6 5  8.8  55    2   18 356 -437  1
3797500 2746500  8  6 21  19.1 1010 157  1.0 6  9.2  63    0    0 357 -425  1
3797500 2746500  8  6 22  19.3 1010 206  0.7 7  9.5  68    0    0 360 -416  1
3797500 2746500  8  6 23  19.6 1010 142  0.7 7  9.6  68    0    0 362 -409  1
3797500 2746500  8  6 24  19.6 1010 196  1.1 5  9.6  67    0    0 355 -404  1
3797500 2746500  8  7  1  19.7 1010 169  0.7 6  9.7  67    0    0 351 -401  1
3797500 2746500  8  7  2  19.3 1009 183  0.7 5  9.7  68    0    0 349 -399  1
3797500 2746500  8  7  3  19.1 1009 174  1.3 3  9.8  70    0    0 340 -397  1
3797500 2746500  8  7  4  19.1 1009 189  1.7 5  9.8  71    0    0 340 -398  1
3797500 2746500  8  7  5  19.3 1009 188  1.9 5  9.7  69    0    0 346 -400  1
3797500 2746500  8  7  6  19.2 1009 174  2.2 6  9.5  68    9   26 349 -402  1
3797500 2746500  8  7  7  19.6 1008 173  1.9 5  9.8  69   68   79 349 -403  1
3797500 2746500  8  7  8  20.7 1008 176  2.5 3 10.1  68  175  127 344 -408  1
3797500 2746500  8  7  9  22.9 1008 174  2.4 2 10.4  63  310  154 342 -415  1
3797500 2746500  8  7 10  24.1 1008 173  3.2 2 10.8  59  432  173 348 -429  1
3797500 2746500  8  7 11  24.8 1008 199  3.3 1 10.3  53  564  162 351 -450  1
3797500 2746500  8  7 12  25.6 1007 208  3.2 1  9.7  48  647  154 353 -469  1
3797500 2746500  8  7 13  25.7 1007 322  2.9 1  9.8  47  685  144 358 -483  1
3797500 2746500  8  7 14  26.8 1007 209  2.9 1  9.9  46  653  151 361 -490  1
3797500 2746500  8  7 15  26.6 1006 224  2.8 1 10.4  47  520  187 364 -497  1
3797500 2746500  8  7 16  28.1 1006 194  2.1 2 10.6  46  372  202 370 -499  1
3797500 2746500  8  7 17  28.5 1005 198  1.7 2 10.6  44  313  151 374 -494  1
3797500 2746500  8  7 18  28.4 1005 297  1.3 2 10.5  43  192  119 373 -486  1
3797500 2746500  8  7 19  27.6 1004 281  0.9 3 10.4  44   57   82 372 -475  1
3797500 2746500  8  7 20  25.7 1004 351  1.2 4 10.8  49   15   23 372 -462  1
3797500 2746500  8  7 21  24.1 1004  22  1.4 6 11.2  56    0    0 372 -448  1
3797500 2746500  8  7 22  23.1 1005  42  1.5 5 11.3  61    0    0 369 -436  1
3797500 2746500  8  7 23  23.0 1004  70  1.1 4 11.6  65    0    0 363 -427  1
3797500 2746500  8  7 24  22.8 1004  82  1.7 3 11.5  65    0    0 357 -420  1
3797500 2746500  8  8  1  22.8 1004  93  1.8 2 11.6  66    0    0 353 -415  1
3797500 2746500  8  8  2  22.3 1004 100  1.3 2 11.8  68    0    0 349 -411  1
3797500 2746500  8  8  3  22.0 1003 103  1.1 1 11.6  69    0    0 344 -408  1
3797500 2746500  8  8  4  22.7 1002 169  1.7 3 11.3  66    0    0 345 -407  1
3797500 2746500  8  8  5  21.3 1002 115  1.1 1 11.1  66    0    0 342 -406  1
3797500 2746500  8  8  6  21.5 1001 106  1.5 3 11.1  69    3   22 339 -405  1
3797500 2746500  8  8  7  24.1 1001  99  1.6 4 11.6  66   13   75 351 -406  1
3797500 2746500  8  8  8  24.5 1000  85  3.1 5 11.9  62   32  146 362 -413  1
3797500 2746500  8  8  9  25.2  999 156  3.0 7 11.7  59  144  217 372 -430  1
3797500 2746500  8  8 10  26.9  999 178  2.3 6 11.8  55  323  224 380 -453  1
3797500 2746500  8  8 11  27.2  998 223  3.0 6 12.0  53  294  294 384 -477  1
3797500 2746500  8  8 12  27.3  998 223  3.9 6 12.1  52  192  345 388 -496  1
3797500 2746500  8  8 13  25.6  997 241  4.5 6 12.0  54   65  321 388 -511  1
3797500 2746500  8  8 14  24.4  998 245  4.1 7 12.4  61   21  268 388 -523  1
3797500 2746500  8  8 15  24.2  998 238  5.1 6 12.5  64   16  237 389 -529  1
3797500 2746500  8  8 16  24.3  998 267  7.2 6 11.7  60  183  261 387 -529  1
3797500 2746500  8  8 17  24.7  997 230  5.6 5 10.9  55  240  180 384 -524  1
3797500 2746500  8  8 18  24.3  998 245  3.6 3 10.4  53  202  111 378 -512  1
3797500 2746500  8  8 19  23.0  998  42  3.8 5 10.3  55   36   79 376 -494  1
3797500 2746500  8  8 20  20.1  999 261  2.1 6 11.2  68    1   17 377 -476  1
3797500 2746500  8  8 21  19.5  999 209  1.7 6 12.0  81    0    0 375 -462  1
3797500 2746500  8  8 22  18.9  999 203  2.2 6 11.6  82    0    0 372 -445  1
3797500 2746500  8  8 23  18.5  999 217  1.8 7 11.1  81    0    0 372 -428  1
3797500 2746500  8  8 24  18.2  999 209  1.7 5 11.0  82    0    0 370 -421  1
3797500 2746500  8  9  1  18.1  999 212  1.9 6 10.9  82    0    0 367 -420  1
3797500 2746500  8  9  2  18.0  999 190  0.6 5 10.7  82    0    0 368 -419  1
3797500 2746500  8  9  3  18.0  998 221  2.5 4 10.6  81    0    0 363 -418  1
3797500 2746500  8  9  4  17.7  998 223  1.7 7 10.7  82    0    0 368 -416  1
3797500 2746500  8  9  5  17.4  998 223  1.9 7 10.9  85    0    0 376 -414  1
3797500 2746500  8  9  6  17.0  998 232  1.7 6 10.9  87    7   23 371 -412  1
3797500 2746500  8  9  7  16.9  998 221  2.4 6 10.8  88   60   75 365 -412  1
3797500 2746500  8  9  8  17.6  998 233  2.3 4 10.8  86   89  145 358 -415  1
3797500 2746500  8  9  9  18.0  998 228  2.1 5 10.7  82   36  202 357 -418  1
3797500 2746500  8  9 10  17.9  998 227  1.7 6 10.6  81   16  225 365 -417  1
3797500 2746500  8  9 11  18.2  999 240  3.1 7 10.7  81   16  244 375 -421  1
3797500 2746500  8  9 12  19.8  999 248  4.2 4 10.6  76  174  329 372 -434  1
3797500 2746500  8  9 13  20.1  999 283  3.9 6 10.6  71  101  318 374 -443  1
3797500 2746500  8  9 14  19.0  999 249  1.6 8 10.9  76    0  124 385 -441  1
3797500 2746500  8  9 15  16.5  999 239  2.8 8 10.9  84    0  117 383 -440  1
3797500 2746500  8  9 16  18.2 1000 226  3.3 6 11.0  88  130  246 375 -438  1
3797500 2746500  8  9 17  19.8 1000 258  3.0 4 11.1  79  214  174 365 -430  1
3797500 2746500  8  9 18  17.8 1001 274  1.7 5 10.7  78   77  134 360 -422  1
3797500 2746500  8  9 19  18.0 1002 307  1.4 7 10.7  82   45   74 368 -412  1
3797500 2746500  8  9 20  17.9 1003 336  1.9 7 10.7  82    6   18 376 -405  1
3797500 2746500  8  9 21  17.3 1004 331  1.8 6 10.4  81    0    0 371 -401  1
3797500 2746500  8  9 22  17.2 1005 331  1.9 6  9.8  79    0    0 365 -400  1
3797500 2746500  8  9 23  16.7 1006 313  0.7 6  9.6  78    0    0 363 -398  1
3797500 2746500  8  9 24  16.3 1007 256  0.1 6  9.5  81    0    0 362 -396  1
3797500 2746500  8 10  1  15.7 1007 286  0.9 8  9.4  82    0    0 369 -395  1
3797500 2746500  8 10  2  15.3 1007 252  1.2 5  9.4  85    0    0 363 -394  1
3797500 2746500  8 10  3  14.8 1008 255  0.7 1  9.3  86    0    0 328 -394  1
3797500 2746500  8 10  4  14.2 1008 260  0.7 1  9.0  86    0    0 308 -392  1
3797500 2746500  8 10  5  13.7 1008 264  0.7 2  8.5  85    0    0 309 -389  1
3797500 2746500  8 10  6  13.2 1008 239  0.5 2  8.2  84    6   22 311 -385  1
3797500 2746500  8 10  7  14.2 1009 240  0.9 2  8.2  83   66   72 311 -383  1
3797500 2746500  8 10  8  15.2 1009 253  1.7 3  8.3  79  125  135 316 -383  1
3797500 2746500  8 10  9  15.8 1009 251  2.1 5  8.3  75  129  213 330 -390  1
3797500 2746500  8 10 10  17.0 1009 249  2.9 6  8.2  70   77  267 342 -402  1
3797500 2746500  8 10 11  17.3 1009 285  2.3 6  7.6  62   56  288 346 -416  1
3797500 2746500  8 10 12  18.7 1009 256  1.9 5  7.1  55  210  337 344 -429  1
3797500 2746500  8 10 13  18.8 1009 250  2.7 4  7.2  53  415  282 341 -438  1
3797500 2746500  8 10 14  20.0 1009 239  2.2 3  7.4  52  423  239 337 -445  1
3797500 2746500  8 10 15  20.3 1009 246  2.7 3  7.4  50  314  256 338 -450  1
3797500 2746500  8 10 16  20.8 1008 219  2.6 3  7.2  48  385  181 338 -450  1
3797500 2746500  8 10 17  21.3 1008 217  2.0 3  7.1  45  310  139 339 -444  1
3797500 2746500  8 10 18  21.8 1007 218  2.3 2  7.3  45  210  103 338 -436  1
3797500 2746500  8 10 19  21.3 1006 214  1.0 5  7.7  48   69   74 348 -429  1
3797500 2746500  8 10 20  21.1 1006 220  1.7 6  8.1  51    3   16 364 -421  1
3797500 2746500  8 10 21  21.0 1005 212  2.4 7  8.4  53    0    0 374 -415  1
3797500 2746500  8 10 22  21.1 1005 223  3.1 7  8.5  54    0    0 380 -412  1
3797500 2746500  8 10 23  20.9 1005 218  3.8 7  8.4  54    0    0 382 -411  1
3797500 2746500  8 10 24  20.0 1004 229  3.4 8  8.7  57    0    0 387 -411  1
3797500 2746500  8 11  1  19.2 1004 181  3.3 7  9.2  64    0    0 387 -408  1
3797500 2746500  8 11  2  19.8 1003 189  2.1 8  9.2  64    0    0 388 -406  1
3797500 2746500  8 11  3  20.1 1003 180  2.5 7  9.2  62    0    0 390 -406  1
3797500 2746500  8 11  4  20.0 1002 190  2.3 8  9.2  62    0    0 392 -406  1
3797500 2746500  8 11  5  19.7 1001 191  2.5 8  9.3  64    0    0 395 -406  1
3797500 2746500  8 11  6  18.8 1001 189  3.0 8  9.7  69    0    5 394 -406  1
3797500 2746500  8 11  7  17.7 1001 180  2.4 8 10.2  76    0   25 391 -406  1
3797500 2746500  8 11  8  17.0 1001 191  2.7 8 10.4  83    0   38 388 -408  1
3797500 2746500  8 11  9  16.6 1001 208  3.1 8 10.6  87    0   56 386 -412  1
3797500 2746500  8 11 10  16.1 1001 209  3.1 7 10.7  90    0  113 382 -417  1
3797500 2746500  8 11 11  16.7 1001 210  3.2 7 10.8  91    2  226 380 -416  1
3797500 2746500  8 11 12  17.1 1001 207  3.8 7 10.8  88    0  190 382 -412  1
3797500 2746500  8 11 13  17.7 1001 218  3.6 8 10.6  84    1  232 387 -409  1
3797500 2746500  8 11 14  17.6 1001 239  3.3 7 10.5  82    4  244 388 -409  1
3797500 2746500  8 11 15  18.3 1000 220  4.0 8 10.4  80    0  156 389 -413  1
3797500 2746500  8 11 16  18.5 1000 230  3.1 8 10.7  80    0   93 393 -420  1
3797500 2746500  8 11 17  19.3 1000 234  4.3 6 11.0  79   16  198 388 -430  1
3797500 2746500  8 11 18  19.6 1000 236  4.0 5 11.0  76   64  181 380 -433  1
3797500 2746500  8 11 19  19.3 1000 217  2.9 6 10.8  75   15   84 377 -429  1
3797500 2746500  8 11 20  19.3 1000 217  2.8 6 10.8  75    0   12 378 -423  1
3797500 2746500  8 11 21  19.2 1000 212  2.5 6 10.8  76    0    0 376 -415  1
3797500 2746500  8 11 22  19.0 1000 212  2.4 6 10.9  77    0    0 371 -410  1
3797500 2746500  8 11 23  19.6 1000 193  2.4 5 10.6  74    0    0 366 -406  1
3797500 2746500  8 11 24  20.3 1000 168  2.6 4 10.2  68    0    0 367 -403  1
3797500 2746500  8 12  1  21.4 1014 137  2.6 2  9.7  61    0    0 339 -430  1
3797500 2746500  8 12  2  22.1 1014 110  2.5 1  9.2  55    0    0 335 -426  1
3797500 2746500  8 12  3  22.5 1014  89  2.6 0  8.7  50    0    0 331 -423  1
3797500 2746500  8 12  4  22.2 1014  91  2.6 0  8.6  51    0    0 328 -420  1
3797500 2746500  8 12  5  22.5 1015  99  2.7 0  8.6  51    0    0 325 -416  1
3797500 2746500  8 12  6  22.0 1015 111  3.5 1  8.4  51    1   14 328 -413  1
3797500 2746500  8 12  7  22.8 1015 114  1.5 1  8.5  50   50   74 333 -413  1
3797500 2746500  8 12  8  24.3 1015 111  3.8 0  8.8  48  164  114 338 -421  1
3797500 2746500  8 12  9  26.0 1015 100  3.6 1  9.0  45  291  140 348 -437  1
3797500 2746500  8 12 10  27.9 1015 137  3.5 2  9.2  41  409  157 360 -456  1
3797500 2746500  8 12 11  28.7 1015 134  3.2 2  9.1  38  512  166 369 -478  1
3797500 2746500  8 12 12  29.8 1015 141  3.4 2  8.8  35  606  152 374 -498  1
3797500 2746500  8 12 13  30.0 1015 177  2.4 2  8.7  33  655  137 378 -513  1
3797500 2746500  8 12 14  30.9 1015 155  2.2 2  8.4  31  632  136 380 -523  1
3797500 2746500  8 12 15  31.1 1015 188  2.9 1  8.2  29  572  130 381 -528  1
3797500 2746500  8 12 16  31.2 1014 199  1.9 1  7.8  28  476  120 379 -526  1
3797500 2746500  8 12 17  31.3 1014 125  1.6 3  7.4  26  353  108 378 -519  1
3797500 2746500  8 12 18  31.2 1014 142  2.3 3  7.0  25  222   90 378 -509  1
3797500 2746500  8 12 19  30.2 1014 208  1.8 3  7.0  25   99   66 374 -495  1
3797500 2746500  8 12 20  27.7 1014  81  1.3 4  7.8  31   16   24 370 -481  1
3797500 2746500  8 12 21  24.5 1014  17  0.3 3  8.6  41    0    0 360 -467  1
3797500 2746500  8 12 22  24.1 1014  42  0.2 2  8.7  46    0    0 352 -455  1
3797500 2746500  8 12 23  22.7 1014  68  0.8 1  8.7  48    0    0 346 -447  1
3797500 2746500  8 12 24  22.3 1014 103  1.1 1  8.7  51    0    0 341 -442  1
3797500 2746500  8 13  1  21.9 1014  93  1.6 1  8.6  52    0    0 339 -437  1
3797500 2746500  8 13  2  20.9 1014 116  1.9 2  8.6  54    0    0 336 -431  1
3797500 2746500  8 13  3  19.8 1014 143  0.8 1  8.4  56    0    0 331 -426  1
3797500 2746500  8 13  4  20.4 1014 118  2.4 0  8.0  54    0    0 328 -422  1
3797500 2746500  8 13  5  20.5 1014 124  1.2 3  8.0  53    0    0 331 -418  1
3797500 2746500  8 13  6  22.3 1014 144  2.8 4  8.1  51    0    8 338 -415  1
3797500 2746500  8 13  7  22.2 1014 147  1.3 3  8.4  50   33   76 341 -415  1
3797500 2746500  8 13  8  24.0 1014 124  2.9 2  9.1  51  124  134 341 -424  1
3797500 2746500  8 13  9  26.3 1014 100  2.6 2  9.4  47  243  169 347 -440  1
3797500 2746500  8 13 10  28.0 1014 144  1.7 2  9.2  41  373  184 356 -461  1
3797500 2746500  8 13 11  29.0 1014 156  1.8 3  9.1  37  457  205 363 -483  1
3797500 2746500  8 13 12  30.8 1014 173  2.0 3  8.4  32  538  203 369 -504  1
3797500 2746500  8 13 13  31.0 1013 190  2.3 2  7.2  26  582  192 372 -521  1
3797500 2746500  8 13 14  32.3 1013 179  3.0 3  6.9  24  557  192 376 -533  1
3797500 2746500  8 13 15  31.3 1013 201  2.5 3  7.3  25  370  252 380 -535  1
3797500 2746500  8 13 16  31.7 1012 217  2.8 3  7.1  24  426  157 378 -530  1
3797500 2746500  8 13 17  32.6 1013 272  2.1 4  6.8  23  323  130 380 -524  1
3797500 2746500  8 13 18  31.1 1013 231  2.6 4  6.7  23  204  102 380 -516  1
3797500 2746500  8 13 19  29.7 1013 176  2.2 4  7.6  28   95   70 376 -504  1
3797500 2746500  8 13 20  27.9 1013 248  1.6 6  9.1  37   11   23 377 -488  1
3797500 2746500  8 13 21  26.0 1013 195  1.4 5  9.4  42    0    0 373 -474  1
3797500 2746500  8 13 22  26.2 1013 241  2.5 3 10.3  48    0    0 367 -463  1
3797500 2746500  8 13 23  25.0 1014 262  2.4 3 11.3  55    0    0 364 -456  1
3797500 2746500  8 13 24  23.8 1014 267  1.7 2 11.5  60    0    0 357 -452  1
3797500 2746500  8 14  1  22.8 1015 239  1.8 2 11.5  64    0    0 352 -448  1
3797500 2746500  8 14  2  21.8 1015 240  2.4 2 11.6  69    0    0 348 -444  1
3797500 2746500  8 14  3  20.7 1015 243  1.1 1 11.4  72    0    0 344 -441  1
3797500 2746500  8 14  4  20.2 1015 244  2.4 1 11.3  75    0    0 340 -439  1
3797500 2746500  8 14  5  19.7 1016 217  2.1 2 11.4  78    0    0 339 -437  1
3797500 2746500  8 14  6  19.5 1015 207  2.1 2 11.3  79    0    9 338 -434  1
3797500 2746500  8 14  7  19.9 1015 219  2.7 2 11.4  80   15   72 337 -434  1
3797500 2746500  8 14  8  20.3 1015 241  4.0 1 11.4  77  122  134 336 -439  1
3797500 2746500  8 14  9  21.0 1015 220  4.0 1 10.9  71  263  159 335 -450  1
3797500 2746500  8 14 10  22.4 1015 240  4.4 2 11.0  68  379  181 342 -464  1
3797500 2746500  8 14 11  22.7 1015 240  5.7 3 11.6  68  295  288 352 -481  1
3797500 2746500  8 14 12  22.9 1015 258  5.1 4 11.7  67  314  317 359 -498  1
3797500 2746500  8 14 13  23.5 1015 268  4.4 4 11.7  66  283  340 366 -513  1
3797500 2746500  8 14 14  24.7 1015 263  4.3 4 11.7  62  253  337 371 -524  1
3797500 2746500  8 14 15  25.3 1014 253  3.7 4 11.4  57  222  308 375 -529  1
3797500 2746500  8 14 16  26.3 1014 262  3.7 5 11.0  53  144  267 379 -528  1
3797500 2746500  8 14 17  25.3 1013 305  3.6 4 10.9  52   96  206 379 -521  1
3797500 2746500  8 14 18  24.6 1013 266  3.4 4 11.0  56   81  137 376 -511  1
3797500 2746500  8 14 19  24.4 1013 315  4.1 4 11.1  57   34   71 374 -499  1
3797500 2746500  8 14 20  23.1 1013 308  2.1 2 11.2  61    3   18 370 -486  1
3797500 2746500  8 14 21  21.8 1013 324  1.1 2 11.0  64    0    0 361 -474  1
3797500 2746500  8 14 22  20.3 1014 323  1.4 1 10.8  69    0    0 354 -465  1
3797500 2746500  8 14 23  19.4 1014 313  1.4 1 10.6  73    0    0 348 -459  1
3797500 2746500  8 14 24  19.2 1014 314  0.0 1 10.3  74    0    0 345 -454  1
3797500 2746500  8 15  1  18.9 1015 283  0.5 2 10.5  76    0    0 346 -450  1
3797500 2746500  8 15  2  17.9 1015 243  1.0 2 10.6  80    0    0 346 -446  1
3797500 2746500  8 15  3  18.1 1015 226  1.3 3 10.9  84    0    0 345 -443  1
3797500 2746500  8 15  4  18.6 1014 238  1.2 4 11.0  84    0    0 350 -440  1
3797500 2746500  8 15  5  17.8 1014 207  1.3 6 10.7  82    0    0 356 -438  1
3797500 2746500  8 15  6  17.8 1014 212  1.4 8 10.7  83    0    6 368 -435  1
3797500 2746500  8 15  7  18.1 1014 228  1.1 7 10.9  85    0   43 372 -434  1
3797500 2746500  8 15  8  18.7 1015 222  1.7 7 11.2  84    2  112 369 -438  1
3797500 2746500  8 15  9  19.0 1015 236  1.9 7 11.3  83    6  183 370 -447  1
3797500 2746500  8 15 10  19.9 1015 227  2.5 6 11.3  80   30  281 370 -458  1
3797500 2746500  8 15 11  21.6 1015 252  3.3 5 11.1  73  140  370 367 -469  1
3797500 2746500  8 15 12  22.9 1015 253  2.5 4 10.9  65  151  404 367 -477  1
3797500 2746500  8 15 13  23.8 1015 280  2.2 5 10.7  59  122  406 373 -484  1
3797500 2746500  8 15 14  24.3 1015 300  2.7 5 10.4  56  112  387 380 -488  1
3797500 2746500  8 15 15  24.2 1014 299  2.4 5 10.3  54   65  328 381 -490  1
3797500 2746500  8 15 16  23.9 1014   1  2.8 6 10.4  55   17  224 383 -491  1
3797500 2746500  8 15 17  23.6 1014   0  1.4 7 10.6  57    5  157 390 -493  1
3797500 2746500  8 15 18  23.8 1014 334  1.2 6 10.5  57   15  129 387 -492  1
3797500 2746500  8 15 19  23.3 1014 337  1.4 7 10.6  58   10   68 386 -483  1
3797500 2746500  8 15 20  23.1 1014  38  1.0 6 10.9  61    1   14 385 -470  1
3797500 2746500  8 15 21  21.7 1014  57  0.7 5 10.9  64    0    0 375 -457  1
3797500 2746500  8 15 22  20.6 1014  37  0.9 3 10.8  69    0    0 358 -446  1
3797500 2746500  8 15 23  20.0 1015  49  0.8 2 11.0  74    0    0 345 -438  1
3797500 2746500  8 15 24  19.6 1015  75  0.1 0 11.0  76    0    0 331 -431  1
3797500 2746500  8 16  1  18.9 1015  68  0.4 0 10.9  78    0    0 322 -425  1
3797500 2746500  8 16  2  18.2 1015  50  0.1 0 10.8  81    0    0 322 -419  1
3797500 2746500  8 16  3  17.6 1015  68  0.5 1 10.6  82    0    0 324 -415  1
3797500 2746500  8 16  4  17.3 1015  60  0.7 1 10.7  86    0    0 327 -410  1
3797500 2746500  8 16  5  17.4 1015  50  0.7 2 10.8  87    0    0 331 -406  1
3797500 2746500  8 16  6  16.5 1015  50  1.1 3 10.7  89    0   11 337 -403  1
3797500 2746500  8 16  7  16.6 1015  49  1.2 2 11.0  93   28   68 336 -402  1
3797500 2746500  8 16  8  18.9 1015  79  1.4 3 11.6  91  111  129 340 -407  1
3797500 2746500  8 16  9  20.6 1015  76  2.2 3 12.1  84  254  153 353 -418  1
3797500 2746500  8 16 10  22.3 1015  96  1.6 4 12.0  75  252  236 366 -432  1
3797500 2746500  8 16 11  23.4 1015  18  0.7 6 11.7  67  132  321 385 -449  1
3797500 2746500  8 16 12  23.7 1015  51  1.0 6 11.5  63   90  346 396 -464  1
3797500 2746500  8 16 13  24.7 1014  86  1.0 5 11.3  60  194  352 395 -478  1
3797500 2746500  8 16 14  25.6 1014 127  1.0 5 10.9  54  196  336 393 -488  1
3797500 2746500  8 16 15  25.9 1014  82  2.2 4 10.4  50  211  297 389 -494  1
3797500 2746500  8 16 16  26.3 1013   3  0.5 4 10.3  49  200  245 385 -495  1
3797500 2746500  8 16 17  26.1 1013  52  2.4 4 10.8  50  157  188 384 -490  1
3797500 2746500  8 16 18  25.8 1012  59  2.4 2 10.8  51  162  105 376 -482  1
3797500 2746500  8 16 19  25.3 1012  55  2.7 2 10.8  53   61   64 366 -472  1
3797500 2746500  8 16 20  24.4 1012  48  2.8 3 10.9  55    8   18 366 -460  1
3797500 2746500  8 16 21  23.3 1012  51  2.5 2 10.9  59    0    0 363 -451  1
3797500 2746500  8 16 22  22.6 1012  45  2.6 2 10.9  62    0    0 355 -446  1
3797500 2746500  8 16 23  20.7 1013  52  2.0 1 11.0  68    0    0 348 -442  1
3797500 2746500  8 16 24  21.6 1013  80  2.6 1 11.1  70    0    0 344 -437  1
3797500 2746500  8 17  1  21.1 1013 100  0.6 2 11.1  70    0    0 347 -432  1
3797500 2746500  8 17  2  20.5 1013 111  0.9 2 11.0  71    0    0 348 -428  1
3797500 2746500  8 17  3  19.8 1012  58  1.0 2 10.8  73    0    0 345 -426  1
3797500 2746500  8 17  4  18.6 1012  35  0.7 1 10.7  76    0    0 338 -423  1
3797500 2746500  8 17  5  18.0 1012  29  1.6 2 10.6  81    0    0 335 -420  1
3797500 2746500  8 17  6  17.9 1012  46  0.8 2 10.7  83    0    8 337 -418  1
3797500 2746500  8 17  7  18.5 1012  73  1.9 2 10.7  82   10   71 336 -419  1
3797500 2746500  8 17  8  20.5 1012 354  1.1 2 11.2  78   54  155 340 -426  1
3797500 2746500  8 17  9  23.3 1012 183  0.9 2 11.8  71  165  219 348 -437  1
3797500 2746500  8 17 10  25.2 1012 244  1.0 1 12.0  63  275  257 353 -453  1
3797500 2746500  8 17 11  26.4 1012 296  0.9 2 11.5  55  299  313 359 -472  1
3797500 2746500  8 17 12  27.2 1012  55  2.3 3 10.9  49  198  379 372 -488  1
3797500 2746500  8 17 13  27.7 1012  48  1.4 5 10.7  47  122  387 384 -504  1
3797500 2746500  8 17 14  28.5 1012   5  1.4 5 10.6  44  169  376 390 -517  1
3797500 2746500  8 17 15  27.9 1011  62  1.0 4 10.3  43   97  330 386 -505  1
3797500 2746500  8 17 16  27.7 1011  71  2.2 5 10.2  44   27  236 381 -494  1
3797500 2746500  8 17 17  26.7 1011  44  0.1 4 10.6  47   73  214 378 -498  1
3797500 2746500  8 17 18  21.2 1011  70  2.5 5 11.0  59   27  135 365 -490  1
3797500 2746500  8 17 19  22.4 1011  84  1.4 6 11.8  72    4   54 364 -482  1
3797500 2746500  8 17 20  23.0 1011 276  1.0 6 12.1  70    0    8 371 -472  1
3797500 2746500  8 17 21  21.4 1011 103  1.6 4 11.6  69    0    0 363 -462  1
3797500 2746500  8 17 22  21.8 1012  49  0.6 3 11.6  72    0    0 352 -457  1
3797500 2746500  8 17 23  21.4 1012  97  1.9 2 11.4  70    0    0 345 -455  1
3797500 2746500  8 17 24  20.7 1012  62  0.2 2 10.9  69    0    0 336 -452  1
3797500 2746500  8 18  1  19.6 1012  28  0.8 0 10.7  72    0    0 324 -447  1
3797500 2746500  8 18  2  19.9 1012 111  1.7 0 10.6  73    0    0 312 -442  1
3797500 2746500  8 18  3  19.4 1012 144  0.8 0 10.3  72    0    0 309 -438  1
3797500 2746500  8 18  4  18.8 1012  79  1.2 0 10.1  72    0    0 305 -433  1
3797500 2746500  8 18  5  17.9 1012  42  0.9 0  9.9  75    0    0 300 -430  1
3797500 2746500  8 18  6  18.2 1012  26  1.6 0  9.7  75    0    6 296 -427  1
3797500 2746500  8 18  7  18.4 1012  80  1.7 0  9.8  74   22   69 294 -426  1
3797500 2746500  8 18  8  20.3 1012  75  1.6 0 10.4  74  108  133 296 -431  1
3797500 2746500  8 18  9  23.0 1012  70  1.1 0 11.0  68  231  170 303 -445  1
3797500 2746500  8 18 10  25.1 1012  34  1.3 0 11.2  59  352  190 313 -462  1
3797500 2746500  8 18 11  25.8 1012  34  2.5 0  9.9  48  469  190 318 -479  1
3797500 2746500  8 18 12  26.9 1012  76  3.0 1  8.5  40  548  185 327 -496  1
3797500 2746500  8 18 13  27.8 1012  78  3.0 1  8.2  36  593  172 337 -511  1
3797500 2746500  8 18 14  27.8 1011  56  3.4 1  7.9  34  580  165 341 -517  1
3797500 2746500  8 18 15  28.2 1011  53  3.4 1  7.2  30  534  152 341 -516  1
3797500 2746500  8 18 16  28.4 1011  63  3.5 1  6.6  28  453  135 342 -515  1
3797500 2746500  8 18 17  28.4 1011  58  3.8 1  6.3  26  331  120 343 -513  1
3797500 2746500  8 18 18  28.3 1011  73  3.3 1  6.2  26  203   97 343 -502  1
3797500 2746500  8 18 19  27.5 1011  59  2.9 1  6.4  27   77   65 343 -488  1
3797500 2746500  8 18 20  26.0 1011  63  1.9 1  6.9  31    7   19 341 -473  1
3797500 2746500  8 18 21  23.8 1011  31  1.2 1  7.1  36    0    0 338 -459  1
3797500 2746500  8 18 22  21.8 1012  65  2.5 1  7.3  42    0    0 332 -447  1
3797500 2746500  8 18 23  22.4 1012  72  2.0 0  7.3  44    0    0 330 -437  1
3797500 2746500  8 18 24  20.2 1012  75  2.0 1  7.1  45    0    0 328 -430  1
3797500 2746500  8 19  1  19.5 1012  88  2.1 2  7.1  49    0    0 327 -425  1
3797500 2746500  8 19  2  19.4 1012  40  2.1 2  7.3  52    0    0 327 -421  1
3797500 2746500  8 19  3  18.2 1012  67  3.1 2  7.5  56    0    0 326 -417  1
3797500 2746500  8 19  4  17.5 1012  13  1.2 1  7.7  60    0    0 320 -414  1
3797500 2746500  8 19  5  17.0 1012  41  1.5 1  7.9  64    0    0 316 -410  1
3797500 2746500  8 19  6  16.6 1012  40  1.2 1  7.9  66    0    7 313 -408  1
3797500 2746500  8 19  7  17.4 1012  42  1.6 1  8.1  67   34   70 313 -408  1
3797500 2746500  8 19  8  20.1 1012  72  2.4 1  8.5  62  129  126 318 -414  1
3797500 2746500  8 19  9  22.0 1012  51  3.4 1  8.9  57  258  156 327 -428  1
3797500 2746500  8 19 10  21.2 1012  47  3.1 2  9.1  56  243  242 330 -448  1
3797500 2746500  8 19 11  23.3 1012  45  6.1 2  9.3  55  381  240 334 -469  1
3797500 2746500  8 19 12  23.2 1012  36  5.3 1  9.7  54  474  230 339 -489  1
3797500 2746500  8 19 13  22.5 1012  61  6.5 2 10.0  57  495  231 340 -505  1
3797500 2746500  8 19 14  22.7 1012  32  5.6 2 10.1  58  406  264 341 -514  1
3797500 2746500  8 19 15  23.1 1012  71  5.6 3 10.0  57  288  278 343 -515  1
3797500 2746500  8 19 16  23.4 1012  59  4.8 4 10.1  56  165  256 345 -511  1
3797500 2746500  8 19 17  23.0 1011  67  4.9 6 10.2  57   88  197 348 -505  1
3797500 2746500  8 19 18  22.3 1011  72  4.4 7 10.1  59    7  104 350 -496  1
3797500 2746500  8 19 19  21.8 1011  70  3.1 8 10.1  61    0   29 350 -485  1
3797500 2746500  8 19 20  21.5 1011  74  2.8 6 10.1  62    0    7 348 -470  1
3797500 2746500  8 19 21  21.1 1012  53  2.6 5 10.2  64    0    0 342 -456  1
3797500 2746500  8 19 22  20.3 1012  43  2.1 2 10.1  66    0    0 332 -445  1
3797500 2746500  8 19 23  19.6 1012  41  2.6 2 10.0  68    0    0 324 -437  1
3797500 2746500  8 19 24  19.0 1012  53  2.2 2 10.0  71    0    0 321 -431  1
3797500 2746500  8 20  1  18.6 1012  55  2.2 4 10.2  75    0    0 323 -426  1
3797500 2746500  8 20  2  18.1 1012  59  1.7 3 10.3  78    0    0 323 -422  1
3797500 2746500  8 20  3  18.0 1011  39  1.5 4 10.4  80    0    0 322 -417  1
3797500 2746500  8 20  4  17.8 1011  47  1.8 6 10.4  81    0    0 328 -413  1
3797500 2746500  8 20  5  17.6 1011  49  0.8 6 10.4  82    0    0 331 -409  1
3797500 2746500  8 20  6  17.2 1011  59  0.9 5 10.4  83    0    8 329 -407  1
3797500 2746500  8 20  7  16.9 1011 114  0.5 4 10.4  85   77   41 322 -406  1
3797500 2746500  8 20  8  18.1 1011  66  0.5 2 10.7  85  219   45 316 -413  1
3797500 2746500  8 20  9  19.9 1011 181  0.7 4 11.2  81  132  168 322 -428  1
3797500 2746500  8 20 10  20.0 1011 190  1.4 6 11.2  76   57  243 334 -448  1
3797500 2746500  8 20 11  21.9 1011  79  1.2 4 11.4  73  268  228 341 -470  1
3797500 2746500  8 20 12  22.5 1011 131  0.9 7 11.6  69    1  216 350 -491  1
3797500 2746500  8 20 13  22.7 1011 173  1.2 8 11.5  66   31  290 364 -507  1
3797500 2746500  8 20 14  23.9 1011 176  1.8 6 11.4  63   60  295 366 -514  1
3797500 2746500  8 20 15  24.5 1011 204  0.8 8 11.2  59    0  151 371 -513  1
3797500 2746500  8 20 16  24.0 1010 233  1.5 8 11.5  60   13  189 377 -511  1
3797500 2746500  8 20 17  24.4 1010 263  1.1 7 11.5  61  106  160 376 -506  1
3797500 2746500  8 20 18  24.4 1010 350  1.9 8 11.2  58    0   73 376 -496  1
3797500 2746500  8 20 19  24.5 1010 107  2.2 8 11.3  58    0   19 379 -482  1
3797500 2746500  8 20 20  23.4 1010  58  1.1 6 11.4  61    0    6 372 -466  1
3797500 2746500  8 20 21  22.2 1011 117  0.5 6 11.5  66    0    0 362 -452  1
3797500 2746500  8 20 22  21.6 1011 102  0.5 5 11.5  70    0    0 356 -441  1
3797500 2746500  8 20 23  21.0 1011 106  1.3 4 11.5  72    0    0 348 -434  1
3797500 2746500  8 20 24  20.6 1011 186  0.1 3 11.3  73    0    0 340 -429  1
3797500 2746500  8 21  1  20.1 1011  41  1.2 2 11.2  74    0    0 333 -424  1
3797500 2746500  8 21  2  18.9 1011 147  1.3 2 11.2  78    0    0 327 -419  1
3797500 2746500  8 21  3  18.4 1011 146  1.0 2 11.0  82    0    0 323 -415  1
3797500 2746500  8 21  4  18.2 1011   3  0.2 0 10.9  82    0    0 317 -412  1
3797500 2746500  8 21  5  19.0 1011 181  1.8 0 10.6  78    0    0 313 -409  1
3797500 2746500  8 21  6  19.0 1011 187  1.0 0 10.2  74    0    3 313 -405  1
3797500 2746500  8 21  7  18.8 1012 188  1.2 0 10.2  75   11   64 312 -404  1
3797500 2746500  8 21  8  20.4 1012 219  1.2 0 10.6  74   74  139 313 -409  1
3797500 2746500  8 21  9  22.2 1012 116  1.4 0 10.8  68  177  192 319 -424  1
3797500 2746500  8 21 10  23.6 1012 264  1.7 0 11.1  63  289  222 326 -444  1
3797500 2746500  8 21 11  25.0 1012 233  1.3 0 11.9  62  394  235 334 -467  1
3797500 2746500  8 21 12  26.0 1012 271  0.8 0 11.7  57  471  233 340 -487  1
3797500 2746500  8 21 13  27.1 1012 321  2.4 0 11.1  51  464  251 345 -501  1
3797500 2746500  8 21 14  27.8 1011 260  1.0 1 10.8  47  410  263 351 -506  1
3797500 2746500  8 21 15  28.0 1011 225  2.2 2 10.8  46  358  246 358 -507  1
3797500 2746500  8 21 16  28.4 1011 214  2.1 2 11.0  46  341  187 362 -504  1
3797500 2746500  8 21 17  28.4 1011 203  1.7 1 10.8  44  257  146 359 -497  1
3797500 2746500  8 21 18  28.5 1011 247  1.9 1 10.3  42  143  110 356 -489  1
3797500 2746500  8 21 19  27.9 1011 219  1.3 1 10.1  42   48   62 353 -476  1
3797500 2746500  8 21 20  25.7 1011 229  1.0 2 10.4  47    2   13 352 -461  1
3797500 2746500  8 21 21  24.2 1011 199  1.3 3 10.6  53    0    0 351 -448  1
3797500 2746500  8 21 22  22.9 1012 150  1.6 2 10.6  58    0    0 345 -438  1
3797500 2746500  8 21 23  23.3 1012 155  1.4 2 10.9  61    0    0 340 -431  1
3797500 2746500  8 21 24  22.3 1012 150  1.6 4 10.6  61    0    0 341 -425  1
3797500 2746500  8 22  1  22.6 1012 163  1.8 4 10.4  61    0    0 341 -421  1
3797500 2746500  8 22  2  22.4 1012 156  1.6 4 10.5  61    0    0 338 -417  1
3797500 2746500  8 22  3  23.0 1012 168  1.9 5 10.6  61    0    0 338 -413  1
3797500 2746500  8 22  4  23.2 1012 164  1.7 7 10.8  61    0    0 343 -412  1
3797500 2746500  8 22  5  22.9 1012 206  3.0 7 10.9  62    0    0 345 -410  1
3797500 2746500  8 22  6  22.4 1012 173  2.4 7 10.9  63    0    2 343 -407  1
3797500 2746500  8 22  7  21.0 1012 162  2.7 7 11.3  69    0   10 340 -406  1
3797500 2746500  8 22  8  20.2 1012 151  2.8 8 12.0  79    0   62 336 -412  1
3797500 2746500  8 22  9  20.4 1013 198  2.5 6 12.4  82    3  147 334 -428  1
3797500 2746500  8 22 10  20.3 1013 215  2.5 8 12.5  83    0  102 335 -450  1
3797500 2746500  8 22 11  19.8 1013 205  3.0 8 12.8  87    0   61 338 -470  1
3797500 2746500  8 22 12  20.5 1013 228  2.9 8 13.5  91    0  110 345 -487  1
3797500 2746500  8 22 13  21.3 1014 228  3.2 7 14.2  91    2  235 351 -500  1
3797500 2746500  8 22 14  21.8 1014 251  4.2 6 13.4  82    6  247 353 -509  1
3797500 2746500  8 22 15  21.0 1014 271  4.4 8 12.2  76    0  136 356 -515  1
3797500 2746500  8 22 16  20.3 1014 286  2.9 8 12.1  79    0   84 358 -514  1
3797500 2746500  8 22 17  21.0 1013 183  1.3 8 12.5  81    0   68 359 -509  1
3797500 2746500  8 22 18  21.4 1013 198  1.3 8 13.0  82    0   84 362 -498  1
3797500 2746500  8 22 19  21.4 1013 205  0.4 8 13.3  82    5   50 363 -485  1
3797500 2746500  8 22 20  21.3 1013 200  2.1 8 13.2  82    2   12 363 -468  1
3797500 2746500  8 22 21  21.2 1013 217  1.7 8 13.1  82    0    0 363 -457  1
3797500 2746500  8 22 22  21.0 1013 186  0.7 8 12.9  82    0    0 363 -450  1
3797500 2746500  8 22 23  21.0 1013 192  0.6 8 13.1  84    0    0 364 -443  1
3797500 2746500  8 22 24  21.1 1013 198  0.1 7 13.4  85    0    0 364 -438  1
3797500 2746500  8 23  1  20.9 1013 185  0.7 8 13.6  87    0    0 365 -435  1
3797500 2746500  8 23  2  20.6 1013 190  0.8 8 13.9  90    0    0 368 -432  1
3797500 2746500  8 23  3  20.8 1012 152  0.4 8 14.0  91    0    0 370 -430  1
3797500 2746500  8 23  4  20.9 1012 154  0.9 5 14.1  90    0    0 367 -428  1
3797500 2746500  8 23  5  20.7 1012 181  0.7 8 14.1  91    0    0 369 -426  1
3797500 2746500  8 23  6  20.9 1011 206  1.4 8 14.2  91    0    0 377 -425  1
3797500 2746500  8 23  7  21.0 1012 197  1.4 8 14.3  91    0   15 377 -426  1
3797500 2746500  8 23  8  21.3 1011 195  2.3 8 14.6  92    1   83 379 -431  1
3797500 2746500  8 23  9  21.7 1011 212  2.3 8 14.9  92    4  148 382 -439  1
3797500 2746500  8 23 10  22.1 1011  65  2.7 8 15.0  90    7  199 385 -447  1
3797500 2746500  8 23 11  22.8 1011 228  2.8 8 14.7  86    3  209 389 -450  1
3797500 2746500  8 23 12  23.8 1011 243  2.3 7 14.7  81   25  295 392 -448  1
3797500 2746500  8 23 13  24.8 1011 212  2.7 5 14.8  77  150  348 391 -447  1
3797500 2746500  8 23 14  26.3 1011 230  2.5 3 14.9  72  362  273 390 -449  1
3797500 2746500  8 23 15  27.4 1010 225  1.7 3 15.3  68  343  240 391 -457  1
3797500 2746500  8 23 16  26.7 1010 249  1.5 6 15.0  66   47  237 399 -466  1
3797500 2746500  8 23 17  26.4 1009 200  1.0 8 14.7  67    4  139 407 -469  1
3797500 2746500  8 23 18  27.2 1009 191  1.5 4 14.6  65   50  120 402 -468  1
3797500 2746500  8 23 19  26.2 1009 141  1.3 4 14.9  67   55   57 393 -463  1
3797500 2746500  8 23 20  24.8 1008 111  0.6 5 15.0  72    4   11 391 -456  1
3797500 2746500  8 23 21  23.9 1008 108  1.5 4 14.6  76    0    0 384 -449  1
3797500 2746500  8 23 22  23.3 1008 109  1.6 2 14.3  78    0    0 374 -443  1
3797500 2746500  8 23 23  22.9 1008 120  2.0 1 14.2  79    0    0 365 -440  1
3797500 2746500  8 23 24  22.9 1008 128  2.2 0 14.1  79    0    0 359 -439  1
3797500 2746500  8 24  1  23.3 1008 153  2.1 2 13.9  78    0    0 362 -438  1
3797500 2746500  8 24  2  23.2 1008 152  2.0 1 13.7  76    0    0 364 -437  1
3797500 2746500  8 24  3  23.3 1008 166  2.3 1 13.5  75    0    0 362 -434  1
3797500 2746500  8 24  4  23.1 1007 154  3.7 1 13.3  74    0    0 361 -431  1
3797500 2746500  8 24  5  23.0 1007 156  4.2 3 13.0  73    0    0 364 -428  1
3797500 2746500  8 24  6  22.7 1007 176  3.3 5 12.8  73    0    2 375 -426  1
3797500 2746500  8 24  7  23.1 1007 165  2.7 5 12.9  73    0   16 380 -425  1
3797500 2746500  8 24  8  23.0 1007 112  1.6 7 13.4  75    7  108 387 -428  1
3797500 2746500  8 24  9  23.2 1008 142  3.0 6 14.2  79    9  164 392 -441  1
3797500 2746500  8 24 10  23.2 1008 183  4.6 3 14.3  80  120  267 382 -460  1
3797500 2746500  8 24 11  25.6 1008 197  3.8 2 14.2  74  373  239 377 -481  1
3797500 2746500  8 24 12  28.0 1007 204  5.0 2 13.9  62  503  209 386 -501  1
3797500 2746500  8 24 13  28.9 1007 190  4.1 1 13.7  56  565  185 393 -516  1
3797500 2746500  8 24 14  29.9 1007 261  3.0 1 14.0  54  560  172 397 -524  1
3797500 2746500  8 24 15  30.6 1006 320  4.1 2 14.1  52  489  169 403 -526  1
3797500 2746500  8 24 16  30.6 1006 278  3.1 2 13.9  50  379  162 406 -522  1
3797500 2746500  8 24 17  31.0 1006 228  2.5 1 13.5  48  230  151 402 -516  1
3797500 2746500  8 24 18  30.5 1005 189  2.1 3 13.4  48   82  115 402 -508  1
3797500 2746500  8 24 19  28.4 1005 150  3.6 3 13.4  51   28   54 402 -496  1
3797500 2746500  8 24 20  27.2 1005 198  1.5 4 13.3  56    0   10 398 -484  1
3797500 2746500  8 24 21  26.5 1006 153  2.1 3 13.4  60    0    0 394 -473  1
3797500 2746500  8 24 22  25.1 1006 133  2.1 2 13.4  64    0    0 382 -467  1
3797500 2746500  8 24 23  24.4 1005 122  2.8 1 13.4  68    0    0 371 -463  1
3797500 2746500  8 24 24  24.3 1005 122  3.3 2 13.3  69    0    0 369 -457  1
3797500 2746500  8 25  1  24.4 1005 141  3.5 2 13.1  68    0    0 370 -455  1
3797500 2746500  8 25  2  24.0 1005 145  3.2 3 12.7  66    0    0 370 -453  1
3797500 2746500  8 25  3  23.3 1004  99  1.8 4 12.7  69    0    0 373 -450  1
3797500 2746500  8 25  4  22.7 1004 124  1.0 5 13.2  74    0    0 379 -447  1
3797500 2746500  8 25  5  22.4 1004 132  0.2 6 13.3  76    0    0 384 -445  1
3797500 2746500  8 25  6  22.6 1004  36  0.3 4 12.9  74    0    1 380 -443  1
3797500 2746500  8 25  7  22.5 1004 140  1.2 3 12.7  73   10   56 366 -444  1
3797500 2746500  8 25  8  24.4 1004 193  1.7 2 13.1  72   58  131 359 -447  1
3797500 2746500  8 25  9  25.7 1003 143  3.4 2 13.4  66  189  176 360 -450  1
3797500 2746500  8 25 10  27.9 1003 159  4.0 1 13.6  60  298  209 365 -458  1
3797500 2746500  8 25 11  29.1 1003 160  3.5 0 13.6  55  400  222 366 -472  1
3797500 2746500  8 25 12  30.9 1002 161  5.0 0 13.0  48  486  214 370 -488  1
3797500 2746500  8 25 13  31.4 1002 169  4.8 0 12.3  43  527  206 378 -496  1
3797500 2746500  8 25 14  32.4 1002 161  4.9 1 11.8  39  520  194 386 -496  1
3797500 2746500  8 25 15  32.6 1001 160  5.5 1 11.4  37  473  177 391 -496  1
3797500 2746500  8 25 16  32.6 1001 155  4.4 0 11.0  35  381  160 383 -494  1
3797500 2746500  8 25 17  32.2 1000 139  4.5 1 10.9  35  257  140 377 -488  1
3797500 2746500  8 25 18  31.0  999 145  4.0 1 10.7  36  144  104 374 -482  1
3797500 2746500  8 25 19  29.1  999 322  2.8 6 10.6  39   47   56 384 -473  1
3797500 2746500  8 25 20  24.6  999 314  2.4 6 11.6  52    2   10 395 -463  1
3797500 2746500  8 25 21  22.1 1000  39  2.4 7 13.1  72    0    0 389 -454  1
3797500 2746500  8 25 22  22.0 1001 108  0.6 8 13.7  81    0    0 394 -449  1
3797500 2746500  8 25 23  21.9 1001 221  1.8 7 13.7  82    0    0 394 -446  1
3797500 2746500  8 25 24  21.3 1002 204  1.8 0 13.7  83    0    0 355 -442  1
3797500 2746500  8 26  1  21.5 1002 274  1.8 2 13.7  84    0    0 327 -438  1
3797500 2746500  8 26  2  20.8 1002 266  2.4 4 13.5  84    0    0 346 -433  1
3797500 2746500  8 26  3  20.8 1002 256  2.7 5 13.1  84    0    0 359 -428  1
3797500 2746500  8 26  4  20.5 1003 264  1.9 6 12.9  83    0    0 367 -424  1
3797500 2746500  8 26  5  20.2 1003 283  1.7 7 12.7  83    0    0 376 -422  1
3797500 2746500  8 26  6  19.7 1003 332  1.4 7 12.5  84    0    0 380 -419  1
3797500 2746500  8 26  7  19.9 1003  27  0.7 8 12.4  84    0   16 384 -419  1
3797500 2746500  8 26  8  20.2 1004 302  1.6 7 12.6  84    0   52 383 -422  1
3797500 2746500  8 26  9  20.4 1004 306  2.0 7 12.6  83    0  122 377 -430  1
3797500 2746500  8 26 10  20.7 1004   2  1.2 6 12.2  80    5  212 371 -440  1
3797500 2746500  8 26 11  21.6 1004 291  1.1 5 12.1  76   16  285 363 -451  1
3797500 2746500  8 26 12  20.8 1004 269  2.7 7 12.3  77    0  210 371 -455  1
3797500 2746500  8 26 13  21.1 1004 281  2.8 7 12.5  79    0  169 383 -456  1
3797500 2746500  8 26 14  20.8 1004 280  2.3 7 12.4  79    0  163 384 -468  1
3797500 2746500  8 26 15  20.8 1004 299  1.4 7 12.1  78    0  130 382 -481  1
3797500 2746500  8 26 16  20.9 1004 326  1.6 7 12.1  77    0  119 381 -484  1
3797500 2746500  8 26 17  21.0 1004 310  1.4 7 11.8  75    0  118 381 -478  1
3797500 2746500  8 26 18  20.9 1004 328  0.9 7 11.3  72    0   79 381 -471  1
3797500 2746500  8 26 19  20.7 1004 306  0.7 8 11.5  74    0   27 387 -463  1
3797500 2746500  8 26 20  20.5 1004   9  0.5 7 11.8  77    0    3 388 -455  1
3797500 2746500  8 26 21  20.2 1004  90  0.0 6 11.8  78    0    0 380 -450  1
3797500 2746500  8 26 22  19.7 1004  10  0.0 6 11.9  80    0    0 376 -447  1
3797500 2746500  8 26 23  19.3 1003  25  0.2 6 12.0  83    0    0 374 -446  1
3797500 2746500  8 26 24  19.1 1003 175  0.1 3 12.0  85    0    0 363 -438  1
3797500 2746500  8 27  1  18.6 1003 198  0.2 3 12.0  86    0    0 351 -430  1
3797500 2746500  8 27  2  18.0 1003 175  0.5 3 11.7  88    0    0 351 -431  1
3797500 2746500  8 27  3  17.6 1002 185  0.0 2 11.4  88    0    0 347 -433  1
3797500 2746500  8 27  4  16.7 1002 151  0.8 1 11.3  91    0    0 336 -434  1
3797500 2746500  8 27  5  16.9 1002 126  0.7 3 11.1  91    0    0 336 -435  1
3797500 2746500  8 27  6  17.7 1001 163  1.2 2 11.2  90    0    0 342 -435  1
3797500 2746500  8 27  7  17.9 1001 167  3.0 5 11.8  91    3   46 352 -436  1
3797500 2746500  8 27  8  19.2 1001 154  4.6 3 12.1  89   59  126 359 -438  1
3797500 2746500  8 27  9  20.4 1001 173  3.7 3 12.3  84  159  180 363 -443  1
3797500 2746500  8 27 10  21.7 1001 170  3.0 5 12.5  78  188  243 373 -449  1
3797500 2746500  8 27 11  22.8 1000 195  4.0 5 12.8  75  333  243 382 -459  1
3797500 2746500  8 27 12  23.3 1000 192  4.3 4 12.9  72  358  269 383 -470  1
3797500 2746500  8 27 13  24.4 1000 161  4.0 4 12.6  67  374  275 386 -480  1
3797500 2746500  8 27 14  25.2  999 147  4.0 4 12.1  61  363  264 389 -489  1
3797500 2746500  8 27 15  26.2  998 180  3.1 4 11.8  56  332  237 392 -491  1
3797500 2746500  8 27 16  26.5  998 161  3.3 4 11.6  53  231  214 393 -485  1
3797500 2746500  8 27 17  25.6  997 143  2.1 7 11.5  54    8  150 399 -475  1
3797500 2746500  8 27 18  22.6  996 316  1.7 8 12.2  64    0   30 404 -466  1
3797500 2746500  8 27 19  19.2  996 205  1.3 7 12.5  79    0   14 395 -460  1
3797500 2746500  8 27 20  19.6  997  98  2.5 7 12.4  86    0    3 387 -455  1
3797500 2746500  8 27 21  19.9  997 144  2.0 7 12.6  86    0    0 390 -449  1
3797500 2746500  8 27 22  20.1  997 170  2.9 5 12.6  84    0    0 384 -440  1
3797500 2746500  8 27 23  20.3  997 156  3.1 5 12.4  82    0    0 379 -434  1
3797500 2746500  8 27 24  20.7  996 153  2.0 6 12.2  79    0    0 383 -430  1
3797500 2746500  8 28  1  20.8  996 195  2.7 8 12.2  78    0    0 393 -427  1
3797500 2746500  8 28  2  20.5  996 281  3.3 8 12.2  78    0    0 398 -426  1
3797500 2746500  8 28  3  19.5  996 226  3.8 8 12.0  80    0    0 396 -425  1
3797500 2746500  8 28  4  18.2  996 211  2.8 8 11.8  85    0    0 392 -421  1
3797500 2746500  8 28  5  17.8  996 100  1.7 8 11.5  88    0    0 389 -414  1
3797500 2746500  8 28  6  17.5  995 139  2.0 8 11.4  89    0    0 386 -407  1
3797500 2746500  8 28  7  17.2  995  89  1.7 8 11.4  90    0   12 385 -404  1
3797500 2746500  8 28  8  17.0  994 142  1.1 8 11.4  92    0   22 384 -403  1
3797500 2746500  8 28  9  16.8  994  58  0.7 8 11.5  93    0   37 384 -404  1
3797500 2746500  8 28 10  17.1  994 100  1.6 7 11.6  94    0   69 380 -407  1
3797500 2746500  8 28 11  17.3  994 182  1.7 7 11.8  94    0   97 378 -413  1
3797500 2746500  8 28 12  18.0  994 196  3.5 7 12.0  92    0  145 381 -421  1
3797500 2746500  8 28 13  18.7  994 221  3.4 7 12.2  90    0  155 384 -424  1
3797500 2746500  8 28 14  18.1  994 245  2.8 7 11.9  88    0   71 383 -418  1
3797500 2746500  8 28 15  17.4  994 214  3.4 8 11.3  87    0   51 384 -418  1
3797500 2746500  8 28 16  17.1  995 225  3.5 8 10.9  87    0   47 383 -422  1
3797500 2746500  8 28 17  17.4  996 190  3.2 7 10.8  86    0   67 377 -422  1
3797500 2746500  8 28 18  17.7  996 185  2.0 7 10.6  83    0   37 371 -422  1
3797500 2746500  8 28 19  17.7  996 192  3.5 7 10.3  80    0   11 369 -418  1
3797500 2746500  8 28 20  17.3  996 163  4.3 6 10.1  79    0    0 361 -409  1
3797500 2746500  8 28 21  17.0  997 168  4.3 6  9.7  78    0    0 352 -401  1
3797500 2746500  8 28 22  16.8  997 178  4.6 6  9.5  78    0    0 348 -398  1
3797500 2746500  8 28 23  16.6  998 174  3.9 6  9.6  79    0    0 345 -395  1
3797500 2746500  8 28 24  16.6  998 176  4.4 5  9.6  80    0    0 339 -391  1
3797500 2746500  8 29  1  16.2  998 208  4.8 3  9.3  79    0    0 327 -386  1
3797500 2746500  8 29  2  16.5  998 202  3.8 5  9.0  76    0    0 327 -385  1
3797500 2746500  8 29  3  16.7  999 215  4.6 7  8.8  73    0    0 347 -384  1
3797500 2746500  8 29  4  16.6  999 215  4.3 8  8.8  73    0    0 362 -383  1
3797500 2746500  8 29  5  16.3 1000 212  4.4 7  8.9  75    0    0 361 -381  1
3797500 2746500  8 29  6  16.0 1000 212  4.5 8  9.0  77    0    0 359 -380  1
3797500 2746500  8 29  7  15.7 1001 218  3.9 7  9.0  79    1   37 358 -380  1
3797500 2746500  8 29  8  16.0 1001 223  4.7 6  9.0  79   18  110 348 -383  1
3797500 2746500  8 29  9  16.2 1002 233  4.5 5  8.9  77   95  180 340 -392  1
3797500 2746500  8 29 10  17.0 1002 231  6.0 4  8.9  74  163  228 332 -402  1
3797500 2746500  8 29 11  17.4 1002 218  5.2 3  8.6  70  241  253 326 -406  1
3797500 2746500  8 29 12  17.8 1003 231  5.2 4  8.5  66  136  308 329 -406  1
3797500 2746500  8 29 13  18.2 1003 233  4.7 5  8.6  66  158  314 341 -405  1
3797500 2746500  8 29 14  19.2 1004 218  5.5 5  8.8  64  137  300 351 -402  1
3797500 2746500  8 29 15  19.2 1004 211  6.6 5  8.7  62  126  267 353 -400  1
3797500 2746500  8 29 16  19.6 1004 219  6.2 4  8.4  59  211  195 349 -401  1
3797500 2746500  8 29 17  18.6 1005 254  3.7 5  8.2  59   85  167 348 -401  1
3797500 2746500  8 29 18  17.7 1006 259  4.3 5  8.2  62   57  104 348 -399  1
3797500 2746500  8 29 19  16.9 1006 232  2.5 3  8.1  65   43   42 336 -396  1
3797500 2746500  8 29 20  16.2 1007 223  2.5 4  8.0  67    0    0 327 -395  1
3797500 2746500  8 29 21  15.6 1007 188  2.2 5  7.8  69    0    0 333 -393  1
3797500 2746500  8 29 22  16.1 1008 190  2.7 7  7.9  70    0    0 345 -392  1
3797500 2746500  8 29 23  15.1 1008 201  0.6 7  8.0  72    0    0 353 -392  1
3797500 2746500  8 29 24  14.4 1009 190  2.0 4  7.9  75    0    0 338 -391  1
3797500 2746500  8 30  1  13.8 1009 203  2.3 2  8.0  79    0    0 313 -389  1
3797500 2746500  8 30  2  12.8 1009 189  1.1 3  8.2  85    0    0 305 -386  1
3797500 2746500  8 30  3  13.0 1009 189  1.8 4  8.1  86    0    0 310 -385  1
3797500 2746500  8 30  4  12.9 1009 169  2.1 3  8.0  86    0    0 312 -384  1
3797500 2746500  8 30  5  13.1 1009 159  1.6 2  7.9  84    0    0 305 -383  1
3797500 2746500  8 30  6  13.3 1009 169  2.6 5  7.9  83    0    0 315 -381  1
3797500 2746500  8 30  7  14.0 1008 150  3.2 6  7.8  80    0   26 334 -379  1
3797500 2746500  8 30  8  15.1 1008 169  2.9 6  8.0  77    3  102 342 -380  1
3797500 2746500  8 30  9  16.0 1008 177  2.9 6  8.3  75   43  233 345 -385  1
3797500 2746500  8 30 10  17.4 1007 178  3.9 5  8.8  74  102  327 345 -394  1
3797500 2746500  8 30 11  18.8 1007 160  3.7 6  9.4  72   37  331 353 -403  1
3797500 2746500  8 30 12  19.2 1007 162  5.0 6  9.7  70   18  313 363 -413  1
3797500 2746500  8 30 13  20.0 1007 181  5.4 6  9.9  69   20  321 370 -424  1
3797500 2746500  8 30 14  19.5 1006 192  4.6 7  9.7  66    0  174 378 -432  1
3797500 2746500  8 30 15  19.0 1006 198  4.3 8  9.4  67    0  102 387 -434  1
3797500 2746500  8 30 16  18.5 1006 171  5.5 7  9.7  71    0  117 386 -430  1
3797500 2746500  8 30 17  17.9 1006 183  4.9 7 10.0  76    1  130 381 -424  1
3797500 2746500  8 30 18  17.8 1007 156  4.7 6 10.5  81    4  103 377 -413  1
3797500 2746500  8 30 19  18.6 1007 170  4.8 6 10.6  80    2   42 372 -404  1
3797500 2746500  8 30 20  18.2 1007 155  4.9 7 10.4  78    0    3 377 -401  1
3797500 2746500  8 30 21  18.4 1007 161  4.9 7 10.5  79    0    0 382 -400  1
3797500 2746500  8 30 22  18.0 1007 192  4.4 6 10.6  80    0    0 378 -399  1
3797500 2746500  8 30 23  18.6 1008 214  3.9 7 10.8  82    0    0 379 -400  1
3797500 2746500  8 30 24  18.7 1008 227  2.7 7 10.9  80    0    0 384 -401  1
3797500 2746500  8 31  1  18.0 1009 219  3.0 6 10.9  82    0    0 378 -403  1
3797500 2746500  8 31  2  17.5 1009 229  2.9 4 10.8  84    0    0 360 -405  1
3797500 2746500  8 31  3  16.6 1009 223  2.6 4 10.6  86    0    0 346 -405  1
3797500 2746500  8 31  4  17.1 1010 234  2.7 7 10.4  86    0    0 360 -404  1
3797500 2746500  8 31  5  16.6 1010 233  2.9 7 10.4  86    0    0 373 -403  1
3797500 2746500  8 31  6  16.3 1011 224  2.5 7 10.3  87    0    0 369 -401  1
3797500 2746500  8 31  7  16.1 1011 226  2.0 6 10.1  87    3   44 361 -400  1
3797500 2746500  8 31  8  16.3 1011 211  1.8 4 10.0  87   29  117 344 -402  1
3797500 2746500  8 31  9  16.6 1012 221  1.3 5  9.9  84   49  186 339 -410  1
3797500 2746500  8 31 10  18.3 1012 219  0.9 5 10.0  80  182  226 348 -422  1
3797500 2746500  8 31 11  19.6 1012 219  1.9 4  9.9  72  334  216 349 -438  1
3797500 2746500  8 31 12  20.5 1012 188  2.7 4  9.8  66  467  183 349 -455  1
3797500 2746500  8 31 13  21.7 1011 151  2.6 4  9.9  63  517  167 354 -469  1
3797500 2746500  8 31 14  23.1 1011 139  2.1 5  9.9  58  331  250 363 -478  1
3797500 2746500  8 31 15  23.0 1010 132  1.7 5 10.1  57  134  271 370 -484  1
3797500 2746500  8 31 16  24.7 1009 147  1.7 3 10.5  56  339  142 367 -485  1
3797500 2746500  8 31 17  25.0 1009 118  2.8 3 10.9  55  304   84 365 -481  1
3797500 2746500  8 31 18  24.7 1008 110  3.1 5 11.0  55   89   96 373 -472  1
3797500 2746500  8 31 19  23.5 1008 102  2.3 4 10.9  58   29   43 375 -459  1
3797500 2746500  8 31 20  22.8 1007 111  3.0 4 10.8  60    0    6 371 -449  1
3797500 2746500  8 31 21  22.7 1007 131  3.3 4 10.5  60    0    0 371 -444  1
3797500 2746500  8 31 22  23.0 1007 160  3.1 2 10.7  61    0    0 366 -439  1
3797500 2746500  8 31 23  22.7 1007 170  3.0 2 11.0  63    0    0 359 -432  1
3797500 2746500  8 31 24  22.4 1008 160  3.7 2 11.0  64    0    0 358 -425  1
3797500 2746500  9  1  1  22.5 1008 148  4.2 2 11.0  64    0    0 359 -415  1
3797500 2746500  9  1  2  22.5 1008 149  5.6 2 11.1  64    0    0 357 -412  1
3797500 2746500  9  1  3  22.2 1008 150  5.6 2 11.1  65    0    0 356 -407  1
3797500 2746500  9  1  4  21.9 1007 151  4.4 2 11.2  67    0    0 354 -403  1
3797500 2746500  9  1  5  22.1 1008 177  3.6 2 11.3  68    0    0 352 -399  1
3797500 2746500  9  1  6  20.8 1008 198  2.7 3 11.4  70    0    0 351 -396  1
3797500 2746500  9  1  7  20.7 1009 206  2.4 3 11.4  74   11   39 350 -395  1
3797500 2746500  9  1  8  20.5 1009 234  2.1 4 11.6  76   72  110 352 -399  1
3797500 2746500  9  1  9  21.3 1010 301  1.6 3 11.4  73  191  156 352 -407  1
3797500 2746500  9  1 10  22.2 1010 249  1.9 2 10.8  66  319  180 348 -418  1
3797500 2746500  9  1 11  22.9 1011 239  2.7 2 10.6  61  452  176 349 -431  1
3797500 2746500  9  1 12  22.8 1011 248  2.1 1 10.3  59  537  171 347 -442  1
3797500 2746500  9  1 13  24.0 1011 251  1.9 2 10.3  57  580  158 351 -452  1
3797500 2746500  9  1 14  24.8 1010 206  2.3 4 10.8  56  568  148 369 -458  1
3797500 2746500  9  1 15  25.5 1010 308  1.8 4 10.7  53  454  163 379 -460  1
3797500 2746500  9  1 16  25.4 1010 275  2.4 4 10.4  51  281  182 379 -460  1
3797500 2746500  9  1 17  25.1 1010 353  2.2 3 10.6  52  277  108 374 -459  1
3797500 2746500  9  1 18  24.0 1010 327  2.4 2 10.7  55  145   82 363 -450  1
3797500 2746500  9  1 19  23.1 1010 348  1.8 4 10.7  59   36   35 362 -438  1
3797500 2746500  9  1 20  22.0 1010 356  1.6 6 10.7  62    0    0 374 -428  1
3797500 2746500  9  1 21  21.1 1011 359  1.7 4 10.7  66    0    0 371 -422  1
3797500 2746500  9  1 22  21.1 1010 338  0.9 5 10.8  69    0    0 367 -418  1
3797500 2746500  9  1 23  20.5 1010 329  2.9 6 10.6  68    0    0 373 -415  1
3797500 2746500  9  1 24  18.7 1010 287  4.9 8 10.4  72    0    0 380 -412  1
3797500 2746500  9  2  1  17.3 1010 235  3.2 7 10.3  79    0    0 380 -407  1
3797500 2746500  9  2  2  17.1 1011  21  3.4 7 10.4  84    0    0 374 -402  1
3797500 2746500  9  2  3  16.7 1010 352  2.8 8 10.5  87    0    0 379 -400  1
3797500 2746500  9  2  4  16.3 1009 315  2.6 8 10.3  87    0    0 383 -397  1
3797500 2746500  9  2  5  15.8 1010 344  1.6 8 10.0  87    0    0 381 -396  1
3797500 2746500  9  2  6  15.2 1011 305  2.4 8  9.7  88    0    0 379 -396  1
3797500 2746500  9  2  7  15.0 1011 305  3.8 7  9.5  88    0   18 374 -395  1
3797500 2746500  9  2  8  14.8 1012 306  3.3 8  9.4  89    0   58 373 -395  1
3797500 2746500  9  2  9  14.8 1012 346  1.8 8  9.4  89    0  115 379 -398  1
3797500 2746500  9  2 10  15.6 1013 300  2.5 7  9.5  88    1  159 376 -406  1
3797500 2746500  9  2 11  16.9 1013 307  1.9 7  9.9  85   11  224 376 -414  1
3797500 2746500  9  2 12  17.1 1013 281  2.4 7 10.0  82    0  168 378 -417  1
3797500 2746500  9  2 13  18.1 1013 273  2.2 6  9.7  77    8  233 374 -427  1
3797500 2746500  9  2 14  18.6 1014 243  2.2 6  9.4  71    8  222 371 -436  1
3797500 2746500  9  2 15  18.7 1014 266  2.1 7  9.3  69    4  193 376 -443  1
3797500 2746500  9  2 16  19.2 1014 257  0.9 7  9.2  67    7  162 379 -447  1
3797500 2746500  9  2 17  19.0 1014 255  0.4 7  9.2  66   19  141 378 -441  1
3797500 2746500  9  2 18  18.8 1014 287  1.0 7  9.5  70   27   82 377 -434  1
3797500 2746500  9  2 19  18.4 1014 311  0.6 7  9.7  72   29   25 376 -427  1
3797500 2746500  9  2 20  16.9 1014 112  0.4 6  9.8  77    0    0 367 -415  1
3797500 2746500  9  2 21  16.4 1015 134  0.5 5  9.7  82    0    0 354 -405  1
3797500 2746500  9  2 22  15.8 1015 211  0.2 4  9.6  84    0    0 343 -398  1
3797500 2746500  9  2 23  15.8 1015  57  1.0 4  9.6  85    0    0 337 -392  1
3797500 2746500  9  2 24  15.4 1015  29  0.1 7  9.6  87    0    0 346 -388  1
3797500 2746500  9  3  1  15.1 1016  16  0.0 4  9.6  88    0    0 342 -384  1
3797500 2746500  9  3  2  14.4 1016  76  0.9 3  9.3  89    0    0 322 -380  1
3797500 2746500  9  3  3  14.0 1016  88  1.8 3  9.0  89    0    0 314 -378  1
3797500 2746500  9  3  4  14.3 1016  87  0.6 1  9.1  90    0    0 304 -377  1
3797500 2746500  9  3  5  13.6 1015  79  0.9 2  9.0  91    0    0 298 -376  1
3797500 2746500  9  3  6  13.5 1015  90  0.8 2  8.9  92    0    0 299 -374  1
3797500 2746500  9  3  7  13.2 1015  79  1.0 3  8.8  92   21   38 299 -374  1
3797500 2746500  9  3  8  14.5 1016  90  0.1 3  9.1  92   82  104 302 -378  1
3797500 2746500  9  3  9  16.8 1016 102  1.0 3 10.0  90  165  162 306 -389  1
3797500 2746500  9  3 10  18.3 1015 101  1.8 2 10.4  83  284  190 308 -408  1
3797500 2746500  9  3 11  19.6 1015  77  1.6 3 10.2  75  236  269 313 -429  1
3797500 2746500  9  3 12  20.2 1015 134  2.0 5  9.8  67  106  313 328 -446  1
3797500 2746500  9  3 13  21.5 1014 238  1.3 4  9.8  64   99  315 336 -459  1
3797500 2746500  9  3 14  21.5 1014 242  1.9 4 10.1  63  199  301 336 -467  1
3797500 2746500  9  3 15  22.2 1014 224  2.1 3  9.7  59  334  213 334 -470  1
3797500 2746500  9  3 16  22.8 1013 219  2.1 4  9.2  54  316  159 334 -469  1
3797500 2746500  9  3 17  22.7 1013 208  1.7 4  8.9  52  225  118 336 -462  1
3797500 2746500  9  3 18  22.4 1013 227  1.6 5  9.1  53  116   80 338 -453  1
3797500 2746500  9  3 19  20.9 1013 270  0.9 6  9.5  58   31   32 341 -440  1
3797500 2746500  9  3 20  19.0 1013 359  0.2 5  9.5  65    0    0 335 -425  1
3797500 2746500  9  3 21  18.5 1013 121  1.0 5  9.4  70    0    0 327 -415  1
3797500 2746500  9  3 22  18.6 1013 124  0.9 4  9.5  71    0    0 324 -411  1
3797500 2746500  9  3 23  17.8 1013 141  1.0 4  9.7  74    0    0 321 -408  1
3797500 2746500  9  3 24  17.3 1013 145  1.5 6  9.4  75    0    0 325 -405  1
3797500 2746500  9  4  1  17.0 1013 154  1.8 5  9.3  76    0    0 328 -403  1
3797500 2746500  9  4  2  17.6 1013 158  1.8 6  9.3  75    0    0 330 -400  1
3797500 2746500  9  4  3  17.6 1013 176  2.8 6  9.5  75    0    0 336 -399  1
3797500 2746500  9  4  4  17.3 1013 178  0.9 7  9.7  77    0    0 341 -398  1
3797500 2746500  9  4  5  16.7 1013 175  0.9 7  9.8  81    0    0 346 -397  1
3797500 2746500  9  4  6  16.5 1013 171  0.8 8  9.8  83    0    0 350 -396  1
3797500 2746500  9  4  7  16.8 1013 172  2.0 7  9.9  84   18   38 351 -396  1
3797500 2746500  9  4  8  17.5 1013 173  2.1 7 10.2  83    0   74 351 -400  1
3797500 2746500  9  4  9  17.9 1013 178  2.2 7 10.4  82    6  147 354 -410  1
3797500 2746500  9  4 10  18.9 1012 168  2.7 7 10.8  81    6  191 358 -422  1
3797500 2746500  9  4 11  19.8 1013 182  3.0 7 11.1  78   30  261 363 -434  1
3797500 2746500  9  4 12  21.2 1013 192  3.2 6 11.3  74  182  315 366 -438  1
3797500 2746500  9  4 13  22.0 1012 191  3.5 6 11.1  69  209  315 368 -441  1
3797500 2746500  9  4 14  21.8 1012 218  3.4 8 10.8  65   28  268 375 -441  1
3797500 2746500  9  4 15  21.2 1012 177  3.2 8 10.9  68    0  151 380 -432  1
3797500 2746500  9  4 16  22.7 1012 203  4.6 6 10.7  64   91  221 378 -429  1
3797500 2746500  9  4 17  22.9 1011 198  4.2 4 10.0  58  264  101 371 -432  1
3797500 2746500  9  4 18  22.3 1011 219  3.5 3  9.4  55  123   78 360 -431  1
3797500 2746500  9  4 19  20.9 1011 174  1.6 5  9.4  58   29   32 358 -426  1
3797500 2746500  9  4 20  20.2 1011 177  1.9 6  9.8  65    0    0 362 -420  1
3797500 2746500  9  4 21  19.9 1012 189  2.3 6 10.0  68    0    0 361 -416  1
3797500 2746500  9  4 22  19.6 1012 203  1.7 4 10.1  70    0    0 355 -414  1
3797500 2746500  9  4 23  18.6 1012 189  1.8 4 10.0  72    0    0 348 -412  1
3797500 2746500  9  4 24  18.6 1012 200  2.3 6 10.1  75    0    0 353 -408  1
3797500 2746500  9  5  1  18.7 1012 194  3.3 6 10.3  76    0    0 356 -404  1
3797500 2746500  9  5  2  17.9 1012 211  2.3 6 10.6  80    0    0 351 -400  1
3797500 2746500  9  5  3  17.6 1012 213  1.8 6 10.9  85    0    0 348 -399  1
3797500 2746500  9  5  4  17.7 1012 177  1.1 8 11.0  87    0    0 351 -400  1
3797500 2746500  9  5  5  17.3 1012 189  0.7 8 11.0  88    0    0 356 -398  1
3797500 2746500  9  5  6  17.1 1012 192  1.5 8 11.0  89    0    0 355 -394  1
3797500 2746500  9  5  7  17.0 1012 161  1.1 6 11.0  90    1   32 347 -390  1
3797500 2746500  9  5  8  17.6 1012 199  1.4 7 11.1  90    0   55 342 -390  1
3797500 2746500  9  5  9  17.8 1012 246  1.1 8 11.3  88    0   98 349 -399  1
3797500 2746500  9  5 10  18.6 1012 213  0.9 7 11.5  88   24  228 351 -413  1
3797500 2746500  9  5 11  19.0 1012 217  1.1 7 11.7  85   29  262 351 -429  1
3797500 2746500  9  5 12  20.2 1012 264  2.1 7 11.3  78   55  298 355 -443  1
3797500 2746500  9  5 13  20.4 1012 255  2.1 8 11.1  74    7  239 361 -453  1
3797500 2746500  9  5 14  20.6 1012 253  1.8 8 11.1  73   13  246 365 -459  1
3797500 2746500  9  5 15  20.8 1012 295  2.4 7 11.2  73    6  205 364 -460  1
3797500 2746500  9  5 16  21.0 1011 319  1.9 7 11.4  73   21  198 363 -457  1
3797500 2746500  9  5 17  20.2 1011 262  2.5 8 11.0  72    1  114 365 -451  1
3797500 2746500  9  5 18  19.6 1011 267  2.4 8 10.5  72    0   60 365 -443  1
3797500 2746500  9  5 19  18.8 1011 262  1.8 8 10.1  72    1   20 363 -431  1
3797500 2746500  9  5 20  18.1 1011 260  1.5 8 10.0  75    0    0 362 -419  1
3797500 2746500  9  5 21  17.3 1012 262  0.9 8 10.1  79    0    0 362 -411  1
3797500 2746500  9  5 22  17.1 1012 283  0.2 7  9.8  80    0    0 359 -407  1
3797500 2746500  9  5 23  16.8 1012 321  1.2 6  9.3  77    0    0 351 -404  1
3797500 2746500  9  5 24  16.3 1013 302  1.0 5  9.1  77    0    0 343 -403  1
3797500 2746500  9  6  1  16.2 1013 316  1.5 7  9.0  78    0    0 347 -403  1
3797500 2746500  9  6  2  15.7 1013 319  0.8 5  9.0  79    0    0 346 -401  1
3797500 2746500  9  6  3  14.5 1013 276  0.0 3  8.7  81    0    0 329 -398  1
3797500 2746500  9  6  4  14.0 1013 240  0.8 2  8.6  85    0    0 315 -392  1
3797500 2746500  9  6  5  13.4 1013 212  0.9 2  8.6  87    0    0 310 -387  1
3797500 2746500  9  6  6  13.0 1013 224  1.4 2  8.4  89    0    0 307 -383  1
3797500 2746500  9  6  7  12.2 1013 206  1.9 2  8.2  89   15   36 303 -381  1
3797500 2746500  9  6  8  13.5 1014 203  2.5 3  8.4  90   60  101 305 -382  1
3797500 2746500  9  6  9  15.6 1014 220  2.9 3  9.0  87  216  122 314 -389  1
3797500 2746500  9  6 10  17.3 1015 221  3.8 3  9.4  80  270  171 322 -400  1
3797500 2746500  9  6 11  17.8 1015 229  4.1 4  9.7  77  203  255 331 -412  1
3797500 2746500  9  6 12  18.7 1015 241  5.0 5  9.5  72  150  294 342 -424  1
3797500 2746500  9  6 13  19.7 1015 232  5.0 3  8.9  64  369  226 340 -433  1
3797500 2746500  9  6 14  19.8 1015 256  4.0 2  8.5  59  535  116 330 -439  1
3797500 2746500  9  6 15  20.1 1015 262  4.8 4  8.2  56  266  215 332 -442  1
3797500 2746500  9  6 16  19.7 1015 285  2.8 6  8.1  56   15  182 344 -441  1
3797500 2746500  9  6 17  19.8 1015 248  3.4 7  8.1  57   10  133 353 -435  1
3797500 2746500  9  6 18  19.6 1015 253  3.3 3  8.1  56   93   72 343 -428  1
3797500 2746500  9  6 19  18.7 1015 266  2.1 3  7.9  57   23   26 325 -421  1
3797500 2746500  9  6 20  17.6 1015 245  1.8 2  7.9  62    0    0 320 -415  1
3797500 2746500  9  6 21  16.7 1015 238  1.5 2  7.9  65    0    0 308 -411  1
3797500 2746500  9  6 22  16.0 1015 227  1.5 2  7.8  68    0    0 299 -407  1
3797500 2746500  9  6 23  16.4 1015 199  1.5 1  8.1  69    0    0 304 -403  1
3797500 2746500  9  6 24  17.1 1016 170  1.6 2  8.5  69    0    0 304 -400  1
3797500 2746500  9  7  1  17.9 1020 137  1.6 2  8.9  68    0    0 329 -397  1
3797500 2746500  9  7  2  18.4 1020 111  1.5 2  9.1  68    0    0 329 -392  1
3797500 2746500  9  7  3  18.4 1019  94  1.3 1  9.2  69    0    0 321 -389  1
3797500 2746500  9  7  4  17.6 1019  88  1.1 1  9.0  70    0    0 313 -386  1
3797500 2746500  9  7  5  17.2 1019  85  0.9 1  8.9  71    0    0 311 -384  1
3797500 2746500  9  7  6  16.3 1019  43  0.6 1  8.4  72    0    0 308 -381  1
3797500 2746500  9  7  7  15.7 1019 101  0.6 1  8.6  76   16   36 307 -379  1
3797500 2746500  9  7  8  17.9 1019 107  0.6 0  9.2  77  101   90 305 -382  1
3797500 2746500  9  7  9  20.8 1020 136  0.7 0  9.1  65  227  121 307 -392  1
3797500 2746500  9  7 10  22.9 1020 175  0.8 1  9.0  55  342  142 321 -408  1
3797500 2746500  9  7 11  23.8 1020 187  1.1 1  8.9  50  450  146 331 -425  1
3797500 2746500  9  7 12  24.6 1019  40  1.0 1  8.8  47  519  148 336 -440  1
3797500 2746500  9  7 13  25.6 1019  62  1.8 1  8.9  45  546  143 341 -452  1
3797500 2746500  9  7 14  26.1 1019  70  1.8 1  9.3  45  538  130 347 -460  1
3797500 2746500  9  7 15  26.2 1018  32  3.0 1  9.3  44  484  117 350 -464  1
3797500 2746500  9  7 16  26.3 1018  43  2.9 1  8.9  42  382  107 350 -463  1
3797500 2746500  9  7 17  25.9 1018  52  2.1 1  8.7  41  258   92 350 -458  1
3797500 2746500  9  7 18  25.4 1018  39  2.0 1  8.9  43  120   70 349 -450  1
3797500 2746500  9  7 19  24.3 1018  48  1.3 1  9.2  47   22   26 348 -440  1
3797500 2746500  9  7 20  22.6 1018  39  1.9 1  9.5  53    0    0 344 -430  1
3797500 2746500  9  7 21  23.0 1019  48  2.0 1  9.7  56    0    0 342 -422  1
3797500 2746500  9  7 22  22.1 1020  50  2.3 0  9.8  58    0    0 337 -417  1
3797500 2746500  9  7 23  22.4 1020  46  2.0 0  9.9  59    0    0 335 -412  1
3797500 2746500  9  7 24  20.5 1021  42  2.5 2 10.0  63    0    0 339 -409  1
3797500 2746500  9  8  1  20.3 1021  49  2.7 0 10.1  68    0    0 335 -405  1
3797500 2746500  9  8  2  19.5 1021  48  2.3 0 10.2  71    0    0 326 -401  1
3797500 2746500  9  8  3  19.2 1021  50  3.0 2 10.2  73    0    0 332 -398  1
3797500 2746500  9  8  4  18.9 1021  38  3.2 4 10.3  75    0    0 346 -395  1
3797500 2746500  9  8  5  18.6 1021  49  2.5 5 10.4  77    0    0 358 -393  1
3797500 2746500  9  8  6  17.9 1022  51  2.6 5 10.4  80    0    0 361 -390  1
3797500 2746500  9  8  7  17.8 1022  70  2.1 3 10.4  82    6   32 350 -388  1
3797500 2746500  9  8  8  18.3 1023  70  1.7 2 10.5  82   59  101 337 -389  1
3797500 2746500  9  8  9  19.9 1023  52  2.1 2 10.7  78  195  141 336 -396  1
3797500 2746500  9  8 10  21.1 1024  59  1.9 2 10.8  72  329  154 342 -408  1
3797500 2746500  9  8 11  22.3 1024  51  2.3 1 10.8  67  439  161 341 -422  1
3797500 2746500  9  8 12  23.4 1024  49  2.5 1 10.6  61  512  162 341 -436  1
3797500 2746500  9  8 13  23.7 1024  48  3.6 1 10.3  57  519  168 344 -447  1
3797500 2746500  9  8 14  24.7 1023  40  2.9 1 10.1  54  464  177 344 -454  1
3797500 2746500  9  8 15  25.0 1023  32  3.7 2 10.1  52  363  187 348 -457  1
3797500 2746500  9  8 16  25.1 1023  40  3.2 2  9.9  50  339  129 351 -455  1
3797500 2746500  9  8 17  24.6 1022  31  3.4 2  9.8  50  209  109 350 -449  1
3797500 2746500  9  8 18  23.9 1022  45  2.4 3  9.9  52   85   73 352 -440  1
3797500 2746500  9  8 19  22.7 1022  47  1.9 2  9.9  56   19   25 347 -428  1
3797500 2746500  9  8 20  22.0 1023  28  2.3 2 10.0  59    0    0 339 -417  1
3797500 2746500  9  8 21  20.9 1023  30  2.4 1 10.0  63    0    0 330 -409  1
3797500 2746500  9  8 22  20.0 1024  27  2.7 0  9.7  65    0    0 318 -402  1
3797500 2746500  9  8 23  19.4 1025  36  2.5 0  9.8  69    0    0 312 -396  1
3797500 2746500  9  8 24  18.7 1025  37  2.2 2 10.0  73    0    0 316 -391  1
3797500 2746500  9  9  1  17.4 1025  47  1.5 0  9.9  77    0    0 312 -387  1
3797500 2746500  9  9  2  16.3 1025  38  2.2 1  9.6  81    0    0 303 -383  1
3797500 2746500  9  9  3  15.5 1025  38  1.4 0  9.1  82    0    0 300 -380  1
3797500 2746500  9  9  4  14.2 1025  48  2.1 0  8.7  83    0    0 293 -377  1
3797500 2746500  9  9  5  14.0 1025  56  1.9 3  8.3  83    0    0 299 -375  1
3797500 2746500  9  9  6  13.6 1025  55  2.0 4  8.0  82    0    0 312 -372  1
3797500 2746500  9  9  7  13.5 1025  56  2.0 6  7.8  82   10   31 324 -370  1
3797500 2746500  9  9  8  14.7 1026  37  2.1 5  7.9  79   46  100 328 -372  1
3797500 2746500  9  9  9  15.6 1026  46  1.2 5  8.0  76  158  149 325 -381  1
3797500 2746500  9  9 10  16.7 1026  41  2.3 5  8.0  71  266  181 329 -395  1
3797500 2746500  9  9 11  17.9 1027  30  2.7 5  7.9  65  366  195 333 -410  1
3797500 2746500  9  9 12  19.3 1026  19  3.2 4  7.3  56  489  163 332 -423  1
3797500 2746500  9  9 13  20.4 1026  19  3.6 2  6.7  47  552  140 323 -434  1
3797500 2746500  9  9 14  21.1 1026  38  3.3 1  7.1  47  538  130 318 -442  1
3797500 2746500  9  9 15  21.2 1025  38  3.6 1  7.7  50  487  115 319 -446  1
3797500 2746500  9  9 16  21.6 1025  29  4.3 1  8.0  51  388  104 321 -445  1
3797500 2746500  9  9 17  21.5 1025  27  3.8 1  8.3  52  253   92 322 -440  1
3797500 2746500  9  9 18  20.9 1024  70  3.0 2  8.3  53  117   68 322 -431  1
3797500 2746500  9  9 19  19.7 1024  49  2.1 1  8.0  54   19   24 317 -420  1
3797500 2746500  9  9 20  18.8 1024  50  1.6 1  7.5  54    0    0 310 -409  1
3797500 2746500  9  9 21  17.7 1025  46  0.4 2  7.2  55    0    0 307 -401  1
3797500 2746500  9  9 22  16.8 1025  51  0.7 0  7.2  60    0    0 302 -394  1
3797500 2746500  9  9 23  16.0 1025  81  1.8 0  7.3  64    0    0 295 -389  1
3797500 2746500  9  9 24  15.0 1025  86  1.9 0  7.3  67    0    0 292 -384  1
3797500 2746500  9 10  1  15.0 1025  85  1.9 0  7.4  70    0    0 291 -379  1
3797500 2746500  9 10  2  14.4 1025 110  2.1 1  7.5  72    0    0 292 -375  1
3797500 2746500  9 10  3  13.6 1025  95  1.9 1  7.3  74    0    0 292 -372  1
3797500 2746500  9 10  4  13.4 1025  80  1.8 1  7.2  75    0    0 290 -370  1
3797500 2746500  9 10  5  13.0 1025  90  2.4 1  7.1  76    0    0 289 -368  1
3797500 2746500  9 10  6  12.9 1024  89  2.5 2  7.0  76    0    0 291 -367  1
3797500 2746500  9 10  7  13.8 1024  91  2.6 2  6.8  72   12   31 293 -365  1
3797500 2746500  9 10  8  15.0 1025  97  2.7 1  6.9  68   96   83 292 -368  1
3797500 2746500  9 10  9  17.3 1025  72  3.0 0  7.2  64  238  101 290 -379  1
3797500 2746500  9 10 10  18.4 1025  70  3.4 2  7.3  58  382  101 298 -395  1
3797500 2746500  9 10 11  20.0 1025  51  3.6 2  7.0  51  493  100 310 -411  1
3797500 2746500  9 10 12  20.9 1024  59  4.0 2  6.7  46  555  102 314 -426  1
3797500 2746500  9 10 13  21.7 1023  71  4.4 2  6.3  41  577  100 317 -440  1
3797500 2746500  9 10 14  22.4 1023  90  3.9 2  6.1  37  569   86 319 -451  1
3797500 2746500  9 10 15  23.1 1022 101  3.6 1  6.4  38  513   75 318 -458  1
3797500 2746500  9 10 16  23.7 1021 140  3.3 2  6.5  37  395   77 319 -458  1
3797500 2746500  9 10 17  23.3 1020 120  4.4 5  5.9  33  252   73 330 -452  1
3797500 2746500  9 10 18  22.6 1019  91  2.9 5  5.8  34  103   58 336 -441  1
3797500 2746500  9 10 19  20.8 1019 106  2.9 5  6.0  38   15   19 329 -427  1
3797500 2746500  9 10 20  19.1 1019 113  3.0 5  6.1  42    0    0 320 -413  1
3797500 2746500  9 10 21  18.7 1019 110  2.8 5  6.3  46    0    0 315 -404  1
3797500 2746500  9 10 22  16.9 1019 101  2.4 1  6.3  50    0    0 300 -397  1
3797500 2746500  9 10 23  16.3 1018 110  2.4 1  6.1  52    0    0 284 -392  1
3797500 2746500  9 10 24  15.8 1018  93  3.4 4  5.9  52    0    0 289 -388  1
3797500 2746500  9 11  1  15.4 1017  96  3.1 3  5.6  51    0    0 292 -385  1
3797500 2746500  9 11  2  14.2 1017 110  2.7 3  5.6  54    0    0 287 -382  1
3797500 2746500  9 11  3  15.7 1017 114  3.6 2  5.4  51    0    0 283 -379  1
3797500 2746500  9 11  4  15.5 1016 121  3.6 1  4.9  45    0    0 277 -377  1
3797500 2746500  9 11  5  15.3 1016 110  3.4 1  4.8  44    0    0 274 -375  1
3797500 2746500  9 11  6  15.0 1015 123  3.4 2  4.9  46    0    0 276 -374  1
3797500 2746500  9 11  7  16.2 1014 127  4.4 1  5.1  46   12   29 278 -374  1
3797500 2746500  9 11  8  18.3 1014 146  4.9 0  4.9  40   93   84 276 -377  1
3797500 2746500  9 11  9  18.8 1013 122  6.5 0  4.8  36  230  107 277 -388  1
3797500 2746500  9 11 10  20.5 1013 144  6.3 1  4.9  34  365  114 284 -407  1
3797500 2746500  9 11 11  22.1 1012 160  5.4 1  5.3  33  469  119 295 -429  1
3797500 2746500  9 11 12  23.3 1012 157  5.9 1  5.9  34  538  119 304 -448  1
3797500 2746500  9 11 13  24.2 1011 174  5.8 1  6.3  34  574  109 311 -463  1
3797500 2746500  9 11 14  24.6 1010 150  6.5 1  6.6  34  551  103 316 -471  1
3797500 2746500  9 11 15  24.5 1010 172  4.9 5  7.0  36  276  202 324 -475  1
3797500 2746500  9 11 16  24.7 1009 160  5.1 5  7.6  39  145  181 333 -474  1
3797500 2746500  9 11 17  24.5 1009 166  4.4 5  8.1  42  120  121 334 -468  1
3797500 2746500  9 11 18  24.3 1008 161  3.1 4  8.5  44  104   59 333 -457  1
3797500 2746500  9 11 19  23.5 1008 166  2.3 6  8.9  48   10   16 335 -442  1
3797500 2746500  9 11 20  22.4 1008 166  1.0 6  9.1  52    0    0 337 -430  1
3797500 2746500  9 11 21  21.8 1009 179  2.0 7  9.3  56    0    0 340 -424  1
3797500 2746500  9 11 22  21.4 1009 193  1.2 3  9.4  58    0    0 336 -423  1
3797500 2746500  9 11 23  21.2 1009 195  1.6 3  9.5  60    0    0 330 -424  1
3797500 2746500  9 11 24  20.7 1009 219  1.4 6  9.9  63    0    0 336 -422  1
3797500 2746500  9 12  1  19.7 1009 176  1.3 3 10.1  68    0    0 337 -420  1
3797500 2746500  9 12  2  19.5 1008 180  1.6 2 10.2  71    0    0 330 -418  1
3797500 2746500  9 12  3  19.0 1008 196  0.9 5 10.7  76    0    0 337 -416  1
3797500 2746500  9 12  4  18.7 1007 169  3.8 5 11.3  82    0    0 344 -415  1
3797500 2746500  9 12  5  18.8 1008 177  1.9 7 11.4  83    0    0 351 -414  1
3797500 2746500  9 12  6  18.9 1007 176  2.1 8 11.3  82    0    0 360 -415  1
3797500 2746500  9 12  7  19.0 1007 195  1.8 7 11.6  84    0   10 365 -416  1
3797500 2746500  9 12  8  18.9 1008 182  1.9 8 12.0  86    0   38 369 -419  1
3797500 2746500  9 12  9  18.2 1008 221  3.2 8 11.8  88    0   72 371 -419  1
3797500 2746500  9 12 10  18.6 1008 240  3.4 8 11.6  87    7  173 373 -416  1
3797500 2746500  9 12 11  19.7 1008 241  3.4 4 12.3  87  137  253 380 -415  1
3797500 2746500  9 12 12  20.4 1009 242  4.3 5 12.2  82  274  207 388 -422  1
3797500 2746500  9 12 13  20.3 1009 251  3.6 7 11.4  76   46  262 391 -427  1
3797500 2746500  9 12 14  21.3 1009 237  3.6 7 11.0  71  108  259 395 -424  1
3797500 2746500  9 12 15  21.9 1009 231  3.3 4 11.0  67  199  222 392 -421  1
3797500 2746500  9 12 16  22.5 1008 229  4.3 4 10.6  63  248  147 380 -422  1
3797500 2746500  9 12 17  21.8 1008 226  3.4 5 10.0  60  128  117 375 -423  1
3797500 2746500  9 12 18  19.6 1007 248  3.1 7 10.1  66   16   64 379 -424  1
3797500 2746500  9 12 19  18.1 1007 160  2.1 7 10.7  78    0    9 385 -423  1
3797500 2746500  9 12 20  18.2 1007 174  2.0 7 11.0  83    0    0 381 -418  1
3797500 2746500  9 12 21  18.4 1007 182  2.2 6 11.0  83    0    0 368 -414  1
3797500 2746500  9 12 22  18.5 1007 213  2.3 7 11.2  83    0    0 370 -411  1
3797500 2746500  9 12 23  18.0 1007 222  2.3 7 11.3  85    0    0 381 -410  1
3797500 2746500  9 12 24  17.6 1006 207  1.8 8 11.2  87    0    0 389 -410  1
3797500 2746500  9 13  1  17.0 1006 217  3.3 7 10.7  86    0    0 385 -409  1
3797500 2746500  9 13  2  16.8 1005 230  3.9 6 10.3  84    0    0 369 -405  1
3797500 2746500  9 13  3  16.2 1005 229  4.0 5 10.0  84    0    0 356 -398  1
3797500 2746500  9 13  4  16.0 1005 232  4.4 2  9.5  82    0    0 331 -392  1
3797500 2746500  9 13  5  15.3 1005 229  5.2 2  9.0  80    0    0 313 -390  1
3797500 2746500  9 13  6  15.0 1005 224  5.1 4  8.6  79    0    0 320 -389  1
3797500 2746500  9 13  7  15.0 1006 239  4.4 5  8.3  78    0   15 330 -387  1
3797500 2746500  9 13  8  15.5 1006 237  4.7 4  8.4  77   56   86 327 -389  1
3797500 2746500  9 13  9  15.4 1007 239  5.0 3  8.0  72  197  108 315 -394  1
3797500 2746500  9 13 10  15.9 1007 250  6.1 3  7.4  67  245  164 306 -402  1
3797500 2746500  9 13 11  16.4 1008 248  5.7 4  7.2  62  221  228 309 -411  1
3797500 2746500  9 13 12  17.2 1008 249  6.2 3  6.8  56  311  186 310 -419  1
3797500 2746500  9 13 13  17.1 1009 239  6.4 4  6.4  52  203  269 309 -425  1
3797500 2746500  9 13 14  17.5 1009 259  6.1 4  6.2  51  191  254 311 -428  1
3797500 2746500  9 13 15  17.6 1009 245  4.5 3  6.0  48  172  222 307 -429  1
3797500 2746500  9 13 16  18.4 1009 243  5.1 2  5.9  46  258  131 298 -429  1
3797500 2746500  9 13 17  18.3 1009 254  5.2 1  6.0  46  228   73 289 -426  1
3797500 2746500  9 13 18  17.5 1009 245  3.5 2  6.1  48  100   54 285 -421  1
3797500 2746500  9 13 19  16.1 1008 245  2.9 3  6.4  54   12   16 292 -414  1
3797500 2746500  9 13 20  15.9 1009 224  2.9 4  6.8  60    0    0 302 -406  1
3797500 2746500  9 13 21  16.0 1009 218  3.1 5  7.1  62    0    0 313 -399  1
3797500 2746500  9 13 22  16.1 1009 217  4.1 7  7.3  64    0    0 325 -393  1
3797500 2746500  9 13 23  15.7 1009 219  3.9 7  7.3  65    0    0 334 -390  1
3797500 2746500  9 13 24  14.9 1008 212  2.5 5  7.3  67    0    0 328 -389  1
3797500 2746500  9 14  1  14.9 1008 201  2.0 3  7.5  70    0    0 315 -390  1
3797500 2746500  9 14  2  14.9 1007 192  1.9 4  7.5  70    0    0 308 -392  1
3797500 2746500  9 14  3  15.0 1007 212  2.1 6  7.5  70    0    0 319 -394  1
3797500 2746500  9 14  4  14.8 1006 174  2.0 7  7.5  70    0    0 334 -395  1
3797500 2746500  9 14  5  14.5 1006 184  2.1 8  7.5  71    0    0 344 -395  1
3797500 2746500  9 14  6  13.8 1005 172  2.3 7  7.5  74    0    0 343 -394  1
3797500 2746500  9 14  7  14.1 1005 172  2.9 8  7.4  74    0   16 342 -392  1
3797500 2746500  9 14  8  14.8 1005 172  3.2 7  7.3  71   14   93 344 -394  1
3797500 2746500  9 14  9  16.0 1004 171  4.2 6  7.5  68   75  176 333 -400  1
3797500 2746500  9 14 10  17.3 1004 189  4.1 5  7.5  63   90  240 326 -409  1
3797500 2746500  9 14 11  18.3 1004 190  4.7 5  7.5  58  176  286 326 -420  1
3797500 2746500  9 14 12  17.6 1003 181  4.8 7  7.6  58   48  280 340 -432  1
3797500 2746500  9 14 13  18.3 1002 171  4.6 7  7.7  59   49  288 353 -441  1
3797500 2746500  9 14 14  19.3 1001 221  5.0 6  7.6  55  154  308 352 -447  1
3797500 2746500  9 14 15  20.0 1001 186  4.7 3  7.2  50  302  219 333 -449  1
3797500 2746500  9 14 16  21.2 1000 204  5.6 3  7.2  47  187  199 320 -446  1
3797500 2746500  9 14 17  20.2 1000 222  4.1 4  7.4  48  124  137 329 -439  1
3797500 2746500  9 14 18  19.6 1000 206  4.8 6  7.5  51   38   71 347 -429  1
3797500 2746500  9 14 19  16.4 1000 246  4.7 8  7.8  60    0   11 363 -419  1
3797500 2746500  9 14 20  13.9 1000 242  3.5 8  8.5  78    0    0 366 -413  1
3797500 2746500  9 14 21  14.1 1001 171  3.7 7  8.9  88    0    0 359 -409  1
3797500 2746500  9 14 22  13.8 1001 179  2.8 7  8.7  86    0    0 354 -405  1
3797500 2746500  9 14 23  13.7 1001 204  3.1 7  8.5  86    0    0 354 -402  1
3797500 2746500  9 14 24  13.3 1001 205  2.9 5  8.4  86    0    0 344 -402  1
3797500 2746500  9 15  1  13.1 1002 208  2.5 3  8.4  87    0    0 324 -401  1
3797500 2746500  9 15  2  12.8 1002 219  2.9 3  8.2  87    0    0 314 -397  1
3797500 2746500  9 15  3  12.9 1002 220  2.5 3  8.2  87    0    0 313 -392  1
3797500 2746500  9 15  4  12.7 1002 219  2.5 2  8.2  87    0    0 307 -388  1
3797500 2746500  9 15  5  12.5 1002 188  1.9 3  8.0  87    0    0 306 -385  1
3797500 2746500  9 15  6  12.1 1002 180  2.4 4  7.8  87    0    0 313 -382  1
3797500 2746500  9 15  7  12.7 1002 171  2.4 5  7.8  86    0   13 321 -382  1
3797500 2746500  9 15  8  13.1 1002 170  3.8 6  7.9  84   15   81 330 -385  1
3797500 2746500  9 15  9  13.8 1002 180  3.4 6  7.9  81  131  131 337 -393  1
3797500 2746500  9 15 10  15.5 1002 209  4.8 2  7.9  75  404   67 321 -403  1
3797500 2746500  9 15 11  16.9 1002 199  4.6 1  7.9  68  516   70 302 -412  1
3797500 2746500  9 15 12  17.3 1002 191  4.9 3  7.8  63  371  158 311 -420  1
3797500 2746500  9 15 13  18.7 1001 215  5.9 4  7.5  58  128  270 327 -427  1
3797500 2746500  9 15 14  18.7 1001 225  6.2 3  7.2  53  102  247 329 -432  1
3797500 2746500  9 15 15  18.7 1000 223  5.7 4  7.1  52  134  220 330 -433  1
3797500 2746500  9 15 16  19.3 1000 208  4.6 4  7.2  52   78  173 335 -432  1
3797500 2746500  9 15 17  18.7 1000 226  5.6 4  7.2  52   51  122 334 -428  1
3797500 2746500  9 15 18  18.7 1000 216  5.9 4  7.0  51   33   58 332 -422  1
3797500 2746500  9 15 19  17.4 1000 209  4.1 3  7.1  54    1   11 325 -415  1
3797500 2746500  9 15 20  16.2 1001 224  3.5 2  7.5  62    0    0 313 -407  1
3797500 2746500  9 15 21  16.4 1001 221  3.8 2  7.7  65    0    0 307 -401  1
3797500 2746500  9 15 22  16.4 1002 225  4.0 3  7.2  61    0    0 311 -397  1
3797500 2746500  9 15 23  15.6 1003 231  5.1 3  6.8  60    0    0 312 -392  1
3797500 2746500  9 15 24  14.9 1003 221  3.8 1  7.1  65    0    0 300 -387  1
3797500 2746500  9 16  1  14.4 1004 220  4.2 1  7.3  70    0    0 288 -383  1
3797500 2746500  9 16  2  14.0 1004 230  4.2 1  7.4  72    0    0 287 -380  1
3797500 2746500  9 16  3  14.1 1004 221  3.9 1  7.3  73    0    0 286 -377  1
3797500 2746500  9 16  4  13.4 1004 210  3.8 2  7.4  74    0    0 290 -375  1
3797500 2746500  9 16  5  13.6 1005 220  4.6 5  7.4  76    0    0 310 -372  1
3797500 2746500  9 16  6  13.6 1005 230  4.1 7  7.5  76    0    0 335 -370  1
3797500 2746500  9 16  7  13.6 1005 219  4.7 7  7.7  78    0   15 347 -367  1
3797500 2746500  9 16  8  13.5 1006 229  4.1 6  7.8  80   14   79 343 -368  1
3797500 2746500  9 16  9  13.8 1006 229  4.7 6  7.9  80   33  148 339 -374  1
3797500 2746500  9 16 10  15.0 1007 239  4.7 5  7.9  76   65  208 337 -385  1
3797500 2746500  9 16 11  15.5 1008 237  4.9 3  7.3  67  147  243 324 -397  1
3797500 2746500  9 16 12  15.8 1008 231  4.9 4  6.7  60  146  254 319 -408  1
3797500 2746500  9 16 13  14.4 1008 250  4.6 7  6.9  64    0  118 337 -416  1
3797500 2746500  9 16 14  12.2 1009 264  5.6 7  7.3  77    0  153 344 -421  1
3797500 2746500  9 16 15  14.0 1010 274  4.1 6  8.0  85   36  208 339 -422  1
3797500 2746500  9 16 16  14.9 1011 267  4.7 6  8.1  79  245  130 336 -422  1
3797500 2746500  9 16 17  15.7 1011 253  3.2 3  7.9  73  204   73 324 -416  1
3797500 2746500  9 16 18  13.4 1012 257  2.5 6  7.8  76   17   58 322 -409  1
3797500 2746500  9 16 19  13.1 1013 352  0.9 4  7.6  80    0    3 323 -400  1
3797500 2746500  9 16 20  12.5 1013 270  1.1 4  7.5  81    0    0 311 -391  1
3797500 2746500  9 16 21  12.1 1014 259  0.9 3  7.4  82    0    0 310 -382  1
3797500 2746500  9 16 22  11.6 1015 237  1.0 2  7.3  84    0    0 297 -376  1
3797500 2746500  9 16 23  12.3 1016 225  1.2 3  7.5  82    0    0 287 -371  1
3797500 2746500  9 16 24  13.5 1017 217  1.6 3  7.9  80    0    0 274 -366  1
3797500 2746500  9 17  1  15.2 1005 211  2.1 4  8.6  78    0    0 357 -396  1
3797500 2746500  9 17  2  16.3 1004 209  2.6 5  9.2  77    0    0 354 -392  1
3797500 2746500  9 17  3  17.1 1004 213  2.9 6  9.6  77    0    0 337 -388  1
3797500 2746500  9 17  4  16.4 1004 221  3.2 5  9.6  79    0    0 334 -385  1
3797500 2746500  9 17  5  16.2 1004 219  3.1 5  9.3  79    0    0 338 -381  1
3797500 2746500  9 17  6  14.9 1004 230  3.4 5  9.0  81    0    0 329 -379  1
3797500 2746500  9 17  7  14.8 1004 219  3.7 4  8.7  81    0   13 315 -377  1
3797500 2746500  9 17  8  14.9 1005 220  4.0 5  8.4  79    1   62 312 -377  1
3797500 2746500  9 17  9  15.5 1005 219  4.6 6  8.3  76   45  157 322 -384  1
3797500 2746500  9 17 10  15.9 1005 218  4.5 6  8.3  74   66  212 328 -394  1
3797500 2746500  9 17 11  16.6 1005 227  4.0 6  8.4  72   76  251 329 -406  1
3797500 2746500  9 17 12  18.5 1004 227  3.9 6  8.4  66   90  276 333 -417  1
3797500 2746500  9 17 13  18.3 1004 219  4.4 7  8.2  62   45  261 344 -427  1
3797500 2746500  9 17 14  18.5 1004 221  5.3 6  8.1  60  114  265 346 -433  1
3797500 2746500  9 17 15  18.8 1003 220  4.8 6  8.1  60   91  228 342 -435  1
3797500 2746500  9 17 16  18.2 1003 240  3.1 7  8.2  61    2  126 351 -433  1
3797500 2746500  9 17 17  17.8 1002 244  3.2 7  8.3  63    4   98 356 -429  1
3797500 2746500  9 17 18  17.0 1002 249  2.7 8  8.2  65    0   38 362 -422  1
3797500 2746500  9 17 19  16.3 1002 240  1.8 7  8.2  69    0    3 359 -415  1
3797500 2746500  9 17 20  16.1 1001 225  2.3 7  8.2  70    0    0 350 -410  1
3797500 2746500  9 17 21  15.8 1001 190  1.7 7  8.2  71    0    0 349 -407  1
3797500 2746500  9 17 22  16.3 1000 171  1.8 8  8.2  71    0    0 356 -404  1
3797500 2746500  9 17 23  15.3 1000 161  3.1 8  8.3  73    0    0 363 -399  1
3797500 2746500  9 17 24  14.2  999 160  3.4 7  8.5  80    0    0 355 -392  1
3797500 2746500  9 18  1  14.0  999 160  3.2 8  8.8  86    0    0 354 -386  1
3797500 2746500  9 18  2  13.8  998 170  3.5 8  8.9  88    0    0 360 -381  1
3797500 2746500  9 18  3  12.3  998 242  2.1 8  8.6  90    0    0 359 -377  1
3797500 2746500  9 18  4  11.9  997 233  2.4 7  8.3  93    0    0 350 -375  1
3797500 2746500  9 18  5  11.8  997 168  1.9 8  8.4  95    0    0 351 -375  1
3797500 2746500  9 18  6  11.9  996 189  1.8 8  8.4  95    0    0 355 -375  1
3797500 2746500  9 18  7  12.3  996 209  2.0 7  8.4  94    0    7 348 -375  1
3797500 2746500  9 18  8  12.4  996 209  2.2 7  8.4  92    0   30 343 -375  1
3797500 2746500  9 18  9  12.6  997 226  3.1 8  8.4  91    0   76 349 -376  1
3797500 2746500  9 18 10  12.7  996 229  3.3 7  8.3  89    2  143 351 -380  1
3797500 2746500  9 18 11  13.8  997 227  3.4 7  8.1  84   65  222 345 -387  1
3797500 2746500  9 18 12  14.7  997 229  4.6 7  7.7  75   69  242 347 -396  1
3797500 2746500  9 18 13  14.5  997 219  3.7 4  7.3  69  183  237 333 -405  1
3797500 2746500  9 18 14  14.9  997 232  3.6 6  7.3  69   86  231 327 -410  1
3797500 2746500  9 18 15  14.9  997 208  5.1 6  7.2  67  108  198 331 -414  1
3797500 2746500  9 18 16  15.0  998 225  5.2 6  7.0  65   94  152 328 -413  1
3797500 2746500  9 18 17  15.5  998 223  4.1 5  6.9  63   36  108 324 -408  1
3797500 2746500  9 18 18  14.3  998 201  3.3 4  7.0  65   53   45 315 -401  1
3797500 2746500  9 18 19  13.3  998 228  2.6 6  7.1  71    1   10 316 -393  1
3797500 2746500  9 18 20  13.2  999 207  1.2 7  7.2  74    0    0 329 -387  1
3797500 2746500  9 18 21  13.1  999 196  0.3 7  7.3  76    0    0 334 -383  1
3797500 2746500  9 18 22  13.2  999 177  1.6 7  7.4  77    0    0 336 -380  1
3797500 2746500  9 18 23  12.8 1000 169  2.0 7  7.5  79    0    0 336 -377  1
3797500 2746500  9 18 24  12.8  999 160  2.6 8  7.5  81    0    0 343 -374  1
3797500 2746500  9 19  1  12.5  999 159  2.6 8  7.6  82    0    0 347 -372  1
3797500 2746500  9 19  2  12.3  999 168  2.4 8  7.6  84    0    0 348 -371  1
3797500 2746500  9 19  3  12.1  999 159  2.1 8  7.9  87    0    0 349 -371  1
3797500 2746500  9 19  4  11.8 1000 169  2.0 8  8.1  91    0    0 349 -371  1
3797500 2746500  9 19  5  11.8 1000 169  2.8 8  8.1  93    0    0 350 -370  1
3797500 2746500  9 19  6  11.8 1000 169  2.4 7  8.2  93    0    0 346 -370  1
3797500 2746500  9 19  7  11.6 1001 209  2.2 7  8.1  93    0    9 341 -370  1
3797500 2746500  9 19  8  12.2 1001 209  1.9 7  8.1  92    6   73 341 -371  1
3797500 2746500  9 19  9  12.6 1002 235  3.1 5  8.1  89   59  152 334 -373  1
3797500 2746500  9 19 10  13.5 1003 217  1.5 5  8.1  85  136  199 326 -379  1
3797500 2746500  9 19 11  13.9 1004 231  2.9 5  8.0  81  144  246 328 -385  1
3797500 2746500  9 19 12  15.2 1005 225  3.2 3  7.9  76  252  248 321 -392  1
3797500 2746500  9 19 13  15.7 1006 237  3.5 5  7.9  71   78  271 325 -402  1
3797500 2746500  9 19 14  17.2 1006 273  3.8 3  7.7  65  223  244 327 -405  1
3797500 2746500  9 19 15  17.6 1006 237  4.1 5  7.6  61  120  227 330 -409  1
3797500 2746500  9 19 16  17.6 1007 267  3.0 6  7.5  59   47  173 339 -410  1
3797500 2746500  9 19 17  17.3 1008 268  2.6 3  7.3  59  137   96 331 -406  1
3797500 2746500  9 19 18  16.3 1008 223  1.4 4  7.5  62   56   58 324 -402  1
3797500 2746500  9 19 19  15.7 1009 232  1.4 4  7.6  67    0    4 325 -393  1
3797500 2746500  9 19 20  14.6 1010 231  1.3 4  7.8  72    0    0 322 -383  1
3797500 2746500  9 19 21  13.4 1011 214  1.3 2  7.6  76    0    0 309 -377  1
3797500 2746500  9 19 22  12.6 1012 200  1.4 1  7.4  79    0    0 293 -374  1
3797500 2746500  9 19 23  13.3 1012 180  1.4 1  7.5  81    0    0 288 -371  1
3797500 2746500  9 19 24  12.4 1012 178  1.5 0  7.5  81    0    0 283 -369  1
3797500 2746500  9 20  1  12.5 1013 180  1.5 0  7.5  83    0    0 278 -367  1
3797500 2746500  9 20  2  12.3 1013 181  1.6 0  7.4  82    0    0 278 -365  1
3797500 2746500  9 20  3  12.4 1014 212  2.6 0  7.3  82    0    0 277 -364  1
3797500 2746500  9 20  4  12.1 1014 183  1.7 1  7.3  82    0    0 281 -363  1
3797500 2746500  9 20  5  13.0 1014 212  2.6 3  7.4  81    0    0 294 -362  1
3797500 2746500  9 20  6  13.0 1014 203  1.9 3  7.5  80    0    0 305 -361  1
3797500 2746500  9 20  7  13.2 1014 175  2.0 6  7.5  80    0   11 319 -359  1
3797500 2746500  9 20  8  13.8 1015 187  2.2 7  7.7  80    0   59 341 -360  1
3797500 2746500  9 20  9  14.5 1015 214  3.4 7  8.0  79    9  152 350 -366  1
3797500 2746500  9 20 10  15.2 1016 215  3.8 7  8.2  78    9  200 355 -377  1
3797500 2746500  9 20 11  15.4 1016 203  3.8 6  8.6  79    6  212 353 -391  1
3797500 2746500  9 20 12  16.0 1016 192  3.2 6  9.0  81   10  248 351 -404  1
3797500 2746500  9 20 13  16.7 1016 217  3.2 7  9.0  78    0  166 357 -414  1
3797500 2746500  9 20 14  17.0 1016 216  3.7 8  8.9  74    0   90 367 -423  1
3797500 2746500  9 20 15  17.2 1016 224  3.1 8  8.7  72    0   87 375 -427  1
3797500 2746500  9 20 16  16.8 1015 217  3.2 8  8.6  71    0   77 375 -427  1
3797500 2746500  9 20 17  16.8 1015 226  2.8 8  8.6  72    0   87 375 -422  1
3797500 2746500  9 20 18  16.9 1015 218  2.6 7  8.6  72    4   51 372 -412  1
3797500 2746500  9 20 19  16.4 1015 219  2.5 7  8.5  72    0    4 365 -400  1
3797500 2746500  9 20 20  16.5 1016 220  2.5 7  8.3  71    0    0 362 -389  1
3797500 2746500  9 20 21  16.4 1016 214  2.0 7  8.2  71    0    0 359 -384  1
3797500 2746500  9 20 22  16.4 1016 213  2.1 7  8.2  71    0    0 357 -381  1
3797500 2746500  9 20 23  16.2 1016 214  2.7 8  8.1  70    0    0 357 -378  1
3797500 2746500  9 20 24  16.0 1015 214  2.4 8  8.1  71    0    0 356 -376  1
3797500 2746500  9 21  1  15.7 1015 216  2.5 8  8.1  72    0    0 351 -374  1
3797500 2746500  9 21  2  15.6 1015 215  2.2 8  8.2  74    0    0 345 -373  1
3797500 2746500  9 21  3  15.6 1015 215  1.9 8  8.1  73    0    0 340 -371  1
3797500 2746500  9 21  4  15.5 1014 215  2.1 8  8.0  73    0    0 337 -370  1
3797500 2746500  9 21  5  15.3 1014 179  1.6 7  8.1  74    0    0 331 -368  1
3797500 2746500  9 21  6  15.3 1014 216  2.4 7  8.0  74    0    0 326 -367  1
3797500 2746500  9 21  7  15.0 1014 189  1.6 7  8.1  75    0    7 326 -367  1
3797500 2746500  9 21  8  15.3 1014 204  2.3 7  8.2  76    0   45 327 -368  1
3797500 2746500  9 21  9  15.5 1014 206  2.0 8  8.4  77    0   82 329 -375  1
3797500 2746500  9 21 10  16.1 1014 204  2.6 7  8.7  77    1  154 328 -389  1
3797500 2746500  9 21 11  17.0 1014 216  3.6 6  8.6  73    0  165 325 -405  1
3797500 2746500  9 21 12  17.2 1013 222  3.7 7  8.2  68    0  184 327 -419  1
3797500 2746500  9 21 13  17.8 1013 221  4.8 6  7.7  62   12  258 330 -431  1
3797500 2746500  9 21 14  18.3 1013 217  4.6 7  7.5  58   20  264 333 -439  1
3797500 2746500  9 21 15  18.0 1012 237  3.2 7  7.6  58   10  213 338 -442  1
3797500 2746500  9 21 16  17.8 1012 237  3.0 6  7.7  60   46  228 338 -441  1
3797500 2746500  9 21 17  17.8 1011 228  2.8 7  7.7  61   15  134 339 -435  1
3797500 2746500  9 21 18  17.4 1011 223  2.5 7  7.8  62    2   46 341 -425  1
3797500 2746500  9 21 19  17.4 1011 219  2.7 8  8.0  64    0    1 344 -412  1
3797500 2746500  9 21 20  17.1 1011 218  3.3 8  8.1  65    0    0 348 -404  1
3797500 2746500  9 21 21  17.1 1011 227  3.7 7  8.1  67    0    0 346 -400  1
3797500 2746500  9 21 22  16.9 1011 221  4.2 8  8.2  68    0    0 347 -397  1
3797500 2746500  9 21 23  16.7 1011 225  4.5 8  8.3  70    0    0 350 -393  1
3797500 2746500  9 21 24  16.4 1011 225  4.1 8  8.6  73    0    0 350 -392  1
3797500 2746500  9 22  1  16.4 1011 221  3.6 7  8.9  76    0    0 347 -392  1
3797500 2746500  9 22  2  16.2 1011 231  3.6 7  8.9  77    0    0 343 -392  1
3797500 2746500  9 22  3  15.5 1011 239  3.0 7  8.9  79    0    0 342 -390  1
3797500 2746500  9 22  4  14.5 1011 249  2.2 7  8.5  79    0    0 338 -386  1
3797500 2746500  9 22  5  13.5 1011 239  2.9 7  8.0  80    0    0 333 -379  1
3797500 2746500  9 22  6  12.5 1011 231  3.1 5  7.8  84    0    0 322 -374  1
3797500 2746500  9 22  7  13.1 1011 230  3.3 6  7.8  85    0   12 318 -370  1
3797500 2746500  9 22  8  13.6 1012 220  3.6 5  8.0  83   24   77 319 -370  1
3797500 2746500  9 22  9  14.3 1012 229  3.5 6  8.2  82   41  141 319 -375  1
3797500 2746500  9 22 10  14.5 1012 239  3.4 7  8.3  81    2  149 324 -386  1
3797500 2746500  9 22 11  15.3 1012 240  3.3 7  8.5  80    7  188 327 -399  1
3797500 2746500  9 22 12  15.8 1013 239  3.7 6  8.6  78   49  250 325 -409  1
3797500 2746500  9 22 13  16.3 1013 248  3.9 6  8.3  73   35  244 324 -418  1
3797500 2746500  9 22 14  16.8 1012 242  3.7 5  8.3  70  115  250 323 -422  1
3797500 2746500  9 22 15  16.9 1012 262  4.1 4  8.0  66  138  212 318 -421  1
3797500 2746500  9 22 16  17.1 1012 253  3.9 6  7.7  63   52  166 319 -421  1
3797500 2746500  9 22 17  16.8 1012 246  2.8 5  7.6  63   77  103 319 -418  1
3797500 2746500  9 22 18  16.3 1012 247  2.3 6  7.8  66   25   42 316 -410  1
3797500 2746500  9 22 19  15.0 1012 233  1.4 6  8.0  72    0    0 315 -401  1
3797500 2746500  9 22 20  14.3 1013 241  0.9 6  8.0  77    0    0 311 -392  1
3797500 2746500  9 22 21  13.8 1013 236  0.6 6  8.0  80    0    0 309 -386  1
3797500 2746500  9 22 22  12.8 1014 220  0.9 5  8.0  84    0    0 305 -380  1
3797500 2746500  9 22 23  12.9 1014 228  1.0 6  7.8  85    0    0 302 -374  1
3797500 2746500  9 22 24  12.2 1014 214  0.8 7  7.6  84    0    0 305 -371  1
3797500 2746500  9 23  1  12.1 1014 217  1.2 7  7.5  84    0    0 306 -368  1
3797500 2746500  9 23  2  12.1 1014 204  1.4 8  7.5  85    0    0 308 -365  1
3797500 2746500  9 23  3  12.1 1013 197  1.2 7  7.6  86    0    0 307 -362  1
3797500 2746500  9 23  4  12.5 1013 186  1.5 6  7.6  85    0    0 303 -360  1
3797500 2746500  9 23  5  12.4 1013 205  1.9 6  7.7  85    0    0 300 -359  1
3797500 2746500  9 23  6  12.3 1013 220  2.2 5  7.6  85    0    0 297 -358  1
3797500 2746500  9 23  7  12.4 1013 204  1.8 6  7.8  87    0    6 298 -357  1
3797500 2746500  9 23  8  12.9 1013 223  2.4 7  8.1  88    0   50 304 -358  1
3797500 2746500  9 23  9  13.3 1013 217  2.8 8  8.3  88    0   92 309 -366  1
3797500 2746500  9 23 10  14.3 1013 219  2.8 7  8.5  86   58  184 311 -380  1
3797500 2746500  9 23 11  15.4 1013 226  3.3 5  8.6  81  359  105 309 -398  1
3797500 2746500  9 23 12  16.3 1013 228  3.1 5  8.4  75  358  139 310 -413  1
3797500 2746500  9 23 13  17.7 1013 240  2.7 4  8.3  69  215  218 315 -425  1
3797500 2746500  9 23 14  17.4 1012 224  2.4 6  8.3  66   17  204 319 -432  1
3797500 2746500  9 23 15  17.2 1012 211  1.6 8  8.1  66    2  152 326 -434  1
3797500 2746500  9 23 16  17.7 1012 219  1.7 7  7.9  64   15  136 327 -429  1
3797500 2746500  9 23 17  17.8 1012 347  1.1 7  7.8  61   67   92 326 -422  1
3797500 2746500  9 23 18  16.9 1011 235  0.9 5  8.1  66   33   35 322 -413  1
3797500 2746500  9 23 19  14.4 1011 158  0.6 4  8.4  75    0    0 311 -400  1
3797500 2746500  9 23 20  13.8 1011 115  0.9 3  8.2  81    0    0 302 -389  1
3797500 2746500  9 23 21  13.6 1012 128  0.7 3  7.9  80    0    0 297 -383  1
3797500 2746500  9 23 22  13.0 1012 104  0.8 2  7.7  80    0    0 293 -378  1
3797500 2746500  9 23 23  12.4 1012 111  1.0 2  7.4  81    0    0 288 -373  1
3797500 2746500  9 23 24  12.4 1012 108  0.8 2  7.3  81    0    0 286 -370  1
3797500 2746500  9 24  1  12.0 1011 103  1.1 0  7.2  81    0    0 282 -367  1
3797500 2746500  9 24  2  11.7 1011  89  1.4 1  7.2  83    0    0 280 -364  1
3797500 2746500  9 24  3  11.4 1011 104  1.4 3  7.1  83    0    0 282 -361  1
3797500 2746500  9 24  4  11.8 1011 102  1.5 5  6.9  81    0    0 289 -359  1
3797500 2746500  9 24  5  11.2 1011 114  1.5 5  6.9  81    0    0 291 -357  1
3797500 2746500  9 24  6  10.7 1011 100  1.6 5  6.8  83    0    0 289 -356  1
3797500 2746500  9 24  7  10.8 1011 102  1.8 4  6.7  84    0   13 288 -356  1
3797500 2746500  9 24  8  13.1 1011 116  1.7 6  7.2  82   10   75 295 -359  1
3797500 2746500  9 24  9  14.7 1010 104  1.4 7  7.8  78   37  150 307 -368  1
3797500 2746500  9 24 10  17.1 1010  96  1.4 6  8.1  72  133  204 314 -383  1
3797500 2746500  9 24 11  18.8 1010 112  2.4 6  8.2  64  245  222 319 -401  1
3797500 2746500  9 24 12  19.7 1010 120  1.7 6  7.9  56  317  218 325 -419  1
3797500 2746500  9 24 13  20.7 1009 119  1.5 5  8.0  54  343  210 328 -435  1
3797500 2746500  9 24 14  20.8 1009 150  2.9 4  8.3  54  321  198 326 -447  1
3797500 2746500  9 24 15  21.5 1008 125  2.1 6  8.4  53  269  177 330 -452  1
3797500 2746500  9 24 16  21.9 1008 161  1.7 5  8.6  53  188  147 334 -451  1
3797500 2746500  9 24 17  22.0 1008 185  1.3 3  8.7  52  120  104 327 -443  1
3797500 2746500  9 24 18  20.3 1008 218  0.7 2  8.7  55   29   48 317 -430  1
3797500 2746500  9 24 19  17.5 1008 189  0.6 1  8.6  63    0    0 306 -415  1
3797500 2746500  9 24 20  16.9 1009 237  0.8 2  8.7  70    0    0 301 -404  1
3797500 2746500  9 24 21  17.4 1009 335  1.5 2  8.6  70    0    0 302 -397  1
3797500 2746500  9 24 22  16.2 1009 152  0.8 0  8.5  71    0    0 297 -393  1
3797500 2746500  9 24 23  15.8 1010 197  0.9 2  8.5  74    0    0 295 -388  1
3797500 2746500  9 24 24  16.0 1010 200  1.4 3  8.5  75    0    0 300 -384  1
3797500 2746500  9 25  1  14.6 1010 206  1.5 1  8.4  77    0    0 296 -380  1
3797500 2746500  9 25  2  14.4 1010 196  1.8 3  8.3  80    0    0 294 -376  1
3797500 2746500  9 25  3  15.0 1010 201  1.7 4  8.3  79    0    0 300 -375  1
3797500 2746500  9 25  4  13.6 1010 195  1.5 3  8.3  81    0    0 299 -374  1
3797500 2746500  9 25  5  13.0 1011 190  1.4 2  8.1  84    0    0 292 -372  1
3797500 2746500  9 25  6  13.6 1011 198  1.7 2  8.1  84    0    0 290 -370  1
3797500 2746500  9 25  7  14.0 1011 187  1.5 1  8.1  82    0   14 289 -368  1
3797500 2746500  9 25  8  14.7 1011 197  1.7 0  8.3  81   45   68 287 -369  1
3797500 2746500  9 25  9  16.4 1012 193  1.5 0  8.6  78  146  112 289 -376  1
3797500 2746500  9 25 10  17.5 1012 160  2.4 0  9.1  75  261  137 296 -390  1
3797500 2746500  9 25 11  19.1 1012 201  2.3 0  9.2  70  352  151 302 -407  1
3797500 2746500  9 25 12  20.6 1012 204  1.8 0  9.5  65  418  154 311 -422  1
3797500 2746500  9 25 13  21.0 1012 225  2.1 0  9.5  62  438  152 316 -434  1
3797500 2746500  9 25 14  21.7 1012 226  2.7 0  9.1  57  415  143 318 -443  1
3797500 2746500  9 25 15  22.2 1012 235  2.7 0  8.9  54  352  132 321 -446  1
3797500 2746500  9 25 16  22.8 1012 242  2.2 1  9.0  53  247  118 325 -444  1
3797500 2746500  9 25 17  22.7 1012 220  1.8 0  9.1  52  138   92 326 -436  1
3797500 2746500  9 25 18  21.2 1012 251  1.2 3  9.1  55   34   45 326 -425  1
3797500 2746500  9 25 19  18.7 1012 150  1.1 4  9.4  64    0    0 329 -410  1
3797500 2746500  9 25 20  17.6 1013 119  1.1 4  9.3  71    0    0 324 -399  1
3797500 2746500  9 25 21  18.0 1013 110  1.5 6  9.3  72    0    0 325 -393  1
3797500 2746500  9 25 22  17.2 1013 165  1.2 5  9.2  73    0    0 324 -390  1
3797500 2746500  9 25 23  16.8 1014 176  1.4 4  9.0  74    0    0 317 -387  1
3797500 2746500  9 25 24  18.3 1014 204  1.7 2  8.9  71    0    0 314 -384  1
3797500 2746500  9 26  1  18.2 1014 183  2.1 1  9.0  68    0    0 313 -382  1
3797500 2746500  9 26  2  17.9 1014 189  2.1 2  9.0  70    0    0 313 -380  1
3797500 2746500  9 26  3  17.9 1014 187  1.9 4  9.0  70    0    0 317 -379  1
3797500 2746500  9 26  4  17.7 1014 178  2.0 3  8.9  70    0    0 317 -377  1
3797500 2746500  9 26  5  17.7 1014 175  2.0 4  8.9  71    0    0 317 -376  1
3797500 2746500  9 26  6  17.4 1014 167  1.7 5  8.9  71    0    0 318 -375  1
3797500 2746500  9 26  7  17.4 1015 174  1.7 5  9.0  72    0    9 320 -374  1
3797500 2746500  9 26  8  18.0 1015 172  1.7 5  9.1  72    6   69 321 -376  1
3797500 2746500  9 26  9  18.9 1015 173  1.3 5  9.5  71   72  141 323 -385  1
3797500 2746500  9 26 10  20.4 1015 176  2.5 5  9.8  68  104  196 328 -400  1
3797500 2746500  9 26 11  21.5 1016 225  3.4 6 10.1  65  183  224 335 -417  1
3797500 2746500  9 26 12  22.3 1016 224  2.9 6 10.5  64  220  245 342 -432  1
3797500 2746500  9 26 13  23.1 1016 233  3.1 5 10.7  62  219  254 347 -444  1
3797500 2746500  9 26 14  23.6 1016 244  3.8 6 10.4  58  127  257 352 -452  1
3797500 2746500  9 26 15  23.8 1016 250  4.3 6  9.9  54  103  223 355 -455  1
3797500 2746500  9 26 16  24.1 1016 251  3.5 5  9.7  52  133  154 357 -454  1
3797500 2746500  9 26 17  23.5 1016 220  2.6 3  9.9  54  132   86 355 -447  1
3797500 2746500  9 26 18  23.2 1016 233  1.8 3 10.0  56   34   42 352 -435  1
3797500 2746500  9 26 19  20.5 1017 237  1.1 3  9.9  61    0    0 347 -420  1
3797500 2746500  9 26 20  19.9 1017 238  1.0 4  9.9  67    0    0 346 -407  1
3797500 2746500  9 26 21  20.0 1018 230  0.9 6 10.1  69    0    0 351 -398  1
3797500 2746500  9 26 22  19.3 1018 353  1.6 7 10.2  72    0    0 356 -393  1
3797500 2746500  9 26 23  18.5 1019 319  1.4 7 10.1  74    0    0 356 -392  1
3797500 2746500  9 26 24  17.5 1019 336  0.7 7 10.0  77    0    0 353 -391  1
3797500 2746500  9 27  1  16.7 1020  13  1.4 7 10.0  82    0    0 349 -386  1
3797500 2746500  9 27  2  16.8 1020  13  1.5 8 10.1  85    0    0 350 -385  1
3797500 2746500  9 27  3  16.6 1020 100  1.3 8 10.1  85    0    0 352 -385  1
3797500 2746500  9 27  4  15.8 1020 110  1.3 7 10.2  88    0    0 349 -385  1
3797500 2746500  9 27  5  16.2 1020 110  1.1 7 10.2  90    0    0 348 -386  1
3797500 2746500  9 27  6  15.6 1021 146  1.2 7 10.2  90    0    0 349 -387  1
3797500 2746500  9 27  7  15.5 1021 293  1.4 7 10.2  93    0    4 349 -388  1
3797500 2746500  9 27  8  16.6 1022   9  1.2 6 10.4  92   10   66 348 -390  1
3797500 2746500  9 27  9  17.4 1022 125  1.3 6 10.8  89   41  129 348 -394  1
3797500 2746500  9 27 10  18.6 1022 265  0.7 5 11.1  87  107  168 349 -401  1
3797500 2746500  9 27 11  19.4 1023 300  1.3 5 11.1  81  262  144 350 -416  1
3797500 2746500  9 27 12  19.8 1023 357  1.6 6 10.9  77  157  216 355 -433  1
3797500 2746500  9 27 13  20.1 1023 321  2.2 7 10.9  76   56  230 362 -444  1
3797500 2746500  9 27 14  20.3 1023 331  2.3 7 10.7  73   47  212 363 -452  1
3797500 2746500  9 27 15  21.2 1023 336  2.3 5 10.4  68  119  186 358 -455  1
3797500 2746500  9 27 16  21.4 1023 345  1.9 6 10.2  65  119  132 356 -452  1
3797500 2746500  9 27 17  20.7 1023  22  2.1 6 10.2  66  110   63 355 -444  1
3797500 2746500  9 27 18  19.6 1023   5  1.8 6 10.1  69   23   31 350 -433  1
3797500 2746500  9 27 19  17.9 1023  43  1.5 5  9.9  74    0    0 342 -420  1
3797500 2746500  9 27 20  16.9 1023  35  1.2 5  9.8  80    0    0 334 -410  1
3797500 2746500  9 27 21  16.7 1024  48  1.5 4  9.8  83    0    0 328 -404  1
3797500 2746500  9 27 22  15.7 1024  99  0.6 2  9.8  85    0    0 318 -398  1
3797500 2746500  9 27 23  14.8 1024  97  0.9 1  9.6  90    0    0 307 -394  1
3797500 2746500  9 27 24  14.3 1024  93  1.0 0  9.4  92    0    0 301 -390  1
3797500 2746500  9 28  1  14.6 1024  81  0.8 2  9.2  90    0    0 301 -387  1
3797500 2746500  9 28  2  13.8 1024  86  0.9 4  9.3  93    0    0 308 -384  1
3797500 2746500  9 28  3  13.2 1024 104  0.8 6  9.1  95    0    0 315 -381  1
3797500 2746500  9 28  4  13.5 1024  90  0.7 4  8.9  93    0    0 316 -379  1
3797500 2746500  9 28  5  12.1 1024 100  1.0 3  8.5  93    0    0 307 -377  1
3797500 2746500  9 28  6  11.7 1024 108  0.6 2  8.2  95    0    0 299 -375  1
3797500 2746500  9 28  7  12.5 1024  99  1.5 3  8.4  96    0   10 300 -373  1
3797500 2746500  9 28  8  13.7 1024 100  1.7 3  8.8  94   27   74 304 -374  1
3797500 2746500  9 28  9  17.0 1024 114  1.5 0  9.4  87  145  107 303 -380  1
3797500 2746500  9 28 10  19.7 1024 117  1.3 0 10.2  78  272  119 307 -395  1
3797500 2746500  9 28 11  21.3 1023 127  1.6 0 10.6  71  373  124 316 -413  1
3797500 2746500  9 28 12  22.9 1023  72  1.4 0 11.0  66  439  124 324 -431  1
3797500 2746500  9 28 13  23.8 1023  73  1.8 0 10.7  60  453  123 329 -446  1
3797500 2746500  9 28 14  24.2 1022  86  1.6 0  9.9  54  435  111 331 -455  1
3797500 2746500  9 28 15  24.5 1022 166  2.3 0  9.7  51  370  103 331 -459  1
3797500 2746500  9 28 16  25.0 1021  71  1.3 0  9.9  51  260   97 333 -457  1
3797500 2746500  9 28 17  24.1 1021  92  1.9 0 10.2  53  132   82 332 -449  1
3797500 2746500  9 28 18  23.2 1021  67  1.1 0 10.2  56   24   40 329 -437  1
3797500 2746500  9 28 19  20.1 1021  77  1.8 0 10.5  65    0    0 323 -423  1
3797500 2746500  9 28 20  19.5 1021  97  1.8 1 10.8  75    0    0 317 -411  1
3797500 2746500  9 28 21  19.1 1021  94  1.2 1 10.7  76    0    0 315 -404  1
3797500 2746500  9 28 22  18.5 1021 114  1.8 1 10.5  78    0    0 314 -399  1
3797500 2746500  9 28 23  18.2 1021 117  1.9 2 10.3  78    0    0 312 -395  1
3797500 2746500  9 28 24  17.5 1021 104  1.8 2 10.0  78    0    0 311 -392  1
3797500 2746500  9 29  1  17.6 1021 105  1.9 3  9.5  76    0    0 310 -388  1
3797500 2746500  9 29  2  17.2 1021 111  1.6 2  9.3  75    0    0 308 -384  1
3797500 2746500  9 29  3  16.7 1021 110  1.7 2  9.2  77    0    0 306 -381  1
3797500 2746500  9 29  4  18.3 1021  99  1.5 1  9.1  73    0    0 308 -379  1
3797500 2746500  9 29  5  17.3 1021 151  1.6 1  8.9  70    0    0 307 -377  1
3797500 2746500  9 29  6  16.7 1021 125  2.0 1  8.5  71    0    0 304 -376  1
3797500 2746500  9 29  7  16.6 1021 124  2.0 1  8.3  71    0   13 303 -375  1
3797500 2746500  9 29  8  17.9 1021 130  1.6 1  8.7  71   36   69 304 -375  1
3797500 2746500  9 29  9  19.7 1022 117  2.3 1  9.5  70  119  121 308 -382  1
3797500 2746500  9 29 10  21.4 1022 130  2.4 2 10.1  67  246  131 314 -397  1
3797500 2746500  9 29 11  22.9 1022 101  1.8 1 10.5  63  358  127 320 -417  1
3797500 2746500  9 29 12  24.1 1021 106  1.8 1 10.6  59  431  120 326 -437  1
3797500 2746500  9 29 13  24.8 1021  89  2.3 0 10.3  54  441  122 330 -452  1
3797500 2746500  9 29 14  25.1 1021  73  2.9 1  9.9  51  413  115 332 -463  1
3797500 2746500  9 29 15  25.2 1020  82  2.5 2  9.5  48  346  106 335 -467  1
3797500 2746500  9 29 16  25.2 1020 123  2.1 2  9.3  46  260   90 335 -464  1
3797500 2746500  9 29 17  24.7 1020 129  1.8 1  9.4  48  132   79 333 -455  1
3797500 2746500  9 29 18  23.4 1019 119  1.5 1  9.6  52   21   38 329 -442  1
3797500 2746500  9 29 19  21.5 1019 117  1.0 3  9.6  57    0    0 325 -427  1
3797500 2746500  9 29 20  20.0 1020 122  1.8 3  9.2  60    0    0 321 -415  1
3797500 2746500  9 29 21  19.4 1020 107  1.8 4  9.0  63    0    0 319 -407  1
3797500 2746500  9 29 22  17.9 1020 114  2.0 4  9.0  68    0    0 316 -402  1
3797500 2746500  9 29 23  17.5 1020 115  2.4 2  9.0  71    0    0 310 -398  1
3797500 2746500  9 29 24  18.5 1020 141  2.5 2  8.9  69    0    0 308 -394  1
3797500 2746500  9 30  1  18.9 1020 155  2.7 3  8.7  65    0    0 312 -390  1
3797500 2746500  9 30  2  19.8 1020 164  2.9 2  8.2  59    0    0 313 -387  1
3797500 2746500  9 30  3  18.5 1020 155  3.1 1  7.9  58    0    0 309 -385  1
3797500 2746500  9 30  4  17.1 1020 137  1.8 1  7.8  62    0    0 303 -383  1
3797500 2746500  9 30  5  15.3 1020  94  1.5 1  7.8  68    0    0 299 -381  1
3797500 2746500  9 30  6  14.4 1020 107  1.5 1  7.9  76    0    0 295 -379  1
3797500 2746500  9 30  7  15.5 1020 107  1.9 1  7.9  75    0   11 295 -377  1
3797500 2746500  9 30  8  17.2 1020 109  1.8 0  8.2  71   36   67 299 -378  1
3797500 2746500  9 30  9  20.1 1020  89  2.5 0  9.0  67  165   87 306 -384  1
3797500 2746500  9 30 10  21.7 1020 148  3.0 0  9.0  59  298   87 313 -398  1
3797500 2746500  9 30 11  22.7 1020 127  4.3 0  8.7  52  402   92 317 -417  1
3797500 2746500  9 30 12  24.2 1020 152  3.6 0  8.7  48  442  110 322 -436  1
3797500 2746500  9 30 13  25.0 1019 157  3.4 0  8.5  44  437  119 328 -452  1
3797500 2746500  9 30 14  25.6 1019 149  3.4 0  8.2  41  432   99 331 -462  1
3797500 2746500  9 30 15  26.0 1018 164  2.8 0  8.1  39  374   89 334 -465  1
3797500 2746500  9 30 16  25.8 1018 163  2.7 0  8.0  39  260   86 334 -462  1
3797500 2746500  9 30 17  25.4 1018 176  1.6 0  8.0  39  132   74 334 -455  1
3797500 2746500  9 30 18  23.1 1018 151  1.9 0  8.2  44   20   36 330 -443  1
3797500 2746500  9 30 19  21.7 1018 168  1.0 0  8.2  49    0    0 325 -430  1
3797500 2746500  9 30 20  20.2 1018 124  1.4 0  8.4  55    0    0 320 -420  1
3797500 2746500  9 30 21  19.2 1018 114  1.3 0  8.5  60    0    0 314 -413  1
3797500 2746500  9 30 22  18.7 1019 114  1.3 0  8.5  62    0    0 313 -406  1
3797500 2746500  9 30 23  18.2 1019 130  1.4 0  8.7  67    0    0 313 -400  1
3797500 2746500  9 30 24  17.7 1019 148  1.5 0  9.0  71    0    0 313 -397  1
3797500 2746500 10  1  1  16.9  996 170  1.5 1  9.3  76    0    0 324 -396  1
3797500 2746500 10  1  2  16.2  995 185  1.6 2  9.5  81    0    0 321 -395  1
3797500 2746500 10  1  3  15.6  996 194  1.7 2  9.7  85    0    0 322 -395  1
3797500 2746500 10  1  4  15.3  996 197  1.7 2  9.6  86    0    0 322 -394  1
3797500 2746500 10  1  5  15.2  996 202  1.7 3  9.5  85    0    0 323 -394  1
3797500 2746500 10  1  6  14.9  996 205  1.6 3  9.3  87    0    0 325 -393  1
3797500 2746500 10  1  7  14.7  996 205  1.4 4  9.0  84    0    3 328 -393  1
3797500 2746500 10  1  8  15.1  997 210  1.5 2  9.0  83   18   69 323 -392  1
3797500 2746500 10  1  9  16.2  997 235  1.9 1  9.2  81   88  131 313 -393  1
3797500 2746500 10  1 10  16.7  998 237  2.3 3  9.5  80   74  194 320 -394  1
3797500 2746500 10  1 11  17.4  998 243  2.4 5  9.6  77   51  226 339 -396  1
3797500 2746500 10  1 12  17.8  998 246  1.9 5  9.5  74   91  258 349 -398  1
3797500 2746500 10  1 13  18.4  998 228  2.0 6  9.6  73   61  257 355 -400  1
3797500 2746500 10  1 14  18.5  998 241  2.7 7  9.5  70   11  198 364 -400  1
3797500 2746500 10  1 15  18.5  999 254  2.7 7  9.4  69    2  148 368 -401  1
3797500 2746500 10  1 16  18.5  999 237  2.5 8  9.2  68    0   64 371 -400  1
3797500 2746500 10  1 17  18.2  999 245  1.9 7  9.1  68    1   69 370 -399  1
3797500 2746500 10  1 18  17.8  999 266  1.7 8  9.2  70    5   31 369 -398  1
3797500 2746500 10  1 19  17.2  999 257  1.7 8  9.3  73    0    0 371 -397  1
3797500 2746500 10  1 20  16.8 1000 259  1.2 8  9.3  75    0    0 370 -396  1
3797500 2746500 10  1 21  16.5 1000 264  1.1 8  9.3  77    0    0 370 -395  1
3797500 2746500 10  1 22  16.5 1000 254  1.2 8  9.2  78    0    0 371 -395  1
3797500 2746500 10  1 23  16.2 1001 278  1.3 8  9.2  78    0    0 372 -394  1
3797500 2746500 10  1 24  15.8 1000 282  1.8 8  9.3  80    0    0 370 -394  1
3797500 2746500 10  2  1  15.3 1000 272  1.2 8  9.3  84    0    0 367 -394  1
3797500 2746500 10  2  2  15.0 1000 307  2.6 8  9.4  86    0    0 368 -393  1
3797500 2746500 10  2  3  15.0 1000 303  2.1 8  9.5  88    0    0 369 -393  1
3797500 2746500 10  2  4  14.8  999 318  1.8 8  9.4  88    0    0 371 -393  1
3797500 2746500 10  2  5  14.5  999 328  2.6 8  9.4  88    0    0 370 -392  1
3797500 2746500 10  2  6  14.6  999 326  2.6 8  9.5  90    0    0 370 -392  1
3797500 2746500 10  2  7  14.6  998 331  2.2 8  9.7  92    0    1 371 -392  1
3797500 2746500 10  2  8  14.4  998 317  1.9 8  9.7  92    0   25 371 -392  1
3797500 2746500 10  2  9  14.2  998 276  1.9 7  9.6  93    0   63 365 -393  1
3797500 2746500 10  2 10  13.6  999 277  1.9 8  9.4  93    0   47 365 -393  1
3797500 2746500 10  2 11  13.4  999 265  2.4 8  9.3  95    0   58 367 -393  1
3797500 2746500 10  2 12  13.4  999 272  2.6 8  9.4  96    0   55 366 -393  1
3797500 2746500 10  2 13  13.4  999 254  2.0 8  9.4  96    0   56 366 -392  1
3797500 2746500 10  2 14  13.8  999 247  2.5 8  9.4  95    0   53 367 -390  1
3797500 2746500 10  2 15  13.8  999 249  2.2 8  9.4  94    0   47 366 -389  1
3797500 2746500 10  2 16  14.2  999 234  2.7 8  9.5  93    0   38 367 -388  1
3797500 2746500 10  2 17  13.9  999 239  3.4 8  9.5  93    0   43 368 -386  1
3797500 2746500 10  2 18  14.0  999 239  2.2 8  9.4  93    6   22 369 -386  1
3797500 2746500 10  2 19  13.9  999 213  1.5 6  9.4  93    0    0 361 -384  1
3797500 2746500 10  2 20  13.5  999 170  0.8 5  9.2  92    0    0 346 -381  1
3797500 2746500 10  2 21  12.8  999 169  0.8 4  8.7  91    0    0 332 -377  1
3797500 2746500 10  2 22  12.8  998 182  0.6 5  8.6  92    0    0 329 -374  1
3797500 2746500 10  2 23  12.7  998 173  1.4 5  8.7  93    0    0 332 -371  1
3797500 2746500 10  2 24  12.7  998 203  0.4 6  8.7  94    0    0 335 -372  1
3797500 2746500 10  3  1  12.5  998 183  1.5 6  8.6  92    0    0 337 -374  1
3797500 2746500 10  3  2  12.3  998 156  0.9 4  8.4  92    0    0 325 -373  1
3797500 2746500 10  3  3  12.1  998 171  1.7 5  8.3  92    0    0 316 -373  1
3797500 2746500 10  3  4  12.0  998 179  1.7 6  8.2  92    0    0 327 -374  1
3797500 2746500 10  3  5  12.2  997 187  1.7 6  8.1  90    0    0 333 -375  1
3797500 2746500 10  3  6  12.3  997 188  1.8 6  8.0  88    0    0 333 -376  1
3797500 2746500 10  3  7  12.2  997 179  1.9 5  7.9  88    0    1 328 -376  1
3797500 2746500 10  3  8  12.3  997 164  1.8 3  7.9  87   53   38 311 -376  1
3797500 2746500 10  3  9  13.5  997 187  2.5 2  8.1  86  191   54 295 -378  1
3797500 2746500 10  3 10  15.1  998 171  2.7 2  8.4  81  333   55 297 -381  1
3797500 2746500 10  3 11  15.9  998 191  3.5 2  8.3  74  424   51 304 -380  1
3797500 2746500 10  3 12  15.8  998 210  3.2 5  8.1  71  198  189 322 -379  1
3797500 2746500 10  3 13  16.0  999 192  3.2 6  8.1  71   18  190 343 -380  1
3797500 2746500 10  3 14  16.1  999 196  2.4 6  8.2  71   42  178 350 -381  1
3797500 2746500 10  3 15  15.5  999 210  2.5 7  8.2  72    1  122 354 -380  1
3797500 2746500 10  3 16  14.8 1000 224  1.9 7  8.2  75    0   53 356 -377  1
3797500 2746500 10  3 17  14.9 1001 175  1.3 6  8.1  76   13   64 349 -375  1
3797500 2746500 10  3 18  14.3 1002 182  1.1 5  8.0  76   32   19 336 -373  1
3797500 2746500 10  3 19  13.9 1002 201  1.4 5  8.0  79    0    0 330 -371  1
3797500 2746500 10  3 20  13.9 1004 219  2.7 5  7.8  78    0    0 329 -368  1
3797500 2746500 10  3 21  13.3 1005 209  1.4 2  7.6  77    0    0 311 -366  1
3797500 2746500 10  3 22  12.9 1006 211  2.7 1  7.5  79    0    0 289 -365  1
3797500 2746500 10  3 23  12.6 1007 199  1.8 1  7.5  81    0    0 281 -363  1
3797500 2746500 10  3 24  13.1 1008 210  1.6 1  7.5  81    0    0 280 -362  1
3797500 2746500 10  4  1  12.9 1009 209  2.5 2  7.6  81    0    0 284 -361  1
3797500 2746500 10  4  2  12.9 1009 209  2.6 5  7.7  82    0    0 301 -359  1
3797500 2746500 10  4  3  13.2 1010 209  2.6 7  7.8  83    0    0 321 -357  1
3797500 2746500 10  4  4  13.4 1011 213  2.6 8  7.9  83    0    0 332 -354  1
3797500 2746500 10  4  5  13.4 1011 203  1.8 8  8.1  84    0    0 333 -350  1
3797500 2746500 10  4  6  13.3 1012 229  2.5 7  8.1  84    0    0 328 -348  1
3797500 2746500 10  4  7  13.0 1012 217  2.4 7  8.0  85    0    0 321 -346  1
3797500 2746500 10  4  8  12.8 1013 222  3.0 6  7.9  85    5   47 315 -345  1
3797500 2746500 10  4  9  13.1 1014 241  3.3 6  7.9  84   56  121 311 -349  1
3797500 2746500 10  4 10  14.3 1014 222  2.6 3  7.9  81  197  146 301 -358  1
3797500 2746500 10  4 11  14.8 1015 223  2.7 3  7.7  75  229  191 289 -367  1
3797500 2746500 10  4 12  15.3 1015 221  2.7 3  7.3  68  244  215 290 -376  1
3797500 2746500 10  4 13  16.1 1016 221  2.8 3  7.0  63  279  205 293 -383  1
3797500 2746500 10  4 14  16.5 1016 223  2.8 4  6.9  60  107  214 300 -387  1
3797500 2746500 10  4 15  16.7 1015 185  2.2 4  7.1  61  163  178 303 -388  1
3797500 2746500 10  4 16  16.5 1015 227  2.3 4  7.3  62  108  130 300 -386  1
3797500 2746500 10  4 17  16.1 1015 134  1.1 6  7.4  64   36   75 306 -382  1
3797500 2746500 10  4 18  15.9 1015 136  1.9 5  7.4  66   19   26 308 -375  1
3797500 2746500 10  4 19  13.8 1014 142  0.9 3  7.4  70    0    0 288 -366  1
3797500 2746500 10  4 20  13.0 1015 139  1.5 3  7.3  76    0    0 272 -358  1
3797500 2746500 10  4 21  12.7 1015 140  1.6 3  7.2  78    0    0 270 -354  1
3797500 2746500 10  4 22  13.1 1015 156  1.9 2  7.2  77    0    0 265 -351  1
3797500 2746500 10  4 23  12.8 1015 157  2.5 2  7.1  76    0    0 259 -350  1
3797500 2746500 10  4 24  12.7 1015 178  1.7 3  7.1  78    0    0 263 -348  1
3797500 2746500 10  5  1  12.4 1015 191  1.5 3  7.2  80    0    0 269 -347  1
3797500 2746500 10  5  2  12.5 1015 187  1.5 3  7.3  81    0    0 269 -345  1
3797500 2746500 10  5  3  12.0 1014 154  1.6 3  7.2  81    0    0 267 -344  1
3797500 2746500 10  5  4  12.1 1014 173  2.3 5  7.2  82    0    0 278 -344  1
3797500 2746500 10  5  5  11.9 1014 144  2.1 3  7.2  82    0    0 276 -345  1
3797500 2746500 10  5  6  12.2 1014 175  2.1 3  7.2  82    0    0 262 -347  1
3797500 2746500 10  5  7  11.9 1014 158  2.1 5  7.2  82    0    0 279 -348  1
3797500 2746500 10  5  8  12.4 1014 148  2.7 6  7.2  81    0   11 302 -351  1
3797500 2746500 10  5  9  12.7 1014 160  1.9 6  7.3  81    0   53 313 -357  1
3797500 2746500 10  5 10  13.1 1014 157  2.1 7  7.3  79    2  131 322 -366  1
3797500 2746500 10  5 11  14.0 1014 200  2.8 6  7.3  75   71  232 326 -376  1
3797500 2746500 10  5 12  15.4 1014 221  3.6 6  7.4  71  145  267 325 -384  1
3797500 2746500 10  5 13  15.3 1014 234  4.0 7  7.6  70   65  247 333 -390  1
3797500 2746500 10  5 14  15.0 1014 235  3.0 8  7.7  72    3  153 344 -395  1
3797500 2746500 10  5 15  14.6 1014 254  3.0 8  8.1  77    0  111 350 -398  1
3797500 2746500 10  5 16  14.7 1014 206  2.2 8  8.3  79    0   84 352 -396  1
3797500 2746500 10  5 17  14.8 1014 159  2.2 8  8.3  79   12   73 354 -392  1
3797500 2746500 10  5 18  14.8 1014 149  1.4 8  8.3  79    5   20 355 -384  1
3797500 2746500 10  5 19  14.5 1014 173  1.9 7  8.4  80    0    0 349 -375  1
3797500 2746500 10  5 20  14.2 1014 175  1.2 7  8.4  82    0    0 344 -370  1
3797500 2746500 10  5 21  14.5 1014 188  1.2 6  8.4  82    0    0 339 -369  1
3797500 2746500 10  5 22  14.3 1014 198  1.1 8  8.4  82    0    0 347 -370  1
3797500 2746500 10  5 23  14.2 1014 180  1.1 8  8.4  82    0    0 360 -370  1
3797500 2746500 10  5 24  14.2 1014 206  1.1 7  8.4  83    0    0 354 -369  1
3797500 2746500 10  6  1  13.7 1013 179  1.0 8  8.5  85    0    0 353 -367  1
3797500 2746500 10  6  2  13.7 1013 132  1.2 7  8.5  87    0    0 354 -365  1
3797500 2746500 10  6  3  13.3 1013 141  1.2 7  8.4  87    0    0 345 -363  1
3797500 2746500 10  6  4  13.6 1012 181  1.1 6  8.3  86    0    0 337 -361  1
3797500 2746500 10  6  5  13.8 1012 171  1.7 7  8.3  85    0    0 339 -359  1
3797500 2746500 10  6  6  13.4 1011 181  1.0 7  8.3  85    0    0 348 -358  1
3797500 2746500 10  6  7  12.9 1011 203  1.0 8  8.4  88    0    0 355 -361  1
3797500 2746500 10  6  8  13.1 1011 192  1.0 8  8.4  90    0   23 360 -363  1
3797500 2746500 10  6  9  13.3 1011 176  1.7 8  8.6  90    0   56 361 -366  1
3797500 2746500 10  6 10  13.5 1011 209  1.9 7  8.6  90    0  110 356 -372  1
3797500 2746500 10  6 11  13.7 1011 199  1.9 8  8.7  89    0  106 357 -378  1
3797500 2746500 10  6 12  14.4 1011 209  2.9 8  8.7  87    0  132 363 -378  1
3797500 2746500 10  6 13  15.1 1010 173  1.9 7  8.7  83   28  167 360 -381  1
3797500 2746500 10  6 14  15.2 1010 159  2.4 6  8.7  81   31  145 352 -387  1
3797500 2746500 10  6 15  15.5 1009 162  2.9 7  8.8  80   11  127 352 -388  1
3797500 2746500 10  6 16  15.6 1009 179  1.9 8  8.8  80    0   50 363 -387  1
3797500 2746500 10  6 17  15.4 1008 156  1.5 6  8.8  80    2   50 359 -383  1
3797500 2746500 10  6 18  14.8 1008 218  1.7 6  8.8  81   11   10 347 -377  1
3797500 2746500 10  6 19  14.1 1008 224  1.5 7  8.8  86    0    0 349 -373  1
3797500 2746500 10  6 20  12.0 1008 300  3.3 7  7.9  84    0    0 348 -371  1
3797500 2746500 10  6 21  11.4 1009 262  1.7 7  6.9  80    0    0 339 -369  1
3797500 2746500 10  6 22  11.0 1010 251  2.3 8  6.8  82    0    0 343 -366  1
3797500 2746500 10  6 23  10.6 1011 214  1.6 8  6.8  84    0    0 346 -362  1
3797500 2746500 10  6 24  10.5 1011 216  1.5 7  6.8  85    0    0 340 -358  1
3797500 2746500 10  7  1  10.5 1011 239  1.8 7  6.9  86    0    0 333 -354  1
3797500 2746500 10  7  2  10.3 1011 241  1.9 6  6.9  88    0    0 326 -350  1
3797500 2746500 10  7  3   9.8 1011 241  2.3 6  6.9  90    0    0 318 -347  1
3797500 2746500 10  7  4   9.3 1011 252  1.8 6  6.7  90    0    0 316 -346  1
3797500 2746500 10  7  5   8.8 1012 225  1.9 4  6.4  89    0    0 304 -345  1
3797500 2746500 10  7  6   8.6 1012 244  3.1 6  6.3  90    0    0 303 -344  1
3797500 2746500 10  7  7   8.2 1012 233  2.0 6  6.2  90    0    0 312 -342  1
3797500 2746500 10  7  8   8.2 1013 226  1.8 6  6.0  89   30   43 309 -341  1
3797500 2746500 10  7  9   9.3 1013 233  2.4 5  6.1  87   71  105 304 -344  1
3797500 2746500 10  7 10   9.6 1014 231  2.6 6  6.3  85   31  159 305 -350  1
3797500 2746500 10  7 11  10.1 1014 248  4.5 6  6.2  82   12  174 309 -358  1
3797500 2746500 10  7 12  10.0 1015 252  3.3 8  6.2  81    0  126 317 -363  1
3797500 2746500 10  7 13  11.0 1015 269  2.1 7  6.4  81   30  201 320 -369  1
3797500 2746500 10  7 14  11.8 1015 258  2.6 6  6.5  77   90  185 313 -376  1
3797500 2746500 10  7 15  11.4 1015 282  3.5 8  6.4  75    7  139 316 -379  1
3797500 2746500 10  7 16  11.8 1015 248  2.2 5  6.4  75  151   94 310 -377  1
3797500 2746500 10  7 17  11.4 1015 209  2.2 3  6.2  73   90   57 288 -373  1
3797500 2746500 10  7 18  10.2 1015 226  2.1 5  5.9  74   22   19 283 -368  1
3797500 2746500 10  7 19   9.6 1016 239  2.2 5  5.7  76    0    0 288 -363  1
3797500 2746500 10  7 20   9.0 1016 251  2.4 6  5.7  78    0    0 289 -358  1
3797500 2746500 10  7 21   8.5 1017 238  1.5 5  5.5  79    0    0 286 -355  1
3797500 2746500 10  7 22   8.3 1017 218  1.4 6  5.4  80    0    0 285 -353  1
3797500 2746500 10  7 23   8.4 1017 221  1.5 6  5.4  80    0    0 288 -350  1
3797500 2746500 10  7 24   7.8 1017 222  1.6 4  5.3  79    0    0 279 -348  1
3797500 2746500 10  8  1   7.3 1017 175  1.2 4  5.3  82    0    0 269 -349  1
3797500 2746500 10  8  2   7.0 1017 205  1.7 4  5.3  84    0    0 268 -351  1
3797500 2746500 10  8  3   6.9 1018 211  1.7 4  5.3  86    0    0 267 -352  1
3797500 2746500 10  8  4   6.4 1018 167  1.3 3  5.2  86    0    0 262 -353  1
3797500 2746500 10  8  5   6.7 1017 189  1.1 5  5.1  86    0    0 265 -353  1
3797500 2746500 10  8  6   6.5 1018 185  0.9 4  5.2  86    0    0 268 -353  1
3797500 2746500 10  8  7   6.3 1018 178  1.2 4  5.2  87    0    0 265 -352  1
3797500 2746500 10  8  8   6.5 1018 194  1.3 3  5.2  88   32   43 261 -351  1
3797500 2746500 10  8  9   7.7 1018 195  1.1 3  5.4  86  142   77 259 -352  1
3797500 2746500 10  8 10   9.2 1018 209  2.2 2  5.6  82  281   81 258 -355  1
3797500 2746500 10  8 11  10.0 1018 178  2.3 2  5.6  75  403   75 257 -359  1
3797500 2746500 10  8 12  11.2 1018 152  2.5 2  5.6  70  390  110 262 -365  1
3797500 2746500 10  8 13  12.0 1018 208  2.0 3  5.4  64  186  206 271 -374  1
3797500 2746500 10  8 14  12.1 1018 189  2.0 3  5.3  61  126  191 279 -382  1
3797500 2746500 10  8 15  12.2 1017 200  1.7 4  5.3  61  159  154 286 -383  1
3797500 2746500 10  8 16  12.7 1016 197  1.8 3  5.3  59  200   83 289 -379  1
3797500 2746500 10  8 17  12.6 1016 179  1.1 2  5.2  57  100   59 280 -376  1
3797500 2746500 10  8 18  11.6 1016 190  1.3 3  5.2  59   17   19 279 -370  1
3797500 2746500 10  8 19   9.7 1016 145  1.3 2  5.3  66    0    0 275 -362  1
3797500 2746500 10  8 20   9.0 1017 125  1.6 2  5.3  72    0    0 267 -358  1
3797500 2746500 10  8 21   8.9 1017 144  1.1 0  5.2  73    0    0 257 -355  1
3797500 2746500 10  8 22   9.0 1017 150  1.1 0  5.0  71    0    0 247 -352  1
3797500 2746500 10  8 23   8.3 1017 150  1.8 1  4.9  71    0    0 251 -349  1
3797500 2746500 10  8 24   8.4 1016 173  2.4 2  4.9  72    0    0 260 -347  1
3797500 2746500 10  9  1   8.3 1016 174  1.9 1  4.8  71    0    0 259 -347  1
3797500 2746500 10  9  2   8.0 1016 173  2.1 1  4.9  72    0    0 252 -348  1
3797500 2746500 10  9  3   7.7 1015 157  2.4 1  4.8  73    0    0 252 -348  1
3797500 2746500 10  9  4   7.7 1015 161  2.6 1  4.8  74    0    0 252 -348  1
3797500 2746500 10  9  5   8.8 1014 157  2.8 0  4.8  71    0    0 249 -349  1
3797500 2746500 10  9  6   8.5 1013 146  3.3 0  4.8  69    0    0 244 -350  1
3797500 2746500 10  9  7   8.8 1013 160  3.4 5  4.8  68    0    0 272 -350  1
3797500 2746500 10  9  8   9.2 1012 160  3.1 7  4.9  69    2   42 314 -350  1
3797500 2746500 10  9  9   9.2 1012 161  4.2 7  5.0  70    3   92 327 -352  1
3797500 2746500 10  9 10   9.4 1011 159  4.1 7  5.2  71    0   75 328 -354  1
3797500 2746500 10  9 11   8.5 1011 160  4.2 7  5.4  76    0   95 328 -356  1
3797500 2746500 10  9 12   8.9 1011 164  4.3 8  5.7  81    0   74 335 -358  1
3797500 2746500 10  9 13   9.4 1010 154  5.3 7  5.9  81    0  109 338 -360  1
3797500 2746500 10  9 14  10.2 1009 164  4.9 7  5.9  78    0   99 334 -362  1
3797500 2746500 10  9 15  10.0 1008 165  5.4 8  6.2  80    0   67 342 -365  1
3797500 2746500 10  9 16  10.6 1008 165  4.4 8  6.5  83    0   59 352 -367  1
3797500 2746500 10  9 17  10.4 1007 163  4.1 7  6.7  84    0   46 346 -367  1
3797500 2746500 10  9 18  10.4 1006 163  3.4 8  6.8  86    0   12 347 -368  1
3797500 2746500 10  9 19  10.7 1006 168  3.1 8  7.0  87    0    0 355 -368  1
3797500 2746500 10  9 20  10.9 1006 168  3.2 8  7.0  86    0    0 356 -369  1
3797500 2746500 10  9 21  10.8 1006 171  3.1 8  7.0  85    0    0 355 -370  1
3797500 2746500 10  9 22  10.9 1006 176  1.9 7  7.0  86    0    0 345 -370  1
3797500 2746500 10  9 23  11.1 1006 179  2.5 7  7.1  86    0    0 337 -370  1
3797500 2746500 10  9 24  11.2 1006 209  2.2 8  7.2  86    0    0 345 -370  1
3797500 2746500 10 10  1  11.1 1005 219  2.0 8  7.2  87    0    0 352 -369  1
3797500 2746500 10 10  2  10.8 1006 219  1.4 7  7.2  88    0    0 344 -367  1
3797500 2746500 10 10  3  10.4 1005 249  2.0 6  7.2  90    0    0 332 -365  1
3797500 2746500 10 10  4  10.4 1005 228  1.7 5  7.2  91    0    0 319 -362  1
3797500 2746500 10 10  5  10.1 1005 280  1.3 6  7.2  91    0    0 318 -359  1
3797500 2746500 10 10  6   9.7 1005 244  1.5 6  7.0  91    0    0 319 -357  1
3797500 2746500 10 10  7   8.9 1005 251  1.5 6  6.7  91    0    0 314 -357  1
3797500 2746500 10 10  8   8.6 1005 230  1.2 6  6.5  92    3   39 309 -357  1
3797500 2746500 10 10  9   8.9 1005 199  1.3 5  6.4  90   81   95 302 -358  1
3797500 2746500 10 10 10   9.7 1005 226  2.4 2  6.4  87  259   84 282 -362  1
3797500 2746500 10 10 11  11.2 1005 222  2.4 2  6.4  81  313  107 272 -366  1
3797500 2746500 10 10 12  11.9 1005 217  2.4 3  6.2  72  193  196 280 -371  1
3797500 2746500 10 10 13  12.8 1004 219  2.3 2  5.9  66  175  205 283 -373  1
3797500 2746500 10 10 14  13.5 1004 162  2.1 1  5.6  59  255  145 277 -374  1
3797500 2746500 10 10 15  13.3 1002 189  2.5 2  5.3  55  297   91 276 -374  1
3797500 2746500 10 10 16  13.3 1002 197  3.1 2  5.4  56  188   82 279 -372  1
3797500 2746500 10 10 17  12.8 1001 161  2.3 3  5.7  60   85   58 281 -368  1
3797500 2746500 10 10 18  11.8 1000 177  0.8 6  5.8  65   14   18 295 -361  1
3797500 2746500 10 10 19  11.3  999 157  1.9 2  5.8  68    0    0 288 -354  1
3797500 2746500 10 10 20  11.5  998 157  3.2 6  5.8  68    0    0 289 -350  1
3797500 2746500 10 10 21  11.4  997 163  3.1 8  5.8  68    0    0 320 -349  1
3797500 2746500 10 10 22  11.0  996 154  3.8 8  5.8  69    0    0 333 -348  1
3797500 2746500 10 10 23  11.0  995 152  3.7 8  5.8  69    0    0 335 -349  1
3797500 2746500 10 10 24  10.9  993 152  4.5 8  5.8  70    0    0 336 -350  1
3797500 2746500 10 11  1  10.3  991 149  4.5 7  6.1  75    0    0 330 -350  1
3797500 2746500 10 11  2  10.1  989 137  5.2 8  6.2  79    0    0 329 -349  1
3797500 2746500 10 11  3  10.1  987 138  5.5 8  6.2  79    0    0 334 -349  1
3797500 2746500 10 11  4  10.1  985 139  6.9 8  6.2  78    0    0 335 -349  1
3797500 2746500 10 11  5   9.8  982 149  7.0 8  6.2  79    0    0 334 -350  1
3797500 2746500 10 11  6   9.6  981 159  6.8 8  6.3  82    0    0 334 -351  1
3797500 2746500 10 11  7  10.0  980 161  5.3 8  6.5  83    0    0 337 -353  1
3797500 2746500 10 11  8  10.4  979 168  4.5 7  6.7  84    0   23 334 -354  1
3797500 2746500 10 11  9   9.9  980 220  5.8 6  6.6  82   25  103 325 -356  1
3797500 2746500 10 11 10   9.8  981 219  5.3 4  6.0  77   45  157 307 -357  1
3797500 2746500 10 11 11   9.3  983 219  5.1 7  5.9  77    7  161 310 -356  1
3797500 2746500 10 11 12   9.6  983 218  4.9 8  5.9  77    0   85 327 -355  1
3797500 2746500 10 11 13  10.5  984 217  5.1 8  5.7  73    0   52 331 -355  1
3797500 2746500 10 11 14  10.6  984 216  4.8 8  5.6  68    0  118 331 -360  1
3797500 2746500 10 11 15  10.4  984 209  4.9 6  5.4  67   55  164 320 -362  1
3797500 2746500 10 11 16  10.4  984 208  4.2 5  5.5  68  103  104 303 -360  1
3797500 2746500 10 11 17  10.1  985 205  4.0 6  5.4  67   25   60 299 -358  1
3797500 2746500 10 11 18   9.8  985 210  3.7 7  5.3  67   11   17 304 -356  1
3797500 2746500 10 11 19   9.8  985 199  3.2 7  5.3  69    0    0 306 -352  1
3797500 2746500 10 11 20   9.3  985 162  3.5 5  5.4  70    0    0 293 -349  1
3797500 2746500 10 11 21   8.7  985 161  4.3 3  5.3  72    0    0 273 -348  1
3797500 2746500 10 11 22   8.6  985 162  4.8 1  5.3  74    0    0 252 -348  1
3797500 2746500 10 11 23   8.2  984 151  4.9 2  5.3  75    0    0 242 -348  1
3797500 2746500 10 11 24   8.1  983 151  4.9 4  5.3  77    0    0 253 -348  1
3797500 2746500 10 12  1   8.4  981 148  6.0 4  5.3  76    0    0 263 -348  1
3797500 2746500 10 12  2   8.9  979 147  6.8 7  5.5  76    0    0 286 -348  1
3797500 2746500 10 12  3   9.2  978 148  6.0 8  5.6  76    0    0 318 -348  1
3797500 2746500 10 12  4   8.9  975 149  7.6 8  5.7  77    0    0 329 -348  1
3797500 2746500 10 12  5   8.1  974 149  7.9 8  5.8  81    0    0 329 -348  1
3797500 2746500 10 12  6   8.0  972 149  8.7 8  6.0  85    0    0 329 -347  1
3797500 2746500 10 12  7   8.8  971 158  8.4 8  6.0  84    0    0 330 -347  1
3797500 2746500 10 12  8   9.4  971 150  6.5 7  6.0  79    0   25 325 -347  1
3797500 2746500 10 12  9   9.8  971 150  6.6 6  6.2  79   47  101 307 -349  1
3797500 2746500 10 12 10  10.6  972 152  7.3 6  6.4  80   26  144 300 -351  1
3797500 2746500 10 12 11  11.8  972 153  7.6 7  6.6  77    1  127 316 -354  1
3797500 2746500 10 12 12  12.6  972 188  7.1 7  6.7  72    3  158 331 -359  1
3797500 2746500 10 12 13  12.5  973 218  3.8 8  6.8  72    0   85 343 -366  1
3797500 2746500 10 12 14  14.0  974 222  5.4 8  6.8  69    0   69 352 -367  1
3797500 2746500 10 12 15  14.1  975 222  6.0 6  6.1  59   18  147 339 -365  1
3797500 2746500 10 12 16  14.0  976 221  4.3 5  5.6  54   67  109 317 -367  1
3797500 2746500 10 12 17  13.3  977 224  3.6 3  5.6  56   68   54 299 -364  1
3797500 2746500 10 12 18  12.1  979 230  1.9 4  5.7  60    9   15 291 -359  1
3797500 2746500 10 12 19  11.0  980 172  0.9 2  5.9  68    0    0 282 -355  1
3797500 2746500 10 12 20  10.7  981 172  1.7 2  6.1  73    0    0 271 -351  1
3797500 2746500 10 12 21  10.4  982 162  2.2 1  6.0  73    0    0 265 -348  1
3797500 2746500 10 12 22  10.3  982 163  4.5 2  5.9  73    0    0 263 -347  1
3797500 2746500 10 12 23  10.4  983 165  3.8 1  6.1  75    0    0 262 -346  1
3797500 2746500 10 12 24  10.6  983 162  4.7 1  6.2  76    0    0 258 -346  1
3797500 2746500 10 13  1  11.0  984 163  3.3 2  6.4  77    0    0 263 -345  1
3797500 2746500 10 13  2  11.4  984 163  3.1 3  6.5  76    0    0 273 -345  1
3797500 2746500 10 13  3  11.4  985 164  3.7 4  6.5  75    0    0 281 -344  1
3797500 2746500 10 13  4  11.6  985 164  3.7 4  6.5  75    0    0 287 -345  1
3797500 2746500 10 13  5  11.2  986 162  3.4 3  6.4  74    0    0 282 -346  1
3797500 2746500 10 13  6  11.3  986 163  2.9 5  6.3  73    0    0 288 -346  1
3797500 2746500 10 13  7  11.3  987 162  3.9 4  6.2  72    0    0 295 -346  1
3797500 2746500 10 13  8  11.3  988 162  3.9 2  6.2  72   18   37 280 -348  1
3797500 2746500 10 13  9  12.1  989 163  4.3 2  6.3  71  117   75 270 -351  1
3797500 2746500 10 13 10  13.0  989 173  4.0 1  6.3  68  250   81 266 -357  1
3797500 2746500 10 13 11  13.3  990 164  4.9 2  6.2  64  271  124 269 -363  1
3797500 2746500 10 13 12  13.7  990 163  4.2 4  6.2  63  179  191 287 -368  1
3797500 2746500 10 13 13  14.4  991 162  4.4 4  6.2  61  167  198 299 -373  1
3797500 2746500 10 13 14  14.8  991 160  6.2 2  6.3  59  178  165 289 -374  1
3797500 2746500 10 13 15  14.8  991 160  5.8 4  6.3  59  126  150 292 -374  1
3797500 2746500 10 13 16  14.5  992 150  4.7 5  6.5  61   70  106 307 -373  1
3797500 2746500 10 13 17  14.6  992 151  3.9 7  6.5  61   62   53 319 -370  1
3797500 2746500 10 13 18  13.8  993 149  2.8 6  6.5  63    6   12 320 -366  1
3797500 2746500 10 13 19  13.4  993 146  3.9 5  6.5  66    0    0 310 -361  1
3797500 2746500 10 13 20  13.2  994 142  4.2 5  6.5  67    0    0 305 -357  1
3797500 2746500 10 13 21  13.1  995 157  3.0 5  6.6  68    0    0 305 -355  1
3797500 2746500 10 13 22  13.4  995 159  2.6 7  6.6  68    0    0 313 -353  1
3797500 2746500 10 13 23  13.0  996 160  2.1 8  6.6  69    0    0 324 -353  1
3797500 2746500 10 13 24  12.5  996 162  1.8 5  6.7  72    0    0 316 -354  1
3797500 2746500 10 14  1  12.6  997 150  2.3 7  6.7  73    0    0 312 -354  1
3797500 2746500 10 14  2  12.9  997 159  2.9 6  6.9  74    0    0 318 -353  1
3797500 2746500 10 14  3  12.5  998 159  3.7 7  7.1  76    0    0 319 -352  1
3797500 2746500 10 14  4  13.1  998 158  3.0 6  7.2  77    0    0 319 -351  1
3797500 2746500 10 14  5  12.8  999 159  3.1 7  7.2  76    0    0 319 -352  1
3797500 2746500 10 14  6  12.6 1000 160  3.1 8  7.2  77    0    0 325 -352  1
3797500 2746500 10 14  7  12.5 1000 161  3.7 7  7.2  78    0    0 323 -353  1
3797500 2746500 10 14  8  12.0 1001 163  3.2 5  7.0  78   12   37 309 -353  1
3797500 2746500 10 14  9  12.5 1001 164  3.8 3  6.9  76   99   88 292 -356  1
3797500 2746500 10 14 10  13.3 1002 194  3.6 5  7.0  74   44  150 293 -362  1
3797500 2746500 10 14 11  13.9 1003 196  3.8 6  7.1  72  105  190 307 -371  1
3797500 2746500 10 14 12  14.1 1004 196  2.4 6  7.1  71   85  213 315 -380  1
3797500 2746500 10 14 13  14.3 1004 221  3.3 6  7.1  70   41  199 318 -387  1
3797500 2746500 10 14 14  14.5 1004 183  3.2 6  7.2  70   37  176 321 -390  1
3797500 2746500 10 14 15  14.6 1004 228  3.8 7  7.0  67   48  160 328 -391  1
3797500 2746500 10 14 16  14.6 1005 160  2.5 6  6.9  66   53  113 329 -391  1
3797500 2746500 10 14 17  14.0 1005 170  2.3 6  7.0  68   35   55 324 -387  1
3797500 2746500 10 14 18  13.3 1006 142  2.1 4  7.0  72    4   12 314 -381  1
3797500 2746500 10 14 19  12.7 1006 180  1.4 5  7.0  75    0    0 309 -375  1
3797500 2746500 10 14 20  11.7 1007 210  1.7 5  6.9  78    0    0 313 -371  1
3797500 2746500 10 14 21  11.7 1007 217  1.4 3  6.9  80    0    0 303 -370  1
3797500 2746500 10 14 22  11.2 1008 226  1.2 2  6.9  82    0    0 289 -369  1
3797500 2746500 10 14 23  10.9 1008 186  0.5 2  6.9  83    0    0 283 -368  1
3797500 2746500 10 14 24  10.7 1009 204  0.7 5  6.8  83    0    0 300 -367  1
3797500 2746500 10 15  1  10.2 1009 204  1.0 3  6.7  84    0    0 304 -367  1
3797500 2746500 10 15  2   9.3 1009 173  1.2 3  6.4  85    0    0 294 -368  1
3797500 2746500 10 15  3   9.0 1009 172  1.5 3  6.3  87    0    0 293 -368  1
3797500 2746500 10 15  4   8.5 1009 187  0.4 2  6.2  88    0    0 286 -368  1
3797500 2746500 10 15  5   8.9 1010 179  1.6 3  6.1  87    0    0 286 -368  1
3797500 2746500 10 15  6   7.9 1010 181  1.5 3  6.0  87    0    0 289 -367  1
3797500 2746500 10 15  7   7.8 1010 217  1.5 2  5.9  89    0    0 281 -367  1
3797500 2746500 10 15  8   7.4 1010   5  0.5 4  5.8  89    6   35 282 -367  1
3797500 2746500 10 15  9   8.7 1011 213  1.2 3  6.0  90   55  102 287 -368  1
3797500 2746500 10 15 10  11.1 1011 170  1.0 1  6.6  86  141  146 279 -372  1
3797500 2746500 10 15 11  12.1 1011 145  1.4 1  6.7  79  218  172 276 -377  1
3797500 2746500 10 15 12  13.6 1011 123  2.1 1  6.9  74  281  180 282 -385  1
3797500 2746500 10 15 13  15.1 1011 235  1.5 2  7.1  69  292  182 293 -395  1
3797500 2746500 10 15 14  15.4 1011 235  1.4 3  7.1  66  199  186 305 -401  1
3797500 2746500 10 15 15  15.6 1010 356  2.8 2  7.2  65  214  142 305 -404  1
3797500 2746500 10 15 16  16.0 1009  17  2.3 3  7.2  64  119  110 303 -402  1
3797500 2746500 10 15 17  14.5 1009  35  2.0 5  7.2  67   39   61 314 -397  1
3797500 2746500 10 15 18  13.9 1010  17  2.6 6  7.2  71    1   10 324 -390  1
3797500 2746500 10 15 19  13.4 1010  18  2.7 6  7.1  73    0    0 326 -384  1
3797500 2746500 10 15 20  13.1 1010  16  2.7 7  7.2  76    0    0 330 -380  1
3797500 2746500 10 15 21  12.8 1010  40  2.0 5  7.2  77    0    0 325 -378  1
3797500 2746500 10 15 22  12.2 1010  38  2.4 7  7.2  79    0    0 324 -375  1
3797500 2746500 10 15 23  11.9 1010  43  1.3 7  7.1  81    0    0 334 -373  1
3797500 2746500 10 15 24  11.6 1009  33  2.0 4  7.1  82    0    0 320 -372  1
3797500 2746500 10 16  1  10.8 1009  46  2.2 2  6.9  83    0    0 294 -370  1
3797500 2746500 10 16  2  10.8 1009  16  3.6 1  6.9  85    0    0 281 -368  1
3797500 2746500 10 16  3  10.7 1008  34  2.4 1  6.9  85    0    0 279 -367  1
3797500 2746500 10 16  4  10.2 1008  49  1.0 2  6.8  86    0    0 285 -367  1
3797500 2746500 10 16  5  10.4 1008  65  2.1 5  6.8  87    0    0 303 -368  1
3797500 2746500 10 16  6  10.6 1007  31  2.2 6  7.0  88    0    0 321 -370  1
3797500 2746500 10 16  7  10.3 1007  38  1.5 7  7.1  90    0    0 330 -371  1
3797500 2746500 10 16  8  10.5 1007  46  1.2 8  7.2  91    0    9 337 -371  1
3797500 2746500 10 16  9  10.5 1007  18  2.8 8  7.3  91    0   27 341 -373  1
3797500 2746500 10 16 10  10.7 1006  41  2.6 7  7.3  91    0   73 335 -380  1
3797500 2746500 10 16 11  11.3 1006  14  2.4 8  7.5  90    0   84 335 -389  1
3797500 2746500 10 16 12  11.8 1005  33  2.3 7  7.7  90    0  110 336 -399  1
3797500 2746500 10 16 13  12.4 1004  27  3.4 7  7.9  88   24  132 332 -406  1
3797500 2746500 10 16 14  12.6 1003  39  3.6 7  8.1  88    4  113 332 -412  1
3797500 2746500 10 16 15  13.0 1002  53  3.3 8  8.3  89    4  102 336 -415  1
3797500 2746500 10 16 16  13.3 1001  50  2.8 8  8.6  90   19   69 342 -412  1
3797500 2746500 10 16 17  13.4 1001  45  3.1 8  8.8  90   36   22 341 -404  1
3797500 2746500 10 16 18  13.6 1000  45  2.3 7  8.8  90    0    7 338 -395  1
3797500 2746500 10 16 19  13.9  999  33  2.1 6  8.9  89    0    0 334 -390  1
3797500 2746500 10 16 20  14.2  999  55  2.1 7  9.0  88    0    0 336 -387  1
3797500 2746500 10 16 21  14.2  999  40  1.4 6  9.0  88    0    0 339 -385  1
3797500 2746500 10 16 22  14.1  998  57  1.2 8  9.0  88    0    0 344 -384  1
3797500 2746500 10 16 23  13.9  998 115  1.4 8  8.9  88    0    0 353 -381  1
3797500 2746500 10 16 24  13.4  998 144  1.5 7  8.8  89    0    0 349 -379  1
3797500 2746500 10 17  1  13.1  998 180  0.2 7  8.8  91    0    0 344 -379  1
3797500 2746500 10 17  2  13.2  997 171  1.5 5  8.8  91    0    0 336 -379  1
3797500 2746500 10 17  3  13.5  997 174  0.4 5  8.9  91    0    0 329 -382  1
3797500 2746500 10 17  4  13.5  997 161  0.9 6  9.0  91    0    0 333 -383  1
3797500 2746500 10 17  5  13.6  997 172  2.4 8  9.0  91    0    0 343 -381  1
3797500 2746500 10 17  6  13.6  996 163  2.8 8  9.0  91    0    0 350 -379  1
3797500 2746500 10 17  7  14.0  996 161  3.7 7  9.0  89    0    0 345 -378  1
3797500 2746500 10 17  8  13.9  997 165  3.9 7  9.0  88    0    6 341 -379  1
3797500 2746500 10 17  9  14.3  997 175  4.4 7  8.8  86    0   54 338 -379  1
3797500 2746500 10 17 10  15.1  998 159  3.8 5  8.6  81   71  151 330 -380  1
3797500 2746500 10 17 11  16.0  998 158  5.4 4  8.4  75  168  179 321 -383  1
3797500 2746500 10 17 12  16.7  998 164  6.3 3  8.2  70  163  208 317 -390  1
3797500 2746500 10 17 13  15.8  999 160  7.3 4  8.0  68   58  212 318 -397  1
3797500 2746500 10 17 14  16.4  999 163  6.5 3  7.8  68   93  194 320 -402  1
3797500 2746500 10 17 15  16.4  999 169  7.1 2  7.6  65  205  133 314 -402  1
3797500 2746500 10 17 16  16.2 1000 171  5.0 2  7.4  63  151   93 309 -399  1
3797500 2746500 10 17 17  16.0 1000 185  5.4 6  7.3  63   57   55 323 -392  1
3797500 2746500 10 17 18  15.2 1001 198  4.4 6  7.1  64    4   11 335 -383  1
3797500 2746500 10 17 19  15.1 1002 195  4.5 6  7.0  64    0    0 333 -377  1
3797500 2746500 10 17 20  15.2 1003 206  4.4 6  7.1  65    0    0 333 -375  1
3797500 2746500 10 17 21  13.8 1004 221  6.0 6  7.2  69    0    0 332 -375  1
3797500 2746500 10 17 22  12.5 1005 221  3.8 7  7.2  76    0    0 334 -374  1
3797500 2746500 10 17 23  12.6 1006 224  5.4 7  7.1  78    0    0 337 -372  1
3797500 2746500 10 17 24  12.1 1007 213  3.7 7  7.0  77    0    0 337 -372  1
3797500 2746500 10 18  1  11.3 1008 211  2.5 6  7.0  81    0    0 332 -371  1
3797500 2746500 10 18  2  11.3 1008 205  2.5 6  7.1  85    0    0 327 -369  1
3797500 2746500 10 18  3  11.2 1009 192  2.3 6  7.1  85    0    0 328 -367  1
3797500 2746500 10 18  4  11.3 1010 175  2.6 7  7.1  85    0    0 335 -367  1
3797500 2746500 10 18  5  11.1 1010 193  2.8 7  7.2  87    0    0 340 -369  1
3797500 2746500 10 18  6  11.1 1011 206  3.6 7  7.2  87    0    0 340 -371  1
3797500 2746500 10 18  7  11.0 1011 224  3.5 7  7.2  88    0    0 341 -371  1
3797500 2746500 10 18  8  10.8 1012 220  3.8 7  7.1  87    1   22 341 -371  1
3797500 2746500 10 18  9  10.6 1013 220  3.4 7  7.0  87   33   82 339 -371  1
3797500 2746500 10 18 10  11.2 1014 240  3.7 5  6.9  85  119  113 329 -372  1
3797500 2746500 10 18 11  11.6 1015 225  3.4 3  6.8  81  171  138 310 -374  1
3797500 2746500 10 18 12  13.0 1016 232  3.2 3  6.6  74  161  167 304 -376  1
3797500 2746500 10 18 13  12.9 1016 227  3.5 2  6.5  70  127  181 303 -378  1
3797500 2746500 10 18 14  13.6 1016 225  3.0 4  6.5  68   62  164 309 -379  1
3797500 2746500 10 18 15  13.4 1016 248  3.2 6  6.3  66   51  142 326 -379  1
3797500 2746500 10 18 16  13.1 1017 269  3.1 5  6.3  67   58   93 327 -378  1
3797500 2746500 10 18 17  12.7 1017 246  2.3 7  6.4  69   62   33 329 -375  1
3797500 2746500 10 18 18  11.7 1018 268  1.1 7  6.4  73    1    7 334 -370  1
3797500 2746500 10 18 19  10.9 1018 219  0.6 5  6.4  77    0    0 321 -365  1
3797500 2746500 10 18 20  10.9 1018 224  1.6 5  6.3  77    0    0 310 -362  1
3797500 2746500 10 18 21  10.7 1019 200  1.9 6  6.2  77    0    0 313 -362  1
3797500 2746500 10 18 22  10.0 1019 180  1.1 4  6.2  80    0    0 307 -362  1
3797500 2746500 10 18 23   9.8 1019 210  1.8 3  6.1  80    0    0 292 -362  1
3797500 2746500 10 18 24   8.7 1019 160  1.8 0  5.9  81    0    0 270 -360  1
3797500 2746500 10 19  1   8.0 1019 168  2.0 1  5.7  84    0    0 258 -360  1
3797500 2746500 10 19  2   8.1 1019 174  1.9 1  5.6  84    0    0 261 -356  1
3797500 2746500 10 19  3   7.8 1019 163  2.0 1  5.5  83    0    0 262 -351  1
3797500 2746500 10 19  4   7.8 1019 172  2.3 1  5.3  81    0    0 260 -347  1
3797500 2746500 10 19  5   7.9 1019 177  2.9 1  5.2  80    0    0 260 -345  1
3797500 2746500 10 19  6   7.8 1018 164  1.9 2  5.2  80    0    0 265 -344  1
3797500 2746500 10 19  7   7.6 1018 162  2.2 6  5.2  80    0    0 285 -342  1
3797500 2746500 10 19  8   8.4 1018 160  2.4 5  5.2  78    0   16 300 -340  1
3797500 2746500 10 19  9   9.9 1018 162  2.9 5  5.4  75    0   64 300 -342  1
3797500 2746500 10 19 10  10.4 1018 161  3.1 6  5.6  73    3  113 308 -348  1
3797500 2746500 10 19 11  11.2 1018 161  3.2 6  5.8  72   33  178 316 -357  1
3797500 2746500 10 19 12  12.3 1018 163  3.7 5  5.9  69  116  208 316 -365  1
3797500 2746500 10 19 13  12.6 1017 162  3.7 6  6.0  67   55  208 320 -370  1
3797500 2746500 10 19 14  12.9 1017 159  3.0 6  6.0  66   36  174 326 -374  1
3797500 2746500 10 19 15  12.8 1016 168  2.2 7  5.9  64   36  153 330 -375  1
3797500 2746500 10 19 16  12.8 1016 160  3.2 7  5.9  64   21  102 334 -373  1
3797500 2746500 10 19 17  12.7 1015 158  3.9 8  6.0  65    6   41 337 -368  1
3797500 2746500 10 19 18  12.6 1015 140  2.7 8  6.0  65    0    6 339 -362  1
3797500 2746500 10 19 19  12.4 1015 158  3.1 7  5.9  65    0    0 334 -358  1
3797500 2746500 10 19 20  12.9 1015 157  3.1 7  5.8  63    0    0 329 -358  1
3797500 2746500 10 19 21  13.0 1014 157  3.3 8  5.8  62    0    0 336 -358  1
3797500 2746500 10 19 22  12.7 1014 160  3.4 8  5.9  64    0    0 341 -357  1
3797500 2746500 10 19 23  12.7 1014 151  3.3 8  6.0  66    0    0 340 -357  1
3797500 2746500 10 19 24  12.6 1013 170  3.3 6  6.2  68    0    0 331 -356  1
3797500 2746500 10 20  1  12.0 1013 160  4.7 8  6.5  72    0    0 330 -355  1
3797500 2746500 10 20  2  11.7 1012 162  4.8 8  6.6  76    0    0 338 -354  1
3797500 2746500 10 20  3  11.3 1011 153  4.9 8  6.7  78    0    0 336 -354  1
3797500 2746500 10 20  4  10.7 1011 175  5.7 7  6.8  83    0    0 329 -354  1
3797500 2746500 10 20  5  10.7 1010 154  5.6 8  7.1  88    0    0 328 -354  1
3797500 2746500 10 20  6  10.8 1009 166  5.2 7  7.3  90    0    0 329 -353  1
3797500 2746500 10 20  7  11.0 1009 164  4.7 8  7.3  90    0    0 330 -353  1
3797500 2746500 10 20  8  11.1 1009 162  4.4 8  7.3  89    0    7 334 -352  1
3797500 2746500 10 20  9  11.1 1009 168  4.0 7  7.3  89    0   55 330 -353  1
3797500 2746500 10 20 10  11.2 1010 166  3.5 7  7.5  90    0   85 325 -356  1
3797500 2746500 10 20 11  11.3 1010 181  2.4 7  7.7  92    0   88 327 -361  1
3797500 2746500 10 20 12  11.8 1010 201  2.6 8  7.9  92    0   61 333 -367  1
3797500 2746500 10 20 13  12.0 1011 208  2.8 8  8.1  92    0   46 340 -373  1
3797500 2746500 10 20 14  12.7 1011 223  2.3 8  8.3  92    0   43 342 -378  1
3797500 2746500 10 20 15  13.2 1012 276  2.2 8  8.6  92    0   41 345 -380  1
3797500 2746500 10 20 16  14.0 1012 283  1.9 6  8.5  87   18  108 338 -380  1
3797500 2746500 10 20 17  13.7 1013 253  1.3 5  8.0  80   30   60 325 -377  1
3797500 2746500 10 20 18  12.3 1013 135  1.3 4  7.6  81    1    8 313 -371  1
3797500 2746500 10 20 19  11.4 1014 190  1.2 3  7.4  86    0    0 300 -367  1
3797500 2746500 10 20 20  10.9 1015 231  1.1 4  7.3  88    0    0 299 -365  1
3797500 2746500 10 20 21  10.8 1015 272  0.9 4  7.2  89    0    0 302 -364  1
3797500 2746500 10 20 22  10.2 1016  14  0.0 4  7.1  89    0    0 298 -362  1
3797500 2746500 10 20 23  10.0 1016  15  0.7 4  6.9  90    0    0 296 -361  1
3797500 2746500 10 20 24   8.8 1016 104  0.9 6  6.5  89    0    0 303 -359  1
3797500 2746500 10 21  1   9.2 1016  54  1.3 6  6.4  89    0    0 311 -358  1
3797500 2746500 10 21  2   9.1 1016  89  0.5 4  6.5  90    0    0 302 -358  1
3797500 2746500 10 21  3   8.8 1016  79  1.4 2  6.3  88    0    0 283 -358  1
3797500 2746500 10 21  4   8.7 1016  87  1.5 4  6.2  89    0    0 283 -360  1
3797500 2746500 10 21  5   7.7 1016  94  1.7 4  6.1  90    0    0 292 -360  1
3797500 2746500 10 21  6   7.8 1016  98  1.8 2  6.0  92    0    0 281 -359  1
3797500 2746500 10 21  7   8.4 1016  97  2.2 3  6.2  93    0    0 279 -358  1
3797500 2746500 10 21  8   8.7 1015 100  2.3 4  6.4  92    0   17 291 -357  1
3797500 2746500 10 21  9  10.1 1015  98  2.4 3  6.6  90   62   70 294 -358  1
3797500 2746500 10 21 10  12.2 1015 141  3.0 2  7.1  86  209   65 292 -363  1
3797500 2746500 10 21 11  13.9 1015 154  4.1 2  7.5  80  314   58 295 -369  1
3797500 2746500 10 21 12  14.4 1014 142  5.9 3  7.6  76  221  142 304 -376  1
3797500 2746500 10 21 13  14.2 1014 130  5.9 5  7.6  74   64  185 320 -383  1
3797500 2746500 10 21 14  14.8 1013 140  4.6 5  7.5  73   86  158 328 -389  1
3797500 2746500 10 21 15  15.1 1013 138  3.9 5  7.6  71  109  127 329 -391  1
3797500 2746500 10 21 16  14.9 1012 128  3.8 5  7.6  71   45   90 328 -388  1
3797500 2746500 10 21 17  14.4 1012 146  4.8 5  7.5  72    8   36 326 -382  1
3797500 2746500 10 21 18  14.2 1012 137  4.1 6  7.4  73    0    4 328 -374  1
3797500 2746500 10 21 19  13.9 1012 120  4.7 6  7.3  73    0    0 330 -368  1
3797500 2746500 10 21 20  13.5 1012 134  4.0 2  7.3  74    0    0 312 -364  1
3797500 2746500 10 21 21  13.8 1011 121  4.9 0  7.3  75    0    0 286 -362  1
3797500 2746500 10 21 22  13.9 1011 145  4.2 2  7.4  74    0    0 286 -359  1
3797500 2746500 10 21 23  13.5 1011 140  3.6 2  7.3  75    0    0 293 -358  1
3797500 2746500 10 21 24  13.2 1011 128  2.7 2  7.3  76    0    0 292 -357  1
3797500 2746500 10 22  1  13.5 1011 135  3.5 2  7.3  76    0    0 291 -355  1
3797500 2746500 10 22  2  13.9 1010 142  5.0 5  7.3  74    0    0 304 -355  1
3797500 2746500 10 22  3  13.9 1011 140  4.7 5  7.4  74    0    0 318 -357  1
3797500 2746500 10 22  4  13.6 1010 131  2.8 5  7.4  75    0    0 317 -359  1
3797500 2746500 10 22  5  14.0 1011 156  3.7 7  7.5  76    0    0 325 -361  1
3797500 2746500 10 22  6  13.8 1010 153  3.6 6  7.5  76    0    0 328 -361  1
3797500 2746500 10 22  7  13.9 1011 159  4.1 7  7.6  76    0    0 327 -364  1
3797500 2746500 10 22  8  14.1 1011 156  3.9 6  7.6  76    0   10 326 -367  1
3797500 2746500 10 22  9  14.7 1012 154  3.3 6  7.6  74    2   72 321 -370  1
3797500 2746500 10 22 10  15.2 1012 164  3.5 6  7.8  73   48  171 321 -376  1
3797500 2746500 10 22 11  16.2 1013 166  3.8 6  7.9  71   54  218 322 -384  1
3797500 2746500 10 22 12  16.6 1014 161  3.3 6  8.2  70   39  228 324 -392  1
3797500 2746500 10 22 13  17.1 1014 173  3.6 6  8.3  70   34  219 325 -399  1
3797500 2746500 10 22 14  17.2 1014 164  3.2 7  8.4  69   16  159 330 -405  1
3797500 2746500 10 22 15  17.4 1015 161  3.6 7  8.5  69   10  136 335 -409  1
3797500 2746500 10 22 16  17.3 1015 172  3.4 7  8.5  69    4   85 335 -408  1
3797500 2746500 10 22 17  16.6 1015 159  3.1 6  8.5  70    1   31 332 -402  1
3797500 2746500 10 22 18  16.0 1016 174  3.2 6  8.4  72    0    4 326 -394  1
3797500 2746500 10 22 19  15.7 1017 164  3.3 7  8.2  73    0    0 329 -387  1
3797500 2746500 10 22 20  15.4 1017 165  3.3 6  8.1  74    0    0 328 -383  1
3797500 2746500 10 22 21  14.9 1018 165  3.4 6  8.0  75    0    0 324 -380  1
3797500 2746500 10 22 22  14.6 1018 177  2.0 2  7.9  76    0    0 313 -378  1
3797500 2746500 10 22 23  14.6 1019 176  2.7 2  7.9  77    0    0 303 -376  1
3797500 2746500 10 22 24  14.3 1019 188  1.9 4  7.9  77    0    0 308 -375  1
3797500 2746500 10 23  1  14.0 1020 203  1.8 3  7.8  78    0    0 310 -373  1
3797500 2746500 10 23  2  13.9 1020 208  1.8 2  7.7  78    0    0 303 -370  1
3797500 2746500 10 23  3  13.5 1020 170  1.6 4  7.7  80    0    0 305 -368  1
3797500 2746500 10 23  4  13.7 1020 180  1.5 5  7.7  80    0    0 314 -366  1
3797500 2746500 10 23  5  13.3 1020 174  1.0 3  7.6  79    0    0 312 -365  1
3797500 2746500 10 23  6  12.8 1020 178  0.5 1  7.5  80    0    0 301 -363  1
3797500 2746500 10 23  7  12.8 1020 187  0.9 1  7.4  81    0    0 294 -363  1
3797500 2746500 10 23  8  12.5 1021 180  0.7 3  7.4  81    2   19 299 -362  1
3797500 2746500 10 23  9  13.8 1021 152  1.7 3  7.5  80   61   75 305 -365  1
3797500 2746500 10 23 10  15.3 1021 129  1.2 2  7.7  75  165  100 307 -372  1
3797500 2746500 10 23 11  17.1 1021 163  2.3 2  7.9  69  258  107 310 -381  1
3797500 2746500 10 23 12  18.1 1020 160  2.6 2  8.0  64  336   99 316 -392  1
3797500 2746500 10 23 13  19.0 1020 161  3.3 2  8.0  61  373   80 320 -403  1
3797500 2746500 10 23 14  19.5 1020 174  2.8 1  8.1  58  246  117 320 -411  1
3797500 2746500 10 23 15  20.1 1019 165  3.4 1  8.2  57  255   78 319 -413  1
3797500 2746500 10 23 16  20.2 1019 163  3.2 0  8.4  57  148   68 320 -411  1
3797500 2746500 10 23 17  19.6 1018 156  2.5 0  8.5  59   42   39 316 -404  1
3797500 2746500 10 23 18  18.5 1018 151  2.7 0  8.4  61    0    6 313 -396  1
3797500 2746500 10 23 19  18.3 1018 150  3.1 0  8.2  62    0    0 311 -390  1
3797500 2746500 10 23 20  18.2 1019 152  3.6 0  8.1  62    0    0 313 -387  1
3797500 2746500 10 23 21  17.6 1019 163  2.7 0  8.0  63    0    0 316 -385  1
3797500 2746500 10 23 22  16.8 1019 161  2.5 0  7.8  64    0    0 319 -384  1
3797500 2746500 10 23 23  16.7 1019 161  2.5 0  7.5  63    0    0 326 -382  1
3797500 2746500 10 23 24  16.0 1019 153  2.5 0  7.2  63    0    0 331 -381  1
3797500 2746500 10 24  1  16.2 1018 161  2.3 0  7.2  64    0    0 335 -380  1
3797500 2746500 10 24  2  15.2 1018 153  2.3 0  7.4  66    0    0 337 -380  1
3797500 2746500 10 24  3  14.9 1018 159  2.4 1  7.4  69    0    0 335 -379  1
3797500 2746500 10 24  4  14.2 1017 153  2.3 1  7.4  71    0    0 333 -378  1
3797500 2746500 10 24  5  13.9 1016 161  2.2 4  7.3  74    0    0 334 -377  1
3797500 2746500 10 24  6  14.0 1016 161  1.8 4  7.2  73    0    0 335 -376  1
3797500 2746500 10 24  7  13.7 1016 163  1.7 5  7.1  72    0    0 335 -374  1
3797500 2746500 10 24  8  13.5 1016 165  2.6 4  7.1  73    1   20 334 -373  1
3797500 2746500 10 24  9  13.5 1016 167  2.1 3  7.1  74   42   86 329 -374  1
3797500 2746500 10 24 10  14.5 1016 177  2.7 4  7.3  74  103  137 329 -380  1
3797500 2746500 10 24 11  15.6 1016 175  3.4 4  7.6  71  199  156 332 -388  1
3797500 2746500 10 24 12  16.7 1015 175  3.6 4  7.8  68  260  162 334 -396  1
3797500 2746500 10 24 13  17.9 1015 164  3.6 4  8.0  65  276  159 337 -404  1
3797500 2746500 10 24 14  18.5 1014 163  4.0 4  8.3  63  172  166 339 -410  1
3797500 2746500 10 24 15  18.3 1013 161  4.0 4  8.4  64  180  126 340 -411  1
3797500 2746500 10 24 16  18.4 1013 160  3.4 4  8.5  64   93   93 340 -409  1
3797500 2746500 10 24 17  18.1 1012 162  3.8 5  8.6  66   19   42 343 -406  1
3797500 2746500 10 24 18  17.6 1012 163  3.7 7  8.5  67    0    4 347 -404  1
3797500 2746500 10 24 19  16.7 1012 163  4.2 8  8.5  70    0    0 349 -401  1
3797500 2746500 10 24 20  15.7 1011 161  4.6 8  8.6  75    0    0 350 -398  1
3797500 2746500 10 24 21  15.1 1011 160  5.2 8  8.8  80    0    0 349 -391  1
3797500 2746500 10 24 22  14.9 1011 173  2.9 8  8.9  83    0    0 349 -384  1
3797500 2746500 10 24 23  15.2 1011 212  3.6 8  8.9  83    0    0 350 -381  1
3797500 2746500 10 24 24  14.7 1011 221  2.5 8  9.0  84    0    0 351 -379  1
3797500 2746500 10 25  1  14.4 1011 249  4.3 6  8.7  84    0    0 344 -379  1
3797500 2746500 10 25  2  13.5 1010 220  3.7 5  7.9  79    0    0 329 -379  1
3797500 2746500 10 25  3  12.4 1010 228  3.2 4  7.3  78    0    0 315 -378  1
3797500 2746500 10 25  4  12.3 1010 228  3.1 5  7.1  79    0    0 312 -377  1
3797500 2746500 10 25  5  12.5 1010 220  4.2 4  7.1  78    0    0 310 -375  1
3797500 2746500 10 25  6  12.3 1010 219  4.4 5  7.0  78    0    0 307 -370  1
3797500 2746500 10 25  7  12.1 1010 221  4.5 6  7.1  79    0    0 313 -366  1
3797500 2746500 10 25  8  11.6 1010 220  4.1 7  7.1  82    0    5 321 -364  1
3797500 2746500 10 25  9  11.8 1011 229  4.0 8  7.1  83    3   55 331 -364  1
3797500 2746500 10 25 10  11.9 1012 229  4.6 7  7.0  81    0   83 331 -367  1
3797500 2746500 10 25 11  12.2 1012 228  4.5 7  7.0  80    0   92 327 -371  1
3797500 2746500 10 25 12  12.8 1012 229  4.4 6  7.0  78   62  113 321 -375  1
3797500 2746500 10 25 13  12.8 1012 225  4.2 7  7.0  75    0   95 322 -378  1
3797500 2746500 10 25 14  12.8 1012 225  4.2 7  6.9  75    0   72 326 -380  1
3797500 2746500 10 25 15  13.1 1012 228  3.4 7  6.8  73    0   76 326 -379  1
3797500 2746500 10 25 16  13.0 1012 231  3.5 7  6.8  72    0   41 325 -376  1
3797500 2746500 10 25 17  12.8 1012 224  4.1 8  6.8  73    0   21 329 -372  1
3797500 2746500 10 25 18  12.5 1012 224  3.5 8  6.9  75    0    2 331 -369  1
3797500 2746500 10 25 19  12.4 1012 219  3.4 8  6.9  77    0    0 330 -367  1
3797500 2746500 10 25 20  12.6 1012 221  3.4 7  6.9  77    0    0 325 -366  1
3797500 2746500 10 25 21  12.4 1012 220  4.1 7  6.8  75    0    0 319 -364  1
3797500 2746500 10 25 22  12.2 1012 221  3.2 7  6.7  75    0    0 317 -362  1
3797500 2746500 10 25 23  12.0 1011 221  4.4 7  6.7  76    0    0 315 -360  1
3797500 2746500 10 25 24  11.9 1010 222  3.2 5  6.6  75    0    0 303 -360  1
3797500 2746500 10 26  1  11.7 1010 212  2.8 6  6.5  75    0    0 296 -362  1
3797500 2746500 10 26  2  11.6 1009 213  3.2 7  6.4  75    0    0 308 -365  1
3797500 2746500 10 26  3  11.5 1009 204  3.0 7  6.3  74    0    0 315 -368  1
3797500 2746500 10 26  4  11.2 1008 203  3.0 7  6.2  74    0    0 315 -369  1
3797500 2746500 10 26  5  11.2 1007 202  3.6 7  6.1  73    0    0 316 -370  1
3797500 2746500 10 26  6  11.2 1006 212  4.5 8  6.0  72    0    0 325 -370  1
3797500 2746500 10 26  7  11.2 1005 202  4.1 8  6.0  72    0    0 331 -370  1
3797500 2746500 10 26  8  11.3 1004 201  4.2 8  6.0  71    0    2 331 -369  1
3797500 2746500 10 26  9  11.5 1003 210  5.1 8  6.0  71    0   26 333 -369  1
3797500 2746500 10 26 10  11.8 1003 219  6.7 8  6.1  71    0   45 334 -371  1
3797500 2746500 10 26 11  11.9 1002 219  7.3 8  6.3  72    0   65 335 -376  1
3797500 2746500 10 26 12  12.4 1002 220  6.7 8  6.6  74    0   55 338 -382  1
3797500 2746500 10 26 13  12.3 1002 210  5.8 8  7.0  77    0   45 341 -386  1
3797500 2746500 10 26 14  12.9 1001 219  6.4 8  7.3  80    0   53 345 -386  1
3797500 2746500 10 26 15  13.0 1001 223  6.8 7  7.6  81    0   58 344 -383  1
3797500 2746500 10 26 16  13.3 1001 219  6.6 8  7.8  82    0   37 348 -380  1
3797500 2746500 10 26 17  13.5 1001 219  6.3 7  7.8  81    0   21 352 -376  1
3797500 2746500 10 26 18  13.6 1001 223  6.1 7  7.8  80    0    0 351 -375  1
3797500 2746500 10 26 19  13.2 1001 239  4.3 6  7.9  81    0    0 347 -375  1
3797500 2746500 10 26 20  13.0 1002 229  3.6 8  8.0  84    0    0 353 -375  1
3797500 2746500 10 26 21  12.3 1002 231  4.3 7  7.9  86    0    0 357 -375  1
3797500 2746500 10 26 22  11.7 1002 230  3.3 8  7.8  88    0    0 357 -375  1
3797500 2746500 10 26 23  11.7 1002 229  3.5 8  7.6  88    0    0 362 -374  1
3797500 2746500 10 26 24  11.2 1002 230  3.2 8  7.4  87    0    0 362 -374  1
3797500 2746500 10 27  1  11.2 1002 228  3.2 8  7.3  87    0    0 361 -372  1
3797500 2746500 10 27  2  11.0 1002 233  3.6 8  7.2  87    0    0 359 -372  1
3797500 2746500 10 27  3  10.9 1003 272  2.0 8  7.2  87    0    0 359 -371  1
3797500 2746500 10 27  4  10.6 1002 235  1.1 8  7.0  87    0    0 358 -370  1
3797500 2746500 10 27  5  10.1 1002 232  1.8 7  6.8  86    0    0 349 -367  1
3797500 2746500 10 27  6  10.4 1003 231  2.8 6  6.6  84    0    0 336 -366  1
3797500 2746500 10 27  7  10.2 1003 226  3.2 6  6.4  81    0    0 329 -364  1
3797500 2746500 10 27  8   9.7 1003 230  3.3 4  6.0  78    0   14 315 -362  1
3797500 2746500 10 27  9   9.9 1004 240  3.3 5  5.7  74   11   68 308 -359  1
3797500 2746500 10 27 10   9.9 1005 239  3.6 7  5.8  75    4   93 326 -359  1
3797500 2746500 10 27 11   9.7 1005 228  3.9 5  6.1  80   94  158 324 -362  1
3797500 2746500 10 27 12  11.3 1005 237  4.3 6  6.4  80   25  162 320 -366  1
3797500 2746500 10 27 13  12.2 1006 238  4.8 6  6.4  73   13  148 327 -369  1
3797500 2746500 10 27 14   9.9 1005 240  5.0 6  6.2  76  124  143 325 -372  1
3797500 2746500 10 27 15  10.3 1006 239  3.8 4  6.3  81   89  131 311 -372  1
3797500 2746500 10 27 16  11.7 1006 250  4.6 3  6.3  77   92   78 296 -368  1
3797500 2746500 10 27 17  11.3 1006 239  3.8 2  6.1  72   35   35 283 -361  1
3797500 2746500 10 27 18  10.8 1006 242  3.4 3  5.9  72    0    3 275 -355  1
3797500 2746500 10 27 19   9.9 1007 236  2.4 6  6.0  76    0    0 287 -350  1
3797500 2746500 10 27 20   9.2 1007 257  2.2 6  6.0  80    0    0 297 -348  1
3797500 2746500 10 27 21   9.4 1007 223  3.4 7  5.8  80    0    0 300 -346  1
3797500 2746500 10 27 22   8.8 1007 251  3.3 8  5.8  80    0    0 311 -345  1
3797500 2746500 10 27 23   8.8 1008 213  2.7 8  5.9  84    0    0 317 -343  1
3797500 2746500 10 27 24   8.8 1008 224  2.6 7  6.0  85    0    0 313 -342  1
3797500 2746500 10 28  1   9.1 1008 224  3.3 8  6.0  84    0    0 315 -341  1
3797500 2746500 10 28  2   9.1 1008 224  3.3 8  6.0  84    0    0 321 -340  1
3797500 2746500 10 28  3   9.0 1008 223  2.7 8  6.0  84    0    0 321 -339  1
3797500 2746500 10 28  4   8.9 1008 225  2.5 7  6.1  86    0    0 312 -338  1
3797500 2746500 10 28  5   8.8 1009 225  3.0 8  6.2  88    0    0 311 -337  1
3797500 2746500 10 28  6   8.8 1009 223  3.2 8  6.2  88    0    0 317 -338  1
3797500 2746500 10 28  7   9.2 1009 221  2.3 7  6.3  88    0    0 312 -338  1
3797500 2746500 10 28  8   9.3 1009 223  3.1 8  6.4  88    0    4 313 -339  1
3797500 2746500 10 28  9   9.8 1010 224  3.8 7  6.5  87    0   29 315 -342  1
3797500 2746500 10 28 10   9.9 1010 226  3.4 8  6.6  87    0   53 317 -346  1
3797500 2746500 10 28 11  10.0 1010 215  4.2 7  6.8  89    0   59 320 -352  1
3797500 2746500 10 28 12  10.3 1010 223  4.2 8  7.0  90    0   61 322 -356  1
3797500 2746500 10 28 13  10.3 1010 213  4.4 8  7.0  90    0   70 329 -359  1
3797500 2746500 10 28 14  10.5 1009 213  4.3 7  7.1  90    0   65 324 -361  1
3797500 2746500 10 28 15  10.4 1009 210  4.5 8  7.1  90    0   58 325 -363  1
3797500 2746500 10 28 16  10.3 1008 197  3.4 8  7.1  90    0   22 331 -364  1
3797500 2746500 10 28 17  10.3 1008 188  3.3 8  7.2  91    0   13 333 -362  1
3797500 2746500 10 28 18  10.5 1008 191  3.0 8  7.2  91    0    0 337 -359  1
3797500 2746500 10 28 19  11.1 1008 201  4.8 7  7.3  90    0    0 335 -357  1
3797500 2746500 10 28 20  11.2 1008 209  4.2 8  7.2  87    0    0 329 -357  1
3797500 2746500 10 28 21  11.3 1009 214  4.4 8  7.3  86    0    0 336 -356  1
3797500 2746500 10 28 22  11.4 1009 216  4.3 8  7.3  86    0    0 344 -355  1
3797500 2746500 10 28 23  10.8 1009 209  3.9 8  7.1  86    0    0 345 -355  1
3797500 2746500 10 28 24  10.1 1009 200  3.3 6  6.8  87    0    0 341 -356  1
3797500 2746500 10 29  1   9.1 1012 187  2.8 5  6.4  87    0    0 302 -348  1
3797500 2746500 10 29  2   8.2 1012 177  2.5 4  6.0  87    0    0 293 -345  1
3797500 2746500 10 29  3   7.4 1011 169  2.6 3  5.7  87    0    0 270 -343  1
3797500 2746500 10 29  4   7.2 1011 167  3.2 3  5.6  88    0    0 270 -342  1
3797500 2746500 10 29  5   7.5 1010 167  3.8 4  5.6  87    0    0 280 -341  1
3797500 2746500 10 29  6   7.5 1009 165  5.0 5  5.6  88    0    0 287 -340  1
3797500 2746500 10 29  7   7.6 1008 165  4.6 5  5.6  87    0    0 287 -339  1
3797500 2746500 10 29  8   7.8 1008 165  3.7 5  5.7  86    0   12 282 -339  1
3797500 2746500 10 29  9   8.8 1007 162  2.9 4  5.8  84   12   74 277 -340  1
3797500 2746500 10 29 10  10.2 1007 165  3.8 4  5.9  79   56  133 273 -345  1
3797500 2746500 10 29 11  11.4 1006 164  4.1 4  6.2  76  124  165 274 -354  1
3797500 2746500 10 29 12  12.5 1005 171  4.1 4  6.3  72  180  175 276 -364  1
3797500 2746500 10 29 13  13.4 1004 166  4.4 5  6.4  68  125  192 280 -373  1
3797500 2746500 10 29 14  14.2 1003 165  4.5 6  6.5  66   61  176 287 -379  1
3797500 2746500 10 29 15  14.6 1001 161  4.6 6  6.7  65   39  137 293 -383  1
3797500 2746500 10 29 16  14.8 1000 156  5.2 6  6.5  62   18   82 296 -381  1
3797500 2746500 10 29 17  14.6  999 158  4.2 7  6.2  59   10   31 300 -376  1
3797500 2746500 10 29 18  14.5  998 164  4.3 7  6.0  57    0    0 303 -370  1
3797500 2746500 10 29 19  14.7  997 163  5.2 7  5.8  55    0    0 303 -368  1
3797500 2746500 10 29 20  14.7  997 163  5.9 7  5.7  54    0    0 304 -370  1
3797500 2746500 10 29 21  14.4  996 174  4.4 6  5.7  54    0    0 303 -370  1
3797500 2746500 10 29 22  14.3  996 173  4.6 6  5.8  56    0    0 302 -370  1
3797500 2746500 10 29 23  14.1  996 173  4.0 6  5.8  57    0    0 303 -369  1
3797500 2746500 10 29 24  14.1  995 171  3.9 6  5.9  58    0    0 305 -368  1
3797500 2746500 10 30  1  14.3  995 162  4.7 6  6.0  58    0    0 308 -368  1
3797500 2746500 10 30  2  13.8  995 171  4.0 7  6.0  59    0    0 312 -367  1
3797500 2746500 10 30  3  13.8  995 173  3.9 6  6.0  60    0    0 316 -366  1
3797500 2746500 10 30  4  13.4  995 182  2.7 7  6.0  60    0    0 320 -365  1
3797500 2746500 10 30  5  13.1  994 173  3.1 6  6.0  62    0    0 322 -364  1
3797500 2746500 10 30  6  12.9  994 174  3.7 6  5.9  62    0    0 322 -363  1
3797500 2746500 10 30  7  12.6  995 174  2.9 7  5.9  64    0    0 326 -363  1
3797500 2746500 10 30  8  12.4  995 174  2.7 7  6.0  66    0    8 331 -364  1
3797500 2746500 10 30  9  12.8  995 174  3.2 7  6.1  66    0   32 331 -365  1
3797500 2746500 10 30 10  13.1  995 172  3.2 7  6.2  66    0   51 333 -368  1
3797500 2746500 10 30 11  13.1  996 172  3.3 8  6.3  66    0   54 335 -373  1
3797500 2746500 10 30 12  13.2  996 171  2.7 7  6.3  66    0   64 333 -378  1
3797500 2746500 10 30 13  13.4  996 172  2.8 8  6.4  66    0   42 333 -381  1
3797500 2746500 10 30 14  12.1  995 259  2.2 7  6.7  72    0   49 332 -385  1
3797500 2746500 10 30 15  11.4  996 250  2.3 7  7.4  84    0   42 328 -386  1
3797500 2746500 10 30 16  11.3  996 231  2.2 7  7.7  90    0   50 329 -382  1
3797500 2746500 10 30 17  11.1  997 221  2.2 6  7.6  90    0   17 326 -375  1
3797500 2746500 10 30 18  10.3  997 220  2.1 5  7.4  90    0    0 317 -370  1
3797500 2746500 10 30 19  10.0  998 171  1.8 5  7.1  90    0    0 311 -366  1
3797500 2746500 10 30 20  10.0  998 181  1.6 4  6.9  89    0    0 307 -364  1
3797500 2746500 10 30 21   9.9  998 180  1.8 1  6.7  87    0    0 293 -363  1
3797500 2746500 10 30 22   9.0  998 143  1.3 3  6.5  87    0    0 288 -363  1
3797500 2746500 10 30 23   9.2  998 113  1.5 4  6.4  87    0    0 300 -363  1
3797500 2746500 10 30 24   8.7  998 153  1.1 2  6.3  88    0    0 295 -363  1
3797500 2746500 10 31  1   8.3  997 103  1.8 1  6.2  88    0    0 280 -363  1
3797500 2746500 10 31  2   8.0  997 114  2.1 2  6.1  89    0    0 275 -362  1
3797500 2746500 10 31  3   7.9  997  99  2.4 3  6.1  90    0    0 283 -361  1
3797500 2746500 10 31  4   7.6  997 109  2.0 6  6.1  92    0    0 302 -361  1
3797500 2746500 10 31  5   8.7  996 102  1.8 7  6.3  92    0    0 323 -360  1
3797500 2746500 10 31  6   9.1  996 111  1.4 7  6.4  89    0    0 330 -361  1
3797500 2746500 10 31  7   9.2  995  99  1.3 8  6.5  89    0    0 336 -362  1
3797500 2746500 10 31  8   8.8  995 112  1.3 8  6.6  90    0    4 341 -362  1
3797500 2746500 10 31  9   9.1  996 111  3.0 7  6.7  93    0   25 336 -363  1
3797500 2746500 10 31 10   9.9  996 112  2.2 7  7.0  94    0   35 332 -364  1
3797500 2746500 10 31 11  10.4  997 159  1.5 7  7.3  93    0   45 334 -368  1
3797500 2746500 10 31 12  10.4  997 112  2.4 7  7.5  94    0   62 335 -373  1
3797500 2746500 10 31 13  10.9  996 110  1.7 7  7.6  94    0   92 336 -378  1
3797500 2746500 10 31 14  11.0  996 109  1.4 8  7.7  93    0   62 341 -381  1
3797500 2746500 10 31 15  11.7  996  97  1.6 6  7.9  93   10  134 337 -381  1
3797500 2746500 10 31 16  11.7  995  80  1.6 5  8.0  91   41  109 323 -379  1
3797500 2746500 10 31 17  10.8  995  88  1.4 3  7.7  90    6   34 304 -375  1
3797500 2746500 10 31 18  10.3  996  81  1.5 4  7.4  91    0    0 297 -372  1
3797500 2746500 10 31 19  10.2  996  69  0.9 7  7.4  94    0    0 317 -370  1
3797500 2746500 10 31 20   9.7  997  83  1.2 6  7.3  94    0    0 327 -369  1
3797500 2746500 10 31 21   9.1  997  93  1.0 4  7.2  96    0    0 307 -368  1
3797500 2746500 10 31 22   8.4  998 108  0.8 5  6.9  96    0    0 300 -367  1
3797500 2746500 10 31 23   9.1  998 177  1.3 7  6.7  94    0    0 317 -366  1
3797500 2746500 10 31 24   9.7  999 192  1.2 7  6.6  89    0    0 330 -366  1
3797500 2746500 11  1  1   8.3  999  13  1.5 8  6.3  92    0    0 339 -365  1
3797500 2746500 11  1  2   7.8  999  83  0.7 7  6.3  93    0    0 333 -365  1
3797500 2746500 11  1  3   8.1  999  49  1.0 7  6.4  94    0    0 325 -364  1
3797500 2746500 11  1  4   7.9  999  92  1.1 7  6.4  94    0    0 326 -364  1
3797500 2746500 11  1  5   7.9 1000 106  1.3 7  6.3  93    0    0 327 -363  1
3797500 2746500 11  1  6   8.0 1001 342  1.2 7  6.4  95    0    0 326 -363  1
3797500 2746500 11  1  7   8.0 1001  50  1.3 8  6.5  95    0    0 333 -362  1
3797500 2746500 11  1  8   8.0 1001 319  1.4 8  6.4  95    0    8 339 -361  1
3797500 2746500 11  1  9   7.8 1002 332  2.5 7  6.4  95    2   47 330 -361  1
3797500 2746500 11  1 10   7.4 1003 319  0.7 8  6.3  95    0   70 328 -364  1
3797500 2746500 11  1 11   7.5 1004 330  2.0 7  6.3  97    0   78 328 -368  1
3797500 2746500 11  1 12   7.5 1004 321  1.9 7  6.4  98    0   62 321 -374  1
3797500 2746500 11  1 13   7.4 1004 337  2.6 8  6.4  99    0   48 327 -379  1
3797500 2746500 11  1 14   7.8 1004 318  1.8 8  6.5  99    0   49 333 -381  1
3797500 2746500 11  1 15   7.7 1004 348  1.9 8  6.5  98    0   37 333 -381  1
3797500 2746500 11  1 16   7.9 1005 336  1.7 8  6.5  98    0   20 331 -378  1
3797500 2746500 11  1 17   8.1 1005 271  1.2 8  6.5  97    0    4 331 -372  1
3797500 2746500 11  1 18   8.1 1006 270  1.3 8  6.5  96    0    0 331 -365  1
3797500 2746500 11  1 19   7.8 1006 266  1.8 8  6.5  97    0    0 331 -361  1
3797500 2746500 11  1 20   7.9 1007 272  1.4 8  6.4  97    0    0 329 -359  1
3797500 2746500 11  1 21   7.9 1007 251  1.5 8  6.4  96    0    0 329 -357  1
3797500 2746500 11  1 22   7.9 1007 244  1.3 7  6.4  96    0    0 323 -355  1
3797500 2746500 11  1 23   7.8 1008 255  1.8 7  6.4  97    0    0 315 -352  1
3797500 2746500 11  1 24   7.6 1008 242  0.8 7  6.4  97    0    0 315 -351  1
3797500 2746500 11  2  1   7.7 1008 238  1.8 8  6.3  96    0    0 323 -349  1
3797500 2746500 11  2  2   7.6 1008 236  1.4 7  6.2  95    0    0 323 -346  1
3797500 2746500 11  2  3   7.7 1008 225  1.9 8  6.1  94    0    0 323 -343  1
3797500 2746500 11  2  4   7.7 1007 217  1.4 7  6.2  94    0    0 322 -343  1
3797500 2746500 11  2  5   7.9 1007 218  1.6 6  6.2  94    0    0 307 -345  1
3797500 2746500 11  2  6   7.9 1008 198  1.4 7  6.3  95    0    0 307 -348  1
3797500 2746500 11  2  7   8.5 1008 177  1.7 8  6.5  95    0    0 325 -351  1
3797500 2746500 11  2  8   8.8 1008 197  2.5 8  6.7  95    0    5 337 -353  1
3797500 2746500 11  2  9   9.2 1008 229  3.9 5  6.8  94    4   47 317 -355  1
3797500 2746500 11  2 10  10.3 1008 209  3.0 4  6.9  91   89  103 298 -358  1
3797500 2746500 11  2 11  11.5 1008 198  3.5 4  7.0  86  102  144 298 -364  1
3797500 2746500 11  2 12  11.9 1007 197  3.8 5  7.0  81   25  155 307 -370  1
3797500 2746500 11  2 13  13.0 1006 206  3.5 7  6.8  75   12  145 324 -371  1
3797500 2746500 11  2 14  12.8 1006 220  4.2 7  6.7  72    2  104 338 -371  1
3797500 2746500 11  2 15  12.2 1006 231  5.1 7  6.7  73    0   63 336 -374  1
3797500 2746500 11  2 16  11.7 1006 214  2.8 7  7.1  80    0   27 337 -374  1
3797500 2746500 11  2 17  11.7 1006 209  2.8 8  7.5  86    0    6 345 -370  1
3797500 2746500 11  2 18  11.7 1006 231  4.8 8  7.5  87    0    0 351 -364  1
3797500 2746500 11  2 19  11.5 1006 223  4.6 8  7.5  88    0    0 351 -361  1
3797500 2746500 11  2 20  11.9 1006 223  4.5 8  7.5  87    0    0 353 -363  1
3797500 2746500 11  2 21  11.8 1006 233  4.9 8  7.4  85    0    0 353 -366  1
3797500 2746500 11  2 22  11.8 1006 212  4.3 8  7.3  84    0    0 353 -366  1
3797500 2746500 11  2 23  12.1 1006 209  4.2 7  7.3  83    0    0 348 -366  1
3797500 2746500 11  2 24  11.9 1006 211  4.1 7  7.2  82    0    0 343 -367  1
3797500 2746500 11  3  1  12.0 1005 210  4.3 7  7.2  82    0    0 344 -367  1
3797500 2746500 11  3  2  12.0 1005 219  4.5 7  7.1  81    0    0 345 -368  1
3797500 2746500 11  3  3  12.0 1004 219  5.0 8  7.1  81    0    0 352 -369  1
3797500 2746500 11  3  4  12.6 1004 219  5.8 8  7.3  80    0    0 359 -368  1
3797500 2746500 11  3  5  12.7 1004 227  5.5 8  7.3  79    0    0 361 -368  1
3797500 2746500 11  3  6  12.8 1004 218  5.6 8  7.3  78    0    0 362 -368  1
3797500 2746500 11  3  7  12.9 1003 218  4.8 8  7.3  78    0    0 363 -369  1
3797500 2746500 11  3  8  13.0 1003 226  4.8 8  7.4  78    0    2 363 -370  1
3797500 2746500 11  3  9  12.1 1004 228  5.1 7  7.6  83    0   34 357 -371  1
3797500 2746500 11  3 10  12.3 1004 220  4.6 7  7.9  88    0   49 353 -371  1
3797500 2746500 11  3 11  13.0 1004 229  4.8 8  8.0  86    0   28 359 -372  1
3797500 2746500 11  3 12  13.1 1005 239  4.2 8  8.0  85    0   34 367 -373  1
3797500 2746500 11  3 13  13.3 1005 238  4.3 8  8.2  86    0   33 366 -374  1
3797500 2746500 11  3 14  13.6 1006 239  3.7 8  8.3  86    0   31 367 -375  1
3797500 2746500 11  3 15  13.8 1006 228  3.5 7  8.4  85    1   73 362 -377  1
3797500 2746500 11  3 16  13.9 1006 229  3.5 7  8.4  84    6   57 358 -379  1
3797500 2746500 11  3 17  13.7 1007 237  3.2 7  8.3  83    5   18 357 -379  1
3797500 2746500 11  3 18  13.5 1007 230  2.7 7  8.2  84    0    0 357 -378  1
3797500 2746500 11  3 19  13.5 1008 237  2.8 7  8.2  84    0    0 356 -378  1
3797500 2746500 11  3 20  13.6 1009 217  3.4 7  8.2  84    0    0 356 -378  1
3797500 2746500 11  3 21  12.8 1009 219  3.7 7  8.3  87    0    0 356 -378  1
3797500 2746500 11  3 22  13.1 1009 228  2.9 8  8.3  88    0    0 361 -379  1
3797500 2746500 11  3 23  13.5 1009 209  3.2 8  8.3  87    0    0 367 -380  1
3797500 2746500 11  3 24  13.8 1009 229  4.7 7  8.5  87    0    0 361 -381  1
3797500 2746500 11  4  1  14.1 1008 239  4.3 8  8.8  88    0    0 363 -381  1
3797500 2746500 11  4  2  13.4 1008 240  4.0 8  9.1  92    0    0 369 -382  1
3797500 2746500 11  4  3  13.6 1008 231  4.4 7  9.5  97    0    0 364 -383  1
3797500 2746500 11  4  4  13.6 1009 230  4.3 7  9.7  99    0    0 360 -383  1
3797500 2746500 11  4  5  14.1 1008 239  3.8 7  9.6  97    0    0 362 -384  1
3797500 2746500 11  4  6  14.0 1009 239  4.6 8  9.5  94    0    0 369 -385  1
3797500 2746500 11  4  7  14.0 1009 230  5.5 8  9.5  95    0    0 375 -386  1
3797500 2746500 11  4  8  13.9 1009 228  5.2 8  9.5  95    0    4 376 -385  1
3797500 2746500 11  4  9  15.2 1010 240  6.0 7  9.4  90    0   19 373 -384  1
3797500 2746500 11  4 10  15.4 1010 239  6.2 8  9.3  85    0   28 375 -385  1
3797500 2746500 11  4 11  15.0 1011 238  6.1 7  9.3  86    0   27 375 -388  1
3797500 2746500 11  4 12  14.9 1011 238  5.5 7  9.5  89    0   34 368 -390  1
3797500 2746500 11  4 13  15.5 1012 238  5.2 8  9.5  87    0   44 374 -390  1
3797500 2746500 11  4 14  15.3 1012 238  4.9 7  9.3  84    0   75 374 -390  1
3797500 2746500 11  4 15  16.1 1012 228  5.3 6  9.1  82   11   98 363 -390  1
3797500 2746500 11  4 16  15.9 1012 229  5.5 8  9.0  79   19   64 370 -391  1
3797500 2746500 11  4 17  15.9 1012 230  5.8 8  8.8  78    3   15 379 -391  1
3797500 2746500 11  4 18  15.6 1013 229  4.7 8  8.8  78    0    0 378 -390  1
3797500 2746500 11  4 19  15.5 1013 238  5.6 8  8.7  78    0    0 378 -388  1
3797500 2746500 11  4 20  15.3 1013 239  5.5 8  8.4  77    0    0 377 -387  1
3797500 2746500 11  4 21  15.3 1014 229  6.1 7  8.2  76    0    0 371 -386  1
3797500 2746500 11  4 22  15.2 1014 227  6.8 7  8.2  76    0    0 366 -384  1
3797500 2746500 11  4 23  15.2 1013 227  5.8 7  8.2  76    0    0 366 -382  1
3797500 2746500 11  4 24  15.2 1014 237  6.0 7  8.2  76    0    0 366 -381  1
3797500 2746500 11  5  1  15.1 1013 238  4.9 7  8.0  74    0    0 366 -381  1
3797500 2746500 11  5  2  15.1 1013 230  5.4 7  8.0  75    0    0 366 -380  1
3797500 2746500 11  5  3  15.0 1013 229  4.9 7  8.0  75    0    0 366 -380  1
3797500 2746500 11  5  4  14.9 1013 239  4.3 7  8.1  76    0    0 366 -380  1
3797500 2746500 11  5  5  14.4 1013 229  5.0 7  8.1  77    0    0 365 -380  1
3797500 2746500 11  5  6  14.2 1013 238  5.1 8  8.0  79    0    0 369 -380  1
3797500 2746500 11  5  7  13.7 1013 239  4.7 8  8.1  81    0    0 373 -380  1
3797500 2746500 11  5  8  12.8 1013 238  3.9 8  8.2  86    0    3 371 -380  1
3797500 2746500 11  5  9  13.1 1013 239  4.1 6  8.2  88    2   42 359 -380  1
3797500 2746500 11  5 10  12.9 1014 239  3.9 7  8.2  87    2   73 352 -381  1
3797500 2746500 11  5 11  13.2 1014 239  4.9 7  8.2  88    0   69 357 -381  1
3797500 2746500 11  5 12  13.1 1014 240  4.5 6  8.4  88    0   91 352 -381  1
3797500 2746500 11  5 13  13.3 1015 229  4.0 7  8.6  90    0   53 352 -382  1
3797500 2746500 11  5 14  13.1 1014 228  3.5 7  8.7  92    0   42 357 -383  1
3797500 2746500 11  5 15  12.8 1014 238  3.3 7  8.7  93    0   40 357 -384  1
3797500 2746500 11  5 16  12.9 1014 240  3.2 8  8.8  95    0   35 363 -385  1
3797500 2746500 11  5 17  12.8 1014 228  3.5 8  8.8  95    0    5 367 -385  1
3797500 2746500 11  5 18  12.8 1013 218  3.6 8  8.8  96    0    0 366 -384  1
3797500 2746500 11  5 19  13.1 1013 227  3.5 7  9.1  97    0    0 362 -383  1
3797500 2746500 11  5 20  13.3 1012 227  4.1 7  9.3  97    0    0 357 -383  1
3797500 2746500 11  5 21  13.7 1011 227  4.6 6  9.3  96    0    0 353 -382  1
3797500 2746500 11  5 22  13.9 1010 226  5.3 7  9.3  94    0    0 354 -382  1
3797500 2746500 11  5 23  14.2 1010 228  5.7 7  9.3  92    0    0 361 -381  1
3797500 2746500 11  5 24  14.2 1009 230  4.9 7  9.2  90    0    0 361 -381  1
3797500 2746500 11  6  1  14.0 1009 238  5.7 7  9.0  89    0    0 361 -381  1
3797500 2746500 11  6  2  13.9 1008 231  4.8 8  8.8  87    0    0 365 -380  1
3797500 2746500 11  6  3  13.4 1008 230  4.8 8  8.6  88    0    0 369 -379  1
3797500 2746500 11  6  4  13.1 1007 231  5.9 8  8.4  88    0    0 367 -376  1
3797500 2746500 11  6  5  12.2 1006 243  4.6 7  8.3  91    0    0 359 -373  1
3797500 2746500 11  6  6  10.7 1005 289  2.3 7  7.9  93    0    0 348 -369  1
3797500 2746500 11  6  7  10.0 1006 267  1.9 8  7.4  94    0    0 348 -365  1
3797500 2746500 11  6  8   9.7 1006 270  2.7 7  7.3  96    0    0 345 -362  1
3797500 2746500 11  6  9   9.2 1006 258  2.0 8  7.2  97    0   13 343 -359  1
3797500 2746500 11  6 10   9.0 1007 258  2.3 8  7.0  97    0   36 347 -358  1
3797500 2746500 11  6 11   9.0 1008 240  2.7 8  6.8  95    0   43 344 -359  1
3797500 2746500 11  6 12   9.6 1008 250  3.0 8  6.8  92    5   98 343 -363  1
3797500 2746500 11  6 13  10.0 1008 243  3.3 8  6.9  90    0   73 342 -366  1
3797500 2746500 11  6 14  10.6 1007 252  3.6 7  6.9  88    0   74 334 -367  1
3797500 2746500 11  6 15  10.6 1007 255  2.2 8  6.8  85    0   57 333 -366  1
3797500 2746500 11  6 16   9.6 1007 302  1.6 7  6.5  84   10   33 330 -361  1
3797500 2746500 11  6 17   9.0 1007 257  1.0 8  6.4  88    0    9 325 -354  1
3797500 2746500 11  6 18   8.5 1006 252  0.9 7  6.4  91    0    0 323 -347  1
3797500 2746500 11  6 19   8.4 1006 224  0.9 8  6.3  91    0    0 321 -343  1
3797500 2746500 11  6 20   8.2 1006 223  0.9 7  6.3  91    0    0 320 -340  1
3797500 2746500 11  6 21   7.8 1005 245  0.6 8  6.2  92    0    0 318 -339  1
3797500 2746500 11  6 22   7.7 1005 256  0.8 8  6.1  92    0    0 323 -337  1
3797500 2746500 11  6 23   7.2 1004 170  0.3 8  6.0  93    0    0 321 -336  1
3797500 2746500 11  6 24   7.3 1004 170  0.7 8  6.0  93    0    0 322 -334  1
3797500 2746500 11  7  1   6.7 1003  95  0.8 8  5.9  94    0    0 321 -333  1
3797500 2746500 11  7  2   6.6 1002 100  1.3 8  5.8  94    0    0 319 -331  1
3797500 2746500 11  7  3   6.3 1001  84  1.0 8  5.7  94    0    0 317 -330  1
3797500 2746500 11  7  4   6.7 1001 119  1.6 7  5.7  93    0    0 309 -328  1
3797500 2746500 11  7  5   7.0 1000  55  1.3 7  5.7  90    0    0 303 -325  1
3797500 2746500 11  7  6   6.0  999  61  1.9 7  5.7  93    0    0 301 -324  1
3797500 2746500 11  7  7   5.7  999  89  1.5 8  5.7  97    0    0 304 -325  1
3797500 2746500 11  7  8   5.6  999  79  1.8 7  5.6  98    0    3 302 -326  1
3797500 2746500 11  7  9   5.7  998  57  1.7 7  5.7  99    1   39 297 -327  1
3797500 2746500 11  7 10   6.2  999  50  2.1 8  5.8  98    0   49 303 -330  1
3797500 2746500 11  7 11   6.8  999  42  2.2 7  5.7  94    3  102 302 -336  1
3797500 2746500 11  7 12   7.2  998  45  2.7 7  5.7  90   13  136 296 -342  1
3797500 2746500 11  7 13   7.6  998  61  3.3 6  5.5  84   25  152 290 -346  1
3797500 2746500 11  7 14   7.8  997  53  3.6 6  5.2  79   31  138 285 -348  1
3797500 2746500 11  7 15   7.7  997  44  3.7 6  5.2  78   21   99 286 -348  1
3797500 2746500 11  7 16   7.5  996  39  3.4 6  5.2  79    6   49 286 -346  1
3797500 2746500 11  7 17   7.1  996  50  2.6 6  5.0  78    0    6 284 -342  1
3797500 2746500 11  7 18   6.7  996  76  2.5 7  4.9  78    0    0 287 -336  1
3797500 2746500 11  7 19   6.3  996  81  2.8 6  4.8  79    0    0 284 -331  1
3797500 2746500 11  7 20   6.0  995  69  2.2 7  4.7  79    0    0 282 -328  1
3797500 2746500 11  7 21   5.4  995  72  1.8 8  4.6  79    0    0 290 -325  1
3797500 2746500 11  7 22   5.0  994  91  2.3 8  4.5  80    0    0 292 -323  1
3797500 2746500 11  7 23   5.1  993  97  1.6 7  4.5  80    0    0 288 -321  1
3797500 2746500 11  7 24   5.2  993  65  1.8 7  4.5  81    0    0 284 -319  1
3797500 2746500 11  8  1   4.8  991 103  1.8 7  4.6  83    0    0 284 -318  1
3797500 2746500 11  8  2   4.6  990  86  1.7 7  4.6  85    0    0 284 -317  1
3797500 2746500 11  8  3   4.6  989  94  2.4 8  4.6  86    0    0 290 -316  1
3797500 2746500 11  8  4   4.3  988 131  2.8 8  4.7  87    0    0 295 -316  1
3797500 2746500 11  8  5   4.8  986 114  2.2 8  4.7  88    0    0 293 -316  1
3797500 2746500 11  8  6   5.2  985 138  2.8 8  4.8  86    0    0 291 -315  1
3797500 2746500 11  8  7   4.8  984 117  2.4 7  4.9  88    0    0 288 -315  1
3797500 2746500 11  8  8   5.1  983 135  3.0 7  5.0  90    0    5 284 -315  1
3797500 2746500 11  8  9   5.3  982 148  2.8 5  5.1  90    0   35 276 -315  1
3797500 2746500 11  8 10   5.5  981 145  2.9 7  5.2  90    0   57 275 -315  1
3797500 2746500 11  8 11   6.0  980 146  3.7 7  5.3  90    0   80 286 -321  1
3797500 2746500 11  8 12   6.7  979 147  2.7 6  5.4  88    6  139 279 -330  1
3797500 2746500 11  8 13   7.1  977 153  3.8 6  5.3  83   11  157 274 -336  1
3797500 2746500 11  8 14   7.0  976 152  4.4 6  5.1  78   10  137 274 -340  1
3797500 2746500 11  8 15   7.5  975 147  3.7 7  4.9  75    3   89 283 -340  1
3797500 2746500 11  8 16   7.2  974 140  3.1 7  5.0  75    6   58 293 -337  1
3797500 2746500 11  8 17   6.6  973 121  2.3 6  4.8  75    4   18 282 -331  1
3797500 2746500 11  8 18   5.7  973 112  2.1 5  4.6  76    0    0 260 -326  1
3797500 2746500 11  8 19   5.4  972 102  2.0 5  4.6  79    0    0 250 -323  1
3797500 2746500 11  8 20   5.0  972  96  2.5 4  4.6  81    0    0 235 -322  1
3797500 2746500 11  8 21   4.9  972 101  3.1 2  4.5  80    0    0 188 -321  1
3797500 2746500 11  8 22   5.2  972  90  3.8 4  4.5  79    0    0 175 -320  1
3797500 2746500 11  8 23   5.3  971  87  3.5 6  4.5  79    0    0 230 -318  1
3797500 2746500 11  8 24   5.3  971  86  2.5 7  4.7  81    0    0 275 -317  1
3797500 2746500 11  9  1   5.1  971  87  2.4 8  4.8  84    0    0 304 -316  1
3797500 2746500 11  9  2   5.0  970  97  2.9 8  4.9  87    0    0 317 -316  1
3797500 2746500 11  9  3   5.0  970  97  2.8 7  5.0  88    0    0 307 -316  1
3797500 2746500 11  9  4   5.1  970  97  2.4 8  5.0  88    0    0 308 -316  1
3797500 2746500 11  9  5   5.2  970  98  1.9 8  5.0  88    0    0 318 -316  1
3797500 2746500 11  9  6   5.0  970 100  1.8 8  5.1  89    0    0 319 -316  1
3797500 2746500 11  9  7   5.2  970  99  1.6 8  5.1  89    0    0 320 -316  1
3797500 2746500 11  9  8   5.1  970 108  1.7 8  5.2  90    0    8 322 -316  1
3797500 2746500 11  9  9   5.3  971  90  1.5 3  5.3  92   15   53 283 -317  1
3797500 2746500 11  9 10   5.7  971 118  1.5 5  5.4  92    8   90 263 -320  1
3797500 2746500 11  9 11   6.7  972 159  2.5 6  5.5  90    1   98 286 -323  1
3797500 2746500 11  9 12   7.0  972 159  3.5 6  5.7  88    5  129 294 -326  1
3797500 2746500 11  9 13   7.4  972 148  2.8 7  5.8  87    7  138 304 -330  1
3797500 2746500 11  9 14   8.3  972 148  2.6 6  5.9  85   18  139 306 -333  1
3797500 2746500 11  9 15   8.2  972 130  2.1 6  5.8  82    6   89 300 -335  1
3797500 2746500 11  9 16   8.1  972 148  1.6 8  5.7  82   34   72 315 -335  1
3797500 2746500 11  9 17   8.1  973 129  1.7 8  5.8  82    1   13 331 -333  1
3797500 2746500 11  9 18   7.1  973  97  1.3 8  5.8  86    0    0 330 -330  1
3797500 2746500 11  9 19   7.1  973  86  1.5 7  5.9  91    0    0 321 -329  1
3797500 2746500 11  9 20   7.3  974  77  1.2 8  6.0  91    0    0 321 -328  1
3797500 2746500 11  9 21   7.4  974 107  1.4 7  6.0  90    0    0 322 -326  1
3797500 2746500 11  9 22   7.4  974 110  1.5 7  6.0  90    0    0 316 -325  1
3797500 2746500 11  9 23   7.6  975 111  1.3 7  6.0  90    0    0 316 -324  1
3797500 2746500 11  9 24   7.2  975  96  0.9 7  6.0  90    0    0 316 -324  1
3797500 2746500 11 10  1   7.4  975 110  1.2 8  5.9  89    0    0 321 -324  1
3797500 2746500 11 10  2   7.6  975 100  1.1 8  5.9  87    0    0 328 -324  1
3797500 2746500 11 10  3   6.9  975 111  1.4 8  5.9  90    0    0 327 -323  1
3797500 2746500 11 10  4   7.1  976 123  1.8 8  5.9  91    0    0 327 -320  1
3797500 2746500 11 10  5   6.9  976 135  1.7 8  5.9  91    0    0 328 -318  1
3797500 2746500 11 10  6   7.0  976 137  0.9 8  5.9  91    0    0 328 -316  1
3797500 2746500 11 10  7   7.2  977 133  1.2 8  5.9  91    0    0 328 -316  1
3797500 2746500 11 10  8   6.9  977 127  1.1 8  6.0  92    0    2 328 -315  1
3797500 2746500 11 10  9   7.1  978 138  1.1 6  6.1  94    0   31 316 -314  1
3797500 2746500 11 10 10   7.2  979 216  1.8 7  6.3  96    1   64 310 -314  1
3797500 2746500 11 10 11   7.2  979 228  2.1 7  6.3  97    7  105 315 -317  1
3797500 2746500 11 10 12   6.2  980 299  2.3 8  6.1  96    0   71 319 -324  1
3797500 2746500 11 10 13   5.5  981 321  3.1 8  5.8  98    0   33 323 -331  1
3797500 2746500 11 10 14   5.6  982 324  2.7 8  5.6  97    0   37 322 -334  1
3797500 2746500 11 10 15   5.5  984 333  3.8 7  5.5  95    0   58 314 -335  1
3797500 2746500 11 10 16   5.1  985 326  3.9 7  5.3  93   25   46 304 -334  1
3797500 2746500 11 10 17   5.1  986 320  2.8 7  5.2  92    0    8 305 -332  1
3797500 2746500 11 10 18   5.3  988 294  1.8 7  5.2  91    0    0 305 -328  1
3797500 2746500 11 10 19   5.5  990 299  1.3 7  5.2  91    0    0 306 -325  1
3797500 2746500 11 10 20   5.5  991 279  1.9 7  5.3  92    0    0 305 -323  1
3797500 2746500 11 10 21   4.7  993 256  1.7 5  5.2  93    0    0 292 -321  1
3797500 2746500 11 10 22   4.6  994 242  1.8 6  5.1  94    0    0 284 -320  1
3797500 2746500 11 10 23   4.8  995 250  2.1 7  5.0  93    0    0 295 -318  1
3797500 2746500 11 10 24   4.9  996 247  2.5 8  5.0  91    0    0 304 -316  1
3797500 2746500 11 11  1   4.8  997 233  2.8 7  5.0  92    0    0 304 -316  1
3797500 2746500 11 11  2   5.0  998 233  2.5 6  5.1  92    0    0 293 -315  1
3797500 2746500 11 11  3   4.9  999 234  3.1 6  5.0  92    0    0 288 -313  1
3797500 2746500 11 11  4   5.1  999 229  3.5 6  5.0  90    0    0 287 -313  1
3797500 2746500 11 11  5   5.1 1000 237  3.0 7  4.9  89    0    0 291 -313  1
3797500 2746500 11 11  6   4.6 1000 227  3.5 6  4.9  89    0    0 288 -313  1
3797500 2746500 11 11  7   4.2 1000 227  3.3 2  4.7  90    0    0 261 -313  1
3797500 2746500 11 11  8   3.9 1000 196  2.7 1  4.6  89    0    5 234 -313  1
3797500 2746500 11 11  9   4.9 1000 185  3.1 4  4.6  87   28   40 240 -313  1
3797500 2746500 11 11 10   5.8 1000 175  4.4 4  4.6  81   66   80 253 -314  1
3797500 2746500 11 11 11   5.5  999 184  5.4 6  4.4  76    3   97 260 -318  1
3797500 2746500 11 11 12   5.6  998 184  5.4 7  4.3  75    0   80 273 -324  1
3797500 2746500 11 11 13   6.2  997 180  5.7 7  4.2  72    0   76 281 -331  1
3797500 2746500 11 11 14   6.7  995 179  6.1 7  4.2  69    0   58 287 -335  1
3797500 2746500 11 11 15   5.7  993 171  6.2 6  4.5  75    0   38 286 -336  1
3797500 2746500 11 11 16   5.8  991 170  8.3 6  4.8  83    0   28 286 -334  1
3797500 2746500 11 11 17   5.7  988 171  7.4 7  5.0  86    0    5 296 -331  1
3797500 2746500 11 11 18   6.2  986 172  7.9 7  5.2  88    0    0 308 -330  1
3797500 2746500 11 11 19   7.2  984 172  6.7 8  5.4  86    0    0 321 -331  1
3797500 2746500 11 11 20   8.6  982 182  6.4 8  5.7  83    0    0 332 -333  1
3797500 2746500 11 11 21   9.0  980 191  4.9 8  6.1  83    0    0 340 -337  1
3797500 2746500 11 11 22   9.8  979 227  5.4 7  6.7  88    0    0 342 -341  1
3797500 2746500 11 11 23  10.1  979 249  6.3 6  6.8  86    0    0 336 -345  1
3797500 2746500 11 11 24   9.9  980 230  4.7 5  6.6  84    0    0 324 -347  1
3797500 2746500 11 12  1   9.2  981 229  4.4 2  6.4  83    0    0 294 -346  1
3797500 2746500 11 12  2   9.1  981 228  5.2 3  6.1  81    0    0 271 -346  1
3797500 2746500 11 12  3   9.4  982 227  5.7 6  6.0  79    0    0 298 -347  1
3797500 2746500 11 12  4   9.2  982 239  4.9 7  6.0  79    0    0 328 -348  1
3797500 2746500 11 12  5   9.6  982 231  6.2 8  6.0  80    0    0 342 -348  1
3797500 2746500 11 12  6  10.0  983 240  5.9 8  6.0  77    0    0 347 -348  1
3797500 2746500 11 12  7  10.1  984 238  5.9 7  6.0  76    0    0 338 -347  1
3797500 2746500 11 12  8  10.4  984 238  6.3 7  6.0  75    0    0 330 -345  1
3797500 2746500 11 12  9  10.4  985 230  5.7 7  6.0  74    0   17 329 -345  1
3797500 2746500 11 12 10  10.8  986 239  6.3 8  6.1  74    0   45 337 -346  1
3797500 2746500 11 12 11  11.3  987 239  5.8 6  6.1  72    9  100 333 -348  1
3797500 2746500 11 12 12  11.7  987 248  6.5 6  6.1  70   12  118 325 -351  1
3797500 2746500 11 12 13  12.0  988 249  7.4 7  6.1  69    1   99 332 -355  1
3797500 2746500 11 12 14  12.2  988 240  6.1 6  6.1  68   24  111 334 -358  1
3797500 2746500 11 12 15  11.9  988 239  6.1 6  6.2  69   31   79 329 -358  1
3797500 2746500 11 12 16  11.7  988 224  4.4 8  6.3  71   12   40 341 -357  1
3797500 2746500 11 12 17  10.7  989 230  6.4 8  6.5  76    0    9 352 -355  1
3797500 2746500 11 12 18   9.9  989 221  5.3 8  6.8  85    0    0 351 -354  1
3797500 2746500 11 12 19   9.9  989 232  4.1 8  7.1  91    0    0 350 -354  1
3797500 2746500 11 12 20  10.1  988 231  3.5 8  7.2  92    0    0 351 -355  1
3797500 2746500 11 12 21  10.5  987 220  2.6 8  7.4  93    0    0 352 -356  1
3797500 2746500 11 12 22  11.6  986 214  4.5 8  7.8  93    0    0 355 -358  1
3797500 2746500 11 12 23  12.6  986 225  5.7 8  8.4  92    0    0 360 -360  1
3797500 2746500 11 12 24  12.9  986 236  5.2 7  8.6  91    0    0 357 -362  1
3797500 2746500 11 13  1  12.5  986 240  4.1 8  8.6  92    0    0 356 -365  1
3797500 2746500 11 13  2  12.6  986 230  4.6 8  8.7  93    0    0 365 -368  1
3797500 2746500 11 13  3  12.7  986 230  5.5 8  8.8  94    0    0 368 -370  1
3797500 2746500 11 13  4  13.1  986 230  4.6 8  8.9  93    0    0 369 -372  1
3797500 2746500 11 13  5  13.0  986 240  4.9 8  8.9  92    0    0 369 -373  1
3797500 2746500 11 13  6  12.9  986 235  5.8 8  9.0  94    0    0 368 -372  1
3797500 2746500 11 13  7  11.9  986 268  4.6 8  8.8  96    0    0 365 -369  1
3797500 2746500 11 13  8  11.6  986 251  3.4 8  8.5  96    0    0 361 -366  1
3797500 2746500 11 13  9  11.8  987 264  2.6 7  8.5  96    0    7 353 -365  1
3797500 2746500 11 13 10  10.9  988 270  1.6 7  8.2  95    0   29 344 -365  1
3797500 2746500 11 13 11  10.5  988 273  2.2 7  7.9  95    0   34 339 -367  1
3797500 2746500 11 13 12  10.0  989 249  2.7 7  7.7  96    0   48 336 -369  1
3797500 2746500 11 13 13  10.2  990 218  2.3 6  7.6  97    0   66 328 -370  1
3797500 2746500 11 13 14  10.8  990 228  3.3 7  7.8  96    0   51 330 -368  1
3797500 2746500 11 13 15  10.4  990 243  3.5 7  7.9  96    0   41 337 -366  1
3797500 2746500 11 13 16  10.2  990 219  3.1 7  7.6  95    0   28 336 -365  1
3797500 2746500 11 13 17  10.3  990 205  3.2 7  7.5  94    1   12 336 -365  1
3797500 2746500 11 13 18  10.5  990 174  0.8 8  7.6  94    0    0 344 -364  1
3797500 2746500 11 13 19  10.4  990 190  1.7 8  7.7  95    0    0 351 -365  1
3797500 2746500 11 13 20  10.5  991 181  1.6 8  7.7  96    0    0 351 -368  1
3797500 2746500 11 13 21  10.4  990 170  1.5 8  7.8  96    0    0 351 -370  1
3797500 2746500 11 13 22  10.6  990 171  1.7 8  7.8  96    0    0 352 -371  1
3797500 2746500 11 13 23  10.7  990 180  1.3 8  7.8  95    0    0 353 -371  1
3797500 2746500 11 13 24  10.5  990 161  1.8 8  7.9  96    0    0 353 -371  1
3797500 2746500 11 14  1  10.6  990 161  2.1 8  8.0  98    0    0 353 -370  1
3797500 2746500 11 14  2  12.2  990 200  2.2 8  8.3  97    0    0 356 -370  1
3797500 2746500 11 14  3  12.7  990 200  2.1 7  8.7  94    0    0 354 -370  1
3797500 2746500 11 14  4  12.4  989 171  2.6 8  8.9  96    0    0 354 -370  1
3797500 2746500 11 14  5  13.1  989 191  2.9 8  9.0  95    0    0 361 -371  1
3797500 2746500 11 14  6  12.5  988 201  3.6 8  9.0  95    0    0 360 -371  1
3797500 2746500 11 14  7  12.6  988 201  3.8 7  9.0  96    0    0 354 -371  1
3797500 2746500 11 14  8  12.8  988 192  3.3 7  9.0  96    0    2 348 -371  1
3797500 2746500 11 14  9  13.5  988 192  2.9 8  9.0  92    0   27 355 -371  1
3797500 2746500 11 14 10  13.8  989 193  3.2 8  8.8  87    0   31 362 -370  1
3797500 2746500 11 14 11  13.7  989 192  4.0 8  8.6  85    0   34 361 -370  1
3797500 2746500 11 14 12  14.0  989 191  3.4 8  8.4  83    0   55 360 -370  1
3797500 2746500 11 14 13  13.6  989 191  2.4 7  8.2  82    0   50 354 -371  1
3797500 2746500 11 14 14  13.2  989 221  2.4 6  8.4  85    0   46 342 -371  1
3797500 2746500 11 14 15  13.2  990 191  2.1 7  8.4  87    0   36 341 -371  1
3797500 2746500 11 14 16  13.4  990 211  3.4 8  8.4  86    0   19 351 -371  1
3797500 2746500 11 14 17  13.8  990 216  4.5 8  8.2  82    0    0 357 -370  1
3797500 2746500 11 14 18  14.0  991 211  5.2 8  7.9  78    0    0 359 -370  1
3797500 2746500 11 14 19  14.1  992 210  4.9 7  7.7  75    0    0 352 -369  1
3797500 2746500 11 14 20  14.0  992 223  4.7 7  7.5  73    0    0 346 -368  1
3797500 2746500 11 14 21  14.0  993 221  5.1 7  7.4  72    0    0 346 -367  1
3797500 2746500 11 14 22  13.7  994 229  7.1 7  7.1  71    0    0 344 -367  1
3797500 2746500 11 14 23  12.8  995 241  5.6 7  6.7  69    0    0 340 -366  1
3797500 2746500 11 14 24  11.6  996 242  5.6 7  6.0  67    0    0 334 -363  1
3797500 2746500 11 15  1  10.8  998 252  5.3 8  5.7  67    0    0 335 -361  1
3797500 2746500 11 15  2  10.1 1000 244  2.9 8  5.7  72    0    0 340 -358  1
3797500 2746500 11 15  3   9.4 1001 253  2.7 8  5.7  74    0    0 338 -355  1
3797500 2746500 11 15  4   9.1 1002 262  2.5 8  5.6  76    0    0 335 -354  1
3797500 2746500 11 15  5   8.5 1003 255  1.4 8  5.6  78    0    0 334 -354  1
3797500 2746500 11 15  6   8.0 1003 255  1.8 8  5.5  80    0    0 331 -353  1
3797500 2746500 11 15  7   7.3 1004 238  1.5 8  5.5  83    0    0 329 -352  1
3797500 2746500 11 15  8   7.0 1004 225  1.4 8  5.4  85    0    0 325 -352  1
3797500 2746500 11 15  9   6.5 1005 243  1.2 7  5.3  86    5   36 316 -351  1
3797500 2746500 11 15 10   7.6 1006 194  0.9 7  5.3  84   11   87 310 -351  1
3797500 2746500 11 15 11   8.4 1007 230  1.0 8  5.4  80    4  100 317 -352  1
3797500 2746500 11 15 12   8.9 1007 190  1.1 8  5.4  77    6  127 324 -355  1
3797500 2746500 11 15 13   9.5 1008 252  1.5 7  5.2  72   51  167 318 -358  1
3797500 2746500 11 15 14   9.5 1008 320  1.1 7  5.2  70   55  148 313 -359  1
3797500 2746500 11 15 15   9.6 1008 351  1.4 7  5.2  69   31  107 312 -359  1
3797500 2746500 11 15 16   9.1 1008 337  1.0 7  5.1  69   19   55 309 -357  1
3797500 2746500 11 15 17   8.3 1008 355  1.4 7  5.2  73    0   10 307 -352  1
3797500 2746500 11 15 18   7.6 1009  10  1.2 7  5.2  77    0    0 303 -346  1
3797500 2746500 11 15 19   7.3 1009  10  1.3 7  5.2  81    0    0 300 -343  1
3797500 2746500 11 15 20   6.8 1010  21  1.4 7  5.3  84    0    0 298 -340  1
3797500 2746500 11 15 21   7.0 1010  30  1.5 7  5.4  86    0    0 296 -338  1
3797500 2746500 11 15 22   6.3 1011  26  1.7 7  5.3  87    0    0 296 -336  1
3797500 2746500 11 15 23   6.5 1011  51  0.8 7  5.3  88    0    0 297 -334  1
3797500 2746500 11 15 24   5.9 1012  19  1.4 6  5.3  90    0    0 291 -333  1
3797500 2746500 11 16  1   5.6 1012  29  1.5 6  5.3  92    0    0 285 -332  1
3797500 2746500 11 16  2   4.7 1013  29  1.2 3  5.1  93    0    0 265 -330  1
3797500 2746500 11 16  3   4.1 1013  62  1.1 3  4.9  95    0    0 246 -330  1
3797500 2746500 11 16  4   3.6 1013   1  1.2 4  4.8  96    0    0 252 -330  1
3797500 2746500 11 16  5   3.4 1014   8  1.3 5  4.7  96    0    0 261 -329  1
3797500 2746500 11 16  6   3.1 1014  20  1.5 5  4.7  98    0    0 267 -327  1
3797500 2746500 11 16  7   4.4 1014  18  1.8 7  5.0 100    0    0 280 -324  1
3797500 2746500 11 16  8   3.6 1014  98  1.1 7  4.9  98    0    0 290 -323  1
3797500 2746500 11 16  9   3.3 1015  17  0.4 5  4.7  96   13   31 277 -322  1
3797500 2746500 11 16 10   4.1 1016  99  0.5 7  4.8  96    8   73 278 -325  1
3797500 2746500 11 16 11   4.5 1016 106  0.9 7  5.0  96    5   94 290 -331  1
3797500 2746500 11 16 12   4.9 1016 117  0.7 6  5.1  96   20  130 286 -337  1
3797500 2746500 11 16 13   5.8 1016 137  1.1 4  5.3  96  157  105 274 -342  1
3797500 2746500 11 16 14   7.0 1016  37  2.0 1  5.6  94  217   60 256 -345  1
3797500 2746500 11 16 15   7.4 1016 343  2.0 1  5.4  85  150   52 246 -345  1
3797500 2746500 11 16 16   7.1 1015 359  1.9 5  5.1  80   51   38 264 -343  1
3797500 2746500 11 16 17   6.9 1015 355  1.3 7  5.1  82    0    5 288 -338  1
3797500 2746500 11 16 18   6.5 1015  90  0.9 7  5.0  83    0    0 296 -332  1
3797500 2746500 11 16 19   5.9 1016 312  1.4 6  5.1  87    0    0 292 -327  1
3797500 2746500 11 16 20   4.4 1015 240  1.2 6  4.8  89    0    0 281 -324  1
3797500 2746500 11 16 21   3.9 1015 216  1.2 6  4.7  91    0    0 282 -322  1
3797500 2746500 11 16 22   3.7 1015 143  1.3 6  4.6  93    0    0 281 -322  1
3797500 2746500 11 16 23   4.1 1015 114  1.3 6  4.7  93    0    0 280 -324  1
3797500 2746500 11 16 24   4.7 1014  77  1.2 7  4.9  93    0    0 292 -324  1
3797500 2746500 11 17  1   5.3 1032 138  1.0 7  5.0  93    0    0 312 -338  1
3797500 2746500 11 17  2   5.6 1032 191  0.9 7  5.1  92    0    0 325 -334  1
3797500 2746500 11 17  3   5.8 1032 238  0.9 7  5.2  92    0    0 314 -333  1
3797500 2746500 11 17  4   5.8 1031 211  1.0 7  5.2  93    0    0 310 -335  1
3797500 2746500 11 17  5   5.7 1031 200  0.8 8  5.2  93    0    0 321 -339  1
3797500 2746500 11 17  6   5.6 1031   1  0.6 8  5.2  94    0    0 328 -340  1
3797500 2746500 11 17  7   5.3 1030 230  0.6 8  5.2  95    0    0 328 -340  1
3797500 2746500 11 17  8   5.3 1030   9  0.3 8  5.2  95    0    0 329 -340  1
3797500 2746500 11 17  9   5.4 1030 117  1.1 7  5.2  95    0   14 324 -340  1
3797500 2746500 11 17 10   5.6 1030  98  0.9 7  5.2  95    0   40 318 -342  1
3797500 2746500 11 17 11   6.0 1029 167  1.0 8  5.3  94    0   46 324 -347  1
3797500 2746500 11 17 12   6.6 1029 168  1.4 7  5.4  92    0   65 325 -351  1
3797500 2746500 11 17 13   6.9 1028 271  0.9 7  5.6  93    0   88 319 -355  1
3797500 2746500 11 17 14   7.2 1028  98  1.1 7  5.5  90    0   75 317 -357  1
3797500 2746500 11 17 15   7.2 1027 359  0.5 7  5.2  84    0   56 315 -357  1
3797500 2746500 11 17 16   7.3 1026  71  1.3 8  5.2  82    1   35 319 -355  1
3797500 2746500 11 17 17   6.5 1026  18  1.4 8  5.1  84    0    7 323 -353  1
3797500 2746500 11 17 18   6.7 1026  91  1.0 8  5.1  85    0    0 322 -350  1
3797500 2746500 11 17 19   6.4 1025 359  0.5 7  5.1  86    0    0 317 -347  1
3797500 2746500 11 17 20   6.8 1025  66  1.2 7  5.3  88    0    0 312 -346  1
3797500 2746500 11 17 21   6.3 1024  46  1.4 6  5.3  89    0    0 307 -346  1
3797500 2746500 11 17 22   5.4 1024  28  1.2 5  5.0  88    0    0 294 -346  1
3797500 2746500 11 17 23   4.7 1023  66  1.2 5  4.9  91    0    0 286 -346  1
3797500 2746500 11 17 24   3.8 1023  40  1.4 6  4.9  96    0    0 290 -345  1
3797500 2746500 11 18  1   4.1 1023  96  1.9 4  4.9  98    0    0 285 -344  1
3797500 2746500 11 18  2   4.3 1022  94  1.4 7  5.0  98    0    0 292 -344  1
3797500 2746500 11 18  3   4.8 1022  93  1.3 6  5.1  97    0    0 303 -343  1
3797500 2746500 11 18  4   4.7 1021 103  1.0 8  5.1  96    0    0 310 -342  1
3797500 2746500 11 18  5   5.2 1021  96  1.4 7  5.1  94    0    0 314 -340  1
3797500 2746500 11 18  6   5.3 1020  50  1.6 8  5.1  94    0    0 315 -339  1
3797500 2746500 11 18  7   5.5 1020  62  1.8 8  5.2  95    0    0 322 -338  1
3797500 2746500 11 18  8   5.3 1019  88  1.6 8  5.2  94    0    0 322 -338  1
3797500 2746500 11 18  9   6.0 1019  62  1.6 7  5.3  93    0    9 317 -339  1
3797500 2746500 11 18 10   5.9 1019  72  1.9 8  5.5  95    0   43 318 -339  1
3797500 2746500 11 18 11   6.7 1019 135  2.3 6  5.6  94   14  121 313 -342  1
3797500 2746500 11 18 12   8.1 1019  96  2.0 4  5.7  90   43  165 295 -346  1
3797500 2746500 11 18 13   8.8 1018 358  2.0 5  5.7  83   40  167 290 -348  1
3797500 2746500 11 18 14   9.0 1017  49  2.0 6  5.4  77   17  129 300 -348  1
3797500 2746500 11 18 15   8.8 1017 356  2.1 6  5.4  77    1   73 305 -348  1
3797500 2746500 11 18 16   8.0 1016  59  1.8 6  5.5  80    2   41 304 -347  1
3797500 2746500 11 18 17   7.7 1016  32  1.3 7  5.5  83    0    9 307 -345  1
3797500 2746500 11 18 18   7.6 1016  48  1.2 7  5.5  84    0    0 313 -343  1
3797500 2746500 11 18 19   7.1 1016  60  0.9 7  5.5  86    0    0 312 -342  1
3797500 2746500 11 18 20   7.0 1016  84  1.0 7  5.4  87    0    0 312 -341  1
3797500 2746500 11 18 21   6.3 1016  97  1.6 5  5.3  88    0    0 301 -340  1
3797500 2746500 11 18 22   6.0 1016  60  1.1 5  5.2  90    0    0 287 -339  1
3797500 2746500 11 18 23   5.6 1016  89  1.9 5  5.2  92    0    0 287 -338  1
3797500 2746500 11 18 24   4.8 1016  99  0.8 5  5.2  94    0    0 286 -338  1
3797500 2746500 11 19  1   5.2 1016  84  1.1 7  5.1  94    0    0 297 -338  1
3797500 2746500 11 19  2   5.1 1016  78  1.4 7  5.2  95    0    0 310 -338  1
3797500 2746500 11 19  3   4.6 1016 112  0.9 7  5.2  97    0    0 309 -338  1
3797500 2746500 11 19  4   5.6 1016   8  1.3 5  5.2  96    0    0 300 -338  1
3797500 2746500 11 19  5   4.7 1016 235  0.7 4  5.0  92    0    0 283 -339  1
3797500 2746500 11 19  6   4.4 1016 352  1.6 7  4.9  93    0    0 293 -339  1
3797500 2746500 11 19  7   5.1 1016 349  1.2 8  4.9  93    0    0 316 -339  1
3797500 2746500 11 19  8   4.7 1016 337  0.4 7  4.9  91    0    0 317 -339  1
3797500 2746500 11 19  9   4.5 1017 120  1.2 7  4.9  92    0   19 311 -338  1
3797500 2746500 11 19 10   4.8 1017 101  1.3 6  4.9  93    0   56 305 -339  1
3797500 2746500 11 19 11   5.3 1018 141  1.0 7  5.0  93    0   52 307 -343  1
3797500 2746500 11 19 12   6.0 1018 349  1.4 8  5.2  93    0   60 322 -349  1
3797500 2746500 11 19 13   6.7 1018 278  1.3 7  5.5  92    0   80 324 -354  1
3797500 2746500 11 19 14   7.1 1018 292  1.4 7  5.7  92    0   74 319 -355  1
3797500 2746500 11 19 15   7.3 1018 281  1.4 7  5.8  91    0   47 321 -355  1
3797500 2746500 11 19 16   7.3 1018 263  1.7 7  5.7  90    0   24 320 -351  1
3797500 2746500 11 19 17   7.1 1018 342  1.2 7  5.7  90    0    4 318 -344  1
3797500 2746500 11 19 18   7.1 1018 352  1.6 7  5.6  90    0    0 316 -338  1
3797500 2746500 11 19 19   7.3 1019 342  1.4 8  5.6  90    0    0 321 -333  1
3797500 2746500 11 19 20   7.3 1019 309  1.1 8  5.6  88    0    0 325 -330  1
3797500 2746500 11 19 21   7.3 1019 349  1.3 8  5.5  86    0    0 324 -327  1
3797500 2746500 11 19 22   7.4 1020 283  0.9 8  5.4  86    0    0 322 -324  1
3797500 2746500 11 19 23   7.2 1020 292  1.1 8  5.4  86    0    0 322 -321  1
3797500 2746500 11 19 24   7.0 1020 285  1.1 8  5.4  87    0    0 320 -319  1
3797500 2746500 11 20  1   6.5 1020 271  1.3 8  5.4  89    0    0 318 -317  1
3797500 2746500 11 20  2   6.4 1021 272  1.3 7  5.4  90    0    0 311 -316  1
3797500 2746500 11 20  3   6.3 1021 239  1.3 8  5.3  90    0    0 310 -316  1
3797500 2746500 11 20  4   6.1 1021 221  1.5 8  5.2  89    0    0 312 -316  1
3797500 2746500 11 20  5   6.1 1021 229  1.5 8  5.2  89    0    0 312 -316  1
3797500 2746500 11 20  6   5.8 1021 236  1.5 7  5.2  90    0    0 308 -316  1
3797500 2746500 11 20  7   5.9 1021 199  1.5 8  5.2  92    0    0 309 -315  1
3797500 2746500 11 20  8   6.0 1022 241  2.0 8  5.2  91    0    0 314 -314  1
3797500 2746500 11 20  9   5.9 1022 225  2.1 7  5.2  90    0    9 310 -312  1
3797500 2746500 11 20 10   6.0 1023 220  1.9 8  5.2  91    0   30 311 -313  1
3797500 2746500 11 20 11   6.3 1023 237  1.6 8  5.3  91    0   33 316 -315  1
3797500 2746500 11 20 12   6.7 1023 216  1.9 8  5.5  91    0   65 317 -316  1
3797500 2746500 11 20 13   7.2 1023 225  1.8 8  5.6  91    0   62 315 -322  1
3797500 2746500 11 20 14   7.8 1023 224  2.6 8  5.7  90    0   41 313 -329  1
3797500 2746500 11 20 15   8.2 1023 234  2.5 8  5.8  88    0   26 313 -331  1
3797500 2746500 11 20 16   7.9 1022 235  2.5 8  5.8  88    0   11 314 -329  1
3797500 2746500 11 20 17   7.6 1023 225  2.5 8  5.7  88    0    1 315 -324  1
3797500 2746500 11 20 18   7.5 1023 235  2.3 8  5.7  88    0    0 316 -319  1
3797500 2746500 11 20 19   7.5 1023 225  2.6 7  5.6  88    0    0 313 -316  1
3797500 2746500 11 20 20   7.4 1023 233  2.2 7  5.6  88    0    0 309 -316  1
3797500 2746500 11 20 21   7.5 1024 225  2.3 8  5.6  88    0    0 315 -316  1
3797500 2746500 11 20 22   7.5 1024 223  2.5 8  5.6  87    0    0 321 -316  1
3797500 2746500 11 20 23   7.8 1023 232  2.8 8  5.6  86    0    0 322 -316  1
3797500 2746500 11 20 24   7.6 1024 224  2.6 8  5.6  86    0    0 323 -316  1
3797500 2746500 11 21  1   7.5 1024 233  2.3 8  5.6  87    0    0 323 -315  1
3797500 2746500 11 21  2   7.4 1023 224  2.8 8  5.5  87    0    0 320 -315  1
3797500 2746500 11 21  3   7.4 1023 221  2.8 8  5.5  86    0    0 318 -314  1
3797500 2746500 11 21  4   7.2 1023 221  2.4 8  5.4  86    0    0 316 -314  1
3797500 2746500 11 21  5   7.3 1023 227  2.3 8  5.4  85    0    0 312 -314  1
3797500 2746500 11 21  6   7.4 1023 226  3.2 8  5.3  84    0    0 312 -314  1
3797500 2746500 11 21  7   7.2 1023 225  3.3 8  5.2  82    0    0 310 -314  1
3797500 2746500 11 21  8   7.1 1022 227  3.3 8  5.1  82    0    0 308 -314  1
3797500 2746500 11 21  9   7.3 1022 219  3.5 8  5.1  81    0   22 308 -314  1
3797500 2746500 11 21 10   7.5 1022 228  4.0 7  5.0  79    4   70 302 -315  1
3797500 2746500 11 21 11   7.9 1022 238  4.0 7  5.0  77    0   63 296 -315  1
3797500 2746500 11 21 12   8.2 1022 229  4.6 7  4.9  74    0   68 291 -319  1
3797500 2746500 11 21 13   8.3 1022 228  5.0 7  4.9  74    0   76 288 -325  1
3797500 2746500 11 21 14   8.9 1021 228  5.2 7  5.1  74    0   82 287 -330  1
3797500 2746500 11 21 15   9.0 1020 227  5.6 7  5.2  73    0   64 287 -331  1
3797500 2746500 11 21 16   8.8 1020 234  5.2 7  5.1  72    2   34 285 -329  1
3797500 2746500 11 21 17   8.4 1019 224  5.3 8  4.9  71    0    4 284 -326  1
3797500 2746500 11 21 18   8.4 1019 233  5.5 8  4.7  69    0    0 283 -324  1
3797500 2746500 11 21 19   8.1 1018 233  6.5 8  4.5  67    0    0 282 -322  1
3797500 2746500 11 21 20   7.9 1018 225  6.7 8  4.4  67    0    0 282 -322  1
3797500 2746500 11 21 21   7.5 1018 224  6.6 8  4.5  70    0    0 285 -321  1
3797500 2746500 11 21 22   7.6 1017 226  6.8 8  4.5  71    0    0 290 -320  1
3797500 2746500 11 21 23   7.7 1016 226  6.0 7  4.5  69    0    0 293 -319  1
3797500 2746500 11 21 24   7.6 1015 227  6.6 8  4.5  70    0    0 295 -319  1
3797500 2746500 11 22  1   7.7 1014 235  6.3 8  4.7  73    0    0 300 -319  1
3797500 2746500 11 22  2   7.6 1013 232  6.2 7  4.9  75    0    0 301 -319  1
3797500 2746500 11 22  3   7.3 1012 223  5.6 8  5.2  81    0    0 302 -319  1
3797500 2746500 11 22  4   7.4 1012 222  5.1 7  5.6  87    0    0 304 -320  1
3797500 2746500 11 22  5   7.7 1011 229  5.1 7  5.8  90    0    0 304 -321  1
3797500 2746500 11 22  6   8.0 1009 238  5.2 7  6.0  91    0    0 309 -322  1
3797500 2746500 11 22  7   8.4 1009 232  6.0 8  6.2  92    0    0 315 -323  1
3797500 2746500 11 22  8   8.6 1008 241  5.5 8  6.4  93    0    0 323 -324  1
3797500 2746500 11 22  9   8.9 1007 248  4.8 8  6.6  93    0    3 326 -326  1
3797500 2746500 11 22 10   8.9 1007 269  3.5 8  6.6  92    0   14 328 -328  1
3797500 2746500 11 22 11   8.3 1006 246  2.5 8  6.3  90    0   27 327 -329  1
3797500 2746500 11 22 12   8.3 1006 244  3.2 8  6.1  88    0   34 327 -332  1
3797500 2746500 11 22 13   8.4 1005 253  3.9 8  6.0  88    0   44 328 -333  1
3797500 2746500 11 22 14   8.5 1004 255  3.9 6  6.0  86    0   63 319 -336  1
3797500 2746500 11 22 15   7.8 1003 307  5.3 7  5.4  80    0   38 312 -340  1
3797500 2746500 11 22 16   4.9 1003 327  5.3 8  4.8  80    0   18 315 -342  1
3797500 2746500 11 22 17   3.1 1004 347  4.5 8  4.4  85    0    0 313 -340  1
3797500 2746500 11 22 18   3.3 1006 300  2.7 7  4.1  85    0    0 303 -333  1
3797500 2746500 11 22 19   3.4 1006 302  3.2 4  4.0  82    0    0 278 -329  1
3797500 2746500 11 22 20   2.7 1007 281  2.9 3  3.9  81    0    0 249 -327  1
3797500 2746500 11 22 21   2.8 1008 282  2.6 2  3.9  83    0    0 229 -324  1
3797500 2746500 11 22 22   2.8 1008 311  2.7 3  3.8  81    0    0 227 -321  1
3797500 2746500 11 22 23   2.7 1009 306  2.6 4  3.7  80    0    0 238 -319  1
3797500 2746500 11 22 24   2.3 1010 263  2.2 5  3.8  83    0    0 249 -317  1
3797500 2746500 11 23  1   2.3 1010 272  2.5 6  3.8  84    0    0 260 -317  1
3797500 2746500 11 23  2   2.3 1011 274  2.0 6  3.8  84    0    0 266 -316  1
3797500 2746500 11 23  3   2.4 1010 273  2.3 8  3.7  83    0    0 275 -316  1
3797500 2746500 11 23  4   2.1 1011 266  2.6 7  3.7  82    0    0 279 -316  1
3797500 2746500 11 23  5   2.0 1011 276  2.6 6  3.7  83    0    0 270 -316  1
3797500 2746500 11 23  6   2.0 1011 296  2.2 7  3.7  84    0    0 269 -316  1
3797500 2746500 11 23  7   2.1 1012 275  1.6 6  3.7  84    0    0 270 -316  1
3797500 2746500 11 23  8   1.6 1012 273  1.7 5  3.6  84    0    0 259 -316  1
3797500 2746500 11 23  9   2.0 1013 275  1.8 6  3.6  84    1   21 258 -316  1
3797500 2746500 11 23 10   2.5 1014 251  2.1 3  3.7  84   31   77 249 -316  1
3797500 2746500 11 23 11   3.9 1014 283  2.4 2  3.8  81   73  119 233 -318  1
3797500 2746500 11 23 12   5.3 1015 324  3.0 2  3.9  75   99  142 232 -324  1
3797500 2746500 11 23 13   5.2 1015 297  2.9 6  4.0  72   25  133 253 -328  1
3797500 2746500 11 23 14   5.4 1015 291  2.6 6  4.1  74    6  101 272 -331  1
3797500 2746500 11 23 15   5.6 1015 282  2.3 6  4.1  74    8   78 274 -330  1
3797500 2746500 11 23 16   5.8 1015 287  2.9 7  4.1  72    0   25 278 -328  1
3797500 2746500 11 23 17   5.3 1015 276  2.0 8  4.0  71    0    0 286 -326  1
3797500 2746500 11 23 18   5.1 1015 258  2.1 8  4.0  72    0    0 288 -323  1
3797500 2746500 11 23 19   4.9 1016 265  2.0 6  4.1  75    0    0 281 -321  1
3797500 2746500 11 23 20   4.6 1016 253  1.8 7  4.2  78    0    0 278 -320  1
3797500 2746500 11 23 21   4.4 1016 241  3.0 6  4.2  80    0    0 279 -320  1
3797500 2746500 11 23 22   4.4 1016 242  2.5 7  4.2  80    0    0 281 -320  1
3797500 2746500 11 23 23   4.2 1016 258  2.4 6  4.2  82    0    0 284 -321  1
3797500 2746500 11 23 24   4.3 1016 251  2.4 8  4.2  82    0    0 290 -321  1
3797500 2746500 11 24  1   4.4 1016 252  2.3 8  4.2  81    0    0 302 -322  1
3797500 2746500 11 24  2   4.6 1016 257  3.0 8  4.3  83    0    0 305 -323  1
3797500 2746500 11 24  3   4.5 1016 260  2.0 7  4.5  87    0    0 304 -324  1
3797500 2746500 11 24  4   4.4 1015 272  1.9 8  4.7  90    0    0 306 -325  1
3797500 2746500 11 24  5   4.3 1015 251  2.6 8  4.6  88    0    0 314 -324  1
3797500 2746500 11 24  6   3.9 1015 243  3.5 8  4.4  87    0    0 315 -322  1
3797500 2746500 11 24  7   3.4 1015 244  3.5 8  4.3  86    0    0 316 -318  1
3797500 2746500 11 24  8   3.3 1015 235  3.0 8  4.1  86    0    0 317 -318  1
3797500 2746500 11 24  9   3.2 1015 217  2.9 8  4.1  87    0    3 318 -321  1
3797500 2746500 11 24 10   3.4 1015 215  2.9 7  4.2  87    0   20 315 -323  1
3797500 2746500 11 24 11   3.5 1015 216  3.0 8  4.3  88    0   20 317 -324  1
3797500 2746500 11 24 12   3.9 1015 215  2.9 8  4.3  88    0   44 325 -326  1
3797500 2746500 11 24 13   4.2 1015 214  2.6 7  4.5  88    0   45 321 -328  1
3797500 2746500 11 24 14   4.6 1014 206  2.5 7  4.6  89    0   35 318 -329  1
3797500 2746500 11 24 15   4.8 1014 216  2.7 8  4.8  90    0   16 326 -330  1
3797500 2746500 11 24 16   5.1 1013 206  2.0 8  4.8  89    0    9 335 -331  1
3797500 2746500 11 24 17   5.3 1013 214  2.3 7  5.0  90    0    1 331 -333  1
3797500 2746500 11 24 18   5.6 1014 214  2.3 8  5.2  92    0    0 333 -334  1
3797500 2746500 11 24 19   5.8 1014 202  1.8 7  5.3  93    0    0 335 -335  1
3797500 2746500 11 24 20   6.0 1014 200  1.7 8  5.3  92    0    0 335 -337  1
3797500 2746500 11 24 21   6.3 1014 197  2.0 7  5.4  91    0    0 336 -339  1
3797500 2746500 11 24 22   6.5 1014 201  1.8 8  5.4  90    0    0 337 -342  1
3797500 2746500 11 24 23   6.9 1013 200  1.9 8  5.5  90    0    0 344 -345  1
3797500 2746500 11 24 24   6.8 1013 202  1.7 8  5.6  90    0    0 345 -348  1
3797500 2746500 11 25  1   7.0 1014 202  1.9 8  5.7  91    0    0 345 -349  1
3797500 2746500 11 25  2   7.0 1013 190  1.4 8  5.7  92    0    0 345 -350  1
3797500 2746500 11 25  3   7.0 1013 170  1.5 8  5.7  92    0    0 345 -351  1
3797500 2746500 11 25  4   7.1 1013 179  1.9 7  5.8  92    0    0 338 -353  1
3797500 2746500 11 25  5   7.2 1013 189  2.0 8  5.9  93    0    0 338 -355  1
3797500 2746500 11 25  6   7.4 1012 180  1.4 8  5.9  93    0    0 347 -355  1
3797500 2746500 11 25  7   7.7 1012 211  2.1 8  6.0  93    0    0 348 -355  1
3797500 2746500 11 25  8   7.8 1012 200  1.8 8  6.1  93    0    0 348 -355  1
3797500 2746500 11 25  9   8.0 1012 198  1.7 7  6.2  93    0    6 341 -355  1
3797500 2746500 11 25 10   8.3 1012 209  2.1 6  6.3  93   12   61 327 -356  1
3797500 2746500 11 25 11   8.6 1012 209  2.1 5  6.5  94    0   57 312 -357  1
3797500 2746500 11 25 12   8.9 1011 200  1.7 7  6.7  95    0   43 322 -358  1
3797500 2746500 11 25 13   9.5 1011 216  1.8 8  7.0  96    0   38 347 -360  1
3797500 2746500 11 25 14  10.1 1010 231  2.3 8  7.2  95    0   36 357 -361  1
3797500 2746500 11 25 15  10.4 1010 231  1.8 8  7.3  94    0   30 358 -362  1
3797500 2746500 11 25 16  10.5 1009 223  2.2 8  7.3  93    0   24 360 -363  1
3797500 2746500 11 25 17  10.1 1009 234  2.1 6  7.2  91    0    3 344 -363  1
3797500 2746500 11 25 18  10.3 1008 220  2.3 7  7.0  90    0    0 337 -362  1
3797500 2746500 11 25 19  10.2 1008 204  2.2 8  7.1  90    0    0 352 -362  1
3797500 2746500 11 25 20  10.0 1008 213  2.7 7  6.9  90    0    0 352 -362  1
3797500 2746500 11 25 21  10.3 1007 212  3.2 7  6.9  88    0    0 346 -362  1
3797500 2746500 11 25 22  10.2 1007 217  4.0 8  6.9  88    0    0 353 -362  1
3797500 2746500 11 25 23  10.1 1006 216  3.8 8  6.9  89    0    0 359 -362  1
3797500 2746500 11 25 24  10.0 1006 220  3.6 8  6.9  90    0    0 359 -362  1
3797500 2746500 11 26  1  10.0 1005 221  3.1 8  6.9  90    0    0 359 -362  1
3797500 2746500 11 26  2   9.9 1005 231  2.6 7  6.9  90    0    0 352 -361  1
3797500 2746500 11 26  3   9.6 1004 240  2.9 8  6.8  90    0    0 351 -361  1
3797500 2746500 11 26  4   9.0 1004 252  2.2 7  6.7  91    0    0 349 -360  1
3797500 2746500 11 26  5   8.2 1004 330  3.1 8  6.4  91    0    0 344 -359  1
3797500 2746500 11 26  6   7.5 1004 335  2.7 8  6.1  91    0    0 347 -358  1
3797500 2746500 11 26  7   7.3 1004 337  1.6 8  5.9  91    0    0 343 -356  1
3797500 2746500 11 26  8   7.1 1005 333  1.8 8  5.9  92    0    0 340 -353  1
3797500 2746500 11 26  9   7.4 1005 308  1.0 8  5.9  92    0    4 339 -350  1
3797500 2746500 11 26 10   7.3 1006 333  1.2 8  5.9  91    0   18 338 -348  1
3797500 2746500 11 26 11   7.1 1006 329  1.1 7  5.9  92    0   46 329 -349  1
3797500 2746500 11 26 12   7.5 1006 326  1.4 7  5.9  91    0   54 322 -350  1
3797500 2746500 11 26 13   7.7 1006 340  1.8 7  5.8  89    0   65 320 -352  1
3797500 2746500 11 26 14   7.6 1006 338  1.6 7  5.7  87    0   68 319 -354  1
3797500 2746500 11 26 15   7.6 1005 345  1.4 7  5.7  87    0   55 318 -353  1
3797500 2746500 11 26 16   7.3 1005 344  1.7 8  5.6  86    0   20 321 -348  1
3797500 2746500 11 26 17   6.7 1005 343  1.5 8  5.5  87    0    4 323 -341  1
3797500 2746500 11 26 18   6.4 1005 357  1.6 7  5.3  87    0    0 313 -335  1
3797500 2746500 11 26 19   6.1 1006 357  1.5 8  5.2  87    0    0 311 -331  1
3797500 2746500 11 26 20   5.7 1006 354  1.7 7  5.2  89    0    0 309 -328  1
3797500 2746500 11 26 21   5.4 1006 346  1.7 7  5.1  90    0    0 301 -326  1
3797500 2746500 11 26 22   5.3 1006  20  1.6 7  5.1  90    0    0 300 -324  1
3797500 2746500 11 26 23   4.9 1006  29  1.5 6  5.0  91    0    0 294 -322  1
3797500 2746500 11 26 24   4.9 1006  55  1.1 4  4.9  90    0    0 279 -319  1
3797500 2746500 11 27  1   4.6 1005  26  1.7 6  4.8  90    0    0 278 -318  1
3797500 2746500 11 27  2   4.8 1005  45  1.0 7  4.9  92    0    0 292 -317  1
3797500 2746500 11 27  3   4.1 1005 357  1.7 6  4.9  93    0    0 291 -316  1
3797500 2746500 11 27  4   4.3 1005   7  1.2 5  4.7  92    0    0 282 -316  1
3797500 2746500 11 27  5   4.6 1005  16  1.7 8  4.8  91    0    0 294 -316  1
3797500 2746500 11 27  6   3.7 1005  94  0.9 6  4.8  94    0    0 298 -316  1
3797500 2746500 11 27  7   3.5 1005 105  0.9 7  4.7  96    0    0 290 -316  1
3797500 2746500 11 27  8   4.3 1004 283  0.6 8  4.8  96    0    0 299 -316  1
3797500 2746500 11 27  9   4.3 1004 308  0.8 8  4.9  94    0    9 303 -315  1
3797500 2746500 11 27 10   4.2 1005 299  1.4 7  4.8  93    0   41 295 -315  1
3797500 2746500 11 27 11   4.7 1005 289  1.0 6  4.9  92    1   73 284 -315  1
3797500 2746500 11 27 12   5.3 1005 281  0.8 4  4.9  90   38  126 270 -317  1
3797500 2746500 11 27 13   6.1 1005 252  1.4 4  5.0  87   57  131 259 -322  1
3797500 2746500 11 27 14   6.6 1004 244  1.8 2  4.7  79  119  109 247 -327  1
3797500 2746500 11 27 15   6.5 1004 244  2.6 4  4.5  74   64   84 243 -328  1
3797500 2746500 11 27 16   4.6 1004 233  3.1 4  4.5  78   25   41 247 -327  1
3797500 2746500 11 27 17   3.7 1004 222  3.0 4  4.3  83    1    8 241 -324  1
3797500 2746500 11 27 18   4.5 1005 185  2.2 4  4.3  83    0    0 241 -322  1
3797500 2746500 11 27 19   5.0 1004 166  3.1 7  4.3  80    0    0 259 -321  1
3797500 2746500 11 27 20   5.5 1004 175  3.4 7  4.2  76    0    0 279 -321  1
3797500 2746500 11 27 21   5.6 1003 175  3.9 7  4.2  74    0    0 282 -322  1
3797500 2746500 11 27 22   5.9 1002 175  4.0 7  4.2  74    0    0 285 -323  1
3797500 2746500 11 27 23   6.2 1002 184  3.9 7  4.5  76    0    0 288 -325  1
3797500 2746500 11 27 24   5.7 1001 181  3.9 8  4.8  82    0    0 298 -326  1
3797500 2746500 11 28  1   5.8 1001 201  2.6 8  5.0  87    0    0 308 -329  1
3797500 2746500 11 28  2   6.6 1001 229  3.9 7  5.2  88    0    0 307 -330  1
3797500 2746500 11 28  3   6.7 1001 230  3.2 7  5.4  88    0    0 305 -331  1
3797500 2746500 11 28  4   6.5 1002 239  2.8 8  5.5  89    0    0 315 -330  1
3797500 2746500 11 28  5   6.4 1003 228  2.3 7  5.4  89    0    0 316 -330  1
3797500 2746500 11 28  6   6.2 1003 230  1.9 6  5.3  89    0    0 305 -330  1
3797500 2746500 11 28  7   6.1 1003 229  1.9 8  5.3  89    0    0 312 -330  1
3797500 2746500 11 28  8   6.1 1004 232  1.9 8  5.3  89    0    0 327 -329  1
3797500 2746500 11 28  9   5.6 1005 243  2.1 7  5.2  89    0   16 319 -328  1
3797500 2746500 11 28 10   6.1 1006 232  2.7 3  5.2  89   32   65 278 -328  1
3797500 2746500 11 28 11   6.6 1006 241  2.7 5  5.2  87   38  101 259 -329  1
3797500 2746500 11 28 12   7.3 1007 231  2.6 4  5.3  84  105  115 268 -332  1
3797500 2746500 11 28 13   7.2 1007 250  2.7 7  5.2  81   43  122 285 -334  1
3797500 2746500 11 28 14   7.7 1007 240  3.3 6  5.1  79   47  108 300 -336  1
3797500 2746500 11 28 15   7.5 1008 249  2.6 8  5.1  78    0   53 309 -337  1
3797500 2746500 11 28 16   7.2 1008 250  3.1 5  5.0  79    0   12 300 -335  1
3797500 2746500 11 28 17   6.6 1009 250  3.1 6  5.0  80    0    0 284 -332  1
3797500 2746500 11 28 18   6.1 1010 242  2.8 5  5.0  83    0    0 282 -329  1
3797500 2746500 11 28 19   5.9 1010 243  2.7 5  4.9  85    0    0 275 -327  1
3797500 2746500 11 28 20   5.3 1011 234  2.8 4  4.8  85    0    0 273 -325  1
3797500 2746500 11 28 21   5.0 1012 230  2.8 3  4.7  86    0    0 257 -324  1
3797500 2746500 11 28 22   4.7 1012 227  2.8 3  4.7  87    0    0 242 -323  1
3797500 2746500 11 28 23   4.4 1013 221  2.8 4  4.5  85    0    0 249 -324  1
3797500 2746500 11 28 24   4.1 1014 214  2.9 5  4.2  83    0    0 273 -324  1
3797500 2746500 11 29  1   3.8 1008 202  2.9 6  4.0  80    0    0 291 -331  1
3797500 2746500 11 29  2   3.6 1007 194  2.8 7  3.8  77    0    0 294 -331  1
3797500 2746500 11 29  3   3.5 1006 188  2.8 7  3.6  75    0    0 294 -331  1
3797500 2746500 11 29  4   3.7 1006 188  2.8 7  3.7  74    0    0 294 -332  1
3797500 2746500 11 29  5   3.8 1005 189  2.8 7  3.7  75    0    0 295 -332  1
3797500 2746500 11 29  6   4.4 1004 196  2.7 7  3.8  74    0    0 297 -333  1
3797500 2746500 11 29  7   4.2 1004 196  3.0 8  3.9  76    0    0 302 -333  1
3797500 2746500 11 29  8   3.7 1003 196  3.1 8  4.1  82    0    0 306 -334  1
3797500 2746500 11 29  9   4.2 1003 206  3.0 8  4.4  87    0    3 309 -334  1
3797500 2746500 11 29 10   4.2 1003 206  3.6 7  4.7  90    0   30 309 -334  1
3797500 2746500 11 29 11   5.0 1003 218  3.2 6  4.8  91    0   56 307 -336  1
3797500 2746500 11 29 12   5.8 1002 223  3.8 8  5.0  89    0   54 313 -337  1
3797500 2746500 11 29 13   5.5 1002 223  4.4 8  5.1  89    0   51 320 -337  1
3797500 2746500 11 29 14   5.7 1001 215  3.4 8  5.2  91    0   32 322 -338  1
3797500 2746500 11 29 15   6.2 1001 205  3.5 8  5.2  89    0   28 326 -339  1
3797500 2746500 11 29 16   6.2 1000 218  3.2 8  5.3  88    0   17 329 -341  1
3797500 2746500 11 29 17   6.3 1000 199  4.2 8  5.4  90    0    0 331 -342  1
3797500 2746500 11 29 18   6.4 1000 218  3.3 8  5.5  90    0    0 333 -342  1
3797500 2746500 11 29 19   6.3 1000 228  3.5 7  5.6  93    0    0 331 -342  1
3797500 2746500 11 29 20   6.2 1000 241  3.6 7  5.7  96    0    0 328 -342  1
3797500 2746500 11 29 21   6.4 1000 249  3.8 7  5.7  94    0    0 327 -343  1
3797500 2746500 11 29 22   6.6 1000 239  3.5 7  5.6  91    0    0 327 -343  1
3797500 2746500 11 29 23   6.5 1000 250  3.1 7  5.6  91    0    0 325 -343  1
3797500 2746500 11 29 24   6.5 1001 247  3.0 6  5.6  92    0    0 319 -343  1
3797500 2746500 11 30  1   6.0 1001 248  2.9 6  5.6  93    0    0 310 -343  1
3797500 2746500 11 30  2   5.6 1001 241  2.4 6  5.5  95    0    0 306 -343  1
3797500 2746500 11 30  3   5.1 1002 229  2.2 6  5.5  98    0    0 301 -342  1
3797500 2746500 11 30  4   4.5 1002 240  2.7 4  5.3  97    0    0 284 -342  1
3797500 2746500 11 30  5   4.4 1002 234  2.7 2  5.0  94    0    0 258 -342  1
3797500 2746500 11 30  6   3.8 1003 232  2.9 4  4.8  94    0    0 255 -341  1
3797500 2746500 11 30  7   4.1 1003 229  3.0 6  4.8  95    0    0 280 -340  1
3797500 2746500 11 30  8   4.6 1003 220  2.9 6  5.0  95    0    0 293 -339  1
3797500 2746500 11 30  9   5.1 1003 219  3.3 7  5.1  94    0    5 300 -338  1
3797500 2746500 11 30 10   5.8 1004 221  3.6 8  5.1  91    0   33 315 -339  1
3797500 2746500 11 30 11   6.3 1004 231  4.5 7  5.1  87    0   63 315 -340  1
3797500 2746500 11 30 12   6.7 1004 228  4.4 7  5.1  85    0   57 310 -342  1
3797500 2746500 11 30 13   7.1 1003 228  4.6 7  5.2  84    0   49 312 -345  1
3797500 2746500 11 30 14   6.8 1003 221  4.7 6  5.4  86    0   68 305 -346  1
3797500 2746500 11 30 15   7.0 1002 220  4.5 8  5.6  90    0   35 314 -346  1
3797500 2746500 11 30 16   7.4 1002 222  4.1 8  5.8  91    0   15 330 -345  1
3797500 2746500 11 30 17   7.8 1002 232  5.0 8  6.0  91    0    0 333 -343  1
3797500 2746500 11 30 18   7.9 1001 223  4.5 8  6.1  92    0    0 335 -343  1
3797500 2746500 11 30 19   8.1 1001 223  4.2 8  6.2  92    0    0 336 -343  1
3797500 2746500 11 30 20   8.5 1001 214  4.3 8  6.3  91    0    0 338 -342  1
3797500 2746500 11 30 21   8.5 1000 213  4.0 8  6.3  90    0    0 340 -341  1
3797500 2746500 11 30 22   8.6 1000 215  3.5 8  6.3  90    0    0 342 -340  1
3797500 2746500 11 30 23   8.2 1000 193  3.3 8  6.3  90    0    0 342 -340  1
3797500 2746500 11 30 24   8.2  999 194  4.0 8  6.3  92    0    0 342 -340  1
3797500 2746500 12  1  1   8.1  998 185  4.1 8  6.4  93    0    0 343 -338  1
3797500 2746500 12  1  2   8.2  998 194  4.2 8  6.3  92    0    0 343 -339  1
3797500 2746500 12  1  3   8.3  997 184  4.4 8  6.3  91    0    0 343 -341  1
3797500 2746500 12  1  4   8.5  996 203  4.2 8  6.5  92    0    0 345 -343  1
3797500 2746500 12  1  5   8.8  996 202  4.6 8  6.6  93    0    0 346 -347  1
3797500 2746500 12  1  6   8.7  995 203  4.2 8  6.6  92    0    0 347 -349  1
3797500 2746500 12  1  7   9.0  995 210  4.9 8  6.6  92    0    0 347 -350  1
3797500 2746500 12  1  8   9.4  995 231  6.5 7  6.7  91    0    0 343 -352  1
3797500 2746500 12  1  9   9.7  995 231  6.6 8  6.6  88    0    3 343 -354  1
3797500 2746500 12  1 10   9.6  996 238  5.8 7  6.2  82   17   48 344 -354  1
3797500 2746500 12  1 11   9.5  997 236  5.2 4  5.9  79   93   79 322 -355  1
3797500 2746500 12  1 12   9.8  998 246  5.2 2  5.7  75  140   92 295 -355  1
3797500 2746500 12  1 13  10.2  998 247  4.5 1  5.3  68  166   92 275 -355  1
3797500 2746500 12  1 14  10.4  998 237  4.2 1  5.0  63  142   85 265 -354  1
3797500 2746500 12  1 15   9.8  999 229  4.5 4  4.9  63   52   69 275 -353  1
3797500 2746500 12  1 16   9.6  999 239  4.2 4  5.1  67   11   26 287 -352  1
3797500 2746500 12  1 17   8.8  999 229  4.6 3  5.2  71    0    0 279 -350  1
3797500 2746500 12  1 18   8.4 1000 222  3.5 3  5.2  74    0    0 271 -349  1
3797500 2746500 12  1 19   8.0 1000 221  3.9 3  5.3  77    0    0 270 -348  1
3797500 2746500 12  1 20   7.9 1000 212  4.0 3  5.3  78    0    0 267 -348  1
3797500 2746500 12  1 21   8.1  999 212  4.3 1  5.1  76    0    0 254 -346  1
3797500 2746500 12  1 22   8.3  999 211  4.2 5  5.0  73    0    0 265 -344  1
3797500 2746500 12  1 23   8.0  999 191  4.7 5  5.0  73    0    0 290 -343  1
3797500 2746500 12  1 24   7.5  998 200  3.8 6  5.1  77    0    0 297 -344  1
3797500 2746500 12  2  1   6.9  997 212  3.5 8  5.4  84    0    0 315 -345  1
3797500 2746500 12  2  2   6.9  997 230  4.9 8  5.5  87    0    0 328 -346  1
3797500 2746500 12  2  3   7.0  997 230  5.3 6  5.4  85    0    0 318 -347  1
3797500 2746500 12  2  4   6.9  997 216  4.2 6  5.3  84    0    0 307 -347  1
3797500 2746500 12  2  5   7.5  997 230  5.0 7  5.2  82    0    0 314 -347  1
3797500 2746500 12  2  6   7.8  997 221  5.4 8  5.3  80    0    0 331 -348  1
3797500 2746500 12  2  7   7.9  997 231  5.6 7  5.3  80    0    0 334 -348  1
3797500 2746500 12  2  8   7.9  997 228  6.1 6  5.4  80    0    0 324 -349  1
3797500 2746500 12  2  9   8.2  997 228  5.2 6  5.4  80    0    1 320 -350  1
3797500 2746500 12  2 10   8.6  997 229  4.9 7  5.6  80    0   33 329 -350  1
3797500 2746500 12  2 11   9.2  996 220  5.3 8  5.7  79    0   39 341 -351  1
3797500 2746500 12  2 12   8.5  995 219  4.2 8  5.8  81    0   44 348 -352  1
3797500 2746500 12  2 13   8.3  994 210  3.7 8  6.1  88    0   54 347 -352  1
3797500 2746500 12  2 14   8.8  991 192  4.8 8  6.4  91    0   43 347 -353  1
3797500 2746500 12  2 15  10.1  989 209  6.7 7  6.7  88    0   30 344 -354  1
3797500 2746500 12  2 16  10.0  986 220  7.6 8  6.8  87    0   18 346 -354  1
3797500 2746500 12  2 17  10.6  983 218  8.9 8  6.9  85    0    0 353 -354  1
3797500 2746500 12  2 18  10.4  982 229  8.1 8  6.9  85    0    0 355 -354  1
3797500 2746500 12  2 19  10.1  981 218  6.5 7  7.1  89    0    0 350 -355  1
3797500 2746500 12  2 20  10.5  980 230  5.1 7  7.1  88    0    0 346 -354  1
3797500 2746500 12  2 21  10.7  979 228  5.4 7  6.8  82    0    0 346 -353  1
3797500 2746500 12  2 22   9.7  979 249  6.4 6  6.2  78    0    0 335 -352  1
3797500 2746500 12  2 23   9.7  978 237  5.1 6  5.8  75    0    0 324 -351  1
3797500 2746500 12  2 24   9.9  978 239  5.7 6  5.7  74    0    0 318 -351  1
3797500 2746500 12  3  1   9.0  977 238  5.5 6  5.7  74    0    0 315 -350  1
3797500 2746500 12  3  2   8.3  977 251  5.1 6  5.6  78    0    0 313 -348  1
3797500 2746500 12  3  3   8.1  977 248  5.1 5  5.5  78    0    0 304 -347  1
3797500 2746500 12  3  4   7.5  978 250  5.9 8  5.5  80    0    0 316 -346  1
3797500 2746500 12  3  5   7.4  979 260  4.7 8  5.5  83    0    0 336 -344  1
3797500 2746500 12  3  6   6.9  979 242  4.3 8  5.6  86    0    0 334 -342  1
3797500 2746500 12  3  7   6.8  981 261  4.0 8  5.8  91    0    0 333 -340  1
3797500 2746500 12  3  8   6.6  982 267  2.9 8  5.8  92    0    0 331 -337  1
3797500 2746500 12  3  9   6.6  983 273  3.1 7  5.7  91    0    6 324 -336  1
3797500 2746500 12  3 10   6.9  985 263  4.5 8  5.7  90    2   37 322 -337  1
3797500 2746500 12  3 11   6.7  986 280  5.0 8  5.6  89    2   58 326 -340  1
3797500 2746500 12  3 12   6.5  988 255  3.6 8  5.6  90    5   74 323 -342  1
3797500 2746500 12  3 13   7.0  989 277  5.3 8  5.5  88    0   29 323 -344  1
3797500 2746500 12  3 14   6.1  989 279  8.3 8  5.4  87    0   24 323 -343  1
3797500 2746500 12  3 15   7.2  990 264  5.4 7  5.1  81    0   38 318 -341  1
3797500 2746500 12  3 16   7.1  991 260  4.9 6  4.7  73    5   16 306 -341  1
3797500 2746500 12  3 17   6.7  993 261  4.9 5  4.5  70    0    0 295 -340  1
3797500 2746500 12  3 18   6.6  994 248  4.3 7  4.3  70    0    0 299 -340  1
3797500 2746500 12  3 19   6.5  994 247  4.3 6  4.4  72    0    0 303 -340  1
3797500 2746500 12  3 20   6.3  995 238  3.3 6  4.5  74    0    0 295 -340  1
3797500 2746500 12  3 21   6.6  994 237  3.2 7  4.7  77    0    0 301 -339  1
3797500 2746500 12  3 22   6.5  994 238  3.4 7  4.7  77    0    0 307 -339  1
3797500 2746500 12  3 23   4.2  994 239  3.3 8  4.7  83    0    0 310 -338  1
3797500 2746500 12  3 24   3.7  995 239  1.7 8  4.7  92    0    0 312 -337  1
3797500 2746500 12  4  1   4.3  995 271  0.9 7  4.8  93    0    0 306 -337  1
3797500 2746500 12  4  2   4.2  996 263  1.5 6  4.8  92    0    0 296 -337  1
3797500 2746500 12  4  3   4.3  998 259  1.1 7  4.8  91    0    0 299 -337  1
3797500 2746500 12  4  4   4.5  999 240  2.0 7  4.9  92    0    0 309 -336  1
3797500 2746500 12  4  5   5.0 1000 258  1.7 6  5.0  93    0    0 305 -337  1
3797500 2746500 12  4  6   5.0 1001 275  1.1 4  4.9  90    0    0 287 -337  1
3797500 2746500 12  4  7   5.1 1002 258  2.0 7  4.9  90    0    0 290 -338  1
3797500 2746500 12  4  8   5.4 1004 249  2.2 8  5.1  91    0    0 311 -338  1
3797500 2746500 12  4  9   5.5 1005 248  2.4 8  5.1  90    0    9 314 -338  1
3797500 2746500 12  4 10   5.6 1006 239  2.5 6  5.1  90    5   52 300 -338  1
3797500 2746500 12  4 11   6.4 1007 247  2.8 7  5.3  91    2   75 295 -339  1
3797500 2746500 12  4 12   6.7 1008 260  3.1 7  5.4  90    6  101 301 -341  1
3797500 2746500 12  4 13   6.9 1009 270  2.9 8  5.5  89    4   98 306 -343  1
3797500 2746500 12  4 14   7.4 1009 250  3.0 8  5.6  89    0   65 314 -344  1
3797500 2746500 12  4 15   7.3 1010 241  2.9 7  5.6  87    1   52 309 -345  1
3797500 2746500 12  4 16   7.2 1010 240  2.3 8  5.5  86    0   12 311 -343  1
3797500 2746500 12  4 17   7.1 1011 231  2.7 8  5.4  86    0    0 319 -341  1
3797500 2746500 12  4 18   7.3 1011 221  2.9 7  5.4  86    0    0 317 -340  1
3797500 2746500 12  4 19   7.5 1011 213  2.8 7  5.4  84    0    0 316 -341  1
3797500 2746500 12  4 20   7.9 1011 224  3.3 7  5.2  79    0    0 319 -341  1
3797500 2746500 12  4 21   8.0 1011 215  3.4 7  5.3  79    0    0 323 -341  1
3797500 2746500 12  4 22   7.2 1011 205  3.8 8  5.5  85    0    0 334 -342  1
3797500 2746500 12  4 23   7.7 1011 201  3.6 8  5.8  90    0    0 343 -343  1
3797500 2746500 12  4 24   8.2 1011 211  4.5 8  6.1  92    0    0 346 -344  1
3797500 2746500 12  5  1   8.4 1011 209  3.8 8  6.4  94    0    0 350 -346  1
3797500 2746500 12  5  2   9.0 1011 209  3.7 8  6.6  94    0    0 353 -349  1
3797500 2746500 12  5  3   9.8 1010 217  4.3 8  6.8  93    0    0 357 -351  1
3797500 2746500 12  5  4   9.7 1010 218  3.4 8  7.0  92    0    0 359 -353  1
3797500 2746500 12  5  5   9.7 1010 208  3.2 8  6.9  92    0    0 360 -356  1
3797500 2746500 12  5  6  10.5 1010 210  3.5 8  6.9  90    0    0 361 -357  1
3797500 2746500 12  5  7  11.0 1009 210  3.4 8  7.0  86    0    0 363 -359  1
3797500 2746500 12  5  8  11.0 1009 201  3.2 8  6.9  84    0    0 363 -360  1
3797500 2746500 12  5  9  11.5 1009 200  3.2 7  6.8  81    0    4 359 -362  1
3797500 2746500 12  5 10  11.9 1009 192  3.7 7  6.6  77    0   28 354 -361  1
3797500 2746500 12  5 11  11.7 1008 202  3.7 7  6.5  75    0   32 354 -362  1
3797500 2746500 12  5 12  12.4 1008 210  5.0 7  6.5  74    0   35 355 -363  1
3797500 2746500 12  5 13  11.7 1007 191  4.0 7  6.6  75    0   39 354 -364  1
3797500 2746500 12  5 14  12.0 1006 203  3.2 7  6.7  77    1   75 353 -366  1
3797500 2746500 12  5 15  12.2 1005 198  4.5 7  6.7  76   15   81 353 -367  1
3797500 2746500 12  5 16  12.4 1004 208  4.7 7  6.7  74    4   29 354 -368  1
3797500 2746500 12  5 17  12.3 1004 232  5.3 7  6.7  74    0    0 352 -368  1
3797500 2746500 12  5 18  10.9 1004 220  4.9 8  7.0  81    0    0 354 -367  1
3797500 2746500 12  5 19  11.1 1004 220  5.5 7  7.2  88    0    0 351 -367  1
3797500 2746500 12  5 20  11.4 1004 219  5.2 7  7.1  85    0    0 346 -366  1
3797500 2746500 12  5 21  11.6 1004 220  6.1 6  7.0  82    0    0 341 -366  1
3797500 2746500 12  5 22  11.7 1004 227  6.0 7  7.1  82    0    0 342 -364  1
3797500 2746500 12  5 23  11.1 1003 249  4.9 7  7.0  83    0    0 347 -362  1
3797500 2746500 12  5 24  11.2 1004 252  5.8 6  6.7  80    0    0 337 -360  1
3797500 2746500 12  6  1  10.9 1005 236  4.5 7  6.4  77    0    0 335 -359  1
3797500 2746500 12  6  2  10.6 1005 247  4.0 7  6.3  78    0    0 338 -358  1
3797500 2746500 12  6  3  10.6 1005 247  4.5 6  6.3  79    0    0 329 -357  1
3797500 2746500 12  6  4  10.3 1006 250  4.4 8  6.3  79    0    0 333 -356  1
3797500 2746500 12  6  5   9.5 1007 229  3.4 8  6.2  81    0    0 344 -355  1
3797500 2746500 12  6  6   9.4 1006 238  4.1 7  6.1  82    0    0 335 -353  1
3797500 2746500 12  6  7   8.9 1007 229  4.1 6  5.9  82    0    0 323 -348  1
3797500 2746500 12  6  8   9.0 1008 229  4.3 6  5.9  83    0    0 314 -344  1
3797500 2746500 12  6  9   8.9 1008 232  4.5 7  6.0  84    0    8 321 -343  1
3797500 2746500 12  6 10   9.4 1008 233  4.8 7  6.1  84    0   39 328 -346  1
3797500 2746500 12  6 11  10.0 1008 230  4.9 7  6.2  82    0   44 332 -350  1
3797500 2746500 12  6 12   9.4 1008 219  3.2 8  6.5  86    0   35 340 -353  1
3797500 2746500 12  6 13   9.6 1007 210  3.2 8  6.7  90    0   39 347 -355  1
3797500 2746500 12  6 14   9.4 1005 209  4.3 8  6.8  91    0   25 349 -357  1
3797500 2746500 12  6 15   9.6 1004 209  4.2 8  6.8  91    0   25 349 -357  1
3797500 2746500 12  6 16   9.7 1003 217  4.9 8  6.9  92    0   13 349 -358  1
3797500 2746500 12  6 17   9.7 1002 199  3.0 8  7.0  92    0    0 352 -359  1
3797500 2746500 12  6 18   9.6 1001 198  3.6 8  7.1  94    0    0 354 -360  1
3797500 2746500 12  6 19  10.2 1000 209  4.4 8  7.4  95    0    0 358 -361  1
3797500 2746500 12  6 20  10.9  999 229  5.5 8  7.7  95    0    0 361 -362  1
3797500 2746500 12  6 21  11.3  998 229  5.5 8  8.0  96    0    0 366 -364  1
3797500 2746500 12  6 22  11.7  997 219  4.3 8  8.3  96    0    0 367 -366  1
3797500 2746500 12  6 23  12.2  996 228  4.7 8  8.5  96    0    0 370 -368  1
3797500 2746500 12  6 24  12.5  995 219  4.0 8  8.6  94    0    0 371 -370  1
3797500 2746500 12  7  1  12.6  993 218  5.0 8  8.8  95    0    0 372 -371  1
3797500 2746500 12  7  2  12.9  991 228  6.2 8  8.9  95    0    0 373 -372  1
3797500 2746500 12  7  3  13.5  989 228  7.1 8  8.9  92    0    0 376 -372  1
3797500 2746500 12  7  4  13.0  988 229  6.4 8  9.0  92    0    0 375 -372  1
3797500 2746500 12  7  5  13.2  987 227  7.3 8  8.9  92    0    0 374 -372  1
3797500 2746500 12  7  6  13.0  986 228  6.3 8  8.8  91    0    0 373 -372  1
3797500 2746500 12  7  7  13.2  985 240  6.5 7  8.5  88    0    0 364 -372  1
3797500 2746500 12  7  8  12.9  985 253  7.3 6  7.9  82    0    0 349 -370  1
3797500 2746500 12  7  9  11.4  985 255  7.2 6  6.9  76    2   11 337 -369  1
3797500 2746500 12  7 10  11.5  985 246  8.2 2  6.4  74   38   36 307 -367  1
3797500 2746500 12  7 11  10.6  986 260  8.0 7  6.2  74    0   54 310 -365  1
3797500 2746500 12  7 12  10.3  987 231  7.6 5  5.9  72   11   86 321 -363  1
3797500 2746500 12  7 13   8.7  986 240  7.2 7  5.9  77    0   58 314 -362  1
3797500 2746500 12  7 14   8.5  987 274  5.5 6  6.0  84    0   59 314 -360  1
3797500 2746500 12  7 15   8.2  988 262  6.6 6  5.8  83    7   52 305 -358  1
3797500 2746500 12  7 16   8.2  990 261  6.2 7  5.5  79    4   18 309 -356  1
3797500 2746500 12  7 17   7.7  991 228  4.6 7  5.4  80    0    0 311 -353  1
3797500 2746500 12  7 18   8.0  992 247  5.5 8  5.4  80    0    0 314 -349  1
3797500 2746500 12  7 19   8.1  992 252  5.0 7  5.2  76    0    0 313 -346  1
3797500 2746500 12  7 20   7.5  993 231  4.5 6  5.1  76    0    0 300 -345  1
3797500 2746500 12  7 21   7.2  993 224  4.2 4  5.0  77    0    0 283 -344  1
3797500 2746500 12  7 22   6.9  994 236  3.9 5  5.0  78    0    0 277 -342  1
3797500 2746500 12  7 23   6.5  995 231  4.2 6  5.0  80    0    0 285 -341  1
3797500 2746500 12  7 24   6.7  995 268  4.0 7  5.0  80    0    0 294 -341  1
3797500 2746500 12  8  1   6.6  996 242  4.1 6  4.9  80    0    0 294 -341  1
3797500 2746500 12  8  2   6.7  997 241  3.6 6  4.9  79    0    0 288 -341  1
3797500 2746500 12  8  3   6.9  998 246  4.1 8  4.9  78    0    0 300 -340  1
3797500 2746500 12  8  4   6.9  999 248  4.4 8  4.9  78    0    0 311 -338  1
3797500 2746500 12  8  5   6.9  999 249  4.1 7  5.0  79    0    0 308 -337  1
3797500 2746500 12  8  6   6.8 1000 250  3.8 7  5.0  80    0    0 303 -336  1
3797500 2746500 12  8  7   6.7 1000 250  3.4 7  5.0  80    0    0 303 -336  1
3797500 2746500 12  8  8   6.5 1001 236  2.6 7  4.9  80    0    0 301 -336  1
3797500 2746500 12  8  9   6.5 1001 244  4.0 7  4.9  81    0    3 300 -337  1
3797500 2746500 12  8 10   6.3 1002 237  3.8 7  5.0  82    0   23 298 -336  1
3797500 2746500 12  8 11   6.2 1002 226  4.9 7  4.9  82    0   51 295 -336  1
3797500 2746500 12  8 12   6.2 1002 232  3.8 7  4.9  82    7  100 291 -337  1
3797500 2746500 12  8 13   6.4 1002 219  5.6 6  4.8  79    8  106 285 -339  1
3797500 2746500 12  8 14   6.5 1001 219  5.2 7  4.6  76   11  100 285 -339  1
3797500 2746500 12  8 15   6.6 1000 199  3.9 8  4.4  73    5   64 294 -338  1
3797500 2746500 12  8 16   6.5  998 181  3.7 8  4.3  71    4   27 297 -334  1
3797500 2746500 12  8 17   6.3  997 180  4.7 8  4.3  71    0    0 297 -329  1
3797500 2746500 12  8 18   6.3  995 173  4.9 8  4.3  72    0    0 298 -326  1
3797500 2746500 12  8 19   6.0  994 172  5.7 8  4.5  75    0    0 301 -326  1
3797500 2746500 12  8 20   5.0  992 171  6.3 8  4.7  82    0    0 301 -326  1
3797500 2746500 12  8 21   4.7  990 171  7.3 8  4.8  87    0    0 303 -326  1
3797500 2746500 12  8 22   4.5  988 170  7.0 8  4.8  89    0    0 304 -328  1
3797500 2746500 12  8 23   4.7  986 171  5.3 8  4.9  91    0    0 307 -329  1
3797500 2746500 12  8 24   5.7  984 183  4.4 7  5.0  88    0    0 308 -330  1
3797500 2746500 12  9  1   5.6  983 171  4.3 8  5.1  87    0    0 313 -330  1
3797500 2746500 12  9  2   6.0  982 182  4.1 8  5.3  89    0    0 321 -328  1
3797500 2746500 12  9  3   6.8  981 183  4.0 8  5.5  90    0    0 326 -328  1
3797500 2746500 12  9  4   7.5  981 205  4.0 7  5.8  89    0    0 327 -330  1
3797500 2746500 12  9  5   8.2  981 223  4.4 7  6.0  88    0    0 328 -332  1
3797500 2746500 12  9  6   8.5  980 229  4.6 8  6.2  87    0    0 336 -335  1
3797500 2746500 12  9  7   8.6  981 228  4.3 6  6.1  86    0    0 332 -339  1
3797500 2746500 12  9  8   7.9  981 240  3.7 6  6.0  85    0    0 321 -344  1
3797500 2746500 12  9  9   7.7  982 230  4.0 5  5.8  85    0   10 310 -347  1
3797500 2746500 12  9 10   7.5  982 229  3.9 3  5.7  85   42   44 290 -349  1
3797500 2746500 12  9 11   8.1  983 228  4.5 4  5.7  84   49   76 279 -349  1
3797500 2746500 12  9 12   8.6  983 229  4.5 4  5.7  80   87   91 284 -350  1
3797500 2746500 12  9 13   8.6  983 220  4.3 6  5.6  78   14   98 294 -350  1
3797500 2746500 12  9 14   8.6  983 227  3.7 7  5.4  76    0   53 313 -350  1
3797500 2746500 12  9 15   8.5  983 228  4.9 7  5.3  75    4   53 318 -349  1
3797500 2746500 12  9 16   8.0  983 218  3.9 6  5.2  75   25   25 310 -347  1
3797500 2746500 12  9 17   7.5  983 201  2.7 3  5.0  73    0    0 284 -345  1
3797500 2746500 12  9 18   7.3  983 172  3.8 3  4.8  72    0    0 261 -344  1
3797500 2746500 12  9 19   7.2  982 173  5.0 4  4.7  72    0    0 263 -341  1
3797500 2746500 12  9 20   7.2  982 163  5.0 5  4.8  74    0    0 277 -338  1
3797500 2746500 12  9 21   7.4  981 160  5.6 6  5.0  76    0    0 291 -338  1
3797500 2746500 12  9 22   7.6  981 159  5.2 6  5.1  76    0    0 300 -338  1
3797500 2746500 12  9 23   6.8  981 159  5.5 6  5.2  80    0    0 300 -338  1
3797500 2746500 12  9 24   6.6  981 160  5.7 6  5.4  85    0    0 298 -338  1
3797500 2746500 12 10  1   6.3  981 171  4.4 8  5.4  87    0    0 312 -337  1
3797500 2746500 12 10  2   6.2  981 161  4.2 8  5.3  87    0    0 326 -336  1
3797500 2746500 12 10  3   6.3  981 170  3.0 8  5.4  88    0    0 327 -336  1
3797500 2746500 12 10  4   6.4  981 171  2.6 8  5.5  88    0    0 328 -336  1
3797500 2746500 12 10  5   6.6  981 171  2.3 8  5.5  89    0    0 329 -337  1
3797500 2746500 12 10  6   6.6  982 173  1.7 8  5.6  90    0    0 331 -337  1
3797500 2746500 12 10  7   6.5  983 196  1.2 8  5.7  91    0    0 331 -337  1
3797500 2746500 12 10  8   6.6  984 186  1.0 8  5.7  92    0    0 332 -338  1
3797500 2746500 12 10  9   6.6  985 224  1.0 8  5.9  94    0    9 332 -338  1
3797500 2746500 12 10 10   6.9  986 296  1.5 8  6.0  96    0   21 333 -339  1
3797500 2746500 12 10 11   7.0  988 342  2.3 8  6.1  96    0   30 334 -340  1
3797500 2746500 12 10 12   6.4  989 347  2.9 8  6.0  95    0   29 333 -342  1
3797500 2746500 12 10 13   6.4  990 353  3.8 8  5.8  94    0   24 331 -343  1
3797500 2746500 12 10 14   6.2  992 356  3.6 8  5.6  93    0   44 329 -346  1
3797500 2746500 12 10 15   6.4  993 352  3.1 8  5.5  90    0   30 329 -348  1
3797500 2746500 12 10 16   6.3  995 331  3.4 8  5.4  90    0    5 330 -347  1
3797500 2746500 12 10 17   6.3  996 328  3.6 8  5.4  90    0    0 330 -345  1
3797500 2746500 12 10 18   6.4  998 336  4.1 7  5.4  89    0    0 323 -344  1
3797500 2746500 12 10 19   6.5  999 327  3.8 8  5.3  87    0    0 323 -343  1
3797500 2746500 12 10 20   6.7 1000 317  2.7 7  5.3  86    0    0 324 -342  1
3797500 2746500 12 10 21   6.5 1002 328  2.8 6  5.3  86    0    0 309 -342  1
3797500 2746500 12 10 22   6.4 1003 335  2.8 7  5.3  87    0    0 309 -341  1
3797500 2746500 12 10 23   6.0 1004 338  2.8 7  5.2  88    0    0 316 -341  1
3797500 2746500 12 10 24   6.0 1005 344  3.1 8  5.2  88    0    0 322 -339  1
3797500 2746500 12 11  1   5.9 1006 324  2.6 7  5.2  88    0    0 322 -338  1
3797500 2746500 12 11  2   6.0 1007 328  2.6 7  5.2  90    0    0 316 -338  1
3797500 2746500 12 11  3   5.9 1008 326  3.5 7  5.3  91    0    0 317 -338  1
3797500 2746500 12 11  4   6.1 1009 334  3.6 8  5.3  91    0    0 324 -337  1
3797500 2746500 12 11  5   6.2 1010 327  3.2 8  5.3  90    0    0 330 -335  1
3797500 2746500 12 11  6   6.3 1010 335  3.7 7  5.2  88    0    0 323 -333  1
3797500 2746500 12 11  7   6.1 1011 325  4.6 7  5.0  85    0    0 316 -332  1
3797500 2746500 12 11  8   5.7 1012 322  4.2 7  4.8  83    0    0 315 -330  1
3797500 2746500 12 11  9   5.6 1013 325  4.4 6  4.7  82    0    6 308 -329  1
3797500 2746500 12 11 10   5.3 1014 325  3.9 7  4.6  83    3   36 307 -330  1
3797500 2746500 12 11 11   5.3 1015 340  3.9 8  4.6  84    0   39 321 -333  1
3797500 2746500 12 11 12   5.5 1016 338  3.9 8  4.6  83    3   77 328 -334  1
3797500 2746500 12 11 13   6.0 1016 344  3.9 7  4.6  81   39   79 322 -336  1
3797500 2746500 12 11 14   6.2 1017 336  3.8 7  4.6  80   13   71 314 -338  1
3797500 2746500 12 11 15   6.3 1017 338  3.5 7  4.6  78   19   48 312 -339  1
3797500 2746500 12 11 16   6.2 1018 337  2.9 6  4.6  77    3   17 304 -338  1
3797500 2746500 12 11 17   5.8 1019 343  2.7 7  4.7  80    0    0 303 -333  1
3797500 2746500 12 11 18   5.4 1019 326  2.9 6  4.7  84    0    0 302 -327  1
3797500 2746500 12 11 19   5.2 1020 321  2.0 7  4.8  87    0    0 302 -325  1
3797500 2746500 12 11 20   4.9 1021 330  2.7 7  4.8  88    0    0 306 -322  1
3797500 2746500 12 11 21   4.3 1022 328  2.6 6  4.7  89    0    0 299 -319  1
3797500 2746500 12 11 22   3.7 1022 332  2.3 5  4.5  90    0    0 286 -317  1
3797500 2746500 12 11 23   3.5 1023 328  1.9 4  4.5  92    0    0 275 -316  1
3797500 2746500 12 11 24   3.4 1024 331  2.0 4  4.5  94    0    0 271 -316  1
3797500 2746500 12 12  1   3.1 1024  20  1.2 7  4.5  96    0    0 287 -316  1
3797500 2746500 12 12  2   3.5 1025 321  2.1 7  4.5  95    0    0 305 -316  1
3797500 2746500 12 12  3   3.4 1025 340  1.9 7  4.5  94    0    0 306 -315  1
3797500 2746500 12 12  4   3.6 1026 354  1.5 7  4.6  96    0    0 307 -313  1
3797500 2746500 12 12  5   3.9 1026 357  2.0 8  4.7  95    0    0 313 -312  1
3797500 2746500 12 12  6   4.2 1027  18  2.6 8  4.8  95    0    0 319 -312  1
3797500 2746500 12 12  7   3.9 1027  16  2.6 8  4.9  97    0    0 319 -312  1
3797500 2746500 12 12  8   3.5 1027  38  1.8 8  4.7  96    0    0 319 -313  1
3797500 2746500 12 12  9   3.8 1028  15  2.6 7  4.6  94    0    0 314 -315  1
3797500 2746500 12 12 10   5.0 1029  18  2.9 6  4.5  87    7   45 305 -315  1
3797500 2746500 12 12 11   5.3 1029  29  2.4 6  4.3  80    0   59 301 -316  1
3797500 2746500 12 12 12   5.7 1030   9  1.9 6  4.3  77    0   67 303 -316  1
3797500 2746500 12 12 13   6.2 1030   2  2.1 7  4.3  75    0   71 309 -319  1
3797500 2746500 12 12 14   6.3 1030  11  2.3 7  4.3  73    0   63 315 -325  1
3797500 2746500 12 12 15   6.3 1031  22  1.4 7  4.3  73    0   40 315 -327  1
3797500 2746500 12 12 16   6.2 1031  12  2.8 8  4.4  76    0   13 320 -327  1
3797500 2746500 12 12 17   6.0 1031  18  3.0 7  4.5  79    0    0 320 -326  1
3797500 2746500 12 12 18   5.7 1032  21  1.9 7  4.6  81    0    0 316 -325  1
3797500 2746500 12 12 19   5.6 1032   5  2.5 8  4.7  84    0    0 322 -325  1
3797500 2746500 12 12 20   5.4 1032  40  1.9 8  4.7  85    0    0 327 -325  1
3797500 2746500 12 12 21   5.3 1033  32  2.9 7  4.7  85    0    0 319 -326  1
3797500 2746500 12 12 22   4.8 1033  43  2.6 7  4.6  86    0    0 313 -326  1
3797500 2746500 12 12 23   3.6 1033  28  2.1 6  4.4  88    0    0 303 -327  1
3797500 2746500 12 12 24   3.0 1033  49  2.4 5  4.2  89    0    0 288 -328  1
3797500 2746500 12 13  1   2.4 1034  42  2.0 3  4.0  88    0    0 270 -328  1
3797500 2746500 12 13  2   2.1 1034  43  2.1 3  3.9  90    0    0 257 -328  1
3797500 2746500 12 13  3   3.0 1034  43  2.0 7  4.0  90    0    0 280 -329  1
3797500 2746500 12 13  4   3.1 1034  50  1.5 7  4.1  89    0    0 302 -328  1
3797500 2746500 12 13  5   3.2 1034  56  2.4 7  4.1  88    0    0 300 -327  1
3797500 2746500 12 13  6   3.2 1034  73  2.4 6  4.1  89    0    0 294 -327  1
3797500 2746500 12 13  7   3.6 1034  68  2.3 7  4.2  88    0    0 294 -326  1
3797500 2746500 12 13  8   3.4 1034  74  2.1 7  4.2  88    0    0 298 -322  1
3797500 2746500 12 13  9   3.1 1035  94  1.6 8  4.2  90    0    2 303 -321  1
3797500 2746500 12 13 10   4.2 1035  65  2.1 6  4.3  89    9   46 298 -321  1
3797500 2746500 12 13 11   4.7 1035  64  2.2 7  4.4  86   11   77 295 -322  1
3797500 2746500 12 13 12   4.8 1035  91  2.6 7  4.3  83   11   96 299 -325  1
3797500 2746500 12 13 13   5.5 1035 112  2.3 4  4.2  79   76  112 285 -329  1
3797500 2746500 12 13 14   5.8 1035  46  2.3 2  4.2  76  109   87 263 -332  1
3797500 2746500 12 13 15   6.3 1034  65  1.9 0  4.2  73   80   66 244 -332  1
3797500 2746500 12 13 16   5.7 1034  60  2.1 2  4.1  72   22   29 243 -330  1
3797500 2746500 12 13 17   4.2 1034  58  1.9 3  3.9  74    0    0 251 -325  1
3797500 2746500 12 13 18   4.0 1035  65  1.8 3  3.7  75    0    0 250 -320  1
3797500 2746500 12 13 19   3.5 1035  68  1.9 4  3.6  75    0    0 252 -317  1
3797500 2746500 12 13 20   2.9 1035  55  1.5 4  3.5  76    0    0 253 -316  1
3797500 2746500 12 13 21   2.7 1035  54  1.7 2  3.5  77    0    0 245 -316  1
3797500 2746500 12 13 22   2.6 1035  80  2.1 3  3.4  76    0    0 242 -316  1
3797500 2746500 12 13 23   2.2 1035  88  1.3 2  3.3  75    0    0 242 -316  1
3797500 2746500 12 13 24   1.8 1035  94  1.1 3  3.3  76    0    0 241 -315  1
3797500 2746500 12 14  1   1.5 1034  76  1.5 4  3.3  78    0    0 249 -315  1
3797500 2746500 12 14  2   2.2 1034  93  1.2 5  3.3  79    0    0 257 -315  1
3797500 2746500 12 14  3   2.0 1035  57  1.3 5  3.4  78    0    0 261 -315  1
3797500 2746500 12 14  4   3.0 1034  50  1.5 7  3.3  74    0    0 270 -315  1
3797500 2746500 12 14  5   2.4 1034  53  2.0 7  3.3  73    0    0 278 -315  1
3797500 2746500 12 14  6   2.9 1034  67  1.8 7  3.2  71    0    0 278 -315  1
3797500 2746500 12 14  7   3.2 1034  59  2.1 7  3.1  68    0    0 279 -315  1
3797500 2746500 12 14  8   2.7 1034  68  1.9 7  3.1  68    0    0 279 -316  1
3797500 2746500 12 14  9   2.8 1034  77  1.9 8  3.1  69    0    2 284 -316  1
3797500 2746500 12 14 10   3.0 1034  66  1.9 7  3.1  68    0   16 285 -316  1
3797500 2746500 12 14 11   2.9 1034  68  2.1 8  3.1  68    0   25 287 -317  1
3797500 2746500 12 14 12   3.1 1034  90  2.8 8  3.1  68    0   35 292 -321  1
3797500 2746500 12 14 13   3.1 1033  78  3.4 7  3.0  66    0   54 288 -326  1
3797500 2746500 12 14 14   3.1 1033  76  3.9 7  3.0  64    0   63 283 -328  1
3797500 2746500 12 14 15   3.0 1033  88  3.3 7  2.9  64    0   36 282 -329  1
3797500 2746500 12 14 16   2.8 1032  88  2.6 7  3.0  65    0    9 279 -329  1
3797500 2746500 12 14 17   2.8 1032  90  2.5 7  2.9  65    0    0 277 -327  1
3797500 2746500 12 14 18   2.5 1032  79  2.0 7  2.9  65    0    0 274 -325  1
3797500 2746500 12 14 19   2.7 1032  81  2.0 7  3.0  66    0    0 272 -324  1
3797500 2746500 12 14 20   3.0 1032  71  2.0 8  3.0  66    0    0 276 -324  1
3797500 2746500 12 14 21   2.9 1032  61  2.7 7  3.1  68    0    0 275 -321  1
3797500 2746500 12 14 22   3.2 1032  68  2.2 8  3.2  69    0    0 275 -319  1
3797500 2746500 12 14 23   2.7 1032  67  2.3 8  3.2  70    0    0 279 -318  1
3797500 2746500 12 14 24   2.0 1031  69  2.4 7  3.2  74    0    0 274 -317  1
3797500 2746500 12 15  1   2.0 1031  76  2.4 4  3.3  77    0    0 255 -316  1
3797500 2746500 12 15  2   1.4 1031  74  1.9 3  3.4  80    0    0 235 -317  1
3797500 2746500 12 15  3   1.5 1031  57  2.0 4  3.4  82    0    0 236 -318  1
3797500 2746500 12 15  4   1.7 1031  61  2.0 7  3.5  82    0    0 258 -319  1
3797500 2746500 12 15  5   1.7 1031  58  1.5 8  3.5  83    0    0 279 -320  1
3797500 2746500 12 15  6   1.7 1031  87  1.4 6  3.5  83    0    0 276 -321  1
3797500 2746500 12 15  7   1.2 1031  69  1.1 5  3.5  85    0    0 265 -321  1
3797500 2746500 12 15  8   1.0 1031  69  1.2 5  3.5  87    0    0 262 -321  1
3797500 2746500 12 15  9   1.2 1031  68  1.1 6  3.6  88    0    2 268 -321  1
3797500 2746500 12 15 10   1.3 1031  86  0.7 6  3.6  88    0   28 275 -321  1
3797500 2746500 12 15 11   2.0 1032  90  1.2 7  3.7  87    0   48 281 -323  1
3797500 2746500 12 15 12   2.5 1032  63  1.8 6  3.7  84   12  111 281 -324  1
3797500 2746500 12 15 13   2.9 1031  83  2.1 7  3.7  81    1   83 281 -326  1
3797500 2746500 12 15 14   2.8 1031  86  2.6 7  3.5  77    0   51 284 -325  1
3797500 2746500 12 15 15   2.6 1031  73  3.0 7  3.4  74    0   30 282 -324  1
3797500 2746500 12 15 16   2.5 1031  72  3.1 8  3.2  71    0   10 285 -321  1
3797500 2746500 12 15 17   2.3 1030  70  2.9 6  3.0  67    0    0 277 -317  1
3797500 2746500 12 15 18   2.0 1030  78  2.4 6  2.9  66    0    0 265 -316  1
3797500 2746500 12 15 19   1.8 1030  80  2.9 7  2.8  66    0    0 268 -315  1
3797500 2746500 12 15 20   1.5 1031  97  2.3 6  2.8  66    0    0 268 -313  1
3797500 2746500 12 15 21   0.7 1031 119  2.7 6  2.7  67    0    0 264 -311  1
3797500 2746500 12 15 22  -0.2 1031 102  1.2 4  2.5  67    0    0 252 -311  1
3797500 2746500 12 15 23  -0.7 1031  78  0.9 4  2.5  68    0    0 240 -310  1
3797500 2746500 12 15 24  -1.0 1031  87  1.1 0  2.5  70    0    0 222 -310  1
3797500 2746500 12 16  1  -1.5 1031  78  1.4 0  2.5  74    0    0 204 -310  1
3797500 2746500 12 16  2  -1.6 1031  77  1.6 0  2.6  77    0    0 203 -309  1
3797500 2746500 12 16  3  -1.8 1031  87  1.7 0  2.6  80    0    0 202 -309  1
3797500 2746500 12 16  4  -1.9 1031  79  1.7 0  2.6  81    0    0 201 -307  1
3797500 2746500 12 16  5  -2.0 1031  70  1.8 0  2.6  82    0    0 200 -305  1
3797500 2746500 12 16  6  -2.1 1031  79  1.0 0  2.7  83    0    0 199 -303  1
3797500 2746500 12 16  7  -1.9 1031  79  1.2 0  2.7  83    0    0 197 -302  1
3797500 2746500 12 16  8  -1.9 1031  71  1.1 0  2.7  82    0    0 196 -301  1
3797500 2746500 12 16  9  -1.9 1031  81  1.1 1  2.7  83    0    8 198 -300  1
3797500 2746500 12 16 10  -1.2 1032  81  1.3 2  2.7  82   31   41 204 -301  1
3797500 2746500 12 16 11   0.0 1032  79  1.7 1  2.8  79  100   60 205 -303  1
3797500 2746500 12 16 12   1.0 1033  50  1.7 1  2.8  73  156   63 204 -307  1
3797500 2746500 12 16 13   2.0 1033  67  1.8 1  2.8  68  174   61 206 -310  1
3797500 2746500 12 16 14   2.5 1032  66  2.4 1  2.8  64  155   56 208 -312  1
3797500 2746500 12 16 15   3.0 1032  49  2.7 1  2.7  60   97   47 210 -313  1
3797500 2746500 12 16 16   2.4 1031  50  2.1 2  2.7  60   28   22 215 -312  1
3797500 2746500 12 16 17   1.1 1031  50  1.9 1  2.7  65    0    0 216 -310  1
3797500 2746500 12 16 18   0.9 1031  57  2.6 1  2.8  69    0    0 214 -309  1
3797500 2746500 12 16 19   0.7 1032  58  2.8 2  2.8  70    0    0 220 -308  1
3797500 2746500 12 16 20   0.7 1032  65  2.9 4  2.8  71    0    0 234 -308  1
3797500 2746500 12 16 21   0.6 1032  69  2.9 4  2.8  72    0    0 257 -308  1
3797500 2746500 12 16 22   0.4 1032  71  2.7 4  2.8  73    0    0 260 -307  1
3797500 2746500 12 16 23   0.7 1032 102  2.5 4  3.1  77    0    0 239 -306  1
3797500 2746500 12 16 24   1.3 1032 144  2.3 3  3.5  82    0    0 225 -306  1
3797500 2746500 12 17  1   2.0  985 194  2.2 4  4.0  88    0    0 282 -326  1
3797500 2746500 12 17  2   2.7  986 233  1.9 6  4.4  93    0    0 284 -325  1
3797500 2746500 12 17  3   3.3  987 268  1.9 7  4.7  96    0    0 293 -324  1
3797500 2746500 12 17  4   3.3  988 272  1.8 7  4.7  95    0    0 294 -323  1
3797500 2746500 12 17  5   3.2  989 279  2.1 6  4.6  94    0    0 293 -323  1
3797500 2746500 12 17  6   2.8  990 281  1.6 5  4.5  92    0    0 279 -323  1
3797500 2746500 12 17  7   2.9  991 291  1.9 3  4.4  93    0    0 254 -323  1
3797500 2746500 12 17  8   2.9  992 279  1.2 2  4.4  92    0    0 235 -323  1
3797500 2746500 12 17  9   2.4  993 260  2.3 3  4.2  90    0    7 233 -324  1
3797500 2746500 12 17 10   3.2  995 261  2.2 4  4.1  88   19   48 245 -324  1
3797500 2746500 12 17 11   4.4  995 261  2.4 3  4.2  83   57   91 247 -326  1
3797500 2746500 12 17 12   5.1  996 252  3.1 4  4.4  81   40  112 251 -327  1
3797500 2746500 12 17 13   6.2  997 259  2.9 7  4.5  78    2   81 277 -327  1
3797500 2746500 12 17 14   6.5  997 273  3.3 4  4.6  75   38  102 279 -327  1
3797500 2746500 12 17 15   5.4  997 250  3.3 5  4.5  77   17   68 267 -327  1
3797500 2746500 12 17 16   4.8  998 262  2.3 6  4.6  82    2   20 274 -326  1
3797500 2746500 12 17 17   4.4  998 249  2.7 7  4.5  84    0    0 283 -324  1
3797500 2746500 12 17 18   4.1  999 239  2.9 7  4.3  82    0    0 287 -323  1
3797500 2746500 12 17 19   3.3  999 224  2.8 6  4.1  81    0    0 281 -323  1
3797500 2746500 12 17 20   3.7  999 231  3.1 6  4.0  82    0    0 277 -323  1
3797500 2746500 12 17 21   3.7  999 228  3.7 7  4.2  85    0    0 287 -323  1
3797500 2746500 12 17 22   3.9  999 219  3.7 6  4.3  85    0    0 288 -323  1
3797500 2746500 12 17 23   4.0  999 229  3.9 7  4.3  83    0    0 287 -323  1
3797500 2746500 12 17 24   3.6  998 240  4.1 8  4.3  85    0    0 296 -323  1
3797500 2746500 12 18  1   2.1  998 240  3.6 7  4.2  90    0    0 291 -321  1
3797500 2746500 12 18  2   2.4  999 251  3.2 7  4.2  92    0    0 284 -319  1
3797500 2746500 12 18  3   2.3  999 229  2.9 7  4.3  93    0    0 285 -317  1
3797500 2746500 12 18  4   2.5  999 237  2.7 8  4.3  93    0    0 291 -316  1
3797500 2746500 12 18  5   2.8  999 246  2.7 8  4.4  94    0    0 297 -316  1
3797500 2746500 12 18  6   2.5  999 259  1.7 8  4.4  95    0    0 298 -316  1
3797500 2746500 12 18  7   1.6  999 268  1.1 6  4.2  94    0    0 288 -317  1
3797500 2746500 12 18  8   1.3 1000 247  1.6 5  4.0  93    0    0 271 -318  1
3797500 2746500 12 18  9   1.5 1001 250  0.8 7  4.0  94    0    0 276 -318  1
3797500 2746500 12 18 10   1.8 1001 250  1.4 5  4.1  94    8   42 276 -317  1
3797500 2746500 12 18 11   1.9 1002 235  1.3 4  4.1  93   36   87 257 -317  1
3797500 2746500 12 18 12   3.1 1003 250  2.1 3  4.2  91   62  114 246 -318  1
3797500 2746500 12 18 13   4.2 1003 278  2.3 3  4.3  86   76  119 242 -321  1
3797500 2746500 12 18 14   4.4 1003 278  2.7 2  4.1  79   62  106 238 -321  1
3797500 2746500 12 18 15   4.3 1004 278  2.7 7  4.0  77    4   55 260 -322  1
3797500 2746500 12 18 16   3.8 1004 254  3.7 6  4.1  81    0    4 280 -322  1
3797500 2746500 12 18 17   2.3 1005 277  2.4 7  4.1  87    0    0 277 -321  1
3797500 2746500 12 18 18   1.7 1005 263  1.9 6  4.0  90    0    0 270 -319  1
3797500 2746500 12 18 19   1.5 1006 220  2.6 6  3.9  91    0    0 263 -317  1
3797500 2746500 12 18 20   1.6 1006 231  3.9 6  3.9  92    0    0 265 -317  1
3797500 2746500 12 18 21   1.5 1006 230  3.4 7  3.9  92    0    0 272 -316  1
3797500 2746500 12 18 22   1.8 1007 228  3.0 7  3.9  90    0    0 278 -316  1
3797500 2746500 12 18 23   1.8 1007 240  3.3 7  3.9  89    0    0 279 -316  1
3797500 2746500 12 18 24   1.8 1007 222  3.4 8  3.9  89    0    0 283 -317  1
3797500 2746500 12 19  1   2.0 1008 224  2.9 8  3.9  88    0    0 286 -316  1
3797500 2746500 12 19  2   1.6 1008 224  3.1 8  3.8  88    0    0 285 -316  1
3797500 2746500 12 19  3   1.7 1008 230  3.0 8  3.8  89    0    0 286 -316  1
3797500 2746500 12 19  4   1.7 1008 233  2.6 8  3.8  89    0    0 287 -317  1
3797500 2746500 12 19  5   1.7 1008 248  2.7 7  3.8  89    0    0 284 -317  1
3797500 2746500 12 19  6   1.8 1008 224  3.2 7  3.9  89    0    0 281 -317  1
3797500 2746500 12 19  7   1.6 1009 240  2.8 7  3.9  90    0    0 283 -317  1
3797500 2746500 12 19  8   1.8 1009 239  3.2 7  3.9  91    0    0 285 -316  1
3797500 2746500 12 19  9   1.9 1010 241  3.3 7  4.0  91    0    3 287 -316  1
3797500 2746500 12 19 10   1.9 1010 241  3.0 7  4.0  92    0   17 289 -316  1
3797500 2746500 12 19 11   2.1 1011 234  2.4 7  4.1  93    0   50 290 -317  1
3797500 2746500 12 19 12   2.1 1011 222  2.6 8  4.1  93    0   40 294 -318  1
3797500 2746500 12 19 13   2.4 1011 230  2.8 6  4.1  93    0   53 288 -319  1
3797500 2746500 12 19 14   2.7 1011 211  2.3 6  4.1  91    7   68 275 -320  1
3797500 2746500 12 19 15   3.0 1011 219  2.9 6  4.1  89   36   40 275 -319  1
3797500 2746500 12 19 16   2.9 1010 220  3.2 7  4.1  87   21   13 279 -317  1
3797500 2746500 12 19 17   2.8 1010 220  2.9 7  4.0  86    0    0 284 -316  1
3797500 2746500 12 19 18   2.6 1010 200  3.0 7  3.9  85    0    0 284 -315  1
3797500 2746500 12 19 19   2.6 1010 203  3.0 7  3.8  83    0    0 284 -314  1
3797500 2746500 12 19 20   2.7 1009 203  3.5 7  3.7  80    0    0 285 -313  1
3797500 2746500 12 19 21   2.6 1009 213  3.7 8  3.6  78    0    0 293 -314  1
3797500 2746500 12 19 22   2.5 1008 214  3.5 8  3.6  78    0    0 300 -315  1
3797500 2746500 12 19 23   1.0 1007 186  3.0 8  3.6  83    0    0 302 -315  1
3797500 2746500 12 19 24   1.1 1006 176  4.0 8  3.7  90    0    0 303 -316  1
3797500 2746500 12 20  1   0.9 1005 175  5.0 7  3.8  91    0    0 301 -316  1
3797500 2746500 12 20  2   0.7 1004 175  4.6 7  3.8  93    0    0 299 -316  1
3797500 2746500 12 20  3   0.7 1003 175  5.2 7  3.7  93    0    0 300 -316  1
3797500 2746500 12 20  4   0.7 1002 182  4.8 8  3.8  94    0    0 307 -316  1
3797500 2746500 12 20  5   0.8 1001 181  4.2 8  3.8  95    0    0 314 -316  1
3797500 2746500 12 20  6   0.9 1000 177  3.5 8  3.9  96    0    0 315 -316  1
3797500 2746500 12 20  7   1.2  999 177  3.1 8  3.9  95    0    0 317 -318  1
3797500 2746500 12 20  8   1.4  999 197  2.9 7  4.0  94    0    0 315 -321  1
3797500 2746500 12 20  9   1.6  999 187  2.2 8  4.0  94    0    1 316 -326  1
3797500 2746500 12 20 10   1.7  999 188  2.1 7  4.1  95    0   21 317 -329  1
3797500 2746500 12 20 11   2.7  999 208  2.0 8  4.3  95    0   20 317 -332  1
3797500 2746500 12 20 12   3.3 1000 255  1.7 8  4.5  94    0   32 321 -334  1
3797500 2746500 12 20 13   4.2 1000 242  1.7 8  4.8  95    0   73 321 -335  1
3797500 2746500 12 20 14   4.5 1000 250  1.8 7  5.0  94    3   77 314 -336  1
3797500 2746500 12 20 15   5.2 1001 245  1.8 5  5.1  94    8   65 289 -335  1
3797500 2746500 12 20 16   5.5 1001 257  2.1 8  5.2  93    2   23 295 -334  1
3797500 2746500 12 20 17   5.5 1002 251  3.1 8  5.1  89    0    0 318 -332  1
3797500 2746500 12 20 18   5.4 1003 260  3.7 7  4.8  86    0    0 306 -328  1
3797500 2746500 12 20 19   5.6 1004 269  2.7 8  4.8  85    0    0 303 -326  1
3797500 2746500 12 20 20   5.6 1005 268  2.9 8  4.8  85    0    0 308 -325  1
3797500 2746500 12 20 21   5.6 1006 279  2.8 8  4.8  84    0    0 306 -323  1
3797500 2746500 12 20 22   5.1 1006 267  2.5 7  4.7  84    0    0 297 -322  1
3797500 2746500 12 20 23   5.0 1007 268  2.8 7  4.6  84    0    0 292 -321  1
3797500 2746500 12 20 24   4.7 1008 249  2.3 7  4.5  84    0    0 293 -320  1
3797500 2746500 12 21  1   4.3 1008 260  2.1 8  4.5  85    0    0 299 -320  1
3797500 2746500 12 21  2   4.5 1008 252  1.9 8  4.5  86    0    0 308 -320  1
3797500 2746500 12 21  3   4.3 1009 249  2.6 8  4.5  86    0    0 310 -321  1
3797500 2746500 12 21  4   4.5 1009 250  2.9 8  4.5  87    0    0 312 -322  1
3797500 2746500 12 21  5   4.4 1009 241  2.7 8  4.5  87    0    0 314 -323  1
3797500 2746500 12 21  6   3.9 1009 227  2.1 7  4.5  88    0    0 307 -323  1
3797500 2746500 12 21  7   3.7 1009 227  2.1 8  4.5  90    0    0 307 -323  1
3797500 2746500 12 21  8   3.9 1009 229  2.2 7  4.5  90    0    0 308 -323  1
3797500 2746500 12 21  9   4.0 1009 233  2.3 8  4.5  89    0    1 310 -323  1
3797500 2746500 12 21 10   4.3 1010 235  2.8 8  4.6  90    0   23 319 -324  1
3797500 2746500 12 21 11   4.5 1010 240  3.2 8  4.7  91    0   21 321 -325  1
3797500 2746500 12 21 12   4.6 1010 231  2.6 8  4.9  94    0   32 323 -327  1
3797500 2746500 12 21 13   4.8 1010 226  2.5 6  5.0  94    0   58 312 -329  1
3797500 2746500 12 21 14   4.8 1010 241  2.3 6  5.0  94    0   60 301 -331  1
3797500 2746500 12 21 15   5.1 1010 244  2.1 8  5.1  93    0   26 312 -333  1
3797500 2746500 12 21 16   5.1 1010 239  2.1 7  5.1  92    0   18 319 -333  1
3797500 2746500 12 21 17   5.1 1010 232  1.1 7  5.1  93    0    0 313 -332  1
3797500 2746500 12 21 18   5.1 1011 234  1.4 8  5.1  93    0    0 319 -331  1
3797500 2746500 12 21 19   5.1 1011 240  1.0 8  5.1  93    0    0 325 -330  1
3797500 2746500 12 21 20   4.9 1012 222  0.9 8  5.1  94    0    0 322 -328  1
3797500 2746500 12 21 21   5.0 1012 241  1.3 8  5.1  95    0    0 321 -328  1
3797500 2746500 12 21 22   4.8 1013 231  1.4 8  5.1  95    0    0 321 -328  1
3797500 2746500 12 21 23   5.0 1013 221  1.6 7  5.1  96    0    0 316 -328  1
3797500 2746500 12 21 24   5.1 1013 213  1.3 7  5.2  95    0    0 312 -328  1
3797500 2746500 12 22  1   5.0 1013 204  1.6 8  5.2  95    0    0 319 -329  1
3797500 2746500 12 22  2   5.0 1014 184  1.4 8  5.2  95    0    0 325 -330  1
3797500 2746500 12 22  3   5.1 1014 203  1.9 8  5.2  95    0    0 326 -331  1
3797500 2746500 12 22  4   5.3 1014 203  2.3 8  5.2  95    0    0 328 -332  1
3797500 2746500 12 22  5   5.4 1014 201  2.5 8  5.3  95    0    0 330 -333  1
3797500 2746500 12 22  6   5.5 1013 200  2.6 7  5.3  95    0    0 327 -334  1
3797500 2746500 12 22  7   5.9 1013 198  3.1 8  5.4  96    0    0 329 -336  1
3797500 2746500 12 22  8   6.0 1013 209  2.9 8  5.5  95    0    0 337 -339  1
3797500 2746500 12 22  9   6.5 1013 211  3.0 8  5.7  96    0    0 340 -343  1
3797500 2746500 12 22 10   7.2 1013 208  2.5 8  5.9  96    0    9 344 -346  1
3797500 2746500 12 22 11   8.3 1013 240  2.8 8  6.3  95    0   14 348 -348  1
3797500 2746500 12 22 12   9.0 1013 268  2.2 8  6.7  96    0   22 351 -350  1
3797500 2746500 12 22 13   9.2 1014 276  2.2 8  6.9  96    0   24 354 -352  1
3797500 2746500 12 22 14   9.4 1014 286  2.2 8  7.0  96    0   33 355 -353  1
3797500 2746500 12 22 15   9.5 1014 285  2.8 8  7.1  96    0   25 355 -353  1
3797500 2746500 12 22 16   9.5 1014 278  2.2 8  7.1  96    0   18 355 -354  1
3797500 2746500 12 22 17   9.5 1015 268  2.0 8  7.1  96    0    0 354 -354  1
3797500 2746500 12 22 18   9.5 1015 267  1.7 8  7.0  94    0    0 354 -354  1
3797500 2746500 12 22 19   9.5 1015 269  1.8 8  6.9  94    0    0 354 -354  1
3797500 2746500 12 22 20   9.4 1016 278  1.8 8  6.9  94    0    0 354 -354  1
3797500 2746500 12 22 21   9.4 1016 269  2.0 8  6.9  94    0    0 354 -353  1
3797500 2746500 12 22 22   9.3 1017 260  2.8 8  6.9  94    0    0 354 -353  1
3797500 2746500 12 22 23   9.3 1017 240  2.3 8  6.9  94    0    0 354 -352  1
3797500 2746500 12 22 24   9.3 1017 243  3.1 8  6.8  94    0    0 353 -352  1
3797500 2746500 12 23  1   9.1 1017 240  2.5 8  6.9  95    0    0 353 -351  1
3797500 2746500 12 23  2   9.1 1017 241  3.2 8  6.9  97    0    0 353 -351  1
3797500 2746500 12 23  3   9.2 1017 238  3.6 8  6.9  96    0    0 353 -350  1
3797500 2746500 12 23  4   9.0 1017 231  2.6 7  6.8  95    0    0 347 -349  1
3797500 2746500 12 23  5   9.1 1017 221  3.6 7  6.8  95    0    0 342 -349  1
3797500 2746500 12 23  6   9.1 1016 230  3.1 8  6.7  94    0    0 347 -349  1
3797500 2746500 12 23  7   9.1 1016 221  3.1 8  6.7  93    0    0 353 -349  1
3797500 2746500 12 23  8   9.0 1016 239  2.9 8  6.6  92    0    0 352 -350  1
3797500 2746500 12 23  9   9.0 1015 227  2.8 7  6.6  92    0    0 347 -351  1
3797500 2746500 12 23 10   9.0 1015 219  3.0 8  6.7  93    0   13 346 -352  1
3797500 2746500 12 23 11   9.2 1015 229  2.9 8  6.7  93    0   20 353 -353  1
3797500 2746500 12 23 12   9.2 1015 230  2.7 8  6.8  94    0   27 352 -354  1
3797500 2746500 12 23 13   9.4 1014 219  3.2 7  6.8  93    0   34 347 -356  1
3797500 2746500 12 23 14   9.7 1013 229  2.7 6  6.8  92    0   46 337 -357  1
3797500 2746500 12 23 15   9.6 1012 220  3.1 5  6.8  91    2   52 327 -358  1
3797500 2746500 12 23 16   9.4 1011 219  3.7 7  6.7  90    0   17 333 -358  1
3797500 2746500 12 23 17   9.3 1011 220  3.6 8  6.6  90    0    0 347 -357  1
3797500 2746500 12 23 18   9.1 1010 219  4.0 8  6.5  89    0    0 352 -357  1
3797500 2746500 12 23 19   8.9 1009 208  3.6 8  6.3  88    0    0 350 -356  1
3797500 2746500 12 23 20   8.4 1008 207  4.6 8  6.2  88    0    0 349 -355  1
3797500 2746500 12 23 21   8.1 1007 199  4.6 8  6.0  88    0    0 348 -354  1
3797500 2746500 12 23 22   8.2 1007 190  3.8 7  5.7  84    0    0 340 -353  1
3797500 2746500 12 23 23   7.9 1005 176  3.6 8  5.7  84    0    0 337 -352  1
3797500 2746500 12 23 24   7.4 1004 192  3.5 8  5.8  88    0    0 338 -348  1
3797500 2746500 12 24  1   7.5 1003 194  4.6 8  5.9  91    0    0 334 -345  1
3797500 2746500 12 24  2   7.9 1002 202  4.1 8  5.9  90    0    0 331 -342  1
3797500 2746500 12 24  3   6.4 1001 247  6.9 8  5.7  90    0    0 328 -338  1
3797500 2746500 12 24  4   5.7 1002 266  5.7 8  5.3  90    0    0 323 -335  1
3797500 2746500 12 24  5   5.5 1004 285  5.6 8  5.1  88    0    0 320 -334  1
3797500 2746500 12 24  6   5.3 1006 310  6.1 8  5.0  88    0    0 317 -335  1
3797500 2746500 12 24  7   5.2 1008 304  5.8 8  5.0  90    0    0 313 -334  1
3797500 2746500 12 24  8   5.2 1010 300  4.5 8  4.9  89    0    0 310 -333  1
3797500 2746500 12 24  9   5.1 1012 287  4.0 6  4.8  88    0    3 296 -332  1
3797500 2746500 12 24 10   5.4 1014 282  4.3 6  4.8  87    6   32 285 -332  1
3797500 2746500 12 24 11   5.8 1016 288  3.9 6  4.7  84   13   63 287 -333  1
3797500 2746500 12 24 12   6.3 1018 294  5.0 4  4.7  82   86   63 280 -334  1
3797500 2746500 12 24 13   6.6 1019 279  3.4 6  4.8  80   12   86 282 -336  1
3797500 2746500 12 24 14   6.8 1019 281  2.9 7  4.8  79    9   73 295 -338  1
3797500 2746500 12 24 15   6.8 1020 290  3.3 7  4.7  76   10   53 295 -338  1
3797500 2746500 12 24 16   6.6 1020 261  2.9 5  4.6  76    0    9 284 -335  1
3797500 2746500 12 24 17   5.7 1021 260  3.3 4  4.5  78    0    0 268 -331  1
3797500 2746500 12 24 18   5.0 1022 239  3.0 3  4.4  80    0    0 257 -330  1
3797500 2746500 12 24 19   4.9 1022 229  3.1 5  4.4  83    0    0 260 -329  1
3797500 2746500 12 24 20   4.8 1022 233  3.6 6  4.5  84    0    0 272 -329  1
3797500 2746500 12 24 21   4.9 1023 230  4.0 7  4.5  85    0    0 283 -327  1
3797500 2746500 12 24 22   5.0 1023 231  3.6 7  4.6  86    0    0 290 -324  1
3797500 2746500 12 24 23   5.3 1023 222  4.1 7  4.6  85    0    0 294 -323  1
3797500 2746500 12 24 24   5.1 1023 212  3.7 6  4.6  85    0    0 292 -322  1
3797500 2746500 12 25  1   5.0 1022 212  3.5 7  4.6  86    0    0 294 -323  1
3797500 2746500 12 25  2   5.7 1022 218  4.6 7  4.7  85    0    0 302 -324  1
3797500 2746500 12 25  3   5.8 1022 220  4.1 7  4.7  83    0    0 306 -326  1
3797500 2746500 12 25  4   6.3 1022 231  4.2 7  4.8  83    0    0 310 -328  1
3797500 2746500 12 25  5   6.5 1021 229  4.5 8  4.9  83    0    0 317 -329  1
3797500 2746500 12 25  6   6.6 1021 228  3.9 8  5.0  83    0    0 324 -330  1
3797500 2746500 12 25  7   6.5 1021 220  4.6 8  5.1  85    0    0 326 -330  1
3797500 2746500 12 25  8   6.6 1021 230  4.5 8  5.2  86    0    0 328 -331  1
3797500 2746500 12 25  9   6.5 1021 231  3.8 8  5.3  89    0    0 329 -332  1
3797500 2746500 12 25 10   6.8 1022 222  4.2 8  5.5  91    0   13 331 -333  1
3797500 2746500 12 25 11   7.1 1023 230  4.4 6  5.7  93    1   51 325 -335  1
3797500 2746500 12 25 12   7.2 1023 220  4.5 7  5.8  94    0   55 322 -336  1
3797500 2746500 12 25 13   7.4 1023 230  4.1 8  5.9  94    0   31 330 -338  1
3797500 2746500 12 25 14   7.8 1023 222  4.8 8  6.1  94    0   29 334 -340  1
3797500 2746500 12 25 15   7.9 1022 230  4.1 8  6.1  94    0   19 335 -341  1
3797500 2746500 12 25 16   8.1 1023 221  4.1 8  6.2  94    0   10 335 -342  1
3797500 2746500 12 25 17   8.2 1023 221  3.9 7  6.3  94    0    0 330 -340  1
3797500 2746500 12 25 18   8.5 1024 209  4.3 7  6.4  94    0    0 325 -338  1
3797500 2746500 12 25 19   8.8 1024 219  4.5 8  6.4  92    0    0 330 -336  1
3797500 2746500 12 25 20   9.1 1024 220  4.2 8  6.4  90    0    0 337 -336  1
3797500 2746500 12 25 21   9.2 1024 220  3.9 8  6.3  88    0    0 338 -336  1
3797500 2746500 12 25 22   9.3 1025 222  4.6 8  6.3  88    0    0 340 -337  1
3797500 2746500 12 25 23   9.4 1025 227  4.7 8  6.3  87    0    0 342 -338  1
3797500 2746500 12 25 24   9.0 1026 221  4.9 8  6.4  89    0    0 343 -338  1
3797500 2746500 12 26  1   9.1 1026 231  4.9 8  6.4  91    0    0 343 -339  1
3797500 2746500 12 26  2   9.0 1026 222  4.8 8  6.5  92    0    0 344 -340  1
3797500 2746500 12 26  3   9.1 1026 228  4.2 8  6.6  92    0    0 345 -341  1
3797500 2746500 12 26  4   8.9 1026 220  5.2 8  6.6  93    0    0 346 -341  1
3797500 2746500 12 26  5   8.8 1026 230  3.6 8  6.6  95    0    0 347 -341  1
3797500 2746500 12 26  6   8.8 1026 231  3.5 8  6.7  96    0    0 348 -341  1
3797500 2746500 12 26  7   9.1 1026 232  3.8 8  6.8  96    0    0 348 -341  1
3797500 2746500 12 26  8   9.0 1026 232  3.7 8  6.9  97    0    0 349 -341  1
3797500 2746500 12 26  9   9.2 1027 223  4.2 8  6.9  97    0    0 350 -341  1
3797500 2746500 12 26 10   9.2 1027 232  4.1 8  6.9  97    0   16 351 -340  1
3797500 2746500 12 26 11   9.3 1028 220  4.6 7  7.1  98    0   39 345 -340  1
3797500 2746500 12 26 12   9.6 1028 232  4.4 7  7.2  99    0   46 341 -341  1
3797500 2746500 12 26 13   9.6 1028 223  4.3 7  7.2  98    0   48 340 -342  1
3797500 2746500 12 26 14   9.5 1028 233  4.0 7  7.2  99    0   45 339 -343  1
3797500 2746500 12 26 15   9.7 1028 234  4.1 7  7.2  98    0   30 339 -344  1
3797500 2746500 12 26 16   9.7 1028 234  3.8 8  7.2  97    0   10 344 -343  1
3797500 2746500 12 26 17   9.7 1028 236  3.2 8  7.1  96    0    0 349 -342  1
3797500 2746500 12 26 18   9.7 1029 244  3.4 8  7.1  96    0    0 349 -340  1
3797500 2746500 12 26 19   9.7 1029 233  3.2 7  7.1  96    0    0 344 -337  1
3797500 2746500 12 26 20   9.8 1029 232  3.1 7  7.1  96    0    0 338 -334  1
3797500 2746500 12 26 21   9.8 1029 227  3.2 7  7.1  95    0    0 337 -330  1
3797500 2746500 12 26 22   9.8 1029 226  3.2 7  7.1  95    0    0 335 -328  1
3797500 2746500 12 26 23   9.3 1029 228  3.6 8  6.8  94    0    0 337 -327  1
3797500 2746500 12 26 24   8.4 1029 232  3.6 8  6.5  93    0    0 339 -326  1
3797500 2746500 12 27  1   7.4  994 235  3.7 8  6.0  92    0    0 313 -345  1
3797500 2746500 12 27  2   6.6  995 237  3.6 8  5.6  91    0    0 330 -344  1
3797500 2746500 12 27  3   6.0  995 239  3.6 8  5.4  91    0    0 330 -342  1
3797500 2746500 12 27  4   6.1  996 239  3.6 8  5.4  91    0    0 329 -340  1
3797500 2746500 12 27  5   6.3  996 246  3.8 8  5.4  90    0    0 321 -339  1
3797500 2746500 12 27  6   6.5  997 246  4.2 8  5.5  90    0    0 321 -338  1
3797500 2746500 12 27  7   6.7  997 263  3.8 7  5.5  89    0    0 322 -338  1
3797500 2746500 12 27  8   6.4  998 239  3.9 8  5.4  88    0    0 322 -338  1
3797500 2746500 12 27  9   6.3  998 260  3.9 8  5.4  88    0    0 329 -337  1
3797500 2746500 12 27 10   6.1  999 231  4.6 8  5.3  89    0   19 328 -337  1
3797500 2746500 12 27 11   6.2 1000 232  4.4 7  5.4  90    0   38 323 -337  1
3797500 2746500 12 27 12   6.6 1000 230  4.5 8  5.4  90    0   46 324 -338  1
3797500 2746500 12 27 13   7.1 1000 242  4.2 6  5.5  88    1   72 320 -339  1
3797500 2746500 12 27 14   7.4 1000 231  3.9 7  5.5  86    1   65 318 -341  1
3797500 2746500 12 27 15   7.4 1000 239  3.6 7  5.5  84    0   45 322 -342  1
3797500 2746500 12 27 16   7.4 1000 234  3.9 8  5.4  84    0   15 325 -342  1
3797500 2746500 12 27 17   7.2 1000 239  3.4 7  5.4  84    0    0 323 -341  1
3797500 2746500 12 27 18   6.9 1000 248  3.6 7  5.5  86    0    0 316 -341  1
3797500 2746500 12 27 19   5.8 1001 201  1.9 8  5.3  88    0    0 318 -341  1
3797500 2746500 12 27 20   6.2 1001 215  3.1 8  5.3  90    0    0 321 -341  1
3797500 2746500 12 27 21   5.9 1001 231  2.8 7  5.2  88    0    0 315 -341  1
3797500 2746500 12 27 22   5.8 1001 223  3.6 7  5.0  86    0    0 307 -340  1
3797500 2746500 12 27 23   5.6 1002 210  1.6 7  5.0  87    0    0 307 -340  1
3797500 2746500 12 27 24   5.4 1002 192  2.4 8  5.1  89    0    0 313 -340  1
3797500 2746500 12 28  1   5.4 1002 212  2.8 8  5.1  90    0    0 318 -339  1
3797500 2746500 12 28  2   5.4 1002 211  2.5 7  5.1  91    0    0 313 -339  1
3797500 2746500 12 28  3   5.3 1002 211  2.3 7  5.1  91    0    0 306 -339  1
3797500 2746500 12 28  4   5.3 1002 235  2.8 7  5.1  91    0    0 308 -338  1
3797500 2746500 12 28  5   5.4 1002 252  2.7 7  5.1  91    0    0 308 -338  1
3797500 2746500 12 28  6   5.4 1002 252  2.5 8  5.2  91    0    0 315 -337  1
3797500 2746500 12 28  7   5.3 1002 253  2.5 8  5.1  91    0    0 320 -337  1
3797500 2746500 12 28  8   5.2 1003 247  2.8 7  5.1  91    0    0 310 -337  1
3797500 2746500 12 28  9   5.2 1003 254  3.5 7  5.1  92    0    0 301 -337  1
3797500 2746500 12 28 10   5.2 1004 258  3.1 8  5.1  92    8   31 309 -337  1
3797500 2746500 12 28 11   5.0 1004 245  3.3 7  5.1  92    7   55 308 -338  1
3797500 2746500 12 28 12   5.3 1005 231  3.7 8  5.1  92    0   47 307 -339  1
3797500 2746500 12 28 13   5.7 1005 236  3.3 8  5.0  89    0   29 313 -341  1
3797500 2746500 12 28 14   6.0 1004 229  3.1 8  5.0  87    0   36 312 -341  1
3797500 2746500 12 28 15   6.1 1004 228  3.7 8  5.0  85    0   30 311 -340  1
3797500 2746500 12 28 16   6.1 1004 229  4.1 7  4.9  82    0   11 304 -338  1
3797500 2746500 12 28 17   5.3 1004 221  4.4 7  4.7  82    0    2 295 -336  1
3797500 2746500 12 28 18   4.5 1004 211  2.9 6  4.6  84    0    0 288 -334  1
3797500 2746500 12 28 19   5.1 1003 202  4.8 6  4.5  83    0    0 283 -333  1
3797500 2746500 12 28 20   5.2 1003 201  5.4 7  4.5  81    0    0 290 -332  1
3797500 2746500 12 28 21   5.5 1003 202  5.7 7  4.4  79    0    0 297 -332  1
3797500 2746500 12 28 22   5.2 1002 211  5.7 8  4.5  81    0    0 303 -332  1
3797500 2746500 12 28 23   5.1 1002 210  6.4 8  4.7  85    0    0 308 -332  1
3797500 2746500 12 28 24   4.5 1001 219  7.4 8  4.7  88    0    0 308 -332  1
3797500 2746500 12 29  1   4.0 1000 219  6.2 8  4.7  89    0    0 306 -332  1
3797500 2746500 12 29  2   3.9 1000 210  5.3 7  4.6  91    0    0 302 -333  1
3797500 2746500 12 29  3   4.2 1000 230  5.6 7  4.7  91    0    0 300 -333  1
3797500 2746500 12 29  4   4.5 1000 231  4.6 6  4.8  91    0    0 298 -333  1
3797500 2746500 12 29  5   4.3 1000 223  4.8 6  4.8  91    0    0 294 -333  1
3797500 2746500 12 29  6   4.0 1000 233  4.1 6  4.8  92    0    0 293 -332  1
3797500 2746500 12 29  7   3.6 1000 233  3.5 5  4.7  93    0    0 287 -332  1
3797500 2746500 12 29  8   3.6 1000 224  3.3 6  4.7  94    0    0 286 -332  1
3797500 2746500 12 29  9   2.8 1001 223  3.3 6  4.7  97    0    0 291 -332  1
3797500 2746500 12 29 10   3.6 1001 233  3.0 6  4.7  98    2   35 291 -333  1
3797500 2746500 12 29 11   4.3 1002 232  2.6 5  4.8  94   13   88 289 -334  1
3797500 2746500 12 29 12   4.9 1003 232  2.8 4  5.0  93   25  104 283 -335  1
3797500 2746500 12 29 13   5.1 1003 233  3.0 7  5.1  92    1   71 293 -337  1
3797500 2746500 12 29 14   5.4 1003 251  3.2 8  5.0  90    0   46 310 -338  1
3797500 2746500 12 29 15   6.0 1003 250  2.5 6  5.0  86    5   68 307 -338  1
3797500 2746500 12 29 16   5.8 1003 233  2.6 6  5.0  85    9   39 298 -338  1
3797500 2746500 12 29 17   5.5 1003 216  3.0 7  5.0  87    0    4 302 -338  1
3797500 2746500 12 29 18   5.6 1004 227  2.6 7  5.0  88    0    0 306 -337  1
3797500 2746500 12 29 19   5.5 1004 215  3.7 7  5.1  89    0    0 306 -337  1
3797500 2746500 12 29 20   5.3 1004 216  2.3 8  5.1  90    0    0 310 -337  1
3797500 2746500 12 29 21   5.5 1005 225  2.0 8  5.1  91    0    0 316 -337  1
3797500 2746500 12 29 22   5.5 1005 216  2.7 8  5.1  89    0    0 318 -337  1
3797500 2746500 12 29 23   5.3 1005 206  3.3 8  5.0  88    0    0 317 -336  1
3797500 2746500 12 29 24   5.2 1005 213  2.4 6  4.9  88    0    0 305 -335  1
3797500 2746500 12 30  1   4.9 1005 193  2.6 7  4.8  88    0    0 297 -334  1
3797500 2746500 12 30  2   4.7 1005 194  2.9 7  4.7  87    0    0 303 -333  1
3797500 2746500 12 30  3   4.1 1005 184  3.3 7  4.5  87    0    0 302 -334  1
3797500 2746500 12 30  4   3.9 1005 173  3.2 3  4.4  87    0    0 272 -334  1
3797500 2746500 12 30  5   3.9 1006 194  1.9 3  4.5  88    0    0 242 -333  1
3797500 2746500 12 30  6   3.4 1005 173  2.3 6  4.4  90    0    0 263 -333  1
3797500 2746500 12 30  7   3.5 1005 155  3.0 5  4.3  89    0    0 278 -334  1
3797500 2746500 12 30  8   3.8 1005 156  2.9 6  4.3  87    0    0 280 -334  1
3797500 2746500 12 30  9   4.1 1004 155  2.7 7  4.3  85    0    0 298 -335  1
3797500 2746500 12 30 10   4.4 1004 146  3.0 7  4.3  84    7   37 308 -336  1
3797500 2746500 12 30 11   5.0 1004 165  3.6 4  4.3  81   35   84 286 -338  1
3797500 2746500 12 30 12   6.1 1004 176  4.1 3  4.3  76   90   94 255 -341  1
3797500 2746500 12 30 13   6.9 1004 176  4.3 3  4.3  71  103  101 247 -344  1
3797500 2746500 12 30 14   6.8 1003 174  3.4 5  4.3  69   47   92 266 -346  1
3797500 2746500 12 30 15   7.1 1003 175  3.6 6  4.3  69    7   65 296 -347  1
3797500 2746500 12 30 16   6.8 1002 164  4.9 7  4.3  69    3   25 317 -347  1
3797500 2746500 12 30 17   6.4 1002 164  5.8 5  4.3  70    0    1 308 -346  1
3797500 2746500 12 30 18   6.5 1002 162  6.2 5  4.2  70    0    0 294 -345  1
3797500 2746500 12 30 19   6.8 1002 164  5.4 7  4.2  69    0    0 313 -346  1
3797500 2746500 12 30 20   6.9 1002 163  4.8 7  4.3  69    0    0 330 -347  1
3797500 2746500 12 30 21   6.7 1001 164  5.5 6  4.3  70    0    0 324 -348  1
3797500 2746500 12 30 22   7.0 1001 163  5.9 6  4.3  69    0    0 318 -349  1
3797500 2746500 12 30 23   7.0 1000 172  6.1 7  4.3  68    0    0 324 -349  1
3797500 2746500 12 30 24   6.7 1000 172  5.2 5  4.3  70    0    0 316 -350  1
3797500 2746500 12 31  1   6.4 1000 181  5.1 7  4.4  72    0    0 315 -349  1
3797500 2746500 12 31  2   6.5 1000 166  4.7 7  4.4  73    0    0 324 -349  1
3797500 2746500 12 31  3   6.9  999 173  5.1 8  4.6  75    0    0 330 -349  1
3797500 2746500 12 31  4   6.6  999 163  5.6 8  4.8  77    0    0 334 -348  1
3797500 2746500 12 31  5   6.9  999 171  5.3 8  4.9  79    0    0 332 -347  1
3797500 2746500 12 31  6   7.3  998 172  5.5 7  5.1  80    0    0 327 -345  1
3797500 2746500 12 31  7   7.6  998 172  5.9 5  5.2  80    0    0 311 -344  1
3797500 2746500 12 31  8   8.1  998 171  5.4 7  5.3  79    0    0 311 -344  1
3797500 2746500 12 31  9   8.4  998 174  6.6 7  5.4  78    0    0 320 -344  1
3797500 2746500 12 31 10   8.1  998 174  6.5 8  5.6  81    0   14 324 -345  1
3797500 2746500 12 31 11   8.9  998 185  6.9 8  5.9  83    0   25 330 -347  1
3797500 2746500 12 31 12   9.3  998 182  6.4 8  6.0  82    0   63 330 -350  1
3797500 2746500 12 31 13   9.4  999 180  5.2 8  6.0  81    0   54 331 -353  1
3797500 2746500 12 31 14   9.3  999 180  5.2 8  6.2  83    0   35 332 -356  1
3797500 2746500 12 31 15   9.3  999 194  4.4 8  6.3  86    0   20 334 -356  1
3797500 2746500 12 31 16   9.1  999 193  4.0 7  6.4  88    0    9 331 -356  1
3797500 2746500 12 31 17   8.9 1000 193  3.3 8  6.5  90    0    0 332 -355  1
3797500 2746500 12 31 18   8.7 1000 193  3.4 8  6.6  92    0    0 337 -353  1
3797500 2746500 12 31 19   8.8 1001 192  2.6 8  6.7  93    0    0 338 -353  1
3797500 2746500 12 31 20   8.8 1001 208  2.2 8  6.7  93    0    0 339 -354  1
3797500 2746500 12 31 21   8.7 1002 214  1.9 8  6.7  93    0    0 339 -354  1
3797500 2746500 12 31 22   8.5 1003 218  1.7 8  6.6  94    0    0 340 -353  1
3797500 2746500 12 31 23   7.2 1003 207  2.3 8  6.0  90    0    0 338 -353  1
3797500 2746500 12 31 24   5.6 1004 192  3.2 8  5.2  86    0    0 337 -353  1
