Support_Year;Cluster;Timestep;to_network_kW;from_network_kW;to_main_grid_kW;from_main_grid_kW;to_grid_kW;from_grid_kW
0;0;0;0.0;0.0;0.0;147.77;0.0;147.77
0;0;1;0.0;0.0;0.0;495.543;0.0;495.543
0;0;2;0.0;0.0;0.0;240.546;0.0;240.546
0;0;3;0.0;0.0;0.0;412.002;0.0;412.002
0;0;4;0.0;0.0;0.0;420.26;0.0;420.26
0;0;5;0.0;0.0;0.0;425.258;0.0;425.258
0;0;6;0.0;0.0;0.0;449.948;0.0;449.948
0;0;7;0.0;0.0;0.0;705.361;0.0;705.361
0;0;8;0.0;0.0;0.0;695.765;0.0;695.765
0;0;9;0.0;297.248;0.0;281.625;0.0;578.872
0;0;10;0.0;357.846;0.0;212.262;0.0;570.108
0;0;11;0.0;0.0;0.0;546.623;0.0;546.623
0;0;12;0.0;236.288;0.0;263.107;0.0;499.396
0;0;13;0.0;0.0;0.0;642.889;0.0;642.889
0;0;14;0.0;0.0;0.0;392.271;0.0;392.271
0;0;15;0.0;218.645;0.0;267.336;0.0;485.98
0;0;16;0.0;0.0;0.0;468.326;0.0;468.326
0;0;17;0.0;0.0;0.0;563.912;0.0;563.912
0;0;18;0.0;0.0;0.0;759.545;0.0;759.545
0;0;19;0.0;0.0;0.0;444.103;0.0;444.103
0;0;20;0.0;0.0;0.0;614.892;0.0;614.892
0;0;21;0.0;0.0;0.0;539.336;0.0;539.336
0;0;22;0.0;0.0;0.0;529.213;0.0;529.213
0;0;23;0.0;0.0;0.0;522.236;0.0;522.236
0;0;24;0.0;0.0;0.0;148.336;0.0;148.336
0;0;25;0.0;0.0;0.0;147.39;0.0;147.39
0;0;26;0.0;0.0;0.0;408.9;0.0;408.9
0;0;27;0.0;0.0;0.0;501.707;0.0;501.707
0;0;28;0.0;0.0;0.0;503.778;0.0;503.778
0;0;29;0.0;0.0;0.0;509.136;0.0;509.136
0;0;30;0.0;0.0;0.0;277.185;0.0;277.185
0;0;31;0.0;0.0;0.0;744.896;0.0;744.896
0;0;32;0.0;0.0;0.0;734.104;0.0;734.104
0;0;33;0.0;239.152;0.0;373.974;0.0;613.126
0;0;34;0.0;447.088;0.0;147.539;0.0;594.626
0;0;35;0.0;435.356;0.0;121.71;0.0;557.066
0;0;36;0.0;275.045;0.0;274.936;0.0;549.981
0;0;37;0.0;510.887;0.0;0.0;0.0;510.887
0;0;38;0.0;629.885;0.0;0.0;0.0;629.885
0;0;39;0.0;508.578;0.0;0.0;0.0;508.578
0;0;40;0.0;227.881;0.0;432.604;0.0;660.485
0;0;41;0.0;0.0;0.0;705.334;0.0;705.334
0;0;42;0.0;0.0;0.0;754.597;0.0;754.597
0;0;43;0.0;0.0;0.0;787.155;0.0;787.155
0;0;44;0.0;0.0;0.0;671.929;0.0;671.929
0;0;45;0.0;0.0;0.0;217.236;0.0;217.236
0;0;46;0.0;0.0;0.0;248.336;0.0;248.336
0;0;47;0.0;0.0;0.0;180.544;0.0;180.544
0;0;48;0.0;0.0;0.0;146.92;0.0;146.92
0;0;49;0.0;0.0;0.0;149.82;0.0;149.82
0;0;50;0.0;0.0;0.0;150.462;0.0;150.462
0;0;51;0.0;0.0;0.0;144.922;0.0;144.922
0;0;52;0.0;0.0;0.0;147.904;0.0;147.904
0;0;53;0.0;0.0;0.0;244.263;0.0;244.263
0;0;54;0.0;0.0;0.0;260.08;0.0;260.08
0;0;55;0.0;0.0;0.0;536.619;0.0;536.619
0;0;56;0.0;0.0;0.0;534.561;0.0;534.561
0;0;57;0.0;0.0;0.0;435.777;0.0;435.777
0;0;58;0.0;289.412;0.0;122.331;0.0;411.743
0;0;59;0.0;407.523;0.0;0.0;0.0;407.523
0;0;60;0.0;4.142;0.0;574.68;0.0;578.821
0;0;61;0.0;0.0;0.0;345.73;0.0;345.73
0;0;62;0.0;0.0;0.0;367.695;0.0;367.695
0;0;63;0.0;396.78;0.0;0.0;0.0;396.78
0;0;64;0.0;383.743;0.0;0.0;0.0;383.743
0;0;65;0.0;0.0;0.0;432.509;0.0;432.509
0;0;66;0.0;0.0;0.0;513.923;0.0;513.923
0;0;67;0.0;0.0;0.0;767.006;0.0;767.006
0;0;68;0.0;0.0;0.0;651.569;0.0;651.569
0;0;69;0.0;0.0;0.0;517.697;0.0;517.697
0;0;70;0.0;0.0;0.0;501.591;0.0;501.591
0;0;71;0.0;0.0;0.0;505.708;0.0;505.708
0;0;72;0.0;0.0;0.0;140.001;0.0;140.001
0;0;73;0.0;0.0;0.0;139.906;0.0;139.906
0;0;74;0.0;0.0;0.0;138.774;0.0;138.774
0;0;75;0.0;0.0;0.0;139.524;0.0;139.524
0;0;76;0.0;0.0;0.0;143.338;0.0;143.338
0;0;77;0.0;0.0;0.0;143.901;0.0;143.901
0;0;78;0.0;0.0;0.0;143.165;0.0;143.165
0;0;79;0.0;0.0;0.0;153.595;0.0;153.595
0;0;80;0.0;0.0;0.0;172.307;0.0;172.307
0;0;81;0.0;0.0;0.0;317.74;0.0;317.74
0;0;82;0.0;0.0;0.0;371.658;0.0;371.658
0;0;83;0.0;0.0;0.0;503.656;0.0;503.656
0;0;84;0.0;121.234;0.0;378.4;0.0;499.633
0;0;85;0.0;84.717;0.0;413.185;0.0;497.902
0;0;86;0.0;0.0;0.0;509.828;0.0;509.828
0;0;87;0.0;67.738;0.0;413.615;0.0;481.353
0;0;88;0.0;0.0;0.0;499.756;0.0;499.756
0;0;89;0.0;0.0;0.0;510.94;0.0;510.94
0;0;90;0.0;0.0;0.0;559.52;0.0;559.52
0;0;91;0.0;0.0;0.0;585.039;0.0;585.039
0;0;92;0.0;0.0;0.0;574.983;0.0;574.983
0;0;93;0.0;0.0;0.0;578.805;0.0;578.805
0;0;94;0.0;0.0;0.0;560.396;0.0;560.396
0;0;95;0.0;0.0;0.0;544.698;0.0;544.698
0;0;96;0.0;0.0;0.0;514.019;0.0;514.019
0;0;97;0.0;0.0;0.0;522.01;0.0;522.01
0;0;98;0.0;0.0;0.0;520.109;0.0;520.109
0;0;99;0.0;0.0;0.0;522.53;0.0;522.53
0;0;100;0.0;0.0;0.0;525.389;0.0;525.389
0;0;101;0.0;0.0;0.0;524.014;0.0;524.014
0;0;102;0.0;0.0;0.0;523.658;0.0;523.658
0;0;103;0.0;0.0;0.0;809.808;0.0;809.808
0;0;104;0.0;0.0;0.0;929.079;0.0;929.079
0;0;105;0.0;0.0;0.0;988.091;0.0;988.091
0;0;106;0.0;13.84;0.0;981.725;0.0;995.565
0;0;107;0.0;0.0;0.0;956.602;0.0;956.602
0;0;108;0.0;0.0;0.0;868.882;0.0;868.882
0;0;109;0.0;0.0;0.0;775.752;0.0;775.752
0;0;110;0.0;369.345;0.0;357.82;0.0;727.166
0;0;111;0.0;310.867;0.0;370.865;0.0;681.732
0;0;112;0.0;0.0;0.0;769.178;0.0;769.178
0;0;113;0.0;0.0;0.0;800.184;0.0;800.184
0;0;114;0.0;0.0;0.0;779.803;0.0;779.803
0;0;115;0.0;0.0;0.0;791.178;0.0;791.178
0;0;116;0.0;0.0;0.0;708.638;0.0;708.638
0;0;117;0.0;0.0;0.0;702.493;0.0;702.493
0;0;118;0.0;0.0;0.0;730.7;0.0;730.7
0;0;119;0.0;0.0;0.0;739.438;0.0;739.438
0;0;120;0.0;0.0;0.0;729.424;0.0;729.424
0;0;121;0.0;0.0;0.0;726.514;0.0;726.514
0;0;122;0.0;0.0;0.0;729.043;0.0;729.043
0;0;123;0.0;0.0;0.0;748.94;0.0;748.94
0;0;124;0.0;0.0;0.0;751.293;0.0;751.293
0;0;125;0.0;0.0;0.0;750.828;0.0;750.828
0;0;126;0.0;0.0;0.0;792.389;0.0;792.389
0;0;127;0.0;0.0;0.0;916.056;0.0;916.056
0;0;128;0.0;0.0;0.0;832.433;0.0;832.433
0;0;129;0.0;195.913;0.0;508.249;0.0;704.162
0;0;130;0.0;199.405;0.0;524.293;0.0;723.698
0;0;131;0.0;0.0;0.0;716.142;0.0;716.142
0;0;132;0.0;0.0;0.0;749.009;0.0;749.009
0;0;133;0.0;0.0;0.0;696.717;0.0;696.717
0;0;134;0.0;0.0;0.0;717.92;0.0;717.92
0;0;135;0.0;120.15;0.0;566.259;0.0;686.409
0;0;136;0.0;0.0;0.0;673.04;0.0;673.04
0;0;137;0.0;0.0;0.0;672.954;0.0;672.954
0;0;138;0.0;0.0;0.0;767.933;0.0;767.933
0;0;139;0.0;0.0;0.0;794.205;0.0;794.205
0;0;140;0.0;0.0;0.0;711.237;0.0;711.237
0;0;141;0.0;0.0;0.0;592.396;0.0;592.396
0;0;142;0.0;0.0;0.0;597.722;0.0;597.722
0;0;143;0.0;0.0;0.0;577.519;0.0;577.519
0;0;144;0.0;0.0;0.0;534.376;0.0;534.376
0;0;145;0.0;0.0;0.0;541.057;0.0;541.057
0;0;146;0.0;0.0;0.0;540.337;0.0;540.337
0;0;147;0.0;0.0;0.0;548.969;0.0;548.969
0;0;148;0.0;0.0;0.0;552.822;0.0;552.822
0;0;149;0.0;0.0;0.0;559.97;0.0;559.97
0;0;150;0.0;0.0;0.0;565.923;0.0;565.923
0;0;151;0.0;0.0;0.0;926.347;0.0;926.347
0;0;152;0.0;0.0;0.0;941.66;0.0;941.66
0;0;153;0.0;450.355;0.0;384.246;0.0;834.602
0;0;154;0.0;619.814;0.0;126.149;0.0;745.963
0;0;155;0.0;373.216;0.0;347.089;0.0;720.305
0;0;156;0.0;591.362;0.0;115.01;0.0;706.372
0;0;157;0.0;146.844;0.0;552.963;0.0;699.807
0;0;158;0.0;0.0;0.0;745.363;0.0;745.363
0;0;159;0.0;0.0;0.0;712.264;0.0;712.264
0;0;160;0.0;139.05;0.0;570.685;0.0;709.735
0;0;161;0.0;0.0;0.0;710.047;0.0;710.047
0;0;162;0.0;0.0;0.0;799.013;0.0;799.013
0;0;163;0.0;0.0;0.0;835.791;0.0;835.791
0;0;164;0.0;0.0;0.0;737.007;0.0;737.007
0;0;165;0.0;0.0;0.0;855.747;0.0;855.747
0;0;166;0.0;0.0;0.0;884.42;0.0;884.42
0;0;167;0.0;0.0;0.0;855.02;0.0;855.02
0;1;0;0.0;0.0;0.0;138.851;0.0;138.851
0;1;1;0.0;0.0;0.0;142.253;0.0;142.253
0;1;2;0.0;0.0;0.0;141.421;0.0;141.421
0;1;3;0.0;0.0;0.0;140.014;0.0;140.014
0;1;4;0.0;0.0;0.0;141.186;0.0;141.186
0;1;5;0.0;0.0;0.0;143.169;0.0;143.169
0;1;6;0.0;0.0;0.0;146.213;0.0;146.213
0;1;7;0.0;94.588;0.0;188.905;0.0;283.492
0;1;8;0.0;312.173;0.0;0.0;0.0;312.173
0;1;9;0.0;335.542;0.0;0.0;0.0;335.542
0;1;10;0.0;350.707;0.0;0.0;0.0;350.707
0;1;11;0.0;332.356;0.0;0.0;0.0;332.356
0;1;12;0.0;318.428;0.0;0.0;0.0;318.428
0;1;13;0.0;328.607;0.0;0.0;0.0;328.607
0;1;14;0.0;341.387;0.0;0.0;0.0;341.387
0;1;15;0.0;320.73;0.0;0.0;0.0;320.73
0;1;16;0.0;438.819;0.0;0.0;0.0;438.819
0;1;17;0.0;249.397;0.0;35.055;0.0;284.452
0;1;18;0.0;34.596;0.0;263.63;0.0;298.226
0;1;19;0.0;0.0;0.0;418.085;0.0;418.085
0;1;20;0.0;0.0;0.0;329.895;0.0;329.895
0;1;21;0.0;0.0;0.0;199.016;0.0;199.016
0;1;22;0.0;0.0;0.0;191.234;0.0;191.234
0;1;23;0.0;0.0;0.0;173.048;0.0;173.048
0;1;24;0.0;0.0;0.0;137.731;0.0;137.731
0;1;25;0.0;0.0;0.0;139.712;0.0;139.712
0;1;26;0.0;0.0;0.0;141.565;0.0;141.565
0;1;27;0.0;0.0;0.0;140.195;0.0;140.195
0;1;28;0.0;0.0;0.0;141.526;0.0;141.526
0;1;29;0.0;0.0;0.0;142.101;0.0;142.101
0;1;30;0.0;0.0;0.0;145.344;0.0;145.344
0;1;31;0.0;69.169;0.0;212.513;0.0;281.681
0;1;32;0.0;332.108;0.0;0.0;0.0;332.108
0;1;33;0.0;336.01;0.0;0.0;0.0;336.01
0;1;34;0.0;357.48;0.0;0.0;0.0;357.48
0;1;35;0.0;355.931;0.0;0.0;0.0;355.931
0;1;36;0.0;327.504;0.0;0.0;0.0;327.504
0;1;37;0.0;330.108;0.0;0.0;0.0;330.108
0;1;38;0.0;364.027;0.0;0.0;0.0;364.027
0;1;39;0.0;348.505;0.0;0.0;0.0;348.505
0;1;40;0.0;311.971;0.0;0.0;0.0;311.971
0;1;41;0.0;428.559;0.0;0.0;0.0;428.559
0;1;42;0.0;134.85;0.0;144.395;0.0;279.245
0;1;43;0.0;0.0;0.0;417.79;0.0;417.79
0;1;44;0.0;0.0;0.0;320.656;0.0;320.656
0;1;45;0.0;0.0;0.0;206.804;0.0;206.804
0;1;46;0.0;0.0;0.0;192.975;0.0;192.975
0;1;47;0.0;0.0;0.0;178.724;0.0;178.724
0;1;48;0.0;0.0;0.0;139.863;0.0;139.863
0;1;49;0.0;0.0;0.0;142.22;0.0;142.22
0;1;50;0.0;0.0;0.0;141.446;0.0;141.446
0;1;51;0.0;0.0;0.0;140.181;0.0;140.181
0;1;52;0.0;0.0;0.0;141.122;0.0;141.122
0;1;53;0.0;0.0;0.0;141.979;0.0;141.979
0;1;54;0.0;0.0;0.0;145.838;0.0;145.838
0;1;55;0.0;12.444;0.0;312.511;0.0;324.955
0;1;56;0.0;285.62;0.0;0.0;0.0;285.62
0;1;57;0.0;277.081;0.0;0.0;0.0;277.081
0;1;58;0.0;306.032;0.0;0.0;0.0;306.032
0;1;59;0.0;290.304;0.0;0.0;0.0;290.304
0;1;60;0.0;295.875;0.0;0.0;0.0;295.875
0;1;61;0.0;303.369;0.0;0.0;0.0;303.369
0;1;62;0.0;353.302;0.0;0.0;0.0;353.302
0;1;63;0.0;256.096;0.0;20.365;0.0;276.461
0;1;64;0.0;381.399;0.0;0.0;0.0;381.399
0;1;65;0.0;275.363;0.0;0.0;0.0;275.363
0;1;66;0.0;64.744;0.0;212.187;0.0;276.931
0;1;67;0.0;0.0;0.0;417.182;0.0;417.182
0;1;68;0.0;0.0;0.0;320.126;0.0;320.126
0;1;69;0.0;0.0;0.0;201.058;0.0;201.058
0;1;70;0.0;0.0;0.0;199.677;0.0;199.677
0;1;71;0.0;0.0;0.0;176.136;0.0;176.136
0;1;72;0.0;0.0;0.0;141.081;0.0;141.081
0;1;73;0.0;0.0;0.0;139.87;0.0;139.87
0;1;74;0.0;0.0;0.0;141.628;0.0;141.628
0;1;75;0.0;0.0;0.0;140.025;0.0;140.025
0;1;76;0.0;0.0;0.0;140.688;0.0;140.688
0;1;77;0.0;0.0;0.0;142.174;0.0;142.174
0;1;78;0.0;0.0;0.0;142.286;0.0;142.286
0;1;79;0.0;75.381;0.0;53.899;0.0;129.28
0;1;80;0.0;131.81;0.0;0.0;0.0;131.81
0;1;81;0.0;147.336;0.0;0.0;0.0;147.336
0;1;82;0.0;156.28;0.0;0.0;0.0;156.28
0;1;83;0.0;153.555;0.0;0.0;0.0;153.555
0;1;84;0.0;150.328;0.0;0.0;0.0;150.328
0;1;85;0.0;155.908;0.0;0.0;0.0;155.908
0;1;86;0.0;152.091;0.0;0.0;0.0;152.091
0;1;87;0.0;310.989;0.0;0.0;0.0;310.989
0;1;88;0.0;138.332;0.0;0.0;0.0;138.332
0;1;89;0.0;143.027;0.0;0.0;0.0;143.027
0;1;90;0.0;128.516;0.0;7.744;0.0;136.259
0;1;91;0.0;0.0;0.0;216.486;0.0;216.486
0;1;92;0.0;0.0;0.0;217.115;0.0;217.115
0;1;93;0.0;0.0;0.0;203.757;0.0;203.757
0;1;94;0.0;0.0;0.0;197.32;0.0;197.32
0;1;95;0.0;0.0;0.0;170.575;0.0;170.575
0;1;96;0.0;0.0;0.0;139.207;0.0;139.207
0;1;97;0.0;0.0;0.0;143.966;0.0;143.966
0;1;98;0.0;0.0;0.0;141.496;0.0;141.496
0;1;99;0.0;0.0;0.0;140.971;0.0;140.971
0;1;100;0.0;0.0;0.0;140.98;0.0;140.98
0;1;101;0.0;0.0;0.0;145.436;0.0;145.436
0;1;102;0.0;0.0;0.0;144.895;0.0;144.895
0;1;103;0.0;72.322;0.0;235.245;0.0;307.568
0;1;104;0.0;255.849;0.0;34.231;0.0;290.08
0;1;105;0.0;285.681;0.0;53.446;0.0;339.127
0;1;106;0.0;370.958;0.0;0.0;0.0;370.958
0;1;107;0.0;367.953;0.0;0.0;0.0;367.953
0;1;108;0.0;350.831;0.0;0.0;0.0;350.831
0;1;109;0.0;344.077;0.0;0.0;0.0;344.077
0;1;110;0.0;367.403;0.0;0.0;0.0;367.403
0;1;111;0.0;432.35;0.0;0.0;0.0;432.35
0;1;112;0.0;371.802;0.0;0.0;0.0;371.802
0;1;113;0.0;271.93;0.0;16.576;0.0;288.506
0;1;114;0.0;103.821;0.0;181.751;0.0;285.572
0;1;115;0.0;0.0;0.0;435.165;0.0;435.165
0;1;116;0.0;0.0;0.0;315.783;0.0;315.783
0;1;117;0.0;0.0;0.0;215.286;0.0;215.286
0;1;118;0.0;0.0;0.0;196.009;0.0;196.009
0;1;119;0.0;0.0;0.0;170.037;0.0;170.037
0;1;120;0.0;0.0;0.0;138.708;0.0;138.708
0;1;121;0.0;0.0;0.0;143.878;0.0;143.878
0;1;122;0.0;0.0;0.0;142.194;0.0;142.194
0;1;123;0.0;0.0;0.0;141.333;0.0;141.333
0;1;124;0.0;0.0;0.0;140.624;0.0;140.624
0;1;125;0.0;0.0;0.0;138.629;0.0;138.629
0;1;126;0.0;0.0;0.0;146.199;0.0;146.199
0;1;127;0.0;4.578;0.0;357.343;0.0;361.921
0;1;128;0.0;319.205;0.0;0.0;0.0;319.205
0;1;129;0.0;355.359;0.0;0.0;0.0;355.359
0;1;130;0.0;361.201;0.0;0.0;0.0;361.201
0;1;131;0.0;357.284;0.0;0.0;0.0;357.284
0;1;132;0.0;339.299;0.0;0.0;0.0;339.299
0;1;133;0.0;350.179;0.0;0.0;0.0;350.179
0;1;134;0.0;364.205;0.0;0.0;0.0;364.205
0;1;135;0.0;337.405;0.0;0.0;0.0;337.405
0;1;136;0.0;378.079;0.0;0.0;0.0;378.079
0;1;137;0.0;375.061;0.0;0.0;0.0;375.061
0;1;138;0.0;101.783;0.0;177.524;0.0;279.307
0;1;139;0.0;0.0;0.0;412.788;0.0;412.788
0;1;140;0.0;0.0;0.0;331.097;0.0;331.097
0;1;141;0.0;0.0;0.0;205.919;0.0;205.919
0;1;142;0.0;0.0;0.0;196.643;0.0;196.643
0;1;143;0.0;0.0;0.0;190.07;0.0;190.07
0;1;144;0.0;0.0;0.0;137.15;0.0;137.15
0;1;145;0.0;0.0;0.0;139.893;0.0;139.893
0;1;146;0.0;0.0;0.0;141.133;0.0;141.133
0;1;147;0.0;0.0;0.0;143.96;0.0;143.96
0;1;148;0.0;0.0;0.0;139.296;0.0;139.296
0;1;149;0.0;0.0;0.0;140.859;0.0;140.859
0;1;150;0.0;0.0;0.0;147.599;0.0;147.599
0;1;151;0.0;48.433;0.0;274.0;0.0;322.433
0;1;152;0.0;319.858;0.0;0.0;0.0;319.858
0;1;153;0.0;343.336;0.0;0.0;0.0;343.336
0;1;154;0.0;366.159;0.0;0.0;0.0;366.159
0;1;155;0.0;358.29;0.0;0.0;0.0;358.29
0;1;156;0.0;340.799;0.0;0.0;0.0;340.799
0;1;157;0.0;340.094;0.0;0.0;0.0;340.094
0;1;158;0.0;342.674;0.0;0.0;0.0;342.674
0;1;159;0.0;516.573;0.0;0.0;0.0;516.573
0;1;160;0.0;390.526;0.0;0.0;0.0;390.526
0;1;161;0.0;296.639;0.0;0.0;0.0;296.639
0;1;162;0.0;115.333;0.0;168.819;0.0;284.153
0;1;163;0.0;0.0;0.0;424.05;0.0;424.05
0;1;164;0.0;0.0;0.0;326.323;0.0;326.323
0;1;165;0.0;0.0;0.0;195.09;0.0;195.09
0;1;166;0.0;0.0;0.0;183.67;0.0;183.67
0;1;167;0.0;0.0;0.0;168.527;0.0;168.527
0;2;0;0.0;0.0;0.0;470.025;0.0;470.025
0;2;1;0.0;0.0;0.0;478.932;0.0;478.932
0;2;2;0.0;0.0;0.0;483.935;0.0;483.935
0;2;3;0.0;0.0;0.0;141.614;0.0;141.614
0;2;4;0.0;0.0;0.0;141.023;0.0;141.023
0;2;5;0.0;0.0;0.0;233.107;0.0;233.107
0;2;6;0.0;0.0;0.0;147.377;0.0;147.377
0;2;7;0.0;44.545;0.0;567.14;0.0;611.684
0;2;8;0.0;451.653;0.0;33.971;0.0;485.623
0;2;9;0.0;638.526;0.0;0.0;0.0;638.526
0;2;10;0.0;657.032;0.0;0.0;0.0;657.032
0;2;11;0.0;630.271;0.0;0.0;0.0;630.271
0;2;12;0.0;611.584;0.0;0.0;0.0;611.584
0;2;13;0.0;609.261;0.0;0.0;0.0;609.261
0;2;14;0.0;625.215;0.0;0.0;0.0;625.215
0;2;15;0.0;599.823;0.0;0.0;0.0;599.823
0;2;16;0.0;585.965;0.0;0.0;0.0;585.965
0;2;17;0.0;343.003;0.0;141.525;0.0;484.528
0;2;18;0.0;15.42;0.0;426.638;0.0;442.058
0;2;19;0.0;0.0;0.0;424.906;0.0;424.906
0;2;20;0.0;0.0;0.0;326.406;0.0;326.406
0;2;21;0.0;0.0;0.0;205.027;0.0;205.027
0;2;22;0.0;0.0;0.0;199.037;0.0;199.037
0;2;23;0.0;0.0;0.0;179.573;0.0;179.573
0;2;24;0.0;0.0;0.0;135.629;0.0;135.629
0;2;25;0.0;0.0;0.0;143.648;0.0;143.648
0;2;26;0.0;0.0;0.0;141.031;0.0;141.031
0;2;27;0.0;0.0;0.0;146.909;0.0;146.909
0;2;28;0.0;0.0;0.0;139.867;0.0;139.867
0;2;29;0.0;0.0;0.0;141.401;0.0;141.401
0;2;30;0.0;0.0;0.0;148.999;0.0;148.999
0;2;31;0.0;46.245;0.0;341.327;0.0;387.572
0;2;32;0.0;381.727;0.0;0.0;0.0;381.727
0;2;33;0.0;506.268;0.0;0.0;0.0;506.268
0;2;34;0.0;651.303;0.0;0.0;0.0;651.303
0;2;35;0.0;625.484;0.0;0.0;0.0;625.484
0;2;36;0.0;596.067;0.0;0.0;0.0;596.067
0;2;37;0.0;597.951;0.0;0.0;0.0;597.951
0;2;38;0.0;612.689;0.0;0.0;0.0;612.689
0;2;39;0.0;591.696;0.0;0.0;0.0;591.696
0;2;40;0.0;512.444;0.0;0.0;0.0;512.444
0;2;41;0.0;200.545;0.0;101.17;0.0;301.715
0;2;42;0.0;0.0;0.0;385.606;0.0;385.606
0;2;43;0.0;0.0;0.0;422.38;0.0;422.38
0;2;44;0.0;0.0;0.0;339.174;0.0;339.174
0;2;45;0.0;0.0;0.0;202.295;0.0;202.295
0;2;46;0.0;0.0;0.0;199.889;0.0;199.889
0;2;47;0.0;0.0;0.0;177.279;0.0;177.279
0;2;48;0.0;0.0;0.0;140.082;0.0;140.082
0;2;49;0.0;0.0;0.0;144.86;0.0;144.86
0;2;50;0.0;0.0;0.0;141.805;0.0;141.805
0;2;51;0.0;0.0;0.0;141.228;0.0;141.228
0;2;52;0.0;0.0;0.0;138.644;0.0;138.644
0;2;53;0.0;0.0;0.0;139.493;0.0;139.493
0;2;54;0.0;0.0;0.0;142.73;0.0;142.73
0;2;55;0.0;0.0;0.0;375.908;0.0;375.908
0;2;56;0.0;24.05;0.0;330.583;0.0;354.634
0;2;57;0.0;119.293;0.0;180.783;0.0;300.077
0;2;58;0.0;84.091;0.0;239.376;0.0;323.467
0;2;59;0.0;94.139;0.0;202.418;0.0;296.557
0;2;60;0.0;202.711;0.0;85.979;0.0;288.69
0;2;61;0.0;206.105;0.0;80.267;0.0;286.372
0;2;62;0.0;260.319;0.0;36.273;0.0;296.592
0;2;63;0.0;255.0;0.0;28.913;0.0;283.913
0;2;64;0.0;116.692;0.0;176.789;0.0;293.481
0;2;65;0.0;49.664;0.0;289.572;0.0;339.236
0;2;66;0.0;0.0;0.0;407.754;0.0;407.754
0;2;67;0.0;0.0;0.0;426.945;0.0;426.945
0;2;68;0.0;0.0;0.0;322.845;0.0;322.845
0;2;69;0.0;0.0;0.0;202.863;0.0;202.863
0;2;70;0.0;0.0;0.0;199.447;0.0;199.447
0;2;71;0.0;0.0;0.0;167.515;0.0;167.515
0;2;72;0.0;0.0;0.0;139.675;0.0;139.675
0;2;73;0.0;0.0;0.0;144.03;0.0;144.03
0;2;74;0.0;0.0;0.0;140.546;0.0;140.546
0;2;75;0.0;0.0;0.0;142.106;0.0;142.106
0;2;76;0.0;0.0;0.0;139.135;0.0;139.135
0;2;77;0.0;0.0;0.0;139.833;0.0;139.833
0;2;78;0.0;0.0;0.0;145.338;0.0;145.338
0;2;79;0.0;46.275;0.0;107.828;0.0;154.103
0;2;80;0.0;197.336;0.0;0.0;0.0;197.336
0;2;81;0.0;135.919;0.0;0.0;0.0;135.919
0;2;82;0.0;220.133;0.0;0.0;0.0;220.133
0;2;83;0.0;444.888;0.0;0.0;0.0;444.888
0;2;84;0.0;431.315;0.0;0.0;0.0;431.315
0;2;85;0.0;429.665;0.0;0.0;0.0;429.665
0;2;86;0.0;430.914;0.0;0.0;0.0;430.914
0;2;87;0.0;366.238;0.0;55.18;0.0;421.419
0;2;88;0.0;243.956;0.0;188.545;0.0;432.501
0;2;89;0.0;184.07;0.0;246.05;0.0;430.121
0;2;90;0.0;0.0;0.0;195.654;0.0;195.654
0;2;91;0.0;0.0;0.0;215.345;0.0;215.345
0;2;92;0.0;0.0;0.0;220.002;0.0;220.002
0;2;93;0.0;0.0;0.0;208.921;0.0;208.921
0;2;94;0.0;0.0;0.0;497.88;0.0;497.88
0;2;95;0.0;0.0;0.0;252.546;0.0;252.546
0;2;96;0.0;0.0;0.0;335.434;0.0;335.434
0;2;97;0.0;0.0;0.0;139.487;0.0;139.487
0;2;98;0.0;0.0;0.0;138.846;0.0;138.846
0;2;99;0.0;0.0;0.0;142.762;0.0;142.762
0;2;100;0.0;0.0;0.0;136.677;0.0;136.677
0;2;101;0.0;0.0;0.0;140.519;0.0;140.519
0;2;102;0.0;0.0;0.0;143.483;0.0;143.483
0;2;103;0.0;18.37;0.0;670.18;0.0;688.549
0;2;104;0.0;406.163;0.0;149.739;0.0;555.902
0;2;105;0.0;544.1;0.0;0.0;0.0;544.1
0;2;106;0.0;644.162;0.0;0.0;0.0;644.162
0;2;107;0.0;644.544;0.0;0.0;0.0;644.544
0;2;108;0.0;615.205;0.0;0.0;0.0;615.205
0;2;109;0.0;611.774;0.0;0.0;0.0;611.774
0;2;110;0.0;629.622;0.0;0.0;0.0;629.622
0;2;111;0.0;353.964;0.0;0.0;0.0;353.964
0;2;112;0.0;180.432;0.0;132.805;0.0;313.237
0;2;113;0.0;128.144;0.0;192.08;0.0;320.224
0;2;114;0.0;0.0;0.0;399.84;0.0;399.84
0;2;115;0.0;0.0;0.0;420.295;0.0;420.295
0;2;116;0.0;0.0;0.0;338.419;0.0;338.419
0;2;117;0.0;0.0;0.0;197.599;0.0;197.599
0;2;118;0.0;0.0;0.0;190.182;0.0;190.182
0;2;119;0.0;0.0;0.0;172.154;0.0;172.154
0;2;120;0.0;0.0;0.0;150.4;0.0;150.4
0;2;121;0.0;0.0;0.0;257.54;0.0;257.54
0;2;122;0.0;0.0;0.0;257.747;0.0;257.747
0;2;123;0.0;0.0;0.0;265.955;0.0;265.955
0;2;124;0.0;0.0;0.0;268.756;0.0;268.756
0;2;125;0.0;0.0;0.0;271.413;0.0;271.413
0;2;126;0.0;0.0;0.0;284.737;0.0;284.737
0;2;127;0.0;0.0;0.0;528.078;0.0;528.078
0;2;128;0.0;78.39;0.0;383.072;0.0;461.461
0;2;129;0.0;171.767;0.0;238.498;0.0;410.265
0;2;130;0.0;245.49;0.0;180.48;0.0;425.969
0;2;131;0.0;257.044;0.0;142.38;0.0;399.425
0;2;132;0.0;576.254;0.0;0.0;0.0;576.254
0;2;133;0.0;586.212;0.0;0.0;0.0;586.212
0;2;134;0.0;344.593;0.0;0.0;0.0;344.593
0;2;135;0.0;157.98;0.0;181.922;0.0;339.902
0;2;136;0.0;138.626;0.0;173.873;0.0;312.499
0;2;137;0.0;47.817;0.0;574.088;0.0;621.906
0;2;138;0.0;0.0;0.0;664.327;0.0;664.327
0;2;139;0.0;0.0;0.0;645.827;0.0;645.827
0;2;140;0.0;0.0;0.0;334.788;0.0;334.788
0;2;141;0.0;0.0;0.0;201.992;0.0;201.992
0;2;142;0.0;0.0;0.0;195.022;0.0;195.022
0;2;143;0.0;0.0;0.0;179.493;0.0;179.493
0;2;144;0.0;0.0;0.0;141.131;0.0;141.131
0;2;145;0.0;0.0;0.0;145.18;0.0;145.18
0;2;146;0.0;0.0;0.0;140.491;0.0;140.491
0;2;147;0.0;0.0;0.0;140.811;0.0;140.811
0;2;148;0.0;0.0;0.0;140.741;0.0;140.741
0;2;149;0.0;0.0;0.0;141.888;0.0;141.888
0;2;150;0.0;0.0;0.0;153.283;0.0;153.283
0;2;151;0.0;0.0;0.0;433.604;0.0;433.604
0;2;152;0.0;0.0;0.0;457.463;0.0;457.463
0;2;153;0.0;43.285;0.0;444.507;0.0;487.792
0;2;154;0.0;35.437;0.0;458.104;0.0;493.541
0;2;155;0.0;52.074;0.0;376.833;0.0;428.908
0;2;156;0.0;121.306;0.0;254.945;0.0;376.251
0;2;157;0.0;79.093;0.0;310.275;0.0;389.368
0;2;158;0.0;85.936;0.0;306.88;0.0;392.816
0;2;159;0.0;51.88;0.0;392.884;0.0;444.765
0;2;160;0.0;0.0;0.0;706.19;0.0;706.19
0;2;161;0.0;0.0;0.0;452.306;0.0;452.306
0;2;162;0.0;0.0;0.0;412.698;0.0;412.698
0;2;163;0.0;0.0;0.0;435.919;0.0;435.919
0;2;164;0.0;0.0;0.0;327.206;0.0;327.206
0;2;165;0.0;0.0;0.0;207.674;0.0;207.674
0;2;166;0.0;0.0;0.0;293.343;0.0;293.343
0;2;167;0.0;0.0;0.0;455.233;0.0;455.233
0;3;0;0.0;0.0;0.0;529.838;0.0;529.838
0;3;1;0.0;0.0;0.0;534.312;0.0;534.312
0;3;2;0.0;0.0;0.0;528.621;0.0;528.621
0;3;3;0.0;0.0;0.0;531.697;0.0;531.697
0;3;4;0.0;0.0;0.0;532.719;0.0;532.719
0;3;5;0.0;0.0;0.0;538.355;0.0;538.355
0;3;6;0.0;0.0;0.0;546.0;0.0;546.0
0;3;7;0.0;0.0;0.0;841.305;0.0;841.305
0;3;8;0.0;0.0;0.0;868.118;0.0;868.118
0;3;9;0.0;0.0;0.0;842.312;0.0;842.312
0;3;10;0.0;0.0;0.0;751.954;0.0;751.954
0;3;11;0.0;0.0;0.0;706.648;0.0;706.648
0;3;12;0.0;28.983;0.0;603.146;0.0;632.129
0;3;13;0.0;604.054;0.0;0.0;0.0;604.054
0;3;14;0.0;430.977;0.0;269.792;0.0;700.769
0;3;15;0.0;132.755;0.0;550.499;0.0;683.255
0;3;16;0.0;0.0;0.0;839.587;0.0;839.587
0;3;17;0.0;0.0;0.0;830.356;0.0;830.356
0;3;18;0.0;0.0;0.0;795.596;0.0;795.596
0;3;19;0.0;0.0;0.0;485.464;0.0;485.464
0;3;20;0.0;0.0;0.0;713.283;0.0;713.283
0;3;21;0.0;0.0;0.0;600.841;0.0;600.841
0;3;22;0.0;0.0;0.0;570.293;0.0;570.293
0;3;23;0.0;0.0;0.0;562.565;0.0;562.565
0;3;24;0.0;0.0;0.0;533.1;0.0;533.1
0;3;25;0.0;0.0;0.0;541.379;0.0;541.379
0;3;26;0.0;0.0;0.0;540.039;0.0;540.039
0;3;27;0.0;0.0;0.0;537.726;0.0;537.726
0;3;28;0.0;0.0;0.0;540.456;0.0;540.456
0;3;29;0.0;0.0;0.0;540.878;0.0;540.878
0;3;30;0.0;0.0;0.0;548.489;0.0;548.489
0;3;31;0.0;0.0;0.0;855.131;0.0;855.131
0;3;32;0.0;0.0;0.0;887.041;0.0;887.041
0;3;33;0.0;0.0;0.0;850.917;0.0;850.917
0;3;34;0.0;208.707;0.0;511.304;0.0;720.011
0;3;35;0.0;268.286;0.0;412.575;0.0;680.861
0;3;36;0.0;347.546;0.0;298.99;0.0;646.537
0;3;37;0.0;0.0;0.0;645.174;0.0;645.174
0;3;38;0.0;0.0;0.0;736.772;0.0;736.772
0;3;39;0.0;0.0;0.0;802.604;0.0;802.604
0;3;40;0.0;0.0;0.0;813.959;0.0;813.959
0;3;41;0.0;0.0;0.0;810.118;0.0;810.118
0;3;42;0.0;0.0;0.0;788.851;0.0;788.851
0;3;43;0.0;0.0;0.0;790.224;0.0;790.224
0;3;44;0.0;0.0;0.0;702.057;0.0;702.057
0;3;45;0.0;0.0;0.0;594.926;0.0;594.926
0;3;46;0.0;0.0;0.0;573.802;0.0;573.802
0;3;47;0.0;0.0;0.0;550.614;0.0;550.614
0;3;48;0.0;0.0;0.0;237.457;0.0;237.457
0;3;49;0.0;0.0;0.0;235.252;0.0;235.252
0;3;50;0.0;0.0;0.0;233.639;0.0;233.639
0;3;51;0.0;0.0;0.0;235.422;0.0;235.422
0;3;52;0.0;0.0;0.0;239.292;0.0;239.292
0;3;53;0.0;0.0;0.0;239.999;0.0;239.999
0;3;54;0.0;0.0;0.0;247.184;0.0;247.184
0;3;55;0.0;0.0;0.0;511.935;0.0;511.935
0;3;56;0.0;0.0;0.0;549.753;0.0;549.753
0;3;57;0.0;0.0;0.0;528.612;0.0;528.612
0;3;58;0.0;0.0;0.0;508.574;0.0;508.574
0;3;59;0.0;0.0;0.0;504.7;0.0;504.7
0;3;60;0.0;0.0;0.0;412.739;0.0;412.739
0;3;61;0.0;231.224;0.0;174.226;0.0;405.45
0;3;62;0.0;26.122;0.0;371.62;0.0;397.742
0;3;63;0.0;74.572;0.0;368.765;0.0;443.337
0;3;64;0.0;0.0;0.0;529.879;0.0;529.879
0;3;65;0.0;0.0;0.0;770.761;0.0;770.761
0;3;66;0.0;0.0;0.0;771.664;0.0;771.664
0;3;67;0.0;0.0;0.0;537.188;0.0;537.188
0;3;68;0.0;0.0;0.0;343.946;0.0;343.946
0;3;69;0.0;0.0;0.0;208.356;0.0;208.356
0;3;70;0.0;0.0;0.0;208.378;0.0;208.378
0;3;71;0.0;0.0;0.0;336.364;0.0;336.364
0;3;72;0.0;0.0;0.0;300.588;0.0;300.588
0;3;73;0.0;0.0;0.0;306.169;0.0;306.169
0;3;74;0.0;0.0;0.0;312.307;0.0;312.307
0;3;75;0.0;0.0;0.0;324.138;0.0;324.138
0;3;76;0.0;0.0;0.0;322.463;0.0;322.463
0;3;77;0.0;0.0;0.0;329.026;0.0;329.026
0;3;78;0.0;0.0;0.0;501.048;0.0;501.048
0;3;79;0.0;0.0;0.0;353.637;0.0;353.637
0;3;80;0.0;0.0;0.0;535.496;0.0;535.496
0;3;81;0.0;0.0;0.0;548.932;0.0;548.932
0;3;82;0.0;0.0;0.0;562.793;0.0;562.793
0;3;83;0.0;0.0;0.0;551.429;0.0;551.429
0;3;84;0.0;0.0;0.0;531.916;0.0;531.916
0;3;85;0.0;174.35;0.0;330.809;0.0;505.159
0;3;86;0.0;150.891;0.0;358.051;0.0;508.941
0;3;87;0.0;0.0;0.0;515.511;0.0;515.511
0;3;88;0.0;0.0;0.0;549.665;0.0;549.665
0;3;89;0.0;0.0;0.0;568.082;0.0;568.082
0;3;90;0.0;0.0;0.0;579.22;0.0;579.22
0;3;91;0.0;0.0;0.0;594.675;0.0;594.675
0;3;92;0.0;0.0;0.0;597.339;0.0;597.339
0;3;93;0.0;0.0;0.0;595.878;0.0;595.878
0;3;94;0.0;0.0;0.0;586.033;0.0;586.033
0;3;95;0.0;0.0;0.0;564.989;0.0;564.989
0;3;96;0.0;0.0;0.0;533.716;0.0;533.716
0;3;97;0.0;0.0;0.0;739.319;0.0;739.319
0;3;98;0.0;0.0;0.0;810.212;0.0;810.212
0;3;99;0.0;0.0;0.0;809.688;0.0;809.688
0;3;100;0.0;0.0;0.0;810.561;0.0;810.561
0;3;101;0.0;0.0;0.0;805.586;0.0;805.586
0;3;102;0.0;0.0;0.0;807.618;0.0;807.618
0;3;103;0.0;0.0;0.0;1107.46;0.0;1107.46
0;3;104;0.0;0.0;0.0;1132.972;0.0;1132.972
0;3;105;0.0;0.0;0.0;1156.887;0.0;1156.887
0;3;106;0.0;0.0;0.0;1186.683;0.0;1186.683
0;3;107;0.0;0.0;0.0;1163.333;0.0;1163.333
0;3;108;0.0;0.0;0.0;1108.923;0.0;1108.923
0;3;109;0.0;0.0;0.0;1095.413;0.0;1095.413
0;3;110;0.0;0.0;0.0;1132.669;0.0;1132.669
0;3;111;0.0;0.0;0.0;1150.903;0.0;1150.903
0;3;112;0.0;0.0;0.0;1136.568;0.0;1136.568
0;3;113;0.0;0.0;0.0;1123.522;0.0;1123.522
0;3;114;0.0;0.0;0.0;1072.91;0.0;1072.91
0;3;115;0.0;0.0;0.0;1082.793;0.0;1082.793
0;3;116;0.0;0.0;0.0;986.87;0.0;986.87
0;3;117;0.0;0.0;0.0;846.937;0.0;846.937
0;3;118;0.0;0.0;0.0;839.259;0.0;839.259
0;3;119;0.0;0.0;0.0;820.866;0.0;820.866
0;3;120;0.0;0.0;0.0;784.243;0.0;784.243
0;3;121;0.0;0.0;0.0;789.127;0.0;789.127
0;3;122;0.0;0.0;0.0;794.684;0.0;794.684
0;3;123;0.0;0.0;0.0;801.871;0.0;801.871
0;3;124;0.0;0.0;0.0;808.48;0.0;808.48
0;3;125;0.0;0.0;0.0;816.359;0.0;816.359
0;3;126;0.0;0.0;0.0;817.508;0.0;817.508
0;3;127;0.0;0.0;0.0;1063.104;0.0;1063.104
0;3;128;0.0;0.0;0.0;1009.422;0.0;1009.422
0;3;129;0.0;0.0;0.0;995.864;0.0;995.864
0;3;130;0.0;0.0;0.0;862.438;0.0;862.438
0;3;131;0.0;0.0;0.0;829.172;0.0;829.172
0;3;132;0.0;0.0;0.0;712.225;0.0;712.225
0;3;133;0.0;0.0;0.0;719.303;0.0;719.303
0;3;134;0.0;0.0;0.0;859.262;0.0;859.262
0;3;135;0.0;0.0;0.0;866.807;0.0;866.807
0;3;136;0.0;0.0;0.0;868.542;0.0;868.542
0;3;137;0.0;0.0;0.0;841.705;0.0;841.705
0;3;138;0.0;0.0;0.0;792.453;0.0;792.453
0;3;139;0.0;0.0;0.0;817.403;0.0;817.403
0;3;140;0.0;0.0;0.0;711.997;0.0;711.997
0;3;141;0.0;0.0;0.0;602.622;0.0;602.622
0;3;142;0.0;0.0;0.0;596.494;0.0;596.494
0;3;143;0.0;0.0;0.0;574.959;0.0;574.959
0;3;144;0.0;0.0;0.0;667.471;0.0;667.471
0;3;145;0.0;0.0;0.0;766.928;0.0;766.928
0;3;146;0.0;0.0;0.0;761.425;0.0;761.425
0;3;147;0.0;0.0;0.0;802.277;0.0;802.277
0;3;148;0.0;0.0;0.0;803.186;0.0;803.186
0;3;149;0.0;0.0;0.0;811.201;0.0;811.201
0;3;150;0.0;0.0;0.0;815.702;0.0;815.702
0;3;151;0.0;0.0;0.0;943.307;0.0;943.307
0;3;152;0.0;0.0;0.0;891.73;0.0;891.73
0;3;153;0.0;0.0;0.0;811.852;0.0;811.852
0;3;154;0.0;0.0;0.0;712.525;0.0;712.525
0;3;155;0.0;0.0;0.0;672.293;0.0;672.293
0;3;156;0.0;0.0;0.0;699.076;0.0;699.076
0;3;157;0.0;0.0;0.0;764.393;0.0;764.393
0;3;158;0.0;0.0;0.0;621.633;0.0;621.633
0;3;159;0.0;0.0;0.0;746.805;0.0;746.805
0;3;160;0.0;0.0;0.0;730.751;0.0;730.751
0;3;161;0.0;0.0;0.0;719.41;0.0;719.41
0;3;162;0.0;0.0;0.0;734.108;0.0;734.108
0;3;163;0.0;0.0;0.0;776.704;0.0;776.704
0;3;164;0.0;0.0;0.0;700.519;0.0;700.519
0;3;165;0.0;0.0;0.0;554.002;0.0;554.002
0;3;166;0.0;0.0;0.0;544.373;0.0;544.373
0;3;167;0.0;0.0;0.0;532.494;0.0;532.494
5;0;0;0.0;0.0;0.0;147.77;0.0;147.77
5;0;1;0.0;0.0;0.0;438.118;0.0;438.118
5;0;2;0.0;0.0;0.0;147.638;0.0;147.638
5;0;3;0.0;0.0;0.0;389.321;0.0;389.321
5;0;4;0.0;0.0;0.0;396.906;0.0;396.906
5;0;5;0.0;0.0;0.0;401.327;0.0;401.327
5;0;6;0.0;0.0;0.0;424.402;0.0;424.402
5;0;7;0.0;0.0;0.0;683.861;0.0;683.861
5;0;8;0.0;0.0;0.0;676.259;0.0;676.259
5;0;9;0.0;325.699;0.0;233.519;0.0;559.218
5;0;10;0.0;407.667;0.0;145.539;0.0;553.206
5;0;11;0.0;0.0;0.0;531.013;0.0;531.013
5;0;12;0.0;236.288;0.0;249.635;0.0;485.923
5;0;13;0.0;0.0;0.0;618.811;0.0;618.811
5;0;14;0.0;0.0;0.0;392.271;0.0;392.271
5;0;15;0.0;218.645;0.0;254.803;0.0;473.448
5;0;16;0.0;0.0;0.0;456.582;0.0;456.582
5;0;17;0.0;0.0;0.0;552.829;0.0;552.829
5;0;18;0.0;0.0;0.0;759.545;0.0;759.545
5;0;19;0.0;0.0;0.0;444.103;0.0;444.103
5;0;20;0.0;0.0;0.0;476.712;0.0;476.712
5;0;21;0.0;0.0;0.0;539.336;0.0;539.336
5;0;22;0.0;0.0;0.0;529.213;0.0;529.213
5;0;23;0.0;0.0;0.0;522.236;0.0;522.236
5;0;24;0.0;0.0;0.0;148.336;0.0;148.336
5;0;25;0.0;0.0;0.0;147.39;0.0;147.39
5;0;26;0.0;0.0;0.0;386.09;0.0;386.09
5;0;27;0.0;0.0;0.0;501.707;0.0;501.707
5;0;28;0.0;0.0;0.0;503.778;0.0;503.778
5;0;29;0.0;0.0;0.0;509.136;0.0;509.136
5;0;30;0.0;0.0;0.0;174.802;0.0;174.802
5;0;31;0.0;0.0;0.0;720.078;0.0;720.078
5;0;32;0.0;0.0;0.0;711.652;0.0;711.652
5;0;33;0.0;252.283;0.0;338.66;0.0;590.943
5;0;34;0.0;466.52;0.0;108.821;0.0;575.341
5;0;35;0.0;492.089;0.0;48.249;0.0;540.339
5;0;36;0.0;276.256;0.0;257.097;0.0;533.353
5;0;37;0.0;506.046;0.0;0.0;0.0;506.046
5;0;38;0.0;629.885;0.0;0.0;0.0;629.885
5;0;39;0.0;559.612;0.0;0.0;0.0;559.612
5;0;40;0.0;227.881;0.0;330.284;0.0;558.165
5;0;41;0.0;0.0;0.0;705.334;0.0;705.334
5;0;42;0.0;0.0;0.0;754.597;0.0;754.597
5;0;43;0.0;0.0;0.0;787.155;0.0;787.155
5;0;44;0.0;0.0;0.0;671.929;0.0;671.929
5;0;45;0.0;0.0;0.0;217.236;0.0;217.236
5;0;46;0.0;0.0;0.0;199.022;0.0;199.022
5;0;47;0.0;0.0;0.0;180.544;0.0;180.544
5;0;48;0.0;0.0;0.0;146.92;0.0;146.92
5;0;49;0.0;0.0;0.0;149.82;0.0;149.82
5;0;50;0.0;0.0;0.0;150.462;0.0;150.462
5;0;51;0.0;0.0;0.0;144.922;0.0;144.922
5;0;52;0.0;0.0;0.0;147.904;0.0;147.904
5;0;53;0.0;0.0;0.0;148.174;0.0;148.174
5;0;54;0.0;0.0;0.0;251.328;0.0;251.328
5;0;55;0.0;0.0;0.0;525.64;0.0;525.64
5;0;56;0.0;0.0;0.0;523.847;0.0;523.847
5;0;57;0.0;0.0;0.0;425.932;0.0;425.932
5;0;58;0.0;299.302;0.0;103.436;0.0;402.738
5;0;59;0.0;399.329;0.0;0.0;0.0;399.329
5;0;60;0.0;13.99;0.0;542.219;0.0;556.209
5;0;61;0.0;0.0;0.0;345.73;0.0;345.73
5;0;62;0.0;0.0;0.0;367.695;0.0;367.695
5;0;63;0.0;388.87;0.0;0.0;0.0;388.87
5;0;64;0.0;377.6;0.0;0.0;0.0;377.6
5;0;65;0.0;0.0;0.0;427.33;0.0;427.33
5;0;66;0.0;0.0;0.0;507.897;0.0;507.897
5;0;67;0.0;0.0;0.0;761.679;0.0;761.679
5;0;68;0.0;0.0;0.0;651.569;0.0;651.569
5;0;69;0.0;0.0;0.0;517.697;0.0;517.697
5;0;70;0.0;0.0;0.0;501.591;0.0;501.591
5;0;71;0.0;0.0;0.0;505.708;0.0;505.708
5;0;72;0.0;0.0;0.0;140.001;0.0;140.001
5;0;73;0.0;0.0;0.0;139.906;0.0;139.906
5;0;74;0.0;0.0;0.0;138.774;0.0;138.774
5;0;75;0.0;0.0;0.0;139.524;0.0;139.524
5;0;76;0.0;0.0;0.0;143.338;0.0;143.338
5;0;77;0.0;0.0;0.0;143.901;0.0;143.901
5;0;78;0.0;0.0;0.0;143.165;0.0;143.165
5;0;79;0.0;0.0;0.0;153.595;0.0;153.595
5;0;80;0.0;0.0;0.0;172.307;0.0;172.307
5;0;81;0.0;0.0;0.0;172.317;0.0;172.317
5;0;82;0.0;0.0;0.0;330.154;0.0;330.154
5;0;83;0.0;0.0;0.0;295.397;0.0;295.397
5;0;84;0.0;121.234;0.0;172.398;0.0;293.632
5;0;85;0.0;84.717;0.0;413.185;0.0;497.902
5;0;86;0.0;0.0;0.0;509.828;0.0;509.828
5;0;87;0.0;67.738;0.0;413.615;0.0;481.353
5;0;88;0.0;0.0;0.0;499.756;0.0;499.756
5;0;89;0.0;0.0;0.0;510.94;0.0;510.94
5;0;90;0.0;0.0;0.0;559.52;0.0;559.52
5;0;91;0.0;0.0;0.0;585.039;0.0;585.039
5;0;92;0.0;0.0;0.0;574.983;0.0;574.983
5;0;93;0.0;0.0;0.0;578.805;0.0;578.805
5;0;94;0.0;0.0;0.0;560.396;0.0;560.396
5;0;95;0.0;0.0;0.0;544.698;0.0;544.698
5;0;96;0.0;0.0;0.0;514.019;0.0;514.019
5;0;97;0.0;0.0;0.0;522.01;0.0;522.01
5;0;98;0.0;0.0;0.0;520.109;0.0;520.109
5;0;99;0.0;0.0;0.0;522.53;0.0;522.53
5;0;100;0.0;0.0;0.0;525.389;0.0;525.389
5;0;101;0.0;0.0;0.0;524.014;0.0;524.014
5;0;102;0.0;0.0;0.0;523.658;0.0;523.658
5;0;103;0.0;0.0;0.0;809.808;0.0;809.808
5;0;104;0.0;0.0;0.0;810.161;0.0;810.161
5;0;105;0.0;0.0;0.0;716.338;0.0;716.338
5;0;106;0.0;13.84;0.0;709.973;0.0;723.812
5;0;107;0.0;0.0;0.0;723.856;0.0;723.856
5;0;108;0.0;0.0;0.0;713.215;0.0;713.215
5;0;109;0.0;0.0;0.0;721.038;0.0;721.038
5;0;110;0.0;369.345;0.0;335.757;0.0;705.103
5;0;111;0.0;310.867;0.0;370.865;0.0;681.732
5;0;112;0.0;0.0;0.0;769.178;0.0;769.178
5;0;113;0.0;0.0;0.0;800.184;0.0;800.184
5;0;114;0.0;0.0;0.0;779.803;0.0;779.803
5;0;115;0.0;0.0;0.0;791.178;0.0;791.178
5;0;116;0.0;0.0;0.0;708.638;0.0;708.638
5;0;117;0.0;0.0;0.0;583.36;0.0;583.36
5;0;118;0.0;0.0;0.0;571.699;0.0;571.699
5;0;119;0.0;0.0;0.0;574.344;0.0;574.344
5;0;120;0.0;0.0;0.0;524.332;0.0;524.332
5;0;121;0.0;0.0;0.0;526.563;0.0;526.563
5;0;122;0.0;0.0;0.0;524.007;0.0;524.007
5;0;123;0.0;0.0;0.0;528.784;0.0;528.784
5;0;124;0.0;0.0;0.0;529.242;0.0;529.242
5;0;125;0.0;0.0;0.0;525.955;0.0;525.955
5;0;126;0.0;0.0;0.0;529.877;0.0;529.877
5;0;127;0.0;0.0;0.0;815.556;0.0;815.556
5;0;128;0.0;0.0;0.0;798.454;0.0;798.454
5;0;129;0.0;206.056;0.0;463.983;0.0;670.038
5;0;130;0.0;201.323;0.0;463.95;0.0;665.273
5;0;131;0.0;0.0;0.0;645.542;0.0;645.542
5;0;132;0.0;0.0;0.0;674.712;0.0;674.712
5;0;133;0.0;7.101;0.0;591.101;0.0;598.202
5;0;134;0.0;0.0;0.0;607.913;0.0;607.913
5;0;135;0.0;184.143;0.0;502.266;0.0;686.409
5;0;136;0.0;0.0;0.0;673.04;0.0;673.04
5;0;137;0.0;29.889;0.0;643.065;0.0;672.954
5;0;138;0.0;0.0;0.0;767.933;0.0;767.933
5;0;139;0.0;0.0;0.0;794.205;0.0;794.205
5;0;140;0.0;0.0;0.0;711.237;0.0;711.237
5;0;141;0.0;0.0;0.0;592.396;0.0;592.396
5;0;142;0.0;0.0;0.0;298.427;0.0;298.427
5;0;143;0.0;0.0;0.0;577.519;0.0;577.519
5;0;144;0.0;0.0;0.0;534.376;0.0;534.376
5;0;145;0.0;0.0;0.0;541.057;0.0;541.057
5;0;146;0.0;0.0;0.0;540.337;0.0;540.337
5;0;147;0.0;0.0;0.0;548.969;0.0;548.969
5;0;148;0.0;0.0;0.0;552.822;0.0;552.822
5;0;149;0.0;0.0;0.0;559.97;0.0;559.97
5;0;150;0.0;0.0;0.0;565.923;0.0;565.923
5;0;151;0.0;0.0;0.0;849.513;0.0;849.513
5;0;152;0.0;0.0;0.0;783.394;0.0;783.394
5;0;153;0.0;514.349;0.0;220.194;0.0;734.543
5;0;154;0.0;683.807;0.0;19.569;0.0;703.376
5;0;155;0.0;437.209;0.0;247.644;0.0;684.853
5;0;156;0.0;655.355;0.0;51.017;0.0;706.372
5;0;157;0.0;210.837;0.0;488.969;0.0;699.807
5;0;158;0.0;0.0;0.0;745.363;0.0;745.363
5;0;159;0.0;0.0;0.0;712.264;0.0;712.264
5;0;160;0.0;203.044;0.0;506.691;0.0;709.735
5;0;161;0.0;5.959;0.0;704.088;0.0;710.047
5;0;162;0.0;0.0;0.0;799.013;0.0;799.013
5;0;163;0.0;0.0;0.0;835.791;0.0;835.791
5;0;164;0.0;0.0;0.0;737.007;0.0;737.007
5;0;165;0.0;0.0;0.0;619.829;0.0;619.829
5;0;166;0.0;0.0;0.0;612.667;0.0;612.667
5;0;167;0.0;0.0;0.0;583.268;0.0;583.268
5;1;0;0.0;0.0;0.0;138.851;0.0;138.851
5;1;1;0.0;0.0;0.0;142.253;0.0;142.253
5;1;2;0.0;0.0;0.0;141.421;0.0;141.421
5;1;3;0.0;0.0;0.0;140.014;0.0;140.014
5;1;4;0.0;0.0;0.0;141.186;0.0;141.186
5;1;5;0.0;0.0;0.0;143.169;0.0;143.169
5;1;6;0.0;0.0;0.0;146.213;0.0;146.213
5;1;7;0.0;94.588;0.0;188.905;0.0;283.492
5;1;8;0.0;312.173;0.0;0.0;0.0;312.173
5;1;9;0.0;335.542;0.0;0.0;0.0;335.542
5;1;10;0.0;350.707;0.0;0.0;0.0;350.707
5;1;11;0.0;332.356;0.0;0.0;0.0;332.356
5;1;12;0.0;318.428;0.0;0.0;0.0;318.428
5;1;13;0.0;328.607;0.0;0.0;0.0;328.607
5;1;14;0.0;341.387;0.0;0.0;0.0;341.387
5;1;15;0.0;320.73;0.0;0.0;0.0;320.73
5;1;16;0.0;361.506;0.0;0.0;0.0;361.506
5;1;17;0.0;249.397;0.0;35.055;0.0;284.452
5;1;18;0.0;34.596;0.0;263.63;0.0;298.226
5;1;19;0.0;0.0;0.0;418.085;0.0;418.085
5;1;20;0.0;0.0;0.0;329.895;0.0;329.895
5;1;21;0.0;0.0;0.0;199.016;0.0;199.016
5;1;22;0.0;0.0;0.0;191.234;0.0;191.234
5;1;23;0.0;0.0;0.0;173.048;0.0;173.048
5;1;24;0.0;0.0;0.0;137.731;0.0;137.731
5;1;25;0.0;0.0;0.0;139.712;0.0;139.712
5;1;26;0.0;0.0;0.0;141.565;0.0;141.565
5;1;27;0.0;0.0;0.0;140.195;0.0;140.195
5;1;28;0.0;0.0;0.0;141.526;0.0;141.526
5;1;29;0.0;0.0;0.0;142.101;0.0;142.101
5;1;30;0.0;0.0;0.0;145.344;0.0;145.344
5;1;31;0.0;69.169;0.0;212.513;0.0;281.681
5;1;32;0.0;331.223;0.0;0.0;0.0;331.223
5;1;33;0.0;334.994;0.0;0.0;0.0;334.994
5;1;34;0.0;356.259;0.0;0.0;0.0;356.259
5;1;35;0.0;354.853;0.0;0.0;0.0;354.853
5;1;36;0.0;326.46;0.0;0.0;0.0;326.46
5;1;37;0.0;329.283;0.0;0.0;0.0;329.283
5;1;38;0.0;363.101;0.0;0.0;0.0;363.101
5;1;39;0.0;396.182;0.0;0.0;0.0;396.182
5;1;40;0.0;311.971;0.0;0.0;0.0;311.971
5;1;41;0.0;366.647;0.0;0.0;0.0;366.647
5;1;42;0.0;134.85;0.0;144.395;0.0;279.245
5;1;43;0.0;0.0;0.0;417.79;0.0;417.79
5;1;44;0.0;0.0;0.0;320.656;0.0;320.656
5;1;45;0.0;0.0;0.0;206.804;0.0;206.804
5;1;46;0.0;0.0;0.0;192.975;0.0;192.975
5;1;47;0.0;0.0;0.0;178.724;0.0;178.724
5;1;48;0.0;0.0;0.0;139.863;0.0;139.863
5;1;49;0.0;0.0;0.0;142.22;0.0;142.22
5;1;50;0.0;0.0;0.0;141.446;0.0;141.446
5;1;51;0.0;0.0;0.0;140.181;0.0;140.181
5;1;52;0.0;0.0;0.0;141.122;0.0;141.122
5;1;53;0.0;0.0;0.0;141.979;0.0;141.979
5;1;54;0.0;0.0;0.0;145.838;0.0;145.838
5;1;55;0.0;12.444;0.0;312.511;0.0;324.955
5;1;56;0.0;285.62;0.0;0.0;0.0;285.62
5;1;57;0.0;277.081;0.0;0.0;0.0;277.081
5;1;58;0.0;305.215;0.0;0.0;0.0;305.215
5;1;59;0.0;289.454;0.0;0.0;0.0;289.454
5;1;60;0.0;295.1;0.0;0.0;0.0;295.1
5;1;61;0.0;302.578;0.0;0.0;0.0;302.578
5;1;62;0.0;309.115;0.0;0.0;0.0;309.115
5;1;63;0.0;256.096;0.0;20.365;0.0;276.461
5;1;64;0.0;407.134;0.0;0.0;0.0;407.134
5;1;65;0.0;279.102;0.0;0.0;0.0;279.102
5;1;66;0.0;64.744;0.0;212.187;0.0;276.931
5;1;67;0.0;0.0;0.0;417.182;0.0;417.182
5;1;68;0.0;0.0;0.0;320.126;0.0;320.126
5;1;69;0.0;0.0;0.0;201.058;0.0;201.058
5;1;70;0.0;0.0;0.0;199.677;0.0;199.677
5;1;71;0.0;0.0;0.0;176.136;0.0;176.136
5;1;72;0.0;0.0;0.0;141.081;0.0;141.081
5;1;73;0.0;0.0;0.0;139.87;0.0;139.87
5;1;74;0.0;0.0;0.0;141.628;0.0;141.628
5;1;75;0.0;0.0;0.0;140.025;0.0;140.025
5;1;76;0.0;0.0;0.0;140.688;0.0;140.688
5;1;77;0.0;0.0;0.0;142.174;0.0;142.174
5;1;78;0.0;0.0;0.0;142.286;0.0;142.286
5;1;79;0.0;75.381;0.0;53.899;0.0;129.28
5;1;80;0.0;131.81;0.0;0.0;0.0;131.81
5;1;81;0.0;146.415;0.0;0.0;0.0;146.415
5;1;82;0.0;155.546;0.0;0.0;0.0;155.546
5;1;83;0.0;152.627;0.0;0.0;0.0;152.627
5;1;84;0.0;149.453;0.0;0.0;0.0;149.453
5;1;85;0.0;155.148;0.0;0.0;0.0;155.148
5;1;86;0.0;151.348;0.0;0.0;0.0;151.348
5;1;87;0.0;296.113;0.0;0.0;0.0;296.113
5;1;88;0.0;138.332;0.0;0.0;0.0;138.332
5;1;89;0.0;143.027;0.0;0.0;0.0;143.027
5;1;90;0.0;128.516;0.0;7.744;0.0;136.259
5;1;91;0.0;0.0;0.0;216.486;0.0;216.486
5;1;92;0.0;0.0;0.0;217.115;0.0;217.115
5;1;93;0.0;0.0;0.0;203.757;0.0;203.757
5;1;94;0.0;0.0;0.0;197.32;0.0;197.32
5;1;95;0.0;0.0;0.0;170.575;0.0;170.575
5;1;96;0.0;0.0;0.0;139.207;0.0;139.207
5;1;97;0.0;0.0;0.0;143.966;0.0;143.966
5;1;98;0.0;0.0;0.0;141.496;0.0;141.496
5;1;99;0.0;0.0;0.0;140.971;0.0;140.971
5;1;100;0.0;0.0;0.0;140.98;0.0;140.98
5;1;101;0.0;0.0;0.0;145.436;0.0;145.436
5;1;102;0.0;0.0;0.0;144.895;0.0;144.895
5;1;103;0.0;72.322;0.0;235.245;0.0;307.568
5;1;104;0.0;255.849;0.0;34.231;0.0;290.08
5;1;105;0.0;285.681;0.0;53.446;0.0;339.127
5;1;106;0.0;369.474;0.0;0.0;0.0;369.474
5;1;107;0.0;366.803;0.0;0.0;0.0;366.803
5;1;108;0.0;349.691;0.0;0.0;0.0;349.691
5;1;109;0.0;343.051;0.0;0.0;0.0;343.051
5;1;110;0.0;408.613;0.0;0.0;0.0;408.613
5;1;111;0.0;432.35;0.0;0.0;0.0;432.35
5;1;112;0.0;316.553;0.0;0.0;0.0;316.553
5;1;113;0.0;271.93;0.0;16.576;0.0;288.506
5;1;114;0.0;103.821;0.0;181.751;0.0;285.572
5;1;115;0.0;0.0;0.0;435.165;0.0;435.165
5;1;116;0.0;0.0;0.0;315.783;0.0;315.783
5;1;117;0.0;0.0;0.0;215.286;0.0;215.286
5;1;118;0.0;0.0;0.0;196.009;0.0;196.009
5;1;119;0.0;0.0;0.0;170.037;0.0;170.037
5;1;120;0.0;0.0;0.0;138.708;0.0;138.708
5;1;121;0.0;0.0;0.0;143.878;0.0;143.878
5;1;122;0.0;0.0;0.0;142.194;0.0;142.194
5;1;123;0.0;0.0;0.0;141.333;0.0;141.333
5;1;124;0.0;0.0;0.0;140.624;0.0;140.624
5;1;125;0.0;0.0;0.0;138.629;0.0;138.629
5;1;126;0.0;0.0;0.0;146.199;0.0;146.199
5;1;127;0.0;4.578;0.0;357.343;0.0;361.921
5;1;128;0.0;319.205;0.0;0.0;0.0;319.205
5;1;129;0.0;354.096;0.0;0.0;0.0;354.096
5;1;130;0.0;359.922;0.0;0.0;0.0;359.922
5;1;131;0.0;356.238;0.0;0.0;0.0;356.238
5;1;132;0.0;338.17;0.0;0.0;0.0;338.17
5;1;133;0.0;349.225;0.0;0.0;0.0;349.225
5;1;134;0.0;363.242;0.0;0.0;0.0;363.242
5;1;135;0.0;336.39;0.0;0.0;0.0;336.39
5;1;136;0.0;365.395;0.0;0.0;0.0;365.395
5;1;137;0.0;375.061;0.0;0.0;0.0;375.061
5;1;138;0.0;101.783;0.0;177.524;0.0;279.307
5;1;139;0.0;0.0;0.0;412.788;0.0;412.788
5;1;140;0.0;0.0;0.0;331.097;0.0;331.097
5;1;141;0.0;0.0;0.0;205.919;0.0;205.919
5;1;142;0.0;0.0;0.0;196.643;0.0;196.643
5;1;143;0.0;0.0;0.0;190.07;0.0;190.07
5;1;144;0.0;0.0;0.0;137.15;0.0;137.15
5;1;145;0.0;0.0;0.0;139.893;0.0;139.893
5;1;146;0.0;0.0;0.0;141.133;0.0;141.133
5;1;147;0.0;0.0;0.0;143.96;0.0;143.96
5;1;148;0.0;0.0;0.0;139.296;0.0;139.296
5;1;149;0.0;0.0;0.0;140.859;0.0;140.859
5;1;150;0.0;0.0;0.0;147.599;0.0;147.599
5;1;151;0.0;48.433;0.0;274.0;0.0;322.433
5;1;152;0.0;319.858;0.0;0.0;0.0;319.858
5;1;153;0.0;342.109;0.0;0.0;0.0;342.109
5;1;154;0.0;364.909;0.0;0.0;0.0;364.909
5;1;155;0.0;357.173;0.0;0.0;0.0;357.173
5;1;156;0.0;339.573;0.0;0.0;0.0;339.573
5;1;157;0.0;339.137;0.0;0.0;0.0;339.137
5;1;158;0.0;341.671;0.0;0.0;0.0;341.671
5;1;159;0.0;516.573;0.0;0.0;0.0;516.573
5;1;160;0.0;326.645;0.0;0.0;0.0;326.645
5;1;161;0.0;407.523;0.0;0.0;0.0;407.523
5;1;162;0.0;115.333;0.0;168.819;0.0;284.153
5;1;163;0.0;0.0;0.0;424.05;0.0;424.05
5;1;164;0.0;0.0;0.0;326.323;0.0;326.323
5;1;165;0.0;0.0;0.0;195.09;0.0;195.09
5;1;166;0.0;0.0;0.0;183.67;0.0;183.67
5;1;167;0.0;0.0;0.0;168.527;0.0;168.527
5;2;0;0.0;0.0;0.0;470.025;0.0;470.025
5;2;1;0.0;0.0;0.0;478.932;0.0;478.932
5;2;2;0.0;0.0;0.0;369.498;0.0;369.498
5;2;3;0.0;0.0;0.0;141.614;0.0;141.614
5;2;4;0.0;0.0;0.0;141.023;0.0;141.023
5;2;5;0.0;0.0;0.0;140.519;0.0;140.519
5;2;6;0.0;0.0;0.0;147.377;0.0;147.377
5;2;7;0.0;44.545;0.0;549.023;0.0;593.567
5;2;8;0.0;451.653;0.0;18.976;0.0;470.628
5;2;9;0.0;654.698;0.0;0.0;0.0;654.698
5;2;10;0.0;657.032;0.0;0.0;0.0;657.032
5;2;11;0.0;630.271;0.0;0.0;0.0;630.271
5;2;12;0.0;611.584;0.0;0.0;0.0;611.584
5;2;13;0.0;609.261;0.0;0.0;0.0;609.261
5;2;14;0.0;625.215;0.0;0.0;0.0;625.215
5;2;15;0.0;599.823;0.0;0.0;0.0;599.823
5;2;16;0.0;585.965;0.0;0.0;0.0;585.965
5;2;17;0.0;343.003;0.0;25.344;0.0;368.347
5;2;18;0.0;15.42;0.0;358.122;0.0;373.542
5;2;19;0.0;0.0;0.0;424.906;0.0;424.906
5;2;20;0.0;0.0;0.0;326.406;0.0;326.406
5;2;21;0.0;0.0;0.0;205.027;0.0;205.027
5;2;22;0.0;0.0;0.0;199.037;0.0;199.037
5;2;23;0.0;0.0;0.0;179.573;0.0;179.573
5;2;24;0.0;0.0;0.0;135.629;0.0;135.629
5;2;25;0.0;0.0;0.0;143.648;0.0;143.648
5;2;26;0.0;0.0;0.0;141.031;0.0;141.031
5;2;27;0.0;0.0;0.0;146.909;0.0;146.909
5;2;28;0.0;0.0;0.0;139.867;0.0;139.867
5;2;29;0.0;0.0;0.0;141.401;0.0;141.401
5;2;30;0.0;0.0;0.0;148.999;0.0;148.999
5;2;31;0.0;46.245;0.0;341.327;0.0;387.572
5;2;32;0.0;342.749;0.0;0.0;0.0;342.749
5;2;33;0.0;526.416;0.0;0.0;0.0;526.416
5;2;34;0.0;651.303;0.0;0.0;0.0;651.303
5;2;35;0.0;625.484;0.0;0.0;0.0;625.484
5;2;36;0.0;596.067;0.0;0.0;0.0;596.067
5;2;37;0.0;597.951;0.0;0.0;0.0;597.951
5;2;38;0.0;612.689;0.0;0.0;0.0;612.689
5;2;39;0.0;591.696;0.0;0.0;0.0;591.696
5;2;40;0.0;515.244;0.0;0.0;0.0;515.244
5;2;41;0.0;200.545;0.0;101.17;0.0;301.715
5;2;42;0.0;0.0;0.0;385.606;0.0;385.606
5;2;43;0.0;0.0;0.0;422.38;0.0;422.38
5;2;44;0.0;0.0;0.0;339.174;0.0;339.174
5;2;45;0.0;0.0;0.0;202.295;0.0;202.295
5;2;46;0.0;0.0;0.0;199.889;0.0;199.889
5;2;47;0.0;0.0;0.0;177.279;0.0;177.279
5;2;48;0.0;0.0;0.0;140.082;0.0;140.082
5;2;49;0.0;0.0;0.0;144.86;0.0;144.86
5;2;50;0.0;0.0;0.0;141.805;0.0;141.805
5;2;51;0.0;0.0;0.0;141.228;0.0;141.228
5;2;52;0.0;0.0;0.0;138.644;0.0;138.644
5;2;53;0.0;0.0;0.0;139.493;0.0;139.493
5;2;54;0.0;0.0;0.0;142.73;0.0;142.73
5;2;55;0.0;0.0;0.0;375.908;0.0;375.908
5;2;56;0.0;24.05;0.0;330.583;0.0;354.634
5;2;57;0.0;119.293;0.0;180.783;0.0;300.077
5;2;58;0.0;90.169;0.0;233.298;0.0;323.467
5;2;59;0.0;98.23;0.0;198.327;0.0;296.557
5;2;60;0.0;202.711;0.0;85.979;0.0;288.69
5;2;61;0.0;207.581;0.0;78.791;0.0;286.372
5;2;62;0.0;261.693;0.0;34.899;0.0;296.592
5;2;63;0.0;258.751;0.0;25.162;0.0;283.913
5;2;64;0.0;116.692;0.0;176.789;0.0;293.481
5;2;65;0.0;49.664;0.0;289.572;0.0;339.236
5;2;66;0.0;0.0;0.0;407.754;0.0;407.754
5;2;67;0.0;0.0;0.0;426.945;0.0;426.945
5;2;68;0.0;0.0;0.0;322.845;0.0;322.845
5;2;69;0.0;0.0;0.0;202.863;0.0;202.863
5;2;70;0.0;0.0;0.0;199.447;0.0;199.447
5;2;71;0.0;0.0;0.0;167.515;0.0;167.515
5;2;72;0.0;0.0;0.0;139.675;0.0;139.675
5;2;73;0.0;0.0;0.0;144.03;0.0;144.03
5;2;74;0.0;0.0;0.0;140.546;0.0;140.546
5;2;75;0.0;0.0;0.0;142.106;0.0;142.106
5;2;76;0.0;0.0;0.0;139.135;0.0;139.135
5;2;77;0.0;0.0;0.0;139.833;0.0;139.833
5;2;78;0.0;0.0;0.0;145.338;0.0;145.338
5;2;79;0.0;46.275;0.0;107.828;0.0;154.103
5;2;80;0.0;214.443;0.0;0.0;0.0;214.443
5;2;81;0.0;135.919;0.0;0.0;0.0;135.919
5;2;82;0.0;220.133;0.0;0.0;0.0;220.133
5;2;83;0.0;444.888;0.0;0.0;0.0;444.888
5;2;84;0.0;431.315;0.0;0.0;0.0;431.315
5;2;85;0.0;429.665;0.0;0.0;0.0;429.665
5;2;86;0.0;430.914;0.0;0.0;0.0;430.914
5;2;87;0.0;366.238;0.0;55.18;0.0;421.419
5;2;88;0.0;243.956;0.0;20.377;0.0;264.333
5;2;89;0.0;184.07;0.0;246.05;0.0;430.121
5;2;90;0.0;0.0;0.0;195.654;0.0;195.654
5;2;91;0.0;0.0;0.0;215.345;0.0;215.345
5;2;92;0.0;0.0;0.0;211.213;0.0;211.213
5;2;93;0.0;0.0;0.0;208.921;0.0;208.921
5;2;94;0.0;0.0;0.0;497.88;0.0;497.88
5;2;95;0.0;0.0;0.0;247.939;0.0;247.939
5;2;96;0.0;0.0;0.0;143.22;0.0;143.22
5;2;97;0.0;0.0;0.0;139.487;0.0;139.487
5;2;98;0.0;0.0;0.0;138.846;0.0;138.846
5;2;99;0.0;0.0;0.0;142.762;0.0;142.762
5;2;100;0.0;0.0;0.0;136.677;0.0;136.677
5;2;101;0.0;0.0;0.0;140.519;0.0;140.519
5;2;102;0.0;0.0;0.0;143.483;0.0;143.483
5;2;103;0.0;18.37;0.0;645.935;0.0;664.305
5;2;104;0.0;406.163;0.0;128.246;0.0;534.409
5;2;105;0.0;526.307;0.0;0.0;0.0;526.307
5;2;106;0.0;644.162;0.0;0.0;0.0;644.162
5;2;107;0.0;644.544;0.0;0.0;0.0;644.544
5;2;108;0.0;615.205;0.0;0.0;0.0;615.205
5;2;109;0.0;611.774;0.0;0.0;0.0;611.774
5;2;110;0.0;629.622;0.0;0.0;0.0;629.622
5;2;111;0.0;353.964;0.0;0.0;0.0;353.964
5;2;112;0.0;180.432;0.0;132.805;0.0;313.237
5;2;113;0.0;128.144;0.0;192.08;0.0;320.224
5;2;114;0.0;0.0;0.0;399.84;0.0;399.84
5;2;115;0.0;0.0;0.0;420.295;0.0;420.295
5;2;116;0.0;0.0;0.0;338.419;0.0;338.419
5;2;117;0.0;0.0;0.0;197.599;0.0;197.599
5;2;118;0.0;0.0;0.0;190.182;0.0;190.182
5;2;119;0.0;0.0;0.0;172.154;0.0;172.154
5;2;120;0.0;0.0;0.0;138.075;0.0;138.075
5;2;121;0.0;0.0;0.0;145.528;0.0;145.528
5;2;122;0.0;0.0;0.0;247.62;0.0;247.62
5;2;123;0.0;0.0;0.0;255.514;0.0;255.514
5;2;124;0.0;0.0;0.0;257.923;0.0;257.923
5;2;125;0.0;0.0;0.0;260.305;0.0;260.305
5;2;126;0.0;0.0;0.0;272.848;0.0;272.848
5;2;127;0.0;0.0;0.0;519.007;0.0;519.007
5;2;128;0.0;78.39;0.0;375.329;0.0;453.719
5;2;129;0.0;171.767;0.0;231.197;0.0;402.964
5;2;130;0.0;245.49;0.0;173.821;0.0;419.311
5;2;131;0.0;260.4;0.0;133.774;0.0;394.174
5;2;132;0.0;579.047;0.0;0.0;0.0;579.047
5;2;133;0.0;586.212;0.0;0.0;0.0;586.212
5;2;134;0.0;344.593;0.0;0.0;0.0;344.593
5;2;135;0.0;157.98;0.0;181.922;0.0;339.902
5;2;136;0.0;138.626;0.0;173.873;0.0;312.499
5;2;137;0.0;47.817;0.0;574.088;0.0;621.906
5;2;138;0.0;0.0;0.0;664.327;0.0;664.327
5;2;139;0.0;0.0;0.0;537.086;0.0;537.086
5;2;140;0.0;0.0;0.0;334.788;0.0;334.788
5;2;141;0.0;0.0;0.0;201.992;0.0;201.992
5;2;142;0.0;0.0;0.0;195.022;0.0;195.022
5;2;143;0.0;0.0;0.0;179.493;0.0;179.493
5;2;144;0.0;0.0;0.0;141.131;0.0;141.131
5;2;145;0.0;0.0;0.0;145.18;0.0;145.18
5;2;146;0.0;0.0;0.0;140.491;0.0;140.491
5;2;147;0.0;0.0;0.0;140.811;0.0;140.811
5;2;148;0.0;0.0;0.0;140.741;0.0;140.741
5;2;149;0.0;0.0;0.0;141.888;0.0;141.888
5;2;150;0.0;0.0;0.0;153.283;0.0;153.283
5;2;151;0.0;0.0;0.0;433.604;0.0;433.604
5;2;152;0.0;0.0;0.0;457.463;0.0;457.463
5;2;153;0.0;43.285;0.0;436.993;0.0;480.278
5;2;154;0.0;35.437;0.0;451.03;0.0;486.467
5;2;155;0.0;56.527;0.0;366.16;0.0;422.688
5;2;156;0.0;125.165;0.0;246.256;0.0;371.421
5;2;157;0.0;81.926;0.0;303.59;0.0;385.516
5;2;158;0.0;88.385;0.0;301.161;0.0;389.546
5;2;159;0.0;56.198;0.0;357.464;0.0;413.661
5;2;160;0.0;0.0;0.0;706.19;0.0;706.19
5;2;161;0.0;0.0;0.0;452.306;0.0;452.306
5;2;162;0.0;0.0;0.0;412.698;0.0;412.698
5;2;163;0.0;0.0;0.0;435.919;0.0;435.919
5;2;164;0.0;0.0;0.0;327.206;0.0;327.206
5;2;165;0.0;0.0;0.0;207.674;0.0;207.674
5;2;166;0.0;0.0;0.0;356.933;0.0;356.933
5;2;167;0.0;0.0;0.0;455.233;0.0;455.233
5;3;0;0.0;0.0;0.0;142.308;0.0;142.308
5;3;1;0.0;0.0;0.0;534.312;0.0;534.312
5;3;2;0.0;0.0;0.0;528.621;0.0;528.621
5;3;3;0.0;0.0;0.0;531.697;0.0;531.697
5;3;4;0.0;0.0;0.0;532.719;0.0;532.719
5;3;5;0.0;0.0;0.0;538.355;0.0;538.355
5;3;6;0.0;0.0;0.0;546.0;0.0;546.0
5;3;7;0.0;0.0;0.0;822.552;0.0;822.552
5;3;8;0.0;0.0;0.0;835.036;0.0;835.036
5;3;9;0.0;0.0;0.0;811.052;0.0;811.052
5;3;10;0.0;0.0;0.0;721.551;0.0;721.551
5;3;11;0.0;0.0;0.0;678.292;0.0;678.292
5;3;12;0.0;276.574;0.0;329.121;0.0;605.695
5;3;13;0.0;580.043;0.0;0.0;0.0;580.043
5;3;14;0.0;430.977;0.0;269.792;0.0;700.769
5;3;15;0.0;334.09;0.0;349.165;0.0;683.255
5;3;16;0.0;0.0;0.0;839.587;0.0;839.587
5;3;17;0.0;0.0;0.0;830.356;0.0;830.356
5;3;18;0.0;0.0;0.0;795.596;0.0;795.596
5;3;19;0.0;0.0;0.0;445.809;0.0;445.809
5;3;20;0.0;0.0;0.0;335.649;0.0;335.649
5;3;21;0.0;0.0;0.0;456.764;0.0;456.764
5;3;22;0.0;0.0;0.0;570.293;0.0;570.293
5;3;23;0.0;0.0;0.0;562.565;0.0;562.565
5;3;24;0.0;0.0;0.0;533.1;0.0;533.1
5;3;25;0.0;0.0;0.0;541.379;0.0;541.379
5;3;26;0.0;0.0;0.0;540.039;0.0;540.039
5;3;27;0.0;0.0;0.0;537.726;0.0;537.726
5;3;28;0.0;0.0;0.0;540.456;0.0;540.456
5;3;29;0.0;0.0;0.0;540.878;0.0;540.878
5;3;30;0.0;0.0;0.0;548.489;0.0;548.489
5;3;31;0.0;0.0;0.0;844.968;0.0;844.968
5;3;32;0.0;0.0;0.0;852.909;0.0;852.909
5;3;33;0.0;0.0;0.0;819.445;0.0;819.445
5;3;34;0.0;215.753;0.0;474.117;0.0;689.87
5;3;35;0.0;282.709;0.0;369.325;0.0;652.034
5;3;36;0.0;365.061;0.0;253.45;0.0;618.511
5;3;37;0.0;218.019;0.0;400.292;0.0;618.311
5;3;38;0.0;0.0;0.0;710.815;0.0;710.815
5;3;39;0.0;0.0;0.0;774.546;0.0;774.546
5;3;40;0.0;0.0;0.0;786.316;0.0;786.316
5;3;41;0.0;0.0;0.0;781.634;0.0;781.634
5;3;42;0.0;0.0;0.0;757.947;0.0;757.947
5;3;43;0.0;0.0;0.0;759.53;0.0;759.53
5;3;44;0.0;0.0;0.0;667.646;0.0;667.646
5;3;45;0.0;0.0;0.0;564.754;0.0;564.754
5;3;46;0.0;0.0;0.0;541.57;0.0;541.57
5;3;47;0.0;0.0;0.0;519.255;0.0;519.255
5;3;48;0.0;0.0;0.0;229.129;0.0;229.129
5;3;49;0.0;0.0;0.0;227.021;0.0;227.021
5;3;50;0.0;0.0;0.0;225.662;0.0;225.662
5;3;51;0.0;0.0;0.0;227.547;0.0;227.547
5;3;52;0.0;0.0;0.0;230.954;0.0;230.954
5;3;53;0.0;0.0;0.0;231.682;0.0;231.682
5;3;54;0.0;0.0;0.0;238.437;0.0;238.437
5;3;55;0.0;0.0;0.0;501.398;0.0;501.398
5;3;56;0.0;0.0;0.0;538.701;0.0;538.701
5;3;57;0.0;0.0;0.0;518.553;0.0;518.553
5;3;58;0.0;0.0;0.0;498.54;0.0;498.54
5;3;59;0.0;0.0;0.0;494.499;0.0;494.499
5;3;60;0.0;0.0;0.0;402.699;0.0;402.699
5;3;61;0.0;396.217;0.0;0.0;0.0;396.217
5;3;62;0.0;46.787;0.0;342.437;0.0;389.224
5;3;63;0.0;0.0;0.0;434.005;0.0;434.005
5;3;64;0.0;0.0;0.0;520.483;0.0;520.483
5;3;65;0.0;0.0;0.0;770.761;0.0;770.761
5;3;66;0.0;0.0;0.0;771.664;0.0;771.664
5;3;67;0.0;0.0;0.0;469.503;0.0;469.503
5;3;68;0.0;0.0;0.0;343.946;0.0;343.946
5;3;69;0.0;0.0;0.0;208.356;0.0;208.356
5;3;70;0.0;0.0;0.0;208.378;0.0;208.378
5;3;71;0.0;0.0;0.0;323.197;0.0;323.197
5;3;72;0.0;0.0;0.0;286.7;0.0;286.7
5;3;73;0.0;0.0;0.0;292.139;0.0;292.139
5;3;74;0.0;0.0;0.0;297.656;0.0;297.656
5;3;75;0.0;0.0;0.0;308.738;0.0;308.738
5;3;76;0.0;0.0;0.0;306.96;0.0;306.96
5;3;77;0.0;0.0;0.0;313.274;0.0;313.274
5;3;78;0.0;0.0;0.0;501.048;0.0;501.048
5;3;79;0.0;0.0;0.0;163.441;0.0;163.441
5;3;80;0.0;0.0;0.0;370.309;0.0;370.309
5;3;81;0.0;0.0;0.0;548.932;0.0;548.932
5;3;82;0.0;0.0;0.0;562.793;0.0;562.793
5;3;83;0.0;0.0;0.0;551.429;0.0;551.429
5;3;84;0.0;0.0;0.0;531.916;0.0;531.916
5;3;85;0.0;174.35;0.0;330.809;0.0;505.159
5;3;86;0.0;367.21;0.0;141.731;0.0;508.941
5;3;87;0.0;134.086;0.0;381.426;0.0;515.511
5;3;88;0.0;0.0;0.0;549.665;0.0;549.665
5;3;89;0.0;0.0;0.0;568.082;0.0;568.082
5;3;90;0.0;0.0;0.0;579.22;0.0;579.22
5;3;91;0.0;0.0;0.0;594.675;0.0;594.675
5;3;92;0.0;0.0;0.0;597.339;0.0;597.339
5;3;93;0.0;0.0;0.0;595.878;0.0;595.878
5;3;94;0.0;0.0;0.0;586.033;0.0;586.033
5;3;95;0.0;0.0;0.0;564.989;0.0;564.989
5;3;96;0.0;0.0;0.0;533.716;0.0;533.716
5;3;97;0.0;0.0;0.0;542.189;0.0;542.189
5;3;98;0.0;0.0;0.0;538.46;0.0;538.46
5;3;99;0.0;0.0;0.0;537.935;0.0;537.935
5;3;100;0.0;0.0;0.0;538.809;0.0;538.809
5;3;101;0.0;0.0;0.0;533.833;0.0;533.833
5;3;102;0.0;0.0;0.0;535.866;0.0;535.866
5;3;103;0.0;0.0;0.0;835.707;0.0;835.707
5;3;104;0.0;0.0;0.0;861.22;0.0;861.22
5;3;105;0.0;0.0;0.0;1020.013;0.0;1020.013
5;3;106;0.0;0.0;0.0;1186.683;0.0;1186.683
5;3;107;0.0;0.0;0.0;1163.333;0.0;1163.333
5;3;108;0.0;0.0;0.0;1108.923;0.0;1108.923
5;3;109;0.0;0.0;0.0;1046.658;0.0;1046.658
5;3;110;0.0;0.0;0.0;1019.389;0.0;1019.389
5;3;111;0.0;0.0;0.0;1023.942;0.0;1023.942
5;3;112;0.0;0.0;0.0;965.142;0.0;965.142
5;3;113;0.0;0.0;0.0;938.399;0.0;938.399
5;3;114;0.0;0.0;0.0;930.349;0.0;930.349
5;3;115;0.0;0.0;0.0;913.478;0.0;913.478
5;3;116;0.0;0.0;0.0;833.56;0.0;833.56
5;3;117;0.0;0.0;0.0;749.969;0.0;749.969
5;3;118;0.0;0.0;0.0;691.148;0.0;691.148
5;3;119;0.0;0.0;0.0;673.589;0.0;673.589
5;3;120;0.0;0.0;0.0;646.171;0.0;646.171
5;3;121;0.0;0.0;0.0;650.081;0.0;650.081
5;3;122;0.0;0.0;0.0;675.378;0.0;675.378
5;3;123;0.0;0.0;0.0;701.929;0.0;701.929
5;3;124;0.0;0.0;0.0;741.929;0.0;741.929
5;3;125;0.0;0.0;0.0;774.585;0.0;774.585
5;3;126;0.0;0.0;0.0;800.533;0.0;800.533
5;3;127;0.0;0.0;0.0;946.099;0.0;946.099
5;3;128;0.0;0.0;0.0;899.667;0.0;899.667
5;3;129;0.0;0.0;0.0;888.733;0.0;888.733
5;3;130;0.0;0.0;0.0;813.195;0.0;813.195
5;3;131;0.0;0.0;0.0;791.796;0.0;791.796
5;3;132;0.0;0.0;0.0;661.058;0.0;661.058
5;3;133;0.0;0.0;0.0;689.594;0.0;689.594
5;3;134;0.0;0.0;0.0;859.262;0.0;859.262
5;3;135;0.0;0.0;0.0;866.807;0.0;866.807
5;3;136;0.0;0.0;0.0;868.542;0.0;868.542
5;3;137;0.0;0.0;0.0;841.705;0.0;841.705
5;3;138;0.0;0.0;0.0;792.453;0.0;792.453
5;3;139;0.0;0.0;0.0;817.403;0.0;817.403
5;3;140;0.0;0.0;0.0;711.997;0.0;711.997
5;3;141;0.0;0.0;0.0;602.622;0.0;602.622
5;3;142;0.0;0.0;0.0;596.494;0.0;596.494
5;3;143;0.0;0.0;0.0;574.959;0.0;574.959
5;3;144;0.0;0.0;0.0;531.636;0.0;531.636
5;3;145;0.0;0.0;0.0;540.054;0.0;540.054
5;3;146;0.0;0.0;0.0;535.372;0.0;535.372
5;3;147;0.0;0.0;0.0;540.465;0.0;540.465
5;3;148;0.0;0.0;0.0;536.702;0.0;536.702
5;3;149;0.0;0.0;0.0;539.449;0.0;539.449
5;3;150;0.0;0.0;0.0;543.949;0.0;543.949
5;3;151;0.0;0.0;0.0;829.647;0.0;829.647
5;3;152;0.0;0.0;0.0;835.516;0.0;835.516
5;3;153;0.0;0.0;0.0;781.825;0.0;781.825
5;3;154;0.0;83.522;0.0;600.485;0.0;684.007
5;3;155;0.0;0.0;0.0;647.092;0.0;647.092
5;3;156;0.0;0.0;0.0;675.449;0.0;675.449
5;3;157;0.0;0.0;0.0;764.393;0.0;764.393
5;3;158;0.0;0.0;0.0;577.12;0.0;577.12
5;3;159;0.0;0.0;0.0;724.008;0.0;724.008
5;3;160;0.0;0.0;0.0;708.331;0.0;708.331
5;3;161;0.0;0.0;0.0;697.463;0.0;697.463
5;3;162;0.0;0.0;0.0;673.974;0.0;673.974
5;3;163;0.0;0.0;0.0;776.704;0.0;776.704
5;3;164;0.0;0.0;0.0;700.519;0.0;700.519
5;3;165;0.0;0.0;0.0;554.002;0.0;554.002
5;3;166;0.0;0.0;0.0;544.373;0.0;544.373
5;3;167;0.0;0.0;0.0;532.494;0.0;532.494
10;0;0;0.0;0.0;0.0;147.77;0.0;147.77
10;0;1;0.0;0.0;0.0;324.008;0.0;324.008
10;0;2;0.0;0.0;0.0;147.638;0.0;147.638
10;0;3;0.0;0.0;0.0;368.65;0.0;368.65
10;0;4;0.0;0.0;0.0;375.622;0.0;375.622
10;0;5;0.0;0.0;0.0;379.516;0.0;379.516
10;0;6;0.0;0.0;0.0;401.118;0.0;401.118
10;0;7;0.0;0.0;0.0;664.266;0.0;664.266
10;0;8;0.0;0.0;0.0;658.481;0.0;658.481
10;0;9;0.0;334.532;0.0;206.774;0.0;541.306
10;0;10;0.0;421.729;0.0;116.073;0.0;537.802
10;0;11;0.0;40.903;0.0;475.883;0.0;516.786
10;0;12;0.0;236.288;0.0;237.356;0.0;473.644
10;0;13;0.0;0.0;0.0;596.867;0.0;596.867
10;0;14;0.0;0.0;0.0;392.271;0.0;392.271
10;0;15;0.0;218.645;0.0;243.381;0.0;462.026
10;0;16;0.0;0.0;0.0;445.879;0.0;445.879
10;0;17;0.0;0.0;0.0;542.728;0.0;542.728
10;0;18;0.0;0.0;0.0;759.545;0.0;759.545
10;0;19;0.0;0.0;0.0;444.103;0.0;444.103
10;0;20;0.0;0.0;0.0;436.769;0.0;436.769
10;0;21;0.0;0.0;0.0;539.336;0.0;539.336
10;0;22;0.0;0.0;0.0;529.213;0.0;529.213
10;0;23;0.0;0.0;0.0;522.236;0.0;522.236
10;0;24;0.0;0.0;0.0;148.336;0.0;148.336
10;0;25;0.0;0.0;0.0;147.39;0.0;147.39
10;0;26;0.0;0.0;0.0;279.52;0.0;279.52
10;0;27;0.0;0.0;0.0;501.707;0.0;501.707
10;0;28;0.0;0.0;0.0;503.778;0.0;503.778
10;0;29;0.0;0.0;0.0;509.136;0.0;509.136
10;0;30;0.0;0.0;0.0;161.16;0.0;161.16
10;0;31;0.0;0.0;0.0;617.808;0.0;617.808
10;0;32;0.0;0.0;0.0;691.189;0.0;691.189
10;0;33;0.0;262.229;0.0;308.496;0.0;570.725
10;0;34;0.0;475.788;0.0;81.976;0.0;557.765
10;0;35;0.0;500.112;0.0;24.981;0.0;525.093
10;0;36;0.0;317.071;0.0;201.128;0.0;518.199
10;0;37;0.0;506.046;0.0;0.0;0.0;506.046
10;0;38;0.0;629.885;0.0;0.0;0.0;629.885
10;0;39;0.0;593.176;0.0;0.0;0.0;593.176
10;0;40;0.0;227.881;0.0;113.307;0.0;341.189
10;0;41;0.0;0.0;0.0;705.334;0.0;705.334
10;0;42;0.0;0.0;0.0;754.597;0.0;754.597
10;0;43;0.0;0.0;0.0;787.155;0.0;787.155
10;0;44;0.0;0.0;0.0;671.929;0.0;671.929
10;0;45;0.0;0.0;0.0;217.236;0.0;217.236
10;0;46;0.0;0.0;0.0;199.022;0.0;199.022
10;0;47;0.0;0.0;0.0;180.544;0.0;180.544
10;0;48;0.0;0.0;0.0;146.92;0.0;146.92
10;0;49;0.0;0.0;0.0;149.82;0.0;149.82
10;0;50;0.0;0.0;0.0;150.462;0.0;150.462
10;0;51;0.0;0.0;0.0;144.922;0.0;144.922
10;0;52;0.0;0.0;0.0;147.904;0.0;147.904
10;0;53;0.0;0.0;0.0;148.174;0.0;148.174
10;0;54;0.0;0.0;0.0;243.352;0.0;243.352
10;0;55;0.0;0.0;0.0;515.633;0.0;515.633
10;0;56;0.0;0.0;0.0;514.082;0.0;514.082
10;0;57;0.0;0.0;0.0;416.96;0.0;416.96
10;0;58;0.0;306.793;0.0;87.737;0.0;394.53
10;0;59;0.0;391.862;0.0;0.0;0.0;391.862
10;0;60;0.0;21.12;0.0;514.48;0.0;535.601
10;0;61;0.0;0.0;0.0;345.73;0.0;345.73
10;0;62;0.0;0.0;0.0;367.695;0.0;367.695
10;0;63;0.0;381.661;0.0;0.0;0.0;381.661
10;0;64;0.0;372.002;0.0;0.0;0.0;372.002
10;0;65;0.0;0.0;0.0;422.61;0.0;422.61
10;0;66;0.0;0.0;0.0;502.405;0.0;502.405
10;0;67;0.0;0.0;0.0;624.661;0.0;624.661
10;0;68;0.0;0.0;0.0;651.569;0.0;651.569
10;0;69;0.0;0.0;0.0;517.697;0.0;517.697
10;0;70;0.0;0.0;0.0;501.591;0.0;501.591
10;0;71;0.0;0.0;0.0;505.708;0.0;505.708
10;0;72;0.0;0.0;0.0;140.001;0.0;140.001
10;0;73;0.0;0.0;0.0;139.906;0.0;139.906
10;0;74;0.0;0.0;0.0;138.774;0.0;138.774
10;0;75;0.0;0.0;0.0;139.524;0.0;139.524
10;0;76;0.0;0.0;0.0;143.338;0.0;143.338
10;0;77;0.0;0.0;0.0;143.901;0.0;143.901
10;0;78;0.0;0.0;0.0;143.165;0.0;143.165
10;0;79;0.0;0.0;0.0;153.595;0.0;153.595
10;0;80;0.0;0.0;0.0;172.307;0.0;172.307
10;0;81;0.0;0.0;0.0;172.317;0.0;172.317
10;0;82;0.0;0.0;0.0;316.338;0.0;316.338
10;0;83;0.0;0.0;0.0;282.481;0.0;282.481
10;0;84;0.0;121.234;0.0;155.717;0.0;276.951
10;0;85;0.0;84.717;0.0;187.312;0.0;272.029
10;0;86;0.0;0.0;0.0;281.239;0.0;281.239
10;0;87;0.0;67.738;0.0;193.492;0.0;261.23
10;0;88;0.0;0.0;0.0;499.756;0.0;499.756
10;0;89;0.0;0.0;0.0;510.94;0.0;510.94
10;0;90;0.0;0.0;0.0;361.428;0.0;361.428
10;0;91;0.0;0.0;0.0;585.039;0.0;585.039
10;0;92;0.0;0.0;0.0;574.983;0.0;574.983
10;0;93;0.0;0.0;0.0;578.805;0.0;578.805
10;0;94;0.0;0.0;0.0;560.396;0.0;560.396
10;0;95;0.0;0.0;0.0;544.698;0.0;544.698
10;0;96;0.0;0.0;0.0;514.019;0.0;514.019
10;0;97;0.0;0.0;0.0;522.01;0.0;522.01
10;0;98;0.0;0.0;0.0;520.109;0.0;520.109
10;0;99;0.0;0.0;0.0;522.53;0.0;522.53
10;0;100;0.0;0.0;0.0;525.389;0.0;525.389
10;0;101;0.0;0.0;0.0;524.014;0.0;524.014
10;0;102;0.0;0.0;0.0;523.658;0.0;523.658
10;0;103;0.0;0.0;0.0;809.808;0.0;809.808
10;0;104;0.0;0.0;0.0;810.161;0.0;810.161
10;0;105;0.0;0.0;0.0;716.338;0.0;716.338
10;0;106;0.0;13.84;0.0;709.973;0.0;723.812
10;0;107;0.0;0.0;0.0;723.856;0.0;723.856
10;0;108;0.0;0.0;0.0;694.986;0.0;694.986
10;0;109;0.0;0.0;0.0;676.144;0.0;676.144
10;0;110;0.0;369.345;0.0;335.757;0.0;705.103
10;0;111;0.0;310.867;0.0;370.865;0.0;681.732
10;0;112;0.0;0.0;0.0;769.178;0.0;769.178
10;0;113;0.0;0.0;0.0;800.184;0.0;800.184
10;0;114;0.0;0.0;0.0;779.803;0.0;779.803
10;0;115;0.0;0.0;0.0;738.402;0.0;738.402
10;0;116;0.0;0.0;0.0;325.59;0.0;325.59
10;0;117;0.0;0.0;0.0;567.885;0.0;567.885
10;0;118;0.0;0.0;0.0;553.558;0.0;553.558
10;0;119;0.0;0.0;0.0;557.846;0.0;557.846
10;0;120;0.0;0.0;0.0;519.154;0.0;519.154
10;0;121;0.0;0.0;0.0;525.656;0.0;525.656
10;0;122;0.0;0.0;0.0;524.007;0.0;524.007
10;0;123;0.0;0.0;0.0;528.784;0.0;528.784
10;0;124;0.0;0.0;0.0;529.242;0.0;529.242
10;0;125;0.0;0.0;0.0;525.955;0.0;525.955
10;0;126;0.0;0.0;0.0;529.877;0.0;529.877
10;0;127;0.0;0.0;0.0;782.53;0.0;782.53
10;0;128;0.0;0.0;0.0;768.1;0.0;768.1
10;0;129;0.0;206.056;0.0;433.742;0.0;639.798
10;0;130;0.0;201.323;0.0;436.547;0.0;637.87
10;0;131;0.0;0.0;0.0;619.106;0.0;619.106
10;0;132;0.0;0.0;0.0;648.284;0.0;648.284
10;0;133;0.0;7.101;0.0;567.371;0.0;574.472
10;0;134;0.0;0.0;0.0;585.557;0.0;585.557
10;0;135;0.0;184.143;0.0;502.266;0.0;686.409
10;0;136;0.0;0.0;0.0;673.04;0.0;673.04
10;0;137;0.0;116.936;0.0;556.018;0.0;672.954
10;0;138;0.0;0.0;0.0;767.933;0.0;767.933
10;0;139;0.0;0.0;0.0;794.205;0.0;794.205
10;0;140;0.0;0.0;0.0;711.237;0.0;711.237
10;0;141;0.0;0.0;0.0;512.716;0.0;512.716
10;0;142;0.0;0.0;0.0;204.737;0.0;204.737
10;0;143;0.0;0.0;0.0;182.726;0.0;182.726
10;0;144;0.0;0.0;0.0;534.376;0.0;534.376
10;0;145;0.0;0.0;0.0;541.057;0.0;541.057
10;0;146;0.0;0.0;0.0;540.337;0.0;540.337
10;0;147;0.0;0.0;0.0;548.969;0.0;548.969
10;0;148;0.0;0.0;0.0;552.822;0.0;552.822
10;0;149;0.0;0.0;0.0;559.97;0.0;559.97
10;0;150;0.0;0.0;0.0;565.923;0.0;565.923
10;0;151;0.0;0.0;0.0;849.513;0.0;849.513
10;0;152;0.0;0.0;0.0;763.311;0.0;763.311
10;0;153;0.0;514.349;0.0;185.035;0.0;699.383
10;0;154;0.0;672.596;0.0;0.0;0.0;672.596
10;0;155;0.0;437.209;0.0;199.835;0.0;637.044
10;0;156;0.0;610.223;0.0;0.0;0.0;610.223
10;0;157;0.0;210.837;0.0;488.969;0.0;699.807
10;0;158;0.0;0.0;0.0;745.363;0.0;745.363
10;0;159;0.0;0.0;0.0;712.264;0.0;712.264
10;0;160;0.0;203.044;0.0;506.691;0.0;709.735
10;0;161;0.0;5.959;0.0;704.088;0.0;710.047
10;0;162;0.0;0.0;0.0;799.013;0.0;799.013
10;0;163;0.0;0.0;0.0;835.791;0.0;835.791
10;0;164;0.0;0.0;0.0;737.007;0.0;737.007
10;0;165;0.0;0.0;0.0;619.829;0.0;619.829
10;0;166;0.0;0.0;0.0;423.625;0.0;423.625
10;0;167;0.0;0.0;0.0;583.268;0.0;583.268
10;1;0;0.0;0.0;0.0;138.851;0.0;138.851
10;1;1;0.0;0.0;0.0;142.253;0.0;142.253
10;1;2;0.0;0.0;0.0;141.421;0.0;141.421
10;1;3;0.0;0.0;0.0;140.014;0.0;140.014
10;1;4;0.0;0.0;0.0;141.186;0.0;141.186
10;1;5;0.0;0.0;0.0;143.169;0.0;143.169
10;1;6;0.0;0.0;0.0;146.213;0.0;146.213
10;1;7;0.0;94.588;0.0;188.905;0.0;283.492
10;1;8;0.0;312.173;0.0;0.0;0.0;312.173
10;1;9;0.0;335.542;0.0;0.0;0.0;335.542
10;1;10;0.0;350.707;0.0;0.0;0.0;350.707
10;1;11;0.0;332.356;0.0;0.0;0.0;332.356
10;1;12;0.0;318.428;0.0;0.0;0.0;318.428
10;1;13;0.0;328.607;0.0;0.0;0.0;328.607
10;1;14;0.0;341.387;0.0;0.0;0.0;341.387
10;1;15;0.0;320.73;0.0;0.0;0.0;320.73
10;1;16;0.0;304.174;0.0;0.0;0.0;304.174
10;1;17;0.0;249.397;0.0;35.055;0.0;284.452
10;1;18;0.0;34.596;0.0;263.63;0.0;298.226
10;1;19;0.0;0.0;0.0;418.085;0.0;418.085
10;1;20;0.0;0.0;0.0;329.895;0.0;329.895
10;1;21;0.0;0.0;0.0;199.016;0.0;199.016
10;1;22;0.0;0.0;0.0;191.234;0.0;191.234
10;1;23;0.0;0.0;0.0;173.048;0.0;173.048
10;1;24;0.0;0.0;0.0;137.731;0.0;137.731
10;1;25;0.0;0.0;0.0;139.712;0.0;139.712
10;1;26;0.0;0.0;0.0;141.565;0.0;141.565
10;1;27;0.0;0.0;0.0;140.195;0.0;140.195
10;1;28;0.0;0.0;0.0;141.526;0.0;141.526
10;1;29;0.0;0.0;0.0;142.101;0.0;142.101
10;1;30;0.0;0.0;0.0;145.344;0.0;145.344
10;1;31;0.0;69.169;0.0;212.513;0.0;281.681
10;1;32;0.0;330.416;0.0;0.0;0.0;330.416
10;1;33;0.0;334.068;0.0;0.0;0.0;334.068
10;1;34;0.0;355.147;0.0;0.0;0.0;355.147
10;1;35;0.0;353.871;0.0;0.0;0.0;353.871
10;1;36;0.0;325.508;0.0;0.0;0.0;325.508
10;1;37;0.0;328.531;0.0;0.0;0.0;328.531
10;1;38;0.0;362.257;0.0;0.0;0.0;362.257
10;1;39;0.0;377.799;0.0;0.0;0.0;377.799
10;1;40;0.0;311.971;0.0;0.0;0.0;311.971
10;1;41;0.0;371.935;0.0;0.0;0.0;371.935
10;1;42;0.0;134.85;0.0;144.395;0.0;279.245
10;1;43;0.0;0.0;0.0;417.79;0.0;417.79
10;1;44;0.0;0.0;0.0;320.656;0.0;320.656
10;1;45;0.0;0.0;0.0;206.804;0.0;206.804
10;1;46;0.0;0.0;0.0;192.975;0.0;192.975
10;1;47;0.0;0.0;0.0;178.724;0.0;178.724
10;1;48;0.0;0.0;0.0;139.863;0.0;139.863
10;1;49;0.0;0.0;0.0;142.22;0.0;142.22
10;1;50;0.0;0.0;0.0;141.446;0.0;141.446
10;1;51;0.0;0.0;0.0;140.181;0.0;140.181
10;1;52;0.0;0.0;0.0;141.122;0.0;141.122
10;1;53;0.0;0.0;0.0;141.979;0.0;141.979
10;1;54;0.0;0.0;0.0;145.838;0.0;145.838
10;1;55;0.0;12.444;0.0;312.511;0.0;324.955
10;1;56;0.0;285.62;0.0;0.0;0.0;285.62
10;1;57;0.0;277.081;0.0;0.0;0.0;277.081
10;1;58;0.0;304.47;0.0;0.0;0.0;304.47
10;1;59;0.0;288.68;0.0;0.0;0.0;288.68
10;1;60;0.0;294.394;0.0;0.0;0.0;294.394
10;1;61;0.0;301.856;0.0;0.0;0.0;301.856
10;1;62;0.0;307.611;0.0;0.0;0.0;307.611
10;1;63;0.0;256.096;0.0;20.365;0.0;276.461
10;1;64;0.0;397.381;0.0;0.0;0.0;397.381
10;1;65;0.0;277.248;0.0;0.0;0.0;277.248
10;1;66;0.0;64.744;0.0;212.187;0.0;276.931
10;1;67;0.0;0.0;0.0;417.182;0.0;417.182
10;1;68;0.0;0.0;0.0;320.126;0.0;320.126
10;1;69;0.0;0.0;0.0;201.058;0.0;201.058
10;1;70;0.0;0.0;0.0;199.677;0.0;199.677
10;1;71;0.0;0.0;0.0;176.136;0.0;176.136
10;1;72;0.0;0.0;0.0;141.081;0.0;141.081
10;1;73;0.0;0.0;0.0;139.87;0.0;139.87
10;1;74;0.0;0.0;0.0;141.628;0.0;141.628
10;1;75;0.0;0.0;0.0;140.025;0.0;140.025
10;1;76;0.0;0.0;0.0;140.688;0.0;140.688
10;1;77;0.0;0.0;0.0;142.174;0.0;142.174
10;1;78;0.0;0.0;0.0;142.286;0.0;142.286
10;1;79;0.0;75.381;0.0;53.899;0.0;129.28
10;1;80;0.0;131.81;0.0;0.0;0.0;131.81
10;1;81;0.0;145.575;0.0;0.0;0.0;145.575
10;1;82;0.0;154.878;0.0;0.0;0.0;154.878
10;1;83;0.0;151.781;0.0;0.0;0.0;151.781
10;1;84;0.0;148.655;0.0;0.0;0.0;148.655
10;1;85;0.0;154.455;0.0;0.0;0.0;154.455
10;1;86;0.0;150.67;0.0;0.0;0.0;150.67
10;1;87;0.0;282.555;0.0;0.0;0.0;282.555
10;1;88;0.0;138.332;0.0;0.0;0.0;138.332
10;1;89;0.0;143.027;0.0;0.0;0.0;143.027
10;1;90;0.0;128.516;0.0;7.744;0.0;136.259
10;1;91;0.0;0.0;0.0;216.486;0.0;216.486
10;1;92;0.0;0.0;0.0;217.115;0.0;217.115
10;1;93;0.0;0.0;0.0;203.757;0.0;203.757
10;1;94;0.0;0.0;0.0;197.32;0.0;197.32
10;1;95;0.0;0.0;0.0;170.575;0.0;170.575
10;1;96;0.0;0.0;0.0;139.207;0.0;139.207
10;1;97;0.0;0.0;0.0;143.966;0.0;143.966
10;1;98;0.0;0.0;0.0;141.496;0.0;141.496
10;1;99;0.0;0.0;0.0;140.971;0.0;140.971
10;1;100;0.0;0.0;0.0;140.98;0.0;140.98
10;1;101;0.0;0.0;0.0;145.436;0.0;145.436
10;1;102;0.0;0.0;0.0;144.895;0.0;144.895
10;1;103;0.0;72.322;0.0;235.245;0.0;307.568
10;1;104;0.0;255.849;0.0;34.231;0.0;290.08
10;1;105;0.0;285.681;0.0;53.446;0.0;339.127
10;1;106;0.0;368.122;0.0;0.0;0.0;368.122
10;1;107;0.0;365.755;0.0;0.0;0.0;365.755
10;1;108;0.0;348.652;0.0;0.0;0.0;348.652
10;1;109;0.0;342.116;0.0;0.0;0.0;342.116
10;1;110;0.0;397.869;0.0;0.0;0.0;397.869
10;1;111;0.0;429.192;0.0;0.0;0.0;429.192
10;1;112;0.0;316.553;0.0;0.0;0.0;316.553
10;1;113;0.0;271.93;0.0;16.576;0.0;288.506
10;1;114;0.0;103.821;0.0;181.751;0.0;285.572
10;1;115;0.0;0.0;0.0;435.165;0.0;435.165
10;1;116;0.0;0.0;0.0;315.783;0.0;315.783
10;1;117;0.0;0.0;0.0;215.286;0.0;215.286
10;1;118;0.0;0.0;0.0;196.009;0.0;196.009
10;1;119;0.0;0.0;0.0;170.037;0.0;170.037
10;1;120;0.0;0.0;0.0;138.708;0.0;138.708
10;1;121;0.0;0.0;0.0;143.878;0.0;143.878
10;1;122;0.0;0.0;0.0;142.194;0.0;142.194
10;1;123;0.0;0.0;0.0;141.333;0.0;141.333
10;1;124;0.0;0.0;0.0;140.624;0.0;140.624
10;1;125;0.0;0.0;0.0;138.629;0.0;138.629
10;1;126;0.0;0.0;0.0;146.199;0.0;146.199
10;1;127;0.0;4.578;0.0;357.343;0.0;361.921
10;1;128;0.0;319.205;0.0;0.0;0.0;319.205
10;1;129;0.0;352.944;0.0;0.0;0.0;352.944
10;1;130;0.0;358.757;0.0;0.0;0.0;358.757
10;1;131;0.0;355.284;0.0;0.0;0.0;355.284
10;1;132;0.0;337.14;0.0;0.0;0.0;337.14
10;1;133;0.0;348.354;0.0;0.0;0.0;348.354
10;1;134;0.0;362.365;0.0;0.0;0.0;362.365
10;1;135;0.0;335.464;0.0;0.0;0.0;335.464
10;1;136;0.0;353.835;0.0;0.0;0.0;353.835
10;1;137;0.0;375.061;0.0;0.0;0.0;375.061
10;1;138;0.0;101.783;0.0;177.524;0.0;279.307
10;1;139;0.0;0.0;0.0;412.788;0.0;412.788
10;1;140;0.0;0.0;0.0;331.097;0.0;331.097
10;1;141;0.0;0.0;0.0;205.919;0.0;205.919
10;1;142;0.0;0.0;0.0;196.643;0.0;196.643
10;1;143;0.0;0.0;0.0;190.07;0.0;190.07
10;1;144;0.0;0.0;0.0;137.15;0.0;137.15
10;1;145;0.0;0.0;0.0;139.893;0.0;139.893
10;1;146;0.0;0.0;0.0;141.133;0.0;141.133
10;1;147;0.0;0.0;0.0;143.96;0.0;143.96
10;1;148;0.0;0.0;0.0;139.296;0.0;139.296
10;1;149;0.0;0.0;0.0;140.859;0.0;140.859
10;1;150;0.0;0.0;0.0;147.599;0.0;147.599
10;1;151;0.0;48.433;0.0;274.0;0.0;322.433
10;1;152;0.0;319.858;0.0;0.0;0.0;319.858
10;1;153;0.0;340.99;0.0;0.0;0.0;340.99
10;1;154;0.0;363.769;0.0;0.0;0.0;363.769
10;1;155;0.0;356.155;0.0;0.0;0.0;356.155
10;1;156;0.0;338.455;0.0;0.0;0.0;338.455
10;1;157;0.0;338.265;0.0;0.0;0.0;338.265
10;1;158;0.0;340.756;0.0;0.0;0.0;340.756
10;1;159;0.0;516.573;0.0;0.0;0.0;516.573
10;1;160;0.0;370.231;0.0;0.0;0.0;370.231
10;1;161;0.0;393.264;0.0;0.0;0.0;393.264
10;1;162;0.0;115.333;0.0;168.819;0.0;284.153
10;1;163;0.0;0.0;0.0;424.05;0.0;424.05
10;1;164;0.0;0.0;0.0;326.323;0.0;326.323
10;1;165;0.0;0.0;0.0;195.09;0.0;195.09
10;1;166;0.0;0.0;0.0;183.67;0.0;183.67
10;1;167;0.0;0.0;0.0;168.527;0.0;168.527
10;2;0;0.0;0.0;0.0;470.025;0.0;470.025
10;2;1;0.0;0.0;0.0;478.932;0.0;478.932
10;2;2;0.0;0.0;0.0;203.092;0.0;203.092
10;2;3;0.0;0.0;0.0;141.614;0.0;141.614
10;2;4;0.0;0.0;0.0;141.023;0.0;141.023
10;2;5;0.0;0.0;0.0;140.519;0.0;140.519
10;2;6;0.0;0.0;0.0;147.377;0.0;147.377
10;2;7;0.0;44.545;0.0;532.511;0.0;577.055
10;2;8;0.0;451.653;0.0;5.309;0.0;456.962
10;2;9;0.0;654.698;0.0;0.0;0.0;654.698
10;2;10;0.0;657.032;0.0;0.0;0.0;657.032
10;2;11;0.0;630.271;0.0;0.0;0.0;630.271
10;2;12;0.0;611.584;0.0;0.0;0.0;611.584
10;2;13;0.0;609.261;0.0;0.0;0.0;609.261
10;2;14;0.0;625.215;0.0;0.0;0.0;625.215
10;2;15;0.0;557.259;0.0;0.0;0.0;557.259
10;2;16;0.0;497.882;0.0;0.0;0.0;497.882
10;2;17;0.0;326.784;0.0;0.0;0.0;326.784
10;2;18;0.0;15.42;0.0;358.122;0.0;373.542
10;2;19;0.0;0.0;0.0;424.906;0.0;424.906
10;2;20;0.0;0.0;0.0;326.406;0.0;326.406
10;2;21;0.0;0.0;0.0;205.027;0.0;205.027
10;2;22;0.0;0.0;0.0;199.037;0.0;199.037
10;2;23;0.0;0.0;0.0;179.573;0.0;179.573
10;2;24;0.0;0.0;0.0;135.629;0.0;135.629
10;2;25;0.0;0.0;0.0;143.648;0.0;143.648
10;2;26;0.0;0.0;0.0;141.031;0.0;141.031
10;2;27;0.0;0.0;0.0;146.909;0.0;146.909
10;2;28;0.0;0.0;0.0;139.867;0.0;139.867
10;2;29;0.0;0.0;0.0;141.401;0.0;141.401
10;2;30;0.0;0.0;0.0;148.999;0.0;148.999
10;2;31;0.0;46.245;0.0;341.327;0.0;387.572
10;2;32;0.0;323.647;0.0;0.0;0.0;323.647
10;2;33;0.0;422.671;0.0;0.0;0.0;422.671
10;2;34;0.0;651.303;0.0;0.0;0.0;651.303
10;2;35;0.0;625.484;0.0;0.0;0.0;625.484
10;2;36;0.0;596.067;0.0;0.0;0.0;596.067
10;2;37;0.0;597.951;0.0;0.0;0.0;597.951
10;2;38;0.0;612.689;0.0;0.0;0.0;612.689
10;2;39;0.0;591.696;0.0;0.0;0.0;591.696
10;2;40;0.0;517.299;0.0;0.0;0.0;517.299
10;2;41;0.0;200.545;0.0;101.17;0.0;301.715
10;2;42;0.0;0.0;0.0;385.606;0.0;385.606
10;2;43;0.0;0.0;0.0;422.38;0.0;422.38
10;2;44;0.0;0.0;0.0;339.174;0.0;339.174
10;2;45;0.0;0.0;0.0;202.295;0.0;202.295
10;2;46;0.0;0.0;0.0;199.889;0.0;199.889
10;2;47;0.0;0.0;0.0;177.279;0.0;177.279
10;2;48;0.0;0.0;0.0;140.082;0.0;140.082
10;2;49;0.0;0.0;0.0;144.86;0.0;144.86
10;2;50;0.0;0.0;0.0;141.805;0.0;141.805
10;2;51;0.0;0.0;0.0;141.228;0.0;141.228
10;2;52;0.0;0.0;0.0;138.644;0.0;138.644
10;2;53;0.0;0.0;0.0;139.493;0.0;139.493
10;2;54;0.0;0.0;0.0;142.73;0.0;142.73
10;2;55;0.0;0.0;0.0;375.908;0.0;375.908
10;2;56;0.0;24.05;0.0;330.583;0.0;354.634
10;2;57;0.0;119.293;0.0;180.783;0.0;300.077
10;2;58;0.0;90.169;0.0;233.298;0.0;323.467
10;2;59;0.0;101.329;0.0;195.228;0.0;296.557
10;2;60;0.0;202.711;0.0;85.979;0.0;288.69
10;2;61;0.0;208.698;0.0;77.674;0.0;286.372
10;2;62;0.0;262.734;0.0;33.858;0.0;296.592
10;2;63;0.0;261.593;0.0;22.321;0.0;283.913
10;2;64;0.0;116.692;0.0;176.789;0.0;293.481
10;2;65;0.0;49.664;0.0;289.572;0.0;339.236
10;2;66;0.0;0.0;0.0;407.754;0.0;407.754
10;2;67;0.0;0.0;0.0;426.945;0.0;426.945
10;2;68;0.0;0.0;0.0;322.845;0.0;322.845
10;2;69;0.0;0.0;0.0;202.863;0.0;202.863
10;2;70;0.0;0.0;0.0;199.447;0.0;199.447
10;2;71;0.0;0.0;0.0;167.515;0.0;167.515
10;2;72;0.0;0.0;0.0;139.675;0.0;139.675
10;2;73;0.0;0.0;0.0;144.03;0.0;144.03
10;2;74;0.0;0.0;0.0;140.546;0.0;140.546
10;2;75;0.0;0.0;0.0;142.106;0.0;142.106
10;2;76;0.0;0.0;0.0;139.135;0.0;139.135
10;2;77;0.0;0.0;0.0;139.833;0.0;139.833
10;2;78;0.0;0.0;0.0;145.338;0.0;145.338
10;2;79;0.0;46.275;0.0;107.828;0.0;154.103
10;2;80;0.0;184.681;0.0;0.0;0.0;184.681
10;2;81;0.0;135.919;0.0;0.0;0.0;135.919
10;2;82;0.0;220.133;0.0;0.0;0.0;220.133
10;2;83;0.0;444.888;0.0;0.0;0.0;444.888
10;2;84;0.0;431.315;0.0;0.0;0.0;431.315
10;2;85;0.0;429.665;0.0;0.0;0.0;429.665
10;2;86;0.0;430.914;0.0;0.0;0.0;430.914
10;2;87;0.0;366.238;0.0;55.18;0.0;421.419
10;2;88;0.0;243.956;0.0;0.0;0.0;243.956
10;2;89;0.0;184.07;0.0;246.05;0.0;430.121
10;2;90;0.0;0.0;0.0;195.654;0.0;195.654
10;2;91;0.0;0.0;0.0;215.345;0.0;215.345
10;2;92;0.0;0.0;0.0;211.213;0.0;211.213
10;2;93;0.0;0.0;0.0;208.921;0.0;208.921
10;2;94;0.0;0.0;0.0;460.126;0.0;460.126
10;2;95;0.0;0.0;0.0;243.741;0.0;243.741
10;2;96;0.0;0.0;0.0;137.013;0.0;137.013
10;2;97;0.0;0.0;0.0;139.487;0.0;139.487
10;2;98;0.0;0.0;0.0;138.846;0.0;138.846
10;2;99;0.0;0.0;0.0;142.762;0.0;142.762
10;2;100;0.0;0.0;0.0;136.677;0.0;136.677
10;2;101;0.0;0.0;0.0;140.519;0.0;140.519
10;2;102;0.0;0.0;0.0;143.483;0.0;143.483
10;2;103;0.0;18.37;0.0;455.376;0.0;473.746
10;2;104;0.0;406.163;0.0;108.657;0.0;514.82
10;2;105;0.0;510.09;0.0;0.0;0.0;510.09
10;2;106;0.0;644.162;0.0;0.0;0.0;644.162
10;2;107;0.0;644.544;0.0;0.0;0.0;644.544
10;2;108;0.0;615.205;0.0;0.0;0.0;615.205
10;2;109;0.0;611.774;0.0;0.0;0.0;611.774
10;2;110;0.0;629.622;0.0;0.0;0.0;629.622
10;2;111;0.0;353.964;0.0;0.0;0.0;353.964
10;2;112;0.0;180.432;0.0;132.805;0.0;313.237
10;2;113;0.0;128.144;0.0;192.08;0.0;320.224
10;2;114;0.0;0.0;0.0;399.84;0.0;399.84
10;2;115;0.0;0.0;0.0;420.295;0.0;420.295
10;2;116;0.0;0.0;0.0;338.419;0.0;338.419
10;2;117;0.0;0.0;0.0;197.599;0.0;197.599
10;2;118;0.0;0.0;0.0;190.182;0.0;190.182
10;2;119;0.0;0.0;0.0;172.154;0.0;172.154
10;2;120;0.0;0.0;0.0;138.075;0.0;138.075
10;2;121;0.0;0.0;0.0;144.109;0.0;144.109
10;2;122;0.0;0.0;0.0;140.111;0.0;140.111
10;2;123;0.0;0.0;0.0;233.051;0.0;233.051
10;2;124;0.0;0.0;0.0;248.05;0.0;248.05
10;2;125;0.0;0.0;0.0;250.181;0.0;250.181
10;2;126;0.0;0.0;0.0;262.013;0.0;262.013
10;2;127;0.0;0.0;0.0;510.74;0.0;510.74
10;2;128;0.0;78.39;0.0;368.273;0.0;446.663
10;2;129;0.0;171.767;0.0;224.543;0.0;396.309
10;2;130;0.0;245.49;0.0;167.753;0.0;413.242
10;2;131;0.0;262.942;0.0;126.446;0.0;389.388
10;2;132;0.0;581.162;0.0;0.0;0.0;581.162
10;2;133;0.0;586.212;0.0;0.0;0.0;586.212
10;2;134;0.0;344.593;0.0;0.0;0.0;344.593
10;2;135;0.0;157.98;0.0;181.922;0.0;339.902
10;2;136;0.0;138.626;0.0;173.873;0.0;312.499
10;2;137;0.0;47.817;0.0;574.088;0.0;621.906
10;2;138;0.0;0.0;0.0;664.327;0.0;664.327
10;2;139;0.0;0.0;0.0;438.379;0.0;438.379
10;2;140;0.0;0.0;0.0;334.788;0.0;334.788
10;2;141;0.0;0.0;0.0;201.992;0.0;201.992
10;2;142;0.0;0.0;0.0;195.022;0.0;195.022
10;2;143;0.0;0.0;0.0;179.493;0.0;179.493
10;2;144;0.0;0.0;0.0;141.131;0.0;141.131
10;2;145;0.0;0.0;0.0;145.18;0.0;145.18
10;2;146;0.0;0.0;0.0;140.491;0.0;140.491
10;2;147;0.0;0.0;0.0;140.811;0.0;140.811
10;2;148;0.0;0.0;0.0;140.741;0.0;140.741
10;2;149;0.0;0.0;0.0;141.888;0.0;141.888
10;2;150;0.0;0.0;0.0;153.283;0.0;153.283
10;2;151;0.0;0.0;0.0;433.604;0.0;433.604
10;2;152;0.0;0.0;0.0;457.463;0.0;457.463
10;2;153;0.0;43.285;0.0;430.144;0.0;473.429
10;2;154;0.0;35.437;0.0;444.583;0.0;480.02
10;2;155;0.0;62.285;0.0;354.733;0.0;417.019
10;2;156;0.0;128.087;0.0;238.932;0.0;367.019
10;2;157;0.0;84.071;0.0;297.933;0.0;382.005
10;2;158;0.0;90.24;0.0;296.326;0.0;386.566
10;2;159;0.0;59.468;0.0;329.464;0.0;388.932
10;2;160;0.0;0.0;0.0;702.572;0.0;702.572
10;2;161;0.0;0.0;0.0;452.306;0.0;452.306
10;2;162;0.0;0.0;0.0;412.698;0.0;412.698
10;2;163;0.0;0.0;0.0;435.919;0.0;435.919
10;2;164;0.0;0.0;0.0;327.206;0.0;327.206
10;2;165;0.0;0.0;0.0;207.674;0.0;207.674
10;2;166;0.0;0.0;0.0;395.32;0.0;395.32
10;2;167;0.0;0.0;0.0;455.233;0.0;455.233
10;3;0;0.0;0.0;0.0;139.565;0.0;139.565
10;3;1;0.0;0.0;0.0;339.207;0.0;339.207
10;3;2;0.0;0.0;0.0;492.984;0.0;492.984
10;3;3;0.0;0.0;0.0;501.211;0.0;501.211
10;3;4;0.0;0.0;0.0;532.719;0.0;532.719
10;3;5;0.0;0.0;0.0;497.111;0.0;497.111
10;3;6;0.0;0.0;0.0;544.834;0.0;544.834
10;3;7;0.0;0.0;0.0;790.192;0.0;790.192
10;3;8;0.0;0.0;0.0;804.884;0.0;804.884
10;3;9;0.0;0.0;0.0;782.562;0.0;782.562
10;3;10;0.0;0.0;0.0;693.841;0.0;693.841
10;3;11;0.0;0.0;0.0;652.449;0.0;652.449
10;3;12;0.0;289.19;0.0;292.412;0.0;581.602
10;3;13;0.0;558.159;0.0;0.0;0.0;558.159
10;3;14;0.0;430.977;0.0;269.792;0.0;700.769
10;3;15;0.0;334.09;0.0;349.165;0.0;683.255
10;3;16;0.0;0.0;0.0;839.587;0.0;839.587
10;3;17;0.0;0.0;0.0;830.356;0.0;830.356
10;3;18;0.0;0.0;0.0;795.596;0.0;795.596
10;3;19;0.0;0.0;0.0;445.809;0.0;445.809
10;3;20;0.0;0.0;0.0;335.649;0.0;335.649
10;3;21;0.0;0.0;0.0;271.958;0.0;271.958
10;3;22;0.0;0.0;0.0;570.293;0.0;570.293
10;3;23;0.0;0.0;0.0;562.565;0.0;562.565
10;3;24;0.0;0.0;0.0;533.1;0.0;533.1
10;3;25;0.0;0.0;0.0;326.881;0.0;326.881
10;3;26;0.0;0.0;0.0;508.672;0.0;508.672
10;3;27;0.0;0.0;0.0;514.134;0.0;514.134
10;3;28;0.0;0.0;0.0;521.656;0.0;521.656
10;3;29;0.0;0.0;0.0;529.964;0.0;529.964
10;3;30;0.0;0.0;0.0;548.489;0.0;548.489
10;3;31;0.0;0.0;0.0;811.327;0.0;811.327
10;3;32;0.0;0.0;0.0;821.802;0.0;821.802
10;3;33;0.0;0.0;0.0;790.762;0.0;790.762
10;3;34;0.0;229.699;0.0;432.7;0.0;662.4
10;3;35;0.0;295.975;0.0;329.787;0.0;625.762
10;3;36;0.0;377.968;0.0;215.001;0.0;592.968
10;3;37;0.0;230.54;0.0;363.288;0.0;593.828
10;3;38;0.0;0.0;0.0;687.158;0.0;687.158
10;3;39;0.0;0.0;0.0;748.974;0.0;748.974
10;3;40;0.0;0.0;0.0;761.122;0.0;761.122
10;3;41;0.0;0.0;0.0;755.674;0.0;755.674
10;3;42;0.0;0.0;0.0;729.781;0.0;729.781
10;3;43;0.0;0.0;0.0;731.555;0.0;731.555
10;3;44;0.0;0.0;0.0;638.89;0.0;638.89
10;3;45;0.0;0.0;0.0;534.693;0.0;534.693
10;3;46;0.0;0.0;0.0;512.193;0.0;512.193
10;3;47;0.0;0.0;0.0;490.674;0.0;490.674
10;3;48;0.0;0.0;0.0;221.54;0.0;221.54
10;3;49;0.0;0.0;0.0;219.518;0.0;219.518
10;3;50;0.0;0.0;0.0;218.392;0.0;218.392
10;3;51;0.0;0.0;0.0;220.37;0.0;220.37
10;3;52;0.0;0.0;0.0;223.354;0.0;223.354
10;3;53;0.0;0.0;0.0;224.101;0.0;224.101
10;3;54;0.0;0.0;0.0;230.466;0.0;230.466
10;3;55;0.0;0.0;0.0;491.794;0.0;491.794
10;3;56;0.0;0.0;0.0;528.628;0.0;528.628
10;3;57;0.0;0.0;0.0;509.386;0.0;509.386
10;3;58;0.0;0.0;0.0;489.396;0.0;489.396
10;3;59;0.0;0.0;0.0;485.201;0.0;485.201
10;3;60;0.0;106.266;0.0;287.282;0.0;393.548
10;3;61;0.0;387.802;0.0;0.0;0.0;387.802
10;3;62;0.0;62.048;0.0;319.414;0.0;381.462
10;3;63;0.0;0.0;0.0;425.5;0.0;425.5
10;3;64;0.0;0.0;0.0;511.92;0.0;511.92
10;3;65;0.0;0.0;0.0;742.204;0.0;742.204
10;3;66;0.0;0.0;0.0;771.664;0.0;771.664
10;3;67;0.0;0.0;0.0;436.394;0.0;436.394
10;3;68;0.0;0.0;0.0;343.946;0.0;343.946
10;3;69;0.0;0.0;0.0;208.356;0.0;208.356
10;3;70;0.0;0.0;0.0;208.378;0.0;208.378
10;3;71;0.0;0.0;0.0;311.195;0.0;311.195
10;3;72;0.0;0.0;0.0;274.042;0.0;274.042
10;3;73;0.0;0.0;0.0;279.352;0.0;279.352
10;3;74;0.0;0.0;0.0;284.303;0.0;284.303
10;3;75;0.0;0.0;0.0;294.702;0.0;294.702
10;3;76;0.0;0.0;0.0;292.831;0.0;292.831
10;3;77;0.0;0.0;0.0;298.918;0.0;298.918
10;3;78;0.0;0.0;0.0;474.107;0.0;474.107
10;3;79;0.0;0.0;0.0;159.384;0.0;159.384
10;3;80;0.0;0.0;0.0;353.463;0.0;353.463
10;3;81;0.0;0.0;0.0;355.263;0.0;355.263
10;3;82;0.0;0.0;0.0;485.235;0.0;485.235
10;3;83;0.0;0.0;0.0;551.429;0.0;551.429
10;3;84;0.0;0.0;0.0;531.916;0.0;531.916
10;3;85;0.0;392.833;0.0;112.326;0.0;505.159
10;3;86;0.0;394.473;0.0;114.468;0.0;508.941
10;3;87;0.0;134.086;0.0;381.426;0.0;515.511
10;3;88;0.0;0.0;0.0;549.665;0.0;549.665
10;3;89;0.0;0.0;0.0;568.082;0.0;568.082
10;3;90;0.0;0.0;0.0;579.22;0.0;579.22
10;3;91;0.0;0.0;0.0;594.675;0.0;594.675
10;3;92;0.0;0.0;0.0;597.339;0.0;597.339
10;3;93;0.0;0.0;0.0;595.878;0.0;595.878
10;3;94;0.0;0.0;0.0;586.033;0.0;586.033
10;3;95;0.0;0.0;0.0;564.989;0.0;564.989
10;3;96;0.0;0.0;0.0;533.716;0.0;533.716
10;3;97;0.0;0.0;0.0;542.189;0.0;542.189
10;3;98;0.0;0.0;0.0;538.46;0.0;538.46
10;3;99;0.0;0.0;0.0;537.935;0.0;537.935
10;3;100;0.0;0.0;0.0;538.809;0.0;538.809
10;3;101;0.0;0.0;0.0;533.833;0.0;533.833
10;3;102;0.0;0.0;0.0;535.866;0.0;535.866
10;3;103;0.0;0.0;0.0;835.707;0.0;835.707
10;3;104;0.0;0.0;0.0;861.22;0.0;861.22
10;3;105;0.0;0.0;0.0;885.135;0.0;885.135
10;3;106;0.0;0.0;0.0;914.93;0.0;914.93
10;3;107;0.0;0.0;0.0;891.58;0.0;891.58
10;3;108;0.0;0.0;0.0;837.171;0.0;837.171
10;3;109;0.0;0.0;0.0;823.66;0.0;823.66
10;3;110;0.0;0.0;0.0;860.916;0.0;860.916
10;3;111;0.0;0.0;0.0;879.151;0.0;879.151
10;3;112;0.0;0.0;0.0;864.816;0.0;864.816
10;3;113;0.0;0.0;0.0;851.77;0.0;851.77
10;3;114;0.0;0.0;0.0;801.158;0.0;801.158
10;3;115;0.0;0.0;0.0;811.041;0.0;811.041
10;3;116;0.0;0.0;0.0;715.118;0.0;715.118
10;3;117;0.0;0.0;0.0;575.184;0.0;575.184
10;3;118;0.0;0.0;0.0;567.507;0.0;567.507
10;3;119;0.0;0.0;0.0;549.113;0.0;549.113
10;3;120;0.0;0.0;0.0;512.491;0.0;512.491
10;3;121;0.0;0.0;0.0;517.374;0.0;517.374
10;3;122;0.0;0.0;0.0;522.931;0.0;522.931
10;3;123;0.0;0.0;0.0;530.118;0.0;530.118
10;3;124;0.0;0.0;0.0;536.728;0.0;536.728
10;3;125;0.0;0.0;0.0;544.607;0.0;544.607
10;3;126;0.0;0.0;0.0;545.755;0.0;545.755
10;3;127;0.0;0.0;0.0;837.515;0.0;837.515
10;3;128;0.0;0.0;0.0;843.96;0.0;843.96
10;3;129;0.0;0.0;0.0;852.287;0.0;852.287
10;3;130;0.0;0.0;0.0;782.308;0.0;782.308
10;3;131;0.0;0.0;0.0;762.043;0.0;762.043
10;3;132;0.0;0.0;0.0;632.644;0.0;632.644
10;3;133;0.0;0.0;0.0;628.354;0.0;628.354
10;3;134;0.0;0.0;0.0;752.441;0.0;752.441
10;3;135;0.0;0.0;0.0;774.156;0.0;774.156
10;3;136;0.0;0.0;0.0;868.542;0.0;868.542
10;3;137;0.0;0.0;0.0;650.452;0.0;650.452
10;3;138;0.0;0.0;0.0;725.509;0.0;725.509
10;3;139;0.0;0.0;0.0;817.403;0.0;817.403
10;3;140;0.0;0.0;0.0;606.547;0.0;606.547
10;3;141;0.0;0.0;0.0;602.622;0.0;602.622
10;3;142;0.0;0.0;0.0;596.494;0.0;596.494
10;3;143;0.0;0.0;0.0;574.959;0.0;574.959
10;3;144;0.0;0.0;0.0;531.636;0.0;531.636
10;3;145;0.0;0.0;0.0;540.054;0.0;540.054
10;3;146;0.0;0.0;0.0;535.372;0.0;535.372
10;3;147;0.0;0.0;0.0;540.465;0.0;540.465
10;3;148;0.0;0.0;0.0;536.702;0.0;536.702
10;3;149;0.0;0.0;0.0;539.449;0.0;539.449
10;3;150;0.0;0.0;0.0;543.949;0.0;543.949
10;3;151;0.0;0.0;0.0;797.757;0.0;797.757
10;3;152;0.0;0.0;0.0;803.934;0.0;803.934
10;3;153;0.0;0.0;0.0;754.459;0.0;754.459
10;3;154;0.0;0.0;0.0;658.015;0.0;658.015
10;3;155;0.0;0.0;0.0;624.124;0.0;624.124
10;3;156;0.0;0.0;0.0;653.915;0.0;653.915
10;3;157;0.0;0.0;0.0;764.393;0.0;764.393
10;3;158;0.0;0.0;0.0;536.551;0.0;536.551
10;3;159;0.0;0.0;0.0;703.23;0.0;703.23
10;3;160;0.0;0.0;0.0;687.899;0.0;687.899
10;3;161;0.0;0.0;0.0;677.46;0.0;677.46
10;3;162;0.0;0.0;0.0;652.04;0.0;652.04
10;3;163;0.0;0.0;0.0;719.52;0.0;719.52
10;3;164;0.0;0.0;0.0;700.519;0.0;700.519
10;3;165;0.0;0.0;0.0;554.002;0.0;554.002
10;3;166;0.0;0.0;0.0;544.373;0.0;544.373
10;3;167;0.0;0.0;0.0;532.494;0.0;532.494
15;0;0;0.0;0.0;0.0;147.77;0.0;147.77
15;0;1;0.0;0.0;0.0;309.988;0.0;309.988
15;0;2;0.0;0.0;0.0;147.638;0.0;147.638
15;0;3;0.0;0.0;0.0;350.699;0.0;350.699
15;0;4;0.0;0.0;0.0;357.137;0.0;357.137
15;0;5;0.0;0.0;0.0;360.575;0.0;360.575
15;0;6;0.0;0.0;0.0;380.898;0.0;380.898
15;0;7;0.0;0.0;0.0;647.25;0.0;647.25
15;0;8;0.0;0.0;0.0;643.043;0.0;643.043
15;0;9;0.0;342.519;0.0;183.23;0.0;525.75
15;0;10;0.0;429.223;0.0;95.202;0.0;524.424
15;0;11;0.0;84.277;0.0;420.154;0.0;504.431
15;0;12;0.0;236.288;0.0;226.692;0.0;462.98
15;0;13;0.0;0.0;0.0;577.809;0.0;577.809
15;0;14;0.0;0.0;0.0;392.271;0.0;392.271
15;0;15;0.0;218.645;0.0;233.462;0.0;452.106
15;0;16;0.0;0.0;0.0;436.584;0.0;436.584
15;0;17;0.0;0.0;0.0;533.956;0.0;533.956
15;0;18;0.0;0.0;0.0;759.545;0.0;759.545
15;0;19;0.0;0.0;0.0;444.103;0.0;444.103
15;0;20;0.0;0.0;0.0;403.212;0.0;403.212
15;0;21;0.0;0.0;0.0;539.336;0.0;539.336
15;0;22;0.0;0.0;0.0;529.213;0.0;529.213
15;0;23;0.0;0.0;0.0;522.236;0.0;522.236
15;0;24;0.0;0.0;0.0;148.336;0.0;148.336
15;0;25;0.0;0.0;0.0;147.39;0.0;147.39
15;0;26;0.0;0.0;0.0;185.842;0.0;185.842
15;0;27;0.0;0.0;0.0;501.707;0.0;501.707
15;0;28;0.0;0.0;0.0;503.778;0.0;503.778
15;0;29;0.0;0.0;0.0;509.136;0.0;509.136
15;0;30;0.0;0.0;0.0;161.16;0.0;161.16
15;0;31;0.0;0.0;0.0;517.149;0.0;517.149
15;0;32;0.0;0.0;0.0;673.419;0.0;673.419
15;0;33;0.0;271.225;0.0;281.943;0.0;553.167
15;0;34;0.0;484.17;0.0;58.331;0.0;542.501
15;0;35;0.0;507.368;0.0;4.486;0.0;511.854
15;0;36;0.0;348.158;0.0;156.881;0.0;505.038
15;0;37;0.0;506.046;0.0;0.0;0.0;506.046
15;0;38;0.0;629.885;0.0;0.0;0.0;629.885
15;0;39;0.0;602.889;0.0;0.0;0.0;602.889
15;0;40;0.0;233.151;0.0;107.198;0.0;340.349
15;0;41;0.0;0.0;0.0;537.268;0.0;537.268
15;0;42;0.0;0.0;0.0;754.597;0.0;754.597
15;0;43;0.0;0.0;0.0;787.155;0.0;787.155
15;0;44;0.0;0.0;0.0;671.929;0.0;671.929
15;0;45;0.0;0.0;0.0;217.236;0.0;217.236
15;0;46;0.0;0.0;0.0;199.022;0.0;199.022
15;0;47;0.0;0.0;0.0;180.544;0.0;180.544
15;0;48;0.0;0.0;0.0;146.92;0.0;146.92
15;0;49;0.0;0.0;0.0;149.82;0.0;149.82
15;0;50;0.0;0.0;0.0;150.462;0.0;150.462
15;0;51;0.0;0.0;0.0;144.922;0.0;144.922
15;0;52;0.0;0.0;0.0;147.904;0.0;147.904
15;0;53;0.0;0.0;0.0;148.174;0.0;148.174
15;0;54;0.0;0.0;0.0;236.426;0.0;236.426
15;0;55;0.0;0.0;0.0;506.943;0.0;506.943
15;0;56;0.0;0.0;0.0;505.602;0.0;505.602
15;0;57;0.0;0.0;0.0;409.167;0.0;409.167
15;0;58;0.0;313.567;0.0;73.835;0.0;387.402
15;0;59;0.0;385.377;0.0;0.0;0.0;385.377
15;0;60;0.0;27.511;0.0;490.193;0.0;517.703
15;0;61;0.0;0.0;0.0;345.73;0.0;345.73
15;0;62;0.0;0.0;0.0;367.695;0.0;367.695
15;0;63;0.0;375.4;0.0;0.0;0.0;375.4
15;0;64;0.0;367.141;0.0;0.0;0.0;367.141
15;0;65;0.0;0.0;0.0;418.511;0.0;418.511
15;0;66;0.0;0.0;0.0;497.636;0.0;497.636
15;0;67;0.0;0.0;0.0;505.668;0.0;505.668
15;0;68;0.0;0.0;0.0;651.569;0.0;651.569
15;0;69;0.0;0.0;0.0;517.697;0.0;517.697
15;0;70;0.0;0.0;0.0;501.591;0.0;501.591
15;0;71;0.0;0.0;0.0;505.708;0.0;505.708
15;0;72;0.0;0.0;0.0;140.001;0.0;140.001
15;0;73;0.0;0.0;0.0;139.906;0.0;139.906
15;0;74;0.0;0.0;0.0;138.774;0.0;138.774
15;0;75;0.0;0.0;0.0;139.524;0.0;139.524
15;0;76;0.0;0.0;0.0;143.338;0.0;143.338
15;0;77;0.0;0.0;0.0;143.901;0.0;143.901
15;0;78;0.0;0.0;0.0;143.165;0.0;143.165
15;0;79;0.0;0.0;0.0;153.595;0.0;153.595
15;0;80;0.0;0.0;0.0;172.307;0.0;172.307
15;0;81;0.0;0.0;0.0;172.317;0.0;172.317
15;0;82;0.0;0.0;0.0;304.34;0.0;304.34
15;0;83;0.0;80.803;0.0;190.46;0.0;271.263
15;0;84;0.0;121.234;0.0;144.476;0.0;265.709
15;0;85;0.0;84.717;0.0;176.331;0.0;261.048
15;0;86;0.0;0.0;0.0;270.406;0.0;270.406
15;0;87;0.0;67.738;0.0;182.629;0.0;250.367
15;0;88;0.0;0.0;0.0;499.756;0.0;499.756
15;0;89;0.0;0.0;0.0;460.669;0.0;460.669
15;0;90;0.0;0.0;0.0;195.402;0.0;195.402
15;0;91;0.0;0.0;0.0;219.121;0.0;219.121
15;0;92;0.0;0.0;0.0;574.983;0.0;574.983
15;0;93;0.0;0.0;0.0;578.805;0.0;578.805
15;0;94;0.0;0.0;0.0;560.396;0.0;560.396
15;0;95;0.0;0.0;0.0;544.698;0.0;544.698
15;0;96;0.0;0.0;0.0;514.019;0.0;514.019
15;0;97;0.0;0.0;0.0;522.01;0.0;522.01
15;0;98;0.0;0.0;0.0;520.109;0.0;520.109
15;0;99;0.0;0.0;0.0;522.53;0.0;522.53
15;0;100;0.0;0.0;0.0;525.389;0.0;525.389
15;0;101;0.0;0.0;0.0;524.014;0.0;524.014
15;0;102;0.0;0.0;0.0;523.658;0.0;523.658
15;0;103;0.0;0.0;0.0;809.808;0.0;809.808
15;0;104;0.0;0.0;0.0;810.161;0.0;810.161
15;0;105;0.0;0.0;0.0;716.338;0.0;716.338
15;0;106;0.0;13.84;0.0;702.636;0.0;716.476
15;0;107;0.0;0.0;0.0;696.092;0.0;696.092
15;0;108;0.0;0.0;0.0;666.63;0.0;666.63
15;0;109;0.0;0.0;0.0;650.33;0.0;650.33
15;0;110;0.0;369.345;0.0;335.757;0.0;705.103
15;0;111;0.0;310.867;0.0;370.865;0.0;681.732
15;0;112;0.0;0.0;0.0;769.178;0.0;769.178
15;0;113;0.0;0.0;0.0;800.184;0.0;800.184
15;0;114;0.0;0.0;0.0;779.803;0.0;779.803
15;0;115;0.0;0.0;0.0;563.339;0.0;563.339
15;0;116;0.0;0.0;0.0;325.59;0.0;325.59
15;0;117;0.0;0.0;0.0;538.055;0.0;538.055
15;0;118;0.0;0.0;0.0;523.798;0.0;523.798
15;0;119;0.0;0.0;0.0;527.805;0.0;527.805
15;0;120;0.0;0.0;0.0;488.042;0.0;488.042
15;0;121;0.0;0.0;0.0;489.016;0.0;489.016
15;0;122;0.0;0.0;0.0;487.872;0.0;487.872
15;0;123;0.0;0.0;0.0;496.286;0.0;496.286
15;0;124;0.0;0.0;0.0;497.242;0.0;497.242
15;0;125;0.0;0.0;0.0;494.697;0.0;494.697
15;0;126;0.0;0.0;0.0;508.616;0.0;508.616
15;0;127;0.0;0.0;0.0;753.848;0.0;753.848
15;0;128;0.0;0.0;0.0;741.739;0.0;741.739
15;0;129;0.0;206.056;0.0;407.481;0.0;613.536
15;0;130;0.0;201.323;0.0;412.749;0.0;614.072
15;0;131;0.0;0.0;0.0;596.149;0.0;596.149
15;0;132;0.0;0.0;0.0;625.333;0.0;625.333
15;0;133;0.0;7.101;0.0;546.763;0.0;553.865
15;0;134;0.0;0.0;0.0;566.142;0.0;566.142
15;0;135;0.0;184.143;0.0;502.266;0.0;686.409
15;0;136;0.0;0.0;0.0;673.04;0.0;673.04
15;0;137;0.0;54.74;0.0;618.214;0.0;672.954
15;0;138;0.0;0.0;0.0;767.933;0.0;767.933
15;0;139;0.0;0.0;0.0;794.205;0.0;794.205
15;0;140;0.0;0.0;0.0;711.237;0.0;711.237
15;0;141;0.0;0.0;0.0;293.836;0.0;293.836
15;0;142;0.0;0.0;0.0;204.737;0.0;204.737
15;0;143;0.0;0.0;0.0;182.726;0.0;182.726
15;0;144;0.0;0.0;0.0;534.376;0.0;534.376
15;0;145;0.0;0.0;0.0;429.048;0.0;429.048
15;0;146;0.0;0.0;0.0;540.337;0.0;540.337
15;0;147;0.0;0.0;0.0;548.969;0.0;548.969
15;0;148;0.0;0.0;0.0;552.822;0.0;552.822
15;0;149;0.0;0.0;0.0;559.97;0.0;559.97
15;0;150;0.0;0.0;0.0;455.278;0.0;455.278
15;0;151;0.0;0.0;0.0;815.261;0.0;815.261
15;0;152;0.0;44.633;0.0;686.123;0.0;730.756
15;0;153;0.0;514.349;0.0;154.501;0.0;668.85
15;0;154;0.0;645.866;0.0;0.0;0.0;645.866
15;0;155;0.0;437.209;0.0;174.87;0.0;612.079
15;0;156;0.0;586.752;0.0;0.0;0.0;586.752
15;0;157;0.0;210.837;0.0;488.969;0.0;699.807
15;0;158;0.0;0.0;0.0;745.363;0.0;745.363
15;0;159;0.0;0.0;0.0;712.264;0.0;712.264
15;0;160;0.0;203.044;0.0;506.691;0.0;709.735
15;0;161;0.0;5.959;0.0;704.088;0.0;710.047
15;0;162;0.0;0.0;0.0;799.013;0.0;799.013
15;0;163;0.0;0.0;0.0;835.791;0.0;835.791
15;0;164;0.0;0.0;0.0;737.007;0.0;737.007
15;0;165;0.0;0.0;0.0;504.201;0.0;504.201
15;0;166;0.0;0.0;0.0;192.504;0.0;192.504
15;0;167;0.0;0.0;0.0;583.268;0.0;583.268
15;1;0;0.0;0.0;0.0;138.851;0.0;138.851
15;1;1;0.0;0.0;0.0;142.253;0.0;142.253
15;1;2;0.0;0.0;0.0;141.421;0.0;141.421
15;1;3;0.0;0.0;0.0;140.014;0.0;140.014
15;1;4;0.0;0.0;0.0;141.186;0.0;141.186
15;1;5;0.0;0.0;0.0;143.169;0.0;143.169
15;1;6;0.0;0.0;0.0;146.213;0.0;146.213
15;1;7;0.0;94.588;0.0;188.905;0.0;283.492
15;1;8;0.0;312.173;0.0;0.0;0.0;312.173
15;1;9;0.0;335.542;0.0;0.0;0.0;335.542
15;1;10;0.0;350.707;0.0;0.0;0.0;350.707
15;1;11;0.0;332.356;0.0;0.0;0.0;332.356
15;1;12;0.0;318.428;0.0;0.0;0.0;318.428
15;1;13;0.0;328.607;0.0;0.0;0.0;328.607
15;1;14;0.0;341.387;0.0;0.0;0.0;341.387
15;1;15;0.0;320.73;0.0;0.0;0.0;320.73
15;1;16;0.0;304.174;0.0;0.0;0.0;304.174
15;1;17;0.0;249.397;0.0;35.055;0.0;284.452
15;1;18;0.0;34.596;0.0;263.63;0.0;298.226
15;1;19;0.0;0.0;0.0;418.085;0.0;418.085
15;1;20;0.0;0.0;0.0;329.895;0.0;329.895
15;1;21;0.0;0.0;0.0;199.016;0.0;199.016
15;1;22;0.0;0.0;0.0;191.234;0.0;191.234
15;1;23;0.0;0.0;0.0;173.048;0.0;173.048
15;1;24;0.0;0.0;0.0;137.731;0.0;137.731
15;1;25;0.0;0.0;0.0;139.712;0.0;139.712
15;1;26;0.0;0.0;0.0;141.565;0.0;141.565
15;1;27;0.0;0.0;0.0;140.195;0.0;140.195
15;1;28;0.0;0.0;0.0;141.526;0.0;141.526
15;1;29;0.0;0.0;0.0;142.101;0.0;142.101
15;1;30;0.0;0.0;0.0;145.344;0.0;145.344
15;1;31;0.0;69.169;0.0;212.513;0.0;281.681
15;1;32;0.0;329.715;0.0;0.0;0.0;329.715
15;1;33;0.0;333.264;0.0;0.0;0.0;333.264
15;1;34;0.0;354.181;0.0;0.0;0.0;354.181
15;1;35;0.0;353.018;0.0;0.0;0.0;353.018
15;1;36;0.0;324.681;0.0;0.0;0.0;324.681
15;1;37;0.0;327.878;0.0;0.0;0.0;327.878
15;1;38;0.0;361.525;0.0;0.0;0.0;361.525
15;1;39;0.0;412.111;0.0;0.0;0.0;412.111
15;1;40;0.0;311.971;0.0;0.0;0.0;311.971
15;1;41;0.0;326.349;0.0;0.0;0.0;326.349
15;1;42;0.0;134.85;0.0;144.395;0.0;279.245
15;1;43;0.0;0.0;0.0;417.79;0.0;417.79
15;1;44;0.0;0.0;0.0;320.656;0.0;320.656
15;1;45;0.0;0.0;0.0;206.804;0.0;206.804
15;1;46;0.0;0.0;0.0;192.975;0.0;192.975
15;1;47;0.0;0.0;0.0;178.724;0.0;178.724
15;1;48;0.0;0.0;0.0;139.863;0.0;139.863
15;1;49;0.0;0.0;0.0;142.22;0.0;142.22
15;1;50;0.0;0.0;0.0;141.446;0.0;141.446
15;1;51;0.0;0.0;0.0;140.181;0.0;140.181
15;1;52;0.0;0.0;0.0;141.122;0.0;141.122
15;1;53;0.0;0.0;0.0;141.979;0.0;141.979
15;1;54;0.0;0.0;0.0;145.838;0.0;145.838
15;1;55;0.0;12.444;0.0;312.511;0.0;324.955
15;1;56;0.0;285.62;0.0;0.0;0.0;285.62
15;1;57;0.0;277.081;0.0;0.0;0.0;277.081
15;1;58;0.0;303.823;0.0;0.0;0.0;303.823
15;1;59;0.0;288.007;0.0;0.0;0.0;288.007
15;1;60;0.0;293.78;0.0;0.0;0.0;293.78
15;1;61;0.0;301.23;0.0;0.0;0.0;301.23
15;1;62;0.0;306.305;0.0;0.0;0.0;306.305
15;1;63;0.0;256.096;0.0;20.365;0.0;276.461
15;1;64;0.0;356.876;0.0;0.0;0.0;356.876
15;1;65;0.0;307.895;0.0;0.0;0.0;307.895
15;1;66;0.0;64.744;0.0;212.187;0.0;276.931
15;1;67;0.0;0.0;0.0;417.182;0.0;417.182
15;1;68;0.0;0.0;0.0;320.126;0.0;320.126
15;1;69;0.0;0.0;0.0;201.058;0.0;201.058
15;1;70;0.0;0.0;0.0;199.677;0.0;199.677
15;1;71;0.0;0.0;0.0;176.136;0.0;176.136
15;1;72;0.0;0.0;0.0;141.081;0.0;141.081
15;1;73;0.0;0.0;0.0;139.87;0.0;139.87
15;1;74;0.0;0.0;0.0;141.628;0.0;141.628
15;1;75;0.0;0.0;0.0;140.025;0.0;140.025
15;1;76;0.0;0.0;0.0;140.688;0.0;140.688
15;1;77;0.0;0.0;0.0;142.174;0.0;142.174
15;1;78;0.0;0.0;0.0;142.286;0.0;142.286
15;1;79;0.0;75.381;0.0;53.899;0.0;129.28
15;1;80;0.0;131.81;0.0;0.0;0.0;131.81
15;1;81;0.0;144.845;0.0;0.0;0.0;144.845
15;1;82;0.0;154.297;0.0;0.0;0.0;154.297
15;1;83;0.0;151.047;0.0;0.0;0.0;151.047
15;1;84;0.0;147.963;0.0;0.0;0.0;147.963
15;1;85;0.0;153.854;0.0;0.0;0.0;153.854
15;1;86;0.0;150.081;0.0;0.0;0.0;150.081
15;1;87;0.0;270.78;0.0;0.0;0.0;270.78
15;1;88;0.0;138.332;0.0;0.0;0.0;138.332
15;1;89;0.0;143.027;0.0;0.0;0.0;143.027
15;1;90;0.0;128.516;0.0;7.744;0.0;136.259
15;1;91;0.0;0.0;0.0;216.486;0.0;216.486
15;1;92;0.0;0.0;0.0;217.115;0.0;217.115
15;1;93;0.0;0.0;0.0;203.757;0.0;203.757
15;1;94;0.0;0.0;0.0;197.32;0.0;197.32
15;1;95;0.0;0.0;0.0;170.575;0.0;170.575
15;1;96;0.0;0.0;0.0;139.207;0.0;139.207
15;1;97;0.0;0.0;0.0;143.966;0.0;143.966
15;1;98;0.0;0.0;0.0;141.496;0.0;141.496
15;1;99;0.0;0.0;0.0;140.971;0.0;140.971
15;1;100;0.0;0.0;0.0;140.98;0.0;140.98
15;1;101;0.0;0.0;0.0;145.436;0.0;145.436
15;1;102;0.0;0.0;0.0;144.895;0.0;144.895
15;1;103;0.0;72.322;0.0;235.245;0.0;307.568
15;1;104;0.0;255.849;0.0;34.231;0.0;290.08
15;1;105;0.0;285.681;0.0;53.446;0.0;339.127
15;1;106;0.0;366.947;0.0;0.0;0.0;366.947
15;1;107;0.0;364.845;0.0;0.0;0.0;364.845
15;1;108;0.0;347.75;0.0;0.0;0.0;347.75
15;1;109;0.0;341.304;0.0;0.0;0.0;341.304
15;1;110;0.0;364.946;0.0;0.0;0.0;364.946
15;1;111;0.0;388.102;0.0;0.0;0.0;388.102
15;1;112;0.0;377.79;0.0;0.0;0.0;377.79
15;1;113;0.0;271.93;0.0;16.576;0.0;288.506
15;1;114;0.0;103.821;0.0;181.751;0.0;285.572
15;1;115;0.0;0.0;0.0;435.165;0.0;435.165
15;1;116;0.0;0.0;0.0;315.783;0.0;315.783
15;1;117;0.0;0.0;0.0;215.286;0.0;215.286
15;1;118;0.0;0.0;0.0;196.009;0.0;196.009
15;1;119;0.0;0.0;0.0;170.037;0.0;170.037
15;1;120;0.0;0.0;0.0;138.708;0.0;138.708
15;1;121;0.0;0.0;0.0;143.878;0.0;143.878
15;1;122;0.0;0.0;0.0;142.194;0.0;142.194
15;1;123;0.0;0.0;0.0;141.333;0.0;141.333
15;1;124;0.0;0.0;0.0;140.624;0.0;140.624
15;1;125;0.0;0.0;0.0;138.629;0.0;138.629
15;1;126;0.0;0.0;0.0;146.199;0.0;146.199
15;1;127;0.0;4.578;0.0;357.343;0.0;361.921
15;1;128;0.0;319.205;0.0;0.0;0.0;319.205
15;1;129;0.0;351.944;0.0;0.0;0.0;351.944
15;1;130;0.0;357.745;0.0;0.0;0.0;357.745
15;1;131;0.0;354.456;0.0;0.0;0.0;354.456
15;1;132;0.0;336.246;0.0;0.0;0.0;336.246
15;1;133;0.0;347.599;0.0;0.0;0.0;347.599
15;1;134;0.0;361.604;0.0;0.0;0.0;361.604
15;1;135;0.0;334.661;0.0;0.0;0.0;334.661
15;1;136;0.0;386.864;0.0;0.0;0.0;386.864
15;1;137;0.0;332.051;0.0;0.0;0.0;332.051
15;1;138;0.0;101.783;0.0;177.524;0.0;279.307
15;1;139;0.0;0.0;0.0;412.788;0.0;412.788
15;1;140;0.0;0.0;0.0;331.097;0.0;331.097
15;1;141;0.0;0.0;0.0;205.919;0.0;205.919
15;1;142;0.0;0.0;0.0;196.643;0.0;196.643
15;1;143;0.0;0.0;0.0;190.07;0.0;190.07
15;1;144;0.0;0.0;0.0;137.15;0.0;137.15
15;1;145;0.0;0.0;0.0;139.893;0.0;139.893
15;1;146;0.0;0.0;0.0;141.133;0.0;141.133
15;1;147;0.0;0.0;0.0;143.96;0.0;143.96
15;1;148;0.0;0.0;0.0;139.296;0.0;139.296
15;1;149;0.0;0.0;0.0;140.859;0.0;140.859
15;1;150;0.0;0.0;0.0;147.599;0.0;147.599
15;1;151;0.0;48.433;0.0;274.0;0.0;322.433
15;1;152;0.0;319.858;0.0;0.0;0.0;319.858
15;1;153;0.0;340.019;0.0;0.0;0.0;340.019
15;1;154;0.0;362.78;0.0;0.0;0.0;362.78
15;1;155;0.0;355.271;0.0;0.0;0.0;355.271
15;1;156;0.0;337.484;0.0;0.0;0.0;337.484
15;1;157;0.0;337.508;0.0;0.0;0.0;337.508
15;1;158;0.0;339.962;0.0;0.0;0.0;339.962
15;1;159;0.0;516.573;0.0;0.0;0.0;516.573
15;1;160;0.0;350.417;0.0;0.0;0.0;350.417
15;1;161;0.0;384.167;0.0;0.0;0.0;384.167
15;1;162;0.0;115.333;0.0;168.819;0.0;284.153
15;1;163;0.0;0.0;0.0;424.05;0.0;424.05
15;1;164;0.0;0.0;0.0;326.323;0.0;326.323
15;1;165;0.0;0.0;0.0;195.09;0.0;195.09
15;1;166;0.0;0.0;0.0;183.67;0.0;183.67
15;1;167;0.0;0.0;0.0;168.527;0.0;168.527
15;2;0;0.0;0.0;0.0;470.025;0.0;470.025
15;2;1;0.0;0.0;0.0;478.932;0.0;478.932
15;2;2;0.0;0.0;0.0;142.806;0.0;142.806
15;2;3;0.0;0.0;0.0;141.614;0.0;141.614
15;2;4;0.0;0.0;0.0;141.023;0.0;141.023
15;2;5;0.0;0.0;0.0;140.519;0.0;140.519
15;2;6;0.0;0.0;0.0;147.377;0.0;147.377
15;2;7;0.0;44.545;0.0;518.171;0.0;562.716
15;2;8;0.0;445.093;0.0;0.0;0.0;445.093
15;2;9;0.0;480.385;0.0;0.0;0.0;480.385
15;2;10;0.0;657.032;0.0;0.0;0.0;657.032
15;2;11;0.0;630.271;0.0;0.0;0.0;630.271
15;2;12;0.0;611.584;0.0;0.0;0.0;611.584
15;2;13;0.0;609.261;0.0;0.0;0.0;609.261
15;2;14;0.0;625.215;0.0;0.0;0.0;625.215
15;2;15;0.0;539.527;0.0;0.0;0.0;539.527
15;2;16;0.0;513.076;0.0;0.0;0.0;513.076
15;2;17;0.0;300.836;0.0;0.0;0.0;300.836
15;2;18;0.0;15.42;0.0;358.122;0.0;373.542
15;2;19;0.0;0.0;0.0;424.906;0.0;424.906
15;2;20;0.0;0.0;0.0;326.406;0.0;326.406
15;2;21;0.0;0.0;0.0;205.027;0.0;205.027
15;2;22;0.0;0.0;0.0;199.037;0.0;199.037
15;2;23;0.0;0.0;0.0;179.573;0.0;179.573
15;2;24;0.0;0.0;0.0;135.629;0.0;135.629
15;2;25;0.0;0.0;0.0;143.648;0.0;143.648
15;2;26;0.0;0.0;0.0;141.031;0.0;141.031
15;2;27;0.0;0.0;0.0;146.909;0.0;146.909
15;2;28;0.0;0.0;0.0;139.867;0.0;139.867
15;2;29;0.0;0.0;0.0;141.401;0.0;141.401
15;2;30;0.0;0.0;0.0;148.999;0.0;148.999
15;2;31;0.0;46.245;0.0;341.327;0.0;387.572
15;2;32;0.0;323.647;0.0;0.0;0.0;323.647
15;2;33;0.0;414.541;0.0;0.0;0.0;414.541
15;2;34;0.0;414.058;0.0;0.0;0.0;414.058
15;2;35;0.0;384.801;0.0;0.0;0.0;384.801
15;2;36;0.0;596.067;0.0;0.0;0.0;596.067
15;2;37;0.0;597.951;0.0;0.0;0.0;597.951
15;2;38;0.0;612.689;0.0;0.0;0.0;612.689
15;2;39;0.0;591.696;0.0;0.0;0.0;591.696
15;2;40;0.0;519.145;0.0;0.0;0.0;519.145
15;2;41;0.0;200.545;0.0;101.17;0.0;301.715
15;2;42;0.0;0.0;0.0;385.606;0.0;385.606
15;2;43;0.0;0.0;0.0;422.38;0.0;422.38
15;2;44;0.0;0.0;0.0;339.174;0.0;339.174
15;2;45;0.0;0.0;0.0;202.295;0.0;202.295
15;2;46;0.0;0.0;0.0;199.889;0.0;199.889
15;2;47;0.0;0.0;0.0;177.279;0.0;177.279
15;2;48;0.0;0.0;0.0;140.082;0.0;140.082
15;2;49;0.0;0.0;0.0;144.86;0.0;144.86
15;2;50;0.0;0.0;0.0;141.805;0.0;141.805
15;2;51;0.0;0.0;0.0;141.228;0.0;141.228
15;2;52;0.0;0.0;0.0;138.644;0.0;138.644
15;2;53;0.0;0.0;0.0;139.493;0.0;139.493
15;2;54;0.0;0.0;0.0;142.73;0.0;142.73
15;2;55;0.0;0.0;0.0;375.908;0.0;375.908
15;2;56;0.0;24.05;0.0;330.583;0.0;354.634
15;2;57;0.0;119.293;0.0;180.783;0.0;300.077
15;2;58;0.0;90.169;0.0;233.298;0.0;323.467
15;2;59;0.0;104.132;0.0;192.425;0.0;296.557
15;2;60;0.0;202.711;0.0;85.979;0.0;288.69
15;2;61;0.0;209.709;0.0;76.663;0.0;286.372
15;2;62;0.0;263.676;0.0;32.917;0.0;296.592
15;2;63;0.0;264.163;0.0;19.751;0.0;283.913
15;2;64;0.0;116.692;0.0;176.789;0.0;293.481
15;2;65;0.0;49.664;0.0;289.572;0.0;339.236
15;2;66;0.0;0.0;0.0;407.754;0.0;407.754
15;2;67;0.0;0.0;0.0;426.945;0.0;426.945
15;2;68;0.0;0.0;0.0;322.845;0.0;322.845
15;2;69;0.0;0.0;0.0;202.863;0.0;202.863
15;2;70;0.0;0.0;0.0;199.447;0.0;199.447
15;2;71;0.0;0.0;0.0;167.515;0.0;167.515
15;2;72;0.0;0.0;0.0;139.675;0.0;139.675
15;2;73;0.0;0.0;0.0;144.03;0.0;144.03
15;2;74;0.0;0.0;0.0;140.546;0.0;140.546
15;2;75;0.0;0.0;0.0;142.106;0.0;142.106
15;2;76;0.0;0.0;0.0;139.135;0.0;139.135
15;2;77;0.0;0.0;0.0;139.833;0.0;139.833
15;2;78;0.0;0.0;0.0;145.338;0.0;145.338
15;2;79;0.0;46.275;0.0;107.828;0.0;154.103
15;2;80;0.0;189.602;0.0;0.0;0.0;189.602
15;2;81;0.0;224.391;0.0;0.0;0.0;224.391
15;2;82;0.0;182.847;0.0;0.0;0.0;182.847
15;2;83;0.0;444.888;0.0;0.0;0.0;444.888
15;2;84;0.0;431.315;0.0;0.0;0.0;431.315
15;2;85;0.0;429.665;0.0;0.0;0.0;429.665
15;2;86;0.0;430.914;0.0;0.0;0.0;430.914
15;2;87;0.0;366.238;0.0;55.18;0.0;421.419
15;2;88;0.0;243.956;0.0;39.747;0.0;283.703
15;2;89;0.0;184.07;0.0;246.05;0.0;430.121
15;2;90;0.0;0.0;0.0;195.654;0.0;195.654
15;2;91;0.0;0.0;0.0;215.345;0.0;215.345
15;2;92;0.0;0.0;0.0;211.213;0.0;211.213
15;2;93;0.0;0.0;0.0;208.921;0.0;208.921
15;2;94;0.0;0.0;0.0;497.88;0.0;497.88
15;2;95;0.0;0.0;0.0;178.825;0.0;178.825
15;2;96;0.0;0.0;0.0;137.013;0.0;137.013
15;2;97;0.0;0.0;0.0;139.487;0.0;139.487
15;2;98;0.0;0.0;0.0;138.846;0.0;138.846
15;2;99;0.0;0.0;0.0;142.762;0.0;142.762
15;2;100;0.0;0.0;0.0;136.677;0.0;136.677
15;2;101;0.0;0.0;0.0;140.519;0.0;140.519
15;2;102;0.0;0.0;0.0;143.483;0.0;143.483
15;2;103;0.0;18.37;0.0;388.542;0.0;406.911
15;2;104;0.0;406.163;0.0;91.645;0.0;497.808
15;2;105;0.0;497.054;0.0;0.0;0.0;497.054
15;2;106;0.0;644.162;0.0;0.0;0.0;644.162
15;2;107;0.0;644.544;0.0;0.0;0.0;644.544
15;2;108;0.0;615.205;0.0;0.0;0.0;615.205
15;2;109;0.0;611.774;0.0;0.0;0.0;611.774
15;2;110;0.0;629.622;0.0;0.0;0.0;629.622
15;2;111;0.0;353.964;0.0;0.0;0.0;353.964
15;2;112;0.0;180.432;0.0;132.805;0.0;313.237
15;2;113;0.0;128.144;0.0;192.08;0.0;320.224
15;2;114;0.0;0.0;0.0;399.84;0.0;399.84
15;2;115;0.0;0.0;0.0;420.295;0.0;420.295
15;2;116;0.0;0.0;0.0;338.419;0.0;338.419
15;2;117;0.0;0.0;0.0;197.599;0.0;197.599
15;2;118;0.0;0.0;0.0;190.182;0.0;190.182
15;2;119;0.0;0.0;0.0;172.154;0.0;172.154
15;2;120;0.0;0.0;0.0;138.075;0.0;138.075
15;2;121;0.0;0.0;0.0;144.109;0.0;144.109
15;2;122;0.0;0.0;0.0;140.111;0.0;140.111
15;2;123;0.0;0.0;0.0;144.668;0.0;144.668
15;2;124;0.0;0.0;0.0;213.53;0.0;213.53
15;2;125;0.0;0.0;0.0;241.388;0.0;241.388
15;2;126;0.0;0.0;0.0;252.603;0.0;252.603
15;2;127;0.0;0.0;0.0;503.561;0.0;503.561
15;2;128;0.0;78.39;0.0;362.145;0.0;440.535
15;2;129;0.0;171.767;0.0;218.764;0.0;390.53
15;2;130;0.0;245.49;0.0;162.482;0.0;407.972
15;2;131;0.0;265.24;0.0;119.992;0.0;385.232
15;2;132;0.0;583.075;0.0;0.0;0.0;583.075
15;2;133;0.0;586.212;0.0;0.0;0.0;586.212
15;2;134;0.0;344.593;0.0;0.0;0.0;344.593
15;2;135;0.0;157.98;0.0;181.922;0.0;339.902
15;2;136;0.0;138.626;0.0;173.873;0.0;312.499
15;2;137;0.0;47.817;0.0;574.088;0.0;621.906
15;2;138;0.0;0.0;0.0;588.218;0.0;588.218
15;2;139;0.0;0.0;0.0;428.804;0.0;428.804
15;2;140;0.0;0.0;0.0;334.788;0.0;334.788
15;2;141;0.0;0.0;0.0;201.992;0.0;201.992
15;2;142;0.0;0.0;0.0;195.022;0.0;195.022
15;2;143;0.0;0.0;0.0;179.493;0.0;179.493
15;2;144;0.0;0.0;0.0;141.131;0.0;141.131
15;2;145;0.0;0.0;0.0;145.18;0.0;145.18
15;2;146;0.0;0.0;0.0;140.491;0.0;140.491
15;2;147;0.0;0.0;0.0;140.811;0.0;140.811
15;2;148;0.0;0.0;0.0;140.741;0.0;140.741
15;2;149;0.0;0.0;0.0;141.888;0.0;141.888
15;2;150;0.0;0.0;0.0;153.283;0.0;153.283
15;2;151;0.0;0.0;0.0;433.604;0.0;433.604
15;2;152;0.0;0.0;0.0;457.463;0.0;457.463
15;2;153;0.0;43.285;0.0;424.197;0.0;467.482
15;2;154;0.0;35.437;0.0;438.984;0.0;474.421
15;2;155;0.0;91.137;0.0;320.959;0.0;412.096
15;2;156;0.0;130.731;0.0;232.465;0.0;363.196
15;2;157;0.0;86.012;0.0;292.944;0.0;378.956
15;2;158;0.0;91.917;0.0;292.061;0.0;383.978
15;2;159;0.0;62.426;0.0;323.922;0.0;386.348
15;2;160;0.0;0.0;0.0;680.544;0.0;680.544
15;2;161;0.0;0.0;0.0;452.306;0.0;452.306
15;2;162;0.0;0.0;0.0;412.698;0.0;412.698
15;2;163;0.0;0.0;0.0;435.919;0.0;435.919
15;2;164;0.0;0.0;0.0;327.206;0.0;327.206
15;2;165;0.0;0.0;0.0;207.674;0.0;207.674
15;2;166;0.0;0.0;0.0;354.452;0.0;354.452
15;2;167;0.0;0.0;0.0;455.233;0.0;455.233
15;3;0;0.0;0.0;0.0;139.565;0.0;139.565
15;3;1;0.0;0.0;0.0;323.216;0.0;323.216
15;3;2;0.0;0.0;0.0;464.209;0.0;464.209
15;3;3;0.0;0.0;0.0;471.942;0.0;471.942
15;3;4;0.0;0.0;0.0;532.719;0.0;532.719
15;3;5;0.0;0.0;0.0;436.108;0.0;436.108
15;3;6;0.0;0.0;0.0;512.584;0.0;512.584
15;3;7;0.0;0.0;0.0;762.09;0.0;762.09
15;3;8;0.0;0.0;0.0;778.7;0.0;778.7
15;3;9;0.0;0.0;0.0;757.82;0.0;757.82
15;3;10;0.0;61.0;0.0;608.777;0.0;669.777
15;3;11;0.0;0.0;0.0;630.006;0.0;630.006
15;3;12;0.0;300.6;0.0;260.079;0.0;560.68
15;3;13;0.0;539.154;0.0;0.0;0.0;539.154
15;3;14;0.0;430.977;0.0;269.792;0.0;700.769
15;3;15;0.0;334.09;0.0;349.165;0.0;683.255
15;3;16;0.0;0.0;0.0;839.587;0.0;839.587
15;3;17;0.0;0.0;0.0;830.356;0.0;830.356
15;3;18;0.0;0.0;0.0;795.596;0.0;795.596
15;3;19;0.0;0.0;0.0;445.809;0.0;445.809
15;3;20;0.0;0.0;0.0;335.649;0.0;335.649
15;3;21;0.0;0.0;0.0;219.598;0.0;219.598
15;3;22;0.0;0.0;0.0;542.805;0.0;542.805
15;3;23;0.0;0.0;0.0;562.565;0.0;562.565
15;3;24;0.0;0.0;0.0;533.1;0.0;533.1
15;3;25;0.0;0.0;0.0;144.777;0.0;144.777
15;3;26;0.0;0.0;0.0;478.885;0.0;478.885
15;3;27;0.0;0.0;0.0;483.713;0.0;483.713
15;3;28;0.0;0.0;0.0;490.697;0.0;490.697
15;3;29;0.0;0.0;0.0;496.969;0.0;496.969
15;3;30;0.0;0.0;0.0;517.299;0.0;517.299
15;3;31;0.0;0.0;0.0;782.111;0.0;782.111
15;3;32;0.0;0.0;0.0;794.788;0.0;794.788
15;3;33;0.0;0.0;0.0;765.852;0.0;765.852
15;3;34;0.0;242.312;0.0;396.231;0.0;638.543
15;3;35;0.0;307.971;0.0;294.974;0.0;602.945
15;3;36;0.0;389.64;0.0;181.146;0.0;570.786
15;3;37;0.0;241.864;0.0;330.703;0.0;572.567
15;3;38;0.0;0.0;0.0;666.614;0.0;666.614
15;3;39;0.0;0.0;0.0;726.766;0.0;726.766
15;3;40;0.0;0.0;0.0;739.242;0.0;739.242
15;3;41;0.0;0.0;0.0;733.13;0.0;733.13
15;3;42;0.0;0.0;0.0;705.32;0.0;705.32
15;3;43;0.0;0.0;0.0;707.261;0.0;707.261
15;3;44;0.0;0.0;0.0;613.918;0.0;613.918
15;3;45;0.0;0.0;0.0;508.586;0.0;508.586
15;3;46;0.0;0.0;0.0;486.682;0.0;486.682
15;3;47;0.0;0.0;0.0;465.854;0.0;465.854
15;3;48;0.0;0.0;0.0;214.948;0.0;214.948
15;3;49;0.0;0.0;0.0;213.003;0.0;213.003
15;3;50;0.0;0.0;0.0;212.079;0.0;212.079
15;3;51;0.0;0.0;0.0;214.137;0.0;214.137
15;3;52;0.0;0.0;0.0;216.755;0.0;216.755
15;3;53;0.0;0.0;0.0;217.518;0.0;217.518
15;3;54;0.0;0.0;0.0;223.543;0.0;223.543
15;3;55;0.0;0.0;0.0;483.454;0.0;483.454
15;3;56;0.0;0.0;0.0;519.88;0.0;519.88
15;3;57;0.0;0.0;0.0;501.425;0.0;501.425
15;3;58;0.0;0.0;0.0;481.454;0.0;481.454
15;3;59;0.0;0.0;0.0;477.127;0.0;477.127
15;3;60;0.0;113.288;0.0;272.314;0.0;385.601
15;3;61;0.0;380.494;0.0;0.0;0.0;380.494
15;3;62;0.0;75.781;0.0;298.94;0.0;374.72
15;3;63;0.0;98.094;0.0;320.02;0.0;418.114
15;3;64;0.0;0.0;0.0;504.483;0.0;504.483
15;3;65;0.0;0.0;0.0;688.673;0.0;688.673
15;3;66;0.0;0.0;0.0;771.664;0.0;771.664
15;3;67;0.0;0.0;0.0;436.394;0.0;436.394
15;3;68;0.0;0.0;0.0;343.946;0.0;343.946
15;3;69;0.0;0.0;0.0;208.356;0.0;208.356
15;3;70;0.0;0.0;0.0;208.378;0.0;208.378
15;3;71;0.0;0.0;0.0;300.773;0.0;300.773
15;3;72;0.0;0.0;0.0;263.05;0.0;263.05
15;3;73;0.0;0.0;0.0;268.247;0.0;268.247
15;3;74;0.0;0.0;0.0;272.707;0.0;272.707
15;3;75;0.0;0.0;0.0;282.513;0.0;282.513
15;3;76;0.0;0.0;0.0;280.56;0.0;280.56
15;3;77;0.0;0.0;0.0;286.45;0.0;286.45
15;3;78;0.0;0.0;0.0;447.196;0.0;447.196
15;3;79;0.0;0.0;0.0;159.384;0.0;159.384
15;3;80;0.0;0.0;0.0;338.834;0.0;338.834
15;3;81;0.0;0.0;0.0;341.582;0.0;341.582
15;3;82;0.0;0.0;0.0;354.273;0.0;354.273
15;3;83;0.0;0.0;0.0;344.819;0.0;344.819
15;3;84;0.0;0.0;0.0;319.008;0.0;319.008
15;3;85;0.0;174.35;0.0;330.809;0.0;505.159
15;3;86;0.0;430.087;0.0;0.0;0.0;430.087
15;3;87;0.0;134.086;0.0;381.426;0.0;515.511
15;3;88;0.0;0.0;0.0;549.665;0.0;549.665
15;3;89;0.0;0.0;0.0;568.082;0.0;568.082
15;3;90;0.0;0.0;0.0;579.22;0.0;579.22
15;3;91;0.0;0.0;0.0;407.15;0.0;407.15
15;3;92;0.0;0.0;0.0;214.291;0.0;214.291
15;3;93;0.0;0.0;0.0;595.878;0.0;595.878
15;3;94;0.0;0.0;0.0;586.033;0.0;586.033
15;3;95;0.0;0.0;0.0;564.989;0.0;564.989
15;3;96;0.0;0.0;0.0;533.716;0.0;533.716
15;3;97;0.0;0.0;0.0;542.189;0.0;542.189
15;3;98;0.0;0.0;0.0;538.46;0.0;538.46
15;3;99;0.0;0.0;0.0;537.935;0.0;537.935
15;3;100;0.0;0.0;0.0;538.809;0.0;538.809
15;3;101;0.0;0.0;0.0;533.833;0.0;533.833
15;3;102;0.0;0.0;0.0;535.866;0.0;535.866
15;3;103;0.0;0.0;0.0;835.707;0.0;835.707
15;3;104;0.0;0.0;0.0;861.22;0.0;861.22
15;3;105;0.0;0.0;0.0;885.135;0.0;885.135
15;3;106;0.0;0.0;0.0;914.93;0.0;914.93
15;3;107;0.0;0.0;0.0;891.58;0.0;891.58
15;3;108;0.0;0.0;0.0;837.171;0.0;837.171
15;3;109;0.0;0.0;0.0;823.66;0.0;823.66
15;3;110;0.0;0.0;0.0;844.395;0.0;844.395
15;3;111;0.0;0.0;0.0;858.883;0.0;858.883
15;3;112;0.0;0.0;0.0;832.148;0.0;832.148
15;3;113;0.0;0.0;0.0;815.339;0.0;815.339
15;3;114;0.0;0.0;0.0;776.66;0.0;776.66
15;3;115;0.0;0.0;0.0;779.119;0.0;779.119
15;3;116;0.0;0.0;0.0;687.869;0.0;687.869
15;3;117;0.0;0.0;0.0;563.581;0.0;563.581
15;3;118;0.0;0.0;0.0;567.507;0.0;567.507
15;3;119;0.0;0.0;0.0;549.113;0.0;549.113
15;3;120;0.0;0.0;0.0;512.491;0.0;512.491
15;3;121;0.0;0.0;0.0;517.374;0.0;517.374
15;3;122;0.0;0.0;0.0;522.931;0.0;522.931
15;3;123;0.0;0.0;0.0;530.118;0.0;530.118
15;3;124;0.0;0.0;0.0;536.728;0.0;536.728
15;3;125;0.0;0.0;0.0;426.084;0.0;426.084
15;3;126;0.0;0.0;0.0;545.755;0.0;545.755
15;3;127;0.0;0.0;0.0;805.361;0.0;805.361
15;3;128;0.0;0.0;0.0;813.36;0.0;813.36
15;3;129;0.0;0.0;0.0;822.756;0.0;822.756
15;3;130;0.0;0.0;0.0;755.485;0.0;755.485
15;3;131;0.0;0.0;0.0;736.205;0.0;736.205
15;3;132;0.0;0.0;0.0;607.969;0.0;607.969
15;3;133;0.0;0.0;0.0;604.974;0.0;604.974
15;3;134;0.0;0.0;0.0;730.281;0.0;730.281
15;3;135;0.0;0.0;0.0;750.693;0.0;750.693
15;3;136;0.0;0.0;0.0;868.542;0.0;868.542
15;3;137;0.0;0.0;0.0;603.737;0.0;603.737
15;3;138;0.0;0.0;0.0;699.509;0.0;699.509
15;3;139;0.0;0.0;0.0;817.403;0.0;817.403
15;3;140;0.0;0.0;0.0;550.03;0.0;550.03
15;3;141;0.0;0.0;0.0;551.818;0.0;551.818
15;3;142;0.0;0.0;0.0;548.253;0.0;548.253
15;3;143;0.0;0.0;0.0;533.068;0.0;533.068
15;3;144;0.0;0.0;0.0;531.636;0.0;531.636
15;3;145;0.0;0.0;0.0;468.008;0.0;468.008
15;3;146;0.0;0.0;0.0;535.372;0.0;535.372
15;3;147;0.0;0.0;0.0;486.46;0.0;486.46
15;3;148;0.0;0.0;0.0;513.319;0.0;513.319
15;3;149;0.0;0.0;0.0;518.931;0.0;518.931
15;3;150;0.0;0.0;0.0;527.88;0.0;527.88
15;3;151;0.0;0.0;0.0;768.161;0.0;768.161
15;3;152;0.0;0.0;0.0;776.507;0.0;776.507
15;3;153;0.0;0.0;0.0;730.693;0.0;730.693
15;3;154;0.0;108.149;0.0;527.293;0.0;635.443
15;3;155;0.0;0.0;0.0;604.178;0.0;604.178
15;3;156;0.0;0.0;0.0;635.214;0.0;635.214
15;3;157;0.0;0.0;0.0;764.393;0.0;764.393
15;3;158;0.0;0.0;0.0;501.319;0.0;501.319
15;3;159;0.0;0.0;0.0;685.187;0.0;685.187
15;3;160;0.0;0.0;0.0;670.154;0.0;670.154
15;3;161;0.0;0.0;0.0;660.089;0.0;660.089
15;3;162;0.0;0.0;0.0;632.991;0.0;632.991
15;3;163;0.0;0.0;0.0;634.536;0.0;634.536
15;3;164;0.0;0.0;0.0;643.566;0.0;643.566
15;3;165;0.0;0.0;0.0;554.002;0.0;554.002
15;3;166;0.0;0.0;0.0;544.373;0.0;544.373
15;3;167;0.0;0.0;0.0;532.494;0.0;532.494
20;0;0;0.0;0.0;0.0;147.77;0.0;147.77
20;0;1;0.0;0.0;0.0;295.944;0.0;295.944
20;0;2;0.0;0.0;0.0;147.638;0.0;147.638
20;0;3;0.0;0.0;0.0;332.716;0.0;332.716
20;0;4;0.0;0.0;0.0;338.62;0.0;338.62
20;0;5;0.0;0.0;0.0;341.601;0.0;341.601
20;0;6;0.0;0.0;0.0;360.643;0.0;360.643
20;0;7;0.0;0.0;0.0;630.203;0.0;630.203
20;0;8;0.0;3.003;0.0;624.574;0.0;627.577
20;0;9;0.0;350.528;0.0;159.639;0.0;510.167
20;0;10;0.0;436.736;0.0;74.287;0.0;511.023
20;0;11;0.0;102.325;0.0;389.729;0.0;492.054
20;0;12;0.0;260.96;0.0;191.338;0.0;452.298
20;0;13;0.0;0.0;0.0;558.719;0.0;558.719
20;0;14;0.0;0.0;0.0;392.271;0.0;392.271
20;0;15;0.0;218.645;0.0;223.525;0.0;442.169
20;0;16;0.0;0.0;0.0;427.273;0.0;427.273
20;0;17;0.0;0.0;0.0;525.169;0.0;525.169
20;0;18;0.0;0.0;0.0;759.545;0.0;759.545
20;0;19;0.0;0.0;0.0;444.103;0.0;444.103
20;0;20;0.0;0.0;0.0;369.598;0.0;369.598
20;0;21;0.0;0.0;0.0;539.336;0.0;539.336
20;0;22;0.0;0.0;0.0;529.213;0.0;529.213
20;0;23;0.0;0.0;0.0;522.236;0.0;522.236
20;0;24;0.0;0.0;0.0;148.336;0.0;148.336
20;0;25;0.0;0.0;0.0;147.39;0.0;147.39
20;0;26;0.0;0.0;0.0;143.924;0.0;143.924
20;0;27;0.0;0.0;0.0;501.707;0.0;501.707
20;0;28;0.0;0.0;0.0;503.778;0.0;503.778
20;0;29;0.0;0.0;0.0;417.264;0.0;417.264
20;0;30;0.0;0.0;0.0;161.16;0.0;161.16
20;0;31;0.0;0.0;0.0;456.603;0.0;456.603
20;0;32;0.0;0.0;0.0;655.617;0.0;655.617
20;0;33;0.0;280.243;0.0;255.336;0.0;535.579
20;0;34;0.0;492.574;0.0;34.636;0.0;527.21
20;0;35;0.0;498.591;0.0;0.0;0.0;498.591
20;0;36;0.0;355.407;0.0;136.448;0.0;491.855
20;0;37;0.0;506.046;0.0;0.0;0.0;506.046
20;0;38;0.0;629.885;0.0;0.0;0.0;629.885
20;0;39;0.0;602.889;0.0;0.0;0.0;602.889
20;0;40;0.0;260.078;0.0;80.271;0.0;340.349
20;0;41;0.0;0.0;0.0;382.512;0.0;382.512
20;0;42;0.0;0.0;0.0;754.597;0.0;754.597
20;0;43;0.0;0.0;0.0;787.155;0.0;787.155
20;0;44;0.0;0.0;0.0;667.103;0.0;667.103
20;0;45;0.0;0.0;0.0;217.236;0.0;217.236
20;0;46;0.0;0.0;0.0;199.022;0.0;199.022
20;0;47;0.0;0.0;0.0;180.544;0.0;180.544
20;0;48;0.0;0.0;0.0;146.92;0.0;146.92
20;0;49;0.0;0.0;0.0;149.82;0.0;149.82
20;0;50;0.0;0.0;0.0;150.462;0.0;150.462
20;0;51;0.0;0.0;0.0;144.922;0.0;144.922
20;0;52;0.0;0.0;0.0;147.904;0.0;147.904
20;0;53;0.0;0.0;0.0;148.174;0.0;148.174
20;0;54;0.0;0.0;0.0;229.487;0.0;229.487
20;0;55;0.0;0.0;0.0;498.238;0.0;498.238
20;0;56;0.0;0.0;0.0;497.108;0.0;497.108
20;0;57;0.0;0.0;0.0;401.362;0.0;401.362
20;0;58;0.0;320.359;0.0;59.903;0.0;380.262
20;0;59;0.0;378.88;0.0;0.0;0.0;378.88
20;0;60;0.0;33.945;0.0;465.83;0.0;499.775
20;0;61;0.0;0.0;0.0;345.73;0.0;345.73
20;0;62;0.0;57.726;0.0;309.969;0.0;367.695
20;0;63;0.0;369.129;0.0;0.0;0.0;369.129
20;0;64;0.0;362.27;0.0;0.0;0.0;362.27
20;0;65;0.0;0.0;0.0;414.405;0.0;414.405
20;0;66;0.0;0.0;0.0;492.858;0.0;492.858
20;0;67;0.0;0.0;0.0;498.567;0.0;498.567
20;0;68;0.0;0.0;0.0;651.569;0.0;651.569
20;0;69;0.0;0.0;0.0;517.697;0.0;517.697
20;0;70;0.0;0.0;0.0;501.591;0.0;501.591
20;0;71;0.0;0.0;0.0;505.708;0.0;505.708
20;0;72;0.0;0.0;0.0;140.001;0.0;140.001
20;0;73;0.0;0.0;0.0;139.906;0.0;139.906
20;0;74;0.0;0.0;0.0;138.774;0.0;138.774
20;0;75;0.0;0.0;0.0;139.524;0.0;139.524
20;0;76;0.0;0.0;0.0;143.338;0.0;143.338
20;0;77;0.0;0.0;0.0;143.901;0.0;143.901
20;0;78;0.0;0.0;0.0;143.165;0.0;143.165
20;0;79;0.0;0.0;0.0;153.595;0.0;153.595
20;0;80;0.0;0.0;0.0;172.307;0.0;172.307
20;0;81;0.0;0.0;0.0;172.317;0.0;172.317
20;0;82;0.0;7.487;0.0;174.094;0.0;181.581
20;0;83;0.0;102.575;0.0;157.451;0.0;260.027
20;0;84;0.0;153.028;0.0;101.42;0.0;254.449
20;0;85;0.0;84.717;0.0;165.331;0.0;250.048
20;0;86;0.0;0.0;0.0;259.555;0.0;259.555
20;0;87;0.0;67.738;0.0;171.747;0.0;239.485
20;0;88;0.0;0.0;0.0;499.756;0.0;499.756
20;0;89;0.0;0.0;0.0;260.242;0.0;260.242
20;0;90;0.0;0.0;0.0;195.402;0.0;195.402
20;0;91;0.0;0.0;0.0;219.121;0.0;219.121
20;0;92;0.0;0.0;0.0;574.983;0.0;574.983
20;0;93;0.0;0.0;0.0;234.787;0.0;234.787
20;0;94;0.0;0.0;0.0;560.396;0.0;560.396
20;0;95;0.0;0.0;0.0;544.698;0.0;544.698
20;0;96;0.0;0.0;0.0;514.019;0.0;514.019
20;0;97;0.0;0.0;0.0;522.01;0.0;522.01
20;0;98;0.0;0.0;0.0;520.109;0.0;520.109
20;0;99;0.0;0.0;0.0;522.53;0.0;522.53
20;0;100;0.0;0.0;0.0;525.389;0.0;525.389
20;0;101;0.0;0.0;0.0;524.014;0.0;524.014
20;0;102;0.0;0.0;0.0;523.658;0.0;523.658
20;0;103;0.0;0.0;0.0;809.808;0.0;809.808
20;0;104;0.0;0.0;0.0;810.0;0.0;810.0
20;0;105;0.0;0.0;0.0;712.182;0.0;712.182
20;0;106;0.0;13.84;0.0;670.099;0.0;683.938
20;0;107;0.0;0.0;0.0;665.692;0.0;665.692
20;0;108;0.0;0.0;0.0;638.225;0.0;638.225
20;0;109;0.0;0.0;0.0;624.471;0.0;624.471
20;0;110;0.0;369.345;0.0;335.757;0.0;705.103
20;0;111;0.0;310.867;0.0;370.865;0.0;681.732
20;0;112;0.0;0.0;0.0;769.178;0.0;769.178
20;0;113;0.0;0.0;0.0;800.184;0.0;800.184
20;0;114;0.0;0.0;0.0;779.803;0.0;779.803
20;0;115;0.0;0.0;0.0;415.348;0.0;415.348
20;0;116;0.0;0.0;0.0;325.59;0.0;325.59
20;0;117;0.0;0.0;0.0;480.953;0.0;480.953
20;0;118;0.0;0.0;0.0;493.986;0.0;493.986
20;0;119;0.0;0.0;0.0;497.711;0.0;497.711
20;0;120;0.0;0.0;0.0;456.876;0.0;456.876
20;0;121;0.0;0.0;0.0;458.042;0.0;458.042
20;0;122;0.0;0.0;0.0;456.853;0.0;456.853
20;0;123;0.0;0.0;0.0;464.623;0.0;464.623
20;0;124;0.0;0.0;0.0;465.534;0.0;465.534
20;0;125;0.0;0.0;0.0;462.923;0.0;462.923
20;0;126;0.0;0.0;0.0;476.113;0.0;476.113
20;0;127;0.0;0.0;0.0;725.117;0.0;725.117
20;0;128;0.0;0.0;0.0;715.332;0.0;715.332
20;0;129;0.0;206.056;0.0;381.173;0.0;587.229
20;0;130;0.0;201.323;0.0;388.909;0.0;590.232
20;0;131;0.0;0.0;0.0;573.151;0.0;573.151
20;0;132;0.0;0.0;0.0;602.342;0.0;602.342
20;0;133;0.0;7.101;0.0;526.12;0.0;533.221
20;0;134;0.0;0.0;0.0;546.694;0.0;546.694
20;0;135;0.0;184.143;0.0;502.266;0.0;686.409
20;0;136;0.0;0.0;0.0;673.04;0.0;673.04
20;0;137;0.0;54.74;0.0;618.214;0.0;672.954
20;0;138;0.0;0.0;0.0;767.933;0.0;767.933
20;0;139;0.0;0.0;0.0;794.205;0.0;794.205
20;0;140;0.0;0.0;0.0;711.237;0.0;711.237
20;0;141;0.0;0.0;0.0;205.737;0.0;205.737
20;0;142;0.0;0.0;0.0;204.737;0.0;204.737
20;0;143;0.0;0.0;0.0;182.726;0.0;182.726
20;0;144;0.0;0.0;0.0;534.376;0.0;534.376
20;0;145;0.0;0.0;0.0;248.994;0.0;248.994
20;0;146;0.0;0.0;0.0;540.337;0.0;540.337
20;0;147;0.0;0.0;0.0;548.969;0.0;548.969
20;0;148;0.0;0.0;0.0;552.822;0.0;552.822
20;0;149;0.0;0.0;0.0;559.97;0.0;559.97
20;0;150;0.0;0.0;0.0;281.554;0.0;281.554
20;0;151;0.0;0.0;0.0;780.934;0.0;780.934
20;0;152;0.0;44.633;0.0;653.512;0.0;698.145
20;0;153;0.0;514.349;0.0;123.915;0.0;638.263
20;0;154;0.0;619.089;0.0;0.0;0.0;619.089
20;0;155;0.0;437.209;0.0;149.862;0.0;587.071
20;0;156;0.0;563.239;0.0;0.0;0.0;563.239
20;0;157;0.0;210.837;0.0;488.969;0.0;699.807
20;0;158;0.0;0.0;0.0;745.363;0.0;745.363
20;0;159;0.0;0.0;0.0;712.264;0.0;712.264
20;0;160;0.0;203.044;0.0;506.691;0.0;709.735
20;0;161;0.0;5.959;0.0;704.088;0.0;710.047
20;0;162;0.0;0.0;0.0;799.013;0.0;799.013
20;0;163;0.0;0.0;0.0;835.791;0.0;835.791
20;0;164;0.0;0.0;0.0;689.985;0.0;689.985
20;0;165;0.0;0.0;0.0;204.203;0.0;204.203
20;0;166;0.0;0.0;0.0;192.504;0.0;192.504
20;0;167;0.0;0.0;0.0;583.268;0.0;583.268
20;1;0;0.0;0.0;0.0;138.851;0.0;138.851
20;1;1;0.0;0.0;0.0;142.253;0.0;142.253
20;1;2;0.0;0.0;0.0;141.421;0.0;141.421
20;1;3;0.0;0.0;0.0;140.014;0.0;140.014
20;1;4;0.0;0.0;0.0;141.186;0.0;141.186
20;1;5;0.0;0.0;0.0;143.169;0.0;143.169
20;1;6;0.0;0.0;0.0;146.213;0.0;146.213
20;1;7;0.0;94.588;0.0;188.905;0.0;283.492
20;1;8;0.0;312.173;0.0;0.0;0.0;312.173
20;1;9;0.0;335.542;0.0;0.0;0.0;335.542
20;1;10;0.0;350.707;0.0;0.0;0.0;350.707
20;1;11;0.0;332.356;0.0;0.0;0.0;332.356
20;1;12;0.0;318.428;0.0;0.0;0.0;318.428
20;1;13;0.0;328.607;0.0;0.0;0.0;328.607
20;1;14;0.0;341.387;0.0;0.0;0.0;341.387
20;1;15;0.0;320.73;0.0;0.0;0.0;320.73
20;1;16;0.0;304.174;0.0;0.0;0.0;304.174
20;1;17;0.0;249.397;0.0;35.055;0.0;284.452
20;1;18;0.0;34.596;0.0;263.63;0.0;298.226
20;1;19;0.0;0.0;0.0;418.085;0.0;418.085
20;1;20;0.0;0.0;0.0;329.895;0.0;329.895
20;1;21;0.0;0.0;0.0;199.016;0.0;199.016
20;1;22;0.0;0.0;0.0;191.234;0.0;191.234
20;1;23;0.0;0.0;0.0;173.048;0.0;173.048
20;1;24;0.0;0.0;0.0;137.731;0.0;137.731
20;1;25;0.0;0.0;0.0;139.712;0.0;139.712
20;1;26;0.0;0.0;0.0;141.565;0.0;141.565
20;1;27;0.0;0.0;0.0;140.195;0.0;140.195
20;1;28;0.0;0.0;0.0;141.526;0.0;141.526
20;1;29;0.0;0.0;0.0;142.101;0.0;142.101
20;1;30;0.0;0.0;0.0;145.344;0.0;145.344
20;1;31;0.0;69.169;0.0;212.513;0.0;281.681
20;1;32;0.0;329.013;0.0;0.0;0.0;329.013
20;1;33;0.0;332.458;0.0;0.0;0.0;332.458
20;1;34;0.0;353.214;0.0;0.0;0.0;353.214
20;1;35;0.0;352.163;0.0;0.0;0.0;352.163
20;1;36;0.0;323.853;0.0;0.0;0.0;323.853
20;1;37;0.0;327.224;0.0;0.0;0.0;327.224
20;1;38;0.0;360.79;0.0;0.0;0.0;360.79
20;1;39;0.0;344.232;0.0;0.0;0.0;344.232
20;1;40;0.0;311.971;0.0;0.0;0.0;311.971
20;1;41;0.0;382.735;0.0;0.0;0.0;382.735
20;1;42;0.0;134.85;0.0;144.395;0.0;279.245
20;1;43;0.0;0.0;0.0;417.79;0.0;417.79
20;1;44;0.0;0.0;0.0;320.656;0.0;320.656
20;1;45;0.0;0.0;0.0;206.804;0.0;206.804
20;1;46;0.0;0.0;0.0;192.975;0.0;192.975
20;1;47;0.0;0.0;0.0;178.724;0.0;178.724
20;1;48;0.0;0.0;0.0;139.863;0.0;139.863
20;1;49;0.0;0.0;0.0;142.22;0.0;142.22
20;1;50;0.0;0.0;0.0;141.446;0.0;141.446
20;1;51;0.0;0.0;0.0;140.181;0.0;140.181
20;1;52;0.0;0.0;0.0;141.122;0.0;141.122
20;1;53;0.0;0.0;0.0;141.979;0.0;141.979
20;1;54;0.0;0.0;0.0;145.838;0.0;145.838
20;1;55;0.0;12.444;0.0;312.511;0.0;324.955
20;1;56;0.0;285.62;0.0;0.0;0.0;285.62
20;1;57;0.0;277.081;0.0;0.0;0.0;277.081
20;1;58;0.0;303.175;0.0;0.0;0.0;303.175
20;1;59;0.0;287.333;0.0;0.0;0.0;287.333
20;1;60;0.0;293.166;0.0;0.0;0.0;293.166
20;1;61;0.0;300.602;0.0;0.0;0.0;300.602
20;1;62;0.0;304.996;0.0;0.0;0.0;304.996
20;1;63;0.0;256.096;0.0;20.365;0.0;276.461
20;1;64;0.0;379.1;0.0;0.0;0.0;379.1
20;1;65;0.0;275.363;0.0;0.0;0.0;275.363
20;1;66;0.0;64.744;0.0;212.187;0.0;276.931
20;1;67;0.0;0.0;0.0;417.182;0.0;417.182
20;1;68;0.0;0.0;0.0;320.126;0.0;320.126
20;1;69;0.0;0.0;0.0;201.058;0.0;201.058
20;1;70;0.0;0.0;0.0;199.677;0.0;199.677
20;1;71;0.0;0.0;0.0;176.136;0.0;176.136
20;1;72;0.0;0.0;0.0;141.081;0.0;141.081
20;1;73;0.0;0.0;0.0;139.87;0.0;139.87
20;1;74;0.0;0.0;0.0;141.628;0.0;141.628
20;1;75;0.0;0.0;0.0;140.025;0.0;140.025
20;1;76;0.0;0.0;0.0;140.688;0.0;140.688
20;1;77;0.0;0.0;0.0;142.174;0.0;142.174
20;1;78;0.0;0.0;0.0;142.286;0.0;142.286
20;1;79;0.0;75.381;0.0;53.899;0.0;129.28
20;1;80;0.0;131.81;0.0;0.0;0.0;131.81
20;1;81;0.0;144.114;0.0;0.0;0.0;144.114
20;1;82;0.0;153.715;0.0;0.0;0.0;153.715
20;1;83;0.0;150.311;0.0;0.0;0.0;150.311
20;1;84;0.0;147.269;0.0;0.0;0.0;147.269
20;1;85;0.0;153.251;0.0;0.0;0.0;153.251
20;1;86;0.0;149.491;0.0;0.0;0.0;149.491
20;1;87;0.0;258.985;0.0;0.0;0.0;258.985
20;1;88;0.0;138.332;0.0;0.0;0.0;138.332
20;1;89;0.0;143.027;0.0;0.0;0.0;143.027
20;1;90;0.0;128.516;0.0;7.744;0.0;136.259
20;1;91;0.0;0.0;0.0;216.486;0.0;216.486
20;1;92;0.0;0.0;0.0;217.115;0.0;217.115
20;1;93;0.0;0.0;0.0;203.757;0.0;203.757
20;1;94;0.0;0.0;0.0;197.32;0.0;197.32
20;1;95;0.0;0.0;0.0;170.575;0.0;170.575
20;1;96;0.0;0.0;0.0;139.207;0.0;139.207
20;1;97;0.0;0.0;0.0;143.966;0.0;143.966
20;1;98;0.0;0.0;0.0;141.496;0.0;141.496
20;1;99;0.0;0.0;0.0;140.971;0.0;140.971
20;1;100;0.0;0.0;0.0;140.98;0.0;140.98
20;1;101;0.0;0.0;0.0;145.436;0.0;145.436
20;1;102;0.0;0.0;0.0;144.895;0.0;144.895
20;1;103;0.0;72.322;0.0;235.245;0.0;307.568
20;1;104;0.0;255.849;0.0;34.231;0.0;290.08
20;1;105;0.0;285.681;0.0;53.446;0.0;339.127
20;1;106;0.0;365.771;0.0;0.0;0.0;365.771
20;1;107;0.0;363.933;0.0;0.0;0.0;363.933
20;1;108;0.0;346.846;0.0;0.0;0.0;346.846
20;1;109;0.0;340.49;0.0;0.0;0.0;340.49
20;1;110;0.0;364.226;0.0;0.0;0.0;364.226
20;1;111;0.0;376.886;0.0;0.0;0.0;376.886
20;1;112;0.0;377.79;0.0;0.0;0.0;377.79
20;1;113;0.0;271.93;0.0;16.576;0.0;288.506
20;1;114;0.0;103.821;0.0;181.751;0.0;285.572
20;1;115;0.0;0.0;0.0;435.165;0.0;435.165
20;1;116;0.0;0.0;0.0;315.783;0.0;315.783
20;1;117;0.0;0.0;0.0;215.286;0.0;215.286
20;1;118;0.0;0.0;0.0;196.009;0.0;196.009
20;1;119;0.0;0.0;0.0;170.037;0.0;170.037
20;1;120;0.0;0.0;0.0;138.708;0.0;138.708
20;1;121;0.0;0.0;0.0;143.878;0.0;143.878
20;1;122;0.0;0.0;0.0;142.194;0.0;142.194
20;1;123;0.0;0.0;0.0;141.333;0.0;141.333
20;1;124;0.0;0.0;0.0;140.624;0.0;140.624
20;1;125;0.0;0.0;0.0;138.629;0.0;138.629
20;1;126;0.0;0.0;0.0;146.199;0.0;146.199
20;1;127;0.0;4.578;0.0;357.343;0.0;361.921
20;1;128;0.0;319.205;0.0;0.0;0.0;319.205
20;1;129;0.0;350.942;0.0;0.0;0.0;350.942
20;1;130;0.0;356.731;0.0;0.0;0.0;356.731
20;1;131;0.0;353.627;0.0;0.0;0.0;353.627
20;1;132;0.0;335.351;0.0;0.0;0.0;335.351
20;1;133;0.0;346.842;0.0;0.0;0.0;346.842
20;1;134;0.0;360.841;0.0;0.0;0.0;360.841
20;1;135;0.0;333.856;0.0;0.0;0.0;333.856
20;1;136;0.0;372.845;0.0;0.0;0.0;372.845
20;1;137;0.0;336.007;0.0;0.0;0.0;336.007
20;1;138;0.0;101.783;0.0;177.524;0.0;279.307
20;1;139;0.0;0.0;0.0;412.788;0.0;412.788
20;1;140;0.0;0.0;0.0;331.097;0.0;331.097
20;1;141;0.0;0.0;0.0;205.919;0.0;205.919
20;1;142;0.0;0.0;0.0;196.643;0.0;196.643
20;1;143;0.0;0.0;0.0;190.07;0.0;190.07
20;1;144;0.0;0.0;0.0;137.15;0.0;137.15
20;1;145;0.0;0.0;0.0;139.893;0.0;139.893
20;1;146;0.0;0.0;0.0;141.133;0.0;141.133
20;1;147;0.0;0.0;0.0;143.96;0.0;143.96
20;1;148;0.0;0.0;0.0;139.296;0.0;139.296
20;1;149;0.0;0.0;0.0;140.859;0.0;140.859
20;1;150;0.0;0.0;0.0;147.599;0.0;147.599
20;1;151;0.0;48.433;0.0;274.0;0.0;322.433
20;1;152;0.0;319.858;0.0;0.0;0.0;319.858
20;1;153;0.0;339.045;0.0;0.0;0.0;339.045
20;1;154;0.0;361.788;0.0;0.0;0.0;361.788
20;1;155;0.0;354.386;0.0;0.0;0.0;354.386
20;1;156;0.0;336.512;0.0;0.0;0.0;336.512
20;1;157;0.0;336.75;0.0;0.0;0.0;336.75
20;1;158;0.0;339.167;0.0;0.0;0.0;339.167
20;1;159;0.0;516.573;0.0;0.0;0.0;516.573
20;1;160;0.0;310.695;0.0;0.0;0.0;310.695
20;1;161;0.0;394.787;0.0;0.0;0.0;394.787
20;1;162;0.0;115.333;0.0;168.819;0.0;284.153
20;1;163;0.0;0.0;0.0;424.05;0.0;424.05
20;1;164;0.0;0.0;0.0;326.323;0.0;326.323
20;1;165;0.0;0.0;0.0;195.09;0.0;195.09
20;1;166;0.0;0.0;0.0;183.67;0.0;183.67
20;1;167;0.0;0.0;0.0;168.527;0.0;168.527
20;2;0;0.0;0.0;0.0;470.025;0.0;470.025
20;2;1;0.0;0.0;0.0;478.932;0.0;478.932
20;2;2;0.0;0.0;0.0;140.493;0.0;140.493
20;2;3;0.0;0.0;0.0;141.614;0.0;141.614
20;2;4;0.0;0.0;0.0;141.023;0.0;141.023
20;2;5;0.0;0.0;0.0;140.519;0.0;140.519
20;2;6;0.0;0.0;0.0;147.377;0.0;147.377
20;2;7;0.0;44.545;0.0;445.973;0.0;490.517
20;2;8;0.0;433.204;0.0;0.0;0.0;433.204
20;2;9;0.0;422.341;0.0;0.0;0.0;422.341
20;2;10;0.0;506.398;0.0;0.0;0.0;506.398
20;2;11;0.0;630.271;0.0;0.0;0.0;630.271
20;2;12;0.0;611.584;0.0;0.0;0.0;611.584
20;2;13;0.0;609.261;0.0;0.0;0.0;609.261
20;2;14;0.0;625.215;0.0;0.0;0.0;625.215
20;2;15;0.0;542.82;0.0;0.0;0.0;542.82
20;2;16;0.0;515.905;0.0;0.0;0.0;515.905
20;2;17;0.0;300.836;0.0;0.0;0.0;300.836
20;2;18;0.0;15.42;0.0;358.122;0.0;373.542
20;2;19;0.0;0.0;0.0;424.906;0.0;424.906
20;2;20;0.0;0.0;0.0;326.406;0.0;326.406
20;2;21;0.0;0.0;0.0;205.027;0.0;205.027
20;2;22;0.0;0.0;0.0;199.037;0.0;199.037
20;2;23;0.0;0.0;0.0;179.573;0.0;179.573
20;2;24;0.0;0.0;0.0;135.629;0.0;135.629
20;2;25;0.0;0.0;0.0;143.648;0.0;143.648
20;2;26;0.0;0.0;0.0;141.031;0.0;141.031
20;2;27;0.0;0.0;0.0;146.909;0.0;146.909
20;2;28;0.0;0.0;0.0;139.867;0.0;139.867
20;2;29;0.0;0.0;0.0;141.401;0.0;141.401
20;2;30;0.0;0.0;0.0;148.999;0.0;148.999
20;2;31;0.0;46.245;0.0;341.327;0.0;387.572
20;2;32;0.0;323.647;0.0;0.0;0.0;323.647
20;2;33;0.0;406.397;0.0;0.0;0.0;406.397
20;2;34;0.0;408.593;0.0;0.0;0.0;408.593
20;2;35;0.0;380.991;0.0;0.0;0.0;380.991
20;2;36;0.0;596.067;0.0;0.0;0.0;596.067
20;2;37;0.0;597.951;0.0;0.0;0.0;597.951
20;2;38;0.0;612.689;0.0;0.0;0.0;612.689
20;2;39;0.0;591.696;0.0;0.0;0.0;591.696
20;2;40;0.0;521.001;0.0;0.0;0.0;521.001
20;2;41;0.0;200.545;0.0;101.17;0.0;301.715
20;2;42;0.0;0.0;0.0;385.606;0.0;385.606
20;2;43;0.0;0.0;0.0;422.38;0.0;422.38
20;2;44;0.0;0.0;0.0;339.174;0.0;339.174
20;2;45;0.0;0.0;0.0;202.295;0.0;202.295
20;2;46;0.0;0.0;0.0;199.889;0.0;199.889
20;2;47;0.0;0.0;0.0;177.279;0.0;177.279
20;2;48;0.0;0.0;0.0;140.082;0.0;140.082
20;2;49;0.0;0.0;0.0;144.86;0.0;144.86
20;2;50;0.0;0.0;0.0;141.805;0.0;141.805
20;2;51;0.0;0.0;0.0;141.228;0.0;141.228
20;2;52;0.0;0.0;0.0;138.644;0.0;138.644
20;2;53;0.0;0.0;0.0;139.493;0.0;139.493
20;2;54;0.0;0.0;0.0;142.73;0.0;142.73
20;2;55;0.0;0.0;0.0;375.908;0.0;375.908
20;2;56;0.0;24.05;0.0;330.583;0.0;354.634
20;2;57;0.0;119.293;0.0;180.783;0.0;300.077
20;2;58;0.0;90.169;0.0;233.298;0.0;323.467
20;2;59;0.0;106.941;0.0;189.616;0.0;296.557
20;2;60;0.0;202.711;0.0;85.979;0.0;288.69
20;2;61;0.0;210.723;0.0;75.65;0.0;286.372
20;2;62;0.0;264.62;0.0;31.973;0.0;296.592
20;2;63;0.0;266.739;0.0;17.175;0.0;283.913
20;2;64;0.0;116.692;0.0;176.789;0.0;293.481
20;2;65;0.0;49.664;0.0;289.572;0.0;339.236
20;2;66;0.0;0.0;0.0;407.754;0.0;407.754
20;2;67;0.0;0.0;0.0;426.945;0.0;426.945
20;2;68;0.0;0.0;0.0;322.845;0.0;322.845
20;2;69;0.0;0.0;0.0;202.863;0.0;202.863
20;2;70;0.0;0.0;0.0;199.447;0.0;199.447
20;2;71;0.0;0.0;0.0;167.515;0.0;167.515
20;2;72;0.0;0.0;0.0;139.675;0.0;139.675
20;2;73;0.0;0.0;0.0;144.03;0.0;144.03
20;2;74;0.0;0.0;0.0;140.546;0.0;140.546
20;2;75;0.0;0.0;0.0;142.106;0.0;142.106
20;2;76;0.0;0.0;0.0;139.135;0.0;139.135
20;2;77;0.0;0.0;0.0;139.833;0.0;139.833
20;2;78;0.0;0.0;0.0;145.338;0.0;145.338
20;2;79;0.0;46.275;0.0;107.828;0.0;154.103
20;2;80;0.0;236.999;0.0;0.0;0.0;236.999
20;2;81;0.0;185.05;0.0;0.0;0.0;185.05
20;2;82;0.0;186.182;0.0;0.0;0.0;186.182
20;2;83;0.0;444.888;0.0;0.0;0.0;444.888
20;2;84;0.0;431.315;0.0;0.0;0.0;431.315
20;2;85;0.0;429.665;0.0;0.0;0.0;429.665
20;2;86;0.0;430.914;0.0;0.0;0.0;430.914
20;2;87;0.0;366.238;0.0;55.18;0.0;421.419
20;2;88;0.0;243.956;0.0;0.0;0.0;243.956
20;2;89;0.0;184.07;0.0;246.05;0.0;430.121
20;2;90;0.0;0.0;0.0;195.654;0.0;195.654
20;2;91;0.0;0.0;0.0;215.345;0.0;215.345
20;2;92;0.0;0.0;0.0;211.213;0.0;211.213
20;2;93;0.0;0.0;0.0;208.921;0.0;208.921
20;2;94;0.0;0.0;0.0;244.377;0.0;244.377
20;2;95;0.0;0.0;0.0;178.825;0.0;178.825
20;2;96;0.0;0.0;0.0;137.013;0.0;137.013
20;2;97;0.0;0.0;0.0;139.487;0.0;139.487
20;2;98;0.0;0.0;0.0;138.846;0.0;138.846
20;2;99;0.0;0.0;0.0;142.762;0.0;142.762
20;2;100;0.0;0.0;0.0;136.677;0.0;136.677
20;2;101;0.0;0.0;0.0;140.519;0.0;140.519
20;2;102;0.0;0.0;0.0;143.483;0.0;143.483
20;2;103;0.0;18.37;0.0;388.542;0.0;406.911
20;2;104;0.0;406.163;0.0;74.604;0.0;480.767
20;2;105;0.0;503.609;0.0;0.0;0.0;503.609
20;2;106;0.0;644.162;0.0;0.0;0.0;644.162
20;2;107;0.0;644.544;0.0;0.0;0.0;644.544
20;2;108;0.0;615.205;0.0;0.0;0.0;615.205
20;2;109;0.0;611.774;0.0;0.0;0.0;611.774
20;2;110;0.0;629.622;0.0;0.0;0.0;629.622
20;2;111;0.0;353.964;0.0;0.0;0.0;353.964
20;2;112;0.0;180.432;0.0;132.805;0.0;313.237
20;2;113;0.0;128.144;0.0;192.08;0.0;320.224
20;2;114;0.0;0.0;0.0;399.84;0.0;399.84
20;2;115;0.0;0.0;0.0;420.295;0.0;420.295
20;2;116;0.0;0.0;0.0;338.419;0.0;338.419
20;2;117;0.0;0.0;0.0;197.599;0.0;197.599
20;2;118;0.0;0.0;0.0;190.182;0.0;190.182
20;2;119;0.0;0.0;0.0;172.154;0.0;172.154
20;2;120;0.0;0.0;0.0;138.075;0.0;138.075
20;2;121;0.0;0.0;0.0;144.109;0.0;144.109
20;2;122;0.0;0.0;0.0;140.111;0.0;140.111
20;2;123;0.0;0.0;0.0;144.668;0.0;144.668
20;2;124;0.0;0.0;0.0;142.918;0.0;142.918
20;2;125;0.0;0.0;0.0;166.225;0.0;166.225
20;2;126;0.0;0.0;0.0;243.177;0.0;243.177
20;2;127;0.0;0.0;0.0;496.369;0.0;496.369
20;2;128;0.0;78.39;0.0;356.006;0.0;434.396
20;2;129;0.0;171.767;0.0;212.975;0.0;384.741
20;2;130;0.0;245.49;0.0;157.203;0.0;402.693
20;2;131;0.0;267.545;0.0;113.524;0.0;381.069
20;2;132;0.0;584.993;0.0;0.0;0.0;584.993
20;2;133;0.0;586.212;0.0;0.0;0.0;586.212
20;2;134;0.0;344.593;0.0;0.0;0.0;344.593
20;2;135;0.0;157.98;0.0;181.922;0.0;339.902
20;2;136;0.0;138.626;0.0;173.873;0.0;312.499
20;2;137;0.0;47.817;0.0;574.088;0.0;621.906
20;2;138;0.0;0.0;0.0;502.398;0.0;502.398
20;2;139;0.0;0.0;0.0;428.804;0.0;428.804
20;2;140;0.0;0.0;0.0;334.788;0.0;334.788
20;2;141;0.0;0.0;0.0;201.992;0.0;201.992
20;2;142;0.0;0.0;0.0;195.022;0.0;195.022
20;2;143;0.0;0.0;0.0;179.493;0.0;179.493
20;2;144;0.0;0.0;0.0;141.131;0.0;141.131
20;2;145;0.0;0.0;0.0;145.18;0.0;145.18
20;2;146;0.0;0.0;0.0;140.491;0.0;140.491
20;2;147;0.0;0.0;0.0;140.811;0.0;140.811
20;2;148;0.0;0.0;0.0;140.741;0.0;140.741
20;2;149;0.0;0.0;0.0;141.888;0.0;141.888
20;2;150;0.0;0.0;0.0;153.283;0.0;153.283
20;2;151;0.0;0.0;0.0;433.604;0.0;433.604
20;2;152;0.0;0.0;0.0;457.463;0.0;457.463
20;2;153;0.0;43.285;0.0;418.239;0.0;461.524
20;2;154;0.0;35.437;0.0;433.375;0.0;468.812
20;2;155;0.0;97.14;0.0;310.024;0.0;407.164
20;2;156;0.0;133.381;0.0;225.986;0.0;359.367
20;2;157;0.0;87.958;0.0;287.944;0.0;375.902
20;2;158;0.0;93.599;0.0;287.786;0.0;381.385
20;2;159;0.0;65.391;0.0;318.368;0.0;383.759
20;2;160;0.0;0.0;0.0;658.478;0.0;658.478
20;2;161;0.0;0.0;0.0;452.306;0.0;452.306
20;2;162;0.0;0.0;0.0;412.698;0.0;412.698
20;2;163;0.0;0.0;0.0;435.919;0.0;435.919
20;2;164;0.0;0.0;0.0;327.206;0.0;327.206
20;2;165;0.0;0.0;0.0;207.674;0.0;207.674
20;2;166;0.0;0.0;0.0;313.513;0.0;313.513
20;2;167;0.0;0.0;0.0;455.233;0.0;455.233
20;3;0;0.0;0.0;0.0;139.565;0.0;139.565
20;3;1;0.0;0.0;0.0;307.198;0.0;307.198
20;3;2;0.0;0.0;0.0;435.384;0.0;435.384
20;3;3;0.0;0.0;0.0;442.622;0.0;442.622
20;3;4;0.0;0.0;0.0;532.719;0.0;532.719
20;3;5;0.0;0.0;0.0;375.0;0.0;375.0
20;3;6;0.0;0.0;0.0;480.278;0.0;480.278
20;3;7;0.0;0.0;0.0;733.938;0.0;733.938
20;3;8;0.0;0.0;0.0;752.47;0.0;752.47
20;3;9;0.0;0.0;0.0;733.035;0.0;733.035
20;3;10;0.0;0.0;0.0;645.671;0.0;645.671
20;3;11;0.0;0.0;0.0;607.523;0.0;607.523
20;3;12;0.0;312.04;0.0;227.681;0.0;539.72
20;3;13;0.0;597.589;0.0;0.0;0.0;597.589
20;3;14;0.0;430.977;0.0;269.792;0.0;700.769
20;3;15;0.0;334.09;0.0;349.165;0.0;683.255
20;3;16;0.0;0.0;0.0;839.587;0.0;839.587
20;3;17;0.0;0.0;0.0;830.356;0.0;830.356
20;3;18;0.0;0.0;0.0;795.596;0.0;795.596
20;3;19;0.0;0.0;0.0;445.809;0.0;445.809
20;3;20;0.0;0.0;0.0;335.649;0.0;335.649
20;3;21;0.0;0.0;0.0;219.598;0.0;219.598
20;3;22;0.0;0.0;0.0;207.785;0.0;207.785
20;3;23;0.0;0.0;0.0;562.565;0.0;562.565
20;3;24;0.0;0.0;0.0;533.1;0.0;533.1
20;3;25;0.0;0.0;0.0;144.777;0.0;144.777
20;3;26;0.0;0.0;0.0;449.046;0.0;449.046
20;3;27;0.0;0.0;0.0;453.239;0.0;453.239
20;3;28;0.0;0.0;0.0;459.684;0.0;459.684
20;3;29;0.0;0.0;0.0;465.355;0.0;465.355
20;3;30;0.0;0.0;0.0;484.634;0.0;484.634
20;3;31;0.0;0.0;0.0;752.845;0.0;752.845
20;3;32;0.0;0.0;0.0;767.726;0.0;767.726
20;3;33;0.0;0.0;0.0;740.899;0.0;740.899
20;3;34;0.0;254.957;0.0;359.688;0.0;614.645
20;3;35;0.0;319.999;0.0;260.09;0.0;580.09
20;3;36;0.0;401.343;0.0;147.223;0.0;548.566
20;3;37;0.0;253.216;0.0;298.052;0.0;551.268
20;3;38;0.0;0.0;0.0;646.034;0.0;646.034
20;3;39;0.0;0.0;0.0;704.52;0.0;704.52
20;3;40;0.0;0.0;0.0;717.325;0.0;717.325
20;3;41;0.0;0.0;0.0;710.546;0.0;710.546
20;3;42;0.0;0.0;0.0;680.817;0.0;680.817
20;3;43;0.0;0.0;0.0;682.924;0.0;682.924
20;3;44;0.0;0.0;0.0;588.902;0.0;588.902
20;3;45;0.0;0.0;0.0;482.435;0.0;482.435
20;3;46;0.0;0.0;0.0;461.126;0.0;461.126
20;3;47;0.0;0.0;0.0;440.99;0.0;440.99
20;3;48;0.0;0.0;0.0;208.346;0.0;208.346
20;3;49;0.0;0.0;0.0;206.476;0.0;206.476
20;3;50;0.0;0.0;0.0;205.754;0.0;205.754
20;3;51;0.0;0.0;0.0;207.893;0.0;207.893
20;3;52;0.0;0.0;0.0;210.143;0.0;210.143
20;3;53;0.0;0.0;0.0;210.924;0.0;210.924
20;3;54;0.0;0.0;0.0;216.608;0.0;216.608
20;3;55;0.0;0.0;0.0;475.1;0.0;475.1
20;3;56;0.0;0.0;0.0;511.117;0.0;511.117
20;3;57;0.0;0.0;0.0;493.449;0.0;493.449
20;3;58;0.0;0.0;0.0;473.499;0.0;473.499
20;3;59;0.0;0.0;0.0;469.038;0.0;469.038
20;3;60;0.0;120.328;0.0;257.313;0.0;377.641
20;3;61;0.0;373.173;0.0;0.0;0.0;373.173
20;3;62;0.0;89.581;0.0;278.386;0.0;367.967
20;3;63;0.0;104.708;0.0;306.007;0.0;410.716
20;3;64;0.0;0.0;0.0;497.033;0.0;497.033
20;3;65;0.0;0.0;0.0;635.049;0.0;635.049
20;3;66;0.0;0.0;0.0;771.664;0.0;771.664
20;3;67;0.0;0.0;0.0;436.394;0.0;436.394
20;3;68;0.0;0.0;0.0;343.946;0.0;343.946
20;3;69;0.0;0.0;0.0;208.356;0.0;208.356
20;3;70;0.0;0.0;0.0;208.378;0.0;208.378
20;3;71;0.0;0.0;0.0;290.333;0.0;290.333
20;3;72;0.0;0.0;0.0;252.038;0.0;252.038
20;3;73;0.0;0.0;0.0;257.123;0.0;257.123
20;3;74;0.0;0.0;0.0;261.091;0.0;261.091
20;3;75;0.0;0.0;0.0;270.302;0.0;270.302
20;3;76;0.0;0.0;0.0;268.269;0.0;268.269
20;3;77;0.0;0.0;0.0;273.961;0.0;273.961
20;3;78;0.0;0.0;0.0;420.237;0.0;420.237
20;3;79;0.0;0.0;0.0;159.384;0.0;159.384
20;3;80;0.0;0.0;0.0;324.179;0.0;324.179
20;3;81;0.0;0.0;0.0;327.878;0.0;327.878
20;3;82;0.0;0.0;0.0;340.592;0.0;340.592
20;3;83;0.0;0.0;0.0;330.968;0.0;330.968
20;3;84;0.0;0.0;0.0;306.038;0.0;306.038
20;3;85;0.0;345.577;0.0;0.0;0.0;345.577
20;3;86;0.0;389.309;0.0;0.0;0.0;389.309
20;3;87;0.0;134.086;0.0;381.426;0.0;515.511
20;3;88;0.0;0.0;0.0;549.665;0.0;549.665
20;3;89;0.0;0.0;0.0;568.082;0.0;568.082
20;3;90;0.0;0.0;0.0;579.22;0.0;579.22
20;3;91;0.0;0.0;0.0;216.139;0.0;216.139
20;3;92;0.0;0.0;0.0;214.291;0.0;214.291
20;3;93;0.0;0.0;0.0;211.025;0.0;211.025
20;3;94;0.0;0.0;0.0;586.033;0.0;586.033
20;3;95;0.0;0.0;0.0;564.989;0.0;564.989
20;3;96;0.0;0.0;0.0;533.716;0.0;533.716
20;3;97;0.0;0.0;0.0;542.189;0.0;542.189
20;3;98;0.0;0.0;0.0;538.46;0.0;538.46
20;3;99;0.0;0.0;0.0;537.935;0.0;537.935
20;3;100;0.0;0.0;0.0;538.809;0.0;538.809
20;3;101;0.0;0.0;0.0;533.833;0.0;533.833
20;3;102;0.0;0.0;0.0;535.866;0.0;535.866
20;3;103;0.0;0.0;0.0;835.707;0.0;835.707
20;3;104;0.0;0.0;0.0;861.22;0.0;861.22
20;3;105;0.0;0.0;0.0;885.135;0.0;885.135
20;3;106;0.0;0.0;0.0;914.93;0.0;914.93
20;3;107;0.0;0.0;0.0;885.334;0.0;885.334
20;3;108;0.0;0.0;0.0;824.096;0.0;824.096
20;3;109;0.0;0.0;0.0;791.02;0.0;791.02
20;3;110;0.0;0.0;0.0;811.712;0.0;811.712
20;3;111;0.0;0.0;0.0;826.774;0.0;826.774
20;3;112;0.0;0.0;0.0;801.302;0.0;801.302
20;3;113;0.0;0.0;0.0;784.909;0.0;784.909
20;3;114;0.0;0.0;0.0;745.168;0.0;745.168
20;3;115;0.0;0.0;0.0;748.367;0.0;748.367
20;3;116;0.0;0.0;0.0;656.942;0.0;656.942
20;3;117;0.0;0.0;0.0;531.263;0.0;531.263
20;3;118;0.0;0.0;0.0;567.507;0.0;567.507
20;3;119;0.0;0.0;0.0;549.113;0.0;549.113
20;3;120;0.0;0.0;0.0;512.491;0.0;512.491
20;3;121;0.0;0.0;0.0;517.374;0.0;517.374
20;3;122;0.0;0.0;0.0;522.931;0.0;522.931
20;3;123;0.0;0.0;0.0;530.118;0.0;530.118
20;3;124;0.0;0.0;0.0;536.728;0.0;536.728
20;3;125;0.0;0.0;0.0;149.882;0.0;149.882
20;3;126;0.0;0.0;0.0;520.416;0.0;520.416
20;3;127;0.0;0.0;0.0;772.46;0.0;772.46
20;3;128;0.0;0.0;0.0;782.706;0.0;782.706
20;3;129;0.0;0.0;0.0;793.174;0.0;793.174
20;3;130;0.0;0.0;0.0;728.615;0.0;728.615
20;3;131;0.0;0.0;0.0;710.322;0.0;710.322
20;3;132;0.0;15.198;0.0;568.052;0.0;583.25
20;3;133;0.0;0.0;0.0;581.553;0.0;581.553
20;3;134;0.0;0.0;0.0;708.083;0.0;708.083
20;3;135;0.0;0.0;0.0;727.19;0.0;727.19
20;3;136;0.0;0.0;0.0;868.542;0.0;868.542
20;3;137;0.0;0.0;0.0;556.94;0.0;556.94
20;3;138;0.0;0.0;0.0;673.463;0.0;673.463
20;3;139;0.0;0.0;0.0;817.403;0.0;817.403
20;3;140;0.0;0.0;0.0;494.874;0.0;494.874
20;3;141;0.0;0.0;0.0;521.14;0.0;521.14
20;3;142;0.0;0.0;0.0;517.105;0.0;517.105
20;3;143;0.0;0.0;0.0;501.194;0.0;501.194
20;3;144;0.0;0.0;0.0;531.636;0.0;531.636
20;3;145;0.0;0.0;0.0;403.732;0.0;403.732
20;3;146;0.0;0.0;0.0;535.372;0.0;535.372
20;3;147;0.0;0.0;0.0;420.099;0.0;420.099
20;3;148;0.0;0.0;0.0;479.799;0.0;479.799
20;3;149;0.0;0.0;0.0;485.075;0.0;485.075
20;3;150;0.0;0.0;0.0;493.87;0.0;493.87
20;3;151;0.0;0.0;0.0;738.513;0.0;738.513
20;3;152;0.0;0.0;0.0;749.032;0.0;749.032
20;3;153;0.0;0.0;0.0;706.886;0.0;706.886
20;3;154;0.0;0.0;0.0;612.831;0.0;612.831
20;3;155;0.0;0.0;0.0;584.197;0.0;584.197
20;3;156;0.0;0.0;0.0;616.481;0.0;616.481
20;3;157;0.0;0.0;0.0;764.393;0.0;764.393
20;3;158;0.0;0.0;0.0;466.026;0.0;466.026
20;3;159;0.0;0.0;0.0;667.111;0.0;667.111
20;3;160;0.0;0.0;0.0;652.378;0.0;652.378
20;3;161;0.0;0.0;0.0;642.688;0.0;642.688
20;3;162;0.0;0.0;0.0;613.909;0.0;613.909
20;3;163;0.0;0.0;0.0;615.593;0.0;615.593
20;3;164;0.0;0.0;0.0;546.227;0.0;546.227
20;3;165;0.0;0.0;0.0;529.609;0.0;529.609
20;3;166;0.0;0.0;0.0;544.373;0.0;544.373
20;3;167;0.0;0.0;0.0;532.494;0.0;532.494
