Support_Year;Cluster;Timestep;Device;Power_kW
0;0;0;HP;0.0
0;0;0;EB;0.0
0;0;0;from_grid;147.77
0;0;0;from_main_grid;147.77
0;0;0;from_network;0.0
0;0;1;HP;343.441
0;0;1;EB;0.0
0;0;1;from_grid;495.543
0;0;1;from_main_grid;495.543
0;0;1;from_network;0.0
0;0;2;HP;92.908
0;0;2;EB;0.0
0;0;2;from_grid;240.546
0;0;2;from_main_grid;240.546
0;0;2;from_network;0.0
0;0;3;HP;263.467
0;0;3;EB;0.0
0;0;3;from_grid;412.002
0;0;3;from_main_grid;412.002
0;0;3;from_network;0.0
0;0;4;HP;271.291
0;0;4;EB;0.0
0;0;4;from_grid;420.26
0;0;4;from_main_grid;420.26
0;0;4;from_network;0.0
0;0;5;HP;277.992
0;0;5;EB;0.0
0;0;5;from_grid;425.258
0;0;5;from_main_grid;425.258
0;0;5;from_network;0.0
0;0;6;HP;296.762
0;0;6;EB;0.0
0;0;6;from_grid;449.948
0;0;6;from_main_grid;449.948
0;0;6;from_network;0.0
0;0;7;HP;249.75
0;0;7;EB;0.0
0;0;7;from_grid;705.361
0;0;7;from_main_grid;705.361
0;0;7;from_network;0.0
0;0;8;HP;226.589
0;0;8;EB;0.0
0;0;8;from_grid;695.765
0;0;8;from_main_grid;695.765
0;0;8;from_network;0.0
0;0;9;HP;228.31
0;0;9;EB;0.0
0;0;9;from_grid;578.872
0;0;9;from_main_grid;281.625
0;0;9;from_network;297.248
0;0;10;HP;196.34
0;0;10;EB;0.0
0;0;10;from_grid;570.108
0;0;10;from_main_grid;212.262
0;0;10;from_network;357.846
0;0;11;HP;181.332
0;0;11;EB;0.0
0;0;11;from_grid;546.623
0;0;11;from_main_grid;546.623
0;0;11;from_network;0.0
0;0;12;HP;156.506
0;0;12;EB;0.0
0;0;12;from_grid;499.396
0;0;12;from_main_grid;263.107
0;0;12;from_network;236.288
0;0;13;HP;279.698
0;0;13;EB;0.0
0;0;13;from_grid;642.889
0;0;13;from_main_grid;642.889
0;0;13;from_network;0.0
0;0;14;HP;0.0
0;0;14;EB;0.0
0;0;14;from_grid;392.271
0;0;14;from_main_grid;392.271
0;0;14;from_network;0.0
0;0;15;HP;145.584
0;0;15;EB;0.0
0;0;15;from_grid;485.98
0;0;15;from_main_grid;267.336
0;0;15;from_network;218.645
0;0;16;HP;136.418
0;0;16;EB;0.0
0;0;16;from_grid;468.326
0;0;16;from_main_grid;468.326
0;0;16;from_network;0.0
0;0;17;HP;128.746
0;0;17;EB;0.0
0;0;17;from_grid;563.912
0;0;17;from_main_grid;563.912
0;0;17;from_network;0.0
0;0;18;HP;323.717
0;0;18;EB;0.0
0;0;18;from_grid;759.545
0;0;18;from_main_grid;759.545
0;0;18;from_network;0.0
0;0;19;HP;0.0
0;0;19;EB;0.0
0;0;19;from_grid;444.103
0;0;19;from_main_grid;444.103
0;0;19;from_network;0.0
0;0;20;HP;264.405
0;0;20;EB;0.0
0;0;20;from_grid;614.892
0;0;20;from_main_grid;614.892
0;0;20;from_network;0.0
0;0;21;HP;329.092
0;0;21;EB;0.0
0;0;21;from_grid;539.336
0;0;21;from_main_grid;539.336
0;0;21;from_network;0.0
0;0;22;HP;334.47
0;0;22;EB;0.0
0;0;22;from_grid;529.213
0;0;22;from_main_grid;529.213
0;0;22;from_network;0.0
0;0;23;HP;338.954
0;0;23;EB;0.0
0;0;23;from_grid;522.236
0;0;23;from_main_grid;522.236
0;0;23;from_network;0.0
0;0;24;HP;0.0
0;0;24;EB;0.0
0;0;24;from_grid;148.336
0;0;24;from_main_grid;148.336
0;0;24;from_network;0.0
0;0;25;HP;0.0
0;0;25;EB;0.0
0;0;25;from_grid;147.39
0;0;25;from_main_grid;147.39
0;0;25;from_network;0.0
0;0;26;HP;264.977
0;0;26;EB;0.0
0;0;26;from_grid;408.9
0;0;26;from_main_grid;408.9
0;0;26;from_network;0.0
0;0;27;HP;353.323
0;0;27;EB;0.0
0;0;27;from_grid;501.707
0;0;27;from_main_grid;501.707
0;0;27;from_network;0.0
0;0;28;HP;354.222
0;0;28;EB;0.0
0;0;28;from_grid;503.778
0;0;28;from_main_grid;503.778
0;0;28;from_network;0.0
0;0;29;HP;360.517
0;0;29;EB;0.0
0;0;29;from_grid;509.136
0;0;29;from_main_grid;509.136
0;0;29;from_network;0.0
0;0;30;HP;116.025
0;0;30;EB;0.0
0;0;30;from_grid;277.185
0;0;30;from_main_grid;277.185
0;0;30;from_network;0.0
0;0;31;HP;288.293
0;0;31;EB;0.0
0;0;31;from_grid;744.896
0;0;31;from_main_grid;744.896
0;0;31;from_network;0.0
0;0;32;HP;260.814
0;0;32;EB;0.0
0;0;32;from_grid;734.104
0;0;32;from_main_grid;734.104
0;0;32;from_network;0.0
0;0;33;HP;257.687
0;0;33;EB;0.0
0;0;33;from_grid;613.126
0;0;33;from_main_grid;373.974
0;0;33;from_network;239.152
0;0;34;HP;224.024
0;0;34;EB;0.0
0;0;34;from_grid;594.626
0;0;34;from_main_grid;147.539
0;0;34;from_network;447.088
0;0;35;HP;194.311
0;0;35;EB;0.0
0;0;35;from_grid;557.066
0;0;35;from_main_grid;121.71
0;0;35;from_network;435.356
0;0;36;HP;193.152
0;0;36;EB;0.0
0;0;36;from_grid;549.981
0;0;36;from_main_grid;274.936
0;0;36;from_network;275.045
0;0;37;HP;159.255
0;0;37;EB;0.0
0;0;37;from_grid;510.887
0;0;37;from_main_grid;0.0
0;0;37;from_network;510.887
0;0;38;HP;255.846
0;0;38;EB;0.0
0;0;38;from_grid;629.885
0;0;38;from_main_grid;0.0
0;0;38;from_network;629.885
0;0;39;HP;168.852
0;0;39;EB;0.0
0;0;39;from_grid;508.578
0;0;39;from_main_grid;0.0
0;0;39;from_network;508.578
0;0;40;HP;320.136
0;0;40;EB;0.0
0;0;40;from_grid;660.485
0;0;40;from_main_grid;432.604
0;0;40;from_network;227.881
0;0;41;HP;322.822
0;0;41;EB;0.0
0;0;41;from_grid;705.334
0;0;41;from_main_grid;705.334
0;0;41;from_network;0.0
0;0;42;HP;322.822
0;0;42;EB;0.0
0;0;42;from_grid;754.597
0;0;42;from_main_grid;754.597
0;0;42;from_network;0.0
0;0;43;HP;328.196
0;0;43;EB;0.0
0;0;43;from_grid;787.155
0;0;43;from_main_grid;787.155
0;0;43;from_network;0.0
0;0;44;HP;332.676
0;0;44;EB;0.0
0;0;44;from_grid;671.929
0;0;44;from_main_grid;671.929
0;0;44;from_network;0.0
0;0;45;HP;0.0
0;0;45;EB;0.0
0;0;45;from_grid;217.236
0;0;45;from_main_grid;217.236
0;0;45;from_network;0.0
0;0;46;HP;49.314
0;0;46;EB;0.0
0;0;46;from_grid;248.336
0;0;46;from_main_grid;248.336
0;0;46;from_network;0.0
0;0;47;HP;0.0
0;0;47;EB;0.0
0;0;47;from_grid;180.544
0;0;47;from_main_grid;180.544
0;0;47;from_network;0.0
0;0;48;HP;0.0
0;0;48;EB;0.0
0;0;48;from_grid;146.92
0;0;48;from_main_grid;146.92
0;0;48;from_network;0.0
0;0;49;HP;0.0
0;0;49;EB;0.0
0;0;49;from_grid;149.82
0;0;49;from_main_grid;149.82
0;0;49;from_network;0.0
0;0;50;HP;0.0
0;0;50;EB;0.0
0;0;50;from_grid;150.462
0;0;50;from_main_grid;150.462
0;0;50;from_network;0.0
0;0;51;HP;0.0
0;0;51;EB;0.0
0;0;51;from_grid;144.922
0;0;51;from_main_grid;144.922
0;0;51;from_network;0.0
0;0;52;HP;0.0
0;0;52;EB;0.0
0;0;52;from_grid;147.904
0;0;52;from_main_grid;147.904
0;0;52;from_network;0.0
0;0;53;HP;96.09
0;0;53;EB;0.0
0;0;53;from_grid;244.263
0;0;53;from_main_grid;244.263
0;0;53;from_network;0.0
0;0;54;HP;101.66
0;0;54;EB;0.0
0;0;54;from_grid;260.08
0;0;54;from_main_grid;260.08
0;0;54;from_network;0.0
0;0;55;HP;127.543
0;0;55;EB;0.0
0;0;55;from_grid;536.619
0;0;55;from_main_grid;536.619
0;0;55;from_network;0.0
0;0;56;HP;124.457
0;0;56;EB;0.0
0;0;56;from_grid;534.561
0;0;56;from_main_grid;534.561
0;0;56;from_network;0.0
0;0;57;HP;114.363
0;0;57;EB;0.0
0;0;57;from_grid;435.777
0;0;57;from_main_grid;435.777
0;0;57;from_network;0.0
0;0;58;HP;104.613
0;0;58;EB;0.0
0;0;58;from_grid;411.743
0;0;58;from_main_grid;122.331
0;0;58;from_network;289.412
0;0;59;HP;95.178
0;0;59;EB;0.0
0;0;59;from_grid;407.523
0;0;59;from_main_grid;0.0
0;0;59;from_network;407.523
0;0;60;HP;262.671
0;0;60;EB;0.0
0;0;60;from_grid;578.821
0;0;60;from_main_grid;574.68
0;0;60;from_network;4.142
0;0;61;HP;0.0
0;0;61;EB;0.0
0;0;61;from_grid;345.73
0;0;61;from_main_grid;345.73
0;0;61;from_network;0.0
0;0;62;HP;0.0
0;0;62;EB;0.0
0;0;62;from_grid;367.695
0;0;62;from_main_grid;367.695
0;0;62;from_network;0.0
0;0;63;HP;91.885
0;0;63;EB;0.0
0;0;63;from_grid;396.78
0;0;63;from_main_grid;0.0
0;0;63;from_network;396.78
0;0;64;HP;71.354
0;0;64;EB;0.0
0;0;64;from_grid;383.743
0;0;64;from_main_grid;0.0
0;0;64;from_network;383.743
0;0;65;HP;60.161
0;0;65;EB;0.0
0;0;65;from_grid;432.509
0;0;65;from_main_grid;432.509
0;0;65;from_network;0.0
0;0;66;HP;69.999
0;0;66;EB;0.0
0;0;66;from_grid;513.923
0;0;66;from_main_grid;513.923
0;0;66;from_network;0.0
0;0;67;HP;313.873
0;0;67;EB;0.0
0;0;67;from_grid;767.006
0;0;67;from_main_grid;767.006
0;0;67;from_network;0.0
0;0;68;HP;296.897
0;0;68;EB;0.0
0;0;68;from_grid;651.569
0;0;68;from_main_grid;651.569
0;0;68;from_network;0.0
0;0;69;HP;296.897
0;0;69;EB;0.0
0;0;69;from_grid;517.697
0;0;69;from_main_grid;517.697
0;0;69;from_network;0.0
0;0;70;HP;301.361
0;0;70;EB;0.0
0;0;70;from_grid;501.591
0;0;70;from_main_grid;501.591
0;0;70;from_network;0.0
0;0;71;HP;316.557
0;0;71;EB;0.0
0;0;71;from_grid;505.708
0;0;71;from_main_grid;505.708
0;0;71;from_network;0.0
0;0;72;HP;0.0
0;0;72;EB;0.0
0;0;72;from_grid;140.001
0;0;72;from_main_grid;140.001
0;0;72;from_network;0.0
0;0;73;HP;0.0
0;0;73;EB;0.0
0;0;73;from_grid;139.906
0;0;73;from_main_grid;139.906
0;0;73;from_network;0.0
0;0;74;HP;0.0
0;0;74;EB;0.0
0;0;74;from_grid;138.774
0;0;74;from_main_grid;138.774
0;0;74;from_network;0.0
0;0;75;HP;0.0
0;0;75;EB;0.0
0;0;75;from_grid;139.524
0;0;75;from_main_grid;139.524
0;0;75;from_network;0.0
0;0;76;HP;0.0
0;0;76;EB;0.0
0;0;76;from_grid;143.338
0;0;76;from_main_grid;143.338
0;0;76;from_network;0.0
0;0;77;HP;0.0
0;0;77;EB;0.0
0;0;77;from_grid;143.901
0;0;77;from_main_grid;143.901
0;0;77;from_network;0.0
0;0;78;HP;0.0
0;0;78;EB;0.0
0;0;78;from_grid;143.165
0;0;78;from_main_grid;143.165
0;0;78;from_network;0.0
0;0;79;HP;0.0
0;0;79;EB;0.0
0;0;79;from_grid;153.595
0;0;79;from_main_grid;153.595
0;0;79;from_network;0.0
0;0;80;HP;0.0
0;0;80;EB;0.0
0;0;80;from_grid;172.307
0;0;80;from_main_grid;172.307
0;0;80;from_network;0.0
0;0;81;HP;145.423
0;0;81;EB;0.0
0;0;81;from_grid;317.74
0;0;81;from_main_grid;317.74
0;0;81;from_network;0.0
0;0;82;HP;202.443
0;0;82;EB;0.0
0;0;82;from_grid;371.658
0;0;82;from_main_grid;371.658
0;0;82;from_network;0.0
0;0;83;HP;358.718
0;0;83;EB;0.0
0;0;83;from_grid;503.656
0;0;83;from_main_grid;503.656
0;0;83;from_network;0.0
0;0;84;HP;360.517
0;0;84;EB;0.0
0;0;84;from_grid;499.633
0;0;84;from_main_grid;378.4
0;0;84;from_network;121.234
0;0;85;HP;360.517
0;0;85;EB;0.0
0;0;85;from_grid;497.902
0;0;85;from_main_grid;413.185
0;0;85;from_network;84.717
0;0;86;HP;361.417
0;0;86;EB;0.0
0;0;86;from_grid;509.828
0;0;86;from_main_grid;509.828
0;0;86;from_network;0.0
0;0;87;HP;353.323
0;0;87;EB;0.0
0;0;87;from_grid;481.353
0;0;87;from_main_grid;413.615
0;0;87;from_network;67.738
0;0;88;HP;353.323
0;0;88;EB;0.0
0;0;88;from_grid;499.756
0;0;88;from_main_grid;499.756
0;0;88;from_network;0.0
0;0;89;HP;357.818
0;0;89;EB;0.0
0;0;89;from_grid;510.94
0;0;89;from_main_grid;510.94
0;0;89;from_network;0.0
0;0;90;HP;364.117
0;0;90;EB;0.0
0;0;90;from_grid;559.52
0;0;90;from_main_grid;559.52
0;0;90;from_network;0.0
0;0;91;HP;365.918
0;0;91;EB;0.0
0;0;91;from_grid;585.039
0;0;91;from_main_grid;585.039
0;0;91;from_network;0.0
0;0;92;HP;367.719
0;0;92;EB;0.0
0;0;92;from_grid;574.983
0;0;92;from_main_grid;574.983
0;0;92;from_network;0.0
0;0;93;HP;372.224
0;0;93;EB;0.0
0;0;93;from_grid;578.805
0;0;93;from_main_grid;578.805
0;0;93;from_network;0.0
0;0;94;HP;373.125
0;0;94;EB;0.0
0;0;94;from_grid;560.396
0;0;94;from_main_grid;560.396
0;0;94;from_network;0.0
0;0;95;HP;373.125
0;0;95;EB;0.0
0;0;95;from_grid;544.698
0;0;95;from_main_grid;544.698
0;0;95;from_network;0.0
0;0;96;HP;375.83
0;0;96;EB;0.0
0;0;96;from_grid;514.019
0;0;96;from_main_grid;514.019
0;0;96;from_network;0.0
0;0;97;HP;379.438
0;0;97;EB;0.0
0;0;97;from_grid;522.01
0;0;97;from_main_grid;522.01
0;0;97;from_network;0.0
0;0;98;HP;381.243
0;0;98;EB;0.0
0;0;98;from_grid;520.109
0;0;98;from_main_grid;520.109
0;0;98;from_network;0.0
0;0;99;HP;383.951
0;0;99;EB;0.0
0;0;99;from_grid;522.53
0;0;99;from_main_grid;522.53
0;0;99;from_network;0.0
0;0;100;HP;383.951
0;0;100;EB;0.0
0;0;100;from_grid;525.389
0;0;100;from_main_grid;525.389
0;0;100;from_network;0.0
0;0;101;HP;383.951
0;0;101;EB;0.0
0;0;101;from_grid;524.014
0;0;101;from_main_grid;524.014
0;0;101;from_network;0.0
0;0;102;HP;382.145
0;0;102;EB;0.0
0;0;102;from_grid;523.658
0;0;102;from_main_grid;523.658
0;0;102;from_network;0.0
0;0;103;HP;383.048
0;0;103;EB;0.0
0;0;103;from_grid;809.808
0;0;103;from_main_grid;809.808
0;0;103;from_network;0.0
0;0;104;HP;380.34
0;0;104;EB;118.918
0;0;104;from_grid;929.079
0;0;104;from_main_grid;929.079
0;0;104;from_network;0.0
0;0;105;HP;376.732
0;0;105;EB;271.752
0;0;105;from_grid;988.091
0;0;105;from_main_grid;988.091
0;0;105;from_network;0.0
0;0;106;HP;373.125
0;0;106;EB;271.752
0;0;106;from_grid;995.565
0;0;106;from_main_grid;981.725
0;0;106;from_network;13.84
0;0;107;HP;369.521
0;0;107;EB;232.746
0;0;107;from_grid;956.602
0;0;107;from_main_grid;956.602
0;0;107;from_network;0.0
0;0;108;HP;365.918
0;0;108;EB;155.667
0;0;108;from_grid;868.882
0;0;108;from_main_grid;868.882
0;0;108;from_network;0.0
0;0;109;HP;361.417
0;0;109;EB;54.714
0;0;109;from_grid;775.752
0;0;109;from_main_grid;775.752
0;0;109;from_network;0.0
0;0;110;HP;355.121
0;0;110;EB;22.063
0;0;110;from_grid;727.166
0;0;110;from_main_grid;357.82
0;0;110;from_network;369.345
0;0;111;HP;351.525
0;0;111;EB;0.0
0;0;111;from_grid;681.732
0;0;111;from_main_grid;370.865
0;0;111;from_network;310.867
0;0;112;HP;352.424
0;0;112;EB;0.0
0;0;112;from_grid;769.178
0;0;112;from_main_grid;769.178
0;0;112;from_network;0.0
0;0;113;HP;363.217
0;0;113;EB;0.0
0;0;113;from_grid;800.184
0;0;113;from_main_grid;800.184
0;0;113;from_network;0.0
0;0;114;HP;366.819
0;0;114;EB;0.0
0;0;114;from_grid;779.803
0;0;114;from_main_grid;779.803
0;0;114;from_network;0.0
0;0;115;HP;375.83
0;0;115;EB;0.0
0;0;115;from_grid;791.178
0;0;115;from_main_grid;791.178
0;0;115;from_network;0.0
0;0;116;HP;383.048
0;0;116;EB;0.0
0;0;116;from_grid;708.638
0;0;116;from_main_grid;708.638
0;0;116;from_network;0.0
0;0;117;HP;381.243
0;0;117;EB;119.133
0;0;117;from_grid;702.493
0;0;117;from_main_grid;702.493
0;0;117;from_network;0.0
0;0;118;HP;383.048
0;0;118;EB;159.001
0;0;118;from_grid;730.7
0;0;118;from_main_grid;730.7
0;0;118;from_network;0.0
0;0;119;HP;384.853
0;0;119;EB;165.094
0;0;119;from_grid;739.438
0;0;119;from_main_grid;739.438
0;0;119;from_network;0.0
0;0;120;HP;386.66
0;0;120;EB;205.093
0;0;120;from_grid;729.424
0;0;120;from_main_grid;729.424
0;0;120;from_network;0.0
0;0;121;HP;385.756
0;0;121;EB;199.951
0;0;121;from_grid;726.514
0;0;121;from_main_grid;726.514
0;0;121;from_network;0.0
0;0;122;HP;384.853
0;0;122;EB;205.036
0;0;122;from_grid;729.043
0;0;122;from_main_grid;729.043
0;0;122;from_network;0.0
0;0;123;HP;388.466
0;0;123;EB;220.156
0;0;123;from_grid;748.94
0;0;123;from_main_grid;748.94
0;0;123;from_network;0.0
0;0;124;HP;388.466
0;0;124;EB;222.05
0;0;124;from_grid;751.293
0;0;124;from_main_grid;751.293
0;0;124;from_network;0.0
0;0;125;HP;388.466
0;0;125;EB;224.874
0;0;125;from_grid;750.828
0;0;125;from_main_grid;750.828
0;0;125;from_network;0.0
0;0;126;HP;386.66
0;0;126;EB;262.511
0;0;126;from_grid;792.389
0;0;126;from_main_grid;792.389
0;0;126;from_network;0.0
0;0;127;HP;387.563
0;0;127;EB;97.647
0;0;127;from_grid;916.056
0;0;127;from_main_grid;916.056
0;0;127;from_network;0.0
0;0;128;HP;387.563
0;0;128;EB;0.0
0;0;128;from_grid;832.433
0;0;128;from_main_grid;832.433
0;0;128;from_network;0.0
0;0;129;HP;383.951
0;0;129;EB;2.426
0;0;129;from_grid;704.162
0;0;129;from_main_grid;508.249
0;0;129;from_network;195.913
0;0;130;HP;377.634
0;0;130;EB;0.0
0;0;130;from_grid;723.698
0;0;130;from_main_grid;524.293
0;0;130;from_network;199.405
0;0;131;HP;378.536
0;0;131;EB;0.0
0;0;131;from_grid;716.142
0;0;131;from_main_grid;716.142
0;0;131;from_network;0.0
0;0;132;HP;382.145
0;0;132;EB;0.0
0;0;132;from_grid;749.009
0;0;132;from_main_grid;749.009
0;0;132;from_network;0.0
0;0;133;HP;374.928
0;0;133;EB;0.0
0;0;133;from_grid;696.717
0;0;133;from_main_grid;696.717
0;0;133;from_network;0.0
0;0;134;HP;370.422
0;0;134;EB;0.0
0;0;134;from_grid;717.92
0;0;134;from_main_grid;717.92
0;0;134;from_network;0.0
0;0;135;HP;360.517
0;0;135;EB;0.0
0;0;135;from_grid;686.409
0;0;135;from_main_grid;566.259
0;0;135;from_network;120.15
0;0;136;HP;362.317
0;0;136;EB;0.0
0;0;136;from_grid;673.04
0;0;136;from_main_grid;673.04
0;0;136;from_network;0.0
0;0;137;HP;364.117
0;0;137;EB;0.0
0;0;137;from_grid;672.954
0;0;137;from_main_grid;672.954
0;0;137;from_network;0.0
0;0;138;HP;372.224
0;0;138;EB;0.0
0;0;138;from_grid;767.933
0;0;138;from_main_grid;767.933
0;0;138;from_network;0.0
0;0;139;HP;376.732
0;0;139;EB;0.0
0;0;139;from_grid;794.205
0;0;139;from_main_grid;794.205
0;0;139;from_network;0.0
0;0;140;HP;381.243
0;0;140;EB;0.0
0;0;140;from_grid;711.237
0;0;140;from_main_grid;711.237
0;0;140;from_network;0.0
0;0;141;HP;386.66
0;0;141;EB;0.0
0;0;141;from_grid;592.396
0;0;141;from_main_grid;592.396
0;0;141;from_network;0.0
0;0;142;HP;392.985
0;0;142;EB;0.0
0;0;142;from_grid;597.722
0;0;142;from_main_grid;597.722
0;0;142;from_network;0.0
0;0;143;HP;394.793
0;0;143;EB;0.0
0;0;143;from_grid;577.519
0;0;143;from_main_grid;577.519
0;0;143;from_network;0.0
0;0;144;HP;394.793
0;0;144;EB;0.0
0;0;144;from_grid;534.376
0;0;144;from_main_grid;534.376
0;0;144;from_network;0.0
0;0;145;HP;402.032
0;0;145;EB;0.0
0;0;145;from_grid;541.057
0;0;145;from_main_grid;541.057
0;0;145;from_network;0.0
0;0;146;HP;401.126
0;0;146;EB;0.0
0;0;146;from_grid;540.337
0;0;146;from_main_grid;540.337
0;0;146;from_network;0.0
0;0;147;HP;408.372
0;0;147;EB;0.0
0;0;147;from_grid;548.969
0;0;147;from_main_grid;548.969
0;0;147;from_network;0.0
0;0;148;HP;411.091
0;0;148;EB;0.0
0;0;148;from_grid;552.822
0;0;148;from_main_grid;552.822
0;0;148;from_network;0.0
0;0;149;HP;413.811
0;0;149;EB;0.0
0;0;149;from_grid;559.97
0;0;149;from_main_grid;559.97
0;0;149;from_network;0.0
0;0;150;HP;421.072
0;0;150;EB;0.0
0;0;150;from_grid;565.923
0;0;150;from_main_grid;565.923
0;0;150;from_network;0.0
0;0;151;HP;420.164
0;0;151;EB;76.834
0;0;151;from_grid;926.347
0;0;151;from_main_grid;926.347
0;0;151;from_network;0.0
0;0;152;HP;419.256
0;0;152;EB;158.266
0;0;152;from_grid;941.66
0;0;152;from_main_grid;941.66
0;0;152;from_network;0.0
0;0;153;HP;412.904
0;0;153;EB;96.707
0;0;153;from_grid;834.602
0;0;153;from_main_grid;384.246
0;0;153;from_network;450.355
0;0;154;HP;401.126
0;0;154;EB;0.0
0;0;154;from_grid;745.963
0;0;154;from_main_grid;126.149
0;0;154;from_network;619.814
0;0;155;HP;389.37
0;0;155;EB;0.0
0;0;155;from_grid;720.305
0;0;155;from_main_grid;347.089
0;0;155;from_network;373.216
0;0;156;HP;383.951
0;0;156;EB;0.0
0;0;156;from_grid;706.372
0;0;156;from_main_grid;115.01
0;0;156;from_network;591.362
0;0;157;HP;378.536
0;0;157;EB;0.0
0;0;157;from_grid;699.807
0;0;157;from_main_grid;552.963
0;0;157;from_network;146.844
0;0;158;HP;383.951
0;0;158;EB;0.0
0;0;158;from_grid;745.363
0;0;158;from_main_grid;745.363
0;0;158;from_network;0.0
0;0;159;HP;383.048
0;0;159;EB;0.0
0;0;159;from_grid;712.264
0;0;159;from_main_grid;712.264
0;0;159;from_network;0.0
0;0;160;HP;393.889
0;0;160;EB;0.0
0;0;160;from_grid;709.735
0;0;160;from_main_grid;570.685
0;0;160;from_network;139.05
0;0;161;HP;396.602
0;0;161;EB;0.0
0;0;161;from_grid;710.047
0;0;161;from_main_grid;710.047
0;0;161;from_network;0.0
0;0;162;HP;396.602
0;0;162;EB;0.0
0;0;162;from_grid;799.013
0;0;162;from_main_grid;799.013
0;0;162;from_network;0.0
0;0;163;HP;405.654
0;0;163;EB;0.0
0;0;163;from_grid;835.791
0;0;163;from_main_grid;835.791
0;0;163;from_network;0.0
0;0;164;HP;410.185
0;0;164;EB;0.0
0;0;164;from_grid;737.007
0;0;164;from_main_grid;737.007
0;0;164;from_network;0.0
0;0;165;HP;415.626
0;0;165;EB;235.918
0;0;165;from_grid;855.747
0;0;165;from_main_grid;855.747
0;0;165;from_network;0.0
0;0;166;HP;420.164
0;0;166;EB;271.752
0;0;166;from_grid;884.42
0;0;166;from_main_grid;884.42
0;0;166;from_network;0.0
0;0;167;HP;413.811
0;0;167;EB;271.752
0;0;167;from_grid;855.02
0;0;167;from_main_grid;855.02
0;0;167;from_network;0.0
0;1;0;HP;0.0
0;1;0;EB;0.0
0;1;0;from_grid;138.851
0;1;0;from_main_grid;138.851
0;1;0;from_network;0.0
0;1;1;HP;0.0
0;1;1;EB;0.0
0;1;1;from_grid;142.253
0;1;1;from_main_grid;142.253
0;1;1;from_network;0.0
0;1;2;HP;0.0
0;1;2;EB;0.0
0;1;2;from_grid;141.421
0;1;2;from_main_grid;141.421
0;1;2;from_network;0.0
0;1;3;HP;0.0
0;1;3;EB;0.0
0;1;3;from_grid;140.014
0;1;3;from_main_grid;140.014
0;1;3;from_network;0.0
0;1;4;HP;0.0
0;1;4;EB;0.0
0;1;4;from_grid;141.186
0;1;4;from_main_grid;141.186
0;1;4;from_network;0.0
0;1;5;HP;0.0
0;1;5;EB;0.0
0;1;5;from_grid;143.169
0;1;5;from_main_grid;143.169
0;1;5;from_network;0.0
0;1;6;HP;0.0
0;1;6;EB;0.0
0;1;6;from_grid;146.213
0;1;6;from_main_grid;146.213
0;1;6;from_network;0.0
0;1;7;HP;0.0
0;1;7;EB;0.0
0;1;7;from_grid;283.492
0;1;7;from_main_grid;188.905
0;1;7;from_network;94.588
0;1;8;HP;0.0
0;1;8;EB;0.0
0;1;8;from_grid;312.173
0;1;8;from_main_grid;0.0
0;1;8;from_network;312.173
0;1;9;HP;0.0
0;1;9;EB;0.0
0;1;9;from_grid;335.542
0;1;9;from_main_grid;0.0
0;1;9;from_network;335.542
0;1;10;HP;0.0
0;1;10;EB;0.0
0;1;10;from_grid;350.707
0;1;10;from_main_grid;0.0
0;1;10;from_network;350.707
0;1;11;HP;0.0
0;1;11;EB;0.0
0;1;11;from_grid;332.356
0;1;11;from_main_grid;0.0
0;1;11;from_network;332.356
0;1;12;HP;0.0
0;1;12;EB;0.0
0;1;12;from_grid;318.428
0;1;12;from_main_grid;0.0
0;1;12;from_network;318.428
0;1;13;HP;0.0
0;1;13;EB;0.0
0;1;13;from_grid;328.607
0;1;13;from_main_grid;0.0
0;1;13;from_network;328.607
0;1;14;HP;0.0
0;1;14;EB;0.0
0;1;14;from_grid;341.387
0;1;14;from_main_grid;0.0
0;1;14;from_network;341.387
0;1;15;HP;0.0
0;1;15;EB;0.0
0;1;15;from_grid;320.73
0;1;15;from_main_grid;0.0
0;1;15;from_network;320.73
0;1;16;HP;134.645
0;1;16;EB;0.0
0;1;16;from_grid;438.819
0;1;16;from_main_grid;0.0
0;1;16;from_network;438.819
0;1;17;HP;0.0
0;1;17;EB;0.0
0;1;17;from_grid;284.452
0;1;17;from_main_grid;35.055
0;1;17;from_network;249.397
0;1;18;HP;0.0
0;1;18;EB;0.0
0;1;18;from_grid;298.226
0;1;18;from_main_grid;263.63
0;1;18;from_network;34.596
0;1;19;HP;0.0
0;1;19;EB;0.0
0;1;19;from_grid;418.085
0;1;19;from_main_grid;418.085
0;1;19;from_network;0.0
0;1;20;HP;0.0
0;1;20;EB;0.0
0;1;20;from_grid;329.895
0;1;20;from_main_grid;329.895
0;1;20;from_network;0.0
0;1;21;HP;0.0
0;1;21;EB;0.0
0;1;21;from_grid;199.016
0;1;21;from_main_grid;199.016
0;1;21;from_network;0.0
0;1;22;HP;0.0
0;1;22;EB;0.0
0;1;22;from_grid;191.234
0;1;22;from_main_grid;191.234
0;1;22;from_network;0.0
0;1;23;HP;0.0
0;1;23;EB;0.0
0;1;23;from_grid;173.048
0;1;23;from_main_grid;173.048
0;1;23;from_network;0.0
0;1;24;HP;0.0
0;1;24;EB;0.0
0;1;24;from_grid;137.731
0;1;24;from_main_grid;137.731
0;1;24;from_network;0.0
0;1;25;HP;0.0
0;1;25;EB;0.0
0;1;25;from_grid;139.712
0;1;25;from_main_grid;139.712
0;1;25;from_network;0.0
0;1;26;HP;0.0
0;1;26;EB;0.0
0;1;26;from_grid;141.565
0;1;26;from_main_grid;141.565
0;1;26;from_network;0.0
0;1;27;HP;0.0
0;1;27;EB;0.0
0;1;27;from_grid;140.195
0;1;27;from_main_grid;140.195
0;1;27;from_network;0.0
0;1;28;HP;0.0
0;1;28;EB;0.0
0;1;28;from_grid;141.526
0;1;28;from_main_grid;141.526
0;1;28;from_network;0.0
0;1;29;HP;0.0
0;1;29;EB;0.0
0;1;29;from_grid;142.101
0;1;29;from_main_grid;142.101
0;1;29;from_network;0.0
0;1;30;HP;0.0
0;1;30;EB;0.0
0;1;30;from_grid;145.344
0;1;30;from_main_grid;145.344
0;1;30;from_network;0.0
0;1;31;HP;0.0
0;1;31;EB;0.0
0;1;31;from_grid;281.681
0;1;31;from_main_grid;212.513
0;1;31;from_network;69.169
0;1;32;HP;10.286
0;1;32;EB;0.0
0;1;32;from_grid;332.108
0;1;32;from_main_grid;0.0
0;1;32;from_network;332.108
0;1;33;HP;11.802
0;1;33;EB;0.0
0;1;33;from_grid;336.01
0;1;33;from_main_grid;0.0
0;1;33;from_network;336.01
0;1;34;HP;14.175
0;1;34;EB;0.0
0;1;34;from_grid;357.48
0;1;34;from_main_grid;0.0
0;1;34;from_network;357.48
0;1;35;HP;12.522
0;1;35;EB;0.0
0;1;35;from_grid;355.931
0;1;35;from_main_grid;0.0
0;1;35;from_network;355.931
0;1;36;HP;12.134
0;1;36;EB;0.0
0;1;36;from_grid;327.504
0;1;36;from_main_grid;0.0
0;1;36;from_network;327.504
0;1;37;HP;9.585
0;1;37;EB;0.0
0;1;37;from_grid;330.108
0;1;37;from_main_grid;0.0
0;1;37;from_network;330.108
0;1;38;HP;10.756
0;1;38;EB;0.0
0;1;38;from_grid;364.027
0;1;38;from_main_grid;0.0
0;1;38;from_network;364.027
0;1;39;HP;28.076
0;1;39;EB;0.0
0;1;39;from_grid;348.505
0;1;39;from_main_grid;0.0
0;1;39;from_network;348.505
0;1;40;HP;0.0
0;1;40;EB;0.0
0;1;40;from_grid;311.971
0;1;40;from_main_grid;0.0
0;1;40;from_network;311.971
0;1;41;HP;138.425
0;1;41;EB;0.0
0;1;41;from_grid;428.559
0;1;41;from_main_grid;0.0
0;1;41;from_network;428.559
0;1;42;HP;0.0
0;1;42;EB;0.0
0;1;42;from_grid;279.245
0;1;42;from_main_grid;144.395
0;1;42;from_network;134.85
0;1;43;HP;0.0
0;1;43;EB;0.0
0;1;43;from_grid;417.79
0;1;43;from_main_grid;417.79
0;1;43;from_network;0.0
0;1;44;HP;0.0
0;1;44;EB;0.0
0;1;44;from_grid;320.656
0;1;44;from_main_grid;320.656
0;1;44;from_network;0.0
0;1;45;HP;0.0
0;1;45;EB;0.0
0;1;45;from_grid;206.804
0;1;45;from_main_grid;206.804
0;1;45;from_network;0.0
0;1;46;HP;0.0
0;1;46;EB;0.0
0;1;46;from_grid;192.975
0;1;46;from_main_grid;192.975
0;1;46;from_network;0.0
0;1;47;HP;0.0
0;1;47;EB;0.0
0;1;47;from_grid;178.724
0;1;47;from_main_grid;178.724
0;1;47;from_network;0.0
0;1;48;HP;0.0
0;1;48;EB;0.0
0;1;48;from_grid;139.863
0;1;48;from_main_grid;139.863
0;1;48;from_network;0.0
0;1;49;HP;0.0
0;1;49;EB;0.0
0;1;49;from_grid;142.22
0;1;49;from_main_grid;142.22
0;1;49;from_network;0.0
0;1;50;HP;0.0
0;1;50;EB;0.0
0;1;50;from_grid;141.446
0;1;50;from_main_grid;141.446
0;1;50;from_network;0.0
0;1;51;HP;0.0
0;1;51;EB;0.0
0;1;51;from_grid;140.181
0;1;51;from_main_grid;140.181
0;1;51;from_network;0.0
0;1;52;HP;0.0
0;1;52;EB;0.0
0;1;52;from_grid;141.122
0;1;52;from_main_grid;141.122
0;1;52;from_network;0.0
0;1;53;HP;0.0
0;1;53;EB;0.0
0;1;53;from_grid;141.979
0;1;53;from_main_grid;141.979
0;1;53;from_network;0.0
0;1;54;HP;0.0
0;1;54;EB;0.0
0;1;54;from_grid;145.838
0;1;54;from_main_grid;145.838
0;1;54;from_network;0.0
0;1;55;HP;0.0
0;1;55;EB;0.0
0;1;55;from_grid;324.955
0;1;55;from_main_grid;312.511
0;1;55;from_network;12.444
0;1;56;HP;0.0
0;1;56;EB;0.0
0;1;56;from_grid;285.62
0;1;56;from_main_grid;0.0
0;1;56;from_network;285.62
0;1;57;HP;0.0
0;1;57;EB;0.0
0;1;57;from_grid;277.081
0;1;57;from_main_grid;0.0
0;1;57;from_network;277.081
0;1;58;HP;9.496
0;1;58;EB;0.0
0;1;58;from_grid;306.032
0;1;58;from_main_grid;0.0
0;1;58;from_network;306.032
0;1;59;HP;9.874
0;1;59;EB;0.0
0;1;59;from_grid;290.304
0;1;59;from_main_grid;0.0
0;1;59;from_network;290.304
0;1;60;HP;9.001
0;1;60;EB;0.0
0;1;60;from_grid;295.875
0;1;60;from_main_grid;0.0
0;1;60;from_network;295.875
0;1;61;HP;9.196
0;1;61;EB;0.0
0;1;61;from_grid;303.369
0;1;61;from_main_grid;0.0
0;1;61;from_network;303.369
0;1;62;HP;61.71
0;1;62;EB;0.0
0;1;62;from_grid;353.302
0;1;62;from_main_grid;0.0
0;1;62;from_network;353.302
0;1;63;HP;0.0
0;1;63;EB;0.0
0;1;63;from_grid;276.461
0;1;63;from_main_grid;20.365
0;1;63;from_network;256.096
0;1;64;HP;105.599
0;1;64;EB;0.0
0;1;64;from_grid;381.399
0;1;64;from_main_grid;0.0
0;1;64;from_network;381.399
0;1;65;HP;0.0
0;1;65;EB;0.0
0;1;65;from_grid;275.363
0;1;65;from_main_grid;0.0
0;1;65;from_network;275.363
0;1;66;HP;0.0
0;1;66;EB;0.0
0;1;66;from_grid;276.931
0;1;66;from_main_grid;212.187
0;1;66;from_network;64.744
0;1;67;HP;0.0
0;1;67;EB;0.0
0;1;67;from_grid;417.182
0;1;67;from_main_grid;417.182
0;1;67;from_network;0.0
0;1;68;HP;0.0
0;1;68;EB;0.0
0;1;68;from_grid;320.126
0;1;68;from_main_grid;320.126
0;1;68;from_network;0.0
0;1;69;HP;0.0
0;1;69;EB;0.0
0;1;69;from_grid;201.058
0;1;69;from_main_grid;201.058
0;1;69;from_network;0.0
0;1;70;HP;0.0
0;1;70;EB;0.0
0;1;70;from_grid;199.677
0;1;70;from_main_grid;199.677
0;1;70;from_network;0.0
0;1;71;HP;0.0
0;1;71;EB;0.0
0;1;71;from_grid;176.136
0;1;71;from_main_grid;176.136
0;1;71;from_network;0.0
0;1;72;HP;0.0
0;1;72;EB;0.0
0;1;72;from_grid;141.081
0;1;72;from_main_grid;141.081
0;1;72;from_network;0.0
0;1;73;HP;0.0
0;1;73;EB;0.0
0;1;73;from_grid;139.87
0;1;73;from_main_grid;139.87
0;1;73;from_network;0.0
0;1;74;HP;0.0
0;1;74;EB;0.0
0;1;74;from_grid;141.628
0;1;74;from_main_grid;141.628
0;1;74;from_network;0.0
0;1;75;HP;0.0
0;1;75;EB;0.0
0;1;75;from_grid;140.025
0;1;75;from_main_grid;140.025
0;1;75;from_network;0.0
0;1;76;HP;0.0
0;1;76;EB;0.0
0;1;76;from_grid;140.688
0;1;76;from_main_grid;140.688
0;1;76;from_network;0.0
0;1;77;HP;0.0
0;1;77;EB;0.0
0;1;77;from_grid;142.174
0;1;77;from_main_grid;142.174
0;1;77;from_network;0.0
0;1;78;HP;0.0
0;1;78;EB;0.0
0;1;78;from_grid;142.286
0;1;78;from_main_grid;142.286
0;1;78;from_network;0.0
0;1;79;HP;0.0
0;1;79;EB;0.0
0;1;79;from_grid;129.28
0;1;79;from_main_grid;53.899
0;1;79;from_network;75.381
0;1;80;HP;0.0
0;1;80;EB;0.0
0;1;80;from_grid;131.81
0;1;80;from_main_grid;0.0
0;1;80;from_network;131.81
0;1;81;HP;10.707
0;1;81;EB;0.0
0;1;81;from_grid;147.336
0;1;81;from_main_grid;0.0
0;1;81;from_network;147.336
0;1;82;HP;8.523
0;1;82;EB;0.0
0;1;82;from_grid;156.28
0;1;82;from_main_grid;0.0
0;1;82;from_network;156.28
0;1;83;HP;10.78
0;1;83;EB;0.0
0;1;83;from_grid;153.555
0;1;83;from_main_grid;0.0
0;1;83;from_network;153.555
0;1;84;HP;10.167
0;1;84;EB;0.0
0;1;84;from_grid;150.328
0;1;84;from_main_grid;0.0
0;1;84;from_network;150.328
0;1;85;HP;8.83
0;1;85;EB;0.0
0;1;85;from_grid;155.908
0;1;85;from_main_grid;0.0
0;1;85;from_network;155.908
0;1;86;HP;8.64
0;1;86;EB;0.0
0;1;86;from_grid;152.091
0;1;86;from_main_grid;0.0
0;1;86;from_network;152.091
0;1;87;HP;172.81
0;1;87;EB;0.0
0;1;87;from_grid;310.989
0;1;87;from_main_grid;0.0
0;1;87;from_network;310.989
0;1;88;HP;0.0
0;1;88;EB;0.0
0;1;88;from_grid;138.332
0;1;88;from_main_grid;0.0
0;1;88;from_network;138.332
0;1;89;HP;0.0
0;1;89;EB;0.0
0;1;89;from_grid;143.027
0;1;89;from_main_grid;0.0
0;1;89;from_network;143.027
0;1;90;HP;0.0
0;1;90;EB;0.0
0;1;90;from_grid;136.259
0;1;90;from_main_grid;7.744
0;1;90;from_network;128.516
0;1;91;HP;0.0
0;1;91;EB;0.0
0;1;91;from_grid;216.486
0;1;91;from_main_grid;216.486
0;1;91;from_network;0.0
0;1;92;HP;0.0
0;1;92;EB;0.0
0;1;92;from_grid;217.115
0;1;92;from_main_grid;217.115
0;1;92;from_network;0.0
0;1;93;HP;0.0
0;1;93;EB;0.0
0;1;93;from_grid;203.757
0;1;93;from_main_grid;203.757
0;1;93;from_network;0.0
0;1;94;HP;0.0
0;1;94;EB;0.0
0;1;94;from_grid;197.32
0;1;94;from_main_grid;197.32
0;1;94;from_network;0.0
0;1;95;HP;0.0
0;1;95;EB;0.0
0;1;95;from_grid;170.575
0;1;95;from_main_grid;170.575
0;1;95;from_network;0.0
0;1;96;HP;0.0
0;1;96;EB;0.0
0;1;96;from_grid;139.207
0;1;96;from_main_grid;139.207
0;1;96;from_network;0.0
0;1;97;HP;0.0
0;1;97;EB;0.0
0;1;97;from_grid;143.966
0;1;97;from_main_grid;143.966
0;1;97;from_network;0.0
0;1;98;HP;0.0
0;1;98;EB;0.0
0;1;98;from_grid;141.496
0;1;98;from_main_grid;141.496
0;1;98;from_network;0.0
0;1;99;HP;0.0
0;1;99;EB;0.0
0;1;99;from_grid;140.971
0;1;99;from_main_grid;140.971
0;1;99;from_network;0.0
0;1;100;HP;0.0
0;1;100;EB;0.0
0;1;100;from_grid;140.98
0;1;100;from_main_grid;140.98
0;1;100;from_network;0.0
0;1;101;HP;0.0
0;1;101;EB;0.0
0;1;101;from_grid;145.436
0;1;101;from_main_grid;145.436
0;1;101;from_network;0.0
0;1;102;HP;0.0
0;1;102;EB;0.0
0;1;102;from_grid;144.895
0;1;102;from_main_grid;144.895
0;1;102;from_network;0.0
0;1;103;HP;0.0
0;1;103;EB;0.0
0;1;103;from_grid;307.568
0;1;103;from_main_grid;235.245
0;1;103;from_network;72.322
0;1;104;HP;0.0
0;1;104;EB;0.0
0;1;104;from_grid;290.08
0;1;104;from_main_grid;34.231
0;1;104;from_network;255.849
0;1;105;HP;0.0
0;1;105;EB;0.0
0;1;105;from_grid;339.127
0;1;105;from_main_grid;53.446
0;1;105;from_network;285.681
0;1;106;HP;17.236
0;1;106;EB;0.0
0;1;106;from_grid;370.958
0;1;106;from_main_grid;0.0
0;1;106;from_network;370.958
0;1;107;HP;13.359
0;1;107;EB;0.0
0;1;107;from_grid;367.953
0;1;107;from_main_grid;0.0
0;1;107;from_network;367.953
0;1;108;HP;13.244
0;1;108;EB;0.0
0;1;108;from_grid;350.831
0;1;108;from_main_grid;0.0
0;1;108;from_network;350.831
0;1;109;HP;11.921
0;1;109;EB;0.0
0;1;109;from_grid;344.077
0;1;109;from_main_grid;0.0
0;1;109;from_network;344.077
0;1;110;HP;10.557
0;1;110;EB;0.0
0;1;110;from_grid;367.403
0;1;110;from_main_grid;0.0
0;1;110;from_network;367.403
0;1;111;HP;108.829
0;1;111;EB;0.0
0;1;111;from_grid;432.35
0;1;111;from_main_grid;0.0
0;1;111;from_network;432.35
0;1;112;HP;55.249
0;1;112;EB;0.0
0;1;112;from_grid;371.802
0;1;112;from_main_grid;0.0
0;1;112;from_network;371.802
0;1;113;HP;0.0
0;1;113;EB;0.0
0;1;113;from_grid;288.506
0;1;113;from_main_grid;16.576
0;1;113;from_network;271.93
0;1;114;HP;0.0
0;1;114;EB;0.0
0;1;114;from_grid;285.572
0;1;114;from_main_grid;181.751
0;1;114;from_network;103.821
0;1;115;HP;0.0
0;1;115;EB;0.0
0;1;115;from_grid;435.165
0;1;115;from_main_grid;435.165
0;1;115;from_network;0.0
0;1;116;HP;0.0
0;1;116;EB;0.0
0;1;116;from_grid;315.783
0;1;116;from_main_grid;315.783
0;1;116;from_network;0.0
0;1;117;HP;0.0
0;1;117;EB;0.0
0;1;117;from_grid;215.286
0;1;117;from_main_grid;215.286
0;1;117;from_network;0.0
0;1;118;HP;0.0
0;1;118;EB;0.0
0;1;118;from_grid;196.009
0;1;118;from_main_grid;196.009
0;1;118;from_network;0.0
0;1;119;HP;0.0
0;1;119;EB;0.0
0;1;119;from_grid;170.037
0;1;119;from_main_grid;170.037
0;1;119;from_network;0.0
0;1;120;HP;0.0
0;1;120;EB;0.0
0;1;120;from_grid;138.708
0;1;120;from_main_grid;138.708
0;1;120;from_network;0.0
0;1;121;HP;0.0
0;1;121;EB;0.0
0;1;121;from_grid;143.878
0;1;121;from_main_grid;143.878
0;1;121;from_network;0.0
0;1;122;HP;0.0
0;1;122;EB;0.0
0;1;122;from_grid;142.194
0;1;122;from_main_grid;142.194
0;1;122;from_network;0.0
0;1;123;HP;0.0
0;1;123;EB;0.0
0;1;123;from_grid;141.333
0;1;123;from_main_grid;141.333
0;1;123;from_network;0.0
0;1;124;HP;0.0
0;1;124;EB;0.0
0;1;124;from_grid;140.624
0;1;124;from_main_grid;140.624
0;1;124;from_network;0.0
0;1;125;HP;0.0
0;1;125;EB;0.0
0;1;125;from_grid;138.629
0;1;125;from_main_grid;138.629
0;1;125;from_network;0.0
0;1;126;HP;0.0
0;1;126;EB;0.0
0;1;126;from_grid;146.199
0;1;126;from_main_grid;146.199
0;1;126;from_network;0.0
0;1;127;HP;0.0
0;1;127;EB;0.0
0;1;127;from_grid;361.921
0;1;127;from_main_grid;357.343
0;1;127;from_network;4.578
0;1;128;HP;0.0
0;1;128;EB;0.0
0;1;128;from_grid;319.205
0;1;128;from_main_grid;0.0
0;1;128;from_network;319.205
0;1;129;HP;14.677
0;1;129;EB;0.0
0;1;129;from_grid;355.359
0;1;129;from_main_grid;0.0
0;1;129;from_network;355.359
0;1;130;HP;14.852
0;1;130;EB;0.0
0;1;130;from_grid;361.201
0;1;130;from_main_grid;0.0
0;1;130;from_network;361.201
0;1;131;HP;12.151
0;1;131;EB;0.0
0;1;131;from_grid;357.284
0;1;131;from_main_grid;0.0
0;1;131;from_network;357.284
0;1;132;HP;13.121
0;1;132;EB;0.0
0;1;132;from_grid;339.299
0;1;132;from_main_grid;0.0
0;1;132;from_network;339.299
0;1;133;HP;11.091
0;1;133;EB;0.0
0;1;133;from_grid;350.179
0;1;133;from_main_grid;0.0
0;1;133;from_network;350.179
0;1;134;HP;11.179
0;1;134;EB;0.0
0;1;134;from_grid;364.205
0;1;134;from_main_grid;0.0
0;1;134;from_network;364.205
0;1;135;HP;11.795
0;1;135;EB;0.0
0;1;135;from_grid;337.405
0;1;135;from_main_grid;0.0
0;1;135;from_network;337.405
0;1;136;HP;67.876
0;1;136;EB;0.0
0;1;136;from_grid;378.079
0;1;136;from_main_grid;0.0
0;1;136;from_network;378.079
0;1;137;HP;79.363
0;1;137;EB;0.0
0;1;137;from_grid;375.061
0;1;137;from_main_grid;0.0
0;1;137;from_network;375.061
0;1;138;HP;0.0
0;1;138;EB;0.0
0;1;138;from_grid;279.307
0;1;138;from_main_grid;177.524
0;1;138;from_network;101.783
0;1;139;HP;0.0
0;1;139;EB;0.0
0;1;139;from_grid;412.788
0;1;139;from_main_grid;412.788
0;1;139;from_network;0.0
0;1;140;HP;0.0
0;1;140;EB;0.0
0;1;140;from_grid;331.097
0;1;140;from_main_grid;331.097
0;1;140;from_network;0.0
0;1;141;HP;0.0
0;1;141;EB;0.0
0;1;141;from_grid;205.919
0;1;141;from_main_grid;205.919
0;1;141;from_network;0.0
0;1;142;HP;0.0
0;1;142;EB;0.0
0;1;142;from_grid;196.643
0;1;142;from_main_grid;196.643
0;1;142;from_network;0.0
0;1;143;HP;0.0
0;1;143;EB;0.0
0;1;143;from_grid;190.07
0;1;143;from_main_grid;190.07
0;1;143;from_network;0.0
0;1;144;HP;0.0
0;1;144;EB;0.0
0;1;144;from_grid;137.15
0;1;144;from_main_grid;137.15
0;1;144;from_network;0.0
0;1;145;HP;0.0
0;1;145;EB;0.0
0;1;145;from_grid;139.893
0;1;145;from_main_grid;139.893
0;1;145;from_network;0.0
0;1;146;HP;0.0
0;1;146;EB;0.0
0;1;146;from_grid;141.133
0;1;146;from_main_grid;141.133
0;1;146;from_network;0.0
0;1;147;HP;0.0
0;1;147;EB;0.0
0;1;147;from_grid;143.96
0;1;147;from_main_grid;143.96
0;1;147;from_network;0.0
0;1;148;HP;0.0
0;1;148;EB;0.0
0;1;148;from_grid;139.296
0;1;148;from_main_grid;139.296
0;1;148;from_network;0.0
0;1;149;HP;0.0
0;1;149;EB;0.0
0;1;149;from_grid;140.859
0;1;149;from_main_grid;140.859
0;1;149;from_network;0.0
0;1;150;HP;0.0
0;1;150;EB;0.0
0;1;150;from_grid;147.599
0;1;150;from_main_grid;147.599
0;1;150;from_network;0.0
0;1;151;HP;0.0
0;1;151;EB;0.0
0;1;151;from_grid;322.433
0;1;151;from_main_grid;274.0
0;1;151;from_network;48.433
0;1;152;HP;0.0
0;1;152;EB;0.0
0;1;152;from_grid;319.858
0;1;152;from_main_grid;0.0
0;1;152;from_network;319.858
0;1;153;HP;14.259
0;1;153;EB;0.0
0;1;153;from_grid;343.336
0;1;153;from_main_grid;0.0
0;1;153;from_network;343.336
0;1;154;HP;14.524
0;1;154;EB;0.0
0;1;154;from_grid;366.159
0;1;154;from_main_grid;0.0
0;1;154;from_network;366.159
0;1;155;HP;12.974
0;1;155;EB;0.0
0;1;155;from_grid;358.29
0;1;155;from_main_grid;0.0
0;1;155;from_network;358.29
0;1;156;HP;14.247
0;1;156;EB;0.0
0;1;156;from_grid;340.799
0;1;156;from_main_grid;0.0
0;1;156;from_network;340.799
0;1;157;HP;11.114
0;1;157;EB;0.0
0;1;157;from_grid;340.094
0;1;157;from_main_grid;0.0
0;1;157;from_network;340.094
0;1;158;HP;11.654
0;1;158;EB;0.0
0;1;158;from_grid;342.674
0;1;158;from_main_grid;0.0
0;1;158;from_network;342.674
0;1;159;HP;196.917
0;1;159;EB;0.0
0;1;159;from_grid;516.573
0;1;159;from_main_grid;0.0
0;1;159;from_network;516.573
0;1;160;HP;79.831
0;1;160;EB;0.0
0;1;160;from_grid;390.526
0;1;160;from_main_grid;0.0
0;1;160;from_network;390.526
0;1;161;HP;0.0
0;1;161;EB;0.0
0;1;161;from_grid;296.639
0;1;161;from_main_grid;0.0
0;1;161;from_network;296.639
0;1;162;HP;0.0
0;1;162;EB;0.0
0;1;162;from_grid;284.153
0;1;162;from_main_grid;168.819
0;1;162;from_network;115.333
0;1;163;HP;0.0
0;1;163;EB;0.0
0;1;163;from_grid;424.05
0;1;163;from_main_grid;424.05
0;1;163;from_network;0.0
0;1;164;HP;0.0
0;1;164;EB;0.0
0;1;164;from_grid;326.323
0;1;164;from_main_grid;326.323
0;1;164;from_network;0.0
0;1;165;HP;0.0
0;1;165;EB;0.0
0;1;165;from_grid;195.09
0;1;165;from_main_grid;195.09
0;1;165;from_network;0.0
0;1;166;HP;0.0
0;1;166;EB;0.0
0;1;166;from_grid;183.67
0;1;166;from_main_grid;183.67
0;1;166;from_network;0.0
0;1;167;HP;0.0
0;1;167;EB;0.0
0;1;167;from_grid;168.527
0;1;167;from_main_grid;168.527
0;1;167;from_network;0.0
0;2;0;HP;330.884
0;2;0;EB;0.0
0;2;0;from_grid;470.025
0;2;0;from_main_grid;470.025
0;2;0;from_network;0.0
0;2;1;HP;338.057
0;2;1;EB;0.0
0;2;1;from_grid;478.932
0;2;1;from_main_grid;478.932
0;2;1;from_network;0.0
0;2;2;HP;343.441
0;2;2;EB;0.0
0;2;2;from_grid;483.935
0;2;2;from_main_grid;483.935
0;2;2;from_network;0.0
0;2;3;HP;0.0
0;2;3;EB;0.0
0;2;3;from_grid;141.614
0;2;3;from_main_grid;141.614
0;2;3;from_network;0.0
0;2;4;HP;0.0
0;2;4;EB;0.0
0;2;4;from_grid;141.023
0;2;4;from_main_grid;141.023
0;2;4;from_network;0.0
0;2;5;HP;92.588
0;2;5;EB;0.0
0;2;5;from_grid;233.107
0;2;5;from_main_grid;233.107
0;2;5;from_network;0.0
0;2;6;HP;0.0
0;2;6;EB;0.0
0;2;6;from_grid;147.377
0;2;6;from_main_grid;147.377
0;2;6;from_network;0.0
0;2;7;HP;210.457
0;2;7;EB;0.0
0;2;7;from_grid;611.684
0;2;7;from_main_grid;567.14
0;2;7;from_network;44.545
0;2;8;HP;174.19
0;2;8;EB;0.0
0;2;8;from_grid;485.623
0;2;8;from_main_grid;33.971
0;2;8;from_network;451.653
0;2;9;HP;311.127
0;2;9;EB;0.0
0;2;9;from_grid;638.526
0;2;9;from_main_grid;0.0
0;2;9;from_network;638.526
0;2;10;HP;310.297
0;2;10;EB;0.0
0;2;10;from_grid;657.032
0;2;10;from_main_grid;0.0
0;2;10;from_network;657.032
0;2;11;HP;296.897
0;2;11;EB;0.0
0;2;11;from_grid;630.271
0;2;11;from_main_grid;0.0
0;2;11;from_network;630.271
0;2;12;HP;286.193
0;2;12;EB;0.0
0;2;12;from_grid;611.584
0;2;12;from_main_grid;0.0
0;2;12;from_network;611.584
0;2;13;HP;279.063
0;2;13;EB;0.0
0;2;13;from_grid;609.261
0;2;13;from_main_grid;0.0
0;2;13;from_network;609.261
0;2;14;HP;276.391
0;2;14;EB;0.0
0;2;14;from_grid;625.215
0;2;14;from_main_grid;0.0
0;2;14;from_network;625.215
0;2;15;HP;275.5
0;2;15;EB;0.0
0;2;15;from_grid;599.823
0;2;15;from_main_grid;0.0
0;2;15;from_network;599.823
0;2;16;HP;275.5
0;2;16;EB;0.0
0;2;16;from_grid;585.965
0;2;16;from_main_grid;0.0
0;2;16;from_network;585.965
0;2;17;HP;183.692
0;2;17;EB;0.0
0;2;17;from_grid;484.528
0;2;17;from_main_grid;141.525
0;2;17;from_network;343.003
0;2;18;HP;68.516
0;2;18;EB;0.0
0;2;18;from_grid;442.058
0;2;18;from_main_grid;426.638
0;2;18;from_network;15.42
0;2;19;HP;0.0
0;2;19;EB;0.0
0;2;19;from_grid;424.906
0;2;19;from_main_grid;424.906
0;2;19;from_network;0.0
0;2;20;HP;0.0
0;2;20;EB;0.0
0;2;20;from_grid;326.406
0;2;20;from_main_grid;326.406
0;2;20;from_network;0.0
0;2;21;HP;0.0
0;2;21;EB;0.0
0;2;21;from_grid;205.027
0;2;21;from_main_grid;205.027
0;2;21;from_network;0.0
0;2;22;HP;0.0
0;2;22;EB;0.0
0;2;22;from_grid;199.037
0;2;22;from_main_grid;199.037
0;2;22;from_network;0.0
0;2;23;HP;0.0
0;2;23;EB;0.0
0;2;23;from_grid;179.573
0;2;23;from_main_grid;179.573
0;2;23;from_network;0.0
0;2;24;HP;0.0
0;2;24;EB;0.0
0;2;24;from_grid;135.629
0;2;24;from_main_grid;135.629
0;2;24;from_network;0.0
0;2;25;HP;0.0
0;2;25;EB;0.0
0;2;25;from_grid;143.648
0;2;25;from_main_grid;143.648
0;2;25;from_network;0.0
0;2;26;HP;0.0
0;2;26;EB;0.0
0;2;26;from_grid;141.031
0;2;26;from_main_grid;141.031
0;2;26;from_network;0.0
0;2;27;HP;0.0
0;2;27;EB;0.0
0;2;27;from_grid;146.909
0;2;27;from_main_grid;146.909
0;2;27;from_network;0.0
0;2;28;HP;0.0
0;2;28;EB;0.0
0;2;28;from_grid;139.867
0;2;28;from_main_grid;139.867
0;2;28;from_network;0.0
0;2;29;HP;0.0
0;2;29;EB;0.0
0;2;29;from_grid;141.401
0;2;29;from_main_grid;141.401
0;2;29;from_network;0.0
0;2;30;HP;0.0
0;2;30;EB;0.0
0;2;30;from_grid;148.999
0;2;30;from_main_grid;148.999
0;2;30;from_network;0.0
0;2;31;HP;0.0
0;2;31;EB;0.0
0;2;31;from_grid;387.572
0;2;31;from_main_grid;341.327
0;2;31;from_network;46.245
0;2;32;HP;58.08
0;2;32;EB;0.0
0;2;32;from_grid;381.727
0;2;32;from_main_grid;0.0
0;2;32;from_network;381.727
0;2;33;HP;183.284
0;2;33;EB;0.0
0;2;33;from_grid;506.268
0;2;33;from_main_grid;0.0
0;2;33;from_network;506.268
0;2;34;HP;298.683
0;2;34;EB;0.0
0;2;34;from_grid;651.303
0;2;34;from_main_grid;0.0
0;2;34;from_network;651.303
0;2;35;HP;283.519
0;2;35;EB;0.0
0;2;35;from_grid;625.484
0;2;35;from_main_grid;0.0
0;2;35;from_network;625.484
0;2;36;HP;269.269
0;2;36;EB;0.0
0;2;36;from_grid;596.067
0;2;36;from_main_grid;0.0
0;2;36;from_network;596.067
0;2;37;HP;267.489
0;2;37;EB;0.0
0;2;37;from_grid;597.951
0;2;37;from_main_grid;0.0
0;2;37;from_network;597.951
0;2;38;HP;262.02
0;2;38;EB;0.0
0;2;38;from_grid;612.689
0;2;38;from_main_grid;0.0
0;2;38;from_network;612.689
0;2;39;HP;266.272
0;2;39;EB;0.0
0;2;39;from_grid;591.696
0;2;39;from_main_grid;0.0
0;2;39;from_network;591.696
0;2;40;HP;201.448
0;2;40;EB;0.0
0;2;40;from_grid;512.444
0;2;40;from_main_grid;0.0
0;2;40;from_network;512.444
0;2;41;HP;0.0
0;2;41;EB;0.0
0;2;41;from_grid;301.715
0;2;41;from_main_grid;101.17
0;2;41;from_network;200.545
0;2;42;HP;0.0
0;2;42;EB;0.0
0;2;42;from_grid;385.606
0;2;42;from_main_grid;385.606
0;2;42;from_network;0.0
0;2;43;HP;0.0
0;2;43;EB;0.0
0;2;43;from_grid;422.38
0;2;43;from_main_grid;422.38
0;2;43;from_network;0.0
0;2;44;HP;0.0
0;2;44;EB;0.0
0;2;44;from_grid;339.174
0;2;44;from_main_grid;339.174
0;2;44;from_network;0.0
0;2;45;HP;0.0
0;2;45;EB;0.0
0;2;45;from_grid;202.295
0;2;45;from_main_grid;202.295
0;2;45;from_network;0.0
0;2;46;HP;0.0
0;2;46;EB;0.0
0;2;46;from_grid;199.889
0;2;46;from_main_grid;199.889
0;2;46;from_network;0.0
0;2;47;HP;0.0
0;2;47;EB;0.0
0;2;47;from_grid;177.279
0;2;47;from_main_grid;177.279
0;2;47;from_network;0.0
0;2;48;HP;0.0
0;2;48;EB;0.0
0;2;48;from_grid;140.082
0;2;48;from_main_grid;140.082
0;2;48;from_network;0.0
0;2;49;HP;0.0
0;2;49;EB;0.0
0;2;49;from_grid;144.86
0;2;49;from_main_grid;144.86
0;2;49;from_network;0.0
0;2;50;HP;0.0
0;2;50;EB;0.0
0;2;50;from_grid;141.805
0;2;50;from_main_grid;141.805
0;2;50;from_network;0.0
0;2;51;HP;0.0
0;2;51;EB;0.0
0;2;51;from_grid;141.228
0;2;51;from_main_grid;141.228
0;2;51;from_network;0.0
0;2;52;HP;0.0
0;2;52;EB;0.0
0;2;52;from_grid;138.644
0;2;52;from_main_grid;138.644
0;2;52;from_network;0.0
0;2;53;HP;0.0
0;2;53;EB;0.0
0;2;53;from_grid;139.493
0;2;53;from_main_grid;139.493
0;2;53;from_network;0.0
0;2;54;HP;0.0
0;2;54;EB;0.0
0;2;54;from_grid;142.73
0;2;54;from_main_grid;142.73
0;2;54;from_network;0.0
0;2;55;HP;0.0
0;2;55;EB;0.0
0;2;55;from_grid;375.908
0;2;55;from_main_grid;375.908
0;2;55;from_network;0.0
0;2;56;HP;0.0
0;2;56;EB;0.0
0;2;56;from_grid;354.634
0;2;56;from_main_grid;330.583
0;2;56;from_network;24.05
0;2;57;HP;0.0
0;2;57;EB;0.0
0;2;57;from_grid;300.077
0;2;57;from_main_grid;180.783
0;2;57;from_network;119.293
0;2;58;HP;0.0
0;2;58;EB;0.0
0;2;58;from_grid;323.467
0;2;58;from_main_grid;239.376
0;2;58;from_network;84.091
0;2;59;HP;0.0
0;2;59;EB;0.0
0;2;59;from_grid;296.557
0;2;59;from_main_grid;202.418
0;2;59;from_network;94.139
0;2;60;HP;0.0
0;2;60;EB;0.0
0;2;60;from_grid;288.69
0;2;60;from_main_grid;85.979
0;2;60;from_network;202.711
0;2;61;HP;0.0
0;2;61;EB;0.0
0;2;61;from_grid;286.372
0;2;61;from_main_grid;80.267
0;2;61;from_network;206.105
0;2;62;HP;0.0
0;2;62;EB;0.0
0;2;62;from_grid;296.592
0;2;62;from_main_grid;36.273
0;2;62;from_network;260.319
0;2;63;HP;0.0
0;2;63;EB;0.0
0;2;63;from_grid;283.913
0;2;63;from_main_grid;28.913
0;2;63;from_network;255.0
0;2;64;HP;0.0
0;2;64;EB;0.0
0;2;64;from_grid;293.481
0;2;64;from_main_grid;176.789
0;2;64;from_network;116.692
0;2;65;HP;0.0
0;2;65;EB;0.0
0;2;65;from_grid;339.236
0;2;65;from_main_grid;289.572
0;2;65;from_network;49.664
0;2;66;HP;0.0
0;2;66;EB;0.0
0;2;66;from_grid;407.754
0;2;66;from_main_grid;407.754
0;2;66;from_network;0.0
0;2;67;HP;0.0
0;2;67;EB;0.0
0;2;67;from_grid;426.945
0;2;67;from_main_grid;426.945
0;2;67;from_network;0.0
0;2;68;HP;0.0
0;2;68;EB;0.0
0;2;68;from_grid;322.845
0;2;68;from_main_grid;322.845
0;2;68;from_network;0.0
0;2;69;HP;0.0
0;2;69;EB;0.0
0;2;69;from_grid;202.863
0;2;69;from_main_grid;202.863
0;2;69;from_network;0.0
0;2;70;HP;0.0
0;2;70;EB;0.0
0;2;70;from_grid;199.447
0;2;70;from_main_grid;199.447
0;2;70;from_network;0.0
0;2;71;HP;0.0
0;2;71;EB;0.0
0;2;71;from_grid;167.515
0;2;71;from_main_grid;167.515
0;2;71;from_network;0.0
0;2;72;HP;0.0
0;2;72;EB;0.0
0;2;72;from_grid;139.675
0;2;72;from_main_grid;139.675
0;2;72;from_network;0.0
0;2;73;HP;0.0
0;2;73;EB;0.0
0;2;73;from_grid;144.03
0;2;73;from_main_grid;144.03
0;2;73;from_network;0.0
0;2;74;HP;0.0
0;2;74;EB;0.0
0;2;74;from_grid;140.546
0;2;74;from_main_grid;140.546
0;2;74;from_network;0.0
0;2;75;HP;0.0
0;2;75;EB;0.0
0;2;75;from_grid;142.106
0;2;75;from_main_grid;142.106
0;2;75;from_network;0.0
0;2;76;HP;0.0
0;2;76;EB;0.0
0;2;76;from_grid;139.135
0;2;76;from_main_grid;139.135
0;2;76;from_network;0.0
0;2;77;HP;0.0
0;2;77;EB;0.0
0;2;77;from_grid;139.833
0;2;77;from_main_grid;139.833
0;2;77;from_network;0.0
0;2;78;HP;0.0
0;2;78;EB;0.0
0;2;78;from_grid;145.338
0;2;78;from_main_grid;145.338
0;2;78;from_network;0.0
0;2;79;HP;0.0
0;2;79;EB;0.0
0;2;79;from_grid;154.103
0;2;79;from_main_grid;107.828
0;2;79;from_network;46.275
0;2;80;HP;67.703
0;2;80;EB;0.0
0;2;80;from_grid;197.336
0;2;80;from_main_grid;0.0
0;2;80;from_network;197.336
0;2;81;HP;0.0
0;2;81;EB;0.0
0;2;81;from_grid;135.919
0;2;81;from_main_grid;0.0
0;2;81;from_network;135.919
0;2;82;HP;66.033
0;2;82;EB;0.0
0;2;82;from_grid;220.133
0;2;82;from_main_grid;0.0
0;2;82;from_network;220.133
0;2;83;HP;302.255
0;2;83;EB;0.0
0;2;83;from_grid;444.888
0;2;83;from_main_grid;0.0
0;2;83;from_network;444.888
0;2;84;HP;293.328
0;2;84;EB;0.0
0;2;84;from_grid;431.315
0;2;84;from_main_grid;0.0
0;2;84;from_network;431.315
0;2;85;HP;287.084
0;2;85;EB;0.0
0;2;85;from_grid;429.665
0;2;85;from_main_grid;0.0
0;2;85;from_network;429.665
0;2;86;HP;282.627
0;2;86;EB;0.0
0;2;86;from_grid;430.914
0;2;86;from_main_grid;0.0
0;2;86;from_network;430.914
0;2;87;HP;282.627
0;2;87;EB;0.0
0;2;87;from_grid;421.419
0;2;87;from_main_grid;55.18
0;2;87;from_network;366.238
0;2;88;HP;293.328
0;2;88;EB;0.0
0;2;88;from_grid;432.501
0;2;88;from_main_grid;188.545
0;2;88;from_network;243.956
0;2;89;HP;285.301
0;2;89;EB;0.0
0;2;89;from_grid;430.121
0;2;89;from_main_grid;246.05
0;2;89;from_network;184.07
0;2;90;HP;0.0
0;2;90;EB;0.0
0;2;90;from_grid;195.654
0;2;90;from_main_grid;195.654
0;2;90;from_network;0.0
0;2;91;HP;0.0
0;2;91;EB;0.0
0;2;91;from_grid;215.345
0;2;91;from_main_grid;215.345
0;2;91;from_network;0.0
0;2;92;HP;8.789
0;2;92;EB;0.0
0;2;92;from_grid;220.002
0;2;92;from_main_grid;220.002
0;2;92;from_network;0.0
0;2;93;HP;0.0
0;2;93;EB;0.0
0;2;93;from_grid;208.921
0;2;93;from_main_grid;208.921
0;2;93;from_network;0.0
0;2;94;HP;311.191
0;2;94;EB;0.0
0;2;94;from_grid;497.88
0;2;94;from_main_grid;497.88
0;2;94;from_network;0.0
0;2;95;HP;73.721
0;2;95;EB;0.0
0;2;95;from_grid;252.546
0;2;95;from_main_grid;252.546
0;2;95;from_network;0.0
0;2;96;HP;198.421
0;2;96;EB;0.0
0;2;96;from_grid;335.434
0;2;96;from_main_grid;335.434
0;2;96;from_network;0.0
0;2;97;HP;0.0
0;2;97;EB;0.0
0;2;97;from_grid;139.487
0;2;97;from_main_grid;139.487
0;2;97;from_network;0.0
0;2;98;HP;0.0
0;2;98;EB;0.0
0;2;98;from_grid;138.846
0;2;98;from_main_grid;138.846
0;2;98;from_network;0.0
0;2;99;HP;0.0
0;2;99;EB;0.0
0;2;99;from_grid;142.762
0;2;99;from_main_grid;142.762
0;2;99;from_network;0.0
0;2;100;HP;0.0
0;2;100;EB;0.0
0;2;100;from_grid;136.677
0;2;100;from_main_grid;136.677
0;2;100;from_network;0.0
0;2;101;HP;0.0
0;2;101;EB;0.0
0;2;101;from_grid;140.519
0;2;101;from_main_grid;140.519
0;2;101;from_network;0.0
0;2;102;HP;0.0
0;2;102;EB;0.0
0;2;102;from_grid;143.483
0;2;102;from_main_grid;143.483
0;2;102;from_network;0.0
0;2;103;HP;281.638
0;2;103;EB;0.0
0;2;103;from_grid;688.549
0;2;103;from_main_grid;670.18
0;2;103;from_network;18.37
0;2;104;HP;249.675
0;2;104;EB;0.0
0;2;104;from_grid;555.902
0;2;104;from_main_grid;149.739
0;2;104;from_network;406.163
0;2;105;HP;206.695
0;2;105;EB;0.0
0;2;105;from_grid;544.1
0;2;105;from_main_grid;0.0
0;2;105;from_network;544.1
0;2;106;HP;304.041
0;2;106;EB;0.0
0;2;106;from_grid;644.162
0;2;106;from_main_grid;0.0
0;2;106;from_network;644.162
0;2;107;HP;291.543
0;2;107;EB;0.0
0;2;107;from_grid;644.544
0;2;107;from_main_grid;0.0
0;2;107;from_network;644.544
0;2;108;HP;280.845
0;2;108;EB;0.0
0;2;108;from_grid;615.205
0;2;108;from_main_grid;0.0
0;2;108;from_network;615.205
0;2;109;HP;278.172
0;2;109;EB;0.0
0;2;109;from_grid;611.774
0;2;109;from_main_grid;0.0
0;2;109;from_network;611.774
0;2;110;HP;278.172
0;2;110;EB;0.0
0;2;110;from_grid;629.622
0;2;110;from_main_grid;0.0
0;2;110;from_network;629.622
0;2;111;HP;31.005
0;2;111;EB;0.0
0;2;111;from_grid;353.964
0;2;111;from_main_grid;0.0
0;2;111;from_network;353.964
0;2;112;HP;0.0
0;2;112;EB;0.0
0;2;112;from_grid;313.237
0;2;112;from_main_grid;132.805
0;2;112;from_network;180.432
0;2;113;HP;0.0
0;2;113;EB;0.0
0;2;113;from_grid;320.224
0;2;113;from_main_grid;192.08
0;2;113;from_network;128.144
0;2;114;HP;0.0
0;2;114;EB;0.0
0;2;114;from_grid;399.84
0;2;114;from_main_grid;399.84
0;2;114;from_network;0.0
0;2;115;HP;0.0
0;2;115;EB;0.0
0;2;115;from_grid;420.295
0;2;115;from_main_grid;420.295
0;2;115;from_network;0.0
0;2;116;HP;0.0
0;2;116;EB;0.0
0;2;116;from_grid;338.419
0;2;116;from_main_grid;338.419
0;2;116;from_network;0.0
0;2;117;HP;0.0
0;2;117;EB;0.0
0;2;117;from_grid;197.599
0;2;117;from_main_grid;197.599
0;2;117;from_network;0.0
0;2;118;HP;0.0
0;2;118;EB;0.0
0;2;118;from_grid;190.182
0;2;118;from_main_grid;190.182
0;2;118;from_network;0.0
0;2;119;HP;0.0
0;2;119;EB;0.0
0;2;119;from_grid;172.154
0;2;119;from_main_grid;172.154
0;2;119;from_network;0.0
0;2;120;HP;12.325
0;2;120;EB;0.0
0;2;120;from_grid;150.4
0;2;120;from_main_grid;150.4
0;2;120;from_network;0.0
0;2;121;HP;113.431
0;2;121;EB;0.0
0;2;121;from_grid;257.54
0;2;121;from_main_grid;257.54
0;2;121;from_network;0.0
0;2;122;HP;117.636
0;2;122;EB;0.0
0;2;122;from_grid;257.747
0;2;122;from_main_grid;257.747
0;2;122;from_network;0.0
0;2;123;HP;121.287
0;2;123;EB;0.0
0;2;123;from_grid;265.955
0;2;123;from_main_grid;265.955
0;2;123;from_network;0.0
0;2;124;HP;125.837
0;2;124;EB;0.0
0;2;124;from_grid;268.756
0;2;124;from_main_grid;268.756
0;2;124;from_network;0.0
0;2;125;HP;129.041
0;2;125;EB;0.0
0;2;125;from_grid;271.413
0;2;125;from_main_grid;271.413
0;2;125;from_network;0.0
0;2;126;HP;138.105
0;2;126;EB;0.0
0;2;126;from_grid;284.737
0;2;126;from_main_grid;284.737
0;2;126;from_network;0.0
0;2;127;HP;105.371
0;2;127;EB;0.0
0;2;127;from_grid;528.078
0;2;127;from_main_grid;528.078
0;2;127;from_network;0.0
0;2;128;HP;89.939
0;2;128;EB;0.0
0;2;128;from_grid;461.461
0;2;128;from_main_grid;383.072
0;2;128;from_network;78.39
0;2;129;HP;84.814
0;2;129;EB;0.0
0;2;129;from_grid;410.265
0;2;129;from_main_grid;238.498
0;2;129;from_network;171.767
0;2;130;HP;77.349
0;2;130;EB;0.0
0;2;130;from_grid;425.969
0;2;130;from_main_grid;180.48
0;2;130;from_network;245.49
0;2;131;HP;60.997
0;2;131;EB;0.0
0;2;131;from_grid;399.425
0;2;131;from_main_grid;142.38
0;2;131;from_network;257.044
0;2;132;HP;252.699
0;2;132;EB;0.0
0;2;132;from_grid;576.254
0;2;132;from_main_grid;0.0
0;2;132;from_network;576.254
0;2;133;HP;261.413
0;2;133;EB;0.0
0;2;133;from_grid;586.212
0;2;133;from_main_grid;0.0
0;2;133;from_network;586.212
0;2;134;HP;5.847
0;2;134;EB;0.0
0;2;134;from_grid;344.593
0;2;134;from_main_grid;0.0
0;2;134;from_network;344.593
0;2;135;HP;0.0
0;2;135;EB;0.0
0;2;135;from_grid;339.902
0;2;135;from_main_grid;181.922
0;2;135;from_network;157.98
0;2;136;HP;0.0
0;2;136;EB;0.0
0;2;136;from_grid;312.499
0;2;136;from_main_grid;173.873
0;2;136;from_network;138.626
0;2;137;HP;259.594
0;2;137;EB;0.0
0;2;137;from_grid;621.906
0;2;137;from_main_grid;574.088
0;2;137;from_network;47.817
0;2;138;HP;263.234
0;2;138;EB;0.0
0;2;138;from_grid;664.327
0;2;138;from_main_grid;664.327
0;2;138;from_network;0.0
0;2;139;HP;217.024
0;2;139;EB;0.0
0;2;139;from_grid;645.827
0;2;139;from_main_grid;645.827
0;2;139;from_network;0.0
0;2;140;HP;0.0
0;2;140;EB;0.0
0;2;140;from_grid;334.788
0;2;140;from_main_grid;334.788
0;2;140;from_network;0.0
0;2;141;HP;0.0
0;2;141;EB;0.0
0;2;141;from_grid;201.992
0;2;141;from_main_grid;201.992
0;2;141;from_network;0.0
0;2;142;HP;0.0
0;2;142;EB;0.0
0;2;142;from_grid;195.022
0;2;142;from_main_grid;195.022
0;2;142;from_network;0.0
0;2;143;HP;0.0
0;2;143;EB;0.0
0;2;143;from_grid;179.493
0;2;143;from_main_grid;179.493
0;2;143;from_network;0.0
0;2;144;HP;0.0
0;2;144;EB;0.0
0;2;144;from_grid;141.131
0;2;144;from_main_grid;141.131
0;2;144;from_network;0.0
0;2;145;HP;0.0
0;2;145;EB;0.0
0;2;145;from_grid;145.18
0;2;145;from_main_grid;145.18
0;2;145;from_network;0.0
0;2;146;HP;0.0
0;2;146;EB;0.0
0;2;146;from_grid;140.491
0;2;146;from_main_grid;140.491
0;2;146;from_network;0.0
0;2;147;HP;0.0
0;2;147;EB;0.0
0;2;147;from_grid;140.811
0;2;147;from_main_grid;140.811
0;2;147;from_network;0.0
0;2;148;HP;0.0
0;2;148;EB;0.0
0;2;148;from_grid;140.741
0;2;148;from_main_grid;140.741
0;2;148;from_network;0.0
0;2;149;HP;0.0
0;2;149;EB;0.0
0;2;149;from_grid;141.888
0;2;149;from_main_grid;141.888
0;2;149;from_network;0.0
0;2;150;HP;0.0
0;2;150;EB;0.0
0;2;150;from_grid;153.283
0;2;150;from_main_grid;153.283
0;2;150;from_network;0.0
0;2;151;HP;0.0
0;2;151;EB;0.0
0;2;151;from_grid;433.604
0;2;151;from_main_grid;433.604
0;2;151;from_network;0.0
0;2;152;HP;0.0
0;2;152;EB;0.0
0;2;152;from_grid;457.463
0;2;152;from_main_grid;457.463
0;2;152;from_network;0.0
0;2;153;HP;87.291
0;2;153;EB;0.0
0;2;153;from_grid;487.792
0;2;153;from_main_grid;444.507
0;2;153;from_network;43.285
0;2;154;HP;82.175
0;2;154;EB;0.0
0;2;154;from_grid;493.541
0;2;154;from_main_grid;458.104
0;2;154;from_network;35.437
0;2;155;HP;72.255
0;2;155;EB;0.0
0;2;155;from_grid;428.908
0;2;155;from_main_grid;376.833
0;2;155;from_network;52.074
0;2;156;HP;56.105
0;2;156;EB;0.0
0;2;156;from_grid;376.251
0;2;156;from_main_grid;254.945
0;2;156;from_network;121.306
0;2;157;HP;44.747
0;2;157;EB;0.0
0;2;157;from_grid;389.368
0;2;157;from_main_grid;310.275
0;2;157;from_network;79.093
0;2;158;HP;37.985
0;2;158;EB;0.0
0;2;158;from_grid;392.816
0;2;158;from_main_grid;306.88
0;2;158;from_network;85.936
0;2;159;HP;87.523
0;2;159;EB;0.0
0;2;159;from_grid;444.765
0;2;159;from_main_grid;392.884
0;2;159;from_network;51.88
0;2;160;HP;273.72
0;2;160;EB;0.0
0;2;160;from_grid;706.19
0;2;160;from_main_grid;706.19
0;2;160;from_network;0.0
0;2;161;HP;0.0
0;2;161;EB;0.0
0;2;161;from_grid;452.306
0;2;161;from_main_grid;452.306
0;2;161;from_network;0.0
0;2;162;HP;0.0
0;2;162;EB;0.0
0;2;162;from_grid;412.698
0;2;162;from_main_grid;412.698
0;2;162;from_network;0.0
0;2;163;HP;0.0
0;2;163;EB;0.0
0;2;163;from_grid;435.919
0;2;163;from_main_grid;435.919
0;2;163;from_network;0.0
0;2;164;HP;0.0
0;2;164;EB;0.0
0;2;164;from_grid;327.206
0;2;164;from_main_grid;327.206
0;2;164;from_network;0.0
0;2;165;HP;0.0
0;2;165;EB;0.0
0;2;165;from_grid;207.674
0;2;165;from_main_grid;207.674
0;2;165;from_network;0.0
0;2;166;HP;105.547
0;2;166;EB;0.0
0;2;166;from_grid;293.343
0;2;166;from_main_grid;293.343
0;2;166;from_network;0.0
0;2;167;HP;288.868
0;2;167;EB;0.0
0;2;167;from_grid;455.233
0;2;167;from_main_grid;455.233
0;2;167;from_network;0.0
0;3;0;HP;390.273
0;3;0;EB;0.0
0;3;0;from_grid;529.838
0;3;0;from_main_grid;529.838
0;3;0;from_network;0.0
0;3;1;HP;391.177
0;3;1;EB;0.0
0;3;1;from_grid;534.312
0;3;1;from_main_grid;534.312
0;3;1;from_network;0.0
0;3;2;HP;388.466
0;3;2;EB;0.0
0;3;2;from_grid;528.621
0;3;2;from_main_grid;528.621
0;3;2;from_network;0.0
0;3;3;HP;389.37
0;3;3;EB;0.0
0;3;3;from_grid;531.697
0;3;3;from_main_grid;531.697
0;3;3;from_network;0.0
0;3;4;HP;390.273
0;3;4;EB;0.0
0;3;4;from_grid;532.719
0;3;4;from_main_grid;532.719
0;3;4;from_network;0.0
0;3;5;HP;396.602
0;3;5;EB;0.0
0;3;5;from_grid;538.355
0;3;5;from_main_grid;538.355
0;3;5;from_network;0.0
0;3;6;HP;396.602
0;3;6;EB;0.0
0;3;6;from_grid;546.0
0;3;6;from_main_grid;546.0
0;3;6;from_network;0.0
0;3;7;HP;395.698
0;3;7;EB;0.0
0;3;7;from_grid;841.305
0;3;7;from_main_grid;841.305
0;3;7;from_network;0.0
0;3;8;HP;384.302
0;3;8;EB;0.0
0;3;8;from_grid;868.118
0;3;8;from_main_grid;868.118
0;3;8;from_network;0.0
0;3;9;HP;363.129
0;3;9;EB;0.0
0;3;9;from_grid;842.312
0;3;9;from_main_grid;842.312
0;3;9;from_network;0.0
0;3;10;HP;353.177
0;3;10;EB;0.0
0;3;10;from_grid;751.954
0;3;10;from_main_grid;751.954
0;3;10;from_network;0.0
0;3;11;HP;329.391
0;3;11;EB;0.0
0;3;11;from_grid;706.648
0;3;11;from_main_grid;706.648
0;3;11;from_network;0.0
0;3;12;HP;307.075
0;3;12;EB;0.0
0;3;12;from_grid;632.129
0;3;12;from_main_grid;603.146
0;3;12;from_network;28.983
0;3;13;HP;278.928
0;3;13;EB;0.0
0;3;13;from_grid;604.054
0;3;13;from_main_grid;0.0
0;3;13;from_network;604.054
0;3;14;HP;352.424
0;3;14;EB;0.0
0;3;14;from_grid;700.769
0;3;14;from_main_grid;269.792
0;3;14;from_network;430.977
0;3;15;HP;350.626
0;3;15;EB;0.0
0;3;15;from_grid;683.255
0;3;15;from_main_grid;550.499
0;3;15;from_network;132.755
0;3;16;HP;355.121
0;3;16;EB;0.0
0;3;16;from_grid;839.587
0;3;16;from_main_grid;839.587
0;3;16;from_network;0.0
0;3;17;HP;363.217
0;3;17;EB;0.0
0;3;17;from_grid;830.356
0;3;17;from_main_grid;830.356
0;3;17;from_network;0.0
0;3;18;HP;365.918
0;3;18;EB;0.0
0;3;18;from_grid;795.596
0;3;18;from_main_grid;795.596
0;3;18;from_network;0.0
0;3;19;HP;39.654
0;3;19;EB;0.0
0;3;19;from_grid;485.464
0;3;19;from_main_grid;485.464
0;3;19;from_network;0.0
0;3;20;HP;377.634
0;3;20;EB;0.0
0;3;20;from_grid;713.283
0;3;20;from_main_grid;713.283
0;3;20;from_network;0.0
0;3;21;HP;381.243
0;3;21;EB;0.0
0;3;21;from_grid;600.841
0;3;21;from_main_grid;600.841
0;3;21;from_network;0.0
0;3;22;HP;383.951
0;3;22;EB;0.0
0;3;22;from_grid;570.293
0;3;22;from_main_grid;570.293
0;3;22;from_network;0.0
0;3;23;HP;387.563
0;3;23;EB;0.0
0;3;23;from_grid;562.565
0;3;23;from_main_grid;562.565
0;3;23;from_network;0.0
0;3;24;HP;391.177
0;3;24;EB;0.0
0;3;24;from_grid;533.1
0;3;24;from_main_grid;533.1
0;3;24;from_network;0.0
0;3;25;HP;396.602
0;3;25;EB;0.0
0;3;25;from_grid;541.379
0;3;25;from_main_grid;541.379
0;3;25;from_network;0.0
0;3;26;HP;396.602
0;3;26;EB;0.0
0;3;26;from_grid;540.039
0;3;26;from_main_grid;540.039
0;3;26;from_network;0.0
0;3;27;HP;396.602
0;3;27;EB;0.0
0;3;27;from_grid;537.726
0;3;27;from_main_grid;537.726
0;3;27;from_network;0.0
0;3;28;HP;398.411
0;3;28;EB;0.0
0;3;28;from_grid;540.456
0;3;28;from_main_grid;540.456
0;3;28;from_network;0.0
0;3;29;HP;399.316
0;3;29;EB;0.0
0;3;29;from_grid;540.878
0;3;29;from_main_grid;540.878
0;3;29;from_network;0.0
0;3;30;HP;398.411
0;3;30;EB;0.0
0;3;30;from_grid;548.489
0;3;30;from_main_grid;548.489
0;3;30;from_network;0.0
0;3;31;HP;402.032
0;3;31;EB;0.0
0;3;31;from_grid;855.131
0;3;31;from_main_grid;855.131
0;3;31;from_network;0.0
0;3;32;HP;396.484
0;3;32;EB;0.0
0;3;32;from_grid;887.041
0;3;32;from_main_grid;887.041
0;3;32;from_network;0.0
0;3;33;HP;365.592
0;3;33;EB;0.0
0;3;33;from_grid;850.917
0;3;33;from_main_grid;850.917
0;3;33;from_network;0.0
0;3;34;HP;350.133
0;3;34;EB;0.0
0;3;34;from_grid;720.011
0;3;34;from_main_grid;511.304
0;3;34;from_network;208.707
0;3;35;HP;334.864
0;3;35;EB;0.0
0;3;35;from_grid;680.861
0;3;35;from_main_grid;412.575
0;3;35;from_network;268.286
0;3;36;HP;325.558
0;3;36;EB;0.0
0;3;36;from_grid;646.537
0;3;36;from_main_grid;298.99
0;3;36;from_network;347.546
0;3;37;HP;312.049
0;3;37;EB;0.0
0;3;37;from_grid;645.174
0;3;37;from_main_grid;645.174
0;3;37;from_network;0.0
0;3;38;HP;301.523
0;3;38;EB;0.0
0;3;38;from_grid;736.772
0;3;38;from_main_grid;736.772
0;3;38;from_network;0.0
0;3;39;HP;325.933
0;3;39;EB;0.0
0;3;39;from_grid;802.604
0;3;39;from_main_grid;802.604
0;3;39;from_network;0.0
0;3;40;HP;321.115
0;3;40;EB;0.0
0;3;40;from_grid;813.959
0;3;40;from_main_grid;813.959
0;3;40;from_network;0.0
0;3;41;HP;330.88
0;3;41;EB;0.0
0;3;41;from_grid;810.118
0;3;41;from_main_grid;810.118
0;3;41;from_network;0.0
0;3;42;HP;359.0
0;3;42;EB;0.0
0;3;42;from_grid;788.851
0;3;42;from_main_grid;788.851
0;3;42;from_network;0.0
0;3;43;HP;356.561
0;3;43;EB;0.0
0;3;43;from_grid;790.224
0;3;43;from_main_grid;790.224
0;3;43;from_network;0.0
0;3;44;HP;369.373
0;3;44;EB;0.0
0;3;44;from_grid;702.057
0;3;44;from_main_grid;702.057
0;3;44;from_network;0.0
0;3;45;HP;380.34
0;3;45;EB;0.0
0;3;45;from_grid;594.926
0;3;45;from_main_grid;594.926
0;3;45;from_network;0.0
0;3;46;HP;374.422
0;3;46;EB;0.0
0;3;46;from_grid;573.802
0;3;46;from_main_grid;573.802
0;3;46;from_network;0.0
0;3;47;HP;364.284
0;3;47;EB;0.0
0;3;47;from_grid;550.614
0;3;47;from_main_grid;550.614
0;3;47;from_network;0.0
0;3;48;HP;96.735
0;3;48;EB;0.0
0;3;48;from_grid;237.457
0;3;48;from_main_grid;237.457
0;3;48;from_network;0.0
0;3;49;HP;95.623
0;3;49;EB;0.0
0;3;49;from_grid;235.252
0;3;49;from_main_grid;235.252
0;3;49;from_network;0.0
0;3;50;HP;92.661
0;3;50;EB;0.0
0;3;50;from_grid;233.639
0;3;50;from_main_grid;233.639
0;3;50;from_network;0.0
0;3;51;HP;91.48
0;3;51;EB;0.0
0;3;51;from_grid;235.422
0;3;51;from_main_grid;235.422
0;3;51;from_network;0.0
0;3;52;HP;96.862
0;3;52;EB;0.0
0;3;52;from_grid;239.292
0;3;52;from_main_grid;239.292
0;3;52;from_network;0.0
0;3;53;HP;96.618
0;3;53;EB;0.0
0;3;53;from_grid;239.999
0;3;53;from_main_grid;239.999
0;3;53;from_network;0.0
0;3;54;HP;101.603
0;3;54;EB;0.0
0;3;54;from_grid;247.184
0;3;54;from_main_grid;247.184
0;3;54;from_network;0.0
0;3;55;HP;122.405
0;3;55;EB;0.0
0;3;55;from_grid;511.935
0;3;55;from_main_grid;511.935
0;3;55;from_network;0.0
0;3;56;HP;128.387
0;3;56;EB;0.0
0;3;56;from_grid;549.753
0;3;56;from_main_grid;549.753
0;3;56;from_network;0.0
0;3;57;HP;116.844
0;3;57;EB;0.0
0;3;57;from_grid;528.612
0;3;57;from_main_grid;528.612
0;3;57;from_network;0.0
0;3;58;HP;116.552
0;3;58;EB;0.0
0;3;58;from_grid;508.574
0;3;58;from_main_grid;508.574
0;3;58;from_network;0.0
0;3;59;HP;118.504
0;3;59;EB;0.0
0;3;59;from_grid;504.7
0;3;59;from_main_grid;504.7
0;3;59;from_network;0.0
0;3;60;HP;116.63
0;3;60;EB;0.0
0;3;60;from_grid;412.739
0;3;60;from_main_grid;412.739
0;3;60;from_network;0.0
0;3;61;HP;107.255
0;3;61;EB;0.0
0;3;61;from_grid;405.45
0;3;61;from_main_grid;174.226
0;3;61;from_network;231.224
0;3;62;HP;98.941
0;3;62;EB;0.0
0;3;62;from_grid;397.742
0;3;62;from_main_grid;371.62
0;3;62;from_network;26.122
0;3;63;HP;108.401
0;3;63;EB;0.0
0;3;63;from_grid;443.337
0;3;63;from_main_grid;368.765
0;3;63;from_network;74.572
0;3;64;HP;109.148
0;3;64;EB;0.0
0;3;64;from_grid;529.879
0;3;64;from_main_grid;529.879
0;3;64;from_network;0.0
0;3;65;HP;340.749
0;3;65;EB;0.0
0;3;65;from_grid;770.761
0;3;65;from_main_grid;770.761
0;3;65;from_network;0.0
0;3;66;HP;343.441
0;3;66;EB;0.0
0;3;66;from_grid;771.664
0;3;66;from_main_grid;771.664
0;3;66;from_network;0.0
0;3;67;HP;100.794
0;3;67;EB;0.0
0;3;67;from_grid;537.188
0;3;67;from_main_grid;537.188
0;3;67;from_network;0.0
0;3;68;HP;0.0
0;3;68;EB;0.0
0;3;68;from_grid;343.946
0;3;68;from_main_grid;343.946
0;3;68;from_network;0.0
0;3;69;HP;0.0
0;3;69;EB;0.0
0;3;69;from_grid;208.356
0;3;69;from_main_grid;208.356
0;3;69;from_network;0.0
0;3;70;HP;0.0
0;3;70;EB;0.0
0;3;70;from_grid;208.378
0;3;70;from_main_grid;208.378
0;3;70;from_network;0.0
0;3;71;HP;152.963
0;3;71;EB;0.0
0;3;71;from_grid;336.364
0;3;71;from_main_grid;336.364
0;3;71;from_network;0.0
0;3;72;HP;161.332
0;3;72;EB;0.0
0;3;72;from_grid;300.588
0;3;72;from_main_grid;300.588
0;3;72;from_network;0.0
0;3;73;HP;162.978
0;3;73;EB;0.0
0;3;73;from_grid;306.169
0;3;73;from_main_grid;306.169
0;3;73;from_network;0.0
0;3;74;HP;170.193
0;3;74;EB;0.0
0;3;74;from_grid;312.307
0;3;74;from_main_grid;312.307
0;3;74;from_network;0.0
0;3;75;HP;178.899
0;3;75;EB;0.0
0;3;75;from_grid;324.138
0;3;75;from_main_grid;324.138
0;3;75;from_network;0.0
0;3;76;HP;180.089
0;3;76;EB;0.0
0;3;76;from_grid;322.463
0;3;76;from_main_grid;322.463
0;3;76;from_network;0.0
0;3;77;HP;182.981
0;3;77;EB;0.0
0;3;77;from_grid;329.026
0;3;77;from_main_grid;329.026
0;3;77;from_network;0.0
0;3;78;HP;356.919
0;3;78;EB;0.0
0;3;78;from_grid;501.048
0;3;78;from_main_grid;501.048
0;3;78;from_network;0.0
0;3;79;HP;194.254
0;3;79;EB;0.0
0;3;79;from_grid;353.637
0;3;79;from_main_grid;353.637
0;3;79;from_network;0.0
0;3;80;HP;361.417
0;3;80;EB;0.0
0;3;80;from_grid;535.496
0;3;80;from_main_grid;535.496
0;3;80;from_network;0.0
0;3;81;HP;361.417
0;3;81;EB;0.0
0;3;81;from_grid;548.932
0;3;81;from_main_grid;548.932
0;3;81;from_network;0.0
0;3;82;HP;362.317
0;3;82;EB;0.0
0;3;82;from_grid;562.793
0;3;82;from_main_grid;562.793
0;3;82;from_network;0.0
0;3;83;HP;362.317
0;3;83;EB;0.0
0;3;83;from_grid;551.429
0;3;83;from_main_grid;551.429
0;3;83;from_network;0.0
0;3;84;HP;358.718
0;3;84;EB;0.0
0;3;84;from_grid;531.916
0;3;84;from_main_grid;531.916
0;3;84;from_network;0.0
0;3;85;HP;355.121
0;3;85;EB;0.0
0;3;85;from_grid;505.159
0;3;85;from_main_grid;330.809
0;3;85;from_network;174.35
0;3;86;HP;360.517
0;3;86;EB;0.0
0;3;86;from_grid;508.941
0;3;86;from_main_grid;358.051
0;3;86;from_network;150.891
0;3;87;HP;361.417
0;3;87;EB;0.0
0;3;87;from_grid;515.511
0;3;87;from_main_grid;515.511
0;3;87;from_network;0.0
0;3;88;HP;365.918
0;3;88;EB;0.0
0;3;88;from_grid;549.665
0;3;88;from_main_grid;549.665
0;3;88;from_network;0.0
0;3;89;HP;366.819
0;3;89;EB;0.0
0;3;89;from_grid;568.082
0;3;89;from_main_grid;568.082
0;3;89;from_network;0.0
0;3;90;HP;371.323
0;3;90;EB;0.0
0;3;90;from_grid;579.22
0;3;90;from_main_grid;579.22
0;3;90;from_network;0.0
0;3;91;HP;378.536
0;3;91;EB;0.0
0;3;91;from_grid;594.675
0;3;91;from_main_grid;594.675
0;3;91;from_network;0.0
0;3;92;HP;383.048
0;3;92;EB;0.0
0;3;92;from_grid;597.339
0;3;92;from_main_grid;597.339
0;3;92;from_network;0.0
0;3;93;HP;384.853
0;3;93;EB;0.0
0;3;93;from_grid;595.878
0;3;93;from_main_grid;595.878
0;3;93;from_network;0.0
0;3;94;HP;388.466
0;3;94;EB;0.0
0;3;94;from_grid;586.033
0;3;94;from_main_grid;586.033
0;3;94;from_network;0.0
0;3;95;HP;389.37
0;3;95;EB;0.0
0;3;95;from_grid;564.989
0;3;95;from_main_grid;564.989
0;3;95;from_network;0.0
0;3;96;HP;391.177
0;3;96;EB;0.0
0;3;96;from_grid;533.716
0;3;96;from_main_grid;533.716
0;3;96;from_network;0.0
0;3;97;HP;394.793
0;3;97;EB;197.13
0;3;97;from_grid;739.319
0;3;97;from_main_grid;739.319
0;3;97;from_network;0.0
0;3;98;HP;395.698
0;3;98;EB;271.752
0;3;98;from_grid;810.212
0;3;98;from_main_grid;810.212
0;3;98;from_network;0.0
0;3;99;HP;398.411
0;3;99;EB;271.752
0;3;99;from_grid;809.688
0;3;99;from_main_grid;809.688
0;3;99;from_network;0.0
0;3;100;HP;394.793
0;3;100;EB;271.752
0;3;100;from_grid;810.561
0;3;100;from_main_grid;810.561
0;3;100;from_network;0.0
0;3;101;HP;389.37
0;3;101;EB;271.752
0;3;101;from_grid;805.586
0;3;101;from_main_grid;805.586
0;3;101;from_network;0.0
0;3;102;HP;385.756
0;3;102;EB;271.752
0;3;102;from_grid;807.618
0;3;102;from_main_grid;807.618
0;3;102;from_network;0.0
0;3;103;HP;383.951
0;3;103;EB;271.752
0;3;103;from_grid;1107.46
0;3;103;from_main_grid;1107.46
0;3;103;from_network;0.0
0;3;104;HP;377.634
0;3;104;EB;271.752
0;3;104;from_grid;1132.972
0;3;104;from_main_grid;1132.972
0;3;104;from_network;0.0
0;3;105;HP;374.928
0;3;105;EB;271.752
0;3;105;from_grid;1156.887
0;3;105;from_main_grid;1156.887
0;3;105;from_network;0.0
0;3;106;HP;383.951
0;3;106;EB;271.752
0;3;106;from_grid;1186.683
0;3;106;from_main_grid;1186.683
0;3;106;from_network;0.0
0;3;107;HP;385.756
0;3;107;EB;271.752
0;3;107;from_grid;1163.333
0;3;107;from_main_grid;1163.333
0;3;107;from_network;0.0
0;3;108;HP;389.37
0;3;108;EB;271.752
0;3;108;from_grid;1108.923
0;3;108;from_main_grid;1108.923
0;3;108;from_network;0.0
0;3;109;HP;385.756
0;3;109;EB;271.752
0;3;109;from_grid;1095.413
0;3;109;from_main_grid;1095.413
0;3;109;from_network;0.0
0;3;110;HP;383.951
0;3;110;EB;271.752
0;3;110;from_grid;1132.669
0;3;110;from_main_grid;1132.669
0;3;110;from_network;0.0
0;3;111;HP;381.243
0;3;111;EB;271.752
0;3;111;from_grid;1150.903
0;3;111;from_main_grid;1150.903
0;3;111;from_network;0.0
0;3;112;HP;379.438
0;3;112;EB;271.752
0;3;112;from_grid;1136.568
0;3;112;from_main_grid;1136.568
0;3;112;from_network;0.0
0;3;113;HP;378.536
0;3;113;EB;271.752
0;3;113;from_grid;1123.522
0;3;113;from_main_grid;1123.522
0;3;113;from_network;0.0
0;3;114;HP;378.536
0;3;114;EB;271.752
0;3;114;from_grid;1072.91
0;3;114;from_main_grid;1072.91
0;3;114;from_network;0.0
0;3;115;HP;377.634
0;3;115;EB;271.752
0;3;115;from_grid;1082.793
0;3;115;from_main_grid;1082.793
0;3;115;from_network;0.0
0;3;116;HP;374.928
0;3;116;EB;271.752
0;3;116;from_grid;986.87
0;3;116;from_main_grid;986.87
0;3;116;from_network;0.0
0;3;117;HP;374.928
0;3;117;EB;271.752
0;3;117;from_grid;846.937
0;3;117;from_main_grid;846.937
0;3;117;from_network;0.0
0;3;118;HP;374.027
0;3;118;EB;271.752
0;3;118;from_grid;839.259
0;3;118;from_main_grid;839.259
0;3;118;from_network;0.0
0;3;119;HP;375.83
0;3;119;EB;271.752
0;3;119;from_grid;820.866
0;3;119;from_main_grid;820.866
0;3;119;from_network;0.0
0;3;120;HP;375.83
0;3;120;EB;271.752
0;3;120;from_grid;784.243
0;3;120;from_main_grid;784.243
0;3;120;from_network;0.0
0;3;121;HP;377.634
0;3;121;EB;271.752
0;3;121;from_grid;789.127
0;3;121;from_main_grid;789.127
0;3;121;from_network;0.0
0;3;122;HP;383.048
0;3;122;EB;271.752
0;3;122;from_grid;794.684
0;3;122;from_main_grid;794.684
0;3;122;from_network;0.0
0;3;123;HP;389.37
0;3;123;EB;271.752
0;3;123;from_grid;801.871
0;3;123;from_main_grid;801.871
0;3;123;from_network;0.0
0;3;124;HP;396.602
0;3;124;EB;271.752
0;3;124;from_grid;808.48
0;3;124;from_main_grid;808.48
0;3;124;from_network;0.0
0;3;125;HP;402.032
0;3;125;EB;271.752
0;3;125;from_grid;816.359
0;3;125;from_main_grid;816.359
0;3;125;from_network;0.0
0;3;126;HP;401.126
0;3;126;EB;271.752
0;3;126;from_grid;817.508
0;3;126;from_main_grid;817.508
0;3;126;from_network;0.0
0;3;127;HP;402.032
0;3;127;EB;225.589
0;3;127;from_grid;1063.104
0;3;127;from_main_grid;1063.104
0;3;127;from_network;0.0
0;3;128;HP;399.316
0;3;128;EB;141.358
0;3;128;from_grid;1009.422
0;3;128;from_main_grid;1009.422
0;3;128;from_network;0.0
0;3;129;HP;394.793
0;3;129;EB;110.878
0;3;129;from_grid;995.864
0;3;129;from_main_grid;995.864
0;3;129;from_network;0.0
0;3;130;HP;385.756
0;3;130;EB;23.273
0;3;130;from_grid;862.438
0;3;130;from_main_grid;862.438
0;3;130;from_network;0.0
0;3;131;HP;383.951
0;3;131;EB;0.0
0;3;131;from_grid;829.172
0;3;131;from_main_grid;829.172
0;3;131;from_network;0.0
0;3;132;HP;382.145
0;3;132;EB;0.0
0;3;132;from_grid;712.225
0;3;132;from_main_grid;712.225
0;3;132;from_network;0.0
0;3;133;HP;377.634
0;3;133;EB;0.0
0;3;133;from_grid;719.303
0;3;133;from_main_grid;719.303
0;3;133;from_network;0.0
0;3;134;HP;378.536
0;3;134;EB;0.0
0;3;134;from_grid;859.262
0;3;134;from_main_grid;859.262
0;3;134;from_network;0.0
0;3;135;HP;380.34
0;3;135;EB;0.0
0;3;135;from_grid;866.807
0;3;135;from_main_grid;866.807
0;3;135;from_network;0.0
0;3;136;HP;378.536
0;3;136;EB;0.0
0;3;136;from_grid;868.542
0;3;136;from_main_grid;868.542
0;3;136;from_network;0.0
0;3;137;HP;383.951
0;3;137;EB;0.0
0;3;137;from_grid;841.705
0;3;137;from_main_grid;841.705
0;3;137;from_network;0.0
0;3;138;HP;385.756
0;3;138;EB;0.0
0;3;138;from_grid;792.453
0;3;138;from_main_grid;792.453
0;3;138;from_network;0.0
0;3;139;HP;388.466
0;3;139;EB;0.0
0;3;139;from_grid;817.403
0;3;139;from_main_grid;817.403
0;3;139;from_network;0.0
0;3;140;HP;392.985
0;3;140;EB;0.0
0;3;140;from_grid;711.997
0;3;140;from_main_grid;711.997
0;3;140;from_network;0.0
0;3;141;HP;395.698
0;3;141;EB;0.0
0;3;141;from_grid;602.622
0;3;141;from_main_grid;602.622
0;3;141;from_network;0.0
0;3;142;HP;398.411
0;3;142;EB;0.0
0;3;142;from_grid;596.494
0;3;142;from_main_grid;596.494
0;3;142;from_network;0.0
0;3;143;HP;400.221
0;3;143;EB;0.0
0;3;143;from_grid;574.959
0;3;143;from_main_grid;574.959
0;3;143;from_network;0.0
0;3;144;HP;394.793
0;3;144;EB;135.836
0;3;144;from_grid;667.471
0;3;144;from_main_grid;667.471
0;3;144;from_network;0.0
0;3;145;HP;399.316
0;3;145;EB;226.874
0;3;145;from_grid;766.928
0;3;145;from_main_grid;766.928
0;3;145;from_network;0.0
0;3;146;HP;397.507
0;3;146;EB;226.052
0;3;146;from_grid;761.425
0;3;146;from_main_grid;761.425
0;3;146;from_network;0.0
0;3;147;HP;402.032
0;3;147;EB;261.812
0;3;147;from_grid;802.277
0;3;147;from_main_grid;802.277
0;3;147;from_network;0.0
0;3;148;HP;400.221
0;3;148;EB;266.484
0;3;148;from_grid;803.186
0;3;148;from_main_grid;803.186
0;3;148;from_network;0.0
0;3;149;HP;401.126
0;3;149;EB;271.752
0;3;149;from_grid;811.201
0;3;149;from_main_grid;811.201
0;3;149;from_network;0.0
0;3;150;HP;398.411
0;3;150;EB;271.752
0;3;150;from_grid;815.702
0;3;150;from_main_grid;815.702
0;3;150;from_network;0.0
0;3;151;HP;394.793
0;3;151;EB;113.66
0;3;151;from_grid;943.307
0;3;151;from_main_grid;943.307
0;3;151;from_network;0.0
0;3;152;HP;391.177
0;3;152;EB;32.922
0;3;152;from_grid;891.73
0;3;152;from_main_grid;891.73
0;3;152;from_network;0.0
0;3;153;HP;348.804
0;3;153;EB;0.0
0;3;153;from_grid;811.852
0;3;153;from_main_grid;811.852
0;3;153;from_network;0.0
0;3;154;HP;331.286
0;3;154;EB;0.0
0;3;154;from_grid;712.525
0;3;154;from_main_grid;712.525
0;3;154;from_network;0.0
0;3;155;HP;292.746
0;3;155;EB;0.0
0;3;155;from_grid;672.293
0;3;155;from_main_grid;672.293
0;3;155;from_network;0.0
0;3;156;HP;274.464
0;3;156;EB;0.0
0;3;156;from_grid;699.076
0;3;156;from_main_grid;699.076
0;3;156;from_network;0.0
0;3;157;HP;355.121
0;3;157;EB;0.0
0;3;157;from_grid;764.393
0;3;157;from_main_grid;764.393
0;3;157;from_network;0.0
0;3;158;HP;161.064
0;3;158;EB;0.0
0;3;158;from_grid;621.633
0;3;158;from_main_grid;621.633
0;3;158;from_network;0.0
0;3;159;HP;264.822
0;3;159;EB;0.0
0;3;159;from_grid;746.805
0;3;159;from_main_grid;746.805
0;3;159;from_network;0.0
0;3;160;HP;260.433
0;3;160;EB;0.0
0;3;160;from_grid;730.751
0;3;160;from_main_grid;730.751
0;3;160;from_network;0.0
0;3;161;HP;254.949
0;3;161;EB;0.0
0;3;161;from_grid;719.41
0;3;161;from_main_grid;719.41
0;3;161;from_network;0.0
0;3;162;HP;315.636
0;3;162;EB;0.0
0;3;162;from_grid;734.108
0;3;162;from_main_grid;734.108
0;3;162;from_network;0.0
0;3;163;HP;355.121
0;3;163;EB;0.0
0;3;163;from_grid;776.704
0;3;163;from_main_grid;776.704
0;3;163;from_network;0.0
0;3;164;HP;351.525
0;3;164;EB;0.0
0;3;164;from_grid;700.519
0;3;164;from_main_grid;700.519
0;3;164;from_network;0.0
0;3;165;HP;352.424
0;3;165;EB;0.0
0;3;165;from_grid;554.002
0;3;165;from_main_grid;554.002
0;3;165;from_network;0.0
0;3;166;HP;353.323
0;3;166;EB;0.0
0;3;166;from_grid;544.373
0;3;166;from_main_grid;544.373
0;3;166;from_network;0.0
0;3;167;HP;356.919
0;3;167;EB;0.0
0;3;167;from_grid;532.494
0;3;167;from_main_grid;532.494
0;3;167;from_network;0.0
5;0;0;HP;0.0
5;0;0;EB;0.0
5;0;0;from_grid;147.77
5;0;0;from_main_grid;147.77
5;0;0;from_network;0.0
5;0;1;HP;286.017
5;0;1;EB;0.0
5;0;1;from_grid;438.118
5;0;1;from_main_grid;438.118
5;0;1;from_network;0.0
5;0;2;HP;0.0
5;0;2;EB;0.0
5;0;2;from_grid;147.638
5;0;2;from_main_grid;147.638
5;0;2;from_network;0.0
5;0;3;HP;240.786
5;0;3;EB;0.0
5;0;3;from_grid;389.321
5;0;3;from_main_grid;389.321
5;0;3;from_network;0.0
5;0;4;HP;247.937
5;0;4;EB;0.0
5;0;4;from_grid;396.906
5;0;4;from_main_grid;396.906
5;0;4;from_network;0.0
5;0;5;HP;254.061
5;0;5;EB;0.0
5;0;5;from_grid;401.327
5;0;5;from_main_grid;401.327
5;0;5;from_network;0.0
5;0;6;HP;271.215
5;0;6;EB;0.0
5;0;6;from_grid;424.402
5;0;6;from_main_grid;424.402
5;0;6;from_network;0.0
5;0;7;HP;228.25
5;0;7;EB;0.0
5;0;7;from_grid;683.861
5;0;7;from_main_grid;683.861
5;0;7;from_network;0.0
5;0;8;HP;207.083
5;0;8;EB;0.0
5;0;8;from_grid;676.259
5;0;8;from_main_grid;676.259
5;0;8;from_network;0.0
5;0;9;HP;208.656
5;0;9;EB;0.0
5;0;9;from_grid;559.218
5;0;9;from_main_grid;233.519
5;0;9;from_network;325.699
5;0;10;HP;179.438
5;0;10;EB;0.0
5;0;10;from_grid;553.206
5;0;10;from_main_grid;145.539
5;0;10;from_network;407.667
5;0;11;HP;165.722
5;0;11;EB;0.0
5;0;11;from_grid;531.013
5;0;11;from_main_grid;531.013
5;0;11;from_network;0.0
5;0;12;HP;143.033
5;0;12;EB;0.0
5;0;12;from_grid;485.923
5;0;12;from_main_grid;249.635
5;0;12;from_network;236.288
5;0;13;HP;255.62
5;0;13;EB;0.0
5;0;13;from_grid;618.811
5;0;13;from_main_grid;618.811
5;0;13;from_network;0.0
5;0;14;HP;0.0
5;0;14;EB;0.0
5;0;14;from_grid;392.271
5;0;14;from_main_grid;392.271
5;0;14;from_network;0.0
5;0;15;HP;133.051
5;0;15;EB;0.0
5;0;15;from_grid;473.448
5;0;15;from_main_grid;254.803
5;0;15;from_network;218.645
5;0;16;HP;124.675
5;0;16;EB;0.0
5;0;16;from_grid;456.582
5;0;16;from_main_grid;456.582
5;0;16;from_network;0.0
5;0;17;HP;117.663
5;0;17;EB;0.0
5;0;17;from_grid;552.829
5;0;17;from_main_grid;552.829
5;0;17;from_network;0.0
5;0;18;HP;323.717
5;0;18;EB;0.0
5;0;18;from_grid;759.545
5;0;18;from_main_grid;759.545
5;0;18;from_network;0.0
5;0;19;HP;0.0
5;0;19;EB;0.0
5;0;19;from_grid;444.103
5;0;19;from_main_grid;444.103
5;0;19;from_network;0.0
5;0;20;HP;126.224
5;0;20;EB;0.0
5;0;20;from_grid;476.712
5;0;20;from_main_grid;476.712
5;0;20;from_network;0.0
5;0;21;HP;329.092
5;0;21;EB;0.0
5;0;21;from_grid;539.336
5;0;21;from_main_grid;539.336
5;0;21;from_network;0.0
5;0;22;HP;334.47
5;0;22;EB;0.0
5;0;22;from_grid;529.213
5;0;22;from_main_grid;529.213
5;0;22;from_network;0.0
5;0;23;HP;338.954
5;0;23;EB;0.0
5;0;23;from_grid;522.236
5;0;23;from_main_grid;522.236
5;0;23;from_network;0.0
5;0;24;HP;0.0
5;0;24;EB;0.0
5;0;24;from_grid;148.336
5;0;24;from_main_grid;148.336
5;0;24;from_network;0.0
5;0;25;HP;0.0
5;0;25;EB;0.0
5;0;25;from_grid;147.39
5;0;25;from_main_grid;147.39
5;0;25;from_network;0.0
5;0;26;HP;242.166
5;0;26;EB;0.0
5;0;26;from_grid;386.09
5;0;26;from_main_grid;386.09
5;0;26;from_network;0.0
5;0;27;HP;353.323
5;0;27;EB;0.0
5;0;27;from_grid;501.707
5;0;27;from_main_grid;501.707
5;0;27;from_network;0.0
5;0;28;HP;354.222
5;0;28;EB;0.0
5;0;28;from_grid;503.778
5;0;28;from_main_grid;503.778
5;0;28;from_network;0.0
5;0;29;HP;360.517
5;0;29;EB;0.0
5;0;29;from_grid;509.136
5;0;29;from_main_grid;509.136
5;0;29;from_network;0.0
5;0;30;HP;13.642
5;0;30;EB;0.0
5;0;30;from_grid;174.802
5;0;30;from_main_grid;174.802
5;0;30;from_network;0.0
5;0;31;HP;263.475
5;0;31;EB;0.0
5;0;31;from_grid;720.078
5;0;31;from_main_grid;720.078
5;0;31;from_network;0.0
5;0;32;HP;238.362
5;0;32;EB;0.0
5;0;32;from_grid;711.652
5;0;32;from_main_grid;711.652
5;0;32;from_network;0.0
5;0;33;HP;235.504
5;0;33;EB;0.0
5;0;33;from_grid;590.943
5;0;33;from_main_grid;338.66
5;0;33;from_network;252.283
5;0;34;HP;204.739
5;0;34;EB;0.0
5;0;34;from_grid;575.341
5;0;34;from_main_grid;108.821
5;0;34;from_network;466.52
5;0;35;HP;177.584
5;0;35;EB;0.0
5;0;35;from_grid;540.339
5;0;35;from_main_grid;48.249
5;0;35;from_network;492.089
5;0;36;HP;176.525
5;0;36;EB;0.0
5;0;36;from_grid;533.353
5;0;36;from_main_grid;257.097
5;0;36;from_network;276.256
5;0;37;HP;154.415
5;0;37;EB;0.0
5;0;37;from_grid;506.046
5;0;37;from_main_grid;0.0
5;0;37;from_network;506.046
5;0;38;HP;255.846
5;0;38;EB;0.0
5;0;38;from_grid;629.885
5;0;38;from_main_grid;0.0
5;0;38;from_network;629.885
5;0;39;HP;219.886
5;0;39;EB;0.0
5;0;39;from_grid;559.612
5;0;39;from_main_grid;0.0
5;0;39;from_network;559.612
5;0;40;HP;217.817
5;0;40;EB;0.0
5;0;40;from_grid;558.165
5;0;40;from_main_grid;330.284
5;0;40;from_network;227.881
5;0;41;HP;322.822
5;0;41;EB;0.0
5;0;41;from_grid;705.334
5;0;41;from_main_grid;705.334
5;0;41;from_network;0.0
5;0;42;HP;322.822
5;0;42;EB;0.0
5;0;42;from_grid;754.597
5;0;42;from_main_grid;754.597
5;0;42;from_network;0.0
5;0;43;HP;328.196
5;0;43;EB;0.0
5;0;43;from_grid;787.155
5;0;43;from_main_grid;787.155
5;0;43;from_network;0.0
5;0;44;HP;332.676
5;0;44;EB;0.0
5;0;44;from_grid;671.929
5;0;44;from_main_grid;671.929
5;0;44;from_network;0.0
5;0;45;HP;0.0
5;0;45;EB;0.0
5;0;45;from_grid;217.236
5;0;45;from_main_grid;217.236
5;0;45;from_network;0.0
5;0;46;HP;0.0
5;0;46;EB;0.0
5;0;46;from_grid;199.022
5;0;46;from_main_grid;199.022
5;0;46;from_network;0.0
5;0;47;HP;0.0
5;0;47;EB;0.0
5;0;47;from_grid;180.544
5;0;47;from_main_grid;180.544
5;0;47;from_network;0.0
5;0;48;HP;0.0
5;0;48;EB;0.0
5;0;48;from_grid;146.92
5;0;48;from_main_grid;146.92
5;0;48;from_network;0.0
5;0;49;HP;0.0
5;0;49;EB;0.0
5;0;49;from_grid;149.82
5;0;49;from_main_grid;149.82
5;0;49;from_network;0.0
5;0;50;HP;0.0
5;0;50;EB;0.0
5;0;50;from_grid;150.462
5;0;50;from_main_grid;150.462
5;0;50;from_network;0.0
5;0;51;HP;0.0
5;0;51;EB;0.0
5;0;51;from_grid;144.922
5;0;51;from_main_grid;144.922
5;0;51;from_network;0.0
5;0;52;HP;0.0
5;0;52;EB;0.0
5;0;52;from_grid;147.904
5;0;52;from_main_grid;147.904
5;0;52;from_network;0.0
5;0;53;HP;0.0
5;0;53;EB;0.0
5;0;53;from_grid;148.174
5;0;53;from_main_grid;148.174
5;0;53;from_network;0.0
5;0;54;HP;92.908
5;0;54;EB;0.0
5;0;54;from_grid;251.328
5;0;54;from_main_grid;251.328
5;0;54;from_network;0.0
5;0;55;HP;116.563
5;0;55;EB;0.0
5;0;55;from_grid;525.64
5;0;55;from_main_grid;525.64
5;0;55;from_network;0.0
5;0;56;HP;113.743
5;0;56;EB;0.0
5;0;56;from_grid;523.847
5;0;56;from_main_grid;523.847
5;0;56;from_network;0.0
5;0;57;HP;104.518
5;0;57;EB;0.0
5;0;57;from_grid;425.932
5;0;57;from_main_grid;425.932
5;0;57;from_network;0.0
5;0;58;HP;95.608
5;0;58;EB;0.0
5;0;58;from_grid;402.738
5;0;58;from_main_grid;103.436
5;0;58;from_network;299.302
5;0;59;HP;86.985
5;0;59;EB;0.0
5;0;59;from_grid;399.329
5;0;59;from_main_grid;0.0
5;0;59;from_network;399.329
5;0;60;HP;240.059
5;0;60;EB;0.0
5;0;60;from_grid;556.209
5;0;60;from_main_grid;542.219
5;0;60;from_network;13.99
5;0;61;HP;0.0
5;0;61;EB;0.0
5;0;61;from_grid;345.73
5;0;61;from_main_grid;345.73
5;0;61;from_network;0.0
5;0;62;HP;0.0
5;0;62;EB;0.0
5;0;62;from_grid;367.695
5;0;62;from_main_grid;367.695
5;0;62;from_network;0.0
5;0;63;HP;83.976
5;0;63;EB;0.0
5;0;63;from_grid;388.87
5;0;63;from_main_grid;0.0
5;0;63;from_network;388.87
5;0;64;HP;65.211
5;0;64;EB;0.0
5;0;64;from_grid;377.6
5;0;64;from_main_grid;0.0
5;0;64;from_network;377.6
5;0;65;HP;54.982
5;0;65;EB;0.0
5;0;65;from_grid;427.33
5;0;65;from_main_grid;427.33
5;0;65;from_network;0.0
5;0;66;HP;63.973
5;0;66;EB;0.0
5;0;66;from_grid;507.897
5;0;66;from_main_grid;507.897
5;0;66;from_network;0.0
5;0;67;HP;308.547
5;0;67;EB;0.0
5;0;67;from_grid;761.679
5;0;67;from_main_grid;761.679
5;0;67;from_network;0.0
5;0;68;HP;296.897
5;0;68;EB;0.0
5;0;68;from_grid;651.569
5;0;68;from_main_grid;651.569
5;0;68;from_network;0.0
5;0;69;HP;296.897
5;0;69;EB;0.0
5;0;69;from_grid;517.697
5;0;69;from_main_grid;517.697
5;0;69;from_network;0.0
5;0;70;HP;301.361
5;0;70;EB;0.0
5;0;70;from_grid;501.591
5;0;70;from_main_grid;501.591
5;0;70;from_network;0.0
5;0;71;HP;316.557
5;0;71;EB;0.0
5;0;71;from_grid;505.708
5;0;71;from_main_grid;505.708
5;0;71;from_network;0.0
5;0;72;HP;0.0
5;0;72;EB;0.0
5;0;72;from_grid;140.001
5;0;72;from_main_grid;140.001
5;0;72;from_network;0.0
5;0;73;HP;0.0
5;0;73;EB;0.0
5;0;73;from_grid;139.906
5;0;73;from_main_grid;139.906
5;0;73;from_network;0.0
5;0;74;HP;0.0
5;0;74;EB;0.0
5;0;74;from_grid;138.774
5;0;74;from_main_grid;138.774
5;0;74;from_network;0.0
5;0;75;HP;0.0
5;0;75;EB;0.0
5;0;75;from_grid;139.524
5;0;75;from_main_grid;139.524
5;0;75;from_network;0.0
5;0;76;HP;0.0
5;0;76;EB;0.0
5;0;76;from_grid;143.338
5;0;76;from_main_grid;143.338
5;0;76;from_network;0.0
5;0;77;HP;0.0
5;0;77;EB;0.0
5;0;77;from_grid;143.901
5;0;77;from_main_grid;143.901
5;0;77;from_network;0.0
5;0;78;HP;0.0
5;0;78;EB;0.0
5;0;78;from_grid;143.165
5;0;78;from_main_grid;143.165
5;0;78;from_network;0.0
5;0;79;HP;0.0
5;0;79;EB;0.0
5;0;79;from_grid;153.595
5;0;79;from_main_grid;153.595
5;0;79;from_network;0.0
5;0;80;HP;0.0
5;0;80;EB;0.0
5;0;80;from_grid;172.307
5;0;80;from_main_grid;172.307
5;0;80;from_network;0.0
5;0;81;HP;0.0
5;0;81;EB;0.0
5;0;81;from_grid;172.317
5;0;81;from_main_grid;172.317
5;0;81;from_network;0.0
5;0;82;HP;160.939
5;0;82;EB;0.0
5;0;82;from_grid;330.154
5;0;82;from_main_grid;330.154
5;0;82;from_network;0.0
5;0;83;HP;150.459
5;0;83;EB;0.0
5;0;83;from_grid;295.397
5;0;83;from_main_grid;295.397
5;0;83;from_network;0.0
5;0;84;HP;154.515
5;0;84;EB;0.0
5;0;84;from_grid;293.632
5;0;84;from_main_grid;172.398
5;0;84;from_network;121.234
5;0;85;HP;360.517
5;0;85;EB;0.0
5;0;85;from_grid;497.902
5;0;85;from_main_grid;413.185
5;0;85;from_network;84.717
5;0;86;HP;361.417
5;0;86;EB;0.0
5;0;86;from_grid;509.828
5;0;86;from_main_grid;509.828
5;0;86;from_network;0.0
5;0;87;HP;353.323
5;0;87;EB;0.0
5;0;87;from_grid;481.353
5;0;87;from_main_grid;413.615
5;0;87;from_network;67.738
5;0;88;HP;353.323
5;0;88;EB;0.0
5;0;88;from_grid;499.756
5;0;88;from_main_grid;499.756
5;0;88;from_network;0.0
5;0;89;HP;357.818
5;0;89;EB;0.0
5;0;89;from_grid;510.94
5;0;89;from_main_grid;510.94
5;0;89;from_network;0.0
5;0;90;HP;364.117
5;0;90;EB;0.0
5;0;90;from_grid;559.52
5;0;90;from_main_grid;559.52
5;0;90;from_network;0.0
5;0;91;HP;365.918
5;0;91;EB;0.0
5;0;91;from_grid;585.039
5;0;91;from_main_grid;585.039
5;0;91;from_network;0.0
5;0;92;HP;367.719
5;0;92;EB;0.0
5;0;92;from_grid;574.983
5;0;92;from_main_grid;574.983
5;0;92;from_network;0.0
5;0;93;HP;372.224
5;0;93;EB;0.0
5;0;93;from_grid;578.805
5;0;93;from_main_grid;578.805
5;0;93;from_network;0.0
5;0;94;HP;373.125
5;0;94;EB;0.0
5;0;94;from_grid;560.396
5;0;94;from_main_grid;560.396
5;0;94;from_network;0.0
5;0;95;HP;373.125
5;0;95;EB;0.0
5;0;95;from_grid;544.698
5;0;95;from_main_grid;544.698
5;0;95;from_network;0.0
5;0;96;HP;375.83
5;0;96;EB;0.0
5;0;96;from_grid;514.019
5;0;96;from_main_grid;514.019
5;0;96;from_network;0.0
5;0;97;HP;379.438
5;0;97;EB;0.0
5;0;97;from_grid;522.01
5;0;97;from_main_grid;522.01
5;0;97;from_network;0.0
5;0;98;HP;381.243
5;0;98;EB;0.0
5;0;98;from_grid;520.109
5;0;98;from_main_grid;520.109
5;0;98;from_network;0.0
5;0;99;HP;383.951
5;0;99;EB;0.0
5;0;99;from_grid;522.53
5;0;99;from_main_grid;522.53
5;0;99;from_network;0.0
5;0;100;HP;383.951
5;0;100;EB;0.0
5;0;100;from_grid;525.389
5;0;100;from_main_grid;525.389
5;0;100;from_network;0.0
5;0;101;HP;383.951
5;0;101;EB;0.0
5;0;101;from_grid;524.014
5;0;101;from_main_grid;524.014
5;0;101;from_network;0.0
5;0;102;HP;382.145
5;0;102;EB;0.0
5;0;102;from_grid;523.658
5;0;102;from_main_grid;523.658
5;0;102;from_network;0.0
5;0;103;HP;383.048
5;0;103;EB;0.0
5;0;103;from_grid;809.808
5;0;103;from_main_grid;809.808
5;0;103;from_network;0.0
5;0;104;HP;380.34
5;0;104;EB;0.0
5;0;104;from_grid;810.161
5;0;104;from_main_grid;810.161
5;0;104;from_network;0.0
5;0;105;HP;376.732
5;0;105;EB;0.0
5;0;105;from_grid;716.338
5;0;105;from_main_grid;716.338
5;0;105;from_network;0.0
5;0;106;HP;373.125
5;0;106;EB;0.0
5;0;106;from_grid;723.812
5;0;106;from_main_grid;709.973
5;0;106;from_network;13.84
5;0;107;HP;369.521
5;0;107;EB;0.0
5;0;107;from_grid;723.856
5;0;107;from_main_grid;723.856
5;0;107;from_network;0.0
5;0;108;HP;365.918
5;0;108;EB;0.0
5;0;108;from_grid;713.215
5;0;108;from_main_grid;713.215
5;0;108;from_network;0.0
5;0;109;HP;361.417
5;0;109;EB;0.0
5;0;109;from_grid;721.038
5;0;109;from_main_grid;721.038
5;0;109;from_network;0.0
5;0;110;HP;355.121
5;0;110;EB;0.0
5;0;110;from_grid;705.103
5;0;110;from_main_grid;335.757
5;0;110;from_network;369.345
5;0;111;HP;351.525
5;0;111;EB;0.0
5;0;111;from_grid;681.732
5;0;111;from_main_grid;370.865
5;0;111;from_network;310.867
5;0;112;HP;352.424
5;0;112;EB;0.0
5;0;112;from_grid;769.178
5;0;112;from_main_grid;769.178
5;0;112;from_network;0.0
5;0;113;HP;363.217
5;0;113;EB;0.0
5;0;113;from_grid;800.184
5;0;113;from_main_grid;800.184
5;0;113;from_network;0.0
5;0;114;HP;366.819
5;0;114;EB;0.0
5;0;114;from_grid;779.803
5;0;114;from_main_grid;779.803
5;0;114;from_network;0.0
5;0;115;HP;375.83
5;0;115;EB;0.0
5;0;115;from_grid;791.178
5;0;115;from_main_grid;791.178
5;0;115;from_network;0.0
5;0;116;HP;383.048
5;0;116;EB;0.0
5;0;116;from_grid;708.638
5;0;116;from_main_grid;708.638
5;0;116;from_network;0.0
5;0;117;HP;381.243
5;0;117;EB;0.0
5;0;117;from_grid;583.36
5;0;117;from_main_grid;583.36
5;0;117;from_network;0.0
5;0;118;HP;383.048
5;0;118;EB;0.0
5;0;118;from_grid;571.699
5;0;118;from_main_grid;571.699
5;0;118;from_network;0.0
5;0;119;HP;384.853
5;0;119;EB;0.0
5;0;119;from_grid;574.344
5;0;119;from_main_grid;574.344
5;0;119;from_network;0.0
5;0;120;HP;386.66
5;0;120;EB;0.0
5;0;120;from_grid;524.332
5;0;120;from_main_grid;524.332
5;0;120;from_network;0.0
5;0;121;HP;385.756
5;0;121;EB;0.0
5;0;121;from_grid;526.563
5;0;121;from_main_grid;526.563
5;0;121;from_network;0.0
5;0;122;HP;384.853
5;0;122;EB;0.0
5;0;122;from_grid;524.007
5;0;122;from_main_grid;524.007
5;0;122;from_network;0.0
5;0;123;HP;388.466
5;0;123;EB;0.0
5;0;123;from_grid;528.784
5;0;123;from_main_grid;528.784
5;0;123;from_network;0.0
5;0;124;HP;388.466
5;0;124;EB;0.0
5;0;124;from_grid;529.242
5;0;124;from_main_grid;529.242
5;0;124;from_network;0.0
5;0;125;HP;388.466
5;0;125;EB;0.0
5;0;125;from_grid;525.955
5;0;125;from_main_grid;525.955
5;0;125;from_network;0.0
5;0;126;HP;386.66
5;0;126;EB;0.0
5;0;126;from_grid;529.877
5;0;126;from_main_grid;529.877
5;0;126;from_network;0.0
5;0;127;HP;384.71
5;0;127;EB;0.0
5;0;127;from_grid;815.556
5;0;127;from_main_grid;815.556
5;0;127;from_network;0.0
5;0;128;HP;353.584
5;0;128;EB;0.0
5;0;128;from_grid;798.454
5;0;128;from_main_grid;798.454
5;0;128;from_network;0.0
5;0;129;HP;352.253
5;0;129;EB;0.0
5;0;129;from_grid;670.038
5;0;129;from_main_grid;463.983
5;0;129;from_network;206.056
5;0;130;HP;319.21
5;0;130;EB;0.0
5;0;130;from_grid;665.273
5;0;130;from_main_grid;463.95
5;0;130;from_network;201.323
5;0;131;HP;307.936
5;0;131;EB;0.0
5;0;131;from_grid;645.542
5;0;131;from_main_grid;645.542
5;0;131;from_network;0.0
5;0;132;HP;307.848
5;0;132;EB;0.0
5;0;132;from_grid;674.712
5;0;132;from_main_grid;674.712
5;0;132;from_network;0.0
5;0;133;HP;276.413
5;0;133;EB;0.0
5;0;133;from_grid;598.202
5;0;133;from_main_grid;591.101
5;0;133;from_network;7.101
5;0;134;HP;260.414
5;0;134;EB;0.0
5;0;134;from_grid;607.913
5;0;134;from_main_grid;607.913
5;0;134;from_network;0.0
5;0;135;HP;360.517
5;0;135;EB;0.0
5;0;135;from_grid;686.409
5;0;135;from_main_grid;502.266
5;0;135;from_network;184.143
5;0;136;HP;362.317
5;0;136;EB;0.0
5;0;136;from_grid;673.04
5;0;136;from_main_grid;673.04
5;0;136;from_network;0.0
5;0;137;HP;364.117
5;0;137;EB;0.0
5;0;137;from_grid;672.954
5;0;137;from_main_grid;643.065
5;0;137;from_network;29.889
5;0;138;HP;372.224
5;0;138;EB;0.0
5;0;138;from_grid;767.933
5;0;138;from_main_grid;767.933
5;0;138;from_network;0.0
5;0;139;HP;376.732
5;0;139;EB;0.0
5;0;139;from_grid;794.205
5;0;139;from_main_grid;794.205
5;0;139;from_network;0.0
5;0;140;HP;381.243
5;0;140;EB;0.0
5;0;140;from_grid;711.237
5;0;140;from_main_grid;711.237
5;0;140;from_network;0.0
5;0;141;HP;386.66
5;0;141;EB;0.0
5;0;141;from_grid;592.396
5;0;141;from_main_grid;592.396
5;0;141;from_network;0.0
5;0;142;HP;93.689
5;0;142;EB;0.0
5;0;142;from_grid;298.427
5;0;142;from_main_grid;298.427
5;0;142;from_network;0.0
5;0;143;HP;394.793
5;0;143;EB;0.0
5;0;143;from_grid;577.519
5;0;143;from_main_grid;577.519
5;0;143;from_network;0.0
5;0;144;HP;394.793
5;0;144;EB;0.0
5;0;144;from_grid;534.376
5;0;144;from_main_grid;534.376
5;0;144;from_network;0.0
5;0;145;HP;402.032
5;0;145;EB;0.0
5;0;145;from_grid;541.057
5;0;145;from_main_grid;541.057
5;0;145;from_network;0.0
5;0;146;HP;401.126
5;0;146;EB;0.0
5;0;146;from_grid;540.337
5;0;146;from_main_grid;540.337
5;0;146;from_network;0.0
5;0;147;HP;408.372
5;0;147;EB;0.0
5;0;147;from_grid;548.969
5;0;147;from_main_grid;548.969
5;0;147;from_network;0.0
5;0;148;HP;411.091
5;0;148;EB;0.0
5;0;148;from_grid;552.822
5;0;148;from_main_grid;552.822
5;0;148;from_network;0.0
5;0;149;HP;413.811
5;0;149;EB;0.0
5;0;149;from_grid;559.97
5;0;149;from_main_grid;559.97
5;0;149;from_network;0.0
5;0;150;HP;421.072
5;0;150;EB;0.0
5;0;150;from_grid;565.923
5;0;150;from_main_grid;565.923
5;0;150;from_network;0.0
5;0;151;HP;420.164
5;0;151;EB;0.0
5;0;151;from_grid;849.513
5;0;151;from_main_grid;849.513
5;0;151;from_network;0.0
5;0;152;HP;419.256
5;0;152;EB;0.0
5;0;152;from_grid;783.394
5;0;152;from_main_grid;783.394
5;0;152;from_network;0.0
5;0;153;HP;409.552
5;0;153;EB;0.0
5;0;153;from_grid;734.543
5;0;153;from_main_grid;220.194
5;0;153;from_network;514.349
5;0;154;HP;358.539
5;0;154;EB;0.0
5;0;154;from_grid;703.376
5;0;154;from_main_grid;19.569
5;0;154;from_network;683.807
5;0;155;HP;353.917
5;0;155;EB;0.0
5;0;155;from_grid;684.853
5;0;155;from_main_grid;247.644
5;0;155;from_network;437.209
5;0;156;HP;383.951
5;0;156;EB;0.0
5;0;156;from_grid;706.372
5;0;156;from_main_grid;51.017
5;0;156;from_network;655.355
5;0;157;HP;378.536
5;0;157;EB;0.0
5;0;157;from_grid;699.807
5;0;157;from_main_grid;488.969
5;0;157;from_network;210.837
5;0;158;HP;383.951
5;0;158;EB;0.0
5;0;158;from_grid;745.363
5;0;158;from_main_grid;745.363
5;0;158;from_network;0.0
5;0;159;HP;383.048
5;0;159;EB;0.0
5;0;159;from_grid;712.264
5;0;159;from_main_grid;712.264
5;0;159;from_network;0.0
5;0;160;HP;393.889
5;0;160;EB;0.0
5;0;160;from_grid;709.735
5;0;160;from_main_grid;506.691
5;0;160;from_network;203.044
5;0;161;HP;396.602
5;0;161;EB;0.0
5;0;161;from_grid;710.047
5;0;161;from_main_grid;704.088
5;0;161;from_network;5.959
5;0;162;HP;396.602
5;0;162;EB;0.0
5;0;162;from_grid;799.013
5;0;162;from_main_grid;799.013
5;0;162;from_network;0.0
5;0;163;HP;405.654
5;0;163;EB;0.0
5;0;163;from_grid;835.791
5;0;163;from_main_grid;835.791
5;0;163;from_network;0.0
5;0;164;HP;410.185
5;0;164;EB;0.0
5;0;164;from_grid;737.007
5;0;164;from_main_grid;737.007
5;0;164;from_network;0.0
5;0;165;HP;415.626
5;0;165;EB;0.0
5;0;165;from_grid;619.829
5;0;165;from_main_grid;619.829
5;0;165;from_network;0.0
5;0;166;HP;420.164
5;0;166;EB;0.0
5;0;166;from_grid;612.667
5;0;166;from_main_grid;612.667
5;0;166;from_network;0.0
5;0;167;HP;413.811
5;0;167;EB;0.0
5;0;167;from_grid;583.268
5;0;167;from_main_grid;583.268
5;0;167;from_network;0.0
5;1;0;HP;0.0
5;1;0;EB;0.0
5;1;0;from_grid;138.851
5;1;0;from_main_grid;138.851
5;1;0;from_network;0.0
5;1;1;HP;0.0
5;1;1;EB;0.0
5;1;1;from_grid;142.253
5;1;1;from_main_grid;142.253
5;1;1;from_network;0.0
5;1;2;HP;0.0
5;1;2;EB;0.0
5;1;2;from_grid;141.421
5;1;2;from_main_grid;141.421
5;1;2;from_network;0.0
5;1;3;HP;0.0
5;1;3;EB;0.0
5;1;3;from_grid;140.014
5;1;3;from_main_grid;140.014
5;1;3;from_network;0.0
5;1;4;HP;0.0
5;1;4;EB;0.0
5;1;4;from_grid;141.186
5;1;4;from_main_grid;141.186
5;1;4;from_network;0.0
5;1;5;HP;0.0
5;1;5;EB;0.0
5;1;5;from_grid;143.169
5;1;5;from_main_grid;143.169
5;1;5;from_network;0.0
5;1;6;HP;0.0
5;1;6;EB;0.0
5;1;6;from_grid;146.213
5;1;6;from_main_grid;146.213
5;1;6;from_network;0.0
5;1;7;HP;0.0
5;1;7;EB;0.0
5;1;7;from_grid;283.492
5;1;7;from_main_grid;188.905
5;1;7;from_network;94.588
5;1;8;HP;0.0
5;1;8;EB;0.0
5;1;8;from_grid;312.173
5;1;8;from_main_grid;0.0
5;1;8;from_network;312.173
5;1;9;HP;0.0
5;1;9;EB;0.0
5;1;9;from_grid;335.542
5;1;9;from_main_grid;0.0
5;1;9;from_network;335.542
5;1;10;HP;0.0
5;1;10;EB;0.0
5;1;10;from_grid;350.707
5;1;10;from_main_grid;0.0
5;1;10;from_network;350.707
5;1;11;HP;0.0
5;1;11;EB;0.0
5;1;11;from_grid;332.356
5;1;11;from_main_grid;0.0
5;1;11;from_network;332.356
5;1;12;HP;0.0
5;1;12;EB;0.0
5;1;12;from_grid;318.428
5;1;12;from_main_grid;0.0
5;1;12;from_network;318.428
5;1;13;HP;0.0
5;1;13;EB;0.0
5;1;13;from_grid;328.607
5;1;13;from_main_grid;0.0
5;1;13;from_network;328.607
5;1;14;HP;0.0
5;1;14;EB;0.0
5;1;14;from_grid;341.387
5;1;14;from_main_grid;0.0
5;1;14;from_network;341.387
5;1;15;HP;0.0
5;1;15;EB;0.0
5;1;15;from_grid;320.73
5;1;15;from_main_grid;0.0
5;1;15;from_network;320.73
5;1;16;HP;57.332
5;1;16;EB;0.0
5;1;16;from_grid;361.506
5;1;16;from_main_grid;0.0
5;1;16;from_network;361.506
5;1;17;HP;0.0
5;1;17;EB;0.0
5;1;17;from_grid;284.452
5;1;17;from_main_grid;35.055
5;1;17;from_network;249.397
5;1;18;HP;0.0
5;1;18;EB;0.0
5;1;18;from_grid;298.226
5;1;18;from_main_grid;263.63
5;1;18;from_network;34.596
5;1;19;HP;0.0
5;1;19;EB;0.0
5;1;19;from_grid;418.085
5;1;19;from_main_grid;418.085
5;1;19;from_network;0.0
5;1;20;HP;0.0
5;1;20;EB;0.0
5;1;20;from_grid;329.895
5;1;20;from_main_grid;329.895
5;1;20;from_network;0.0
5;1;21;HP;0.0
5;1;21;EB;0.0
5;1;21;from_grid;199.016
5;1;21;from_main_grid;199.016
5;1;21;from_network;0.0
5;1;22;HP;0.0
5;1;22;EB;0.0
5;1;22;from_grid;191.234
5;1;22;from_main_grid;191.234
5;1;22;from_network;0.0
5;1;23;HP;0.0
5;1;23;EB;0.0
5;1;23;from_grid;173.048
5;1;23;from_main_grid;173.048
5;1;23;from_network;0.0
5;1;24;HP;0.0
5;1;24;EB;0.0
5;1;24;from_grid;137.731
5;1;24;from_main_grid;137.731
5;1;24;from_network;0.0
5;1;25;HP;0.0
5;1;25;EB;0.0
5;1;25;from_grid;139.712
5;1;25;from_main_grid;139.712
5;1;25;from_network;0.0
5;1;26;HP;0.0
5;1;26;EB;0.0
5;1;26;from_grid;141.565
5;1;26;from_main_grid;141.565
5;1;26;from_network;0.0
5;1;27;HP;0.0
5;1;27;EB;0.0
5;1;27;from_grid;140.195
5;1;27;from_main_grid;140.195
5;1;27;from_network;0.0
5;1;28;HP;0.0
5;1;28;EB;0.0
5;1;28;from_grid;141.526
5;1;28;from_main_grid;141.526
5;1;28;from_network;0.0
5;1;29;HP;0.0
5;1;29;EB;0.0
5;1;29;from_grid;142.101
5;1;29;from_main_grid;142.101
5;1;29;from_network;0.0
5;1;30;HP;0.0
5;1;30;EB;0.0
5;1;30;from_grid;145.344
5;1;30;from_main_grid;145.344
5;1;30;from_network;0.0
5;1;31;HP;0.0
5;1;31;EB;0.0
5;1;31;from_grid;281.681
5;1;31;from_main_grid;212.513
5;1;31;from_network;69.169
5;1;32;HP;9.401
5;1;32;EB;0.0
5;1;32;from_grid;331.223
5;1;32;from_main_grid;0.0
5;1;32;from_network;331.223
5;1;33;HP;10.786
5;1;33;EB;0.0
5;1;33;from_grid;334.994
5;1;33;from_main_grid;0.0
5;1;33;from_network;334.994
5;1;34;HP;12.955
5;1;34;EB;0.0
5;1;34;from_grid;356.259
5;1;34;from_main_grid;0.0
5;1;34;from_network;356.259
5;1;35;HP;11.444
5;1;35;EB;0.0
5;1;35;from_grid;354.853
5;1;35;from_main_grid;0.0
5;1;35;from_network;354.853
5;1;36;HP;11.09
5;1;36;EB;0.0
5;1;36;from_grid;326.46
5;1;36;from_main_grid;0.0
5;1;36;from_network;326.46
5;1;37;HP;8.76
5;1;37;EB;0.0
5;1;37;from_grid;329.283
5;1;37;from_main_grid;0.0
5;1;37;from_network;329.283
5;1;38;HP;9.83
5;1;38;EB;0.0
5;1;38;from_grid;363.101
5;1;38;from_main_grid;0.0
5;1;38;from_network;363.101
5;1;39;HP;75.752
5;1;39;EB;0.0
5;1;39;from_grid;396.182
5;1;39;from_main_grid;0.0
5;1;39;from_network;396.182
5;1;40;HP;0.0
5;1;40;EB;0.0
5;1;40;from_grid;311.971
5;1;40;from_main_grid;0.0
5;1;40;from_network;311.971
5;1;41;HP;76.512
5;1;41;EB;0.0
5;1;41;from_grid;366.647
5;1;41;from_main_grid;0.0
5;1;41;from_network;366.647
5;1;42;HP;0.0
5;1;42;EB;0.0
5;1;42;from_grid;279.245
5;1;42;from_main_grid;144.395
5;1;42;from_network;134.85
5;1;43;HP;0.0
5;1;43;EB;0.0
5;1;43;from_grid;417.79
5;1;43;from_main_grid;417.79
5;1;43;from_network;0.0
5;1;44;HP;0.0
5;1;44;EB;0.0
5;1;44;from_grid;320.656
5;1;44;from_main_grid;320.656
5;1;44;from_network;0.0
5;1;45;HP;0.0
5;1;45;EB;0.0
5;1;45;from_grid;206.804
5;1;45;from_main_grid;206.804
5;1;45;from_network;0.0
5;1;46;HP;0.0
5;1;46;EB;0.0
5;1;46;from_grid;192.975
5;1;46;from_main_grid;192.975
5;1;46;from_network;0.0
5;1;47;HP;0.0
5;1;47;EB;0.0
5;1;47;from_grid;178.724
5;1;47;from_main_grid;178.724
5;1;47;from_network;0.0
5;1;48;HP;0.0
5;1;48;EB;0.0
5;1;48;from_grid;139.863
5;1;48;from_main_grid;139.863
5;1;48;from_network;0.0
5;1;49;HP;0.0
5;1;49;EB;0.0
5;1;49;from_grid;142.22
5;1;49;from_main_grid;142.22
5;1;49;from_network;0.0
5;1;50;HP;0.0
5;1;50;EB;0.0
5;1;50;from_grid;141.446
5;1;50;from_main_grid;141.446
5;1;50;from_network;0.0
5;1;51;HP;0.0
5;1;51;EB;0.0
5;1;51;from_grid;140.181
5;1;51;from_main_grid;140.181
5;1;51;from_network;0.0
5;1;52;HP;0.0
5;1;52;EB;0.0
5;1;52;from_grid;141.122
5;1;52;from_main_grid;141.122
5;1;52;from_network;0.0
5;1;53;HP;0.0
5;1;53;EB;0.0
5;1;53;from_grid;141.979
5;1;53;from_main_grid;141.979
5;1;53;from_network;0.0
5;1;54;HP;0.0
5;1;54;EB;0.0
5;1;54;from_grid;145.838
5;1;54;from_main_grid;145.838
5;1;54;from_network;0.0
5;1;55;HP;0.0
5;1;55;EB;0.0
5;1;55;from_grid;324.955
5;1;55;from_main_grid;312.511
5;1;55;from_network;12.444
5;1;56;HP;0.0
5;1;56;EB;0.0
5;1;56;from_grid;285.62
5;1;56;from_main_grid;0.0
5;1;56;from_network;285.62
5;1;57;HP;0.0
5;1;57;EB;0.0
5;1;57;from_grid;277.081
5;1;57;from_main_grid;0.0
5;1;57;from_network;277.081
5;1;58;HP;8.678
5;1;58;EB;0.0
5;1;58;from_grid;305.215
5;1;58;from_main_grid;0.0
5;1;58;from_network;305.215
5;1;59;HP;9.024
5;1;59;EB;0.0
5;1;59;from_grid;289.454
5;1;59;from_main_grid;0.0
5;1;59;from_network;289.454
5;1;60;HP;8.226
5;1;60;EB;0.0
5;1;60;from_grid;295.1
5;1;60;from_main_grid;0.0
5;1;60;from_network;295.1
5;1;61;HP;8.405
5;1;61;EB;0.0
5;1;61;from_grid;302.578
5;1;61;from_main_grid;0.0
5;1;61;from_network;302.578
5;1;62;HP;17.522
5;1;62;EB;0.0
5;1;62;from_grid;309.115
5;1;62;from_main_grid;0.0
5;1;62;from_network;309.115
5;1;63;HP;0.0
5;1;63;EB;0.0
5;1;63;from_grid;276.461
5;1;63;from_main_grid;20.365
5;1;63;from_network;256.096
5;1;64;HP;131.334
5;1;64;EB;0.0
5;1;64;from_grid;407.134
5;1;64;from_main_grid;0.0
5;1;64;from_network;407.134
5;1;65;HP;3.739
5;1;65;EB;0.0
5;1;65;from_grid;279.102
5;1;65;from_main_grid;0.0
5;1;65;from_network;279.102
5;1;66;HP;0.0
5;1;66;EB;0.0
5;1;66;from_grid;276.931
5;1;66;from_main_grid;212.187
5;1;66;from_network;64.744
5;1;67;HP;0.0
5;1;67;EB;0.0
5;1;67;from_grid;417.182
5;1;67;from_main_grid;417.182
5;1;67;from_network;0.0
5;1;68;HP;0.0
5;1;68;EB;0.0
5;1;68;from_grid;320.126
5;1;68;from_main_grid;320.126
5;1;68;from_network;0.0
5;1;69;HP;0.0
5;1;69;EB;0.0
5;1;69;from_grid;201.058
5;1;69;from_main_grid;201.058
5;1;69;from_network;0.0
5;1;70;HP;0.0
5;1;70;EB;0.0
5;1;70;from_grid;199.677
5;1;70;from_main_grid;199.677
5;1;70;from_network;0.0
5;1;71;HP;0.0
5;1;71;EB;0.0
5;1;71;from_grid;176.136
5;1;71;from_main_grid;176.136
5;1;71;from_network;0.0
5;1;72;HP;0.0
5;1;72;EB;0.0
5;1;72;from_grid;141.081
5;1;72;from_main_grid;141.081
5;1;72;from_network;0.0
5;1;73;HP;0.0
5;1;73;EB;0.0
5;1;73;from_grid;139.87
5;1;73;from_main_grid;139.87
5;1;73;from_network;0.0
5;1;74;HP;0.0
5;1;74;EB;0.0
5;1;74;from_grid;141.628
5;1;74;from_main_grid;141.628
5;1;74;from_network;0.0
5;1;75;HP;0.0
5;1;75;EB;0.0
5;1;75;from_grid;140.025
5;1;75;from_main_grid;140.025
5;1;75;from_network;0.0
5;1;76;HP;0.0
5;1;76;EB;0.0
5;1;76;from_grid;140.688
5;1;76;from_main_grid;140.688
5;1;76;from_network;0.0
5;1;77;HP;0.0
5;1;77;EB;0.0
5;1;77;from_grid;142.174
5;1;77;from_main_grid;142.174
5;1;77;from_network;0.0
5;1;78;HP;0.0
5;1;78;EB;0.0
5;1;78;from_grid;142.286
5;1;78;from_main_grid;142.286
5;1;78;from_network;0.0
5;1;79;HP;0.0
5;1;79;EB;0.0
5;1;79;from_grid;129.28
5;1;79;from_main_grid;53.899
5;1;79;from_network;75.381
5;1;80;HP;0.0
5;1;80;EB;0.0
5;1;80;from_grid;131.81
5;1;80;from_main_grid;0.0
5;1;80;from_network;131.81
5;1;81;HP;9.786
5;1;81;EB;0.0
5;1;81;from_grid;146.415
5;1;81;from_main_grid;0.0
5;1;81;from_network;146.415
5;1;82;HP;7.789
5;1;82;EB;0.0
5;1;82;from_grid;155.546
5;1;82;from_main_grid;0.0
5;1;82;from_network;155.546
5;1;83;HP;9.852
5;1;83;EB;0.0
5;1;83;from_grid;152.627
5;1;83;from_main_grid;0.0
5;1;83;from_network;152.627
5;1;84;HP;9.292
5;1;84;EB;0.0
5;1;84;from_grid;149.453
5;1;84;from_main_grid;0.0
5;1;84;from_network;149.453
5;1;85;HP;8.07
5;1;85;EB;0.0
5;1;85;from_grid;155.148
5;1;85;from_main_grid;0.0
5;1;85;from_network;155.148
5;1;86;HP;7.897
5;1;86;EB;0.0
5;1;86;from_grid;151.348
5;1;86;from_main_grid;0.0
5;1;86;from_network;151.348
5;1;87;HP;157.934
5;1;87;EB;0.0
5;1;87;from_grid;296.113
5;1;87;from_main_grid;0.0
5;1;87;from_network;296.113
5;1;88;HP;0.0
5;1;88;EB;0.0
5;1;88;from_grid;138.332
5;1;88;from_main_grid;0.0
5;1;88;from_network;138.332
5;1;89;HP;0.0
5;1;89;EB;0.0
5;1;89;from_grid;143.027
5;1;89;from_main_grid;0.0
5;1;89;from_network;143.027
5;1;90;HP;0.0
5;1;90;EB;0.0
5;1;90;from_grid;136.259
5;1;90;from_main_grid;7.744
5;1;90;from_network;128.516
5;1;91;HP;0.0
5;1;91;EB;0.0
5;1;91;from_grid;216.486
5;1;91;from_main_grid;216.486
5;1;91;from_network;0.0
5;1;92;HP;0.0
5;1;92;EB;0.0
5;1;92;from_grid;217.115
5;1;92;from_main_grid;217.115
5;1;92;from_network;0.0
5;1;93;HP;0.0
5;1;93;EB;0.0
5;1;93;from_grid;203.757
5;1;93;from_main_grid;203.757
5;1;93;from_network;0.0
5;1;94;HP;0.0
5;1;94;EB;0.0
5;1;94;from_grid;197.32
5;1;94;from_main_grid;197.32
5;1;94;from_network;0.0
5;1;95;HP;0.0
5;1;95;EB;0.0
5;1;95;from_grid;170.575
5;1;95;from_main_grid;170.575
5;1;95;from_network;0.0
5;1;96;HP;0.0
5;1;96;EB;0.0
5;1;96;from_grid;139.207
5;1;96;from_main_grid;139.207
5;1;96;from_network;0.0
5;1;97;HP;0.0
5;1;97;EB;0.0
5;1;97;from_grid;143.966
5;1;97;from_main_grid;143.966
5;1;97;from_network;0.0
5;1;98;HP;0.0
5;1;98;EB;0.0
5;1;98;from_grid;141.496
5;1;98;from_main_grid;141.496
5;1;98;from_network;0.0
5;1;99;HP;0.0
5;1;99;EB;0.0
5;1;99;from_grid;140.971
5;1;99;from_main_grid;140.971
5;1;99;from_network;0.0
5;1;100;HP;0.0
5;1;100;EB;0.0
5;1;100;from_grid;140.98
5;1;100;from_main_grid;140.98
5;1;100;from_network;0.0
5;1;101;HP;0.0
5;1;101;EB;0.0
5;1;101;from_grid;145.436
5;1;101;from_main_grid;145.436
5;1;101;from_network;0.0
5;1;102;HP;0.0
5;1;102;EB;0.0
5;1;102;from_grid;144.895
5;1;102;from_main_grid;144.895
5;1;102;from_network;0.0
5;1;103;HP;0.0
5;1;103;EB;0.0
5;1;103;from_grid;307.568
5;1;103;from_main_grid;235.245
5;1;103;from_network;72.322
5;1;104;HP;0.0
5;1;104;EB;0.0
5;1;104;from_grid;290.08
5;1;104;from_main_grid;34.231
5;1;104;from_network;255.849
5;1;105;HP;0.0
5;1;105;EB;0.0
5;1;105;from_grid;339.127
5;1;105;from_main_grid;53.446
5;1;105;from_network;285.681
5;1;106;HP;15.752
5;1;106;EB;0.0
5;1;106;from_grid;369.474
5;1;106;from_main_grid;0.0
5;1;106;from_network;369.474
5;1;107;HP;12.209
5;1;107;EB;0.0
5;1;107;from_grid;366.803
5;1;107;from_main_grid;0.0
5;1;107;from_network;366.803
5;1;108;HP;12.104
5;1;108;EB;0.0
5;1;108;from_grid;349.691
5;1;108;from_main_grid;0.0
5;1;108;from_network;349.691
5;1;109;HP;10.895
5;1;109;EB;0.0
5;1;109;from_grid;343.051
5;1;109;from_main_grid;0.0
5;1;109;from_network;343.051
5;1;110;HP;51.768
5;1;110;EB;0.0
5;1;110;from_grid;408.613
5;1;110;from_main_grid;0.0
5;1;110;from_network;408.613
5;1;111;HP;108.829
5;1;111;EB;0.0
5;1;111;from_grid;432.35
5;1;111;from_main_grid;0.0
5;1;111;from_network;432.35
5;1;112;HP;0.0
5;1;112;EB;0.0
5;1;112;from_grid;316.553
5;1;112;from_main_grid;0.0
5;1;112;from_network;316.553
5;1;113;HP;0.0
5;1;113;EB;0.0
5;1;113;from_grid;288.506
5;1;113;from_main_grid;16.576
5;1;113;from_network;271.93
5;1;114;HP;0.0
5;1;114;EB;0.0
5;1;114;from_grid;285.572
5;1;114;from_main_grid;181.751
5;1;114;from_network;103.821
5;1;115;HP;0.0
5;1;115;EB;0.0
5;1;115;from_grid;435.165
5;1;115;from_main_grid;435.165
5;1;115;from_network;0.0
5;1;116;HP;0.0
5;1;116;EB;0.0
5;1;116;from_grid;315.783
5;1;116;from_main_grid;315.783
5;1;116;from_network;0.0
5;1;117;HP;0.0
5;1;117;EB;0.0
5;1;117;from_grid;215.286
5;1;117;from_main_grid;215.286
5;1;117;from_network;0.0
5;1;118;HP;0.0
5;1;118;EB;0.0
5;1;118;from_grid;196.009
5;1;118;from_main_grid;196.009
5;1;118;from_network;0.0
5;1;119;HP;0.0
5;1;119;EB;0.0
5;1;119;from_grid;170.037
5;1;119;from_main_grid;170.037
5;1;119;from_network;0.0
5;1;120;HP;0.0
5;1;120;EB;0.0
5;1;120;from_grid;138.708
5;1;120;from_main_grid;138.708
5;1;120;from_network;0.0
5;1;121;HP;0.0
5;1;121;EB;0.0
5;1;121;from_grid;143.878
5;1;121;from_main_grid;143.878
5;1;121;from_network;0.0
5;1;122;HP;0.0
5;1;122;EB;0.0
5;1;122;from_grid;142.194
5;1;122;from_main_grid;142.194
5;1;122;from_network;0.0
5;1;123;HP;0.0
5;1;123;EB;0.0
5;1;123;from_grid;141.333
5;1;123;from_main_grid;141.333
5;1;123;from_network;0.0
5;1;124;HP;0.0
5;1;124;EB;0.0
5;1;124;from_grid;140.624
5;1;124;from_main_grid;140.624
5;1;124;from_network;0.0
5;1;125;HP;0.0
5;1;125;EB;0.0
5;1;125;from_grid;138.629
5;1;125;from_main_grid;138.629
5;1;125;from_network;0.0
5;1;126;HP;0.0
5;1;126;EB;0.0
5;1;126;from_grid;146.199
5;1;126;from_main_grid;146.199
5;1;126;from_network;0.0
5;1;127;HP;0.0
5;1;127;EB;0.0
5;1;127;from_grid;361.921
5;1;127;from_main_grid;357.343
5;1;127;from_network;4.578
5;1;128;HP;0.0
5;1;128;EB;0.0
5;1;128;from_grid;319.205
5;1;128;from_main_grid;0.0
5;1;128;from_network;319.205
5;1;129;HP;13.413
5;1;129;EB;0.0
5;1;129;from_grid;354.096
5;1;129;from_main_grid;0.0
5;1;129;from_network;354.096
5;1;130;HP;13.573
5;1;130;EB;0.0
5;1;130;from_grid;359.922
5;1;130;from_main_grid;0.0
5;1;130;from_network;359.922
5;1;131;HP;11.105
5;1;131;EB;0.0
5;1;131;from_grid;356.238
5;1;131;from_main_grid;0.0
5;1;131;from_network;356.238
5;1;132;HP;11.991
5;1;132;EB;0.0
5;1;132;from_grid;338.17
5;1;132;from_main_grid;0.0
5;1;132;from_network;338.17
5;1;133;HP;10.136
5;1;133;EB;0.0
5;1;133;from_grid;349.225
5;1;133;from_main_grid;0.0
5;1;133;from_network;349.225
5;1;134;HP;10.216
5;1;134;EB;0.0
5;1;134;from_grid;363.242
5;1;134;from_main_grid;0.0
5;1;134;from_network;363.242
5;1;135;HP;10.779
5;1;135;EB;0.0
5;1;135;from_grid;336.39
5;1;135;from_main_grid;0.0
5;1;135;from_network;336.39
5;1;136;HP;55.192
5;1;136;EB;0.0
5;1;136;from_grid;365.395
5;1;136;from_main_grid;0.0
5;1;136;from_network;365.395
5;1;137;HP;79.363
5;1;137;EB;0.0
5;1;137;from_grid;375.061
5;1;137;from_main_grid;0.0
5;1;137;from_network;375.061
5;1;138;HP;0.0
5;1;138;EB;0.0
5;1;138;from_grid;279.307
5;1;138;from_main_grid;177.524
5;1;138;from_network;101.783
5;1;139;HP;0.0
5;1;139;EB;0.0
5;1;139;from_grid;412.788
5;1;139;from_main_grid;412.788
5;1;139;from_network;0.0
5;1;140;HP;0.0
5;1;140;EB;0.0
5;1;140;from_grid;331.097
5;1;140;from_main_grid;331.097
5;1;140;from_network;0.0
5;1;141;HP;0.0
5;1;141;EB;0.0
5;1;141;from_grid;205.919
5;1;141;from_main_grid;205.919
5;1;141;from_network;0.0
5;1;142;HP;0.0
5;1;142;EB;0.0
5;1;142;from_grid;196.643
5;1;142;from_main_grid;196.643
5;1;142;from_network;0.0
5;1;143;HP;0.0
5;1;143;EB;0.0
5;1;143;from_grid;190.07
5;1;143;from_main_grid;190.07
5;1;143;from_network;0.0
5;1;144;HP;0.0
5;1;144;EB;0.0
5;1;144;from_grid;137.15
5;1;144;from_main_grid;137.15
5;1;144;from_network;0.0
5;1;145;HP;0.0
5;1;145;EB;0.0
5;1;145;from_grid;139.893
5;1;145;from_main_grid;139.893
5;1;145;from_network;0.0
5;1;146;HP;0.0
5;1;146;EB;0.0
5;1;146;from_grid;141.133
5;1;146;from_main_grid;141.133
5;1;146;from_network;0.0
5;1;147;HP;0.0
5;1;147;EB;0.0
5;1;147;from_grid;143.96
5;1;147;from_main_grid;143.96
5;1;147;from_network;0.0
5;1;148;HP;0.0
5;1;148;EB;0.0
5;1;148;from_grid;139.296
5;1;148;from_main_grid;139.296
5;1;148;from_network;0.0
5;1;149;HP;0.0
5;1;149;EB;0.0
5;1;149;from_grid;140.859
5;1;149;from_main_grid;140.859
5;1;149;from_network;0.0
5;1;150;HP;0.0
5;1;150;EB;0.0
5;1;150;from_grid;147.599
5;1;150;from_main_grid;147.599
5;1;150;from_network;0.0
5;1;151;HP;0.0
5;1;151;EB;0.0
5;1;151;from_grid;322.433
5;1;151;from_main_grid;274.0
5;1;151;from_network;48.433
5;1;152;HP;0.0
5;1;152;EB;0.0
5;1;152;from_grid;319.858
5;1;152;from_main_grid;0.0
5;1;152;from_network;319.858
5;1;153;HP;13.032
5;1;153;EB;0.0
5;1;153;from_grid;342.109
5;1;153;from_main_grid;0.0
5;1;153;from_network;342.109
5;1;154;HP;13.274
5;1;154;EB;0.0
5;1;154;from_grid;364.909
5;1;154;from_main_grid;0.0
5;1;154;from_network;364.909
5;1;155;HP;11.857
5;1;155;EB;0.0
5;1;155;from_grid;357.173
5;1;155;from_main_grid;0.0
5;1;155;from_network;357.173
5;1;156;HP;13.021
5;1;156;EB;0.0
5;1;156;from_grid;339.573
5;1;156;from_main_grid;0.0
5;1;156;from_network;339.573
5;1;157;HP;10.157
5;1;157;EB;0.0
5;1;157;from_grid;339.137
5;1;157;from_main_grid;0.0
5;1;157;from_network;339.137
5;1;158;HP;10.651
5;1;158;EB;0.0
5;1;158;from_grid;341.671
5;1;158;from_main_grid;0.0
5;1;158;from_network;341.671
5;1;159;HP;196.917
5;1;159;EB;0.0
5;1;159;from_grid;516.573
5;1;159;from_main_grid;0.0
5;1;159;from_network;516.573
5;1;160;HP;15.95
5;1;160;EB;0.0
5;1;160;from_grid;326.645
5;1;160;from_main_grid;0.0
5;1;160;from_network;326.645
5;1;161;HP;110.884
5;1;161;EB;0.0
5;1;161;from_grid;407.523
5;1;161;from_main_grid;0.0
5;1;161;from_network;407.523
5;1;162;HP;0.0
5;1;162;EB;0.0
5;1;162;from_grid;284.153
5;1;162;from_main_grid;168.819
5;1;162;from_network;115.333
5;1;163;HP;0.0
5;1;163;EB;0.0
5;1;163;from_grid;424.05
5;1;163;from_main_grid;424.05
5;1;163;from_network;0.0
5;1;164;HP;0.0
5;1;164;EB;0.0
5;1;164;from_grid;326.323
5;1;164;from_main_grid;326.323
5;1;164;from_network;0.0
5;1;165;HP;0.0
5;1;165;EB;0.0
5;1;165;from_grid;195.09
5;1;165;from_main_grid;195.09
5;1;165;from_network;0.0
5;1;166;HP;0.0
5;1;166;EB;0.0
5;1;166;from_grid;183.67
5;1;166;from_main_grid;183.67
5;1;166;from_network;0.0
5;1;167;HP;0.0
5;1;167;EB;0.0
5;1;167;from_grid;168.527
5;1;167;from_main_grid;168.527
5;1;167;from_network;0.0
5;2;0;HP;330.884
5;2;0;EB;0.0
5;2;0;from_grid;470.025
5;2;0;from_main_grid;470.025
5;2;0;from_network;0.0
5;2;1;HP;338.057
5;2;1;EB;0.0
5;2;1;from_grid;478.932
5;2;1;from_main_grid;478.932
5;2;1;from_network;0.0
5;2;2;HP;229.005
5;2;2;EB;0.0
5;2;2;from_grid;369.498
5;2;2;from_main_grid;369.498
5;2;2;from_network;0.0
5;2;3;HP;0.0
5;2;3;EB;0.0
5;2;3;from_grid;141.614
5;2;3;from_main_grid;141.614
5;2;3;from_network;0.0
5;2;4;HP;0.0
5;2;4;EB;0.0
5;2;4;from_grid;141.023
5;2;4;from_main_grid;141.023
5;2;4;from_network;0.0
5;2;5;HP;0.0
5;2;5;EB;0.0
5;2;5;from_grid;140.519
5;2;5;from_main_grid;140.519
5;2;5;from_network;0.0
5;2;6;HP;0.0
5;2;6;EB;0.0
5;2;6;from_grid;147.377
5;2;6;from_main_grid;147.377
5;2;6;from_network;0.0
5;2;7;HP;192.339
5;2;7;EB;0.0
5;2;7;from_grid;593.567
5;2;7;from_main_grid;549.023
5;2;7;from_network;44.545
5;2;8;HP;159.195
5;2;8;EB;0.0
5;2;8;from_grid;470.628
5;2;8;from_main_grid;18.976
5;2;8;from_network;451.653
5;2;9;HP;327.3
5;2;9;EB;0.0
5;2;9;from_grid;654.698
5;2;9;from_main_grid;0.0
5;2;9;from_network;654.698
5;2;10;HP;310.297
5;2;10;EB;0.0
5;2;10;from_grid;657.032
5;2;10;from_main_grid;0.0
5;2;10;from_network;657.032
5;2;11;HP;296.897
5;2;11;EB;0.0
5;2;11;from_grid;630.271
5;2;11;from_main_grid;0.0
5;2;11;from_network;630.271
5;2;12;HP;286.193
5;2;12;EB;0.0
5;2;12;from_grid;611.584
5;2;12;from_main_grid;0.0
5;2;12;from_network;611.584
5;2;13;HP;279.063
5;2;13;EB;0.0
5;2;13;from_grid;609.261
5;2;13;from_main_grid;0.0
5;2;13;from_network;609.261
5;2;14;HP;276.391
5;2;14;EB;0.0
5;2;14;from_grid;625.215
5;2;14;from_main_grid;0.0
5;2;14;from_network;625.215
5;2;15;HP;275.5
5;2;15;EB;0.0
5;2;15;from_grid;599.823
5;2;15;from_main_grid;0.0
5;2;15;from_network;599.823
5;2;16;HP;275.5
5;2;16;EB;0.0
5;2;16;from_grid;585.965
5;2;16;from_main_grid;0.0
5;2;16;from_network;585.965
5;2;17;HP;67.511
5;2;17;EB;0.0
5;2;17;from_grid;368.347
5;2;17;from_main_grid;25.344
5;2;17;from_network;343.003
5;2;18;HP;0.0
5;2;18;EB;0.0
5;2;18;from_grid;373.542
5;2;18;from_main_grid;358.122
5;2;18;from_network;15.42
5;2;19;HP;0.0
5;2;19;EB;0.0
5;2;19;from_grid;424.906
5;2;19;from_main_grid;424.906
5;2;19;from_network;0.0
5;2;20;HP;0.0
5;2;20;EB;0.0
5;2;20;from_grid;326.406
5;2;20;from_main_grid;326.406
5;2;20;from_network;0.0
5;2;21;HP;0.0
5;2;21;EB;0.0
5;2;21;from_grid;205.027
5;2;21;from_main_grid;205.027
5;2;21;from_network;0.0
5;2;22;HP;0.0
5;2;22;EB;0.0
5;2;22;from_grid;199.037
5;2;22;from_main_grid;199.037
5;2;22;from_network;0.0
5;2;23;HP;0.0
5;2;23;EB;0.0
5;2;23;from_grid;179.573
5;2;23;from_main_grid;179.573
5;2;23;from_network;0.0
5;2;24;HP;0.0
5;2;24;EB;0.0
5;2;24;from_grid;135.629
5;2;24;from_main_grid;135.629
5;2;24;from_network;0.0
5;2;25;HP;0.0
5;2;25;EB;0.0
5;2;25;from_grid;143.648
5;2;25;from_main_grid;143.648
5;2;25;from_network;0.0
5;2;26;HP;0.0
5;2;26;EB;0.0
5;2;26;from_grid;141.031
5;2;26;from_main_grid;141.031
5;2;26;from_network;0.0
5;2;27;HP;0.0
5;2;27;EB;0.0
5;2;27;from_grid;146.909
5;2;27;from_main_grid;146.909
5;2;27;from_network;0.0
5;2;28;HP;0.0
5;2;28;EB;0.0
5;2;28;from_grid;139.867
5;2;28;from_main_grid;139.867
5;2;28;from_network;0.0
5;2;29;HP;0.0
5;2;29;EB;0.0
5;2;29;from_grid;141.401
5;2;29;from_main_grid;141.401
5;2;29;from_network;0.0
5;2;30;HP;0.0
5;2;30;EB;0.0
5;2;30;from_grid;148.999
5;2;30;from_main_grid;148.999
5;2;30;from_network;0.0
5;2;31;HP;0.0
5;2;31;EB;0.0
5;2;31;from_grid;387.572
5;2;31;from_main_grid;341.327
5;2;31;from_network;46.245
5;2;32;HP;19.102
5;2;32;EB;0.0
5;2;32;from_grid;342.749
5;2;32;from_main_grid;0.0
5;2;32;from_network;342.749
5;2;33;HP;203.432
5;2;33;EB;0.0
5;2;33;from_grid;526.416
5;2;33;from_main_grid;0.0
5;2;33;from_network;526.416
5;2;34;HP;298.683
5;2;34;EB;0.0
5;2;34;from_grid;651.303
5;2;34;from_main_grid;0.0
5;2;34;from_network;651.303
5;2;35;HP;283.519
5;2;35;EB;0.0
5;2;35;from_grid;625.484
5;2;35;from_main_grid;0.0
5;2;35;from_network;625.484
5;2;36;HP;269.269
5;2;36;EB;0.0
5;2;36;from_grid;596.067
5;2;36;from_main_grid;0.0
5;2;36;from_network;596.067
5;2;37;HP;267.489
5;2;37;EB;0.0
5;2;37;from_grid;597.951
5;2;37;from_main_grid;0.0
5;2;37;from_network;597.951
5;2;38;HP;262.02
5;2;38;EB;0.0
5;2;38;from_grid;612.689
5;2;38;from_main_grid;0.0
5;2;38;from_network;612.689
5;2;39;HP;266.272
5;2;39;EB;0.0
5;2;39;from_grid;591.696
5;2;39;from_main_grid;0.0
5;2;39;from_network;591.696
5;2;40;HP;204.249
5;2;40;EB;0.0
5;2;40;from_grid;515.244
5;2;40;from_main_grid;0.0
5;2;40;from_network;515.244
5;2;41;HP;0.0
5;2;41;EB;0.0
5;2;41;from_grid;301.715
5;2;41;from_main_grid;101.17
5;2;41;from_network;200.545
5;2;42;HP;0.0
5;2;42;EB;0.0
5;2;42;from_grid;385.606
5;2;42;from_main_grid;385.606
5;2;42;from_network;0.0
5;2;43;HP;0.0
5;2;43;EB;0.0
5;2;43;from_grid;422.38
5;2;43;from_main_grid;422.38
5;2;43;from_network;0.0
5;2;44;HP;0.0
5;2;44;EB;0.0
5;2;44;from_grid;339.174
5;2;44;from_main_grid;339.174
5;2;44;from_network;0.0
5;2;45;HP;0.0
5;2;45;EB;0.0
5;2;45;from_grid;202.295
5;2;45;from_main_grid;202.295
5;2;45;from_network;0.0
5;2;46;HP;0.0
5;2;46;EB;0.0
5;2;46;from_grid;199.889
5;2;46;from_main_grid;199.889
5;2;46;from_network;0.0
5;2;47;HP;0.0
5;2;47;EB;0.0
5;2;47;from_grid;177.279
5;2;47;from_main_grid;177.279
5;2;47;from_network;0.0
5;2;48;HP;0.0
5;2;48;EB;0.0
5;2;48;from_grid;140.082
5;2;48;from_main_grid;140.082
5;2;48;from_network;0.0
5;2;49;HP;0.0
5;2;49;EB;0.0
5;2;49;from_grid;144.86
5;2;49;from_main_grid;144.86
5;2;49;from_network;0.0
5;2;50;HP;0.0
5;2;50;EB;0.0
5;2;50;from_grid;141.805
5;2;50;from_main_grid;141.805
5;2;50;from_network;0.0
5;2;51;HP;0.0
5;2;51;EB;0.0
5;2;51;from_grid;141.228
5;2;51;from_main_grid;141.228
5;2;51;from_network;0.0
5;2;52;HP;0.0
5;2;52;EB;0.0
5;2;52;from_grid;138.644
5;2;52;from_main_grid;138.644
5;2;52;from_network;0.0
5;2;53;HP;0.0
5;2;53;EB;0.0
5;2;53;from_grid;139.493
5;2;53;from_main_grid;139.493
5;2;53;from_network;0.0
5;2;54;HP;0.0
5;2;54;EB;0.0
5;2;54;from_grid;142.73
5;2;54;from_main_grid;142.73
5;2;54;from_network;0.0
5;2;55;HP;0.0
5;2;55;EB;0.0
5;2;55;from_grid;375.908
5;2;55;from_main_grid;375.908
5;2;55;from_network;0.0
5;2;56;HP;0.0
5;2;56;EB;0.0
5;2;56;from_grid;354.634
5;2;56;from_main_grid;330.583
5;2;56;from_network;24.05
5;2;57;HP;0.0
5;2;57;EB;0.0
5;2;57;from_grid;300.077
5;2;57;from_main_grid;180.783
5;2;57;from_network;119.293
5;2;58;HP;0.0
5;2;58;EB;0.0
5;2;58;from_grid;323.467
5;2;58;from_main_grid;233.298
5;2;58;from_network;90.169
5;2;59;HP;0.0
5;2;59;EB;0.0
5;2;59;from_grid;296.557
5;2;59;from_main_grid;198.327
5;2;59;from_network;98.23
5;2;60;HP;0.0
5;2;60;EB;0.0
5;2;60;from_grid;288.69
5;2;60;from_main_grid;85.979
5;2;60;from_network;202.711
5;2;61;HP;0.0
5;2;61;EB;0.0
5;2;61;from_grid;286.372
5;2;61;from_main_grid;78.791
5;2;61;from_network;207.581
5;2;62;HP;0.0
5;2;62;EB;0.0
5;2;62;from_grid;296.592
5;2;62;from_main_grid;34.899
5;2;62;from_network;261.693
5;2;63;HP;0.0
5;2;63;EB;0.0
5;2;63;from_grid;283.913
5;2;63;from_main_grid;25.162
5;2;63;from_network;258.751
5;2;64;HP;0.0
5;2;64;EB;0.0
5;2;64;from_grid;293.481
5;2;64;from_main_grid;176.789
5;2;64;from_network;116.692
5;2;65;HP;0.0
5;2;65;EB;0.0
5;2;65;from_grid;339.236
5;2;65;from_main_grid;289.572
5;2;65;from_network;49.664
5;2;66;HP;0.0
5;2;66;EB;0.0
5;2;66;from_grid;407.754
5;2;66;from_main_grid;407.754
5;2;66;from_network;0.0
5;2;67;HP;0.0
5;2;67;EB;0.0
5;2;67;from_grid;426.945
5;2;67;from_main_grid;426.945
5;2;67;from_network;0.0
5;2;68;HP;0.0
5;2;68;EB;0.0
5;2;68;from_grid;322.845
5;2;68;from_main_grid;322.845
5;2;68;from_network;0.0
5;2;69;HP;0.0
5;2;69;EB;0.0
5;2;69;from_grid;202.863
5;2;69;from_main_grid;202.863
5;2;69;from_network;0.0
5;2;70;HP;0.0
5;2;70;EB;0.0
5;2;70;from_grid;199.447
5;2;70;from_main_grid;199.447
5;2;70;from_network;0.0
5;2;71;HP;0.0
5;2;71;EB;0.0
5;2;71;from_grid;167.515
5;2;71;from_main_grid;167.515
5;2;71;from_network;0.0
5;2;72;HP;0.0
5;2;72;EB;0.0
5;2;72;from_grid;139.675
5;2;72;from_main_grid;139.675
5;2;72;from_network;0.0
5;2;73;HP;0.0
5;2;73;EB;0.0
5;2;73;from_grid;144.03
5;2;73;from_main_grid;144.03
5;2;73;from_network;0.0
5;2;74;HP;0.0
5;2;74;EB;0.0
5;2;74;from_grid;140.546
5;2;74;from_main_grid;140.546
5;2;74;from_network;0.0
5;2;75;HP;0.0
5;2;75;EB;0.0
5;2;75;from_grid;142.106
5;2;75;from_main_grid;142.106
5;2;75;from_network;0.0
5;2;76;HP;0.0
5;2;76;EB;0.0
5;2;76;from_grid;139.135
5;2;76;from_main_grid;139.135
5;2;76;from_network;0.0
5;2;77;HP;0.0
5;2;77;EB;0.0
5;2;77;from_grid;139.833
5;2;77;from_main_grid;139.833
5;2;77;from_network;0.0
5;2;78;HP;0.0
5;2;78;EB;0.0
5;2;78;from_grid;145.338
5;2;78;from_main_grid;145.338
5;2;78;from_network;0.0
5;2;79;HP;0.0
5;2;79;EB;0.0
5;2;79;from_grid;154.103
5;2;79;from_main_grid;107.828
5;2;79;from_network;46.275
5;2;80;HP;84.81
5;2;80;EB;0.0
5;2;80;from_grid;214.443
5;2;80;from_main_grid;0.0
5;2;80;from_network;214.443
5;2;81;HP;0.0
5;2;81;EB;0.0
5;2;81;from_grid;135.919
5;2;81;from_main_grid;0.0
5;2;81;from_network;135.919
5;2;82;HP;66.033
5;2;82;EB;0.0
5;2;82;from_grid;220.133
5;2;82;from_main_grid;0.0
5;2;82;from_network;220.133
5;2;83;HP;302.255
5;2;83;EB;0.0
5;2;83;from_grid;444.888
5;2;83;from_main_grid;0.0
5;2;83;from_network;444.888
5;2;84;HP;293.328
5;2;84;EB;0.0
5;2;84;from_grid;431.315
5;2;84;from_main_grid;0.0
5;2;84;from_network;431.315
5;2;85;HP;287.084
5;2;85;EB;0.0
5;2;85;from_grid;429.665
5;2;85;from_main_grid;0.0
5;2;85;from_network;429.665
5;2;86;HP;282.627
5;2;86;EB;0.0
5;2;86;from_grid;430.914
5;2;86;from_main_grid;0.0
5;2;86;from_network;430.914
5;2;87;HP;282.627
5;2;87;EB;0.0
5;2;87;from_grid;421.419
5;2;87;from_main_grid;55.18
5;2;87;from_network;366.238
5;2;88;HP;125.16
5;2;88;EB;0.0
5;2;88;from_grid;264.333
5;2;88;from_main_grid;20.377
5;2;88;from_network;243.956
5;2;89;HP;285.301
5;2;89;EB;0.0
5;2;89;from_grid;430.121
5;2;89;from_main_grid;246.05
5;2;89;from_network;184.07
5;2;90;HP;0.0
5;2;90;EB;0.0
5;2;90;from_grid;195.654
5;2;90;from_main_grid;195.654
5;2;90;from_network;0.0
5;2;91;HP;0.0
5;2;91;EB;0.0
5;2;91;from_grid;215.345
5;2;91;from_main_grid;215.345
5;2;91;from_network;0.0
5;2;92;HP;0.0
5;2;92;EB;0.0
5;2;92;from_grid;211.213
5;2;92;from_main_grid;211.213
5;2;92;from_network;0.0
5;2;93;HP;0.0
5;2;93;EB;0.0
5;2;93;from_grid;208.921
5;2;93;from_main_grid;208.921
5;2;93;from_network;0.0
5;2;94;HP;311.191
5;2;94;EB;0.0
5;2;94;from_grid;497.88
5;2;94;from_main_grid;497.88
5;2;94;from_network;0.0
5;2;95;HP;69.114
5;2;95;EB;0.0
5;2;95;from_grid;247.939
5;2;95;from_main_grid;247.939
5;2;95;from_network;0.0
5;2;96;HP;6.207
5;2;96;EB;0.0
5;2;96;from_grid;143.22
5;2;96;from_main_grid;143.22
5;2;96;from_network;0.0
5;2;97;HP;0.0
5;2;97;EB;0.0
5;2;97;from_grid;139.487
5;2;97;from_main_grid;139.487
5;2;97;from_network;0.0
5;2;98;HP;0.0
5;2;98;EB;0.0
5;2;98;from_grid;138.846
5;2;98;from_main_grid;138.846
5;2;98;from_network;0.0
5;2;99;HP;0.0
5;2;99;EB;0.0
5;2;99;from_grid;142.762
5;2;99;from_main_grid;142.762
5;2;99;from_network;0.0
5;2;100;HP;0.0
5;2;100;EB;0.0
5;2;100;from_grid;136.677
5;2;100;from_main_grid;136.677
5;2;100;from_network;0.0
5;2;101;HP;0.0
5;2;101;EB;0.0
5;2;101;from_grid;140.519
5;2;101;from_main_grid;140.519
5;2;101;from_network;0.0
5;2;102;HP;0.0
5;2;102;EB;0.0
5;2;102;from_grid;143.483
5;2;102;from_main_grid;143.483
5;2;102;from_network;0.0
5;2;103;HP;257.393
5;2;103;EB;0.0
5;2;103;from_grid;664.305
5;2;103;from_main_grid;645.935
5;2;103;from_network;18.37
5;2;104;HP;228.182
5;2;104;EB;0.0
5;2;104;from_grid;534.409
5;2;104;from_main_grid;128.246
5;2;104;from_network;406.163
5;2;105;HP;188.902
5;2;105;EB;0.0
5;2;105;from_grid;526.307
5;2;105;from_main_grid;0.0
5;2;105;from_network;526.307
5;2;106;HP;304.041
5;2;106;EB;0.0
5;2;106;from_grid;644.162
5;2;106;from_main_grid;0.0
5;2;106;from_network;644.162
5;2;107;HP;291.543
5;2;107;EB;0.0
5;2;107;from_grid;644.544
5;2;107;from_main_grid;0.0
5;2;107;from_network;644.544
5;2;108;HP;280.845
5;2;108;EB;0.0
5;2;108;from_grid;615.205
5;2;108;from_main_grid;0.0
5;2;108;from_network;615.205
5;2;109;HP;278.172
5;2;109;EB;0.0
5;2;109;from_grid;611.774
5;2;109;from_main_grid;0.0
5;2;109;from_network;611.774
5;2;110;HP;278.172
5;2;110;EB;0.0
5;2;110;from_grid;629.622
5;2;110;from_main_grid;0.0
5;2;110;from_network;629.622
5;2;111;HP;31.005
5;2;111;EB;0.0
5;2;111;from_grid;353.964
5;2;111;from_main_grid;0.0
5;2;111;from_network;353.964
5;2;112;HP;0.0
5;2;112;EB;0.0
5;2;112;from_grid;313.237
5;2;112;from_main_grid;132.805
5;2;112;from_network;180.432
5;2;113;HP;0.0
5;2;113;EB;0.0
5;2;113;from_grid;320.224
5;2;113;from_main_grid;192.08
5;2;113;from_network;128.144
5;2;114;HP;0.0
5;2;114;EB;0.0
5;2;114;from_grid;399.84
5;2;114;from_main_grid;399.84
5;2;114;from_network;0.0
5;2;115;HP;0.0
5;2;115;EB;0.0
5;2;115;from_grid;420.295
5;2;115;from_main_grid;420.295
5;2;115;from_network;0.0
5;2;116;HP;0.0
5;2;116;EB;0.0
5;2;116;from_grid;338.419
5;2;116;from_main_grid;338.419
5;2;116;from_network;0.0
5;2;117;HP;0.0
5;2;117;EB;0.0
5;2;117;from_grid;197.599
5;2;117;from_main_grid;197.599
5;2;117;from_network;0.0
5;2;118;HP;0.0
5;2;118;EB;0.0
5;2;118;from_grid;190.182
5;2;118;from_main_grid;190.182
5;2;118;from_network;0.0
5;2;119;HP;0.0
5;2;119;EB;0.0
5;2;119;from_grid;172.154
5;2;119;from_main_grid;172.154
5;2;119;from_network;0.0
5;2;120;HP;0.0
5;2;120;EB;0.0
5;2;120;from_grid;138.075
5;2;120;from_main_grid;138.075
5;2;120;from_network;0.0
5;2;121;HP;1.419
5;2;121;EB;0.0
5;2;121;from_grid;145.528
5;2;121;from_main_grid;145.528
5;2;121;from_network;0.0
5;2;122;HP;107.509
5;2;122;EB;0.0
5;2;122;from_grid;247.62
5;2;122;from_main_grid;247.62
5;2;122;from_network;0.0
5;2;123;HP;110.846
5;2;123;EB;0.0
5;2;123;from_grid;255.514
5;2;123;from_main_grid;255.514
5;2;123;from_network;0.0
5;2;124;HP;115.005
5;2;124;EB;0.0
5;2;124;from_grid;257.923
5;2;124;from_main_grid;257.923
5;2;124;from_network;0.0
5;2;125;HP;117.933
5;2;125;EB;0.0
5;2;125;from_grid;260.305
5;2;125;from_main_grid;260.305
5;2;125;from_network;0.0
5;2;126;HP;126.216
5;2;126;EB;0.0
5;2;126;from_grid;272.848
5;2;126;from_main_grid;272.848
5;2;126;from_network;0.0
5;2;127;HP;96.3
5;2;127;EB;0.0
5;2;127;from_grid;519.007
5;2;127;from_main_grid;519.007
5;2;127;from_network;0.0
5;2;128;HP;82.197
5;2;128;EB;0.0
5;2;128;from_grid;453.719
5;2;128;from_main_grid;375.329
5;2;128;from_network;78.39
5;2;129;HP;77.513
5;2;129;EB;0.0
5;2;129;from_grid;402.964
5;2;129;from_main_grid;231.197
5;2;129;from_network;171.767
5;2;130;HP;70.691
5;2;130;EB;0.0
5;2;130;from_grid;419.311
5;2;130;from_main_grid;173.821
5;2;130;from_network;245.49
5;2;131;HP;55.746
5;2;131;EB;0.0
5;2;131;from_grid;394.174
5;2;131;from_main_grid;133.774
5;2;131;from_network;260.4
5;2;132;HP;255.492
5;2;132;EB;0.0
5;2;132;from_grid;579.047
5;2;132;from_main_grid;0.0
5;2;132;from_network;579.047
5;2;133;HP;261.413
5;2;133;EB;0.0
5;2;133;from_grid;586.212
5;2;133;from_main_grid;0.0
5;2;133;from_network;586.212
5;2;134;HP;5.847
5;2;134;EB;0.0
5;2;134;from_grid;344.593
5;2;134;from_main_grid;0.0
5;2;134;from_network;344.593
5;2;135;HP;0.0
5;2;135;EB;0.0
5;2;135;from_grid;339.902
5;2;135;from_main_grid;181.922
5;2;135;from_network;157.98
5;2;136;HP;0.0
5;2;136;EB;0.0
5;2;136;from_grid;312.499
5;2;136;from_main_grid;173.873
5;2;136;from_network;138.626
5;2;137;HP;259.594
5;2;137;EB;0.0
5;2;137;from_grid;621.906
5;2;137;from_main_grid;574.088
5;2;137;from_network;47.817
5;2;138;HP;263.234
5;2;138;EB;0.0
5;2;138;from_grid;664.327
5;2;138;from_main_grid;664.327
5;2;138;from_network;0.0
5;2;139;HP;108.282
5;2;139;EB;0.0
5;2;139;from_grid;537.086
5;2;139;from_main_grid;537.086
5;2;139;from_network;0.0
5;2;140;HP;0.0
5;2;140;EB;0.0
5;2;140;from_grid;334.788
5;2;140;from_main_grid;334.788
5;2;140;from_network;0.0
5;2;141;HP;0.0
5;2;141;EB;0.0
5;2;141;from_grid;201.992
5;2;141;from_main_grid;201.992
5;2;141;from_network;0.0
5;2;142;HP;0.0
5;2;142;EB;0.0
5;2;142;from_grid;195.022
5;2;142;from_main_grid;195.022
5;2;142;from_network;0.0
5;2;143;HP;0.0
5;2;143;EB;0.0
5;2;143;from_grid;179.493
5;2;143;from_main_grid;179.493
5;2;143;from_network;0.0
5;2;144;HP;0.0
5;2;144;EB;0.0
5;2;144;from_grid;141.131
5;2;144;from_main_grid;141.131
5;2;144;from_network;0.0
5;2;145;HP;0.0
5;2;145;EB;0.0
5;2;145;from_grid;145.18
5;2;145;from_main_grid;145.18
5;2;145;from_network;0.0
5;2;146;HP;0.0
5;2;146;EB;0.0
5;2;146;from_grid;140.491
5;2;146;from_main_grid;140.491
5;2;146;from_network;0.0
5;2;147;HP;0.0
5;2;147;EB;0.0
5;2;147;from_grid;140.811
5;2;147;from_main_grid;140.811
5;2;147;from_network;0.0
5;2;148;HP;0.0
5;2;148;EB;0.0
5;2;148;from_grid;140.741
5;2;148;from_main_grid;140.741
5;2;148;from_network;0.0
5;2;149;HP;0.0
5;2;149;EB;0.0
5;2;149;from_grid;141.888
5;2;149;from_main_grid;141.888
5;2;149;from_network;0.0
5;2;150;HP;0.0
5;2;150;EB;0.0
5;2;150;from_grid;153.283
5;2;150;from_main_grid;153.283
5;2;150;from_network;0.0
5;2;151;HP;0.0
5;2;151;EB;0.0
5;2;151;from_grid;433.604
5;2;151;from_main_grid;433.604
5;2;151;from_network;0.0
5;2;152;HP;0.0
5;2;152;EB;0.0
5;2;152;from_grid;457.463
5;2;152;from_main_grid;457.463
5;2;152;from_network;0.0
5;2;153;HP;79.777
5;2;153;EB;0.0
5;2;153;from_grid;480.278
5;2;153;from_main_grid;436.993
5;2;153;from_network;43.285
5;2;154;HP;75.101
5;2;154;EB;0.0
5;2;154;from_grid;486.467
5;2;154;from_main_grid;451.03
5;2;154;from_network;35.437
5;2;155;HP;66.035
5;2;155;EB;0.0
5;2;155;from_grid;422.688
5;2;155;from_main_grid;366.16
5;2;155;from_network;56.527
5;2;156;HP;51.275
5;2;156;EB;0.0
5;2;156;from_grid;371.421
5;2;156;from_main_grid;246.256
5;2;156;from_network;125.165
5;2;157;HP;40.895
5;2;157;EB;0.0
5;2;157;from_grid;385.516
5;2;157;from_main_grid;303.59
5;2;157;from_network;81.926
5;2;158;HP;34.716
5;2;158;EB;0.0
5;2;158;from_grid;389.546
5;2;158;from_main_grid;301.161
5;2;158;from_network;88.385
5;2;159;HP;56.419
5;2;159;EB;0.0
5;2;159;from_grid;413.661
5;2;159;from_main_grid;357.464
5;2;159;from_network;56.198
5;2;160;HP;273.72
5;2;160;EB;0.0
5;2;160;from_grid;706.19
5;2;160;from_main_grid;706.19
5;2;160;from_network;0.0
5;2;161;HP;0.0
5;2;161;EB;0.0
5;2;161;from_grid;452.306
5;2;161;from_main_grid;452.306
5;2;161;from_network;0.0
5;2;162;HP;0.0
5;2;162;EB;0.0
5;2;162;from_grid;412.698
5;2;162;from_main_grid;412.698
5;2;162;from_network;0.0
5;2;163;HP;0.0
5;2;163;EB;0.0
5;2;163;from_grid;435.919
5;2;163;from_main_grid;435.919
5;2;163;from_network;0.0
5;2;164;HP;0.0
5;2;164;EB;0.0
5;2;164;from_grid;327.206
5;2;164;from_main_grid;327.206
5;2;164;from_network;0.0
5;2;165;HP;0.0
5;2;165;EB;0.0
5;2;165;from_grid;207.674
5;2;165;from_main_grid;207.674
5;2;165;from_network;0.0
5;2;166;HP;169.138
5;2;166;EB;0.0
5;2;166;from_grid;356.933
5;2;166;from_main_grid;356.933
5;2;166;from_network;0.0
5;2;167;HP;288.868
5;2;167;EB;0.0
5;2;167;from_grid;455.233
5;2;167;from_main_grid;455.233
5;2;167;from_network;0.0
5;3;0;HP;2.744
5;3;0;EB;0.0
5;3;0;from_grid;142.308
5;3;0;from_main_grid;142.308
5;3;0;from_network;0.0
5;3;1;HP;391.177
5;3;1;EB;0.0
5;3;1;from_grid;534.312
5;3;1;from_main_grid;534.312
5;3;1;from_network;0.0
5;3;2;HP;388.466
5;3;2;EB;0.0
5;3;2;from_grid;528.621
5;3;2;from_main_grid;528.621
5;3;2;from_network;0.0
5;3;3;HP;389.37
5;3;3;EB;0.0
5;3;3;from_grid;531.697
5;3;3;from_main_grid;531.697
5;3;3;from_network;0.0
5;3;4;HP;390.273
5;3;4;EB;0.0
5;3;4;from_grid;532.719
5;3;4;from_main_grid;532.719
5;3;4;from_network;0.0
5;3;5;HP;396.602
5;3;5;EB;0.0
5;3;5;from_grid;538.355
5;3;5;from_main_grid;538.355
5;3;5;from_network;0.0
5;3;6;HP;396.602
5;3;6;EB;0.0
5;3;6;from_grid;546.0
5;3;6;from_main_grid;546.0
5;3;6;from_network;0.0
5;3;7;HP;376.945
5;3;7;EB;0.0
5;3;7;from_grid;822.552
5;3;7;from_main_grid;822.552
5;3;7;from_network;0.0
5;3;8;HP;351.219
5;3;8;EB;0.0
5;3;8;from_grid;835.036
5;3;8;from_main_grid;835.036
5;3;8;from_network;0.0
5;3;9;HP;331.869
5;3;9;EB;0.0
5;3;9;from_grid;811.052
5;3;9;from_main_grid;811.052
5;3;9;from_network;0.0
5;3;10;HP;322.774
5;3;10;EB;0.0
5;3;10;from_grid;721.551
5;3;10;from_main_grid;721.551
5;3;10;from_network;0.0
5;3;11;HP;301.035
5;3;11;EB;0.0
5;3;11;from_grid;678.292
5;3;11;from_main_grid;678.292
5;3;11;from_network;0.0
5;3;12;HP;280.641
5;3;12;EB;0.0
5;3;12;from_grid;605.695
5;3;12;from_main_grid;329.121
5;3;12;from_network;276.574
5;3;13;HP;254.916
5;3;13;EB;0.0
5;3;13;from_grid;580.043
5;3;13;from_main_grid;0.0
5;3;13;from_network;580.043
5;3;14;HP;352.424
5;3;14;EB;0.0
5;3;14;from_grid;700.769
5;3;14;from_main_grid;269.792
5;3;14;from_network;430.977
5;3;15;HP;350.626
5;3;15;EB;0.0
5;3;15;from_grid;683.255
5;3;15;from_main_grid;349.165
5;3;15;from_network;334.09
5;3;16;HP;355.121
5;3;16;EB;0.0
5;3;16;from_grid;839.587
5;3;16;from_main_grid;839.587
5;3;16;from_network;0.0
5;3;17;HP;363.217
5;3;17;EB;0.0
5;3;17;from_grid;830.356
5;3;17;from_main_grid;830.356
5;3;17;from_network;0.0
5;3;18;HP;365.918
5;3;18;EB;0.0
5;3;18;from_grid;795.596
5;3;18;from_main_grid;795.596
5;3;18;from_network;0.0
5;3;19;HP;0.0
5;3;19;EB;0.0
5;3;19;from_grid;445.809
5;3;19;from_main_grid;445.809
5;3;19;from_network;0.0
5;3;20;HP;0.0
5;3;20;EB;0.0
5;3;20;from_grid;335.649
5;3;20;from_main_grid;335.649
5;3;20;from_network;0.0
5;3;21;HP;237.166
5;3;21;EB;0.0
5;3;21;from_grid;456.764
5;3;21;from_main_grid;456.764
5;3;21;from_network;0.0
5;3;22;HP;383.951
5;3;22;EB;0.0
5;3;22;from_grid;570.293
5;3;22;from_main_grid;570.293
5;3;22;from_network;0.0
5;3;23;HP;387.563
5;3;23;EB;0.0
5;3;23;from_grid;562.565
5;3;23;from_main_grid;562.565
5;3;23;from_network;0.0
5;3;24;HP;391.177
5;3;24;EB;0.0
5;3;24;from_grid;533.1
5;3;24;from_main_grid;533.1
5;3;24;from_network;0.0
5;3;25;HP;396.602
5;3;25;EB;0.0
5;3;25;from_grid;541.379
5;3;25;from_main_grid;541.379
5;3;25;from_network;0.0
5;3;26;HP;396.602
5;3;26;EB;0.0
5;3;26;from_grid;540.039
5;3;26;from_main_grid;540.039
5;3;26;from_network;0.0
5;3;27;HP;396.602
5;3;27;EB;0.0
5;3;27;from_grid;537.726
5;3;27;from_main_grid;537.726
5;3;27;from_network;0.0
5;3;28;HP;398.411
5;3;28;EB;0.0
5;3;28;from_grid;540.456
5;3;28;from_main_grid;540.456
5;3;28;from_network;0.0
5;3;29;HP;399.316
5;3;29;EB;0.0
5;3;29;from_grid;540.878
5;3;29;from_main_grid;540.878
5;3;29;from_network;0.0
5;3;30;HP;398.411
5;3;30;EB;0.0
5;3;30;from_grid;548.489
5;3;30;from_main_grid;548.489
5;3;30;from_network;0.0
5;3;31;HP;391.869
5;3;31;EB;0.0
5;3;31;from_grid;844.968
5;3;31;from_main_grid;844.968
5;3;31;from_network;0.0
5;3;32;HP;362.352
5;3;32;EB;0.0
5;3;32;from_grid;852.909
5;3;32;from_main_grid;852.909
5;3;32;from_network;0.0
5;3;33;HP;334.12
5;3;33;EB;0.0
5;3;33;from_grid;819.445
5;3;33;from_main_grid;819.445
5;3;33;from_network;0.0
5;3;34;HP;319.992
5;3;34;EB;0.0
5;3;34;from_grid;689.87
5;3;34;from_main_grid;474.117
5;3;34;from_network;215.753
5;3;35;HP;306.037
5;3;35;EB;0.0
5;3;35;from_grid;652.034
5;3;35;from_main_grid;369.325
5;3;35;from_network;282.709
5;3;36;HP;297.532
5;3;36;EB;0.0
5;3;36;from_grid;618.511
5;3;36;from_main_grid;253.45
5;3;36;from_network;365.061
5;3;37;HP;285.186
5;3;37;EB;0.0
5;3;37;from_grid;618.311
5;3;37;from_main_grid;400.292
5;3;37;from_network;218.019
5;3;38;HP;275.567
5;3;38;EB;0.0
5;3;38;from_grid;710.815
5;3;38;from_main_grid;710.815
5;3;38;from_network;0.0
5;3;39;HP;297.875
5;3;39;EB;0.0
5;3;39;from_grid;774.546
5;3;39;from_main_grid;774.546
5;3;39;from_network;0.0
5;3;40;HP;293.472
5;3;40;EB;0.0
5;3;40;from_grid;786.316
5;3;40;from_main_grid;786.316
5;3;40;from_network;0.0
5;3;41;HP;302.397
5;3;41;EB;0.0
5;3;41;from_grid;781.634
5;3;41;from_main_grid;781.634
5;3;41;from_network;0.0
5;3;42;HP;328.096
5;3;42;EB;0.0
5;3;42;from_grid;757.947
5;3;42;from_main_grid;757.947
5;3;42;from_network;0.0
5;3;43;HP;325.866
5;3;43;EB;0.0
5;3;43;from_grid;759.53
5;3;43;from_main_grid;759.53
5;3;43;from_network;0.0
5;3;44;HP;334.961
5;3;44;EB;0.0
5;3;44;from_grid;667.646
5;3;44;from_main_grid;667.646
5;3;44;from_network;0.0
5;3;45;HP;350.169
5;3;45;EB;0.0
5;3;45;from_grid;564.754
5;3;45;from_main_grid;564.754
5;3;45;from_network;0.0
5;3;46;HP;342.19
5;3;46;EB;0.0
5;3;46;from_grid;541.57
5;3;46;from_main_grid;541.57
5;3;46;from_network;0.0
5;3;47;HP;332.925
5;3;47;EB;0.0
5;3;47;from_grid;519.255
5;3;47;from_main_grid;519.255
5;3;47;from_network;0.0
5;3;48;HP;88.408
5;3;48;EB;0.0
5;3;48;from_grid;229.129
5;3;48;from_main_grid;229.129
5;3;48;from_network;0.0
5;3;49;HP;87.391
5;3;49;EB;0.0
5;3;49;from_grid;227.021
5;3;49;from_main_grid;227.021
5;3;49;from_network;0.0
5;3;50;HP;84.685
5;3;50;EB;0.0
5;3;50;from_grid;225.662
5;3;50;from_main_grid;225.662
5;3;50;from_network;0.0
5;3;51;HP;83.605
5;3;51;EB;0.0
5;3;51;from_grid;227.547
5;3;51;from_main_grid;227.547
5;3;51;from_network;0.0
5;3;52;HP;88.524
5;3;52;EB;0.0
5;3;52;from_grid;230.954
5;3;52;from_main_grid;230.954
5;3;52;from_network;0.0
5;3;53;HP;88.301
5;3;53;EB;0.0
5;3;53;from_grid;231.682
5;3;53;from_main_grid;231.682
5;3;53;from_network;0.0
5;3;54;HP;92.857
5;3;54;EB;0.0
5;3;54;from_grid;238.437
5;3;54;from_main_grid;238.437
5;3;54;from_network;0.0
5;3;55;HP;111.868
5;3;55;EB;0.0
5;3;55;from_grid;501.398
5;3;55;from_main_grid;501.398
5;3;55;from_network;0.0
5;3;56;HP;117.335
5;3;56;EB;0.0
5;3;56;from_grid;538.701
5;3;56;from_main_grid;538.701
5;3;56;from_network;0.0
5;3;57;HP;106.786
5;3;57;EB;0.0
5;3;57;from_grid;518.553
5;3;57;from_main_grid;518.553
5;3;57;from_network;0.0
5;3;58;HP;106.519
5;3;58;EB;0.0
5;3;58;from_grid;498.54
5;3;58;from_main_grid;498.54
5;3;58;from_network;0.0
5;3;59;HP;108.302
5;3;59;EB;0.0
5;3;59;from_grid;494.499
5;3;59;from_main_grid;494.499
5;3;59;from_network;0.0
5;3;60;HP;106.59
5;3;60;EB;0.0
5;3;60;from_grid;402.699
5;3;60;from_main_grid;402.699
5;3;60;from_network;0.0
5;3;61;HP;98.022
5;3;61;EB;0.0
5;3;61;from_grid;396.217
5;3;61;from_main_grid;0.0
5;3;61;from_network;396.217
5;3;62;HP;90.424
5;3;62;EB;0.0
5;3;62;from_grid;389.224
5;3;62;from_main_grid;342.437
5;3;62;from_network;46.787
5;3;63;HP;99.069
5;3;63;EB;0.0
5;3;63;from_grid;434.005
5;3;63;from_main_grid;434.005
5;3;63;from_network;0.0
5;3;64;HP;99.752
5;3;64;EB;0.0
5;3;64;from_grid;520.483
5;3;64;from_main_grid;520.483
5;3;64;from_network;0.0
5;3;65;HP;340.749
5;3;65;EB;0.0
5;3;65;from_grid;770.761
5;3;65;from_main_grid;770.761
5;3;65;from_network;0.0
5;3;66;HP;343.441
5;3;66;EB;0.0
5;3;66;from_grid;771.664
5;3;66;from_main_grid;771.664
5;3;66;from_network;0.0
5;3;67;HP;33.109
5;3;67;EB;0.0
5;3;67;from_grid;469.503
5;3;67;from_main_grid;469.503
5;3;67;from_network;0.0
5;3;68;HP;0.0
5;3;68;EB;0.0
5;3;68;from_grid;343.946
5;3;68;from_main_grid;343.946
5;3;68;from_network;0.0
5;3;69;HP;0.0
5;3;69;EB;0.0
5;3;69;from_grid;208.356
5;3;69;from_main_grid;208.356
5;3;69;from_network;0.0
5;3;70;HP;0.0
5;3;70;EB;0.0
5;3;70;from_grid;208.378
5;3;70;from_main_grid;208.378
5;3;70;from_network;0.0
5;3;71;HP;139.795
5;3;71;EB;0.0
5;3;71;from_grid;323.197
5;3;71;from_main_grid;323.197
5;3;71;from_network;0.0
5;3;72;HP;147.444
5;3;72;EB;0.0
5;3;72;from_grid;286.7
5;3;72;from_main_grid;286.7
5;3;72;from_network;0.0
5;3;73;HP;148.948
5;3;73;EB;0.0
5;3;73;from_grid;292.139
5;3;73;from_main_grid;292.139
5;3;73;from_network;0.0
5;3;74;HP;155.542
5;3;74;EB;0.0
5;3;74;from_grid;297.656
5;3;74;from_main_grid;297.656
5;3;74;from_network;0.0
5;3;75;HP;163.498
5;3;75;EB;0.0
5;3;75;from_grid;308.738
5;3;75;from_main_grid;308.738
5;3;75;from_network;0.0
5;3;76;HP;164.586
5;3;76;EB;0.0
5;3;76;from_grid;306.96
5;3;76;from_main_grid;306.96
5;3;76;from_network;0.0
5;3;77;HP;167.23
5;3;77;EB;0.0
5;3;77;from_grid;313.274
5;3;77;from_main_grid;313.274
5;3;77;from_network;0.0
5;3;78;HP;356.919
5;3;78;EB;0.0
5;3;78;from_grid;501.048
5;3;78;from_main_grid;501.048
5;3;78;from_network;0.0
5;3;79;HP;4.057
5;3;79;EB;0.0
5;3;79;from_grid;163.441
5;3;79;from_main_grid;163.441
5;3;79;from_network;0.0
5;3;80;HP;196.231
5;3;80;EB;0.0
5;3;80;from_grid;370.309
5;3;80;from_main_grid;370.309
5;3;80;from_network;0.0
5;3;81;HP;361.417
5;3;81;EB;0.0
5;3;81;from_grid;548.932
5;3;81;from_main_grid;548.932
5;3;81;from_network;0.0
5;3;82;HP;362.317
5;3;82;EB;0.0
5;3;82;from_grid;562.793
5;3;82;from_main_grid;562.793
5;3;82;from_network;0.0
5;3;83;HP;362.317
5;3;83;EB;0.0
5;3;83;from_grid;551.429
5;3;83;from_main_grid;551.429
5;3;83;from_network;0.0
5;3;84;HP;358.718
5;3;84;EB;0.0
5;3;84;from_grid;531.916
5;3;84;from_main_grid;531.916
5;3;84;from_network;0.0
5;3;85;HP;355.121
5;3;85;EB;0.0
5;3;85;from_grid;505.159
5;3;85;from_main_grid;330.809
5;3;85;from_network;174.35
5;3;86;HP;360.517
5;3;86;EB;0.0
5;3;86;from_grid;508.941
5;3;86;from_main_grid;141.731
5;3;86;from_network;367.21
5;3;87;HP;361.417
5;3;87;EB;0.0
5;3;87;from_grid;515.511
5;3;87;from_main_grid;381.426
5;3;87;from_network;134.086
5;3;88;HP;365.918
5;3;88;EB;0.0
5;3;88;from_grid;549.665
5;3;88;from_main_grid;549.665
5;3;88;from_network;0.0
5;3;89;HP;366.819
5;3;89;EB;0.0
5;3;89;from_grid;568.082
5;3;89;from_main_grid;568.082
5;3;89;from_network;0.0
5;3;90;HP;371.323
5;3;90;EB;0.0
5;3;90;from_grid;579.22
5;3;90;from_main_grid;579.22
5;3;90;from_network;0.0
5;3;91;HP;378.536
5;3;91;EB;0.0
5;3;91;from_grid;594.675
5;3;91;from_main_grid;594.675
5;3;91;from_network;0.0
5;3;92;HP;383.048
5;3;92;EB;0.0
5;3;92;from_grid;597.339
5;3;92;from_main_grid;597.339
5;3;92;from_network;0.0
5;3;93;HP;384.853
5;3;93;EB;0.0
5;3;93;from_grid;595.878
5;3;93;from_main_grid;595.878
5;3;93;from_network;0.0
5;3;94;HP;388.466
5;3;94;EB;0.0
5;3;94;from_grid;586.033
5;3;94;from_main_grid;586.033
5;3;94;from_network;0.0
5;3;95;HP;389.37
5;3;95;EB;0.0
5;3;95;from_grid;564.989
5;3;95;from_main_grid;564.989
5;3;95;from_network;0.0
5;3;96;HP;391.177
5;3;96;EB;0.0
5;3;96;from_grid;533.716
5;3;96;from_main_grid;533.716
5;3;96;from_network;0.0
5;3;97;HP;394.793
5;3;97;EB;0.0
5;3;97;from_grid;542.189
5;3;97;from_main_grid;542.189
5;3;97;from_network;0.0
5;3;98;HP;395.698
5;3;98;EB;0.0
5;3;98;from_grid;538.46
5;3;98;from_main_grid;538.46
5;3;98;from_network;0.0
5;3;99;HP;398.411
5;3;99;EB;0.0
5;3;99;from_grid;537.935
5;3;99;from_main_grid;537.935
5;3;99;from_network;0.0
5;3;100;HP;394.793
5;3;100;EB;0.0
5;3;100;from_grid;538.809
5;3;100;from_main_grid;538.809
5;3;100;from_network;0.0
5;3;101;HP;389.37
5;3;101;EB;0.0
5;3;101;from_grid;533.833
5;3;101;from_main_grid;533.833
5;3;101;from_network;0.0
5;3;102;HP;385.756
5;3;102;EB;0.0
5;3;102;from_grid;535.866
5;3;102;from_main_grid;535.866
5;3;102;from_network;0.0
5;3;103;HP;383.951
5;3;103;EB;0.0
5;3;103;from_grid;835.707
5;3;103;from_main_grid;835.707
5;3;103;from_network;0.0
5;3;104;HP;377.634
5;3;104;EB;0.0
5;3;104;from_grid;861.22
5;3;104;from_main_grid;861.22
5;3;104;from_network;0.0
5;3;105;HP;374.928
5;3;105;EB;134.878
5;3;105;from_grid;1020.013
5;3;105;from_main_grid;1020.013
5;3;105;from_network;0.0
5;3;106;HP;383.951
5;3;106;EB;271.752
5;3;106;from_grid;1186.683
5;3;106;from_main_grid;1186.683
5;3;106;from_network;0.0
5;3;107;HP;385.756
5;3;107;EB;271.752
5;3;107;from_grid;1163.333
5;3;107;from_main_grid;1163.333
5;3;107;from_network;0.0
5;3;108;HP;389.37
5;3;108;EB;271.752
5;3;108;from_grid;1108.923
5;3;108;from_main_grid;1108.923
5;3;108;from_network;0.0
5;3;109;HP;385.756
5;3;109;EB;222.998
5;3;109;from_grid;1046.658
5;3;109;from_main_grid;1046.658
5;3;109;from_network;0.0
5;3;110;HP;383.951
5;3;110;EB;158.472
5;3;110;from_grid;1019.389
5;3;110;from_main_grid;1019.389
5;3;110;from_network;0.0
5;3;111;HP;381.243
5;3;111;EB;144.791
5;3;111;from_grid;1023.942
5;3;111;from_main_grid;1023.942
5;3;111;from_network;0.0
5;3;112;HP;379.438
5;3;112;EB;100.326
5;3;112;from_grid;965.142
5;3;112;from_main_grid;965.142
5;3;112;from_network;0.0
5;3;113;HP;378.536
5;3;113;EB;86.63
5;3;113;from_grid;938.399
5;3;113;from_main_grid;938.399
5;3;113;from_network;0.0
5;3;114;HP;378.536
5;3;114;EB;129.191
5;3;114;from_grid;930.349
5;3;114;from_main_grid;930.349
5;3;114;from_network;0.0
5;3;115;HP;377.634
5;3;115;EB;102.437
5;3;115;from_grid;913.478
5;3;115;from_main_grid;913.478
5;3;115;from_network;0.0
5;3;116;HP;374.928
5;3;116;EB;118.442
5;3;116;from_grid;833.56
5;3;116;from_main_grid;833.56
5;3;116;from_network;0.0
5;3;117;HP;374.928
5;3;117;EB;174.785
5;3;117;from_grid;749.969
5;3;117;from_main_grid;749.969
5;3;117;from_network;0.0
5;3;118;HP;374.027
5;3;118;EB;123.641
5;3;118;from_grid;691.148
5;3;118;from_main_grid;691.148
5;3;118;from_network;0.0
5;3;119;HP;375.83
5;3;119;EB;124.476
5;3;119;from_grid;673.589
5;3;119;from_main_grid;673.589
5;3;119;from_network;0.0
5;3;120;HP;375.83
5;3;120;EB;133.68
5;3;120;from_grid;646.171
5;3;120;from_main_grid;646.171
5;3;120;from_network;0.0
5;3;121;HP;377.634
5;3;121;EB;132.706
5;3;121;from_grid;650.081
5;3;121;from_main_grid;650.081
5;3;121;from_network;0.0
5;3;122;HP;383.048
5;3;122;EB;152.447
5;3;122;from_grid;675.378
5;3;122;from_main_grid;675.378
5;3;122;from_network;0.0
5;3;123;HP;389.37
5;3;123;EB;171.811
5;3;123;from_grid;701.929
5;3;123;from_main_grid;701.929
5;3;123;from_network;0.0
5;3;124;HP;396.602
5;3;124;EB;205.202
5;3;124;from_grid;741.929
5;3;124;from_main_grid;741.929
5;3;124;from_network;0.0
5;3;125;HP;402.032
5;3;125;EB;229.978
5;3;125;from_grid;774.585
5;3;125;from_main_grid;774.585
5;3;125;from_network;0.0
5;3;126;HP;401.126
5;3;126;EB;254.778
5;3;126;from_grid;800.533
5;3;126;from_main_grid;800.533
5;3;126;from_network;0.0
5;3;127;HP;402.032
5;3;127;EB;108.583
5;3;127;from_grid;946.099
5;3;127;from_main_grid;946.099
5;3;127;from_network;0.0
5;3;128;HP;399.316
5;3;128;EB;31.603
5;3;128;from_grid;899.667
5;3;128;from_main_grid;899.667
5;3;128;from_network;0.0
5;3;129;HP;394.793
5;3;129;EB;3.747
5;3;129;from_grid;888.733
5;3;129;from_main_grid;888.733
5;3;129;from_network;0.0
5;3;130;HP;359.787
5;3;130;EB;0.0
5;3;130;from_grid;813.195
5;3;130;from_main_grid;813.195
5;3;130;from_network;0.0
5;3;131;HP;346.575
5;3;131;EB;0.0
5;3;131;from_grid;791.796
5;3;131;from_main_grid;791.796
5;3;131;from_network;0.0
5;3;132;HP;330.978
5;3;132;EB;0.0
5;3;132;from_grid;661.058
5;3;132;from_main_grid;661.058
5;3;132;from_network;0.0
5;3;133;HP;347.924
5;3;133;EB;0.0
5;3;133;from_grid;689.594
5;3;133;from_main_grid;689.594
5;3;133;from_network;0.0
5;3;134;HP;378.536
5;3;134;EB;0.0
5;3;134;from_grid;859.262
5;3;134;from_main_grid;859.262
5;3;134;from_network;0.0
5;3;135;HP;380.34
5;3;135;EB;0.0
5;3;135;from_grid;866.807
5;3;135;from_main_grid;866.807
5;3;135;from_network;0.0
5;3;136;HP;378.536
5;3;136;EB;0.0
5;3;136;from_grid;868.542
5;3;136;from_main_grid;868.542
5;3;136;from_network;0.0
5;3;137;HP;383.951
5;3;137;EB;0.0
5;3;137;from_grid;841.705
5;3;137;from_main_grid;841.705
5;3;137;from_network;0.0
5;3;138;HP;385.756
5;3;138;EB;0.0
5;3;138;from_grid;792.453
5;3;138;from_main_grid;792.453
5;3;138;from_network;0.0
5;3;139;HP;388.466
5;3;139;EB;0.0
5;3;139;from_grid;817.403
5;3;139;from_main_grid;817.403
5;3;139;from_network;0.0
5;3;140;HP;392.985
5;3;140;EB;0.0
5;3;140;from_grid;711.997
5;3;140;from_main_grid;711.997
5;3;140;from_network;0.0
5;3;141;HP;395.698
5;3;141;EB;0.0
5;3;141;from_grid;602.622
5;3;141;from_main_grid;602.622
5;3;141;from_network;0.0
5;3;142;HP;398.411
5;3;142;EB;0.0
5;3;142;from_grid;596.494
5;3;142;from_main_grid;596.494
5;3;142;from_network;0.0
5;3;143;HP;400.221
5;3;143;EB;0.0
5;3;143;from_grid;574.959
5;3;143;from_main_grid;574.959
5;3;143;from_network;0.0
5;3;144;HP;394.793
5;3;144;EB;0.0
5;3;144;from_grid;531.636
5;3;144;from_main_grid;531.636
5;3;144;from_network;0.0
5;3;145;HP;399.316
5;3;145;EB;0.0
5;3;145;from_grid;540.054
5;3;145;from_main_grid;540.054
5;3;145;from_network;0.0
5;3;146;HP;397.507
5;3;146;EB;0.0
5;3;146;from_grid;535.372
5;3;146;from_main_grid;535.372
5;3;146;from_network;0.0
5;3;147;HP;402.032
5;3;147;EB;0.0
5;3;147;from_grid;540.465
5;3;147;from_main_grid;540.465
5;3;147;from_network;0.0
5;3;148;HP;400.221
5;3;148;EB;0.0
5;3;148;from_grid;536.702
5;3;148;from_main_grid;536.702
5;3;148;from_network;0.0
5;3;149;HP;401.126
5;3;149;EB;0.0
5;3;149;from_grid;539.449
5;3;149;from_main_grid;539.449
5;3;149;from_network;0.0
5;3;150;HP;398.411
5;3;150;EB;0.0
5;3;150;from_grid;543.949
5;3;150;from_main_grid;543.949
5;3;150;from_network;0.0
5;3;151;HP;394.793
5;3;151;EB;0.0
5;3;151;from_grid;829.647
5;3;151;from_main_grid;829.647
5;3;151;from_network;0.0
5;3;152;HP;367.885
5;3;152;EB;0.0
5;3;152;from_grid;835.516
5;3;152;from_main_grid;835.516
5;3;152;from_network;0.0
5;3;153;HP;318.777
5;3;153;EB;0.0
5;3;153;from_grid;781.825
5;3;153;from_main_grid;781.825
5;3;153;from_network;0.0
5;3;154;HP;302.767
5;3;154;EB;0.0
5;3;154;from_grid;684.007
5;3;154;from_main_grid;600.485
5;3;154;from_network;83.522
5;3;155;HP;267.545
5;3;155;EB;0.0
5;3;155;from_grid;647.092
5;3;155;from_main_grid;647.092
5;3;155;from_network;0.0
5;3;156;HP;250.837
5;3;156;EB;0.0
5;3;156;from_grid;675.449
5;3;156;from_main_grid;675.449
5;3;156;from_network;0.0
5;3;157;HP;355.121
5;3;157;EB;0.0
5;3;157;from_grid;764.393
5;3;157;from_main_grid;764.393
5;3;157;from_network;0.0
5;3;158;HP;116.55
5;3;158;EB;0.0
5;3;158;from_grid;577.12
5;3;158;from_main_grid;577.12
5;3;158;from_network;0.0
5;3;159;HP;242.024
5;3;159;EB;0.0
5;3;159;from_grid;724.008
5;3;159;from_main_grid;724.008
5;3;159;from_network;0.0
5;3;160;HP;238.013
5;3;160;EB;0.0
5;3;160;from_grid;708.331
5;3;160;from_main_grid;708.331
5;3;160;from_network;0.0
5;3;161;HP;233.002
5;3;161;EB;0.0
5;3;161;from_grid;697.463
5;3;161;from_main_grid;697.463
5;3;161;from_network;0.0
5;3;162;HP;255.503
5;3;162;EB;0.0
5;3;162;from_grid;673.974
5;3;162;from_main_grid;673.974
5;3;162;from_network;0.0
5;3;163;HP;355.121
5;3;163;EB;0.0
5;3;163;from_grid;776.704
5;3;163;from_main_grid;776.704
5;3;163;from_network;0.0
5;3;164;HP;351.525
5;3;164;EB;0.0
5;3;164;from_grid;700.519
5;3;164;from_main_grid;700.519
5;3;164;from_network;0.0
5;3;165;HP;352.424
5;3;165;EB;0.0
5;3;165;from_grid;554.002
5;3;165;from_main_grid;554.002
5;3;165;from_network;0.0
5;3;166;HP;353.323
5;3;166;EB;0.0
5;3;166;from_grid;544.373
5;3;166;from_main_grid;544.373
5;3;166;from_network;0.0
5;3;167;HP;356.919
5;3;167;EB;0.0
5;3;167;from_grid;532.494
5;3;167;from_main_grid;532.494
5;3;167;from_network;0.0
10;0;0;HP;0.0
10;0;0;EB;0.0
10;0;0;from_grid;147.77
10;0;0;from_main_grid;147.77
10;0;0;from_network;0.0
10;0;1;HP;171.907
10;0;1;EB;0.0
10;0;1;from_grid;324.008
10;0;1;from_main_grid;324.008
10;0;1;from_network;0.0
10;0;2;HP;0.0
10;0;2;EB;0.0
10;0;2;from_grid;147.638
10;0;2;from_main_grid;147.638
10;0;2;from_network;0.0
10;0;3;HP;220.115
10;0;3;EB;0.0
10;0;3;from_grid;368.65
10;0;3;from_main_grid;368.65
10;0;3;from_network;0.0
10;0;4;HP;226.652
10;0;4;EB;0.0
10;0;4;from_grid;375.622
10;0;4;from_main_grid;375.622
10;0;4;from_network;0.0
10;0;5;HP;232.251
10;0;5;EB;0.0
10;0;5;from_grid;379.516
10;0;5;from_main_grid;379.516
10;0;5;from_network;0.0
10;0;6;HP;247.932
10;0;6;EB;0.0
10;0;6;from_grid;401.118
10;0;6;from_main_grid;401.118
10;0;6;from_network;0.0
10;0;7;HP;208.655
10;0;7;EB;0.0
10;0;7;from_grid;664.266
10;0;7;from_main_grid;664.266
10;0;7;from_network;0.0
10;0;8;HP;189.306
10;0;8;EB;0.0
10;0;8;from_grid;658.481
10;0;8;from_main_grid;658.481
10;0;8;from_network;0.0
10;0;9;HP;190.743
10;0;9;EB;0.0
10;0;9;from_grid;541.306
10;0;9;from_main_grid;206.774
10;0;9;from_network;334.532
10;0;10;HP;164.034
10;0;10;EB;0.0
10;0;10;from_grid;537.802
10;0;10;from_main_grid;116.073
10;0;10;from_network;421.729
10;0;11;HP;151.496
10;0;11;EB;0.0
10;0;11;from_grid;516.786
10;0;11;from_main_grid;475.883
10;0;11;from_network;40.903
10;0;12;HP;130.754
10;0;12;EB;0.0
10;0;12;from_grid;473.644
10;0;12;from_main_grid;237.356
10;0;12;from_network;236.288
10;0;13;HP;233.676
10;0;13;EB;0.0
10;0;13;from_grid;596.867
10;0;13;from_main_grid;596.867
10;0;13;from_network;0.0
10;0;14;HP;0.0
10;0;14;EB;0.0
10;0;14;from_grid;392.271
10;0;14;from_main_grid;392.271
10;0;14;from_network;0.0
10;0;15;HP;121.629
10;0;15;EB;0.0
10;0;15;from_grid;462.026
10;0;15;from_main_grid;243.381
10;0;15;from_network;218.645
10;0;16;HP;113.972
10;0;16;EB;0.0
10;0;16;from_grid;445.879
10;0;16;from_main_grid;445.879
10;0;16;from_network;0.0
10;0;17;HP;107.562
10;0;17;EB;0.0
10;0;17;from_grid;542.728
10;0;17;from_main_grid;542.728
10;0;17;from_network;0.0
10;0;18;HP;323.717
10;0;18;EB;0.0
10;0;18;from_grid;759.545
10;0;18;from_main_grid;759.545
10;0;18;from_network;0.0
10;0;19;HP;0.0
10;0;19;EB;0.0
10;0;19;from_grid;444.103
10;0;19;from_main_grid;444.103
10;0;19;from_network;0.0
10;0;20;HP;86.281
10;0;20;EB;0.0
10;0;20;from_grid;436.769
10;0;20;from_main_grid;436.769
10;0;20;from_network;0.0
10;0;21;HP;329.092
10;0;21;EB;0.0
10;0;21;from_grid;539.336
10;0;21;from_main_grid;539.336
10;0;21;from_network;0.0
10;0;22;HP;334.47
10;0;22;EB;0.0
10;0;22;from_grid;529.213
10;0;22;from_main_grid;529.213
10;0;22;from_network;0.0
10;0;23;HP;338.954
10;0;23;EB;0.0
10;0;23;from_grid;522.236
10;0;23;from_main_grid;522.236
10;0;23;from_network;0.0
10;0;24;HP;0.0
10;0;24;EB;0.0
10;0;24;from_grid;148.336
10;0;24;from_main_grid;148.336
10;0;24;from_network;0.0
10;0;25;HP;0.0
10;0;25;EB;0.0
10;0;25;from_grid;147.39
10;0;25;from_main_grid;147.39
10;0;25;from_network;0.0
10;0;26;HP;135.597
10;0;26;EB;0.0
10;0;26;from_grid;279.52
10;0;26;from_main_grid;279.52
10;0;26;from_network;0.0
10;0;27;HP;353.323
10;0;27;EB;0.0
10;0;27;from_grid;501.707
10;0;27;from_main_grid;501.707
10;0;27;from_network;0.0
10;0;28;HP;354.222
10;0;28;EB;0.0
10;0;28;from_grid;503.778
10;0;28;from_main_grid;503.778
10;0;28;from_network;0.0
10;0;29;HP;360.517
10;0;29;EB;0.0
10;0;29;from_grid;509.136
10;0;29;from_main_grid;509.136
10;0;29;from_network;0.0
10;0;30;HP;0.0
10;0;30;EB;0.0
10;0;30;from_grid;161.16
10;0;30;from_main_grid;161.16
10;0;30;from_network;0.0
10;0;31;HP;161.206
10;0;31;EB;0.0
10;0;31;from_grid;617.808
10;0;31;from_main_grid;617.808
10;0;31;from_network;0.0
10;0;32;HP;217.899
10;0;32;EB;0.0
10;0;32;from_grid;691.189
10;0;32;from_main_grid;691.189
10;0;32;from_network;0.0
10;0;33;HP;215.287
10;0;33;EB;0.0
10;0;33;from_grid;570.725
10;0;33;from_main_grid;308.496
10;0;33;from_network;262.229
10;0;34;HP;187.162
10;0;34;EB;0.0
10;0;34;from_grid;557.765
10;0;34;from_main_grid;81.976
10;0;34;from_network;475.788
10;0;35;HP;162.339
10;0;35;EB;0.0
10;0;35;from_grid;525.093
10;0;35;from_main_grid;24.981
10;0;35;from_network;500.112
10;0;36;HP;161.37
10;0;36;EB;0.0
10;0;36;from_grid;518.199
10;0;36;from_main_grid;201.128
10;0;36;from_network;317.071
10;0;37;HP;154.415
10;0;37;EB;0.0
10;0;37;from_grid;506.046
10;0;37;from_main_grid;0.0
10;0;37;from_network;506.046
10;0;38;HP;255.846
10;0;38;EB;0.0
10;0;38;from_grid;629.885
10;0;38;from_main_grid;0.0
10;0;38;from_network;629.885
10;0;39;HP;253.45
10;0;39;EB;0.0
10;0;39;from_grid;593.176
10;0;39;from_main_grid;0.0
10;0;39;from_network;593.176
10;0;40;HP;0.84
10;0;40;EB;0.0
10;0;40;from_grid;341.189
10;0;40;from_main_grid;113.307
10;0;40;from_network;227.881
10;0;41;HP;322.822
10;0;41;EB;0.0
10;0;41;from_grid;705.334
10;0;41;from_main_grid;705.334
10;0;41;from_network;0.0
10;0;42;HP;322.822
10;0;42;EB;0.0
10;0;42;from_grid;754.597
10;0;42;from_main_grid;754.597
10;0;42;from_network;0.0
10;0;43;HP;328.196
10;0;43;EB;0.0
10;0;43;from_grid;787.155
10;0;43;from_main_grid;787.155
10;0;43;from_network;0.0
10;0;44;HP;332.676
10;0;44;EB;0.0
10;0;44;from_grid;671.929
10;0;44;from_main_grid;671.929
10;0;44;from_network;0.0
10;0;45;HP;0.0
10;0;45;EB;0.0
10;0;45;from_grid;217.236
10;0;45;from_main_grid;217.236
10;0;45;from_network;0.0
10;0;46;HP;0.0
10;0;46;EB;0.0
10;0;46;from_grid;199.022
10;0;46;from_main_grid;199.022
10;0;46;from_network;0.0
10;0;47;HP;0.0
10;0;47;EB;0.0
10;0;47;from_grid;180.544
10;0;47;from_main_grid;180.544
10;0;47;from_network;0.0
10;0;48;HP;0.0
10;0;48;EB;0.0
10;0;48;from_grid;146.92
10;0;48;from_main_grid;146.92
10;0;48;from_network;0.0
10;0;49;HP;0.0
10;0;49;EB;0.0
10;0;49;from_grid;149.82
10;0;49;from_main_grid;149.82
10;0;49;from_network;0.0
10;0;50;HP;0.0
10;0;50;EB;0.0
10;0;50;from_grid;150.462
10;0;50;from_main_grid;150.462
10;0;50;from_network;0.0
10;0;51;HP;0.0
10;0;51;EB;0.0
10;0;51;from_grid;144.922
10;0;51;from_main_grid;144.922
10;0;51;from_network;0.0
10;0;52;HP;0.0
10;0;52;EB;0.0
10;0;52;from_grid;147.904
10;0;52;from_main_grid;147.904
10;0;52;from_network;0.0
10;0;53;HP;0.0
10;0;53;EB;0.0
10;0;53;from_grid;148.174
10;0;53;from_main_grid;148.174
10;0;53;from_network;0.0
10;0;54;HP;84.932
10;0;54;EB;0.0
10;0;54;from_grid;243.352
10;0;54;from_main_grid;243.352
10;0;54;from_network;0.0
10;0;55;HP;106.557
10;0;55;EB;0.0
10;0;55;from_grid;515.633
10;0;55;from_main_grid;515.633
10;0;55;from_network;0.0
10;0;56;HP;103.978
10;0;56;EB;0.0
10;0;56;from_grid;514.082
10;0;56;from_main_grid;514.082
10;0;56;from_network;0.0
10;0;57;HP;95.546
10;0;57;EB;0.0
10;0;57;from_grid;416.96
10;0;57;from_main_grid;416.96
10;0;57;from_network;0.0
10;0;58;HP;87.4
10;0;58;EB;0.0
10;0;58;from_grid;394.53
10;0;58;from_main_grid;87.737
10;0;58;from_network;306.793
10;0;59;HP;79.518
10;0;59;EB;0.0
10;0;59;from_grid;391.862
10;0;59;from_main_grid;0.0
10;0;59;from_network;391.862
10;0;60;HP;219.45
10;0;60;EB;0.0
10;0;60;from_grid;535.601
10;0;60;from_main_grid;514.48
10;0;60;from_network;21.12
10;0;61;HP;0.0
10;0;61;EB;0.0
10;0;61;from_grid;345.73
10;0;61;from_main_grid;345.73
10;0;61;from_network;0.0
10;0;62;HP;0.0
10;0;62;EB;0.0
10;0;62;from_grid;367.695
10;0;62;from_main_grid;367.695
10;0;62;from_network;0.0
10;0;63;HP;76.766
10;0;63;EB;0.0
10;0;63;from_grid;381.661
10;0;63;from_main_grid;0.0
10;0;63;from_network;381.661
10;0;64;HP;59.613
10;0;64;EB;0.0
10;0;64;from_grid;372.002
10;0;64;from_main_grid;0.0
10;0;64;from_network;372.002
10;0;65;HP;50.262
10;0;65;EB;0.0
10;0;65;from_grid;422.61
10;0;65;from_main_grid;422.61
10;0;65;from_network;0.0
10;0;66;HP;58.481
10;0;66;EB;0.0
10;0;66;from_grid;502.405
10;0;66;from_main_grid;502.405
10;0;66;from_network;0.0
10;0;67;HP;171.528
10;0;67;EB;0.0
10;0;67;from_grid;624.661
10;0;67;from_main_grid;624.661
10;0;67;from_network;0.0
10;0;68;HP;296.897
10;0;68;EB;0.0
10;0;68;from_grid;651.569
10;0;68;from_main_grid;651.569
10;0;68;from_network;0.0
10;0;69;HP;296.897
10;0;69;EB;0.0
10;0;69;from_grid;517.697
10;0;69;from_main_grid;517.697
10;0;69;from_network;0.0
10;0;70;HP;301.361
10;0;70;EB;0.0
10;0;70;from_grid;501.591
10;0;70;from_main_grid;501.591
10;0;70;from_network;0.0
10;0;71;HP;316.557
10;0;71;EB;0.0
10;0;71;from_grid;505.708
10;0;71;from_main_grid;505.708
10;0;71;from_network;0.0
10;0;72;HP;0.0
10;0;72;EB;0.0
10;0;72;from_grid;140.001
10;0;72;from_main_grid;140.001
10;0;72;from_network;0.0
10;0;73;HP;0.0
10;0;73;EB;0.0
10;0;73;from_grid;139.906
10;0;73;from_main_grid;139.906
10;0;73;from_network;0.0
10;0;74;HP;0.0
10;0;74;EB;0.0
10;0;74;from_grid;138.774
10;0;74;from_main_grid;138.774
10;0;74;from_network;0.0
10;0;75;HP;0.0
10;0;75;EB;0.0
10;0;75;from_grid;139.524
10;0;75;from_main_grid;139.524
10;0;75;from_network;0.0
10;0;76;HP;0.0
10;0;76;EB;0.0
10;0;76;from_grid;143.338
10;0;76;from_main_grid;143.338
10;0;76;from_network;0.0
10;0;77;HP;0.0
10;0;77;EB;0.0
10;0;77;from_grid;143.901
10;0;77;from_main_grid;143.901
10;0;77;from_network;0.0
10;0;78;HP;0.0
10;0;78;EB;0.0
10;0;78;from_grid;143.165
10;0;78;from_main_grid;143.165
10;0;78;from_network;0.0
10;0;79;HP;0.0
10;0;79;EB;0.0
10;0;79;from_grid;153.595
10;0;79;from_main_grid;153.595
10;0;79;from_network;0.0
10;0;80;HP;0.0
10;0;80;EB;0.0
10;0;80;from_grid;172.307
10;0;80;from_main_grid;172.307
10;0;80;from_network;0.0
10;0;81;HP;0.0
10;0;81;EB;0.0
10;0;81;from_grid;172.317
10;0;81;from_main_grid;172.317
10;0;81;from_network;0.0
10;0;82;HP;147.123
10;0;82;EB;0.0
10;0;82;from_grid;316.338
10;0;82;from_main_grid;316.338
10;0;82;from_network;0.0
10;0;83;HP;137.542
10;0;83;EB;0.0
10;0;83;from_grid;282.481
10;0;83;from_main_grid;282.481
10;0;83;from_network;0.0
10;0;84;HP;137.834
10;0;84;EB;0.0
10;0;84;from_grid;276.951
10;0;84;from_main_grid;155.717
10;0;84;from_network;121.234
10;0;85;HP;134.644
10;0;85;EB;0.0
10;0;85;from_grid;272.029
10;0;85;from_main_grid;187.312
10;0;85;from_network;84.717
10;0;86;HP;132.828
10;0;86;EB;0.0
10;0;86;from_grid;281.239
10;0;86;from_main_grid;281.239
10;0;86;from_network;0.0
10;0;87;HP;133.199
10;0;87;EB;0.0
10;0;87;from_grid;261.23
10;0;87;from_main_grid;193.492
10;0;87;from_network;67.738
10;0;88;HP;353.323
10;0;88;EB;0.0
10;0;88;from_grid;499.756
10;0;88;from_main_grid;499.756
10;0;88;from_network;0.0
10;0;89;HP;357.818
10;0;89;EB;0.0
10;0;89;from_grid;510.94
10;0;89;from_main_grid;510.94
10;0;89;from_network;0.0
10;0;90;HP;166.026
10;0;90;EB;0.0
10;0;90;from_grid;361.428
10;0;90;from_main_grid;361.428
10;0;90;from_network;0.0
10;0;91;HP;365.918
10;0;91;EB;0.0
10;0;91;from_grid;585.039
10;0;91;from_main_grid;585.039
10;0;91;from_network;0.0
10;0;92;HP;367.719
10;0;92;EB;0.0
10;0;92;from_grid;574.983
10;0;92;from_main_grid;574.983
10;0;92;from_network;0.0
10;0;93;HP;372.224
10;0;93;EB;0.0
10;0;93;from_grid;578.805
10;0;93;from_main_grid;578.805
10;0;93;from_network;0.0
10;0;94;HP;373.125
10;0;94;EB;0.0
10;0;94;from_grid;560.396
10;0;94;from_main_grid;560.396
10;0;94;from_network;0.0
10;0;95;HP;373.125
10;0;95;EB;0.0
10;0;95;from_grid;544.698
10;0;95;from_main_grid;544.698
10;0;95;from_network;0.0
10;0;96;HP;375.83
10;0;96;EB;0.0
10;0;96;from_grid;514.019
10;0;96;from_main_grid;514.019
10;0;96;from_network;0.0
10;0;97;HP;379.438
10;0;97;EB;0.0
10;0;97;from_grid;522.01
10;0;97;from_main_grid;522.01
10;0;97;from_network;0.0
10;0;98;HP;381.243
10;0;98;EB;0.0
10;0;98;from_grid;520.109
10;0;98;from_main_grid;520.109
10;0;98;from_network;0.0
10;0;99;HP;383.951
10;0;99;EB;0.0
10;0;99;from_grid;522.53
10;0;99;from_main_grid;522.53
10;0;99;from_network;0.0
10;0;100;HP;383.951
10;0;100;EB;0.0
10;0;100;from_grid;525.389
10;0;100;from_main_grid;525.389
10;0;100;from_network;0.0
10;0;101;HP;383.951
10;0;101;EB;0.0
10;0;101;from_grid;524.014
10;0;101;from_main_grid;524.014
10;0;101;from_network;0.0
10;0;102;HP;382.145
10;0;102;EB;0.0
10;0;102;from_grid;523.658
10;0;102;from_main_grid;523.658
10;0;102;from_network;0.0
10;0;103;HP;383.048
10;0;103;EB;0.0
10;0;103;from_grid;809.808
10;0;103;from_main_grid;809.808
10;0;103;from_network;0.0
10;0;104;HP;380.34
10;0;104;EB;0.0
10;0;104;from_grid;810.161
10;0;104;from_main_grid;810.161
10;0;104;from_network;0.0
10;0;105;HP;376.732
10;0;105;EB;0.0
10;0;105;from_grid;716.338
10;0;105;from_main_grid;716.338
10;0;105;from_network;0.0
10;0;106;HP;373.125
10;0;106;EB;0.0
10;0;106;from_grid;723.812
10;0;106;from_main_grid;709.973
10;0;106;from_network;13.84
10;0;107;HP;369.521
10;0;107;EB;0.0
10;0;107;from_grid;723.856
10;0;107;from_main_grid;723.856
10;0;107;from_network;0.0
10;0;108;HP;347.689
10;0;108;EB;0.0
10;0;108;from_grid;694.986
10;0;108;from_main_grid;694.986
10;0;108;from_network;0.0
10;0;109;HP;316.522
10;0;109;EB;0.0
10;0;109;from_grid;676.144
10;0;109;from_main_grid;676.144
10;0;109;from_network;0.0
10;0;110;HP;355.121
10;0;110;EB;0.0
10;0;110;from_grid;705.103
10;0;110;from_main_grid;335.757
10;0;110;from_network;369.345
10;0;111;HP;351.525
10;0;111;EB;0.0
10;0;111;from_grid;681.732
10;0;111;from_main_grid;370.865
10;0;111;from_network;310.867
10;0;112;HP;352.424
10;0;112;EB;0.0
10;0;112;from_grid;769.178
10;0;112;from_main_grid;769.178
10;0;112;from_network;0.0
10;0;113;HP;363.217
10;0;113;EB;0.0
10;0;113;from_grid;800.184
10;0;113;from_main_grid;800.184
10;0;113;from_network;0.0
10;0;114;HP;366.819
10;0;114;EB;0.0
10;0;114;from_grid;779.803
10;0;114;from_main_grid;779.803
10;0;114;from_network;0.0
10;0;115;HP;323.055
10;0;115;EB;0.0
10;0;115;from_grid;738.402
10;0;115;from_main_grid;738.402
10;0;115;from_network;0.0
10;0;116;HP;0.0
10;0;116;EB;0.0
10;0;116;from_grid;325.59
10;0;116;from_main_grid;325.59
10;0;116;from_network;0.0
10;0;117;HP;365.767
10;0;117;EB;0.0
10;0;117;from_grid;567.885
10;0;117;from_main_grid;567.885
10;0;117;from_network;0.0
10;0;118;HP;364.907
10;0;118;EB;0.0
10;0;118;from_grid;553.558
10;0;118;from_main_grid;553.558
10;0;118;from_network;0.0
10;0;119;HP;368.355
10;0;119;EB;0.0
10;0;119;from_grid;557.846
10;0;119;from_main_grid;557.846
10;0;119;from_network;0.0
10;0;120;HP;381.482
10;0;120;EB;0.0
10;0;120;from_grid;519.154
10;0;120;from_main_grid;519.154
10;0;120;from_network;0.0
10;0;121;HP;384.85
10;0;121;EB;0.0
10;0;121;from_grid;525.656
10;0;121;from_main_grid;525.656
10;0;121;from_network;0.0
10;0;122;HP;384.853
10;0;122;EB;0.0
10;0;122;from_grid;524.007
10;0;122;from_main_grid;524.007
10;0;122;from_network;0.0
10;0;123;HP;388.466
10;0;123;EB;0.0
10;0;123;from_grid;528.784
10;0;123;from_main_grid;528.784
10;0;123;from_network;0.0
10;0;124;HP;388.466
10;0;124;EB;0.0
10;0;124;from_grid;529.242
10;0;124;from_main_grid;529.242
10;0;124;from_network;0.0
10;0;125;HP;388.466
10;0;125;EB;0.0
10;0;125;from_grid;525.955
10;0;125;from_main_grid;525.955
10;0;125;from_network;0.0
10;0;126;HP;386.66
10;0;126;EB;0.0
10;0;126;from_grid;529.877
10;0;126;from_main_grid;529.877
10;0;126;from_network;0.0
10;0;127;HP;351.683
10;0;127;EB;0.0
10;0;127;from_grid;782.53
10;0;127;from_main_grid;782.53
10;0;127;from_network;0.0
10;0;128;HP;323.229
10;0;128;EB;0.0
10;0;128;from_grid;768.1
10;0;128;from_main_grid;768.1
10;0;128;from_network;0.0
10;0;129;HP;322.013
10;0;129;EB;0.0
10;0;129;from_grid;639.798
10;0;129;from_main_grid;433.742
10;0;129;from_network;206.056
10;0;130;HP;291.806
10;0;130;EB;0.0
10;0;130;from_grid;637.87
10;0;130;from_main_grid;436.547
10;0;130;from_network;201.323
10;0;131;HP;281.5
10;0;131;EB;0.0
10;0;131;from_grid;619.106
10;0;131;from_main_grid;619.106
10;0;131;from_network;0.0
10;0;132;HP;281.42
10;0;132;EB;0.0
10;0;132;from_grid;648.284
10;0;132;from_main_grid;648.284
10;0;132;from_network;0.0
10;0;133;HP;252.684
10;0;133;EB;0.0
10;0;133;from_grid;574.472
10;0;133;from_main_grid;567.371
10;0;133;from_network;7.101
10;0;134;HP;238.058
10;0;134;EB;0.0
10;0;134;from_grid;585.557
10;0;134;from_main_grid;585.557
10;0;134;from_network;0.0
10;0;135;HP;360.517
10;0;135;EB;0.0
10;0;135;from_grid;686.409
10;0;135;from_main_grid;502.266
10;0;135;from_network;184.143
10;0;136;HP;362.317
10;0;136;EB;0.0
10;0;136;from_grid;673.04
10;0;136;from_main_grid;673.04
10;0;136;from_network;0.0
10;0;137;HP;364.117
10;0;137;EB;0.0
10;0;137;from_grid;672.954
10;0;137;from_main_grid;556.018
10;0;137;from_network;116.936
10;0;138;HP;372.224
10;0;138;EB;0.0
10;0;138;from_grid;767.933
10;0;138;from_main_grid;767.933
10;0;138;from_network;0.0
10;0;139;HP;376.732
10;0;139;EB;0.0
10;0;139;from_grid;794.205
10;0;139;from_main_grid;794.205
10;0;139;from_network;0.0
10;0;140;HP;381.243
10;0;140;EB;0.0
10;0;140;from_grid;711.237
10;0;140;from_main_grid;711.237
10;0;140;from_network;0.0
10;0;141;HP;306.979
10;0;141;EB;0.0
10;0;141;from_grid;512.716
10;0;141;from_main_grid;512.716
10;0;141;from_network;0.0
10;0;142;HP;0.0
10;0;142;EB;0.0
10;0;142;from_grid;204.737
10;0;142;from_main_grid;204.737
10;0;142;from_network;0.0
10;0;143;HP;0.0
10;0;143;EB;0.0
10;0;143;from_grid;182.726
10;0;143;from_main_grid;182.726
10;0;143;from_network;0.0
10;0;144;HP;394.793
10;0;144;EB;0.0
10;0;144;from_grid;534.376
10;0;144;from_main_grid;534.376
10;0;144;from_network;0.0
10;0;145;HP;402.032
10;0;145;EB;0.0
10;0;145;from_grid;541.057
10;0;145;from_main_grid;541.057
10;0;145;from_network;0.0
10;0;146;HP;401.126
10;0;146;EB;0.0
10;0;146;from_grid;540.337
10;0;146;from_main_grid;540.337
10;0;146;from_network;0.0
10;0;147;HP;408.372
10;0;147;EB;0.0
10;0;147;from_grid;548.969
10;0;147;from_main_grid;548.969
10;0;147;from_network;0.0
10;0;148;HP;411.091
10;0;148;EB;0.0
10;0;148;from_grid;552.822
10;0;148;from_main_grid;552.822
10;0;148;from_network;0.0
10;0;149;HP;413.811
10;0;149;EB;0.0
10;0;149;from_grid;559.97
10;0;149;from_main_grid;559.97
10;0;149;from_network;0.0
10;0;150;HP;421.072
10;0;150;EB;0.0
10;0;150;from_grid;565.923
10;0;150;from_main_grid;565.923
10;0;150;from_network;0.0
10;0;151;HP;420.164
10;0;151;EB;0.0
10;0;151;from_grid;849.513
10;0;151;from_main_grid;849.513
10;0;151;from_network;0.0
10;0;152;HP;399.173
10;0;152;EB;0.0
10;0;152;from_grid;763.311
10;0;152;from_main_grid;763.311
10;0;152;from_network;0.0
10;0;153;HP;374.393
10;0;153;EB;0.0
10;0;153;from_grid;699.383
10;0;153;from_main_grid;185.035
10;0;153;from_network;514.349
10;0;154;HP;327.759
10;0;154;EB;0.0
10;0;154;from_grid;672.596
10;0;154;from_main_grid;0.0
10;0;154;from_network;672.596
10;0;155;HP;306.108
10;0;155;EB;0.0
10;0;155;from_grid;637.044
10;0;155;from_main_grid;199.835
10;0;155;from_network;437.209
10;0;156;HP;287.802
10;0;156;EB;0.0
10;0;156;from_grid;610.223
10;0;156;from_main_grid;0.0
10;0;156;from_network;610.223
10;0;157;HP;378.536
10;0;157;EB;0.0
10;0;157;from_grid;699.807
10;0;157;from_main_grid;488.969
10;0;157;from_network;210.837
10;0;158;HP;383.951
10;0;158;EB;0.0
10;0;158;from_grid;745.363
10;0;158;from_main_grid;745.363
10;0;158;from_network;0.0
10;0;159;HP;383.048
10;0;159;EB;0.0
10;0;159;from_grid;712.264
10;0;159;from_main_grid;712.264
10;0;159;from_network;0.0
10;0;160;HP;393.889
10;0;160;EB;0.0
10;0;160;from_grid;709.735
10;0;160;from_main_grid;506.691
10;0;160;from_network;203.044
10;0;161;HP;396.602
10;0;161;EB;0.0
10;0;161;from_grid;710.047
10;0;161;from_main_grid;704.088
10;0;161;from_network;5.959
10;0;162;HP;396.602
10;0;162;EB;0.0
10;0;162;from_grid;799.013
10;0;162;from_main_grid;799.013
10;0;162;from_network;0.0
10;0;163;HP;405.654
10;0;163;EB;0.0
10;0;163;from_grid;835.791
10;0;163;from_main_grid;835.791
10;0;163;from_network;0.0
10;0;164;HP;410.185
10;0;164;EB;0.0
10;0;164;from_grid;737.007
10;0;164;from_main_grid;737.007
10;0;164;from_network;0.0
10;0;165;HP;415.626
10;0;165;EB;0.0
10;0;165;from_grid;619.829
10;0;165;from_main_grid;619.829
10;0;165;from_network;0.0
10;0;166;HP;231.121
10;0;166;EB;0.0
10;0;166;from_grid;423.625
10;0;166;from_main_grid;423.625
10;0;166;from_network;0.0
10;0;167;HP;413.811
10;0;167;EB;0.0
10;0;167;from_grid;583.268
10;0;167;from_main_grid;583.268
10;0;167;from_network;0.0
10;1;0;HP;0.0
10;1;0;EB;0.0
10;1;0;from_grid;138.851
10;1;0;from_main_grid;138.851
10;1;0;from_network;0.0
10;1;1;HP;0.0
10;1;1;EB;0.0
10;1;1;from_grid;142.253
10;1;1;from_main_grid;142.253
10;1;1;from_network;0.0
10;1;2;HP;0.0
10;1;2;EB;0.0
10;1;2;from_grid;141.421
10;1;2;from_main_grid;141.421
10;1;2;from_network;0.0
10;1;3;HP;0.0
10;1;3;EB;0.0
10;1;3;from_grid;140.014
10;1;3;from_main_grid;140.014
10;1;3;from_network;0.0
10;1;4;HP;0.0
10;1;4;EB;0.0
10;1;4;from_grid;141.186
10;1;4;from_main_grid;141.186
10;1;4;from_network;0.0
10;1;5;HP;0.0
10;1;5;EB;0.0
10;1;5;from_grid;143.169
10;1;5;from_main_grid;143.169
10;1;5;from_network;0.0
10;1;6;HP;0.0
10;1;6;EB;0.0
10;1;6;from_grid;146.213
10;1;6;from_main_grid;146.213
10;1;6;from_network;0.0
10;1;7;HP;0.0
10;1;7;EB;0.0
10;1;7;from_grid;283.492
10;1;7;from_main_grid;188.905
10;1;7;from_network;94.588
10;1;8;HP;0.0
10;1;8;EB;0.0
10;1;8;from_grid;312.173
10;1;8;from_main_grid;0.0
10;1;8;from_network;312.173
10;1;9;HP;0.0
10;1;9;EB;0.0
10;1;9;from_grid;335.542
10;1;9;from_main_grid;0.0
10;1;9;from_network;335.542
10;1;10;HP;0.0
10;1;10;EB;0.0
10;1;10;from_grid;350.707
10;1;10;from_main_grid;0.0
10;1;10;from_network;350.707
10;1;11;HP;0.0
10;1;11;EB;0.0
10;1;11;from_grid;332.356
10;1;11;from_main_grid;0.0
10;1;11;from_network;332.356
10;1;12;HP;0.0
10;1;12;EB;0.0
10;1;12;from_grid;318.428
10;1;12;from_main_grid;0.0
10;1;12;from_network;318.428
10;1;13;HP;0.0
10;1;13;EB;0.0
10;1;13;from_grid;328.607
10;1;13;from_main_grid;0.0
10;1;13;from_network;328.607
10;1;14;HP;0.0
10;1;14;EB;0.0
10;1;14;from_grid;341.387
10;1;14;from_main_grid;0.0
10;1;14;from_network;341.387
10;1;15;HP;0.0
10;1;15;EB;0.0
10;1;15;from_grid;320.73
10;1;15;from_main_grid;0.0
10;1;15;from_network;320.73
10;1;16;HP;0.0
10;1;16;EB;0.0
10;1;16;from_grid;304.174
10;1;16;from_main_grid;0.0
10;1;16;from_network;304.174
10;1;17;HP;0.0
10;1;17;EB;0.0
10;1;17;from_grid;284.452
10;1;17;from_main_grid;35.055
10;1;17;from_network;249.397
10;1;18;HP;0.0
10;1;18;EB;0.0
10;1;18;from_grid;298.226
10;1;18;from_main_grid;263.63
10;1;18;from_network;34.596
10;1;19;HP;0.0
10;1;19;EB;0.0
10;1;19;from_grid;418.085
10;1;19;from_main_grid;418.085
10;1;19;from_network;0.0
10;1;20;HP;0.0
10;1;20;EB;0.0
10;1;20;from_grid;329.895
10;1;20;from_main_grid;329.895
10;1;20;from_network;0.0
10;1;21;HP;0.0
10;1;21;EB;0.0
10;1;21;from_grid;199.016
10;1;21;from_main_grid;199.016
10;1;21;from_network;0.0
10;1;22;HP;0.0
10;1;22;EB;0.0
10;1;22;from_grid;191.234
10;1;22;from_main_grid;191.234
10;1;22;from_network;0.0
10;1;23;HP;0.0
10;1;23;EB;0.0
10;1;23;from_grid;173.048
10;1;23;from_main_grid;173.048
10;1;23;from_network;0.0
10;1;24;HP;0.0
10;1;24;EB;0.0
10;1;24;from_grid;137.731
10;1;24;from_main_grid;137.731
10;1;24;from_network;0.0
10;1;25;HP;0.0
10;1;25;EB;0.0
10;1;25;from_grid;139.712
10;1;25;from_main_grid;139.712
10;1;25;from_network;0.0
10;1;26;HP;0.0
10;1;26;EB;0.0
10;1;26;from_grid;141.565
10;1;26;from_main_grid;141.565
10;1;26;from_network;0.0
10;1;27;HP;0.0
10;1;27;EB;0.0
10;1;27;from_grid;140.195
10;1;27;from_main_grid;140.195
10;1;27;from_network;0.0
10;1;28;HP;0.0
10;1;28;EB;0.0
10;1;28;from_grid;141.526
10;1;28;from_main_grid;141.526
10;1;28;from_network;0.0
10;1;29;HP;0.0
10;1;29;EB;0.0
10;1;29;from_grid;142.101
10;1;29;from_main_grid;142.101
10;1;29;from_network;0.0
10;1;30;HP;0.0
10;1;30;EB;0.0
10;1;30;from_grid;145.344
10;1;30;from_main_grid;145.344
10;1;30;from_network;0.0
10;1;31;HP;0.0
10;1;31;EB;0.0
10;1;31;from_grid;281.681
10;1;31;from_main_grid;212.513
10;1;31;from_network;69.169
10;1;32;HP;8.594
10;1;32;EB;0.0
10;1;32;from_grid;330.416
10;1;32;from_main_grid;0.0
10;1;32;from_network;330.416
10;1;33;HP;9.86
10;1;33;EB;0.0
10;1;33;from_grid;334.068
10;1;33;from_main_grid;0.0
10;1;33;from_network;334.068
10;1;34;HP;11.843
10;1;34;EB;0.0
10;1;34;from_grid;355.147
10;1;34;from_main_grid;0.0
10;1;34;from_network;355.147
10;1;35;HP;10.461
10;1;35;EB;0.0
10;1;35;from_grid;353.871
10;1;35;from_main_grid;0.0
10;1;35;from_network;353.871
10;1;36;HP;10.138
10;1;36;EB;0.0
10;1;36;from_grid;325.508
10;1;36;from_main_grid;0.0
10;1;36;from_network;325.508
10;1;37;HP;8.008
10;1;37;EB;0.0
10;1;37;from_grid;328.531
10;1;37;from_main_grid;0.0
10;1;37;from_network;328.531
10;1;38;HP;8.986
10;1;38;EB;0.0
10;1;38;from_grid;362.257
10;1;38;from_main_grid;0.0
10;1;38;from_network;362.257
10;1;39;HP;57.369
10;1;39;EB;0.0
10;1;39;from_grid;377.799
10;1;39;from_main_grid;0.0
10;1;39;from_network;377.799
10;1;40;HP;0.0
10;1;40;EB;0.0
10;1;40;from_grid;311.971
10;1;40;from_main_grid;0.0
10;1;40;from_network;311.971
10;1;41;HP;81.8
10;1;41;EB;0.0
10;1;41;from_grid;371.935
10;1;41;from_main_grid;0.0
10;1;41;from_network;371.935
10;1;42;HP;0.0
10;1;42;EB;0.0
10;1;42;from_grid;279.245
10;1;42;from_main_grid;144.395
10;1;42;from_network;134.85
10;1;43;HP;0.0
10;1;43;EB;0.0
10;1;43;from_grid;417.79
10;1;43;from_main_grid;417.79
10;1;43;from_network;0.0
10;1;44;HP;0.0
10;1;44;EB;0.0
10;1;44;from_grid;320.656
10;1;44;from_main_grid;320.656
10;1;44;from_network;0.0
10;1;45;HP;0.0
10;1;45;EB;0.0
10;1;45;from_grid;206.804
10;1;45;from_main_grid;206.804
10;1;45;from_network;0.0
10;1;46;HP;0.0
10;1;46;EB;0.0
10;1;46;from_grid;192.975
10;1;46;from_main_grid;192.975
10;1;46;from_network;0.0
10;1;47;HP;0.0
10;1;47;EB;0.0
10;1;47;from_grid;178.724
10;1;47;from_main_grid;178.724
10;1;47;from_network;0.0
10;1;48;HP;0.0
10;1;48;EB;0.0
10;1;48;from_grid;139.863
10;1;48;from_main_grid;139.863
10;1;48;from_network;0.0
10;1;49;HP;0.0
10;1;49;EB;0.0
10;1;49;from_grid;142.22
10;1;49;from_main_grid;142.22
10;1;49;from_network;0.0
10;1;50;HP;0.0
10;1;50;EB;0.0
10;1;50;from_grid;141.446
10;1;50;from_main_grid;141.446
10;1;50;from_network;0.0
10;1;51;HP;0.0
10;1;51;EB;0.0
10;1;51;from_grid;140.181
10;1;51;from_main_grid;140.181
10;1;51;from_network;0.0
10;1;52;HP;0.0
10;1;52;EB;0.0
10;1;52;from_grid;141.122
10;1;52;from_main_grid;141.122
10;1;52;from_network;0.0
10;1;53;HP;0.0
10;1;53;EB;0.0
10;1;53;from_grid;141.979
10;1;53;from_main_grid;141.979
10;1;53;from_network;0.0
10;1;54;HP;0.0
10;1;54;EB;0.0
10;1;54;from_grid;145.838
10;1;54;from_main_grid;145.838
10;1;54;from_network;0.0
10;1;55;HP;0.0
10;1;55;EB;0.0
10;1;55;from_grid;324.955
10;1;55;from_main_grid;312.511
10;1;55;from_network;12.444
10;1;56;HP;0.0
10;1;56;EB;0.0
10;1;56;from_grid;285.62
10;1;56;from_main_grid;0.0
10;1;56;from_network;285.62
10;1;57;HP;0.0
10;1;57;EB;0.0
10;1;57;from_grid;277.081
10;1;57;from_main_grid;0.0
10;1;57;from_network;277.081
10;1;58;HP;7.933
10;1;58;EB;0.0
10;1;58;from_grid;304.47
10;1;58;from_main_grid;0.0
10;1;58;from_network;304.47
10;1;59;HP;8.249
10;1;59;EB;0.0
10;1;59;from_grid;288.68
10;1;59;from_main_grid;0.0
10;1;59;from_network;288.68
10;1;60;HP;7.52
10;1;60;EB;0.0
10;1;60;from_grid;294.394
10;1;60;from_main_grid;0.0
10;1;60;from_network;294.394
10;1;61;HP;7.683
10;1;61;EB;0.0
10;1;61;from_grid;301.856
10;1;61;from_main_grid;0.0
10;1;61;from_network;301.856
10;1;62;HP;16.018
10;1;62;EB;0.0
10;1;62;from_grid;307.611
10;1;62;from_main_grid;0.0
10;1;62;from_network;307.611
10;1;63;HP;0.0
10;1;63;EB;0.0
10;1;63;from_grid;276.461
10;1;63;from_main_grid;20.365
10;1;63;from_network;256.096
10;1;64;HP;121.581
10;1;64;EB;0.0
10;1;64;from_grid;397.381
10;1;64;from_main_grid;0.0
10;1;64;from_network;397.381
10;1;65;HP;1.886
10;1;65;EB;0.0
10;1;65;from_grid;277.248
10;1;65;from_main_grid;0.0
10;1;65;from_network;277.248
10;1;66;HP;0.0
10;1;66;EB;0.0
10;1;66;from_grid;276.931
10;1;66;from_main_grid;212.187
10;1;66;from_network;64.744
10;1;67;HP;0.0
10;1;67;EB;0.0
10;1;67;from_grid;417.182
10;1;67;from_main_grid;417.182
10;1;67;from_network;0.0
10;1;68;HP;0.0
10;1;68;EB;0.0
10;1;68;from_grid;320.126
10;1;68;from_main_grid;320.126
10;1;68;from_network;0.0
10;1;69;HP;0.0
10;1;69;EB;0.0
10;1;69;from_grid;201.058
10;1;69;from_main_grid;201.058
10;1;69;from_network;0.0
10;1;70;HP;0.0
10;1;70;EB;0.0
10;1;70;from_grid;199.677
10;1;70;from_main_grid;199.677
10;1;70;from_network;0.0
10;1;71;HP;0.0
10;1;71;EB;0.0
10;1;71;from_grid;176.136
10;1;71;from_main_grid;176.136
10;1;71;from_network;0.0
10;1;72;HP;0.0
10;1;72;EB;0.0
10;1;72;from_grid;141.081
10;1;72;from_main_grid;141.081
10;1;72;from_network;0.0
10;1;73;HP;0.0
10;1;73;EB;0.0
10;1;73;from_grid;139.87
10;1;73;from_main_grid;139.87
10;1;73;from_network;0.0
10;1;74;HP;0.0
10;1;74;EB;0.0
10;1;74;from_grid;141.628
10;1;74;from_main_grid;141.628
10;1;74;from_network;0.0
10;1;75;HP;0.0
10;1;75;EB;0.0
10;1;75;from_grid;140.025
10;1;75;from_main_grid;140.025
10;1;75;from_network;0.0
10;1;76;HP;0.0
10;1;76;EB;0.0
10;1;76;from_grid;140.688
10;1;76;from_main_grid;140.688
10;1;76;from_network;0.0
10;1;77;HP;0.0
10;1;77;EB;0.0
10;1;77;from_grid;142.174
10;1;77;from_main_grid;142.174
10;1;77;from_network;0.0
10;1;78;HP;0.0
10;1;78;EB;0.0
10;1;78;from_grid;142.286
10;1;78;from_main_grid;142.286
10;1;78;from_network;0.0
10;1;79;HP;0.0
10;1;79;EB;0.0
10;1;79;from_grid;129.28
10;1;79;from_main_grid;53.899
10;1;79;from_network;75.381
10;1;80;HP;0.0
10;1;80;EB;0.0
10;1;80;from_grid;131.81
10;1;80;from_main_grid;0.0
10;1;80;from_network;131.81
10;1;81;HP;8.945
10;1;81;EB;0.0
10;1;81;from_grid;145.575
10;1;81;from_main_grid;0.0
10;1;81;from_network;145.575
10;1;82;HP;7.12
10;1;82;EB;0.0
10;1;82;from_grid;154.878
10;1;82;from_main_grid;0.0
10;1;82;from_network;154.878
10;1;83;HP;9.006
10;1;83;EB;0.0
10;1;83;from_grid;151.781
10;1;83;from_main_grid;0.0
10;1;83;from_network;151.781
10;1;84;HP;8.494
10;1;84;EB;0.0
10;1;84;from_grid;148.655
10;1;84;from_main_grid;0.0
10;1;84;from_network;148.655
10;1;85;HP;7.377
10;1;85;EB;0.0
10;1;85;from_grid;154.455
10;1;85;from_main_grid;0.0
10;1;85;from_network;154.455
10;1;86;HP;7.219
10;1;86;EB;0.0
10;1;86;from_grid;150.67
10;1;86;from_main_grid;0.0
10;1;86;from_network;150.67
10;1;87;HP;144.376
10;1;87;EB;0.0
10;1;87;from_grid;282.555
10;1;87;from_main_grid;0.0
10;1;87;from_network;282.555
10;1;88;HP;0.0
10;1;88;EB;0.0
10;1;88;from_grid;138.332
10;1;88;from_main_grid;0.0
10;1;88;from_network;138.332
10;1;89;HP;0.0
10;1;89;EB;0.0
10;1;89;from_grid;143.027
10;1;89;from_main_grid;0.0
10;1;89;from_network;143.027
10;1;90;HP;0.0
10;1;90;EB;0.0
10;1;90;from_grid;136.259
10;1;90;from_main_grid;7.744
10;1;90;from_network;128.516
10;1;91;HP;0.0
10;1;91;EB;0.0
10;1;91;from_grid;216.486
10;1;91;from_main_grid;216.486
10;1;91;from_network;0.0
10;1;92;HP;0.0
10;1;92;EB;0.0
10;1;92;from_grid;217.115
10;1;92;from_main_grid;217.115
10;1;92;from_network;0.0
10;1;93;HP;0.0
10;1;93;EB;0.0
10;1;93;from_grid;203.757
10;1;93;from_main_grid;203.757
10;1;93;from_network;0.0
10;1;94;HP;0.0
10;1;94;EB;0.0
10;1;94;from_grid;197.32
10;1;94;from_main_grid;197.32
10;1;94;from_network;0.0
10;1;95;HP;0.0
10;1;95;EB;0.0
10;1;95;from_grid;170.575
10;1;95;from_main_grid;170.575
10;1;95;from_network;0.0
10;1;96;HP;0.0
10;1;96;EB;0.0
10;1;96;from_grid;139.207
10;1;96;from_main_grid;139.207
10;1;96;from_network;0.0
10;1;97;HP;0.0
10;1;97;EB;0.0
10;1;97;from_grid;143.966
10;1;97;from_main_grid;143.966
10;1;97;from_network;0.0
10;1;98;HP;0.0
10;1;98;EB;0.0
10;1;98;from_grid;141.496
10;1;98;from_main_grid;141.496
10;1;98;from_network;0.0
10;1;99;HP;0.0
10;1;99;EB;0.0
10;1;99;from_grid;140.971
10;1;99;from_main_grid;140.971
10;1;99;from_network;0.0
10;1;100;HP;0.0
10;1;100;EB;0.0
10;1;100;from_grid;140.98
10;1;100;from_main_grid;140.98
10;1;100;from_network;0.0
10;1;101;HP;0.0
10;1;101;EB;0.0
10;1;101;from_grid;145.436
10;1;101;from_main_grid;145.436
10;1;101;from_network;0.0
10;1;102;HP;0.0
10;1;102;EB;0.0
10;1;102;from_grid;144.895
10;1;102;from_main_grid;144.895
10;1;102;from_network;0.0
10;1;103;HP;0.0
10;1;103;EB;0.0
10;1;103;from_grid;307.568
10;1;103;from_main_grid;235.245
10;1;103;from_network;72.322
10;1;104;HP;0.0
10;1;104;EB;0.0
10;1;104;from_grid;290.08
10;1;104;from_main_grid;34.231
10;1;104;from_network;255.849
10;1;105;HP;0.0
10;1;105;EB;0.0
10;1;105;from_grid;339.127
10;1;105;from_main_grid;53.446
10;1;105;from_network;285.681
10;1;106;HP;14.4
10;1;106;EB;0.0
10;1;106;from_grid;368.122
10;1;106;from_main_grid;0.0
10;1;106;from_network;368.122
10;1;107;HP;11.161
10;1;107;EB;0.0
10;1;107;from_grid;365.755
10;1;107;from_main_grid;0.0
10;1;107;from_network;365.755
10;1;108;HP;11.065
10;1;108;EB;0.0
10;1;108;from_grid;348.652
10;1;108;from_main_grid;0.0
10;1;108;from_network;348.652
10;1;109;HP;9.96
10;1;109;EB;0.0
10;1;109;from_grid;342.116
10;1;109;from_main_grid;0.0
10;1;109;from_network;342.116
10;1;110;HP;41.023
10;1;110;EB;0.0
10;1;110;from_grid;397.869
10;1;110;from_main_grid;0.0
10;1;110;from_network;397.869
10;1;111;HP;105.671
10;1;111;EB;0.0
10;1;111;from_grid;429.192
10;1;111;from_main_grid;0.0
10;1;111;from_network;429.192
10;1;112;HP;0.0
10;1;112;EB;0.0
10;1;112;from_grid;316.553
10;1;112;from_main_grid;0.0
10;1;112;from_network;316.553
10;1;113;HP;0.0
10;1;113;EB;0.0
10;1;113;from_grid;288.506
10;1;113;from_main_grid;16.576
10;1;113;from_network;271.93
10;1;114;HP;0.0
10;1;114;EB;0.0
10;1;114;from_grid;285.572
10;1;114;from_main_grid;181.751
10;1;114;from_network;103.821
10;1;115;HP;0.0
10;1;115;EB;0.0
10;1;115;from_grid;435.165
10;1;115;from_main_grid;435.165
10;1;115;from_network;0.0
10;1;116;HP;0.0
10;1;116;EB;0.0
10;1;116;from_grid;315.783
10;1;116;from_main_grid;315.783
10;1;116;from_network;0.0
10;1;117;HP;0.0
10;1;117;EB;0.0
10;1;117;from_grid;215.286
10;1;117;from_main_grid;215.286
10;1;117;from_network;0.0
10;1;118;HP;0.0
10;1;118;EB;0.0
10;1;118;from_grid;196.009
10;1;118;from_main_grid;196.009
10;1;118;from_network;0.0
10;1;119;HP;0.0
10;1;119;EB;0.0
10;1;119;from_grid;170.037
10;1;119;from_main_grid;170.037
10;1;119;from_network;0.0
10;1;120;HP;0.0
10;1;120;EB;0.0
10;1;120;from_grid;138.708
10;1;120;from_main_grid;138.708
10;1;120;from_network;0.0
10;1;121;HP;0.0
10;1;121;EB;0.0
10;1;121;from_grid;143.878
10;1;121;from_main_grid;143.878
10;1;121;from_network;0.0
10;1;122;HP;0.0
10;1;122;EB;0.0
10;1;122;from_grid;142.194
10;1;122;from_main_grid;142.194
10;1;122;from_network;0.0
10;1;123;HP;0.0
10;1;123;EB;0.0
10;1;123;from_grid;141.333
10;1;123;from_main_grid;141.333
10;1;123;from_network;0.0
10;1;124;HP;0.0
10;1;124;EB;0.0
10;1;124;from_grid;140.624
10;1;124;from_main_grid;140.624
10;1;124;from_network;0.0
10;1;125;HP;0.0
10;1;125;EB;0.0
10;1;125;from_grid;138.629
10;1;125;from_main_grid;138.629
10;1;125;from_network;0.0
10;1;126;HP;0.0
10;1;126;EB;0.0
10;1;126;from_grid;146.199
10;1;126;from_main_grid;146.199
10;1;126;from_network;0.0
10;1;127;HP;0.0
10;1;127;EB;0.0
10;1;127;from_grid;361.921
10;1;127;from_main_grid;357.343
10;1;127;from_network;4.578
10;1;128;HP;0.0
10;1;128;EB;0.0
10;1;128;from_grid;319.205
10;1;128;from_main_grid;0.0
10;1;128;from_network;319.205
10;1;129;HP;12.262
10;1;129;EB;0.0
10;1;129;from_grid;352.944
10;1;129;from_main_grid;0.0
10;1;129;from_network;352.944
10;1;130;HP;12.408
10;1;130;EB;0.0
10;1;130;from_grid;358.757
10;1;130;from_main_grid;0.0
10;1;130;from_network;358.757
10;1;131;HP;10.152
10;1;131;EB;0.0
10;1;131;from_grid;355.284
10;1;131;from_main_grid;0.0
10;1;131;from_network;355.284
10;1;132;HP;10.962
10;1;132;EB;0.0
10;1;132;from_grid;337.14
10;1;132;from_main_grid;0.0
10;1;132;from_network;337.14
10;1;133;HP;9.266
10;1;133;EB;0.0
10;1;133;from_grid;348.354
10;1;133;from_main_grid;0.0
10;1;133;from_network;348.354
10;1;134;HP;9.339
10;1;134;EB;0.0
10;1;134;from_grid;362.365
10;1;134;from_main_grid;0.0
10;1;134;from_network;362.365
10;1;135;HP;9.854
10;1;135;EB;0.0
10;1;135;from_grid;335.464
10;1;135;from_main_grid;0.0
10;1;135;from_network;335.464
10;1;136;HP;43.631
10;1;136;EB;0.0
10;1;136;from_grid;353.835
10;1;136;from_main_grid;0.0
10;1;136;from_network;353.835
10;1;137;HP;79.363
10;1;137;EB;0.0
10;1;137;from_grid;375.061
10;1;137;from_main_grid;0.0
10;1;137;from_network;375.061
10;1;138;HP;0.0
10;1;138;EB;0.0
10;1;138;from_grid;279.307
10;1;138;from_main_grid;177.524
10;1;138;from_network;101.783
10;1;139;HP;0.0
10;1;139;EB;0.0
10;1;139;from_grid;412.788
10;1;139;from_main_grid;412.788
10;1;139;from_network;0.0
10;1;140;HP;0.0
10;1;140;EB;0.0
10;1;140;from_grid;331.097
10;1;140;from_main_grid;331.097
10;1;140;from_network;0.0
10;1;141;HP;0.0
10;1;141;EB;0.0
10;1;141;from_grid;205.919
10;1;141;from_main_grid;205.919
10;1;141;from_network;0.0
10;1;142;HP;0.0
10;1;142;EB;0.0
10;1;142;from_grid;196.643
10;1;142;from_main_grid;196.643
10;1;142;from_network;0.0
10;1;143;HP;0.0
10;1;143;EB;0.0
10;1;143;from_grid;190.07
10;1;143;from_main_grid;190.07
10;1;143;from_network;0.0
10;1;144;HP;0.0
10;1;144;EB;0.0
10;1;144;from_grid;137.15
10;1;144;from_main_grid;137.15
10;1;144;from_network;0.0
10;1;145;HP;0.0
10;1;145;EB;0.0
10;1;145;from_grid;139.893
10;1;145;from_main_grid;139.893
10;1;145;from_network;0.0
10;1;146;HP;0.0
10;1;146;EB;0.0
10;1;146;from_grid;141.133
10;1;146;from_main_grid;141.133
10;1;146;from_network;0.0
10;1;147;HP;0.0
10;1;147;EB;0.0
10;1;147;from_grid;143.96
10;1;147;from_main_grid;143.96
10;1;147;from_network;0.0
10;1;148;HP;0.0
10;1;148;EB;0.0
10;1;148;from_grid;139.296
10;1;148;from_main_grid;139.296
10;1;148;from_network;0.0
10;1;149;HP;0.0
10;1;149;EB;0.0
10;1;149;from_grid;140.859
10;1;149;from_main_grid;140.859
10;1;149;from_network;0.0
10;1;150;HP;0.0
10;1;150;EB;0.0
10;1;150;from_grid;147.599
10;1;150;from_main_grid;147.599
10;1;150;from_network;0.0
10;1;151;HP;0.0
10;1;151;EB;0.0
10;1;151;from_grid;322.433
10;1;151;from_main_grid;274.0
10;1;151;from_network;48.433
10;1;152;HP;0.0
10;1;152;EB;0.0
10;1;152;from_grid;319.858
10;1;152;from_main_grid;0.0
10;1;152;from_network;319.858
10;1;153;HP;11.913
10;1;153;EB;0.0
10;1;153;from_grid;340.99
10;1;153;from_main_grid;0.0
10;1;153;from_network;340.99
10;1;154;HP;12.134
10;1;154;EB;0.0
10;1;154;from_grid;363.769
10;1;154;from_main_grid;0.0
10;1;154;from_network;363.769
10;1;155;HP;10.839
10;1;155;EB;0.0
10;1;155;from_grid;356.155
10;1;155;from_main_grid;0.0
10;1;155;from_network;356.155
10;1;156;HP;11.903
10;1;156;EB;0.0
10;1;156;from_grid;338.455
10;1;156;from_main_grid;0.0
10;1;156;from_network;338.455
10;1;157;HP;9.285
10;1;157;EB;0.0
10;1;157;from_grid;338.265
10;1;157;from_main_grid;0.0
10;1;157;from_network;338.265
10;1;158;HP;9.736
10;1;158;EB;0.0
10;1;158;from_grid;340.756
10;1;158;from_main_grid;0.0
10;1;158;from_network;340.756
10;1;159;HP;196.917
10;1;159;EB;0.0
10;1;159;from_grid;516.573
10;1;159;from_main_grid;0.0
10;1;159;from_network;516.573
10;1;160;HP;59.536
10;1;160;EB;0.0
10;1;160;from_grid;370.231
10;1;160;from_main_grid;0.0
10;1;160;from_network;370.231
10;1;161;HP;96.625
10;1;161;EB;0.0
10;1;161;from_grid;393.264
10;1;161;from_main_grid;0.0
10;1;161;from_network;393.264
10;1;162;HP;0.0
10;1;162;EB;0.0
10;1;162;from_grid;284.153
10;1;162;from_main_grid;168.819
10;1;162;from_network;115.333
10;1;163;HP;0.0
10;1;163;EB;0.0
10;1;163;from_grid;424.05
10;1;163;from_main_grid;424.05
10;1;163;from_network;0.0
10;1;164;HP;0.0
10;1;164;EB;0.0
10;1;164;from_grid;326.323
10;1;164;from_main_grid;326.323
10;1;164;from_network;0.0
10;1;165;HP;0.0
10;1;165;EB;0.0
10;1;165;from_grid;195.09
10;1;165;from_main_grid;195.09
10;1;165;from_network;0.0
10;1;166;HP;0.0
10;1;166;EB;0.0
10;1;166;from_grid;183.67
10;1;166;from_main_grid;183.67
10;1;166;from_network;0.0
10;1;167;HP;0.0
10;1;167;EB;0.0
10;1;167;from_grid;168.527
10;1;167;from_main_grid;168.527
10;1;167;from_network;0.0
10;2;0;HP;330.884
10;2;0;EB;0.0
10;2;0;from_grid;470.025
10;2;0;from_main_grid;470.025
10;2;0;from_network;0.0
10;2;1;HP;338.057
10;2;1;EB;0.0
10;2;1;from_grid;478.932
10;2;1;from_main_grid;478.932
10;2;1;from_network;0.0
10;2;2;HP;62.599
10;2;2;EB;0.0
10;2;2;from_grid;203.092
10;2;2;from_main_grid;203.092
10;2;2;from_network;0.0
10;2;3;HP;0.0
10;2;3;EB;0.0
10;2;3;from_grid;141.614
10;2;3;from_main_grid;141.614
10;2;3;from_network;0.0
10;2;4;HP;0.0
10;2;4;EB;0.0
10;2;4;from_grid;141.023
10;2;4;from_main_grid;141.023
10;2;4;from_network;0.0
10;2;5;HP;0.0
10;2;5;EB;0.0
10;2;5;from_grid;140.519
10;2;5;from_main_grid;140.519
10;2;5;from_network;0.0
10;2;6;HP;0.0
10;2;6;EB;0.0
10;2;6;from_grid;147.377
10;2;6;from_main_grid;147.377
10;2;6;from_network;0.0
10;2;7;HP;175.828
10;2;7;EB;0.0
10;2;7;from_grid;577.055
10;2;7;from_main_grid;532.511
10;2;7;from_network;44.545
10;2;8;HP;145.529
10;2;8;EB;0.0
10;2;8;from_grid;456.962
10;2;8;from_main_grid;5.309
10;2;8;from_network;451.653
10;2;9;HP;327.3
10;2;9;EB;0.0
10;2;9;from_grid;654.698
10;2;9;from_main_grid;0.0
10;2;9;from_network;654.698
10;2;10;HP;310.297
10;2;10;EB;0.0
10;2;10;from_grid;657.032
10;2;10;from_main_grid;0.0
10;2;10;from_network;657.032
10;2;11;HP;296.897
10;2;11;EB;0.0
10;2;11;from_grid;630.271
10;2;11;from_main_grid;0.0
10;2;11;from_network;630.271
10;2;12;HP;286.193
10;2;12;EB;0.0
10;2;12;from_grid;611.584
10;2;12;from_main_grid;0.0
10;2;12;from_network;611.584
10;2;13;HP;279.063
10;2;13;EB;0.0
10;2;13;from_grid;609.261
10;2;13;from_main_grid;0.0
10;2;13;from_network;609.261
10;2;14;HP;276.391
10;2;14;EB;0.0
10;2;14;from_grid;625.215
10;2;14;from_main_grid;0.0
10;2;14;from_network;625.215
10;2;15;HP;232.936
10;2;15;EB;0.0
10;2;15;from_grid;557.259
10;2;15;from_main_grid;0.0
10;2;15;from_network;557.259
10;2;16;HP;187.418
10;2;16;EB;0.0
10;2;16;from_grid;497.882
10;2;16;from_main_grid;0.0
10;2;16;from_network;497.882
10;2;17;HP;25.948
10;2;17;EB;0.0
10;2;17;from_grid;326.784
10;2;17;from_main_grid;0.0
10;2;17;from_network;326.784
10;2;18;HP;0.0
10;2;18;EB;0.0
10;2;18;from_grid;373.542
10;2;18;from_main_grid;358.122
10;2;18;from_network;15.42
10;2;19;HP;0.0
10;2;19;EB;0.0
10;2;19;from_grid;424.906
10;2;19;from_main_grid;424.906
10;2;19;from_network;0.0
10;2;20;HP;0.0
10;2;20;EB;0.0
10;2;20;from_grid;326.406
10;2;20;from_main_grid;326.406
10;2;20;from_network;0.0
10;2;21;HP;0.0
10;2;21;EB;0.0
10;2;21;from_grid;205.027
10;2;21;from_main_grid;205.027
10;2;21;from_network;0.0
10;2;22;HP;0.0
10;2;22;EB;0.0
10;2;22;from_grid;199.037
10;2;22;from_main_grid;199.037
10;2;22;from_network;0.0
10;2;23;HP;0.0
10;2;23;EB;0.0
10;2;23;from_grid;179.573
10;2;23;from_main_grid;179.573
10;2;23;from_network;0.0
10;2;24;HP;0.0
10;2;24;EB;0.0
10;2;24;from_grid;135.629
10;2;24;from_main_grid;135.629
10;2;24;from_network;0.0
10;2;25;HP;0.0
10;2;25;EB;0.0
10;2;25;from_grid;143.648
10;2;25;from_main_grid;143.648
10;2;25;from_network;0.0
10;2;26;HP;0.0
10;2;26;EB;0.0
10;2;26;from_grid;141.031
10;2;26;from_main_grid;141.031
10;2;26;from_network;0.0
10;2;27;HP;0.0
10;2;27;EB;0.0
10;2;27;from_grid;146.909
10;2;27;from_main_grid;146.909
10;2;27;from_network;0.0
10;2;28;HP;0.0
10;2;28;EB;0.0
10;2;28;from_grid;139.867
10;2;28;from_main_grid;139.867
10;2;28;from_network;0.0
10;2;29;HP;0.0
10;2;29;EB;0.0
10;2;29;from_grid;141.401
10;2;29;from_main_grid;141.401
10;2;29;from_network;0.0
10;2;30;HP;0.0
10;2;30;EB;0.0
10;2;30;from_grid;148.999
10;2;30;from_main_grid;148.999
10;2;30;from_network;0.0
10;2;31;HP;0.0
10;2;31;EB;0.0
10;2;31;from_grid;387.572
10;2;31;from_main_grid;341.327
10;2;31;from_network;46.245
10;2;32;HP;0.0
10;2;32;EB;0.0
10;2;32;from_grid;323.647
10;2;32;from_main_grid;0.0
10;2;32;from_network;323.647
10;2;33;HP;99.687
10;2;33;EB;0.0
10;2;33;from_grid;422.671
10;2;33;from_main_grid;0.0
10;2;33;from_network;422.671
10;2;34;HP;298.683
10;2;34;EB;0.0
10;2;34;from_grid;651.303
10;2;34;from_main_grid;0.0
10;2;34;from_network;651.303
10;2;35;HP;283.519
10;2;35;EB;0.0
10;2;35;from_grid;625.484
10;2;35;from_main_grid;0.0
10;2;35;from_network;625.484
10;2;36;HP;269.269
10;2;36;EB;0.0
10;2;36;from_grid;596.067
10;2;36;from_main_grid;0.0
10;2;36;from_network;596.067
10;2;37;HP;267.489
10;2;37;EB;0.0
10;2;37;from_grid;597.951
10;2;37;from_main_grid;0.0
10;2;37;from_network;597.951
10;2;38;HP;262.02
10;2;38;EB;0.0
10;2;38;from_grid;612.689
10;2;38;from_main_grid;0.0
10;2;38;from_network;612.689
10;2;39;HP;266.272
10;2;39;EB;0.0
10;2;39;from_grid;591.696
10;2;39;from_main_grid;0.0
10;2;39;from_network;591.696
10;2;40;HP;206.303
10;2;40;EB;0.0
10;2;40;from_grid;517.299
10;2;40;from_main_grid;0.0
10;2;40;from_network;517.299
10;2;41;HP;0.0
10;2;41;EB;0.0
10;2;41;from_grid;301.715
10;2;41;from_main_grid;101.17
10;2;41;from_network;200.545
10;2;42;HP;0.0
10;2;42;EB;0.0
10;2;42;from_grid;385.606
10;2;42;from_main_grid;385.606
10;2;42;from_network;0.0
10;2;43;HP;0.0
10;2;43;EB;0.0
10;2;43;from_grid;422.38
10;2;43;from_main_grid;422.38
10;2;43;from_network;0.0
10;2;44;HP;0.0
10;2;44;EB;0.0
10;2;44;from_grid;339.174
10;2;44;from_main_grid;339.174
10;2;44;from_network;0.0
10;2;45;HP;0.0
10;2;45;EB;0.0
10;2;45;from_grid;202.295
10;2;45;from_main_grid;202.295
10;2;45;from_network;0.0
10;2;46;HP;0.0
10;2;46;EB;0.0
10;2;46;from_grid;199.889
10;2;46;from_main_grid;199.889
10;2;46;from_network;0.0
10;2;47;HP;0.0
10;2;47;EB;0.0
10;2;47;from_grid;177.279
10;2;47;from_main_grid;177.279
10;2;47;from_network;0.0
10;2;48;HP;0.0
10;2;48;EB;0.0
10;2;48;from_grid;140.082
10;2;48;from_main_grid;140.082
10;2;48;from_network;0.0
10;2;49;HP;0.0
10;2;49;EB;0.0
10;2;49;from_grid;144.86
10;2;49;from_main_grid;144.86
10;2;49;from_network;0.0
10;2;50;HP;0.0
10;2;50;EB;0.0
10;2;50;from_grid;141.805
10;2;50;from_main_grid;141.805
10;2;50;from_network;0.0
10;2;51;HP;0.0
10;2;51;EB;0.0
10;2;51;from_grid;141.228
10;2;51;from_main_grid;141.228
10;2;51;from_network;0.0
10;2;52;HP;0.0
10;2;52;EB;0.0
10;2;52;from_grid;138.644
10;2;52;from_main_grid;138.644
10;2;52;from_network;0.0
10;2;53;HP;0.0
10;2;53;EB;0.0
10;2;53;from_grid;139.493
10;2;53;from_main_grid;139.493
10;2;53;from_network;0.0
10;2;54;HP;0.0
10;2;54;EB;0.0
10;2;54;from_grid;142.73
10;2;54;from_main_grid;142.73
10;2;54;from_network;0.0
10;2;55;HP;0.0
10;2;55;EB;0.0
10;2;55;from_grid;375.908
10;2;55;from_main_grid;375.908
10;2;55;from_network;0.0
10;2;56;HP;0.0
10;2;56;EB;0.0
10;2;56;from_grid;354.634
10;2;56;from_main_grid;330.583
10;2;56;from_network;24.05
10;2;57;HP;0.0
10;2;57;EB;0.0
10;2;57;from_grid;300.077
10;2;57;from_main_grid;180.783
10;2;57;from_network;119.293
10;2;58;HP;0.0
10;2;58;EB;0.0
10;2;58;from_grid;323.467
10;2;58;from_main_grid;233.298
10;2;58;from_network;90.169
10;2;59;HP;0.0
10;2;59;EB;0.0
10;2;59;from_grid;296.557
10;2;59;from_main_grid;195.228
10;2;59;from_network;101.329
10;2;60;HP;0.0
10;2;60;EB;0.0
10;2;60;from_grid;288.69
10;2;60;from_main_grid;85.979
10;2;60;from_network;202.711
10;2;61;HP;0.0
10;2;61;EB;0.0
10;2;61;from_grid;286.372
10;2;61;from_main_grid;77.674
10;2;61;from_network;208.698
10;2;62;HP;0.0
10;2;62;EB;0.0
10;2;62;from_grid;296.592
10;2;62;from_main_grid;33.858
10;2;62;from_network;262.734
10;2;63;HP;0.0
10;2;63;EB;0.0
10;2;63;from_grid;283.913
10;2;63;from_main_grid;22.321
10;2;63;from_network;261.593
10;2;64;HP;0.0
10;2;64;EB;0.0
10;2;64;from_grid;293.481
10;2;64;from_main_grid;176.789
10;2;64;from_network;116.692
10;2;65;HP;0.0
10;2;65;EB;0.0
10;2;65;from_grid;339.236
10;2;65;from_main_grid;289.572
10;2;65;from_network;49.664
10;2;66;HP;0.0
10;2;66;EB;0.0
10;2;66;from_grid;407.754
10;2;66;from_main_grid;407.754
10;2;66;from_network;0.0
10;2;67;HP;0.0
10;2;67;EB;0.0
10;2;67;from_grid;426.945
10;2;67;from_main_grid;426.945
10;2;67;from_network;0.0
10;2;68;HP;0.0
10;2;68;EB;0.0
10;2;68;from_grid;322.845
10;2;68;from_main_grid;322.845
10;2;68;from_network;0.0
10;2;69;HP;0.0
10;2;69;EB;0.0
10;2;69;from_grid;202.863
10;2;69;from_main_grid;202.863
10;2;69;from_network;0.0
10;2;70;HP;0.0
10;2;70;EB;0.0
10;2;70;from_grid;199.447
10;2;70;from_main_grid;199.447
10;2;70;from_network;0.0
10;2;71;HP;0.0
10;2;71;EB;0.0
10;2;71;from_grid;167.515
10;2;71;from_main_grid;167.515
10;2;71;from_network;0.0
10;2;72;HP;0.0
10;2;72;EB;0.0
10;2;72;from_grid;139.675
10;2;72;from_main_grid;139.675
10;2;72;from_network;0.0
10;2;73;HP;0.0
10;2;73;EB;0.0
10;2;73;from_grid;144.03
10;2;73;from_main_grid;144.03
10;2;73;from_network;0.0
10;2;74;HP;0.0
10;2;74;EB;0.0
10;2;74;from_grid;140.546
10;2;74;from_main_grid;140.546
10;2;74;from_network;0.0
10;2;75;HP;0.0
10;2;75;EB;0.0
10;2;75;from_grid;142.106
10;2;75;from_main_grid;142.106
10;2;75;from_network;0.0
10;2;76;HP;0.0
10;2;76;EB;0.0
10;2;76;from_grid;139.135
10;2;76;from_main_grid;139.135
10;2;76;from_network;0.0
10;2;77;HP;0.0
10;2;77;EB;0.0
10;2;77;from_grid;139.833
10;2;77;from_main_grid;139.833
10;2;77;from_network;0.0
10;2;78;HP;0.0
10;2;78;EB;0.0
10;2;78;from_grid;145.338
10;2;78;from_main_grid;145.338
10;2;78;from_network;0.0
10;2;79;HP;0.0
10;2;79;EB;0.0
10;2;79;from_grid;154.103
10;2;79;from_main_grid;107.828
10;2;79;from_network;46.275
10;2;80;HP;55.048
10;2;80;EB;0.0
10;2;80;from_grid;184.681
10;2;80;from_main_grid;0.0
10;2;80;from_network;184.681
10;2;81;HP;0.0
10;2;81;EB;0.0
10;2;81;from_grid;135.919
10;2;81;from_main_grid;0.0
10;2;81;from_network;135.919
10;2;82;HP;66.033
10;2;82;EB;0.0
10;2;82;from_grid;220.133
10;2;82;from_main_grid;0.0
10;2;82;from_network;220.133
10;2;83;HP;302.255
10;2;83;EB;0.0
10;2;83;from_grid;444.888
10;2;83;from_main_grid;0.0
10;2;83;from_network;444.888
10;2;84;HP;293.328
10;2;84;EB;0.0
10;2;84;from_grid;431.315
10;2;84;from_main_grid;0.0
10;2;84;from_network;431.315
10;2;85;HP;287.084
10;2;85;EB;0.0
10;2;85;from_grid;429.665
10;2;85;from_main_grid;0.0
10;2;85;from_network;429.665
10;2;86;HP;282.627
10;2;86;EB;0.0
10;2;86;from_grid;430.914
10;2;86;from_main_grid;0.0
10;2;86;from_network;430.914
10;2;87;HP;282.627
10;2;87;EB;0.0
10;2;87;from_grid;421.419
10;2;87;from_main_grid;55.18
10;2;87;from_network;366.238
10;2;88;HP;104.783
10;2;88;EB;0.0
10;2;88;from_grid;243.956
10;2;88;from_main_grid;0.0
10;2;88;from_network;243.956
10;2;89;HP;285.301
10;2;89;EB;0.0
10;2;89;from_grid;430.121
10;2;89;from_main_grid;246.05
10;2;89;from_network;184.07
10;2;90;HP;0.0
10;2;90;EB;0.0
10;2;90;from_grid;195.654
10;2;90;from_main_grid;195.654
10;2;90;from_network;0.0
10;2;91;HP;0.0
10;2;91;EB;0.0
10;2;91;from_grid;215.345
10;2;91;from_main_grid;215.345
10;2;91;from_network;0.0
10;2;92;HP;0.0
10;2;92;EB;0.0
10;2;92;from_grid;211.213
10;2;92;from_main_grid;211.213
10;2;92;from_network;0.0
10;2;93;HP;0.0
10;2;93;EB;0.0
10;2;93;from_grid;208.921
10;2;93;from_main_grid;208.921
10;2;93;from_network;0.0
10;2;94;HP;273.437
10;2;94;EB;0.0
10;2;94;from_grid;460.126
10;2;94;from_main_grid;460.126
10;2;94;from_network;0.0
10;2;95;HP;64.916
10;2;95;EB;0.0
10;2;95;from_grid;243.741
10;2;95;from_main_grid;243.741
10;2;95;from_network;0.0
10;2;96;HP;0.0
10;2;96;EB;0.0
10;2;96;from_grid;137.013
10;2;96;from_main_grid;137.013
10;2;96;from_network;0.0
10;2;97;HP;0.0
10;2;97;EB;0.0
10;2;97;from_grid;139.487
10;2;97;from_main_grid;139.487
10;2;97;from_network;0.0
10;2;98;HP;0.0
10;2;98;EB;0.0
10;2;98;from_grid;138.846
10;2;98;from_main_grid;138.846
10;2;98;from_network;0.0
10;2;99;HP;0.0
10;2;99;EB;0.0
10;2;99;from_grid;142.762
10;2;99;from_main_grid;142.762
10;2;99;from_network;0.0
10;2;100;HP;0.0
10;2;100;EB;0.0
10;2;100;from_grid;136.677
10;2;100;from_main_grid;136.677
10;2;100;from_network;0.0
10;2;101;HP;0.0
10;2;101;EB;0.0
10;2;101;from_grid;140.519
10;2;101;from_main_grid;140.519
10;2;101;from_network;0.0
10;2;102;HP;0.0
10;2;102;EB;0.0
10;2;102;from_grid;143.483
10;2;102;from_main_grid;143.483
10;2;102;from_network;0.0
10;2;103;HP;66.834
10;2;103;EB;0.0
10;2;103;from_grid;473.746
10;2;103;from_main_grid;455.376
10;2;103;from_network;18.37
10;2;104;HP;208.593
10;2;104;EB;0.0
10;2;104;from_grid;514.82
10;2;104;from_main_grid;108.657
10;2;104;from_network;406.163
10;2;105;HP;172.685
10;2;105;EB;0.0
10;2;105;from_grid;510.09
10;2;105;from_main_grid;0.0
10;2;105;from_network;510.09
10;2;106;HP;304.041
10;2;106;EB;0.0
10;2;106;from_grid;644.162
10;2;106;from_main_grid;0.0
10;2;106;from_network;644.162
10;2;107;HP;291.543
10;2;107;EB;0.0
10;2;107;from_grid;644.544
10;2;107;from_main_grid;0.0
10;2;107;from_network;644.544
10;2;108;HP;280.845
10;2;108;EB;0.0
10;2;108;from_grid;615.205
10;2;108;from_main_grid;0.0
10;2;108;from_network;615.205
10;2;109;HP;278.172
10;2;109;EB;0.0
10;2;109;from_grid;611.774
10;2;109;from_main_grid;0.0
10;2;109;from_network;611.774
10;2;110;HP;278.172
10;2;110;EB;0.0
10;2;110;from_grid;629.622
10;2;110;from_main_grid;0.0
10;2;110;from_network;629.622
10;2;111;HP;31.005
10;2;111;EB;0.0
10;2;111;from_grid;353.964
10;2;111;from_main_grid;0.0
10;2;111;from_network;353.964
10;2;112;HP;0.0
10;2;112;EB;0.0
10;2;112;from_grid;313.237
10;2;112;from_main_grid;132.805
10;2;112;from_network;180.432
10;2;113;HP;0.0
10;2;113;EB;0.0
10;2;113;from_grid;320.224
10;2;113;from_main_grid;192.08
10;2;113;from_network;128.144
10;2;114;HP;0.0
10;2;114;EB;0.0
10;2;114;from_grid;399.84
10;2;114;from_main_grid;399.84
10;2;114;from_network;0.0
10;2;115;HP;0.0
10;2;115;EB;0.0
10;2;115;from_grid;420.295
10;2;115;from_main_grid;420.295
10;2;115;from_network;0.0
10;2;116;HP;0.0
10;2;116;EB;0.0
10;2;116;from_grid;338.419
10;2;116;from_main_grid;338.419
10;2;116;from_network;0.0
10;2;117;HP;0.0
10;2;117;EB;0.0
10;2;117;from_grid;197.599
10;2;117;from_main_grid;197.599
10;2;117;from_network;0.0
10;2;118;HP;0.0
10;2;118;EB;0.0
10;2;118;from_grid;190.182
10;2;118;from_main_grid;190.182
10;2;118;from_network;0.0
10;2;119;HP;0.0
10;2;119;EB;0.0
10;2;119;from_grid;172.154
10;2;119;from_main_grid;172.154
10;2;119;from_network;0.0
10;2;120;HP;0.0
10;2;120;EB;0.0
10;2;120;from_grid;138.075
10;2;120;from_main_grid;138.075
10;2;120;from_network;0.0
10;2;121;HP;0.0
10;2;121;EB;0.0
10;2;121;from_grid;144.109
10;2;121;from_main_grid;144.109
10;2;121;from_network;0.0
10;2;122;HP;0.0
10;2;122;EB;0.0
10;2;122;from_grid;140.111
10;2;122;from_main_grid;140.111
10;2;122;from_network;0.0
10;2;123;HP;88.384
10;2;123;EB;0.0
10;2;123;from_grid;233.051
10;2;123;from_main_grid;233.051
10;2;123;from_network;0.0
10;2;124;HP;105.132
10;2;124;EB;0.0
10;2;124;from_grid;248.05
10;2;124;from_main_grid;248.05
10;2;124;from_network;0.0
10;2;125;HP;107.808
10;2;125;EB;0.0
10;2;125;from_grid;250.181
10;2;125;from_main_grid;250.181
10;2;125;from_network;0.0
10;2;126;HP;115.381
10;2;126;EB;0.0
10;2;126;from_grid;262.013
10;2;126;from_main_grid;262.013
10;2;126;from_network;0.0
10;2;127;HP;88.033
10;2;127;EB;0.0
10;2;127;from_grid;510.74
10;2;127;from_main_grid;510.74
10;2;127;from_network;0.0
10;2;128;HP;75.14
10;2;128;EB;0.0
10;2;128;from_grid;446.663
10;2;128;from_main_grid;368.273
10;2;128;from_network;78.39
10;2;129;HP;70.859
10;2;129;EB;0.0
10;2;129;from_grid;396.309
10;2;129;from_main_grid;224.543
10;2;129;from_network;171.767
10;2;130;HP;64.622
10;2;130;EB;0.0
10;2;130;from_grid;413.242
10;2;130;from_main_grid;167.753
10;2;130;from_network;245.49
10;2;131;HP;50.96
10;2;131;EB;0.0
10;2;131;from_grid;389.388
10;2;131;from_main_grid;126.446
10;2;131;from_network;262.942
10;2;132;HP;257.607
10;2;132;EB;0.0
10;2;132;from_grid;581.162
10;2;132;from_main_grid;0.0
10;2;132;from_network;581.162
10;2;133;HP;261.413
10;2;133;EB;0.0
10;2;133;from_grid;586.212
10;2;133;from_main_grid;0.0
10;2;133;from_network;586.212
10;2;134;HP;5.847
10;2;134;EB;0.0
10;2;134;from_grid;344.593
10;2;134;from_main_grid;0.0
10;2;134;from_network;344.593
10;2;135;HP;0.0
10;2;135;EB;0.0
10;2;135;from_grid;339.902
10;2;135;from_main_grid;181.922
10;2;135;from_network;157.98
10;2;136;HP;0.0
10;2;136;EB;0.0
10;2;136;from_grid;312.499
10;2;136;from_main_grid;173.873
10;2;136;from_network;138.626
10;2;137;HP;259.594
10;2;137;EB;0.0
10;2;137;from_grid;621.906
10;2;137;from_main_grid;574.088
10;2;137;from_network;47.817
10;2;138;HP;263.234
10;2;138;EB;0.0
10;2;138;from_grid;664.327
10;2;138;from_main_grid;664.327
10;2;138;from_network;0.0
10;2;139;HP;9.575
10;2;139;EB;0.0
10;2;139;from_grid;438.379
10;2;139;from_main_grid;438.379
10;2;139;from_network;0.0
10;2;140;HP;0.0
10;2;140;EB;0.0
10;2;140;from_grid;334.788
10;2;140;from_main_grid;334.788
10;2;140;from_network;0.0
10;2;141;HP;0.0
10;2;141;EB;0.0
10;2;141;from_grid;201.992
10;2;141;from_main_grid;201.992
10;2;141;from_network;0.0
10;2;142;HP;0.0
10;2;142;EB;0.0
10;2;142;from_grid;195.022
10;2;142;from_main_grid;195.022
10;2;142;from_network;0.0
10;2;143;HP;0.0
10;2;143;EB;0.0
10;2;143;from_grid;179.493
10;2;143;from_main_grid;179.493
10;2;143;from_network;0.0
10;2;144;HP;0.0
10;2;144;EB;0.0
10;2;144;from_grid;141.131
10;2;144;from_main_grid;141.131
10;2;144;from_network;0.0
10;2;145;HP;0.0
10;2;145;EB;0.0
10;2;145;from_grid;145.18
10;2;145;from_main_grid;145.18
10;2;145;from_network;0.0
10;2;146;HP;0.0
10;2;146;EB;0.0
10;2;146;from_grid;140.491
10;2;146;from_main_grid;140.491
10;2;146;from_network;0.0
10;2;147;HP;0.0
10;2;147;EB;0.0
10;2;147;from_grid;140.811
10;2;147;from_main_grid;140.811
10;2;147;from_network;0.0
10;2;148;HP;0.0
10;2;148;EB;0.0
10;2;148;from_grid;140.741
10;2;148;from_main_grid;140.741
10;2;148;from_network;0.0
10;2;149;HP;0.0
10;2;149;EB;0.0
10;2;149;from_grid;141.888
10;2;149;from_main_grid;141.888
10;2;149;from_network;0.0
10;2;150;HP;0.0
10;2;150;EB;0.0
10;2;150;from_grid;153.283
10;2;150;from_main_grid;153.283
10;2;150;from_network;0.0
10;2;151;HP;0.0
10;2;151;EB;0.0
10;2;151;from_grid;433.604
10;2;151;from_main_grid;433.604
10;2;151;from_network;0.0
10;2;152;HP;0.0
10;2;152;EB;0.0
10;2;152;from_grid;457.463
10;2;152;from_main_grid;457.463
10;2;152;from_network;0.0
10;2;153;HP;72.928
10;2;153;EB;0.0
10;2;153;from_grid;473.429
10;2;153;from_main_grid;430.144
10;2;153;from_network;43.285
10;2;154;HP;68.654
10;2;154;EB;0.0
10;2;154;from_grid;480.02
10;2;154;from_main_grid;444.583
10;2;154;from_network;35.437
10;2;155;HP;60.366
10;2;155;EB;0.0
10;2;155;from_grid;417.019
10;2;155;from_main_grid;354.733
10;2;155;from_network;62.285
10;2;156;HP;46.873
10;2;156;EB;0.0
10;2;156;from_grid;367.019
10;2;156;from_main_grid;238.932
10;2;156;from_network;128.087
10;2;157;HP;37.384
10;2;157;EB;0.0
10;2;157;from_grid;382.005
10;2;157;from_main_grid;297.933
10;2;157;from_network;84.071
10;2;158;HP;31.735
10;2;158;EB;0.0
10;2;158;from_grid;386.566
10;2;158;from_main_grid;296.326
10;2;158;from_network;90.24
10;2;159;HP;31.69
10;2;159;EB;0.0
10;2;159;from_grid;388.932
10;2;159;from_main_grid;329.464
10;2;159;from_network;59.468
10;2;160;HP;270.102
10;2;160;EB;0.0
10;2;160;from_grid;702.572
10;2;160;from_main_grid;702.572
10;2;160;from_network;0.0
10;2;161;HP;0.0
10;2;161;EB;0.0
10;2;161;from_grid;452.306
10;2;161;from_main_grid;452.306
10;2;161;from_network;0.0
10;2;162;HP;0.0
10;2;162;EB;0.0
10;2;162;from_grid;412.698
10;2;162;from_main_grid;412.698
10;2;162;from_network;0.0
10;2;163;HP;0.0
10;2;163;EB;0.0
10;2;163;from_grid;435.919
10;2;163;from_main_grid;435.919
10;2;163;from_network;0.0
10;2;164;HP;0.0
10;2;164;EB;0.0
10;2;164;from_grid;327.206
10;2;164;from_main_grid;327.206
10;2;164;from_network;0.0
10;2;165;HP;0.0
10;2;165;EB;0.0
10;2;165;from_grid;207.674
10;2;165;from_main_grid;207.674
10;2;165;from_network;0.0
10;2;166;HP;207.524
10;2;166;EB;0.0
10;2;166;from_grid;395.32
10;2;166;from_main_grid;395.32
10;2;166;from_network;0.0
10;2;167;HP;288.868
10;2;167;EB;0.0
10;2;167;from_grid;455.233
10;2;167;from_main_grid;455.233
10;2;167;from_network;0.0
10;3;0;HP;0.0
10;3;0;EB;0.0
10;3;0;from_grid;139.565
10;3;0;from_main_grid;139.565
10;3;0;from_network;0.0
10;3;1;HP;196.072
10;3;1;EB;0.0
10;3;1;from_grid;339.207
10;3;1;from_main_grid;339.207
10;3;1;from_network;0.0
10;3;2;HP;352.829
10;3;2;EB;0.0
10;3;2;from_grid;492.984
10;3;2;from_main_grid;492.984
10;3;2;from_network;0.0
10;3;3;HP;358.884
10;3;3;EB;0.0
10;3;3;from_grid;501.211
10;3;3;from_main_grid;501.211
10;3;3;from_network;0.0
10;3;4;HP;390.273
10;3;4;EB;0.0
10;3;4;from_grid;532.719
10;3;4;from_main_grid;532.719
10;3;4;from_network;0.0
10;3;5;HP;355.357
10;3;5;EB;0.0
10;3;5;from_grid;497.111
10;3;5;from_main_grid;497.111
10;3;5;from_network;0.0
10;3;6;HP;395.435
10;3;6;EB;0.0
10;3;6;from_grid;544.834
10;3;6;from_main_grid;544.834
10;3;6;from_network;0.0
10;3;7;HP;344.585
10;3;7;EB;0.0
10;3;7;from_grid;790.192
10;3;7;from_main_grid;790.192
10;3;7;from_network;0.0
10;3;8;HP;321.068
10;3;8;EB;0.0
10;3;8;from_grid;804.884
10;3;8;from_main_grid;804.884
10;3;8;from_network;0.0
10;3;9;HP;303.379
10;3;9;EB;0.0
10;3;9;from_grid;782.562
10;3;9;from_main_grid;782.562
10;3;9;from_network;0.0
10;3;10;HP;295.064
10;3;10;EB;0.0
10;3;10;from_grid;693.841
10;3;10;from_main_grid;693.841
10;3;10;from_network;0.0
10;3;11;HP;275.192
10;3;11;EB;0.0
10;3;11;from_grid;652.449
10;3;11;from_main_grid;652.449
10;3;11;from_network;0.0
10;3;12;HP;256.548
10;3;12;EB;0.0
10;3;12;from_grid;581.602
10;3;12;from_main_grid;292.412
10;3;12;from_network;289.19
10;3;13;HP;233.032
10;3;13;EB;0.0
10;3;13;from_grid;558.159
10;3;13;from_main_grid;0.0
10;3;13;from_network;558.159
10;3;14;HP;352.424
10;3;14;EB;0.0
10;3;14;from_grid;700.769
10;3;14;from_main_grid;269.792
10;3;14;from_network;430.977
10;3;15;HP;350.626
10;3;15;EB;0.0
10;3;15;from_grid;683.255
10;3;15;from_main_grid;349.165
10;3;15;from_network;334.09
10;3;16;HP;355.121
10;3;16;EB;0.0
10;3;16;from_grid;839.587
10;3;16;from_main_grid;839.587
10;3;16;from_network;0.0
10;3;17;HP;363.217
10;3;17;EB;0.0
10;3;17;from_grid;830.356
10;3;17;from_main_grid;830.356
10;3;17;from_network;0.0
10;3;18;HP;365.918
10;3;18;EB;0.0
10;3;18;from_grid;795.596
10;3;18;from_main_grid;795.596
10;3;18;from_network;0.0
10;3;19;HP;0.0
10;3;19;EB;0.0
10;3;19;from_grid;445.809
10;3;19;from_main_grid;445.809
10;3;19;from_network;0.0
10;3;20;HP;0.0
10;3;20;EB;0.0
10;3;20;from_grid;335.649
10;3;20;from_main_grid;335.649
10;3;20;from_network;0.0
10;3;21;HP;52.36
10;3;21;EB;0.0
10;3;21;from_grid;271.958
10;3;21;from_main_grid;271.958
10;3;21;from_network;0.0
10;3;22;HP;383.951
10;3;22;EB;0.0
10;3;22;from_grid;570.293
10;3;22;from_main_grid;570.293
10;3;22;from_network;0.0
10;3;23;HP;387.563
10;3;23;EB;0.0
10;3;23;from_grid;562.565
10;3;23;from_main_grid;562.565
10;3;23;from_network;0.0
10;3;24;HP;391.177
10;3;24;EB;0.0
10;3;24;from_grid;533.1
10;3;24;from_main_grid;533.1
10;3;24;from_network;0.0
10;3;25;HP;182.104
10;3;25;EB;0.0
10;3;25;from_grid;326.881
10;3;25;from_main_grid;326.881
10;3;25;from_network;0.0
10;3;26;HP;365.235
10;3;26;EB;0.0
10;3;26;from_grid;508.672
10;3;26;from_main_grid;508.672
10;3;26;from_network;0.0
10;3;27;HP;373.01
10;3;27;EB;0.0
10;3;27;from_grid;514.134
10;3;27;from_main_grid;514.134
10;3;27;from_network;0.0
10;3;28;HP;379.612
10;3;28;EB;0.0
10;3;28;from_grid;521.656
10;3;28;from_main_grid;521.656
10;3;28;from_network;0.0
10;3;29;HP;388.401
10;3;29;EB;0.0
10;3;29;from_grid;529.964
10;3;29;from_main_grid;529.964
10;3;29;from_network;0.0
10;3;30;HP;398.411
10;3;30;EB;0.0
10;3;30;from_grid;548.489
10;3;30;from_main_grid;548.489
10;3;30;from_network;0.0
10;3;31;HP;358.228
10;3;31;EB;0.0
10;3;31;from_grid;811.327
10;3;31;from_main_grid;811.327
10;3;31;from_network;0.0
10;3;32;HP;331.245
10;3;32;EB;0.0
10;3;32;from_grid;821.802
10;3;32;from_main_grid;821.802
10;3;32;from_network;0.0
10;3;33;HP;305.437
10;3;33;EB;0.0
10;3;33;from_grid;790.762
10;3;33;from_main_grid;790.762
10;3;33;from_network;0.0
10;3;34;HP;292.522
10;3;34;EB;0.0
10;3;34;from_grid;662.4
10;3;34;from_main_grid;432.7
10;3;34;from_network;229.699
10;3;35;HP;279.765
10;3;35;EB;0.0
10;3;35;from_grid;625.762
10;3;35;from_main_grid;329.787
10;3;35;from_network;295.975
10;3;36;HP;271.99
10;3;36;EB;0.0
10;3;36;from_grid;592.968
10;3;36;from_main_grid;215.001
10;3;36;from_network;377.968
10;3;37;HP;260.704
10;3;37;EB;0.0
10;3;37;from_grid;593.828
10;3;37;from_main_grid;363.288
10;3;37;from_network;230.54
10;3;38;HP;251.91
10;3;38;EB;0.0
10;3;38;from_grid;687.158
10;3;38;from_main_grid;687.158
10;3;38;from_network;0.0
10;3;39;HP;272.303
10;3;39;EB;0.0
10;3;39;from_grid;748.974
10;3;39;from_main_grid;748.974
10;3;39;from_network;0.0
10;3;40;HP;268.278
10;3;40;EB;0.0
10;3;40;from_grid;761.122
10;3;40;from_main_grid;761.122
10;3;40;from_network;0.0
10;3;41;HP;276.437
10;3;41;EB;0.0
10;3;41;from_grid;755.674
10;3;41;from_main_grid;755.674
10;3;41;from_network;0.0
10;3;42;HP;299.929
10;3;42;EB;0.0
10;3;42;from_grid;729.781
10;3;42;from_main_grid;729.781
10;3;42;from_network;0.0
10;3;43;HP;297.891
10;3;43;EB;0.0
10;3;43;from_grid;731.555
10;3;43;from_main_grid;731.555
10;3;43;from_network;0.0
10;3;44;HP;306.206
10;3;44;EB;0.0
10;3;44;from_grid;638.89
10;3;44;from_main_grid;638.89
10;3;44;from_network;0.0
10;3;45;HP;320.107
10;3;45;EB;0.0
10;3;45;from_grid;534.693
10;3;45;from_main_grid;534.693
10;3;45;from_network;0.0
10;3;46;HP;312.814
10;3;46;EB;0.0
10;3;46;from_grid;512.193
10;3;46;from_main_grid;512.193
10;3;46;from_network;0.0
10;3;47;HP;304.344
10;3;47;EB;0.0
10;3;47;from_grid;490.674
10;3;47;from_main_grid;490.674
10;3;47;from_network;0.0
10;3;48;HP;80.818
10;3;48;EB;0.0
10;3;48;from_grid;221.54
10;3;48;from_main_grid;221.54
10;3;48;from_network;0.0
10;3;49;HP;79.889
10;3;49;EB;0.0
10;3;49;from_grid;219.518
10;3;49;from_main_grid;219.518
10;3;49;from_network;0.0
10;3;50;HP;77.415
10;3;50;EB;0.0
10;3;50;from_grid;218.392
10;3;50;from_main_grid;218.392
10;3;50;from_network;0.0
10;3;51;HP;76.428
10;3;51;EB;0.0
10;3;51;from_grid;220.37
10;3;51;from_main_grid;220.37
10;3;51;from_network;0.0
10;3;52;HP;80.924
10;3;52;EB;0.0
10;3;52;from_grid;223.354
10;3;52;from_main_grid;223.354
10;3;52;from_network;0.0
10;3;53;HP;80.72
10;3;53;EB;0.0
10;3;53;from_grid;224.101
10;3;53;from_main_grid;224.101
10;3;53;from_network;0.0
10;3;54;HP;84.885
10;3;54;EB;0.0
10;3;54;from_grid;230.466
10;3;54;from_main_grid;230.466
10;3;54;from_network;0.0
10;3;55;HP;102.264
10;3;55;EB;0.0
10;3;55;from_grid;491.794
10;3;55;from_main_grid;491.794
10;3;55;from_network;0.0
10;3;56;HP;107.262
10;3;56;EB;0.0
10;3;56;from_grid;528.628
10;3;56;from_main_grid;528.628
10;3;56;from_network;0.0
10;3;57;HP;97.618
10;3;57;EB;0.0
10;3;57;from_grid;509.386
10;3;57;from_main_grid;509.386
10;3;57;from_network;0.0
10;3;58;HP;97.375
10;3;58;EB;0.0
10;3;58;from_grid;489.396
10;3;58;from_main_grid;489.396
10;3;58;from_network;0.0
10;3;59;HP;99.005
10;3;59;EB;0.0
10;3;59;from_grid;485.201
10;3;59;from_main_grid;485.201
10;3;59;from_network;0.0
10;3;60;HP;97.44
10;3;60;EB;0.0
10;3;60;from_grid;393.548
10;3;60;from_main_grid;287.282
10;3;60;from_network;106.266
10;3;61;HP;89.607
10;3;61;EB;0.0
10;3;61;from_grid;387.802
10;3;61;from_main_grid;0.0
10;3;61;from_network;387.802
10;3;62;HP;82.661
10;3;62;EB;0.0
10;3;62;from_grid;381.462
10;3;62;from_main_grid;319.414
10;3;62;from_network;62.048
10;3;63;HP;90.564
10;3;63;EB;0.0
10;3;63;from_grid;425.5
10;3;63;from_main_grid;425.5
10;3;63;from_network;0.0
10;3;64;HP;91.188
10;3;64;EB;0.0
10;3;64;from_grid;511.92
10;3;64;from_main_grid;511.92
10;3;64;from_network;0.0
10;3;65;HP;312.192
10;3;65;EB;0.0
10;3;65;from_grid;742.204
10;3;65;from_main_grid;742.204
10;3;65;from_network;0.0
10;3;66;HP;343.441
10;3;66;EB;0.0
10;3;66;from_grid;771.664
10;3;66;from_main_grid;771.664
10;3;66;from_network;0.0
10;3;67;HP;0.0
10;3;67;EB;0.0
10;3;67;from_grid;436.394
10;3;67;from_main_grid;436.394
10;3;67;from_network;0.0
10;3;68;HP;0.0
10;3;68;EB;0.0
10;3;68;from_grid;343.946
10;3;68;from_main_grid;343.946
10;3;68;from_network;0.0
10;3;69;HP;0.0
10;3;69;EB;0.0
10;3;69;from_grid;208.356
10;3;69;from_main_grid;208.356
10;3;69;from_network;0.0
10;3;70;HP;0.0
10;3;70;EB;0.0
10;3;70;from_grid;208.378
10;3;70;from_main_grid;208.378
10;3;70;from_network;0.0
10;3;71;HP;127.794
10;3;71;EB;0.0
10;3;71;from_grid;311.195
10;3;71;from_main_grid;311.195
10;3;71;from_network;0.0
10;3;72;HP;134.786
10;3;72;EB;0.0
10;3;72;from_grid;274.042
10;3;72;from_main_grid;274.042
10;3;72;from_network;0.0
10;3;73;HP;136.161
10;3;73;EB;0.0
10;3;73;from_grid;279.352
10;3;73;from_main_grid;279.352
10;3;73;from_network;0.0
10;3;74;HP;142.189
10;3;74;EB;0.0
10;3;74;from_grid;284.303
10;3;74;from_main_grid;284.303
10;3;74;from_network;0.0
10;3;75;HP;149.462
10;3;75;EB;0.0
10;3;75;from_grid;294.702
10;3;75;from_main_grid;294.702
10;3;75;from_network;0.0
10;3;76;HP;150.457
10;3;76;EB;0.0
10;3;76;from_grid;292.831
10;3;76;from_main_grid;292.831
10;3;76;from_network;0.0
10;3;77;HP;152.873
10;3;77;EB;0.0
10;3;77;from_grid;298.918
10;3;77;from_main_grid;298.918
10;3;77;from_network;0.0
10;3;78;HP;329.978
10;3;78;EB;0.0
10;3;78;from_grid;474.107
10;3;78;from_main_grid;474.107
10;3;78;from_network;0.0
10;3;79;HP;0.0
10;3;79;EB;0.0
10;3;79;from_grid;159.384
10;3;79;from_main_grid;159.384
10;3;79;from_network;0.0
10;3;80;HP;179.385
10;3;80;EB;0.0
10;3;80;from_grid;353.463
10;3;80;from_main_grid;353.463
10;3;80;from_network;0.0
10;3;81;HP;167.748
10;3;81;EB;0.0
10;3;81;from_grid;355.263
10;3;81;from_main_grid;355.263
10;3;81;from_network;0.0
10;3;82;HP;284.759
10;3;82;EB;0.0
10;3;82;from_grid;485.235
10;3;82;from_main_grid;485.235
10;3;82;from_network;0.0
10;3;83;HP;362.317
10;3;83;EB;0.0
10;3;83;from_grid;551.429
10;3;83;from_main_grid;551.429
10;3;83;from_network;0.0
10;3;84;HP;358.718
10;3;84;EB;0.0
10;3;84;from_grid;531.916
10;3;84;from_main_grid;531.916
10;3;84;from_network;0.0
10;3;85;HP;355.121
10;3;85;EB;0.0
10;3;85;from_grid;505.159
10;3;85;from_main_grid;112.326
10;3;85;from_network;392.833
10;3;86;HP;360.517
10;3;86;EB;0.0
10;3;86;from_grid;508.941
10;3;86;from_main_grid;114.468
10;3;86;from_network;394.473
10;3;87;HP;361.417
10;3;87;EB;0.0
10;3;87;from_grid;515.511
10;3;87;from_main_grid;381.426
10;3;87;from_network;134.086
10;3;88;HP;365.918
10;3;88;EB;0.0
10;3;88;from_grid;549.665
10;3;88;from_main_grid;549.665
10;3;88;from_network;0.0
10;3;89;HP;366.819
10;3;89;EB;0.0
10;3;89;from_grid;568.082
10;3;89;from_main_grid;568.082
10;3;89;from_network;0.0
10;3;90;HP;371.323
10;3;90;EB;0.0
10;3;90;from_grid;579.22
10;3;90;from_main_grid;579.22
10;3;90;from_network;0.0
10;3;91;HP;378.536
10;3;91;EB;0.0
10;3;91;from_grid;594.675
10;3;91;from_main_grid;594.675
10;3;91;from_network;0.0
10;3;92;HP;383.048
10;3;92;EB;0.0
10;3;92;from_grid;597.339
10;3;92;from_main_grid;597.339
10;3;92;from_network;0.0
10;3;93;HP;384.853
10;3;93;EB;0.0
10;3;93;from_grid;595.878
10;3;93;from_main_grid;595.878
10;3;93;from_network;0.0
10;3;94;HP;388.466
10;3;94;EB;0.0
10;3;94;from_grid;586.033
10;3;94;from_main_grid;586.033
10;3;94;from_network;0.0
10;3;95;HP;389.37
10;3;95;EB;0.0
10;3;95;from_grid;564.989
10;3;95;from_main_grid;564.989
10;3;95;from_network;0.0
10;3;96;HP;391.177
10;3;96;EB;0.0
10;3;96;from_grid;533.716
10;3;96;from_main_grid;533.716
10;3;96;from_network;0.0
10;3;97;HP;394.793
10;3;97;EB;0.0
10;3;97;from_grid;542.189
10;3;97;from_main_grid;542.189
10;3;97;from_network;0.0
10;3;98;HP;395.698
10;3;98;EB;0.0
10;3;98;from_grid;538.46
10;3;98;from_main_grid;538.46
10;3;98;from_network;0.0
10;3;99;HP;398.411
10;3;99;EB;0.0
10;3;99;from_grid;537.935
10;3;99;from_main_grid;537.935
10;3;99;from_network;0.0
10;3;100;HP;394.793
10;3;100;EB;0.0
10;3;100;from_grid;538.809
10;3;100;from_main_grid;538.809
10;3;100;from_network;0.0
10;3;101;HP;389.37
10;3;101;EB;0.0
10;3;101;from_grid;533.833
10;3;101;from_main_grid;533.833
10;3;101;from_network;0.0
10;3;102;HP;385.756
10;3;102;EB;0.0
10;3;102;from_grid;535.866
10;3;102;from_main_grid;535.866
10;3;102;from_network;0.0
10;3;103;HP;383.951
10;3;103;EB;0.0
10;3;103;from_grid;835.707
10;3;103;from_main_grid;835.707
10;3;103;from_network;0.0
10;3;104;HP;377.634
10;3;104;EB;0.0
10;3;104;from_grid;861.22
10;3;104;from_main_grid;861.22
10;3;104;from_network;0.0
10;3;105;HP;374.928
10;3;105;EB;0.0
10;3;105;from_grid;885.135
10;3;105;from_main_grid;885.135
10;3;105;from_network;0.0
10;3;106;HP;383.951
10;3;106;EB;0.0
10;3;106;from_grid;914.93
10;3;106;from_main_grid;914.93
10;3;106;from_network;0.0
10;3;107;HP;385.756
10;3;107;EB;0.0
10;3;107;from_grid;891.58
10;3;107;from_main_grid;891.58
10;3;107;from_network;0.0
10;3;108;HP;389.37
10;3;108;EB;0.0
10;3;108;from_grid;837.171
10;3;108;from_main_grid;837.171
10;3;108;from_network;0.0
10;3;109;HP;385.756
10;3;109;EB;0.0
10;3;109;from_grid;823.66
10;3;109;from_main_grid;823.66
10;3;109;from_network;0.0
10;3;110;HP;383.951
10;3;110;EB;0.0
10;3;110;from_grid;860.916
10;3;110;from_main_grid;860.916
10;3;110;from_network;0.0
10;3;111;HP;381.243
10;3;111;EB;0.0
10;3;111;from_grid;879.151
10;3;111;from_main_grid;879.151
10;3;111;from_network;0.0
10;3;112;HP;379.438
10;3;112;EB;0.0
10;3;112;from_grid;864.816
10;3;112;from_main_grid;864.816
10;3;112;from_network;0.0
10;3;113;HP;378.536
10;3;113;EB;0.0
10;3;113;from_grid;851.77
10;3;113;from_main_grid;851.77
10;3;113;from_network;0.0
10;3;114;HP;378.536
10;3;114;EB;0.0
10;3;114;from_grid;801.158
10;3;114;from_main_grid;801.158
10;3;114;from_network;0.0
10;3;115;HP;377.634
10;3;115;EB;0.0
10;3;115;from_grid;811.041
10;3;115;from_main_grid;811.041
10;3;115;from_network;0.0
10;3;116;HP;374.928
10;3;116;EB;0.0
10;3;116;from_grid;715.118
10;3;116;from_main_grid;715.118
10;3;116;from_network;0.0
10;3;117;HP;374.928
10;3;117;EB;0.0
10;3;117;from_grid;575.184
10;3;117;from_main_grid;575.184
10;3;117;from_network;0.0
10;3;118;HP;374.027
10;3;118;EB;0.0
10;3;118;from_grid;567.507
10;3;118;from_main_grid;567.507
10;3;118;from_network;0.0
10;3;119;HP;375.83
10;3;119;EB;0.0
10;3;119;from_grid;549.113
10;3;119;from_main_grid;549.113
10;3;119;from_network;0.0
10;3;120;HP;375.83
10;3;120;EB;0.0
10;3;120;from_grid;512.491
10;3;120;from_main_grid;512.491
10;3;120;from_network;0.0
10;3;121;HP;377.634
10;3;121;EB;0.0
10;3;121;from_grid;517.374
10;3;121;from_main_grid;517.374
10;3;121;from_network;0.0
10;3;122;HP;383.048
10;3;122;EB;0.0
10;3;122;from_grid;522.931
10;3;122;from_main_grid;522.931
10;3;122;from_network;0.0
10;3;123;HP;389.37
10;3;123;EB;0.0
10;3;123;from_grid;530.118
10;3;123;from_main_grid;530.118
10;3;123;from_network;0.0
10;3;124;HP;396.602
10;3;124;EB;0.0
10;3;124;from_grid;536.728
10;3;124;from_main_grid;536.728
10;3;124;from_network;0.0
10;3;125;HP;402.032
10;3;125;EB;0.0
10;3;125;from_grid;544.607
10;3;125;from_main_grid;544.607
10;3;125;from_network;0.0
10;3;126;HP;401.126
10;3;126;EB;0.0
10;3;126;from_grid;545.755
10;3;126;from_main_grid;545.755
10;3;126;from_network;0.0
10;3;127;HP;402.032
10;3;127;EB;0.0
10;3;127;from_grid;837.515
10;3;127;from_main_grid;837.515
10;3;127;from_network;0.0
10;3;128;HP;375.212
10;3;128;EB;0.0
10;3;128;from_grid;843.96
10;3;128;from_main_grid;843.96
10;3;128;from_network;0.0
10;3;129;HP;362.094
10;3;129;EB;0.0
10;3;129;from_grid;852.287
10;3;129;from_main_grid;852.287
10;3;129;from_network;0.0
10;3;130;HP;328.9
10;3;130;EB;0.0
10;3;130;from_grid;782.308
10;3;130;from_main_grid;782.308
10;3;130;from_network;0.0
10;3;131;HP;316.822
10;3;131;EB;0.0
10;3;131;from_grid;762.043
10;3;131;from_main_grid;762.043
10;3;131;from_network;0.0
10;3;132;HP;302.564
10;3;132;EB;0.0
10;3;132;from_grid;632.644
10;3;132;from_main_grid;632.644
10;3;132;from_network;0.0
10;3;133;HP;286.685
10;3;133;EB;0.0
10;3;133;from_grid;628.354
10;3;133;from_main_grid;628.354
10;3;133;from_network;0.0
10;3;134;HP;271.714
10;3;134;EB;0.0
10;3;134;from_grid;752.441
10;3;134;from_main_grid;752.441
10;3;134;from_network;0.0
10;3;135;HP;287.689
10;3;135;EB;0.0
10;3;135;from_grid;774.156
10;3;135;from_main_grid;774.156
10;3;135;from_network;0.0
10;3;136;HP;378.536
10;3;136;EB;0.0
10;3;136;from_grid;868.542
10;3;136;from_main_grid;868.542
10;3;136;from_network;0.0
10;3;137;HP;192.697
10;3;137;EB;0.0
10;3;137;from_grid;650.452
10;3;137;from_main_grid;650.452
10;3;137;from_network;0.0
10;3;138;HP;318.813
10;3;138;EB;0.0
10;3;138;from_grid;725.509
10;3;138;from_main_grid;725.509
10;3;138;from_network;0.0
10;3;139;HP;388.466
10;3;139;EB;0.0
10;3;139;from_grid;817.403
10;3;139;from_main_grid;817.403
10;3;139;from_network;0.0
10;3;140;HP;287.535
10;3;140;EB;0.0
10;3;140;from_grid;606.547
10;3;140;from_main_grid;606.547
10;3;140;from_network;0.0
10;3;141;HP;395.698
10;3;141;EB;0.0
10;3;141;from_grid;602.622
10;3;141;from_main_grid;602.622
10;3;141;from_network;0.0
10;3;142;HP;398.411
10;3;142;EB;0.0
10;3;142;from_grid;596.494
10;3;142;from_main_grid;596.494
10;3;142;from_network;0.0
10;3;143;HP;400.221
10;3;143;EB;0.0
10;3;143;from_grid;574.959
10;3;143;from_main_grid;574.959
10;3;143;from_network;0.0
10;3;144;HP;394.793
10;3;144;EB;0.0
10;3;144;from_grid;531.636
10;3;144;from_main_grid;531.636
10;3;144;from_network;0.0
10;3;145;HP;399.316
10;3;145;EB;0.0
10;3;145;from_grid;540.054
10;3;145;from_main_grid;540.054
10;3;145;from_network;0.0
10;3;146;HP;397.507
10;3;146;EB;0.0
10;3;146;from_grid;535.372
10;3;146;from_main_grid;535.372
10;3;146;from_network;0.0
10;3;147;HP;402.032
10;3;147;EB;0.0
10;3;147;from_grid;540.465
10;3;147;from_main_grid;540.465
10;3;147;from_network;0.0
10;3;148;HP;400.221
10;3;148;EB;0.0
10;3;148;from_grid;536.702
10;3;148;from_main_grid;536.702
10;3;148;from_network;0.0
10;3;149;HP;401.126
10;3;149;EB;0.0
10;3;149;from_grid;539.449
10;3;149;from_main_grid;539.449
10;3;149;from_network;0.0
10;3;150;HP;398.411
10;3;150;EB;0.0
10;3;150;from_grid;543.949
10;3;150;from_main_grid;543.949
10;3;150;from_network;0.0
10;3;151;HP;362.904
10;3;151;EB;0.0
10;3;151;from_grid;797.757
10;3;151;from_main_grid;797.757
10;3;151;from_network;0.0
10;3;152;HP;336.303
10;3;152;EB;0.0
10;3;152;from_grid;803.934
10;3;152;from_main_grid;803.934
10;3;152;from_network;0.0
10;3;153;HP;291.411
10;3;153;EB;0.0
10;3;153;from_grid;754.459
10;3;153;from_main_grid;754.459
10;3;153;from_network;0.0
10;3;154;HP;276.775
10;3;154;EB;0.0
10;3;154;from_grid;658.015
10;3;154;from_main_grid;658.015
10;3;154;from_network;0.0
10;3;155;HP;244.577
10;3;155;EB;0.0
10;3;155;from_grid;624.124
10;3;155;from_main_grid;624.124
10;3;155;from_network;0.0
10;3;156;HP;229.303
10;3;156;EB;0.0
10;3;156;from_grid;653.915
10;3;156;from_main_grid;653.915
10;3;156;from_network;0.0
10;3;157;HP;355.121
10;3;157;EB;0.0
10;3;157;from_grid;764.393
10;3;157;from_main_grid;764.393
10;3;157;from_network;0.0
10;3;158;HP;75.981
10;3;158;EB;0.0
10;3;158;from_grid;536.551
10;3;158;from_main_grid;536.551
10;3;158;from_network;0.0
10;3;159;HP;221.247
10;3;159;EB;0.0
10;3;159;from_grid;703.23
10;3;159;from_main_grid;703.23
10;3;159;from_network;0.0
10;3;160;HP;217.58
10;3;160;EB;0.0
10;3;160;from_grid;687.899
10;3;160;from_main_grid;687.899
10;3;160;from_network;0.0
10;3;161;HP;212.999
10;3;161;EB;0.0
10;3;161;from_grid;677.46
10;3;161;from_main_grid;677.46
10;3;161;from_network;0.0
10;3;162;HP;233.568
10;3;162;EB;0.0
10;3;162;from_grid;652.04
10;3;162;from_main_grid;652.04
10;3;162;from_network;0.0
10;3;163;HP;297.936
10;3;163;EB;0.0
10;3;163;from_grid;719.52
10;3;163;from_main_grid;719.52
10;3;163;from_network;0.0
10;3;164;HP;351.525
10;3;164;EB;0.0
10;3;164;from_grid;700.519
10;3;164;from_main_grid;700.519
10;3;164;from_network;0.0
10;3;165;HP;352.424
10;3;165;EB;0.0
10;3;165;from_grid;554.002
10;3;165;from_main_grid;554.002
10;3;165;from_network;0.0
10;3;166;HP;353.323
10;3;166;EB;0.0
10;3;166;from_grid;544.373
10;3;166;from_main_grid;544.373
10;3;166;from_network;0.0
10;3;167;HP;356.919
10;3;167;EB;0.0
10;3;167;from_grid;532.494
10;3;167;from_main_grid;532.494
10;3;167;from_network;0.0
15;0;0;HP;0.0
15;0;0;EB;0.0
15;0;0;from_grid;147.77
15;0;0;from_main_grid;147.77
15;0;0;from_network;0.0
15;0;1;HP;157.887
15;0;1;EB;0.0
15;0;1;from_grid;309.988
15;0;1;from_main_grid;309.988
15;0;1;from_network;0.0
15;0;2;HP;0.0
15;0;2;EB;0.0
15;0;2;from_grid;147.638
15;0;2;from_main_grid;147.638
15;0;2;from_network;0.0
15;0;3;HP;202.164
15;0;3;EB;0.0
15;0;3;from_grid;350.699
15;0;3;from_main_grid;350.699
15;0;3;from_network;0.0
15;0;4;HP;208.168
15;0;4;EB;0.0
15;0;4;from_grid;357.137
15;0;4;from_main_grid;357.137
15;0;4;from_network;0.0
15;0;5;HP;213.309
15;0;5;EB;0.0
15;0;5;from_grid;360.575
15;0;5;from_main_grid;360.575
15;0;5;from_network;0.0
15;0;6;HP;227.712
15;0;6;EB;0.0
15;0;6;from_grid;380.898
15;0;6;from_main_grid;380.898
15;0;6;from_network;0.0
15;0;7;HP;191.639
15;0;7;EB;0.0
15;0;7;from_grid;647.25
15;0;7;from_main_grid;647.25
15;0;7;from_network;0.0
15;0;8;HP;173.867
15;0;8;EB;0.0
15;0;8;from_grid;643.043
15;0;8;from_main_grid;643.043
15;0;8;from_network;0.0
15;0;9;HP;175.187
15;0;9;EB;0.0
15;0;9;from_grid;525.75
15;0;9;from_main_grid;183.23
15;0;9;from_network;342.519
15;0;10;HP;150.656
15;0;10;EB;0.0
15;0;10;from_grid;524.424
15;0;10;from_main_grid;95.202
15;0;10;from_network;429.223
15;0;11;HP;139.14
15;0;11;EB;0.0
15;0;11;from_grid;504.431
15;0;11;from_main_grid;420.154
15;0;11;from_network;84.277
15;0;12;HP;120.091
15;0;12;EB;0.0
15;0;12;from_grid;462.98
15;0;12;from_main_grid;226.692
15;0;12;from_network;236.288
15;0;13;HP;214.619
15;0;13;EB;0.0
15;0;13;from_grid;577.809
15;0;13;from_main_grid;577.809
15;0;13;from_network;0.0
15;0;14;HP;0.0
15;0;14;EB;0.0
15;0;14;from_grid;392.271
15;0;14;from_main_grid;392.271
15;0;14;from_network;0.0
15;0;15;HP;111.71
15;0;15;EB;0.0
15;0;15;from_grid;452.106
15;0;15;from_main_grid;233.462
15;0;15;from_network;218.645
15;0;16;HP;104.677
15;0;16;EB;0.0
15;0;16;from_grid;436.584
15;0;16;from_main_grid;436.584
15;0;16;from_network;0.0
15;0;17;HP;98.79
15;0;17;EB;0.0
15;0;17;from_grid;533.956
15;0;17;from_main_grid;533.956
15;0;17;from_network;0.0
15;0;18;HP;323.717
15;0;18;EB;0.0
15;0;18;from_grid;759.545
15;0;18;from_main_grid;759.545
15;0;18;from_network;0.0
15;0;19;HP;0.0
15;0;19;EB;0.0
15;0;19;from_grid;444.103
15;0;19;from_main_grid;444.103
15;0;19;from_network;0.0
15;0;20;HP;52.725
15;0;20;EB;0.0
15;0;20;from_grid;403.212
15;0;20;from_main_grid;403.212
15;0;20;from_network;0.0
15;0;21;HP;329.092
15;0;21;EB;0.0
15;0;21;from_grid;539.336
15;0;21;from_main_grid;539.336
15;0;21;from_network;0.0
15;0;22;HP;334.47
15;0;22;EB;0.0
15;0;22;from_grid;529.213
15;0;22;from_main_grid;529.213
15;0;22;from_network;0.0
15;0;23;HP;338.954
15;0;23;EB;0.0
15;0;23;from_grid;522.236
15;0;23;from_main_grid;522.236
15;0;23;from_network;0.0
15;0;24;HP;0.0
15;0;24;EB;0.0
15;0;24;from_grid;148.336
15;0;24;from_main_grid;148.336
15;0;24;from_network;0.0
15;0;25;HP;0.0
15;0;25;EB;0.0
15;0;25;from_grid;147.39
15;0;25;from_main_grid;147.39
15;0;25;from_network;0.0
15;0;26;HP;41.919
15;0;26;EB;0.0
15;0;26;from_grid;185.842
15;0;26;from_main_grid;185.842
15;0;26;from_network;0.0
15;0;27;HP;353.323
15;0;27;EB;0.0
15;0;27;from_grid;501.707
15;0;27;from_main_grid;501.707
15;0;27;from_network;0.0
15;0;28;HP;354.222
15;0;28;EB;0.0
15;0;28;from_grid;503.778
15;0;28;from_main_grid;503.778
15;0;28;from_network;0.0
15;0;29;HP;360.517
15;0;29;EB;0.0
15;0;29;from_grid;509.136
15;0;29;from_main_grid;509.136
15;0;29;from_network;0.0
15;0;30;HP;0.0
15;0;30;EB;0.0
15;0;30;from_grid;161.16
15;0;30;from_main_grid;161.16
15;0;30;from_network;0.0
15;0;31;HP;60.546
15;0;31;EB;0.0
15;0;31;from_grid;517.149
15;0;31;from_main_grid;517.149
15;0;31;from_network;0.0
15;0;32;HP;200.129
15;0;32;EB;0.0
15;0;32;from_grid;673.419
15;0;32;from_main_grid;673.419
15;0;32;from_network;0.0
15;0;33;HP;197.729
15;0;33;EB;0.0
15;0;33;from_grid;553.167
15;0;33;from_main_grid;281.943
15;0;33;from_network;271.225
15;0;34;HP;171.898
15;0;34;EB;0.0
15;0;34;from_grid;542.501
15;0;34;from_main_grid;58.331
15;0;34;from_network;484.17
15;0;35;HP;149.099
15;0;35;EB;0.0
15;0;35;from_grid;511.854
15;0;35;from_main_grid;4.486
15;0;35;from_network;507.368
15;0;36;HP;148.21
15;0;36;EB;0.0
15;0;36;from_grid;505.038
15;0;36;from_main_grid;156.881
15;0;36;from_network;348.158
15;0;37;HP;154.415
15;0;37;EB;0.0
15;0;37;from_grid;506.046
15;0;37;from_main_grid;0.0
15;0;37;from_network;506.046
15;0;38;HP;255.846
15;0;38;EB;0.0
15;0;38;from_grid;629.885
15;0;38;from_main_grid;0.0
15;0;38;from_network;629.885
15;0;39;HP;263.163
15;0;39;EB;0.0
15;0;39;from_grid;602.889
15;0;39;from_main_grid;0.0
15;0;39;from_network;602.889
15;0;40;HP;0.0
15;0;40;EB;0.0
15;0;40;from_grid;340.349
15;0;40;from_main_grid;107.198
15;0;40;from_network;233.151
15;0;41;HP;154.756
15;0;41;EB;0.0
15;0;41;from_grid;537.268
15;0;41;from_main_grid;537.268
15;0;41;from_network;0.0
15;0;42;HP;322.822
15;0;42;EB;0.0
15;0;42;from_grid;754.597
15;0;42;from_main_grid;754.597
15;0;42;from_network;0.0
15;0;43;HP;328.196
15;0;43;EB;0.0
15;0;43;from_grid;787.155
15;0;43;from_main_grid;787.155
15;0;43;from_network;0.0
15;0;44;HP;332.676
15;0;44;EB;0.0
15;0;44;from_grid;671.929
15;0;44;from_main_grid;671.929
15;0;44;from_network;0.0
15;0;45;HP;0.0
15;0;45;EB;0.0
15;0;45;from_grid;217.236
15;0;45;from_main_grid;217.236
15;0;45;from_network;0.0
15;0;46;HP;0.0
15;0;46;EB;0.0
15;0;46;from_grid;199.022
15;0;46;from_main_grid;199.022
15;0;46;from_network;0.0
15;0;47;HP;0.0
15;0;47;EB;0.0
15;0;47;from_grid;180.544
15;0;47;from_main_grid;180.544
15;0;47;from_network;0.0
15;0;48;HP;0.0
15;0;48;EB;0.0
15;0;48;from_grid;146.92
15;0;48;from_main_grid;146.92
15;0;48;from_network;0.0
15;0;49;HP;0.0
15;0;49;EB;0.0
15;0;49;from_grid;149.82
15;0;49;from_main_grid;149.82
15;0;49;from_network;0.0
15;0;50;HP;0.0
15;0;50;EB;0.0
15;0;50;from_grid;150.462
15;0;50;from_main_grid;150.462
15;0;50;from_network;0.0
15;0;51;HP;0.0
15;0;51;EB;0.0
15;0;51;from_grid;144.922
15;0;51;from_main_grid;144.922
15;0;51;from_network;0.0
15;0;52;HP;0.0
15;0;52;EB;0.0
15;0;52;from_grid;147.904
15;0;52;from_main_grid;147.904
15;0;52;from_network;0.0
15;0;53;HP;0.0
15;0;53;EB;0.0
15;0;53;from_grid;148.174
15;0;53;from_main_grid;148.174
15;0;53;from_network;0.0
15;0;54;HP;78.006
15;0;54;EB;0.0
15;0;54;from_grid;236.426
15;0;54;from_main_grid;236.426
15;0;54;from_network;0.0
15;0;55;HP;97.866
15;0;55;EB;0.0
15;0;55;from_grid;506.943
15;0;55;from_main_grid;506.943
15;0;55;from_network;0.0
15;0;56;HP;95.498
15;0;56;EB;0.0
15;0;56;from_grid;505.602
15;0;56;from_main_grid;505.602
15;0;56;from_network;0.0
15;0;57;HP;87.754
15;0;57;EB;0.0
15;0;57;from_grid;409.167
15;0;57;from_main_grid;409.167
15;0;57;from_network;0.0
15;0;58;HP;80.272
15;0;58;EB;0.0
15;0;58;from_grid;387.402
15;0;58;from_main_grid;73.835
15;0;58;from_network;313.567
15;0;59;HP;73.032
15;0;59;EB;0.0
15;0;59;from_grid;385.377
15;0;59;from_main_grid;0.0
15;0;59;from_network;385.377
15;0;60;HP;201.553
15;0;60;EB;0.0
15;0;60;from_grid;517.703
15;0;60;from_main_grid;490.193
15;0;60;from_network;27.511
15;0;61;HP;0.0
15;0;61;EB;0.0
15;0;61;from_grid;345.73
15;0;61;from_main_grid;345.73
15;0;61;from_network;0.0
15;0;62;HP;0.0
15;0;62;EB;0.0
15;0;62;from_grid;367.695
15;0;62;from_main_grid;367.695
15;0;62;from_network;0.0
15;0;63;HP;70.506
15;0;63;EB;0.0
15;0;63;from_grid;375.4
15;0;63;from_main_grid;0.0
15;0;63;from_network;375.4
15;0;64;HP;54.751
15;0;64;EB;0.0
15;0;64;from_grid;367.141
15;0;64;from_main_grid;0.0
15;0;64;from_network;367.141
15;0;65;HP;46.163
15;0;65;EB;0.0
15;0;65;from_grid;418.511
15;0;65;from_main_grid;418.511
15;0;65;from_network;0.0
15;0;66;HP;53.712
15;0;66;EB;0.0
15;0;66;from_grid;497.636
15;0;66;from_main_grid;497.636
15;0;66;from_network;0.0
15;0;67;HP;52.536
15;0;67;EB;0.0
15;0;67;from_grid;505.668
15;0;67;from_main_grid;505.668
15;0;67;from_network;0.0
15;0;68;HP;296.897
15;0;68;EB;0.0
15;0;68;from_grid;651.569
15;0;68;from_main_grid;651.569
15;0;68;from_network;0.0
15;0;69;HP;296.897
15;0;69;EB;0.0
15;0;69;from_grid;517.697
15;0;69;from_main_grid;517.697
15;0;69;from_network;0.0
15;0;70;HP;301.361
15;0;70;EB;0.0
15;0;70;from_grid;501.591
15;0;70;from_main_grid;501.591
15;0;70;from_network;0.0
15;0;71;HP;316.557
15;0;71;EB;0.0
15;0;71;from_grid;505.708
15;0;71;from_main_grid;505.708
15;0;71;from_network;0.0
15;0;72;HP;0.0
15;0;72;EB;0.0
15;0;72;from_grid;140.001
15;0;72;from_main_grid;140.001
15;0;72;from_network;0.0
15;0;73;HP;0.0
15;0;73;EB;0.0
15;0;73;from_grid;139.906
15;0;73;from_main_grid;139.906
15;0;73;from_network;0.0
15;0;74;HP;0.0
15;0;74;EB;0.0
15;0;74;from_grid;138.774
15;0;74;from_main_grid;138.774
15;0;74;from_network;0.0
15;0;75;HP;0.0
15;0;75;EB;0.0
15;0;75;from_grid;139.524
15;0;75;from_main_grid;139.524
15;0;75;from_network;0.0
15;0;76;HP;0.0
15;0;76;EB;0.0
15;0;76;from_grid;143.338
15;0;76;from_main_grid;143.338
15;0;76;from_network;0.0
15;0;77;HP;0.0
15;0;77;EB;0.0
15;0;77;from_grid;143.901
15;0;77;from_main_grid;143.901
15;0;77;from_network;0.0
15;0;78;HP;0.0
15;0;78;EB;0.0
15;0;78;from_grid;143.165
15;0;78;from_main_grid;143.165
15;0;78;from_network;0.0
15;0;79;HP;0.0
15;0;79;EB;0.0
15;0;79;from_grid;153.595
15;0;79;from_main_grid;153.595
15;0;79;from_network;0.0
15;0;80;HP;0.0
15;0;80;EB;0.0
15;0;80;from_grid;172.307
15;0;80;from_main_grid;172.307
15;0;80;from_network;0.0
15;0;81;HP;0.0
15;0;81;EB;0.0
15;0;81;from_grid;172.317
15;0;81;from_main_grid;172.317
15;0;81;from_network;0.0
15;0;82;HP;135.124
15;0;82;EB;0.0
15;0;82;from_grid;304.34
15;0;82;from_main_grid;304.34
15;0;82;from_network;0.0
15;0;83;HP;126.325
15;0;83;EB;0.0
15;0;83;from_grid;271.263
15;0;83;from_main_grid;190.46
15;0;83;from_network;80.803
15;0;84;HP;126.593
15;0;84;EB;0.0
15;0;84;from_grid;265.709
15;0;84;from_main_grid;144.476
15;0;84;from_network;121.234
15;0;85;HP;123.664
15;0;85;EB;0.0
15;0;85;from_grid;261.048
15;0;85;from_main_grid;176.331
15;0;85;from_network;84.717
15;0;86;HP;121.995
15;0;86;EB;0.0
15;0;86;from_grid;270.406
15;0;86;from_main_grid;270.406
15;0;86;from_network;0.0
15;0;87;HP;122.336
15;0;87;EB;0.0
15;0;87;from_grid;250.367
15;0;87;from_main_grid;182.629
15;0;87;from_network;67.738
15;0;88;HP;353.323
15;0;88;EB;0.0
15;0;88;from_grid;499.756
15;0;88;from_main_grid;499.756
15;0;88;from_network;0.0
15;0;89;HP;307.548
15;0;89;EB;0.0
15;0;89;from_grid;460.669
15;0;89;from_main_grid;460.669
15;0;89;from_network;0.0
15;0;90;HP;0.0
15;0;90;EB;0.0
15;0;90;from_grid;195.402
15;0;90;from_main_grid;195.402
15;0;90;from_network;0.0
15;0;91;HP;0.0
15;0;91;EB;0.0
15;0;91;from_grid;219.121
15;0;91;from_main_grid;219.121
15;0;91;from_network;0.0
15;0;92;HP;367.719
15;0;92;EB;0.0
15;0;92;from_grid;574.983
15;0;92;from_main_grid;574.983
15;0;92;from_network;0.0
15;0;93;HP;372.224
15;0;93;EB;0.0
15;0;93;from_grid;578.805
15;0;93;from_main_grid;578.805
15;0;93;from_network;0.0
15;0;94;HP;373.125
15;0;94;EB;0.0
15;0;94;from_grid;560.396
15;0;94;from_main_grid;560.396
15;0;94;from_network;0.0
15;0;95;HP;373.125
15;0;95;EB;0.0
15;0;95;from_grid;544.698
15;0;95;from_main_grid;544.698
15;0;95;from_network;0.0
15;0;96;HP;375.83
15;0;96;EB;0.0
15;0;96;from_grid;514.019
15;0;96;from_main_grid;514.019
15;0;96;from_network;0.0
15;0;97;HP;379.438
15;0;97;EB;0.0
15;0;97;from_grid;522.01
15;0;97;from_main_grid;522.01
15;0;97;from_network;0.0
15;0;98;HP;381.243
15;0;98;EB;0.0
15;0;98;from_grid;520.109
15;0;98;from_main_grid;520.109
15;0;98;from_network;0.0
15;0;99;HP;383.951
15;0;99;EB;0.0
15;0;99;from_grid;522.53
15;0;99;from_main_grid;522.53
15;0;99;from_network;0.0
15;0;100;HP;383.951
15;0;100;EB;0.0
15;0;100;from_grid;525.389
15;0;100;from_main_grid;525.389
15;0;100;from_network;0.0
15;0;101;HP;383.951
15;0;101;EB;0.0
15;0;101;from_grid;524.014
15;0;101;from_main_grid;524.014
15;0;101;from_network;0.0
15;0;102;HP;382.145
15;0;102;EB;0.0
15;0;102;from_grid;523.658
15;0;102;from_main_grid;523.658
15;0;102;from_network;0.0
15;0;103;HP;383.048
15;0;103;EB;0.0
15;0;103;from_grid;809.808
15;0;103;from_main_grid;809.808
15;0;103;from_network;0.0
15;0;104;HP;380.34
15;0;104;EB;0.0
15;0;104;from_grid;810.161
15;0;104;from_main_grid;810.161
15;0;104;from_network;0.0
15;0;105;HP;376.732
15;0;105;EB;0.0
15;0;105;from_grid;716.338
15;0;105;from_main_grid;716.338
15;0;105;from_network;0.0
15;0;106;HP;365.789
15;0;106;EB;0.0
15;0;106;from_grid;716.476
15;0;106;from_main_grid;702.636
15;0;106;from_network;13.84
15;0;107;HP;341.757
15;0;107;EB;0.0
15;0;107;from_grid;696.092
15;0;107;from_main_grid;696.092
15;0;107;from_network;0.0
15;0;108;HP;319.333
15;0;108;EB;0.0
15;0;108;from_grid;666.63
15;0;108;from_main_grid;666.63
15;0;108;from_network;0.0
15;0;109;HP;290.708
15;0;109;EB;0.0
15;0;109;from_grid;650.33
15;0;109;from_main_grid;650.33
15;0;109;from_network;0.0
15;0;110;HP;355.121
15;0;110;EB;0.0
15;0;110;from_grid;705.103
15;0;110;from_main_grid;335.757
15;0;110;from_network;369.345
15;0;111;HP;351.525
15;0;111;EB;0.0
15;0;111;from_grid;681.732
15;0;111;from_main_grid;370.865
15;0;111;from_network;310.867
15;0;112;HP;352.424
15;0;112;EB;0.0
15;0;112;from_grid;769.178
15;0;112;from_main_grid;769.178
15;0;112;from_network;0.0
15;0;113;HP;363.217
15;0;113;EB;0.0
15;0;113;from_grid;800.184
15;0;113;from_main_grid;800.184
15;0;113;from_network;0.0
15;0;114;HP;366.819
15;0;114;EB;0.0
15;0;114;from_grid;779.803
15;0;114;from_main_grid;779.803
15;0;114;from_network;0.0
15;0;115;HP;147.991
15;0;115;EB;0.0
15;0;115;from_grid;563.339
15;0;115;from_main_grid;563.339
15;0;115;from_network;0.0
15;0;116;HP;0.0
15;0;116;EB;0.0
15;0;116;from_grid;325.59
15;0;116;from_main_grid;325.59
15;0;116;from_network;0.0
15;0;117;HP;335.937
15;0;117;EB;0.0
15;0;117;from_grid;538.055
15;0;117;from_main_grid;538.055
15;0;117;from_network;0.0
15;0;118;HP;335.147
15;0;118;EB;0.0
15;0;118;from_grid;523.798
15;0;118;from_main_grid;523.798
15;0;118;from_network;0.0
15;0;119;HP;338.314
15;0;119;EB;0.0
15;0;119;from_grid;527.805
15;0;119;from_main_grid;527.805
15;0;119;from_network;0.0
15;0;120;HP;350.37
15;0;120;EB;0.0
15;0;120;from_grid;488.042
15;0;120;from_main_grid;488.042
15;0;120;from_network;0.0
15;0;121;HP;348.209
15;0;121;EB;0.0
15;0;121;from_grid;489.016
15;0;121;from_main_grid;489.016
15;0;121;from_network;0.0
15;0;122;HP;348.719
15;0;122;EB;0.0
15;0;122;from_grid;487.872
15;0;122;from_main_grid;487.872
15;0;122;from_network;0.0
15;0;123;HP;355.968
15;0;123;EB;0.0
15;0;123;from_grid;496.286
15;0;123;from_main_grid;496.286
15;0;123;from_network;0.0
15;0;124;HP;356.466
15;0;124;EB;0.0
15;0;124;from_grid;497.242
15;0;124;from_main_grid;497.242
15;0;124;from_network;0.0
15;0;125;HP;357.209
15;0;125;EB;0.0
15;0;125;from_grid;494.697
15;0;125;from_main_grid;494.697
15;0;125;from_network;0.0
15;0;126;HP;365.398
15;0;126;EB;0.0
15;0;126;from_grid;508.616
15;0;126;from_main_grid;508.616
15;0;126;from_network;0.0
15;0;127;HP;323.002
15;0;127;EB;0.0
15;0;127;from_grid;753.848
15;0;127;from_main_grid;753.848
15;0;127;from_network;0.0
15;0;128;HP;296.869
15;0;128;EB;0.0
15;0;128;from_grid;741.739
15;0;128;from_main_grid;741.739
15;0;128;from_network;0.0
15;0;129;HP;295.751
15;0;129;EB;0.0
15;0;129;from_grid;613.536
15;0;129;from_main_grid;407.481
15;0;129;from_network;206.056
15;0;130;HP;268.008
15;0;130;EB;0.0
15;0;130;from_grid;614.072
15;0;130;from_main_grid;412.749
15;0;130;from_network;201.323
15;0;131;HP;258.543
15;0;131;EB;0.0
15;0;131;from_grid;596.149
15;0;131;from_main_grid;596.149
15;0;131;from_network;0.0
15;0;132;HP;258.469
15;0;132;EB;0.0
15;0;132;from_grid;625.333
15;0;132;from_main_grid;625.333
15;0;132;from_network;0.0
15;0;133;HP;232.076
15;0;133;EB;0.0
15;0;133;from_grid;553.865
15;0;133;from_main_grid;546.763
15;0;133;from_network;7.101
15;0;134;HP;218.644
15;0;134;EB;0.0
15;0;134;from_grid;566.142
15;0;134;from_main_grid;566.142
15;0;134;from_network;0.0
15;0;135;HP;360.517
15;0;135;EB;0.0
15;0;135;from_grid;686.409
15;0;135;from_main_grid;502.266
15;0;135;from_network;184.143
15;0;136;HP;362.317
15;0;136;EB;0.0
15;0;136;from_grid;673.04
15;0;136;from_main_grid;673.04
15;0;136;from_network;0.0
15;0;137;HP;364.117
15;0;137;EB;0.0
15;0;137;from_grid;672.954
15;0;137;from_main_grid;618.214
15;0;137;from_network;54.74
15;0;138;HP;372.224
15;0;138;EB;0.0
15;0;138;from_grid;767.933
15;0;138;from_main_grid;767.933
15;0;138;from_network;0.0
15;0;139;HP;376.732
15;0;139;EB;0.0
15;0;139;from_grid;794.205
15;0;139;from_main_grid;794.205
15;0;139;from_network;0.0
15;0;140;HP;381.243
15;0;140;EB;0.0
15;0;140;from_grid;711.237
15;0;140;from_main_grid;711.237
15;0;140;from_network;0.0
15;0;141;HP;88.1
15;0;141;EB;0.0
15;0;141;from_grid;293.836
15;0;141;from_main_grid;293.836
15;0;141;from_network;0.0
15;0;142;HP;0.0
15;0;142;EB;0.0
15;0;142;from_grid;204.737
15;0;142;from_main_grid;204.737
15;0;142;from_network;0.0
15;0;143;HP;0.0
15;0;143;EB;0.0
15;0;143;from_grid;182.726
15;0;143;from_main_grid;182.726
15;0;143;from_network;0.0
15;0;144;HP;394.793
15;0;144;EB;0.0
15;0;144;from_grid;534.376
15;0;144;from_main_grid;534.376
15;0;144;from_network;0.0
15;0;145;HP;290.022
15;0;145;EB;0.0
15;0;145;from_grid;429.048
15;0;145;from_main_grid;429.048
15;0;145;from_network;0.0
15;0;146;HP;401.126
15;0;146;EB;0.0
15;0;146;from_grid;540.337
15;0;146;from_main_grid;540.337
15;0;146;from_network;0.0
15;0;147;HP;408.372
15;0;147;EB;0.0
15;0;147;from_grid;548.969
15;0;147;from_main_grid;548.969
15;0;147;from_network;0.0
15;0;148;HP;411.091
15;0;148;EB;0.0
15;0;148;from_grid;552.822
15;0;148;from_main_grid;552.822
15;0;148;from_network;0.0
15;0;149;HP;413.811
15;0;149;EB;0.0
15;0;149;from_grid;559.97
15;0;149;from_main_grid;559.97
15;0;149;from_network;0.0
15;0;150;HP;310.426
15;0;150;EB;0.0
15;0;150;from_grid;455.278
15;0;150;from_main_grid;455.278
15;0;150;from_network;0.0
15;0;151;HP;385.912
15;0;151;EB;0.0
15;0;151;from_grid;815.261
15;0;151;from_main_grid;815.261
15;0;151;from_network;0.0
15;0;152;HP;366.618
15;0;152;EB;0.0
15;0;152;from_grid;730.756
15;0;152;from_main_grid;686.123
15;0;152;from_network;44.633
15;0;153;HP;343.859
15;0;153;EB;0.0
15;0;153;from_grid;668.85
15;0;153;from_main_grid;154.501
15;0;153;from_network;514.349
15;0;154;HP;301.029
15;0;154;EB;0.0
15;0;154;from_grid;645.866
15;0;154;from_main_grid;0.0
15;0;154;from_network;645.866
15;0;155;HP;281.144
15;0;155;EB;0.0
15;0;155;from_grid;612.079
15;0;155;from_main_grid;174.87
15;0;155;from_network;437.209
15;0;156;HP;264.33
15;0;156;EB;0.0
15;0;156;from_grid;586.752
15;0;156;from_main_grid;0.0
15;0;156;from_network;586.752
15;0;157;HP;378.536
15;0;157;EB;0.0
15;0;157;from_grid;699.807
15;0;157;from_main_grid;488.969
15;0;157;from_network;210.837
15;0;158;HP;383.951
15;0;158;EB;0.0
15;0;158;from_grid;745.363
15;0;158;from_main_grid;745.363
15;0;158;from_network;0.0
15;0;159;HP;383.048
15;0;159;EB;0.0
15;0;159;from_grid;712.264
15;0;159;from_main_grid;712.264
15;0;159;from_network;0.0
15;0;160;HP;393.889
15;0;160;EB;0.0
15;0;160;from_grid;709.735
15;0;160;from_main_grid;506.691
15;0;160;from_network;203.044
15;0;161;HP;396.602
15;0;161;EB;0.0
15;0;161;from_grid;710.047
15;0;161;from_main_grid;704.088
15;0;161;from_network;5.959
15;0;162;HP;396.602
15;0;162;EB;0.0
15;0;162;from_grid;799.013
15;0;162;from_main_grid;799.013
15;0;162;from_network;0.0
15;0;163;HP;405.654
15;0;163;EB;0.0
15;0;163;from_grid;835.791
15;0;163;from_main_grid;835.791
15;0;163;from_network;0.0
15;0;164;HP;410.185
15;0;164;EB;0.0
15;0;164;from_grid;737.007
15;0;164;from_main_grid;737.007
15;0;164;from_network;0.0
15;0;165;HP;299.998
15;0;165;EB;0.0
15;0;165;from_grid;504.201
15;0;165;from_main_grid;504.201
15;0;165;from_network;0.0
15;0;166;HP;0.0
15;0;166;EB;0.0
15;0;166;from_grid;192.504
15;0;166;from_main_grid;192.504
15;0;166;from_network;0.0
15;0;167;HP;413.811
15;0;167;EB;0.0
15;0;167;from_grid;583.268
15;0;167;from_main_grid;583.268
15;0;167;from_network;0.0
15;1;0;HP;0.0
15;1;0;EB;0.0
15;1;0;from_grid;138.851
15;1;0;from_main_grid;138.851
15;1;0;from_network;0.0
15;1;1;HP;0.0
15;1;1;EB;0.0
15;1;1;from_grid;142.253
15;1;1;from_main_grid;142.253
15;1;1;from_network;0.0
15;1;2;HP;0.0
15;1;2;EB;0.0
15;1;2;from_grid;141.421
15;1;2;from_main_grid;141.421
15;1;2;from_network;0.0
15;1;3;HP;0.0
15;1;3;EB;0.0
15;1;3;from_grid;140.014
15;1;3;from_main_grid;140.014
15;1;3;from_network;0.0
15;1;4;HP;0.0
15;1;4;EB;0.0
15;1;4;from_grid;141.186
15;1;4;from_main_grid;141.186
15;1;4;from_network;0.0
15;1;5;HP;0.0
15;1;5;EB;0.0
15;1;5;from_grid;143.169
15;1;5;from_main_grid;143.169
15;1;5;from_network;0.0
15;1;6;HP;0.0
15;1;6;EB;0.0
15;1;6;from_grid;146.213
15;1;6;from_main_grid;146.213
15;1;6;from_network;0.0
15;1;7;HP;0.0
15;1;7;EB;0.0
15;1;7;from_grid;283.492
15;1;7;from_main_grid;188.905
15;1;7;from_network;94.588
15;1;8;HP;0.0
15;1;8;EB;0.0
15;1;8;from_grid;312.173
15;1;8;from_main_grid;0.0
15;1;8;from_network;312.173
15;1;9;HP;0.0
15;1;9;EB;0.0
15;1;9;from_grid;335.542
15;1;9;from_main_grid;0.0
15;1;9;from_network;335.542
15;1;10;HP;0.0
15;1;10;EB;0.0
15;1;10;from_grid;350.707
15;1;10;from_main_grid;0.0
15;1;10;from_network;350.707
15;1;11;HP;0.0
15;1;11;EB;0.0
15;1;11;from_grid;332.356
15;1;11;from_main_grid;0.0
15;1;11;from_network;332.356
15;1;12;HP;0.0
15;1;12;EB;0.0
15;1;12;from_grid;318.428
15;1;12;from_main_grid;0.0
15;1;12;from_network;318.428
15;1;13;HP;0.0
15;1;13;EB;0.0
15;1;13;from_grid;328.607
15;1;13;from_main_grid;0.0
15;1;13;from_network;328.607
15;1;14;HP;0.0
15;1;14;EB;0.0
15;1;14;from_grid;341.387
15;1;14;from_main_grid;0.0
15;1;14;from_network;341.387
15;1;15;HP;0.0
15;1;15;EB;0.0
15;1;15;from_grid;320.73
15;1;15;from_main_grid;0.0
15;1;15;from_network;320.73
15;1;16;HP;0.0
15;1;16;EB;0.0
15;1;16;from_grid;304.174
15;1;16;from_main_grid;0.0
15;1;16;from_network;304.174
15;1;17;HP;0.0
15;1;17;EB;0.0
15;1;17;from_grid;284.452
15;1;17;from_main_grid;35.055
15;1;17;from_network;249.397
15;1;18;HP;0.0
15;1;18;EB;0.0
15;1;18;from_grid;298.226
15;1;18;from_main_grid;263.63
15;1;18;from_network;34.596
15;1;19;HP;0.0
15;1;19;EB;0.0
15;1;19;from_grid;418.085
15;1;19;from_main_grid;418.085
15;1;19;from_network;0.0
15;1;20;HP;0.0
15;1;20;EB;0.0
15;1;20;from_grid;329.895
15;1;20;from_main_grid;329.895
15;1;20;from_network;0.0
15;1;21;HP;0.0
15;1;21;EB;0.0
15;1;21;from_grid;199.016
15;1;21;from_main_grid;199.016
15;1;21;from_network;0.0
15;1;22;HP;0.0
15;1;22;EB;0.0
15;1;22;from_grid;191.234
15;1;22;from_main_grid;191.234
15;1;22;from_network;0.0
15;1;23;HP;0.0
15;1;23;EB;0.0
15;1;23;from_grid;173.048
15;1;23;from_main_grid;173.048
15;1;23;from_network;0.0
15;1;24;HP;0.0
15;1;24;EB;0.0
15;1;24;from_grid;137.731
15;1;24;from_main_grid;137.731
15;1;24;from_network;0.0
15;1;25;HP;0.0
15;1;25;EB;0.0
15;1;25;from_grid;139.712
15;1;25;from_main_grid;139.712
15;1;25;from_network;0.0
15;1;26;HP;0.0
15;1;26;EB;0.0
15;1;26;from_grid;141.565
15;1;26;from_main_grid;141.565
15;1;26;from_network;0.0
15;1;27;HP;0.0
15;1;27;EB;0.0
15;1;27;from_grid;140.195
15;1;27;from_main_grid;140.195
15;1;27;from_network;0.0
15;1;28;HP;0.0
15;1;28;EB;0.0
15;1;28;from_grid;141.526
15;1;28;from_main_grid;141.526
15;1;28;from_network;0.0
15;1;29;HP;0.0
15;1;29;EB;0.0
15;1;29;from_grid;142.101
15;1;29;from_main_grid;142.101
15;1;29;from_network;0.0
15;1;30;HP;0.0
15;1;30;EB;0.0
15;1;30;from_grid;145.344
15;1;30;from_main_grid;145.344
15;1;30;from_network;0.0
15;1;31;HP;0.0
15;1;31;EB;0.0
15;1;31;from_grid;281.681
15;1;31;from_main_grid;212.513
15;1;31;from_network;69.169
15;1;32;HP;7.893
15;1;32;EB;0.0
15;1;32;from_grid;329.715
15;1;32;from_main_grid;0.0
15;1;32;from_network;329.715
15;1;33;HP;9.056
15;1;33;EB;0.0
15;1;33;from_grid;333.264
15;1;33;from_main_grid;0.0
15;1;33;from_network;333.264
15;1;34;HP;10.877
15;1;34;EB;0.0
15;1;34;from_grid;354.181
15;1;34;from_main_grid;0.0
15;1;34;from_network;354.181
15;1;35;HP;9.608
15;1;35;EB;0.0
15;1;35;from_grid;353.018
15;1;35;from_main_grid;0.0
15;1;35;from_network;353.018
15;1;36;HP;9.311
15;1;36;EB;0.0
15;1;36;from_grid;324.681
15;1;36;from_main_grid;0.0
15;1;36;from_network;324.681
15;1;37;HP;7.355
15;1;37;EB;0.0
15;1;37;from_grid;327.878
15;1;37;from_main_grid;0.0
15;1;37;from_network;327.878
15;1;38;HP;8.253
15;1;38;EB;0.0
15;1;38;from_grid;361.525
15;1;38;from_main_grid;0.0
15;1;38;from_network;361.525
15;1;39;HP;91.682
15;1;39;EB;0.0
15;1;39;from_grid;412.111
15;1;39;from_main_grid;0.0
15;1;39;from_network;412.111
15;1;40;HP;0.0
15;1;40;EB;0.0
15;1;40;from_grid;311.971
15;1;40;from_main_grid;0.0
15;1;40;from_network;311.971
15;1;41;HP;36.214
15;1;41;EB;0.0
15;1;41;from_grid;326.349
15;1;41;from_main_grid;0.0
15;1;41;from_network;326.349
15;1;42;HP;0.0
15;1;42;EB;0.0
15;1;42;from_grid;279.245
15;1;42;from_main_grid;144.395
15;1;42;from_network;134.85
15;1;43;HP;0.0
15;1;43;EB;0.0
15;1;43;from_grid;417.79
15;1;43;from_main_grid;417.79
15;1;43;from_network;0.0
15;1;44;HP;0.0
15;1;44;EB;0.0
15;1;44;from_grid;320.656
15;1;44;from_main_grid;320.656
15;1;44;from_network;0.0
15;1;45;HP;0.0
15;1;45;EB;0.0
15;1;45;from_grid;206.804
15;1;45;from_main_grid;206.804
15;1;45;from_network;0.0
15;1;46;HP;0.0
15;1;46;EB;0.0
15;1;46;from_grid;192.975
15;1;46;from_main_grid;192.975
15;1;46;from_network;0.0
15;1;47;HP;0.0
15;1;47;EB;0.0
15;1;47;from_grid;178.724
15;1;47;from_main_grid;178.724
15;1;47;from_network;0.0
15;1;48;HP;0.0
15;1;48;EB;0.0
15;1;48;from_grid;139.863
15;1;48;from_main_grid;139.863
15;1;48;from_network;0.0
15;1;49;HP;0.0
15;1;49;EB;0.0
15;1;49;from_grid;142.22
15;1;49;from_main_grid;142.22
15;1;49;from_network;0.0
15;1;50;HP;0.0
15;1;50;EB;0.0
15;1;50;from_grid;141.446
15;1;50;from_main_grid;141.446
15;1;50;from_network;0.0
15;1;51;HP;0.0
15;1;51;EB;0.0
15;1;51;from_grid;140.181
15;1;51;from_main_grid;140.181
15;1;51;from_network;0.0
15;1;52;HP;0.0
15;1;52;EB;0.0
15;1;52;from_grid;141.122
15;1;52;from_main_grid;141.122
15;1;52;from_network;0.0
15;1;53;HP;0.0
15;1;53;EB;0.0
15;1;53;from_grid;141.979
15;1;53;from_main_grid;141.979
15;1;53;from_network;0.0
15;1;54;HP;0.0
15;1;54;EB;0.0
15;1;54;from_grid;145.838
15;1;54;from_main_grid;145.838
15;1;54;from_network;0.0
15;1;55;HP;0.0
15;1;55;EB;0.0
15;1;55;from_grid;324.955
15;1;55;from_main_grid;312.511
15;1;55;from_network;12.444
15;1;56;HP;0.0
15;1;56;EB;0.0
15;1;56;from_grid;285.62
15;1;56;from_main_grid;0.0
15;1;56;from_network;285.62
15;1;57;HP;0.0
15;1;57;EB;0.0
15;1;57;from_grid;277.081
15;1;57;from_main_grid;0.0
15;1;57;from_network;277.081
15;1;58;HP;7.286
15;1;58;EB;0.0
15;1;58;from_grid;303.823
15;1;58;from_main_grid;0.0
15;1;58;from_network;303.823
15;1;59;HP;7.577
15;1;59;EB;0.0
15;1;59;from_grid;288.007
15;1;59;from_main_grid;0.0
15;1;59;from_network;288.007
15;1;60;HP;6.907
15;1;60;EB;0.0
15;1;60;from_grid;293.78
15;1;60;from_main_grid;0.0
15;1;60;from_network;293.78
15;1;61;HP;7.056
15;1;61;EB;0.0
15;1;61;from_grid;301.23
15;1;61;from_main_grid;0.0
15;1;61;from_network;301.23
15;1;62;HP;14.712
15;1;62;EB;0.0
15;1;62;from_grid;306.305
15;1;62;from_main_grid;0.0
15;1;62;from_network;306.305
15;1;63;HP;0.0
15;1;63;EB;0.0
15;1;63;from_grid;276.461
15;1;63;from_main_grid;20.365
15;1;63;from_network;256.096
15;1;64;HP;81.076
15;1;64;EB;0.0
15;1;64;from_grid;356.876
15;1;64;from_main_grid;0.0
15;1;64;from_network;356.876
15;1;65;HP;32.532
15;1;65;EB;0.0
15;1;65;from_grid;307.895
15;1;65;from_main_grid;0.0
15;1;65;from_network;307.895
15;1;66;HP;0.0
15;1;66;EB;0.0
15;1;66;from_grid;276.931
15;1;66;from_main_grid;212.187
15;1;66;from_network;64.744
15;1;67;HP;0.0
15;1;67;EB;0.0
15;1;67;from_grid;417.182
15;1;67;from_main_grid;417.182
15;1;67;from_network;0.0
15;1;68;HP;0.0
15;1;68;EB;0.0
15;1;68;from_grid;320.126
15;1;68;from_main_grid;320.126
15;1;68;from_network;0.0
15;1;69;HP;0.0
15;1;69;EB;0.0
15;1;69;from_grid;201.058
15;1;69;from_main_grid;201.058
15;1;69;from_network;0.0
15;1;70;HP;0.0
15;1;70;EB;0.0
15;1;70;from_grid;199.677
15;1;70;from_main_grid;199.677
15;1;70;from_network;0.0
15;1;71;HP;0.0
15;1;71;EB;0.0
15;1;71;from_grid;176.136
15;1;71;from_main_grid;176.136
15;1;71;from_network;0.0
15;1;72;HP;0.0
15;1;72;EB;0.0
15;1;72;from_grid;141.081
15;1;72;from_main_grid;141.081
15;1;72;from_network;0.0
15;1;73;HP;0.0
15;1;73;EB;0.0
15;1;73;from_grid;139.87
15;1;73;from_main_grid;139.87
15;1;73;from_network;0.0
15;1;74;HP;0.0
15;1;74;EB;0.0
15;1;74;from_grid;141.628
15;1;74;from_main_grid;141.628
15;1;74;from_network;0.0
15;1;75;HP;0.0
15;1;75;EB;0.0
15;1;75;from_grid;140.025
15;1;75;from_main_grid;140.025
15;1;75;from_network;0.0
15;1;76;HP;0.0
15;1;76;EB;0.0
15;1;76;from_grid;140.688
15;1;76;from_main_grid;140.688
15;1;76;from_network;0.0
15;1;77;HP;0.0
15;1;77;EB;0.0
15;1;77;from_grid;142.174
15;1;77;from_main_grid;142.174
15;1;77;from_network;0.0
15;1;78;HP;0.0
15;1;78;EB;0.0
15;1;78;from_grid;142.286
15;1;78;from_main_grid;142.286
15;1;78;from_network;0.0
15;1;79;HP;0.0
15;1;79;EB;0.0
15;1;79;from_grid;129.28
15;1;79;from_main_grid;53.899
15;1;79;from_network;75.381
15;1;80;HP;0.0
15;1;80;EB;0.0
15;1;80;from_grid;131.81
15;1;80;from_main_grid;0.0
15;1;80;from_network;131.81
15;1;81;HP;8.216
15;1;81;EB;0.0
15;1;81;from_grid;144.845
15;1;81;from_main_grid;0.0
15;1;81;from_network;144.845
15;1;82;HP;6.54
15;1;82;EB;0.0
15;1;82;from_grid;154.297
15;1;82;from_main_grid;0.0
15;1;82;from_network;154.297
15;1;83;HP;8.272
15;1;83;EB;0.0
15;1;83;from_grid;151.047
15;1;83;from_main_grid;0.0
15;1;83;from_network;151.047
15;1;84;HP;7.801
15;1;84;EB;0.0
15;1;84;from_grid;147.963
15;1;84;from_main_grid;0.0
15;1;84;from_network;147.963
15;1;85;HP;6.776
15;1;85;EB;0.0
15;1;85;from_grid;153.854
15;1;85;from_main_grid;0.0
15;1;85;from_network;153.854
15;1;86;HP;6.63
15;1;86;EB;0.0
15;1;86;from_grid;150.081
15;1;86;from_main_grid;0.0
15;1;86;from_network;150.081
15;1;87;HP;132.601
15;1;87;EB;0.0
15;1;87;from_grid;270.78
15;1;87;from_main_grid;0.0
15;1;87;from_network;270.78
15;1;88;HP;0.0
15;1;88;EB;0.0
15;1;88;from_grid;138.332
15;1;88;from_main_grid;0.0
15;1;88;from_network;138.332
15;1;89;HP;0.0
15;1;89;EB;0.0
15;1;89;from_grid;143.027
15;1;89;from_main_grid;0.0
15;1;89;from_network;143.027
15;1;90;HP;0.0
15;1;90;EB;0.0
15;1;90;from_grid;136.259
15;1;90;from_main_grid;7.744
15;1;90;from_network;128.516
15;1;91;HP;0.0
15;1;91;EB;0.0
15;1;91;from_grid;216.486
15;1;91;from_main_grid;216.486
15;1;91;from_network;0.0
15;1;92;HP;0.0
15;1;92;EB;0.0
15;1;92;from_grid;217.115
15;1;92;from_main_grid;217.115
15;1;92;from_network;0.0
15;1;93;HP;0.0
15;1;93;EB;0.0
15;1;93;from_grid;203.757
15;1;93;from_main_grid;203.757
15;1;93;from_network;0.0
15;1;94;HP;0.0
15;1;94;EB;0.0
15;1;94;from_grid;197.32
15;1;94;from_main_grid;197.32
15;1;94;from_network;0.0
15;1;95;HP;0.0
15;1;95;EB;0.0
15;1;95;from_grid;170.575
15;1;95;from_main_grid;170.575
15;1;95;from_network;0.0
15;1;96;HP;0.0
15;1;96;EB;0.0
15;1;96;from_grid;139.207
15;1;96;from_main_grid;139.207
15;1;96;from_network;0.0
15;1;97;HP;0.0
15;1;97;EB;0.0
15;1;97;from_grid;143.966
15;1;97;from_main_grid;143.966
15;1;97;from_network;0.0
15;1;98;HP;0.0
15;1;98;EB;0.0
15;1;98;from_grid;141.496
15;1;98;from_main_grid;141.496
15;1;98;from_network;0.0
15;1;99;HP;0.0
15;1;99;EB;0.0
15;1;99;from_grid;140.971
15;1;99;from_main_grid;140.971
15;1;99;from_network;0.0
15;1;100;HP;0.0
15;1;100;EB;0.0
15;1;100;from_grid;140.98
15;1;100;from_main_grid;140.98
15;1;100;from_network;0.0
15;1;101;HP;0.0
15;1;101;EB;0.0
15;1;101;from_grid;145.436
15;1;101;from_main_grid;145.436
15;1;101;from_network;0.0
15;1;102;HP;0.0
15;1;102;EB;0.0
15;1;102;from_grid;144.895
15;1;102;from_main_grid;144.895
15;1;102;from_network;0.0
15;1;103;HP;0.0
15;1;103;EB;0.0
15;1;103;from_grid;307.568
15;1;103;from_main_grid;235.245
15;1;103;from_network;72.322
15;1;104;HP;0.0
15;1;104;EB;0.0
15;1;104;from_grid;290.08
15;1;104;from_main_grid;34.231
15;1;104;from_network;255.849
15;1;105;HP;0.0
15;1;105;EB;0.0
15;1;105;from_grid;339.127
15;1;105;from_main_grid;53.446
15;1;105;from_network;285.681
15;1;106;HP;13.225
15;1;106;EB;0.0
15;1;106;from_grid;366.947
15;1;106;from_main_grid;0.0
15;1;106;from_network;366.947
15;1;107;HP;10.251
15;1;107;EB;0.0
15;1;107;from_grid;364.845
15;1;107;from_main_grid;0.0
15;1;107;from_network;364.845
15;1;108;HP;10.162
15;1;108;EB;0.0
15;1;108;from_grid;347.75
15;1;108;from_main_grid;0.0
15;1;108;from_network;347.75
15;1;109;HP;9.148
15;1;109;EB;0.0
15;1;109;from_grid;341.304
15;1;109;from_main_grid;0.0
15;1;109;from_network;341.304
15;1;110;HP;8.101
15;1;110;EB;0.0
15;1;110;from_grid;364.946
15;1;110;from_main_grid;0.0
15;1;110;from_network;364.946
15;1;111;HP;64.581
15;1;111;EB;0.0
15;1;111;from_grid;388.102
15;1;111;from_main_grid;0.0
15;1;111;from_network;388.102
15;1;112;HP;61.237
15;1;112;EB;0.0
15;1;112;from_grid;377.79
15;1;112;from_main_grid;0.0
15;1;112;from_network;377.79
15;1;113;HP;0.0
15;1;113;EB;0.0
15;1;113;from_grid;288.506
15;1;113;from_main_grid;16.576
15;1;113;from_network;271.93
15;1;114;HP;0.0
15;1;114;EB;0.0
15;1;114;from_grid;285.572
15;1;114;from_main_grid;181.751
15;1;114;from_network;103.821
15;1;115;HP;0.0
15;1;115;EB;0.0
15;1;115;from_grid;435.165
15;1;115;from_main_grid;435.165
15;1;115;from_network;0.0
15;1;116;HP;0.0
15;1;116;EB;0.0
15;1;116;from_grid;315.783
15;1;116;from_main_grid;315.783
15;1;116;from_network;0.0
15;1;117;HP;0.0
15;1;117;EB;0.0
15;1;117;from_grid;215.286
15;1;117;from_main_grid;215.286
15;1;117;from_network;0.0
15;1;118;HP;0.0
15;1;118;EB;0.0
15;1;118;from_grid;196.009
15;1;118;from_main_grid;196.009
15;1;118;from_network;0.0
15;1;119;HP;0.0
15;1;119;EB;0.0
15;1;119;from_grid;170.037
15;1;119;from_main_grid;170.037
15;1;119;from_network;0.0
15;1;120;HP;0.0
15;1;120;EB;0.0
15;1;120;from_grid;138.708
15;1;120;from_main_grid;138.708
15;1;120;from_network;0.0
15;1;121;HP;0.0
15;1;121;EB;0.0
15;1;121;from_grid;143.878
15;1;121;from_main_grid;143.878
15;1;121;from_network;0.0
15;1;122;HP;0.0
15;1;122;EB;0.0
15;1;122;from_grid;142.194
15;1;122;from_main_grid;142.194
15;1;122;from_network;0.0
15;1;123;HP;0.0
15;1;123;EB;0.0
15;1;123;from_grid;141.333
15;1;123;from_main_grid;141.333
15;1;123;from_network;0.0
15;1;124;HP;0.0
15;1;124;EB;0.0
15;1;124;from_grid;140.624
15;1;124;from_main_grid;140.624
15;1;124;from_network;0.0
15;1;125;HP;0.0
15;1;125;EB;0.0
15;1;125;from_grid;138.629
15;1;125;from_main_grid;138.629
15;1;125;from_network;0.0
15;1;126;HP;0.0
15;1;126;EB;0.0
15;1;126;from_grid;146.199
15;1;126;from_main_grid;146.199
15;1;126;from_network;0.0
15;1;127;HP;0.0
15;1;127;EB;0.0
15;1;127;from_grid;361.921
15;1;127;from_main_grid;357.343
15;1;127;from_network;4.578
15;1;128;HP;0.0
15;1;128;EB;0.0
15;1;128;from_grid;319.205
15;1;128;from_main_grid;0.0
15;1;128;from_network;319.205
15;1;129;HP;11.262
15;1;129;EB;0.0
15;1;129;from_grid;351.944
15;1;129;from_main_grid;0.0
15;1;129;from_network;351.944
15;1;130;HP;11.396
15;1;130;EB;0.0
15;1;130;from_grid;357.745
15;1;130;from_main_grid;0.0
15;1;130;from_network;357.745
15;1;131;HP;9.324
15;1;131;EB;0.0
15;1;131;from_grid;354.456
15;1;131;from_main_grid;0.0
15;1;131;from_network;354.456
15;1;132;HP;10.068
15;1;132;EB;0.0
15;1;132;from_grid;336.246
15;1;132;from_main_grid;0.0
15;1;132;from_network;336.246
15;1;133;HP;8.51
15;1;133;EB;0.0
15;1;133;from_grid;347.599
15;1;133;from_main_grid;0.0
15;1;133;from_network;347.599
15;1;134;HP;8.578
15;1;134;EB;0.0
15;1;134;from_grid;361.604
15;1;134;from_main_grid;0.0
15;1;134;from_network;361.604
15;1;135;HP;9.05
15;1;135;EB;0.0
15;1;135;from_grid;334.661
15;1;135;from_main_grid;0.0
15;1;135;from_network;334.661
15;1;136;HP;76.66
15;1;136;EB;0.0
15;1;136;from_grid;386.864
15;1;136;from_main_grid;0.0
15;1;136;from_network;386.864
15;1;137;HP;36.352
15;1;137;EB;0.0
15;1;137;from_grid;332.051
15;1;137;from_main_grid;0.0
15;1;137;from_network;332.051
15;1;138;HP;0.0
15;1;138;EB;0.0
15;1;138;from_grid;279.307
15;1;138;from_main_grid;177.524
15;1;138;from_network;101.783
15;1;139;HP;0.0
15;1;139;EB;0.0
15;1;139;from_grid;412.788
15;1;139;from_main_grid;412.788
15;1;139;from_network;0.0
15;1;140;HP;0.0
15;1;140;EB;0.0
15;1;140;from_grid;331.097
15;1;140;from_main_grid;331.097
15;1;140;from_network;0.0
15;1;141;HP;0.0
15;1;141;EB;0.0
15;1;141;from_grid;205.919
15;1;141;from_main_grid;205.919
15;1;141;from_network;0.0
15;1;142;HP;0.0
15;1;142;EB;0.0
15;1;142;from_grid;196.643
15;1;142;from_main_grid;196.643
15;1;142;from_network;0.0
15;1;143;HP;0.0
15;1;143;EB;0.0
15;1;143;from_grid;190.07
15;1;143;from_main_grid;190.07
15;1;143;from_network;0.0
15;1;144;HP;0.0
15;1;144;EB;0.0
15;1;144;from_grid;137.15
15;1;144;from_main_grid;137.15
15;1;144;from_network;0.0
15;1;145;HP;0.0
15;1;145;EB;0.0
15;1;145;from_grid;139.893
15;1;145;from_main_grid;139.893
15;1;145;from_network;0.0
15;1;146;HP;0.0
15;1;146;EB;0.0
15;1;146;from_grid;141.133
15;1;146;from_main_grid;141.133
15;1;146;from_network;0.0
15;1;147;HP;0.0
15;1;147;EB;0.0
15;1;147;from_grid;143.96
15;1;147;from_main_grid;143.96
15;1;147;from_network;0.0
15;1;148;HP;0.0
15;1;148;EB;0.0
15;1;148;from_grid;139.296
15;1;148;from_main_grid;139.296
15;1;148;from_network;0.0
15;1;149;HP;0.0
15;1;149;EB;0.0
15;1;149;from_grid;140.859
15;1;149;from_main_grid;140.859
15;1;149;from_network;0.0
15;1;150;HP;0.0
15;1;150;EB;0.0
15;1;150;from_grid;147.599
15;1;150;from_main_grid;147.599
15;1;150;from_network;0.0
15;1;151;HP;0.0
15;1;151;EB;0.0
15;1;151;from_grid;322.433
15;1;151;from_main_grid;274.0
15;1;151;from_network;48.433
15;1;152;HP;0.0
15;1;152;EB;0.0
15;1;152;from_grid;319.858
15;1;152;from_main_grid;0.0
15;1;152;from_network;319.858
15;1;153;HP;10.941
15;1;153;EB;0.0
15;1;153;from_grid;340.019
15;1;153;from_main_grid;0.0
15;1;153;from_network;340.019
15;1;154;HP;11.144
15;1;154;EB;0.0
15;1;154;from_grid;362.78
15;1;154;from_main_grid;0.0
15;1;154;from_network;362.78
15;1;155;HP;9.955
15;1;155;EB;0.0
15;1;155;from_grid;355.271
15;1;155;from_main_grid;0.0
15;1;155;from_network;355.271
15;1;156;HP;10.932
15;1;156;EB;0.0
15;1;156;from_grid;337.484
15;1;156;from_main_grid;0.0
15;1;156;from_network;337.484
15;1;157;HP;8.528
15;1;157;EB;0.0
15;1;157;from_grid;337.508
15;1;157;from_main_grid;0.0
15;1;157;from_network;337.508
15;1;158;HP;8.942
15;1;158;EB;0.0
15;1;158;from_grid;339.962
15;1;158;from_main_grid;0.0
15;1;158;from_network;339.962
15;1;159;HP;196.917
15;1;159;EB;0.0
15;1;159;from_grid;516.573
15;1;159;from_main_grid;0.0
15;1;159;from_network;516.573
15;1;160;HP;39.722
15;1;160;EB;0.0
15;1;160;from_grid;350.417
15;1;160;from_main_grid;0.0
15;1;160;from_network;350.417
15;1;161;HP;87.527
15;1;161;EB;0.0
15;1;161;from_grid;384.167
15;1;161;from_main_grid;0.0
15;1;161;from_network;384.167
15;1;162;HP;0.0
15;1;162;EB;0.0
15;1;162;from_grid;284.153
15;1;162;from_main_grid;168.819
15;1;162;from_network;115.333
15;1;163;HP;0.0
15;1;163;EB;0.0
15;1;163;from_grid;424.05
15;1;163;from_main_grid;424.05
15;1;163;from_network;0.0
15;1;164;HP;0.0
15;1;164;EB;0.0
15;1;164;from_grid;326.323
15;1;164;from_main_grid;326.323
15;1;164;from_network;0.0
15;1;165;HP;0.0
15;1;165;EB;0.0
15;1;165;from_grid;195.09
15;1;165;from_main_grid;195.09
15;1;165;from_network;0.0
15;1;166;HP;0.0
15;1;166;EB;0.0
15;1;166;from_grid;183.67
15;1;166;from_main_grid;183.67
15;1;166;from_network;0.0
15;1;167;HP;0.0
15;1;167;EB;0.0
15;1;167;from_grid;168.527
15;1;167;from_main_grid;168.527
15;1;167;from_network;0.0
15;2;0;HP;330.884
15;2;0;EB;0.0
15;2;0;from_grid;470.025
15;2;0;from_main_grid;470.025
15;2;0;from_network;0.0
15;2;1;HP;338.057
15;2;1;EB;0.0
15;2;1;from_grid;478.932
15;2;1;from_main_grid;478.932
15;2;1;from_network;0.0
15;2;2;HP;2.313
15;2;2;EB;0.0
15;2;2;from_grid;142.806
15;2;2;from_main_grid;142.806
15;2;2;from_network;0.0
15;2;3;HP;0.0
15;2;3;EB;0.0
15;2;3;from_grid;141.614
15;2;3;from_main_grid;141.614
15;2;3;from_network;0.0
15;2;4;HP;0.0
15;2;4;EB;0.0
15;2;4;from_grid;141.023
15;2;4;from_main_grid;141.023
15;2;4;from_network;0.0
15;2;5;HP;0.0
15;2;5;EB;0.0
15;2;5;from_grid;140.519
15;2;5;from_main_grid;140.519
15;2;5;from_network;0.0
15;2;6;HP;0.0
15;2;6;EB;0.0
15;2;6;from_grid;147.377
15;2;6;from_main_grid;147.377
15;2;6;from_network;0.0
15;2;7;HP;161.488
15;2;7;EB;0.0
15;2;7;from_grid;562.716
15;2;7;from_main_grid;518.171
15;2;7;from_network;44.545
15;2;8;HP;133.66
15;2;8;EB;0.0
15;2;8;from_grid;445.093
15;2;8;from_main_grid;0.0
15;2;8;from_network;445.093
15;2;9;HP;152.986
15;2;9;EB;0.0
15;2;9;from_grid;480.385
15;2;9;from_main_grid;0.0
15;2;9;from_network;480.385
15;2;10;HP;310.297
15;2;10;EB;0.0
15;2;10;from_grid;657.032
15;2;10;from_main_grid;0.0
15;2;10;from_network;657.032
15;2;11;HP;296.897
15;2;11;EB;0.0
15;2;11;from_grid;630.271
15;2;11;from_main_grid;0.0
15;2;11;from_network;630.271
15;2;12;HP;286.193
15;2;12;EB;0.0
15;2;12;from_grid;611.584
15;2;12;from_main_grid;0.0
15;2;12;from_network;611.584
15;2;13;HP;279.063
15;2;13;EB;0.0
15;2;13;from_grid;609.261
15;2;13;from_main_grid;0.0
15;2;13;from_network;609.261
15;2;14;HP;276.391
15;2;14;EB;0.0
15;2;14;from_grid;625.215
15;2;14;from_main_grid;0.0
15;2;14;from_network;625.215
15;2;15;HP;215.204
15;2;15;EB;0.0
15;2;15;from_grid;539.527
15;2;15;from_main_grid;0.0
15;2;15;from_network;539.527
15;2;16;HP;202.612
15;2;16;EB;0.0
15;2;16;from_grid;513.076
15;2;16;from_main_grid;0.0
15;2;16;from_network;513.076
15;2;17;HP;0.0
15;2;17;EB;0.0
15;2;17;from_grid;300.836
15;2;17;from_main_grid;0.0
15;2;17;from_network;300.836
15;2;18;HP;0.0
15;2;18;EB;0.0
15;2;18;from_grid;373.542
15;2;18;from_main_grid;358.122
15;2;18;from_network;15.42
15;2;19;HP;0.0
15;2;19;EB;0.0
15;2;19;from_grid;424.906
15;2;19;from_main_grid;424.906
15;2;19;from_network;0.0
15;2;20;HP;0.0
15;2;20;EB;0.0
15;2;20;from_grid;326.406
15;2;20;from_main_grid;326.406
15;2;20;from_network;0.0
15;2;21;HP;0.0
15;2;21;EB;0.0
15;2;21;from_grid;205.027
15;2;21;from_main_grid;205.027
15;2;21;from_network;0.0
15;2;22;HP;0.0
15;2;22;EB;0.0
15;2;22;from_grid;199.037
15;2;22;from_main_grid;199.037
15;2;22;from_network;0.0
15;2;23;HP;0.0
15;2;23;EB;0.0
15;2;23;from_grid;179.573
15;2;23;from_main_grid;179.573
15;2;23;from_network;0.0
15;2;24;HP;0.0
15;2;24;EB;0.0
15;2;24;from_grid;135.629
15;2;24;from_main_grid;135.629
15;2;24;from_network;0.0
15;2;25;HP;0.0
15;2;25;EB;0.0
15;2;25;from_grid;143.648
15;2;25;from_main_grid;143.648
15;2;25;from_network;0.0
15;2;26;HP;0.0
15;2;26;EB;0.0
15;2;26;from_grid;141.031
15;2;26;from_main_grid;141.031
15;2;26;from_network;0.0
15;2;27;HP;0.0
15;2;27;EB;0.0
15;2;27;from_grid;146.909
15;2;27;from_main_grid;146.909
15;2;27;from_network;0.0
15;2;28;HP;0.0
15;2;28;EB;0.0
15;2;28;from_grid;139.867
15;2;28;from_main_grid;139.867
15;2;28;from_network;0.0
15;2;29;HP;0.0
15;2;29;EB;0.0
15;2;29;from_grid;141.401
15;2;29;from_main_grid;141.401
15;2;29;from_network;0.0
15;2;30;HP;0.0
15;2;30;EB;0.0
15;2;30;from_grid;148.999
15;2;30;from_main_grid;148.999
15;2;30;from_network;0.0
15;2;31;HP;0.0
15;2;31;EB;0.0
15;2;31;from_grid;387.572
15;2;31;from_main_grid;341.327
15;2;31;from_network;46.245
15;2;32;HP;0.0
15;2;32;EB;0.0
15;2;32;from_grid;323.647
15;2;32;from_main_grid;0.0
15;2;32;from_network;323.647
15;2;33;HP;91.557
15;2;33;EB;0.0
15;2;33;from_grid;414.541
15;2;33;from_main_grid;0.0
15;2;33;from_network;414.541
15;2;34;HP;61.437
15;2;34;EB;0.0
15;2;34;from_grid;414.058
15;2;34;from_main_grid;0.0
15;2;34;from_network;414.058
15;2;35;HP;42.836
15;2;35;EB;0.0
15;2;35;from_grid;384.801
15;2;35;from_main_grid;0.0
15;2;35;from_network;384.801
15;2;36;HP;269.269
15;2;36;EB;0.0
15;2;36;from_grid;596.067
15;2;36;from_main_grid;0.0
15;2;36;from_network;596.067
15;2;37;HP;267.489
15;2;37;EB;0.0
15;2;37;from_grid;597.951
15;2;37;from_main_grid;0.0
15;2;37;from_network;597.951
15;2;38;HP;262.02
15;2;38;EB;0.0
15;2;38;from_grid;612.689
15;2;38;from_main_grid;0.0
15;2;38;from_network;612.689
15;2;39;HP;266.272
15;2;39;EB;0.0
15;2;39;from_grid;591.696
15;2;39;from_main_grid;0.0
15;2;39;from_network;591.696
15;2;40;HP;208.149
15;2;40;EB;0.0
15;2;40;from_grid;519.145
15;2;40;from_main_grid;0.0
15;2;40;from_network;519.145
15;2;41;HP;0.0
15;2;41;EB;0.0
15;2;41;from_grid;301.715
15;2;41;from_main_grid;101.17
15;2;41;from_network;200.545
15;2;42;HP;0.0
15;2;42;EB;0.0
15;2;42;from_grid;385.606
15;2;42;from_main_grid;385.606
15;2;42;from_network;0.0
15;2;43;HP;0.0
15;2;43;EB;0.0
15;2;43;from_grid;422.38
15;2;43;from_main_grid;422.38
15;2;43;from_network;0.0
15;2;44;HP;0.0
15;2;44;EB;0.0
15;2;44;from_grid;339.174
15;2;44;from_main_grid;339.174
15;2;44;from_network;0.0
15;2;45;HP;0.0
15;2;45;EB;0.0
15;2;45;from_grid;202.295
15;2;45;from_main_grid;202.295
15;2;45;from_network;0.0
15;2;46;HP;0.0
15;2;46;EB;0.0
15;2;46;from_grid;199.889
15;2;46;from_main_grid;199.889
15;2;46;from_network;0.0
15;2;47;HP;0.0
15;2;47;EB;0.0
15;2;47;from_grid;177.279
15;2;47;from_main_grid;177.279
15;2;47;from_network;0.0
15;2;48;HP;0.0
15;2;48;EB;0.0
15;2;48;from_grid;140.082
15;2;48;from_main_grid;140.082
15;2;48;from_network;0.0
15;2;49;HP;0.0
15;2;49;EB;0.0
15;2;49;from_grid;144.86
15;2;49;from_main_grid;144.86
15;2;49;from_network;0.0
15;2;50;HP;0.0
15;2;50;EB;0.0
15;2;50;from_grid;141.805
15;2;50;from_main_grid;141.805
15;2;50;from_network;0.0
15;2;51;HP;0.0
15;2;51;EB;0.0
15;2;51;from_grid;141.228
15;2;51;from_main_grid;141.228
15;2;51;from_network;0.0
15;2;52;HP;0.0
15;2;52;EB;0.0
15;2;52;from_grid;138.644
15;2;52;from_main_grid;138.644
15;2;52;from_network;0.0
15;2;53;HP;0.0
15;2;53;EB;0.0
15;2;53;from_grid;139.493
15;2;53;from_main_grid;139.493
15;2;53;from_network;0.0
15;2;54;HP;0.0
15;2;54;EB;0.0
15;2;54;from_grid;142.73
15;2;54;from_main_grid;142.73
15;2;54;from_network;0.0
15;2;55;HP;0.0
15;2;55;EB;0.0
15;2;55;from_grid;375.908
15;2;55;from_main_grid;375.908
15;2;55;from_network;0.0
15;2;56;HP;0.0
15;2;56;EB;0.0
15;2;56;from_grid;354.634
15;2;56;from_main_grid;330.583
15;2;56;from_network;24.05
15;2;57;HP;0.0
15;2;57;EB;0.0
15;2;57;from_grid;300.077
15;2;57;from_main_grid;180.783
15;2;57;from_network;119.293
15;2;58;HP;0.0
15;2;58;EB;0.0
15;2;58;from_grid;323.467
15;2;58;from_main_grid;233.298
15;2;58;from_network;90.169
15;2;59;HP;0.0
15;2;59;EB;0.0
15;2;59;from_grid;296.557
15;2;59;from_main_grid;192.425
15;2;59;from_network;104.132
15;2;60;HP;0.0
15;2;60;EB;0.0
15;2;60;from_grid;288.69
15;2;60;from_main_grid;85.979
15;2;60;from_network;202.711
15;2;61;HP;0.0
15;2;61;EB;0.0
15;2;61;from_grid;286.372
15;2;61;from_main_grid;76.663
15;2;61;from_network;209.709
15;2;62;HP;0.0
15;2;62;EB;0.0
15;2;62;from_grid;296.592
15;2;62;from_main_grid;32.917
15;2;62;from_network;263.676
15;2;63;HP;0.0
15;2;63;EB;0.0
15;2;63;from_grid;283.913
15;2;63;from_main_grid;19.751
15;2;63;from_network;264.163
15;2;64;HP;0.0
15;2;64;EB;0.0
15;2;64;from_grid;293.481
15;2;64;from_main_grid;176.789
15;2;64;from_network;116.692
15;2;65;HP;0.0
15;2;65;EB;0.0
15;2;65;from_grid;339.236
15;2;65;from_main_grid;289.572
15;2;65;from_network;49.664
15;2;66;HP;0.0
15;2;66;EB;0.0
15;2;66;from_grid;407.754
15;2;66;from_main_grid;407.754
15;2;66;from_network;0.0
15;2;67;HP;0.0
15;2;67;EB;0.0
15;2;67;from_grid;426.945
15;2;67;from_main_grid;426.945
15;2;67;from_network;0.0
15;2;68;HP;0.0
15;2;68;EB;0.0
15;2;68;from_grid;322.845
15;2;68;from_main_grid;322.845
15;2;68;from_network;0.0
15;2;69;HP;0.0
15;2;69;EB;0.0
15;2;69;from_grid;202.863
15;2;69;from_main_grid;202.863
15;2;69;from_network;0.0
15;2;70;HP;0.0
15;2;70;EB;0.0
15;2;70;from_grid;199.447
15;2;70;from_main_grid;199.447
15;2;70;from_network;0.0
15;2;71;HP;0.0
15;2;71;EB;0.0
15;2;71;from_grid;167.515
15;2;71;from_main_grid;167.515
15;2;71;from_network;0.0
15;2;72;HP;0.0
15;2;72;EB;0.0
15;2;72;from_grid;139.675
15;2;72;from_main_grid;139.675
15;2;72;from_network;0.0
15;2;73;HP;0.0
15;2;73;EB;0.0
15;2;73;from_grid;144.03
15;2;73;from_main_grid;144.03
15;2;73;from_network;0.0
15;2;74;HP;0.0
15;2;74;EB;0.0
15;2;74;from_grid;140.546
15;2;74;from_main_grid;140.546
15;2;74;from_network;0.0
15;2;75;HP;0.0
15;2;75;EB;0.0
15;2;75;from_grid;142.106
15;2;75;from_main_grid;142.106
15;2;75;from_network;0.0
15;2;76;HP;0.0
15;2;76;EB;0.0
15;2;76;from_grid;139.135
15;2;76;from_main_grid;139.135
15;2;76;from_network;0.0
15;2;77;HP;0.0
15;2;77;EB;0.0
15;2;77;from_grid;139.833
15;2;77;from_main_grid;139.833
15;2;77;from_network;0.0
15;2;78;HP;0.0
15;2;78;EB;0.0
15;2;78;from_grid;145.338
15;2;78;from_main_grid;145.338
15;2;78;from_network;0.0
15;2;79;HP;0.0
15;2;79;EB;0.0
15;2;79;from_grid;154.103
15;2;79;from_main_grid;107.828
15;2;79;from_network;46.275
15;2;80;HP;59.969
15;2;80;EB;0.0
15;2;80;from_grid;189.602
15;2;80;from_main_grid;0.0
15;2;80;from_network;189.602
15;2;81;HP;88.473
15;2;81;EB;0.0
15;2;81;from_grid;224.391
15;2;81;from_main_grid;0.0
15;2;81;from_network;224.391
15;2;82;HP;28.747
15;2;82;EB;0.0
15;2;82;from_grid;182.847
15;2;82;from_main_grid;0.0
15;2;82;from_network;182.847
15;2;83;HP;302.255
15;2;83;EB;0.0
15;2;83;from_grid;444.888
15;2;83;from_main_grid;0.0
15;2;83;from_network;444.888
15;2;84;HP;293.328
15;2;84;EB;0.0
15;2;84;from_grid;431.315
15;2;84;from_main_grid;0.0
15;2;84;from_network;431.315
15;2;85;HP;287.084
15;2;85;EB;0.0
15;2;85;from_grid;429.665
15;2;85;from_main_grid;0.0
15;2;85;from_network;429.665
15;2;86;HP;282.627
15;2;86;EB;0.0
15;2;86;from_grid;430.914
15;2;86;from_main_grid;0.0
15;2;86;from_network;430.914
15;2;87;HP;282.627
15;2;87;EB;0.0
15;2;87;from_grid;421.419
15;2;87;from_main_grid;55.18
15;2;87;from_network;366.238
15;2;88;HP;144.529
15;2;88;EB;0.0
15;2;88;from_grid;283.703
15;2;88;from_main_grid;39.747
15;2;88;from_network;243.956
15;2;89;HP;285.301
15;2;89;EB;0.0
15;2;89;from_grid;430.121
15;2;89;from_main_grid;246.05
15;2;89;from_network;184.07
15;2;90;HP;0.0
15;2;90;EB;0.0
15;2;90;from_grid;195.654
15;2;90;from_main_grid;195.654
15;2;90;from_network;0.0
15;2;91;HP;0.0
15;2;91;EB;0.0
15;2;91;from_grid;215.345
15;2;91;from_main_grid;215.345
15;2;91;from_network;0.0
15;2;92;HP;0.0
15;2;92;EB;0.0
15;2;92;from_grid;211.213
15;2;92;from_main_grid;211.213
15;2;92;from_network;0.0
15;2;93;HP;0.0
15;2;93;EB;0.0
15;2;93;from_grid;208.921
15;2;93;from_main_grid;208.921
15;2;93;from_network;0.0
15;2;94;HP;311.191
15;2;94;EB;0.0
15;2;94;from_grid;497.88
15;2;94;from_main_grid;497.88
15;2;94;from_network;0.0
15;2;95;HP;0.0
15;2;95;EB;0.0
15;2;95;from_grid;178.825
15;2;95;from_main_grid;178.825
15;2;95;from_network;0.0
15;2;96;HP;0.0
15;2;96;EB;0.0
15;2;96;from_grid;137.013
15;2;96;from_main_grid;137.013
15;2;96;from_network;0.0
15;2;97;HP;0.0
15;2;97;EB;0.0
15;2;97;from_grid;139.487
15;2;97;from_main_grid;139.487
15;2;97;from_network;0.0
15;2;98;HP;0.0
15;2;98;EB;0.0
15;2;98;from_grid;138.846
15;2;98;from_main_grid;138.846
15;2;98;from_network;0.0
15;2;99;HP;0.0
15;2;99;EB;0.0
15;2;99;from_grid;142.762
15;2;99;from_main_grid;142.762
15;2;99;from_network;0.0
15;2;100;HP;0.0
15;2;100;EB;0.0
15;2;100;from_grid;136.677
15;2;100;from_main_grid;136.677
15;2;100;from_network;0.0
15;2;101;HP;0.0
15;2;101;EB;0.0
15;2;101;from_grid;140.519
15;2;101;from_main_grid;140.519
15;2;101;from_network;0.0
15;2;102;HP;0.0
15;2;102;EB;0.0
15;2;102;from_grid;143.483
15;2;102;from_main_grid;143.483
15;2;102;from_network;0.0
15;2;103;HP;0.0
15;2;103;EB;0.0
15;2;103;from_grid;406.911
15;2;103;from_main_grid;388.542
15;2;103;from_network;18.37
15;2;104;HP;191.581
15;2;104;EB;0.0
15;2;104;from_grid;497.808
15;2;104;from_main_grid;91.645
15;2;104;from_network;406.163
15;2;105;HP;159.649
15;2;105;EB;0.0
15;2;105;from_grid;497.054
15;2;105;from_main_grid;0.0
15;2;105;from_network;497.054
15;2;106;HP;304.041
15;2;106;EB;0.0
15;2;106;from_grid;644.162
15;2;106;from_main_grid;0.0
15;2;106;from_network;644.162
15;2;107;HP;291.543
15;2;107;EB;0.0
15;2;107;from_grid;644.544
15;2;107;from_main_grid;0.0
15;2;107;from_network;644.544
15;2;108;HP;280.845
15;2;108;EB;0.0
15;2;108;from_grid;615.205
15;2;108;from_main_grid;0.0
15;2;108;from_network;615.205
15;2;109;HP;278.172
15;2;109;EB;0.0
15;2;109;from_grid;611.774
15;2;109;from_main_grid;0.0
15;2;109;from_network;611.774
15;2;110;HP;278.172
15;2;110;EB;0.0
15;2;110;from_grid;629.622
15;2;110;from_main_grid;0.0
15;2;110;from_network;629.622
15;2;111;HP;31.005
15;2;111;EB;0.0
15;2;111;from_grid;353.964
15;2;111;from_main_grid;0.0
15;2;111;from_network;353.964
15;2;112;HP;0.0
15;2;112;EB;0.0
15;2;112;from_grid;313.237
15;2;112;from_main_grid;132.805
15;2;112;from_network;180.432
15;2;113;HP;0.0
15;2;113;EB;0.0
15;2;113;from_grid;320.224
15;2;113;from_main_grid;192.08
15;2;113;from_network;128.144
15;2;114;HP;0.0
15;2;114;EB;0.0
15;2;114;from_grid;399.84
15;2;114;from_main_grid;399.84
15;2;114;from_network;0.0
15;2;115;HP;0.0
15;2;115;EB;0.0
15;2;115;from_grid;420.295
15;2;115;from_main_grid;420.295
15;2;115;from_network;0.0
15;2;116;HP;0.0
15;2;116;EB;0.0
15;2;116;from_grid;338.419
15;2;116;from_main_grid;338.419
15;2;116;from_network;0.0
15;2;117;HP;0.0
15;2;117;EB;0.0
15;2;117;from_grid;197.599
15;2;117;from_main_grid;197.599
15;2;117;from_network;0.0
15;2;118;HP;0.0
15;2;118;EB;0.0
15;2;118;from_grid;190.182
15;2;118;from_main_grid;190.182
15;2;118;from_network;0.0
15;2;119;HP;0.0
15;2;119;EB;0.0
15;2;119;from_grid;172.154
15;2;119;from_main_grid;172.154
15;2;119;from_network;0.0
15;2;120;HP;0.0
15;2;120;EB;0.0
15;2;120;from_grid;138.075
15;2;120;from_main_grid;138.075
15;2;120;from_network;0.0
15;2;121;HP;0.0
15;2;121;EB;0.0
15;2;121;from_grid;144.109
15;2;121;from_main_grid;144.109
15;2;121;from_network;0.0
15;2;122;HP;0.0
15;2;122;EB;0.0
15;2;122;from_grid;140.111
15;2;122;from_main_grid;140.111
15;2;122;from_network;0.0
15;2;123;HP;0.0
15;2;123;EB;0.0
15;2;123;from_grid;144.668
15;2;123;from_main_grid;144.668
15;2;123;from_network;0.0
15;2;124;HP;70.612
15;2;124;EB;0.0
15;2;124;from_grid;213.53
15;2;124;from_main_grid;213.53
15;2;124;from_network;0.0
15;2;125;HP;99.016
15;2;125;EB;0.0
15;2;125;from_grid;241.388
15;2;125;from_main_grid;241.388
15;2;125;from_network;0.0
15;2;126;HP;105.971
15;2;126;EB;0.0
15;2;126;from_grid;252.603
15;2;126;from_main_grid;252.603
15;2;126;from_network;0.0
15;2;127;HP;80.854
15;2;127;EB;0.0
15;2;127;from_grid;503.561
15;2;127;from_main_grid;503.561
15;2;127;from_network;0.0
15;2;128;HP;69.012
15;2;128;EB;0.0
15;2;128;from_grid;440.535
15;2;128;from_main_grid;362.145
15;2;128;from_network;78.39
15;2;129;HP;65.08
15;2;129;EB;0.0
15;2;129;from_grid;390.53
15;2;129;from_main_grid;218.764
15;2;129;from_network;171.767
15;2;130;HP;59.352
15;2;130;EB;0.0
15;2;130;from_grid;407.972
15;2;130;from_main_grid;162.482
15;2;130;from_network;245.49
15;2;131;HP;46.804
15;2;131;EB;0.0
15;2;131;from_grid;385.232
15;2;131;from_main_grid;119.992
15;2;131;from_network;265.24
15;2;132;HP;259.521
15;2;132;EB;0.0
15;2;132;from_grid;583.075
15;2;132;from_main_grid;0.0
15;2;132;from_network;583.075
15;2;133;HP;261.413
15;2;133;EB;0.0
15;2;133;from_grid;586.212
15;2;133;from_main_grid;0.0
15;2;133;from_network;586.212
15;2;134;HP;5.847
15;2;134;EB;0.0
15;2;134;from_grid;344.593
15;2;134;from_main_grid;0.0
15;2;134;from_network;344.593
15;2;135;HP;0.0
15;2;135;EB;0.0
15;2;135;from_grid;339.902
15;2;135;from_main_grid;181.922
15;2;135;from_network;157.98
15;2;136;HP;0.0
15;2;136;EB;0.0
15;2;136;from_grid;312.499
15;2;136;from_main_grid;173.873
15;2;136;from_network;138.626
15;2;137;HP;259.594
15;2;137;EB;0.0
15;2;137;from_grid;621.906
15;2;137;from_main_grid;574.088
15;2;137;from_network;47.817
15;2;138;HP;187.126
15;2;138;EB;0.0
15;2;138;from_grid;588.218
15;2;138;from_main_grid;588.218
15;2;138;from_network;0.0
15;2;139;HP;0.0
15;2;139;EB;0.0
15;2;139;from_grid;428.804
15;2;139;from_main_grid;428.804
15;2;139;from_network;0.0
15;2;140;HP;0.0
15;2;140;EB;0.0
15;2;140;from_grid;334.788
15;2;140;from_main_grid;334.788
15;2;140;from_network;0.0
15;2;141;HP;0.0
15;2;141;EB;0.0
15;2;141;from_grid;201.992
15;2;141;from_main_grid;201.992
15;2;141;from_network;0.0
15;2;142;HP;0.0
15;2;142;EB;0.0
15;2;142;from_grid;195.022
15;2;142;from_main_grid;195.022
15;2;142;from_network;0.0
15;2;143;HP;0.0
15;2;143;EB;0.0
15;2;143;from_grid;179.493
15;2;143;from_main_grid;179.493
15;2;143;from_network;0.0
15;2;144;HP;0.0
15;2;144;EB;0.0
15;2;144;from_grid;141.131
15;2;144;from_main_grid;141.131
15;2;144;from_network;0.0
15;2;145;HP;0.0
15;2;145;EB;0.0
15;2;145;from_grid;145.18
15;2;145;from_main_grid;145.18
15;2;145;from_network;0.0
15;2;146;HP;0.0
15;2;146;EB;0.0
15;2;146;from_grid;140.491
15;2;146;from_main_grid;140.491
15;2;146;from_network;0.0
15;2;147;HP;0.0
15;2;147;EB;0.0
15;2;147;from_grid;140.811
15;2;147;from_main_grid;140.811
15;2;147;from_network;0.0
15;2;148;HP;0.0
15;2;148;EB;0.0
15;2;148;from_grid;140.741
15;2;148;from_main_grid;140.741
15;2;148;from_network;0.0
15;2;149;HP;0.0
15;2;149;EB;0.0
15;2;149;from_grid;141.888
15;2;149;from_main_grid;141.888
15;2;149;from_network;0.0
15;2;150;HP;0.0
15;2;150;EB;0.0
15;2;150;from_grid;153.283
15;2;150;from_main_grid;153.283
15;2;150;from_network;0.0
15;2;151;HP;0.0
15;2;151;EB;0.0
15;2;151;from_grid;433.604
15;2;151;from_main_grid;433.604
15;2;151;from_network;0.0
15;2;152;HP;0.0
15;2;152;EB;0.0
15;2;152;from_grid;457.463
15;2;152;from_main_grid;457.463
15;2;152;from_network;0.0
15;2;153;HP;66.98
15;2;153;EB;0.0
15;2;153;from_grid;467.482
15;2;153;from_main_grid;424.197
15;2;153;from_network;43.285
15;2;154;HP;63.055
15;2;154;EB;0.0
15;2;154;from_grid;474.421
15;2;154;from_main_grid;438.984
15;2;154;from_network;35.437
15;2;155;HP;55.443
15;2;155;EB;0.0
15;2;155;from_grid;412.096
15;2;155;from_main_grid;320.959
15;2;155;from_network;91.137
15;2;156;HP;43.051
15;2;156;EB;0.0
15;2;156;from_grid;363.196
15;2;156;from_main_grid;232.465
15;2;156;from_network;130.731
15;2;157;HP;34.336
15;2;157;EB;0.0
15;2;157;from_grid;378.956
15;2;157;from_main_grid;292.944
15;2;157;from_network;86.012
15;2;158;HP;29.147
15;2;158;EB;0.0
15;2;158;from_grid;383.978
15;2;158;from_main_grid;292.061
15;2;158;from_network;91.917
15;2;159;HP;29.106
15;2;159;EB;0.0
15;2;159;from_grid;386.348
15;2;159;from_main_grid;323.922
15;2;159;from_network;62.426
15;2;160;HP;248.074
15;2;160;EB;0.0
15;2;160;from_grid;680.544
15;2;160;from_main_grid;680.544
15;2;160;from_network;0.0
15;2;161;HP;0.0
15;2;161;EB;0.0
15;2;161;from_grid;452.306
15;2;161;from_main_grid;452.306
15;2;161;from_network;0.0
15;2;162;HP;0.0
15;2;162;EB;0.0
15;2;162;from_grid;412.698
15;2;162;from_main_grid;412.698
15;2;162;from_network;0.0
15;2;163;HP;0.0
15;2;163;EB;0.0
15;2;163;from_grid;435.919
15;2;163;from_main_grid;435.919
15;2;163;from_network;0.0
15;2;164;HP;0.0
15;2;164;EB;0.0
15;2;164;from_grid;327.206
15;2;164;from_main_grid;327.206
15;2;164;from_network;0.0
15;2;165;HP;0.0
15;2;165;EB;0.0
15;2;165;from_grid;207.674
15;2;165;from_main_grid;207.674
15;2;165;from_network;0.0
15;2;166;HP;166.656
15;2;166;EB;0.0
15;2;166;from_grid;354.452
15;2;166;from_main_grid;354.452
15;2;166;from_network;0.0
15;2;167;HP;288.868
15;2;167;EB;0.0
15;2;167;from_grid;455.233
15;2;167;from_main_grid;455.233
15;2;167;from_network;0.0
15;3;0;HP;0.0
15;3;0;EB;0.0
15;3;0;from_grid;139.565
15;3;0;from_main_grid;139.565
15;3;0;from_network;0.0
15;3;1;HP;180.081
15;3;1;EB;0.0
15;3;1;from_grid;323.216
15;3;1;from_main_grid;323.216
15;3;1;from_network;0.0
15;3;2;HP;324.054
15;3;2;EB;0.0
15;3;2;from_grid;464.209
15;3;2;from_main_grid;464.209
15;3;2;from_network;0.0
15;3;3;HP;329.615
15;3;3;EB;0.0
15;3;3;from_grid;471.942
15;3;3;from_main_grid;471.942
15;3;3;from_network;0.0
15;3;4;HP;390.273
15;3;4;EB;0.0
15;3;4;from_grid;532.719
15;3;4;from_main_grid;532.719
15;3;4;from_network;0.0
15;3;5;HP;294.355
15;3;5;EB;0.0
15;3;5;from_grid;436.108
15;3;5;from_main_grid;436.108
15;3;5;from_network;0.0
15;3;6;HP;363.185
15;3;6;EB;0.0
15;3;6;from_grid;512.584
15;3;6;from_main_grid;512.584
15;3;6;from_network;0.0
15;3;7;HP;316.482
15;3;7;EB;0.0
15;3;7;from_grid;762.09
15;3;7;from_main_grid;762.09
15;3;7;from_network;0.0
15;3;8;HP;294.883
15;3;8;EB;0.0
15;3;8;from_grid;778.7
15;3;8;from_main_grid;778.7
15;3;8;from_network;0.0
15;3;9;HP;278.637
15;3;9;EB;0.0
15;3;9;from_grid;757.82
15;3;9;from_main_grid;757.82
15;3;9;from_network;0.0
15;3;10;HP;271.0
15;3;10;EB;0.0
15;3;10;from_grid;669.777
15;3;10;from_main_grid;608.777
15;3;10;from_network;61.0
15;3;11;HP;252.749
15;3;11;EB;0.0
15;3;11;from_grid;630.006
15;3;11;from_main_grid;630.006
15;3;11;from_network;0.0
15;3;12;HP;235.626
15;3;12;EB;0.0
15;3;12;from_grid;560.68
15;3;12;from_main_grid;260.079
15;3;12;from_network;300.6
15;3;13;HP;214.027
15;3;13;EB;0.0
15;3;13;from_grid;539.154
15;3;13;from_main_grid;0.0
15;3;13;from_network;539.154
15;3;14;HP;352.424
15;3;14;EB;0.0
15;3;14;from_grid;700.769
15;3;14;from_main_grid;269.792
15;3;14;from_network;430.977
15;3;15;HP;350.626
15;3;15;EB;0.0
15;3;15;from_grid;683.255
15;3;15;from_main_grid;349.165
15;3;15;from_network;334.09
15;3;16;HP;355.121
15;3;16;EB;0.0
15;3;16;from_grid;839.587
15;3;16;from_main_grid;839.587
15;3;16;from_network;0.0
15;3;17;HP;363.217
15;3;17;EB;0.0
15;3;17;from_grid;830.356
15;3;17;from_main_grid;830.356
15;3;17;from_network;0.0
15;3;18;HP;365.918
15;3;18;EB;0.0
15;3;18;from_grid;795.596
15;3;18;from_main_grid;795.596
15;3;18;from_network;0.0
15;3;19;HP;0.0
15;3;19;EB;0.0
15;3;19;from_grid;445.809
15;3;19;from_main_grid;445.809
15;3;19;from_network;0.0
15;3;20;HP;0.0
15;3;20;EB;0.0
15;3;20;from_grid;335.649
15;3;20;from_main_grid;335.649
15;3;20;from_network;0.0
15;3;21;HP;0.0
15;3;21;EB;0.0
15;3;21;from_grid;219.598
15;3;21;from_main_grid;219.598
15;3;21;from_network;0.0
15;3;22;HP;356.462
15;3;22;EB;0.0
15;3;22;from_grid;542.805
15;3;22;from_main_grid;542.805
15;3;22;from_network;0.0
15;3;23;HP;387.563
15;3;23;EB;0.0
15;3;23;from_grid;562.565
15;3;23;from_main_grid;562.565
15;3;23;from_network;0.0
15;3;24;HP;391.177
15;3;24;EB;0.0
15;3;24;from_grid;533.1
15;3;24;from_main_grid;533.1
15;3;24;from_network;0.0
15;3;25;HP;0.0
15;3;25;EB;0.0
15;3;25;from_grid;144.777
15;3;25;from_main_grid;144.777
15;3;25;from_network;0.0
15;3;26;HP;335.448
15;3;26;EB;0.0
15;3;26;from_grid;478.885
15;3;26;from_main_grid;478.885
15;3;26;from_network;0.0
15;3;27;HP;342.589
15;3;27;EB;0.0
15;3;27;from_grid;483.713
15;3;27;from_main_grid;483.713
15;3;27;from_network;0.0
15;3;28;HP;348.652
15;3;28;EB;0.0
15;3;28;from_grid;490.697
15;3;28;from_main_grid;490.697
15;3;28;from_network;0.0
15;3;29;HP;355.407
15;3;29;EB;0.0
15;3;29;from_grid;496.969
15;3;29;from_main_grid;496.969
15;3;29;from_network;0.0
15;3;30;HP;367.221
15;3;30;EB;0.0
15;3;30;from_grid;517.299
15;3;30;from_main_grid;517.299
15;3;30;from_network;0.0
15;3;31;HP;329.012
15;3;31;EB;0.0
15;3;31;from_grid;782.111
15;3;31;from_main_grid;782.111
15;3;31;from_network;0.0
15;3;32;HP;304.231
15;3;32;EB;0.0
15;3;32;from_grid;794.788
15;3;32;from_main_grid;794.788
15;3;32;from_network;0.0
15;3;33;HP;280.527
15;3;33;EB;0.0
15;3;33;from_grid;765.852
15;3;33;from_main_grid;765.852
15;3;33;from_network;0.0
15;3;34;HP;268.665
15;3;34;EB;0.0
15;3;34;from_grid;638.543
15;3;34;from_main_grid;396.231
15;3;34;from_network;242.312
15;3;35;HP;256.949
15;3;35;EB;0.0
15;3;35;from_grid;602.945
15;3;35;from_main_grid;294.974
15;3;35;from_network;307.971
15;3;36;HP;249.808
15;3;36;EB;0.0
15;3;36;from_grid;570.786
15;3;36;from_main_grid;181.146
15;3;36;from_network;389.64
15;3;37;HP;239.442
15;3;37;EB;0.0
15;3;37;from_grid;572.567
15;3;37;from_main_grid;330.703
15;3;37;from_network;241.864
15;3;38;HP;231.365
15;3;38;EB;0.0
15;3;38;from_grid;666.614
15;3;38;from_main_grid;666.614
15;3;38;from_network;0.0
15;3;39;HP;250.096
15;3;39;EB;0.0
15;3;39;from_grid;726.766
15;3;39;from_main_grid;726.766
15;3;39;from_network;0.0
15;3;40;HP;246.399
15;3;40;EB;0.0
15;3;40;from_grid;739.242
15;3;40;from_main_grid;739.242
15;3;40;from_network;0.0
15;3;41;HP;253.892
15;3;41;EB;0.0
15;3;41;from_grid;733.13
15;3;41;from_main_grid;733.13
15;3;41;from_network;0.0
15;3;42;HP;275.469
15;3;42;EB;0.0
15;3;42;from_grid;705.32
15;3;42;from_main_grid;705.32
15;3;42;from_network;0.0
15;3;43;HP;273.597
15;3;43;EB;0.0
15;3;43;from_grid;707.261
15;3;43;from_main_grid;707.261
15;3;43;from_network;0.0
15;3;44;HP;281.233
15;3;44;EB;0.0
15;3;44;from_grid;613.918
15;3;44;from_main_grid;613.918
15;3;44;from_network;0.0
15;3;45;HP;294.001
15;3;45;EB;0.0
15;3;45;from_grid;508.586
15;3;45;from_main_grid;508.586
15;3;45;from_network;0.0
15;3;46;HP;287.302
15;3;46;EB;0.0
15;3;46;from_grid;486.682
15;3;46;from_main_grid;486.682
15;3;46;from_network;0.0
15;3;47;HP;279.523
15;3;47;EB;0.0
15;3;47;from_grid;465.854
15;3;47;from_main_grid;465.854
15;3;47;from_network;0.0
15;3;48;HP;74.227
15;3;48;EB;0.0
15;3;48;from_grid;214.948
15;3;48;from_main_grid;214.948
15;3;48;from_network;0.0
15;3;49;HP;73.373
15;3;49;EB;0.0
15;3;49;from_grid;213.003
15;3;49;from_main_grid;213.003
15;3;49;from_network;0.0
15;3;50;HP;71.101
15;3;50;EB;0.0
15;3;50;from_grid;212.079
15;3;50;from_main_grid;212.079
15;3;50;from_network;0.0
15;3;51;HP;70.195
15;3;51;EB;0.0
15;3;51;from_grid;214.137
15;3;51;from_main_grid;214.137
15;3;51;from_network;0.0
15;3;52;HP;74.324
15;3;52;EB;0.0
15;3;52;from_grid;216.755
15;3;52;from_main_grid;216.755
15;3;52;from_network;0.0
15;3;53;HP;74.137
15;3;53;EB;0.0
15;3;53;from_grid;217.518
15;3;53;from_main_grid;217.518
15;3;53;from_network;0.0
15;3;54;HP;77.962
15;3;54;EB;0.0
15;3;54;from_grid;223.543
15;3;54;from_main_grid;223.543
15;3;54;from_network;0.0
15;3;55;HP;93.924
15;3;55;EB;0.0
15;3;55;from_grid;483.454
15;3;55;from_main_grid;483.454
15;3;55;from_network;0.0
15;3;56;HP;98.514
15;3;56;EB;0.0
15;3;56;from_grid;519.88
15;3;56;from_main_grid;519.88
15;3;56;from_network;0.0
15;3;57;HP;89.657
15;3;57;EB;0.0
15;3;57;from_grid;501.425
15;3;57;from_main_grid;501.425
15;3;57;from_network;0.0
15;3;58;HP;89.433
15;3;58;EB;0.0
15;3;58;from_grid;481.454
15;3;58;from_main_grid;481.454
15;3;58;from_network;0.0
15;3;59;HP;90.931
15;3;59;EB;0.0
15;3;59;from_grid;477.127
15;3;59;from_main_grid;477.127
15;3;59;from_network;0.0
15;3;60;HP;89.493
15;3;60;EB;0.0
15;3;60;from_grid;385.601
15;3;60;from_main_grid;272.314
15;3;60;from_network;113.288
15;3;61;HP;82.299
15;3;61;EB;0.0
15;3;61;from_grid;380.494
15;3;61;from_main_grid;0.0
15;3;61;from_network;380.494
15;3;62;HP;75.92
15;3;62;EB;0.0
15;3;62;from_grid;374.72
15;3;62;from_main_grid;298.94
15;3;62;from_network;75.781
15;3;63;HP;83.178
15;3;63;EB;0.0
15;3;63;from_grid;418.114
15;3;63;from_main_grid;320.02
15;3;63;from_network;98.094
15;3;64;HP;83.751
15;3;64;EB;0.0
15;3;64;from_grid;504.483
15;3;64;from_main_grid;504.483
15;3;64;from_network;0.0
15;3;65;HP;258.661
15;3;65;EB;0.0
15;3;65;from_grid;688.673
15;3;65;from_main_grid;688.673
15;3;65;from_network;0.0
15;3;66;HP;343.441
15;3;66;EB;0.0
15;3;66;from_grid;771.664
15;3;66;from_main_grid;771.664
15;3;66;from_network;0.0
15;3;67;HP;0.0
15;3;67;EB;0.0
15;3;67;from_grid;436.394
15;3;67;from_main_grid;436.394
15;3;67;from_network;0.0
15;3;68;HP;0.0
15;3;68;EB;0.0
15;3;68;from_grid;343.946
15;3;68;from_main_grid;343.946
15;3;68;from_network;0.0
15;3;69;HP;0.0
15;3;69;EB;0.0
15;3;69;from_grid;208.356
15;3;69;from_main_grid;208.356
15;3;69;from_network;0.0
15;3;70;HP;0.0
15;3;70;EB;0.0
15;3;70;from_grid;208.378
15;3;70;from_main_grid;208.378
15;3;70;from_network;0.0
15;3;71;HP;117.372
15;3;71;EB;0.0
15;3;71;from_grid;300.773
15;3;71;from_main_grid;300.773
15;3;71;from_network;0.0
15;3;72;HP;123.794
15;3;72;EB;0.0
15;3;72;from_grid;263.05
15;3;72;from_main_grid;263.05
15;3;72;from_network;0.0
15;3;73;HP;125.057
15;3;73;EB;0.0
15;3;73;from_grid;268.247
15;3;73;from_main_grid;268.247
15;3;73;from_network;0.0
15;3;74;HP;130.593
15;3;74;EB;0.0
15;3;74;from_grid;272.707
15;3;74;from_main_grid;272.707
15;3;74;from_network;0.0
15;3;75;HP;137.273
15;3;75;EB;0.0
15;3;75;from_grid;282.513
15;3;75;from_main_grid;282.513
15;3;75;from_network;0.0
15;3;76;HP;138.186
15;3;76;EB;0.0
15;3;76;from_grid;280.56
15;3;76;from_main_grid;280.56
15;3;76;from_network;0.0
15;3;77;HP;140.406
15;3;77;EB;0.0
15;3;77;from_grid;286.45
15;3;77;from_main_grid;286.45
15;3;77;from_network;0.0
15;3;78;HP;303.067
15;3;78;EB;0.0
15;3;78;from_grid;447.196
15;3;78;from_main_grid;447.196
15;3;78;from_network;0.0
15;3;79;HP;0.0
15;3;79;EB;0.0
15;3;79;from_grid;159.384
15;3;79;from_main_grid;159.384
15;3;79;from_network;0.0
15;3;80;HP;164.755
15;3;80;EB;0.0
15;3;80;from_grid;338.834
15;3;80;from_main_grid;338.834
15;3;80;from_network;0.0
15;3;81;HP;154.067
15;3;81;EB;0.0
15;3;81;from_grid;341.582
15;3;81;from_main_grid;341.582
15;3;81;from_network;0.0
15;3;82;HP;153.797
15;3;82;EB;0.0
15;3;82;from_grid;354.273
15;3;82;from_main_grid;354.273
15;3;82;from_network;0.0
15;3;83;HP;155.707
15;3;83;EB;0.0
15;3;83;from_grid;344.819
15;3;83;from_main_grid;344.819
15;3;83;from_network;0.0
15;3;84;HP;145.81
15;3;84;EB;0.0
15;3;84;from_grid;319.008
15;3;84;from_main_grid;319.008
15;3;84;from_network;0.0
15;3;85;HP;355.121
15;3;85;EB;0.0
15;3;85;from_grid;505.159
15;3;85;from_main_grid;330.809
15;3;85;from_network;174.35
15;3;86;HP;281.663
15;3;86;EB;0.0
15;3;86;from_grid;430.087
15;3;86;from_main_grid;0.0
15;3;86;from_network;430.087
15;3;87;HP;361.417
15;3;87;EB;0.0
15;3;87;from_grid;515.511
15;3;87;from_main_grid;381.426
15;3;87;from_network;134.086
15;3;88;HP;365.918
15;3;88;EB;0.0
15;3;88;from_grid;549.665
15;3;88;from_main_grid;549.665
15;3;88;from_network;0.0
15;3;89;HP;366.819
15;3;89;EB;0.0
15;3;89;from_grid;568.082
15;3;89;from_main_grid;568.082
15;3;89;from_network;0.0
15;3;90;HP;371.323
15;3;90;EB;0.0
15;3;90;from_grid;579.22
15;3;90;from_main_grid;579.22
15;3;90;from_network;0.0
15;3;91;HP;191.01
15;3;91;EB;0.0
15;3;91;from_grid;407.15
15;3;91;from_main_grid;407.15
15;3;91;from_network;0.0
15;3;92;HP;0.0
15;3;92;EB;0.0
15;3;92;from_grid;214.291
15;3;92;from_main_grid;214.291
15;3;92;from_network;0.0
15;3;93;HP;384.853
15;3;93;EB;0.0
15;3;93;from_grid;595.878
15;3;93;from_main_grid;595.878
15;3;93;from_network;0.0
15;3;94;HP;388.466
15;3;94;EB;0.0
15;3;94;from_grid;586.033
15;3;94;from_main_grid;586.033
15;3;94;from_network;0.0
15;3;95;HP;389.37
15;3;95;EB;0.0
15;3;95;from_grid;564.989
15;3;95;from_main_grid;564.989
15;3;95;from_network;0.0
15;3;96;HP;391.177
15;3;96;EB;0.0
15;3;96;from_grid;533.716
15;3;96;from_main_grid;533.716
15;3;96;from_network;0.0
15;3;97;HP;394.793
15;3;97;EB;0.0
15;3;97;from_grid;542.189
15;3;97;from_main_grid;542.189
15;3;97;from_network;0.0
15;3;98;HP;395.698
15;3;98;EB;0.0
15;3;98;from_grid;538.46
15;3;98;from_main_grid;538.46
15;3;98;from_network;0.0
15;3;99;HP;398.411
15;3;99;EB;0.0
15;3;99;from_grid;537.935
15;3;99;from_main_grid;537.935
15;3;99;from_network;0.0
15;3;100;HP;394.793
15;3;100;EB;0.0
15;3;100;from_grid;538.809
15;3;100;from_main_grid;538.809
15;3;100;from_network;0.0
15;3;101;HP;389.37
15;3;101;EB;0.0
15;3;101;from_grid;533.833
15;3;101;from_main_grid;533.833
15;3;101;from_network;0.0
15;3;102;HP;385.756
15;3;102;EB;0.0
15;3;102;from_grid;535.866
15;3;102;from_main_grid;535.866
15;3;102;from_network;0.0
15;3;103;HP;383.951
15;3;103;EB;0.0
15;3;103;from_grid;835.707
15;3;103;from_main_grid;835.707
15;3;103;from_network;0.0
15;3;104;HP;377.634
15;3;104;EB;0.0
15;3;104;from_grid;861.22
15;3;104;from_main_grid;861.22
15;3;104;from_network;0.0
15;3;105;HP;374.928
15;3;105;EB;0.0
15;3;105;from_grid;885.135
15;3;105;from_main_grid;885.135
15;3;105;from_network;0.0
15;3;106;HP;383.951
15;3;106;EB;0.0
15;3;106;from_grid;914.93
15;3;106;from_main_grid;914.93
15;3;106;from_network;0.0
15;3;107;HP;385.756
15;3;107;EB;0.0
15;3;107;from_grid;891.58
15;3;107;from_main_grid;891.58
15;3;107;from_network;0.0
15;3;108;HP;389.37
15;3;108;EB;0.0
15;3;108;from_grid;837.171
15;3;108;from_main_grid;837.171
15;3;108;from_network;0.0
15;3;109;HP;385.756
15;3;109;EB;0.0
15;3;109;from_grid;823.66
15;3;109;from_main_grid;823.66
15;3;109;from_network;0.0
15;3;110;HP;367.429
15;3;110;EB;0.0
15;3;110;from_grid;844.395
15;3;110;from_main_grid;844.395
15;3;110;from_network;0.0
15;3;111;HP;360.975
15;3;111;EB;0.0
15;3;111;from_grid;858.883
15;3;111;from_main_grid;858.883
15;3;111;from_network;0.0
15;3;112;HP;346.77
15;3;112;EB;0.0
15;3;112;from_grid;832.148
15;3;112;from_main_grid;832.148
15;3;112;from_network;0.0
15;3;113;HP;342.106
15;3;113;EB;0.0
15;3;113;from_grid;815.339
15;3;113;from_main_grid;815.339
15;3;113;from_network;0.0
15;3;114;HP;354.038
15;3;114;EB;0.0
15;3;114;from_grid;776.66
15;3;114;from_main_grid;776.66
15;3;114;from_network;0.0
15;3;115;HP;345.712
15;3;115;EB;0.0
15;3;115;from_grid;779.119
15;3;115;from_main_grid;779.119
15;3;115;from_network;0.0
15;3;116;HP;347.679
15;3;116;EB;0.0
15;3;116;from_grid;687.869
15;3;116;from_main_grid;687.869
15;3;116;from_network;0.0
15;3;117;HP;363.325
15;3;117;EB;0.0
15;3;117;from_grid;563.581
15;3;117;from_main_grid;563.581
15;3;117;from_network;0.0
15;3;118;HP;374.027
15;3;118;EB;0.0
15;3;118;from_grid;567.507
15;3;118;from_main_grid;567.507
15;3;118;from_network;0.0
15;3;119;HP;375.83
15;3;119;EB;0.0
15;3;119;from_grid;549.113
15;3;119;from_main_grid;549.113
15;3;119;from_network;0.0
15;3;120;HP;375.83
15;3;120;EB;0.0
15;3;120;from_grid;512.491
15;3;120;from_main_grid;512.491
15;3;120;from_network;0.0
15;3;121;HP;377.634
15;3;121;EB;0.0
15;3;121;from_grid;517.374
15;3;121;from_main_grid;517.374
15;3;121;from_network;0.0
15;3;122;HP;383.048
15;3;122;EB;0.0
15;3;122;from_grid;522.931
15;3;122;from_main_grid;522.931
15;3;122;from_network;0.0
15;3;123;HP;389.37
15;3;123;EB;0.0
15;3;123;from_grid;530.118
15;3;123;from_main_grid;530.118
15;3;123;from_network;0.0
15;3;124;HP;396.602
15;3;124;EB;0.0
15;3;124;from_grid;536.728
15;3;124;from_main_grid;536.728
15;3;124;from_network;0.0
15;3;125;HP;283.509
15;3;125;EB;0.0
15;3;125;from_grid;426.084
15;3;125;from_main_grid;426.084
15;3;125;from_network;0.0
15;3;126;HP;401.126
15;3;126;EB;0.0
15;3;126;from_grid;545.755
15;3;126;from_main_grid;545.755
15;3;126;from_network;0.0
15;3;127;HP;369.877
15;3;127;EB;0.0
15;3;127;from_grid;805.361
15;3;127;from_main_grid;805.361
15;3;127;from_network;0.0
15;3;128;HP;344.612
15;3;128;EB;0.0
15;3;128;from_grid;813.36
15;3;128;from_main_grid;813.36
15;3;128;from_network;0.0
15;3;129;HP;332.563
15;3;129;EB;0.0
15;3;129;from_grid;822.756
15;3;129;from_main_grid;822.756
15;3;129;from_network;0.0
15;3;130;HP;302.076
15;3;130;EB;0.0
15;3;130;from_grid;755.485
15;3;130;from_main_grid;755.485
15;3;130;from_network;0.0
15;3;131;HP;290.984
15;3;131;EB;0.0
15;3;131;from_grid;736.205
15;3;131;from_main_grid;736.205
15;3;131;from_network;0.0
15;3;132;HP;277.889
15;3;132;EB;0.0
15;3;132;from_grid;607.969
15;3;132;from_main_grid;607.969
15;3;132;from_network;0.0
15;3;133;HP;263.304
15;3;133;EB;0.0
15;3;133;from_grid;604.974
15;3;133;from_main_grid;604.974
15;3;133;from_network;0.0
15;3;134;HP;249.555
15;3;134;EB;0.0
15;3;134;from_grid;730.281
15;3;134;from_main_grid;730.281
15;3;134;from_network;0.0
15;3;135;HP;264.226
15;3;135;EB;0.0
15;3;135;from_grid;750.693
15;3;135;from_main_grid;750.693
15;3;135;from_network;0.0
15;3;136;HP;378.536
15;3;136;EB;0.0
15;3;136;from_grid;868.542
15;3;136;from_main_grid;868.542
15;3;136;from_network;0.0
15;3;137;HP;145.982
15;3;137;EB;0.0
15;3;137;from_grid;603.737
15;3;137;from_main_grid;603.737
15;3;137;from_network;0.0
15;3;138;HP;292.812
15;3;138;EB;0.0
15;3;138;from_grid;699.509
15;3;138;from_main_grid;699.509
15;3;138;from_network;0.0
15;3;139;HP;388.466
15;3;139;EB;0.0
15;3;139;from_grid;817.403
15;3;139;from_main_grid;817.403
15;3;139;from_network;0.0
15;3;140;HP;231.017
15;3;140;EB;0.0
15;3;140;from_grid;550.03
15;3;140;from_main_grid;550.03
15;3;140;from_network;0.0
15;3;141;HP;344.894
15;3;141;EB;0.0
15;3;141;from_grid;551.818
15;3;141;from_main_grid;551.818
15;3;141;from_network;0.0
15;3;142;HP;350.171
15;3;142;EB;0.0
15;3;142;from_grid;548.253
15;3;142;from_main_grid;548.253
15;3;142;from_network;0.0
15;3;143;HP;358.331
15;3;143;EB;0.0
15;3;143;from_grid;533.068
15;3;143;from_main_grid;533.068
15;3;143;from_network;0.0
15;3;144;HP;394.793
15;3;144;EB;0.0
15;3;144;from_grid;531.636
15;3;144;from_main_grid;531.636
15;3;144;from_network;0.0
15;3;145;HP;327.27
15;3;145;EB;0.0
15;3;145;from_grid;468.008
15;3;145;from_main_grid;468.008
15;3;145;from_network;0.0
15;3;146;HP;397.507
15;3;146;EB;0.0
15;3;146;from_grid;535.372
15;3;146;from_main_grid;535.372
15;3;146;from_network;0.0
15;3;147;HP;348.026
15;3;147;EB;0.0
15;3;147;from_grid;486.46
15;3;147;from_main_grid;486.46
15;3;147;from_network;0.0
15;3;148;HP;376.838
15;3;148;EB;0.0
15;3;148;from_grid;513.319
15;3;148;from_main_grid;513.319
15;3;148;from_network;0.0
15;3;149;HP;380.609
15;3;149;EB;0.0
15;3;149;from_grid;518.931
15;3;149;from_main_grid;518.931
15;3;149;from_network;0.0
15;3;150;HP;382.342
15;3;150;EB;0.0
15;3;150;from_grid;527.88
15;3;150;from_main_grid;527.88
15;3;150;from_network;0.0
15;3;151;HP;333.307
15;3;151;EB;0.0
15;3;151;from_grid;768.161
15;3;151;from_main_grid;768.161
15;3;151;from_network;0.0
15;3;152;HP;308.876
15;3;152;EB;0.0
15;3;152;from_grid;776.507
15;3;152;from_main_grid;776.507
15;3;152;from_network;0.0
15;3;153;HP;267.645
15;3;153;EB;0.0
15;3;153;from_grid;730.693
15;3;153;from_main_grid;730.693
15;3;153;from_network;0.0
15;3;154;HP;254.203
15;3;154;EB;0.0
15;3;154;from_grid;635.443
15;3;154;from_main_grid;527.293
15;3;154;from_network;108.149
15;3;155;HP;224.63
15;3;155;EB;0.0
15;3;155;from_grid;604.178
15;3;155;from_main_grid;604.178
15;3;155;from_network;0.0
15;3;156;HP;210.602
15;3;156;EB;0.0
15;3;156;from_grid;635.214
15;3;156;from_main_grid;635.214
15;3;156;from_network;0.0
15;3;157;HP;355.121
15;3;157;EB;0.0
15;3;157;from_grid;764.393
15;3;157;from_main_grid;764.393
15;3;157;from_network;0.0
15;3;158;HP;40.749
15;3;158;EB;0.0
15;3;158;from_grid;501.319
15;3;158;from_main_grid;501.319
15;3;158;from_network;0.0
15;3;159;HP;203.203
15;3;159;EB;0.0
15;3;159;from_grid;685.187
15;3;159;from_main_grid;685.187
15;3;159;from_network;0.0
15;3;160;HP;199.836
15;3;160;EB;0.0
15;3;160;from_grid;670.154
15;3;160;from_main_grid;670.154
15;3;160;from_network;0.0
15;3;161;HP;195.628
15;3;161;EB;0.0
15;3;161;from_grid;660.089
15;3;161;from_main_grid;660.089
15;3;161;from_network;0.0
15;3;162;HP;214.52
15;3;162;EB;0.0
15;3;162;from_grid;632.991
15;3;162;from_main_grid;632.991
15;3;162;from_network;0.0
15;3;163;HP;212.952
15;3;163;EB;0.0
15;3;163;from_grid;634.536
15;3;163;from_main_grid;634.536
15;3;163;from_network;0.0
15;3;164;HP;294.572
15;3;164;EB;0.0
15;3;164;from_grid;643.566
15;3;164;from_main_grid;643.566
15;3;164;from_network;0.0
15;3;165;HP;352.424
15;3;165;EB;0.0
15;3;165;from_grid;554.002
15;3;165;from_main_grid;554.002
15;3;165;from_network;0.0
15;3;166;HP;353.323
15;3;166;EB;0.0
15;3;166;from_grid;544.373
15;3;166;from_main_grid;544.373
15;3;166;from_network;0.0
15;3;167;HP;356.919
15;3;167;EB;0.0
15;3;167;from_grid;532.494
15;3;167;from_main_grid;532.494
15;3;167;from_network;0.0
20;0;0;HP;0.0
20;0;0;EB;0.0
20;0;0;from_grid;147.77
20;0;0;from_main_grid;147.77
20;0;0;from_network;0.0
20;0;1;HP;143.843
20;0;1;EB;0.0
20;0;1;from_grid;295.944
20;0;1;from_main_grid;295.944
20;0;1;from_network;0.0
20;0;2;HP;0.0
20;0;2;EB;0.0
20;0;2;from_grid;147.638
20;0;2;from_main_grid;147.638
20;0;2;from_network;0.0
20;0;3;HP;184.181
20;0;3;EB;0.0
20;0;3;from_grid;332.716
20;0;3;from_main_grid;332.716
20;0;3;from_network;0.0
20;0;4;HP;189.651
20;0;4;EB;0.0
20;0;4;from_grid;338.62
20;0;4;from_main_grid;338.62
20;0;4;from_network;0.0
20;0;5;HP;194.335
20;0;5;EB;0.0
20;0;5;from_grid;341.601
20;0;5;from_main_grid;341.601
20;0;5;from_network;0.0
20;0;6;HP;207.456
20;0;6;EB;0.0
20;0;6;from_grid;360.643
20;0;6;from_main_grid;360.643
20;0;6;from_network;0.0
20;0;7;HP;174.592
20;0;7;EB;0.0
20;0;7;from_grid;630.203
20;0;7;from_main_grid;630.203
20;0;7;from_network;0.0
20;0;8;HP;158.401
20;0;8;EB;0.0
20;0;8;from_grid;627.577
20;0;8;from_main_grid;624.574
20;0;8;from_network;3.003
20;0;9;HP;159.604
20;0;9;EB;0.0
20;0;9;from_grid;510.167
20;0;9;from_main_grid;159.639
20;0;9;from_network;350.528
20;0;10;HP;137.255
20;0;10;EB;0.0
20;0;10;from_grid;511.023
20;0;10;from_main_grid;74.287
20;0;10;from_network;436.736
20;0;11;HP;126.764
20;0;11;EB;0.0
20;0;11;from_grid;492.054
20;0;11;from_main_grid;389.729
20;0;11;from_network;102.325
20;0;12;HP;109.408
20;0;12;EB;0.0
20;0;12;from_grid;452.298
20;0;12;from_main_grid;191.338
20;0;12;from_network;260.96
20;0;13;HP;195.528
20;0;13;EB;0.0
20;0;13;from_grid;558.719
20;0;13;from_main_grid;558.719
20;0;13;from_network;0.0
20;0;14;HP;0.0
20;0;14;EB;0.0
20;0;14;from_grid;392.271
20;0;14;from_main_grid;392.271
20;0;14;from_network;0.0
20;0;15;HP;101.773
20;0;15;EB;0.0
20;0;15;from_grid;442.169
20;0;15;from_main_grid;223.525
20;0;15;from_network;218.645
20;0;16;HP;95.365
20;0;16;EB;0.0
20;0;16;from_grid;427.273
20;0;16;from_main_grid;427.273
20;0;16;from_network;0.0
20;0;17;HP;90.002
20;0;17;EB;0.0
20;0;17;from_grid;525.169
20;0;17;from_main_grid;525.169
20;0;17;from_network;0.0
20;0;18;HP;323.717
20;0;18;EB;0.0
20;0;18;from_grid;759.545
20;0;18;from_main_grid;759.545
20;0;18;from_network;0.0
20;0;19;HP;0.0
20;0;19;EB;0.0
20;0;19;from_grid;444.103
20;0;19;from_main_grid;444.103
20;0;19;from_network;0.0
20;0;20;HP;19.11
20;0;20;EB;0.0
20;0;20;from_grid;369.598
20;0;20;from_main_grid;369.598
20;0;20;from_network;0.0
20;0;21;HP;329.092
20;0;21;EB;0.0
20;0;21;from_grid;539.336
20;0;21;from_main_grid;539.336
20;0;21;from_network;0.0
20;0;22;HP;334.47
20;0;22;EB;0.0
20;0;22;from_grid;529.213
20;0;22;from_main_grid;529.213
20;0;22;from_network;0.0
20;0;23;HP;338.954
20;0;23;EB;0.0
20;0;23;from_grid;522.236
20;0;23;from_main_grid;522.236
20;0;23;from_network;0.0
20;0;24;HP;0.0
20;0;24;EB;0.0
20;0;24;from_grid;148.336
20;0;24;from_main_grid;148.336
20;0;24;from_network;0.0
20;0;25;HP;0.0
20;0;25;EB;0.0
20;0;25;from_grid;147.39
20;0;25;from_main_grid;147.39
20;0;25;from_network;0.0
20;0;26;HP;0.0
20;0;26;EB;0.0
20;0;26;from_grid;143.924
20;0;26;from_main_grid;143.924
20;0;26;from_network;0.0
20;0;27;HP;353.323
20;0;27;EB;0.0
20;0;27;from_grid;501.707
20;0;27;from_main_grid;501.707
20;0;27;from_network;0.0
20;0;28;HP;354.222
20;0;28;EB;0.0
20;0;28;from_grid;503.778
20;0;28;from_main_grid;503.778
20;0;28;from_network;0.0
20;0;29;HP;268.645
20;0;29;EB;0.0
20;0;29;from_grid;417.264
20;0;29;from_main_grid;417.264
20;0;29;from_network;0.0
20;0;30;HP;0.0
20;0;30;EB;0.0
20;0;30;from_grid;161.16
20;0;30;from_main_grid;161.16
20;0;30;from_network;0.0
20;0;31;HP;0.0
20;0;31;EB;0.0
20;0;31;from_grid;456.603
20;0;31;from_main_grid;456.603
20;0;31;from_network;0.0
20;0;32;HP;182.327
20;0;32;EB;0.0
20;0;32;from_grid;655.617
20;0;32;from_main_grid;655.617
20;0;32;from_network;0.0
20;0;33;HP;180.141
20;0;33;EB;0.0
20;0;33;from_grid;535.579
20;0;33;from_main_grid;255.336
20;0;33;from_network;280.243
20;0;34;HP;156.608
20;0;34;EB;0.0
20;0;34;from_grid;527.21
20;0;34;from_main_grid;34.636
20;0;34;from_network;492.574
20;0;35;HP;135.837
20;0;35;EB;0.0
20;0;35;from_grid;498.591
20;0;35;from_main_grid;0.0
20;0;35;from_network;498.591
20;0;36;HP;135.026
20;0;36;EB;0.0
20;0;36;from_grid;491.855
20;0;36;from_main_grid;136.448
20;0;36;from_network;355.407
20;0;37;HP;154.415
20;0;37;EB;0.0
20;0;37;from_grid;506.046
20;0;37;from_main_grid;0.0
20;0;37;from_network;506.046
20;0;38;HP;255.846
20;0;38;EB;0.0
20;0;38;from_grid;629.885
20;0;38;from_main_grid;0.0
20;0;38;from_network;629.885
20;0;39;HP;263.163
20;0;39;EB;0.0
20;0;39;from_grid;602.889
20;0;39;from_main_grid;0.0
20;0;39;from_network;602.889
20;0;40;HP;0.0
20;0;40;EB;0.0
20;0;40;from_grid;340.349
20;0;40;from_main_grid;80.271
20;0;40;from_network;260.078
20;0;41;HP;0.0
20;0;41;EB;0.0
20;0;41;from_grid;382.512
20;0;41;from_main_grid;382.512
20;0;41;from_network;0.0
20;0;42;HP;322.822
20;0;42;EB;0.0
20;0;42;from_grid;754.597
20;0;42;from_main_grid;754.597
20;0;42;from_network;0.0
20;0;43;HP;328.196
20;0;43;EB;0.0
20;0;43;from_grid;787.155
20;0;43;from_main_grid;787.155
20;0;43;from_network;0.0
20;0;44;HP;327.851
20;0;44;EB;0.0
20;0;44;from_grid;667.103
20;0;44;from_main_grid;667.103
20;0;44;from_network;0.0
20;0;45;HP;0.0
20;0;45;EB;0.0
20;0;45;from_grid;217.236
20;0;45;from_main_grid;217.236
20;0;45;from_network;0.0
20;0;46;HP;0.0
20;0;46;EB;0.0
20;0;46;from_grid;199.022
20;0;46;from_main_grid;199.022
20;0;46;from_network;0.0
20;0;47;HP;0.0
20;0;47;EB;0.0
20;0;47;from_grid;180.544
20;0;47;from_main_grid;180.544
20;0;47;from_network;0.0
20;0;48;HP;0.0
20;0;48;EB;0.0
20;0;48;from_grid;146.92
20;0;48;from_main_grid;146.92
20;0;48;from_network;0.0
20;0;49;HP;0.0
20;0;49;EB;0.0
20;0;49;from_grid;149.82
20;0;49;from_main_grid;149.82
20;0;49;from_network;0.0
20;0;50;HP;0.0
20;0;50;EB;0.0
20;0;50;from_grid;150.462
20;0;50;from_main_grid;150.462
20;0;50;from_network;0.0
20;0;51;HP;0.0
20;0;51;EB;0.0
20;0;51;from_grid;144.922
20;0;51;from_main_grid;144.922
20;0;51;from_network;0.0
20;0;52;HP;0.0
20;0;52;EB;0.0
20;0;52;from_grid;147.904
20;0;52;from_main_grid;147.904
20;0;52;from_network;0.0
20;0;53;HP;0.0
20;0;53;EB;0.0
20;0;53;from_grid;148.174
20;0;53;from_main_grid;148.174
20;0;53;from_network;0.0
20;0;54;HP;71.067
20;0;54;EB;0.0
20;0;54;from_grid;229.487
20;0;54;from_main_grid;229.487
20;0;54;from_network;0.0
20;0;55;HP;89.161
20;0;55;EB;0.0
20;0;55;from_grid;498.238
20;0;55;from_main_grid;498.238
20;0;55;from_network;0.0
20;0;56;HP;87.004
20;0;56;EB;0.0
20;0;56;from_grid;497.108
20;0;56;from_main_grid;497.108
20;0;56;from_network;0.0
20;0;57;HP;79.948
20;0;57;EB;0.0
20;0;57;from_grid;401.362
20;0;57;from_main_grid;401.362
20;0;57;from_network;0.0
20;0;58;HP;73.132
20;0;58;EB;0.0
20;0;58;from_grid;380.262
20;0;58;from_main_grid;59.903
20;0;58;from_network;320.359
20;0;59;HP;66.536
20;0;59;EB;0.0
20;0;59;from_grid;378.88
20;0;59;from_main_grid;0.0
20;0;59;from_network;378.88
20;0;60;HP;183.625
20;0;60;EB;0.0
20;0;60;from_grid;499.775
20;0;60;from_main_grid;465.83
20;0;60;from_network;33.945
20;0;61;HP;0.0
20;0;61;EB;0.0
20;0;61;from_grid;345.73
20;0;61;from_main_grid;345.73
20;0;61;from_network;0.0
20;0;62;HP;0.0
20;0;62;EB;0.0
20;0;62;from_grid;367.695
20;0;62;from_main_grid;309.969
20;0;62;from_network;57.726
20;0;63;HP;64.234
20;0;63;EB;0.0
20;0;63;from_grid;369.129
20;0;63;from_main_grid;0.0
20;0;63;from_network;369.129
20;0;64;HP;49.881
20;0;64;EB;0.0
20;0;64;from_grid;362.27
20;0;64;from_main_grid;0.0
20;0;64;from_network;362.27
20;0;65;HP;42.056
20;0;65;EB;0.0
20;0;65;from_grid;414.405
20;0;65;from_main_grid;414.405
20;0;65;from_network;0.0
20;0;66;HP;48.934
20;0;66;EB;0.0
20;0;66;from_grid;492.858
20;0;66;from_main_grid;492.858
20;0;66;from_network;0.0
20;0;67;HP;45.435
20;0;67;EB;0.0
20;0;67;from_grid;498.567
20;0;67;from_main_grid;498.567
20;0;67;from_network;0.0
20;0;68;HP;296.897
20;0;68;EB;0.0
20;0;68;from_grid;651.569
20;0;68;from_main_grid;651.569
20;0;68;from_network;0.0
20;0;69;HP;296.897
20;0;69;EB;0.0
20;0;69;from_grid;517.697
20;0;69;from_main_grid;517.697
20;0;69;from_network;0.0
20;0;70;HP;301.361
20;0;70;EB;0.0
20;0;70;from_grid;501.591
20;0;70;from_main_grid;501.591
20;0;70;from_network;0.0
20;0;71;HP;316.557
20;0;71;EB;0.0
20;0;71;from_grid;505.708
20;0;71;from_main_grid;505.708
20;0;71;from_network;0.0
20;0;72;HP;0.0
20;0;72;EB;0.0
20;0;72;from_grid;140.001
20;0;72;from_main_grid;140.001
20;0;72;from_network;0.0
20;0;73;HP;0.0
20;0;73;EB;0.0
20;0;73;from_grid;139.906
20;0;73;from_main_grid;139.906
20;0;73;from_network;0.0
20;0;74;HP;0.0
20;0;74;EB;0.0
20;0;74;from_grid;138.774
20;0;74;from_main_grid;138.774
20;0;74;from_network;0.0
20;0;75;HP;0.0
20;0;75;EB;0.0
20;0;75;from_grid;139.524
20;0;75;from_main_grid;139.524
20;0;75;from_network;0.0
20;0;76;HP;0.0
20;0;76;EB;0.0
20;0;76;from_grid;143.338
20;0;76;from_main_grid;143.338
20;0;76;from_network;0.0
20;0;77;HP;0.0
20;0;77;EB;0.0
20;0;77;from_grid;143.901
20;0;77;from_main_grid;143.901
20;0;77;from_network;0.0
20;0;78;HP;0.0
20;0;78;EB;0.0
20;0;78;from_grid;143.165
20;0;78;from_main_grid;143.165
20;0;78;from_network;0.0
20;0;79;HP;0.0
20;0;79;EB;0.0
20;0;79;from_grid;153.595
20;0;79;from_main_grid;153.595
20;0;79;from_network;0.0
20;0;80;HP;0.0
20;0;80;EB;0.0
20;0;80;from_grid;172.307
20;0;80;from_main_grid;172.307
20;0;80;from_network;0.0
20;0;81;HP;0.0
20;0;81;EB;0.0
20;0;81;from_grid;172.317
20;0;81;from_main_grid;172.317
20;0;81;from_network;0.0
20;0;82;HP;12.366
20;0;82;EB;0.0
20;0;82;from_grid;181.581
20;0;82;from_main_grid;174.094
20;0;82;from_network;7.487
20;0;83;HP;115.088
20;0;83;EB;0.0
20;0;83;from_grid;260.027
20;0;83;from_main_grid;157.451
20;0;83;from_network;102.575
20;0;84;HP;115.333
20;0;84;EB;0.0
20;0;84;from_grid;254.449
20;0;84;from_main_grid;101.42
20;0;84;from_network;153.028
20;0;85;HP;112.664
20;0;85;EB;0.0
20;0;85;from_grid;250.048
20;0;85;from_main_grid;165.331
20;0;85;from_network;84.717
20;0;86;HP;111.144
20;0;86;EB;0.0
20;0;86;from_grid;259.555
20;0;86;from_main_grid;259.555
20;0;86;from_network;0.0
20;0;87;HP;111.454
20;0;87;EB;0.0
20;0;87;from_grid;239.485
20;0;87;from_main_grid;171.747
20;0;87;from_network;67.738
20;0;88;HP;353.323
20;0;88;EB;0.0
20;0;88;from_grid;499.756
20;0;88;from_main_grid;499.756
20;0;88;from_network;0.0
20;0;89;HP;107.12
20;0;89;EB;0.0
20;0;89;from_grid;260.242
20;0;89;from_main_grid;260.242
20;0;89;from_network;0.0
20;0;90;HP;0.0
20;0;90;EB;0.0
20;0;90;from_grid;195.402
20;0;90;from_main_grid;195.402
20;0;90;from_network;0.0
20;0;91;HP;0.0
20;0;91;EB;0.0
20;0;91;from_grid;219.121
20;0;91;from_main_grid;219.121
20;0;91;from_network;0.0
20;0;92;HP;367.719
20;0;92;EB;0.0
20;0;92;from_grid;574.983
20;0;92;from_main_grid;574.983
20;0;92;from_network;0.0
20;0;93;HP;28.206
20;0;93;EB;0.0
20;0;93;from_grid;234.787
20;0;93;from_main_grid;234.787
20;0;93;from_network;0.0
20;0;94;HP;373.125
20;0;94;EB;0.0
20;0;94;from_grid;560.396
20;0;94;from_main_grid;560.396
20;0;94;from_network;0.0
20;0;95;HP;373.125
20;0;95;EB;0.0
20;0;95;from_grid;544.698
20;0;95;from_main_grid;544.698
20;0;95;from_network;0.0
20;0;96;HP;375.83
20;0;96;EB;0.0
20;0;96;from_grid;514.019
20;0;96;from_main_grid;514.019
20;0;96;from_network;0.0
20;0;97;HP;379.438
20;0;97;EB;0.0
20;0;97;from_grid;522.01
20;0;97;from_main_grid;522.01
20;0;97;from_network;0.0
20;0;98;HP;381.243
20;0;98;EB;0.0
20;0;98;from_grid;520.109
20;0;98;from_main_grid;520.109
20;0;98;from_network;0.0
20;0;99;HP;383.951
20;0;99;EB;0.0
20;0;99;from_grid;522.53
20;0;99;from_main_grid;522.53
20;0;99;from_network;0.0
20;0;100;HP;383.951
20;0;100;EB;0.0
20;0;100;from_grid;525.389
20;0;100;from_main_grid;525.389
20;0;100;from_network;0.0
20;0;101;HP;383.951
20;0;101;EB;0.0
20;0;101;from_grid;524.014
20;0;101;from_main_grid;524.014
20;0;101;from_network;0.0
20;0;102;HP;382.145
20;0;102;EB;0.0
20;0;102;from_grid;523.658
20;0;102;from_main_grid;523.658
20;0;102;from_network;0.0
20;0;103;HP;383.048
20;0;103;EB;0.0
20;0;103;from_grid;809.808
20;0;103;from_main_grid;809.808
20;0;103;from_network;0.0
20;0;104;HP;380.18
20;0;104;EB;0.0
20;0;104;from_grid;810.0
20;0;104;from_main_grid;810.0
20;0;104;from_network;0.0
20;0;105;HP;372.575
20;0;105;EB;0.0
20;0;105;from_grid;712.182
20;0;105;from_main_grid;712.182
20;0;105;from_network;0.0
20;0;106;HP;333.251
20;0;106;EB;0.0
20;0;106;from_grid;683.938
20;0;106;from_main_grid;670.099
20;0;106;from_network;13.84
20;0;107;HP;311.357
20;0;107;EB;0.0
20;0;107;from_grid;665.692
20;0;107;from_main_grid;665.692
20;0;107;from_network;0.0
20;0;108;HP;290.928
20;0;108;EB;0.0
20;0;108;from_grid;638.225
20;0;108;from_main_grid;638.225
20;0;108;from_network;0.0
20;0;109;HP;264.849
20;0;109;EB;0.0
20;0;109;from_grid;624.471
20;0;109;from_main_grid;624.471
20;0;109;from_network;0.0
20;0;110;HP;355.121
20;0;110;EB;0.0
20;0;110;from_grid;705.103
20;0;110;from_main_grid;335.757
20;0;110;from_network;369.345
20;0;111;HP;351.525
20;0;111;EB;0.0
20;0;111;from_grid;681.732
20;0;111;from_main_grid;370.865
20;0;111;from_network;310.867
20;0;112;HP;352.424
20;0;112;EB;0.0
20;0;112;from_grid;769.178
20;0;112;from_main_grid;769.178
20;0;112;from_network;0.0
20;0;113;HP;363.217
20;0;113;EB;0.0
20;0;113;from_grid;800.184
20;0;113;from_main_grid;800.184
20;0;113;from_network;0.0
20;0;114;HP;366.819
20;0;114;EB;0.0
20;0;114;from_grid;779.803
20;0;114;from_main_grid;779.803
20;0;114;from_network;0.0
20;0;115;HP;0.0
20;0;115;EB;0.0
20;0;115;from_grid;415.348
20;0;115;from_main_grid;415.348
20;0;115;from_network;0.0
20;0;116;HP;0.0
20;0;116;EB;0.0
20;0;116;from_grid;325.59
20;0;116;from_main_grid;325.59
20;0;116;from_network;0.0
20;0;117;HP;278.836
20;0;117;EB;0.0
20;0;117;from_grid;480.953
20;0;117;from_main_grid;480.953
20;0;117;from_network;0.0
20;0;118;HP;305.335
20;0;118;EB;0.0
20;0;118;from_grid;493.986
20;0;118;from_main_grid;493.986
20;0;118;from_network;0.0
20;0;119;HP;308.22
20;0;119;EB;0.0
20;0;119;from_grid;497.711
20;0;119;from_main_grid;497.711
20;0;119;from_network;0.0
20;0;120;HP;319.204
20;0;120;EB;0.0
20;0;120;from_grid;456.876
20;0;120;from_main_grid;456.876
20;0;120;from_network;0.0
20;0;121;HP;317.236
20;0;121;EB;0.0
20;0;121;from_grid;458.042
20;0;121;from_main_grid;458.042
20;0;121;from_network;0.0
20;0;122;HP;317.7
20;0;122;EB;0.0
20;0;122;from_grid;456.853
20;0;122;from_main_grid;456.853
20;0;122;from_network;0.0
20;0;123;HP;324.304
20;0;123;EB;0.0
20;0;123;from_grid;464.623
20;0;123;from_main_grid;464.623
20;0;123;from_network;0.0
20;0;124;HP;324.758
20;0;124;EB;0.0
20;0;124;from_grid;465.534
20;0;124;from_main_grid;465.534
20;0;124;from_network;0.0
20;0;125;HP;325.435
20;0;125;EB;0.0
20;0;125;from_grid;462.923
20;0;125;from_main_grid;462.923
20;0;125;from_network;0.0
20;0;126;HP;332.896
20;0;126;EB;0.0
20;0;126;from_grid;476.113
20;0;126;from_main_grid;476.113
20;0;126;from_network;0.0
20;0;127;HP;294.27
20;0;127;EB;0.0
20;0;127;from_grid;725.117
20;0;127;from_main_grid;725.117
20;0;127;from_network;0.0
20;0;128;HP;270.462
20;0;128;EB;0.0
20;0;128;from_grid;715.332
20;0;128;from_main_grid;715.332
20;0;128;from_network;0.0
20;0;129;HP;269.444
20;0;129;EB;0.0
20;0;129;from_grid;587.229
20;0;129;from_main_grid;381.173
20;0;129;from_network;206.056
20;0;130;HP;244.168
20;0;130;EB;0.0
20;0;130;from_grid;590.232
20;0;130;from_main_grid;388.909
20;0;130;from_network;201.323
20;0;131;HP;235.545
20;0;131;EB;0.0
20;0;131;from_grid;573.151
20;0;131;from_main_grid;573.151
20;0;131;from_network;0.0
20;0;132;HP;235.478
20;0;132;EB;0.0
20;0;132;from_grid;602.342
20;0;132;from_main_grid;602.342
20;0;132;from_network;0.0
20;0;133;HP;211.433
20;0;133;EB;0.0
20;0;133;from_grid;533.221
20;0;133;from_main_grid;526.12
20;0;133;from_network;7.101
20;0;134;HP;199.195
20;0;134;EB;0.0
20;0;134;from_grid;546.694
20;0;134;from_main_grid;546.694
20;0;134;from_network;0.0
20;0;135;HP;360.517
20;0;135;EB;0.0
20;0;135;from_grid;686.409
20;0;135;from_main_grid;502.266
20;0;135;from_network;184.143
20;0;136;HP;362.317
20;0;136;EB;0.0
20;0;136;from_grid;673.04
20;0;136;from_main_grid;673.04
20;0;136;from_network;0.0
20;0;137;HP;364.117
20;0;137;EB;0.0
20;0;137;from_grid;672.954
20;0;137;from_main_grid;618.214
20;0;137;from_network;54.74
20;0;138;HP;372.224
20;0;138;EB;0.0
20;0;138;from_grid;767.933
20;0;138;from_main_grid;767.933
20;0;138;from_network;0.0
20;0;139;HP;376.732
20;0;139;EB;0.0
20;0;139;from_grid;794.205
20;0;139;from_main_grid;794.205
20;0;139;from_network;0.0
20;0;140;HP;381.243
20;0;140;EB;0.0
20;0;140;from_grid;711.237
20;0;140;from_main_grid;711.237
20;0;140;from_network;0.0
20;0;141;HP;0.0
20;0;141;EB;0.0
20;0;141;from_grid;205.737
20;0;141;from_main_grid;205.737
20;0;141;from_network;0.0
20;0;142;HP;0.0
20;0;142;EB;0.0
20;0;142;from_grid;204.737
20;0;142;from_main_grid;204.737
20;0;142;from_network;0.0
20;0;143;HP;0.0
20;0;143;EB;0.0
20;0;143;from_grid;182.726
20;0;143;from_main_grid;182.726
20;0;143;from_network;0.0
20;0;144;HP;394.793
20;0;144;EB;0.0
20;0;144;from_grid;534.376
20;0;144;from_main_grid;534.376
20;0;144;from_network;0.0
20;0;145;HP;109.969
20;0;145;EB;0.0
20;0;145;from_grid;248.994
20;0;145;from_main_grid;248.994
20;0;145;from_network;0.0
20;0;146;HP;401.126
20;0;146;EB;0.0
20;0;146;from_grid;540.337
20;0;146;from_main_grid;540.337
20;0;146;from_network;0.0
20;0;147;HP;408.372
20;0;147;EB;0.0
20;0;147;from_grid;548.969
20;0;147;from_main_grid;548.969
20;0;147;from_network;0.0
20;0;148;HP;411.091
20;0;148;EB;0.0
20;0;148;from_grid;552.822
20;0;148;from_main_grid;552.822
20;0;148;from_network;0.0
20;0;149;HP;413.811
20;0;149;EB;0.0
20;0;149;from_grid;559.97
20;0;149;from_main_grid;559.97
20;0;149;from_network;0.0
20;0;150;HP;136.702
20;0;150;EB;0.0
20;0;150;from_grid;281.554
20;0;150;from_main_grid;281.554
20;0;150;from_network;0.0
20;0;151;HP;351.584
20;0;151;EB;0.0
20;0;151;from_grid;780.934
20;0;151;from_main_grid;780.934
20;0;151;from_network;0.0
20;0;152;HP;334.007
20;0;152;EB;0.0
20;0;152;from_grid;698.145
20;0;152;from_main_grid;653.512
20;0;152;from_network;44.633
20;0;153;HP;313.272
20;0;153;EB;0.0
20;0;153;from_grid;638.263
20;0;153;from_main_grid;123.915
20;0;153;from_network;514.349
20;0;154;HP;274.252
20;0;154;EB;0.0
20;0;154;from_grid;619.089
20;0;154;from_main_grid;0.0
20;0;154;from_network;619.089
20;0;155;HP;256.136
20;0;155;EB;0.0
20;0;155;from_grid;587.071
20;0;155;from_main_grid;149.862
20;0;155;from_network;437.209
20;0;156;HP;240.818
20;0;156;EB;0.0
20;0;156;from_grid;563.239
20;0;156;from_main_grid;0.0
20;0;156;from_network;563.239
20;0;157;HP;378.536
20;0;157;EB;0.0
20;0;157;from_grid;699.807
20;0;157;from_main_grid;488.969
20;0;157;from_network;210.837
20;0;158;HP;383.951
20;0;158;EB;0.0
20;0;158;from_grid;745.363
20;0;158;from_main_grid;745.363
20;0;158;from_network;0.0
20;0;159;HP;383.048
20;0;159;EB;0.0
20;0;159;from_grid;712.264
20;0;159;from_main_grid;712.264
20;0;159;from_network;0.0
20;0;160;HP;393.889
20;0;160;EB;0.0
20;0;160;from_grid;709.735
20;0;160;from_main_grid;506.691
20;0;160;from_network;203.044
20;0;161;HP;396.602
20;0;161;EB;0.0
20;0;161;from_grid;710.047
20;0;161;from_main_grid;704.088
20;0;161;from_network;5.959
20;0;162;HP;396.602
20;0;162;EB;0.0
20;0;162;from_grid;799.013
20;0;162;from_main_grid;799.013
20;0;162;from_network;0.0
20;0;163;HP;405.654
20;0;163;EB;0.0
20;0;163;from_grid;835.791
20;0;163;from_main_grid;835.791
20;0;163;from_network;0.0
20;0;164;HP;363.163
20;0;164;EB;0.0
20;0;164;from_grid;689.985
20;0;164;from_main_grid;689.985
20;0;164;from_network;0.0
20;0;165;HP;0.0
20;0;165;EB;0.0
20;0;165;from_grid;204.203
20;0;165;from_main_grid;204.203
20;0;165;from_network;0.0
20;0;166;HP;0.0
20;0;166;EB;0.0
20;0;166;from_grid;192.504
20;0;166;from_main_grid;192.504
20;0;166;from_network;0.0
20;0;167;HP;413.811
20;0;167;EB;0.0
20;0;167;from_grid;583.268
20;0;167;from_main_grid;583.268
20;0;167;from_network;0.0
20;1;0;HP;0.0
20;1;0;EB;0.0
20;1;0;from_grid;138.851
20;1;0;from_main_grid;138.851
20;1;0;from_network;0.0
20;1;1;HP;0.0
20;1;1;EB;0.0
20;1;1;from_grid;142.253
20;1;1;from_main_grid;142.253
20;1;1;from_network;0.0
20;1;2;HP;0.0
20;1;2;EB;0.0
20;1;2;from_grid;141.421
20;1;2;from_main_grid;141.421
20;1;2;from_network;0.0
20;1;3;HP;0.0
20;1;3;EB;0.0
20;1;3;from_grid;140.014
20;1;3;from_main_grid;140.014
20;1;3;from_network;0.0
20;1;4;HP;0.0
20;1;4;EB;0.0
20;1;4;from_grid;141.186
20;1;4;from_main_grid;141.186
20;1;4;from_network;0.0
20;1;5;HP;0.0
20;1;5;EB;0.0
20;1;5;from_grid;143.169
20;1;5;from_main_grid;143.169
20;1;5;from_network;0.0
20;1;6;HP;0.0
20;1;6;EB;0.0
20;1;6;from_grid;146.213
20;1;6;from_main_grid;146.213
20;1;6;from_network;0.0
20;1;7;HP;0.0
20;1;7;EB;0.0
20;1;7;from_grid;283.492
20;1;7;from_main_grid;188.905
20;1;7;from_network;94.588
20;1;8;HP;0.0
20;1;8;EB;0.0
20;1;8;from_grid;312.173
20;1;8;from_main_grid;0.0
20;1;8;from_network;312.173
20;1;9;HP;0.0
20;1;9;EB;0.0
20;1;9;from_grid;335.542
20;1;9;from_main_grid;0.0
20;1;9;from_network;335.542
20;1;10;HP;0.0
20;1;10;EB;0.0
20;1;10;from_grid;350.707
20;1;10;from_main_grid;0.0
20;1;10;from_network;350.707
20;1;11;HP;0.0
20;1;11;EB;0.0
20;1;11;from_grid;332.356
20;1;11;from_main_grid;0.0
20;1;11;from_network;332.356
20;1;12;HP;0.0
20;1;12;EB;0.0
20;1;12;from_grid;318.428
20;1;12;from_main_grid;0.0
20;1;12;from_network;318.428
20;1;13;HP;0.0
20;1;13;EB;0.0
20;1;13;from_grid;328.607
20;1;13;from_main_grid;0.0
20;1;13;from_network;328.607
20;1;14;HP;0.0
20;1;14;EB;0.0
20;1;14;from_grid;341.387
20;1;14;from_main_grid;0.0
20;1;14;from_network;341.387
20;1;15;HP;0.0
20;1;15;EB;0.0
20;1;15;from_grid;320.73
20;1;15;from_main_grid;0.0
20;1;15;from_network;320.73
20;1;16;HP;0.0
20;1;16;EB;0.0
20;1;16;from_grid;304.174
20;1;16;from_main_grid;0.0
20;1;16;from_network;304.174
20;1;17;HP;0.0
20;1;17;EB;0.0
20;1;17;from_grid;284.452
20;1;17;from_main_grid;35.055
20;1;17;from_network;249.397
20;1;18;HP;0.0
20;1;18;EB;0.0
20;1;18;from_grid;298.226
20;1;18;from_main_grid;263.63
20;1;18;from_network;34.596
20;1;19;HP;0.0
20;1;19;EB;0.0
20;1;19;from_grid;418.085
20;1;19;from_main_grid;418.085
20;1;19;from_network;0.0
20;1;20;HP;0.0
20;1;20;EB;0.0
20;1;20;from_grid;329.895
20;1;20;from_main_grid;329.895
20;1;20;from_network;0.0
20;1;21;HP;0.0
20;1;21;EB;0.0
20;1;21;from_grid;199.016
20;1;21;from_main_grid;199.016
20;1;21;from_network;0.0
20;1;22;HP;0.0
20;1;22;EB;0.0
20;1;22;from_grid;191.234
20;1;22;from_main_grid;191.234
20;1;22;from_network;0.0
20;1;23;HP;0.0
20;1;23;EB;0.0
20;1;23;from_grid;173.048
20;1;23;from_main_grid;173.048
20;1;23;from_network;0.0
20;1;24;HP;0.0
20;1;24;EB;0.0
20;1;24;from_grid;137.731
20;1;24;from_main_grid;137.731
20;1;24;from_network;0.0
20;1;25;HP;0.0
20;1;25;EB;0.0
20;1;25;from_grid;139.712
20;1;25;from_main_grid;139.712
20;1;25;from_network;0.0
20;1;26;HP;0.0
20;1;26;EB;0.0
20;1;26;from_grid;141.565
20;1;26;from_main_grid;141.565
20;1;26;from_network;0.0
20;1;27;HP;0.0
20;1;27;EB;0.0
20;1;27;from_grid;140.195
20;1;27;from_main_grid;140.195
20;1;27;from_network;0.0
20;1;28;HP;0.0
20;1;28;EB;0.0
20;1;28;from_grid;141.526
20;1;28;from_main_grid;141.526
20;1;28;from_network;0.0
20;1;29;HP;0.0
20;1;29;EB;0.0
20;1;29;from_grid;142.101
20;1;29;from_main_grid;142.101
20;1;29;from_network;0.0
20;1;30;HP;0.0
20;1;30;EB;0.0
20;1;30;from_grid;145.344
20;1;30;from_main_grid;145.344
20;1;30;from_network;0.0
20;1;31;HP;0.0
20;1;31;EB;0.0
20;1;31;from_grid;281.681
20;1;31;from_main_grid;212.513
20;1;31;from_network;69.169
20;1;32;HP;7.191
20;1;32;EB;0.0
20;1;32;from_grid;329.013
20;1;32;from_main_grid;0.0
20;1;32;from_network;329.013
20;1;33;HP;8.251
20;1;33;EB;0.0
20;1;33;from_grid;332.458
20;1;33;from_main_grid;0.0
20;1;33;from_network;332.458
20;1;34;HP;9.909
20;1;34;EB;0.0
20;1;34;from_grid;353.214
20;1;34;from_main_grid;0.0
20;1;34;from_network;353.214
20;1;35;HP;8.753
20;1;35;EB;0.0
20;1;35;from_grid;352.163
20;1;35;from_main_grid;0.0
20;1;35;from_network;352.163
20;1;36;HP;8.483
20;1;36;EB;0.0
20;1;36;from_grid;323.853
20;1;36;from_main_grid;0.0
20;1;36;from_network;323.853
20;1;37;HP;6.7
20;1;37;EB;0.0
20;1;37;from_grid;327.224
20;1;37;from_main_grid;0.0
20;1;37;from_network;327.224
20;1;38;HP;7.519
20;1;38;EB;0.0
20;1;38;from_grid;360.79
20;1;38;from_main_grid;0.0
20;1;38;from_network;360.79
20;1;39;HP;23.803
20;1;39;EB;0.0
20;1;39;from_grid;344.232
20;1;39;from_main_grid;0.0
20;1;39;from_network;344.232
20;1;40;HP;0.0
20;1;40;EB;0.0
20;1;40;from_grid;311.971
20;1;40;from_main_grid;0.0
20;1;40;from_network;311.971
20;1;41;HP;92.6
20;1;41;EB;0.0
20;1;41;from_grid;382.735
20;1;41;from_main_grid;0.0
20;1;41;from_network;382.735
20;1;42;HP;0.0
20;1;42;EB;0.0
20;1;42;from_grid;279.245
20;1;42;from_main_grid;144.395
20;1;42;from_network;134.85
20;1;43;HP;0.0
20;1;43;EB;0.0
20;1;43;from_grid;417.79
20;1;43;from_main_grid;417.79
20;1;43;from_network;0.0
20;1;44;HP;0.0
20;1;44;EB;0.0
20;1;44;from_grid;320.656
20;1;44;from_main_grid;320.656
20;1;44;from_network;0.0
20;1;45;HP;0.0
20;1;45;EB;0.0
20;1;45;from_grid;206.804
20;1;45;from_main_grid;206.804
20;1;45;from_network;0.0
20;1;46;HP;0.0
20;1;46;EB;0.0
20;1;46;from_grid;192.975
20;1;46;from_main_grid;192.975
20;1;46;from_network;0.0
20;1;47;HP;0.0
20;1;47;EB;0.0
20;1;47;from_grid;178.724
20;1;47;from_main_grid;178.724
20;1;47;from_network;0.0
20;1;48;HP;0.0
20;1;48;EB;0.0
20;1;48;from_grid;139.863
20;1;48;from_main_grid;139.863
20;1;48;from_network;0.0
20;1;49;HP;0.0
20;1;49;EB;0.0
20;1;49;from_grid;142.22
20;1;49;from_main_grid;142.22
20;1;49;from_network;0.0
20;1;50;HP;0.0
20;1;50;EB;0.0
20;1;50;from_grid;141.446
20;1;50;from_main_grid;141.446
20;1;50;from_network;0.0
20;1;51;HP;0.0
20;1;51;EB;0.0
20;1;51;from_grid;140.181
20;1;51;from_main_grid;140.181
20;1;51;from_network;0.0
20;1;52;HP;0.0
20;1;52;EB;0.0
20;1;52;from_grid;141.122
20;1;52;from_main_grid;141.122
20;1;52;from_network;0.0
20;1;53;HP;0.0
20;1;53;EB;0.0
20;1;53;from_grid;141.979
20;1;53;from_main_grid;141.979
20;1;53;from_network;0.0
20;1;54;HP;0.0
20;1;54;EB;0.0
20;1;54;from_grid;145.838
20;1;54;from_main_grid;145.838
20;1;54;from_network;0.0
20;1;55;HP;0.0
20;1;55;EB;0.0
20;1;55;from_grid;324.955
20;1;55;from_main_grid;312.511
20;1;55;from_network;12.444
20;1;56;HP;0.0
20;1;56;EB;0.0
20;1;56;from_grid;285.62
20;1;56;from_main_grid;0.0
20;1;56;from_network;285.62
20;1;57;HP;0.0
20;1;57;EB;0.0
20;1;57;from_grid;277.081
20;1;57;from_main_grid;0.0
20;1;57;from_network;277.081
20;1;58;HP;6.638
20;1;58;EB;0.0
20;1;58;from_grid;303.175
20;1;58;from_main_grid;0.0
20;1;58;from_network;303.175
20;1;59;HP;6.903
20;1;59;EB;0.0
20;1;59;from_grid;287.333
20;1;59;from_main_grid;0.0
20;1;59;from_network;287.333
20;1;60;HP;6.292
20;1;60;EB;0.0
20;1;60;from_grid;293.166
20;1;60;from_main_grid;0.0
20;1;60;from_network;293.166
20;1;61;HP;6.429
20;1;61;EB;0.0
20;1;61;from_grid;300.602
20;1;61;from_main_grid;0.0
20;1;61;from_network;300.602
20;1;62;HP;13.403
20;1;62;EB;0.0
20;1;62;from_grid;304.996
20;1;62;from_main_grid;0.0
20;1;62;from_network;304.996
20;1;63;HP;0.0
20;1;63;EB;0.0
20;1;63;from_grid;276.461
20;1;63;from_main_grid;20.365
20;1;63;from_network;256.096
20;1;64;HP;103.3
20;1;64;EB;0.0
20;1;64;from_grid;379.1
20;1;64;from_main_grid;0.0
20;1;64;from_network;379.1
20;1;65;HP;0.0
20;1;65;EB;0.0
20;1;65;from_grid;275.363
20;1;65;from_main_grid;0.0
20;1;65;from_network;275.363
20;1;66;HP;0.0
20;1;66;EB;0.0
20;1;66;from_grid;276.931
20;1;66;from_main_grid;212.187
20;1;66;from_network;64.744
20;1;67;HP;0.0
20;1;67;EB;0.0
20;1;67;from_grid;417.182
20;1;67;from_main_grid;417.182
20;1;67;from_network;0.0
20;1;68;HP;0.0
20;1;68;EB;0.0
20;1;68;from_grid;320.126
20;1;68;from_main_grid;320.126
20;1;68;from_network;0.0
20;1;69;HP;0.0
20;1;69;EB;0.0
20;1;69;from_grid;201.058
20;1;69;from_main_grid;201.058
20;1;69;from_network;0.0
20;1;70;HP;0.0
20;1;70;EB;0.0
20;1;70;from_grid;199.677
20;1;70;from_main_grid;199.677
20;1;70;from_network;0.0
20;1;71;HP;0.0
20;1;71;EB;0.0
20;1;71;from_grid;176.136
20;1;71;from_main_grid;176.136
20;1;71;from_network;0.0
20;1;72;HP;0.0
20;1;72;EB;0.0
20;1;72;from_grid;141.081
20;1;72;from_main_grid;141.081
20;1;72;from_network;0.0
20;1;73;HP;0.0
20;1;73;EB;0.0
20;1;73;from_grid;139.87
20;1;73;from_main_grid;139.87
20;1;73;from_network;0.0
20;1;74;HP;0.0
20;1;74;EB;0.0
20;1;74;from_grid;141.628
20;1;74;from_main_grid;141.628
20;1;74;from_network;0.0
20;1;75;HP;0.0
20;1;75;EB;0.0
20;1;75;from_grid;140.025
20;1;75;from_main_grid;140.025
20;1;75;from_network;0.0
20;1;76;HP;0.0
20;1;76;EB;0.0
20;1;76;from_grid;140.688
20;1;76;from_main_grid;140.688
20;1;76;from_network;0.0
20;1;77;HP;0.0
20;1;77;EB;0.0
20;1;77;from_grid;142.174
20;1;77;from_main_grid;142.174
20;1;77;from_network;0.0
20;1;78;HP;0.0
20;1;78;EB;0.0
20;1;78;from_grid;142.286
20;1;78;from_main_grid;142.286
20;1;78;from_network;0.0
20;1;79;HP;0.0
20;1;79;EB;0.0
20;1;79;from_grid;129.28
20;1;79;from_main_grid;53.899
20;1;79;from_network;75.381
20;1;80;HP;0.0
20;1;80;EB;0.0
20;1;80;from_grid;131.81
20;1;80;from_main_grid;0.0
20;1;80;from_network;131.81
20;1;81;HP;7.485
20;1;81;EB;0.0
20;1;81;from_grid;144.114
20;1;81;from_main_grid;0.0
20;1;81;from_network;144.114
20;1;82;HP;5.958
20;1;82;EB;0.0
20;1;82;from_grid;153.715
20;1;82;from_main_grid;0.0
20;1;82;from_network;153.715
20;1;83;HP;7.536
20;1;83;EB;0.0
20;1;83;from_grid;150.311
20;1;83;from_main_grid;0.0
20;1;83;from_network;150.311
20;1;84;HP;7.107
20;1;84;EB;0.0
20;1;84;from_grid;147.269
20;1;84;from_main_grid;0.0
20;1;84;from_network;147.269
20;1;85;HP;6.173
20;1;85;EB;0.0
20;1;85;from_grid;153.251
20;1;85;from_main_grid;0.0
20;1;85;from_network;153.251
20;1;86;HP;6.04
20;1;86;EB;0.0
20;1;86;from_grid;149.491
20;1;86;from_main_grid;0.0
20;1;86;from_network;149.491
20;1;87;HP;120.806
20;1;87;EB;0.0
20;1;87;from_grid;258.985
20;1;87;from_main_grid;0.0
20;1;87;from_network;258.985
20;1;88;HP;0.0
20;1;88;EB;0.0
20;1;88;from_grid;138.332
20;1;88;from_main_grid;0.0
20;1;88;from_network;138.332
20;1;89;HP;0.0
20;1;89;EB;0.0
20;1;89;from_grid;143.027
20;1;89;from_main_grid;0.0
20;1;89;from_network;143.027
20;1;90;HP;0.0
20;1;90;EB;0.0
20;1;90;from_grid;136.259
20;1;90;from_main_grid;7.744
20;1;90;from_network;128.516
20;1;91;HP;0.0
20;1;91;EB;0.0
20;1;91;from_grid;216.486
20;1;91;from_main_grid;216.486
20;1;91;from_network;0.0
20;1;92;HP;0.0
20;1;92;EB;0.0
20;1;92;from_grid;217.115
20;1;92;from_main_grid;217.115
20;1;92;from_network;0.0
20;1;93;HP;0.0
20;1;93;EB;0.0
20;1;93;from_grid;203.757
20;1;93;from_main_grid;203.757
20;1;93;from_network;0.0
20;1;94;HP;0.0
20;1;94;EB;0.0
20;1;94;from_grid;197.32
20;1;94;from_main_grid;197.32
20;1;94;from_network;0.0
20;1;95;HP;0.0
20;1;95;EB;0.0
20;1;95;from_grid;170.575
20;1;95;from_main_grid;170.575
20;1;95;from_network;0.0
20;1;96;HP;0.0
20;1;96;EB;0.0
20;1;96;from_grid;139.207
20;1;96;from_main_grid;139.207
20;1;96;from_network;0.0
20;1;97;HP;0.0
20;1;97;EB;0.0
20;1;97;from_grid;143.966
20;1;97;from_main_grid;143.966
20;1;97;from_network;0.0
20;1;98;HP;0.0
20;1;98;EB;0.0
20;1;98;from_grid;141.496
20;1;98;from_main_grid;141.496
20;1;98;from_network;0.0
20;1;99;HP;0.0
20;1;99;EB;0.0
20;1;99;from_grid;140.971
20;1;99;from_main_grid;140.971
20;1;99;from_network;0.0
20;1;100;HP;0.0
20;1;100;EB;0.0
20;1;100;from_grid;140.98
20;1;100;from_main_grid;140.98
20;1;100;from_network;0.0
20;1;101;HP;0.0
20;1;101;EB;0.0
20;1;101;from_grid;145.436
20;1;101;from_main_grid;145.436
20;1;101;from_network;0.0
20;1;102;HP;0.0
20;1;102;EB;0.0
20;1;102;from_grid;144.895
20;1;102;from_main_grid;144.895
20;1;102;from_network;0.0
20;1;103;HP;0.0
20;1;103;EB;0.0
20;1;103;from_grid;307.568
20;1;103;from_main_grid;235.245
20;1;103;from_network;72.322
20;1;104;HP;0.0
20;1;104;EB;0.0
20;1;104;from_grid;290.08
20;1;104;from_main_grid;34.231
20;1;104;from_network;255.849
20;1;105;HP;0.0
20;1;105;EB;0.0
20;1;105;from_grid;339.127
20;1;105;from_main_grid;53.446
20;1;105;from_network;285.681
20;1;106;HP;12.049
20;1;106;EB;0.0
20;1;106;from_grid;365.771
20;1;106;from_main_grid;0.0
20;1;106;from_network;365.771
20;1;107;HP;9.339
20;1;107;EB;0.0
20;1;107;from_grid;363.933
20;1;107;from_main_grid;0.0
20;1;107;from_network;363.933
20;1;108;HP;9.258
20;1;108;EB;0.0
20;1;108;from_grid;346.846
20;1;108;from_main_grid;0.0
20;1;108;from_network;346.846
20;1;109;HP;8.334
20;1;109;EB;0.0
20;1;109;from_grid;340.49
20;1;109;from_main_grid;0.0
20;1;109;from_network;340.49
20;1;110;HP;7.38
20;1;110;EB;0.0
20;1;110;from_grid;364.226
20;1;110;from_main_grid;0.0
20;1;110;from_network;364.226
20;1;111;HP;53.365
20;1;111;EB;0.0
20;1;111;from_grid;376.886
20;1;111;from_main_grid;0.0
20;1;111;from_network;376.886
20;1;112;HP;61.237
20;1;112;EB;0.0
20;1;112;from_grid;377.79
20;1;112;from_main_grid;0.0
20;1;112;from_network;377.79
20;1;113;HP;0.0
20;1;113;EB;0.0
20;1;113;from_grid;288.506
20;1;113;from_main_grid;16.576
20;1;113;from_network;271.93
20;1;114;HP;0.0
20;1;114;EB;0.0
20;1;114;from_grid;285.572
20;1;114;from_main_grid;181.751
20;1;114;from_network;103.821
20;1;115;HP;0.0
20;1;115;EB;0.0
20;1;115;from_grid;435.165
20;1;115;from_main_grid;435.165
20;1;115;from_network;0.0
20;1;116;HP;0.0
20;1;116;EB;0.0
20;1;116;from_grid;315.783
20;1;116;from_main_grid;315.783
20;1;116;from_network;0.0
20;1;117;HP;0.0
20;1;117;EB;0.0
20;1;117;from_grid;215.286
20;1;117;from_main_grid;215.286
20;1;117;from_network;0.0
20;1;118;HP;0.0
20;1;118;EB;0.0
20;1;118;from_grid;196.009
20;1;118;from_main_grid;196.009
20;1;118;from_network;0.0
20;1;119;HP;0.0
20;1;119;EB;0.0
20;1;119;from_grid;170.037
20;1;119;from_main_grid;170.037
20;1;119;from_network;0.0
20;1;120;HP;0.0
20;1;120;EB;0.0
20;1;120;from_grid;138.708
20;1;120;from_main_grid;138.708
20;1;120;from_network;0.0
20;1;121;HP;0.0
20;1;121;EB;0.0
20;1;121;from_grid;143.878
20;1;121;from_main_grid;143.878
20;1;121;from_network;0.0
20;1;122;HP;0.0
20;1;122;EB;0.0
20;1;122;from_grid;142.194
20;1;122;from_main_grid;142.194
20;1;122;from_network;0.0
20;1;123;HP;0.0
20;1;123;EB;0.0
20;1;123;from_grid;141.333
20;1;123;from_main_grid;141.333
20;1;123;from_network;0.0
20;1;124;HP;0.0
20;1;124;EB;0.0
20;1;124;from_grid;140.624
20;1;124;from_main_grid;140.624
20;1;124;from_network;0.0
20;1;125;HP;0.0
20;1;125;EB;0.0
20;1;125;from_grid;138.629
20;1;125;from_main_grid;138.629
20;1;125;from_network;0.0
20;1;126;HP;0.0
20;1;126;EB;0.0
20;1;126;from_grid;146.199
20;1;126;from_main_grid;146.199
20;1;126;from_network;0.0
20;1;127;HP;0.0
20;1;127;EB;0.0
20;1;127;from_grid;361.921
20;1;127;from_main_grid;357.343
20;1;127;from_network;4.578
20;1;128;HP;0.0
20;1;128;EB;0.0
20;1;128;from_grid;319.205
20;1;128;from_main_grid;0.0
20;1;128;from_network;319.205
20;1;129;HP;10.26
20;1;129;EB;0.0
20;1;129;from_grid;350.942
20;1;129;from_main_grid;0.0
20;1;129;from_network;350.942
20;1;130;HP;10.382
20;1;130;EB;0.0
20;1;130;from_grid;356.731
20;1;130;from_main_grid;0.0
20;1;130;from_network;356.731
20;1;131;HP;8.494
20;1;131;EB;0.0
20;1;131;from_grid;353.627
20;1;131;from_main_grid;0.0
20;1;131;from_network;353.627
20;1;132;HP;9.172
20;1;132;EB;0.0
20;1;132;from_grid;335.351
20;1;132;from_main_grid;0.0
20;1;132;from_network;335.351
20;1;133;HP;7.753
20;1;133;EB;0.0
20;1;133;from_grid;346.842
20;1;133;from_main_grid;0.0
20;1;133;from_network;346.842
20;1;134;HP;7.815
20;1;134;EB;0.0
20;1;134;from_grid;360.841
20;1;134;from_main_grid;0.0
20;1;134;from_network;360.841
20;1;135;HP;8.245
20;1;135;EB;0.0
20;1;135;from_grid;333.856
20;1;135;from_main_grid;0.0
20;1;135;from_network;333.856
20;1;136;HP;62.642
20;1;136;EB;0.0
20;1;136;from_grid;372.845
20;1;136;from_main_grid;0.0
20;1;136;from_network;372.845
20;1;137;HP;40.308
20;1;137;EB;0.0
20;1;137;from_grid;336.007
20;1;137;from_main_grid;0.0
20;1;137;from_network;336.007
20;1;138;HP;0.0
20;1;138;EB;0.0
20;1;138;from_grid;279.307
20;1;138;from_main_grid;177.524
20;1;138;from_network;101.783
20;1;139;HP;0.0
20;1;139;EB;0.0
20;1;139;from_grid;412.788
20;1;139;from_main_grid;412.788
20;1;139;from_network;0.0
20;1;140;HP;0.0
20;1;140;EB;0.0
20;1;140;from_grid;331.097
20;1;140;from_main_grid;331.097
20;1;140;from_network;0.0
20;1;141;HP;0.0
20;1;141;EB;0.0
20;1;141;from_grid;205.919
20;1;141;from_main_grid;205.919
20;1;141;from_network;0.0
20;1;142;HP;0.0
20;1;142;EB;0.0
20;1;142;from_grid;196.643
20;1;142;from_main_grid;196.643
20;1;142;from_network;0.0
20;1;143;HP;0.0
20;1;143;EB;0.0
20;1;143;from_grid;190.07
20;1;143;from_main_grid;190.07
20;1;143;from_network;0.0
20;1;144;HP;0.0
20;1;144;EB;0.0
20;1;144;from_grid;137.15
20;1;144;from_main_grid;137.15
20;1;144;from_network;0.0
20;1;145;HP;0.0
20;1;145;EB;0.0
20;1;145;from_grid;139.893
20;1;145;from_main_grid;139.893
20;1;145;from_network;0.0
20;1;146;HP;0.0
20;1;146;EB;0.0
20;1;146;from_grid;141.133
20;1;146;from_main_grid;141.133
20;1;146;from_network;0.0
20;1;147;HP;0.0
20;1;147;EB;0.0
20;1;147;from_grid;143.96
20;1;147;from_main_grid;143.96
20;1;147;from_network;0.0
20;1;148;HP;0.0
20;1;148;EB;0.0
20;1;148;from_grid;139.296
20;1;148;from_main_grid;139.296
20;1;148;from_network;0.0
20;1;149;HP;0.0
20;1;149;EB;0.0
20;1;149;from_grid;140.859
20;1;149;from_main_grid;140.859
20;1;149;from_network;0.0
20;1;150;HP;0.0
20;1;150;EB;0.0
20;1;150;from_grid;147.599
20;1;150;from_main_grid;147.599
20;1;150;from_network;0.0
20;1;151;HP;0.0
20;1;151;EB;0.0
20;1;151;from_grid;322.433
20;1;151;from_main_grid;274.0
20;1;151;from_network;48.433
20;1;152;HP;0.0
20;1;152;EB;0.0
20;1;152;from_grid;319.858
20;1;152;from_main_grid;0.0
20;1;152;from_network;319.858
20;1;153;HP;9.968
20;1;153;EB;0.0
20;1;153;from_grid;339.045
20;1;153;from_main_grid;0.0
20;1;153;from_network;339.045
20;1;154;HP;10.153
20;1;154;EB;0.0
20;1;154;from_grid;361.788
20;1;154;from_main_grid;0.0
20;1;154;from_network;361.788
20;1;155;HP;9.069
20;1;155;EB;0.0
20;1;155;from_grid;354.386
20;1;155;from_main_grid;0.0
20;1;155;from_network;354.386
20;1;156;HP;9.96
20;1;156;EB;0.0
20;1;156;from_grid;336.512
20;1;156;from_main_grid;0.0
20;1;156;from_network;336.512
20;1;157;HP;7.769
20;1;157;EB;0.0
20;1;157;from_grid;336.75
20;1;157;from_main_grid;0.0
20;1;157;from_network;336.75
20;1;158;HP;8.147
20;1;158;EB;0.0
20;1;158;from_grid;339.167
20;1;158;from_main_grid;0.0
20;1;158;from_network;339.167
20;1;159;HP;196.917
20;1;159;EB;0.0
20;1;159;from_grid;516.573
20;1;159;from_main_grid;0.0
20;1;159;from_network;516.573
20;1;160;HP;0.0
20;1;160;EB;0.0
20;1;160;from_grid;310.695
20;1;160;from_main_grid;0.0
20;1;160;from_network;310.695
20;1;161;HP;98.147
20;1;161;EB;0.0
20;1;161;from_grid;394.787
20;1;161;from_main_grid;0.0
20;1;161;from_network;394.787
20;1;162;HP;0.0
20;1;162;EB;0.0
20;1;162;from_grid;284.153
20;1;162;from_main_grid;168.819
20;1;162;from_network;115.333
20;1;163;HP;0.0
20;1;163;EB;0.0
20;1;163;from_grid;424.05
20;1;163;from_main_grid;424.05
20;1;163;from_network;0.0
20;1;164;HP;0.0
20;1;164;EB;0.0
20;1;164;from_grid;326.323
20;1;164;from_main_grid;326.323
20;1;164;from_network;0.0
20;1;165;HP;0.0
20;1;165;EB;0.0
20;1;165;from_grid;195.09
20;1;165;from_main_grid;195.09
20;1;165;from_network;0.0
20;1;166;HP;0.0
20;1;166;EB;0.0
20;1;166;from_grid;183.67
20;1;166;from_main_grid;183.67
20;1;166;from_network;0.0
20;1;167;HP;0.0
20;1;167;EB;0.0
20;1;167;from_grid;168.527
20;1;167;from_main_grid;168.527
20;1;167;from_network;0.0
20;2;0;HP;330.884
20;2;0;EB;0.0
20;2;0;from_grid;470.025
20;2;0;from_main_grid;470.025
20;2;0;from_network;0.0
20;2;1;HP;338.057
20;2;1;EB;0.0
20;2;1;from_grid;478.932
20;2;1;from_main_grid;478.932
20;2;1;from_network;0.0
20;2;2;HP;0.0
20;2;2;EB;0.0
20;2;2;from_grid;140.493
20;2;2;from_main_grid;140.493
20;2;2;from_network;0.0
20;2;3;HP;0.0
20;2;3;EB;0.0
20;2;3;from_grid;141.614
20;2;3;from_main_grid;141.614
20;2;3;from_network;0.0
20;2;4;HP;0.0
20;2;4;EB;0.0
20;2;4;from_grid;141.023
20;2;4;from_main_grid;141.023
20;2;4;from_network;0.0
20;2;5;HP;0.0
20;2;5;EB;0.0
20;2;5;from_grid;140.519
20;2;5;from_main_grid;140.519
20;2;5;from_network;0.0
20;2;6;HP;0.0
20;2;6;EB;0.0
20;2;6;from_grid;147.377
20;2;6;from_main_grid;147.377
20;2;6;from_network;0.0
20;2;7;HP;89.29
20;2;7;EB;0.0
20;2;7;from_grid;490.517
20;2;7;from_main_grid;445.973
20;2;7;from_network;44.545
20;2;8;HP;121.771
20;2;8;EB;0.0
20;2;8;from_grid;433.204
20;2;8;from_main_grid;0.0
20;2;8;from_network;433.204
20;2;9;HP;94.942
20;2;9;EB;0.0
20;2;9;from_grid;422.341
20;2;9;from_main_grid;0.0
20;2;9;from_network;422.341
20;2;10;HP;159.663
20;2;10;EB;0.0
20;2;10;from_grid;506.398
20;2;10;from_main_grid;0.0
20;2;10;from_network;506.398
20;2;11;HP;296.897
20;2;11;EB;0.0
20;2;11;from_grid;630.271
20;2;11;from_main_grid;0.0
20;2;11;from_network;630.271
20;2;12;HP;286.193
20;2;12;EB;0.0
20;2;12;from_grid;611.584
20;2;12;from_main_grid;0.0
20;2;12;from_network;611.584
20;2;13;HP;279.063
20;2;13;EB;0.0
20;2;13;from_grid;609.261
20;2;13;from_main_grid;0.0
20;2;13;from_network;609.261
20;2;14;HP;276.391
20;2;14;EB;0.0
20;2;14;from_grid;625.215
20;2;14;from_main_grid;0.0
20;2;14;from_network;625.215
20;2;15;HP;218.498
20;2;15;EB;0.0
20;2;15;from_grid;542.82
20;2;15;from_main_grid;0.0
20;2;15;from_network;542.82
20;2;16;HP;205.441
20;2;16;EB;0.0
20;2;16;from_grid;515.905
20;2;16;from_main_grid;0.0
20;2;16;from_network;515.905
20;2;17;HP;0.0
20;2;17;EB;0.0
20;2;17;from_grid;300.836
20;2;17;from_main_grid;0.0
20;2;17;from_network;300.836
20;2;18;HP;0.0
20;2;18;EB;0.0
20;2;18;from_grid;373.542
20;2;18;from_main_grid;358.122
20;2;18;from_network;15.42
20;2;19;HP;0.0
20;2;19;EB;0.0
20;2;19;from_grid;424.906
20;2;19;from_main_grid;424.906
20;2;19;from_network;0.0
20;2;20;HP;0.0
20;2;20;EB;0.0
20;2;20;from_grid;326.406
20;2;20;from_main_grid;326.406
20;2;20;from_network;0.0
20;2;21;HP;0.0
20;2;21;EB;0.0
20;2;21;from_grid;205.027
20;2;21;from_main_grid;205.027
20;2;21;from_network;0.0
20;2;22;HP;0.0
20;2;22;EB;0.0
20;2;22;from_grid;199.037
20;2;22;from_main_grid;199.037
20;2;22;from_network;0.0
20;2;23;HP;0.0
20;2;23;EB;0.0
20;2;23;from_grid;179.573
20;2;23;from_main_grid;179.573
20;2;23;from_network;0.0
20;2;24;HP;0.0
20;2;24;EB;0.0
20;2;24;from_grid;135.629
20;2;24;from_main_grid;135.629
20;2;24;from_network;0.0
20;2;25;HP;0.0
20;2;25;EB;0.0
20;2;25;from_grid;143.648
20;2;25;from_main_grid;143.648
20;2;25;from_network;0.0
20;2;26;HP;0.0
20;2;26;EB;0.0
20;2;26;from_grid;141.031
20;2;26;from_main_grid;141.031
20;2;26;from_network;0.0
20;2;27;HP;0.0
20;2;27;EB;0.0
20;2;27;from_grid;146.909
20;2;27;from_main_grid;146.909
20;2;27;from_network;0.0
20;2;28;HP;0.0
20;2;28;EB;0.0
20;2;28;from_grid;139.867
20;2;28;from_main_grid;139.867
20;2;28;from_network;0.0
20;2;29;HP;0.0
20;2;29;EB;0.0
20;2;29;from_grid;141.401
20;2;29;from_main_grid;141.401
20;2;29;from_network;0.0
20;2;30;HP;0.0
20;2;30;EB;0.0
20;2;30;from_grid;148.999
20;2;30;from_main_grid;148.999
20;2;30;from_network;0.0
20;2;31;HP;0.0
20;2;31;EB;0.0
20;2;31;from_grid;387.572
20;2;31;from_main_grid;341.327
20;2;31;from_network;46.245
20;2;32;HP;0.0
20;2;32;EB;0.0
20;2;32;from_grid;323.647
20;2;32;from_main_grid;0.0
20;2;32;from_network;323.647
20;2;33;HP;83.413
20;2;33;EB;0.0
20;2;33;from_grid;406.397
20;2;33;from_main_grid;0.0
20;2;33;from_network;406.397
20;2;34;HP;55.972
20;2;34;EB;0.0
20;2;34;from_grid;408.593
20;2;34;from_main_grid;0.0
20;2;34;from_network;408.593
20;2;35;HP;39.026
20;2;35;EB;0.0
20;2;35;from_grid;380.991
20;2;35;from_main_grid;0.0
20;2;35;from_network;380.991
20;2;36;HP;269.269
20;2;36;EB;0.0
20;2;36;from_grid;596.067
20;2;36;from_main_grid;0.0
20;2;36;from_network;596.067
20;2;37;HP;267.489
20;2;37;EB;0.0
20;2;37;from_grid;597.951
20;2;37;from_main_grid;0.0
20;2;37;from_network;597.951
20;2;38;HP;262.02
20;2;38;EB;0.0
20;2;38;from_grid;612.689
20;2;38;from_main_grid;0.0
20;2;38;from_network;612.689
20;2;39;HP;266.272
20;2;39;EB;0.0
20;2;39;from_grid;591.696
20;2;39;from_main_grid;0.0
20;2;39;from_network;591.696
20;2;40;HP;210.006
20;2;40;EB;0.0
20;2;40;from_grid;521.001
20;2;40;from_main_grid;0.0
20;2;40;from_network;521.001
20;2;41;HP;0.0
20;2;41;EB;0.0
20;2;41;from_grid;301.715
20;2;41;from_main_grid;101.17
20;2;41;from_network;200.545
20;2;42;HP;0.0
20;2;42;EB;0.0
20;2;42;from_grid;385.606
20;2;42;from_main_grid;385.606
20;2;42;from_network;0.0
20;2;43;HP;0.0
20;2;43;EB;0.0
20;2;43;from_grid;422.38
20;2;43;from_main_grid;422.38
20;2;43;from_network;0.0
20;2;44;HP;0.0
20;2;44;EB;0.0
20;2;44;from_grid;339.174
20;2;44;from_main_grid;339.174
20;2;44;from_network;0.0
20;2;45;HP;0.0
20;2;45;EB;0.0
20;2;45;from_grid;202.295
20;2;45;from_main_grid;202.295
20;2;45;from_network;0.0
20;2;46;HP;0.0
20;2;46;EB;0.0
20;2;46;from_grid;199.889
20;2;46;from_main_grid;199.889
20;2;46;from_network;0.0
20;2;47;HP;0.0
20;2;47;EB;0.0
20;2;47;from_grid;177.279
20;2;47;from_main_grid;177.279
20;2;47;from_network;0.0
20;2;48;HP;0.0
20;2;48;EB;0.0
20;2;48;from_grid;140.082
20;2;48;from_main_grid;140.082
20;2;48;from_network;0.0
20;2;49;HP;0.0
20;2;49;EB;0.0
20;2;49;from_grid;144.86
20;2;49;from_main_grid;144.86
20;2;49;from_network;0.0
20;2;50;HP;0.0
20;2;50;EB;0.0
20;2;50;from_grid;141.805
20;2;50;from_main_grid;141.805
20;2;50;from_network;0.0
20;2;51;HP;0.0
20;2;51;EB;0.0
20;2;51;from_grid;141.228
20;2;51;from_main_grid;141.228
20;2;51;from_network;0.0
20;2;52;HP;0.0
20;2;52;EB;0.0
20;2;52;from_grid;138.644
20;2;52;from_main_grid;138.644
20;2;52;from_network;0.0
20;2;53;HP;0.0
20;2;53;EB;0.0
20;2;53;from_grid;139.493
20;2;53;from_main_grid;139.493
20;2;53;from_network;0.0
20;2;54;HP;0.0
20;2;54;EB;0.0
20;2;54;from_grid;142.73
20;2;54;from_main_grid;142.73
20;2;54;from_network;0.0
20;2;55;HP;0.0
20;2;55;EB;0.0
20;2;55;from_grid;375.908
20;2;55;from_main_grid;375.908
20;2;55;from_network;0.0
20;2;56;HP;0.0
20;2;56;EB;0.0
20;2;56;from_grid;354.634
20;2;56;from_main_grid;330.583
20;2;56;from_network;24.05
20;2;57;HP;0.0
20;2;57;EB;0.0
20;2;57;from_grid;300.077
20;2;57;from_main_grid;180.783
20;2;57;from_network;119.293
20;2;58;HP;0.0
20;2;58;EB;0.0
20;2;58;from_grid;323.467
20;2;58;from_main_grid;233.298
20;2;58;from_network;90.169
20;2;59;HP;0.0
20;2;59;EB;0.0
20;2;59;from_grid;296.557
20;2;59;from_main_grid;189.616
20;2;59;from_network;106.941
20;2;60;HP;0.0
20;2;60;EB;0.0
20;2;60;from_grid;288.69
20;2;60;from_main_grid;85.979
20;2;60;from_network;202.711
20;2;61;HP;0.0
20;2;61;EB;0.0
20;2;61;from_grid;286.372
20;2;61;from_main_grid;75.65
20;2;61;from_network;210.723
20;2;62;HP;0.0
20;2;62;EB;0.0
20;2;62;from_grid;296.592
20;2;62;from_main_grid;31.973
20;2;62;from_network;264.62
20;2;63;HP;0.0
20;2;63;EB;0.0
20;2;63;from_grid;283.913
20;2;63;from_main_grid;17.175
20;2;63;from_network;266.739
20;2;64;HP;0.0
20;2;64;EB;0.0
20;2;64;from_grid;293.481
20;2;64;from_main_grid;176.789
20;2;64;from_network;116.692
20;2;65;HP;0.0
20;2;65;EB;0.0
20;2;65;from_grid;339.236
20;2;65;from_main_grid;289.572
20;2;65;from_network;49.664
20;2;66;HP;0.0
20;2;66;EB;0.0
20;2;66;from_grid;407.754
20;2;66;from_main_grid;407.754
20;2;66;from_network;0.0
20;2;67;HP;0.0
20;2;67;EB;0.0
20;2;67;from_grid;426.945
20;2;67;from_main_grid;426.945
20;2;67;from_network;0.0
20;2;68;HP;0.0
20;2;68;EB;0.0
20;2;68;from_grid;322.845
20;2;68;from_main_grid;322.845
20;2;68;from_network;0.0
20;2;69;HP;0.0
20;2;69;EB;0.0
20;2;69;from_grid;202.863
20;2;69;from_main_grid;202.863
20;2;69;from_network;0.0
20;2;70;HP;0.0
20;2;70;EB;0.0
20;2;70;from_grid;199.447
20;2;70;from_main_grid;199.447
20;2;70;from_network;0.0
20;2;71;HP;0.0
20;2;71;EB;0.0
20;2;71;from_grid;167.515
20;2;71;from_main_grid;167.515
20;2;71;from_network;0.0
20;2;72;HP;0.0
20;2;72;EB;0.0
20;2;72;from_grid;139.675
20;2;72;from_main_grid;139.675
20;2;72;from_network;0.0
20;2;73;HP;0.0
20;2;73;EB;0.0
20;2;73;from_grid;144.03
20;2;73;from_main_grid;144.03
20;2;73;from_network;0.0
20;2;74;HP;0.0
20;2;74;EB;0.0
20;2;74;from_grid;140.546
20;2;74;from_main_grid;140.546
20;2;74;from_network;0.0
20;2;75;HP;0.0
20;2;75;EB;0.0
20;2;75;from_grid;142.106
20;2;75;from_main_grid;142.106
20;2;75;from_network;0.0
20;2;76;HP;0.0
20;2;76;EB;0.0
20;2;76;from_grid;139.135
20;2;76;from_main_grid;139.135
20;2;76;from_network;0.0
20;2;77;HP;0.0
20;2;77;EB;0.0
20;2;77;from_grid;139.833
20;2;77;from_main_grid;139.833
20;2;77;from_network;0.0
20;2;78;HP;0.0
20;2;78;EB;0.0
20;2;78;from_grid;145.338
20;2;78;from_main_grid;145.338
20;2;78;from_network;0.0
20;2;79;HP;0.0
20;2;79;EB;0.0
20;2;79;from_grid;154.103
20;2;79;from_main_grid;107.828
20;2;79;from_network;46.275
20;2;80;HP;107.365
20;2;80;EB;0.0
20;2;80;from_grid;236.999
20;2;80;from_main_grid;0.0
20;2;80;from_network;236.999
20;2;81;HP;49.131
20;2;81;EB;0.0
20;2;81;from_grid;185.05
20;2;81;from_main_grid;0.0
20;2;81;from_network;185.05
20;2;82;HP;32.082
20;2;82;EB;0.0
20;2;82;from_grid;186.182
20;2;82;from_main_grid;0.0
20;2;82;from_network;186.182
20;2;83;HP;302.255
20;2;83;EB;0.0
20;2;83;from_grid;444.888
20;2;83;from_main_grid;0.0
20;2;83;from_network;444.888
20;2;84;HP;293.328
20;2;84;EB;0.0
20;2;84;from_grid;431.315
20;2;84;from_main_grid;0.0
20;2;84;from_network;431.315
20;2;85;HP;287.084
20;2;85;EB;0.0
20;2;85;from_grid;429.665
20;2;85;from_main_grid;0.0
20;2;85;from_network;429.665
20;2;86;HP;282.627
20;2;86;EB;0.0
20;2;86;from_grid;430.914
20;2;86;from_main_grid;0.0
20;2;86;from_network;430.914
20;2;87;HP;282.627
20;2;87;EB;0.0
20;2;87;from_grid;421.419
20;2;87;from_main_grid;55.18
20;2;87;from_network;366.238
20;2;88;HP;104.783
20;2;88;EB;0.0
20;2;88;from_grid;243.956
20;2;88;from_main_grid;0.0
20;2;88;from_network;243.956
20;2;89;HP;285.301
20;2;89;EB;0.0
20;2;89;from_grid;430.121
20;2;89;from_main_grid;246.05
20;2;89;from_network;184.07
20;2;90;HP;0.0
20;2;90;EB;0.0
20;2;90;from_grid;195.654
20;2;90;from_main_grid;195.654
20;2;90;from_network;0.0
20;2;91;HP;0.0
20;2;91;EB;0.0
20;2;91;from_grid;215.345
20;2;91;from_main_grid;215.345
20;2;91;from_network;0.0
20;2;92;HP;0.0
20;2;92;EB;0.0
20;2;92;from_grid;211.213
20;2;92;from_main_grid;211.213
20;2;92;from_network;0.0
20;2;93;HP;0.0
20;2;93;EB;0.0
20;2;93;from_grid;208.921
20;2;93;from_main_grid;208.921
20;2;93;from_network;0.0
20;2;94;HP;57.687
20;2;94;EB;0.0
20;2;94;from_grid;244.377
20;2;94;from_main_grid;244.377
20;2;94;from_network;0.0
20;2;95;HP;0.0
20;2;95;EB;0.0
20;2;95;from_grid;178.825
20;2;95;from_main_grid;178.825
20;2;95;from_network;0.0
20;2;96;HP;0.0
20;2;96;EB;0.0
20;2;96;from_grid;137.013
20;2;96;from_main_grid;137.013
20;2;96;from_network;0.0
20;2;97;HP;0.0
20;2;97;EB;0.0
20;2;97;from_grid;139.487
20;2;97;from_main_grid;139.487
20;2;97;from_network;0.0
20;2;98;HP;0.0
20;2;98;EB;0.0
20;2;98;from_grid;138.846
20;2;98;from_main_grid;138.846
20;2;98;from_network;0.0
20;2;99;HP;0.0
20;2;99;EB;0.0
20;2;99;from_grid;142.762
20;2;99;from_main_grid;142.762
20;2;99;from_network;0.0
20;2;100;HP;0.0
20;2;100;EB;0.0
20;2;100;from_grid;136.677
20;2;100;from_main_grid;136.677
20;2;100;from_network;0.0
20;2;101;HP;0.0
20;2;101;EB;0.0
20;2;101;from_grid;140.519
20;2;101;from_main_grid;140.519
20;2;101;from_network;0.0
20;2;102;HP;0.0
20;2;102;EB;0.0
20;2;102;from_grid;143.483
20;2;102;from_main_grid;143.483
20;2;102;from_network;0.0
20;2;103;HP;0.0
20;2;103;EB;0.0
20;2;103;from_grid;406.911
20;2;103;from_main_grid;388.542
20;2;103;from_network;18.37
20;2;104;HP;174.54
20;2;104;EB;0.0
20;2;104;from_grid;480.767
20;2;104;from_main_grid;74.604
20;2;104;from_network;406.163
20;2;105;HP;166.203
20;2;105;EB;0.0
20;2;105;from_grid;503.609
20;2;105;from_main_grid;0.0
20;2;105;from_network;503.609
20;2;106;HP;304.041
20;2;106;EB;0.0
20;2;106;from_grid;644.162
20;2;106;from_main_grid;0.0
20;2;106;from_network;644.162
20;2;107;HP;291.543
20;2;107;EB;0.0
20;2;107;from_grid;644.544
20;2;107;from_main_grid;0.0
20;2;107;from_network;644.544
20;2;108;HP;280.845
20;2;108;EB;0.0
20;2;108;from_grid;615.205
20;2;108;from_main_grid;0.0
20;2;108;from_network;615.205
20;2;109;HP;278.172
20;2;109;EB;0.0
20;2;109;from_grid;611.774
20;2;109;from_main_grid;0.0
20;2;109;from_network;611.774
20;2;110;HP;278.172
20;2;110;EB;0.0
20;2;110;from_grid;629.622
20;2;110;from_main_grid;0.0
20;2;110;from_network;629.622
20;2;111;HP;31.005
20;2;111;EB;0.0
20;2;111;from_grid;353.964
20;2;111;from_main_grid;0.0
20;2;111;from_network;353.964
20;2;112;HP;0.0
20;2;112;EB;0.0
20;2;112;from_grid;313.237
20;2;112;from_main_grid;132.805
20;2;112;from_network;180.432
20;2;113;HP;0.0
20;2;113;EB;0.0
20;2;113;from_grid;320.224
20;2;113;from_main_grid;192.08
20;2;113;from_network;128.144
20;2;114;HP;0.0
20;2;114;EB;0.0
20;2;114;from_grid;399.84
20;2;114;from_main_grid;399.84
20;2;114;from_network;0.0
20;2;115;HP;0.0
20;2;115;EB;0.0
20;2;115;from_grid;420.295
20;2;115;from_main_grid;420.295
20;2;115;from_network;0.0
20;2;116;HP;0.0
20;2;116;EB;0.0
20;2;116;from_grid;338.419
20;2;116;from_main_grid;338.419
20;2;116;from_network;0.0
20;2;117;HP;0.0
20;2;117;EB;0.0
20;2;117;from_grid;197.599
20;2;117;from_main_grid;197.599
20;2;117;from_network;0.0
20;2;118;HP;0.0
20;2;118;EB;0.0
20;2;118;from_grid;190.182
20;2;118;from_main_grid;190.182
20;2;118;from_network;0.0
20;2;119;HP;0.0
20;2;119;EB;0.0
20;2;119;from_grid;172.154
20;2;119;from_main_grid;172.154
20;2;119;from_network;0.0
20;2;120;HP;0.0
20;2;120;EB;0.0
20;2;120;from_grid;138.075
20;2;120;from_main_grid;138.075
20;2;120;from_network;0.0
20;2;121;HP;0.0
20;2;121;EB;0.0
20;2;121;from_grid;144.109
20;2;121;from_main_grid;144.109
20;2;121;from_network;0.0
20;2;122;HP;0.0
20;2;122;EB;0.0
20;2;122;from_grid;140.111
20;2;122;from_main_grid;140.111
20;2;122;from_network;0.0
20;2;123;HP;0.0
20;2;123;EB;0.0
20;2;123;from_grid;144.668
20;2;123;from_main_grid;144.668
20;2;123;from_network;0.0
20;2;124;HP;0.0
20;2;124;EB;0.0
20;2;124;from_grid;142.918
20;2;124;from_main_grid;142.918
20;2;124;from_network;0.0
20;2;125;HP;23.852
20;2;125;EB;0.0
20;2;125;from_grid;166.225
20;2;125;from_main_grid;166.225
20;2;125;from_network;0.0
20;2;126;HP;96.545
20;2;126;EB;0.0
20;2;126;from_grid;243.177
20;2;126;from_main_grid;243.177
20;2;126;from_network;0.0
20;2;127;HP;73.662
20;2;127;EB;0.0
20;2;127;from_grid;496.369
20;2;127;from_main_grid;496.369
20;2;127;from_network;0.0
20;2;128;HP;62.874
20;2;128;EB;0.0
20;2;128;from_grid;434.396
20;2;128;from_main_grid;356.006
20;2;128;from_network;78.39
20;2;129;HP;59.291
20;2;129;EB;0.0
20;2;129;from_grid;384.741
20;2;129;from_main_grid;212.975
20;2;129;from_network;171.767
20;2;130;HP;54.072
20;2;130;EB;0.0
20;2;130;from_grid;402.693
20;2;130;from_main_grid;157.203
20;2;130;from_network;245.49
20;2;131;HP;42.641
20;2;131;EB;0.0
20;2;131;from_grid;381.069
20;2;131;from_main_grid;113.524
20;2;131;from_network;267.545
20;2;132;HP;261.439
20;2;132;EB;0.0
20;2;132;from_grid;584.993
20;2;132;from_main_grid;0.0
20;2;132;from_network;584.993
20;2;133;HP;261.413
20;2;133;EB;0.0
20;2;133;from_grid;586.212
20;2;133;from_main_grid;0.0
20;2;133;from_network;586.212
20;2;134;HP;5.847
20;2;134;EB;0.0
20;2;134;from_grid;344.593
20;2;134;from_main_grid;0.0
20;2;134;from_network;344.593
20;2;135;HP;0.0
20;2;135;EB;0.0
20;2;135;from_grid;339.902
20;2;135;from_main_grid;181.922
20;2;135;from_network;157.98
20;2;136;HP;0.0
20;2;136;EB;0.0
20;2;136;from_grid;312.499
20;2;136;from_main_grid;173.873
20;2;136;from_network;138.626
20;2;137;HP;259.594
20;2;137;EB;0.0
20;2;137;from_grid;621.906
20;2;137;from_main_grid;574.088
20;2;137;from_network;47.817
20;2;138;HP;101.306
20;2;138;EB;0.0
20;2;138;from_grid;502.398
20;2;138;from_main_grid;502.398
20;2;138;from_network;0.0
20;2;139;HP;0.0
20;2;139;EB;0.0
20;2;139;from_grid;428.804
20;2;139;from_main_grid;428.804
20;2;139;from_network;0.0
20;2;140;HP;0.0
20;2;140;EB;0.0
20;2;140;from_grid;334.788
20;2;140;from_main_grid;334.788
20;2;140;from_network;0.0
20;2;141;HP;0.0
20;2;141;EB;0.0
20;2;141;from_grid;201.992
20;2;141;from_main_grid;201.992
20;2;141;from_network;0.0
20;2;142;HP;0.0
20;2;142;EB;0.0
20;2;142;from_grid;195.022
20;2;142;from_main_grid;195.022
20;2;142;from_network;0.0
20;2;143;HP;0.0
20;2;143;EB;0.0
20;2;143;from_grid;179.493
20;2;143;from_main_grid;179.493
20;2;143;from_network;0.0
20;2;144;HP;0.0
20;2;144;EB;0.0
20;2;144;from_grid;141.131
20;2;144;from_main_grid;141.131
20;2;144;from_network;0.0
20;2;145;HP;0.0
20;2;145;EB;0.0
20;2;145;from_grid;145.18
20;2;145;from_main_grid;145.18
20;2;145;from_network;0.0
20;2;146;HP;0.0
20;2;146;EB;0.0
20;2;146;from_grid;140.491
20;2;146;from_main_grid;140.491
20;2;146;from_network;0.0
20;2;147;HP;0.0
20;2;147;EB;0.0
20;2;147;from_grid;140.811
20;2;147;from_main_grid;140.811
20;2;147;from_network;0.0
20;2;148;HP;0.0
20;2;148;EB;0.0
20;2;148;from_grid;140.741
20;2;148;from_main_grid;140.741
20;2;148;from_network;0.0
20;2;149;HP;0.0
20;2;149;EB;0.0
20;2;149;from_grid;141.888
20;2;149;from_main_grid;141.888
20;2;149;from_network;0.0
20;2;150;HP;0.0
20;2;150;EB;0.0
20;2;150;from_grid;153.283
20;2;150;from_main_grid;153.283
20;2;150;from_network;0.0
20;2;151;HP;0.0
20;2;151;EB;0.0
20;2;151;from_grid;433.604
20;2;151;from_main_grid;433.604
20;2;151;from_network;0.0
20;2;152;HP;0.0
20;2;152;EB;0.0
20;2;152;from_grid;457.463
20;2;152;from_main_grid;457.463
20;2;152;from_network;0.0
20;2;153;HP;61.022
20;2;153;EB;0.0
20;2;153;from_grid;461.524
20;2;153;from_main_grid;418.239
20;2;153;from_network;43.285
20;2;154;HP;57.446
20;2;154;EB;0.0
20;2;154;from_grid;468.812
20;2;154;from_main_grid;433.375
20;2;154;from_network;35.437
20;2;155;HP;50.511
20;2;155;EB;0.0
20;2;155;from_grid;407.164
20;2;155;from_main_grid;310.024
20;2;155;from_network;97.14
20;2;156;HP;39.221
20;2;156;EB;0.0
20;2;156;from_grid;359.367
20;2;156;from_main_grid;225.986
20;2;156;from_network;133.381
20;2;157;HP;31.281
20;2;157;EB;0.0
20;2;157;from_grid;375.902
20;2;157;from_main_grid;287.944
20;2;157;from_network;87.958
20;2;158;HP;26.554
20;2;158;EB;0.0
20;2;158;from_grid;381.385
20;2;158;from_main_grid;287.786
20;2;158;from_network;93.599
20;2;159;HP;26.517
20;2;159;EB;0.0
20;2;159;from_grid;383.759
20;2;159;from_main_grid;318.368
20;2;159;from_network;65.391
20;2;160;HP;226.007
20;2;160;EB;0.0
20;2;160;from_grid;658.478
20;2;160;from_main_grid;658.478
20;2;160;from_network;0.0
20;2;161;HP;0.0
20;2;161;EB;0.0
20;2;161;from_grid;452.306
20;2;161;from_main_grid;452.306
20;2;161;from_network;0.0
20;2;162;HP;0.0
20;2;162;EB;0.0
20;2;162;from_grid;412.698
20;2;162;from_main_grid;412.698
20;2;162;from_network;0.0
20;2;163;HP;0.0
20;2;163;EB;0.0
20;2;163;from_grid;435.919
20;2;163;from_main_grid;435.919
20;2;163;from_network;0.0
20;2;164;HP;0.0
20;2;164;EB;0.0
20;2;164;from_grid;327.206
20;2;164;from_main_grid;327.206
20;2;164;from_network;0.0
20;2;165;HP;0.0
20;2;165;EB;0.0
20;2;165;from_grid;207.674
20;2;165;from_main_grid;207.674
20;2;165;from_network;0.0
20;2;166;HP;125.717
20;2;166;EB;0.0
20;2;166;from_grid;313.513
20;2;166;from_main_grid;313.513
20;2;166;from_network;0.0
20;2;167;HP;288.868
20;2;167;EB;0.0
20;2;167;from_grid;455.233
20;2;167;from_main_grid;455.233
20;2;167;from_network;0.0
20;3;0;HP;0.0
20;3;0;EB;0.0
20;3;0;from_grid;139.565
20;3;0;from_main_grid;139.565
20;3;0;from_network;0.0
20;3;1;HP;164.063
20;3;1;EB;0.0
20;3;1;from_grid;307.198
20;3;1;from_main_grid;307.198
20;3;1;from_network;0.0
20;3;2;HP;295.229
20;3;2;EB;0.0
20;3;2;from_grid;435.384
20;3;2;from_main_grid;435.384
20;3;2;from_network;0.0
20;3;3;HP;300.295
20;3;3;EB;0.0
20;3;3;from_grid;442.622
20;3;3;from_main_grid;442.622
20;3;3;from_network;0.0
20;3;4;HP;390.273
20;3;4;EB;0.0
20;3;4;from_grid;532.719
20;3;4;from_main_grid;532.719
20;3;4;from_network;0.0
20;3;5;HP;233.246
20;3;5;EB;0.0
20;3;5;from_grid;375.0
20;3;5;from_main_grid;375.0
20;3;5;from_network;0.0
20;3;6;HP;330.88
20;3;6;EB;0.0
20;3;6;from_grid;480.278
20;3;6;from_main_grid;480.278
20;3;6;from_network;0.0
20;3;7;HP;288.331
20;3;7;EB;0.0
20;3;7;from_grid;733.938
20;3;7;from_main_grid;733.938
20;3;7;from_network;0.0
20;3;8;HP;268.653
20;3;8;EB;0.0
20;3;8;from_grid;752.47
20;3;8;from_main_grid;752.47
20;3;8;from_network;0.0
20;3;9;HP;253.852
20;3;9;EB;0.0
20;3;9;from_grid;733.035
20;3;9;from_main_grid;733.035
20;3;9;from_network;0.0
20;3;10;HP;246.894
20;3;10;EB;0.0
20;3;10;from_grid;645.671
20;3;10;from_main_grid;645.671
20;3;10;from_network;0.0
20;3;11;HP;230.266
20;3;11;EB;0.0
20;3;11;from_grid;607.523
20;3;11;from_main_grid;607.523
20;3;11;from_network;0.0
20;3;12;HP;214.667
20;3;12;EB;0.0
20;3;12;from_grid;539.72
20;3;12;from_main_grid;227.681
20;3;12;from_network;312.04
20;3;13;HP;272.463
20;3;13;EB;0.0
20;3;13;from_grid;597.589
20;3;13;from_main_grid;0.0
20;3;13;from_network;597.589
20;3;14;HP;352.424
20;3;14;EB;0.0
20;3;14;from_grid;700.769
20;3;14;from_main_grid;269.792
20;3;14;from_network;430.977
20;3;15;HP;350.626
20;3;15;EB;0.0
20;3;15;from_grid;683.255
20;3;15;from_main_grid;349.165
20;3;15;from_network;334.09
20;3;16;HP;355.121
20;3;16;EB;0.0
20;3;16;from_grid;839.587
20;3;16;from_main_grid;839.587
20;3;16;from_network;0.0
20;3;17;HP;363.217
20;3;17;EB;0.0
20;3;17;from_grid;830.356
20;3;17;from_main_grid;830.356
20;3;17;from_network;0.0
20;3;18;HP;365.918
20;3;18;EB;0.0
20;3;18;from_grid;795.596
20;3;18;from_main_grid;795.596
20;3;18;from_network;0.0
20;3;19;HP;0.0
20;3;19;EB;0.0
20;3;19;from_grid;445.809
20;3;19;from_main_grid;445.809
20;3;19;from_network;0.0
20;3;20;HP;0.0
20;3;20;EB;0.0
20;3;20;from_grid;335.649
20;3;20;from_main_grid;335.649
20;3;20;from_network;0.0
20;3;21;HP;0.0
20;3;21;EB;0.0
20;3;21;from_grid;219.598
20;3;21;from_main_grid;219.598
20;3;21;from_network;0.0
20;3;22;HP;21.442
20;3;22;EB;0.0
20;3;22;from_grid;207.785
20;3;22;from_main_grid;207.785
20;3;22;from_network;0.0
20;3;23;HP;387.563
20;3;23;EB;0.0
20;3;23;from_grid;562.565
20;3;23;from_main_grid;562.565
20;3;23;from_network;0.0
20;3;24;HP;391.177
20;3;24;EB;0.0
20;3;24;from_grid;533.1
20;3;24;from_main_grid;533.1
20;3;24;from_network;0.0
20;3;25;HP;0.0
20;3;25;EB;0.0
20;3;25;from_grid;144.777
20;3;25;from_main_grid;144.777
20;3;25;from_network;0.0
20;3;26;HP;305.609
20;3;26;EB;0.0
20;3;26;from_grid;449.046
20;3;26;from_main_grid;449.046
20;3;26;from_network;0.0
20;3;27;HP;312.115
20;3;27;EB;0.0
20;3;27;from_grid;453.239
20;3;27;from_main_grid;453.239
20;3;27;from_network;0.0
20;3;28;HP;317.639
20;3;28;EB;0.0
20;3;28;from_grid;459.684
20;3;28;from_main_grid;459.684
20;3;28;from_network;0.0
20;3;29;HP;323.793
20;3;29;EB;0.0
20;3;29;from_grid;465.355
20;3;29;from_main_grid;465.355
20;3;29;from_network;0.0
20;3;30;HP;334.557
20;3;30;EB;0.0
20;3;30;from_grid;484.634
20;3;30;from_main_grid;484.634
20;3;30;from_network;0.0
20;3;31;HP;299.746
20;3;31;EB;0.0
20;3;31;from_grid;752.845
20;3;31;from_main_grid;752.845
20;3;31;from_network;0.0
20;3;32;HP;277.169
20;3;32;EB;0.0
20;3;32;from_grid;767.726
20;3;32;from_main_grid;767.726
20;3;32;from_network;0.0
20;3;33;HP;255.574
20;3;33;EB;0.0
20;3;33;from_grid;740.899
20;3;33;from_main_grid;740.899
20;3;33;from_network;0.0
20;3;34;HP;244.767
20;3;34;EB;0.0
20;3;34;from_grid;614.645
20;3;34;from_main_grid;359.688
20;3;34;from_network;254.957
20;3;35;HP;234.093
20;3;35;EB;0.0
20;3;35;from_grid;580.09
20;3;35;from_main_grid;260.09
20;3;35;from_network;319.999
20;3;36;HP;227.587
20;3;36;EB;0.0
20;3;36;from_grid;548.566
20;3;36;from_main_grid;147.223
20;3;36;from_network;401.343
20;3;37;HP;218.143
20;3;37;EB;0.0
20;3;37;from_grid;551.268
20;3;37;from_main_grid;298.052
20;3;37;from_network;253.216
20;3;38;HP;210.785
20;3;38;EB;0.0
20;3;38;from_grid;646.034
20;3;38;from_main_grid;646.034
20;3;38;from_network;0.0
20;3;39;HP;227.849
20;3;39;EB;0.0
20;3;39;from_grid;704.52
20;3;39;from_main_grid;704.52
20;3;39;from_network;0.0
20;3;40;HP;224.481
20;3;40;EB;0.0
20;3;40;from_grid;717.325
20;3;40;from_main_grid;717.325
20;3;40;from_network;0.0
20;3;41;HP;231.308
20;3;41;EB;0.0
20;3;41;from_grid;710.546
20;3;41;from_main_grid;710.546
20;3;41;from_network;0.0
20;3;42;HP;250.965
20;3;42;EB;0.0
20;3;42;from_grid;680.817
20;3;42;from_main_grid;680.817
20;3;42;from_network;0.0
20;3;43;HP;249.26
20;3;43;EB;0.0
20;3;43;from_grid;682.924
20;3;43;from_main_grid;682.924
20;3;43;from_network;0.0
20;3;44;HP;256.217
20;3;44;EB;0.0
20;3;44;from_grid;588.902
20;3;44;from_main_grid;588.902
20;3;44;from_network;0.0
20;3;45;HP;267.849
20;3;45;EB;0.0
20;3;45;from_grid;482.435
20;3;45;from_main_grid;482.435
20;3;45;from_network;0.0
20;3;46;HP;261.747
20;3;46;EB;0.0
20;3;46;from_grid;461.126
20;3;46;from_main_grid;461.126
20;3;46;from_network;0.0
20;3;47;HP;254.659
20;3;47;EB;0.0
20;3;47;from_grid;440.99
20;3;47;from_main_grid;440.99
20;3;47;from_network;0.0
20;3;48;HP;67.624
20;3;48;EB;0.0
20;3;48;from_grid;208.346
20;3;48;from_main_grid;208.346
20;3;48;from_network;0.0
20;3;49;HP;66.847
20;3;49;EB;0.0
20;3;49;from_grid;206.476
20;3;49;from_main_grid;206.476
20;3;49;from_network;0.0
20;3;50;HP;64.777
20;3;50;EB;0.0
20;3;50;from_grid;205.754
20;3;50;from_main_grid;205.754
20;3;50;from_network;0.0
20;3;51;HP;63.951
20;3;51;EB;0.0
20;3;51;from_grid;207.893
20;3;51;from_main_grid;207.893
20;3;51;from_network;0.0
20;3;52;HP;67.713
20;3;52;EB;0.0
20;3;52;from_grid;210.143
20;3;52;from_main_grid;210.143
20;3;52;from_network;0.0
20;3;53;HP;67.543
20;3;53;EB;0.0
20;3;53;from_grid;210.924
20;3;53;from_main_grid;210.924
20;3;53;from_network;0.0
20;3;54;HP;71.027
20;3;54;EB;0.0
20;3;54;from_grid;216.608
20;3;54;from_main_grid;216.608
20;3;54;from_network;0.0
20;3;55;HP;85.569
20;3;55;EB;0.0
20;3;55;from_grid;475.1
20;3;55;from_main_grid;475.1
20;3;55;from_network;0.0
20;3;56;HP;89.751
20;3;56;EB;0.0
20;3;56;from_grid;511.117
20;3;56;from_main_grid;511.117
20;3;56;from_network;0.0
20;3;57;HP;81.682
20;3;57;EB;0.0
20;3;57;from_grid;493.449
20;3;57;from_main_grid;493.449
20;3;57;from_network;0.0
20;3;58;HP;81.478
20;3;58;EB;0.0
20;3;58;from_grid;473.499
20;3;58;from_main_grid;473.499
20;3;58;from_network;0.0
20;3;59;HP;82.842
20;3;59;EB;0.0
20;3;59;from_grid;469.038
20;3;59;from_main_grid;469.038
20;3;59;from_network;0.0
20;3;60;HP;81.532
20;3;60;EB;0.0
20;3;60;from_grid;377.641
20;3;60;from_main_grid;257.313
20;3;60;from_network;120.328
20;3;61;HP;74.978
20;3;61;EB;0.0
20;3;61;from_grid;373.173
20;3;61;from_main_grid;0.0
20;3;61;from_network;373.173
20;3;62;HP;69.167
20;3;62;EB;0.0
20;3;62;from_grid;367.967
20;3;62;from_main_grid;278.386
20;3;62;from_network;89.581
20;3;63;HP;75.779
20;3;63;EB;0.0
20;3;63;from_grid;410.716
20;3;63;from_main_grid;306.007
20;3;63;from_network;104.708
20;3;64;HP;76.302
20;3;64;EB;0.0
20;3;64;from_grid;497.033
20;3;64;from_main_grid;497.033
20;3;64;from_network;0.0
20;3;65;HP;205.037
20;3;65;EB;0.0
20;3;65;from_grid;635.049
20;3;65;from_main_grid;635.049
20;3;65;from_network;0.0
20;3;66;HP;343.441
20;3;66;EB;0.0
20;3;66;from_grid;771.664
20;3;66;from_main_grid;771.664
20;3;66;from_network;0.0
20;3;67;HP;0.0
20;3;67;EB;0.0
20;3;67;from_grid;436.394
20;3;67;from_main_grid;436.394
20;3;67;from_network;0.0
20;3;68;HP;0.0
20;3;68;EB;0.0
20;3;68;from_grid;343.946
20;3;68;from_main_grid;343.946
20;3;68;from_network;0.0
20;3;69;HP;0.0
20;3;69;EB;0.0
20;3;69;from_grid;208.356
20;3;69;from_main_grid;208.356
20;3;69;from_network;0.0
20;3;70;HP;0.0
20;3;70;EB;0.0
20;3;70;from_grid;208.378
20;3;70;from_main_grid;208.378
20;3;70;from_network;0.0
20;3;71;HP;106.931
20;3;71;EB;0.0
20;3;71;from_grid;290.333
20;3;71;from_main_grid;290.333
20;3;71;from_network;0.0
20;3;72;HP;112.782
20;3;72;EB;0.0
20;3;72;from_grid;252.038
20;3;72;from_main_grid;252.038
20;3;72;from_network;0.0
20;3;73;HP;113.933
20;3;73;EB;0.0
20;3;73;from_grid;257.123
20;3;73;from_main_grid;257.123
20;3;73;from_network;0.0
20;3;74;HP;118.976
20;3;74;EB;0.0
20;3;74;from_grid;261.091
20;3;74;from_main_grid;261.091
20;3;74;from_network;0.0
20;3;75;HP;125.062
20;3;75;EB;0.0
20;3;75;from_grid;270.302
20;3;75;from_main_grid;270.302
20;3;75;from_network;0.0
20;3;76;HP;125.894
20;3;76;EB;0.0
20;3;76;from_grid;268.269
20;3;76;from_main_grid;268.269
20;3;76;from_network;0.0
20;3;77;HP;127.916
20;3;77;EB;0.0
20;3;77;from_grid;273.961
20;3;77;from_main_grid;273.961
20;3;77;from_network;0.0
20;3;78;HP;276.109
20;3;78;EB;0.0
20;3;78;from_grid;420.237
20;3;78;from_main_grid;420.237
20;3;78;from_network;0.0
20;3;79;HP;0.0
20;3;79;EB;0.0
20;3;79;from_grid;159.384
20;3;79;from_main_grid;159.384
20;3;79;from_network;0.0
20;3;80;HP;150.1
20;3;80;EB;0.0
20;3;80;from_grid;324.179
20;3;80;from_main_grid;324.179
20;3;80;from_network;0.0
20;3;81;HP;140.363
20;3;81;EB;0.0
20;3;81;from_grid;327.878
20;3;81;from_main_grid;327.878
20;3;81;from_network;0.0
20;3;82;HP;140.116
20;3;82;EB;0.0
20;3;82;from_grid;340.592
20;3;82;from_main_grid;340.592
20;3;82;from_network;0.0
20;3;83;HP;141.857
20;3;83;EB;0.0
20;3;83;from_grid;330.968
20;3;83;from_main_grid;330.968
20;3;83;from_network;0.0
20;3;84;HP;132.84
20;3;84;EB;0.0
20;3;84;from_grid;306.038
20;3;84;from_main_grid;306.038
20;3;84;from_network;0.0
20;3;85;HP;195.539
20;3;85;EB;0.0
20;3;85;from_grid;345.577
20;3;85;from_main_grid;0.0
20;3;85;from_network;345.577
20;3;86;HP;240.885
20;3;86;EB;0.0
20;3;86;from_grid;389.309
20;3;86;from_main_grid;0.0
20;3;86;from_network;389.309
20;3;87;HP;361.417
20;3;87;EB;0.0
20;3;87;from_grid;515.511
20;3;87;from_main_grid;381.426
20;3;87;from_network;134.086
20;3;88;HP;365.918
20;3;88;EB;0.0
20;3;88;from_grid;549.665
20;3;88;from_main_grid;549.665
20;3;88;from_network;0.0
20;3;89;HP;366.819
20;3;89;EB;0.0
20;3;89;from_grid;568.082
20;3;89;from_main_grid;568.082
20;3;89;from_network;0.0
20;3;90;HP;371.323
20;3;90;EB;0.0
20;3;90;from_grid;579.22
20;3;90;from_main_grid;579.22
20;3;90;from_network;0.0
20;3;91;HP;0.0
20;3;91;EB;0.0
20;3;91;from_grid;216.139
20;3;91;from_main_grid;216.139
20;3;91;from_network;0.0
20;3;92;HP;0.0
20;3;92;EB;0.0
20;3;92;from_grid;214.291
20;3;92;from_main_grid;214.291
20;3;92;from_network;0.0
20;3;93;HP;0.0
20;3;93;EB;0.0
20;3;93;from_grid;211.025
20;3;93;from_main_grid;211.025
20;3;93;from_network;0.0
20;3;94;HP;388.466
20;3;94;EB;0.0
20;3;94;from_grid;586.033
20;3;94;from_main_grid;586.033
20;3;94;from_network;0.0
20;3;95;HP;389.37
20;3;95;EB;0.0
20;3;95;from_grid;564.989
20;3;95;from_main_grid;564.989
20;3;95;from_network;0.0
20;3;96;HP;391.177
20;3;96;EB;0.0
20;3;96;from_grid;533.716
20;3;96;from_main_grid;533.716
20;3;96;from_network;0.0
20;3;97;HP;394.793
20;3;97;EB;0.0
20;3;97;from_grid;542.189
20;3;97;from_main_grid;542.189
20;3;97;from_network;0.0
20;3;98;HP;395.698
20;3;98;EB;0.0
20;3;98;from_grid;538.46
20;3;98;from_main_grid;538.46
20;3;98;from_network;0.0
20;3;99;HP;398.411
20;3;99;EB;0.0
20;3;99;from_grid;537.935
20;3;99;from_main_grid;537.935
20;3;99;from_network;0.0
20;3;100;HP;394.793
20;3;100;EB;0.0
20;3;100;from_grid;538.809
20;3;100;from_main_grid;538.809
20;3;100;from_network;0.0
20;3;101;HP;389.37
20;3;101;EB;0.0
20;3;101;from_grid;533.833
20;3;101;from_main_grid;533.833
20;3;101;from_network;0.0
20;3;102;HP;385.756
20;3;102;EB;0.0
20;3;102;from_grid;535.866
20;3;102;from_main_grid;535.866
20;3;102;from_network;0.0
20;3;103;HP;383.951
20;3;103;EB;0.0
20;3;103;from_grid;835.707
20;3;103;from_main_grid;835.707
20;3;103;from_network;0.0
20;3;104;HP;377.634
20;3;104;EB;0.0
20;3;104;from_grid;861.22
20;3;104;from_main_grid;861.22
20;3;104;from_network;0.0
20;3;105;HP;374.928
20;3;105;EB;0.0
20;3;105;from_grid;885.135
20;3;105;from_main_grid;885.135
20;3;105;from_network;0.0
20;3;106;HP;383.951
20;3;106;EB;0.0
20;3;106;from_grid;914.93
20;3;106;from_main_grid;914.93
20;3;106;from_network;0.0
20;3;107;HP;379.51
20;3;107;EB;0.0
20;3;107;from_grid;885.334
20;3;107;from_main_grid;885.334
20;3;107;from_network;0.0
20;3;108;HP;376.295
20;3;108;EB;0.0
20;3;108;from_grid;824.096
20;3;108;from_main_grid;824.096
20;3;108;from_network;0.0
20;3;109;HP;353.116
20;3;109;EB;0.0
20;3;109;from_grid;791.02
20;3;109;from_main_grid;791.02
20;3;109;from_network;0.0
20;3;110;HP;334.746
20;3;110;EB;0.0
20;3;110;from_grid;811.712
20;3;110;from_main_grid;811.712
20;3;110;from_network;0.0
20;3;111;HP;328.866
20;3;111;EB;0.0
20;3;111;from_grid;826.774
20;3;111;from_main_grid;826.774
20;3;111;from_network;0.0
20;3;112;HP;315.924
20;3;112;EB;0.0
20;3;112;from_grid;801.302
20;3;112;from_main_grid;801.302
20;3;112;from_network;0.0
20;3;113;HP;311.675
20;3;113;EB;0.0
20;3;113;from_grid;784.909
20;3;113;from_main_grid;784.909
20;3;113;from_network;0.0
20;3;114;HP;322.546
20;3;114;EB;0.0
20;3;114;from_grid;745.168
20;3;114;from_main_grid;745.168
20;3;114;from_network;0.0
20;3;115;HP;314.96
20;3;115;EB;0.0
20;3;115;from_grid;748.367
20;3;115;from_main_grid;748.367
20;3;115;from_network;0.0
20;3;116;HP;316.753
20;3;116;EB;0.0
20;3;116;from_grid;656.942
20;3;116;from_main_grid;656.942
20;3;116;from_network;0.0
20;3;117;HP;331.007
20;3;117;EB;0.0
20;3;117;from_grid;531.263
20;3;117;from_main_grid;531.263
20;3;117;from_network;0.0
20;3;118;HP;374.027
20;3;118;EB;0.0
20;3;118;from_grid;567.507
20;3;118;from_main_grid;567.507
20;3;118;from_network;0.0
20;3;119;HP;375.83
20;3;119;EB;0.0
20;3;119;from_grid;549.113
20;3;119;from_main_grid;549.113
20;3;119;from_network;0.0
20;3;120;HP;375.83
20;3;120;EB;0.0
20;3;120;from_grid;512.491
20;3;120;from_main_grid;512.491
20;3;120;from_network;0.0
20;3;121;HP;377.634
20;3;121;EB;0.0
20;3;121;from_grid;517.374
20;3;121;from_main_grid;517.374
20;3;121;from_network;0.0
20;3;122;HP;383.048
20;3;122;EB;0.0
20;3;122;from_grid;522.931
20;3;122;from_main_grid;522.931
20;3;122;from_network;0.0
20;3;123;HP;389.37
20;3;123;EB;0.0
20;3;123;from_grid;530.118
20;3;123;from_main_grid;530.118
20;3;123;from_network;0.0
20;3;124;HP;396.602
20;3;124;EB;0.0
20;3;124;from_grid;536.728
20;3;124;from_main_grid;536.728
20;3;124;from_network;0.0
20;3;125;HP;7.308
20;3;125;EB;0.0
20;3;125;from_grid;149.882
20;3;125;from_main_grid;149.882
20;3;125;from_network;0.0
20;3;126;HP;375.787
20;3;126;EB;0.0
20;3;126;from_grid;520.416
20;3;126;from_main_grid;520.416
20;3;126;from_network;0.0
20;3;127;HP;336.976
20;3;127;EB;0.0
20;3;127;from_grid;772.46
20;3;127;from_main_grid;772.46
20;3;127;from_network;0.0
20;3;128;HP;313.958
20;3;128;EB;0.0
20;3;128;from_grid;782.706
20;3;128;from_main_grid;782.706
20;3;128;from_network;0.0
20;3;129;HP;302.981
20;3;129;EB;0.0
20;3;129;from_grid;793.174
20;3;129;from_main_grid;793.174
20;3;129;from_network;0.0
20;3;130;HP;275.206
20;3;130;EB;0.0
20;3;130;from_grid;728.615
20;3;130;from_main_grid;728.615
20;3;130;from_network;0.0
20;3;131;HP;265.1
20;3;131;EB;0.0
20;3;131;from_grid;710.322
20;3;131;from_main_grid;710.322
20;3;131;from_network;0.0
20;3;132;HP;253.17
20;3;132;EB;0.0
20;3;132;from_grid;583.25
20;3;132;from_main_grid;568.052
20;3;132;from_network;15.198
20;3;133;HP;239.883
20;3;133;EB;0.0
20;3;133;from_grid;581.553
20;3;133;from_main_grid;581.553
20;3;133;from_network;0.0
20;3;134;HP;227.357
20;3;134;EB;0.0
20;3;134;from_grid;708.083
20;3;134;from_main_grid;708.083
20;3;134;from_network;0.0
20;3;135;HP;240.723
20;3;135;EB;0.0
20;3;135;from_grid;727.19
20;3;135;from_main_grid;727.19
20;3;135;from_network;0.0
20;3;136;HP;378.536
20;3;136;EB;0.0
20;3;136;from_grid;868.542
20;3;136;from_main_grid;868.542
20;3;136;from_network;0.0
20;3;137;HP;99.185
20;3;137;EB;0.0
20;3;137;from_grid;556.94
20;3;137;from_main_grid;556.94
20;3;137;from_network;0.0
20;3;138;HP;266.766
20;3;138;EB;0.0
20;3;138;from_grid;673.463
20;3;138;from_main_grid;673.463
20;3;138;from_network;0.0
20;3;139;HP;388.466
20;3;139;EB;0.0
20;3;139;from_grid;817.403
20;3;139;from_main_grid;817.403
20;3;139;from_network;0.0
20;3;140;HP;175.861
20;3;140;EB;0.0
20;3;140;from_grid;494.874
20;3;140;from_main_grid;494.874
20;3;140;from_network;0.0
20;3;141;HP;314.215
20;3;141;EB;0.0
20;3;141;from_grid;521.14
20;3;141;from_main_grid;521.14
20;3;141;from_network;0.0
20;3;142;HP;319.023
20;3;142;EB;0.0
20;3;142;from_grid;517.105
20;3;142;from_main_grid;517.105
20;3;142;from_network;0.0
20;3;143;HP;326.457
20;3;143;EB;0.0
20;3;143;from_grid;501.194
20;3;143;from_main_grid;501.194
20;3;143;from_network;0.0
20;3;144;HP;394.793
20;3;144;EB;0.0
20;3;144;from_grid;531.636
20;3;144;from_main_grid;531.636
20;3;144;from_network;0.0
20;3;145;HP;262.994
20;3;145;EB;0.0
20;3;145;from_grid;403.732
20;3;145;from_main_grid;403.732
20;3;145;from_network;0.0
20;3;146;HP;397.507
20;3;146;EB;0.0
20;3;146;from_grid;535.372
20;3;146;from_main_grid;535.372
20;3;146;from_network;0.0
20;3;147;HP;281.666
20;3;147;EB;0.0
20;3;147;from_grid;420.099
20;3;147;from_main_grid;420.099
20;3;147;from_network;0.0
20;3;148;HP;343.318
20;3;148;EB;0.0
20;3;148;from_grid;479.799
20;3;148;from_main_grid;479.799
20;3;148;from_network;0.0
20;3;149;HP;346.753
20;3;149;EB;0.0
20;3;149;from_grid;485.075
20;3;149;from_main_grid;485.075
20;3;149;from_network;0.0
20;3;150;HP;348.332
20;3;150;EB;0.0
20;3;150;from_grid;493.87
20;3;150;from_main_grid;493.87
20;3;150;from_network;0.0
20;3;151;HP;303.659
20;3;151;EB;0.0
20;3;151;from_grid;738.513
20;3;151;from_main_grid;738.513
20;3;151;from_network;0.0
20;3;152;HP;281.401
20;3;152;EB;0.0
20;3;152;from_grid;749.032
20;3;152;from_main_grid;749.032
20;3;152;from_network;0.0
20;3;153;HP;243.838
20;3;153;EB;0.0
20;3;153;from_grid;706.886
20;3;153;from_main_grid;706.886
20;3;153;from_network;0.0
20;3;154;HP;231.591
20;3;154;EB;0.0
20;3;154;from_grid;612.831
20;3;154;from_main_grid;612.831
20;3;154;from_network;0.0
20;3;155;HP;204.649
20;3;155;EB;0.0
20;3;155;from_grid;584.197
20;3;155;from_main_grid;584.197
20;3;155;from_network;0.0
20;3;156;HP;191.869
20;3;156;EB;0.0
20;3;156;from_grid;616.481
20;3;156;from_main_grid;616.481
20;3;156;from_network;0.0
20;3;157;HP;355.121
20;3;157;EB;0.0
20;3;157;from_grid;764.393
20;3;157;from_main_grid;764.393
20;3;157;from_network;0.0
20;3;158;HP;5.456
20;3;158;EB;0.0
20;3;158;from_grid;466.026
20;3;158;from_main_grid;466.026
20;3;158;from_network;0.0
20;3;159;HP;185.128
20;3;159;EB;0.0
20;3;159;from_grid;667.111
20;3;159;from_main_grid;667.111
20;3;159;from_network;0.0
20;3;160;HP;182.06
20;3;160;EB;0.0
20;3;160;from_grid;652.378
20;3;160;from_main_grid;652.378
20;3;160;from_network;0.0
20;3;161;HP;178.227
20;3;161;EB;0.0
20;3;161;from_grid;642.688
20;3;161;from_main_grid;642.688
20;3;161;from_network;0.0
20;3;162;HP;195.438
20;3;162;EB;0.0
20;3;162;from_grid;613.909
20;3;162;from_main_grid;613.909
20;3;162;from_network;0.0
20;3;163;HP;194.01
20;3;163;EB;0.0
20;3;163;from_grid;615.593
20;3;163;from_main_grid;615.593
20;3;163;from_network;0.0
20;3;164;HP;197.233
20;3;164;EB;0.0
20;3;164;from_grid;546.227
20;3;164;from_main_grid;546.227
20;3;164;from_network;0.0
20;3;165;HP;328.03
20;3;165;EB;0.0
20;3;165;from_grid;529.609
20;3;165;from_main_grid;529.609
20;3;165;from_network;0.0
20;3;166;HP;353.323
20;3;166;EB;0.0
20;3;166;from_grid;544.373
20;3;166;from_main_grid;544.373
20;3;166;from_network;0.0
20;3;167;HP;356.919
20;3;167;EB;0.0
20;3;167;from_grid;532.494
20;3;167;from_main_grid;532.494
20;3;167;from_network;0.0
