Support_Year;Cluster;Timestep;to_network_kW;from_network_kW;to_main_grid_kW;from_main_grid_kW;to_grid_kW;from_grid_kW
0;0;0;0.0;0.0;0.0;16.917;0.0;16.917
0;0;1;0.0;0.0;0.0;157.831;0.0;157.831
0;0;2;0.0;0.0;0.0;20.233;0.0;20.233
0;0;3;0.0;0.0;0.0;136.1;0.0;136.1
0;0;4;0.0;0.0;0.0;136.849;0.0;136.849
0;0;5;0.0;0.0;0.0;141.132;0.0;141.132
0;0;6;0.0;0.0;0.0;162.039;0.0;162.039
0;0;7;0.0;0.0;0.0;196.066;0.0;196.066
0;0;8;0.0;0.0;0.0;35.376;0.0;35.376
0;0;9;297.248;0.0;0.0;0.0;297.248;0.0
0;0;10;357.846;0.0;0.0;0.0;357.846;0.0
0;0;11;132.713;0.0;0.0;0.0;132.713;0.0
0;0;12;236.288;0.0;0.0;0.0;236.288;0.0
0;0;13;0.0;0.0;0.0;0.0;0.0;0.0
0;0;14;0.0;0.0;0.0;0.0;0.0;0.0
0;0;15;218.645;0.0;0.0;0.0;218.645;0.0
0;0;16;62.738;0.0;0.0;0.0;62.738;0.0
0;0;17;0.0;0.0;0.0;0.0;0.0;0.0
0;0;18;0.0;0.0;0.0;219.226;0.0;219.226
0;0;19;0.0;0.0;0.0;73.206;0.0;73.206
0;0;20;0.0;0.0;0.0;83.508;0.0;83.508
0;0;21;0.0;0.0;0.0;212.515;0.0;212.515
0;0;22;0.0;0.0;0.0;203.581;0.0;203.581
0;0;23;0.0;0.0;0.0;198.116;0.0;198.116
0;0;24;0.0;0.0;0.0;16.85;0.0;16.85
0;0;25;0.0;0.0;0.0;18.334;0.0;18.334
0;0;26;0.0;0.0;0.0;22.246;0.0;22.246
0;0;27;0.0;0.0;0.0;179.935;0.0;179.935
0;0;28;0.0;0.0;0.0;179.235;0.0;179.235
0;0;29;0.0;0.0;0.0;183.701;0.0;183.701
0;0;30;0.0;0.0;0.0;74.291;0.0;74.291
0;0;31;0.0;0.0;0.0;216.083;0.0;216.083
0;0;32;0.0;0.0;0.0;70.235;0.0;70.235
0;0;33;239.152;0.0;0.0;0.0;239.152;0.0
0;0;34;447.088;0.0;0.0;0.0;447.088;0.0
0;0;35;435.356;0.0;0.0;0.0;435.356;0.0
0;0;36;275.045;0.0;0.0;0.0;275.045;0.0
0;0;37;722.417;0.0;0.0;0.0;722.417;0.0
0;0;38;849.477;0.0;0.0;0.0;849.477;0.0
0;0;39;642.513;0.0;0.0;0.0;642.513;0.0
0;0;40;227.881;0.0;0.0;0.0;227.881;0.0
0;0;41;0.0;0.0;0.0;0.0;0.0;0.0
0;0;42;0.0;0.0;0.0;148.274;0.0;148.274
0;0;43;0.0;0.0;0.0;165.964;0.0;165.964
0;0;44;0.0;0.0;0.0;168.034;0.0;168.034
0;0;45;0.0;0.0;0.0;105.493;0.0;105.493
0;0;46;0.0;0.0;0.0;219.944;0.0;219.944
0;0;47;0.0;0.0;0.0;153.99;0.0;153.99
0;0;48;0.0;0.0;0.0;17.282;0.0;17.282
0;0;49;0.0;0.0;0.0;19.915;0.0;19.915
0;0;50;0.0;0.0;0.0;19.197;0.0;19.197
0;0;51;0.0;0.0;0.0;18.749;0.0;18.749
0;0;52;0.0;0.0;0.0;75.085;0.0;75.085
0;0;53;0.0;0.0;0.0;122.689;0.0;122.689
0;0;54;0.0;0.0;0.0;129.216;0.0;129.216
0;0;55;0.0;0.0;0.0;191.041;0.0;191.041
0;0;56;0.0;0.0;0.0;96.419;0.0;96.419
0;0;57;89.253;0.0;0.0;0.0;89.253;0.0
0;0;58;289.412;0.0;0.0;0.0;289.412;0.0
0;0;59;480.29;0.0;0.0;0.0;480.29;0.0
0;0;60;131.666;0.0;0.0;0.0;131.666;0.0
0;0;61;0.0;0.0;0.0;0.0;0.0;0.0
0;0;62;0.0;0.0;0.0;0.0;0.0;0.0
0;0;63;420.9;0.0;0.0;0.0;420.9;0.0
0;0;64;441.498;0.0;0.0;0.0;441.498;0.0
0;0;65;0.0;0.0;0.0;0.0;0.0;0.0
0;0;66;0.0;0.0;0.0;82.486;0.0;82.486
0;0;67;0.0;0.0;0.0;88.679;0.0;88.679
0;0;68;0.0;0.0;0.0;205.787;0.0;205.787
0;0;69;0.0;0.0;0.0;211.963;0.0;211.963
0;0;70;0.0;0.0;0.0;194.436;0.0;194.436
0;0;71;0.0;0.0;0.0;128.494;0.0;128.494
0;0;72;0.0;0.0;0.0;16.68;0.0;16.68
0;0;73;0.0;0.0;0.0;18.497;0.0;18.497
0;0;74;0.0;0.0;0.0;18.753;0.0;18.753
0;0;75;0.0;0.0;0.0;19.291;0.0;19.291
0;0;76;0.0;0.0;0.0;176.465;0.0;176.465
0;0;77;0.0;0.0;0.0;30.292;0.0;30.292
0;0;78;0.0;0.0;0.0;128.014;0.0;128.014
0;0;79;0.0;0.0;0.0;185.464;0.0;185.464
0;0;80;0.0;0.0;0.0;123.17;0.0;123.17
0;0;81;0.0;0.0;0.0;77.93;0.0;77.93
0;0;82;0.0;0.0;0.0;29.621;0.0;29.621
0;0;83;19.11;0.0;0.0;0.0;19.11;0.0
0;0;84;121.234;0.0;0.0;0.0;121.234;0.0
0;0;85;84.717;0.0;0.0;0.0;84.717;0.0
0;0;86;0.0;0.0;0.0;0.0;0.0;0.0
0;0;87;67.738;0.0;0.0;0.0;67.738;0.0
0;0;88;0.0;0.0;0.0;43.14;0.0;43.14
0;0;89;32.097;0.0;0.0;0.0;32.097;0.0
0;0;90;0.0;0.0;0.0;30.57;0.0;30.57
0;0;91;0.0;0.0;0.0;228.251;0.0;228.251
0;0;92;0.0;0.0;0.0;253.002;0.0;253.002
0;0;93;0.0;0.0;0.0;235.903;0.0;235.903
0;0;94;0.0;0.0;0.0;236.641;0.0;236.641
0;0;95;0.0;0.0;0.0;216.509;0.0;216.509
0;0;96;0.0;0.0;0.0;187.402;0.0;187.402
0;0;97;0.0;0.0;0.0;196.1;0.0;196.1
0;0;98;0.0;0.0;0.0;190.877;0.0;190.877
0;0;99;0.0;0.0;0.0;192.528;0.0;192.528
0;0;100;0.0;0.0;0.0;193.18;0.0;193.18
0;0;101;0.0;0.0;0.0;193.394;0.0;193.394
0;0;102;0.0;0.0;0.0;193.45;0.0;193.45
0;0;103;0.0;0.0;0.0;231.46;0.0;231.46
0;0;104;0.0;0.0;0.0;129.778;0.0;129.778
0;0;105;45.16;0.0;0.0;0.0;45.16;0.0
0;0;106;13.84;0.0;0.0;0.0;13.84;0.0
0;0;107;0.0;0.0;0.0;44.293;0.0;44.293
0;0;108;0.0;0.0;0.0;49.739;0.0;49.739
0;0;109;0.0;0.0;0.0;72.87;0.0;72.87
0;0;110;369.345;0.0;0.0;0.0;369.345;0.0
0;0;111;310.867;0.0;0.0;0.0;310.867;0.0
0;0;112;0.0;0.0;0.0;148.9;0.0;148.9
0;0;113;0.0;0.0;0.0;173.217;0.0;173.217
0;0;114;0.0;0.0;0.0;223.813;0.0;223.813
0;0;115;0.0;0.0;0.0;254.147;0.0;254.147
0;0;116;0.0;0.0;0.0;256.564;0.0;256.564
0;0;117;0.0;0.0;0.0;248.062;0.0;248.062
0;0;118;0.0;0.0;0.0;240.984;0.0;240.984
0;0;119;0.0;0.0;0.0;214.618;0.0;214.618
0;0;120;0.0;0.0;0.0;194.276;0.0;194.276
0;0;121;0.0;0.0;0.0;196.279;0.0;196.279
0;0;122;0.0;0.0;0.0;193.797;0.0;193.797
0;0;123;0.0;0.0;0.0;195.427;0.0;195.427
0;0;124;0.0;0.0;0.0;194.111;0.0;194.111
0;0;125;0.0;0.0;0.0;194.907;0.0;194.907
0;0;126;0.0;0.0;0.0;197.162;0.0;197.162
0;0;127;0.0;0.0;0.0;236.973;0.0;236.973
0;0;128;0.0;0.0;0.0;111.059;0.0;111.059
0;0;129;195.913;0.0;0.0;0.0;195.913;0.0
0;0;130;199.405;0.0;0.0;0.0;199.405;0.0
0;0;131;0.0;0.0;0.0;32.516;0.0;32.516
0;0;132;0.0;0.0;0.0;94.619;0.0;94.619
0;0;133;0.0;0.0;0.0;0.0;0.0;0.0
0;0;134;0.0;0.0;0.0;23.374;0.0;23.374
0;0;135;120.15;0.0;0.0;0.0;120.15;0.0
0;0;136;56.263;0.0;0.0;0.0;56.263;0.0
0;0;137;52.942;0.0;0.0;0.0;52.942;0.0
0;0;138;0.0;0.0;0.0;238.28;0.0;238.28
0;0;139;0.0;0.0;0.0;241.344;0.0;241.344
0;0;140;0.0;0.0;0.0;246.008;0.0;246.008
0;0;141;0.0;0.0;0.0;232.343;0.0;232.343
0;0;142;0.0;0.0;0.0;249.1;0.0;249.1
0;0;143;0.0;0.0;0.0;219.268;0.0;219.268
0;0;144;0.0;0.0;0.0;195.725;0.0;195.725
0;0;145;0.0;0.0;0.0;203.275;0.0;203.275
0;0;146;0.0;0.0;0.0;201.148;0.0;201.148
0;0;147;0.0;0.0;0.0;204.247;0.0;204.247
0;0;148;0.0;0.0;0.0;205.484;0.0;205.484
0;0;149;0.0;0.0;0.0;206.635;0.0;206.635
0;0;150;0.0;0.0;0.0;276.518;0.0;276.518
0;0;151;0.0;0.0;0.0;307.845;0.0;307.845
0;0;152;0.0;0.0;0.0;19.36;0.0;19.36
0;0;153;450.355;0.0;0.0;0.0;450.355;0.0
0;0;154;619.814;0.0;0.0;0.0;619.814;0.0
0;0;155;373.216;0.0;0.0;0.0;373.216;0.0
0;0;156;591.362;0.0;0.0;0.0;591.362;0.0
0;0;157;146.844;0.0;0.0;0.0;146.844;0.0
0;0;158;0.0;0.0;0.0;140.79;0.0;140.79
0;0;159;0.0;0.0;0.0;13.344;0.0;13.344
0;0;160;139.05;0.0;0.0;0.0;139.05;0.0
0;0;161;0.0;0.0;0.0;58.034;0.0;58.034
0;0;162;0.0;0.0;0.0;272.692;0.0;272.692
0;0;163;0.0;0.0;0.0;322.5;0.0;322.5
0;0;164;0.0;0.0;0.0;325.688;0.0;325.688
0;0;165;0.0;0.0;0.0;324.085;0.0;324.085
0;0;166;0.0;0.0;0.0;317.989;0.0;317.989
0;0;167;0.0;0.0;0.0;302.165;0.0;302.165
0;1;0;0.0;0.0;0.0;16.763;0.0;16.763
0;1;1;0.0;0.0;0.0;17.892;0.0;17.892
0;1;2;0.0;0.0;0.0;18.353;0.0;18.353
0;1;3;0.0;0.0;0.0;19.991;0.0;19.991
0;1;4;0.0;0.0;0.0;21.049;0.0;21.049
0;1;5;0.0;0.0;0.0;19.563;0.0;19.563
0;1;6;0.0;0.0;0.0;10.522;0.0;10.522
0;1;7;130.157;0.0;0.0;0.0;130.157;0.0
0;1;8;355.553;0.0;63.453;0.0;419.006;0.0
0;1;9;383.121;0.0;378.19;0.0;761.311;0.0
0;1;10;406.894;0.0;632.146;0.0;1039.04;0.0
0;1;11;371.67;0.0;821.47;0.0;1193.14;0.0
0;1;12;361.91;0.0;947.573;0.0;1309.483;0.0
0;1;13;376.358;0.0;1091.594;0.0;1467.951;0.0
0;1;14;382.657;0.0;808.367;0.0;1191.024;0.0
0;1;15;360.33;0.0;441.544;0.0;801.874;0.0
0;1;16;487.276;0.0;23.802;0.0;511.079;0.0
0;1;17;297.146;0.0;0.0;0.0;297.146;0.0
0;1;18;100.388;0.0;0.0;0.0;100.388;0.0
0;1;19;0.0;0.0;0.0;67.612;0.0;67.612
0;1;20;0.0;0.0;0.0;73.7;0.0;73.7
0;1;21;0.0;0.0;0.0;70.329;0.0;70.329
0;1;22;0.0;0.0;0.0;58.006;0.0;58.006
0;1;23;0.0;0.0;0.0;41.519;0.0;41.519
0;1;24;0.0;0.0;0.0;17.033;0.0;17.033
0;1;25;0.0;0.0;0.0;22.962;0.0;22.962
0;1;26;0.0;0.0;0.0;19.109;0.0;19.109
0;1;27;0.0;0.0;0.0;19.443;0.0;19.443
0;1;28;0.0;0.0;0.0;18.48;0.0;18.48
0;1;29;0.0;0.0;0.0;20.301;0.0;20.301
0;1;30;0.0;0.0;0.0;12.416;0.0;12.416
0;1;31;107.706;0.0;0.0;0.0;107.706;0.0
0;1;32;376.94;0.0;26.125;0.0;403.065;0.0
0;1;33;378.652;0.0;348.286;0.0;726.938;0.0
0;1;34;398.38;0.0;560.728;0.0;959.108;0.0
0;1;35;395.703;0.0;784.408;0.0;1180.112;0.0
0;1;36;363.974;0.0;1077.39;0.0;1441.364;0.0
0;1;37;368.805;0.0;1095.776;0.0;1464.581;0.0
0;1;38;400.225;0.0;968.735;0.0;1368.96;0.0
0;1;39;459.642;0.0;627.957;0.0;1087.599;0.0
0;1;40;360.548;0.0;486.733;0.0;847.281;0.0
0;1;41;476.481;0.0;0.0;0.0;476.481;0.0
0;1;42;178.296;0.0;0.0;0.0;178.296;0.0
0;1;43;0.0;0.0;0.0;42.373;0.0;42.373
0;1;44;0.0;0.0;0.0;77.275;0.0;77.275
0;1;45;0.0;0.0;0.0;65.547;0.0;65.547
0;1;46;0.0;0.0;0.0;56.193;0.0;56.193
0;1;47;0.0;0.0;0.0;56.054;0.0;56.054
0;1;48;0.0;0.0;0.0;17.665;0.0;17.665
0;1;49;0.0;0.0;0.0;19.433;0.0;19.433
0;1;50;0.0;0.0;0.0;18.81;0.0;18.81
0;1;51;0.0;0.0;0.0;18.246;0.0;18.246
0;1;52;0.0;0.0;0.0;22.32;0.0;22.32
0;1;53;0.0;0.0;0.0;19.955;0.0;19.955
0;1;54;0.0;0.0;0.0;16.943;0.0;16.943
0;1;55;45.197;0.0;0.0;0.0;45.197;0.0
0;1;56;327.3;0.0;0.979;0.0;328.279;0.0
0;1;57;316.045;0.0;347.45;0.0;663.495;0.0
0;1;58;352.249;0.0;594.518;0.0;946.768;0.0
0;1;59;339.156;0.0;808.634;0.0;1147.79;0.0
0;1;60;339.559;0.0;982.244;0.0;1321.803;0.0
0;1;61;339.773;0.0;837.785;0.0;1177.558;0.0
0;1;62;400.275;0.0;344.708;0.0;744.982;0.0
0;1;63;289.813;0.0;0.0;0.0;289.813;0.0
0;1;64;482.631;0.0;0.0;0.0;482.631;0.0
0;1;65;313.282;0.0;0.0;0.0;313.282;0.0
0;1;66;114.937;0.0;0.0;0.0;114.937;0.0
0;1;67;0.0;0.0;0.0;39.709;0.0;39.709
0;1;68;0.0;0.0;0.0;77.337;0.0;77.337
0;1;69;0.0;0.0;0.0;64.027;0.0;64.027
0;1;70;0.0;0.0;0.0;58.409;0.0;58.409
0;1;71;0.0;0.0;0.0;39.712;0.0;39.712
0;1;72;0.0;0.0;0.0;17.553;0.0;17.553
0;1;73;0.0;0.0;0.0;19.72;0.0;19.72
0;1;74;0.0;0.0;0.0;19.438;0.0;19.438
0;1;75;0.0;0.0;0.0;18.504;0.0;18.504
0;1;76;0.0;0.0;0.0;18.562;0.0;18.562
0;1;77;0.0;0.0;0.0;23.894;0.0;23.894
0;1;78;0.0;0.0;0.0;12.824;0.0;12.824
0;1;79;91.623;0.0;0.0;0.0;91.623;0.0
0;1;80;168.49;0.0;228.696;0.0;397.186;0.0
0;1;81;199.575;0.0;580.885;0.0;780.46;0.0
0;1;82;205.684;0.0;896.393;0.0;1102.077;0.0
0;1;83;198.122;0.0;1141.431;0.0;1339.553;0.0
0;1;84;192.354;0.0;1250.688;0.0;1443.042;0.0
0;1;85;191.325;0.0;1141.193;0.0;1332.518;0.0
0;1;86;196.234;0.0;972.463;0.0;1168.696;0.0
0;1;87;410.603;0.0;617.111;0.0;1027.714;0.0
0;1;88;177.515;0.0;408.875;0.0;586.39;0.0
0;1;89;188.783;0.0;115.611;0.0;304.394;0.0
0;1;90;167.06;0.0;0.0;0.0;167.06;0.0
0;1;91;0.0;0.0;0.0;43.269;0.0;43.269
0;1;92;0.0;0.0;0.0;67.966;0.0;67.966
0;1;93;0.0;0.0;0.0;64.396;0.0;64.396
0;1;94;0.0;0.0;0.0;58.339;0.0;58.339
0;1;95;0.0;0.0;0.0;49.996;0.0;49.996
0;1;96;0.0;0.0;0.0;16.783;0.0;16.783
0;1;97;0.0;0.0;0.0;18.711;0.0;18.711
0;1;98;0.0;0.0;0.0;22.833;0.0;22.833
0;1;99;0.0;0.0;0.0;19.229;0.0;19.229
0;1;100;0.0;0.0;0.0;18.228;0.0;18.228
0;1;101;0.0;0.0;0.0;19.633;0.0;19.633
0;1;102;0.0;0.0;0.0;12.053;0.0;12.053
0;1;103;95.272;0.0;0.0;0.0;95.272;0.0
0;1;104;286.795;0.0;0.0;0.0;286.795;0.0
0;1;105;334.133;0.0;0.0;0.0;334.133;0.0
0;1;106;420.158;0.0;345.914;0.0;766.072;0.0
0;1;107;420.263;0.0;921.702;0.0;1341.965;0.0
0;1;108;404.139;0.0;1110.918;0.0;1515.057;0.0
0;1;109;393.094;0.0;826.619;0.0;1219.712;0.0
0;1;110;485.852;0.0;47.619;0.0;533.471;0.0
0;1;111;479.628;0.0;0.0;0.0;479.628;0.0
0;1;112;422.364;0.0;0.0;0.0;422.364;0.0
0;1;113;321.308;0.0;0.0;0.0;321.308;0.0
0;1;114;150.453;0.0;0.0;0.0;150.453;0.0
0;1;115;0.0;0.0;0.0;50.049;0.0;50.049
0;1;116;0.0;0.0;0.0;71.854;0.0;71.854
0;1;117;0.0;0.0;0.0;59.689;0.0;59.689
0;1;118;0.0;0.0;0.0;53.321;0.0;53.321
0;1;119;0.0;0.0;0.0;35.648;0.0;35.648
0;1;120;0.0;0.0;0.0;16.989;0.0;16.989
0;1;121;0.0;0.0;0.0;20.609;0.0;20.609
0;1;122;0.0;0.0;0.0;18.532;0.0;18.532
0;1;123;0.0;0.0;0.0;18.088;0.0;18.088
0;1;124;0.0;0.0;0.0;19.257;0.0;19.257
0;1;125;0.0;0.0;0.0;19.214;0.0;19.214
0;1;126;0.0;0.0;0.0;16.021;0.0;16.021
0;1;127;48.382;0.0;0.0;0.0;48.382;0.0
0;1;128;360.95;0.0;17.793;0.0;378.743;0.0
0;1;129;397.513;0.0;358.893;0.0;756.407;0.0
0;1;130;404.916;0.0;668.996;0.0;1073.913;0.0
0;1;131;393.436;0.0;895.421;0.0;1288.857;0.0
0;1;132;384.855;0.0;1021.823;0.0;1406.678;0.0
0;1;133;385.69;0.0;937.395;0.0;1323.085;0.0
0;1;134;403.612;0.0;644.355;0.0;1047.967;0.0
0;1;135;372.075;0.0;359.456;0.0;731.531;0.0
0;1;136;478.329;0.0;25.55;0.0;503.878;0.0
0;1;137;423.016;0.0;0.0;0.0;423.016;0.0
0;1;138;149.276;0.0;0.0;0.0;149.276;0.0
0;1;139;0.0;0.0;0.0;50.84;0.0;50.84
0;1;140;0.0;0.0;0.0;65.642;0.0;65.642
0;1;141;0.0;0.0;0.0;62.976;0.0;62.976
0;1;142;0.0;0.0;0.0;52.098;0.0;52.098
0;1;143;0.0;0.0;0.0;62.957;0.0;62.957
0;1;144;0.0;0.0;0.0;17.761;0.0;17.761
0;1;145;0.0;0.0;0.0;18.734;0.0;18.734
0;1;146;0.0;0.0;0.0;18.328;0.0;18.328
0;1;147;0.0;0.0;0.0;18.938;0.0;18.938
0;1;148;0.0;0.0;0.0;21.383;0.0;21.383
0;1;149;0.0;0.0;0.0;19.675;0.0;19.675
0;1;150;0.0;0.0;0.0;18.79;0.0;18.79
0;1;151;86.426;0.0;0.0;0.0;86.426;0.0
0;1;152;361.018;0.0;28.043;0.0;389.061;0.0
0;1;153;391.879;0.0;371.899;0.0;763.778;0.0
0;1;154;404.53;0.0;677.377;0.0;1081.907;0.0
0;1;155;400.293;0.0;918.578;0.0;1318.871;0.0
0;1;156;387.427;0.0;1063.36;0.0;1450.787;0.0
0;1;157;388.635;0.0;1039.206;0.0;1427.841;0.0
0;1;158;383.712;0.0;658.418;0.0;1042.13;0.0
0;1;159;653.172;0.0;180.422;0.0;833.595;0.0
0;1;160;437.059;0.0;257.341;0.0;694.4;0.0
0;1;161;407.757;0.0;0.0;0.0;407.757;0.0
0;1;162;163.661;0.0;0.0;0.0;163.661;0.0
0;1;163;0.0;0.0;0.0;55.376;0.0;55.376
0;1;164;0.0;0.0;0.0;76.092;0.0;76.092
0;1;165;0.0;0.0;0.0;68.057;0.0;68.057
0;1;166;0.0;0.0;0.0;69.299;0.0;69.299
0;1;167;0.0;0.0;0.0;42.765;0.0;42.765
0;2;0;0.0;0.0;0.0;167.286;0.0;167.286
0;2;1;0.0;0.0;0.0;179.357;0.0;179.357
0;2;2;0.0;0.0;0.0;174.165;0.0;174.165
0;2;3;0.0;0.0;0.0;165.476;0.0;165.476
0;2;4;0.0;0.0;0.0;93.284;0.0;93.284
0;2;5;0.0;0.0;0.0;179.959;0.0;179.959
0;2;6;0.0;0.0;0.0;21.88;0.0;21.88
0;2;7;44.545;0.0;0.0;0.0;44.545;0.0
0;2;8;451.653;0.0;0.0;0.0;451.653;0.0
0;2;9;762.245;0.0;0.0;0.0;762.245;0.0
0;2;10;765.249;0.0;312.52;0.0;1077.769;0.0
0;2;11;737.633;0.0;505.976;0.0;1243.61;0.0
0;2;12;793.264;0.0;525.396;0.0;1318.66;0.0
0;2;13;787.878;0.0;354.557;0.0;1142.435;0.0
0;2;14;706.236;0.0;0.0;0.0;706.236;0.0
0;2;15;599.823;0.0;0.0;0.0;599.823;0.0
0;2;16;585.965;0.0;0.0;0.0;585.965;0.0
0;2;17;343.003;0.0;0.0;0.0;343.003;0.0
0;2;18;15.42;0.0;0.0;0.0;15.42;0.0
0;2;19;0.0;0.0;0.0;159.542;0.0;159.542
0;2;20;0.0;0.0;0.0;117.794;0.0;117.794
0;2;21;0.0;0.0;0.0;108.292;0.0;108.292
0;2;22;0.0;0.0;0.0;115.482;0.0;115.482
0;2;23;0.0;0.0;0.0;116.129;0.0;116.129
0;2;24;0.0;0.0;0.0;87.499;0.0;87.499
0;2;25;0.0;0.0;0.0;19.219;0.0;19.219
0;2;26;0.0;0.0;0.0;18.695;0.0;18.695
0;2;27;0.0;0.0;0.0;175.882;0.0;175.882
0;2;28;0.0;0.0;0.0;87.924;0.0;87.924
0;2;29;0.0;0.0;0.0;22.177;0.0;22.177
0;2;30;0.0;0.0;0.0;185.257;0.0;185.257
0;2;31;46.245;0.0;0.0;0.0;46.245;0.0
0;2;32;381.727;0.0;0.0;0.0;381.727;0.0
0;2;33;665.915;0.0;0.0;0.0;665.915;0.0
0;2;34;791.244;0.0;217.434;0.0;1008.678;0.0
0;2;35;751.416;0.0;483.506;0.0;1234.922;0.0
0;2;36;701.278;0.0;613.027;0.0;1314.306;0.0
0;2;37;684.28;0.0;513.897;0.0;1198.178;0.0
0;2;38;783.227;0.0;270.642;0.0;1053.87;0.0
0;2;39;754.886;0.0;85.072;0.0;839.958;0.0
0;2;40;590.248;0.0;0.0;0.0;590.248;0.0
0;2;41;200.545;0.0;0.0;0.0;200.545;0.0
0;2;42;0.0;0.0;0.0;5.732;0.0;5.732
0;2;43;0.0;0.0;0.0;67.545;0.0;67.545
0;2;44;0.0;0.0;0.0;78.285;0.0;78.285
0;2;45;0.0;0.0;0.0;65.811;0.0;65.811
0;2;46;0.0;0.0;0.0;69.962;0.0;69.962
0;2;47;0.0;0.0;0.0;45.367;0.0;45.367
0;2;48;0.0;0.0;0.0;16.822;0.0;16.822
0;2;49;0.0;0.0;0.0;17.764;0.0;17.764
0;2;50;0.0;0.0;0.0;19.345;0.0;19.345
0;2;51;0.0;0.0;0.0;18.273;0.0;18.273
0;2;52;0.0;0.0;0.0;18.888;0.0;18.888
0;2;53;0.0;0.0;0.0;50.023;0.0;50.023
0;2;54;0.0;0.0;0.0;50.853;0.0;50.853
0;2;55;0.0;0.0;0.0;196.94;0.0;196.94
0;2;56;24.05;0.0;0.0;0.0;24.05;0.0
0;2;57;119.293;0.0;0.0;0.0;119.293;0.0
0;2;58;84.091;0.0;0.0;0.0;84.091;0.0
0;2;59;94.139;0.0;0.0;0.0;94.139;0.0
0;2;60;202.711;0.0;0.0;0.0;202.711;0.0
0;2;61;206.105;0.0;0.0;0.0;206.105;0.0
0;2;62;260.319;0.0;0.0;0.0;260.319;0.0
0;2;63;255.0;0.0;0.0;0.0;255.0;0.0
0;2;64;116.692;0.0;0.0;0.0;116.692;0.0
0;2;65;49.664;0.0;0.0;0.0;49.664;0.0
0;2;66;0.0;0.0;0.0;158.148;0.0;158.148
0;2;67;0.0;0.0;0.0;71.876;0.0;71.876
0;2;68;0.0;0.0;0.0;82.575;0.0;82.575
0;2;69;0.0;0.0;0.0;62.48;0.0;62.48
0;2;70;0.0;0.0;0.0;190.02;0.0;190.02
0;2;71;0.0;0.0;0.0;106.433;0.0;106.433
0;2;72;0.0;0.0;0.0;150.213;0.0;150.213
0;2;73;0.0;0.0;0.0;23.613;0.0;23.613
0;2;74;0.0;0.0;0.0;18.041;0.0;18.041
0;2;75;0.0;0.0;0.0;19.582;0.0;19.582
0;2;76;0.0;0.0;0.0;17.903;0.0;17.903
0;2;77;0.0;0.0;0.0;23.818;0.0;23.818
0;2;78;0.0;0.0;0.0;22.748;0.0;22.748
0;2;79;46.275;0.0;0.0;0.0;46.275;0.0
0;2;80;197.336;0.0;0.0;0.0;197.336;0.0
0;2;81;135.919;0.0;0.0;0.0;135.919;0.0
0;2;82;220.133;0.0;0.0;0.0;220.133;0.0
0;2;83;462.872;0.0;0.0;0.0;462.872;0.0
0;2;84;599.658;0.0;242.103;0.0;841.761;0.0
0;2;85;598.743;0.0;0.0;0.0;598.743;0.0
0;2;86;430.914;0.0;0.0;0.0;430.914;0.0
0;2;87;366.238;0.0;0.0;0.0;366.238;0.0
0;2;88;243.956;0.0;0.0;0.0;243.956;0.0
0;2;89;184.07;0.0;0.0;0.0;184.07;0.0
0;2;90;0.0;0.0;0.0;63.164;0.0;63.164
0;2;91;0.0;0.0;0.0;50.629;0.0;50.629
0;2;92;0.0;0.0;0.0;202.234;0.0;202.234
0;2;93;0.0;0.0;0.0;62.695;0.0;62.695
0;2;94;0.0;0.0;0.0;196.601;0.0;196.601
0;2;95;0.0;0.0;0.0;91.507;0.0;91.507
0;2;96;0.0;0.0;0.0;123.348;0.0;123.348
0;2;97;0.0;0.0;0.0;133.899;0.0;133.899
0;2;98;0.0;0.0;0.0;132.3;0.0;132.3
0;2;99;0.0;0.0;0.0;19.302;0.0;19.302
0;2;100;0.0;0.0;0.0;172.587;0.0;172.587
0;2;101;0.0;0.0;0.0;173.081;0.0;173.081
0;2;102;0.0;0.0;0.0;86.283;0.0;86.283
0;2;103;18.37;0.0;0.0;0.0;18.37;0.0
0;2;104;406.163;0.0;0.0;0.0;406.163;0.0
0;2;105;679.623;0.0;0.0;0.0;679.623;0.0
0;2;106;738.832;0.0;0.0;0.0;738.832;0.0
0;2;107;644.544;0.0;0.0;0.0;644.544;0.0
0;2;108;728.582;0.0;0.0;0.0;728.582;0.0
0;2;109;641.53;0.0;0.0;0.0;641.53;0.0
0;2;110;629.622;0.0;0.0;0.0;629.622;0.0
0;2;111;353.964;0.0;0.0;0.0;353.964;0.0
0;2;112;180.432;0.0;0.0;0.0;180.432;0.0
0;2;113;128.144;0.0;0.0;0.0;128.144;0.0
0;2;114;0.0;0.0;0.0;40.315;0.0;40.315
0;2;115;0.0;0.0;0.0;67.327;0.0;67.327
0;2;116;0.0;0.0;0.0;106.153;0.0;106.153
0;2;117;0.0;0.0;0.0;59.035;0.0;59.035
0;2;118;0.0;0.0;0.0;145.084;0.0;145.084
0;2;119;0.0;0.0;0.0;37.669;0.0;37.669
0;2;120;0.0;0.0;0.0;64.492;0.0;64.492
0;2;121;0.0;0.0;0.0;71.826;0.0;71.826
0;2;122;0.0;0.0;0.0;71.059;0.0;71.059
0;2;123;0.0;0.0;0.0;72.054;0.0;72.054
0;2;124;0.0;0.0;0.0;73.131;0.0;73.131
0;2;125;0.0;0.0;0.0;83.335;0.0;83.335
0;2;126;0.0;0.0;0.0;160.422;0.0;160.422
0;2;127;0.0;0.0;0.0;171.638;0.0;171.638
0;2;128;78.39;0.0;0.0;0.0;78.39;0.0
0;2;129;171.767;0.0;0.0;0.0;171.767;0.0
0;2;130;245.49;0.0;0.0;0.0;245.49;0.0
0;2;131;257.044;0.0;0.0;0.0;257.044;0.0
0;2;132;576.254;0.0;0.0;0.0;576.254;0.0
0;2;133;659.777;0.0;0.0;0.0;659.777;0.0
0;2;134;344.593;0.0;0.0;0.0;344.593;0.0
0;2;135;157.98;0.0;0.0;0.0;157.98;0.0
0;2;136;138.626;0.0;0.0;0.0;138.626;0.0
0;2;137;47.817;0.0;0.0;0.0;47.817;0.0
0;2;138;0.0;0.0;0.0;176.067;0.0;176.067
0;2;139;0.0;0.0;0.0;214.237;0.0;214.237
0;2;140;0.0;0.0;0.0;78.981;0.0;78.981
0;2;141;0.0;0.0;0.0;69.214;0.0;69.214
0;2;142;0.0;0.0;0.0;153.846;0.0;153.846
0;2;143;0.0;0.0;0.0;65.751;0.0;65.751
0;2;144;0.0;0.0;0.0;49.492;0.0;49.492
0;2;145;0.0;0.0;0.0;18.137;0.0;18.137
0;2;146;0.0;0.0;0.0;18.381;0.0;18.381
0;2;147;0.0;0.0;0.0;19.946;0.0;19.946
0;2;148;0.0;0.0;0.0;18.542;0.0;18.542
0;2;149;0.0;0.0;0.0;19.36;0.0;19.36
0;2;150;0.0;0.0;0.0;19.909;0.0;19.909
0;2;151;0.0;0.0;0.0;115.386;0.0;115.386
0;2;152;0.0;0.0;0.0;150.502;0.0;150.502
0;2;153;43.285;0.0;0.0;0.0;43.285;0.0
0;2;154;35.437;0.0;0.0;0.0;35.437;0.0
0;2;155;52.074;0.0;0.0;0.0;52.074;0.0
0;2;156;121.306;0.0;0.0;0.0;121.306;0.0
0;2;157;79.093;0.0;0.0;0.0;79.093;0.0
0;2;158;85.936;0.0;0.0;0.0;85.936;0.0
0;2;159;51.88;0.0;0.0;0.0;51.88;0.0
0;2;160;0.0;0.0;0.0;0.0;0.0;0.0
0;2;161;0.0;0.0;0.0;169.254;0.0;169.254
0;2;162;0.0;0.0;0.0;81.205;0.0;81.205
0;2;163;0.0;0.0;0.0;71.248;0.0;71.248
0;2;164;0.0;0.0;0.0;82.687;0.0;82.687
0;2;165;0.0;0.0;0.0;105.219;0.0;105.219
0;2;166;0.0;0.0;0.0;162.774;0.0;162.774
0;2;167;0.0;0.0;0.0;173.953;0.0;173.953
0;3;0;0.0;0.0;0.0;196.858;0.0;196.858
0;3;1;0.0;0.0;0.0;201.024;0.0;201.024
0;3;2;0.0;0.0;0.0;195.651;0.0;195.651
0;3;3;0.0;0.0;0.0;196.11;0.0;196.11
0;3;4;0.0;0.0;0.0;196.439;0.0;196.439
0;3;5;0.0;0.0;0.0;200.499;0.0;200.499
0;3;6;0.0;0.0;0.0;203.222;0.0;203.222
0;3;7;0.0;0.0;0.0;241.094;0.0;241.094
0;3;8;0.0;0.0;0.0;248.52;0.0;248.52
0;3;9;0.0;0.0;0.0;108.388;0.0;108.388
0;3;10;27.737;0.0;0.0;0.0;27.737;0.0
0;3;11;0.0;0.0;0.0;1.953;0.0;1.953
0;3;12;258.018;0.0;0.0;0.0;258.018;0.0
0;3;13;686.636;0.0;0.0;0.0;686.636;0.0
0;3;14;639.424;0.0;0.0;0.0;639.424;0.0
0;3;15;334.09;0.0;0.0;0.0;334.09;0.0
0;3;16;0.0;0.0;0.0;103.752;0.0;103.752
0;3;17;0.0;0.0;0.0;247.102;0.0;247.102
0;3;18;0.0;0.0;0.0;239.513;0.0;239.513
0;3;19;0.0;0.0;0.0;248.151;0.0;248.151
0;3;20;0.0;0.0;0.0;253.476;0.0;253.476
0;3;21;0.0;0.0;0.0;244.998;0.0;244.998
0;3;22;0.0;0.0;0.0;232.131;0.0;232.131
0;3;23;0.0;0.0;0.0;218.92;0.0;218.92
0;3;24;0.0;0.0;0.0;194.47;0.0;194.47
0;3;25;0.0;0.0;0.0;205.332;0.0;205.332
0;3;26;0.0;0.0;0.0;197.959;0.0;197.959
0;3;27;0.0;0.0;0.0;198.624;0.0;198.624
0;3;28;0.0;0.0;0.0;199.92;0.0;199.92
0;3;29;0.0;0.0;0.0;202.69;0.0;202.69
0;3;30;0.0;0.0;0.0;205.299;0.0;205.299
0;3;31;0.0;0.0;0.0;232.004;0.0;232.004
0;3;32;0.0;0.0;0.0;247.954;0.0;247.954
0;3;33;0.0;0.0;0.0;139.256;0.0;139.256
0;3;34;208.707;0.0;0.0;0.0;208.707;0.0
0;3;35;268.286;0.0;0.0;0.0;268.286;0.0
0;3;36;347.546;0.0;0.0;0.0;347.546;0.0
0;3;37;194.628;0.0;0.0;0.0;194.628;0.0
0;3;38;0.0;0.0;0.0;145.133;0.0;145.133
0;3;39;0.0;0.0;0.0;180.448;0.0;180.448
0;3;40;0.0;0.0;0.0;239.643;0.0;239.643
0;3;41;0.0;0.0;0.0;249.297;0.0;249.297
0;3;42;0.0;0.0;0.0;249.653;0.0;249.653
0;3;43;0.0;0.0;0.0;255.371;0.0;255.371
0;3;44;0.0;0.0;0.0;244.937;0.0;244.937
0;3;45;0.0;0.0;0.0;238.494;0.0;238.494
0;3;46;0.0;0.0;0.0;232.91;0.0;232.91
0;3;47;0.0;0.0;0.0;208.692;0.0;208.692
0;3;48;0.0;0.0;0.0;131.376;0.0;131.376
0;3;49;0.0;0.0;0.0;131.836;0.0;131.836
0;3;50;0.0;0.0;0.0;124.251;0.0;124.251
0;3;51;0.0;0.0;0.0;121.617;0.0;121.617
0;3;52;0.0;0.0;0.0;119.803;0.0;119.803
0;3;53;0.0;0.0;0.0;127.29;0.0;127.29
0;3;54;0.0;0.0;0.0;130.507;0.0;130.507
0;3;55;0.0;0.0;0.0;169.453;0.0;169.453
0;3;56;0.0;0.0;0.0;181.81;0.0;181.81
0;3;57;0.0;0.0;0.0;163.476;0.0;163.476
0;3;58;0.0;0.0;0.0;86.629;0.0;86.629
0;3;59;0.0;0.0;0.0;98.73;0.0;98.73
0;3;60;88.251;0.0;0.0;0.0;88.251;0.0
0;3;61;392.261;0.0;0.0;0.0;392.261;0.0
0;3;62;171.904;0.0;0.0;0.0;171.904;0.0
0;3;63;74.572;0.0;0.0;0.0;74.572;0.0
0;3;64;0.0;0.0;0.0;139.382;0.0;139.382
0;3;65;0.0;0.0;0.0;237.243;0.0;237.243
0;3;66;0.0;0.0;0.0;225.119;0.0;225.119
0;3;67;0.0;0.0;0.0;226.257;0.0;226.257
0;3;68;0.0;0.0;0.0;222.604;0.0;222.604
0;3;69;0.0;0.0;0.0;56.64;0.0;56.64
0;3;70;0.0;0.0;0.0;61.653;0.0;61.653
0;3;71;0.0;0.0;0.0;156.227;0.0;156.227
0;3;72;0.0;0.0;0.0;131.06;0.0;131.06
0;3;73;0.0;0.0;0.0;137.325;0.0;137.325
0;3;74;0.0;0.0;0.0;138.346;0.0;138.346
0;3;75;0.0;0.0;0.0;142.02;0.0;142.02
0;3;76;0.0;0.0;0.0;141.483;0.0;141.483
0;3;77;0.0;0.0;0.0;143.734;0.0;143.734
0;3;78;0.0;0.0;0.0;181.44;0.0;181.44
0;3;79;0.0;0.0;0.0;142.013;0.0;142.013
0;3;80;0.0;0.0;0.0;185.814;0.0;185.814
0;3;81;0.0;0.0;0.0;161.032;0.0;161.032
0;3;82;0.0;0.0;0.0;172.606;0.0;172.606
0;3;83;0.0;0.0;0.0;158.794;0.0;158.794
0;3;84;0.0;0.0;0.0;100.455;0.0;100.455
0;3;85;392.833;0.0;0.0;0.0;392.833;0.0
0;3;86;367.21;0.0;0.0;0.0;367.21;0.0
0;3;87;134.086;0.0;0.0;0.0;134.086;0.0
0;3;88;0.0;0.0;0.0;178.328;0.0;178.328
0;3;89;0.0;0.0;0.0;214.771;0.0;214.771
0;3;90;0.0;0.0;0.0;225.919;0.0;225.919
0;3;91;0.0;0.0;0.0;240.645;0.0;240.645
0;3;92;0.0;0.0;0.0;262.194;0.0;262.194
0;3;93;0.0;0.0;0.0;250.217;0.0;250.217
0;3;94;0.0;0.0;0.0;227.717;0.0;227.717
0;3;95;0.0;0.0;0.0;231.288;0.0;231.288
0;3;96;0.0;0.0;0.0;194.243;0.0;194.243
0;3;97;0.0;0.0;0.0;203.28;0.0;203.28
0;3;98;0.0;0.0;0.0;198.211;0.0;198.211
0;3;99;0.0;0.0;0.0;250.573;0.0;250.573
0;3;100;0.0;0.0;0.0;261.528;0.0;261.528
0;3;101;0.0;0.0;0.0;259.958;0.0;259.958
0;3;102;0.0;0.0;0.0;259.22;0.0;259.22
0;3;103;0.0;0.0;0.0;287.429;0.0;287.429
0;3;104;0.0;0.0;0.0;298.354;0.0;298.354
0;3;105;0.0;0.0;0.0;302.56;0.0;302.56
0;3;106;0.0;0.0;0.0;289.544;0.0;289.544
0;3;107;0.0;0.0;0.0;274.792;0.0;274.792
0;3;108;0.0;0.0;0.0;240.403;0.0;240.403
0;3;109;0.0;0.0;0.0;216.342;0.0;216.342
0;3;110;0.0;0.0;0.0;240.819;0.0;240.819
0;3;111;0.0;0.0;0.0;257.537;0.0;257.537
0;3;112;0.0;0.0;0.0;284.135;0.0;284.135
0;3;113;0.0;0.0;0.0;287.869;0.0;287.869
0;3;114;0.0;0.0;0.0;306.371;0.0;306.371
0;3;115;0.0;0.0;0.0;316.42;0.0;316.42
0;3;116;0.0;0.0;0.0;303.039;0.0;303.039
0;3;117;0.0;0.0;0.0;302.234;0.0;302.234
0;3;118;0.0;0.0;0.0;299.806;0.0;299.806
0;3;119;0.0;0.0;0.0;281.907;0.0;281.907
0;3;120;0.0;0.0;0.0;251.903;0.0;251.903
0;3;121;0.0;0.0;0.0;257.986;0.0;257.986
0;3;122;0.0;0.0;0.0;256.976;0.0;256.976
0;3;123;0.0;0.0;0.0;259.532;0.0;259.532
0;3;124;0.0;0.0;0.0;262.114;0.0;262.114
0;3;125;0.0;0.0;0.0;265.561;0.0;265.561
0;3;126;0.0;0.0;0.0;267.814;0.0;267.814
0;3;127;0.0;0.0;0.0;301.523;0.0;301.523
0;3;128;0.0;0.0;0.0;315.355;0.0;315.355
0;3;129;0.0;0.0;0.0;285.757;0.0;285.757
0;3;130;0.0;0.0;0.0;215.295;0.0;215.295
0;3;131;0.0;0.0;0.0;209.687;0.0;209.687
0;3;132;0.0;0.0;0.0;64.858;0.0;64.858
0;3;133;0.0;0.0;0.0;5.759;0.0;5.759
0;3;134;0.0;0.0;0.0;189.846;0.0;189.846
0;3;135;0.0;0.0;0.0;204.735;0.0;204.735
0;3;136;0.0;0.0;0.0;304.561;0.0;304.561
0;3;137;0.0;0.0;0.0;306.826;0.0;306.826
0;3;138;0.0;0.0;0.0;314.695;0.0;314.695
0;3;139;0.0;0.0;0.0;325.886;0.0;325.886
0;3;140;0.0;0.0;0.0;309.78;0.0;309.78
0;3;141;0.0;0.0;0.0;306.208;0.0;306.208
0;3;142;0.0;0.0;0.0;314.476;0.0;314.476
0;3;143;0.0;0.0;0.0;283.852;0.0;283.852
0;3;144;0.0;0.0;0.0;262.481;0.0;262.481
0;3;145;0.0;0.0;0.0;264.586;0.0;264.586
0;3;146;0.0;0.0;0.0;263.144;0.0;263.144
0;3;147;0.0;0.0;0.0;266.65;0.0;266.65
0;3;148;0.0;0.0;0.0;264.552;0.0;264.552
0;3;149;0.0;0.0;0.0;267.373;0.0;267.373
0;3;150;0.0;0.0;0.0;273.138;0.0;273.138
0;3;151;0.0;0.0;0.0;302.761;0.0;302.761
0;3;152;0.0;0.0;0.0;319.985;0.0;319.985
0;3;153;0.0;0.0;0.0;168.094;0.0;168.094
0;3;154;56.61;0.0;0.0;0.0;56.61;0.0
0;3;155;0.0;0.0;0.0;68.668;0.0;68.668
0;3;156;0.0;0.0;0.0;119.063;0.0;119.063
0;3;157;0.0;0.0;0.0;128.7;0.0;128.7
0;3;158;0.0;0.0;0.0;132.479;0.0;132.479
0;3;159;0.0;0.0;0.0;215.364;0.0;215.364
0;3;160;0.0;0.0;0.0;229.383;0.0;229.383
0;3;161;0.0;0.0;0.0;227.316;0.0;227.316
0;3;162;0.0;0.0;0.0;234.565;0.0;234.565
0;3;163;0.0;0.0;0.0;244.327;0.0;244.327
0;3;164;0.0;0.0;0.0;229.745;0.0;229.745
0;3;165;0.0;0.0;0.0;234.952;0.0;234.952
0;3;166;0.0;0.0;0.0;231.707;0.0;231.707
0;3;167;0.0;0.0;0.0;210.754;0.0;210.754
5;0;0;0.0;0.0;0.0;16.917;0.0;16.917
5;0;1;0.0;0.0;0.0;176.035;0.0;176.035
5;0;2;0.0;0.0;0.0;24.311;0.0;24.311
5;0;3;0.0;0.0;0.0;124.759;0.0;124.759
5;0;4;0.0;0.0;0.0;125.186;0.0;125.186
5;0;5;0.0;0.0;0.0;129.238;0.0;129.238
5;0;6;0.0;0.0;0.0;148.54;0.0;148.54
5;0;7;0.0;0.0;0.0;182.778;0.0;182.778
5;0;8;0.0;0.0;0.0;23.111;0.0;23.111
5;0;9;325.699;0.0;0.0;0.0;325.699;0.0
5;0;10;407.667;0.0;0.0;0.0;407.667;0.0
5;0;11;132.713;0.0;0.0;0.0;132.713;0.0
5;0;12;236.288;0.0;0.0;0.0;236.288;0.0
5;0;13;0.0;0.0;0.0;0.0;0.0;0.0
5;0;14;0.0;0.0;0.0;0.0;0.0;0.0
5;0;15;218.645;0.0;0.0;0.0;218.645;0.0
5;0;16;62.738;0.0;0.0;0.0;62.738;0.0
5;0;17;0.0;0.0;0.0;0.0;0.0;0.0
5;0;18;0.0;0.0;0.0;126.218;0.0;126.218
5;0;19;0.0;0.0;0.0;73.206;0.0;73.206
5;0;20;0.0;0.0;0.0;83.508;0.0;83.508
5;0;21;0.0;0.0;0.0;212.515;0.0;212.515
5;0;22;0.0;0.0;0.0;203.581;0.0;203.581
5;0;23;0.0;0.0;0.0;198.116;0.0;198.116
5;0;24;0.0;0.0;0.0;16.85;0.0;16.85
5;0;25;0.0;0.0;0.0;18.334;0.0;18.334
5;0;26;0.0;0.0;0.0;19.988;0.0;19.988
5;0;27;0.0;0.0;0.0;179.935;0.0;179.935
5;0;28;0.0;0.0;0.0;179.235;0.0;179.235
5;0;29;0.0;0.0;0.0;183.701;0.0;183.701
5;0;30;0.0;0.0;0.0;23.287;0.0;23.287
5;0;31;0.0;0.0;0.0;198.716;0.0;198.716
5;0;32;0.0;0.0;0.0;56.305;0.0;56.305
5;0;33;252.283;0.0;0.0;0.0;252.283;0.0
5;0;34;466.52;0.0;0.0;0.0;466.52;0.0
5;0;35;492.089;0.0;0.0;0.0;492.089;0.0
5;0;36;276.256;0.0;0.0;0.0;276.256;0.0
5;0;37;722.417;0.0;0.0;0.0;722.417;0.0
5;0;38;849.477;0.0;0.0;0.0;849.477;0.0
5;0;39;642.513;0.0;0.0;0.0;642.513;0.0
5;0;40;227.881;0.0;0.0;0.0;227.881;0.0
5;0;41;0.0;0.0;0.0;0.0;0.0;0.0
5;0;42;0.0;0.0;0.0;139.793;0.0;139.793
5;0;43;0.0;0.0;0.0;157.248;0.0;157.248
5;0;44;0.0;0.0;0.0;158.87;0.0;158.87
5;0;45;0.0;0.0;0.0;86.223;0.0;86.223
5;0;46;0.0;0.0;0.0;219.944;0.0;219.944
5;0;47;0.0;0.0;0.0;143.768;0.0;143.768
5;0;48;0.0;0.0;0.0;17.282;0.0;17.282
5;0;49;0.0;0.0;0.0;19.915;0.0;19.915
5;0;50;0.0;0.0;0.0;19.197;0.0;19.197
5;0;51;0.0;0.0;0.0;18.749;0.0;18.749
5;0;52;0.0;0.0;0.0;32.001;0.0;32.001
5;0;53;0.0;0.0;0.0;112.611;0.0;112.611
5;0;54;0.0;0.0;0.0;118.727;0.0;118.727
5;0;55;0.0;0.0;0.0;178.122;0.0;178.122
5;0;56;0.0;0.0;0.0;84.021;0.0;84.021
5;0;57;99.934;0.0;0.0;0.0;99.934;0.0
5;0;58;299.302;0.0;0.0;0.0;299.302;0.0
5;0;59;488.654;0.0;0.0;0.0;488.654;0.0
5;0;60;131.666;0.0;0.0;0.0;131.666;0.0
5;0;61;0.0;0.0;0.0;0.0;0.0;0.0
5;0;62;47.045;0.0;0.0;0.0;47.045;0.0
5;0;63;420.9;0.0;0.0;0.0;420.9;0.0
5;0;64;441.498;0.0;0.0;0.0;441.498;0.0
5;0;65;0.0;0.0;0.0;0.0;0.0;0.0
5;0;66;0.0;0.0;0.0;82.486;0.0;82.486
5;0;67;0.0;0.0;0.0;88.679;0.0;88.679
5;0;68;0.0;0.0;0.0;205.787;0.0;205.787
5;0;69;0.0;0.0;0.0;211.963;0.0;211.963
5;0;70;0.0;0.0;0.0;194.436;0.0;194.436
5;0;71;0.0;0.0;0.0;97.576;0.0;97.576
5;0;72;0.0;0.0;0.0;16.68;0.0;16.68
5;0;73;0.0;0.0;0.0;18.497;0.0;18.497
5;0;74;0.0;0.0;0.0;18.753;0.0;18.753
5;0;75;0.0;0.0;0.0;19.291;0.0;19.291
5;0;76;0.0;0.0;0.0;134.904;0.0;134.904
5;0;77;0.0;0.0;0.0;19.385;0.0;19.385
5;0;78;0.0;0.0;0.0;117.468;0.0;117.468
5;0;79;0.0;0.0;0.0;185.464;0.0;185.464
5;0;80;0.0;0.0;0.0;95.883;0.0;95.883
5;0;81;0.0;0.0;0.0;65.794;0.0;65.794
5;0;82;0.0;0.0;0.0;17.762;0.0;17.762
5;0;83;19.11;0.0;0.0;0.0;19.11;0.0
5;0;84;121.234;0.0;0.0;0.0;121.234;0.0
5;0;85;84.717;0.0;0.0;0.0;84.717;0.0
5;0;86;0.0;0.0;0.0;0.0;0.0;0.0
5;0;87;67.738;0.0;0.0;0.0;67.738;0.0
5;0;88;0.0;0.0;0.0;0.0;0.0;0.0
5;0;89;32.097;0.0;0.0;0.0;32.097;0.0
5;0;90;0.0;0.0;0.0;30.57;0.0;30.57
5;0;91;0.0;0.0;0.0;66.306;0.0;66.306
5;0;92;0.0;0.0;0.0;221.749;0.0;221.749
5;0;93;0.0;0.0;0.0;67.065;0.0;67.065
5;0;94;0.0;0.0;0.0;236.641;0.0;236.641
5;0;95;0.0;0.0;0.0;216.509;0.0;216.509
5;0;96;0.0;0.0;0.0;187.402;0.0;187.402
5;0;97;0.0;0.0;0.0;196.1;0.0;196.1
5;0;98;0.0;0.0;0.0;190.877;0.0;190.877
5;0;99;0.0;0.0;0.0;192.528;0.0;192.528
5;0;100;0.0;0.0;0.0;193.18;0.0;193.18
5;0;101;0.0;0.0;0.0;193.394;0.0;193.394
5;0;102;0.0;0.0;0.0;193.45;0.0;193.45
5;0;103;0.0;0.0;0.0;231.46;0.0;231.46
5;0;104;0.0;0.0;0.0;129.778;0.0;129.778
5;0;105;45.16;0.0;0.0;0.0;45.16;0.0
5;0;106;13.84;0.0;0.0;0.0;13.84;0.0
5;0;107;0.0;0.0;0.0;25.944;0.0;25.944
5;0;108;0.0;0.0;0.0;33.12;0.0;33.12
5;0;109;0.0;0.0;0.0;47.842;0.0;47.842
5;0;110;369.345;0.0;0.0;0.0;369.345;0.0
5;0;111;310.867;0.0;0.0;0.0;310.867;0.0
5;0;112;0.0;0.0;0.0;148.9;0.0;148.9
5;0;113;0.0;0.0;0.0;173.217;0.0;173.217
5;0;114;0.0;0.0;0.0;223.813;0.0;223.813
5;0;115;0.0;0.0;0.0;205.561;0.0;205.561
5;0;116;0.0;0.0;0.0;82.816;0.0;82.816
5;0;117;0.0;0.0;0.0;232.654;0.0;232.654
5;0;118;0.0;0.0;0.0;217.785;0.0;217.785
5;0;119;0.0;0.0;0.0;196.672;0.0;196.672
5;0;120;0.0;0.0;0.0;183.207;0.0;183.207
5;0;121;0.0;0.0;0.0;185.47;0.0;185.47
5;0;122;0.0;0.0;0.0;191.62;0.0;191.62
5;0;123;0.0;0.0;0.0;195.427;0.0;195.427
5;0;124;0.0;0.0;0.0;194.111;0.0;194.111
5;0;125;0.0;0.0;0.0;194.907;0.0;194.907
5;0;126;0.0;0.0;0.0;197.162;0.0;197.162
5;0;127;0.0;0.0;0.0;236.973;0.0;236.973
5;0;128;0.0;0.0;0.0;102.084;0.0;102.084
5;0;129;206.056;0.0;0.0;0.0;206.056;0.0
5;0;130;201.323;0.0;0.0;0.0;201.323;0.0
5;0;131;0.0;0.0;0.0;0.0;0.0;0.0
5;0;132;0.0;0.0;0.0;60.579;0.0;60.579
5;0;133;7.101;0.0;0.0;0.0;7.101;0.0
5;0;134;0.0;0.0;0.0;0.0;0.0;0.0
5;0;135;184.143;0.0;0.0;0.0;184.143;0.0
5;0;136;120.256;0.0;0.0;0.0;120.256;0.0
5;0;137;116.936;0.0;0.0;0.0;116.936;0.0
5;0;138;0.0;0.0;0.0;238.28;0.0;238.28
5;0;139;0.0;0.0;0.0;241.344;0.0;241.344
5;0;140;0.0;0.0;0.0;246.008;0.0;246.008
5;0;141;0.0;0.0;0.0;232.343;0.0;232.343
5;0;142;0.0;0.0;0.0;70.845;0.0;70.845
5;0;143;0.0;0.0;0.0;184.919;0.0;184.919
5;0;144;0.0;0.0;0.0;195.725;0.0;195.725
5;0;145;0.0;0.0;0.0;203.275;0.0;203.275
5;0;146;0.0;0.0;0.0;201.148;0.0;201.148
5;0;147;0.0;0.0;0.0;204.247;0.0;204.247
5;0;148;0.0;0.0;0.0;205.484;0.0;205.484
5;0;149;0.0;0.0;0.0;206.635;0.0;206.635
5;0;150;0.0;0.0;0.0;213.16;0.0;213.16
5;0;151;0.0;0.0;0.0;243.852;0.0;243.852
5;0;152;44.633;0.0;0.0;0.0;44.633;0.0
5;0;153;514.349;0.0;0.0;0.0;514.349;0.0
5;0;154;683.807;0.0;0.0;0.0;683.807;0.0
5;0;155;437.209;0.0;0.0;0.0;437.209;0.0
5;0;156;655.355;0.0;0.0;0.0;655.355;0.0
5;0;157;210.837;0.0;0.0;0.0;210.837;0.0
5;0;158;0.0;0.0;0.0;76.797;0.0;76.797
5;0;159;50.649;0.0;0.0;0.0;50.649;0.0
5;0;160;203.044;0.0;0.0;0.0;203.044;0.0
5;0;161;5.959;0.0;0.0;0.0;5.959;0.0
5;0;162;0.0;0.0;0.0;208.699;0.0;208.699
5;0;163;0.0;0.0;0.0;258.507;0.0;258.507
5;0;164;0.0;0.0;0.0;261.694;0.0;261.694
5;0;165;0.0;0.0;0.0;260.092;0.0;260.092
5;0;166;0.0;0.0;0.0;253.995;0.0;253.995
5;0;167;0.0;0.0;0.0;238.172;0.0;238.172
5;1;0;0.0;0.0;0.0;16.763;0.0;16.763
5;1;1;0.0;0.0;0.0;17.892;0.0;17.892
5;1;2;0.0;0.0;0.0;18.353;0.0;18.353
5;1;3;0.0;0.0;0.0;19.991;0.0;19.991
5;1;4;0.0;0.0;0.0;21.049;0.0;21.049
5;1;5;0.0;0.0;0.0;19.563;0.0;19.563
5;1;6;0.0;0.0;0.0;10.522;0.0;10.522
5;1;7;130.157;0.0;0.0;0.0;130.157;0.0
5;1;8;355.553;0.0;63.453;0.0;419.006;0.0
5;1;9;383.121;0.0;378.19;0.0;761.311;0.0
5;1;10;406.894;0.0;632.146;0.0;1039.04;0.0
5;1;11;371.67;0.0;821.47;0.0;1193.14;0.0
5;1;12;361.91;0.0;947.573;0.0;1309.483;0.0
5;1;13;376.358;0.0;1091.594;0.0;1467.951;0.0
5;1;14;382.657;0.0;808.367;0.0;1191.024;0.0
5;1;15;360.33;0.0;441.544;0.0;801.874;0.0
5;1;16;442.004;0.0;49.18;0.0;491.184;0.0
5;1;17;297.146;0.0;0.0;0.0;297.146;0.0
5;1;18;100.388;0.0;0.0;0.0;100.388;0.0
5;1;19;0.0;0.0;0.0;67.612;0.0;67.612
5;1;20;0.0;0.0;0.0;73.7;0.0;73.7
5;1;21;0.0;0.0;0.0;70.329;0.0;70.329
5;1;22;0.0;0.0;0.0;58.006;0.0;58.006
5;1;23;0.0;0.0;0.0;41.519;0.0;41.519
5;1;24;0.0;0.0;0.0;17.033;0.0;17.033
5;1;25;0.0;0.0;0.0;22.962;0.0;22.962
5;1;26;0.0;0.0;0.0;19.109;0.0;19.109
5;1;27;0.0;0.0;0.0;19.443;0.0;19.443
5;1;28;0.0;0.0;0.0;18.48;0.0;18.48
5;1;29;0.0;0.0;0.0;20.301;0.0;20.301
5;1;30;0.0;0.0;0.0;12.416;0.0;12.416
5;1;31;107.706;0.0;0.0;0.0;107.706;0.0
5;1;32;375.718;0.0;27.638;0.0;403.357;0.0
5;1;33;377.302;0.0;349.973;0.0;727.275;0.0
5;1;34;396.744;0.0;562.74;0.0;959.483;0.0
5;1;35;394.313;0.0;786.139;0.0;1180.451;0.0
5;1;36;362.407;0.0;1079.368;0.0;1441.774;0.0
5;1;37;367.725;0.0;1097.133;0.0;1464.858;0.0
5;1;38;399.032;0.0;970.249;0.0;1369.281;0.0
5;1;39;437.394;0.0;657.333;0.0;1094.727;0.0
5;1;40;360.548;0.0;486.733;0.0;847.281;0.0
5;1;41;476.481;0.0;0.0;0.0;476.481;0.0
5;1;42;178.296;0.0;0.0;0.0;178.296;0.0
5;1;43;0.0;0.0;0.0;42.373;0.0;42.373
5;1;44;0.0;0.0;0.0;77.275;0.0;77.275
5;1;45;0.0;0.0;0.0;65.547;0.0;65.547
5;1;46;0.0;0.0;0.0;56.193;0.0;56.193
5;1;47;0.0;0.0;0.0;56.054;0.0;56.054
5;1;48;0.0;0.0;0.0;17.665;0.0;17.665
5;1;49;0.0;0.0;0.0;19.433;0.0;19.433
5;1;50;0.0;0.0;0.0;18.81;0.0;18.81
5;1;51;0.0;0.0;0.0;18.246;0.0;18.246
5;1;52;0.0;0.0;0.0;22.32;0.0;22.32
5;1;53;0.0;0.0;0.0;19.955;0.0;19.955
5;1;54;0.0;0.0;0.0;16.943;0.0;16.943
5;1;55;45.197;0.0;0.0;0.0;45.197;0.0
5;1;56;327.3;0.0;0.979;0.0;328.279;0.0
5;1;57;316.045;0.0;347.45;0.0;663.495;0.0
5;1;58;351.069;0.0;596.047;0.0;947.116;0.0
5;1;59;337.998;0.0;810.128;0.0;1148.126;0.0
5;1;60;338.52;0.0;983.52;0.0;1322.04;0.0
5;1;61;338.684;0.0;839.234;0.0;1177.918;0.0
5;1;62;355.039;0.0;375.242;0.0;730.281;0.0
5;1;63;289.813;0.0;0.0;0.0;289.813;0.0
5;1;64;446.689;0.0;0.0;0.0;446.689;0.0
5;1;65;371.879;0.0;0.0;0.0;371.879;0.0
5;1;66;114.937;0.0;0.0;0.0;114.937;0.0
5;1;67;0.0;0.0;0.0;39.709;0.0;39.709
5;1;68;0.0;0.0;0.0;77.337;0.0;77.337
5;1;69;0.0;0.0;0.0;64.027;0.0;64.027
5;1;70;0.0;0.0;0.0;58.409;0.0;58.409
5;1;71;0.0;0.0;0.0;39.712;0.0;39.712
5;1;72;0.0;0.0;0.0;17.553;0.0;17.553
5;1;73;0.0;0.0;0.0;19.72;0.0;19.72
5;1;74;0.0;0.0;0.0;19.438;0.0;19.438
5;1;75;0.0;0.0;0.0;18.504;0.0;18.504
5;1;76;0.0;0.0;0.0;18.562;0.0;18.562
5;1;77;0.0;0.0;0.0;23.894;0.0;23.894
5;1;78;0.0;0.0;0.0;12.824;0.0;12.824
5;1;79;91.623;0.0;0.0;0.0;91.623;0.0
5;1;80;168.49;0.0;228.696;0.0;397.186;0.0
5;1;81;198.306;0.0;582.516;0.0;780.821;0.0
5;1;82;204.577;0.0;897.929;0.0;1102.506;0.0
5;1;83;196.814;0.0;1143.071;0.0;1339.884;0.0
5;1;84;191.161;0.0;1252.137;0.0;1443.298;0.0
5;1;85;190.261;0.0;1142.62;0.0;1332.881;0.0
5;1;86;195.164;0.0;973.889;0.0;1169.052;0.0
5;1;87;388.454;0.0;646.162;0.0;1034.616;0.0
5;1;88;177.515;0.0;408.875;0.0;586.39;0.0
5;1;89;188.783;0.0;115.611;0.0;304.394;0.0
5;1;90;167.06;0.0;0.0;0.0;167.06;0.0
5;1;91;0.0;0.0;0.0;43.269;0.0;43.269
5;1;92;0.0;0.0;0.0;67.966;0.0;67.966
5;1;93;0.0;0.0;0.0;64.396;0.0;64.396
5;1;94;0.0;0.0;0.0;58.339;0.0;58.339
5;1;95;0.0;0.0;0.0;49.996;0.0;49.996
5;1;96;0.0;0.0;0.0;16.783;0.0;16.783
5;1;97;0.0;0.0;0.0;18.711;0.0;18.711
5;1;98;0.0;0.0;0.0;22.833;0.0;22.833
5;1;99;0.0;0.0;0.0;19.229;0.0;19.229
5;1;100;0.0;0.0;0.0;18.228;0.0;18.228
5;1;101;0.0;0.0;0.0;19.633;0.0;19.633
5;1;102;0.0;0.0;0.0;12.053;0.0;12.053
5;1;103;95.272;0.0;0.0;0.0;95.272;0.0
5;1;104;286.795;0.0;0.0;0.0;286.795;0.0
5;1;105;334.133;0.0;0.0;0.0;334.133;0.0
5;1;106;418.228;0.0;348.242;0.0;766.47;0.0
5;1;107;418.75;0.0;923.541;0.0;1342.291;0.0
5;1;108;402.375;0.0;1113.127;0.0;1515.501;0.0
5;1;109;391.761;0.0;828.296;0.0;1220.057;0.0
5;1;110;468.274;0.0;77.685;0.0;545.958;0.0
5;1;111;479.628;0.0;0.0;0.0;479.628;0.0
5;1;112;417.221;0.0;0.0;0.0;417.221;0.0
5;1;113;321.308;0.0;0.0;0.0;321.308;0.0
5;1;114;150.453;0.0;0.0;0.0;150.453;0.0
5;1;115;0.0;0.0;0.0;50.049;0.0;50.049
5;1;116;0.0;0.0;0.0;71.854;0.0;71.854
5;1;117;0.0;0.0;0.0;59.689;0.0;59.689
5;1;118;0.0;0.0;0.0;53.321;0.0;53.321
5;1;119;0.0;0.0;0.0;35.648;0.0;35.648
5;1;120;0.0;0.0;0.0;16.989;0.0;16.989
5;1;121;0.0;0.0;0.0;20.609;0.0;20.609
5;1;122;0.0;0.0;0.0;18.532;0.0;18.532
5;1;123;0.0;0.0;0.0;18.088;0.0;18.088
5;1;124;0.0;0.0;0.0;19.257;0.0;19.257
5;1;125;0.0;0.0;0.0;19.214;0.0;19.214
5;1;126;0.0;0.0;0.0;16.021;0.0;16.021
5;1;127;48.382;0.0;0.0;0.0;48.382;0.0
5;1;128;360.95;0.0;17.793;0.0;378.743;0.0
5;1;129;395.835;0.0;361.005;0.0;756.84;0.0
5;1;130;403.287;0.0;670.999;0.0;1074.286;0.0
5;1;131;392.054;0.0;897.147;0.0;1289.201;0.0
5;1;132;383.154;0.0;1024.005;0.0;1407.159;0.0
5;1;133;384.45;0.0;938.964;0.0;1323.414;0.0
5;1;134;402.361;0.0;645.974;0.0;1048.335;0.0
5;1;135;370.698;0.0;361.159;0.0;731.857;0.0
5;1;136;459.297;0.0;50.443;0.0;509.741;0.0
5;1;137;423.016;0.0;0.0;0.0;423.016;0.0
5;1;138;149.276;0.0;0.0;0.0;149.276;0.0
5;1;139;0.0;0.0;0.0;50.84;0.0;50.84
5;1;140;0.0;0.0;0.0;65.642;0.0;65.642
5;1;141;0.0;0.0;0.0;62.976;0.0;62.976
5;1;142;0.0;0.0;0.0;52.098;0.0;52.098
5;1;143;0.0;0.0;0.0;62.957;0.0;62.957
5;1;144;0.0;0.0;0.0;17.761;0.0;17.761
5;1;145;0.0;0.0;0.0;18.734;0.0;18.734
5;1;146;0.0;0.0;0.0;18.328;0.0;18.328
5;1;147;0.0;0.0;0.0;18.938;0.0;18.938
5;1;148;0.0;0.0;0.0;21.383;0.0;21.383
5;1;149;0.0;0.0;0.0;19.675;0.0;19.675
5;1;150;0.0;0.0;0.0;18.79;0.0;18.79
5;1;151;86.426;0.0;0.0;0.0;86.426;0.0
5;1;152;361.018;0.0;28.043;0.0;389.061;0.0
5;1;153;390.338;0.0;373.845;0.0;764.183;0.0
5;1;154;402.863;0.0;679.421;0.0;1082.284;0.0
5;1;155;398.814;0.0;920.368;0.0;1319.182;0.0
5;1;156;385.665;0.0;1065.578;0.0;1451.242;0.0
5;1;157;387.419;0.0;1040.723;0.0;1428.142;0.0
5;1;158;382.432;0.0;660.018;0.0;1042.45;0.0
5;1;159;653.172;0.0;180.422;0.0;833.595;0.0
5;1;160;373.178;0.0;299.463;0.0;672.641;0.0
5;1;161;466.845;0.0;0.0;0.0;466.845;0.0
5;1;162;163.661;0.0;0.0;0.0;163.661;0.0
5;1;163;0.0;0.0;0.0;55.376;0.0;55.376
5;1;164;0.0;0.0;0.0;76.092;0.0;76.092
5;1;165;0.0;0.0;0.0;68.057;0.0;68.057
5;1;166;0.0;0.0;0.0;69.299;0.0;69.299
5;1;167;0.0;0.0;0.0;42.765;0.0;42.765
5;2;0;0.0;0.0;0.0;167.286;0.0;167.286
5;2;1;0.0;0.0;0.0;179.357;0.0;179.357
5;2;2;0.0;0.0;0.0;174.165;0.0;174.165
5;2;3;0.0;0.0;0.0;176.642;0.0;176.642
5;2;4;0.0;0.0;0.0;34.131;0.0;34.131
5;2;5;0.0;0.0;0.0;179.959;0.0;179.959
5;2;6;0.0;0.0;0.0;21.88;0.0;21.88
5;2;7;44.545;0.0;0.0;0.0;44.545;0.0
5;2;8;451.653;0.0;0.0;0.0;451.653;0.0
5;2;9;770.351;0.0;0.796;0.0;771.147;0.0
5;2;10;757.798;0.0;326.735;0.0;1084.532;0.0
5;2;11;723.272;0.0;538.711;0.0;1261.983;0.0
5;2;12;792.986;0.0;525.674;0.0;1318.66;0.0
5;2;13;787.878;0.0;354.557;0.0;1142.435;0.0
5;2;14;703.252;0.0;0.0;0.0;703.252;0.0
5;2;15;599.823;0.0;0.0;0.0;599.823;0.0
5;2;16;585.965;0.0;0.0;0.0;585.965;0.0
5;2;17;343.003;0.0;0.0;0.0;343.003;0.0
5;2;18;15.42;0.0;0.0;0.0;15.42;0.0
5;2;19;0.0;0.0;0.0;148.507;0.0;148.507
5;2;20;0.0;0.0;0.0;114.154;0.0;114.154
5;2;21;0.0;0.0;0.0;104.16;0.0;104.16
5;2;22;0.0;0.0;0.0;110.903;0.0;110.903
5;2;23;0.0;0.0;0.0;110.752;0.0;110.752
5;2;24;0.0;0.0;0.0;80.856;0.0;80.856
5;2;25;0.0;0.0;0.0;19.219;0.0;19.219
5;2;26;0.0;0.0;0.0;18.695;0.0;18.695
5;2;27;0.0;0.0;0.0;123.763;0.0;123.763
5;2;28;0.0;0.0;0.0;18.35;0.0;18.35
5;2;29;0.0;0.0;0.0;22.177;0.0;22.177
5;2;30;0.0;0.0;0.0;185.257;0.0;185.257
5;2;31;46.245;0.0;0.0;0.0;46.245;0.0
5;2;32;342.749;0.0;0.0;0.0;342.749;0.0
5;2;33;673.505;0.0;0.0;0.0;673.505;0.0
5;2;34;780.483;0.0;233.558;0.0;1014.04;0.0
5;2;35;742.437;0.0;496.262;0.0;1238.699;0.0
5;2;36;694.097;0.0;622.76;0.0;1316.857;0.0
5;2;37;679.437;0.0;522.844;0.0;1202.282;0.0
5;2;38;776.748;0.0;277.121;0.0;1053.87;0.0
5;2;39;754.886;0.0;85.072;0.0;839.958;0.0
5;2;40;591.053;0.0;0.0;0.0;591.053;0.0
5;2;41;200.545;0.0;0.0;0.0;200.545;0.0
5;2;42;0.0;0.0;0.0;5.732;0.0;5.732
5;2;43;0.0;0.0;0.0;67.545;0.0;67.545
5;2;44;0.0;0.0;0.0;78.285;0.0;78.285
5;2;45;0.0;0.0;0.0;65.811;0.0;65.811
5;2;46;0.0;0.0;0.0;69.962;0.0;69.962
5;2;47;0.0;0.0;0.0;45.367;0.0;45.367
5;2;48;0.0;0.0;0.0;16.822;0.0;16.822
5;2;49;0.0;0.0;0.0;17.764;0.0;17.764
5;2;50;0.0;0.0;0.0;19.345;0.0;19.345
5;2;51;0.0;0.0;0.0;18.273;0.0;18.273
5;2;52;0.0;0.0;0.0;18.43;0.0;18.43
5;2;53;0.0;0.0;0.0;19.109;0.0;19.109
5;2;54;0.0;0.0;0.0;47.77;0.0;47.77
5;2;55;0.0;0.0;0.0;189.705;0.0;189.705
5;2;56;24.05;0.0;0.0;0.0;24.05;0.0
5;2;57;119.293;0.0;0.0;0.0;119.293;0.0
5;2;58;90.169;0.0;0.0;0.0;90.169;0.0
5;2;59;98.23;0.0;0.0;0.0;98.23;0.0
5;2;60;202.711;0.0;0.0;0.0;202.711;0.0
5;2;61;207.581;0.0;0.0;0.0;207.581;0.0
5;2;62;261.693;0.0;0.0;0.0;261.693;0.0
5;2;63;258.751;0.0;0.0;0.0;258.751;0.0
5;2;64;116.692;0.0;0.0;0.0;116.692;0.0
5;2;65;49.664;0.0;0.0;0.0;49.664;0.0
5;2;66;0.0;0.0;0.0;158.148;0.0;158.148
5;2;67;0.0;0.0;0.0;71.876;0.0;71.876
5;2;68;0.0;0.0;0.0;82.575;0.0;82.575
5;2;69;0.0;0.0;0.0;62.48;0.0;62.48
5;2;70;0.0;0.0;0.0;190.02;0.0;190.02
5;2;71;0.0;0.0;0.0;63.026;0.0;63.026
5;2;72;0.0;0.0;0.0;150.213;0.0;150.213
5;2;73;0.0;0.0;0.0;23.613;0.0;23.613
5;2;74;0.0;0.0;0.0;18.041;0.0;18.041
5;2;75;0.0;0.0;0.0;19.582;0.0;19.582
5;2;76;0.0;0.0;0.0;17.903;0.0;17.903
5;2;77;0.0;0.0;0.0;23.818;0.0;23.818
5;2;78;0.0;0.0;0.0;22.748;0.0;22.748
5;2;79;46.275;0.0;0.0;0.0;46.275;0.0
5;2;80;214.443;0.0;0.0;0.0;214.443;0.0
5;2;81;135.919;0.0;0.0;0.0;135.919;0.0
5;2;82;220.133;0.0;0.0;0.0;220.133;0.0
5;2;83;462.872;0.0;0.0;0.0;462.872;0.0
5;2;84;594.286;0.0;247.475;0.0;841.761;0.0
5;2;85;598.743;0.0;0.0;0.0;598.743;0.0
5;2;86;430.914;0.0;0.0;0.0;430.914;0.0
5;2;87;366.238;0.0;0.0;0.0;366.238;0.0
5;2;88;243.956;0.0;0.0;0.0;243.956;0.0
5;2;89;184.07;0.0;0.0;0.0;184.07;0.0
5;2;90;0.0;0.0;0.0;25.708;0.0;25.708
5;2;91;0.0;0.0;0.0;50.629;0.0;50.629
5;2;92;0.0;0.0;0.0;202.234;0.0;202.234
5;2;93;0.0;0.0;0.0;62.695;0.0;62.695
5;2;94;0.0;0.0;0.0;196.601;0.0;196.601
5;2;95;0.0;0.0;0.0;86.999;0.0;86.999
5;2;96;0.0;0.0;0.0;113.192;0.0;113.192
5;2;97;0.0;0.0;0.0;123.565;0.0;123.565
5;2;98;0.0;0.0;0.0;112.981;0.0;112.981
5;2;99;0.0;0.0;0.0;19.302;0.0;19.302
5;2;100;0.0;0.0;0.0;172.587;0.0;172.587
5;2;101;0.0;0.0;0.0;173.081;0.0;173.081
5;2;102;0.0;0.0;0.0;22.055;0.0;22.055
5;2;103;18.37;0.0;0.0;0.0;18.37;0.0
5;2;104;406.163;0.0;0.0;0.0;406.163;0.0
5;2;105;689.166;0.0;0.0;0.0;689.166;0.0
5;2;106;751.889;0.0;0.0;0.0;751.889;0.0
5;2;107;644.544;0.0;0.0;0.0;644.544;0.0
5;2;108;728.582;0.0;0.0;0.0;728.582;0.0
5;2;109;641.53;0.0;0.0;0.0;641.53;0.0
5;2;110;629.622;0.0;0.0;0.0;629.622;0.0
5;2;111;353.964;0.0;0.0;0.0;353.964;0.0
5;2;112;180.432;0.0;0.0;0.0;180.432;0.0
5;2;113;128.144;0.0;0.0;0.0;128.144;0.0
5;2;114;0.0;0.0;0.0;40.315;0.0;40.315
5;2;115;0.0;0.0;0.0;67.327;0.0;67.327
5;2;116;0.0;0.0;0.0;73.727;0.0;73.727
5;2;117;0.0;0.0;0.0;59.035;0.0;59.035
5;2;118;0.0;0.0;0.0;134.279;0.0;134.279
5;2;119;0.0;0.0;0.0;37.669;0.0;37.669
5;2;120;0.0;0.0;0.0;59.764;0.0;59.764
5;2;121;0.0;0.0;0.0;67.12;0.0;67.12
5;2;122;0.0;0.0;0.0;66.13;0.0;66.13
5;2;123;0.0;0.0;0.0;66.834;0.0;66.834
5;2;124;0.0;0.0;0.0;67.74;0.0;67.74
5;2;125;0.0;0.0;0.0;70.999;0.0;70.999
5;2;126;0.0;0.0;0.0;139.414;0.0;139.414
5;2;127;0.0;0.0;0.0;171.638;0.0;171.638
5;2;128;78.39;0.0;0.0;0.0;78.39;0.0
5;2;129;171.767;0.0;0.0;0.0;171.767;0.0
5;2;130;245.49;0.0;0.0;0.0;245.49;0.0
5;2;131;260.4;0.0;0.0;0.0;260.4;0.0
5;2;132;579.047;0.0;0.0;0.0;579.047;0.0
5;2;133;659.777;0.0;0.0;0.0;659.777;0.0
5;2;134;344.593;0.0;0.0;0.0;344.593;0.0
5;2;135;157.98;0.0;0.0;0.0;157.98;0.0
5;2;136;138.626;0.0;0.0;0.0;138.626;0.0
5;2;137;47.817;0.0;0.0;0.0;47.817;0.0
5;2;138;0.0;0.0;0.0;176.067;0.0;176.067
5;2;139;0.0;0.0;0.0;214.237;0.0;214.237
5;2;140;0.0;0.0;0.0;78.981;0.0;78.981
5;2;141;0.0;0.0;0.0;69.214;0.0;69.214
5;2;142;0.0;0.0;0.0;139.569;0.0;139.569
5;2;143;0.0;0.0;0.0;63.471;0.0;63.471
5;2;144;0.0;0.0;0.0;46.574;0.0;46.574
5;2;145;0.0;0.0;0.0;18.137;0.0;18.137
5;2;146;0.0;0.0;0.0;18.381;0.0;18.381
5;2;147;0.0;0.0;0.0;19.946;0.0;19.946
5;2;148;0.0;0.0;0.0;18.542;0.0;18.542
5;2;149;0.0;0.0;0.0;19.36;0.0;19.36
5;2;150;0.0;0.0;0.0;19.909;0.0;19.909
5;2;151;0.0;0.0;0.0;63.351;0.0;63.351
5;2;152;0.0;0.0;0.0;150.502;0.0;150.502
5;2;153;43.285;0.0;0.0;0.0;43.285;0.0
5;2;154;35.437;0.0;0.0;0.0;35.437;0.0
5;2;155;56.527;0.0;0.0;0.0;56.527;0.0
5;2;156;125.165;0.0;0.0;0.0;125.165;0.0
5;2;157;81.926;0.0;0.0;0.0;81.926;0.0
5;2;158;88.385;0.0;0.0;0.0;88.385;0.0
5;2;159;56.198;0.0;0.0;0.0;56.198;0.0
5;2;160;0.0;0.0;0.0;0.0;0.0;0.0
5;2;161;0.0;0.0;0.0;165.177;0.0;165.177
5;2;162;0.0;0.0;0.0;71.738;0.0;71.738
5;2;163;0.0;0.0;0.0;71.248;0.0;71.248
5;2;164;0.0;0.0;0.0;82.687;0.0;82.687
5;2;165;0.0;0.0;0.0;101.078;0.0;101.078
5;2;166;0.0;0.0;0.0;108.588;0.0;108.588
5;2;167;0.0;0.0;0.0;173.953;0.0;173.953
5;3;0;0.0;0.0;0.0;45.964;0.0;45.964
5;3;1;0.0;0.0;0.0;201.024;0.0;201.024
5;3;2;0.0;0.0;0.0;195.651;0.0;195.651
5;3;3;0.0;0.0;0.0;196.11;0.0;196.11
5;3;4;0.0;0.0;0.0;196.439;0.0;196.439
5;3;5;0.0;0.0;0.0;200.499;0.0;200.499
5;3;6;0.0;0.0;0.0;203.222;0.0;203.222
5;3;7;0.0;0.0;0.0;241.094;0.0;241.094
5;3;8;0.0;0.0;0.0;247.479;0.0;247.479
5;3;9;0.0;0.0;0.0;103.069;0.0;103.069
5;3;10;34.531;0.0;0.0;0.0;34.531;0.0
5;3;11;11.369;0.0;0.0;0.0;11.369;0.0
5;3;12;276.574;0.0;0.0;0.0;276.574;0.0
5;3;13;714.177;0.0;0.0;0.0;714.177;0.0
5;3;14;639.424;0.0;0.0;0.0;639.424;0.0
5;3;15;334.09;0.0;0.0;0.0;334.09;0.0
5;3;16;0.0;0.0;0.0;103.752;0.0;103.752
5;3;17;0.0;0.0;0.0;247.102;0.0;247.102
5;3;18;0.0;0.0;0.0;239.513;0.0;239.513
5;3;19;0.0;0.0;0.0;78.495;0.0;78.495
5;3;20;0.0;0.0;0.0;143.002;0.0;143.002
5;3;21;0.0;0.0;0.0;219.543;0.0;219.543
5;3;22;0.0;0.0;0.0;232.131;0.0;232.131
5;3;23;0.0;0.0;0.0;218.92;0.0;218.92
5;3;24;0.0;0.0;0.0;194.47;0.0;194.47
5;3;25;0.0;0.0;0.0;152.501;0.0;152.501
5;3;26;0.0;0.0;0.0;197.959;0.0;197.959
5;3;27;0.0;0.0;0.0;198.624;0.0;198.624
5;3;28;0.0;0.0;0.0;199.92;0.0;199.92
5;3;29;0.0;0.0;0.0;202.69;0.0;202.69
5;3;30;0.0;0.0;0.0;205.299;0.0;205.299
5;3;31;0.0;0.0;0.0;232.004;0.0;232.004
5;3;32;0.0;0.0;0.0;247.954;0.0;247.954
5;3;33;0.0;0.0;0.0;135.577;0.0;135.577
5;3;34;215.753;0.0;0.0;0.0;215.753;0.0
5;3;35;282.709;0.0;0.0;0.0;282.709;0.0
5;3;36;365.061;0.0;0.0;0.0;365.061;0.0
5;3;37;218.019;0.0;0.0;0.0;218.019;0.0
5;3;38;0.0;0.0;0.0;121.28;0.0;121.28
5;3;39;0.0;0.0;0.0;159.943;0.0;159.943
5;3;40;0.0;0.0;0.0;216.079;0.0;216.079
5;3;41;0.0;0.0;0.0;229.577;0.0;229.577
5;3;42;0.0;0.0;0.0;239.271;0.0;239.271
5;3;43;0.0;0.0;0.0;246.16;0.0;246.16
5;3;44;0.0;0.0;0.0;238.148;0.0;238.148
5;3;45;0.0;0.0;0.0;226.609;0.0;226.609
5;3;46;0.0;0.0;0.0;216.32;0.0;216.32
5;3;47;0.0;0.0;0.0;192.435;0.0;192.435
5;3;48;0.0;0.0;0.0;120.08;0.0;120.08
5;3;49;0.0;0.0;0.0;121.143;0.0;121.143
5;3;50;0.0;0.0;0.0;113.843;0.0;113.843
5;3;51;0.0;0.0;0.0;111.506;0.0;111.506
5;3;52;0.0;0.0;0.0;109.782;0.0;109.782
5;3;53;0.0;0.0;0.0;117.214;0.0;117.214
5;3;54;0.0;0.0;0.0;120.503;0.0;120.503
5;3;55;0.0;0.0;0.0;157.867;0.0;157.867
5;3;56;0.0;0.0;0.0;169.557;0.0;169.557
5;3;57;0.0;0.0;0.0;152.73;0.0;152.73
5;3;58;0.0;0.0;0.0;75.716;0.0;75.716
5;3;59;0.0;0.0;0.0;88.052;0.0;88.052
5;3;60;98.502;0.0;0.0;0.0;98.502;0.0
5;3;61;401.879;0.0;0.0;0.0;401.879;0.0
5;3;62;180.852;0.0;0.0;0.0;180.852;0.0
5;3;63;84.202;0.0;0.0;0.0;84.202;0.0
5;3;64;0.0;0.0;0.0;130.376;0.0;130.376
5;3;65;0.0;0.0;0.0;237.243;0.0;237.243
5;3;66;0.0;0.0;0.0;225.119;0.0;225.119
5;3;67;0.0;0.0;0.0;226.257;0.0;226.257
5;3;68;0.0;0.0;0.0;162.78;0.0;162.78
5;3;69;0.0;0.0;0.0;56.64;0.0;56.64
5;3;70;0.0;0.0;0.0;61.653;0.0;61.653
5;3;71;0.0;0.0;0.0;145.365;0.0;145.365
5;3;72;0.0;0.0;0.0;119.824;0.0;119.824
5;3;73;0.0;0.0;0.0;125.825;0.0;125.825
5;3;74;0.0;0.0;0.0;126.611;0.0;126.611
5;3;75;0.0;0.0;0.0;129.819;0.0;129.819
5;3;76;0.0;0.0;0.0;129.422;0.0;129.422
5;3;77;0.0;0.0;0.0;131.516;0.0;131.516
5;3;78;0.0;0.0;0.0;181.44;0.0;181.44
5;3;79;0.0;0.0;0.0;114.854;0.0;114.854
5;3;80;0.0;0.0;0.0;170.74;0.0;170.74
5;3;81;0.0;0.0;0.0;147.837;0.0;147.837
5;3;82;0.0;0.0;0.0;138.915;0.0;138.915
5;3;83;0.0;0.0;0.0;113.449;0.0;113.449
5;3;84;0.0;0.0;0.0;51.489;0.0;51.489
5;3;85;392.833;0.0;0.0;0.0;392.833;0.0
5;3;86;367.21;0.0;0.0;0.0;367.21;0.0
5;3;87;134.086;0.0;0.0;0.0;134.086;0.0
5;3;88;0.0;0.0;0.0;178.328;0.0;178.328
5;3;89;0.0;0.0;0.0;214.771;0.0;214.771
5;3;90;0.0;0.0;0.0;225.919;0.0;225.919
5;3;91;0.0;0.0;0.0;240.645;0.0;240.645
5;3;92;0.0;0.0;0.0;152.798;0.0;152.798
5;3;93;0.0;0.0;0.0;250.217;0.0;250.217
5;3;94;0.0;0.0;0.0;227.717;0.0;227.717
5;3;95;0.0;0.0;0.0;231.288;0.0;231.288
5;3;96;0.0;0.0;0.0;194.243;0.0;194.243
5;3;97;0.0;0.0;0.0;203.28;0.0;203.28
5;3;98;0.0;0.0;0.0;198.211;0.0;198.211
5;3;99;0.0;0.0;0.0;200.709;0.0;200.709
5;3;100;0.0;0.0;0.0;197.535;0.0;197.535
5;3;101;0.0;0.0;0.0;195.965;0.0;195.965
5;3;102;0.0;0.0;0.0;195.226;0.0;195.226
5;3;103;0.0;0.0;0.0;223.436;0.0;223.436
5;3;104;0.0;0.0;0.0;234.361;0.0;234.361
5;3;105;0.0;0.0;0.0;238.566;0.0;238.566
5;3;106;0.0;0.0;0.0;225.55;0.0;225.55
5;3;107;0.0;0.0;0.0;210.799;0.0;210.799
5;3;108;0.0;0.0;0.0;176.41;0.0;176.41
5;3;109;0.0;0.0;0.0;152.349;0.0;152.349
5;3;110;0.0;0.0;0.0;193.233;0.0;193.233
5;3;111;0.0;0.0;0.0;206.428;0.0;206.428
5;3;112;0.0;0.0;0.0;241.62;0.0;241.62
5;3;113;0.0;0.0;0.0;249.011;0.0;249.011
5;3;114;0.0;0.0;0.0;242.378;0.0;242.378
5;3;115;0.0;0.0;0.0;261.58;0.0;261.58
5;3;116;0.0;0.0;0.0;244.24;0.0;244.24
5;3;117;0.0;0.0;0.0;238.241;0.0;238.241
5;3;118;0.0;0.0;0.0;235.812;0.0;235.812
5;3;119;0.0;0.0;0.0;217.913;0.0;217.913
5;3;120;0.0;0.0;0.0;187.91;0.0;187.91
5;3;121;0.0;0.0;0.0;193.993;0.0;193.993
5;3;122;0.0;0.0;0.0;192.982;0.0;192.982
5;3;123;0.0;0.0;0.0;195.539;0.0;195.539
5;3;124;0.0;0.0;0.0;198.121;0.0;198.121
5;3;125;0.0;0.0;0.0;201.567;0.0;201.567
5;3;126;0.0;0.0;0.0;203.82;0.0;203.82
5;3;127;0.0;0.0;0.0;237.53;0.0;237.53
5;3;128;0.0;0.0;0.0;251.362;0.0;251.362
5;3;129;0.0;0.0;0.0;221.764;0.0;221.764
5;3;130;0.0;0.0;0.0;160.655;0.0;160.655
5;3;131;0.0;0.0;0.0;165.979;0.0;165.979
5;3;132;0.0;0.0;0.0;23.716;0.0;23.716
5;3;133;4.901;0.0;0.0;0.0;4.901;0.0
5;3;134;0.0;0.0;0.0;189.846;0.0;189.846
5;3;135;0.0;0.0;0.0;204.735;0.0;204.735
5;3;136;0.0;0.0;0.0;240.568;0.0;240.568
5;3;137;0.0;0.0;0.0;242.832;0.0;242.832
5;3;138;0.0;0.0;0.0;250.702;0.0;250.702
5;3;139;0.0;0.0;0.0;261.892;0.0;261.892
5;3;140;0.0;0.0;0.0;245.787;0.0;245.787
5;3;141;0.0;0.0;0.0;242.214;0.0;242.214
5;3;142;0.0;0.0;0.0;250.482;0.0;250.482
5;3;143;0.0;0.0;0.0;219.858;0.0;219.858
5;3;144;0.0;0.0;0.0;198.487;0.0;198.487
5;3;145;0.0;0.0;0.0;200.593;0.0;200.593
5;3;146;0.0;0.0;0.0;199.151;0.0;199.151
5;3;147;0.0;0.0;0.0;202.656;0.0;202.656
5;3;148;0.0;0.0;0.0;200.559;0.0;200.559
5;3;149;0.0;0.0;0.0;203.38;0.0;203.38
5;3;150;0.0;0.0;0.0;209.144;0.0;209.144
5;3;151;0.0;0.0;0.0;238.768;0.0;238.768
5;3;152;0.0;0.0;0.0;256.34;0.0;256.34
5;3;153;0.0;0.0;0.0;127.622;0.0;127.622
5;3;154;83.522;0.0;0.0;0.0;83.522;0.0
5;3;155;0.0;0.0;0.0;53.149;0.0;53.149
5;3;156;0.0;0.0;0.0;103.972;0.0;103.972
5;3;157;0.0;0.0;0.0;128.7;0.0;128.7
5;3;158;0.0;0.0;0.0;97.569;0.0;97.569
5;3;159;0.0;0.0;0.0;179.39;0.0;179.39
5;3;160;0.0;0.0;0.0;191.484;0.0;191.484
5;3;161;0.0;0.0;0.0;190.553;0.0;190.553
5;3;162;0.0;0.0;0.0;205.704;0.0;205.704
5;3;163;0.0;0.0;0.0;214.152;0.0;214.152
5;3;164;0.0;0.0;0.0;218.858;0.0;218.858
5;3;165;0.0;0.0;0.0;234.952;0.0;234.952
5;3;166;0.0;0.0;0.0;231.707;0.0;231.707
5;3;167;0.0;0.0;0.0;210.754;0.0;210.754
10;0;0;0.0;0.0;0.0;16.917;0.0;16.917
10;0;1;0.0;0.0;0.0;118.407;0.0;118.407
10;0;2;0.0;0.0;0.0;20.233;0.0;20.233
10;0;3;0.0;0.0;0.0;116.169;0.0;116.169
10;0;4;0.0;0.0;0.0;116.351;0.0;116.351
10;0;5;0.0;0.0;0.0;120.229;0.0;120.229
10;0;6;0.0;0.0;0.0;138.315;0.0;138.315
10;0;7;0.0;0.0;0.0;172.713;0.0;172.713
10;0;8;0.0;0.0;0.0;13.821;0.0;13.821
10;0;9;334.532;0.0;0.0;0.0;334.532;0.0
10;0;10;421.729;0.0;0.0;0.0;421.729;0.0
10;0;11;167.551;0.0;0.0;0.0;167.551;0.0
10;0;12;236.288;0.0;0.0;0.0;236.288;0.0
10;0;13;0.0;0.0;0.0;0.0;0.0;0.0
10;0;14;0.0;0.0;0.0;0.0;0.0;0.0
10;0;15;218.645;0.0;0.0;0.0;218.645;0.0
10;0;16;62.738;0.0;0.0;0.0;62.738;0.0
10;0;17;0.0;0.0;0.0;0.0;0.0;0.0
10;0;18;0.0;0.0;0.0;72.391;0.0;72.391
10;0;19;0.0;0.0;0.0;73.206;0.0;73.206
10;0;20;0.0;0.0;0.0;83.508;0.0;83.508
10;0;21;0.0;0.0;0.0;212.515;0.0;212.515
10;0;22;0.0;0.0;0.0;203.581;0.0;203.581
10;0;23;0.0;0.0;0.0;198.116;0.0;198.116
10;0;24;0.0;0.0;0.0;16.85;0.0;16.85
10;0;25;0.0;0.0;0.0;18.334;0.0;18.334
10;0;26;0.0;0.0;0.0;19.988;0.0;19.988
10;0;27;0.0;0.0;0.0;179.935;0.0;179.935
10;0;28;0.0;0.0;0.0;179.235;0.0;179.235
10;0;29;0.0;0.0;0.0;183.701;0.0;183.701
10;0;30;0.0;0.0;0.0;23.287;0.0;23.287
10;0;31;0.0;0.0;0.0;128.621;0.0;128.621
10;0;32;0.0;0.0;0.0;45.753;0.0;45.753
10;0;33;262.229;0.0;0.0;0.0;262.229;0.0
10;0;34;475.788;0.0;0.0;0.0;475.788;0.0
10;0;35;500.112;0.0;0.0;0.0;500.112;0.0
10;0;36;317.071;0.0;0.0;0.0;317.071;0.0
10;0;37;722.417;0.0;0.0;0.0;722.417;0.0
10;0;38;849.477;0.0;0.0;0.0;849.477;0.0
10;0;39;642.513;0.0;0.0;0.0;642.513;0.0
10;0;40;227.881;0.0;0.0;0.0;227.881;0.0
10;0;41;0.0;0.0;0.0;0.0;0.0;0.0
10;0;42;0.0;0.0;0.0;133.369;0.0;133.369
10;0;43;0.0;0.0;0.0;150.646;0.0;150.646
10;0;44;0.0;0.0;0.0;151.929;0.0;151.929
10;0;45;0.0;0.0;0.0;71.627;0.0;71.627
10;0;46;0.0;0.0;0.0;219.944;0.0;219.944
10;0;47;0.0;0.0;0.0;116.307;0.0;116.307
10;0;48;0.0;0.0;0.0;17.282;0.0;17.282
10;0;49;0.0;0.0;0.0;19.915;0.0;19.915
10;0;50;0.0;0.0;0.0;19.197;0.0;19.197
10;0;51;0.0;0.0;0.0;18.749;0.0;18.749
10;0;52;0.0;0.0;0.0;19.09;0.0;19.09
10;0;53;0.0;0.0;0.0;104.978;0.0;104.978
10;0;54;0.0;0.0;0.0;110.783;0.0;110.783
10;0;55;0.0;0.0;0.0;168.337;0.0;168.337
10;0;56;0.0;0.0;0.0;74.631;0.0;74.631
10;0;57;108.024;0.0;0.0;0.0;108.024;0.0
10;0;58;306.793;0.0;0.0;0.0;306.793;0.0
10;0;59;494.989;0.0;0.0;0.0;494.989;0.0
10;0;60;131.666;0.0;0.0;0.0;131.666;0.0
10;0;61;34.505;0.0;0.0;0.0;34.505;0.0
10;0;62;57.726;0.0;0.0;0.0;57.726;0.0
10;0;63;420.9;0.0;0.0;0.0;420.9;0.0
10;0;64;441.498;0.0;0.0;0.0;441.498;0.0
10;0;65;0.0;0.0;0.0;0.0;0.0;0.0
10;0;66;0.0;0.0;0.0;82.486;0.0;82.486
10;0;67;0.0;0.0;0.0;88.679;0.0;88.679
10;0;68;0.0;0.0;0.0;194.984;0.0;194.984
10;0;69;0.0;0.0;0.0;211.963;0.0;211.963
10;0;70;0.0;0.0;0.0;194.436;0.0;194.436
10;0;71;0.0;0.0;0.0;93.367;0.0;93.367
10;0;72;0.0;0.0;0.0;16.68;0.0;16.68
10;0;73;0.0;0.0;0.0;18.497;0.0;18.497
10;0;74;0.0;0.0;0.0;18.753;0.0;18.753
10;0;75;0.0;0.0;0.0;19.291;0.0;19.291
10;0;76;0.0;0.0;0.0;95.165;0.0;95.165
10;0;77;0.0;0.0;0.0;19.385;0.0;19.385
10;0;78;0.0;0.0;0.0;109.479;0.0;109.479
10;0;79;0.0;0.0;0.0;185.464;0.0;185.464
10;0;80;0.0;0.0;0.0;75.214;0.0;75.214
10;0;81;0.0;0.0;0.0;56.601;0.0;56.601
10;0;82;0.0;0.0;0.0;8.78;0.0;8.78
10;0;83;27.214;0.0;0.0;0.0;27.214;0.0
10;0;84;121.234;0.0;0.0;0.0;121.234;0.0
10;0;85;84.717;0.0;0.0;0.0;84.717;0.0
10;0;86;0.0;0.0;0.0;0.0;0.0;0.0
10;0;87;67.738;0.0;0.0;0.0;67.738;0.0
10;0;88;0.0;0.0;0.0;0.0;0.0;0.0
10;0;89;32.097;0.0;0.0;0.0;32.097;0.0
10;0;90;0.0;0.0;0.0;30.57;0.0;30.57
10;0;91;0.0;0.0;0.0;66.306;0.0;66.306
10;0;92;0.0;0.0;0.0;86.208;0.0;86.208
10;0;93;0.0;0.0;0.0;67.065;0.0;67.065
10;0;94;0.0;0.0;0.0;175.243;0.0;175.243
10;0;95;0.0;0.0;0.0;168.0;0.0;168.0
10;0;96;0.0;0.0;0.0;187.402;0.0;187.402
10;0;97;0.0;0.0;0.0;196.1;0.0;196.1
10;0;98;0.0;0.0;0.0;190.877;0.0;190.877
10;0;99;0.0;0.0;0.0;192.528;0.0;192.528
10;0;100;0.0;0.0;0.0;193.18;0.0;193.18
10;0;101;0.0;0.0;0.0;193.394;0.0;193.394
10;0;102;0.0;0.0;0.0;193.45;0.0;193.45
10;0;103;0.0;0.0;0.0;231.46;0.0;231.46
10;0;104;0.0;0.0;0.0;122.063;0.0;122.063
10;0;105;45.16;0.0;0.0;0.0;45.16;0.0
10;0;106;13.84;0.0;0.0;0.0;13.84;0.0
10;0;107;0.0;0.0;0.0;0.0;0.0;0.0
10;0;108;0.0;0.0;0.0;10.319;0.0;10.319
10;0;109;0.0;0.0;0.0;36.306;0.0;36.306
10;0;110;369.345;0.0;0.0;0.0;369.345;0.0
10;0;111;310.867;0.0;0.0;0.0;310.867;0.0
10;0;112;0.0;0.0;0.0;148.9;0.0;148.9
10;0;113;0.0;0.0;0.0;173.217;0.0;173.217
10;0;114;0.0;0.0;0.0;223.813;0.0;223.813
10;0;115;0.0;0.0;0.0;126.746;0.0;126.746
10;0;116;0.0;0.0;0.0;82.816;0.0;82.816
10;0;117;0.0;0.0;0.0;219.573;0.0;219.573
10;0;118;0.0;0.0;0.0;205.283;0.0;205.283
10;0;119;0.0;0.0;0.0;183.665;0.0;183.665
10;0;120;0.0;0.0;0.0;169.561;0.0;169.561
10;0;121;0.0;0.0;0.0;171.836;0.0;171.836
10;0;122;0.0;0.0;0.0;170.796;0.0;170.796
10;0;123;0.0;0.0;0.0;174.751;0.0;174.751
10;0;124;0.0;0.0;0.0;175.721;0.0;175.721
10;0;125;0.0;0.0;0.0;177.987;0.0;177.987
10;0;126;0.0;0.0;0.0;193.948;0.0;193.948
10;0;127;0.0;0.0;0.0;229.004;0.0;229.004
10;0;128;0.0;0.0;0.0;88.23;0.0;88.23
10;0;129;206.056;0.0;0.0;0.0;206.056;0.0
10;0;130;201.323;0.0;0.0;0.0;201.323;0.0
10;0;131;0.0;0.0;0.0;0.0;0.0;0.0
10;0;132;0.0;0.0;0.0;9.381;0.0;9.381
10;0;133;7.101;0.0;0.0;0.0;7.101;0.0
10;0;134;0.0;0.0;0.0;0.0;0.0;0.0
10;0;135;184.143;0.0;0.0;0.0;184.143;0.0
10;0;136;120.256;0.0;0.0;0.0;120.256;0.0
10;0;137;116.936;0.0;0.0;0.0;116.936;0.0
10;0;138;0.0;0.0;0.0;238.28;0.0;238.28
10;0;139;0.0;0.0;0.0;241.344;0.0;241.344
10;0;140;0.0;0.0;0.0;246.008;0.0;246.008
10;0;141;0.0;0.0;0.0;136.504;0.0;136.504
10;0;142;0.0;0.0;0.0;70.845;0.0;70.845
10;0;143;0.0;0.0;0.0;40.193;0.0;40.193
10;0;144;0.0;0.0;0.0;195.725;0.0;195.725
10;0;145;0.0;0.0;0.0;158.423;0.0;158.423
10;0;146;0.0;0.0;0.0;201.148;0.0;201.148
10;0;147;0.0;0.0;0.0;204.247;0.0;204.247
10;0;148;0.0;0.0;0.0;205.484;0.0;205.484
10;0;149;0.0;0.0;0.0;206.635;0.0;206.635
10;0;150;0.0;0.0;0.0;209.975;0.0;209.975
10;0;151;0.0;0.0;0.0;243.852;0.0;243.852
10;0;152;44.633;0.0;0.0;0.0;44.633;0.0
10;0;153;514.349;0.0;0.0;0.0;514.349;0.0
10;0;154;683.807;0.0;0.0;0.0;683.807;0.0
10;0;155;437.209;0.0;0.0;0.0;437.209;0.0
10;0;156;655.355;0.0;0.0;0.0;655.355;0.0
10;0;157;210.837;0.0;0.0;0.0;210.837;0.0
10;0;158;0.0;0.0;0.0;76.797;0.0;76.797
10;0;159;50.649;0.0;0.0;0.0;50.649;0.0
10;0;160;203.044;0.0;0.0;0.0;203.044;0.0
10;0;161;5.959;0.0;0.0;0.0;5.959;0.0
10;0;162;0.0;0.0;0.0;208.699;0.0;208.699
10;0;163;0.0;0.0;0.0;258.507;0.0;258.507
10;0;164;0.0;0.0;0.0;261.694;0.0;261.694
10;0;165;0.0;0.0;0.0;260.092;0.0;260.092
10;0;166;0.0;0.0;0.0;101.267;0.0;101.267
10;0;167;0.0;0.0;0.0;238.172;0.0;238.172
10;1;0;0.0;0.0;0.0;16.763;0.0;16.763
10;1;1;0.0;0.0;0.0;17.892;0.0;17.892
10;1;2;0.0;0.0;0.0;18.353;0.0;18.353
10;1;3;0.0;0.0;0.0;19.991;0.0;19.991
10;1;4;0.0;0.0;0.0;21.049;0.0;21.049
10;1;5;0.0;0.0;0.0;19.563;0.0;19.563
10;1;6;0.0;0.0;0.0;10.522;0.0;10.522
10;1;7;130.157;0.0;0.0;0.0;130.157;0.0
10;1;8;355.553;0.0;63.453;0.0;419.006;0.0
10;1;9;383.121;0.0;378.19;0.0;761.311;0.0
10;1;10;406.894;0.0;632.146;0.0;1039.04;0.0
10;1;11;371.67;0.0;821.47;0.0;1193.14;0.0
10;1;12;361.91;0.0;947.573;0.0;1309.483;0.0
10;1;13;376.358;0.0;1091.594;0.0;1467.951;0.0
10;1;14;382.657;0.0;808.367;0.0;1191.024;0.0
10;1;15;360.33;0.0;441.544;0.0;801.874;0.0
10;1;16;360.119;0.0;161.961;0.0;522.079;0.0
10;1;17;297.146;0.0;0.0;0.0;297.146;0.0
10;1;18;100.388;0.0;0.0;0.0;100.388;0.0
10;1;19;0.0;0.0;0.0;67.612;0.0;67.612
10;1;20;0.0;0.0;0.0;73.7;0.0;73.7
10;1;21;0.0;0.0;0.0;70.329;0.0;70.329
10;1;22;0.0;0.0;0.0;58.006;0.0;58.006
10;1;23;0.0;0.0;0.0;41.519;0.0;41.519
10;1;24;0.0;0.0;0.0;17.033;0.0;17.033
10;1;25;0.0;0.0;0.0;22.962;0.0;22.962
10;1;26;0.0;0.0;0.0;19.109;0.0;19.109
10;1;27;0.0;0.0;0.0;19.443;0.0;19.443
10;1;28;0.0;0.0;0.0;18.48;0.0;18.48
10;1;29;0.0;0.0;0.0;20.301;0.0;20.301
10;1;30;0.0;0.0;0.0;12.416;0.0;12.416
10;1;31;107.706;0.0;0.0;0.0;107.706;0.0
10;1;32;374.668;0.0;28.91;0.0;403.577;0.0
10;1;33;376.133;0.0;351.397;0.0;727.53;0.0
10;1;34;395.331;0.0;564.437;0.0;959.767;0.0
10;1;35;393.104;0.0;787.605;0.0;1180.708;0.0
10;1;36;361.076;0.0;1081.009;0.0;1442.085;0.0
10;1;37;366.789;0.0;1098.28;0.0;1465.069;0.0
10;1;38;397.995;0.0;971.53;0.0;1369.524;0.0
10;1;39;418.596;0.0;681.529;0.0;1100.126;0.0
10;1;40;360.548;0.0;486.733;0.0;847.281;0.0
10;1;41;476.481;0.0;0.0;0.0;476.481;0.0
10;1;42;178.296;0.0;0.0;0.0;178.296;0.0
10;1;43;0.0;0.0;0.0;42.373;0.0;42.373
10;1;44;0.0;0.0;0.0;77.275;0.0;77.275
10;1;45;0.0;0.0;0.0;65.547;0.0;65.547
10;1;46;0.0;0.0;0.0;56.193;0.0;56.193
10;1;47;0.0;0.0;0.0;56.054;0.0;56.054
10;1;48;0.0;0.0;0.0;17.665;0.0;17.665
10;1;49;0.0;0.0;0.0;19.433;0.0;19.433
10;1;50;0.0;0.0;0.0;18.81;0.0;18.81
10;1;51;0.0;0.0;0.0;18.246;0.0;18.246
10;1;52;0.0;0.0;0.0;22.32;0.0;22.32
10;1;53;0.0;0.0;0.0;19.955;0.0;19.955
10;1;54;0.0;0.0;0.0;16.943;0.0;16.943
10;1;55;45.197;0.0;0.0;0.0;45.197;0.0
10;1;56;327.3;0.0;0.979;0.0;328.279;0.0
10;1;57;316.045;0.0;347.45;0.0;663.495;0.0
10;1;58;350.061;0.0;597.319;0.0;947.38;0.0
10;1;59;337.0;0.0;811.381;0.0;1148.381;0.0
10;1;60;337.623;0.0;984.597;0.0;1322.22;0.0
10;1;61;337.748;0.0;840.443;0.0;1178.191;0.0
10;1;62;352.775;0.0;393.771;0.0;746.546;0.0
10;1;63;289.813;0.0;0.0;0.0;289.813;0.0
10;1;64;436.381;0.0;0.0;0.0;436.381;0.0
10;1;65;365.34;0.0;6.539;0.0;371.879;0.0
10;1;66;114.937;0.0;0.0;0.0;114.937;0.0
10;1;67;0.0;0.0;0.0;39.709;0.0;39.709
10;1;68;0.0;0.0;0.0;77.337;0.0;77.337
10;1;69;0.0;0.0;0.0;64.027;0.0;64.027
10;1;70;0.0;0.0;0.0;58.409;0.0;58.409
10;1;71;0.0;0.0;0.0;39.712;0.0;39.712
10;1;72;0.0;0.0;0.0;17.553;0.0;17.553
10;1;73;0.0;0.0;0.0;19.72;0.0;19.72
10;1;74;0.0;0.0;0.0;19.438;0.0;19.438
10;1;75;0.0;0.0;0.0;18.504;0.0;18.504
10;1;76;0.0;0.0;0.0;18.562;0.0;18.562
10;1;77;0.0;0.0;0.0;23.894;0.0;23.894
10;1;78;0.0;0.0;0.0;12.824;0.0;12.824
10;1;79;91.623;0.0;0.0;0.0;91.623;0.0
10;1;80;168.49;0.0;228.696;0.0;397.186;0.0
10;1;81;197.215;0.0;583.881;0.0;781.095;0.0
10;1;82;203.638;0.0;899.193;0.0;1102.831;0.0
10;1;83;195.692;0.0;1144.443;0.0;1340.135;0.0
10;1;84;190.133;0.0;1253.359;0.0;1443.492;0.0
10;1;85;189.348;0.0;1143.808;0.0;1333.156;0.0
10;1;86;194.25;0.0;975.072;0.0;1169.322;0.0
10;1;87;369.631;0.0;670.214;0.0;1039.844;0.0
10;1;88;177.515;0.0;408.875;0.0;586.39;0.0
10;1;89;188.783;0.0;115.611;0.0;304.394;0.0
10;1;90;167.06;0.0;0.0;0.0;167.06;0.0
10;1;91;0.0;0.0;0.0;43.269;0.0;43.269
10;1;92;0.0;0.0;0.0;67.966;0.0;67.966
10;1;93;0.0;0.0;0.0;64.396;0.0;64.396
10;1;94;0.0;0.0;0.0;58.339;0.0;58.339
10;1;95;0.0;0.0;0.0;49.996;0.0;49.996
10;1;96;0.0;0.0;0.0;16.783;0.0;16.783
10;1;97;0.0;0.0;0.0;18.711;0.0;18.711
10;1;98;0.0;0.0;0.0;22.833;0.0;22.833
10;1;99;0.0;0.0;0.0;19.229;0.0;19.229
10;1;100;0.0;0.0;0.0;18.228;0.0;18.228
10;1;101;0.0;0.0;0.0;19.633;0.0;19.633
10;1;102;0.0;0.0;0.0;12.053;0.0;12.053
10;1;103;95.272;0.0;0.0;0.0;95.272;0.0
10;1;104;286.795;0.0;0.0;0.0;286.795;0.0
10;1;105;334.133;0.0;0.0;0.0;334.133;0.0
10;1;106;416.553;0.0;350.219;0.0;766.772;0.0
10;1;107;417.439;0.0;925.098;0.0;1342.537;0.0
10;1;108;400.883;0.0;1114.954;0.0;1515.838;0.0
10;1;109;390.605;0.0;829.714;0.0;1220.319;0.0
10;1;110;501.541;0.0;102.565;0.0;604.105;0.0
10;1;111;476.47;0.0;0.0;0.0;476.47;0.0
10;1;112;368.884;0.0;0.0;0.0;368.884;0.0
10;1;113;321.308;0.0;0.0;0.0;321.308;0.0
10;1;114;150.453;0.0;0.0;0.0;150.453;0.0
10;1;115;0.0;0.0;0.0;50.049;0.0;50.049
10;1;116;0.0;0.0;0.0;71.854;0.0;71.854
10;1;117;0.0;0.0;0.0;59.689;0.0;59.689
10;1;118;0.0;0.0;0.0;53.321;0.0;53.321
10;1;119;0.0;0.0;0.0;35.648;0.0;35.648
10;1;120;0.0;0.0;0.0;16.989;0.0;16.989
10;1;121;0.0;0.0;0.0;20.609;0.0;20.609
10;1;122;0.0;0.0;0.0;18.532;0.0;18.532
10;1;123;0.0;0.0;0.0;18.088;0.0;18.088
10;1;124;0.0;0.0;0.0;19.257;0.0;19.257
10;1;125;0.0;0.0;0.0;19.214;0.0;19.214
10;1;126;0.0;0.0;0.0;16.021;0.0;16.021
10;1;127;48.382;0.0;0.0;0.0;48.382;0.0
10;1;128;360.95;0.0;17.793;0.0;378.743;0.0
10;1;129;394.384;0.0;362.784;0.0;757.168;0.0
10;1;130;401.868;0.0;672.702;0.0;1074.569;0.0
10;1;131;390.857;0.0;898.605;0.0;1289.462;0.0
10;1;132;381.711;0.0;1025.812;0.0;1407.523;0.0
10;1;133;383.372;0.0;940.291;0.0;1323.663;0.0
10;1;134;401.275;0.0;647.339;0.0;1048.614;0.0
10;1;135;369.511;0.0;362.593;0.0;732.104;0.0
10;1;136;443.142;0.0;71.039;0.0;514.181;0.0
10;1;137;423.016;0.0;0.0;0.0;423.016;0.0
10;1;138;149.276;0.0;0.0;0.0;149.276;0.0
10;1;139;0.0;0.0;0.0;50.84;0.0;50.84
10;1;140;0.0;0.0;0.0;65.642;0.0;65.642
10;1;141;0.0;0.0;0.0;62.976;0.0;62.976
10;1;142;0.0;0.0;0.0;52.098;0.0;52.098
10;1;143;0.0;0.0;0.0;62.957;0.0;62.957
10;1;144;0.0;0.0;0.0;17.761;0.0;17.761
10;1;145;0.0;0.0;0.0;18.734;0.0;18.734
10;1;146;0.0;0.0;0.0;18.328;0.0;18.328
10;1;147;0.0;0.0;0.0;18.938;0.0;18.938
10;1;148;0.0;0.0;0.0;21.383;0.0;21.383
10;1;149;0.0;0.0;0.0;19.675;0.0;19.675
10;1;150;0.0;0.0;0.0;18.79;0.0;18.79
10;1;151;86.426;0.0;0.0;0.0;86.426;0.0
10;1;152;361.018;0.0;28.043;0.0;389.061;0.0
10;1;153;388.992;0.0;375.498;0.0;764.489;0.0
10;1;154;401.422;0.0;681.148;0.0;1082.57;0.0
10;1;155;397.533;0.0;921.884;0.0;1319.417;0.0
10;1;156;384.159;0.0;1067.429;0.0;1451.587;0.0
10;1;157;386.36;0.0;1042.01;0.0;1428.37;0.0
10;1;158;381.317;0.0;661.375;0.0;1042.692;0.0
10;1;159;653.172;0.0;180.422;0.0;833.595;0.0
10;1;160;416.764;0.0;234.291;0.0;651.055;0.0
10;1;161;466.845;0.0;0.0;0.0;466.845;0.0
10;1;162;163.661;0.0;0.0;0.0;163.661;0.0
10;1;163;0.0;0.0;0.0;55.376;0.0;55.376
10;1;164;0.0;0.0;0.0;76.092;0.0;76.092
10;1;165;0.0;0.0;0.0;68.057;0.0;68.057
10;1;166;0.0;0.0;0.0;69.299;0.0;69.299
10;1;167;0.0;0.0;0.0;42.765;0.0;42.765
10;2;0;0.0;0.0;0.0;167.286;0.0;167.286
10;2;1;0.0;0.0;0.0;179.357;0.0;179.357
10;2;2;0.0;0.0;0.0;170.141;0.0;170.141
10;2;3;0.0;0.0;0.0;81.301;0.0;81.301
10;2;4;0.0;0.0;0.0;19.18;0.0;19.18
10;2;5;0.0;0.0;0.0;179.959;0.0;179.959
10;2;6;0.0;0.0;0.0;21.88;0.0;21.88
10;2;7;44.545;0.0;0.0;0.0;44.545;0.0
10;2;8;451.653;0.0;0.0;0.0;451.653;0.0
10;2;9;764.512;0.0;13.379;0.0;777.891;0.0
10;2;10;752.403;0.0;337.252;0.0;1089.655;0.0
10;2;11;718.911;0.0;556.879;0.0;1275.79;0.0
10;2;12;787.103;0.0;531.557;0.0;1318.66;0.0
10;2;13;787.878;0.0;354.557;0.0;1142.435;0.0
10;2;14;701.092;0.0;0.0;0.0;701.092;0.0
10;2;15;619.991;0.0;0.0;0.0;619.991;0.0
10;2;16;562.924;0.0;0.0;0.0;562.924;0.0
10;2;17;326.784;0.0;0.0;0.0;326.784;0.0
10;2;18;15.42;0.0;0.0;0.0;15.42;0.0
10;2;19;0.0;0.0;0.0;120.087;0.0;120.087
10;2;20;0.0;0.0;0.0;111.397;0.0;111.397
10;2;21;0.0;0.0;0.0;101.031;0.0;101.031
10;2;22;0.0;0.0;0.0;107.434;0.0;107.434
10;2;23;0.0;0.0;0.0;106.68;0.0;106.68
10;2;24;0.0;0.0;0.0;75.825;0.0;75.825
10;2;25;0.0;0.0;0.0;19.219;0.0;19.219
10;2;26;0.0;0.0;0.0;18.695;0.0;18.695
10;2;27;0.0;0.0;0.0;71.078;0.0;71.078
10;2;28;0.0;0.0;0.0;18.35;0.0;18.35
10;2;29;0.0;0.0;0.0;22.177;0.0;22.177
10;2;30;0.0;0.0;0.0;185.257;0.0;185.257
10;2;31;46.245;0.0;0.0;0.0;46.245;0.0
10;2;32;349.891;0.0;0.0;0.0;349.891;0.0
10;2;33;560.668;0.0;118.586;0.0;679.254;0.0
10;2;34;772.692;0.0;245.41;0.0;1018.103;0.0
10;2;35;735.936;0.0;505.623;0.0;1241.559;0.0
10;2;36;688.898;0.0;629.892;0.0;1318.79;0.0
10;2;37;675.932;0.0;529.459;0.0;1205.391;0.0
10;2;38;772.058;0.0;281.812;0.0;1053.87;0.0
10;2;39;754.886;0.0;85.072;0.0;839.958;0.0
10;2;40;591.664;0.0;0.0;0.0;591.664;0.0
10;2;41;200.545;0.0;0.0;0.0;200.545;0.0
10;2;42;0.0;0.0;0.0;5.732;0.0;5.732
10;2;43;0.0;0.0;0.0;67.545;0.0;67.545
10;2;44;0.0;0.0;0.0;78.285;0.0;78.285
10;2;45;0.0;0.0;0.0;65.811;0.0;65.811
10;2;46;0.0;0.0;0.0;69.962;0.0;69.962
10;2;47;0.0;0.0;0.0;45.367;0.0;45.367
10;2;48;0.0;0.0;0.0;16.822;0.0;16.822
10;2;49;0.0;0.0;0.0;17.764;0.0;17.764
10;2;50;0.0;0.0;0.0;19.345;0.0;19.345
10;2;51;0.0;0.0;0.0;18.273;0.0;18.273
10;2;52;0.0;0.0;0.0;18.43;0.0;18.43
10;2;53;0.0;0.0;0.0;19.109;0.0;19.109
10;2;54;0.0;0.0;0.0;21.982;0.0;21.982
10;2;55;0.0;0.0;0.0;179.223;0.0;179.223
10;2;56;24.05;0.0;0.0;0.0;24.05;0.0
10;2;57;119.293;0.0;0.0;0.0;119.293;0.0
10;2;58;90.169;0.0;0.0;0.0;90.169;0.0
10;2;59;101.329;0.0;0.0;0.0;101.329;0.0
10;2;60;202.711;0.0;0.0;0.0;202.711;0.0
10;2;61;208.698;0.0;0.0;0.0;208.698;0.0
10;2;62;262.734;0.0;0.0;0.0;262.734;0.0
10;2;63;261.593;0.0;0.0;0.0;261.593;0.0
10;2;64;116.692;0.0;0.0;0.0;116.692;0.0
10;2;65;49.664;0.0;0.0;0.0;49.664;0.0
10;2;66;0.0;0.0;0.0;129.799;0.0;129.799
10;2;67;0.0;0.0;0.0;71.876;0.0;71.876
10;2;68;0.0;0.0;0.0;82.575;0.0;82.575
10;2;69;0.0;0.0;0.0;62.48;0.0;62.48
10;2;70;0.0;0.0;0.0;190.02;0.0;190.02
10;2;71;0.0;0.0;0.0;58.581;0.0;58.581
10;2;72;0.0;0.0;0.0;150.213;0.0;150.213
10;2;73;0.0;0.0;0.0;23.613;0.0;23.613
10;2;74;0.0;0.0;0.0;18.041;0.0;18.041
10;2;75;0.0;0.0;0.0;19.582;0.0;19.582
10;2;76;0.0;0.0;0.0;17.903;0.0;17.903
10;2;77;0.0;0.0;0.0;23.818;0.0;23.818
10;2;78;0.0;0.0;0.0;22.748;0.0;22.748
10;2;79;46.275;0.0;0.0;0.0;46.275;0.0
10;2;80;184.681;0.0;0.0;0.0;184.681;0.0
10;2;81;178.925;0.0;0.0;0.0;178.925;0.0
10;2;82;220.133;0.0;0.0;0.0;220.133;0.0
10;2;83;462.872;0.0;0.0;0.0;462.872;0.0
10;2;84;590.397;0.0;251.364;0.0;841.761;0.0
10;2;85;598.743;0.0;0.0;0.0;598.743;0.0
10;2;86;430.914;0.0;0.0;0.0;430.914;0.0
10;2;87;366.238;0.0;0.0;0.0;366.238;0.0
10;2;88;243.956;0.0;0.0;0.0;243.956;0.0
10;2;89;184.07;0.0;0.0;0.0;184.07;0.0
10;2;90;0.0;0.0;0.0;11.677;0.0;11.677
10;2;91;0.0;0.0;0.0;50.629;0.0;50.629
10;2;92;0.0;0.0;0.0;187.928;0.0;187.928
10;2;93;0.0;0.0;0.0;62.695;0.0;62.695
10;2;94;0.0;0.0;0.0;196.601;0.0;196.601
10;2;95;0.0;0.0;0.0;83.584;0.0;83.584
10;2;96;0.0;0.0;0.0;105.499;0.0;105.499
10;2;97;0.0;0.0;0.0;115.737;0.0;115.737
10;2;98;0.0;0.0;0.0;49.807;0.0;49.807
10;2;99;0.0;0.0;0.0;19.302;0.0;19.302
10;2;100;0.0;0.0;0.0;172.587;0.0;172.587
10;2;101;0.0;0.0;0.0;173.081;0.0;173.081
10;2;102;0.0;0.0;0.0;22.055;0.0;22.055
10;2;103;18.37;0.0;0.0;0.0;18.37;0.0
10;2;104;406.163;0.0;0.0;0.0;406.163;0.0
10;2;105;696.395;0.0;0.0;0.0;696.395;0.0
10;2;106;760.519;0.0;0.0;0.0;760.519;0.0
10;2;107;645.739;0.0;0.0;0.0;645.739;0.0
10;2;108;728.582;0.0;0.0;0.0;728.582;0.0
10;2;109;641.53;0.0;0.0;0.0;641.53;0.0
10;2;110;629.622;0.0;0.0;0.0;629.622;0.0
10;2;111;353.964;0.0;0.0;0.0;353.964;0.0
10;2;112;180.432;0.0;0.0;0.0;180.432;0.0
10;2;113;128.144;0.0;0.0;0.0;128.144;0.0
10;2;114;0.0;0.0;0.0;40.315;0.0;40.315
10;2;115;0.0;0.0;0.0;67.327;0.0;67.327
10;2;116;0.0;0.0;0.0;73.727;0.0;73.727
10;2;117;0.0;0.0;0.0;59.035;0.0;59.035
10;2;118;0.0;0.0;0.0;101.571;0.0;101.571
10;2;119;0.0;0.0;0.0;37.669;0.0;37.669
10;2;120;0.0;0.0;0.0;56.183;0.0;56.183
10;2;121;0.0;0.0;0.0;63.555;0.0;63.555
10;2;122;0.0;0.0;0.0;62.396;0.0;62.396
10;2;123;0.0;0.0;0.0;62.881;0.0;62.881
10;2;124;0.0;0.0;0.0;63.657;0.0;63.657
10;2;125;0.0;0.0;0.0;66.732;0.0;66.732
10;2;126;0.0;0.0;0.0;118.475;0.0;118.475
10;2;127;0.0;0.0;0.0;171.638;0.0;171.638
10;2;128;78.39;0.0;0.0;0.0;78.39;0.0
10;2;129;171.767;0.0;0.0;0.0;171.767;0.0
10;2;130;245.49;0.0;0.0;0.0;245.49;0.0
10;2;131;262.942;0.0;0.0;0.0;262.942;0.0
10;2;132;581.162;0.0;0.0;0.0;581.162;0.0
10;2;133;659.777;0.0;0.0;0.0;659.777;0.0
10;2;134;344.593;0.0;0.0;0.0;344.593;0.0
10;2;135;157.98;0.0;0.0;0.0;157.98;0.0
10;2;136;138.626;0.0;0.0;0.0;138.626;0.0
10;2;137;47.817;0.0;0.0;0.0;47.817;0.0
10;2;138;0.0;0.0;0.0;176.067;0.0;176.067
10;2;139;0.0;0.0;0.0;214.237;0.0;214.237
10;2;140;0.0;0.0;0.0;78.981;0.0;78.981
10;2;141;0.0;0.0;0.0;69.214;0.0;69.214
10;2;142;0.0;0.0;0.0;128.755;0.0;128.755
10;2;143;0.0;0.0;0.0;61.744;0.0;61.744
10;2;144;0.0;0.0;0.0;26.03;0.0;26.03
10;2;145;0.0;0.0;0.0;18.137;0.0;18.137
10;2;146;0.0;0.0;0.0;18.381;0.0;18.381
10;2;147;0.0;0.0;0.0;19.946;0.0;19.946
10;2;148;0.0;0.0;0.0;18.542;0.0;18.542
10;2;149;0.0;0.0;0.0;19.36;0.0;19.36
10;2;150;0.0;0.0;0.0;19.909;0.0;19.909
10;2;151;0.0;0.0;0.0;44.929;0.0;44.929
10;2;152;0.0;0.0;0.0;150.502;0.0;150.502
10;2;153;43.285;0.0;0.0;0.0;43.285;0.0
10;2;154;35.437;0.0;0.0;0.0;35.437;0.0
10;2;155;62.285;0.0;0.0;0.0;62.285;0.0
10;2;156;128.087;0.0;0.0;0.0;128.087;0.0
10;2;157;84.071;0.0;0.0;0.0;84.071;0.0
10;2;158;90.24;0.0;0.0;0.0;90.24;0.0
10;2;159;59.468;0.0;0.0;0.0;59.468;0.0
10;2;160;0.0;0.0;0.0;0.0;0.0;0.0
10;2;161;0.0;0.0;0.0;154.936;0.0;154.936
10;2;162;0.0;0.0;0.0;71.738;0.0;71.738
10;2;163;0.0;0.0;0.0;71.248;0.0;71.248
10;2;164;0.0;0.0;0.0;82.687;0.0;82.687
10;2;165;0.0;0.0;0.0;97.941;0.0;97.941
10;2;166;0.0;0.0;0.0;136.048;0.0;136.048
10;2;167;0.0;0.0;0.0;173.953;0.0;173.953
10;3;0;0.0;0.0;0.0;19.833;0.0;19.833
10;3;1;0.0;0.0;0.0;144.171;0.0;144.171
10;3;2;0.0;0.0;0.0;175.038;0.0;175.038
10;3;3;0.0;0.0;0.0;176.725;0.0;176.725
10;3;4;0.0;0.0;0.0;196.439;0.0;196.439
10;3;5;0.0;0.0;0.0;168.401;0.0;168.401
10;3;6;0.0;0.0;0.0;201.023;0.0;201.023
10;3;7;0.0;0.0;0.0;236.561;0.0;236.561
10;3;8;0.0;0.0;0.0;232.761;0.0;232.761
10;3;9;0.0;0.0;0.0;88.877;0.0;88.877
10;3;10;48.43;0.0;0.0;0.0;48.43;0.0
10;3;11;24.556;0.0;0.0;0.0;24.556;0.0
10;3;12;289.19;0.0;0.0;0.0;289.19;0.0
10;3;13;725.877;0.0;0.0;0.0;725.877;0.0
10;3;14;639.424;0.0;0.0;0.0;639.424;0.0
10;3;15;334.09;0.0;0.0;0.0;334.09;0.0
10;3;16;0.0;0.0;0.0;103.752;0.0;103.752
10;3;17;0.0;0.0;0.0;247.102;0.0;247.102
10;3;18;0.0;0.0;0.0;239.513;0.0;239.513
10;3;19;0.0;0.0;0.0;78.495;0.0;78.495
10;3;20;0.0;0.0;0.0;82.184;0.0;82.184
10;3;21;0.0;0.0;0.0;194.739;0.0;194.739
10;3;22;0.0;0.0;0.0;232.131;0.0;232.131
10;3;23;0.0;0.0;0.0;218.92;0.0;218.92
10;3;24;0.0;0.0;0.0;194.47;0.0;194.47
10;3;25;0.0;0.0;0.0;78.627;0.0;78.627
10;3;26;0.0;0.0;0.0;177.417;0.0;177.417
10;3;27;0.0;0.0;0.0;180.539;0.0;180.539
10;3;28;0.0;0.0;0.0;184.449;0.0;184.449
10;3;29;0.0;0.0;0.0;189.194;0.0;189.194
10;3;30;0.0;0.0;0.0;202.772;0.0;202.772
10;3;31;0.0;0.0;0.0;229.184;0.0;229.184
10;3;32;0.0;0.0;0.0;234.061;0.0;234.061
10;3;33;0.0;0.0;0.0;121.079;0.0;121.079
10;3;34;229.699;0.0;0.0;0.0;229.699;0.0
10;3;35;295.975;0.0;0.0;0.0;295.975;0.0
10;3;36;377.968;0.0;0.0;0.0;377.968;0.0
10;3;37;230.54;0.0;0.0;0.0;230.54;0.0
10;3;38;0.0;0.0;0.0;108.798;0.0;108.798
10;3;39;0.0;0.0;0.0;147.081;0.0;147.081
10;3;40;0.0;0.0;0.0;203.505;0.0;203.505
10;3;41;0.0;0.0;0.0;216.616;0.0;216.616
10;3;42;0.0;0.0;0.0;225.534;0.0;225.534
10;3;43;0.0;0.0;0.0;232.393;0.0;232.393
10;3;44;0.0;0.0;0.0;224.282;0.0;224.282
10;3;45;0.0;0.0;0.0;213.268;0.0;213.268
10;3;46;0.0;0.0;0.0;203.754;0.0;203.754
10;3;47;0.0;0.0;0.0;180.121;0.0;180.121
10;3;48;0.0;0.0;0.0;111.524;0.0;111.524
10;3;49;0.0;0.0;0.0;113.043;0.0;113.043
10;3;50;0.0;0.0;0.0;105.959;0.0;105.959
10;3;51;0.0;0.0;0.0;103.848;0.0;103.848
10;3;52;0.0;0.0;0.0;102.192;0.0;102.192
10;3;53;0.0;0.0;0.0;109.582;0.0;109.582
10;3;54;0.0;0.0;0.0;112.925;0.0;112.925
10;3;55;0.0;0.0;0.0;149.092;0.0;149.092
10;3;56;0.0;0.0;0.0;160.275;0.0;160.275
10;3;57;0.0;0.0;0.0;144.591;0.0;144.591
10;3;58;0.0;0.0;0.0;67.449;0.0;67.449
10;3;59;0.0;0.0;0.0;79.963;0.0;79.963
10;3;60;106.266;0.0;0.0;0.0;106.266;0.0
10;3;61;409.164;0.0;0.0;0.0;409.164;0.0
10;3;62;187.629;0.0;0.0;0.0;187.629;0.0
10;3;63;91.497;0.0;0.0;0.0;91.497;0.0
10;3;64;0.0;0.0;0.0;123.554;0.0;123.554
10;3;65;0.0;0.0;0.0;237.243;0.0;237.243
10;3;66;0.0;0.0;0.0;225.119;0.0;225.119
10;3;67;0.0;0.0;0.0;226.257;0.0;226.257
10;3;68;0.0;0.0;0.0;117.466;0.0;117.466
10;3;69;0.0;0.0;0.0;56.64;0.0;56.64
10;3;70;0.0;0.0;0.0;61.653;0.0;61.653
10;3;71;0.0;0.0;0.0;137.137;0.0;137.137
10;3;72;0.0;0.0;0.0;111.313;0.0;111.313
10;3;73;0.0;0.0;0.0;117.115;0.0;117.115
10;3;74;0.0;0.0;0.0;117.722;0.0;117.722
10;3;75;0.0;0.0;0.0;120.578;0.0;120.578
10;3;76;0.0;0.0;0.0;120.287;0.0;120.287
10;3;77;0.0;0.0;0.0;122.261;0.0;122.261
10;3;78;0.0;0.0;0.0;181.44;0.0;181.44
10;3;79;0.0;0.0;0.0;94.281;0.0;94.281
10;3;80;0.0;0.0;0.0;159.321;0.0;159.321
10;3;81;0.0;0.0;0.0;137.843;0.0;137.843
10;3;82;0.0;0.0;0.0;128.948;0.0;128.948
10;3;83;0.0;0.0;0.0;103.567;0.0;103.567
10;3;84;0.0;0.0;0.0;42.042;0.0;42.042
10;3;85;392.833;0.0;0.0;0.0;392.833;0.0
10;3;86;490.112;0.0;0.0;0.0;490.112;0.0
10;3;87;134.086;0.0;0.0;0.0;134.086;0.0
10;3;88;0.0;0.0;0.0;178.328;0.0;178.328
10;3;89;0.0;0.0;0.0;214.771;0.0;214.771
10;3;90;0.0;0.0;0.0;225.919;0.0;225.919
10;3;91;0.0;0.0;0.0;68.944;0.0;68.944
10;3;92;0.0;0.0;0.0;88.446;0.0;88.446
10;3;93;0.0;0.0;0.0;242.973;0.0;242.973
10;3;94;0.0;0.0;0.0;227.717;0.0;227.717
10;3;95;0.0;0.0;0.0;231.288;0.0;231.288
10;3;96;0.0;0.0;0.0;194.243;0.0;194.243
10;3;97;0.0;0.0;0.0;203.28;0.0;203.28
10;3;98;0.0;0.0;0.0;198.211;0.0;198.211
10;3;99;0.0;0.0;0.0;200.709;0.0;200.709
10;3;100;0.0;0.0;0.0;197.535;0.0;197.535
10;3;101;0.0;0.0;0.0;195.965;0.0;195.965
10;3;102;0.0;0.0;0.0;195.226;0.0;195.226
10;3;103;0.0;0.0;0.0;223.436;0.0;223.436
10;3;104;0.0;0.0;0.0;234.361;0.0;234.361
10;3;105;0.0;0.0;0.0;238.566;0.0;238.566
10;3;106;0.0;0.0;0.0;219.338;0.0;219.338
10;3;107;0.0;0.0;0.0;206.347;0.0;206.347
10;3;108;0.0;0.0;0.0;171.985;0.0;171.985
10;3;109;0.0;0.0;0.0;141.716;0.0;141.716
10;3;110;0.0;0.0;0.0;176.31;0.0;176.31
10;3;111;0.0;0.0;0.0;190.603;0.0;190.603
10;3;112;0.0;0.0;0.0;223.492;0.0;223.492
10;3;113;0.0;0.0;0.0;229.132;0.0;229.132
10;3;114;0.0;0.0;0.0;230.998;0.0;230.998
10;3;115;0.0;0.0;0.0;246.932;0.0;246.932
10;3;116;0.0;0.0;0.0;230.091;0.0;230.091
10;3;117;0.0;0.0;0.0;222.409;0.0;222.409
10;3;118;0.0;0.0;0.0;235.812;0.0;235.812
10;3;119;0.0;0.0;0.0;217.913;0.0;217.913
10;3;120;0.0;0.0;0.0;187.91;0.0;187.91
10;3;121;0.0;0.0;0.0;193.993;0.0;193.993
10;3;122;0.0;0.0;0.0;192.982;0.0;192.982
10;3;123;0.0;0.0;0.0;195.539;0.0;195.539
10;3;124;0.0;0.0;0.0;198.121;0.0;198.121
10;3;125;0.0;0.0;0.0;73.076;0.0;73.076
10;3;126;0.0;0.0;0.0;203.82;0.0;203.82
10;3;127;0.0;0.0;0.0;237.53;0.0;237.53
10;3;128;0.0;0.0;0.0;242.733;0.0;242.733
10;3;129;0.0;0.0;0.0;211.527;0.0;211.527
10;3;130;0.0;0.0;0.0;146.187;0.0;146.187
10;3;131;0.0;0.0;0.0;151.977;0.0;151.977
10;3;132;0.0;0.0;0.0;9.873;0.0;9.873
10;3;133;26.796;0.0;0.0;0.0;26.796;0.0
10;3;134;0.0;0.0;0.0;157.502;0.0;157.502
10;3;135;0.0;0.0;0.0;175.167;0.0;175.167
10;3;136;0.0;0.0;0.0;240.568;0.0;240.568
10;3;137;0.0;0.0;0.0;183.111;0.0;183.111
10;3;138;0.0;0.0;0.0;229.016;0.0;229.016
10;3;139;0.0;0.0;0.0;261.892;0.0;261.892
10;3;140;0.0;0.0;0.0;210.754;0.0;210.754
10;3;141;0.0;0.0;0.0;228.569;0.0;228.569
10;3;142;0.0;0.0;0.0;231.2;0.0;231.2
10;3;143;0.0;0.0;0.0;205.627;0.0;205.627
10;3;144;0.0;0.0;0.0;198.487;0.0;198.487
10;3;145;0.0;0.0;0.0;177.629;0.0;177.629
10;3;146;0.0;0.0;0.0;199.151;0.0;199.151
10;3;147;0.0;0.0;0.0;187.45;0.0;187.45
10;3;148;0.0;0.0;0.0;196.697;0.0;196.697
10;3;149;0.0;0.0;0.0;203.38;0.0;203.38
10;3;150;0.0;0.0;0.0;209.144;0.0;209.144
10;3;151;0.0;0.0;0.0;238.768;0.0;238.768
10;3;152;0.0;0.0;0.0;243.677;0.0;243.677
10;3;153;0.0;0.0;0.0;113.996;0.0;113.996
10;3;154;96.454;0.0;0.0;0.0;96.454;0.0
10;3;155;0.0;0.0;0.0;41.395;0.0;41.395
10;3;156;0.0;0.0;0.0;92.542;0.0;92.542
10;3;157;0.0;0.0;0.0;128.7;0.0;128.7
10;3;158;0.0;0.0;0.0;76.32;0.0;76.32
10;3;159;0.0;0.0;0.0;168.899;0.0;168.899
10;3;160;0.0;0.0;0.0;181.22;0.0;181.22
10;3;161;0.0;0.0;0.0;180.229;0.0;180.229
10;3;162;0.0;0.0;0.0;194.723;0.0;194.723
10;3;163;0.0;0.0;0.0;203.28;0.0;203.28
10;3;164;0.0;0.0;0.0;218.088;0.0;218.088
10;3;165;0.0;0.0;0.0;234.952;0.0;234.952
10;3;166;0.0;0.0;0.0;231.707;0.0;231.707
10;3;167;0.0;0.0;0.0;210.754;0.0;210.754
15;0;0;0.0;0.0;0.0;16.917;0.0;16.917
15;0;1;0.0;0.0;0.0;110.368;0.0;110.368
15;0;2;0.0;0.0;0.0;20.233;0.0;20.233
15;0;3;0.0;0.0;0.0;108.4;0.0;108.4
15;0;4;0.0;0.0;0.0;108.362;0.0;108.362
15;0;5;0.0;0.0;0.0;112.081;0.0;112.081
15;0;6;0.0;0.0;0.0;129.068;0.0;129.068
15;0;7;0.0;0.0;0.0;163.611;0.0;163.611
15;0;8;0.0;0.0;0.0;5.42;0.0;5.42
15;0;9;342.519;0.0;0.0;0.0;342.519;0.0
15;0;10;429.223;0.0;0.0;0.0;429.223;0.0
15;0;11;204.105;0.0;0.0;0.0;204.105;0.0
15;0;12;236.288;0.0;0.0;0.0;236.288;0.0
15;0;13;0.0;0.0;0.0;0.0;0.0;0.0
15;0;14;0.0;0.0;0.0;0.0;0.0;0.0
15;0;15;218.645;0.0;0.0;0.0;218.645;0.0
15;0;16;62.738;0.0;0.0;0.0;62.738;0.0
15;0;17;0.0;0.0;0.0;0.0;0.0;0.0
15;0;18;0.0;0.0;0.0;72.391;0.0;72.391
15;0;19;0.0;0.0;0.0;73.206;0.0;73.206
15;0;20;0.0;0.0;0.0;83.508;0.0;83.508
15;0;21;0.0;0.0;0.0;212.515;0.0;212.515
15;0;22;0.0;0.0;0.0;203.581;0.0;203.581
15;0;23;0.0;0.0;0.0;198.116;0.0;198.116
15;0;24;0.0;0.0;0.0;16.85;0.0;16.85
15;0;25;0.0;0.0;0.0;18.334;0.0;18.334
15;0;26;0.0;0.0;0.0;19.988;0.0;19.988
15;0;27;0.0;0.0;0.0;179.935;0.0;179.935
15;0;28;0.0;0.0;0.0;179.235;0.0;179.235
15;0;29;0.0;0.0;0.0;138.426;0.0;138.426
15;0;30;0.0;0.0;0.0;23.287;0.0;23.287
15;0;31;0.0;0.0;0.0;61.958;0.0;61.958
15;0;32;0.0;0.0;0.0;36.211;0.0;36.211
15;0;33;271.225;0.0;0.0;0.0;271.225;0.0
15;0;34;484.17;0.0;0.0;0.0;484.17;0.0
15;0;35;507.368;0.0;0.0;0.0;507.368;0.0
15;0;36;348.158;0.0;0.0;0.0;348.158;0.0
15;0;37;722.417;0.0;0.0;0.0;722.417;0.0
15;0;38;849.477;0.0;0.0;0.0;849.477;0.0
15;0;39;642.513;0.0;0.0;0.0;642.513;0.0
15;0;40;233.151;0.0;0.0;0.0;233.151;0.0
15;0;41;0.0;0.0;0.0;0.0;0.0;0.0
15;0;42;0.0;0.0;0.0;127.559;0.0;127.559
15;0;43;0.0;0.0;0.0;144.676;0.0;144.676
15;0;44;0.0;0.0;0.0;145.651;0.0;145.651
15;0;45;0.0;0.0;0.0;58.426;0.0;58.426
15;0;46;0.0;0.0;0.0;219.944;0.0;219.944
15;0;47;0.0;0.0;0.0;79.8;0.0;79.8
15;0;48;0.0;0.0;0.0;17.282;0.0;17.282
15;0;49;0.0;0.0;0.0;19.915;0.0;19.915
15;0;50;0.0;0.0;0.0;19.197;0.0;19.197
15;0;51;0.0;0.0;0.0;18.749;0.0;18.749
15;0;52;0.0;0.0;0.0;19.09;0.0;19.09
15;0;53;0.0;0.0;0.0;98.074;0.0;98.074
15;0;54;0.0;0.0;0.0;103.598;0.0;103.598
15;0;55;0.0;0.0;0.0;159.487;0.0;159.487
15;0;56;0.0;0.0;0.0;66.138;0.0;66.138
15;0;57;115.341;0.0;0.0;0.0;115.341;0.0
15;0;58;313.567;0.0;0.0;0.0;313.567;0.0
15;0;59;500.719;0.0;0.0;0.0;500.719;0.0
15;0;60;131.666;0.0;0.0;0.0;131.666;0.0
15;0;61;51.24;0.0;0.0;0.0;51.24;0.0
15;0;62;57.726;0.0;0.0;0.0;57.726;0.0
15;0;63;420.9;0.0;0.0;0.0;420.9;0.0
15;0;64;441.498;0.0;0.0;0.0;441.498;0.0
15;0;65;0.0;0.0;0.0;0.0;0.0;0.0
15;0;66;0.0;0.0;0.0;82.486;0.0;82.486
15;0;67;0.0;0.0;0.0;88.679;0.0;88.679
15;0;68;0.0;0.0;0.0;165.621;0.0;165.621
15;0;69;0.0;0.0;0.0;211.963;0.0;211.963
15;0;70;0.0;0.0;0.0;194.436;0.0;194.436
15;0;71;0.0;0.0;0.0;89.561;0.0;89.561
15;0;72;0.0;0.0;0.0;16.68;0.0;16.68
15;0;73;0.0;0.0;0.0;18.497;0.0;18.497
15;0;74;0.0;0.0;0.0;18.753;0.0;18.753
15;0;75;0.0;0.0;0.0;19.291;0.0;19.291
15;0;76;0.0;0.0;0.0;59.226;0.0;59.226
15;0;77;0.0;0.0;0.0;19.385;0.0;19.385
15;0;78;0.0;0.0;0.0;102.254;0.0;102.254
15;0;79;0.0;0.0;0.0;185.464;0.0;185.464
15;0;80;0.0;0.0;0.0;56.522;0.0;56.522
15;0;81;0.0;0.0;0.0;48.288;0.0;48.288
15;0;82;0.0;0.0;0.0;0.657;0.0;0.657
15;0;83;80.803;0.0;0.0;0.0;80.803;0.0
15;0;84;121.234;0.0;0.0;0.0;121.234;0.0
15;0;85;84.717;0.0;0.0;0.0;84.717;0.0
15;0;86;0.0;0.0;0.0;0.0;0.0;0.0
15;0;87;67.738;0.0;0.0;0.0;67.738;0.0
15;0;88;0.0;0.0;0.0;0.0;0.0;0.0
15;0;89;32.097;0.0;0.0;0.0;32.097;0.0
15;0;90;0.0;0.0;0.0;30.57;0.0;30.57
15;0;91;0.0;0.0;0.0;66.306;0.0;66.306
15;0;92;0.0;0.0;0.0;86.208;0.0;86.208
15;0;93;0.0;0.0;0.0;67.065;0.0;67.065
15;0;94;0.0;0.0;0.0;134.589;0.0;134.589
15;0;95;0.0;0.0;0.0;146.018;0.0;146.018
15;0;96;0.0;0.0;0.0;170.034;0.0;170.034
15;0;97;0.0;0.0;0.0;179.817;0.0;179.817
15;0;98;0.0;0.0;0.0;176.967;0.0;176.967
15;0;99;0.0;0.0;0.0;178.586;0.0;178.586
15;0;100;0.0;0.0;0.0;179.577;0.0;179.577
15;0;101;0.0;0.0;0.0;179.423;0.0;179.423
15;0;102;0.0;0.0;0.0;188.423;0.0;188.423
15;0;103;0.0;0.0;0.0;223.418;0.0;223.418
15;0;104;0.0;0.0;0.0;108.564;0.0;108.564
15;0;105;45.16;0.0;0.0;0.0;45.16;0.0
15;0;106;13.84;0.0;0.0;0.0;13.84;0.0
15;0;107;0.0;0.0;0.0;0.0;0.0;0.0
15;0;108;0.0;0.0;0.0;0.0;0.0;0.0
15;0;109;0.0;0.0;0.0;0.0;0.0;0.0
15;0;110;369.345;0.0;0.0;0.0;369.345;0.0
15;0;111;310.867;0.0;0.0;0.0;310.867;0.0
15;0;112;0.0;0.0;0.0;148.9;0.0;148.9
15;0;113;0.0;0.0;0.0;173.217;0.0;173.217
15;0;114;0.0;0.0;0.0;223.813;0.0;223.813
15;0;115;0.0;0.0;0.0;83.674;0.0;83.674
15;0;116;0.0;0.0;0.0;82.816;0.0;82.816
15;0;117;0.0;0.0;0.0;170.18;0.0;170.18
15;0;118;0.0;0.0;0.0;193.976;0.0;193.976
15;0;119;0.0;0.0;0.0;171.902;0.0;171.902
15;0;120;0.0;0.0;0.0;157.22;0.0;157.22
15;0;121;0.0;0.0;0.0;159.506;0.0;159.506
15;0;122;0.0;0.0;0.0;158.382;0.0;158.382
15;0;123;0.0;0.0;0.0;162.012;0.0;162.012
15;0;124;0.0;0.0;0.0;162.795;0.0;162.795
15;0;125;0.0;0.0;0.0;164.94;0.0;164.94
15;0;126;0.0;0.0;0.0;179.846;0.0;179.846
15;0;127;0.0;0.0;0.0;215.258;0.0;215.258
15;0;128;0.0;0.0;0.0;75.701;0.0;75.701
15;0;129;206.056;0.0;0.0;0.0;206.056;0.0
15;0;130;201.323;0.0;0.0;0.0;201.323;0.0
15;0;131;0.0;0.0;0.0;0.0;0.0;0.0
15;0;132;0.0;0.0;0.0;0.0;0.0;0.0
15;0;133;7.101;0.0;0.0;0.0;7.101;0.0
15;0;134;0.0;0.0;0.0;0.0;0.0;0.0
15;0;135;184.143;0.0;0.0;0.0;184.143;0.0
15;0;136;120.256;0.0;0.0;0.0;120.256;0.0
15;0;137;116.936;0.0;0.0;0.0;116.936;0.0
15;0;138;0.0;0.0;0.0;238.28;0.0;238.28
15;0;139;0.0;0.0;0.0;239.559;0.0;239.559
15;0;140;0.0;0.0;0.0;200.902;0.0;200.902
15;0;141;0.0;0.0;0.0;56.957;0.0;56.957
15;0;142;0.0;0.0;0.0;70.845;0.0;70.845
15;0;143;0.0;0.0;0.0;40.193;0.0;40.193
15;0;144;0.0;0.0;0.0;195.725;0.0;195.725
15;0;145;0.0;0.0;0.0;110.384;0.0;110.384
15;0;146;0.0;0.0;0.0;201.148;0.0;201.148
15;0;147;0.0;0.0;0.0;204.247;0.0;204.247
15;0;148;0.0;0.0;0.0;205.484;0.0;205.484
15;0;149;0.0;0.0;0.0;206.635;0.0;206.635
15;0;150;0.0;0.0;0.0;117.543;0.0;117.543
15;0;151;0.0;0.0;0.0;240.786;0.0;240.786
15;0;152;44.633;0.0;0.0;0.0;44.633;0.0
15;0;153;514.349;0.0;0.0;0.0;514.349;0.0
15;0;154;683.807;0.0;0.0;0.0;683.807;0.0
15;0;155;437.209;0.0;0.0;0.0;437.209;0.0
15;0;156;655.355;0.0;0.0;0.0;655.355;0.0
15;0;157;210.837;0.0;0.0;0.0;210.837;0.0
15;0;158;0.0;0.0;0.0;76.797;0.0;76.797
15;0;159;50.649;0.0;0.0;0.0;50.649;0.0
15;0;160;203.044;0.0;0.0;0.0;203.044;0.0
15;0;161;5.959;0.0;0.0;0.0;5.959;0.0
15;0;162;0.0;0.0;0.0;208.699;0.0;208.699
15;0;163;0.0;0.0;0.0;251.365;0.0;251.365
15;0;164;0.0;0.0;0.0;236.424;0.0;236.424
15;0;165;0.0;0.0;0.0;111.727;0.0;111.727
15;0;166;0.0;0.0;0.0;63.412;0.0;63.412
15;0;167;0.0;0.0;0.0;238.172;0.0;238.172
15;1;0;0.0;0.0;0.0;16.763;0.0;16.763
15;1;1;0.0;0.0;0.0;17.892;0.0;17.892
15;1;2;0.0;0.0;0.0;18.353;0.0;18.353
15;1;3;0.0;0.0;0.0;19.991;0.0;19.991
15;1;4;0.0;0.0;0.0;21.049;0.0;21.049
15;1;5;0.0;0.0;0.0;19.563;0.0;19.563
15;1;6;0.0;0.0;0.0;10.522;0.0;10.522
15;1;7;130.157;0.0;0.0;0.0;130.157;0.0
15;1;8;355.553;0.0;63.453;0.0;419.006;0.0
15;1;9;383.121;0.0;378.19;0.0;761.311;0.0
15;1;10;406.894;0.0;632.146;0.0;1039.04;0.0
15;1;11;371.67;0.0;821.47;0.0;1193.14;0.0
15;1;12;361.91;0.0;947.573;0.0;1309.483;0.0
15;1;13;376.358;0.0;1091.594;0.0;1467.951;0.0
15;1;14;382.657;0.0;808.367;0.0;1191.024;0.0
15;1;15;360.33;0.0;441.544;0.0;801.874;0.0
15;1;16;362.45;0.0;159.629;0.0;522.079;0.0
15;1;17;297.146;0.0;0.0;0.0;297.146;0.0
15;1;18;100.388;0.0;0.0;0.0;100.388;0.0
15;1;19;0.0;0.0;0.0;67.612;0.0;67.612
15;1;20;0.0;0.0;0.0;73.7;0.0;73.7
15;1;21;0.0;0.0;0.0;70.329;0.0;70.329
15;1;22;0.0;0.0;0.0;58.006;0.0;58.006
15;1;23;0.0;0.0;0.0;41.519;0.0;41.519
15;1;24;0.0;0.0;0.0;17.033;0.0;17.033
15;1;25;0.0;0.0;0.0;22.962;0.0;22.962
15;1;26;0.0;0.0;0.0;19.109;0.0;19.109
15;1;27;0.0;0.0;0.0;19.443;0.0;19.443
15;1;28;0.0;0.0;0.0;18.48;0.0;18.48
15;1;29;0.0;0.0;0.0;20.301;0.0;20.301
15;1;30;0.0;0.0;0.0;12.416;0.0;12.416
15;1;31;107.706;0.0;0.0;0.0;107.706;0.0
15;1;32;373.748;0.0;30.029;0.0;403.777;0.0
15;1;33;375.112;0.0;352.649;0.0;727.761;0.0
15;1;34;394.095;0.0;565.929;0.0;960.024;0.0
15;1;35;392.048;0.0;788.893;0.0;1180.941;0.0
15;1;36;359.911;0.0;1082.456;0.0;1442.366;0.0
15;1;37;365.97;0.0;1099.288;0.0;1465.259;0.0
15;1;38;397.089;0.0;972.656;0.0;1369.744;0.0
15;1;39;452.537;0.0;702.896;0.0;1155.432;0.0
15;1;40;360.548;0.0;486.733;0.0;847.281;0.0
15;1;41;426.155;0.0;0.0;0.0;426.155;0.0
15;1;42;178.296;0.0;0.0;0.0;178.296;0.0
15;1;43;0.0;0.0;0.0;42.373;0.0;42.373
15;1;44;0.0;0.0;0.0;77.275;0.0;77.275
15;1;45;0.0;0.0;0.0;65.547;0.0;65.547
15;1;46;0.0;0.0;0.0;56.193;0.0;56.193
15;1;47;0.0;0.0;0.0;56.054;0.0;56.054
15;1;48;0.0;0.0;0.0;17.665;0.0;17.665
15;1;49;0.0;0.0;0.0;19.433;0.0;19.433
15;1;50;0.0;0.0;0.0;18.81;0.0;18.81
15;1;51;0.0;0.0;0.0;18.246;0.0;18.246
15;1;52;0.0;0.0;0.0;22.32;0.0;22.32
15;1;53;0.0;0.0;0.0;19.955;0.0;19.955
15;1;54;0.0;0.0;0.0;16.943;0.0;16.943
15;1;55;45.197;0.0;0.0;0.0;45.197;0.0
15;1;56;327.3;0.0;0.979;0.0;328.279;0.0
15;1;57;316.045;0.0;347.45;0.0;663.495;0.0
15;1;58;349.179;0.0;598.44;0.0;947.619;0.0
15;1;59;336.128;0.0;812.484;0.0;1148.612;0.0
15;1;60;336.838;0.0;985.544;0.0;1322.382;0.0
15;1;61;336.929;0.0;841.509;0.0;1178.438;0.0
15;1;62;350.788;0.0;396.367;0.0;747.155;0.0
15;1;63;289.813;0.0;0.0;0.0;289.813;0.0
15;1;64;441.038;0.0;0.0;0.0;441.038;0.0
15;1;65;345.814;0.0;26.065;0.0;371.879;0.0
15;1;66;114.937;0.0;0.0;0.0;114.937;0.0
15;1;67;0.0;0.0;0.0;39.709;0.0;39.709
15;1;68;0.0;0.0;0.0;77.337;0.0;77.337
15;1;69;0.0;0.0;0.0;64.027;0.0;64.027
15;1;70;0.0;0.0;0.0;58.409;0.0;58.409
15;1;71;0.0;0.0;0.0;39.712;0.0;39.712
15;1;72;0.0;0.0;0.0;17.553;0.0;17.553
15;1;73;0.0;0.0;0.0;19.72;0.0;19.72
15;1;74;0.0;0.0;0.0;19.438;0.0;19.438
15;1;75;0.0;0.0;0.0;18.504;0.0;18.504
15;1;76;0.0;0.0;0.0;18.562;0.0;18.562
15;1;77;0.0;0.0;0.0;23.894;0.0;23.894
15;1;78;0.0;0.0;0.0;12.824;0.0;12.824
15;1;79;91.623;0.0;0.0;0.0;91.623;0.0
15;1;80;168.49;0.0;228.696;0.0;397.186;0.0
15;1;81;196.26;0.0;585.083;0.0;781.343;0.0
15;1;82;202.815;0.0;900.31;0.0;1103.125;0.0
15;1;83;194.711;0.0;1145.651;0.0;1340.362;0.0
15;1;84;189.234;0.0;1254.433;0.0;1443.667;0.0
15;1;85;188.549;0.0;1144.856;0.0;1333.405;0.0
15;1;86;193.449;0.0;976.117;0.0;1169.566;0.0
15;1;87;353.137;0.0;691.435;0.0;1044.572;0.0
15;1;88;177.515;0.0;408.875;0.0;586.39;0.0
15;1;89;188.783;0.0;115.611;0.0;304.394;0.0
15;1;90;167.06;0.0;0.0;0.0;167.06;0.0
15;1;91;0.0;0.0;0.0;43.269;0.0;43.269
15;1;92;0.0;0.0;0.0;67.966;0.0;67.966
15;1;93;0.0;0.0;0.0;64.396;0.0;64.396
15;1;94;0.0;0.0;0.0;58.339;0.0;58.339
15;1;95;0.0;0.0;0.0;49.996;0.0;49.996
15;1;96;0.0;0.0;0.0;16.783;0.0;16.783
15;1;97;0.0;0.0;0.0;18.711;0.0;18.711
15;1;98;0.0;0.0;0.0;22.833;0.0;22.833
15;1;99;0.0;0.0;0.0;19.229;0.0;19.229
15;1;100;0.0;0.0;0.0;18.228;0.0;18.228
15;1;101;0.0;0.0;0.0;19.633;0.0;19.633
15;1;102;0.0;0.0;0.0;12.053;0.0;12.053
15;1;103;95.272;0.0;0.0;0.0;95.272;0.0
15;1;104;286.795;0.0;0.0;0.0;286.795;0.0
15;1;105;334.133;0.0;0.0;0.0;334.133;0.0
15;1;106;415.089;0.0;351.955;0.0;767.045;0.0
15;1;107;416.293;0.0;926.467;0.0;1342.76;0.0
15;1;108;399.576;0.0;1116.566;0.0;1516.142;0.0
15;1;109;389.594;0.0;830.962;0.0;1220.555;0.0
15;1;110;426.598;0.0;124.519;0.0;551.117;0.0
15;1;111;479.628;0.0;0.0;0.0;479.628;0.0
15;1;112;422.364;0.0;0.0;0.0;422.364;0.0
15;1;113;321.308;0.0;0.0;0.0;321.308;0.0
15;1;114;150.453;0.0;0.0;0.0;150.453;0.0
15;1;115;0.0;0.0;0.0;50.049;0.0;50.049
15;1;116;0.0;0.0;0.0;71.854;0.0;71.854
15;1;117;0.0;0.0;0.0;59.689;0.0;59.689
15;1;118;0.0;0.0;0.0;53.321;0.0;53.321
15;1;119;0.0;0.0;0.0;35.648;0.0;35.648
15;1;120;0.0;0.0;0.0;16.989;0.0;16.989
15;1;121;0.0;0.0;0.0;20.609;0.0;20.609
15;1;122;0.0;0.0;0.0;18.532;0.0;18.532
15;1;123;0.0;0.0;0.0;18.088;0.0;18.088
15;1;124;0.0;0.0;0.0;19.257;0.0;19.257
15;1;125;0.0;0.0;0.0;19.214;0.0;19.214
15;1;126;0.0;0.0;0.0;16.021;0.0;16.021
15;1;127;48.382;0.0;0.0;0.0;48.382;0.0
15;1;128;360.95;0.0;17.793;0.0;378.743;0.0
15;1;129;393.115;0.0;364.35;0.0;757.465;0.0
15;1;130;400.628;0.0;674.197;0.0;1074.825;0.0
15;1;131;389.811;0.0;899.886;0.0;1289.698;0.0
15;1;132;380.446;0.0;1027.407;0.0;1407.852;0.0
15;1;133;382.431;0.0;941.457;0.0;1323.889;0.0
15;1;134;400.326;0.0;648.541;0.0;1048.867;0.0
15;1;135;368.473;0.0;363.854;0.0;732.327;0.0
15;1;136;428.984;0.0;89.212;0.0;518.197;0.0
15;1;137;423.016;0.0;0.0;0.0;423.016;0.0
15;1;138;149.276;0.0;0.0;0.0;149.276;0.0
15;1;139;0.0;0.0;0.0;50.84;0.0;50.84
15;1;140;0.0;0.0;0.0;65.642;0.0;65.642
15;1;141;0.0;0.0;0.0;62.976;0.0;62.976
15;1;142;0.0;0.0;0.0;52.098;0.0;52.098
15;1;143;0.0;0.0;0.0;62.957;0.0;62.957
15;1;144;0.0;0.0;0.0;17.761;0.0;17.761
15;1;145;0.0;0.0;0.0;18.734;0.0;18.734
15;1;146;0.0;0.0;0.0;18.328;0.0;18.328
15;1;147;0.0;0.0;0.0;18.938;0.0;18.938
15;1;148;0.0;0.0;0.0;21.383;0.0;21.383
15;1;149;0.0;0.0;0.0;19.675;0.0;19.675
15;1;150;0.0;0.0;0.0;18.79;0.0;18.79
15;1;151;86.426;0.0;0.0;0.0;86.426;0.0
15;1;152;361.018;0.0;28.043;0.0;389.061;0.0
15;1;153;387.816;0.0;376.95;0.0;764.767;0.0
15;1;154;400.162;0.0;682.666;0.0;1082.828;0.0
15;1;155;396.414;0.0;923.216;0.0;1319.63;0.0
15;1;156;382.84;0.0;1069.059;0.0;1451.899;0.0
15;1;157;385.435;0.0;1043.141;0.0;1428.576;0.0
15;1;158;380.343;0.0;662.567;0.0;1042.911;0.0
15;1;159;653.172;0.0;180.422;0.0;833.595;0.0
15;1;160;407.169;0.0;287.946;0.0;695.115;0.0
15;1;161;434.002;0.0;0.0;0.0;434.002;0.0
15;1;162;163.661;0.0;0.0;0.0;163.661;0.0
15;1;163;0.0;0.0;0.0;55.376;0.0;55.376
15;1;164;0.0;0.0;0.0;76.092;0.0;76.092
15;1;165;0.0;0.0;0.0;68.057;0.0;68.057
15;1;166;0.0;0.0;0.0;69.299;0.0;69.299
15;1;167;0.0;0.0;0.0;42.765;0.0;42.765
15;2;0;0.0;0.0;0.0;167.286;0.0;167.286
15;2;1;0.0;0.0;0.0;179.357;0.0;179.357
15;2;2;0.0;0.0;0.0;163.37;0.0;163.37
15;2;3;0.0;0.0;0.0;25.155;0.0;25.155
15;2;4;0.0;0.0;0.0;19.18;0.0;19.18
15;2;5;0.0;0.0;0.0;179.959;0.0;179.959
15;2;6;0.0;0.0;0.0;21.88;0.0;21.88
15;2;7;44.545;0.0;0.0;0.0;44.545;0.0
15;2;8;445.093;0.0;0.0;0.0;445.093;0.0
15;2;9;584.965;0.0;199.024;0.0;783.989;0.0
15;2;10;747.568;0.0;346.72;0.0;1094.288;0.0
15;2;11;715.003;0.0;573.254;0.0;1288.257;0.0
15;2;12;781.831;0.0;536.829;0.0;1318.66;0.0
15;2;13;787.878;0.0;354.557;0.0;1142.435;0.0
15;2;14;699.156;0.0;0.0;0.0;699.156;0.0
15;2;15;600.456;0.0;0.0;0.0;600.456;0.0
15;2;16;584.86;0.0;0.0;0.0;584.86;0.0
15;2;17;327.863;0.0;0.0;0.0;327.863;0.0
15;2;18;15.42;0.0;0.0;0.0;15.42;0.0
15;2;19;0.0;0.0;0.0;116.348;0.0;116.348
15;2;20;0.0;0.0;0.0;108.903;0.0;108.903
15;2;21;0.0;0.0;0.0;98.2;0.0;98.2
15;2;22;0.0;0.0;0.0;104.298;0.0;104.298
15;2;23;0.0;0.0;0.0;102.996;0.0;102.996
15;2;24;0.0;0.0;0.0;71.274;0.0;71.274
15;2;25;0.0;0.0;0.0;19.219;0.0;19.219
15;2;26;0.0;0.0;0.0;18.695;0.0;18.695
15;2;27;0.0;0.0;0.0;23.431;0.0;23.431
15;2;28;0.0;0.0;0.0;18.35;0.0;18.35
15;2;29;0.0;0.0;0.0;22.177;0.0;22.177
15;2;30;0.0;0.0;0.0;185.257;0.0;185.257
15;2;31;46.245;0.0;0.0;0.0;46.245;0.0
15;2;32;356.35;0.0;0.0;0.0;356.35;0.0
15;2;33;544.39;0.0;140.064;0.0;684.453;0.0
15;2;34;528.464;0.0;493.312;0.0;1021.776;0.0
15;2;35;489.427;0.0;754.719;0.0;1244.146;0.0
15;2;36;684.238;0.0;636.3;0.0;1320.538;0.0
15;2;37;672.789;0.0;535.413;0.0;1208.202;0.0
15;2;38;767.854;0.0;286.016;0.0;1053.87;0.0
15;2;39;754.886;0.0;85.072;0.0;839.958;0.0
15;2;40;592.216;0.0;0.0;0.0;592.216;0.0
15;2;41;200.545;0.0;0.0;0.0;200.545;0.0
15;2;42;0.0;0.0;0.0;5.732;0.0;5.732
15;2;43;0.0;0.0;0.0;67.545;0.0;67.545
15;2;44;0.0;0.0;0.0;78.285;0.0;78.285
15;2;45;0.0;0.0;0.0;65.811;0.0;65.811
15;2;46;0.0;0.0;0.0;69.962;0.0;69.962
15;2;47;0.0;0.0;0.0;45.367;0.0;45.367
15;2;48;0.0;0.0;0.0;16.822;0.0;16.822
15;2;49;0.0;0.0;0.0;17.764;0.0;17.764
15;2;50;0.0;0.0;0.0;19.345;0.0;19.345
15;2;51;0.0;0.0;0.0;18.273;0.0;18.273
15;2;52;0.0;0.0;0.0;18.43;0.0;18.43
15;2;53;0.0;0.0;0.0;19.109;0.0;19.109
15;2;54;0.0;0.0;0.0;19.644;0.0;19.644
15;2;55;0.0;0.0;0.0;149.157;0.0;149.157
15;2;56;24.05;0.0;0.0;0.0;24.05;0.0
15;2;57;119.293;0.0;0.0;0.0;119.293;0.0
15;2;58;90.169;0.0;0.0;0.0;90.169;0.0
15;2;59;104.132;0.0;0.0;0.0;104.132;0.0
15;2;60;202.711;0.0;0.0;0.0;202.711;0.0
15;2;61;209.709;0.0;0.0;0.0;209.709;0.0
15;2;62;263.676;0.0;0.0;0.0;263.676;0.0
15;2;63;264.163;0.0;0.0;0.0;264.163;0.0
15;2;64;116.692;0.0;0.0;0.0;116.692;0.0
15;2;65;49.664;0.0;0.0;0.0;49.664;0.0
15;2;66;0.0;0.0;0.0;100.153;0.0;100.153
15;2;67;0.0;0.0;0.0;71.876;0.0;71.876
15;2;68;0.0;0.0;0.0;82.575;0.0;82.575
15;2;69;0.0;0.0;0.0;62.48;0.0;62.48
15;2;70;0.0;0.0;0.0;190.02;0.0;190.02
15;2;71;0.0;0.0;0.0;58.581;0.0;58.581
15;2;72;0.0;0.0;0.0;150.213;0.0;150.213
15;2;73;0.0;0.0;0.0;23.613;0.0;23.613
15;2;74;0.0;0.0;0.0;18.041;0.0;18.041
15;2;75;0.0;0.0;0.0;19.582;0.0;19.582
15;2;76;0.0;0.0;0.0;17.903;0.0;17.903
15;2;77;0.0;0.0;0.0;23.818;0.0;23.818
15;2;78;0.0;0.0;0.0;22.748;0.0;22.748
15;2;79;46.275;0.0;0.0;0.0;46.275;0.0
15;2;80;189.602;0.0;0.0;0.0;189.602;0.0
15;2;81;224.391;0.0;0.0;0.0;224.391;0.0
15;2;82;182.847;0.0;0.0;0.0;182.847;0.0
15;2;83;462.872;0.0;0.0;0.0;462.872;0.0
15;2;84;586.911;0.0;254.85;0.0;841.761;0.0
15;2;85;598.743;0.0;0.0;0.0;598.743;0.0
15;2;86;430.914;0.0;0.0;0.0;430.914;0.0
15;2;87;366.238;0.0;0.0;0.0;366.238;0.0
15;2;88;243.956;0.0;0.0;0.0;243.956;0.0
15;2;89;184.07;0.0;0.0;0.0;184.07;0.0
15;2;90;0.0;0.0;0.0;11.677;0.0;11.677
15;2;91;0.0;0.0;0.0;50.629;0.0;50.629
15;2;92;0.0;0.0;0.0;162.332;0.0;162.332
15;2;93;0.0;0.0;0.0;62.695;0.0;62.695
15;2;94;0.0;0.0;0.0;196.601;0.0;196.601
15;2;95;0.0;0.0;0.0;80.496;0.0;80.496
15;2;96;0.0;0.0;0.0;98.543;0.0;98.543
15;2;97;0.0;0.0;0.0;108.657;0.0;108.657
15;2;98;0.0;0.0;0.0;18.744;0.0;18.744
15;2;99;0.0;0.0;0.0;19.302;0.0;19.302
15;2;100;0.0;0.0;0.0;146.553;0.0;146.553
15;2;101;0.0;0.0;0.0;173.081;0.0;173.081
15;2;102;0.0;0.0;0.0;22.055;0.0;22.055
15;2;103;18.37;0.0;0.0;0.0;18.37;0.0
15;2;104;406.163;0.0;0.0;0.0;406.163;0.0
15;2;105;702.933;0.0;0.0;0.0;702.933;0.0
15;2;106;769.268;0.0;0.0;0.0;769.268;0.0
15;2;107;645.924;0.0;0.0;0.0;645.924;0.0
15;2;108;728.582;0.0;0.0;0.0;728.582;0.0
15;2;109;641.53;0.0;0.0;0.0;641.53;0.0
15;2;110;629.622;0.0;0.0;0.0;629.622;0.0
15;2;111;353.964;0.0;0.0;0.0;353.964;0.0
15;2;112;180.432;0.0;0.0;0.0;180.432;0.0
15;2;113;128.144;0.0;0.0;0.0;128.144;0.0
15;2;114;0.0;0.0;0.0;40.315;0.0;40.315
15;2;115;0.0;0.0;0.0;67.327;0.0;67.327
15;2;116;0.0;0.0;0.0;73.727;0.0;73.727
15;2;117;0.0;0.0;0.0;59.035;0.0;59.035
15;2;118;0.0;0.0;0.0;71.99;0.0;71.99
15;2;119;0.0;0.0;0.0;37.669;0.0;37.669
15;2;120;0.0;0.0;0.0;52.944;0.0;52.944
15;2;121;0.0;0.0;0.0;60.331;0.0;60.331
15;2;122;0.0;0.0;0.0;59.019;0.0;59.019
15;2;123;0.0;0.0;0.0;59.306;0.0;59.306
15;2;124;0.0;0.0;0.0;59.964;0.0;59.964
15;2;125;0.0;0.0;0.0;62.873;0.0;62.873
15;2;126;0.0;0.0;0.0;99.538;0.0;99.538
15;2;127;0.0;0.0;0.0;171.638;0.0;171.638
15;2;128;78.39;0.0;0.0;0.0;78.39;0.0
15;2;129;171.767;0.0;0.0;0.0;171.767;0.0
15;2;130;245.49;0.0;0.0;0.0;245.49;0.0
15;2;131;265.24;0.0;0.0;0.0;265.24;0.0
15;2;132;583.075;0.0;0.0;0.0;583.075;0.0
15;2;133;659.777;0.0;0.0;0.0;659.777;0.0
15;2;134;344.593;0.0;0.0;0.0;344.593;0.0
15;2;135;157.98;0.0;0.0;0.0;157.98;0.0
15;2;136;138.626;0.0;0.0;0.0;138.626;0.0
15;2;137;47.817;0.0;0.0;0.0;47.817;0.0
15;2;138;0.0;0.0;0.0;176.067;0.0;176.067
15;2;139;0.0;0.0;0.0;214.237;0.0;214.237
15;2;140;0.0;0.0;0.0;78.981;0.0;78.981
15;2;141;0.0;0.0;0.0;69.214;0.0;69.214
15;2;142;0.0;0.0;0.0;118.975;0.0;118.975
15;2;143;0.0;0.0;0.0;60.182;0.0;60.182
15;2;144;0.0;0.0;0.0;16.821;0.0;16.821
15;2;145;0.0;0.0;0.0;18.137;0.0;18.137
15;2;146;0.0;0.0;0.0;18.381;0.0;18.381
15;2;147;0.0;0.0;0.0;19.946;0.0;19.946
15;2;148;0.0;0.0;0.0;18.542;0.0;18.542
15;2;149;0.0;0.0;0.0;19.36;0.0;19.36
15;2;150;0.0;0.0;0.0;19.909;0.0;19.909
15;2;151;0.0;0.0;0.0;44.929;0.0;44.929
15;2;152;0.0;0.0;0.0;150.502;0.0;150.502
15;2;153;43.285;0.0;0.0;0.0;43.285;0.0
15;2;154;35.437;0.0;0.0;0.0;35.437;0.0
15;2;155;91.137;0.0;0.0;0.0;91.137;0.0
15;2;156;130.731;0.0;0.0;0.0;130.731;0.0
15;2;157;86.012;0.0;0.0;0.0;86.012;0.0
15;2;158;91.917;0.0;0.0;0.0;91.917;0.0
15;2;159;62.426;0.0;0.0;0.0;62.426;0.0
15;2;160;0.0;0.0;0.0;0.0;0.0;0.0
15;2;161;0.0;0.0;0.0;145.674;0.0;145.674
15;2;162;0.0;0.0;0.0;71.738;0.0;71.738
15;2;163;0.0;0.0;0.0;71.248;0.0;71.248
15;2;164;0.0;0.0;0.0;82.687;0.0;82.687
15;2;165;0.0;0.0;0.0;95.104;0.0;95.104
15;2;166;0.0;0.0;0.0;119.241;0.0;119.241
15;2;167;0.0;0.0;0.0;173.953;0.0;173.953
15;3;0;0.0;0.0;0.0;19.833;0.0;19.833
15;3;1;0.0;0.0;0.0;134.294;0.0;134.294
15;3;2;0.0;0.0;0.0;162.294;0.0;162.294
15;3;3;0.0;0.0;0.0;163.846;0.0;163.846
15;3;4;0.0;0.0;0.0;196.439;0.0;196.439
15;3;5;0.0;0.0;0.0;141.707;0.0;141.707
15;3;6;0.0;0.0;0.0;186.468;0.0;186.468
15;3;7;0.0;0.0;0.0;222.231;0.0;222.231
15;3;8;0.0;0.0;0.0;219.452;0.0;219.452
15;3;9;0.0;0.0;0.0;76.042;0.0;76.042
15;3;10;61.0;0.0;0.0;0.0;61.0;0.0
15;3;11;36.482;0.0;0.0;0.0;36.482;0.0
15;3;12;300.6;0.0;0.0;0.0;300.6;0.0
15;3;13;700.278;0.0;0.0;0.0;700.278;0.0
15;3;14;639.424;0.0;0.0;0.0;639.424;0.0
15;3;15;334.09;0.0;0.0;0.0;334.09;0.0
15;3;16;0.0;0.0;0.0;103.752;0.0;103.752
15;3;17;0.0;0.0;0.0;247.102;0.0;247.102
15;3;18;0.0;0.0;0.0;239.513;0.0;239.513
15;3;19;0.0;0.0;0.0;78.495;0.0;78.495
15;3;20;0.0;0.0;0.0;82.184;0.0;82.184
15;3;21;0.0;0.0;0.0;83.057;0.0;83.057
15;3;22;0.0;0.0;0.0;232.131;0.0;232.131
15;3;23;0.0;0.0;0.0;218.92;0.0;218.92
15;3;24;0.0;0.0;0.0;194.47;0.0;194.47
15;3;25;0.0;0.0;0.0;30.944;0.0;30.944
15;3;26;0.0;0.0;0.0;164.364;0.0;164.364
15;3;27;0.0;0.0;0.0;167.285;0.0;167.285
15;3;28;0.0;0.0;0.0;170.914;0.0;170.914
15;3;29;0.0;0.0;0.0;175.464;0.0;175.464
15;3;30;0.0;0.0;0.0;188.177;0.0;188.177
15;3;31;0.0;0.0;0.0;214.479;0.0;214.479
15;3;32;0.0;0.0;0.0;220.431;0.0;220.431
15;3;33;0.0;0.0;0.0;107.968;0.0;107.968
15;3;34;242.312;0.0;0.0;0.0;242.312;0.0
15;3;35;307.971;0.0;0.0;0.0;307.971;0.0
15;3;36;389.64;0.0;0.0;0.0;389.64;0.0
15;3;37;241.864;0.0;0.0;0.0;241.864;0.0
15;3;38;0.0;0.0;0.0;97.509;0.0;97.509
15;3;39;0.0;0.0;0.0;135.448;0.0;135.448
15;3;40;0.0;0.0;0.0;192.133;0.0;192.133
15;3;41;0.0;0.0;0.0;204.894;0.0;204.894
15;3;42;0.0;0.0;0.0;213.11;0.0;213.11
15;3;43;0.0;0.0;0.0;219.944;0.0;219.944
15;3;44;0.0;0.0;0.0;211.743;0.0;211.743
15;3;45;0.0;0.0;0.0;201.204;0.0;201.204
15;3;46;0.0;0.0;0.0;192.389;0.0;192.389
15;3;47;0.0;0.0;0.0;168.985;0.0;168.985
15;3;48;0.0;0.0;0.0;103.787;0.0;103.787
15;3;49;0.0;0.0;0.0;105.718;0.0;105.718
15;3;50;0.0;0.0;0.0;98.83;0.0;98.83
15;3;51;0.0;0.0;0.0;96.921;0.0;96.921
15;3;52;0.0;0.0;0.0;95.328;0.0;95.328
15;3;53;0.0;0.0;0.0;102.679;0.0;102.679
15;3;54;0.0;0.0;0.0;106.072;0.0;106.072
15;3;55;0.0;0.0;0.0;141.156;0.0;141.156
15;3;56;0.0;0.0;0.0;151.882;0.0;151.882
15;3;57;0.0;0.0;0.0;137.23;0.0;137.23
15;3;58;0.0;0.0;0.0;59.973;0.0;59.973
15;3;59;0.0;0.0;0.0;72.648;0.0;72.648
15;3;60;113.288;0.0;0.0;0.0;113.288;0.0
15;3;61;415.752;0.0;0.0;0.0;415.752;0.0
15;3;62;193.758;0.0;0.0;0.0;193.758;0.0
15;3;63;98.094;0.0;0.0;0.0;98.094;0.0
15;3;64;0.0;0.0;0.0;117.384;0.0;117.384
15;3;65;0.0;0.0;0.0;237.243;0.0;237.243
15;3;66;0.0;0.0;0.0;225.119;0.0;225.119
15;3;67;0.0;0.0;0.0;216.756;0.0;216.756
15;3;68;0.0;0.0;0.0;85.99;0.0;85.99
15;3;69;0.0;0.0;0.0;56.64;0.0;56.64
15;3;70;0.0;0.0;0.0;61.653;0.0;61.653
15;3;71;0.0;0.0;0.0;129.696;0.0;129.696
15;3;72;0.0;0.0;0.0;103.616;0.0;103.616
15;3;73;0.0;0.0;0.0;109.237;0.0;109.237
15;3;74;0.0;0.0;0.0;109.684;0.0;109.684
15;3;75;0.0;0.0;0.0;112.22;0.0;112.22
15;3;76;0.0;0.0;0.0;112.025;0.0;112.025
15;3;77;0.0;0.0;0.0;113.892;0.0;113.892
15;3;78;0.0;0.0;0.0;181.44;0.0;181.44
15;3;79;0.0;0.0;0.0;75.677;0.0;75.677
15;3;80;0.0;0.0;0.0;148.995;0.0;148.995
15;3;81;0.0;0.0;0.0;128.805;0.0;128.805
15;3;82;0.0;0.0;0.0;119.934;0.0;119.934
15;3;83;0.0;0.0;0.0;94.629;0.0;94.629
15;3;84;0.0;0.0;0.0;33.499;0.0;33.499
15;3;85;392.833;0.0;0.0;0.0;392.833;0.0
15;3;86;506.7;0.0;0.0;0.0;506.7;0.0
15;3;87;134.086;0.0;0.0;0.0;134.086;0.0
15;3;88;0.0;0.0;0.0;178.328;0.0;178.328
15;3;89;0.0;0.0;0.0;214.771;0.0;214.771
15;3;90;0.0;0.0;0.0;225.919;0.0;225.919
15;3;91;0.0;0.0;0.0;68.944;0.0;68.944
15;3;92;0.0;0.0;0.0;88.446;0.0;88.446
15;3;93;0.0;0.0;0.0;130.339;0.0;130.339
15;3;94;0.0;0.0;0.0;175.791;0.0;175.791
15;3;95;0.0;0.0;0.0;175.76;0.0;175.76
15;3;96;0.0;0.0;0.0;193.368;0.0;193.368
15;3;97;0.0;0.0;0.0;203.28;0.0;203.28
15;3;98;0.0;0.0;0.0;198.211;0.0;198.211
15;3;99;0.0;0.0;0.0;200.709;0.0;200.709
15;3;100;0.0;0.0;0.0;197.535;0.0;197.535
15;3;101;0.0;0.0;0.0;195.965;0.0;195.965
15;3;102;0.0;0.0;0.0;195.226;0.0;195.226
15;3;103;0.0;0.0;0.0;222.857;0.0;222.857
15;3;104;0.0;0.0;0.0;222.596;0.0;222.596
15;3;105;0.0;0.0;0.0;238.566;0.0;238.566
15;3;106;0.0;0.0;0.0;191.46;0.0;191.46
15;3;107;0.0;0.0;0.0;192.38;0.0;192.38
15;3;108;0.0;0.0;0.0;157.882;0.0;157.882
15;3;109;0.0;0.0;0.0;128.255;0.0;128.255
15;3;110;0.0;0.0;0.0;163.431;0.0;163.431
15;3;111;0.0;0.0;0.0;177.735;0.0;177.735
15;3;112;0.0;0.0;0.0;210.88;0.0;210.88
15;3;113;0.0;0.0;0.0;216.697;0.0;216.697
15;3;114;0.0;0.0;0.0;217.866;0.0;217.866
15;3;115;0.0;0.0;0.0;234.101;0.0;234.101
15;3;116;0.0;0.0;0.0;217.321;0.0;217.321
15;3;117;0.0;0.0;0.0;209.776;0.0;209.776
15;3;118;0.0;0.0;0.0;199.821;0.0;199.821
15;3;119;0.0;0.0;0.0;217.913;0.0;217.913
15;3;120;0.0;0.0;0.0;187.91;0.0;187.91
15;3;121;0.0;0.0;0.0;193.993;0.0;193.993
15;3;122;0.0;0.0;0.0;192.982;0.0;192.982
15;3;123;0.0;0.0;0.0;195.539;0.0;195.539
15;3;124;0.0;0.0;0.0;176.872;0.0;176.872
15;3;125;0.0;0.0;0.0;19.209;0.0;19.209
15;3;126;0.0;0.0;0.0;192.77;0.0;192.77
15;3;127;0.0;0.0;0.0;225.025;0.0;225.025
15;3;128;0.0;0.0;0.0;228.604;0.0;228.604
15;3;129;0.0;0.0;0.0;197.697;0.0;197.697
15;3;130;0.0;0.0;0.0;133.104;0.0;133.104
15;3;131;0.0;0.0;0.0;139.315;0.0;139.315
15;3;132;2.646;0.0;0.0;0.0;2.646;0.0
15;3;133;38.477;0.0;0.0;0.0;38.477;0.0
15;3;134;0.0;0.0;0.0;146.087;0.0;146.087
15;3;135;0.0;0.0;0.0;163.458;0.0;163.458
15;3;136;0.0;0.0;0.0;240.568;0.0;240.568
15;3;137;0.0;0.0;0.0;159.616;0.0;159.616
15;3;138;0.0;0.0;0.0;216.46;0.0;216.46
15;3;139;0.0;0.0;0.0;261.892;0.0;261.892
15;3;140;0.0;0.0;0.0;184.569;0.0;184.569
15;3;141;0.0;0.0;0.0;214.986;0.0;214.986
15;3;142;0.0;0.0;0.0;217.977;0.0;217.977
15;3;143;0.0;0.0;0.0;191.924;0.0;191.924
15;3;144;0.0;0.0;0.0;198.487;0.0;198.487
15;3;145;0.0;0.0;0.0;149.987;0.0;149.987
15;3;146;0.0;0.0;0.0;199.151;0.0;199.151
15;3;147;0.0;0.0;0.0;158.972;0.0;158.972
15;3;148;0.0;0.0;0.0;180.726;0.0;180.726
15;3;149;0.0;0.0;0.0;183.981;0.0;183.981
15;3;150;0.0;0.0;0.0;199.456;0.0;199.456
15;3;151;0.0;0.0;0.0;224.778;0.0;224.778
15;3;152;0.0;0.0;0.0;230.181;0.0;230.181
15;3;153;0.0;0.0;0.0;101.672;0.0;101.672
15;3;154;108.149;0.0;0.0;0.0;108.149;0.0
15;3;155;0.0;0.0;0.0;30.765;0.0;30.765
15;3;156;0.0;0.0;0.0;82.204;0.0;82.204
15;3;157;0.0;0.0;0.0;128.7;0.0;128.7
15;3;158;0.0;0.0;0.0;57.103;0.0;57.103
15;3;159;0.0;0.0;0.0;159.411;0.0;159.411
15;3;160;0.0;0.0;0.0;171.938;0.0;171.938
15;3;161;0.0;0.0;0.0;170.892;0.0;170.892
15;3;162;0.0;0.0;0.0;184.793;0.0;184.793
15;3;163;0.0;0.0;0.0;193.449;0.0;193.449
15;3;164;0.0;0.0;0.0;176.774;0.0;176.774
15;3;165;0.0;0.0;0.0;224.263;0.0;224.263
15;3;166;0.0;0.0;0.0;231.707;0.0;231.707
15;3;167;0.0;0.0;0.0;210.754;0.0;210.754
20;0;0;0.0;0.0;0.0;16.917;0.0;16.917
20;0;1;0.0;0.0;0.0;102.307;0.0;102.307
20;0;2;0.0;0.0;0.0;20.233;0.0;20.233
20;0;3;0.0;0.0;0.0;100.612;0.0;100.612
20;0;4;0.0;0.0;0.0;100.351;0.0;100.351
20;0;5;0.0;0.0;0.0;103.913;0.0;103.913
20;0;6;0.0;0.0;0.0;119.797;0.0;119.797
20;0;7;0.0;0.0;0.0;154.485;0.0;154.485
20;0;8;3.003;0.0;0.0;0.0;3.003;0.0
20;0;9;350.528;0.0;0.0;0.0;350.528;0.0
20;0;10;436.736;0.0;0.0;0.0;436.736;0.0
20;0;11;215.288;0.0;0.0;0.0;215.288;0.0
20;0;12;260.96;0.0;0.0;0.0;260.96;0.0
20;0;13;0.0;0.0;0.0;0.0;0.0;0.0
20;0;14;0.0;0.0;0.0;0.0;0.0;0.0
20;0;15;218.645;0.0;0.0;0.0;218.645;0.0
20;0;16;62.738;0.0;0.0;0.0;62.738;0.0
20;0;17;0.0;0.0;0.0;0.0;0.0;0.0
20;0;18;0.0;0.0;0.0;72.391;0.0;72.391
20;0;19;0.0;0.0;0.0;73.206;0.0;73.206
20;0;20;0.0;0.0;0.0;83.508;0.0;83.508
20;0;21;0.0;0.0;0.0;212.515;0.0;212.515
20;0;22;0.0;0.0;0.0;203.581;0.0;203.581
20;0;23;0.0;0.0;0.0;187.443;0.0;187.443
20;0;24;0.0;0.0;0.0;16.85;0.0;16.85
20;0;25;0.0;0.0;0.0;18.334;0.0;18.334
20;0;26;0.0;0.0;0.0;19.988;0.0;19.988
20;0;27;0.0;0.0;0.0;179.935;0.0;179.935
20;0;28;0.0;0.0;0.0;179.235;0.0;179.235
20;0;29;0.0;0.0;0.0;37.028;0.0;37.028
20;0;30;0.0;0.0;0.0;23.287;0.0;23.287
20;0;31;0.0;0.0;0.0;61.958;0.0;61.958
20;0;32;0.0;0.0;0.0;26.644;0.0;26.644
20;0;33;280.243;0.0;0.0;0.0;280.243;0.0
20;0;34;492.574;0.0;0.0;0.0;492.574;0.0
20;0;35;514.643;0.0;0.0;0.0;514.643;0.0
20;0;36;355.407;0.0;0.0;0.0;355.407;0.0
20;0;37;722.417;0.0;0.0;0.0;722.417;0.0
20;0;38;849.477;0.0;0.0;0.0;849.477;0.0
20;0;39;642.513;0.0;0.0;0.0;642.513;0.0
20;0;40;260.078;0.0;0.0;0.0;260.078;0.0
20;0;41;0.0;0.0;0.0;0.0;0.0;0.0
20;0;42;0.0;0.0;0.0;121.734;0.0;121.734
20;0;43;0.0;0.0;0.0;138.69;0.0;138.69
20;0;44;0.0;0.0;0.0;139.358;0.0;139.358
20;0;45;0.0;0.0;0.0;58.305;0.0;58.305
20;0;46;0.0;0.0;0.0;203.386;0.0;203.386
20;0;47;0.0;0.0;0.0;46.733;0.0;46.733
20;0;48;0.0;0.0;0.0;17.282;0.0;17.282
20;0;49;0.0;0.0;0.0;19.915;0.0;19.915
20;0;50;0.0;0.0;0.0;19.197;0.0;19.197
20;0;51;0.0;0.0;0.0;18.749;0.0;18.749
20;0;52;0.0;0.0;0.0;19.09;0.0;19.09
20;0;53;0.0;0.0;0.0;91.153;0.0;91.153
20;0;54;0.0;0.0;0.0;96.395;0.0;96.395
20;0;55;0.0;0.0;0.0;150.615;0.0;150.615
20;0;56;0.0;0.0;0.0;57.624;0.0;57.624
20;0;57;122.676;0.0;0.0;0.0;122.676;0.0
20;0;58;320.359;0.0;0.0;0.0;320.359;0.0
20;0;59;492.523;0.0;0.0;0.0;492.523;0.0
20;0;60;131.666;0.0;0.0;0.0;131.666;0.0
20;0;61;81.826;0.0;0.0;0.0;81.826;0.0
20;0;62;57.726;0.0;0.0;0.0;57.726;0.0
20;0;63;420.9;0.0;0.0;0.0;420.9;0.0
20;0;64;441.498;0.0;0.0;0.0;441.498;0.0
20;0;65;0.0;0.0;0.0;0.0;0.0;0.0
20;0;66;0.0;0.0;0.0;82.486;0.0;82.486
20;0;67;0.0;0.0;0.0;88.679;0.0;88.679
20;0;68;0.0;0.0;0.0;136.182;0.0;136.182
20;0;69;0.0;0.0;0.0;211.963;0.0;211.963
20;0;70;0.0;0.0;0.0;194.436;0.0;194.436
20;0;71;0.0;0.0;0.0;85.745;0.0;85.745
20;0;72;0.0;0.0;0.0;16.68;0.0;16.68
20;0;73;0.0;0.0;0.0;18.497;0.0;18.497
20;0;74;0.0;0.0;0.0;18.753;0.0;18.753
20;0;75;0.0;0.0;0.0;19.291;0.0;19.291
20;0;76;0.0;0.0;0.0;23.194;0.0;23.194
20;0;77;0.0;0.0;0.0;19.385;0.0;19.385
20;0;78;0.0;0.0;0.0;95.011;0.0;95.011
20;0;79;0.0;0.0;0.0;185.464;0.0;185.464
20;0;80;0.0;0.0;0.0;37.781;0.0;37.781
20;0;81;0.0;0.0;0.0;39.953;0.0;39.953
20;0;82;7.487;0.0;0.0;0.0;7.487;0.0
20;0;83;102.575;0.0;0.0;0.0;102.575;0.0
20;0;84;153.028;0.0;0.0;0.0;153.028;0.0
20;0;85;84.717;0.0;0.0;0.0;84.717;0.0
20;0;86;0.0;0.0;0.0;0.0;0.0;0.0
20;0;87;67.738;0.0;0.0;0.0;67.738;0.0
20;0;88;0.0;0.0;0.0;0.0;0.0;0.0
20;0;89;32.097;0.0;0.0;0.0;32.097;0.0
20;0;90;0.0;0.0;0.0;30.57;0.0;30.57
20;0;91;0.0;0.0;0.0;66.306;0.0;66.306
20;0;92;0.0;0.0;0.0;86.208;0.0;86.208
20;0;93;0.0;0.0;0.0;67.065;0.0;67.065
20;0;94;0.0;0.0;0.0;93.831;0.0;93.831
20;0;95;0.0;0.0;0.0;137.184;0.0;137.184
20;0;96;0.0;0.0;0.0;156.339;0.0;156.339
20;0;97;0.0;0.0;0.0;165.878;0.0;165.878
20;0;98;0.0;0.0;0.0;162.743;0.0;162.743
20;0;99;0.0;0.0;0.0;164.255;0.0;164.255
20;0;100;0.0;0.0;0.0;165.216;0.0;165.216
20;0;101;0.0;0.0;0.0;165.095;0.0;165.095
20;0;102;0.0;0.0;0.0;173.368;0.0;173.368
20;0;103;0.0;0.0;0.0;208.596;0.0;208.596
20;0;104;0.0;0.0;0.0;95.031;0.0;95.031
20;0;105;45.16;0.0;0.0;0.0;45.16;0.0
20;0;106;13.84;0.0;0.0;0.0;13.84;0.0
20;0;107;0.0;0.0;0.0;0.0;0.0;0.0
20;0;108;0.0;0.0;0.0;0.0;0.0;0.0
20;0;109;0.0;0.0;0.0;0.0;0.0;0.0
20;0;110;369.345;0.0;0.0;0.0;369.345;0.0
20;0;111;310.867;0.0;0.0;0.0;310.867;0.0
20;0;112;0.0;0.0;0.0;148.9;0.0;148.9
20;0;113;0.0;0.0;0.0;173.217;0.0;173.217
20;0;114;0.0;0.0;0.0;223.813;0.0;223.813
20;0;115;0.0;0.0;0.0;83.674;0.0;83.674
20;0;116;0.0;0.0;0.0;82.816;0.0;82.816
20;0;117;0.0;0.0;0.0;75.133;0.0;75.133
20;0;118;0.0;0.0;0.0;140.18;0.0;140.18
20;0;119;0.0;0.0;0.0;160.108;0.0;160.108
20;0;120;0.0;0.0;0.0;144.847;0.0;144.847
20;0;121;0.0;0.0;0.0;147.145;0.0;147.145
20;0;122;0.0;0.0;0.0;145.935;0.0;145.935
20;0;123;0.0;0.0;0.0;149.24;0.0;149.24
20;0;124;0.0;0.0;0.0;149.835;0.0;149.835
20;0;125;0.0;0.0;0.0;151.86;0.0;151.86
20;0;126;0.0;0.0;0.0;165.707;0.0;165.707
20;0;127;0.0;0.0;0.0;201.476;0.0;201.476
20;0;128;0.0;0.0;0.0;63.139;0.0;63.139
20;0;129;206.056;0.0;0.0;0.0;206.056;0.0
20;0;130;201.323;0.0;0.0;0.0;201.323;0.0
20;0;131;0.0;0.0;0.0;0.0;0.0;0.0
20;0;132;0.0;0.0;0.0;0.0;0.0;0.0
20;0;133;7.101;0.0;0.0;0.0;7.101;0.0
20;0;134;0.0;0.0;0.0;0.0;0.0;0.0
20;0;135;184.143;0.0;0.0;0.0;184.143;0.0
20;0;136;120.256;0.0;0.0;0.0;120.256;0.0
20;0;137;116.936;0.0;0.0;0.0;116.936;0.0
20;0;138;0.0;0.0;0.0;183.895;0.0;183.895
20;0;139;0.0;0.0;0.0;183.601;0.0;183.601
20;0;140;0.0;0.0;0.0;189.842;0.0;189.842
20;0;141;0.0;0.0;0.0;56.957;0.0;56.957
20;0;142;0.0;0.0;0.0;70.845;0.0;70.845
20;0;143;0.0;0.0;0.0;40.193;0.0;40.193
20;0;144;0.0;0.0;0.0;195.725;0.0;195.725
20;0;145;0.0;0.0;0.0;48.793;0.0;48.793
20;0;146;0.0;0.0;0.0;201.148;0.0;201.148
20;0;147;0.0;0.0;0.0;204.247;0.0;204.247
20;0;148;0.0;0.0;0.0;205.484;0.0;205.484
20;0;149;0.0;0.0;0.0;206.635;0.0;206.635
20;0;150;0.0;0.0;0.0;42.368;0.0;42.368
20;0;151;0.0;0.0;0.0;224.014;0.0;224.014
20;0;152;44.633;0.0;0.0;0.0;44.633;0.0
20;0;153;514.349;0.0;0.0;0.0;514.349;0.0
20;0;154;683.807;0.0;0.0;0.0;683.807;0.0
20;0;155;437.209;0.0;0.0;0.0;437.209;0.0
20;0;156;655.355;0.0;0.0;0.0;655.355;0.0
20;0;157;210.837;0.0;0.0;0.0;210.837;0.0
20;0;158;0.0;0.0;0.0;0.0;0.0;0.0
20;0;159;50.649;0.0;0.0;0.0;50.649;0.0
20;0;160;203.044;0.0;0.0;0.0;203.044;0.0
20;0;161;5.959;0.0;0.0;0.0;5.959;0.0
20;0;162;0.0;0.0;0.0;176.739;0.0;176.739
20;0;163;0.0;0.0;0.0;214.263;0.0;214.263
20;0;164;0.0;0.0;0.0;201.578;0.0;201.578
20;0;165;0.0;0.0;0.0;71.567;0.0;71.567
20;0;166;0.0;0.0;0.0;63.412;0.0;63.412
20;0;167;0.0;0.0;0.0;238.172;0.0;238.172
20;1;0;0.0;0.0;0.0;16.763;0.0;16.763
20;1;1;0.0;0.0;0.0;17.892;0.0;17.892
20;1;2;0.0;0.0;0.0;18.353;0.0;18.353
20;1;3;0.0;0.0;0.0;19.991;0.0;19.991
20;1;4;0.0;0.0;0.0;21.049;0.0;21.049
20;1;5;0.0;0.0;0.0;19.563;0.0;19.563
20;1;6;0.0;0.0;0.0;10.522;0.0;10.522
20;1;7;130.157;0.0;0.0;0.0;130.157;0.0
20;1;8;355.553;0.0;63.453;0.0;419.006;0.0
20;1;9;383.121;0.0;378.19;0.0;761.311;0.0
20;1;10;406.894;0.0;632.146;0.0;1039.04;0.0
20;1;11;371.67;0.0;821.47;0.0;1193.14;0.0
20;1;12;361.91;0.0;947.573;0.0;1309.483;0.0
20;1;13;376.358;0.0;1091.594;0.0;1467.951;0.0
20;1;14;382.657;0.0;808.367;0.0;1191.024;0.0
20;1;15;360.33;0.0;441.544;0.0;801.874;0.0
20;1;16;356.835;0.0;165.244;0.0;522.079;0.0
20;1;17;297.146;0.0;0.0;0.0;297.146;0.0
20;1;18;100.388;0.0;0.0;0.0;100.388;0.0
20;1;19;0.0;0.0;0.0;67.612;0.0;67.612
20;1;20;0.0;0.0;0.0;73.7;0.0;73.7
20;1;21;0.0;0.0;0.0;70.329;0.0;70.329
20;1;22;0.0;0.0;0.0;58.006;0.0;58.006
20;1;23;0.0;0.0;0.0;41.519;0.0;41.519
20;1;24;0.0;0.0;0.0;17.033;0.0;17.033
20;1;25;0.0;0.0;0.0;22.962;0.0;22.962
20;1;26;0.0;0.0;0.0;19.109;0.0;19.109
20;1;27;0.0;0.0;0.0;19.443;0.0;19.443
20;1;28;0.0;0.0;0.0;18.48;0.0;18.48
20;1;29;0.0;0.0;0.0;20.301;0.0;20.301
20;1;30;0.0;0.0;0.0;12.416;0.0;12.416
20;1;31;107.706;0.0;0.0;0.0;107.706;0.0
20;1;32;372.827;0.0;31.151;0.0;403.977;0.0
20;1;33;374.088;0.0;353.904;0.0;727.993;0.0
20;1;34;392.856;0.0;567.426;0.0;960.282;0.0
20;1;35;390.989;0.0;790.186;0.0;1181.174;0.0
20;1;36;358.741;0.0;1083.907;0.0;1442.648;0.0
20;1;37;365.149;0.0;1100.3;0.0;1465.449;0.0
20;1;38;396.18;0.0;973.785;0.0;1369.965;0.0
20;1;39;431.488;0.0;724.329;0.0;1155.817;0.0
20;1;40;360.548;0.0;486.733;0.0;847.281;0.0
20;1;41;430.657;0.0;0.0;0.0;430.657;0.0
20;1;42;178.296;0.0;0.0;0.0;178.296;0.0
20;1;43;0.0;0.0;0.0;42.373;0.0;42.373
20;1;44;0.0;0.0;0.0;77.275;0.0;77.275
20;1;45;0.0;0.0;0.0;65.547;0.0;65.547
20;1;46;0.0;0.0;0.0;56.193;0.0;56.193
20;1;47;0.0;0.0;0.0;56.054;0.0;56.054
20;1;48;0.0;0.0;0.0;17.665;0.0;17.665
20;1;49;0.0;0.0;0.0;19.433;0.0;19.433
20;1;50;0.0;0.0;0.0;18.81;0.0;18.81
20;1;51;0.0;0.0;0.0;18.246;0.0;18.246
20;1;52;0.0;0.0;0.0;22.32;0.0;22.32
20;1;53;0.0;0.0;0.0;19.955;0.0;19.955
20;1;54;0.0;0.0;0.0;16.943;0.0;16.943
20;1;55;45.197;0.0;0.0;0.0;45.197;0.0
20;1;56;327.3;0.0;0.979;0.0;328.279;0.0
20;1;57;316.045;0.0;347.45;0.0;663.495;0.0
20;1;58;348.294;0.0;599.565;0.0;947.858;0.0
20;1;59;335.253;0.0;813.59;0.0;1148.843;0.0
20;1;60;336.051;0.0;986.494;0.0;1322.545;0.0
20;1;61;336.108;0.0;842.578;0.0;1178.686;0.0
20;1;62;348.794;0.0;398.972;0.0;747.766;0.0
20;1;63;289.813;0.0;0.0;0.0;289.813;0.0
20;1;64;458.561;0.0;0.0;0.0;458.561;0.0
20;1;65;313.282;0.0;45.654;0.0;358.936;0.0
20;1;66;114.937;0.0;0.0;0.0;114.937;0.0
20;1;67;0.0;0.0;0.0;39.709;0.0;39.709
20;1;68;0.0;0.0;0.0;77.337;0.0;77.337
20;1;69;0.0;0.0;0.0;64.027;0.0;64.027
20;1;70;0.0;0.0;0.0;58.409;0.0;58.409
20;1;71;0.0;0.0;0.0;39.712;0.0;39.712
20;1;72;0.0;0.0;0.0;17.553;0.0;17.553
20;1;73;0.0;0.0;0.0;19.72;0.0;19.72
20;1;74;0.0;0.0;0.0;19.438;0.0;19.438
20;1;75;0.0;0.0;0.0;18.504;0.0;18.504
20;1;76;0.0;0.0;0.0;18.562;0.0;18.562
20;1;77;0.0;0.0;0.0;23.894;0.0;23.894
20;1;78;0.0;0.0;0.0;12.824;0.0;12.824
20;1;79;91.623;0.0;-0.0;0.0;91.623;0.0
20;1;80;168.49;0.0;228.696;0.0;397.186;0.0
20;1;81;195.302;0.0;586.289;0.0;781.591;0.0
20;1;82;201.989;0.0;901.431;0.0;1103.42;0.0
20;1;83;193.727;0.0;1146.863;0.0;1340.59;0.0
20;1;84;188.332;0.0;1255.511;0.0;1443.843;0.0
20;1;85;187.748;0.0;1145.906;0.0;1333.654;0.0
20;1;86;192.647;0.0;977.164;0.0;1169.81;0.0
20;1;87;336.591;0.0;712.722;0.0;1049.313;0.0
20;1;88;177.515;0.0;408.875;0.0;586.39;0.0
20;1;89;188.783;0.0;115.611;0.0;304.394;0.0
20;1;90;167.06;0.0;0.0;0.0;167.06;0.0
20;1;91;0.0;0.0;0.0;43.269;0.0;43.269
20;1;92;0.0;0.0;0.0;67.966;0.0;67.966
20;1;93;0.0;0.0;0.0;64.396;0.0;64.396
20;1;94;0.0;0.0;0.0;58.339;0.0;58.339
20;1;95;0.0;0.0;0.0;49.996;0.0;49.996
20;1;96;0.0;0.0;0.0;16.783;0.0;16.783
20;1;97;0.0;0.0;0.0;18.711;0.0;18.711
20;1;98;0.0;0.0;0.0;22.833;0.0;22.833
20;1;99;0.0;0.0;0.0;19.229;0.0;19.229
20;1;100;0.0;0.0;0.0;18.228;0.0;18.228
20;1;101;0.0;0.0;0.0;19.633;0.0;19.633
20;1;102;0.0;0.0;0.0;12.053;0.0;12.053
20;1;103;95.272;0.0;0.0;0.0;95.272;0.0
20;1;104;286.795;0.0;0.0;0.0;286.795;0.0
20;1;105;334.133;0.0;0.0;0.0;334.133;0.0
20;1;106;413.622;0.0;353.696;0.0;767.318;0.0
20;1;107;415.144;0.0;927.84;0.0;1342.984;0.0
20;1;108;398.264;0.0;1118.183;0.0;1516.447;0.0
20;1;109;388.58;0.0;832.212;0.0;1220.793;0.0
20;1;110;419.677;0.0;146.542;0.0;566.218;0.0
20;1;111;469.675;0.0;0.0;0.0;469.675;0.0
20;1;112;422.364;0.0;0.0;0.0;422.364;0.0
20;1;113;321.308;0.0;0.0;0.0;321.308;0.0
20;1;114;150.453;0.0;0.0;0.0;150.453;0.0
20;1;115;0.0;0.0;0.0;50.049;0.0;50.049
20;1;116;0.0;0.0;0.0;71.854;0.0;71.854
20;1;117;0.0;0.0;0.0;59.689;0.0;59.689
20;1;118;0.0;0.0;0.0;53.321;0.0;53.321
20;1;119;0.0;0.0;0.0;35.648;0.0;35.648
20;1;120;0.0;0.0;0.0;16.989;0.0;16.989
20;1;121;0.0;0.0;0.0;20.609;0.0;20.609
20;1;122;0.0;0.0;0.0;18.532;0.0;18.532
20;1;123;0.0;0.0;0.0;18.088;0.0;18.088
20;1;124;0.0;0.0;0.0;19.257;0.0;19.257
20;1;125;0.0;0.0;0.0;19.214;0.0;19.214
20;1;126;0.0;0.0;0.0;16.021;0.0;16.021
20;1;127;48.382;0.0;0.0;0.0;48.382;0.0
20;1;128;360.95;0.0;17.793;0.0;378.743;0.0
20;1;129;391.842;0.0;365.92;0.0;757.763;0.0
20;1;130;399.385;0.0;675.697;0.0;1075.082;0.0
20;1;131;388.763;0.0;901.172;0.0;1289.934;0.0
20;1;132;379.177;0.0;1029.006;0.0;1408.182;0.0
20;1;133;381.487;0.0;942.627;0.0;1324.115;0.0
20;1;134;399.375;0.0;649.745;0.0;1049.12;0.0
20;1;135;367.431;0.0;365.119;0.0;732.551;0.0
20;1;136;414.781;0.0;107.442;0.0;522.223;0.0
20;1;137;423.016;0.0;0.0;0.0;423.016;0.0
20;1;138;149.276;0.0;0.0;0.0;149.276;0.0
20;1;139;0.0;0.0;0.0;50.84;0.0;50.84
20;1;140;0.0;0.0;0.0;65.642;0.0;65.642
20;1;141;0.0;0.0;0.0;62.976;0.0;62.976
20;1;142;0.0;0.0;0.0;52.098;0.0;52.098
20;1;143;0.0;0.0;0.0;62.957;0.0;62.957
20;1;144;0.0;0.0;0.0;17.761;0.0;17.761
20;1;145;0.0;0.0;0.0;18.734;0.0;18.734
20;1;146;0.0;0.0;0.0;18.328;0.0;18.328
20;1;147;0.0;0.0;0.0;18.938;0.0;18.938
20;1;148;0.0;0.0;0.0;21.383;0.0;21.383
20;1;149;0.0;0.0;0.0;19.675;0.0;19.675
20;1;150;0.0;0.0;0.0;18.79;0.0;18.79
20;1;151;86.426;0.0;0.0;0.0;86.426;0.0
20;1;152;361.018;0.0;28.043;0.0;389.061;0.0
20;1;153;386.638;0.0;378.406;0.0;765.045;0.0
20;1;154;398.898;0.0;684.188;0.0;1083.087;0.0
20;1;155;395.291;0.0;924.551;0.0;1319.843;0.0
20;1;156;381.517;0.0;1070.695;0.0;1452.212;0.0
20;1;157;384.508;0.0;1044.275;0.0;1428.782;0.0
20;1;158;379.367;0.0;663.763;0.0;1043.13;0.0
20;1;159;653.172;0.0;180.422;0.0;833.595;0.0
20;1;160;357.228;0.0;333.081;0.0;690.309;0.0
20;1;161;449.704;0.0;0.0;0.0;449.704;0.0
20;1;162;163.661;0.0;0.0;0.0;163.661;0.0
20;1;163;0.0;0.0;0.0;55.376;0.0;55.376
20;1;164;0.0;0.0;0.0;76.092;0.0;76.092
20;1;165;0.0;0.0;0.0;68.057;0.0;68.057
20;1;166;0.0;0.0;0.0;69.299;0.0;69.299
20;1;167;0.0;0.0;0.0;42.765;0.0;42.765
20;2;0;0.0;0.0;0.0;167.286;0.0;167.286
20;2;1;0.0;0.0;0.0;179.357;0.0;179.357
20;2;2;0.0;0.0;0.0;156.583;0.0;156.583
20;2;3;0.0;0.0;0.0;18.823;0.0;18.823
20;2;4;0.0;0.0;0.0;19.18;0.0;19.18
20;2;5;0.0;0.0;0.0;124.49;0.0;124.49
20;2;6;0.0;0.0;0.0;21.88;0.0;21.88
20;2;7;44.545;0.0;0.0;0.0;44.545;0.0
20;2;8;433.204;0.0;0.0;0.0;433.204;0.0
20;2;9;521.651;0.0;268.452;0.0;790.103;0.0
20;2;10;592.066;0.0;506.867;0.0;1098.933;0.0
20;2;11;711.067;0.0;589.698;0.0;1300.765;0.0
20;2;12;776.522;0.0;542.138;0.0;1318.66;0.0
20;2;13;787.878;0.0;354.557;0.0;1142.435;0.0
20;2;14;697.206;0.0;0.0;0.0;697.206;0.0
20;2;15;601.933;0.0;0.0;0.0;601.933;0.0
20;2;16;585.999;0.0;0.0;0.0;585.999;0.0
20;2;17;328.945;0.0;0.0;0.0;328.945;0.0
20;2;18;15.42;0.0;0.0;0.0;15.42;0.0
20;2;19;0.0;0.0;0.0;112.599;0.0;112.599
20;2;20;0.0;0.0;0.0;106.403;0.0;106.403
20;2;21;0.0;0.0;0.0;95.363;0.0;95.363
20;2;22;0.0;0.0;0.0;101.153;0.0;101.153
20;2;23;0.0;0.0;0.0;99.304;0.0;99.304
20;2;24;0.0;0.0;0.0;66.712;0.0;66.712
20;2;25;0.0;0.0;0.0;19.219;0.0;19.219
20;2;26;0.0;0.0;0.0;18.695;0.0;18.695
20;2;27;0.0;0.0;0.0;18.878;0.0;18.878
20;2;28;0.0;0.0;0.0;18.35;0.0;18.35
20;2;29;0.0;0.0;0.0;22.177;0.0;22.177
20;2;30;0.0;0.0;0.0;142.236;0.0;142.236
20;2;31;46.245;0.0;0.0;0.0;46.245;0.0
20;2;32;362.826;0.0;0.0;0.0;362.826;0.0
20;2;33;528.041;0.0;161.626;0.0;689.666;0.0
20;2;34;515.969;0.0;509.49;0.0;1025.459;0.0
20;2;35;479.75;0.0;766.989;0.0;1246.74;0.0
20;2;36;679.546;0.0;642.744;0.0;1322.29;0.0
20;2;37;669.626;0.0;541.395;0.0;1211.021;0.0
20;2;38;763.621;0.0;290.248;0.0;1053.87;0.0
20;2;39;754.886;0.0;85.072;0.0;839.958;0.0
20;2;40;592.769;0.0;0.0;0.0;592.769;0.0
20;2;41;200.545;0.0;0.0;0.0;200.545;0.0
20;2;42;0.0;0.0;0.0;5.732;0.0;5.732
20;2;43;0.0;0.0;0.0;67.545;0.0;67.545
20;2;44;0.0;0.0;0.0;78.285;0.0;78.285
20;2;45;0.0;0.0;0.0;65.811;0.0;65.811
20;2;46;0.0;0.0;0.0;69.962;0.0;69.962
20;2;47;0.0;0.0;0.0;45.367;0.0;45.367
20;2;48;0.0;0.0;0.0;16.822;0.0;16.822
20;2;49;0.0;0.0;0.0;17.764;0.0;17.764
20;2;50;0.0;0.0;0.0;19.345;0.0;19.345
20;2;51;0.0;0.0;0.0;18.273;0.0;18.273
20;2;52;0.0;0.0;0.0;18.43;0.0;18.43
20;2;53;0.0;0.0;0.0;19.109;0.0;19.109
20;2;54;0.0;0.0;0.0;19.644;0.0;19.644
20;2;55;0.0;0.0;0.0;116.714;0.0;116.714
20;2;56;24.05;0.0;0.0;0.0;24.05;0.0
20;2;57;119.293;0.0;0.0;0.0;119.293;0.0
20;2;58;90.169;0.0;0.0;0.0;90.169;0.0
20;2;59;106.941;0.0;0.0;0.0;106.941;0.0
20;2;60;202.711;0.0;0.0;0.0;202.711;0.0
20;2;61;210.723;0.0;0.0;0.0;210.723;0.0
20;2;62;264.62;0.0;0.0;0.0;264.62;0.0
20;2;63;266.739;0.0;0.0;0.0;266.739;0.0
20;2;64;116.692;0.0;0.0;0.0;116.692;0.0
20;2;65;49.664;0.0;0.0;0.0;49.664;0.0
20;2;66;0.0;0.0;0.0;70.961;0.0;70.961
20;2;67;0.0;0.0;0.0;71.876;0.0;71.876
20;2;68;0.0;0.0;0.0;82.575;0.0;82.575
20;2;69;0.0;0.0;0.0;62.48;0.0;62.48
20;2;70;0.0;0.0;0.0;189.49;0.0;189.49
20;2;71;0.0;0.0;0.0;58.581;0.0;58.581
20;2;72;0.0;0.0;0.0;150.213;0.0;150.213
20;2;73;0.0;0.0;0.0;23.613;0.0;23.613
20;2;74;0.0;0.0;0.0;18.041;0.0;18.041
20;2;75;0.0;0.0;0.0;19.582;0.0;19.582
20;2;76;0.0;0.0;0.0;17.903;0.0;17.903
20;2;77;0.0;0.0;0.0;23.818;0.0;23.818
20;2;78;0.0;0.0;0.0;22.748;0.0;22.748
20;2;79;46.275;0.0;0.0;0.0;46.275;0.0
20;2;80;236.999;0.0;0.0;0.0;236.999;0.0
20;2;81;185.05;0.0;0.0;0.0;185.05;0.0
20;2;82;186.182;0.0;0.0;0.0;186.182;0.0
20;2;83;464.568;0.0;0.0;0.0;464.568;0.0
20;2;84;583.402;0.0;258.36;0.0;841.761;0.0
20;2;85;598.743;0.0;0.0;0.0;598.743;0.0
20;2;86;430.914;0.0;0.0;0.0;430.914;0.0
20;2;87;366.238;0.0;0.0;0.0;366.238;0.0
20;2;88;243.956;0.0;0.0;0.0;243.956;0.0
20;2;89;184.07;0.0;0.0;0.0;184.07;0.0
20;2;90;0.0;0.0;0.0;11.677;0.0;11.677
20;2;91;0.0;0.0;0.0;50.629;0.0;50.629
20;2;92;0.0;0.0;0.0;138.237;0.0;138.237
20;2;93;0.0;0.0;0.0;62.695;0.0;62.695
20;2;94;0.0;0.0;0.0;196.601;0.0;196.601
20;2;95;0.0;0.0;0.0;77.399;0.0;77.399
20;2;96;0.0;0.0;0.0;91.568;0.0;91.568
20;2;97;0.0;0.0;0.0;101.56;0.0;101.56
20;2;98;0.0;0.0;0.0;18.744;0.0;18.744
20;2;99;0.0;0.0;0.0;19.302;0.0;19.302
20;2;100;0.0;0.0;0.0;89.348;0.0;89.348
20;2;101;0.0;0.0;0.0;173.081;0.0;173.081
20;2;102;0.0;0.0;0.0;22.055;0.0;22.055
20;2;103;18.37;0.0;0.0;0.0;18.37;0.0
20;2;104;406.163;0.0;0.0;0.0;406.163;0.0
20;2;105;709.487;0.0;0.0;0.0;709.487;0.0
20;2;106;778.235;0.0;0.0;0.0;778.235;0.0
20;2;107;645.924;0.0;0.0;0.0;645.924;0.0
20;2;108;728.582;0.0;0.0;0.0;728.582;0.0
20;2;109;641.53;0.0;0.0;0.0;641.53;0.0
20;2;110;629.622;0.0;0.0;0.0;629.622;0.0
20;2;111;353.964;0.0;0.0;0.0;353.964;0.0
20;2;112;180.432;0.0;0.0;0.0;180.432;0.0
20;2;113;128.144;0.0;0.0;0.0;128.144;0.0
20;2;114;0.0;0.0;0.0;40.315;0.0;40.315
20;2;115;0.0;0.0;0.0;67.327;0.0;67.327
20;2;116;0.0;0.0;0.0;73.727;0.0;73.727
20;2;117;0.0;0.0;0.0;59.035;0.0;59.035
20;2;118;0.0;0.0;0.0;64.329;0.0;64.329
20;2;119;0.0;0.0;0.0;37.669;0.0;37.669
20;2;120;0.0;0.0;0.0;27.809;0.0;27.809
20;2;121;0.0;0.0;0.0;57.099;0.0;57.099
20;2;122;0.0;0.0;0.0;55.633;0.0;55.633
20;2;123;0.0;0.0;0.0;55.721;0.0;55.721
20;2;124;0.0;0.0;0.0;56.261;0.0;56.261
20;2;125;0.0;0.0;0.0;59.004;0.0;59.004
20;2;126;0.0;0.0;0.0;80.553;0.0;80.553
20;2;127;0.0;0.0;0.0;171.638;0.0;171.638
20;2;128;78.39;0.0;0.0;0.0;78.39;0.0
20;2;129;171.767;0.0;0.0;0.0;171.767;0.0
20;2;130;245.49;0.0;0.0;0.0;245.49;0.0
20;2;131;267.545;0.0;0.0;0.0;267.545;0.0
20;2;132;584.993;0.0;0.0;0.0;584.993;0.0
20;2;133;659.777;0.0;0.0;0.0;659.777;0.0
20;2;134;344.593;0.0;0.0;0.0;344.593;0.0
20;2;135;157.98;0.0;0.0;0.0;157.98;0.0
20;2;136;138.626;0.0;0.0;0.0;138.626;0.0
20;2;137;47.817;0.0;0.0;0.0;47.817;0.0
20;2;138;0.0;0.0;0.0;176.067;0.0;176.067
20;2;139;0.0;0.0;0.0;211.119;0.0;211.119
20;2;140;0.0;0.0;0.0;78.981;0.0;78.981
20;2;141;0.0;0.0;0.0;69.214;0.0;69.214
20;2;142;0.0;0.0;0.0;112.301;0.0;112.301
20;2;143;0.0;0.0;0.0;58.616;0.0;58.616
20;2;144;0.0;0.0;0.0;16.821;0.0;16.821
20;2;145;0.0;0.0;0.0;18.137;0.0;18.137
20;2;146;0.0;0.0;0.0;18.381;0.0;18.381
20;2;147;0.0;0.0;0.0;19.946;0.0;19.946
20;2;148;0.0;0.0;0.0;18.542;0.0;18.542
20;2;149;0.0;0.0;0.0;19.36;0.0;19.36
20;2;150;0.0;0.0;0.0;19.909;0.0;19.909
20;2;151;0.0;0.0;0.0;44.929;0.0;44.929
20;2;152;0.0;0.0;0.0;116.447;0.0;116.447
20;2;153;43.285;0.0;0.0;0.0;43.285;0.0
20;2;154;35.437;0.0;0.0;0.0;35.437;0.0
20;2;155;97.14;0.0;0.0;0.0;97.14;0.0
20;2;156;133.381;0.0;0.0;0.0;133.381;0.0
20;2;157;87.958;0.0;0.0;0.0;87.958;0.0
20;2;158;93.599;0.0;0.0;0.0;93.599;0.0
20;2;159;65.391;0.0;0.0;0.0;65.391;0.0
20;2;160;0.0;0.0;0.0;0.0;0.0;0.0
20;2;161;0.0;0.0;0.0;136.389;0.0;136.389
20;2;162;0.0;0.0;0.0;71.738;0.0;71.738
20;2;163;0.0;0.0;0.0;71.248;0.0;71.248
20;2;164;0.0;0.0;0.0;82.687;0.0;82.687
20;2;165;0.0;0.0;0.0;92.259;0.0;92.259
20;2;166;0.0;0.0;0.0;102.39;0.0;102.39
20;2;167;0.0;0.0;0.0;173.953;0.0;173.953
20;3;0;0.0;0.0;0.0;19.833;0.0;19.833
20;3;1;0.0;0.0;0.0;124.392;0.0;124.392
20;3;2;0.0;0.0;0.0;149.517;0.0;149.517
20;3;3;0.0;0.0;0.0;150.935;0.0;150.935
20;3;4;0.0;0.0;0.0;196.439;0.0;196.439
20;3;5;0.0;0.0;0.0;114.945;0.0;114.945
20;3;6;0.0;0.0;0.0;171.876;0.0;171.876
20;3;7;0.0;0.0;0.0;207.864;0.0;207.864
20;3;8;0.0;0.0;0.0;206.108;0.0;206.108
20;3;9;0.0;0.0;0.0;63.175;0.0;63.175
20;3;10;73.602;0.0;0.0;0.0;73.602;0.0
20;3;11;48.438;0.0;0.0;0.0;48.438;0.0
20;3;12;312.04;0.0;0.0;0.0;312.04;0.0
20;3;13;747.068;0.0;0.0;0.0;747.068;0.0
20;3;14;639.424;0.0;0.0;0.0;639.424;0.0
20;3;15;334.09;0.0;0.0;0.0;334.09;0.0
20;3;16;0.0;0.0;0.0;103.752;0.0;103.752
20;3;17;0.0;0.0;0.0;247.102;0.0;247.102
20;3;18;0.0;0.0;0.0;239.513;0.0;239.513
20;3;19;0.0;0.0;0.0;78.495;0.0;78.495
20;3;20;0.0;0.0;0.0;82.184;0.0;82.184
20;3;21;0.0;0.0;0.0;72.069;0.0;72.069
20;3;22;0.0;0.0;0.0;157.686;0.0;157.686
20;3;23;0.0;0.0;0.0;218.92;0.0;218.92
20;3;24;0.0;0.0;0.0;194.47;0.0;194.47
20;3;25;0.0;0.0;0.0;25.436;0.0;25.436
20;3;26;0.0;0.0;0.0;151.278;0.0;151.278
20;3;27;0.0;0.0;0.0;153.997;0.0;153.997
20;3;28;0.0;0.0;0.0;157.344;0.0;157.344
20;3;29;0.0;0.0;0.0;161.698;0.0;161.698
20;3;30;0.0;0.0;0.0;173.544;0.0;173.544
20;3;31;0.0;0.0;0.0;199.735;0.0;199.735
20;3;32;0.0;0.0;0.0;206.765;0.0;206.765
20;3;33;0.0;0.0;0.0;94.822;0.0;94.822
20;3;34;254.957;0.0;0.0;0.0;254.957;0.0
20;3;35;319.999;0.0;0.0;0.0;319.999;0.0
20;3;36;401.343;0.0;0.0;0.0;401.343;0.0
20;3;37;253.216;0.0;0.0;0.0;253.216;0.0
20;3;38;0.0;0.0;0.0;86.191;0.0;86.191
20;3;39;0.0;0.0;0.0;123.786;0.0;123.786
20;3;40;0.0;0.0;0.0;180.731;0.0;180.731
20;3;41;0.0;0.0;0.0;193.141;0.0;193.141
20;3;42;0.0;0.0;0.0;200.655;0.0;200.655
20;3;43;0.0;0.0;0.0;207.461;0.0;207.461
20;3;44;0.0;0.0;0.0;199.171;0.0;199.171
20;3;45;0.0;0.0;0.0;189.108;0.0;189.108
20;3;46;0.0;0.0;0.0;180.995;0.0;180.995
20;3;47;0.0;0.0;0.0;157.82;0.0;157.82
20;3;48;0.0;0.0;0.0;96.029;0.0;96.029
20;3;49;0.0;0.0;0.0;98.374;0.0;98.374
20;3;50;0.0;0.0;0.0;91.682;0.0;91.682
20;3;51;0.0;0.0;0.0;89.977;0.0;89.977
20;3;52;0.0;0.0;0.0;88.446;0.0;88.446
20;3;53;0.0;0.0;0.0;95.759;0.0;95.759
20;3;54;0.0;0.0;0.0;99.201;0.0;99.201
20;3;55;0.0;0.0;0.0;133.199;0.0;133.199
20;3;56;0.0;0.0;0.0;143.466;0.0;143.466
20;3;57;0.0;0.0;0.0;129.85;0.0;129.85
20;3;58;0.0;0.0;0.0;52.478;0.0;52.478
20;3;59;0.0;0.0;0.0;65.314;0.0;65.314
20;3;60;120.328;0.0;0.0;0.0;120.328;0.0
20;3;61;422.358;0.0;0.0;0.0;422.358;0.0
20;3;62;199.903;0.0;0.0;0.0;199.903;0.0
20;3;63;104.708;0.0;0.0;0.0;104.708;0.0
20;3;64;0.0;0.0;0.0;111.198;0.0;111.198
20;3;65;0.0;0.0;0.0;237.243;0.0;237.243
20;3;66;0.0;0.0;0.0;225.119;0.0;225.119
20;3;67;0.0;0.0;0.0;175.679;0.0;175.679
20;3;68;0.0;0.0;0.0;85.99;0.0;85.99
20;3;69;0.0;0.0;0.0;56.64;0.0;56.64
20;3;70;0.0;0.0;0.0;61.653;0.0;61.653
20;3;71;0.0;0.0;0.0;122.236;0.0;122.236
20;3;72;0.0;0.0;0.0;95.899;0.0;95.899
20;3;73;0.0;0.0;0.0;101.34;0.0;101.34
20;3;74;0.0;0.0;0.0;101.624;0.0;101.624
20;3;75;0.0;0.0;0.0;103.84;0.0;103.84
20;3;76;0.0;0.0;0.0;103.741;0.0;103.741
20;3;77;0.0;0.0;0.0;105.501;0.0;105.501
20;3;78;0.0;0.0;0.0;181.44;0.0;181.44
20;3;79;0.0;0.0;0.0;57.024;0.0;57.024
20;3;80;0.0;0.0;0.0;138.642;0.0;138.642
20;3;81;0.0;0.0;0.0;119.743;0.0;119.743
20;3;82;0.0;0.0;0.0;110.896;0.0;110.896
20;3;83;0.0;0.0;0.0;85.668;0.0;85.668
20;3;84;0.0;0.0;0.0;24.934;0.0;24.934
20;3;85;469.015;0.0;0.0;0.0;469.015;0.0
20;3;86;446.765;0.0;0.0;0.0;446.765;0.0
20;3;87;134.086;0.0;0.0;0.0;134.086;0.0
20;3;88;0.0;0.0;0.0;168.427;0.0;168.427
20;3;89;0.0;0.0;0.0;214.771;0.0;214.771
20;3;90;0.0;0.0;0.0;225.919;0.0;225.919
20;3;91;0.0;0.0;0.0;68.944;0.0;68.944
20;3;92;0.0;0.0;0.0;88.446;0.0;88.446
20;3;93;0.0;0.0;0.0;75.65;0.0;75.65
20;3;94;0.0;0.0;0.0;164.674;0.0;164.674
20;3;95;0.0;0.0;0.0;164.929;0.0;164.929
20;3;96;0.0;0.0;0.0;175.747;0.0;175.747
20;3;97;0.0;0.0;0.0;186.173;0.0;186.173
20;3;98;0.0;0.0;0.0;181.598;0.0;181.598
20;3;99;0.0;0.0;0.0;185.407;0.0;185.407
20;3;100;0.0;0.0;0.0;181.27;0.0;181.27
20;3;101;0.0;0.0;0.0;178.244;0.0;178.244
20;3;102;0.0;0.0;0.0;184.122;0.0;184.122
20;3;103;0.0;0.0;0.0;207.332;0.0;207.332
20;3;104;0.0;0.0;0.0;208.327;0.0;208.327
20;3;105;0.0;0.0;0.0;238.566;0.0;238.566
20;3;106;0.0;0.0;0.0;163.509;0.0;163.509
20;3;107;0.0;0.0;0.0;178.376;0.0;178.376
20;3;108;0.0;0.0;0.0;143.741;0.0;143.741
20;3;109;0.0;0.0;0.0;114.76;0.0;114.76
20;3;110;0.0;0.0;0.0;150.519;0.0;150.519
20;3;111;0.0;0.0;0.0;164.833;0.0;164.833
20;3;112;0.0;0.0;0.0;198.235;0.0;198.235
20;3;113;0.0;0.0;0.0;204.229;0.0;204.229
20;3;114;0.0;0.0;0.0;204.701;0.0;204.701
20;3;115;0.0;0.0;0.0;221.238;0.0;221.238
20;3;116;0.0;0.0;0.0;204.517;0.0;204.517
20;3;117;0.0;0.0;0.0;197.111;0.0;197.111
20;3;118;0.0;0.0;0.0;187.865;0.0;187.865
20;3;119;0.0;0.0;0.0;217.913;0.0;217.913
20;3;120;0.0;0.0;0.0;187.91;0.0;187.91
20;3;121;0.0;0.0;0.0;193.993;0.0;193.993
20;3;122;0.0;0.0;0.0;192.982;0.0;192.982
20;3;123;0.0;0.0;0.0;195.539;0.0;195.539
20;3;124;0.0;0.0;0.0;84.609;0.0;84.609
20;3;125;0.0;0.0;0.0;19.209;0.0;19.209
20;3;126;0.0;0.0;0.0;177.484;0.0;177.484
20;3;127;0.0;0.0;0.0;209.832;0.0;209.832
20;3;128;0.0;0.0;0.0;214.439;0.0;214.439
20;3;129;0.0;0.0;0.0;183.832;0.0;183.832
20;3;130;0.0;0.0;0.0;119.986;0.0;119.986
20;3;131;0.0;0.0;0.0;126.62;0.0;126.62
20;3;132;15.198;0.0;0.0;0.0;15.198;0.0
20;3;133;50.189;0.0;0.0;0.0;50.189;0.0
20;3;134;0.0;0.0;0.0;134.643;0.0;134.643
20;3;135;0.0;0.0;0.0;151.719;0.0;151.719
20;3;136;0.0;0.0;0.0;240.568;0.0;240.568
20;3;137;0.0;0.0;0.0;136.059;0.0;136.059
20;3;138;0.0;0.0;0.0;203.872;0.0;203.872
20;3;139;0.0;0.0;0.0;261.892;0.0;261.892
20;3;140;0.0;0.0;0.0;158.316;0.0;158.316
20;3;141;0.0;0.0;0.0;201.367;0.0;201.367
20;3;142;0.0;0.0;0.0;204.72;0.0;204.72
20;3;143;0.0;0.0;0.0;178.185;0.0;178.185
20;3;144;0.0;0.0;0.0;198.487;0.0;198.487
20;3;145;0.0;0.0;0.0;122.273;0.0;122.273
20;3;146;0.0;0.0;0.0;199.151;0.0;199.151
20;3;147;0.0;0.0;0.0;130.42;0.0;130.42
20;3;148;0.0;0.0;0.0;166.262;0.0;166.262
20;3;149;0.0;0.0;0.0;169.442;0.0;169.442
20;3;150;0.0;0.0;0.0;184.159;0.0;184.159
20;3;151;0.0;0.0;0.0;210.011;0.0;210.011
20;3;152;0.0;0.0;0.0;216.65;0.0;216.65
20;3;153;0.0;0.0;0.0;89.317;0.0;89.317
20;3;154;119.875;0.0;0.0;0.0;119.875;0.0
20;3;155;0.0;0.0;0.0;20.107;0.0;20.107
20;3;156;0.0;0.0;0.0;71.84;0.0;71.84
20;3;157;0.0;0.0;0.0;128.7;0.0;128.7
20;3;158;0.0;0.0;0.0;37.836;0.0;37.836
20;3;159;0.0;0.0;0.0;149.898;0.0;149.898
20;3;160;0.0;0.0;0.0;162.631;0.0;162.631
20;3;161;0.0;0.0;0.0;161.531;0.0;161.531
20;3;162;0.0;0.0;0.0;174.837;0.0;174.837
20;3;163;0.0;0.0;0.0;183.592;0.0;183.592
20;3;164;0.0;0.0;0.0;167.25;0.0;167.25
20;3;165;0.0;0.0;0.0;181.889;0.0;181.889
20;3;166;0.0;0.0;0.0;231.707;0.0;231.707
20;3;167;0.0;0.0;0.0;210.754;0.0;210.754
