Support_Year;Cluster;Timestep;PV;HP;EB;from_grid;to_grid;from_main_grid;to_main_grid
0;0;0;0.0;0.0;0.0;16.917;0.0;16.917;0.0
0;0;1;0.0;125.08;0.0;145.332;0.0;145.332;0.0
0;0;2;0.0;0.0;0.0;20.233;0.0;20.233;0.0
0;0;3;0.0;114.778;0.0;136.1;0.0;136.1;0.0
0;0;4;0.0;118.043;0.0;136.849;0.0;136.849;0.0
0;0;5;0.0;120.376;0.0;141.132;0.0;141.132;0.0
0;0;6;0.0;136.623;0.0;162.039;0.0;162.039;0.0
0;0;7;0.0;134.484;0.0;196.066;0.0;196.066;0.0
0;0;8;47.156;124.125;0.0;135.951;0.0;135.951;0.0
0;0;9;154.67;118.017;0.0;15.847;0.0;15.847;0.0
0;0;10;179.17;131.082;0.0;0.0;0.0;0.0;0.0
0;0;11;104.681;80.399;0.0;19.24;0.0;19.24;0.0
0;0;12;138.575;94.886;0.0;5.696;0.0;5.696;0.0
0;0;13;61.986;145.898;0.0;135.911;0.0;135.911;0.0
0;0;14;47.862;16.965;0.0;29.922;0.0;29.922;0.0
0;0;15;133.118;82.78;0.0;0.0;0.0;0.0;0.0
0;0;16;83.126;75.125;0.0;43.659;0.0;43.659;0.0
0;0;17;25.467;103.989;0.0;149.156;0.0;149.156;0.0
0;0;18;0.49;145.898;0.0;219.333;0.0;219.333;0.0
0;0;19;0.0;0.0;0.0;73.206;0.0;73.206;0.0
0;0;20;0.0;141.483;0.0;224.991;0.0;224.991;0.0
0;0;21;0.0;148.32;0.0;211.562;0.0;211.562;0.0
0;0;22;0.0;150.744;0.0;202.612;0.0;202.612;0.0
0;0;23;0.0;152.765;0.0;197.134;0.0;197.134;0.0
0;0;24;0.0;0.0;0.0;16.85;0.0;16.85;0.0
0;0;25;0.0;0.0;0.0;18.334;0.0;18.334;0.0
0;0;26;0.0;118.722;0.0;138.71;0.0;138.71;0.0
0;0;27;0.0;159.241;0.0;178.911;0.0;178.911;0.0
0;0;28;0.0;159.646;0.0;178.209;0.0;178.209;0.0
0;0;29;0.0;162.484;0.0;182.657;0.0;182.657;0.0
0;0;30;0.0;54.113;0.0;77.4;0.0;77.4;0.0
0;0;31;0.0;154.124;0.0;216.083;0.0;216.083;0.0
0;0;32;43.574;140.981;0.0;163.172;0.0;163.172;0.0
0;0;33;135.472;132.899;0.0;49.787;0.0;49.787;0.0
0;0;34;201.315;148.748;0.0;0.0;0.0;0.0;0.0
0;0;35;203.008;152.361;0.0;0.0;3.352;0.0;3.352
0;0;36;150.523;108.157;0.0;0.0;0.0;0.0;0.0
0;0;37;294.6;148.32;0.0;0.0;95.037;0.0;95.037
0;0;38;334.76;147.109;0.0;0.0;136.433;0.0;136.433
0;0;39;268.471;144.284;0.0;0.0;70.834;0.0;70.834
0;0;40;137.318;134.568;0.0;54.352;0.0;54.352;0.0
0;0;41;46.31;145.495;0.0;156.263;0.0;156.263;0.0
0;0;42;0.98;145.495;0.0;206.489;0.0;206.489;0.0
0;0;43;0.0;147.916;0.0;222.076;0.0;222.076;0.0
0;0;44;0.0;149.936;0.0;221.583;0.0;221.583;0.0
0;0;45;0.0;25.996;0.0;84.301;0.0;84.301;0.0
0;0;46;0.0;153.574;0.0;218.957;0.0;218.957;0.0
0;0;47;0.0;0.0;0.0;46.733;0.0;46.733;0.0
0;0;48;0.0;0.0;0.0;17.282;0.0;17.282;0.0
0;0;49;0.0;0.0;0.0;19.915;0.0;19.915;0.0
0;0;50;0.0;0.0;0.0;19.197;0.0;19.197;0.0
0;0;51;0.0;0.0;0.0;18.749;0.0;18.749;0.0
0;0;52;0.0;0.0;0.0;19.09;0.0;19.09;0.0
0;0;53;0.0;101.996;0.0;122.689;0.0;122.689;0.0
0;0;54;0.0;106.151;0.0;129.216;0.0;129.216;0.0
0;0;55;0.0;130.747;0.0;191.041;0.0;191.041;0.0
0;0;56;29.617;125.473;0.0;159.586;0.0;159.586;0.0
0;0;57;79.435;108.1;0.0;80.17;0.0;80.17;0.0
0;0;58;139.778;100.089;0.0;8.711;0.0;8.711;0.0
0;0;59;193.631;151.957;0.0;0.0;0.0;0.0;0.0
0;0;60;103.339;149.532;0.0;87.778;0.0;87.778;0.0
0;0;61;42.428;28.54;0.0;33.229;0.0;33.229;0.0
0;0;62;34.084;0.0;0.0;14.97;0.0;14.97;0.0
0;0;63;198.073;150.155;0.0;0.0;0.0;0.0;0.0
0;0;64;205.422;143.881;0.0;0.0;4.291;0.0;4.291
0;0;65;34.899;0.0;0.0;35.529;0.0;35.529;0.0
0;0;66;0.489;0.0;0.0;83.529;0.0;83.529;0.0
0;0;67;0.0;141.461;0.0;230.14;0.0;230.14;0.0
0;0;68;0.0;133.811;0.0;204.927;0.0;204.927;0.0
0;0;69;0.0;133.811;0.0;211.103;0.0;211.103;0.0
0;0;70;0.0;135.822;0.0;193.563;0.0;193.563;0.0
0;0;71;0.0;142.671;0.0;186.105;0.0;186.105;0.0
0;0;72;0.0;0.0;0.0;16.68;0.0;16.68;0.0
0;0;73;0.0;0.0;0.0;18.497;0.0;18.497;0.0
0;0;74;0.0;0.0;0.0;18.753;0.0;18.753;0.0
0;0;75;0.0;0.0;0.0;19.291;0.0;19.291;0.0
0;0;76;0.0;51.945;0.0;70.591;0.0;70.591;0.0
0;0;77;0.0;0.0;0.0;19.385;0.0;19.385;0.0
0;0;78;0.0;106.74;0.0;128.014;0.0;128.014;0.0
0;0;79;0.0;160.457;0.0;184.432;0.0;184.432;0.0
0;0;80;9.509;115.308;0.0;144.486;0.0;144.486;0.0
0;0;81;25.688;122.825;0.0;132.719;0.0;132.719;0.0
0;0;82;41.642;130.093;0.0;128.515;0.0;128.515;0.0
0;0;83;70.881;161.673;0.0;131.029;0.0;131.029;0.0
0;0;84;105.663;162.484;0.0;103.084;0.0;103.084;0.0
0;0;85;91.036;162.484;0.0;108.404;0.0;108.404;0.0
0;0;86;50.382;162.889;0.0;153.839;0.0;153.839;0.0
0;0;87;82.569;159.241;0.0;107.345;0.0;107.345;0.0
0;0;88;48.158;159.241;0.0;144.829;0.0;144.829;0.0
0;0;89;74.235;161.267;0.0;125.197;0.0;125.197;0.0
0;0;90;7.478;164.106;0.0;210.625;0.0;210.625;0.0
0;0;91;0.0;164.918;0.0;231.223;0.0;231.223;0.0
0;0;92;0.0;165.73;0.0;251.937;0.0;251.937;0.0
0;0;93;0.0;167.76;0.0;234.825;0.0;234.825;0.0
0;0;94;0.0;168.166;0.0;235.561;0.0;235.561;0.0
0;0;95;0.0;168.166;0.0;215.428;0.0;215.428;0.0
0;0;96;0.0;169.385;0.0;186.313;0.0;186.313;0.0
0;0;97;0.0;171.011;0.0;195.0;0.0;195.0;0.0
0;0;98;0.0;171.825;0.0;189.773;0.0;189.773;0.0
0;0;99;0.0;173.045;0.0;191.416;0.0;191.416;0.0
0;0;100;0.0;173.045;0.0;192.068;0.0;192.068;0.0
0;0;101;0.0;173.045;0.0;192.282;0.0;192.282;0.0
0;0;102;0.0;172.231;0.0;192.343;0.0;192.343;0.0
0;0;103;0.0;172.638;0.0;230.351;0.0;230.351;0.0
0;0;104;35.32;171.418;0.0;204.009;0.0;204.009;0.0
0;0;105;84.116;169.792;0.0;133.153;0.0;133.153;0.0
0;0;106;75.969;168.166;0.0;147.109;0.0;147.109;0.0
0;0;107;59.83;166.542;0.0;170.83;0.0;170.83;0.0
0;0;108;54.143;164.918;0.0;164.157;0.0;164.157;0.0
0;0;109;45.312;162.889;0.0;168.465;0.0;168.465;0.0
0;0;110;186.42;160.051;0.0;27.229;0.0;27.229;0.0
0;0;111;165.89;158.431;0.0;41.93;0.0;41.93;0.0
0;0;112;25.758;158.836;0.0;202.818;0.0;202.818;0.0
0;0;113;20.59;163.701;0.0;216.08;0.0;216.08;0.0
0;0;114;7.994;165.324;0.0;239.801;0.0;239.801;0.0
0;0;115;0.0;169.385;0.0;253.059;0.0;253.059;0.0
0;0;116;0.0;172.638;0.0;255.454;0.0;255.454;0.0
0;0;117;0.0;171.825;0.0;246.957;0.0;246.957;0.0
0;0;118;0.0;172.638;0.0;239.874;0.0;239.874;0.0
0;0;119;0.0;173.452;0.0;213.503;0.0;213.503;0.0
0;0;120;0.0;174.266;0.0;193.156;0.0;193.156;0.0
0;0;121;0.0;173.859;0.0;195.161;0.0;195.161;0.0
0;0;122;0.0;173.452;0.0;192.682;0.0;192.682;0.0
0;0;123;0.0;175.08;0.0;194.301;0.0;194.301;0.0
0;0;124;0.0;175.08;0.0;192.986;0.0;192.986;0.0
0;0;125;0.0;175.08;0.0;193.781;0.0;193.781;0.0
0;0;126;0.0;174.266;0.0;196.042;0.0;196.042;0.0
0;0;127;0.0;174.673;0.0;235.85;0.0;235.85;0.0
0;0;128;42.554;174.673;0.0;200.698;0.0;200.698;0.0
0;0;129;137.143;173.045;0.0;85.336;0.0;85.336;0.0
0;0;130;135.203;170.198;0.0;85.95;0.0;85.95;0.0
0;0;131;59.294;170.605;0.0;157.884;0.0;157.884;0.0
0;0;132;40.433;172.231;0.0;179.75;0.0;179.75;0.0
0;0;133;76.078;168.979;0.0;154.076;0.0;154.076;0.0
0;0;134;64.919;166.948;0.0;160.762;0.0;160.762;0.0
0;0;135;126.338;162.484;0.0;84.272;0.0;84.272;0.0
0;0;136;106.583;163.295;0.0;106.018;0.0;106.018;0.0
0;0;137;109.218;164.106;0.0;114.954;0.0;114.954;0.0
0;0;138;2.992;167.76;0.0;243.584;0.0;243.584;0.0
0;0;139;0.0;169.792;0.0;240.253;0.0;240.253;0.0
0;0;140;0.0;171.825;0.0;244.904;0.0;244.904;0.0
0;0;141;0.0;174.266;0.0;231.223;0.0;231.223;0.0
0;0;142;0.0;177.117;0.0;247.962;0.0;247.962;0.0
0;0;143;0.0;177.932;0.0;218.125;0.0;218.125;0.0
0;0;144;0.0;177.932;0.0;194.581;0.0;194.581;0.0
0;0;145;0.0;181.194;0.0;202.11;0.0;202.11;0.0
0;0;146;0.0;180.786;0.0;199.986;0.0;199.986;0.0
0;0;147;0.0;184.052;0.0;203.064;0.0;203.064;0.0
0;0;148;0.0;185.277;0.0;204.293;0.0;204.293;0.0
0;0;149;0.0;186.503;49.488;254.924;0.0;254.924;0.0
0;0;150;0.0;189.775;65.226;277.167;0.0;277.167;0.0
0;0;151;1.517;189.366;65.226;311.096;0.0;311.096;0.0
0;0;152;92.171;188.957;65.226;215.964;0.0;215.964;0.0
0;0;153;240.001;186.094;65.226;61.565;0.0;61.565;0.0
0;0;154;290.572;180.786;65.226;0.0;0.0;0.0;0.0
0;0;155;209.866;175.487;65.226;74.499;0.0;74.499;0.0
0;0;156;279.245;173.045;65.226;4.342;0.0;4.342;0.0
0;0;157;141.197;170.605;65.226;154.442;0.0;154.442;0.0
0;0;158;49.471;173.045;65.226;246.424;0.0;246.424;0.0
0;0;159;87.032;172.638;65.226;199.092;0.0;199.092;0.0
0;0;160;139.358;177.524;65.226;158.269;0.0;158.269;0.0
0;0;161;77.291;178.747;65.226;222.967;0.0;222.967;0.0
0;0;162;10.55;178.747;65.226;295.278;0.0;295.278;0.0
0;0;163;0.0;182.827;65.226;322.558;0.0;322.558;0.0
0;0;164;0.0;184.869;65.226;325.732;0.0;325.732;0.0
0;0;165;0.0;187.321;65.226;324.114;0.0;324.114;0.0
0;0;166;0.0;189.366;65.226;318.004;0.0;318.004;0.0
0;0;167;0.0;186.503;65.226;302.199;0.0;302.199;0.0
0;1;0;0.0;0.0;0.0;16.763;0.0;16.763;0.0
0;1;1;0.0;0.0;0.0;17.892;0.0;17.892;0.0
0;1;2;0.0;0.0;0.0;18.353;0.0;18.353;0.0
0;1;3;0.0;0.0;0.0;19.991;0.0;19.991;0.0
0;1;4;0.0;0.0;0.0;21.049;0.0;21.049;0.0
0;1;5;0.0;0.0;0.0;19.563;0.0;19.563;0.0
0;1;6;4.959;0.0;0.0;21.099;0.0;21.099;0.0
0;1;7;54.344;0.0;0.0;0.0;14.251;0.0;14.251
0;1;8;153.175;0.0;0.0;0.0;92.309;0.0;92.309
0;1;9;263.706;0.0;0.0;0.0;198.868;0.0;198.868
0;1;10;351.173;0.0;0.0;0.0;290.044;0.0;290.044
0;1;11;398.04;0.0;0.0;0.0;344.184;0.0;344.184
0;1;12;434.603;0.0;0.0;0.0;382.544;0.0;382.544
0;1;13;486.896;0.0;0.0;0.0;429.482;0.0;429.482
0;1;14;398.832;0.0;0.0;0.0;340.38;0.0;340.38
0;1;15;272.044;0.0;0.0;0.0;221.647;0.0;221.647
0;1;16;185.903;0.0;0.0;0.0;125.579;0.0;125.579
0;1;17;112.563;3.206;0.0;0.0;53.861;0.0;53.861
0;1;18;49.372;0.0;0.0;4.916;0.0;4.916;0.0
0;1;19;1.904;0.0;0.0;71.674;0.0;71.674;0.0
0;1;20;0.0;0.0;0.0;73.7;0.0;73.7;0.0
0;1;21;0.0;0.0;0.0;70.329;0.0;70.329;0.0
0;1;22;0.0;0.0;0.0;58.006;0.0;58.006;0.0
0;1;23;0.0;0.0;0.0;41.519;0.0;41.519;0.0
0;1;24;0.0;0.0;0.0;17.033;0.0;17.033;0.0
0;1;25;0.0;0.0;0.0;22.962;0.0;22.962;0.0
0;1;26;0.0;0.0;0.0;19.109;0.0;19.109;0.0
0;1;27;0.0;0.0;0.0;19.443;0.0;19.443;0.0
0;1;28;0.0;0.0;0.0;18.48;0.0;18.48;0.0
0;1;29;0.0;0.0;0.0;20.301;0.0;20.301;0.0
0;1;30;4.034;0.0;0.0;21.02;0.0;21.02;0.0
0;1;31;50.296;0.434;0.0;0.0;0.0;0.0;0.0
0;1;32;148.904;2.949;0.0;0.0;85.477;0.0;85.477
0;1;33;250.305;3.412;0.0;0.0;193.078;0.0;193.078
0;1;34;324.144;3.795;0.0;0.0;267.761;0.0;267.761
0;1;35;391.752;3.436;0.0;0.0;344.568;0.0;344.568
0;1;36;474.845;4.154;0.0;0.0;428.597;0.0;428.597
0;1;37;484.423;2.807;0.0;0.0;431.386;0.0;431.386
0;1;38;453.477;3.249;0.0;0.0;401.767;0.0;401.767
0;1;39;384.454;5.675;0.0;0.0;334.085;0.0;334.085
0;1;40;287.87;0.0;0.0;0.0;233.301;0.0;233.301
0;1;41;171.578;66.335;0.0;0.0;44.199;0.0;44.199
0;1;42;75.733;0.0;0.0;0.0;16.77;0.0;16.77
0;1;43;7.328;0.0;0.0;58.003;0.0;58.003;0.0
0;1;44;0.0;0.0;0.0;77.275;0.0;77.275;0.0
0;1;45;0.0;0.0;0.0;65.547;0.0;65.547;0.0
0;1;46;0.0;0.0;0.0;56.193;0.0;56.193;0.0
0;1;47;0.0;0.0;0.0;56.054;0.0;56.054;0.0
0;1;48;0.0;0.0;0.0;17.665;0.0;17.665;0.0
0;1;49;0.0;0.0;0.0;19.433;0.0;19.433;0.0
0;1;50;0.0;0.0;0.0;18.81;0.0;18.81;0.0
0;1;51;0.0;0.0;0.0;18.246;0.0;18.246;0.0
0;1;52;0.0;0.0;0.0;22.32;0.0;22.32;0.0
0;1;53;0.0;0.0;0.0;19.955;0.0;19.955;0.0
0;1;54;2.395;0.0;0.0;22.051;0.0;22.051;0.0
0;1;55;30.338;0.0;0.0;19.509;0.0;19.509;0.0
0;1;56;120.046;0.0;0.0;0.0;72.241;0.0;72.241
0;1;57;226.518;0.0;0.0;0.0;180.368;0.0;180.368
0;1;58;317.295;3.527;0.0;0.0;270.028;0.0;270.028
0;1;59;380.391;3.406;0.0;0.0;336.477;0.0;336.477
0;1;60;435.799;2.399;0.0;0.0;392.315;0.0;392.315
0;1;61;389.871;3.647;0.0;0.0;346.026;0.0;346.026
0;1;62;256.819;3.014;0.0;0.0;203.217;0.0;203.217
0;1;63;107.611;60.297;0.0;0.0;0.0;0.0;0.0
0;1;64;173.576;14.183;0.0;0.0;108.841;0.0;108.841
0;1;65;133.445;0.0;0.0;0.0;87.262;0.0;87.262
0;1;66;54.956;0.0;0.0;2.275;0.0;2.275;0.0
0;1;67;6.67;0.0;0.0;53.934;0.0;53.934;0.0
0;1;68;0.0;0.0;0.0;77.337;0.0;77.337;0.0
0;1;69;0.0;0.0;0.0;64.027;0.0;64.027;0.0
0;1;70;0.0;0.0;0.0;58.409;0.0;58.409;0.0
0;1;71;0.0;0.0;0.0;39.712;0.0;39.712;0.0
0;1;72;0.0;0.0;0.0;17.553;0.0;17.553;0.0
0;1;73;0.0;0.0;0.0;19.72;0.0;19.72;0.0
0;1;74;0.0;0.0;0.0;19.438;0.0;19.438;0.0
0;1;75;0.0;0.0;0.0;18.504;0.0;18.504;0.0
0;1;76;0.0;0.0;0.0;18.562;0.0;18.562;0.0
0;1;77;0.0;0.0;0.0;23.894;0.0;23.894;0.0
0;1;78;2.898;0.0;0.0;19.004;0.0;19.004;0.0
0;1;79;37.998;0.0;0.0;0.0;10.578;0.0;10.578
0;1;80;136.361;0.0;0.0;0.0;106.351;0.0;106.351
0;1;81;261.62;3.659;0.0;0.0;222.466;0.0;222.466
0;1;82;364.714;4.344;0.0;0.0;324.2;0.0;324.2
0;1;83;440.862;3.353;0.0;0.0;399.265;0.0;399.265
0;1;84;472.778;2.589;0.0;0.0;434.683;0.0;434.683
0;1;85;439.503;3.673;0.0;0.0;395.13;0.0;395.13
0;1;86;387.037;3.603;0.0;0.0;343.208;0.0;343.208
0;1;87;361.009;66.075;0.0;0.0;261.522;0.0;261.522
0;1;88;202.096;0.0;0.0;0.0;155.351;0.0;155.351
0;1;89;108.782;0.0;0.0;0.0;72.381;0.0;72.381
0;1;90;69.718;0.0;0.0;0.0;18.362;0.0;18.362
0;1;91;6.859;0.0;0.0;57.898;0.0;57.898;0.0
0;1;92;0.0;0.0;0.0;67.966;0.0;67.966;0.0
0;1;93;0.0;0.0;0.0;64.396;0.0;64.396;0.0
0;1;94;0.0;0.0;0.0;58.339;0.0;58.339;0.0
0;1;95;0.0;0.0;0.0;49.996;0.0;49.996;0.0
0;1;96;0.0;0.0;0.0;16.783;0.0;16.783;0.0
0;1;97;0.0;0.0;0.0;18.711;0.0;18.711;0.0
0;1;98;0.0;0.0;0.0;22.833;0.0;22.833;0.0
0;1;99;0.0;0.0;0.0;19.229;0.0;19.229;0.0
0;1;100;0.0;0.0;0.0;18.228;0.0;18.228;0.0
0;1;101;0.0;0.0;0.0;19.633;0.0;19.633;0.0
0;1;102;2.411;0.0;0.0;17.194;0.0;17.194;0.0
0;1;103;41.996;0.0;0.0;0.0;5.701;0.0;5.701
0;1;104;108.827;0.0;0.0;0.0;54.683;0.0;54.683
0;1;105;123.015;3.706;0.0;0.0;68.055;0.0;68.055
0;1;106;262.381;4.028;0.0;0.0;206.455;0.0;206.455
0;1;107;449.856;3.296;0.0;0.0;382.496;0.0;382.496
0;1;108;503.661;4.494;0.0;0.0;440.83;0.0;440.83
0;1;109;408.972;3.494;0.0;0.0;347.442;0.0;347.442
0;1;110;215.109;3.006;0.0;0.0;144.79;0.0;144.79
0;1;111;169.92;3.822;0.0;0.0;113.396;0.0;113.396
0;1;112;155.741;7.671;0.0;0.0;82.522;0.0;82.522
0;1;113;123.944;56.955;0.0;0.0;0.0;0.0;0.0
0;1;114;65.374;0.0;0.0;0.0;11.02;0.0;11.02
0;1;115;6.412;0.0;0.0;63.724;0.0;63.724;0.0
0;1;116;0.0;0.0;0.0;71.854;0.0;71.854;0.0
0;1;117;0.0;0.0;0.0;59.689;0.0;59.689;0.0
0;1;118;0.0;0.0;0.0;53.321;0.0;53.321;0.0
0;1;119;0.0;0.0;0.0;35.648;0.0;35.648;0.0
0;1;120;0.0;0.0;0.0;16.989;0.0;16.989;0.0
0;1;121;0.0;0.0;0.0;20.609;0.0;20.609;0.0
0;1;122;0.0;0.0;0.0;18.532;0.0;18.532;0.0
0;1;123;0.0;0.0;0.0;18.088;0.0;18.088;0.0
0;1;124;0.0;0.0;0.0;19.257;0.0;19.257;0.0
0;1;125;0.0;0.0;0.0;19.214;0.0;19.214;0.0
0;1;126;1.443;0.0;0.0;19.099;0.0;19.099;0.0
0;1;127;31.621;0.0;0.0;19.059;0.0;19.059;0.0
0;1;128;138.447;0.0;0.0;0.0;83.459;0.0;83.459
0;1;129;259.169;4.386;0.0;0.0;203.641;0.0;203.641
0;1;130;362.154;3.783;0.0;0.0;301.496;0.0;301.496
0;1;131;429.666;3.486;0.0;0.0;372.449;0.0;372.449
0;1;132;469.183;4.864;0.0;0.0;405.988;0.0;405.988
0;1;133;443.723;3.33;0.0;0.0;376.695;0.0;376.695
0;1;134;350.988;3.73;0.0;0.0;299.367;0.0;299.367
0;1;135;248.482;3.299;0.0;0.0;201.559;0.0;201.559
0;1;136;193.537;3.155;0.0;0.0;147.271;0.0;147.271
0;1;137;150.499;56.1;0.0;0.0;45.925;0.0;45.925
0;1;138;67.078;0.0;0.0;0.0;6.21;0.0;6.21
0;1;139;5.796;0.0;0.0;63.201;0.0;63.201;0.0
0;1;140;0.0;0.0;0.0;65.642;0.0;65.642;0.0
0;1;141;0.0;0.0;0.0;62.976;0.0;62.976;0.0
0;1;142;0.0;0.0;0.0;52.098;0.0;52.098;0.0
0;1;143;0.0;0.0;0.0;62.957;0.0;62.957;0.0
0;1;144;0.0;0.0;0.0;17.761;0.0;17.761;0.0
0;1;145;0.0;0.0;0.0;18.734;0.0;18.734;0.0
0;1;146;0.0;0.0;0.0;18.328;0.0;18.328;0.0
0;1;147;0.0;0.0;0.0;18.938;0.0;18.938;0.0
0;1;148;0.0;0.0;0.0;21.383;0.0;21.383;0.0
0;1;149;0.0;0.0;0.0;19.675;0.0;19.675;0.0
0;1;150;0.955;0.0;0.0;20.827;0.0;20.827;0.0
0;1;151;40.854;0.0;0.0;0.709;0.0;0.709;0.0
0;1;152;143.767;0.0;0.0;0.0;82.428;0.0;82.428
0;1;153;261.519;4.097;0.0;0.0;206.0;0.0;206.0
0;1;154;363.555;3.816;0.0;0.0;306.503;0.0;306.503
0;1;155;439.603;3.143;0.0;0.0;381.269;0.0;381.269
0;1;156;481.364;4.608;0.0;0.0;424.115;0.0;424.115
0;1;157;473.616;3.045;0.0;0.0;417.694;0.0;417.694
0;1;158;351.811;3.234;0.0;0.0;291.775;0.0;291.775
0;1;159;307.507;88.75;0.0;0.0;178.302;0.0;178.302
0;1;160;240.901;0.0;0.0;0.0;181.312;0.0;181.312
0;1;161;167.79;68.297;0.0;0.0;40.679;0.0;40.679
0;1;162;64.719;0.0;0.0;0.0;25.625;0.0;25.625
0;1;163;5.407;0.0;0.0;66.909;0.0;66.909;0.0
0;1;164;0.0;0.0;0.0;76.092;0.0;76.092;0.0
0;1;165;0.0;0.0;0.0;68.057;0.0;68.057;0.0
0;1;166;0.0;0.0;0.0;69.299;0.0;69.299;0.0
0;1;167;0.0;0.0;0.0;42.765;0.0;42.765;0.0
0;2;0;0.0;149.128;0.0;166.328;0.0;166.328;0.0
0;2;1;0.0;152.361;0.0;178.378;0.0;178.378;0.0
0;2;2;0.0;154.788;0.0;173.17;0.0;173.17;0.0
0;2;3;0.0;0.0;0.0;18.823;0.0;18.823;0.0
0;2;4;0.0;0.0;0.0;19.18;0.0;19.18;0.0
0;2;5;0.0;126.369;0.0;145.656;0.0;145.656;0.0
0;2;6;0.0;0.0;0.0;21.88;0.0;21.88;0.0
0;2;7;33.113;129.061;0.0;155.141;0.0;155.141;0.0
0;2;8;163.271;109.161;0.0;5.738;0.0;5.738;0.0
0;2;9;287.477;90.101;0.0;0.0;149.102;0.0;149.102
0;2;10;384.402;68.449;0.0;0.0;257.901;0.0;257.901
0;2;11;446.918;53.583;0.0;0.0;347.933;0.0;347.933
0;2;12;477.134;40.019;0.0;0.0;390.806;0.0;390.806
0;2;13;420.682;124.456;0.0;0.0;247.313;0.0;247.313
0;2;14;271.202;124.568;0.0;0.0;96.254;0.0;96.254
0;2;15;216.758;124.167;0.0;0.0;33.514;0.0;33.514
0;2;16;208.452;124.167;0.0;0.0;31.855;0.0;31.855
0;2;17;125.872;74.539;0.0;0.0;0.0;0.0;0.0
0;2;18;26.192;29.339;0.0;69.782;0.0;69.782;0.0
0;2;19;0.0;34.774;0.0;102.778;0.0;102.778;0.0
0;2;20;0.0;41.831;0.0;119.464;0.0;119.464;0.0
0;2;21;0.0;46.864;0.0;109.982;0.0;109.982;0.0
0;2;22;0.0;51.568;0.0;117.231;0.0;117.231;0.0
0;2;23;0.0;59.731;0.0;117.908;0.0;117.908;0.0
0;2;24;0.0;72.658;0.0;89.316;0.0;89.316;0.0
0;2;25;0.0;0.0;0.0;19.219;0.0;19.219;0.0
0;2;26;0.0;0.0;0.0;18.695;0.0;18.695;0.0
0;2;27;0.0;0.0;0.0;18.878;0.0;18.878;0.0
0;2;28;0.0;0.0;0.0;18.35;0.0;18.35;0.0
0;2;29;0.0;0.0;0.0;22.177;0.0;22.177;0.0
0;2;30;0.0;34.585;0.0;58.762;0.0;58.762;0.0
0;2;31;30.603;112.774;0.0;131.8;0.0;131.8;0.0
0;2;32;152.527;95.428;0.0;0.0;8.005;0.0;8.005
0;2;33;253.957;76.819;0.0;0.0;124.264;0.0;124.264
0;2;34;356.665;54.275;0.0;0.0;247.969;0.0;247.969
0;2;35;422.016;38.22;0.0;0.0;334.831;0.0;334.831
0;2;36;445.295;29.985;0.0;0.0;360.402;0.0;360.402
0;2;37;427.67;120.556;0.0;0.0;259.459;0.0;259.459
0;2;38;388.33;118.091;0.0;0.0;226.384;0.0;226.384
0;2;39;322.785;120.008;0.0;0.0;152.281;0.0;152.281
0;2;40;209.855;120.556;0.0;0.0;33.188;0.0;33.188
0;2;41;82.075;25.493;0.0;0.0;0.0;0.0;0.0
0;2;42;18.82;0.0;0.0;45.873;0.0;45.873;0.0
0;2;43;0.0;0.0;0.0;67.545;0.0;67.545;0.0
0;2;44;0.0;0.0;0.0;78.285;0.0;78.285;0.0
0;2;45;0.0;0.0;0.0;65.811;0.0;65.811;0.0
0;2;46;0.0;0.0;0.0;69.962;0.0;69.962;0.0
0;2;47;0.0;0.0;0.0;45.367;0.0;45.367;0.0
0;2;48;0.0;0.0;0.0;16.822;0.0;16.822;0.0
0;2;49;0.0;0.0;0.0;17.764;0.0;17.764;0.0
0;2;50;0.0;0.0;0.0;19.345;0.0;19.345;0.0
0;2;51;0.0;0.0;0.0;18.273;0.0;18.273;0.0
0;2;52;0.0;0.0;0.0;18.43;0.0;18.43;0.0
0;2;53;0.0;0.0;0.0;19.109;0.0;19.109;0.0
0;2;54;0.0;0.0;0.0;19.644;0.0;19.644;0.0
0;2;55;0.97;0.0;0.0;65.553;0.0;65.553;0.0
0;2;56;25.562;0.0;0.0;30.469;0.0;30.469;0.0
0;2;57;52.864;18.939;0.0;12.396;0.0;12.396;0.0
0;2;58;44.906;24.644;0.0;30.253;0.0;30.253;0.0
0;2;59;56.555;21.585;0.0;6.664;0.0;6.664;0.0
0;2;60;78.875;34.483;0.0;0.0;0.0;0.0;0.0
0;2;61;84.721;40.342;0.0;0.0;0.0;0.0;0.0
0;2;62;100.172;60.577;0.0;0.0;0.0;0.0;0.0
0;2;63;111.226;120.957;0.0;65.219;0.0;65.219;0.0
0;2;64;50.662;8.638;0.0;0.0;0.0;0.0;0.0
0;2;65;32.851;0.0;0.0;20.401;0.0;20.401;0.0
0;2;66;10.388;0.0;0.0;54.531;0.0;54.531;0.0
0;2;67;0.0;0.0;0.0;71.876;0.0;71.876;0.0
0;2;68;0.0;0.0;0.0;82.575;0.0;82.575;0.0
0;2;69;0.0;0.0;0.0;62.48;0.0;62.48;0.0
0;2;70;0.0;129.583;0.0;188.978;0.0;188.978;0.0
0;2;71;0.0;0.0;0.0;58.581;0.0;58.581;0.0
0;2;72;0.0;132.202;0.0;149.364;0.0;149.364;0.0
0;2;73;0.0;0.0;0.0;23.613;0.0;23.613;0.0
0;2;74;0.0;0.0;0.0;18.041;0.0;18.041;0.0
0;2;75;0.0;0.0;0.0;19.582;0.0;19.582;0.0
0;2;76;0.0;0.0;0.0;17.903;0.0;17.903;0.0
0;2;77;0.0;0.0;0.0;23.818;0.0;23.818;0.0
0;2;78;0.0;0.0;0.0;22.748;0.0;22.748;0.0
0;2;79;22.601;0.0;0.0;1.931;0.0;1.931;0.0
0;2;80;100.413;74.126;0.0;5.704;0.0;5.704;0.0
0;2;81;82.345;48.762;0.0;0.0;0.0;0.0;0.0
0;2;82;86.814;49.147;0.0;14.174;0.0;14.174;0.0
0;2;83;202.456;136.225;0.0;0.0;31.941;0.0;31.941
0;2;84;322.116;132.202;0.0;0.0;155.59;0.0;155.59
0;2;85;244.344;129.388;0.0;0.0;78.429;0.0;78.429
0;2;86;152.085;110.613;0.0;0.0;0.0;0.0;0.0
0;2;87;130.263;88.408;0.0;0.0;0.0;0.0;0.0
0;2;88;89.315;53.462;0.0;0.0;0.0;0.0;0.0
0;2;89;71.804;50.172;0.0;19.247;0.0;19.247;0.0
0;2;90;13.044;0.0;0.0;39.498;0.0;39.498;0.0
0;2;91;0.0;0.0;0.0;50.629;0.0;50.629;0.0
0;2;92;0.0;60.091;0.0;123.604;0.0;123.604;0.0
0;2;93;0.0;0.0;0.0;62.695;0.0;62.695;0.0
0;2;94;0.0;140.252;0.0;195.699;0.0;195.699;0.0
0;2;95;0.0;50.836;0.0;93.251;0.0;93.251;0.0
0;2;96;0.0;108.081;0.0;125.121;0.0;125.121;0.0
0;2;97;0.0;109.95;0.0;135.692;0.0;135.692;0.0
0;2;98;0.0;0.0;0.0;18.744;0.0;18.744;0.0
0;2;99;0.0;0.0;0.0;19.302;0.0;19.302;0.0
0;2;100;0.0;0.0;0.0;19.654;0.0;19.654;0.0
0;2;101;0.0;56.046;0.0;74.973;0.0;74.973;0.0
0;2;102;0.0;0.0;0.0;22.055;0.0;22.055;0.0
0;2;103;22.036;129.44;0.0;158.07;0.0;158.07;0.0
0;2;104;144.965;113.171;0.0;16.195;0.0;16.195;0.0
0;2;105;268.045;147.008;0.0;0.0;57.505;0.0;57.505
0;2;106;297.547;137.03;0.0;0.0;97.866;0.0;97.866
0;2;107;224.776;131.398;0.0;0.0;35.115;0.0;35.115
0;2;108;290.095;126.576;0.0;0.0;110.671;0.0;110.671
0;2;109;260.311;125.371;0.0;0.0;87.135;0.0;87.135
0;2;110;245.352;125.371;0.0;0.0;68.322;0.0;68.322
0;2;111;129.071;78.675;0.0;0.0;0.0;0.0;0.0
0;2;112;74.396;21.757;0.0;0.0;0.0;0.0;0.0
0;2;113;61.218;0.0;0.0;2.424;0.0;2.424;0.0
0;2;114;9.419;0.0;0.0;60.403;0.0;60.403;0.0
0;2;115;0.0;0.0;0.0;67.327;0.0;67.327;0.0
0;2;116;0.0;0.0;0.0;73.727;0.0;73.727;0.0
0;2;117;0.0;0.0;0.0;59.035;0.0;59.035;0.0
0;2;118;0.0;0.0;0.0;64.329;0.0;64.329;0.0
0;2;119;0.0;0.0;0.0;37.669;0.0;37.669;0.0
0;2;120;0.0;0.0;0.0;16.642;0.0;16.642;0.0
0;2;121;0.0;0.0;0.0;24.197;0.0;24.197;0.0
0;2;122;0.0;0.0;0.0;21.166;0.0;21.166;0.0
0;2;123;0.0;21.654;0.0;40.884;0.0;40.884;0.0
0;2;124;0.0;54.559;0.0;73.131;0.0;73.131;0.0
0;2;125;0.0;57.014;0.0;76.632;0.0;76.632;0.0
0;2;126;0.0;64.078;0.0;88.615;0.0;88.615;0.0
0;2;127;8.358;62.483;0.0;115.657;0.0;115.657;0.0
0;2;128;45.384;52.673;0.0;71.08;0.0;71.08;0.0
0;2;129;74.428;49.791;0.0;36.768;0.0;36.768;0.0
0;2;130;93.507;46.055;0.0;0.0;0.0;0.0;0.0
0;2;131;110.033;56.323;0.0;0.0;0.0;0.0;0.0
0;2;132;206.446;120.282;0.0;0.0;43.922;0.0;43.922
0;2;133;268.861;117.818;0.0;0.0;87.098;0.0;87.098
0;2;134;124.675;78.681;0.0;0.0;0.0;0.0;0.0
0;2;135;65.225;18.865;0.0;0.0;0.0;0.0;0.0
0;2;136;57.669;15.627;0.0;0.0;0.0;0.0;0.0
0;2;137;37.342;116.998;0.0;148.824;0.0;148.824;0.0
0;2;138;7.83;53.162;0.0;126.528;0.0;126.528;0.0
0;2;139;0.0;21.237;0.0;114.695;0.0;114.695;0.0
0;2;140;0.0;0.0;0.0;78.981;0.0;78.981;0.0
0;2;141;0.0;0.0;0.0;69.214;0.0;69.214;0.0
0;2;142;0.0;71.602;0.0;134.784;0.0;134.784;0.0
0;2;143;0.0;5.678;0.0;45.278;0.0;45.278;0.0
0;2;144;0.0;0.0;0.0;16.821;0.0;16.821;0.0
0;2;145;0.0;0.0;0.0;18.137;0.0;18.137;0.0
0;2;146;0.0;0.0;0.0;18.381;0.0;18.381;0.0
0;2;147;0.0;0.0;0.0;19.946;0.0;19.946;0.0
0;2;148;0.0;0.0;0.0;18.542;0.0;18.542;0.0
0;2;149;0.0;0.0;0.0;19.36;0.0;19.36;0.0
0;2;150;0.0;0.0;0.0;19.909;0.0;19.909;0.0
0;2;151;3.42;0.0;0.0;52.224;0.0;52.224;0.0
0;2;152;17.603;0.0;0.0;48.516;0.0;48.516;0.0
0;2;153;32.75;54.344;0.0;80.91;0.0;80.91;0.0
0;2;154;31.68;50.195;0.0;82.327;0.0;82.327;0.0
0;2;155;46.445;45.066;0.0;46.986;0.0;46.986;0.0
0;2;156;66.787;39.055;0.0;21.141;0.0;21.141;0.0
0;2;157;51.847;28.672;0.0;31.489;0.0;31.489;0.0
0;2;158;54.074;24.785;0.0;29.396;0.0;29.396;0.0
0;2;159;45.003;96.432;0.0;101.022;0.0;101.022;0.0
0;2;160;22.247;123.364;0.0;166.631;0.0;166.631;0.0
0;2;161;10.173;0.0;0.0;63.561;0.0;63.561;0.0
0;2;162;2.424;0.0;0.0;76.909;0.0;76.909;0.0
0;2;163;0.0;0.0;0.0;71.248;0.0;71.248;0.0
0;2;164;0.0;0.0;0.0;82.687;0.0;82.687;0.0
0;2;165;0.0;0.0;0.0;63.305;0.0;63.305;0.0
0;2;166;0.0;110.507;0.0;174.526;0.0;174.526;0.0
0;2;167;0.0;130.192;0.0;173.116;0.0;173.116;0.0
0;3;0;0.0;175.895;0.0;195.728;0.0;195.728;0.0
0;3;1;0.0;176.302;0.0;199.891;0.0;199.891;0.0
0;3;2;0.0;175.08;0.0;194.526;0.0;194.526;0.0
0;3;3;0.0;175.487;0.0;194.982;0.0;194.982;0.0
0;3;4;0.0;175.895;0.0;195.308;0.0;195.308;0.0
0;3;5;0.0;178.747;0.0;199.35;0.0;199.35;0.0
0;3;6;0.0;178.747;0.0;202.073;0.0;202.073;0.0
0;3;7;0.0;178.339;0.0;239.948;0.0;239.948;0.0
0;3;8;0.0;177.117;0.0;247.382;0.0;247.382;0.0
0;3;9;42.006;175.08;0.0;196.854;0.0;196.854;0.0
0;3;10;81.086;173.045;0.0;144.094;0.0;144.094;0.0
0;3;11;68.499;171.011;0.0;146.951;0.0;146.951;0.0
0;3;12;156.021;169.385;0.0;73.66;0.0;73.66;0.0
0;3;13;288.775;167.354;65.226;0.0;6.576;0.0;6.576
0;3;14;269.657;158.836;65.226;0.0;0.085;0.0;0.085
0;3;15;172.565;158.026;0.0;32.948;0.0;32.948;0.0
0;3;16;37.679;160.051;0.0;183.086;0.0;183.086;0.0
0;3;17;0.0;163.701;0.0;246.05;0.0;246.05;0.0
0;3;18;0.0;164.918;0.0;238.453;0.0;238.453;0.0
0;3;19;0.0;168.572;0.0;247.068;0.0;247.068;0.0
0;3;20;0.0;170.198;0.0;252.382;0.0;252.382;0.0
0;3;21;0.0;171.825;0.0;243.894;0.0;243.894;0.0
0;3;22;0.0;173.045;0.0;231.019;0.0;231.019;0.0
0;3;23;0.0;174.673;0.0;217.797;0.0;217.797;0.0
0;3;24;0.0;176.302;0.0;193.337;0.0;193.337;0.0
0;3;25;0.0;178.747;0.0;204.183;0.0;204.183;0.0
0;3;26;0.0;178.747;0.0;196.81;0.0;196.81;0.0
0;3;27;0.0;178.747;0.0;197.475;0.0;197.475;0.0
0;3;28;0.0;179.562;0.0;198.766;0.0;198.766;0.0
0;3;29;0.0;179.97;0.0;201.533;0.0;201.533;0.0
0;3;30;0.0;179.562;0.0;204.145;0.0;204.145;0.0
0;3;31;0.0;181.194;0.0;230.839;0.0;230.839;0.0
0;3;32;0.0;179.155;0.0;246.802;0.0;246.802;0.0
0;3;33;36.127;177.117;0.0;215.17;0.0;215.17;0.0
0;3;34;139.468;173.859;0.0;87.638;0.0;87.638;0.0
0;3;35;158.872;173.045;0.0;69.45;0.0;69.45;0.0
0;3;36;183.584;171.825;0.0;42.904;0.0;42.904;0.0
0;3;37;132.472;173.045;0.0;86.801;0.0;86.801;0.0
0;3;38;29.928;173.045;0.0;207.852;0.0;207.852;0.0
0;3;39;17.041;174.266;0.0;215.674;0.0;215.674;0.0
0;3;40;4.005;173.859;0.0;247.068;0.0;247.068;0.0
0;3;41;0.0;174.673;0.0;248.174;0.0;248.174;0.0
0;3;42;0.0;174.673;0.0;248.53;0.0;248.53;0.0
0;3;43;0.0;173.859;0.0;254.253;0.0;254.253;0.0
0;3;44;0.0;172.638;0.0;243.827;0.0;243.827;0.0
0;3;45;0.0;171.418;0.0;237.393;0.0;237.393;0.0
0;3;46;0.0;167.905;0.0;232.91;0.0;232.91;0.0
0;3;47;0.0;164.532;0.0;208.692;0.0;208.692;0.0
0;3;48;0.0;114.32;0.0;131.376;0.0;131.376;0.0
0;3;49;0.0;108.224;0.0;131.836;0.0;131.836;0.0
0;3;50;0.0;105.338;0.0;124.251;0.0;124.251;0.0
0;3;51;0.0;102.332;0.0;121.617;0.0;121.617;0.0
0;3;52;0.0;101.416;0.0;119.803;0.0;119.803;0.0
0;3;53;0.0;101.979;0.0;127.29;0.0;127.29;0.0
0;3;54;0.0;101.252;0.0;130.507;0.0;130.507;0.0
0;3;55;0.0;117.252;0.0;169.453;0.0;169.453;0.0
0;3;56;0.0;124.015;0.0;181.81;0.0;181.81;0.0
0;3;57;5.45;108.756;0.0;175.101;0.0;175.101;0.0
0;3;58;24.734;110.453;0.0;139.383;0.0;139.383;0.0
0;3;59;21.803;108.073;0.0;145.232;0.0;145.232;0.0
0;3;60;75.471;103.743;0.0;72.715;0.0;72.715;0.0
0;3;61;170.054;126.903;0.0;0.0;0.0;0.0;0.0
0;3;62;100.221;61.744;0.0;13.042;0.0;13.042;0.0
0;3;63;72.579;97.469;0.0;80.228;0.0;80.228;0.0
0;3;64;9.183;91.154;0.0;158.968;0.0;158.968;0.0
0;3;65;0.0;153.574;0.0;236.256;0.0;236.256;0.0
0;3;66;0.0;154.788;0.0;224.124;0.0;224.124;0.0
0;3;67;0.0;156.811;0.0;225.249;0.0;225.249;0.0
0;3;68;0.0;139.608;0.0;225.598;0.0;225.598;0.0
0;3;69;0.0;0.0;0.0;56.64;0.0;56.64;0.0
0;3;70;0.0;0.0;0.0;61.653;0.0;61.653;0.0
0;3;71;0.0;109.936;0.0;156.227;0.0;156.227;0.0
0;3;72;0.0;113.719;0.0;131.06;0.0;131.06;0.0
0;3;73;0.0;116.383;0.0;137.325;0.0;137.325;0.0
0;3;74;0.0;156.334;0.0;175.912;0.0;175.912;0.0
0;3;75;0.0;162.484;0.0;181.022;0.0;181.022;0.0
0;3;76;0.0;161.267;0.0;180.685;0.0;180.685;0.0
0;3;77;0.0;161.267;0.0;181.348;0.0;181.348;0.0
0;3;78;0.0;160.862;0.0;180.406;0.0;180.406;0.0
0;3;79;0.0;162.889;0.0;192.325;0.0;192.325;0.0
0;3;80;0.0;162.889;0.0;196.138;0.0;196.138;0.0
0;3;81;3.973;162.889;0.0;198.858;0.0;198.858;0.0
0;3;82;7.948;163.295;0.0;199.141;0.0;199.141;0.0
0;3;83;17.393;163.295;0.0;194.841;0.0;194.841;0.0
0;3;84;31.811;161.673;0.0;167.263;0.0;167.263;0.0
0;3;85;187.399;160.051;0.0;5.83;0.0;5.83;0.0
0;3;86;181.88;162.484;0.0;19.667;0.0;19.667;0.0
0;3;87;108.08;162.889;0.0;95.385;0.0;95.385;0.0
0;3;88;12.005;164.918;0.0;202.872;0.0;202.872;0.0
0;3;89;0.0;165.324;0.0;213.708;0.0;213.708;0.0
0;3;90;0.0;167.354;0.0;224.844;0.0;224.844;0.0
0;3;91;0.0;170.605;0.0;239.548;0.0;239.548;0.0
0;3;92;0.0;172.638;0.0;261.084;0.0;261.084;0.0
0;3;93;0.0;173.452;0.0;249.102;0.0;249.102;0.0
0;3;94;0.0;175.08;0.0;226.591;0.0;226.591;0.0
0;3;95;0.0;175.487;0.0;230.16;0.0;230.16;0.0
0;3;96;0.0;176.302;0.0;193.11;0.0;193.11;0.0
0;3;97;0.0;177.932;0.0;202.136;0.0;202.136;0.0
0;3;98;0.0;178.339;0.0;197.064;0.0;197.064;0.0
0;3;99;0.0;179.562;0.0;199.555;0.0;199.555;0.0
0;3;100;0.0;177.932;0.0;196.391;0.0;196.391;0.0
0;3;101;0.0;175.487;0.0;194.837;0.0;194.837;0.0
0;3;102;0.0;173.859;0.0;194.109;0.0;194.109;0.0
0;3;103;0.0;173.045;0.0;222.323;0.0;222.323;0.0
0;3;104;0.0;170.198;0.0;233.267;0.0;233.267;0.0
0;3;105;2.99;168.979;0.0;243.858;0.0;243.858;0.0
0;3;106;10.505;173.045;0.0;246.843;0.0;246.843;0.0
0;3;107;13.512;173.859;28.337;266.836;0.0;266.836;0.0
0;3;108;25.545;175.487;65.226;294.991;0.0;294.991;0.0
0;3;109;29.731;173.859;65.226;279.87;0.0;279.87;0.0
0;3;110;22.013;173.045;50.87;289.942;0.0;289.942;0.0
0;3;111;12.502;171.825;54.393;286.381;0.0;286.381;0.0
0;3;112;1.995;171.011;45.799;290.575;0.0;290.575;0.0
0;3;113;0.0;170.605;63.236;311.15;0.0;311.15;0.0
0;3;114;0.0;170.605;65.226;306.508;0.0;306.508;0.0
0;3;115;0.0;170.198;65.226;325.712;0.0;325.712;0.0
0;3;116;0.0;168.979;65.226;308.38;0.0;308.38;0.0
0;3;117;0.0;168.979;65.226;302.381;0.0;302.381;0.0
0;3;118;0.0;168.572;65.226;299.955;0.0;299.955;0.0
0;3;119;0.0;169.385;65.226;282.051;0.0;282.051;0.0
0;3;120;0.0;169.385;65.226;252.047;0.0;252.047;0.0
0;3;121;0.0;170.198;65.226;258.125;0.0;258.125;0.0
0;3;122;0.0;172.638;65.226;257.099;0.0;257.099;0.0
0;3;123;0.0;175.487;65.226;259.637;0.0;259.637;0.0
0;3;124;0.0;178.747;65.226;262.198;0.0;262.198;0.0
0;3;125;0.0;181.194;65.226;265.629;0.0;265.629;0.0
0;3;126;0.0;180.786;65.226;267.884;0.0;267.884;0.0
0;3;127;0.0;181.194;65.226;301.591;0.0;301.591;0.0
0;3;128;0.0;179.97;65.226;315.431;0.0;315.431;0.0
0;3;129;9.436;177.932;65.226;305.972;0.0;305.972;0.0
0;3;130;24.747;173.859;57.155;270.242;0.0;270.242;0.0
0;3;131;23.013;173.045;41.427;260.941;0.0;260.941;0.0
0;3;132;62.292;172.231;37.777;199.893;0.0;199.893;0.0
0;3;133;69.475;170.198;7.163;156.129;0.0;156.129;0.0
0;3;134;16.98;170.605;0.0;224.965;0.0;224.965;0.0
0;3;135;10.996;171.418;44.341;271.427;0.0;271.427;0.0
0;3;136;0.996;170.605;65.226;306.823;0.0;306.823;0.0
0;3;137;0.0;173.045;65.226;306.946;0.0;306.946;0.0
0;3;138;0.0;173.859;65.226;314.811;0.0;314.811;0.0
0;3;139;0.0;175.08;65.226;325.993;0.0;325.993;0.0
0;3;140;0.0;177.117;65.226;309.874;0.0;309.874;0.0
0;3;141;0.0;178.339;65.226;306.294;0.0;306.294;0.0
0;3;142;0.0;179.562;65.226;314.554;0.0;314.554;0.0
0;3;143;0.0;180.378;65.226;283.925;0.0;283.925;0.0
0;3;144;0.0;177.932;65.226;262.57;0.0;262.57;0.0
0;3;145;0.0;179.97;65.226;264.662;0.0;264.662;0.0
0;3;146;0.0;179.155;65.226;263.225;0.0;263.225;0.0
0;3;147;0.0;181.194;65.226;266.718;0.0;266.718;0.0
0;3;148;0.0;180.378;65.226;264.625;0.0;264.625;0.0
0;3;149;0.0;180.786;65.226;267.444;0.0;267.444;0.0
0;3;150;0.0;179.562;65.226;273.216;0.0;273.216;0.0
0;3;151;0.0;177.932;65.226;302.85;0.0;302.85;0.0
0;3;152;0.0;176.302;65.226;320.433;0.0;320.433;0.0
0;3;153;33.418;169.792;36.956;241.562;0.0;241.562;0.0
0;3;154;93.344;166.948;17.896;144.687;0.0;144.687;0.0
0;3;155;45.698;157.058;0.0;166.133;0.0;166.133;0.0
0;3;156;28.318;152.729;0.0;179.46;0.0;179.46;0.0
0;3;157;32.008;160.051;0.0;195.939;0.0;195.939;0.0
0;3;158;21.855;154.801;0.0;204.604;0.0;204.604;0.0
0;3;159;9.429;161.267;0.0;234.437;0.0;234.437;0.0
0;3;160;4.469;160.457;0.0;237.883;0.0;237.883;0.0
0;3;161;0.0;160.051;0.0;226.287;0.0;226.287;0.0
0;3;162;0.0;160.051;0.0;233.536;0.0;233.536;0.0
0;3;163;0.0;160.051;0.0;243.299;0.0;243.299;0.0
0;3;164;0.0;158.431;0.0;228.727;0.0;228.727;0.0
0;3;165;0.0;158.836;0.0;233.931;0.0;233.931;0.0
0;3;166;0.0;159.241;0.0;230.683;0.0;230.683;0.0
0;3;167;0.0;160.862;0.0;209.72;0.0;209.72;0.0
5;0;0;0.0;0.0;0.0;16.917;0.0;16.917;0.0
5;0;1;0.0;154.788;0.0;175.04;0.0;175.04;0.0
5;0;2;0.0;17.948;0.0;38.181;0.0;38.181;0.0
5;0;3;0.0;103.437;0.0;124.759;0.0;124.759;0.0
5;0;4;0.0;106.38;0.0;125.186;0.0;125.186;0.0
5;0;5;0.0;108.482;0.0;129.238;0.0;129.238;0.0
5;0;6;0.0;123.124;0.0;148.54;0.0;148.54;0.0
5;0;7;0.0;121.196;0.0;182.778;0.0;182.778;0.0
5;0;8;47.156;111.861;0.0;123.687;0.0;123.687;0.0
5;0;9;154.67;106.356;0.0;4.186;0.0;4.186;0.0
5;0;10;179.17;131.082;0.0;0.0;0.0;0.0;0.0
5;0;11;104.681;61.159;0.0;0.0;0.0;0.0;0.0
5;0;12;138.575;89.19;0.0;0.0;0.0;0.0;0.0
5;0;13;61.986;141.992;0.0;132.006;0.0;132.006;0.0
5;0;14;47.862;0.0;0.0;12.957;0.0;12.957;0.0
5;0;15;133.118;82.78;0.0;0.0;0.0;0.0;0.0
5;0;16;83.126;59.716;0.0;28.249;0.0;28.249;0.0
5;0;17;25.467;79.193;0.0;124.36;0.0;124.36;0.0
5;0;18;0.49;145.898;0.0;219.333;0.0;219.333;0.0
5;0;19;0.0;0.0;0.0;73.206;0.0;73.206;0.0
5;0;20;0.0;84.551;0.0;168.059;0.0;168.059;0.0
5;0;21;0.0;148.32;0.0;211.562;0.0;211.562;0.0
5;0;22;0.0;150.744;0.0;202.612;0.0;202.612;0.0
5;0;23;0.0;152.765;0.0;197.134;0.0;197.134;0.0
5;0;24;0.0;0.0;0.0;16.85;0.0;16.85;0.0
5;0;25;0.0;0.0;0.0;18.334;0.0;18.334;0.0
5;0;26;0.0;104.724;0.0;124.711;0.0;124.711;0.0
5;0;27;0.0;159.241;0.0;178.911;0.0;178.911;0.0
5;0;28;0.0;159.646;0.0;178.209;0.0;178.209;0.0
5;0;29;0.0;162.484;0.0;182.657;0.0;182.657;0.0
5;0;30;0.0;0.971;0.0;24.258;0.0;24.258;0.0
5;0;31;0.0;138.896;0.0;200.854;0.0;200.854;0.0
5;0;32;43.574;127.051;0.0;149.242;0.0;149.242;0.0
5;0;33;135.472;119.767;0.0;36.656;0.0;36.656;0.0
5;0;34;201.315;148.748;0.0;0.0;0.0;0.0;0.0
5;0;35;203.008;152.361;0.0;0.0;3.352;0.0;3.352
5;0;36;150.523;108.157;0.0;0.0;0.0;0.0;0.0
5;0;37;294.6;148.32;0.0;0.0;95.037;0.0;95.037
5;0;38;334.76;147.109;0.0;0.0;136.433;0.0;136.433
5;0;39;268.471;144.284;0.0;0.0;70.834;0.0;70.834
5;0;40;137.318;80.216;0.0;0.0;0.0;0.0;0.0
5;0;41;46.31;104.711;0.0;115.48;0.0;115.48;0.0
5;0;42;0.98;145.495;0.0;206.489;0.0;206.489;0.0
5;0;43;0.0;147.916;0.0;222.076;0.0;222.076;0.0
5;0;44;0.0;149.936;0.0;221.583;0.0;221.583;0.0
5;0;45;0.0;0.0;0.0;58.305;0.0;58.305;0.0
5;0;46;0.0;107.41;0.0;172.793;0.0;172.793;0.0
5;0;47;0.0;0.0;0.0;46.733;0.0;46.733;0.0
5;0;48;0.0;0.0;0.0;17.282;0.0;17.282;0.0
5;0;49;0.0;0.0;0.0;19.915;0.0;19.915;0.0
5;0;50;0.0;0.0;0.0;19.197;0.0;19.197;0.0
5;0;51;0.0;0.0;0.0;18.749;0.0;18.749;0.0
5;0;52;0.0;0.0;0.0;19.09;0.0;19.09;0.0
5;0;53;0.0;91.918;0.0;112.611;0.0;112.611;0.0
5;0;54;0.0;95.663;0.0;118.727;0.0;118.727;0.0
5;0;55;0.0;117.828;0.0;178.122;0.0;178.122;0.0
5;0;56;29.617;113.075;0.0;147.189;0.0;147.189;0.0
5;0;57;79.435;97.419;0.0;69.489;0.0;69.489;0.0
5;0;58;139.778;91.378;0.0;0.0;0.0;0.0;0.0
5;0;59;193.631;151.957;0.0;0.0;0.0;0.0;0.0
5;0;60;103.339;144.324;0.0;82.57;0.0;82.57;0.0
5;0;61;42.428;0.0;0.0;4.689;0.0;4.689;0.0
5;0;62;34.084;0.0;0.0;14.97;0.0;14.97;0.0
5;0;63;198.073;150.155;0.0;0.0;0.0;0.0;0.0
5;0;64;205.422;143.881;0.0;0.0;4.291;0.0;4.291
5;0;65;34.899;0.0;0.0;35.529;0.0;35.529;0.0
5;0;66;0.489;0.0;0.0;83.529;0.0;83.529;0.0
5;0;67;0.0;141.461;0.0;230.14;0.0;230.14;0.0
5;0;68;0.0;133.811;0.0;204.927;0.0;204.927;0.0
5;0;69;0.0;133.811;0.0;211.103;0.0;211.103;0.0
5;0;70;0.0;135.822;0.0;193.563;0.0;193.563;0.0
5;0;71;0.0;142.671;0.0;186.105;0.0;186.105;0.0
5;0;72;0.0;0.0;0.0;16.68;0.0;16.68;0.0
5;0;73;0.0;0.0;0.0;18.497;0.0;18.497;0.0
5;0;74;0.0;0.0;0.0;18.753;0.0;18.753;0.0
5;0;75;0.0;0.0;0.0;19.291;0.0;19.291;0.0
5;0;76;0.0;0.0;0.0;18.646;0.0;18.646;0.0
5;0;77;0.0;0.0;0.0;19.385;0.0;19.385;0.0
5;0;78;0.0;43.629;0.0;64.904;0.0;64.904;0.0
5;0;79;0.0;160.457;0.0;184.432;0.0;184.432;0.0
5;0;80;9.509;88.021;0.0;117.199;0.0;117.199;0.0
5;0;81;25.688;110.689;0.0;120.583;0.0;120.583;0.0
5;0;82;41.642;108.157;0.0;106.578;0.0;106.578;0.0
5;0;83;70.881;103.381;0.0;72.737;0.0;72.737;0.0
5;0;84;105.663;98.56;0.0;39.161;0.0;39.161;0.0
5;0;85;91.036;97.365;0.0;43.286;0.0;43.286;0.0
5;0;86;50.382;96.643;0.0;87.593;0.0;87.593;0.0
5;0;87;82.569;100.844;0.0;48.948;0.0;48.948;0.0
5;0;88;48.158;159.241;0.0;144.829;0.0;144.829;0.0
5;0;89;74.235;161.267;0.0;125.197;0.0;125.197;0.0
5;0;90;7.478;0.0;0.0;46.519;0.0;46.519;0.0
5;0;91;0.0;74.329;0.0;140.634;0.0;140.634;0.0
5;0;92;0.0;165.73;0.0;251.937;0.0;251.937;0.0
5;0;93;0.0;126.295;0.0;193.36;0.0;193.36;0.0
5;0;94;0.0;168.166;0.0;235.561;0.0;235.561;0.0
5;0;95;0.0;168.166;0.0;215.428;0.0;215.428;0.0
5;0;96;0.0;169.385;0.0;186.313;0.0;186.313;0.0
5;0;97;0.0;171.011;0.0;195.0;0.0;195.0;0.0
5;0;98;0.0;171.825;0.0;189.773;0.0;189.773;0.0
5;0;99;0.0;173.045;0.0;191.416;0.0;191.416;0.0
5;0;100;0.0;173.045;0.0;192.068;0.0;192.068;0.0
5;0;101;0.0;173.045;0.0;192.282;0.0;192.282;0.0
5;0;102;0.0;172.231;0.0;192.343;0.0;192.343;0.0
5;0;103;0.0;172.638;0.0;230.351;0.0;230.351;0.0
5;0;104;35.32;171.418;0.0;204.009;0.0;204.009;0.0
5;0;105;84.116;169.792;0.0;133.153;0.0;133.153;0.0
5;0;106;75.969;165.444;0.0;144.387;0.0;144.387;0.0
5;0;107;59.83;152.992;0.0;157.28;0.0;157.28;0.0
5;0;108;54.143;149.359;0.0;148.598;0.0;148.598;0.0
5;0;109;45.312;138.909;0.0;144.485;0.0;144.485;0.0
5;0;110;186.42;160.051;0.0;27.229;0.0;27.229;0.0
5;0;111;165.89;158.431;0.0;41.93;0.0;41.93;0.0
5;0;112;25.758;158.836;0.0;202.818;0.0;202.818;0.0
5;0;113;20.59;163.701;0.0;216.08;0.0;216.08;0.0
5;0;114;7.994;165.324;0.0;239.801;0.0;239.801;0.0
5;0;115;0.0;127.17;0.0;210.843;0.0;210.843;0.0
5;0;116;0.0;0.0;0.0;82.816;0.0;82.816;0.0
5;0;117;0.0;157.522;0.0;232.654;0.0;232.654;0.0
5;0;118;0.0;150.549;0.0;217.785;0.0;217.785;0.0
5;0;119;0.0;156.62;0.0;196.672;0.0;196.672;0.0
5;0;120;0.0;164.317;0.0;183.207;0.0;183.207;0.0
5;0;121;0.0;168.909;0.0;190.211;0.0;190.211;0.0
5;0;122;0.0;173.452;0.0;192.682;0.0;192.682;0.0
5;0;123;0.0;175.08;0.0;194.301;0.0;194.301;0.0
5;0;124;0.0;175.08;0.0;192.986;0.0;192.986;0.0
5;0;125;0.0;175.08;0.0;193.781;0.0;193.781;0.0
5;0;126;0.0;174.266;0.0;196.042;0.0;196.042;0.0
5;0;127;0.0;174.673;0.0;235.85;0.0;235.85;0.0
5;0;128;42.554;166.82;0.0;192.846;0.0;192.846;0.0
5;0;129;137.143;164.038;0.0;76.328;0.0;76.328;0.0
5;0;130;135.203;154.943;0.0;70.695;0.0;70.695;0.0
5;0;131;59.294;150.612;0.0;137.892;0.0;137.892;0.0
5;0;132;40.433;153.866;0.0;161.384;0.0;161.384;0.0
5;0;133;76.078;136.972;0.0;122.069;0.0;122.069;0.0
5;0;134;64.919;132.436;0.0;126.251;0.0;126.251;0.0
5;0;135;126.338;162.484;0.0;84.272;0.0;84.272;0.0
5;0;136;106.583;163.295;0.0;106.018;0.0;106.018;0.0
5;0;137;109.218;164.106;0.0;114.954;0.0;114.954;0.0
5;0;138;2.992;167.76;0.0;243.584;0.0;243.584;0.0
5;0;139;0.0;169.792;0.0;240.253;0.0;240.253;0.0
5;0;140;0.0;171.825;0.0;244.904;0.0;244.904;0.0
5;0;141;0.0;174.266;0.0;231.223;0.0;231.223;0.0
5;0;142;0.0;30.067;0.0;100.912;0.0;100.912;0.0
5;0;143;0.0;177.932;0.0;218.125;0.0;218.125;0.0
5;0;144;0.0;177.932;0.0;194.581;0.0;194.581;0.0
5;0;145;0.0;181.194;0.0;202.11;0.0;202.11;0.0
5;0;146;0.0;180.786;0.0;199.986;0.0;199.986;0.0
5;0;147;0.0;184.052;0.0;203.064;0.0;203.064;0.0
5;0;148;0.0;185.277;0.0;204.293;0.0;204.293;0.0
5;0;149;0.0;186.503;0.0;205.436;0.0;205.436;0.0
5;0;150;0.0;189.775;0.0;211.941;0.0;211.941;0.0
5;0;151;1.517;189.366;0.0;245.87;0.0;245.87;0.0
5;0;152;92.171;188.957;0.0;150.738;0.0;150.738;0.0
5;0;153;240.001;186.094;0.0;0.0;3.661;0.0;3.661
5;0;154;290.572;180.786;0.0;0.0;65.226;0.0;65.226
5;0;155;209.866;175.487;0.0;9.273;0.0;9.273;0.0
5;0;156;279.245;173.045;0.0;0.0;60.884;0.0;60.884
5;0;157;141.197;170.605;0.0;89.216;0.0;89.216;0.0
5;0;158;49.471;173.045;0.0;181.198;0.0;181.198;0.0
5;0;159;87.032;172.638;0.0;133.866;0.0;133.866;0.0
5;0;160;139.358;177.524;0.0;93.043;0.0;93.043;0.0
5;0;161;77.291;178.747;0.0;157.741;0.0;157.741;0.0
5;0;162;10.55;178.747;0.0;230.052;0.0;230.052;0.0
5;0;163;0.0;182.827;0.0;257.332;0.0;257.332;0.0
5;0;164;0.0;184.869;0.0;260.506;0.0;260.506;0.0
5;0;165;0.0;187.321;0.0;258.888;0.0;258.888;0.0
5;0;166;0.0;189.366;0.0;252.778;0.0;252.778;0.0
5;0;167;0.0;186.503;0.0;236.973;0.0;236.973;0.0
5;1;0;0.0;0.0;0.0;16.763;0.0;16.763;0.0
5;1;1;0.0;0.0;0.0;17.892;0.0;17.892;0.0
5;1;2;0.0;0.0;0.0;18.353;0.0;18.353;0.0
5;1;3;0.0;0.0;0.0;19.991;0.0;19.991;0.0
5;1;4;0.0;0.0;0.0;21.049;0.0;21.049;0.0
5;1;5;0.0;0.0;0.0;19.563;0.0;19.563;0.0
5;1;6;4.959;0.0;0.0;21.099;0.0;21.099;0.0
5;1;7;54.344;0.0;0.0;0.0;14.251;0.0;14.251
5;1;8;153.175;0.0;0.0;0.0;92.309;0.0;92.309
5;1;9;263.706;0.0;0.0;0.0;198.868;0.0;198.868
5;1;10;351.173;0.0;0.0;0.0;290.044;0.0;290.044
5;1;11;398.04;0.0;0.0;0.0;344.184;0.0;344.184
5;1;12;434.603;0.0;0.0;0.0;382.544;0.0;382.544
5;1;13;486.896;0.0;0.0;0.0;429.482;0.0;429.482
5;1;14;398.832;0.0;0.0;0.0;340.38;0.0;340.38
5;1;15;272.044;0.0;0.0;0.0;221.647;0.0;221.647
5;1;16;185.903;0.0;0.0;0.0;125.579;0.0;125.579
5;1;17;112.563;37.822;0.0;0.0;19.244;0.0;19.244
5;1;18;49.372;0.0;0.0;4.916;0.0;4.916;0.0
5;1;19;1.904;0.0;0.0;71.674;0.0;71.674;0.0
5;1;20;0.0;0.0;0.0;73.7;0.0;73.7;0.0
5;1;21;0.0;0.0;0.0;70.329;0.0;70.329;0.0
5;1;22;0.0;0.0;0.0;58.006;0.0;58.006;0.0
5;1;23;0.0;0.0;0.0;41.519;0.0;41.519;0.0
5;1;24;0.0;0.0;0.0;17.033;0.0;17.033;0.0
5;1;25;0.0;0.0;0.0;22.962;0.0;22.962;0.0
5;1;26;0.0;0.0;0.0;19.109;0.0;19.109;0.0
5;1;27;0.0;0.0;0.0;19.443;0.0;19.443;0.0
5;1;28;0.0;0.0;0.0;18.48;0.0;18.48;0.0
5;1;29;0.0;0.0;0.0;20.301;0.0;20.301;0.0
5;1;30;4.034;0.0;0.0;21.02;0.0;21.02;0.0
5;1;31;50.296;0.434;0.0;0.0;0.0;0.0;0.0
5;1;32;148.904;2.658;0.0;0.0;85.768;0.0;85.768
5;1;33;250.305;3.075;0.0;0.0;193.415;0.0;193.415
5;1;34;324.144;3.42;0.0;0.0;268.136;0.0;268.136
5;1;35;391.752;3.097;0.0;0.0;344.908;0.0;344.908
5;1;36;474.845;3.744;0.0;0.0;429.008;0.0;429.008
5;1;37;484.423;2.53;0.0;0.0;431.663;0.0;431.663
5;1;38;453.477;2.928;0.0;0.0;402.088;0.0;402.088
5;1;39;384.454;5.115;0.0;0.0;334.645;0.0;334.645
5;1;40;287.87;0.0;0.0;0.0;233.301;0.0;233.301
5;1;41;171.578;59.78;0.0;0.0;50.753;0.0;50.753
5;1;42;75.733;0.0;0.0;0.0;16.77;0.0;16.77
5;1;43;7.328;0.0;0.0;58.003;0.0;58.003;0.0
5;1;44;0.0;0.0;0.0;77.275;0.0;77.275;0.0
5;1;45;0.0;0.0;0.0;65.547;0.0;65.547;0.0
5;1;46;0.0;0.0;0.0;56.193;0.0;56.193;0.0
5;1;47;0.0;0.0;0.0;56.054;0.0;56.054;0.0
5;1;48;0.0;0.0;0.0;17.665;0.0;17.665;0.0
5;1;49;0.0;0.0;0.0;19.433;0.0;19.433;0.0
5;1;50;0.0;0.0;0.0;18.81;0.0;18.81;0.0
5;1;51;0.0;0.0;0.0;18.246;0.0;18.246;0.0
5;1;52;0.0;0.0;0.0;22.32;0.0;22.32;0.0
5;1;53;0.0;0.0;0.0;19.955;0.0;19.955;0.0
5;1;54;2.395;0.0;0.0;22.051;0.0;22.051;0.0
5;1;55;30.338;0.0;0.0;19.509;0.0;19.509;0.0
5;1;56;120.046;0.0;0.0;0.0;72.241;0.0;72.241
5;1;57;226.518;0.0;0.0;0.0;180.368;0.0;180.368
5;1;58;317.295;3.179;0.0;0.0;270.377;0.0;270.377
5;1;59;380.391;3.07;0.0;0.0;336.813;0.0;336.813
5;1;60;435.799;2.162;0.0;0.0;392.552;0.0;392.552
5;1;61;389.871;3.287;0.0;0.0;346.386;0.0;346.386
5;1;62;256.819;2.716;0.0;0.0;203.515;0.0;203.515
5;1;63;107.611;60.297;0.0;0.0;0.0;0.0;0.0
5;1;64;173.576;6.798;0.0;0.0;116.226;0.0;116.226
5;1;65;133.445;0.0;0.0;0.0;87.262;0.0;87.262
5;1;66;54.956;0.0;0.0;2.275;0.0;2.275;0.0
5;1;67;6.67;0.0;0.0;53.934;0.0;53.934;0.0
5;1;68;0.0;0.0;0.0;77.337;0.0;77.337;0.0
5;1;69;0.0;0.0;0.0;64.027;0.0;64.027;0.0
5;1;70;0.0;0.0;0.0;58.409;0.0;58.409;0.0
5;1;71;0.0;0.0;0.0;39.712;0.0;39.712;0.0
5;1;72;0.0;0.0;0.0;17.553;0.0;17.553;0.0
5;1;73;0.0;0.0;0.0;19.72;0.0;19.72;0.0
5;1;74;0.0;0.0;0.0;19.438;0.0;19.438;0.0
5;1;75;0.0;0.0;0.0;18.504;0.0;18.504;0.0
5;1;76;0.0;0.0;0.0;18.562;0.0;18.562;0.0
5;1;77;0.0;0.0;0.0;23.894;0.0;23.894;0.0
5;1;78;2.898;0.0;0.0;19.004;0.0;19.004;0.0
5;1;79;37.998;0.0;0.0;0.0;10.578;0.0;10.578
5;1;80;136.361;0.0;0.0;0.0;106.351;0.0;106.351
5;1;81;261.62;3.298;0.0;0.0;222.828;0.0;222.828
5;1;82;364.714;3.914;0.0;0.0;324.63;0.0;324.63
5;1;83;440.862;3.022;0.0;0.0;399.596;0.0;399.596
5;1;84;472.778;2.333;0.0;0.0;434.939;0.0;434.939
5;1;85;439.503;3.31;0.0;0.0;395.493;0.0;395.493
5;1;86;387.037;3.247;0.0;0.0;343.564;0.0;343.564
5;1;87;361.009;59.546;0.0;0.0;268.051;0.0;268.051
5;1;88;202.096;0.0;0.0;0.0;155.351;0.0;155.351
5;1;89;108.782;0.0;0.0;0.0;72.381;0.0;72.381
5;1;90;69.718;0.0;0.0;0.0;18.362;0.0;18.362
5;1;91;6.859;0.0;0.0;57.898;0.0;57.898;0.0
5;1;92;0.0;0.0;0.0;67.966;0.0;67.966;0.0
5;1;93;0.0;0.0;0.0;64.396;0.0;64.396;0.0
5;1;94;0.0;0.0;0.0;58.339;0.0;58.339;0.0
5;1;95;0.0;0.0;0.0;49.996;0.0;49.996;0.0
5;1;96;0.0;0.0;0.0;16.783;0.0;16.783;0.0
5;1;97;0.0;0.0;0.0;18.711;0.0;18.711;0.0
5;1;98;0.0;0.0;0.0;22.833;0.0;22.833;0.0
5;1;99;0.0;0.0;0.0;19.229;0.0;19.229;0.0
5;1;100;0.0;0.0;0.0;18.228;0.0;18.228;0.0
5;1;101;0.0;0.0;0.0;19.633;0.0;19.633;0.0
5;1;102;2.411;0.0;0.0;17.194;0.0;17.194;0.0
5;1;103;41.996;0.0;0.0;0.0;5.701;0.0;5.701
5;1;104;108.827;0.0;0.0;0.0;54.683;0.0;54.683
5;1;105;123.015;3.34;0.0;0.0;68.421;0.0;68.421
5;1;106;262.381;3.63;0.0;0.0;206.853;0.0;206.853
5;1;107;449.856;2.97;0.0;0.0;382.821;0.0;382.821
5;1;108;503.661;4.05;0.0;0.0;441.274;0.0;441.274
5;1;109;408.972;3.149;0.0;0.0;347.787;0.0;347.787
5;1;110;215.109;2.709;0.0;0.0;145.087;0.0;145.087
5;1;111;169.92;3.444;0.0;0.0;113.773;0.0;113.773
5;1;112;155.741;2.843;0.0;0.0;87.35;0.0;87.35
5;1;113;123.944;55.391;0.0;0.0;1.565;0.0;1.565
5;1;114;65.374;0.0;0.0;0.0;11.02;0.0;11.02
5;1;115;6.412;0.0;0.0;63.724;0.0;63.724;0.0
5;1;116;0.0;0.0;0.0;71.854;0.0;71.854;0.0
5;1;117;0.0;0.0;0.0;59.689;0.0;59.689;0.0
5;1;118;0.0;0.0;0.0;53.321;0.0;53.321;0.0
5;1;119;0.0;0.0;0.0;35.648;0.0;35.648;0.0
5;1;120;0.0;0.0;0.0;16.989;0.0;16.989;0.0
5;1;121;0.0;0.0;0.0;20.609;0.0;20.609;0.0
5;1;122;0.0;0.0;0.0;18.532;0.0;18.532;0.0
5;1;123;0.0;0.0;0.0;18.088;0.0;18.088;0.0
5;1;124;0.0;0.0;0.0;19.257;0.0;19.257;0.0
5;1;125;0.0;0.0;0.0;19.214;0.0;19.214;0.0
5;1;126;1.443;0.0;0.0;19.099;0.0;19.099;0.0
5;1;127;31.621;0.0;0.0;19.059;0.0;19.059;0.0
5;1;128;138.447;0.0;0.0;0.0;83.459;0.0;83.459
5;1;129;259.169;3.952;0.0;0.0;204.074;0.0;204.074
5;1;130;362.154;3.409;0.0;0.0;301.869;0.0;301.869
5;1;131;429.666;3.141;0.0;0.0;372.793;0.0;372.793
5;1;132;469.183;4.384;0.0;0.0;406.468;0.0;406.468
5;1;133;443.723;3.001;0.0;0.0;377.024;0.0;377.024
5;1;134;350.988;3.361;0.0;0.0;299.735;0.0;299.735
5;1;135;248.482;2.973;0.0;0.0;201.885;0.0;201.885
5;1;136;193.537;2.843;0.0;0.0;147.583;0.0;147.583
5;1;137;150.499;50.557;0.0;0.0;51.468;0.0;51.468
5;1;138;67.078;0.0;0.0;0.0;6.21;0.0;6.21
5;1;139;5.796;0.0;0.0;63.201;0.0;63.201;0.0
5;1;140;0.0;0.0;0.0;65.642;0.0;65.642;0.0
5;1;141;0.0;0.0;0.0;62.976;0.0;62.976;0.0
5;1;142;0.0;0.0;0.0;52.098;0.0;52.098;0.0
5;1;143;0.0;0.0;0.0;62.957;0.0;62.957;0.0
5;1;144;0.0;0.0;0.0;17.761;0.0;17.761;0.0
5;1;145;0.0;0.0;0.0;18.734;0.0;18.734;0.0
5;1;146;0.0;0.0;0.0;18.328;0.0;18.328;0.0
5;1;147;0.0;0.0;0.0;18.938;0.0;18.938;0.0
5;1;148;0.0;0.0;0.0;21.383;0.0;21.383;0.0
5;1;149;0.0;0.0;0.0;19.675;0.0;19.675;0.0
5;1;150;0.955;0.0;0.0;20.827;0.0;20.827;0.0
5;1;151;40.854;0.0;0.0;0.709;0.0;0.709;0.0
5;1;152;143.767;0.0;0.0;0.0;82.428;0.0;82.428
5;1;153;261.519;3.692;0.0;0.0;206.405;0.0;206.405
5;1;154;363.555;3.439;0.0;0.0;306.88;0.0;306.88
5;1;155;439.603;2.833;0.0;0.0;381.58;0.0;381.58
5;1;156;481.364;4.153;0.0;0.0;424.571;0.0;424.571
5;1;157;473.616;2.744;0.0;0.0;417.995;0.0;417.995
5;1;158;351.811;2.915;0.0;0.0;292.094;0.0;292.094
5;1;159;307.507;88.75;0.0;0.0;178.302;0.0;178.302
5;1;160;240.901;0.0;0.0;0.0;181.312;0.0;181.312
5;1;161;167.79;14.766;0.0;0.0;94.21;0.0;94.21
5;1;162;64.719;0.0;0.0;0.0;25.625;0.0;25.625
5;1;163;5.407;0.0;0.0;66.909;0.0;66.909;0.0
5;1;164;0.0;0.0;0.0;76.092;0.0;76.092;0.0
5;1;165;0.0;0.0;0.0;68.057;0.0;68.057;0.0
5;1;166;0.0;0.0;0.0;69.299;0.0;69.299;0.0
5;1;167;0.0;0.0;0.0;42.765;0.0;42.765;0.0
5;2;0;0.0;149.128;0.0;166.328;0.0;166.328;0.0
5;2;1;0.0;152.361;0.0;178.378;0.0;178.378;0.0
5;2;2;0.0;154.788;0.0;173.17;0.0;173.17;0.0
5;2;3;0.0;0.0;0.0;18.823;0.0;18.823;0.0
5;2;4;0.0;0.0;0.0;19.18;0.0;19.18;0.0
5;2;5;0.0;127.785;0.0;147.071;0.0;147.071;0.0
5;2;6;0.0;0.0;0.0;21.88;0.0;21.88;0.0
5;2;7;33.113;116.309;0.0;142.389;0.0;142.389;0.0
5;2;8;163.271;98.375;0.0;0.0;5.048;0.0;5.048
5;2;9;287.477;81.199;0.0;0.0;158.004;0.0;158.004
5;2;10;384.402;61.686;0.0;0.0;264.664;0.0;264.664
5;2;11;446.918;48.289;0.0;0.0;353.227;0.0;353.227
5;2;12;477.134;36.065;0.0;0.0;394.76;0.0;394.76
5;2;13;420.682;113.666;0.0;0.0;258.103;0.0;258.103
5;2;14;271.202;124.568;0.0;0.0;96.254;0.0;96.254
5;2;15;216.758;124.167;0.0;0.0;33.514;0.0;33.514
5;2;16;208.452;124.167;0.0;0.0;31.855;0.0;31.855
5;2;17;125.872;74.539;0.0;0.0;0.0;0.0;0.0
5;2;18;26.192;26.902;0.0;67.345;0.0;67.345;0.0
5;2;19;0.0;31.818;0.0;99.822;0.0;99.822;0.0
5;2;20;0.0;38.191;0.0;115.824;0.0;115.824;0.0
5;2;21;0.0;42.732;0.0;105.85;0.0;105.85;0.0
5;2;22;0.0;46.989;0.0;112.652;0.0;112.652;0.0
5;2;23;0.0;54.354;0.0;112.531;0.0;112.531;0.0
5;2;24;0.0;43.119;0.0;59.777;0.0;59.777;0.0
5;2;25;0.0;0.0;0.0;19.219;0.0;19.219;0.0
5;2;26;0.0;0.0;0.0;18.695;0.0;18.695;0.0
5;2;27;0.0;0.0;0.0;18.878;0.0;18.878;0.0
5;2;28;0.0;0.0;0.0;18.35;0.0;18.35;0.0
5;2;29;0.0;0.0;0.0;22.177;0.0;22.177;0.0
5;2;30;0.0;0.0;0.0;24.177;0.0;24.177;0.0
5;2;31;30.603;101.631;0.0;120.657;0.0;120.657;0.0
5;2;32;152.527;85.999;0.0;0.0;17.434;0.0;17.434
5;2;33;253.957;69.229;0.0;0.0;131.854;0.0;131.854
5;2;34;356.665;48.912;0.0;0.0;253.332;0.0;253.332
5;2;35;422.016;34.444;0.0;0.0;338.607;0.0;338.607
5;2;36;445.295;23.272;0.0;0.0;367.115;0.0;367.115
5;2;37;427.67;118.571;0.0;0.0;261.444;0.0;261.444
5;2;38;388.33;118.091;0.0;0.0;226.384;0.0;226.384
5;2;39;322.785;120.008;0.0;0.0;152.281;0.0;152.281
5;2;40;209.855;120.556;0.0;0.0;33.188;0.0;33.188
5;2;41;82.075;25.493;0.0;0.0;0.0;0.0;0.0
5;2;42;18.82;0.0;0.0;45.873;0.0;45.873;0.0
5;2;43;0.0;0.0;0.0;67.545;0.0;67.545;0.0
5;2;44;0.0;0.0;0.0;78.285;0.0;78.285;0.0
5;2;45;0.0;0.0;0.0;65.811;0.0;65.811;0.0
5;2;46;0.0;0.0;0.0;69.962;0.0;69.962;0.0
5;2;47;0.0;0.0;0.0;45.367;0.0;45.367;0.0
5;2;48;0.0;0.0;0.0;16.822;0.0;16.822;0.0
5;2;49;0.0;0.0;0.0;17.764;0.0;17.764;0.0
5;2;50;0.0;0.0;0.0;19.345;0.0;19.345;0.0
5;2;51;0.0;0.0;0.0;18.273;0.0;18.273;0.0
5;2;52;0.0;0.0;0.0;18.43;0.0;18.43;0.0
5;2;53;0.0;0.0;0.0;19.109;0.0;19.109;0.0
5;2;54;0.0;0.0;0.0;19.644;0.0;19.644;0.0
5;2;55;0.97;0.0;0.0;65.553;0.0;65.553;0.0
5;2;56;25.562;0.0;0.0;30.469;0.0;30.469;0.0
5;2;57;52.864;6.543;0.0;0.0;0.0;0.0;0.0
5;2;58;44.906;0.0;0.0;5.609;0.0;5.609;0.0
5;2;59;56.555;14.921;0.0;0.0;0.0;0.0;0.0
5;2;60;78.875;34.483;0.0;0.0;0.0;0.0;0.0
5;2;61;84.721;40.342;0.0;0.0;0.0;0.0;0.0
5;2;62;100.172;60.577;0.0;0.0;0.0;0.0;0.0
5;2;63;111.226;120.957;0.0;65.219;0.0;65.219;0.0
5;2;64;50.662;8.638;0.0;0.0;0.0;0.0;0.0
5;2;65;32.851;0.0;0.0;20.401;0.0;20.401;0.0
5;2;66;10.388;0.0;0.0;54.531;0.0;54.531;0.0
5;2;67;0.0;0.0;0.0;71.876;0.0;71.876;0.0
5;2;68;0.0;0.0;0.0;82.575;0.0;82.575;0.0
5;2;69;0.0;0.0;0.0;62.48;0.0;62.48;0.0
5;2;70;0.0;77.008;0.0;136.404;0.0;136.404;0.0
5;2;71;0.0;0.0;0.0;58.581;0.0;58.581;0.0
5;2;72;0.0;132.202;0.0;149.364;0.0;149.364;0.0
5;2;73;0.0;0.0;0.0;23.613;0.0;23.613;0.0
5;2;74;0.0;0.0;0.0;18.041;0.0;18.041;0.0
5;2;75;0.0;0.0;0.0;19.582;0.0;19.582;0.0
5;2;76;0.0;0.0;0.0;17.903;0.0;17.903;0.0
5;2;77;0.0;0.0;0.0;23.818;0.0;23.818;0.0
5;2;78;0.0;0.0;0.0;22.748;0.0;22.748;0.0
5;2;79;22.601;0.0;0.0;1.931;0.0;1.931;0.0
5;2;80;100.413;68.422;0.0;0.0;0.0;0.0;0.0
5;2;81;82.345;48.762;0.0;0.0;0.0;0.0;0.0
5;2;82;86.814;38.065;0.0;3.092;0.0;3.092;0.0
5;2;83;202.456;136.225;0.0;0.0;31.941;0.0;31.941
5;2;84;322.116;132.202;0.0;0.0;155.59;0.0;155.59
5;2;85;244.344;129.388;0.0;0.0;78.429;0.0;78.429
5;2;86;152.085;110.613;0.0;0.0;0.0;0.0;0.0
5;2;87;130.263;88.408;0.0;0.0;0.0;0.0;0.0
5;2;88;89.315;53.462;0.0;0.0;0.0;0.0;0.0
5;2;89;71.804;30.924;0.0;0.0;0.0;0.0;0.0
5;2;90;13.044;0.0;0.0;39.498;0.0;39.498;0.0
5;2;91;0.0;0.0;0.0;50.629;0.0;50.629;0.0
5;2;92;0.0;42.745;0.0;106.257;0.0;106.257;0.0
5;2;93;0.0;0.0;0.0;62.695;0.0;62.695;0.0
5;2;94;0.0;140.252;0.0;195.699;0.0;195.699;0.0
5;2;95;0.0;46.328;0.0;88.743;0.0;88.743;0.0
5;2;96;0.0;97.925;0.0;114.965;0.0;114.965;0.0
5;2;97;0.0;97.046;0.0;122.789;0.0;122.789;0.0
5;2;98;0.0;0.0;0.0;18.744;0.0;18.744;0.0
5;2;99;0.0;0.0;0.0;19.302;0.0;19.302;0.0
5;2;100;0.0;0.0;0.0;19.654;0.0;19.654;0.0
5;2;101;0.0;0.0;0.0;18.927;0.0;18.927;0.0
5;2;102;0.0;0.0;0.0;22.055;0.0;22.055;0.0
5;2;103;22.036;116.651;0.0;145.28;0.0;145.28;0.0
5;2;104;144.965;101.989;0.0;5.013;0.0;5.013;0.0
5;2;105;268.045;104.244;0.0;0.0;100.269;0.0;100.269
5;2;106;297.547;137.03;0.0;0.0;97.866;0.0;97.866
5;2;107;224.776;131.398;0.0;0.0;35.115;0.0;35.115
5;2;108;290.095;126.576;0.0;0.0;110.671;0.0;110.671
5;2;109;260.311;125.371;0.0;0.0;87.135;0.0;87.135
5;2;110;245.352;125.371;0.0;0.0;68.322;0.0;68.322
5;2;111;129.071;78.675;0.0;0.0;0.0;0.0;0.0
5;2;112;74.396;21.757;0.0;0.0;0.0;0.0;0.0
5;2;113;61.218;0.0;0.0;2.424;0.0;2.424;0.0
5;2;114;9.419;0.0;0.0;60.403;0.0;60.403;0.0
5;2;115;0.0;0.0;0.0;67.327;0.0;67.327;0.0
5;2;116;0.0;0.0;0.0;73.727;0.0;73.727;0.0
5;2;117;0.0;0.0;0.0;59.035;0.0;59.035;0.0
5;2;118;0.0;0.0;0.0;64.329;0.0;64.329;0.0
5;2;119;0.0;0.0;0.0;37.669;0.0;37.669;0.0
5;2;120;0.0;0.0;0.0;16.642;0.0;16.642;0.0
5;2;121;0.0;0.0;0.0;24.197;0.0;24.197;0.0
5;2;122;0.0;0.0;0.0;21.166;0.0;21.166;0.0
5;2;123;0.0;0.0;0.0;19.23;0.0;19.23;0.0
5;2;124;0.0;24.039;0.0;42.611;0.0;42.611;0.0
5;2;125;0.0;51.381;0.0;70.999;0.0;70.999;0.0
5;2;126;0.0;57.747;0.0;82.284;0.0;82.284;0.0
5;2;127;8.358;56.31;0.0;109.483;0.0;109.483;0.0
5;2;128;45.384;47.469;0.0;65.876;0.0;65.876;0.0
5;2;129;74.428;44.871;0.0;31.848;0.0;31.848;0.0
5;2;130;93.507;46.055;0.0;0.0;0.0;0.0;0.0
5;2;131;110.033;56.323;0.0;0.0;0.0;0.0;0.0
5;2;132;206.446;120.282;0.0;0.0;43.922;0.0;43.922
5;2;133;268.861;117.818;0.0;0.0;87.098;0.0;87.098
5;2;134;124.675;78.681;0.0;0.0;0.0;0.0;0.0
5;2;135;65.225;18.865;0.0;0.0;0.0;0.0;0.0
5;2;136;57.669;15.627;0.0;0.0;0.0;0.0;0.0
5;2;137;37.342;116.998;0.0;148.824;0.0;148.824;0.0
5;2;138;7.83;37.219;0.0;110.585;0.0;110.585;0.0
5;2;139;0.0;19.572;0.0;113.03;0.0;113.03;0.0
5;2;140;0.0;0.0;0.0;78.981;0.0;78.981;0.0
5;2;141;0.0;0.0;0.0;69.214;0.0;69.214;0.0
5;2;142;0.0;26.13;0.0;89.311;0.0;89.311;0.0
5;2;143;0.0;0.0;0.0;39.6;0.0;39.6;0.0
5;2;144;0.0;0.0;0.0;16.821;0.0;16.821;0.0
5;2;145;0.0;0.0;0.0;18.137;0.0;18.137;0.0
5;2;146;0.0;0.0;0.0;18.381;0.0;18.381;0.0
5;2;147;0.0;0.0;0.0;19.946;0.0;19.946;0.0
5;2;148;0.0;0.0;0.0;18.542;0.0;18.542;0.0
5;2;149;0.0;0.0;0.0;19.36;0.0;19.36;0.0
5;2;150;0.0;0.0;0.0;19.909;0.0;19.909;0.0
5;2;151;3.42;0.0;0.0;52.224;0.0;52.224;0.0
5;2;152;17.603;0.0;0.0;48.516;0.0;48.516;0.0
5;2;153;32.75;48.975;0.0;75.54;0.0;75.54;0.0
5;2;154;31.68;45.236;0.0;77.367;0.0;77.367;0.0
5;2;155;46.445;40.613;0.0;42.533;0.0;42.533;0.0
5;2;156;66.787;35.196;0.0;17.282;0.0;17.282;0.0
5;2;157;51.847;25.839;0.0;28.656;0.0;28.656;0.0
5;2;158;54.074;22.336;0.0;26.947;0.0;26.947;0.0
5;2;159;45.003;74.712;0.0;79.302;0.0;79.302;0.0
5;2;160;22.247;123.364;0.0;166.631;0.0;166.631;0.0
5;2;161;10.173;0.0;0.0;63.561;0.0;63.561;0.0
5;2;162;2.424;0.0;0.0;76.909;0.0;76.909;0.0
5;2;163;0.0;0.0;0.0;71.248;0.0;71.248;0.0
5;2;164;0.0;0.0;0.0;82.687;0.0;82.687;0.0
5;2;165;0.0;0.0;0.0;63.305;0.0;63.305;0.0
5;2;166;0.0;34.256;0.0;98.275;0.0;98.275;0.0
5;2;167;0.0;130.192;0.0;173.116;0.0;173.116;0.0
5;3;0;0.0;49.166;0.0;68.999;0.0;68.999;0.0
5;3;1;0.0;176.302;0.0;199.891;0.0;199.891;0.0
5;3;2;0.0;175.08;0.0;194.526;0.0;194.526;0.0
5;3;3;0.0;175.487;0.0;194.982;0.0;194.982;0.0
5;3;4;0.0;175.895;0.0;195.308;0.0;195.308;0.0
5;3;5;0.0;178.747;0.0;199.35;0.0;199.35;0.0
5;3;6;0.0;178.747;0.0;202.073;0.0;202.073;0.0
5;3;7;0.0;178.339;0.0;239.948;0.0;239.948;0.0
5;3;8;0.0;177.117;0.0;247.382;0.0;247.382;0.0
5;3;9;42.006;170.886;0.0;192.66;0.0;192.66;0.0
5;3;10;81.086;167.363;0.0;138.412;0.0;138.412;0.0
5;3;11;68.499;158.789;0.0;134.729;0.0;134.729;0.0
5;3;12;156.021;151.919;0.0;56.193;0.0;56.193;0.0
5;3;13;288.775;167.354;0.0;0.0;71.802;0.0;71.802
5;3;14;269.657;158.836;0.0;0.0;65.311;0.0;65.311
5;3;15;172.565;158.026;0.0;32.948;0.0;32.948;0.0
5;3;16;37.679;160.051;0.0;183.086;0.0;183.086;0.0
5;3;17;0.0;163.701;0.0;246.05;0.0;246.05;0.0
5;3;18;0.0;164.918;0.0;238.453;0.0;238.453;0.0
5;3;19;0.0;0.0;0.0;78.495;0.0;78.495;0.0
5;3;20;0.0;40.987;0.0;123.17;0.0;123.17;0.0
5;3;21;0.0;147.474;0.0;219.543;0.0;219.543;0.0
5;3;22;0.0;173.045;0.0;231.019;0.0;231.019;0.0
5;3;23;0.0;174.673;0.0;217.797;0.0;217.797;0.0
5;3;24;0.0;176.302;0.0;193.337;0.0;193.337;0.0
5;3;25;0.0;138.817;0.0;164.253;0.0;164.253;0.0
5;3;26;0.0;178.747;0.0;196.81;0.0;196.81;0.0
5;3;27;0.0;178.747;0.0;197.475;0.0;197.475;0.0
5;3;28;0.0;179.562;0.0;198.766;0.0;198.766;0.0
5;3;29;0.0;179.97;0.0;201.533;0.0;201.533;0.0
5;3;30;0.0;179.562;0.0;204.145;0.0;204.145;0.0
5;3;31;0.0;181.194;0.0;230.839;0.0;230.839;0.0
5;3;32;0.0;179.155;0.0;246.802;0.0;246.802;0.0
5;3;33;36.127;174.577;0.0;212.63;0.0;212.63;0.0
5;3;34;139.468;167.931;0.0;81.71;0.0;81.71;0.0
5;3;35;158.872;159.735;0.0;56.14;0.0;56.14;0.0
5;3;36;183.584;155.414;0.0;26.493;0.0;26.493;0.0
5;3;37;132.472;150.766;0.0;64.522;0.0;64.522;0.0
5;3;38;29.928;150.305;0.0;185.111;0.0;185.111;0.0
5;3;39;17.041;154.882;0.0;196.29;0.0;196.29;0.0
5;3;40;4.005;151.412;0.0;224.622;0.0;224.622;0.0
5;3;41;0.0;156.076;0.0;229.577;0.0;229.577;0.0
5;3;42;0.0;165.413;0.0;239.271;0.0;239.271;0.0
5;3;43;0.0;165.765;0.0;246.16;0.0;246.16;0.0
5;3;44;0.0;166.959;0.0;238.148;0.0;238.148;0.0
5;3;45;0.0;160.634;0.0;226.609;0.0;226.609;0.0
5;3;46;0.0;151.314;0.0;216.32;0.0;216.32;0.0
5;3;47;0.0;148.275;0.0;192.435;0.0;192.435;0.0
5;3;48;0.0;103.024;0.0;120.08;0.0;120.08;0.0
5;3;49;0.0;97.531;0.0;121.143;0.0;121.143;0.0
5;3;50;0.0;94.93;0.0;113.843;0.0;113.843;0.0
5;3;51;0.0;92.221;0.0;111.506;0.0;111.506;0.0
5;3;52;0.0;91.395;0.0;109.782;0.0;109.782;0.0
5;3;53;0.0;91.903;0.0;117.214;0.0;117.214;0.0
5;3;54;0.0;91.247;0.0;120.503;0.0;120.503;0.0
5;3;55;0.0;105.667;0.0;157.867;0.0;157.867;0.0
5;3;56;0.0;111.761;0.0;169.557;0.0;169.557;0.0
5;3;57;5.45;98.011;0.0;164.355;0.0;164.355;0.0
5;3;58;24.734;99.539;0.0;128.47;0.0;128.47;0.0
5;3;59;21.803;97.395;0.0;134.554;0.0;134.554;0.0
5;3;60;75.471;93.493;0.0;62.465;0.0;62.465;0.0
5;3;61;170.054;126.903;0.0;0.0;0.0;0.0;0.0
5;3;62;100.221;48.702;0.0;0.0;0.0;0.0;0.0
5;3;63;72.579;82.627;0.0;65.386;0.0;65.386;0.0
5;3;64;9.183;82.148;0.0;149.961;0.0;149.961;0.0
5;3;65;0.0;153.574;0.0;236.256;0.0;236.256;0.0
5;3;66;0.0;154.788;0.0;224.124;0.0;224.124;0.0
5;3;67;0.0;156.811;0.0;225.249;0.0;225.249;0.0
5;3;68;0.0;79.785;0.0;165.774;0.0;165.774;0.0
5;3;69;0.0;0.0;0.0;56.64;0.0;56.64;0.0
5;3;70;0.0;0.0;0.0;61.653;0.0;61.653;0.0
5;3;71;0.0;99.074;0.0;145.365;0.0;145.365;0.0
5;3;72;0.0;102.483;0.0;119.824;0.0;119.824;0.0
5;3;73;0.0;104.884;0.0;125.825;0.0;125.825;0.0
5;3;74;0.0;107.033;0.0;126.611;0.0;126.611;0.0
5;3;75;0.0;111.281;0.0;129.819;0.0;129.819;0.0
5;3;76;0.0;110.005;0.0;129.422;0.0;129.422;0.0
5;3;77;0.0;111.435;0.0;131.516;0.0;131.516;0.0
5;3;78;0.0;160.862;0.0;180.406;0.0;180.406;0.0
5;3;79;0.0;86.454;0.0;115.89;0.0;115.89;0.0
5;3;80;0.0;137.492;0.0;170.74;0.0;170.74;0.0
5;3;81;3.973;120.342;0.0;156.311;0.0;156.311;0.0
5;3;82;7.948;120.02;0.0;155.866;0.0;155.866;0.0
5;3;83;17.393;118.999;0.0;150.545;0.0;150.545;0.0
5;3;84;31.811;113.746;0.0;119.336;0.0;119.336;0.0
5;3;85;187.399;160.051;0.0;5.83;0.0;5.83;0.0
5;3;86;181.88;162.484;0.0;19.667;0.0;19.667;0.0
5;3;87;108.08;162.889;0.0;95.385;0.0;95.385;0.0
5;3;88;12.005;164.918;0.0;202.872;0.0;202.872;0.0
5;3;89;0.0;165.324;0.0;213.708;0.0;213.708;0.0
5;3;90;0.0;167.354;0.0;224.844;0.0;224.844;0.0
5;3;91;0.0;170.605;0.0;239.548;0.0;239.548;0.0
5;3;92;0.0;133.971;0.0;222.417;0.0;222.417;0.0
5;3;93;0.0;173.452;0.0;249.102;0.0;249.102;0.0
5;3;94;0.0;175.08;0.0;226.591;0.0;226.591;0.0
5;3;95;0.0;175.487;0.0;230.16;0.0;230.16;0.0
5;3;96;0.0;176.302;0.0;193.11;0.0;193.11;0.0
5;3;97;0.0;177.932;0.0;202.136;0.0;202.136;0.0
5;3;98;0.0;178.339;0.0;197.064;0.0;197.064;0.0
5;3;99;0.0;179.562;0.0;199.555;0.0;199.555;0.0
5;3;100;0.0;177.932;0.0;196.391;0.0;196.391;0.0
5;3;101;0.0;175.487;0.0;194.837;0.0;194.837;0.0
5;3;102;0.0;173.859;0.0;194.109;0.0;194.109;0.0
5;3;103;0.0;173.045;0.0;222.323;0.0;222.323;0.0
5;3;104;0.0;170.198;0.0;233.267;0.0;233.267;0.0
5;3;105;2.99;168.979;0.0;243.858;0.0;243.858;0.0
5;3;106;10.505;173.045;0.0;246.843;0.0;246.843;0.0
5;3;107;13.512;173.859;0.0;238.5;0.0;238.5;0.0
5;3;108;25.545;175.487;0.0;229.765;0.0;229.765;0.0
5;3;109;29.731;173.859;0.0;214.644;0.0;214.644;0.0
5;3;110;22.013;173.045;0.0;239.072;0.0;239.072;0.0
5;3;111;12.502;171.825;0.0;231.988;0.0;231.988;0.0
5;3;112;1.995;171.011;0.0;244.777;0.0;244.777;0.0
5;3;113;0.0;170.605;0.0;247.914;0.0;247.914;0.0
5;3;114;0.0;170.605;0.0;241.282;0.0;241.282;0.0
5;3;115;0.0;170.198;0.0;260.486;0.0;260.486;0.0
5;3;116;0.0;168.979;0.0;243.154;0.0;243.154;0.0
5;3;117;0.0;168.979;0.0;237.155;0.0;237.155;0.0
5;3;118;0.0;168.572;0.0;234.729;0.0;234.729;0.0
5;3;119;0.0;169.385;0.0;216.825;0.0;216.825;0.0
5;3;120;0.0;169.385;0.0;186.821;0.0;186.821;0.0
5;3;121;0.0;170.198;0.0;192.899;0.0;192.899;0.0
5;3;122;0.0;172.638;0.0;191.873;0.0;191.873;0.0
5;3;123;0.0;175.487;0.0;194.411;0.0;194.411;0.0
5;3;124;0.0;178.747;0.0;196.972;0.0;196.972;0.0
5;3;125;0.0;181.194;0.0;200.403;0.0;200.403;0.0
5;3;126;0.0;180.786;0.0;202.658;0.0;202.658;0.0
5;3;127;0.0;181.194;0.0;236.365;0.0;236.365;0.0
5;3;128;0.0;179.97;0.0;250.205;0.0;250.205;0.0
5;3;129;9.436;177.932;0.0;240.746;0.0;240.746;0.0
5;3;130;24.747;173.859;0.0;213.087;0.0;213.087;0.0
5;3;131;23.013;173.045;0.0;219.514;0.0;219.514;0.0
5;3;132;62.292;172.231;0.0;162.116;0.0;162.116;0.0
5;3;133;69.475;170.198;0.0;148.967;0.0;148.967;0.0
5;3;134;16.98;170.605;0.0;224.965;0.0;224.965;0.0
5;3;135;10.996;171.418;0.0;227.086;0.0;227.086;0.0
5;3;136;0.996;170.605;0.0;241.597;0.0;241.597;0.0
5;3;137;0.0;173.045;0.0;241.72;0.0;241.72;0.0
5;3;138;0.0;173.859;0.0;249.585;0.0;249.585;0.0
5;3;139;0.0;175.08;0.0;260.767;0.0;260.767;0.0
5;3;140;0.0;177.117;0.0;244.648;0.0;244.648;0.0
5;3;141;0.0;178.339;0.0;241.068;0.0;241.068;0.0
5;3;142;0.0;179.562;0.0;249.328;0.0;249.328;0.0
5;3;143;0.0;180.378;0.0;218.699;0.0;218.699;0.0
5;3;144;0.0;177.932;0.0;197.344;0.0;197.344;0.0
5;3;145;0.0;179.97;0.0;199.436;0.0;199.436;0.0
5;3;146;0.0;179.155;0.0;197.999;0.0;197.999;0.0
5;3;147;0.0;181.194;0.0;201.492;0.0;201.492;0.0
5;3;148;0.0;180.378;0.0;199.399;0.0;199.399;0.0
5;3;149;0.0;180.786;0.0;202.218;0.0;202.218;0.0
5;3;150;0.0;179.562;0.0;207.99;0.0;207.99;0.0
5;3;151;0.0;177.932;0.0;237.624;0.0;237.624;0.0
5;3;152;0.0;176.302;0.0;255.207;0.0;255.207;0.0
5;3;153;33.418;164.083;0.0;198.898;0.0;198.898;0.0
5;3;154;93.344;155.722;0.0;115.565;0.0;115.565;0.0
5;3;155;45.698;141.54;0.0;150.615;0.0;150.615;0.0
5;3;156;28.318;137.638;0.0;164.369;0.0;164.369;0.0
5;3;157;32.008;160.051;0.0;195.939;0.0;195.939;0.0
5;3;158;21.855;95.41;0.0;145.213;0.0;145.213;0.0
5;3;159;9.429;126.33;0.0;199.5;0.0;199.5;0.0
5;3;160;4.469;123.589;0.0;201.015;0.0;201.015;0.0
5;3;161;0.0;124.318;0.0;190.553;0.0;190.553;0.0
5;3;162;0.0;132.22;0.0;205.704;0.0;205.704;0.0
5;3;163;0.0;130.905;0.0;214.152;0.0;214.152;0.0
5;3;164;0.0;137.904;0.0;208.2;0.0;208.2;0.0
5;3;165;0.0;158.836;0.0;233.931;0.0;233.931;0.0
5;3;166;0.0;159.241;0.0;230.683;0.0;230.683;0.0
5;3;167;0.0;160.862;0.0;209.72;0.0;209.72;0.0
10;0;0;0.0;0.0;0.0;16.917;0.0;16.917;0.0
10;0;1;0.0;98.963;0.0;119.215;0.0;119.215;0.0
10;0;2;0.0;0.0;0.0;20.233;0.0;20.233;0.0
10;0;3;0.0;94.847;0.0;116.169;0.0;116.169;0.0
10;0;4;0.0;97.545;0.0;116.351;0.0;116.351;0.0
10;0;5;0.0;99.473;0.0;120.229;0.0;120.229;0.0
10;0;6;0.0;112.899;0.0;138.315;0.0;138.315;0.0
10;0;7;0.0;111.131;0.0;172.713;0.0;172.713;0.0
10;0;8;47.156;102.571;0.0;114.397;0.0;114.397;0.0
10;0;9;154.67;102.17;0.0;0.0;0.0;0.0;0.0
10;0;10;179.17;131.082;0.0;0.0;0.0;0.0;0.0
10;0;11;104.681;61.159;0.0;0.0;0.0;0.0;0.0
10;0;12;138.575;89.19;0.0;0.0;0.0;0.0;0.0
10;0;13;61.986;104.006;0.0;94.019;0.0;94.019;0.0
10;0;14;47.862;0.0;0.0;12.957;0.0;12.957;0.0
10;0;15;133.118;82.78;0.0;0.0;0.0;0.0;0.0
10;0;16;83.126;48.044;0.0;16.577;0.0;16.577;0.0
10;0;17;25.467;60.455;0.0;105.622;0.0;105.622;0.0
10;0;18;0.49;145.898;0.0;219.333;0.0;219.333;0.0
10;0;19;0.0;0.0;0.0;73.206;0.0;73.206;0.0
10;0;20;0.0;77.485;0.0;160.993;0.0;160.993;0.0
10;0;21;0.0;148.32;0.0;211.562;0.0;211.562;0.0
10;0;22;0.0;150.744;0.0;202.612;0.0;202.612;0.0
10;0;23;0.0;152.765;0.0;197.134;0.0;197.134;0.0
10;0;24;0.0;0.0;0.0;16.85;0.0;16.85;0.0
10;0;25;0.0;0.0;0.0;18.334;0.0;18.334;0.0
10;0;26;0.0;58.109;0.0;78.096;0.0;78.096;0.0
10;0;27;0.0;159.241;0.0;178.911;0.0;178.911;0.0
10;0;28;0.0;159.646;0.0;178.209;0.0;178.209;0.0
10;0;29;0.0;162.484;0.0;182.657;0.0;182.657;0.0
10;0;30;0.0;0.0;0.0;23.287;0.0;23.287;0.0
10;0;31;0.0;88.087;0.0;150.045;0.0;150.045;0.0
10;0;32;43.574;116.5;0.0;138.69;0.0;138.69;0.0
10;0;33;135.472;109.821;0.0;26.71;0.0;26.71;0.0
10;0;34;201.315;148.748;0.0;0.0;0.0;0.0;0.0
10;0;35;203.008;152.361;0.0;0.0;3.352;0.0;3.352
10;0;36;150.523;108.157;0.0;0.0;0.0;0.0;0.0
10;0;37;294.6;148.32;0.0;0.0;95.037;0.0;95.037
10;0;38;334.76;147.109;0.0;0.0;136.433;0.0;136.433
10;0;39;268.471;144.284;0.0;0.0;70.834;0.0;70.834
10;0;40;137.318;80.216;0.0;0.0;0.0;0.0;0.0
10;0;41;46.31;32.72;0.0;43.488;0.0;43.488;0.0
10;0;42;0.98;145.495;0.0;206.489;0.0;206.489;0.0
10;0;43;0.0;147.916;0.0;222.076;0.0;222.076;0.0
10;0;44;0.0;149.936;0.0;221.583;0.0;221.583;0.0
10;0;45;0.0;0.0;0.0;58.305;0.0;58.305;0.0
10;0;46;0.0;52.846;0.0;118.229;0.0;118.229;0.0
10;0;47;0.0;0.0;0.0;46.733;0.0;46.733;0.0
10;0;48;0.0;0.0;0.0;17.282;0.0;17.282;0.0
10;0;49;0.0;0.0;0.0;19.915;0.0;19.915;0.0
10;0;50;0.0;0.0;0.0;19.197;0.0;19.197;0.0
10;0;51;0.0;0.0;0.0;18.749;0.0;18.749;0.0
10;0;52;0.0;0.0;0.0;19.09;0.0;19.09;0.0
10;0;53;0.0;84.284;0.0;104.978;0.0;104.978;0.0
10;0;54;0.0;87.718;0.0;110.783;0.0;110.783;0.0
10;0;55;0.0;108.043;0.0;168.337;0.0;168.337;0.0
10;0;56;29.617;103.684;0.0;137.798;0.0;137.798;0.0
10;0;57;79.435;89.328;0.0;61.398;0.0;61.398;0.0
10;0;58;139.778;91.378;0.0;0.0;0.0;0.0;0.0
10;0;59;193.631;151.957;0.0;0.0;0.0;0.0;0.0
10;0;60;103.339;112.952;0.0;51.197;0.0;51.197;0.0
10;0;61;42.428;0.0;0.0;4.689;0.0;4.689;0.0
10;0;62;34.084;0.0;0.0;14.97;0.0;14.97;0.0
10;0;63;198.073;150.155;0.0;0.0;0.0;0.0;0.0
10;0;64;205.422;143.881;0.0;0.0;4.291;0.0;4.291
10;0;65;34.899;0.0;0.0;35.529;0.0;35.529;0.0
10;0;66;0.489;0.0;0.0;83.529;0.0;83.529;0.0
10;0;67;0.0;115.618;0.0;204.297;0.0;204.297;0.0
10;0;68;0.0;133.811;0.0;204.927;0.0;204.927;0.0
10;0;69;0.0;133.811;0.0;211.103;0.0;211.103;0.0
10;0;70;0.0;135.822;0.0;193.563;0.0;193.563;0.0
10;0;71;0.0;142.671;0.0;186.105;0.0;186.105;0.0
10;0;72;0.0;0.0;0.0;16.68;0.0;16.68;0.0
10;0;73;0.0;0.0;0.0;18.497;0.0;18.497;0.0
10;0;74;0.0;0.0;0.0;18.753;0.0;18.753;0.0
10;0;75;0.0;0.0;0.0;19.291;0.0;19.291;0.0
10;0;76;0.0;0.0;0.0;18.646;0.0;18.646;0.0
10;0;77;0.0;0.0;0.0;19.385;0.0;19.385;0.0
10;0;78;0.0;0.0;0.0;21.275;0.0;21.275;0.0
10;0;79;0.0;160.457;0.0;184.432;0.0;184.432;0.0
10;0;80;9.509;50.073;0.0;79.251;0.0;79.251;0.0
10;0;81;25.688;101.497;0.0;111.391;0.0;111.391;0.0
10;0;82;41.642;99.175;0.0;97.596;0.0;97.596;0.0
10;0;83;70.881;94.795;0.0;64.151;0.0;64.151;0.0
10;0;84;105.663;90.375;0.0;30.975;0.0;30.975;0.0
10;0;85;91.036;89.279;0.0;35.2;0.0;35.2;0.0
10;0;86;50.382;88.617;0.0;79.567;0.0;79.567;0.0
10;0;87;82.569;92.469;0.0;40.573;0.0;40.573;0.0
10;0;88;48.158;159.241;0.0;144.829;0.0;144.829;0.0
10;0;89;74.235;161.267;0.0;125.197;0.0;125.197;0.0
10;0;90;7.478;0.0;0.0;46.519;0.0;46.519;0.0
10;0;91;0.0;41.443;0.0;107.749;0.0;107.749;0.0
10;0;92;0.0;165.73;0.0;251.937;0.0;251.937;0.0
10;0;93;0.0;38.9;0.0;105.964;0.0;105.964;0.0
10;0;94;0.0;110.247;0.0;177.642;0.0;177.642;0.0
10;0;95;0.0;129.788;0.0;177.05;0.0;177.05;0.0
10;0;96;0.0;169.385;0.0;186.313;0.0;186.313;0.0
10;0;97;0.0;171.011;0.0;195.0;0.0;195.0;0.0
10;0;98;0.0;171.825;0.0;189.773;0.0;189.773;0.0
10;0;99;0.0;173.045;0.0;191.416;0.0;191.416;0.0
10;0;100;0.0;173.045;0.0;192.068;0.0;192.068;0.0
10;0;101;0.0;173.045;0.0;192.282;0.0;192.282;0.0
10;0;102;0.0;172.231;0.0;192.343;0.0;192.343;0.0
10;0;103;0.0;172.638;0.0;230.351;0.0;230.351;0.0
10;0;104;35.32;164.805;0.0;197.396;0.0;197.396;0.0
10;0;105;84.116;160.093;0.0;123.455;0.0;123.455;0.0
10;0;106;75.969;151.704;0.0;130.647;0.0;130.647;0.0
10;0;107;59.83;140.286;0.0;144.574;0.0;144.574;0.0
10;0;108;54.143;136.955;0.0;136.194;0.0;136.194;0.0
10;0;109;45.312;127.373;0.0;132.949;0.0;132.949;0.0
10;0;110;186.42;160.051;0.0;27.229;0.0;27.229;0.0
10;0;111;165.89;158.431;0.0;41.93;0.0;41.93;0.0
10;0;112;25.758;158.836;0.0;202.818;0.0;202.818;0.0
10;0;113;20.59;163.701;0.0;216.08;0.0;216.08;0.0
10;0;114;7.994;165.324;0.0;239.801;0.0;239.801;0.0
10;0;115;0.0;48.355;0.0;132.029;0.0;132.029;0.0
10;0;116;0.0;0.0;0.0;82.816;0.0;82.816;0.0
10;0;117;0.0;144.44;0.0;219.573;0.0;219.573;0.0
10;0;118;0.0;138.047;0.0;205.283;0.0;205.283;0.0
10;0;119;0.0;143.613;0.0;183.665;0.0;183.665;0.0
10;0;120;0.0;150.671;0.0;169.561;0.0;169.561;0.0
10;0;121;0.0;150.534;0.0;171.836;0.0;171.836;0.0
10;0;122;0.0;151.566;0.0;170.796;0.0;170.796;0.0
10;0;123;0.0;155.529;0.0;174.751;0.0;174.751;0.0
10;0;124;0.0;157.815;0.0;175.721;0.0;175.721;0.0
10;0;125;0.0;159.286;0.0;177.987;0.0;177.987;0.0
10;0;126;0.0;172.172;0.0;193.948;0.0;193.948;0.0
10;0;127;0.0;167.827;0.0;229.004;0.0;229.004;0.0
10;0;128;42.554;152.966;0.0;178.991;0.0;178.991;0.0
10;0;129;137.143;150.415;0.0;62.705;0.0;62.705;0.0
10;0;130;135.203;142.075;0.0;57.827;0.0;57.827;0.0
10;0;131;59.294;138.104;0.0;125.384;0.0;125.384;0.0
10;0;132;40.433;141.088;0.0;148.606;0.0;148.606;0.0
10;0;133;76.078;125.597;0.0;110.694;0.0;110.694;0.0
10;0;134;64.919;121.438;0.0;115.252;0.0;115.252;0.0
10;0;135;126.338;162.484;0.0;84.272;0.0;84.272;0.0
10;0;136;106.583;163.295;0.0;106.018;0.0;106.018;0.0
10;0;137;109.218;164.106;0.0;114.954;0.0;114.954;0.0
10;0;138;2.992;167.76;0.0;243.584;0.0;243.584;0.0
10;0;139;0.0;169.792;0.0;240.253;0.0;240.253;0.0
10;0;140;0.0;171.825;0.0;244.904;0.0;244.904;0.0
10;0;141;0.0;150.934;0.0;207.89;0.0;207.89;0.0
10;0;142;0.0;0.0;0.0;70.845;0.0;70.845;0.0
10;0;143;0.0;0.0;0.0;40.193;0.0;40.193;0.0
10;0;144;0.0;177.932;0.0;194.581;0.0;194.581;0.0
10;0;145;0.0;143.95;0.0;164.866;0.0;164.866;0.0
10;0;146;0.0;180.786;0.0;199.986;0.0;199.986;0.0
10;0;147;0.0;184.052;0.0;203.064;0.0;203.064;0.0
10;0;148;0.0;185.277;0.0;204.293;0.0;204.293;0.0
10;0;149;0.0;186.503;0.0;205.436;0.0;205.436;0.0
10;0;150;0.0;189.775;0.0;211.941;0.0;211.941;0.0
10;0;151;1.517;189.366;0.0;245.87;0.0;245.87;0.0
10;0;152;92.171;188.957;0.0;150.738;0.0;150.738;0.0
10;0;153;240.001;186.094;0.0;0.0;3.661;0.0;3.661
10;0;154;290.572;180.786;0.0;0.0;65.226;0.0;65.226
10;0;155;209.866;166.215;0.0;0.0;0.0;0.0;0.0
10;0;156;279.245;173.045;0.0;0.0;60.884;0.0;60.884
10;0;157;141.197;170.605;0.0;89.216;0.0;89.216;0.0
10;0;158;49.471;173.045;0.0;181.198;0.0;181.198;0.0
10;0;159;87.032;172.638;0.0;133.866;0.0;133.866;0.0
10;0;160;139.358;177.524;0.0;93.043;0.0;93.043;0.0
10;0;161;77.291;178.747;0.0;157.741;0.0;157.741;0.0
10;0;162;10.55;178.747;0.0;230.052;0.0;230.052;0.0
10;0;163;0.0;182.827;0.0;257.332;0.0;257.332;0.0
10;0;164;0.0;184.869;0.0;260.506;0.0;260.506;0.0
10;0;165;0.0;187.321;0.0;258.888;0.0;258.888;0.0
10;0;166;0.0;61.783;0.0;125.195;0.0;125.195;0.0
10;0;167;0.0;186.503;0.0;236.973;0.0;236.973;0.0
10;1;0;0.0;0.0;0.0;16.763;0.0;16.763;0.0
10;1;1;0.0;0.0;0.0;17.892;0.0;17.892;0.0
10;1;2;0.0;0.0;0.0;18.353;0.0;18.353;0.0
10;1;3;0.0;0.0;0.0;19.991;0.0;19.991;0.0
10;1;4;0.0;0.0;0.0;21.049;0.0;21.049;0.0
10;1;5;0.0;0.0;0.0;19.563;0.0;19.563;0.0
10;1;6;4.959;0.0;0.0;21.099;0.0;21.099;0.0
10;1;7;54.344;0.0;0.0;0.0;14.251;0.0;14.251
10;1;8;153.175;0.0;0.0;0.0;92.309;0.0;92.309
10;1;9;263.706;0.0;0.0;0.0;198.868;0.0;198.868
10;1;10;351.173;0.0;0.0;0.0;290.044;0.0;290.044
10;1;11;398.04;0.0;0.0;0.0;344.184;0.0;344.184
10;1;12;434.603;0.0;0.0;0.0;382.544;0.0;382.544
10;1;13;486.896;0.0;0.0;0.0;429.482;0.0;429.482
10;1;14;398.832;0.0;0.0;0.0;340.38;0.0;340.38
10;1;15;272.044;0.0;0.0;0.0;221.647;0.0;221.647
10;1;16;185.903;0.0;0.0;0.0;125.579;0.0;125.579
10;1;17;112.563;0.0;0.0;0.0;57.066;0.0;57.066
10;1;18;49.372;0.0;0.0;4.916;0.0;4.916;0.0
10;1;19;1.904;0.0;0.0;71.674;0.0;71.674;0.0
10;1;20;0.0;0.0;0.0;73.7;0.0;73.7;0.0
10;1;21;0.0;0.0;0.0;70.329;0.0;70.329;0.0
10;1;22;0.0;0.0;0.0;58.006;0.0;58.006;0.0
10;1;23;0.0;0.0;0.0;41.519;0.0;41.519;0.0
10;1;24;0.0;0.0;0.0;17.033;0.0;17.033;0.0
10;1;25;0.0;0.0;0.0;22.962;0.0;22.962;0.0
10;1;26;0.0;0.0;0.0;19.109;0.0;19.109;0.0
10;1;27;0.0;0.0;0.0;19.443;0.0;19.443;0.0
10;1;28;0.0;0.0;0.0;18.48;0.0;18.48;0.0
10;1;29;0.0;0.0;0.0;20.301;0.0;20.301;0.0
10;1;30;4.034;0.0;0.0;21.02;0.0;21.02;0.0
10;1;31;50.296;0.434;0.0;0.0;0.0;0.0;0.0
10;1;32;148.904;2.437;0.0;0.0;85.989;0.0;85.989
10;1;33;250.305;2.819;0.0;0.0;193.671;0.0;193.671
10;1;34;324.144;3.136;0.0;0.0;268.42;0.0;268.42
10;1;35;391.752;2.84;0.0;0.0;345.165;0.0;345.165
10;1;36;474.845;3.433;0.0;0.0;429.319;0.0;429.319
10;1;37;484.423;2.32;0.0;0.0;431.873;0.0;431.873
10;1;38;453.477;2.685;0.0;0.0;402.331;0.0;402.331
10;1;39;384.454;4.69;0.0;0.0;335.07;0.0;335.07
10;1;40;287.87;0.0;0.0;0.0;233.301;0.0;233.301
10;1;41;171.578;54.816;0.0;0.0;55.718;0.0;55.718
10;1;42;75.733;0.0;0.0;0.0;16.77;0.0;16.77
10;1;43;7.328;0.0;0.0;58.003;0.0;58.003;0.0
10;1;44;0.0;0.0;0.0;77.275;0.0;77.275;0.0
10;1;45;0.0;0.0;0.0;65.547;0.0;65.547;0.0
10;1;46;0.0;0.0;0.0;56.193;0.0;56.193;0.0
10;1;47;0.0;0.0;0.0;56.054;0.0;56.054;0.0
10;1;48;0.0;0.0;0.0;17.665;0.0;17.665;0.0
10;1;49;0.0;0.0;0.0;19.433;0.0;19.433;0.0
10;1;50;0.0;0.0;0.0;18.81;0.0;18.81;0.0
10;1;51;0.0;0.0;0.0;18.246;0.0;18.246;0.0
10;1;52;0.0;0.0;0.0;22.32;0.0;22.32;0.0
10;1;53;0.0;0.0;0.0;19.955;0.0;19.955;0.0
10;1;54;2.395;0.0;0.0;22.051;0.0;22.051;0.0
10;1;55;30.338;0.0;0.0;19.509;0.0;19.509;0.0
10;1;56;120.046;0.0;0.0;0.0;72.241;0.0;72.241
10;1;57;226.518;0.0;0.0;0.0;180.368;0.0;180.368
10;1;58;317.295;2.915;0.0;0.0;270.641;0.0;270.641
10;1;59;380.391;2.815;0.0;0.0;337.068;0.0;337.068
10;1;60;435.799;1.982;0.0;0.0;392.732;0.0;392.732
10;1;61;389.871;3.014;0.0;0.0;346.659;0.0;346.659
10;1;62;256.819;2.491;0.0;0.0;203.741;0.0;203.741
10;1;63;107.611;60.297;0.0;0.0;0.0;0.0;0.0
10;1;64;173.576;1.205;0.0;0.0;121.819;0.0;121.819
10;1;65;133.445;0.0;0.0;0.0;87.262;0.0;87.262
10;1;66;54.956;0.0;0.0;2.275;0.0;2.275;0.0
10;1;67;6.67;0.0;0.0;53.934;0.0;53.934;0.0
10;1;68;0.0;0.0;0.0;77.337;0.0;77.337;0.0
10;1;69;0.0;0.0;0.0;64.027;0.0;64.027;0.0
10;1;70;0.0;0.0;0.0;58.409;0.0;58.409;0.0
10;1;71;0.0;0.0;0.0;39.712;0.0;39.712;0.0
10;1;72;0.0;0.0;0.0;17.553;0.0;17.553;0.0
10;1;73;0.0;0.0;0.0;19.72;0.0;19.72;0.0
10;1;74;0.0;0.0;0.0;19.438;0.0;19.438;0.0
10;1;75;0.0;0.0;0.0;18.504;0.0;18.504;0.0
10;1;76;0.0;0.0;0.0;18.562;0.0;18.562;0.0
10;1;77;0.0;0.0;0.0;23.894;0.0;23.894;0.0
10;1;78;2.898;0.0;0.0;19.004;0.0;19.004;0.0
10;1;79;37.998;0.0;0.0;0.0;10.578;0.0;10.578
10;1;80;136.361;0.0;0.0;0.0;106.351;0.0;106.351
10;1;81;261.62;3.024;0.0;0.0;223.102;0.0;223.102
10;1;82;364.714;3.589;0.0;0.0;324.955;0.0;324.955
10;1;83;440.862;2.771;0.0;0.0;399.847;0.0;399.847
10;1;84;472.778;2.14;0.0;0.0;435.133;0.0;435.133
10;1;85;439.503;3.035;0.0;0.0;395.768;0.0;395.768
10;1;86;387.037;2.978;0.0;0.0;343.834;0.0;343.834
10;1;87;361.009;54.601;0.0;0.0;272.996;0.0;272.996
10;1;88;202.096;0.0;0.0;0.0;155.351;0.0;155.351
10;1;89;108.782;0.0;0.0;0.0;72.381;0.0;72.381
10;1;90;69.718;0.0;0.0;0.0;18.362;0.0;18.362
10;1;91;6.859;0.0;0.0;57.898;0.0;57.898;0.0
10;1;92;0.0;0.0;0.0;67.966;0.0;67.966;0.0
10;1;93;0.0;0.0;0.0;64.396;0.0;64.396;0.0
10;1;94;0.0;0.0;0.0;58.339;0.0;58.339;0.0
10;1;95;0.0;0.0;0.0;49.996;0.0;49.996;0.0
10;1;96;0.0;0.0;0.0;16.783;0.0;16.783;0.0
10;1;97;0.0;0.0;0.0;18.711;0.0;18.711;0.0
10;1;98;0.0;0.0;0.0;22.833;0.0;22.833;0.0
10;1;99;0.0;0.0;0.0;19.229;0.0;19.229;0.0
10;1;100;0.0;0.0;0.0;18.228;0.0;18.228;0.0
10;1;101;0.0;0.0;0.0;19.633;0.0;19.633;0.0
10;1;102;2.411;0.0;0.0;17.194;0.0;17.194;0.0
10;1;103;41.996;0.0;0.0;0.0;5.701;0.0;5.701
10;1;104;108.827;0.0;0.0;0.0;54.683;0.0;54.683
10;1;105;123.015;3.063;0.0;0.0;68.698;0.0;68.698
10;1;106;262.381;3.328;0.0;0.0;207.155;0.0;207.155
10;1;107;449.856;2.723;0.0;0.0;383.068;0.0;383.068
10;1;108;503.661;3.713;0.0;0.0;441.61;0.0;441.61
10;1;109;408.972;2.887;0.0;0.0;348.048;0.0;348.048
10;1;110;215.109;2.484;0.0;0.0;145.312;0.0;145.312
10;1;111;169.92;3.158;0.0;0.0;114.059;0.0;114.059
10;1;112;155.741;2.607;0.0;0.0;87.586;0.0;87.586
10;1;113;123.944;50.791;0.0;0.0;6.165;0.0;6.165
10;1;114;65.374;0.0;0.0;0.0;11.02;0.0;11.02
10;1;115;6.412;0.0;0.0;63.724;0.0;63.724;0.0
10;1;116;0.0;0.0;0.0;71.854;0.0;71.854;0.0
10;1;117;0.0;0.0;0.0;59.689;0.0;59.689;0.0
10;1;118;0.0;0.0;0.0;53.321;0.0;53.321;0.0
10;1;119;0.0;0.0;0.0;35.648;0.0;35.648;0.0
10;1;120;0.0;0.0;0.0;16.989;0.0;16.989;0.0
10;1;121;0.0;0.0;0.0;20.609;0.0;20.609;0.0
10;1;122;0.0;0.0;0.0;18.532;0.0;18.532;0.0
10;1;123;0.0;0.0;0.0;18.088;0.0;18.088;0.0
10;1;124;0.0;0.0;0.0;19.257;0.0;19.257;0.0
10;1;125;0.0;0.0;0.0;19.214;0.0;19.214;0.0
10;1;126;1.443;0.0;0.0;19.099;0.0;19.099;0.0
10;1;127;31.621;0.0;0.0;19.059;0.0;19.059;0.0
10;1;128;138.447;0.0;0.0;0.0;83.459;0.0;83.459
10;1;129;259.169;3.624;0.0;0.0;204.403;0.0;204.403
10;1;130;362.154;3.126;0.0;0.0;302.152;0.0;302.152
10;1;131;429.666;2.88;0.0;0.0;373.054;0.0;373.054
10;1;132;469.183;4.02;0.0;0.0;406.833;0.0;406.833
10;1;133;443.723;2.752;0.0;0.0;377.274;0.0;377.274
10;1;134;350.988;3.082;0.0;0.0;300.014;0.0;300.014
10;1;135;248.482;2.726;0.0;0.0;202.132;0.0;202.132
10;1;136;193.537;2.607;0.0;0.0;147.819;0.0;147.819
10;1;137;150.499;46.358;0.0;0.0;55.667;0.0;55.667
10;1;138;67.078;0.0;0.0;0.0;6.21;0.0;6.21
10;1;139;5.796;0.0;0.0;63.201;0.0;63.201;0.0
10;1;140;0.0;0.0;0.0;65.642;0.0;65.642;0.0
10;1;141;0.0;0.0;0.0;62.976;0.0;62.976;0.0
10;1;142;0.0;0.0;0.0;52.098;0.0;52.098;0.0
10;1;143;0.0;0.0;0.0;62.957;0.0;62.957;0.0
10;1;144;0.0;0.0;0.0;17.761;0.0;17.761;0.0
10;1;145;0.0;0.0;0.0;18.734;0.0;18.734;0.0
10;1;146;0.0;0.0;0.0;18.328;0.0;18.328;0.0
10;1;147;0.0;0.0;0.0;18.938;0.0;18.938;0.0
10;1;148;0.0;0.0;0.0;21.383;0.0;21.383;0.0
10;1;149;0.0;0.0;0.0;19.675;0.0;19.675;0.0
10;1;150;0.955;0.0;0.0;20.827;0.0;20.827;0.0
10;1;151;40.854;0.0;0.0;0.709;0.0;0.709;0.0
10;1;152;143.767;0.0;0.0;0.0;82.428;0.0;82.428
10;1;153;261.519;3.385;0.0;0.0;206.712;0.0;206.712
10;1;154;363.555;3.154;0.0;0.0;307.166;0.0;307.166
10;1;155;439.603;2.597;0.0;0.0;381.815;0.0;381.815
10;1;156;481.364;3.808;0.0;0.0;424.915;0.0;424.915
10;1;157;473.616;2.516;0.0;0.0;418.223;0.0;418.223
10;1;158;351.811;2.672;0.0;0.0;292.336;0.0;292.336
10;1;159;307.507;88.75;0.0;0.0;178.302;0.0;178.302
10;1;160;240.901;0.0;0.0;0.0;181.312;0.0;181.312
10;1;161;167.79;43.806;0.0;0.0;65.17;0.0;65.17
10;1;162;64.719;0.0;0.0;0.0;25.625;0.0;25.625
10;1;163;5.407;0.0;0.0;66.909;0.0;66.909;0.0
10;1;164;0.0;0.0;0.0;76.092;0.0;76.092;0.0
10;1;165;0.0;0.0;0.0;68.057;0.0;68.057;0.0
10;1;166;0.0;0.0;0.0;69.299;0.0;69.299;0.0
10;1;167;0.0;0.0;0.0;42.765;0.0;42.765;0.0
10;2;0;0.0;149.128;0.0;166.328;0.0;166.328;0.0
10;2;1;0.0;152.361;0.0;178.378;0.0;178.378;0.0
10;2;2;0.0;154.788;0.0;173.17;0.0;173.17;0.0
10;2;3;0.0;0.0;0.0;18.823;0.0;18.823;0.0
10;2;4;0.0;0.0;0.0;19.18;0.0;19.18;0.0
10;2;5;0.0;20.176;0.0;39.462;0.0;39.462;0.0
10;2;6;0.0;0.0;0.0;21.88;0.0;21.88;0.0
10;2;7;33.113;106.65;0.0;132.729;0.0;132.729;0.0
10;2;8;163.271;90.205;0.0;0.0;13.218;0.0;13.218
10;2;9;287.477;74.455;0.0;0.0;164.748;0.0;164.748
10;2;10;384.402;56.563;0.0;0.0;269.787;0.0;269.787
10;2;11;446.918;44.278;0.0;0.0;357.237;0.0;357.237
10;2;12;477.134;33.07;0.0;0.0;397.755;0.0;397.755
10;2;13;420.682;105.494;0.0;0.0;266.276;0.0;266.276
10;2;14;271.202;124.568;0.0;0.0;96.254;0.0;96.254
10;2;15;216.758;124.167;0.0;0.0;33.514;0.0;33.514
10;2;16;208.452;124.167;0.0;0.0;31.855;0.0;31.855
10;2;17;125.872;74.539;0.0;0.0;0.0;0.0;0.0
10;2;18;26.192;25.057;0.0;65.5;0.0;65.5;0.0
10;2;19;0.0;29.579;0.0;97.583;0.0;97.583;0.0
10;2;20;0.0;35.434;0.0;113.067;0.0;113.067;0.0
10;2;21;0.0;39.603;0.0;102.72;0.0;102.72;0.0
10;2;22;0.0;43.52;0.0;109.183;0.0;109.183;0.0
10;2;23;0.0;45.23;0.0;103.407;0.0;103.407;0.0
10;2;24;0.0;0.0;0.0;16.659;0.0;16.659;0.0
10;2;25;0.0;0.0;0.0;19.219;0.0;19.219;0.0
10;2;26;0.0;0.0;0.0;18.695;0.0;18.695;0.0
10;2;27;0.0;0.0;0.0;18.878;0.0;18.878;0.0
10;2;28;0.0;0.0;0.0;18.35;0.0;18.35;0.0
10;2;29;0.0;0.0;0.0;22.177;0.0;22.177;0.0
10;2;30;0.0;0.0;0.0;24.177;0.0;24.177;0.0
10;2;31;30.603;93.191;0.0;112.217;0.0;112.217;0.0
10;2;32;152.527;78.857;0.0;0.0;24.576;0.0;24.576
10;2;33;253.957;63.479;0.0;0.0;137.604;0.0;137.604
10;2;34;356.665;44.85;0.0;0.0;257.394;0.0;257.394
10;2;35;422.016;31.583;0.0;0.0;341.468;0.0;341.468
10;2;36;445.295;21.339;0.0;0.0;369.048;0.0;369.048
10;2;37;427.67;113.967;0.0;0.0;266.048;0.0;266.048
10;2;38;388.33;118.091;0.0;0.0;226.384;0.0;226.384
10;2;39;322.785;120.008;0.0;0.0;152.281;0.0;152.281
10;2;40;209.855;120.556;0.0;0.0;33.188;0.0;33.188
10;2;41;82.075;25.493;0.0;0.0;0.0;0.0;0.0
10;2;42;18.82;0.0;0.0;45.873;0.0;45.873;0.0
10;2;43;0.0;0.0;0.0;67.545;0.0;67.545;0.0
10;2;44;0.0;0.0;0.0;78.285;0.0;78.285;0.0
10;2;45;0.0;0.0;0.0;65.811;0.0;65.811;0.0
10;2;46;0.0;0.0;0.0;69.962;0.0;69.962;0.0
10;2;47;0.0;0.0;0.0;45.367;0.0;45.367;0.0
10;2;48;0.0;0.0;0.0;16.822;0.0;16.822;0.0
10;2;49;0.0;0.0;0.0;17.764;0.0;17.764;0.0
10;2;50;0.0;0.0;0.0;19.345;0.0;19.345;0.0
10;2;51;0.0;0.0;0.0;18.273;0.0;18.273;0.0
10;2;52;0.0;0.0;0.0;18.43;0.0;18.43;0.0
10;2;53;0.0;0.0;0.0;19.109;0.0;19.109;0.0
10;2;54;0.0;0.0;0.0;19.644;0.0;19.644;0.0
10;2;55;0.97;0.0;0.0;65.553;0.0;65.553;0.0
10;2;56;25.562;0.0;0.0;30.469;0.0;30.469;0.0
10;2;57;52.864;6.543;0.0;0.0;0.0;0.0;0.0
10;2;58;44.906;0.0;0.0;5.609;0.0;5.609;0.0
10;2;59;56.555;14.921;0.0;0.0;0.0;0.0;0.0
10;2;60;78.875;34.483;0.0;0.0;0.0;0.0;0.0
10;2;61;84.721;40.342;0.0;0.0;0.0;0.0;0.0
10;2;62;100.172;60.577;0.0;0.0;0.0;0.0;0.0
10;2;63;111.226;120.957;0.0;65.219;0.0;65.219;0.0
10;2;64;50.662;8.638;0.0;0.0;0.0;0.0;0.0
10;2;65;32.851;0.0;0.0;20.401;0.0;20.401;0.0
10;2;66;10.388;0.0;0.0;54.531;0.0;54.531;0.0
10;2;67;0.0;0.0;0.0;71.876;0.0;71.876;0.0
10;2;68;0.0;0.0;0.0;82.575;0.0;82.575;0.0
10;2;69;0.0;0.0;0.0;62.48;0.0;62.48;0.0
10;2;70;0.0;7.018;0.0;66.414;0.0;66.414;0.0
10;2;71;0.0;0.0;0.0;58.581;0.0;58.581;0.0
10;2;72;0.0;132.202;0.0;149.364;0.0;149.364;0.0
10;2;73;0.0;0.0;0.0;23.613;0.0;23.613;0.0
10;2;74;0.0;0.0;0.0;18.041;0.0;18.041;0.0
10;2;75;0.0;0.0;0.0;19.582;0.0;19.582;0.0
10;2;76;0.0;0.0;0.0;17.903;0.0;17.903;0.0
10;2;77;0.0;0.0;0.0;23.818;0.0;23.818;0.0
10;2;78;0.0;0.0;0.0;22.748;0.0;22.748;0.0
10;2;79;22.601;0.0;0.0;1.931;0.0;1.931;0.0
10;2;80;100.413;68.422;0.0;0.0;0.0;0.0;0.0
10;2;81;82.345;38.921;0.0;0.0;9.841;0.0;9.841
10;2;82;86.814;34.973;0.0;0.0;0.0;0.0;0.0
10;2;83;202.456;119.819;0.0;0.0;48.347;0.0;48.347
10;2;84;322.116;132.202;0.0;0.0;155.59;0.0;155.59
10;2;85;244.344;129.388;0.0;0.0;78.429;0.0;78.429
10;2;86;152.085;110.613;0.0;0.0;0.0;0.0;0.0
10;2;87;130.263;88.408;0.0;0.0;0.0;0.0;0.0
10;2;88;89.315;53.462;0.0;0.0;0.0;0.0;0.0
10;2;89;71.804;30.924;0.0;0.0;0.0;0.0;0.0
10;2;90;13.044;0.0;0.0;39.498;0.0;39.498;0.0
10;2;91;0.0;0.0;0.0;50.629;0.0;50.629;0.0
10;2;92;0.0;29.606;0.0;93.118;0.0;93.118;0.0
10;2;93;0.0;0.0;0.0;62.695;0.0;62.695;0.0
10;2;94;0.0;140.252;0.0;195.699;0.0;195.699;0.0
10;2;95;0.0;42.913;0.0;85.328;0.0;85.328;0.0
10;2;96;0.0;90.233;0.0;107.273;0.0;107.273;0.0
10;2;97;0.0;44.944;0.0;70.686;0.0;70.686;0.0
10;2;98;0.0;0.0;0.0;18.744;0.0;18.744;0.0
10;2;99;0.0;0.0;0.0;19.302;0.0;19.302;0.0
10;2;100;0.0;0.0;0.0;19.654;0.0;19.654;0.0
10;2;101;0.0;0.0;0.0;18.927;0.0;18.927;0.0
10;2;102;0.0;0.0;0.0;22.055;0.0;22.055;0.0
10;2;103;22.036;106.963;0.0;135.592;0.0;135.592;0.0
10;2;104;144.965;93.519;0.0;0.0;3.457;0.0;3.457
10;2;105;268.045;79.815;0.0;0.0;124.698;0.0;124.698
10;2;106;297.547;129.707;0.0;0.0;105.189;0.0;105.189
10;2;107;224.776;131.398;0.0;0.0;35.115;0.0;35.115
10;2;108;290.095;126.576;0.0;0.0;110.671;0.0;110.671
10;2;109;260.311;125.371;0.0;0.0;87.135;0.0;87.135
10;2;110;245.352;125.371;0.0;0.0;68.322;0.0;68.322
10;2;111;129.071;78.675;0.0;0.0;0.0;0.0;0.0
10;2;112;74.396;21.757;0.0;0.0;0.0;0.0;0.0
10;2;113;61.218;0.0;0.0;2.424;0.0;2.424;0.0
10;2;114;9.419;0.0;0.0;60.403;0.0;60.403;0.0
10;2;115;0.0;0.0;0.0;67.327;0.0;67.327;0.0
10;2;116;0.0;0.0;0.0;73.727;0.0;73.727;0.0
10;2;117;0.0;0.0;0.0;59.035;0.0;59.035;0.0
10;2;118;0.0;0.0;0.0;64.329;0.0;64.329;0.0
10;2;119;0.0;0.0;0.0;37.669;0.0;37.669;0.0
10;2;120;0.0;0.0;0.0;16.642;0.0;16.642;0.0
10;2;121;0.0;0.0;0.0;24.197;0.0;24.197;0.0
10;2;122;0.0;0.0;0.0;21.166;0.0;21.166;0.0
10;2;123;0.0;0.0;0.0;19.23;0.0;19.23;0.0
10;2;124;0.0;0.0;0.0;18.572;0.0;18.572;0.0
10;2;125;0.0;31.811;0.0;51.429;0.0;51.429;0.0
10;2;126;0.0;52.951;0.0;77.488;0.0;77.488;0.0
10;2;127;8.358;51.633;0.0;104.807;0.0;104.807;0.0
10;2;128;45.384;43.526;0.0;61.934;0.0;61.934;0.0
10;2;129;74.428;41.145;0.0;28.121;0.0;28.121;0.0
10;2;130;93.507;46.055;0.0;0.0;0.0;0.0;0.0
10;2;131;110.033;56.323;0.0;0.0;0.0;0.0;0.0
10;2;132;206.446;120.282;0.0;0.0;43.922;0.0;43.922
10;2;133;268.861;117.818;0.0;0.0;87.098;0.0;87.098
10;2;134;124.675;78.681;0.0;0.0;0.0;0.0;0.0
10;2;135;65.225;18.865;0.0;0.0;0.0;0.0;0.0
10;2;136;57.669;15.627;0.0;0.0;0.0;0.0;0.0
10;2;137;37.342;116.998;0.0;148.824;0.0;148.824;0.0
10;2;138;7.83;25.143;0.0;98.509;0.0;98.509;0.0
10;2;139;0.0;5.785;0.0;99.243;0.0;99.243;0.0
10;2;140;0.0;0.0;0.0;78.981;0.0;78.981;0.0
10;2;141;0.0;0.0;0.0;69.214;0.0;69.214;0.0
10;2;142;0.0;0.0;0.0;63.181;0.0;63.181;0.0
10;2;143;0.0;0.0;0.0;39.6;0.0;39.6;0.0
10;2;144;0.0;0.0;0.0;16.821;0.0;16.821;0.0
10;2;145;0.0;0.0;0.0;18.137;0.0;18.137;0.0
10;2;146;0.0;0.0;0.0;18.381;0.0;18.381;0.0
10;2;147;0.0;0.0;0.0;19.946;0.0;19.946;0.0
10;2;148;0.0;0.0;0.0;18.542;0.0;18.542;0.0
10;2;149;0.0;0.0;0.0;19.36;0.0;19.36;0.0
10;2;150;0.0;0.0;0.0;19.909;0.0;19.909;0.0
10;2;151;3.42;0.0;0.0;52.224;0.0;52.224;0.0
10;2;152;17.603;0.0;0.0;48.516;0.0;48.516;0.0
10;2;153;32.75;44.907;0.0;71.473;0.0;71.473;0.0
10;2;154;31.68;41.479;0.0;73.61;0.0;73.61;0.0
10;2;155;46.445;37.24;0.0;39.161;0.0;39.161;0.0
10;2;156;66.787;32.273;0.0;14.359;0.0;14.359;0.0
10;2;157;51.847;23.693;0.0;26.511;0.0;26.511;0.0
10;2;158;54.074;20.481;0.0;25.092;0.0;25.092;0.0
10;2;159;45.003;58.26;0.0;62.85;0.0;62.85;0.0
10;2;160;22.247;123.364;0.0;166.631;0.0;166.631;0.0
10;2;161;10.173;0.0;0.0;63.561;0.0;63.561;0.0
10;2;162;2.424;0.0;0.0;76.909;0.0;76.909;0.0
10;2;163;0.0;0.0;0.0;71.248;0.0;71.248;0.0
10;2;164;0.0;0.0;0.0;82.687;0.0;82.687;0.0
10;2;165;0.0;0.0;0.0;63.305;0.0;63.305;0.0
10;2;166;0.0;72.176;0.0;136.195;0.0;136.195;0.0
10;2;167;0.0;130.192;0.0;173.116;0.0;173.116;0.0
10;3;0;0.0;0.0;0.0;19.833;0.0;19.833;0.0
10;3;1;0.0;121.502;0.0;145.091;0.0;145.091;0.0
10;3;2;0.0;155.592;0.0;175.038;0.0;175.038;0.0
10;3;3;0.0;157.23;0.0;176.725;0.0;176.725;0.0
10;3;4;0.0;175.895;0.0;195.308;0.0;195.308;0.0
10;3;5;0.0;148.935;0.0;169.538;0.0;169.538;0.0
10;3;6;0.0;177.697;0.0;201.023;0.0;201.023;0.0
10;3;7;0.0;174.952;0.0;236.561;0.0;236.561;0.0
10;3;8;0.0;162.496;0.0;232.761;0.0;232.761;0.0
10;3;9;42.006;156.694;0.0;178.468;0.0;178.468;0.0
10;3;10;81.086;153.464;0.0;124.513;0.0;124.513;0.0
10;3;11;68.499;145.602;0.0;121.542;0.0;121.542;0.0
10;3;12;156.021;139.302;0.0;43.576;0.0;43.576;0.0
10;3;13;288.775;167.354;0.0;0.0;71.802;0.0;71.802
10;3;14;269.657;158.836;0.0;0.0;65.311;0.0;65.311
10;3;15;172.565;158.026;0.0;32.948;0.0;32.948;0.0
10;3;16;37.679;160.051;0.0;183.086;0.0;183.086;0.0
10;3;17;0.0;163.701;0.0;246.05;0.0;246.05;0.0
10;3;18;0.0;164.918;0.0;238.453;0.0;238.453;0.0
10;3;19;0.0;0.0;0.0;78.495;0.0;78.495;0.0
10;3;20;0.0;0.0;0.0;82.184;0.0;82.184;0.0
10;3;21;0.0;91.764;0.0;163.833;0.0;163.833;0.0
10;3;22;0.0;173.045;0.0;231.019;0.0;231.019;0.0
10;3;23;0.0;174.673;0.0;217.797;0.0;217.797;0.0
10;3;24;0.0;176.302;0.0;193.337;0.0;193.337;0.0
10;3;25;0.0;56.569;0.0;82.006;0.0;82.006;0.0
10;3;26;0.0;159.353;0.0;177.417;0.0;177.417;0.0
10;3;27;0.0;161.811;0.0;180.539;0.0;180.539;0.0
10;3;28;0.0;165.245;0.0;184.449;0.0;184.449;0.0
10;3;29;0.0;167.631;0.0;189.194;0.0;189.194;0.0
10;3;30;0.0;178.19;0.0;202.772;0.0;202.772;0.0
10;3;31;0.0;179.539;0.0;229.184;0.0;229.184;0.0
10;3;32;0.0;166.414;0.0;234.061;0.0;234.061;0.0
10;3;33;36.127;160.079;0.0;198.131;0.0;198.131;0.0
10;3;34;139.468;153.984;0.0;67.764;0.0;67.764;0.0
10;3;35;158.872;146.469;0.0;42.874;0.0;42.874;0.0
10;3;36;183.584;142.507;0.0;13.586;0.0;13.586;0.0
10;3;37;132.472;138.245;0.0;52.001;0.0;52.001;0.0
10;3;38;29.928;137.822;0.0;172.629;0.0;172.629;0.0
10;3;39;17.041;142.019;0.0;183.427;0.0;183.427;0.0
10;3;40;4.005;138.838;0.0;212.047;0.0;212.047;0.0
10;3;41;0.0;143.114;0.0;216.616;0.0;216.616;0.0
10;3;42;0.0;151.676;0.0;225.534;0.0;225.534;0.0
10;3;43;0.0;151.999;0.0;232.393;0.0;232.393;0.0
10;3;44;0.0;153.093;0.0;224.282;0.0;224.282;0.0
10;3;45;0.0;147.294;0.0;213.268;0.0;213.268;0.0
10;3;46;0.0;138.748;0.0;203.754;0.0;203.754;0.0
10;3;47;0.0;135.961;0.0;180.121;0.0;180.121;0.0
10;3;48;0.0;94.469;0.0;111.524;0.0;111.524;0.0
10;3;49;0.0;89.431;0.0;113.043;0.0;113.043;0.0
10;3;50;0.0;87.046;0.0;105.959;0.0;105.959;0.0
10;3;51;0.0;84.562;0.0;103.848;0.0;103.848;0.0
10;3;52;0.0;83.805;0.0;102.192;0.0;102.192;0.0
10;3;53;0.0;84.271;0.0;109.582;0.0;109.582;0.0
10;3;54;0.0;83.669;0.0;112.925;0.0;112.925;0.0
10;3;55;0.0;96.891;0.0;149.092;0.0;149.092;0.0
10;3;56;0.0;102.48;0.0;160.275;0.0;160.275;0.0
10;3;57;5.45;89.871;0.0;156.216;0.0;156.216;0.0
10;3;58;24.734;91.273;0.0;120.203;0.0;120.203;0.0
10;3;59;21.803;89.306;0.0;126.465;0.0;126.465;0.0
10;3;60;75.471;85.728;0.0;54.7;0.0;54.7;0.0
10;3;61;170.054;126.903;0.0;0.0;0.0;0.0;0.0
10;3;62;100.221;48.702;0.0;0.0;0.0;0.0;0.0
10;3;63;72.579;61.631;0.0;44.39;0.0;44.39;0.0
10;3;64;9.183;75.326;0.0;143.139;0.0;143.139;0.0
10;3;65;0.0;153.574;0.0;236.256;0.0;236.256;0.0
10;3;66;0.0;154.788;0.0;224.124;0.0;224.124;0.0
10;3;67;0.0;156.811;0.0;225.249;0.0;225.249;0.0
10;3;68;0.0;34.471;0.0;120.461;0.0;120.461;0.0
10;3;69;0.0;0.0;0.0;56.64;0.0;56.64;0.0
10;3;70;0.0;0.0;0.0;61.653;0.0;61.653;0.0
10;3;71;0.0;90.846;0.0;137.137;0.0;137.137;0.0
10;3;72;0.0;93.972;0.0;111.313;0.0;111.313;0.0
10;3;73;0.0;96.174;0.0;117.115;0.0;117.115;0.0
10;3;74;0.0;98.144;0.0;117.722;0.0;117.722;0.0
10;3;75;0.0;102.04;0.0;120.578;0.0;120.578;0.0
10;3;76;0.0;100.869;0.0;120.287;0.0;120.287;0.0
10;3;77;0.0;102.181;0.0;122.261;0.0;122.261;0.0
10;3;78;0.0;160.862;0.0;180.406;0.0;180.406;0.0
10;3;79;0.0;65.882;0.0;95.318;0.0;95.318;0.0
10;3;80;0.0;126.073;0.0;159.321;0.0;159.321;0.0
10;3;81;3.973;110.348;0.0;146.316;0.0;146.316;0.0
10;3;82;7.948;110.053;0.0;145.899;0.0;145.899;0.0
10;3;83;17.393;109.117;0.0;140.663;0.0;140.663;0.0
10;3;84;31.811;104.299;0.0;109.89;0.0;109.89;0.0
10;3;85;187.399;160.051;0.0;5.83;0.0;5.83;0.0
10;3;86;181.88;142.817;0.0;0.0;0.0;0.0;0.0
10;3;87;108.08;162.889;0.0;95.385;0.0;95.385;0.0
10;3;88;12.005;164.918;0.0;202.872;0.0;202.872;0.0
10;3;89;0.0;165.324;0.0;213.708;0.0;213.708;0.0
10;3;90;0.0;167.354;0.0;224.844;0.0;224.844;0.0
10;3;91;0.0;0.0;0.0;68.944;0.0;68.944;0.0
10;3;92;0.0;0.0;0.0;88.446;0.0;88.446;0.0
10;3;93;0.0;83.969;0.0;159.619;0.0;159.619;0.0
10;3;94;0.0;175.08;0.0;226.591;0.0;226.591;0.0
10;3;95;0.0;175.487;0.0;230.16;0.0;230.16;0.0
10;3;96;0.0;176.302;0.0;193.11;0.0;193.11;0.0
10;3;97;0.0;177.932;0.0;202.136;0.0;202.136;0.0
10;3;98;0.0;178.339;0.0;197.064;0.0;197.064;0.0
10;3;99;0.0;179.562;0.0;199.555;0.0;199.555;0.0
10;3;100;0.0;177.932;0.0;196.391;0.0;196.391;0.0
10;3;101;0.0;175.487;0.0;194.837;0.0;194.837;0.0
10;3;102;0.0;173.859;0.0;194.109;0.0;194.109;0.0
10;3;103;0.0;173.045;0.0;222.323;0.0;222.323;0.0
10;3;104;0.0;170.198;0.0;233.267;0.0;233.267;0.0
10;3;105;2.99;168.979;0.0;243.858;0.0;243.858;0.0
10;3;106;10.505;169.046;0.0;242.844;0.0;242.844;0.0
10;3;107;13.512;170.524;0.0;235.165;0.0;235.165;0.0
10;3;108;25.545;172.191;0.0;226.469;0.0;226.469;0.0
10;3;109;29.731;164.344;0.0;205.128;0.0;205.128;0.0
10;3;110;22.013;157.234;0.0;223.261;0.0;223.261;0.0
10;3;111;12.502;157.104;0.0;217.268;0.0;217.268;0.0
10;3;112;1.995;153.983;0.0;227.748;0.0;227.748;0.0
10;3;113;0.0;151.823;0.0;229.132;0.0;229.132;0.0
10;3;114;0.0;160.321;0.0;230.998;0.0;230.998;0.0
10;3;115;0.0;156.644;0.0;246.932;0.0;246.932;0.0
10;3;116;0.0;155.916;0.0;230.091;0.0;230.091;0.0
10;3;117;0.0;154.233;0.0;222.409;0.0;222.409;0.0
10;3;118;0.0;168.572;0.0;234.729;0.0;234.729;0.0
10;3;119;0.0;169.385;0.0;216.825;0.0;216.825;0.0
10;3;120;0.0;169.385;0.0;186.821;0.0;186.821;0.0
10;3;121;0.0;170.198;0.0;192.899;0.0;192.899;0.0
10;3;122;0.0;172.638;0.0;191.873;0.0;191.873;0.0
10;3;123;0.0;175.487;0.0;194.411;0.0;194.411;0.0
10;3;124;0.0;178.747;0.0;196.972;0.0;196.972;0.0
10;3;125;0.0;64.065;0.0;83.274;0.0;83.274;0.0
10;3;126;0.0;180.786;0.0;202.658;0.0;202.658;0.0
10;3;127;0.0;181.194;0.0;236.365;0.0;236.365;0.0
10;3;128;0.0;172.498;0.0;242.733;0.0;242.733;0.0
10;3;129;9.436;168.838;0.0;231.653;0.0;231.653;0.0
10;3;130;24.747;159.741;0.0;198.969;0.0;198.969;0.0
10;3;131;23.013;154.591;0.0;201.06;0.0;201.06;0.0
10;3;132;62.292;152.847;0.0;142.731;0.0;142.731;0.0
10;3;133;69.475;142.615;0.0;121.384;0.0;121.384;0.0
10;3;134;16.98;139.357;0.0;193.718;0.0;193.718;0.0
10;3;135;10.996;142.951;0.0;198.62;0.0;198.62;0.0
10;3;136;0.996;170.605;0.0;241.597;0.0;241.597;0.0
10;3;137;0.0;115.537;0.0;184.212;0.0;184.212;0.0
10;3;138;0.0;153.29;0.0;229.016;0.0;229.016;0.0
10;3;139;0.0;175.08;0.0;260.767;0.0;260.767;0.0
10;3;140;0.0;144.35;0.0;211.881;0.0;211.881;0.0
10;3;141;0.0;165.841;0.0;228.569;0.0;228.569;0.0
10;3;142;0.0;161.434;0.0;231.2;0.0;231.2;0.0
10;3;143;0.0;167.307;0.0;205.627;0.0;205.627;0.0
10;3;144;0.0;177.932;0.0;197.344;0.0;197.344;0.0
10;3;145;0.0;159.308;0.0;178.774;0.0;178.774;0.0
10;3;146;0.0;179.155;0.0;197.999;0.0;197.999;0.0
10;3;147;0.0;169.165;0.0;189.463;0.0;189.463;0.0
10;3;148;0.0;180.378;0.0;199.399;0.0;199.399;0.0
10;3;149;0.0;180.786;0.0;202.218;0.0;202.218;0.0
10;3;150;0.0;179.562;0.0;207.99;0.0;207.99;0.0
10;3;151;0.0;177.932;0.0;237.624;0.0;237.624;0.0
10;3;152;0.0;164.772;0.0;243.677;0.0;243.677;0.0
10;3;153;33.418;150.456;0.0;185.271;0.0;185.271;0.0
10;3;154;93.344;142.79;0.0;102.633;0.0;102.633;0.0
10;3;155;45.698;129.785;0.0;138.86;0.0;138.86;0.0
10;3;156;28.318;126.208;0.0;152.939;0.0;152.939;0.0
10;3;157;32.008;160.051;0.0;195.939;0.0;195.939;0.0
10;3;158;21.855;74.161;0.0;123.964;0.0;123.964;0.0
10;3;159;9.429;115.839;0.0;189.008;0.0;189.008;0.0
10;3;160;4.469;113.325;0.0;190.751;0.0;190.751;0.0
10;3;161;0.0;113.994;0.0;180.229;0.0;180.229;0.0
10;3;162;0.0;121.239;0.0;194.723;0.0;194.723;0.0
10;3;163;0.0;120.033;0.0;203.28;0.0;203.28;0.0
10;3;164;0.0;150.04;0.0;220.336;0.0;220.336;0.0
10;3;165;0.0;158.836;0.0;233.931;0.0;233.931;0.0
10;3;166;0.0;159.241;0.0;230.683;0.0;230.683;0.0
10;3;167;0.0;160.862;0.0;209.72;0.0;209.72;0.0
15;0;0;0.0;0.0;0.0;16.917;0.0;16.917;0.0
15;0;1;0.0;90.923;0.0;111.175;0.0;111.175;0.0
15;0;2;0.0;0.0;0.0;20.233;0.0;20.233;0.0
15;0;3;0.0;87.079;0.0;108.4;0.0;108.4;0.0
15;0;4;0.0;89.555;0.0;108.362;0.0;108.362;0.0
15;0;5;0.0;91.325;0.0;112.081;0.0;112.081;0.0
15;0;6;0.0;103.652;0.0;129.068;0.0;129.068;0.0
15;0;7;0.0;102.028;0.0;163.611;0.0;163.611;0.0
15;0;8;47.156;94.17;0.0;105.996;0.0;105.996;0.0
15;0;9;154.67;102.17;0.0;0.0;0.0;0.0;0.0
15;0;10;179.17;131.082;0.0;0.0;0.0;0.0;0.0
15;0;11;104.681;61.159;0.0;0.0;0.0;0.0;0.0
15;0;12;138.575;89.19;0.0;0.0;0.0;0.0;0.0
15;0;13;61.986;66.277;0.0;56.29;0.0;56.29;0.0
15;0;14;47.862;0.0;0.0;12.957;0.0;12.957;0.0
15;0;15;133.118;82.78;0.0;0.0;0.0;0.0;0.0
15;0;16;83.126;37.489;0.0;6.022;0.0;6.022;0.0
15;0;17;25.467;55.503;0.0;100.67;0.0;100.67;0.0
15;0;18;0.49;145.898;0.0;219.333;0.0;219.333;0.0
15;0;19;0.0;0.0;0.0;73.206;0.0;73.206;0.0
15;0;20;0.0;59.135;0.0;142.642;0.0;142.642;0.0
15;0;21;0.0;148.32;0.0;211.562;0.0;211.562;0.0
15;0;22;0.0;150.744;0.0;202.612;0.0;202.612;0.0
15;0;23;0.0;152.765;0.0;197.134;0.0;197.134;0.0
15;0;24;0.0;0.0;0.0;16.85;0.0;16.85;0.0
15;0;25;0.0;0.0;0.0;18.334;0.0;18.334;0.0
15;0;26;0.0;15.952;0.0;35.939;0.0;35.939;0.0
15;0;27;0.0;159.241;0.0;178.911;0.0;178.911;0.0
15;0;28;0.0;159.646;0.0;178.209;0.0;178.209;0.0
15;0;29;0.0;162.484;0.0;182.657;0.0;182.657;0.0
15;0;30;0.0;0.0;0.0;23.287;0.0;23.287;0.0
15;0;31;0.0;41.26;0.0;103.218;0.0;103.218;0.0
15;0;32;43.574;106.958;0.0;129.148;0.0;129.148;0.0
15;0;33;135.472;100.826;0.0;17.714;0.0;17.714;0.0
15;0;34;201.315;148.748;0.0;0.0;0.0;0.0;0.0
15;0;35;203.008;152.361;0.0;0.0;3.352;0.0;3.352
15;0;36;150.523;108.157;0.0;0.0;0.0;0.0;0.0
15;0;37;294.6;148.32;0.0;0.0;95.037;0.0;95.037
15;0;38;334.76;147.109;0.0;0.0;136.433;0.0;136.433
15;0;39;268.471;144.284;0.0;0.0;70.834;0.0;70.834
15;0;40;137.318;80.216;0.0;0.0;0.0;0.0;0.0
15;0;41;46.31;0.0;0.0;10.769;0.0;10.769;0.0
15;0;42;0.98;145.495;0.0;206.489;0.0;206.489;0.0
15;0;43;0.0;147.916;0.0;222.076;0.0;222.076;0.0
15;0;44;0.0;117.552;0.0;189.199;0.0;189.199;0.0
15;0;45;0.0;0.0;0.0;58.305;0.0;58.305;0.0
15;0;46;0.0;3.5;0.0;68.883;0.0;68.883;0.0
15;0;47;0.0;0.0;0.0;46.733;0.0;46.733;0.0
15;0;48;0.0;0.0;0.0;17.282;0.0;17.282;0.0
15;0;49;0.0;0.0;0.0;19.915;0.0;19.915;0.0
15;0;50;0.0;0.0;0.0;19.197;0.0;19.197;0.0
15;0;51;0.0;0.0;0.0;18.749;0.0;18.749;0.0
15;0;52;0.0;0.0;0.0;19.09;0.0;19.09;0.0
15;0;53;0.0;77.381;0.0;98.074;0.0;98.074;0.0
15;0;54;0.0;80.533;0.0;103.598;0.0;103.598;0.0
15;0;55;0.0;99.193;0.0;159.487;0.0;159.487;0.0
15;0;56;29.617;95.192;0.0;129.305;0.0;129.305;0.0
15;0;57;79.435;82.011;0.0;54.082;0.0;54.082;0.0
15;0;58;139.778;91.378;0.0;0.0;0.0;0.0;0.0
15;0;59;193.631;151.957;0.0;0.0;0.0;0.0;0.0
15;0;60;103.339;84.58;0.0;22.825;0.0;22.825;0.0
15;0;61;42.428;0.0;0.0;4.689;0.0;4.689;0.0
15;0;62;34.084;0.0;0.0;14.97;0.0;14.97;0.0
15;0;63;198.073;150.155;0.0;0.0;0.0;0.0;0.0
15;0;64;205.422;143.881;0.0;0.0;4.291;0.0;4.291
15;0;65;34.899;0.0;0.0;35.529;0.0;35.529;0.0
15;0;66;0.489;0.0;0.0;83.529;0.0;83.529;0.0
15;0;67;0.0;80.334;0.0;169.013;0.0;169.013;0.0
15;0;68;0.0;133.811;0.0;204.927;0.0;204.927;0.0
15;0;69;0.0;133.811;0.0;211.103;0.0;211.103;0.0
15;0;70;0.0;135.822;0.0;193.563;0.0;193.563;0.0
15;0;71;0.0;142.671;0.0;186.105;0.0;186.105;0.0
15;0;72;0.0;0.0;0.0;16.68;0.0;16.68;0.0
15;0;73;0.0;0.0;0.0;18.497;0.0;18.497;0.0
15;0;74;0.0;0.0;0.0;18.753;0.0;18.753;0.0
15;0;75;0.0;0.0;0.0;19.291;0.0;19.291;0.0
15;0;76;0.0;0.0;0.0;18.646;0.0;18.646;0.0
15;0;77;0.0;0.0;0.0;19.385;0.0;19.385;0.0
15;0;78;0.0;0.0;0.0;21.275;0.0;21.275;0.0
15;0;79;0.0;148.889;0.0;172.864;0.0;172.864;0.0
15;0;80;9.509;0.0;0.0;29.178;0.0;29.178;0.0
15;0;81;25.688;93.183;0.0;103.077;0.0;103.077;0.0
15;0;82;41.642;91.051;0.0;89.473;0.0;89.473;0.0
15;0;83;70.881;87.031;0.0;56.387;0.0;56.387;0.0
15;0;84;105.663;82.973;0.0;23.573;0.0;23.573;0.0
15;0;85;91.036;81.967;0.0;27.887;0.0;27.887;0.0
15;0;86;50.382;81.359;0.0;72.309;0.0;72.309;0.0
15;0;87;82.569;84.895;0.0;32.999;0.0;32.999;0.0
15;0;88;48.158;159.241;0.0;144.829;0.0;144.829;0.0
15;0;89;74.235;161.267;0.0;125.197;0.0;125.197;0.0
15;0;90;7.478;0.0;0.0;46.519;0.0;46.519;0.0
15;0;91;0.0;11.703;0.0;78.008;0.0;78.008;0.0
15;0;92;0.0;165.73;0.0;251.937;0.0;251.937;0.0
15;0;93;0.0;22.11;0.0;89.175;0.0;89.175;0.0
15;0;94;0.0;101.217;0.0;168.612;0.0;168.612;0.0
15;0;95;0.0;98.756;0.0;146.018;0.0;146.018;0.0
15;0;96;0.0;153.106;0.0;170.034;0.0;170.034;0.0
15;0;97;0.0;155.828;0.0;179.817;0.0;179.817;0.0
15;0;98;0.0;159.019;0.0;176.967;0.0;176.967;0.0
15;0;99;0.0;160.215;0.0;178.586;0.0;178.586;0.0
15;0;100;0.0;160.554;0.0;179.577;0.0;179.577;0.0
15;0;101;0.0;160.186;0.0;179.423;0.0;179.423;0.0
15;0;102;0.0;168.311;0.0;188.423;0.0;188.423;0.0
15;0;103;0.0;165.706;0.0;223.418;0.0;223.418;0.0
15;0;104;35.32;151.306;0.0;183.897;0.0;183.897;0.0
15;0;105;84.116;146.98;0.0;110.342;0.0;110.342;0.0
15;0;106;75.969;139.279;0.0;118.222;0.0;118.222;0.0
15;0;107;59.83;128.796;0.0;133.084;0.0;133.084;0.0
15;0;108;54.143;125.737;0.0;124.977;0.0;124.977;0.0
15;0;109;45.312;116.94;0.0;122.516;0.0;122.516;0.0
15;0;110;186.42;160.051;0.0;27.229;0.0;27.229;0.0
15;0;111;165.89;158.431;0.0;41.93;0.0;41.93;0.0
15;0;112;25.758;158.836;0.0;202.818;0.0;202.818;0.0
15;0;113;20.59;163.701;0.0;216.08;0.0;216.08;0.0
15;0;114;7.994;165.324;0.0;239.801;0.0;239.801;0.0
15;0;115;0.0;0.0;0.0;83.674;0.0;83.674;0.0
15;0;116;0.0;0.0;0.0;82.816;0.0;82.816;0.0
15;0;117;0.0;109.821;0.0;184.953;0.0;184.953;0.0
15;0;118;0.0;126.74;0.0;193.976;0.0;193.976;0.0
15;0;119;0.0;131.85;0.0;171.902;0.0;171.902;0.0
15;0;120;0.0;138.33;0.0;157.22;0.0;157.22;0.0
15;0;121;0.0;138.204;0.0;159.506;0.0;159.506;0.0
15;0;122;0.0;139.152;0.0;158.382;0.0;158.382;0.0
15;0;123;0.0;142.79;0.0;162.012;0.0;162.012;0.0
15;0;124;0.0;144.889;0.0;162.795;0.0;162.795;0.0
15;0;125;0.0;146.239;0.0;164.94;0.0;164.94;0.0
15;0;126;0.0;158.07;0.0;179.846;0.0;179.846;0.0
15;0;127;0.0;154.081;0.0;215.258;0.0;215.258;0.0
15;0;128;42.554;140.437;0.0;166.462;0.0;166.462;0.0
15;0;129;137.143;138.095;0.0;50.385;0.0;50.385;0.0
15;0;130;135.203;130.438;0.0;46.19;0.0;46.19;0.0
15;0;131;59.294;126.793;0.0;114.072;0.0;114.072;0.0
15;0;132;40.433;129.532;0.0;137.05;0.0;137.05;0.0
15;0;133;76.078;115.309;0.0;100.406;0.0;100.406;0.0
15;0;134;64.919;111.491;0.0;105.306;0.0;105.306;0.0
15;0;135;126.338;162.484;0.0;84.272;0.0;84.272;0.0
15;0;136;106.583;163.295;0.0;106.018;0.0;106.018;0.0
15;0;137;109.218;164.106;0.0;114.954;0.0;114.954;0.0
15;0;138;2.992;167.76;0.0;243.584;0.0;243.584;0.0
15;0;139;0.0;169.792;0.0;240.253;0.0;240.253;0.0
15;0;140;0.0;171.825;0.0;244.904;0.0;244.904;0.0
15;0;141;0.0;55.877;0.0;112.834;0.0;112.834;0.0
15;0;142;0.0;0.0;0.0;70.845;0.0;70.845;0.0
15;0;143;0.0;0.0;0.0;40.193;0.0;40.193;0.0
15;0;144;0.0;177.932;0.0;194.581;0.0;194.581;0.0
15;0;145;0.0;112.61;0.0;133.526;0.0;133.526;0.0
15;0;146;0.0;180.786;0.0;199.986;0.0;199.986;0.0
15;0;147;0.0;184.052;0.0;203.064;0.0;203.064;0.0
15;0;148;0.0;185.277;0.0;204.293;0.0;204.293;0.0
15;0;149;0.0;186.503;0.0;205.436;0.0;205.436;0.0
15;0;150;0.0;100.136;0.0;122.301;0.0;122.301;0.0
15;0;151;1.517;187.518;0.0;244.022;0.0;244.022;0.0
15;0;152;92.171;177.838;0.0;139.619;0.0;139.619;0.0
15;0;153;240.001;186.094;0.0;0.0;3.661;0.0;3.661
15;0;154;290.572;180.786;0.0;0.0;65.226;0.0;65.226
15;0;155;209.866;166.215;0.0;0.0;0.0;0.0;0.0
15;0;156;279.245;173.045;0.0;0.0;60.884;0.0;60.884
15;0;157;141.197;170.605;0.0;89.216;0.0;89.216;0.0
15;0;158;49.471;173.045;0.0;181.198;0.0;181.198;0.0
15;0;159;87.032;172.638;0.0;133.866;0.0;133.866;0.0
15;0;160;139.358;177.524;0.0;93.043;0.0;93.043;0.0
15;0;161;77.291;178.747;0.0;157.741;0.0;157.741;0.0
15;0;162;10.55;178.747;0.0;230.052;0.0;230.052;0.0
15;0;163;0.0;182.827;0.0;257.332;0.0;257.332;0.0
15;0;164;0.0;184.869;0.0;260.506;0.0;260.506;0.0
15;0;165;0.0;41.074;0.0;112.641;0.0;112.641;0.0
15;0;166;0.0;0.0;0.0;63.412;0.0;63.412;0.0
15;0;167;0.0;186.503;0.0;236.973;0.0;236.973;0.0
15;1;0;0.0;0.0;0.0;16.763;0.0;16.763;0.0
15;1;1;0.0;0.0;0.0;17.892;0.0;17.892;0.0
15;1;2;0.0;0.0;0.0;18.353;0.0;18.353;0.0
15;1;3;0.0;0.0;0.0;19.991;0.0;19.991;0.0
15;1;4;0.0;0.0;0.0;21.049;0.0;21.049;0.0
15;1;5;0.0;0.0;0.0;19.563;0.0;19.563;0.0
15;1;6;4.959;0.0;0.0;21.099;0.0;21.099;0.0
15;1;7;54.344;0.0;0.0;0.0;14.251;0.0;14.251
15;1;8;153.175;0.0;0.0;0.0;92.309;0.0;92.309
15;1;9;263.706;0.0;0.0;0.0;198.868;0.0;198.868
15;1;10;351.173;0.0;0.0;0.0;290.044;0.0;290.044
15;1;11;398.04;0.0;0.0;0.0;344.184;0.0;344.184
15;1;12;434.603;0.0;0.0;0.0;382.544;0.0;382.544
15;1;13;486.896;0.0;0.0;0.0;429.482;0.0;429.482
15;1;14;398.832;0.0;0.0;0.0;340.38;0.0;340.38
15;1;15;272.044;0.0;0.0;0.0;221.647;0.0;221.647
15;1;16;185.903;0.0;0.0;0.0;125.579;0.0;125.579
15;1;17;112.563;0.0;0.0;0.0;57.066;0.0;57.066
15;1;18;49.372;0.0;0.0;4.916;0.0;4.916;0.0
15;1;19;1.904;0.0;0.0;71.674;0.0;71.674;0.0
15;1;20;0.0;0.0;0.0;73.7;0.0;73.7;0.0
15;1;21;0.0;0.0;0.0;70.329;0.0;70.329;0.0
15;1;22;0.0;0.0;0.0;58.006;0.0;58.006;0.0
15;1;23;0.0;0.0;0.0;41.519;0.0;41.519;0.0
15;1;24;0.0;0.0;0.0;17.033;0.0;17.033;0.0
15;1;25;0.0;0.0;0.0;22.962;0.0;22.962;0.0
15;1;26;0.0;0.0;0.0;19.109;0.0;19.109;0.0
15;1;27;0.0;0.0;0.0;19.443;0.0;19.443;0.0
15;1;28;0.0;0.0;0.0;18.48;0.0;18.48;0.0
15;1;29;0.0;0.0;0.0;20.301;0.0;20.301;0.0
15;1;30;4.034;0.0;0.0;21.02;0.0;21.02;0.0
15;1;31;50.296;0.434;0.0;0.0;0.0;0.0;0.0
15;1;32;148.904;2.237;0.0;0.0;86.189;0.0;86.189
15;1;33;250.305;2.588;0.0;0.0;193.901;0.0;193.901
15;1;34;324.144;2.879;0.0;0.0;268.677;0.0;268.677
15;1;35;391.752;2.607;0.0;0.0;345.397;0.0;345.397
15;1;36;474.845;3.152;0.0;0.0;429.6;0.0;429.6
15;1;37;484.423;2.13;0.0;0.0;432.063;0.0;432.063
15;1;38;453.477;2.465;0.0;0.0;402.551;0.0;402.551
15;1;39;384.454;4.306;0.0;0.0;335.454;0.0;335.454
15;1;40;287.87;0.0;0.0;0.0;233.301;0.0;233.301
15;1;41;171.578;50.326;0.0;0.0;60.208;0.0;60.208
15;1;42;75.733;0.0;0.0;0.0;16.77;0.0;16.77
15;1;43;7.328;0.0;0.0;58.003;0.0;58.003;0.0
15;1;44;0.0;0.0;0.0;77.275;0.0;77.275;0.0
15;1;45;0.0;0.0;0.0;65.547;0.0;65.547;0.0
15;1;46;0.0;0.0;0.0;56.193;0.0;56.193;0.0
15;1;47;0.0;0.0;0.0;56.054;0.0;56.054;0.0
15;1;48;0.0;0.0;0.0;17.665;0.0;17.665;0.0
15;1;49;0.0;0.0;0.0;19.433;0.0;19.433;0.0
15;1;50;0.0;0.0;0.0;18.81;0.0;18.81;0.0
15;1;51;0.0;0.0;0.0;18.246;0.0;18.246;0.0
15;1;52;0.0;0.0;0.0;22.32;0.0;22.32;0.0
15;1;53;0.0;0.0;0.0;19.955;0.0;19.955;0.0
15;1;54;2.395;0.0;0.0;22.051;0.0;22.051;0.0
15;1;55;30.338;0.0;0.0;19.509;0.0;19.509;0.0
15;1;56;120.046;0.0;0.0;0.0;72.241;0.0;72.241
15;1;57;226.518;0.0;0.0;0.0;180.368;0.0;180.368
15;1;58;317.295;2.676;0.0;0.0;270.879;0.0;270.879
15;1;59;380.391;2.584;0.0;0.0;337.299;0.0;337.299
15;1;60;435.799;1.82;0.0;0.0;392.894;0.0;392.894
15;1;61;389.871;2.767;0.0;0.0;346.906;0.0;346.906
15;1;62;256.819;2.287;0.0;0.0;203.945;0.0;203.945
15;1;63;107.611;56.46;0.0;0.0;3.837;0.0;3.837
15;1;64;173.576;0.0;0.0;0.0;123.024;0.0;123.024
15;1;65;133.445;0.0;0.0;0.0;87.262;0.0;87.262
15;1;66;54.956;0.0;0.0;2.275;0.0;2.275;0.0
15;1;67;6.67;0.0;0.0;53.934;0.0;53.934;0.0
15;1;68;0.0;0.0;0.0;77.337;0.0;77.337;0.0
15;1;69;0.0;0.0;0.0;64.027;0.0;64.027;0.0
15;1;70;0.0;0.0;0.0;58.409;0.0;58.409;0.0
15;1;71;0.0;0.0;0.0;39.712;0.0;39.712;0.0
15;1;72;0.0;0.0;0.0;17.553;0.0;17.553;0.0
15;1;73;0.0;0.0;0.0;19.72;0.0;19.72;0.0
15;1;74;0.0;0.0;0.0;19.438;0.0;19.438;0.0
15;1;75;0.0;0.0;0.0;18.504;0.0;18.504;0.0
15;1;76;0.0;0.0;0.0;18.562;0.0;18.562;0.0
15;1;77;0.0;0.0;0.0;23.894;0.0;23.894;0.0
15;1;78;2.898;0.0;0.0;19.004;0.0;19.004;0.0
15;1;79;37.998;0.0;0.0;0.0;10.578;0.0;10.578
15;1;80;136.361;0.0;0.0;0.0;106.351;0.0;106.351
15;1;81;261.62;2.776;0.0;0.0;223.349;0.0;223.349
15;1;82;364.714;3.295;0.0;0.0;325.249;0.0;325.249
15;1;83;440.862;2.544;0.0;0.0;400.074;0.0;400.074
15;1;84;472.778;1.964;0.0;0.0;435.308;0.0;435.308
15;1;85;439.503;2.787;0.0;0.0;396.017;0.0;396.017
15;1;86;387.037;2.734;0.0;0.0;344.078;0.0;344.078
15;1;87;361.009;50.129;0.0;0.0;277.468;0.0;277.468
15;1;88;202.096;0.0;0.0;0.0;155.351;0.0;155.351
15;1;89;108.782;0.0;0.0;0.0;72.381;0.0;72.381
15;1;90;69.718;0.0;0.0;0.0;18.362;0.0;18.362
15;1;91;6.859;0.0;0.0;57.898;0.0;57.898;0.0
15;1;92;0.0;0.0;0.0;67.966;0.0;67.966;0.0
15;1;93;0.0;0.0;0.0;64.396;0.0;64.396;0.0
15;1;94;0.0;0.0;0.0;58.339;0.0;58.339;0.0
15;1;95;0.0;0.0;0.0;49.996;0.0;49.996;0.0
15;1;96;0.0;0.0;0.0;16.783;0.0;16.783;0.0
15;1;97;0.0;0.0;0.0;18.711;0.0;18.711;0.0
15;1;98;0.0;0.0;0.0;22.833;0.0;22.833;0.0
15;1;99;0.0;0.0;0.0;19.229;0.0;19.229;0.0
15;1;100;0.0;0.0;0.0;18.228;0.0;18.228;0.0
15;1;101;0.0;0.0;0.0;19.633;0.0;19.633;0.0
15;1;102;2.411;0.0;0.0;17.194;0.0;17.194;0.0
15;1;103;41.996;0.0;0.0;0.0;5.701;0.0;5.701
15;1;104;108.827;0.0;0.0;0.0;54.683;0.0;54.683
15;1;105;123.015;2.812;0.0;0.0;68.949;0.0;68.949
15;1;106;262.381;3.056;0.0;0.0;207.427;0.0;207.427
15;1;107;449.856;2.5;0.0;0.0;383.291;0.0;383.291
15;1;108;503.661;3.409;0.0;0.0;441.914;0.0;441.914
15;1;109;408.972;2.651;0.0;0.0;348.285;0.0;348.285
15;1;110;215.109;2.281;0.0;0.0;145.515;0.0;145.515
15;1;111;169.92;2.899;0.0;0.0;114.318;0.0;114.318
15;1;112;155.741;2.394;0.0;0.0;87.8;0.0;87.8
15;1;113;123.944;46.631;0.0;0.0;10.325;0.0;10.325
15;1;114;65.374;0.0;0.0;0.0;11.02;0.0;11.02
15;1;115;6.412;0.0;0.0;63.724;0.0;63.724;0.0
15;1;116;0.0;0.0;0.0;71.854;0.0;71.854;0.0
15;1;117;0.0;0.0;0.0;59.689;0.0;59.689;0.0
15;1;118;0.0;0.0;0.0;53.321;0.0;53.321;0.0
15;1;119;0.0;0.0;0.0;35.648;0.0;35.648;0.0
15;1;120;0.0;0.0;0.0;16.989;0.0;16.989;0.0
15;1;121;0.0;0.0;0.0;20.609;0.0;20.609;0.0
15;1;122;0.0;0.0;0.0;18.532;0.0;18.532;0.0
15;1;123;0.0;0.0;0.0;18.088;0.0;18.088;0.0
15;1;124;0.0;0.0;0.0;19.257;0.0;19.257;0.0
15;1;125;0.0;0.0;0.0;19.214;0.0;19.214;0.0
15;1;126;1.443;0.0;0.0;19.099;0.0;19.099;0.0
15;1;127;31.621;0.0;0.0;19.059;0.0;19.059;0.0
15;1;128;138.447;0.0;0.0;0.0;83.459;0.0;83.459
15;1;129;259.169;3.327;0.0;0.0;204.7;0.0;204.7
15;1;130;362.154;2.87;0.0;0.0;302.408;0.0;302.408
15;1;131;429.666;2.644;0.0;0.0;373.29;0.0;373.29
15;1;132;469.183;3.691;0.0;0.0;407.162;0.0;407.162
15;1;133;443.723;2.527;0.0;0.0;377.499;0.0;377.499
15;1;134;350.988;2.83;0.0;0.0;300.267;0.0;300.267
15;1;135;248.482;2.503;0.0;0.0;202.356;0.0;202.356
15;1;136;193.537;2.393;0.0;0.0;148.032;0.0;148.032
15;1;137;150.499;42.561;0.0;0.0;59.464;0.0;59.464
15;1;138;67.078;0.0;0.0;0.0;6.21;0.0;6.21
15;1;139;5.796;0.0;0.0;63.201;0.0;63.201;0.0
15;1;140;0.0;0.0;0.0;65.642;0.0;65.642;0.0
15;1;141;0.0;0.0;0.0;62.976;0.0;62.976;0.0
15;1;142;0.0;0.0;0.0;52.098;0.0;52.098;0.0
15;1;143;0.0;0.0;0.0;62.957;0.0;62.957;0.0
15;1;144;0.0;0.0;0.0;17.761;0.0;17.761;0.0
15;1;145;0.0;0.0;0.0;18.734;0.0;18.734;0.0
15;1;146;0.0;0.0;0.0;18.328;0.0;18.328;0.0
15;1;147;0.0;0.0;0.0;18.938;0.0;18.938;0.0
15;1;148;0.0;0.0;0.0;21.383;0.0;21.383;0.0
15;1;149;0.0;0.0;0.0;19.675;0.0;19.675;0.0
15;1;150;0.955;0.0;0.0;20.827;0.0;20.827;0.0
15;1;151;40.854;0.0;0.0;0.709;0.0;0.709;0.0
15;1;152;143.767;0.0;0.0;0.0;82.428;0.0;82.428
15;1;153;261.519;3.108;0.0;0.0;206.989;0.0;206.989
15;1;154;363.555;2.895;0.0;0.0;307.424;0.0;307.424
15;1;155;439.603;2.385;0.0;0.0;382.028;0.0;382.028
15;1;156;481.364;3.496;0.0;0.0;425.227;0.0;425.227
15;1;157;473.616;2.31;0.0;0.0;418.429;0.0;418.429
15;1;158;351.811;2.454;0.0;0.0;292.555;0.0;292.555
15;1;159;307.507;88.75;0.0;0.0;178.302;0.0;178.302
15;1;160;240.901;0.0;0.0;0.0;181.312;0.0;181.312
15;1;161;167.79;32.902;0.0;0.0;76.074;0.0;76.074
15;1;162;64.719;0.0;0.0;0.0;25.625;0.0;25.625
15;1;163;5.407;0.0;0.0;66.909;0.0;66.909;0.0
15;1;164;0.0;0.0;0.0;76.092;0.0;76.092;0.0
15;1;165;0.0;0.0;0.0;68.057;0.0;68.057;0.0
15;1;166;0.0;0.0;0.0;69.299;0.0;69.299;0.0
15;1;167;0.0;0.0;0.0;42.765;0.0;42.765;0.0
15;2;0;0.0;149.128;0.0;166.328;0.0;166.328;0.0
15;2;1;0.0;152.361;0.0;178.378;0.0;178.378;0.0
15;2;2;0.0;135.707;0.0;154.09;0.0;154.09;0.0
15;2;3;0.0;0.0;0.0;18.823;0.0;18.823;0.0
15;2;4;0.0;0.0;0.0;19.18;0.0;19.18;0.0
15;2;5;0.0;0.0;0.0;19.286;0.0;19.286;0.0
15;2;6;0.0;0.0;0.0;21.88;0.0;21.88;0.0
15;2;7;33.113;97.915;0.0;123.994;0.0;123.994;0.0
15;2;8;163.271;82.817;0.0;0.0;20.606;0.0;20.606
15;2;9;287.477;68.357;0.0;0.0;170.846;0.0;170.846
15;2;10;384.402;51.93;0.0;0.0;274.42;0.0;274.42
15;2;11;446.918;40.652;0.0;0.0;360.864;0.0;360.864
15;2;12;477.134;30.361;0.0;0.0;400.463;0.0;400.463
15;2;13;420.682;98.103;0.0;0.0;273.667;0.0;273.667
15;2;14;271.202;124.568;0.0;0.0;96.254;0.0;96.254
15;2;15;216.758;124.167;0.0;0.0;33.514;0.0;33.514
15;2;16;208.452;124.167;0.0;0.0;31.855;0.0;31.855
15;2;17;125.872;74.539;0.0;0.0;0.0;0.0;0.0
15;2;18;26.192;23.388;0.0;63.831;0.0;63.831;0.0
15;2;19;0.0;27.554;0.0;95.558;0.0;95.558;0.0
15;2;20;0.0;32.94;0.0;110.573;0.0;110.573;0.0
15;2;21;0.0;36.772;0.0;99.89;0.0;99.89;0.0
15;2;22;0.0;40.384;0.0;106.046;0.0;106.046;0.0
15;2;23;0.0;0.0;0.0;58.176;0.0;58.176;0.0
15;2;24;0.0;0.0;0.0;16.659;0.0;16.659;0.0
15;2;25;0.0;0.0;0.0;19.219;0.0;19.219;0.0
15;2;26;0.0;0.0;0.0;18.695;0.0;18.695;0.0
15;2;27;0.0;0.0;0.0;18.878;0.0;18.878;0.0
15;2;28;0.0;0.0;0.0;18.35;0.0;18.35;0.0
15;2;29;0.0;0.0;0.0;22.177;0.0;22.177;0.0
15;2;30;0.0;0.0;0.0;24.177;0.0;24.177;0.0
15;2;31;30.603;84.009;0.0;103.034;0.0;103.034;0.0
15;2;32;152.527;72.398;0.0;0.0;31.035;0.0;31.035
15;2;33;253.957;58.28;0.0;0.0;142.803;0.0;142.803
15;2;34;356.665;41.177;0.0;0.0;261.068;0.0;261.068
15;2;35;422.016;28.996;0.0;0.0;344.055;0.0;344.055
15;2;36;445.295;19.592;0.0;0.0;370.796;0.0;370.796
15;2;37;427.67;109.804;0.0;0.0;270.211;0.0;270.211
15;2;38;388.33;118.091;0.0;0.0;226.384;0.0;226.384
15;2;39;322.785;120.008;0.0;0.0;152.281;0.0;152.281
15;2;40;209.855;120.556;0.0;0.0;33.188;0.0;33.188
15;2;41;82.075;25.493;0.0;0.0;0.0;0.0;0.0
15;2;42;18.82;0.0;0.0;45.873;0.0;45.873;0.0
15;2;43;0.0;0.0;0.0;67.545;0.0;67.545;0.0
15;2;44;0.0;0.0;0.0;78.285;0.0;78.285;0.0
15;2;45;0.0;0.0;0.0;65.811;0.0;65.811;0.0
15;2;46;0.0;0.0;0.0;69.962;0.0;69.962;0.0
15;2;47;0.0;0.0;0.0;45.367;0.0;45.367;0.0
15;2;48;0.0;0.0;0.0;16.822;0.0;16.822;0.0
15;2;49;0.0;0.0;0.0;17.764;0.0;17.764;0.0
15;2;50;0.0;0.0;0.0;19.345;0.0;19.345;0.0
15;2;51;0.0;0.0;0.0;18.273;0.0;18.273;0.0
15;2;52;0.0;0.0;0.0;18.43;0.0;18.43;0.0
15;2;53;0.0;0.0;0.0;19.109;0.0;19.109;0.0
15;2;54;0.0;0.0;0.0;19.644;0.0;19.644;0.0
15;2;55;0.97;0.0;0.0;65.553;0.0;65.553;0.0
15;2;56;25.562;0.0;0.0;30.469;0.0;30.469;0.0
15;2;57;52.864;6.543;0.0;0.0;0.0;0.0;0.0
15;2;58;44.906;0.0;0.0;5.609;0.0;5.609;0.0
15;2;59;56.555;14.921;0.0;0.0;0.0;0.0;0.0
15;2;60;78.875;34.483;0.0;0.0;0.0;0.0;0.0
15;2;61;84.721;40.342;0.0;0.0;0.0;0.0;0.0
15;2;62;100.172;60.577;0.0;0.0;0.0;0.0;0.0
15;2;63;111.226;64.687;0.0;8.949;0.0;8.949;0.0
15;2;64;50.662;8.638;0.0;0.0;0.0;0.0;0.0
15;2;65;32.851;0.0;0.0;20.401;0.0;20.401;0.0
15;2;66;10.388;0.0;0.0;54.531;0.0;54.531;0.0
15;2;67;0.0;0.0;0.0;71.876;0.0;71.876;0.0
15;2;68;0.0;0.0;0.0;82.575;0.0;82.575;0.0
15;2;69;0.0;0.0;0.0;62.48;0.0;62.48;0.0
15;2;70;0.0;0.0;0.0;59.396;0.0;59.396;0.0
15;2;71;0.0;0.0;0.0;58.581;0.0;58.581;0.0
15;2;72;0.0;132.202;0.0;149.364;0.0;149.364;0.0
15;2;73;0.0;0.0;0.0;23.613;0.0;23.613;0.0
15;2;74;0.0;0.0;0.0;18.041;0.0;18.041;0.0
15;2;75;0.0;0.0;0.0;19.582;0.0;19.582;0.0
15;2;76;0.0;0.0;0.0;17.903;0.0;17.903;0.0
15;2;77;0.0;0.0;0.0;23.818;0.0;23.818;0.0
15;2;78;0.0;0.0;0.0;22.748;0.0;22.748;0.0
15;2;79;22.601;0.0;0.0;1.931;0.0;1.931;0.0
15;2;80;100.413;68.422;0.0;0.0;0.0;0.0;0.0
15;2;81;82.345;27.124;0.0;0.0;21.638;0.0;21.638
15;2;82;86.814;34.973;0.0;0.0;0.0;0.0;0.0
15;2;83;202.456;104.983;0.0;0.0;63.183;0.0;63.183
15;2;84;322.116;132.202;0.0;0.0;155.59;0.0;155.59
15;2;85;244.344;129.388;0.0;0.0;78.429;0.0;78.429
15;2;86;152.085;110.613;0.0;0.0;0.0;0.0;0.0
15;2;87;130.263;88.408;0.0;0.0;0.0;0.0;0.0
15;2;88;89.315;53.462;0.0;0.0;0.0;0.0;0.0
15;2;89;71.804;30.924;0.0;0.0;0.0;0.0;0.0
15;2;90;13.044;0.0;0.0;39.498;0.0;39.498;0.0
15;2;91;0.0;0.0;0.0;50.629;0.0;50.629;0.0
15;2;92;0.0;17.723;0.0;81.236;0.0;81.236;0.0
15;2;93;0.0;0.0;0.0;62.695;0.0;62.695;0.0
15;2;94;0.0;140.252;0.0;195.699;0.0;195.699;0.0
15;2;95;0.0;39.825;0.0;82.24;0.0;82.24;0.0
15;2;96;0.0;81.102;0.0;98.142;0.0;98.142;0.0
15;2;97;0.0;0.0;0.0;25.743;0.0;25.743;0.0
15;2;98;0.0;0.0;0.0;18.744;0.0;18.744;0.0
15;2;99;0.0;0.0;0.0;19.302;0.0;19.302;0.0
15;2;100;0.0;0.0;0.0;19.654;0.0;19.654;0.0
15;2;101;0.0;0.0;0.0;18.927;0.0;18.927;0.0
15;2;102;0.0;0.0;0.0;22.055;0.0;22.055;0.0
15;2;103;22.036;98.202;0.0;126.831;0.0;126.831;0.0
15;2;104;144.965;85.859;0.0;0.0;11.117;0.0;11.117
15;2;105;268.045;73.278;0.0;0.0;131.235;0.0;131.235
15;2;106;297.547;108.779;0.0;0.0;126.117;0.0;126.117
15;2;107;224.776;131.398;0.0;0.0;35.115;0.0;35.115
15;2;108;290.095;126.576;0.0;0.0;110.671;0.0;110.671
15;2;109;260.311;125.371;0.0;0.0;87.135;0.0;87.135
15;2;110;245.352;125.371;0.0;0.0;68.322;0.0;68.322
15;2;111;129.071;78.675;0.0;0.0;0.0;0.0;0.0
15;2;112;74.396;21.757;0.0;0.0;0.0;0.0;0.0
15;2;113;61.218;0.0;0.0;2.424;0.0;2.424;0.0
15;2;114;9.419;0.0;0.0;60.403;0.0;60.403;0.0
15;2;115;0.0;0.0;0.0;67.327;0.0;67.327;0.0
15;2;116;0.0;0.0;0.0;73.727;0.0;73.727;0.0
15;2;117;0.0;0.0;0.0;59.035;0.0;59.035;0.0
15;2;118;0.0;0.0;0.0;64.329;0.0;64.329;0.0
15;2;119;0.0;0.0;0.0;37.669;0.0;37.669;0.0
15;2;120;0.0;0.0;0.0;16.642;0.0;16.642;0.0
15;2;121;0.0;0.0;0.0;24.197;0.0;24.197;0.0
15;2;122;0.0;0.0;0.0;21.166;0.0;21.166;0.0
15;2;123;0.0;0.0;0.0;19.23;0.0;19.23;0.0
15;2;124;0.0;0.0;0.0;18.572;0.0;18.572;0.0
15;2;125;0.0;0.0;0.0;19.618;0.0;19.618;0.0
15;2;126;0.0;41.151;0.0;65.688;0.0;65.688;0.0
15;2;127;8.358;47.404;0.0;100.577;0.0;100.577;0.0
15;2;128;45.384;39.961;0.0;58.369;0.0;58.369;0.0
15;2;129;74.428;37.775;0.0;24.751;0.0;24.751;0.0
15;2;130;93.507;46.055;0.0;0.0;0.0;0.0;0.0
15;2;131;110.033;56.323;0.0;0.0;0.0;0.0;0.0
15;2;132;206.446;120.282;0.0;0.0;43.922;0.0;43.922
15;2;133;268.861;117.818;0.0;0.0;87.098;0.0;87.098
15;2;134;124.675;78.681;0.0;0.0;0.0;0.0;0.0
15;2;135;65.225;18.865;0.0;0.0;0.0;0.0;0.0
15;2;136;57.669;15.627;0.0;0.0;0.0;0.0;0.0
15;2;137;37.342;101.102;0.0;132.929;0.0;132.929;0.0
15;2;138;7.83;0.0;0.0;73.366;0.0;73.366;0.0
15;2;139;0.0;0.0;0.0;93.458;0.0;93.458;0.0
15;2;140;0.0;0.0;0.0;78.981;0.0;78.981;0.0
15;2;141;0.0;0.0;0.0;69.214;0.0;69.214;0.0
15;2;142;0.0;0.0;0.0;63.181;0.0;63.181;0.0
15;2;143;0.0;0.0;0.0;39.6;0.0;39.6;0.0
15;2;144;0.0;0.0;0.0;16.821;0.0;16.821;0.0
15;2;145;0.0;0.0;0.0;18.137;0.0;18.137;0.0
15;2;146;0.0;0.0;0.0;18.381;0.0;18.381;0.0
15;2;147;0.0;0.0;0.0;19.946;0.0;19.946;0.0
15;2;148;0.0;0.0;0.0;18.542;0.0;18.542;0.0
15;2;149;0.0;0.0;0.0;19.36;0.0;19.36;0.0
15;2;150;0.0;0.0;0.0;19.909;0.0;19.909;0.0
15;2;151;3.42;0.0;0.0;52.224;0.0;52.224;0.0
15;2;152;17.603;0.0;0.0;48.516;0.0;48.516;0.0
15;2;153;32.75;41.229;0.0;67.795;0.0;67.795;0.0
15;2;154;31.68;38.081;0.0;70.213;0.0;70.213;0.0
15;2;155;46.445;34.19;0.0;36.11;0.0;36.11;0.0
15;2;156;66.787;29.63;0.0;11.716;0.0;11.716;0.0
15;2;157;51.847;21.752;0.0;24.57;0.0;24.57;0.0
15;2;158;54.074;18.803;0.0;23.415;0.0;23.415;0.0
15;2;159;45.003;43.381;0.0;47.971;0.0;47.971;0.0
15;2;160;22.247;123.364;0.0;166.631;0.0;166.631;0.0
15;2;161;10.173;0.0;0.0;63.561;0.0;63.561;0.0
15;2;162;2.424;0.0;0.0;76.909;0.0;76.909;0.0
15;2;163;0.0;0.0;0.0;71.248;0.0;71.248;0.0
15;2;164;0.0;0.0;0.0;82.687;0.0;82.687;0.0
15;2;165;0.0;0.0;0.0;63.305;0.0;63.305;0.0
15;2;166;0.0;55.369;0.0;119.387;0.0;119.387;0.0
15;2;167;0.0;130.192;0.0;173.116;0.0;173.116;0.0
15;3;0;0.0;0.0;0.0;19.833;0.0;19.833;0.0
15;3;1;0.0;111.626;0.0;135.214;0.0;135.214;0.0
15;3;2;0.0;142.848;0.0;162.294;0.0;162.294;0.0
15;3;3;0.0;144.352;0.0;163.846;0.0;163.846;0.0
15;3;4;0.0;175.895;0.0;195.308;0.0;195.308;0.0
15;3;5;0.0;122.242;0.0;142.845;0.0;142.845;0.0
15;3;6;0.0;163.142;0.0;186.468;0.0;186.468;0.0
15;3;7;0.0;160.622;0.0;222.231;0.0;222.231;0.0
15;3;8;0.0;149.187;0.0;219.452;0.0;219.452;0.0
15;3;9;42.006;143.86;0.0;165.634;0.0;165.634;0.0
15;3;10;81.086;140.894;0.0;111.943;0.0;111.943;0.0
15;3;11;68.499;133.676;0.0;109.616;0.0;109.616;0.0
15;3;12;156.021;127.892;0.0;32.167;0.0;32.167;0.0
15;3;13;288.775;167.354;0.0;0.0;71.802;0.0;71.802
15;3;14;269.657;158.836;0.0;0.0;65.311;0.0;65.311
15;3;15;172.565;158.026;0.0;32.948;0.0;32.948;0.0
15;3;16;37.679;160.051;0.0;183.086;0.0;183.086;0.0
15;3;17;0.0;163.701;0.0;246.05;0.0;246.05;0.0
15;3;18;0.0;164.918;0.0;238.453;0.0;238.453;0.0
15;3;19;0.0;0.0;0.0;78.495;0.0;78.495;0.0
15;3;20;0.0;0.0;0.0;82.184;0.0;82.184;0.0
15;3;21;0.0;4.335;0.0;76.404;0.0;76.404;0.0
15;3;22;0.0;173.045;0.0;231.019;0.0;231.019;0.0
15;3;23;0.0;174.673;0.0;217.797;0.0;217.797;0.0
15;3;24;0.0;176.302;0.0;193.337;0.0;193.337;0.0
15;3;25;0.0;8.886;0.0;34.323;0.0;34.323;0.0
15;3;26;0.0;146.301;0.0;164.364;0.0;164.364;0.0
15;3;27;0.0;148.557;0.0;167.285;0.0;167.285;0.0
15;3;28;0.0;151.711;0.0;170.914;0.0;170.914;0.0
15;3;29;0.0;153.901;0.0;175.464;0.0;175.464;0.0
15;3;30;0.0;163.595;0.0;188.177;0.0;188.177;0.0
15;3;31;0.0;164.833;0.0;214.479;0.0;214.479;0.0
15;3;32;0.0;152.783;0.0;220.431;0.0;220.431;0.0
15;3;33;36.127;146.967;0.0;185.02;0.0;185.02;0.0
15;3;34;139.468;141.372;0.0;55.151;0.0;55.151;0.0
15;3;35;158.872;134.472;0.0;30.877;0.0;30.877;0.0
15;3;36;183.584;130.835;0.0;1.914;0.0;1.914;0.0
15;3;37;132.472;126.922;0.0;40.678;0.0;40.678;0.0
15;3;38;29.928;126.533;0.0;161.34;0.0;161.34;0.0
15;3;39;17.041;130.387;0.0;171.795;0.0;171.795;0.0
15;3;40;4.005;127.466;0.0;200.676;0.0;200.676;0.0
15;3;41;0.0;131.392;0.0;204.894;0.0;204.894;0.0
15;3;42;0.0;139.253;0.0;213.11;0.0;213.11;0.0
15;3;43;0.0;139.549;0.0;219.944;0.0;219.944;0.0
15;3;44;0.0;140.554;0.0;211.743;0.0;211.743;0.0
15;3;45;0.0;135.229;0.0;201.204;0.0;201.204;0.0
15;3;46;0.0;127.384;0.0;192.389;0.0;192.389;0.0
15;3;47;0.0;124.825;0.0;168.985;0.0;168.985;0.0
15;3;48;0.0;86.731;0.0;103.787;0.0;103.787;0.0
15;3;49;0.0;82.106;0.0;105.718;0.0;105.718;0.0
15;3;50;0.0;79.916;0.0;98.83;0.0;98.83;0.0
15;3;51;0.0;77.636;0.0;96.921;0.0;96.921;0.0
15;3;52;0.0;76.941;0.0;95.328;0.0;95.328;0.0
15;3;53;0.0;77.368;0.0;102.679;0.0;102.679;0.0
15;3;54;0.0;76.816;0.0;106.072;0.0;106.072;0.0
15;3;55;0.0;88.955;0.0;141.156;0.0;141.156;0.0
15;3;56;0.0;94.086;0.0;151.882;0.0;151.882;0.0
15;3;57;5.45;82.51;0.0;148.855;0.0;148.855;0.0
15;3;58;24.734;83.797;0.0;112.727;0.0;112.727;0.0
15;3;59;21.803;81.991;0.0;119.15;0.0;119.15;0.0
15;3;60;75.471;78.707;0.0;47.679;0.0;47.679;0.0
15;3;61;170.054;126.903;0.0;0.0;0.0;0.0;0.0
15;3;62;100.221;48.702;0.0;0.0;0.0;0.0;0.0
15;3;63;72.579;42.643;0.0;25.402;0.0;25.402;0.0
15;3;64;9.183;69.156;0.0;136.969;0.0;136.969;0.0
15;3;65;0.0;153.574;0.0;236.256;0.0;236.256;0.0
15;3;66;0.0;154.788;0.0;224.124;0.0;224.124;0.0
15;3;67;0.0;150.304;0.0;218.741;0.0;218.741;0.0
15;3;68;0.0;0.0;0.0;85.99;0.0;85.99;0.0
15;3;69;0.0;0.0;0.0;56.64;0.0;56.64;0.0
15;3;70;0.0;0.0;0.0;61.653;0.0;61.653;0.0
15;3;71;0.0;83.405;0.0;129.696;0.0;129.696;0.0
15;3;72;0.0;86.275;0.0;103.616;0.0;103.616;0.0
15;3;73;0.0;88.296;0.0;109.237;0.0;109.237;0.0
15;3;74;0.0;90.106;0.0;109.684;0.0;109.684;0.0
15;3;75;0.0;93.682;0.0;112.22;0.0;112.22;0.0
15;3;76;0.0;92.607;0.0;112.025;0.0;112.025;0.0
15;3;77;0.0;93.812;0.0;113.892;0.0;113.892;0.0
15;3;78;0.0;160.862;0.0;180.406;0.0;180.406;0.0
15;3;79;0.0;47.277;0.0;76.713;0.0;76.713;0.0
15;3;80;0.0;115.747;0.0;148.995;0.0;148.995;0.0
15;3;81;3.973;101.31;0.0;137.278;0.0;137.278;0.0
15;3;82;7.948;101.039;0.0;136.885;0.0;136.885;0.0
15;3;83;17.393;100.179;0.0;131.725;0.0;131.725;0.0
15;3;84;31.811;95.756;0.0;101.347;0.0;101.347;0.0
15;3;85;187.399;154.221;0.0;0.0;0.0;0.0;0.0
15;3;86;181.88;142.817;0.0;0.0;0.0;0.0;0.0
15;3;87;108.08;162.889;0.0;95.385;0.0;95.385;0.0
15;3;88;12.005;112.555;0.0;150.51;0.0;150.51;0.0
15;3;89;0.0;165.324;0.0;213.708;0.0;213.708;0.0
15;3;90;0.0;167.354;0.0;224.844;0.0;224.844;0.0
15;3;91;0.0;0.0;0.0;68.944;0.0;68.944;0.0
15;3;92;0.0;0.0;0.0;88.446;0.0;88.446;0.0
15;3;93;0.0;0.0;0.0;75.65;0.0;75.65;0.0
15;3;94;0.0;124.279;0.0;175.791;0.0;175.791;0.0
15;3;95;0.0;129.016;0.0;183.689;0.0;183.689;0.0
15;3;96;0.0;176.302;0.0;193.11;0.0;193.11;0.0
15;3;97;0.0;177.932;0.0;202.136;0.0;202.136;0.0
15;3;98;0.0;178.339;0.0;197.064;0.0;197.064;0.0
15;3;99;0.0;179.562;0.0;199.555;0.0;199.555;0.0
15;3;100;0.0;177.932;0.0;196.391;0.0;196.391;0.0
15;3;101;0.0;175.487;0.0;194.837;0.0;194.837;0.0
15;3;102;0.0;173.859;0.0;194.109;0.0;194.109;0.0
15;3;103;0.0;173.045;0.0;222.323;0.0;222.323;0.0
15;3;104;0.0;159.527;0.0;222.596;0.0;222.596;0.0
15;3;105;2.99;168.979;0.0;243.858;0.0;243.858;0.0
15;3;106;10.505;141.168;0.0;214.966;0.0;214.966;0.0
15;3;107;13.512;156.557;0.0;221.198;0.0;221.198;0.0
15;3;108;25.545;158.088;0.0;212.365;0.0;212.365;0.0
15;3;109;29.731;150.883;0.0;191.667;0.0;191.667;0.0
15;3;110;22.013;144.355;0.0;210.382;0.0;210.382;0.0
15;3;111;12.502;144.236;0.0;204.4;0.0;204.4;0.0
15;3;112;1.995;141.371;0.0;215.136;0.0;215.136;0.0
15;3;113;0.0;139.387;0.0;216.697;0.0;216.697;0.0
15;3;114;0.0;147.19;0.0;217.866;0.0;217.866;0.0
15;3;115;0.0;143.814;0.0;234.101;0.0;234.101;0.0
15;3;116;0.0;143.145;0.0;217.321;0.0;217.321;0.0
15;3;117;0.0;141.6;0.0;209.776;0.0;209.776;0.0
15;3;118;0.0;133.665;0.0;199.821;0.0;199.821;0.0
15;3;119;0.0;169.385;0.0;216.825;0.0;216.825;0.0
15;3;120;0.0;169.385;0.0;186.821;0.0;186.821;0.0
15;3;121;0.0;170.198;0.0;192.899;0.0;192.899;0.0
15;3;122;0.0;172.638;0.0;191.873;0.0;191.873;0.0
15;3;123;0.0;175.487;0.0;194.411;0.0;194.411;0.0
15;3;124;0.0;164.222;0.0;182.446;0.0;182.446;0.0
15;3;125;0.0;0.0;0.0;19.209;0.0;19.209;0.0
15;3;126;0.0;170.898;0.0;192.77;0.0;192.77;0.0
15;3;127;0.0;169.854;0.0;225.025;0.0;225.025;0.0
15;3;128;0.0;158.369;0.0;228.604;0.0;228.604;0.0
15;3;129;9.436;155.009;0.0;217.824;0.0;217.824;0.0
15;3;130;24.747;146.657;0.0;185.885;0.0;185.885;0.0
15;3;131;23.013;141.929;0.0;188.398;0.0;188.398;0.0
15;3;132;62.292;140.328;0.0;130.212;0.0;130.212;0.0
15;3;133;69.475;130.934;0.0;109.703;0.0;109.703;0.0
15;3;134;16.98;127.943;0.0;182.303;0.0;182.303;0.0
15;3;135;10.996;131.242;0.0;186.911;0.0;186.911;0.0
15;3;136;0.996;170.605;0.0;241.597;0.0;241.597;0.0
15;3;137;0.0;92.042;0.0;160.717;0.0;160.717;0.0
15;3;138;0.0;140.735;0.0;216.46;0.0;216.46;0.0
15;3;139;0.0;175.08;0.0;260.767;0.0;260.767;0.0
15;3;140;0.0;118.164;0.0;185.696;0.0;185.696;0.0
15;3;141;0.0;152.257;0.0;214.986;0.0;214.986;0.0
15;3;142;0.0;148.211;0.0;217.977;0.0;217.977;0.0
15;3;143;0.0;153.603;0.0;191.924;0.0;191.924;0.0
15;3;144;0.0;177.932;0.0;197.344;0.0;197.344;0.0
15;3;145;0.0;131.666;0.0;151.132;0.0;151.132;0.0
15;3;146;0.0;179.155;0.0;197.999;0.0;197.999;0.0
15;3;147;0.0;139.827;0.0;160.125;0.0;160.125;0.0
15;3;148;0.0;161.705;0.0;180.726;0.0;180.726;0.0
15;3;149;0.0;162.549;0.0;183.981;0.0;183.981;0.0
15;3;150;0.0;171.029;0.0;199.456;0.0;199.456;0.0
15;3;151;0.0;165.086;0.0;224.778;0.0;224.778;0.0
15;3;152;0.0;151.276;0.0;230.181;0.0;230.181;0.0
15;3;153;33.418;138.133;0.0;172.948;0.0;172.948;0.0
15;3;154;93.344;131.094;0.0;90.937;0.0;90.937;0.0
15;3;155;45.698;119.155;0.0;128.23;0.0;128.23;0.0
15;3;156;28.318;115.87;0.0;142.601;0.0;142.601;0.0
15;3;157;32.008;160.051;0.0;195.939;0.0;195.939;0.0
15;3;158;21.855;54.944;0.0;104.747;0.0;104.747;0.0
15;3;159;9.429;106.351;0.0;179.52;0.0;179.52;0.0
15;3;160;4.469;104.043;0.0;181.469;0.0;181.469;0.0
15;3;161;0.0;104.657;0.0;170.892;0.0;170.892;0.0
15;3;162;0.0;111.309;0.0;184.793;0.0;184.793;0.0
15;3;163;0.0;110.202;0.0;193.449;0.0;193.449;0.0
15;3;164;0.0;106.479;0.0;176.774;0.0;176.774;0.0
15;3;165;0.0;150.379;0.0;225.473;0.0;225.473;0.0
15;3;166;0.0;159.241;0.0;230.683;0.0;230.683;0.0
15;3;167;0.0;160.862;0.0;209.72;0.0;209.72;0.0
20;0;0;0.0;0.0;0.0;16.917;0.0;16.917;0.0
20;0;1;0.0;82.863;0.0;103.115;0.0;103.115;0.0
20;0;2;0.0;0.0;0.0;20.233;0.0;20.233;0.0
20;0;3;0.0;79.29;0.0;100.612;0.0;100.612;0.0
20;0;4;0.0;81.545;0.0;100.351;0.0;100.351;0.0
20;0;5;0.0;83.157;0.0;103.913;0.0;103.913;0.0
20;0;6;0.0;94.38;0.0;119.797;0.0;119.797;0.0
20;0;7;0.0;92.902;0.0;154.485;0.0;154.485;0.0
20;0;8;47.156;85.746;0.0;97.573;0.0;97.573;0.0
20;0;9;154.67;102.17;0.0;0.0;0.0;0.0;0.0
20;0;10;179.17;131.082;0.0;0.0;0.0;0.0;0.0
20;0;11;104.681;61.159;0.0;0.0;0.0;0.0;0.0
20;0;12;138.575;89.19;0.0;0.0;0.0;0.0;0.0
20;0;13;61.986;28.45;0.0;18.463;0.0;18.463;0.0
20;0;14;47.862;0.0;0.0;12.957;0.0;12.957;0.0
20;0;15;133.118;82.78;0.0;0.0;0.0;0.0;0.0
20;0;16;83.126;31.467;0.0;0.0;0.0;0.0;0.0
20;0;17;25.467;46.011;0.0;91.178;0.0;91.178;0.0
20;0;18;0.49;145.898;0.0;219.333;0.0;219.333;0.0
20;0;19;0.0;0.0;0.0;73.206;0.0;73.206;0.0
20;0;20;0.0;40.737;0.0;124.244;0.0;124.244;0.0
20;0;21;0.0;148.32;0.0;211.562;0.0;211.562;0.0
20;0;22;0.0;150.744;0.0;202.612;0.0;202.612;0.0
20;0;23;0.0;152.765;0.0;197.134;0.0;197.134;0.0
20;0;24;0.0;0.0;0.0;16.85;0.0;16.85;0.0
20;0;25;0.0;0.0;0.0;18.334;0.0;18.334;0.0
20;0;26;0.0;0.0;0.0;19.988;0.0;19.988;0.0
20;0;27;0.0;159.241;0.0;178.911;0.0;178.911;0.0
20;0;28;0.0;159.646;0.0;178.209;0.0;178.209;0.0
20;0;29;0.0;130.622;0.0;150.795;0.0;150.795;0.0
20;0;30;0.0;0.0;0.0;23.287;0.0;23.287;0.0
20;0;31;0.0;0.0;0.0;61.958;0.0;61.958;0.0
20;0;32;43.574;97.391;0.0;119.581;0.0;119.581;0.0
20;0;33;135.472;91.807;0.0;8.696;0.0;8.696;0.0
20;0;34;201.315;148.748;0.0;0.0;0.0;0.0;0.0
20;0;35;203.008;152.361;0.0;0.0;3.352;0.0;3.352
20;0;36;150.523;108.157;0.0;0.0;0.0;0.0;0.0
20;0;37;294.6;148.32;0.0;0.0;95.037;0.0;95.037
20;0;38;334.76;147.109;0.0;0.0;136.433;0.0;136.433
20;0;39;268.471;144.284;0.0;0.0;70.834;0.0;70.834
20;0;40;137.318;80.216;0.0;0.0;0.0;0.0;0.0
20;0;41;46.31;0.0;0.0;10.769;0.0;10.769;0.0
20;0;42;0.98;145.495;0.0;206.489;0.0;206.489;0.0
20;0;43;0.0;130.715;0.0;204.875;0.0;204.875;0.0
20;0;44;0.0;69.544;0.0;141.19;0.0;141.19;0.0
20;0;45;0.0;0.0;0.0;58.305;0.0;58.305;0.0
20;0;46;0.0;0.0;0.0;65.383;0.0;65.383;0.0
20;0;47;0.0;0.0;0.0;46.733;0.0;46.733;0.0
20;0;48;0.0;0.0;0.0;17.282;0.0;17.282;0.0
20;0;49;0.0;0.0;0.0;19.915;0.0;19.915;0.0
20;0;50;0.0;0.0;0.0;19.197;0.0;19.197;0.0
20;0;51;0.0;0.0;0.0;18.749;0.0;18.749;0.0
20;0;52;0.0;0.0;0.0;19.09;0.0;19.09;0.0
20;0;53;0.0;24.557;0.0;45.25;0.0;45.25;0.0
20;0;54;0.0;73.33;0.0;96.395;0.0;96.395;0.0
20;0;55;0.0;90.321;0.0;150.615;0.0;150.615;0.0
20;0;56;29.617;86.677;0.0;120.791;0.0;120.791;0.0
20;0;57;79.435;74.676;0.0;46.746;0.0;46.746;0.0
20;0;58;139.778;91.378;0.0;0.0;0.0;0.0;0.0
20;0;59;193.631;151.957;0.0;0.0;0.0;0.0;0.0
20;0;60;103.339;61.754;0.0;0.0;0.0;0.0;0.0
20;0;61;42.428;0.0;0.0;4.689;0.0;4.689;0.0
20;0;62;34.084;0.0;0.0;14.97;0.0;14.97;0.0
20;0;63;198.073;150.155;0.0;0.0;0.0;0.0;0.0
20;0;64;205.422;143.881;0.0;0.0;4.291;0.0;4.291
20;0;65;34.899;0.0;0.0;35.529;0.0;35.529;0.0
20;0;66;0.489;0.0;0.0;83.529;0.0;83.529;0.0
20;0;67;0.0;40.003;0.0;128.681;0.0;128.681;0.0
20;0;68;0.0;133.811;0.0;204.927;0.0;204.927;0.0
20;0;69;0.0;133.811;0.0;211.103;0.0;211.103;0.0
20;0;70;0.0;135.822;0.0;193.563;0.0;193.563;0.0
20;0;71;0.0;142.671;0.0;186.105;0.0;186.105;0.0
20;0;72;0.0;0.0;0.0;16.68;0.0;16.68;0.0
20;0;73;0.0;0.0;0.0;18.497;0.0;18.497;0.0
20;0;74;0.0;0.0;0.0;18.753;0.0;18.753;0.0
20;0;75;0.0;0.0;0.0;19.291;0.0;19.291;0.0
20;0;76;0.0;0.0;0.0;18.646;0.0;18.646;0.0
20;0;77;0.0;0.0;0.0;19.385;0.0;19.385;0.0
20;0;78;0.0;0.0;0.0;21.275;0.0;21.275;0.0
20;0;79;0.0;87.213;0.0;111.189;0.0;111.189;0.0
20;0;80;9.509;0.0;0.0;29.178;0.0;29.178;0.0
20;0;81;25.688;84.848;0.0;94.743;0.0;94.743;0.0
20;0;82;41.642;82.907;0.0;81.329;0.0;81.329;0.0
20;0;83;70.881;79.246;0.0;48.602;0.0;48.602;0.0
20;0;84;105.663;75.551;0.0;16.151;0.0;16.151;0.0
20;0;85;91.036;74.635;0.0;20.556;0.0;20.556;0.0
20;0;86;50.382;74.082;0.0;65.032;0.0;65.032;0.0
20;0;87;82.569;77.302;0.0;25.406;0.0;25.406;0.0
20;0;88;48.158;159.241;0.0;144.829;0.0;144.829;0.0
20;0;89;74.235;143.194;0.0;107.124;0.0;107.124;0.0
20;0;90;7.478;0.0;0.0;46.519;0.0;46.519;0.0
20;0;91;0.0;0.0;0.0;66.306;0.0;66.306;0.0
20;0;92;0.0;165.73;0.0;251.937;0.0;251.937;0.0
20;0;93;0.0;5.277;0.0;72.342;0.0;72.342;0.0
20;0;94;0.0;92.164;0.0;159.558;0.0;159.558;0.0
20;0;95;0.0;89.922;0.0;137.184;0.0;137.184;0.0
20;0;96;0.0;139.411;0.0;156.339;0.0;156.339;0.0
20;0;97;0.0;141.889;0.0;165.878;0.0;165.878;0.0
20;0;98;0.0;144.795;0.0;162.743;0.0;162.743;0.0
20;0;99;0.0;145.884;0.0;164.255;0.0;164.255;0.0
20;0;100;0.0;146.193;0.0;165.216;0.0;165.216;0.0
20;0;101;0.0;145.858;0.0;165.095;0.0;165.095;0.0
20;0;102;0.0;153.256;0.0;173.368;0.0;173.368;0.0
20;0;103;0.0;150.884;0.0;208.596;0.0;208.596;0.0
20;0;104;35.32;137.772;0.0;170.363;0.0;170.363;0.0
20;0;105;84.116;133.833;0.0;97.195;0.0;97.195;0.0
20;0;106;75.969;126.821;0.0;105.764;0.0;105.764;0.0
20;0;107;59.83;117.275;0.0;121.564;0.0;121.564;0.0
20;0;108;54.143;114.491;0.0;113.73;0.0;113.73;0.0
20;0;109;45.312;106.48;0.0;112.056;0.0;112.056;0.0
20;0;110;186.42;160.051;0.0;27.229;0.0;27.229;0.0
20;0;111;165.89;158.431;0.0;41.93;0.0;41.93;0.0
20;0;112;25.758;158.836;0.0;202.818;0.0;202.818;0.0
20;0;113;20.59;163.701;0.0;216.08;0.0;216.08;0.0
20;0;114;7.994;165.324;0.0;239.801;0.0;239.801;0.0
20;0;115;0.0;0.0;0.0;83.674;0.0;83.674;0.0
20;0;116;0.0;0.0;0.0;82.816;0.0;82.816;0.0
20;0;117;0.0;26.911;0.0;102.044;0.0;102.044;0.0
20;0;118;0.0;115.403;0.0;182.639;0.0;182.639;0.0
20;0;119;0.0;120.057;0.0;160.108;0.0;160.108;0.0
20;0;120;0.0;125.957;0.0;144.847;0.0;144.847;0.0
20;0;121;0.0;125.842;0.0;147.145;0.0;147.145;0.0
20;0;122;0.0;126.705;0.0;145.935;0.0;145.935;0.0
20;0;123;0.0;130.018;0.0;149.24;0.0;149.24;0.0
20;0;124;0.0;131.929;0.0;149.835;0.0;149.835;0.0
20;0;125;0.0;133.159;0.0;151.86;0.0;151.86;0.0
20;0;126;0.0;143.931;0.0;165.707;0.0;165.707;0.0
20;0;127;0.0;140.299;0.0;201.476;0.0;201.476;0.0
20;0;128;42.554;127.876;0.0;153.901;0.0;153.901;0.0
20;0;129;137.143;125.743;0.0;38.033;0.0;38.033;0.0
20;0;130;135.203;118.771;0.0;34.523;0.0;34.523;0.0
20;0;131;59.294;115.451;0.0;102.731;0.0;102.731;0.0
20;0;132;40.433;117.946;0.0;125.464;0.0;125.464;0.0
20;0;133;76.078;104.995;0.0;90.092;0.0;90.092;0.0
20;0;134;64.919;101.519;0.0;95.333;0.0;95.333;0.0
20;0;135;126.338;162.484;0.0;84.272;0.0;84.272;0.0
20;0;136;106.583;163.295;0.0;106.018;0.0;106.018;0.0
20;0;137;109.218;164.106;0.0;114.954;0.0;114.954;0.0
20;0;138;2.992;167.76;0.0;243.584;0.0;243.584;0.0
20;0;139;0.0;169.792;0.0;240.253;0.0;240.253;0.0
20;0;140;0.0;171.825;0.0;244.904;0.0;244.904;0.0
20;0;141;0.0;0.0;0.0;56.957;0.0;56.957;0.0
20;0;142;0.0;0.0;0.0;70.845;0.0;70.845;0.0
20;0;143;0.0;0.0;0.0;40.193;0.0;40.193;0.0
20;0;144;0.0;177.932;0.0;194.581;0.0;194.581;0.0
20;0;145;0.0;47.114;0.0;68.03;0.0;68.03;0.0
20;0;146;0.0;180.786;0.0;199.986;0.0;199.986;0.0
20;0;147;0.0;184.052;0.0;203.064;0.0;203.064;0.0
20;0;148;0.0;185.277;0.0;204.293;0.0;204.293;0.0
20;0;149;0.0;186.503;0.0;205.436;0.0;205.436;0.0
20;0;150;0.0;24.961;0.0;47.127;0.0;47.127;0.0
20;0;151;1.517;170.745;0.0;227.249;0.0;227.249;0.0
20;0;152;92.171;161.931;0.0;123.712;0.0;123.712;0.0
20;0;153;240.001;186.094;0.0;0.0;3.661;0.0;3.661
20;0;154;290.572;180.786;0.0;0.0;65.226;0.0;65.226
20;0;155;209.866;166.215;0.0;0.0;0.0;0.0;0.0
20;0;156;279.245;173.045;0.0;0.0;60.884;0.0;60.884
20;0;157;141.197;170.605;0.0;89.216;0.0;89.216;0.0
20;0;158;49.471;173.045;0.0;181.198;0.0;181.198;0.0
20;0;159;87.032;172.638;0.0;133.866;0.0;133.866;0.0
20;0;160;139.358;177.524;0.0;93.043;0.0;93.043;0.0
20;0;161;77.291;178.747;0.0;157.741;0.0;157.741;0.0
20;0;162;10.55;178.747;0.0;230.052;0.0;230.052;0.0
20;0;163;0.0;182.827;0.0;257.332;0.0;257.332;0.0
20;0;164;0.0;17.947;0.0;93.584;0.0;93.584;0.0
20;0;165;0.0;0.0;0.0;71.567;0.0;71.567;0.0
20;0;166;0.0;0.0;0.0;63.412;0.0;63.412;0.0
20;0;167;0.0;186.503;0.0;236.973;0.0;236.973;0.0
20;1;0;0.0;0.0;0.0;16.763;0.0;16.763;0.0
20;1;1;0.0;0.0;0.0;17.892;0.0;17.892;0.0
20;1;2;0.0;0.0;0.0;18.353;0.0;18.353;0.0
20;1;3;0.0;0.0;0.0;19.991;0.0;19.991;0.0
20;1;4;0.0;0.0;0.0;21.049;0.0;21.049;0.0
20;1;5;0.0;0.0;0.0;19.563;0.0;19.563;0.0
20;1;6;4.959;0.0;0.0;21.099;0.0;21.099;0.0
20;1;7;54.344;0.0;0.0;0.0;14.251;0.0;14.251
20;1;8;153.175;0.0;0.0;0.0;92.309;0.0;92.309
20;1;9;263.706;0.0;0.0;0.0;198.868;0.0;198.868
20;1;10;351.173;0.0;0.0;0.0;290.044;0.0;290.044
20;1;11;398.04;0.0;0.0;0.0;344.184;0.0;344.184
20;1;12;434.603;0.0;0.0;0.0;382.544;0.0;382.544
20;1;13;486.896;0.0;0.0;0.0;429.482;0.0;429.482
20;1;14;398.832;0.0;0.0;0.0;340.38;0.0;340.38
20;1;15;272.044;0.0;0.0;0.0;221.647;0.0;221.647
20;1;16;185.903;0.0;0.0;0.0;125.579;0.0;125.579
20;1;17;112.563;0.0;0.0;0.0;57.066;0.0;57.066
20;1;18;49.372;0.0;0.0;4.916;0.0;4.916;0.0
20;1;19;1.904;0.0;0.0;71.674;0.0;71.674;0.0
20;1;20;0.0;0.0;0.0;73.7;0.0;73.7;0.0
20;1;21;0.0;0.0;0.0;70.329;0.0;70.329;0.0
20;1;22;0.0;0.0;0.0;58.006;0.0;58.006;0.0
20;1;23;0.0;0.0;0.0;41.519;0.0;41.519;0.0
20;1;24;0.0;0.0;0.0;17.033;0.0;17.033;0.0
20;1;25;0.0;0.0;0.0;22.962;0.0;22.962;0.0
20;1;26;0.0;0.0;0.0;19.109;0.0;19.109;0.0
20;1;27;0.0;0.0;0.0;19.443;0.0;19.443;0.0
20;1;28;0.0;0.0;0.0;18.48;0.0;18.48;0.0
20;1;29;0.0;0.0;0.0;20.301;0.0;20.301;0.0
20;1;30;4.034;0.0;0.0;21.02;0.0;21.02;0.0
20;1;31;50.296;0.434;0.0;0.0;0.0;0.0;0.0
20;1;32;148.904;2.037;0.0;0.0;86.389;0.0;86.389
20;1;33;250.305;2.357;0.0;0.0;194.133;0.0;194.133
20;1;34;324.144;2.622;0.0;0.0;268.934;0.0;268.934
20;1;35;391.752;2.374;0.0;0.0;345.631;0.0;345.631
20;1;36;474.845;2.87;0.0;0.0;429.882;0.0;429.882
20;1;37;484.423;1.939;0.0;0.0;432.254;0.0;432.254
20;1;38;453.477;2.245;0.0;0.0;402.771;0.0;402.771
20;1;39;384.454;3.921;0.0;0.0;335.839;0.0;335.839
20;1;40;287.87;0.0;0.0;0.0;233.301;0.0;233.301
20;1;41;171.578;45.824;0.0;0.0;64.709;0.0;64.709
20;1;42;75.733;0.0;0.0;0.0;16.77;0.0;16.77
20;1;43;7.328;0.0;0.0;58.003;0.0;58.003;0.0
20;1;44;0.0;0.0;0.0;77.275;0.0;77.275;0.0
20;1;45;0.0;0.0;0.0;65.547;0.0;65.547;0.0
20;1;46;0.0;0.0;0.0;56.193;0.0;56.193;0.0
20;1;47;0.0;0.0;0.0;56.054;0.0;56.054;0.0
20;1;48;0.0;0.0;0.0;17.665;0.0;17.665;0.0
20;1;49;0.0;0.0;0.0;19.433;0.0;19.433;0.0
20;1;50;0.0;0.0;0.0;18.81;0.0;18.81;0.0
20;1;51;0.0;0.0;0.0;18.246;0.0;18.246;0.0
20;1;52;0.0;0.0;0.0;22.32;0.0;22.32;0.0
20;1;53;0.0;0.0;0.0;19.955;0.0;19.955;0.0
20;1;54;2.395;0.0;0.0;22.051;0.0;22.051;0.0
20;1;55;30.338;0.0;0.0;19.509;0.0;19.509;0.0
20;1;56;120.046;0.0;0.0;0.0;72.241;0.0;72.241
20;1;57;226.518;0.0;0.0;0.0;180.368;0.0;180.368
20;1;58;317.295;2.437;0.0;0.0;271.119;0.0;271.119
20;1;59;380.391;2.353;0.0;0.0;337.53;0.0;337.53
20;1;60;435.799;1.657;0.0;0.0;393.057;0.0;393.057
20;1;61;389.871;2.519;0.0;0.0;347.153;0.0;347.153
20;1;62;256.819;2.082;0.0;0.0;204.149;0.0;204.149
20;1;63;107.611;51.41;0.0;0.0;8.887;0.0;8.887
20;1;64;173.576;0.0;0.0;0.0;123.024;0.0;123.024
20;1;65;133.445;0.0;0.0;0.0;87.262;0.0;87.262
20;1;66;54.956;0.0;0.0;2.275;0.0;2.275;0.0
20;1;67;6.67;0.0;0.0;53.934;0.0;53.934;0.0
20;1;68;0.0;0.0;0.0;77.337;0.0;77.337;0.0
20;1;69;0.0;0.0;0.0;64.027;0.0;64.027;0.0
20;1;70;0.0;0.0;0.0;58.409;0.0;58.409;0.0
20;1;71;0.0;0.0;0.0;39.712;0.0;39.712;0.0
20;1;72;0.0;0.0;0.0;17.553;0.0;17.553;0.0
20;1;73;0.0;0.0;0.0;19.72;0.0;19.72;0.0
20;1;74;0.0;0.0;0.0;19.438;0.0;19.438;0.0
20;1;75;0.0;0.0;0.0;18.504;0.0;18.504;0.0
20;1;76;0.0;0.0;0.0;18.562;0.0;18.562;0.0
20;1;77;0.0;0.0;0.0;23.894;0.0;23.894;0.0
20;1;78;2.898;0.0;0.0;19.004;0.0;19.004;0.0
20;1;79;37.998;0.0;0.0;0.0;10.578;0.0;10.578
20;1;80;136.361;0.0;0.0;0.0;106.351;0.0;106.351
20;1;81;261.62;2.528;0.0;0.0;223.598;0.0;223.598
20;1;82;364.714;3.001;0.0;0.0;325.543;0.0;325.543
20;1;83;440.862;2.316;0.0;0.0;400.302;0.0;400.302
20;1;84;472.778;1.789;0.0;0.0;435.484;0.0;435.484
20;1;85;439.503;2.537;0.0;0.0;396.266;0.0;396.266
20;1;86;387.037;2.489;0.0;0.0;344.322;0.0;344.322
20;1;87;361.009;45.645;0.0;0.0;281.952;0.0;281.952
20;1;88;202.096;0.0;0.0;0.0;155.351;0.0;155.351
20;1;89;108.782;0.0;0.0;0.0;72.381;0.0;72.381
20;1;90;69.718;0.0;0.0;0.0;18.362;0.0;18.362
20;1;91;6.859;0.0;0.0;57.898;0.0;57.898;0.0
20;1;92;0.0;0.0;0.0;67.966;0.0;67.966;0.0
20;1;93;0.0;0.0;0.0;64.396;0.0;64.396;0.0
20;1;94;0.0;0.0;0.0;58.339;0.0;58.339;0.0
20;1;95;0.0;0.0;0.0;49.996;0.0;49.996;0.0
20;1;96;0.0;0.0;0.0;16.783;0.0;16.783;0.0
20;1;97;0.0;0.0;0.0;18.711;0.0;18.711;0.0
20;1;98;0.0;0.0;0.0;22.833;0.0;22.833;0.0
20;1;99;0.0;0.0;0.0;19.229;0.0;19.229;0.0
20;1;100;0.0;0.0;0.0;18.228;0.0;18.228;0.0
20;1;101;0.0;0.0;0.0;19.633;0.0;19.633;0.0
20;1;102;2.411;0.0;0.0;17.194;0.0;17.194;0.0
20;1;103;41.996;0.0;0.0;0.0;5.701;0.0;5.701
20;1;104;108.827;0.0;0.0;0.0;54.683;0.0;54.683
20;1;105;123.015;2.56;0.0;0.0;69.201;0.0;69.201
20;1;106;262.381;2.783;0.0;0.0;207.701;0.0;207.701
20;1;107;449.856;2.277;0.0;0.0;383.515;0.0;383.515
20;1;108;503.661;3.104;0.0;0.0;442.219;0.0;442.219
20;1;109;408.972;2.413;0.0;0.0;348.522;0.0;348.522
20;1;110;215.109;2.077;0.0;0.0;145.719;0.0;145.719
20;1;111;169.92;2.64;0.0;0.0;114.577;0.0;114.577
20;1;112;155.741;2.179;0.0;0.0;88.014;0.0;88.014
20;1;113;123.944;42.46;0.0;0.0;14.496;0.0;14.496
20;1;114;65.374;0.0;0.0;0.0;11.02;0.0;11.02
20;1;115;6.412;0.0;0.0;63.724;0.0;63.724;0.0
20;1;116;0.0;0.0;0.0;71.854;0.0;71.854;0.0
20;1;117;0.0;0.0;0.0;59.689;0.0;59.689;0.0
20;1;118;0.0;0.0;0.0;53.321;0.0;53.321;0.0
20;1;119;0.0;0.0;0.0;35.648;0.0;35.648;0.0
20;1;120;0.0;0.0;0.0;16.989;0.0;16.989;0.0
20;1;121;0.0;0.0;0.0;20.609;0.0;20.609;0.0
20;1;122;0.0;0.0;0.0;18.532;0.0;18.532;0.0
20;1;123;0.0;0.0;0.0;18.088;0.0;18.088;0.0
20;1;124;0.0;0.0;0.0;19.257;0.0;19.257;0.0
20;1;125;0.0;0.0;0.0;19.214;0.0;19.214;0.0
20;1;126;1.443;0.0;0.0;19.099;0.0;19.099;0.0
20;1;127;31.621;0.0;0.0;19.059;0.0;19.059;0.0
20;1;128;138.447;0.0;0.0;0.0;83.459;0.0;83.459
20;1;129;259.169;3.03;0.0;0.0;204.997;0.0;204.997
20;1;130;362.154;2.613;0.0;0.0;302.665;0.0;302.665
20;1;131;429.666;2.408;0.0;0.0;373.527;0.0;373.527
20;1;132;469.183;3.36;0.0;0.0;407.492;0.0;407.492
20;1;133;443.723;2.301;0.0;0.0;377.725;0.0;377.725
20;1;134;350.988;2.577;0.0;0.0;300.52;0.0;300.52
20;1;135;248.482;2.279;0.0;0.0;202.58;0.0;202.58
20;1;136;193.537;2.179;0.0;0.0;148.246;0.0;148.246
20;1;137;150.499;38.754;0.0;0.0;63.271;0.0;63.271
20;1;138;67.078;0.0;0.0;0.0;6.21;0.0;6.21
20;1;139;5.796;0.0;0.0;63.201;0.0;63.201;0.0
20;1;140;0.0;0.0;0.0;65.642;0.0;65.642;0.0
20;1;141;0.0;0.0;0.0;62.976;0.0;62.976;0.0
20;1;142;0.0;0.0;0.0;52.098;0.0;52.098;0.0
20;1;143;0.0;0.0;0.0;62.957;0.0;62.957;0.0
20;1;144;0.0;0.0;0.0;17.761;0.0;17.761;0.0
20;1;145;0.0;0.0;0.0;18.734;0.0;18.734;0.0
20;1;146;0.0;0.0;0.0;18.328;0.0;18.328;0.0
20;1;147;0.0;0.0;0.0;18.938;0.0;18.938;0.0
20;1;148;0.0;0.0;0.0;21.383;0.0;21.383;0.0
20;1;149;0.0;0.0;0.0;19.675;0.0;19.675;0.0
20;1;150;0.955;0.0;0.0;20.827;0.0;20.827;0.0
20;1;151;40.854;0.0;0.0;0.709;0.0;0.709;0.0
20;1;152;143.767;0.0;0.0;0.0;82.428;0.0;82.428
20;1;153;261.519;2.83;0.0;0.0;207.267;0.0;207.267
20;1;154;363.555;2.636;0.0;0.0;307.683;0.0;307.683
20;1;155;439.603;2.171;0.0;0.0;382.241;0.0;382.241
20;1;156;481.364;3.183;0.0;0.0;425.54;0.0;425.54
20;1;157;473.616;2.103;0.0;0.0;418.636;0.0;418.636
20;1;158;351.811;2.234;0.0;0.0;292.775;0.0;292.775
20;1;159;307.507;88.75;0.0;0.0;178.302;0.0;178.302
20;1;160;240.901;0.0;0.0;0.0;181.312;0.0;181.312
20;1;161;167.79;21.97;0.0;0.0;87.005;0.0;87.005
20;1;162;64.719;0.0;0.0;0.0;25.625;0.0;25.625
20;1;163;5.407;0.0;0.0;66.909;0.0;66.909;0.0
20;1;164;0.0;0.0;0.0;76.092;0.0;76.092;0.0
20;1;165;0.0;0.0;0.0;68.057;0.0;68.057;0.0
20;1;166;0.0;0.0;0.0;69.299;0.0;69.299;0.0
20;1;167;0.0;0.0;0.0;42.765;0.0;42.765;0.0
20;2;0;0.0;149.128;0.0;166.328;0.0;166.328;0.0
20;2;1;0.0;152.361;0.0;178.378;0.0;178.378;0.0
20;2;2;0.0;96.364;0.0;114.747;0.0;114.747;0.0
20;2;3;0.0;0.0;0.0;18.823;0.0;18.823;0.0
20;2;4;0.0;0.0;0.0;19.18;0.0;19.18;0.0
20;2;5;0.0;0.0;0.0;19.286;0.0;19.286;0.0
20;2;6;0.0;0.0;0.0;21.88;0.0;21.88;0.0
20;2;7;33.113;89.156;0.0;115.236;0.0;115.236;0.0
20;2;8;163.271;75.409;0.0;0.0;28.014;0.0;28.014
20;2;9;287.477;62.243;0.0;0.0;176.96;0.0;176.96
20;2;10;384.402;47.285;0.0;0.0;279.065;0.0;279.065
20;2;11;446.918;37.016;0.0;0.0;364.5;0.0;364.5
20;2;12;477.134;27.645;0.0;0.0;403.179;0.0;403.179
20;2;13;420.682;90.693;0.0;0.0;281.077;0.0;281.077
20;2;14;271.202;124.568;0.0;0.0;96.254;0.0;96.254
20;2;15;216.758;124.167;0.0;0.0;33.514;0.0;33.514
20;2;16;208.452;124.167;0.0;0.0;31.855;0.0;31.855
20;2;17;125.872;74.539;0.0;0.0;0.0;0.0;0.0
20;2;18;26.192;21.715;0.0;62.158;0.0;62.158;0.0
20;2;19;0.0;25.524;0.0;93.528;0.0;93.528;0.0
20;2;20;0.0;30.44;0.0;108.073;0.0;108.073;0.0
20;2;21;0.0;33.935;0.0;97.052;0.0;97.052;0.0
20;2;22;0.0;37.239;0.0;102.902;0.0;102.902;0.0
20;2;23;0.0;0.0;0.0;58.176;0.0;58.176;0.0
20;2;24;0.0;0.0;0.0;16.659;0.0;16.659;0.0
20;2;25;0.0;0.0;0.0;19.219;0.0;19.219;0.0
20;2;26;0.0;0.0;0.0;18.695;0.0;18.695;0.0
20;2;27;0.0;0.0;0.0;18.878;0.0;18.878;0.0
20;2;28;0.0;0.0;0.0;18.35;0.0;18.35;0.0
20;2;29;0.0;0.0;0.0;22.177;0.0;22.177;0.0
20;2;30;0.0;0.0;0.0;24.177;0.0;24.177;0.0
20;2;31;30.603;29.587;0.0;48.612;0.0;48.612;0.0
20;2;32;152.527;65.923;0.0;0.0;37.511;0.0;37.511
20;2;33;253.957;53.067;0.0;0.0;148.016;0.0;148.016
20;2;34;356.665;37.494;0.0;0.0;264.751;0.0;264.751
20;2;35;422.016;26.403;0.0;0.0;346.648;0.0;346.648
20;2;36;445.295;17.839;0.0;0.0;372.548;0.0;372.548
20;2;37;427.67;105.63;0.0;0.0;274.385;0.0;274.385
20;2;38;388.33;118.091;0.0;0.0;226.384;0.0;226.384
20;2;39;322.785;120.008;0.0;0.0;152.281;0.0;152.281
20;2;40;209.855;120.556;0.0;0.0;33.188;0.0;33.188
20;2;41;82.075;25.493;0.0;0.0;0.0;0.0;0.0
20;2;42;18.82;0.0;0.0;45.873;0.0;45.873;0.0
20;2;43;0.0;0.0;0.0;67.545;0.0;67.545;0.0
20;2;44;0.0;0.0;0.0;78.285;0.0;78.285;0.0
20;2;45;0.0;0.0;0.0;65.811;0.0;65.811;0.0
20;2;46;0.0;0.0;0.0;69.962;0.0;69.962;0.0
20;2;47;0.0;0.0;0.0;45.367;0.0;45.367;0.0
20;2;48;0.0;0.0;0.0;16.822;0.0;16.822;0.0
20;2;49;0.0;0.0;0.0;17.764;0.0;17.764;0.0
20;2;50;0.0;0.0;0.0;19.345;0.0;19.345;0.0
20;2;51;0.0;0.0;0.0;18.273;0.0;18.273;0.0
20;2;52;0.0;0.0;0.0;18.43;0.0;18.43;0.0
20;2;53;0.0;0.0;0.0;19.109;0.0;19.109;0.0
20;2;54;0.0;0.0;0.0;19.644;0.0;19.644;0.0
20;2;55;0.97;0.0;0.0;65.553;0.0;65.553;0.0
20;2;56;25.562;0.0;0.0;30.469;0.0;30.469;0.0
20;2;57;52.864;6.543;0.0;0.0;0.0;0.0;0.0
20;2;58;44.906;0.0;0.0;5.609;0.0;5.609;0.0
20;2;59;56.555;14.921;0.0;0.0;0.0;0.0;0.0
20;2;60;78.875;34.483;0.0;0.0;0.0;0.0;0.0
20;2;61;84.721;40.342;0.0;0.0;0.0;0.0;0.0
20;2;62;100.172;60.577;0.0;0.0;0.0;0.0;0.0
20;2;63;111.226;55.738;0.0;0.0;0.0;0.0;0.0
20;2;64;50.662;8.638;0.0;0.0;0.0;0.0;0.0
20;2;65;32.851;0.0;0.0;20.401;0.0;20.401;0.0
20;2;66;10.388;0.0;0.0;54.531;0.0;54.531;0.0
20;2;67;0.0;0.0;0.0;71.876;0.0;71.876;0.0
20;2;68;0.0;0.0;0.0;82.575;0.0;82.575;0.0
20;2;69;0.0;0.0;0.0;62.48;0.0;62.48;0.0
20;2;70;0.0;0.0;0.0;59.396;0.0;59.396;0.0
20;2;71;0.0;0.0;0.0;58.581;0.0;58.581;0.0
20;2;72;0.0;77.783;0.0;94.945;0.0;94.945;0.0
20;2;73;0.0;0.0;0.0;23.613;0.0;23.613;0.0
20;2;74;0.0;0.0;0.0;18.041;0.0;18.041;0.0
20;2;75;0.0;0.0;0.0;19.582;0.0;19.582;0.0
20;2;76;0.0;0.0;0.0;17.903;0.0;17.903;0.0
20;2;77;0.0;0.0;0.0;23.818;0.0;23.818;0.0
20;2;78;0.0;0.0;0.0;22.748;0.0;22.748;0.0
20;2;79;22.601;0.0;0.0;1.931;0.0;1.931;0.0
20;2;80;100.413;68.422;0.0;0.0;0.0;0.0;0.0
20;2;81;82.345;16.355;0.0;0.0;32.407;0.0;32.407
20;2;82;86.814;33.951;0.0;0.0;1.022;0.0;1.022
20;2;83;202.456;90.108;0.0;0.0;78.058;0.0;78.058
20;2;84;322.116;132.202;0.0;0.0;155.59;0.0;155.59
20;2;85;244.344;129.388;0.0;0.0;78.429;0.0;78.429
20;2;86;152.085;110.613;0.0;0.0;0.0;0.0;0.0
20;2;87;130.263;88.408;0.0;0.0;0.0;0.0;0.0
20;2;88;89.315;53.462;0.0;0.0;0.0;0.0;0.0
20;2;89;71.804;30.924;0.0;0.0;0.0;0.0;0.0
20;2;90;13.044;0.0;0.0;39.498;0.0;39.498;0.0
20;2;91;0.0;0.0;0.0;50.629;0.0;50.629;0.0
20;2;92;0.0;5.81;0.0;69.323;0.0;69.323;0.0
20;2;93;0.0;0.0;0.0;62.695;0.0;62.695;0.0
20;2;94;0.0;140.252;0.0;195.699;0.0;195.699;0.0
20;2;95;0.0;36.729;0.0;79.143;0.0;79.143;0.0
20;2;96;0.0;26.933;0.0;43.974;0.0;43.974;0.0
20;2;97;0.0;0.0;0.0;25.743;0.0;25.743;0.0
20;2;98;0.0;0.0;0.0;18.744;0.0;18.744;0.0
20;2;99;0.0;0.0;0.0;19.302;0.0;19.302;0.0
20;2;100;0.0;0.0;0.0;19.654;0.0;19.654;0.0
20;2;101;0.0;0.0;0.0;18.927;0.0;18.927;0.0
20;2;102;0.0;0.0;0.0;22.055;0.0;22.055;0.0
20;2;103;22.036;89.418;0.0;118.047;0.0;118.047;0.0
20;2;104;144.965;78.179;0.0;0.0;18.796;0.0;18.796
20;2;105;268.045;66.723;0.0;0.0;137.79;0.0;137.79
20;2;106;297.547;87.797;0.0;0.0;147.099;0.0;147.099
20;2;107;224.776;131.398;0.0;0.0;35.115;0.0;35.115
20;2;108;290.095;126.576;0.0;0.0;110.671;0.0;110.671
20;2;109;260.311;125.371;0.0;0.0;87.135;0.0;87.135
20;2;110;245.352;125.371;0.0;0.0;68.322;0.0;68.322
20;2;111;129.071;78.675;0.0;0.0;0.0;0.0;0.0
20;2;112;74.396;21.757;0.0;0.0;0.0;0.0;0.0
20;2;113;61.218;0.0;0.0;2.424;0.0;2.424;0.0
20;2;114;9.419;0.0;0.0;60.403;0.0;60.403;0.0
20;2;115;0.0;0.0;0.0;67.327;0.0;67.327;0.0
20;2;116;0.0;0.0;0.0;73.727;0.0;73.727;0.0
20;2;117;0.0;0.0;0.0;59.035;0.0;59.035;0.0
20;2;118;0.0;0.0;0.0;64.329;0.0;64.329;0.0
20;2;119;0.0;0.0;0.0;37.669;0.0;37.669;0.0
20;2;120;0.0;0.0;0.0;16.642;0.0;16.642;0.0
20;2;121;0.0;0.0;0.0;24.197;0.0;24.197;0.0
20;2;122;0.0;0.0;0.0;21.166;0.0;21.166;0.0
20;2;123;0.0;0.0;0.0;19.23;0.0;19.23;0.0
20;2;124;0.0;0.0;0.0;18.572;0.0;18.572;0.0
20;2;125;0.0;0.0;0.0;19.618;0.0;19.618;0.0
20;2;126;0.0;0.0;0.0;24.537;0.0;24.537;0.0
20;2;127;8.358;40.925;0.0;94.099;0.0;94.099;0.0
20;2;128;45.384;36.387;0.0;54.794;0.0;54.794;0.0
20;2;129;74.428;34.396;0.0;21.372;0.0;21.372;0.0
20;2;130;93.507;46.055;0.0;0.0;0.0;0.0;0.0
20;2;131;110.033;56.323;0.0;0.0;0.0;0.0;0.0
20;2;132;206.446;120.282;0.0;0.0;43.922;0.0;43.922
20;2;133;268.861;117.818;0.0;0.0;87.098;0.0;87.098
20;2;134;124.675;78.681;0.0;0.0;0.0;0.0;0.0
20;2;135;65.225;18.865;0.0;0.0;0.0;0.0;0.0
20;2;136;57.669;15.627;0.0;0.0;0.0;0.0;0.0
20;2;137;37.342;54.286;0.0;86.112;0.0;86.112;0.0
20;2;138;7.83;0.0;0.0;73.366;0.0;73.366;0.0
20;2;139;0.0;0.0;0.0;93.458;0.0;93.458;0.0
20;2;140;0.0;0.0;0.0;78.981;0.0;78.981;0.0
20;2;141;0.0;0.0;0.0;69.214;0.0;69.214;0.0
20;2;142;0.0;0.0;0.0;63.181;0.0;63.181;0.0
20;2;143;0.0;0.0;0.0;39.6;0.0;39.6;0.0
20;2;144;0.0;0.0;0.0;16.821;0.0;16.821;0.0
20;2;145;0.0;0.0;0.0;18.137;0.0;18.137;0.0
20;2;146;0.0;0.0;0.0;18.381;0.0;18.381;0.0
20;2;147;0.0;0.0;0.0;19.946;0.0;19.946;0.0
20;2;148;0.0;0.0;0.0;18.542;0.0;18.542;0.0
20;2;149;0.0;0.0;0.0;19.36;0.0;19.36;0.0
20;2;150;0.0;0.0;0.0;19.909;0.0;19.909;0.0
20;2;151;3.42;0.0;0.0;52.224;0.0;52.224;0.0
20;2;152;17.603;0.0;0.0;48.516;0.0;48.516;0.0
20;2;153;32.75;37.541;0.0;64.107;0.0;64.107;0.0
20;2;154;31.68;34.675;0.0;66.807;0.0;66.807;0.0
20;2;155;46.445;31.132;0.0;33.052;0.0;33.052;0.0
20;2;156;66.787;26.98;0.0;9.065;0.0;9.065;0.0
20;2;157;51.847;19.807;0.0;22.624;0.0;22.624;0.0
20;2;158;54.074;17.122;0.0;21.733;0.0;21.733;0.0
20;2;159;45.003;28.463;0.0;33.053;0.0;33.053;0.0
20;2;160;22.247;123.364;0.0;166.631;0.0;166.631;0.0
20;2;161;10.173;0.0;0.0;63.561;0.0;63.561;0.0
20;2;162;2.424;0.0;0.0;76.909;0.0;76.909;0.0
20;2;163;0.0;0.0;0.0;71.248;0.0;71.248;0.0
20;2;164;0.0;0.0;0.0;82.687;0.0;82.687;0.0
20;2;165;0.0;0.0;0.0;63.305;0.0;63.305;0.0
20;2;166;0.0;38.518;0.0;102.536;0.0;102.536;0.0
20;2;167;0.0;130.192;0.0;173.116;0.0;173.116;0.0
20;3;0;0.0;0.0;0.0;19.833;0.0;19.833;0.0
20;3;1;0.0;101.723;0.0;125.312;0.0;125.312;0.0
20;3;2;0.0;130.071;0.0;149.517;0.0;149.517;0.0
20;3;3;0.0;131.44;0.0;150.935;0.0;150.935;0.0
20;3;4;0.0;175.895;0.0;195.308;0.0;195.308;0.0
20;3;5;0.0;95.48;0.0;116.082;0.0;116.082;0.0
20;3;6;0.0;148.55;0.0;171.876;0.0;171.876;0.0
20;3;7;0.0;146.255;0.0;207.864;0.0;207.864;0.0
20;3;8;0.0;135.842;0.0;206.108;0.0;206.108;0.0
20;3;9;42.006;130.992;0.0;152.766;0.0;152.766;0.0
20;3;10;81.086;128.292;0.0;99.341;0.0;99.341;0.0
20;3;11;68.499;121.719;0.0;97.659;0.0;97.659;0.0
20;3;12;156.021;116.453;0.0;20.727;0.0;20.727;0.0
20;3;13;288.775;167.354;0.0;0.0;71.802;0.0;71.802
20;3;14;269.657;158.836;0.0;0.0;65.311;0.0;65.311
20;3;15;172.565;158.026;0.0;32.948;0.0;32.948;0.0
20;3;16;37.679;160.051;0.0;183.086;0.0;183.086;0.0
20;3;17;0.0;163.701;0.0;246.05;0.0;246.05;0.0
20;3;18;0.0;164.918;0.0;238.453;0.0;238.453;0.0
20;3;19;0.0;0.0;0.0;78.495;0.0;78.495;0.0
20;3;20;0.0;0.0;0.0;82.184;0.0;82.184;0.0
20;3;21;0.0;0.0;0.0;72.069;0.0;72.069;0.0
20;3;22;0.0;51.14;0.0;109.114;0.0;109.114;0.0
20;3;23;0.0;174.673;0.0;217.797;0.0;217.797;0.0
20;3;24;0.0;176.302;0.0;193.337;0.0;193.337;0.0
20;3;25;0.0;0.0;0.0;25.436;0.0;25.436;0.0
20;3;26;0.0;133.215;0.0;151.278;0.0;151.278;0.0
20;3;27;0.0;135.269;0.0;153.997;0.0;153.997;0.0
20;3;28;0.0;138.141;0.0;157.344;0.0;157.344;0.0
20;3;29;0.0;140.135;0.0;161.698;0.0;161.698;0.0
20;3;30;0.0;148.962;0.0;173.544;0.0;173.544;0.0
20;3;31;0.0;150.09;0.0;199.735;0.0;199.735;0.0
20;3;32;0.0;139.118;0.0;206.765;0.0;206.765;0.0
20;3;33;36.127;133.821;0.0;171.874;0.0;171.874;0.0
20;3;34;139.468;128.727;0.0;42.506;0.0;42.506;0.0
20;3;35;158.872;122.444;0.0;18.849;0.0;18.849;0.0
20;3;36;183.584;128.921;0.0;0.0;0.0;0.0;0.0
20;3;37;132.472;105.809;0.0;19.566;0.0;19.566;0.0
20;3;38;29.928;115.216;0.0;150.022;0.0;150.022;0.0
20;3;39;17.041;118.724;0.0;160.132;0.0;160.132;0.0
20;3;40;4.005;116.065;0.0;189.274;0.0;189.274;0.0
20;3;41;0.0;119.64;0.0;193.141;0.0;193.141;0.0
20;3;42;0.0;126.797;0.0;200.655;0.0;200.655;0.0
20;3;43;0.0;127.067;0.0;207.461;0.0;207.461;0.0
20;3;44;0.0;127.982;0.0;199.171;0.0;199.171;0.0
20;3;45;0.0;123.133;0.0;189.108;0.0;189.108;0.0
20;3;46;0.0;115.99;0.0;180.995;0.0;180.995;0.0
20;3;47;0.0;113.66;0.0;157.82;0.0;157.82;0.0
20;3;48;0.0;78.973;0.0;96.029;0.0;96.029;0.0
20;3;49;0.0;74.762;0.0;98.374;0.0;98.374;0.0
20;3;50;0.0;72.768;0.0;91.682;0.0;91.682;0.0
20;3;51;0.0;70.691;0.0;89.977;0.0;89.977;0.0
20;3;52;0.0;70.059;0.0;88.446;0.0;88.446;0.0
20;3;53;0.0;70.448;0.0;95.759;0.0;95.759;0.0
20;3;54;0.0;69.945;0.0;99.201;0.0;99.201;0.0
20;3;55;0.0;80.999;0.0;133.199;0.0;133.199;0.0
20;3;56;0.0;85.67;0.0;143.466;0.0;143.466;0.0
20;3;57;5.45;75.13;0.0;141.475;0.0;141.475;0.0
20;3;58;24.734;76.302;0.0;105.232;0.0;105.232;0.0
20;3;59;21.803;74.658;0.0;111.817;0.0;111.817;0.0
20;3;60;75.471;71.667;0.0;40.639;0.0;40.639;0.0
20;3;61;170.054;126.903;0.0;0.0;0.0;0.0;0.0
20;3;62;100.221;48.702;0.0;0.0;0.0;0.0;0.0
20;3;63;72.579;23.606;0.0;6.365;0.0;6.365;0.0
20;3;64;9.183;62.97;0.0;130.783;0.0;130.783;0.0
20;3;65;0.0;153.574;0.0;236.256;0.0;236.256;0.0
20;3;66;0.0;154.788;0.0;224.124;0.0;224.124;0.0
20;3;67;0.0;109.227;0.0;177.664;0.0;177.664;0.0
20;3;68;0.0;0.0;0.0;85.99;0.0;85.99;0.0
20;3;69;0.0;0.0;0.0;56.64;0.0;56.64;0.0
20;3;70;0.0;0.0;0.0;61.653;0.0;61.653;0.0
20;3;71;0.0;75.945;0.0;122.236;0.0;122.236;0.0
20;3;72;0.0;78.558;0.0;95.899;0.0;95.899;0.0
20;3;73;0.0;80.399;0.0;101.34;0.0;101.34;0.0
20;3;74;0.0;82.046;0.0;101.624;0.0;101.624;0.0
20;3;75;0.0;85.302;0.0;103.84;0.0;103.84;0.0
20;3;76;0.0;84.324;0.0;103.741;0.0;103.741;0.0
20;3;77;0.0;85.421;0.0;105.501;0.0;105.501;0.0
20;3;78;0.0;160.862;0.0;180.406;0.0;180.406;0.0
20;3;79;0.0;28.625;0.0;58.06;0.0;58.06;0.0
20;3;80;0.0;105.394;0.0;138.642;0.0;138.642;0.0
20;3;81;3.973;92.248;0.0;128.216;0.0;128.216;0.0
20;3;82;7.948;92.001;0.0;127.847;0.0;127.847;0.0
20;3;83;17.393;91.218;0.0;122.765;0.0;122.765;0.0
20;3;84;31.811;87.191;0.0;92.782;0.0;92.782;0.0
20;3;85;187.399;154.221;0.0;0.0;0.0;0.0;0.0
20;3;86;181.88;142.817;0.0;0.0;0.0;0.0;0.0
20;3;87;108.08;162.889;0.0;95.385;0.0;95.385;0.0
20;3;88;12.005;31.434;0.0;69.388;0.0;69.388;0.0
20;3;89;0.0;165.324;0.0;213.708;0.0;213.708;0.0
20;3;90;0.0;167.354;0.0;224.844;0.0;224.844;0.0
20;3;91;0.0;0.0;0.0;68.944;0.0;68.944;0.0
20;3;92;0.0;0.0;0.0;88.446;0.0;88.446;0.0
20;3;93;0.0;0.0;0.0;75.65;0.0;75.65;0.0
20;3;94;0.0;113.163;0.0;164.674;0.0;164.674;0.0
20;3;95;0.0;110.257;0.0;164.929;0.0;164.929;0.0
20;3;96;0.0;158.939;0.0;175.747;0.0;175.747;0.0
20;3;97;0.0;161.969;0.0;186.173;0.0;186.173;0.0
20;3;98;0.0;162.873;0.0;181.598;0.0;181.598;0.0
20;3;99;0.0;165.414;0.0;185.407;0.0;185.407;0.0
20;3;100;0.0;162.81;0.0;181.27;0.0;181.27;0.0
20;3;101;0.0;158.895;0.0;178.244;0.0;178.244;0.0
20;3;102;0.0;163.872;0.0;184.122;0.0;184.122;0.0
20;3;103;0.0;158.053;0.0;207.332;0.0;207.332;0.0
20;3;104;0.0;145.258;0.0;208.327;0.0;208.327;0.0
20;3;105;2.99;168.979;0.0;243.858;0.0;243.858;0.0
20;3;106;10.505;113.217;0.0;187.015;0.0;187.015;0.0
20;3;107;13.512;142.554;0.0;207.194;0.0;207.194;0.0
20;3;108;25.545;143.947;0.0;198.225;0.0;198.225;0.0
20;3;109;29.731;137.387;0.0;178.172;0.0;178.172;0.0
20;3;110;22.013;131.443;0.0;197.47;0.0;197.47;0.0
20;3;111;12.502;131.335;0.0;191.498;0.0;191.498;0.0
20;3;112;1.995;128.726;0.0;202.491;0.0;202.491;0.0
20;3;113;0.0;126.92;0.0;204.229;0.0;204.229;0.0
20;3;114;0.0;134.024;0.0;204.701;0.0;204.701;0.0
20;3;115;0.0;130.95;0.0;221.238;0.0;221.238;0.0
20;3;116;0.0;130.342;0.0;204.517;0.0;204.517;0.0
20;3;117;0.0;128.934;0.0;197.111;0.0;197.111;0.0
20;3;118;0.0;121.709;0.0;187.865;0.0;187.865;0.0
20;3;119;0.0;169.385;0.0;216.825;0.0;216.825;0.0
20;3;120;0.0;169.385;0.0;186.821;0.0;186.821;0.0
20;3;121;0.0;170.198;0.0;192.899;0.0;192.899;0.0
20;3;122;0.0;172.638;0.0;191.873;0.0;191.873;0.0
20;3;123;0.0;175.487;0.0;194.411;0.0;194.411;0.0
20;3;124;0.0;71.958;0.0;90.183;0.0;90.183;0.0
20;3;125;0.0;0.0;0.0;19.209;0.0;19.209;0.0
20;3;126;0.0;155.612;0.0;177.484;0.0;177.484;0.0
20;3;127;0.0;154.661;0.0;209.832;0.0;209.832;0.0
20;3;128;0.0;144.204;0.0;214.439;0.0;214.439;0.0
20;3;129;9.436;141.144;0.0;203.959;0.0;203.959;0.0
20;3;130;24.747;133.539;0.0;172.767;0.0;172.767;0.0
20;3;131;23.013;129.234;0.0;175.703;0.0;175.703;0.0
20;3;132;62.292;127.776;0.0;117.66;0.0;117.66;0.0
20;3;133;69.475;119.222;0.0;97.991;0.0;97.991;0.0
20;3;134;16.98;116.499;0.0;170.859;0.0;170.859;0.0
20;3;135;10.996;119.503;0.0;175.172;0.0;175.172;0.0
20;3;136;0.996;170.605;0.0;241.597;0.0;241.597;0.0
20;3;137;0.0;68.486;0.0;137.161;0.0;137.161;0.0
20;3;138;0.0;128.146;0.0;203.872;0.0;203.872;0.0
20;3;139;0.0;175.08;0.0;260.767;0.0;260.767;0.0
20;3;140;0.0;91.911;0.0;159.443;0.0;159.443;0.0
20;3;141;0.0;138.638;0.0;201.367;0.0;201.367;0.0
20;3;142;0.0;134.954;0.0;204.72;0.0;204.72;0.0
20;3;143;0.0;139.864;0.0;178.185;0.0;178.185;0.0
20;3;144;0.0;177.932;0.0;197.344;0.0;197.344;0.0
20;3;145;0.0;103.953;0.0;123.419;0.0;123.419;0.0
20;3;146;0.0;179.155;0.0;197.999;0.0;197.999;0.0
20;3;147;0.0;111.275;0.0;131.573;0.0;131.573;0.0
20;3;148;0.0;147.241;0.0;166.262;0.0;166.262;0.0
20;3;149;0.0;148.01;0.0;169.442;0.0;169.442;0.0
20;3;150;0.0;155.731;0.0;184.159;0.0;184.159;0.0
20;3;151;0.0;150.319;0.0;210.011;0.0;210.011;0.0
20;3;152;0.0;137.745;0.0;216.65;0.0;216.65;0.0
20;3;153;33.418;125.777;0.0;160.592;0.0;160.592;0.0
20;3;154;93.344;119.368;0.0;79.212;0.0;79.212;0.0
20;3;155;45.698;108.497;0.0;117.572;0.0;117.572;0.0
20;3;156;28.318;105.506;0.0;132.237;0.0;132.237;0.0
20;3;157;32.008;160.051;0.0;195.939;0.0;195.939;0.0
20;3;158;21.855;35.677;0.0;85.48;0.0;85.48;0.0
20;3;159;9.429;96.838;0.0;170.008;0.0;170.008;0.0
20;3;160;4.469;94.737;0.0;172.163;0.0;172.163;0.0
20;3;161;0.0;95.295;0.0;161.531;0.0;161.531;0.0
20;3;162;0.0;101.353;0.0;174.837;0.0;174.837;0.0
20;3;163;0.0;100.345;0.0;183.592;0.0;183.592;0.0
20;3;164;0.0;96.955;0.0;167.25;0.0;167.25;0.0
20;3;165;0.0;108.004;0.0;183.099;0.0;183.099;0.0
20;3;166;0.0;159.241;0.0;230.683;0.0;230.683;0.0
20;3;167;0.0;160.862;0.0;209.72;0.0;209.72;0.0
