Support_Year;Cluster;Timestep;Device;Power_kW
0;0;0;HP;176.617
0;0;0;EB;0.0
0;0;0;from_grid;184.134
0;0;0;from_main_grid;184.134
0;0;0;from_network;0.0
0;0;1;HP;178.364
0;0;1;EB;0.0
0;0;1;from_grid;189.743
0;0;1;from_main_grid;189.743
0;0;1;from_network;0.0
0;0;2;HP;0.0
0;0;2;EB;0.0
0;0;2;from_grid;9.868
0;0;2;from_main_grid;9.868
0;0;2;from_network;0.0
0;0;3;HP;60.76
0;0;3;EB;0.0
0;0;3;from_grid;71.838
0;0;3;from_main_grid;71.838
0;0;3;from_network;0.0
0;0;4;HP;174.275
0;0;4;EB;0.0
0;0;4;from_grid;184.213
0;0;4;from_main_grid;184.213
0;0;4;from_network;0.0
0;0;5;HP;182.736
0;0;5;EB;0.0
0;0;5;from_grid;194.321
0;0;5;from_main_grid;194.321
0;0;5;from_network;0.0
0;0;6;HP;180.987
0;0;6;EB;0.0
0;0;6;from_grid;195.089
0;0;6;from_main_grid;195.089
0;0;6;from_network;0.0
0;0;7;HP;177.054
0;0;7;EB;0.0
0;0;7;from_grid;217.258
0;0;7;from_main_grid;217.258
0;0;7;from_network;0.0
0;0;8;HP;150.971
0;0;8;EB;0.0
0;0;8;from_grid;198.511
0;0;8;from_main_grid;198.511
0;0;8;from_network;0.0
0;0;9;HP;130.993
0;0;9;EB;0.0
0;0;9;from_grid;185.187
0;0;9;from_main_grid;185.187
0;0;9;from_network;0.0
0;0;10;HP;112.643
0;0;10;EB;0.0
0;0;10;from_grid;155.605
0;0;10;from_main_grid;155.605
0;0;10;from_network;0.0
0;0;11;HP;99.58
0;0;11;EB;0.0
0;0;11;from_grid;144.764
0;0;11;from_main_grid;12.051
0;0;11;from_network;132.713
0;0;12;HP;98.381
0;0;12;EB;0.0
0;0;12;from_grid;139.148
0;0;12;from_main_grid;139.148
0;0;12;from_network;0.0
0;0;13;HP;95.9
0;0;13;EB;0.0
0;0;13;from_grid;137.114
0;0;13;from_main_grid;137.114
0;0;13;from_network;0.0
0;0;14;HP;148.344
0;0;14;EB;0.0
0;0;14;from_grid;199.471
0;0;14;from_main_grid;199.471
0;0;14;from_network;0.0
0;0;15;HP;152.68
0;0;15;EB;0.0
0;0;15;from_grid;197.477
0;0;15;from_main_grid;197.477
0;0;15;from_network;0.0
0;0;16;HP;153.982
0;0;16;EB;0.0
0;0;16;from_grid;190.93
0;0;16;from_main_grid;128.192
0;0;16;from_network;62.738
0;0;17;HP;0.0
0;0;17;EB;0.0
0;0;17;from_grid;56.5
0;0;17;from_main_grid;56.5
0;0;17;from_network;0.0
0;0;18;HP;157.89
0;0;18;EB;0.0
0;0;18;from_grid;219.12
0;0;18;from_main_grid;219.12
0;0;18;from_network;0.0
0;0;19;HP;67.345
0;0;19;EB;0.0
0;0;19;from_grid;133.195
0;0;19;from_main_grid;133.195
0;0;19;from_network;0.0
0;0;20;HP;160.497
0;0;20;EB;0.0
0;0;20;from_grid;234.723
0;0;20;from_main_grid;234.723
0;0;20;from_network;0.0
0;0;21;HP;112.516
0;0;21;EB;0.0
0;0;21;from_grid;180.067
0;0;21;from_main_grid;180.067
0;0;21;from_network;0.0
0;0;22;HP;122.381
0;0;22;EB;0.0
0;0;22;from_grid;180.825
0;0;22;from_main_grid;180.825
0;0;22;from_network;0.0
0;0;23;HP;0.0
0;0;23;EB;0.0
0;0;23;from_grid;36.401
0;0;23;from_main_grid;36.401
0;0;23;from_network;0.0
0;0;24;HP;9.017
0;0;24;EB;0.0
0;0;24;from_grid;19.626
0;0;24;from_main_grid;19.626
0;0;24;from_network;0.0
0;0;25;HP;148.492
0;0;25;EB;0.0
0;0;25;from_grid;165.206
0;0;25;from_main_grid;165.206
0;0;25;from_network;0.0
0;0;26;HP;156.38
0;0;26;EB;0.0
0;0;26;from_grid;167.043
0;0;26;from_main_grid;167.043
0;0;26;from_network;0.0
0;0;27;HP;163.098
0;0;27;EB;0.0
0;0;27;from_grid;176.491
0;0;27;from_main_grid;176.491
0;0;27;from_network;0.0
0;0;28;HP;183.174
0;0;28;EB;0.0
0;0;28;from_grid;195.16
0;0;28;from_main_grid;195.16
0;0;28;from_network;0.0
0;0;29;HP;183.611
0;0;29;EB;0.0
0;0;29;from_grid;196.147
0;0;29;from_main_grid;196.147
0;0;29;from_network;0.0
0;0;30;HP;186.676
0;0;30;EB;0.0
0;0;30;from_grid;201.589
0;0;30;from_main_grid;201.589
0;0;30;from_network;0.0
0;0;31;HP;186.676
0;0;31;EB;0.0
0;0;31;from_grid;225.757
0;0;31;from_main_grid;225.757
0;0;31;from_network;0.0
0;0;32;HP;182.553
0;0;32;EB;0.0
0;0;32;from_grid;234.701
0;0;32;from_main_grid;234.701
0;0;32;from_network;0.0
0;0;33;HP;178.101
0;0;33;EB;0.0
0;0;33;from_grid;219.743
0;0;33;from_main_grid;219.743
0;0;33;from_network;0.0
0;0;34;HP;168.462
0;0;34;EB;0.0
0;0;34;from_grid;209.488
0;0;34;from_main_grid;209.488
0;0;34;from_network;0.0
0;0;35;HP;160.358
0;0;35;EB;0.0
0;0;35;from_grid;203.177
0;0;35;from_main_grid;203.177
0;0;35;from_network;0.0
0;0;36;HP;156.632
0;0;36;EB;0.0
0;0;36;from_grid;192.982
0;0;36;from_main_grid;192.982
0;0;36;from_network;0.0
0;0;37;HP;175.272
0;0;37;EB;0.0
0;0;37;from_grid;211.53
0;0;37;from_main_grid;0.0
0;0;37;from_network;211.53
0;0;38;HP;178.801
0;0;38;EB;0.0
0;0;38;from_grid;219.592
0;0;38;from_main_grid;0.0
0;0;38;from_network;219.592
0;0;39;HP;94.311
0;0;39;EB;0.0
0;0;39;from_grid;133.934
0;0;39;from_main_grid;0.0
0;0;39;from_network;133.934
0;0;40;HP;135.15
0;0;40;EB;0.0
0;0;40;from_grid;184.469
0;0;40;from_main_grid;184.469
0;0;40;from_network;0.0
0;0;41;HP;132.637
0;0;41;EB;0.0
0;0;41;from_grid;201.999
0;0;41;from_main_grid;201.999
0;0;41;from_network;0.0
0;0;42;HP;143.884
0;0;42;EB;0.0
0;0;42;from_grid;212.518
0;0;42;from_main_grid;212.518
0;0;42;from_network;0.0
0;0;43;HP;147.765
0;0;43;EB;0.0
0;0;43;from_grid;210.206
0;0;43;from_main_grid;210.206
0;0;43;from_network;0.0
0;0;44;HP;151.032
0;0;44;EB;0.0
0;0;44;from_grid;220.597
0;0;44;from_main_grid;220.597
0;0;44;from_network;0.0
0;0;45;HP;154.11
0;0;45;EB;0.0
0;0;45;from_grid;219.081
0;0;45;from_main_grid;219.081
0;0;45;from_network;0.0
0;0;46;HP;141.434
0;0;46;EB;0.0
0;0;46;from_grid;199.185
0;0;46;from_main_grid;199.185
0;0;46;from_network;0.0
0;0;47;HP;145.681
0;0;47;EB;0.0
0;0;47;from_grid;189.407
0;0;47;from_main_grid;189.407
0;0;47;from_network;0.0
0;0;48;HP;125.301
0;0;48;EB;0.0
0;0;48;from_grid;132.768
0;0;48;from_main_grid;132.768
0;0;48;from_network;0.0
0;0;49;HP;123.682
0;0;49;EB;0.0
0;0;49;from_grid;139.977
0;0;49;from_main_grid;139.977
0;0;49;from_network;0.0
0;0;50;HP;125.741
0;0;50;EB;0.0
0;0;50;from_grid;136.606
0;0;50;from_main_grid;136.606
0;0;50;from_network;0.0
0;0;51;HP;129.617
0;0;51;EB;0.0
0;0;51;from_grid;140.741
0;0;51;from_main_grid;140.741
0;0;51;from_network;0.0
0;0;52;HP;130.441
0;0;52;EB;0.0
0;0;52;from_grid;140.756
0;0;52;from_main_grid;140.756
0;0;52;from_network;0.0
0;0;53;HP;133.163
0;0;53;EB;0.0
0;0;53;from_grid;143.507
0;0;53;from_main_grid;143.507
0;0;53;from_network;0.0
0;0;54;HP;132.354
0;0;54;EB;0.0
0;0;54;from_grid;147.798
0;0;54;from_main_grid;147.798
0;0;54;from_network;0.0
0;0;55;HP;162.576
0;0;55;EB;0.0
0;0;55;from_grid;199.969
0;0;55;from_main_grid;199.969
0;0;55;from_network;0.0
0;0;56;HP;165.861
0;0;56;EB;0.0
0;0;56;from_grid;222.841
0;0;56;from_main_grid;222.841
0;0;56;from_network;0.0
0;0;57;HP;131.531
0;0;57;EB;0.0
0;0;57;from_grid;172.338
0;0;57;from_main_grid;83.086
0;0;57;from_network;89.253
0;0;58;HP;121.91
0;0;58;EB;0.0
0;0;58;from_grid;156.137
0;0;58;from_main_grid;156.137
0;0;58;from_network;0.0
0;0;59;HP;105.58
0;0;59;EB;0.0
0;0;59;from_grid;147.359
0;0;59;from_main_grid;74.592
0;0;59;from_network;72.767
0;0;60;HP;93.328
0;0;60;EB;0.0
0;0;60;from_grid;127.525
0;0;60;from_main_grid;0.0
0;0;60;from_network;127.525
0;0;61;HP;86.014
0;0;61;EB;0.0
0;0;61;from_grid;119.052
0;0;61;from_main_grid;119.052
0;0;61;from_network;0.0
0;0;62;HP;83.414
0;0;62;EB;0.0
0;0;62;from_grid;114.887
0;0;62;from_main_grid;114.887
0;0;62;from_network;0.0
0;0;63;HP;83.369
0;0;63;EB;0.0
0;0;63;from_grid;118.234
0;0;63;from_main_grid;94.115
0;0;63;from_network;24.12
0;0;64;HP;73.365
0;0;64;EB;0.0
0;0;64;from_grid;116.939
0;0;64;from_main_grid;59.184
0;0;64;from_network;57.755
0;0;65;HP;56.118
0;0;65;EB;0.0
0;0;65;from_grid;109.85
0;0;65;from_main_grid;109.85
0;0;65;from_network;0.0
0;0;66;HP;54.086
0;0;66;EB;0.0
0;0;66;from_grid;125.39
0;0;66;from_main_grid;125.39
0;0;66;from_network;0.0
0;0;67;HP;151.812
0;0;67;EB;0.0
0;0;67;from_grid;220.192
0;0;67;from_main_grid;220.192
0;0;67;from_network;0.0
0;0;68;HP;50.438
0;0;68;EB;0.0
0;0;68;from_grid;108.937
0;0;68;from_main_grid;108.937
0;0;68;from_network;0.0
0;0;69;HP;0.0
0;0;69;EB;0.0
0;0;69;from_grid;58.384
0;0;69;from_main_grid;58.384
0;0;69;from_network;0.0
0;0;70;HP;78.287
0;0;70;EB;0.0
0;0;70;from_grid;132.997
0;0;70;from_main_grid;132.997
0;0;70;from_network;0.0
0;0;71;HP;72.852
0;0;71;EB;0.0
0;0;71;from_grid;117.456
0;0;71;from_main_grid;117.456
0;0;71;from_network;0.0
0;0;72;HP;157.455
0;0;72;EB;0.0
0;0;72;from_grid;166.92
0;0;72;from_main_grid;166.92
0;0;72;from_network;0.0
0;0;73;HP;6.591
0;0;73;EB;0.0
0;0;73;from_grid;23.987
0;0;73;from_main_grid;23.987
0;0;73;from_network;0.0
0;0;74;HP;88.902
0;0;74;EB;0.0
0;0;74;from_grid;98.99
0;0;74;from_main_grid;98.99
0;0;74;from_network;0.0
0;0;75;HP;90.182
0;0;75;EB;0.0
0;0;75;from_grid;103.338
0;0;75;from_main_grid;103.338
0;0;75;from_network;0.0
0;0;76;HP;89.307
0;0;76;EB;0.0
0;0;76;from_grid;98.978
0;0;76;from_main_grid;98.978
0;0;76;from_network;0.0
0;0;77;HP;90.543
0;0;77;EB;0.0
0;0;77;from_grid;101.541
0;0;77;from_main_grid;101.541
0;0;77;from_network;0.0
0;0;78;HP;91.021
0;0;78;EB;0.0
0;0;78;from_grid;104.708
0;0;78;from_main_grid;104.708
0;0;78;from_network;0.0
0;0;79;HP;120.741
0;0;79;EB;0.0
0;0;79;from_grid;140.009
0;0;79;from_main_grid;140.009
0;0;79;from_network;0.0
0;0;80;HP;118.951
0;0;80;EB;0.0
0;0;80;from_grid;150.469
0;0;80;from_main_grid;150.469
0;0;80;from_network;0.0
0;0;81;HP;88.974
0;0;81;EB;0.0
0;0;81;from_grid;129.874
0;0;81;from_main_grid;129.874
0;0;81;from_network;0.0
0;0;82;HP;84.202
0;0;82;EB;0.0
0;0;82;from_grid;124.25
0;0;82;from_main_grid;124.25
0;0;82;from_network;0.0
0;0;83;HP;79.087
0;0;83;EB;0.0
0;0;83;from_grid;110.105
0;0;83;from_main_grid;90.995
0;0;83;from_network;19.11
0;0;84;HP;73.106
0;0;84;EB;0.0
0;0;84;from_grid;118.298
0;0;84;from_main_grid;118.298
0;0;84;from_network;0.0
0;0;85;HP;68.503
0;0;85;EB;0.0
0;0;85;from_grid;114.884
0;0;85;from_main_grid;114.884
0;0;85;from_network;0.0
0;0;86;HP;66.294
0;0;86;EB;0.0
0;0;86;from_grid;110.623
0;0;86;from_main_grid;110.623
0;0;86;from_network;0.0
0;0;87;HP;133.033
0;0;87;EB;0.0
0;0;87;from_grid;171.366
0;0;87;from_main_grid;171.366
0;0;87;from_network;0.0
0;0;88;HP;149.211
0;0;88;EB;0.0
0;0;88;from_grid;184.643
0;0;88;from_main_grid;184.643
0;0;88;from_network;0.0
0;0;89;HP;150.945
0;0;89;EB;0.0
0;0;89;from_grid;203.063
0;0;89;from_main_grid;170.965
0;0;89;from_network;32.097
0;0;90;HP;0.0
0;0;90;EB;0.0
0;0;90;from_grid;44.815
0;0;90;from_main_grid;44.815
0;0;90;from_network;0.0
0;0;91;HP;162.672
0;0;91;EB;0.0
0;0;91;from_grid;220.221
0;0;91;from_main_grid;220.221
0;0;91;from_network;0.0
0;0;92;HP;34.312
0;0;92;EB;0.0
0;0;92;from_grid;93.292
0;0;92;from_main_grid;93.292
0;0;92;from_network;0.0
0;0;93;HP;165.718
0;0;93;EB;0.0
0;0;93;from_grid;223.679
0;0;93;from_main_grid;223.679
0;0;93;from_network;0.0
0;0;94;HP;30.483
0;0;94;EB;0.0
0;0;94;from_grid;81.176
0;0;94;from_main_grid;81.176
0;0;94;from_network;0.0
0;0;95;HP;170.509
0;0;95;EB;0.0
0;0;95;from_grid;213.367
0;0;95;from_main_grid;213.367
0;0;95;from_network;0.0
0;0;96;HP;173.126
0;0;96;EB;0.0
0;0;96;from_grid;182.032
0;0;96;from_main_grid;182.032
0;0;96;from_network;0.0
0;0;97;HP;161.963
0;0;97;EB;0.0
0;0;97;from_grid;174.645
0;0;97;from_main_grid;174.645
0;0;97;from_network;0.0
0;0;98;HP;171.319
0;0;98;EB;0.0
0;0;98;from_grid;181.515
0;0;98;from_main_grid;181.515
0;0;98;from_network;0.0
0;0;99;HP;0.0
0;0;99;EB;0.0
0;0;99;from_grid;12.277
0;0;99;from_main_grid;12.277
0;0;99;from_network;0.0
0;0;100;HP;136.093
0;0;100;EB;0.0
0;0;100;from_grid;146.473
0;0;100;from_main_grid;146.473
0;0;100;from_network;0.0
0;0;101;HP;184.486
0;0;101;EB;0.0
0;0;101;from_grid;194.967
0;0;101;from_main_grid;194.967
0;0;101;from_network;0.0
0;0;102;HP;184.049
0;0;102;EB;0.0
0;0;102;from_grid;198.971
0;0;102;from_main_grid;198.971
0;0;102;from_network;0.0
0;0;103;HP;183.174
0;0;103;EB;0.0
0;0;103;from_grid;215.137
0;0;103;from_main_grid;215.137
0;0;103;from_network;0.0
0;0;104;HP;182.736
0;0;104;EB;0.0
0;0;104;from_grid;226.914
0;0;104;from_main_grid;226.914
0;0;104;from_network;0.0
0;0;105;HP;179.7
0;0;105;EB;0.0
0;0;105;from_grid;234.045
0;0;105;from_main_grid;188.885
0;0;105;from_network;45.16
0;0;106;HP;167.56
0;0;106;EB;0.0
0;0;106;from_grid;204.203
0;0;106;from_main_grid;204.203
0;0;106;from_network;0.0
0;0;107;HP;154.95
0;0;107;EB;0.0
0;0;107;from_grid;210.224
0;0;107;from_main_grid;210.224
0;0;107;from_network;0.0
0;0;108;HP;158.618
0;0;108;EB;0.0
0;0;108;from_grid;202.929
0;0;108;from_main_grid;202.929
0;0;108;from_network;0.0
0;0;109;HP;147.117
0;0;109;EB;0.0
0;0;109;from_grid;198.665
0;0;109;from_main_grid;198.665
0;0;109;from_network;0.0
0;0;110;HP;139.673
0;0;110;EB;0.0
0;0;110;from_grid;190.727
0;0;110;from_main_grid;190.727
0;0;110;from_network;0.0
0;0;111;HP;136.971
0;0;111;EB;0.0
0;0;111;from_grid;174.288
0;0;111;from_main_grid;174.288
0;0;111;from_network;0.0
0;0;112;HP;127.098
0;0;112;EB;0.0
0;0;112;from_grid;183.907
0;0;112;from_main_grid;183.907
0;0;112;from_network;0.0
0;0;113;HP;170.509
0;0;113;EB;0.0
0;0;113;from_grid;226.178
0;0;113;from_main_grid;226.178
0;0;113;from_network;0.0
0;0;114;HP;171.817
0;0;114;EB;0.0
0;0;114;from_grid;229.671
0;0;114;from_main_grid;229.671
0;0;114;from_network;0.0
0;0;115;HP;172.253
0;0;115;EB;0.0
0;0;115;from_grid;245.408
0;0;115;from_main_grid;245.408
0;0;115;from_network;0.0
0;0;116;HP;172.69
0;0;116;EB;0.0
0;0;116;from_grid;242.724
0;0;116;from_main_grid;242.724
0;0;116;from_network;0.0
0;0;117;HP;173.998
0;0;117;EB;0.0
0;0;117;from_grid;234.074
0;0;117;from_main_grid;234.074
0;0;117;from_network;0.0
0;0;118;HP;179.238
0;0;118;EB;0.0
0;0;118;from_grid;233.557
0;0;118;from_main_grid;233.557
0;0;118;from_network;0.0
0;0;119;HP;182.299
0;0;119;EB;0.0
0;0;119;from_grid;231.41
0;0;119;from_main_grid;231.41
0;0;119;from_network;0.0
0;0;120;HP;0.0
0;0;120;EB;0.0
0;0;120;from_grid;7.503
0;0;120;from_main_grid;7.503
0;0;120;from_network;0.0
0;0;121;HP;133.51
0;0;121;EB;0.0
0;0;121;from_grid;148.322
0;0;121;from_main_grid;148.322
0;0;121;from_network;0.0
0;0;122;HP;188.866
0;0;122;EB;0.0
0;0;122;from_grid;197.981
0;0;122;from_main_grid;197.981
0;0;122;from_network;0.0
0;0;123;HP;187.114
0;0;123;EB;0.0
0;0;123;from_grid;197.99
0;0;123;from_main_grid;197.99
0;0;123;from_network;0.0
0;0;124;HP;185.8
0;0;124;EB;0.0
0;0;124;from_grid;196.142
0;0;124;from_main_grid;196.142
0;0;124;from_network;0.0
0;0;125;HP;187.552
0;0;125;EB;0.0
0;0;125;from_grid;201.493
0;0;125;from_main_grid;201.493
0;0;125;from_network;0.0
0;0;126;HP;186.238
0;0;126;EB;0.0
0;0;126;from_grid;202.425
0;0;126;from_main_grid;202.425
0;0;126;from_network;0.0
0;0;127;HP;185.362
0;0;127;EB;0.0
0;0;127;from_grid;231.028
0;0;127;from_main_grid;231.028
0;0;127;from_network;0.0
0;0;128;HP;186.676
0;0;128;EB;0.0
0;0;128;from_grid;232.655
0;0;128;from_main_grid;232.655
0;0;128;from_network;0.0
0;0;129;HP;186.676
0;0;129;EB;0.0
0;0;129;from_grid;224.496
0;0;129;from_main_grid;224.496
0;0;129;from_network;0.0
0;0;130;HP;178.418
0;0;130;EB;0.0
0;0;130;from_grid;210.231
0;0;130;from_main_grid;210.231
0;0;130;from_network;0.0
0;0;131;HP;160.622
0;0;131;EB;0.0
0;0;131;from_grid;210.265
0;0;131;from_main_grid;210.265
0;0;131;from_network;0.0
0;0;132;HP;157.295
0;0;132;EB;0.0
0;0;132;from_grid;194.804
0;0;132;from_main_grid;194.804
0;0;132;from_network;0.0
0;0;133;HP;137.787
0;0;133;EB;0.0
0;0;133;from_grid;179.143
0;0;133;from_main_grid;179.143
0;0;133;from_network;0.0
0;0;134;HP;168.766
0;0;134;EB;0.0
0;0;134;from_grid;203.573
0;0;134;from_main_grid;203.573
0;0;134;from_network;0.0
0;0;135;HP;170.509
0;0;135;EB;0.0
0;0;135;from_grid;207.722
0;0;135;from_main_grid;207.722
0;0;135;from_network;0.0
0;0;136;HP;172.253
0;0;136;EB;0.0
0;0;136;from_grid;222.786
0;0;136;from_main_grid;166.523
0;0;136;from_network;56.263
0;0;137;HP;163.041
0;0;137;EB;0.0
0;0;137;from_grid;225.236
0;0;137;from_main_grid;172.294
0;0;137;from_network;52.942
0;0;138;HP;176.181
0;0;138;EB;0.0
0;0;138;from_grid;244.538
0;0;138;from_main_grid;244.538
0;0;138;from_network;0.0
0;0;139;HP;176.617
0;0;139;EB;0.0
0;0;139;from_grid;245.993
0;0;139;from_main_grid;245.993
0;0;139;from_network;0.0
0;0;140;HP;176.181
0;0;140;EB;0.0
0;0;140;from_grid;237.65
0;0;140;from_main_grid;237.65
0;0;140;from_network;0.0
0;0;141;HP;177.491
0;0;141;EB;0.0
0;0;141;from_grid;250.177
0;0;141;from_main_grid;250.177
0;0;141;from_network;0.0
0;0;142;HP;177.491
0;0;142;EB;0.0
0;0;142;from_grid;256.993
0;0;142;from_main_grid;256.993
0;0;142;from_network;0.0
0;0;143;HP;172.87
0;0;143;EB;0.0
0;0;143;from_grid;218.025
0;0;143;from_main_grid;218.025
0;0;143;from_network;0.0
0;0;144;HP;50.978
0;0;144;EB;0.0
0;0;144;from_grid;58.576
0;0;144;from_main_grid;58.576
0;0;144;from_network;0.0
0;0;145;HP;190.62
0;0;145;EB;0.0
0;0;145;from_grid;205.663
0;0;145;from_main_grid;205.663
0;0;145;from_network;0.0
0;0;146;HP;191.058
0;0;146;EB;0.0
0;0;146;from_grid;201.517
0;0;146;from_main_grid;201.517
0;0;146;from_network;0.0
0;0;147;HP;190.62
0;0;147;EB;0.0
0;0;147;from_grid;201.346
0;0;147;from_main_grid;201.346
0;0;147;from_network;0.0
0;0;148;HP;191.497
0;0;148;EB;0.0
0;0;148;from_grid;201.239
0;0;148;from_main_grid;201.239
0;0;148;from_network;0.0
0;0;149;HP;191.936
0;0;149;EB;0.0
0;0;149;from_grid;204.5
0;0;149;from_main_grid;204.5
0;0;149;from_network;0.0
0;0;150;HP;189.304
0;0;150;EB;0.0
0;0;150;from_grid;203.012
0;0;150;from_main_grid;203.012
0;0;150;from_network;0.0
0;0;151;HP;187.99
0;0;151;EB;0.0
0;0;151;from_grid;225.343
0;0;151;from_main_grid;225.343
0;0;151;from_network;0.0
0;0;152;HP;187.114
0;0;152;EB;0.0
0;0;152;from_grid;241.333
0;0;152;from_main_grid;241.333
0;0;152;from_network;0.0
0;0;153;HP;186.238
0;0;153;EB;0.0
0;0;153;from_grid;232.387
0;0;153;from_main_grid;232.387
0;0;153;from_network;0.0
0;0;154;HP;185.362
0;0;154;EB;0.0
0;0;154;from_grid;223.32
0;0;154;from_main_grid;223.32
0;0;154;from_network;0.0
0;0;155;HP;177.575
0;0;155;EB;0.0
0;0;155;from_grid;213.93
0;0;155;from_main_grid;213.93
0;0;155;from_network;0.0
0;0;156;HP;167.799
0;0;156;EB;0.0
0;0;156;from_grid;206.092
0;0;156;from_main_grid;206.092
0;0;156;from_network;0.0
0;0;157;HP;145.582
0;0;157;EB;0.0
0;0;157;from_grid;177.135
0;0;157;from_main_grid;177.135
0;0;157;from_network;0.0
0;0;158;HP;133.031
0;0;158;EB;0.0
0;0;158;from_grid;166.184
0;0;158;from_main_grid;166.184
0;0;158;from_network;0.0
0;0;159;HP;123.891
0;0;159;EB;0.0
0;0;159;from_grid;168.912
0;0;159;from_main_grid;168.912
0;0;159;from_network;0.0
0;0;160;HP;167.459
0;0;160;EB;0.0
0;0;160;from_grid;211.404
0;0;160;from_main_grid;211.404
0;0;160;from_network;0.0
0;0;161;HP;169.638
0;0;161;EB;0.0
0;0;161;from_grid;218.485
0;0;161;from_main_grid;218.485
0;0;161;from_network;0.0
0;0;162;HP;169.202
0;0;162;EB;0.0
0;0;162;from_grid;221.411
0;0;162;from_main_grid;221.411
0;0;162;from_network;0.0
0;0;163;HP;172.69
0;0;163;EB;0.0
0;0;163;from_grid;227.297
0;0;163;from_main_grid;227.297
0;0;163;from_network;0.0
0;0;164;HP;173.998
0;0;164;EB;0.0
0;0;164;from_grid;236.925
0;0;164;from_main_grid;236.925
0;0;164;from_network;0.0
0;0;165;HP;141.663
0;0;165;EB;0.0
0;0;165;from_grid;197.016
0;0;165;from_main_grid;197.016
0;0;165;from_network;0.0
0;0;166;HP;179.675
0;0;166;EB;0.0
0;0;166;from_grid;240.754
0;0;166;from_main_grid;240.754
0;0;166;from_network;0.0
0;0;167;HP;88.02
0;0;167;EB;0.0
0;0;167;from_grid;126.02
0;0;167;from_main_grid;126.02
0;0;167;from_network;0.0
0;1;0;HP;0.0
0;1;0;EB;0.0
0;1;0;from_grid;7.529
0;1;0;from_main_grid;7.529
0;1;0;from_network;0.0
0;1;1;HP;0.0
0;1;1;EB;0.0
0;1;1;from_grid;12.166
0;1;1;from_main_grid;12.166
0;1;1;from_network;0.0
0;1;2;HP;0.0
0;1;2;EB;0.0
0;1;2;from_grid;9.759
0;1;2;from_main_grid;9.759
0;1;2;from_network;0.0
0;1;3;HP;0.0
0;1;3;EB;0.0
0;1;3;from_grid;12.531
0;1;3;from_main_grid;12.531
0;1;3;from_network;0.0
0;1;4;HP;0.0
0;1;4;EB;0.0
0;1;4;from_grid;11.731
0;1;4;from_main_grid;11.731
0;1;4;from_network;0.0
0;1;5;HP;0.0
0;1;5;EB;0.0
0;1;5;from_grid;11.157
0;1;5;from_main_grid;11.157
0;1;5;from_network;0.0
0;1;6;HP;0.0
0;1;6;EB;0.0
0;1;6;from_grid;17.907
0;1;6;from_main_grid;17.907
0;1;6;from_network;0.0
0;1;7;HP;0.0
0;1;7;EB;0.0
0;1;7;from_grid;35.569
0;1;7;from_main_grid;0.0
0;1;7;from_network;35.569
0;1;8;HP;0.0
0;1;8;EB;0.0
0;1;8;from_grid;43.38
0;1;8;from_main_grid;0.0
0;1;8;from_network;43.38
0;1;9;HP;0.0
0;1;9;EB;0.0
0;1;9;from_grid;47.579
0;1;9;from_main_grid;0.0
0;1;9;from_network;47.579
0;1;10;HP;0.0
0;1;10;EB;0.0
0;1;10;from_grid;56.187
0;1;10;from_main_grid;0.0
0;1;10;from_network;56.187
0;1;11;HP;0.0
0;1;11;EB;0.0
0;1;11;from_grid;39.313
0;1;11;from_main_grid;0.0
0;1;11;from_network;39.313
0;1;12;HP;0.0
0;1;12;EB;0.0
0;1;12;from_grid;43.482
0;1;12;from_main_grid;0.0
0;1;12;from_network;43.482
0;1;13;HP;0.0
0;1;13;EB;0.0
0;1;13;from_grid;47.751
0;1;13;from_main_grid;0.0
0;1;13;from_network;47.751
0;1;14;HP;0.0
0;1;14;EB;0.0
0;1;14;from_grid;41.271
0;1;14;from_main_grid;0.0
0;1;14;from_network;41.271
0;1;15;HP;0.0
0;1;15;EB;0.0
0;1;15;from_grid;39.599
0;1;15;from_main_grid;0.0
0;1;15;from_network;39.599
0;1;16;HP;4.484
0;1;16;EB;0.0
0;1;16;from_grid;48.458
0;1;16;from_main_grid;0.0
0;1;16;from_network;48.458
0;1;17;HP;0.0
0;1;17;EB;0.0
0;1;17;from_grid;47.748
0;1;17;from_main_grid;0.0
0;1;17;from_network;47.748
0;1;18;HP;0.0
0;1;18;EB;0.0
0;1;18;from_grid;65.792
0;1;18;from_main_grid;0.0
0;1;18;from_network;65.792
0;1;19;HP;0.0
0;1;19;EB;0.0
0;1;19;from_grid;68.97
0;1;19;from_main_grid;68.97
0;1;19;from_network;0.0
0;1;20;HP;0.0
0;1;20;EB;0.0
0;1;20;from_grid;69.913
0;1;20;from_main_grid;69.913
0;1;20;from_network;0.0
0;1;21;HP;0.0
0;1;21;EB;0.0
0;1;21;from_grid;65.959
0;1;21;from_main_grid;65.959
0;1;21;from_network;0.0
0;1;22;HP;0.0
0;1;22;EB;0.0
0;1;22;from_grid;63.839
0;1;22;from_main_grid;63.839
0;1;22;from_network;0.0
0;1;23;HP;0.0
0;1;23;EB;0.0
0;1;23;from_grid;48.306
0;1;23;from_main_grid;48.306
0;1;23;from_network;0.0
0;1;24;HP;0.0
0;1;24;EB;0.0
0;1;24;from_grid;7.535
0;1;24;from_main_grid;7.535
0;1;24;from_network;0.0
0;1;25;HP;0.0
0;1;25;EB;0.0
0;1;25;from_grid;8.984
0;1;25;from_main_grid;8.984
0;1;25;from_network;0.0
0;1;26;HP;0.0
0;1;26;EB;0.0
0;1;26;from_grid;10.941
0;1;26;from_main_grid;10.941
0;1;26;from_network;0.0
0;1;27;HP;0.0
0;1;27;EB;0.0
0;1;27;from_grid;9.861
0;1;27;from_main_grid;9.861
0;1;27;from_network;0.0
0;1;28;HP;0.0
0;1;28;EB;0.0
0;1;28;from_grid;10.643
0;1;28;from_main_grid;10.643
0;1;28;from_network;0.0
0;1;29;HP;0.0
0;1;29;EB;0.0
0;1;29;from_grid;10.714
0;1;29;from_main_grid;10.714
0;1;29;from_network;0.0
0;1;30;HP;0.0
0;1;30;EB;0.0
0;1;30;from_grid;15.305
0;1;30;from_main_grid;15.305
0;1;30;from_network;0.0
0;1;31;HP;0.0
0;1;31;EB;0.0
0;1;31;from_grid;38.537
0;1;31;from_main_grid;0.0
0;1;31;from_network;38.537
0;1;32;HP;3.189
0;1;32;EB;0.0
0;1;32;from_grid;44.832
0;1;32;from_main_grid;0.0
0;1;32;from_network;44.832
0;1;33;HP;3.168
0;1;33;EB;0.0
0;1;33;from_grid;42.642
0;1;33;from_main_grid;0.0
0;1;33;from_network;42.642
0;1;34;HP;3.941
0;1;34;EB;0.0
0;1;34;from_grid;40.9
0;1;34;from_main_grid;0.0
0;1;34;from_network;40.9
0;1;35;HP;2.964
0;1;35;EB;0.0
0;1;35;from_grid;39.772
0;1;35;from_main_grid;0.0
0;1;35;from_network;39.772
0;1;36;HP;4.951
0;1;36;EB;0.0
0;1;36;from_grid;36.47
0;1;36;from_main_grid;0.0
0;1;36;from_network;36.47
0;1;37;HP;2.416
0;1;37;EB;0.0
0;1;37;from_grid;38.697
0;1;37;from_main_grid;0.0
0;1;37;from_network;38.697
0;1;38;HP;2.53
0;1;38;EB;0.0
0;1;38;from_grid;36.198
0;1;38;from_main_grid;0.0
0;1;38;from_network;36.198
0;1;39;HP;74.782
0;1;39;EB;0.0
0;1;39;from_grid;111.137
0;1;39;from_main_grid;0.0
0;1;39;from_network;111.137
0;1;40;HP;0.0
0;1;40;EB;0.0
0;1;40;from_grid;48.577
0;1;40;from_main_grid;0.0
0;1;40;from_network;48.577
0;1;41;HP;0.0
0;1;41;EB;0.0
0;1;41;from_grid;47.922
0;1;41;from_main_grid;0.0
0;1;41;from_network;47.922
0;1;42;HP;0.0
0;1;42;EB;0.0
0;1;42;from_grid;43.446
0;1;42;from_main_grid;0.0
0;1;42;from_network;43.446
0;1;43;HP;0.0
0;1;43;EB;0.0
0;1;43;from_grid;73.201
0;1;43;from_main_grid;73.201
0;1;43;from_network;0.0
0;1;44;HP;0.0
0;1;44;EB;0.0
0;1;44;from_grid;65.368
0;1;44;from_main_grid;65.368
0;1;44;from_network;0.0
0;1;45;HP;0.0
0;1;45;EB;0.0
0;1;45;from_grid;74.74
0;1;45;from_main_grid;74.74
0;1;45;from_network;0.0
0;1;46;HP;0.0
0;1;46;EB;0.0
0;1;46;from_grid;79.871
0;1;46;from_main_grid;79.871
0;1;46;from_network;0.0
0;1;47;HP;0.0
0;1;47;EB;0.0
0;1;47;from_grid;36.799
0;1;47;from_main_grid;36.799
0;1;47;from_network;0.0
0;1;48;HP;0.0
0;1;48;EB;0.0
0;1;48;from_grid;7.558
0;1;48;from_main_grid;7.558
0;1;48;from_network;0.0
0;1;49;HP;0.0
0;1;49;EB;0.0
0;1;49;from_grid;11.075
0;1;49;from_main_grid;11.075
0;1;49;from_network;0.0
0;1;50;HP;0.0
0;1;50;EB;0.0
0;1;50;from_grid;11.445
0;1;50;from_main_grid;11.445
0;1;50;from_network;0.0
0;1;51;HP;0.0
0;1;51;EB;0.0
0;1;51;from_grid;11.457
0;1;51;from_main_grid;11.457
0;1;51;from_network;0.0
0;1;52;HP;0.0
0;1;52;EB;0.0
0;1;52;from_grid;9.816
0;1;52;from_main_grid;9.816
0;1;52;from_network;0.0
0;1;53;HP;0.0
0;1;53;EB;0.0
0;1;53;from_grid;10.751
0;1;53;from_main_grid;10.751
0;1;53;from_network;0.0
0;1;54;HP;0.0
0;1;54;EB;0.0
0;1;54;from_grid;11.091
0;1;54;from_main_grid;11.091
0;1;54;from_network;0.0
0;1;55;HP;0.0
0;1;55;EB;0.0
0;1;55;from_grid;32.752
0;1;55;from_main_grid;0.0
0;1;55;from_network;32.752
0;1;56;HP;0.0
0;1;56;EB;0.0
0;1;56;from_grid;41.68
0;1;56;from_main_grid;0.0
0;1;56;from_network;41.68
0;1;57;HP;0.0
0;1;57;EB;0.0
0;1;57;from_grid;38.964
0;1;57;from_main_grid;0.0
0;1;57;from_network;38.964
0;1;58;HP;3.439
0;1;58;EB;0.0
0;1;58;from_grid;46.217
0;1;58;from_main_grid;0.0
0;1;58;from_network;46.217
0;1;59;HP;2.915
0;1;59;EB;0.0
0;1;59;from_grid;48.851
0;1;59;from_main_grid;0.0
0;1;59;from_network;48.851
0;1;60;HP;2.503
0;1;60;EB;0.0
0;1;60;from_grid;43.684
0;1;60;from_main_grid;0.0
0;1;60;from_network;43.684
0;1;61;HP;2.811
0;1;61;EB;0.0
0;1;61;from_grid;36.403
0;1;61;from_main_grid;0.0
0;1;61;from_network;36.403
0;1;62;HP;9.941
0;1;62;EB;0.0
0;1;62;from_grid;46.972
0;1;62;from_main_grid;0.0
0;1;62;from_network;46.972
0;1;63;HP;0.0
0;1;63;EB;0.0
0;1;63;from_grid;33.717
0;1;63;from_main_grid;0.0
0;1;63;from_network;33.717
0;1;64;HP;68.172
0;1;64;EB;0.0
0;1;64;from_grid;101.232
0;1;64;from_main_grid;0.0
0;1;64;from_network;101.232
0;1;65;HP;0.0
0;1;65;EB;0.0
0;1;65;from_grid;37.919
0;1;65;from_main_grid;0.0
0;1;65;from_network;37.919
0;1;66;HP;0.0
0;1;66;EB;0.0
0;1;66;from_grid;50.193
0;1;66;from_main_grid;0.0
0;1;66;from_network;50.193
0;1;67;HP;0.0
0;1;67;EB;0.0
0;1;67;from_grid;60.729
0;1;67;from_main_grid;60.729
0;1;67;from_network;0.0
0;1;68;HP;0.0
0;1;68;EB;0.0
0;1;68;from_grid;79.498
0;1;68;from_main_grid;79.498
0;1;68;from_network;0.0
0;1;69;HP;0.0
0;1;69;EB;0.0
0;1;69;from_grid;71.926
0;1;69;from_main_grid;71.926
0;1;69;from_network;0.0
0;1;70;HP;0.0
0;1;70;EB;0.0
0;1;70;from_grid;54.205
0;1;70;from_main_grid;54.205
0;1;70;from_network;0.0
0;1;71;HP;0.0
0;1;71;EB;0.0
0;1;71;from_grid;47.046
0;1;71;from_main_grid;47.046
0;1;71;from_network;0.0
0;1;72;HP;0.0
0;1;72;EB;0.0
0;1;72;from_grid;7.482
0;1;72;from_main_grid;7.482
0;1;72;from_network;0.0
0;1;73;HP;0.0
0;1;73;EB;0.0
0;1;73;from_grid;11.424
0;1;73;from_main_grid;11.424
0;1;73;from_network;0.0
0;1;74;HP;0.0
0;1;74;EB;0.0
0;1;74;from_grid;10.566
0;1;74;from_main_grid;10.566
0;1;74;from_network;0.0
0;1;75;HP;0.0
0;1;75;EB;0.0
0;1;75;from_grid;10.401
0;1;75;from_main_grid;10.401
0;1;75;from_network;0.0
0;1;76;HP;0.0
0;1;76;EB;0.0
0;1;76;from_grid;11.218
0;1;76;from_main_grid;11.218
0;1;76;from_network;0.0
0;1;77;HP;0.0
0;1;77;EB;0.0
0;1;77;from_grid;14.061
0;1;77;from_main_grid;14.061
0;1;77;from_network;0.0
0;1;78;HP;0.0
0;1;78;EB;0.0
0;1;78;from_grid;14.356
0;1;78;from_main_grid;14.356
0;1;78;from_network;0.0
0;1;79;HP;0.0
0;1;79;EB;0.0
0;1;79;from_grid;16.242
0;1;79;from_main_grid;0.0
0;1;79;from_network;16.242
0;1;80;HP;0.0
0;1;80;EB;0.0
0;1;80;from_grid;36.68
0;1;80;from_main_grid;0.0
0;1;80;from_network;36.68
0;1;81;HP;3.289
0;1;81;EB;0.0
0;1;81;from_grid;52.238
0;1;81;from_main_grid;0.0
0;1;81;from_network;52.238
0;1;82;HP;3.539
0;1;82;EB;0.0
0;1;82;from_grid;49.404
0;1;82;from_main_grid;0.0
0;1;82;from_network;49.404
0;1;83;HP;3.606
0;1;83;EB;0.0
0;1;83;from_grid;44.567
0;1;83;from_main_grid;0.0
0;1;83;from_network;44.567
0;1;84;HP;3.015
0;1;84;EB;0.0
0;1;84;from_grid;42.026
0;1;84;from_main_grid;0.0
0;1;84;from_network;42.026
0;1;85;HP;2.88
0;1;85;EB;0.0
0;1;85;from_grid;35.417
0;1;85;from_main_grid;0.0
0;1;85;from_network;35.417
0;1;86;HP;3.09
0;1;86;EB;0.0
0;1;86;from_grid;44.142
0;1;86;from_main_grid;0.0
0;1;86;from_network;44.142
0;1;87;HP;68.914
0;1;87;EB;0.0
0;1;87;from_grid;99.613
0;1;87;from_main_grid;0.0
0;1;87;from_network;99.613
0;1;88;HP;0.0
0;1;88;EB;0.0
0;1;88;from_grid;39.183
0;1;88;from_main_grid;0.0
0;1;88;from_network;39.183
0;1;89;HP;0.0
0;1;89;EB;0.0
0;1;89;from_grid;45.756
0;1;89;from_main_grid;0.0
0;1;89;from_network;45.756
0;1;90;HP;0.0
0;1;90;EB;0.0
0;1;90;from_grid;38.544
0;1;90;from_main_grid;0.0
0;1;90;from_network;38.544
0;1;91;HP;0.0
0;1;91;EB;0.0
0;1;91;from_grid;58.075
0;1;91;from_main_grid;58.075
0;1;91;from_network;0.0
0;1;92;HP;0.0
0;1;92;EB;0.0
0;1;92;from_grid;60.634
0;1;92;from_main_grid;60.634
0;1;92;from_network;0.0
0;1;93;HP;0.0
0;1;93;EB;0.0
0;1;93;from_grid;48.063
0;1;93;from_main_grid;48.063
0;1;93;from_network;0.0
0;1;94;HP;0.0
0;1;94;EB;0.0
0;1;94;from_grid;52.452
0;1;94;from_main_grid;52.452
0;1;94;from_network;0.0
0;1;95;HP;0.0
0;1;95;EB;0.0
0;1;95;from_grid;40.887
0;1;95;from_main_grid;40.887
0;1;95;from_network;0.0
0;1;96;HP;0.0
0;1;96;EB;0.0
0;1;96;from_grid;7.412
0;1;96;from_main_grid;7.412
0;1;96;from_network;0.0
0;1;97;HP;0.0
0;1;97;EB;0.0
0;1;97;from_grid;11.068
0;1;97;from_main_grid;11.068
0;1;97;from_network;0.0
0;1;98;HP;0.0
0;1;98;EB;0.0
0;1;98;from_grid;10.624
0;1;98;from_main_grid;10.624
0;1;98;from_network;0.0
0;1;99;HP;0.0
0;1;99;EB;0.0
0;1;99;from_grid;10.421
0;1;99;from_main_grid;10.421
0;1;99;from_network;0.0
0;1;100;HP;0.0
0;1;100;EB;0.0
0;1;100;from_grid;9.254
0;1;100;from_main_grid;9.254
0;1;100;from_network;0.0
0;1;101;HP;0.0
0;1;101;EB;0.0
0;1;101;from_grid;11.839
0;1;101;from_main_grid;11.839
0;1;101;from_network;0.0
0;1;102;HP;0.0
0;1;102;EB;0.0
0;1;102;from_grid;15.644
0;1;102;from_main_grid;15.644
0;1;102;from_network;0.0
0;1;103;HP;0.0
0;1;103;EB;0.0
0;1;103;from_grid;22.949
0;1;103;from_main_grid;0.0
0;1;103;from_network;22.949
0;1;104;HP;0.0
0;1;104;EB;0.0
0;1;104;from_grid;30.946
0;1;104;from_main_grid;0.0
0;1;104;from_network;30.946
0;1;105;HP;0.0
0;1;105;EB;0.0
0;1;105;from_grid;48.452
0;1;105;from_main_grid;0.0
0;1;105;from_network;48.452
0;1;106;HP;4.227
0;1;106;EB;0.0
0;1;106;from_grid;49.201
0;1;106;from_main_grid;0.0
0;1;106;from_network;49.201
0;1;107;HP;3.438
0;1;107;EB;0.0
0;1;107;from_grid;52.309
0;1;107;from_main_grid;0.0
0;1;107;from_network;52.309
0;1;108;HP;5.919
0;1;108;EB;0.0
0;1;108;from_grid;53.308
0;1;108;from_main_grid;0.0
0;1;108;from_network;53.308
0;1;109;HP;2.899
0;1;109;EB;0.0
0;1;109;from_grid;49.016
0;1;109;from_main_grid;0.0
0;1;109;from_network;49.016
0;1;110;HP;65.157
0;1;110;EB;0.0
0;1;110;from_grid;118.449
0;1;110;from_main_grid;0.0
0;1;110;from_network;118.449
0;1;111;HP;0.0
0;1;111;EB;0.0
0;1;111;from_grid;47.278
0;1;111;from_main_grid;0.0
0;1;111;from_network;47.278
0;1;112;HP;5.988
0;1;112;EB;0.0
0;1;112;from_grid;50.562
0;1;112;from_main_grid;0.0
0;1;112;from_network;50.562
0;1;113;HP;0.0
0;1;113;EB;0.0
0;1;113;from_grid;49.378
0;1;113;from_main_grid;0.0
0;1;113;from_network;49.378
0;1;114;HP;0.0
0;1;114;EB;0.0
0;1;114;from_grid;46.632
0;1;114;from_main_grid;0.0
0;1;114;from_network;46.632
0;1;115;HP;0.0
0;1;115;EB;0.0
0;1;115;from_grid;60.103
0;1;115;from_main_grid;60.103
0;1;115;from_network;0.0
0;1;116;HP;0.0
0;1;116;EB;0.0
0;1;116;from_grid;61.515
0;1;116;from_main_grid;61.515
0;1;116;from_network;0.0
0;1;117;HP;0.0
0;1;117;EB;0.0
0;1;117;from_grid;55.863
0;1;117;from_main_grid;55.863
0;1;117;from_network;0.0
0;1;118;HP;0.0
0;1;118;EB;0.0
0;1;118;from_grid;63.102
0;1;118;from_main_grid;63.102
0;1;118;from_network;0.0
0;1;119;HP;0.0
0;1;119;EB;0.0
0;1;119;from_grid;41.108
0;1;119;from_main_grid;41.108
0;1;119;from_network;0.0
0;1;120;HP;0.0
0;1;120;EB;0.0
0;1;120;from_grid;7.619
0;1;120;from_main_grid;7.619
0;1;120;from_network;0.0
0;1;121;HP;0.0
0;1;121;EB;0.0
0;1;121;from_grid;11.147
0;1;121;from_main_grid;11.147
0;1;121;from_network;0.0
0;1;122;HP;0.0
0;1;122;EB;0.0
0;1;122;from_grid;9.85
0;1;122;from_main_grid;9.85
0;1;122;from_network;0.0
0;1;123;HP;0.0
0;1;123;EB;0.0
0;1;123;from_grid;11.929
0;1;123;from_main_grid;11.929
0;1;123;from_network;0.0
0;1;124;HP;0.0
0;1;124;EB;0.0
0;1;124;from_grid;10.074
0;1;124;from_main_grid;10.074
0;1;124;from_network;0.0
0;1;125;HP;0.0
0;1;125;EB;0.0
0;1;125;from_grid;13.56
0;1;125;from_main_grid;13.56
0;1;125;from_network;0.0
0;1;126;HP;0.0
0;1;126;EB;0.0
0;1;126;from_grid;12.101
0;1;126;from_main_grid;12.101
0;1;126;from_network;0.0
0;1;127;HP;0.0
0;1;127;EB;0.0
0;1;127;from_grid;43.804
0;1;127;from_main_grid;0.0
0;1;127;from_network;43.804
0;1;128;HP;0.0
0;1;128;EB;0.0
0;1;128;from_grid;41.745
0;1;128;from_main_grid;0.0
0;1;128;from_network;41.745
0;1;129;HP;3.927
0;1;129;EB;0.0
0;1;129;from_grid;42.154
0;1;129;from_main_grid;0.0
0;1;129;from_network;42.154
0;1;130;HP;3.325
0;1;130;EB;0.0
0;1;130;from_grid;43.715
0;1;130;from_main_grid;0.0
0;1;130;from_network;43.715
0;1;131;HP;3.183
0;1;131;EB;0.0
0;1;131;from_grid;36.152
0;1;131;from_main_grid;0.0
0;1;131;from_network;36.152
0;1;132;HP;5.419
0;1;132;EB;0.0
0;1;132;from_grid;45.556
0;1;132;from_main_grid;0.0
0;1;132;from_network;45.556
0;1;133;HP;2.709
0;1;133;EB;0.0
0;1;133;from_grid;35.511
0;1;133;from_main_grid;0.0
0;1;133;from_network;35.511
0;1;134;HP;2.733
0;1;134;EB;0.0
0;1;134;from_grid;39.407
0;1;134;from_main_grid;0.0
0;1;134;from_network;39.407
0;1;135;HP;3.426
0;1;135;EB;0.0
0;1;135;from_grid;34.67
0;1;135;from_main_grid;0.0
0;1;135;from_network;34.67
0;1;136;HP;60.145
0;1;136;EB;0.0
0;1;136;from_grid;100.249
0;1;136;from_main_grid;0.0
0;1;136;from_network;100.249
0;1;137;HP;0.0
0;1;137;EB;0.0
0;1;137;from_grid;47.954
0;1;137;from_main_grid;0.0
0;1;137;from_network;47.954
0;1;138;HP;0.0
0;1;138;EB;0.0
0;1;138;from_grid;47.493
0;1;138;from_main_grid;0.0
0;1;138;from_network;47.493
0;1;139;HP;0.0
0;1;139;EB;0.0
0;1;139;from_grid;74.199
0;1;139;from_main_grid;74.199
0;1;139;from_network;0.0
0;1;140;HP;0.0
0;1;140;EB;0.0
0;1;140;from_grid;71.958
0;1;140;from_main_grid;71.958
0;1;140;from_network;0.0
0;1;141;HP;0.0
0;1;141;EB;0.0
0;1;141;from_grid;78.264
0;1;141;from_main_grid;78.264
0;1;141;from_network;0.0
0;1;142;HP;0.0
0;1;142;EB;0.0
0;1;142;from_grid;57.149
0;1;142;from_main_grid;57.149
0;1;142;from_network;0.0
0;1;143;HP;0.0
0;1;143;EB;0.0
0;1;143;from_grid;58.087
0;1;143;from_main_grid;58.087
0;1;143;from_network;0.0
0;1;144;HP;0.0
0;1;144;EB;0.0
0;1;144;from_grid;7.461
0;1;144;from_main_grid;7.461
0;1;144;from_network;0.0
0;1;145;HP;0.0
0;1;145;EB;0.0
0;1;145;from_grid;12.297
0;1;145;from_main_grid;12.297
0;1;145;from_network;0.0
0;1;146;HP;0.0
0;1;146;EB;0.0
0;1;146;from_grid;11.135
0;1;146;from_main_grid;11.135
0;1;146;from_network;0.0
0;1;147;HP;0.0
0;1;147;EB;0.0
0;1;147;from_grid;11.104
0;1;147;from_main_grid;11.104
0;1;147;from_network;0.0
0;1;148;HP;0.0
0;1;148;EB;0.0
0;1;148;from_grid;9.835
0;1;148;from_main_grid;9.835
0;1;148;from_network;0.0
0;1;149;HP;0.0
0;1;149;EB;0.0
0;1;149;from_grid;11.968
0;1;149;from_main_grid;11.968
0;1;149;from_network;0.0
0;1;150;HP;0.0
0;1;150;EB;0.0
0;1;150;from_grid;14.53
0;1;150;from_main_grid;14.53
0;1;150;from_network;0.0
0;1;151;HP;0.0
0;1;151;EB;0.0
0;1;151;from_grid;37.994
0;1;151;from_main_grid;0.0
0;1;151;from_network;37.994
0;1;152;HP;0.0
0;1;152;EB;0.0
0;1;152;from_grid;41.161
0;1;152;from_main_grid;0.0
0;1;152;from_network;41.161
0;1;153;HP;2.974
0;1;153;EB;0.0
0;1;153;from_grid;48.543
0;1;153;from_main_grid;0.0
0;1;153;from_network;48.543
0;1;154;HP;3.949
0;1;154;EB;0.0
0;1;154;from_grid;38.371
0;1;154;from_main_grid;0.0
0;1;154;from_network;38.371
0;1;155;HP;3.437
0;1;155;EB;0.0
0;1;155;from_grid;42.003
0;1;155;from_main_grid;0.0
0;1;155;from_network;42.003
0;1;156;HP;5.082
0;1;156;EB;0.0
0;1;156;from_grid;46.628
0;1;156;from_main_grid;0.0
0;1;156;from_network;46.628
0;1;157;HP;2.45
0;1;157;EB;0.0
0;1;157;from_grid;48.54
0;1;157;from_main_grid;0.0
0;1;157;from_network;48.54
0;1;158;HP;2.624
0;1;158;EB;0.0
0;1;158;from_grid;41.038
0;1;158;from_main_grid;0.0
0;1;158;from_network;41.038
0;1;159;HP;95.516
0;1;159;EB;0.0
0;1;159;from_grid;136.6
0;1;159;from_main_grid;0.0
0;1;159;from_network;136.6
0;1;160;HP;0.0
0;1;160;EB;0.0
0;1;160;from_grid;46.533
0;1;160;from_main_grid;0.0
0;1;160;from_network;46.533
0;1;161;HP;61.283
0;1;161;EB;0.0
0;1;161;from_grid;111.118
0;1;161;from_main_grid;0.0
0;1;161;from_network;111.118
0;1;162;HP;0.0
0;1;162;EB;0.0
0;1;162;from_grid;48.327
0;1;162;from_main_grid;0.0
0;1;162;from_network;48.327
0;1;163;HP;0.0
0;1;163;EB;0.0
0;1;163;from_grid;86.572
0;1;163;from_main_grid;86.572
0;1;163;from_network;0.0
0;1;164;HP;0.0
0;1;164;EB;0.0
0;1;164;from_grid;73.365
0;1;164;from_main_grid;73.365
0;1;164;from_network;0.0
0;1;165;HP;0.0
0;1;165;EB;0.0
0;1;165;from_grid;70.574
0;1;165;from_main_grid;70.574
0;1;165;from_network;0.0
0;1;166;HP;0.0
0;1;166;EB;0.0
0;1;166;from_grid;68.77
0;1;166;from_main_grid;68.77
0;1;166;from_network;0.0
0;1;167;HP;0.0
0;1;167;EB;0.0
0;1;167;from_grid;55.211
0;1;167;from_main_grid;55.211
0;1;167;from_network;0.0
0;2;0;HP;0.0
0;2;0;EB;0.0
0;2;0;from_grid;7.519
0;2;0;from_main_grid;7.519
0;2;0;from_network;0.0
0;2;1;HP;0.0
0;2;1;EB;0.0
0;2;1;from_grid;9.982
0;2;1;from_main_grid;9.982
0;2;1;from_network;0.0
0;2;2;HP;145.744
0;2;2;EB;0.0
0;2;2;from_grid;156.168
0;2;2;from_main_grid;156.168
0;2;2;from_network;0.0
0;2;3;HP;0.0
0;2;3;EB;0.0
0;2;3;from_grid;12.89
0;2;3;from_main_grid;12.89
0;2;3;from_network;0.0
0;2;4;HP;77.441
0;2;4;EB;0.0
0;2;4;from_grid;88.265
0;2;4;from_main_grid;88.265
0;2;4;from_network;0.0
0;2;5;HP;150.078
0;2;5;EB;0.0
0;2;5;from_grid;160.689
0;2;5;from_main_grid;160.689
0;2;5;from_network;0.0
0;2;6;HP;0.0
0;2;6;EB;0.0
0;2;6;from_grid;19.58
0;2;6;from_main_grid;19.58
0;2;6;from_network;0.0
0;2;7;HP;10.688
0;2;7;EB;0.0
0;2;7;from_grid;43.546
0;2;7;from_main_grid;43.546
0;2;7;from_network;0.0
0;2;8;HP;0.0
0;2;8;EB;0.0
0;2;8;from_grid;60.949
0;2;8;from_main_grid;60.949
0;2;8;from_network;0.0
0;2;9;HP;76.433
0;2;9;EB;0.0
0;2;9;from_grid;123.719
0;2;9;from_main_grid;0.0
0;2;9;from_network;123.719
0;2;10;HP;70.609
0;2;10;EB;0.0
0;2;10;from_grid;108.217
0;2;10;from_main_grid;0.0
0;2;10;from_network;108.217
0;2;11;HP;65.418
0;2;11;EB;0.0
0;2;11;from_grid;107.362
0;2;11;from_main_grid;0.0
0;2;11;from_network;107.362
0;2;12;HP;142.28
0;2;12;EB;0.0
0;2;12;from_grid;181.681
0;2;12;from_main_grid;0.0
0;2;12;from_network;181.681
0;2;13;HP;140.117
0;2;13;EB;0.0
0;2;13;from_grid;178.618
0;2;13;from_main_grid;0.0
0;2;13;from_network;178.618
0;2;14;HP;30.384
0;2;14;EB;0.0
0;2;14;from_grid;81.022
0;2;14;from_main_grid;0.0
0;2;14;from_network;81.022
0;2;15;HP;0.0
0;2;15;EB;0.0
0;2;15;from_grid;39.083
0;2;15;from_main_grid;39.083
0;2;15;from_network;0.0
0;2;16;HP;55.042
0;2;16;EB;0.0
0;2;16;from_grid;106.338
0;2;16;from_main_grid;106.338
0;2;16;from_network;0.0
0;2;17;HP;28.741
0;2;17;EB;0.0
0;2;17;from_grid;92.748
0;2;17;from_main_grid;92.748
0;2;17;from_network;0.0
0;2;18;HP;0.0
0;2;18;EB;0.0
0;2;18;from_grid;56.416
0;2;18;from_main_grid;56.416
0;2;18;from_network;0.0
0;2;19;HP;104.569
0;2;19;EB;0.0
0;2;19;from_grid;173.417
0;2;19;from_main_grid;173.417
0;2;19;from_network;0.0
0;2;20;HP;61.743
0;2;20;EB;0.0
0;2;20;from_grid;127.257
0;2;20;from_main_grid;127.257
0;2;20;from_network;0.0
0;2;21;HP;0.0
0;2;21;EB;0.0
0;2;21;from_grid;61.892
0;2;21;from_main_grid;61.892
0;2;21;from_network;0.0
0;2;22;HP;132.831
0;2;22;EB;0.0
0;2;22;from_grid;196.475
0;2;22;from_main_grid;196.475
0;2;22;from_network;0.0
0;2;23;HP;49.929
0;2;23;EB;0.0
0;2;23;from_grid;87.827
0;2;23;from_main_grid;87.827
0;2;23;from_network;0.0
0;2;24;HP;0.0
0;2;24;EB;0.0
0;2;24;from_grid;7.566
0;2;24;from_main_grid;7.566
0;2;24;from_network;0.0
0;2;25;HP;0.0
0;2;25;EB;0.0
0;2;25;from_grid;11.725
0;2;25;from_main_grid;11.725
0;2;25;from_network;0.0
0;2;26;HP;165.282
0;2;26;EB;0.0
0;2;26;from_grid;175.87
0;2;26;from_main_grid;175.87
0;2;26;from_network;0.0
0;2;27;HP;0.0
0;2;27;EB;0.0
0;2;27;from_grid;10.748
0;2;27;from_main_grid;10.748
0;2;27;from_network;0.0
0;2;28;HP;167.024
0;2;28;EB;0.0
0;2;28;from_grid;178.388
0;2;28;from_main_grid;178.388
0;2;28;from_network;0.0
0;2;29;HP;57.171
0;2;29;EB;0.0
0;2;29;from_grid;68.804
0;2;29;from_main_grid;68.804
0;2;29;from_network;0.0
0;2;30;HP;131.645
0;2;30;EB;0.0
0;2;30;from_grid;148.308
0;2;30;from_main_grid;148.308
0;2;30;from_network;0.0
0;2;31;HP;133.705
0;2;31;EB;0.0
0;2;31;from_grid;173.269
0;2;31;from_main_grid;173.269
0;2;31;from_network;0.0
0;2;32;HP;125.71
0;2;32;EB;0.0
0;2;32;from_grid;184.038
0;2;32;from_main_grid;184.038
0;2;32;from_network;0.0
0;2;33;HP;119.001
0;2;33;EB;0.0
0;2;33;from_grid;159.646
0;2;33;from_main_grid;0.0
0;2;33;from_network;159.646
0;2;34;HP;101.972
0;2;34;EB;0.0
0;2;34;from_grid;139.941
0;2;34;from_main_grid;0.0
0;2;34;from_network;139.941
0;2;35;HP;85.089
0;2;35;EB;0.0
0;2;35;from_grid;125.932
0;2;35;from_main_grid;0.0
0;2;35;from_network;125.932
0;2;36;HP;68.053
0;2;36;EB;0.0
0;2;36;from_grid;105.211
0;2;36;from_main_grid;0.0
0;2;36;from_network;105.211
0;2;37;HP;45.889
0;2;37;EB;0.0
0;2;37;from_grid;86.329
0;2;37;from_main_grid;0.0
0;2;37;from_network;86.329
0;2;38;HP;129.855
0;2;38;EB;0.0
0;2;38;from_grid;170.538
0;2;38;from_main_grid;0.0
0;2;38;from_network;170.538
0;2;39;HP;130.611
0;2;39;EB;0.0
0;2;39;from_grid;163.19
0;2;39;from_main_grid;0.0
0;2;39;from_network;163.19
0;2;40;HP;20.85
0;2;40;EB;0.0
0;2;40;from_grid;77.804
0;2;40;from_main_grid;0.0
0;2;40;from_network;77.804
0;2;41;HP;24.463
0;2;41;EB;0.0
0;2;41;from_grid;80.72
0;2;41;from_main_grid;80.72
0;2;41;from_network;0.0
0;2;42;HP;36.075
0;2;42;EB;0.0
0;2;42;from_grid;102.699
0;2;42;from_main_grid;102.699
0;2;42;from_network;0.0
0;2;43;HP;41.232
0;2;43;EB;0.0
0;2;43;from_grid;103.133
0;2;43;from_main_grid;103.133
0;2;43;from_network;0.0
0;2;44;HP;48.724
0;2;44;EB;0.0
0;2;44;from_grid;111.074
0;2;44;from_main_grid;111.074
0;2;44;from_network;0.0
0;2;45;HP;18.803
0;2;45;EB;0.0
0;2;45;from_grid;79.459
0;2;45;from_main_grid;79.459
0;2;45;from_network;0.0
0;2;46;HP;0.0
0;2;46;EB;0.0
0;2;46;from_grid;56.144
0;2;46;from_main_grid;56.144
0;2;46;from_network;0.0
0;2;47;HP;0.0
0;2;47;EB;0.0
0;2;47;from_grid;43.666
0;2;47;from_main_grid;43.666
0;2;47;from_network;0.0
0;2;48;HP;0.0
0;2;48;EB;0.0
0;2;48;from_grid;7.554
0;2;48;from_main_grid;7.554
0;2;48;from_network;0.0
0;2;49;HP;0.0
0;2;49;EB;0.0
0;2;49;from_grid;9.184
0;2;49;from_main_grid;9.184
0;2;49;from_network;0.0
0;2;50;HP;47.865
0;2;50;EB;0.0
0;2;50;from_grid;58.829
0;2;50;from_main_grid;58.829
0;2;50;from_network;0.0
0;2;51;HP;50.841
0;2;51;EB;0.0
0;2;51;from_grid;60.612
0;2;51;from_main_grid;60.612
0;2;51;from_network;0.0
0;2;52;HP;51.614
0;2;52;EB;0.0
0;2;52;from_grid;61.453
0;2;52;from_main_grid;61.453
0;2;52;from_network;0.0
0;2;53;HP;53.564
0;2;53;EB;0.0
0;2;53;from_grid;63.702
0;2;53;from_main_grid;63.702
0;2;53;from_network;0.0
0;2;54;HP;49.879
0;2;54;EB;0.0
0;2;54;from_grid;62.587
0;2;54;from_main_grid;62.587
0;2;54;from_network;0.0
0;2;55;HP;65.197
0;2;55;EB;0.0
0;2;55;from_grid;100.625
0;2;55;from_main_grid;100.625
0;2;55;from_network;0.0
0;2;56;HP;65.822
0;2;56;EB;0.0
0;2;56;from_grid;117.451
0;2;56;from_main_grid;117.451
0;2;56;from_network;0.0
0;2;57;HP;44.778
0;2;57;EB;0.0
0;2;57;from_grid;88.241
0;2;57;from_main_grid;88.241
0;2;57;from_network;0.0
0;2;58;HP;41.045
0;2;58;EB;0.0
0;2;58;from_grid;83.6
0;2;58;from_main_grid;83.6
0;2;58;from_network;0.0
0;2;59;HP;35.951
0;2;59;EB;0.0
0;2;59;from_grid;73.0
0;2;59;from_main_grid;73.0
0;2;59;from_network;0.0
0;2;60;HP;30.126
0;2;60;EB;0.0
0;2;60;from_grid;65.329
0;2;60;from_main_grid;65.329
0;2;60;from_network;0.0
0;2;61;HP;26.118
0;2;61;EB;0.0
0;2;61;from_grid;53.179
0;2;61;from_main_grid;53.179
0;2;61;from_network;0.0
0;2;62;HP;20.815
0;2;62;EB;0.0
0;2;62;from_grid;59.93
0;2;62;from_main_grid;59.93
0;2;62;from_network;0.0
0;2;63;HP;25.534
0;2;63;EB;0.0
0;2;63;from_grid;54.948
0;2;63;from_main_grid;54.948
0;2;63;from_network;0.0
0;2;64;HP;101.292
0;2;64;EB;0.0
0;2;64;from_grid;138.422
0;2;64;from_main_grid;138.422
0;2;64;from_network;0.0
0;2;65;HP;132.769
0;2;65;EB;0.0
0;2;65;from_grid;195.784
0;2;65;from_main_grid;195.784
0;2;65;from_network;0.0
0;2;66;HP;0.0
0;2;66;EB;0.0
0;2;66;from_grid;64.171
0;2;66;from_main_grid;64.171
0;2;66;from_network;0.0
0;2;67;HP;0.0
0;2;67;EB;0.0
0;2;67;from_grid;59.359
0;2;67;from_main_grid;59.359
0;2;67;from_network;0.0
0;2;68;HP;0.0
0;2;68;EB;0.0
0;2;68;from_grid;85.975
0;2;68;from_main_grid;85.975
0;2;68;from_network;0.0
0;2;69;HP;0.0
0;2;69;EB;0.0
0;2;69;from_grid;69.631
0;2;69;from_main_grid;69.631
0;2;69;from_network;0.0
0;2;70;HP;0.0
0;2;70;EB;0.0
0;2;70;from_grid;62.278
0;2;70;from_main_grid;62.278
0;2;70;from_network;0.0
0;2;71;HP;0.0
0;2;71;EB;0.0
0;2;71;from_grid;33.443
0;2;71;from_main_grid;33.443
0;2;71;from_network;0.0
0;2;72;HP;0.0
0;2;72;EB;0.0
0;2;72;from_grid;10.713
0;2;72;from_main_grid;10.713
0;2;72;from_network;0.0
0;2;73;HP;36.396
0;2;73;EB;0.0
0;2;73;from_grid;52.142
0;2;73;from_main_grid;52.142
0;2;73;from_network;0.0
0;2;74;HP;43.19
0;2;74;EB;0.0
0;2;74;from_grid;54.826
0;2;74;from_main_grid;54.826
0;2;74;from_network;0.0
0;2;75;HP;44.631
0;2;75;EB;0.0
0;2;75;from_grid;59.341
0;2;75;from_main_grid;59.341
0;2;75;from_network;0.0
0;2;76;HP;46.307
0;2;76;EB;0.0
0;2;76;from_grid;58.318
0;2;76;from_main_grid;58.318
0;2;76;from_network;0.0
0;2;77;HP;48.352
0;2;77;EB;0.0
0;2;77;from_grid;59.117
0;2;77;from_main_grid;59.117
0;2;77;from_network;0.0
0;2;78;HP;49.867
0;2;78;EB;0.0
0;2;78;from_grid;61.508
0;2;78;from_main_grid;61.508
0;2;78;from_network;0.0
0;2;79;HP;73.86
0;2;79;EB;0.0
0;2;79;from_grid;94.805
0;2;79;from_main_grid;94.805
0;2;79;from_network;0.0
0;2;80;HP;74.793
0;2;80;EB;0.0
0;2;80;from_grid;110.282
0;2;80;from_main_grid;110.282
0;2;80;from_network;0.0
0;2;81;HP;53.749
0;2;81;EB;0.0
0;2;81;from_grid;98.472
0;2;81;from_main_grid;98.472
0;2;81;from_network;0.0
0;2;82;HP;51.057
0;2;82;EB;0.0
0;2;82;from_grid;85.613
0;2;82;from_main_grid;85.613
0;2;82;from_network;0.0
0;2;83;HP;37.804
0;2;83;EB;0.0
0;2;83;from_grid;72.521
0;2;83;from_main_grid;54.536
0;2;83;from_network;17.985
0;2;84;HP;127.356
0;2;84;EB;0.0
0;2;84;from_grid;168.344
0;2;84;from_main_grid;0.0
0;2;84;from_network;168.344
0;2;85;HP;127.147
0;2;85;EB;0.0
0;2;85;from_grid;169.077
0;2;85;from_main_grid;0.0
0;2;85;from_network;169.077
0;2;86;HP;22.319
0;2;86;EB;0.0
0;2;86;from_grid;67.34
0;2;86;from_main_grid;67.34
0;2;86;from_network;0.0
0;2;87;HP;28.065
0;2;87;EB;0.0
0;2;87;from_grid;68.201
0;2;87;from_main_grid;68.201
0;2;87;from_network;0.0
0;2;88;HP;11.772
0;2;88;EB;0.0
0;2;88;from_grid;53.938
0;2;88;from_main_grid;53.938
0;2;88;from_network;0.0
0;2;89;HP;0.0
0;2;89;EB;0.0
0;2;89;from_grid;57.259
0;2;89;from_main_grid;57.259
0;2;89;from_network;0.0
0;2;90;HP;0.0
0;2;90;EB;0.0
0;2;90;from_grid;66.474
0;2;90;from_main_grid;66.474
0;2;90;from_network;0.0
0;2;91;HP;0.0
0;2;91;EB;0.0
0;2;91;from_grid;67.656
0;2;91;from_main_grid;67.656
0;2;91;from_network;0.0
0;2;92;HP;142.28
0;2;92;EB;0.0
0;2;92;from_grid;206.703
0;2;92;from_main_grid;206.703
0;2;92;from_network;0.0
0;2;93;HP;44.206
0;2;93;EB;0.0
0;2;93;from_grid;101.22
0;2;93;from_main_grid;101.22
0;2;93;from_network;0.0
0;2;94;HP;0.0
0;2;94;EB;0.0
0;2;94;from_grid;60.145
0;2;94;from_main_grid;60.145
0;2;94;from_network;0.0
0;2;95;HP;32.385
0;2;95;EB;0.0
0;2;95;from_grid;79.863
0;2;95;from_main_grid;79.863
0;2;95;from_network;0.0
0;2;96;HP;0.0
0;2;96;EB;0.0
0;2;96;from_grid;7.501
0;2;96;from_main_grid;7.501
0;2;96;from_network;0.0
0;2;97;HP;0.0
0;2;97;EB;0.0
0;2;97;from_grid;15.296
0;2;97;from_main_grid;15.296
0;2;97;from_network;0.0
0;2;98;HP;85.202
0;2;98;EB;0.0
0;2;98;from_grid;97.838
0;2;98;from_main_grid;97.838
0;2;98;from_network;0.0
0;2;99;HP;152.68
0;2;99;EB;0.0
0;2;99;from_grid;163.231
0;2;99;from_main_grid;163.231
0;2;99;from_network;0.0
0;2;100;HP;119.321
0;2;100;EB;0.0
0;2;100;from_grid;130.948
0;2;100;from_main_grid;130.948
0;2;100;from_network;0.0
0;2;101;HP;0.0
0;2;101;EB;0.0
0;2;101;from_grid;12.258
0;2;101;from_main_grid;12.258
0;2;101;from_network;0.0
0;2;102;HP;110.264
0;2;102;EB;0.0
0;2;102;from_grid;123.871
0;2;102;from_main_grid;123.871
0;2;102;from_network;0.0
0;2;103;HP;111.353
0;2;103;EB;0.0
0;2;103;from_grid;137.445
0;2;103;from_main_grid;137.445
0;2;103;from_network;0.0
0;2;104;HP;98.438
0;2;104;EB;0.0
0;2;104;from_grid;151.992
0;2;104;from_main_grid;151.992
0;2;104;from_network;0.0
0;2;105;HP;91.982
0;2;105;EB;0.0
0;2;105;from_grid;142.576
0;2;105;from_main_grid;7.054
0;2;105;from_network;135.522
0;2;106;HP;83.814
0;2;106;EB;0.0
0;2;106;from_grid;128.398
0;2;106;from_main_grid;33.728
0;2;106;from_network;94.67
0;2;107;HP;73.846
0;2;107;EB;0.0
0;2;107;from_grid;131.989
0;2;107;from_main_grid;131.989
0;2;107;from_network;0.0
0;2;108;HP;74.277
0;2;108;EB;0.0
0;2;108;from_grid;126.71
0;2;108;from_main_grid;13.333
0;2;108;from_network;113.377
0;2;109;HP;124.114
0;2;109;EB;0.0
0;2;109;from_grid;175.115
0;2;109;from_main_grid;145.359
0;2;109;from_network;29.756
0;2;110;HP;0.0
0;2;110;EB;0.0
0;2;110;from_grid;40.867
0;2;110;from_main_grid;40.867
0;2;110;from_network;0.0
0;2;111;HP;63.293
0;2;111;EB;0.0
0;2;111;from_grid;108.879
0;2;111;from_main_grid;108.879
0;2;111;from_network;0.0
0;2;112;HP;62.752
0;2;112;EB;0.0
0;2;112;from_grid;129.079
0;2;112;from_main_grid;129.079
0;2;112;from_network;0.0
0;2;113;HP;64.437
0;2;113;EB;0.0
0;2;113;from_grid;119.664
0;2;113;from_main_grid;119.664
0;2;113;from_network;0.0
0;2;114;HP;75.08
0;2;114;EB;0.0
0;2;114;from_grid;139.584
0;2;114;from_main_grid;139.584
0;2;114;from_network;0.0
0;2;115;HP;78.189
0;2;115;EB;0.0
0;2;115;from_grid;144.743
0;2;115;from_main_grid;144.743
0;2;115;from_network;0.0
0;2;116;HP;80.133
0;2;116;EB;0.0
0;2;116;from_grid;153.354
0;2;116;from_main_grid;153.354
0;2;116;from_network;0.0
0;2;117;HP;82.352
0;2;117;EB;0.0
0;2;117;from_grid;139.532
0;2;117;from_main_grid;139.532
0;2;117;from_network;0.0
0;2;118;HP;74.37
0;2;118;EB;0.0
0;2;118;from_grid;133.501
0;2;118;from_main_grid;133.501
0;2;118;from_network;0.0
0;2;119;HP;154.85
0;2;119;EB;0.0
0;2;119;from_grid;195.298
0;2;119;from_main_grid;195.298
0;2;119;from_network;0.0
0;2;120;HP;10.704
0;2;120;EB;0.0
0;2;120;from_grid;18.299
0;2;120;from_main_grid;18.299
0;2;120;from_network;0.0
0;2;121;HP;158.324
0;2;121;EB;0.0
0;2;121;from_grid;176.482
0;2;121;from_main_grid;176.482
0;2;121;from_network;0.0
0;2;122;HP;27.851
0;2;122;EB;0.0
0;2;122;from_grid;37.781
0;2;122;from_main_grid;37.781
0;2;122;from_network;0.0
0;2;123;HP;98.871
0;2;123;EB;0.0
0;2;123;from_grid;108.207
0;2;123;from_main_grid;108.207
0;2;123;from_network;0.0
0;2;124;HP;100.565
0;2;124;EB;0.0
0;2;124;from_grid;111.532
0;2;124;from_main_grid;111.532
0;2;124;from_network;0.0
0;2;125;HP;102.371
0;2;125;EB;0.0
0;2;125;from_grid;112.577
0;2;125;from_main_grid;112.577
0;2;125;from_network;0.0
0;2;126;HP;116.046
0;2;126;EB;0.0
0;2;126;from_grid;130.948
0;2;126;from_main_grid;130.948
0;2;126;from_network;0.0
0;2;127;HP;110.488
0;2;127;EB;0.0
0;2;127;from_grid;152.851
0;2;127;from_main_grid;152.851
0;2;127;from_network;0.0
0;2;128;HP;97.044
0;2;128;EB;0.0
0;2;128;from_grid;167.207
0;2;128;from_main_grid;167.207
0;2;128;from_network;0.0
0;2;129;HP;95.085
0;2;129;EB;0.0
0;2;129;from_grid;137.946
0;2;129;from_main_grid;137.946
0;2;129;from_network;0.0
0;2;130;HP;90.151
0;2;130;EB;0.0
0;2;130;from_grid;133.408
0;2;130;from_main_grid;133.408
0;2;130;from_network;0.0
0;2;131;HP;77.836
0;2;131;EB;0.0
0;2;131;from_grid;116.785
0;2;131;from_main_grid;116.785
0;2;131;from_network;0.0
0;2;132;HP;71.879
0;2;132;EB;0.0
0;2;132;from_grid;110.186
0;2;132;from_main_grid;110.186
0;2;132;from_network;0.0
0;2;133;HP;59.135
0;2;133;EB;0.0
0;2;133;from_grid;101.238
0;2;133;from_main_grid;27.674
0;2;133;from_network;73.565
0;2;134;HP;143.579
0;2;134;EB;0.0
0;2;134;from_grid;177.085
0;2;134;from_main_grid;177.085
0;2;134;from_network;0.0
0;2;135;HP;145.744
0;2;135;EB;0.0
0;2;135;from_grid;189.644
0;2;135;from_main_grid;189.644
0;2;135;from_network;0.0
0;2;136;HP;0.0
0;2;136;EB;0.0
0;2;136;from_grid;54.745
0;2;136;from_main_grid;54.745
0;2;136;from_network;0.0
0;2;137;HP;0.0
0;2;137;EB;0.0
0;2;137;from_grid;59.686
0;2;137;from_main_grid;59.686
0;2;137;from_network;0.0
0;2;138;HP;0.0
0;2;138;EB;0.0
0;2;138;from_grid;63.869
0;2;138;from_main_grid;63.869
0;2;138;from_network;0.0
0;2;139;HP;151.379
0;2;139;EB;0.0
0;2;139;from_grid;231.466
0;2;139;from_main_grid;231.466
0;2;139;from_network;0.0
0;2;140;HP;55.91
0;2;140;EB;0.0
0;2;140;from_grid;125.843
0;2;140;from_main_grid;125.843
0;2;140;from_network;0.0
0;2;141;HP;0.0
0;2;141;EB;0.0
0;2;141;from_grid;76.027
0;2;141;from_main_grid;76.027
0;2;141;from_network;0.0
0;2;142;HP;152.151
0;2;142;EB;0.0
0;2;142;from_grid;220.256
0;2;142;from_main_grid;220.256
0;2;142;from_network;0.0
0;2;143;HP;0.0
0;2;143;EB;0.0
0;2;143;from_grid;47.912
0;2;143;from_main_grid;47.912
0;2;143;from_network;0.0
0;2;144;HP;86.567
0;2;144;EB;0.0
0;2;144;from_grid;94.214
0;2;144;from_main_grid;94.214
0;2;144;from_network;0.0
0;2;145;HP;88.878
0;2;145;EB;0.0
0;2;145;from_grid;102.551
0;2;145;from_main_grid;102.551
0;2;145;from_network;0.0
0;2;146;HP;92.906
0;2;146;EB;0.0
0;2;146;from_grid;104.771
0;2;146;from_main_grid;104.771
0;2;146;from_network;0.0
0;2;147;HP;94.117
0;2;147;EB;0.0
0;2;147;from_grid;106.091
0;2;147;from_main_grid;106.091
0;2;147;from_network;0.0
0;2;148;HP;96.586
0;2;148;EB;0.0
0;2;148;from_grid;108.492
0;2;148;from_main_grid;108.492
0;2;148;from_network;0.0
0;2;149;HP;97.424
0;2;149;EB;0.0
0;2;149;from_grid;106.991
0;2;149;from_main_grid;106.991
0;2;149;from_network;0.0
0;2;150;HP;113.286
0;2;150;EB;0.0
0;2;150;from_grid;125.848
0;2;150;from_main_grid;125.848
0;2;150;from_network;0.0
0;2;151;HP;112.388
0;2;151;EB;0.0
0;2;151;from_grid;153.992
0;2;151;from_main_grid;153.992
0;2;151;from_network;0.0
0;2;152;HP;99.003
0;2;152;EB;0.0
0;2;152;from_grid;140.792
0;2;152;from_main_grid;140.792
0;2;152;from_network;0.0
0;2;153;HP;93.687
0;2;153;EB;0.0
0;2;153;from_grid;136.174
0;2;153;from_main_grid;136.174
0;2;153;from_network;0.0
0;2;154;HP;88.017
0;2;154;EB;0.0
0;2;154;from_grid;142.342
0;2;154;from_main_grid;142.342
0;2;154;from_network;0.0
0;2;155;HP;83.877
0;2;155;EB;0.0
0;2;155;from_grid;117.454
0;2;155;from_main_grid;117.454
0;2;155;from_network;0.0
0;2;156;HP;77.706
0;2;156;EB;0.0
0;2;156;from_grid;112.17
0;2;156;from_main_grid;112.17
0;2;156;from_network;0.0
0;2;157;HP;61.034
0;2;157;EB;0.0
0;2;157;from_grid;116.583
0;2;157;from_main_grid;116.583
0;2;157;from_network;0.0
0;2;158;HP;53.799
0;2;158;EB;0.0
0;2;158;from_grid;95.616
0;2;158;from_main_grid;95.616
0;2;158;from_network;0.0
0;2;159;HP;50.304
0;2;159;EB;0.0
0;2;159;from_grid;84.251
0;2;159;from_main_grid;84.251
0;2;159;from_network;0.0
0;2;160;HP;47.013
0;2;160;EB;0.0
0;2;160;from_grid;98.95
0;2;160;from_main_grid;98.95
0;2;160;from_network;0.0
0;2;161;HP;47.445
0;2;161;EB;0.0
0;2;161;from_grid;104.64
0;2;161;from_main_grid;104.64
0;2;161;from_network;0.0
0;2;162;HP;59.046
0;2;162;EB;0.0
0;2;162;from_grid;117.647
0;2;162;from_main_grid;117.647
0;2;162;from_network;0.0
0;2;163;HP;62.124
0;2;163;EB;0.0
0;2;163;from_grid;123.052
0;2;163;from_main_grid;123.052
0;2;163;from_network;0.0
0;2;164;HP;60.901
0;2;164;EB;0.0
0;2;164;from_grid;122.858
0;2;164;from_main_grid;122.858
0;2;164;from_network;0.0
0;2;165;HP;63.572
0;2;165;EB;0.0
0;2;165;from_grid;122.661
0;2;165;from_main_grid;122.661
0;2;165;from_network;0.0
0;2;166;HP;127.332
0;2;166;EB;0.0
0;2;166;from_grid;199.782
0;2;166;from_main_grid;199.782
0;2;166;from_network;0.0
0;2;167;HP;145.744
0;2;167;EB;0.0
0;2;167;from_grid;203.86
0;2;167;from_main_grid;203.86
0;2;167;from_network;0.0
0;3;0;HP;189.304
0;3;0;EB;0.0
0;3;0;from_grid;196.884
0;3;0;from_main_grid;196.884
0;3;0;from_network;0.0
0;3;1;HP;189.743
0;3;1;EB;0.0
0;3;1;from_grid;200.955
0;3;1;from_main_grid;200.955
0;3;1;from_network;0.0
0;3;2;HP;188.428
0;3;2;EB;0.0
0;3;2;from_grid;199.154
0;3;2;from_main_grid;199.154
0;3;2;from_network;0.0
0;3;3;HP;188.866
0;3;3;EB;0.0
0;3;3;from_grid;199.799
0;3;3;from_main_grid;199.799
0;3;3;from_network;0.0
0;3;4;HP;189.304
0;3;4;EB;0.0
0;3;4;from_grid;200.137
0;3;4;from_main_grid;200.137
0;3;4;from_network;0.0
0;3;5;HP;192.374
0;3;5;EB;0.0
0;3;5;from_grid;202.819
0;3;5;from_main_grid;202.819
0;3;5;from_network;0.0
0;3;6;HP;192.374
0;3;6;EB;0.0
0;3;6;from_grid;207.962
0;3;6;from_main_grid;207.962
0;3;6;from_network;0.0
0;3;7;HP;191.936
0;3;7;EB;0.0
0;3;7;from_grid;236.475
0;3;7;from_main_grid;236.475
0;3;7;from_network;0.0
0;3;8;HP;190.62
0;3;8;EB;0.0
0;3;8;from_grid;253.808
0;3;8;from_main_grid;253.808
0;3;8;from_network;0.0
0;3;9;HP;188.428
0;3;9;EB;12.195
0;3;9;from_grid;245.056
0;3;9;from_main_grid;245.056
0;3;9;from_network;0.0
0;3;10;HP;186.238
0;3;10;EB;39.663
0;3;10;from_grid;270.326
0;3;10;from_main_grid;242.589
0;3;10;from_network;27.737
0;3;11;HP;184.049
0;3;11;EB;18.107
0;3;11;from_grid;235.279
0;3;11;from_main_grid;235.279
0;3;11;from_network;0.0
0;3;12;HP;182.299
0;3;12;EB;11.842
0;3;12;from_grid;229.036
0;3;12;from_main_grid;0.0
0;3;12;from_network;229.036
0;3;13;HP;180.112
0;3;13;EB;0.0
0;3;13;from_grid;214.623
0;3;13;from_main_grid;132.041
0;3;13;from_network;82.582
0;3;14;HP;170.945
0;3;14;EB;0.0
0;3;14;from_grid;208.447
0;3;14;from_main_grid;0.0
0;3;14;from_network;208.447
0;3;15;HP;170.074
0;3;15;EB;0.0
0;3;15;from_grid;201.334
0;3;15;from_main_grid;0.0
0;3;15;from_network;201.334
0;3;16;HP;172.253
0;3;16;EB;0.0
0;3;16;from_grid;225.862
0;3;16;from_main_grid;225.862
0;3;16;from_network;0.0
0;3;17;HP;176.181
0;3;17;EB;0.0
0;3;17;from_grid;239.472
0;3;17;from_main_grid;239.472
0;3;17;from_network;0.0
0;3;18;HP;177.491
0;3;18;EB;0.0
0;3;18;from_grid;236.01
0;3;18;from_main_grid;236.01
0;3;18;from_network;0.0
0;3;19;HP;181.424
0;3;19;EB;0.0
0;3;19;from_grid;254.373
0;3;19;from_main_grid;254.373
0;3;19;from_network;0.0
0;3;20;HP;183.174
0;3;20;EB;0.0
0;3;20;from_grid;247.928
0;3;20;from_main_grid;247.928
0;3;20;from_network;0.0
0;3;21;HP;184.924
0;3;21;EB;0.0
0;3;21;from_grid;260.286
0;3;21;from_main_grid;260.286
0;3;21;from_network;0.0
0;3;22;HP;186.238
0;3;22;EB;0.0
0;3;22;from_grid;252.606
0;3;22;from_main_grid;252.606
0;3;22;from_network;0.0
0;3;23;HP;187.99
0;3;23;EB;0.0
0;3;23;from_grid;244.021
0;3;23;from_main_grid;244.021
0;3;23;from_network;0.0
0;3;24;HP;189.743
0;3;24;EB;0.0
0;3;24;from_grid;197.345
0;3;24;from_main_grid;197.345
0;3;24;from_network;0.0
0;3;25;HP;192.374
0;3;25;EB;0.0
0;3;25;from_grid;207.635
0;3;25;from_main_grid;207.635
0;3;25;from_network;0.0
0;3;26;HP;192.374
0;3;26;EB;0.0
0;3;26;from_grid;204.163
0;3;26;from_main_grid;204.163
0;3;26;from_network;0.0
0;3;27;HP;192.374
0;3;27;EB;0.0
0;3;27;from_grid;202.404
0;3;27;from_main_grid;202.404
0;3;27;from_network;0.0
0;3;28;HP;193.252
0;3;28;EB;0.0
0;3;28;from_grid;204.772
0;3;28;from_main_grid;204.772
0;3;28;from_network;0.0
0;3;29;HP;193.691
0;3;29;EB;0.0
0;3;29;from_grid;206.577
0;3;29;from_main_grid;206.577
0;3;29;from_network;0.0
0;3;30;HP;193.252
0;3;30;EB;0.0
0;3;30;from_grid;205.689
0;3;30;from_main_grid;205.689
0;3;30;from_network;0.0
0;3;31;HP;195.008
0;3;31;EB;0.0
0;3;31;from_grid;235.826
0;3;31;from_main_grid;235.826
0;3;31;from_network;0.0
0;3;32;HP;192.813
0;3;32;EB;0.0
0;3;32;from_grid;245.764
0;3;32;from_main_grid;245.764
0;3;32;from_network;0.0
0;3;33;HP;190.62
0;3;33;EB;5.775
0;3;33;from_grid;244.868
0;3;33;from_main_grid;244.868
0;3;33;from_network;0.0
0;3;34;HP;187.114
0;3;34;EB;49.855
0;3;34;from_grid;279.568
0;3;34;from_main_grid;279.568
0;3;34;from_network;0.0
0;3;35;HP;186.238
0;3;35;EB;19.793
0;3;35;from_grid;237.156
0;3;35;from_main_grid;237.156
0;3;35;from_network;0.0
0;3;36;HP;184.924
0;3;36;EB;16.884
0;3;36;from_grid;242.38
0;3;36;from_main_grid;242.38
0;3;36;from_network;0.0
0;3;37;HP;186.238
0;3;37;EB;0.0
0;3;37;from_grid;225.097
0;3;37;from_main_grid;30.469
0;3;37;from_network;194.628
0;3;38;HP;186.238
0;3;38;EB;0.0
0;3;38;from_grid;236.909
0;3;38;from_main_grid;236.909
0;3;38;from_network;0.0
0;3;39;HP;187.552
0;3;39;EB;0.0
0;3;39;from_grid;236.238
0;3;39;from_main_grid;236.238
0;3;39;from_network;0.0
0;3;40;HP;187.114
0;3;40;EB;0.0
0;3;40;from_grid;251.667
0;3;40;from_main_grid;251.667
0;3;40;from_network;0.0
0;3;41;HP;187.99
0;3;41;EB;0.0
0;3;41;from_grid;254.655
0;3;41;from_main_grid;254.655
0;3;41;from_network;0.0
0;3;42;HP;187.99
0;3;42;EB;0.0
0;3;42;from_grid;254.98
0;3;42;from_main_grid;254.98
0;3;42;from_network;0.0
0;3;43;HP;187.114
0;3;43;EB;11.818
0;3;43;from_grid;266.947
0;3;43;from_main_grid;266.947
0;3;43;from_network;0.0
0;3;44;HP;185.8
0;3;44;EB;32.873
0;3;44;from_grid;291.318
0;3;44;from_main_grid;291.318
0;3;44;from_network;0.0
0;3;45;HP;184.486
0;3;45;EB;33.788
0;3;45;from_grid;274.657
0;3;45;from_main_grid;274.657
0;3;45;from_network;0.0
0;3;46;HP;180.22
0;3;46;EB;0.0
0;3;46;from_grid;242.476
0;3;46;from_main_grid;242.476
0;3;46;from_network;0.0
0;3;47;HP;177.903
0;3;47;EB;0.0
0;3;47;from_grid;207.512
0;3;47;from_main_grid;207.512
0;3;47;from_network;0.0
0;3;48;HP;144.042
0;3;48;EB;0.0
0;3;48;from_grid;151.633
0;3;48;from_main_grid;151.633
0;3;48;from_network;0.0
0;3;49;HP;136.494
0;3;49;EB;0.0
0;3;49;from_grid;145.867
0;3;49;from_main_grid;145.867
0;3;49;from_network;0.0
0;3;50;HP;131.08
0;3;50;EB;0.0
0;3;50;from_grid;142.242
0;3;50;from_main_grid;142.242
0;3;50;from_network;0.0
0;3;51;HP;127.293
0;3;51;EB;0.0
0;3;51;from_grid;138.631
0;3;51;from_main_grid;138.631
0;3;51;from_network;0.0
0;3;52;HP;126.695
0;3;52;EB;0.0
0;3;52;from_grid;138.63
0;3;52;from_main_grid;138.63
0;3;52;from_network;0.0
0;3;53;HP;127.323
0;3;53;EB;0.0
0;3;53;from_grid;138.069
0;3;53;from_main_grid;138.069
0;3;53;from_network;0.0
0;3;54;HP;126.515
0;3;54;EB;0.0
0;3;54;from_grid;142.094
0;3;54;from_main_grid;142.094
0;3;54;from_network;0.0
0;3;55;HP;156.338
0;3;55;EB;0.0
0;3;55;from_grid;192.648
0;3;55;from_main_grid;192.648
0;3;55;from_network;0.0
0;3;56;HP;157.005
0;3;56;EB;0.0
0;3;56;from_grid;218.291
0;3;56;from_main_grid;218.291
0;3;56;from_network;0.0
0;3;57;HP;135.228
0;3;57;EB;0.0
0;3;57;from_grid;171.594
0;3;57;from_main_grid;171.594
0;3;57;from_network;0.0
0;3;58;HP;137.6
0;3;58;EB;0.0
0;3;58;from_grid;178.197
0;3;58;from_main_grid;178.197
0;3;58;from_network;0.0
0;3;59;HP;133.719
0;3;59;EB;0.0
0;3;59;from_grid;171.748
0;3;59;from_main_grid;171.748
0;3;59;from_network;0.0
0;3;60;HP;126.314
0;3;60;EB;0.0
0;3;60;from_grid;159.402
0;3;60;from_main_grid;71.151
0;3;60;from_network;88.251
0;3;61;HP;116.982
0;3;61;EB;0.0
0;3;61;from_grid;161.037
0;3;61;from_main_grid;0.0
0;3;61;from_network;161.037
0;3;62;HP;111.042
0;3;62;EB;0.0
0;3;62;from_grid;145.782
0;3;62;from_main_grid;0.0
0;3;62;from_network;145.782
0;3;63;HP;119.426
0;3;63;EB;0.0
0;3;63;from_grid;156.469
0;3;63;from_main_grid;156.469
0;3;63;from_network;0.0
0;3;64;HP;153.168
0;3;64;EB;0.0
0;3;64;from_grid;209.315
0;3;64;from_main_grid;209.315
0;3;64;from_network;0.0
0;3;65;HP;165.282
0;3;65;EB;0.0
0;3;65;from_grid;218.38
0;3;65;from_main_grid;218.38
0;3;65;from_network;0.0
0;3;66;HP;166.588
0;3;66;EB;0.0
0;3;66;from_grid;230.364
0;3;66;from_main_grid;230.364
0;3;66;from_network;0.0
0;3;67;HP;168.766
0;3;67;EB;0.0
0;3;67;from_grid;227.987
0;3;67;from_main_grid;227.987
0;3;67;from_network;0.0
0;3;68;HP;170.509
0;3;68;EB;0.0
0;3;68;from_grid;231.17
0;3;68;from_main_grid;231.17
0;3;68;from_network;0.0
0;3;69;HP;0.0
0;3;69;EB;0.0
0;3;69;from_grid;79.863
0;3;69;from_main_grid;79.863
0;3;69;from_network;0.0
0;3;70;HP;4.359
0;3;70;EB;0.0
0;3;70;from_grid;60.9
0;3;70;from_main_grid;60.9
0;3;70;from_network;0.0
0;3;71;HP;128.508
0;3;71;EB;0.0
0;3;71;from_grid;173.264
0;3;71;from_main_grid;173.264
0;3;71;from_network;0.0
0;3;72;HP;132.84
0;3;72;EB;0.0
0;3;72;from_grid;142.267
0;3;72;from_main_grid;142.267
0;3;72;from_network;0.0
0;3;73;HP;133.643
0;3;73;EB;0.0
0;3;73;from_grid;149.618
0;3;73;from_main_grid;149.618
0;3;73;from_network;0.0
0;3;74;HP;136.731
0;3;74;EB;0.0
0;3;74;from_grid;146.864
0;3;74;from_main_grid;146.864
0;3;74;from_network;0.0
0;3;75;HP;141.455
0;3;75;EB;0.0
0;3;75;from_grid;156.383
0;3;75;from_main_grid;156.383
0;3;75;from_network;0.0
0;3;76;HP;140.403
0;3;76;EB;0.0
0;3;76;from_grid;152.571
0;3;76;from_main_grid;152.571
0;3;76;from_network;0.0
0;3;77;HP;142.068
0;3;77;EB;0.0
0;3;77;from_grid;155.263
0;3;77;from_main_grid;155.263
0;3;77;from_network;0.0
0;3;78;HP;173.126
0;3;78;EB;0.0
0;3;78;from_grid;189.153
0;3;78;from_main_grid;189.153
0;3;78;from_network;0.0
0;3;79;HP;146.905
0;3;79;EB;0.0
0;3;79;from_grid;169.453
0;3;79;from_main_grid;169.453
0;3;79;from_network;0.0
0;3;80;HP;175.308
0;3;80;EB;0.0
0;3;80;from_grid;199.265
0;3;80;from_main_grid;199.265
0;3;80;from_network;0.0
0;3;81;HP;151.736
0;3;81;EB;0.0
0;3;81;from_grid;189.725
0;3;81;from_main_grid;189.725
0;3;81;from_network;0.0
0;3;82;HP;151.828
0;3;82;EB;0.0
0;3;82;from_grid;206.274
0;3;82;from_main_grid;206.274
0;3;82;from_network;0.0
0;3;83;HP;151.627
0;3;83;EB;0.0
0;3;83;from_grid;197.908
0;3;83;from_main_grid;197.908
0;3;83;from_network;0.0
0;3;84;HP;162.714
0;3;84;EB;0.0
0;3;84;from_grid;212.852
0;3;84;from_main_grid;212.852
0;3;84;from_network;0.0
0;3;85;HP;172.253
0;3;85;EB;0.0
0;3;85;from_grid;218.483
0;3;85;from_main_grid;0.0
0;3;85;from_network;218.483
0;3;86;HP;174.871
0;3;86;EB;0.0
0;3;86;from_grid;216.32
0;3;86;from_main_grid;0.0
0;3;86;from_network;216.32
0;3;87;HP;175.308
0;3;87;EB;0.0
0;3;87;from_grid;211.253
0;3;87;from_main_grid;77.168
0;3;87;from_network;134.086
0;3;88;HP;177.491
0;3;88;EB;0.0
0;3;88;from_grid;219.645
0;3;88;from_main_grid;219.645
0;3;88;from_network;0.0
0;3;89;HP;177.928
0;3;89;EB;0.0
0;3;89;from_grid;238.828
0;3;89;from_main_grid;238.828
0;3;89;from_network;0.0
0;3;90;HP;180.112
0;3;90;EB;0.0
0;3;90;from_grid;232.442
0;3;90;from_main_grid;232.442
0;3;90;from_network;0.0
0;3;91;HP;183.611
0;3;91;EB;0.0
0;3;91;from_grid;249.186
0;3;91;from_main_grid;249.186
0;3;91;from_network;0.0
0;3;92;HP;185.8
0;3;92;EB;0.0
0;3;92;from_grid;249.702
0;3;92;from_main_grid;249.702
0;3;92;from_network;0.0
0;3;93;HP;186.676
0;3;93;EB;0.0
0;3;93;from_grid;247.778
0;3;93;from_main_grid;247.778
0;3;93;from_network;0.0
0;3;94;HP;188.428
0;3;94;EB;0.0
0;3;94;from_grid;241.762
0;3;94;from_main_grid;241.762
0;3;94;from_network;0.0
0;3;95;HP;188.866
0;3;95;EB;0.0
0;3;95;from_grid;231.752
0;3;95;from_main_grid;231.752
0;3;95;from_network;0.0
0;3;96;HP;189.743
0;3;96;EB;0.0
0;3;96;from_grid;199.349
0;3;96;from_main_grid;199.349
0;3;96;from_network;0.0
0;3;97;HP;191.497
0;3;97;EB;0.0
0;3;97;from_grid;207.208
0;3;97;from_main_grid;207.208
0;3;97;from_network;0.0
0;3;98;HP;191.936
0;3;98;EB;0.0
0;3;98;from_grid;203.435
0;3;98;from_main_grid;203.435
0;3;98;from_network;0.0
0;3;99;HP;193.252
0;3;99;EB;0.0
0;3;99;from_grid;205.908
0;3;99;from_main_grid;205.908
0;3;99;from_network;0.0
0;3;100;HP;191.497
0;3;100;EB;2.431
0;3;100;from_grid;205.778
0;3;100;from_main_grid;205.778
0;3;100;from_network;0.0
0;3;101;HP;188.866
0;3;101;EB;66.658
0;3;101;from_grid;265.77
0;3;101;from_main_grid;265.77
0;3;101;from_network;0.0
0;3;102;HP;187.114
0;3;102;EB;66.658
0;3;102;from_grid;264.608
0;3;102;from_main_grid;264.608
0;3;102;from_network;0.0
0;3;103;HP;186.238
0;3;103;EB;66.658
0;3;103;from_grid;283.72
0;3;103;from_main_grid;283.72
0;3;103;from_network;0.0
0;3;104;HP;183.174
0;3;104;EB;66.658
0;3;104;from_grid;298.62
0;3;104;from_main_grid;298.62
0;3;104;from_network;0.0
0;3;105;HP;181.861
0;3;105;EB;66.658
0;3;105;from_grid;303.275
0;3;105;from_main_grid;303.275
0;3;105;from_network;0.0
0;3;106;HP;186.238
0;3;106;EB;66.658
0;3;106;from_grid;318.022
0;3;106;from_main_grid;318.022
0;3;106;from_network;0.0
0;3;107;HP;187.114
0;3;107;EB;66.658
0;3;107;from_grid;307.077
0;3;107;from_main_grid;307.077
0;3;107;from_network;0.0
0;3;108;HP;188.866
0;3;108;EB;66.658
0;3;108;from_grid;310.558
0;3;108;from_main_grid;310.558
0;3;108;from_network;0.0
0;3;109;HP;187.114
0;3;109;EB;51.072
0;3;109;from_grid;287.279
0;3;109;from_main_grid;287.279
0;3;109;from_network;0.0
0;3;110;HP;186.238
0;3;110;EB;46.19
0;3;110;from_grid;283.07
0;3;110;from_main_grid;283.07
0;3;110;from_network;0.0
0;3;111;HP;184.924
0;3;111;EB;38.941
0;3;111;from_grid;276.773
0;3;111;from_main_grid;276.773
0;3;111;from_network;0.0
0;3;112;HP;184.049
0;3;112;EB;21.072
0;3;112;from_grid;273.035
0;3;112;from_main_grid;273.035
0;3;112;from_network;0.0
0;3;113;HP;183.611
0;3;113;EB;19.243
0;3;113;from_grid;269.029
0;3;113;from_main_grid;269.029
0;3;113;from_network;0.0
0;3;114;HP;183.611
0;3;114;EB;60.466
0;3;114;from_grid;318.795
0;3;114;from_main_grid;318.795
0;3;114;from_network;0.0
0;3;115;HP;183.174
0;3;115;EB;47.221
0;3;115;from_grid;302.675
0;3;115;from_main_grid;302.675
0;3;115;from_network;0.0
0;3;116;HP;181.861
0;3;116;EB;52.273
0;3;116;from_grid;290.562
0;3;116;from_main_grid;290.562
0;3;116;from_network;0.0
0;3;117;HP;181.861
0;3;117;EB;50.314
0;3;117;from_grid;304.562
0;3;117;from_main_grid;304.562
0;3;117;from_network;0.0
0;3;118;HP;181.424
0;3;118;EB;40.203
0;3;118;from_grid;276.659
0;3;118;from_main_grid;276.659
0;3;118;from_network;0.0
0;3;119;HP;182.299
0;3;119;EB;66.658
0;3;119;from_grid;287.775
0;3;119;from_main_grid;287.775
0;3;119;from_network;0.0
0;3;120;HP;182.299
0;3;120;EB;66.658
0;3;120;from_grid;256.753
0;3;120;from_main_grid;256.753
0;3;120;from_network;0.0
0;3;121;HP;183.174
0;3;121;EB;66.658
0;3;121;from_grid;265.263
0;3;121;from_main_grid;265.263
0;3;121;from_network;0.0
0;3;122;HP;185.8
0;3;122;EB;66.658
0;3;122;from_grid;264.593
0;3;122;from_main_grid;264.593
0;3;122;from_network;0.0
0;3;123;HP;188.866
0;3;123;EB;66.658
0;3;123;from_grid;266.425
0;3;123;from_main_grid;266.425
0;3;123;from_network;0.0
0;3;124;HP;192.374
0;3;124;EB;66.658
0;3;124;from_grid;269.254
0;3;124;from_main_grid;269.254
0;3;124;from_network;0.0
0;3;125;HP;195.008
0;3;125;EB;66.658
0;3;125;from_grid;271.574
0;3;125;from_main_grid;271.574
0;3;125;from_network;0.0
0;3;126;HP;194.569
0;3;126;EB;66.658
0;3;126;from_grid;280.586
0;3;126;from_main_grid;280.586
0;3;126;from_network;0.0
0;3;127;HP;195.008
0;3;127;EB;66.658
0;3;127;from_grid;312.659
0;3;127;from_main_grid;312.659
0;3;127;from_network;0.0
0;3;128;HP;193.691
0;3;128;EB;66.658
0;3;128;from_grid;309.659
0;3;128;from_main_grid;309.659
0;3;128;from_network;0.0
0;3;129;HP;191.497
0;3;129;EB;66.658
0;3;129;from_grid;312.331
0;3;129;from_main_grid;312.331
0;3;129;from_network;0.0
0;3;130;HP;187.114
0;3;130;EB;66.658
0;3;130;from_grid;306.114
0;3;130;from_main_grid;306.114
0;3;130;from_network;0.0
0;3;131;HP;186.238
0;3;131;EB;66.658
0;3;131;from_grid;305.057
0;3;131;from_main_grid;305.057
0;3;131;from_network;0.0
0;3;132;HP;185.362
0;3;132;EB;66.658
0;3;132;from_grid;291.591
0;3;132;from_main_grid;291.591
0;3;132;from_network;0.0
0;3;133;HP;183.174
0;3;133;EB;66.658
0;3;133;from_grid;283.206
0;3;133;from_main_grid;283.206
0;3;133;from_network;0.0
0;3;134;HP;183.611
0;3;134;EB;66.658
0;3;134;from_grid;303.316
0;3;134;from_main_grid;303.316
0;3;134;from_network;0.0
0;3;135;HP;184.486
0;3;135;EB;66.658
0;3;135;from_grid;296.76
0;3;135;from_main_grid;296.76
0;3;135;from_network;0.0
0;3;136;HP;183.611
0;3;136;EB;66.658
0;3;136;from_grid;308.515
0;3;136;from_main_grid;308.515
0;3;136;from_network;0.0
0;3;137;HP;186.238
0;3;137;EB;66.658
0;3;137;from_grid;319.937
0;3;137;from_main_grid;319.937
0;3;137;from_network;0.0
0;3;138;HP;187.114
0;3;138;EB;66.658
0;3;138;from_grid;325.181
0;3;138;from_main_grid;325.181
0;3;138;from_network;0.0
0;3;139;HP;188.428
0;3;139;EB;66.658
0;3;139;from_grid;339.613
0;3;139;from_main_grid;339.613
0;3;139;from_network;0.0
0;3;140;HP;190.62
0;3;140;EB;66.658
0;3;140;from_grid;322.293
0;3;140;from_main_grid;322.293
0;3;140;from_network;0.0
0;3;141;HP;191.936
0;3;141;EB;66.658
0;3;141;from_grid;330.942
0;3;141;from_main_grid;330.942
0;3;141;from_network;0.0
0;3;142;HP;193.252
0;3;142;EB;66.658
0;3;142;from_grid;331.158
0;3;142;from_main_grid;331.158
0;3;142;from_network;0.0
0;3;143;HP;194.13
0;3;143;EB;66.658
0;3;143;from_grid;306.7
0;3;143;from_main_grid;306.7
0;3;143;from_network;0.0
0;3;144;HP;191.497
0;3;144;EB;66.658
0;3;144;from_grid;265.725
0;3;144;from_main_grid;265.725
0;3;144;from_network;0.0
0;3;145;HP;193.691
0;3;145;EB;66.658
0;3;145;from_grid;271.872
0;3;145;from_main_grid;271.872
0;3;145;from_network;0.0
0;3;146;HP;192.813
0;3;146;EB;66.658
0;3;146;from_grid;269.687
0;3;146;from_main_grid;269.687
0;3;146;from_network;0.0
0;3;147;HP;195.008
0;3;147;EB;66.658
0;3;147;from_grid;272.746
0;3;147;from_main_grid;272.746
0;3;147;from_network;0.0
0;3;148;HP;194.13
0;3;148;EB;66.658
0;3;148;from_grid;271.155
0;3;148;from_main_grid;271.155
0;3;148;from_network;0.0
0;3;149;HP;194.569
0;3;149;EB;66.658
0;3;149;from_grid;274.222
0;3;149;from_main_grid;274.222
0;3;149;from_network;0.0
0;3;150;HP;193.252
0;3;150;EB;66.658
0;3;150;from_grid;279.276
0;3;150;from_main_grid;279.276
0;3;150;from_network;0.0
0;3;151;HP;191.497
0;3;151;EB;66.658
0;3;151;from_grid;294.573
0;3;151;from_main_grid;294.573
0;3;151;from_network;0.0
0;3;152;HP;189.743
0;3;152;EB;66.658
0;3;152;from_grid;313.662
0;3;152;from_main_grid;313.662
0;3;152;from_network;0.0
0;3;153;HP;182.736
0;3;153;EB;55.604
0;3;153;from_grid;275.944
0;3;153;from_main_grid;275.944
0;3;153;from_network;0.0
0;3;154;HP;179.675
0;3;154;EB;27.102
0;3;154;from_grid;243.452
0;3;154;from_main_grid;186.841
0;3;154;from_network;56.61
0;3;155;HP;174.871
0;3;155;EB;0.0
0;3;155;from_grid;212.872
0;3;155;from_main_grid;212.872
0;3;155;from_network;0.0
0;3;156;HP;173.562
0;3;156;EB;0.0
0;3;156;from_grid;209.17
0;3;156;from_main_grid;209.17
0;3;156;from_network;0.0
0;3;157;HP;172.253
0;3;157;EB;0.0
0;3;157;from_grid;216.848
0;3;157;from_main_grid;216.848
0;3;157;from_network;0.0
0;3;158;HP;174.435
0;3;158;EB;0.0
0;3;158;from_grid;221.111
0;3;158;from_main_grid;221.111
0;3;158;from_network;0.0
0;3;159;HP;173.562
0;3;159;EB;0.0
0;3;159;from_grid;223.155
0;3;159;from_main_grid;223.155
0;3;159;from_network;0.0
0;3;160;HP;172.69
0;3;160;EB;0.0
0;3;160;from_grid;222.989
0;3;160;from_main_grid;222.989
0;3;160;from_network;0.0
0;3;161;HP;172.253
0;3;161;EB;0.0
0;3;161;from_grid;245.253
0;3;161;from_main_grid;245.253
0;3;161;from_network;0.0
0;3;162;HP;172.253
0;3;162;EB;0.0
0;3;162;from_grid;237.318
0;3;162;from_main_grid;237.318
0;3;162;from_network;0.0
0;3;163;HP;172.253
0;3;163;EB;0.0
0;3;163;from_grid;249.959
0;3;163;from_main_grid;249.959
0;3;163;from_network;0.0
0;3;164;HP;170.509
0;3;164;EB;0.0
0;3;164;from_grid;227.219
0;3;164;from_main_grid;227.219
0;3;164;from_network;0.0
0;3;165;HP;170.945
0;3;165;EB;0.0
0;3;165;from_grid;238.413
0;3;165;from_main_grid;238.413
0;3;165;from_network;0.0
0;3;166;HP;171.381
0;3;166;EB;0.0
0;3;166;from_grid;237.953
0;3;166;from_main_grid;237.953
0;3;166;from_network;0.0
0;3;167;HP;173.126
0;3;167;EB;0.0
0;3;167;from_grid;225.953
0;3;167;from_main_grid;225.953
0;3;167;from_network;0.0
5;0;0;HP;176.617
5;0;0;EB;0.0
5;0;0;from_grid;184.134
5;0;0;from_main_grid;184.134
5;0;0;from_network;0.0
5;0;1;HP;178.364
5;0;1;EB;0.0
5;0;1;from_grid;189.743
5;0;1;from_main_grid;189.743
5;0;1;from_network;0.0
5;0;2;HP;0.0
5;0;2;EB;0.0
5;0;2;from_grid;9.868
5;0;2;from_main_grid;9.868
5;0;2;from_network;0.0
5;0;3;HP;76.52
5;0;3;EB;0.0
5;0;3;from_grid;87.598
5;0;3;from_main_grid;87.598
5;0;3;from_network;0.0
5;0;4;HP;153.219
5;0;4;EB;0.0
5;0;4;from_grid;163.156
5;0;4;from_main_grid;163.156
5;0;4;from_network;0.0
5;0;5;HP;153.809
5;0;5;EB;0.0
5;0;5;from_grid;165.394
5;0;5;from_main_grid;165.394
5;0;5;from_network;0.0
5;0;6;HP;168.156
5;0;6;EB;0.0
5;0;6;from_grid;182.258
5;0;6;from_main_grid;182.258
5;0;6;from_network;0.0
5;0;7;HP;163.951
5;0;7;EB;0.0
5;0;7;from_grid;204.156
5;0;7;from_main_grid;204.156
5;0;7;from_network;0.0
5;0;8;HP;135.04
5;0;8;EB;0.0
5;0;8;from_grid;182.579
5;0;8;from_main_grid;182.579
5;0;8;from_network;0.0
5;0;9;HP;117.169
5;0;9;EB;0.0
5;0;9;from_grid;171.364
5;0;9;from_main_grid;171.364
5;0;9;from_network;0.0
5;0;10;HP;100.756
5;0;10;EB;0.0
5;0;10;from_grid;143.718
5;0;10;from_main_grid;143.718
5;0;10;from_network;0.0
5;0;11;HP;89.071
5;0;11;EB;0.0
5;0;11;from_grid;134.255
5;0;11;from_main_grid;1.543
5;0;11;from_network;132.713
5;0;12;HP;87.999
5;0;12;EB;0.0
5;0;12;from_grid;128.766
5;0;12;from_main_grid;128.766
5;0;12;from_network;0.0
5;0;13;HP;75.377
5;0;13;EB;0.0
5;0;13;from_grid;116.591
5;0;13;from_main_grid;116.591
5;0;13;from_network;0.0
5;0;14;HP;148.344
5;0;14;EB;0.0
5;0;14;from_grid;199.471
5;0;14;from_main_grid;199.471
5;0;14;from_network;0.0
5;0;15;HP;139.27
5;0;15;EB;0.0
5;0;15;from_grid;184.068
5;0;15;from_main_grid;184.068
5;0;15;from_network;0.0
5;0;16;HP;153.982
5;0;16;EB;0.0
5;0;16;from_grid;190.93
5;0;16;from_main_grid;128.192
5;0;16;from_network;62.738
5;0;17;HP;0.0
5;0;17;EB;0.0
5;0;17;from_grid;56.5
5;0;17;from_main_grid;56.5
5;0;17;from_network;0.0
5;0;18;HP;157.89
5;0;18;EB;0.0
5;0;18;from_grid;219.12
5;0;18;from_main_grid;219.12
5;0;18;from_network;0.0
5;0;19;HP;27.558
5;0;19;EB;0.0
5;0;19;from_grid;93.408
5;0;19;from_main_grid;93.408
5;0;19;from_network;0.0
5;0;20;HP;160.497
5;0;20;EB;0.0
5;0;20;from_grid;234.723
5;0;20;from_main_grid;234.723
5;0;20;from_network;0.0
5;0;21;HP;100.908
5;0;21;EB;0.0
5;0;21;from_grid;168.459
5;0;21;from_main_grid;168.459
5;0;21;from_network;0.0
5;0;22;HP;89.794
5;0;22;EB;0.0
5;0;22;from_grid;148.238
5;0;22;from_main_grid;148.238
5;0;22;from_network;0.0
5;0;23;HP;0.0
5;0;23;EB;0.0
5;0;23;from_grid;36.401
5;0;23;from_main_grid;36.401
5;0;23;from_network;0.0
5;0;24;HP;0.0
5;0;24;EB;0.0
5;0;24;from_grid;10.609
5;0;24;from_main_grid;10.609
5;0;24;from_network;0.0
5;0;25;HP;132.822
5;0;25;EB;0.0
5;0;25;from_grid;149.536
5;0;25;from_main_grid;149.536
5;0;25;from_network;0.0
5;0;26;HP;139.878
5;0;26;EB;0.0
5;0;26;from_grid;150.541
5;0;26;from_main_grid;150.541
5;0;26;from_network;0.0
5;0;27;HP;145.667
5;0;27;EB;0.0
5;0;27;from_grid;159.06
5;0;27;from_main_grid;159.06
5;0;27;from_network;0.0
5;0;28;HP;148.932
5;0;28;EB;0.0
5;0;28;from_grid;160.919
5;0;28;from_main_grid;160.919
5;0;28;from_network;0.0
5;0;29;HP;183.611
5;0;29;EB;0.0
5;0;29;from_grid;196.147
5;0;29;from_main_grid;196.147
5;0;29;from_network;0.0
5;0;30;HP;148.741
5;0;30;EB;0.0
5;0;30;from_grid;163.654
5;0;30;from_main_grid;163.654
5;0;30;from_network;0.0
5;0;31;HP;180.683
5;0;31;EB;0.0
5;0;31;from_grid;219.764
5;0;31;from_main_grid;219.764
5;0;31;from_network;0.0
5;0;32;HP;163.289
5;0;32;EB;0.0
5;0;32;from_grid;215.437
5;0;32;from_main_grid;215.437
5;0;32;from_network;0.0
5;0;33;HP;159.307
5;0;33;EB;0.0
5;0;33;from_grid;200.948
5;0;33;from_main_grid;200.948
5;0;33;from_network;0.0
5;0;34;HP;150.684
5;0;34;EB;0.0
5;0;34;from_grid;191.711
5;0;34;from_main_grid;191.711
5;0;34;from_network;0.0
5;0;35;HP;143.436
5;0;35;EB;0.0
5;0;35;from_grid;186.255
5;0;35;from_main_grid;186.255
5;0;35;from_network;0.0
5;0;36;HP;140.103
5;0;36;EB;0.0
5;0;36;from_grid;176.453
5;0;36;from_main_grid;176.453
5;0;36;from_network;0.0
5;0;37;HP;180.112
5;0;37;EB;0.0
5;0;37;from_grid;216.37
5;0;37;from_main_grid;0.0
5;0;37;from_network;216.37
5;0;38;HP;178.801
5;0;38;EB;0.0
5;0;38;from_grid;219.592
5;0;38;from_main_grid;0.0
5;0;38;from_network;219.592
5;0;39;HP;43.277
5;0;39;EB;0.0
5;0;39;from_grid;82.9
5;0;39;from_main_grid;0.0
5;0;39;from_network;82.9
5;0;40;HP;120.888
5;0;40;EB;0.0
5;0;40;from_grid;170.207
5;0;40;from_main_grid;170.207
5;0;40;from_network;0.0
5;0;41;HP;118.64
5;0;41;EB;0.0
5;0;41;from_grid;188.002
5;0;41;from_main_grid;188.002
5;0;41;from_network;0.0
5;0;42;HP;128.701
5;0;42;EB;0.0
5;0;42;from_grid;197.335
5;0;42;from_main_grid;197.335
5;0;42;from_network;0.0
5;0;43;HP;132.172
5;0;43;EB;0.0
5;0;43;from_grid;194.613
5;0;43;from_main_grid;194.613
5;0;43;from_network;0.0
5;0;44;HP;135.094
5;0;44;EB;0.0
5;0;44;from_grid;204.659
5;0;44;from_main_grid;204.659
5;0;44;from_network;0.0
5;0;45;HP;137.847
5;0;45;EB;0.0
5;0;45;from_grid;202.818
5;0;45;from_main_grid;202.818
5;0;45;from_network;0.0
5;0;46;HP;126.509
5;0;46;EB;0.0
5;0;46;from_grid;184.26
5;0;46;from_main_grid;184.26
5;0;46;from_network;0.0
5;0;47;HP;130.307
5;0;47;EB;0.0
5;0;47;from_grid;174.034
5;0;47;from_main_grid;174.034
5;0;47;from_network;0.0
5;0;48;HP;112.078
5;0;48;EB;0.0
5;0;48;from_grid;119.546
5;0;48;from_main_grid;119.546
5;0;48;from_network;0.0
5;0;49;HP;110.631
5;0;49;EB;0.0
5;0;49;from_grid;126.925
5;0;49;from_main_grid;126.925
5;0;49;from_network;0.0
5;0;50;HP;112.472
5;0;50;EB;0.0
5;0;50;from_grid;123.337
5;0;50;from_main_grid;123.337
5;0;50;from_network;0.0
5;0;51;HP;115.939
5;0;51;EB;0.0
5;0;51;from_grid;127.063
5;0;51;from_main_grid;127.063
5;0;51;from_network;0.0
5;0;52;HP;116.676
5;0;52;EB;0.0
5;0;52;from_grid;126.991
5;0;52;from_main_grid;126.991
5;0;52;from_network;0.0
5;0;53;HP;119.111
5;0;53;EB;0.0
5;0;53;from_grid;129.455
5;0;53;from_main_grid;129.455
5;0;53;from_network;0.0
5;0;54;HP;118.387
5;0;54;EB;0.0
5;0;54;from_grid;133.831
5;0;54;from_main_grid;133.831
5;0;54;from_network;0.0
5;0;55;HP;145.42
5;0;55;EB;0.0
5;0;55;from_grid;182.813
5;0;55;from_main_grid;182.813
5;0;55;from_network;0.0
5;0;56;HP;148.358
5;0;56;EB;0.0
5;0;56;from_grid;205.338
5;0;56;from_main_grid;205.338
5;0;56;from_network;0.0
5;0;57;HP;117.651
5;0;57;EB;0.0
5;0;57;from_grid;158.458
5;0;57;from_main_grid;58.525
5;0;57;from_network;99.934
5;0;58;HP;109.046
5;0;58;EB;0.0
5;0;58;from_grid;143.272
5;0;58;from_main_grid;143.272
5;0;58;from_network;0.0
5;0;59;HP;94.438
5;0;59;EB;0.0
5;0;59;from_grid;136.218
5;0;59;from_main_grid;46.893
5;0;59;from_network;89.325
5;0;60;HP;83.479
5;0;60;EB;0.0
5;0;60;from_grid;117.676
5;0;60;from_main_grid;0.0
5;0;60;from_network;117.676
5;0;61;HP;76.937
5;0;61;EB;0.0
5;0;61;from_grid;109.975
5;0;61;from_main_grid;109.975
5;0;61;from_network;0.0
5;0;62;HP;74.612
5;0;62;EB;0.0
5;0;62;from_grid;106.084
5;0;62;from_main_grid;59.04
5;0;62;from_network;47.045
5;0;63;HP;74.572
5;0;63;EB;0.0
5;0;63;from_grid;109.436
5;0;63;from_main_grid;77.407
5;0;63;from_network;32.03
5;0;64;HP;65.623
5;0;64;EB;0.0
5;0;64;from_grid;109.197
5;0;64;from_main_grid;45.299
5;0;64;from_network;63.898
5;0;65;HP;50.196
5;0;65;EB;0.0
5;0;65;from_grid;103.928
5;0;65;from_main_grid;103.928
5;0;65;from_network;0.0
5;0;66;HP;48.378
5;0;66;EB;0.0
5;0;66;from_grid;119.682
5;0;66;from_main_grid;119.682
5;0;66;from_network;0.0
5;0;67;HP;151.812
5;0;67;EB;0.0
5;0;67;from_grid;220.192
5;0;67;from_main_grid;220.192
5;0;67;from_network;0.0
5;0;68;HP;29.028
5;0;68;EB;0.0
5;0;68;from_grid;87.528
5;0;68;from_main_grid;87.528
5;0;68;from_network;0.0
5;0;69;HP;0.0
5;0;69;EB;0.0
5;0;69;from_grid;58.384
5;0;69;from_main_grid;58.384
5;0;69;from_network;0.0
5;0;70;HP;70.026
5;0;70;EB;0.0
5;0;70;from_grid;124.736
5;0;70;from_main_grid;124.736
5;0;70;from_network;0.0
5;0;71;HP;65.164
5;0;71;EB;0.0
5;0;71;from_grid;109.768
5;0;71;from_main_grid;109.768
5;0;71;from_network;0.0
5;0;72;HP;146.729
5;0;72;EB;0.0
5;0;72;from_grid;156.193
5;0;72;from_main_grid;156.193
5;0;72;from_network;0.0
5;0;73;HP;0.0
5;0;73;EB;0.0
5;0;73;from_grid;17.397
5;0;73;from_main_grid;17.397
5;0;73;from_network;0.0
5;0;74;HP;79.521
5;0;74;EB;0.0
5;0;74;from_grid;89.608
5;0;74;from_main_grid;89.608
5;0;74;from_network;0.0
5;0;75;HP;80.665
5;0;75;EB;0.0
5;0;75;from_grid;93.822
5;0;75;from_main_grid;93.822
5;0;75;from_network;0.0
5;0;76;HP;79.883
5;0;76;EB;0.0
5;0;76;from_grid;89.553
5;0;76;from_main_grid;89.553
5;0;76;from_network;0.0
5;0;77;HP;80.988
5;0;77;EB;0.0
5;0;77;from_grid;91.986
5;0;77;from_main_grid;91.986
5;0;77;from_network;0.0
5;0;78;HP;81.416
5;0;78;EB;0.0
5;0;78;from_grid;95.103
5;0;78;from_main_grid;95.103
5;0;78;from_network;0.0
5;0;79;HP;108.0
5;0;79;EB;0.0
5;0;79;from_grid;127.267
5;0;79;from_main_grid;127.267
5;0;79;from_network;0.0
5;0;80;HP;106.398
5;0;80;EB;0.0
5;0;80;from_grid;137.917
5;0;80;from_main_grid;137.917
5;0;80;from_network;0.0
5;0;81;HP;79.585
5;0;81;EB;0.0
5;0;81;from_grid;120.485
5;0;81;from_main_grid;120.485
5;0;81;from_network;0.0
5;0;82;HP;75.317
5;0;82;EB;0.0
5;0;82;from_grid;115.364
5;0;82;from_main_grid;115.364
5;0;82;from_network;0.0
5;0;83;HP;70.741
5;0;83;EB;0.0
5;0;83;from_grid;101.759
5;0;83;from_main_grid;82.649
5;0;83;from_network;19.11
5;0;84;HP;65.391
5;0;84;EB;0.0
5;0;84;from_grid;110.584
5;0;84;from_main_grid;110.584
5;0;84;from_network;0.0
5;0;85;HP;61.274
5;0;85;EB;0.0
5;0;85;from_grid;107.655
5;0;85;from_main_grid;107.655
5;0;85;from_network;0.0
5;0;86;HP;59.298
5;0;86;EB;0.0
5;0;86;from_grid;103.627
5;0;86;from_main_grid;103.627
5;0;86;from_network;0.0
5;0;87;HP;111.219
5;0;87;EB;0.0
5;0;87;from_grid;149.552
5;0;87;from_main_grid;149.552
5;0;87;from_network;0.0
5;0;88;HP;149.211
5;0;88;EB;0.0
5;0;88;from_grid;184.643
5;0;88;from_main_grid;184.643
5;0;88;from_network;0.0
5;0;89;HP;150.945
5;0;89;EB;0.0
5;0;89;from_grid;203.063
5;0;89;from_main_grid;170.965
5;0;89;from_network;32.097
5;0;90;HP;0.0
5;0;90;EB;0.0
5;0;90;from_grid;44.815
5;0;90;from_main_grid;44.815
5;0;90;from_network;0.0
5;0;91;HP;147.367
5;0;91;EB;0.0
5;0;91;from_grid;204.916
5;0;91;from_main_grid;204.916
5;0;91;from_network;0.0
5;0;92;HP;12.345
5;0;92;EB;0.0
5;0;92;from_grid;71.326
5;0;92;from_main_grid;71.326
5;0;92;from_network;0.0
5;0;93;HP;165.718
5;0;93;EB;0.0
5;0;93;from_grid;223.679
5;0;93;from_main_grid;223.679
5;0;93;from_network;0.0
5;0;94;HP;0.0
5;0;94;EB;0.0
5;0;94;from_grid;50.693
5;0;94;from_main_grid;50.693
5;0;94;from_network;0.0
5;0;95;HP;170.509
5;0;95;EB;0.0
5;0;95;from_grid;213.367
5;0;95;from_main_grid;213.367
5;0;95;from_network;0.0
5;0;96;HP;164.722
5;0;96;EB;0.0
5;0;96;from_grid;173.628
5;0;96;from_main_grid;173.628
5;0;96;from_network;0.0
5;0;97;HP;145.152
5;0;97;EB;0.0
5;0;97;from_grid;157.834
5;0;97;from_main_grid;157.834
5;0;97;from_network;0.0
5;0;98;HP;153.525
5;0;98;EB;0.0
5;0;98;from_grid;163.722
5;0;98;from_main_grid;163.722
5;0;98;from_network;0.0
5;0;99;HP;0.0
5;0;99;EB;0.0
5;0;99;from_grid;12.277
5;0;99;from_main_grid;12.277
5;0;99;from_network;0.0
5;0;100;HP;49.449
5;0;100;EB;0.0
5;0;100;from_grid;59.829
5;0;100;from_main_grid;59.829
5;0;100;from_network;0.0
5;0;101;HP;167.454
5;0;101;EB;0.0
5;0;101;from_grid;177.934
5;0;101;from_main_grid;177.934
5;0;101;from_network;0.0
5;0;102;HP;183.363
5;0;102;EB;0.0
5;0;102;from_grid;198.285
5;0;102;from_main_grid;198.285
5;0;102;from_network;0.0
5;0;103;HP;183.174
5;0;103;EB;0.0
5;0;103;from_grid;215.137
5;0;103;from_main_grid;215.137
5;0;103;from_network;0.0
5;0;104;HP;165.663
5;0;104;EB;0.0
5;0;104;from_grid;209.841
5;0;104;from_main_grid;209.841
5;0;104;from_network;0.0
5;0;105;HP;160.737
5;0;105;EB;0.0
5;0;105;from_grid;215.082
5;0;105;from_main_grid;169.921
5;0;105;from_network;45.16
5;0;106;HP;149.878
5;0;106;EB;0.0
5;0;106;from_grid;186.521
5;0;106;from_main_grid;186.521
5;0;106;from_network;0.0
5;0;107;HP;138.599
5;0;107;EB;0.0
5;0;107;from_grid;193.872
5;0;107;from_main_grid;193.872
5;0;107;from_network;0.0
5;0;108;HP;141.879
5;0;108;EB;0.0
5;0;108;from_grid;186.191
5;0;108;from_main_grid;186.191
5;0;108;from_network;0.0
5;0;109;HP;131.592
5;0;109;EB;0.0
5;0;109;from_grid;183.14
5;0;109;from_main_grid;183.14
5;0;109;from_network;0.0
5;0;110;HP;124.934
5;0;110;EB;0.0
5;0;110;from_grid;175.988
5;0;110;from_main_grid;175.988
5;0;110;from_network;0.0
5;0;111;HP;122.517
5;0;111;EB;0.0
5;0;111;from_grid;159.834
5;0;111;from_main_grid;159.834
5;0;111;from_network;0.0
5;0;112;HP;113.686
5;0;112;EB;0.0
5;0;112;from_grid;170.495
5;0;112;from_main_grid;170.495
5;0;112;from_network;0.0
5;0;113;HP;116.133
5;0;113;EB;0.0
5;0;113;from_grid;171.802
5;0;113;from_main_grid;171.802
5;0;113;from_network;0.0
5;0;114;HP;171.817
5;0;114;EB;0.0
5;0;114;from_grid;229.671
5;0;114;from_main_grid;229.671
5;0;114;from_network;0.0
5;0;115;HP;172.253
5;0;115;EB;0.0
5;0;115;from_grid;245.408
5;0;115;from_main_grid;245.408
5;0;115;from_network;0.0
5;0;116;HP;172.69
5;0;116;EB;0.0
5;0;116;from_grid;242.724
5;0;116;from_main_grid;242.724
5;0;116;from_network;0.0
5;0;117;HP;173.998
5;0;117;EB;0.0
5;0;117;from_grid;234.074
5;0;117;from_main_grid;234.074
5;0;117;from_network;0.0
5;0;118;HP;179.238
5;0;118;EB;0.0
5;0;118;from_grid;233.557
5;0;118;from_main_grid;233.557
5;0;118;from_network;0.0
5;0;119;HP;138.514
5;0;119;EB;0.0
5;0;119;from_grid;187.626
5;0;119;from_main_grid;187.626
5;0;119;from_network;0.0
5;0;120;HP;0.0
5;0;120;EB;0.0
5;0;120;from_grid;7.503
5;0;120;from_main_grid;7.503
5;0;120;from_network;0.0
5;0;121;HP;33.46
5;0;121;EB;0.0
5;0;121;from_grid;48.272
5;0;121;from_main_grid;48.272
5;0;121;from_network;0.0
5;0;122;HP;166.225
5;0;122;EB;0.0
5;0;122;from_grid;175.34
5;0;122;from_main_grid;175.34
5;0;122;from_network;0.0
5;0;123;HP;165.59
5;0;123;EB;0.0
5;0;123;from_grid;176.467
5;0;123;from_main_grid;176.467
5;0;123;from_network;0.0
5;0;124;HP;165.618
5;0;124;EB;0.0
5;0;124;from_grid;175.96
5;0;124;from_main_grid;175.96
5;0;124;from_network;0.0
5;0;125;HP;176.439
5;0;125;EB;0.0
5;0;125;from_grid;190.38
5;0;125;from_main_grid;190.38
5;0;125;from_network;0.0
5;0;126;HP;186.238
5;0;126;EB;0.0
5;0;126;from_grid;202.425
5;0;126;from_main_grid;202.425
5;0;126;from_network;0.0
5;0;127;HP;185.362
5;0;127;EB;0.0
5;0;127;from_grid;231.028
5;0;127;from_main_grid;231.028
5;0;127;from_network;0.0
5;0;128;HP;170.538
5;0;128;EB;0.0
5;0;128;from_grid;216.517
5;0;128;from_main_grid;216.517
5;0;128;from_network;0.0
5;0;129;HP;170.788
5;0;129;EB;0.0
5;0;129;from_grid;208.609
5;0;129;from_main_grid;208.609
5;0;129;from_network;0.0
5;0;130;HP;159.59
5;0;130;EB;0.0
5;0;130;from_grid;191.403
5;0;130;from_main_grid;191.403
5;0;130;from_network;0.0
5;0;131;HP;143.672
5;0;131;EB;0.0
5;0;131;from_grid;193.315
5;0;131;from_main_grid;193.315
5;0;131;from_network;0.0
5;0;132;HP;140.696
5;0;132;EB;0.0
5;0;132;from_grid;178.205
5;0;132;from_main_grid;178.205
5;0;132;from_network;0.0
5;0;133;HP;123.247
5;0;133;EB;0.0
5;0;133;from_grid;164.602
5;0;133;from_main_grid;164.602
5;0;133;from_network;0.0
5;0;134;HP;168.766
5;0;134;EB;0.0
5;0;134;from_grid;203.573
5;0;134;from_main_grid;203.573
5;0;134;from_network;0.0
5;0;135;HP;170.509
5;0;135;EB;0.0
5;0;135;from_grid;207.722
5;0;135;from_main_grid;207.722
5;0;135;from_network;0.0
5;0;136;HP;172.253
5;0;136;EB;0.0
5;0;136;from_grid;222.786
5;0;136;from_main_grid;102.53
5;0;136;from_network;120.256
5;0;137;HP;24.851
5;0;137;EB;0.0
5;0;137;from_grid;87.046
5;0;137;from_main_grid;0.0
5;0;137;from_network;87.046
5;0;138;HP;176.181
5;0;138;EB;0.0
5;0;138;from_grid;244.538
5;0;138;from_main_grid;244.538
5;0;138;from_network;0.0
5;0;139;HP;176.617
5;0;139;EB;0.0
5;0;139;from_grid;245.993
5;0;139;from_main_grid;245.993
5;0;139;from_network;0.0
5;0;140;HP;176.181
5;0;140;EB;0.0
5;0;140;from_grid;237.65
5;0;140;from_main_grid;237.65
5;0;140;from_network;0.0
5;0;141;HP;177.491
5;0;141;EB;0.0
5;0;141;from_grid;250.177
5;0;141;from_main_grid;250.177
5;0;141;from_network;0.0
5;0;142;HP;177.491
5;0;142;EB;0.0
5;0;142;from_grid;256.993
5;0;142;from_main_grid;256.993
5;0;142;from_network;0.0
5;0;143;HP;39.299
5;0;143;EB;0.0
5;0;143;from_grid;84.454
5;0;143;from_main_grid;84.454
5;0;143;from_network;0.0
5;0;144;HP;0.0
5;0;144;EB;0.0
5;0;144;from_grid;7.598
5;0;144;from_main_grid;7.598
5;0;144;from_network;0.0
5;0;145;HP;170.41
5;0;145;EB;0.0
5;0;145;from_grid;185.453
5;0;145;from_main_grid;185.453
5;0;145;from_network;0.0
5;0;146;HP;175.588
5;0;146;EB;0.0
5;0;146;from_grid;186.046
5;0;146;from_main_grid;186.046
5;0;146;from_network;0.0
5;0;147;HP;185.616
5;0;147;EB;0.0
5;0;147;from_grid;196.342
5;0;147;from_main_grid;196.342
5;0;147;from_network;0.0
5;0;148;HP;191.497
5;0;148;EB;0.0
5;0;148;from_grid;201.239
5;0;148;from_main_grid;201.239
5;0;148;from_network;0.0
5;0;149;HP;191.936
5;0;149;EB;0.0
5;0;149;from_grid;204.5
5;0;149;from_main_grid;204.5
5;0;149;from_network;0.0
5;0;150;HP;189.304
5;0;150;EB;0.0
5;0;150;from_grid;203.012
5;0;150;from_main_grid;203.012
5;0;150;from_network;0.0
5;0;151;HP;187.99
5;0;151;EB;0.0
5;0;151;from_grid;225.343
5;0;151;from_main_grid;225.343
5;0;151;from_network;0.0
5;0;152;HP;177.136
5;0;152;EB;0.0
5;0;152;from_grid;231.356
5;0;152;from_main_grid;186.723
5;0;152;from_network;44.633
5;0;153;HP;175.757
5;0;153;EB;0.0
5;0;153;from_grid;221.907
5;0;153;from_main_grid;221.907
5;0;153;from_network;0.0
5;0;154;HP;170.58
5;0;154;EB;0.0
5;0;154;from_grid;208.538
5;0;154;from_main_grid;208.538
5;0;154;from_network;0.0
5;0;155;HP;158.836
5;0;155;EB;0.0
5;0;155;from_grid;195.19
5;0;155;from_main_grid;195.19
5;0;155;from_network;0.0
5;0;156;HP;150.091
5;0;156;EB;0.0
5;0;156;from_grid;188.385
5;0;156;from_main_grid;188.385
5;0;156;from_network;0.0
5;0;157;HP;130.219
5;0;157;EB;0.0
5;0;157;from_grid;161.772
5;0;157;from_main_grid;161.772
5;0;157;from_network;0.0
5;0;158;HP;118.992
5;0;158;EB;0.0
5;0;158;from_grid;152.146
5;0;158;from_main_grid;152.146
5;0;158;from_network;0.0
5;0;159;HP;110.817
5;0;159;EB;0.0
5;0;159;from_grid;155.838
5;0;159;from_main_grid;105.188
5;0;159;from_network;50.649
5;0;160;HP;167.459
5;0;160;EB;0.0
5;0;160;from_grid;211.404
5;0;160;from_main_grid;211.404
5;0;160;from_network;0.0
5;0;161;HP;130.638
5;0;161;EB;0.0
5;0;161;from_grid;179.485
5;0;161;from_main_grid;179.485
5;0;161;from_network;0.0
5;0;162;HP;169.202
5;0;162;EB;0.0
5;0;162;from_grid;221.411
5;0;162;from_main_grid;221.411
5;0;162;from_network;0.0
5;0;163;HP;172.69
5;0;163;EB;0.0
5;0;163;from_grid;227.297
5;0;163;from_main_grid;227.297
5;0;163;from_network;0.0
5;0;164;HP;173.998
5;0;164;EB;0.0
5;0;164;from_grid;236.925
5;0;164;from_main_grid;236.925
5;0;164;from_network;0.0
5;0;165;HP;72.761
5;0;165;EB;0.0
5;0;165;from_grid;128.113
5;0;165;from_main_grid;128.113
5;0;165;from_network;0.0
5;0;166;HP;179.675
5;0;166;EB;0.0
5;0;166;from_grid;240.754
5;0;166;from_main_grid;240.754
5;0;166;from_network;0.0
5;0;167;HP;0.0
5;0;167;EB;0.0
5;0;167;from_grid;38.0
5;0;167;from_main_grid;38.0
5;0;167;from_network;0.0
5;1;0;HP;0.0
5;1;0;EB;0.0
5;1;0;from_grid;7.529
5;1;0;from_main_grid;7.529
5;1;0;from_network;0.0
5;1;1;HP;0.0
5;1;1;EB;0.0
5;1;1;from_grid;12.166
5;1;1;from_main_grid;12.166
5;1;1;from_network;0.0
5;1;2;HP;0.0
5;1;2;EB;0.0
5;1;2;from_grid;9.759
5;1;2;from_main_grid;9.759
5;1;2;from_network;0.0
5;1;3;HP;0.0
5;1;3;EB;0.0
5;1;3;from_grid;12.531
5;1;3;from_main_grid;12.531
5;1;3;from_network;0.0
5;1;4;HP;0.0
5;1;4;EB;0.0
5;1;4;from_grid;11.731
5;1;4;from_main_grid;11.731
5;1;4;from_network;0.0
5;1;5;HP;0.0
5;1;5;EB;0.0
5;1;5;from_grid;11.157
5;1;5;from_main_grid;11.157
5;1;5;from_network;0.0
5;1;6;HP;0.0
5;1;6;EB;0.0
5;1;6;from_grid;17.907
5;1;6;from_main_grid;17.907
5;1;6;from_network;0.0
5;1;7;HP;0.0
5;1;7;EB;0.0
5;1;7;from_grid;35.569
5;1;7;from_main_grid;0.0
5;1;7;from_network;35.569
5;1;8;HP;0.0
5;1;8;EB;0.0
5;1;8;from_grid;43.38
5;1;8;from_main_grid;0.0
5;1;8;from_network;43.38
5;1;9;HP;0.0
5;1;9;EB;0.0
5;1;9;from_grid;47.579
5;1;9;from_main_grid;0.0
5;1;9;from_network;47.579
5;1;10;HP;0.0
5;1;10;EB;0.0
5;1;10;from_grid;56.187
5;1;10;from_main_grid;0.0
5;1;10;from_network;56.187
5;1;11;HP;0.0
5;1;11;EB;0.0
5;1;11;from_grid;39.313
5;1;11;from_main_grid;0.0
5;1;11;from_network;39.313
5;1;12;HP;0.0
5;1;12;EB;0.0
5;1;12;from_grid;43.482
5;1;12;from_main_grid;0.0
5;1;12;from_network;43.482
5;1;13;HP;0.0
5;1;13;EB;0.0
5;1;13;from_grid;47.751
5;1;13;from_main_grid;0.0
5;1;13;from_network;47.751
5;1;14;HP;0.0
5;1;14;EB;0.0
5;1;14;from_grid;41.271
5;1;14;from_main_grid;0.0
5;1;14;from_network;41.271
5;1;15;HP;0.0
5;1;15;EB;0.0
5;1;15;from_grid;39.599
5;1;15;from_main_grid;0.0
5;1;15;from_network;39.599
5;1;16;HP;36.524
5;1;16;EB;0.0
5;1;16;from_grid;80.498
5;1;16;from_main_grid;0.0
5;1;16;from_network;80.498
5;1;17;HP;0.0
5;1;17;EB;0.0
5;1;17;from_grid;47.748
5;1;17;from_main_grid;0.0
5;1;17;from_network;47.748
5;1;18;HP;0.0
5;1;18;EB;0.0
5;1;18;from_grid;65.792
5;1;18;from_main_grid;0.0
5;1;18;from_network;65.792
5;1;19;HP;0.0
5;1;19;EB;0.0
5;1;19;from_grid;68.97
5;1;19;from_main_grid;68.97
5;1;19;from_network;0.0
5;1;20;HP;0.0
5;1;20;EB;0.0
5;1;20;from_grid;69.913
5;1;20;from_main_grid;69.913
5;1;20;from_network;0.0
5;1;21;HP;0.0
5;1;21;EB;0.0
5;1;21;from_grid;65.959
5;1;21;from_main_grid;65.959
5;1;21;from_network;0.0
5;1;22;HP;0.0
5;1;22;EB;0.0
5;1;22;from_grid;63.839
5;1;22;from_main_grid;63.839
5;1;22;from_network;0.0
5;1;23;HP;0.0
5;1;23;EB;0.0
5;1;23;from_grid;48.306
5;1;23;from_main_grid;48.306
5;1;23;from_network;0.0
5;1;24;HP;0.0
5;1;24;EB;0.0
5;1;24;from_grid;7.535
5;1;24;from_main_grid;7.535
5;1;24;from_network;0.0
5;1;25;HP;0.0
5;1;25;EB;0.0
5;1;25;from_grid;8.984
5;1;25;from_main_grid;8.984
5;1;25;from_network;0.0
5;1;26;HP;0.0
5;1;26;EB;0.0
5;1;26;from_grid;10.941
5;1;26;from_main_grid;10.941
5;1;26;from_network;0.0
5;1;27;HP;0.0
5;1;27;EB;0.0
5;1;27;from_grid;9.861
5;1;27;from_main_grid;9.861
5;1;27;from_network;0.0
5;1;28;HP;0.0
5;1;28;EB;0.0
5;1;28;from_grid;10.643
5;1;28;from_main_grid;10.643
5;1;28;from_network;0.0
5;1;29;HP;0.0
5;1;29;EB;0.0
5;1;29;from_grid;10.714
5;1;29;from_main_grid;10.714
5;1;29;from_network;0.0
5;1;30;HP;0.0
5;1;30;EB;0.0
5;1;30;from_grid;15.305
5;1;30;from_main_grid;15.305
5;1;30;from_network;0.0
5;1;31;HP;0.0
5;1;31;EB;0.0
5;1;31;from_grid;38.537
5;1;31;from_main_grid;0.0
5;1;31;from_network;38.537
5;1;32;HP;2.852
5;1;32;EB;0.0
5;1;32;from_grid;44.496
5;1;32;from_main_grid;0.0
5;1;32;from_network;44.496
5;1;33;HP;2.834
5;1;33;EB;0.0
5;1;33;from_grid;42.308
5;1;33;from_main_grid;0.0
5;1;33;from_network;42.308
5;1;34;HP;3.525
5;1;34;EB;0.0
5;1;34;from_grid;40.484
5;1;34;from_main_grid;0.0
5;1;34;from_network;40.484
5;1;35;HP;2.651
5;1;35;EB;0.0
5;1;35;from_grid;39.459
5;1;35;from_main_grid;0.0
5;1;35;from_network;39.459
5;1;36;HP;4.429
5;1;36;EB;0.0
5;1;36;from_grid;35.947
5;1;36;from_main_grid;0.0
5;1;36;from_network;35.947
5;1;37;HP;2.161
5;1;37;EB;0.0
5;1;37;from_grid;38.442
5;1;37;from_main_grid;0.0
5;1;37;from_network;38.442
5;1;38;HP;2.263
5;1;38;EB;0.0
5;1;38;from_grid;35.931
5;1;38;from_main_grid;0.0
5;1;38;from_network;35.931
5;1;39;HP;4.858
5;1;39;EB;0.0
5;1;39;from_grid;41.212
5;1;39;from_main_grid;0.0
5;1;39;from_network;41.212
5;1;40;HP;0.0
5;1;40;EB;0.0
5;1;40;from_grid;48.577
5;1;40;from_main_grid;0.0
5;1;40;from_network;48.577
5;1;41;HP;61.912
5;1;41;EB;0.0
5;1;41;from_grid;109.834
5;1;41;from_main_grid;0.0
5;1;41;from_network;109.834
5;1;42;HP;0.0
5;1;42;EB;0.0
5;1;42;from_grid;43.446
5;1;42;from_main_grid;0.0
5;1;42;from_network;43.446
5;1;43;HP;0.0
5;1;43;EB;0.0
5;1;43;from_grid;73.201
5;1;43;from_main_grid;73.201
5;1;43;from_network;0.0
5;1;44;HP;0.0
5;1;44;EB;0.0
5;1;44;from_grid;65.368
5;1;44;from_main_grid;65.368
5;1;44;from_network;0.0
5;1;45;HP;0.0
5;1;45;EB;0.0
5;1;45;from_grid;74.74
5;1;45;from_main_grid;74.74
5;1;45;from_network;0.0
5;1;46;HP;0.0
5;1;46;EB;0.0
5;1;46;from_grid;79.871
5;1;46;from_main_grid;79.871
5;1;46;from_network;0.0
5;1;47;HP;0.0
5;1;47;EB;0.0
5;1;47;from_grid;36.799
5;1;47;from_main_grid;36.799
5;1;47;from_network;0.0
5;1;48;HP;0.0
5;1;48;EB;0.0
5;1;48;from_grid;7.558
5;1;48;from_main_grid;7.558
5;1;48;from_network;0.0
5;1;49;HP;0.0
5;1;49;EB;0.0
5;1;49;from_grid;11.075
5;1;49;from_main_grid;11.075
5;1;49;from_network;0.0
5;1;50;HP;0.0
5;1;50;EB;0.0
5;1;50;from_grid;11.445
5;1;50;from_main_grid;11.445
5;1;50;from_network;0.0
5;1;51;HP;0.0
5;1;51;EB;0.0
5;1;51;from_grid;11.457
5;1;51;from_main_grid;11.457
5;1;51;from_network;0.0
5;1;52;HP;0.0
5;1;52;EB;0.0
5;1;52;from_grid;9.816
5;1;52;from_main_grid;9.816
5;1;52;from_network;0.0
5;1;53;HP;0.0
5;1;53;EB;0.0
5;1;53;from_grid;10.751
5;1;53;from_main_grid;10.751
5;1;53;from_network;0.0
5;1;54;HP;0.0
5;1;54;EB;0.0
5;1;54;from_grid;11.091
5;1;54;from_main_grid;11.091
5;1;54;from_network;0.0
5;1;55;HP;0.0
5;1;55;EB;0.0
5;1;55;from_grid;32.752
5;1;55;from_main_grid;0.0
5;1;55;from_network;32.752
5;1;56;HP;0.0
5;1;56;EB;0.0
5;1;56;from_grid;41.68
5;1;56;from_main_grid;0.0
5;1;56;from_network;41.68
5;1;57;HP;0.0
5;1;57;EB;0.0
5;1;57;from_grid;38.964
5;1;57;from_main_grid;0.0
5;1;57;from_network;38.964
5;1;58;HP;3.076
5;1;58;EB;0.0
5;1;58;from_grid;45.854
5;1;58;from_main_grid;0.0
5;1;58;from_network;45.854
5;1;59;HP;2.608
5;1;59;EB;0.0
5;1;59;from_grid;48.543
5;1;59;from_main_grid;0.0
5;1;59;from_network;48.543
5;1;60;HP;2.239
5;1;60;EB;0.0
5;1;60;from_grid;43.42
5;1;60;from_main_grid;0.0
5;1;60;from_network;43.42
5;1;61;HP;2.515
5;1;61;EB;0.0
5;1;61;from_grid;36.107
5;1;61;from_main_grid;0.0
5;1;61;from_network;36.107
5;1;62;HP;8.892
5;1;62;EB;0.0
5;1;62;from_grid;45.923
5;1;62;from_main_grid;0.0
5;1;62;from_network;45.923
5;1;63;HP;0.0
5;1;63;EB;0.0
5;1;63;from_grid;33.717
5;1;63;from_main_grid;0.0
5;1;63;from_network;33.717
5;1;64;HP;6.494
5;1;64;EB;0.0
5;1;64;from_grid;39.555
5;1;64;from_main_grid;0.0
5;1;64;from_network;39.555
5;1;65;HP;54.858
5;1;65;EB;0.0
5;1;65;from_grid;92.777
5;1;65;from_main_grid;0.0
5;1;65;from_network;92.777
5;1;66;HP;0.0
5;1;66;EB;0.0
5;1;66;from_grid;50.193
5;1;66;from_main_grid;0.0
5;1;66;from_network;50.193
5;1;67;HP;0.0
5;1;67;EB;0.0
5;1;67;from_grid;60.729
5;1;67;from_main_grid;60.729
5;1;67;from_network;0.0
5;1;68;HP;0.0
5;1;68;EB;0.0
5;1;68;from_grid;79.498
5;1;68;from_main_grid;79.498
5;1;68;from_network;0.0
5;1;69;HP;0.0
5;1;69;EB;0.0
5;1;69;from_grid;71.926
5;1;69;from_main_grid;71.926
5;1;69;from_network;0.0
5;1;70;HP;0.0
5;1;70;EB;0.0
5;1;70;from_grid;54.205
5;1;70;from_main_grid;54.205
5;1;70;from_network;0.0
5;1;71;HP;0.0
5;1;71;EB;0.0
5;1;71;from_grid;47.046
5;1;71;from_main_grid;47.046
5;1;71;from_network;0.0
5;1;72;HP;0.0
5;1;72;EB;0.0
5;1;72;from_grid;7.482
5;1;72;from_main_grid;7.482
5;1;72;from_network;0.0
5;1;73;HP;0.0
5;1;73;EB;0.0
5;1;73;from_grid;11.424
5;1;73;from_main_grid;11.424
5;1;73;from_network;0.0
5;1;74;HP;0.0
5;1;74;EB;0.0
5;1;74;from_grid;10.566
5;1;74;from_main_grid;10.566
5;1;74;from_network;0.0
5;1;75;HP;0.0
5;1;75;EB;0.0
5;1;75;from_grid;10.401
5;1;75;from_main_grid;10.401
5;1;75;from_network;0.0
5;1;76;HP;0.0
5;1;76;EB;0.0
5;1;76;from_grid;11.218
5;1;76;from_main_grid;11.218
5;1;76;from_network;0.0
5;1;77;HP;0.0
5;1;77;EB;0.0
5;1;77;from_grid;14.061
5;1;77;from_main_grid;14.061
5;1;77;from_network;0.0
5;1;78;HP;0.0
5;1;78;EB;0.0
5;1;78;from_grid;14.356
5;1;78;from_main_grid;14.356
5;1;78;from_network;0.0
5;1;79;HP;0.0
5;1;79;EB;0.0
5;1;79;from_grid;16.242
5;1;79;from_main_grid;0.0
5;1;79;from_network;16.242
5;1;80;HP;0.0
5;1;80;EB;0.0
5;1;80;from_grid;36.68
5;1;80;from_main_grid;0.0
5;1;80;from_network;36.68
5;1;81;HP;2.942
5;1;81;EB;0.0
5;1;81;from_grid;51.891
5;1;81;from_main_grid;0.0
5;1;81;from_network;51.891
5;1;82;HP;3.166
5;1;82;EB;0.0
5;1;82;from_grid;49.031
5;1;82;from_main_grid;0.0
5;1;82;from_network;49.031
5;1;83;HP;3.225
5;1;83;EB;0.0
5;1;83;from_grid;44.187
5;1;83;from_main_grid;0.0
5;1;83;from_network;44.187
5;1;84;HP;2.697
5;1;84;EB;0.0
5;1;84;from_grid;41.708
5;1;84;from_main_grid;0.0
5;1;84;from_network;41.708
5;1;85;HP;2.576
5;1;85;EB;0.0
5;1;85;from_grid;35.113
5;1;85;from_main_grid;0.0
5;1;85;from_network;35.113
5;1;86;HP;2.764
5;1;86;EB;0.0
5;1;86;from_grid;43.816
5;1;86;from_main_grid;0.0
5;1;86;from_network;43.816
5;1;87;HP;61.642
5;1;87;EB;0.0
5;1;87;from_grid;92.341
5;1;87;from_main_grid;0.0
5;1;87;from_network;92.341
5;1;88;HP;0.0
5;1;88;EB;0.0
5;1;88;from_grid;39.183
5;1;88;from_main_grid;0.0
5;1;88;from_network;39.183
5;1;89;HP;0.0
5;1;89;EB;0.0
5;1;89;from_grid;45.756
5;1;89;from_main_grid;0.0
5;1;89;from_network;45.756
5;1;90;HP;0.0
5;1;90;EB;0.0
5;1;90;from_grid;38.544
5;1;90;from_main_grid;0.0
5;1;90;from_network;38.544
5;1;91;HP;0.0
5;1;91;EB;0.0
5;1;91;from_grid;58.075
5;1;91;from_main_grid;58.075
5;1;91;from_network;0.0
5;1;92;HP;0.0
5;1;92;EB;0.0
5;1;92;from_grid;60.634
5;1;92;from_main_grid;60.634
5;1;92;from_network;0.0
5;1;93;HP;0.0
5;1;93;EB;0.0
5;1;93;from_grid;48.063
5;1;93;from_main_grid;48.063
5;1;93;from_network;0.0
5;1;94;HP;0.0
5;1;94;EB;0.0
5;1;94;from_grid;52.452
5;1;94;from_main_grid;52.452
5;1;94;from_network;0.0
5;1;95;HP;0.0
5;1;95;EB;0.0
5;1;95;from_grid;40.887
5;1;95;from_main_grid;40.887
5;1;95;from_network;0.0
5;1;96;HP;0.0
5;1;96;EB;0.0
5;1;96;from_grid;7.412
5;1;96;from_main_grid;7.412
5;1;96;from_network;0.0
5;1;97;HP;0.0
5;1;97;EB;0.0
5;1;97;from_grid;11.068
5;1;97;from_main_grid;11.068
5;1;97;from_network;0.0
5;1;98;HP;0.0
5;1;98;EB;0.0
5;1;98;from_grid;10.624
5;1;98;from_main_grid;10.624
5;1;98;from_network;0.0
5;1;99;HP;0.0
5;1;99;EB;0.0
5;1;99;from_grid;10.421
5;1;99;from_main_grid;10.421
5;1;99;from_network;0.0
5;1;100;HP;0.0
5;1;100;EB;0.0
5;1;100;from_grid;9.254
5;1;100;from_main_grid;9.254
5;1;100;from_network;0.0
5;1;101;HP;0.0
5;1;101;EB;0.0
5;1;101;from_grid;11.839
5;1;101;from_main_grid;11.839
5;1;101;from_network;0.0
5;1;102;HP;0.0
5;1;102;EB;0.0
5;1;102;from_grid;15.644
5;1;102;from_main_grid;15.644
5;1;102;from_network;0.0
5;1;103;HP;0.0
5;1;103;EB;0.0
5;1;103;from_grid;22.949
5;1;103;from_main_grid;0.0
5;1;103;from_network;22.949
5;1;104;HP;0.0
5;1;104;EB;0.0
5;1;104;from_grid;30.946
5;1;104;from_main_grid;0.0
5;1;104;from_network;30.946
5;1;105;HP;0.0
5;1;105;EB;0.0
5;1;105;from_grid;48.452
5;1;105;from_main_grid;0.0
5;1;105;from_network;48.452
5;1;106;HP;3.781
5;1;106;EB;0.0
5;1;106;from_grid;48.754
5;1;106;from_main_grid;0.0
5;1;106;from_network;48.754
5;1;107;HP;3.075
5;1;107;EB;0.0
5;1;107;from_grid;51.946
5;1;107;from_main_grid;0.0
5;1;107;from_network;51.946
5;1;108;HP;5.294
5;1;108;EB;0.0
5;1;108;from_grid;52.683
5;1;108;from_main_grid;0.0
5;1;108;from_network;52.683
5;1;109;HP;2.593
5;1;109;EB;0.0
5;1;109;from_grid;48.71
5;1;109;from_main_grid;0.0
5;1;109;from_network;48.71
5;1;110;HP;6.368
5;1;110;EB;0.0
5;1;110;from_grid;59.66
5;1;110;from_main_grid;0.0
5;1;110;from_network;59.66
5;1;111;HP;0.0
5;1;111;EB;0.0
5;1;111;from_grid;47.278
5;1;111;from_main_grid;0.0
5;1;111;from_network;47.278
5;1;112;HP;56.093
5;1;112;EB;0.0
5;1;112;from_grid;100.668
5;1;112;from_main_grid;0.0
5;1;112;from_network;100.668
5;1;113;HP;0.0
5;1;113;EB;0.0
5;1;113;from_grid;49.378
5;1;113;from_main_grid;0.0
5;1;113;from_network;49.378
5;1;114;HP;0.0
5;1;114;EB;0.0
5;1;114;from_grid;46.632
5;1;114;from_main_grid;0.0
5;1;114;from_network;46.632
5;1;115;HP;0.0
5;1;115;EB;0.0
5;1;115;from_grid;60.103
5;1;115;from_main_grid;60.103
5;1;115;from_network;0.0
5;1;116;HP;0.0
5;1;116;EB;0.0
5;1;116;from_grid;61.515
5;1;116;from_main_grid;61.515
5;1;116;from_network;0.0
5;1;117;HP;0.0
5;1;117;EB;0.0
5;1;117;from_grid;55.863
5;1;117;from_main_grid;55.863
5;1;117;from_network;0.0
5;1;118;HP;0.0
5;1;118;EB;0.0
5;1;118;from_grid;63.102
5;1;118;from_main_grid;63.102
5;1;118;from_network;0.0
5;1;119;HP;0.0
5;1;119;EB;0.0
5;1;119;from_grid;41.108
5;1;119;from_main_grid;41.108
5;1;119;from_network;0.0
5;1;120;HP;0.0
5;1;120;EB;0.0
5;1;120;from_grid;7.619
5;1;120;from_main_grid;7.619
5;1;120;from_network;0.0
5;1;121;HP;0.0
5;1;121;EB;0.0
5;1;121;from_grid;11.147
5;1;121;from_main_grid;11.147
5;1;121;from_network;0.0
5;1;122;HP;0.0
5;1;122;EB;0.0
5;1;122;from_grid;9.85
5;1;122;from_main_grid;9.85
5;1;122;from_network;0.0
5;1;123;HP;0.0
5;1;123;EB;0.0
5;1;123;from_grid;11.929
5;1;123;from_main_grid;11.929
5;1;123;from_network;0.0
5;1;124;HP;0.0
5;1;124;EB;0.0
5;1;124;from_grid;10.074
5;1;124;from_main_grid;10.074
5;1;124;from_network;0.0
5;1;125;HP;0.0
5;1;125;EB;0.0
5;1;125;from_grid;13.56
5;1;125;from_main_grid;13.56
5;1;125;from_network;0.0
5;1;126;HP;0.0
5;1;126;EB;0.0
5;1;126;from_grid;12.101
5;1;126;from_main_grid;12.101
5;1;126;from_network;0.0
5;1;127;HP;0.0
5;1;127;EB;0.0
5;1;127;from_grid;43.804
5;1;127;from_main_grid;0.0
5;1;127;from_network;43.804
5;1;128;HP;0.0
5;1;128;EB;0.0
5;1;128;from_grid;41.745
5;1;128;from_main_grid;0.0
5;1;128;from_network;41.745
5;1;129;HP;3.512
5;1;129;EB;0.0
5;1;129;from_grid;41.74
5;1;129;from_main_grid;0.0
5;1;129;from_network;41.74
5;1;130;HP;2.974
5;1;130;EB;0.0
5;1;130;from_grid;43.365
5;1;130;from_main_grid;0.0
5;1;130;from_network;43.365
5;1;131;HP;2.847
5;1;131;EB;0.0
5;1;131;from_grid;35.816
5;1;131;from_main_grid;0.0
5;1;131;from_network;35.816
5;1;132;HP;4.847
5;1;132;EB;0.0
5;1;132;from_grid;44.985
5;1;132;from_main_grid;0.0
5;1;132;from_network;44.985
5;1;133;HP;2.423
5;1;133;EB;0.0
5;1;133;from_grid;35.225
5;1;133;from_main_grid;0.0
5;1;133;from_network;35.225
5;1;134;HP;2.444
5;1;134;EB;0.0
5;1;134;from_grid;39.119
5;1;134;from_main_grid;0.0
5;1;134;from_network;39.119
5;1;135;HP;3.064
5;1;135;EB;0.0
5;1;135;from_grid;34.308
5;1;135;from_main_grid;0.0
5;1;135;from_network;34.308
5;1;136;HP;53.798
5;1;136;EB;0.0
5;1;136;from_grid;93.902
5;1;136;from_main_grid;0.0
5;1;136;from_network;93.902
5;1;137;HP;0.0
5;1;137;EB;0.0
5;1;137;from_grid;47.954
5;1;137;from_main_grid;0.0
5;1;137;from_network;47.954
5;1;138;HP;0.0
5;1;138;EB;0.0
5;1;138;from_grid;47.493
5;1;138;from_main_grid;0.0
5;1;138;from_network;47.493
5;1;139;HP;0.0
5;1;139;EB;0.0
5;1;139;from_grid;74.199
5;1;139;from_main_grid;74.199
5;1;139;from_network;0.0
5;1;140;HP;0.0
5;1;140;EB;0.0
5;1;140;from_grid;71.958
5;1;140;from_main_grid;71.958
5;1;140;from_network;0.0
5;1;141;HP;0.0
5;1;141;EB;0.0
5;1;141;from_grid;78.264
5;1;141;from_main_grid;78.264
5;1;141;from_network;0.0
5;1;142;HP;0.0
5;1;142;EB;0.0
5;1;142;from_grid;57.149
5;1;142;from_main_grid;57.149
5;1;142;from_network;0.0
5;1;143;HP;0.0
5;1;143;EB;0.0
5;1;143;from_grid;58.087
5;1;143;from_main_grid;58.087
5;1;143;from_network;0.0
5;1;144;HP;0.0
5;1;144;EB;0.0
5;1;144;from_grid;7.461
5;1;144;from_main_grid;7.461
5;1;144;from_network;0.0
5;1;145;HP;0.0
5;1;145;EB;0.0
5;1;145;from_grid;12.297
5;1;145;from_main_grid;12.297
5;1;145;from_network;0.0
5;1;146;HP;0.0
5;1;146;EB;0.0
5;1;146;from_grid;11.135
5;1;146;from_main_grid;11.135
5;1;146;from_network;0.0
5;1;147;HP;0.0
5;1;147;EB;0.0
5;1;147;from_grid;11.104
5;1;147;from_main_grid;11.104
5;1;147;from_network;0.0
5;1;148;HP;0.0
5;1;148;EB;0.0
5;1;148;from_grid;9.835
5;1;148;from_main_grid;9.835
5;1;148;from_network;0.0
5;1;149;HP;0.0
5;1;149;EB;0.0
5;1;149;from_grid;11.968
5;1;149;from_main_grid;11.968
5;1;149;from_network;0.0
5;1;150;HP;0.0
5;1;150;EB;0.0
5;1;150;from_grid;14.53
5;1;150;from_main_grid;14.53
5;1;150;from_network;0.0
5;1;151;HP;0.0
5;1;151;EB;0.0
5;1;151;from_grid;37.994
5;1;151;from_main_grid;0.0
5;1;151;from_network;37.994
5;1;152;HP;0.0
5;1;152;EB;0.0
5;1;152;from_grid;41.161
5;1;152;from_main_grid;0.0
5;1;152;from_network;41.161
5;1;153;HP;2.66
5;1;153;EB;0.0
5;1;153;from_grid;48.229
5;1;153;from_main_grid;0.0
5;1;153;from_network;48.229
5;1;154;HP;3.532
5;1;154;EB;0.0
5;1;154;from_grid;37.954
5;1;154;from_main_grid;0.0
5;1;154;from_network;37.954
5;1;155;HP;3.074
5;1;155;EB;0.0
5;1;155;from_grid;41.641
5;1;155;from_main_grid;0.0
5;1;155;from_network;41.641
5;1;156;HP;4.546
5;1;156;EB;0.0
5;1;156;from_grid;46.092
5;1;156;from_main_grid;0.0
5;1;156;from_network;46.092
5;1;157;HP;2.191
5;1;157;EB;0.0
5;1;157;from_grid;48.282
5;1;157;from_main_grid;0.0
5;1;157;from_network;48.282
5;1;158;HP;2.347
5;1;158;EB;0.0
5;1;158;from_grid;40.761
5;1;158;from_main_grid;0.0
5;1;158;from_network;40.761
5;1;159;HP;95.516
5;1;159;EB;0.0
5;1;159;from_grid;136.6
5;1;159;from_main_grid;0.0
5;1;159;from_network;136.6
5;1;160;HP;0.0
5;1;160;EB;0.0
5;1;160;from_grid;46.533
5;1;160;from_main_grid;0.0
5;1;160;from_network;46.533
5;1;161;HP;9.487
5;1;161;EB;0.0
5;1;161;from_grid;59.322
5;1;161;from_main_grid;0.0
5;1;161;from_network;59.322
5;1;162;HP;0.0
5;1;162;EB;0.0
5;1;162;from_grid;48.327
5;1;162;from_main_grid;0.0
5;1;162;from_network;48.327
5;1;163;HP;0.0
5;1;163;EB;0.0
5;1;163;from_grid;86.572
5;1;163;from_main_grid;86.572
5;1;163;from_network;0.0
5;1;164;HP;0.0
5;1;164;EB;0.0
5;1;164;from_grid;73.365
5;1;164;from_main_grid;73.365
5;1;164;from_network;0.0
5;1;165;HP;0.0
5;1;165;EB;0.0
5;1;165;from_grid;70.574
5;1;165;from_main_grid;70.574
5;1;165;from_network;0.0
5;1;166;HP;0.0
5;1;166;EB;0.0
5;1;166;from_grid;68.77
5;1;166;from_main_grid;68.77
5;1;166;from_network;0.0
5;1;167;HP;0.0
5;1;167;EB;0.0
5;1;167;from_grid;55.211
5;1;167;from_main_grid;55.211
5;1;167;from_network;0.0
5;2;0;HP;0.0
5;2;0;EB;0.0
5;2;0;from_grid;7.519
5;2;0;from_main_grid;7.519
5;2;0;from_network;0.0
5;2;1;HP;0.0
5;2;1;EB;0.0
5;2;1;from_grid;9.982
5;2;1;from_main_grid;9.982
5;2;1;from_network;0.0
5;2;2;HP;145.744
5;2;2;EB;0.0
5;2;2;from_grid;156.168
5;2;2;from_main_grid;156.168
5;2;2;from_network;0.0
5;2;3;HP;0.0
5;2;3;EB;0.0
5;2;3;from_grid;12.89
5;2;3;from_main_grid;12.89
5;2;3;from_network;0.0
5;2;4;HP;95.686
5;2;4;EB;0.0
5;2;4;from_grid;106.509
5;2;4;from_main_grid;106.509
5;2;4;from_network;0.0
5;2;5;HP;150.078
5;2;5;EB;0.0
5;2;5;from_grid;160.689
5;2;5;from_main_grid;160.689
5;2;5;from_network;0.0
5;2;6;HP;0.0
5;2;6;EB;0.0
5;2;6;from_grid;19.58
5;2;6;from_main_grid;19.58
5;2;6;from_network;0.0
5;2;7;HP;0.0
5;2;7;EB;0.0
5;2;7;from_grid;32.858
5;2;7;from_main_grid;32.858
5;2;7;from_network;0.0
5;2;8;HP;0.0
5;2;8;EB;0.0
5;2;8;from_grid;60.949
5;2;8;from_main_grid;60.949
5;2;8;from_network;0.0
5;2;9;HP;68.367
5;2;9;EB;0.0
5;2;9;from_grid;115.653
5;2;9;from_main_grid;0.0
5;2;9;from_network;115.653
5;2;10;HP;63.158
5;2;10;EB;0.0
5;2;10;from_grid;100.766
5;2;10;from_main_grid;0.0
5;2;10;from_network;100.766
5;2;11;HP;51.057
5;2;11;EB;0.0
5;2;11;from_grid;93.001
5;2;11;from_main_grid;0.0
5;2;11;from_network;93.001
5;2;12;HP;142.003
5;2;12;EB;0.0
5;2;12;from_grid;181.403
5;2;12;from_main_grid;0.0
5;2;12;from_network;181.403
5;2;13;HP;140.117
5;2;13;EB;0.0
5;2;13;from_grid;178.618
5;2;13;from_main_grid;0.0
5;2;13;from_network;178.618
5;2;14;HP;27.4
5;2;14;EB;0.0
5;2;14;from_grid;78.038
5;2;14;from_main_grid;0.0
5;2;14;from_network;78.038
5;2;15;HP;0.0
5;2;15;EB;0.0
5;2;15;from_grid;39.083
5;2;15;from_main_grid;39.083
5;2;15;from_network;0.0
5;2;16;HP;49.679
5;2;16;EB;0.0
5;2;16;from_grid;100.975
5;2;16;from_main_grid;100.975
5;2;16;from_network;0.0
5;2;17;HP;25.935
5;2;17;EB;0.0
5;2;17;from_grid;89.943
5;2;17;from_main_grid;89.943
5;2;17;from_network;0.0
5;2;18;HP;0.0
5;2;18;EB;0.0
5;2;18;from_grid;56.416
5;2;18;from_main_grid;56.416
5;2;18;from_network;0.0
5;2;19;HP;94.009
5;2;19;EB;0.0
5;2;19;from_grid;162.857
5;2;19;from_main_grid;162.857
5;2;19;from_network;0.0
5;2;20;HP;55.471
5;2;20;EB;0.0
5;2;20;from_grid;120.986
5;2;20;from_main_grid;120.986
5;2;20;from_network;0.0
5;2;21;HP;0.0
5;2;21;EB;0.0
5;2;21;from_grid;61.892
5;2;21;from_main_grid;61.892
5;2;21;from_network;0.0
5;2;22;HP;119.312
5;2;22;EB;0.0
5;2;22;from_grid;182.957
5;2;22;from_main_grid;182.957
5;2;22;from_network;0.0
5;2;23;HP;1.906
5;2;23;EB;0.0
5;2;23;from_grid;39.804
5;2;23;from_main_grid;39.804
5;2;23;from_network;0.0
5;2;24;HP;0.0
5;2;24;EB;0.0
5;2;24;from_grid;7.566
5;2;24;from_main_grid;7.566
5;2;24;from_network;0.0
5;2;25;HP;0.0
5;2;25;EB;0.0
5;2;25;from_grid;11.725
5;2;25;from_main_grid;11.725
5;2;25;from_network;0.0
5;2;26;HP;165.282
5;2;26;EB;0.0
5;2;26;from_grid;175.87
5;2;26;from_main_grid;175.87
5;2;26;from_network;0.0
5;2;27;HP;0.0
5;2;27;EB;0.0
5;2;27;from_grid;10.748
5;2;27;from_main_grid;10.748
5;2;27;from_network;0.0
5;2;28;HP;167.024
5;2;28;EB;0.0
5;2;28;from_grid;178.388
5;2;28;from_main_grid;178.388
5;2;28;from_network;0.0
5;2;29;HP;33.37
5;2;29;EB;0.0
5;2;29;from_grid;45.003
5;2;29;from_main_grid;45.003
5;2;29;from_network;0.0
5;2;30;HP;117.753
5;2;30;EB;0.0
5;2;30;from_grid;134.416
5;2;30;from_main_grid;134.416
5;2;30;from_network;0.0
5;2;31;HP;119.596
5;2;31;EB;0.0
5;2;31;from_grid;159.159
5;2;31;from_main_grid;159.159
5;2;31;from_network;0.0
5;2;32;HP;112.444
5;2;32;EB;0.0
5;2;32;from_grid;170.772
5;2;32;from_main_grid;170.772
5;2;32;from_network;0.0
5;2;33;HP;106.443
5;2;33;EB;0.0
5;2;33;from_grid;147.088
5;2;33;from_main_grid;0.0
5;2;33;from_network;147.088
5;2;34;HP;91.212
5;2;34;EB;0.0
5;2;34;from_grid;129.18
5;2;34;from_main_grid;0.0
5;2;34;from_network;129.18
5;2;35;HP;76.11
5;2;35;EB;0.0
5;2;35;from_grid;116.953
5;2;35;from_main_grid;0.0
5;2;35;from_network;116.953
5;2;36;HP;60.872
5;2;36;EB;0.0
5;2;36;from_grid;98.03
5;2;36;from_main_grid;0.0
5;2;36;from_network;98.03
5;2;37;HP;41.046
5;2;37;EB;0.0
5;2;37;from_grid;81.487
5;2;37;from_main_grid;0.0
5;2;37;from_network;81.487
5;2;38;HP;123.376
5;2;38;EB;0.0
5;2;38;from_grid;164.06
5;2;38;from_main_grid;0.0
5;2;38;from_network;164.06
5;2;39;HP;130.611
5;2;39;EB;0.0
5;2;39;from_grid;163.19
5;2;39;from_main_grid;0.0
5;2;39;from_network;163.19
5;2;40;HP;18.856
5;2;40;EB;0.0
5;2;40;from_grid;75.809
5;2;40;from_main_grid;0.0
5;2;40;from_network;75.809
5;2;41;HP;22.091
5;2;41;EB;0.0
5;2;41;from_grid;78.348
5;2;41;from_main_grid;78.348
5;2;41;from_network;0.0
5;2;42;HP;32.485
5;2;42;EB;0.0
5;2;42;from_grid;99.109
5;2;42;from_main_grid;99.109
5;2;42;from_network;0.0
5;2;43;HP;37.103
5;2;43;EB;0.0
5;2;43;from_grid;99.004
5;2;43;from_main_grid;99.004
5;2;43;from_network;0.0
5;2;44;HP;37.821
5;2;44;EB;0.0
5;2;44;from_grid;100.171
5;2;44;from_main_grid;100.171
5;2;44;from_network;0.0
5;2;45;HP;0.0
5;2;45;EB;0.0
5;2;45;from_grid;60.656
5;2;45;from_main_grid;60.656
5;2;45;from_network;0.0
5;2;46;HP;0.0
5;2;46;EB;0.0
5;2;46;from_grid;56.144
5;2;46;from_main_grid;56.144
5;2;46;from_network;0.0
5;2;47;HP;0.0
5;2;47;EB;0.0
5;2;47;from_grid;43.666
5;2;47;from_main_grid;43.666
5;2;47;from_network;0.0
5;2;48;HP;0.0
5;2;48;EB;0.0
5;2;48;from_grid;7.554
5;2;48;from_main_grid;7.554
5;2;48;from_network;0.0
5;2;49;HP;0.0
5;2;49;EB;0.0
5;2;49;from_grid;9.184
5;2;49;from_main_grid;9.184
5;2;49;from_network;0.0
5;2;50;HP;42.814
5;2;50;EB;0.0
5;2;50;from_grid;53.778
5;2;50;from_main_grid;53.778
5;2;50;from_network;0.0
5;2;51;HP;45.476
5;2;51;EB;0.0
5;2;51;from_grid;55.247
5;2;51;from_main_grid;55.247
5;2;51;from_network;0.0
5;2;52;HP;46.167
5;2;52;EB;0.0
5;2;52;from_grid;56.006
5;2;52;from_main_grid;56.006
5;2;52;from_network;0.0
5;2;53;HP;47.912
5;2;53;EB;0.0
5;2;53;from_grid;58.049
5;2;53;from_main_grid;58.049
5;2;53;from_network;0.0
5;2;54;HP;44.616
5;2;54;EB;0.0
5;2;54;from_grid;57.323
5;2;54;from_main_grid;57.323
5;2;54;from_network;0.0
5;2;55;HP;58.317
5;2;55;EB;0.0
5;2;55;from_grid;93.745
5;2;55;from_main_grid;93.745
5;2;55;from_network;0.0
5;2;56;HP;58.876
5;2;56;EB;0.0
5;2;56;from_grid;110.505
5;2;56;from_main_grid;110.505
5;2;56;from_network;0.0
5;2;57;HP;40.053
5;2;57;EB;0.0
5;2;57;from_grid;83.516
5;2;57;from_main_grid;83.516
5;2;57;from_network;0.0
5;2;58;HP;36.714
5;2;58;EB;0.0
5;2;58;from_grid;79.269
5;2;58;from_main_grid;79.269
5;2;58;from_network;0.0
5;2;59;HP;32.157
5;2;59;EB;0.0
5;2;59;from_grid;69.206
5;2;59;from_main_grid;69.206
5;2;59;from_network;0.0
5;2;60;HP;26.947
5;2;60;EB;0.0
5;2;60;from_grid;62.15
5;2;60;from_main_grid;62.15
5;2;60;from_network;0.0
5;2;61;HP;23.362
5;2;61;EB;0.0
5;2;61;from_grid;50.423
5;2;61;from_main_grid;50.423
5;2;61;from_network;0.0
5;2;62;HP;18.618
5;2;62;EB;0.0
5;2;62;from_grid;57.733
5;2;62;from_main_grid;57.733
5;2;62;from_network;0.0
5;2;63;HP;22.84
5;2;63;EB;0.0
5;2;63;from_grid;52.253
5;2;63;from_main_grid;52.253
5;2;63;from_network;0.0
5;2;64;HP;97.757
5;2;64;EB;0.0
5;2;64;from_grid;134.887
5;2;64;from_main_grid;134.887
5;2;64;from_network;0.0
5;2;65;HP;132.769
5;2;65;EB;0.0
5;2;65;from_grid;195.784
5;2;65;from_main_grid;195.784
5;2;65;from_network;0.0
5;2;66;HP;0.0
5;2;66;EB;0.0
5;2;66;from_grid;64.171
5;2;66;from_main_grid;64.171
5;2;66;from_network;0.0
5;2;67;HP;0.0
5;2;67;EB;0.0
5;2;67;from_grid;59.359
5;2;67;from_main_grid;59.359
5;2;67;from_network;0.0
5;2;68;HP;0.0
5;2;68;EB;0.0
5;2;68;from_grid;85.975
5;2;68;from_main_grid;85.975
5;2;68;from_network;0.0
5;2;69;HP;0.0
5;2;69;EB;0.0
5;2;69;from_grid;69.631
5;2;69;from_main_grid;69.631
5;2;69;from_network;0.0
5;2;70;HP;0.0
5;2;70;EB;0.0
5;2;70;from_grid;62.278
5;2;70;from_main_grid;62.278
5;2;70;from_network;0.0
5;2;71;HP;0.0
5;2;71;EB;0.0
5;2;71;from_grid;33.443
5;2;71;from_main_grid;33.443
5;2;71;from_network;0.0
5;2;72;HP;0.0
5;2;72;EB;0.0
5;2;72;from_grid;10.713
5;2;72;from_main_grid;10.713
5;2;72;from_network;0.0
5;2;73;HP;11.333
5;2;73;EB;0.0
5;2;73;from_grid;27.08
5;2;73;from_main_grid;27.08
5;2;73;from_network;0.0
5;2;74;HP;38.632
5;2;74;EB;0.0
5;2;74;from_grid;50.268
5;2;74;from_main_grid;50.268
5;2;74;from_network;0.0
5;2;75;HP;39.921
5;2;75;EB;0.0
5;2;75;from_grid;54.631
5;2;75;from_main_grid;54.631
5;2;75;from_network;0.0
5;2;76;HP;41.42
5;2;76;EB;0.0
5;2;76;from_grid;53.431
5;2;76;from_main_grid;53.431
5;2;76;from_network;0.0
5;2;77;HP;43.249
5;2;77;EB;0.0
5;2;77;from_grid;54.015
5;2;77;from_main_grid;54.015
5;2;77;from_network;0.0
5;2;78;HP;44.605
5;2;78;EB;0.0
5;2;78;from_grid;56.246
5;2;78;from_main_grid;56.246
5;2;78;from_network;0.0
5;2;79;HP;66.065
5;2;79;EB;0.0
5;2;79;from_grid;87.01
5;2;79;from_main_grid;87.01
5;2;79;from_network;0.0
5;2;80;HP;66.9
5;2;80;EB;0.0
5;2;80;from_grid;102.39
5;2;80;from_main_grid;102.39
5;2;80;from_network;0.0
5;2;81;HP;48.077
5;2;81;EB;0.0
5;2;81;from_grid;92.8
5;2;81;from_main_grid;92.8
5;2;81;from_network;0.0
5;2;82;HP;45.669
5;2;82;EB;0.0
5;2;82;from_grid;80.225
5;2;82;from_main_grid;80.225
5;2;82;from_network;0.0
5;2;83;HP;33.815
5;2;83;EB;0.0
5;2;83;from_grid;68.532
5;2;83;from_main_grid;50.547
5;2;83;from_network;17.985
5;2;84;HP;121.984
5;2;84;EB;0.0
5;2;84;from_grid;162.972
5;2;84;from_main_grid;0.0
5;2;84;from_network;162.972
5;2;85;HP;127.147
5;2;85;EB;0.0
5;2;85;from_grid;169.077
5;2;85;from_main_grid;0.0
5;2;85;from_network;169.077
5;2;86;HP;20.178
5;2;86;EB;0.0
5;2;86;from_grid;65.199
5;2;86;from_main_grid;65.199
5;2;86;from_network;0.0
5;2;87;HP;21.824
5;2;87;EB;0.0
5;2;87;from_grid;61.961
5;2;87;from_main_grid;61.961
5;2;87;from_network;0.0
5;2;88;HP;0.0
5;2;88;EB;0.0
5;2;88;from_grid;42.167
5;2;88;from_main_grid;42.167
5;2;88;from_network;0.0
5;2;89;HP;0.0
5;2;89;EB;0.0
5;2;89;from_grid;57.259
5;2;89;from_main_grid;57.259
5;2;89;from_network;0.0
5;2;90;HP;0.0
5;2;90;EB;0.0
5;2;90;from_grid;66.474
5;2;90;from_main_grid;66.474
5;2;90;from_network;0.0
5;2;91;HP;0.0
5;2;91;EB;0.0
5;2;91;from_grid;67.656
5;2;91;from_main_grid;67.656
5;2;91;from_network;0.0
5;2;92;HP;142.28
5;2;92;EB;0.0
5;2;92;from_grid;206.703
5;2;92;from_main_grid;206.703
5;2;92;from_network;0.0
5;2;93;HP;39.773
5;2;93;EB;0.0
5;2;93;from_grid;96.786
5;2;93;from_main_grid;96.786
5;2;93;from_network;0.0
5;2;94;HP;0.0
5;2;94;EB;0.0
5;2;94;from_grid;60.145
5;2;94;from_main_grid;60.145
5;2;94;from_network;0.0
5;2;95;HP;5.818
5;2;95;EB;0.0
5;2;95;from_grid;53.296
5;2;95;from_main_grid;53.296
5;2;95;from_network;0.0
5;2;96;HP;0.0
5;2;96;EB;0.0
5;2;96;from_grid;7.501
5;2;96;from_main_grid;7.501
5;2;96;from_network;0.0
5;2;97;HP;0.0
5;2;97;EB;0.0
5;2;97;from_grid;15.296
5;2;97;from_main_grid;15.296
5;2;97;from_network;0.0
5;2;98;HP;76.211
5;2;98;EB;0.0
5;2;98;from_grid;88.847
5;2;98;from_main_grid;88.847
5;2;98;from_network;0.0
5;2;99;HP;152.68
5;2;99;EB;0.0
5;2;99;from_grid;163.231
5;2;99;from_main_grid;163.231
5;2;99;from_network;0.0
5;2;100;HP;90.597
5;2;100;EB;0.0
5;2;100;from_grid;102.224
5;2;100;from_main_grid;102.224
5;2;100;from_network;0.0
5;2;101;HP;0.0
5;2;101;EB;0.0
5;2;101;from_grid;12.258
5;2;101;from_main_grid;12.258
5;2;101;from_network;0.0
5;2;102;HP;98.628
5;2;102;EB;0.0
5;2;102;from_grid;112.236
5;2;102;from_main_grid;112.236
5;2;102;from_network;0.0
5;2;103;HP;99.602
5;2;103;EB;0.0
5;2;103;from_grid;125.694
5;2;103;from_main_grid;125.694
5;2;103;from_network;0.0
5;2;104;HP;88.05
5;2;104;EB;0.0
5;2;104;from_grid;141.604
5;2;104;from_main_grid;141.604
5;2;104;from_network;0.0
5;2;105;HP;112.265
5;2;105;EB;0.0
5;2;105;from_grid;162.859
5;2;105;from_main_grid;0.0
5;2;105;from_network;162.859
5;2;106;HP;63.142
5;2;106;EB;0.0
5;2;106;from_grid;107.726
5;2;106;from_main_grid;0.0
5;2;106;from_network;107.726
5;2;107;HP;49.221
5;2;107;EB;0.0
5;2;107;from_grid;107.364
5;2;107;from_main_grid;107.364
5;2;107;from_network;0.0
5;2;108;HP;66.439
5;2;108;EB;0.0
5;2;108;from_grid;118.872
5;2;108;from_main_grid;5.495
5;2;108;from_network;113.377
5;2;109;HP;111.017
5;2;109;EB;0.0
5;2;109;from_grid;162.018
5;2;109;from_main_grid;132.262
5;2;109;from_network;29.756
5;2;110;HP;0.0
5;2;110;EB;0.0
5;2;110;from_grid;40.867
5;2;110;from_main_grid;40.867
5;2;110;from_network;0.0
5;2;111;HP;56.614
5;2;111;EB;0.0
5;2;111;from_grid;102.199
5;2;111;from_main_grid;102.199
5;2;111;from_network;0.0
5;2;112;HP;56.13
5;2;112;EB;0.0
5;2;112;from_grid;122.456
5;2;112;from_main_grid;122.456
5;2;112;from_network;0.0
5;2;113;HP;57.637
5;2;113;EB;0.0
5;2;113;from_grid;112.864
5;2;113;from_main_grid;112.864
5;2;113;from_network;0.0
5;2;114;HP;67.157
5;2;114;EB;0.0
5;2;114;from_grid;131.661
5;2;114;from_main_grid;131.661
5;2;114;from_network;0.0
5;2;115;HP;69.938
5;2;115;EB;0.0
5;2;115;from_grid;136.492
5;2;115;from_main_grid;136.492
5;2;115;from_network;0.0
5;2;116;HP;71.677
5;2;116;EB;0.0
5;2;116;from_grid;144.898
5;2;116;from_main_grid;144.898
5;2;116;from_network;0.0
5;2;117;HP;73.661
5;2;117;EB;0.0
5;2;117;from_grid;130.841
5;2;117;from_main_grid;130.841
5;2;117;from_network;0.0
5;2;118;HP;66.522
5;2;118;EB;0.0
5;2;118;from_grid;125.653
5;2;118;from_main_grid;125.653
5;2;118;from_network;0.0
5;2;119;HP;154.85
5;2;119;EB;0.0
5;2;119;from_grid;195.298
5;2;119;from_main_grid;195.298
5;2;119;from_network;0.0
5;2;120;HP;0.0
5;2;120;EB;0.0
5;2;120;from_grid;7.595
5;2;120;from_main_grid;7.595
5;2;120;from_network;0.0
5;2;121;HP;158.324
5;2;121;EB;0.0
5;2;121;from_grid;176.482
5;2;121;from_main_grid;176.482
5;2;121;from_network;0.0
5;2;122;HP;1.365
5;2;122;EB;0.0
5;2;122;from_grid;11.296
5;2;122;from_main_grid;11.296
5;2;122;from_network;0.0
5;2;123;HP;88.438
5;2;123;EB;0.0
5;2;123;from_grid;97.773
5;2;123;from_main_grid;97.773
5;2;123;from_network;0.0
5;2;124;HP;89.953
5;2;124;EB;0.0
5;2;124;from_grid;100.92
5;2;124;from_main_grid;100.92
5;2;124;from_network;0.0
5;2;125;HP;91.568
5;2;125;EB;0.0
5;2;125;from_grid;101.774
5;2;125;from_main_grid;101.774
5;2;125;from_network;0.0
5;2;126;HP;103.8
5;2;126;EB;0.0
5;2;126;from_grid;118.702
5;2;126;from_main_grid;118.702
5;2;126;from_network;0.0
5;2;127;HP;98.829
5;2;127;EB;0.0
5;2;127;from_grid;141.191
5;2;127;from_main_grid;141.191
5;2;127;from_network;0.0
5;2;128;HP;86.803
5;2;128;EB;0.0
5;2;128;from_grid;156.966
5;2;128;from_main_grid;156.966
5;2;128;from_network;0.0
5;2;129;HP;85.051
5;2;129;EB;0.0
5;2;129;from_grid;127.912
5;2;129;from_main_grid;127.912
5;2;129;from_network;0.0
5;2;130;HP;80.638
5;2;130;EB;0.0
5;2;130;from_grid;123.894
5;2;130;from_main_grid;123.894
5;2;130;from_network;0.0
5;2;131;HP;69.622
5;2;131;EB;0.0
5;2;131;from_grid;108.572
5;2;131;from_main_grid;108.572
5;2;131;from_network;0.0
5;2;132;HP;64.294
5;2;132;EB;0.0
5;2;132;from_grid;102.601
5;2;132;from_main_grid;102.601
5;2;132;from_network;0.0
5;2;133;HP;52.895
5;2;133;EB;0.0
5;2;133;from_grid;94.998
5;2;133;from_main_grid;21.433
5;2;133;from_network;73.565
5;2;134;HP;143.579
5;2;134;EB;0.0
5;2;134;from_grid;177.085
5;2;134;from_main_grid;177.085
5;2;134;from_network;0.0
5;2;135;HP;145.744
5;2;135;EB;0.0
5;2;135;from_grid;189.644
5;2;135;from_main_grid;189.644
5;2;135;from_network;0.0
5;2;136;HP;0.0
5;2;136;EB;0.0
5;2;136;from_grid;54.745
5;2;136;from_main_grid;54.745
5;2;136;from_network;0.0
5;2;137;HP;0.0
5;2;137;EB;0.0
5;2;137;from_grid;59.686
5;2;137;from_main_grid;59.686
5;2;137;from_network;0.0
5;2;138;HP;0.0
5;2;138;EB;0.0
5;2;138;from_grid;63.869
5;2;138;from_main_grid;63.869
5;2;138;from_network;0.0
5;2;139;HP;151.379
5;2;139;EB;0.0
5;2;139;from_grid;231.466
5;2;139;from_main_grid;231.466
5;2;139;from_network;0.0
5;2;140;HP;3.304
5;2;140;EB;0.0
5;2;140;from_grid;73.237
5;2;140;from_main_grid;73.237
5;2;140;from_network;0.0
5;2;141;HP;0.0
5;2;141;EB;0.0
5;2;141;from_grid;76.027
5;2;141;from_main_grid;76.027
5;2;141;from_network;0.0
5;2;142;HP;136.095
5;2;142;EB;0.0
5;2;142;from_grid;204.2
5;2;142;from_main_grid;204.2
5;2;142;from_network;0.0
5;2;143;HP;0.0
5;2;143;EB;0.0
5;2;143;from_grid;47.912
5;2;143;from_main_grid;47.912
5;2;143;from_network;0.0
5;2;144;HP;77.431
5;2;144;EB;0.0
5;2;144;from_grid;85.079
5;2;144;from_main_grid;85.079
5;2;144;from_network;0.0
5;2;145;HP;79.499
5;2;145;EB;0.0
5;2;145;from_grid;93.171
5;2;145;from_main_grid;93.171
5;2;145;from_network;0.0
5;2;146;HP;83.102
5;2;146;EB;0.0
5;2;146;from_grid;94.967
5;2;146;from_main_grid;94.967
5;2;146;from_network;0.0
5;2;147;HP;84.185
5;2;147;EB;0.0
5;2;147;from_grid;96.159
5;2;147;from_main_grid;96.159
5;2;147;from_network;0.0
5;2;148;HP;86.393
5;2;148;EB;0.0
5;2;148;from_grid;98.3
5;2;148;from_main_grid;98.3
5;2;148;from_network;0.0
5;2;149;HP;87.143
5;2;149;EB;0.0
5;2;149;from_grid;96.71
5;2;149;from_main_grid;96.71
5;2;149;from_network;0.0
5;2;150;HP;101.331
5;2;150;EB;0.0
5;2;150;from_grid;113.893
5;2;150;from_main_grid;113.893
5;2;150;from_network;0.0
5;2;151;HP;100.528
5;2;151;EB;0.0
5;2;151;from_grid;142.132
5;2;151;from_main_grid;142.132
5;2;151;from_network;0.0
5;2;152;HP;88.556
5;2;152;EB;0.0
5;2;152;from_grid;130.345
5;2;152;from_main_grid;130.345
5;2;152;from_network;0.0
5;2;153;HP;83.801
5;2;153;EB;0.0
5;2;153;from_grid;126.287
5;2;153;from_main_grid;126.287
5;2;153;from_network;0.0
5;2;154;HP;78.728
5;2;154;EB;0.0
5;2;154;from_grid;133.053
5;2;154;from_main_grid;133.053
5;2;154;from_network;0.0
5;2;155;HP;75.026
5;2;155;EB;0.0
5;2;155;from_grid;108.603
5;2;155;from_main_grid;108.603
5;2;155;from_network;0.0
5;2;156;HP;69.506
5;2;156;EB;0.0
5;2;156;from_grid;103.97
5;2;156;from_main_grid;103.97
5;2;156;from_network;0.0
5;2;157;HP;54.593
5;2;157;EB;0.0
5;2;157;from_grid;110.142
5;2;157;from_main_grid;110.142
5;2;157;from_network;0.0
5;2;158;HP;48.122
5;2;158;EB;0.0
5;2;158;from_grid;89.939
5;2;158;from_main_grid;89.939
5;2;158;from_network;0.0
5;2;159;HP;44.995
5;2;159;EB;0.0
5;2;159;from_grid;78.943
5;2;159;from_main_grid;78.943
5;2;159;from_network;0.0
5;2;160;HP;42.052
5;2;160;EB;0.0
5;2;160;from_grid;93.989
5;2;160;from_main_grid;93.989
5;2;160;from_network;0.0
5;2;161;HP;42.438
5;2;161;EB;0.0
5;2;161;from_grid;99.633
5;2;161;from_main_grid;99.633
5;2;161;from_network;0.0
5;2;162;HP;52.815
5;2;162;EB;0.0
5;2;162;from_grid;111.416
5;2;162;from_main_grid;111.416
5;2;162;from_network;0.0
5;2;163;HP;55.568
5;2;163;EB;0.0
5;2;163;from_grid;116.497
5;2;163;from_main_grid;116.497
5;2;163;from_network;0.0
5;2;164;HP;54.474
5;2;164;EB;0.0
5;2;164;from_grid;116.431
5;2;164;from_main_grid;116.431
5;2;164;from_network;0.0
5;2;165;HP;56.863
5;2;165;EB;0.0
5;2;165;from_grid;115.952
5;2;165;from_main_grid;115.952
5;2;165;from_network;0.0
5;2;166;HP;48.266
5;2;166;EB;0.0
5;2;166;from_grid;120.716
5;2;166;from_main_grid;120.716
5;2;166;from_network;0.0
5;2;167;HP;145.744
5;2;167;EB;0.0
5;2;167;from_grid;203.86
5;2;167;from_main_grid;203.86
5;2;167;from_network;0.0
5;3;0;HP;50.078
5;3;0;EB;0.0
5;3;0;from_grid;57.658
5;3;0;from_main_grid;57.658
5;3;0;from_network;0.0
5;3;1;HP;189.743
5;3;1;EB;0.0
5;3;1;from_grid;200.955
5;3;1;from_main_grid;200.955
5;3;1;from_network;0.0
5;3;2;HP;188.428
5;3;2;EB;0.0
5;3;2;from_grid;199.154
5;3;2;from_main_grid;199.154
5;3;2;from_network;0.0
5;3;3;HP;188.866
5;3;3;EB;0.0
5;3;3;from_grid;199.799
5;3;3;from_main_grid;199.799
5;3;3;from_network;0.0
5;3;4;HP;189.304
5;3;4;EB;0.0
5;3;4;from_grid;200.137
5;3;4;from_main_grid;200.137
5;3;4;from_network;0.0
5;3;5;HP;192.374
5;3;5;EB;0.0
5;3;5;from_grid;202.819
5;3;5;from_main_grid;202.819
5;3;5;from_network;0.0
5;3;6;HP;192.374
5;3;6;EB;0.0
5;3;6;from_grid;207.962
5;3;6;from_main_grid;207.962
5;3;6;from_network;0.0
5;3;7;HP;191.936
5;3;7;EB;0.0
5;3;7;from_grid;236.475
5;3;7;from_main_grid;236.475
5;3;7;from_network;0.0
5;3;8;HP;190.083
5;3;8;EB;0.0
5;3;8;from_grid;253.271
5;3;8;from_main_grid;253.271
5;3;8;from_network;0.0
5;3;9;HP;187.144
5;3;9;EB;0.0
5;3;9;from_grid;231.577
5;3;9;from_main_grid;231.577
5;3;9;from_network;0.0
5;3;10;HP;178.601
5;3;10;EB;0.0
5;3;10;from_grid;223.026
5;3;10;from_main_grid;188.495
5;3;10;from_network;34.531
5;3;11;HP;170.048
5;3;11;EB;0.0
5;3;11;from_grid;203.171
5;3;11;from_main_grid;191.803
5;3;11;from_network;11.369
5;3;12;HP;166.573
5;3;12;EB;0.0
5;3;12;from_grid;201.468
5;3;12;from_main_grid;201.468
5;3;12;from_network;0.0
5;3;13;HP;151.083
5;3;13;EB;0.0
5;3;13;from_grid;185.594
5;3;13;from_main_grid;51.46
5;3;13;from_network;134.134
5;3;14;HP;170.945
5;3;14;EB;0.0
5;3;14;from_grid;208.447
5;3;14;from_main_grid;0.0
5;3;14;from_network;208.447
5;3;15;HP;170.074
5;3;15;EB;0.0
5;3;15;from_grid;201.334
5;3;15;from_main_grid;201.334
5;3;15;from_network;0.0
5;3;16;HP;172.253
5;3;16;EB;0.0
5;3;16;from_grid;225.862
5;3;16;from_main_grid;225.862
5;3;16;from_network;0.0
5;3;17;HP;176.181
5;3;17;EB;0.0
5;3;17;from_grid;239.472
5;3;17;from_main_grid;239.472
5;3;17;from_network;0.0
5;3;18;HP;177.491
5;3;18;EB;0.0
5;3;18;from_grid;236.01
5;3;18;from_main_grid;236.01
5;3;18;from_network;0.0
5;3;19;HP;0.0
5;3;19;EB;0.0
5;3;19;from_grid;72.949
5;3;19;from_main_grid;72.949
5;3;19;from_network;0.0
5;3;20;HP;69.932
5;3;20;EB;0.0
5;3;20;from_grid;134.687
5;3;20;from_main_grid;134.687
5;3;20;from_network;0.0
5;3;21;HP;159.098
5;3;21;EB;0.0
5;3;21;from_grid;234.46
5;3;21;from_main_grid;234.46
5;3;21;from_network;0.0
5;3;22;HP;186.238
5;3;22;EB;0.0
5;3;22;from_grid;252.606
5;3;22;from_main_grid;252.606
5;3;22;from_network;0.0
5;3;23;HP;187.99
5;3;23;EB;0.0
5;3;23;from_grid;244.021
5;3;23;from_main_grid;244.021
5;3;23;from_network;0.0
5;3;24;HP;189.743
5;3;24;EB;0.0
5;3;24;from_grid;197.345
5;3;24;from_main_grid;197.345
5;3;24;from_network;0.0
5;3;25;HP;123.235
5;3;25;EB;0.0
5;3;25;from_grid;138.496
5;3;25;from_main_grid;138.496
5;3;25;from_network;0.0
5;3;26;HP;192.374
5;3;26;EB;0.0
5;3;26;from_grid;204.163
5;3;26;from_main_grid;204.163
5;3;26;from_network;0.0
5;3;27;HP;192.374
5;3;27;EB;0.0
5;3;27;from_grid;202.404
5;3;27;from_main_grid;202.404
5;3;27;from_network;0.0
5;3;28;HP;193.252
5;3;28;EB;0.0
5;3;28;from_grid;204.772
5;3;28;from_main_grid;204.772
5;3;28;from_network;0.0
5;3;29;HP;193.691
5;3;29;EB;0.0
5;3;29;from_grid;206.577
5;3;29;from_main_grid;206.577
5;3;29;from_network;0.0
5;3;30;HP;193.252
5;3;30;EB;0.0
5;3;30;from_grid;205.689
5;3;30;from_main_grid;205.689
5;3;30;from_network;0.0
5;3;31;HP;195.008
5;3;31;EB;0.0
5;3;31;from_grid;235.826
5;3;31;from_main_grid;235.826
5;3;31;from_network;0.0
5;3;32;HP;192.813
5;3;32;EB;0.0
5;3;32;from_grid;245.764
5;3;32;from_main_grid;245.764
5;3;32;from_network;0.0
5;3;33;HP;190.62
5;3;33;EB;0.0
5;3;33;from_grid;239.092
5;3;33;from_main_grid;239.092
5;3;33;from_network;0.0
5;3;34;HP;182.543
5;3;34;EB;0.0
5;3;34;from_grid;225.142
5;3;34;from_main_grid;225.142
5;3;34;from_network;0.0
5;3;35;HP;172.581
5;3;35;EB;0.0
5;3;35;from_grid;203.706
5;3;35;from_main_grid;203.706
5;3;35;from_network;0.0
5;3;36;HP;170.489
5;3;36;EB;0.0
5;3;36;from_grid;211.061
5;3;36;from_main_grid;211.061
5;3;36;from_network;0.0
5;3;37;HP;162.835
5;3;37;EB;0.0
5;3;37;from_grid;201.695
5;3;37;from_main_grid;201.695
5;3;37;from_network;0.0
5;3;38;HP;161.778
5;3;38;EB;0.0
5;3;38;from_grid;212.449
5;3;38;from_main_grid;212.449
5;3;38;from_network;0.0
5;3;39;HP;165.331
5;3;39;EB;0.0
5;3;39;from_grid;214.017
5;3;39;from_main_grid;214.017
5;3;39;from_network;0.0
5;3;40;HP;162.332
5;3;40;EB;0.0
5;3;40;from_grid;226.886
5;3;40;from_main_grid;226.886
5;3;40;from_network;0.0
5;3;41;HP;165.821
5;3;41;EB;0.0
5;3;41;from_grid;232.487
5;3;41;from_main_grid;232.487
5;3;41;from_network;0.0
5;3;42;HP;178.493
5;3;42;EB;0.0
5;3;42;from_grid;245.483
5;3;42;from_main_grid;245.483
5;3;42;from_network;0.0
5;3;43;HP;178.401
5;3;43;EB;0.0
5;3;43;from_grid;246.417
5;3;43;from_main_grid;246.417
5;3;43;from_network;0.0
5;3;44;HP;176.129
5;3;44;EB;0.0
5;3;44;from_grid;248.773
5;3;44;from_main_grid;248.773
5;3;44;from_network;0.0
5;3;45;HP;175.158
5;3;45;EB;0.0
5;3;45;from_grid;231.541
5;3;45;from_main_grid;231.541
5;3;45;from_network;0.0
5;3;46;HP;161.202
5;3;46;EB;0.0
5;3;46;from_grid;223.458
5;3;46;from_main_grid;223.458
5;3;46;from_network;0.0
5;3;47;HP;159.129
5;3;47;EB;0.0
5;3;47;from_grid;188.738
5;3;47;from_main_grid;188.738
5;3;47;from_network;0.0
5;3;48;HP;128.841
5;3;48;EB;0.0
5;3;48;from_grid;136.433
5;3;48;from_main_grid;136.433
5;3;48;from_network;0.0
5;3;49;HP;122.09
5;3;49;EB;0.0
5;3;49;from_grid;131.463
5;3;49;from_main_grid;131.463
5;3;49;from_network;0.0
5;3;50;HP;117.248
5;3;50;EB;0.0
5;3;50;from_grid;128.41
5;3;50;from_main_grid;128.41
5;3;50;from_network;0.0
5;3;51;HP;113.86
5;3;51;EB;0.0
5;3;51;from_grid;125.198
5;3;51;from_main_grid;125.198
5;3;51;from_network;0.0
5;3;52;HP;113.325
5;3;52;EB;0.0
5;3;52;from_grid;125.26
5;3;52;from_main_grid;125.26
5;3;52;from_network;0.0
5;3;53;HP;113.887
5;3;53;EB;0.0
5;3;53;from_grid;124.633
5;3;53;from_main_grid;124.633
5;3;53;from_network;0.0
5;3;54;HP;113.164
5;3;54;EB;0.0
5;3;54;from_grid;128.743
5;3;54;from_main_grid;128.743
5;3;54;from_network;0.0
5;3;55;HP;139.84
5;3;55;EB;0.0
5;3;55;from_grid;176.151
5;3;55;from_main_grid;176.151
5;3;55;from_network;0.0
5;3;56;HP;140.437
5;3;56;EB;0.0
5;3;56;from_grid;201.723
5;3;56;from_main_grid;201.723
5;3;56;from_network;0.0
5;3;57;HP;120.958
5;3;57;EB;0.0
5;3;57;from_grid;157.324
5;3;57;from_main_grid;157.324
5;3;57;from_network;0.0
5;3;58;HP;123.079
5;3;58;EB;0.0
5;3;58;from_grid;163.677
5;3;58;from_main_grid;163.677
5;3;58;from_network;0.0
5;3;59;HP;119.608
5;3;59;EB;0.0
5;3;59;from_grid;157.637
5;3;59;from_main_grid;157.637
5;3;59;from_network;0.0
5;3;60;HP;112.985
5;3;60;EB;0.0
5;3;60;from_grid;146.072
5;3;60;from_main_grid;47.57
5;3;60;from_network;98.502
5;3;61;HP;104.637
5;3;61;EB;0.0
5;3;61;from_grid;148.693
5;3;61;from_main_grid;143.03
5;3;61;from_network;5.662
5;3;62;HP;99.324
5;3;62;EB;0.0
5;3;62;from_grid;134.064
5;3;62;from_main_grid;0.0
5;3;62;from_network;134.064
5;3;63;HP;106.824
5;3;63;EB;0.0
5;3;63;from_grid;143.866
5;3;63;from_main_grid;59.664
5;3;63;from_network;84.202
5;3;64;HP;102.925
5;3;64;EB;0.0
5;3;64;from_grid;159.072
5;3;64;from_main_grid;159.072
5;3;64;from_network;0.0
5;3;65;HP;165.282
5;3;65;EB;0.0
5;3;65;from_grid;218.38
5;3;65;from_main_grid;218.38
5;3;65;from_network;0.0
5;3;66;HP;166.588
5;3;66;EB;0.0
5;3;66;from_grid;230.364
5;3;66;from_main_grid;230.364
5;3;66;from_network;0.0
5;3;67;HP;168.766
5;3;67;EB;0.0
5;3;67;from_grid;227.987
5;3;67;from_main_grid;227.987
5;3;67;from_network;0.0
5;3;68;HP;137.529
5;3;68;EB;0.0
5;3;68;from_grid;198.19
5;3;68;from_main_grid;198.19
5;3;68;from_network;0.0
5;3;69;HP;0.0
5;3;69;EB;0.0
5;3;69;from_grid;79.863
5;3;69;from_main_grid;79.863
5;3;69;from_network;0.0
5;3;70;HP;0.0
5;3;70;EB;0.0
5;3;70;from_grid;56.541
5;3;70;from_main_grid;56.541
5;3;70;from_network;0.0
5;3;71;HP;114.947
5;3;71;EB;0.0
5;3;71;from_grid;159.703
5;3;71;from_main_grid;159.703
5;3;71;from_network;0.0
5;3;72;HP;118.822
5;3;72;EB;0.0
5;3;72;from_grid;128.249
5;3;72;from_main_grid;128.249
5;3;72;from_network;0.0
5;3;73;HP;119.54
5;3;73;EB;0.0
5;3;73;from_grid;135.515
5;3;73;from_main_grid;135.515
5;3;73;from_network;0.0
5;3;74;HP;122.302
5;3;74;EB;0.0
5;3;74;from_grid;132.435
5;3;74;from_main_grid;132.435
5;3;74;from_network;0.0
5;3;75;HP;126.528
5;3;75;EB;0.0
5;3;75;from_grid;141.456
5;3;75;from_main_grid;141.456
5;3;75;from_network;0.0
5;3;76;HP;125.587
5;3;76;EB;0.0
5;3;76;from_grid;137.755
5;3;76;from_main_grid;137.755
5;3;76;from_network;0.0
5;3;77;HP;127.076
5;3;77;EB;0.0
5;3;77;from_grid;140.271
5;3;77;from_main_grid;140.271
5;3;77;from_network;0.0
5;3;78;HP;173.126
5;3;78;EB;0.0
5;3;78;from_grid;189.153
5;3;78;from_main_grid;189.153
5;3;78;from_network;0.0
5;3;79;HP;108.769
5;3;79;EB;0.0
5;3;79;from_grid;131.317
5;3;79;from_main_grid;131.317
5;3;79;from_network;0.0
5;3;80;HP;161.084
5;3;80;EB;0.0
5;3;80;from_grid;185.041
5;3;80;from_main_grid;185.041
5;3;80;from_network;0.0
5;3;81;HP;135.723
5;3;81;EB;0.0
5;3;81;from_grid;173.713
5;3;81;from_main_grid;173.713
5;3;81;from_network;0.0
5;3;82;HP;135.806
5;3;82;EB;0.0
5;3;82;from_grid;190.252
5;3;82;from_main_grid;190.252
5;3;82;from_network;0.0
5;3;83;HP;135.627
5;3;83;EB;0.0
5;3;83;from_grid;181.907
5;3;83;from_main_grid;181.907
5;3;83;from_network;0.0
5;3;84;HP;128.679
5;3;84;EB;0.0
5;3;84;from_grid;178.817
5;3;84;from_main_grid;178.817
5;3;84;from_network;0.0
5;3;85;HP;172.253
5;3;85;EB;0.0
5;3;85;from_grid;218.483
5;3;85;from_main_grid;0.0
5;3;85;from_network;218.483
5;3;86;HP;75.419
5;3;86;EB;0.0
5;3;86;from_grid;116.868
5;3;86;from_main_grid;116.868
5;3;86;from_network;0.0
5;3;87;HP;175.308
5;3;87;EB;0.0
5;3;87;from_grid;211.253
5;3;87;from_main_grid;211.253
5;3;87;from_network;0.0
5;3;88;HP;177.491
5;3;88;EB;0.0
5;3;88;from_grid;219.645
5;3;88;from_main_grid;219.645
5;3;88;from_network;0.0
5;3;89;HP;177.928
5;3;89;EB;0.0
5;3;89;from_grid;238.828
5;3;89;from_main_grid;238.828
5;3;89;from_network;0.0
5;3;90;HP;180.112
5;3;90;EB;0.0
5;3;90;from_grid;232.442
5;3;90;from_main_grid;232.442
5;3;90;from_network;0.0
5;3;91;HP;175.592
5;3;91;EB;0.0
5;3;91;from_grid;241.166
5;3;91;from_main_grid;241.166
5;3;91;from_network;0.0
5;3;92;HP;0.0
5;3;92;EB;0.0
5;3;92;from_grid;63.903
5;3;92;from_main_grid;63.903
5;3;92;from_network;0.0
5;3;93;HP;186.676
5;3;93;EB;0.0
5;3;93;from_grid;247.778
5;3;93;from_main_grid;247.778
5;3;93;from_network;0.0
5;3;94;HP;188.428
5;3;94;EB;0.0
5;3;94;from_grid;241.762
5;3;94;from_main_grid;241.762
5;3;94;from_network;0.0
5;3;95;HP;188.866
5;3;95;EB;0.0
5;3;95;from_grid;231.752
5;3;95;from_main_grid;231.752
5;3;95;from_network;0.0
5;3;96;HP;189.743
5;3;96;EB;0.0
5;3;96;from_grid;199.349
5;3;96;from_main_grid;199.349
5;3;96;from_network;0.0
5;3;97;HP;191.497
5;3;97;EB;0.0
5;3;97;from_grid;207.208
5;3;97;from_main_grid;207.208
5;3;97;from_network;0.0
5;3;98;HP;191.936
5;3;98;EB;0.0
5;3;98;from_grid;203.435
5;3;98;from_main_grid;203.435
5;3;98;from_network;0.0
5;3;99;HP;193.252
5;3;99;EB;0.0
5;3;99;from_grid;205.908
5;3;99;from_main_grid;205.908
5;3;99;from_network;0.0
5;3;100;HP;191.497
5;3;100;EB;0.0
5;3;100;from_grid;203.347
5;3;100;from_main_grid;203.347
5;3;100;from_network;0.0
5;3;101;HP;188.866
5;3;101;EB;0.0
5;3;101;from_grid;199.112
5;3;101;from_main_grid;199.112
5;3;101;from_network;0.0
5;3;102;HP;187.114
5;3;102;EB;0.0
5;3;102;from_grid;197.95
5;3;102;from_main_grid;197.95
5;3;102;from_network;0.0
5;3;103;HP;186.238
5;3;103;EB;0.0
5;3;103;from_grid;217.062
5;3;103;from_main_grid;217.062
5;3;103;from_network;0.0
5;3;104;HP;183.174
5;3;104;EB;0.0
5;3;104;from_grid;231.962
5;3;104;from_main_grid;231.962
5;3;104;from_network;0.0
5;3;105;HP;181.861
5;3;105;EB;0.0
5;3;105;from_grid;236.617
5;3;105;from_main_grid;236.617
5;3;105;from_network;0.0
5;3;106;HP;186.238
5;3;106;EB;0.0
5;3;106;from_grid;251.364
5;3;106;from_main_grid;251.364
5;3;106;from_network;0.0
5;3;107;HP;187.114
5;3;107;EB;0.0
5;3;107;from_grid;240.419
5;3;107;from_main_grid;240.419
5;3;107;from_network;0.0
5;3;108;HP;188.866
5;3;108;EB;0.0
5;3;108;from_grid;243.9
5;3;108;from_main_grid;243.9
5;3;108;from_network;0.0
5;3;109;HP;182.913
5;3;109;EB;0.0
5;3;109;from_grid;232.007
5;3;109;from_main_grid;232.007
5;3;109;from_network;0.0
5;3;110;HP;180.578
5;3;110;EB;0.0
5;3;110;from_grid;231.22
5;3;110;from_main_grid;231.22
5;3;110;from_network;0.0
5;3;111;HP;177.124
5;3;111;EB;0.0
5;3;111;from_grid;230.032
5;3;111;from_main_grid;230.032
5;3;111;from_network;0.0
5;3;112;HP;170.935
5;3;112;EB;0.0
5;3;112;from_grid;238.85
5;3;112;from_main_grid;238.85
5;3;112;from_network;0.0
5;3;113;HP;169.983
5;3;113;EB;0.0
5;3;113;from_grid;236.158
5;3;113;from_main_grid;236.158
5;3;113;from_network;0.0
5;3;114;HP;183.611
5;3;114;EB;0.0
5;3;114;from_grid;258.329
5;3;114;from_main_grid;258.329
5;3;114;from_network;0.0
5;3;115;HP;183.174
5;3;115;EB;0.0
5;3;115;from_grid;255.454
5;3;115;from_main_grid;255.454
5;3;115;from_network;0.0
5;3;116;HP;181.861
5;3;116;EB;0.0
5;3;116;from_grid;238.289
5;3;116;from_main_grid;238.289
5;3;116;from_network;0.0
5;3;117;HP;181.861
5;3;117;EB;0.0
5;3;117;from_grid;254.248
5;3;117;from_main_grid;254.248
5;3;117;from_network;0.0
5;3;118;HP;181.424
5;3;118;EB;0.0
5;3;118;from_grid;236.456
5;3;118;from_main_grid;236.456
5;3;118;from_network;0.0
5;3;119;HP;182.299
5;3;119;EB;0.0
5;3;119;from_grid;221.117
5;3;119;from_main_grid;221.117
5;3;119;from_network;0.0
5;3;120;HP;182.299
5;3;120;EB;0.0
5;3;120;from_grid;190.096
5;3;120;from_main_grid;190.096
5;3;120;from_network;0.0
5;3;121;HP;183.174
5;3;121;EB;0.0
5;3;121;from_grid;198.605
5;3;121;from_main_grid;198.605
5;3;121;from_network;0.0
5;3;122;HP;185.8
5;3;122;EB;0.0
5;3;122;from_grid;197.935
5;3;122;from_main_grid;197.935
5;3;122;from_network;0.0
5;3;123;HP;188.866
5;3;123;EB;0.0
5;3;123;from_grid;199.767
5;3;123;from_main_grid;199.767
5;3;123;from_network;0.0
5;3;124;HP;192.374
5;3;124;EB;0.0
5;3;124;from_grid;202.596
5;3;124;from_main_grid;202.596
5;3;124;from_network;0.0
5;3;125;HP;195.008
5;3;125;EB;0.0
5;3;125;from_grid;204.916
5;3;125;from_main_grid;204.916
5;3;125;from_network;0.0
5;3;126;HP;194.569
5;3;126;EB;0.0
5;3;126;from_grid;213.928
5;3;126;from_main_grid;213.928
5;3;126;from_network;0.0
5;3;127;HP;195.008
5;3;127;EB;0.0
5;3;127;from_grid;246.001
5;3;127;from_main_grid;246.001
5;3;127;from_network;0.0
5;3;128;HP;193.691
5;3;128;EB;0.0
5;3;128;from_grid;243.001
5;3;128;from_main_grid;243.001
5;3;128;from_network;0.0
5;3;129;HP;191.497
5;3;129;EB;0.0
5;3;129;from_grid;245.673
5;3;129;from_main_grid;245.673
5;3;129;from_network;0.0
5;3;130;HP;187.114
5;3;130;EB;0.0
5;3;130;from_grid;239.456
5;3;130;from_main_grid;239.456
5;3;130;from_network;0.0
5;3;131;HP;186.238
5;3;131;EB;0.0
5;3;131;from_grid;238.399
5;3;131;from_main_grid;238.399
5;3;131;from_network;0.0
5;3;132;HP;185.362
5;3;132;EB;0.0
5;3;132;from_grid;224.933
5;3;132;from_main_grid;224.933
5;3;132;from_network;0.0
5;3;133;HP;183.174
5;3;133;EB;0.0
5;3;133;from_grid;216.548
5;3;133;from_main_grid;211.647
5;3;133;from_network;4.901
5;3;134;HP;183.611
5;3;134;EB;0.0
5;3;134;from_grid;236.658
5;3;134;from_main_grid;236.658
5;3;134;from_network;0.0
5;3;135;HP;184.486
5;3;135;EB;0.0
5;3;135;from_grid;230.102
5;3;135;from_main_grid;230.102
5;3;135;from_network;0.0
5;3;136;HP;183.611
5;3;136;EB;0.0
5;3;136;from_grid;241.857
5;3;136;from_main_grid;241.857
5;3;136;from_network;0.0
5;3;137;HP;186.238
5;3;137;EB;0.0
5;3;137;from_grid;253.279
5;3;137;from_main_grid;253.279
5;3;137;from_network;0.0
5;3;138;HP;187.114
5;3;138;EB;0.0
5;3;138;from_grid;258.523
5;3;138;from_main_grid;258.523
5;3;138;from_network;0.0
5;3;139;HP;188.428
5;3;139;EB;0.0
5;3;139;from_grid;272.955
5;3;139;from_main_grid;272.955
5;3;139;from_network;0.0
5;3;140;HP;190.62
5;3;140;EB;0.0
5;3;140;from_grid;255.636
5;3;140;from_main_grid;255.636
5;3;140;from_network;0.0
5;3;141;HP;191.936
5;3;141;EB;0.0
5;3;141;from_grid;264.284
5;3;141;from_main_grid;264.284
5;3;141;from_network;0.0
5;3;142;HP;193.252
5;3;142;EB;0.0
5;3;142;from_grid;264.5
5;3;142;from_main_grid;264.5
5;3;142;from_network;0.0
5;3;143;HP;194.13
5;3;143;EB;0.0
5;3;143;from_grid;240.042
5;3;143;from_main_grid;240.042
5;3;143;from_network;0.0
5;3;144;HP;191.497
5;3;144;EB;0.0
5;3;144;from_grid;199.067
5;3;144;from_main_grid;199.067
5;3;144;from_network;0.0
5;3;145;HP;193.691
5;3;145;EB;0.0
5;3;145;from_grid;205.214
5;3;145;from_main_grid;205.214
5;3;145;from_network;0.0
5;3;146;HP;192.813
5;3;146;EB;0.0
5;3;146;from_grid;203.029
5;3;146;from_main_grid;203.029
5;3;146;from_network;0.0
5;3;147;HP;195.008
5;3;147;EB;0.0
5;3;147;from_grid;206.088
5;3;147;from_main_grid;206.088
5;3;147;from_network;0.0
5;3;148;HP;194.13
5;3;148;EB;0.0
5;3;148;from_grid;204.498
5;3;148;from_main_grid;204.498
5;3;148;from_network;0.0
5;3;149;HP;194.569
5;3;149;EB;0.0
5;3;149;from_grid;207.564
5;3;149;from_main_grid;207.564
5;3;149;from_network;0.0
5;3;150;HP;193.252
5;3;150;EB;0.0
5;3;150;from_grid;212.618
5;3;150;from_main_grid;212.618
5;3;150;from_network;0.0
5;3;151;HP;191.497
5;3;151;EB;0.0
5;3;151;from_grid;227.915
5;3;151;from_main_grid;227.915
5;3;151;from_network;0.0
5;3;152;HP;189.743
5;3;152;EB;0.0
5;3;152;from_grid;247.004
5;3;152;from_main_grid;247.004
5;3;152;from_network;0.0
5;3;153;HP;179.981
5;3;153;EB;0.0
5;3;153;from_grid;217.585
5;3;153;from_main_grid;217.585
5;3;153;from_network;0.0
5;3;154;HP;168.636
5;3;154;EB;0.0
5;3;154;from_grid;205.311
5;3;154;from_main_grid;205.311
5;3;154;from_network;0.0
5;3;155;HP;154.625
5;3;155;EB;0.0
5;3;155;from_grid;192.626
5;3;155;from_main_grid;192.626
5;3;155;from_network;0.0
5;3;156;HP;154.628
5;3;156;EB;0.0
5;3;156;from_grid;190.236
5;3;156;from_main_grid;190.236
5;3;156;from_network;0.0
5;3;157;HP;172.253
5;3;157;EB;0.0
5;3;157;from_grid;216.848
5;3;157;from_main_grid;216.848
5;3;157;from_network;0.0
5;3;158;HP;110.061
5;3;158;EB;0.0
5;3;158;from_grid;156.738
5;3;158;from_main_grid;156.738
5;3;158;from_network;0.0
5;3;159;HP;139.744
5;3;159;EB;0.0
5;3;159;from_grid;189.337
5;3;159;from_main_grid;189.337
5;3;159;from_network;0.0
5;3;160;HP;135.826
5;3;160;EB;0.0
5;3;160;from_grid;186.125
5;3;160;from_main_grid;186.125
5;3;160;from_network;0.0
5;3;161;HP;133.522
5;3;161;EB;0.0
5;3;161;from_grid;206.521
5;3;161;from_main_grid;206.521
5;3;161;from_network;0.0
5;3;162;HP;141.6
5;3;162;EB;0.0
5;3;162;from_grid;206.664
5;3;162;from_main_grid;206.664
5;3;162;from_network;0.0
5;3;163;HP;144.308
5;3;163;EB;0.0
5;3;163;from_grid;222.013
5;3;163;from_main_grid;222.013
5;3;163;from_network;0.0
5;3;164;HP;138.914
5;3;164;EB;0.0
5;3;164;from_grid;195.623
5;3;164;from_main_grid;195.623
5;3;164;from_network;0.0
5;3;165;HP;170.945
5;3;165;EB;0.0
5;3;165;from_grid;238.413
5;3;165;from_main_grid;238.413
5;3;165;from_network;0.0
5;3;166;HP;171.381
5;3;166;EB;0.0
5;3;166;from_grid;237.953
5;3;166;from_main_grid;237.953
5;3;166;from_network;0.0
5;3;167;HP;173.126
5;3;167;EB;0.0
5;3;167;from_grid;225.953
5;3;167;from_main_grid;225.953
5;3;167;from_network;0.0
10;0;0;HP;176.617
10;0;0;EB;0.0
10;0;0;from_grid;184.134
10;0;0;from_main_grid;184.134
10;0;0;from_network;0.0
10;0;1;HP;178.364
10;0;1;EB;0.0
10;0;1;from_grid;189.743
10;0;1;from_main_grid;189.743
10;0;1;from_network;0.0
10;0;2;HP;0.0
10;0;2;EB;0.0
10;0;2;from_grid;9.868
10;0;2;from_main_grid;9.868
10;0;2;from_network;0.0
10;0;3;HP;0.0
10;0;3;EB;0.0
10;0;3;from_grid;11.078
10;0;3;from_main_grid;11.078
10;0;3;from_network;0.0
10;0;4;HP;140.132
10;0;4;EB;0.0
10;0;4;from_grid;150.069
10;0;4;from_main_grid;150.069
10;0;4;from_network;0.0
10;0;5;HP;140.672
10;0;5;EB;0.0
10;0;5;from_grid;152.257
10;0;5;from_main_grid;152.257
10;0;5;from_network;0.0
10;0;6;HP;153.793
10;0;6;EB;0.0
10;0;6;from_grid;167.895
10;0;6;from_main_grid;167.895
10;0;6;from_network;0.0
10;0;7;HP;149.948
10;0;7;EB;0.0
10;0;7;from_grid;190.152
10;0;7;from_main_grid;190.152
10;0;7;from_network;0.0
10;0;8;HP;123.506
10;0;8;EB;0.0
10;0;8;from_grid;171.045
10;0;8;from_main_grid;171.045
10;0;8;from_network;0.0
10;0;9;HP;107.161
10;0;9;EB;0.0
10;0;9;from_grid;161.356
10;0;9;from_main_grid;161.356
10;0;9;from_network;0.0
10;0;10;HP;92.15
10;0;10;EB;0.0
10;0;10;from_grid;135.112
10;0;10;from_main_grid;135.112
10;0;10;from_network;0.0
10;0;11;HP;81.463
10;0;11;EB;0.0
10;0;11;from_grid;126.647
10;0;11;from_main_grid;0.0
10;0;11;from_network;126.647
10;0;12;HP;80.483
10;0;12;EB;0.0
10;0;12;from_grid;121.249
10;0;12;from_main_grid;121.249
10;0;12;from_network;0.0
10;0;13;HP;68.939
10;0;13;EB;0.0
10;0;13;from_grid;110.153
10;0;13;from_main_grid;110.153
10;0;13;from_network;0.0
10;0;14;HP;148.344
10;0;14;EB;0.0
10;0;14;from_grid;199.471
10;0;14;from_main_grid;199.471
10;0;14;from_network;0.0
10;0;15;HP;121.167
10;0;15;EB;0.0
10;0;15;from_grid;165.964
10;0;15;from_main_grid;165.964
10;0;15;from_network;0.0
10;0;16;HP;153.982
10;0;16;EB;0.0
10;0;16;from_grid;190.93
10;0;16;from_main_grid;128.192
10;0;16;from_network;62.738
10;0;17;HP;0.0
10;0;17;EB;0.0
10;0;17;from_grid;56.5
10;0;17;from_main_grid;56.5
10;0;17;from_network;0.0
10;0;18;HP;148.741
10;0;18;EB;0.0
10;0;18;from_grid;209.971
10;0;18;from_main_grid;209.971
10;0;18;from_network;0.0
10;0;19;HP;7.91
10;0;19;EB;0.0
10;0;19;from_grid;73.76
10;0;19;from_main_grid;73.76
10;0;19;from_network;0.0
10;0;20;HP;160.497
10;0;20;EB;0.0
10;0;20;from_grid;234.723
10;0;20;from_main_grid;234.723
10;0;20;from_network;0.0
10;0;21;HP;92.503
10;0;21;EB;0.0
10;0;21;from_grid;160.054
10;0;21;from_main_grid;160.054
10;0;21;from_network;0.0
10;0;22;HP;59.702
10;0;22;EB;0.0
10;0;22;from_grid;118.146
10;0;22;from_main_grid;118.146
10;0;22;from_network;0.0
10;0;23;HP;0.0
10;0;23;EB;0.0
10;0;23;from_grid;36.401
10;0;23;from_main_grid;36.401
10;0;23;from_network;0.0
10;0;24;HP;0.0
10;0;24;EB;0.0
10;0;24;from_grid;10.609
10;0;24;from_main_grid;10.609
10;0;24;from_network;0.0
10;0;25;HP;121.477
10;0;25;EB;0.0
10;0;25;from_grid;138.191
10;0;25;from_main_grid;138.191
10;0;25;from_network;0.0
10;0;26;HP;127.93
10;0;26;EB;0.0
10;0;26;from_grid;138.594
10;0;26;from_main_grid;138.594
10;0;26;from_network;0.0
10;0;27;HP;133.225
10;0;27;EB;0.0
10;0;27;from_grid;146.618
10;0;27;from_main_grid;146.618
10;0;27;from_network;0.0
10;0;28;HP;136.211
10;0;28;EB;0.0
10;0;28;from_grid;148.198
10;0;28;from_main_grid;148.198
10;0;28;from_network;0.0
10;0;29;HP;183.611
10;0;29;EB;0.0
10;0;29;from_grid;196.147
10;0;29;from_main_grid;196.147
10;0;29;from_network;0.0
10;0;30;HP;120.251
10;0;30;EB;0.0
10;0;30;from_grid;135.164
10;0;30;from_main_grid;135.164
10;0;30;from_network;0.0
10;0;31;HP;165.25
10;0;31;EB;0.0
10;0;31;from_grid;204.331
10;0;31;from_main_grid;204.331
10;0;31;from_network;0.0
10;0;32;HP;149.342
10;0;32;EB;0.0
10;0;32;from_grid;201.489
10;0;32;from_main_grid;201.489
10;0;32;from_network;0.0
10;0;33;HP;145.7
10;0;33;EB;0.0
10;0;33;from_grid;187.341
10;0;33;from_main_grid;187.341
10;0;33;from_network;0.0
10;0;34;HP;137.814
10;0;34;EB;0.0
10;0;34;from_grid;178.84
10;0;34;from_main_grid;178.84
10;0;34;from_network;0.0
10;0;35;HP;131.184
10;0;35;EB;0.0
10;0;35;from_grid;174.003
10;0;35;from_main_grid;174.003
10;0;35;from_network;0.0
10;0;36;HP;128.137
10;0;36;EB;0.0
10;0;36;from_grid;164.487
10;0;36;from_main_grid;164.487
10;0;36;from_network;0.0
10;0;37;HP;180.112
10;0;37;EB;0.0
10;0;37;from_grid;216.37
10;0;37;from_main_grid;0.0
10;0;37;from_network;216.37
10;0;38;HP;178.801
10;0;38;EB;0.0
10;0;38;from_grid;219.592
10;0;38;from_main_grid;0.0
10;0;38;from_network;219.592
10;0;39;HP;9.713
10;0;39;EB;0.0
10;0;39;from_grid;49.337
10;0;39;from_main_grid;0.0
10;0;39;from_network;49.337
10;0;40;HP;110.563
10;0;40;EB;0.0
10;0;40;from_grid;159.881
10;0;40;from_main_grid;159.881
10;0;40;from_network;0.0
10;0;41;HP;108.506
10;0;41;EB;0.0
10;0;41;from_grid;177.869
10;0;41;from_main_grid;177.869
10;0;41;from_network;0.0
10;0;42;HP;117.708
10;0;42;EB;0.0
10;0;42;from_grid;186.342
10;0;42;from_main_grid;186.342
10;0;42;from_network;0.0
10;0;43;HP;120.883
10;0;43;EB;0.0
10;0;43;from_grid;183.323
10;0;43;from_main_grid;183.323
10;0;43;from_network;0.0
10;0;44;HP;123.555
10;0;44;EB;0.0
10;0;44;from_grid;193.12
10;0;44;from_main_grid;193.12
10;0;44;from_network;0.0
10;0;45;HP;126.073
10;0;45;EB;0.0
10;0;45;from_grid;191.044
10;0;45;from_main_grid;191.044
10;0;45;from_network;0.0
10;0;46;HP;115.703
10;0;46;EB;0.0
10;0;46;from_grid;173.455
10;0;46;from_main_grid;173.455
10;0;46;from_network;0.0
10;0;47;HP;119.177
10;0;47;EB;0.0
10;0;47;from_grid;162.904
10;0;47;from_main_grid;162.904
10;0;47;from_network;0.0
10;0;48;HP;102.505
10;0;48;EB;0.0
10;0;48;from_grid;109.973
10;0;48;from_main_grid;109.973
10;0;48;from_network;0.0
10;0;49;HP;101.181
10;0;49;EB;0.0
10;0;49;from_grid;117.476
10;0;49;from_main_grid;117.476
10;0;49;from_network;0.0
10;0;50;HP;102.866
10;0;50;EB;0.0
10;0;50;from_grid;113.73
10;0;50;from_main_grid;113.73
10;0;50;from_network;0.0
10;0;51;HP;106.036
10;0;51;EB;0.0
10;0;51;from_grid;117.16
10;0;51;from_main_grid;117.16
10;0;51;from_network;0.0
10;0;52;HP;106.71
10;0;52;EB;0.0
10;0;52;from_grid;117.025
10;0;52;from_main_grid;117.025
10;0;52;from_network;0.0
10;0;53;HP;108.937
10;0;53;EB;0.0
10;0;53;from_grid;119.281
10;0;53;from_main_grid;119.281
10;0;53;from_network;0.0
10;0;54;HP;108.275
10;0;54;EB;0.0
10;0;54;from_grid;123.72
10;0;54;from_main_grid;123.72
10;0;54;from_network;0.0
10;0;55;HP;132.999
10;0;55;EB;0.0
10;0;55;from_grid;170.392
10;0;55;from_main_grid;170.392
10;0;55;from_network;0.0
10;0;56;HP;135.686
10;0;56;EB;0.0
10;0;56;from_grid;192.667
10;0;56;from_main_grid;192.667
10;0;56;from_network;0.0
10;0;57;HP;107.602
10;0;57;EB;0.0
10;0;57;from_grid;148.409
10;0;57;from_main_grid;40.385
10;0;57;from_network;108.024
10;0;58;HP;99.732
10;0;58;EB;0.0
10;0;58;from_grid;133.958
10;0;58;from_main_grid;133.958
10;0;58;from_network;0.0
10;0;59;HP;86.372
10;0;59;EB;0.0
10;0;59;from_grid;128.151
10;0;59;from_main_grid;25.024
10;0;59;from_network;103.127
10;0;60;HP;76.349
10;0;60;EB;0.0
10;0;60;from_grid;110.546
10;0;60;from_main_grid;0.0
10;0;60;from_network;110.546
10;0;61;HP;70.366
10;0;61;EB;0.0
10;0;61;from_grid;103.404
10;0;61;from_main_grid;68.898
10;0;61;from_network;34.505
10;0;62;HP;68.239
10;0;62;EB;0.0
10;0;62;from_grid;99.712
10;0;62;from_main_grid;41.986
10;0;62;from_network;57.726
10;0;63;HP;68.202
10;0;63;EB;0.0
10;0;63;from_grid;103.067
10;0;63;from_main_grid;63.828
10;0;63;from_network;39.239
10;0;64;HP;60.018
10;0;64;EB;0.0
10;0;64;from_grid;103.592
10;0;64;from_main_grid;34.096
10;0;64;from_network;69.496
10;0;65;HP;45.908
10;0;65;EB;0.0
10;0;65;from_grid;99.64
10;0;65;from_main_grid;99.64
10;0;65;from_network;0.0
10;0;66;HP;44.246
10;0;66;EB;0.0
10;0;66;from_grid;115.55
10;0;66;from_main_grid;115.55
10;0;66;from_network;0.0
10;0;67;HP;151.812
10;0;67;EB;0.0
10;0;67;from_grid;220.192
10;0;67;from_main_grid;220.192
10;0;67;from_network;0.0
10;0;68;HP;13.528
10;0;68;EB;0.0
10;0;68;from_grid;72.028
10;0;68;from_main_grid;72.028
10;0;68;from_network;0.0
10;0;69;HP;0.0
10;0;69;EB;0.0
10;0;69;from_grid;58.384
10;0;69;from_main_grid;58.384
10;0;69;from_network;0.0
10;0;70;HP;64.044
10;0;70;EB;0.0
10;0;70;from_grid;118.755
10;0;70;from_main_grid;118.755
10;0;70;from_network;0.0
10;0;71;HP;59.598
10;0;71;EB;0.0
10;0;71;from_grid;104.202
10;0;71;from_main_grid;104.202
10;0;71;from_network;0.0
10;0;72;HP;134.196
10;0;72;EB;0.0
10;0;72;from_grid;143.661
10;0;72;from_main_grid;143.661
10;0;72;from_network;0.0
10;0;73;HP;0.0
10;0;73;EB;0.0
10;0;73;from_grid;17.397
10;0;73;from_main_grid;17.397
10;0;73;from_network;0.0
10;0;74;HP;72.729
10;0;74;EB;0.0
10;0;74;from_grid;82.816
10;0;74;from_main_grid;82.816
10;0;74;from_network;0.0
10;0;75;HP;73.775
10;0;75;EB;0.0
10;0;75;from_grid;86.932
10;0;75;from_main_grid;86.932
10;0;75;from_network;0.0
10;0;76;HP;73.06
10;0;76;EB;0.0
10;0;76;from_grid;82.73
10;0;76;from_main_grid;82.73
10;0;76;from_network;0.0
10;0;77;HP;74.07
10;0;77;EB;0.0
10;0;77;from_grid;85.068
10;0;77;from_main_grid;85.068
10;0;77;from_network;0.0
10;0;78;HP;74.462
10;0;78;EB;0.0
10;0;78;from_grid;88.149
10;0;78;from_main_grid;88.149
10;0;78;from_network;0.0
10;0;79;HP;98.775
10;0;79;EB;0.0
10;0;79;from_grid;118.043
10;0;79;from_main_grid;118.043
10;0;79;from_network;0.0
10;0;80;HP;97.31
10;0;80;EB;0.0
10;0;80;from_grid;128.829
10;0;80;from_main_grid;128.829
10;0;80;from_network;0.0
10;0;81;HP;72.788
10;0;81;EB;0.0
10;0;81;from_grid;113.687
10;0;81;from_main_grid;113.687
10;0;81;from_network;0.0
10;0;82;HP;68.884
10;0;82;EB;0.0
10;0;82;from_grid;108.931
10;0;82;from_main_grid;108.931
10;0;82;from_network;0.0
10;0;83;HP;64.699
10;0;83;EB;0.0
10;0;83;from_grid;95.717
10;0;83;from_main_grid;68.502
10;0;83;from_network;27.214
10;0;84;HP;59.806
10;0;84;EB;0.0
10;0;84;from_grid;104.998
10;0;84;from_main_grid;104.998
10;0;84;from_network;0.0
10;0;85;HP;56.041
10;0;85;EB;0.0
10;0;85;from_grid;102.421
10;0;85;from_main_grid;102.421
10;0;85;from_network;0.0
10;0;86;HP;54.233
10;0;86;EB;0.0
10;0;86;from_grid;98.562
10;0;86;from_main_grid;98.562
10;0;86;from_network;0.0
10;0;87;HP;95.426
10;0;87;EB;0.0
10;0;87;from_grid;133.759
10;0;87;from_main_grid;133.759
10;0;87;from_network;0.0
10;0;88;HP;149.211
10;0;88;EB;0.0
10;0;88;from_grid;184.643
10;0;88;from_main_grid;184.643
10;0;88;from_network;0.0
10;0;89;HP;150.945
10;0;89;EB;0.0
10;0;89;from_grid;203.063
10;0;89;from_main_grid;170.965
10;0;89;from_network;32.097
10;0;90;HP;0.0
10;0;90;EB;0.0
10;0;90;from_grid;44.815
10;0;90;from_main_grid;44.815
10;0;90;from_network;0.0
10;0;91;HP;132.73
10;0;91;EB;0.0
10;0;91;from_grid;190.28
10;0;91;from_main_grid;190.28
10;0;91;from_network;0.0
10;0;92;HP;0.0
10;0;92;EB;0.0
10;0;92;from_grid;58.98
10;0;92;from_main_grid;58.98
10;0;92;from_network;0.0
10;0;93;HP;165.718
10;0;93;EB;0.0
10;0;93;from_grid;223.679
10;0;93;from_main_grid;223.679
10;0;93;from_network;0.0
10;0;94;HP;0.0
10;0;94;EB;0.0
10;0;94;from_grid;50.693
10;0;94;from_main_grid;50.693
10;0;94;from_network;0.0
10;0;95;HP;170.509
10;0;95;EB;0.0
10;0;95;from_grid;213.367
10;0;95;from_main_grid;213.367
10;0;95;from_network;0.0
10;0;96;HP;136.676
10;0;96;EB;0.0
10;0;96;from_grid;145.582
10;0;96;from_main_grid;145.582
10;0;96;from_network;0.0
10;0;97;HP;132.981
10;0;97;EB;0.0
10;0;97;from_grid;145.663
10;0;97;from_main_grid;145.663
10;0;97;from_network;0.0
10;0;98;HP;140.643
10;0;98;EB;0.0
10;0;98;from_grid;150.84
10;0;98;from_main_grid;150.84
10;0;98;from_network;0.0
10;0;99;HP;0.0
10;0;99;EB;0.0
10;0;99;from_grid;12.277
10;0;99;from_main_grid;12.277
10;0;99;from_network;0.0
10;0;100;HP;22.089
10;0;100;EB;0.0
10;0;100;from_grid;32.469
10;0;100;from_main_grid;32.469
10;0;100;from_network;0.0
10;0;101;HP;153.151
10;0;101;EB;0.0
10;0;101;from_grid;163.631
10;0;101;from_main_grid;163.631
10;0;101;from_network;0.0
10;0;102;HP;166.656
10;0;102;EB;0.0
10;0;102;from_grid;181.578
10;0;102;from_main_grid;181.578
10;0;102;from_network;0.0
10;0;103;HP;168.558
10;0;103;EB;0.0
10;0;103;from_grid;200.521
10;0;103;from_main_grid;200.521
10;0;103;from_network;0.0
10;0;104;HP;151.513
10;0;104;EB;0.0
10;0;104;from_grid;195.691
10;0;104;from_main_grid;195.691
10;0;104;from_network;0.0
10;0;105;HP;147.008
10;0;105;EB;0.0
10;0;105;from_grid;201.352
10;0;105;from_main_grid;156.192
10;0;105;from_network;45.16
10;0;106;HP;137.076
10;0;106;EB;0.0
10;0;106;from_grid;173.719
10;0;106;from_main_grid;173.719
10;0;106;from_network;0.0
10;0;107;HP;126.76
10;0;107;EB;0.0
10;0;107;from_grid;182.034
10;0;107;from_main_grid;182.034
10;0;107;from_network;0.0
10;0;108;HP;129.761
10;0;108;EB;0.0
10;0;108;from_grid;174.072
10;0;108;from_main_grid;174.072
10;0;108;from_network;0.0
10;0;109;HP;120.353
10;0;109;EB;0.0
10;0;109;from_grid;171.9
10;0;109;from_main_grid;171.9
10;0;109;from_network;0.0
10;0;110;HP;114.263
10;0;110;EB;0.0
10;0;110;from_grid;165.317
10;0;110;from_main_grid;165.317
10;0;110;from_network;0.0
10;0;111;HP;112.053
10;0;111;EB;0.0
10;0;111;from_grid;149.369
10;0;111;from_main_grid;149.369
10;0;111;from_network;0.0
10;0;112;HP;103.976
10;0;112;EB;0.0
10;0;112;from_grid;160.785
10;0;112;from_main_grid;160.785
10;0;112;from_network;0.0
10;0;113;HP;97.758
10;0;113;EB;0.0
10;0;113;from_grid;153.427
10;0;113;from_main_grid;153.427
10;0;113;from_network;0.0
10;0;114;HP;171.817
10;0;114;EB;0.0
10;0;114;from_grid;229.671
10;0;114;from_main_grid;229.671
10;0;114;from_network;0.0
10;0;115;HP;172.253
10;0;115;EB;0.0
10;0;115;from_grid;245.408
10;0;115;from_main_grid;245.408
10;0;115;from_network;0.0
10;0;116;HP;172.69
10;0;116;EB;0.0
10;0;116;from_grid;242.724
10;0;116;from_main_grid;242.724
10;0;116;from_network;0.0
10;0;117;HP;173.998
10;0;117;EB;0.0
10;0;117;from_grid;234.074
10;0;117;from_main_grid;234.074
10;0;117;from_network;0.0
10;0;118;HP;135.76
10;0;118;EB;0.0
10;0;118;from_grid;190.079
10;0;118;from_main_grid;190.079
10;0;118;from_network;0.0
10;0;119;HP;126.918
10;0;119;EB;0.0
10;0;119;from_grid;176.029
10;0;119;from_main_grid;176.029
10;0;119;from_network;0.0
10;0;120;HP;0.0
10;0;120;EB;0.0
10;0;120;from_grid;7.503
10;0;120;from_main_grid;7.503
10;0;120;from_network;0.0
10;0;121;HP;6.968
10;0;121;EB;0.0
10;0;121;from_grid;21.78
10;0;121;from_main_grid;21.78
10;0;121;from_network;0.0
10;0;122;HP;152.027
10;0;122;EB;0.0
10;0;122;from_grid;161.142
10;0;122;from_main_grid;161.142
10;0;122;from_network;0.0
10;0;123;HP;151.447
10;0;123;EB;0.0
10;0;123;from_grid;162.323
10;0;123;from_main_grid;162.323
10;0;123;from_network;0.0
10;0;124;HP;151.472
10;0;124;EB;0.0
10;0;124;from_grid;161.814
10;0;124;from_main_grid;161.814
10;0;124;from_network;0.0
10;0;125;HP;156.599
10;0;125;EB;0.0
10;0;125;from_grid;170.541
10;0;125;from_main_grid;170.541
10;0;125;from_network;0.0
10;0;126;HP;173.757
10;0;126;EB;0.0
10;0;126;from_grid;189.944
10;0;126;from_main_grid;189.944
10;0;126;from_network;0.0
10;0;127;HP;170.774
10;0;127;EB;0.0
10;0;127;from_grid;216.44
10;0;127;from_main_grid;216.44
10;0;127;from_network;0.0
10;0;128;HP;155.971
10;0;128;EB;0.0
10;0;128;from_grid;201.951
10;0;128;from_main_grid;201.951
10;0;128;from_network;0.0
10;0;129;HP;156.2
10;0;129;EB;0.0
10;0;129;from_grid;194.021
10;0;129;from_main_grid;194.021
10;0;129;from_network;0.0
10;0;130;HP;145.959
10;0;130;EB;0.0
10;0;130;from_grid;177.772
10;0;130;from_main_grid;177.772
10;0;130;from_network;0.0
10;0;131;HP;131.4
10;0;131;EB;0.0
10;0;131;from_grid;181.043
10;0;131;from_main_grid;181.043
10;0;131;from_network;0.0
10;0;132;HP;128.679
10;0;132;EB;0.0
10;0;132;from_grid;166.188
10;0;132;from_main_grid;166.188
10;0;132;from_network;0.0
10;0;133;HP;112.72
10;0;133;EB;0.0
10;0;133;from_grid;154.076
10;0;133;from_main_grid;154.076
10;0;133;from_network;0.0
10;0;134;HP;168.766
10;0;134;EB;0.0
10;0;134;from_grid;203.573
10;0;134;from_main_grid;203.573
10;0;134;from_network;0.0
10;0;135;HP;170.509
10;0;135;EB;0.0
10;0;135;from_grid;207.722
10;0;135;from_main_grid;207.722
10;0;135;from_network;0.0
10;0;136;HP;172.253
10;0;136;EB;0.0
10;0;136;from_grid;222.786
10;0;136;from_main_grid;102.53
10;0;136;from_network;120.256
10;0;137;HP;0.0
10;0;137;EB;0.0
10;0;137;from_grid;62.195
10;0;137;from_main_grid;62.195
10;0;137;from_network;0.0
10;0;138;HP;101.737
10;0;138;EB;0.0
10;0;138;from_grid;170.094
10;0;138;from_main_grid;170.094
10;0;138;from_network;0.0
10;0;139;HP;176.617
10;0;139;EB;0.0
10;0;139;from_grid;245.993
10;0;139;from_main_grid;245.993
10;0;139;from_network;0.0
10;0;140;HP;176.181
10;0;140;EB;0.0
10;0;140;from_grid;237.65
10;0;140;from_main_grid;237.65
10;0;140;from_network;0.0
10;0;141;HP;177.491
10;0;141;EB;0.0
10;0;141;from_grid;250.177
10;0;141;from_main_grid;250.177
10;0;141;from_network;0.0
10;0;142;HP;177.491
10;0;142;EB;0.0
10;0;142;from_grid;256.993
10;0;142;from_main_grid;256.993
10;0;142;from_network;0.0
10;0;143;HP;12.013
10;0;143;EB;0.0
10;0;143;from_grid;57.169
10;0;143;from_main_grid;57.169
10;0;143;from_network;0.0
10;0;144;HP;0.0
10;0;144;EB;0.0
10;0;144;from_grid;7.598
10;0;144;from_main_grid;7.598
10;0;144;from_network;0.0
10;0;145;HP;155.854
10;0;145;EB;0.0
10;0;145;from_grid;170.897
10;0;145;from_main_grid;170.897
10;0;145;from_network;0.0
10;0;146;HP;160.59
10;0;146;EB;0.0
10;0;146;from_grid;171.048
10;0;146;from_main_grid;171.048
10;0;146;from_network;0.0
10;0;147;HP;162.767
10;0;147;EB;0.0
10;0;147;from_grid;173.494
10;0;147;from_main_grid;173.494
10;0;147;from_network;0.0
10;0;148;HP;167.175
10;0;148;EB;0.0
10;0;148;from_grid;176.916
10;0;148;from_main_grid;176.916
10;0;148;from_network;0.0
10;0;149;HP;170.526
10;0;149;EB;0.0
10;0;149;from_grid;183.09
10;0;149;from_main_grid;183.09
10;0;149;from_network;0.0
10;0;150;HP;182.944
10;0;150;EB;0.0
10;0;150;from_grid;196.651
10;0;150;from_main_grid;196.651
10;0;150;from_network;0.0
10;0;151;HP;181.318
10;0;151;EB;0.0
10;0;151;from_grid;218.672
10;0;151;from_main_grid;218.672
10;0;151;from_network;0.0
10;0;152;HP;162.006
10;0;152;EB;0.0
10;0;152;from_grid;216.226
10;0;152;from_main_grid;171.593
10;0;152;from_network;44.633
10;0;153;HP;160.745
10;0;153;EB;0.0
10;0;153;from_grid;206.895
10;0;153;from_main_grid;206.895
10;0;153;from_network;0.0
10;0;154;HP;156.01
10;0;154;EB;0.0
10;0;154;from_grid;193.968
10;0;154;from_main_grid;182.757
10;0;154;from_network;11.211
10;0;155;HP;145.269
10;0;155;EB;0.0
10;0;155;from_grid;181.624
10;0;155;from_main_grid;181.624
10;0;155;from_network;0.0
10;0;156;HP;137.272
10;0;156;EB;0.0
10;0;156;from_grid;175.565
10;0;156;from_main_grid;130.433
10;0;156;from_network;45.132
10;0;157;HP;119.097
10;0;157;EB;0.0
10;0;157;from_grid;150.649
10;0;157;from_main_grid;150.649
10;0;157;from_network;0.0
10;0;158;HP;108.829
10;0;158;EB;0.0
10;0;158;from_grid;141.982
10;0;158;from_main_grid;141.982
10;0;158;from_network;0.0
10;0;159;HP;101.352
10;0;159;EB;0.0
10;0;159;from_grid;146.372
10;0;159;from_main_grid;95.723
10;0;159;from_network;50.649
10;0;160;HP;167.459
10;0;160;EB;0.0
10;0;160;from_grid;211.404
10;0;160;from_main_grid;211.404
10;0;160;from_network;0.0
10;0;161;HP;83.314
10;0;161;EB;0.0
10;0;161;from_grid;132.161
10;0;161;from_main_grid;132.161
10;0;161;from_network;0.0
10;0;162;HP;169.202
10;0;162;EB;0.0
10;0;162;from_grid;221.411
10;0;162;from_main_grid;221.411
10;0;162;from_network;0.0
10;0;163;HP;172.69
10;0;163;EB;0.0
10;0;163;from_grid;227.297
10;0;163;from_main_grid;227.297
10;0;163;from_network;0.0
10;0;164;HP;173.998
10;0;164;EB;0.0
10;0;164;from_grid;236.925
10;0;164;from_main_grid;236.925
10;0;164;from_network;0.0
10;0;165;HP;62.444
10;0;165;EB;0.0
10;0;165;from_grid;117.797
10;0;165;from_main_grid;117.797
10;0;165;from_network;0.0
10;0;166;HP;179.675
10;0;166;EB;0.0
10;0;166;from_grid;240.754
10;0;166;from_main_grid;240.754
10;0;166;from_network;0.0
10;0;167;HP;6.783
10;0;167;EB;0.0
10;0;167;from_grid;44.783
10;0;167;from_main_grid;44.783
10;0;167;from_network;0.0
10;1;0;HP;0.0
10;1;0;EB;0.0
10;1;0;from_grid;7.529
10;1;0;from_main_grid;7.529
10;1;0;from_network;0.0
10;1;1;HP;0.0
10;1;1;EB;0.0
10;1;1;from_grid;12.166
10;1;1;from_main_grid;12.166
10;1;1;from_network;0.0
10;1;2;HP;0.0
10;1;2;EB;0.0
10;1;2;from_grid;9.759
10;1;2;from_main_grid;9.759
10;1;2;from_network;0.0
10;1;3;HP;0.0
10;1;3;EB;0.0
10;1;3;from_grid;12.531
10;1;3;from_main_grid;12.531
10;1;3;from_network;0.0
10;1;4;HP;0.0
10;1;4;EB;0.0
10;1;4;from_grid;11.731
10;1;4;from_main_grid;11.731
10;1;4;from_network;0.0
10;1;5;HP;0.0
10;1;5;EB;0.0
10;1;5;from_grid;11.157
10;1;5;from_main_grid;11.157
10;1;5;from_network;0.0
10;1;6;HP;0.0
10;1;6;EB;0.0
10;1;6;from_grid;17.907
10;1;6;from_main_grid;17.907
10;1;6;from_network;0.0
10;1;7;HP;0.0
10;1;7;EB;0.0
10;1;7;from_grid;35.569
10;1;7;from_main_grid;0.0
10;1;7;from_network;35.569
10;1;8;HP;0.0
10;1;8;EB;0.0
10;1;8;from_grid;43.38
10;1;8;from_main_grid;0.0
10;1;8;from_network;43.38
10;1;9;HP;0.0
10;1;9;EB;0.0
10;1;9;from_grid;47.579
10;1;9;from_main_grid;0.0
10;1;9;from_network;47.579
10;1;10;HP;0.0
10;1;10;EB;0.0
10;1;10;from_grid;56.187
10;1;10;from_main_grid;0.0
10;1;10;from_network;56.187
10;1;11;HP;0.0
10;1;11;EB;0.0
10;1;11;from_grid;39.313
10;1;11;from_main_grid;0.0
10;1;11;from_network;39.313
10;1;12;HP;0.0
10;1;12;EB;0.0
10;1;12;from_grid;43.482
10;1;12;from_main_grid;0.0
10;1;12;from_network;43.482
10;1;13;HP;0.0
10;1;13;EB;0.0
10;1;13;from_grid;47.751
10;1;13;from_main_grid;0.0
10;1;13;from_network;47.751
10;1;14;HP;0.0
10;1;14;EB;0.0
10;1;14;from_grid;41.271
10;1;14;from_main_grid;0.0
10;1;14;from_network;41.271
10;1;15;HP;0.0
10;1;15;EB;0.0
10;1;15;from_grid;39.599
10;1;15;from_main_grid;0.0
10;1;15;from_network;39.599
10;1;16;HP;11.971
10;1;16;EB;0.0
10;1;16;from_grid;55.945
10;1;16;from_main_grid;0.0
10;1;16;from_network;55.945
10;1;17;HP;0.0
10;1;17;EB;0.0
10;1;17;from_grid;47.748
10;1;17;from_main_grid;0.0
10;1;17;from_network;47.748
10;1;18;HP;0.0
10;1;18;EB;0.0
10;1;18;from_grid;65.792
10;1;18;from_main_grid;0.0
10;1;18;from_network;65.792
10;1;19;HP;0.0
10;1;19;EB;0.0
10;1;19;from_grid;68.97
10;1;19;from_main_grid;68.97
10;1;19;from_network;0.0
10;1;20;HP;0.0
10;1;20;EB;0.0
10;1;20;from_grid;69.913
10;1;20;from_main_grid;69.913
10;1;20;from_network;0.0
10;1;21;HP;0.0
10;1;21;EB;0.0
10;1;21;from_grid;65.959
10;1;21;from_main_grid;65.959
10;1;21;from_network;0.0
10;1;22;HP;0.0
10;1;22;EB;0.0
10;1;22;from_grid;63.839
10;1;22;from_main_grid;63.839
10;1;22;from_network;0.0
10;1;23;HP;0.0
10;1;23;EB;0.0
10;1;23;from_grid;48.306
10;1;23;from_main_grid;48.306
10;1;23;from_network;0.0
10;1;24;HP;0.0
10;1;24;EB;0.0
10;1;24;from_grid;7.535
10;1;24;from_main_grid;7.535
10;1;24;from_network;0.0
10;1;25;HP;0.0
10;1;25;EB;0.0
10;1;25;from_grid;8.984
10;1;25;from_main_grid;8.984
10;1;25;from_network;0.0
10;1;26;HP;0.0
10;1;26;EB;0.0
10;1;26;from_grid;10.941
10;1;26;from_main_grid;10.941
10;1;26;from_network;0.0
10;1;27;HP;0.0
10;1;27;EB;0.0
10;1;27;from_grid;9.861
10;1;27;from_main_grid;9.861
10;1;27;from_network;0.0
10;1;28;HP;0.0
10;1;28;EB;0.0
10;1;28;from_grid;10.643
10;1;28;from_main_grid;10.643
10;1;28;from_network;0.0
10;1;29;HP;0.0
10;1;29;EB;0.0
10;1;29;from_grid;10.714
10;1;29;from_main_grid;10.714
10;1;29;from_network;0.0
10;1;30;HP;0.0
10;1;30;EB;0.0
10;1;30;from_grid;15.305
10;1;30;from_main_grid;15.305
10;1;30;from_network;0.0
10;1;31;HP;0.0
10;1;31;EB;0.0
10;1;31;from_grid;38.537
10;1;31;from_main_grid;0.0
10;1;31;from_network;38.537
10;1;32;HP;2.608
10;1;32;EB;0.0
10;1;32;from_grid;44.252
10;1;32;from_main_grid;0.0
10;1;32;from_network;44.252
10;1;33;HP;2.592
10;1;33;EB;0.0
10;1;33;from_grid;42.066
10;1;33;from_main_grid;0.0
10;1;33;from_network;42.066
10;1;34;HP;3.224
10;1;34;EB;0.0
10;1;34;from_grid;40.183
10;1;34;from_main_grid;0.0
10;1;34;from_network;40.183
10;1;35;HP;2.424
10;1;35;EB;0.0
10;1;35;from_grid;39.233
10;1;35;from_main_grid;0.0
10;1;35;from_network;39.233
10;1;36;HP;4.05
10;1;36;EB;0.0
10;1;36;from_grid;35.569
10;1;36;from_main_grid;0.0
10;1;36;from_network;35.569
10;1;37;HP;1.977
10;1;37;EB;0.0
10;1;37;from_grid;38.258
10;1;37;from_main_grid;0.0
10;1;37;from_network;38.258
10;1;38;HP;2.07
10;1;38;EB;0.0
10;1;38;from_grid;35.737
10;1;38;from_main_grid;0.0
10;1;38;from_network;35.737
10;1;39;HP;4.443
10;1;39;EB;0.0
10;1;39;from_grid;40.798
10;1;39;from_main_grid;0.0
10;1;39;from_network;40.798
10;1;40;HP;0.0
10;1;40;EB;0.0
10;1;40;from_grid;48.577
10;1;40;from_main_grid;0.0
10;1;40;from_network;48.577
10;1;41;HP;56.624
10;1;41;EB;0.0
10;1;41;from_grid;104.546
10;1;41;from_main_grid;0.0
10;1;41;from_network;104.546
10;1;42;HP;0.0
10;1;42;EB;0.0
10;1;42;from_grid;43.446
10;1;42;from_main_grid;0.0
10;1;42;from_network;43.446
10;1;43;HP;0.0
10;1;43;EB;0.0
10;1;43;from_grid;73.201
10;1;43;from_main_grid;73.201
10;1;43;from_network;0.0
10;1;44;HP;0.0
10;1;44;EB;0.0
10;1;44;from_grid;65.368
10;1;44;from_main_grid;65.368
10;1;44;from_network;0.0
10;1;45;HP;0.0
10;1;45;EB;0.0
10;1;45;from_grid;74.74
10;1;45;from_main_grid;74.74
10;1;45;from_network;0.0
10;1;46;HP;0.0
10;1;46;EB;0.0
10;1;46;from_grid;79.871
10;1;46;from_main_grid;79.871
10;1;46;from_network;0.0
10;1;47;HP;0.0
10;1;47;EB;0.0
10;1;47;from_grid;36.799
10;1;47;from_main_grid;36.799
10;1;47;from_network;0.0
10;1;48;HP;0.0
10;1;48;EB;0.0
10;1;48;from_grid;7.558
10;1;48;from_main_grid;7.558
10;1;48;from_network;0.0
10;1;49;HP;0.0
10;1;49;EB;0.0
10;1;49;from_grid;11.075
10;1;49;from_main_grid;11.075
10;1;49;from_network;0.0
10;1;50;HP;0.0
10;1;50;EB;0.0
10;1;50;from_grid;11.445
10;1;50;from_main_grid;11.445
10;1;50;from_network;0.0
10;1;51;HP;0.0
10;1;51;EB;0.0
10;1;51;from_grid;11.457
10;1;51;from_main_grid;11.457
10;1;51;from_network;0.0
10;1;52;HP;0.0
10;1;52;EB;0.0
10;1;52;from_grid;9.816
10;1;52;from_main_grid;9.816
10;1;52;from_network;0.0
10;1;53;HP;0.0
10;1;53;EB;0.0
10;1;53;from_grid;10.751
10;1;53;from_main_grid;10.751
10;1;53;from_network;0.0
10;1;54;HP;0.0
10;1;54;EB;0.0
10;1;54;from_grid;11.091
10;1;54;from_main_grid;11.091
10;1;54;from_network;0.0
10;1;55;HP;0.0
10;1;55;EB;0.0
10;1;55;from_grid;32.752
10;1;55;from_main_grid;0.0
10;1;55;from_network;32.752
10;1;56;HP;0.0
10;1;56;EB;0.0
10;1;56;from_grid;41.68
10;1;56;from_main_grid;0.0
10;1;56;from_network;41.68
10;1;57;HP;0.0
10;1;57;EB;0.0
10;1;57;from_grid;38.964
10;1;57;from_main_grid;0.0
10;1;57;from_network;38.964
10;1;58;HP;2.813
10;1;58;EB;0.0
10;1;58;from_grid;45.591
10;1;58;from_main_grid;0.0
10;1;58;from_network;45.591
10;1;59;HP;2.385
10;1;59;EB;0.0
10;1;59;from_grid;48.321
10;1;59;from_main_grid;0.0
10;1;59;from_network;48.321
10;1;60;HP;2.047
10;1;60;EB;0.0
10;1;60;from_grid;43.229
10;1;60;from_main_grid;0.0
10;1;60;from_network;43.229
10;1;61;HP;2.3
10;1;61;EB;0.0
10;1;61;from_grid;35.892
10;1;61;from_main_grid;0.0
10;1;61;from_network;35.892
10;1;62;HP;8.132
10;1;62;EB;0.0
10;1;62;from_grid;45.164
10;1;62;from_main_grid;0.0
10;1;62;from_network;45.164
10;1;63;HP;0.0
10;1;63;EB;0.0
10;1;63;from_grid;33.717
10;1;63;from_main_grid;0.0
10;1;63;from_network;33.717
10;1;64;HP;5.94
10;1;64;EB;0.0
10;1;64;from_grid;39.0
10;1;64;from_main_grid;0.0
10;1;64;from_network;39.0
10;1;65;HP;50.173
10;1;65;EB;0.0
10;1;65;from_grid;88.092
10;1;65;from_main_grid;0.0
10;1;65;from_network;88.092
10;1;66;HP;0.0
10;1;66;EB;0.0
10;1;66;from_grid;50.193
10;1;66;from_main_grid;0.0
10;1;66;from_network;50.193
10;1;67;HP;0.0
10;1;67;EB;0.0
10;1;67;from_grid;60.729
10;1;67;from_main_grid;60.729
10;1;67;from_network;0.0
10;1;68;HP;0.0
10;1;68;EB;0.0
10;1;68;from_grid;79.498
10;1;68;from_main_grid;79.498
10;1;68;from_network;0.0
10;1;69;HP;0.0
10;1;69;EB;0.0
10;1;69;from_grid;71.926
10;1;69;from_main_grid;71.926
10;1;69;from_network;0.0
10;1;70;HP;0.0
10;1;70;EB;0.0
10;1;70;from_grid;54.205
10;1;70;from_main_grid;54.205
10;1;70;from_network;0.0
10;1;71;HP;0.0
10;1;71;EB;0.0
10;1;71;from_grid;47.046
10;1;71;from_main_grid;47.046
10;1;71;from_network;0.0
10;1;72;HP;0.0
10;1;72;EB;0.0
10;1;72;from_grid;7.482
10;1;72;from_main_grid;7.482
10;1;72;from_network;0.0
10;1;73;HP;0.0
10;1;73;EB;0.0
10;1;73;from_grid;11.424
10;1;73;from_main_grid;11.424
10;1;73;from_network;0.0
10;1;74;HP;0.0
10;1;74;EB;0.0
10;1;74;from_grid;10.566
10;1;74;from_main_grid;10.566
10;1;74;from_network;0.0
10;1;75;HP;0.0
10;1;75;EB;0.0
10;1;75;from_grid;10.401
10;1;75;from_main_grid;10.401
10;1;75;from_network;0.0
10;1;76;HP;0.0
10;1;76;EB;0.0
10;1;76;from_grid;11.218
10;1;76;from_main_grid;11.218
10;1;76;from_network;0.0
10;1;77;HP;0.0
10;1;77;EB;0.0
10;1;77;from_grid;14.061
10;1;77;from_main_grid;14.061
10;1;77;from_network;0.0
10;1;78;HP;0.0
10;1;78;EB;0.0
10;1;78;from_grid;14.356
10;1;78;from_main_grid;14.356
10;1;78;from_network;0.0
10;1;79;HP;0.0
10;1;79;EB;0.0
10;1;79;from_grid;16.242
10;1;79;from_main_grid;0.0
10;1;79;from_network;16.242
10;1;80;HP;0.0
10;1;80;EB;0.0
10;1;80;from_grid;36.68
10;1;80;from_main_grid;0.0
10;1;80;from_network;36.68
10;1;81;HP;2.691
10;1;81;EB;0.0
10;1;81;from_grid;51.64
10;1;81;from_main_grid;0.0
10;1;81;from_network;51.64
10;1;82;HP;2.895
10;1;82;EB;0.0
10;1;82;from_grid;48.76
10;1;82;from_main_grid;0.0
10;1;82;from_network;48.76
10;1;83;HP;2.95
10;1;83;EB;0.0
10;1;83;from_grid;43.911
10;1;83;from_main_grid;0.0
10;1;83;from_network;43.911
10;1;84;HP;2.466
10;1;84;EB;0.0
10;1;84;from_grid;41.477
10;1;84;from_main_grid;0.0
10;1;84;from_network;41.477
10;1;85;HP;2.356
10;1;85;EB;0.0
10;1;85;from_grid;34.893
10;1;85;from_main_grid;0.0
10;1;85;from_network;34.893
10;1;86;HP;2.528
10;1;86;EB;0.0
10;1;86;from_grid;43.58
10;1;86;from_main_grid;0.0
10;1;86;from_network;43.58
10;1;87;HP;56.377
10;1;87;EB;0.0
10;1;87;from_grid;87.076
10;1;87;from_main_grid;0.0
10;1;87;from_network;87.076
10;1;88;HP;0.0
10;1;88;EB;0.0
10;1;88;from_grid;39.183
10;1;88;from_main_grid;0.0
10;1;88;from_network;39.183
10;1;89;HP;0.0
10;1;89;EB;0.0
10;1;89;from_grid;45.756
10;1;89;from_main_grid;0.0
10;1;89;from_network;45.756
10;1;90;HP;0.0
10;1;90;EB;0.0
10;1;90;from_grid;38.544
10;1;90;from_main_grid;0.0
10;1;90;from_network;38.544
10;1;91;HP;0.0
10;1;91;EB;0.0
10;1;91;from_grid;58.075
10;1;91;from_main_grid;58.075
10;1;91;from_network;0.0
10;1;92;HP;0.0
10;1;92;EB;0.0
10;1;92;from_grid;60.634
10;1;92;from_main_grid;60.634
10;1;92;from_network;0.0
10;1;93;HP;0.0
10;1;93;EB;0.0
10;1;93;from_grid;48.063
10;1;93;from_main_grid;48.063
10;1;93;from_network;0.0
10;1;94;HP;0.0
10;1;94;EB;0.0
10;1;94;from_grid;52.452
10;1;94;from_main_grid;52.452
10;1;94;from_network;0.0
10;1;95;HP;0.0
10;1;95;EB;0.0
10;1;95;from_grid;40.887
10;1;95;from_main_grid;40.887
10;1;95;from_network;0.0
10;1;96;HP;0.0
10;1;96;EB;0.0
10;1;96;from_grid;7.412
10;1;96;from_main_grid;7.412
10;1;96;from_network;0.0
10;1;97;HP;0.0
10;1;97;EB;0.0
10;1;97;from_grid;11.068
10;1;97;from_main_grid;11.068
10;1;97;from_network;0.0
10;1;98;HP;0.0
10;1;98;EB;0.0
10;1;98;from_grid;10.624
10;1;98;from_main_grid;10.624
10;1;98;from_network;0.0
10;1;99;HP;0.0
10;1;99;EB;0.0
10;1;99;from_grid;10.421
10;1;99;from_main_grid;10.421
10;1;99;from_network;0.0
10;1;100;HP;0.0
10;1;100;EB;0.0
10;1;100;from_grid;9.254
10;1;100;from_main_grid;9.254
10;1;100;from_network;0.0
10;1;101;HP;0.0
10;1;101;EB;0.0
10;1;101;from_grid;11.839
10;1;101;from_main_grid;11.839
10;1;101;from_network;0.0
10;1;102;HP;0.0
10;1;102;EB;0.0
10;1;102;from_grid;15.644
10;1;102;from_main_grid;15.644
10;1;102;from_network;0.0
10;1;103;HP;0.0
10;1;103;EB;0.0
10;1;103;from_grid;22.949
10;1;103;from_main_grid;0.0
10;1;103;from_network;22.949
10;1;104;HP;0.0
10;1;104;EB;0.0
10;1;104;from_grid;30.946
10;1;104;from_main_grid;0.0
10;1;104;from_network;30.946
10;1;105;HP;0.0
10;1;105;EB;0.0
10;1;105;from_grid;48.452
10;1;105;from_main_grid;0.0
10;1;105;from_network;48.452
10;1;106;HP;3.458
10;1;106;EB;0.0
10;1;106;from_grid;48.432
10;1;106;from_main_grid;0.0
10;1;106;from_network;48.432
10;1;107;HP;2.813
10;1;107;EB;0.0
10;1;107;from_grid;51.684
10;1;107;from_main_grid;0.0
10;1;107;from_network;51.684
10;1;108;HP;4.842
10;1;108;EB;0.0
10;1;108;from_grid;52.231
10;1;108;from_main_grid;0.0
10;1;108;from_network;52.231
10;1;109;HP;2.372
10;1;109;EB;0.0
10;1;109;from_grid;48.489
10;1;109;from_main_grid;0.0
10;1;109;from_network;48.489
10;1;110;HP;50.379
10;1;110;EB;0.0
10;1;110;from_grid;103.672
10;1;110;from_main_grid;0.0
10;1;110;from_network;103.672
10;1;111;HP;0.0
10;1;111;EB;0.0
10;1;111;from_grid;47.278
10;1;111;from_main_grid;0.0
10;1;111;from_network;47.278
10;1;112;HP;7.756
10;1;112;EB;0.0
10;1;112;from_grid;52.33
10;1;112;from_main_grid;0.0
10;1;112;from_network;52.33
10;1;113;HP;0.0
10;1;113;EB;0.0
10;1;113;from_grid;49.378
10;1;113;from_main_grid;0.0
10;1;113;from_network;49.378
10;1;114;HP;0.0
10;1;114;EB;0.0
10;1;114;from_grid;46.632
10;1;114;from_main_grid;0.0
10;1;114;from_network;46.632
10;1;115;HP;0.0
10;1;115;EB;0.0
10;1;115;from_grid;60.103
10;1;115;from_main_grid;60.103
10;1;115;from_network;0.0
10;1;116;HP;0.0
10;1;116;EB;0.0
10;1;116;from_grid;61.515
10;1;116;from_main_grid;61.515
10;1;116;from_network;0.0
10;1;117;HP;0.0
10;1;117;EB;0.0
10;1;117;from_grid;55.863
10;1;117;from_main_grid;55.863
10;1;117;from_network;0.0
10;1;118;HP;0.0
10;1;118;EB;0.0
10;1;118;from_grid;63.102
10;1;118;from_main_grid;63.102
10;1;118;from_network;0.0
10;1;119;HP;0.0
10;1;119;EB;0.0
10;1;119;from_grid;41.108
10;1;119;from_main_grid;41.108
10;1;119;from_network;0.0
10;1;120;HP;0.0
10;1;120;EB;0.0
10;1;120;from_grid;7.619
10;1;120;from_main_grid;7.619
10;1;120;from_network;0.0
10;1;121;HP;0.0
10;1;121;EB;0.0
10;1;121;from_grid;11.147
10;1;121;from_main_grid;11.147
10;1;121;from_network;0.0
10;1;122;HP;0.0
10;1;122;EB;0.0
10;1;122;from_grid;9.85
10;1;122;from_main_grid;9.85
10;1;122;from_network;0.0
10;1;123;HP;0.0
10;1;123;EB;0.0
10;1;123;from_grid;11.929
10;1;123;from_main_grid;11.929
10;1;123;from_network;0.0
10;1;124;HP;0.0
10;1;124;EB;0.0
10;1;124;from_grid;10.074
10;1;124;from_main_grid;10.074
10;1;124;from_network;0.0
10;1;125;HP;0.0
10;1;125;EB;0.0
10;1;125;from_grid;13.56
10;1;125;from_main_grid;13.56
10;1;125;from_network;0.0
10;1;126;HP;0.0
10;1;126;EB;0.0
10;1;126;from_grid;12.101
10;1;126;from_main_grid;12.101
10;1;126;from_network;0.0
10;1;127;HP;0.0
10;1;127;EB;0.0
10;1;127;from_grid;43.804
10;1;127;from_main_grid;0.0
10;1;127;from_network;43.804
10;1;128;HP;0.0
10;1;128;EB;0.0
10;1;128;from_grid;41.745
10;1;128;from_main_grid;0.0
10;1;128;from_network;41.745
10;1;129;HP;3.212
10;1;129;EB;0.0
10;1;129;from_grid;41.44
10;1;129;from_main_grid;0.0
10;1;129;from_network;41.44
10;1;130;HP;2.72
10;1;130;EB;0.0
10;1;130;from_grid;43.111
10;1;130;from_main_grid;0.0
10;1;130;from_network;43.111
10;1;131;HP;2.604
10;1;131;EB;0.0
10;1;131;from_grid;35.573
10;1;131;from_main_grid;0.0
10;1;131;from_network;35.573
10;1;132;HP;4.433
10;1;132;EB;0.0
10;1;132;from_grid;44.571
10;1;132;from_main_grid;0.0
10;1;132;from_network;44.571
10;1;133;HP;2.216
10;1;133;EB;0.0
10;1;133;from_grid;35.018
10;1;133;from_main_grid;0.0
10;1;133;from_network;35.018
10;1;134;HP;2.235
10;1;134;EB;0.0
10;1;134;from_grid;38.91
10;1;134;from_main_grid;0.0
10;1;134;from_network;38.91
10;1;135;HP;2.802
10;1;135;EB;0.0
10;1;135;from_grid;34.046
10;1;135;from_main_grid;0.0
10;1;135;from_network;34.046
10;1;136;HP;49.203
10;1;136;EB;0.0
10;1;136;from_grid;89.307
10;1;136;from_main_grid;0.0
10;1;136;from_network;89.307
10;1;137;HP;0.0
10;1;137;EB;0.0
10;1;137;from_grid;47.954
10;1;137;from_main_grid;0.0
10;1;137;from_network;47.954
10;1;138;HP;0.0
10;1;138;EB;0.0
10;1;138;from_grid;47.493
10;1;138;from_main_grid;0.0
10;1;138;from_network;47.493
10;1;139;HP;0.0
10;1;139;EB;0.0
10;1;139;from_grid;74.199
10;1;139;from_main_grid;74.199
10;1;139;from_network;0.0
10;1;140;HP;0.0
10;1;140;EB;0.0
10;1;140;from_grid;71.958
10;1;140;from_main_grid;71.958
10;1;140;from_network;0.0
10;1;141;HP;0.0
10;1;141;EB;0.0
10;1;141;from_grid;78.264
10;1;141;from_main_grid;78.264
10;1;141;from_network;0.0
10;1;142;HP;0.0
10;1;142;EB;0.0
10;1;142;from_grid;57.149
10;1;142;from_main_grid;57.149
10;1;142;from_network;0.0
10;1;143;HP;0.0
10;1;143;EB;0.0
10;1;143;from_grid;58.087
10;1;143;from_main_grid;58.087
10;1;143;from_network;0.0
10;1;144;HP;0.0
10;1;144;EB;0.0
10;1;144;from_grid;7.461
10;1;144;from_main_grid;7.461
10;1;144;from_network;0.0
10;1;145;HP;0.0
10;1;145;EB;0.0
10;1;145;from_grid;12.297
10;1;145;from_main_grid;12.297
10;1;145;from_network;0.0
10;1;146;HP;0.0
10;1;146;EB;0.0
10;1;146;from_grid;11.135
10;1;146;from_main_grid;11.135
10;1;146;from_network;0.0
10;1;147;HP;0.0
10;1;147;EB;0.0
10;1;147;from_grid;11.104
10;1;147;from_main_grid;11.104
10;1;147;from_network;0.0
10;1;148;HP;0.0
10;1;148;EB;0.0
10;1;148;from_grid;9.835
10;1;148;from_main_grid;9.835
10;1;148;from_network;0.0
10;1;149;HP;0.0
10;1;149;EB;0.0
10;1;149;from_grid;11.968
10;1;149;from_main_grid;11.968
10;1;149;from_network;0.0
10;1;150;HP;0.0
10;1;150;EB;0.0
10;1;150;from_grid;14.53
10;1;150;from_main_grid;14.53
10;1;150;from_network;0.0
10;1;151;HP;0.0
10;1;151;EB;0.0
10;1;151;from_grid;37.994
10;1;151;from_main_grid;0.0
10;1;151;from_network;37.994
10;1;152;HP;0.0
10;1;152;EB;0.0
10;1;152;from_grid;41.161
10;1;152;from_main_grid;0.0
10;1;152;from_network;41.161
10;1;153;HP;2.433
10;1;153;EB;0.0
10;1;153;from_grid;48.002
10;1;153;from_main_grid;0.0
10;1;153;from_network;48.002
10;1;154;HP;3.231
10;1;154;EB;0.0
10;1;154;from_grid;37.653
10;1;154;from_main_grid;0.0
10;1;154;from_network;37.653
10;1;155;HP;2.811
10;1;155;EB;0.0
10;1;155;from_grid;41.378
10;1;155;from_main_grid;0.0
10;1;155;from_network;41.378
10;1;156;HP;4.157
10;1;156;EB;0.0
10;1;156;from_grid;45.704
10;1;156;from_main_grid;0.0
10;1;156;from_network;45.704
10;1;157;HP;2.004
10;1;157;EB;0.0
10;1;157;from_grid;48.095
10;1;157;from_main_grid;0.0
10;1;157;from_network;48.095
10;1;158;HP;2.147
10;1;158;EB;0.0
10;1;158;from_grid;40.561
10;1;158;from_main_grid;0.0
10;1;158;from_network;40.561
10;1;159;HP;95.516
10;1;159;EB;0.0
10;1;159;from_grid;136.6
10;1;159;from_main_grid;0.0
10;1;159;from_network;136.6
10;1;160;HP;0.0
10;1;160;EB;0.0
10;1;160;from_grid;46.533
10;1;160;from_main_grid;0.0
10;1;160;from_network;46.533
10;1;161;HP;23.747
10;1;161;EB;0.0
10;1;161;from_grid;73.581
10;1;161;from_main_grid;0.0
10;1;161;from_network;73.581
10;1;162;HP;0.0
10;1;162;EB;0.0
10;1;162;from_grid;48.327
10;1;162;from_main_grid;0.0
10;1;162;from_network;48.327
10;1;163;HP;0.0
10;1;163;EB;0.0
10;1;163;from_grid;86.572
10;1;163;from_main_grid;86.572
10;1;163;from_network;0.0
10;1;164;HP;0.0
10;1;164;EB;0.0
10;1;164;from_grid;73.365
10;1;164;from_main_grid;73.365
10;1;164;from_network;0.0
10;1;165;HP;0.0
10;1;165;EB;0.0
10;1;165;from_grid;70.574
10;1;165;from_main_grid;70.574
10;1;165;from_network;0.0
10;1;166;HP;0.0
10;1;166;EB;0.0
10;1;166;from_grid;68.77
10;1;166;from_main_grid;68.77
10;1;166;from_network;0.0
10;1;167;HP;0.0
10;1;167;EB;0.0
10;1;167;from_grid;55.211
10;1;167;from_main_grid;55.211
10;1;167;from_network;0.0
10;2;0;HP;0.0
10;2;0;EB;0.0
10;2;0;from_grid;7.519
10;2;0;from_main_grid;7.519
10;2;0;from_network;0.0
10;2;1;HP;0.0
10;2;1;EB;0.0
10;2;1;from_grid;9.982
10;2;1;from_main_grid;9.982
10;2;1;from_network;0.0
10;2;2;HP;145.744
10;2;2;EB;0.0
10;2;2;from_grid;156.168
10;2;2;from_main_grid;156.168
10;2;2;from_network;0.0
10;2;3;HP;0.0
10;2;3;EB;0.0
10;2;3;from_grid;12.89
10;2;3;from_main_grid;12.89
10;2;3;from_network;0.0
10;2;4;HP;30.486
10;2;4;EB;0.0
10;2;4;from_grid;41.309
10;2;4;from_main_grid;41.309
10;2;4;from_network;0.0
10;2;5;HP;150.078
10;2;5;EB;0.0
10;2;5;from_grid;160.689
10;2;5;from_main_grid;160.689
10;2;5;from_network;0.0
10;2;6;HP;0.0
10;2;6;EB;0.0
10;2;6;from_grid;19.58
10;2;6;from_main_grid;19.58
10;2;6;from_network;0.0
10;2;7;HP;0.0
10;2;7;EB;0.0
10;2;7;from_grid;32.858
10;2;7;from_main_grid;32.858
10;2;7;from_network;0.0
10;2;8;HP;0.0
10;2;8;EB;0.0
10;2;8;from_grid;60.949
10;2;8;from_main_grid;60.949
10;2;8;from_network;0.0
10;2;9;HP;62.528
10;2;9;EB;0.0
10;2;9;from_grid;109.813
10;2;9;from_main_grid;0.0
10;2;9;from_network;109.813
10;2;10;HP;57.763
10;2;10;EB;0.0
10;2;10;from_grid;95.371
10;2;10;from_main_grid;0.0
10;2;10;from_network;95.371
10;2;11;HP;46.696
10;2;11;EB;0.0
10;2;11;from_grid;88.64
10;2;11;from_main_grid;0.0
10;2;11;from_network;88.64
10;2;12;HP;136.12
10;2;12;EB;0.0
10;2;12;from_grid;175.52
10;2;12;from_main_grid;0.0
10;2;12;from_network;175.52
10;2;13;HP;140.117
10;2;13;EB;0.0
10;2;13;from_grid;178.618
10;2;13;from_main_grid;0.0
10;2;13;from_network;178.618
10;2;14;HP;25.24
10;2;14;EB;0.0
10;2;14;from_grid;75.877
10;2;14;from_main_grid;0.0
10;2;14;from_network;75.877
10;2;15;HP;23.649
10;2;15;EB;0.0
10;2;15;from_grid;62.732
10;2;15;from_main_grid;0.0
10;2;15;from_network;62.732
10;2;16;HP;22.166
10;2;16;EB;0.0
10;2;16;from_grid;73.461
10;2;16;from_main_grid;8.42
10;2;16;from_network;65.042
10;2;17;HP;23.904
10;2;17;EB;0.0
10;2;17;from_grid;87.911
10;2;17;from_main_grid;87.911
10;2;17;from_network;0.0
10;2;18;HP;0.0
10;2;18;EB;0.0
10;2;18;from_grid;56.416
10;2;18;from_main_grid;56.416
10;2;18;from_network;0.0
10;2;19;HP;86.365
10;2;19;EB;0.0
10;2;19;from_grid;155.213
10;2;19;from_main_grid;155.213
10;2;19;from_network;0.0
10;2;20;HP;50.93
10;2;20;EB;0.0
10;2;20;from_grid;116.445
10;2;20;from_main_grid;116.445
10;2;20;from_network;0.0
10;2;21;HP;0.0
10;2;21;EB;0.0
10;2;21;from_grid;61.892
10;2;21;from_main_grid;61.892
10;2;21;from_network;0.0
10;2;22;HP;109.525
10;2;22;EB;0.0
10;2;22;from_grid;173.17
10;2;22;from_main_grid;173.17
10;2;22;from_network;0.0
10;2;23;HP;0.0
10;2;23;EB;0.0
10;2;23;from_grid;37.898
10;2;23;from_main_grid;37.898
10;2;23;from_network;0.0
10;2;24;HP;0.0
10;2;24;EB;0.0
10;2;24;from_grid;7.566
10;2;24;from_main_grid;7.566
10;2;24;from_network;0.0
10;2;25;HP;0.0
10;2;25;EB;0.0
10;2;25;from_grid;11.725
10;2;25;from_main_grid;11.725
10;2;25;from_network;0.0
10;2;26;HP;132.445
10;2;26;EB;0.0
10;2;26;from_grid;143.034
10;2;26;from_main_grid;143.034
10;2;26;from_network;0.0
10;2;27;HP;0.0
10;2;27;EB;0.0
10;2;27;from_grid;10.748
10;2;27;from_main_grid;10.748
10;2;27;from_network;0.0
10;2;28;HP;167.024
10;2;28;EB;0.0
10;2;28;from_grid;178.388
10;2;28;from_main_grid;178.388
10;2;28;from_network;0.0
10;2;29;HP;16.139
10;2;29;EB;0.0
10;2;29;from_grid;27.771
10;2;29;from_main_grid;27.771
10;2;29;from_network;0.0
10;2;30;HP;107.695
10;2;30;EB;0.0
10;2;30;from_grid;124.358
10;2;30;from_main_grid;124.358
10;2;30;from_network;0.0
10;2;31;HP;109.38
10;2;31;EB;0.0
10;2;31;from_grid;148.944
10;2;31;from_main_grid;148.944
10;2;31;from_network;0.0
10;2;32;HP;102.84
10;2;32;EB;0.0
10;2;32;from_grid;161.168
10;2;32;from_main_grid;134.923
10;2;32;from_network;26.244
10;2;33;HP;97.352
10;2;33;EB;0.0
10;2;33;from_grid;137.997
10;2;33;from_main_grid;0.0
10;2;33;from_network;137.997
10;2;34;HP;83.421
10;2;34;EB;0.0
10;2;34;from_grid;121.389
10;2;34;from_main_grid;0.0
10;2;34;from_network;121.389
10;2;35;HP;69.609
10;2;35;EB;0.0
10;2;35;from_grid;110.452
10;2;35;from_main_grid;0.0
10;2;35;from_network;110.452
10;2;36;HP;55.673
10;2;36;EB;0.0
10;2;36;from_grid;92.83
10;2;36;from_main_grid;0.0
10;2;36;from_network;92.83
10;2;37;HP;37.54
10;2;37;EB;0.0
10;2;37;from_grid;77.981
10;2;37;from_main_grid;0.0
10;2;37;from_network;77.981
10;2;38;HP;118.685
10;2;38;EB;0.0
10;2;38;from_grid;159.369
10;2;38;from_main_grid;0.0
10;2;38;from_network;159.369
10;2;39;HP;130.611
10;2;39;EB;0.0
10;2;39;from_grid;163.19
10;2;39;from_main_grid;0.0
10;2;39;from_network;163.19
10;2;40;HP;17.412
10;2;40;EB;0.0
10;2;40;from_grid;74.365
10;2;40;from_main_grid;0.0
10;2;40;from_network;74.365
10;2;41;HP;20.374
10;2;41;EB;0.0
10;2;41;from_grid;76.631
10;2;41;from_main_grid;76.631
10;2;41;from_network;0.0
10;2;42;HP;29.886
10;2;42;EB;0.0
10;2;42;from_grid;96.509
10;2;42;from_main_grid;96.509
10;2;42;from_network;0.0
10;2;43;HP;34.114
10;2;43;EB;0.0
10;2;43;from_grid;96.015
10;2;43;from_main_grid;96.015
10;2;43;from_network;0.0
10;2;44;HP;16.382
10;2;44;EB;0.0
10;2;44;from_grid;78.732
10;2;44;from_main_grid;78.732
10;2;44;from_network;0.0
10;2;45;HP;0.0
10;2;45;EB;0.0
10;2;45;from_grid;60.656
10;2;45;from_main_grid;60.656
10;2;45;from_network;0.0
10;2;46;HP;0.0
10;2;46;EB;0.0
10;2;46;from_grid;56.144
10;2;46;from_main_grid;56.144
10;2;46;from_network;0.0
10;2;47;HP;0.0
10;2;47;EB;0.0
10;2;47;from_grid;43.666
10;2;47;from_main_grid;43.666
10;2;47;from_network;0.0
10;2;48;HP;0.0
10;2;48;EB;0.0
10;2;48;from_grid;7.554
10;2;48;from_main_grid;7.554
10;2;48;from_network;0.0
10;2;49;HP;0.0
10;2;49;EB;0.0
10;2;49;from_grid;9.184
10;2;49;from_main_grid;9.184
10;2;49;from_network;0.0
10;2;50;HP;39.157
10;2;50;EB;0.0
10;2;50;from_grid;50.121
10;2;50;from_main_grid;50.121
10;2;50;from_network;0.0
10;2;51;HP;41.591
10;2;51;EB;0.0
10;2;51;from_grid;51.363
10;2;51;from_main_grid;51.363
10;2;51;from_network;0.0
10;2;52;HP;42.224
10;2;52;EB;0.0
10;2;52;from_grid;52.063
10;2;52;from_main_grid;52.063
10;2;52;from_network;0.0
10;2;53;HP;43.819
10;2;53;EB;0.0
10;2;53;from_grid;53.957
10;2;53;from_main_grid;53.957
10;2;53;from_network;0.0
10;2;54;HP;40.805
10;2;54;EB;0.0
10;2;54;from_grid;53.512
10;2;54;from_main_grid;53.512
10;2;54;from_network;0.0
10;2;55;HP;53.336
10;2;55;EB;0.0
10;2;55;from_grid;88.764
10;2;55;from_main_grid;88.764
10;2;55;from_network;0.0
10;2;56;HP;53.847
10;2;56;EB;0.0
10;2;56;from_grid;105.476
10;2;56;from_main_grid;105.476
10;2;56;from_network;0.0
10;2;57;HP;36.631
10;2;57;EB;0.0
10;2;57;from_grid;80.095
10;2;57;from_main_grid;80.095
10;2;57;from_network;0.0
10;2;58;HP;33.578
10;2;58;EB;0.0
10;2;58;from_grid;76.133
10;2;58;from_main_grid;76.133
10;2;58;from_network;0.0
10;2;59;HP;29.411
10;2;59;EB;0.0
10;2;59;from_grid;66.459
10;2;59;from_main_grid;66.459
10;2;59;from_network;0.0
10;2;60;HP;24.646
10;2;60;EB;0.0
10;2;60;from_grid;59.848
10;2;60;from_main_grid;59.848
10;2;60;from_network;0.0
10;2;61;HP;21.367
10;2;61;EB;0.0
10;2;61;from_grid;48.427
10;2;61;from_main_grid;48.427
10;2;61;from_network;0.0
10;2;62;HP;17.028
10;2;62;EB;0.0
10;2;62;from_grid;56.143
10;2;62;from_main_grid;56.143
10;2;62;from_network;0.0
10;2;63;HP;20.889
10;2;63;EB;0.0
10;2;63;from_grid;50.302
10;2;63;from_main_grid;50.302
10;2;63;from_network;0.0
10;2;64;HP;88.388
10;2;64;EB;0.0
10;2;64;from_grid;125.518
10;2;64;from_main_grid;125.518
10;2;64;from_network;0.0
10;2;65;HP;132.769
10;2;65;EB;0.0
10;2;65;from_grid;195.784
10;2;65;from_main_grid;195.784
10;2;65;from_network;0.0
10;2;66;HP;0.0
10;2;66;EB;0.0
10;2;66;from_grid;64.171
10;2;66;from_main_grid;64.171
10;2;66;from_network;0.0
10;2;67;HP;0.0
10;2;67;EB;0.0
10;2;67;from_grid;59.359
10;2;67;from_main_grid;59.359
10;2;67;from_network;0.0
10;2;68;HP;0.0
10;2;68;EB;0.0
10;2;68;from_grid;85.975
10;2;68;from_main_grid;85.975
10;2;68;from_network;0.0
10;2;69;HP;0.0
10;2;69;EB;0.0
10;2;69;from_grid;69.631
10;2;69;from_main_grid;69.631
10;2;69;from_network;0.0
10;2;70;HP;0.0
10;2;70;EB;0.0
10;2;70;from_grid;62.278
10;2;70;from_main_grid;62.278
10;2;70;from_network;0.0
10;2;71;HP;0.0
10;2;71;EB;0.0
10;2;71;from_grid;33.443
10;2;71;from_main_grid;33.443
10;2;71;from_network;0.0
10;2;72;HP;0.0
10;2;72;EB;0.0
10;2;72;from_grid;10.713
10;2;72;from_main_grid;10.713
10;2;72;from_network;0.0
10;2;73;HP;0.0
10;2;73;EB;0.0
10;2;73;from_grid;15.746
10;2;73;from_main_grid;15.746
10;2;73;from_network;0.0
10;2;74;HP;35.332
10;2;74;EB;0.0
10;2;74;from_grid;46.968
10;2;74;from_main_grid;46.968
10;2;74;from_network;0.0
10;2;75;HP;36.511
10;2;75;EB;0.0
10;2;75;from_grid;51.222
10;2;75;from_main_grid;51.222
10;2;75;from_network;0.0
10;2;76;HP;37.883
10;2;76;EB;0.0
10;2;76;from_grid;49.893
10;2;76;from_main_grid;49.893
10;2;76;from_network;0.0
10;2;77;HP;39.555
10;2;77;EB;0.0
10;2;77;from_grid;50.321
10;2;77;from_main_grid;50.321
10;2;77;from_network;0.0
10;2;78;HP;40.795
10;2;78;EB;0.0
10;2;78;from_grid;52.436
10;2;78;from_main_grid;52.436
10;2;78;from_network;0.0
10;2;79;HP;60.422
10;2;79;EB;0.0
10;2;79;from_grid;81.368
10;2;79;from_main_grid;81.368
10;2;79;from_network;0.0
10;2;80;HP;61.186
10;2;80;EB;0.0
10;2;80;from_grid;96.675
10;2;80;from_main_grid;96.675
10;2;80;from_network;0.0
10;2;81;HP;43.971
10;2;81;EB;0.0
10;2;81;from_grid;88.693
10;2;81;from_main_grid;45.687
10;2;81;from_network;43.006
10;2;82;HP;41.768
10;2;82;EB;0.0
10;2;82;from_grid;76.324
10;2;82;from_main_grid;76.324
10;2;82;from_network;0.0
10;2;83;HP;30.927
10;2;83;EB;0.0
10;2;83;from_grid;65.643
10;2;83;from_main_grid;47.659
10;2;83;from_network;17.985
10;2;84;HP;118.094
10;2;84;EB;0.0
10;2;84;from_grid;159.082
10;2;84;from_main_grid;0.0
10;2;84;from_network;159.082
10;2;85;HP;127.147
10;2;85;EB;0.0
10;2;85;from_grid;169.077
10;2;85;from_main_grid;0.0
10;2;85;from_network;169.077
10;2;86;HP;18.628
10;2;86;EB;0.0
10;2;86;from_grid;63.648
10;2;86;from_main_grid;63.648
10;2;86;from_network;0.0
10;2;87;HP;8.805
10;2;87;EB;0.0
10;2;87;from_grid;48.942
10;2;87;from_main_grid;48.942
10;2;87;from_network;0.0
10;2;88;HP;0.0
10;2;88;EB;0.0
10;2;88;from_grid;42.167
10;2;88;from_main_grid;42.167
10;2;88;from_network;0.0
10;2;89;HP;0.0
10;2;89;EB;0.0
10;2;89;from_grid;57.259
10;2;89;from_main_grid;57.259
10;2;89;from_network;0.0
10;2;90;HP;0.0
10;2;90;EB;0.0
10;2;90;from_grid;66.474
10;2;90;from_main_grid;66.474
10;2;90;from_network;0.0
10;2;91;HP;0.0
10;2;91;EB;0.0
10;2;91;from_grid;67.656
10;2;91;from_main_grid;67.656
10;2;91;from_network;0.0
10;2;92;HP;142.28
10;2;92;EB;0.0
10;2;92;from_grid;206.703
10;2;92;from_main_grid;206.703
10;2;92;from_network;0.0
10;2;93;HP;23.154
10;2;93;EB;0.0
10;2;93;from_grid;80.168
10;2;93;from_main_grid;80.168
10;2;93;from_network;0.0
10;2;94;HP;0.0
10;2;94;EB;0.0
10;2;94;from_grid;60.145
10;2;94;from_main_grid;60.145
10;2;94;from_network;0.0
10;2;95;HP;0.0
10;2;95;EB;0.0
10;2;95;from_grid;47.478
10;2;95;from_main_grid;47.478
10;2;95;from_network;0.0
10;2;96;HP;0.0
10;2;96;EB;0.0
10;2;96;from_grid;7.501
10;2;96;from_main_grid;7.501
10;2;96;from_network;0.0
10;2;97;HP;0.0
10;2;97;EB;0.0
10;2;97;from_grid;15.296
10;2;97;from_main_grid;15.296
10;2;97;from_network;0.0
10;2;98;HP;69.701
10;2;98;EB;0.0
10;2;98;from_grid;82.337
10;2;98;from_main_grid;82.337
10;2;98;from_network;0.0
10;2;99;HP;152.68
10;2;99;EB;0.0
10;2;99;from_grid;163.231
10;2;99;from_main_grid;163.231
10;2;99;from_network;0.0
10;2;100;HP;69.801
10;2;100;EB;0.0
10;2;100;from_grid;81.429
10;2;100;from_main_grid;81.429
10;2;100;from_network;0.0
10;2;101;HP;0.0
10;2;101;EB;0.0
10;2;101;from_grid;12.258
10;2;101;from_main_grid;12.258
10;2;101;from_network;0.0
10;2;102;HP;90.204
10;2;102;EB;0.0
10;2;102;from_grid;103.811
10;2;102;from_main_grid;103.811
10;2;102;from_network;0.0
10;2;103;HP;91.094
10;2;103;EB;0.0
10;2;103;from_grid;117.187
10;2;103;from_main_grid;117.187
10;2;103;from_network;0.0
10;2;104;HP;80.529
10;2;104;EB;0.0
10;2;104;from_grid;134.084
10;2;104;from_main_grid;134.084
10;2;104;from_network;0.0
10;2;105;HP;135.711
10;2;105;EB;0.0
10;2;105;from_grid;186.305
10;2;105;from_main_grid;0.0
10;2;105;from_network;186.305
10;2;106;HP;71.773
10;2;106;EB;0.0
10;2;106;from_grid;116.357
10;2;106;from_main_grid;0.0
10;2;106;from_network;116.357
10;2;107;HP;0.0
10;2;107;EB;0.0
10;2;107;from_grid;58.143
10;2;107;from_main_grid;56.949
10;2;107;from_network;1.195
10;2;108;HP;60.944
10;2;108;EB;0.0
10;2;108;from_grid;113.377
10;2;108;from_main_grid;0.0
10;2;108;from_network;113.377
10;2;109;HP;101.359
10;2;109;EB;0.0
10;2;109;from_grid;152.36
10;2;109;from_main_grid;122.604
10;2;109;from_network;29.756
10;2;110;HP;0.0
10;2;110;EB;0.0
10;2;110;from_grid;40.867
10;2;110;from_main_grid;40.867
10;2;110;from_network;0.0
10;2;111;HP;51.779
10;2;111;EB;0.0
10;2;111;from_grid;97.364
10;2;111;from_main_grid;97.364
10;2;111;from_network;0.0
10;2;112;HP;51.335
10;2;112;EB;0.0
10;2;112;from_grid;117.662
10;2;112;from_main_grid;117.662
10;2;112;from_network;0.0
10;2;113;HP;52.714
10;2;113;EB;0.0
10;2;113;from_grid;107.941
10;2;113;from_main_grid;107.941
10;2;113;from_network;0.0
10;2;114;HP;61.421
10;2;114;EB;0.0
10;2;114;from_grid;125.925
10;2;114;from_main_grid;125.925
10;2;114;from_network;0.0
10;2;115;HP;63.964
10;2;115;EB;0.0
10;2;115;from_grid;130.518
10;2;115;from_main_grid;130.518
10;2;115;from_network;0.0
10;2;116;HP;65.555
10;2;116;EB;0.0
10;2;116;from_grid;138.776
10;2;116;from_main_grid;138.776
10;2;116;from_network;0.0
10;2;117;HP;67.37
10;2;117;EB;0.0
10;2;117;from_grid;124.55
10;2;117;from_main_grid;124.55
10;2;117;from_network;0.0
10;2;118;HP;60.84
10;2;118;EB;0.0
10;2;118;from_grid;119.971
10;2;118;from_main_grid;119.971
10;2;118;from_network;0.0
10;2;119;HP;154.85
10;2;119;EB;0.0
10;2;119;from_grid;195.298
10;2;119;from_main_grid;195.298
10;2;119;from_network;0.0
10;2;120;HP;0.0
10;2;120;EB;0.0
10;2;120;from_grid;7.595
10;2;120;from_main_grid;7.595
10;2;120;from_network;0.0
10;2;121;HP;132.795
10;2;121;EB;0.0
10;2;121;from_grid;150.953
10;2;121;from_main_grid;150.953
10;2;121;from_network;0.0
10;2;122;HP;0.0
10;2;122;EB;0.0
10;2;122;from_grid;9.93
10;2;122;from_main_grid;9.93
10;2;122;from_network;0.0
10;2;123;HP;80.884
10;2;123;EB;0.0
10;2;123;from_grid;90.219
10;2;123;from_main_grid;90.219
10;2;123;from_network;0.0
10;2;124;HP;82.269
10;2;124;EB;0.0
10;2;124;from_grid;93.236
10;2;124;from_main_grid;93.236
10;2;124;from_network;0.0
10;2;125;HP;83.747
10;2;125;EB;0.0
10;2;125;from_grid;93.953
10;2;125;from_main_grid;93.953
10;2;125;from_network;0.0
10;2;126;HP;94.934
10;2;126;EB;0.0
10;2;126;from_grid;109.836
10;2;126;from_main_grid;109.836
10;2;126;from_network;0.0
10;2;127;HP;90.387
10;2;127;EB;0.0
10;2;127;from_grid;132.75
10;2;127;from_main_grid;132.75
10;2;127;from_network;0.0
10;2;128;HP;79.389
10;2;128;EB;0.0
10;2;128;from_grid;149.552
10;2;128;from_main_grid;149.552
10;2;128;from_network;0.0
10;2;129;HP;77.786
10;2;129;EB;0.0
10;2;129;from_grid;120.648
10;2;129;from_main_grid;120.648
10;2;129;from_network;0.0
10;2;130;HP;73.75
10;2;130;EB;0.0
10;2;130;from_grid;117.007
10;2;130;from_main_grid;117.007
10;2;130;from_network;0.0
10;2;131;HP;63.676
10;2;131;EB;0.0
10;2;131;from_grid;102.625
10;2;131;from_main_grid;102.625
10;2;131;from_network;0.0
10;2;132;HP;58.802
10;2;132;EB;0.0
10;2;132;from_grid;97.11
10;2;132;from_main_grid;97.11
10;2;132;from_network;0.0
10;2;133;HP;48.377
10;2;133;EB;0.0
10;2;133;from_grid;90.48
10;2;133;from_main_grid;16.915
10;2;133;from_network;73.565
10;2;134;HP;143.579
10;2;134;EB;0.0
10;2;134;from_grid;177.085
10;2;134;from_main_grid;177.085
10;2;134;from_network;0.0
10;2;135;HP;145.744
10;2;135;EB;0.0
10;2;135;from_grid;189.644
10;2;135;from_main_grid;189.644
10;2;135;from_network;0.0
10;2;136;HP;0.0
10;2;136;EB;0.0
10;2;136;from_grid;54.745
10;2;136;from_main_grid;54.745
10;2;136;from_network;0.0
10;2;137;HP;0.0
10;2;137;EB;0.0
10;2;137;from_grid;59.686
10;2;137;from_main_grid;59.686
10;2;137;from_network;0.0
10;2;138;HP;0.0
10;2;138;EB;0.0
10;2;138;from_grid;63.869
10;2;138;from_main_grid;63.869
10;2;138;from_network;0.0
10;2;139;HP;151.379
10;2;139;EB;0.0
10;2;139;from_grid;231.466
10;2;139;from_main_grid;231.466
10;2;139;from_network;0.0
10;2;140;HP;0.0
10;2;140;EB;0.0
10;2;140;from_grid;69.934
10;2;140;from_main_grid;69.934
10;2;140;from_network;0.0
10;2;141;HP;0.0
10;2;141;EB;0.0
10;2;141;from_grid;76.027
10;2;141;from_main_grid;76.027
10;2;141;from_network;0.0
10;2;142;HP;89.706
10;2;142;EB;0.0
10;2;142;from_grid;157.81
10;2;142;from_main_grid;157.81
10;2;142;from_network;0.0
10;2;143;HP;0.0
10;2;143;EB;0.0
10;2;143;from_grid;47.912
10;2;143;from_main_grid;47.912
10;2;143;from_network;0.0
10;2;144;HP;70.818
10;2;144;EB;0.0
10;2;144;from_grid;78.465
10;2;144;from_main_grid;78.465
10;2;144;from_network;0.0
10;2;145;HP;72.709
10;2;145;EB;0.0
10;2;145;from_grid;86.381
10;2;145;from_main_grid;86.381
10;2;145;from_network;0.0
10;2;146;HP;76.004
10;2;146;EB;0.0
10;2;146;from_grid;87.869
10;2;146;from_main_grid;87.869
10;2;146;from_network;0.0
10;2;147;HP;76.994
10;2;147;EB;0.0
10;2;147;from_grid;88.968
10;2;147;from_main_grid;88.968
10;2;147;from_network;0.0
10;2;148;HP;79.014
10;2;148;EB;0.0
10;2;148;from_grid;90.92
10;2;148;from_main_grid;90.92
10;2;148;from_network;0.0
10;2;149;HP;79.7
10;2;149;EB;0.0
10;2;149;from_grid;89.267
10;2;149;from_main_grid;89.267
10;2;149;from_network;0.0
10;2;150;HP;92.676
10;2;150;EB;0.0
10;2;150;from_grid;105.238
10;2;150;from_main_grid;105.238
10;2;150;from_network;0.0
10;2;151;HP;91.942
10;2;151;EB;0.0
10;2;151;from_grid;133.546
10;2;151;from_main_grid;133.546
10;2;151;from_network;0.0
10;2;152;HP;80.992
10;2;152;EB;0.0
10;2;152;from_grid;122.781
10;2;152;from_main_grid;122.781
10;2;152;from_network;0.0
10;2;153;HP;76.643
10;2;153;EB;0.0
10;2;153;from_grid;119.13
10;2;153;from_main_grid;119.13
10;2;153;from_network;0.0
10;2;154;HP;72.004
10;2;154;EB;0.0
10;2;154;from_grid;126.329
10;2;154;from_main_grid;126.329
10;2;154;from_network;0.0
10;2;155;HP;68.618
10;2;155;EB;0.0
10;2;155;from_grid;102.195
10;2;155;from_main_grid;102.195
10;2;155;from_network;0.0
10;2;156;HP;63.569
10;2;156;EB;0.0
10;2;156;from_grid;98.033
10;2;156;from_main_grid;98.033
10;2;156;from_network;0.0
10;2;157;HP;49.93
10;2;157;EB;0.0
10;2;157;from_grid;105.479
10;2;157;from_main_grid;105.479
10;2;157;from_network;0.0
10;2;158;HP;44.011
10;2;158;EB;0.0
10;2;158;from_grid;85.828
10;2;158;from_main_grid;85.828
10;2;158;from_network;0.0
10;2;159;HP;41.152
10;2;159;EB;0.0
10;2;159;from_grid;75.1
10;2;159;from_main_grid;75.1
10;2;159;from_network;0.0
10;2;160;HP;38.46
10;2;160;EB;0.0
10;2;160;from_grid;90.397
10;2;160;from_main_grid;90.397
10;2;160;from_network;0.0
10;2;161;HP;38.813
10;2;161;EB;0.0
10;2;161;from_grid;96.008
10;2;161;from_main_grid;96.008
10;2;161;from_network;0.0
10;2;162;HP;48.304
10;2;162;EB;0.0
10;2;162;from_grid;106.905
10;2;162;from_main_grid;106.905
10;2;162;from_network;0.0
10;2;163;HP;50.822
10;2;163;EB;0.0
10;2;163;from_grid;111.75
10;2;163;from_main_grid;111.75
10;2;163;from_network;0.0
10;2;164;HP;49.822
10;2;164;EB;0.0
10;2;164;from_grid;111.778
10;2;164;from_main_grid;111.778
10;2;164;from_network;0.0
10;2;165;HP;52.006
10;2;165;EB;0.0
10;2;165;from_grid;111.095
10;2;165;from_main_grid;111.095
10;2;165;from_network;0.0
10;2;166;HP;64.592
10;2;166;EB;0.0
10;2;166;from_grid;137.042
10;2;166;from_main_grid;137.042
10;2;166;from_network;0.0
10;2;167;HP;145.744
10;2;167;EB;0.0
10;2;167;from_grid;203.86
10;2;167;from_main_grid;203.86
10;2;167;from_network;0.0
10;3;0;HP;3.0
10;3;0;EB;0.0
10;3;0;from_grid;10.579
10;3;0;from_main_grid;10.579
10;3;0;from_network;0.0
10;3;1;HP;164.248
10;3;1;EB;0.0
10;3;1;from_grid;175.46
10;3;1;from_main_grid;175.46
10;3;1;from_network;0.0
10;3;2;HP;164.34
10;3;2;EB;0.0
10;3;2;from_grid;175.065
10;3;2;from_main_grid;175.065
10;3;2;from_network;0.0
10;3;3;HP;166.459
10;3;3;EB;0.0
10;3;3;from_grid;177.391
10;3;3;from_main_grid;177.391
10;3;3;from_network;0.0
10;3;4;HP;189.304
10;3;4;EB;0.0
10;3;4;from_grid;200.137
10;3;4;from_main_grid;200.137
10;3;4;from_network;0.0
10;3;5;HP;154.641
10;3;5;EB;0.0
10;3;5;from_grid;165.085
10;3;5;from_main_grid;165.085
10;3;5;from_network;0.0
10;3;6;HP;191.577
10;3;6;EB;0.0
10;3;6;from_grid;207.164
10;3;6;from_main_grid;207.164
10;3;6;from_network;0.0
10;3;7;HP;188.46
10;3;7;EB;0.0
10;3;7;from_grid;232.999
10;3;7;from_main_grid;232.999
10;3;7;from_network;0.0
10;3;8;HP;173.847
10;3;8;EB;0.0
10;3;8;from_grid;237.035
10;3;8;from_main_grid;237.035
10;3;8;from_network;0.0
10;3;9;HP;171.16
10;3;9;EB;0.0
10;3;9;from_grid;215.593
10;3;9;from_main_grid;215.593
10;3;9;from_network;0.0
10;3;10;HP;163.346
10;3;10;EB;0.0
10;3;10;from_grid;207.771
10;3;10;from_main_grid;159.341
10;3;10;from_network;48.43
10;3;11;HP;155.523
10;3;11;EB;0.0
10;3;11;from_grid;188.647
10;3;11;from_main_grid;164.091
10;3;11;from_network;24.556
10;3;12;HP;152.346
10;3;12;EB;0.0
10;3;12;from_grid;187.24
10;3;12;from_main_grid;187.24
10;3;12;from_network;0.0
10;3;13;HP;138.179
10;3;13;EB;0.0
10;3;13;from_grid;172.689
10;3;13;from_main_grid;4.971
10;3;13;from_network;167.719
10;3;14;HP;170.945
10;3;14;EB;0.0
10;3;14;from_grid;208.447
10;3;14;from_main_grid;0.0
10;3;14;from_network;208.447
10;3;15;HP;170.074
10;3;15;EB;0.0
10;3;15;from_grid;201.334
10;3;15;from_main_grid;201.334
10;3;15;from_network;0.0
10;3;16;HP;172.253
10;3;16;EB;0.0
10;3;16;from_grid;225.862
10;3;16;from_main_grid;225.862
10;3;16;from_network;0.0
10;3;17;HP;157.809
10;3;17;EB;0.0
10;3;17;from_grid;221.101
10;3;17;from_main_grid;221.101
10;3;17;from_network;0.0
10;3;18;HP;177.491
10;3;18;EB;0.0
10;3;18;from_grid;236.01
10;3;18;from_main_grid;236.01
10;3;18;from_network;0.0
10;3;19;HP;0.0
10;3;19;EB;0.0
10;3;19;from_grid;72.949
10;3;19;from_main_grid;72.949
10;3;19;from_network;0.0
10;3;20;HP;7.34
10;3;20;EB;0.0
10;3;20;from_grid;72.095
10;3;20;from_main_grid;72.095
10;3;20;from_network;0.0
10;3;21;HP;145.509
10;3;21;EB;0.0
10;3;21;from_grid;220.871
10;3;21;from_main_grid;220.871
10;3;21;from_network;0.0
10;3;22;HP;186.238
10;3;22;EB;0.0
10;3;22;from_grid;252.606
10;3;22;from_main_grid;252.606
10;3;22;from_network;0.0
10;3;23;HP;187.99
10;3;23;EB;0.0
10;3;23;from_grid;244.021
10;3;23;from_main_grid;244.021
10;3;23;from_network;0.0
10;3;24;HP;189.743
10;3;24;EB;0.0
10;3;24;from_grid;197.345
10;3;24;from_main_grid;197.345
10;3;24;from_network;0.0
10;3;25;HP;45.002
10;3;25;EB;0.0
10;3;25;from_grid;60.263
10;3;25;from_main_grid;60.263
10;3;25;from_network;0.0
10;3;26;HP;167.727
10;3;26;EB;0.0
10;3;26;from_grid;179.515
10;3;26;from_main_grid;179.515
10;3;26;from_network;0.0
10;3;27;HP;171.02
10;3;27;EB;0.0
10;3;27;from_grid;181.05
10;3;27;from_main_grid;181.05
10;3;27;from_network;0.0
10;3;28;HP;174.205
10;3;28;EB;0.0
10;3;28;from_grid;185.725
10;3;28;from_main_grid;185.725
10;3;28;from_network;0.0
10;3;29;HP;177.479
10;3;29;EB;0.0
10;3;29;from_grid;190.365
10;3;29;from_main_grid;190.365
10;3;29;from_network;0.0
10;3;30;HP;192.173
10;3;30;EB;0.0
10;3;30;from_grid;204.611
10;3;30;from_main_grid;204.611
10;3;30;from_network;0.0
10;3;31;HP;192.94
10;3;31;EB;0.0
10;3;31;from_grid;233.758
10;3;31;from_main_grid;233.758
10;3;31;from_network;0.0
10;3;32;HP;179.42
10;3;32;EB;0.0
10;3;32;from_grid;232.371
10;3;32;from_main_grid;232.371
10;3;32;from_network;0.0
10;3;33;HP;174.567
10;3;33;EB;0.0
10;3;33;from_grid;223.039
10;3;33;from_main_grid;223.039
10;3;33;from_network;0.0
10;3;34;HP;166.951
10;3;34;EB;0.0
10;3;34;from_grid;209.551
10;3;34;from_main_grid;209.551
10;3;34;from_network;0.0
10;3;35;HP;157.84
10;3;35;EB;0.0
10;3;35;from_grid;188.965
10;3;35;from_main_grid;188.965
10;3;35;from_network;0.0
10;3;36;HP;155.927
10;3;36;EB;0.0
10;3;36;from_grid;196.499
10;3;36;from_main_grid;196.499
10;3;36;from_network;0.0
10;3;37;HP;148.927
10;3;37;EB;0.0
10;3;37;from_grid;187.787
10;3;37;from_main_grid;187.787
10;3;37;from_network;0.0
10;3;38;HP;147.96
10;3;38;EB;0.0
10;3;38;from_grid;198.631
10;3;38;from_main_grid;198.631
10;3;38;from_network;0.0
10;3;39;HP;151.209
10;3;39;EB;0.0
10;3;39;from_grid;199.896
10;3;39;from_main_grid;199.896
10;3;39;from_network;0.0
10;3;40;HP;148.467
10;3;40;EB;0.0
10;3;40;from_grid;213.021
10;3;40;from_main_grid;213.021
10;3;40;from_network;0.0
10;3;41;HP;151.658
10;3;41;EB;0.0
10;3;41;from_grid;218.323
10;3;41;from_main_grid;218.323
10;3;41;from_network;0.0
10;3;42;HP;163.247
10;3;42;EB;0.0
10;3;42;from_grid;230.237
10;3;42;from_main_grid;230.237
10;3;42;from_network;0.0
10;3;43;HP;163.163
10;3;43;EB;0.0
10;3;43;from_grid;231.18
10;3;43;from_main_grid;231.18
10;3;43;from_network;0.0
10;3;44;HP;161.085
10;3;44;EB;0.0
10;3;44;from_grid;233.73
10;3;44;from_main_grid;233.73
10;3;44;from_network;0.0
10;3;45;HP;160.197
10;3;45;EB;0.0
10;3;45;from_grid;216.58
10;3;45;from_main_grid;216.58
10;3;45;from_network;0.0
10;3;46;HP;147.433
10;3;46;EB;0.0
10;3;46;from_grid;209.689
10;3;46;from_main_grid;209.689
10;3;46;from_network;0.0
10;3;47;HP;145.538
10;3;47;EB;0.0
10;3;47;from_grid;175.146
10;3;47;from_main_grid;175.146
10;3;47;from_network;0.0
10;3;48;HP;117.837
10;3;48;EB;0.0
10;3;48;from_grid;125.428
10;3;48;from_main_grid;125.428
10;3;48;from_network;0.0
10;3;49;HP;111.662
10;3;49;EB;0.0
10;3;49;from_grid;121.035
10;3;49;from_main_grid;121.035
10;3;49;from_network;0.0
10;3;50;HP;107.233
10;3;50;EB;0.0
10;3;50;from_grid;118.395
10;3;50;from_main_grid;118.395
10;3;50;from_network;0.0
10;3;51;HP;104.135
10;3;51;EB;0.0
10;3;51;from_grid;115.472
10;3;51;from_main_grid;115.472
10;3;51;from_network;0.0
10;3;52;HP;103.646
10;3;52;EB;0.0
10;3;52;from_grid;115.58
10;3;52;from_main_grid;115.58
10;3;52;from_network;0.0
10;3;53;HP;104.159
10;3;53;EB;0.0
10;3;53;from_grid;114.905
10;3;53;from_main_grid;114.905
10;3;53;from_network;0.0
10;3;54;HP;103.498
10;3;54;EB;0.0
10;3;54;from_grid;119.078
10;3;54;from_main_grid;119.078
10;3;54;from_network;0.0
10;3;55;HP;127.896
10;3;55;EB;0.0
10;3;55;from_grid;164.206
10;3;55;from_main_grid;164.206
10;3;55;from_network;0.0
10;3;56;HP;128.442
10;3;56;EB;0.0
10;3;56;from_grid;189.728
10;3;56;from_main_grid;189.728
10;3;56;from_network;0.0
10;3;57;HP;110.626
10;3;57;EB;0.0
10;3;57;from_grid;146.993
10;3;57;from_main_grid;146.993
10;3;57;from_network;0.0
10;3;58;HP;112.566
10;3;58;EB;0.0
10;3;58;from_grid;153.164
10;3;58;from_main_grid;153.164
10;3;58;from_network;0.0
10;3;59;HP;109.392
10;3;59;EB;0.0
10;3;59;from_grid;147.421
10;3;59;from_main_grid;147.421
10;3;59;from_network;0.0
10;3;60;HP;103.334
10;3;60;EB;0.0
10;3;60;from_grid;136.422
10;3;60;from_main_grid;136.422
10;3;60;from_network;0.0
10;3;61;HP;95.7
10;3;61;EB;0.0
10;3;61;from_grid;139.755
10;3;61;from_main_grid;118.393
10;3;61;from_network;21.362
10;3;62;HP;90.84
10;3;62;EB;0.0
10;3;62;from_grid;125.581
10;3;62;from_main_grid;0.0
10;3;62;from_network;125.581
10;3;63;HP;97.7
10;3;63;EB;0.0
10;3;63;from_grid;134.742
10;3;63;from_main_grid;43.245
10;3;63;from_network;91.497
10;3;64;HP;94.133
10;3;64;EB;0.0
10;3;64;from_grid;150.28
10;3;64;from_main_grid;150.28
10;3;64;from_network;0.0
10;3;65;HP;165.282
10;3;65;EB;0.0
10;3;65;from_grid;218.38
10;3;65;from_main_grid;218.38
10;3;65;from_network;0.0
10;3;66;HP;166.588
10;3;66;EB;0.0
10;3;66;from_grid;230.364
10;3;66;from_main_grid;230.364
10;3;66;from_network;0.0
10;3;67;HP;168.766
10;3;67;EB;0.0
10;3;67;from_grid;227.987
10;3;67;from_main_grid;227.987
10;3;67;from_network;0.0
10;3;68;HP;82.959
10;3;68;EB;0.0
10;3;68;from_grid;143.619
10;3;68;from_main_grid;143.619
10;3;68;from_network;0.0
10;3;69;HP;0.0
10;3;69;EB;0.0
10;3;69;from_grid;79.863
10;3;69;from_main_grid;79.863
10;3;69;from_network;0.0
10;3;70;HP;0.0
10;3;70;EB;0.0
10;3;70;from_grid;56.541
10;3;70;from_main_grid;56.541
10;3;70;from_network;0.0
10;3;71;HP;105.129
10;3;71;EB;0.0
10;3;71;from_grid;149.885
10;3;71;from_main_grid;149.885
10;3;71;from_network;0.0
10;3;72;HP;108.673
10;3;72;EB;0.0
10;3;72;from_grid;118.1
10;3;72;from_main_grid;118.1
10;3;72;from_network;0.0
10;3;73;HP;109.33
10;3;73;EB;0.0
10;3;73;from_grid;125.305
10;3;73;from_main_grid;125.305
10;3;73;from_network;0.0
10;3;74;HP;111.856
10;3;74;EB;0.0
10;3;74;from_grid;121.989
10;3;74;from_main_grid;121.989
10;3;74;from_network;0.0
10;3;75;HP;115.72
10;3;75;EB;0.0
10;3;75;from_grid;130.648
10;3;75;from_main_grid;130.648
10;3;75;from_network;0.0
10;3;76;HP;114.86
10;3;76;EB;0.0
10;3;76;from_grid;127.028
10;3;76;from_main_grid;127.028
10;3;76;from_network;0.0
10;3;77;HP;116.222
10;3;77;EB;0.0
10;3;77;from_grid;129.417
10;3;77;from_main_grid;129.417
10;3;77;from_network;0.0
10;3;78;HP;173.126
10;3;78;EB;0.0
10;3;78;from_grid;189.153
10;3;78;from_main_grid;189.153
10;3;78;from_network;0.0
10;3;79;HP;84.654
10;3;79;EB;0.0
10;3;79;from_grid;107.203
10;3;79;from_main_grid;107.203
10;3;79;from_network;0.0
10;3;80;HP;147.325
10;3;80;EB;0.0
10;3;80;from_grid;171.282
10;3;80;from_main_grid;171.282
10;3;80;from_network;0.0
10;3;81;HP;124.131
10;3;81;EB;0.0
10;3;81;from_grid;162.12
10;3;81;from_main_grid;162.12
10;3;81;from_network;0.0
10;3;82;HP;124.206
10;3;82;EB;0.0
10;3;82;from_grid;178.652
10;3;82;from_main_grid;178.652
10;3;82;from_network;0.0
10;3;83;HP;124.042
10;3;83;EB;0.0
10;3;83;from_grid;170.322
10;3;83;from_main_grid;170.322
10;3;83;from_network;0.0
10;3;84;HP;117.689
10;3;84;EB;0.0
10;3;84;from_grid;167.826
10;3;84;from_main_grid;167.826
10;3;84;from_network;0.0
10;3;85;HP;172.253
10;3;85;EB;0.0
10;3;85;from_grid;218.483
10;3;85;from_main_grid;218.483
10;3;85;from_network;0.0
10;3;86;HP;54.19
10;3;86;EB;0.0
10;3;86;from_grid;95.639
10;3;86;from_main_grid;0.0
10;3;86;from_network;95.639
10;3;87;HP;175.308
10;3;87;EB;0.0
10;3;87;from_grid;211.253
10;3;87;from_main_grid;211.253
10;3;87;from_network;0.0
10;3;88;HP;177.491
10;3;88;EB;0.0
10;3;88;from_grid;219.645
10;3;88;from_main_grid;219.645
10;3;88;from_network;0.0
10;3;89;HP;177.928
10;3;89;EB;0.0
10;3;89;from_grid;238.828
10;3;89;from_main_grid;238.828
10;3;89;from_network;0.0
10;3;90;HP;180.112
10;3;90;EB;0.0
10;3;90;from_grid;232.442
10;3;90;from_main_grid;232.442
10;3;90;from_network;0.0
10;3;91;HP;31.614
10;3;91;EB;0.0
10;3;91;from_grid;97.188
10;3;91;from_main_grid;97.188
10;3;91;from_network;0.0
10;3;92;HP;0.0
10;3;92;EB;0.0
10;3;92;from_grid;63.903
10;3;92;from_main_grid;63.903
10;3;92;from_network;0.0
10;3;93;HP;142.825
10;3;93;EB;0.0
10;3;93;from_grid;203.928
10;3;93;from_main_grid;203.928
10;3;93;from_network;0.0
10;3;94;HP;149.077
10;3;94;EB;0.0
10;3;94;from_grid;202.412
10;3;94;from_main_grid;202.412
10;3;94;from_network;0.0
10;3;95;HP;146.156
10;3;95;EB;0.0
10;3;95;from_grid;189.043
10;3;95;from_main_grid;189.043
10;3;95;from_network;0.0
10;3;96;HP;181.916
10;3;96;EB;0.0
10;3;96;from_grid;191.522
10;3;96;from_main_grid;191.522
10;3;96;from_network;0.0
10;3;97;HP;189.932
10;3;97;EB;0.0
10;3;97;from_grid;205.643
10;3;97;from_main_grid;205.643
10;3;97;from_network;0.0
10;3;98;HP;191.936
10;3;98;EB;0.0
10;3;98;from_grid;203.435
10;3;98;from_main_grid;203.435
10;3;98;from_network;0.0
10;3;99;HP;193.252
10;3;99;EB;0.0
10;3;99;from_grid;205.908
10;3;99;from_main_grid;205.908
10;3;99;from_network;0.0
10;3;100;HP;191.497
10;3;100;EB;0.0
10;3;100;from_grid;203.347
10;3;100;from_main_grid;203.347
10;3;100;from_network;0.0
10;3;101;HP;188.866
10;3;101;EB;0.0
10;3;101;from_grid;199.112
10;3;101;from_main_grid;199.112
10;3;101;from_network;0.0
10;3;102;HP;187.114
10;3;102;EB;0.0
10;3;102;from_grid;197.95
10;3;102;from_main_grid;197.95
10;3;102;from_network;0.0
10;3;103;HP;186.238
10;3;103;EB;0.0
10;3;103;from_grid;217.062
10;3;103;from_main_grid;217.062
10;3;103;from_network;0.0
10;3;104;HP;171.74
10;3;104;EB;0.0
10;3;104;from_grid;220.528
10;3;104;from_main_grid;220.528
10;3;104;from_network;0.0
10;3;105;HP;181.861
10;3;105;EB;0.0
10;3;105;from_grid;236.617
10;3;105;from_main_grid;236.617
10;3;105;from_network;0.0
10;3;106;HP;158.049
10;3;106;EB;0.0
10;3;106;from_grid;223.176
10;3;106;from_main_grid;223.176
10;3;106;from_network;0.0
10;3;107;HP;173.206
10;3;107;EB;0.0
10;3;107;from_grid;226.512
10;3;107;from_main_grid;226.512
10;3;107;from_network;0.0
10;3;108;HP;179.458
10;3;108;EB;0.0
10;3;108;from_grid;234.493
10;3;108;from_main_grid;234.493
10;3;108;from_network;0.0
10;3;109;HP;167.29
10;3;109;EB;0.0
10;3;109;from_grid;216.384
10;3;109;from_main_grid;216.384
10;3;109;from_network;0.0
10;3;110;HP;165.154
10;3;110;EB;0.0
10;3;110;from_grid;215.796
10;3;110;from_main_grid;215.796
10;3;110;from_network;0.0
10;3;111;HP;161.995
10;3;111;EB;0.0
10;3;111;from_grid;214.903
10;3;111;from_main_grid;214.903
10;3;111;from_network;0.0
10;3;112;HP;156.335
10;3;112;EB;0.0
10;3;112;from_grid;224.25
10;3;112;from_main_grid;224.25
10;3;112;from_network;0.0
10;3;113;HP;155.464
10;3;113;EB;0.0
10;3;113;from_grid;221.639
10;3;113;from_main_grid;221.639
10;3;113;from_network;0.0
10;3;114;HP;166.725
10;3;114;EB;0.0
10;3;114;from_grid;241.443
10;3;114;from_main_grid;241.443
10;3;114;from_network;0.0
10;3;115;HP;162.718
10;3;115;EB;0.0
10;3;115;from_grid;234.999
10;3;115;from_main_grid;234.999
10;3;115;from_network;0.0
10;3;116;HP;162.919
10;3;116;EB;0.0
10;3;116;from_grid;219.347
10;3;116;from_main_grid;219.347
10;3;116;from_network;0.0
10;3;117;HP;162.389
10;3;117;EB;0.0
10;3;117;from_grid;234.775
10;3;117;from_main_grid;234.775
10;3;117;from_network;0.0
10;3;118;HP;181.424
10;3;118;EB;0.0
10;3;118;from_grid;236.456
10;3;118;from_main_grid;236.456
10;3;118;from_network;0.0
10;3;119;HP;182.299
10;3;119;EB;0.0
10;3;119;from_grid;221.117
10;3;119;from_main_grid;221.117
10;3;119;from_network;0.0
10;3;120;HP;182.299
10;3;120;EB;0.0
10;3;120;from_grid;190.096
10;3;120;from_main_grid;190.096
10;3;120;from_network;0.0
10;3;121;HP;183.174
10;3;121;EB;0.0
10;3;121;from_grid;198.605
10;3;121;from_main_grid;198.605
10;3;121;from_network;0.0
10;3;122;HP;185.8
10;3;122;EB;0.0
10;3;122;from_grid;197.935
10;3;122;from_main_grid;197.935
10;3;122;from_network;0.0
10;3;123;HP;188.866
10;3;123;EB;0.0
10;3;123;from_grid;199.767
10;3;123;from_main_grid;199.767
10;3;123;from_network;0.0
10;3;124;HP;192.374
10;3;124;EB;0.0
10;3;124;from_grid;202.596
10;3;124;from_main_grid;202.596
10;3;124;from_network;0.0
10;3;125;HP;19.498
10;3;125;EB;0.0
10;3;125;from_grid;29.406
10;3;125;from_main_grid;29.406
10;3;125;from_network;0.0
10;3;126;HP;194.569
10;3;126;EB;0.0
10;3;126;from_grid;213.928
10;3;126;from_main_grid;213.928
10;3;126;from_network;0.0
10;3;127;HP;195.008
10;3;127;EB;0.0
10;3;127;from_grid;246.001
10;3;127;from_main_grid;246.001
10;3;127;from_network;0.0
10;3;128;HP;184.953
10;3;128;EB;0.0
10;3;128;from_grid;234.263
10;3;128;from_main_grid;234.263
10;3;128;from_network;0.0
10;3;129;HP;178.81
10;3;129;EB;0.0
10;3;129;from_grid;232.986
10;3;129;from_main_grid;232.986
10;3;129;from_network;0.0
10;3;130;HP;170.026
10;3;130;EB;0.0
10;3;130;from_grid;222.368
10;3;130;from_main_grid;222.368
10;3;130;from_network;0.0
10;3;131;HP;168.087
10;3;131;EB;0.0
10;3;131;from_grid;220.248
10;3;131;from_main_grid;220.248
10;3;131;from_network;0.0
10;3;132;HP;166.358
10;3;132;EB;0.0
10;3;132;from_grid;205.929
10;3;132;from_main_grid;205.929
10;3;132;from_network;0.0
10;3;133;HP;152.4
10;3;133;EB;0.0
10;3;133;from_grid;185.774
10;3;133;from_main_grid;158.978
10;3;133;from_network;26.796
10;3;134;HP;151.741
10;3;134;EB;0.0
10;3;134;from_grid;204.788
10;3;134;from_main_grid;204.788
10;3;134;from_network;0.0
10;3;135;HP;154.25
10;3;135;EB;0.0
10;3;135;from_grid;199.866
10;3;135;from_main_grid;199.866
10;3;135;from_network;0.0
10;3;136;HP;183.611
10;3;136;EB;0.0
10;3;136;from_grid;241.857
10;3;136;from_main_grid;241.857
10;3;136;from_network;0.0
10;3;137;HP;122.04
10;3;137;EB;0.0
10;3;137;from_grid;189.082
10;3;137;from_main_grid;189.082
10;3;137;from_network;0.0
10;3;138;HP;167.094
10;3;138;EB;0.0
10;3;138;from_grid;238.504
10;3;138;from_main_grid;238.504
10;3;138;from_network;0.0
10;3;139;HP;188.428
10;3;139;EB;0.0
10;3;139;from_grid;272.955
10;3;139;from_main_grid;272.955
10;3;139;from_network;0.0
10;3;140;HP;161.351
10;3;140;EB;0.0
10;3;140;from_grid;226.367
10;3;140;from_main_grid;226.367
10;3;140;from_network;0.0
10;3;141;HP;180.048
10;3;141;EB;0.0
10;3;141;from_grid;252.397
10;3;141;from_main_grid;252.397
10;3;141;from_network;0.0
10;3;142;HP;170.552
10;3;142;EB;0.0
10;3;142;from_grid;241.8
10;3;142;from_main_grid;241.8
10;3;142;from_network;0.0
10;3;143;HP;175.913
10;3;143;EB;0.0
10;3;143;from_grid;221.825
10;3;143;from_main_grid;221.825
10;3;143;from_network;0.0
10;3;144;HP;191.497
10;3;144;EB;0.0
10;3;144;from_grid;199.067
10;3;144;from_main_grid;199.067
10;3;144;from_network;0.0
10;3;145;HP;166.624
10;3;145;EB;0.0
10;3;145;from_grid;178.147
10;3;145;from_main_grid;178.147
10;3;145;from_network;0.0
10;3;146;HP;192.813
10;3;146;EB;0.0
10;3;146;from_grid;203.029
10;3;146;from_main_grid;203.029
10;3;146;from_network;0.0
10;3;147;HP;177.394
10;3;147;EB;0.0
10;3;147;from_grid;188.474
10;3;147;from_main_grid;188.474
10;3;147;from_network;0.0
10;3;148;HP;194.13
10;3;148;EB;0.0
10;3;148;from_grid;204.498
10;3;148;from_main_grid;204.498
10;3;148;from_network;0.0
10;3;149;HP;194.569
10;3;149;EB;0.0
10;3;149;from_grid;207.564
10;3;149;from_main_grid;207.564
10;3;149;from_network;0.0
10;3;150;HP;193.252
10;3;150;EB;0.0
10;3;150;from_grid;212.618
10;3;150;from_main_grid;212.618
10;3;150;from_network;0.0
10;3;151;HP;191.497
10;3;151;EB;0.0
10;3;151;from_grid;227.915
10;3;151;from_main_grid;227.915
10;3;151;from_network;0.0
10;3;152;HP;178.151
10;3;152;EB;0.0
10;3;152;from_grid;235.412
10;3;152;from_main_grid;235.412
10;3;152;from_network;0.0
10;3;153;HP;164.609
10;3;153;EB;0.0
10;3;153;from_grid;202.212
10;3;153;from_main_grid;202.212
10;3;153;from_network;0.0
10;3;154;HP;154.232
10;3;154;EB;0.0
10;3;154;from_grid;190.907
10;3;154;from_main_grid;94.453
10;3;154;from_network;96.454
10;3;155;HP;141.418
10;3;155;EB;0.0
10;3;155;from_grid;179.419
10;3;155;from_main_grid;179.419
10;3;155;from_network;0.0
10;3;156;HP;141.421
10;3;156;EB;0.0
10;3;156;from_grid;177.029
10;3;156;from_main_grid;177.029
10;3;156;from_network;0.0
10;3;157;HP;172.253
10;3;157;EB;0.0
10;3;157;from_grid;216.848
10;3;157;from_main_grid;216.848
10;3;157;from_network;0.0
10;3;158;HP;85.91
10;3;158;EB;0.0
10;3;158;from_grid;132.587
10;3;158;from_main_grid;132.587
10;3;158;from_network;0.0
10;3;159;HP;127.808
10;3;159;EB;0.0
10;3;159;from_grid;177.401
10;3;159;from_main_grid;177.401
10;3;159;from_network;0.0
10;3;160;HP;124.224
10;3;160;EB;0.0
10;3;160;from_grid;174.524
10;3;160;from_main_grid;174.524
10;3;160;from_network;0.0
10;3;161;HP;122.117
10;3;161;EB;0.0
10;3;161;from_grid;195.117
10;3;161;from_main_grid;195.117
10;3;161;from_network;0.0
10;3;162;HP;129.505
10;3;162;EB;0.0
10;3;162;from_grid;194.57
10;3;162;from_main_grid;194.57
10;3;162;from_network;0.0
10;3;163;HP;131.982
10;3;163;EB;0.0
10;3;163;from_grid;209.688
10;3;163;from_main_grid;209.688
10;3;163;from_network;0.0
10;3;164;HP;127.049
10;3;164;EB;0.0
10;3;164;from_grid;183.758
10;3;164;from_main_grid;183.758
10;3;164;from_network;0.0
10;3;165;HP;165.822
10;3;165;EB;0.0
10;3;165;from_grid;233.289
10;3;165;from_main_grid;233.289
10;3;165;from_network;0.0
10;3;166;HP;171.381
10;3;166;EB;0.0
10;3;166;from_grid;237.953
10;3;166;from_main_grid;237.953
10;3;166;from_network;0.0
10;3;167;HP;173.126
10;3;167;EB;0.0
10;3;167;from_grid;225.953
10;3;167;from_main_grid;225.953
10;3;167;from_network;0.0
15;0;0;HP;153.002
15;0;0;EB;0.0
15;0;0;from_grid;160.519
15;0;0;from_main_grid;160.519
15;0;0;from_network;0.0
15;0;1;HP;178.364
15;0;1;EB;0.0
15;0;1;from_grid;189.743
15;0;1;from_main_grid;189.743
15;0;1;from_network;0.0
15;0;2;HP;0.0
15;0;2;EB;0.0
15;0;2;from_grid;9.868
15;0;2;from_main_grid;9.868
15;0;2;from_network;0.0
15;0;3;HP;0.0
15;0;3;EB;0.0
15;0;3;from_grid;11.078
15;0;3;from_main_grid;11.078
15;0;3;from_network;0.0
15;0;4;HP;128.403
15;0;4;EB;0.0
15;0;4;from_grid;138.34
15;0;4;from_main_grid;138.34
15;0;4;from_network;0.0
15;0;5;HP;128.897
15;0;5;EB;0.0
15;0;5;from_grid;140.482
15;0;5;from_main_grid;140.482
15;0;5;from_network;0.0
15;0;6;HP;140.921
15;0;6;EB;0.0
15;0;6;from_grid;155.023
15;0;6;from_main_grid;155.023
15;0;6;from_network;0.0
15;0;7;HP;137.397
15;0;7;EB;0.0
15;0;7;from_grid;177.601
15;0;7;from_main_grid;177.601
15;0;7;from_network;0.0
15;0;8;HP;113.168
15;0;8;EB;0.0
15;0;8;from_grid;160.708
15;0;8;from_main_grid;160.708
15;0;8;from_network;0.0
15;0;9;HP;98.192
15;0;9;EB;0.0
15;0;9;from_grid;152.387
15;0;9;from_main_grid;152.387
15;0;9;from_network;0.0
15;0;10;HP;84.437
15;0;10;EB;0.0
15;0;10;from_grid;127.399
15;0;10;from_main_grid;127.399
15;0;10;from_network;0.0
15;0;11;HP;74.645
15;0;11;EB;0.0
15;0;11;from_grid;119.829
15;0;11;from_main_grid;0.0
15;0;11;from_network;119.829
15;0;12;HP;73.747
15;0;12;EB;0.0
15;0;12;from_grid;114.513
15;0;12;from_main_grid;114.513
15;0;12;from_network;0.0
15;0;13;HP;63.169
15;0;13;EB;0.0
15;0;13;from_grid;104.383
15;0;13;from_main_grid;104.383
15;0;13;from_network;0.0
15;0;14;HP;148.344
15;0;14;EB;0.0
15;0;14;from_grid;199.471
15;0;14;from_main_grid;199.471
15;0;14;from_network;0.0
15;0;15;HP;104.942
15;0;15;EB;0.0
15;0;15;from_grid;149.739
15;0;15;from_main_grid;149.739
15;0;15;from_network;0.0
15;0;16;HP;153.982
15;0;16;EB;0.0
15;0;16;from_grid;190.93
15;0;16;from_main_grid;128.192
15;0;16;from_network;62.738
15;0;17;HP;0.0
15;0;17;EB;0.0
15;0;17;from_grid;56.5
15;0;17;from_main_grid;56.5
15;0;17;from_network;0.0
15;0;18;HP;130.85
15;0;18;EB;0.0
15;0;18;from_grid;192.08
15;0;18;from_main_grid;192.08
15;0;18;from_network;0.0
15;0;19;HP;0.0
15;0;19;EB;0.0
15;0;19;from_grid;65.85
15;0;19;from_main_grid;65.85
15;0;19;from_network;0.0
15;0;20;HP;160.497
15;0;20;EB;0.0
15;0;20;from_grid;234.723
15;0;20;from_main_grid;234.723
15;0;20;from_network;0.0
15;0;21;HP;84.971
15;0;21;EB;0.0
15;0;21;from_grid;152.522
15;0;21;from_main_grid;152.522
15;0;21;from_network;0.0
15;0;22;HP;32.733
15;0;22;EB;0.0
15;0;22;from_grid;91.176
15;0;22;from_main_grid;91.176
15;0;22;from_network;0.0
15;0;23;HP;0.0
15;0;23;EB;0.0
15;0;23;from_grid;36.401
15;0;23;from_main_grid;36.401
15;0;23;from_network;0.0
15;0;24;HP;0.0
15;0;24;EB;0.0
15;0;24;from_grid;10.609
15;0;24;from_main_grid;10.609
15;0;24;from_network;0.0
15;0;25;HP;111.309
15;0;25;EB;0.0
15;0;25;from_grid;128.024
15;0;25;from_main_grid;128.024
15;0;25;from_network;0.0
15;0;26;HP;117.223
15;0;26;EB;0.0
15;0;26;from_grid;127.886
15;0;26;from_main_grid;127.886
15;0;26;from_network;0.0
15;0;27;HP;122.074
15;0;27;EB;0.0
15;0;27;from_grid;135.467
15;0;27;from_main_grid;135.467
15;0;27;from_network;0.0
15;0;28;HP;124.811
15;0;28;EB;0.0
15;0;28;from_grid;136.797
15;0;28;from_main_grid;136.797
15;0;28;from_network;0.0
15;0;29;HP;183.611
15;0;29;EB;0.0
15;0;29;from_grid;196.147
15;0;29;from_main_grid;196.147
15;0;29;from_network;0.0
15;0;30;HP;94.718
15;0;30;EB;0.0
15;0;30;from_grid;109.631
15;0;30;from_main_grid;109.631
15;0;30;from_network;0.0
15;0;31;HP;151.419
15;0;31;EB;0.0
15;0;31;from_grid;190.5
15;0;31;from_main_grid;190.5
15;0;31;from_network;0.0
15;0;32;HP;136.842
15;0;32;EB;0.0
15;0;32;from_grid;188.99
15;0;32;from_main_grid;188.99
15;0;32;from_network;0.0
15;0;33;HP;133.505
15;0;33;EB;0.0
15;0;33;from_grid;175.146
15;0;33;from_main_grid;175.146
15;0;33;from_network;0.0
15;0;34;HP;126.279
15;0;34;EB;0.0
15;0;34;from_grid;167.305
15;0;34;from_main_grid;167.305
15;0;34;from_network;0.0
15;0;35;HP;120.204
15;0;35;EB;0.0
15;0;35;from_grid;163.023
15;0;35;from_main_grid;163.023
15;0;35;from_network;0.0
15;0;36;HP;117.411
15;0;36;EB;0.0
15;0;36;from_grid;153.762
15;0;36;from_main_grid;153.762
15;0;36;from_network;0.0
15;0;37;HP;180.112
15;0;37;EB;0.0
15;0;37;from_grid;216.37
15;0;37;from_main_grid;0.0
15;0;37;from_network;216.37
15;0;38;HP;178.801
15;0;38;EB;0.0
15;0;38;from_grid;219.592
15;0;38;from_main_grid;0.0
15;0;38;from_network;219.592
15;0;39;HP;0.0
15;0;39;EB;0.0
15;0;39;from_grid;39.624
15;0;39;from_main_grid;0.0
15;0;39;from_network;39.624
15;0;40;HP;81.393
15;0;40;EB;0.0
15;0;40;from_grid;130.711
15;0;40;from_main_grid;130.711
15;0;40;from_network;0.0
15;0;41;HP;99.424
15;0;41;EB;0.0
15;0;41;from_grid;168.787
15;0;41;from_main_grid;168.787
15;0;41;from_network;0.0
15;0;42;HP;107.856
15;0;42;EB;0.0
15;0;42;from_grid;176.49
15;0;42;from_main_grid;176.49
15;0;42;from_network;0.0
15;0;43;HP;110.765
15;0;43;EB;0.0
15;0;43;from_grid;173.206
15;0;43;from_main_grid;173.206
15;0;43;from_network;0.0
15;0;44;HP;113.214
15;0;44;EB;0.0
15;0;44;from_grid;182.779
15;0;44;from_main_grid;182.779
15;0;44;from_network;0.0
15;0;45;HP;115.521
15;0;45;EB;0.0
15;0;45;from_grid;180.491
15;0;45;from_main_grid;180.491
15;0;45;from_network;0.0
15;0;46;HP;106.019
15;0;46;EB;0.0
15;0;46;from_grid;163.77
15;0;46;from_main_grid;163.77
15;0;46;from_network;0.0
15;0;47;HP;109.202
15;0;47;EB;0.0
15;0;47;from_grid;152.929
15;0;47;from_main_grid;152.929
15;0;47;from_network;0.0
15;0;48;HP;93.926
15;0;48;EB;0.0
15;0;48;from_grid;101.393
15;0;48;from_main_grid;101.393
15;0;48;from_network;0.0
15;0;49;HP;92.712
15;0;49;EB;0.0
15;0;49;from_grid;109.007
15;0;49;from_main_grid;109.007
15;0;49;from_network;0.0
15;0;50;HP;94.256
15;0;50;EB;0.0
15;0;50;from_grid;105.12
15;0;50;from_main_grid;105.12
15;0;50;from_network;0.0
15;0;51;HP;97.161
15;0;51;EB;0.0
15;0;51;from_grid;108.285
15;0;51;from_main_grid;108.285
15;0;51;from_network;0.0
15;0;52;HP;97.779
15;0;52;EB;0.0
15;0;52;from_grid;108.094
15;0;52;from_main_grid;108.094
15;0;52;from_network;0.0
15;0;53;HP;99.819
15;0;53;EB;0.0
15;0;53;from_grid;110.163
15;0;53;from_main_grid;110.163
15;0;53;from_network;0.0
15;0;54;HP;99.212
15;0;54;EB;0.0
15;0;54;from_grid;114.657
15;0;54;from_main_grid;114.657
15;0;54;from_network;0.0
15;0;55;HP;121.867
15;0;55;EB;0.0
15;0;55;from_grid;159.26
15;0;55;from_main_grid;159.26
15;0;55;from_network;0.0
15;0;56;HP;124.33
15;0;56;EB;0.0
15;0;56;from_grid;181.31
15;0;56;from_main_grid;181.31
15;0;56;from_network;0.0
15;0;57;HP;98.596
15;0;57;EB;0.0
15;0;57;from_grid;139.403
15;0;57;from_main_grid;24.062
15;0;57;from_network;115.341
15;0;58;HP;91.384
15;0;58;EB;0.0
15;0;58;from_grid;125.611
15;0;58;from_main_grid;125.611
15;0;58;from_network;0.0
15;0;59;HP;79.143
15;0;59;EB;0.0
15;0;59;from_grid;120.922
15;0;59;from_main_grid;5.58
15;0;59;from_network;115.342
15;0;60;HP;69.959
15;0;60;EB;0.0
15;0;60;from_grid;104.155
15;0;60;from_main_grid;0.0
15;0;60;from_network;104.155
15;0;61;HP;64.476
15;0;61;EB;0.0
15;0;61;from_grid;97.514
15;0;61;from_main_grid;46.274
15;0;61;from_network;51.24
15;0;62;HP;62.527
15;0;62;EB;0.0
15;0;62;from_grid;94.0
15;0;62;from_main_grid;36.274
15;0;62;from_network;57.726
15;0;63;HP;62.494
15;0;63;EB;0.0
15;0;63;from_grid;97.358
15;0;63;from_main_grid;51.859
15;0;63;from_network;45.499
15;0;64;HP;54.994
15;0;64;EB;0.0
15;0;64;from_grid;98.568
15;0;64;from_main_grid;24.211
15;0;64;from_network;74.358
15;0;65;HP;42.066
15;0;65;EB;0.0
15;0;65;from_grid;95.798
15;0;65;from_main_grid;95.798
15;0;65;from_network;0.0
15;0;66;HP;40.543
15;0;66;EB;0.0
15;0;66;from_grid;111.846
15;0;66;from_main_grid;111.846
15;0;66;from_network;0.0
15;0;67;HP;151.812
15;0;67;EB;0.0
15;0;67;from_grid;220.192
15;0;67;from_main_grid;220.192
15;0;67;from_network;0.0
15;0;68;HP;0.0
15;0;68;EB;0.0
15;0;68;from_grid;58.499
15;0;68;from_main_grid;58.499
15;0;68;from_network;0.0
15;0;69;HP;0.0
15;0;69;EB;0.0
15;0;69;from_grid;58.384
15;0;69;from_main_grid;58.384
15;0;69;from_network;0.0
15;0;70;HP;58.322
15;0;70;EB;0.0
15;0;70;from_grid;113.032
15;0;70;from_main_grid;113.032
15;0;70;from_network;0.0
15;0;71;HP;54.61
15;0;71;EB;0.0
15;0;71;from_grid;99.214
15;0;71;from_main_grid;99.214
15;0;71;from_network;0.0
15;0;72;HP;122.964
15;0;72;EB;0.0
15;0;72;from_grid;132.429
15;0;72;from_main_grid;132.429
15;0;72;from_network;0.0
15;0;73;HP;0.0
15;0;73;EB;0.0
15;0;73;from_grid;17.397
15;0;73;from_main_grid;17.397
15;0;73;from_network;0.0
15;0;74;HP;66.641
15;0;74;EB;0.0
15;0;74;from_grid;76.729
15;0;74;from_main_grid;76.729
15;0;74;from_network;0.0
15;0;75;HP;67.6
15;0;75;EB;0.0
15;0;75;from_grid;80.757
15;0;75;from_main_grid;80.757
15;0;75;from_network;0.0
15;0;76;HP;66.945
15;0;76;EB;0.0
15;0;76;from_grid;76.615
15;0;76;from_main_grid;76.615
15;0;76;from_network;0.0
15;0;77;HP;67.871
15;0;77;EB;0.0
15;0;77;from_grid;78.869
15;0;77;from_main_grid;78.869
15;0;77;from_network;0.0
15;0;78;HP;68.23
15;0;78;EB;0.0
15;0;78;from_grid;81.916
15;0;78;from_main_grid;81.916
15;0;78;from_network;0.0
15;0;79;HP;90.508
15;0;79;EB;0.0
15;0;79;from_grid;109.775
15;0;79;from_main_grid;109.775
15;0;79;from_network;0.0
15;0;80;HP;89.165
15;0;80;EB;0.0
15;0;80;from_grid;120.684
15;0;80;from_main_grid;120.684
15;0;80;from_network;0.0
15;0;81;HP;66.695
15;0;81;EB;0.0
15;0;81;from_grid;107.595
15;0;81;from_main_grid;107.595
15;0;81;from_network;0.0
15;0;82;HP;63.118
15;0;82;EB;0.0
15;0;82;from_grid;103.166
15;0;82;from_main_grid;103.166
15;0;82;from_network;0.0
15;0;83;HP;59.284
15;0;83;EB;0.0
15;0;83;from_grid;90.301
15;0;83;from_main_grid;90.301
15;0;83;from_network;0.0
15;0;84;HP;54.8
15;0;84;EB;0.0
15;0;84;from_grid;99.993
15;0;84;from_main_grid;99.993
15;0;84;from_network;0.0
15;0;85;HP;51.35
15;0;85;EB;0.0
15;0;85;from_grid;97.731
15;0;85;from_main_grid;97.731
15;0;85;from_network;0.0
15;0;86;HP;49.694
15;0;86;EB;0.0
15;0;86;from_grid;94.023
15;0;86;from_main_grid;94.023
15;0;86;from_network;0.0
15;0;87;HP;81.272
15;0;87;EB;0.0
15;0;87;from_grid;119.605
15;0;87;from_main_grid;119.605
15;0;87;from_network;0.0
15;0;88;HP;149.211
15;0;88;EB;0.0
15;0;88;from_grid;184.643
15;0;88;from_main_grid;184.643
15;0;88;from_network;0.0
15;0;89;HP;150.945
15;0;89;EB;0.0
15;0;89;from_grid;203.063
15;0;89;from_main_grid;170.965
15;0;89;from_network;32.097
15;0;90;HP;0.0
15;0;90;EB;0.0
15;0;90;from_grid;44.815
15;0;90;from_main_grid;44.815
15;0;90;from_network;0.0
15;0;91;HP;108.555
15;0;91;EB;0.0
15;0;91;from_grid;166.104
15;0;91;from_main_grid;166.104
15;0;91;from_network;0.0
15;0;92;HP;0.0
15;0;92;EB;0.0
15;0;92;from_grid;58.98
15;0;92;from_main_grid;58.98
15;0;92;from_network;0.0
15;0;93;HP;165.718
15;0;93;EB;0.0
15;0;93;from_grid;223.679
15;0;93;from_main_grid;223.679
15;0;93;from_network;0.0
15;0;94;HP;0.0
15;0;94;EB;0.0
15;0;94;from_grid;50.693
15;0;94;from_main_grid;50.693
15;0;94;from_network;0.0
15;0;95;HP;166.385
15;0;95;EB;0.0
15;0;95;from_grid;209.243
15;0;95;from_main_grid;209.243
15;0;95;from_network;0.0
15;0;96;HP;115.685
15;0;96;EB;0.0
15;0;96;from_grid;124.591
15;0;96;from_main_grid;124.591
15;0;96;from_network;0.0
15;0;97;HP;122.073
15;0;97;EB;0.0
15;0;97;from_grid;134.755
15;0;97;from_main_grid;134.755
15;0;97;from_network;0.0
15;0;98;HP;126.67
15;0;98;EB;0.0
15;0;98;from_grid;136.866
15;0;98;from_main_grid;136.866
15;0;98;from_network;0.0
15;0;99;HP;0.0
15;0;99;EB;0.0
15;0;99;from_grid;12.277
15;0;99;from_main_grid;12.277
15;0;99;from_network;0.0
15;0;100;HP;0.0
15;0;100;EB;0.0
15;0;100;from_grid;10.38
15;0;100;from_main_grid;10.38
15;0;100;from_network;0.0
15;0;101;HP;140.332
15;0;101;EB;0.0
15;0;101;from_grid;150.812
15;0;101;from_main_grid;150.812
15;0;101;from_network;0.0
15;0;102;HP;152.707
15;0;102;EB;0.0
15;0;102;from_grid;167.629
15;0;102;from_main_grid;167.629
15;0;102;from_network;0.0
15;0;103;HP;154.449
15;0;103;EB;0.0
15;0;103;from_grid;186.412
15;0;103;from_main_grid;186.412
15;0;103;from_network;0.0
15;0;104;HP;138.832
15;0;104;EB;0.0
15;0;104;from_grid;183.01
15;0;104;from_main_grid;183.01
15;0;104;from_network;0.0
15;0;105;HP;134.703
15;0;105;EB;0.0
15;0;105;from_grid;189.048
15;0;105;from_main_grid;143.888
15;0;105;from_network;45.16
15;0;106;HP;125.603
15;0;106;EB;0.0
15;0;106;from_grid;162.246
15;0;106;from_main_grid;162.246
15;0;106;from_network;0.0
15;0;107;HP;116.151
15;0;107;EB;0.0
15;0;107;from_grid;171.424
15;0;107;from_main_grid;171.424
15;0;107;from_network;0.0
15;0;108;HP;118.9
15;0;108;EB;0.0
15;0;108;from_grid;163.211
15;0;108;from_main_grid;163.211
15;0;108;from_network;0.0
15;0;109;HP;110.279
15;0;109;EB;0.0
15;0;109;from_grid;161.827
15;0;109;from_main_grid;161.827
15;0;109;from_network;0.0
15;0;110;HP;104.699
15;0;110;EB;0.0
15;0;110;from_grid;155.753
15;0;110;from_main_grid;155.753
15;0;110;from_network;0.0
15;0;111;HP;102.674
15;0;111;EB;0.0
15;0;111;from_grid;139.991
15;0;111;from_main_grid;139.991
15;0;111;from_network;0.0
15;0;112;HP;95.273
15;0;112;EB;0.0
15;0;112;from_grid;152.082
15;0;112;from_main_grid;152.082
15;0;112;from_network;0.0
15;0;113;HP;89.575
15;0;113;EB;0.0
15;0;113;from_grid;145.244
15;0;113;from_main_grid;145.244
15;0;113;from_network;0.0
15;0;114;HP;151.277
15;0;114;EB;0.0
15;0;114;from_grid;209.131
15;0;114;from_main_grid;209.131
15;0;114;from_network;0.0
15;0;115;HP;172.253
15;0;115;EB;0.0
15;0;115;from_grid;245.408
15;0;115;from_main_grid;245.408
15;0;115;from_network;0.0
15;0;116;HP;172.69
15;0;116;EB;0.0
15;0;116;from_grid;242.724
15;0;116;from_main_grid;242.724
15;0;116;from_network;0.0
15;0;117;HP;173.998
15;0;117;EB;0.0
15;0;117;from_grid;234.074
15;0;117;from_main_grid;234.074
15;0;117;from_network;0.0
15;0;118;HP;109.092
15;0;118;EB;0.0
15;0;118;from_grid;163.411
15;0;118;from_main_grid;163.411
15;0;118;from_network;0.0
15;0;119;HP;116.526
15;0;119;EB;0.0
15;0;119;from_grid;165.637
15;0;119;from_main_grid;165.637
15;0;119;from_network;0.0
15;0;120;HP;0.0
15;0;120;EB;0.0
15;0;120;from_grid;7.503
15;0;120;from_main_grid;7.503
15;0;120;from_network;0.0
15;0;121;HP;0.0
15;0;121;EB;0.0
15;0;121;from_grid;14.812
15;0;121;from_main_grid;14.812
15;0;121;from_network;0.0
15;0;122;HP;122.54
15;0;122;EB;0.0
15;0;122;from_grid;131.654
15;0;122;from_main_grid;131.654
15;0;122;from_network;0.0
15;0;123;HP;138.77
15;0;123;EB;0.0
15;0;123;from_grid;149.647
15;0;123;from_main_grid;149.647
15;0;123;from_network;0.0
15;0;124;HP;138.793
15;0;124;EB;0.0
15;0;124;from_grid;149.136
15;0;124;from_main_grid;149.136
15;0;124;from_network;0.0
15;0;125;HP;143.492
15;0;125;EB;0.0
15;0;125;from_grid;157.433
15;0;125;from_main_grid;157.433
15;0;125;from_network;0.0
15;0;126;HP;159.213
15;0;126;EB;0.0
15;0;126;from_grid;175.401
15;0;126;from_main_grid;175.401
15;0;126;from_network;0.0
15;0;127;HP;156.48
15;0;127;EB;0.0
15;0;127;from_grid;202.146
15;0;127;from_main_grid;202.146
15;0;127;from_network;0.0
15;0;128;HP;142.917
15;0;128;EB;0.0
15;0;128;from_grid;188.896
15;0;128;from_main_grid;188.896
15;0;128;from_network;0.0
15;0;129;HP;143.126
15;0;129;EB;0.0
15;0;129;from_grid;180.947
15;0;129;from_main_grid;180.947
15;0;129;from_network;0.0
15;0;130;HP;133.742
15;0;130;EB;0.0
15;0;130;from_grid;165.555
15;0;130;from_main_grid;165.555
15;0;130;from_network;0.0
15;0;131;HP;120.402
15;0;131;EB;0.0
15;0;131;from_grid;170.045
15;0;131;from_main_grid;170.045
15;0;131;from_network;0.0
15;0;132;HP;117.908
15;0;132;EB;0.0
15;0;132;from_grid;155.417
15;0;132;from_main_grid;155.417
15;0;132;from_network;0.0
15;0;133;HP;103.285
15;0;133;EB;0.0
15;0;133;from_grid;144.641
15;0;133;from_main_grid;144.641
15;0;133;from_network;0.0
15;0;134;HP;168.766
15;0;134;EB;0.0
15;0;134;from_grid;203.573
15;0;134;from_main_grid;203.573
15;0;134;from_network;0.0
15;0;135;HP;170.509
15;0;135;EB;0.0
15;0;135;from_grid;207.722
15;0;135;from_main_grid;207.722
15;0;135;from_network;0.0
15;0;136;HP;172.253
15;0;136;EB;0.0
15;0;136;from_grid;222.786
15;0;136;from_main_grid;102.53
15;0;136;from_network;120.256
15;0;137;HP;0.0
15;0;137;EB;0.0
15;0;137;from_grid;62.195
15;0;137;from_main_grid;0.0
15;0;137;from_network;62.195
15;0;138;HP;12.967
15;0;138;EB;0.0
15;0;138;from_grid;81.324
15;0;138;from_main_grid;81.324
15;0;138;from_network;0.0
15;0;139;HP;176.617
15;0;139;EB;0.0
15;0;139;from_grid;245.993
15;0;139;from_main_grid;245.993
15;0;139;from_network;0.0
15;0;140;HP;176.181
15;0;140;EB;0.0
15;0;140;from_grid;237.65
15;0;140;from_main_grid;237.65
15;0;140;from_network;0.0
15;0;141;HP;177.491
15;0;141;EB;0.0
15;0;141;from_grid;250.177
15;0;141;from_main_grid;250.177
15;0;141;from_network;0.0
15;0;142;HP;177.491
15;0;142;EB;0.0
15;0;142;from_grid;256.993
15;0;142;from_main_grid;256.993
15;0;142;from_network;0.0
15;0;143;HP;0.0
15;0;143;EB;0.0
15;0;143;from_grid;45.156
15;0;143;from_main_grid;45.156
15;0;143;from_network;0.0
15;0;144;HP;0.0
15;0;144;EB;0.0
15;0;144;from_grid;7.598
15;0;144;from_main_grid;7.598
15;0;144;from_network;0.0
15;0;145;HP;130.416
15;0;145;EB;0.0
15;0;145;from_grid;145.46
15;0;145;from_main_grid;145.46
15;0;145;from_network;0.0
15;0;146;HP;147.149
15;0;146;EB;0.0
15;0;146;from_grid;157.607
15;0;146;from_main_grid;157.607
15;0;146;from_network;0.0
15;0;147;HP;149.144
15;0;147;EB;0.0
15;0;147;from_grid;159.87
15;0;147;from_main_grid;159.87
15;0;147;from_network;0.0
15;0;148;HP;153.182
15;0;148;EB;0.0
15;0;148;from_grid;162.924
15;0;148;from_main_grid;162.924
15;0;148;from_network;0.0
15;0;149;HP;156.253
15;0;149;EB;0.0
15;0;149;from_grid;168.817
15;0;149;from_main_grid;168.817
15;0;149;from_network;0.0
15;0;150;HP;167.631
15;0;150;EB;0.0
15;0;150;from_grid;181.339
15;0;150;from_main_grid;181.339
15;0;150;from_network;0.0
15;0;151;HP;166.142
15;0;151;EB;0.0
15;0;151;from_grid;203.495
15;0;151;from_main_grid;203.495
15;0;151;from_network;0.0
15;0;152;HP;148.447
15;0;152;EB;0.0
15;0;152;from_grid;202.666
15;0;152;from_main_grid;202.666
15;0;152;from_network;0.0
15;0;153;HP;147.291
15;0;153;EB;0.0
15;0;153;from_grid;193.441
15;0;153;from_main_grid;193.441
15;0;153;from_network;0.0
15;0;154;HP;142.952
15;0;154;EB;0.0
15;0;154;from_grid;180.91
15;0;154;from_main_grid;142.968
15;0;154;from_network;37.941
15;0;155;HP;133.11
15;0;155;EB;0.0
15;0;155;from_grid;169.465
15;0;155;from_main_grid;169.465
15;0;155;from_network;0.0
15;0;156;HP;125.782
15;0;156;EB;0.0
15;0;156;from_grid;164.075
15;0;156;from_main_grid;95.472
15;0;156;from_network;68.604
15;0;157;HP;109.129
15;0;157;EB;0.0
15;0;157;from_grid;140.681
15;0;157;from_main_grid;140.681
15;0;157;from_network;0.0
15;0;158;HP;99.72
15;0;158;EB;0.0
15;0;158;from_grid;132.873
15;0;158;from_main_grid;132.873
15;0;158;from_network;0.0
15;0;159;HP;92.868
15;0;159;EB;0.0
15;0;159;from_grid;137.889
15;0;159;from_main_grid;87.24
15;0;159;from_network;50.649
15;0;160;HP;167.459
15;0;160;EB;0.0
15;0;160;from_grid;211.404
15;0;160;from_main_grid;211.404
15;0;160;from_network;0.0
15;0;161;HP;40.9
15;0;161;EB;0.0
15;0;161;from_grid;89.748
15;0;161;from_main_grid;89.748
15;0;161;from_network;0.0
15;0;162;HP;169.202
15;0;162;EB;0.0
15;0;162;from_grid;221.411
15;0;162;from_main_grid;221.411
15;0;162;from_network;0.0
15;0;163;HP;172.69
15;0;163;EB;0.0
15;0;163;from_grid;227.297
15;0;163;from_main_grid;227.297
15;0;163;from_network;0.0
15;0;164;HP;173.998
15;0;164;EB;0.0
15;0;164;from_grid;236.925
15;0;164;from_main_grid;236.925
15;0;164;from_network;0.0
15;0;165;HP;19.8
15;0;165;EB;0.0
15;0;165;from_grid;75.153
15;0;165;from_main_grid;75.153
15;0;165;from_network;0.0
15;0;166;HP;179.675
15;0;166;EB;0.0
15;0;166;from_grid;240.754
15;0;166;from_main_grid;240.754
15;0;166;from_network;0.0
15;0;167;HP;0.0
15;0;167;EB;0.0
15;0;167;from_grid;38.0
15;0;167;from_main_grid;38.0
15;0;167;from_network;0.0
15;1;0;HP;0.0
15;1;0;EB;0.0
15;1;0;from_grid;7.529
15;1;0;from_main_grid;7.529
15;1;0;from_network;0.0
15;1;1;HP;0.0
15;1;1;EB;0.0
15;1;1;from_grid;12.166
15;1;1;from_main_grid;12.166
15;1;1;from_network;0.0
15;1;2;HP;0.0
15;1;2;EB;0.0
15;1;2;from_grid;9.759
15;1;2;from_main_grid;9.759
15;1;2;from_network;0.0
15;1;3;HP;0.0
15;1;3;EB;0.0
15;1;3;from_grid;12.531
15;1;3;from_main_grid;12.531
15;1;3;from_network;0.0
15;1;4;HP;0.0
15;1;4;EB;0.0
15;1;4;from_grid;11.731
15;1;4;from_main_grid;11.731
15;1;4;from_network;0.0
15;1;5;HP;0.0
15;1;5;EB;0.0
15;1;5;from_grid;11.157
15;1;5;from_main_grid;11.157
15;1;5;from_network;0.0
15;1;6;HP;0.0
15;1;6;EB;0.0
15;1;6;from_grid;17.907
15;1;6;from_main_grid;17.907
15;1;6;from_network;0.0
15;1;7;HP;0.0
15;1;7;EB;0.0
15;1;7;from_grid;35.569
15;1;7;from_main_grid;0.0
15;1;7;from_network;35.569
15;1;8;HP;0.0
15;1;8;EB;0.0
15;1;8;from_grid;43.38
15;1;8;from_main_grid;0.0
15;1;8;from_network;43.38
15;1;9;HP;0.0
15;1;9;EB;0.0
15;1;9;from_grid;47.579
15;1;9;from_main_grid;0.0
15;1;9;from_network;47.579
15;1;10;HP;0.0
15;1;10;EB;0.0
15;1;10;from_grid;56.187
15;1;10;from_main_grid;0.0
15;1;10;from_network;56.187
15;1;11;HP;0.0
15;1;11;EB;0.0
15;1;11;from_grid;39.313
15;1;11;from_main_grid;0.0
15;1;11;from_network;39.313
15;1;12;HP;0.0
15;1;12;EB;0.0
15;1;12;from_grid;43.482
15;1;12;from_main_grid;0.0
15;1;12;from_network;43.482
15;1;13;HP;0.0
15;1;13;EB;0.0
15;1;13;from_grid;47.751
15;1;13;from_main_grid;0.0
15;1;13;from_network;47.751
15;1;14;HP;0.0
15;1;14;EB;0.0
15;1;14;from_grid;41.271
15;1;14;from_main_grid;0.0
15;1;14;from_network;41.271
15;1;15;HP;0.0
15;1;15;EB;0.0
15;1;15;from_grid;39.599
15;1;15;from_main_grid;0.0
15;1;15;from_network;39.599
15;1;16;HP;14.303
15;1;16;EB;0.0
15;1;16;from_grid;58.277
15;1;16;from_main_grid;0.0
15;1;16;from_network;58.277
15;1;17;HP;0.0
15;1;17;EB;0.0
15;1;17;from_grid;47.748
15;1;17;from_main_grid;0.0
15;1;17;from_network;47.748
15;1;18;HP;0.0
15;1;18;EB;0.0
15;1;18;from_grid;65.792
15;1;18;from_main_grid;0.0
15;1;18;from_network;65.792
15;1;19;HP;0.0
15;1;19;EB;0.0
15;1;19;from_grid;68.97
15;1;19;from_main_grid;68.97
15;1;19;from_network;0.0
15;1;20;HP;0.0
15;1;20;EB;0.0
15;1;20;from_grid;69.913
15;1;20;from_main_grid;69.913
15;1;20;from_network;0.0
15;1;21;HP;0.0
15;1;21;EB;0.0
15;1;21;from_grid;65.959
15;1;21;from_main_grid;65.959
15;1;21;from_network;0.0
15;1;22;HP;0.0
15;1;22;EB;0.0
15;1;22;from_grid;63.839
15;1;22;from_main_grid;63.839
15;1;22;from_network;0.0
15;1;23;HP;0.0
15;1;23;EB;0.0
15;1;23;from_grid;48.306
15;1;23;from_main_grid;48.306
15;1;23;from_network;0.0
15;1;24;HP;0.0
15;1;24;EB;0.0
15;1;24;from_grid;7.535
15;1;24;from_main_grid;7.535
15;1;24;from_network;0.0
15;1;25;HP;0.0
15;1;25;EB;0.0
15;1;25;from_grid;8.984
15;1;25;from_main_grid;8.984
15;1;25;from_network;0.0
15;1;26;HP;0.0
15;1;26;EB;0.0
15;1;26;from_grid;10.941
15;1;26;from_main_grid;10.941
15;1;26;from_network;0.0
15;1;27;HP;0.0
15;1;27;EB;0.0
15;1;27;from_grid;9.861
15;1;27;from_main_grid;9.861
15;1;27;from_network;0.0
15;1;28;HP;0.0
15;1;28;EB;0.0
15;1;28;from_grid;10.643
15;1;28;from_main_grid;10.643
15;1;28;from_network;0.0
15;1;29;HP;0.0
15;1;29;EB;0.0
15;1;29;from_grid;10.714
15;1;29;from_main_grid;10.714
15;1;29;from_network;0.0
15;1;30;HP;0.0
15;1;30;EB;0.0
15;1;30;from_grid;15.305
15;1;30;from_main_grid;15.305
15;1;30;from_network;0.0
15;1;31;HP;0.0
15;1;31;EB;0.0
15;1;31;from_grid;38.537
15;1;31;from_main_grid;0.0
15;1;31;from_network;38.537
15;1;32;HP;2.39
15;1;32;EB;0.0
15;1;32;from_grid;44.034
15;1;32;from_main_grid;0.0
15;1;32;from_network;44.034
15;1;33;HP;2.375
15;1;33;EB;0.0
15;1;33;from_grid;41.849
15;1;33;from_main_grid;0.0
15;1;33;from_network;41.849
15;1;34;HP;2.954
15;1;34;EB;0.0
15;1;34;from_grid;39.913
15;1;34;from_main_grid;0.0
15;1;34;from_network;39.913
15;1;35;HP;2.222
15;1;35;EB;0.0
15;1;35;from_grid;39.03
15;1;35;from_main_grid;0.0
15;1;35;from_network;39.03
15;1;36;HP;3.711
15;1;36;EB;0.0
15;1;36;from_grid;35.23
15;1;36;from_main_grid;0.0
15;1;36;from_network;35.23
15;1;37;HP;1.811
15;1;37;EB;0.0
15;1;37;from_grid;38.092
15;1;37;from_main_grid;0.0
15;1;37;from_network;38.092
15;1;38;HP;1.897
15;1;38;EB;0.0
15;1;38;from_grid;35.564
15;1;38;from_main_grid;0.0
15;1;38;from_network;35.564
15;1;39;HP;4.071
15;1;39;EB;0.0
15;1;39;from_grid;40.426
15;1;39;from_main_grid;0.0
15;1;39;from_network;40.426
15;1;40;HP;0.0
15;1;40;EB;0.0
15;1;40;from_grid;48.577
15;1;40;from_main_grid;0.0
15;1;40;from_network;48.577
15;1;41;HP;51.885
15;1;41;EB;0.0
15;1;41;from_grid;99.806
15;1;41;from_main_grid;0.0
15;1;41;from_network;99.806
15;1;42;HP;0.0
15;1;42;EB;0.0
15;1;42;from_grid;43.446
15;1;42;from_main_grid;0.0
15;1;42;from_network;43.446
15;1;43;HP;0.0
15;1;43;EB;0.0
15;1;43;from_grid;73.201
15;1;43;from_main_grid;73.201
15;1;43;from_network;0.0
15;1;44;HP;0.0
15;1;44;EB;0.0
15;1;44;from_grid;65.368
15;1;44;from_main_grid;65.368
15;1;44;from_network;0.0
15;1;45;HP;0.0
15;1;45;EB;0.0
15;1;45;from_grid;74.74
15;1;45;from_main_grid;74.74
15;1;45;from_network;0.0
15;1;46;HP;0.0
15;1;46;EB;0.0
15;1;46;from_grid;79.871
15;1;46;from_main_grid;79.871
15;1;46;from_network;0.0
15;1;47;HP;0.0
15;1;47;EB;0.0
15;1;47;from_grid;36.799
15;1;47;from_main_grid;36.799
15;1;47;from_network;0.0
15;1;48;HP;0.0
15;1;48;EB;0.0
15;1;48;from_grid;7.558
15;1;48;from_main_grid;7.558
15;1;48;from_network;0.0
15;1;49;HP;0.0
15;1;49;EB;0.0
15;1;49;from_grid;11.075
15;1;49;from_main_grid;11.075
15;1;49;from_network;0.0
15;1;50;HP;0.0
15;1;50;EB;0.0
15;1;50;from_grid;11.445
15;1;50;from_main_grid;11.445
15;1;50;from_network;0.0
15;1;51;HP;0.0
15;1;51;EB;0.0
15;1;51;from_grid;11.457
15;1;51;from_main_grid;11.457
15;1;51;from_network;0.0
15;1;52;HP;0.0
15;1;52;EB;0.0
15;1;52;from_grid;9.816
15;1;52;from_main_grid;9.816
15;1;52;from_network;0.0
15;1;53;HP;0.0
15;1;53;EB;0.0
15;1;53;from_grid;10.751
15;1;53;from_main_grid;10.751
15;1;53;from_network;0.0
15;1;54;HP;0.0
15;1;54;EB;0.0
15;1;54;from_grid;11.091
15;1;54;from_main_grid;11.091
15;1;54;from_network;0.0
15;1;55;HP;0.0
15;1;55;EB;0.0
15;1;55;from_grid;32.752
15;1;55;from_main_grid;0.0
15;1;55;from_network;32.752
15;1;56;HP;0.0
15;1;56;EB;0.0
15;1;56;from_grid;41.68
15;1;56;from_main_grid;0.0
15;1;56;from_network;41.68
15;1;57;HP;0.0
15;1;57;EB;0.0
15;1;57;from_grid;38.964
15;1;57;from_main_grid;0.0
15;1;57;from_network;38.964
15;1;58;HP;2.578
15;1;58;EB;0.0
15;1;58;from_grid;45.356
15;1;58;from_main_grid;0.0
15;1;58;from_network;45.356
15;1;59;HP;2.185
15;1;59;EB;0.0
15;1;59;from_grid;48.121
15;1;59;from_main_grid;0.0
15;1;59;from_network;48.121
15;1;60;HP;1.876
15;1;60;EB;0.0
15;1;60;from_grid;43.058
15;1;60;from_main_grid;0.0
15;1;60;from_network;43.058
15;1;61;HP;2.107
15;1;61;EB;0.0
15;1;61;from_grid;35.699
15;1;61;from_main_grid;0.0
15;1;61;from_network;35.699
15;1;62;HP;7.452
15;1;62;EB;0.0
15;1;62;from_grid;44.483
15;1;62;from_main_grid;0.0
15;1;62;from_network;44.483
15;1;63;HP;0.0
15;1;63;EB;0.0
15;1;63;from_grid;33.717
15;1;63;from_main_grid;0.0
15;1;63;from_network;33.717
15;1;64;HP;51.101
15;1;64;EB;0.0
15;1;64;from_grid;84.162
15;1;64;from_main_grid;0.0
15;1;64;from_network;84.162
15;1;65;HP;0.0
15;1;65;EB;0.0
15;1;65;from_grid;37.919
15;1;65;from_main_grid;0.0
15;1;65;from_network;37.919
15;1;66;HP;0.0
15;1;66;EB;0.0
15;1;66;from_grid;50.193
15;1;66;from_main_grid;0.0
15;1;66;from_network;50.193
15;1;67;HP;0.0
15;1;67;EB;0.0
15;1;67;from_grid;60.729
15;1;67;from_main_grid;60.729
15;1;67;from_network;0.0
15;1;68;HP;0.0
15;1;68;EB;0.0
15;1;68;from_grid;79.498
15;1;68;from_main_grid;79.498
15;1;68;from_network;0.0
15;1;69;HP;0.0
15;1;69;EB;0.0
15;1;69;from_grid;71.926
15;1;69;from_main_grid;71.926
15;1;69;from_network;0.0
15;1;70;HP;0.0
15;1;70;EB;0.0
15;1;70;from_grid;54.205
15;1;70;from_main_grid;54.205
15;1;70;from_network;0.0
15;1;71;HP;0.0
15;1;71;EB;0.0
15;1;71;from_grid;47.046
15;1;71;from_main_grid;47.046
15;1;71;from_network;0.0
15;1;72;HP;0.0
15;1;72;EB;0.0
15;1;72;from_grid;7.482
15;1;72;from_main_grid;7.482
15;1;72;from_network;0.0
15;1;73;HP;0.0
15;1;73;EB;0.0
15;1;73;from_grid;11.424
15;1;73;from_main_grid;11.424
15;1;73;from_network;0.0
15;1;74;HP;0.0
15;1;74;EB;0.0
15;1;74;from_grid;10.566
15;1;74;from_main_grid;10.566
15;1;74;from_network;0.0
15;1;75;HP;0.0
15;1;75;EB;0.0
15;1;75;from_grid;10.401
15;1;75;from_main_grid;10.401
15;1;75;from_network;0.0
15;1;76;HP;0.0
15;1;76;EB;0.0
15;1;76;from_grid;11.218
15;1;76;from_main_grid;11.218
15;1;76;from_network;0.0
15;1;77;HP;0.0
15;1;77;EB;0.0
15;1;77;from_grid;14.061
15;1;77;from_main_grid;14.061
15;1;77;from_network;0.0
15;1;78;HP;0.0
15;1;78;EB;0.0
15;1;78;from_grid;14.356
15;1;78;from_main_grid;14.356
15;1;78;from_network;0.0
15;1;79;HP;0.0
15;1;79;EB;0.0
15;1;79;from_grid;16.242
15;1;79;from_main_grid;0.0
15;1;79;from_network;16.242
15;1;80;HP;0.0
15;1;80;EB;0.0
15;1;80;from_grid;36.68
15;1;80;from_main_grid;0.0
15;1;80;from_network;36.68
15;1;81;HP;2.466
15;1;81;EB;0.0
15;1;81;from_grid;51.415
15;1;81;from_main_grid;0.0
15;1;81;from_network;51.415
15;1;82;HP;2.653
15;1;82;EB;0.0
15;1;82;from_grid;48.518
15;1;82;from_main_grid;0.0
15;1;82;from_network;48.518
15;1;83;HP;2.703
15;1;83;EB;0.0
15;1;83;from_grid;43.664
15;1;83;from_main_grid;0.0
15;1;83;from_network;43.664
15;1;84;HP;2.26
15;1;84;EB;0.0
15;1;84;from_grid;41.271
15;1;84;from_main_grid;0.0
15;1;84;from_network;41.271
15;1;85;HP;2.159
15;1;85;EB;0.0
15;1;85;from_grid;34.696
15;1;85;from_main_grid;0.0
15;1;85;from_network;34.696
15;1;86;HP;2.317
15;1;86;EB;0.0
15;1;86;from_grid;43.369
15;1;86;from_main_grid;0.0
15;1;86;from_network;43.369
15;1;87;HP;51.658
15;1;87;EB;0.0
15;1;87;from_grid;82.357
15;1;87;from_main_grid;0.0
15;1;87;from_network;82.357
15;1;88;HP;0.0
15;1;88;EB;0.0
15;1;88;from_grid;39.183
15;1;88;from_main_grid;0.0
15;1;88;from_network;39.183
15;1;89;HP;0.0
15;1;89;EB;0.0
15;1;89;from_grid;45.756
15;1;89;from_main_grid;0.0
15;1;89;from_network;45.756
15;1;90;HP;0.0
15;1;90;EB;0.0
15;1;90;from_grid;38.544
15;1;90;from_main_grid;0.0
15;1;90;from_network;38.544
15;1;91;HP;0.0
15;1;91;EB;0.0
15;1;91;from_grid;58.075
15;1;91;from_main_grid;58.075
15;1;91;from_network;0.0
15;1;92;HP;0.0
15;1;92;EB;0.0
15;1;92;from_grid;60.634
15;1;92;from_main_grid;60.634
15;1;92;from_network;0.0
15;1;93;HP;0.0
15;1;93;EB;0.0
15;1;93;from_grid;48.063
15;1;93;from_main_grid;48.063
15;1;93;from_network;0.0
15;1;94;HP;0.0
15;1;94;EB;0.0
15;1;94;from_grid;52.452
15;1;94;from_main_grid;52.452
15;1;94;from_network;0.0
15;1;95;HP;0.0
15;1;95;EB;0.0
15;1;95;from_grid;40.887
15;1;95;from_main_grid;40.887
15;1;95;from_network;0.0
15;1;96;HP;0.0
15;1;96;EB;0.0
15;1;96;from_grid;7.412
15;1;96;from_main_grid;7.412
15;1;96;from_network;0.0
15;1;97;HP;0.0
15;1;97;EB;0.0
15;1;97;from_grid;11.068
15;1;97;from_main_grid;11.068
15;1;97;from_network;0.0
15;1;98;HP;0.0
15;1;98;EB;0.0
15;1;98;from_grid;10.624
15;1;98;from_main_grid;10.624
15;1;98;from_network;0.0
15;1;99;HP;0.0
15;1;99;EB;0.0
15;1;99;from_grid;10.421
15;1;99;from_main_grid;10.421
15;1;99;from_network;0.0
15;1;100;HP;0.0
15;1;100;EB;0.0
15;1;100;from_grid;9.254
15;1;100;from_main_grid;9.254
15;1;100;from_network;0.0
15;1;101;HP;0.0
15;1;101;EB;0.0
15;1;101;from_grid;11.839
15;1;101;from_main_grid;11.839
15;1;101;from_network;0.0
15;1;102;HP;0.0
15;1;102;EB;0.0
15;1;102;from_grid;15.644
15;1;102;from_main_grid;15.644
15;1;102;from_network;0.0
15;1;103;HP;0.0
15;1;103;EB;0.0
15;1;103;from_grid;22.949
15;1;103;from_main_grid;0.0
15;1;103;from_network;22.949
15;1;104;HP;0.0
15;1;104;EB;0.0
15;1;104;from_grid;30.946
15;1;104;from_main_grid;0.0
15;1;104;from_network;30.946
15;1;105;HP;0.0
15;1;105;EB;0.0
15;1;105;from_grid;48.452
15;1;105;from_main_grid;0.0
15;1;105;from_network;48.452
15;1;106;HP;3.168
15;1;106;EB;0.0
15;1;106;from_grid;48.142
15;1;106;from_main_grid;0.0
15;1;106;from_network;48.142
15;1;107;HP;2.577
15;1;107;EB;0.0
15;1;107;from_grid;51.448
15;1;107;from_main_grid;0.0
15;1;107;from_network;51.448
15;1;108;HP;4.437
15;1;108;EB;0.0
15;1;108;from_grid;51.826
15;1;108;from_main_grid;0.0
15;1;108;from_network;51.826
15;1;109;HP;2.173
15;1;109;EB;0.0
15;1;109;from_grid;48.29
15;1;109;from_main_grid;0.0
15;1;109;from_network;48.29
15;1;110;HP;8.359
15;1;110;EB;0.0
15;1;110;from_grid;61.651
15;1;110;from_main_grid;0.0
15;1;110;from_network;61.651
15;1;111;HP;44.248
15;1;111;EB;0.0
15;1;111;from_grid;91.527
15;1;111;from_main_grid;0.0
15;1;111;from_network;91.527
15;1;112;HP;0.0
15;1;112;EB;0.0
15;1;112;from_grid;44.574
15;1;112;from_main_grid;0.0
15;1;112;from_network;44.574
15;1;113;HP;0.0
15;1;113;EB;0.0
15;1;113;from_grid;49.378
15;1;113;from_main_grid;0.0
15;1;113;from_network;49.378
15;1;114;HP;0.0
15;1;114;EB;0.0
15;1;114;from_grid;46.632
15;1;114;from_main_grid;0.0
15;1;114;from_network;46.632
15;1;115;HP;0.0
15;1;115;EB;0.0
15;1;115;from_grid;60.103
15;1;115;from_main_grid;60.103
15;1;115;from_network;0.0
15;1;116;HP;0.0
15;1;116;EB;0.0
15;1;116;from_grid;61.515
15;1;116;from_main_grid;61.515
15;1;116;from_network;0.0
15;1;117;HP;0.0
15;1;117;EB;0.0
15;1;117;from_grid;55.863
15;1;117;from_main_grid;55.863
15;1;117;from_network;0.0
15;1;118;HP;0.0
15;1;118;EB;0.0
15;1;118;from_grid;63.102
15;1;118;from_main_grid;63.102
15;1;118;from_network;0.0
15;1;119;HP;0.0
15;1;119;EB;0.0
15;1;119;from_grid;41.108
15;1;119;from_main_grid;41.108
15;1;119;from_network;0.0
15;1;120;HP;0.0
15;1;120;EB;0.0
15;1;120;from_grid;7.619
15;1;120;from_main_grid;7.619
15;1;120;from_network;0.0
15;1;121;HP;0.0
15;1;121;EB;0.0
15;1;121;from_grid;11.147
15;1;121;from_main_grid;11.147
15;1;121;from_network;0.0
15;1;122;HP;0.0
15;1;122;EB;0.0
15;1;122;from_grid;9.85
15;1;122;from_main_grid;9.85
15;1;122;from_network;0.0
15;1;123;HP;0.0
15;1;123;EB;0.0
15;1;123;from_grid;11.929
15;1;123;from_main_grid;11.929
15;1;123;from_network;0.0
15;1;124;HP;0.0
15;1;124;EB;0.0
15;1;124;from_grid;10.074
15;1;124;from_main_grid;10.074
15;1;124;from_network;0.0
15;1;125;HP;0.0
15;1;125;EB;0.0
15;1;125;from_grid;13.56
15;1;125;from_main_grid;13.56
15;1;125;from_network;0.0
15;1;126;HP;0.0
15;1;126;EB;0.0
15;1;126;from_grid;12.101
15;1;126;from_main_grid;12.101
15;1;126;from_network;0.0
15;1;127;HP;0.0
15;1;127;EB;0.0
15;1;127;from_grid;43.804
15;1;127;from_main_grid;0.0
15;1;127;from_network;43.804
15;1;128;HP;0.0
15;1;128;EB;0.0
15;1;128;from_grid;41.745
15;1;128;from_main_grid;0.0
15;1;128;from_network;41.745
15;1;129;HP;2.943
15;1;129;EB;0.0
15;1;129;from_grid;41.171
15;1;129;from_main_grid;0.0
15;1;129;from_network;41.171
15;1;130;HP;2.492
15;1;130;EB;0.0
15;1;130;from_grid;42.883
15;1;130;from_main_grid;0.0
15;1;130;from_network;42.883
15;1;131;HP;2.386
15;1;131;EB;0.0
15;1;131;from_grid;35.355
15;1;131;from_main_grid;0.0
15;1;131;from_network;35.355
15;1;132;HP;4.062
15;1;132;EB;0.0
15;1;132;from_grid;44.2
15;1;132;from_main_grid;0.0
15;1;132;from_network;44.2
15;1;133;HP;2.031
15;1;133;EB;0.0
15;1;133;from_grid;34.833
15;1;133;from_main_grid;0.0
15;1;133;from_network;34.833
15;1;134;HP;2.048
15;1;134;EB;0.0
15;1;134;from_grid;38.723
15;1;134;from_main_grid;0.0
15;1;134;from_network;38.723
15;1;135;HP;2.568
15;1;135;EB;0.0
15;1;135;from_grid;33.812
15;1;135;from_main_grid;0.0
15;1;135;from_network;33.812
15;1;136;HP;2.016
15;1;136;EB;0.0
15;1;136;from_grid;42.121
15;1;136;from_main_grid;0.0
15;1;136;from_network;42.121
15;1;137;HP;43.011
15;1;137;EB;0.0
15;1;137;from_grid;90.965
15;1;137;from_main_grid;0.0
15;1;137;from_network;90.965
15;1;138;HP;0.0
15;1;138;EB;0.0
15;1;138;from_grid;47.493
15;1;138;from_main_grid;0.0
15;1;138;from_network;47.493
15;1;139;HP;0.0
15;1;139;EB;0.0
15;1;139;from_grid;74.199
15;1;139;from_main_grid;74.199
15;1;139;from_network;0.0
15;1;140;HP;0.0
15;1;140;EB;0.0
15;1;140;from_grid;71.958
15;1;140;from_main_grid;71.958
15;1;140;from_network;0.0
15;1;141;HP;0.0
15;1;141;EB;0.0
15;1;141;from_grid;78.264
15;1;141;from_main_grid;78.264
15;1;141;from_network;0.0
15;1;142;HP;0.0
15;1;142;EB;0.0
15;1;142;from_grid;57.149
15;1;142;from_main_grid;57.149
15;1;142;from_network;0.0
15;1;143;HP;0.0
15;1;143;EB;0.0
15;1;143;from_grid;58.087
15;1;143;from_main_grid;58.087
15;1;143;from_network;0.0
15;1;144;HP;0.0
15;1;144;EB;0.0
15;1;144;from_grid;7.461
15;1;144;from_main_grid;7.461
15;1;144;from_network;0.0
15;1;145;HP;0.0
15;1;145;EB;0.0
15;1;145;from_grid;12.297
15;1;145;from_main_grid;12.297
15;1;145;from_network;0.0
15;1;146;HP;0.0
15;1;146;EB;0.0
15;1;146;from_grid;11.135
15;1;146;from_main_grid;11.135
15;1;146;from_network;0.0
15;1;147;HP;0.0
15;1;147;EB;0.0
15;1;147;from_grid;11.104
15;1;147;from_main_grid;11.104
15;1;147;from_network;0.0
15;1;148;HP;0.0
15;1;148;EB;0.0
15;1;148;from_grid;9.835
15;1;148;from_main_grid;9.835
15;1;148;from_network;0.0
15;1;149;HP;0.0
15;1;149;EB;0.0
15;1;149;from_grid;11.968
15;1;149;from_main_grid;11.968
15;1;149;from_network;0.0
15;1;150;HP;0.0
15;1;150;EB;0.0
15;1;150;from_grid;14.53
15;1;150;from_main_grid;14.53
15;1;150;from_network;0.0
15;1;151;HP;0.0
15;1;151;EB;0.0
15;1;151;from_grid;37.994
15;1;151;from_main_grid;0.0
15;1;151;from_network;37.994
15;1;152;HP;0.0
15;1;152;EB;0.0
15;1;152;from_grid;41.161
15;1;152;from_main_grid;0.0
15;1;152;from_network;41.161
15;1;153;HP;2.23
15;1;153;EB;0.0
15;1;153;from_grid;47.798
15;1;153;from_main_grid;0.0
15;1;153;from_network;47.798
15;1;154;HP;2.96
15;1;154;EB;0.0
15;1;154;from_grid;37.382
15;1;154;from_main_grid;0.0
15;1;154;from_network;37.382
15;1;155;HP;2.576
15;1;155;EB;0.0
15;1;155;from_grid;41.143
15;1;155;from_main_grid;0.0
15;1;155;from_network;41.143
15;1;156;HP;3.809
15;1;156;EB;0.0
15;1;156;from_grid;45.356
15;1;156;from_main_grid;0.0
15;1;156;from_network;45.356
15;1;157;HP;1.836
15;1;157;EB;0.0
15;1;157;from_grid;47.927
15;1;157;from_main_grid;0.0
15;1;157;from_network;47.927
15;1;158;HP;1.967
15;1;158;EB;0.0
15;1;158;from_grid;40.381
15;1;158;from_main_grid;0.0
15;1;158;from_network;40.381
15;1;159;HP;95.516
15;1;159;EB;0.0
15;1;159;from_grid;136.6
15;1;159;from_main_grid;0.0
15;1;159;from_network;136.6
15;1;160;HP;10.218
15;1;160;EB;0.0
15;1;160;from_grid;56.752
15;1;160;from_main_grid;0.0
15;1;160;from_network;56.752
15;1;161;HP;0.0
15;1;161;EB;0.0
15;1;161;from_grid;49.835
15;1;161;from_main_grid;0.0
15;1;161;from_network;49.835
15;1;162;HP;0.0
15;1;162;EB;0.0
15;1;162;from_grid;48.327
15;1;162;from_main_grid;0.0
15;1;162;from_network;48.327
15;1;163;HP;0.0
15;1;163;EB;0.0
15;1;163;from_grid;86.572
15;1;163;from_main_grid;86.572
15;1;163;from_network;0.0
15;1;164;HP;0.0
15;1;164;EB;0.0
15;1;164;from_grid;73.365
15;1;164;from_main_grid;73.365
15;1;164;from_network;0.0
15;1;165;HP;0.0
15;1;165;EB;0.0
15;1;165;from_grid;70.574
15;1;165;from_main_grid;70.574
15;1;165;from_network;0.0
15;1;166;HP;0.0
15;1;166;EB;0.0
15;1;166;from_grid;68.77
15;1;166;from_main_grid;68.77
15;1;166;from_network;0.0
15;1;167;HP;0.0
15;1;167;EB;0.0
15;1;167;from_grid;55.211
15;1;167;from_main_grid;55.211
15;1;167;from_network;0.0
15;2;0;HP;0.0
15;2;0;EB;0.0
15;2;0;from_grid;7.519
15;2;0;from_main_grid;7.519
15;2;0;from_network;0.0
15;2;1;HP;0.0
15;2;1;EB;0.0
15;2;1;from_grid;9.982
15;2;1;from_main_grid;9.982
15;2;1;from_network;0.0
15;2;2;HP;145.744
15;2;2;EB;0.0
15;2;2;from_grid;156.168
15;2;2;from_main_grid;156.168
15;2;2;from_network;0.0
15;2;3;HP;0.0
15;2;3;EB;0.0
15;2;3;from_grid;12.89
15;2;3;from_main_grid;12.89
15;2;3;from_network;0.0
15;2;4;HP;8.087
15;2;4;EB;0.0
15;2;4;from_grid;18.91
15;2;4;from_main_grid;18.91
15;2;4;from_network;0.0
15;2;5;HP;150.078
15;2;5;EB;0.0
15;2;5;from_grid;160.689
15;2;5;from_main_grid;160.689
15;2;5;from_network;0.0
15;2;6;HP;0.0
15;2;6;EB;0.0
15;2;6;from_grid;19.58
15;2;6;from_main_grid;19.58
15;2;6;from_network;0.0
15;2;7;HP;0.0
15;2;7;EB;0.0
15;2;7;from_grid;32.858
15;2;7;from_main_grid;32.858
15;2;7;from_network;0.0
15;2;8;HP;0.0
15;2;8;EB;0.0
15;2;8;from_grid;60.949
15;2;8;from_main_grid;60.949
15;2;8;from_network;0.0
15;2;9;HP;57.294
15;2;9;EB;0.0
15;2;9;from_grid;104.58
15;2;9;from_main_grid;0.0
15;2;9;from_network;104.58
15;2;10;HP;52.928
15;2;10;EB;0.0
15;2;10;from_grid;90.536
15;2;10;from_main_grid;0.0
15;2;10;from_network;90.536
15;2;11;HP;42.788
15;2;11;EB;0.0
15;2;11;from_grid;84.732
15;2;11;from_main_grid;0.0
15;2;11;from_network;84.732
15;2;12;HP;130.847
15;2;12;EB;0.0
15;2;12;from_grid;170.247
15;2;12;from_main_grid;0.0
15;2;12;from_network;170.247
15;2;13;HP;140.117
15;2;13;EB;0.0
15;2;13;from_grid;178.618
15;2;13;from_main_grid;0.0
15;2;13;from_network;178.618
15;2;14;HP;23.304
15;2;14;EB;0.0
15;2;14;from_grid;73.941
15;2;14;from_main_grid;0.0
15;2;14;from_network;73.941
15;2;15;HP;21.846
15;2;15;EB;0.0
15;2;15;from_grid;60.929
15;2;15;from_main_grid;0.0
15;2;15;from_network;60.929
15;2;16;HP;20.488
15;2;16;EB;0.0
15;2;16;from_grid;71.784
15;2;16;from_main_grid;0.0
15;2;16;from_network;71.784
15;2;17;HP;22.083
15;2;17;EB;0.0
15;2;17;from_grid;86.091
15;2;17;from_main_grid;59.064
15;2;17;from_network;27.027
15;2;18;HP;0.0
15;2;18;EB;0.0
15;2;18;from_grid;56.416
15;2;18;from_main_grid;56.416
15;2;18;from_network;0.0
15;2;19;HP;79.513
15;2;19;EB;0.0
15;2;19;from_grid;148.361
15;2;19;from_main_grid;148.361
15;2;19;from_network;0.0
15;2;20;HP;46.861
15;2;20;EB;0.0
15;2;20;from_grid;112.375
15;2;20;from_main_grid;112.375
15;2;20;from_network;0.0
15;2;21;HP;0.0
15;2;21;EB;0.0
15;2;21;from_grid;61.892
15;2;21;from_main_grid;61.892
15;2;21;from_network;0.0
15;2;22;HP;100.754
15;2;22;EB;0.0
15;2;22;from_grid;164.398
15;2;22;from_main_grid;164.398
15;2;22;from_network;0.0
15;2;23;HP;0.0
15;2;23;EB;0.0
15;2;23;from_grid;37.898
15;2;23;from_main_grid;37.898
15;2;23;from_network;0.0
15;2;24;HP;0.0
15;2;24;EB;0.0
15;2;24;from_grid;7.566
15;2;24;from_main_grid;7.566
15;2;24;from_network;0.0
15;2;25;HP;0.0
15;2;25;EB;0.0
15;2;25;from_grid;11.725
15;2;25;from_main_grid;11.725
15;2;25;from_network;0.0
15;2;26;HP;101.309
15;2;26;EB;0.0
15;2;26;from_grid;111.897
15;2;26;from_main_grid;111.897
15;2;26;from_network;0.0
15;2;27;HP;0.0
15;2;27;EB;0.0
15;2;27;from_grid;10.748
15;2;27;from_main_grid;10.748
15;2;27;from_network;0.0
15;2;28;HP;167.024
15;2;28;EB;0.0
15;2;28;from_grid;178.388
15;2;28;from_main_grid;178.388
15;2;28;from_network;0.0
15;2;29;HP;0.695
15;2;29;EB;0.0
15;2;29;from_grid;12.327
15;2;29;from_main_grid;12.327
15;2;29;from_network;0.0
15;2;30;HP;98.681
15;2;30;EB;0.0
15;2;30;from_grid;115.344
15;2;30;from_main_grid;115.344
15;2;30;from_network;0.0
15;2;31;HP;100.225
15;2;31;EB;0.0
15;2;31;from_grid;139.789
15;2;31;from_main_grid;139.789
15;2;31;from_network;0.0
15;2;32;HP;94.232
15;2;32;EB;0.0
15;2;32;from_grid;152.56
15;2;32;from_main_grid;119.857
15;2;32;from_network;32.703
15;2;33;HP;89.203
15;2;33;EB;0.0
15;2;33;from_grid;129.848
15;2;33;from_main_grid;0.0
15;2;33;from_network;129.848
15;2;34;HP;76.439
15;2;34;EB;0.0
15;2;34;from_grid;114.407
15;2;34;from_main_grid;0.0
15;2;34;from_network;114.407
15;2;35;HP;63.783
15;2;35;EB;0.0
15;2;35;from_grid;104.626
15;2;35;from_main_grid;0.0
15;2;35;from_network;104.626
15;2;36;HP;51.013
15;2;36;EB;0.0
15;2;36;from_grid;88.171
15;2;36;from_main_grid;0.0
15;2;36;from_network;88.171
15;2;37;HP;34.398
15;2;37;EB;0.0
15;2;37;from_grid;74.839
15;2;37;from_main_grid;0.0
15;2;37;from_network;74.839
15;2;38;HP;114.482
15;2;38;EB;0.0
15;2;38;from_grid;155.165
15;2;38;from_main_grid;0.0
15;2;38;from_network;155.165
15;2;39;HP;130.611
15;2;39;EB;0.0
15;2;39;from_grid;163.19
15;2;39;from_main_grid;0.0
15;2;39;from_network;163.19
15;2;40;HP;16.117
15;2;40;EB;0.0
15;2;40;from_grid;73.071
15;2;40;from_main_grid;0.0
15;2;40;from_network;73.071
15;2;41;HP;18.836
15;2;41;EB;0.0
15;2;41;from_grid;75.093
15;2;41;from_main_grid;75.093
15;2;41;from_network;0.0
15;2;42;HP;27.557
15;2;42;EB;0.0
15;2;42;from_grid;94.18
15;2;42;from_main_grid;94.18
15;2;42;from_network;0.0
15;2;43;HP;31.435
15;2;43;EB;0.0
15;2;43;from_grid;93.336
15;2;43;from_main_grid;93.336
15;2;43;from_network;0.0
15;2;44;HP;0.0
15;2;44;EB;0.0
15;2;44;from_grid;62.35
15;2;44;from_main_grid;62.35
15;2;44;from_network;0.0
15;2;45;HP;0.0
15;2;45;EB;0.0
15;2;45;from_grid;60.656
15;2;45;from_main_grid;60.656
15;2;45;from_network;0.0
15;2;46;HP;0.0
15;2;46;EB;0.0
15;2;46;from_grid;56.144
15;2;46;from_main_grid;56.144
15;2;46;from_network;0.0
15;2;47;HP;0.0
15;2;47;EB;0.0
15;2;47;from_grid;43.666
15;2;47;from_main_grid;43.666
15;2;47;from_network;0.0
15;2;48;HP;0.0
15;2;48;EB;0.0
15;2;48;from_grid;7.554
15;2;48;from_main_grid;7.554
15;2;48;from_network;0.0
15;2;49;HP;0.0
15;2;49;EB;0.0
15;2;49;from_grid;9.184
15;2;49;from_main_grid;9.184
15;2;49;from_network;0.0
15;2;50;HP;33.076
15;2;50;EB;0.0
15;2;50;from_grid;44.04
15;2;50;from_main_grid;44.04
15;2;50;from_network;0.0
15;2;51;HP;38.11
15;2;51;EB;0.0
15;2;51;from_grid;47.882
15;2;51;from_main_grid;47.882
15;2;51;from_network;0.0
15;2;52;HP;38.69
15;2;52;EB;0.0
15;2;52;from_grid;48.529
15;2;52;from_main_grid;48.529
15;2;52;from_network;0.0
15;2;53;HP;40.152
15;2;53;EB;0.0
15;2;53;from_grid;50.289
15;2;53;from_main_grid;50.289
15;2;53;from_network;0.0
15;2;54;HP;37.389
15;2;54;EB;0.0
15;2;54;from_grid;50.097
15;2;54;from_main_grid;50.097
15;2;54;from_network;0.0
15;2;55;HP;48.871
15;2;55;EB;0.0
15;2;55;from_grid;84.3
15;2;55;from_main_grid;84.3
15;2;55;from_network;0.0
15;2;56;HP;49.34
15;2;56;EB;0.0
15;2;56;from_grid;100.969
15;2;56;from_main_grid;100.969
15;2;56;from_network;0.0
15;2;57;HP;33.565
15;2;57;EB;0.0
15;2;57;from_grid;77.029
15;2;57;from_main_grid;77.029
15;2;57;from_network;0.0
15;2;58;HP;30.767
15;2;58;EB;0.0
15;2;58;from_grid;73.322
15;2;58;from_main_grid;73.322
15;2;58;from_network;0.0
15;2;59;HP;26.949
15;2;59;EB;0.0
15;2;59;from_grid;63.998
15;2;59;from_main_grid;63.998
15;2;59;from_network;0.0
15;2;60;HP;22.583
15;2;60;EB;0.0
15;2;60;from_grid;57.786
15;2;60;from_main_grid;57.786
15;2;60;from_network;0.0
15;2;61;HP;19.578
15;2;61;EB;0.0
15;2;61;from_grid;46.639
15;2;61;from_main_grid;46.639
15;2;61;from_network;0.0
15;2;62;HP;15.603
15;2;62;EB;0.0
15;2;62;from_grid;54.718
15;2;62;from_main_grid;54.718
15;2;62;from_network;0.0
15;2;63;HP;19.141
15;2;63;EB;0.0
15;2;63;from_grid;48.554
15;2;63;from_main_grid;48.554
15;2;63;from_network;0.0
15;2;64;HP;69.838
15;2;64;EB;0.0
15;2;64;from_grid;106.968
15;2;64;from_main_grid;106.968
15;2;64;from_network;0.0
15;2;65;HP;132.769
15;2;65;EB;0.0
15;2;65;from_grid;195.784
15;2;65;from_main_grid;195.784
15;2;65;from_network;0.0
15;2;66;HP;0.0
15;2;66;EB;0.0
15;2;66;from_grid;64.171
15;2;66;from_main_grid;64.171
15;2;66;from_network;0.0
15;2;67;HP;0.0
15;2;67;EB;0.0
15;2;67;from_grid;59.359
15;2;67;from_main_grid;59.359
15;2;67;from_network;0.0
15;2;68;HP;0.0
15;2;68;EB;0.0
15;2;68;from_grid;85.975
15;2;68;from_main_grid;85.975
15;2;68;from_network;0.0
15;2;69;HP;0.0
15;2;69;EB;0.0
15;2;69;from_grid;69.631
15;2;69;from_main_grid;69.631
15;2;69;from_network;0.0
15;2;70;HP;0.0
15;2;70;EB;0.0
15;2;70;from_grid;62.278
15;2;70;from_main_grid;62.278
15;2;70;from_network;0.0
15;2;71;HP;0.0
15;2;71;EB;0.0
15;2;71;from_grid;33.443
15;2;71;from_main_grid;33.443
15;2;71;from_network;0.0
15;2;72;HP;0.0
15;2;72;EB;0.0
15;2;72;from_grid;10.713
15;2;72;from_main_grid;10.713
15;2;72;from_network;0.0
15;2;73;HP;0.0
15;2;73;EB;0.0
15;2;73;from_grid;15.746
15;2;73;from_main_grid;15.746
15;2;73;from_network;0.0
15;2;74;HP;32.375
15;2;74;EB;0.0
15;2;74;from_grid;44.011
15;2;74;from_main_grid;44.011
15;2;74;from_network;0.0
15;2;75;HP;33.455
15;2;75;EB;0.0
15;2;75;from_grid;48.166
15;2;75;from_main_grid;48.166
15;2;75;from_network;0.0
15;2;76;HP;34.712
15;2;76;EB;0.0
15;2;76;from_grid;46.722
15;2;76;from_main_grid;46.722
15;2;76;from_network;0.0
15;2;77;HP;36.244
15;2;77;EB;0.0
15;2;77;from_grid;47.01
15;2;77;from_main_grid;47.01
15;2;77;from_network;0.0
15;2;78;HP;37.38
15;2;78;EB;0.0
15;2;78;from_grid;49.021
15;2;78;from_main_grid;49.021
15;2;78;from_network;0.0
15;2;79;HP;55.365
15;2;79;EB;0.0
15;2;79;from_grid;76.31
15;2;79;from_main_grid;76.31
15;2;79;from_network;0.0
15;2;80;HP;56.065
15;2;80;EB;0.0
15;2;80;from_grid;91.554
15;2;80;from_main_grid;91.554
15;2;80;from_network;0.0
15;2;81;HP;40.29
15;2;81;EB;0.0
15;2;81;from_grid;85.013
15;2;81;from_main_grid;85.013
15;2;81;from_network;0.0
15;2;82;HP;38.272
15;2;82;EB;0.0
15;2;82;from_grid;72.828
15;2;82;from_main_grid;72.828
15;2;82;from_network;0.0
15;2;83;HP;28.338
15;2;83;EB;0.0
15;2;83;from_grid;63.055
15;2;83;from_main_grid;45.07
15;2;83;from_network;17.985
15;2;84;HP;114.609
15;2;84;EB;0.0
15;2;84;from_grid;155.597
15;2;84;from_main_grid;0.0
15;2;84;from_network;155.597
15;2;85;HP;127.147
15;2;85;EB;0.0
15;2;85;from_grid;169.077
15;2;85;from_main_grid;0.0
15;2;85;from_network;169.077
15;2;86;HP;14.384
15;2;86;EB;0.0
15;2;86;from_grid;59.404
15;2;86;from_main_grid;59.404
15;2;86;from_network;0.0
15;2;87;HP;0.0
15;2;87;EB;0.0
15;2;87;from_grid;40.136
15;2;87;from_main_grid;40.136
15;2;87;from_network;0.0
15;2;88;HP;0.0
15;2;88;EB;0.0
15;2;88;from_grid;42.167
15;2;88;from_main_grid;42.167
15;2;88;from_network;0.0
15;2;89;HP;0.0
15;2;89;EB;0.0
15;2;89;from_grid;57.259
15;2;89;from_main_grid;57.259
15;2;89;from_network;0.0
15;2;90;HP;0.0
15;2;90;EB;0.0
15;2;90;from_grid;66.474
15;2;90;from_main_grid;66.474
15;2;90;from_network;0.0
15;2;91;HP;0.0
15;2;91;EB;0.0
15;2;91;from_grid;67.656
15;2;91;from_main_grid;67.656
15;2;91;from_network;0.0
15;2;92;HP;142.28
15;2;92;EB;0.0
15;2;92;from_grid;206.703
15;2;92;from_main_grid;206.703
15;2;92;from_network;0.0
15;2;93;HP;3.049
15;2;93;EB;0.0
15;2;93;from_grid;60.062
15;2;93;from_main_grid;60.062
15;2;93;from_network;0.0
15;2;94;HP;0.0
15;2;94;EB;0.0
15;2;94;from_grid;60.145
15;2;94;from_main_grid;60.145
15;2;94;from_network;0.0
15;2;95;HP;0.0
15;2;95;EB;0.0
15;2;95;from_grid;47.478
15;2;95;from_main_grid;47.478
15;2;95;from_network;0.0
15;2;96;HP;0.0
15;2;96;EB;0.0
15;2;96;from_grid;7.501
15;2;96;from_main_grid;7.501
15;2;96;from_network;0.0
15;2;97;HP;0.0
15;2;97;EB;0.0
15;2;97;from_grid;15.296
15;2;97;from_main_grid;15.296
15;2;97;from_network;0.0
15;2;98;HP;63.867
15;2;98;EB;0.0
15;2;98;from_grid;76.503
15;2;98;from_main_grid;76.503
15;2;98;from_network;0.0
15;2;99;HP;152.68
15;2;99;EB;0.0
15;2;99;from_grid;163.231
15;2;99;from_main_grid;163.231
15;2;99;from_network;0.0
15;2;100;HP;51.164
15;2;100;EB;0.0
15;2;100;from_grid;62.791
15;2;100;from_main_grid;62.791
15;2;100;from_network;0.0
15;2;101;HP;0.0
15;2;101;EB;0.0
15;2;101;from_grid;12.258
15;2;101;from_main_grid;12.258
15;2;101;from_network;0.0
15;2;102;HP;82.654
15;2;102;EB;0.0
15;2;102;from_grid;96.261
15;2;102;from_main_grid;96.261
15;2;102;from_network;0.0
15;2;103;HP;83.47
15;2;103;EB;0.0
15;2;103;from_grid;109.562
15;2;103;from_main_grid;109.562
15;2;103;from_network;0.0
15;2;104;HP;73.789
15;2;104;EB;0.0
15;2;104;from_grid;127.343
15;2;104;from_main_grid;127.343
15;2;104;from_network;0.0
15;2;105;HP;155.284
15;2;105;EB;0.0
15;2;105;from_grid;205.878
15;2;105;from_main_grid;0.0
15;2;105;from_network;205.878
15;2;106;HP;80.521
15;2;106;EB;0.0
15;2;106;from_grid;125.106
15;2;106;from_main_grid;0.0
15;2;106;from_network;125.106
15;2;107;HP;0.0
15;2;107;EB;0.0
15;2;107;from_grid;58.143
15;2;107;from_main_grid;56.764
15;2;107;from_network;1.38
15;2;108;HP;60.944
15;2;108;EB;0.0
15;2;108;from_grid;113.377
15;2;108;from_main_grid;0.0
15;2;108;from_network;113.377
15;2;109;HP;45.77
15;2;109;EB;0.0
15;2;109;from_grid;96.77
15;2;109;from_main_grid;67.015
15;2;109;from_network;29.756
15;2;110;HP;0.0
15;2;110;EB;0.0
15;2;110;from_grid;40.867
15;2;110;from_main_grid;40.867
15;2;110;from_network;0.0
15;2;111;HP;47.445
15;2;111;EB;0.0
15;2;111;from_grid;93.03
15;2;111;from_main_grid;93.03
15;2;111;from_network;0.0
15;2;112;HP;47.039
15;2;112;EB;0.0
15;2;112;from_grid;113.365
15;2;112;from_main_grid;113.365
15;2;112;from_network;0.0
15;2;113;HP;48.302
15;2;113;EB;0.0
15;2;113;from_grid;103.529
15;2;113;from_main_grid;103.529
15;2;113;from_network;0.0
15;2;114;HP;56.28
15;2;114;EB;0.0
15;2;114;from_grid;120.784
15;2;114;from_main_grid;120.784
15;2;114;from_network;0.0
15;2;115;HP;58.61
15;2;115;EB;0.0
15;2;115;from_grid;125.164
15;2;115;from_main_grid;125.164
15;2;115;from_network;0.0
15;2;116;HP;60.068
15;2;116;EB;0.0
15;2;116;from_grid;133.289
15;2;116;from_main_grid;133.289
15;2;116;from_network;0.0
15;2;117;HP;61.731
15;2;117;EB;0.0
15;2;117;from_grid;118.911
15;2;117;from_main_grid;118.911
15;2;117;from_network;0.0
15;2;118;HP;55.747
15;2;118;EB;0.0
15;2;118;from_grid;114.879
15;2;118;from_main_grid;114.879
15;2;118;from_network;0.0
15;2;119;HP;154.85
15;2;119;EB;0.0
15;2;119;from_grid;195.298
15;2;119;from_main_grid;195.298
15;2;119;from_network;0.0
15;2;120;HP;0.0
15;2;120;EB;0.0
15;2;120;from_grid;7.595
15;2;120;from_main_grid;7.595
15;2;120;from_network;0.0
15;2;121;HP;108.692
15;2;121;EB;0.0
15;2;121;from_grid;126.85
15;2;121;from_main_grid;126.85
15;2;121;from_network;0.0
15;2;122;HP;0.0
15;2;122;EB;0.0
15;2;122;from_grid;9.93
15;2;122;from_main_grid;9.93
15;2;122;from_network;0.0
15;2;123;HP;74.114
15;2;123;EB;0.0
15;2;123;from_grid;83.449
15;2;123;from_main_grid;83.449
15;2;123;from_network;0.0
15;2;124;HP;75.384
15;2;124;EB;0.0
15;2;124;from_grid;86.35
15;2;124;from_main_grid;86.35
15;2;124;from_network;0.0
15;2;125;HP;76.737
15;2;125;EB;0.0
15;2;125;from_grid;86.944
15;2;125;from_main_grid;86.944
15;2;125;from_network;0.0
15;2;126;HP;86.988
15;2;126;EB;0.0
15;2;126;from_grid;101.89
15;2;126;from_main_grid;101.89
15;2;126;from_network;0.0
15;2;127;HP;82.822
15;2;127;EB;0.0
15;2;127;from_grid;125.184
15;2;127;from_main_grid;125.184
15;2;127;from_network;0.0
15;2;128;HP;72.744
15;2;128;EB;0.0
15;2;128;from_grid;142.907
15;2;128;from_main_grid;142.907
15;2;128;from_network;0.0
15;2;129;HP;71.276
15;2;129;EB;0.0
15;2;129;from_grid;114.137
15;2;129;from_main_grid;114.137
15;2;129;from_network;0.0
15;2;130;HP;67.577
15;2;130;EB;0.0
15;2;130;from_grid;110.834
15;2;130;from_main_grid;110.834
15;2;130;from_network;0.0
15;2;131;HP;58.346
15;2;131;EB;0.0
15;2;131;from_grid;97.295
15;2;131;from_main_grid;97.295
15;2;131;from_network;0.0
15;2;132;HP;53.88
15;2;132;EB;0.0
15;2;132;from_grid;92.188
15;2;132;from_main_grid;92.188
15;2;132;from_network;0.0
15;2;133;HP;44.328
15;2;133;EB;0.0
15;2;133;from_grid;86.431
15;2;133;from_main_grid;12.866
15;2;133;from_network;73.565
15;2;134;HP;143.579
15;2;134;EB;0.0
15;2;134;from_grid;177.085
15;2;134;from_main_grid;177.085
15;2;134;from_network;0.0
15;2;135;HP;145.744
15;2;135;EB;0.0
15;2;135;from_grid;189.644
15;2;135;from_main_grid;189.644
15;2;135;from_network;0.0
15;2;136;HP;0.0
15;2;136;EB;0.0
15;2;136;from_grid;54.745
15;2;136;from_main_grid;54.745
15;2;136;from_network;0.0
15;2;137;HP;0.0
15;2;137;EB;0.0
15;2;137;from_grid;59.686
15;2;137;from_main_grid;59.686
15;2;137;from_network;0.0
15;2;138;HP;0.0
15;2;138;EB;0.0
15;2;138;from_grid;63.869
15;2;138;from_main_grid;63.869
15;2;138;from_network;0.0
15;2;139;HP;151.379
15;2;139;EB;0.0
15;2;139;from_grid;231.466
15;2;139;from_main_grid;231.466
15;2;139;from_network;0.0
15;2;140;HP;0.0
15;2;140;EB;0.0
15;2;140;from_grid;69.934
15;2;140;from_main_grid;69.934
15;2;140;from_network;0.0
15;2;141;HP;0.0
15;2;141;EB;0.0
15;2;141;from_grid;76.027
15;2;141;from_main_grid;76.027
15;2;141;from_network;0.0
15;2;142;HP;45.171
15;2;142;EB;0.0
15;2;142;from_grid;113.275
15;2;142;from_main_grid;113.275
15;2;142;from_network;0.0
15;2;143;HP;0.0
15;2;143;EB;0.0
15;2;143;from_grid;47.912
15;2;143;from_main_grid;47.912
15;2;143;from_network;0.0
15;2;144;HP;64.89
15;2;144;EB;0.0
15;2;144;from_grid;72.537
15;2;144;from_main_grid;72.537
15;2;144;from_network;0.0
15;2;145;HP;66.623
15;2;145;EB;0.0
15;2;145;from_grid;80.295
15;2;145;from_main_grid;80.295
15;2;145;from_network;0.0
15;2;146;HP;69.642
15;2;146;EB;0.0
15;2;146;from_grid;81.508
15;2;146;from_main_grid;81.508
15;2;146;from_network;0.0
15;2;147;HP;70.55
15;2;147;EB;0.0
15;2;147;from_grid;82.524
15;2;147;from_main_grid;82.524
15;2;147;from_network;0.0
15;2;148;HP;72.401
15;2;148;EB;0.0
15;2;148;from_grid;84.307
15;2;148;from_main_grid;84.307
15;2;148;from_network;0.0
15;2;149;HP;73.029
15;2;149;EB;0.0
15;2;149;from_grid;82.596
15;2;149;from_main_grid;82.596
15;2;149;from_network;0.0
15;2;150;HP;84.919
15;2;150;EB;0.0
15;2;150;from_grid;97.481
15;2;150;from_main_grid;97.481
15;2;150;from_network;0.0
15;2;151;HP;84.246
15;2;151;EB;0.0
15;2;151;from_grid;125.851
15;2;151;from_main_grid;125.851
15;2;151;from_network;0.0
15;2;152;HP;74.213
15;2;152;EB;0.0
15;2;152;from_grid;116.002
15;2;152;from_main_grid;116.002
15;2;152;from_network;0.0
15;2;153;HP;70.228
15;2;153;EB;0.0
15;2;153;from_grid;112.715
15;2;153;from_main_grid;112.715
15;2;153;from_network;0.0
15;2;154;HP;65.977
15;2;154;EB;0.0
15;2;154;from_grid;120.302
15;2;154;from_main_grid;120.302
15;2;154;from_network;0.0
15;2;155;HP;62.874
15;2;155;EB;0.0
15;2;155;from_grid;96.452
15;2;155;from_main_grid;96.452
15;2;155;from_network;0.0
15;2;156;HP;58.248
15;2;156;EB;0.0
15;2;156;from_grid;92.712
15;2;156;from_main_grid;92.712
15;2;156;from_network;0.0
15;2;157;HP;45.751
15;2;157;EB;0.0
15;2;157;from_grid;101.3
15;2;157;from_main_grid;101.3
15;2;157;from_network;0.0
15;2;158;HP;40.328
15;2;158;EB;0.0
15;2;158;from_grid;82.145
15;2;158;from_main_grid;82.145
15;2;158;from_network;0.0
15;2;159;HP;37.708
15;2;159;EB;0.0
15;2;159;from_grid;71.655
15;2;159;from_main_grid;71.655
15;2;159;from_network;0.0
15;2;160;HP;35.241
15;2;160;EB;0.0
15;2;160;from_grid;87.178
15;2;160;from_main_grid;87.178
15;2;160;from_network;0.0
15;2;161;HP;35.565
15;2;161;EB;0.0
15;2;161;from_grid;92.759
15;2;161;from_main_grid;92.759
15;2;161;from_network;0.0
15;2;162;HP;44.261
15;2;162;EB;0.0
15;2;162;from_grid;102.862
15;2;162;from_main_grid;102.862
15;2;162;from_network;0.0
15;2;163;HP;46.568
15;2;163;EB;0.0
15;2;163;from_grid;107.497
15;2;163;from_main_grid;107.497
15;2;163;from_network;0.0
15;2;164;HP;45.652
15;2;164;EB;0.0
15;2;164;from_grid;107.608
15;2;164;from_main_grid;107.608
15;2;164;from_network;0.0
15;2;165;HP;47.653
15;2;165;EB;0.0
15;2;165;from_grid;106.743
15;2;165;from_main_grid;106.743
15;2;165;from_network;0.0
15;2;166;HP;41.727
15;2;166;EB;0.0
15;2;166;from_grid;114.177
15;2;166;from_main_grid;114.177
15;2;166;from_network;0.0
15;2;167;HP;145.744
15;2;167;EB;0.0
15;2;167;from_grid;203.86
15;2;167;from_main_grid;203.86
15;2;167;from_network;0.0
15;3;0;HP;9.287
15;3;0;EB;0.0
15;3;0;from_grid;16.867
15;3;0;from_main_grid;16.867
15;3;0;from_network;0.0
15;3;1;HP;150.5
15;3;1;EB;0.0
15;3;1;from_grid;161.713
15;3;1;from_main_grid;161.713
15;3;1;from_network;0.0
15;3;2;HP;150.584
15;3;2;EB;0.0
15;3;2;from_grid;161.31
15;3;2;from_main_grid;161.31
15;3;2;from_network;0.0
15;3;3;HP;152.526
15;3;3;EB;0.0
15;3;3;from_grid;163.459
15;3;3;from_main_grid;163.459
15;3;3;from_network;0.0
15;3;4;HP;189.304
15;3;4;EB;0.0
15;3;4;from_grid;200.137
15;3;4;from_main_grid;200.137
15;3;4;from_network;0.0
15;3;5;HP;125.757
15;3;5;EB;0.0
15;3;5;from_grid;136.201
15;3;5;from_main_grid;136.201
15;3;5;from_network;0.0
15;3;6;HP;175.542
15;3;6;EB;0.0
15;3;6;from_grid;191.129
15;3;6;from_main_grid;191.129
15;3;6;from_network;0.0
15;3;7;HP;172.686
15;3;7;EB;0.0
15;3;7;from_grid;217.225
15;3;7;from_main_grid;217.225
15;3;7;from_network;0.0
15;3;8;HP;159.296
15;3;8;EB;0.0
15;3;8;from_grid;222.484
15;3;8;from_main_grid;222.484
15;3;8;from_network;0.0
15;3;9;HP;156.834
15;3;9;EB;0.0
15;3;9;from_grid;201.267
15;3;9;from_main_grid;201.267
15;3;9;from_network;0.0
15;3;10;HP;149.674
15;3;10;EB;0.0
15;3;10;from_grid;194.099
15;3;10;from_main_grid;194.099
15;3;10;from_network;0.0
15;3;11;HP;142.506
15;3;11;EB;0.0
15;3;11;from_grid;175.629
15;3;11;from_main_grid;139.148
15;3;11;from_network;36.482
15;3;12;HP;139.594
15;3;12;EB;0.0
15;3;12;from_grid;174.489
15;3;12;from_main_grid;174.489
15;3;12;from_network;0.0
15;3;13;HP;126.613
15;3;13;EB;0.0
15;3;13;from_grid;161.124
15;3;13;from_main_grid;0.0
15;3;13;from_network;161.124
15;3;14;HP;170.945
15;3;14;EB;0.0
15;3;14;from_grid;208.447
15;3;14;from_main_grid;0.0
15;3;14;from_network;208.447
15;3;15;HP;170.074
15;3;15;EB;0.0
15;3;15;from_grid;201.334
15;3;15;from_main_grid;201.334
15;3;15;from_network;0.0
15;3;16;HP;172.253
15;3;16;EB;0.0
15;3;16;from_grid;225.862
15;3;16;from_main_grid;225.862
15;3;16;from_network;0.0
15;3;17;HP;108.819
15;3;17;EB;0.0
15;3;17;from_grid;172.111
15;3;17;from_main_grid;172.111
15;3;17;from_network;0.0
15;3;18;HP;177.491
15;3;18;EB;0.0
15;3;18;from_grid;236.01
15;3;18;from_main_grid;236.01
15;3;18;from_network;0.0
15;3;19;HP;0.0
15;3;19;EB;0.0
15;3;19;from_grid;72.949
15;3;19;from_main_grid;72.949
15;3;19;from_network;0.0
15;3;20;HP;0.0
15;3;20;EB;0.0
15;3;20;from_grid;64.755
15;3;20;from_main_grid;64.755
15;3;20;from_network;0.0
15;3;21;HP;117.392
15;3;21;EB;0.0
15;3;21;from_grid;192.754
15;3;21;from_main_grid;192.754
15;3;21;from_network;0.0
15;3;22;HP;180.141
15;3;22;EB;0.0
15;3;22;from_grid;246.509
15;3;22;from_main_grid;246.509
15;3;22;from_network;0.0
15;3;23;HP;187.99
15;3;23;EB;0.0
15;3;23;from_grid;244.021
15;3;23;from_main_grid;244.021
15;3;23;from_network;0.0
15;3;24;HP;189.743
15;3;24;EB;0.0
15;3;24;from_grid;197.345
15;3;24;from_main_grid;197.345
15;3;24;from_network;0.0
15;3;25;HP;0.0
15;3;25;EB;0.0
15;3;25;from_grid;15.261
15;3;25;from_main_grid;15.261
15;3;25;from_network;0.0
15;3;26;HP;153.688
15;3;26;EB;0.0
15;3;26;from_grid;165.477
15;3;26;from_main_grid;165.477
15;3;26;from_network;0.0
15;3;27;HP;156.706
15;3;27;EB;0.0
15;3;27;from_grid;166.736
15;3;27;from_main_grid;166.736
15;3;27;from_network;0.0
15;3;28;HP;159.624
15;3;28;EB;0.0
15;3;28;from_grid;171.144
15;3;28;from_main_grid;171.144
15;3;28;from_network;0.0
15;3;29;HP;162.624
15;3;29;EB;0.0
15;3;29;from_grid;175.51
15;3;29;from_main_grid;175.51
15;3;29;from_network;0.0
15;3;30;HP;176.088
15;3;30;EB;0.0
15;3;30;from_grid;188.526
15;3;30;from_main_grid;188.526
15;3;30;from_network;0.0
15;3;31;HP;176.791
15;3;31;EB;0.0
15;3;31;from_grid;217.609
15;3;31;from_main_grid;217.609
15;3;31;from_network;0.0
15;3;32;HP;164.403
15;3;32;EB;0.0
15;3;32;from_grid;217.354
15;3;32;from_main_grid;217.354
15;3;32;from_network;0.0
15;3;33;HP;159.955
15;3;33;EB;0.0
15;3;33;from_grid;208.428
15;3;33;from_main_grid;208.428
15;3;33;from_network;0.0
15;3;34;HP;152.977
15;3;34;EB;0.0
15;3;34;from_grid;195.577
15;3;34;from_main_grid;195.577
15;3;34;from_network;0.0
15;3;35;HP;144.629
15;3;35;EB;0.0
15;3;35;from_grid;175.754
15;3;35;from_main_grid;175.754
15;3;35;from_network;0.0
15;3;36;HP;142.875
15;3;36;EB;0.0
15;3;36;from_grid;183.448
15;3;36;from_main_grid;183.448
15;3;36;from_network;0.0
15;3;37;HP;136.462
15;3;37;EB;0.0
15;3;37;from_grid;175.321
15;3;37;from_main_grid;175.321
15;3;37;from_network;0.0
15;3;38;HP;135.576
15;3;38;EB;0.0
15;3;38;from_grid;186.247
15;3;38;from_main_grid;186.247
15;3;38;from_network;0.0
15;3;39;HP;138.553
15;3;39;EB;0.0
15;3;39;from_grid;187.239
15;3;39;from_main_grid;187.239
15;3;39;from_network;0.0
15;3;40;HP;136.04
15;3;40;EB;0.0
15;3;40;from_grid;200.594
15;3;40;from_main_grid;200.594
15;3;40;from_network;0.0
15;3;41;HP;138.964
15;3;41;EB;0.0
15;3;41;from_grid;205.63
15;3;41;from_main_grid;205.63
15;3;41;from_network;0.0
15;3;42;HP;149.584
15;3;42;EB;0.0
15;3;42;from_grid;216.573
15;3;42;from_main_grid;216.573
15;3;42;from_network;0.0
15;3;43;HP;149.507
15;3;43;EB;0.0
15;3;43;from_grid;217.523
15;3;43;from_main_grid;217.523
15;3;43;from_network;0.0
15;3;44;HP;147.602
15;3;44;EB;0.0
15;3;44;from_grid;220.247
15;3;44;from_main_grid;220.247
15;3;44;from_network;0.0
15;3;45;HP;146.789
15;3;45;EB;0.0
15;3;45;from_grid;203.172
15;3;45;from_main_grid;203.172
15;3;45;from_network;0.0
15;3;46;HP;135.093
15;3;46;EB;0.0
15;3;46;from_grid;197.349
15;3;46;from_main_grid;197.349
15;3;46;from_network;0.0
15;3;47;HP;133.356
15;3;47;EB;0.0
15;3;47;from_grid;162.965
15;3;47;from_main_grid;162.965
15;3;47;from_network;0.0
15;3;48;HP;107.974
15;3;48;EB;0.0
15;3;48;from_grid;115.565
15;3;48;from_main_grid;115.565
15;3;48;from_network;0.0
15;3;49;HP;102.316
15;3;49;EB;0.0
15;3;49;from_grid;111.689
15;3;49;from_main_grid;111.689
15;3;49;from_network;0.0
15;3;50;HP;98.258
15;3;50;EB;0.0
15;3;50;from_grid;109.42
15;3;50;from_main_grid;109.42
15;3;50;from_network;0.0
15;3;51;HP;95.419
15;3;51;EB;0.0
15;3;51;from_grid;106.756
15;3;51;from_main_grid;106.756
15;3;51;from_network;0.0
15;3;52;HP;94.97
15;3;52;EB;0.0
15;3;52;from_grid;106.905
15;3;52;from_main_grid;106.905
15;3;52;from_network;0.0
15;3;53;HP;95.441
15;3;53;EB;0.0
15;3;53;from_grid;106.187
15;3;53;from_main_grid;106.187
15;3;53;from_network;0.0
15;3;54;HP;94.836
15;3;54;EB;0.0
15;3;54;from_grid;110.415
15;3;54;from_main_grid;110.415
15;3;54;from_network;0.0
15;3;55;HP;117.191
15;3;55;EB;0.0
15;3;55;from_grid;153.501
15;3;55;from_main_grid;153.501
15;3;55;from_network;0.0
15;3;56;HP;117.691
15;3;56;EB;0.0
15;3;56;from_grid;178.977
15;3;56;from_main_grid;178.977
15;3;56;from_network;0.0
15;3;57;HP;101.367
15;3;57;EB;0.0
15;3;57;from_grid;137.733
15;3;57;from_main_grid;137.733
15;3;57;from_network;0.0
15;3;58;HP;103.145
15;3;58;EB;0.0
15;3;58;from_grid;143.743
15;3;58;from_main_grid;143.743
15;3;58;from_network;0.0
15;3;59;HP;100.236
15;3;59;EB;0.0
15;3;59;from_grid;138.265
15;3;59;from_main_grid;138.265
15;3;59;from_network;0.0
15;3;60;HP;94.685
15;3;60;EB;0.0
15;3;60;from_grid;127.773
15;3;60;from_main_grid;127.773
15;3;60;from_network;0.0
15;3;61;HP;87.69
15;3;61;EB;0.0
15;3;61;from_grid;131.745
15;3;61;from_main_grid;96.487
15;3;61;from_network;35.258
15;3;62;HP;83.237
15;3;62;EB;0.0
15;3;62;from_grid;117.977
15;3;62;from_main_grid;0.0
15;3;62;from_network;117.977
15;3;63;HP;89.522
15;3;63;EB;0.0
15;3;63;from_grid;126.564
15;3;63;from_main_grid;126.564
15;3;63;from_network;0.0
15;3;64;HP;86.254
15;3;64;EB;0.0
15;3;64;from_grid;142.401
15;3;64;from_main_grid;142.401
15;3;64;from_network;0.0
15;3;65;HP;165.282
15;3;65;EB;0.0
15;3;65;from_grid;218.38
15;3;65;from_main_grid;218.38
15;3;65;from_network;0.0
15;3;66;HP;166.588
15;3;66;EB;0.0
15;3;66;from_grid;230.364
15;3;66;from_main_grid;230.364
15;3;66;from_network;0.0
15;3;67;HP;167.713
15;3;67;EB;0.0
15;3;67;from_grid;226.934
15;3;67;from_main_grid;226.934
15;3;67;from_network;0.0
15;3;68;HP;35.104
15;3;68;EB;0.0
15;3;68;from_grid;95.765
15;3;68;from_main_grid;95.765
15;3;68;from_network;0.0
15;3;69;HP;0.0
15;3;69;EB;0.0
15;3;69;from_grid;79.863
15;3;69;from_main_grid;79.863
15;3;69;from_network;0.0
15;3;70;HP;0.0
15;3;70;EB;0.0
15;3;70;from_grid;56.541
15;3;70;from_main_grid;56.541
15;3;70;from_network;0.0
15;3;71;HP;96.33
15;3;71;EB;0.0
15;3;71;from_grid;141.086
15;3;71;from_main_grid;141.086
15;3;71;from_network;0.0
15;3;72;HP;99.577
15;3;72;EB;0.0
15;3;72;from_grid;109.004
15;3;72;from_main_grid;109.004
15;3;72;from_network;0.0
15;3;73;HP;100.179
15;3;73;EB;0.0
15;3;73;from_grid;116.154
15;3;73;from_main_grid;116.154
15;3;73;from_network;0.0
15;3;74;HP;102.493
15;3;74;EB;0.0
15;3;74;from_grid;112.626
15;3;74;from_main_grid;112.626
15;3;74;from_network;0.0
15;3;75;HP;106.035
15;3;75;EB;0.0
15;3;75;from_grid;120.963
15;3;75;from_main_grid;120.963
15;3;75;from_network;0.0
15;3;76;HP;105.246
15;3;76;EB;0.0
15;3;76;from_grid;117.414
15;3;76;from_main_grid;117.414
15;3;76;from_network;0.0
15;3;77;HP;106.495
15;3;77;EB;0.0
15;3;77;from_grid;119.689
15;3;77;from_main_grid;119.689
15;3;77;from_network;0.0
15;3;78;HP;173.126
15;3;78;EB;0.0
15;3;78;from_grid;189.153
15;3;78;from_main_grid;189.153
15;3;78;from_network;0.0
15;3;79;HP;63.042
15;3;79;EB;0.0
15;3;79;from_grid;85.591
15;3;79;from_main_grid;85.591
15;3;79;from_network;0.0
15;3;80;HP;134.994
15;3;80;EB;0.0
15;3;80;from_grid;158.951
15;3;80;from_main_grid;158.951
15;3;80;from_network;0.0
15;3;81;HP;113.741
15;3;81;EB;0.0
15;3;81;from_grid;151.73
15;3;81;from_main_grid;151.73
15;3;81;from_network;0.0
15;3;82;HP;113.81
15;3;82;EB;0.0
15;3;82;from_grid;168.256
15;3;82;from_main_grid;168.256
15;3;82;from_network;0.0
15;3;83;HP;113.66
15;3;83;EB;0.0
15;3;83;from_grid;159.94
15;3;83;from_main_grid;159.94
15;3;83;from_network;0.0
15;3;84;HP;107.838
15;3;84;EB;0.0
15;3;84;from_grid;157.976
15;3;84;from_main_grid;157.976
15;3;84;from_network;0.0
15;3;85;HP;172.253
15;3;85;EB;0.0
15;3;85;from_grid;218.483
15;3;85;from_main_grid;0.0
15;3;85;from_network;218.483
15;3;86;HP;35.164
15;3;86;EB;0.0
15;3;86;from_grid;76.613
15;3;86;from_main_grid;0.0
15;3;86;from_network;76.613
15;3;87;HP;175.308
15;3;87;EB;0.0
15;3;87;from_grid;211.253
15;3;87;from_main_grid;211.253
15;3;87;from_network;0.0
15;3;88;HP;176.583
15;3;88;EB;0.0
15;3;88;from_grid;218.738
15;3;88;from_main_grid;218.738
15;3;88;from_network;0.0
15;3;89;HP;177.928
15;3;89;EB;0.0
15;3;89;from_grid;238.828
15;3;89;from_main_grid;238.828
15;3;89;from_network;0.0
15;3;90;HP;180.112
15;3;90;EB;0.0
15;3;90;from_grid;232.442
15;3;90;from_main_grid;232.442
15;3;90;from_network;0.0
15;3;91;HP;0.0
15;3;91;EB;0.0
15;3;91;from_grid;65.574
15;3;91;from_main_grid;65.574
15;3;91;from_network;0.0
15;3;92;HP;0.0
15;3;92;EB;0.0
15;3;92;from_grid;63.903
15;3;92;from_main_grid;63.903
15;3;92;from_network;0.0
15;3;93;HP;100.904
15;3;93;EB;0.0
15;3;93;from_grid;162.007
15;3;93;from_main_grid;162.007
15;3;93;from_network;0.0
15;3;94;HP;136.6
15;3;94;EB;0.0
15;3;94;from_grid;189.934
15;3;94;from_main_grid;189.934
15;3;94;from_network;0.0
15;3;95;HP;133.923
15;3;95;EB;0.0
15;3;95;from_grid;176.809
15;3;95;from_main_grid;176.809
15;3;95;from_network;0.0
15;3;96;HP;166.689
15;3;96;EB;0.0
15;3;96;from_grid;176.296
15;3;96;from_main_grid;176.296
15;3;96;from_network;0.0
15;3;97;HP;170.09
15;3;97;EB;0.0
15;3;97;from_grid;185.801
15;3;97;from_main_grid;185.801
15;3;97;from_network;0.0
15;3;98;HP;172.087
15;3;98;EB;0.0
15;3;98;from_grid;183.587
15;3;98;from_main_grid;183.587
15;3;98;from_network;0.0
15;3;99;HP;175.773
15;3;99;EB;0.0
15;3;99;from_grid;188.429
15;3;99;from_main_grid;188.429
15;3;99;from_network;0.0
15;3;100;HP;173.866
15;3;100;EB;0.0
15;3;100;from_grid;185.716
15;3;100;from_main_grid;185.716
15;3;100;from_network;0.0
15;3;101;HP;169.36
15;3;101;EB;0.0
15;3;101;from_grid;179.605
15;3;101;from_main_grid;179.605
15;3;101;from_network;0.0
15;3;102;HP;178.712
15;3;102;EB;0.0
15;3;102;from_grid;189.548
15;3;102;from_main_grid;189.548
15;3;102;from_network;0.0
15;3;103;HP;176.894
15;3;103;EB;0.0
15;3;103;from_grid;207.718
15;3;103;from_main_grid;207.718
15;3;103;from_network;0.0
15;3;104;HP;157.365
15;3;104;EB;0.0
15;3;104;from_grid;206.154
15;3;104;from_main_grid;206.154
15;3;104;from_network;0.0
15;3;105;HP;181.861
15;3;105;EB;0.0
15;3;105;from_grid;236.617
15;3;105;from_main_grid;236.617
15;3;105;from_network;0.0
15;3;106;HP;129.388
15;3;106;EB;0.0
15;3;106;from_grid;194.515
15;3;106;from_main_grid;194.515
15;3;106;from_network;0.0
15;3;107;HP;158.709
15;3;107;EB;0.0
15;3;107;from_grid;212.014
15;3;107;from_main_grid;212.014
15;3;107;from_network;0.0
15;3;108;HP;164.438
15;3;108;EB;0.0
15;3;108;from_grid;219.472
15;3;108;from_main_grid;219.472
15;3;108;from_network;0.0
15;3;109;HP;153.288
15;3;109;EB;0.0
15;3;109;from_grid;202.381
15;3;109;from_main_grid;202.381
15;3;109;from_network;0.0
15;3;110;HP;151.331
15;3;110;EB;0.0
15;3;110;from_grid;201.973
15;3;110;from_main_grid;201.973
15;3;110;from_network;0.0
15;3;111;HP;148.436
15;3;111;EB;0.0
15;3;111;from_grid;201.344
15;3;111;from_main_grid;201.344
15;3;111;from_network;0.0
15;3;112;HP;143.25
15;3;112;EB;0.0
15;3;112;from_grid;211.164
15;3;112;from_main_grid;211.164
15;3;112;from_network;0.0
15;3;113;HP;142.452
15;3;113;EB;0.0
15;3;113;from_grid;208.627
15;3;113;from_main_grid;208.627
15;3;113;from_network;0.0
15;3;114;HP;152.77
15;3;114;EB;0.0
15;3;114;from_grid;227.488
15;3;114;from_main_grid;227.488
15;3;114;from_network;0.0
15;3;115;HP;149.099
15;3;115;EB;0.0
15;3;115;from_grid;221.379
15;3;115;from_main_grid;221.379
15;3;115;from_network;0.0
15;3;116;HP;149.283
15;3;116;EB;0.0
15;3;116;from_grid;205.711
15;3;116;from_main_grid;205.711
15;3;116;from_network;0.0
15;3;117;HP;148.797
15;3;117;EB;0.0
15;3;117;from_grid;221.183
15;3;117;from_main_grid;221.183
15;3;117;from_network;0.0
15;3;118;HP;137.391
15;3;118;EB;0.0
15;3;118;from_grid;192.422
15;3;118;from_main_grid;192.422
15;3;118;from_network;0.0
15;3;119;HP;182.299
15;3;119;EB;0.0
15;3;119;from_grid;221.117
15;3;119;from_main_grid;221.117
15;3;119;from_network;0.0
15;3;120;HP;182.299
15;3;120;EB;0.0
15;3;120;from_grid;190.096
15;3;120;from_main_grid;190.096
15;3;120;from_network;0.0
15;3;121;HP;183.174
15;3;121;EB;0.0
15;3;121;from_grid;198.605
15;3;121;from_main_grid;198.605
15;3;121;from_network;0.0
15;3;122;HP;185.8
15;3;122;EB;0.0
15;3;122;from_grid;197.935
15;3;122;from_main_grid;197.935
15;3;122;from_network;0.0
15;3;123;HP;188.866
15;3;123;EB;0.0
15;3;123;from_grid;199.767
15;3;123;from_main_grid;199.767
15;3;123;from_network;0.0
15;3;124;HP;134.835
15;3;124;EB;0.0
15;3;124;from_grid;145.057
15;3;124;from_main_grid;145.057
15;3;124;from_network;0.0
15;3;125;HP;0.0
15;3;125;EB;0.0
15;3;125;from_grid;9.908
15;3;125;from_main_grid;9.908
15;3;125;from_network;0.0
15;3;126;HP;182.737
15;3;126;EB;0.0
15;3;126;from_grid;202.096
15;3;126;from_main_grid;202.096
15;3;126;from_network;0.0
15;3;127;HP;184.018
15;3;127;EB;0.0
15;3;127;from_grid;235.011
15;3;127;from_main_grid;235.011
15;3;127;from_network;0.0
15;3;128;HP;169.472
15;3;128;EB;0.0
15;3;128;from_grid;218.783
15;3;128;from_main_grid;218.783
15;3;128;from_network;0.0
15;3;129;HP;163.843
15;3;129;EB;0.0
15;3;129;from_grid;218.02
15;3;129;from_main_grid;218.02
15;3;129;from_network;0.0
15;3;130;HP;155.795
15;3;130;EB;0.0
15;3;130;from_grid;208.137
15;3;130;from_main_grid;208.137
15;3;130;from_network;0.0
15;3;131;HP;154.018
15;3;131;EB;0.0
15;3;131;from_grid;206.179
15;3;131;from_main_grid;206.179
15;3;131;from_network;0.0
15;3;132;HP;152.434
15;3;132;EB;0.0
15;3;132;from_grid;192.004
15;3;132;from_main_grid;189.358
15;3;132;from_network;2.646
15;3;133;HP;139.644
15;3;133;EB;0.0
15;3;133;from_grid;173.018
15;3;133;from_main_grid;134.541
15;3;133;from_network;38.477
15;3;134;HP;139.041
15;3;134;EB;0.0
15;3;134;from_grid;192.087
15;3;134;from_main_grid;192.087
15;3;134;from_network;0.0
15;3;135;HP;141.339
15;3;135;EB;0.0
15;3;135;from_grid;186.955
15;3;135;from_main_grid;186.955
15;3;135;from_network;0.0
15;3;136;HP;183.611
15;3;136;EB;0.0
15;3;136;from_grid;241.857
15;3;136;from_main_grid;241.857
15;3;136;from_network;0.0
15;3;137;HP;96.393
15;3;137;EB;0.0
15;3;137;from_grid;163.435
15;3;137;from_main_grid;163.435
15;3;137;from_network;0.0
15;3;138;HP;153.108
15;3;138;EB;0.0
15;3;138;from_grid;224.518
15;3;138;from_main_grid;224.518
15;3;138;from_network;0.0
15;3;139;HP;188.428
15;3;139;EB;0.0
15;3;139;from_grid;272.955
15;3;139;from_main_grid;272.955
15;3;139;from_network;0.0
15;3;140;HP;132.05
15;3;140;EB;0.0
15;3;140;from_grid;197.066
15;3;140;from_main_grid;197.066
15;3;140;from_network;0.0
15;3;141;HP;164.978
15;3;141;EB;0.0
15;3;141;from_grid;237.327
15;3;141;from_main_grid;237.327
15;3;141;from_network;0.0
15;3;142;HP;156.277
15;3;142;EB;0.0
15;3;142;from_grid;227.525
15;3;142;from_main_grid;227.525
15;3;142;from_network;0.0
15;3;143;HP;161.189
15;3;143;EB;0.0
15;3;143;from_grid;207.101
15;3;143;from_main_grid;207.101
15;3;143;from_network;0.0
15;3;144;HP;191.497
15;3;144;EB;0.0
15;3;144;from_grid;199.067
15;3;144;from_main_grid;199.067
15;3;144;from_network;0.0
15;3;145;HP;136.628
15;3;145;EB;0.0
15;3;145;from_grid;148.151
15;3;145;from_main_grid;148.151
15;3;145;from_network;0.0
15;3;146;HP;192.813
15;3;146;EB;0.0
15;3;146;from_grid;203.029
15;3;146;from_main_grid;203.029
15;3;146;from_network;0.0
15;3;147;HP;144.561
15;3;147;EB;0.0
15;3;147;from_grid;155.641
15;3;147;from_main_grid;155.641
15;3;147;from_network;0.0
15;3;148;HP;171.407
15;3;148;EB;0.0
15;3;148;from_grid;181.774
15;3;148;from_main_grid;181.774
15;3;148;from_network;0.0
15;3;149;HP;173.18
15;3;149;EB;0.0
15;3;149;from_grid;186.175
15;3;149;from_main_grid;186.175
15;3;149;from_network;0.0
15;3;150;HP;185.051
15;3;150;EB;0.0
15;3;150;from_grid;204.417
15;3;150;from_main_grid;204.417
15;3;150;from_network;0.0
15;3;151;HP;180.489
15;3;151;EB;0.0
15;3;151;from_grid;216.907
15;3;151;from_main_grid;216.907
15;3;151;from_network;0.0
15;3;152;HP;163.24
15;3;152;EB;0.0
15;3;152;from_grid;220.501
15;3;152;from_main_grid;220.501
15;3;152;from_network;0.0
15;3;153;HP;150.831
15;3;153;EB;0.0
15;3;153;from_grid;188.435
15;3;153;from_main_grid;188.435
15;3;153;from_network;0.0
15;3;154;HP;141.323
15;3;154;EB;0.0
15;3;154;from_grid;177.998
15;3;154;from_main_grid;177.998
15;3;154;from_network;0.0
15;3;155;HP;129.581
15;3;155;EB;0.0
15;3;155;from_grid;167.582
15;3;155;from_main_grid;167.582
15;3;155;from_network;0.0
15;3;156;HP;129.584
15;3;156;EB;0.0
15;3;156;from_grid;165.192
15;3;156;from_main_grid;165.192
15;3;156;from_network;0.0
15;3;157;HP;172.253
15;3;157;EB;0.0
15;3;157;from_grid;216.848
15;3;157;from_main_grid;216.848
15;3;157;from_network;0.0
15;3;158;HP;64.265
15;3;158;EB;0.0
15;3;158;from_grid;110.942
15;3;158;from_main_grid;110.942
15;3;158;from_network;0.0
15;3;159;HP;117.11
15;3;159;EB;0.0
15;3;159;from_grid;166.704
15;3;159;from_main_grid;166.704
15;3;159;from_network;0.0
15;3;160;HP;113.827
15;3;160;EB;0.0
15;3;160;from_grid;164.127
15;3;160;from_main_grid;164.127
15;3;160;from_network;0.0
15;3;161;HP;111.896
15;3;161;EB;0.0
15;3;161;from_grid;184.896
15;3;161;from_main_grid;184.896
15;3;161;from_network;0.0
15;3;162;HP;118.666
15;3;162;EB;0.0
15;3;162;from_grid;183.73
15;3;162;from_main_grid;183.73
15;3;162;from_network;0.0
15;3;163;HP;120.935
15;3;163;EB;0.0
15;3;163;from_grid;198.641
15;3;163;from_main_grid;198.641
15;3;163;from_network;0.0
15;3;164;HP;116.415
15;3;164;EB;0.0
15;3;164;from_grid;173.124
15;3;164;from_main_grid;173.124
15;3;164;from_network;0.0
15;3;165;HP;116.806
15;3;165;EB;0.0
15;3;165;from_grid;184.274
15;3;165;from_main_grid;184.274
15;3;165;from_network;0.0
15;3;166;HP;171.381
15;3;166;EB;0.0
15;3;166;from_grid;237.953
15;3;166;from_main_grid;237.953
15;3;166;from_network;0.0
15;3;167;HP;173.126
15;3;167;EB;0.0
15;3;167;from_grid;225.953
15;3;167;from_main_grid;225.953
15;3;167;from_network;0.0
20;0;0;HP;114.653
20;0;0;EB;0.0
20;0;0;from_grid;122.17
20;0;0;from_main_grid;122.17
20;0;0;from_network;0.0
20;0;1;HP;178.364
20;0;1;EB;0.0
20;0;1;from_grid;189.743
20;0;1;from_main_grid;189.743
20;0;1;from_network;0.0
20;0;2;HP;0.0
20;0;2;EB;0.0
20;0;2;from_grid;9.868
20;0;2;from_main_grid;9.868
20;0;2;from_network;0.0
20;0;3;HP;0.0
20;0;3;EB;0.0
20;0;3;from_grid;11.078
20;0;3;from_main_grid;11.078
20;0;3;from_network;0.0
20;0;4;HP;116.593
20;0;4;EB;0.0
20;0;4;from_grid;126.53
20;0;4;from_main_grid;126.53
20;0;4;from_network;0.0
20;0;5;HP;117.042
20;0;5;EB;0.0
20;0;5;from_grid;128.627
20;0;5;from_main_grid;128.627
20;0;5;from_network;0.0
20;0;6;HP;127.959
20;0;6;EB;0.0
20;0;6;from_grid;142.062
20;0;6;from_main_grid;142.062
20;0;6;from_network;0.0
20;0;7;HP;124.76
20;0;7;EB;0.0
20;0;7;from_grid;164.964
20;0;7;from_main_grid;164.964
20;0;7;from_network;0.0
20;0;8;HP;102.759
20;0;8;EB;0.0
20;0;8;from_grid;150.299
20;0;8;from_main_grid;150.299
20;0;8;from_network;0.0
20;0;9;HP;89.161
20;0;9;EB;0.0
20;0;9;from_grid;143.355
20;0;9;from_main_grid;143.355
20;0;9;from_network;0.0
20;0;10;HP;76.671
20;0;10;EB;0.0
20;0;10;from_grid;119.633
20;0;10;from_main_grid;119.633
20;0;10;from_network;0.0
20;0;11;HP;67.779
20;0;11;EB;0.0
20;0;11;from_grid;112.963
20;0;11;from_main_grid;0.0
20;0;11;from_network;112.963
20;0;12;HP;66.964
20;0;12;EB;0.0
20;0;12;from_grid;107.73
20;0;12;from_main_grid;107.73
20;0;12;from_network;0.0
20;0;13;HP;57.359
20;0;13;EB;0.0
20;0;13;from_grid;98.573
20;0;13;from_main_grid;98.573
20;0;13;from_network;0.0
20;0;14;HP;148.344
20;0;14;EB;0.0
20;0;14;from_grid;199.471
20;0;14;from_main_grid;199.471
20;0;14;from_network;0.0
20;0;15;HP;88.605
20;0;15;EB;0.0
20;0;15;from_grid;133.402
20;0;15;from_main_grid;133.402
20;0;15;from_network;0.0
20;0;16;HP;153.982
20;0;16;EB;0.0
20;0;16;from_grid;190.93
20;0;16;from_main_grid;128.192
20;0;16;from_network;62.738
20;0;17;HP;0.0
20;0;17;EB;0.0
20;0;17;from_grid;56.5
20;0;17;from_main_grid;56.5
20;0;17;from_network;0.0
20;0;18;HP;104.879
20;0;18;EB;0.0
20;0;18;from_grid;166.109
20;0;18;from_main_grid;166.109
20;0;18;from_network;0.0
20;0;19;HP;0.0
20;0;19;EB;0.0
20;0;19;from_grid;65.85
20;0;19;from_main_grid;65.85
20;0;19;from_network;0.0
20;0;20;HP;160.497
20;0;20;EB;0.0
20;0;20;from_grid;234.723
20;0;20;from_main_grid;234.723
20;0;20;from_network;0.0
20;0;21;HP;77.387
20;0;21;EB;0.0
20;0;21;from_grid;144.938
20;0;21;from_main_grid;144.938
20;0;21;from_network;0.0
20;0;22;HP;5.577
20;0;22;EB;0.0
20;0;22;from_grid;64.021
20;0;22;from_main_grid;64.021
20;0;22;from_network;0.0
20;0;23;HP;0.0
20;0;23;EB;0.0
20;0;23;from_grid;36.401
20;0;23;from_main_grid;36.401
20;0;23;from_network;0.0
20;0;24;HP;0.0
20;0;24;EB;0.0
20;0;24;from_grid;10.609
20;0;24;from_main_grid;10.609
20;0;24;from_network;0.0
20;0;25;HP;101.072
20;0;25;EB;0.0
20;0;25;from_grid;117.786
20;0;25;from_main_grid;117.786
20;0;25;from_network;0.0
20;0;26;HP;106.441
20;0;26;EB;0.0
20;0;26;from_grid;117.104
20;0;26;from_main_grid;117.104
20;0;26;from_network;0.0
20;0;27;HP;110.846
20;0;27;EB;0.0
20;0;27;from_grid;124.239
20;0;27;from_main_grid;124.239
20;0;27;from_network;0.0
20;0;28;HP;113.331
20;0;28;EB;0.0
20;0;28;from_grid;125.318
20;0;28;from_main_grid;125.318
20;0;28;from_network;0.0
20;0;29;HP;183.611
20;0;29;EB;0.0
20;0;29;from_grid;196.147
20;0;29;from_main_grid;196.147
20;0;29;from_network;0.0
20;0;30;HP;69.008
20;0;30;EB;0.0
20;0;30;from_grid;83.921
20;0;30;from_main_grid;83.921
20;0;30;from_network;0.0
20;0;31;HP;137.492
20;0;31;EB;0.0
20;0;31;from_grid;176.573
20;0;31;from_main_grid;176.573
20;0;31;from_network;0.0
20;0;32;HP;124.256
20;0;32;EB;0.0
20;0;32;from_grid;176.403
20;0;32;from_main_grid;176.403
20;0;32;from_network;0.0
20;0;33;HP;121.226
20;0;33;EB;0.0
20;0;33;from_grid;162.867
20;0;33;from_main_grid;162.867
20;0;33;from_network;0.0
20;0;34;HP;114.664
20;0;34;EB;0.0
20;0;34;from_grid;155.691
20;0;34;from_main_grid;155.691
20;0;34;from_network;0.0
20;0;35;HP;109.148
20;0;35;EB;0.0
20;0;35;from_grid;151.967
20;0;35;from_main_grid;135.916
20;0;35;from_network;16.051
20;0;36;HP;106.612
20;0;36;EB;0.0
20;0;36;from_grid;142.963
20;0;36;from_main_grid;142.963
20;0;36;from_network;0.0
20;0;37;HP;180.112
20;0;37;EB;0.0
20;0;37;from_grid;216.37
20;0;37;from_main_grid;0.0
20;0;37;from_network;216.37
20;0;38;HP;178.801
20;0;38;EB;0.0
20;0;38;from_grid;219.592
20;0;38;from_main_grid;0.0
20;0;38;from_network;219.592
20;0;39;HP;0.0
20;0;39;EB;0.0
20;0;39;from_grid;39.624
20;0;39;from_main_grid;0.0
20;0;39;from_network;39.624
20;0;40;HP;42.458
20;0;40;EB;0.0
20;0;40;from_grid;91.777
20;0;40;from_main_grid;91.777
20;0;40;from_network;0.0
20;0;41;HP;90.28
20;0;41;EB;0.0
20;0;41;from_grid;159.642
20;0;41;from_main_grid;159.642
20;0;41;from_network;0.0
20;0;42;HP;97.936
20;0;42;EB;0.0
20;0;42;from_grid;166.569
20;0;42;from_main_grid;166.569
20;0;42;from_network;0.0
20;0;43;HP;100.577
20;0;43;EB;0.0
20;0;43;from_grid;163.018
20;0;43;from_main_grid;163.018
20;0;43;from_network;0.0
20;0;44;HP;102.801
20;0;44;EB;0.0
20;0;44;from_grid;172.366
20;0;44;from_main_grid;172.366
20;0;44;from_network;0.0
20;0;45;HP;104.896
20;0;45;EB;0.0
20;0;45;from_grid;169.866
20;0;45;from_main_grid;169.866
20;0;45;from_network;0.0
20;0;46;HP;96.268
20;0;46;EB;0.0
20;0;46;from_grid;154.019
20;0;46;from_main_grid;154.019
20;0;46;from_network;0.0
20;0;47;HP;99.158
20;0;47;EB;0.0
20;0;47;from_grid;142.885
20;0;47;from_main_grid;142.885
20;0;47;from_network;0.0
20;0;48;HP;85.287
20;0;48;EB;0.0
20;0;48;from_grid;92.754
20;0;48;from_main_grid;92.754
20;0;48;from_network;0.0
20;0;49;HP;84.185
20;0;49;EB;0.0
20;0;49;from_grid;100.48
20;0;49;from_main_grid;100.48
20;0;49;from_network;0.0
20;0;50;HP;85.586
20;0;50;EB;0.0
20;0;50;from_grid;96.451
20;0;50;from_main_grid;96.451
20;0;50;from_network;0.0
20;0;51;HP;88.224
20;0;51;EB;0.0
20;0;51;from_grid;99.348
20;0;51;from_main_grid;99.348
20;0;51;from_network;0.0
20;0;52;HP;88.785
20;0;52;EB;0.0
20;0;52;from_grid;99.1
20;0;52;from_main_grid;99.1
20;0;52;from_network;0.0
20;0;53;HP;90.638
20;0;53;EB;0.0
20;0;53;from_grid;100.982
20;0;53;from_main_grid;100.982
20;0;53;from_network;0.0
20;0;54;HP;90.087
20;0;54;EB;0.0
20;0;54;from_grid;105.532
20;0;54;from_main_grid;105.532
20;0;54;from_network;0.0
20;0;55;HP;110.658
20;0;55;EB;0.0
20;0;55;from_grid;148.051
20;0;55;from_main_grid;148.051
20;0;55;from_network;0.0
20;0;56;HP;112.894
20;0;56;EB;0.0
20;0;56;from_grid;169.874
20;0;56;from_main_grid;169.874
20;0;56;from_network;0.0
20;0;57;HP;89.527
20;0;57;EB;0.0
20;0;57;from_grid;130.335
20;0;57;from_main_grid;7.658
20;0;57;from_network;122.676
20;0;58;HP;82.979
20;0;58;EB;0.0
20;0;58;from_grid;117.205
20;0;58;from_main_grid;117.205
20;0;58;from_network;0.0
20;0;59;HP;71.863
20;0;59;EB;0.0
20;0;59;from_grid;113.643
20;0;59;from_main_grid;0.0
20;0;59;from_network;113.643
20;0;60;HP;63.524
20;0;60;EB;0.0
20;0;60;from_grid;97.721
20;0;60;from_main_grid;0.0
20;0;60;from_network;97.721
20;0;61;HP;58.546
20;0;61;EB;0.0
20;0;61;from_grid;91.584
20;0;61;from_main_grid;9.757
20;0;61;from_network;81.826
20;0;62;HP;56.776
20;0;62;EB;0.0
20;0;62;from_grid;88.249
20;0;62;from_main_grid;88.249
20;0;62;from_network;0.0
20;0;63;HP;56.746
20;0;63;EB;0.0
20;0;63;from_grid;91.61
20;0;63;from_main_grid;39.84
20;0;63;from_network;51.771
20;0;64;HP;49.936
20;0;64;EB;0.0
20;0;64;from_grid;93.51
20;0;64;from_main_grid;14.282
20;0;64;from_network;79.228
20;0;65;HP;38.197
20;0;65;EB;0.0
20;0;65;from_grid;91.929
20;0;65;from_main_grid;91.929
20;0;65;from_network;0.0
20;0;66;HP;36.814
20;0;66;EB;0.0
20;0;66;from_grid;108.117
20;0;66;from_main_grid;108.117
20;0;66;from_network;0.0
20;0;67;HP;151.812
20;0;67;EB;0.0
20;0;67;from_grid;220.192
20;0;67;from_main_grid;220.192
20;0;67;from_network;0.0
20;0;68;HP;0.0
20;0;68;EB;0.0
20;0;68;from_grid;58.499
20;0;68;from_main_grid;58.499
20;0;68;from_network;0.0
20;0;69;HP;0.0
20;0;69;EB;0.0
20;0;69;from_grid;58.384
20;0;69;from_main_grid;58.384
20;0;69;from_network;0.0
20;0;70;HP;38.983
20;0;70;EB;0.0
20;0;70;from_grid;93.694
20;0;70;from_main_grid;93.694
20;0;70;from_network;0.0
20;0;71;HP;49.587
20;0;71;EB;0.0
20;0;71;from_grid;94.191
20;0;71;from_main_grid;94.191
20;0;71;from_network;0.0
20;0;72;HP;111.654
20;0;72;EB;0.0
20;0;72;from_grid;121.119
20;0;72;from_main_grid;121.119
20;0;72;from_network;0.0
20;0;73;HP;0.0
20;0;73;EB;0.0
20;0;73;from_grid;17.397
20;0;73;from_main_grid;17.397
20;0;73;from_network;0.0
20;0;74;HP;60.512
20;0;74;EB;0.0
20;0;74;from_grid;70.599
20;0;74;from_main_grid;70.599
20;0;74;from_network;0.0
20;0;75;HP;61.383
20;0;75;EB;0.0
20;0;75;from_grid;74.539
20;0;75;from_main_grid;74.539
20;0;75;from_network;0.0
20;0;76;HP;60.787
20;0;76;EB;0.0
20;0;76;from_grid;70.458
20;0;76;from_main_grid;70.458
20;0;76;from_network;0.0
20;0;77;HP;61.628
20;0;77;EB;0.0
20;0;77;from_grid;72.626
20;0;77;from_main_grid;72.626
20;0;77;from_network;0.0
20;0;78;HP;61.954
20;0;78;EB;0.0
20;0;78;from_grid;75.641
20;0;78;from_main_grid;75.641
20;0;78;from_network;0.0
20;0;79;HP;82.183
20;0;79;EB;0.0
20;0;79;from_grid;101.451
20;0;79;from_main_grid;101.451
20;0;79;from_network;0.0
20;0;80;HP;80.964
20;0;80;EB;0.0
20;0;80;from_grid;112.483
20;0;80;from_main_grid;112.483
20;0;80;from_network;0.0
20;0;81;HP;60.561
20;0;81;EB;0.0
20;0;81;from_grid;101.46
20;0;81;from_main_grid;101.46
20;0;81;from_network;0.0
20;0;82;HP;57.313
20;0;82;EB;0.0
20;0;82;from_grid;97.36
20;0;82;from_main_grid;97.36
20;0;82;from_network;0.0
20;0;83;HP;53.831
20;0;83;EB;0.0
20;0;83;from_grid;84.849
20;0;83;from_main_grid;84.849
20;0;83;from_network;0.0
20;0;84;HP;49.76
20;0;84;EB;0.0
20;0;84;from_grid;94.952
20;0;84;from_main_grid;94.952
20;0;84;from_network;0.0
20;0;85;HP;46.627
20;0;85;EB;0.0
20;0;85;from_grid;93.008
20;0;85;from_main_grid;93.008
20;0;85;from_network;0.0
20;0;86;HP;45.123
20;0;86;EB;0.0
20;0;86;from_grid;89.452
20;0;86;from_main_grid;89.452
20;0;86;from_network;0.0
20;0;87;HP;67.02
20;0;87;EB;0.0
20;0;87;from_grid;105.353
20;0;87;from_main_grid;105.353
20;0;87;from_network;0.0
20;0;88;HP;149.211
20;0;88;EB;0.0
20;0;88;from_grid;184.643
20;0;88;from_main_grid;184.643
20;0;88;from_network;0.0
20;0;89;HP;150.945
20;0;89;EB;0.0
20;0;89;from_grid;203.063
20;0;89;from_main_grid;170.965
20;0;89;from_network;32.097
20;0;90;HP;0.0
20;0;90;EB;0.0
20;0;90;from_grid;44.815
20;0;90;from_main_grid;44.815
20;0;90;from_network;0.0
20;0;91;HP;84.212
20;0;91;EB;0.0
20;0;91;from_grid;141.761
20;0;91;from_main_grid;141.761
20;0;91;from_network;0.0
20;0;92;HP;0.0
20;0;92;EB;0.0
20;0;92;from_grid;58.98
20;0;92;from_main_grid;58.98
20;0;92;from_network;0.0
20;0;93;HP;165.718
20;0;93;EB;0.0
20;0;93;from_grid;223.679
20;0;93;from_main_grid;223.679
20;0;93;from_network;0.0
20;0;94;HP;0.0
20;0;94;EB;0.0
20;0;94;from_grid;50.693
20;0;94;from_main_grid;50.693
20;0;94;from_network;0.0
20;0;95;HP;151.553
20;0;95;EB;0.0
20;0;95;from_grid;194.41
20;0;95;from_main_grid;194.41
20;0;95;from_network;0.0
20;0;96;HP;105.285
20;0;96;EB;0.0
20;0;96;from_grid;114.191
20;0;96;from_main_grid;114.191
20;0;96;from_network;0.0
20;0;97;HP;111.09
20;0;97;EB;0.0
20;0;97;from_grid;123.772
20;0;97;from_main_grid;123.772
20;0;97;from_network;0.0
20;0;98;HP;90.394
20;0;98;EB;0.0
20;0;98;from_grid;100.59
20;0;98;from_main_grid;100.59
20;0;98;from_network;0.0
20;0;99;HP;0.0
20;0;99;EB;0.0
20;0;99;from_grid;12.277
20;0;99;from_main_grid;12.277
20;0;99;from_network;0.0
20;0;100;HP;0.0
20;0;100;EB;0.0
20;0;100;from_grid;10.38
20;0;100;from_main_grid;10.38
20;0;100;from_network;0.0
20;0;101;HP;127.425
20;0;101;EB;0.0
20;0;101;from_grid;137.905
20;0;101;from_main_grid;137.905
20;0;101;from_network;0.0
20;0;102;HP;138.662
20;0;102;EB;0.0
20;0;102;from_grid;153.584
20;0;102;from_main_grid;153.584
20;0;102;from_network;0.0
20;0;103;HP;140.244
20;0;103;EB;0.0
20;0;103;from_grid;172.207
20;0;103;from_main_grid;172.207
20;0;103;from_network;0.0
20;0;104;HP;126.062
20;0;104;EB;0.0
20;0;104;from_grid;170.24
20;0;104;from_main_grid;170.24
20;0;104;from_network;0.0
20;0;105;HP;122.314
20;0;105;EB;0.0
20;0;105;from_grid;176.658
20;0;105;from_main_grid;131.498
20;0;105;from_network;45.16
20;0;106;HP;114.051
20;0;106;EB;0.0
20;0;106;from_grid;150.693
20;0;106;from_main_grid;150.693
20;0;106;from_network;0.0
20;0;107;HP;105.467
20;0;107;EB;0.0
20;0;107;from_grid;160.741
20;0;107;from_main_grid;160.741
20;0;107;from_network;0.0
20;0;108;HP;107.964
20;0;108;EB;0.0
20;0;108;from_grid;152.275
20;0;108;from_main_grid;152.275
20;0;108;from_network;0.0
20;0;109;HP;100.136
20;0;109;EB;0.0
20;0;109;from_grid;151.684
20;0;109;from_main_grid;151.684
20;0;109;from_network;0.0
20;0;110;HP;95.069
20;0;110;EB;0.0
20;0;110;from_grid;146.123
20;0;110;from_main_grid;146.123
20;0;110;from_network;0.0
20;0;111;HP;93.23
20;0;111;EB;0.0
20;0;111;from_grid;130.547
20;0;111;from_main_grid;130.547
20;0;111;from_network;0.0
20;0;112;HP;86.51
20;0;112;EB;0.0
20;0;112;from_grid;143.319
20;0;112;from_main_grid;143.319
20;0;112;from_network;0.0
20;0;113;HP;81.336
20;0;113;EB;0.0
20;0;113;from_grid;137.005
20;0;113;from_main_grid;137.005
20;0;113;from_network;0.0
20;0;114;HP;113.563
20;0;114;EB;0.0
20;0;114;from_grid;171.417
20;0;114;from_main_grid;171.417
20;0;114;from_network;0.0
20;0;115;HP;172.253
20;0;115;EB;0.0
20;0;115;from_grid;245.408
20;0;115;from_main_grid;245.408
20;0;115;from_network;0.0
20;0;116;HP;172.69
20;0;116;EB;0.0
20;0;116;from_grid;242.724
20;0;116;from_main_grid;242.724
20;0;116;from_network;0.0
20;0;117;HP;173.998
20;0;117;EB;0.0
20;0;117;from_grid;234.074
20;0;117;from_main_grid;234.074
20;0;117;from_network;0.0
20;0;118;HP;99.307
20;0;118;EB;0.0
20;0;118;from_grid;153.626
20;0;118;from_main_grid;153.626
20;0;118;from_network;0.0
20;0;119;HP;106.061
20;0;119;EB;0.0
20;0;119;from_grid;155.172
20;0;119;from_main_grid;155.172
20;0;119;from_network;0.0
20;0;120;HP;0.0
20;0;120;EB;0.0
20;0;120;from_grid;7.503
20;0;120;from_main_grid;7.503
20;0;120;from_network;0.0
20;0;121;HP;0.0
20;0;121;EB;0.0
20;0;121;from_grid;14.812
20;0;121;from_main_grid;14.812
20;0;121;from_network;0.0
20;0;122;HP;85.837
20;0;122;EB;0.0
20;0;122;from_grid;94.952
20;0;122;from_main_grid;94.952
20;0;122;from_network;0.0
20;0;123;HP;126.007
20;0;123;EB;0.0
20;0;123;from_grid;136.883
20;0;123;from_main_grid;136.883
20;0;123;from_network;0.0
20;0;124;HP;126.028
20;0;124;EB;0.0
20;0;124;from_grid;136.37
20;0;124;from_main_grid;136.37
20;0;124;from_network;0.0
20;0;125;HP;130.294
20;0;125;EB;0.0
20;0;125;from_grid;144.235
20;0;125;from_main_grid;144.235
20;0;125;from_network;0.0
20;0;126;HP;144.569
20;0;126;EB;0.0
20;0;126;from_grid;160.757
20;0;126;from_main_grid;160.757
20;0;126;from_network;0.0
20;0;127;HP;142.087
20;0;127;EB;0.0
20;0;127;from_grid;187.753
20;0;127;from_main_grid;187.753
20;0;127;from_network;0.0
20;0;128;HP;129.772
20;0;128;EB;0.0
20;0;128;from_grid;175.751
20;0;128;from_main_grid;175.751
20;0;128;from_network;0.0
20;0;129;HP;129.962
20;0;129;EB;0.0
20;0;129;from_grid;167.783
20;0;129;from_main_grid;167.783
20;0;129;from_network;0.0
20;0;130;HP;121.441
20;0;130;EB;0.0
20;0;130;from_grid;153.254
20;0;130;from_main_grid;153.254
20;0;130;from_network;0.0
20;0;131;HP;109.328
20;0;131;EB;0.0
20;0;131;from_grid;158.971
20;0;131;from_main_grid;158.971
20;0;131;from_network;0.0
20;0;132;HP;107.064
20;0;132;EB;0.0
20;0;132;from_grid;144.572
20;0;132;from_main_grid;144.572
20;0;132;from_network;0.0
20;0;133;HP;93.786
20;0;133;EB;0.0
20;0;133;from_grid;135.141
20;0;133;from_main_grid;135.141
20;0;133;from_network;0.0
20;0;134;HP;168.766
20;0;134;EB;0.0
20;0;134;from_grid;203.573
20;0;134;from_main_grid;203.573
20;0;134;from_network;0.0
20;0;135;HP;170.509
20;0;135;EB;0.0
20;0;135;from_grid;207.722
20;0;135;from_main_grid;207.722
20;0;135;from_network;0.0
20;0;136;HP;119.037
20;0;136;EB;0.0
20;0;136;from_grid;169.57
20;0;136;from_main_grid;49.313
20;0;136;from_network;120.256
20;0;137;HP;0.0
20;0;137;EB;0.0
20;0;137;from_grid;62.195
20;0;137;from_main_grid;0.0
20;0;137;from_network;62.195
20;0;138;HP;0.0
20;0;138;EB;0.0
20;0;138;from_grid;68.357
20;0;138;from_main_grid;68.357
20;0;138;from_network;0.0
20;0;139;HP;153.723
20;0;139;EB;0.0
20;0;139;from_grid;223.098
20;0;139;from_main_grid;223.098
20;0;139;from_network;0.0
20;0;140;HP;176.181
20;0;140;EB;0.0
20;0;140;from_grid;237.65
20;0;140;from_main_grid;237.65
20;0;140;from_network;0.0
20;0;141;HP;177.491
20;0;141;EB;0.0
20;0;141;from_grid;250.177
20;0;141;from_main_grid;250.177
20;0;141;from_network;0.0
20;0;142;HP;177.491
20;0;142;EB;0.0
20;0;142;from_grid;256.993
20;0;142;from_main_grid;256.993
20;0;142;from_network;0.0
20;0;143;HP;0.0
20;0;143;EB;0.0
20;0;143;from_grid;45.156
20;0;143;from_main_grid;45.156
20;0;143;from_network;0.0
20;0;144;HP;0.0
20;0;144;EB;0.0
20;0;144;from_grid;7.598
20;0;144;from_main_grid;7.598
20;0;144;from_network;0.0
20;0;145;HP;92.753
20;0;145;EB;0.0
20;0;145;from_grid;107.797
20;0;145;from_main_grid;107.797
20;0;145;from_network;0.0
20;0;146;HP;133.614
20;0;146;EB;0.0
20;0;146;from_grid;144.073
20;0;146;from_main_grid;144.073
20;0;146;from_network;0.0
20;0;147;HP;135.426
20;0;147;EB;0.0
20;0;147;from_grid;146.153
20;0;147;from_main_grid;146.153
20;0;147;from_network;0.0
20;0;148;HP;139.093
20;0;148;EB;0.0
20;0;148;from_grid;148.835
20;0;148;from_main_grid;148.835
20;0;148;from_network;0.0
20;0;149;HP;141.881
20;0;149;EB;0.0
20;0;149;from_grid;154.446
20;0;149;from_main_grid;154.446
20;0;149;from_network;0.0
20;0;150;HP;152.213
20;0;150;EB;0.0
20;0;150;from_grid;165.921
20;0;150;from_main_grid;165.921
20;0;150;from_network;0.0
20;0;151;HP;150.861
20;0;151;EB;0.0
20;0;151;from_grid;188.214
20;0;151;from_main_grid;188.214
20;0;151;from_network;0.0
20;0;152;HP;134.793
20;0;152;EB;0.0
20;0;152;from_grid;189.013
20;0;152;from_main_grid;189.013
20;0;152;from_network;0.0
20;0;153;HP;133.743
20;0;153;EB;0.0
20;0;153;from_grid;179.893
20;0;153;from_main_grid;179.893
20;0;153;from_network;0.0
20;0;154;HP;129.804
20;0;154;EB;0.0
20;0;154;from_grid;167.762
20;0;154;from_main_grid;103.043
20;0;154;from_network;64.718
20;0;155;HP;120.867
20;0;155;EB;0.0
20;0;155;from_grid;157.222
20;0;155;from_main_grid;157.222
20;0;155;from_network;0.0
20;0;156;HP;114.213
20;0;156;EB;0.0
20;0;156;from_grid;152.506
20;0;156;from_main_grid;60.39
20;0;156;from_network;92.116
20;0;157;HP;99.091
20;0;157;EB;0.0
20;0;157;from_grid;130.644
20;0;157;from_main_grid;130.644
20;0;157;from_network;0.0
20;0;158;HP;90.548
20;0;158;EB;0.0
20;0;158;from_grid;123.702
20;0;158;from_main_grid;123.702
20;0;158;from_network;0.0
20;0;159;HP;84.327
20;0;159;EB;0.0
20;0;159;from_grid;129.348
20;0;159;from_main_grid;78.698
20;0;159;from_network;50.649
20;0;160;HP;167.459
20;0;160;EB;0.0
20;0;160;from_grid;211.404
20;0;160;from_main_grid;211.404
20;0;160;from_network;0.0
20;0;161;HP;0.0
20;0;161;EB;0.0
20;0;161;from_grid;48.848
20;0;161;from_main_grid;48.848
20;0;161;from_network;0.0
20;0;162;HP;169.202
20;0;162;EB;0.0
20;0;162;from_grid;221.411
20;0;162;from_main_grid;221.411
20;0;162;from_network;0.0
20;0;163;HP;170.888
20;0;163;EB;0.0
20;0;163;from_grid;225.495
20;0;163;from_main_grid;225.495
20;0;163;from_network;0.0
20;0;164;HP;173.998
20;0;164;EB;0.0
20;0;164;from_grid;236.925
20;0;164;from_main_grid;236.925
20;0;164;from_network;0.0
20;0;165;HP;0.0
20;0;165;EB;0.0
20;0;165;from_grid;55.353
20;0;165;from_main_grid;55.353
20;0;165;from_network;0.0
20;0;166;HP;164.852
20;0;166;EB;0.0
20;0;166;from_grid;225.93
20;0;166;from_main_grid;225.93
20;0;166;from_network;0.0
20;0;167;HP;0.0
20;0;167;EB;0.0
20;0;167;from_grid;38.0
20;0;167;from_main_grid;38.0
20;0;167;from_network;0.0
20;1;0;HP;0.0
20;1;0;EB;0.0
20;1;0;from_grid;7.529
20;1;0;from_main_grid;7.529
20;1;0;from_network;0.0
20;1;1;HP;0.0
20;1;1;EB;0.0
20;1;1;from_grid;12.166
20;1;1;from_main_grid;12.166
20;1;1;from_network;0.0
20;1;2;HP;0.0
20;1;2;EB;0.0
20;1;2;from_grid;9.759
20;1;2;from_main_grid;9.759
20;1;2;from_network;0.0
20;1;3;HP;0.0
20;1;3;EB;0.0
20;1;3;from_grid;12.531
20;1;3;from_main_grid;12.531
20;1;3;from_network;0.0
20;1;4;HP;0.0
20;1;4;EB;0.0
20;1;4;from_grid;11.731
20;1;4;from_main_grid;11.731
20;1;4;from_network;0.0
20;1;5;HP;0.0
20;1;5;EB;0.0
20;1;5;from_grid;11.157
20;1;5;from_main_grid;11.157
20;1;5;from_network;0.0
20;1;6;HP;0.0
20;1;6;EB;0.0
20;1;6;from_grid;17.907
20;1;6;from_main_grid;17.907
20;1;6;from_network;0.0
20;1;7;HP;0.0
20;1;7;EB;0.0
20;1;7;from_grid;35.569
20;1;7;from_main_grid;0.0
20;1;7;from_network;35.569
20;1;8;HP;0.0
20;1;8;EB;0.0
20;1;8;from_grid;43.38
20;1;8;from_main_grid;0.0
20;1;8;from_network;43.38
20;1;9;HP;0.0
20;1;9;EB;0.0
20;1;9;from_grid;47.579
20;1;9;from_main_grid;0.0
20;1;9;from_network;47.579
20;1;10;HP;0.0
20;1;10;EB;0.0
20;1;10;from_grid;56.187
20;1;10;from_main_grid;0.0
20;1;10;from_network;56.187
20;1;11;HP;0.0
20;1;11;EB;0.0
20;1;11;from_grid;39.313
20;1;11;from_main_grid;0.0
20;1;11;from_network;39.313
20;1;12;HP;0.0
20;1;12;EB;0.0
20;1;12;from_grid;43.482
20;1;12;from_main_grid;0.0
20;1;12;from_network;43.482
20;1;13;HP;0.0
20;1;13;EB;0.0
20;1;13;from_grid;47.751
20;1;13;from_main_grid;0.0
20;1;13;from_network;47.751
20;1;14;HP;0.0
20;1;14;EB;0.0
20;1;14;from_grid;41.271
20;1;14;from_main_grid;0.0
20;1;14;from_network;41.271
20;1;15;HP;0.0
20;1;15;EB;0.0
20;1;15;from_grid;39.599
20;1;15;from_main_grid;0.0
20;1;15;from_network;39.599
20;1;16;HP;8.688
20;1;16;EB;0.0
20;1;16;from_grid;52.662
20;1;16;from_main_grid;0.0
20;1;16;from_network;52.662
20;1;17;HP;0.0
20;1;17;EB;0.0
20;1;17;from_grid;47.748
20;1;17;from_main_grid;0.0
20;1;17;from_network;47.748
20;1;18;HP;0.0
20;1;18;EB;0.0
20;1;18;from_grid;65.792
20;1;18;from_main_grid;0.0
20;1;18;from_network;65.792
20;1;19;HP;0.0
20;1;19;EB;0.0
20;1;19;from_grid;68.97
20;1;19;from_main_grid;68.97
20;1;19;from_network;0.0
20;1;20;HP;0.0
20;1;20;EB;0.0
20;1;20;from_grid;69.913
20;1;20;from_main_grid;69.913
20;1;20;from_network;0.0
20;1;21;HP;0.0
20;1;21;EB;0.0
20;1;21;from_grid;65.959
20;1;21;from_main_grid;65.959
20;1;21;from_network;0.0
20;1;22;HP;0.0
20;1;22;EB;0.0
20;1;22;from_grid;63.839
20;1;22;from_main_grid;63.839
20;1;22;from_network;0.0
20;1;23;HP;0.0
20;1;23;EB;0.0
20;1;23;from_grid;48.306
20;1;23;from_main_grid;48.306
20;1;23;from_network;0.0
20;1;24;HP;0.0
20;1;24;EB;0.0
20;1;24;from_grid;7.535
20;1;24;from_main_grid;7.535
20;1;24;from_network;0.0
20;1;25;HP;0.0
20;1;25;EB;0.0
20;1;25;from_grid;8.984
20;1;25;from_main_grid;8.984
20;1;25;from_network;0.0
20;1;26;HP;0.0
20;1;26;EB;0.0
20;1;26;from_grid;10.941
20;1;26;from_main_grid;10.941
20;1;26;from_network;0.0
20;1;27;HP;0.0
20;1;27;EB;0.0
20;1;27;from_grid;9.861
20;1;27;from_main_grid;9.861
20;1;27;from_network;0.0
20;1;28;HP;0.0
20;1;28;EB;0.0
20;1;28;from_grid;10.643
20;1;28;from_main_grid;10.643
20;1;28;from_network;0.0
20;1;29;HP;0.0
20;1;29;EB;0.0
20;1;29;from_grid;10.714
20;1;29;from_main_grid;10.714
20;1;29;from_network;0.0
20;1;30;HP;0.0
20;1;30;EB;0.0
20;1;30;from_grid;15.305
20;1;30;from_main_grid;15.305
20;1;30;from_network;0.0
20;1;31;HP;0.0
20;1;31;EB;0.0
20;1;31;from_grid;38.537
20;1;31;from_main_grid;0.0
20;1;31;from_network;38.537
20;1;32;HP;2.17
20;1;32;EB;0.0
20;1;32;from_grid;43.814
20;1;32;from_main_grid;0.0
20;1;32;from_network;43.814
20;1;33;HP;2.157
20;1;33;EB;0.0
20;1;33;from_grid;41.63
20;1;33;from_main_grid;0.0
20;1;33;from_network;41.63
20;1;34;HP;2.682
20;1;34;EB;0.0
20;1;34;from_grid;39.642
20;1;34;from_main_grid;0.0
20;1;34;from_network;39.642
20;1;35;HP;2.017
20;1;35;EB;0.0
20;1;35;from_grid;38.826
20;1;35;from_main_grid;0.0
20;1;35;from_network;38.826
20;1;36;HP;3.37
20;1;36;EB;0.0
20;1;36;from_grid;34.889
20;1;36;from_main_grid;0.0
20;1;36;from_network;34.889
20;1;37;HP;1.645
20;1;37;EB;0.0
20;1;37;from_grid;37.926
20;1;37;from_main_grid;0.0
20;1;37;from_network;37.926
20;1;38;HP;1.722
20;1;38;EB;0.0
20;1;38;from_grid;35.39
20;1;38;from_main_grid;0.0
20;1;38;from_network;35.39
20;1;39;HP;50.901
20;1;39;EB;0.0
20;1;39;from_grid;87.255
20;1;39;from_main_grid;0.0
20;1;39;from_network;87.255
20;1;40;HP;0.0
20;1;40;EB;0.0
20;1;40;from_grid;48.577
20;1;40;from_main_grid;0.0
20;1;40;from_network;48.577
20;1;41;HP;0.0
20;1;41;EB;0.0
20;1;41;from_grid;47.922
20;1;41;from_main_grid;0.0
20;1;41;from_network;47.922
20;1;42;HP;0.0
20;1;42;EB;0.0
20;1;42;from_grid;43.446
20;1;42;from_main_grid;0.0
20;1;42;from_network;43.446
20;1;43;HP;0.0
20;1;43;EB;0.0
20;1;43;from_grid;73.201
20;1;43;from_main_grid;73.201
20;1;43;from_network;0.0
20;1;44;HP;0.0
20;1;44;EB;0.0
20;1;44;from_grid;65.368
20;1;44;from_main_grid;65.368
20;1;44;from_network;0.0
20;1;45;HP;0.0
20;1;45;EB;0.0
20;1;45;from_grid;74.74
20;1;45;from_main_grid;74.74
20;1;45;from_network;0.0
20;1;46;HP;0.0
20;1;46;EB;0.0
20;1;46;from_grid;79.871
20;1;46;from_main_grid;79.871
20;1;46;from_network;0.0
20;1;47;HP;0.0
20;1;47;EB;0.0
20;1;47;from_grid;36.799
20;1;47;from_main_grid;36.799
20;1;47;from_network;0.0
20;1;48;HP;0.0
20;1;48;EB;0.0
20;1;48;from_grid;7.558
20;1;48;from_main_grid;7.558
20;1;48;from_network;0.0
20;1;49;HP;0.0
20;1;49;EB;0.0
20;1;49;from_grid;11.075
20;1;49;from_main_grid;11.075
20;1;49;from_network;0.0
20;1;50;HP;0.0
20;1;50;EB;0.0
20;1;50;from_grid;11.445
20;1;50;from_main_grid;11.445
20;1;50;from_network;0.0
20;1;51;HP;0.0
20;1;51;EB;0.0
20;1;51;from_grid;11.457
20;1;51;from_main_grid;11.457
20;1;51;from_network;0.0
20;1;52;HP;0.0
20;1;52;EB;0.0
20;1;52;from_grid;9.816
20;1;52;from_main_grid;9.816
20;1;52;from_network;0.0
20;1;53;HP;0.0
20;1;53;EB;0.0
20;1;53;from_grid;10.751
20;1;53;from_main_grid;10.751
20;1;53;from_network;0.0
20;1;54;HP;0.0
20;1;54;EB;0.0
20;1;54;from_grid;11.091
20;1;54;from_main_grid;11.091
20;1;54;from_network;0.0
20;1;55;HP;0.0
20;1;55;EB;0.0
20;1;55;from_grid;32.752
20;1;55;from_main_grid;0.0
20;1;55;from_network;32.752
20;1;56;HP;0.0
20;1;56;EB;0.0
20;1;56;from_grid;41.68
20;1;56;from_main_grid;0.0
20;1;56;from_network;41.68
20;1;57;HP;0.0
20;1;57;EB;0.0
20;1;57;from_grid;38.964
20;1;57;from_main_grid;0.0
20;1;57;from_network;38.964
20;1;58;HP;2.341
20;1;58;EB;0.0
20;1;58;from_grid;45.119
20;1;58;from_main_grid;0.0
20;1;58;from_network;45.119
20;1;59;HP;1.984
20;1;59;EB;0.0
20;1;59;from_grid;47.92
20;1;59;from_main_grid;0.0
20;1;59;from_network;47.92
20;1;60;HP;1.703
20;1;60;EB;0.0
20;1;60;from_grid;42.885
20;1;60;from_main_grid;0.0
20;1;60;from_network;42.885
20;1;61;HP;1.914
20;1;61;EB;0.0
20;1;61;from_grid;35.506
20;1;61;from_main_grid;0.0
20;1;61;from_network;35.506
20;1;62;HP;6.766
20;1;62;EB;0.0
20;1;62;from_grid;43.798
20;1;62;from_main_grid;0.0
20;1;62;from_network;43.798
20;1;63;HP;0.0
20;1;63;EB;0.0
20;1;63;from_grid;33.717
20;1;63;from_main_grid;0.0
20;1;63;from_network;33.717
20;1;64;HP;46.401
20;1;64;EB;0.0
20;1;64;from_grid;79.462
20;1;64;from_main_grid;0.0
20;1;64;from_network;79.462
20;1;65;HP;0.0
20;1;65;EB;0.0
20;1;65;from_grid;37.919
20;1;65;from_main_grid;0.0
20;1;65;from_network;37.919
20;1;66;HP;0.0
20;1;66;EB;0.0
20;1;66;from_grid;50.193
20;1;66;from_main_grid;0.0
20;1;66;from_network;50.193
20;1;67;HP;0.0
20;1;67;EB;0.0
20;1;67;from_grid;60.729
20;1;67;from_main_grid;60.729
20;1;67;from_network;0.0
20;1;68;HP;0.0
20;1;68;EB;0.0
20;1;68;from_grid;79.498
20;1;68;from_main_grid;79.498
20;1;68;from_network;0.0
20;1;69;HP;0.0
20;1;69;EB;0.0
20;1;69;from_grid;71.926
20;1;69;from_main_grid;71.926
20;1;69;from_network;0.0
20;1;70;HP;0.0
20;1;70;EB;0.0
20;1;70;from_grid;54.205
20;1;70;from_main_grid;54.205
20;1;70;from_network;0.0
20;1;71;HP;0.0
20;1;71;EB;0.0
20;1;71;from_grid;47.046
20;1;71;from_main_grid;47.046
20;1;71;from_network;0.0
20;1;72;HP;0.0
20;1;72;EB;0.0
20;1;72;from_grid;7.482
20;1;72;from_main_grid;7.482
20;1;72;from_network;0.0
20;1;73;HP;0.0
20;1;73;EB;0.0
20;1;73;from_grid;11.424
20;1;73;from_main_grid;11.424
20;1;73;from_network;0.0
20;1;74;HP;0.0
20;1;74;EB;0.0
20;1;74;from_grid;10.566
20;1;74;from_main_grid;10.566
20;1;74;from_network;0.0
20;1;75;HP;0.0
20;1;75;EB;0.0
20;1;75;from_grid;10.401
20;1;75;from_main_grid;10.401
20;1;75;from_network;0.0
20;1;76;HP;0.0
20;1;76;EB;0.0
20;1;76;from_grid;11.218
20;1;76;from_main_grid;11.218
20;1;76;from_network;0.0
20;1;77;HP;0.0
20;1;77;EB;0.0
20;1;77;from_grid;14.061
20;1;77;from_main_grid;14.061
20;1;77;from_network;0.0
20;1;78;HP;0.0
20;1;78;EB;0.0
20;1;78;from_grid;14.356
20;1;78;from_main_grid;14.356
20;1;78;from_network;0.0
20;1;79;HP;0.0
20;1;79;EB;0.0
20;1;79;from_grid;16.242
20;1;79;from_main_grid;0.0
20;1;79;from_network;16.242
20;1;80;HP;0.0
20;1;80;EB;0.0
20;1;80;from_grid;36.68
20;1;80;from_main_grid;0.0
20;1;80;from_network;36.68
20;1;81;HP;2.239
20;1;81;EB;0.0
20;1;81;from_grid;51.188
20;1;81;from_main_grid;0.0
20;1;81;from_network;51.188
20;1;82;HP;2.409
20;1;82;EB;0.0
20;1;82;from_grid;48.274
20;1;82;from_main_grid;0.0
20;1;82;from_network;48.274
20;1;83;HP;2.454
20;1;83;EB;0.0
20;1;83;from_grid;43.416
20;1;83;from_main_grid;0.0
20;1;83;from_network;43.416
20;1;84;HP;2.052
20;1;84;EB;0.0
20;1;84;from_grid;41.063
20;1;84;from_main_grid;0.0
20;1;84;from_network;41.063
20;1;85;HP;1.96
20;1;85;EB;0.0
20;1;85;from_grid;34.497
20;1;85;from_main_grid;0.0
20;1;85;from_network;34.497
20;1;86;HP;2.103
20;1;86;EB;0.0
20;1;86;from_grid;43.155
20;1;86;from_main_grid;0.0
20;1;86;from_network;43.155
20;1;87;HP;46.907
20;1;87;EB;0.0
20;1;87;from_grid;77.606
20;1;87;from_main_grid;0.0
20;1;87;from_network;77.606
20;1;88;HP;0.0
20;1;88;EB;0.0
20;1;88;from_grid;39.183
20;1;88;from_main_grid;0.0
20;1;88;from_network;39.183
20;1;89;HP;0.0
20;1;89;EB;0.0
20;1;89;from_grid;45.756
20;1;89;from_main_grid;0.0
20;1;89;from_network;45.756
20;1;90;HP;0.0
20;1;90;EB;0.0
20;1;90;from_grid;38.544
20;1;90;from_main_grid;0.0
20;1;90;from_network;38.544
20;1;91;HP;0.0
20;1;91;EB;0.0
20;1;91;from_grid;58.075
20;1;91;from_main_grid;58.075
20;1;91;from_network;0.0
20;1;92;HP;0.0
20;1;92;EB;0.0
20;1;92;from_grid;60.634
20;1;92;from_main_grid;60.634
20;1;92;from_network;0.0
20;1;93;HP;0.0
20;1;93;EB;0.0
20;1;93;from_grid;48.063
20;1;93;from_main_grid;48.063
20;1;93;from_network;0.0
20;1;94;HP;0.0
20;1;94;EB;0.0
20;1;94;from_grid;52.452
20;1;94;from_main_grid;52.452
20;1;94;from_network;0.0
20;1;95;HP;0.0
20;1;95;EB;0.0
20;1;95;from_grid;40.887
20;1;95;from_main_grid;40.887
20;1;95;from_network;0.0
20;1;96;HP;0.0
20;1;96;EB;0.0
20;1;96;from_grid;7.412
20;1;96;from_main_grid;7.412
20;1;96;from_network;0.0
20;1;97;HP;0.0
20;1;97;EB;0.0
20;1;97;from_grid;11.068
20;1;97;from_main_grid;11.068
20;1;97;from_network;0.0
20;1;98;HP;0.0
20;1;98;EB;0.0
20;1;98;from_grid;10.624
20;1;98;from_main_grid;10.624
20;1;98;from_network;0.0
20;1;99;HP;0.0
20;1;99;EB;0.0
20;1;99;from_grid;10.421
20;1;99;from_main_grid;10.421
20;1;99;from_network;0.0
20;1;100;HP;0.0
20;1;100;EB;0.0
20;1;100;from_grid;9.254
20;1;100;from_main_grid;9.254
20;1;100;from_network;0.0
20;1;101;HP;0.0
20;1;101;EB;0.0
20;1;101;from_grid;11.839
20;1;101;from_main_grid;11.839
20;1;101;from_network;0.0
20;1;102;HP;0.0
20;1;102;EB;0.0
20;1;102;from_grid;15.644
20;1;102;from_main_grid;15.644
20;1;102;from_network;0.0
20;1;103;HP;0.0
20;1;103;EB;0.0
20;1;103;from_grid;22.949
20;1;103;from_main_grid;0.0
20;1;103;from_network;22.949
20;1;104;HP;0.0
20;1;104;EB;0.0
20;1;104;from_grid;30.946
20;1;104;from_main_grid;0.0
20;1;104;from_network;30.946
20;1;105;HP;0.0
20;1;105;EB;0.0
20;1;105;from_grid;48.452
20;1;105;from_main_grid;0.0
20;1;105;from_network;48.452
20;1;106;HP;2.877
20;1;106;EB;0.0
20;1;106;from_grid;47.851
20;1;106;from_main_grid;0.0
20;1;106;from_network;47.851
20;1;107;HP;2.34
20;1;107;EB;0.0
20;1;107;from_grid;51.211
20;1;107;from_main_grid;0.0
20;1;107;from_network;51.211
20;1;108;HP;4.028
20;1;108;EB;0.0
20;1;108;from_grid;51.418
20;1;108;from_main_grid;0.0
20;1;108;from_network;51.418
20;1;109;HP;1.973
20;1;109;EB;0.0
20;1;109;from_grid;48.09
20;1;109;from_main_grid;0.0
20;1;109;from_network;48.09
20;1;110;HP;2.158
20;1;110;EB;0.0
20;1;110;from_grid;55.451
20;1;110;from_main_grid;0.0
20;1;110;from_network;55.451
20;1;111;HP;45.511
20;1;111;EB;0.0
20;1;111;from_grid;92.789
20;1;111;from_main_grid;0.0
20;1;111;from_network;92.789
20;1;112;HP;0.0
20;1;112;EB;0.0
20;1;112;from_grid;44.574
20;1;112;from_main_grid;0.0
20;1;112;from_network;44.574
20;1;113;HP;0.0
20;1;113;EB;0.0
20;1;113;from_grid;49.378
20;1;113;from_main_grid;0.0
20;1;113;from_network;49.378
20;1;114;HP;0.0
20;1;114;EB;0.0
20;1;114;from_grid;46.632
20;1;114;from_main_grid;0.0
20;1;114;from_network;46.632
20;1;115;HP;0.0
20;1;115;EB;0.0
20;1;115;from_grid;60.103
20;1;115;from_main_grid;60.103
20;1;115;from_network;0.0
20;1;116;HP;0.0
20;1;116;EB;0.0
20;1;116;from_grid;61.515
20;1;116;from_main_grid;61.515
20;1;116;from_network;0.0
20;1;117;HP;0.0
20;1;117;EB;0.0
20;1;117;from_grid;55.863
20;1;117;from_main_grid;55.863
20;1;117;from_network;0.0
20;1;118;HP;0.0
20;1;118;EB;0.0
20;1;118;from_grid;63.102
20;1;118;from_main_grid;63.102
20;1;118;from_network;0.0
20;1;119;HP;0.0
20;1;119;EB;0.0
20;1;119;from_grid;41.108
20;1;119;from_main_grid;41.108
20;1;119;from_network;0.0
20;1;120;HP;0.0
20;1;120;EB;0.0
20;1;120;from_grid;7.619
20;1;120;from_main_grid;7.619
20;1;120;from_network;0.0
20;1;121;HP;0.0
20;1;121;EB;0.0
20;1;121;from_grid;11.147
20;1;121;from_main_grid;11.147
20;1;121;from_network;0.0
20;1;122;HP;0.0
20;1;122;EB;0.0
20;1;122;from_grid;9.85
20;1;122;from_main_grid;9.85
20;1;122;from_network;0.0
20;1;123;HP;0.0
20;1;123;EB;0.0
20;1;123;from_grid;11.929
20;1;123;from_main_grid;11.929
20;1;123;from_network;0.0
20;1;124;HP;0.0
20;1;124;EB;0.0
20;1;124;from_grid;10.074
20;1;124;from_main_grid;10.074
20;1;124;from_network;0.0
20;1;125;HP;0.0
20;1;125;EB;0.0
20;1;125;from_grid;13.56
20;1;125;from_main_grid;13.56
20;1;125;from_network;0.0
20;1;126;HP;0.0
20;1;126;EB;0.0
20;1;126;from_grid;12.101
20;1;126;from_main_grid;12.101
20;1;126;from_network;0.0
20;1;127;HP;0.0
20;1;127;EB;0.0
20;1;127;from_grid;43.804
20;1;127;from_main_grid;0.0
20;1;127;from_network;43.804
20;1;128;HP;0.0
20;1;128;EB;0.0
20;1;128;from_grid;41.745
20;1;128;from_main_grid;0.0
20;1;128;from_network;41.745
20;1;129;HP;2.673
20;1;129;EB;0.0
20;1;129;from_grid;40.9
20;1;129;from_main_grid;0.0
20;1;129;from_network;40.9
20;1;130;HP;2.263
20;1;130;EB;0.0
20;1;130;from_grid;42.654
20;1;130;from_main_grid;0.0
20;1;130;from_network;42.654
20;1;131;HP;2.167
20;1;131;EB;0.0
20;1;131;from_grid;35.136
20;1;131;from_main_grid;0.0
20;1;131;from_network;35.136
20;1;132;HP;3.688
20;1;132;EB;0.0
20;1;132;from_grid;43.826
20;1;132;from_main_grid;0.0
20;1;132;from_network;43.826
20;1;133;HP;1.844
20;1;133;EB;0.0
20;1;133;from_grid;34.646
20;1;133;from_main_grid;0.0
20;1;133;from_network;34.646
20;1;134;HP;1.86
20;1;134;EB;0.0
20;1;134;from_grid;38.534
20;1;134;from_main_grid;0.0
20;1;134;from_network;38.534
20;1;135;HP;2.332
20;1;135;EB;0.0
20;1;135;from_grid;33.576
20;1;135;from_main_grid;0.0
20;1;135;from_network;33.576
20;1;136;HP;1.831
20;1;136;EB;0.0
20;1;136;from_grid;41.935
20;1;136;from_main_grid;0.0
20;1;136;from_network;41.935
20;1;137;HP;39.055
20;1;137;EB;0.0
20;1;137;from_grid;87.009
20;1;137;from_main_grid;0.0
20;1;137;from_network;87.009
20;1;138;HP;0.0
20;1;138;EB;0.0
20;1;138;from_grid;47.493
20;1;138;from_main_grid;0.0
20;1;138;from_network;47.493
20;1;139;HP;0.0
20;1;139;EB;0.0
20;1;139;from_grid;74.199
20;1;139;from_main_grid;74.199
20;1;139;from_network;0.0
20;1;140;HP;0.0
20;1;140;EB;0.0
20;1;140;from_grid;71.958
20;1;140;from_main_grid;71.958
20;1;140;from_network;0.0
20;1;141;HP;0.0
20;1;141;EB;0.0
20;1;141;from_grid;78.264
20;1;141;from_main_grid;78.264
20;1;141;from_network;0.0
20;1;142;HP;0.0
20;1;142;EB;0.0
20;1;142;from_grid;57.149
20;1;142;from_main_grid;57.149
20;1;142;from_network;0.0
20;1;143;HP;0.0
20;1;143;EB;0.0
20;1;143;from_grid;58.087
20;1;143;from_main_grid;58.087
20;1;143;from_network;0.0
20;1;144;HP;0.0
20;1;144;EB;0.0
20;1;144;from_grid;7.461
20;1;144;from_main_grid;7.461
20;1;144;from_network;0.0
20;1;145;HP;0.0
20;1;145;EB;0.0
20;1;145;from_grid;12.297
20;1;145;from_main_grid;12.297
20;1;145;from_network;0.0
20;1;146;HP;0.0
20;1;146;EB;0.0
20;1;146;from_grid;11.135
20;1;146;from_main_grid;11.135
20;1;146;from_network;0.0
20;1;147;HP;0.0
20;1;147;EB;0.0
20;1;147;from_grid;11.104
20;1;147;from_main_grid;11.104
20;1;147;from_network;0.0
20;1;148;HP;0.0
20;1;148;EB;0.0
20;1;148;from_grid;9.835
20;1;148;from_main_grid;9.835
20;1;148;from_network;0.0
20;1;149;HP;0.0
20;1;149;EB;0.0
20;1;149;from_grid;11.968
20;1;149;from_main_grid;11.968
20;1;149;from_network;0.0
20;1;150;HP;0.0
20;1;150;EB;0.0
20;1;150;from_grid;14.53
20;1;150;from_main_grid;14.53
20;1;150;from_network;0.0
20;1;151;HP;0.0
20;1;151;EB;0.0
20;1;151;from_grid;37.994
20;1;151;from_main_grid;0.0
20;1;151;from_network;37.994
20;1;152;HP;0.0
20;1;152;EB;0.0
20;1;152;from_grid;41.161
20;1;152;from_main_grid;0.0
20;1;152;from_network;41.161
20;1;153;HP;2.024
20;1;153;EB;0.0
20;1;153;from_grid;47.593
20;1;153;from_main_grid;0.0
20;1;153;from_network;47.593
20;1;154;HP;2.688
20;1;154;EB;0.0
20;1;154;from_grid;37.11
20;1;154;from_main_grid;0.0
20;1;154;from_network;37.11
20;1;155;HP;2.339
20;1;155;EB;0.0
20;1;155;from_grid;40.906
20;1;155;from_main_grid;0.0
20;1;155;from_network;40.906
20;1;156;HP;3.459
20;1;156;EB;0.0
20;1;156;from_grid;45.005
20;1;156;from_main_grid;0.0
20;1;156;from_network;45.005
20;1;157;HP;1.667
20;1;157;EB;0.0
20;1;157;from_grid;47.758
20;1;157;from_main_grid;0.0
20;1;157;from_network;47.758
20;1;158;HP;1.786
20;1;158;EB;0.0
20;1;158;from_grid;40.2
20;1;158;from_main_grid;0.0
20;1;158;from_network;40.2
20;1;159;HP;95.516
20;1;159;EB;0.0
20;1;159;from_grid;136.6
20;1;159;from_main_grid;0.0
20;1;159;from_network;136.6
20;1;160;HP;0.0
20;1;160;EB;0.0
20;1;160;from_grid;46.533
20;1;160;from_main_grid;0.0
20;1;160;from_network;46.533
20;1;161;HP;5.083
20;1;161;EB;0.0
20;1;161;from_grid;54.918
20;1;161;from_main_grid;0.0
20;1;161;from_network;54.918
20;1;162;HP;0.0
20;1;162;EB;0.0
20;1;162;from_grid;48.327
20;1;162;from_main_grid;0.0
20;1;162;from_network;48.327
20;1;163;HP;0.0
20;1;163;EB;0.0
20;1;163;from_grid;86.572
20;1;163;from_main_grid;86.572
20;1;163;from_network;0.0
20;1;164;HP;0.0
20;1;164;EB;0.0
20;1;164;from_grid;73.365
20;1;164;from_main_grid;73.365
20;1;164;from_network;0.0
20;1;165;HP;0.0
20;1;165;EB;0.0
20;1;165;from_grid;70.574
20;1;165;from_main_grid;70.574
20;1;165;from_network;0.0
20;1;166;HP;0.0
20;1;166;EB;0.0
20;1;166;from_grid;68.77
20;1;166;from_main_grid;68.77
20;1;166;from_network;0.0
20;1;167;HP;0.0
20;1;167;EB;0.0
20;1;167;from_grid;55.211
20;1;167;from_main_grid;55.211
20;1;167;from_network;0.0
20;2;0;HP;0.0
20;2;0;EB;0.0
20;2;0;from_grid;7.519
20;2;0;from_main_grid;7.519
20;2;0;from_network;0.0
20;2;1;HP;0.0
20;2;1;EB;0.0
20;2;1;from_grid;9.982
20;2;1;from_main_grid;9.982
20;2;1;from_network;0.0
20;2;2;HP;119.5
20;2;2;EB;0.0
20;2;2;from_grid;129.924
20;2;2;from_main_grid;129.924
20;2;2;from_network;0.0
20;2;3;HP;0.0
20;2;3;EB;0.0
20;2;3;from_grid;12.89
20;2;3;from_main_grid;12.89
20;2;3;from_network;0.0
20;2;4;HP;0.0
20;2;4;EB;0.0
20;2;4;from_grid;10.823
20;2;4;from_main_grid;10.823
20;2;4;from_network;0.0
20;2;5;HP;150.078
20;2;5;EB;0.0
20;2;5;from_grid;160.689
20;2;5;from_main_grid;160.689
20;2;5;from_network;0.0
20;2;6;HP;0.0
20;2;6;EB;0.0
20;2;6;from_grid;19.58
20;2;6;from_main_grid;19.58
20;2;6;from_network;0.0
20;2;7;HP;0.0
20;2;7;EB;0.0
20;2;7;from_grid;32.858
20;2;7;from_main_grid;32.858
20;2;7;from_network;0.0
20;2;8;HP;0.0
20;2;8;EB;0.0
20;2;8;from_grid;60.949
20;2;8;from_main_grid;60.949
20;2;8;from_network;0.0
20;2;9;HP;52.024
20;2;9;EB;0.0
20;2;9;from_grid;99.31
20;2;9;from_main_grid;0.0
20;2;9;from_network;99.31
20;2;10;HP;48.06
20;2;10;EB;0.0
20;2;10;from_grid;85.668
20;2;10;from_main_grid;0.0
20;2;10;from_network;85.668
20;2;11;HP;38.852
20;2;11;EB;0.0
20;2;11;from_grid;80.796
20;2;11;from_main_grid;0.0
20;2;11;from_network;80.796
20;2;12;HP;125.538
20;2;12;EB;0.0
20;2;12;from_grid;164.938
20;2;12;from_main_grid;0.0
20;2;12;from_network;164.938
20;2;13;HP;140.117
20;2;13;EB;0.0
20;2;13;from_grid;178.618
20;2;13;from_main_grid;0.0
20;2;13;from_network;178.618
20;2;14;HP;21.354
20;2;14;EB;0.0
20;2;14;from_grid;71.992
20;2;14;from_main_grid;0.0
20;2;14;from_network;71.992
20;2;15;HP;20.03
20;2;15;EB;0.0
20;2;15;from_grid;59.113
20;2;15;from_main_grid;0.0
20;2;15;from_network;59.113
20;2;16;HP;18.798
20;2;16;EB;0.0
20;2;16;from_grid;70.094
20;2;16;from_main_grid;0.0
20;2;16;from_network;70.094
20;2;17;HP;20.25
20;2;17;EB;0.0
20;2;17;from_grid;84.258
20;2;17;from_main_grid;56.149
20;2;17;from_network;28.109
20;2;18;HP;0.0
20;2;18;EB;0.0
20;2;18;from_grid;56.416
20;2;18;from_main_grid;56.416
20;2;18;from_network;0.0
20;2;19;HP;72.614
20;2;19;EB;0.0
20;2;19;from_grid;141.462
20;2;19;from_main_grid;141.462
20;2;19;from_network;0.0
20;2;20;HP;42.763
20;2;20;EB;0.0
20;2;20;from_grid;108.278
20;2;20;from_main_grid;108.278
20;2;20;from_network;0.0
20;2;21;HP;0.0
20;2;21;EB;0.0
20;2;21;from_grid;61.892
20;2;21;from_main_grid;61.892
20;2;21;from_network;0.0
20;2;22;HP;91.922
20;2;22;EB;0.0
20;2;22;from_grid;155.566
20;2;22;from_main_grid;155.566
20;2;22;from_network;0.0
20;2;23;HP;0.0
20;2;23;EB;0.0
20;2;23;from_grid;37.898
20;2;23;from_main_grid;37.898
20;2;23;from_network;0.0
20;2;24;HP;0.0
20;2;24;EB;0.0
20;2;24;from_grid;7.566
20;2;24;from_main_grid;7.566
20;2;24;from_network;0.0
20;2;25;HP;0.0
20;2;25;EB;0.0
20;2;25;from_grid;11.725
20;2;25;from_main_grid;11.725
20;2;25;from_network;0.0
20;2;26;HP;69.958
20;2;26;EB;0.0
20;2;26;from_grid;80.546
20;2;26;from_main_grid;80.546
20;2;26;from_network;0.0
20;2;27;HP;0.0
20;2;27;EB;0.0
20;2;27;from_grid;10.748
20;2;27;from_main_grid;10.748
20;2;27;from_network;0.0
20;2;28;HP;152.288
20;2;28;EB;0.0
20;2;28;from_grid;163.652
20;2;28;from_main_grid;163.652
20;2;28;from_network;0.0
20;2;29;HP;0.0
20;2;29;EB;0.0
20;2;29;from_grid;11.632
20;2;29;from_main_grid;11.632
20;2;29;from_network;0.0
20;2;30;HP;89.605
20;2;30;EB;0.0
20;2;30;from_grid;106.268
20;2;30;from_main_grid;106.268
20;2;30;from_network;0.0
20;2;31;HP;91.007
20;2;31;EB;0.0
20;2;31;from_grid;130.571
20;2;31;from_main_grid;130.571
20;2;31;from_network;0.0
20;2;32;HP;85.565
20;2;32;EB;0.0
20;2;32;from_grid;143.893
20;2;32;from_main_grid;104.714
20;2;32;from_network;39.179
20;2;33;HP;80.999
20;2;33;EB;0.0
20;2;33;from_grid;121.644
20;2;33;from_main_grid;0.0
20;2;33;from_network;121.644
20;2;34;HP;69.408
20;2;34;EB;0.0
20;2;34;from_grid;107.376
20;2;34;from_main_grid;0.0
20;2;34;from_network;107.376
20;2;35;HP;57.916
20;2;35;EB;0.0
20;2;35;from_grid;98.759
20;2;35;from_main_grid;0.0
20;2;35;from_network;98.759
20;2;36;HP;46.321
20;2;36;EB;0.0
20;2;36;from_grid;83.479
20;2;36;from_main_grid;0.0
20;2;36;from_network;83.479
20;2;37;HP;31.235
20;2;37;EB;0.0
20;2;37;from_grid;71.675
20;2;37;from_main_grid;0.0
20;2;37;from_network;71.675
20;2;38;HP;110.249
20;2;38;EB;0.0
20;2;38;from_grid;150.932
20;2;38;from_main_grid;0.0
20;2;38;from_network;150.932
20;2;39;HP;130.611
20;2;39;EB;0.0
20;2;39;from_grid;163.19
20;2;39;from_main_grid;0.0
20;2;39;from_network;163.19
20;2;40;HP;14.814
20;2;40;EB;0.0
20;2;40;from_grid;71.768
20;2;40;from_main_grid;0.0
20;2;40;from_network;71.768
20;2;41;HP;17.286
20;2;41;EB;0.0
20;2;41;from_grid;73.543
20;2;41;from_main_grid;73.543
20;2;41;from_network;0.0
20;2;42;HP;25.211
20;2;42;EB;0.0
20;2;42;from_grid;91.835
20;2;42;from_main_grid;91.835
20;2;42;from_network;0.0
20;2;43;HP;28.738
20;2;43;EB;0.0
20;2;43;from_grid;90.638
20;2;43;from_main_grid;90.638
20;2;43;from_network;0.0
20;2;44;HP;0.0
20;2;44;EB;0.0
20;2;44;from_grid;62.35
20;2;44;from_main_grid;62.35
20;2;44;from_network;0.0
20;2;45;HP;0.0
20;2;45;EB;0.0
20;2;45;from_grid;60.656
20;2;45;from_main_grid;60.656
20;2;45;from_network;0.0
20;2;46;HP;0.0
20;2;46;EB;0.0
20;2;46;from_grid;56.144
20;2;46;from_main_grid;56.144
20;2;46;from_network;0.0
20;2;47;HP;0.0
20;2;47;EB;0.0
20;2;47;from_grid;43.666
20;2;47;from_main_grid;43.666
20;2;47;from_network;0.0
20;2;48;HP;0.0
20;2;48;EB;0.0
20;2;48;from_grid;7.554
20;2;48;from_main_grid;7.554
20;2;48;from_network;0.0
20;2;49;HP;0.0
20;2;49;EB;0.0
20;2;49;from_grid;9.184
20;2;49;from_main_grid;9.184
20;2;49;from_network;0.0
20;2;50;HP;10.622
20;2;50;EB;0.0
20;2;50;from_grid;21.586
20;2;50;from_main_grid;21.586
20;2;50;from_network;0.0
20;2;51;HP;34.605
20;2;51;EB;0.0
20;2;51;from_grid;44.377
20;2;51;from_main_grid;44.377
20;2;51;from_network;0.0
20;2;52;HP;35.131
20;2;52;EB;0.0
20;2;52;from_grid;44.97
20;2;52;from_main_grid;44.97
20;2;52;from_network;0.0
20;2;53;HP;36.459
20;2;53;EB;0.0
20;2;53;from_grid;46.596
20;2;53;from_main_grid;46.596
20;2;53;from_network;0.0
20;2;54;HP;33.95
20;2;54;EB;0.0
20;2;54;from_grid;46.658
20;2;54;from_main_grid;46.658
20;2;54;from_network;0.0
20;2;55;HP;44.376
20;2;55;EB;0.0
20;2;55;from_grid;79.805
20;2;55;from_main_grid;79.805
20;2;55;from_network;0.0
20;2;56;HP;44.802
20;2;56;EB;0.0
20;2;56;from_grid;96.431
20;2;56;from_main_grid;96.431
20;2;56;from_network;0.0
20;2;57;HP;30.478
20;2;57;EB;0.0
20;2;57;from_grid;73.942
20;2;57;from_main_grid;73.942
20;2;57;from_network;0.0
20;2;58;HP;27.937
20;2;58;EB;0.0
20;2;58;from_grid;70.493
20;2;58;from_main_grid;70.493
20;2;58;from_network;0.0
20;2;59;HP;24.47
20;2;59;EB;0.0
20;2;59;from_grid;61.519
20;2;59;from_main_grid;61.519
20;2;59;from_network;0.0
20;2;60;HP;20.506
20;2;60;EB;0.0
20;2;60;from_grid;55.709
20;2;60;from_main_grid;55.709
20;2;60;from_network;0.0
20;2;61;HP;17.777
20;2;61;EB;0.0
20;2;61;from_grid;44.838
20;2;61;from_main_grid;44.838
20;2;61;from_network;0.0
20;2;62;HP;14.168
20;2;62;EB;0.0
20;2;62;from_grid;53.283
20;2;62;from_main_grid;53.283
20;2;62;from_network;0.0
20;2;63;HP;17.38
20;2;63;EB;0.0
20;2;63;from_grid;46.793
20;2;63;from_main_grid;46.793
20;2;63;from_network;0.0
20;2;64;HP;51.16
20;2;64;EB;0.0
20;2;64;from_grid;88.29
20;2;64;from_main_grid;88.29
20;2;64;from_network;0.0
20;2;65;HP;132.769
20;2;65;EB;0.0
20;2;65;from_grid;195.784
20;2;65;from_main_grid;195.784
20;2;65;from_network;0.0
20;2;66;HP;0.0
20;2;66;EB;0.0
20;2;66;from_grid;64.171
20;2;66;from_main_grid;64.171
20;2;66;from_network;0.0
20;2;67;HP;0.0
20;2;67;EB;0.0
20;2;67;from_grid;59.359
20;2;67;from_main_grid;59.359
20;2;67;from_network;0.0
20;2;68;HP;0.0
20;2;68;EB;0.0
20;2;68;from_grid;85.975
20;2;68;from_main_grid;85.975
20;2;68;from_network;0.0
20;2;69;HP;0.0
20;2;69;EB;0.0
20;2;69;from_grid;69.631
20;2;69;from_main_grid;69.631
20;2;69;from_network;0.0
20;2;70;HP;0.0
20;2;70;EB;0.0
20;2;70;from_grid;62.278
20;2;70;from_main_grid;62.278
20;2;70;from_network;0.0
20;2;71;HP;0.0
20;2;71;EB;0.0
20;2;71;from_grid;33.443
20;2;71;from_main_grid;33.443
20;2;71;from_network;0.0
20;2;72;HP;0.0
20;2;72;EB;0.0
20;2;72;from_grid;10.713
20;2;72;from_main_grid;10.713
20;2;72;from_network;0.0
20;2;73;HP;0.0
20;2;73;EB;0.0
20;2;73;from_grid;15.746
20;2;73;from_main_grid;15.746
20;2;73;from_network;0.0
20;2;74;HP;29.397
20;2;74;EB;0.0
20;2;74;from_grid;41.033
20;2;74;from_main_grid;41.033
20;2;74;from_network;0.0
20;2;75;HP;30.378
20;2;75;EB;0.0
20;2;75;from_grid;45.089
20;2;75;from_main_grid;45.089
20;2;75;from_network;0.0
20;2;76;HP;31.519
20;2;76;EB;0.0
20;2;76;from_grid;43.53
20;2;76;from_main_grid;43.53
20;2;76;from_network;0.0
20;2;77;HP;32.911
20;2;77;EB;0.0
20;2;77;from_grid;43.676
20;2;77;from_main_grid;43.676
20;2;77;from_network;0.0
20;2;78;HP;33.942
20;2;78;EB;0.0
20;2;78;from_grid;45.583
20;2;78;from_main_grid;45.583
20;2;78;from_network;0.0
20;2;79;HP;50.273
20;2;79;EB;0.0
20;2;79;from_grid;71.218
20;2;79;from_main_grid;71.218
20;2;79;from_network;0.0
20;2;80;HP;50.908
20;2;80;EB;0.0
20;2;80;from_grid;86.398
20;2;80;from_main_grid;86.398
20;2;80;from_network;0.0
20;2;81;HP;36.585
20;2;81;EB;0.0
20;2;81;from_grid;81.307
20;2;81;from_main_grid;81.307
20;2;81;from_network;0.0
20;2;82;HP;34.752
20;2;82;EB;0.0
20;2;82;from_grid;69.308
20;2;82;from_main_grid;69.308
20;2;82;from_network;0.0
20;2;83;HP;25.732
20;2;83;EB;0.0
20;2;83;from_grid;60.448
20;2;83;from_main_grid;40.768
20;2;83;from_network;19.68
20;2;84;HP;111.099
20;2;84;EB;0.0
20;2;84;from_grid;152.087
20;2;84;from_main_grid;0.0
20;2;84;from_network;152.087
20;2;85;HP;127.147
20;2;85;EB;0.0
20;2;85;from_grid;169.077
20;2;85;from_main_grid;0.0
20;2;85;from_network;169.077
20;2;86;HP;1.268
20;2;86;EB;0.0
20;2;86;from_grid;46.288
20;2;86;from_main_grid;46.288
20;2;86;from_network;0.0
20;2;87;HP;0.0
20;2;87;EB;0.0
20;2;87;from_grid;40.136
20;2;87;from_main_grid;40.136
20;2;87;from_network;0.0
20;2;88;HP;0.0
20;2;88;EB;0.0
20;2;88;from_grid;42.167
20;2;88;from_main_grid;42.167
20;2;88;from_network;0.0
20;2;89;HP;0.0
20;2;89;EB;0.0
20;2;89;from_grid;57.259
20;2;89;from_main_grid;57.259
20;2;89;from_network;0.0
20;2;90;HP;0.0
20;2;90;EB;0.0
20;2;90;from_grid;66.474
20;2;90;from_main_grid;66.474
20;2;90;from_network;0.0
20;2;91;HP;0.0
20;2;91;EB;0.0
20;2;91;from_grid;67.656
20;2;91;from_main_grid;67.656
20;2;91;from_network;0.0
20;2;92;HP;142.28
20;2;92;EB;0.0
20;2;92;from_grid;206.703
20;2;92;from_main_grid;206.703
20;2;92;from_network;0.0
20;2;93;HP;0.0
20;2;93;EB;0.0
20;2;93;from_grid;57.014
20;2;93;from_main_grid;57.014
20;2;93;from_network;0.0
20;2;94;HP;0.0
20;2;94;EB;0.0
20;2;94;from_grid;60.145
20;2;94;from_main_grid;60.145
20;2;94;from_network;0.0
20;2;95;HP;0.0
20;2;95;EB;0.0
20;2;95;from_grid;47.478
20;2;95;from_main_grid;47.478
20;2;95;from_network;0.0
20;2;96;HP;0.0
20;2;96;EB;0.0
20;2;96;from_grid;7.501
20;2;96;from_main_grid;7.501
20;2;96;from_network;0.0
20;2;97;HP;0.0
20;2;97;EB;0.0
20;2;97;from_grid;15.296
20;2;97;from_main_grid;15.296
20;2;97;from_network;0.0
20;2;98;HP;40.86
20;2;98;EB;0.0
20;2;98;from_grid;53.496
20;2;98;from_main_grid;53.496
20;2;98;from_network;0.0
20;2;99;HP;152.68
20;2;99;EB;0.0
20;2;99;from_grid;163.231
20;2;99;from_main_grid;163.231
20;2;99;from_network;0.0
20;2;100;HP;32.397
20;2;100;EB;0.0
20;2;100;from_grid;44.024
20;2;100;from_main_grid;44.024
20;2;100;from_network;0.0
20;2;101;HP;0.0
20;2;101;EB;0.0
20;2;101;from_grid;12.258
20;2;101;from_main_grid;12.258
20;2;101;from_network;0.0
20;2;102;HP;75.052
20;2;102;EB;0.0
20;2;102;from_grid;88.659
20;2;102;from_main_grid;88.659
20;2;102;from_network;0.0
20;2;103;HP;75.793
20;2;103;EB;0.0
20;2;103;from_grid;101.885
20;2;103;from_main_grid;101.885
20;2;103;from_network;0.0
20;2;104;HP;67.002
20;2;104;EB;0.0
20;2;104;from_grid;120.557
20;2;104;from_main_grid;120.557
20;2;104;from_network;0.0
20;2;105;HP;155.284
20;2;105;EB;0.0
20;2;105;from_grid;205.878
20;2;105;from_main_grid;0.0
20;2;105;from_network;205.878
20;2;106;HP;89.488
20;2;106;EB;0.0
20;2;106;from_grid;134.073
20;2;106;from_main_grid;0.0
20;2;106;from_network;134.073
20;2;107;HP;0.0
20;2;107;EB;0.0
20;2;107;from_grid;58.143
20;2;107;from_main_grid;56.764
20;2;107;from_network;1.38
20;2;108;HP;60.944
20;2;108;EB;0.0
20;2;108;from_grid;113.377
20;2;108;from_main_grid;0.0
20;2;108;from_network;113.377
20;2;109;HP;7.628
20;2;109;EB;0.0
20;2;109;from_grid;58.629
20;2;109;from_main_grid;28.873
20;2;109;from_network;29.756
20;2;110;HP;0.0
20;2;110;EB;0.0
20;2;110;from_grid;40.867
20;2;110;from_main_grid;40.867
20;2;110;from_network;0.0
20;2;111;HP;43.081
20;2;111;EB;0.0
20;2;111;from_grid;88.666
20;2;111;from_main_grid;88.666
20;2;111;from_network;0.0
20;2;112;HP;42.712
20;2;112;EB;0.0
20;2;112;from_grid;109.039
20;2;112;from_main_grid;109.039
20;2;112;from_network;0.0
20;2;113;HP;43.859
20;2;113;EB;0.0
20;2;113;from_grid;99.086
20;2;113;from_main_grid;99.086
20;2;113;from_network;0.0
20;2;114;HP;51.103
20;2;114;EB;0.0
20;2;114;from_grid;115.608
20;2;114;from_main_grid;115.608
20;2;114;from_network;0.0
20;2;115;HP;53.22
20;2;115;EB;0.0
20;2;115;from_grid;119.773
20;2;115;from_main_grid;119.773
20;2;115;from_network;0.0
20;2;116;HP;54.543
20;2;116;EB;0.0
20;2;116;from_grid;127.764
20;2;116;from_main_grid;127.764
20;2;116;from_network;0.0
20;2;117;HP;56.053
20;2;117;EB;0.0
20;2;117;from_grid;113.233
20;2;117;from_main_grid;113.233
20;2;117;from_network;0.0
20;2;118;HP;50.62
20;2;118;EB;0.0
20;2;118;from_grid;109.752
20;2;118;from_main_grid;109.752
20;2;118;from_network;0.0
20;2;119;HP;154.85
20;2;119;EB;0.0
20;2;119;from_grid;195.298
20;2;119;from_main_grid;195.298
20;2;119;from_network;0.0
20;2;120;HP;0.0
20;2;120;EB;0.0
20;2;120;from_grid;7.595
20;2;120;from_main_grid;7.595
20;2;120;from_network;0.0
20;2;121;HP;84.423
20;2;121;EB;0.0
20;2;121;from_grid;102.581
20;2;121;from_main_grid;102.581
20;2;121;from_network;0.0
20;2;122;HP;0.0
20;2;122;EB;0.0
20;2;122;from_grid;9.93
20;2;122;from_main_grid;9.93
20;2;122;from_network;0.0
20;2;123;HP;67.297
20;2;123;EB;0.0
20;2;123;from_grid;76.633
20;2;123;from_main_grid;76.633
20;2;123;from_network;0.0
20;2;124;HP;68.45
20;2;124;EB;0.0
20;2;124;from_grid;79.417
20;2;124;from_main_grid;79.417
20;2;124;from_network;0.0
20;2;125;HP;69.679
20;2;125;EB;0.0
20;2;125;from_grid;79.886
20;2;125;from_main_grid;79.886
20;2;125;from_network;0.0
20;2;126;HP;78.987
20;2;126;EB;0.0
20;2;126;from_grid;93.889
20;2;126;from_main_grid;93.889
20;2;126;from_network;0.0
20;2;127;HP;75.204
20;2;127;EB;0.0
20;2;127;from_grid;117.567
20;2;127;from_main_grid;117.567
20;2;127;from_network;0.0
20;2;128;HP;66.053
20;2;128;EB;0.0
20;2;128;from_grid;136.216
20;2;128;from_main_grid;136.216
20;2;128;from_network;0.0
20;2;129;HP;64.72
20;2;129;EB;0.0
20;2;129;from_grid;107.581
20;2;129;from_main_grid;107.581
20;2;129;from_network;0.0
20;2;130;HP;61.362
20;2;130;EB;0.0
20;2;130;from_grid;104.618
20;2;130;from_main_grid;104.618
20;2;130;from_network;0.0
20;2;131;HP;52.98
20;2;131;EB;0.0
20;2;131;from_grid;91.929
20;2;131;from_main_grid;91.929
20;2;131;from_network;0.0
20;2;132;HP;48.925
20;2;132;EB;0.0
20;2;132;from_grid;87.232
20;2;132;from_main_grid;87.232
20;2;132;from_network;0.0
20;2;133;HP;40.25
20;2;133;EB;0.0
20;2;133;from_grid;82.354
20;2;133;from_main_grid;8.789
20;2;133;from_network;73.565
20;2;134;HP;143.579
20;2;134;EB;0.0
20;2;134;from_grid;177.085
20;2;134;from_main_grid;177.085
20;2;134;from_network;0.0
20;2;135;HP;144.933
20;2;135;EB;0.0
20;2;135;from_grid;188.833
20;2;135;from_main_grid;188.833
20;2;135;from_network;0.0
20;2;136;HP;0.0
20;2;136;EB;0.0
20;2;136;from_grid;54.745
20;2;136;from_main_grid;54.745
20;2;136;from_network;0.0
20;2;137;HP;0.0
20;2;137;EB;0.0
20;2;137;from_grid;59.686
20;2;137;from_main_grid;59.686
20;2;137;from_network;0.0
20;2;138;HP;0.0
20;2;138;EB;0.0
20;2;138;from_grid;63.869
20;2;138;from_main_grid;63.869
20;2;138;from_network;0.0
20;2;139;HP;151.379
20;2;139;EB;0.0
20;2;139;from_grid;231.466
20;2;139;from_main_grid;231.466
20;2;139;from_network;0.0
20;2;140;HP;0.0
20;2;140;EB;0.0
20;2;140;from_grid;69.934
20;2;140;from_main_grid;69.934
20;2;140;from_network;0.0
20;2;141;HP;0.0
20;2;141;EB;0.0
20;2;141;from_grid;76.027
20;2;141;from_main_grid;76.027
20;2;141;from_network;0.0
20;2;142;HP;1.14
20;2;142;EB;0.0
20;2;142;from_grid;69.245
20;2;142;from_main_grid;69.245
20;2;142;from_network;0.0
20;2;143;HP;0.0
20;2;143;EB;0.0
20;2;143;from_grid;47.912
20;2;143;from_main_grid;47.912
20;2;143;from_network;0.0
20;2;144;HP;58.922
20;2;144;EB;0.0
20;2;144;from_grid;66.569
20;2;144;from_main_grid;66.569
20;2;144;from_network;0.0
20;2;145;HP;60.496
20;2;145;EB;0.0
20;2;145;from_grid;74.168
20;2;145;from_main_grid;74.168
20;2;145;from_network;0.0
20;2;146;HP;63.237
20;2;146;EB;0.0
20;2;146;from_grid;75.102
20;2;146;from_main_grid;75.102
20;2;146;from_network;0.0
20;2;147;HP;64.061
20;2;147;EB;0.0
20;2;147;from_grid;76.035
20;2;147;from_main_grid;76.035
20;2;147;from_network;0.0
20;2;148;HP;65.741
20;2;148;EB;0.0
20;2;148;from_grid;77.648
20;2;148;from_main_grid;77.648
20;2;148;from_network;0.0
20;2;149;HP;66.312
20;2;149;EB;0.0
20;2;149;from_grid;75.879
20;2;149;from_main_grid;75.879
20;2;149;from_network;0.0
20;2;150;HP;77.109
20;2;150;EB;0.0
20;2;150;from_grid;89.67
20;2;150;from_main_grid;89.67
20;2;150;from_network;0.0
20;2;151;HP;76.497
20;2;151;EB;0.0
20;2;151;from_grid;118.102
20;2;151;from_main_grid;118.102
20;2;151;from_network;0.0
20;2;152;HP;67.387
20;2;152;EB;0.0
20;2;152;from_grid;109.176
20;2;152;from_main_grid;109.176
20;2;152;from_network;0.0
20;2;153;HP;63.769
20;2;153;EB;0.0
20;2;153;from_grid;106.255
20;2;153;from_main_grid;106.255
20;2;153;from_network;0.0
20;2;154;HP;59.909
20;2;154;EB;0.0
20;2;154;from_grid;114.234
20;2;154;from_main_grid;114.234
20;2;154;from_network;0.0
20;2;155;HP;57.091
20;2;155;EB;0.0
20;2;155;from_grid;90.669
20;2;155;from_main_grid;90.669
20;2;155;from_network;0.0
20;2;156;HP;52.891
20;2;156;EB;0.0
20;2;156;from_grid;87.355
20;2;156;from_main_grid;87.355
20;2;156;from_network;0.0
20;2;157;HP;41.543
20;2;157;EB;0.0
20;2;157;from_grid;97.092
20;2;157;from_main_grid;97.092
20;2;157;from_network;0.0
20;2;158;HP;36.618
20;2;158;EB;0.0
20;2;158;from_grid;78.435
20;2;158;from_main_grid;78.435
20;2;158;from_network;0.0
20;2;159;HP;34.24
20;2;159;EB;0.0
20;2;159;from_grid;68.187
20;2;159;from_main_grid;68.187
20;2;159;from_network;0.0
20;2;160;HP;32.0
20;2;160;EB;0.0
20;2;160;from_grid;83.937
20;2;160;from_main_grid;83.937
20;2;160;from_network;0.0
20;2;161;HP;32.293
20;2;161;EB;0.0
20;2;161;from_grid;89.488
20;2;161;from_main_grid;89.488
20;2;161;from_network;0.0
20;2;162;HP;40.19
20;2;162;EB;0.0
20;2;162;from_grid;98.791
20;2;162;from_main_grid;98.791
20;2;162;from_network;0.0
20;2;163;HP;42.285
20;2;163;EB;0.0
20;2;163;from_grid;103.213
20;2;163;from_main_grid;103.213
20;2;163;from_network;0.0
20;2;164;HP;41.453
20;2;164;EB;0.0
20;2;164;from_grid;103.41
20;2;164;from_main_grid;103.41
20;2;164;from_network;0.0
20;2;165;HP;43.27
20;2;165;EB;0.0
20;2;165;from_grid;102.36
20;2;165;from_main_grid;102.36
20;2;165;from_network;0.0
20;2;166;HP;35.438
20;2;166;EB;0.0
20;2;166;from_grid;107.888
20;2;166;from_main_grid;107.888
20;2;166;from_network;0.0
20;2;167;HP;141.324
20;2;167;EB;0.0
20;2;167;from_grid;199.439
20;2;167;from_main_grid;199.439
20;2;167;from_network;0.0
20;3;0;HP;0.0
20;3;0;EB;0.0
20;3;0;from_grid;7.579
20;3;0;from_main_grid;7.579
20;3;0;from_network;0.0
20;3;1;HP;136.658
20;3;1;EB;0.0
20;3;1;from_grid;147.87
20;3;1;from_main_grid;147.87
20;3;1;from_network;0.0
20;3;2;HP;136.734
20;3;2;EB;0.0
20;3;2;from_grid;147.46
20;3;2;from_main_grid;147.46
20;3;2;from_network;0.0
20;3;3;HP;138.497
20;3;3;EB;0.0
20;3;3;from_grid;149.43
20;3;3;from_main_grid;149.43
20;3;3;from_network;0.0
20;3;4;HP;189.304
20;3;4;EB;0.0
20;3;4;from_grid;200.137
20;3;4;from_main_grid;200.137
20;3;4;from_network;0.0
20;3;5;HP;96.673
20;3;5;EB;0.0
20;3;5;from_grid;107.118
20;3;5;from_main_grid;107.118
20;3;5;from_network;0.0
20;3;6;HP;159.396
20;3;6;EB;0.0
20;3;6;from_grid;174.983
20;3;6;from_main_grid;174.983
20;3;6;from_network;0.0
20;3;7;HP;156.803
20;3;7;EB;0.0
20;3;7;from_grid;201.342
20;3;7;from_main_grid;201.342
20;3;7;from_network;0.0
20;3;8;HP;144.645
20;3;8;EB;0.0
20;3;8;from_grid;207.833
20;3;8;from_main_grid;207.833
20;3;8;from_network;0.0
20;3;9;HP;142.409
20;3;9;EB;0.0
20;3;9;from_grid;186.842
20;3;9;from_main_grid;186.842
20;3;9;from_network;0.0
20;3;10;HP;135.907
20;3;10;EB;0.0
20;3;10;from_grid;180.332
20;3;10;from_main_grid;106.73
20;3;10;from_network;73.602
20;3;11;HP;129.399
20;3;11;EB;0.0
20;3;11;from_grid;162.522
20;3;11;from_main_grid;114.084
20;3;11;from_network;48.438
20;3;12;HP;126.755
20;3;12;EB;0.0
20;3;12;from_grid;161.649
20;3;12;from_main_grid;161.649
20;3;12;from_network;0.0
20;3;13;HP;114.968
20;3;13;EB;0.0
20;3;13;from_grid;149.479
20;3;13;from_main_grid;0.0
20;3;13;from_network;149.479
20;3;14;HP;170.945
20;3;14;EB;0.0
20;3;14;from_grid;208.447
20;3;14;from_main_grid;0.0
20;3;14;from_network;208.447
20;3;15;HP;170.074
20;3;15;EB;0.0
20;3;15;from_grid;201.334
20;3;15;from_main_grid;201.334
20;3;15;from_network;0.0
20;3;16;HP;172.253
20;3;16;EB;0.0
20;3;16;from_grid;225.862
20;3;16;from_main_grid;225.862
20;3;16;from_network;0.0
20;3;17;HP;59.491
20;3;17;EB;0.0
20;3;17;from_grid;122.783
20;3;17;from_main_grid;122.783
20;3;17;from_network;0.0
20;3;18;HP;177.491
20;3;18;EB;0.0
20;3;18;from_grid;236.01
20;3;18;from_main_grid;236.01
20;3;18;from_network;0.0
20;3;19;HP;0.0
20;3;19;EB;0.0
20;3;19;from_grid;72.949
20;3;19;from_main_grid;72.949
20;3;19;from_network;0.0
20;3;20;HP;0.0
20;3;20;EB;0.0
20;3;20;from_grid;64.755
20;3;20;from_main_grid;64.755
20;3;20;from_network;0.0
20;3;21;HP;81.694
20;3;21;EB;0.0
20;3;21;from_grid;157.056
20;3;21;from_main_grid;157.056
20;3;21;from_network;0.0
20;3;22;HP;128.793
20;3;22;EB;0.0
20;3;22;from_grid;195.161
20;3;22;from_main_grid;195.161
20;3;22;from_network;0.0
20;3;23;HP;187.99
20;3;23;EB;0.0
20;3;23;from_grid;244.021
20;3;23;from_main_grid;244.021
20;3;23;from_network;0.0
20;3;24;HP;189.743
20;3;24;EB;0.0
20;3;24;from_grid;197.345
20;3;24;from_main_grid;197.345
20;3;24;from_network;0.0
20;3;25;HP;0.0
20;3;25;EB;0.0
20;3;25;from_grid;15.261
20;3;25;from_main_grid;15.261
20;3;25;from_network;0.0
20;3;26;HP;139.552
20;3;26;EB;0.0
20;3;26;from_grid;151.341
20;3;26;from_main_grid;151.341
20;3;26;from_network;0.0
20;3;27;HP;142.293
20;3;27;EB;0.0
20;3;27;from_grid;152.323
20;3;27;from_main_grid;152.323
20;3;27;from_network;0.0
20;3;28;HP;144.942
20;3;28;EB;0.0
20;3;28;from_grid;156.462
20;3;28;from_main_grid;156.462
20;3;28;from_network;0.0
20;3;29;HP;147.666
20;3;29;EB;0.0
20;3;29;from_grid;160.552
20;3;29;from_main_grid;160.552
20;3;29;from_network;0.0
20;3;30;HP;159.892
20;3;30;EB;0.0
20;3;30;from_grid;172.33
20;3;30;from_main_grid;172.33
20;3;30;from_network;0.0
20;3;31;HP;160.531
20;3;31;EB;0.0
20;3;31;from_grid;201.348
20;3;31;from_main_grid;201.348
20;3;31;from_network;0.0
20;3;32;HP;149.282
20;3;32;EB;0.0
20;3;32;from_grid;202.233
20;3;32;from_main_grid;202.233
20;3;32;from_network;0.0
20;3;33;HP;145.243
20;3;33;EB;0.0
20;3;33;from_grid;193.716
20;3;33;from_main_grid;193.716
20;3;33;from_network;0.0
20;3;34;HP;138.907
20;3;34;EB;0.0
20;3;34;from_grid;181.507
20;3;34;from_main_grid;181.507
20;3;34;from_network;0.0
20;3;35;HP;131.327
20;3;35;EB;0.0
20;3;35;from_grid;162.452
20;3;35;from_main_grid;162.452
20;3;35;from_network;0.0
20;3;36;HP;129.734
20;3;36;EB;0.0
20;3;36;from_grid;170.307
20;3;36;from_main_grid;170.307
20;3;36;from_network;0.0
20;3;37;HP;123.911
20;3;37;EB;0.0
20;3;37;from_grid;162.77
20;3;37;from_main_grid;162.77
20;3;37;from_network;0.0
20;3;38;HP;123.106
20;3;38;EB;0.0
20;3;38;from_grid;173.777
20;3;38;from_main_grid;173.777
20;3;38;from_network;0.0
20;3;39;HP;125.81
20;3;39;EB;0.0
20;3;39;from_grid;174.496
20;3;39;from_main_grid;174.496
20;3;39;from_network;0.0
20;3;40;HP;123.528
20;3;40;EB;0.0
20;3;40;from_grid;188.082
20;3;40;from_main_grid;188.082
20;3;40;from_network;0.0
20;3;41;HP;126.183
20;3;41;EB;0.0
20;3;41;from_grid;192.848
20;3;41;from_main_grid;192.848
20;3;41;from_network;0.0
20;3;42;HP;135.825
20;3;42;EB;0.0
20;3;42;from_grid;202.815
20;3;42;from_main_grid;202.815
20;3;42;from_network;0.0
20;3;43;HP;135.756
20;3;43;EB;0.0
20;3;43;from_grid;203.772
20;3;43;from_main_grid;203.772
20;3;43;from_network;0.0
20;3;44;HP;134.026
20;3;44;EB;0.0
20;3;44;from_grid;206.671
20;3;44;from_main_grid;206.671
20;3;44;from_network;0.0
20;3;45;HP;133.288
20;3;45;EB;0.0
20;3;45;from_grid;189.67
20;3;45;from_main_grid;189.67
20;3;45;from_network;0.0
20;3;46;HP;122.668
20;3;46;EB;0.0
20;3;46;from_grid;184.923
20;3;46;from_main_grid;184.923
20;3;46;from_network;0.0
20;3;47;HP;121.091
20;3;47;EB;0.0
20;3;47;from_grid;150.699
20;3;47;from_main_grid;150.699
20;3;47;from_network;0.0
20;3;48;HP;98.043
20;3;48;EB;0.0
20;3;48;from_grid;105.634
20;3;48;from_main_grid;105.634
20;3;48;from_network;0.0
20;3;49;HP;92.905
20;3;49;EB;0.0
20;3;49;from_grid;102.279
20;3;49;from_main_grid;102.279
20;3;49;from_network;0.0
20;3;50;HP;89.22
20;3;50;EB;0.0
20;3;50;from_grid;100.383
20;3;50;from_main_grid;100.383
20;3;50;from_network;0.0
20;3;51;HP;86.643
20;3;51;EB;0.0
20;3;51;from_grid;97.98
20;3;51;from_main_grid;97.98
20;3;51;from_network;0.0
20;3;52;HP;86.235
20;3;52;EB;0.0
20;3;52;from_grid;98.17
20;3;52;from_main_grid;98.17
20;3;52;from_network;0.0
20;3;53;HP;86.663
20;3;53;EB;0.0
20;3;53;from_grid;97.409
20;3;53;from_main_grid;97.409
20;3;53;from_network;0.0
20;3;54;HP;86.113
20;3;54;EB;0.0
20;3;54;from_grid;101.692
20;3;54;from_main_grid;101.692
20;3;54;from_network;0.0
20;3;55;HP;106.412
20;3;55;EB;0.0
20;3;55;from_grid;142.723
20;3;55;from_main_grid;142.723
20;3;55;from_network;0.0
20;3;56;HP;106.866
20;3;56;EB;0.0
20;3;56;from_grid;168.152
20;3;56;from_main_grid;168.152
20;3;56;from_network;0.0
20;3;57;HP;92.043
20;3;57;EB;0.0
20;3;57;from_grid;128.41
20;3;57;from_main_grid;128.41
20;3;57;from_network;0.0
20;3;58;HP;93.658
20;3;58;EB;0.0
20;3;58;from_grid;134.256
20;3;58;from_main_grid;134.256
20;3;58;from_network;0.0
20;3;59;HP;91.016
20;3;59;EB;0.0
20;3;59;from_grid;129.046
20;3;59;from_main_grid;129.046
20;3;59;from_network;0.0
20;3;60;HP;85.976
20;3;60;EB;0.0
20;3;60;from_grid;119.064
20;3;60;from_main_grid;119.064
20;3;60;from_network;0.0
20;3;61;HP;79.624
20;3;61;EB;0.0
20;3;61;from_grid;123.68
20;3;61;from_main_grid;74.495
20;3;61;from_network;49.184
20;3;62;HP;75.581
20;3;62;EB;0.0
20;3;62;from_grid;110.321
20;3;62;from_main_grid;0.0
20;3;62;from_network;110.321
20;3;63;HP;81.288
20;3;63;EB;0.0
20;3;63;from_grid;118.33
20;3;63;from_main_grid;118.33
20;3;63;from_network;0.0
20;3;64;HP;78.321
20;3;64;EB;0.0
20;3;64;from_grid;134.468
20;3;64;from_main_grid;134.468
20;3;64;from_network;0.0
20;3;65;HP;165.282
20;3;65;EB;0.0
20;3;65;from_grid;218.38
20;3;65;from_main_grid;218.38
20;3;65;from_network;0.0
20;3;66;HP;166.588
20;3;66;EB;0.0
20;3;66;from_grid;230.364
20;3;66;from_main_grid;230.364
20;3;66;from_network;0.0
20;3;67;HP;145.127
20;3;67;EB;0.0
20;3;67;from_grid;204.348
20;3;67;from_main_grid;204.348
20;3;67;from_network;0.0
20;3;68;HP;8.449
20;3;68;EB;0.0
20;3;68;from_grid;69.11
20;3;68;from_main_grid;69.11
20;3;68;from_network;0.0
20;3;69;HP;0.0
20;3;69;EB;0.0
20;3;69;from_grid;79.863
20;3;69;from_main_grid;79.863
20;3;69;from_network;0.0
20;3;70;HP;0.0
20;3;70;EB;0.0
20;3;70;from_grid;56.541
20;3;70;from_main_grid;56.541
20;3;70;from_network;0.0
20;3;71;HP;87.47
20;3;71;EB;0.0
20;3;71;from_grid;132.226
20;3;71;from_main_grid;132.226
20;3;71;from_network;0.0
20;3;72;HP;90.418
20;3;72;EB;0.0
20;3;72;from_grid;99.845
20;3;72;from_main_grid;99.845
20;3;72;from_network;0.0
20;3;73;HP;90.965
20;3;73;EB;0.0
20;3;73;from_grid;106.94
20;3;73;from_main_grid;106.94
20;3;73;from_network;0.0
20;3;74;HP;93.066
20;3;74;EB;0.0
20;3;74;from_grid;103.199
20;3;74;from_main_grid;103.199
20;3;74;from_network;0.0
20;3;75;HP;96.282
20;3;75;EB;0.0
20;3;75;from_grid;111.21
20;3;75;from_main_grid;111.21
20;3;75;from_network;0.0
20;3;76;HP;95.566
20;3;76;EB;0.0
20;3;76;from_grid;107.734
20;3;76;from_main_grid;107.734
20;3;76;from_network;0.0
20;3;77;HP;96.7
20;3;77;EB;0.0
20;3;77;from_grid;109.894
20;3;77;from_main_grid;109.894
20;3;77;from_network;0.0
20;3;78;HP;173.126
20;3;78;EB;0.0
20;3;78;from_grid;189.153
20;3;78;from_main_grid;189.153
20;3;78;from_network;0.0
20;3;79;HP;41.281
20;3;79;EB;0.0
20;3;79;from_grid;63.829
20;3;79;from_main_grid;63.829
20;3;79;from_network;0.0
20;3;80;HP;122.578
20;3;80;EB;0.0
20;3;80;from_grid;146.535
20;3;80;from_main_grid;146.535
20;3;80;from_network;0.0
20;3;81;HP;103.279
20;3;81;EB;0.0
20;3;81;from_grid;141.269
20;3;81;from_main_grid;141.269
20;3;81;from_network;0.0
20;3;82;HP;103.342
20;3;82;EB;0.0
20;3;82;from_grid;157.788
20;3;82;from_main_grid;157.788
20;3;82;from_network;0.0
20;3;83;HP;103.206
20;3;83;EB;0.0
20;3;83;from_grid;149.486
20;3;83;from_main_grid;149.486
20;3;83;from_network;0.0
20;3;84;HP;97.919
20;3;84;EB;0.0
20;3;84;from_grid;148.057
20;3;84;from_main_grid;148.057
20;3;84;from_network;0.0
20;3;85;HP;172.253
20;3;85;EB;0.0
20;3;85;from_grid;218.483
20;3;85;from_main_grid;95.046
20;3;85;from_network;123.437
20;3;86;HP;16.007
20;3;86;EB;0.0
20;3;86;from_grid;57.455
20;3;86;from_main_grid;0.0
20;3;86;from_network;57.455
20;3;87;HP;175.308
20;3;87;EB;0.0
20;3;87;from_grid;211.253
20;3;87;from_main_grid;211.253
20;3;87;from_network;0.0
20;3;88;HP;136.165
20;3;88;EB;0.0
20;3;88;from_grid;178.32
20;3;88;from_main_grid;178.32
20;3;88;from_network;0.0
20;3;89;HP;177.928
20;3;89;EB;0.0
20;3;89;from_grid;238.828
20;3;89;from_main_grid;238.828
20;3;89;from_network;0.0
20;3;90;HP;180.112
20;3;90;EB;0.0
20;3;90;from_grid;232.442
20;3;90;from_main_grid;232.442
20;3;90;from_network;0.0
20;3;91;HP;0.0
20;3;91;EB;0.0
20;3;91;from_grid;65.574
20;3;91;from_main_grid;65.574
20;3;91;from_network;0.0
20;3;92;HP;0.0
20;3;92;EB;0.0
20;3;92;from_grid;63.903
20;3;92;from_main_grid;63.903
20;3;92;from_network;0.0
20;3;93;HP;66.487
20;3;93;EB;0.0
20;3;93;from_grid;127.59
20;3;93;from_main_grid;127.59
20;3;93;from_network;0.0
20;3;94;HP;124.036
20;3;94;EB;0.0
20;3;94;from_grid;177.37
20;3;94;from_main_grid;177.37
20;3;94;from_network;0.0
20;3;95;HP;121.605
20;3;95;EB;0.0
20;3;95;from_grid;164.492
20;3;95;from_main_grid;164.492
20;3;95;from_network;0.0
20;3;96;HP;151.358
20;3;96;EB;0.0
20;3;96;from_grid;160.964
20;3;96;from_main_grid;160.964
20;3;96;from_network;0.0
20;3;97;HP;154.446
20;3;97;EB;0.0
20;3;97;from_grid;170.156
20;3;97;from_main_grid;170.156
20;3;97;from_network;0.0
20;3;98;HP;156.259
20;3;98;EB;0.0
20;3;98;from_grid;167.759
20;3;98;from_main_grid;167.759
20;3;98;from_network;0.0
20;3;99;HP;159.606
20;3;99;EB;0.0
20;3;99;from_grid;172.262
20;3;99;from_main_grid;172.262
20;3;99;from_network;0.0
20;3;100;HP;157.874
20;3;100;EB;0.0
20;3;100;from_grid;169.725
20;3;100;from_main_grid;169.725
20;3;100;from_network;0.0
20;3;101;HP;153.782
20;3;101;EB;0.0
20;3;101;from_grid;164.028
20;3;101;from_main_grid;164.028
20;3;101;from_network;0.0
20;3;102;HP;162.274
20;3;102;EB;0.0
20;3;102;from_grid;173.111
20;3;102;from_main_grid;173.111
20;3;102;from_network;0.0
20;3;103;HP;160.624
20;3;103;EB;0.0
20;3;103;from_grid;191.448
20;3;103;from_main_grid;191.448
20;3;103;from_network;0.0
20;3;104;HP;142.891
20;3;104;EB;0.0
20;3;104;from_grid;191.68
20;3;104;from_main_grid;191.68
20;3;104;from_network;0.0
20;3;105;HP;181.861
20;3;105;EB;0.0
20;3;105;from_grid;236.617
20;3;105;from_main_grid;236.617
20;3;105;from_network;0.0
20;3;106;HP;100.529
20;3;106;EB;0.0
20;3;106;from_grid;165.656
20;3;106;from_main_grid;165.656
20;3;106;from_network;0.0
20;3;107;HP;144.111
20;3;107;EB;0.0
20;3;107;from_grid;197.417
20;3;107;from_main_grid;197.417
20;3;107;from_network;0.0
20;3;108;HP;149.313
20;3;108;EB;0.0
20;3;108;from_grid;204.348
20;3;108;from_main_grid;204.348
20;3;108;from_network;0.0
20;3;109;HP;139.189
20;3;109;EB;0.0
20;3;109;from_grid;188.283
20;3;109;from_main_grid;188.283
20;3;109;from_network;0.0
20;3;110;HP;137.412
20;3;110;EB;0.0
20;3;110;from_grid;188.054
20;3;110;from_main_grid;188.054
20;3;110;from_network;0.0
20;3;111;HP;134.784
20;3;111;EB;0.0
20;3;111;from_grid;187.692
20;3;111;from_main_grid;187.692
20;3;111;from_network;0.0
20;3;112;HP;130.074
20;3;112;EB;0.0
20;3;112;from_grid;197.989
20;3;112;from_main_grid;197.989
20;3;112;from_network;0.0
20;3;113;HP;129.349
20;3;113;EB;0.0
20;3;113;from_grid;195.525
20;3;113;from_main_grid;195.525
20;3;113;from_network;0.0
20;3;114;HP;138.719
20;3;114;EB;0.0
20;3;114;from_grid;213.437
20;3;114;from_main_grid;213.437
20;3;114;from_network;0.0
20;3;115;HP;135.385
20;3;115;EB;0.0
20;3;115;from_grid;207.666
20;3;115;from_main_grid;207.666
20;3;115;from_network;0.0
20;3;116;HP;135.552
20;3;116;EB;0.0
20;3;116;from_grid;191.98
20;3;116;from_main_grid;191.98
20;3;116;from_network;0.0
20;3;117;HP;135.112
20;3;117;EB;0.0
20;3;117;from_grid;207.498
20;3;117;from_main_grid;207.498
20;3;117;from_network;0.0
20;3;118;HP;124.754
20;3;118;EB;0.0
20;3;118;from_grid;179.786
20;3;118;from_main_grid;179.786
20;3;118;from_network;0.0
20;3;119;HP;182.299
20;3;119;EB;0.0
20;3;119;from_grid;221.117
20;3;119;from_main_grid;221.117
20;3;119;from_network;0.0
20;3;120;HP;182.299
20;3;120;EB;0.0
20;3;120;from_grid;190.096
20;3;120;from_main_grid;190.096
20;3;120;from_network;0.0
20;3;121;HP;183.174
20;3;121;EB;0.0
20;3;121;from_grid;198.605
20;3;121;from_main_grid;198.605
20;3;121;from_network;0.0
20;3;122;HP;185.8
20;3;122;EB;0.0
20;3;122;from_grid;197.935
20;3;122;from_main_grid;197.935
20;3;122;from_network;0.0
20;3;123;HP;188.866
20;3;123;EB;0.0
20;3;123;from_grid;199.767
20;3;123;from_main_grid;199.767
20;3;123;from_network;0.0
20;3;124;HP;36.583
20;3;124;EB;0.0
20;3;124;from_grid;46.805
20;3;124;from_main_grid;46.805
20;3;124;from_network;0.0
20;3;125;HP;0.0
20;3;125;EB;0.0
20;3;125;from_grid;9.908
20;3;125;from_main_grid;9.908
20;3;125;from_network;0.0
20;3;126;HP;165.929
20;3;126;EB;0.0
20;3;126;from_grid;185.289
20;3;126;from_main_grid;185.289
20;3;126;from_network;0.0
20;3;127;HP;167.093
20;3;127;EB;0.0
20;3;127;from_grid;218.085
20;3;127;from_main_grid;218.085
20;3;127;from_network;0.0
20;3;128;HP;153.885
20;3;128;EB;0.0
20;3;128;from_grid;203.195
20;3;128;from_main_grid;203.195
20;3;128;from_network;0.0
20;3;129;HP;148.774
20;3;129;EB;0.0
20;3;129;from_grid;202.95
20;3;129;from_main_grid;202.95
20;3;129;from_network;0.0
20;3;130;HP;141.465
20;3;130;EB;0.0
20;3;130;from_grid;193.808
20;3;130;from_main_grid;193.808
20;3;130;from_network;0.0
20;3;131;HP;139.852
20;3;131;EB;0.0
20;3;131;from_grid;192.013
20;3;131;from_main_grid;192.013
20;3;131;from_network;0.0
20;3;132;HP;138.413
20;3;132;EB;0.0
20;3;132;from_grid;177.984
20;3;132;from_main_grid;177.984
20;3;132;from_network;0.0
20;3;133;HP;126.8
20;3;133;EB;0.0
20;3;133;from_grid;160.174
20;3;133;from_main_grid;109.986
20;3;133;from_network;50.189
20;3;134;HP;126.252
20;3;134;EB;0.0
20;3;134;from_grid;179.299
20;3;134;from_main_grid;179.299
20;3;134;from_network;0.0
20;3;135;HP;128.339
20;3;135;EB;0.0
20;3;135;from_grid;173.955
20;3;135;from_main_grid;173.955
20;3;135;from_network;0.0
20;3;136;HP;183.611
20;3;136;EB;0.0
20;3;136;from_grid;241.857
20;3;136;from_main_grid;241.857
20;3;136;from_network;0.0
20;3;137;HP;70.569
20;3;137;EB;0.0
20;3;137;from_grid;137.611
20;3;137;from_main_grid;137.611
20;3;137;from_network;0.0
20;3;138;HP;139.026
20;3;138;EB;0.0
20;3;138;from_grid;210.435
20;3;138;from_main_grid;210.435
20;3;138;from_network;0.0
20;3;139;HP;188.428
20;3;139;EB;0.0
20;3;139;from_grid;272.955
20;3;139;from_main_grid;272.955
20;3;139;from_network;0.0
20;3;140;HP;102.548
20;3;140;EB;0.0
20;3;140;from_grid;167.564
20;3;140;from_main_grid;167.564
20;3;140;from_network;0.0
20;3;141;HP;149.804
20;3;141;EB;0.0
20;3;141;from_grid;222.153
20;3;141;from_main_grid;222.153
20;3;141;from_network;0.0
20;3;142;HP;141.903
20;3;142;EB;0.0
20;3;142;from_grid;213.151
20;3;142;from_main_grid;213.151
20;3;142;from_network;0.0
20;3;143;HP;146.363
20;3;143;EB;0.0
20;3;143;from_grid;192.276
20;3;143;from_main_grid;192.276
20;3;143;from_network;0.0
20;3;144;HP;191.497
20;3;144;EB;0.0
20;3;144;from_grid;199.067
20;3;144;from_main_grid;199.067
20;3;144;from_network;0.0
20;3;145;HP;106.425
20;3;145;EB;0.0
20;3;145;from_grid;117.948
20;3;145;from_main_grid;117.948
20;3;145;from_network;0.0
20;3;146;HP;192.813
20;3;146;EB;0.0
20;3;146;from_grid;203.029
20;3;146;from_main_grid;203.029
20;3;146;from_network;0.0
20;3;147;HP;113.508
20;3;147;EB;0.0
20;3;147;from_grid;124.588
20;3;147;from_main_grid;124.588
20;3;147;from_network;0.0
20;3;148;HP;155.641
20;3;148;EB;0.0
20;3;148;from_grid;166.009
20;3;148;from_main_grid;166.009
20;3;148;from_network;0.0
20;3;149;HP;157.252
20;3;149;EB;0.0
20;3;149;from_grid;170.247
20;3;149;from_main_grid;170.247
20;3;149;from_network;0.0
20;3;150;HP;168.03
20;3;150;EB;0.0
20;3;150;from_grid;187.397
20;3;150;from_main_grid;187.397
20;3;150;from_network;0.0
20;3;151;HP;163.888
20;3;151;EB;0.0
20;3;151;from_grid;200.306
20;3;151;from_main_grid;200.306
20;3;151;from_network;0.0
20;3;152;HP;148.226
20;3;152;EB;0.0
20;3;152;from_grid;205.487
20;3;152;from_main_grid;205.487
20;3;152;from_network;0.0
20;3;153;HP;136.958
20;3;153;EB;0.0
20;3;153;from_grid;174.562
20;3;153;from_main_grid;174.562
20;3;153;from_network;0.0
20;3;154;HP;128.325
20;3;154;EB;0.0
20;3;154;from_grid;164.999
20;3;154;from_main_grid;45.124
20;3;154;from_network;119.875
20;3;155;HP;117.662
20;3;155;EB;0.0
20;3;155;from_grid;155.663
20;3;155;from_main_grid;155.663
20;3;155;from_network;0.0
20;3;156;HP;117.665
20;3;156;EB;0.0
20;3;156;from_grid;153.273
20;3;156;from_main_grid;153.273
20;3;156;from_network;0.0
20;3;157;HP;172.253
20;3;157;EB;0.0
20;3;157;from_grid;216.848
20;3;157;from_main_grid;216.848
20;3;157;from_network;0.0
20;3;158;HP;42.471
20;3;158;EB;0.0
20;3;158;from_grid;89.148
20;3;158;from_main_grid;89.148
20;3;158;from_network;0.0
20;3;159;HP;106.339
20;3;159;EB;0.0
20;3;159;from_grid;155.932
20;3;159;from_main_grid;155.932
20;3;159;from_network;0.0
20;3;160;HP;103.357
20;3;160;EB;0.0
20;3;160;from_grid;153.657
20;3;160;from_main_grid;153.657
20;3;160;from_network;0.0
20;3;161;HP;101.604
20;3;161;EB;0.0
20;3;161;from_grid;174.604
20;3;161;from_main_grid;174.604
20;3;161;from_network;0.0
20;3;162;HP;107.751
20;3;162;EB;0.0
20;3;162;from_grid;172.815
20;3;162;from_main_grid;172.815
20;3;162;from_network;0.0
20;3;163;HP;109.812
20;3;163;EB;0.0
20;3;163;from_grid;187.518
20;3;163;from_main_grid;187.518
20;3;163;from_network;0.0
20;3;164;HP;105.707
20;3;164;EB;0.0
20;3;164;from_grid;162.417
20;3;164;from_main_grid;162.417
20;3;164;from_network;0.0
20;3;165;HP;106.063
20;3;165;EB;0.0
20;3;165;from_grid;173.53
20;3;165;from_main_grid;173.53
20;3;165;from_network;0.0
20;3;166;HP;171.381
20;3;166;EB;0.0
20;3;166;from_grid;237.953
20;3;166;from_main_grid;237.953
20;3;166;from_network;0.0
20;3;167;HP;149.228
20;3;167;EB;0.0
20;3;167;from_grid;202.055
20;3;167;from_main_grid;202.055
20;3;167;from_network;0.0
