Support_Year;Cluster;Timestep;HP;EB;from_grid;from_main_grid;Power_Demand_kW
0;0;0;5.441;204.638;0.0;210.079;210.079
0;0;1;7.569;199.019;0.0;206.588;206.588
0;0;2;7.575;194.704;0.0;202.279;202.279
0;0;3;7.682;192.549;0.0;200.232;200.232
0;0;4;7.433;195.567;0.0;202.999;202.999
0;0;5;8.777;199.019;0.0;207.796;207.796
0;0;6;8.799;202.908;0.0;211.707;211.707
0;0;7;23.945;205.07;57.518;286.534;286.534
0;0;8;28.062;205.503;248.019;481.584;481.584
0;0;9;34.716;206.802;195.973;437.491;437.491
0;0;10;43.635;206.802;201.579;452.016;452.016
0;0;11;27.06;202.043;194.953;424.056;424.056
0;0;12;26.952;196.429;165.053;388.434;388.434
0;0;13;29.446;191.688;131.571;352.704;352.704
0;0;14;24.958;188.244;110.666;323.868;323.868
0;0;15;37.252;185.663;124.8;347.715;347.715
0;0;16;42.446;185.663;108.402;336.511;336.511
0;0;17;45.656;186.953;81.321;313.93;313.93
0;0;18;44.483;187.383;90.652;322.518;322.518
0;0;19;54.742;186.523;88.604;329.869;329.869
0;0;20;44.147;186.523;112.117;342.787;342.787
0;0;21;54.243;187.383;104.884;346.51;346.51
0;0;22;52.92;186.523;109.165;348.608;348.608
0;0;23;40.003;188.244;95.522;323.769;323.769
0;0;24;5.5;188.244;48.708;242.452;242.452
0;0;25;13.648;186.953;46.929;247.53;247.53
0;0;26;7.762;186.523;52.944;247.229;247.229
0;0;27;11.201;185.663;51.28;248.145;248.145
0;0;28;8.582;184.374;52.227;245.183;245.183
0;0;29;10.704;182.655;48.769;242.128;242.128
0;0;30;11.694;182.226;84.95;278.87;278.87
0;0;31;25.095;181.796;86.917;293.808;293.808
0;0;32;41.734;181.367;47.812;270.913;270.913
0;0;33;33.09;182.226;49.503;264.819;264.819
0;0;34;35.039;180.938;41.944;257.921;257.921
0;0;35;28.74;179.65;23.434;231.824;231.824
0;0;36;31.043;178.792;20.87;230.704;230.704
0;0;37;26.953;177.934;0.0;204.888;204.888
0;0;38;29.747;177.077;0.0;206.824;206.824
0;0;39;58.153;174.934;0.0;233.087;233.087
0;0;40;50.045;174.934;0.0;224.978;224.978
0;0;41;55.783;175.362;0.0;231.145;231.145
0;0;42;48.996;177.506;0.0;226.501;226.501
0;0;43;47.675;178.363;0.0;226.038;226.038
0;0;44;57.274;178.792;0.0;236.066;236.066
0;0;45;65.014;177.506;0.0;242.519;242.519
0;0;46;46.244;179.65;0.0;225.895;225.895
0;0;47;46.572;178.363;0.0;224.935;224.935
0;0;48;5.851;179.65;0.0;185.501;185.501
0;0;49;10.105;179.65;0.0;189.756;189.756
0;0;50;7.677;178.792;0.0;186.47;186.47
0;0;51;7.246;181.367;0.0;188.613;188.613
0;0;52;8.001;180.509;0.0;188.509;188.509
0;0;53;8.718;178.363;0.0;187.081;187.081
0;0;54;13.673;175.362;0.0;189.036;189.036
0;0;55;31.302;172.364;0.0;203.666;203.666
0;0;56;31.473;172.792;0.0;204.265;204.265
0;0;57;39.338;168.598;0.0;207.936;207.936
0;0;58;45.61;160.662;0.0;206.272;206.272
0;0;59;33.827;153.102;0.0;186.929;186.929
0;0;60;29.735;138.996;0.0;168.731;168.731
0;0;61;28.874;124.772;0.0;153.646;153.646
0;0;62;24.732;119.014;0.0;143.746;143.746
0;0;63;31.158;159.543;0.0;190.701;190.701
0;0;64;51.867;161.249;0.0;213.117;213.117
0;0;65;43.178;34.591;0.0;77.77;77.77
0;0;66;64.565;117.569;0.0;182.134;182.134
0;0;67;63.546;120.006;0.0;183.553;183.553
0;0;68;50.19;164.665;0.0;214.855;214.855
0;0;69;67.815;166.802;0.0;234.617;234.617
0;0;70;56.834;167.657;0.0;224.491;224.491
0;0;71;31.837;170.652;0.0;202.489;202.489
0;0;72;5.566;145.774;0.0;151.34;151.34
0;0;73;9.495;174.505;0.0;184.0;184.0
0;0;74;7.104;161.36;0.0;168.464;168.464
0;0;75;8.441;167.995;0.0;176.436;176.436
0;0;76;7.925;176.439;0.0;184.364;184.364
0;0;77;11.073;183.514;0.0;194.587;194.587
0;0;78;10.221;149.963;0.0;160.184;160.184
0;0;79;19.626;185.663;0.0;205.289;205.289
0;0;80;30.935;188.244;0.0;219.179;219.179
0;0;81;31.116;188.244;0.0;219.359;219.359
0;0;82;43.467;186.523;0.0;229.99;229.99
0;0;83;28.049;183.944;0.0;211.993;211.993
0;0;84;43.839;181.796;0.0;225.635;225.635
0;0;85;29.047;173.614;0.0;202.661;202.661
0;0;86;36.126;158.616;0.0;194.742;194.742
0;0;87;35.896;165.12;0.0;201.016;201.016
0;0;88;43.851;157.337;0.0;201.187;201.187
0;0;89;51.785;147.026;0.0;198.812;198.812
0;0;90;54.905;147.264;0.0;202.169;202.169
0;0;91;50.147;149.905;0.0;200.052;200.052
0;0;92;63.38;154.651;0.0;218.032;218.032
0;0;93;46.014;159.478;0.0;205.492;205.492
0;0;94;45.992;160.453;0.0;206.445;206.445
0;0;95;34.14;150.612;0.0;184.752;184.752
0;0;96;5.693;164.197;0.0;169.89;169.89
0;0;97;15.034;164.864;0.0;179.899;179.899
0;0;98;8.283;164.391;0.0;172.674;172.674
0;0;99;7.806;162.791;0.0;170.597;170.597
0;0;100;8.87;166.048;0.0;174.918;174.918
0;0;101;7.842;168.94;0.0;176.782;176.782
0;0;102;10.832;169.368;0.0;180.2;180.2
0;0;103;25.078;169.368;0.0;194.446;194.446
0;0;104;40.835;163.526;0.0;204.361;204.361
0;0;105;42.057;162.172;0.0;204.23;204.23
0;0;106;57.042;159.025;0.0;216.067;216.067
0;0;107;22.068;149.065;0.0;171.132;171.132
0;0;108;28.015;149.054;0.0;177.069;177.069
0;0;109;29.246;140.333;0.0;169.579;169.579
0;0;110;42.258;137.657;0.0;179.915;179.915
0;0;111;41.793;137.15;0.0;178.943;178.943
0;0;112;51.978;135.865;0.0;187.843;187.843
0;0;113;43.63;164.238;0.0;207.869;207.869
0;0;114;52.394;110.845;0.0;163.239;163.239
0;0;115;65.058;146.692;0.0;211.749;211.749
0;0;116;52.858;146.282;0.0;199.139;199.139
0;0;117;54.297;145.707;0.0;200.005;200.005
0;0;118;40.265;135.252;0.0;175.517;175.517
0;0;119;27.812;132.473;0.0;160.285;160.285
0;0;120;5.672;127.563;0.0;133.235;133.235
0;0;121;9.334;124.785;0.0;134.119;134.119
0;0;122;8.505;117.851;0.0;126.356;126.356
0;0;123;6.683;113.548;0.0;120.231;120.231
0;0;124;7.336;112.211;0.0;119.547;119.547
0;0;125;12.07;107.895;0.0;119.965;119.965
0;0;126;14.959;115.372;0.0;130.331;130.331
0;0;127;26.337;115.273;0.0;141.61;141.61
0;0;128;46.263;99.997;0.0;146.26;146.26
0;0;129;36.536;99.477;0.0;136.013;136.013
0;0;130;35.964;147.616;0.0;183.58;183.58
0;0;131;28.342;147.191;0.0;175.533;175.533
0;0;132;21.608;81.939;0.0;103.547;103.547
0;0;133;30.828;0.0;0.0;30.828;30.828
0;0;134;29.094;154.001;0.0;183.095;183.095
0;0;135;28.23;154.427;0.0;182.656;182.656
0;0;136;41.905;121.009;0.0;162.914;162.914
0;0;137;52.452;100.41;0.0;152.862;152.862
0;0;138;56.458;0.0;0.0;56.458;56.458
0;0;139;66.343;70.472;0.0;136.815;136.815
0;0;140;57.587;120.05;0.0;177.637;177.637
0;0;141;42.015;124.206;0.0;166.221;166.221
0;0;142;43.64;112.611;0.0;156.251;156.251
0;0;143;29.525;115.898;0.0;145.423;145.423
0;0;144;5.785;119.432;0.0;125.217;125.217
0;0;145;10.049;119.849;0.0;129.898;129.898
0;0;146;7.961;123.138;0.0;131.098;131.098
0;0;147;7.564;124.278;0.0;131.842;131.842
0;0;148;7.387;163.384;0.0;170.771;170.771
0;0;149;8.494;94.205;0.0;102.699;102.699
0;0;150;13.465;166.802;0.0;180.267;180.267
0;0;151;29.183;168.085;0.0;197.267;197.267
0;0;152;29.673;110.25;0.0;139.923;139.923
0;0;153;43.043;148.028;0.0;191.072;191.072
0;0;154;51.247;147.361;0.0;198.608;198.608
0;0;155;28.257;141.827;0.0;170.084;170.084
0;0;156;24.689;138.07;0.0;162.759;162.759
0;0;157;35.256;118.704;0.0;153.96;153.96
0;0;158;31.518;106.909;0.0;138.427;138.427
0;0;159;26.218;104.385;0.0;130.603;130.603
0;0;160;38.479;160.823;0.0;199.301;199.301
0;0;161;57.556;122.442;0.0;179.998;179.998
0;0;162;48.835;164.238;0.0;213.073;213.073
0;0;163;54.472;165.947;0.0;220.419;220.419
0;0;164;56.174;9.867;0.0;66.041;66.041
0;0;165;60.401;168.085;0.0;228.486;228.486
0;0;166;61.065;169.368;0.0;230.433;230.433
0;0;167;34.625;170.224;0.0;204.848;204.848
0;1;0;5.556;0.0;0.0;5.556;5.556
0;1;1;7.117;0.0;0.0;7.117;7.117
0;1;2;7.237;0.0;0.0;7.237;7.237
0;1;3;7.476;0.0;0.0;7.476;7.476
0;1;4;9.078;0.0;0.0;9.078;9.078
0;1;5;10.018;0.0;0.0;10.018;10.018
0;1;6;15.769;0.0;0.0;15.769;15.769
0;1;7;19.946;0.0;0.0;19.946;19.946
0;1;8;30.779;0.0;0.0;30.779;30.779
0;1;9;25.437;0.0;0.0;25.437;25.437
0;1;10;30.081;0.0;0.0;30.081;30.081
0;1;11;25.809;0.0;0.0;25.809;25.809
0;1;12;31.581;0.0;0.0;31.581;31.581
0;1;13;30.316;0.0;0.0;30.316;30.316
0;1;14;31.062;0.0;0.0;31.062;31.062
0;1;15;19.449;0.0;0.0;19.449;19.449
0;1;16;34.787;0.0;0.0;34.787;34.787
0;1;17;46.317;0.0;0.0;46.317;46.317
0;1;18;52.142;0.0;0.0;52.142;52.142
0;1;19;47.588;0.0;0.0;47.588;47.588
0;1;20;53.727;0.0;0.0;53.727;53.727
0;1;21;47.005;0.0;0.0;47.005;47.005
0;1;22;52.088;0.0;0.0;52.088;52.088
0;1;23;27.652;0.0;0.0;27.652;27.652
0;1;24;5.537;0.0;0.0;5.537;5.537
0;1;25;7.472;0.0;0.0;7.472;7.472
0;1;26;8.633;0.0;0.0;8.633;8.633
0;1;27;10.279;0.0;0.0;10.279;10.279
0;1;28;11.091;0.0;0.0;11.091;11.091
0;1;29;12.638;4.101;0.0;16.739;16.739
0;1;30;23.045;0.0;0.0;23.045;23.045
0;1;31;27.063;8.534;0.0;35.597;35.597
0;1;32;31.882;2.716;0.0;34.597;34.597
0;1;33;27.509;2.585;0.0;30.094;30.094
0;1;34;46.815;2.33;0.0;49.146;49.146
0;1;35;26.705;2.943;0.0;29.648;29.648
0;1;36;38.463;3.743;0.0;42.207;42.207
0;1;37;32.259;2.012;0.0;34.271;34.271
0;1;38;29.824;1.823;0.0;31.647;31.647
0;1;39;33.636;4.139;0.0;37.775;37.775
0;1;40;31.196;0.0;0.0;31.196;31.196
0;1;41;49.948;55.388;0.0;105.336;105.336
0;1;42;39.862;0.0;0.0;39.862;39.862
0;1;43;38.274;0.0;0.0;38.274;38.274
0;1;44;49.168;0.0;0.0;49.168;49.168
0;1;45;68.166;0.0;0.0;68.166;68.166
0;1;46;55.194;0.0;0.0;55.194;55.194
0;1;47;40.404;0.0;0.0;40.404;40.404
0;1;48;5.587;0.0;0.0;5.587;5.587
0;1;49;8.168;0.0;0.0;8.168;8.168
0;1;50;8.398;0.0;0.0;8.398;8.398
0;1;51;8.393;0.0;0.0;8.393;8.393
0;1;52;7.837;0.0;0.0;7.837;7.837
0;1;53;7.614;0.0;0.0;7.614;7.614
0;1;54;8.712;0.0;0.0;8.712;8.712
0;1;55;14.814;0.0;0.0;14.814;14.814
0;1;56;36.136;0.0;0.0;36.136;36.136
0;1;57;17.35;0.0;0.0;17.35;17.35
0;1;58;39.009;2.854;0.0;41.862;41.862
0;1;59;32.812;2.411;0.0;35.224;35.224
0;1;60;28.284;1.864;0.0;30.149;30.149
0;1;61;29.525;2.267;0.0;31.792;31.792
0;1;62;26.087;3.281;0.0;29.369;29.369
0;1;63;29.249;65.289;0.0;94.539;94.539
0;1;64;29.366;0.0;0.0;29.366;29.366
0;1;65;38.062;0.0;0.0;38.062;38.062
0;1;66;46.726;0.0;0.0;46.726;46.726
0;1;67;60.323;0.0;0.0;60.323;60.323
0;1;68;56.566;0.0;0.0;56.566;56.566
0;1;69;42.631;0.0;0.0;42.631;42.631
0;1;70;56.778;0.0;0.0;56.778;56.778
0;1;71;34.101;0.0;0.0;34.101;34.101
0;1;72;5.584;0.0;0.0;5.584;5.584
0;1;73;7.115;0.0;0.0;7.115;7.115
0;1;74;7.355;0.0;0.0;7.355;7.355
0;1;75;7.517;0.0;0.0;7.517;7.517
0;1;76;7.784;0.0;0.0;7.784;7.784
0;1;77;8.264;0.0;0.0;8.264;8.264
0;1;78;10.001;0.0;0.0;10.001;10.001
0;1;79;10.264;0.0;0.0;10.264;10.264
0;1;80;21.506;0.0;0.0;21.506;21.506
0;1;81;25.746;3.292;0.0;29.038;29.038
0;1;82;30.147;2.828;0.0;32.976;32.976
0;1;83;27.866;2.537;0.0;30.403;30.403
0;1;84;35.503;1.814;0.0;37.316;37.316
0;1;85;33.516;2.55;0.0;36.066;36.066
0;1;86;30.314;3.125;0.0;33.439;33.439
0;1;87;43.778;56.955;0.0;100.733;100.733
0;1;88;36.414;0.0;0.0;36.414;36.414
0;1;89;44.281;0.0;0.0;44.281;44.281
0;1;90;36.865;0.0;0.0;36.865;36.865
0;1;91;39.171;0.0;0.0;39.171;39.171
0;1;92;44.294;0.0;0.0;44.294;44.294
0;1;93;52.993;0.0;0.0;52.993;52.993
0;1;94;45.558;0.0;0.0;45.558;45.558
0;1;95;37.013;0.0;0.0;37.013;37.013
0;1;96;6.429;0.0;0.0;6.429;6.429
0;1;97;11.26;0.0;0.0;11.26;11.26
0;1;98;8.052;0.0;0.0;8.052;8.052
0;1;99;7.537;0.0;0.0;7.537;7.537
0;1;100;11.67;0.0;0.0;11.67;11.67
0;1;101;7.071;0.0;0.0;7.071;7.071
0;1;102;7.011;0.0;0.0;7.011;7.011
0;1;103;19.04;0.0;0.0;19.04;19.04
0;1;104;29.159;0.0;0.0;29.159;29.159
0;1;105;52.01;3.016;0.0;55.026;55.026
0;1;106;39.401;3.031;0.0;42.432;42.432
0;1;107;40.913;2.82;0.0;43.733;43.733
0;1;108;30.92;4.288;0.0;35.208;35.208
0;1;109;35.889;2.201;0.0;38.09;38.09
0;1;110;36.168;2.328;0.0;38.496;38.496
0;1;111;32.119;2.697;0.0;34.816;34.816
0;1;112;37.604;2.732;0.0;40.336;40.336
0;1;113;44.946;48.342;0.0;93.288;93.288
0;1;114;40.143;0.0;0.0;40.143;40.143
0;1;115;47.535;0.0;0.0;47.535;47.535
0;1;116;61.584;0.0;0.0;61.584;61.584
0;1;117;56.475;0.0;0.0;56.475;56.475
0;1;118;59.879;0.0;0.0;59.879;59.879
0;1;119;43.986;0.0;0.0;43.986;43.986
0;1;120;5.884;0.0;0.0;5.884;5.884
0;1;121;9.468;0.0;0.0;9.468;9.468
0;1;122;7.254;0.0;0.0;7.254;7.254
0;1;123;9.122;0.0;0.0;9.122;9.122
0;1;124;8.57;0.0;0.0;8.57;8.57
0;1;125;6.571;0.0;0.0;6.571;6.571
0;1;126;16.541;0.0;0.0;16.541;16.541
0;1;127;33.247;0.0;0.0;33.247;33.247
0;1;128;32.813;0.0;0.0;32.813;32.813
0;1;129;31.145;2.888;0.0;34.033;34.033
0;1;130;24.17;3.121;0.0;27.29;27.29
0;1;131;34.843;2.858;0.0;37.701;37.701
0;1;132;30.927;4.771;0.0;35.698;35.698
0;1;133;32.938;2.218;0.0;35.157;35.157
0;1;134;27.08;2.433;0.0;29.513;29.513
0;1;135;28.82;2.341;0.0;31.161;31.161
0;1;136;59.928;1.58;0.0;61.508;61.508
0;1;137;39.237;43.955;0.0;83.192;83.192
0;1;138;54.516;0.0;0.0;54.516;54.516
0;1;139;59.02;0.0;0.0;59.02;59.02
0;1;140;56.771;0.0;0.0;56.771;56.771
0;1;141;49.109;0.0;0.0;49.109;49.109
0;1;142;69.681;0.0;0.0;69.681;69.681
0;1;143;40.935;0.0;0.0;40.935;40.935
0;1;144;5.524;0.0;0.0;5.524;5.524
0;1;145;10.374;0.0;0.0;10.374;10.374
0;1;146;7.616;0.0;0.0;7.616;7.616
0;1;147;8.356;0.0;0.0;8.356;8.356
0;1;148;7.122;0.0;0.0;7.122;7.122
0;1;149;8.113;0.0;0.0;8.113;8.113
0;1;150;9.078;0.0;0.0;9.078;9.078
0;1;151;22.761;0.0;0.0;22.761;22.761
0;1;152;27.679;0.0;0.0;27.679;27.679
0;1;153;31.32;3.108;0.0;34.427;34.427
0;1;154;26.432;3.252;0.0;29.684;29.684
0;1;155;26.688;1.882;0.0;28.57;28.57
0;1;156;30.138;4.177;0.0;34.314;34.314
0;1;157;26.009;2.248;0.0;28.257;28.257
0;1;158;40.623;1.837;0.0;42.46;42.46
0;1;159;30.38;92.729;0.0;123.109;123.109
0;1;160;35.677;0.0;0.0;35.677;35.677
0;1;161;48.145;5.46;0.0;53.605;53.605
0;1;162;52.467;5.716;0.0;58.183;58.183
0;1;163;40.077;5.802;0.0;45.878;45.878
0;1;164;56.85;6.361;0.0;63.211;63.211
0;1;165;58.103;1.901;0.0;60.003;60.003
0;1;166;54.126;0.0;0.0;54.126;54.126
0;1;167;52.475;0.0;0.0;52.475;52.475
0;2;0;5.806;0.0;0.0;5.806;5.806
0;2;1;9.661;0.0;0.0;9.661;9.661
0;2;2;7.807;142.941;0.0;150.747;150.747
0;2;3;8.566;0.0;0.0;8.566;8.566
0;2;4;12.599;50.068;0.0;62.667;62.667
0;2;5;8.509;147.191;0.0;155.7;155.7
0;2;6;14.196;0.0;0.0;14.196;14.196
0;2;7;26.663;97.389;0.0;124.052;124.052
0;2;8;36.299;0.0;0.0;36.299;36.299
0;2;9;26.12;79.931;0.0;106.051;106.051
0;2;10;36.185;73.005;0.0;109.19;109.19
0;2;11;34.641;61.126;0.0;95.767;95.767
0;2;12;32.994;49.741;0.0;82.734;82.734
0;2;13;37.06;35.396;0.0;72.456;72.456
0;2;14;26.823;32.404;0.0;59.227;59.227
0;2;15;23.713;50.182;0.0;73.895;73.895
0;2;16;57.119;137.846;0.0;194.966;194.966
0;2;17;37.756;31.12;0.0;68.876;68.876
0;2;18;48.618;0.0;0.0;48.618;48.618
0;2;19;51.007;99.118;0.0;150.125;150.125
0;2;20;47.749;60.758;0.0;108.507;108.507
0;2;21;50.533;0.0;0.0;50.533;50.533
0;2;22;73.602;132.77;0.0;206.372;206.372
0;2;23;41.288;75.496;0.0;116.784;116.784
0;2;24;5.854;0.0;0.0;5.854;5.854
0;2;25;7.817;25.774;0.0;33.591;33.591
0;2;26;7.99;162.103;0.0;170.093;170.093
0;2;27;9.406;41.128;0.0;50.533;50.533
0;2;28;7.555;163.811;0.0;171.366;171.366
0;2;29;10.651;62.063;0.0;72.714;72.714
0;2;30;17.551;129.955;0.0;147.507;147.507
0;2;31;26.853;135.208;0.0;162.061;162.061
0;2;32;38.424;131.123;0.0;169.547;169.547
0;2;33;38.488;121.201;0.0;159.689;159.689
0;2;34;42.074;104.103;0.0;146.177;146.177
0;2;35;26.878;89.828;0.0;116.707;116.707
0;2;36;38.892;67.586;0.0;106.478;106.478
0;2;37;25.016;50.385;0.0;75.401;75.401
0;2;38;34.416;36.86;0.0;71.276;71.276
0;2;39;34.566;29.416;0.0;63.981;63.981
0;2;40;35.387;126.673;0.0;162.059;162.059
0;2;41;45.357;43.977;0.0;89.333;89.333
0;2;42;50.058;36.101;0.0;86.159;86.159
0;2;43;55.415;41.543;0.0;96.958;96.958
0;2;44;69.777;45.894;0.0;115.671;115.671
0;2;45;45.448;50.287;0.0;95.735;95.735
0;2;46;54.373;0.0;0.0;54.373;54.373
0;2;47;31.334;67.315;0.0;98.649;98.649
0;2;48;5.902;0.0;0.0;5.902;5.902
0;2;49;10.52;0.0;0.0;10.52;10.52
0;2;50;6.83;56.244;0.0;63.074;63.074
0;2;51;7.443;59.436;0.0;66.879;66.879
0;2;52;7.155;60.115;0.0;67.27;67.27
0;2;53;9.966;61.833;0.0;71.799;71.799
0;2;54;14.209;58.12;0.0;72.329;72.329
0;2;55;23.793;67.576;0.0;91.369;91.369
0;2;56;53.032;65.776;0.0;118.808;118.808
0;2;57;40.997;51.569;0.0;92.566;92.566
0;2;58;31.269;47.228;0.0;78.497;78.497
0;2;59;35.193;42.255;0.0;77.449;77.449
0;2;60;19.302;36.82;0.0;56.122;56.122
0;2;61;25.744;29.907;0.0;55.65;55.65
0;2;62;30.948;24.598;0.0;55.546;55.546
0;2;63;36.475;27.177;0.0;63.652;63.652
0;2;64;44.961;35.166;0.0;80.127;80.127
0;2;65;48.003;130.216;0.0;178.218;178.218
0;2;66;43.641;0.0;0.0;43.641;43.641
0;2;67;60.059;48.946;0.0;109.005;109.005
0;2;68;53.821;0.0;0.0;53.821;53.821
0;2;69;61.468;53.397;0.0;114.865;114.865
0;2;70;49.145;0.0;0.0;49.145;49.145
0;2;71;50.233;0.0;0.0;50.233;50.233
0;2;72;5.761;0.0;0.0;5.761;5.761
0;2;73;13.087;45.97;0.0;59.057;59.057
0;2;74;8.188;47.944;0.0;56.131;56.131
0;2;75;8.285;49.345;0.0;57.63;57.63
0;2;76;8.54;50.518;0.0;59.058;59.058
0;2;77;7.499;52.701;0.0;60.201;60.201
0;2;78;12.784;54.142;0.0;66.925;66.925
0;2;79;14.522;71.423;0.0;85.945;85.945
0;2;80;34.425;72.521;0.0;106.946;106.946
0;2;81;30.692;57.843;0.0;88.535;88.535
0;2;82;26.797;54.898;0.0;81.696;81.696
0;2;83;24.793;43.733;0.0;68.526;68.526
0;2;84;39.713;32.563;0.0;72.276;72.276
0;2;85;33.913;26.54;0.0;60.453;60.453
0;2;86;38.512;131.91;0.0;170.422;170.422
0;2;87;35.792;50.112;0.0;85.904;85.904
0;2;88;43.859;26.25;0.0;70.108;70.108
0;2;89;48.915;0.0;0.0;48.915;48.915
0;2;90;40.415;0.0;0.0;40.415;40.415
0;2;91;55.956;0.0;0.0;55.956;55.956
0;2;92;48.883;139.544;0.0;188.427;188.427
0;2;93;47.563;46.666;0.0;94.229;94.229
0;2;94;41.739;0.0;0.0;41.739;41.739
0;2;95;40.801;103.873;0.0;144.674;144.674
0;2;96;5.457;0.0;0.0;5.457;5.457
0;2;97;9.357;6.562;0.0;15.92;15.92
0;2;98;7.953;78.219;0.0;86.172;86.172
0;2;99;7.874;149.743;0.0;157.617;157.617
0;2;100;8.8;106.0;0.0;114.8;114.8
0;2;101;7.209;0.0;0.0;7.209;7.209
0;2;102;10.806;100.367;0.0;111.173;111.173
0;2;103;21.381;103.143;0.0;124.525;124.525
0;2;104;39.216;96.235;0.0;135.45;135.45
0;2;105;49.73;91.373;0.0;141.103;141.103
0;2;106;44.199;83.094;0.0;127.293;127.293
0;2;107;49.396;75.867;0.0;125.263;125.263
0;2;108;32.691;74.931;0.0;107.621;107.621
0;2;109;30.002;126.965;0.0;156.968;156.968
0;2;110;44.449;0.0;0.0;44.449;44.449
0;2;111;46.057;62.418;0.0;108.475;108.475
0;2;112;42.407;63.03;0.0;105.438;105.438
0;2;113;41.342;66.527;0.0;107.869;107.869
0;2;114;46.59;73.204;0.0;119.794;119.794
0;2;115;56.756;77.263;0.0;134.02;134.02
0;2;116;46.71;80.275;0.0;126.985;126.985
0;2;117;35.382;83.558;0.0;118.939;118.939
0;2;118;52.762;76.219;0.0;128.981;128.981
0;2;119;31.993;151.871;0.0;183.864;183.864
0;2;120;5.794;16.155;0.0;21.95;21.95
0;2;121;7.115;155.279;0.0;162.394;162.394
0;2;122;8.998;33.737;0.0;42.735;42.735
0;2;123;14.292;99.238;0.0;113.531;113.531
0;2;124;8.146;101.864;0.0;110.01;110.01
0;2;125;7.547;103.383;0.0;110.929;110.929
0;2;126;12.151;114.929;0.0;127.079;127.079
0;2;127;23.361;109.94;0.0;133.3;133.3
0;2;128;37.291;102.007;0.0;139.299;139.299
0;2;129;34.935;97.85;0.0;132.785;132.785
0;2;130;37.87;92.168;0.0;130.037;130.037
0;2;131;28.028;83.185;0.0;111.212;111.212
0;2;132;24.831;75.118;0.0;99.948;99.948
0;2;133;30.709;61.401;0.0;92.11;92.11
0;2;134;23.165;140.817;0.0;163.982;163.982
0;2;135;35.786;104.685;0.0;140.471;140.471
0;2;136;39.555;0.0;0.0;39.555;39.555
0;2;137;59.133;36.054;0.0;95.187;95.187
0;2;138;54.216;0.0;0.0;54.216;54.216
0;2;139;54.698;148.467;0.0;203.165;203.165
0;2;140;65.542;75.273;0.0;140.816;140.816
0;2;141;47.593;0.0;0.0;47.593;47.593
0;2;142;64.161;153.575;0.0;217.736;217.736
0;2;143;31.621;0.0;0.0;31.621;31.621
0;2;144;7.292;87.726;0.0;95.018;95.018
0;2;145;7.841;90.462;0.0;98.304;98.304
0;2;146;7.641;94.4;0.0;102.041;102.041
0;2;147;8.324;95.938;0.0;104.263;104.263
0;2;148;10.037;98.373;0.0;108.411;108.411
0;2;149;8.417;98.765;0.0;107.182;107.182
0;2;150;15.832;112.966;0.0;128.798;128.798
0;2;151;30.477;112.055;0.0;142.531;142.531
0;2;152;34.531;100.67;0.0;135.2;135.2
0;2;153;41.256;96.686;0.0;137.941;137.941
0;2;154;45.085;90.999;0.0;136.084;136.084
0;2;155;32.229;85.115;0.0;117.343;117.343
0;2;156;30.222;79.162;0.0;109.383;109.383
0;2;157;34.879;64.784;0.0;99.664;99.664
0;2;158;23.821;57.481;0.0;81.303;81.303
0;2;159;27.318;52.429;0.0;79.747;79.747
0;2;160;36.451;49.875;0.0;86.325;86.325
0;2;161;57.554;48.67;0.0;106.224;106.224
0;2;162;51.751;58.078;0.0;109.83;109.83
0;2;163;55.991;59.783;0.0;115.774;115.774
0;2;164;55.087;60.084;0.0;115.171;115.171
0;2;165;50.906;61.431;0.0;112.336;112.336
0;2;166;43.04;98.497;0.0;141.536;141.536
0;2;167;33.183;142.941;0.0;176.123;176.123
0;3;0;6.358;185.663;0.0;192.021;192.021
0;3;1;10.568;186.093;0.0;196.661;196.661
0;3;2;7.835;184.804;0.0;192.639;192.639
0;3;3;8.21;185.233;0.0;193.443;193.443
0;3;4;8.066;185.663;0.0;193.729;193.729
0;3;5;8.171;188.674;0.0;196.845;196.845
0;3;6;15.507;188.674;5.32;209.501;209.501
0;3;7;28.718;188.244;125.994;342.956;342.956
0;3;8;47.044;186.953;81.751;315.749;315.749
0;3;9;35.036;184.804;76.819;296.658;296.658
0;3;10;34.362;182.655;60.128;277.145;277.145
0;3;11;32.364;180.509;35.886;248.759;248.759
0;3;12;30.212;178.792;32.839;241.843;241.843
0;3;13;26.681;176.648;0.0;203.329;203.329
0;3;14;38.72;167.657;0.0;206.377;206.377
0;3;15;34.908;166.802;0.0;201.71;201.71
0;3;16;38.497;168.94;0.0;207.437;207.437
0;3;17;46.901;172.792;0.0;219.693;219.693
0;3;18;57.796;174.077;0.0;231.873;231.873
0;3;19;56.088;177.934;0.0;234.022;234.022
0;3;20;65.558;179.65;0.0;245.209;245.209
0;3;21;43.265;181.367;0.0;224.632;224.632
0;3;22;53.007;182.655;0.0;235.662;235.662
0;3;23;22.314;184.374;0.0;206.687;206.687
0;3;24;5.597;186.093;0.0;191.69;191.69
0;3;25;10.3;188.674;0.0;198.974;198.974
0;3;26;7.307;188.674;0.0;195.981;195.981
0;3;27;9.902;188.674;0.0;198.576;198.576
0;3;28;7.804;189.535;0.0;197.339;197.339
0;3;29;7.388;189.965;0.0;197.353;197.353
0;3;30;8.45;189.535;0.0;197.984;197.984
0;3;31;40.368;191.257;95.496;327.121;327.121
0;3;32;42.845;189.104;92.131;324.08;324.08
0;3;33;30.501;186.953;92.501;309.956;309.956
0;3;34;28.734;183.514;62.096;274.344;274.344
0;3;35;35.884;182.655;39.42;257.96;257.96
0;3;36;35.27;181.367;34.495;251.133;251.133
0;3;37;30.053;182.655;3.712;216.421;216.421
0;3;38;27.426;182.655;0.0;210.082;210.082
0;3;39;41.878;183.944;0.02;225.843;225.843
0;3;40;39.48;183.514;3.98;226.975;226.975
0;3;41;69.503;184.374;5.06;258.937;258.937
0;3;42;61.555;184.374;39.786;285.714;285.714
0;3;43;66.871;183.514;36.887;287.272;287.272
0;3;44;66.865;182.226;36.07;285.161;285.161
0;3;45;51.459;180.938;43.054;275.451;275.451
0;3;46;41.725;179.65;12.491;233.867;233.867
0;3;47;44.268;177.077;2.857;224.201;224.201
0;3;48;5.744;158.634;0.0;164.378;164.378
0;3;49;9.571;150.365;0.0;159.936;159.936
0;3;50;7.686;145.279;0.0;152.965;152.965
0;3;51;8.014;139.96;0.0;147.974;147.974
0;3;52;7.499;138.906;0.0;146.405;146.405
0;3;53;8.488;137.977;0.0;146.466;146.466
0;3;54;12.456;136.255;0.0;148.711;148.711
0;3;55;28.593;158.1;0.0;186.694;186.694
0;3;56;46.771;161.301;0.0;208.071;208.071
0;3;57;30.568;142.812;0.0;173.38;173.38
0;3;58;32.349;143.324;0.0;175.673;175.673
0;3;59;31.932;137.704;0.0;169.636;169.636
0;3;60;22.784;134.685;0.0;157.468;157.468
0;3;61;28.691;124.932;0.0;153.623;153.623
0;3;62;27.368;117.458;0.0;144.826;144.826
0;3;63;26.686;120.061;0.0;146.747;146.747
0;3;64;48.659;118.518;0.0;167.177;167.177
0;3;65;54.035;162.103;0.0;216.139;216.139
0;3;66;53.328;163.384;0.0;216.712;216.712
0;3;67;53.704;165.52;0.0;219.224;219.224
0;3;68;65.264;141.108;0.0;206.372;206.372
0;3;69;56.365;0.0;0.0;56.365;56.365
0;3;70;45.329;107.782;0.0;153.111;153.111
0;3;71;36.13;134.031;0.0;170.161;170.161
0;3;72;5.644;137.438;0.0;143.082;143.082
0;3;73;9.651;138.545;0.0;148.196;148.196
0;3;74;7.309;141.803;0.0;149.112;149.112
0;3;75;7.227;146.357;0.0;153.584;153.584
0;3;76;7.625;145.658;0.0;153.283;153.283
0;3;77;7.399;146.587;0.0;153.986;153.986
0;3;78;8.237;169.796;0.0;178.032;178.032
0;3;79;11.481;156.218;0.0;167.698;167.698
0;3;80;24.096;171.936;0.0;196.032;196.032
0;3;81;39.448;155.639;0.0;195.087;195.087
0;3;82;37.104;155.78;0.0;192.885;192.885
0;3;83;41.34;154.447;0.0;195.787;195.787
0;3;84;26.451;149.513;0.0;175.964;175.964
0;3;85;28.73;168.94;0.0;197.67;197.67
0;3;86;37.196;159.857;0.0;197.053;197.053
0;3;87;34.284;171.936;0.0;206.22;206.22
0;3;88;35.587;174.077;0.0;209.664;209.664
0;3;89;45.013;174.505;0.0;219.518;219.518
0;3;90;51.259;176.648;0.0;227.907;227.907
0;3;91;50.658;180.079;0.0;230.737;230.737
0;3;92;54.613;168.959;0.0;223.572;223.572
0;3;93;48.381;183.085;0.0;231.466;231.466
0;3;94;52.415;184.804;0.0;237.219;237.219
0;3;95;36.566;185.233;0.0;221.799;221.799
0;3;96;5.775;186.093;0.0;191.868;191.868
0;3;97;9.948;187.813;0.0;197.762;197.762
0;3;98;6.818;188.244;0.0;195.061;195.061
0;3;99;7.548;189.535;0.0;197.083;197.083
0;3;100;8.038;187.813;0.0;195.852;195.852
0;3;101;7.858;185.233;69.961;263.052;263.052
0;3;102;14.42;183.514;135.368;333.302;333.302
0;3;103;24.89;182.655;124.074;331.62;331.62
0;3;104;31.55;179.65;85.558;296.758;296.758
0;3;105;56.054;178.363;60.26;294.677;294.677
0;3;106;50.133;182.655;74.648;307.437;307.437
0;3;107;43.871;183.514;75.596;302.982;302.982
0;3;108;36.212;185.233;87.866;309.311;309.311
0;3;109;30.286;183.514;62.875;276.676;276.676
0;3;110;45.488;182.655;50.108;278.251;278.251
0;3;111;40.889;181.367;48.294;270.551;270.551
0;3;112;41.351;180.509;43.234;265.093;265.093
0;3;113;49.816;180.079;31.033;260.928;260.928
0;3;114;58.292;180.079;62.479;300.851;300.851
0;3;115;63.566;179.65;57.417;300.633;300.633
0;3;116;40.336;178.363;60.776;279.475;279.475
0;3;117;52.878;178.363;51.539;282.78;282.78
0;3;118;60.444;177.934;13.147;251.525;251.525
0;3;119;47.646;178.792;18.421;244.859;244.859
0;3;120;5.703;178.792;36.486;220.982;220.982
0;3;121;9.903;179.65;37.879;227.432;227.432
0;3;122;7.037;182.226;48.252;237.515;237.515
0;3;123;7.346;185.233;61.003;253.582;253.582
0;3;124;7.377;188.674;78.458;274.509;274.509
0;3;125;8.013;191.257;93.907;293.178;293.178
0;3;126;13.568;190.826;132.063;336.457;336.457
0;3;127;37.169;191.257;136.292;364.717;364.717
0;3;128;33.487;189.965;105.086;328.538;328.538
0;3;129;42.075;187.813;98.722;328.611;328.611
0;3;130;31.137;183.514;84.731;299.383;299.383
0;3;131;35.142;182.655;72.172;289.97;289.97
0;3;132;27.049;181.796;73.925;282.771;282.771
0;3;133;34.018;179.65;31.594;245.263;245.263
0;3;134;31.118;180.079;25.115;236.313;236.313
0;3;135;33.751;180.938;23.866;238.555;238.555
0;3;136;35.027;180.079;21.859;236.966;236.966
0;3;137;54.54;182.655;23.614;260.81;260.81
0;3;138;66.762;183.514;56.85;307.126;307.126
0;3;139;55.963;184.804;69.107;309.874;309.874
0;3;140;62.099;186.953;71.05;320.102;320.102
0;3;141;42.334;188.244;77.79;308.368;308.368
0;3;142;44.663;189.535;64.198;298.395;298.395
0;3;143;39.551;190.396;74.158;304.105;304.105
0;3;144;5.452;187.813;85.817;279.083;279.083
0;3;145;12.775;189.965;94.375;297.115;297.115
0;3;146;7.376;189.104;97.712;294.192;294.192
0;3;147;8.622;191.257;109.812;309.691;309.691
0;3;148;7.093;190.396;112.039;309.528;309.528
0;3;149;8.083;190.826;114.778;313.687;313.687
0;3;150;13.817;189.535;157.343;360.694;360.694
0;3;151;22.423;187.813;157.695;367.932;367.932
0;3;152;46.967;186.093;96.659;329.72;329.72
0;3;153;44.77;179.221;72.019;296.011;296.011
0;3;154;28.816;176.219;49.126;254.161;254.161
0;3;155;24.492;171.508;16.764;212.764;212.764
0;3;156;36.098;170.224;7.82;214.141;214.141
0;3;157;29.482;168.94;0.0;198.422;198.422
0;3;158;35.568;171.079;0.0;206.647;206.647
0;3;159;38.376;170.224;0.0;208.599;208.599
0;3;160;50.269;169.368;0.0;219.637;219.637
0;3;161;45.227;168.94;0.0;214.167;214.167
0;3;162;42.325;168.94;0.0;211.266;211.266
0;3;163;51.995;168.94;0.0;220.935;220.935
0;3;164;57.271;167.23;0.0;224.501;224.501
0;3;165;55.925;167.657;0.0;223.582;223.582
0;3;166;52.342;168.085;0.0;220.426;220.426
0;3;167;37.152;169.796;0.0;206.948;206.948
5;0;0;5.441;159.38;0.0;164.821;164.821
5;0;1;7.569;199.019;0.0;206.588;206.588
5;0;2;7.575;194.704;0.0;202.279;202.279
5;0;3;7.682;192.549;0.0;200.232;200.232
5;0;4;7.433;195.567;0.0;202.999;202.999
5;0;5;8.777;199.019;0.0;207.796;207.796
5;0;6;8.799;202.908;0.0;211.707;211.707
5;0;7;23.945;205.07;0.0;229.016;229.016
5;0;8;28.062;205.503;0.0;233.565;233.565
5;0;9;34.716;206.802;16.712;258.229;258.229
5;0;10;43.635;206.802;122.913;373.35;373.35
5;0;11;27.06;202.043;116.99;346.093;346.093
5;0;12;26.952;196.429;90.265;313.646;313.646
5;0;13;29.446;191.688;60.338;281.471;281.471
5;0;14;24.958;188.244;41.653;254.855;254.855
5;0;15;37.252;185.663;54.287;277.202;277.202
5;0;16;42.446;185.663;39.629;267.738;267.738
5;0;17;45.656;186.953;15.424;248.033;248.033
5;0;18;44.483;187.383;23.764;255.63;255.63
5;0;19;54.742;186.523;21.933;263.198;263.198
5;0;20;44.147;186.523;42.95;273.62;273.62
5;0;21;54.243;187.383;36.485;278.111;278.111
5;0;22;52.92;186.523;40.312;279.755;279.755
5;0;23;40.003;188.244;28.117;256.364;256.364
5;0;24;5.5;183.452;0.0;188.953;188.953
5;0;25;13.648;181.644;0.0;195.292;195.292
5;0;26;7.762;184.635;0.0;192.397;192.397
5;0;27;11.201;185.663;0.0;196.865;196.865
5;0;28;8.582;184.374;0.0;192.956;192.956
5;0;29;10.704;182.655;0.0;193.36;193.36
5;0;30;11.694;182.226;0.0;193.92;193.92
5;0;31;25.095;181.796;0.0;206.892;206.892
5;0;32;41.734;176.481;0.0;218.215;218.215
5;0;33;33.09;177.828;0.0;210.918;210.918
5;0;34;35.039;174.304;0.0;209.343;209.343
5;0;35;28.74;167.552;0.0;196.293;196.293
5;0;36;31.043;165.992;0.0;197.035;197.035
5;0;37;26.953;153.424;0.0;180.377;180.377
5;0;38;29.747;149.104;0.0;178.852;178.852
5;0;39;58.153;143.468;0.0;201.621;201.621
5;0;40;50.045;142.396;0.0;192.441;192.441
5;0;41;55.783;175.362;0.0;231.145;231.145
5;0;42;48.996;126.142;0.0;175.138;175.138
5;0;43;47.675;159.475;0.0;207.15;207.15
5;0;44;57.274;162.069;0.0;219.343;219.343
5;0;45;65.014;177.506;0.0;242.519;242.519
5;0;46;46.244;133.397;0.0;179.641;179.641
5;0;47;46.572;153.011;0.0;199.583;199.583
5;0;48;5.851;161.209;0.0;167.059;167.059
5;0;49;10.105;161.602;0.0;171.707;171.707
5;0;50;7.677;178.792;0.0;186.47;186.47
5;0;51;7.246;151.629;0.0;158.875;158.875
5;0;52;8.001;167.393;0.0;175.394;175.394
5;0;53;8.718;163.799;0.0;172.517;172.517
5;0;54;13.673;158.428;0.0;172.102;172.102
5;0;55;31.302;172.364;0.0;203.666;203.666
5;0;56;31.473;172.792;0.0;204.265;204.265
5;0;57;39.338;150.696;0.0;190.034;190.034
5;0;58;45.61;143.603;0.0;189.213;189.213
5;0;59;33.827;136.845;0.0;170.672;170.672
5;0;60;29.735;124.237;0.0;153.972;153.972
5;0;61;28.874;111.524;0.0;140.398;140.398
5;0;62;24.732;106.377;0.0;131.109;131.109
5;0;63;31.158;159.543;0.0;190.701;190.701
5;0;64;51.867;161.249;0.0;213.117;213.117
5;0;65;43.178;0.0;0.0;43.178;43.178
5;0;66;64.565;101.744;0.0;166.309;166.309
5;0;67;63.546;107.264;0.0;170.81;170.81
5;0;68;50.19;164.665;0.0;214.855;214.855
5;0;69;67.815;166.802;0.0;234.617;234.617
5;0;70;56.834;167.657;0.0;224.491;224.491
5;0;71;31.837;134.061;0.0;165.898;165.898
5;0;72;5.566;94.78;0.0;100.347;100.347
5;0;73;9.495;174.505;0.0;184.0;184.0
5;0;74;7.104;144.408;0.0;151.512;151.512
5;0;75;8.441;150.341;0.0;158.782;158.782
5;0;76;7.925;157.89;0.0;165.815;165.815
5;0;77;11.073;164.312;0.0;175.384;175.384
5;0;78;10.221;29.742;0.0;39.964;39.964
5;0;79;19.626;185.663;0.0;205.289;205.289
5;0;80;30.935;188.244;0.0;219.179;219.179
5;0;81;31.116;185.493;0.0;216.608;216.608
5;0;82;43.467;180.633;0.0;224.1;224.1
5;0;83;28.049;174.812;0.0;202.86;202.86
5;0;84;43.839;164.423;0.0;208.262;208.262
5;0;85;29.047;155.179;0.0;184.227;184.227
5;0;86;36.126;141.774;0.0;177.899;177.899
5;0;87;35.896;147.587;0.0;183.483;183.483
5;0;88;43.851;140.631;0.0;184.481;184.481
5;0;89;51.785;131.415;0.0;183.2;183.2
5;0;90;54.905;131.627;0.0;186.532;186.532
5;0;91;50.147;133.988;0.0;184.135;184.135
5;0;92;63.38;138.23;0.0;201.611;201.611
5;0;93;46.014;142.545;0.0;188.558;188.558
5;0;94;45.992;143.416;0.0;189.408;189.408
5;0;95;34.14;134.62;0.0;168.76;168.76
5;0;96;5.693;146.762;0.0;152.455;152.455
5;0;97;15.034;147.358;0.0;162.393;162.393
5;0;98;8.283;146.935;0.0;155.218;155.218
5;0;99;7.806;145.505;0.0;153.311;153.311
5;0;100;8.87;143.812;0.0;152.682;152.682
5;0;101;7.842;143.368;0.0;151.21;151.21
5;0;102;10.832;156.777;0.0;167.609;167.609
5;0;103;25.078;158.015;0.0;183.093;183.093
5;0;104;40.835;146.162;0.0;186.998;186.998
5;0;105;42.057;144.953;0.0;187.01;187.01
5;0;106;57.042;142.139;0.0;199.181;199.181
5;0;107;22.068;133.237;0.0;155.304;155.304
5;0;108;28.015;133.227;0.0;161.242;161.242
5;0;109;29.246;125.433;0.0;154.679;154.679
5;0;110;42.258;123.04;0.0;165.298;165.298
5;0;111;41.793;122.587;0.0;164.38;164.38
5;0;112;51.978;121.439;0.0;173.417;173.417
5;0;113;43.63;164.238;0.0;207.869;207.869
5;0;114;52.394;81.586;0.0;133.98;133.98
5;0;115;65.058;131.116;0.0;196.173;196.173
5;0;116;52.858;130.749;0.0;183.607;183.607
5;0;117;54.297;130.236;0.0;184.533;184.533
5;0;118;40.265;120.891;0.0;161.156;161.156
5;0;119;27.812;118.407;0.0;146.219;146.219
5;0;120;5.672;114.019;0.0;119.69;119.69
5;0;121;9.334;111.535;0.0;120.869;120.869
5;0;122;8.505;105.337;0.0;113.843;113.843
5;0;123;6.683;101.491;0.0;108.174;108.174
5;0;124;7.336;100.296;0.0;107.632;107.632
5;0;125;12.07;96.439;0.0;108.508;108.508
5;0;126;14.959;103.121;0.0;118.08;118.08
5;0;127;26.337;103.033;0.0;129.37;129.37
5;0;128;46.263;89.379;0.0;135.642;135.642
5;0;129;36.536;88.914;0.0;125.451;125.451
5;0;130;35.964;147.616;0.0;183.58;183.58
5;0;131;28.342;147.191;0.0;175.533;175.533
5;0;132;21.608;41.291;0.0;62.898;62.898
5;0;133;30.828;0.0;0.0;30.828;30.828
5;0;134;29.094;154.001;0.0;183.095;183.095
5;0;135;28.23;154.427;0.0;182.656;182.656
5;0;136;41.905;91.385;0.0;133.29;133.29
5;0;137;52.452;89.912;0.0;142.365;142.365
5;0;138;56.458;0.0;0.0;56.458;56.458
5;0;139;66.343;46.557;0.0;112.9;112.9
5;0;140;57.587;107.303;0.0;164.89;164.89
5;0;141;42.015;111.017;0.0;153.032;153.032
5;0;142;43.64;100.654;0.0;144.294;144.294
5;0;143;29.525;103.592;0.0;133.117;133.117
5;0;144;5.785;106.751;0.0;112.535;112.535
5;0;145;10.049;107.123;0.0;117.172;117.172
5;0;146;7.961;110.063;0.0;118.023;118.023
5;0;147;7.564;111.082;0.0;118.646;118.646
5;0;148;7.387;163.384;0.0;170.771;170.771
5;0;149;8.494;66.758;0.0;75.252;75.252
5;0;150;13.465;166.802;0.0;180.267;180.267
5;0;151;29.183;168.085;0.0;197.267;197.267
5;0;152;29.673;62.845;0.0;92.518;92.518
5;0;153;43.043;132.31;0.0;175.354;175.354
5;0;154;51.247;131.714;0.0;182.961;182.961
5;0;155;28.257;126.768;0.0;155.025;155.025
5;0;156;24.689;123.409;0.0;148.098;148.098
5;0;157;35.256;106.1;0.0;141.356;141.356
5;0;158;31.518;95.558;0.0;127.076;127.076
5;0;159;26.218;93.301;0.0;119.519;119.519
5;0;160;38.479;160.823;0.0;199.301;199.301
5;0;161;57.556;31.901;0.0;89.457;89.457
5;0;162;48.835;164.238;0.0;213.073;213.073
5;0;163;54.472;165.947;0.0;220.419;220.419
5;0;164;56.174;0.0;0.0;56.174;56.174
5;0;165;60.401;144.144;0.0;204.545;204.545
5;0;166;61.065;169.368;0.0;230.433;230.433
5;0;167;34.625;170.224;0.0;204.848;204.848
5;1;0;5.556;0.0;0.0;5.556;5.556
5;1;1;7.117;0.0;0.0;7.117;7.117
5;1;2;7.237;0.0;0.0;7.237;7.237
5;1;3;7.476;0.0;0.0;7.476;7.476
5;1;4;9.078;0.0;0.0;9.078;9.078
5;1;5;10.018;0.0;0.0;10.018;10.018
5;1;6;15.769;0.0;0.0;15.769;15.769
5;1;7;19.946;0.0;0.0;19.946;19.946
5;1;8;30.779;0.0;0.0;30.779;30.779
5;1;9;25.437;0.0;0.0;25.437;25.437
5;1;10;30.081;0.0;0.0;30.081;30.081
5;1;11;25.809;0.0;0.0;25.809;25.809
5;1;12;31.581;0.0;0.0;31.581;31.581
5;1;13;30.316;0.0;0.0;30.316;30.316
5;1;14;31.062;0.0;0.0;31.062;31.062
5;1;15;19.449;0.0;0.0;19.449;19.449
5;1;16;34.787;0.0;0.0;34.787;34.787
5;1;17;46.317;0.0;0.0;46.317;46.317
5;1;18;52.142;0.0;0.0;52.142;52.142
5;1;19;47.588;0.0;0.0;47.588;47.588
5;1;20;53.727;0.0;0.0;53.727;53.727
5;1;21;47.005;0.0;0.0;47.005;47.005
5;1;22;52.088;0.0;0.0;52.088;52.088
5;1;23;27.652;0.0;0.0;27.652;27.652
5;1;24;5.537;0.0;0.0;5.537;5.537
5;1;25;7.472;0.0;0.0;7.472;7.472
5;1;26;8.633;0.0;0.0;8.633;8.633
5;1;27;10.279;0.0;0.0;10.279;10.279
5;1;28;11.091;0.0;0.0;11.091;11.091
5;1;29;12.638;5.504;0.0;18.142;18.142
5;1;30;23.045;0.0;0.0;23.045;23.045
5;1;31;27.063;7.628;0.0;34.691;34.691
5;1;32;31.882;2.427;0.0;34.309;34.309
5;1;33;27.509;2.311;0.0;29.82;29.82
5;1;34;46.815;2.083;0.0;48.898;48.898
5;1;35;26.705;2.63;0.0;29.335;29.335
5;1;36;38.463;3.346;0.0;41.809;41.809
5;1;37;32.259;1.798;0.0;34.057;34.057
5;1;38;29.824;1.629;0.0;31.453;31.453
5;1;39;33.636;3.699;0.0;37.335;37.335
5;1;40;31.196;0.0;0.0;31.196;31.196
5;1;41;49.948;49.507;0.0;99.455;99.455
5;1;42;39.862;0.0;0.0;39.862;39.862
5;1;43;38.274;0.0;0.0;38.274;38.274
5;1;44;49.168;0.0;0.0;49.168;49.168
5;1;45;68.166;0.0;0.0;68.166;68.166
5;1;46;55.194;0.0;0.0;55.194;55.194
5;1;47;40.404;0.0;0.0;40.404;40.404
5;1;48;5.587;0.0;0.0;5.587;5.587
5;1;49;8.168;0.0;0.0;8.168;8.168
5;1;50;8.398;0.0;0.0;8.398;8.398
5;1;51;8.393;0.0;0.0;8.393;8.393
5;1;52;7.837;0.0;0.0;7.837;7.837
5;1;53;7.614;0.0;0.0;7.614;7.614
5;1;54;8.712;0.0;0.0;8.712;8.712
5;1;55;14.814;0.0;0.0;14.814;14.814
5;1;56;36.136;0.0;0.0;36.136;36.136
5;1;57;17.35;0.0;0.0;17.35;17.35
5;1;58;39.009;2.551;0.0;41.559;41.559
5;1;59;32.812;2.155;0.0;34.968;34.968
5;1;60;28.284;1.667;0.0;29.951;29.951
5;1;61;29.525;2.027;0.0;31.551;31.551
5;1;62;26.087;2.933;0.0;29.02;29.02
5;1;63;29.249;58.357;0.0;87.606;87.606
5;1;64;29.366;0.0;0.0;29.366;29.366
5;1;65;38.062;0.0;0.0;38.062;38.062
5;1;66;46.726;0.0;0.0;46.726;46.726
5;1;67;60.323;0.0;0.0;60.323;60.323
5;1;68;56.566;0.0;0.0;56.566;56.566
5;1;69;42.631;0.0;0.0;42.631;42.631
5;1;70;56.778;0.0;0.0;56.778;56.778
5;1;71;34.101;0.0;0.0;34.101;34.101
5;1;72;5.584;0.0;0.0;5.584;5.584
5;1;73;7.115;0.0;0.0;7.115;7.115
5;1;74;7.355;0.0;0.0;7.355;7.355
5;1;75;7.517;0.0;0.0;7.517;7.517
5;1;76;7.784;0.0;0.0;7.784;7.784
5;1;77;8.264;0.0;0.0;8.264;8.264
5;1;78;10.001;0.0;0.0;10.001;10.001
5;1;79;10.264;0.0;0.0;10.264;10.264
5;1;80;21.506;0.0;0.0;21.506;21.506
5;1;81;25.746;2.943;0.0;28.688;28.688
5;1;82;30.147;2.528;0.0;32.675;32.675
5;1;83;27.866;2.268;0.0;30.134;30.134
5;1;84;35.503;1.621;0.0;37.124;37.124
5;1;85;33.516;2.279;0.0;35.795;35.795
5;1;86;30.314;2.793;0.0;33.107;33.107
5;1;87;43.778;50.907;0.0;94.685;94.685
5;1;88;36.414;0.0;0.0;36.414;36.414
5;1;89;44.281;0.0;0.0;44.281;44.281
5;1;90;36.865;0.0;0.0;36.865;36.865
5;1;91;39.171;0.0;0.0;39.171;39.171
5;1;92;44.294;0.0;0.0;44.294;44.294
5;1;93;52.993;0.0;0.0;52.993;52.993
5;1;94;45.558;0.0;0.0;45.558;45.558
5;1;95;37.013;0.0;0.0;37.013;37.013
5;1;96;6.429;0.0;0.0;6.429;6.429
5;1;97;11.26;0.0;0.0;11.26;11.26
5;1;98;8.052;0.0;0.0;8.052;8.052
5;1;99;7.537;0.0;0.0;7.537;7.537
5;1;100;11.67;0.0;0.0;11.67;11.67
5;1;101;7.071;0.0;0.0;7.071;7.071
5;1;102;7.011;0.0;0.0;7.011;7.011
5;1;103;19.04;0.0;0.0;19.04;19.04
5;1;104;29.159;0.0;0.0;29.159;29.159
5;1;105;52.01;2.696;0.0;54.706;54.706
5;1;106;39.401;2.709;0.0;42.11;42.11
5;1;107;40.913;2.521;0.0;43.433;43.433
5;1;108;30.92;3.832;0.0;34.753;34.753
5;1;109;35.889;1.967;0.0;37.856;37.856
5;1;110;36.168;2.081;0.0;38.248;38.248
5;1;111;32.119;2.411;0.0;34.53;34.53
5;1;112;37.604;2.442;0.0;40.046;40.046
5;1;113;44.946;43.209;0.0;88.155;88.155
5;1;114;40.143;0.0;0.0;40.143;40.143
5;1;115;47.535;0.0;0.0;47.535;47.535
5;1;116;61.584;0.0;0.0;61.584;61.584
5;1;117;56.475;0.0;0.0;56.475;56.475
5;1;118;59.879;0.0;0.0;59.879;59.879
5;1;119;43.986;0.0;0.0;43.986;43.986
5;1;120;5.884;0.0;0.0;5.884;5.884
5;1;121;9.468;0.0;0.0;9.468;9.468
5;1;122;7.254;0.0;0.0;7.254;7.254
5;1;123;9.122;0.0;0.0;9.122;9.122
5;1;124;8.57;0.0;0.0;8.57;8.57
5;1;125;6.571;0.0;0.0;6.571;6.571
5;1;126;16.541;0.0;0.0;16.541;16.541
5;1;127;33.247;0.0;0.0;33.247;33.247
5;1;128;32.813;0.0;0.0;32.813;32.813
5;1;129;31.145;2.582;0.0;33.726;33.726
5;1;130;24.17;2.789;0.0;26.959;26.959
5;1;131;34.843;2.555;0.0;37.397;37.397
5;1;132;30.927;4.265;0.0;35.191;35.191
5;1;133;32.938;1.983;0.0;34.921;34.921
5;1;134;27.08;2.175;0.0;29.255;29.255
5;1;135;28.82;2.093;0.0;30.912;30.912
5;1;136;59.928;1.413;0.0;61.34;61.34
5;1;137;39.237;39.287;0.0;78.524;78.524
5;1;138;54.516;0.0;0.0;54.516;54.516
5;1;139;59.02;0.0;0.0;59.02;59.02
5;1;140;56.771;0.0;0.0;56.771;56.771
5;1;141;49.109;0.0;0.0;49.109;49.109
5;1;142;69.681;0.0;0.0;69.681;69.681
5;1;143;40.935;0.0;0.0;40.935;40.935
5;1;144;5.524;0.0;0.0;5.524;5.524
5;1;145;10.374;0.0;0.0;10.374;10.374
5;1;146;7.616;0.0;0.0;7.616;7.616
5;1;147;8.356;0.0;0.0;8.356;8.356
5;1;148;7.122;0.0;0.0;7.122;7.122
5;1;149;8.113;0.0;0.0;8.113;8.113
5;1;150;9.078;0.0;0.0;9.078;9.078
5;1;151;22.761;0.0;0.0;22.761;22.761
5;1;152;27.679;0.0;0.0;27.679;27.679
5;1;153;31.32;2.778;0.0;34.098;34.098
5;1;154;26.432;2.907;0.0;29.339;29.339
5;1;155;26.688;1.683;0.0;28.37;28.37
5;1;156;30.138;3.733;0.0;33.871;33.871
5;1;157;26.009;2.009;0.0;28.019;28.019
5;1;158;40.623;1.642;0.0;42.265;42.265
5;1;159;30.38;92.496;0.0;122.876;122.876
5;1;160;35.677;0.0;0.0;35.677;35.677
5;1;161;48.145;5.076;0.0;53.221;53.221
5;1;162;52.467;5.209;0.0;57.676;57.676
5;1;163;40.077;0.0;0.0;40.077;40.077
5;1;164;56.85;0.0;0.0;56.85;56.85
5;1;165;58.103;0.0;0.0;58.103;58.103
5;1;166;54.126;0.0;0.0;54.126;54.126
5;1;167;52.475;0.0;0.0;52.475;52.475
5;2;0;5.806;0.0;0.0;5.806;5.806
5;2;1;9.661;0.0;0.0;9.661;9.661
5;2;2;7.807;142.941;0.0;150.747;150.747
5;2;3;8.566;0.0;0.0;8.566;8.566
5;2;4;12.599;31.963;0.0;44.562;44.562
5;2;5;8.509;147.191;0.0;155.7;155.7
5;2;6;14.196;0.0;0.0;14.196;14.196
5;2;7;26.663;71.858;0.0;98.522;98.522
5;2;8;36.299;0.0;0.0;36.299;36.299
5;2;9;26.12;71.444;0.0;97.564;97.564
5;2;10;36.185;65.254;0.0;101.439;101.439
5;2;11;34.641;54.635;0.0;89.277;89.277
5;2;12;32.994;44.459;0.0;77.453;77.453
5;2;13;37.06;31.638;0.0;68.697;68.697
5;2;14;26.823;28.963;0.0;55.787;55.787
5;2;15;23.713;44.362;0.0;68.075;68.075
5;2;16;57.119;137.846;0.0;194.966;194.966
5;2;17;37.756;27.959;0.0;65.715;65.715
5;2;18;48.618;0.0;0.0;48.618;48.618
5;2;19;51.007;88.894;0.0;139.901;139.901
5;2;20;47.749;54.461;0.0;102.21;102.21
5;2;21;50.533;0.0;0.0;50.533;50.533
5;2;22;73.602;118.988;0.0;192.59;192.59
5;2;23;41.288;67.641;0.0;108.929;108.929
5;2;24;5.854;0.0;0.0;5.854;5.854
5;2;25;7.817;6.776;0.0;14.593;14.593
5;2;26;7.99;162.103;0.0;170.093;170.093
5;2;27;9.406;19.451;0.0;28.857;28.857
5;2;28;7.555;163.811;0.0;171.366;171.366
5;2;29;10.651;37.939;0.0;48.59;48.59
5;2;30;17.551;116.157;0.0;133.708;133.708
5;2;31;26.853;120.852;0.0;147.704;147.704
5;2;32;38.424;117.2;0.0;155.624;155.624
5;2;33;38.488;108.332;0.0;146.819;146.819
5;2;34;42.074;93.049;0.0;135.123;135.123
5;2;35;26.878;80.29;0.0;107.169;107.169
5;2;36;38.892;60.409;0.0;99.301;99.301
5;2;37;25.016;45.035;0.0;70.051;70.051
5;2;38;34.416;32.947;0.0;67.362;67.362
5;2;39;34.566;26.292;0.0;60.858;60.858
5;2;40;35.387;126.673;0.0;162.059;162.059
5;2;41;45.357;38.984;0.0;84.34;84.34
5;2;42;50.058;32.405;0.0;82.463;82.463
5;2;43;55.415;37.272;0.0;92.687;92.687
5;2;44;69.777;41.165;0.0;110.941;110.941
5;2;45;45.448;45.093;0.0;90.542;90.542
5;2;46;54.373;0.0;0.0;54.373;54.373
5;2;47;31.334;45.577;0.0;76.911;76.911
5;2;48;5.902;0.0;0.0;5.902;5.902
5;2;49;10.52;0.0;0.0;10.52;10.52
5;2;50;6.83;50.272;0.0;57.102;57.102
5;2;51;7.443;53.125;0.0;60.568;60.568
5;2;52;7.155;53.732;0.0;60.887;60.887
5;2;53;9.966;55.267;0.0;65.234;65.234
5;2;54;14.209;51.949;0.0;66.158;66.158
5;2;55;23.793;60.4;0.0;84.194;84.194
5;2;56;53.032;58.792;0.0;111.824;111.824
5;2;57;40.997;46.094;0.0;87.09;87.09
5;2;58;31.269;42.213;0.0;73.482;73.482
5;2;59;35.193;37.769;0.0;72.962;72.962
5;2;60;19.302;32.911;0.0;52.212;52.212
5;2;61;25.744;26.731;0.0;52.475;52.475
5;2;62;30.948;21.986;0.0;52.934;52.934
5;2;63;36.475;24.291;0.0;60.766;60.766
5;2;64;44.961;30.966;0.0;75.928;75.928
5;2;65;48.003;130.216;0.0;178.218;178.218
5;2;66;43.641;0.0;0.0;43.641;43.641
5;2;67;60.059;44.024;0.0;104.082;104.082
5;2;68;53.821;0.0;0.0;53.821;53.821
5;2;69;61.468;33.906;0.0;95.373;95.373
5;2;70;49.145;0.0;0.0;49.145;49.145
5;2;71;50.233;0.0;0.0;50.233;50.233
5;2;72;5.761;0.0;0.0;5.761;5.761
5;2;73;13.087;41.089;0.0;54.176;54.176
5;2;74;8.188;42.853;0.0;51.04;51.04
5;2;75;8.285;44.105;0.0;52.39;52.39
5;2;76;8.54;45.154;0.0;53.694;53.694
5;2;77;7.499;47.106;0.0;54.605;54.605
5;2;78;12.784;48.393;0.0;61.177;61.177
5;2;79;14.522;63.839;0.0;78.361;78.361
5;2;80;34.425;64.821;0.0;99.245;99.245
5;2;81;30.692;51.701;0.0;82.393;82.393
5;2;82;26.797;49.069;0.0;75.866;75.866
5;2;83;24.793;39.089;0.0;63.882;63.882
5;2;84;39.713;29.106;0.0;68.818;68.818
5;2;85;33.913;23.721;0.0;57.635;57.635
5;2;86;38.512;131.91;0.0;170.422;170.422
5;2;87;35.792;44.457;0.0;80.249;80.249
5;2;88;43.859;9.215;0.0;53.074;53.074
5;2;89;48.915;0.0;0.0;48.915;48.915
5;2;90;40.415;0.0;0.0;40.415;40.415
5;2;91;55.956;0.0;0.0;55.956;55.956
5;2;92;48.883;139.544;0.0;188.427;188.427
5;2;93;47.563;41.857;0.0;89.42;89.42
5;2;94;41.739;0.0;0.0;41.739;41.739
5;2;95;40.801;84.075;0.0;124.875;124.875
5;2;96;5.457;0.0;0.0;5.457;5.457
5;2;97;9.357;0.0;0.0;9.357;9.357
5;2;98;7.953;69.914;0.0;77.867;77.867
5;2;99;7.874;149.743;0.0;157.617;157.617
5;2;100;8.8;78.825;0.0;87.625;87.625
5;2;101;7.209;0.0;0.0;7.209;7.209
5;2;102;10.806;89.71;0.0;100.516;100.516
5;2;103;21.381;92.191;0.0;113.573;113.573
5;2;104;39.216;86.016;0.0;125.232;125.232
5;2;105;49.73;81.671;0.0;131.401;131.401
5;2;106;44.199;74.271;0.0;118.47;118.47
5;2;107;49.396;67.812;0.0;117.208;117.208
5;2;108;32.691;66.975;0.0;99.665;99.665
5;2;109;30.002;113.484;0.0;143.486;143.486
5;2;110;44.449;0.0;0.0;44.449;44.449
5;2;111;46.057;55.79;0.0;101.847;101.847
5;2;112;42.407;56.338;0.0;98.745;98.745
5;2;113;41.342;59.463;0.0;100.805;100.805
5;2;114;46.59;65.431;0.0;112.021;112.021
5;2;115;56.756;69.059;0.0;125.816;125.816
5;2;116;46.71;71.751;0.0;118.461;118.461
5;2;117;35.382;74.685;0.0;110.067;110.067
5;2;118;52.762;68.126;0.0;120.888;120.888
5;2;119;31.993;151.871;0.0;183.864;183.864
5;2;120;5.794;0.0;0.0;5.794;5.794
5;2;121;7.115;155.279;0.0;162.394;162.394
5;2;122;8.998;11.905;0.0;20.903;20.903
5;2;123;14.292;88.701;0.0;102.993;102.993
5;2;124;8.146;91.048;0.0;99.194;99.194
5;2;125;7.547;92.405;0.0;99.952;99.952
5;2;126;12.151;102.725;0.0;114.876;114.876
5;2;127;23.361;98.266;0.0;121.627;121.627
5;2;128;37.291;91.176;0.0;128.467;128.467
5;2;129;34.935;87.46;0.0;122.395;122.395
5;2;130;37.87;82.381;0.0;120.251;120.251
5;2;131;28.028;74.352;0.0;102.379;102.379
5;2;132;24.831;67.142;0.0;91.972;91.972
5;2;133;30.709;54.881;0.0;85.59;85.59
5;2;134;23.165;140.817;0.0;163.982;163.982
5;2;135;35.786;93.212;0.0;128.998;128.998
5;2;136;39.555;0.0;0.0;39.555;39.555
5;2;137;59.133;17.464;0.0;76.597;76.597
5;2;138;54.216;0.0;0.0;54.216;54.216
5;2;139;54.698;148.467;0.0;203.165;203.165
5;2;140;65.542;48.781;0.0;114.324;114.324
5;2;141;47.593;0.0;0.0;47.593;47.593
5;2;142;64.161;139.935;0.0;204.097;204.097
5;2;143;31.621;0.0;0.0;31.621;31.621
5;2;144;7.292;78.411;0.0;85.703;85.703
5;2;145;7.841;80.857;0.0;88.698;88.698
5;2;146;7.641;84.376;0.0;92.017;92.017
5;2;147;8.324;85.752;0.0;94.076;94.076
5;2;148;10.037;87.928;0.0;97.965;97.965
5;2;149;8.417;88.278;0.0;96.695;96.695
5;2;150;15.832;100.971;0.0;116.803;116.803
5;2;151;30.477;100.157;0.0;130.633;130.633
5;2;152;34.531;89.98;0.0;124.511;124.511
5;2;153;41.256;86.419;0.0;127.675;127.675
5;2;154;45.085;81.337;0.0;126.421;126.421
5;2;155;32.229;76.077;0.0;108.306;108.306
5;2;156;30.222;70.756;0.0;100.978;100.978
5;2;157;34.879;57.905;0.0;92.785;92.785
5;2;158;23.821;51.378;0.0;75.199;75.199
5;2;159;27.318;46.862;0.0;74.18;74.18
5;2;160;36.451;44.579;0.0;81.029;81.029
5;2;161;57.554;43.502;0.0;101.056;101.056
5;2;162;51.751;51.912;0.0;103.663;103.663
5;2;163;55.991;53.436;0.0;109.426;109.426
5;2;164;55.087;53.704;0.0;108.791;108.791
5;2;165;50.906;54.908;0.0;105.813;105.813
5;2;166;43.04;69.667;0.0;112.707;112.707
5;2;167;33.183;142.941;0.0;176.123;176.123
5;3;0;6.358;79.661;0.0;86.019;86.019
5;3;1;10.568;186.093;0.0;196.661;196.661
5;3;2;7.835;184.804;0.0;192.639;192.639
5;3;3;8.21;185.233;0.0;193.443;193.443
5;3;4;8.066;185.663;0.0;193.729;193.729
5;3;5;8.171;188.674;0.0;196.845;196.845
5;3;6;15.507;188.674;0.0;204.181;204.181
5;3;7;28.718;188.244;0.0;216.962;216.962
5;3;8;47.044;186.953;0.0;233.998;233.998
5;3;9;35.036;184.804;0.0;219.84;219.84
5;3;10;34.362;181.463;0.0;215.826;215.826
5;3;11;32.364;172.078;0.0;204.442;204.442
5;3;12;30.212;169.539;0.0;199.751;199.751
5;3;13;26.681;152.984;0.0;179.665;179.665
5;3;14;38.72;167.657;0.0;206.377;206.377
5;3;15;34.908;166.802;0.0;201.71;201.71
5;3;16;38.497;168.94;0.0;207.437;207.437
5;3;17;46.901;129.697;0.0;176.598;176.598
5;3;18;57.796;174.077;0.0;231.873;231.873
5;3;19;56.088;0.0;0.0;56.088;56.088
5;3;20;65.558;130.489;0.0;196.047;196.047
5;3;21;43.265;159.95;0.0;203.214;203.214
5;3;22;53.007;182.655;0.0;235.662;235.662
5;3;23;22.314;184.374;0.0;206.687;206.687
5;3;24;5.597;186.093;0.0;191.69;191.69
5;3;25;10.3;183.511;0.0;193.811;193.811
5;3;26;7.307;188.674;0.0;195.981;195.981
5;3;27;9.902;188.674;0.0;198.576;198.576
5;3;28;7.804;189.535;0.0;197.339;197.339
5;3;29;7.388;189.965;0.0;197.353;197.353
5;3;30;8.45;189.535;0.0;197.984;197.984
5;3;31;40.368;191.257;0.0;231.625;231.625
5;3;32;42.845;189.104;0.0;231.949;231.949
5;3;33;30.501;186.953;0.0;217.455;217.455
5;3;34;28.734;182.916;0.0;211.65;211.65
5;3;35;35.884;175.195;0.0;211.079;211.079
5;3;36;35.27;172.479;0.0;207.749;207.749
5;3;37;30.053;164.385;0.0;194.438;194.438
5;3;38;27.426;162.234;0.0;189.66;189.66
5;3;39;41.878;165.443;0.0;207.321;207.321
5;3;40;39.48;165.239;0.0;204.719;204.719
5;3;41;69.503;166.343;0.0;235.846;235.846
5;3;42;61.555;176.954;0.0;238.509;238.509
5;3;43;66.871;175.248;0.0;242.119;242.119
5;3;44;66.865;173.771;0.0;240.636;240.636
5;3;45;51.459;174.637;0.0;226.096;226.096
5;3;46;41.725;164.294;0.0;206.019;206.019
5;3;47;44.268;159.113;0.0;203.38;203.38
5;3;48;5.744;141.79;0.0;147.534;147.534
5;3;49;9.571;134.399;0.0;143.97;143.97
5;3;50;7.686;129.853;0.0;137.539;137.539
5;3;51;8.014;125.099;0.0;133.112;133.112
5;3;52;7.499;124.157;0.0;131.656;131.656
5;3;53;8.488;123.327;0.0;131.815;131.815
5;3;54;12.456;121.787;0.0;134.243;134.243
5;3;55;28.593;141.313;0.0;169.906;169.906
5;3;56;46.771;144.173;0.0;190.944;190.944
5;3;57;30.568;127.648;0.0;158.216;158.216
5;3;58;32.349;128.106;0.0;160.454;160.454
5;3;59;31.932;123.082;0.0;155.014;155.014
5;3;60;22.784;120.384;0.0;143.167;143.167
5;3;61;28.691;111.667;0.0;140.358;140.358
5;3;62;27.368;104.986;0.0;132.354;132.354
5;3;63;26.686;107.313;0.0;133.998;133.998
5;3;64;48.659;105.934;0.0;154.593;154.593
5;3;65;54.035;162.103;0.0;216.139;216.139
5;3;66;53.328;163.384;0.0;216.712;216.712
5;3;67;53.704;141.901;0.0;195.606;195.606
5;3;68;65.264;114.698;0.0;179.962;179.962
5;3;69;56.365;0.0;0.0;56.365;56.365
5;3;70;45.329;79.088;0.0;124.417;124.417
5;3;71;36.13;119.799;0.0;155.929;155.929
5;3;72;5.644;122.845;0.0;128.489;128.489
5;3;73;9.651;123.834;0.0;133.485;133.485
5;3;74;7.309;126.747;0.0;134.055;134.055
5;3;75;7.227;130.816;0.0;138.043;138.043
5;3;76;7.625;130.192;0.0;137.817;137.817
5;3;77;7.399;131.022;0.0;138.421;138.421
5;3;78;8.237;169.796;0.0;178.032;178.032
5;3;79;11.481;119.06;0.0;130.541;130.541
5;3;80;24.096;156.15;0.0;180.246;180.246
5;3;81;39.448;139.113;0.0;178.561;178.561
5;3;82;37.104;139.239;0.0;176.343;176.343
5;3;83;41.34;138.047;0.0;179.388;179.388
5;3;84;26.451;133.637;0.0;160.089;160.089
5;3;85;28.73;168.94;0.0;197.67;197.67
5;3;86;37.196;86.646;0.0;123.843;123.843
5;3;87;34.284;171.936;0.0;206.22;206.22
5;3;88;35.587;172.47;0.0;208.057;208.057
5;3;89;45.013;174.505;0.0;219.518;219.518
5;3;90;51.259;176.648;0.0;227.907;227.907
5;3;91;50.658;144.61;0.0;195.268;195.268
5;3;92;54.613;92.551;0.0;147.163;147.163
5;3;93;48.381;183.085;0.0;231.466;231.466
5;3;94;52.415;184.804;0.0;237.219;237.219
5;3;95;36.566;185.233;0.0;221.799;221.799
5;3;96;5.775;186.093;0.0;191.868;191.868
5;3;97;9.948;187.813;0.0;197.762;197.762
5;3;98;6.818;188.244;0.0;195.061;195.061
5;3;99;7.548;189.535;0.0;197.083;197.083
5;3;100;8.038;187.813;0.0;195.852;195.852
5;3;101;7.858;185.233;0.0;193.091;193.091
5;3;102;14.42;183.514;0.0;197.934;197.934
5;3;103;24.89;182.655;0.0;207.545;207.545
5;3;104;31.55;179.65;0.0;211.201;211.201
5;3;105;56.054;178.363;0.0;234.417;234.417
5;3;106;50.133;182.655;0.0;232.789;232.789
5;3;107;43.871;183.514;0.0;227.386;227.386
5;3;108;36.212;185.233;0.0;221.445;221.445
5;3;109;30.286;183.514;0.0;213.801;213.801
5;3;110;45.488;182.655;0.0;228.144;228.144
5;3;111;40.889;181.367;0.0;222.256;222.256
5;3;112;41.351;180.509;0.0;221.859;221.859
5;3;113;49.816;180.079;0.0;229.895;229.895
5;3;114;58.292;180.079;0.0;238.372;238.372
5;3;115;63.566;179.65;0.0;243.217;243.217
5;3;116;40.336;178.363;0.0;218.7;218.7
5;3;117;52.878;178.363;0.0;231.241;231.241
5;3;118;60.444;177.934;0.0;238.378;238.378
5;3;119;47.646;178.792;0.0;226.439;226.439
5;3;120;5.703;178.792;0.0;184.495;184.495
5;3;121;9.903;179.65;0.0;189.553;189.553
5;3;122;7.037;182.226;0.0;189.263;189.263
5;3;123;7.346;185.233;0.0;192.579;192.579
5;3;124;7.377;188.674;0.0;196.051;196.051
5;3;125;8.013;191.257;0.0;199.27;199.27
5;3;126;13.568;190.826;0.0;204.394;204.394
5;3;127;37.169;191.257;0.0;228.426;228.426
5;3;128;33.487;189.965;0.0;223.452;223.452
5;3;129;42.075;187.813;0.0;229.889;229.889
5;3;130;31.137;183.514;0.0;214.652;214.652
5;3;131;35.142;182.655;0.0;217.798;217.798
5;3;132;27.049;181.796;0.0;208.846;208.846
5;3;133;34.018;179.65;0.0;213.669;213.669
5;3;134;31.118;180.079;0.0;211.198;211.198
5;3;135;33.751;180.938;0.0;214.688;214.688
5;3;136;35.027;180.079;0.0;215.107;215.107
5;3;137;54.54;182.655;0.0;237.196;237.196
5;3;138;66.762;183.514;0.0;250.276;250.276
5;3;139;55.963;184.804;0.0;240.766;240.766
5;3;140;62.099;186.953;0.0;249.052;249.052
5;3;141;42.334;188.244;0.0;230.578;230.578
5;3;142;44.663;189.535;0.0;234.197;234.197
5;3;143;39.551;190.396;0.0;229.946;229.946
5;3;144;5.452;187.813;0.0;193.266;193.266
5;3;145;12.775;189.965;0.0;202.741;202.741
5;3;146;7.376;189.104;0.0;196.48;196.48
5;3;147;8.622;191.257;0.0;199.879;199.879
5;3;148;7.093;190.396;0.0;197.489;197.489
5;3;149;8.083;190.826;19.225;218.134;218.134
5;3;150;13.817;189.535;83.374;286.725;286.725
5;3;151;22.423;187.813;83.688;293.925;293.925
5;3;152;46.967;186.093;29.133;262.194;262.194
5;3;153;44.77;179.221;7.11;231.101;231.101
5;3;154;28.816;171.856;0.0;200.672;200.672
5;3;155;24.492;158.062;0.0;182.554;182.554
5;3;156;36.098;154.355;0.0;190.453;190.453
5;3;157;29.482;168.94;0.0;198.422;198.422
5;3;158;35.568;116.925;0.0;152.493;152.493
5;3;159;38.376;140.478;0.0;178.853;178.853
5;3;160;50.269;137.24;0.0;187.509;187.509
5;3;161;45.227;135.81;0.0;181.037;181.037
5;3;162;42.325;143.155;0.0;185.48;185.48
5;3;163;51.995;142.018;0.0;194.012;194.012
5;3;164;57.271;163.388;0.0;220.659;220.659
5;3;165;55.925;167.657;0.0;223.582;223.582
5;3;166;52.342;168.085;0.0;220.426;220.426
5;3;167;37.152;169.796;0.0;206.948;206.948
10;0;0;5.441;55.294;0.0;60.735;60.735
10;0;1;7.569;199.019;0.0;206.588;206.588
10;0;2;7.575;194.704;0.0;202.279;202.279
10;0;3;7.682;192.549;0.0;200.232;200.232
10;0;4;7.433;195.567;0.0;202.999;202.999
10;0;5;8.777;199.019;0.0;207.796;207.796
10;0;6;8.799;202.908;0.0;211.707;211.707
10;0;7;23.945;205.07;0.0;229.016;229.016
10;0;8;28.062;205.503;0.0;233.565;233.565
10;0;9;34.716;206.802;0.0;241.517;241.517
10;0;10;43.635;206.802;0.0;250.437;250.437
10;0;11;27.06;202.043;0.0;229.103;229.103
10;0;12;26.952;196.429;0.0;223.381;223.381
10;0;13;29.446;191.688;0.0;221.133;221.133
10;0;14;24.958;188.11;0.0;213.069;213.069
10;0;15;37.252;185.663;0.0;222.915;222.915
10;0;16;42.446;182.952;0.0;225.398;225.398
10;0;17;45.656;176.52;0.0;222.176;222.176
10;0;18;44.483;179.587;0.0;224.069;224.069
10;0;19;54.742;178.181;0.0;232.923;232.923
10;0;20;44.147;184.853;0.0;229.001;229.001
10;0;21;54.243;183.644;0.0;237.887;237.887
10;0;22;52.92;184.016;0.0;236.936;236.936
10;0;23;40.003;181.806;0.0;221.809;221.809
10;0;24;5.5;168.399;0.0;173.899;173.899
10;0;25;13.648;166.738;0.0;180.386;180.386
10;0;26;7.762;168.061;0.0;175.823;175.823
10;0;27;11.201;166.817;0.0;178.018;178.018
10;0;28;8.582;165.924;0.0;174.506;174.506
10;0;29;10.704;163.416;0.0;174.121;174.121
10;0;30;11.694;173.063;0.0;184.757;184.757
10;0;31;25.095;173.199;0.0;198.294;198.294
10;0;32;41.734;162.0;0.0;203.734;203.734
10;0;33;33.09;163.236;0.0;196.325;196.325
10;0;34;35.039;160.001;0.0;195.04;195.04
10;0;35;28.74;153.803;0.0;182.543;182.543
10;0;36;31.043;152.371;0.0;183.414;183.414
10;0;37;26.953;140.834;0.0;167.787;167.787
10;0;38;29.747;136.869;0.0;166.616;166.616
10;0;39;58.153;131.695;0.0;189.848;189.848
10;0;40;50.045;130.712;0.0;180.756;180.756
10;0;41;55.783;175.362;0.0;231.145;231.145
10;0;42;48.996;101.371;0.0;150.367;150.367
10;0;43;47.675;146.389;0.0;194.063;194.063
10;0;44;57.274;148.77;0.0;206.044;206.044
10;0;45;65.014;177.506;0.0;242.519;242.519
10;0;46;46.244;107.856;0.0;154.101;154.101
10;0;47;46.572;140.455;0.0;187.027;187.027
10;0;48;5.851;147.98;0.0;153.831;153.831
10;0;49;10.105;148.341;0.0;158.446;158.446
10;0;50;7.677;178.792;0.0;186.47;186.47
10;0;51;7.246;124.453;0.0;131.699;131.699
10;0;52;8.001;153.657;0.0;161.658;161.658
10;0;53;8.718;150.358;0.0;159.075;159.075
10;0;54;13.673;145.32;0.0;158.994;158.994
10;0;55;31.302;157.285;0.0;188.587;188.587
10;0;56;31.473;159.644;0.0;191.117;191.117
10;0;57;39.338;138.33;0.0;177.668;177.668
10;0;58;45.61;131.819;0.0;177.429;177.429
10;0;59;33.827;125.616;0.0;159.443;159.443
10;0;60;29.735;114.042;0.0;143.777;143.777
10;0;61;28.874;102.372;0.0;131.246;131.246
10;0;62;24.732;97.648;0.0;122.38;122.38
10;0;63;31.158;159.543;0.0;190.701;190.701
10;0;64;51.867;161.249;0.0;213.117;213.117
10;0;65;43.178;0.0;0.0;43.178;43.178
10;0;66;64.565;66.973;0.0;131.537;131.537
10;0;67;63.546;98.462;0.0;162.008;162.008
10;0;68;50.19;164.665;0.0;214.855;214.855
10;0;69;67.815;149.247;0.0;217.062;217.062
10;0;70;56.834;167.657;0.0;224.491;224.491
10;0;71;31.837;113.021;0.0;144.858;144.858
10;0;72;5.566;72.956;0.0;78.522;78.522
10;0;73;9.495;174.505;0.0;184.0;184.0
10;0;74;7.104;132.699;0.0;139.802;139.802
10;0;75;8.441;138.146;0.0;146.587;146.587
10;0;76;7.925;145.078;0.0;153.003;153.003
10;0;77;11.073;132.731;0.0;143.804;143.804
10;0;78;10.221;0.0;0.0;10.221;10.221
10;0;79;19.626;185.663;0.0;205.289;205.289
10;0;80;30.935;188.244;0.0;219.179;219.179
10;0;81;31.116;170.271;0.0;201.387;201.387
10;0;82;43.467;165.811;0.0;209.278;209.278
10;0;83;28.049;160.467;0.0;188.516;188.516
10;0;84;43.839;150.931;0.0;194.769;194.769
10;0;85;29.047;142.445;0.0;171.493;171.493
10;0;86;36.126;130.14;0.0;166.266;166.266
10;0;87;35.896;135.476;0.0;171.372;171.372
10;0;88;43.851;129.091;0.0;172.941;172.941
10;0;89;51.785;120.631;0.0;172.416;172.416
10;0;90;54.905;120.826;0.0;175.731;175.731
10;0;91;50.147;122.993;0.0;173.14;173.14
10;0;92;63.38;126.887;0.0;190.268;190.268
10;0;93;46.014;130.848;0.0;176.861;176.861
10;0;94;45.992;131.647;0.0;177.639;177.639
10;0;95;34.14;123.573;0.0;157.713;157.713
10;0;96;5.693;134.719;0.0;140.412;140.412
10;0;97;15.034;135.266;0.0;150.301;150.301
10;0;98;8.283;134.878;0.0;143.161;143.161
10;0;99;7.806;133.565;0.0;141.371;141.371
10;0;100;8.87;132.011;0.0;140.881;140.881
10;0;101;7.842;131.603;0.0;139.445;139.445
10;0;102;10.832;143.912;0.0;154.744;154.744
10;0;103;25.078;145.049;0.0;170.127;170.127
10;0;104;40.835;134.168;0.0;175.004;175.004
10;0;105;42.057;133.058;0.0;175.115;175.115
10;0;106;57.042;130.476;0.0;187.518;187.518
10;0;107;22.068;122.304;0.0;144.371;144.371
10;0;108;28.015;122.295;0.0;150.31;150.31
10;0;109;29.246;115.14;0.0;144.386;144.386
10;0;110;42.258;112.944;0.0;155.202;155.202
10;0;111;41.793;112.528;0.0;154.321;154.321
10;0;112;51.978;111.473;0.0;163.452;163.452
10;0;113;43.63;164.238;0.0;207.869;207.869
10;0;114;52.394;61.375;0.0;113.769;113.769
10;0;115;65.058;120.357;0.0;185.414;185.414
10;0;116;52.858;120.02;0.0;172.878;172.878
10;0;117;54.297;119.549;0.0;173.846;173.846
10;0;118;40.265;110.971;0.0;151.236;151.236
10;0;119;27.812;108.691;0.0;136.503;136.503
10;0;120;5.672;104.662;0.0;110.334;110.334
10;0;121;9.334;102.382;0.0;111.716;111.716
10;0;122;8.505;96.694;0.0;105.199;105.199
10;0;123;6.683;93.163;0.0;99.846;99.846
10;0;124;7.336;92.066;0.0;99.402;99.402
10;0;125;12.07;88.525;0.0;100.595;100.595
10;0;126;14.959;94.659;0.0;109.618;109.618
10;0;127;26.337;94.579;0.0;120.915;120.915
10;0;128;46.263;82.045;0.0;128.307;128.307
10;0;129;36.536;81.618;0.0;118.155;118.155
10;0;130;35.964;146.69;0.0;182.653;182.653
10;0;131;28.342;147.191;0.0;175.533;175.533
10;0;132;21.608;14.152;0.0;35.76;35.76
10;0;133;30.828;0.0;0.0;30.828;30.828
10;0;134;29.094;146.839;0.0;175.933;175.933
10;0;135;28.23;154.427;0.0;182.656;182.656
10;0;136;41.905;78.097;0.0;120.002;120.002
10;0;137;52.452;82.661;0.0;135.113;135.113
10;0;138;56.458;0.0;0.0;56.458;56.458
10;0;139;66.343;30.037;0.0;96.38;96.38
10;0;140;57.587;98.498;0.0;156.085;156.085
10;0;141;42.015;101.908;0.0;143.922;143.922
10;0;142;43.64;92.394;0.0;136.034;136.034
10;0;143;29.525;95.091;0.0;124.616;124.616
10;0;144;5.785;97.991;0.0;103.776;103.776
10;0;145;10.049;98.332;0.0;108.382;108.382
10;0;146;7.961;101.031;0.0;108.992;108.992
10;0;147;7.564;101.967;0.0;109.531;109.531
10;0;148;7.387;163.384;0.0;170.771;170.771
10;0;149;8.494;47.799;0.0;56.293;56.293
10;0;150;13.465;166.802;0.0;180.267;180.267
10;0;151;29.183;168.085;0.0;197.267;197.267
10;0;152;29.673;30.1;0.0;59.773;59.773
10;0;153;43.043;121.453;0.0;164.496;164.496
10;0;154;51.247;120.906;0.0;172.153;172.153
10;0;155;28.257;116.365;0.0;144.622;144.622
10;0;156;24.689;113.282;0.0;137.971;137.971
10;0;157;35.256;97.393;0.0;132.65;132.65
10;0;158;31.518;87.716;0.0;119.234;119.234
10;0;159;26.218;85.645;0.0;111.863;111.863
10;0;160;38.479;160.823;0.0;199.301;199.301
10;0;161;57.556;8.79;0.0;66.346;66.346
10;0;162;48.835;164.238;0.0;213.073;213.073
10;0;163;54.472;146.089;0.0;200.561;200.561
10;0;164;56.174;0.0;0.0;56.174;56.174
10;0;165;60.401;117.245;0.0;177.646;177.646
10;0;166;61.065;169.368;0.0;230.433;230.433
10;0;167;34.625;170.224;0.0;204.848;204.848
10;1;0;5.556;0.0;0.0;5.556;5.556
10;1;1;7.117;0.0;0.0;7.117;7.117
10;1;2;7.237;0.0;0.0;7.237;7.237
10;1;3;7.476;0.0;0.0;7.476;7.476
10;1;4;9.078;0.0;0.0;9.078;9.078
10;1;5;10.018;0.0;0.0;10.018;10.018
10;1;6;15.769;0.0;0.0;15.769;15.769
10;1;7;19.946;0.0;0.0;19.946;19.946
10;1;8;30.779;0.0;0.0;30.779;30.779
10;1;9;25.437;0.0;0.0;25.437;25.437
10;1;10;30.081;0.0;0.0;30.081;30.081
10;1;11;25.809;0.0;0.0;25.809;25.809
10;1;12;31.581;0.0;0.0;31.581;31.581
10;1;13;30.316;0.0;0.0;30.316;30.316
10;1;14;31.062;0.0;0.0;31.062;31.062
10;1;15;19.449;0.0;0.0;19.449;19.449
10;1;16;34.787;0.0;0.0;34.787;34.787
10;1;17;46.317;0.0;0.0;46.317;46.317
10;1;18;52.142;0.0;0.0;52.142;52.142
10;1;19;47.588;0.0;0.0;47.588;47.588
10;1;20;53.727;0.0;0.0;53.727;53.727
10;1;21;47.005;0.0;0.0;47.005;47.005
10;1;22;52.088;0.0;0.0;52.088;52.088
10;1;23;27.652;0.0;0.0;27.652;27.652
10;1;24;5.537;0.0;0.0;5.537;5.537
10;1;25;7.472;0.0;0.0;7.472;7.472
10;1;26;8.633;0.0;0.0;8.633;8.633
10;1;27;10.279;0.0;0.0;10.279;10.279
10;1;28;11.091;0.0;0.0;11.091;11.091
10;1;29;12.638;0.0;0.0;12.638;12.638
10;1;30;23.045;0.0;0.0;23.045;23.045
10;1;31;27.063;5.493;0.0;32.556;32.556
10;1;32;31.882;2.228;0.0;34.11;34.11
10;1;33;27.509;2.121;0.0;29.63;29.63
10;1;34;46.815;1.912;0.0;48.727;48.727
10;1;35;26.705;2.414;0.0;29.119;29.119
10;1;36;38.463;3.071;0.0;41.535;41.535
10;1;37;32.259;1.651;0.0;33.909;33.909
10;1;38;29.824;1.496;0.0;31.319;31.319
10;1;39;33.636;3.396;0.0;37.032;37.032
10;1;40;31.196;0.0;0.0;31.196;31.196
10;1;41;49.948;45.445;0.0;95.392;95.392
10;1;42;39.862;0.0;0.0;39.862;39.862
10;1;43;38.274;0.0;0.0;38.274;38.274
10;1;44;49.168;0.0;0.0;49.168;49.168
10;1;45;68.166;0.0;0.0;68.166;68.166
10;1;46;55.194;0.0;0.0;55.194;55.194
10;1;47;40.404;0.0;0.0;40.404;40.404
10;1;48;5.587;0.0;0.0;5.587;5.587
10;1;49;8.168;0.0;0.0;8.168;8.168
10;1;50;8.398;0.0;0.0;8.398;8.398
10;1;51;8.393;0.0;0.0;8.393;8.393
10;1;52;7.837;0.0;0.0;7.837;7.837
10;1;53;7.614;0.0;0.0;7.614;7.614
10;1;54;8.712;0.0;0.0;8.712;8.712
10;1;55;14.814;0.0;0.0;14.814;14.814
10;1;56;36.136;0.0;0.0;36.136;36.136
10;1;57;17.35;0.0;0.0;17.35;17.35
10;1;58;39.009;2.341;0.0;41.35;41.35
10;1;59;32.812;1.978;0.0;34.791;34.791
10;1;60;28.284;1.53;0.0;29.814;29.814
10;1;61;29.525;1.86;0.0;31.385;31.385
10;1;62;26.087;2.692;0.0;28.779;28.779
10;1;63;29.249;53.568;0.0;82.817;82.817
10;1;64;29.366;0.0;0.0;29.366;29.366
10;1;65;38.062;0.0;0.0;38.062;38.062
10;1;66;46.726;0.0;0.0;46.726;46.726
10;1;67;60.323;0.0;0.0;60.323;60.323
10;1;68;56.566;0.0;0.0;56.566;56.566
10;1;69;42.631;0.0;0.0;42.631;42.631
10;1;70;56.778;0.0;0.0;56.778;56.778
10;1;71;34.101;0.0;0.0;34.101;34.101
10;1;72;5.584;0.0;0.0;5.584;5.584
10;1;73;7.115;0.0;0.0;7.115;7.115
10;1;74;7.355;0.0;0.0;7.355;7.355
10;1;75;7.517;0.0;0.0;7.517;7.517
10;1;76;7.784;0.0;0.0;7.784;7.784
10;1;77;8.264;0.0;0.0;8.264;8.264
10;1;78;10.001;0.0;0.0;10.001;10.001
10;1;79;10.264;0.0;0.0;10.264;10.264
10;1;80;21.506;0.0;0.0;21.506;21.506
10;1;81;25.746;2.701;0.0;28.447;28.447
10;1;82;30.147;2.321;0.0;32.468;32.468
10;1;83;27.866;2.082;0.0;29.948;29.948
10;1;84;35.503;1.488;0.0;36.991;36.991
10;1;85;33.516;2.092;0.0;35.608;35.608
10;1;86;30.314;2.564;0.0;32.878;32.878
10;1;87;43.778;46.73;0.0;90.508;90.508
10;1;88;36.414;0.0;0.0;36.414;36.414
10;1;89;44.281;0.0;0.0;44.281;44.281
10;1;90;36.865;0.0;0.0;36.865;36.865
10;1;91;39.171;0.0;0.0;39.171;39.171
10;1;92;44.294;0.0;0.0;44.294;44.294
10;1;93;52.993;0.0;0.0;52.993;52.993
10;1;94;45.558;0.0;0.0;45.558;45.558
10;1;95;37.013;0.0;0.0;37.013;37.013
10;1;96;6.429;0.0;0.0;6.429;6.429
10;1;97;11.26;0.0;0.0;11.26;11.26
10;1;98;8.052;0.0;0.0;8.052;8.052
10;1;99;7.537;0.0;0.0;7.537;7.537
10;1;100;11.67;0.0;0.0;11.67;11.67
10;1;101;7.071;0.0;0.0;7.071;7.071
10;1;102;7.011;0.0;0.0;7.011;7.011
10;1;103;19.04;0.0;0.0;19.04;19.04
10;1;104;29.159;0.0;0.0;29.159;29.159
10;1;105;52.01;2.475;0.0;54.485;54.485
10;1;106;39.401;2.487;0.0;41.888;41.888
10;1;107;40.913;2.314;0.0;43.227;43.227
10;1;108;30.92;3.518;0.0;34.438;34.438
10;1;109;35.889;1.806;0.0;37.695;37.695
10;1;110;36.168;1.91;0.0;38.078;38.078
10;1;111;32.119;2.213;0.0;34.332;34.332
10;1;112;37.604;2.242;0.0;39.846;39.846
10;1;113;44.946;39.663;0.0;84.609;84.609
10;1;114;40.143;0.0;0.0;40.143;40.143
10;1;115;47.535;0.0;0.0;47.535;47.535
10;1;116;61.584;0.0;0.0;61.584;61.584
10;1;117;56.475;0.0;0.0;56.475;56.475
10;1;118;59.879;0.0;0.0;59.879;59.879
10;1;119;43.986;0.0;0.0;43.986;43.986
10;1;120;5.884;0.0;0.0;5.884;5.884
10;1;121;9.468;0.0;0.0;9.468;9.468
10;1;122;7.254;0.0;0.0;7.254;7.254
10;1;123;9.122;0.0;0.0;9.122;9.122
10;1;124;8.57;0.0;0.0;8.57;8.57
10;1;125;6.571;0.0;0.0;6.571;6.571
10;1;126;16.541;0.0;0.0;16.541;16.541
10;1;127;33.247;0.0;0.0;33.247;33.247
10;1;128;32.813;0.0;0.0;32.813;32.813
10;1;129;31.145;2.37;0.0;33.515;33.515
10;1;130;24.17;2.56;0.0;26.73;26.73
10;1;131;34.843;2.345;0.0;37.188;37.188
10;1;132;30.927;3.915;0.0;34.841;34.841
10;1;133;32.938;1.82;0.0;34.758;34.758
10;1;134;27.08;1.996;0.0;29.076;29.076
10;1;135;28.82;1.921;0.0;30.741;30.741
10;1;136;59.928;1.297;0.0;61.224;61.224
10;1;137;39.237;36.063;0.0;75.301;75.301
10;1;138;54.516;0.0;0.0;54.516;54.516
10;1;139;59.02;0.0;0.0;59.02;59.02
10;1;140;56.771;0.0;0.0;56.771;56.771
10;1;141;49.109;0.0;0.0;49.109;49.109
10;1;142;69.681;0.0;0.0;69.681;69.681
10;1;143;40.935;0.0;0.0;40.935;40.935
10;1;144;5.524;0.0;0.0;5.524;5.524
10;1;145;10.374;0.0;0.0;10.374;10.374
10;1;146;7.616;0.0;0.0;7.616;7.616
10;1;147;8.356;0.0;0.0;8.356;8.356
10;1;148;7.122;0.0;0.0;7.122;7.122
10;1;149;8.113;0.0;0.0;8.113;8.113
10;1;150;9.078;0.0;0.0;9.078;9.078
10;1;151;22.761;0.0;0.0;22.761;22.761
10;1;152;27.679;0.0;0.0;27.679;27.679
10;1;153;31.32;2.55;0.0;33.87;33.87
10;1;154;26.432;2.669;0.0;29.1;29.1
10;1;155;26.688;1.544;0.0;28.232;28.232
10;1;156;30.138;3.427;0.0;33.564;33.564
10;1;157;26.009;1.845;0.0;27.854;27.854
10;1;158;40.623;1.507;0.0;42.13;42.13
10;1;159;30.38;92.335;0.0;122.716;122.716
10;1;160;35.677;0.0;0.0;35.677;35.677
10;1;161;48.145;4.81;0.0;52.955;52.955
10;1;162;52.467;4.859;0.0;57.326;57.326
10;1;163;40.077;0.0;0.0;40.077;40.077
10;1;164;56.85;0.0;0.0;56.85;56.85
10;1;165;58.103;0.0;0.0;58.103;58.103
10;1;166;54.126;0.0;0.0;54.126;54.126
10;1;167;52.475;0.0;0.0;52.475;52.475
10;2;0;5.806;0.0;0.0;5.806;5.806
10;2;1;9.661;0.0;0.0;9.661;9.661
10;2;2;7.807;142.941;0.0;150.747;150.747
10;2;3;8.566;0.0;0.0;8.566;8.566
10;2;4;12.599;6.734;0.0;19.333;19.333
10;2;5;8.509;147.191;0.0;155.7;155.7
10;2;6;14.196;0.0;0.0;14.196;14.196
10;2;7;26.663;54.223;0.0;80.886;80.886
10;2;8;36.299;0.0;0.0;36.299;36.299
10;2;9;26.12;65.581;0.0;91.701;91.701
10;2;10;36.185;59.899;0.0;96.084;96.084
10;2;11;34.641;50.152;0.0;84.793;84.793
10;2;12;32.994;40.811;0.0;73.805;73.805
10;2;13;37.06;29.041;0.0;66.101;66.101
10;2;14;26.823;26.587;0.0;53.41;53.41
10;2;15;23.713;40.342;0.0;64.055;64.055
10;2;16;57.119;137.846;0.0;194.966;194.966
10;2;17;37.756;25.776;0.0;63.532;63.532
10;2;18;48.618;0.0;0.0;48.618;48.618
10;2;19;51.007;81.832;0.0;132.839;132.839
10;2;20;47.749;50.111;0.0;97.86;97.86
10;2;21;50.533;0.0;0.0;50.533;50.533
10;2;22;73.602;109.467;0.0;183.07;183.07
10;2;23;41.288;60.367;0.0;101.654;101.654
10;2;24;5.854;0.0;0.0;5.854;5.854
10;2;25;7.817;0.0;0.0;7.817;7.817
10;2;26;7.99;162.103;0.0;170.093;170.093
10;2;27;9.406;0.0;0.0;9.406;9.406
10;2;28;7.555;163.811;0.0;171.366;171.366
10;2;29;10.651;21.275;0.0;31.926;31.926
10;2;30;17.551;106.625;0.0;124.176;124.176
10;2;31;26.853;110.935;0.0;137.787;137.787
10;2;32;38.424;107.583;0.0;146.007;146.007
10;2;33;38.488;99.442;0.0;137.93;137.93
10;2;34;42.074;85.413;0.0;127.487;127.487
10;2;35;26.878;73.702;0.0;100.58;100.58
10;2;36;38.892;55.452;0.0;94.344;94.344
10;2;37;25.016;41.34;0.0;66.356;66.356
10;2;38;34.416;30.243;0.0;64.659;64.659
10;2;39;34.566;24.135;0.0;58.7;58.7
10;2;40;35.387;126.673;0.0;162.059;162.059
10;2;41;45.357;35.535;0.0;80.892;80.892
10;2;42;50.058;29.851;0.0;79.91;79.91
10;2;43;55.415;34.322;0.0;89.738;89.738
10;2;44;69.777;37.898;0.0;107.675;107.675
10;2;45;45.448;41.506;0.0;86.954;86.954
10;2;46;54.373;0.0;0.0;54.373;54.373
10;2;47;31.334;30.562;0.0;61.896;61.896
10;2;48;5.902;0.0;0.0;5.902;5.902
10;2;49;10.52;0.0;0.0;10.52;10.52
10;2;50;6.83;46.147;0.0;52.976;52.976
10;2;51;7.443;48.766;0.0;56.209;56.209
10;2;52;7.155;49.322;0.0;56.478;56.478
10;2;53;9.966;50.732;0.0;60.698;60.698
10;2;54;14.209;47.686;0.0;61.895;61.895
10;2;55;23.793;55.444;0.0;79.237;79.237
10;2;56;53.032;53.968;0.0;106.999;106.999
10;2;57;40.997;42.311;0.0;83.308;83.308
10;2;58;31.269;38.749;0.0;70.018;70.018
10;2;59;35.193;34.669;0.0;69.863;69.863
10;2;60;19.302;30.21;0.0;49.512;49.512
10;2;61;25.744;24.538;0.0;50.281;50.281
10;2;62;30.948;20.182;0.0;51.13;51.13
10;2;63;36.475;22.298;0.0;58.773;58.773
10;2;64;44.961;28.066;0.0;73.027;73.027
10;2;65;48.003;130.216;0.0;178.218;178.218
10;2;66;43.641;0.0;0.0;43.641;43.641
10;2;67;60.059;40.623;0.0;100.682;100.682
10;2;68;53.821;0.0;0.0;53.821;53.821
10;2;69;61.468;20.442;0.0;81.909;81.909
10;2;70;49.145;0.0;0.0;49.145;49.145
10;2;71;50.233;0.0;0.0;50.233;50.233
10;2;72;5.761;0.0;0.0;5.761;5.761
10;2;73;13.087;37.717;0.0;50.804;50.804
10;2;74;8.188;39.336;0.0;47.524;47.524
10;2;75;8.285;40.486;0.0;48.771;48.771
10;2;76;8.54;41.449;0.0;49.989;49.989
10;2;77;7.499;43.24;0.0;50.74;50.74
10;2;78;12.784;44.422;0.0;57.206;57.206
10;2;79;14.522;58.601;0.0;73.123;73.123
10;2;80;34.425;59.501;0.0;93.926;93.926
10;2;81;30.692;47.459;0.0;78.151;78.151
10;2;82;26.797;45.043;0.0;71.84;71.84
10;2;83;24.793;35.882;0.0;60.674;60.674
10;2;84;39.713;26.717;0.0;66.43;66.43
10;2;85;33.913;21.775;0.0;55.688;55.688
10;2;86;38.512;131.91;0.0;170.422;170.422
10;2;87;35.792;38.006;0.0;73.798;73.798
10;2;88;43.859;0.0;0.0;43.859;43.859
10;2;89;48.915;0.0;0.0;48.915;48.915
10;2;90;40.415;0.0;0.0;40.415;40.415
10;2;91;55.956;0.0;0.0;55.956;55.956
10;2;92;48.883;139.544;0.0;188.427;188.427
10;2;93;47.563;38.535;0.0;86.098;86.098
10;2;94;41.739;0.0;0.0;41.739;41.739
10;2;95;40.801;65.867;0.0;106.668;106.668
10;2;96;5.457;0.0;0.0;5.457;5.457
10;2;97;9.357;0.0;0.0;9.357;9.357
10;2;98;7.953;64.177;0.0;72.13;72.13
10;2;99;7.874;149.743;0.0;157.617;157.617
10;2;100;8.8;60.054;0.0;68.854;68.854
10;2;101;7.209;0.0;0.0;7.209;7.209
10;2;102;10.806;82.349;0.0;93.155;93.155
10;2;103;21.381;84.626;0.0;106.008;106.008
10;2;104;39.216;78.958;0.0;118.174;118.174
10;2;105;49.73;74.969;0.0;124.699;124.699
10;2;106;44.199;68.177;0.0;112.375;112.375
10;2;107;49.396;62.247;0.0;111.643;111.643
10;2;108;32.691;61.479;0.0;94.169;94.169
10;2;109;30.002;104.172;0.0;134.174;134.174
10;2;110;44.449;0.0;0.0;44.449;44.449
10;2;111;46.057;51.212;0.0;97.269;97.269
10;2;112;42.407;51.715;0.0;94.122;94.122
10;2;113;41.342;54.583;0.0;95.925;95.925
10;2;114;46.59;60.062;0.0;106.652;106.652
10;2;115;56.756;63.393;0.0;120.149;120.149
10;2;116;46.71;65.863;0.0;112.573;112.573
10;2;117;35.382;68.557;0.0;103.938;103.938
10;2;118;52.762;62.536;0.0;115.298;115.298
10;2;119;31.993;151.871;0.0;183.864;183.864
10;2;120;5.794;0.0;0.0;5.794;5.794
10;2;121;7.115;140.968;0.0;148.083;148.083
10;2;122;8.998;0.0;0.0;8.998;8.998
10;2;123;14.292;81.422;0.0;95.715;95.715
10;2;124;8.146;83.576;0.0;91.723;91.723
10;2;125;7.547;84.823;0.0;92.369;92.369
10;2;126;12.151;94.296;0.0;106.446;106.446
10;2;127;23.361;90.202;0.0;113.563;113.563
10;2;128;37.291;83.694;0.0;120.986;120.986
10;2;129;34.935;80.283;0.0;115.218;115.218
10;2;130;37.87;75.621;0.0;113.491;113.491
10;2;131;28.028;68.251;0.0;96.278;96.278
10;2;132;24.831;61.632;0.0;86.463;86.463
10;2;133;30.709;50.378;0.0;81.087;81.087
10;2;134;23.165;140.817;0.0;163.982;163.982
10;2;135;35.786;85.287;0.0;121.073;121.073
10;2;136;39.555;0.0;0.0;39.555;39.555
10;2;137;59.133;4.623;0.0;63.756;63.756
10;2;138;54.216;0.0;0.0;54.216;54.216
10;2;139;54.698;148.467;0.0;203.165;203.165
10;2;140;65.542;32.545;0.0;98.087;98.087
10;2;141;47.593;0.0;0.0;47.593;47.593
10;2;142;64.161;128.452;0.0;192.614;192.614
10;2;143;31.621;0.0;0.0;31.621;31.621
10;2;144;7.292;71.977;0.0;79.268;79.268
10;2;145;7.841;74.222;0.0;82.063;82.063
10;2;146;7.641;77.452;0.0;85.093;85.093
10;2;147;8.324;78.715;0.0;87.039;87.039
10;2;148;10.037;80.713;0.0;90.75;90.75
10;2;149;8.417;81.034;0.0;89.451;89.451
10;2;150;15.832;92.685;0.0;108.517;108.517
10;2;151;30.477;91.938;0.0;122.415;122.415
10;2;152;34.531;82.597;0.0;117.127;117.127
10;2;153;41.256;79.328;0.0;120.584;120.584
10;2;154;45.085;74.662;0.0;119.747;119.747
10;2;155;32.229;69.834;0.0;102.063;102.063
10;2;156;30.222;64.95;0.0;95.172;95.172
10;2;157;34.879;53.154;0.0;88.033;88.033
10;2;158;23.821;47.162;0.0;70.983;70.983
10;2;159;27.318;43.016;0.0;70.334;70.334
10;2;160;36.451;40.921;0.0;77.371;77.371
10;2;161;57.554;39.933;0.0;97.487;97.487
10;2;162;51.751;47.652;0.0;99.403;99.403
10;2;163;55.991;49.051;0.0;105.042;105.042
10;2;164;55.087;49.297;0.0;104.384;104.384
10;2;165;50.906;50.402;0.0;101.308;101.308
10;2;166;43.04;62.992;0.0;106.032;106.032
10;2;167;33.183;142.941;0.0;176.123;176.123
10;3;0;6.358;20.239;0.0;26.597;26.597
10;3;1;10.568;166.152;0.0;176.72;176.72
10;3;2;7.835;166.118;0.0;173.954;173.954
10;3;3;8.21;168.273;0.0;176.483;176.483
10;3;4;8.066;185.663;0.0;193.729;193.729
10;3;5;8.171;164.891;0.0;173.062;173.062
10;3;6;15.507;188.674;0.0;204.181;204.181
10;3;7;28.718;188.244;0.0;216.962;216.962
10;3;8;47.044;176.643;0.0;223.687;223.687
10;3;9;35.036;173.225;0.0;208.261;208.261
10;3;10;34.362;166.573;0.0;200.935;200.935
10;3;11;32.364;157.958;0.0;190.322;190.322
10;3;12;30.212;155.627;0.0;185.839;185.839
10;3;13;26.681;140.43;0.0;167.111;167.111
10;3;14;38.72;167.657;0.0;206.377;206.377
10;3;15;34.908;166.802;0.0;201.71;201.71
10;3;16;38.497;168.94;0.0;207.437;207.437
10;3;17;46.901;76.881;0.0;123.782;123.782
10;3;18;57.796;174.077;0.0;231.873;231.873
10;3;19;56.088;0.0;0.0;56.088;56.088
10;3;20;65.558;105.817;0.0;171.376;171.376
10;3;21;43.265;146.824;0.0;190.089;190.089
10;3;22;53.007;182.655;0.0;235.662;235.662
10;3;23;22.314;184.374;0.0;206.687;206.687
10;3;24;5.597;186.093;0.0;191.69;191.69
10;3;25;10.3;64.64;0.0;74.94;74.94
10;3;26;7.307;170.099;0.0;177.407;177.407
10;3;27;9.902;172.775;0.0;182.676;182.676
10;3;28;7.804;175.959;0.0;183.762;183.762
10;3;29;7.388;183.656;0.0;191.044;191.044
10;3;30;8.45;189.535;0.0;197.984;197.984
10;3;31;40.368;191.257;0.0;231.625;231.625
10;3;32;42.845;181.661;0.0;224.506;224.506
10;3;33;30.501;179.7;0.0;210.202;210.202
10;3;34;28.734;167.906;0.0;196.64;196.64
10;3;35;35.884;160.818;0.0;196.703;196.703
10;3;36;35.27;158.325;0.0;193.595;193.595
10;3;37;30.053;150.895;0.0;180.949;180.949
10;3;38;27.426;148.921;0.0;176.347;176.347
10;3;39;41.878;151.867;0.0;193.745;193.745
10;3;40;39.48;151.68;0.0;191.16;191.16
10;3;41;69.503;152.693;0.0;222.196;222.196
10;3;42;61.555;162.434;0.0;223.989;223.989
10;3;43;66.871;160.867;0.0;227.738;227.738
10;3;44;66.865;159.511;0.0;226.376;226.376
10;3;45;51.459;160.306;0.0;211.765;211.765
10;3;46;41.725;150.812;0.0;192.538;192.538
10;3;47;44.268;146.056;0.0;190.324;190.324
10;3;48;5.744;130.155;0.0;135.899;135.899
10;3;49;9.571;123.37;0.0;132.941;132.941
10;3;50;7.686;119.198;0.0;126.884;126.884
10;3;51;8.014;114.833;0.0;122.847;122.847
10;3;52;7.499;113.968;0.0;121.468;121.468
10;3;53;8.488;113.207;0.0;121.695;121.695
10;3;54;12.456;111.794;0.0;124.25;124.25
10;3;55;28.593;129.717;0.0;158.31;158.31
10;3;56;46.771;132.343;0.0;179.113;179.113
10;3;57;30.568;117.173;0.0;147.741;147.741
10;3;58;32.349;117.593;0.0;149.942;149.942
10;3;59;31.932;112.982;0.0;144.914;144.914
10;3;60;22.784;110.505;0.0;133.289;133.289
10;3;61;28.691;102.503;0.0;131.194;131.194
10;3;62;27.368;96.371;0.0;123.739;123.739
10;3;63;26.686;98.507;0.0;125.192;125.192
10;3;64;48.659;97.241;0.0;145.9;145.9
10;3;65;54.035;162.103;0.0;216.139;216.139
10;3;66;53.328;163.384;0.0;216.712;216.712
10;3;67;53.704;116.625;0.0;170.33;170.33
10;3;68;65.264;105.418;0.0;170.683;170.683
10;3;69;56.365;0.0;0.0;56.365;56.365
10;3;70;45.329;59.267;0.0;104.596;104.596
10;3;71;36.13;109.968;0.0;146.099;146.099
10;3;72;5.644;112.764;0.0;118.408;118.408
10;3;73;9.651;113.673;0.0;123.324;123.324
10;3;74;7.309;116.346;0.0;123.655;123.655
10;3;75;7.227;120.082;0.0;127.309;127.309
10;3;76;7.625;119.509;0.0;127.134;127.134
10;3;77;7.399;120.271;0.0;127.669;127.669
10;3;78;8.237;169.796;0.0;178.032;178.032
10;3;79;11.481;95.323;0.0;106.803;106.803
10;3;80;24.096;143.337;0.0;167.433;167.433
10;3;81;39.448;127.698;0.0;167.146;167.146
10;3;82;37.104;127.813;0.0;164.918;164.918
10;3;83;41.34;126.719;0.0;168.06;168.06
10;3;84;26.451;122.671;0.0;149.123;149.123
10;3;85;28.73;168.94;0.0;197.67;197.67
10;3;86;37.196;65.603;0.0;102.8;102.8
10;3;87;34.284;171.936;0.0;206.22;206.22
10;3;88;35.587;129.258;0.0;164.845;164.845
10;3;89;45.013;174.505;0.0;219.518;219.518
10;3;90;51.259;176.648;0.0;227.907;227.907
10;3;91;50.658;100.074;0.0;150.731;150.731
10;3;92;54.613;0.0;0.0;54.613;54.613
10;3;93;48.381;144.851;0.0;193.233;193.233
10;3;94;52.415;150.502;0.0;202.917;202.917
10;3;95;36.566;149.812;0.0;186.378;186.378
10;3;96;5.775;174.306;0.0;180.08;180.08
10;3;97;9.948;179.628;0.0;189.576;189.576
10;3;98;6.818;182.052;0.0;188.87;188.87
10;3;99;7.548;186.092;0.0;193.64;193.64
10;3;100;8.038;185.98;0.0;194.018;194.018
10;3;101;7.858;185.233;0.0;193.091;193.091
10;3;102;14.42;183.514;0.0;197.934;197.934
10;3;103;24.89;182.655;0.0;207.545;207.545
10;3;104;31.55;170.783;0.0;202.333;202.333
10;3;105;56.054;178.363;0.0;234.417;234.417
10;3;106;50.133;154.723;0.0;204.856;204.856
10;3;107;43.871;171.675;0.0;215.546;215.546
10;3;108;36.212;176.741;0.0;212.953;212.953
10;3;109;30.286;168.123;0.0;198.41;198.41
10;3;110;45.488;163.788;0.0;209.277;209.277
10;3;111;40.889;162.133;0.0;203.022;203.022
10;3;112;41.351;159.976;0.0;201.326;201.326
10;3;113;49.816;156.253;0.0;206.068;206.068
10;3;114;58.292;164.868;0.0;223.16;223.16
10;3;115;63.566;163.091;0.0;226.658;226.658
10;3;116;40.336;162.834;0.0;203.171;203.171
10;3;117;52.878;160.328;0.0;213.206;213.206
10;3;118;60.444;177.934;0.0;238.378;238.378
10;3;119;47.646;178.792;0.0;226.439;226.439
10;3;120;5.703;178.792;0.0;184.495;184.495
10;3;121;9.903;179.65;0.0;189.553;189.553
10;3;122;7.037;182.226;0.0;189.263;189.263
10;3;123;7.346;185.233;0.0;192.579;192.579
10;3;124;7.377;188.674;0.0;196.051;196.051
10;3;125;8.013;45.801;0.0;53.814;53.814
10;3;126;13.568;190.826;0.0;204.394;204.394
10;3;127;37.169;191.257;0.0;228.426;228.426
10;3;128;33.487;186.233;0.0;219.719;219.719
10;3;129;42.075;182.305;0.0;224.38;224.38
10;3;130;31.137;174.225;0.0;205.363;205.363
10;3;131;35.142;169.92;0.0;205.062;205.062
10;3;132;27.049;169.606;0.0;196.655;196.655
10;3;133;34.018;156.034;0.0;190.052;190.052
10;3;134;31.118;154.631;0.0;185.749;185.749
10;3;135;33.751;155.025;0.0;188.775;188.775
10;3;136;35.027;180.079;0.0;215.107;215.107
10;3;137;54.54;129.976;0.0;184.516;184.516
10;3;138;66.762;166.441;0.0;233.203;233.203
10;3;139;55.963;184.804;0.0;240.766;240.766
10;3;140;62.099;159.831;0.0;221.93;221.93
10;3;141;42.334;176.728;0.0;219.062;219.062
10;3;142;44.663;174.02;0.0;218.683;218.683
10;3;143;39.551;177.696;0.0;217.246;217.246
10;3;144;5.452;187.813;0.0;193.266;193.266
10;3;145;12.775;186.987;0.0;199.762;199.762
10;3;146;7.376;189.104;0.0;196.48;196.48
10;3;147;8.622;191.257;0.0;199.879;199.879
10;3;148;7.093;190.396;0.0;197.489;197.489
10;3;149;8.083;190.826;0.0;198.909;198.909
10;3;150;13.817;189.535;0.0;203.351;203.351
10;3;151;22.423;187.813;0.0;210.237;210.237
10;3;152;46.967;180.051;0.0;227.018;227.018
10;3;153;44.77;166.683;0.0;211.454;211.454
10;3;154;28.816;157.754;0.0;186.57;186.57
10;3;155;24.492;145.092;0.0;169.584;169.584
10;3;156;36.098;141.689;0.0;177.787;177.787
10;3;157;29.482;168.94;0.0;198.422;198.422
10;3;158;35.568;93.433;0.0;129.0;129.0
10;3;159;38.376;128.95;0.0;167.326;167.326
10;3;160;50.269;125.978;0.0;176.247;176.247
10;3;161;45.227;124.666;0.0;169.892;169.892
10;3;162;42.325;131.408;0.0;173.733;173.733
10;3;163;51.995;130.364;0.0;182.359;182.359
10;3;164;57.271;126.343;0.0;183.615;183.615
10;3;165;55.925;162.328;0.0;218.253;218.253
10;3;166;52.342;168.085;0.0;220.426;220.426
10;3;167;37.152;169.796;0.0;206.948;206.948
15;0;0;5.441;0.0;0.0;5.441;5.441
15;0;1;7.569;146.071;0.0;153.641;153.641
15;0;2;7.575;194.704;0.0;202.279;202.279
15;0;3;7.682;192.549;0.0;200.232;200.232
15;0;4;7.433;195.567;0.0;202.999;202.999
15;0;5;8.777;199.019;0.0;207.796;207.796
15;0;6;8.799;202.908;0.0;211.707;211.707
15;0;7;23.945;104.11;0.0;128.055;128.055
15;0;8;28.062;205.503;0.0;233.565;233.565
15;0;9;34.716;206.802;0.0;241.517;241.517
15;0;10;43.635;206.802;0.0;250.437;250.437
15;0;11;27.06;202.043;0.0;229.103;229.103
15;0;12;26.952;193.148;0.0;220.1;220.1
15;0;13;29.446;179.526;0.0;208.971;208.971
15;0;14;24.958;170.807;0.0;195.765;195.765
15;0;15;37.252;172.129;0.0;209.38;209.38
15;0;16;42.446;167.878;0.0;210.324;210.324
15;0;17;45.656;161.976;0.0;207.632;207.632
15;0;18;44.483;164.79;0.0;209.273;209.273
15;0;19;54.742;163.5;0.0;218.242;218.242
15;0;20;44.147;169.623;0.0;213.77;213.77
15;0;21;54.243;168.513;0.0;222.756;222.756
15;0;22;52.92;168.854;0.0;221.774;221.774
15;0;23;40.003;166.827;0.0;206.83;206.83
15;0;24;5.5;154.524;0.0;160.024;160.024
15;0;25;13.648;153.0;0.0;166.649;166.649
15;0;26;7.762;154.215;0.0;161.977;161.977
15;0;27;11.201;153.072;0.0;164.274;164.274
15;0;28;8.582;152.253;0.0;160.835;160.835
15;0;29;10.704;149.952;0.0;160.657;160.657
15;0;30;11.694;158.804;0.0;170.498;170.498
15;0;31;25.095;158.929;0.0;184.024;184.024
15;0;32;41.734;148.652;0.0;190.386;190.386
15;0;33;33.09;149.786;0.0;182.876;182.876
15;0;34;35.039;146.818;0.0;181.857;181.857
15;0;35;28.74;141.131;0.0;169.871;169.871
15;0;36;31.043;139.817;0.0;170.86;170.86
15;0;37;26.953;129.23;0.0;156.184;156.184
15;0;38;29.747;125.592;0.0;155.34;155.34
15;0;39;58.153;120.844;0.0;178.998;178.998
15;0;40;50.045;119.942;0.0;169.987;169.987
15;0;41;55.783;175.362;0.0;231.145;231.145
15;0;42;48.996;78.54;0.0;127.536;127.536
15;0;43;47.675;134.327;0.0;182.002;182.002
15;0;44;57.274;136.513;0.0;193.787;193.787
15;0;45;65.014;177.506;0.0;242.519;242.519
15;0;46;46.244;84.316;0.0;130.561;130.561
15;0;47;46.572;128.883;0.0;175.455;175.455
15;0;48;5.851;135.788;0.0;141.638;141.638
15;0;49;10.105;136.119;0.0;146.224;146.224
15;0;50;7.677;178.792;0.0;186.47;186.47
15;0;51;7.246;99.405;0.0;106.651;106.651
15;0;52;8.001;140.997;0.0;148.998;148.998
15;0;53;8.718;137.97;0.0;146.687;146.687
15;0;54;13.673;133.347;0.0;147.021;147.021
15;0;55;31.302;144.326;0.0;175.628;175.628
15;0;56;31.473;146.491;0.0;177.964;177.964
15;0;57;39.338;126.933;0.0;166.271;166.271
15;0;58;45.61;120.958;0.0;166.568;166.568
15;0;59;33.827;115.266;0.0;149.093;149.093
15;0;60;29.735;104.646;0.0;134.381;134.381
15;0;61;28.874;93.938;0.0;122.812;122.812
15;0;62;24.732;89.603;0.0;114.334;114.334
15;0;63;31.158;159.543;0.0;190.701;190.701
15;0;64;51.867;161.249;0.0;213.117;213.117
15;0;65;43.178;0.0;0.0;43.178;43.178
15;0;66;64.565;34.925;0.0;99.489;99.489
15;0;67;63.546;90.349;0.0;153.896;153.896
15;0;68;50.19;164.665;0.0;214.855;214.855
15;0;69;67.815;122.879;0.0;190.694;190.694
15;0;70;56.834;167.657;0.0;224.491;224.491
15;0;71;31.837;103.845;0.0;135.682;135.682
15;0;72;5.566;52.841;0.0;58.407;58.407
15;0;73;9.495;174.505;0.0;184.0;184.0
15;0;74;7.104;121.906;0.0;129.01;129.01
15;0;75;8.441;126.907;0.0;135.348;135.348
15;0;76;7.925;133.269;0.0;141.194;141.194
15;0;77;11.073;104.521;0.0;115.594;115.594
15;0;78;10.221;0.0;0.0;10.221;10.221
15;0;79;19.626;185.663;0.0;205.289;205.289
15;0;80;30.935;160.173;0.0;191.109;191.109
15;0;81;31.116;156.242;0.0;187.358;187.358
15;0;82;43.467;152.149;0.0;195.616;195.616
15;0;83;28.049;147.246;0.0;175.295;175.295
15;0;84;43.839;138.495;0.0;182.334;182.334
15;0;85;29.047;130.709;0.0;159.756;159.756
15;0;86;36.126;119.418;0.0;155.543;155.543
15;0;87;35.896;124.314;0.0;160.21;160.21
15;0;88;43.851;118.455;0.0;162.305;162.305
15;0;89;51.785;110.692;0.0;162.477;162.477
15;0;90;54.905;110.871;0.0;165.776;165.776
15;0;91;50.147;112.86;0.0;163.006;163.006
15;0;92;63.38;116.433;0.0;179.813;179.813
15;0;93;46.014;120.067;0.0;166.081;166.081
15;0;94;45.992;120.801;0.0;166.793;166.793
15;0;95;34.14;113.392;0.0;147.532;147.532
15;0;96;5.693;123.619;0.0;129.312;129.312
15;0;97;15.034;124.122;0.0;139.156;139.156
15;0;98;8.283;123.765;0.0;132.048;132.048
15;0;99;7.806;122.561;0.0;130.367;130.367
15;0;100;8.87;121.134;0.0;130.004;130.004
15;0;101;7.842;120.76;0.0;128.602;128.602
15;0;102;10.832;132.055;0.0;142.887;142.887
15;0;103;25.078;133.098;0.0;158.176;158.176
15;0;104;40.835;123.114;0.0;163.949;163.949
15;0;105;42.057;122.095;0.0;164.152;164.152
15;0;106;57.042;119.725;0.0;176.767;176.767
15;0;107;22.068;112.227;0.0;134.294;134.294
15;0;108;28.015;112.219;0.0;140.234;140.234
15;0;109;29.246;105.653;0.0;134.899;134.899
15;0;110;42.258;103.638;0.0;145.896;145.896
15;0;111;41.793;103.256;0.0;145.05;145.05
15;0;112;51.978;102.289;0.0;154.267;154.267
15;0;113;43.63;164.238;0.0;207.869;207.869
15;0;114;52.394;42.748;0.0;95.141;95.141
15;0;115;65.058;110.44;0.0;175.498;175.498
15;0;116;52.858;110.132;0.0;162.989;162.989
15;0;117;54.297;109.699;0.0;163.996;163.996
15;0;118;40.265;101.828;0.0;142.093;142.093
15;0;119;27.812;99.736;0.0;127.548;127.548
15;0;120;5.672;96.039;0.0;101.711;101.711
15;0;121;9.334;93.947;0.0;103.281;103.281
15;0;122;8.505;88.727;0.0;97.232;97.232
15;0;123;6.683;85.487;0.0;92.17;92.17
15;0;124;7.336;84.48;0.0;91.816;91.816
15;0;125;12.07;81.231;0.0;93.301;93.301
15;0;126;14.959;86.86;0.0;101.819;101.819
15;0;127;26.337;86.786;0.0;113.123;113.123
15;0;128;46.263;75.285;0.0;121.548;121.548
15;0;129;36.536;74.894;0.0;111.43;111.43
15;0;130;35.964;134.192;0.0;170.155;170.155
15;0;131;28.342;147.191;0.0;175.533;175.533
15;0;132;21.608;0.947;0.0;22.554;22.554
15;0;133;30.828;0.0;0.0;30.828;30.828
15;0;134;29.094;134.311;0.0;163.405;163.405
15;0;135;28.23;154.427;0.0;182.656;182.656
15;0;136;41.905;71.787;0.0;113.692;113.692
15;0;137;52.452;75.978;0.0;128.43;128.43
15;0;138;56.458;0.0;0.0;56.458;56.458
15;0;139;66.343;14.811;0.0;81.154;81.154
15;0;140;57.587;90.383;0.0;147.97;147.97
15;0;141;42.015;93.511;0.0;135.526;135.526
15;0;142;43.64;84.782;0.0;128.422;128.422
15;0;143;29.525;87.256;0.0;116.781;116.781
15;0;144;5.785;89.917;0.0;95.702;95.702
15;0;145;10.049;90.231;0.0;100.28;100.28
15;0;146;7.961;92.707;0.0;100.667;100.667
15;0;147;7.564;93.566;0.0;101.13;101.13
15;0;148;7.387;163.384;0.0;170.771;170.771
15;0;149;8.494;30.325;0.0;38.819;38.819
15;0;150;13.465;166.802;0.0;180.267;180.267
15;0;151;29.183;168.085;0.0;197.267;197.267
15;0;152;29.673;0.0;0.0;29.673;29.673
15;0;153;43.043;111.367;0.0;154.41;154.41
15;0;154;51.247;110.944;0.0;162.191;162.191
15;0;155;28.257;106.778;0.0;135.035;135.035
15;0;156;24.689;103.949;0.0;128.638;128.638
15;0;157;35.256;89.369;0.0;124.625;124.625
15;0;158;31.518;80.489;0.0;112.007;112.007
15;0;159;26.218;78.589;0.0;104.807;104.807
15;0;160;38.479;160.823;0.0;199.301;199.301
15;0;161;57.556;0.0;0.0;57.556;57.556
15;0;162;48.835;164.238;0.0;213.073;213.073
15;0;163;54.472;115.301;0.0;169.772;169.772
15;0;164;56.174;0.0;0.0;56.174;56.174
15;0;165;60.401;100.793;0.0;161.194;161.194
15;0;166;61.065;145.683;0.0;206.749;206.749
15;0;167;34.625;170.224;0.0;204.848;204.848
15;1;0;5.556;0.0;0.0;5.556;5.556
15;1;1;7.117;0.0;0.0;7.117;7.117
15;1;2;7.237;0.0;0.0;7.237;7.237
15;1;3;7.476;0.0;0.0;7.476;7.476
15;1;4;9.078;0.0;0.0;9.078;9.078
15;1;5;10.018;0.0;0.0;10.018;10.018
15;1;6;15.769;0.0;0.0;15.769;15.769
15;1;7;19.946;0.0;0.0;19.946;19.946
15;1;8;30.779;0.0;0.0;30.779;30.779
15;1;9;25.437;0.0;0.0;25.437;25.437
15;1;10;30.081;0.0;0.0;30.081;30.081
15;1;11;25.809;0.0;0.0;25.809;25.809
15;1;12;31.581;0.0;0.0;31.581;31.581
15;1;13;30.316;0.0;0.0;30.316;30.316
15;1;14;31.062;0.0;0.0;31.062;31.062
15;1;15;19.449;0.0;0.0;19.449;19.449
15;1;16;34.787;0.0;0.0;34.787;34.787
15;1;17;46.317;0.0;0.0;46.317;46.317
15;1;18;52.142;0.0;0.0;52.142;52.142
15;1;19;47.588;0.0;0.0;47.588;47.588
15;1;20;53.727;0.0;0.0;53.727;53.727
15;1;21;47.005;0.0;0.0;47.005;47.005
15;1;22;52.088;0.0;0.0;52.088;52.088
15;1;23;27.652;0.0;0.0;27.652;27.652
15;1;24;5.537;0.0;0.0;5.537;5.537
15;1;25;7.472;0.0;0.0;7.472;7.472
15;1;26;8.633;0.0;0.0;8.633;8.633
15;1;27;10.279;0.0;0.0;10.279;10.279
15;1;28;11.091;0.0;0.0;11.091;11.091
15;1;29;12.638;0.0;0.0;12.638;12.638
15;1;30;23.045;0.0;0.0;23.045;23.045
15;1;31;27.063;6.252;0.0;33.315;33.315
15;1;32;31.882;2.045;0.0;33.926;33.926
15;1;33;27.509;1.946;0.0;29.455;29.455
15;1;34;46.815;1.755;0.0;48.57;48.57
15;1;35;26.705;2.215;0.0;28.92;28.92
15;1;36;38.463;2.818;0.0;41.282;41.282
15;1;37;32.259;1.515;0.0;33.773;33.773
15;1;38;29.824;1.373;0.0;31.196;31.196
15;1;39;33.636;3.116;0.0;36.752;36.752
15;1;40;31.196;0.0;0.0;31.196;31.196
15;1;41;49.948;41.7;0.0;91.648;91.648
15;1;42;39.862;0.0;0.0;39.862;39.862
15;1;43;38.274;0.0;0.0;38.274;38.274
15;1;44;49.168;0.0;0.0;49.168;49.168
15;1;45;68.166;0.0;0.0;68.166;68.166
15;1;46;55.194;0.0;0.0;55.194;55.194
15;1;47;40.404;0.0;0.0;40.404;40.404
15;1;48;5.587;0.0;0.0;5.587;5.587
15;1;49;8.168;0.0;0.0;8.168;8.168
15;1;50;8.398;0.0;0.0;8.398;8.398
15;1;51;8.393;0.0;0.0;8.393;8.393
15;1;52;7.837;0.0;0.0;7.837;7.837
15;1;53;7.614;0.0;0.0;7.614;7.614
15;1;54;8.712;0.0;0.0;8.712;8.712
15;1;55;14.814;0.0;0.0;14.814;14.814
15;1;56;36.136;0.0;0.0;36.136;36.136
15;1;57;17.35;0.0;0.0;17.35;17.35
15;1;58;39.009;2.148;0.0;41.157;41.157
15;1;59;32.812;1.815;0.0;34.628;34.628
15;1;60;28.284;1.404;0.0;29.688;29.688
15;1;61;29.525;1.707;0.0;31.232;31.232
15;1;62;26.087;2.471;0.0;28.558;28.558
15;1;63;29.249;49.155;0.0;78.404;78.404
15;1;64;29.366;0.0;0.0;29.366;29.366
15;1;65;38.062;0.0;0.0;38.062;38.062
15;1;66;46.726;0.0;0.0;46.726;46.726
15;1;67;60.323;0.0;0.0;60.323;60.323
15;1;68;56.566;0.0;0.0;56.566;56.566
15;1;69;42.631;0.0;0.0;42.631;42.631
15;1;70;56.778;0.0;0.0;56.778;56.778
15;1;71;34.101;0.0;0.0;34.101;34.101
15;1;72;5.584;0.0;0.0;5.584;5.584
15;1;73;7.115;0.0;0.0;7.115;7.115
15;1;74;7.355;0.0;0.0;7.355;7.355
15;1;75;7.517;0.0;0.0;7.517;7.517
15;1;76;7.784;0.0;0.0;7.784;7.784
15;1;77;8.264;0.0;0.0;8.264;8.264
15;1;78;10.001;0.0;0.0;10.001;10.001
15;1;79;10.264;0.0;0.0;10.264;10.264
15;1;80;21.506;0.0;0.0;21.506;21.506
15;1;81;25.746;2.479;0.0;28.224;28.224
15;1;82;30.147;2.129;0.0;32.277;32.277
15;1;83;27.866;1.91;0.0;29.776;29.776
15;1;84;35.503;1.366;0.0;36.868;36.868
15;1;85;33.516;1.92;0.0;35.435;35.435
15;1;86;30.314;2.353;0.0;32.666;32.666
15;1;87;43.778;42.88;0.0;86.658;86.658
15;1;88;36.414;0.0;0.0;36.414;36.414
15;1;89;44.281;0.0;0.0;44.281;44.281
15;1;90;36.865;0.0;0.0;36.865;36.865
15;1;91;39.171;0.0;0.0;39.171;39.171
15;1;92;44.294;0.0;0.0;44.294;44.294
15;1;93;52.993;0.0;0.0;52.993;52.993
15;1;94;45.558;0.0;0.0;45.558;45.558
15;1;95;37.013;0.0;0.0;37.013;37.013
15;1;96;6.429;0.0;0.0;6.429;6.429
15;1;97;11.26;0.0;0.0;11.26;11.26
15;1;98;8.052;0.0;0.0;8.052;8.052
15;1;99;7.537;0.0;0.0;7.537;7.537
15;1;100;11.67;0.0;0.0;11.67;11.67
15;1;101;7.071;0.0;0.0;7.071;7.071
15;1;102;7.011;0.0;0.0;7.011;7.011
15;1;103;19.04;0.0;0.0;19.04;19.04
15;1;104;29.159;0.0;0.0;29.159;29.159
15;1;105;52.01;2.271;0.0;54.281;54.281
15;1;106;39.401;2.282;0.0;41.683;41.683
15;1;107;40.913;2.123;0.0;43.036;43.036
15;1;108;30.92;3.228;0.0;34.148;34.148
15;1;109;35.889;1.657;0.0;37.546;37.546
15;1;110;36.168;1.753;0.0;37.92;37.92
15;1;111;32.119;2.031;0.0;34.149;34.149
15;1;112;37.604;2.057;0.0;39.661;39.661
15;1;113;44.946;36.396;0.0;81.341;81.341
15;1;114;40.143;0.0;0.0;40.143;40.143
15;1;115;47.535;0.0;0.0;47.535;47.535
15;1;116;61.584;0.0;0.0;61.584;61.584
15;1;117;56.475;0.0;0.0;56.475;56.475
15;1;118;59.879;0.0;0.0;59.879;59.879
15;1;119;43.986;0.0;0.0;43.986;43.986
15;1;120;5.884;0.0;0.0;5.884;5.884
15;1;121;9.468;0.0;0.0;9.468;9.468
15;1;122;7.254;0.0;0.0;7.254;7.254
15;1;123;9.122;0.0;0.0;9.122;9.122
15;1;124;8.57;0.0;0.0;8.57;8.57
15;1;125;6.571;0.0;0.0;6.571;6.571
15;1;126;16.541;0.0;0.0;16.541;16.541
15;1;127;33.247;0.0;0.0;33.247;33.247
15;1;128;32.813;0.0;0.0;32.813;32.813
15;1;129;31.145;2.174;0.0;33.319;33.319
15;1;130;24.17;2.349;0.0;26.519;26.519
15;1;131;34.843;2.152;0.0;36.994;36.994
15;1;132;30.927;3.592;0.0;34.519;34.519
15;1;133;32.938;1.67;0.0;34.608;34.608
15;1;134;27.08;1.832;0.0;28.912;28.912
15;1;135;28.82;1.763;0.0;30.582;30.582
15;1;136;59.928;1.19;0.0;61.117;61.117
15;1;137;39.237;33.092;0.0;72.329;72.329
15;1;138;54.516;0.0;0.0;54.516;54.516
15;1;139;59.02;0.0;0.0;59.02;59.02
15;1;140;56.771;0.0;0.0;56.771;56.771
15;1;141;49.109;0.0;0.0;49.109;49.109
15;1;142;69.681;0.0;0.0;69.681;69.681
15;1;143;40.935;0.0;0.0;40.935;40.935
15;1;144;5.524;0.0;0.0;5.524;5.524
15;1;145;10.374;0.0;0.0;10.374;10.374
15;1;146;7.616;0.0;0.0;7.616;7.616
15;1;147;8.356;0.0;0.0;8.356;8.356
15;1;148;7.122;0.0;0.0;7.122;7.122
15;1;149;8.113;0.0;0.0;8.113;8.113
15;1;150;9.078;0.0;0.0;9.078;9.078
15;1;151;22.761;0.0;0.0;22.761;22.761
15;1;152;27.679;0.0;0.0;27.679;27.679
15;1;153;31.32;2.34;0.0;33.66;33.66
15;1;154;26.432;2.449;0.0;28.88;28.88
15;1;155;26.688;1.417;0.0;28.105;28.105
15;1;156;30.138;3.145;0.0;33.282;33.282
15;1;157;26.009;1.693;0.0;27.702;27.702
15;1;158;40.623;1.383;0.0;42.006;42.006
15;1;159;30.38;92.132;0.0;122.512;122.512
15;1;160;35.677;0.0;0.0;35.677;35.677
15;1;161;48.145;0.0;0.0;48.145;48.145
15;1;162;52.467;0.0;0.0;52.467;52.467
15;1;163;40.077;0.0;0.0;40.077;40.077
15;1;164;56.85;0.0;0.0;56.85;56.85
15;1;165;58.103;0.0;0.0;58.103;58.103
15;1;166;54.126;0.0;0.0;54.126;54.126
15;1;167;52.475;0.0;0.0;52.475;52.475
15;2;0;5.806;0.0;0.0;5.806;5.806
15;2;1;9.661;0.0;0.0;9.661;9.661
15;2;2;7.807;138.886;0.0;146.693;146.693
15;2;3;8.566;0.0;0.0;8.566;8.566
15;2;4;12.599;0.0;0.0;12.599;12.599
15;2;5;8.509;147.191;0.0;155.7;155.7
15;2;6;14.196;0.0;0.0;14.196;14.196
15;2;7;26.663;37.97;0.0;64.633;64.633
15;2;8;36.299;0.0;0.0;36.299;36.299
15;2;9;26.12;60.178;0.0;86.298;86.298
15;2;10;36.185;54.964;0.0;91.149;91.149
15;2;11;34.641;46.02;0.0;80.661;80.661
15;2;12;32.994;37.448;0.0;70.442;70.442
15;2;13;37.06;26.649;0.0;63.708;63.708
15;2;14;26.823;24.396;0.0;51.219;51.219
15;2;15;23.713;36.637;0.0;60.35;60.35
15;2;16;57.119;137.846;0.0;194.966;194.966
15;2;17;37.756;23.764;0.0;61.52;61.52
15;2;18;48.618;0.0;0.0;48.618;48.618
15;2;19;51.007;75.323;0.0;126.33;126.33
15;2;20;47.749;46.102;0.0;93.851;93.851
15;2;21;50.533;0.0;0.0;50.533;50.533
15;2;22;73.602;100.693;0.0;174.295;174.295
15;2;23;41.288;38.895;0.0;80.183;80.183
15;2;24;5.854;0.0;0.0;5.854;5.854
15;2;25;7.817;0.0;0.0;7.817;7.817
15;2;26;7.99;152.833;0.0;160.823;160.823
15;2;27;9.406;0.0;0.0;9.406;9.406
15;2;28;7.555;163.811;0.0;171.366;171.366
15;2;29;10.651;5.916;0.0;16.568;16.568
15;2;30;17.551;97.84;0.0;115.391;115.391
15;2;31;26.853;101.795;0.0;128.647;128.647
15;2;32;38.424;98.719;0.0;137.143;137.143
15;2;33;38.488;91.249;0.0;129.737;129.737
15;2;34;42.074;78.376;0.0;120.45;120.45
15;2;35;26.878;67.629;0.0;94.508;94.508
15;2;36;38.892;50.883;0.0;89.775;89.775
15;2;37;25.016;37.933;0.0;62.95;62.95
15;2;38;34.416;27.751;0.0;62.167;62.167
15;2;39;34.566;22.146;0.0;56.712;56.712
15;2;40;35.387;126.673;0.0;162.059;162.059
15;2;41;45.357;32.356;0.0;77.713;77.713
15;2;42;50.058;27.498;0.0;77.557;77.557
15;2;43;55.415;31.604;0.0;87.019;87.019
15;2;44;69.777;34.887;0.0;104.664;104.664
15;2;45;45.448;38.199;0.0;83.648;83.648
15;2;46;54.373;0.0;0.0;54.373;54.373
15;2;47;31.334;16.722;0.0;48.056;48.056
15;2;48;5.902;0.0;0.0;5.902;5.902
15;2;49;10.52;0.0;0.0;10.52;10.52
15;2;50;6.83;42.344;0.0;49.174;49.174
15;2;51;7.443;44.748;0.0;52.191;52.191
15;2;52;7.155;45.259;0.0;52.414;52.414
15;2;53;9.966;46.552;0.0;56.519;56.519
15;2;54;14.209;43.757;0.0;57.966;57.966
15;2;55;23.793;50.876;0.0;74.669;74.669
15;2;56;53.032;49.521;0.0;102.553;102.553
15;2;57;40.997;38.825;0.0;79.822;79.822
15;2;58;31.269;35.557;0.0;66.825;66.825
15;2;59;35.193;31.813;0.0;67.006;67.006
15;2;60;19.302;27.721;0.0;47.023;47.023
15;2;61;25.744;22.516;0.0;48.26;48.26
15;2;62;30.948;18.519;0.0;49.467;49.467
15;2;63;36.475;20.461;0.0;56.936;56.936
15;2;64;44.961;25.392;0.0;70.353;70.353
15;2;65;48.003;130.216;0.0;178.218;178.218
15;2;66;43.641;0.0;0.0;43.641;43.641
15;2;67;60.059;37.489;0.0;97.548;97.548
15;2;68;53.821;0.0;0.0;53.821;53.821
15;2;69;61.468;8.033;0.0;69.5;69.5
15;2;70;49.145;0.0;0.0;49.145;49.145
15;2;71;50.233;0.0;0.0;50.233;50.233
15;2;72;5.761;0.0;0.0;5.761;5.761
15;2;73;13.087;34.609;0.0;47.696;47.696
15;2;74;8.188;36.095;0.0;44.283;44.283
15;2;75;8.285;37.15;0.0;45.435;45.435
15;2;76;8.54;38.034;0.0;46.574;46.574
15;2;77;7.499;39.678;0.0;47.177;47.177
15;2;78;12.784;40.762;0.0;53.546;53.546
15;2;79;14.522;53.772;0.0;68.294;68.294
15;2;80;34.425;54.599;0.0;89.024;89.024
15;2;81;30.692;43.549;0.0;74.24;74.24
15;2;82;26.797;41.331;0.0;68.129;68.129
15;2;83;24.793;32.925;0.0;57.718;57.718
15;2;84;39.713;24.516;0.0;64.229;64.229
15;2;85;33.913;19.981;0.0;53.894;53.894
15;2;86;38.512;131.91;0.0;170.422;170.422
15;2;87;35.792;23.588;0.0;59.38;59.38
15;2;88;43.859;0.0;0.0;43.859;43.859
15;2;89;48.915;0.0;0.0;48.915;48.915
15;2;90;40.415;0.0;0.0;40.415;40.415
15;2;91;55.956;0.0;0.0;55.956;55.956
15;2;92;48.883;139.544;0.0;188.427;188.427
15;2;93;47.563;35.474;0.0;83.037;83.037
15;2;94;41.739;0.0;0.0;41.739;41.739
15;2;95;40.801;49.086;0.0;89.886;89.886
15;2;96;5.457;0.0;0.0;5.457;5.457
15;2;97;9.357;0.0;0.0;9.357;9.357
15;2;98;7.953;58.889;0.0;66.842;66.842
15;2;99;7.874;149.743;0.0;157.617;157.617
15;2;100;8.8;42.753;0.0;51.553;51.553
15;2;101;7.209;0.0;0.0;7.209;7.209
15;2;102;10.806;75.564;0.0;86.37;86.37
15;2;103;21.381;77.654;0.0;99.035;99.035
15;2;104;39.216;72.452;0.0;111.668;111.668
15;2;105;49.73;68.792;0.0;118.522;118.522
15;2;106;44.199;62.559;0.0;106.758;106.758
15;2;107;49.396;57.119;0.0;106.515;106.515
15;2;108;32.691;56.413;0.0;89.104;89.104
15;2;109;30.002;95.589;0.0;125.591;125.591
15;2;110;44.449;0.0;0.0;44.449;44.449
15;2;111;46.057;46.993;0.0;93.05;93.05
15;2;112;42.407;47.454;0.0;89.861;89.861
15;2;113;41.342;50.086;0.0;91.428;91.428
15;2;114;46.59;55.113;0.0;101.703;101.703
15;2;115;56.756;58.169;0.0;114.926;114.926
15;2;116;46.71;60.437;0.0;107.147;107.147
15;2;117;35.382;62.908;0.0;98.29;98.29
15;2;118;52.762;57.383;0.0;110.145;110.145
15;2;119;31.993;151.871;0.0;183.864;183.864
15;2;120;5.794;0.0;0.0;5.794;5.794
15;2;121;7.115;116.814;0.0;123.929;123.929
15;2;122;8.998;0.0;0.0;8.998;8.998
15;2;123;14.292;74.714;0.0;89.006;89.006
15;2;124;8.146;76.69;0.0;84.837;84.837
15;2;125;7.547;77.834;0.0;85.38;85.38
15;2;126;12.151;86.527;0.0;98.677;98.677
15;2;127;23.361;82.77;0.0;106.131;106.131
15;2;128;37.291;76.798;0.0;114.09;114.09
15;2;129;34.935;73.669;0.0;108.603;108.603
15;2;130;37.87;69.39;0.0;107.26;107.26
15;2;131;28.028;62.627;0.0;90.655;90.655
15;2;132;24.831;56.554;0.0;81.385;81.385
15;2;133;30.709;46.227;0.0;76.936;76.936
15;2;134;23.165;140.817;0.0;163.982;163.982
15;2;135;35.786;77.983;0.0;113.769;113.769
15;2;136;39.555;0.0;0.0;39.555;39.555
15;2;137;59.133;0.0;0.0;59.133;59.133
15;2;138;54.216;0.0;0.0;54.216;54.216
15;2;139;54.698;148.467;0.0;203.165;203.165
15;2;140;65.542;10.4;0.0;75.942;75.942
15;2;141;47.593;0.0;0.0;47.593;47.593
15;2;142;64.161;117.869;0.0;182.03;182.03
15;2;143;31.621;0.0;0.0;31.621;31.621
15;2;144;7.292;66.046;0.0;73.338;73.338
15;2;145;7.841;68.107;0.0;75.948;75.948
15;2;146;7.641;71.071;0.0;78.712;78.712
15;2;147;8.324;72.229;0.0;80.554;80.554
15;2;148;10.037;74.063;0.0;84.1;84.1
15;2;149;8.417;74.357;0.0;82.774;82.774
15;2;150;15.832;85.049;0.0;100.881;100.881
15;2;151;30.477;84.363;0.0;114.84;114.84
15;2;152;34.531;75.791;0.0;110.322;110.322
15;2;153;41.256;72.792;0.0;114.048;114.048
15;2;154;45.085;68.511;0.0;113.596;113.596
15;2;155;32.229;64.08;0.0;96.309;96.309
15;2;156;30.222;59.599;0.0;89.82;89.82
15;2;157;34.879;48.774;0.0;83.654;83.654
15;2;158;23.821;43.276;0.0;67.097;67.097
15;2;159;27.318;39.472;0.0;66.79;66.79
15;2;160;36.451;37.549;0.0;74.0;74.0
15;2;161;57.554;36.643;0.0;94.197;94.197
15;2;162;51.751;43.726;0.0;95.477;95.477
15;2;163;55.991;45.009;0.0;101.0;101.0
15;2;164;55.087;45.236;0.0;100.322;100.322
15;2;165;50.906;46.25;0.0;97.155;97.155
15;2;166;43.04;43.872;0.0;86.912;86.912
15;2;167;33.183;142.941;0.0;176.123;176.123
15;3;0;6.358;21.16;0.0;27.518;27.518
15;3;1;10.568;152.462;0.0;163.03;163.03
15;3;2;7.835;152.432;0.0;160.267;160.267
15;3;3;8.21;154.409;0.0;162.619;162.619
15;3;4;8.066;185.663;0.0;193.729;193.729
15;3;5;8.171;132.962;0.0;141.133;141.133
15;3;6;15.507;173.926;0.0;189.433;189.433
15;3;7;28.718;174.835;0.0;203.553;203.553
15;3;8;47.044;162.089;0.0;209.133;209.133
15;3;9;35.036;158.952;0.0;193.989;193.989
15;3;10;34.362;152.849;0.0;187.211;187.211
15;3;11;32.364;144.943;0.0;177.308;177.308
15;3;12;30.212;142.804;0.0;173.017;173.017
15;3;13;26.681;128.86;0.0;155.541;155.541
15;3;14;38.72;141.896;0.0;180.616;180.616
15;3;15;34.908;166.802;0.0;201.71;201.71
15;3;16;38.497;168.94;0.0;207.437;207.437
15;3;17;46.901;53.965;0.0;100.866;100.866
15;3;18;57.796;174.077;0.0;231.873;231.873
15;3;19;56.088;0.0;0.0;56.088;56.088
15;3;20;65.558;83.078;0.0;148.637;148.637
15;3;21;43.265;134.727;0.0;177.992;177.992
15;3;22;53.007;182.655;0.0;235.662;235.662
15;3;23;22.314;184.374;0.0;206.687;206.687
15;3;24;5.597;186.093;0.0;191.69;191.69
15;3;25;10.3;13.606;0.0;23.906;23.906
15;3;26;7.307;156.085;0.0;163.392;163.392
15;3;27;9.902;158.54;0.0;168.441;168.441
15;3;28;7.804;161.461;0.0;169.265;169.265
15;3;29;7.388;164.57;0.0;171.959;171.959
15;3;30;8.45;176.136;0.0;184.586;184.586
15;3;31;40.368;177.185;0.0;217.553;217.553
15;3;32;42.845;166.694;0.0;209.539;209.539
15;3;33;30.501;164.895;0.0;195.396;195.396
15;3;34;28.734;154.072;0.0;182.806;182.806
15;3;35;35.884;147.568;0.0;183.453;183.453
15;3;36;35.27;145.281;0.0;180.551;180.551
15;3;37;30.053;138.463;0.0;168.516;168.516
15;3;38;27.426;136.651;0.0;164.077;164.077
15;3;39;41.878;139.354;0.0;181.233;181.233
15;3;40;39.48;139.183;0.0;178.663;178.663
15;3;41;69.503;140.113;0.0;209.616;209.616
15;3;42;61.555;149.051;0.0;210.606;210.606
15;3;43;66.871;147.613;0.0;214.484;214.484
15;3;44;66.865;146.369;0.0;213.234;213.234
15;3;45;51.459;147.099;0.0;198.558;198.558
15;3;46;41.725;138.387;0.0;180.112;180.112
15;3;47;44.268;134.023;0.0;178.29;178.29
15;3;48;5.744;119.431;0.0;125.176;125.176
15;3;49;9.571;113.206;0.0;122.776;122.776
15;3;50;7.686;109.377;0.0;117.063;117.063
15;3;51;8.014;105.372;0.0;113.386;113.386
15;3;52;7.499;104.578;0.0;112.078;112.078
15;3;53;8.488;103.879;0.0;112.368;112.368
15;3;54;12.456;102.583;0.0;115.039;115.039
15;3;55;28.593;119.03;0.0;147.623;147.623
15;3;56;46.771;121.439;0.0;168.21;168.21
15;3;57;30.568;107.519;0.0;138.087;138.087
15;3;58;32.349;107.905;0.0;140.253;140.253
15;3;59;31.932;103.673;0.0;135.606;135.606
15;3;60;22.784;101.401;0.0;124.184;124.184
15;3;61;28.691;94.058;0.0;122.749;122.749
15;3;62;27.368;88.431;0.0;115.799;115.799
15;3;63;26.686;90.391;0.0;117.076;117.076
15;3;64;48.659;89.229;0.0;137.888;137.888
15;3;65;54.035;162.103;0.0;216.139;216.139
15;3;66;53.328;163.384;0.0;216.712;216.712
15;3;67;53.704;93.329;0.0;147.034;147.034
15;3;68;65.264;96.866;0.0;162.13;162.13
15;3;69;56.365;0.0;0.0;56.365;56.365
15;3;70;45.329;40.999;0.0;86.328;86.328
15;3;71;36.13;100.908;0.0;137.038;137.038
15;3;72;5.644;103.473;0.0;109.118;109.118
15;3;73;9.651;104.307;0.0;113.958;113.958
15;3;74;7.309;106.76;0.0;114.069;114.069
15;3;75;7.227;110.188;0.0;117.415;117.415
15;3;76;7.625;109.662;0.0;117.287;117.287
15;3;77;7.399;110.362;0.0;117.76;117.76
15;3;78;8.237;169.796;0.0;178.032;178.032
15;3;79;11.481;73.444;0.0;84.925;84.925
15;3;80;24.096;131.527;0.0;155.623;155.623
15;3;81;39.448;117.177;0.0;156.625;156.625
15;3;82;37.104;117.283;0.0;154.387;154.387
15;3;83;41.34;116.279;0.0;157.619;157.619
15;3;84;26.451;112.564;0.0;139.016;139.016
15;3;85;28.73;168.94;0.0;197.67;197.67
15;3;86;37.196;46.209;0.0;83.405;83.405
15;3;87;34.284;171.936;0.0;206.22;206.22
15;3;88;35.587;89.431;0.0;125.018;125.018
15;3;89;45.013;174.505;0.0;219.518;219.518
15;3;90;51.259;176.648;0.0;227.907;227.907
15;3;91;50.658;77.633;0.0;128.29;128.29
15;3;92;54.613;0.0;0.0;54.613;54.613
15;3;93;48.381;132.917;0.0;181.298;181.298
15;3;94;52.415;138.102;0.0;190.517;190.517
15;3;95;36.566;137.469;0.0;174.035;174.035
15;3;96;5.775;159.945;0.0;165.719;165.719
15;3;97;9.948;164.828;0.0;174.776;174.776
15;3;98;6.818;167.053;0.0;173.87;173.87
15;3;99;7.548;170.759;0.0;178.307;178.307
15;3;100;8.038;168.832;0.0;176.87;176.87
15;3;101;7.858;165.614;0.0;173.472;173.472
15;3;102;14.42;172.844;0.0;187.264;187.264
15;3;103;24.89;169.155;0.0;194.045;194.045
15;3;104;31.55;156.712;0.0;188.262;188.262
15;3;105;56.054;178.363;0.0;234.417;234.417
15;3;106;50.133;127.076;0.0;177.209;177.209
15;3;107;43.871;157.53;0.0;201.402;201.402
15;3;108;36.212;162.179;0.0;198.391;198.391
15;3;109;30.286;154.271;0.0;184.558;184.558
15;3;110;45.488;150.294;0.0;195.782;195.782
15;3;111;40.889;148.774;0.0;189.663;189.663
15;3;112;41.351;146.795;0.0;188.145;188.145
15;3;113;49.816;143.379;0.0;193.195;193.195
15;3;114;58.292;151.284;0.0;209.577;209.577
15;3;115;63.566;149.654;0.0;213.22;213.22
15;3;116;40.336;149.418;0.0;189.755;189.755
15;3;117;52.878;147.118;0.0;199.996;199.996
15;3;118;60.444;137.228;0.0;197.672;197.672
15;3;119;47.646;178.792;0.0;226.439;226.439
15;3;120;5.703;178.792;0.0;184.495;184.495
15;3;121;9.903;179.65;0.0;189.553;189.553
15;3;122;7.037;182.226;0.0;189.263;189.263
15;3;123;7.346;185.233;0.0;192.579;192.579
15;3;124;7.377;156.84;0.0;164.218;164.218
15;3;125;8.013;0.0;0.0;8.013;8.013
15;3;126;13.568;178.85;0.0;192.418;192.418
15;3;127;37.169;180.383;0.0;217.551;217.551
15;3;128;33.487;170.889;0.0;204.375;204.375
15;3;129;42.075;167.284;0.0;209.36;209.36
15;3;130;31.137;159.871;0.0;191.008;191.008
15;3;131;35.142;155.92;0.0;191.062;191.062
15;3;132;27.049;155.632;0.0;182.681;182.681
15;3;133;34.018;143.178;0.0;177.196;177.196
15;3;134;31.118;141.891;0.0;173.009;173.009
15;3;135;33.751;142.252;0.0;176.002;176.002
15;3;136;35.027;180.079;0.0;215.107;215.107
15;3;137;54.54;104.368;0.0;158.909;158.909
15;3;138;66.762;152.728;0.0;219.49;219.49
15;3;139;55.963;184.804;0.0;240.766;240.766
15;3;140;62.099;131.413;0.0;193.512;193.512
15;3;141;42.334;162.167;0.0;204.501;204.501
15;3;142;44.663;159.682;0.0;204.345;204.345
15;3;143;39.551;163.055;0.0;202.606;202.606
15;3;144;5.452;187.813;0.0;193.266;193.266
15;3;145;12.775;144.103;0.0;156.879;156.879
15;3;146;7.376;189.104;0.0;196.48;196.48
15;3;147;8.622;152.349;0.0;160.971;160.971
15;3;148;7.093;173.124;0.0;180.217;180.217
15;3;149;8.083;174.245;0.0;182.328;182.328
15;3;150;13.817;184.329;0.0;198.145;198.145
15;3;151;22.423;182.747;0.0;205.17;205.17
15;3;152;46.967;165.216;0.0;212.184;212.184
15;3;153;44.77;152.95;0.0;197.721;197.721
15;3;154;28.816;144.756;0.0;173.572;173.572
15;3;155;24.492;133.137;0.0;157.629;157.629
15;3;156;36.098;130.015;0.0;166.113;166.113
15;3;157;29.482;168.94;0.0;198.422;198.422
15;3;158;35.568;71.78;0.0;107.348;107.348
15;3;159;38.376;118.326;0.0;156.701;156.701
15;3;160;50.269;115.599;0.0;165.867;165.867
15;3;161;45.227;114.394;0.0;159.621;159.621
15;3;162;42.325;120.581;0.0;162.906;162.906
15;3;163;51.995;119.623;0.0;171.618;171.618
15;3;164;57.271;115.934;0.0;173.205;173.205
15;3;165;55.925;118.497;0.0;174.422;174.422
15;3;166;52.342;168.085;0.0;220.426;220.426
15;3;167;37.152;169.796;0.0;206.948;206.948
20;0;0;5.441;0.0;0.0;5.441;5.441
20;0;1;7.569;132.906;0.0;140.476;140.476
20;0;2;7.575;188.575;0.0;196.15;196.15
20;0;3;7.682;192.549;0.0;200.232;200.232
20;0;4;7.433;195.567;0.0;202.999;202.999
20;0;5;8.777;199.019;0.0;207.796;207.796
20;0;6;8.799;172.85;0.0;181.649;181.649
20;0;7;23.945;6.099;0.0;30.044;30.044
20;0;8;28.062;205.503;0.0;233.565;233.565
20;0;9;34.716;193.143;0.0;227.858;227.858
20;0;10;43.635;194.615;0.0;238.251;238.251
20;0;11;27.06;188.436;0.0;215.496;215.496
20;0;12;26.952;175.74;0.0;202.692;202.692
20;0;13;29.446;163.345;0.0;192.791;192.791
20;0;14;24.958;155.412;0.0;180.371;180.371
20;0;15;37.252;156.615;0.0;193.867;193.867
20;0;16;42.446;152.748;0.0;195.194;195.194
20;0;17;45.656;147.378;0.0;193.034;193.034
20;0;18;44.483;149.938;0.0;194.421;194.421
20;0;19;54.742;148.764;0.0;203.506;203.506
20;0;20;44.147;154.335;0.0;198.482;198.482
20;0;21;54.243;153.326;0.0;207.568;207.568
20;0;22;52.92;153.636;0.0;206.556;206.556
20;0;23;40.003;151.791;0.0;191.794;191.794
20;0;24;5.5;140.597;0.0;146.097;146.097
20;0;25;13.648;139.211;0.0;152.859;152.859
20;0;26;7.762;140.316;0.0;148.078;148.078
20;0;27;11.201;139.276;0.0;150.478;150.478
20;0;28;8.582;138.531;0.0;147.113;147.113
20;0;29;10.704;136.437;0.0;147.142;147.142
20;0;30;11.694;144.491;0.0;156.185;156.185
20;0;31;25.095;144.605;0.0;169.7;169.7
20;0;32;41.734;135.255;0.0;176.989;176.989
20;0;33;33.09;136.287;0.0;169.376;169.376
20;0;34;35.039;133.586;0.0;168.625;168.625
20;0;35;28.74;128.411;0.0;157.152;157.152
20;0;36;31.043;127.216;0.0;158.258;158.258
20;0;37;26.953;117.583;0.0;144.536;144.536
20;0;38;29.747;114.273;0.0;144.02;144.02
20;0;39;58.153;109.953;0.0;168.106;168.106
20;0;40;50.045;109.132;0.0;159.176;159.176
20;0;41;55.783;175.362;0.0;231.145;231.145
20;0;42;48.996;55.623;0.0;104.619;104.619
20;0;43;47.675;122.221;0.0;169.896;169.896
20;0;44;57.274;124.209;0.0;181.483;181.483
20;0;45;65.014;177.506;0.0;242.519;242.519
20;0;46;46.244;60.687;0.0;106.932;106.932
20;0;47;46.572;117.267;0.0;163.839;163.839
20;0;48;5.851;123.55;0.0;129.4;129.4
20;0;49;10.105;123.851;0.0;133.956;133.956
20;0;50;7.677;178.792;0.0;186.47;186.47
20;0;51;7.246;74.263;0.0;81.509;81.509
20;0;52;8.001;128.289;0.0;136.29;136.29
20;0;53;8.718;125.535;0.0;134.252;134.252
20;0;54;13.673;121.329;0.0;135.002;135.002
20;0;55;31.302;131.319;0.0;162.62;162.62
20;0;56;31.473;133.288;0.0;164.761;164.761
20;0;57;39.338;115.493;0.0;154.831;154.831
20;0;58;45.61;110.056;0.0;155.667;155.667
20;0;59;33.827;104.877;0.0;138.705;138.705
20;0;60;29.735;95.215;0.0;124.95;124.95
20;0;61;28.874;85.471;0.0;114.345;114.345
20;0;62;24.732;81.527;0.0;106.259;106.259
20;0;63;31.158;159.543;0.0;190.701;190.701
20;0;64;51.867;161.249;0.0;213.117;213.117
20;0;65;43.178;0.0;0.0;43.178;43.178
20;0;66;64.565;2.756;0.0;67.321;67.321
20;0;67;63.546;82.206;0.0;145.753;145.753
20;0;68;50.19;164.665;0.0;214.855;214.855
20;0;69;67.815;96.412;0.0;164.227;164.227
20;0;70;56.834;167.657;0.0;224.491;224.491
20;0;71;31.837;94.634;0.0;126.471;126.471
20;0;72;5.566;32.651;0.0;38.217;38.217
20;0;73;9.495;174.505;0.0;184.0;184.0
20;0;74;7.104;111.074;0.0;118.177;118.177
20;0;75;8.441;115.625;0.0;124.066;124.066
20;0;76;7.925;121.416;0.0;129.341;129.341
20;0;77;11.073;79.276;0.0;90.349;90.349
20;0;78;10.221;0.0;0.0;10.221;10.221
20;0;79;19.626;185.663;0.0;205.289;205.289
20;0;80;30.935;128.941;0.0;159.876;159.876
20;0;81;31.116;142.161;0.0;173.276;173.276
20;0;82;43.467;138.436;0.0;181.903;181.903
20;0;83;28.049;133.975;0.0;162.024;162.024
20;0;84;43.839;126.013;0.0;169.852;169.852
20;0;85;29.047;118.929;0.0;147.976;147.976
20;0;86;36.126;108.655;0.0;144.78;144.78
20;0;87;35.896;113.11;0.0;149.006;149.006
20;0;88;43.851;107.779;0.0;151.629;151.629
20;0;89;51.785;100.716;0.0;152.501;152.501
20;0;90;54.905;100.878;0.0;155.783;155.783
20;0;91;50.147;102.688;0.0;152.834;152.834
20;0;92;63.38;105.939;0.0;169.32;169.32
20;0;93;46.014;109.245;0.0;155.259;155.259
20;0;94;45.992;109.913;0.0;155.905;155.905
20;0;95;34.14;103.172;0.0;137.312;137.312
20;0;96;5.693;112.478;0.0;118.171;118.171
20;0;97;15.034;112.935;0.0;127.969;127.969
20;0;98;8.283;112.611;0.0;120.894;120.894
20;0;99;7.806;111.515;0.0;119.321;119.321
20;0;100;8.87;110.217;0.0;119.087;119.087
20;0;101;7.842;109.876;0.0;117.719;117.719
20;0;102;10.832;120.153;0.0;130.985;130.985
20;0;103;25.078;121.102;0.0;146.18;146.18
20;0;104;40.835;112.018;0.0;152.853;152.853
20;0;105;42.057;111.091;0.0;153.148;153.148
20;0;106;57.042;108.935;0.0;165.977;165.977
20;0;107;22.068;102.112;0.0;124.18;124.18
20;0;108;28.015;102.105;0.0;130.12;130.12
20;0;109;29.246;96.131;0.0;125.377;125.377
20;0;110;42.258;94.297;0.0;136.556;136.556
20;0;111;41.793;93.95;0.0;135.743;135.743
20;0;112;51.978;93.07;0.0;145.048;145.048
20;0;113;43.63;164.238;0.0;207.869;207.869
20;0;114;52.394;24.05;0.0;76.444;76.444
20;0;115;65.058;100.486;0.0;165.544;165.544
20;0;116;52.858;100.206;0.0;153.063;153.063
20;0;117;54.297;99.812;0.0;154.11;154.11
20;0;118;40.265;92.65;0.0;132.915;132.915
20;0;119;27.812;90.747;0.0;118.559;118.559
20;0;120;5.672;87.383;0.0;93.055;93.055
20;0;121;9.334;85.48;0.0;94.814;94.814
20;0;122;8.505;80.73;0.0;89.235;89.235
20;0;123;6.683;77.782;0.0;84.465;84.465
20;0;124;7.336;76.866;0.0;84.202;84.202
20;0;125;12.07;73.91;0.0;85.98;85.98
20;0;126;14.959;79.032;0.0;93.991;93.991
20;0;127;26.337;78.964;0.0;105.301;105.301
20;0;128;46.263;68.5;0.0;114.762;114.762
20;0;129;36.536;68.144;0.0;104.68;104.68
20;0;130;35.964;121.646;0.0;157.61;157.61
20;0;131;28.342;147.191;0.0;175.533;175.533
20;0;132;21.608;0.0;0.0;21.608;21.608
20;0;133;30.828;0.0;0.0;30.828;30.828
20;0;134;29.094;109.571;0.0;138.665;138.665
20;0;135;28.23;154.427;0.0;182.656;182.656
20;0;136;41.905;65.455;0.0;107.36;107.36
20;0;137;52.452;68.798;0.0;121.25;121.25
20;0;138;56.458;0.0;0.0;56.458;56.458
20;0;139;66.343;0.0;0.0;66.343;66.343
20;0;140;57.587;82.237;0.0;139.824;139.824
20;0;141;42.015;85.083;0.0;127.098;127.098
20;0;142;43.64;77.14;0.0;120.78;120.78
20;0;143;29.525;79.392;0.0;108.917;108.917
20;0;144;5.785;81.813;0.0;87.598;87.598
20;0;145;10.049;82.098;0.0;92.148;92.148
20;0;146;7.961;84.352;0.0;92.312;92.312
20;0;147;7.564;85.133;0.0;92.697;92.697
20;0;148;7.387;163.384;0.0;170.771;170.771
20;0;149;8.494;12.785;0.0;21.279;21.279
20;0;150;13.465;166.802;0.0;180.267;180.267
20;0;151;29.183;168.085;0.0;197.267;197.267
20;0;152;29.673;0.0;0.0;29.673;29.673
20;0;153;43.043;71.03;0.0;114.074;114.074
20;0;154;51.247;100.945;0.0;152.192;152.192
20;0;155;28.257;97.154;0.0;125.411;125.411
20;0;156;24.689;94.58;0.0;119.269;119.269
20;0;157;35.256;81.314;0.0;116.57;116.57
20;0;158;31.518;73.235;0.0;104.753;104.753
20;0;159;26.218;71.506;0.0;97.724;97.724
20;0;160;38.479;160.823;0.0;199.301;199.301
20;0;161;57.556;0.0;0.0;57.556;57.556
20;0;162;48.835;164.238;0.0;213.073;213.073
20;0;163;54.472;75.59;0.0;130.062;130.062
20;0;164;56.174;0.0;0.0;56.174;56.174
20;0;165;60.401;91.709;0.0;152.11;152.11
20;0;166;61.065;117.134;0.0;178.2;178.2
20;0;167;34.625;170.224;0.0;204.848;204.848
20;1;0;5.556;0.0;0.0;5.556;5.556
20;1;1;7.117;0.0;0.0;7.117;7.117
20;1;2;7.237;0.0;0.0;7.237;7.237
20;1;3;7.476;0.0;0.0;7.476;7.476
20;1;4;9.078;0.0;0.0;9.078;9.078
20;1;5;10.018;0.0;0.0;10.018;10.018
20;1;6;15.769;0.0;0.0;15.769;15.769
20;1;7;19.946;0.0;0.0;19.946;19.946
20;1;8;30.779;0.0;0.0;30.779;30.779
20;1;9;25.437;0.0;0.0;25.437;25.437
20;1;10;30.081;0.0;0.0;30.081;30.081
20;1;11;25.809;0.0;0.0;25.809;25.809
20;1;12;31.581;0.0;0.0;31.581;31.581
20;1;13;30.316;0.0;0.0;30.316;30.316
20;1;14;31.062;0.0;0.0;31.062;31.062
20;1;15;19.449;0.0;0.0;19.449;19.449
20;1;16;34.787;0.0;0.0;34.787;34.787
20;1;17;46.317;0.0;0.0;46.317;46.317
20;1;18;52.142;0.0;0.0;52.142;52.142
20;1;19;47.588;0.0;0.0;47.588;47.588
20;1;20;53.727;0.0;0.0;53.727;53.727
20;1;21;47.005;0.0;0.0;47.005;47.005
20;1;22;52.088;0.0;0.0;52.088;52.088
20;1;23;27.652;0.0;0.0;27.652;27.652
20;1;24;5.537;0.0;0.0;5.537;5.537
20;1;25;7.472;0.0;0.0;7.472;7.472
20;1;26;8.633;0.0;0.0;8.633;8.633
20;1;27;10.279;0.0;0.0;10.279;10.279
20;1;28;11.091;0.0;0.0;11.091;11.091
20;1;29;12.638;0.0;0.0;12.638;12.638
20;1;30;23.045;0.0;0.0;23.045;23.045
20;1;31;27.063;5.688;0.0;32.751;32.751
20;1;32;31.882;1.86;0.0;33.742;33.742
20;1;33;27.509;1.771;0.0;29.28;29.28
20;1;34;46.815;1.596;0.0;48.412;48.412
20;1;35;26.705;2.016;0.0;28.721;28.721
20;1;36;38.463;2.564;0.0;41.028;41.028
20;1;37;32.259;1.378;0.0;33.637;33.637
20;1;38;29.824;1.249;0.0;31.072;31.072
20;1;39;33.636;2.835;0.0;36.471;36.471
20;1;40;31.196;0.0;0.0;31.196;31.196
20;1;41;49.948;37.942;0.0;87.89;87.89
20;1;42;39.862;0.0;0.0;39.862;39.862
20;1;43;38.274;0.0;0.0;38.274;38.274
20;1;44;49.168;0.0;0.0;49.168;49.168
20;1;45;68.166;0.0;0.0;68.166;68.166
20;1;46;55.194;0.0;0.0;55.194;55.194
20;1;47;40.404;0.0;0.0;40.404;40.404
20;1;48;5.587;0.0;0.0;5.587;5.587
20;1;49;8.168;0.0;0.0;8.168;8.168
20;1;50;8.398;0.0;0.0;8.398;8.398
20;1;51;8.393;0.0;0.0;8.393;8.393
20;1;52;7.837;0.0;0.0;7.837;7.837
20;1;53;7.614;0.0;0.0;7.614;7.614
20;1;54;8.712;0.0;0.0;8.712;8.712
20;1;55;14.814;0.0;0.0;14.814;14.814
20;1;56;36.136;0.0;0.0;36.136;36.136
20;1;57;17.35;0.0;0.0;17.35;17.35
20;1;58;39.009;1.955;0.0;40.964;40.964
20;1;59;32.812;1.652;0.0;34.464;34.464
20;1;60;28.284;1.277;0.0;29.561;29.561
20;1;61;29.525;1.553;0.0;31.078;31.078
20;1;62;26.087;2.248;0.0;28.335;28.335
20;1;63;29.249;44.724;0.0;73.974;73.974
20;1;64;29.366;0.0;0.0;29.366;29.366
20;1;65;38.062;0.0;0.0;38.062;38.062
20;1;66;46.726;0.0;0.0;46.726;46.726
20;1;67;60.323;0.0;0.0;60.323;60.323
20;1;68;56.566;0.0;0.0;56.566;56.566
20;1;69;42.631;0.0;0.0;42.631;42.631
20;1;70;56.778;0.0;0.0;56.778;56.778
20;1;71;34.101;0.0;0.0;34.101;34.101
20;1;72;5.584;0.0;0.0;5.584;5.584
20;1;73;7.115;0.0;0.0;7.115;7.115
20;1;74;7.355;0.0;0.0;7.355;7.355
20;1;75;7.517;0.0;0.0;7.517;7.517
20;1;76;7.784;0.0;0.0;7.784;7.784
20;1;77;8.264;0.0;0.0;8.264;8.264
20;1;78;10.001;0.0;0.0;10.001;10.001
20;1;79;10.264;0.0;0.0;10.264;10.264
20;1;80;21.506;0.0;0.0;21.506;21.506
20;1;81;25.746;2.255;0.0;28.001;28.001
20;1;82;30.147;1.937;0.0;32.085;32.085
20;1;83;27.866;1.738;0.0;29.604;29.604
20;1;84;35.503;1.243;0.0;36.745;36.745
20;1;85;33.516;1.747;0.0;35.262;35.262
20;1;86;30.314;2.141;0.0;32.454;32.454
20;1;87;43.778;39.015;0.0;82.793;82.793
20;1;88;36.414;0.0;0.0;36.414;36.414
20;1;89;44.281;0.0;0.0;44.281;44.281
20;1;90;36.865;0.0;0.0;36.865;36.865
20;1;91;39.171;0.0;0.0;39.171;39.171
20;1;92;44.294;0.0;0.0;44.294;44.294
20;1;93;52.993;0.0;0.0;52.993;52.993
20;1;94;45.558;0.0;0.0;45.558;45.558
20;1;95;37.013;0.0;0.0;37.013;37.013
20;1;96;6.429;0.0;0.0;6.429;6.429
20;1;97;11.26;0.0;0.0;11.26;11.26
20;1;98;8.052;0.0;0.0;8.052;8.052
20;1;99;7.537;0.0;0.0;7.537;7.537
20;1;100;11.67;0.0;0.0;11.67;11.67
20;1;101;7.071;0.0;0.0;7.071;7.071
20;1;102;7.011;0.0;0.0;7.011;7.011
20;1;103;19.04;0.0;0.0;19.04;19.04
20;1;104;29.159;0.0;0.0;29.159;29.159
20;1;105;52.01;2.066;0.0;54.076;54.076
20;1;106;39.401;2.076;0.0;41.477;41.477
20;1;107;40.913;1.932;0.0;42.845;42.845
20;1;108;30.92;2.937;0.0;33.857;33.857
20;1;109;35.889;1.508;0.0;37.396;37.396
20;1;110;36.168;1.595;0.0;37.762;37.762
20;1;111;32.119;1.848;0.0;33.966;33.966
20;1;112;37.604;1.871;0.0;39.476;39.476
20;1;113;44.946;33.115;0.0;78.061;78.061
20;1;114;40.143;0.0;0.0;40.143;40.143
20;1;115;47.535;0.0;0.0;47.535;47.535
20;1;116;61.584;0.0;0.0;61.584;61.584
20;1;117;56.475;0.0;0.0;56.475;56.475
20;1;118;59.879;0.0;0.0;59.879;59.879
20;1;119;43.986;0.0;0.0;43.986;43.986
20;1;120;5.884;0.0;0.0;5.884;5.884
20;1;121;9.468;0.0;0.0;9.468;9.468
20;1;122;7.254;0.0;0.0;7.254;7.254
20;1;123;9.122;0.0;0.0;9.122;9.122
20;1;124;8.57;0.0;0.0;8.57;8.57
20;1;125;6.571;0.0;0.0;6.571;6.571
20;1;126;16.541;0.0;0.0;16.541;16.541
20;1;127;33.247;0.0;0.0;33.247;33.247
20;1;128;32.813;0.0;0.0;32.813;32.813
20;1;129;31.145;1.978;0.0;33.123;33.123
20;1;130;24.17;2.138;0.0;26.307;26.307
20;1;131;34.843;1.958;0.0;36.801;36.801
20;1;132;30.927;3.268;0.0;34.195;34.195
20;1;133;32.938;1.52;0.0;34.458;34.458
20;1;134;27.08;1.667;0.0;28.747;28.747
20;1;135;28.82;1.604;0.0;30.424;30.424
20;1;136;59.928;1.083;0.0;61.01;61.01
20;1;137;39.237;30.11;0.0;69.347;69.347
20;1;138;54.516;0.0;0.0;54.516;54.516
20;1;139;59.02;0.0;0.0;59.02;59.02
20;1;140;56.771;0.0;0.0;56.771;56.771
20;1;141;49.109;0.0;0.0;49.109;49.109
20;1;142;69.681;0.0;0.0;69.681;69.681
20;1;143;40.935;0.0;0.0;40.935;40.935
20;1;144;5.524;0.0;0.0;5.524;5.524
20;1;145;10.374;0.0;0.0;10.374;10.374
20;1;146;7.616;0.0;0.0;7.616;7.616
20;1;147;8.356;0.0;0.0;8.356;8.356
20;1;148;7.122;0.0;0.0;7.122;7.122
20;1;149;8.113;0.0;0.0;8.113;8.113
20;1;150;9.078;0.0;0.0;9.078;9.078
20;1;151;22.761;0.0;0.0;22.761;22.761
20;1;152;27.679;0.0;0.0;27.679;27.679
20;1;153;31.32;2.129;0.0;33.449;33.449
20;1;154;26.432;2.228;0.0;28.66;28.66
20;1;155;26.688;1.289;0.0;27.977;27.977
20;1;156;30.138;2.861;0.0;32.999;32.999
20;1;157;26.009;1.54;0.0;27.549;27.549
20;1;158;40.623;1.258;0.0;41.881;41.881
20;1;159;30.38;83.828;0.0;114.209;114.209
20;1;160;35.677;0.0;0.0;35.677;35.677
20;1;161;48.145;0.0;0.0;48.145;48.145
20;1;162;52.467;0.0;0.0;52.467;52.467
20;1;163;40.077;0.0;0.0;40.077;40.077
20;1;164;56.85;0.0;0.0;56.85;56.85
20;1;165;58.103;0.0;0.0;58.103;58.103
20;1;166;54.126;0.0;0.0;54.126;54.126
20;1;167;52.475;0.0;0.0;52.475;52.475
20;2;0;5.806;0.0;0.0;5.806;5.806
20;2;1;9.661;0.0;0.0;9.661;9.661
20;2;2;7.807;125.923;0.0;133.73;133.73
20;2;3;8.566;0.0;0.0;8.566;8.566
20;2;4;12.599;0.0;0.0;12.599;12.599
20;2;5;8.509;147.191;0.0;155.7;155.7
20;2;6;14.196;0.0;0.0;14.196;14.196
20;2;7;26.663;21.655;0.0;48.318;48.318
20;2;8;36.299;0.0;0.0;36.299;36.299
20;2;9;26.12;54.754;0.0;80.874;80.874
20;2;10;36.185;50.01;0.0;86.195;86.195
20;2;11;34.641;41.872;0.0;76.513;76.513
20;2;12;32.994;34.073;0.0;67.067;67.067
20;2;13;37.06;24.247;0.0;61.307;61.307
20;2;14;26.823;22.197;0.0;49.021;49.021
20;2;15;23.713;32.918;0.0;56.631;56.631
20;2;16;57.119;137.846;0.0;194.966;194.966
20;2;17;37.756;21.744;0.0;59.5;59.5
20;2;18;48.618;0.0;0.0;48.618;48.618
20;2;19;51.007;68.789;0.0;119.796;119.796
20;2;20;47.749;42.077;0.0;89.827;89.827
20;2;21;50.533;0.0;0.0;50.533;50.533
20;2;22;73.602;91.885;0.0;165.488;165.488
20;2;23;41.288;21.816;0.0;63.103;63.103
20;2;24;5.854;0.0;0.0;5.854;5.854
20;2;25;7.817;0.0;0.0;7.817;7.817
20;2;26;7.99;139.058;0.0;147.048;147.048
20;2;27;9.406;0.0;0.0;9.406;9.406
20;2;28;7.555;154.387;0.0;161.942;161.942
20;2;29;10.651;0.0;0.0;10.651;10.651
20;2;30;17.551;89.022;0.0;106.573;106.573
20;2;31;26.853;92.62;0.0;119.473;119.473
20;2;32;38.424;89.821;0.0;128.246;128.246
20;2;33;38.488;83.025;0.0;121.513;121.513
20;2;34;42.074;71.312;0.0;113.386;113.386
20;2;35;26.878;61.534;0.0;88.412;88.412
20;2;36;38.892;46.297;0.0;85.189;85.189
20;2;37;25.016;34.515;0.0;59.531;59.531
20;2;38;34.416;25.25;0.0;59.666;59.666
20;2;39;34.566;20.15;0.0;54.716;54.716
20;2;40;35.387;126.673;0.0;162.059;162.059
20;2;41;45.357;29.166;0.0;74.522;74.522
20;2;42;50.058;25.136;0.0;75.195;75.195
20;2;43;55.415;28.875;0.0;84.29;84.29
20;2;44;69.777;31.865;0.0;101.641;101.641
20;2;45;45.448;34.88;0.0;80.328;80.328
20;2;46;54.373;0.0;0.0;54.373;54.373
20;2;47;31.334;2.831;0.0;34.165;34.165
20;2;48;5.902;0.0;0.0;5.902;5.902
20;2;49;10.52;0.0;0.0;10.52;10.52
20;2;50;6.83;38.528;0.0;45.358;45.358
20;2;51;7.443;40.715;0.0;48.158;48.158
20;2;52;7.155;41.18;0.0;48.335;48.335
20;2;53;9.966;42.357;0.0;52.323;52.323
20;2;54;14.209;39.813;0.0;54.022;54.022
20;2;55;23.793;46.291;0.0;70.084;70.084
20;2;56;53.032;45.058;0.0;98.09;98.09
20;2;57;40.997;35.326;0.0;76.323;76.323
20;2;58;31.269;32.352;0.0;63.621;63.621
20;2;59;35.193;28.946;0.0;64.139;64.139
20;2;60;19.302;25.223;0.0;44.524;44.524
20;2;61;25.744;20.487;0.0;46.23;46.23
20;2;62;30.948;16.85;0.0;47.798;47.798
20;2;63;36.475;18.617;0.0;55.091;55.091
20;2;64;44.961;22.708;0.0;67.67;67.67
20;2;65;48.003;130.216;0.0;178.218;178.218
20;2;66;43.641;0.0;0.0;43.641;43.641
20;2;67;60.059;29.928;0.0;89.987;89.987
20;2;68;53.821;0.0;0.0;53.821;53.821
20;2;69;61.468;0.0;0.0;61.468;61.468
20;2;70;49.145;0.0;0.0;49.145;49.145
20;2;71;50.233;0.0;0.0;50.233;50.233
20;2;72;5.761;0.0;0.0;5.761;5.761
20;2;73;13.087;31.49;0.0;44.577;44.577
20;2;74;8.188;32.842;0.0;41.03;41.03
20;2;75;8.285;33.802;0.0;42.087;42.087
20;2;76;8.54;34.606;0.0;43.146;43.146
20;2;77;7.499;36.101;0.0;43.601;43.601
20;2;78;12.784;37.088;0.0;49.872;49.872
20;2;79;14.522;48.926;0.0;63.448;63.448
20;2;80;34.425;49.678;0.0;84.103;84.103
20;2;81;30.692;39.624;0.0;70.315;70.315
20;2;82;26.797;37.606;0.0;64.404;64.404
20;2;83;24.793;29.958;0.0;54.751;54.751
20;2;84;39.713;22.307;0.0;62.019;62.019
20;2;85;33.913;18.18;0.0;52.094;52.094
20;2;86;38.512;131.91;0.0;170.422;170.422
20;2;87;35.792;9.117;0.0;44.908;44.908
20;2;88;43.859;0.0;0.0;43.859;43.859
20;2;89;48.915;0.0;0.0;48.915;48.915
20;2;90;40.415;0.0;0.0;40.415;40.415
20;2;91;55.956;0.0;0.0;55.956;55.956
20;2;92;48.883;139.544;0.0;188.427;188.427
20;2;93;47.563;32.401;0.0;79.964;79.964
20;2;94;41.739;0.0;0.0;41.739;41.739
20;2;95;40.801;32.241;0.0;73.042;73.042
20;2;96;5.457;0.0;0.0;5.457;5.457
20;2;97;9.357;0.0;0.0;9.357;9.357
20;2;98;7.953;53.582;0.0;61.535;61.535
20;2;99;7.874;149.743;0.0;157.617;157.617
20;2;100;8.8;25.387;0.0;34.187;34.187
20;2;101;7.209;0.0;0.0;7.209;7.209
20;2;102;10.806;68.753;0.0;79.56;79.56
20;2;103;21.381;70.655;0.0;92.036;92.036
20;2;104;39.216;65.922;0.0;105.138;105.138
20;2;105;49.73;62.592;0.0;112.322;112.322
20;2;106;44.199;56.921;0.0;101.12;101.12
20;2;107;49.396;51.971;0.0;101.367;101.367
20;2;108;32.691;51.329;0.0;84.02;84.02
20;2;109;30.002;86.973;0.0;116.976;116.976
20;2;110;44.449;0.0;0.0;44.449;44.449
20;2;111;46.057;42.758;0.0;88.814;88.814
20;2;112;42.407;43.177;0.0;85.584;85.584
20;2;113;41.342;45.572;0.0;86.914;86.914
20;2;114;46.59;50.146;0.0;96.736;96.736
20;2;115;56.756;52.927;0.0;109.683;109.683
20;2;116;46.71;54.99;0.0;101.7;101.7
20;2;117;35.382;57.238;0.0;92.62;92.62
20;2;118;52.762;52.211;0.0;104.973;104.973
20;2;119;31.993;151.871;0.0;183.864;183.864
20;2;120;5.794;0.0;0.0;5.794;5.794
20;2;121;7.115;92.569;0.0;99.685;99.685
20;2;122;8.998;0.0;0.0;8.998;8.998
20;2;123;14.292;67.98;0.0;82.272;82.272
20;2;124;8.146;69.779;0.0;77.925;77.925
20;2;125;7.547;70.819;0.0;78.365;78.365
20;2;126;12.151;78.728;0.0;90.879;90.879
20;2;127;23.361;75.311;0.0;98.672;98.672
20;2;128;37.291;69.877;0.0;107.168;107.168
20;2;129;34.935;67.029;0.0;101.964;101.964
20;2;130;37.87;63.136;0.0;101.006;101.006
20;2;131;28.028;56.983;0.0;85.01;85.01
20;2;132;24.831;51.457;0.0;76.287;76.287
20;2;133;30.709;42.061;0.0;72.77;72.77
20;2;134;23.165;140.817;0.0;163.982;163.982
20;2;135;35.786;70.651;0.0;106.437;106.437
20;2;136;39.555;0.0;0.0;39.555;39.555
20;2;137;59.133;0.0;0.0;59.133;59.133
20;2;138;54.216;0.0;0.0;54.216;54.216
20;2;139;54.698;148.467;0.0;203.165;203.165
20;2;140;65.542;0.0;0.0;65.542;65.542
20;2;141;47.593;0.0;0.0;47.593;47.593
20;2;142;64.161;90.805;0.0;154.966;154.966
20;2;143;31.621;0.0;0.0;31.621;31.621
20;2;144;7.292;60.094;0.0;67.386;67.386
20;2;145;7.841;61.968;0.0;69.81;69.81
20;2;146;7.641;64.666;0.0;72.306;72.306
20;2;147;8.324;65.72;0.0;74.044;74.044
20;2;148;10.037;67.388;0.0;77.425;77.425
20;2;149;8.417;67.656;0.0;76.073;76.073
20;2;150;15.832;77.384;0.0;93.216;93.216
20;2;151;30.477;76.76;0.0;107.236;107.236
20;2;152;34.531;68.961;0.0;103.491;103.491
20;2;153;41.256;66.232;0.0;107.487;107.487
20;2;154;45.085;62.336;0.0;107.421;107.421
20;2;155;32.229;58.305;0.0;90.534;90.534
20;2;156;30.222;54.227;0.0;84.449;84.449
20;2;157;34.879;44.378;0.0;79.258;79.258
20;2;158;23.821;39.376;0.0;63.197;63.197
20;2;159;27.318;35.915;0.0;63.233;63.233
20;2;160;36.451;34.165;0.0;70.616;70.616
20;2;161;57.554;33.34;0.0;90.894;90.894
20;2;162;51.751;39.785;0.0;91.536;91.536
20;2;163;55.991;40.953;0.0;96.944;96.944
20;2;164;55.087;41.159;0.0;96.245;96.245
20;2;165;50.906;42.081;0.0;92.987;92.987
20;2;166;43.04;38.732;0.0;81.772;81.772
20;2;167;33.183;131.232;0.0;164.414;164.414
20;3;0;6.358;19.253;0.0;25.611;25.611
20;3;1;10.568;138.721;0.0;149.289;149.289
20;3;2;7.835;138.693;0.0;146.529;146.529
20;3;3;8.21;140.493;0.0;148.702;148.702
20;3;4;8.066;185.663;0.0;193.729;193.729
20;3;5;8.171;104.144;0.0;112.315;112.315
20;3;6;15.507;158.251;0.0;173.757;173.757
20;3;7;28.718;159.077;0.0;187.795;187.795
20;3;8;47.044;147.48;0.0;194.524;194.524
20;3;9;35.036;144.626;0.0;179.663;179.663
20;3;10;34.362;139.073;0.0;173.435;173.435
20;3;11;32.364;131.88;0.0;164.244;164.244
20;3;12;30.212;129.934;0.0;160.146;160.146
20;3;13;26.681;117.246;0.0;143.927;143.927
20;3;14;38.72;113.327;0.0;152.047;152.047
20;3;15;34.908;166.802;0.0;201.71;201.71
20;3;16;38.497;168.94;0.0;207.437;207.437
20;3;17;46.901;33.673;0.0;80.574;80.574
20;3;18;57.796;174.077;0.0;231.873;231.873
20;3;19;56.088;0.0;0.0;56.088;56.088
20;3;20;65.558;60.254;0.0;125.812;125.812
20;3;21;43.265;122.585;0.0;165.849;165.849
20;3;22;53.007;145.119;0.0;198.126;198.126
20;3;23;22.314;184.374;0.0;206.687;206.687
20;3;24;5.597;186.093;0.0;191.69;191.69
20;3;25;10.3;0.0;0.0;10.3;10.3
20;3;26;7.307;142.017;0.0;149.324;149.324
20;3;27;9.902;144.251;0.0;154.152;154.152
20;3;28;7.804;146.909;0.0;154.713;154.713
20;3;29;7.388;149.738;0.0;157.126;157.126
20;3;30;8.45;160.262;0.0;168.711;168.711
20;3;31;40.368;161.216;0.0;201.584;201.584
20;3;32;42.845;151.67;0.0;194.515;194.515
20;3;33;30.501;150.033;0.0;180.534;180.534
20;3;34;28.734;140.186;0.0;168.92;168.92
20;3;35;35.884;134.268;0.0;170.153;170.153
20;3;36;35.27;132.187;0.0;167.457;167.457
20;3;37;30.053;125.984;0.0;156.037;156.037
20;3;38;27.426;124.335;0.0;151.761;151.761
20;3;39;41.878;126.795;0.0;168.673;168.673
20;3;40;39.48;126.638;0.0;166.119;166.119
20;3;41;69.503;127.485;0.0;196.988;196.988
20;3;42;61.555;135.617;0.0;197.172;197.172
20;3;43;66.871;134.309;0.0;201.18;201.18
20;3;44;66.865;133.177;0.0;200.042;200.042
20;3;45;51.459;133.841;0.0;185.3;185.3
20;3;46;41.725;125.914;0.0;167.639;167.639
20;3;47;44.268;121.943;0.0;166.211;166.211
20;3;48;5.744;108.667;0.0;114.412;114.412
20;3;49;9.571;103.003;0.0;112.573;112.573
20;3;50;7.686;99.519;0.0;107.205;107.205
20;3;51;8.014;95.875;0.0;103.889;103.889
20;3;52;7.499;95.153;0.0;102.652;102.652
20;3;53;8.488;94.517;0.0;103.005;103.005
20;3;54;12.456;93.337;0.0;105.793;105.793
20;3;55;28.593;108.302;0.0;136.895;136.895
20;3;56;46.771;110.494;0.0;157.265;157.265
20;3;57;30.568;97.829;0.0;128.397;128.397
20;3;58;32.349;98.18;0.0;130.528;130.528
20;3;59;31.932;94.329;0.0;126.262;126.262
20;3;60;22.784;92.262;0.0;115.045;115.045
20;3;61;28.691;85.581;0.0;114.272;114.272
20;3;62;27.368;80.461;0.0;107.829;107.829
20;3;63;26.686;82.244;0.0;108.93;108.93
20;3;64;48.659;81.187;0.0;129.846;129.846
20;3;65;54.035;148.119;0.0;202.155;202.155
20;3;66;53.328;163.384;0.0;216.712;216.712
20;3;67;53.704;83.94;0.0;137.644;137.644
20;3;68;65.264;88.281;0.0;153.546;153.546
20;3;69;56.365;0.0;0.0;56.365;56.365
20;3;70;45.329;22.662;0.0;67.991;67.991
20;3;71;36.13;91.813;0.0;127.944;127.944
20;3;72;5.644;94.148;0.0;99.792;99.792
20;3;73;9.651;94.906;0.0;104.557;104.557
20;3;74;7.309;97.138;0.0;104.447;104.447
20;3;75;7.227;100.257;0.0;107.484;107.484
20;3;76;7.625;99.779;0.0;107.403;107.403
20;3;77;7.399;100.415;0.0;107.813;107.813
20;3;78;8.237;169.796;0.0;178.032;178.032
20;3;79;11.481;51.484;0.0;62.965;62.965
20;3;80;24.096;119.673;0.0;143.769;143.769
20;3;81;39.448;106.616;0.0;146.064;146.064
20;3;82;37.104;106.712;0.0;143.817;143.817
20;3;83;41.34;105.799;0.0;147.139;147.139
20;3;84;26.451;102.419;0.0;128.87;128.87
20;3;85;28.73;168.94;0.0;197.67;197.67
20;3;86;37.196;26.741;0.0;63.937;63.937
20;3;87;34.284;171.936;0.0;206.22;206.22
20;3;88;35.587;49.454;0.0;85.041;85.041
20;3;89;45.013;174.505;0.0;219.518;219.518
20;3;90;51.259;176.648;0.0;227.907;227.907
20;3;91;50.658;55.107;0.0;105.764;105.764
20;3;92;54.613;0.0;0.0;54.613;54.613
20;3;93;48.381;120.937;0.0;169.319;169.319
20;3;94;52.415;125.655;0.0;178.071;178.071
20;3;95;36.566;125.079;0.0;161.645;161.645
20;3;96;5.775;145.529;0.0;151.304;151.304
20;3;97;9.948;149.973;0.0;159.921;159.921
20;3;98;6.818;151.997;0.0;158.814;158.814
20;3;99;7.548;155.369;0.0;162.917;162.917
20;3;100;8.038;153.615;0.0;161.654;161.654
20;3;101;7.858;150.688;0.0;158.546;158.546
20;3;102;14.42;157.266;0.0;171.686;171.686
20;3;103;24.89;153.909;0.0;178.799;178.799
20;3;104;31.55;142.588;0.0;174.138;174.138
20;3;105;56.054;178.363;0.0;234.417;234.417
20;3;106;50.133;99.325;0.0;149.459;149.459
20;3;107;43.871;143.333;0.0;187.204;187.204
20;3;108;36.212;147.562;0.0;183.774;183.774
20;3;109;30.286;140.367;0.0;170.654;170.654
20;3;110;45.488;136.748;0.0;182.236;182.236
20;3;111;40.889;135.366;0.0;176.255;176.255
20;3;112;41.351;133.565;0.0;174.915;174.915
20;3;113;49.816;130.456;0.0;180.272;180.272
20;3;114;58.292;137.649;0.0;195.942;195.942
20;3;115;63.566;136.166;0.0;199.732;199.732
20;3;116;40.336;135.952;0.0;176.288;176.288
20;3;117;52.878;133.859;0.0;186.737;186.737
20;3;118;60.444;124.86;0.0;185.304;185.304
20;3;119;47.646;126.659;0.0;174.306;174.306
20;3;120;5.703;178.792;0.0;184.495;184.495
20;3;121;9.903;179.65;0.0;189.553;189.553
20;3;122;7.037;182.226;0.0;189.263;189.263
20;3;123;7.346;177.008;0.0;184.354;184.354
20;3;124;7.377;120.81;0.0;128.188;128.188
20;3;125;8.013;0.0;0.0;8.013;8.013
20;3;126;13.568;162.731;0.0;176.298;176.298
20;3;127;37.169;164.125;0.0;201.294;201.294
20;3;128;33.487;155.487;0.0;188.974;188.974
20;3;129;42.075;152.208;0.0;194.283;194.283
20;3;130;31.137;145.462;0.0;176.599;176.599
20;3;131;35.142;141.867;0.0;177.01;177.01
20;3;132;27.049;141.605;0.0;168.654;168.654
20;3;133;34.018;130.273;0.0;164.292;164.292
20;3;134;31.118;129.102;0.0;160.221;160.221
20;3;135;33.751;129.431;0.0;163.182;163.182
20;3;136;35.027;180.079;0.0;215.107;215.107
20;3;137;54.54;78.664;0.0;133.205;133.205
20;3;138;66.762;138.963;0.0;205.725;205.725
20;3;139;55.963;184.804;0.0;240.766;240.766
20;3;140;62.099;102.888;0.0;164.987;164.987
20;3;141;42.334;147.551;0.0;189.885;189.885
20;3;142;44.663;145.291;0.0;189.953;189.953
20;3;143;39.551;148.36;0.0;187.91;187.91
20;3;144;5.452;187.813;0.0;193.266;193.266
20;3;145;12.775;114.166;0.0;126.941;126.941
20;3;146;7.376;189.104;0.0;196.48;196.48
20;3;147;8.622;121.553;0.0;130.175;130.175
20;3;148;7.093;157.521;0.0;164.614;164.614
20;3;149;8.083;158.541;0.0;166.624;166.624
20;3;150;13.817;167.716;0.0;181.532;181.532
20;3;151;22.423;166.276;0.0;188.7;188.7
20;3;152;46.967;150.326;0.0;197.293;197.293
20;3;153;44.77;139.165;0.0;183.936;183.936
20;3;154;28.816;131.71;0.0;160.525;160.525
20;3;155;24.492;121.138;0.0;145.63;145.63
20;3;156;36.098;118.297;0.0;154.395;154.395
20;3;157;29.482;168.94;0.0;198.422;198.422
20;3;158;35.568;50.046;0.0;85.614;85.614
20;3;159;38.376;107.661;0.0;146.037;146.037
20;3;160;50.269;105.18;0.0;155.449;155.449
20;3;161;45.227;104.084;0.0;149.311;149.311
20;3;162;42.325;109.713;0.0;152.039;152.039
20;3;163;51.995;108.842;0.0;160.836;160.836
20;3;164;57.271;105.485;0.0;162.756;162.756
20;3;165;55.925;105.584;0.0;161.51;161.51
20;3;166;52.342;168.085;0.0;220.426;220.426
20;3;167;37.152;141.558;0.0;178.711;178.711
