Support_Year;Cluster;Timestep;to_network_kW;from_network_kW;to_main_grid_kW;from_main_grid_kW;to_grid_kW;from_grid_kW
0;0;0;0.0;0.0;0.0;184.134;0.0;184.134
0;0;1;0.0;0.0;0.0;189.743;0.0;189.743
0;0;2;0.0;0.0;0.0;9.868;0.0;9.868
0;0;3;0.0;0.0;0.0;71.838;0.0;71.838
0;0;4;0.0;0.0;0.0;184.213;0.0;184.213
0;0;5;0.0;0.0;0.0;194.321;0.0;194.321
0;0;6;0.0;0.0;0.0;195.089;0.0;195.089
0;0;7;0.0;0.0;0.0;217.258;0.0;217.258
0;0;8;0.0;0.0;0.0;198.511;0.0;198.511
0;0;9;0.0;0.0;0.0;185.187;0.0;185.187
0;0;10;0.0;0.0;0.0;155.605;0.0;155.605
0;0;11;0.0;132.713;0.0;12.051;0.0;144.764
0;0;12;0.0;0.0;0.0;139.148;0.0;139.148
0;0;13;0.0;0.0;0.0;137.114;0.0;137.114
0;0;14;0.0;0.0;0.0;199.471;0.0;199.471
0;0;15;0.0;0.0;0.0;197.477;0.0;197.477
0;0;16;0.0;62.738;0.0;128.192;0.0;190.93
0;0;17;0.0;0.0;0.0;56.5;0.0;56.5
0;0;18;0.0;0.0;0.0;219.12;0.0;219.12
0;0;19;0.0;0.0;0.0;133.195;0.0;133.195
0;0;20;0.0;0.0;0.0;234.723;0.0;234.723
0;0;21;0.0;0.0;0.0;180.067;0.0;180.067
0;0;22;0.0;0.0;0.0;180.825;0.0;180.825
0;0;23;0.0;0.0;0.0;36.401;0.0;36.401
0;0;24;0.0;0.0;0.0;19.626;0.0;19.626
0;0;25;0.0;0.0;0.0;165.206;0.0;165.206
0;0;26;0.0;0.0;0.0;167.043;0.0;167.043
0;0;27;0.0;0.0;0.0;176.491;0.0;176.491
0;0;28;0.0;0.0;0.0;195.16;0.0;195.16
0;0;29;0.0;0.0;0.0;196.147;0.0;196.147
0;0;30;0.0;0.0;0.0;201.589;0.0;201.589
0;0;31;0.0;0.0;0.0;225.757;0.0;225.757
0;0;32;0.0;0.0;0.0;234.701;0.0;234.701
0;0;33;0.0;0.0;0.0;219.743;0.0;219.743
0;0;34;0.0;0.0;0.0;209.488;0.0;209.488
0;0;35;0.0;0.0;0.0;203.177;0.0;203.177
0;0;36;0.0;0.0;0.0;192.982;0.0;192.982
0;0;37;0.0;211.53;0.0;0.0;0.0;211.53
0;0;38;0.0;219.592;0.0;0.0;0.0;219.592
0;0;39;0.0;133.934;0.0;0.0;0.0;133.934
0;0;40;0.0;0.0;0.0;184.469;0.0;184.469
0;0;41;0.0;0.0;0.0;201.999;0.0;201.999
0;0;42;0.0;0.0;0.0;212.518;0.0;212.518
0;0;43;0.0;0.0;0.0;210.206;0.0;210.206
0;0;44;0.0;0.0;0.0;220.597;0.0;220.597
0;0;45;0.0;0.0;0.0;219.081;0.0;219.081
0;0;46;0.0;0.0;0.0;199.185;0.0;199.185
0;0;47;0.0;0.0;0.0;189.407;0.0;189.407
0;0;48;0.0;0.0;0.0;132.768;0.0;132.768
0;0;49;0.0;0.0;0.0;139.977;0.0;139.977
0;0;50;0.0;0.0;0.0;136.606;0.0;136.606
0;0;51;0.0;0.0;0.0;140.741;0.0;140.741
0;0;52;0.0;0.0;0.0;140.756;0.0;140.756
0;0;53;0.0;0.0;0.0;143.507;0.0;143.507
0;0;54;0.0;0.0;0.0;147.798;0.0;147.798
0;0;55;0.0;0.0;0.0;199.969;0.0;199.969
0;0;56;0.0;0.0;0.0;222.841;0.0;222.841
0;0;57;0.0;89.253;0.0;83.086;0.0;172.338
0;0;58;0.0;0.0;0.0;156.137;0.0;156.137
0;0;59;0.0;72.767;0.0;74.592;0.0;147.359
0;0;60;0.0;127.525;0.0;0.0;0.0;127.525
0;0;61;0.0;0.0;0.0;119.052;0.0;119.052
0;0;62;0.0;0.0;0.0;114.887;0.0;114.887
0;0;63;0.0;24.12;0.0;94.115;0.0;118.234
0;0;64;0.0;57.755;0.0;59.184;0.0;116.939
0;0;65;0.0;0.0;0.0;109.85;0.0;109.85
0;0;66;0.0;0.0;0.0;125.39;0.0;125.39
0;0;67;0.0;0.0;0.0;220.192;0.0;220.192
0;0;68;0.0;0.0;0.0;108.937;0.0;108.937
0;0;69;0.0;0.0;0.0;58.384;0.0;58.384
0;0;70;0.0;0.0;0.0;132.997;0.0;132.997
0;0;71;0.0;0.0;0.0;117.456;0.0;117.456
0;0;72;0.0;0.0;0.0;166.92;0.0;166.92
0;0;73;0.0;0.0;0.0;23.987;0.0;23.987
0;0;74;0.0;0.0;0.0;98.99;0.0;98.99
0;0;75;0.0;0.0;0.0;103.338;0.0;103.338
0;0;76;0.0;0.0;0.0;98.978;0.0;98.978
0;0;77;0.0;0.0;0.0;101.541;0.0;101.541
0;0;78;0.0;0.0;0.0;104.708;0.0;104.708
0;0;79;0.0;0.0;0.0;140.009;0.0;140.009
0;0;80;0.0;0.0;0.0;150.469;0.0;150.469
0;0;81;0.0;0.0;0.0;129.874;0.0;129.874
0;0;82;0.0;0.0;0.0;124.25;0.0;124.25
0;0;83;0.0;19.11;0.0;90.995;0.0;110.105
0;0;84;0.0;0.0;0.0;118.298;0.0;118.298
0;0;85;0.0;0.0;0.0;114.884;0.0;114.884
0;0;86;0.0;0.0;0.0;110.623;0.0;110.623
0;0;87;0.0;0.0;0.0;171.366;0.0;171.366
0;0;88;0.0;0.0;0.0;184.643;0.0;184.643
0;0;89;0.0;32.097;0.0;170.965;0.0;203.063
0;0;90;0.0;0.0;0.0;44.815;0.0;44.815
0;0;91;0.0;0.0;0.0;220.221;0.0;220.221
0;0;92;0.0;0.0;0.0;93.292;0.0;93.292
0;0;93;0.0;0.0;0.0;223.679;0.0;223.679
0;0;94;0.0;0.0;0.0;81.176;0.0;81.176
0;0;95;0.0;0.0;0.0;213.367;0.0;213.367
0;0;96;0.0;0.0;0.0;182.032;0.0;182.032
0;0;97;0.0;0.0;0.0;174.645;0.0;174.645
0;0;98;0.0;0.0;0.0;181.515;0.0;181.515
0;0;99;0.0;0.0;0.0;12.277;0.0;12.277
0;0;100;0.0;0.0;0.0;146.473;0.0;146.473
0;0;101;0.0;0.0;0.0;194.967;0.0;194.967
0;0;102;0.0;0.0;0.0;198.971;0.0;198.971
0;0;103;0.0;0.0;0.0;215.137;0.0;215.137
0;0;104;0.0;0.0;0.0;226.914;0.0;226.914
0;0;105;0.0;45.16;0.0;188.885;0.0;234.045
0;0;106;0.0;0.0;0.0;204.203;0.0;204.203
0;0;107;0.0;0.0;0.0;210.224;0.0;210.224
0;0;108;0.0;0.0;0.0;202.929;0.0;202.929
0;0;109;0.0;0.0;0.0;198.665;0.0;198.665
0;0;110;0.0;0.0;0.0;190.727;0.0;190.727
0;0;111;0.0;0.0;0.0;174.288;0.0;174.288
0;0;112;0.0;0.0;0.0;183.907;0.0;183.907
0;0;113;0.0;0.0;0.0;226.178;0.0;226.178
0;0;114;0.0;0.0;0.0;229.671;0.0;229.671
0;0;115;0.0;0.0;0.0;245.408;0.0;245.408
0;0;116;0.0;0.0;0.0;242.724;0.0;242.724
0;0;117;0.0;0.0;0.0;234.074;0.0;234.074
0;0;118;0.0;0.0;0.0;233.557;0.0;233.557
0;0;119;0.0;0.0;0.0;231.41;0.0;231.41
0;0;120;0.0;0.0;0.0;7.503;0.0;7.503
0;0;121;0.0;0.0;0.0;148.322;0.0;148.322
0;0;122;0.0;0.0;0.0;197.981;0.0;197.981
0;0;123;0.0;0.0;0.0;197.99;0.0;197.99
0;0;124;0.0;0.0;0.0;196.142;0.0;196.142
0;0;125;0.0;0.0;0.0;201.493;0.0;201.493
0;0;126;0.0;0.0;0.0;202.425;0.0;202.425
0;0;127;0.0;0.0;0.0;231.028;0.0;231.028
0;0;128;0.0;0.0;0.0;232.655;0.0;232.655
0;0;129;0.0;0.0;0.0;224.496;0.0;224.496
0;0;130;0.0;0.0;0.0;210.231;0.0;210.231
0;0;131;0.0;0.0;0.0;210.265;0.0;210.265
0;0;132;0.0;0.0;0.0;194.804;0.0;194.804
0;0;133;0.0;0.0;0.0;179.143;0.0;179.143
0;0;134;0.0;0.0;0.0;203.573;0.0;203.573
0;0;135;0.0;0.0;0.0;207.722;0.0;207.722
0;0;136;0.0;56.263;0.0;166.523;0.0;222.786
0;0;137;0.0;52.942;0.0;172.294;0.0;225.236
0;0;138;0.0;0.0;0.0;244.538;0.0;244.538
0;0;139;0.0;0.0;0.0;245.993;0.0;245.993
0;0;140;0.0;0.0;0.0;237.65;0.0;237.65
0;0;141;0.0;0.0;0.0;250.177;0.0;250.177
0;0;142;0.0;0.0;0.0;256.993;0.0;256.993
0;0;143;0.0;0.0;0.0;218.025;0.0;218.025
0;0;144;0.0;0.0;0.0;58.576;0.0;58.576
0;0;145;0.0;0.0;0.0;205.663;0.0;205.663
0;0;146;0.0;0.0;0.0;201.517;0.0;201.517
0;0;147;0.0;0.0;0.0;201.346;0.0;201.346
0;0;148;0.0;0.0;0.0;201.239;0.0;201.239
0;0;149;0.0;0.0;0.0;204.5;0.0;204.5
0;0;150;0.0;0.0;0.0;203.012;0.0;203.012
0;0;151;0.0;0.0;0.0;225.343;0.0;225.343
0;0;152;0.0;0.0;0.0;241.333;0.0;241.333
0;0;153;0.0;0.0;0.0;232.387;0.0;232.387
0;0;154;0.0;0.0;0.0;223.32;0.0;223.32
0;0;155;0.0;0.0;0.0;213.93;0.0;213.93
0;0;156;0.0;0.0;0.0;206.092;0.0;206.092
0;0;157;0.0;0.0;0.0;177.135;0.0;177.135
0;0;158;0.0;0.0;0.0;166.184;0.0;166.184
0;0;159;0.0;0.0;0.0;168.912;0.0;168.912
0;0;160;0.0;0.0;0.0;211.404;0.0;211.404
0;0;161;0.0;0.0;0.0;218.485;0.0;218.485
0;0;162;0.0;0.0;0.0;221.411;0.0;221.411
0;0;163;0.0;0.0;0.0;227.297;0.0;227.297
0;0;164;0.0;0.0;0.0;236.925;0.0;236.925
0;0;165;0.0;0.0;0.0;197.016;0.0;197.016
0;0;166;0.0;0.0;0.0;240.754;0.0;240.754
0;0;167;0.0;0.0;0.0;126.02;0.0;126.02
0;1;0;0.0;0.0;0.0;7.529;0.0;7.529
0;1;1;0.0;0.0;0.0;12.166;0.0;12.166
0;1;2;0.0;0.0;0.0;9.759;0.0;9.759
0;1;3;0.0;0.0;0.0;12.531;0.0;12.531
0;1;4;0.0;0.0;0.0;11.731;0.0;11.731
0;1;5;0.0;0.0;0.0;11.157;0.0;11.157
0;1;6;0.0;0.0;0.0;17.907;0.0;17.907
0;1;7;0.0;35.569;0.0;0.0;0.0;35.569
0;1;8;0.0;43.38;0.0;0.0;0.0;43.38
0;1;9;0.0;47.579;0.0;0.0;0.0;47.579
0;1;10;0.0;56.187;0.0;0.0;0.0;56.187
0;1;11;0.0;39.313;0.0;0.0;0.0;39.313
0;1;12;0.0;43.482;0.0;0.0;0.0;43.482
0;1;13;0.0;47.751;0.0;0.0;0.0;47.751
0;1;14;0.0;41.271;0.0;0.0;0.0;41.271
0;1;15;0.0;39.599;0.0;0.0;0.0;39.599
0;1;16;0.0;48.458;0.0;0.0;0.0;48.458
0;1;17;0.0;47.748;0.0;0.0;0.0;47.748
0;1;18;0.0;65.792;0.0;0.0;0.0;65.792
0;1;19;0.0;0.0;0.0;68.97;0.0;68.97
0;1;20;0.0;0.0;0.0;69.913;0.0;69.913
0;1;21;0.0;0.0;0.0;65.959;0.0;65.959
0;1;22;0.0;0.0;0.0;63.839;0.0;63.839
0;1;23;0.0;0.0;0.0;48.306;0.0;48.306
0;1;24;0.0;0.0;0.0;7.535;0.0;7.535
0;1;25;0.0;0.0;0.0;8.984;0.0;8.984
0;1;26;0.0;0.0;0.0;10.941;0.0;10.941
0;1;27;0.0;0.0;0.0;9.861;0.0;9.861
0;1;28;0.0;0.0;0.0;10.643;0.0;10.643
0;1;29;0.0;0.0;0.0;10.714;0.0;10.714
0;1;30;0.0;0.0;0.0;15.305;0.0;15.305
0;1;31;0.0;38.537;0.0;0.0;0.0;38.537
0;1;32;0.0;44.832;0.0;0.0;0.0;44.832
0;1;33;0.0;42.642;0.0;0.0;0.0;42.642
0;1;34;0.0;40.9;0.0;0.0;0.0;40.9
0;1;35;0.0;39.772;0.0;0.0;0.0;39.772
0;1;36;0.0;36.47;0.0;0.0;0.0;36.47
0;1;37;0.0;38.697;0.0;0.0;0.0;38.697
0;1;38;0.0;36.198;0.0;0.0;0.0;36.198
0;1;39;0.0;111.137;0.0;0.0;0.0;111.137
0;1;40;0.0;48.577;0.0;0.0;0.0;48.577
0;1;41;0.0;47.922;0.0;0.0;0.0;47.922
0;1;42;0.0;43.446;0.0;0.0;0.0;43.446
0;1;43;0.0;0.0;0.0;73.201;0.0;73.201
0;1;44;0.0;0.0;0.0;65.368;0.0;65.368
0;1;45;0.0;0.0;0.0;74.74;0.0;74.74
0;1;46;0.0;0.0;0.0;79.871;0.0;79.871
0;1;47;0.0;0.0;0.0;36.799;0.0;36.799
0;1;48;0.0;0.0;0.0;7.558;0.0;7.558
0;1;49;0.0;0.0;0.0;11.075;0.0;11.075
0;1;50;0.0;0.0;0.0;11.445;0.0;11.445
0;1;51;0.0;0.0;0.0;11.457;0.0;11.457
0;1;52;0.0;0.0;0.0;9.816;0.0;9.816
0;1;53;0.0;0.0;0.0;10.751;0.0;10.751
0;1;54;0.0;0.0;0.0;11.091;0.0;11.091
0;1;55;0.0;32.752;0.0;0.0;0.0;32.752
0;1;56;0.0;41.68;0.0;0.0;0.0;41.68
0;1;57;0.0;38.964;0.0;0.0;0.0;38.964
0;1;58;0.0;46.217;0.0;0.0;0.0;46.217
0;1;59;0.0;48.851;0.0;0.0;0.0;48.851
0;1;60;0.0;43.684;0.0;0.0;0.0;43.684
0;1;61;0.0;36.403;0.0;0.0;0.0;36.403
0;1;62;0.0;46.972;0.0;0.0;0.0;46.972
0;1;63;0.0;33.717;0.0;0.0;0.0;33.717
0;1;64;0.0;101.232;0.0;0.0;0.0;101.232
0;1;65;0.0;37.919;0.0;0.0;0.0;37.919
0;1;66;0.0;50.193;0.0;0.0;0.0;50.193
0;1;67;0.0;0.0;0.0;60.729;0.0;60.729
0;1;68;0.0;0.0;0.0;79.498;0.0;79.498
0;1;69;0.0;0.0;0.0;71.926;0.0;71.926
0;1;70;0.0;0.0;0.0;54.205;0.0;54.205
0;1;71;0.0;0.0;0.0;47.046;0.0;47.046
0;1;72;0.0;0.0;0.0;7.482;0.0;7.482
0;1;73;0.0;0.0;0.0;11.424;0.0;11.424
0;1;74;0.0;0.0;0.0;10.566;0.0;10.566
0;1;75;0.0;0.0;0.0;10.401;0.0;10.401
0;1;76;0.0;0.0;0.0;11.218;0.0;11.218
0;1;77;0.0;0.0;0.0;14.061;0.0;14.061
0;1;78;0.0;0.0;0.0;14.356;0.0;14.356
0;1;79;0.0;16.242;0.0;0.0;0.0;16.242
0;1;80;0.0;36.68;0.0;0.0;0.0;36.68
0;1;81;0.0;52.238;0.0;0.0;0.0;52.238
0;1;82;0.0;49.404;0.0;0.0;0.0;49.404
0;1;83;0.0;44.567;0.0;0.0;0.0;44.567
0;1;84;0.0;42.026;0.0;0.0;0.0;42.026
0;1;85;0.0;35.417;0.0;0.0;0.0;35.417
0;1;86;0.0;44.142;0.0;0.0;0.0;44.142
0;1;87;0.0;99.613;0.0;0.0;0.0;99.613
0;1;88;0.0;39.183;0.0;0.0;0.0;39.183
0;1;89;0.0;45.756;0.0;0.0;0.0;45.756
0;1;90;0.0;38.544;0.0;0.0;0.0;38.544
0;1;91;0.0;0.0;0.0;58.075;0.0;58.075
0;1;92;0.0;0.0;0.0;60.634;0.0;60.634
0;1;93;0.0;0.0;0.0;48.063;0.0;48.063
0;1;94;0.0;0.0;0.0;52.452;0.0;52.452
0;1;95;0.0;0.0;0.0;40.887;0.0;40.887
0;1;96;0.0;0.0;0.0;7.412;0.0;7.412
0;1;97;0.0;0.0;0.0;11.068;0.0;11.068
0;1;98;0.0;0.0;0.0;10.624;0.0;10.624
0;1;99;0.0;0.0;0.0;10.421;0.0;10.421
0;1;100;0.0;0.0;0.0;9.254;0.0;9.254
0;1;101;0.0;0.0;0.0;11.839;0.0;11.839
0;1;102;0.0;0.0;0.0;15.644;0.0;15.644
0;1;103;0.0;22.949;0.0;0.0;0.0;22.949
0;1;104;0.0;30.946;0.0;0.0;0.0;30.946
0;1;105;0.0;48.452;0.0;0.0;0.0;48.452
0;1;106;0.0;49.201;0.0;0.0;0.0;49.201
0;1;107;0.0;52.309;0.0;0.0;0.0;52.309
0;1;108;0.0;53.308;0.0;0.0;0.0;53.308
0;1;109;0.0;49.016;0.0;0.0;0.0;49.016
0;1;110;0.0;118.449;0.0;0.0;0.0;118.449
0;1;111;0.0;47.278;0.0;0.0;0.0;47.278
0;1;112;0.0;50.562;0.0;0.0;0.0;50.562
0;1;113;0.0;49.378;0.0;0.0;0.0;49.378
0;1;114;0.0;46.632;0.0;0.0;0.0;46.632
0;1;115;0.0;0.0;0.0;60.103;0.0;60.103
0;1;116;0.0;0.0;0.0;61.515;0.0;61.515
0;1;117;0.0;0.0;0.0;55.863;0.0;55.863
0;1;118;0.0;0.0;0.0;63.102;0.0;63.102
0;1;119;0.0;0.0;0.0;41.108;0.0;41.108
0;1;120;0.0;0.0;0.0;7.619;0.0;7.619
0;1;121;0.0;0.0;0.0;11.147;0.0;11.147
0;1;122;0.0;0.0;0.0;9.85;0.0;9.85
0;1;123;0.0;0.0;0.0;11.929;0.0;11.929
0;1;124;0.0;0.0;0.0;10.074;0.0;10.074
0;1;125;0.0;0.0;0.0;13.56;0.0;13.56
0;1;126;0.0;0.0;0.0;12.101;0.0;12.101
0;1;127;0.0;43.804;0.0;0.0;0.0;43.804
0;1;128;0.0;41.745;0.0;0.0;0.0;41.745
0;1;129;0.0;42.154;0.0;0.0;0.0;42.154
0;1;130;0.0;43.715;0.0;0.0;0.0;43.715
0;1;131;0.0;36.152;0.0;0.0;0.0;36.152
0;1;132;0.0;45.556;0.0;0.0;0.0;45.556
0;1;133;0.0;35.511;0.0;0.0;0.0;35.511
0;1;134;0.0;39.407;0.0;0.0;0.0;39.407
0;1;135;0.0;34.67;0.0;0.0;0.0;34.67
0;1;136;0.0;100.249;0.0;0.0;0.0;100.249
0;1;137;0.0;47.954;0.0;0.0;0.0;47.954
0;1;138;0.0;47.493;0.0;0.0;0.0;47.493
0;1;139;0.0;0.0;0.0;74.199;0.0;74.199
0;1;140;0.0;0.0;0.0;71.958;0.0;71.958
0;1;141;0.0;0.0;0.0;78.264;0.0;78.264
0;1;142;0.0;0.0;0.0;57.149;0.0;57.149
0;1;143;0.0;0.0;0.0;58.087;0.0;58.087
0;1;144;0.0;0.0;0.0;7.461;0.0;7.461
0;1;145;0.0;0.0;0.0;12.297;0.0;12.297
0;1;146;0.0;0.0;0.0;11.135;0.0;11.135
0;1;147;0.0;0.0;0.0;11.104;0.0;11.104
0;1;148;0.0;0.0;0.0;9.835;0.0;9.835
0;1;149;0.0;0.0;0.0;11.968;0.0;11.968
0;1;150;0.0;0.0;0.0;14.53;0.0;14.53
0;1;151;0.0;37.994;0.0;0.0;0.0;37.994
0;1;152;0.0;41.161;0.0;0.0;0.0;41.161
0;1;153;0.0;48.543;0.0;0.0;0.0;48.543
0;1;154;0.0;38.371;0.0;0.0;0.0;38.371
0;1;155;0.0;42.003;0.0;0.0;0.0;42.003
0;1;156;0.0;46.628;0.0;0.0;0.0;46.628
0;1;157;0.0;48.54;0.0;0.0;0.0;48.54
0;1;158;0.0;41.038;0.0;0.0;0.0;41.038
0;1;159;0.0;136.6;0.0;0.0;0.0;136.6
0;1;160;0.0;46.533;0.0;0.0;0.0;46.533
0;1;161;0.0;111.118;0.0;0.0;0.0;111.118
0;1;162;0.0;48.327;0.0;0.0;0.0;48.327
0;1;163;0.0;0.0;0.0;86.572;0.0;86.572
0;1;164;0.0;0.0;0.0;73.365;0.0;73.365
0;1;165;0.0;0.0;0.0;70.574;0.0;70.574
0;1;166;0.0;0.0;0.0;68.77;0.0;68.77
0;1;167;0.0;0.0;0.0;55.211;0.0;55.211
0;2;0;0.0;0.0;0.0;7.519;0.0;7.519
0;2;1;0.0;0.0;0.0;9.982;0.0;9.982
0;2;2;0.0;0.0;0.0;156.168;0.0;156.168
0;2;3;0.0;0.0;0.0;12.89;0.0;12.89
0;2;4;0.0;0.0;0.0;88.265;0.0;88.265
0;2;5;0.0;0.0;0.0;160.689;0.0;160.689
0;2;6;0.0;0.0;0.0;19.58;0.0;19.58
0;2;7;0.0;0.0;0.0;43.546;0.0;43.546
0;2;8;0.0;0.0;0.0;60.949;0.0;60.949
0;2;9;0.0;123.719;0.0;0.0;0.0;123.719
0;2;10;0.0;108.217;0.0;0.0;0.0;108.217
0;2;11;0.0;107.362;0.0;0.0;0.0;107.362
0;2;12;0.0;181.681;0.0;0.0;0.0;181.681
0;2;13;0.0;178.618;0.0;0.0;0.0;178.618
0;2;14;0.0;81.022;0.0;0.0;0.0;81.022
0;2;15;0.0;0.0;0.0;39.083;0.0;39.083
0;2;16;0.0;0.0;0.0;106.338;0.0;106.338
0;2;17;0.0;0.0;0.0;92.748;0.0;92.748
0;2;18;0.0;0.0;0.0;56.416;0.0;56.416
0;2;19;0.0;0.0;0.0;173.417;0.0;173.417
0;2;20;0.0;0.0;0.0;127.257;0.0;127.257
0;2;21;0.0;0.0;0.0;61.892;0.0;61.892
0;2;22;0.0;0.0;0.0;196.475;0.0;196.475
0;2;23;0.0;0.0;0.0;87.827;0.0;87.827
0;2;24;0.0;0.0;0.0;7.566;0.0;7.566
0;2;25;0.0;0.0;0.0;11.725;0.0;11.725
0;2;26;0.0;0.0;0.0;175.87;0.0;175.87
0;2;27;0.0;0.0;0.0;10.748;0.0;10.748
0;2;28;0.0;0.0;0.0;178.388;0.0;178.388
0;2;29;0.0;0.0;0.0;68.804;0.0;68.804
0;2;30;0.0;0.0;0.0;148.308;0.0;148.308
0;2;31;0.0;0.0;0.0;173.269;0.0;173.269
0;2;32;0.0;0.0;0.0;184.038;0.0;184.038
0;2;33;0.0;159.646;0.0;0.0;0.0;159.646
0;2;34;0.0;139.941;0.0;0.0;0.0;139.941
0;2;35;0.0;125.932;0.0;0.0;0.0;125.932
0;2;36;0.0;105.211;0.0;0.0;0.0;105.211
0;2;37;0.0;86.329;0.0;0.0;0.0;86.329
0;2;38;0.0;170.538;0.0;0.0;0.0;170.538
0;2;39;0.0;163.19;0.0;0.0;0.0;163.19
0;2;40;0.0;77.804;0.0;0.0;0.0;77.804
0;2;41;0.0;0.0;0.0;80.72;0.0;80.72
0;2;42;0.0;0.0;0.0;102.699;0.0;102.699
0;2;43;0.0;0.0;0.0;103.133;0.0;103.133
0;2;44;0.0;0.0;0.0;111.074;0.0;111.074
0;2;45;0.0;0.0;0.0;79.459;0.0;79.459
0;2;46;0.0;0.0;0.0;56.144;0.0;56.144
0;2;47;0.0;0.0;0.0;43.666;0.0;43.666
0;2;48;0.0;0.0;0.0;7.554;0.0;7.554
0;2;49;0.0;0.0;0.0;9.184;0.0;9.184
0;2;50;0.0;0.0;0.0;58.829;0.0;58.829
0;2;51;0.0;0.0;0.0;60.612;0.0;60.612
0;2;52;0.0;0.0;0.0;61.453;0.0;61.453
0;2;53;0.0;0.0;0.0;63.702;0.0;63.702
0;2;54;0.0;0.0;0.0;62.587;0.0;62.587
0;2;55;0.0;0.0;0.0;100.625;0.0;100.625
0;2;56;0.0;0.0;0.0;117.451;0.0;117.451
0;2;57;0.0;0.0;0.0;88.241;0.0;88.241
0;2;58;0.0;0.0;0.0;83.6;0.0;83.6
0;2;59;0.0;0.0;0.0;73.0;0.0;73.0
0;2;60;0.0;0.0;0.0;65.329;0.0;65.329
0;2;61;0.0;0.0;0.0;53.179;0.0;53.179
0;2;62;0.0;0.0;0.0;59.93;0.0;59.93
0;2;63;0.0;0.0;0.0;54.948;0.0;54.948
0;2;64;0.0;0.0;0.0;138.422;0.0;138.422
0;2;65;0.0;0.0;0.0;195.784;0.0;195.784
0;2;66;0.0;0.0;0.0;64.171;0.0;64.171
0;2;67;0.0;0.0;0.0;59.359;0.0;59.359
0;2;68;0.0;0.0;0.0;85.975;0.0;85.975
0;2;69;0.0;0.0;0.0;69.631;0.0;69.631
0;2;70;0.0;0.0;0.0;62.278;0.0;62.278
0;2;71;0.0;0.0;0.0;33.443;0.0;33.443
0;2;72;0.0;0.0;0.0;10.713;0.0;10.713
0;2;73;0.0;0.0;0.0;52.142;0.0;52.142
0;2;74;0.0;0.0;0.0;54.826;0.0;54.826
0;2;75;0.0;0.0;0.0;59.341;0.0;59.341
0;2;76;0.0;0.0;0.0;58.318;0.0;58.318
0;2;77;0.0;0.0;0.0;59.117;0.0;59.117
0;2;78;0.0;0.0;0.0;61.508;0.0;61.508
0;2;79;0.0;0.0;0.0;94.805;0.0;94.805
0;2;80;0.0;0.0;0.0;110.282;0.0;110.282
0;2;81;0.0;0.0;0.0;98.472;0.0;98.472
0;2;82;0.0;0.0;0.0;85.613;0.0;85.613
0;2;83;0.0;17.985;0.0;54.536;0.0;72.521
0;2;84;0.0;168.344;0.0;0.0;0.0;168.344
0;2;85;0.0;169.077;0.0;0.0;0.0;169.077
0;2;86;0.0;0.0;0.0;67.34;0.0;67.34
0;2;87;0.0;0.0;0.0;68.201;0.0;68.201
0;2;88;0.0;0.0;0.0;53.938;0.0;53.938
0;2;89;0.0;0.0;0.0;57.259;0.0;57.259
0;2;90;0.0;0.0;0.0;66.474;0.0;66.474
0;2;91;0.0;0.0;0.0;67.656;0.0;67.656
0;2;92;0.0;0.0;0.0;206.703;0.0;206.703
0;2;93;0.0;0.0;0.0;101.22;0.0;101.22
0;2;94;0.0;0.0;0.0;60.145;0.0;60.145
0;2;95;0.0;0.0;0.0;79.863;0.0;79.863
0;2;96;0.0;0.0;0.0;7.501;0.0;7.501
0;2;97;0.0;0.0;0.0;15.296;0.0;15.296
0;2;98;0.0;0.0;0.0;97.838;0.0;97.838
0;2;99;0.0;0.0;0.0;163.231;0.0;163.231
0;2;100;0.0;0.0;0.0;130.948;0.0;130.948
0;2;101;0.0;0.0;0.0;12.258;0.0;12.258
0;2;102;0.0;0.0;0.0;123.871;0.0;123.871
0;2;103;0.0;0.0;0.0;137.445;0.0;137.445
0;2;104;0.0;0.0;0.0;151.992;0.0;151.992
0;2;105;0.0;135.522;0.0;7.054;0.0;142.576
0;2;106;0.0;94.67;0.0;33.728;0.0;128.398
0;2;107;0.0;0.0;0.0;131.989;0.0;131.989
0;2;108;0.0;113.377;0.0;13.333;0.0;126.71
0;2;109;0.0;29.756;0.0;145.359;0.0;175.115
0;2;110;0.0;0.0;0.0;40.867;0.0;40.867
0;2;111;0.0;0.0;0.0;108.879;0.0;108.879
0;2;112;0.0;0.0;0.0;129.079;0.0;129.079
0;2;113;0.0;0.0;0.0;119.664;0.0;119.664
0;2;114;0.0;0.0;0.0;139.584;0.0;139.584
0;2;115;0.0;0.0;0.0;144.743;0.0;144.743
0;2;116;0.0;0.0;0.0;153.354;0.0;153.354
0;2;117;0.0;0.0;0.0;139.532;0.0;139.532
0;2;118;0.0;0.0;0.0;133.501;0.0;133.501
0;2;119;0.0;0.0;0.0;195.298;0.0;195.298
0;2;120;0.0;0.0;0.0;18.299;0.0;18.299
0;2;121;0.0;0.0;0.0;176.482;0.0;176.482
0;2;122;0.0;0.0;0.0;37.781;0.0;37.781
0;2;123;0.0;0.0;0.0;108.207;0.0;108.207
0;2;124;0.0;0.0;0.0;111.532;0.0;111.532
0;2;125;0.0;0.0;0.0;112.577;0.0;112.577
0;2;126;0.0;0.0;0.0;130.948;0.0;130.948
0;2;127;0.0;0.0;0.0;152.851;0.0;152.851
0;2;128;0.0;0.0;0.0;167.207;0.0;167.207
0;2;129;0.0;0.0;0.0;137.946;0.0;137.946
0;2;130;0.0;0.0;0.0;133.408;0.0;133.408
0;2;131;0.0;0.0;0.0;116.785;0.0;116.785
0;2;132;0.0;0.0;0.0;110.186;0.0;110.186
0;2;133;0.0;73.565;0.0;27.674;0.0;101.238
0;2;134;0.0;0.0;0.0;177.085;0.0;177.085
0;2;135;0.0;0.0;0.0;189.644;0.0;189.644
0;2;136;0.0;0.0;0.0;54.745;0.0;54.745
0;2;137;0.0;0.0;0.0;59.686;0.0;59.686
0;2;138;0.0;0.0;0.0;63.869;0.0;63.869
0;2;139;0.0;0.0;0.0;231.466;0.0;231.466
0;2;140;0.0;0.0;0.0;125.843;0.0;125.843
0;2;141;0.0;0.0;0.0;76.027;0.0;76.027
0;2;142;0.0;0.0;0.0;220.256;0.0;220.256
0;2;143;0.0;0.0;0.0;47.912;0.0;47.912
0;2;144;0.0;0.0;0.0;94.214;0.0;94.214
0;2;145;0.0;0.0;0.0;102.551;0.0;102.551
0;2;146;0.0;0.0;0.0;104.771;0.0;104.771
0;2;147;0.0;0.0;0.0;106.091;0.0;106.091
0;2;148;0.0;0.0;0.0;108.492;0.0;108.492
0;2;149;0.0;0.0;0.0;106.991;0.0;106.991
0;2;150;0.0;0.0;0.0;125.848;0.0;125.848
0;2;151;0.0;0.0;0.0;153.992;0.0;153.992
0;2;152;0.0;0.0;0.0;140.792;0.0;140.792
0;2;153;0.0;0.0;0.0;136.174;0.0;136.174
0;2;154;0.0;0.0;0.0;142.342;0.0;142.342
0;2;155;0.0;0.0;0.0;117.454;0.0;117.454
0;2;156;0.0;0.0;0.0;112.17;0.0;112.17
0;2;157;0.0;0.0;0.0;116.583;0.0;116.583
0;2;158;0.0;0.0;0.0;95.616;0.0;95.616
0;2;159;0.0;0.0;0.0;84.251;0.0;84.251
0;2;160;0.0;0.0;0.0;98.95;0.0;98.95
0;2;161;0.0;0.0;0.0;104.64;0.0;104.64
0;2;162;0.0;0.0;0.0;117.647;0.0;117.647
0;2;163;0.0;0.0;0.0;123.052;0.0;123.052
0;2;164;0.0;0.0;0.0;122.858;0.0;122.858
0;2;165;0.0;0.0;0.0;122.661;0.0;122.661
0;2;166;0.0;0.0;0.0;199.782;0.0;199.782
0;2;167;0.0;0.0;0.0;203.86;0.0;203.86
0;3;0;0.0;0.0;0.0;196.884;0.0;196.884
0;3;1;0.0;0.0;0.0;200.955;0.0;200.955
0;3;2;0.0;0.0;0.0;199.154;0.0;199.154
0;3;3;0.0;0.0;0.0;199.799;0.0;199.799
0;3;4;0.0;0.0;0.0;200.137;0.0;200.137
0;3;5;0.0;0.0;0.0;202.819;0.0;202.819
0;3;6;0.0;0.0;0.0;207.962;0.0;207.962
0;3;7;0.0;0.0;0.0;236.475;0.0;236.475
0;3;8;0.0;0.0;0.0;253.808;0.0;253.808
0;3;9;0.0;0.0;0.0;245.056;0.0;245.056
0;3;10;0.0;27.737;0.0;242.589;0.0;270.326
0;3;11;0.0;0.0;0.0;235.279;0.0;235.279
0;3;12;0.0;229.036;0.0;0.0;0.0;229.036
0;3;13;0.0;82.582;0.0;132.041;0.0;214.623
0;3;14;0.0;208.447;0.0;0.0;0.0;208.447
0;3;15;0.0;201.334;0.0;0.0;0.0;201.334
0;3;16;0.0;0.0;0.0;225.862;0.0;225.862
0;3;17;0.0;0.0;0.0;239.472;0.0;239.472
0;3;18;0.0;0.0;0.0;236.01;0.0;236.01
0;3;19;0.0;0.0;0.0;254.373;0.0;254.373
0;3;20;0.0;0.0;0.0;247.928;0.0;247.928
0;3;21;0.0;0.0;0.0;260.286;0.0;260.286
0;3;22;0.0;0.0;0.0;252.606;0.0;252.606
0;3;23;0.0;0.0;0.0;244.021;0.0;244.021
0;3;24;0.0;0.0;0.0;197.345;0.0;197.345
0;3;25;0.0;0.0;0.0;207.635;0.0;207.635
0;3;26;0.0;0.0;0.0;204.163;0.0;204.163
0;3;27;0.0;0.0;0.0;202.404;0.0;202.404
0;3;28;0.0;0.0;0.0;204.772;0.0;204.772
0;3;29;0.0;0.0;0.0;206.577;0.0;206.577
0;3;30;0.0;0.0;0.0;205.689;0.0;205.689
0;3;31;0.0;0.0;0.0;235.826;0.0;235.826
0;3;32;0.0;0.0;0.0;245.764;0.0;245.764
0;3;33;0.0;0.0;0.0;244.868;0.0;244.868
0;3;34;0.0;0.0;0.0;279.568;0.0;279.568
0;3;35;0.0;0.0;0.0;237.156;0.0;237.156
0;3;36;0.0;0.0;0.0;242.38;0.0;242.38
0;3;37;0.0;194.628;0.0;30.469;0.0;225.097
0;3;38;0.0;0.0;0.0;236.909;0.0;236.909
0;3;39;0.0;0.0;0.0;236.238;0.0;236.238
0;3;40;0.0;0.0;0.0;251.667;0.0;251.667
0;3;41;0.0;0.0;0.0;254.655;0.0;254.655
0;3;42;0.0;0.0;0.0;254.98;0.0;254.98
0;3;43;0.0;0.0;0.0;266.947;0.0;266.947
0;3;44;0.0;0.0;0.0;291.318;0.0;291.318
0;3;45;0.0;0.0;0.0;274.657;0.0;274.657
0;3;46;0.0;0.0;0.0;242.476;0.0;242.476
0;3;47;0.0;0.0;0.0;207.512;0.0;207.512
0;3;48;0.0;0.0;0.0;151.633;0.0;151.633
0;3;49;0.0;0.0;0.0;145.867;0.0;145.867
0;3;50;0.0;0.0;0.0;142.242;0.0;142.242
0;3;51;0.0;0.0;0.0;138.631;0.0;138.631
0;3;52;0.0;0.0;0.0;138.63;0.0;138.63
0;3;53;0.0;0.0;0.0;138.069;0.0;138.069
0;3;54;0.0;0.0;0.0;142.094;0.0;142.094
0;3;55;0.0;0.0;0.0;192.648;0.0;192.648
0;3;56;0.0;0.0;0.0;218.291;0.0;218.291
0;3;57;0.0;0.0;0.0;171.594;0.0;171.594
0;3;58;0.0;0.0;0.0;178.197;0.0;178.197
0;3;59;0.0;0.0;0.0;171.748;0.0;171.748
0;3;60;0.0;88.251;0.0;71.151;0.0;159.402
0;3;61;0.0;161.037;0.0;0.0;0.0;161.037
0;3;62;0.0;145.782;0.0;0.0;0.0;145.782
0;3;63;0.0;0.0;0.0;156.469;0.0;156.469
0;3;64;0.0;0.0;0.0;209.315;0.0;209.315
0;3;65;0.0;0.0;0.0;218.38;0.0;218.38
0;3;66;0.0;0.0;0.0;230.364;0.0;230.364
0;3;67;0.0;0.0;0.0;227.987;0.0;227.987
0;3;68;0.0;0.0;0.0;231.17;0.0;231.17
0;3;69;0.0;0.0;0.0;79.863;0.0;79.863
0;3;70;0.0;0.0;0.0;60.9;0.0;60.9
0;3;71;0.0;0.0;0.0;173.264;0.0;173.264
0;3;72;0.0;0.0;0.0;142.267;0.0;142.267
0;3;73;0.0;0.0;0.0;149.618;0.0;149.618
0;3;74;0.0;0.0;0.0;146.864;0.0;146.864
0;3;75;0.0;0.0;0.0;156.383;0.0;156.383
0;3;76;0.0;0.0;0.0;152.571;0.0;152.571
0;3;77;0.0;0.0;0.0;155.263;0.0;155.263
0;3;78;0.0;0.0;0.0;189.153;0.0;189.153
0;3;79;0.0;0.0;0.0;169.453;0.0;169.453
0;3;80;0.0;0.0;0.0;199.265;0.0;199.265
0;3;81;0.0;0.0;0.0;189.725;0.0;189.725
0;3;82;0.0;0.0;0.0;206.274;0.0;206.274
0;3;83;0.0;0.0;0.0;197.908;0.0;197.908
0;3;84;0.0;0.0;0.0;212.852;0.0;212.852
0;3;85;0.0;218.483;0.0;0.0;0.0;218.483
0;3;86;0.0;216.32;0.0;0.0;0.0;216.32
0;3;87;0.0;134.086;0.0;77.168;0.0;211.253
0;3;88;0.0;0.0;0.0;219.645;0.0;219.645
0;3;89;0.0;0.0;0.0;238.828;0.0;238.828
0;3;90;0.0;0.0;0.0;232.442;0.0;232.442
0;3;91;0.0;0.0;0.0;249.186;0.0;249.186
0;3;92;0.0;0.0;0.0;249.702;0.0;249.702
0;3;93;0.0;0.0;0.0;247.778;0.0;247.778
0;3;94;0.0;0.0;0.0;241.762;0.0;241.762
0;3;95;0.0;0.0;0.0;231.752;0.0;231.752
0;3;96;0.0;0.0;0.0;199.349;0.0;199.349
0;3;97;0.0;0.0;0.0;207.208;0.0;207.208
0;3;98;0.0;0.0;0.0;203.435;0.0;203.435
0;3;99;0.0;0.0;0.0;205.908;0.0;205.908
0;3;100;0.0;0.0;0.0;205.778;0.0;205.778
0;3;101;0.0;0.0;0.0;265.77;0.0;265.77
0;3;102;0.0;0.0;0.0;264.608;0.0;264.608
0;3;103;0.0;0.0;0.0;283.72;0.0;283.72
0;3;104;0.0;0.0;0.0;298.62;0.0;298.62
0;3;105;0.0;0.0;0.0;303.275;0.0;303.275
0;3;106;0.0;0.0;0.0;318.022;0.0;318.022
0;3;107;0.0;0.0;0.0;307.077;0.0;307.077
0;3;108;0.0;0.0;0.0;310.558;0.0;310.558
0;3;109;0.0;0.0;0.0;287.279;0.0;287.279
0;3;110;0.0;0.0;0.0;283.07;0.0;283.07
0;3;111;0.0;0.0;0.0;276.773;0.0;276.773
0;3;112;0.0;0.0;0.0;273.035;0.0;273.035
0;3;113;0.0;0.0;0.0;269.029;0.0;269.029
0;3;114;0.0;0.0;0.0;318.795;0.0;318.795
0;3;115;0.0;0.0;0.0;302.675;0.0;302.675
0;3;116;0.0;0.0;0.0;290.562;0.0;290.562
0;3;117;0.0;0.0;0.0;304.562;0.0;304.562
0;3;118;0.0;0.0;0.0;276.659;0.0;276.659
0;3;119;0.0;0.0;0.0;287.775;0.0;287.775
0;3;120;0.0;0.0;0.0;256.753;0.0;256.753
0;3;121;0.0;0.0;0.0;265.263;0.0;265.263
0;3;122;0.0;0.0;0.0;264.593;0.0;264.593
0;3;123;0.0;0.0;0.0;266.425;0.0;266.425
0;3;124;0.0;0.0;0.0;269.254;0.0;269.254
0;3;125;0.0;0.0;0.0;271.574;0.0;271.574
0;3;126;0.0;0.0;0.0;280.586;0.0;280.586
0;3;127;0.0;0.0;0.0;312.659;0.0;312.659
0;3;128;0.0;0.0;0.0;309.659;0.0;309.659
0;3;129;0.0;0.0;0.0;312.331;0.0;312.331
0;3;130;0.0;0.0;0.0;306.114;0.0;306.114
0;3;131;0.0;0.0;0.0;305.057;0.0;305.057
0;3;132;0.0;0.0;0.0;291.591;0.0;291.591
0;3;133;0.0;0.0;0.0;283.206;0.0;283.206
0;3;134;0.0;0.0;0.0;303.316;0.0;303.316
0;3;135;0.0;0.0;0.0;296.76;0.0;296.76
0;3;136;0.0;0.0;0.0;308.515;0.0;308.515
0;3;137;0.0;0.0;0.0;319.937;0.0;319.937
0;3;138;0.0;0.0;0.0;325.181;0.0;325.181
0;3;139;0.0;0.0;0.0;339.613;0.0;339.613
0;3;140;0.0;0.0;0.0;322.293;0.0;322.293
0;3;141;0.0;0.0;0.0;330.942;0.0;330.942
0;3;142;0.0;0.0;0.0;331.158;0.0;331.158
0;3;143;0.0;0.0;0.0;306.7;0.0;306.7
0;3;144;0.0;0.0;0.0;265.725;0.0;265.725
0;3;145;0.0;0.0;0.0;271.872;0.0;271.872
0;3;146;0.0;0.0;0.0;269.687;0.0;269.687
0;3;147;0.0;0.0;0.0;272.746;0.0;272.746
0;3;148;0.0;0.0;0.0;271.155;0.0;271.155
0;3;149;0.0;0.0;0.0;274.222;0.0;274.222
0;3;150;0.0;0.0;0.0;279.276;0.0;279.276
0;3;151;0.0;0.0;0.0;294.573;0.0;294.573
0;3;152;0.0;0.0;0.0;313.662;0.0;313.662
0;3;153;0.0;0.0;0.0;275.944;0.0;275.944
0;3;154;0.0;56.61;0.0;186.841;0.0;243.452
0;3;155;0.0;0.0;0.0;212.872;0.0;212.872
0;3;156;0.0;0.0;0.0;209.17;0.0;209.17
0;3;157;0.0;0.0;0.0;216.848;0.0;216.848
0;3;158;0.0;0.0;0.0;221.111;0.0;221.111
0;3;159;0.0;0.0;0.0;223.155;0.0;223.155
0;3;160;0.0;0.0;0.0;222.989;0.0;222.989
0;3;161;0.0;0.0;0.0;245.253;0.0;245.253
0;3;162;0.0;0.0;0.0;237.318;0.0;237.318
0;3;163;0.0;0.0;0.0;249.959;0.0;249.959
0;3;164;0.0;0.0;0.0;227.219;0.0;227.219
0;3;165;0.0;0.0;0.0;238.413;0.0;238.413
0;3;166;0.0;0.0;0.0;237.953;0.0;237.953
0;3;167;0.0;0.0;0.0;225.953;0.0;225.953
5;0;0;0.0;0.0;0.0;184.134;0.0;184.134
5;0;1;0.0;0.0;0.0;189.743;0.0;189.743
5;0;2;0.0;0.0;0.0;9.868;0.0;9.868
5;0;3;0.0;0.0;0.0;87.598;0.0;87.598
5;0;4;0.0;0.0;0.0;163.156;0.0;163.156
5;0;5;0.0;0.0;0.0;165.394;0.0;165.394
5;0;6;0.0;0.0;0.0;182.258;0.0;182.258
5;0;7;0.0;0.0;0.0;204.156;0.0;204.156
5;0;8;0.0;0.0;0.0;182.579;0.0;182.579
5;0;9;0.0;0.0;0.0;171.364;0.0;171.364
5;0;10;0.0;0.0;0.0;143.718;0.0;143.718
5;0;11;0.0;132.713;0.0;1.543;0.0;134.255
5;0;12;0.0;0.0;0.0;128.766;0.0;128.766
5;0;13;0.0;0.0;0.0;116.591;0.0;116.591
5;0;14;0.0;0.0;0.0;199.471;0.0;199.471
5;0;15;0.0;0.0;0.0;184.068;0.0;184.068
5;0;16;0.0;62.738;0.0;128.192;0.0;190.93
5;0;17;0.0;0.0;0.0;56.5;0.0;56.5
5;0;18;0.0;0.0;0.0;219.12;0.0;219.12
5;0;19;0.0;0.0;0.0;93.408;0.0;93.408
5;0;20;0.0;0.0;0.0;234.723;0.0;234.723
5;0;21;0.0;0.0;0.0;168.459;0.0;168.459
5;0;22;0.0;0.0;0.0;148.238;0.0;148.238
5;0;23;0.0;0.0;0.0;36.401;0.0;36.401
5;0;24;0.0;0.0;0.0;10.609;0.0;10.609
5;0;25;0.0;0.0;0.0;149.536;0.0;149.536
5;0;26;0.0;0.0;0.0;150.541;0.0;150.541
5;0;27;0.0;0.0;0.0;159.06;0.0;159.06
5;0;28;0.0;0.0;0.0;160.919;0.0;160.919
5;0;29;0.0;0.0;0.0;196.147;0.0;196.147
5;0;30;0.0;0.0;0.0;163.654;0.0;163.654
5;0;31;0.0;0.0;0.0;219.764;0.0;219.764
5;0;32;0.0;0.0;0.0;215.437;0.0;215.437
5;0;33;0.0;0.0;0.0;200.948;0.0;200.948
5;0;34;0.0;0.0;0.0;191.711;0.0;191.711
5;0;35;0.0;0.0;0.0;186.255;0.0;186.255
5;0;36;0.0;0.0;0.0;176.453;0.0;176.453
5;0;37;0.0;216.37;0.0;0.0;0.0;216.37
5;0;38;0.0;219.592;0.0;0.0;0.0;219.592
5;0;39;0.0;82.9;0.0;0.0;0.0;82.9
5;0;40;0.0;0.0;0.0;170.207;0.0;170.207
5;0;41;0.0;0.0;0.0;188.002;0.0;188.002
5;0;42;0.0;0.0;0.0;197.335;0.0;197.335
5;0;43;0.0;0.0;0.0;194.613;0.0;194.613
5;0;44;0.0;0.0;0.0;204.659;0.0;204.659
5;0;45;0.0;0.0;0.0;202.818;0.0;202.818
5;0;46;0.0;0.0;0.0;184.26;0.0;184.26
5;0;47;0.0;0.0;0.0;174.034;0.0;174.034
5;0;48;0.0;0.0;0.0;119.546;0.0;119.546
5;0;49;0.0;0.0;0.0;126.925;0.0;126.925
5;0;50;0.0;0.0;0.0;123.337;0.0;123.337
5;0;51;0.0;0.0;0.0;127.063;0.0;127.063
5;0;52;0.0;0.0;0.0;126.991;0.0;126.991
5;0;53;0.0;0.0;0.0;129.455;0.0;129.455
5;0;54;0.0;0.0;0.0;133.831;0.0;133.831
5;0;55;0.0;0.0;0.0;182.813;0.0;182.813
5;0;56;0.0;0.0;0.0;205.338;0.0;205.338
5;0;57;0.0;99.934;0.0;58.525;0.0;158.458
5;0;58;0.0;0.0;0.0;143.272;0.0;143.272
5;0;59;0.0;89.325;0.0;46.893;0.0;136.218
5;0;60;0.0;117.676;0.0;0.0;0.0;117.676
5;0;61;0.0;0.0;0.0;109.975;0.0;109.975
5;0;62;0.0;47.045;0.0;59.04;0.0;106.084
5;0;63;0.0;32.03;0.0;77.407;0.0;109.436
5;0;64;0.0;63.898;0.0;45.299;0.0;109.197
5;0;65;0.0;0.0;0.0;103.928;0.0;103.928
5;0;66;0.0;0.0;0.0;119.682;0.0;119.682
5;0;67;0.0;0.0;0.0;220.192;0.0;220.192
5;0;68;0.0;0.0;0.0;87.528;0.0;87.528
5;0;69;0.0;0.0;0.0;58.384;0.0;58.384
5;0;70;0.0;0.0;0.0;124.736;0.0;124.736
5;0;71;0.0;0.0;0.0;109.768;0.0;109.768
5;0;72;0.0;0.0;0.0;156.193;0.0;156.193
5;0;73;0.0;0.0;0.0;17.397;0.0;17.397
5;0;74;0.0;0.0;0.0;89.608;0.0;89.608
5;0;75;0.0;0.0;0.0;93.822;0.0;93.822
5;0;76;0.0;0.0;0.0;89.553;0.0;89.553
5;0;77;0.0;0.0;0.0;91.986;0.0;91.986
5;0;78;0.0;0.0;0.0;95.103;0.0;95.103
5;0;79;0.0;0.0;0.0;127.267;0.0;127.267
5;0;80;0.0;0.0;0.0;137.917;0.0;137.917
5;0;81;0.0;0.0;0.0;120.485;0.0;120.485
5;0;82;0.0;0.0;0.0;115.364;0.0;115.364
5;0;83;0.0;19.11;0.0;82.649;0.0;101.759
5;0;84;0.0;0.0;0.0;110.584;0.0;110.584
5;0;85;0.0;0.0;0.0;107.655;0.0;107.655
5;0;86;0.0;0.0;0.0;103.627;0.0;103.627
5;0;87;0.0;0.0;0.0;149.552;0.0;149.552
5;0;88;0.0;0.0;0.0;184.643;0.0;184.643
5;0;89;0.0;32.097;0.0;170.965;0.0;203.063
5;0;90;0.0;0.0;0.0;44.815;0.0;44.815
5;0;91;0.0;0.0;0.0;204.916;0.0;204.916
5;0;92;0.0;0.0;0.0;71.326;0.0;71.326
5;0;93;0.0;0.0;0.0;223.679;0.0;223.679
5;0;94;0.0;0.0;0.0;50.693;0.0;50.693
5;0;95;0.0;0.0;0.0;213.367;0.0;213.367
5;0;96;0.0;0.0;0.0;173.628;0.0;173.628
5;0;97;0.0;0.0;0.0;157.834;0.0;157.834
5;0;98;0.0;0.0;0.0;163.722;0.0;163.722
5;0;99;0.0;0.0;0.0;12.277;0.0;12.277
5;0;100;0.0;0.0;0.0;59.829;0.0;59.829
5;0;101;0.0;0.0;0.0;177.934;0.0;177.934
5;0;102;0.0;0.0;0.0;198.285;0.0;198.285
5;0;103;0.0;0.0;0.0;215.137;0.0;215.137
5;0;104;0.0;0.0;0.0;209.841;0.0;209.841
5;0;105;0.0;45.16;0.0;169.921;0.0;215.082
5;0;106;0.0;0.0;0.0;186.521;0.0;186.521
5;0;107;0.0;0.0;0.0;193.872;0.0;193.872
5;0;108;0.0;0.0;0.0;186.191;0.0;186.191
5;0;109;0.0;0.0;0.0;183.14;0.0;183.14
5;0;110;0.0;0.0;0.0;175.988;0.0;175.988
5;0;111;0.0;0.0;0.0;159.834;0.0;159.834
5;0;112;0.0;0.0;0.0;170.495;0.0;170.495
5;0;113;0.0;0.0;0.0;171.802;0.0;171.802
5;0;114;0.0;0.0;0.0;229.671;0.0;229.671
5;0;115;0.0;0.0;0.0;245.408;0.0;245.408
5;0;116;0.0;0.0;0.0;242.724;0.0;242.724
5;0;117;0.0;0.0;0.0;234.074;0.0;234.074
5;0;118;0.0;0.0;0.0;233.557;0.0;233.557
5;0;119;0.0;0.0;0.0;187.626;0.0;187.626
5;0;120;0.0;0.0;0.0;7.503;0.0;7.503
5;0;121;0.0;0.0;0.0;48.272;0.0;48.272
5;0;122;0.0;0.0;0.0;175.34;0.0;175.34
5;0;123;0.0;0.0;0.0;176.467;0.0;176.467
5;0;124;0.0;0.0;0.0;175.96;0.0;175.96
5;0;125;0.0;0.0;0.0;190.38;0.0;190.38
5;0;126;0.0;0.0;0.0;202.425;0.0;202.425
5;0;127;0.0;0.0;0.0;231.028;0.0;231.028
5;0;128;0.0;0.0;0.0;216.517;0.0;216.517
5;0;129;0.0;0.0;0.0;208.609;0.0;208.609
5;0;130;0.0;0.0;0.0;191.403;0.0;191.403
5;0;131;0.0;0.0;0.0;193.315;0.0;193.315
5;0;132;0.0;0.0;0.0;178.205;0.0;178.205
5;0;133;0.0;0.0;0.0;164.602;0.0;164.602
5;0;134;0.0;0.0;0.0;203.573;0.0;203.573
5;0;135;0.0;0.0;0.0;207.722;0.0;207.722
5;0;136;0.0;120.256;0.0;102.53;0.0;222.786
5;0;137;0.0;87.046;0.0;0.0;0.0;87.046
5;0;138;0.0;0.0;0.0;244.538;0.0;244.538
5;0;139;0.0;0.0;0.0;245.993;0.0;245.993
5;0;140;0.0;0.0;0.0;237.65;0.0;237.65
5;0;141;0.0;0.0;0.0;250.177;0.0;250.177
5;0;142;0.0;0.0;0.0;256.993;0.0;256.993
5;0;143;0.0;0.0;0.0;84.454;0.0;84.454
5;0;144;0.0;0.0;0.0;7.598;0.0;7.598
5;0;145;0.0;0.0;0.0;185.453;0.0;185.453
5;0;146;0.0;0.0;0.0;186.046;0.0;186.046
5;0;147;0.0;0.0;0.0;196.342;0.0;196.342
5;0;148;0.0;0.0;0.0;201.239;0.0;201.239
5;0;149;0.0;0.0;0.0;204.5;0.0;204.5
5;0;150;0.0;0.0;0.0;203.012;0.0;203.012
5;0;151;0.0;0.0;0.0;225.343;0.0;225.343
5;0;152;0.0;44.633;0.0;186.723;0.0;231.356
5;0;153;0.0;0.0;0.0;221.907;0.0;221.907
5;0;154;0.0;0.0;0.0;208.538;0.0;208.538
5;0;155;0.0;0.0;0.0;195.19;0.0;195.19
5;0;156;0.0;0.0;0.0;188.385;0.0;188.385
5;0;157;0.0;0.0;0.0;161.772;0.0;161.772
5;0;158;0.0;0.0;0.0;152.146;0.0;152.146
5;0;159;0.0;50.649;0.0;105.188;0.0;155.838
5;0;160;0.0;0.0;0.0;211.404;0.0;211.404
5;0;161;0.0;0.0;0.0;179.485;0.0;179.485
5;0;162;0.0;0.0;0.0;221.411;0.0;221.411
5;0;163;0.0;0.0;0.0;227.297;0.0;227.297
5;0;164;0.0;0.0;0.0;236.925;0.0;236.925
5;0;165;0.0;0.0;0.0;128.113;0.0;128.113
5;0;166;0.0;0.0;0.0;240.754;0.0;240.754
5;0;167;0.0;0.0;0.0;38.0;0.0;38.0
5;1;0;0.0;0.0;0.0;7.529;0.0;7.529
5;1;1;0.0;0.0;0.0;12.166;0.0;12.166
5;1;2;0.0;0.0;0.0;9.759;0.0;9.759
5;1;3;0.0;0.0;0.0;12.531;0.0;12.531
5;1;4;0.0;0.0;0.0;11.731;0.0;11.731
5;1;5;0.0;0.0;0.0;11.157;0.0;11.157
5;1;6;0.0;0.0;0.0;17.907;0.0;17.907
5;1;7;0.0;35.569;0.0;0.0;0.0;35.569
5;1;8;0.0;43.38;0.0;0.0;0.0;43.38
5;1;9;0.0;47.579;0.0;0.0;0.0;47.579
5;1;10;0.0;56.187;0.0;0.0;0.0;56.187
5;1;11;0.0;39.313;0.0;0.0;0.0;39.313
5;1;12;0.0;43.482;0.0;0.0;0.0;43.482
5;1;13;0.0;47.751;0.0;0.0;0.0;47.751
5;1;14;0.0;41.271;0.0;0.0;0.0;41.271
5;1;15;0.0;39.599;0.0;0.0;0.0;39.599
5;1;16;0.0;80.498;0.0;0.0;0.0;80.498
5;1;17;0.0;47.748;0.0;0.0;0.0;47.748
5;1;18;0.0;65.792;0.0;0.0;0.0;65.792
5;1;19;0.0;0.0;0.0;68.97;0.0;68.97
5;1;20;0.0;0.0;0.0;69.913;0.0;69.913
5;1;21;0.0;0.0;0.0;65.959;0.0;65.959
5;1;22;0.0;0.0;0.0;63.839;0.0;63.839
5;1;23;0.0;0.0;0.0;48.306;0.0;48.306
5;1;24;0.0;0.0;0.0;7.535;0.0;7.535
5;1;25;0.0;0.0;0.0;8.984;0.0;8.984
5;1;26;0.0;0.0;0.0;10.941;0.0;10.941
5;1;27;0.0;0.0;0.0;9.861;0.0;9.861
5;1;28;0.0;0.0;0.0;10.643;0.0;10.643
5;1;29;0.0;0.0;0.0;10.714;0.0;10.714
5;1;30;0.0;0.0;0.0;15.305;0.0;15.305
5;1;31;0.0;38.537;0.0;0.0;0.0;38.537
5;1;32;0.0;44.496;0.0;0.0;0.0;44.496
5;1;33;0.0;42.308;0.0;0.0;0.0;42.308
5;1;34;0.0;40.484;0.0;0.0;0.0;40.484
5;1;35;0.0;39.459;0.0;0.0;0.0;39.459
5;1;36;0.0;35.947;0.0;0.0;0.0;35.947
5;1;37;0.0;38.442;0.0;0.0;0.0;38.442
5;1;38;0.0;35.931;0.0;0.0;0.0;35.931
5;1;39;0.0;41.212;0.0;0.0;0.0;41.212
5;1;40;0.0;48.577;0.0;0.0;0.0;48.577
5;1;41;0.0;109.834;0.0;0.0;0.0;109.834
5;1;42;0.0;43.446;0.0;0.0;0.0;43.446
5;1;43;0.0;0.0;0.0;73.201;0.0;73.201
5;1;44;0.0;0.0;0.0;65.368;0.0;65.368
5;1;45;0.0;0.0;0.0;74.74;0.0;74.74
5;1;46;0.0;0.0;0.0;79.871;0.0;79.871
5;1;47;0.0;0.0;0.0;36.799;0.0;36.799
5;1;48;0.0;0.0;0.0;7.558;0.0;7.558
5;1;49;0.0;0.0;0.0;11.075;0.0;11.075
5;1;50;0.0;0.0;0.0;11.445;0.0;11.445
5;1;51;0.0;0.0;0.0;11.457;0.0;11.457
5;1;52;0.0;0.0;0.0;9.816;0.0;9.816
5;1;53;0.0;0.0;0.0;10.751;0.0;10.751
5;1;54;0.0;0.0;0.0;11.091;0.0;11.091
5;1;55;0.0;32.752;0.0;0.0;0.0;32.752
5;1;56;0.0;41.68;0.0;0.0;0.0;41.68
5;1;57;0.0;38.964;0.0;0.0;0.0;38.964
5;1;58;0.0;45.854;0.0;0.0;0.0;45.854
5;1;59;0.0;48.543;0.0;0.0;0.0;48.543
5;1;60;0.0;43.42;0.0;0.0;0.0;43.42
5;1;61;0.0;36.107;0.0;0.0;0.0;36.107
5;1;62;0.0;45.923;0.0;0.0;0.0;45.923
5;1;63;0.0;33.717;0.0;0.0;0.0;33.717
5;1;64;0.0;39.555;0.0;0.0;0.0;39.555
5;1;65;0.0;92.777;0.0;0.0;0.0;92.777
5;1;66;0.0;50.193;0.0;0.0;0.0;50.193
5;1;67;0.0;0.0;0.0;60.729;0.0;60.729
5;1;68;0.0;0.0;0.0;79.498;0.0;79.498
5;1;69;0.0;0.0;0.0;71.926;0.0;71.926
5;1;70;0.0;0.0;0.0;54.205;0.0;54.205
5;1;71;0.0;0.0;0.0;47.046;0.0;47.046
5;1;72;0.0;0.0;0.0;7.482;0.0;7.482
5;1;73;0.0;0.0;0.0;11.424;0.0;11.424
5;1;74;0.0;0.0;0.0;10.566;0.0;10.566
5;1;75;0.0;0.0;0.0;10.401;0.0;10.401
5;1;76;0.0;0.0;0.0;11.218;0.0;11.218
5;1;77;0.0;0.0;0.0;14.061;0.0;14.061
5;1;78;0.0;0.0;0.0;14.356;0.0;14.356
5;1;79;0.0;16.242;0.0;0.0;0.0;16.242
5;1;80;0.0;36.68;0.0;0.0;0.0;36.68
5;1;81;0.0;51.891;0.0;0.0;0.0;51.891
5;1;82;0.0;49.031;0.0;0.0;0.0;49.031
5;1;83;0.0;44.187;0.0;0.0;0.0;44.187
5;1;84;0.0;41.708;0.0;0.0;0.0;41.708
5;1;85;0.0;35.113;0.0;0.0;0.0;35.113
5;1;86;0.0;43.816;0.0;0.0;0.0;43.816
5;1;87;0.0;92.341;0.0;0.0;0.0;92.341
5;1;88;0.0;39.183;0.0;0.0;0.0;39.183
5;1;89;0.0;45.756;0.0;0.0;0.0;45.756
5;1;90;0.0;38.544;0.0;0.0;0.0;38.544
5;1;91;0.0;0.0;0.0;58.075;0.0;58.075
5;1;92;0.0;0.0;0.0;60.634;0.0;60.634
5;1;93;0.0;0.0;0.0;48.063;0.0;48.063
5;1;94;0.0;0.0;0.0;52.452;0.0;52.452
5;1;95;0.0;0.0;0.0;40.887;0.0;40.887
5;1;96;0.0;0.0;0.0;7.412;0.0;7.412
5;1;97;0.0;0.0;0.0;11.068;0.0;11.068
5;1;98;0.0;0.0;0.0;10.624;0.0;10.624
5;1;99;0.0;0.0;0.0;10.421;0.0;10.421
5;1;100;0.0;0.0;0.0;9.254;0.0;9.254
5;1;101;0.0;0.0;0.0;11.839;0.0;11.839
5;1;102;0.0;0.0;0.0;15.644;0.0;15.644
5;1;103;0.0;22.949;0.0;0.0;0.0;22.949
5;1;104;0.0;30.946;0.0;0.0;0.0;30.946
5;1;105;0.0;48.452;0.0;0.0;0.0;48.452
5;1;106;0.0;48.754;0.0;0.0;0.0;48.754
5;1;107;0.0;51.946;0.0;0.0;0.0;51.946
5;1;108;0.0;52.683;0.0;0.0;0.0;52.683
5;1;109;0.0;48.71;0.0;0.0;0.0;48.71
5;1;110;0.0;59.66;0.0;0.0;0.0;59.66
5;1;111;0.0;47.278;0.0;0.0;0.0;47.278
5;1;112;0.0;100.668;0.0;0.0;0.0;100.668
5;1;113;0.0;49.378;0.0;0.0;0.0;49.378
5;1;114;0.0;46.632;0.0;0.0;0.0;46.632
5;1;115;0.0;0.0;0.0;60.103;0.0;60.103
5;1;116;0.0;0.0;0.0;61.515;0.0;61.515
5;1;117;0.0;0.0;0.0;55.863;0.0;55.863
5;1;118;0.0;0.0;0.0;63.102;0.0;63.102
5;1;119;0.0;0.0;0.0;41.108;0.0;41.108
5;1;120;0.0;0.0;0.0;7.619;0.0;7.619
5;1;121;0.0;0.0;0.0;11.147;0.0;11.147
5;1;122;0.0;0.0;0.0;9.85;0.0;9.85
5;1;123;0.0;0.0;0.0;11.929;0.0;11.929
5;1;124;0.0;0.0;0.0;10.074;0.0;10.074
5;1;125;0.0;0.0;0.0;13.56;0.0;13.56
5;1;126;0.0;0.0;0.0;12.101;0.0;12.101
5;1;127;0.0;43.804;0.0;0.0;0.0;43.804
5;1;128;0.0;41.745;0.0;0.0;0.0;41.745
5;1;129;0.0;41.74;0.0;0.0;0.0;41.74
5;1;130;0.0;43.365;0.0;0.0;0.0;43.365
5;1;131;0.0;35.816;0.0;0.0;0.0;35.816
5;1;132;0.0;44.985;0.0;0.0;0.0;44.985
5;1;133;0.0;35.225;0.0;0.0;0.0;35.225
5;1;134;0.0;39.119;0.0;0.0;0.0;39.119
5;1;135;0.0;34.308;0.0;0.0;0.0;34.308
5;1;136;0.0;93.902;0.0;0.0;0.0;93.902
5;1;137;0.0;47.954;0.0;0.0;0.0;47.954
5;1;138;0.0;47.493;0.0;0.0;0.0;47.493
5;1;139;0.0;0.0;0.0;74.199;0.0;74.199
5;1;140;0.0;0.0;0.0;71.958;0.0;71.958
5;1;141;0.0;0.0;0.0;78.264;0.0;78.264
5;1;142;0.0;0.0;0.0;57.149;0.0;57.149
5;1;143;0.0;0.0;0.0;58.087;0.0;58.087
5;1;144;0.0;0.0;0.0;7.461;0.0;7.461
5;1;145;0.0;0.0;0.0;12.297;0.0;12.297
5;1;146;0.0;0.0;0.0;11.135;0.0;11.135
5;1;147;0.0;0.0;0.0;11.104;0.0;11.104
5;1;148;0.0;0.0;0.0;9.835;0.0;9.835
5;1;149;0.0;0.0;0.0;11.968;0.0;11.968
5;1;150;0.0;0.0;0.0;14.53;0.0;14.53
5;1;151;0.0;37.994;0.0;0.0;0.0;37.994
5;1;152;0.0;41.161;0.0;0.0;0.0;41.161
5;1;153;0.0;48.229;0.0;0.0;0.0;48.229
5;1;154;0.0;37.954;0.0;0.0;0.0;37.954
5;1;155;0.0;41.641;0.0;0.0;0.0;41.641
5;1;156;0.0;46.092;0.0;0.0;0.0;46.092
5;1;157;0.0;48.282;0.0;0.0;0.0;48.282
5;1;158;0.0;40.761;0.0;0.0;0.0;40.761
5;1;159;0.0;136.6;0.0;0.0;0.0;136.6
5;1;160;0.0;46.533;0.0;0.0;0.0;46.533
5;1;161;0.0;59.322;0.0;0.0;0.0;59.322
5;1;162;0.0;48.327;0.0;0.0;0.0;48.327
5;1;163;0.0;0.0;0.0;86.572;0.0;86.572
5;1;164;0.0;0.0;0.0;73.365;0.0;73.365
5;1;165;0.0;0.0;0.0;70.574;0.0;70.574
5;1;166;0.0;0.0;0.0;68.77;0.0;68.77
5;1;167;0.0;0.0;0.0;55.211;0.0;55.211
5;2;0;0.0;0.0;0.0;7.519;0.0;7.519
5;2;1;0.0;0.0;0.0;9.982;0.0;9.982
5;2;2;0.0;0.0;0.0;156.168;0.0;156.168
5;2;3;0.0;0.0;0.0;12.89;0.0;12.89
5;2;4;0.0;0.0;0.0;106.509;0.0;106.509
5;2;5;0.0;0.0;0.0;160.689;0.0;160.689
5;2;6;0.0;0.0;0.0;19.58;0.0;19.58
5;2;7;0.0;0.0;0.0;32.858;0.0;32.858
5;2;8;0.0;0.0;0.0;60.949;0.0;60.949
5;2;9;0.0;115.653;0.0;0.0;0.0;115.653
5;2;10;0.0;100.766;0.0;0.0;0.0;100.766
5;2;11;0.0;93.001;0.0;0.0;0.0;93.001
5;2;12;0.0;181.403;0.0;0.0;0.0;181.403
5;2;13;0.0;178.618;0.0;0.0;0.0;178.618
5;2;14;0.0;78.038;0.0;0.0;0.0;78.038
5;2;15;0.0;0.0;0.0;39.083;0.0;39.083
5;2;16;0.0;0.0;0.0;100.975;0.0;100.975
5;2;17;0.0;0.0;0.0;89.943;0.0;89.943
5;2;18;0.0;0.0;0.0;56.416;0.0;56.416
5;2;19;0.0;0.0;0.0;162.857;0.0;162.857
5;2;20;0.0;0.0;0.0;120.986;0.0;120.986
5;2;21;0.0;0.0;0.0;61.892;0.0;61.892
5;2;22;0.0;0.0;0.0;182.957;0.0;182.957
5;2;23;0.0;0.0;0.0;39.804;0.0;39.804
5;2;24;0.0;0.0;0.0;7.566;0.0;7.566
5;2;25;0.0;0.0;0.0;11.725;0.0;11.725
5;2;26;0.0;0.0;0.0;175.87;0.0;175.87
5;2;27;0.0;0.0;0.0;10.748;0.0;10.748
5;2;28;0.0;0.0;0.0;178.388;0.0;178.388
5;2;29;0.0;0.0;0.0;45.003;0.0;45.003
5;2;30;0.0;0.0;0.0;134.416;0.0;134.416
5;2;31;0.0;0.0;0.0;159.159;0.0;159.159
5;2;32;0.0;0.0;0.0;170.772;0.0;170.772
5;2;33;0.0;147.088;0.0;0.0;0.0;147.088
5;2;34;0.0;129.18;0.0;0.0;0.0;129.18
5;2;35;0.0;116.953;0.0;0.0;0.0;116.953
5;2;36;0.0;98.03;0.0;0.0;0.0;98.03
5;2;37;0.0;81.487;0.0;0.0;0.0;81.487
5;2;38;0.0;164.06;0.0;0.0;0.0;164.06
5;2;39;0.0;163.19;0.0;0.0;0.0;163.19
5;2;40;0.0;75.809;0.0;0.0;0.0;75.809
5;2;41;0.0;0.0;0.0;78.348;0.0;78.348
5;2;42;0.0;0.0;0.0;99.109;0.0;99.109
5;2;43;0.0;0.0;0.0;99.004;0.0;99.004
5;2;44;0.0;0.0;0.0;100.171;0.0;100.171
5;2;45;0.0;0.0;0.0;60.656;0.0;60.656
5;2;46;0.0;0.0;0.0;56.144;0.0;56.144
5;2;47;0.0;0.0;0.0;43.666;0.0;43.666
5;2;48;0.0;0.0;0.0;7.554;0.0;7.554
5;2;49;0.0;0.0;0.0;9.184;0.0;9.184
5;2;50;0.0;0.0;0.0;53.778;0.0;53.778
5;2;51;0.0;0.0;0.0;55.247;0.0;55.247
5;2;52;0.0;0.0;0.0;56.006;0.0;56.006
5;2;53;0.0;0.0;0.0;58.049;0.0;58.049
5;2;54;0.0;0.0;0.0;57.323;0.0;57.323
5;2;55;0.0;0.0;0.0;93.745;0.0;93.745
5;2;56;0.0;0.0;0.0;110.505;0.0;110.505
5;2;57;0.0;0.0;0.0;83.516;0.0;83.516
5;2;58;0.0;0.0;0.0;79.269;0.0;79.269
5;2;59;0.0;0.0;0.0;69.206;0.0;69.206
5;2;60;0.0;0.0;0.0;62.15;0.0;62.15
5;2;61;0.0;0.0;0.0;50.423;0.0;50.423
5;2;62;0.0;0.0;0.0;57.733;0.0;57.733
5;2;63;0.0;0.0;0.0;52.253;0.0;52.253
5;2;64;0.0;0.0;0.0;134.887;0.0;134.887
5;2;65;0.0;0.0;0.0;195.784;0.0;195.784
5;2;66;0.0;0.0;0.0;64.171;0.0;64.171
5;2;67;0.0;0.0;0.0;59.359;0.0;59.359
5;2;68;0.0;0.0;0.0;85.975;0.0;85.975
5;2;69;0.0;0.0;0.0;69.631;0.0;69.631
5;2;70;0.0;0.0;0.0;62.278;0.0;62.278
5;2;71;0.0;0.0;0.0;33.443;0.0;33.443
5;2;72;0.0;0.0;0.0;10.713;0.0;10.713
5;2;73;0.0;0.0;0.0;27.08;0.0;27.08
5;2;74;0.0;0.0;0.0;50.268;0.0;50.268
5;2;75;0.0;0.0;0.0;54.631;0.0;54.631
5;2;76;0.0;0.0;0.0;53.431;0.0;53.431
5;2;77;0.0;0.0;0.0;54.015;0.0;54.015
5;2;78;0.0;0.0;0.0;56.246;0.0;56.246
5;2;79;0.0;0.0;0.0;87.01;0.0;87.01
5;2;80;0.0;0.0;0.0;102.39;0.0;102.39
5;2;81;0.0;0.0;0.0;92.8;0.0;92.8
5;2;82;0.0;0.0;0.0;80.225;0.0;80.225
5;2;83;0.0;17.985;0.0;50.547;0.0;68.532
5;2;84;0.0;162.972;0.0;0.0;0.0;162.972
5;2;85;0.0;169.077;0.0;0.0;0.0;169.077
5;2;86;0.0;0.0;0.0;65.199;0.0;65.199
5;2;87;0.0;0.0;0.0;61.961;0.0;61.961
5;2;88;0.0;0.0;0.0;42.167;0.0;42.167
5;2;89;0.0;0.0;0.0;57.259;0.0;57.259
5;2;90;0.0;0.0;0.0;66.474;0.0;66.474
5;2;91;0.0;0.0;0.0;67.656;0.0;67.656
5;2;92;0.0;0.0;0.0;206.703;0.0;206.703
5;2;93;0.0;0.0;0.0;96.786;0.0;96.786
5;2;94;0.0;0.0;0.0;60.145;0.0;60.145
5;2;95;0.0;0.0;0.0;53.296;0.0;53.296
5;2;96;0.0;0.0;0.0;7.501;0.0;7.501
5;2;97;0.0;0.0;0.0;15.296;0.0;15.296
5;2;98;0.0;0.0;0.0;88.847;0.0;88.847
5;2;99;0.0;0.0;0.0;163.231;0.0;163.231
5;2;100;0.0;0.0;0.0;102.224;0.0;102.224
5;2;101;0.0;0.0;0.0;12.258;0.0;12.258
5;2;102;0.0;0.0;0.0;112.236;0.0;112.236
5;2;103;0.0;0.0;0.0;125.694;0.0;125.694
5;2;104;0.0;0.0;0.0;141.604;0.0;141.604
5;2;105;0.0;162.859;0.0;0.0;0.0;162.859
5;2;106;0.0;107.726;0.0;0.0;0.0;107.726
5;2;107;0.0;0.0;0.0;107.364;0.0;107.364
5;2;108;0.0;113.377;0.0;5.495;0.0;118.872
5;2;109;0.0;29.756;0.0;132.262;0.0;162.018
5;2;110;0.0;0.0;0.0;40.867;0.0;40.867
5;2;111;0.0;0.0;0.0;102.199;0.0;102.199
5;2;112;0.0;0.0;0.0;122.456;0.0;122.456
5;2;113;0.0;0.0;0.0;112.864;0.0;112.864
5;2;114;0.0;0.0;0.0;131.661;0.0;131.661
5;2;115;0.0;0.0;0.0;136.492;0.0;136.492
5;2;116;0.0;0.0;0.0;144.898;0.0;144.898
5;2;117;0.0;0.0;0.0;130.841;0.0;130.841
5;2;118;0.0;0.0;0.0;125.653;0.0;125.653
5;2;119;0.0;0.0;0.0;195.298;0.0;195.298
5;2;120;0.0;0.0;0.0;7.595;0.0;7.595
5;2;121;0.0;0.0;0.0;176.482;0.0;176.482
5;2;122;0.0;0.0;0.0;11.296;0.0;11.296
5;2;123;0.0;0.0;0.0;97.773;0.0;97.773
5;2;124;0.0;0.0;0.0;100.92;0.0;100.92
5;2;125;0.0;0.0;0.0;101.774;0.0;101.774
5;2;126;0.0;0.0;0.0;118.702;0.0;118.702
5;2;127;0.0;0.0;0.0;141.191;0.0;141.191
5;2;128;0.0;0.0;0.0;156.966;0.0;156.966
5;2;129;0.0;0.0;0.0;127.912;0.0;127.912
5;2;130;0.0;0.0;0.0;123.894;0.0;123.894
5;2;131;0.0;0.0;0.0;108.572;0.0;108.572
5;2;132;0.0;0.0;0.0;102.601;0.0;102.601
5;2;133;0.0;73.565;0.0;21.433;0.0;94.998
5;2;134;0.0;0.0;0.0;177.085;0.0;177.085
5;2;135;0.0;0.0;0.0;189.644;0.0;189.644
5;2;136;0.0;0.0;0.0;54.745;0.0;54.745
5;2;137;0.0;0.0;0.0;59.686;0.0;59.686
5;2;138;0.0;0.0;0.0;63.869;0.0;63.869
5;2;139;0.0;0.0;0.0;231.466;0.0;231.466
5;2;140;0.0;0.0;0.0;73.237;0.0;73.237
5;2;141;0.0;0.0;0.0;76.027;0.0;76.027
5;2;142;0.0;0.0;0.0;204.2;0.0;204.2
5;2;143;0.0;0.0;0.0;47.912;0.0;47.912
5;2;144;0.0;0.0;0.0;85.079;0.0;85.079
5;2;145;0.0;0.0;0.0;93.171;0.0;93.171
5;2;146;0.0;0.0;0.0;94.967;0.0;94.967
5;2;147;0.0;0.0;0.0;96.159;0.0;96.159
5;2;148;0.0;0.0;0.0;98.3;0.0;98.3
5;2;149;0.0;0.0;0.0;96.71;0.0;96.71
5;2;150;0.0;0.0;0.0;113.893;0.0;113.893
5;2;151;0.0;0.0;0.0;142.132;0.0;142.132
5;2;152;0.0;0.0;0.0;130.345;0.0;130.345
5;2;153;0.0;0.0;0.0;126.287;0.0;126.287
5;2;154;0.0;0.0;0.0;133.053;0.0;133.053
5;2;155;0.0;0.0;0.0;108.603;0.0;108.603
5;2;156;0.0;0.0;0.0;103.97;0.0;103.97
5;2;157;0.0;0.0;0.0;110.142;0.0;110.142
5;2;158;0.0;0.0;0.0;89.939;0.0;89.939
5;2;159;0.0;0.0;0.0;78.943;0.0;78.943
5;2;160;0.0;0.0;0.0;93.989;0.0;93.989
5;2;161;0.0;0.0;0.0;99.633;0.0;99.633
5;2;162;0.0;0.0;0.0;111.416;0.0;111.416
5;2;163;0.0;0.0;0.0;116.497;0.0;116.497
5;2;164;0.0;0.0;0.0;116.431;0.0;116.431
5;2;165;0.0;0.0;0.0;115.952;0.0;115.952
5;2;166;0.0;0.0;0.0;120.716;0.0;120.716
5;2;167;0.0;0.0;0.0;203.86;0.0;203.86
5;3;0;0.0;0.0;0.0;57.658;0.0;57.658
5;3;1;0.0;0.0;0.0;200.955;0.0;200.955
5;3;2;0.0;0.0;0.0;199.154;0.0;199.154
5;3;3;0.0;0.0;0.0;199.799;0.0;199.799
5;3;4;0.0;0.0;0.0;200.137;0.0;200.137
5;3;5;0.0;0.0;0.0;202.819;0.0;202.819
5;3;6;0.0;0.0;0.0;207.962;0.0;207.962
5;3;7;0.0;0.0;0.0;236.475;0.0;236.475
5;3;8;0.0;0.0;0.0;253.271;0.0;253.271
5;3;9;0.0;0.0;0.0;231.577;0.0;231.577
5;3;10;0.0;34.531;0.0;188.495;0.0;223.026
5;3;11;0.0;11.369;0.0;191.803;0.0;203.171
5;3;12;0.0;0.0;0.0;201.468;0.0;201.468
5;3;13;0.0;134.134;0.0;51.46;0.0;185.594
5;3;14;0.0;208.447;0.0;0.0;0.0;208.447
5;3;15;0.0;0.0;0.0;201.334;0.0;201.334
5;3;16;0.0;0.0;0.0;225.862;0.0;225.862
5;3;17;0.0;0.0;0.0;239.472;0.0;239.472
5;3;18;0.0;0.0;0.0;236.01;0.0;236.01
5;3;19;0.0;0.0;0.0;72.949;0.0;72.949
5;3;20;0.0;0.0;0.0;134.687;0.0;134.687
5;3;21;0.0;0.0;0.0;234.46;0.0;234.46
5;3;22;0.0;0.0;0.0;252.606;0.0;252.606
5;3;23;0.0;0.0;0.0;244.021;0.0;244.021
5;3;24;0.0;0.0;0.0;197.345;0.0;197.345
5;3;25;0.0;0.0;0.0;138.496;0.0;138.496
5;3;26;0.0;0.0;0.0;204.163;0.0;204.163
5;3;27;0.0;0.0;0.0;202.404;0.0;202.404
5;3;28;0.0;0.0;0.0;204.772;0.0;204.772
5;3;29;0.0;0.0;0.0;206.577;0.0;206.577
5;3;30;0.0;0.0;0.0;205.689;0.0;205.689
5;3;31;0.0;0.0;0.0;235.826;0.0;235.826
5;3;32;0.0;0.0;0.0;245.764;0.0;245.764
5;3;33;0.0;0.0;0.0;239.092;0.0;239.092
5;3;34;0.0;0.0;0.0;225.142;0.0;225.142
5;3;35;0.0;0.0;0.0;203.706;0.0;203.706
5;3;36;0.0;0.0;0.0;211.061;0.0;211.061
5;3;37;0.0;0.0;0.0;201.695;0.0;201.695
5;3;38;0.0;0.0;0.0;212.449;0.0;212.449
5;3;39;0.0;0.0;0.0;214.017;0.0;214.017
5;3;40;0.0;0.0;0.0;226.886;0.0;226.886
5;3;41;0.0;0.0;0.0;232.487;0.0;232.487
5;3;42;0.0;0.0;0.0;245.483;0.0;245.483
5;3;43;0.0;0.0;0.0;246.417;0.0;246.417
5;3;44;0.0;0.0;0.0;248.773;0.0;248.773
5;3;45;0.0;0.0;0.0;231.541;0.0;231.541
5;3;46;0.0;0.0;0.0;223.458;0.0;223.458
5;3;47;0.0;0.0;0.0;188.738;0.0;188.738
5;3;48;0.0;0.0;0.0;136.433;0.0;136.433
5;3;49;0.0;0.0;0.0;131.463;0.0;131.463
5;3;50;0.0;0.0;0.0;128.41;0.0;128.41
5;3;51;0.0;0.0;0.0;125.198;0.0;125.198
5;3;52;0.0;0.0;0.0;125.26;0.0;125.26
5;3;53;0.0;0.0;0.0;124.633;0.0;124.633
5;3;54;0.0;0.0;0.0;128.743;0.0;128.743
5;3;55;0.0;0.0;0.0;176.151;0.0;176.151
5;3;56;0.0;0.0;0.0;201.723;0.0;201.723
5;3;57;0.0;0.0;0.0;157.324;0.0;157.324
5;3;58;0.0;0.0;0.0;163.677;0.0;163.677
5;3;59;0.0;0.0;0.0;157.637;0.0;157.637
5;3;60;0.0;98.502;0.0;47.57;0.0;146.072
5;3;61;0.0;5.662;0.0;143.03;0.0;148.693
5;3;62;0.0;134.064;0.0;0.0;0.0;134.064
5;3;63;0.0;84.202;0.0;59.664;0.0;143.866
5;3;64;0.0;0.0;0.0;159.072;0.0;159.072
5;3;65;0.0;0.0;0.0;218.38;0.0;218.38
5;3;66;0.0;0.0;0.0;230.364;0.0;230.364
5;3;67;0.0;0.0;0.0;227.987;0.0;227.987
5;3;68;0.0;0.0;0.0;198.19;0.0;198.19
5;3;69;0.0;0.0;0.0;79.863;0.0;79.863
5;3;70;0.0;0.0;0.0;56.541;0.0;56.541
5;3;71;0.0;0.0;0.0;159.703;0.0;159.703
5;3;72;0.0;0.0;0.0;128.249;0.0;128.249
5;3;73;0.0;0.0;0.0;135.515;0.0;135.515
5;3;74;0.0;0.0;0.0;132.435;0.0;132.435
5;3;75;0.0;0.0;0.0;141.456;0.0;141.456
5;3;76;0.0;0.0;0.0;137.755;0.0;137.755
5;3;77;0.0;0.0;0.0;140.271;0.0;140.271
5;3;78;0.0;0.0;0.0;189.153;0.0;189.153
5;3;79;0.0;0.0;0.0;131.317;0.0;131.317
5;3;80;0.0;0.0;0.0;185.041;0.0;185.041
5;3;81;0.0;0.0;0.0;173.713;0.0;173.713
5;3;82;0.0;0.0;0.0;190.252;0.0;190.252
5;3;83;0.0;0.0;0.0;181.907;0.0;181.907
5;3;84;0.0;0.0;0.0;178.817;0.0;178.817
5;3;85;0.0;218.483;0.0;0.0;0.0;218.483
5;3;86;0.0;0.0;0.0;116.868;0.0;116.868
5;3;87;0.0;0.0;0.0;211.253;0.0;211.253
5;3;88;0.0;0.0;0.0;219.645;0.0;219.645
5;3;89;0.0;0.0;0.0;238.828;0.0;238.828
5;3;90;0.0;0.0;0.0;232.442;0.0;232.442
5;3;91;0.0;0.0;0.0;241.166;0.0;241.166
5;3;92;0.0;0.0;0.0;63.903;0.0;63.903
5;3;93;0.0;0.0;0.0;247.778;0.0;247.778
5;3;94;0.0;0.0;0.0;241.762;0.0;241.762
5;3;95;0.0;0.0;0.0;231.752;0.0;231.752
5;3;96;0.0;0.0;0.0;199.349;0.0;199.349
5;3;97;0.0;0.0;0.0;207.208;0.0;207.208
5;3;98;0.0;0.0;0.0;203.435;0.0;203.435
5;3;99;0.0;0.0;0.0;205.908;0.0;205.908
5;3;100;0.0;0.0;0.0;203.347;0.0;203.347
5;3;101;0.0;0.0;0.0;199.112;0.0;199.112
5;3;102;0.0;0.0;0.0;197.95;0.0;197.95
5;3;103;0.0;0.0;0.0;217.062;0.0;217.062
5;3;104;0.0;0.0;0.0;231.962;0.0;231.962
5;3;105;0.0;0.0;0.0;236.617;0.0;236.617
5;3;106;0.0;0.0;0.0;251.364;0.0;251.364
5;3;107;0.0;0.0;0.0;240.419;0.0;240.419
5;3;108;0.0;0.0;0.0;243.9;0.0;243.9
5;3;109;0.0;0.0;0.0;232.007;0.0;232.007
5;3;110;0.0;0.0;0.0;231.22;0.0;231.22
5;3;111;0.0;0.0;0.0;230.032;0.0;230.032
5;3;112;0.0;0.0;0.0;238.85;0.0;238.85
5;3;113;0.0;0.0;0.0;236.158;0.0;236.158
5;3;114;0.0;0.0;0.0;258.329;0.0;258.329
5;3;115;0.0;0.0;0.0;255.454;0.0;255.454
5;3;116;0.0;0.0;0.0;238.289;0.0;238.289
5;3;117;0.0;0.0;0.0;254.248;0.0;254.248
5;3;118;0.0;0.0;0.0;236.456;0.0;236.456
5;3;119;0.0;0.0;0.0;221.117;0.0;221.117
5;3;120;0.0;0.0;0.0;190.096;0.0;190.096
5;3;121;0.0;0.0;0.0;198.605;0.0;198.605
5;3;122;0.0;0.0;0.0;197.935;0.0;197.935
5;3;123;0.0;0.0;0.0;199.767;0.0;199.767
5;3;124;0.0;0.0;0.0;202.596;0.0;202.596
5;3;125;0.0;0.0;0.0;204.916;0.0;204.916
5;3;126;0.0;0.0;0.0;213.928;0.0;213.928
5;3;127;0.0;0.0;0.0;246.001;0.0;246.001
5;3;128;0.0;0.0;0.0;243.001;0.0;243.001
5;3;129;0.0;0.0;0.0;245.673;0.0;245.673
5;3;130;0.0;0.0;0.0;239.456;0.0;239.456
5;3;131;0.0;0.0;0.0;238.399;0.0;238.399
5;3;132;0.0;0.0;0.0;224.933;0.0;224.933
5;3;133;0.0;4.901;0.0;211.647;0.0;216.548
5;3;134;0.0;0.0;0.0;236.658;0.0;236.658
5;3;135;0.0;0.0;0.0;230.102;0.0;230.102
5;3;136;0.0;0.0;0.0;241.857;0.0;241.857
5;3;137;0.0;0.0;0.0;253.279;0.0;253.279
5;3;138;0.0;0.0;0.0;258.523;0.0;258.523
5;3;139;0.0;0.0;0.0;272.955;0.0;272.955
5;3;140;0.0;0.0;0.0;255.636;0.0;255.636
5;3;141;0.0;0.0;0.0;264.284;0.0;264.284
5;3;142;0.0;0.0;0.0;264.5;0.0;264.5
5;3;143;0.0;0.0;0.0;240.042;0.0;240.042
5;3;144;0.0;0.0;0.0;199.067;0.0;199.067
5;3;145;0.0;0.0;0.0;205.214;0.0;205.214
5;3;146;0.0;0.0;0.0;203.029;0.0;203.029
5;3;147;0.0;0.0;0.0;206.088;0.0;206.088
5;3;148;0.0;0.0;0.0;204.498;0.0;204.498
5;3;149;0.0;0.0;0.0;207.564;0.0;207.564
5;3;150;0.0;0.0;0.0;212.618;0.0;212.618
5;3;151;0.0;0.0;0.0;227.915;0.0;227.915
5;3;152;0.0;0.0;0.0;247.004;0.0;247.004
5;3;153;0.0;0.0;0.0;217.585;0.0;217.585
5;3;154;0.0;0.0;0.0;205.311;0.0;205.311
5;3;155;0.0;0.0;0.0;192.626;0.0;192.626
5;3;156;0.0;0.0;0.0;190.236;0.0;190.236
5;3;157;0.0;0.0;0.0;216.848;0.0;216.848
5;3;158;0.0;0.0;0.0;156.738;0.0;156.738
5;3;159;0.0;0.0;0.0;189.337;0.0;189.337
5;3;160;0.0;0.0;0.0;186.125;0.0;186.125
5;3;161;0.0;0.0;0.0;206.521;0.0;206.521
5;3;162;0.0;0.0;0.0;206.664;0.0;206.664
5;3;163;0.0;0.0;0.0;222.013;0.0;222.013
5;3;164;0.0;0.0;0.0;195.623;0.0;195.623
5;3;165;0.0;0.0;0.0;238.413;0.0;238.413
5;3;166;0.0;0.0;0.0;237.953;0.0;237.953
5;3;167;0.0;0.0;0.0;225.953;0.0;225.953
10;0;0;0.0;0.0;0.0;184.134;0.0;184.134
10;0;1;0.0;0.0;0.0;189.743;0.0;189.743
10;0;2;0.0;0.0;0.0;9.868;0.0;9.868
10;0;3;0.0;0.0;0.0;11.078;0.0;11.078
10;0;4;0.0;0.0;0.0;150.069;0.0;150.069
10;0;5;0.0;0.0;0.0;152.257;0.0;152.257
10;0;6;0.0;0.0;0.0;167.895;0.0;167.895
10;0;7;0.0;0.0;0.0;190.152;0.0;190.152
10;0;8;0.0;0.0;0.0;171.045;0.0;171.045
10;0;9;0.0;0.0;0.0;161.356;0.0;161.356
10;0;10;0.0;0.0;0.0;135.112;0.0;135.112
10;0;11;0.0;126.647;0.0;0.0;0.0;126.647
10;0;12;0.0;0.0;0.0;121.249;0.0;121.249
10;0;13;0.0;0.0;0.0;110.153;0.0;110.153
10;0;14;0.0;0.0;0.0;199.471;0.0;199.471
10;0;15;0.0;0.0;0.0;165.964;0.0;165.964
10;0;16;0.0;62.738;0.0;128.192;0.0;190.93
10;0;17;0.0;0.0;0.0;56.5;0.0;56.5
10;0;18;0.0;0.0;0.0;209.971;0.0;209.971
10;0;19;0.0;0.0;0.0;73.76;0.0;73.76
10;0;20;0.0;0.0;0.0;234.723;0.0;234.723
10;0;21;0.0;0.0;0.0;160.054;0.0;160.054
10;0;22;0.0;0.0;0.0;118.146;0.0;118.146
10;0;23;0.0;0.0;0.0;36.401;0.0;36.401
10;0;24;0.0;0.0;0.0;10.609;0.0;10.609
10;0;25;0.0;0.0;0.0;138.191;0.0;138.191
10;0;26;0.0;0.0;0.0;138.594;0.0;138.594
10;0;27;0.0;0.0;0.0;146.618;0.0;146.618
10;0;28;0.0;0.0;0.0;148.198;0.0;148.198
10;0;29;0.0;0.0;0.0;196.147;0.0;196.147
10;0;30;0.0;0.0;0.0;135.164;0.0;135.164
10;0;31;0.0;0.0;0.0;204.331;0.0;204.331
10;0;32;0.0;0.0;0.0;201.489;0.0;201.489
10;0;33;0.0;0.0;0.0;187.341;0.0;187.341
10;0;34;0.0;0.0;0.0;178.84;0.0;178.84
10;0;35;0.0;0.0;0.0;174.003;0.0;174.003
10;0;36;0.0;0.0;0.0;164.487;0.0;164.487
10;0;37;0.0;216.37;0.0;0.0;0.0;216.37
10;0;38;0.0;219.592;0.0;0.0;0.0;219.592
10;0;39;0.0;49.337;0.0;0.0;0.0;49.337
10;0;40;0.0;0.0;0.0;159.881;0.0;159.881
10;0;41;0.0;0.0;0.0;177.869;0.0;177.869
10;0;42;0.0;0.0;0.0;186.342;0.0;186.342
10;0;43;0.0;0.0;0.0;183.323;0.0;183.323
10;0;44;0.0;0.0;0.0;193.12;0.0;193.12
10;0;45;0.0;0.0;0.0;191.044;0.0;191.044
10;0;46;0.0;0.0;0.0;173.455;0.0;173.455
10;0;47;0.0;0.0;0.0;162.904;0.0;162.904
10;0;48;0.0;0.0;0.0;109.973;0.0;109.973
10;0;49;0.0;0.0;0.0;117.476;0.0;117.476
10;0;50;0.0;0.0;0.0;113.73;0.0;113.73
10;0;51;0.0;0.0;0.0;117.16;0.0;117.16
10;0;52;0.0;0.0;0.0;117.025;0.0;117.025
10;0;53;0.0;0.0;0.0;119.281;0.0;119.281
10;0;54;0.0;0.0;0.0;123.72;0.0;123.72
10;0;55;0.0;0.0;0.0;170.392;0.0;170.392
10;0;56;0.0;0.0;0.0;192.667;0.0;192.667
10;0;57;0.0;108.024;0.0;40.385;0.0;148.409
10;0;58;0.0;0.0;0.0;133.958;0.0;133.958
10;0;59;0.0;103.127;0.0;25.024;0.0;128.151
10;0;60;0.0;110.546;0.0;0.0;0.0;110.546
10;0;61;0.0;34.505;0.0;68.898;0.0;103.404
10;0;62;0.0;57.726;0.0;41.986;0.0;99.712
10;0;63;0.0;39.239;0.0;63.828;0.0;103.067
10;0;64;0.0;69.496;0.0;34.096;0.0;103.592
10;0;65;0.0;0.0;0.0;99.64;0.0;99.64
10;0;66;0.0;0.0;0.0;115.55;0.0;115.55
10;0;67;0.0;0.0;0.0;220.192;0.0;220.192
10;0;68;0.0;0.0;0.0;72.028;0.0;72.028
10;0;69;0.0;0.0;0.0;58.384;0.0;58.384
10;0;70;0.0;0.0;0.0;118.755;0.0;118.755
10;0;71;0.0;0.0;0.0;104.202;0.0;104.202
10;0;72;0.0;0.0;0.0;143.661;0.0;143.661
10;0;73;0.0;0.0;0.0;17.397;0.0;17.397
10;0;74;0.0;0.0;0.0;82.816;0.0;82.816
10;0;75;0.0;0.0;0.0;86.932;0.0;86.932
10;0;76;0.0;0.0;0.0;82.73;0.0;82.73
10;0;77;0.0;0.0;0.0;85.068;0.0;85.068
10;0;78;0.0;0.0;0.0;88.149;0.0;88.149
10;0;79;0.0;0.0;0.0;118.043;0.0;118.043
10;0;80;0.0;0.0;0.0;128.829;0.0;128.829
10;0;81;0.0;0.0;0.0;113.687;0.0;113.687
10;0;82;0.0;0.0;0.0;108.931;0.0;108.931
10;0;83;0.0;27.214;0.0;68.502;0.0;95.717
10;0;84;0.0;0.0;0.0;104.998;0.0;104.998
10;0;85;0.0;0.0;0.0;102.421;0.0;102.421
10;0;86;0.0;0.0;0.0;98.562;0.0;98.562
10;0;87;0.0;0.0;0.0;133.759;0.0;133.759
10;0;88;0.0;0.0;0.0;184.643;0.0;184.643
10;0;89;0.0;32.097;0.0;170.965;0.0;203.063
10;0;90;0.0;0.0;0.0;44.815;0.0;44.815
10;0;91;0.0;0.0;0.0;190.28;0.0;190.28
10;0;92;0.0;0.0;0.0;58.98;0.0;58.98
10;0;93;0.0;0.0;0.0;223.679;0.0;223.679
10;0;94;0.0;0.0;0.0;50.693;0.0;50.693
10;0;95;0.0;0.0;0.0;213.367;0.0;213.367
10;0;96;0.0;0.0;0.0;145.582;0.0;145.582
10;0;97;0.0;0.0;0.0;145.663;0.0;145.663
10;0;98;0.0;0.0;0.0;150.84;0.0;150.84
10;0;99;0.0;0.0;0.0;12.277;0.0;12.277
10;0;100;0.0;0.0;0.0;32.469;0.0;32.469
10;0;101;0.0;0.0;0.0;163.631;0.0;163.631
10;0;102;0.0;0.0;0.0;181.578;0.0;181.578
10;0;103;0.0;0.0;0.0;200.521;0.0;200.521
10;0;104;0.0;0.0;0.0;195.691;0.0;195.691
10;0;105;0.0;45.16;0.0;156.192;0.0;201.352
10;0;106;0.0;0.0;0.0;173.719;0.0;173.719
10;0;107;0.0;0.0;0.0;182.034;0.0;182.034
10;0;108;0.0;0.0;0.0;174.072;0.0;174.072
10;0;109;0.0;0.0;0.0;171.9;0.0;171.9
10;0;110;0.0;0.0;0.0;165.317;0.0;165.317
10;0;111;0.0;0.0;0.0;149.369;0.0;149.369
10;0;112;0.0;0.0;0.0;160.785;0.0;160.785
10;0;113;0.0;0.0;0.0;153.427;0.0;153.427
10;0;114;0.0;0.0;0.0;229.671;0.0;229.671
10;0;115;0.0;0.0;0.0;245.408;0.0;245.408
10;0;116;0.0;0.0;0.0;242.724;0.0;242.724
10;0;117;0.0;0.0;0.0;234.074;0.0;234.074
10;0;118;0.0;0.0;0.0;190.079;0.0;190.079
10;0;119;0.0;0.0;0.0;176.029;0.0;176.029
10;0;120;0.0;0.0;0.0;7.503;0.0;7.503
10;0;121;0.0;0.0;0.0;21.78;0.0;21.78
10;0;122;0.0;0.0;0.0;161.142;0.0;161.142
10;0;123;0.0;0.0;0.0;162.323;0.0;162.323
10;0;124;0.0;0.0;0.0;161.814;0.0;161.814
10;0;125;0.0;0.0;0.0;170.541;0.0;170.541
10;0;126;0.0;0.0;0.0;189.944;0.0;189.944
10;0;127;0.0;0.0;0.0;216.44;0.0;216.44
10;0;128;0.0;0.0;0.0;201.951;0.0;201.951
10;0;129;0.0;0.0;0.0;194.021;0.0;194.021
10;0;130;0.0;0.0;0.0;177.772;0.0;177.772
10;0;131;0.0;0.0;0.0;181.043;0.0;181.043
10;0;132;0.0;0.0;0.0;166.188;0.0;166.188
10;0;133;0.0;0.0;0.0;154.076;0.0;154.076
10;0;134;0.0;0.0;0.0;203.573;0.0;203.573
10;0;135;0.0;0.0;0.0;207.722;0.0;207.722
10;0;136;0.0;120.256;0.0;102.53;0.0;222.786
10;0;137;0.0;0.0;0.0;62.195;0.0;62.195
10;0;138;0.0;0.0;0.0;170.094;0.0;170.094
10;0;139;0.0;0.0;0.0;245.993;0.0;245.993
10;0;140;0.0;0.0;0.0;237.65;0.0;237.65
10;0;141;0.0;0.0;0.0;250.177;0.0;250.177
10;0;142;0.0;0.0;0.0;256.993;0.0;256.993
10;0;143;0.0;0.0;0.0;57.169;0.0;57.169
10;0;144;0.0;0.0;0.0;7.598;0.0;7.598
10;0;145;0.0;0.0;0.0;170.897;0.0;170.897
10;0;146;0.0;0.0;0.0;171.048;0.0;171.048
10;0;147;0.0;0.0;0.0;173.494;0.0;173.494
10;0;148;0.0;0.0;0.0;176.916;0.0;176.916
10;0;149;0.0;0.0;0.0;183.09;0.0;183.09
10;0;150;0.0;0.0;0.0;196.651;0.0;196.651
10;0;151;0.0;0.0;0.0;218.672;0.0;218.672
10;0;152;0.0;44.633;0.0;171.593;0.0;216.226
10;0;153;0.0;0.0;0.0;206.895;0.0;206.895
10;0;154;0.0;11.211;0.0;182.757;0.0;193.968
10;0;155;0.0;0.0;0.0;181.624;0.0;181.624
10;0;156;0.0;45.132;0.0;130.433;0.0;175.565
10;0;157;0.0;0.0;0.0;150.649;0.0;150.649
10;0;158;0.0;0.0;0.0;141.982;0.0;141.982
10;0;159;0.0;50.649;0.0;95.723;0.0;146.372
10;0;160;0.0;0.0;0.0;211.404;0.0;211.404
10;0;161;0.0;0.0;0.0;132.161;0.0;132.161
10;0;162;0.0;0.0;0.0;221.411;0.0;221.411
10;0;163;0.0;0.0;0.0;227.297;0.0;227.297
10;0;164;0.0;0.0;0.0;236.925;0.0;236.925
10;0;165;0.0;0.0;0.0;117.797;0.0;117.797
10;0;166;0.0;0.0;0.0;240.754;0.0;240.754
10;0;167;0.0;0.0;0.0;44.783;0.0;44.783
10;1;0;0.0;0.0;0.0;7.529;0.0;7.529
10;1;1;0.0;0.0;0.0;12.166;0.0;12.166
10;1;2;0.0;0.0;0.0;9.759;0.0;9.759
10;1;3;0.0;0.0;0.0;12.531;0.0;12.531
10;1;4;0.0;0.0;0.0;11.731;0.0;11.731
10;1;5;0.0;0.0;0.0;11.157;0.0;11.157
10;1;6;0.0;0.0;0.0;17.907;0.0;17.907
10;1;7;0.0;35.569;0.0;0.0;0.0;35.569
10;1;8;0.0;43.38;0.0;0.0;0.0;43.38
10;1;9;0.0;47.579;0.0;0.0;0.0;47.579
10;1;10;0.0;56.187;0.0;0.0;0.0;56.187
10;1;11;0.0;39.313;0.0;0.0;0.0;39.313
10;1;12;0.0;43.482;0.0;0.0;0.0;43.482
10;1;13;0.0;47.751;0.0;0.0;0.0;47.751
10;1;14;0.0;41.271;0.0;0.0;0.0;41.271
10;1;15;0.0;39.599;0.0;0.0;0.0;39.599
10;1;16;0.0;55.945;0.0;0.0;0.0;55.945
10;1;17;0.0;47.748;0.0;0.0;0.0;47.748
10;1;18;0.0;65.792;0.0;0.0;0.0;65.792
10;1;19;0.0;0.0;0.0;68.97;0.0;68.97
10;1;20;0.0;0.0;0.0;69.913;0.0;69.913
10;1;21;0.0;0.0;0.0;65.959;0.0;65.959
10;1;22;0.0;0.0;0.0;63.839;0.0;63.839
10;1;23;0.0;0.0;0.0;48.306;0.0;48.306
10;1;24;0.0;0.0;0.0;7.535;0.0;7.535
10;1;25;0.0;0.0;0.0;8.984;0.0;8.984
10;1;26;0.0;0.0;0.0;10.941;0.0;10.941
10;1;27;0.0;0.0;0.0;9.861;0.0;9.861
10;1;28;0.0;0.0;0.0;10.643;0.0;10.643
10;1;29;0.0;0.0;0.0;10.714;0.0;10.714
10;1;30;0.0;0.0;0.0;15.305;0.0;15.305
10;1;31;0.0;38.537;0.0;0.0;0.0;38.537
10;1;32;0.0;44.252;0.0;0.0;0.0;44.252
10;1;33;0.0;42.066;0.0;0.0;0.0;42.066
10;1;34;0.0;40.183;0.0;0.0;0.0;40.183
10;1;35;0.0;39.233;0.0;0.0;0.0;39.233
10;1;36;0.0;35.569;0.0;0.0;0.0;35.569
10;1;37;0.0;38.258;0.0;0.0;0.0;38.258
10;1;38;0.0;35.737;0.0;0.0;0.0;35.737
10;1;39;0.0;40.798;0.0;0.0;0.0;40.798
10;1;40;0.0;48.577;0.0;0.0;0.0;48.577
10;1;41;0.0;104.546;0.0;0.0;0.0;104.546
10;1;42;0.0;43.446;0.0;0.0;0.0;43.446
10;1;43;0.0;0.0;0.0;73.201;0.0;73.201
10;1;44;0.0;0.0;0.0;65.368;0.0;65.368
10;1;45;0.0;0.0;0.0;74.74;0.0;74.74
10;1;46;0.0;0.0;0.0;79.871;0.0;79.871
10;1;47;0.0;0.0;0.0;36.799;0.0;36.799
10;1;48;0.0;0.0;0.0;7.558;0.0;7.558
10;1;49;0.0;0.0;0.0;11.075;0.0;11.075
10;1;50;0.0;0.0;0.0;11.445;0.0;11.445
10;1;51;0.0;0.0;0.0;11.457;0.0;11.457
10;1;52;0.0;0.0;0.0;9.816;0.0;9.816
10;1;53;0.0;0.0;0.0;10.751;0.0;10.751
10;1;54;0.0;0.0;0.0;11.091;0.0;11.091
10;1;55;0.0;32.752;0.0;0.0;0.0;32.752
10;1;56;0.0;41.68;0.0;0.0;0.0;41.68
10;1;57;0.0;38.964;0.0;0.0;0.0;38.964
10;1;58;0.0;45.591;0.0;0.0;0.0;45.591
10;1;59;0.0;48.321;0.0;0.0;0.0;48.321
10;1;60;0.0;43.229;0.0;0.0;0.0;43.229
10;1;61;0.0;35.892;0.0;0.0;0.0;35.892
10;1;62;0.0;45.164;0.0;0.0;0.0;45.164
10;1;63;0.0;33.717;0.0;0.0;0.0;33.717
10;1;64;0.0;39.0;0.0;0.0;0.0;39.0
10;1;65;0.0;88.092;0.0;0.0;0.0;88.092
10;1;66;0.0;50.193;0.0;0.0;0.0;50.193
10;1;67;0.0;0.0;0.0;60.729;0.0;60.729
10;1;68;0.0;0.0;0.0;79.498;0.0;79.498
10;1;69;0.0;0.0;0.0;71.926;0.0;71.926
10;1;70;0.0;0.0;0.0;54.205;0.0;54.205
10;1;71;0.0;0.0;0.0;47.046;0.0;47.046
10;1;72;0.0;0.0;0.0;7.482;0.0;7.482
10;1;73;0.0;0.0;0.0;11.424;0.0;11.424
10;1;74;0.0;0.0;0.0;10.566;0.0;10.566
10;1;75;0.0;0.0;0.0;10.401;0.0;10.401
10;1;76;0.0;0.0;0.0;11.218;0.0;11.218
10;1;77;0.0;0.0;0.0;14.061;0.0;14.061
10;1;78;0.0;0.0;0.0;14.356;0.0;14.356
10;1;79;0.0;16.242;0.0;0.0;0.0;16.242
10;1;80;0.0;36.68;0.0;0.0;0.0;36.68
10;1;81;0.0;51.64;0.0;0.0;0.0;51.64
10;1;82;0.0;48.76;0.0;0.0;0.0;48.76
10;1;83;0.0;43.911;0.0;0.0;0.0;43.911
10;1;84;0.0;41.477;0.0;0.0;0.0;41.477
10;1;85;0.0;34.893;0.0;0.0;0.0;34.893
10;1;86;0.0;43.58;0.0;0.0;0.0;43.58
10;1;87;0.0;87.076;0.0;0.0;0.0;87.076
10;1;88;0.0;39.183;0.0;0.0;0.0;39.183
10;1;89;0.0;45.756;0.0;0.0;0.0;45.756
10;1;90;0.0;38.544;0.0;0.0;0.0;38.544
10;1;91;0.0;0.0;0.0;58.075;0.0;58.075
10;1;92;0.0;0.0;0.0;60.634;0.0;60.634
10;1;93;0.0;0.0;0.0;48.063;0.0;48.063
10;1;94;0.0;0.0;0.0;52.452;0.0;52.452
10;1;95;0.0;0.0;0.0;40.887;0.0;40.887
10;1;96;0.0;0.0;0.0;7.412;0.0;7.412
10;1;97;0.0;0.0;0.0;11.068;0.0;11.068
10;1;98;0.0;0.0;0.0;10.624;0.0;10.624
10;1;99;0.0;0.0;0.0;10.421;0.0;10.421
10;1;100;0.0;0.0;0.0;9.254;0.0;9.254
10;1;101;0.0;0.0;0.0;11.839;0.0;11.839
10;1;102;0.0;0.0;0.0;15.644;0.0;15.644
10;1;103;0.0;22.949;0.0;0.0;0.0;22.949
10;1;104;0.0;30.946;0.0;0.0;0.0;30.946
10;1;105;0.0;48.452;0.0;0.0;0.0;48.452
10;1;106;0.0;48.432;0.0;0.0;0.0;48.432
10;1;107;0.0;51.684;0.0;0.0;0.0;51.684
10;1;108;0.0;52.231;0.0;0.0;0.0;52.231
10;1;109;0.0;48.489;0.0;0.0;0.0;48.489
10;1;110;0.0;103.672;0.0;0.0;0.0;103.672
10;1;111;0.0;47.278;0.0;0.0;0.0;47.278
10;1;112;0.0;52.33;0.0;0.0;0.0;52.33
10;1;113;0.0;49.378;0.0;0.0;0.0;49.378
10;1;114;0.0;46.632;0.0;0.0;0.0;46.632
10;1;115;0.0;0.0;0.0;60.103;0.0;60.103
10;1;116;0.0;0.0;0.0;61.515;0.0;61.515
10;1;117;0.0;0.0;0.0;55.863;0.0;55.863
10;1;118;0.0;0.0;0.0;63.102;0.0;63.102
10;1;119;0.0;0.0;0.0;41.108;0.0;41.108
10;1;120;0.0;0.0;0.0;7.619;0.0;7.619
10;1;121;0.0;0.0;0.0;11.147;0.0;11.147
10;1;122;0.0;0.0;0.0;9.85;0.0;9.85
10;1;123;0.0;0.0;0.0;11.929;0.0;11.929
10;1;124;0.0;0.0;0.0;10.074;0.0;10.074
10;1;125;0.0;0.0;0.0;13.56;0.0;13.56
10;1;126;0.0;0.0;0.0;12.101;0.0;12.101
10;1;127;0.0;43.804;0.0;0.0;0.0;43.804
10;1;128;0.0;41.745;0.0;0.0;0.0;41.745
10;1;129;0.0;41.44;0.0;0.0;0.0;41.44
10;1;130;0.0;43.111;0.0;0.0;0.0;43.111
10;1;131;0.0;35.573;0.0;0.0;0.0;35.573
10;1;132;0.0;44.571;0.0;0.0;0.0;44.571
10;1;133;0.0;35.018;0.0;0.0;0.0;35.018
10;1;134;0.0;38.91;0.0;0.0;0.0;38.91
10;1;135;0.0;34.046;0.0;0.0;0.0;34.046
10;1;136;0.0;89.307;0.0;0.0;0.0;89.307
10;1;137;0.0;47.954;0.0;0.0;0.0;47.954
10;1;138;0.0;47.493;0.0;0.0;0.0;47.493
10;1;139;0.0;0.0;0.0;74.199;0.0;74.199
10;1;140;0.0;0.0;0.0;71.958;0.0;71.958
10;1;141;0.0;0.0;0.0;78.264;0.0;78.264
10;1;142;0.0;0.0;0.0;57.149;0.0;57.149
10;1;143;0.0;0.0;0.0;58.087;0.0;58.087
10;1;144;0.0;0.0;0.0;7.461;0.0;7.461
10;1;145;0.0;0.0;0.0;12.297;0.0;12.297
10;1;146;0.0;0.0;0.0;11.135;0.0;11.135
10;1;147;0.0;0.0;0.0;11.104;0.0;11.104
10;1;148;0.0;0.0;0.0;9.835;0.0;9.835
10;1;149;0.0;0.0;0.0;11.968;0.0;11.968
10;1;150;0.0;0.0;0.0;14.53;0.0;14.53
10;1;151;0.0;37.994;0.0;0.0;0.0;37.994
10;1;152;0.0;41.161;0.0;0.0;0.0;41.161
10;1;153;0.0;48.002;0.0;0.0;0.0;48.002
10;1;154;0.0;37.653;0.0;0.0;0.0;37.653
10;1;155;0.0;41.378;0.0;0.0;0.0;41.378
10;1;156;0.0;45.704;0.0;0.0;0.0;45.704
10;1;157;0.0;48.095;0.0;0.0;0.0;48.095
10;1;158;0.0;40.561;0.0;0.0;0.0;40.561
10;1;159;0.0;136.6;0.0;0.0;0.0;136.6
10;1;160;0.0;46.533;0.0;0.0;0.0;46.533
10;1;161;0.0;73.581;0.0;0.0;0.0;73.581
10;1;162;0.0;48.327;0.0;0.0;0.0;48.327
10;1;163;0.0;0.0;0.0;86.572;0.0;86.572
10;1;164;0.0;0.0;0.0;73.365;0.0;73.365
10;1;165;0.0;0.0;0.0;70.574;0.0;70.574
10;1;166;0.0;0.0;0.0;68.77;0.0;68.77
10;1;167;0.0;0.0;0.0;55.211;0.0;55.211
10;2;0;0.0;0.0;0.0;7.519;0.0;7.519
10;2;1;0.0;0.0;0.0;9.982;0.0;9.982
10;2;2;0.0;0.0;0.0;156.168;0.0;156.168
10;2;3;0.0;0.0;0.0;12.89;0.0;12.89
10;2;4;0.0;0.0;0.0;41.309;0.0;41.309
10;2;5;0.0;0.0;0.0;160.689;0.0;160.689
10;2;6;0.0;0.0;0.0;19.58;0.0;19.58
10;2;7;0.0;0.0;0.0;32.858;0.0;32.858
10;2;8;0.0;0.0;0.0;60.949;0.0;60.949
10;2;9;0.0;109.813;0.0;0.0;0.0;109.813
10;2;10;0.0;95.371;0.0;0.0;0.0;95.371
10;2;11;0.0;88.64;0.0;0.0;0.0;88.64
10;2;12;0.0;175.52;0.0;0.0;0.0;175.52
10;2;13;0.0;178.618;0.0;0.0;0.0;178.618
10;2;14;0.0;75.877;0.0;0.0;0.0;75.877
10;2;15;0.0;62.732;0.0;0.0;0.0;62.732
10;2;16;0.0;65.042;0.0;8.42;0.0;73.461
10;2;17;0.0;0.0;0.0;87.911;0.0;87.911
10;2;18;0.0;0.0;0.0;56.416;0.0;56.416
10;2;19;0.0;0.0;0.0;155.213;0.0;155.213
10;2;20;0.0;0.0;0.0;116.445;0.0;116.445
10;2;21;0.0;0.0;0.0;61.892;0.0;61.892
10;2;22;0.0;0.0;0.0;173.17;0.0;173.17
10;2;23;0.0;0.0;0.0;37.898;0.0;37.898
10;2;24;0.0;0.0;0.0;7.566;0.0;7.566
10;2;25;0.0;0.0;0.0;11.725;0.0;11.725
10;2;26;0.0;0.0;0.0;143.034;0.0;143.034
10;2;27;0.0;0.0;0.0;10.748;0.0;10.748
10;2;28;0.0;0.0;0.0;178.388;0.0;178.388
10;2;29;0.0;0.0;0.0;27.771;0.0;27.771
10;2;30;0.0;0.0;0.0;124.358;0.0;124.358
10;2;31;0.0;0.0;0.0;148.944;0.0;148.944
10;2;32;0.0;26.244;0.0;134.923;0.0;161.168
10;2;33;0.0;137.997;0.0;0.0;0.0;137.997
10;2;34;0.0;121.389;0.0;0.0;0.0;121.389
10;2;35;0.0;110.452;0.0;0.0;0.0;110.452
10;2;36;0.0;92.83;0.0;0.0;0.0;92.83
10;2;37;0.0;77.981;0.0;0.0;0.0;77.981
10;2;38;0.0;159.369;0.0;0.0;0.0;159.369
10;2;39;0.0;163.19;0.0;0.0;0.0;163.19
10;2;40;0.0;74.365;0.0;0.0;0.0;74.365
10;2;41;0.0;0.0;0.0;76.631;0.0;76.631
10;2;42;0.0;0.0;0.0;96.509;0.0;96.509
10;2;43;0.0;0.0;0.0;96.015;0.0;96.015
10;2;44;0.0;0.0;0.0;78.732;0.0;78.732
10;2;45;0.0;0.0;0.0;60.656;0.0;60.656
10;2;46;0.0;0.0;0.0;56.144;0.0;56.144
10;2;47;0.0;0.0;0.0;43.666;0.0;43.666
10;2;48;0.0;0.0;0.0;7.554;0.0;7.554
10;2;49;0.0;0.0;0.0;9.184;0.0;9.184
10;2;50;0.0;0.0;0.0;50.121;0.0;50.121
10;2;51;0.0;0.0;0.0;51.363;0.0;51.363
10;2;52;0.0;0.0;0.0;52.063;0.0;52.063
10;2;53;0.0;0.0;0.0;53.957;0.0;53.957
10;2;54;0.0;0.0;0.0;53.512;0.0;53.512
10;2;55;0.0;0.0;0.0;88.764;0.0;88.764
10;2;56;0.0;0.0;0.0;105.476;0.0;105.476
10;2;57;0.0;0.0;0.0;80.095;0.0;80.095
10;2;58;0.0;0.0;0.0;76.133;0.0;76.133
10;2;59;0.0;0.0;0.0;66.459;0.0;66.459
10;2;60;0.0;0.0;0.0;59.848;0.0;59.848
10;2;61;0.0;0.0;0.0;48.427;0.0;48.427
10;2;62;0.0;0.0;0.0;56.143;0.0;56.143
10;2;63;0.0;0.0;0.0;50.302;0.0;50.302
10;2;64;0.0;0.0;0.0;125.518;0.0;125.518
10;2;65;0.0;0.0;0.0;195.784;0.0;195.784
10;2;66;0.0;0.0;0.0;64.171;0.0;64.171
10;2;67;0.0;0.0;0.0;59.359;0.0;59.359
10;2;68;0.0;0.0;0.0;85.975;0.0;85.975
10;2;69;0.0;0.0;0.0;69.631;0.0;69.631
10;2;70;0.0;0.0;0.0;62.278;0.0;62.278
10;2;71;0.0;0.0;0.0;33.443;0.0;33.443
10;2;72;0.0;0.0;0.0;10.713;0.0;10.713
10;2;73;0.0;0.0;0.0;15.746;0.0;15.746
10;2;74;0.0;0.0;0.0;46.968;0.0;46.968
10;2;75;0.0;0.0;0.0;51.222;0.0;51.222
10;2;76;0.0;0.0;0.0;49.893;0.0;49.893
10;2;77;0.0;0.0;0.0;50.321;0.0;50.321
10;2;78;0.0;0.0;0.0;52.436;0.0;52.436
10;2;79;0.0;0.0;0.0;81.368;0.0;81.368
10;2;80;0.0;0.0;0.0;96.675;0.0;96.675
10;2;81;0.0;43.006;0.0;45.687;0.0;88.693
10;2;82;0.0;0.0;0.0;76.324;0.0;76.324
10;2;83;0.0;17.985;0.0;47.659;0.0;65.643
10;2;84;0.0;159.082;0.0;0.0;0.0;159.082
10;2;85;0.0;169.077;0.0;0.0;0.0;169.077
10;2;86;0.0;0.0;0.0;63.648;0.0;63.648
10;2;87;0.0;0.0;0.0;48.942;0.0;48.942
10;2;88;0.0;0.0;0.0;42.167;0.0;42.167
10;2;89;0.0;0.0;0.0;57.259;0.0;57.259
10;2;90;0.0;0.0;0.0;66.474;0.0;66.474
10;2;91;0.0;0.0;0.0;67.656;0.0;67.656
10;2;92;0.0;0.0;0.0;206.703;0.0;206.703
10;2;93;0.0;0.0;0.0;80.168;0.0;80.168
10;2;94;0.0;0.0;0.0;60.145;0.0;60.145
10;2;95;0.0;0.0;0.0;47.478;0.0;47.478
10;2;96;0.0;0.0;0.0;7.501;0.0;7.501
10;2;97;0.0;0.0;0.0;15.296;0.0;15.296
10;2;98;0.0;0.0;0.0;82.337;0.0;82.337
10;2;99;0.0;0.0;0.0;163.231;0.0;163.231
10;2;100;0.0;0.0;0.0;81.429;0.0;81.429
10;2;101;0.0;0.0;0.0;12.258;0.0;12.258
10;2;102;0.0;0.0;0.0;103.811;0.0;103.811
10;2;103;0.0;0.0;0.0;117.187;0.0;117.187
10;2;104;0.0;0.0;0.0;134.084;0.0;134.084
10;2;105;0.0;186.305;0.0;0.0;0.0;186.305
10;2;106;0.0;116.357;0.0;0.0;0.0;116.357
10;2;107;0.0;1.195;0.0;56.949;0.0;58.143
10;2;108;0.0;113.377;0.0;0.0;0.0;113.377
10;2;109;0.0;29.756;0.0;122.604;0.0;152.36
10;2;110;0.0;0.0;0.0;40.867;0.0;40.867
10;2;111;0.0;0.0;0.0;97.364;0.0;97.364
10;2;112;0.0;0.0;0.0;117.662;0.0;117.662
10;2;113;0.0;0.0;0.0;107.941;0.0;107.941
10;2;114;0.0;0.0;0.0;125.925;0.0;125.925
10;2;115;0.0;0.0;0.0;130.518;0.0;130.518
10;2;116;0.0;0.0;0.0;138.776;0.0;138.776
10;2;117;0.0;0.0;0.0;124.55;0.0;124.55
10;2;118;0.0;0.0;0.0;119.971;0.0;119.971
10;2;119;0.0;0.0;0.0;195.298;0.0;195.298
10;2;120;0.0;0.0;0.0;7.595;0.0;7.595
10;2;121;0.0;0.0;0.0;150.953;0.0;150.953
10;2;122;0.0;0.0;0.0;9.93;0.0;9.93
10;2;123;0.0;0.0;0.0;90.219;0.0;90.219
10;2;124;0.0;0.0;0.0;93.236;0.0;93.236
10;2;125;0.0;0.0;0.0;93.953;0.0;93.953
10;2;126;0.0;0.0;0.0;109.836;0.0;109.836
10;2;127;0.0;0.0;0.0;132.75;0.0;132.75
10;2;128;0.0;0.0;0.0;149.552;0.0;149.552
10;2;129;0.0;0.0;0.0;120.648;0.0;120.648
10;2;130;0.0;0.0;0.0;117.007;0.0;117.007
10;2;131;0.0;0.0;0.0;102.625;0.0;102.625
10;2;132;0.0;0.0;0.0;97.11;0.0;97.11
10;2;133;0.0;73.565;0.0;16.915;0.0;90.48
10;2;134;0.0;0.0;0.0;177.085;0.0;177.085
10;2;135;0.0;0.0;0.0;189.644;0.0;189.644
10;2;136;0.0;0.0;0.0;54.745;0.0;54.745
10;2;137;0.0;0.0;0.0;59.686;0.0;59.686
10;2;138;0.0;0.0;0.0;63.869;0.0;63.869
10;2;139;0.0;0.0;0.0;231.466;0.0;231.466
10;2;140;0.0;0.0;0.0;69.934;0.0;69.934
10;2;141;0.0;0.0;0.0;76.027;0.0;76.027
10;2;142;0.0;0.0;0.0;157.81;0.0;157.81
10;2;143;0.0;0.0;0.0;47.912;0.0;47.912
10;2;144;0.0;0.0;0.0;78.465;0.0;78.465
10;2;145;0.0;0.0;0.0;86.381;0.0;86.381
10;2;146;0.0;0.0;0.0;87.869;0.0;87.869
10;2;147;0.0;0.0;0.0;88.968;0.0;88.968
10;2;148;0.0;0.0;0.0;90.92;0.0;90.92
10;2;149;0.0;0.0;0.0;89.267;0.0;89.267
10;2;150;0.0;0.0;0.0;105.238;0.0;105.238
10;2;151;0.0;0.0;0.0;133.546;0.0;133.546
10;2;152;0.0;0.0;0.0;122.781;0.0;122.781
10;2;153;0.0;0.0;0.0;119.13;0.0;119.13
10;2;154;0.0;0.0;0.0;126.329;0.0;126.329
10;2;155;0.0;0.0;0.0;102.195;0.0;102.195
10;2;156;0.0;0.0;0.0;98.033;0.0;98.033
10;2;157;0.0;0.0;0.0;105.479;0.0;105.479
10;2;158;0.0;0.0;0.0;85.828;0.0;85.828
10;2;159;0.0;0.0;0.0;75.1;0.0;75.1
10;2;160;0.0;0.0;0.0;90.397;0.0;90.397
10;2;161;0.0;0.0;0.0;96.008;0.0;96.008
10;2;162;0.0;0.0;0.0;106.905;0.0;106.905
10;2;163;0.0;0.0;0.0;111.75;0.0;111.75
10;2;164;0.0;0.0;0.0;111.778;0.0;111.778
10;2;165;0.0;0.0;0.0;111.095;0.0;111.095
10;2;166;0.0;0.0;0.0;137.042;0.0;137.042
10;2;167;0.0;0.0;0.0;203.86;0.0;203.86
10;3;0;0.0;0.0;0.0;10.579;0.0;10.579
10;3;1;0.0;0.0;0.0;175.46;0.0;175.46
10;3;2;0.0;0.0;0.0;175.065;0.0;175.065
10;3;3;0.0;0.0;0.0;177.391;0.0;177.391
10;3;4;0.0;0.0;0.0;200.137;0.0;200.137
10;3;5;0.0;0.0;0.0;165.085;0.0;165.085
10;3;6;0.0;0.0;0.0;207.164;0.0;207.164
10;3;7;0.0;0.0;0.0;232.999;0.0;232.999
10;3;8;0.0;0.0;0.0;237.035;0.0;237.035
10;3;9;0.0;0.0;0.0;215.593;0.0;215.593
10;3;10;0.0;48.43;0.0;159.341;0.0;207.771
10;3;11;0.0;24.556;0.0;164.091;0.0;188.647
10;3;12;0.0;0.0;0.0;187.24;0.0;187.24
10;3;13;0.0;167.719;0.0;4.971;0.0;172.689
10;3;14;0.0;208.447;0.0;0.0;0.0;208.447
10;3;15;0.0;0.0;0.0;201.334;0.0;201.334
10;3;16;0.0;0.0;0.0;225.862;0.0;225.862
10;3;17;0.0;0.0;0.0;221.101;0.0;221.101
10;3;18;0.0;0.0;0.0;236.01;0.0;236.01
10;3;19;0.0;0.0;0.0;72.949;0.0;72.949
10;3;20;0.0;0.0;0.0;72.095;0.0;72.095
10;3;21;0.0;0.0;0.0;220.871;0.0;220.871
10;3;22;0.0;0.0;0.0;252.606;0.0;252.606
10;3;23;0.0;0.0;0.0;244.021;0.0;244.021
10;3;24;0.0;0.0;0.0;197.345;0.0;197.345
10;3;25;0.0;0.0;0.0;60.263;0.0;60.263
10;3;26;0.0;0.0;0.0;179.515;0.0;179.515
10;3;27;0.0;0.0;0.0;181.05;0.0;181.05
10;3;28;0.0;0.0;0.0;185.725;0.0;185.725
10;3;29;0.0;0.0;0.0;190.365;0.0;190.365
10;3;30;0.0;0.0;0.0;204.611;0.0;204.611
10;3;31;0.0;0.0;0.0;233.758;0.0;233.758
10;3;32;0.0;0.0;0.0;232.371;0.0;232.371
10;3;33;0.0;0.0;0.0;223.039;0.0;223.039
10;3;34;0.0;0.0;0.0;209.551;0.0;209.551
10;3;35;0.0;0.0;0.0;188.965;0.0;188.965
10;3;36;0.0;0.0;0.0;196.499;0.0;196.499
10;3;37;0.0;0.0;0.0;187.787;0.0;187.787
10;3;38;0.0;0.0;0.0;198.631;0.0;198.631
10;3;39;0.0;0.0;0.0;199.896;0.0;199.896
10;3;40;0.0;0.0;0.0;213.021;0.0;213.021
10;3;41;0.0;0.0;0.0;218.323;0.0;218.323
10;3;42;0.0;0.0;0.0;230.237;0.0;230.237
10;3;43;0.0;0.0;0.0;231.18;0.0;231.18
10;3;44;0.0;0.0;0.0;233.73;0.0;233.73
10;3;45;0.0;0.0;0.0;216.58;0.0;216.58
10;3;46;0.0;0.0;0.0;209.689;0.0;209.689
10;3;47;0.0;0.0;0.0;175.146;0.0;175.146
10;3;48;0.0;0.0;0.0;125.428;0.0;125.428
10;3;49;0.0;0.0;0.0;121.035;0.0;121.035
10;3;50;0.0;0.0;0.0;118.395;0.0;118.395
10;3;51;0.0;0.0;0.0;115.472;0.0;115.472
10;3;52;0.0;0.0;0.0;115.58;0.0;115.58
10;3;53;0.0;0.0;0.0;114.905;0.0;114.905
10;3;54;0.0;0.0;0.0;119.078;0.0;119.078
10;3;55;0.0;0.0;0.0;164.206;0.0;164.206
10;3;56;0.0;0.0;0.0;189.728;0.0;189.728
10;3;57;0.0;0.0;0.0;146.993;0.0;146.993
10;3;58;0.0;0.0;0.0;153.164;0.0;153.164
10;3;59;0.0;0.0;0.0;147.421;0.0;147.421
10;3;60;0.0;0.0;0.0;136.422;0.0;136.422
10;3;61;0.0;21.362;0.0;118.393;0.0;139.755
10;3;62;0.0;125.581;0.0;0.0;0.0;125.581
10;3;63;0.0;91.497;0.0;43.245;0.0;134.742
10;3;64;0.0;0.0;0.0;150.28;0.0;150.28
10;3;65;0.0;0.0;0.0;218.38;0.0;218.38
10;3;66;0.0;0.0;0.0;230.364;0.0;230.364
10;3;67;0.0;0.0;0.0;227.987;0.0;227.987
10;3;68;0.0;0.0;0.0;143.619;0.0;143.619
10;3;69;0.0;0.0;0.0;79.863;0.0;79.863
10;3;70;0.0;0.0;0.0;56.541;0.0;56.541
10;3;71;0.0;0.0;0.0;149.885;0.0;149.885
10;3;72;0.0;0.0;0.0;118.1;0.0;118.1
10;3;73;0.0;0.0;0.0;125.305;0.0;125.305
10;3;74;0.0;0.0;0.0;121.989;0.0;121.989
10;3;75;0.0;0.0;0.0;130.648;0.0;130.648
10;3;76;0.0;0.0;0.0;127.028;0.0;127.028
10;3;77;0.0;0.0;0.0;129.417;0.0;129.417
10;3;78;0.0;0.0;0.0;189.153;0.0;189.153
10;3;79;0.0;0.0;0.0;107.203;0.0;107.203
10;3;80;0.0;0.0;0.0;171.282;0.0;171.282
10;3;81;0.0;0.0;0.0;162.12;0.0;162.12
10;3;82;0.0;0.0;0.0;178.652;0.0;178.652
10;3;83;0.0;0.0;0.0;170.322;0.0;170.322
10;3;84;0.0;0.0;0.0;167.826;0.0;167.826
10;3;85;0.0;0.0;0.0;218.483;0.0;218.483
10;3;86;0.0;95.639;0.0;0.0;0.0;95.639
10;3;87;0.0;0.0;0.0;211.253;0.0;211.253
10;3;88;0.0;0.0;0.0;219.645;0.0;219.645
10;3;89;0.0;0.0;0.0;238.828;0.0;238.828
10;3;90;0.0;0.0;0.0;232.442;0.0;232.442
10;3;91;0.0;0.0;0.0;97.188;0.0;97.188
10;3;92;0.0;0.0;0.0;63.903;0.0;63.903
10;3;93;0.0;0.0;0.0;203.928;0.0;203.928
10;3;94;0.0;0.0;0.0;202.412;0.0;202.412
10;3;95;0.0;0.0;0.0;189.043;0.0;189.043
10;3;96;0.0;0.0;0.0;191.522;0.0;191.522
10;3;97;0.0;0.0;0.0;205.643;0.0;205.643
10;3;98;0.0;0.0;0.0;203.435;0.0;203.435
10;3;99;0.0;0.0;0.0;205.908;0.0;205.908
10;3;100;0.0;0.0;0.0;203.347;0.0;203.347
10;3;101;0.0;0.0;0.0;199.112;0.0;199.112
10;3;102;0.0;0.0;0.0;197.95;0.0;197.95
10;3;103;0.0;0.0;0.0;217.062;0.0;217.062
10;3;104;0.0;0.0;0.0;220.528;0.0;220.528
10;3;105;0.0;0.0;0.0;236.617;0.0;236.617
10;3;106;0.0;0.0;0.0;223.176;0.0;223.176
10;3;107;0.0;0.0;0.0;226.512;0.0;226.512
10;3;108;0.0;0.0;0.0;234.493;0.0;234.493
10;3;109;0.0;0.0;0.0;216.384;0.0;216.384
10;3;110;0.0;0.0;0.0;215.796;0.0;215.796
10;3;111;0.0;0.0;0.0;214.903;0.0;214.903
10;3;112;0.0;0.0;0.0;224.25;0.0;224.25
10;3;113;0.0;0.0;0.0;221.639;0.0;221.639
10;3;114;0.0;0.0;0.0;241.443;0.0;241.443
10;3;115;0.0;0.0;0.0;234.999;0.0;234.999
10;3;116;0.0;0.0;0.0;219.347;0.0;219.347
10;3;117;0.0;0.0;0.0;234.775;0.0;234.775
10;3;118;0.0;0.0;0.0;236.456;0.0;236.456
10;3;119;0.0;0.0;0.0;221.117;0.0;221.117
10;3;120;0.0;0.0;0.0;190.096;0.0;190.096
10;3;121;0.0;0.0;0.0;198.605;0.0;198.605
10;3;122;0.0;0.0;0.0;197.935;0.0;197.935
10;3;123;0.0;0.0;0.0;199.767;0.0;199.767
10;3;124;0.0;0.0;0.0;202.596;0.0;202.596
10;3;125;0.0;0.0;0.0;29.406;0.0;29.406
10;3;126;0.0;0.0;0.0;213.928;0.0;213.928
10;3;127;0.0;0.0;0.0;246.001;0.0;246.001
10;3;128;0.0;0.0;0.0;234.263;0.0;234.263
10;3;129;0.0;0.0;0.0;232.986;0.0;232.986
10;3;130;0.0;0.0;0.0;222.368;0.0;222.368
10;3;131;0.0;0.0;0.0;220.248;0.0;220.248
10;3;132;0.0;0.0;0.0;205.929;0.0;205.929
10;3;133;0.0;26.796;0.0;158.978;0.0;185.774
10;3;134;0.0;0.0;0.0;204.788;0.0;204.788
10;3;135;0.0;0.0;0.0;199.866;0.0;199.866
10;3;136;0.0;0.0;0.0;241.857;0.0;241.857
10;3;137;0.0;0.0;0.0;189.082;0.0;189.082
10;3;138;0.0;0.0;0.0;238.504;0.0;238.504
10;3;139;0.0;0.0;0.0;272.955;0.0;272.955
10;3;140;0.0;0.0;0.0;226.367;0.0;226.367
10;3;141;0.0;0.0;0.0;252.397;0.0;252.397
10;3;142;0.0;0.0;0.0;241.8;0.0;241.8
10;3;143;0.0;0.0;0.0;221.825;0.0;221.825
10;3;144;0.0;0.0;0.0;199.067;0.0;199.067
10;3;145;0.0;0.0;0.0;178.147;0.0;178.147
10;3;146;0.0;0.0;0.0;203.029;0.0;203.029
10;3;147;0.0;0.0;0.0;188.474;0.0;188.474
10;3;148;0.0;0.0;0.0;204.498;0.0;204.498
10;3;149;0.0;0.0;0.0;207.564;0.0;207.564
10;3;150;0.0;0.0;0.0;212.618;0.0;212.618
10;3;151;0.0;0.0;0.0;227.915;0.0;227.915
10;3;152;0.0;0.0;0.0;235.412;0.0;235.412
10;3;153;0.0;0.0;0.0;202.212;0.0;202.212
10;3;154;0.0;96.454;0.0;94.453;0.0;190.907
10;3;155;0.0;0.0;0.0;179.419;0.0;179.419
10;3;156;0.0;0.0;0.0;177.029;0.0;177.029
10;3;157;0.0;0.0;0.0;216.848;0.0;216.848
10;3;158;0.0;0.0;0.0;132.587;0.0;132.587
10;3;159;0.0;0.0;0.0;177.401;0.0;177.401
10;3;160;0.0;0.0;0.0;174.524;0.0;174.524
10;3;161;0.0;0.0;0.0;195.117;0.0;195.117
10;3;162;0.0;0.0;0.0;194.57;0.0;194.57
10;3;163;0.0;0.0;0.0;209.688;0.0;209.688
10;3;164;0.0;0.0;0.0;183.758;0.0;183.758
10;3;165;0.0;0.0;0.0;233.289;0.0;233.289
10;3;166;0.0;0.0;0.0;237.953;0.0;237.953
10;3;167;0.0;0.0;0.0;225.953;0.0;225.953
15;0;0;0.0;0.0;0.0;160.519;0.0;160.519
15;0;1;0.0;0.0;0.0;189.743;0.0;189.743
15;0;2;0.0;0.0;0.0;9.868;0.0;9.868
15;0;3;0.0;0.0;0.0;11.078;0.0;11.078
15;0;4;0.0;0.0;0.0;138.34;0.0;138.34
15;0;5;0.0;0.0;0.0;140.482;0.0;140.482
15;0;6;0.0;0.0;0.0;155.023;0.0;155.023
15;0;7;0.0;0.0;0.0;177.601;0.0;177.601
15;0;8;0.0;0.0;0.0;160.708;0.0;160.708
15;0;9;0.0;0.0;0.0;152.387;0.0;152.387
15;0;10;0.0;0.0;0.0;127.399;0.0;127.399
15;0;11;0.0;119.829;0.0;0.0;0.0;119.829
15;0;12;0.0;0.0;0.0;114.513;0.0;114.513
15;0;13;0.0;0.0;0.0;104.383;0.0;104.383
15;0;14;0.0;0.0;0.0;199.471;0.0;199.471
15;0;15;0.0;0.0;0.0;149.739;0.0;149.739
15;0;16;0.0;62.738;0.0;128.192;0.0;190.93
15;0;17;0.0;0.0;0.0;56.5;0.0;56.5
15;0;18;0.0;0.0;0.0;192.08;0.0;192.08
15;0;19;0.0;0.0;0.0;65.85;0.0;65.85
15;0;20;0.0;0.0;0.0;234.723;0.0;234.723
15;0;21;0.0;0.0;0.0;152.522;0.0;152.522
15;0;22;0.0;0.0;0.0;91.176;0.0;91.176
15;0;23;0.0;0.0;0.0;36.401;0.0;36.401
15;0;24;0.0;0.0;0.0;10.609;0.0;10.609
15;0;25;0.0;0.0;0.0;128.024;0.0;128.024
15;0;26;0.0;0.0;0.0;127.886;0.0;127.886
15;0;27;0.0;0.0;0.0;135.467;0.0;135.467
15;0;28;0.0;0.0;0.0;136.797;0.0;136.797
15;0;29;0.0;0.0;0.0;196.147;0.0;196.147
15;0;30;0.0;0.0;0.0;109.631;0.0;109.631
15;0;31;0.0;0.0;0.0;190.5;0.0;190.5
15;0;32;0.0;0.0;0.0;188.99;0.0;188.99
15;0;33;0.0;0.0;0.0;175.146;0.0;175.146
15;0;34;0.0;0.0;0.0;167.305;0.0;167.305
15;0;35;0.0;0.0;0.0;163.023;0.0;163.023
15;0;36;0.0;0.0;0.0;153.762;0.0;153.762
15;0;37;0.0;216.37;0.0;0.0;0.0;216.37
15;0;38;0.0;219.592;0.0;0.0;0.0;219.592
15;0;39;0.0;39.624;0.0;0.0;0.0;39.624
15;0;40;0.0;0.0;0.0;130.711;0.0;130.711
15;0;41;0.0;0.0;0.0;168.787;0.0;168.787
15;0;42;0.0;0.0;0.0;176.49;0.0;176.49
15;0;43;0.0;0.0;0.0;173.206;0.0;173.206
15;0;44;0.0;0.0;0.0;182.779;0.0;182.779
15;0;45;0.0;0.0;0.0;180.491;0.0;180.491
15;0;46;0.0;0.0;0.0;163.77;0.0;163.77
15;0;47;0.0;0.0;0.0;152.929;0.0;152.929
15;0;48;0.0;0.0;0.0;101.393;0.0;101.393
15;0;49;0.0;0.0;0.0;109.007;0.0;109.007
15;0;50;0.0;0.0;0.0;105.12;0.0;105.12
15;0;51;0.0;0.0;0.0;108.285;0.0;108.285
15;0;52;0.0;0.0;0.0;108.094;0.0;108.094
15;0;53;0.0;0.0;0.0;110.163;0.0;110.163
15;0;54;0.0;0.0;0.0;114.657;0.0;114.657
15;0;55;0.0;0.0;0.0;159.26;0.0;159.26
15;0;56;0.0;0.0;0.0;181.31;0.0;181.31
15;0;57;0.0;115.341;0.0;24.062;0.0;139.403
15;0;58;0.0;0.0;0.0;125.611;0.0;125.611
15;0;59;0.0;115.342;0.0;5.58;0.0;120.922
15;0;60;0.0;104.155;0.0;0.0;0.0;104.155
15;0;61;0.0;51.24;0.0;46.274;0.0;97.514
15;0;62;0.0;57.726;0.0;36.274;0.0;94.0
15;0;63;0.0;45.499;0.0;51.859;0.0;97.358
15;0;64;0.0;74.358;0.0;24.211;0.0;98.568
15;0;65;0.0;0.0;0.0;95.798;0.0;95.798
15;0;66;0.0;0.0;0.0;111.846;0.0;111.846
15;0;67;0.0;0.0;0.0;220.192;0.0;220.192
15;0;68;0.0;0.0;0.0;58.499;0.0;58.499
15;0;69;0.0;0.0;0.0;58.384;0.0;58.384
15;0;70;0.0;0.0;0.0;113.032;0.0;113.032
15;0;71;0.0;0.0;0.0;99.214;0.0;99.214
15;0;72;0.0;0.0;0.0;132.429;0.0;132.429
15;0;73;0.0;0.0;0.0;17.397;0.0;17.397
15;0;74;0.0;0.0;0.0;76.729;0.0;76.729
15;0;75;0.0;0.0;0.0;80.757;0.0;80.757
15;0;76;0.0;0.0;0.0;76.615;0.0;76.615
15;0;77;0.0;0.0;0.0;78.869;0.0;78.869
15;0;78;0.0;0.0;0.0;81.916;0.0;81.916
15;0;79;0.0;0.0;0.0;109.775;0.0;109.775
15;0;80;0.0;0.0;0.0;120.684;0.0;120.684
15;0;81;0.0;0.0;0.0;107.595;0.0;107.595
15;0;82;0.0;0.0;0.0;103.166;0.0;103.166
15;0;83;0.0;0.0;0.0;90.301;0.0;90.301
15;0;84;0.0;0.0;0.0;99.993;0.0;99.993
15;0;85;0.0;0.0;0.0;97.731;0.0;97.731
15;0;86;0.0;0.0;0.0;94.023;0.0;94.023
15;0;87;0.0;0.0;0.0;119.605;0.0;119.605
15;0;88;0.0;0.0;0.0;184.643;0.0;184.643
15;0;89;0.0;32.097;0.0;170.965;0.0;203.063
15;0;90;0.0;0.0;0.0;44.815;0.0;44.815
15;0;91;0.0;0.0;0.0;166.104;0.0;166.104
15;0;92;0.0;0.0;0.0;58.98;0.0;58.98
15;0;93;0.0;0.0;0.0;223.679;0.0;223.679
15;0;94;0.0;0.0;0.0;50.693;0.0;50.693
15;0;95;0.0;0.0;0.0;209.243;0.0;209.243
15;0;96;0.0;0.0;0.0;124.591;0.0;124.591
15;0;97;0.0;0.0;0.0;134.755;0.0;134.755
15;0;98;0.0;0.0;0.0;136.866;0.0;136.866
15;0;99;0.0;0.0;0.0;12.277;0.0;12.277
15;0;100;0.0;0.0;0.0;10.38;0.0;10.38
15;0;101;0.0;0.0;0.0;150.812;0.0;150.812
15;0;102;0.0;0.0;0.0;167.629;0.0;167.629
15;0;103;0.0;0.0;0.0;186.412;0.0;186.412
15;0;104;0.0;0.0;0.0;183.01;0.0;183.01
15;0;105;0.0;45.16;0.0;143.888;0.0;189.048
15;0;106;0.0;0.0;0.0;162.246;0.0;162.246
15;0;107;0.0;0.0;0.0;171.424;0.0;171.424
15;0;108;0.0;0.0;0.0;163.211;0.0;163.211
15;0;109;0.0;0.0;0.0;161.827;0.0;161.827
15;0;110;0.0;0.0;0.0;155.753;0.0;155.753
15;0;111;0.0;0.0;0.0;139.991;0.0;139.991
15;0;112;0.0;0.0;0.0;152.082;0.0;152.082
15;0;113;0.0;0.0;0.0;145.244;0.0;145.244
15;0;114;0.0;0.0;0.0;209.131;0.0;209.131
15;0;115;0.0;0.0;0.0;245.408;0.0;245.408
15;0;116;0.0;0.0;0.0;242.724;0.0;242.724
15;0;117;0.0;0.0;0.0;234.074;0.0;234.074
15;0;118;0.0;0.0;0.0;163.411;0.0;163.411
15;0;119;0.0;0.0;0.0;165.637;0.0;165.637
15;0;120;0.0;0.0;0.0;7.503;0.0;7.503
15;0;121;0.0;0.0;0.0;14.812;0.0;14.812
15;0;122;0.0;0.0;0.0;131.654;0.0;131.654
15;0;123;0.0;0.0;0.0;149.647;0.0;149.647
15;0;124;0.0;0.0;0.0;149.136;0.0;149.136
15;0;125;0.0;0.0;0.0;157.433;0.0;157.433
15;0;126;0.0;0.0;0.0;175.401;0.0;175.401
15;0;127;0.0;0.0;0.0;202.146;0.0;202.146
15;0;128;0.0;0.0;0.0;188.896;0.0;188.896
15;0;129;0.0;0.0;0.0;180.947;0.0;180.947
15;0;130;0.0;0.0;0.0;165.555;0.0;165.555
15;0;131;0.0;0.0;0.0;170.045;0.0;170.045
15;0;132;0.0;0.0;0.0;155.417;0.0;155.417
15;0;133;0.0;0.0;0.0;144.641;0.0;144.641
15;0;134;0.0;0.0;0.0;203.573;0.0;203.573
15;0;135;0.0;0.0;0.0;207.722;0.0;207.722
15;0;136;0.0;120.256;0.0;102.53;0.0;222.786
15;0;137;0.0;62.195;0.0;0.0;0.0;62.195
15;0;138;0.0;0.0;0.0;81.324;0.0;81.324
15;0;139;0.0;0.0;0.0;245.993;0.0;245.993
15;0;140;0.0;0.0;0.0;237.65;0.0;237.65
15;0;141;0.0;0.0;0.0;250.177;0.0;250.177
15;0;142;0.0;0.0;0.0;256.993;0.0;256.993
15;0;143;0.0;0.0;0.0;45.156;0.0;45.156
15;0;144;0.0;0.0;0.0;7.598;0.0;7.598
15;0;145;0.0;0.0;0.0;145.46;0.0;145.46
15;0;146;0.0;0.0;0.0;157.607;0.0;157.607
15;0;147;0.0;0.0;0.0;159.87;0.0;159.87
15;0;148;0.0;0.0;0.0;162.924;0.0;162.924
15;0;149;0.0;0.0;0.0;168.817;0.0;168.817
15;0;150;0.0;0.0;0.0;181.339;0.0;181.339
15;0;151;0.0;0.0;0.0;203.495;0.0;203.495
15;0;152;0.0;0.0;0.0;202.666;0.0;202.666
15;0;153;0.0;0.0;0.0;193.441;0.0;193.441
15;0;154;0.0;37.941;0.0;142.968;0.0;180.91
15;0;155;0.0;0.0;0.0;169.465;0.0;169.465
15;0;156;0.0;68.604;0.0;95.472;0.0;164.075
15;0;157;0.0;0.0;0.0;140.681;0.0;140.681
15;0;158;0.0;0.0;0.0;132.873;0.0;132.873
15;0;159;0.0;50.649;0.0;87.24;0.0;137.889
15;0;160;0.0;0.0;0.0;211.404;0.0;211.404
15;0;161;0.0;0.0;0.0;89.748;0.0;89.748
15;0;162;0.0;0.0;0.0;221.411;0.0;221.411
15;0;163;0.0;0.0;0.0;227.297;0.0;227.297
15;0;164;0.0;0.0;0.0;236.925;0.0;236.925
15;0;165;0.0;0.0;0.0;75.153;0.0;75.153
15;0;166;0.0;0.0;0.0;240.754;0.0;240.754
15;0;167;0.0;0.0;0.0;38.0;0.0;38.0
15;1;0;0.0;0.0;0.0;7.529;0.0;7.529
15;1;1;0.0;0.0;0.0;12.166;0.0;12.166
15;1;2;0.0;0.0;0.0;9.759;0.0;9.759
15;1;3;0.0;0.0;0.0;12.531;0.0;12.531
15;1;4;0.0;0.0;0.0;11.731;0.0;11.731
15;1;5;0.0;0.0;0.0;11.157;0.0;11.157
15;1;6;0.0;0.0;0.0;17.907;0.0;17.907
15;1;7;0.0;35.569;0.0;0.0;0.0;35.569
15;1;8;0.0;43.38;0.0;0.0;0.0;43.38
15;1;9;0.0;47.579;0.0;0.0;0.0;47.579
15;1;10;0.0;56.187;0.0;0.0;0.0;56.187
15;1;11;0.0;39.313;0.0;0.0;0.0;39.313
15;1;12;0.0;43.482;0.0;0.0;0.0;43.482
15;1;13;0.0;47.751;0.0;0.0;0.0;47.751
15;1;14;0.0;41.271;0.0;0.0;0.0;41.271
15;1;15;0.0;39.599;0.0;0.0;0.0;39.599
15;1;16;0.0;58.277;0.0;0.0;0.0;58.277
15;1;17;0.0;47.748;0.0;0.0;0.0;47.748
15;1;18;0.0;65.792;0.0;0.0;0.0;65.792
15;1;19;0.0;0.0;0.0;68.97;0.0;68.97
15;1;20;0.0;0.0;0.0;69.913;0.0;69.913
15;1;21;0.0;0.0;0.0;65.959;0.0;65.959
15;1;22;0.0;0.0;0.0;63.839;0.0;63.839
15;1;23;0.0;0.0;0.0;48.306;0.0;48.306
15;1;24;0.0;0.0;0.0;7.535;0.0;7.535
15;1;25;0.0;0.0;0.0;8.984;0.0;8.984
15;1;26;0.0;0.0;0.0;10.941;0.0;10.941
15;1;27;0.0;0.0;0.0;9.861;0.0;9.861
15;1;28;0.0;0.0;0.0;10.643;0.0;10.643
15;1;29;0.0;0.0;0.0;10.714;0.0;10.714
15;1;30;0.0;0.0;0.0;15.305;0.0;15.305
15;1;31;0.0;38.537;0.0;0.0;0.0;38.537
15;1;32;0.0;44.034;0.0;0.0;0.0;44.034
15;1;33;0.0;41.849;0.0;0.0;0.0;41.849
15;1;34;0.0;39.913;0.0;0.0;0.0;39.913
15;1;35;0.0;39.03;0.0;0.0;0.0;39.03
15;1;36;0.0;35.23;0.0;0.0;0.0;35.23
15;1;37;0.0;38.092;0.0;0.0;0.0;38.092
15;1;38;0.0;35.564;0.0;0.0;0.0;35.564
15;1;39;0.0;40.426;0.0;0.0;0.0;40.426
15;1;40;0.0;48.577;0.0;0.0;0.0;48.577
15;1;41;0.0;99.806;0.0;0.0;0.0;99.806
15;1;42;0.0;43.446;0.0;0.0;0.0;43.446
15;1;43;0.0;0.0;0.0;73.201;0.0;73.201
15;1;44;0.0;0.0;0.0;65.368;0.0;65.368
15;1;45;0.0;0.0;0.0;74.74;0.0;74.74
15;1;46;0.0;0.0;0.0;79.871;0.0;79.871
15;1;47;0.0;0.0;0.0;36.799;0.0;36.799
15;1;48;0.0;0.0;0.0;7.558;0.0;7.558
15;1;49;0.0;0.0;0.0;11.075;0.0;11.075
15;1;50;0.0;0.0;0.0;11.445;0.0;11.445
15;1;51;0.0;0.0;0.0;11.457;0.0;11.457
15;1;52;0.0;0.0;0.0;9.816;0.0;9.816
15;1;53;0.0;0.0;0.0;10.751;0.0;10.751
15;1;54;0.0;0.0;0.0;11.091;0.0;11.091
15;1;55;0.0;32.752;0.0;0.0;0.0;32.752
15;1;56;0.0;41.68;0.0;0.0;0.0;41.68
15;1;57;0.0;38.964;0.0;0.0;0.0;38.964
15;1;58;0.0;45.356;0.0;0.0;0.0;45.356
15;1;59;0.0;48.121;0.0;0.0;0.0;48.121
15;1;60;0.0;43.058;0.0;0.0;0.0;43.058
15;1;61;0.0;35.699;0.0;0.0;0.0;35.699
15;1;62;0.0;44.483;0.0;0.0;0.0;44.483
15;1;63;0.0;33.717;0.0;0.0;0.0;33.717
15;1;64;0.0;84.162;0.0;0.0;0.0;84.162
15;1;65;0.0;37.919;0.0;0.0;0.0;37.919
15;1;66;0.0;50.193;0.0;0.0;0.0;50.193
15;1;67;0.0;0.0;0.0;60.729;0.0;60.729
15;1;68;0.0;0.0;0.0;79.498;0.0;79.498
15;1;69;0.0;0.0;0.0;71.926;0.0;71.926
15;1;70;0.0;0.0;0.0;54.205;0.0;54.205
15;1;71;0.0;0.0;0.0;47.046;0.0;47.046
15;1;72;0.0;0.0;0.0;7.482;0.0;7.482
15;1;73;0.0;0.0;0.0;11.424;0.0;11.424
15;1;74;0.0;0.0;0.0;10.566;0.0;10.566
15;1;75;0.0;0.0;0.0;10.401;0.0;10.401
15;1;76;0.0;0.0;0.0;11.218;0.0;11.218
15;1;77;0.0;0.0;0.0;14.061;0.0;14.061
15;1;78;0.0;0.0;0.0;14.356;0.0;14.356
15;1;79;0.0;16.242;0.0;0.0;0.0;16.242
15;1;80;0.0;36.68;0.0;0.0;0.0;36.68
15;1;81;0.0;51.415;0.0;0.0;0.0;51.415
15;1;82;0.0;48.518;0.0;0.0;0.0;48.518
15;1;83;0.0;43.664;0.0;0.0;0.0;43.664
15;1;84;0.0;41.271;0.0;0.0;0.0;41.271
15;1;85;0.0;34.696;0.0;0.0;0.0;34.696
15;1;86;0.0;43.369;0.0;0.0;0.0;43.369
15;1;87;0.0;82.357;0.0;0.0;0.0;82.357
15;1;88;0.0;39.183;0.0;0.0;0.0;39.183
15;1;89;0.0;45.756;0.0;0.0;0.0;45.756
15;1;90;0.0;38.544;0.0;0.0;0.0;38.544
15;1;91;0.0;0.0;0.0;58.075;0.0;58.075
15;1;92;0.0;0.0;0.0;60.634;0.0;60.634
15;1;93;0.0;0.0;0.0;48.063;0.0;48.063
15;1;94;0.0;0.0;0.0;52.452;0.0;52.452
15;1;95;0.0;0.0;0.0;40.887;0.0;40.887
15;1;96;0.0;0.0;0.0;7.412;0.0;7.412
15;1;97;0.0;0.0;0.0;11.068;0.0;11.068
15;1;98;0.0;0.0;0.0;10.624;0.0;10.624
15;1;99;0.0;0.0;0.0;10.421;0.0;10.421
15;1;100;0.0;0.0;0.0;9.254;0.0;9.254
15;1;101;0.0;0.0;0.0;11.839;0.0;11.839
15;1;102;0.0;0.0;0.0;15.644;0.0;15.644
15;1;103;0.0;22.949;0.0;0.0;0.0;22.949
15;1;104;0.0;30.946;0.0;0.0;0.0;30.946
15;1;105;0.0;48.452;0.0;0.0;0.0;48.452
15;1;106;0.0;48.142;0.0;0.0;0.0;48.142
15;1;107;0.0;51.448;0.0;0.0;0.0;51.448
15;1;108;0.0;51.826;0.0;0.0;0.0;51.826
15;1;109;0.0;48.29;0.0;0.0;0.0;48.29
15;1;110;0.0;61.651;0.0;0.0;0.0;61.651
15;1;111;0.0;91.527;0.0;0.0;0.0;91.527
15;1;112;0.0;44.574;0.0;0.0;0.0;44.574
15;1;113;0.0;49.378;0.0;0.0;0.0;49.378
15;1;114;0.0;46.632;0.0;0.0;0.0;46.632
15;1;115;0.0;0.0;0.0;60.103;0.0;60.103
15;1;116;0.0;0.0;0.0;61.515;0.0;61.515
15;1;117;0.0;0.0;0.0;55.863;0.0;55.863
15;1;118;0.0;0.0;0.0;63.102;0.0;63.102
15;1;119;0.0;0.0;0.0;41.108;0.0;41.108
15;1;120;0.0;0.0;0.0;7.619;0.0;7.619
15;1;121;0.0;0.0;0.0;11.147;0.0;11.147
15;1;122;0.0;0.0;0.0;9.85;0.0;9.85
15;1;123;0.0;0.0;0.0;11.929;0.0;11.929
15;1;124;0.0;0.0;0.0;10.074;0.0;10.074
15;1;125;0.0;0.0;0.0;13.56;0.0;13.56
15;1;126;0.0;0.0;0.0;12.101;0.0;12.101
15;1;127;0.0;43.804;0.0;0.0;0.0;43.804
15;1;128;0.0;41.745;0.0;0.0;0.0;41.745
15;1;129;0.0;41.171;0.0;0.0;0.0;41.171
15;1;130;0.0;42.883;0.0;0.0;0.0;42.883
15;1;131;0.0;35.355;0.0;0.0;0.0;35.355
15;1;132;0.0;44.2;0.0;0.0;0.0;44.2
15;1;133;0.0;34.833;0.0;0.0;0.0;34.833
15;1;134;0.0;38.723;0.0;0.0;0.0;38.723
15;1;135;0.0;33.812;0.0;0.0;0.0;33.812
15;1;136;0.0;42.121;0.0;0.0;0.0;42.121
15;1;137;0.0;90.965;0.0;0.0;0.0;90.965
15;1;138;0.0;47.493;0.0;0.0;0.0;47.493
15;1;139;0.0;0.0;0.0;74.199;0.0;74.199
15;1;140;0.0;0.0;0.0;71.958;0.0;71.958
15;1;141;0.0;0.0;0.0;78.264;0.0;78.264
15;1;142;0.0;0.0;0.0;57.149;0.0;57.149
15;1;143;0.0;0.0;0.0;58.087;0.0;58.087
15;1;144;0.0;0.0;0.0;7.461;0.0;7.461
15;1;145;0.0;0.0;0.0;12.297;0.0;12.297
15;1;146;0.0;0.0;0.0;11.135;0.0;11.135
15;1;147;0.0;0.0;0.0;11.104;0.0;11.104
15;1;148;0.0;0.0;0.0;9.835;0.0;9.835
15;1;149;0.0;0.0;0.0;11.968;0.0;11.968
15;1;150;0.0;0.0;0.0;14.53;0.0;14.53
15;1;151;0.0;37.994;0.0;0.0;0.0;37.994
15;1;152;0.0;41.161;0.0;0.0;0.0;41.161
15;1;153;0.0;47.798;0.0;0.0;0.0;47.798
15;1;154;0.0;37.382;0.0;0.0;0.0;37.382
15;1;155;0.0;41.143;0.0;0.0;0.0;41.143
15;1;156;0.0;45.356;0.0;0.0;0.0;45.356
15;1;157;0.0;47.927;0.0;0.0;0.0;47.927
15;1;158;0.0;40.381;0.0;0.0;0.0;40.381
15;1;159;0.0;136.6;0.0;0.0;0.0;136.6
15;1;160;0.0;56.752;0.0;0.0;0.0;56.752
15;1;161;0.0;49.835;0.0;0.0;0.0;49.835
15;1;162;0.0;48.327;0.0;0.0;0.0;48.327
15;1;163;0.0;0.0;0.0;86.572;0.0;86.572
15;1;164;0.0;0.0;0.0;73.365;0.0;73.365
15;1;165;0.0;0.0;0.0;70.574;0.0;70.574
15;1;166;0.0;0.0;0.0;68.77;0.0;68.77
15;1;167;0.0;0.0;0.0;55.211;0.0;55.211
15;2;0;0.0;0.0;0.0;7.519;0.0;7.519
15;2;1;0.0;0.0;0.0;9.982;0.0;9.982
15;2;2;0.0;0.0;0.0;156.168;0.0;156.168
15;2;3;0.0;0.0;0.0;12.89;0.0;12.89
15;2;4;0.0;0.0;0.0;18.91;0.0;18.91
15;2;5;0.0;0.0;0.0;160.689;0.0;160.689
15;2;6;0.0;0.0;0.0;19.58;0.0;19.58
15;2;7;0.0;0.0;0.0;32.858;0.0;32.858
15;2;8;0.0;0.0;0.0;60.949;0.0;60.949
15;2;9;0.0;104.58;0.0;0.0;0.0;104.58
15;2;10;0.0;90.536;0.0;0.0;0.0;90.536
15;2;11;0.0;84.732;0.0;0.0;0.0;84.732
15;2;12;0.0;170.247;0.0;0.0;0.0;170.247
15;2;13;0.0;178.618;0.0;0.0;0.0;178.618
15;2;14;0.0;73.941;0.0;0.0;0.0;73.941
15;2;15;0.0;60.929;0.0;0.0;0.0;60.929
15;2;16;0.0;71.784;0.0;0.0;0.0;71.784
15;2;17;0.0;27.027;0.0;59.064;0.0;86.091
15;2;18;0.0;0.0;0.0;56.416;0.0;56.416
15;2;19;0.0;0.0;0.0;148.361;0.0;148.361
15;2;20;0.0;0.0;0.0;112.375;0.0;112.375
15;2;21;0.0;0.0;0.0;61.892;0.0;61.892
15;2;22;0.0;0.0;0.0;164.398;0.0;164.398
15;2;23;0.0;0.0;0.0;37.898;0.0;37.898
15;2;24;0.0;0.0;0.0;7.566;0.0;7.566
15;2;25;0.0;0.0;0.0;11.725;0.0;11.725
15;2;26;0.0;0.0;0.0;111.897;0.0;111.897
15;2;27;0.0;0.0;0.0;10.748;0.0;10.748
15;2;28;0.0;0.0;0.0;178.388;0.0;178.388
15;2;29;0.0;0.0;0.0;12.327;0.0;12.327
15;2;30;0.0;0.0;0.0;115.344;0.0;115.344
15;2;31;0.0;0.0;0.0;139.789;0.0;139.789
15;2;32;0.0;32.703;0.0;119.857;0.0;152.56
15;2;33;0.0;129.848;0.0;0.0;0.0;129.848
15;2;34;0.0;114.407;0.0;0.0;0.0;114.407
15;2;35;0.0;104.626;0.0;0.0;0.0;104.626
15;2;36;0.0;88.171;0.0;0.0;0.0;88.171
15;2;37;0.0;74.839;0.0;0.0;0.0;74.839
15;2;38;0.0;155.165;0.0;0.0;0.0;155.165
15;2;39;0.0;163.19;0.0;0.0;0.0;163.19
15;2;40;0.0;73.071;0.0;0.0;0.0;73.071
15;2;41;0.0;0.0;0.0;75.093;0.0;75.093
15;2;42;0.0;0.0;0.0;94.18;0.0;94.18
15;2;43;0.0;0.0;0.0;93.336;0.0;93.336
15;2;44;0.0;0.0;0.0;62.35;0.0;62.35
15;2;45;0.0;0.0;0.0;60.656;0.0;60.656
15;2;46;0.0;0.0;0.0;56.144;0.0;56.144
15;2;47;0.0;0.0;0.0;43.666;0.0;43.666
15;2;48;0.0;0.0;0.0;7.554;0.0;7.554
15;2;49;0.0;0.0;0.0;9.184;0.0;9.184
15;2;50;0.0;0.0;0.0;44.04;0.0;44.04
15;2;51;0.0;0.0;0.0;47.882;0.0;47.882
15;2;52;0.0;0.0;0.0;48.529;0.0;48.529
15;2;53;0.0;0.0;0.0;50.289;0.0;50.289
15;2;54;0.0;0.0;0.0;50.097;0.0;50.097
15;2;55;0.0;0.0;0.0;84.3;0.0;84.3
15;2;56;0.0;0.0;0.0;100.969;0.0;100.969
15;2;57;0.0;0.0;0.0;77.029;0.0;77.029
15;2;58;0.0;0.0;0.0;73.322;0.0;73.322
15;2;59;0.0;0.0;0.0;63.998;0.0;63.998
15;2;60;0.0;0.0;0.0;57.786;0.0;57.786
15;2;61;0.0;0.0;0.0;46.639;0.0;46.639
15;2;62;0.0;0.0;0.0;54.718;0.0;54.718
15;2;63;0.0;0.0;0.0;48.554;0.0;48.554
15;2;64;0.0;0.0;0.0;106.968;0.0;106.968
15;2;65;0.0;0.0;0.0;195.784;0.0;195.784
15;2;66;0.0;0.0;0.0;64.171;0.0;64.171
15;2;67;0.0;0.0;0.0;59.359;0.0;59.359
15;2;68;0.0;0.0;0.0;85.975;0.0;85.975
15;2;69;0.0;0.0;0.0;69.631;0.0;69.631
15;2;70;0.0;0.0;0.0;62.278;0.0;62.278
15;2;71;0.0;0.0;0.0;33.443;0.0;33.443
15;2;72;0.0;0.0;0.0;10.713;0.0;10.713
15;2;73;0.0;0.0;0.0;15.746;0.0;15.746
15;2;74;0.0;0.0;0.0;44.011;0.0;44.011
15;2;75;0.0;0.0;0.0;48.166;0.0;48.166
15;2;76;0.0;0.0;0.0;46.722;0.0;46.722
15;2;77;0.0;0.0;0.0;47.01;0.0;47.01
15;2;78;0.0;0.0;0.0;49.021;0.0;49.021
15;2;79;0.0;0.0;0.0;76.31;0.0;76.31
15;2;80;0.0;0.0;0.0;91.554;0.0;91.554
15;2;81;0.0;0.0;0.0;85.013;0.0;85.013
15;2;82;0.0;0.0;0.0;72.828;0.0;72.828
15;2;83;0.0;17.985;0.0;45.07;0.0;63.055
15;2;84;0.0;155.597;0.0;0.0;0.0;155.597
15;2;85;0.0;169.077;0.0;0.0;0.0;169.077
15;2;86;0.0;0.0;0.0;59.404;0.0;59.404
15;2;87;0.0;0.0;0.0;40.136;0.0;40.136
15;2;88;0.0;0.0;0.0;42.167;0.0;42.167
15;2;89;0.0;0.0;0.0;57.259;0.0;57.259
15;2;90;0.0;0.0;0.0;66.474;0.0;66.474
15;2;91;0.0;0.0;0.0;67.656;0.0;67.656
15;2;92;0.0;0.0;0.0;206.703;0.0;206.703
15;2;93;0.0;0.0;0.0;60.062;0.0;60.062
15;2;94;0.0;0.0;0.0;60.145;0.0;60.145
15;2;95;0.0;0.0;0.0;47.478;0.0;47.478
15;2;96;0.0;0.0;0.0;7.501;0.0;7.501
15;2;97;0.0;0.0;0.0;15.296;0.0;15.296
15;2;98;0.0;0.0;0.0;76.503;0.0;76.503
15;2;99;0.0;0.0;0.0;163.231;0.0;163.231
15;2;100;0.0;0.0;0.0;62.791;0.0;62.791
15;2;101;0.0;0.0;0.0;12.258;0.0;12.258
15;2;102;0.0;0.0;0.0;96.261;0.0;96.261
15;2;103;0.0;0.0;0.0;109.562;0.0;109.562
15;2;104;0.0;0.0;0.0;127.343;0.0;127.343
15;2;105;0.0;205.878;0.0;0.0;0.0;205.878
15;2;106;0.0;125.106;0.0;0.0;0.0;125.106
15;2;107;0.0;1.38;0.0;56.764;0.0;58.143
15;2;108;0.0;113.377;0.0;0.0;0.0;113.377
15;2;109;0.0;29.756;0.0;67.015;0.0;96.77
15;2;110;0.0;0.0;0.0;40.867;0.0;40.867
15;2;111;0.0;0.0;0.0;93.03;0.0;93.03
15;2;112;0.0;0.0;0.0;113.365;0.0;113.365
15;2;113;0.0;0.0;0.0;103.529;0.0;103.529
15;2;114;0.0;0.0;0.0;120.784;0.0;120.784
15;2;115;0.0;0.0;0.0;125.164;0.0;125.164
15;2;116;0.0;0.0;0.0;133.289;0.0;133.289
15;2;117;0.0;0.0;0.0;118.911;0.0;118.911
15;2;118;0.0;0.0;0.0;114.879;0.0;114.879
15;2;119;0.0;0.0;0.0;195.298;0.0;195.298
15;2;120;0.0;0.0;0.0;7.595;0.0;7.595
15;2;121;0.0;0.0;0.0;126.85;0.0;126.85
15;2;122;0.0;0.0;0.0;9.93;0.0;9.93
15;2;123;0.0;0.0;0.0;83.449;0.0;83.449
15;2;124;0.0;0.0;0.0;86.35;0.0;86.35
15;2;125;0.0;0.0;0.0;86.944;0.0;86.944
15;2;126;0.0;0.0;0.0;101.89;0.0;101.89
15;2;127;0.0;0.0;0.0;125.184;0.0;125.184
15;2;128;0.0;0.0;0.0;142.907;0.0;142.907
15;2;129;0.0;0.0;0.0;114.137;0.0;114.137
15;2;130;0.0;0.0;0.0;110.834;0.0;110.834
15;2;131;0.0;0.0;0.0;97.295;0.0;97.295
15;2;132;0.0;0.0;0.0;92.188;0.0;92.188
15;2;133;0.0;73.565;0.0;12.866;0.0;86.431
15;2;134;0.0;0.0;0.0;177.085;0.0;177.085
15;2;135;0.0;0.0;0.0;189.644;0.0;189.644
15;2;136;0.0;0.0;0.0;54.745;0.0;54.745
15;2;137;0.0;0.0;0.0;59.686;0.0;59.686
15;2;138;0.0;0.0;0.0;63.869;0.0;63.869
15;2;139;0.0;0.0;0.0;231.466;0.0;231.466
15;2;140;0.0;0.0;0.0;69.934;0.0;69.934
15;2;141;0.0;0.0;0.0;76.027;0.0;76.027
15;2;142;0.0;0.0;0.0;113.275;0.0;113.275
15;2;143;0.0;0.0;0.0;47.912;0.0;47.912
15;2;144;0.0;0.0;0.0;72.537;0.0;72.537
15;2;145;0.0;0.0;0.0;80.295;0.0;80.295
15;2;146;0.0;0.0;0.0;81.508;0.0;81.508
15;2;147;0.0;0.0;0.0;82.524;0.0;82.524
15;2;148;0.0;0.0;0.0;84.307;0.0;84.307
15;2;149;0.0;0.0;0.0;82.596;0.0;82.596
15;2;150;0.0;0.0;0.0;97.481;0.0;97.481
15;2;151;0.0;0.0;0.0;125.851;0.0;125.851
15;2;152;0.0;0.0;0.0;116.002;0.0;116.002
15;2;153;0.0;0.0;0.0;112.715;0.0;112.715
15;2;154;0.0;0.0;0.0;120.302;0.0;120.302
15;2;155;0.0;0.0;0.0;96.452;0.0;96.452
15;2;156;0.0;0.0;0.0;92.712;0.0;92.712
15;2;157;0.0;0.0;0.0;101.3;0.0;101.3
15;2;158;0.0;0.0;0.0;82.145;0.0;82.145
15;2;159;0.0;0.0;0.0;71.655;0.0;71.655
15;2;160;0.0;0.0;0.0;87.178;0.0;87.178
15;2;161;0.0;0.0;0.0;92.759;0.0;92.759
15;2;162;0.0;0.0;0.0;102.862;0.0;102.862
15;2;163;0.0;0.0;0.0;107.497;0.0;107.497
15;2;164;0.0;0.0;0.0;107.608;0.0;107.608
15;2;165;0.0;0.0;0.0;106.743;0.0;106.743
15;2;166;0.0;0.0;0.0;114.177;0.0;114.177
15;2;167;0.0;0.0;0.0;203.86;0.0;203.86
15;3;0;0.0;0.0;0.0;16.867;0.0;16.867
15;3;1;0.0;0.0;0.0;161.713;0.0;161.713
15;3;2;0.0;0.0;0.0;161.31;0.0;161.31
15;3;3;0.0;0.0;0.0;163.459;0.0;163.459
15;3;4;0.0;0.0;0.0;200.137;0.0;200.137
15;3;5;0.0;0.0;0.0;136.201;0.0;136.201
15;3;6;0.0;0.0;0.0;191.129;0.0;191.129
15;3;7;0.0;0.0;0.0;217.225;0.0;217.225
15;3;8;0.0;0.0;0.0;222.484;0.0;222.484
15;3;9;0.0;0.0;0.0;201.267;0.0;201.267
15;3;10;0.0;0.0;0.0;194.099;0.0;194.099
15;3;11;0.0;36.482;0.0;139.148;0.0;175.629
15;3;12;0.0;0.0;0.0;174.489;0.0;174.489
15;3;13;0.0;161.124;0.0;0.0;0.0;161.124
15;3;14;0.0;208.447;0.0;0.0;0.0;208.447
15;3;15;0.0;0.0;0.0;201.334;0.0;201.334
15;3;16;0.0;0.0;0.0;225.862;0.0;225.862
15;3;17;0.0;0.0;0.0;172.111;0.0;172.111
15;3;18;0.0;0.0;0.0;236.01;0.0;236.01
15;3;19;0.0;0.0;0.0;72.949;0.0;72.949
15;3;20;0.0;0.0;0.0;64.755;0.0;64.755
15;3;21;0.0;0.0;0.0;192.754;0.0;192.754
15;3;22;0.0;0.0;0.0;246.509;0.0;246.509
15;3;23;0.0;0.0;0.0;244.021;0.0;244.021
15;3;24;0.0;0.0;0.0;197.345;0.0;197.345
15;3;25;0.0;0.0;0.0;15.261;0.0;15.261
15;3;26;0.0;0.0;0.0;165.477;0.0;165.477
15;3;27;0.0;0.0;0.0;166.736;0.0;166.736
15;3;28;0.0;0.0;0.0;171.144;0.0;171.144
15;3;29;0.0;0.0;0.0;175.51;0.0;175.51
15;3;30;0.0;0.0;0.0;188.526;0.0;188.526
15;3;31;0.0;0.0;0.0;217.609;0.0;217.609
15;3;32;0.0;0.0;0.0;217.354;0.0;217.354
15;3;33;0.0;0.0;0.0;208.428;0.0;208.428
15;3;34;0.0;0.0;0.0;195.577;0.0;195.577
15;3;35;0.0;0.0;0.0;175.754;0.0;175.754
15;3;36;0.0;0.0;0.0;183.448;0.0;183.448
15;3;37;0.0;0.0;0.0;175.321;0.0;175.321
15;3;38;0.0;0.0;0.0;186.247;0.0;186.247
15;3;39;0.0;0.0;0.0;187.239;0.0;187.239
15;3;40;0.0;0.0;0.0;200.594;0.0;200.594
15;3;41;0.0;0.0;0.0;205.63;0.0;205.63
15;3;42;0.0;0.0;0.0;216.573;0.0;216.573
15;3;43;0.0;0.0;0.0;217.523;0.0;217.523
15;3;44;0.0;0.0;0.0;220.247;0.0;220.247
15;3;45;0.0;0.0;0.0;203.172;0.0;203.172
15;3;46;0.0;0.0;0.0;197.349;0.0;197.349
15;3;47;0.0;0.0;0.0;162.965;0.0;162.965
15;3;48;0.0;0.0;0.0;115.565;0.0;115.565
15;3;49;0.0;0.0;0.0;111.689;0.0;111.689
15;3;50;0.0;0.0;0.0;109.42;0.0;109.42
15;3;51;0.0;0.0;0.0;106.756;0.0;106.756
15;3;52;0.0;0.0;0.0;106.905;0.0;106.905
15;3;53;0.0;0.0;0.0;106.187;0.0;106.187
15;3;54;0.0;0.0;0.0;110.415;0.0;110.415
15;3;55;0.0;0.0;0.0;153.501;0.0;153.501
15;3;56;0.0;0.0;0.0;178.977;0.0;178.977
15;3;57;0.0;0.0;0.0;137.733;0.0;137.733
15;3;58;0.0;0.0;0.0;143.743;0.0;143.743
15;3;59;0.0;0.0;0.0;138.265;0.0;138.265
15;3;60;0.0;0.0;0.0;127.773;0.0;127.773
15;3;61;0.0;35.258;0.0;96.487;0.0;131.745
15;3;62;0.0;117.977;0.0;0.0;0.0;117.977
15;3;63;0.0;0.0;0.0;126.564;0.0;126.564
15;3;64;0.0;0.0;0.0;142.401;0.0;142.401
15;3;65;0.0;0.0;0.0;218.38;0.0;218.38
15;3;66;0.0;0.0;0.0;230.364;0.0;230.364
15;3;67;0.0;0.0;0.0;226.934;0.0;226.934
15;3;68;0.0;0.0;0.0;95.765;0.0;95.765
15;3;69;0.0;0.0;0.0;79.863;0.0;79.863
15;3;70;0.0;0.0;0.0;56.541;0.0;56.541
15;3;71;0.0;0.0;0.0;141.086;0.0;141.086
15;3;72;0.0;0.0;0.0;109.004;0.0;109.004
15;3;73;0.0;0.0;0.0;116.154;0.0;116.154
15;3;74;0.0;0.0;0.0;112.626;0.0;112.626
15;3;75;0.0;0.0;0.0;120.963;0.0;120.963
15;3;76;0.0;0.0;0.0;117.414;0.0;117.414
15;3;77;0.0;0.0;0.0;119.689;0.0;119.689
15;3;78;0.0;0.0;0.0;189.153;0.0;189.153
15;3;79;0.0;0.0;0.0;85.591;0.0;85.591
15;3;80;0.0;0.0;0.0;158.951;0.0;158.951
15;3;81;0.0;0.0;0.0;151.73;0.0;151.73
15;3;82;0.0;0.0;0.0;168.256;0.0;168.256
15;3;83;0.0;0.0;0.0;159.94;0.0;159.94
15;3;84;0.0;0.0;0.0;157.976;0.0;157.976
15;3;85;0.0;218.483;0.0;0.0;0.0;218.483
15;3;86;0.0;76.613;0.0;0.0;0.0;76.613
15;3;87;0.0;0.0;0.0;211.253;0.0;211.253
15;3;88;0.0;0.0;0.0;218.738;0.0;218.738
15;3;89;0.0;0.0;0.0;238.828;0.0;238.828
15;3;90;0.0;0.0;0.0;232.442;0.0;232.442
15;3;91;0.0;0.0;0.0;65.574;0.0;65.574
15;3;92;0.0;0.0;0.0;63.903;0.0;63.903
15;3;93;0.0;0.0;0.0;162.007;0.0;162.007
15;3;94;0.0;0.0;0.0;189.934;0.0;189.934
15;3;95;0.0;0.0;0.0;176.809;0.0;176.809
15;3;96;0.0;0.0;0.0;176.296;0.0;176.296
15;3;97;0.0;0.0;0.0;185.801;0.0;185.801
15;3;98;0.0;0.0;0.0;183.587;0.0;183.587
15;3;99;0.0;0.0;0.0;188.429;0.0;188.429
15;3;100;0.0;0.0;0.0;185.716;0.0;185.716
15;3;101;0.0;0.0;0.0;179.605;0.0;179.605
15;3;102;0.0;0.0;0.0;189.548;0.0;189.548
15;3;103;0.0;0.0;0.0;207.718;0.0;207.718
15;3;104;0.0;0.0;0.0;206.154;0.0;206.154
15;3;105;0.0;0.0;0.0;236.617;0.0;236.617
15;3;106;0.0;0.0;0.0;194.515;0.0;194.515
15;3;107;0.0;0.0;0.0;212.014;0.0;212.014
15;3;108;0.0;0.0;0.0;219.472;0.0;219.472
15;3;109;0.0;0.0;0.0;202.381;0.0;202.381
15;3;110;0.0;0.0;0.0;201.973;0.0;201.973
15;3;111;0.0;0.0;0.0;201.344;0.0;201.344
15;3;112;0.0;0.0;0.0;211.164;0.0;211.164
15;3;113;0.0;0.0;0.0;208.627;0.0;208.627
15;3;114;0.0;0.0;0.0;227.488;0.0;227.488
15;3;115;0.0;0.0;0.0;221.379;0.0;221.379
15;3;116;0.0;0.0;0.0;205.711;0.0;205.711
15;3;117;0.0;0.0;0.0;221.183;0.0;221.183
15;3;118;0.0;0.0;0.0;192.422;0.0;192.422
15;3;119;0.0;0.0;0.0;221.117;0.0;221.117
15;3;120;0.0;0.0;0.0;190.096;0.0;190.096
15;3;121;0.0;0.0;0.0;198.605;0.0;198.605
15;3;122;0.0;0.0;0.0;197.935;0.0;197.935
15;3;123;0.0;0.0;0.0;199.767;0.0;199.767
15;3;124;0.0;0.0;0.0;145.057;0.0;145.057
15;3;125;0.0;0.0;0.0;9.908;0.0;9.908
15;3;126;0.0;0.0;0.0;202.096;0.0;202.096
15;3;127;0.0;0.0;0.0;235.011;0.0;235.011
15;3;128;0.0;0.0;0.0;218.783;0.0;218.783
15;3;129;0.0;0.0;0.0;218.02;0.0;218.02
15;3;130;0.0;0.0;0.0;208.137;0.0;208.137
15;3;131;0.0;0.0;0.0;206.179;0.0;206.179
15;3;132;0.0;2.646;0.0;189.358;0.0;192.004
15;3;133;0.0;38.477;0.0;134.541;0.0;173.018
15;3;134;0.0;0.0;0.0;192.087;0.0;192.087
15;3;135;0.0;0.0;0.0;186.955;0.0;186.955
15;3;136;0.0;0.0;0.0;241.857;0.0;241.857
15;3;137;0.0;0.0;0.0;163.435;0.0;163.435
15;3;138;0.0;0.0;0.0;224.518;0.0;224.518
15;3;139;0.0;0.0;0.0;272.955;0.0;272.955
15;3;140;0.0;0.0;0.0;197.066;0.0;197.066
15;3;141;0.0;0.0;0.0;237.327;0.0;237.327
15;3;142;0.0;0.0;0.0;227.525;0.0;227.525
15;3;143;0.0;0.0;0.0;207.101;0.0;207.101
15;3;144;0.0;0.0;0.0;199.067;0.0;199.067
15;3;145;0.0;0.0;0.0;148.151;0.0;148.151
15;3;146;0.0;0.0;0.0;203.029;0.0;203.029
15;3;147;0.0;0.0;0.0;155.641;0.0;155.641
15;3;148;0.0;0.0;0.0;181.774;0.0;181.774
15;3;149;0.0;0.0;0.0;186.175;0.0;186.175
15;3;150;0.0;0.0;0.0;204.417;0.0;204.417
15;3;151;0.0;0.0;0.0;216.907;0.0;216.907
15;3;152;0.0;0.0;0.0;220.501;0.0;220.501
15;3;153;0.0;0.0;0.0;188.435;0.0;188.435
15;3;154;0.0;0.0;0.0;177.998;0.0;177.998
15;3;155;0.0;0.0;0.0;167.582;0.0;167.582
15;3;156;0.0;0.0;0.0;165.192;0.0;165.192
15;3;157;0.0;0.0;0.0;216.848;0.0;216.848
15;3;158;0.0;0.0;0.0;110.942;0.0;110.942
15;3;159;0.0;0.0;0.0;166.704;0.0;166.704
15;3;160;0.0;0.0;0.0;164.127;0.0;164.127
15;3;161;0.0;0.0;0.0;184.896;0.0;184.896
15;3;162;0.0;0.0;0.0;183.73;0.0;183.73
15;3;163;0.0;0.0;0.0;198.641;0.0;198.641
15;3;164;0.0;0.0;0.0;173.124;0.0;173.124
15;3;165;0.0;0.0;0.0;184.274;0.0;184.274
15;3;166;0.0;0.0;0.0;237.953;0.0;237.953
15;3;167;0.0;0.0;0.0;225.953;0.0;225.953
20;0;0;0.0;0.0;0.0;122.17;0.0;122.17
20;0;1;0.0;0.0;0.0;189.743;0.0;189.743
20;0;2;0.0;0.0;0.0;9.868;0.0;9.868
20;0;3;0.0;0.0;0.0;11.078;0.0;11.078
20;0;4;0.0;0.0;0.0;126.53;0.0;126.53
20;0;5;0.0;0.0;0.0;128.627;0.0;128.627
20;0;6;0.0;0.0;0.0;142.062;0.0;142.062
20;0;7;0.0;0.0;0.0;164.964;0.0;164.964
20;0;8;0.0;0.0;0.0;150.299;0.0;150.299
20;0;9;0.0;0.0;0.0;143.355;0.0;143.355
20;0;10;0.0;0.0;0.0;119.633;0.0;119.633
20;0;11;0.0;112.963;0.0;0.0;0.0;112.963
20;0;12;0.0;0.0;0.0;107.73;0.0;107.73
20;0;13;0.0;0.0;0.0;98.573;0.0;98.573
20;0;14;0.0;0.0;0.0;199.471;0.0;199.471
20;0;15;0.0;0.0;0.0;133.402;0.0;133.402
20;0;16;0.0;62.738;0.0;128.192;0.0;190.93
20;0;17;0.0;0.0;0.0;56.5;0.0;56.5
20;0;18;0.0;0.0;0.0;166.109;0.0;166.109
20;0;19;0.0;0.0;0.0;65.85;0.0;65.85
20;0;20;0.0;0.0;0.0;234.723;0.0;234.723
20;0;21;0.0;0.0;0.0;144.938;0.0;144.938
20;0;22;0.0;0.0;0.0;64.021;0.0;64.021
20;0;23;0.0;0.0;0.0;36.401;0.0;36.401
20;0;24;0.0;0.0;0.0;10.609;0.0;10.609
20;0;25;0.0;0.0;0.0;117.786;0.0;117.786
20;0;26;0.0;0.0;0.0;117.104;0.0;117.104
20;0;27;0.0;0.0;0.0;124.239;0.0;124.239
20;0;28;0.0;0.0;0.0;125.318;0.0;125.318
20;0;29;0.0;0.0;0.0;196.147;0.0;196.147
20;0;30;0.0;0.0;0.0;83.921;0.0;83.921
20;0;31;0.0;0.0;0.0;176.573;0.0;176.573
20;0;32;0.0;0.0;0.0;176.403;0.0;176.403
20;0;33;0.0;0.0;0.0;162.867;0.0;162.867
20;0;34;0.0;0.0;0.0;155.691;0.0;155.691
20;0;35;0.0;16.051;0.0;135.916;0.0;151.967
20;0;36;0.0;0.0;0.0;142.963;0.0;142.963
20;0;37;0.0;216.37;0.0;0.0;0.0;216.37
20;0;38;0.0;219.592;0.0;0.0;0.0;219.592
20;0;39;0.0;39.624;0.0;0.0;0.0;39.624
20;0;40;0.0;0.0;0.0;91.777;0.0;91.777
20;0;41;0.0;0.0;0.0;159.642;0.0;159.642
20;0;42;0.0;0.0;0.0;166.569;0.0;166.569
20;0;43;0.0;0.0;0.0;163.018;0.0;163.018
20;0;44;0.0;0.0;0.0;172.366;0.0;172.366
20;0;45;0.0;0.0;0.0;169.866;0.0;169.866
20;0;46;0.0;0.0;0.0;154.019;0.0;154.019
20;0;47;0.0;0.0;0.0;142.885;0.0;142.885
20;0;48;0.0;0.0;0.0;92.754;0.0;92.754
20;0;49;0.0;0.0;0.0;100.48;0.0;100.48
20;0;50;0.0;0.0;0.0;96.451;0.0;96.451
20;0;51;0.0;0.0;0.0;99.348;0.0;99.348
20;0;52;0.0;0.0;0.0;99.1;0.0;99.1
20;0;53;0.0;0.0;0.0;100.982;0.0;100.982
20;0;54;0.0;0.0;0.0;105.532;0.0;105.532
20;0;55;0.0;0.0;0.0;148.051;0.0;148.051
20;0;56;0.0;0.0;0.0;169.874;0.0;169.874
20;0;57;0.0;122.676;0.0;7.658;0.0;130.335
20;0;58;0.0;0.0;0.0;117.205;0.0;117.205
20;0;59;0.0;113.643;0.0;0.0;0.0;113.643
20;0;60;0.0;97.721;0.0;0.0;0.0;97.721
20;0;61;0.0;81.826;0.0;9.757;0.0;91.584
20;0;62;0.0;0.0;0.0;88.249;0.0;88.249
20;0;63;0.0;51.771;0.0;39.84;0.0;91.61
20;0;64;0.0;79.228;0.0;14.282;0.0;93.51
20;0;65;0.0;0.0;0.0;91.929;0.0;91.929
20;0;66;0.0;0.0;0.0;108.117;0.0;108.117
20;0;67;0.0;0.0;0.0;220.192;0.0;220.192
20;0;68;0.0;0.0;0.0;58.499;0.0;58.499
20;0;69;0.0;0.0;0.0;58.384;0.0;58.384
20;0;70;0.0;0.0;0.0;93.694;0.0;93.694
20;0;71;0.0;0.0;0.0;94.191;0.0;94.191
20;0;72;0.0;0.0;0.0;121.119;0.0;121.119
20;0;73;0.0;0.0;0.0;17.397;0.0;17.397
20;0;74;0.0;0.0;0.0;70.599;0.0;70.599
20;0;75;0.0;0.0;0.0;74.539;0.0;74.539
20;0;76;0.0;0.0;0.0;70.458;0.0;70.458
20;0;77;0.0;0.0;0.0;72.626;0.0;72.626
20;0;78;0.0;0.0;0.0;75.641;0.0;75.641
20;0;79;0.0;0.0;0.0;101.451;0.0;101.451
20;0;80;0.0;0.0;0.0;112.483;0.0;112.483
20;0;81;0.0;0.0;0.0;101.46;0.0;101.46
20;0;82;0.0;0.0;0.0;97.36;0.0;97.36
20;0;83;0.0;0.0;0.0;84.849;0.0;84.849
20;0;84;0.0;0.0;0.0;94.952;0.0;94.952
20;0;85;0.0;0.0;0.0;93.008;0.0;93.008
20;0;86;0.0;0.0;0.0;89.452;0.0;89.452
20;0;87;0.0;0.0;0.0;105.353;0.0;105.353
20;0;88;0.0;0.0;0.0;184.643;0.0;184.643
20;0;89;0.0;32.097;0.0;170.965;0.0;203.063
20;0;90;0.0;0.0;0.0;44.815;0.0;44.815
20;0;91;0.0;0.0;0.0;141.761;0.0;141.761
20;0;92;0.0;0.0;0.0;58.98;0.0;58.98
20;0;93;0.0;0.0;0.0;223.679;0.0;223.679
20;0;94;0.0;0.0;0.0;50.693;0.0;50.693
20;0;95;0.0;0.0;0.0;194.41;0.0;194.41
20;0;96;0.0;0.0;0.0;114.191;0.0;114.191
20;0;97;0.0;0.0;0.0;123.772;0.0;123.772
20;0;98;0.0;0.0;0.0;100.59;0.0;100.59
20;0;99;0.0;0.0;0.0;12.277;0.0;12.277
20;0;100;0.0;0.0;0.0;10.38;0.0;10.38
20;0;101;0.0;0.0;0.0;137.905;0.0;137.905
20;0;102;0.0;0.0;0.0;153.584;0.0;153.584
20;0;103;0.0;0.0;0.0;172.207;0.0;172.207
20;0;104;0.0;0.0;0.0;170.24;0.0;170.24
20;0;105;0.0;45.16;0.0;131.498;0.0;176.658
20;0;106;0.0;0.0;0.0;150.693;0.0;150.693
20;0;107;0.0;0.0;0.0;160.741;0.0;160.741
20;0;108;0.0;0.0;0.0;152.275;0.0;152.275
20;0;109;0.0;0.0;0.0;151.684;0.0;151.684
20;0;110;0.0;0.0;0.0;146.123;0.0;146.123
20;0;111;0.0;0.0;0.0;130.547;0.0;130.547
20;0;112;0.0;0.0;0.0;143.319;0.0;143.319
20;0;113;0.0;0.0;0.0;137.005;0.0;137.005
20;0;114;0.0;0.0;0.0;171.417;0.0;171.417
20;0;115;0.0;0.0;0.0;245.408;0.0;245.408
20;0;116;0.0;0.0;0.0;242.724;0.0;242.724
20;0;117;0.0;0.0;0.0;234.074;0.0;234.074
20;0;118;0.0;0.0;0.0;153.626;0.0;153.626
20;0;119;0.0;0.0;0.0;155.172;0.0;155.172
20;0;120;0.0;0.0;0.0;7.503;0.0;7.503
20;0;121;0.0;0.0;0.0;14.812;0.0;14.812
20;0;122;0.0;0.0;0.0;94.952;0.0;94.952
20;0;123;0.0;0.0;0.0;136.883;0.0;136.883
20;0;124;0.0;0.0;0.0;136.37;0.0;136.37
20;0;125;0.0;0.0;0.0;144.235;0.0;144.235
20;0;126;0.0;0.0;0.0;160.757;0.0;160.757
20;0;127;0.0;0.0;0.0;187.753;0.0;187.753
20;0;128;0.0;0.0;0.0;175.751;0.0;175.751
20;0;129;0.0;0.0;0.0;167.783;0.0;167.783
20;0;130;0.0;0.0;0.0;153.254;0.0;153.254
20;0;131;0.0;0.0;0.0;158.971;0.0;158.971
20;0;132;0.0;0.0;0.0;144.572;0.0;144.572
20;0;133;0.0;0.0;0.0;135.141;0.0;135.141
20;0;134;0.0;0.0;0.0;203.573;0.0;203.573
20;0;135;0.0;0.0;0.0;207.722;0.0;207.722
20;0;136;0.0;120.256;0.0;49.313;0.0;169.57
20;0;137;0.0;62.195;0.0;0.0;0.0;62.195
20;0;138;0.0;0.0;0.0;68.357;0.0;68.357
20;0;139;0.0;0.0;0.0;223.098;0.0;223.098
20;0;140;0.0;0.0;0.0;237.65;0.0;237.65
20;0;141;0.0;0.0;0.0;250.177;0.0;250.177
20;0;142;0.0;0.0;0.0;256.993;0.0;256.993
20;0;143;0.0;0.0;0.0;45.156;0.0;45.156
20;0;144;0.0;0.0;0.0;7.598;0.0;7.598
20;0;145;0.0;0.0;0.0;107.797;0.0;107.797
20;0;146;0.0;0.0;0.0;144.073;0.0;144.073
20;0;147;0.0;0.0;0.0;146.153;0.0;146.153
20;0;148;0.0;0.0;0.0;148.835;0.0;148.835
20;0;149;0.0;0.0;0.0;154.446;0.0;154.446
20;0;150;0.0;0.0;0.0;165.921;0.0;165.921
20;0;151;0.0;0.0;0.0;188.214;0.0;188.214
20;0;152;0.0;0.0;0.0;189.013;0.0;189.013
20;0;153;0.0;0.0;0.0;179.893;0.0;179.893
20;0;154;0.0;64.718;0.0;103.043;0.0;167.762
20;0;155;0.0;0.0;0.0;157.222;0.0;157.222
20;0;156;0.0;92.116;0.0;60.39;0.0;152.506
20;0;157;0.0;0.0;0.0;130.644;0.0;130.644
20;0;158;0.0;0.0;0.0;123.702;0.0;123.702
20;0;159;0.0;50.649;0.0;78.698;0.0;129.348
20;0;160;0.0;0.0;0.0;211.404;0.0;211.404
20;0;161;0.0;0.0;0.0;48.848;0.0;48.848
20;0;162;0.0;0.0;0.0;221.411;0.0;221.411
20;0;163;0.0;0.0;0.0;225.495;0.0;225.495
20;0;164;0.0;0.0;0.0;236.925;0.0;236.925
20;0;165;0.0;0.0;0.0;55.353;0.0;55.353
20;0;166;0.0;0.0;0.0;225.93;0.0;225.93
20;0;167;0.0;0.0;0.0;38.0;0.0;38.0
20;1;0;0.0;0.0;0.0;7.529;0.0;7.529
20;1;1;0.0;0.0;0.0;12.166;0.0;12.166
20;1;2;0.0;0.0;0.0;9.759;0.0;9.759
20;1;3;0.0;0.0;0.0;12.531;0.0;12.531
20;1;4;0.0;0.0;0.0;11.731;0.0;11.731
20;1;5;0.0;0.0;0.0;11.157;0.0;11.157
20;1;6;0.0;0.0;0.0;17.907;0.0;17.907
20;1;7;0.0;35.569;0.0;0.0;0.0;35.569
20;1;8;0.0;43.38;0.0;0.0;0.0;43.38
20;1;9;0.0;47.579;0.0;0.0;0.0;47.579
20;1;10;0.0;56.187;0.0;0.0;0.0;56.187
20;1;11;0.0;39.313;0.0;0.0;0.0;39.313
20;1;12;0.0;43.482;0.0;0.0;0.0;43.482
20;1;13;0.0;47.751;0.0;0.0;0.0;47.751
20;1;14;0.0;41.271;0.0;0.0;0.0;41.271
20;1;15;0.0;39.599;0.0;0.0;0.0;39.599
20;1;16;0.0;52.662;0.0;0.0;0.0;52.662
20;1;17;0.0;47.748;0.0;0.0;0.0;47.748
20;1;18;0.0;65.792;0.0;0.0;0.0;65.792
20;1;19;0.0;0.0;0.0;68.97;0.0;68.97
20;1;20;0.0;0.0;0.0;69.913;0.0;69.913
20;1;21;0.0;0.0;0.0;65.959;0.0;65.959
20;1;22;0.0;0.0;0.0;63.839;0.0;63.839
20;1;23;0.0;0.0;0.0;48.306;0.0;48.306
20;1;24;0.0;0.0;0.0;7.535;0.0;7.535
20;1;25;0.0;0.0;0.0;8.984;0.0;8.984
20;1;26;0.0;0.0;0.0;10.941;0.0;10.941
20;1;27;0.0;0.0;0.0;9.861;0.0;9.861
20;1;28;0.0;0.0;0.0;10.643;0.0;10.643
20;1;29;0.0;0.0;0.0;10.714;0.0;10.714
20;1;30;0.0;0.0;0.0;15.305;0.0;15.305
20;1;31;0.0;38.537;0.0;0.0;0.0;38.537
20;1;32;0.0;43.814;0.0;0.0;0.0;43.814
20;1;33;0.0;41.63;0.0;0.0;0.0;41.63
20;1;34;0.0;39.642;0.0;0.0;0.0;39.642
20;1;35;0.0;38.826;0.0;0.0;0.0;38.826
20;1;36;0.0;34.889;0.0;0.0;0.0;34.889
20;1;37;0.0;37.926;0.0;0.0;0.0;37.926
20;1;38;0.0;35.39;0.0;0.0;0.0;35.39
20;1;39;0.0;87.255;0.0;0.0;0.0;87.255
20;1;40;0.0;48.577;0.0;0.0;0.0;48.577
20;1;41;0.0;47.922;0.0;0.0;0.0;47.922
20;1;42;0.0;43.446;0.0;0.0;0.0;43.446
20;1;43;0.0;0.0;0.0;73.201;0.0;73.201
20;1;44;0.0;0.0;0.0;65.368;0.0;65.368
20;1;45;0.0;0.0;0.0;74.74;0.0;74.74
20;1;46;0.0;0.0;0.0;79.871;0.0;79.871
20;1;47;0.0;0.0;0.0;36.799;0.0;36.799
20;1;48;0.0;0.0;0.0;7.558;0.0;7.558
20;1;49;0.0;0.0;0.0;11.075;0.0;11.075
20;1;50;0.0;0.0;0.0;11.445;0.0;11.445
20;1;51;0.0;0.0;0.0;11.457;0.0;11.457
20;1;52;0.0;0.0;0.0;9.816;0.0;9.816
20;1;53;0.0;0.0;0.0;10.751;0.0;10.751
20;1;54;0.0;0.0;0.0;11.091;0.0;11.091
20;1;55;0.0;32.752;0.0;0.0;0.0;32.752
20;1;56;0.0;41.68;0.0;0.0;0.0;41.68
20;1;57;0.0;38.964;0.0;0.0;0.0;38.964
20;1;58;0.0;45.119;0.0;0.0;0.0;45.119
20;1;59;0.0;47.92;0.0;0.0;0.0;47.92
20;1;60;0.0;42.885;0.0;0.0;0.0;42.885
20;1;61;0.0;35.506;0.0;0.0;0.0;35.506
20;1;62;0.0;43.798;0.0;0.0;0.0;43.798
20;1;63;0.0;33.717;0.0;0.0;0.0;33.717
20;1;64;0.0;79.462;0.0;0.0;0.0;79.462
20;1;65;0.0;37.919;0.0;0.0;0.0;37.919
20;1;66;0.0;50.193;0.0;0.0;0.0;50.193
20;1;67;0.0;0.0;0.0;60.729;0.0;60.729
20;1;68;0.0;0.0;0.0;79.498;0.0;79.498
20;1;69;0.0;0.0;0.0;71.926;0.0;71.926
20;1;70;0.0;0.0;0.0;54.205;0.0;54.205
20;1;71;0.0;0.0;0.0;47.046;0.0;47.046
20;1;72;0.0;0.0;0.0;7.482;0.0;7.482
20;1;73;0.0;0.0;0.0;11.424;0.0;11.424
20;1;74;0.0;0.0;0.0;10.566;0.0;10.566
20;1;75;0.0;0.0;0.0;10.401;0.0;10.401
20;1;76;0.0;0.0;0.0;11.218;0.0;11.218
20;1;77;0.0;0.0;0.0;14.061;0.0;14.061
20;1;78;0.0;0.0;0.0;14.356;0.0;14.356
20;1;79;0.0;16.242;0.0;0.0;0.0;16.242
20;1;80;0.0;36.68;0.0;0.0;0.0;36.68
20;1;81;0.0;51.188;0.0;0.0;0.0;51.188
20;1;82;0.0;48.274;0.0;0.0;0.0;48.274
20;1;83;0.0;43.416;0.0;0.0;0.0;43.416
20;1;84;0.0;41.063;0.0;0.0;0.0;41.063
20;1;85;0.0;34.497;0.0;0.0;0.0;34.497
20;1;86;0.0;43.155;0.0;0.0;0.0;43.155
20;1;87;0.0;77.606;0.0;0.0;0.0;77.606
20;1;88;0.0;39.183;0.0;0.0;0.0;39.183
20;1;89;0.0;45.756;0.0;0.0;0.0;45.756
20;1;90;0.0;38.544;0.0;0.0;0.0;38.544
20;1;91;0.0;0.0;0.0;58.075;0.0;58.075
20;1;92;0.0;0.0;0.0;60.634;0.0;60.634
20;1;93;0.0;0.0;0.0;48.063;0.0;48.063
20;1;94;0.0;0.0;0.0;52.452;0.0;52.452
20;1;95;0.0;0.0;0.0;40.887;0.0;40.887
20;1;96;0.0;0.0;0.0;7.412;0.0;7.412
20;1;97;0.0;0.0;0.0;11.068;0.0;11.068
20;1;98;0.0;0.0;0.0;10.624;0.0;10.624
20;1;99;0.0;0.0;0.0;10.421;0.0;10.421
20;1;100;0.0;0.0;0.0;9.254;0.0;9.254
20;1;101;0.0;0.0;0.0;11.839;0.0;11.839
20;1;102;0.0;0.0;0.0;15.644;0.0;15.644
20;1;103;0.0;22.949;0.0;0.0;0.0;22.949
20;1;104;0.0;30.946;0.0;0.0;0.0;30.946
20;1;105;0.0;48.452;0.0;0.0;0.0;48.452
20;1;106;0.0;47.851;0.0;0.0;0.0;47.851
20;1;107;0.0;51.211;0.0;0.0;0.0;51.211
20;1;108;0.0;51.418;0.0;0.0;0.0;51.418
20;1;109;0.0;48.09;0.0;0.0;0.0;48.09
20;1;110;0.0;55.451;0.0;0.0;0.0;55.451
20;1;111;0.0;92.789;0.0;0.0;0.0;92.789
20;1;112;0.0;44.574;0.0;0.0;0.0;44.574
20;1;113;0.0;49.378;0.0;0.0;0.0;49.378
20;1;114;0.0;46.632;0.0;0.0;0.0;46.632
20;1;115;0.0;0.0;0.0;60.103;0.0;60.103
20;1;116;0.0;0.0;0.0;61.515;0.0;61.515
20;1;117;0.0;0.0;0.0;55.863;0.0;55.863
20;1;118;0.0;0.0;0.0;63.102;0.0;63.102
20;1;119;0.0;0.0;0.0;41.108;0.0;41.108
20;1;120;0.0;0.0;0.0;7.619;0.0;7.619
20;1;121;0.0;0.0;0.0;11.147;0.0;11.147
20;1;122;0.0;0.0;0.0;9.85;0.0;9.85
20;1;123;0.0;0.0;0.0;11.929;0.0;11.929
20;1;124;0.0;0.0;0.0;10.074;0.0;10.074
20;1;125;0.0;0.0;0.0;13.56;0.0;13.56
20;1;126;0.0;0.0;0.0;12.101;0.0;12.101
20;1;127;0.0;43.804;0.0;0.0;0.0;43.804
20;1;128;0.0;41.745;0.0;0.0;0.0;41.745
20;1;129;0.0;40.9;0.0;0.0;0.0;40.9
20;1;130;0.0;42.654;0.0;0.0;0.0;42.654
20;1;131;0.0;35.136;0.0;0.0;0.0;35.136
20;1;132;0.0;43.826;0.0;0.0;0.0;43.826
20;1;133;0.0;34.646;0.0;0.0;0.0;34.646
20;1;134;0.0;38.534;0.0;0.0;0.0;38.534
20;1;135;0.0;33.576;0.0;0.0;0.0;33.576
20;1;136;0.0;41.935;0.0;0.0;0.0;41.935
20;1;137;0.0;87.009;0.0;0.0;0.0;87.009
20;1;138;0.0;47.493;0.0;0.0;0.0;47.493
20;1;139;0.0;0.0;0.0;74.199;0.0;74.199
20;1;140;0.0;0.0;0.0;71.958;0.0;71.958
20;1;141;0.0;0.0;0.0;78.264;0.0;78.264
20;1;142;0.0;0.0;0.0;57.149;0.0;57.149
20;1;143;0.0;0.0;0.0;58.087;0.0;58.087
20;1;144;0.0;0.0;0.0;7.461;0.0;7.461
20;1;145;0.0;0.0;0.0;12.297;0.0;12.297
20;1;146;0.0;0.0;0.0;11.135;0.0;11.135
20;1;147;0.0;0.0;0.0;11.104;0.0;11.104
20;1;148;0.0;0.0;0.0;9.835;0.0;9.835
20;1;149;0.0;0.0;0.0;11.968;0.0;11.968
20;1;150;0.0;0.0;0.0;14.53;0.0;14.53
20;1;151;0.0;37.994;0.0;0.0;0.0;37.994
20;1;152;0.0;41.161;0.0;0.0;0.0;41.161
20;1;153;0.0;47.593;0.0;0.0;0.0;47.593
20;1;154;0.0;37.11;0.0;0.0;0.0;37.11
20;1;155;0.0;40.906;0.0;0.0;0.0;40.906
20;1;156;0.0;45.005;0.0;0.0;0.0;45.005
20;1;157;0.0;47.758;0.0;0.0;0.0;47.758
20;1;158;0.0;40.2;0.0;0.0;0.0;40.2
20;1;159;0.0;136.6;0.0;0.0;0.0;136.6
20;1;160;0.0;46.533;0.0;0.0;0.0;46.533
20;1;161;0.0;54.918;0.0;0.0;0.0;54.918
20;1;162;0.0;48.327;0.0;0.0;0.0;48.327
20;1;163;0.0;0.0;0.0;86.572;0.0;86.572
20;1;164;0.0;0.0;0.0;73.365;0.0;73.365
20;1;165;0.0;0.0;0.0;70.574;0.0;70.574
20;1;166;0.0;0.0;0.0;68.77;0.0;68.77
20;1;167;0.0;0.0;0.0;55.211;0.0;55.211
20;2;0;0.0;0.0;0.0;7.519;0.0;7.519
20;2;1;0.0;0.0;0.0;9.982;0.0;9.982
20;2;2;0.0;0.0;0.0;129.924;0.0;129.924
20;2;3;0.0;0.0;0.0;12.89;0.0;12.89
20;2;4;0.0;0.0;0.0;10.823;0.0;10.823
20;2;5;0.0;0.0;0.0;160.689;0.0;160.689
20;2;6;0.0;0.0;0.0;19.58;0.0;19.58
20;2;7;0.0;0.0;0.0;32.858;0.0;32.858
20;2;8;0.0;0.0;0.0;60.949;0.0;60.949
20;2;9;0.0;99.31;0.0;0.0;0.0;99.31
20;2;10;0.0;85.668;0.0;0.0;0.0;85.668
20;2;11;0.0;80.796;0.0;0.0;0.0;80.796
20;2;12;0.0;164.938;0.0;0.0;0.0;164.938
20;2;13;0.0;178.618;0.0;0.0;0.0;178.618
20;2;14;0.0;71.992;0.0;0.0;0.0;71.992
20;2;15;0.0;59.113;0.0;0.0;0.0;59.113
20;2;16;0.0;70.094;0.0;0.0;0.0;70.094
20;2;17;0.0;28.109;0.0;56.149;0.0;84.258
20;2;18;0.0;0.0;0.0;56.416;0.0;56.416
20;2;19;0.0;0.0;0.0;141.462;0.0;141.462
20;2;20;0.0;0.0;0.0;108.278;0.0;108.278
20;2;21;0.0;0.0;0.0;61.892;0.0;61.892
20;2;22;0.0;0.0;0.0;155.566;0.0;155.566
20;2;23;0.0;0.0;0.0;37.898;0.0;37.898
20;2;24;0.0;0.0;0.0;7.566;0.0;7.566
20;2;25;0.0;0.0;0.0;11.725;0.0;11.725
20;2;26;0.0;0.0;0.0;80.546;0.0;80.546
20;2;27;0.0;0.0;0.0;10.748;0.0;10.748
20;2;28;0.0;0.0;0.0;163.652;0.0;163.652
20;2;29;0.0;0.0;0.0;11.632;0.0;11.632
20;2;30;0.0;0.0;0.0;106.268;0.0;106.268
20;2;31;0.0;0.0;0.0;130.571;0.0;130.571
20;2;32;0.0;39.179;0.0;104.714;0.0;143.893
20;2;33;0.0;121.644;0.0;0.0;0.0;121.644
20;2;34;0.0;107.376;0.0;0.0;0.0;107.376
20;2;35;0.0;98.759;0.0;0.0;0.0;98.759
20;2;36;0.0;83.479;0.0;0.0;0.0;83.479
20;2;37;0.0;71.675;0.0;0.0;0.0;71.675
20;2;38;0.0;150.932;0.0;0.0;0.0;150.932
20;2;39;0.0;163.19;0.0;0.0;0.0;163.19
20;2;40;0.0;71.768;0.0;0.0;0.0;71.768
20;2;41;0.0;0.0;0.0;73.543;0.0;73.543
20;2;42;0.0;0.0;0.0;91.835;0.0;91.835
20;2;43;0.0;0.0;0.0;90.638;0.0;90.638
20;2;44;0.0;0.0;0.0;62.35;0.0;62.35
20;2;45;0.0;0.0;0.0;60.656;0.0;60.656
20;2;46;0.0;0.0;0.0;56.144;0.0;56.144
20;2;47;0.0;0.0;0.0;43.666;0.0;43.666
20;2;48;0.0;0.0;0.0;7.554;0.0;7.554
20;2;49;0.0;0.0;0.0;9.184;0.0;9.184
20;2;50;0.0;0.0;0.0;21.586;0.0;21.586
20;2;51;0.0;0.0;0.0;44.377;0.0;44.377
20;2;52;0.0;0.0;0.0;44.97;0.0;44.97
20;2;53;0.0;0.0;0.0;46.596;0.0;46.596
20;2;54;0.0;0.0;0.0;46.658;0.0;46.658
20;2;55;0.0;0.0;0.0;79.805;0.0;79.805
20;2;56;0.0;0.0;0.0;96.431;0.0;96.431
20;2;57;0.0;0.0;0.0;73.942;0.0;73.942
20;2;58;0.0;0.0;0.0;70.493;0.0;70.493
20;2;59;0.0;0.0;0.0;61.519;0.0;61.519
20;2;60;0.0;0.0;0.0;55.709;0.0;55.709
20;2;61;0.0;0.0;0.0;44.838;0.0;44.838
20;2;62;0.0;0.0;0.0;53.283;0.0;53.283
20;2;63;0.0;0.0;0.0;46.793;0.0;46.793
20;2;64;0.0;0.0;0.0;88.29;0.0;88.29
20;2;65;0.0;0.0;0.0;195.784;0.0;195.784
20;2;66;0.0;0.0;0.0;64.171;0.0;64.171
20;2;67;0.0;0.0;0.0;59.359;0.0;59.359
20;2;68;0.0;0.0;0.0;85.975;0.0;85.975
20;2;69;0.0;0.0;0.0;69.631;0.0;69.631
20;2;70;0.0;0.0;0.0;62.278;0.0;62.278
20;2;71;0.0;0.0;0.0;33.443;0.0;33.443
20;2;72;0.0;0.0;0.0;10.713;0.0;10.713
20;2;73;0.0;0.0;0.0;15.746;0.0;15.746
20;2;74;0.0;0.0;0.0;41.033;0.0;41.033
20;2;75;0.0;0.0;0.0;45.089;0.0;45.089
20;2;76;0.0;0.0;0.0;43.53;0.0;43.53
20;2;77;0.0;0.0;0.0;43.676;0.0;43.676
20;2;78;0.0;0.0;0.0;45.583;0.0;45.583
20;2;79;0.0;0.0;0.0;71.218;0.0;71.218
20;2;80;0.0;0.0;0.0;86.398;0.0;86.398
20;2;81;0.0;0.0;0.0;81.307;0.0;81.307
20;2;82;0.0;0.0;0.0;69.308;0.0;69.308
20;2;83;0.0;19.68;0.0;40.768;0.0;60.448
20;2;84;0.0;152.087;0.0;0.0;0.0;152.087
20;2;85;0.0;169.077;0.0;0.0;0.0;169.077
20;2;86;0.0;0.0;0.0;46.288;0.0;46.288
20;2;87;0.0;0.0;0.0;40.136;0.0;40.136
20;2;88;0.0;0.0;0.0;42.167;0.0;42.167
20;2;89;0.0;0.0;0.0;57.259;0.0;57.259
20;2;90;0.0;0.0;0.0;66.474;0.0;66.474
20;2;91;0.0;0.0;0.0;67.656;0.0;67.656
20;2;92;0.0;0.0;0.0;206.703;0.0;206.703
20;2;93;0.0;0.0;0.0;57.014;0.0;57.014
20;2;94;0.0;0.0;0.0;60.145;0.0;60.145
20;2;95;0.0;0.0;0.0;47.478;0.0;47.478
20;2;96;0.0;0.0;0.0;7.501;0.0;7.501
20;2;97;0.0;0.0;0.0;15.296;0.0;15.296
20;2;98;0.0;0.0;0.0;53.496;0.0;53.496
20;2;99;0.0;0.0;0.0;163.231;0.0;163.231
20;2;100;0.0;0.0;0.0;44.024;0.0;44.024
20;2;101;0.0;0.0;0.0;12.258;0.0;12.258
20;2;102;0.0;0.0;0.0;88.659;0.0;88.659
20;2;103;0.0;0.0;0.0;101.885;0.0;101.885
20;2;104;0.0;0.0;0.0;120.557;0.0;120.557
20;2;105;0.0;205.878;0.0;0.0;0.0;205.878
20;2;106;0.0;134.073;0.0;0.0;0.0;134.073
20;2;107;0.0;1.38;0.0;56.764;0.0;58.143
20;2;108;0.0;113.377;0.0;0.0;0.0;113.377
20;2;109;0.0;29.756;0.0;28.873;0.0;58.629
20;2;110;0.0;0.0;0.0;40.867;0.0;40.867
20;2;111;0.0;0.0;0.0;88.666;0.0;88.666
20;2;112;0.0;0.0;0.0;109.039;0.0;109.039
20;2;113;0.0;0.0;0.0;99.086;0.0;99.086
20;2;114;0.0;0.0;0.0;115.608;0.0;115.608
20;2;115;0.0;0.0;0.0;119.773;0.0;119.773
20;2;116;0.0;0.0;0.0;127.764;0.0;127.764
20;2;117;0.0;0.0;0.0;113.233;0.0;113.233
20;2;118;0.0;0.0;0.0;109.752;0.0;109.752
20;2;119;0.0;0.0;0.0;195.298;0.0;195.298
20;2;120;0.0;0.0;0.0;7.595;0.0;7.595
20;2;121;0.0;0.0;0.0;102.581;0.0;102.581
20;2;122;0.0;0.0;0.0;9.93;0.0;9.93
20;2;123;0.0;0.0;0.0;76.633;0.0;76.633
20;2;124;0.0;0.0;0.0;79.417;0.0;79.417
20;2;125;0.0;0.0;0.0;79.886;0.0;79.886
20;2;126;0.0;0.0;0.0;93.889;0.0;93.889
20;2;127;0.0;0.0;0.0;117.567;0.0;117.567
20;2;128;0.0;0.0;0.0;136.216;0.0;136.216
20;2;129;0.0;0.0;0.0;107.581;0.0;107.581
20;2;130;0.0;0.0;0.0;104.618;0.0;104.618
20;2;131;0.0;0.0;0.0;91.929;0.0;91.929
20;2;132;0.0;0.0;0.0;87.232;0.0;87.232
20;2;133;0.0;73.565;0.0;8.789;0.0;82.354
20;2;134;0.0;0.0;0.0;177.085;0.0;177.085
20;2;135;0.0;0.0;0.0;188.833;0.0;188.833
20;2;136;0.0;0.0;0.0;54.745;0.0;54.745
20;2;137;0.0;0.0;0.0;59.686;0.0;59.686
20;2;138;0.0;0.0;0.0;63.869;0.0;63.869
20;2;139;0.0;0.0;0.0;231.466;0.0;231.466
20;2;140;0.0;0.0;0.0;69.934;0.0;69.934
20;2;141;0.0;0.0;0.0;76.027;0.0;76.027
20;2;142;0.0;0.0;0.0;69.245;0.0;69.245
20;2;143;0.0;0.0;0.0;47.912;0.0;47.912
20;2;144;0.0;0.0;0.0;66.569;0.0;66.569
20;2;145;0.0;0.0;0.0;74.168;0.0;74.168
20;2;146;0.0;0.0;0.0;75.102;0.0;75.102
20;2;147;0.0;0.0;0.0;76.035;0.0;76.035
20;2;148;0.0;0.0;0.0;77.648;0.0;77.648
20;2;149;0.0;0.0;0.0;75.879;0.0;75.879
20;2;150;0.0;0.0;0.0;89.67;0.0;89.67
20;2;151;0.0;0.0;0.0;118.102;0.0;118.102
20;2;152;0.0;0.0;0.0;109.176;0.0;109.176
20;2;153;0.0;0.0;0.0;106.255;0.0;106.255
20;2;154;0.0;0.0;0.0;114.234;0.0;114.234
20;2;155;0.0;0.0;0.0;90.669;0.0;90.669
20;2;156;0.0;0.0;0.0;87.355;0.0;87.355
20;2;157;0.0;0.0;0.0;97.092;0.0;97.092
20;2;158;0.0;0.0;0.0;78.435;0.0;78.435
20;2;159;0.0;0.0;0.0;68.187;0.0;68.187
20;2;160;0.0;0.0;0.0;83.937;0.0;83.937
20;2;161;0.0;0.0;0.0;89.488;0.0;89.488
20;2;162;0.0;0.0;0.0;98.791;0.0;98.791
20;2;163;0.0;0.0;0.0;103.213;0.0;103.213
20;2;164;0.0;0.0;0.0;103.41;0.0;103.41
20;2;165;0.0;0.0;0.0;102.36;0.0;102.36
20;2;166;0.0;0.0;0.0;107.888;0.0;107.888
20;2;167;0.0;0.0;0.0;199.439;0.0;199.439
20;3;0;0.0;0.0;0.0;7.579;0.0;7.579
20;3;1;0.0;0.0;0.0;147.87;0.0;147.87
20;3;2;0.0;0.0;0.0;147.46;0.0;147.46
20;3;3;0.0;0.0;0.0;149.43;0.0;149.43
20;3;4;0.0;0.0;0.0;200.137;0.0;200.137
20;3;5;0.0;0.0;0.0;107.118;0.0;107.118
20;3;6;0.0;0.0;0.0;174.983;0.0;174.983
20;3;7;0.0;0.0;0.0;201.342;0.0;201.342
20;3;8;0.0;0.0;0.0;207.833;0.0;207.833
20;3;9;0.0;0.0;0.0;186.842;0.0;186.842
20;3;10;0.0;73.602;0.0;106.73;0.0;180.332
20;3;11;0.0;48.438;0.0;114.084;0.0;162.522
20;3;12;0.0;0.0;0.0;161.649;0.0;161.649
20;3;13;0.0;149.479;0.0;0.0;0.0;149.479
20;3;14;0.0;208.447;0.0;0.0;0.0;208.447
20;3;15;0.0;0.0;0.0;201.334;0.0;201.334
20;3;16;0.0;0.0;0.0;225.862;0.0;225.862
20;3;17;0.0;0.0;0.0;122.783;0.0;122.783
20;3;18;0.0;0.0;0.0;236.01;0.0;236.01
20;3;19;0.0;0.0;0.0;72.949;0.0;72.949
20;3;20;0.0;0.0;0.0;64.755;0.0;64.755
20;3;21;0.0;0.0;0.0;157.056;0.0;157.056
20;3;22;0.0;0.0;0.0;195.161;0.0;195.161
20;3;23;0.0;0.0;0.0;244.021;0.0;244.021
20;3;24;0.0;0.0;0.0;197.345;0.0;197.345
20;3;25;0.0;0.0;0.0;15.261;0.0;15.261
20;3;26;0.0;0.0;0.0;151.341;0.0;151.341
20;3;27;0.0;0.0;0.0;152.323;0.0;152.323
20;3;28;0.0;0.0;0.0;156.462;0.0;156.462
20;3;29;0.0;0.0;0.0;160.552;0.0;160.552
20;3;30;0.0;0.0;0.0;172.33;0.0;172.33
20;3;31;0.0;0.0;0.0;201.348;0.0;201.348
20;3;32;0.0;0.0;0.0;202.233;0.0;202.233
20;3;33;0.0;0.0;0.0;193.716;0.0;193.716
20;3;34;0.0;0.0;0.0;181.507;0.0;181.507
20;3;35;0.0;0.0;0.0;162.452;0.0;162.452
20;3;36;0.0;0.0;0.0;170.307;0.0;170.307
20;3;37;0.0;0.0;0.0;162.77;0.0;162.77
20;3;38;0.0;0.0;0.0;173.777;0.0;173.777
20;3;39;0.0;0.0;0.0;174.496;0.0;174.496
20;3;40;0.0;0.0;0.0;188.082;0.0;188.082
20;3;41;0.0;0.0;0.0;192.848;0.0;192.848
20;3;42;0.0;0.0;0.0;202.815;0.0;202.815
20;3;43;0.0;0.0;0.0;203.772;0.0;203.772
20;3;44;0.0;0.0;0.0;206.671;0.0;206.671
20;3;45;0.0;0.0;0.0;189.67;0.0;189.67
20;3;46;0.0;0.0;0.0;184.923;0.0;184.923
20;3;47;0.0;0.0;0.0;150.699;0.0;150.699
20;3;48;0.0;0.0;0.0;105.634;0.0;105.634
20;3;49;0.0;0.0;0.0;102.279;0.0;102.279
20;3;50;0.0;0.0;0.0;100.383;0.0;100.383
20;3;51;0.0;0.0;0.0;97.98;0.0;97.98
20;3;52;0.0;0.0;0.0;98.17;0.0;98.17
20;3;53;0.0;0.0;0.0;97.409;0.0;97.409
20;3;54;0.0;0.0;0.0;101.692;0.0;101.692
20;3;55;0.0;0.0;0.0;142.723;0.0;142.723
20;3;56;0.0;0.0;0.0;168.152;0.0;168.152
20;3;57;0.0;0.0;0.0;128.41;0.0;128.41
20;3;58;0.0;0.0;0.0;134.256;0.0;134.256
20;3;59;0.0;0.0;0.0;129.046;0.0;129.046
20;3;60;0.0;0.0;0.0;119.064;0.0;119.064
20;3;61;0.0;49.184;0.0;74.495;0.0;123.68
20;3;62;0.0;110.321;0.0;0.0;0.0;110.321
20;3;63;0.0;0.0;0.0;118.33;0.0;118.33
20;3;64;0.0;0.0;0.0;134.468;0.0;134.468
20;3;65;0.0;0.0;0.0;218.38;0.0;218.38
20;3;66;0.0;0.0;0.0;230.364;0.0;230.364
20;3;67;0.0;0.0;0.0;204.348;0.0;204.348
20;3;68;0.0;0.0;0.0;69.11;0.0;69.11
20;3;69;0.0;0.0;0.0;79.863;0.0;79.863
20;3;70;0.0;0.0;0.0;56.541;0.0;56.541
20;3;71;0.0;0.0;0.0;132.226;0.0;132.226
20;3;72;0.0;0.0;0.0;99.845;0.0;99.845
20;3;73;0.0;0.0;0.0;106.94;0.0;106.94
20;3;74;0.0;0.0;0.0;103.199;0.0;103.199
20;3;75;0.0;0.0;0.0;111.21;0.0;111.21
20;3;76;0.0;0.0;0.0;107.734;0.0;107.734
20;3;77;0.0;0.0;0.0;109.894;0.0;109.894
20;3;78;0.0;0.0;0.0;189.153;0.0;189.153
20;3;79;0.0;0.0;0.0;63.829;0.0;63.829
20;3;80;0.0;0.0;0.0;146.535;0.0;146.535
20;3;81;0.0;0.0;0.0;141.269;0.0;141.269
20;3;82;0.0;0.0;0.0;157.788;0.0;157.788
20;3;83;0.0;0.0;0.0;149.486;0.0;149.486
20;3;84;0.0;0.0;0.0;148.057;0.0;148.057
20;3;85;0.0;123.437;0.0;95.046;0.0;218.483
20;3;86;0.0;57.455;0.0;0.0;0.0;57.455
20;3;87;0.0;0.0;0.0;211.253;0.0;211.253
20;3;88;0.0;0.0;0.0;178.32;0.0;178.32
20;3;89;0.0;0.0;0.0;238.828;0.0;238.828
20;3;90;0.0;0.0;0.0;232.442;0.0;232.442
20;3;91;0.0;0.0;0.0;65.574;0.0;65.574
20;3;92;0.0;0.0;0.0;63.903;0.0;63.903
20;3;93;0.0;0.0;0.0;127.59;0.0;127.59
20;3;94;0.0;0.0;0.0;177.37;0.0;177.37
20;3;95;0.0;0.0;0.0;164.492;0.0;164.492
20;3;96;0.0;0.0;0.0;160.964;0.0;160.964
20;3;97;0.0;0.0;0.0;170.156;0.0;170.156
20;3;98;0.0;0.0;0.0;167.759;0.0;167.759
20;3;99;0.0;0.0;0.0;172.262;0.0;172.262
20;3;100;0.0;0.0;0.0;169.725;0.0;169.725
20;3;101;0.0;0.0;0.0;164.028;0.0;164.028
20;3;102;0.0;0.0;0.0;173.111;0.0;173.111
20;3;103;0.0;0.0;0.0;191.448;0.0;191.448
20;3;104;0.0;0.0;0.0;191.68;0.0;191.68
20;3;105;0.0;0.0;0.0;236.617;0.0;236.617
20;3;106;0.0;0.0;0.0;165.656;0.0;165.656
20;3;107;0.0;0.0;0.0;197.417;0.0;197.417
20;3;108;0.0;0.0;0.0;204.348;0.0;204.348
20;3;109;0.0;0.0;0.0;188.283;0.0;188.283
20;3;110;0.0;0.0;0.0;188.054;0.0;188.054
20;3;111;0.0;0.0;0.0;187.692;0.0;187.692
20;3;112;0.0;0.0;0.0;197.989;0.0;197.989
20;3;113;0.0;0.0;0.0;195.525;0.0;195.525
20;3;114;0.0;0.0;0.0;213.437;0.0;213.437
20;3;115;0.0;0.0;0.0;207.666;0.0;207.666
20;3;116;0.0;0.0;0.0;191.98;0.0;191.98
20;3;117;0.0;0.0;0.0;207.498;0.0;207.498
20;3;118;0.0;0.0;0.0;179.786;0.0;179.786
20;3;119;0.0;0.0;0.0;221.117;0.0;221.117
20;3;120;0.0;0.0;0.0;190.096;0.0;190.096
20;3;121;0.0;0.0;0.0;198.605;0.0;198.605
20;3;122;0.0;0.0;0.0;197.935;0.0;197.935
20;3;123;0.0;0.0;0.0;199.767;0.0;199.767
20;3;124;0.0;0.0;0.0;46.805;0.0;46.805
20;3;125;0.0;0.0;0.0;9.908;0.0;9.908
20;3;126;0.0;0.0;0.0;185.289;0.0;185.289
20;3;127;0.0;0.0;0.0;218.085;0.0;218.085
20;3;128;0.0;0.0;0.0;203.195;0.0;203.195
20;3;129;0.0;0.0;0.0;202.95;0.0;202.95
20;3;130;0.0;0.0;0.0;193.808;0.0;193.808
20;3;131;0.0;0.0;0.0;192.013;0.0;192.013
20;3;132;0.0;0.0;0.0;177.984;0.0;177.984
20;3;133;0.0;50.189;0.0;109.986;0.0;160.174
20;3;134;0.0;0.0;0.0;179.299;0.0;179.299
20;3;135;0.0;0.0;0.0;173.955;0.0;173.955
20;3;136;0.0;0.0;0.0;241.857;0.0;241.857
20;3;137;0.0;0.0;0.0;137.611;0.0;137.611
20;3;138;0.0;0.0;0.0;210.435;0.0;210.435
20;3;139;0.0;0.0;0.0;272.955;0.0;272.955
20;3;140;0.0;0.0;0.0;167.564;0.0;167.564
20;3;141;0.0;0.0;0.0;222.153;0.0;222.153
20;3;142;0.0;0.0;0.0;213.151;0.0;213.151
20;3;143;0.0;0.0;0.0;192.276;0.0;192.276
20;3;144;0.0;0.0;0.0;199.067;0.0;199.067
20;3;145;0.0;0.0;0.0;117.948;0.0;117.948
20;3;146;0.0;0.0;0.0;203.029;0.0;203.029
20;3;147;0.0;0.0;0.0;124.588;0.0;124.588
20;3;148;0.0;0.0;0.0;166.009;0.0;166.009
20;3;149;0.0;0.0;0.0;170.247;0.0;170.247
20;3;150;0.0;0.0;0.0;187.397;0.0;187.397
20;3;151;0.0;0.0;0.0;200.306;0.0;200.306
20;3;152;0.0;0.0;0.0;205.487;0.0;205.487
20;3;153;0.0;0.0;0.0;174.562;0.0;174.562
20;3;154;0.0;119.875;0.0;45.124;0.0;164.999
20;3;155;0.0;0.0;0.0;155.663;0.0;155.663
20;3;156;0.0;0.0;0.0;153.273;0.0;153.273
20;3;157;0.0;0.0;0.0;216.848;0.0;216.848
20;3;158;0.0;0.0;0.0;89.148;0.0;89.148
20;3;159;0.0;0.0;0.0;155.932;0.0;155.932
20;3;160;0.0;0.0;0.0;153.657;0.0;153.657
20;3;161;0.0;0.0;0.0;174.604;0.0;174.604
20;3;162;0.0;0.0;0.0;172.815;0.0;172.815
20;3;163;0.0;0.0;0.0;187.518;0.0;187.518
20;3;164;0.0;0.0;0.0;162.417;0.0;162.417
20;3;165;0.0;0.0;0.0;173.53;0.0;173.53
20;3;166;0.0;0.0;0.0;237.953;0.0;237.953
20;3;167;0.0;0.0;0.0;202.055;0.0;202.055
