Support_Year;Cluster;Timestep;PV;HP;EB;from_grid;to_grid;from_main_grid;to_main_grid;to_network
0;0;0;0.0;235.261;0.0;252.334;0.0;252.334;0.0;0.0
0;0;1;0.0;237.588;0.0;261.636;0.0;261.636;0.0;0.0
0;0;2;0.0;242.246;0.0;263.751;0.0;263.751;0.0;0.0
0;0;3;0.0;243.994;0.0;267.608;0.0;267.608;0.0;0.0
0;0;4;0.0;244.577;0.0;268.226;0.0;268.226;0.0;0.0
0;0;5;0.0;243.411;0.0;268.803;0.0;268.803;0.0;0.0
0;0;6;0.0;241.081;0.0;267.149;0.0;267.149;0.0;0.0
0;0;7;1.491;235.842;0.0;304.181;0.0;304.181;0.0;0.0
0;0;8;20.855;228.867;0.0;311.566;0.0;311.566;0.0;0.0
0;0;9;209.246;0.0;0.0;0.0;123.587;0.0;0.0;123.587
0;0;10;217.791;12.694;0.0;0.0;127.983;0.0;0.0;127.983
0;0;11;122.2;47.052;0.0;0.0;0.0;0.0;0.0;0.0
0;0;12;422.152;133.637;0.0;0.0;223.651;0.0;0.0;223.651
0;0;13;660.977;199.909;0.0;0.0;382.269;0.0;0.0;382.269
0;0;14;473.762;197.599;0.0;0.0;195.404;0.0;0.0;195.404
0;0;15;185.298;0.0;0.0;0.0;114.548;0.0;0.0;114.548
0;0;16;116.073;27.517;0.0;0.0;0.67;0.0;0.0;0.67
0;0;17;66.516;210.315;0.0;255.256;0.0;255.256;0.0;0.0
0;0;18;26.653;210.315;0.0;312.839;0.0;312.839;0.0;0.0
0;0;19;0.0;212.63;0.0;348.39;0.0;348.39;0.0;0.0
0;0;20;0.0;213.788;0.0;351.967;0.0;351.967;0.0;0.0
0;0;21;0.0;221.902;0.0;346.475;0.0;346.475;0.0;0.0
0;0;22;0.0;234.097;0.0;330.445;0.0;330.445;0.0;0.0
0;0;23;0.0;201.557;0.0;285.133;0.0;285.133;0.0;0.0
0;0;24;0.0;239.916;0.0;257.227;0.0;257.227;0.0;0.0
0;0;25;0.0;240.498;0.0;268.045;0.0;268.045;0.0;0.0
0;0;26;0.0;242.246;0.0;266.183;0.0;266.183;0.0;0.0
0;0;27;0.0;243.994;0.0;267.964;0.0;267.964;0.0;0.0
0;0;28;0.0;243.994;0.0;265.334;0.0;265.334;0.0;0.0
0;0;29;0.0;244.577;0.0;268.301;0.0;268.301;0.0;0.0
0;0;30;0.0;248.658;8.693;286.043;0.0;286.043;0.0;0.0
0;0;31;1.5;248.658;88.031;410.212;0.0;410.212;0.0;0.0
0;0;32;89.181;248.075;88.031;352.226;0.0;352.226;0.0;0.0
0;0;33;189.942;110.125;0.0;0.0;0.0;0.0;0.0;0.0
0;0;34;205.243;126.197;0.0;0.0;0.0;0.0;0.0;0.0
0;0;35;173.812;98.798;0.0;0.0;0.0;0.0;0.0;0.0
0;0;36;153.455;82.536;0.0;0.0;0.0;0.0;0.0;0.0
0;0;37;128.677;49.73;0.0;0.0;0.0;0.0;0.0;0.0
0;0;38;148.907;72.671;0.0;0.0;0.0;0.0;0.0;0.0
0;0;39;231.31;153.15;0.0;0.0;0.0;0.0;0.0;0.0
0;0;40;145.627;64.828;0.0;0.0;0.0;0.0;0.0;0.0
0;0;41;50.759;173.314;0.0;226.872;0.0;226.872;0.0;0.0
0;0;42;14.922;188.699;0.0;306.771;0.0;306.771;0.0;0.0
0;0;43;0.0;195.241;0.0;321.262;0.0;321.262;0.0;0.0
0;0;44;0.0;202.689;0.0;332.017;0.0;332.017;0.0;0.0
0;0;45;0.0;206.964;0.0;323.134;0.0;323.134;0.0;0.0
0;0;46;0.0;180.643;0.0;300.832;0.0;300.832;0.0;0.0
0;0;47;0.0;189.344;0.0;262.826;0.0;262.826;0.0;0.0
0;0;48;0.0;205.741;0.0;222.773;0.0;222.773;0.0;0.0
0;0;49;0.0;232.934;0.0;258.612;0.0;258.612;0.0;0.0
0;0;50;0.0;232.353;0.0;255.671;0.0;255.671;0.0;0.0
0;0;51;0.0;232.934;0.0;254.815;0.0;254.815;0.0;0.0
0;0;52;0.0;231.772;0.0;252.078;0.0;252.078;0.0;0.0
0;0;53;0.0;231.772;0.0;253.282;0.0;253.282;0.0;0.0
0;0;54;0.0;230.61;0.0;257.466;0.0;257.466;0.0;0.0
0;0;55;2.975;228.867;0.0;292.238;0.0;292.238;0.0;0.0
0;0;56;64.212;228.867;0.0;257.399;0.0;257.399;0.0;0.0
0;0;57;151.97;0.0;0.0;0.0;69.705;0.0;0.0;69.705
0;0;58;315.687;31.533;0.0;0.0;206.272;0.0;0.0;206.272
0;0;59;642.212;175.399;0.0;0.0;405.963;0.0;0.0;405.963
0;0;60;736.963;209.736;0.0;0.0;461.063;0.0;74.552;386.51
0;0;61;399.111;103.381;0.0;0.0;222.734;0.0;0.0;222.734
0;0;62;415.754;70.323;0.0;0.0;270.604;0.0;0.0;270.604
0;0;63;872.12;199.909;0.0;0.0;603.52;0.0;227.441;376.08
0;0;64;543.904;86.916;0.0;0.0;374.906;0.0;0.0;374.906
0;0;65;203.575;0.0;0.0;0.0;122.353;0.0;0.0;122.353
0;0;66;44.972;50.486;0.0;118.87;0.0;118.87;0.0;0.0
0;0;67;0.0;202.219;0.0;331.029;0.0;331.029;0.0;0.0
0;0;68;0.0;61.294;0.0;185.388;0.0;185.388;0.0;0.0
0;0;69;0.0;0.0;0.0;126.043;0.0;126.043;0.0;0.0
0;0;70;0.0;100.087;0.0;222.254;0.0;222.254;0.0;0.0
0;0;71;0.0;92.303;0.0;171.902;0.0;171.902;0.0;0.0
0;0;72;0.0;209.736;0.0;227.505;0.0;227.505;0.0;0.0
0;0;73;0.0;149.271;0.0;175.176;0.0;175.176;0.0;0.0
0;0;74;0.0;213.209;0.0;234.287;0.0;234.287;0.0;0.0
0;0;75;0.0;213.209;0.0;236.219;0.0;236.219;0.0;0.0
0;0;76;0.0;211.472;0.0;232.575;0.0;232.575;0.0;0.0
0;0;77;0.0;210.893;0.0;231.676;0.0;231.676;0.0;0.0
0;0;78;0.0;210.893;0.0;238.311;0.0;238.311;0.0;0.0
0;0;79;0.0;210.315;0.0;252.49;0.0;252.49;0.0;0.0
0;0;80;44.321;208.579;0.0;218.747;0.0;218.747;0.0;0.0
0;0;81;101.23;0.0;0.0;0.0;36.837;0.0;0.0;36.837
0;0;82;140.443;0.0;0.0;0.0;54.793;0.0;0.0;54.793
0;0;83;161.225;0.0;0.0;0.0;87.594;0.0;0.0;87.594
0;0;84;177.993;0.0;0.0;0.0;106.72;0.0;0.0;106.72
0;0;85;180.952;57.248;0.0;0.0;52.048;0.0;0.0;52.048
0;0;86;88.343;15.971;0.0;0.0;0.0;0.0;0.0;0.0
0;0;87;131.276;63.373;0.0;0.0;0.0;0.0;0.0;0.0
0;0;88;108.999;45.48;0.0;0.0;0.0;0.0;0.0;0.0
0;0;89;51.48;201.064;0.0;252.068;0.0;252.068;0.0;0.0
0;0;90;13.321;216.105;0.0;314.364;0.0;314.364;0.0;0.0
0;0;91;0.0;216.684;0.0;327.27;0.0;327.27;0.0;0.0
0;0;92;0.0;219.002;0.0;319.348;0.0;319.348;0.0;0.0
0;0;93;0.0;220.742;0.0;341.197;0.0;341.197;0.0;0.0
0;0;94;0.0;168.192;0.0;256.508;0.0;256.508;0.0;0.0
0;0;95;0.0;227.124;0.0;304.441;0.0;304.441;0.0;0.0
0;0;96;0.0;230.61;0.0;247.154;0.0;247.154;0.0;0.0
0;0;97;0.0;207.1;0.0;240.154;0.0;240.154;0.0;0.0
0;0;98;0.0;221.408;0.0;244.32;0.0;244.32;0.0;0.0
0;0;99;0.0;207.959;0.0;229.709;0.0;229.709;0.0;0.0
0;0;100;0.0;243.994;0.0;266.403;0.0;266.403;0.0;0.0
0;0;101;0.0;245.742;0.0;272.03;0.0;272.03;0.0;0.0
0;0;102;0.0;245.159;0.0;274.027;0.0;274.027;0.0;0.0
0;0;103;2.997;243.994;0.0;300.473;0.0;300.473;0.0;0.0
0;0;104;222.773;0.0;0.0;0.0;162.026;0.0;0.0;162.026
0;0;105;554.185;242.246;0.0;0.0;235.104;0.0;0.0;235.104
0;0;106;774.426;239.334;0.0;0.0;440.82;0.0;0.0;440.82
0;0;107;294.659;26.432;0.0;0.0;188.442;0.0;0.0;188.442
0;0;108;551.929;235.261;0.0;0.0;231.793;0.0;0.0;231.793
0;0;109;463.24;172.394;0.0;0.0;196.476;0.0;0.0;196.476
0;0;110;529.549;230.029;0.0;0.0;227.276;0.0;0.0;227.276
0;0;111;320.61;31.018;0.0;0.0;209.023;0.0;0.0;209.023
0;0;112;648.809;228.286;0.0;0.0;345.118;0.0;0.0;345.118
0;0;113;599.191;227.124;0.0;0.0;273.807;0.0;0.0;273.807
0;0;114;182.307;0.0;0.0;0.0;81.547;0.0;0.0;81.547
0;0;115;1.486;229.448;0.0;358.531;0.0;358.531;0.0;0.0
0;0;116;0.0;230.029;0.0;339.876;0.0;339.876;0.0;0.0
0;0;117;0.0;231.772;0.0;341.119;0.0;341.119;0.0;0.0
0;0;118;0.0;238.752;0.0;340.604;0.0;340.604;0.0;0.0
0;0;119;0.0;242.828;0.0;323.313;0.0;323.313;0.0;0.0
0;0;120;0.0;250.409;0.0;267.573;0.0;267.573;0.0;0.0
0;0;121;0.0;249.242;0.0;281.942;0.0;281.942;0.0;0.0
0;0;122;0.0;251.576;0.0;276.088;0.0;276.088;0.0;0.0
0;0;123;0.0;249.242;0.0;273.351;0.0;273.351;0.0;0.0
0;0;124;0.0;247.492;0.0;269.491;0.0;269.491;0.0;0.0
0;0;125;0.0;249.825;0.0;273.297;0.0;273.297;0.0;0.0
0;0;126;0.0;248.075;0.0;278.025;0.0;278.025;0.0;0.0
0;0;127;13.49;246.909;0.0;323.124;0.0;323.124;0.0;0.0
0;0;128;90.765;248.658;0.0;262.286;0.0;262.286;0.0;0.0
0;0;129;180.473;0.0;0.0;0.0;110.157;0.0;0.0;110.157
0;0;130;409.78;243.411;0.0;0.0;81.667;0.0;0.0;81.667
0;0;131;337.381;238.17;0.0;0.0;25.682;0.0;0.0;25.682
0;0;132;188.152;118.632;0.0;0.0;0.0;0.0;0.0;0.0
0;0;133;349.608;181.897;0.0;0.0;93.007;0.0;0.0;93.007
0;0;134;532.53;224.802;0.0;0.0;236.984;0.0;0.0;236.984
0;0;135;383.464;148.069;0.0;0.0;161.251;0.0;0.0;161.251
0;0;136;81.963;229.448;0.0;242.591;0.0;242.591;0.0;0.0
0;0;137;97.448;234.679;0.0;265.71;0.0;265.71;0.0;0.0
0;0;138;36.027;234.679;0.0;325.755;0.0;325.755;0.0;0.0
0;0;139;1.491;235.261;0.0;376.744;0.0;376.744;0.0;0.0
0;0;140;0.0;234.679;0.0;354.975;0.0;354.975;0.0;0.0
0;0;141;0.0;236.424;0.0;337.287;0.0;337.287;0.0;0.0
0;0;142;0.0;236.424;0.0;361.839;0.0;361.839;0.0;0.0
0;0;143;0.0;249.825;0.0;318.99;0.0;318.99;0.0;0.0
0;0;144;0.0;254.496;0.0;272.164;0.0;272.164;0.0;0.0
0;0;145;0.0;253.912;0.0;285.82;0.0;285.82;0.0;0.0
0;0;146;0.0;254.496;0.0;277.133;0.0;277.133;0.0;0.0
0;0;147;0.0;253.912;0.0;277.707;0.0;277.707;0.0;0.0
0;0;148;0.0;255.081;0.0;279.805;0.0;279.805;0.0;0.0
0;0;149;0.0;255.665;0.0;282.505;0.0;282.505;0.0;0.0
0;0;150;0.0;252.16;0.0;284.652;0.0;284.652;0.0;0.0
0;0;151;3.005;250.409;0.0;327.596;0.0;327.596;0.0;0.0
0;0;152;49.69;249.242;0.0;302.431;0.0;302.431;0.0;0.0
0;0;153;160.189;79.493;0.0;0.0;0.0;0.0;0.0;0.0
0;0;154;399.351;246.909;0.0;0.0;71.938;0.0;0.0;71.938
0;0;155;756.566;241.663;0.0;0.0;446.429;0.0;28.359;418.07
0;0;156;643.497;218.825;0.0;0.0;340.623;0.0;0.0;340.623
0;0;157;1131.56;230.029;0.0;0.0;821.184;0.0;416.519;404.665
0;0;158;978.639;226.544;0.0;0.0;669.474;0.0;272.985;396.489
0;0;159;867.587;223.642;0.0;0.0;573.049;0.0;173.458;399.591
0;0;160;739.873;223.062;0.0;0.0;424.72;0.0;13.529;411.192
0;0;161;431.494;115.103;0.0;0.0;220.513;0.0;0.0;220.513
0;0;162;62.406;225.383;0.0;280.553;0.0;280.553;0.0;0.0
0;0;163;0.0;230.029;0.0;350.514;0.0;350.514;0.0;0.0
0;0;164;0.0;231.772;0.0;358.232;0.0;358.232;0.0;0.0
0;0;165;0.0;237.006;0.0;351.188;0.0;351.188;0.0;0.0
0;0;166;0.0;239.334;0.0;351.079;0.0;351.079;0.0;0.0
0;0;167;0.0;26.218;0.0;100.309;0.0;100.309;0.0;0.0
0;1;0;0.0;0.0;0.0;17.989;0.0;17.989;0.0;0.0
0;1;1;0.0;0.0;0.0;23.255;0.0;23.255;0.0;0.0
0;1;2;0.0;0.0;0.0;23.143;0.0;23.143;0.0;0.0
0;1;3;0.0;0.0;0.0;21.498;0.0;21.498;0.0;0.0
0;1;4;0.0;0.0;0.0;20.967;0.0;20.967;0.0;0.0
0;1;5;0.0;0.0;0.0;22.931;0.0;22.931;0.0;0.0
0;1;6;14.907;0.0;0.0;19.83;0.0;19.83;0.0;0.0
0;1;7;163.372;0.0;0.0;0.0;100.527;0.0;45.012;55.515
0;1;8;460.485;0.0;0.0;0.0;382.984;0.0;308.826;74.158
0;1;9;792.774;0.0;0.0;0.0;715.664;0.0;642.648;73.016
0;1;10;1055.723;0.0;0.0;0.0;974.646;0.0;888.379;86.268
0;1;11;1196.619;0.0;0.0;0.0;1118.699;0.0;1053.577;65.123
0;1;12;1306.537;0.0;0.0;0.0;1232.364;0.0;1157.301;75.063
0;1;13;1463.742;0.0;0.0;0.0;1379.892;0.0;1301.826;78.067
0;1;14;1198.998;0.0;0.0;0.0;1125.347;0.0;1053.014;72.333
0;1;15;817.84;0.0;0.0;0.0;740.933;0.0;681.885;59.048
0;1;16;558.875;0.0;0.0;0.0;472.095;0.0;393.334;78.761
0;1;17;338.396;3.133;0.0;0.0;223.974;0.0;129.909;94.065
0;1;18;148.427;0.0;0.0;0.0;41.366;0.0;0.0;41.366
0;1;19;5.725;0.0;0.0;116.646;0.0;116.646;0.0;0.0
0;1;20;0.0;0.0;0.0;124.403;0.0;124.403;0.0;0.0
0;1;21;0.0;0.0;0.0;111.132;0.0;111.132;0.0;0.0
0;1;22;0.0;0.0;0.0;104.452;0.0;104.452;0.0;0.0
0;1;23;0.0;0.0;0.0;77.846;0.0;77.846;0.0;0.0
0;1;24;0.0;0.0;0.0;17.355;0.0;17.355;0.0;0.0
0;1;25;0.0;0.0;0.0;26.723;0.0;26.723;0.0;0.0
0;1;26;0.0;0.0;0.0;23.085;0.0;23.085;0.0;0.0
0;1;27;0.0;0.0;0.0;23.11;0.0;23.11;0.0;0.0
0;1;28;0.0;0.0;0.0;24.173;0.0;24.173;0.0;0.0
0;1;29;0.0;0.0;0.0;25.641;0.0;25.641;0.0;0.0
0;1;30;12.127;0.0;0.0;16.149;0.0;16.149;0.0;0.0
0;1;31;151.202;15.956;0.0;0.0;68.399;0.0;1.806;66.593
0;1;32;447.646;4.67;0.0;0.0;366.067;0.0;289.353;76.714
0;1;33;752.485;4.439;0.0;0.0;672.608;0.0;602.457;70.151
0;1;34;974.467;4.153;0.0;0.0;894.745;0.0;807.029;87.716
0;1;35;1177.714;4.318;0.0;0.0;1094.819;0.0;1028.342;66.477
0;1;36;1427.513;8.725;0.0;0.0;1357.863;0.0;1282.93;74.933
0;1;37;1456.308;3.315;0.0;0.0;1380.798;0.0;1309.842;70.956
0;1;38;1363.277;4.051;0.0;0.0;1283.184;0.0;1217.163;66.021
0;1;39;1155.774;7.78;0.0;0.0;1074.136;0.0;998.714;75.422
0;1;40;865.415;0.0;0.0;0.0;783.343;0.0;703.571;79.772
0;1;41;515.81;110.279;0.0;0.0;317.368;0.0;135.853;181.515
0;1;42;227.674;0.0;0.0;0.0;129.277;0.0;45.969;83.308
0;1;43;22.031;0.0;0.0;100.453;0.0;100.453;0.0;0.0
0;1;44;0.0;0.0;0.0;131.598;0.0;131.598;0.0;0.0
0;1;45;0.0;0.0;0.0;118.838;0.0;118.838;0.0;0.0
0;1;46;0.0;0.0;0.0;107.994;0.0;107.994;0.0;0.0
0;1;47;0.0;0.0;0.0;70.285;0.0;70.285;0.0;0.0
0;1;48;0.0;0.0;0.0;17.385;0.0;17.385;0.0;0.0
0;1;49;0.0;0.0;0.0;24.797;0.0;24.797;0.0;0.0
0;1;50;0.0;0.0;0.0;24.379;0.0;24.379;0.0;0.0
0;1;51;0.0;0.0;0.0;23.103;0.0;23.103;0.0;0.0
0;1;52;0.0;0.0;0.0;21.947;0.0;21.947;0.0;0.0
0;1;53;0.0;0.0;0.0;22.954;0.0;22.954;0.0;0.0
0;1;54;7.2;0.0;0.0;28.043;0.0;28.043;0.0;0.0
0;1;55;91.203;0.0;0.0;0.0;36.113;0.0;0.0;36.113
0;1;56;360.89;0.0;0.0;0.0;285.456;0.0;207.64;77.816
0;1;57;680.976;0.0;0.0;0.0;621.287;0.0;564.974;56.314
0;1;58;953.877;5.14;0.0;0.0;863.372;0.0;775.293;88.079
0;1;59;1143.56;4.349;0.0;0.0;1066.922;0.0;982.848;84.075
0;1;60;1310.13;3.919;0.0;0.0;1234.557;0.0;1160.724;73.833
0;1;61;1172.06;3.468;0.0;0.0;1090.227;0.0;1022.031;68.196
0;1;62;772.069;4.573;0.0;0.0;693.833;0.0;624.037;69.796
0;1;63;323.507;105.133;0.0;0.0;142.598;0.0;0.0;142.598
0;1;64;521.817;17.276;0.0;0.0;432.274;0.0;309.592;122.682
0;1;65;401.173;0.0;0.0;0.0;306.829;0.0;230.848;75.981
0;1;66;165.212;0.0;0.0;0.0;59.226;0.0;0.0;59.226
0;1;67;20.052;0.0;0.0;104.112;0.0;104.112;0.0;0.0
0;1;68;0.0;0.0;0.0;131.535;0.0;131.535;0.0;0.0
0;1;69;0.0;0.0;0.0;115.146;0.0;115.146;0.0;0.0
0;1;70;0.0;0.0;0.0;119.896;0.0;119.896;0.0;0.0
0;1;71;0.0;0.0;0.0;84.662;0.0;84.662;0.0;0.0
0;1;72;0.0;0.0;0.0;17.365;0.0;17.365;0.0;0.0
0;1;73;0.0;0.0;0.0;24.07;0.0;24.07;0.0;0.0
0;1;74;0.0;0.0;0.0;22.578;0.0;22.578;0.0;0.0
0;1;75;0.0;0.0;0.0;22.352;0.0;22.352;0.0;0.0
0;1;76;0.0;0.0;0.0;24.16;0.0;24.16;0.0;0.0
0;1;77;0.0;0.0;0.0;23.863;0.0;23.863;0.0;0.0
0;1;78;8.712;0.0;0.0;15.871;0.0;15.871;0.0;0.0
0;1;79;114.234;0.0;0.0;0.0;71.997;0.0;45.491;26.506
0;1;80;409.937;0.0;0.0;0.0;366.016;0.0;307.829;58.186
0;1;81;786.502;4.919;0.0;0.0;717.74;0.0;636.464;81.276
0;1;82;1096.43;4.926;0.0;0.0;1032.692;0.0;950.312;82.38
0;1;83;1325.353;4.723;0.0;0.0;1256.516;0.0;1181.545;74.97
0;1;84;1421.299;3.776;0.0;0.0;1344.702;0.0;1265.36;79.342
0;1;85;1321.266;4.811;0.0;0.0;1236.402;0.0;1164.919;71.482
0;1;86;1163.54;3.724;0.0;0.0;1101.422;0.0;1023.841;77.581
0;1;87;1085.292;102.057;0.0;0.0;908.377;0.0;711.486;196.892
0;1;88;607.557;0.0;0.0;0.0;538.665;0.0;463.068;75.597
0;1;89;327.027;0.0;0.0;0.0;233.934;0.0;143.897;90.038
0;1;90;209.593;0.0;0.0;0.0;102.358;0.0;26.948;75.409
0;1;91;20.62;0.0;0.0;72.84;0.0;72.84;0.0;0.0
0;1;92;0.0;0.0;0.0;98.34;0.0;98.34;0.0;0.0
0;1;93;0.0;0.0;0.0;103.639;0.0;103.639;0.0;0.0
0;1;94;0.0;0.0;0.0;107.166;0.0;107.166;0.0;0.0
0;1;95;0.0;0.0;0.0;69.617;0.0;69.617;0.0;0.0
0;1;96;0.0;0.0;0.0;19.569;0.0;19.569;0.0;0.0
0;1;97;0.0;0.0;0.0;30.595;0.0;30.595;0.0;0.0
0;1;98;0.0;0.0;0.0;24.166;0.0;24.166;0.0;0.0
0;1;99;0.0;0.0;0.0;22.786;0.0;22.786;0.0;0.0
0;1;100;0.0;0.0;0.0;24.026;0.0;24.026;0.0;0.0
0;1;101;0.0;0.0;0.0;23.977;0.0;23.977;0.0;0.0
0;1;102;7.247;0.0;0.0;22.416;0.0;22.416;0.0;0.0
0;1;103;126.251;0.0;0.0;0.0;68.53;0.0;26.54;41.99
0;1;104;327.165;0.0;0.0;0.0;262.428;0.0;202.323;60.105
0;1;105;369.818;4.879;0.0;0.0;281.2;0.0;174.337;106.863
0;1;106;788.79;4.577;0.0;0.0;698.376;0.0;606.744;91.632
0;1;107;1352.389;5.052;0.0;0.0;1251.925;0.0;1155.883;96.042
0;1;108;1514.143;8.939;0.0;0.0;1419.192;0.0;1330.676;88.516
0;1;109;1229.481;3.739;0.0;0.0;1145.68;0.0;1058.574;87.106
0;1;110;646.678;4.797;0.0;0.0;556.137;0.0;461.178;94.959
0;1;111;510.825;3.814;0.0;0.0;428.228;0.0;342.259;85.97
0;1;112;468.201;4.437;0.0;0.0;361.275;0.0;270.558;90.716
0;1;113;372.61;79.185;0.0;0.0;199.479;0.0;0.0;199.479
0;1;114;196.533;0.0;0.0;0.0;95.674;0.0;8.9;86.775
0;1;115;19.276;0.0;0.0;89.303;0.0;89.303;0.0;0.0
0;1;116;0.0;0.0;0.0;116.126;0.0;116.126;0.0;0.0
0;1;117;0.0;0.0;0.0;116.674;0.0;116.674;0.0;0.0
0;1;118;0.0;0.0;0.0;105.6;0.0;105.6;0.0;0.0
0;1;119;0.0;0.0;0.0;89.315;0.0;89.315;0.0;0.0
0;1;120;0.0;0.0;0.0;17.254;0.0;17.254;0.0;0.0
0;1;121;0.0;0.0;0.0;25.948;0.0;25.948;0.0;0.0
0;1;122;0.0;0.0;0.0;21.824;0.0;21.824;0.0;0.0
0;1;123;0.0;0.0;0.0;24.068;0.0;24.068;0.0;0.0
0;1;124;0.0;0.0;0.0;21.652;0.0;21.652;0.0;0.0
0;1;125;0.0;0.0;0.0;22.917;0.0;22.917;0.0;0.0
0;1;126;4.337;0.0;0.0;29.437;0.0;29.437;0.0;0.0
0;1;127;95.061;11.994;0.0;0.0;0.0;0.0;0.0;0.0
0;1;128;416.208;0.0;0.0;0.0;326.458;0.0;251.899;74.559
0;1;129;779.133;5.003;0.0;0.0;695.581;0.0;619.394;76.187
0;1;130;1088.736;5.753;0.0;0.0;1010.033;0.0;939.028;71.006
0;1;131;1291.693;4.07;0.0;0.0;1216.677;0.0;1142.824;73.853
0;1;132;1410.491;7.963;0.0;0.0;1324.008;0.0;1242.753;81.254
0;1;133;1333.953;4.261;0.0;0.0;1258.413;0.0;1187.745;70.668
0;1;134;1055.165;3.806;0.0;0.0;967.68;0.0;898.76;68.92
0;1;135;747.004;4.048;0.0;0.0;663.205;0.0;597.374;65.831
0;1;136;581.825;3.449;0.0;0.0;491.095;0.0;386.793;104.302
0;1;137;452.442;88.286;0.0;0.0;271.912;0.0;83.388;188.524
0;1;138;201.654;0.0;0.0;0.0;79.994;0.0;0.0;79.994
0;1;139;17.424;0.0;0.0;114.997;0.0;114.997;0.0;0.0
0;1;140;0.0;0.0;0.0;123.776;0.0;123.776;0.0;0.0
0;1;141;0.0;0.0;0.0;100.279;0.0;100.279;0.0;0.0
0;1;142;0.0;0.0;0.0;107.191;0.0;107.191;0.0;0.0
0;1;143;0.0;0.0;0.0;84.711;0.0;84.711;0.0;0.0
0;1;144;0.0;0.0;0.0;17.57;0.0;17.57;0.0;0.0
0;1;145;0.0;0.0;0.0;23.791;0.0;23.791;0.0;0.0
0;1;146;0.0;0.0;0.0;23.035;0.0;23.035;0.0;0.0
0;1;147;0.0;0.0;0.0;22.002;0.0;22.002;0.0;0.0
0;1;148;0.0;0.0;0.0;22.518;0.0;22.518;0.0;0.0
0;1;149;0.0;0.0;0.0;21.913;0.0;21.913;0.0;0.0
0;1;150;2.872;0.0;0.0;23.536;0.0;23.536;0.0;0.0
0;1;151;122.819;0.0;0.0;0.0;57.282;0.0;0.0;57.282
0;1;152;432.204;0.0;0.0;0.0;352.609;0.0;283.769;68.839
0;1;153;786.198;4.736;0.0;0.0;707.477;0.0;624.507;82.97
0;1;154;1092.945;4.145;0.0;0.0;1002.991;0.0;934.936;68.055
0;1;155;1321.567;3.995;0.0;0.0;1239.005;0.0;1168.432;70.573
0;1;156;1447.113;8.771;0.0;0.0;1358.996;0.0;1278.053;80.943
0;1;157;1423.82;3.577;0.0;0.0;1329.46;0.0;1252.663;76.798
0;1;158;1057.64;4.144;0.0;0.0;973.168;0.0;889.67;83.498
0;1;159;924.452;127.23;0.0;0.0;727.324;0.0;466.387;260.937
0;1;160;724.214;0.0;0.0;0.0;642.055;0.0;529.248;112.807
0;1;161;504.424;94.755;0.0;0.0;305.145;0.0;46.835;258.311
0;1;162;194.563;0.0;0.0;0.0;87.678;0.0;0.0;87.678
0;1;163;16.255;0.0;0.0;106.081;0.0;106.081;0.0;0.0
0;1;164;0.0;0.0;0.0;124.667;0.0;124.667;0.0;0.0
0;1;165;0.0;0.0;0.0;123.342;0.0;123.342;0.0;0.0
0;1;166;0.0;0.0;0.0;120.635;0.0;120.635;0.0;0.0
0;1;167;0.0;0.0;0.0;95.676;0.0;95.676;0.0;0.0
0;2;0;0.0;0.0;0.0;16.569;0.0;16.569;0.0;0.0
0;2;1;0.0;0.0;0.0;24.058;0.0;24.058;0.0;0.0
0;2;2;0.0;194.136;0.0;216.218;0.0;216.218;0.0;0.0
0;2;3;0.0;0.0;0.0;22.732;0.0;22.732;0.0;0.0
0;2;4;0.0;80.757;0.0;102.016;0.0;102.016;0.0;0.0
0;2;5;0.0;199.909;0.0;221.765;0.0;221.765;0.0;0.0
0;2;6;0.0;0.0;0.0;24.451;0.0;24.451;0.0;0.0
0;2;7;0.0;0.0;0.0;78.936;0.0;78.936;0.0;0.0
0;2;8;49.865;0.0;0.0;56.673;0.0;56.673;0.0;0.0
0;2;9;235.264;42.813;0.0;0.0;106.051;0.0;0.0;106.051
0;2;10;744.576;87.504;0.0;0.0;575.999;0.0;358.592;217.407
0;2;11;1087.233;77.43;0.0;0.0;946.976;0.0;752.184;194.792
0;2;12;988.05;189.523;0.0;0.0;721.665;0.0;539.834;181.831
0;2;13;611.386;186.641;0.0;0.0;348.517;0.0;0.0;348.517
0;2;14;491.601;186.065;0.0;0.0;228.837;0.0;0.0;228.837
0;2;15;631.459;185.489;0.0;0.0;360.638;0.0;21.612;339.026
0;2;16;310.826;53.587;0.0;0.0;167.222;0.0;0.0;167.222
0;2;17;48.629;33.954;0.0;113.79;0.0;113.79;0.0;0.0
0;2;18;0.0;0.0;0.0;117.045;0.0;117.045;0.0;0.0
0;2;19;0.0;131.067;0.0;246.583;0.0;246.583;0.0;0.0
0;2;20;0.0;73.898;0.0;210.338;0.0;210.338;0.0;0.0
0;2;21;0.0;0.0;0.0;128.435;0.0;128.435;0.0;0.0
0;2;22;0.0;92.567;0.0;211.181;0.0;211.181;0.0;0.0
0;2;23;0.0;0.0;0.0;75.193;0.0;75.193;0.0;0.0
0;2;24;0.0;0.0;0.0;16.598;0.0;16.598;0.0;0.0
0;2;25;0.0;0.0;0.0;25.986;0.0;25.986;0.0;0.0
0;2;26;0.0;0.0;0.0;23.725;0.0;23.725;0.0;0.0
0;2;27;0.0;0.0;0.0;22.308;0.0;22.308;0.0;0.0
0;2;28;0.0;222.482;0.0;243.97;0.0;243.97;0.0;0.0
0;2;29;0.0;0.0;0.0;22.928;0.0;22.928;0.0;0.0
0;2;30;0.0;175.842;0.0;201.694;0.0;201.694;0.0;0.0
0;2;31;0.0;179.061;0.0;261.978;0.0;261.978;0.0;0.0
0;2;32;80.242;162.242;0.0;174.776;0.0;174.776;0.0;0.0
0;2;33;393.467;152.527;0.0;0.0;157.386;0.0;0.0;157.386
0;2;34;615.293;134.758;0.0;0.0;405.989;0.0;119.872;286.117
0;2;35;848.206;207.422;0.0;0.0;578.378;0.0;335.739;242.639
0;2;36;914.591;192.406;0.0;0.0;655.086;0.0;356.541;298.545
0;2;37;782.936;184.337;0.0;0.0;516.947;0.0;176.976;339.971
0;2;38;627.666;177.429;0.0;0.0;369.729;0.0;30.402;339.327
0;2;39;426.762;173.978;0.0;0.0;190.107;0.0;0.0;190.107
0;2;40;114.228;0.0;0.0;0.0;26.542;0.0;0.0;26.542
0;2;41;30.603;59.723;0.0;140.434;0.0;140.434;0.0;0.0
0;2;42;0.0;0.0;0.0;128.916;0.0;128.916;0.0;0.0
0;2;43;0.0;0.0;0.0;117.534;0.0;117.534;0.0;0.0
0;2;44;0.0;0.0;0.0;125.484;0.0;125.484;0.0;0.0
0;2;45;0.0;0.0;0.0;117.909;0.0;117.909;0.0;0.0
0;2;46;0.0;0.0;0.0;101.152;0.0;101.152;0.0;0.0
0;2;47;0.0;0.0;0.0;76.364;0.0;76.364;0.0;0.0
0;2;48;0.0;0.0;0.0;20.281;0.0;20.281;0.0;0.0
0;2;49;0.0;0.0;0.0;21.822;0.0;21.822;0.0;0.0
0;2;50;0.0;0.0;0.0;21.659;0.0;21.659;0.0;0.0
0;2;51;0.0;0.0;0.0;22.291;0.0;22.291;0.0;0.0
0;2;52;0.0;50.174;0.0;72.481;0.0;72.481;0.0;0.0
0;2;53;0.0;72.812;0.0;95.051;0.0;95.051;0.0;0.0
0;2;54;0.0;66.842;0.0;95.969;0.0;95.969;0.0;0.0
0;2;55;0.0;99.627;0.0;171.454;0.0;171.454;0.0;0.0
0;2;56;32.022;99.512;0.0;159.521;0.0;159.521;0.0;0.0
0;2;57;75.067;63.904;0.0;71.192;0.0;71.192;0.0;0.0
0;2;58;276.298;57.096;0.0;0.0;148.749;0.0;0.0;148.749
0;2;59;302.927;88.68;0.0;0.0;150.449;0.0;0.0;150.449
0;2;60;542.656;179.73;0.0;0.0;281.526;0.0;0.0;281.526
0;2;61;510.591;178.004;0.0;0.0;258.433;0.0;0.0;258.433
0;2;62;324.722;30.509;0.0;0.0;213.925;0.0;0.0;213.925
0;2;63;471.499;176.278;0.0;0.0;225.573;0.0;0.0;225.573
0;2;64;60.054;0.0;0.0;25.784;0.0;25.784;0.0;0.0
0;2;65;16.245;0.0;0.0;96.958;0.0;96.958;0.0;0.0
0;2;66;0.0;0.0;0.0;126.611;0.0;126.611;0.0;0.0
0;2;67;0.0;0.0;0.0;125.841;0.0;125.841;0.0;0.0
0;2;68;0.0;0.0;0.0;136.313;0.0;136.313;0.0;0.0
0;2;69;0.0;0.0;0.0;111.207;0.0;111.207;0.0;0.0
0;2;70;0.0;0.0;0.0;124.524;0.0;124.524;0.0;0.0
0;2;71;0.0;0.0;0.0;67.876;0.0;67.876;0.0;0.0
0;2;72;0.0;0.0;0.0;18.428;0.0;18.428;0.0;0.0
0;2;73;0.0;0.0;0.0;26.113;0.0;26.113;0.0;0.0
0;2;74;0.0;0.0;0.0;20.466;0.0;20.466;0.0;0.0
0;2;75;0.0;0.0;0.0;26.362;0.0;26.362;0.0;0.0
0;2;76;0.0;52.739;0.0;75.814;0.0;75.814;0.0;0.0
0;2;77;0.0;60.151;0.0;85.565;0.0;85.565;0.0;0.0
0;2;78;0.0;61.65;0.0;89.18;0.0;89.18;0.0;0.0
0;2;79;0.0;100.717;0.0;140.243;0.0;140.243;0.0;0.0
0;2;80;22.695;174.494;0.0;207.783;0.0;207.783;0.0;0.0
0;2;81;127.604;0.0;0.0;0.0;45.54;0.0;0.0;45.54
0;2;82;482.424;193.559;0.0;0.0;218.386;0.0;0.0;218.386
0;2;83;505.156;186.065;0.0;0.0;255.613;0.0;0.0;255.613
0;2;84;227.137;3.749;0.0;0.0;157.018;0.0;0.0;157.018
0;2;85;252.28;0.0;0.0;0.0;164.749;0.0;0.0;164.749
0;2;86;380.483;151.123;0.0;0.0;170.422;0.0;0.0;170.422
0;2;87;164.111;0.0;0.0;0.0;97.352;0.0;0.0;97.352
0;2;88;43.821;46.626;0.0;88.347;0.0;88.347;0.0;0.0
0;2;89;7.308;0.0;0.0;95.852;0.0;95.852;0.0;0.0
0;2;90;0.0;0.0;0.0;88.756;0.0;88.756;0.0;0.0
0;2;91;0.0;0.0;0.0;102.16;0.0;102.16;0.0;0.0
0;2;92;0.0;189.523;0.0;316.618;0.0;316.618;0.0;0.0
0;2;93;0.0;0.0;0.0;116.732;0.0;116.732;0.0;0.0
0;2;94;0.0;0.0;0.0;105.049;0.0;105.049;0.0;0.0
0;2;95;0.0;0.0;0.0;78.293;0.0;78.293;0.0;0.0
0;2;96;0.0;0.0;0.0;18.844;0.0;18.844;0.0;0.0
0;2;97;0.0;0.0;0.0;26.883;0.0;26.883;0.0;0.0
0;2;98;0.0;97.791;0.0;121.488;0.0;121.488;0.0;0.0
0;2;99;0.0;203.375;0.0;227.935;0.0;227.935;0.0;0.0
0;2;100;0.0;115.794;0.0;137.7;0.0;137.7;0.0;0.0
0;2;101;0.0;0.0;0.0;23.644;0.0;23.644;0.0;0.0
0;2;102;0.0;137.89;0.0;167.037;0.0;167.037;0.0;0.0
0;2;103;0.0;137.404;0.0;202.691;0.0;202.691;0.0;0.0
0;2;104;24.592;119.849;0.0;194.501;0.0;194.501;0.0;0.0
0;2;105;90.014;141.637;0.0;146.235;0.0;146.235;0.0;0.0
0;2;106;181.178;202.219;0.0;124.222;0.0;124.222;0.0;0.0
0;2;107;180.283;95.217;0.0;0.0;0.0;0.0;0.0;0.0
0;2;108;212.337;121.576;0.0;0.0;0.0;0.0;0.0;0.0
0;2;109;148.409;37.511;0.0;0.0;0.0;0.0;0.0;0.0
0;2;110;122.953;39.465;0.0;0.0;0.0;0.0;0.0;0.0
0;2;111;107.449;0.0;0.0;0.0;0.0;0.0;0.0;0.0
0;2;112;58.07;77.523;0.0;123.686;0.0;123.686;0.0;0.0
0;2;113;24.247;73.451;0.0;188.844;0.0;188.844;0.0;0.0
0;2;114;0.0;90.806;0.0;222.466;0.0;222.466;0.0;0.0
0;2;115;0.0;95.121;0.0;221.968;0.0;221.968;0.0;0.0
0;2;116;0.0;102.039;0.0;207.438;0.0;207.438;0.0;0.0
0;2;117;0.0;100.026;0.0;219.866;0.0;219.866;0.0;0.0
0;2;118;0.0;88.861;0.0;188.771;0.0;188.771;0.0;0.0
0;2;119;0.0;206.265;0.0;274.394;0.0;274.394;0.0;0.0
0;2;120;0.0;0.0;0.0;20.172;0.0;20.172;0.0;0.0
0;2;121;0.0;210.893;0.0;237.286;0.0;237.286;0.0;0.0
0;2;122;0.0;17.541;0.0;40.066;0.0;40.066;0.0;0.0
0;2;123;0.0;123.795;0.0;147.1;0.0;147.1;0.0;0.0
0;2;124;0.0;126.699;0.0;148.458;0.0;148.458;0.0;0.0
0;2;125;0.0;129.181;0.0;153.425;0.0;153.425;0.0;0.0
0;2;126;0.0;152.765;0.0;190.587;0.0;190.587;0.0;0.0
0;2;127;0.0;145.207;0.0;229.103;0.0;229.103;0.0;0.0
0;2;128;8.857;125.193;0.0;222.568;0.0;222.568;0.0;0.0
0;2;129;93.329;207.422;0.0;213.554;0.0;213.554;0.0;0.0
0;2;130;203.697;26.508;0.0;0.0;96.638;0.0;0.0;96.638
0;2;131;316.181;103.917;0.0;0.0;148.292;0.0;0.0;148.292
0;2;132;600.539;195.867;0.0;0.0;326.71;0.0;0.0;326.71
0;2;133;704.299;192.406;0.0;0.0;426.962;0.0;67.618;359.344
0;2;134;682.204;191.252;0.0;0.0;418.996;0.0;77.512;341.485
0;2;135;394.253;134.519;0.0;0.0;178.726;0.0;0.0;178.726
0;2;136;186.903;0.0;0.0;0.0;96.166;0.0;0.0;96.166
0;2;137;12.314;0.0;0.0;92.113;0.0;92.113;0.0;0.0
0;2;138;0.0;0.0;0.0;132.304;0.0;132.304;0.0;0.0
0;2;139;0.0;201.642;0.0;327.094;0.0;327.094;0.0;0.0
0;2;140;0.0;0.0;0.0;110.529;0.0;110.529;0.0;0.0
0;2;141;0.0;0.0;0.0;103.225;0.0;103.225;0.0;0.0
0;2;142;0.0;73.624;0.0;173.384;0.0;173.384;0.0;0.0
0;2;143;0.0;0.0;0.0;72.931;0.0;72.931;0.0;0.0
0;2;144;0.0;108.127;0.0;128.216;0.0;128.216;0.0;0.0
0;2;145;0.0;111.336;0.0;138.79;0.0;138.79;0.0;0.0
0;2;146;0.0;116.607;0.0;137.902;0.0;137.902;0.0;0.0
0;2;147;0.0;119.331;0.0;141.474;0.0;141.474;0.0;0.0
0;2;148;0.0;123.115;0.0;144.816;0.0;144.816;0.0;0.0
0;2;149;0.0;123.528;0.0;144.155;0.0;144.155;0.0;0.0
0;2;150;0.0;148.464;0.0;177.923;0.0;177.923;0.0;0.0
0;2;151;0.0;149.092;0.0;223.585;0.0;223.585;0.0;0.0
0;2;152;37.008;210.315;0.0;271.05;0.0;271.05;0.0;0.0
0;2;153;191.24;35.449;0.0;0.0;64.735;0.0;0.0;64.735
0;2;154;277.555;115.643;0.0;0.0;82.679;0.0;0.0;82.679
0;2;155;368.166;107.05;0.0;0.0;196.238;0.0;0.0;196.238
0;2;156;379.588;105.561;0.0;0.0;198.78;0.0;0.0;198.78
0;2;157;453.429;99.738;0.0;0.0;271.73;0.0;0.0;271.73
0;2;158;384.994;174.424;0.0;0.0;123.12;0.0;0.0;123.12
0;2;159;169.146;3.753;0.0;0.0;91.808;0.0;0.0;91.808
0;2;160;209.94;0.0;0.0;0.0;126.213;0.0;0.0;126.213
0;2;161;10.395;57.469;0.0;150.505;0.0;150.505;0.0;0.0
0;2;162;0.0;71.712;0.0;199.761;0.0;199.761;0.0;0.0
0;2;163;0.0;75.142;0.0;218.041;0.0;218.041;0.0;0.0
0;2;164;0.0;74.115;0.0;207.849;0.0;207.849;0.0;0.0
0;2;165;0.0;73.311;0.0;198.239;0.0;198.239;0.0;0.0
0;2;166;0.0;172.407;0.0;277.717;0.0;277.717;0.0;0.0
0;2;167;0.0;194.136;0.0;253.999;0.0;253.999;0.0;0.0
0;3;0;0.0;252.16;0.0;269.844;0.0;269.844;0.0;0.0
0;3;1;0.0;252.744;0.0;284.091;0.0;284.091;0.0;0.0
0;3;2;0.0;250.993;0.0;273.172;0.0;273.172;0.0;0.0
0;3;3;0.0;251.576;0.0;274.669;0.0;274.669;0.0;0.0
0;3;4;0.0;252.16;0.0;273.363;0.0;273.363;0.0;0.0
0;3;5;0.0;256.249;0.0;281.586;0.0;281.586;0.0;0.0
0;3;6;0.0;256.249;0.0;286.023;0.0;286.023;0.0;0.0
0;3;7;0.0;255.665;0.0;340.591;0.0;340.591;0.0;0.0
0;3;8;0.0;253.912;0.0;367.394;0.0;367.394;0.0;0.0
0;3;9;126.28;250.993;0.0;232.339;0.0;232.339;0.0;0.0
0;3;10;243.766;248.075;0.0;83.07;0.0;83.07;0.0;0.0
0;3;11;205.927;245.159;19.73;133.168;0.0;133.168;0.0;0.0
0;3;12;469.041;242.828;30.466;0.0;129.067;0.0;0.0;129.067
0;3;13;868.136;239.916;0.0;0.0;544.715;0.0;0.0;544.715
0;3;14;810.663;227.705;0.0;0.0;500.574;0.0;0.0;500.574
0;3;15;518.778;226.544;0.0;0.0;213.814;0.0;0.0;213.814
0;3;16;113.272;229.448;0.0;221.925;0.0;221.925;0.0;0.0
0;3;17;0.0;234.679;0.0;384.056;0.0;384.056;0.0;0.0
0;3;18;0.0;236.424;0.0;364.176;0.0;364.176;0.0;0.0
0;3;19;0.0;241.663;0.0;368.967;0.0;368.967;0.0;0.0
0;3;20;0.0;243.994;0.0;362.669;0.0;362.669;0.0;0.0
0;3;21;0.0;246.325;0.0;357.218;0.0;357.218;0.0;0.0
0;3;22;0.0;248.075;0.0;362.715;0.0;362.715;0.0;0.0
0;3;23;0.0;250.409;0.0;329.967;0.0;329.967;0.0;0.0
0;3;24;0.0;252.744;0.0;270.821;0.0;270.821;0.0;0.0
0;3;25;0.0;256.249;0.0;282.416;0.0;282.416;0.0;0.0
0;3;26;0.0;256.249;0.0;277.765;0.0;277.765;0.0;0.0
0;3;27;0.0;256.249;0.0;278.019;0.0;278.019;0.0;0.0
0;3;28;0.0;257.418;0.0;279.073;0.0;279.073;0.0;0.0
0;3;29;0.0;258.003;0.0;280.538;0.0;280.538;0.0;0.0
0;3;30;0.0;257.418;0.0;288.853;0.0;288.853;0.0;0.0
0;3;31;0.0;259.757;0.0;345.061;0.0;345.061;0.0;0.0
0;3;32;0.0;256.834;0.0;358.257;0.0;358.257;0.0;0.0
0;3;33;108.607;253.912;0.0;234.95;0.0;234.95;0.0;0.0
0;3;34;419.28;249.242;87.636;0.0;0.0;0.0;0.0;0.0
0;3;35;477.614;248.075;0.0;0.0;152.18;0.0;0.0;152.18
0;3;36;551.903;246.325;0.0;0.0;232.85;0.0;0.0;232.85
0;3;37;398.247;248.075;55.791;0.0;0.0;0.0;0.0;0.0
0;3;38;89.97;248.075;0.0;234.221;0.0;234.221;0.0;0.0
0;3;39;51.231;249.825;0.0;285.354;0.0;285.354;0.0;0.0
0;3;40;12.041;249.242;0.0;340.876;0.0;340.876;0.0;0.0
0;3;41;0.0;250.409;0.0;372.764;0.0;372.764;0.0;0.0
0;3;42;0.0;250.409;0.0;375.123;0.0;375.123;0.0;0.0
0;3;43;0.0;249.242;0.0;386.17;0.0;386.17;0.0;0.0
0;3;44;0.0;247.492;0.0;379.441;0.0;379.441;0.0;0.0
0;3;45;0.0;245.742;0.0;353.991;0.0;353.991;0.0;0.0
0;3;46;0.0;234.743;0.0;341.534;0.0;341.534;0.0;0.0
0;3;47;0.0;230.045;0.0;315.522;0.0;315.522;0.0;0.0
0;3;48;0.0;200.085;0.0;218.083;0.0;218.083;0.0;0.0
0;3;49;0.0;189.431;0.0;211.392;0.0;211.392;0.0;0.0
0;3;50;0.0;182.118;0.0;206.415;0.0;206.415;0.0;0.0
0;3;51;0.0;174.967;0.0;197.687;0.0;197.687;0.0;0.0
0;3;52;0.0;175.277;0.0;197.891;0.0;197.891;0.0;0.0
0;3;53;0.0;174.771;0.0;197.473;0.0;197.473;0.0;0.0
0;3;54;0.0;172.43;0.0;197.72;0.0;197.72;0.0;0.0
0;3;55;0.0;224.222;0.0;297.068;0.0;297.068;0.0;0.0
0;3;56;0.0;225.383;0.0;325.791;0.0;325.791;0.0;0.0
0;3;57;16.386;183.095;0.0;261.795;0.0;261.795;0.0;0.0
0;3;58;74.358;183.378;0.0;213.179;0.0;213.179;0.0;0.0
0;3;59;65.546;179.861;0.0;200.185;0.0;200.185;0.0;0.0
0;3;60;226.885;172.215;0.0;27.574;0.0;27.574;0.0;0.0
0;3;61;511.229;221.902;0.0;0.0;223.471;0.0;0.0;223.471
0;3;62;301.292;119.26;0.0;0.0;112.164;0.0;0.0;112.164
0;3;63;218.193;136.859;0.0;0.0;0.0;0.0;0.0;0.0
0;3;64;27.606;207.832;0.0;284.208;0.0;284.208;0.0;0.0
0;3;65;0.0;220.162;0.0;337.225;0.0;337.225;0.0;0.0
0;3;66;0.0;221.902;0.0;345.625;0.0;345.625;0.0;0.0
0;3;67;0.0;224.802;0.0;371.879;0.0;371.879;0.0;0.0
0;3;68;0.0;227.124;0.0;342.189;0.0;342.189;0.0;0.0
0;3;69;0.0;0.0;0.0;124.495;0.0;124.495;0.0;0.0
0;3;70;0.0;0.0;0.0;111.03;0.0;111.03;0.0;0.0
0;3;71;0.0;166.081;0.0;250.423;0.0;250.423;0.0;0.0
0;3;72;0.0;210.947;0.0;228.127;0.0;228.127;0.0;0.0
0;3;73;0.0;229.448;0.0;258.384;0.0;258.384;0.0;0.0
0;3;74;0.0;230.61;0.0;252.421;0.0;252.421;0.0;0.0
0;3;75;0.0;232.934;0.0;256.857;0.0;256.857;0.0;0.0
0;3;76;0.0;231.191;0.0;254.087;0.0;254.087;0.0;0.0
0;3;77;0.0;231.191;0.0;256.787;0.0;256.787;0.0;0.0
0;3;78;0.0;230.61;0.0;258.9;0.0;258.9;0.0;0.0
0;3;79;0.0;233.516;0.0;268.408;0.0;268.408;0.0;0.0
0;3;80;0.0;233.516;0.0;302.637;0.0;302.637;0.0;0.0
0;3;81;11.943;233.516;0.0;294.616;0.0;294.616;0.0;0.0
0;3;82;23.893;234.097;0.0;301.171;0.0;301.171;0.0;0.0
0;3;83;52.288;234.097;0.0;271.86;0.0;271.86;0.0;0.0
0;3;84;95.632;231.772;0.0;224.155;0.0;224.155;0.0;0.0
0;3;85;563.373;229.448;0.0;0.0;262.935;0.0;0.0;262.935
0;3;86;546.782;232.934;0.0;0.0;250.812;0.0;0.0;250.812
0;3;87;324.919;233.516;30.281;0.0;0.0;0.0;0.0;0.0
0;3;88;36.09;236.424;0.0;287.045;0.0;287.045;0.0;0.0
0;3;89;0.0;237.006;0.0;349.728;0.0;349.728;0.0;0.0
0;3;90;0.0;239.916;0.0;336.327;0.0;336.327;0.0;0.0
0;3;91;0.0;244.577;0.0;352.62;0.0;352.62;0.0;0.0
0;3;92;0.0;247.492;0.0;355.647;0.0;355.647;0.0;0.0
0;3;93;0.0;248.658;0.0;358.861;0.0;358.861;0.0;0.0
0;3;94;0.0;250.993;0.0;356.091;0.0;356.091;0.0;0.0
0;3;95;0.0;251.576;0.0;331.147;0.0;331.147;0.0;0.0
0;3;96;0.0;252.744;0.0;270.965;0.0;270.965;0.0;0.0
0;3;97;0.0;255.081;0.0;287.961;0.0;287.961;0.0;0.0
0;3;98;0.0;255.665;0.0;278.145;0.0;278.145;0.0;0.0
0;3;99;0.0;257.418;0.0;280.813;0.0;280.813;0.0;0.0
0;3;100;0.0;255.081;0.0;278.95;0.0;278.95;0.0;0.0
0;3;101;0.0;251.576;0.0;276.062;0.0;276.062;0.0;0.0
0;3;102;0.0;249.242;0.0;279.0;0.0;279.0;0.0;0.0
0;3;103;0.0;248.075;0.0;312.647;0.0;312.647;0.0;0.0
0;3;104;0.0;243.994;0.0;334.835;0.0;334.835;0.0;0.0
0;3;105;8.99;242.246;0.0;337.863;0.0;337.863;0.0;0.0
0;3;106;31.58;248.075;0.0;337.149;0.0;337.149;0.0;0.0
0;3;107;40.62;249.242;0.0;322.156;0.0;322.156;0.0;0.0
0;3;108;76.795;251.576;0.0;294.293;0.0;294.293;0.0;0.0
0;3;109;89.38;249.242;0.0;265.537;0.0;265.537;0.0;0.0
0;3;110;66.179;248.075;0.0;291.5;0.0;291.5;0.0;0.0
0;3;111;37.585;246.325;0.0;309.422;0.0;309.422;0.0;0.0
0;3;112;5.999;245.159;0.0;373.368;0.0;373.368;0.0;0.0
0;3;113;0.0;244.577;0.0;355.451;0.0;355.451;0.0;0.0
0;3;114;0.0;244.577;0.0;364.891;0.0;364.891;0.0;0.0
0;3;115;0.0;243.994;0.0;382.977;0.0;382.977;0.0;0.0
0;3;116;0.0;242.246;0.0;363.572;0.0;363.572;0.0;0.0
0;3;117;0.0;242.246;0.0;366.413;0.0;366.413;0.0;0.0
0;3;118;0.0;241.663;17.771;366.387;0.0;366.387;0.0;0.0
0;3;119;0.0;242.828;88.031;403.747;0.0;403.747;0.0;0.0
0;3;120;0.0;242.828;88.031;347.743;0.0;347.743;0.0;0.0
0;3;121;0.0;243.994;88.031;355.494;0.0;355.494;0.0;0.0
0;3;122;0.0;247.492;88.031;358.475;0.0;358.475;0.0;0.0
0;3;123;0.0;251.576;88.031;360.911;0.0;360.911;0.0;0.0
0;3;124;0.0;256.249;88.031;365.841;0.0;365.841;0.0;0.0
0;3;125;0.0;259.757;88.031;369.379;0.0;369.379;0.0;0.0
0;3;126;0.0;259.173;88.031;374.707;0.0;374.707;0.0;0.0
0;3;127;0.0;259.757;88.031;418.007;0.0;418.007;0.0;0.0
0;3;128;0.0;258.003;88.031;463.352;0.0;463.352;0.0;0.0
0;3;129;28.368;255.081;88.031;404.889;0.0;404.889;0.0;0.0
0;3;130;74.396;249.242;88.031;362.256;0.0;362.256;0.0;0.0
0;3;131;69.183;248.075;88.031;361.821;0.0;361.821;0.0;0.0
0;3;132;187.266;246.909;88.031;228.896;0.0;228.896;0.0;0.0
0;3;133;208.862;243.994;88.031;206.98;0.0;206.98;0.0;0.0
0;3;134;51.047;244.577;88.031;366.184;0.0;366.184;0.0;0.0
0;3;135;33.057;245.742;88.031;396.882;0.0;396.882;0.0;0.0
0;3;136;2.996;244.577;88.031;445.422;0.0;445.422;0.0;0.0
0;3;137;0.0;248.075;88.031;447.564;0.0;447.564;0.0;0.0
0;3;138;0.0;249.242;88.031;456.87;0.0;456.87;0.0;0.0
0;3;139;0.0;250.993;88.031;478.473;0.0;478.473;0.0;0.0
0;3;140;0.0;253.912;88.031;465.863;0.0;465.863;0.0;0.0
0;3;141;0.0;255.665;88.031;480.811;0.0;480.811;0.0;0.0
0;3;142;0.0;257.418;88.031;457.458;0.0;457.458;0.0;0.0
0;3;143;0.0;258.588;88.031;431.442;0.0;431.442;0.0;0.0
0;3;144;0.0;255.081;88.031;360.055;0.0;360.055;0.0;0.0
0;3;145;0.0;258.003;88.031;372.047;0.0;372.047;0.0;0.0
0;3;146;0.0;256.834;88.031;366.662;0.0;366.662;0.0;0.0
0;3;147;0.0;259.757;88.031;374.835;0.0;374.835;0.0;0.0
0;3;148;0.0;258.588;88.031;369.072;0.0;369.072;0.0;0.0
0;3;149;0.0;259.173;88.031;372.505;0.0;372.505;0.0;0.0
0;3;150;0.0;257.418;88.031;378.558;0.0;378.558;0.0;0.0
0;3;151;0.0;255.081;88.031;422.914;0.0;422.914;0.0;0.0
0;3;152;0.0;252.744;88.031;446.469;0.0;446.469;0.0;0.0
0;3;153;100.464;243.411;71.256;315.667;0.0;315.667;0.0;0.0
0;3;154;280.617;239.334;36.82;75.972;0.0;75.972;0.0;0.0
0;3;155;137.379;232.934;0.0;167.94;0.0;167.94;0.0;0.0
0;3;156;85.131;231.191;0.0;231.188;0.0;231.188;0.0;0.0
0;3;157;96.225;229.448;0.0;219.371;0.0;219.371;0.0;0.0
0;3;158;65.702;232.353;0.0;259.448;0.0;259.448;0.0;0.0
0;3;159;28.345;231.191;0.0;290.975;0.0;290.975;0.0;0.0
0;3;160;13.435;230.029;0.0;331.948;0.0;331.948;0.0;0.0
0;3;161;0.0;229.448;0.0;360.233;0.0;360.233;0.0;0.0
0;3;162;0.0;229.448;0.0;352.504;0.0;352.504;0.0;0.0
0;3;163;0.0;229.448;0.0;360.836;0.0;360.836;0.0;0.0
0;3;164;0.0;227.124;0.0;346.663;0.0;346.663;0.0;0.0
0;3;165;0.0;227.705;0.0;334.516;0.0;334.516;0.0;0.0
0;3;166;0.0;228.286;0.0;345.557;0.0;345.557;0.0;0.0
0;3;167;0.0;230.61;0.0;308.079;0.0;308.079;0.0;0.0
5;0;0;0.0;235.261;0.0;252.334;0.0;252.334;0.0;0.0
5;0;1;0.0;237.588;0.0;261.636;0.0;261.636;0.0;0.0
5;0;2;0.0;171.212;0.0;192.718;0.0;192.718;0.0;0.0
5;0;3;0.0;243.994;0.0;267.608;0.0;267.608;0.0;0.0
5;0;4;0.0;244.577;0.0;268.226;0.0;268.226;0.0;0.0
5;0;5;0.0;243.411;0.0;268.803;0.0;268.803;0.0;0.0
5;0;6;0.0;241.081;0.0;267.149;0.0;267.149;0.0;0.0
5;0;7;1.491;235.842;0.0;304.181;0.0;304.181;0.0;0.0
5;0;8;20.855;228.867;0.0;311.566;0.0;311.566;0.0;0.0
5;0;9;209.246;0.0;0.0;0.0;123.587;0.0;0.0;123.587
5;0;10;217.791;0.0;0.0;0.0;140.676;0.0;0.0;140.676
5;0;11;122.2;0.0;0.0;0.0;47.052;0.0;0.0;47.052
5;0;12;422.152;121.387;0.0;0.0;235.901;0.0;0.0;235.901
5;0;13;660.977;199.909;0.0;0.0;382.269;0.0;0.0;382.269
5;0;14;473.762;179.801;0.0;0.0;213.202;0.0;0.0;213.202
5;0;15;185.298;0.0;0.0;0.0;114.548;0.0;0.0;114.548
5;0;16;116.073;0.0;0.0;0.0;28.187;0.0;0.0;28.187
5;0;17;66.516;210.315;0.0;255.256;0.0;255.256;0.0;0.0
5;0;18;26.653;210.315;0.0;312.839;0.0;312.839;0.0;0.0
5;0;19;0.0;212.63;0.0;348.39;0.0;348.39;0.0;0.0
5;0;20;0.0;213.788;0.0;351.967;0.0;351.967;0.0;0.0
5;0;21;0.0;221.902;0.0;346.475;0.0;346.475;0.0;0.0
5;0;22;0.0;234.097;0.0;330.445;0.0;330.445;0.0;0.0
5;0;23;0.0;0.0;0.0;83.576;0.0;83.576;0.0;0.0
5;0;24;0.0;190.29;0.0;207.602;0.0;207.602;0.0;0.0
5;0;25;0.0;240.498;0.0;268.045;0.0;268.045;0.0;0.0
5;0;26;0.0;242.246;0.0;266.183;0.0;266.183;0.0;0.0
5;0;27;0.0;243.994;0.0;267.964;0.0;267.964;0.0;0.0
5;0;28;0.0;243.994;0.0;265.334;0.0;265.334;0.0;0.0
5;0;29;0.0;244.577;0.0;268.301;0.0;268.301;0.0;0.0
5;0;30;0.0;248.658;0.0;277.35;0.0;277.35;0.0;0.0
5;0;31;1.5;248.658;0.0;322.181;0.0;322.181;0.0;0.0
5;0;32;89.181;248.075;0.0;264.194;0.0;264.194;0.0;0.0
5;0;33;189.942;110.125;0.0;0.0;0.0;0.0;0.0;0.0
5;0;34;205.243;126.197;0.0;0.0;0.0;0.0;0.0;0.0
5;0;35;173.812;98.798;0.0;0.0;0.0;0.0;0.0;0.0
5;0;36;153.455;82.536;0.0;0.0;0.0;0.0;0.0;0.0
5;0;37;128.677;49.73;0.0;0.0;0.0;0.0;0.0;0.0
5;0;38;148.907;72.671;0.0;0.0;0.0;0.0;0.0;0.0
5;0;39;231.31;153.15;0.0;0.0;0.0;0.0;0.0;0.0
5;0;40;145.627;64.828;0.0;0.0;0.0;0.0;0.0;0.0
5;0;41;50.759;155.431;0.0;208.989;0.0;208.989;0.0;0.0
5;0;42;14.922;169.229;0.0;287.301;0.0;287.301;0.0;0.0
5;0;43;0.0;175.095;0.0;301.117;0.0;301.117;0.0;0.0
5;0;44;0.0;181.775;0.0;311.103;0.0;311.103;0.0;0.0
5;0;45;0.0;185.609;0.0;301.779;0.0;301.779;0.0;0.0
5;0;46;0.0;162.004;0.0;282.193;0.0;282.193;0.0;0.0
5;0;47;0.0;169.807;0.0;243.289;0.0;243.289;0.0;0.0
5;0;48;0.0;156.24;0.0;173.272;0.0;173.272;0.0;0.0
5;0;49;0.0;154.434;0.0;180.112;0.0;180.112;0.0;0.0
5;0;50;0.0;156.022;0.0;179.34;0.0;179.34;0.0;0.0
5;0;51;0.0;194.775;0.0;216.656;0.0;216.656;0.0;0.0
5;0;52;0.0;231.772;0.0;252.078;0.0;252.078;0.0;0.0
5;0;53;0.0;231.772;0.0;253.282;0.0;253.282;0.0;0.0
5;0;54;0.0;230.61;0.0;257.466;0.0;257.466;0.0;0.0
5;0;55;2.975;228.867;0.0;292.238;0.0;292.238;0.0;0.0
5;0;56;64.212;228.867;0.0;257.399;0.0;257.399;0.0;0.0
5;0;57;151.97;0.0;0.0;0.0;69.705;0.0;0.0;69.705
5;0;58;315.687;48.592;0.0;0.0;189.213;0.0;0.0;189.213
5;0;59;642.212;175.399;0.0;0.0;405.963;0.0;0.0;405.963
5;0;60;736.963;209.736;0.0;0.0;461.063;0.0;74.552;386.51
5;0;61;399.111;0.0;0.0;0.0;326.115;0.0;0.0;326.115
5;0;62;415.754;77.66;0.0;0.0;263.268;0.0;0.0;263.268
5;0;63;872.12;199.909;0.0;0.0;603.52;0.0;227.441;376.08
5;0;64;543.904;198.176;0.0;0.0;263.646;0.0;0.0;263.646
5;0;65;203.575;0.0;0.0;0.0;122.353;0.0;0.0;122.353
5;0;66;44.972;0.0;0.0;68.384;0.0;68.384;0.0;0.0
5;0;67;0.0;202.219;0.0;331.029;0.0;331.029;0.0;0.0
5;0;68;0.0;0.0;0.0;124.094;0.0;124.094;0.0;0.0
5;0;69;0.0;0.0;0.0;126.043;0.0;126.043;0.0;0.0
5;0;70;0.0;66.318;0.0;188.486;0.0;188.486;0.0;0.0
5;0;71;0.0;82.779;0.0;162.378;0.0;162.378;0.0;0.0
5;0;72;0.0;209.736;0.0;227.505;0.0;227.505;0.0;0.0
5;0;73;0.0;27.269;0.0;53.174;0.0;53.174;0.0;0.0
5;0;74;0.0;213.209;0.0;234.287;0.0;234.287;0.0;0.0
5;0;75;0.0;213.209;0.0;236.219;0.0;236.219;0.0;0.0
5;0;76;0.0;211.472;0.0;232.575;0.0;232.575;0.0;0.0
5;0;77;0.0;210.893;0.0;231.676;0.0;231.676;0.0;0.0
5;0;78;0.0;210.893;0.0;238.311;0.0;238.311;0.0;0.0
5;0;79;0.0;210.315;0.0;252.49;0.0;252.49;0.0;0.0
5;0;80;44.321;208.579;0.0;218.747;0.0;218.747;0.0;0.0
5;0;81;101.23;0.0;0.0;0.0;36.837;0.0;0.0;36.837
5;0;82;140.443;0.0;0.0;0.0;54.793;0.0;0.0;54.793
5;0;83;161.225;0.0;0.0;0.0;87.594;0.0;0.0;87.594
5;0;84;177.993;0.0;0.0;0.0;106.72;0.0;0.0;106.72
5;0;85;180.952;0.0;0.0;0.0;109.296;0.0;0.0;109.296
5;0;86;88.343;0.0;0.0;0.0;15.971;0.0;0.0;15.971
5;0;87;131.276;54.825;0.0;0.0;8.548;0.0;0.0;8.548
5;0;88;108.999;45.48;0.0;0.0;0.0;0.0;0.0;0.0
5;0;89;51.48;201.064;0.0;252.068;0.0;252.068;0.0;0.0
5;0;90;13.321;216.105;0.0;314.364;0.0;314.364;0.0;0.0
5;0;91;0.0;216.684;0.0;327.27;0.0;327.27;0.0;0.0
5;0;92;0.0;219.002;0.0;319.348;0.0;319.348;0.0;0.0
5;0;93;0.0;220.742;0.0;341.197;0.0;341.197;0.0;0.0
5;0;94;0.0;65.468;0.0;153.784;0.0;153.784;0.0;0.0
5;0;95;0.0;227.124;0.0;304.441;0.0;304.441;0.0;0.0
5;0;96;0.0;230.61;0.0;247.154;0.0;247.154;0.0;0.0
5;0;97;0.0;186.5;0.0;219.554;0.0;219.554;0.0;0.0
5;0;98;0.0;172.909;0.0;195.821;0.0;195.821;0.0;0.0
5;0;99;0.0;0.0;0.0;21.75;0.0;21.75;0.0;0.0
5;0;100;0.0;0.0;0.0;22.41;0.0;22.41;0.0;0.0
5;0;101;0.0;245.742;0.0;272.03;0.0;272.03;0.0;0.0
5;0;102;0.0;245.159;0.0;274.027;0.0;274.027;0.0;0.0
5;0;103;2.997;243.994;0.0;300.473;0.0;300.473;0.0;0.0
5;0;104;222.773;0.0;0.0;0.0;162.026;0.0;0.0;162.026
5;0;105;554.185;242.246;0.0;0.0;235.104;0.0;0.0;235.104
5;0;106;774.426;239.334;0.0;0.0;440.82;0.0;0.0;440.82
5;0;107;294.659;26.432;0.0;0.0;188.442;0.0;0.0;188.442
5;0;108;551.929;235.261;0.0;0.0;231.793;0.0;0.0;231.793
5;0;109;463.24;172.394;0.0;0.0;196.476;0.0;0.0;196.476
5;0;110;529.549;230.029;0.0;0.0;227.276;0.0;0.0;227.276
5;0;111;320.61;31.018;0.0;0.0;209.023;0.0;0.0;209.023
5;0;112;648.809;228.286;0.0;0.0;345.118;0.0;0.0;345.118
5;0;113;599.191;227.124;0.0;0.0;273.807;0.0;0.0;273.807
5;0;114;182.307;0.0;0.0;0.0;81.547;0.0;0.0;81.547
5;0;115;1.486;229.448;0.0;358.531;0.0;358.531;0.0;0.0
5;0;116;0.0;230.029;0.0;339.876;0.0;339.876;0.0;0.0
5;0;117;0.0;231.772;0.0;341.119;0.0;341.119;0.0;0.0
5;0;118;0.0;238.752;0.0;340.604;0.0;340.604;0.0;0.0
5;0;119;0.0;242.828;0.0;323.313;0.0;323.313;0.0;0.0
5;0;120;0.0;250.409;0.0;267.573;0.0;267.573;0.0;0.0
5;0;121;0.0;249.242;0.0;281.942;0.0;281.942;0.0;0.0
5;0;122;0.0;251.576;0.0;276.088;0.0;276.088;0.0;0.0
5;0;123;0.0;249.242;0.0;273.351;0.0;273.351;0.0;0.0
5;0;124;0.0;247.492;0.0;269.491;0.0;269.491;0.0;0.0
5;0;125;0.0;249.825;0.0;273.297;0.0;273.297;0.0;0.0
5;0;126;0.0;248.075;0.0;278.025;0.0;278.025;0.0;0.0
5;0;127;13.49;246.909;0.0;323.124;0.0;323.124;0.0;0.0
5;0;128;90.765;248.658;0.0;262.286;0.0;262.286;0.0;0.0
5;0;129;180.473;0.0;0.0;0.0;110.157;0.0;0.0;110.157
5;0;130;409.78;141.499;0.0;0.0;183.58;0.0;0.0;183.58
5;0;131;337.381;88.318;0.0;0.0;175.533;0.0;0.0;175.533
5;0;132;188.152;53.976;0.0;0.0;64.656;0.0;0.0;64.656
5;0;133;349.608;163.129;0.0;0.0;111.776;0.0;0.0;111.776
5;0;134;532.53;224.802;0.0;0.0;236.984;0.0;0.0;236.984
5;0;135;383.464;126.664;0.0;0.0;182.656;0.0;0.0;182.656
5;0;136;81.963;229.448;0.0;242.591;0.0;242.591;0.0;0.0
5;0;137;97.448;176.295;0.0;207.327;0.0;207.327;0.0;0.0
5;0;138;36.027;234.679;0.0;325.755;0.0;325.755;0.0;0.0
5;0;139;1.491;235.261;0.0;376.744;0.0;376.744;0.0;0.0
5;0;140;0.0;234.679;0.0;354.975;0.0;354.975;0.0;0.0
5;0;141;0.0;236.424;0.0;337.287;0.0;337.287;0.0;0.0
5;0;142;0.0;236.424;0.0;361.839;0.0;361.839;0.0;0.0
5;0;143;0.0;0.0;0.0;69.165;0.0;69.165;0.0;0.0
5;0;144;0.0;0.0;0.0;17.667;0.0;17.667;0.0;0.0
5;0;145;0.0;253.912;0.0;285.82;0.0;285.82;0.0;0.0
5;0;146;0.0;254.496;0.0;277.133;0.0;277.133;0.0;0.0
5;0;147;0.0;253.912;0.0;277.707;0.0;277.707;0.0;0.0
5;0;148;0.0;255.081;0.0;279.805;0.0;279.805;0.0;0.0
5;0;149;0.0;255.665;0.0;282.505;0.0;282.505;0.0;0.0
5;0;150;0.0;252.16;0.0;284.652;0.0;284.652;0.0;0.0
5;0;151;3.005;250.409;0.0;327.596;0.0;327.596;0.0;0.0
5;0;152;49.69;249.242;0.0;302.431;0.0;302.431;0.0;0.0
5;0;153;160.189;248.075;0.0;168.582;0.0;168.582;0.0;0.0
5;0;154;399.351;135.886;0.0;0.0;182.961;0.0;0.0;182.961
5;0;155;756.566;241.663;0.0;0.0;446.429;0.0;28.359;418.07
5;0;156;643.497;235.261;0.0;0.0;324.188;0.0;0.0;324.188
5;0;157;1131.56;230.029;0.0;0.0;821.184;0.0;416.519;404.665
5;0;158;978.639;226.544;0.0;0.0;669.474;0.0;272.985;396.489
5;0;159;867.587;223.642;0.0;0.0;573.049;0.0;173.458;399.591
5;0;160;739.873;223.062;0.0;0.0;424.72;0.0;13.529;411.192
5;0;161;431.494;115.103;0.0;0.0;220.513;0.0;0.0;220.513
5;0;162;62.406;225.383;0.0;280.553;0.0;280.553;0.0;0.0
5;0;163;0.0;230.029;0.0;350.514;0.0;350.514;0.0;0.0
5;0;164;0.0;231.772;0.0;358.232;0.0;358.232;0.0;0.0
5;0;165;0.0;0.0;0.0;114.182;0.0;114.182;0.0;0.0
5;0;166;0.0;125.086;0.0;236.831;0.0;236.831;0.0;0.0
5;0;167;0.0;0.0;0.0;74.091;0.0;74.091;0.0;0.0
5;1;0;0.0;0.0;0.0;17.989;0.0;17.989;0.0;0.0
5;1;1;0.0;0.0;0.0;23.255;0.0;23.255;0.0;0.0
5;1;2;0.0;0.0;0.0;23.143;0.0;23.143;0.0;0.0
5;1;3;0.0;0.0;0.0;21.498;0.0;21.498;0.0;0.0
5;1;4;0.0;0.0;0.0;20.967;0.0;20.967;0.0;0.0
5;1;5;0.0;0.0;0.0;22.931;0.0;22.931;0.0;0.0
5;1;6;14.907;0.0;0.0;19.83;0.0;19.83;0.0;0.0
5;1;7;163.372;0.0;0.0;0.0;100.527;0.0;45.012;55.515
5;1;8;460.485;0.0;0.0;0.0;382.984;0.0;308.826;74.158
5;1;9;792.774;0.0;0.0;0.0;715.664;0.0;642.648;73.016
5;1;10;1055.723;0.0;0.0;0.0;974.646;0.0;888.379;86.268
5;1;11;1196.619;0.0;0.0;0.0;1118.699;0.0;1053.577;65.123
5;1;12;1306.537;0.0;0.0;0.0;1232.364;0.0;1157.301;75.063
5;1;13;1463.742;0.0;0.0;0.0;1379.892;0.0;1301.826;78.067
5;1;14;1198.998;0.0;0.0;0.0;1125.347;0.0;1053.014;72.333
5;1;15;817.84;0.0;0.0;0.0;740.933;0.0;681.885;59.048
5;1;16;558.875;0.0;0.0;0.0;472.095;0.0;393.334;78.761
5;1;17;338.396;56.378;0.0;0.0;170.728;0.0;51.109;119.619
5;1;18;148.427;0.0;0.0;0.0;41.366;0.0;0.0;41.366
5;1;19;5.725;0.0;0.0;116.646;0.0;116.646;0.0;0.0
5;1;20;0.0;0.0;0.0;124.403;0.0;124.403;0.0;0.0
5;1;21;0.0;0.0;0.0;111.132;0.0;111.132;0.0;0.0
5;1;22;0.0;0.0;0.0;104.452;0.0;104.452;0.0;0.0
5;1;23;0.0;0.0;0.0;77.846;0.0;77.846;0.0;0.0
5;1;24;0.0;0.0;0.0;17.355;0.0;17.355;0.0;0.0
5;1;25;0.0;0.0;0.0;26.723;0.0;26.723;0.0;0.0
5;1;26;0.0;0.0;0.0;23.085;0.0;23.085;0.0;0.0
5;1;27;0.0;0.0;0.0;23.11;0.0;23.11;0.0;0.0
5;1;28;0.0;0.0;0.0;24.173;0.0;24.173;0.0;0.0
5;1;29;0.0;0.0;0.0;25.641;0.0;25.641;0.0;0.0
5;1;30;12.127;0.0;0.0;16.149;0.0;16.149;0.0;0.0
5;1;31;151.202;9.503;0.0;0.0;74.852;0.0;0.0;74.852
5;1;32;447.646;4.188;0.0;0.0;366.549;0.0;290.171;76.377
5;1;33;752.485;3.981;0.0;0.0;673.066;0.0;603.25;69.817
5;1;34;974.467;3.725;0.0;0.0;895.173;0.0;807.874;87.3
5;1;35;1177.714;3.872;0.0;0.0;1095.264;0.0;1029.1;66.164
5;1;36;1427.513;7.825;0.0;0.0;1358.763;0.0;1284.353;74.41
5;1;37;1456.308;2.973;0.0;0.0;1381.14;0.0;1310.439;70.701
5;1;38;1363.277;3.633;0.0;0.0;1283.602;0.0;1217.848;65.754
5;1;39;1155.774;6.977;0.0;0.0;1074.938;0.0;1000.09;74.849
5;1;40;865.415;0.0;0.0;0.0;783.343;0.0;703.571;79.772
5;1;41;515.81;98.9;0.0;0.0;328.747;0.0;159.509;169.238
5;1;42;227.674;0.0;0.0;0.0;129.277;0.0;45.969;83.308
5;1;43;22.031;0.0;0.0;100.453;0.0;100.453;0.0;0.0
5;1;44;0.0;0.0;0.0;131.598;0.0;131.598;0.0;0.0
5;1;45;0.0;0.0;0.0;118.838;0.0;118.838;0.0;0.0
5;1;46;0.0;0.0;0.0;107.994;0.0;107.994;0.0;0.0
5;1;47;0.0;0.0;0.0;70.285;0.0;70.285;0.0;0.0
5;1;48;0.0;0.0;0.0;17.385;0.0;17.385;0.0;0.0
5;1;49;0.0;0.0;0.0;24.797;0.0;24.797;0.0;0.0
5;1;50;0.0;0.0;0.0;24.379;0.0;24.379;0.0;0.0
5;1;51;0.0;0.0;0.0;23.103;0.0;23.103;0.0;0.0
5;1;52;0.0;0.0;0.0;21.947;0.0;21.947;0.0;0.0
5;1;53;0.0;0.0;0.0;22.954;0.0;22.954;0.0;0.0
5;1;54;7.2;0.0;0.0;28.043;0.0;28.043;0.0;0.0
5;1;55;91.203;0.0;0.0;0.0;36.113;0.0;0.0;36.113
5;1;56;360.89;0.0;0.0;0.0;285.456;0.0;207.64;77.816
5;1;57;680.976;0.0;0.0;0.0;621.287;0.0;564.974;56.314
5;1;58;953.877;4.61;0.0;0.0;863.902;0.0;776.489;87.413
5;1;59;1143.56;3.9;0.0;0.0;1067.371;0.0;983.86;83.511
5;1;60;1310.13;3.515;0.0;0.0;1234.961;0.0;1161.59;73.371
5;1;61;1172.06;3.11;0.0;0.0;1090.585;0.0;1022.927;67.658
5;1;62;772.069;4.101;0.0;0.0;694.305;0.0;625.216;69.089
5;1;63;323.507;109.713;0.0;0.0;138.018;0.0;0.0;138.018
5;1;64;521.817;0.0;0.0;0.0;449.551;0.0;337.109;112.441
5;1;65;401.173;0.0;0.0;0.0;306.829;0.0;230.848;75.981
5;1;66;165.212;0.0;0.0;0.0;59.226;0.0;0.0;59.226
5;1;67;20.052;0.0;0.0;104.112;0.0;104.112;0.0;0.0
5;1;68;0.0;0.0;0.0;131.535;0.0;131.535;0.0;0.0
5;1;69;0.0;0.0;0.0;115.146;0.0;115.146;0.0;0.0
5;1;70;0.0;0.0;0.0;119.896;0.0;119.896;0.0;0.0
5;1;71;0.0;0.0;0.0;84.662;0.0;84.662;0.0;0.0
5;1;72;0.0;0.0;0.0;17.365;0.0;17.365;0.0;0.0
5;1;73;0.0;0.0;0.0;24.07;0.0;24.07;0.0;0.0
5;1;74;0.0;0.0;0.0;22.578;0.0;22.578;0.0;0.0
5;1;75;0.0;0.0;0.0;22.352;0.0;22.352;0.0;0.0
5;1;76;0.0;0.0;0.0;24.16;0.0;24.16;0.0;0.0
5;1;77;0.0;0.0;0.0;23.863;0.0;23.863;0.0;0.0
5;1;78;8.712;0.0;0.0;15.871;0.0;15.871;0.0;0.0
5;1;79;114.234;0.0;0.0;0.0;71.997;0.0;45.491;26.506
5;1;80;409.937;0.0;0.0;0.0;366.016;0.0;307.829;58.186
5;1;81;786.502;4.411;0.0;0.0;718.248;0.0;637.668;80.58
5;1;82;1096.43;4.418;0.0;0.0;1033.2;0.0;951.494;81.706
5;1;83;1325.353;4.235;0.0;0.0;1257.003;0.0;1182.682;74.321
5;1;84;1421.299;3.386;0.0;0.0;1345.092;0.0;1266.26;78.832
5;1;85;1321.266;4.315;0.0;0.0;1236.898;0.0;1165.99;70.908
5;1;86;1163.54;3.339;0.0;0.0;1101.806;0.0;1024.883;76.923
5;1;87;1085.292;91.526;0.0;0.0;918.907;0.0;734.971;183.936
5;1;88;607.557;0.0;0.0;0.0;538.665;0.0;463.068;75.597
5;1;89;327.027;0.0;0.0;0.0;233.934;0.0;143.897;90.038
5;1;90;209.593;0.0;0.0;0.0;102.358;0.0;26.948;75.409
5;1;91;20.62;0.0;0.0;72.84;0.0;72.84;0.0;0.0
5;1;92;0.0;0.0;0.0;98.34;0.0;98.34;0.0;0.0
5;1;93;0.0;0.0;0.0;103.639;0.0;103.639;0.0;0.0
5;1;94;0.0;0.0;0.0;107.166;0.0;107.166;0.0;0.0
5;1;95;0.0;0.0;0.0;69.617;0.0;69.617;0.0;0.0
5;1;96;0.0;0.0;0.0;19.569;0.0;19.569;0.0;0.0
5;1;97;0.0;0.0;0.0;30.595;0.0;30.595;0.0;0.0
5;1;98;0.0;0.0;0.0;24.166;0.0;24.166;0.0;0.0
5;1;99;0.0;0.0;0.0;22.786;0.0;22.786;0.0;0.0
5;1;100;0.0;0.0;0.0;24.026;0.0;24.026;0.0;0.0
5;1;101;0.0;0.0;0.0;23.977;0.0;23.977;0.0;0.0
5;1;102;7.247;0.0;0.0;22.416;0.0;22.416;0.0;0.0
5;1;103;126.251;0.0;0.0;0.0;68.53;0.0;26.54;41.99
5;1;104;327.165;0.0;0.0;0.0;262.428;0.0;202.323;60.105
5;1;105;369.818;4.375;0.0;0.0;281.703;0.0;175.517;106.186
5;1;106;788.79;4.104;0.0;0.0;698.849;0.0;607.984;90.865
5;1;107;1352.389;4.531;0.0;0.0;1252.446;0.0;1157.067;95.38
5;1;108;1514.143;8.016;0.0;0.0;1420.114;0.0;1332.678;87.436
5;1;109;1229.481;3.354;0.0;0.0;1146.066;0.0;1059.499;86.566
5;1;110;646.678;4.302;0.0;0.0;556.632;0.0;462.255;94.377
5;1;111;510.825;3.421;0.0;0.0;428.622;0.0;343.348;85.274
5;1;112;468.201;3.979;0.0;0.0;361.732;0.0;274.913;86.82
5;1;113;372.61;69.864;0.0;0.0;208.8;0.0;17.461;191.34
5;1;114;196.533;0.0;0.0;0.0;95.674;0.0;8.9;86.775
5;1;115;19.276;0.0;0.0;89.303;0.0;89.303;0.0;0.0
5;1;116;0.0;0.0;0.0;116.126;0.0;116.126;0.0;0.0
5;1;117;0.0;0.0;0.0;116.674;0.0;116.674;0.0;0.0
5;1;118;0.0;0.0;0.0;105.6;0.0;105.6;0.0;0.0
5;1;119;0.0;0.0;0.0;89.315;0.0;89.315;0.0;0.0
5;1;120;0.0;0.0;0.0;17.254;0.0;17.254;0.0;0.0
5;1;121;0.0;0.0;0.0;25.948;0.0;25.948;0.0;0.0
5;1;122;0.0;0.0;0.0;21.824;0.0;21.824;0.0;0.0
5;1;123;0.0;0.0;0.0;24.068;0.0;24.068;0.0;0.0
5;1;124;0.0;0.0;0.0;21.652;0.0;21.652;0.0;0.0
5;1;125;0.0;0.0;0.0;22.917;0.0;22.917;0.0;0.0
5;1;126;4.337;0.0;0.0;29.437;0.0;29.437;0.0;0.0
5;1;127;95.061;11.994;0.0;0.0;0.0;0.0;0.0;0.0
5;1;128;416.208;0.0;0.0;0.0;326.458;0.0;251.899;74.559
5;1;129;779.133;4.487;0.0;0.0;696.097;0.0;620.631;75.466
5;1;130;1088.736;5.16;0.0;0.0;1010.627;0.0;940.303;70.323
5;1;131;1291.693;3.65;0.0;0.0;1217.097;0.0;1143.883;73.214
5;1;132;1410.491;7.141;0.0;0.0;1324.829;0.0;1244.653;80.176
5;1;133;1333.953;3.822;0.0;0.0;1258.853;0.0;1188.706;70.146
5;1;134;1055.165;3.414;0.0;0.0;968.073;0.0;899.699;68.373
5;1;135;747.004;3.63;0.0;0.0;663.623;0.0;598.402;65.221
5;1;136;581.825;3.093;0.0;0.0;491.451;0.0;387.6;103.851
5;1;137;452.442;79.176;0.0;0.0;281.021;0.0;103.22;177.802
5;1;138;201.654;0.0;0.0;0.0;79.994;0.0;0.0;79.994
5;1;139;17.424;0.0;0.0;114.997;0.0;114.997;0.0;0.0
5;1;140;0.0;0.0;0.0;123.776;0.0;123.776;0.0;0.0
5;1;141;0.0;0.0;0.0;100.279;0.0;100.279;0.0;0.0
5;1;142;0.0;0.0;0.0;107.191;0.0;107.191;0.0;0.0
5;1;143;0.0;0.0;0.0;84.711;0.0;84.711;0.0;0.0
5;1;144;0.0;0.0;0.0;17.57;0.0;17.57;0.0;0.0
5;1;145;0.0;0.0;0.0;23.791;0.0;23.791;0.0;0.0
5;1;146;0.0;0.0;0.0;23.035;0.0;23.035;0.0;0.0
5;1;147;0.0;0.0;0.0;22.002;0.0;22.002;0.0;0.0
5;1;148;0.0;0.0;0.0;22.518;0.0;22.518;0.0;0.0
5;1;149;0.0;0.0;0.0;21.913;0.0;21.913;0.0;0.0
5;1;150;2.872;0.0;0.0;23.536;0.0;23.536;0.0;0.0
5;1;151;122.819;0.0;0.0;0.0;57.282;0.0;0.0;57.282
5;1;152;432.204;0.0;0.0;0.0;352.609;0.0;283.769;68.839
5;1;153;786.198;4.248;0.0;0.0;707.966;0.0;625.639;82.326
5;1;154;1092.945;3.718;0.0;0.0;1003.419;0.0;936.126;67.293
5;1;155;1321.567;3.583;0.0;0.0;1239.418;0.0;1169.407;70.011
5;1;156;1447.113;7.866;0.0;0.0;1359.901;0.0;1279.938;79.963
5;1;157;1423.82;3.208;0.0;0.0;1329.829;0.0;1253.529;76.3
5;1;158;1057.64;3.716;0.0;0.0;973.596;0.0;890.57;83.026
5;1;159;924.452;127.23;0.0;0.0;727.324;0.0;466.387;260.937
5;1;160;724.214;0.0;0.0;0.0;642.055;0.0;534.579;107.477
5;1;161;504.424;19.314;0.0;0.0;380.586;0.0;176.865;203.721
5;1;162;194.563;0.0;0.0;0.0;87.678;0.0;0.0;87.678
5;1;163;16.255;0.0;0.0;106.081;0.0;106.081;0.0;0.0
5;1;164;0.0;0.0;0.0;124.667;0.0;124.667;0.0;0.0
5;1;165;0.0;0.0;0.0;123.342;0.0;123.342;0.0;0.0
5;1;166;0.0;0.0;0.0;120.635;0.0;120.635;0.0;0.0
5;1;167;0.0;0.0;0.0;95.676;0.0;95.676;0.0;0.0
5;2;0;0.0;0.0;0.0;16.569;0.0;16.569;0.0;0.0
5;2;1;0.0;0.0;0.0;24.058;0.0;24.058;0.0;0.0
5;2;2;0.0;194.136;0.0;216.218;0.0;216.218;0.0;0.0
5;2;3;0.0;0.0;0.0;22.732;0.0;22.732;0.0;0.0
5;2;4;0.0;90.517;0.0;111.777;0.0;111.777;0.0;0.0
5;2;5;0.0;199.909;0.0;221.765;0.0;221.765;0.0;0.0
5;2;6;0.0;0.0;0.0;24.451;0.0;24.451;0.0;0.0
5;2;7;0.0;0.0;0.0;78.936;0.0;78.936;0.0;0.0
5;2;8;49.865;0.0;0.0;56.673;0.0;56.673;0.0;0.0
5;2;9;235.264;51.3;0.0;0.0;97.564;0.0;0.0;97.564
5;2;10;744.576;78.475;0.0;0.0;585.028;0.0;382.823;202.204
5;2;11;1087.233;69.441;0.0;0.0;954.965;0.0;772.687;182.278
5;2;12;988.05;159.152;0.0;0.0;752.035;0.0;596.157;155.878
5;2;13;611.386;186.641;0.0;0.0;348.517;0.0;0.0;348.517
5;2;14;491.601;186.065;0.0;0.0;228.837;0.0;0.0;228.837
5;2;15;631.459;185.489;0.0;0.0;360.638;0.0;21.612;339.026
5;2;16;310.826;62.855;0.0;0.0;157.955;0.0;0.0;157.955
5;2;17;48.629;31.073;0.0;110.909;0.0;110.909;0.0;0.0
5;2;18;0.0;0.0;0.0;117.045;0.0;117.045;0.0;0.0
5;2;19;0.0;118.847;0.0;234.363;0.0;234.363;0.0;0.0
5;2;20;0.0;66.942;0.0;203.381;0.0;203.381;0.0;0.0
5;2;21;0.0;0.0;0.0;128.435;0.0;128.435;0.0;0.0
5;2;22;0.0;0.0;0.0;118.614;0.0;118.614;0.0;0.0
5;2;23;0.0;0.0;0.0;75.193;0.0;75.193;0.0;0.0
5;2;24;0.0;0.0;0.0;16.598;0.0;16.598;0.0;0.0
5;2;25;0.0;0.0;0.0;25.986;0.0;25.986;0.0;0.0
5;2;26;0.0;0.0;0.0;23.725;0.0;23.725;0.0;0.0
5;2;27;0.0;0.0;0.0;22.308;0.0;22.308;0.0;0.0
5;2;28;0.0;215.176;0.0;236.665;0.0;236.665;0.0;0.0
5;2;29;0.0;0.0;0.0;22.928;0.0;22.928;0.0;0.0
5;2;30;0.0;157.698;0.0;183.551;0.0;183.551;0.0;0.0
5;2;31;0.0;160.586;0.0;243.502;0.0;243.502;0.0;0.0
5;2;32;80.242;145.501;0.0;158.036;0.0;158.036;0.0;0.0
5;2;33;393.467;136.789;0.0;0.0;173.124;0.0;0.0;173.124
5;2;34;615.293;118.235;0.0;0.0;422.512;0.0;158.21;264.303
5;2;35;848.206;171.471;0.0;0.0;614.329;0.0;390.208;224.122
5;2;36;914.591;192.406;0.0;0.0;655.086;0.0;396.704;258.383
5;2;37;782.936;184.337;0.0;0.0;516.947;0.0;176.976;339.971
5;2;38;627.666;177.429;0.0;0.0;369.729;0.0;30.402;339.327
5;2;39;426.762;173.978;0.0;0.0;190.107;0.0;0.0;190.107
5;2;40;114.228;0.0;0.0;0.0;26.542;0.0;0.0;26.542
5;2;41;30.603;54.707;0.0;135.417;0.0;135.417;0.0;0.0
5;2;42;0.0;0.0;0.0;128.916;0.0;128.916;0.0;0.0
5;2;43;0.0;0.0;0.0;117.534;0.0;117.534;0.0;0.0
5;2;44;0.0;0.0;0.0;125.484;0.0;125.484;0.0;0.0
5;2;45;0.0;0.0;0.0;117.909;0.0;117.909;0.0;0.0
5;2;46;0.0;0.0;0.0;101.152;0.0;101.152;0.0;0.0
5;2;47;0.0;0.0;0.0;76.364;0.0;76.364;0.0;0.0
5;2;48;0.0;0.0;0.0;20.281;0.0;20.281;0.0;0.0
5;2;49;0.0;0.0;0.0;21.822;0.0;21.822;0.0;0.0
5;2;50;0.0;0.0;0.0;21.659;0.0;21.659;0.0;0.0
5;2;51;0.0;0.0;0.0;22.291;0.0;22.291;0.0;0.0
5;2;52;0.0;0.0;0.0;22.307;0.0;22.307;0.0;0.0
5;2;53;0.0;51.755;0.0;73.993;0.0;73.993;0.0;0.0
5;2;54;0.0;59.945;0.0;89.072;0.0;89.072;0.0;0.0
5;2;55;0.0;89.348;0.0;161.174;0.0;161.174;0.0;0.0
5;2;56;32.022;89.244;0.0;149.253;0.0;149.253;0.0;0.0
5;2;57;75.067;57.311;0.0;64.598;0.0;64.598;0.0;0.0
5;2;58;276.298;51.205;0.0;0.0;154.641;0.0;0.0;154.641
5;2;59;302.927;98.814;0.0;0.0;140.314;0.0;0.0;140.314
5;2;60;542.656;179.73;0.0;0.0;281.526;0.0;0.0;281.526
5;2;61;510.591;178.004;0.0;0.0;258.433;0.0;0.0;258.433
5;2;62;324.722;53.524;0.0;0.0;190.91;0.0;0.0;190.91
5;2;63;471.499;176.278;0.0;0.0;225.573;0.0;0.0;225.573
5;2;64;60.054;0.0;0.0;25.784;0.0;25.784;0.0;0.0
5;2;65;16.245;0.0;0.0;96.958;0.0;96.958;0.0;0.0
5;2;66;0.0;0.0;0.0;126.611;0.0;126.611;0.0;0.0
5;2;67;0.0;0.0;0.0;125.841;0.0;125.841;0.0;0.0
5;2;68;0.0;0.0;0.0;136.313;0.0;136.313;0.0;0.0
5;2;69;0.0;0.0;0.0;111.207;0.0;111.207;0.0;0.0
5;2;70;0.0;0.0;0.0;124.524;0.0;124.524;0.0;0.0
5;2;71;0.0;0.0;0.0;67.876;0.0;67.876;0.0;0.0
5;2;72;0.0;0.0;0.0;18.428;0.0;18.428;0.0;0.0
5;2;73;0.0;0.0;0.0;26.113;0.0;26.113;0.0;0.0
5;2;74;0.0;0.0;0.0;20.466;0.0;20.466;0.0;0.0
5;2;75;0.0;0.0;0.0;26.362;0.0;26.362;0.0;0.0
5;2;76;0.0;0.0;0.0;23.074;0.0;23.074;0.0;0.0
5;2;77;0.0;8.758;0.0;34.172;0.0;34.172;0.0;0.0
5;2;78;0.0;55.289;0.0;82.819;0.0;82.819;0.0;0.0
5;2;79;0.0;90.325;0.0;129.851;0.0;129.851;0.0;0.0
5;2;80;22.695;156.49;0.0;189.778;0.0;189.778;0.0;0.0
5;2;81;127.604;0.0;0.0;0.0;45.54;0.0;0.0;45.54
5;2;82;482.424;193.559;0.0;0.0;218.386;0.0;0.0;218.386
5;2;83;505.156;186.065;0.0;0.0;255.613;0.0;0.0;255.613
5;2;84;227.137;32.526;0.0;0.0;128.24;0.0;0.0;128.24
5;2;85;252.28;0.0;0.0;0.0;164.749;0.0;0.0;164.749
5;2;86;380.483;151.123;0.0;0.0;170.422;0.0;0.0;170.422
5;2;87;164.111;0.0;0.0;0.0;97.352;0.0;0.0;97.352
5;2;88;43.821;0.0;0.0;41.721;0.0;41.721;0.0;0.0
5;2;89;7.308;0.0;0.0;95.852;0.0;95.852;0.0;0.0
5;2;90;0.0;0.0;0.0;88.756;0.0;88.756;0.0;0.0
5;2;91;0.0;0.0;0.0;102.16;0.0;102.16;0.0;0.0
5;2;92;0.0;189.523;0.0;316.618;0.0;316.618;0.0;0.0
5;2;93;0.0;0.0;0.0;116.732;0.0;116.732;0.0;0.0
5;2;94;0.0;0.0;0.0;105.049;0.0;105.049;0.0;0.0
5;2;95;0.0;0.0;0.0;78.293;0.0;78.293;0.0;0.0
5;2;96;0.0;0.0;0.0;18.844;0.0;18.844;0.0;0.0
5;2;97;0.0;0.0;0.0;26.883;0.0;26.883;0.0;0.0
5;2;98;0.0;29.869;0.0;53.567;0.0;53.567;0.0;0.0
5;2;99;0.0;203.375;0.0;227.935;0.0;227.935;0.0;0.0
5;2;100;0.0;82.835;0.0;104.741;0.0;104.741;0.0;0.0
5;2;101;0.0;0.0;0.0;23.644;0.0;23.644;0.0;0.0
5;2;102;0.0;123.663;0.0;152.809;0.0;152.809;0.0;0.0
5;2;103;0.0;123.226;0.0;188.513;0.0;188.513;0.0;0.0
5;2;104;24.592;107.483;0.0;182.135;0.0;182.135;0.0;0.0
5;2;105;90.014;102.247;0.0;106.844;0.0;106.844;0.0;0.0
5;2;106;181.178;202.219;0.0;124.222;0.0;124.222;0.0;0.0
5;2;107;180.283;67.493;0.0;0.0;27.724;0.0;0.0;27.724
5;2;108;212.337;121.576;0.0;0.0;0.0;0.0;0.0;0.0
5;2;109;148.409;37.511;0.0;0.0;0.0;0.0;0.0;0.0
5;2;110;122.953;39.465;0.0;0.0;0.0;0.0;0.0;0.0
5;2;111;107.449;0.0;0.0;0.0;0.0;0.0;0.0;0.0
5;2;112;58.07;69.524;0.0;115.687;0.0;115.687;0.0;0.0
5;2;113;24.247;65.872;0.0;181.265;0.0;181.265;0.0;0.0
5;2;114;0.0;81.436;0.0;213.096;0.0;213.096;0.0;0.0
5;2;115;0.0;85.306;0.0;212.153;0.0;212.153;0.0;0.0
5;2;116;0.0;91.51;0.0;196.91;0.0;196.91;0.0;0.0
5;2;117;0.0;89.706;0.0;209.545;0.0;209.545;0.0;0.0
5;2;118;0.0;79.692;0.0;179.602;0.0;179.602;0.0;0.0
5;2;119;0.0;206.265;0.0;274.394;0.0;274.394;0.0;0.0
5;2;120;0.0;0.0;0.0;20.172;0.0;20.172;0.0;0.0
5;2;121;0.0;183.523;0.0;209.915;0.0;209.915;0.0;0.0
5;2;122;0.0;0.0;0.0;22.526;0.0;22.526;0.0;0.0
5;2;123;0.0;111.022;0.0;134.327;0.0;134.327;0.0;0.0
5;2;124;0.0;113.626;0.0;135.385;0.0;135.385;0.0;0.0
5;2;125;0.0;115.851;0.0;140.096;0.0;140.096;0.0;0.0
5;2;126;0.0;137.003;0.0;174.824;0.0;174.824;0.0;0.0
5;2;127;0.0;130.224;0.0;214.12;0.0;214.12;0.0;0.0
5;2;128;8.857;112.275;0.0;209.65;0.0;209.65;0.0;0.0
5;2;129;93.329;207.346;0.0;213.478;0.0;213.478;0.0;0.0
5;2;130;203.697;2.896;0.0;0.0;120.251;0.0;0.0;120.251
5;2;131;316.181;93.195;0.0;0.0;159.014;0.0;0.0;159.014
5;2;132;600.539;195.867;0.0;0.0;326.71;0.0;11.242;315.468
5;2;133;704.299;192.406;0.0;0.0;426.962;0.0;67.618;359.344
5;2;134;682.204;191.252;0.0;0.0;418.996;0.0;77.512;341.485
5;2;135;394.253;106.821;0.0;0.0;206.425;0.0;0.0;206.425
5;2;136;186.903;0.0;0.0;0.0;96.166;0.0;0.0;96.166
5;2;137;12.314;0.0;0.0;92.113;0.0;92.113;0.0;0.0
5;2;138;0.0;0.0;0.0;132.304;0.0;132.304;0.0;0.0
5;2;139;0.0;201.642;0.0;327.094;0.0;327.094;0.0;0.0
5;2;140;0.0;0.0;0.0;110.529;0.0;110.529;0.0;0.0
5;2;141;0.0;0.0;0.0;103.225;0.0;103.225;0.0;0.0
5;2;142;0.0;0.0;0.0;99.76;0.0;99.76;0.0;0.0
5;2;143;0.0;0.0;0.0;72.931;0.0;72.931;0.0;0.0
5;2;144;0.0;96.971;0.0;117.059;0.0;117.059;0.0;0.0
5;2;145;0.0;99.848;0.0;127.302;0.0;127.302;0.0;0.0
5;2;146;0.0;104.575;0.0;125.871;0.0;125.871;0.0;0.0
5;2;147;0.0;107.018;0.0;129.161;0.0;129.161;0.0;0.0
5;2;148;0.0;110.412;0.0;132.112;0.0;132.112;0.0;0.0
5;2;149;0.0;110.783;0.0;131.409;0.0;131.409;0.0;0.0
5;2;150;0.0;133.145;0.0;162.604;0.0;162.604;0.0;0.0
5;2;151;0.0;133.708;0.0;208.201;0.0;208.201;0.0;0.0
5;2;152;37.008;210.315;0.0;271.05;0.0;271.05;0.0;0.0
5;2;153;191.24;10.485;0.0;0.0;89.699;0.0;0.0;89.699
5;2;154;277.555;103.71;0.0;0.0;94.611;0.0;0.0;94.611
5;2;155;368.166;96.005;0.0;0.0;207.284;0.0;0.0;207.284
5;2;156;379.588;94.669;0.0;0.0;209.672;0.0;0.0;209.672
5;2;157;453.429;123.495;0.0;0.0;247.973;0.0;0.0;247.973
5;2;158;384.994;126.843;0.0;0.0;170.701;0.0;0.0;170.701
5;2;159;169.146;0.0;0.0;0.0;95.561;0.0;0.0;95.561
5;2;160;209.94;0.0;0.0;0.0;126.213;0.0;0.0;126.213
5;2;161;10.395;51.539;0.0;144.575;0.0;144.575;0.0;0.0
5;2;162;0.0;64.313;0.0;192.361;0.0;192.361;0.0;0.0
5;2;163;0.0;67.388;0.0;210.287;0.0;210.287;0.0;0.0
5;2;164;0.0;66.467;0.0;200.202;0.0;200.202;0.0;0.0
5;2;165;0.0;65.747;0.0;190.674;0.0;190.674;0.0;0.0
5;2;166;0.0;59.723;0.0;165.033;0.0;165.033;0.0;0.0
5;2;167;0.0;194.136;0.0;253.999;0.0;253.999;0.0;0.0
5;3;0;0.0;58.939;0.0;76.623;0.0;76.623;0.0;0.0
5;3;1;0.0;252.744;0.0;284.091;0.0;284.091;0.0;0.0
5;3;2;0.0;250.993;0.0;273.172;0.0;273.172;0.0;0.0
5;3;3;0.0;251.576;0.0;274.669;0.0;274.669;0.0;0.0
5;3;4;0.0;252.16;0.0;273.363;0.0;273.363;0.0;0.0
5;3;5;0.0;256.249;0.0;281.586;0.0;281.586;0.0;0.0
5;3;6;0.0;256.249;0.0;286.023;0.0;286.023;0.0;0.0
5;3;7;0.0;255.665;0.0;340.591;0.0;340.591;0.0;0.0
5;3;8;0.0;252.827;0.0;366.309;0.0;366.309;0.0;0.0
5;3;9;126.28;245.738;0.0;227.084;0.0;227.084;0.0;0.0
5;3;10;243.766;238.557;0.0;73.552;0.0;73.552;0.0;0.0
5;3;11;205.927;229.971;0.0;98.251;0.0;98.251;0.0;0.0
5;3;12;469.041;226.831;0.0;0.0;175.53;0.0;0.0;175.53
5;3;13;868.136;239.916;0.0;0.0;544.715;0.0;126.239;418.476
5;3;14;810.663;227.705;0.0;0.0;500.574;0.0;85.252;415.322
5;3;15;518.778;226.544;0.0;0.0;213.814;0.0;0.0;213.814
5;3;16;113.272;229.448;0.0;221.925;0.0;221.925;0.0;0.0
5;3;17;0.0;234.679;0.0;384.056;0.0;384.056;0.0;0.0
5;3;18;0.0;236.424;0.0;364.176;0.0;364.176;0.0;0.0
5;3;19;0.0;0.0;0.0;127.304;0.0;127.304;0.0;0.0
5;3;20;0.0;36.804;0.0;155.479;0.0;155.479;0.0;0.0
5;3;21;0.0;215.873;0.0;326.765;0.0;326.765;0.0;0.0
5;3;22;0.0;248.075;0.0;362.715;0.0;362.715;0.0;0.0
5;3;23;0.0;250.409;0.0;329.967;0.0;329.967;0.0;0.0
5;3;24;0.0;252.744;0.0;270.821;0.0;270.821;0.0;0.0
5;3;25;0.0;161.651;0.0;187.817;0.0;187.817;0.0;0.0
5;3;26;0.0;256.249;0.0;277.765;0.0;277.765;0.0;0.0
5;3;27;0.0;256.249;0.0;278.019;0.0;278.019;0.0;0.0
5;3;28;0.0;257.418;0.0;279.073;0.0;279.073;0.0;0.0
5;3;29;0.0;258.003;0.0;280.538;0.0;280.538;0.0;0.0
5;3;30;0.0;257.418;0.0;288.853;0.0;288.853;0.0;0.0
5;3;31;0.0;259.757;0.0;345.061;0.0;345.061;0.0;0.0
5;3;32;0.0;256.834;0.0;358.257;0.0;358.257;0.0;0.0
5;3;33;108.607;253.759;0.0;234.797;0.0;234.797;0.0;0.0
5;3;34;419.28;240.298;0.0;0.0;96.58;0.0;0.0;96.58
5;3;35;477.614;232.867;0.0;0.0;167.388;0.0;0.0;167.388
5;3;36;551.903;246.325;0.0;0.0;232.85;0.0;0.0;232.85
5;3;37;398.247;203.42;0.0;0.0;100.446;0.0;0.0;100.446
5;3;38;89.97;214.431;0.0;200.577;0.0;200.577;0.0;0.0
5;3;39;51.231;219.968;0.0;255.497;0.0;255.497;0.0;0.0
5;3;40;12.041;214.61;0.0;306.244;0.0;306.244;0.0;0.0
5;3;41;0.0;220.021;0.0;342.376;0.0;342.376;0.0;0.0
5;3;42;0.0;234.745;0.0;359.458;0.0;359.458;0.0;0.0
5;3;43;0.0;238.74;0.0;375.668;0.0;375.668;0.0;0.0
5;3;44;0.0;239.168;0.0;371.117;0.0;371.117;0.0;0.0
5;3;45;0.0;234.277;0.0;342.526;0.0;342.526;0.0;0.0
5;3;46;0.0;210.522;0.0;317.313;0.0;317.313;0.0;0.0
5;3;47;0.0;206.309;0.0;291.785;0.0;291.785;0.0;0.0
5;3;48;0.0;179.44;0.0;197.437;0.0;197.437;0.0;0.0
5;3;49;0.0;169.885;0.0;191.846;0.0;191.846;0.0;0.0
5;3;50;0.0;163.327;0.0;187.624;0.0;187.624;0.0;0.0
5;3;51;0.0;156.913;0.0;179.633;0.0;179.633;0.0;0.0
5;3;52;0.0;157.192;0.0;179.805;0.0;179.805;0.0;0.0
5;3;53;0.0;156.738;0.0;179.44;0.0;179.44;0.0;0.0
5;3;54;0.0;154.572;0.0;179.862;0.0;179.862;0.0;0.0
5;3;55;0.0;196.615;0.0;269.461;0.0;269.461;0.0;0.0
5;3;56;0.0;206.642;0.0;307.051;0.0;307.051;0.0;0.0
5;3;57;16.386;164.203;0.0;242.902;0.0;242.902;0.0;0.0
5;3;58;74.358;164.457;0.0;194.258;0.0;194.258;0.0;0.0
5;3;59;65.546;161.302;0.0;181.626;0.0;181.626;0.0;0.0
5;3;60;226.885;154.445;0.0;9.805;0.0;9.805;0.0;0.0
5;3;61;511.229;221.902;0.0;0.0;223.471;0.0;0.0;223.471
5;3;62;301.292;60.946;0.0;0.0;170.477;0.0;0.0;170.477
5;3;63;218.193;146.135;0.0;9.276;0.0;9.276;0.0;0.0
5;3;64;27.606;143.058;0.0;219.433;0.0;219.433;0.0;0.0
5;3;65;0.0;220.162;0.0;337.225;0.0;337.225;0.0;0.0
5;3;66;0.0;221.902;0.0;345.625;0.0;345.625;0.0;0.0
5;3;67;0.0;224.802;0.0;371.879;0.0;371.879;0.0;0.0
5;3;68;0.0;178.062;0.0;293.127;0.0;293.127;0.0;0.0
5;3;69;0.0;0.0;0.0;124.495;0.0;124.495;0.0;0.0
5;3;70;0.0;0.0;0.0;111.03;0.0;111.03;0.0;0.0
5;3;71;0.0;148.944;0.0;233.287;0.0;233.287;0.0;0.0
5;3;72;0.0;155.583;0.0;172.763;0.0;172.763;0.0;0.0
5;3;73;0.0;155.528;0.0;184.464;0.0;184.464;0.0;0.0
5;3;74;0.0;160.216;0.0;182.028;0.0;182.028;0.0;0.0
5;3;75;0.0;166.516;0.0;190.438;0.0;190.438;0.0;0.0
5;3;76;0.0;164.939;0.0;187.835;0.0;187.835;0.0;0.0
5;3;77;0.0;166.27;0.0;191.866;0.0;191.866;0.0;0.0
5;3;78;0.0;230.61;0.0;258.9;0.0;258.9;0.0;0.0
5;3;79;0.0;159.977;0.0;194.87;0.0;194.87;0.0;0.0
5;3;80;0.0;223.965;0.0;293.086;0.0;293.086;0.0;0.0
5;3;81;11.943;179.199;0.0;240.299;0.0;240.299;0.0;0.0
5;3;82;23.893;179.125;0.0;246.198;0.0;246.198;0.0;0.0
5;3;83;52.288;177.091;0.0;214.853;0.0;214.853;0.0;0.0
5;3;84;95.632;171.051;0.0;163.435;0.0;163.435;0.0;0.0
5;3;85;563.373;229.448;0.0;0.0;262.935;0.0;0.0;262.935
5;3;86;546.782;232.934;0.0;0.0;250.812;0.0;0.0;250.812
5;3;87;324.919;233.516;30.281;0.0;0.0;0.0;0.0;0.0
5;3;88;36.09;236.424;0.0;287.045;0.0;287.045;0.0;0.0
5;3;89;0.0;237.006;0.0;349.728;0.0;349.728;0.0;0.0
5;3;90;0.0;239.916;0.0;336.327;0.0;336.327;0.0;0.0
5;3;91;0.0;32.005;0.0;140.048;0.0;140.048;0.0;0.0
5;3;92;0.0;0.0;0.0;108.156;0.0;108.156;0.0;0.0
5;3;93;0.0;248.658;0.0;358.861;0.0;358.861;0.0;0.0
5;3;94;0.0;250.993;0.0;356.091;0.0;356.091;0.0;0.0
5;3;95;0.0;251.576;0.0;331.147;0.0;331.147;0.0;0.0
5;3;96;0.0;252.744;0.0;270.965;0.0;270.965;0.0;0.0
5;3;97;0.0;255.081;0.0;287.961;0.0;287.961;0.0;0.0
5;3;98;0.0;255.665;0.0;278.145;0.0;278.145;0.0;0.0
5;3;99;0.0;257.418;0.0;280.813;0.0;280.813;0.0;0.0
5;3;100;0.0;255.081;0.0;278.95;0.0;278.95;0.0;0.0
5;3;101;0.0;251.576;0.0;276.062;0.0;276.062;0.0;0.0
5;3;102;0.0;249.242;0.0;279.0;0.0;279.0;0.0;0.0
5;3;103;0.0;248.075;0.0;312.647;0.0;312.647;0.0;0.0
5;3;104;0.0;243.994;0.0;334.835;0.0;334.835;0.0;0.0
5;3;105;8.99;242.246;0.0;337.863;0.0;337.863;0.0;0.0
5;3;106;31.58;248.075;0.0;337.149;0.0;337.149;0.0;0.0
5;3;107;40.62;249.242;0.0;322.156;0.0;322.156;0.0;0.0
5;3;108;76.795;251.576;0.0;294.293;0.0;294.293;0.0;0.0
5;3;109;89.38;243.139;0.0;259.434;0.0;259.434;0.0;0.0
5;3;110;66.179;237.047;0.0;280.472;0.0;280.472;0.0;0.0
5;3;111;37.585;234.621;0.0;297.718;0.0;297.718;0.0;0.0
5;3;112;5.999;225.569;0.0;353.778;0.0;353.778;0.0;0.0
5;3;113;0.0;238.509;0.0;349.384;0.0;349.384;0.0;0.0
5;3;114;0.0;244.577;0.0;364.891;0.0;364.891;0.0;0.0
5;3;115;0.0;243.994;0.0;382.977;0.0;382.977;0.0;0.0
5;3;116;0.0;242.246;0.0;363.572;0.0;363.572;0.0;0.0
5;3;117;0.0;242.246;0.0;366.413;0.0;366.413;0.0;0.0
5;3;118;0.0;241.663;0.0;348.616;0.0;348.616;0.0;0.0
5;3;119;0.0;242.828;0.0;315.716;0.0;315.716;0.0;0.0
5;3;120;0.0;242.828;0.0;259.712;0.0;259.712;0.0;0.0
5;3;121;0.0;243.994;0.0;267.462;0.0;267.462;0.0;0.0
5;3;122;0.0;247.492;0.0;270.443;0.0;270.443;0.0;0.0
5;3;123;0.0;251.576;0.0;272.88;0.0;272.88;0.0;0.0
5;3;124;0.0;256.249;0.0;277.81;0.0;277.81;0.0;0.0
5;3;125;0.0;259.757;0.0;281.347;0.0;281.347;0.0;0.0
5;3;126;0.0;259.173;0.0;286.676;0.0;286.676;0.0;0.0
5;3;127;0.0;259.757;0.0;329.975;0.0;329.975;0.0;0.0
5;3;128;0.0;258.003;0.0;375.321;0.0;375.321;0.0;0.0
5;3;129;28.368;255.081;0.0;316.858;0.0;316.858;0.0;0.0
5;3;130;74.396;249.242;0.0;274.224;0.0;274.224;0.0;0.0
5;3;131;69.183;248.075;0.0;273.79;0.0;273.79;0.0;0.0
5;3;132;187.266;246.909;0.0;140.864;0.0;140.864;0.0;0.0
5;3;133;208.862;243.994;0.0;118.949;0.0;118.949;0.0;0.0
5;3;134;51.047;244.577;0.0;278.153;0.0;278.153;0.0;0.0
5;3;135;33.057;245.742;0.0;308.85;0.0;308.85;0.0;0.0
5;3;136;2.996;244.577;0.0;357.39;0.0;357.39;0.0;0.0
5;3;137;0.0;248.075;0.0;359.533;0.0;359.533;0.0;0.0
5;3;138;0.0;249.242;0.0;368.838;0.0;368.838;0.0;0.0
5;3;139;0.0;250.993;0.0;390.442;0.0;390.442;0.0;0.0
5;3;140;0.0;253.912;0.0;377.832;0.0;377.832;0.0;0.0
5;3;141;0.0;255.665;0.0;392.779;0.0;392.779;0.0;0.0
5;3;142;0.0;257.418;0.0;369.426;0.0;369.426;0.0;0.0
5;3;143;0.0;258.588;0.0;343.411;0.0;343.411;0.0;0.0
5;3;144;0.0;255.081;0.0;272.024;0.0;272.024;0.0;0.0
5;3;145;0.0;258.003;0.0;284.016;0.0;284.016;0.0;0.0
5;3;146;0.0;256.834;0.0;278.63;0.0;278.63;0.0;0.0
5;3;147;0.0;259.757;0.0;286.804;0.0;286.804;0.0;0.0
5;3;148;0.0;258.588;0.0;281.041;0.0;281.041;0.0;0.0
5;3;149;0.0;259.173;0.0;284.473;0.0;284.473;0.0;0.0
5;3;150;0.0;257.418;0.0;290.527;0.0;290.527;0.0;0.0
5;3;151;0.0;255.081;0.0;334.883;0.0;334.883;0.0;0.0
5;3;152;0.0;252.744;0.0;358.438;0.0;358.438;0.0;0.0
5;3;153;100.464;239.533;0.0;240.532;0.0;240.532;0.0;0.0
5;3;154;280.617;225.429;0.0;25.247;0.0;25.247;0.0;0.0
5;3;155;137.379;206.398;0.0;141.403;0.0;141.403;0.0;0.0
5;3;156;85.131;206.204;0.0;206.201;0.0;206.201;0.0;0.0
5;3;157;96.225;229.448;0.0;219.371;0.0;219.371;0.0;0.0
5;3;158;65.702;146.025;0.0;173.12;0.0;173.12;0.0;0.0
5;3;159;28.345;186.693;0.0;246.477;0.0;246.477;0.0;0.0
5;3;160;13.435;178.206;0.0;280.126;0.0;280.126;0.0;0.0
5;3;161;0.0;174.687;0.0;305.473;0.0;305.473;0.0;0.0
5;3;162;0.0;194.308;0.0;317.365;0.0;317.365;0.0;0.0
5;3;163;0.0;186.536;0.0;317.925;0.0;317.925;0.0;0.0
5;3;164;0.0;187.386;0.0;306.925;0.0;306.925;0.0;0.0
5;3;165;0.0;227.705;0.0;334.516;0.0;334.516;0.0;0.0
5;3;166;0.0;228.286;0.0;345.557;0.0;345.557;0.0;0.0
5;3;167;0.0;230.61;0.0;308.079;0.0;308.079;0.0;0.0
10;0;0;0.0;235.261;0.0;252.334;0.0;252.334;0.0;0.0
10;0;1;0.0;237.588;0.0;261.636;0.0;261.636;0.0;0.0
10;0;2;0.0;0.0;0.0;21.506;0.0;21.506;0.0;0.0
10;0;3;0.0;179.116;0.0;202.73;0.0;202.73;0.0;0.0
10;0;4;0.0;244.577;0.0;268.226;0.0;268.226;0.0;0.0
10;0;5;0.0;243.411;0.0;268.803;0.0;268.803;0.0;0.0
10;0;6;0.0;241.081;0.0;267.149;0.0;267.149;0.0;0.0
10;0;7;1.491;235.842;0.0;304.181;0.0;304.181;0.0;0.0
10;0;8;20.855;228.867;0.0;311.566;0.0;311.566;0.0;0.0
10;0;9;209.246;0.0;0.0;0.0;123.587;0.0;0.0;123.587
10;0;10;217.791;0.0;0.0;0.0;140.676;0.0;0.0;140.676
10;0;11;122.2;0.0;0.0;0.0;47.052;0.0;0.0;47.052
10;0;12;422.152;133.906;0.0;0.0;223.381;0.0;0.0;223.381
10;0;13;660.977;199.909;0.0;0.0;382.269;0.0;0.0;382.269
10;0;14;473.762;179.801;0.0;0.0;213.202;0.0;0.0;213.202
10;0;15;185.298;0.0;0.0;0.0;114.548;0.0;0.0;114.548
10;0;16;116.073;0.0;0.0;0.0;28.187;0.0;0.0;28.187
10;0;17;66.516;210.315;0.0;255.256;0.0;255.256;0.0;0.0
10;0;18;26.653;210.315;0.0;312.839;0.0;312.839;0.0;0.0
10;0;19;0.0;212.63;0.0;348.39;0.0;348.39;0.0;0.0
10;0;20;0.0;213.788;0.0;351.967;0.0;351.967;0.0;0.0
10;0;21;0.0;221.902;0.0;346.475;0.0;346.475;0.0;0.0
10;0;22;0.0;124.084;0.0;220.432;0.0;220.432;0.0;0.0
10;0;23;0.0;0.0;0.0;83.576;0.0;83.576;0.0;0.0
10;0;24;0.0;0.0;0.0;17.311;0.0;17.311;0.0;0.0
10;0;25;0.0;240.498;0.0;268.045;0.0;268.045;0.0;0.0
10;0;26;0.0;242.246;0.0;266.183;0.0;266.183;0.0;0.0
10;0;27;0.0;243.994;0.0;267.964;0.0;267.964;0.0;0.0
10;0;28;0.0;243.994;0.0;265.334;0.0;265.334;0.0;0.0
10;0;29;0.0;244.577;0.0;268.301;0.0;268.301;0.0;0.0
10;0;30;0.0;248.658;0.0;277.35;0.0;277.35;0.0;0.0
10;0;31;1.5;248.658;0.0;322.181;0.0;322.181;0.0;0.0
10;0;32;89.181;248.075;0.0;264.194;0.0;264.194;0.0;0.0
10;0;33;189.942;0.0;0.0;0.0;110.125;0.0;0.0;110.125
10;0;34;205.243;98.886;0.0;0.0;27.311;0.0;0.0;27.311
10;0;35;173.812;98.798;0.0;0.0;0.0;0.0;0.0;0.0
10;0;36;153.455;82.536;0.0;0.0;0.0;0.0;0.0;0.0
10;0;37;128.677;49.73;0.0;0.0;0.0;0.0;0.0;0.0
10;0;38;148.907;72.671;0.0;0.0;0.0;0.0;0.0;0.0
10;0;39;231.31;153.15;0.0;0.0;0.0;0.0;0.0;0.0
10;0;40;145.627;64.828;0.0;0.0;0.0;0.0;0.0;0.0
10;0;41;50.759;141.846;0.0;195.405;0.0;195.405;0.0;0.0
10;0;42;14.922;154.438;0.0;272.51;0.0;272.51;0.0;0.0
10;0;43;0.0;159.792;0.0;285.814;0.0;285.814;0.0;0.0
10;0;44;0.0;165.888;0.0;295.216;0.0;295.216;0.0;0.0
10;0;45;0.0;169.387;0.0;285.557;0.0;285.557;0.0;0.0
10;0;46;0.0;147.845;0.0;268.034;0.0;268.034;0.0;0.0
10;0;47;0.0;154.966;0.0;228.448;0.0;228.448;0.0;0.0
10;0;48;0.0;142.585;0.0;159.617;0.0;159.617;0.0;0.0
10;0;49;0.0;140.937;0.0;166.614;0.0;166.614;0.0;0.0
10;0;50;0.0;142.386;0.0;165.704;0.0;165.704;0.0;0.0
10;0;51;0.0;144.929;0.0;166.81;0.0;166.81;0.0;0.0
10;0;52;0.0;145.415;0.0;165.721;0.0;165.721;0.0;0.0
10;0;53;0.0;229.487;0.0;250.997;0.0;250.997;0.0;0.0
10;0;54;0.0;230.61;0.0;257.466;0.0;257.466;0.0;0.0
10;0;55;2.975;228.867;0.0;292.238;0.0;292.238;0.0;0.0
10;0;56;64.212;228.867;0.0;257.399;0.0;257.399;0.0;0.0
10;0;57;151.97;0.0;0.0;0.0;69.705;0.0;0.0;69.705
10;0;58;315.687;60.376;0.0;0.0;177.429;0.0;0.0;177.429
10;0;59;642.212;186.625;0.0;0.0;394.737;0.0;0.0;394.737
10;0;60;736.963;209.736;0.0;0.0;461.063;0.0;74.552;386.51
10;0;61;399.111;103.381;0.0;0.0;222.734;0.0;0.0;222.734
10;0;62;415.754;124.328;0.0;0.0;216.6;0.0;0.0;216.6
10;0;63;872.12;199.909;0.0;0.0;603.52;0.0;227.441;376.08
10;0;64;543.904;55.922;0.0;0.0;405.9;0.0;0.0;405.9
10;0;65;203.575;0.0;0.0;0.0;122.353;0.0;0.0;122.353
10;0;66;44.972;0.0;0.0;68.384;0.0;68.384;0.0;0.0
10;0;67;0.0;166.447;0.0;295.257;0.0;295.257;0.0;0.0
10;0;68;0.0;0.0;0.0;124.094;0.0;124.094;0.0;0.0
10;0;69;0.0;0.0;0.0;126.043;0.0;126.043;0.0;0.0
10;0;70;0.0;0.0;0.0;122.167;0.0;122.167;0.0;0.0
10;0;71;0.0;75.544;0.0;155.144;0.0;155.144;0.0;0.0
10;0;72;0.0;171.083;0.0;188.852;0.0;188.852;0.0;0.0
10;0;73;0.0;0.0;0.0;25.904;0.0;25.904;0.0;0.0
10;0;74;0.0;186.611;0.0;207.689;0.0;207.689;0.0;0.0
10;0;75;0.0;213.209;0.0;236.219;0.0;236.219;0.0;0.0
10;0;76;0.0;211.472;0.0;232.575;0.0;232.575;0.0;0.0
10;0;77;0.0;210.893;0.0;231.676;0.0;231.676;0.0;0.0
10;0;78;0.0;210.893;0.0;238.311;0.0;238.311;0.0;0.0
10;0;79;0.0;210.315;0.0;252.49;0.0;252.49;0.0;0.0
10;0;80;44.321;208.579;0.0;218.747;0.0;218.747;0.0;0.0
10;0;81;101.23;0.0;0.0;0.0;36.837;0.0;0.0;36.837
10;0;82;140.443;0.0;0.0;0.0;54.793;0.0;0.0;54.793
10;0;83;161.225;0.0;0.0;0.0;87.594;0.0;0.0;87.594
10;0;84;177.993;0.0;0.0;0.0;106.72;0.0;0.0;106.72
10;0;85;180.952;0.0;0.0;0.0;109.296;0.0;0.0;109.296
10;0;86;88.343;0.0;0.0;0.0;15.971;0.0;0.0;15.971
10;0;87;131.276;0.0;0.0;0.0;63.373;0.0;0.0;63.373
10;0;88;108.999;39.858;0.0;0.0;5.622;0.0;0.0;5.622
10;0;89;51.48;201.064;0.0;252.068;0.0;252.068;0.0;0.0
10;0;90;13.321;216.105;0.0;314.364;0.0;314.364;0.0;0.0
10;0;91;0.0;216.684;0.0;327.27;0.0;327.27;0.0;0.0
10;0;92;0.0;219.002;0.0;319.348;0.0;319.348;0.0;0.0
10;0;93;0.0;220.742;0.0;341.197;0.0;341.197;0.0;0.0
10;0;94;0.0;0.0;0.0;88.315;0.0;88.315;0.0;0.0
10;0;95;0.0;227.124;0.0;304.441;0.0;304.441;0.0;0.0
10;0;96;0.0;218.105;0.0;234.65;0.0;234.65;0.0;0.0
10;0;97;0.0;170.851;0.0;203.905;0.0;203.905;0.0;0.0
10;0;98;0.0;0.0;0.0;22.913;0.0;22.913;0.0;0.0
10;0;99;0.0;0.0;0.0;21.75;0.0;21.75;0.0;0.0
10;0;100;0.0;0.0;0.0;22.41;0.0;22.41;0.0;0.0
10;0;101;0.0;171.93;0.0;198.217;0.0;198.217;0.0;0.0
10;0;102;0.0;245.159;0.0;274.027;0.0;274.027;0.0;0.0
10;0;103;2.997;243.994;0.0;300.473;0.0;300.473;0.0;0.0
10;0;104;222.773;0.0;0.0;0.0;162.026;0.0;0.0;162.026
10;0;105;554.185;242.246;0.0;0.0;235.104;0.0;0.0;235.104
10;0;106;774.426;239.334;0.0;0.0;440.82;0.0;0.0;440.82
10;0;107;294.659;58.226;0.0;0.0;156.648;0.0;0.0;156.648
10;0;108;551.929;191.965;0.0;0.0;275.089;0.0;0.0;275.089
10;0;109;463.24;172.394;0.0;0.0;196.476;0.0;0.0;196.476
10;0;110;529.549;230.029;0.0;0.0;227.276;0.0;0.0;227.276
10;0;111;320.61;31.018;0.0;0.0;209.023;0.0;0.0;209.023
10;0;112;648.809;192.984;0.0;0.0;380.42;0.0;0.0;380.42
10;0;113;599.191;227.124;0.0;0.0;273.807;0.0;0.0;273.807
10;0;114;182.307;0.0;0.0;0.0;81.547;0.0;0.0;81.547
10;0;115;1.486;229.448;0.0;358.531;0.0;358.531;0.0;0.0
10;0;116;0.0;230.029;0.0;339.876;0.0;339.876;0.0;0.0
10;0;117;0.0;231.772;0.0;341.119;0.0;341.119;0.0;0.0
10;0;118;0.0;238.752;0.0;340.604;0.0;340.604;0.0;0.0
10;0;119;0.0;242.828;0.0;323.313;0.0;323.313;0.0;0.0
10;0;120;0.0;0.0;0.0;17.164;0.0;17.164;0.0;0.0
10;0;121;0.0;237.483;0.0;270.183;0.0;270.183;0.0;0.0
10;0;122;0.0;251.576;0.0;276.088;0.0;276.088;0.0;0.0
10;0;123;0.0;249.242;0.0;273.351;0.0;273.351;0.0;0.0
10;0;124;0.0;247.492;0.0;269.491;0.0;269.491;0.0;0.0
10;0;125;0.0;249.825;0.0;273.297;0.0;273.297;0.0;0.0
10;0;126;0.0;248.075;0.0;278.025;0.0;278.025;0.0;0.0
10;0;127;13.49;246.909;0.0;323.124;0.0;323.124;0.0;0.0
10;0;128;90.765;248.658;0.0;262.286;0.0;262.286;0.0;0.0
10;0;129;180.473;0.0;0.0;0.0;110.157;0.0;0.0;110.157
10;0;130;409.78;141.499;0.0;0.0;183.58;0.0;0.0;183.58
10;0;131;337.381;88.318;0.0;0.0;175.533;0.0;0.0;175.533
10;0;132;188.152;0.0;0.0;0.0;118.632;0.0;0.0;118.632
10;0;133;349.608;135.048;0.0;0.0;139.857;0.0;0.0;139.857
10;0;134;532.53;224.802;0.0;0.0;236.984;0.0;0.0;236.984
10;0;135;383.464;126.664;0.0;0.0;182.656;0.0;0.0;182.656
10;0;136;81.963;229.448;0.0;242.591;0.0;242.591;0.0;0.0
10;0;137;97.448;45.476;0.0;76.508;0.0;76.508;0.0;0.0
10;0;138;36.027;234.679;0.0;325.755;0.0;325.755;0.0;0.0
10;0;139;1.491;235.261;0.0;376.744;0.0;376.744;0.0;0.0
10;0;140;0.0;234.679;0.0;354.975;0.0;354.975;0.0;0.0
10;0;141;0.0;236.424;0.0;337.287;0.0;337.287;0.0;0.0
10;0;142;0.0;236.424;0.0;361.839;0.0;361.839;0.0;0.0
10;0;143;0.0;0.0;0.0;69.165;0.0;69.165;0.0;0.0
10;0;144;0.0;0.0;0.0;17.667;0.0;17.667;0.0;0.0
10;0;145;0.0;253.912;0.0;285.82;0.0;285.82;0.0;0.0
10;0;146;0.0;254.496;0.0;277.133;0.0;277.133;0.0;0.0
10;0;147;0.0;253.912;0.0;277.707;0.0;277.707;0.0;0.0
10;0;148;0.0;255.081;0.0;279.805;0.0;279.805;0.0;0.0
10;0;149;0.0;255.665;0.0;282.505;0.0;282.505;0.0;0.0
10;0;150;0.0;252.16;0.0;284.652;0.0;284.652;0.0;0.0
10;0;151;3.005;250.409;0.0;327.596;0.0;327.596;0.0;0.0
10;0;152;49.69;249.242;0.0;302.431;0.0;302.431;0.0;0.0
10;0;153;160.189;0.0;0.0;0.0;79.493;0.0;0.0;79.493
10;0;154;399.351;146.694;0.0;0.0;172.153;0.0;0.0;172.153
10;0;155;756.566;241.663;0.0;0.0;446.429;0.0;30.645;415.784
10;0;156;643.497;235.261;0.0;0.0;324.188;0.0;0.0;324.188
10;0;157;1131.56;230.029;0.0;0.0;821.184;0.0;416.519;404.665
10;0;158;978.639;226.544;0.0;0.0;669.474;0.0;272.985;396.489
10;0;159;867.587;223.642;0.0;0.0;573.049;0.0;173.458;399.591
10;0;160;739.873;223.062;0.0;0.0;424.72;0.0;13.529;411.192
10;0;161;431.494;138.851;0.0;0.0;196.765;0.0;0.0;196.765
10;0;162;62.406;225.383;0.0;280.553;0.0;280.553;0.0;0.0
10;0;163;0.0;183.799;0.0;304.284;0.0;304.284;0.0;0.0
10;0;164;0.0;231.772;0.0;358.232;0.0;358.232;0.0;0.0
10;0;165;0.0;0.0;0.0;114.182;0.0;114.182;0.0;0.0
10;0;166;0.0;0.0;0.0;111.745;0.0;111.745;0.0;0.0
10;0;167;0.0;0.0;0.0;74.091;0.0;74.091;0.0;0.0
10;1;0;0.0;0.0;0.0;17.989;0.0;17.989;0.0;0.0
10;1;1;0.0;0.0;0.0;23.255;0.0;23.255;0.0;0.0
10;1;2;0.0;0.0;0.0;23.143;0.0;23.143;0.0;0.0
10;1;3;0.0;0.0;0.0;21.498;0.0;21.498;0.0;0.0
10;1;4;0.0;0.0;0.0;20.967;0.0;20.967;0.0;0.0
10;1;5;0.0;0.0;0.0;22.931;0.0;22.931;0.0;0.0
10;1;6;14.907;0.0;0.0;19.83;0.0;19.83;0.0;0.0
10;1;7;163.372;0.0;0.0;0.0;100.527;0.0;45.012;55.515
10;1;8;460.485;0.0;0.0;0.0;382.984;0.0;308.826;74.158
10;1;9;792.774;0.0;0.0;0.0;715.664;0.0;642.648;73.016
10;1;10;1055.723;0.0;0.0;0.0;974.646;0.0;888.379;86.268
10;1;11;1196.619;0.0;0.0;0.0;1118.699;0.0;1053.577;65.123
10;1;12;1306.537;0.0;0.0;0.0;1232.364;0.0;1157.301;75.063
10;1;13;1463.742;0.0;0.0;0.0;1379.892;0.0;1301.826;78.067
10;1;14;1198.998;0.0;0.0;0.0;1125.347;0.0;1053.014;72.333
10;1;15;817.84;0.0;0.0;0.0;740.933;0.0;681.885;59.048
10;1;16;558.875;0.0;0.0;0.0;472.095;0.0;393.334;78.761
10;1;17;338.396;20.753;0.0;0.0;206.354;0.0;105.978;100.376
10;1;18;148.427;0.0;0.0;0.0;41.366;0.0;0.0;41.366
10;1;19;5.725;0.0;0.0;116.646;0.0;116.646;0.0;0.0
10;1;20;0.0;0.0;0.0;124.403;0.0;124.403;0.0;0.0
10;1;21;0.0;0.0;0.0;111.132;0.0;111.132;0.0;0.0
10;1;22;0.0;0.0;0.0;104.452;0.0;104.452;0.0;0.0
10;1;23;0.0;0.0;0.0;77.846;0.0;77.846;0.0;0.0
10;1;24;0.0;0.0;0.0;17.355;0.0;17.355;0.0;0.0
10;1;25;0.0;0.0;0.0;26.723;0.0;26.723;0.0;0.0
10;1;26;0.0;0.0;0.0;23.085;0.0;23.085;0.0;0.0
10;1;27;0.0;0.0;0.0;23.11;0.0;23.11;0.0;0.0
10;1;28;0.0;0.0;0.0;24.173;0.0;24.173;0.0;0.0
10;1;29;0.0;0.0;0.0;25.641;0.0;25.641;0.0;0.0
10;1;30;12.127;0.0;0.0;16.149;0.0;16.149;0.0;0.0
10;1;31;151.202;13.059;0.0;0.0;71.296;0.0;0.0;71.296
10;1;32;447.646;3.822;0.0;0.0;366.915;0.0;290.781;76.134
10;1;33;752.485;3.633;0.0;0.0;673.414;0.0;603.84;69.575
10;1;34;974.467;3.399;0.0;0.0;895.499;0.0;806.588;88.911
10;1;35;1177.714;3.534;0.0;0.0;1095.603;0.0;1027.251;68.352
10;1;36;1427.513;7.141;0.0;0.0;1359.447;0.0;1282.343;77.104
10;1;37;1456.308;2.713;0.0;0.0;1381.4;0.0;1309.232;72.167
10;1;38;1363.277;3.316;0.0;0.0;1283.919;0.0;1216.863;67.057
10;1;39;1155.774;6.368;0.0;0.0;1075.548;0.0;997.719;77.829
10;1;40;865.415;0.0;0.0;0.0;783.343;0.0;703.571;79.772
10;1;41;515.81;90.256;0.0;0.0;337.391;0.0;137.453;199.938
10;1;42;227.674;0.0;0.0;0.0;129.277;0.0;45.969;83.308
10;1;43;22.031;0.0;0.0;100.453;0.0;100.453;0.0;0.0
10;1;44;0.0;0.0;0.0;131.598;0.0;131.598;0.0;0.0
10;1;45;0.0;0.0;0.0;118.838;0.0;118.838;0.0;0.0
10;1;46;0.0;0.0;0.0;107.994;0.0;107.994;0.0;0.0
10;1;47;0.0;0.0;0.0;70.285;0.0;70.285;0.0;0.0
10;1;48;0.0;0.0;0.0;17.385;0.0;17.385;0.0;0.0
10;1;49;0.0;0.0;0.0;24.797;0.0;24.797;0.0;0.0
10;1;50;0.0;0.0;0.0;24.379;0.0;24.379;0.0;0.0
10;1;51;0.0;0.0;0.0;23.103;0.0;23.103;0.0;0.0
10;1;52;0.0;0.0;0.0;21.947;0.0;21.947;0.0;0.0
10;1;53;0.0;0.0;0.0;22.954;0.0;22.954;0.0;0.0
10;1;54;7.2;0.0;0.0;28.043;0.0;28.043;0.0;0.0
10;1;55;91.203;0.0;0.0;0.0;36.113;0.0;0.0;36.113
10;1;56;360.89;0.0;0.0;0.0;285.456;0.0;207.64;77.816
10;1;57;680.976;0.0;0.0;0.0;621.287;0.0;564.974;56.314
10;1;58;953.877;4.207;0.0;0.0;864.305;0.0;777.364;86.941
10;1;59;1143.56;3.559;0.0;0.0;1067.712;0.0;984.6;83.111
10;1;60;1310.13;3.208;0.0;0.0;1235.268;0.0;1162.225;73.043
10;1;61;1172.06;2.839;0.0;0.0;1090.857;0.0;1023.58;67.277
10;1;62;772.069;3.742;0.0;0.0;694.663;0.0;626.074;68.589
10;1;63;323.507;100.124;0.0;0.0;147.607;0.0;0.0;147.607
10;1;64;521.817;0.0;0.0;0.0;449.551;0.0;357.252;92.299
10;1;65;401.173;0.0;0.0;0.0;306.829;0.0;230.848;75.981
10;1;66;165.212;0.0;0.0;0.0;59.226;0.0;0.0;59.226
10;1;67;20.052;0.0;0.0;104.112;0.0;104.112;0.0;0.0
10;1;68;0.0;0.0;0.0;131.535;0.0;131.535;0.0;0.0
10;1;69;0.0;0.0;0.0;115.146;0.0;115.146;0.0;0.0
10;1;70;0.0;0.0;0.0;119.896;0.0;119.896;0.0;0.0
10;1;71;0.0;0.0;0.0;84.662;0.0;84.662;0.0;0.0
10;1;72;0.0;0.0;0.0;17.365;0.0;17.365;0.0;0.0
10;1;73;0.0;0.0;0.0;24.07;0.0;24.07;0.0;0.0
10;1;74;0.0;0.0;0.0;22.578;0.0;22.578;0.0;0.0
10;1;75;0.0;0.0;0.0;22.352;0.0;22.352;0.0;0.0
10;1;76;0.0;0.0;0.0;24.16;0.0;24.16;0.0;0.0
10;1;77;0.0;0.0;0.0;23.863;0.0;23.863;0.0;0.0
10;1;78;8.712;0.0;0.0;15.871;0.0;15.871;0.0;0.0
10;1;79;114.234;0.0;0.0;0.0;71.997;0.0;45.491;26.506
10;1;80;409.937;0.0;0.0;0.0;366.016;0.0;307.829;58.186
10;1;81;786.502;4.026;0.0;0.0;718.633;0.0;638.546;80.087
10;1;82;1096.43;4.031;0.0;0.0;1033.586;0.0;952.358;81.228
10;1;83;1325.353;3.865;0.0;0.0;1257.373;0.0;1183.514;73.859
10;1;84;1421.299;3.09;0.0;0.0;1345.388;0.0;1266.919;78.468
10;1;85;1321.266;3.937;0.0;0.0;1237.275;0.0;1166.775;70.501
10;1;86;1163.54;3.047;0.0;0.0;1102.098;0.0;1025.64;76.458
10;1;87;1085.292;83.527;0.0;0.0;926.907;0.0;752.149;174.758
10;1;88;607.557;0.0;0.0;0.0;538.665;0.0;463.068;75.597
10;1;89;327.027;0.0;0.0;0.0;233.934;0.0;143.897;90.038
10;1;90;209.593;0.0;0.0;0.0;102.358;0.0;26.948;75.409
10;1;91;20.62;0.0;0.0;72.84;0.0;72.84;0.0;0.0
10;1;92;0.0;0.0;0.0;98.34;0.0;98.34;0.0;0.0
10;1;93;0.0;0.0;0.0;103.639;0.0;103.639;0.0;0.0
10;1;94;0.0;0.0;0.0;107.166;0.0;107.166;0.0;0.0
10;1;95;0.0;0.0;0.0;69.617;0.0;69.617;0.0;0.0
10;1;96;0.0;0.0;0.0;19.569;0.0;19.569;0.0;0.0
10;1;97;0.0;0.0;0.0;30.595;0.0;30.595;0.0;0.0
10;1;98;0.0;0.0;0.0;24.166;0.0;24.166;0.0;0.0
10;1;99;0.0;0.0;0.0;22.786;0.0;22.786;0.0;0.0
10;1;100;0.0;0.0;0.0;24.026;0.0;24.026;0.0;0.0
10;1;101;0.0;0.0;0.0;23.977;0.0;23.977;0.0;0.0
10;1;102;7.247;0.0;0.0;22.416;0.0;22.416;0.0;0.0
10;1;103;126.251;0.0;0.0;0.0;68.53;0.0;26.54;41.99
10;1;104;327.165;0.0;0.0;0.0;262.428;0.0;202.323;60.105
10;1;105;369.818;3.993;0.0;0.0;282.085;0.0;176.38;105.706
10;1;106;788.79;3.746;0.0;0.0;699.207;0.0;608.888;90.319
10;1;107;1352.389;4.135;0.0;0.0;1252.842;0.0;1157.932;94.91
10;1;108;1514.143;7.316;0.0;0.0;1420.815;0.0;1334.145;86.669
10;1;109;1229.481;3.06;0.0;0.0;1146.359;0.0;1060.176;86.183
10;1;110;646.678;3.926;0.0;0.0;557.008;0.0;463.044;93.964
10;1;111;510.825;3.122;0.0;0.0;428.921;0.0;344.14;84.781
10;1;112;468.201;3.631;0.0;0.0;362.08;0.0;275.649;86.432
10;1;113;372.61;62.783;0.0;0.0;215.881;0.0;32.683;183.198
10;1;114;196.533;0.0;0.0;0.0;95.674;0.0;8.9;86.775
10;1;115;19.276;0.0;0.0;89.303;0.0;89.303;0.0;0.0
10;1;116;0.0;0.0;0.0;116.126;0.0;116.126;0.0;0.0
10;1;117;0.0;0.0;0.0;116.674;0.0;116.674;0.0;0.0
10;1;118;0.0;0.0;0.0;105.6;0.0;105.6;0.0;0.0
10;1;119;0.0;0.0;0.0;89.315;0.0;89.315;0.0;0.0
10;1;120;0.0;0.0;0.0;17.254;0.0;17.254;0.0;0.0
10;1;121;0.0;0.0;0.0;25.948;0.0;25.948;0.0;0.0
10;1;122;0.0;0.0;0.0;21.824;0.0;21.824;0.0;0.0
10;1;123;0.0;0.0;0.0;24.068;0.0;24.068;0.0;0.0
10;1;124;0.0;0.0;0.0;21.652;0.0;21.652;0.0;0.0
10;1;125;0.0;0.0;0.0;22.917;0.0;22.917;0.0;0.0
10;1;126;4.337;0.0;0.0;29.437;0.0;29.437;0.0;0.0
10;1;127;95.061;11.994;0.0;0.0;0.0;0.0;0.0;0.0
10;1;128;416.208;0.0;0.0;0.0;326.458;0.0;251.899;74.559
10;1;129;779.133;4.095;0.0;0.0;696.489;0.0;621.535;74.954
10;1;130;1088.736;4.709;0.0;0.0;1011.078;0.0;941.237;69.84
10;1;131;1291.693;3.331;0.0;0.0;1217.416;0.0;1144.655;72.761
10;1;132;1410.491;6.517;0.0;0.0;1325.454;0.0;1246.041;79.412
10;1;133;1333.953;3.488;0.0;0.0;1259.187;0.0;1189.41;69.776
10;1;134;1055.165;3.115;0.0;0.0;968.371;0.0;900.385;67.986
10;1;135;747.004;3.313;0.0;0.0;663.94;0.0;599.153;64.787
10;1;136;581.825;2.823;0.0;0.0;491.721;0.0;388.192;103.529
10;1;137;452.442;72.256;0.0;0.0;287.941;0.0;117.747;170.194
10;1;138;201.654;0.0;0.0;0.0;79.994;0.0;0.0;79.994
10;1;139;17.424;0.0;0.0;114.997;0.0;114.997;0.0;0.0
10;1;140;0.0;0.0;0.0;123.776;0.0;123.776;0.0;0.0
10;1;141;0.0;0.0;0.0;100.279;0.0;100.279;0.0;0.0
10;1;142;0.0;0.0;0.0;107.191;0.0;107.191;0.0;0.0
10;1;143;0.0;0.0;0.0;84.711;0.0;84.711;0.0;0.0
10;1;144;0.0;0.0;0.0;17.57;0.0;17.57;0.0;0.0
10;1;145;0.0;0.0;0.0;23.791;0.0;23.791;0.0;0.0
10;1;146;0.0;0.0;0.0;23.035;0.0;23.035;0.0;0.0
10;1;147;0.0;0.0;0.0;22.002;0.0;22.002;0.0;0.0
10;1;148;0.0;0.0;0.0;22.518;0.0;22.518;0.0;0.0
10;1;149;0.0;0.0;0.0;21.913;0.0;21.913;0.0;0.0
10;1;150;2.872;0.0;0.0;23.536;0.0;23.536;0.0;0.0
10;1;151;122.819;0.0;0.0;0.0;57.282;0.0;0.0;57.282
10;1;152;432.204;0.0;0.0;0.0;352.609;0.0;283.769;68.839
10;1;153;786.198;3.876;0.0;0.0;708.337;0.0;626.466;81.871
10;1;154;1092.945;3.393;0.0;0.0;1003.744;0.0;936.991;66.753
10;1;155;1321.567;3.27;0.0;0.0;1239.731;0.0;1170.12;69.61
10;1;156;1447.113;7.178;0.0;0.0;1360.588;0.0;1281.32;79.268
10;1;157;1423.82;2.928;0.0;0.0;1330.11;0.0;1254.161;75.948
10;1;158;1057.64;3.391;0.0;0.0;973.921;0.0;891.23;82.691
10;1;159;924.452;127.23;0.0;0.0;727.324;0.0;466.387;260.937
10;1;160;724.214;0.0;0.0;0.0;642.055;0.0;559.845;82.21
10;1;161;504.424;34.673;0.0;0.0;365.227;0.0;224.061;141.166
10;1;162;194.563;0.0;0.0;0.0;87.678;0.0;0.0;87.678
10;1;163;16.255;0.0;0.0;106.081;0.0;106.081;0.0;0.0
10;1;164;0.0;0.0;0.0;124.667;0.0;124.667;0.0;0.0
10;1;165;0.0;0.0;0.0;123.342;0.0;123.342;0.0;0.0
10;1;166;0.0;0.0;0.0;120.635;0.0;120.635;0.0;0.0
10;1;167;0.0;0.0;0.0;95.676;0.0;95.676;0.0;0.0
10;2;0;0.0;0.0;0.0;16.569;0.0;16.569;0.0;0.0
10;2;1;0.0;0.0;0.0;24.058;0.0;24.058;0.0;0.0
10;2;2;0.0;193.391;0.0;215.473;0.0;215.473;0.0;0.0
10;2;3;0.0;0.0;0.0;22.732;0.0;22.732;0.0;0.0
10;2;4;0.0;0.0;0.0;21.26;0.0;21.26;0.0;0.0
10;2;5;0.0;199.909;0.0;221.765;0.0;221.765;0.0;0.0
10;2;6;0.0;0.0;0.0;24.451;0.0;24.451;0.0;0.0
10;2;7;0.0;0.0;0.0;78.936;0.0;78.936;0.0;0.0
10;2;8;49.865;0.0;0.0;56.673;0.0;56.673;0.0;0.0
10;2;9;235.264;57.163;0.0;0.0;91.701;0.0;0.0;91.701
10;2;10;744.576;71.617;0.0;0.0;591.886;0.0;400.431;191.455
10;2;11;1087.233;63.372;0.0;0.0;961.034;0.0;787.601;173.433
10;2;12;988.05;139.6;0.0;0.0;771.587;0.0;622.691;148.896
10;2;13;611.386;186.641;0.0;0.0;348.517;0.0;13.993;334.524
10;2;14;491.601;186.065;0.0;0.0;228.837;0.0;0.0;228.837
10;2;15;631.459;185.489;0.0;0.0;360.638;0.0;21.612;339.026
10;2;16;310.826;66.555;0.0;0.0;154.254;0.0;0.0;154.254
10;2;17;48.629;28.885;0.0;108.721;0.0;108.721;0.0;0.0
10;2;18;0.0;0.0;0.0;117.045;0.0;117.045;0.0;0.0
10;2;19;0.0;109.563;0.0;225.079;0.0;225.079;0.0;0.0
10;2;20;0.0;61.657;0.0;198.097;0.0;198.097;0.0;0.0
10;2;21;0.0;0.0;0.0;128.435;0.0;128.435;0.0;0.0
10;2;22;0.0;0.0;0.0;118.614;0.0;118.614;0.0;0.0
10;2;23;0.0;0.0;0.0;75.193;0.0;75.193;0.0;0.0
10;2;24;0.0;0.0;0.0;16.598;0.0;16.598;0.0;0.0
10;2;25;0.0;0.0;0.0;25.986;0.0;25.986;0.0;0.0
10;2;26;0.0;0.0;0.0;23.725;0.0;23.725;0.0;0.0
10;2;27;0.0;0.0;0.0;22.308;0.0;22.308;0.0;0.0
10;2;28;0.0;139.4;0.0;160.888;0.0;160.888;0.0;0.0
10;2;29;0.0;0.0;0.0;22.928;0.0;22.928;0.0;0.0
10;2;30;0.0;143.915;0.0;169.768;0.0;169.768;0.0;0.0
10;2;31;0.0;146.55;0.0;229.467;0.0;229.467;0.0;0.0
10;2;32;80.242;132.785;0.0;145.319;0.0;145.319;0.0;0.0
10;2;33;393.467;124.834;0.0;0.0;185.079;0.0;0.0;185.079
10;2;34;615.293;107.901;0.0;0.0;432.846;0.0;183.97;248.876
10;2;35;848.206;142.042;0.0;0.0;643.758;0.0;432.726;211.032
10;2;36;914.591;192.406;0.0;0.0;655.086;0.0;425.093;229.994
10;2;37;782.936;184.337;0.0;0.0;516.947;0.0;176.976;339.971
10;2;38;627.666;177.429;0.0;0.0;369.729;0.0;30.402;339.327
10;2;39;426.762;173.978;0.0;0.0;190.107;0.0;0.0;190.107
10;2;40;114.228;0.0;0.0;0.0;26.542;0.0;0.0;26.542
10;2;41;30.603;48.836;0.0;129.547;0.0;129.547;0.0;0.0
10;2;42;0.0;0.0;0.0;128.916;0.0;128.916;0.0;0.0
10;2;43;0.0;0.0;0.0;117.534;0.0;117.534;0.0;0.0
10;2;44;0.0;0.0;0.0;125.484;0.0;125.484;0.0;0.0
10;2;45;0.0;0.0;0.0;117.909;0.0;117.909;0.0;0.0
10;2;46;0.0;0.0;0.0;101.152;0.0;101.152;0.0;0.0
10;2;47;0.0;0.0;0.0;76.364;0.0;76.364;0.0;0.0
10;2;48;0.0;0.0;0.0;20.281;0.0;20.281;0.0;0.0
10;2;49;0.0;0.0;0.0;21.822;0.0;21.822;0.0;0.0
10;2;50;0.0;0.0;0.0;21.659;0.0;21.659;0.0;0.0
10;2;51;0.0;0.0;0.0;22.291;0.0;22.291;0.0;0.0
10;2;52;0.0;0.0;0.0;22.307;0.0;22.307;0.0;0.0
10;2;53;0.0;0.0;0.0;22.238;0.0;22.238;0.0;0.0
10;2;54;0.0;54.706;0.0;83.833;0.0;83.833;0.0;0.0
10;2;55;0.0;81.539;0.0;153.365;0.0;153.365;0.0;0.0
10;2;56;32.022;81.444;0.0;141.453;0.0;141.453;0.0;0.0
10;2;57;75.067;52.302;0.0;59.589;0.0;59.589;0.0;0.0
10;2;58;276.298;59.695;0.0;0.0;146.151;0.0;0.0;146.151
10;2;59;302.927;102.806;0.0;0.0;136.322;0.0;0.0;136.322
10;2;60;542.656;179.73;0.0;0.0;281.526;0.0;0.0;281.526
10;2;61;510.591;178.004;0.0;0.0;258.433;0.0;0.0;258.433
10;2;62;324.722;81.985;0.0;0.0;162.449;0.0;0.0;162.449
10;2;63;471.499;164.151;0.0;0.0;237.7;0.0;0.0;237.7
10;2;64;60.054;0.0;0.0;25.784;0.0;25.784;0.0;0.0
10;2;65;16.245;0.0;0.0;96.958;0.0;96.958;0.0;0.0
10;2;66;0.0;0.0;0.0;126.611;0.0;126.611;0.0;0.0
10;2;67;0.0;0.0;0.0;125.841;0.0;125.841;0.0;0.0
10;2;68;0.0;0.0;0.0;136.313;0.0;136.313;0.0;0.0
10;2;69;0.0;0.0;0.0;111.207;0.0;111.207;0.0;0.0
10;2;70;0.0;0.0;0.0;124.524;0.0;124.524;0.0;0.0
10;2;71;0.0;0.0;0.0;67.876;0.0;67.876;0.0;0.0
10;2;72;0.0;0.0;0.0;18.428;0.0;18.428;0.0;0.0
10;2;73;0.0;0.0;0.0;26.113;0.0;26.113;0.0;0.0
10;2;74;0.0;0.0;0.0;20.466;0.0;20.466;0.0;0.0
10;2;75;0.0;0.0;0.0;26.362;0.0;26.362;0.0;0.0
10;2;76;0.0;0.0;0.0;23.074;0.0;23.074;0.0;0.0
10;2;77;0.0;0.0;0.0;25.414;0.0;25.414;0.0;0.0
10;2;78;0.0;0.0;0.0;27.53;0.0;27.53;0.0;0.0
10;2;79;0.0;56.826;0.0;96.352;0.0;96.352;0.0;0.0
10;2;80;22.695;142.813;0.0;176.101;0.0;176.101;0.0;0.0
10;2;81;127.604;0.0;0.0;0.0;45.54;0.0;0.0;45.54
10;2;82;482.424;193.559;0.0;0.0;218.386;0.0;0.0;218.386
10;2;83;505.156;186.065;0.0;0.0;255.613;0.0;0.0;255.613
10;2;84;227.137;0.0;0.0;0.0;160.767;0.0;0.0;160.767
10;2;85;252.28;0.0;0.0;0.0;164.749;0.0;0.0;164.749
10;2;86;380.483;147.032;0.0;0.0;174.513;0.0;0.0;174.513
10;2;87;164.111;0.0;0.0;0.0;97.352;0.0;0.0;97.352
10;2;88;43.821;0.0;0.0;41.721;0.0;41.721;0.0;0.0
10;2;89;7.308;0.0;0.0;95.852;0.0;95.852;0.0;0.0
10;2;90;0.0;0.0;0.0;88.756;0.0;88.756;0.0;0.0
10;2;91;0.0;0.0;0.0;102.16;0.0;102.16;0.0;0.0
10;2;92;0.0;189.523;0.0;316.618;0.0;316.618;0.0;0.0
10;2;93;0.0;0.0;0.0;116.732;0.0;116.732;0.0;0.0
10;2;94;0.0;0.0;0.0;105.049;0.0;105.049;0.0;0.0
10;2;95;0.0;0.0;0.0;78.293;0.0;78.293;0.0;0.0
10;2;96;0.0;0.0;0.0;18.844;0.0;18.844;0.0;0.0
10;2;97;0.0;0.0;0.0;26.883;0.0;26.883;0.0;0.0
10;2;98;0.0;0.0;0.0;23.697;0.0;23.697;0.0;0.0
10;2;99;0.0;203.375;0.0;227.935;0.0;227.935;0.0;0.0
10;2;100;0.0;57.798;0.0;79.704;0.0;79.704;0.0;0.0
10;2;101;0.0;0.0;0.0;23.644;0.0;23.644;0.0;0.0
10;2;102;0.0;112.855;0.0;142.001;0.0;142.001;0.0;0.0
10;2;103;0.0;112.456;0.0;177.743;0.0;177.743;0.0;0.0
10;2;104;24.592;98.089;0.0;172.741;0.0;172.741;0.0;0.0
10;2;105;90.014;149.168;0.0;153.766;0.0;153.766;0.0;0.0
10;2;106;181.178;77.997;0.0;0.0;0.0;0.0;0.0;0.0
10;2;107;180.283;95.217;0.0;0.0;0.0;0.0;0.0;0.0
10;2;108;212.337;121.576;0.0;0.0;0.0;0.0;0.0;0.0
10;2;109;148.409;37.511;0.0;0.0;0.0;0.0;0.0;0.0
10;2;110;122.953;39.465;0.0;0.0;0.0;0.0;0.0;0.0
10;2;111;107.449;0.0;0.0;0.0;0.0;0.0;0.0;0.0
10;2;112;58.07;63.447;0.0;109.611;0.0;109.611;0.0;0.0
10;2;113;24.247;60.115;0.0;175.508;0.0;175.508;0.0;0.0
10;2;114;0.0;74.319;0.0;205.979;0.0;205.979;0.0;0.0
10;2;115;0.0;77.85;0.0;204.697;0.0;204.697;0.0;0.0
10;2;116;0.0;83.512;0.0;188.912;0.0;188.912;0.0;0.0
10;2;117;0.0;81.865;0.0;201.705;0.0;201.705;0.0;0.0
10;2;118;0.0;72.727;0.0;172.637;0.0;172.637;0.0;0.0
10;2;119;0.0;206.265;0.0;274.394;0.0;274.394;0.0;0.0
10;2;120;0.0;0.0;0.0;20.172;0.0;20.172;0.0;0.0
10;2;121;0.0;149.418;0.0;175.81;0.0;175.81;0.0;0.0
10;2;122;0.0;0.0;0.0;22.526;0.0;22.526;0.0;0.0
10;2;123;0.0;101.318;0.0;124.623;0.0;124.623;0.0;0.0
10;2;124;0.0;103.695;0.0;125.454;0.0;125.454;0.0;0.0
10;2;125;0.0;105.726;0.0;129.97;0.0;129.97;0.0;0.0
10;2;126;0.0;125.029;0.0;162.85;0.0;162.85;0.0;0.0
10;2;127;0.0;118.842;0.0;202.738;0.0;202.738;0.0;0.0
10;2;128;8.857;102.463;0.0;199.837;0.0;199.837;0.0;0.0
10;2;129;93.329;182.06;0.0;188.192;0.0;188.192;0.0;0.0
10;2;130;203.697;9.656;0.0;0.0;113.491;0.0;0.0;113.491
10;2;131;316.181;85.049;0.0;0.0;167.159;0.0;0.0;167.159
10;2;132;600.539;195.867;0.0;0.0;326.71;0.0;25.527;301.183
10;2;133;704.299;192.406;0.0;0.0;426.962;0.0;67.618;359.344
10;2;134;682.204;191.252;0.0;0.0;418.996;0.0;77.512;341.485
10;2;135;394.253;93.43;0.0;0.0;219.815;0.0;0.0;219.815
10;2;136;186.903;0.0;0.0;0.0;96.166;0.0;0.0;96.166
10;2;137;12.314;0.0;0.0;92.113;0.0;92.113;0.0;0.0
10;2;138;0.0;0.0;0.0;132.304;0.0;132.304;0.0;0.0
10;2;139;0.0;138.285;0.0;263.738;0.0;263.738;0.0;0.0
10;2;140;0.0;0.0;0.0;110.529;0.0;110.529;0.0;0.0
10;2;141;0.0;0.0;0.0;103.225;0.0;103.225;0.0;0.0
10;2;142;0.0;0.0;0.0;99.76;0.0;99.76;0.0;0.0
10;2;143;0.0;0.0;0.0;72.931;0.0;72.931;0.0;0.0
10;2;144;0.0;88.495;0.0;108.584;0.0;108.584;0.0;0.0
10;2;145;0.0;91.121;0.0;118.575;0.0;118.575;0.0;0.0
10;2;146;0.0;95.435;0.0;116.731;0.0;116.731;0.0;0.0
10;2;147;0.0;97.665;0.0;119.808;0.0;119.808;0.0;0.0
10;2;148;0.0;100.762;0.0;122.462;0.0;122.462;0.0;0.0
10;2;149;0.0;101.1;0.0;121.727;0.0;121.727;0.0;0.0
10;2;150;0.0;121.508;0.0;150.967;0.0;150.967;0.0;0.0
10;2;151;0.0;122.022;0.0;196.515;0.0;196.515;0.0;0.0
10;2;152;37.008;201.679;0.0;262.414;0.0;262.414;0.0;0.0
10;2;153;191.24;0.0;0.0;0.0;100.184;0.0;0.0;100.184
10;2;154;277.555;94.646;0.0;0.0;103.675;0.0;0.0;103.675
10;2;155;368.166;99.031;0.0;0.0;204.258;0.0;0.0;204.258
10;2;156;379.588;111.136;0.0;0.0;193.205;0.0;0.0;193.205
10;2;157;453.429;89.308;0.0;0.0;282.16;0.0;0.0;282.16
10;2;158;384.994;104.748;0.0;0.0;192.796;0.0;0.0;192.796
10;2;159;169.146;0.0;0.0;0.0;95.561;0.0;0.0;95.561
10;2;160;209.94;0.0;0.0;0.0;126.213;0.0;0.0;126.213
10;2;161;10.395;47.035;0.0;140.071;0.0;140.071;0.0;0.0
10;2;162;0.0;58.692;0.0;186.74;0.0;186.74;0.0;0.0
10;2;163;0.0;61.499;0.0;204.398;0.0;204.398;0.0;0.0
10;2;164;0.0;60.658;0.0;194.392;0.0;194.392;0.0;0.0
10;2;165;0.0;60.001;0.0;184.928;0.0;184.928;0.0;0.0
10;2;166;0.0;77.409;0.0;182.719;0.0;182.719;0.0;0.0
10;2;167;0.0;194.136;0.0;253.999;0.0;253.999;0.0;0.0
10;3;0;0.0;0.0;0.0;17.683;0.0;17.683;0.0;0.0
10;3;1;0.0;215.934;0.0;247.281;0.0;247.281;0.0;0.0
10;3;2;0.0;216.48;0.0;238.659;0.0;238.659;0.0;0.0
10;3;3;0.0;219.635;0.0;242.727;0.0;242.727;0.0;0.0
10;3;4;0.0;252.16;0.0;273.363;0.0;273.363;0.0;0.0
10;3;5;0.0;205.851;0.0;231.187;0.0;231.187;0.0;0.0
10;3;6;0.0;256.249;0.0;286.023;0.0;286.023;0.0;0.0
10;3;7;0.0;255.473;0.0;340.398;0.0;340.398;0.0;0.0
10;3;8;0.0;230.73;0.0;344.212;0.0;344.212;0.0;0.0
10;3;9;126.28;224.261;0.0;205.607;0.0;205.607;0.0;0.0
10;3;10;243.766;217.707;0.0;52.702;0.0;52.702;0.0;0.0
10;3;11;205.927;209.872;0.0;78.151;0.0;78.151;0.0;0.0
10;3;12;469.041;215.121;0.0;0.0;187.24;0.0;0.0;187.24
10;3;13;868.136;239.916;0.0;0.0;544.715;0.0;126.239;418.476
10;3;14;810.663;227.705;0.0;0.0;500.574;0.0;85.252;415.322
10;3;15;518.778;226.544;0.0;0.0;213.814;0.0;0.0;213.814
10;3;16;113.272;229.448;0.0;221.925;0.0;221.925;0.0;0.0
10;3;17;0.0;234.679;0.0;384.056;0.0;384.056;0.0;0.0
10;3;18;0.0;236.424;0.0;364.176;0.0;364.176;0.0;0.0
10;3;19;0.0;0.0;0.0;127.304;0.0;127.304;0.0;0.0
10;3;20;0.0;0.0;0.0;118.675;0.0;118.675;0.0;0.0
10;3;21;0.0;100.81;0.0;211.702;0.0;211.702;0.0;0.0
10;3;22;0.0;248.075;0.0;362.715;0.0;362.715;0.0;0.0
10;3;23;0.0;250.409;0.0;329.967;0.0;329.967;0.0;0.0
10;3;24;0.0;252.744;0.0;270.821;0.0;270.821;0.0;0.0
10;3;25;0.0;46.776;0.0;72.942;0.0;72.942;0.0;0.0
10;3;26;0.0;221.47;0.0;242.985;0.0;242.985;0.0;0.0
10;3;27;0.0;225.282;0.0;247.051;0.0;247.051;0.0;0.0
10;3;28;0.0;230.472;0.0;252.127;0.0;252.127;0.0;0.0
10;3;29;0.0;245.677;0.0;268.213;0.0;268.213;0.0;0.0
10;3;30;0.0;257.418;0.0;288.853;0.0;288.853;0.0;0.0
10;3;31;0.0;259.757;0.0;345.061;0.0;345.061;0.0;0.0
10;3;32;0.0;237.004;0.0;338.427;0.0;338.427;0.0;0.0
10;3;33;108.607;231.581;0.0;212.618;0.0;212.618;0.0;0.0
10;3;34;419.28;219.296;0.0;0.0;117.582;0.0;0.0;117.582
10;3;35;477.614;212.515;0.0;0.0;187.741;0.0;0.0;187.741
10;3;36;551.903;246.325;0.0;0.0;232.85;0.0;0.0;232.85
10;3;37;398.247;164.176;0.0;0.0;139.69;0.0;0.0;139.69
10;3;38;89.97;195.69;0.0;181.835;0.0;181.835;0.0;0.0
10;3;39;51.231;200.743;0.0;236.272;0.0;236.272;0.0;0.0
10;3;40;12.041;195.853;0.0;287.487;0.0;287.487;0.0;0.0
10;3;41;0.0;200.791;0.0;323.146;0.0;323.146;0.0;0.0
10;3;42;0.0;214.228;0.0;338.942;0.0;338.942;0.0;0.0
10;3;43;0.0;217.874;0.0;354.802;0.0;354.802;0.0;0.0
10;3;44;0.0;218.265;0.0;350.214;0.0;350.214;0.0;0.0
10;3;45;0.0;213.801;0.0;322.051;0.0;322.051;0.0;0.0
10;3;46;0.0;192.122;0.0;298.914;0.0;298.914;0.0;0.0
10;3;47;0.0;188.278;0.0;273.754;0.0;273.754;0.0;0.0
10;3;48;0.0;163.757;0.0;181.754;0.0;181.754;0.0;0.0
10;3;49;0.0;155.037;0.0;176.998;0.0;176.998;0.0;0.0
10;3;50;0.0;149.052;0.0;173.349;0.0;173.349;0.0;0.0
10;3;51;0.0;143.199;0.0;165.919;0.0;165.919;0.0;0.0
10;3;52;0.0;143.453;0.0;166.067;0.0;166.067;0.0;0.0
10;3;53;0.0;143.039;0.0;165.741;0.0;165.741;0.0;0.0
10;3;54;0.0;141.062;0.0;166.352;0.0;166.352;0.0;0.0
10;3;55;0.0;179.431;0.0;252.277;0.0;252.277;0.0;0.0
10;3;56;0.0;188.582;0.0;288.99;0.0;288.99;0.0;0.0
10;3;57;16.386;149.852;0.0;228.551;0.0;228.551;0.0;0.0
10;3;58;74.358;150.084;0.0;179.884;0.0;179.884;0.0;0.0
10;3;59;65.546;147.205;0.0;167.528;0.0;167.528;0.0;0.0
10;3;60;226.885;144.64;0.0;0.0;0.0;0.0;0.0;0.0
10;3;61;511.229;221.902;0.0;0.0;223.471;0.0;0.0;223.471
10;3;62;301.292;33.212;0.0;0.0;198.212;0.0;0.0;198.212
10;3;63;218.193;136.859;0.0;0.0;0.0;0.0;0.0;0.0
10;3;64;27.606;127.084;0.0;203.46;0.0;203.46;0.0;0.0
10;3;65;0.0;220.162;0.0;337.225;0.0;337.225;0.0;0.0
10;3;66;0.0;221.902;0.0;345.625;0.0;345.625;0.0;0.0
10;3;67;0.0;224.802;0.0;371.879;0.0;371.879;0.0;0.0
10;3;68;0.0;104.13;0.0;219.195;0.0;219.195;0.0;0.0
10;3;69;0.0;0.0;0.0;124.495;0.0;124.495;0.0;0.0
10;3;70;0.0;0.0;0.0;111.03;0.0;111.03;0.0;0.0
10;3;71;0.0;135.926;0.0;220.269;0.0;220.269;0.0;0.0
10;3;72;0.0;141.985;0.0;159.165;0.0;159.165;0.0;0.0
10;3;73;0.0;141.935;0.0;170.871;0.0;170.871;0.0;0.0
10;3;74;0.0;146.213;0.0;168.025;0.0;168.025;0.0;0.0
10;3;75;0.0;151.962;0.0;175.885;0.0;175.885;0.0;0.0
10;3;76;0.0;150.523;0.0;173.42;0.0;173.42;0.0;0.0
10;3;77;0.0;151.738;0.0;177.334;0.0;177.334;0.0;0.0
10;3;78;0.0;230.61;0.0;258.9;0.0;258.9;0.0;0.0
10;3;79;0.0;125.79;0.0;160.682;0.0;160.682;0.0;0.0
10;3;80;0.0;204.391;0.0;273.511;0.0;273.511;0.0;0.0
10;3;81;11.943;163.537;0.0;224.637;0.0;224.637;0.0;0.0
10;3;82;23.893;163.469;0.0;230.542;0.0;230.542;0.0;0.0
10;3;83;52.288;161.613;0.0;199.376;0.0;199.376;0.0;0.0
10;3;84;95.632;156.101;0.0;148.485;0.0;148.485;0.0;0.0
10;3;85;563.373;229.448;0.0;0.0;262.935;0.0;0.0;262.935
10;3;86;546.782;232.934;0.0;0.0;250.812;0.0;0.0;250.812
10;3;87;324.919;233.516;30.281;0.0;0.0;0.0;0.0;0.0
10;3;88;36.09;236.424;0.0;287.045;0.0;287.045;0.0;0.0
10;3;89;0.0;237.006;0.0;349.728;0.0;349.728;0.0;0.0
10;3;90;0.0;239.916;0.0;336.327;0.0;336.327;0.0;0.0
10;3;91;0.0;0.0;0.0;108.044;0.0;108.044;0.0;0.0
10;3;92;0.0;0.0;0.0;108.156;0.0;108.156;0.0;0.0
10;3;93;0.0;43.399;0.0;153.602;0.0;153.602;0.0;0.0
10;3;94;0.0;197.877;0.0;302.975;0.0;302.975;0.0;0.0
10;3;95;0.0;190.153;0.0;269.724;0.0;269.724;0.0;0.0
10;3;96;0.0;233.155;0.0;251.376;0.0;251.376;0.0;0.0
10;3;97;0.0;239.254;0.0;272.134;0.0;272.134;0.0;0.0
10;3;98;0.0;243.596;0.0;266.076;0.0;266.076;0.0;0.0
10;3;99;0.0;256.806;0.0;280.201;0.0;280.201;0.0;0.0
10;3;100;0.0;255.081;0.0;278.95;0.0;278.95;0.0;0.0
10;3;101;0.0;251.576;0.0;276.062;0.0;276.062;0.0;0.0
10;3;102;0.0;249.242;0.0;279.0;0.0;279.0;0.0;0.0
10;3;103;0.0;248.075;0.0;312.647;0.0;312.647;0.0;0.0
10;3;104;0.0;229.381;0.0;320.222;0.0;320.222;0.0;0.0
10;3;105;8.99;242.246;0.0;337.863;0.0;337.863;0.0;0.0
10;3;106;31.58;206.805;0.0;295.879;0.0;295.879;0.0;0.0
10;3;107;40.62;228.056;0.0;300.971;0.0;300.971;0.0;0.0
10;3;108;76.795;240.143;0.0;282.859;0.0;282.859;0.0;0.0
10;3;109;89.38;221.889;0.0;238.184;0.0;238.184;0.0;0.0
10;3;110;66.179;216.329;0.0;259.754;0.0;259.754;0.0;0.0
10;3;111;37.585;214.115;0.0;277.212;0.0;277.212;0.0;0.0
10;3;112;5.999;205.854;0.0;334.063;0.0;334.063;0.0;0.0
10;3;113;0.0;204.946;0.0;315.82;0.0;315.82;0.0;0.0
10;3;114;0.0;221.306;0.0;341.621;0.0;341.621;0.0;0.0
10;3;115;0.0;217.532;0.0;356.516;0.0;356.516;0.0;0.0
10;3;116;0.0;217.866;0.0;339.192;0.0;339.192;0.0;0.0
10;3;117;0.0;213.944;0.0;338.111;0.0;338.111;0.0;0.0
10;3;118;0.0;241.663;0.0;348.616;0.0;348.616;0.0;0.0
10;3;119;0.0;242.828;0.0;315.716;0.0;315.716;0.0;0.0
10;3;120;0.0;242.828;0.0;259.712;0.0;259.712;0.0;0.0
10;3;121;0.0;243.994;0.0;267.462;0.0;267.462;0.0;0.0
10;3;122;0.0;247.492;0.0;270.443;0.0;270.443;0.0;0.0
10;3;123;0.0;251.576;0.0;272.88;0.0;272.88;0.0;0.0
10;3;124;0.0;256.249;0.0;277.81;0.0;277.81;0.0;0.0
10;3;125;0.0;21.658;0.0;43.249;0.0;43.249;0.0;0.0
10;3;126;0.0;259.173;0.0;286.676;0.0;286.676;0.0;0.0
10;3;127;0.0;259.757;0.0;329.975;0.0;329.975;0.0;0.0
10;3;128;0.0;242.7;0.0;360.018;0.0;360.018;0.0;0.0
10;3;129;28.368;240.754;0.0;302.531;0.0;302.531;0.0;0.0
10;3;130;74.396;227.092;0.0;252.075;0.0;252.075;0.0;0.0
10;3;131;69.183;222.555;0.0;248.271;0.0;248.271;0.0;0.0
10;3;132;187.266;229.871;0.0;123.827;0.0;123.827;0.0;0.0
10;3;133;208.862;204.761;0.0;79.716;0.0;79.716;0.0;0.0
10;3;134;51.047;203.483;0.0;237.059;0.0;237.059;0.0;0.0
10;3;135;33.057;203.105;0.0;266.213;0.0;266.213;0.0;0.0
10;3;136;2.996;244.577;0.0;357.39;0.0;357.39;0.0;0.0
10;3;137;0.0;158.372;0.0;269.83;0.0;269.83;0.0;0.0
10;3;138;0.0;225.661;0.0;345.257;0.0;345.257;0.0;0.0
10;3;139;0.0;250.993;0.0;390.442;0.0;390.442;0.0;0.0
10;3;140;0.0;210.172;0.0;334.092;0.0;334.092;0.0;0.0
10;3;141;0.0;237.517;0.0;374.632;0.0;374.632;0.0;0.0
10;3;142;0.0;224.495;0.0;336.503;0.0;336.503;0.0;0.0
10;3;143;0.0;230.934;0.0;315.757;0.0;315.757;0.0;0.0
10;3;144;0.0;255.081;0.0;272.024;0.0;272.024;0.0;0.0
10;3;145;0.0;219.875;0.0;245.887;0.0;245.887;0.0;0.0
10;3;146;0.0;256.834;0.0;278.63;0.0;278.63;0.0;0.0
10;3;147;0.0;241.018;0.0;268.064;0.0;268.064;0.0;0.0
10;3;148;0.0;258.588;0.0;281.041;0.0;281.041;0.0;0.0
10;3;149;0.0;259.173;0.0;284.473;0.0;284.473;0.0;0.0
10;3;150;0.0;257.418;0.0;290.527;0.0;290.527;0.0;0.0
10;3;151;0.0;255.081;0.0;334.883;0.0;334.883;0.0;0.0
10;3;152;0.0;238.182;0.0;343.876;0.0;343.876;0.0;0.0
10;3;153;100.464;218.598;0.0;219.597;0.0;219.597;0.0;0.0
10;3;154;280.617;205.727;0.0;5.544;0.0;5.544;0.0;0.0
10;3;155;137.379;188.359;0.0;123.364;0.0;123.364;0.0;0.0
10;3;156;85.131;188.182;0.0;188.179;0.0;188.179;0.0;0.0
10;3;157;96.225;229.448;0.0;219.371;0.0;219.371;0.0;0.0
10;3;158;65.702;113.158;0.0;140.253;0.0;140.253;0.0;0.0
10;3;159;28.345;170.376;0.0;230.16;0.0;230.16;0.0;0.0
10;3;160;13.435;162.631;0.0;264.551;0.0;264.551;0.0;0.0
10;3;161;0.0;159.419;0.0;290.205;0.0;290.205;0.0;0.0
10;3;162;0.0;177.326;0.0;300.383;0.0;300.383;0.0;0.0
10;3;163;0.0;170.233;0.0;301.621;0.0;301.621;0.0;0.0
10;3;164;0.0;171.009;0.0;290.547;0.0;290.547;0.0;0.0
10;3;165;0.0;214.839;0.0;321.65;0.0;321.65;0.0;0.0
10;3;166;0.0;228.286;0.0;345.557;0.0;345.557;0.0;0.0
10;3;167;0.0;230.61;0.0;308.079;0.0;308.079;0.0;0.0
15;0;0;0.0;235.261;88.031;340.365;0.0;340.365;0.0;0.0
15;0;1;0.0;237.588;88.031;349.668;0.0;349.668;0.0;0.0
15;0;2;0.0;0.0;0.0;21.506;0.0;21.506;0.0;0.0
15;0;3;0.0;243.994;88.031;355.639;0.0;355.639;0.0;0.0
15;0;4;0.0;244.577;88.031;356.257;0.0;356.257;0.0;0.0
15;0;5;0.0;243.411;18.02;286.823;0.0;286.823;0.0;0.0
15;0;6;0.0;241.081;0.0;267.149;0.0;267.149;0.0;0.0
15;0;7;1.491;235.842;0.0;304.181;0.0;304.181;0.0;0.0
15;0;8;20.855;228.867;0.0;311.566;0.0;311.566;0.0;0.0
15;0;9;209.246;0.0;0.0;0.0;123.587;0.0;0.0;123.587
15;0;10;217.791;0.0;0.0;0.0;140.676;0.0;0.0;140.676
15;0;11;122.2;0.0;0.0;0.0;47.052;0.0;0.0;47.052
15;0;12;422.152;0.0;0.0;0.0;357.288;0.0;0.0;357.288
15;0;13;660.977;169.316;0.0;0.0;412.861;0.0;0.0;412.861
15;0;14;473.762;0.0;0.0;0.0;393.003;0.0;0.0;393.003
15;0;15;185.298;0.0;0.0;0.0;114.548;0.0;0.0;114.548
15;0;16;116.073;0.0;0.0;0.0;28.187;0.0;0.0;28.187
15;0;17;66.516;78.014;0.0;122.955;0.0;122.955;0.0;0.0
15;0;18;26.653;210.315;0.0;312.839;0.0;312.839;0.0;0.0
15;0;19;0.0;212.63;0.0;348.39;0.0;348.39;0.0;0.0
15;0;20;0.0;213.788;0.0;351.967;0.0;351.967;0.0;0.0
15;0;21;0.0;0.0;0.0;124.574;0.0;124.574;0.0;0.0
15;0;22;0.0;199.78;88.031;384.159;0.0;384.159;0.0;0.0
15;0;23;0.0;0.0;0.0;83.576;0.0;83.576;0.0;0.0
15;0;24;0.0;0.0;0.0;17.311;0.0;17.311;0.0;0.0
15;0;25;0.0;240.498;88.031;356.076;0.0;356.076;0.0;0.0
15;0;26;0.0;242.246;88.031;354.215;0.0;354.215;0.0;0.0
15;0;27;0.0;243.994;88.031;355.995;0.0;355.995;0.0;0.0
15;0;28;0.0;243.994;88.031;353.365;0.0;353.365;0.0;0.0
15;0;29;0.0;244.577;0.0;268.301;0.0;268.301;0.0;0.0
15;0;30;0.0;248.658;0.0;277.35;0.0;277.35;0.0;0.0
15;0;31;1.5;248.658;0.0;322.181;0.0;322.181;0.0;0.0
15;0;32;89.181;248.075;0.0;264.194;0.0;264.194;0.0;0.0
15;0;33;189.942;0.0;0.0;0.0;110.125;0.0;0.0;110.125
15;0;34;205.243;0.0;0.0;0.0;126.197;0.0;0.0;126.197
15;0;35;173.812;0.0;0.0;0.0;98.798;0.0;0.0;98.798
15;0;36;153.455;0.0;0.0;0.0;82.536;0.0;0.0;82.536
15;0;37;128.677;0.0;0.0;0.0;49.73;0.0;0.0;49.73
15;0;38;148.907;0.0;0.0;0.0;72.671;0.0;0.0;72.671
15;0;39;231.31;0.0;0.0;0.0;153.15;0.0;0.0;153.15
15;0;40;145.627;0.0;0.0;0.0;64.828;0.0;0.0;64.828
15;0;41;50.759;129.897;0.0;183.456;0.0;183.456;0.0;0.0
15;0;42;14.922;141.428;0.0;259.5;0.0;259.5;0.0;0.0
15;0;43;0.0;146.331;0.0;272.353;0.0;272.353;0.0;0.0
15;0;44;0.0;151.913;0.0;281.242;0.0;281.242;0.0;0.0
15;0;45;0.0;155.118;0.0;271.288;0.0;271.288;0.0;0.0
15;0;46;0.0;135.39;0.0;255.58;0.0;255.58;0.0;0.0
15;0;47;0.0;141.912;0.0;215.394;0.0;215.394;0.0;0.0
15;0;48;0.0;130.573;0.0;147.605;0.0;147.605;0.0;0.0
15;0;49;0.0;129.064;0.0;154.742;0.0;154.742;0.0;0.0
15;0;50;0.0;130.391;0.0;153.709;0.0;153.709;0.0;0.0
15;0;51;0.0;132.721;0.0;154.601;0.0;154.601;0.0;0.0
15;0;52;0.0;231.772;0.0;252.078;0.0;252.078;0.0;0.0
15;0;53;0.0;231.772;0.0;253.282;0.0;253.282;0.0;0.0
15;0;54;0.0;230.61;0.0;257.466;0.0;257.466;0.0;0.0
15;0;55;2.975;228.867;0.0;292.238;0.0;292.238;0.0;0.0
15;0;56;64.212;228.867;0.0;257.399;0.0;257.399;0.0;0.0
15;0;57;151.97;0.0;0.0;0.0;69.705;0.0;0.0;69.705
15;0;58;315.687;0.0;0.0;0.0;237.805;0.0;0.0;237.805
15;0;59;642.212;215.525;0.0;0.0;365.837;0.0;62.746;303.091
15;0;60;574.456;209.736;0.0;0.0;298.556;0.0;0.0;298.556
15;0;61;360.207;0.0;0.0;0.0;287.211;0.0;0.0;287.211
15;0;62;414.533;0.0;0.0;0.0;339.707;0.0;0.0;339.707
15;0;63;872.12;106.158;0.0;0.0;697.271;0.0;321.192;376.08
15;0;64;487.982;0.0;0.0;0.0;405.9;0.0;0.0;405.9
15;0;65;203.575;0.0;0.0;0.0;122.353;0.0;0.0;122.353
15;0;66;44.972;126.407;0.0;194.791;0.0;194.791;0.0;0.0
15;0;67;0.0;202.219;0.0;331.029;0.0;331.029;0.0;0.0
15;0;68;0.0;0.0;0.0;124.094;0.0;124.094;0.0;0.0
15;0;69;0.0;0.0;0.0;126.043;0.0;126.043;0.0;0.0
15;0;70;0.0;0.0;0.0;122.167;0.0;122.167;0.0;0.0
15;0;71;0.0;69.18;0.0;148.78;0.0;148.78;0.0;0.0
15;0;72;0.0;156.671;0.0;174.44;0.0;174.44;0.0;0.0
15;0;73;0.0;0.0;0.0;25.904;0.0;25.904;0.0;0.0
15;0;74;0.0;213.209;0.0;234.287;0.0;234.287;0.0;0.0
15;0;75;0.0;213.209;0.0;236.219;0.0;236.219;0.0;0.0
15;0;76;0.0;211.472;0.0;232.575;0.0;232.575;0.0;0.0
15;0;77;0.0;210.893;0.0;231.676;0.0;231.676;0.0;0.0
15;0;78;0.0;210.893;0.0;238.311;0.0;238.311;0.0;0.0
15;0;79;0.0;197.168;0.0;239.343;0.0;239.343;0.0;0.0
15;0;80;44.321;121.197;0.0;131.365;0.0;131.365;0.0;0.0
15;0;81;101.23;0.0;0.0;0.0;36.837;0.0;0.0;36.837
15;0;82;140.443;0.0;0.0;0.0;54.793;0.0;0.0;54.793
15;0;83;161.225;0.0;0.0;0.0;87.594;0.0;0.0;87.594
15;0;84;177.993;0.0;0.0;0.0;106.72;0.0;0.0;106.72
15;0;85;180.952;0.0;0.0;0.0;109.296;0.0;0.0;109.296
15;0;86;88.343;0.0;0.0;0.0;15.971;0.0;0.0;15.971
15;0;87;131.276;0.0;0.0;0.0;63.373;0.0;0.0;63.373
15;0;88;108.999;0.0;0.0;0.0;45.48;0.0;0.0;45.48
15;0;89;51.48;201.064;0.0;252.068;0.0;252.068;0.0;0.0
15;0;90;13.321;216.105;0.0;314.364;0.0;314.364;0.0;0.0
15;0;91;0.0;216.684;0.0;327.27;0.0;327.27;0.0;0.0
15;0;92;0.0;219.002;0.0;319.348;0.0;319.348;0.0;0.0
15;0;93;0.0;220.742;0.0;341.197;0.0;341.197;0.0;0.0
15;0;94;0.0;0.0;0.0;88.315;0.0;88.315;0.0;0.0
15;0;95;0.0;227.124;0.0;304.441;0.0;304.441;0.0;0.0
15;0;96;0.0;149.799;0.0;166.344;0.0;166.344;0.0;0.0
15;0;97;0.0;157.086;0.0;190.141;0.0;190.141;0.0;0.0
15;0;98;0.0;0.0;0.0;22.913;0.0;22.913;0.0;0.0
15;0;99;0.0;168.038;0.0;189.788;0.0;189.788;0.0;0.0
15;0;100;0.0;243.994;0.0;266.403;0.0;266.403;0.0;0.0
15;0;101;0.0;245.742;0.0;272.03;0.0;272.03;0.0;0.0
15;0;102;0.0;245.159;0.0;274.027;0.0;274.027;0.0;0.0
15;0;103;2.997;243.994;0.0;300.473;0.0;300.473;0.0;0.0
15;0;104;222.773;0.0;0.0;0.0;162.026;0.0;0.0;162.026
15;0;105;554.185;28.335;0.0;0.0;449.015;0.0;0.0;449.015
15;0;106;774.426;236.048;0.0;0.0;444.106;0.0;0.0;444.106
15;0;107;294.659;0.0;0.0;0.0;214.874;0.0;0.0;214.874
15;0;108;551.929;50.366;0.0;0.0;416.687;0.0;0.0;416.687
15;0;109;463.24;0.0;0.0;0.0;368.87;0.0;0.0;368.87
15;0;110;529.549;23.57;0.0;0.0;433.734;0.0;0.0;433.734
15;0;111;320.61;0.0;0.0;0.0;240.041;0.0;0.0;240.041
15;0;112;648.809;125.08;0.0;0.0;448.324;0.0;0.0;448.324
15;0;113;599.191;66.389;0.0;0.0;434.543;0.0;0.0;434.543
15;0;114;182.307;0.0;0.0;0.0;81.547;0.0;0.0;81.547
15;0;115;1.486;229.448;0.0;358.531;0.0;358.531;0.0;0.0
15;0;116;0.0;230.029;0.0;339.876;0.0;339.876;0.0;0.0
15;0;117;0.0;231.772;0.0;341.119;0.0;341.119;0.0;0.0
15;0;118;0.0;238.752;0.0;340.604;0.0;340.604;0.0;0.0
15;0;119;0.0;242.828;0.0;323.313;0.0;323.313;0.0;0.0
15;0;120;0.0;0.0;0.0;17.164;0.0;17.164;0.0;0.0
15;0;121;0.0;20.013;88.031;140.744;0.0;140.744;0.0;0.0
15;0;122;0.0;251.576;88.031;364.119;0.0;364.119;0.0;0.0
15;0;123;0.0;249.242;88.031;361.382;0.0;361.382;0.0;0.0
15;0;124;0.0;247.492;88.031;357.522;0.0;357.522;0.0;0.0
15;0;125;0.0;249.825;88.031;361.328;0.0;361.328;0.0;0.0
15;0;126;0.0;248.075;88.031;366.056;0.0;366.056;0.0;0.0
15;0;127;13.49;246.909;88.031;411.156;0.0;411.156;0.0;0.0
15;0;128;90.765;248.658;88.031;350.318;0.0;350.318;0.0;0.0
15;0;129;180.473;0.0;0.0;0.0;110.157;0.0;0.0;110.157
15;0;130;409.78;0.0;0.0;0.0;325.078;0.0;0.0;325.078
15;0;131;337.381;0.0;0.0;0.0;263.851;0.0;0.0;263.851
15;0;132;188.152;0.0;0.0;0.0;118.632;0.0;0.0;118.632
15;0;133;349.608;0.0;0.0;0.0;274.904;0.0;0.0;274.904
15;0;134;532.53;74.628;0.0;0.0;387.158;0.0;0.0;387.158
15;0;135;383.464;0.0;0.0;0.0;309.32;0.0;0.0;309.32
15;0;136;81.963;229.448;0.0;242.591;0.0;242.591;0.0;0.0
15;0;137;97.448;234.679;0.0;265.71;0.0;265.71;0.0;0.0
15;0;138;36.027;234.679;0.0;325.755;0.0;325.755;0.0;0.0
15;0;139;1.491;235.261;0.0;376.744;0.0;376.744;0.0;0.0
15;0;140;0.0;234.679;0.0;354.975;0.0;354.975;0.0;0.0
15;0;141;0.0;236.424;0.0;337.287;0.0;337.287;0.0;0.0
15;0;142;0.0;236.424;0.0;361.839;0.0;361.839;0.0;0.0
15;0;143;0.0;0.0;0.0;69.165;0.0;69.165;0.0;0.0
15;0;144;0.0;0.0;0.0;17.667;0.0;17.667;0.0;0.0
15;0;145;0.0;253.912;0.0;285.82;0.0;285.82;0.0;0.0
15;0;146;0.0;254.496;0.0;277.133;0.0;277.133;0.0;0.0
15;0;147;0.0;253.912;0.0;277.707;0.0;277.707;0.0;0.0
15;0;148;0.0;255.081;0.0;279.805;0.0;279.805;0.0;0.0
15;0;149;0.0;255.665;0.0;282.505;0.0;282.505;0.0;0.0
15;0;150;0.0;252.16;0.0;284.652;0.0;284.652;0.0;0.0
15;0;151;3.005;250.409;0.0;327.596;0.0;327.596;0.0;0.0
15;0;152;49.69;249.242;0.0;302.431;0.0;302.431;0.0;0.0
15;0;153;160.189;0.0;0.0;0.0;79.493;0.0;0.0;79.493
15;0;154;399.351;0.0;0.0;0.0;318.847;0.0;0.0;318.847
15;0;155;483.648;110.674;0.0;0.0;304.5;0.0;0.0;304.5
15;0;156;376.762;0.0;0.0;0.0;292.713;0.0;0.0;292.713
15;0;157;1131.56;230.029;0.0;0.0;821.184;0.0;450.533;370.651
15;0;158;978.639;226.544;0.0;0.0;669.474;0.0;272.985;396.489
15;0;159;867.587;223.642;0.0;0.0;573.049;0.0;173.458;399.591
15;0;160;503.282;0.0;0.0;0.0;411.192;0.0;0.0;411.192
15;0;161;431.494;0.0;0.0;0.0;335.616;0.0;0.0;335.616
15;0;162;62.406;225.383;0.0;280.553;0.0;280.553;0.0;0.0
15;0;163;0.0;230.029;0.0;350.514;0.0;350.514;0.0;0.0
15;0;164;0.0;231.772;0.0;358.232;0.0;358.232;0.0;0.0
15;0;165;0.0;237.006;0.0;351.188;0.0;351.188;0.0;0.0
15;0;166;0.0;13.607;0.0;125.352;0.0;125.352;0.0;0.0
15;0;167;0.0;0.0;0.0;74.091;0.0;74.091;0.0;0.0
15;1;0;0.0;0.0;0.0;17.989;0.0;17.989;0.0;0.0
15;1;1;0.0;0.0;0.0;23.255;0.0;23.255;0.0;0.0
15;1;2;0.0;0.0;0.0;23.143;0.0;23.143;0.0;0.0
15;1;3;0.0;0.0;0.0;21.498;0.0;21.498;0.0;0.0
15;1;4;0.0;0.0;0.0;20.967;0.0;20.967;0.0;0.0
15;1;5;0.0;0.0;0.0;22.931;0.0;22.931;0.0;0.0
15;1;6;14.907;0.0;0.0;19.83;0.0;19.83;0.0;0.0
15;1;7;118.36;0.0;0.0;0.0;55.515;0.0;0.0;55.515
15;1;8;151.659;0.0;0.0;0.0;74.158;0.0;0.0;74.158
15;1;9;792.774;0.0;0.0;0.0;715.664;0.0;642.648;73.016
15;1;10;1055.723;0.0;0.0;0.0;974.646;0.0;888.379;86.268
15;1;11;1196.619;0.0;0.0;0.0;1118.699;0.0;1053.577;65.123
15;1;12;1306.537;0.0;0.0;0.0;1232.364;0.0;1157.301;75.063
15;1;13;1463.742;0.0;0.0;0.0;1379.892;0.0;1301.826;78.067
15;1;14;1198.998;0.0;0.0;0.0;1125.347;0.0;1053.014;72.333
15;1;15;817.84;0.0;0.0;0.0;740.933;0.0;681.885;59.048
15;1;16;558.875;0.0;0.0;0.0;472.095;0.0;393.334;78.761
15;1;17;338.396;6.792;88.031;0.0;132.284;0.0;30.91;101.374
15;1;18;148.427;0.0;0.0;0.0;41.366;0.0;0.0;41.366
15;1;19;5.725;0.0;0.0;116.646;0.0;116.646;0.0;0.0
15;1;20;0.0;0.0;0.0;124.403;0.0;124.403;0.0;0.0
15;1;21;0.0;0.0;0.0;111.132;0.0;111.132;0.0;0.0
15;1;22;0.0;0.0;0.0;104.452;0.0;104.452;0.0;0.0
15;1;23;0.0;0.0;0.0;77.846;0.0;77.846;0.0;0.0
15;1;24;0.0;0.0;0.0;17.355;0.0;17.355;0.0;0.0
15;1;25;0.0;0.0;0.0;26.723;0.0;26.723;0.0;0.0
15;1;26;0.0;0.0;0.0;23.085;0.0;23.085;0.0;0.0
15;1;27;0.0;0.0;0.0;23.11;0.0;23.11;0.0;0.0
15;1;28;0.0;0.0;0.0;24.173;0.0;24.173;0.0;0.0
15;1;29;0.0;0.0;0.0;25.641;0.0;25.641;0.0;0.0
15;1;30;12.127;0.0;0.0;16.149;0.0;16.149;0.0;0.0
15;1;31;151.202;11.002;0.0;0.0;73.354;0.0;0.0;73.354
15;1;32;447.646;3.5;0.0;0.0;367.237;0.0;289.277;77.96
15;1;33;752.485;3.327;0.0;0.0;673.72;0.0;602.416;71.304
15;1;34;974.467;3.113;0.0;0.0;895.785;0.0;807.302;88.483
15;1;35;1177.714;3.236;0.0;0.0;1095.901;0.0;1027.95;67.95
15;1;36;1427.513;6.539;0.0;0.0;1360.049;0.0;1283.537;76.511
15;1;37;1456.308;2.485;0.0;0.0;1381.628;0.0;1309.762;71.866
15;1;38;1363.277;3.036;0.0;0.0;1284.199;0.0;1217.438;66.76
15;1;39;1155.774;5.831;0.0;0.0;1076.085;0.0;998.907;77.178
15;1;40;865.415;0.0;0.0;0.0;783.343;0.0;703.571;79.772
15;1;41;515.81;82.653;0.0;0.0;344.994;0.0;153.54;191.454
15;1;42;227.674;0.0;0.0;0.0;129.277;0.0;45.969;83.308
15;1;43;22.031;0.0;0.0;100.453;0.0;100.453;0.0;0.0
15;1;44;0.0;0.0;0.0;131.598;0.0;131.598;0.0;0.0
15;1;45;0.0;0.0;0.0;118.838;0.0;118.838;0.0;0.0
15;1;46;0.0;0.0;0.0;107.994;0.0;107.994;0.0;0.0
15;1;47;0.0;0.0;0.0;70.285;0.0;70.285;0.0;0.0
15;1;48;0.0;0.0;0.0;17.385;0.0;17.385;0.0;0.0
15;1;49;0.0;0.0;0.0;24.797;0.0;24.797;0.0;0.0
15;1;50;0.0;0.0;0.0;24.379;0.0;24.379;0.0;0.0
15;1;51;0.0;0.0;0.0;23.103;0.0;23.103;0.0;0.0
15;1;52;0.0;0.0;0.0;21.947;0.0;21.947;0.0;0.0
15;1;53;0.0;0.0;0.0;22.954;0.0;22.954;0.0;0.0
15;1;54;7.2;0.0;0.0;28.043;0.0;28.043;0.0;0.0
15;1;55;91.203;0.0;0.0;0.0;36.113;0.0;0.0;36.113
15;1;56;360.89;0.0;0.0;0.0;285.456;0.0;207.64;77.816
15;1;57;680.976;0.0;0.0;0.0;621.287;0.0;564.974;56.314
15;1;58;953.877;3.853;0.0;0.0;864.66;0.0;778.147;86.513
15;1;59;1143.56;3.259;0.0;0.0;1068.012;0.0;985.263;82.749
15;1;60;1310.13;9.065;0.0;0.0;1229.411;0.0;1156.665;72.746
15;1;61;1172.06;0.0;0.0;0.0;1093.695;0.0;1026.764;66.931
15;1;62;772.069;0.0;0.0;0.0;698.406;0.0;630.271;68.135
15;1;63;252.266;8.64;0.0;0.0;167.849;0.0;0.0;167.849
15;1;64;521.817;83.402;0.0;0.0;366.148;0.0;303.723;62.426
15;1;65;170.324;0.0;0.0;0.0;75.981;0.0;0.0;75.981
15;1;66;165.212;0.0;0.0;0.0;59.226;0.0;0.0;59.226
15;1;67;20.052;0.0;0.0;104.112;0.0;104.112;0.0;0.0
15;1;68;0.0;0.0;0.0;131.535;0.0;131.535;0.0;0.0
15;1;69;0.0;0.0;0.0;115.146;0.0;115.146;0.0;0.0
15;1;70;0.0;0.0;0.0;119.896;0.0;119.896;0.0;0.0
15;1;71;0.0;0.0;0.0;84.662;0.0;84.662;0.0;0.0
15;1;72;0.0;0.0;0.0;17.365;0.0;17.365;0.0;0.0
15;1;73;0.0;0.0;0.0;24.07;0.0;24.07;0.0;0.0
15;1;74;0.0;0.0;0.0;22.578;0.0;22.578;0.0;0.0
15;1;75;0.0;0.0;0.0;22.352;0.0;22.352;0.0;0.0
15;1;76;0.0;0.0;0.0;24.16;0.0;24.16;0.0;0.0
15;1;77;0.0;0.0;0.0;23.863;0.0;23.863;0.0;0.0
15;1;78;8.712;0.0;0.0;15.871;0.0;15.871;0.0;0.0
15;1;79;114.234;0.0;0.0;0.0;71.997;0.0;45.491;26.506
15;1;80;102.108;0.0;0.0;0.0;58.186;0.0;0.0;58.186
15;1;81;786.502;3.686;0.0;0.0;718.972;0.0;639.333;79.639
15;1;82;1096.43;3.692;0.0;0.0;1033.926;0.0;953.131;80.795
15;1;83;1325.353;3.54;0.0;0.0;1257.699;0.0;1184.258;73.441
15;1;84;1421.299;2.83;0.0;0.0;1345.648;0.0;1267.509;78.139
15;1;85;1321.266;3.606;0.0;0.0;1237.607;0.0;1167.476;70.131
15;1;86;1163.54;2.791;0.0;0.0;1102.354;0.0;1026.32;76.035
15;1;87;1085.292;76.491;0.0;0.0;933.943;0.0;767.518;166.425
15;1;88;607.557;0.0;0.0;0.0;538.665;0.0;463.068;75.597
15;1;89;327.027;0.0;0.0;0.0;233.934;0.0;143.897;90.038
15;1;90;209.593;0.0;0.0;0.0;102.358;0.0;26.948;75.409
15;1;91;20.62;0.0;0.0;72.84;0.0;72.84;0.0;0.0
15;1;92;0.0;0.0;0.0;98.34;0.0;98.34;0.0;0.0
15;1;93;0.0;0.0;0.0;103.639;0.0;103.639;0.0;0.0
15;1;94;0.0;0.0;0.0;107.166;0.0;107.166;0.0;0.0
15;1;95;0.0;0.0;0.0;69.617;0.0;69.617;0.0;0.0
15;1;96;0.0;0.0;0.0;19.569;0.0;19.569;0.0;0.0
15;1;97;0.0;0.0;0.0;30.595;0.0;30.595;0.0;0.0
15;1;98;0.0;0.0;0.0;24.166;0.0;24.166;0.0;0.0
15;1;99;0.0;0.0;0.0;22.786;0.0;22.786;0.0;0.0
15;1;100;0.0;0.0;0.0;24.026;0.0;24.026;0.0;0.0
15;1;101;0.0;0.0;0.0;23.977;0.0;23.977;0.0;0.0
15;1;102;7.247;0.0;0.0;22.416;0.0;22.416;0.0;0.0
15;1;103;126.251;0.0;0.0;0.0;68.53;0.0;26.54;41.99
15;1;104;327.165;0.0;0.0;0.0;262.428;0.0;202.323;60.105
15;1;105;369.818;3.657;0.0;0.0;282.422;0.0;177.152;105.27
15;1;106;788.79;3.43;0.0;0.0;699.523;0.0;609.698;89.825
15;1;107;193.683;3.786;0.0;0.0;94.484;0.0;0.0;94.484
15;1;108;1514.143;6.699;0.0;0.0;1421.431;0.0;1335.456;85.974
15;1;109;1229.481;2.803;0.0;0.0;1146.617;0.0;1060.781;85.836
15;1;110;646.678;3.595;0.0;0.0;557.339;0.0;463.749;93.59
15;1;111;510.825;2.859;0.0;0.0;429.184;0.0;344.851;84.333
15;1;112;468.201;3.325;0.0;0.0;362.386;0.0;276.308;86.079
15;1;113;372.61;56.555;0.0;0.0;222.109;0.0;46.298;175.811
15;1;114;187.633;0.0;0.0;0.0;86.775;0.0;0.0;86.775
15;1;115;19.276;0.0;0.0;89.303;0.0;89.303;0.0;0.0
15;1;116;0.0;0.0;0.0;116.126;0.0;116.126;0.0;0.0
15;1;117;0.0;0.0;0.0;116.674;0.0;116.674;0.0;0.0
15;1;118;0.0;0.0;0.0;105.6;0.0;105.6;0.0;0.0
15;1;119;0.0;0.0;0.0;89.315;0.0;89.315;0.0;0.0
15;1;120;0.0;0.0;0.0;17.254;0.0;17.254;0.0;0.0
15;1;121;0.0;0.0;0.0;25.948;0.0;25.948;0.0;0.0
15;1;122;0.0;0.0;0.0;21.824;0.0;21.824;0.0;0.0
15;1;123;0.0;0.0;0.0;24.068;0.0;24.068;0.0;0.0
15;1;124;0.0;0.0;0.0;21.652;0.0;21.652;0.0;0.0
15;1;125;0.0;0.0;0.0;22.917;0.0;22.917;0.0;0.0
15;1;126;4.337;0.0;0.0;29.437;0.0;29.437;0.0;0.0
15;1;127;95.061;11.994;0.0;0.0;0.0;0.0;0.0;0.0
15;1;128;416.208;0.0;0.0;0.0;326.458;0.0;251.899;74.559
15;1;129;779.133;3.75;0.0;0.0;696.834;0.0;622.344;74.49
15;1;130;1088.736;4.312;0.0;0.0;1011.474;0.0;942.072;69.402
15;1;131;1291.693;3.05;0.0;0.0;1217.696;0.0;1145.347;72.35
15;1;132;1410.491;5.968;0.0;0.0;1326.002;0.0;1247.284;78.718
15;1;133;1333.953;3.194;0.0;0.0;1259.48;0.0;1190.039;69.441
15;1;134;1055.165;2.853;0.0;0.0;968.633;0.0;900.999;67.635
15;1;135;747.004;3.034;0.0;0.0;664.219;0.0;599.825;64.394
15;1;136;581.825;2.585;0.0;0.0;491.959;0.0;388.721;103.238
15;1;137;452.442;66.17;0.0;0.0;294.028;0.0;130.734;163.294
15;1;138;201.654;0.0;0.0;0.0;79.994;0.0;0.0;79.994
15;1;139;17.424;0.0;0.0;114.997;0.0;114.997;0.0;0.0
15;1;140;0.0;0.0;0.0;123.776;0.0;123.776;0.0;0.0
15;1;141;0.0;0.0;0.0;100.279;0.0;100.279;0.0;0.0
15;1;142;0.0;0.0;0.0;107.191;0.0;107.191;0.0;0.0
15;1;143;0.0;0.0;0.0;84.711;0.0;84.711;0.0;0.0
15;1;144;0.0;0.0;0.0;17.57;0.0;17.57;0.0;0.0
15;1;145;0.0;0.0;0.0;23.791;0.0;23.791;0.0;0.0
15;1;146;0.0;0.0;0.0;23.035;0.0;23.035;0.0;0.0
15;1;147;0.0;0.0;0.0;22.002;0.0;22.002;0.0;0.0
15;1;148;0.0;0.0;0.0;22.518;0.0;22.518;0.0;0.0
15;1;149;0.0;0.0;0.0;21.913;0.0;21.913;0.0;0.0
15;1;150;2.872;0.0;0.0;23.536;0.0;23.536;0.0;0.0
15;1;151;122.819;0.0;0.0;0.0;57.282;0.0;0.0;57.282
15;1;152;432.204;0.0;0.0;0.0;352.609;0.0;283.769;68.839
15;1;153;786.198;3.55;0.0;0.0;708.664;0.0;627.206;81.458
15;1;154;1092.945;3.107;0.0;0.0;1004.03;0.0;937.767;66.263
15;1;155;1321.567;2.994;0.0;0.0;1240.006;0.0;1170.758;69.248
15;1;156;1447.113;6.574;0.0;0.0;1361.193;0.0;1282.555;78.638
15;1;157;169.092;2.681;0.0;0.0;75.629;0.0;0.0;75.629
15;1;158;1057.64;3.106;0.0;0.0;974.206;0.0;891.819;82.387
15;1;159;924.452;127.23;0.0;0.0;727.324;0.0;466.387;260.937
15;1;160;724.214;0.0;0.0;0.0;642.055;0.0;559.845;82.21
15;1;161;504.424;15.559;0.0;0.0;384.342;0.0;272.254;112.088
15;1;162;194.563;0.0;0.0;0.0;87.678;0.0;0.0;87.678
15;1;163;16.255;0.0;0.0;106.081;0.0;106.081;0.0;0.0
15;1;164;0.0;0.0;0.0;124.667;0.0;124.667;0.0;0.0
15;1;165;0.0;0.0;0.0;123.342;0.0;123.342;0.0;0.0
15;1;166;0.0;0.0;0.0;120.635;0.0;120.635;0.0;0.0
15;1;167;0.0;0.0;0.0;95.676;0.0;95.676;0.0;0.0
15;2;0;0.0;0.0;0.0;16.569;0.0;16.569;0.0;0.0
15;2;1;0.0;0.0;0.0;24.058;0.0;24.058;0.0;0.0
15;2;2;0.0;194.136;0.0;216.218;0.0;216.218;0.0;0.0
15;2;3;0.0;0.0;0.0;22.732;0.0;22.732;0.0;0.0
15;2;4;0.0;0.0;0.0;21.26;0.0;21.26;0.0;0.0
15;2;5;0.0;199.909;0.0;221.765;0.0;221.765;0.0;0.0
15;2;6;0.0;0.0;0.0;24.451;0.0;24.451;0.0;0.0
15;2;7;0.0;0.0;0.0;78.936;0.0;78.936;0.0;0.0
15;2;8;49.865;26.369;0.0;83.043;0.0;83.043;0.0;0.0
15;2;9;235.264;0.0;0.0;0.0;148.864;0.0;0.0;148.864
15;2;10;744.576;125.732;0.0;0.0;537.771;0.0;356.086;181.685
15;2;11;1087.233;0.0;0.0;0.0;1024.405;0.0;859.013;165.393
15;2;12;988.05;189.523;0.0;0.0;721.665;0.0;579.118;142.547
15;2;13;611.386;0.0;88.031;0.0;447.127;0.0;309.945;137.182
15;2;14;416.844;0.0;0.0;0.0;340.144;0.0;0.0;340.144
15;2;15;609.847;185.489;0.0;0.0;339.026;0.0;0.0;339.026
15;2;16;310.826;0.0;0.0;0.0;220.809;0.0;0.0;220.809
15;2;17;48.629;190.099;0.0;269.935;0.0;269.935;0.0;0.0
15;2;18;0.0;0.0;0.0;117.045;0.0;117.045;0.0;0.0
15;2;19;0.0;199.909;0.0;315.425;0.0;315.425;0.0;0.0
15;2;20;0.0;153.352;0.0;289.791;0.0;289.791;0.0;0.0
15;2;21;0.0;0.0;0.0;128.435;0.0;128.435;0.0;0.0
15;2;22;0.0;122.369;0.0;240.983;0.0;240.983;0.0;0.0
15;2;23;0.0;0.0;0.0;75.193;0.0;75.193;0.0;0.0
15;2;24;0.0;0.0;0.0;16.598;0.0;16.598;0.0;0.0
15;2;25;0.0;0.0;0.0;25.986;0.0;25.986;0.0;0.0
15;2;26;0.0;0.0;0.0;23.725;0.0;23.725;0.0;0.0
15;2;27;0.0;0.0;0.0;22.308;0.0;22.308;0.0;0.0
15;2;28;0.0;0.0;0.0;21.489;0.0;21.489;0.0;0.0
15;2;29;0.0;44.198;0.0;67.126;0.0;67.126;0.0;0.0
15;2;30;0.0;226.544;0.0;252.397;0.0;252.397;0.0;0.0
15;2;31;0.0;0.0;0.0;82.916;0.0;82.916;0.0;0.0
15;2;32;80.242;230.029;0.0;242.563;0.0;242.563;0.0;0.0
15;2;33;343.139;0.0;0.0;0.0;259.585;0.0;0.0;259.585
15;2;34;615.293;214.946;0.0;0.0;325.801;0.0;90.944;234.857
15;2;35;848.206;207.422;0.0;0.0;578.378;0.0;379.244;199.134
15;2;36;914.591;192.406;0.0;0.0;655.086;0.0;477.14;177.946
15;2;37;782.936;0.0;0.0;0.0;701.284;0.0;476.233;225.051
15;2;38;412.831;0.0;0.0;0.0;332.323;0.0;0.0;332.323
15;2;39;426.762;37.852;0.0;0.0;326.233;0.0;0.0;326.233
15;2;40;114.228;0.0;0.0;0.0;26.542;0.0;0.0;26.542
15;2;41;30.603;175.703;0.0;256.414;0.0;256.414;0.0;0.0
15;2;42;0.0;0.0;0.0;128.916;0.0;128.916;0.0;0.0
15;2;43;0.0;0.0;0.0;117.534;0.0;117.534;0.0;0.0
15;2;44;0.0;0.0;0.0;125.484;0.0;125.484;0.0;0.0
15;2;45;0.0;0.0;0.0;117.909;0.0;117.909;0.0;0.0
15;2;46;0.0;0.0;0.0;101.152;0.0;101.152;0.0;0.0
15;2;47;0.0;0.0;0.0;76.364;0.0;76.364;0.0;0.0
15;2;48;0.0;0.0;0.0;20.281;0.0;20.281;0.0;0.0
15;2;49;0.0;0.0;0.0;21.822;0.0;21.822;0.0;0.0
15;2;50;0.0;0.0;0.0;21.659;0.0;21.659;0.0;0.0
15;2;51;0.0;0.0;0.0;22.291;0.0;22.291;0.0;0.0
15;2;52;0.0;52.66;0.0;74.967;0.0;74.967;0.0;0.0
15;2;53;0.0;54.572;0.0;76.81;0.0;76.81;0.0;0.0
15;2;54;0.0;50.097;0.0;79.225;0.0;79.225;0.0;0.0
15;2;55;0.0;74.67;0.0;146.497;0.0;146.497;0.0;0.0
15;2;56;32.022;74.583;0.0;134.592;0.0;134.592;0.0;0.0
15;2;57;75.067;187.217;0.0;194.505;0.0;194.505;0.0;0.0
15;2;58;210.601;0.0;0.0;0.0;140.148;0.0;0.0;140.148
15;2;59;194.803;0.0;0.0;0.0;131.004;0.0;0.0;131.004
15;2;60;542.656;53.131;0.0;0.0;408.126;0.0;303.318;104.808
15;2;61;313.383;0.0;0.0;0.0;239.229;0.0;0.0;239.229
15;2;62;324.722;0.0;0.0;0.0;244.434;0.0;0.0;244.434
15;2;63;398.05;0.0;0.0;0.0;328.402;0.0;0.0;328.402
15;2;64;60.054;70.688;0.0;96.471;0.0;96.471;0.0;0.0
15;2;65;16.245;176.853;0.0;273.811;0.0;273.811;0.0;0.0
15;2;66;0.0;0.0;0.0;126.611;0.0;126.611;0.0;0.0
15;2;67;0.0;0.0;0.0;125.841;0.0;125.841;0.0;0.0
15;2;68;0.0;0.0;0.0;136.313;0.0;136.313;0.0;0.0
15;2;69;0.0;0.0;0.0;111.207;0.0;111.207;0.0;0.0
15;2;70;0.0;0.0;0.0;124.524;0.0;124.524;0.0;0.0
15;2;71;0.0;0.0;0.0;67.876;0.0;67.876;0.0;0.0
15;2;72;0.0;0.0;0.0;18.428;0.0;18.428;0.0;0.0
15;2;73;0.0;0.0;0.0;26.113;0.0;26.113;0.0;0.0
15;2;74;0.0;81.708;0.0;102.174;0.0;102.174;0.0;0.0
15;2;75;0.0;0.0;0.0;26.362;0.0;26.362;0.0;0.0
15;2;76;0.0;42.696;0.0;65.77;0.0;65.77;0.0;0.0
15;2;77;0.0;45.083;0.0;70.496;0.0;70.496;0.0;0.0
15;2;78;0.0;46.206;0.0;73.736;0.0;73.736;0.0;0.0
15;2;79;0.0;75.487;0.0;115.012;0.0;115.012;0.0;0.0
15;2;80;22.695;130.782;0.0;164.07;0.0;164.07;0.0;0.0
15;2;81;127.604;0.0;0.0;0.0;45.54;0.0;0.0;45.54
15;2;82;426.342;193.559;0.0;0.0;162.304;0.0;0.0;162.304
15;2;83;408.069;7.993;0.0;0.0;336.598;0.0;0.0;336.598
15;2;84;227.137;0.0;0.0;0.0;160.767;0.0;0.0;160.767
15;2;85;252.28;0.0;0.0;0.0;164.749;0.0;0.0;164.749
15;2;86;380.483;0.0;0.0;0.0;321.545;0.0;0.0;321.545
15;2;87;164.111;0.0;0.0;0.0;97.352;0.0;0.0;97.352
15;2;88;43.821;183.761;0.0;225.482;0.0;225.482;0.0;0.0
15;2;89;7.308;0.0;0.0;95.852;0.0;95.852;0.0;0.0
15;2;90;0.0;0.0;0.0;88.756;0.0;88.756;0.0;0.0
15;2;91;0.0;0.0;0.0;102.16;0.0;102.16;0.0;0.0
15;2;92;0.0;189.523;0.0;316.618;0.0;316.618;0.0;0.0
15;2;93;0.0;0.0;0.0;116.732;0.0;116.732;0.0;0.0
15;2;94;0.0;0.0;0.0;105.049;0.0;105.049;0.0;0.0
15;2;95;0.0;0.0;0.0;78.293;0.0;78.293;0.0;0.0
15;2;96;0.0;0.0;0.0;18.844;0.0;18.844;0.0;0.0
15;2;97;0.0;0.0;0.0;26.883;0.0;26.883;0.0;0.0
15;2;98;0.0;109.282;0.0;132.979;0.0;132.979;0.0;0.0
15;2;99;0.0;203.375;0.0;227.935;0.0;227.935;0.0;0.0
15;2;100;0.0;0.0;0.0;21.906;0.0;21.906;0.0;0.0
15;2;101;0.0;0.0;0.0;23.644;0.0;23.644;0.0;0.0
15;2;102;0.0;177.528;0.0;206.674;0.0;206.674;0.0;0.0
15;2;103;0.0;209.736;0.0;275.023;0.0;275.023;0.0;0.0
15;2;104;24.592;210.315;0.0;284.967;0.0;284.967;0.0;0.0
15;2;105;90.014;206.844;0.0;211.441;0.0;211.441;0.0;0.0
15;2;106;181.178;0.0;0.0;0.0;77.997;0.0;0.0;77.997
15;2;107;180.283;0.0;0.0;0.0;95.217;0.0;0.0;95.217
15;2;108;212.337;0.0;0.0;0.0;121.576;0.0;0.0;121.576
15;2;109;148.409;0.0;0.0;0.0;37.511;0.0;0.0;37.511
15;2;110;122.953;0.0;0.0;0.0;39.465;0.0;0.0;39.465
15;2;111;107.449;0.0;0.0;0.0;0.0;0.0;0.0;0.0
15;2;112;58.07;58.102;0.0;104.266;0.0;104.266;0.0;0.0
15;2;113;24.247;55.051;0.0;170.444;0.0;170.444;0.0;0.0
15;2;114;0.0;68.058;0.0;199.718;0.0;199.718;0.0;0.0
15;2;115;0.0;71.292;0.0;198.139;0.0;198.139;0.0;0.0
15;2;116;0.0;76.477;0.0;181.876;0.0;181.876;0.0;0.0
15;2;117;0.0;74.969;0.0;194.808;0.0;194.808;0.0;0.0
15;2;118;0.0;66.601;0.0;166.511;0.0;166.511;0.0;0.0
15;2;119;0.0;206.265;0.0;274.394;0.0;274.394;0.0;0.0
15;2;120;0.0;0.0;0.0;20.172;0.0;20.172;0.0;0.0
15;2;121;0.0;119.418;0.0;145.811;0.0;145.811;0.0;0.0
15;2;122;0.0;0.0;0.0;22.526;0.0;22.526;0.0;0.0
15;2;123;0.0;92.783;0.0;116.088;0.0;116.088;0.0;0.0
15;2;124;0.0;94.959;0.0;116.719;0.0;116.719;0.0;0.0
15;2;125;0.0;96.82;0.0;121.064;0.0;121.064;0.0;0.0
15;2;126;0.0;114.496;0.0;152.318;0.0;152.318;0.0;0.0
15;2;127;0.0;108.831;0.0;192.727;0.0;192.727;0.0;0.0
15;2;128;8.857;145.46;0.0;242.835;0.0;242.835;0.0;0.0
15;2;129;93.329;207.422;0.0;213.554;0.0;213.554;0.0;0.0
15;2;130;203.697;0.0;0.0;0.0;123.146;0.0;0.0;123.146
15;2;131;251.922;0.0;0.0;0.0;187.95;0.0;0.0;187.95
15;2;132;600.539;195.867;0.0;0.0;326.71;0.0;129.985;196.725
15;2;133;704.299;192.406;0.0;0.0;426.962;0.0;92.872;334.09
15;2;134;682.204;191.252;0.0;0.0;418.996;0.0;77.512;341.485
15;2;135;394.253;0.0;0.0;0.0;313.246;0.0;0.0;313.246
15;2;136;186.903;0.0;0.0;0.0;96.166;0.0;0.0;96.166
15;2;137;12.314;0.0;0.0;92.113;0.0;92.113;0.0;0.0
15;2;138;0.0;0.0;0.0;132.304;0.0;132.304;0.0;0.0
15;2;139;0.0;164.023;0.0;289.476;0.0;289.476;0.0;0.0
15;2;140;0.0;0.0;0.0;110.529;0.0;110.529;0.0;0.0
15;2;141;0.0;0.0;0.0;103.225;0.0;103.225;0.0;0.0
15;2;142;0.0;0.0;0.0;99.76;0.0;99.76;0.0;0.0
15;2;143;0.0;0.0;0.0;72.931;0.0;72.931;0.0;0.0
15;2;144;0.0;81.04;0.0;101.129;0.0;101.129;0.0;0.0
15;2;145;0.0;83.445;0.0;110.899;0.0;110.899;0.0;0.0
15;2;146;0.0;87.396;0.0;108.691;0.0;108.691;0.0;0.0
15;2;147;0.0;212.051;0.0;234.194;0.0;234.194;0.0;0.0
15;2;148;0.0;212.63;0.0;234.33;0.0;234.33;0.0;0.0
15;2;149;0.0;211.472;0.0;232.099;0.0;232.099;0.0;0.0
15;2;150;0.0;213.209;0.0;242.668;0.0;242.668;0.0;0.0
15;2;151;0.0;213.209;0.0;287.702;0.0;287.702;0.0;0.0
15;2;152;37.008;142.928;0.0;203.663;0.0;203.663;0.0;0.0
15;2;153;191.24;0.0;0.0;0.0;100.184;0.0;0.0;100.184
15;2;154;277.555;0.0;0.0;0.0;198.322;0.0;0.0;198.322
15;2;155;368.166;0.0;0.0;0.0;303.289;0.0;0.0;303.289
15;2;156;379.588;0.0;0.0;0.0;304.341;0.0;0.0;304.341
15;2;157;453.429;0.0;0.0;0.0;371.467;0.0;0.0;371.467
15;2;158;384.994;0.0;0.0;0.0;297.544;0.0;0.0;297.544
15;2;159;169.146;0.0;0.0;0.0;95.561;0.0;0.0;95.561
15;2;160;209.94;0.0;0.0;0.0;126.213;0.0;0.0;126.213
15;2;161;10.395;43.073;0.0;136.108;0.0;136.108;0.0;0.0
15;2;162;0.0;53.748;0.0;181.796;0.0;181.796;0.0;0.0
15;2;163;0.0;56.318;0.0;199.217;0.0;199.217;0.0;0.0
15;2;164;0.0;55.548;0.0;189.283;0.0;189.283;0.0;0.0
15;2;165;0.0;54.946;0.0;179.873;0.0;179.873;0.0;0.0
15;2;166;0.0;46.595;0.0;151.905;0.0;151.905;0.0;0.0
15;2;167;0.0;194.136;0.0;253.999;0.0;253.999;0.0;0.0
15;3;0;0.0;9.897;0.0;27.58;0.0;27.58;0.0;0.0
15;3;1;0.0;252.744;0.0;284.091;0.0;284.091;0.0;0.0
15;3;2;0.0;250.993;0.0;273.172;0.0;273.172;0.0;0.0
15;3;3;0.0;251.576;0.0;274.669;0.0;274.669;0.0;0.0
15;3;4;0.0;252.16;0.0;273.363;0.0;273.363;0.0;0.0
15;3;5;0.0;256.249;0.0;281.586;0.0;281.586;0.0;0.0
15;3;6;0.0;256.249;0.0;286.023;0.0;286.023;0.0;0.0
15;3;7;0.0;255.665;0.0;340.591;0.0;340.591;0.0;0.0
15;3;8;0.0;253.912;0.0;367.394;0.0;367.394;0.0;0.0
15;3;9;126.28;250.993;0.0;232.339;0.0;232.339;0.0;0.0
15;3;10;243.766;248.075;0.0;83.07;0.0;83.07;0.0;0.0
15;3;11;205.927;245.159;0.0;113.439;0.0;113.439;0.0;0.0
15;3;12;469.041;0.0;0.0;0.0;402.361;0.0;0.0;402.361
15;3;13;868.136;239.916;0.0;0.0;544.715;0.0;126.239;418.476
15;3;14;810.663;227.705;0.0;0.0;500.574;0.0;85.252;415.322
15;3;15;481.959;0.0;0.0;0.0;403.539;0.0;0.0;403.539
15;3;16;113.272;229.448;0.0;221.925;0.0;221.925;0.0;0.0
15;3;17;0.0;234.679;0.0;384.056;0.0;384.056;0.0;0.0
15;3;18;0.0;236.424;0.0;364.176;0.0;364.176;0.0;0.0
15;3;19;0.0;0.0;0.0;127.304;0.0;127.304;0.0;0.0
15;3;20;0.0;0.0;0.0;118.675;0.0;118.675;0.0;0.0
15;3;21;0.0;246.325;0.0;357.218;0.0;357.218;0.0;0.0
15;3;22;0.0;248.075;0.0;362.715;0.0;362.715;0.0;0.0
15;3;23;0.0;250.409;0.0;329.967;0.0;329.967;0.0;0.0
15;3;24;0.0;252.744;0.0;270.821;0.0;270.821;0.0;0.0
15;3;25;0.0;256.249;0.0;282.416;0.0;282.416;0.0;0.0
15;3;26;0.0;256.249;0.0;277.765;0.0;277.765;0.0;0.0
15;3;27;0.0;256.249;0.0;278.019;0.0;278.019;0.0;0.0
15;3;28;0.0;257.418;0.0;279.073;0.0;279.073;0.0;0.0
15;3;29;0.0;258.003;0.0;280.538;0.0;280.538;0.0;0.0
15;3;30;0.0;257.418;0.0;288.853;0.0;288.853;0.0;0.0
15;3;31;0.0;259.757;0.0;345.061;0.0;345.061;0.0;0.0
15;3;32;0.0;256.834;0.0;358.257;0.0;358.257;0.0;0.0
15;3;33;108.607;244.289;88.031;313.358;0.0;313.358;0.0;0.0
15;3;34;419.28;0.0;0.0;0.0;336.878;0.0;0.0;336.878
15;3;35;477.614;0.0;0.0;0.0;400.255;0.0;0.0;400.255
15;3;36;518.714;3.316;0.0;0.0;442.671;0.0;0.0;442.671
15;3;37;398.247;0.0;0.0;0.0;303.866;0.0;0.0;303.866
15;3;38;89.97;179.205;0.0;165.35;0.0;165.35;0.0;0.0
15;3;39;51.231;183.832;0.0;219.361;0.0;219.361;0.0;0.0
15;3;40;12.041;179.354;0.0;270.988;0.0;270.988;0.0;0.0
15;3;41;0.0;183.876;0.0;306.231;0.0;306.231;0.0;0.0
15;3;42;0.0;196.181;0.0;320.895;0.0;320.895;0.0;0.0
15;3;43;0.0;199.52;0.0;336.448;0.0;336.448;0.0;0.0
15;3;44;0.0;199.878;0.0;331.827;0.0;331.827;0.0;0.0
15;3;45;0.0;195.791;0.0;304.04;0.0;304.04;0.0;0.0
15;3;46;0.0;175.938;0.0;282.729;0.0;282.729;0.0;0.0
15;3;47;0.0;172.417;0.0;257.893;0.0;257.893;0.0;0.0
15;3;48;0.0;149.962;0.0;167.959;0.0;167.959;0.0;0.0
15;3;49;0.0;141.977;0.0;163.938;0.0;163.938;0.0;0.0
15;3;50;0.0;136.496;0.0;160.793;0.0;160.793;0.0;0.0
15;3;51;0.0;131.136;0.0;153.856;0.0;153.856;0.0;0.0
15;3;52;0.0;131.368;0.0;153.982;0.0;153.982;0.0;0.0
15;3;53;0.0;130.989;0.0;153.691;0.0;153.691;0.0;0.0
15;3;54;0.0;129.179;0.0;154.469;0.0;154.469;0.0;0.0
15;3;55;0.0;164.316;0.0;237.162;0.0;237.162;0.0;0.0
15;3;56;0.0;172.696;0.0;273.104;0.0;273.104;0.0;0.0
15;3;57;16.386;137.228;0.0;215.928;0.0;215.928;0.0;0.0
15;3;58;74.358;196.021;0.0;225.822;0.0;225.822;0.0;0.0
15;3;59;65.546;227.705;0.0;248.029;0.0;248.029;0.0;0.0
15;3;60;191.687;225.383;0.0;115.941;0.0;115.941;0.0;0.0
15;3;61;469.059;0.0;0.0;0.0;403.203;0.0;0.0;403.203
15;3;62;301.292;0.0;0.0;0.0;231.424;0.0;0.0;231.424
15;3;63;203.462;122.128;0.0;0.0;0.0;0.0;0.0;0.0
15;3;64;27.606;119.556;0.0;195.932;0.0;195.932;0.0;0.0
15;3;65;0.0;220.162;0.0;337.225;0.0;337.225;0.0;0.0
15;3;66;0.0;221.902;0.0;345.625;0.0;345.625;0.0;0.0
15;3;67;0.0;224.802;0.0;371.879;0.0;371.879;0.0;0.0
15;3;68;0.0;39.099;0.0;154.164;0.0;154.164;0.0;0.0
15;3;69;0.0;0.0;0.0;124.495;0.0;124.495;0.0;0.0
15;3;70;0.0;0.0;0.0;111.03;0.0;111.03;0.0;0.0
15;3;71;0.0;124.476;0.0;208.819;0.0;208.819;0.0;0.0
15;3;72;0.0;130.024;0.0;147.204;0.0;147.204;0.0;0.0
15;3;73;0.0;129.978;0.0;158.914;0.0;158.914;0.0;0.0
15;3;74;0.0;133.896;0.0;155.708;0.0;155.708;0.0;0.0
15;3;75;0.0;139.161;0.0;163.084;0.0;163.084;0.0;0.0
15;3;76;0.0;137.843;0.0;160.74;0.0;160.74;0.0;0.0
15;3;77;0.0;138.955;0.0;164.552;0.0;164.552;0.0;0.0
15;3;78;0.0;230.61;0.0;258.9;0.0;258.9;0.0;0.0
15;3;79;0.0;95.719;0.0;130.611;0.0;130.611;0.0;0.0
15;3;80;0.0;187.173;0.0;256.293;0.0;256.293;0.0;0.0
15;3;81;11.943;149.761;0.0;210.86;0.0;210.86;0.0;0.0
15;3;82;23.893;234.097;0.0;301.171;0.0;301.171;0.0;0.0
15;3;83;52.288;234.097;0.0;271.86;0.0;271.86;0.0;0.0
15;3;84;95.632;231.772;0.0;224.155;0.0;224.155;0.0;0.0
15;3;85;487.645;0.0;0.0;0.0;416.654;0.0;0.0;416.654
15;3;86;513.897;25.33;0.0;0.0;425.532;0.0;0.0;425.532
15;3;87;324.919;233.516;30.281;0.0;0.0;0.0;0.0;0.0
15;3;88;36.09;236.424;0.0;287.045;0.0;287.045;0.0;0.0
15;3;89;0.0;237.006;0.0;349.728;0.0;349.728;0.0;0.0
15;3;90;0.0;239.916;0.0;336.327;0.0;336.327;0.0;0.0
15;3;91;0.0;0.0;0.0;108.044;0.0;108.044;0.0;0.0
15;3;92;0.0;0.0;0.0;108.156;0.0;108.156;0.0;0.0
15;3;93;0.0;105.972;0.0;216.175;0.0;216.175;0.0;0.0
15;3;94;0.0;181.208;0.0;286.306;0.0;286.306;0.0;0.0
15;3;95;0.0;174.135;0.0;253.705;0.0;253.705;0.0;0.0
15;3;96;0.0;213.514;0.0;231.735;0.0;231.735;0.0;0.0
15;3;97;0.0;219.099;0.0;251.979;0.0;251.979;0.0;0.0
15;3;98;0.0;223.075;0.0;245.555;0.0;245.555;0.0;0.0
15;3;99;0.0;229.057;0.0;252.452;0.0;252.452;0.0;0.0
15;3;100;0.0;226.465;0.0;250.334;0.0;250.334;0.0;0.0
15;3;101;0.0;221.352;0.0;245.838;0.0;245.838;0.0;0.0
15;3;102;0.0;238.684;0.0;268.442;0.0;268.442;0.0;0.0
15;3;103;0.0;248.075;0.0;312.647;0.0;312.647;0.0;0.0
15;3;104;0.0;200.255;0.0;291.096;0.0;291.096;0.0;0.0
15;3;105;8.99;242.246;0.0;337.863;0.0;337.863;0.0;0.0
15;3;106;31.58;168.694;0.0;257.769;0.0;257.769;0.0;0.0
15;3;107;40.62;208.845;0.0;281.759;0.0;281.759;0.0;0.0
15;3;108;76.795;219.913;0.0;262.629;0.0;262.629;0.0;0.0
15;3;109;89.38;203.197;0.0;219.492;0.0;219.492;0.0;0.0
15;3;110;66.179;198.105;0.0;241.53;0.0;241.53;0.0;0.0
15;3;111;37.585;196.078;0.0;259.175;0.0;259.175;0.0;0.0
15;3;112;5.999;188.513;0.0;316.722;0.0;316.722;0.0;0.0
15;3;113;0.0;187.681;0.0;298.555;0.0;298.555;0.0;0.0
15;3;114;0.0;202.663;0.0;322.978;0.0;322.978;0.0;0.0
15;3;115;0.0;199.207;0.0;338.191;0.0;338.191;0.0;0.0
15;3;116;0.0;199.513;0.0;320.839;0.0;320.839;0.0;0.0
15;3;117;0.0;195.921;0.0;320.088;0.0;320.088;0.0;0.0
15;3;118;0.0;178.174;0.0;285.127;0.0;285.127;0.0;0.0
15;3;119;0.0;242.828;0.0;315.716;0.0;315.716;0.0;0.0
15;3;120;0.0;242.828;0.0;259.712;0.0;259.712;0.0;0.0
15;3;121;0.0;243.994;0.0;267.462;0.0;267.462;0.0;0.0
15;3;122;0.0;247.492;0.0;270.443;0.0;270.443;0.0;0.0
15;3;123;0.0;251.576;0.0;272.88;0.0;272.88;0.0;0.0
15;3;124;0.0;171.408;0.0;192.968;0.0;192.968;0.0;0.0
15;3;125;0.0;0.0;0.0;21.59;0.0;21.59;0.0;0.0
15;3;126;0.0;249.229;0.0;276.733;0.0;276.733;0.0;0.0
15;3;127;0.0;247.067;0.0;317.285;0.0;317.285;0.0;0.0
15;3;128;0.0;222.254;0.0;339.573;0.0;339.573;0.0;0.0
15;3;129;28.368;220.473;0.0;282.25;0.0;282.25;0.0;0.0
15;3;130;74.396;207.962;0.0;232.944;0.0;232.944;0.0;0.0
15;3;131;69.183;203.807;0.0;229.522;0.0;229.522;0.0;0.0
15;3;132;187.266;210.507;0.0;104.463;0.0;104.463;0.0;0.0
15;3;133;208.862;187.512;0.0;62.467;0.0;62.467;0.0;0.0
15;3;134;51.047;186.341;0.0;219.917;0.0;219.917;0.0;0.0
15;3;135;33.057;185.996;0.0;249.104;0.0;249.104;0.0;0.0
15;3;136;2.996;244.577;0.0;357.39;0.0;357.39;0.0;0.0
15;3;137;0.0;124.342;0.0;235.799;0.0;235.799;0.0;0.0
15;3;138;0.0;206.651;0.0;326.248;0.0;326.248;0.0;0.0
15;3;139;0.0;250.993;0.0;390.442;0.0;390.442;0.0;0.0
15;3;140;0.0;171.292;0.0;295.211;0.0;295.211;0.0;0.0
15;3;141;0.0;217.509;0.0;354.623;0.0;354.623;0.0;0.0
15;3;142;0.0;205.583;0.0;317.591;0.0;317.591;0.0;0.0
15;3;143;0.0;211.48;0.0;296.303;0.0;296.303;0.0;0.0
15;3;144;0.0;255.081;0.0;272.024;0.0;272.024;0.0;0.0
15;3;145;0.0;179.835;0.0;205.848;0.0;205.848;0.0;0.0
15;3;146;0.0;256.834;0.0;278.63;0.0;278.63;0.0;0.0
15;3;147;0.0;190.825;0.0;217.871;0.0;217.871;0.0;0.0
15;3;148;0.0;227.576;0.0;250.03;0.0;250.03;0.0;0.0
15;3;149;0.0;229.426;0.0;254.726;0.0;254.726;0.0;0.0
15;3;150;0.0;252.448;0.0;285.556;0.0;285.556;0.0;0.0
15;3;151;0.0;241.422;0.0;321.224;0.0;321.224;0.0;0.0
15;3;152;0.0;218.117;0.0;323.811;0.0;323.811;0.0;0.0
15;3;153;100.464;200.183;0.0;201.182;0.0;201.182;0.0;0.0
15;3;154;268.83;188.396;0.0;0.0;0.0;0.0;0.0;0.0
15;3;155;0.0;172.491;0.0;244.876;0.0;244.876;0.0;0.0
15;3;156;85.131;172.329;0.0;172.326;0.0;172.326;0.0;0.0
15;3;157;96.225;229.448;0.0;219.371;0.0;219.371;0.0;0.0
15;3;158;65.702;84.248;0.0;111.343;0.0;111.343;0.0;0.0
15;3;159;28.345;156.023;0.0;215.808;0.0;215.808;0.0;0.0
15;3;160;13.435;148.931;0.0;250.85;0.0;250.85;0.0;0.0
15;3;161;0.0;145.99;0.0;276.775;0.0;276.775;0.0;0.0
15;3;162;0.0;162.388;0.0;285.445;0.0;285.445;0.0;0.0
15;3;163;0.0;155.892;0.0;287.281;0.0;287.281;0.0;0.0
15;3;164;0.0;156.603;0.0;276.141;0.0;276.141;0.0;0.0
15;3;165;0.0;154.192;0.0;261.003;0.0;261.003;0.0;0.0
15;3;166;0.0;228.286;0.0;345.557;0.0;345.557;0.0;0.0
15;3;167;0.0;225.042;0.0;302.511;0.0;302.511;0.0;0.0
20;0;0;0.0;235.261;0.0;252.334;0.0;252.334;0.0;0.0
20;0;1;0.0;237.588;0.0;261.636;0.0;261.636;0.0;0.0
20;0;2;0.0;0.0;0.0;21.506;0.0;21.506;0.0;0.0
20;0;3;0.0;243.994;0.0;267.608;0.0;267.608;0.0;0.0
20;0;4;0.0;244.577;0.0;268.226;0.0;268.226;0.0;0.0
20;0;5;0.0;243.411;0.0;268.803;0.0;268.803;0.0;0.0
20;0;6;0.0;241.081;0.0;267.149;0.0;267.149;0.0;0.0
20;0;7;1.491;235.842;0.0;304.181;0.0;304.181;0.0;0.0
20;0;8;20.855;228.867;0.0;311.566;0.0;311.566;0.0;0.0
20;0;9;209.246;0.0;0.0;0.0;123.587;0.0;0.0;123.587
20;0;10;217.791;0.0;0.0;0.0;140.676;0.0;0.0;140.676
20;0;11;122.2;0.0;0.0;0.0;47.052;0.0;0.0;47.052
20;0;12;422.152;0.0;0.0;0.0;357.288;0.0;0.0;357.288
20;0;13;628.849;137.188;0.0;0.0;412.861;0.0;0.0;412.861
20;0;14;473.762;0.0;0.0;0.0;393.003;0.0;0.0;393.003
20;0;15;185.298;0.0;0.0;0.0;114.548;0.0;0.0;114.548
20;0;16;116.073;0.0;0.0;0.0;28.187;0.0;0.0;28.187
20;0;17;66.516;210.315;0.0;255.256;0.0;255.256;0.0;0.0
20;0;18;26.653;210.315;0.0;312.839;0.0;312.839;0.0;0.0
20;0;19;0.0;110.261;0.0;246.021;0.0;246.021;0.0;0.0
20;0;20;0.0;0.0;0.0;138.179;0.0;138.179;0.0;0.0
20;0;21;0.0;0.0;0.0;124.574;0.0;124.574;0.0;0.0
20;0;22;0.0;0.0;0.0;96.348;0.0;96.348;0.0;0.0
20;0;23;0.0;237.588;0.0;321.164;0.0;321.164;0.0;0.0
20;0;24;0.0;239.916;0.0;257.227;0.0;257.227;0.0;0.0
20;0;25;0.0;240.498;0.0;268.045;0.0;268.045;0.0;0.0
20;0;26;0.0;242.246;0.0;266.183;0.0;266.183;0.0;0.0
20;0;27;0.0;243.994;0.0;267.964;0.0;267.964;0.0;0.0
20;0;28;0.0;243.994;0.0;265.334;0.0;265.334;0.0;0.0
20;0;29;0.0;244.577;0.0;268.301;0.0;268.301;0.0;0.0
20;0;30;0.0;241.529;0.0;270.221;0.0;270.221;0.0;0.0
20;0;31;1.5;195.165;0.0;268.688;0.0;268.688;0.0;0.0
20;0;32;89.181;170.793;0.0;186.912;0.0;186.912;0.0;0.0
20;0;33;189.942;0.0;0.0;0.0;110.125;0.0;0.0;110.125
20;0;34;205.243;0.0;0.0;0.0;126.197;0.0;0.0;126.197
20;0;35;173.812;0.0;0.0;0.0;98.798;0.0;0.0;98.798
20;0;36;153.455;82.536;0.0;0.0;0.0;0.0;0.0;0.0
20;0;37;128.677;13.229;0.0;0.0;36.502;0.0;0.0;36.502
20;0;38;148.907;72.671;0.0;0.0;0.0;0.0;0.0;0.0
20;0;39;231.31;153.15;0.0;0.0;0.0;0.0;0.0;0.0
20;0;40;145.627;64.828;0.0;0.0;0.0;0.0;0.0;0.0
20;0;41;50.759;117.85;0.0;171.409;0.0;171.409;0.0;0.0
20;0;42;14.922;128.312;0.0;246.384;0.0;246.384;0.0;0.0
20;0;43;0.0;132.76;0.0;258.782;0.0;258.782;0.0;0.0
20;0;44;0.0;137.825;0.0;267.153;0.0;267.153;0.0;0.0
20;0;45;0.0;140.732;0.0;256.902;0.0;256.902;0.0;0.0
20;0;46;0.0;122.834;0.0;243.023;0.0;243.023;0.0;0.0
20;0;47;0.0;128.75;0.0;202.232;0.0;202.232;0.0;0.0
20;0;48;0.0;118.464;0.0;135.496;0.0;135.496;0.0;0.0
20;0;49;0.0;117.095;0.0;142.772;0.0;142.772;0.0;0.0
20;0;50;0.0;227.249;0.0;250.568;0.0;250.568;0.0;0.0
20;0;51;0.0;232.934;0.0;254.815;0.0;254.815;0.0;0.0
20;0;52;0.0;231.772;0.0;252.078;0.0;252.078;0.0;0.0
20;0;53;0.0;231.772;0.0;253.282;0.0;253.282;0.0;0.0
20;0;54;0.0;230.61;0.0;257.466;0.0;257.466;0.0;0.0
20;0;55;2.975;228.867;0.0;292.238;0.0;292.238;0.0;0.0
20;0;56;64.212;228.867;0.0;257.399;0.0;257.399;0.0;0.0
20;0;57;151.97;0.0;0.0;0.0;69.705;0.0;0.0;69.705
20;0;58;315.687;0.0;0.0;0.0;237.805;0.0;0.0;237.805
20;0;59;313.197;0.0;0.0;0.0;252.347;0.0;0.0;252.347
20;0;60;736.963;209.736;0.0;0.0;461.063;0.0;180.913;280.15
20;0;61;354.276;0.0;0.0;0.0;281.28;0.0;0.0;281.28
20;0;62;397.548;0.0;0.0;0.0;322.722;0.0;0.0;322.722
20;0;63;872.12;0.0;0.0;0.0;803.429;0.0;427.349;376.08
20;0;64;487.982;0.0;0.0;0.0;405.9;0.0;0.0;405.9
20;0;65;203.575;0.0;0.0;0.0;122.353;0.0;0.0;122.353
20;0;66;44.972;95.848;0.0;164.233;0.0;164.233;0.0;0.0
20;0;67;0.0;202.219;0.0;331.029;0.0;331.029;0.0;0.0
20;0;68;0.0;0.0;0.0;124.094;0.0;124.094;0.0;0.0
20;0;69;0.0;0.0;0.0;126.043;0.0;126.043;0.0;0.0
20;0;70;0.0;0.0;0.0;122.167;0.0;122.167;0.0;0.0
20;0;71;0.0;62.764;0.0;142.364;0.0;142.364;0.0;0.0
20;0;72;0.0;142.141;0.0;159.91;0.0;159.91;0.0;0.0
20;0;73;0.0;0.0;0.0;25.904;0.0;25.904;0.0;0.0
20;0;74;0.0;187.103;0.0;208.181;0.0;208.181;0.0;0.0
20;0;75;0.0;0.0;0.0;23.01;0.0;23.01;0.0;0.0
20;0;76;0.0;211.472;0.0;232.575;0.0;232.575;0.0;0.0
20;0;77;0.0;210.893;0.0;231.676;0.0;231.676;0.0;0.0
20;0;78;0.0;210.893;0.0;238.311;0.0;238.311;0.0;0.0
20;0;79;0.0;210.315;0.0;252.49;0.0;252.49;0.0;0.0
20;0;80;44.321;208.579;0.0;218.747;0.0;218.747;0.0;0.0
20;0;81;101.23;0.0;0.0;0.0;36.837;0.0;0.0;36.837
20;0;82;140.443;0.0;0.0;0.0;54.793;0.0;0.0;54.793
20;0;83;161.225;0.0;0.0;0.0;87.594;0.0;0.0;87.594
20;0;84;177.993;0.0;0.0;0.0;106.72;0.0;0.0;106.72
20;0;85;180.952;0.0;0.0;0.0;109.296;0.0;0.0;109.296
20;0;86;88.343;0.0;0.0;0.0;15.971;0.0;0.0;15.971
20;0;87;131.276;0.0;0.0;0.0;63.373;0.0;0.0;63.373
20;0;88;108.999;0.0;0.0;0.0;45.48;0.0;0.0;45.48
20;0;89;51.48;110.135;0.0;161.139;0.0;161.139;0.0;0.0
20;0;90;13.321;0.0;0.0;98.259;0.0;98.259;0.0;0.0
20;0;91;0.0;216.684;0.0;327.27;0.0;327.27;0.0;0.0
20;0;92;0.0;219.002;0.0;319.348;0.0;319.348;0.0;0.0
20;0;93;0.0;220.742;0.0;341.197;0.0;341.197;0.0;0.0
20;0;94;0.0;0.0;0.0;88.315;0.0;88.315;0.0;0.0
20;0;95;0.0;227.124;0.0;304.441;0.0;304.441;0.0;0.0
20;0;96;0.0;230.61;0.0;247.154;0.0;247.154;0.0;0.0
20;0;97;0.0;234.679;0.0;267.734;0.0;267.734;0.0;0.0
20;0;98;0.0;227.918;0.0;250.831;0.0;250.831;0.0;0.0
20;0;99;0.0;0.0;0.0;21.75;0.0;21.75;0.0;0.0
20;0;100;0.0;154.86;0.0;177.269;0.0;177.269;0.0;0.0
20;0;101;0.0;245.742;0.0;272.03;0.0;272.03;0.0;0.0
20;0;102;0.0;245.159;0.0;274.027;0.0;274.027;0.0;0.0
20;0;103;2.997;243.994;0.0;300.473;0.0;300.473;0.0;0.0
20;0;104;222.773;0.0;0.0;0.0;162.026;0.0;0.0;162.026
20;0;105;554.185;147.543;0.0;0.0;329.806;0.0;0.0;329.806
20;0;106;774.426;239.334;0.0;0.0;440.82;0.0;0.0;440.82
20;0;107;294.659;50.927;0.0;0.0;163.948;0.0;0.0;163.948
20;0;108;551.929;123.131;0.0;0.0;343.922;0.0;0.0;343.922
20;0;109;463.24;0.0;0.0;0.0;368.87;0.0;0.0;368.87
20;0;110;529.549;23.57;0.0;0.0;433.734;0.0;0.0;433.734
20;0;111;320.61;0.0;0.0;0.0;240.041;0.0;0.0;240.041
20;0;112;648.809;125.08;0.0;0.0;448.324;0.0;0.0;448.324
20;0;113;599.191;66.389;0.0;0.0;434.543;0.0;0.0;434.543
20;0;114;182.307;0.0;0.0;0.0;81.547;0.0;0.0;81.547
20;0;115;1.486;229.448;0.0;358.531;0.0;358.531;0.0;0.0
20;0;116;0.0;230.029;0.0;339.876;0.0;339.876;0.0;0.0
20;0;117;0.0;231.772;0.0;341.119;0.0;341.119;0.0;0.0
20;0;118;0.0;238.752;0.0;340.604;0.0;340.604;0.0;0.0
20;0;119;0.0;242.828;0.0;323.313;0.0;323.313;0.0;0.0
20;0;120;0.0;250.409;0.0;267.573;0.0;267.573;0.0;0.0
20;0;121;0.0;249.242;0.0;281.942;0.0;281.942;0.0;0.0
20;0;122;0.0;207.29;0.0;231.802;0.0;231.802;0.0;0.0
20;0;123;0.0;0.0;0.0;24.109;0.0;24.109;0.0;0.0
20;0;124;0.0;169.372;0.0;191.371;0.0;191.371;0.0;0.0
20;0;125;0.0;249.825;0.0;273.297;0.0;273.297;0.0;0.0
20;0;126;0.0;248.075;0.0;278.025;0.0;278.025;0.0;0.0
20;0;127;13.49;246.909;0.0;323.124;0.0;323.124;0.0;0.0
20;0;128;90.765;180.19;0.0;193.818;0.0;193.818;0.0;0.0
20;0;129;180.473;0.0;0.0;0.0;110.157;0.0;0.0;110.157
20;0;130;409.78;0.0;0.0;0.0;325.078;0.0;0.0;325.078
20;0;131;337.381;0.0;0.0;0.0;263.851;0.0;0.0;263.851
20;0;132;188.152;0.0;0.0;0.0;118.632;0.0;0.0;118.632
20;0;133;349.608;7.03;0.0;0.0;267.874;0.0;0.0;267.874
20;0;134;532.53;224.802;0.0;0.0;236.984;0.0;0.0;236.984
20;0;135;383.464;12.916;0.0;0.0;296.405;0.0;0.0;296.405
20;0;136;81.963;229.448;0.0;242.591;0.0;242.591;0.0;0.0
20;0;137;97.448;234.679;0.0;265.71;0.0;265.71;0.0;0.0
20;0;138;36.027;234.679;0.0;325.755;0.0;325.755;0.0;0.0
20;0;139;1.491;235.261;0.0;376.744;0.0;376.744;0.0;0.0
20;0;140;0.0;234.679;0.0;354.975;0.0;354.975;0.0;0.0
20;0;141;0.0;236.424;0.0;337.287;0.0;337.287;0.0;0.0
20;0;142;0.0;236.424;0.0;361.839;0.0;361.839;0.0;0.0
20;0;143;0.0;0.0;0.0;69.165;0.0;69.165;0.0;0.0
20;0;144;0.0;254.496;0.0;272.164;0.0;272.164;0.0;0.0
20;0;145;0.0;253.912;0.0;285.82;0.0;285.82;0.0;0.0
20;0;146;0.0;222.997;0.0;245.634;0.0;245.634;0.0;0.0
20;0;147;0.0;186.055;0.0;209.849;0.0;209.849;0.0;0.0
20;0;148;0.0;190.976;0.0;215.7;0.0;215.7;0.0;0.0
20;0;149;0.0;194.221;0.0;221.062;0.0;221.062;0.0;0.0
20;0;150;0.0;216.103;0.0;248.595;0.0;248.595;0.0;0.0
20;0;151;3.005;209.562;0.0;286.748;0.0;286.748;0.0;0.0
20;0;152;49.69;187.048;0.0;240.238;0.0;240.238;0.0;0.0
20;0;153;160.189;0.0;0.0;0.0;79.493;0.0;0.0;79.493
20;0;154;399.351;0.0;0.0;0.0;318.847;0.0;0.0;318.847
20;0;155;592.77;241.663;0.0;0.0;282.633;0.0;0.0;282.633
20;0;156;355.824;0.0;0.0;0.0;271.776;0.0;0.0;271.776
20;0;157;1131.56;230.029;0.0;0.0;821.184;0.0;533.252;287.933
20;0;158;978.639;226.544;0.0;0.0;669.474;0.0;272.985;396.489
20;0;159;867.587;223.642;0.0;0.0;573.049;0.0;173.458;399.591
20;0;160;503.282;0.0;0.0;0.0;411.192;0.0;0.0;411.192
20;0;161;431.494;0.0;0.0;0.0;335.616;0.0;0.0;335.616
20;0;162;62.406;206.002;0.0;261.173;0.0;261.173;0.0;0.0
20;0;163;0.0;0.0;0.0;120.485;0.0;120.485;0.0;0.0
20;0;164;0.0;0.0;0.0;126.46;0.0;126.46;0.0;0.0
20;0;165;0.0;0.0;0.0;114.182;0.0;114.182;0.0;0.0
20;0;166;0.0;0.0;0.0;111.745;0.0;111.745;0.0;0.0
20;0;167;0.0;242.246;0.0;316.337;0.0;316.337;0.0;0.0
20;1;0;0.0;0.0;0.0;17.989;0.0;17.989;0.0;0.0
20;1;1;0.0;0.0;0.0;23.255;0.0;23.255;0.0;0.0
20;1;2;0.0;0.0;0.0;23.143;0.0;23.143;0.0;0.0
20;1;3;0.0;180.882;0.0;202.379;0.0;202.379;0.0;0.0
20;1;4;0.0;129.481;0.0;150.448;0.0;150.448;0.0;0.0
20;1;5;0.0;0.0;0.0;22.931;0.0;22.931;0.0;0.0
20;1;6;14.907;0.0;0.0;19.83;0.0;19.83;0.0;0.0
20;1;7;163.372;0.0;0.0;0.0;100.527;0.0;45.012;55.515
20;1;8;460.485;0.0;0.0;0.0;382.984;0.0;308.826;74.158
20;1;9;792.774;0.0;0.0;0.0;715.664;0.0;642.648;73.016
20;1;10;1055.723;0.0;0.0;0.0;974.646;0.0;888.379;86.268
20;1;11;1196.619;0.0;0.0;0.0;1118.699;0.0;1053.577;65.123
20;1;12;1306.537;0.0;0.0;0.0;1232.364;0.0;1157.301;75.063
20;1;13;1463.742;0.0;0.0;0.0;1379.892;0.0;1301.826;78.067
20;1;14;1198.998;0.0;0.0;0.0;1125.347;0.0;1053.014;72.333
20;1;15;817.84;0.0;0.0;0.0;740.933;0.0;681.885;59.048
20;1;16;558.875;0.0;0.0;0.0;472.095;0.0;393.334;78.761
20;1;17;338.396;0.0;0.0;0.0;227.107;0.0;132.03;95.077
20;1;18;148.427;0.0;0.0;0.0;41.366;0.0;0.0;41.366
20;1;19;5.725;0.0;0.0;116.646;0.0;116.646;0.0;0.0
20;1;20;0.0;0.0;0.0;124.403;0.0;124.403;0.0;0.0
20;1;21;0.0;0.0;0.0;111.132;0.0;111.132;0.0;0.0
20;1;22;0.0;0.0;0.0;104.452;0.0;104.452;0.0;0.0
20;1;23;0.0;0.0;0.0;77.846;0.0;77.846;0.0;0.0
20;1;24;0.0;0.0;0.0;17.355;0.0;17.355;0.0;0.0
20;1;25;0.0;0.0;0.0;26.723;0.0;26.723;0.0;0.0
20;1;26;0.0;0.0;0.0;23.085;0.0;23.085;0.0;0.0
20;1;27;0.0;0.0;0.0;23.11;0.0;23.11;0.0;0.0
20;1;28;0.0;0.0;0.0;24.173;0.0;24.173;0.0;0.0
20;1;29;0.0;0.0;0.0;25.641;0.0;25.641;0.0;0.0
20;1;30;12.127;0.0;0.0;16.149;0.0;16.149;0.0;0.0
20;1;31;139.487;0.0;0.0;0.0;72.64;0.0;0.0;72.64
20;1;32;447.646;0.0;0.0;0.0;370.737;0.0;295.041;75.695
20;1;33;752.485;0.0;0.0;0.0;677.047;0.0;606.137;70.91
20;1;34;974.467;0.0;0.0;0.0;898.898;0.0;810.845;88.054
20;1;35;1177.714;0.0;0.0;0.0;1099.137;0.0;1031.59;67.546
20;1;36;1427.513;0.0;0.0;0.0;1366.588;0.0;1290.672;75.916
20;1;37;1456.308;0.0;0.0;0.0;1384.113;0.0;1312.55;71.563
20;1;38;142.504;0.0;0.0;0.0;66.462;0.0;0.0;66.462
20;1;39;1155.774;0.0;0.0;0.0;1081.916;0.0;1005.393;76.523
20;1;40;865.415;0.0;0.0;0.0;783.343;0.0;703.571;79.772
20;1;41;515.81;0.0;0.0;0.0;427.647;0.0;244.723;182.924
20;1;42;227.674;0.0;0.0;0.0;129.277;0.0;45.969;83.308
20;1;43;22.031;0.0;0.0;100.453;0.0;100.453;0.0;0.0
20;1;44;0.0;0.0;0.0;131.598;0.0;131.598;0.0;0.0
20;1;45;0.0;0.0;0.0;118.838;0.0;118.838;0.0;0.0
20;1;46;0.0;0.0;0.0;107.994;0.0;107.994;0.0;0.0
20;1;47;0.0;0.0;0.0;70.285;0.0;70.285;0.0;0.0
20;1;48;0.0;0.0;0.0;17.385;0.0;17.385;0.0;0.0
20;1;49;0.0;0.0;0.0;24.797;0.0;24.797;0.0;0.0
20;1;50;0.0;0.0;0.0;24.379;0.0;24.379;0.0;0.0
20;1;51;0.0;0.0;0.0;23.103;0.0;23.103;0.0;0.0
20;1;52;0.0;0.0;0.0;21.947;0.0;21.947;0.0;0.0
20;1;53;0.0;0.0;0.0;22.954;0.0;22.954;0.0;0.0
20;1;54;7.2;0.0;0.0;28.043;0.0;28.043;0.0;0.0
20;1;55;91.203;0.0;0.0;0.0;36.113;0.0;0.0;36.113
20;1;56;360.89;0.0;0.0;0.0;285.456;0.0;207.64;77.816
20;1;57;680.976;0.0;0.0;0.0;621.287;0.0;564.974;56.314
20;1;58;953.877;0.0;0.0;0.0;868.512;0.0;782.43;86.082
20;1;59;1143.56;0.0;0.0;0.0;1071.271;0.0;988.887;82.384
20;1;60;1310.13;2.665;0.0;0.0;1235.811;0.0;1163.364;72.447
20;1;61;1172.06;2.358;0.0;0.0;1091.337;0.0;1024.753;66.584
20;1;62;772.069;3.109;0.0;0.0;695.297;0.0;627.618;67.678
20;1;63;241.909;7.839;0.0;0.0;158.293;0.0;0.0;158.293
20;1;64;521.817;7.96;0.0;0.0;441.591;0.0;379.165;62.426
20;1;65;401.173;4.121;0.0;0.0;302.708;0.0;226.727;75.981
20;1;66;165.212;0.0;0.0;0.0;59.226;0.0;0.0;59.226
20;1;67;20.052;1.739;0.0;105.851;0.0;105.851;0.0;0.0
20;1;68;0.0;5.53;0.0;137.065;0.0;137.065;0.0;0.0
20;1;69;0.0;4.966;0.0;120.112;0.0;120.112;0.0;0.0
20;1;70;0.0;6.192;0.0;126.088;0.0;126.088;0.0;0.0
20;1;71;0.0;1.419;0.0;86.081;0.0;86.081;0.0;0.0
20;1;72;0.0;1.368;0.0;18.733;0.0;18.733;0.0;0.0
20;1;73;0.0;1.475;0.0;25.545;0.0;25.545;0.0;0.0
20;1;74;0.0;1.83;0.0;24.409;0.0;24.409;0.0;0.0
20;1;75;0.0;1.66;0.0;24.013;0.0;24.013;0.0;0.0
20;1;76;0.0;1.673;0.0;25.833;0.0;25.833;0.0;0.0
20;1;77;0.0;1.401;0.0;25.265;0.0;25.265;0.0;0.0
20;1;78;8.712;74.195;0.0;90.067;0.0;90.067;0.0;0.0
20;1;79;68.743;0.0;0.0;0.0;26.506;0.0;0.0;26.506
20;1;80;409.937;0.0;0.0;0.0;366.016;0.0;307.829;58.186
20;1;81;786.502;0.0;0.0;0.0;722.659;0.0;643.47;79.189
20;1;82;1096.43;0.0;0.0;0.0;1037.617;0.0;957.259;80.359
20;1;83;1325.353;0.0;0.0;0.0;1261.238;0.0;1188.218;73.02
20;1;84;1421.299;0.0;0.0;0.0;1348.478;0.0;1270.67;77.808
20;1;85;1321.266;0.0;0.0;0.0;1241.213;0.0;1171.453;69.759
20;1;86;134.005;0.0;0.0;0.0;75.61;0.0;0.0;75.61
20;1;87;1085.292;0.0;0.0;0.0;1010.434;0.0;852.386;158.048
20;1;88;607.557;7.915;0.0;0.0;530.749;0.0;455.152;75.597
20;1;89;327.027;1.587;0.0;0.0;232.347;0.0;142.309;90.038
20;1;90;208.74;26.095;0.0;0.0;75.409;0.0;0.0;75.409
20;1;91;20.62;0.0;0.0;72.84;0.0;72.84;0.0;0.0
20;1;92;0.0;0.0;0.0;98.34;0.0;98.34;0.0;0.0
20;1;93;0.0;0.0;0.0;103.639;0.0;103.639;0.0;0.0
20;1;94;0.0;0.0;0.0;107.166;0.0;107.166;0.0;0.0
20;1;95;0.0;0.0;0.0;69.617;0.0;69.617;0.0;0.0
20;1;96;0.0;0.0;0.0;19.569;0.0;19.569;0.0;0.0
20;1;97;0.0;0.0;0.0;30.595;0.0;30.595;0.0;0.0
20;1;98;0.0;0.0;0.0;24.166;0.0;24.166;0.0;0.0
20;1;99;0.0;0.0;0.0;22.786;0.0;22.786;0.0;0.0
20;1;100;0.0;1.197;0.0;25.223;0.0;25.223;0.0;0.0
20;1;101;0.0;1.083;0.0;25.061;0.0;25.061;0.0;0.0
20;1;102;7.247;9.467;0.0;31.883;0.0;31.883;0.0;0.0
20;1;103;111.532;11.822;0.0;0.0;41.99;0.0;0.0;41.99
20;1;104;327.165;14.412;0.0;0.0;248.016;0.0;187.911;60.105
20;1;105;369.818;0.0;0.0;0.0;286.078;0.0;181.246;104.832
20;1;106;788.79;0.0;0.0;0.0;702.953;0.0;613.625;89.328
20;1;107;1352.389;0.0;0.0;0.0;1256.977;0.0;1162.921;94.056
20;1;108;1514.143;139.058;0.0;0.0;1289.072;0.0;1203.797;85.275
20;1;109;1229.481;134.849;0.0;0.0;1014.57;0.0;929.083;85.487
20;1;110;646.678;132.329;0.0;0.0;428.605;0.0;335.392;93.213
20;1;111;510.825;0.0;0.0;0.0;432.043;0.0;348.16;83.883
20;1;112;468.201;0.0;0.0;0.0;365.712;0.0;279.988;85.724
20;1;113;372.61;0.0;0.0;0.0;278.664;0.0;110.28;168.384
20;1;114;187.633;0.0;0.0;0.0;86.775;0.0;0.0;86.775
20;1;115;19.276;0.0;0.0;89.303;0.0;89.303;0.0;0.0
20;1;116;0.0;0.0;0.0;116.126;0.0;116.126;0.0;0.0
20;1;117;0.0;0.0;0.0;116.674;0.0;116.674;0.0;0.0
20;1;118;0.0;0.0;0.0;105.6;0.0;105.6;0.0;0.0
20;1;119;0.0;0.0;0.0;89.315;0.0;89.315;0.0;0.0
20;1;120;0.0;0.0;0.0;17.254;0.0;17.254;0.0;0.0
20;1;121;0.0;0.0;0.0;25.948;0.0;25.948;0.0;0.0
20;1;122;0.0;0.0;0.0;21.824;0.0;21.824;0.0;0.0
20;1;123;0.0;0.0;0.0;24.068;0.0;24.068;0.0;0.0
20;1;124;0.0;0.0;0.0;21.652;0.0;21.652;0.0;0.0
20;1;125;0.0;0.0;0.0;22.917;0.0;22.917;0.0;0.0
20;1;126;4.337;0.0;0.0;29.437;0.0;29.437;0.0;0.0
20;1;127;83.067;0.0;0.0;0.0;0.0;0.0;0.0;0.0
20;1;128;416.208;0.0;0.0;0.0;326.458;0.0;251.899;74.559
20;1;129;779.133;0.0;0.0;0.0;700.584;0.0;626.561;74.023
20;1;130;141.91;0.0;0.0;0.0;68.961;0.0;0.0;68.961
20;1;131;1291.693;0.0;0.0;0.0;1220.746;0.0;1148.81;71.936
20;1;132;1410.491;0.0;0.0;0.0;1331.97;0.0;1253.949;78.021
20;1;133;1333.953;0.0;0.0;0.0;1262.674;0.0;1193.57;69.104
20;1;134;1055.165;0.0;0.0;0.0;971.486;0.0;904.205;67.281
20;1;135;747.004;0.0;0.0;0.0;667.253;0.0;603.253;63.999
20;1;136;581.825;0.0;0.0;0.0;494.544;0.0;391.599;102.946
20;1;137;452.442;0.0;0.0;0.0;360.198;0.0;203.842;156.356
20;1;138;201.654;0.0;0.0;0.0;79.994;0.0;0.0;79.994
20;1;139;17.424;0.0;0.0;114.997;0.0;114.997;0.0;0.0
20;1;140;0.0;0.0;0.0;123.776;0.0;123.776;0.0;0.0
20;1;141;0.0;0.0;0.0;100.279;0.0;100.279;0.0;0.0
20;1;142;0.0;0.0;0.0;107.191;0.0;107.191;0.0;0.0
20;1;143;0.0;0.0;0.0;84.711;0.0;84.711;0.0;0.0
20;1;144;0.0;0.0;0.0;17.57;0.0;17.57;0.0;0.0
20;1;145;0.0;0.0;0.0;23.791;0.0;23.791;0.0;0.0
20;1;146;0.0;0.0;0.0;23.035;0.0;23.035;0.0;0.0
20;1;147;0.0;0.0;0.0;22.002;0.0;22.002;0.0;0.0
20;1;148;0.0;0.0;0.0;22.518;0.0;22.518;0.0;0.0
20;1;149;0.0;0.0;0.0;21.913;0.0;21.913;0.0;0.0
20;1;150;2.872;0.0;0.0;23.536;0.0;23.536;0.0;0.0
20;1;151;122.819;0.0;0.0;0.0;57.282;0.0;0.0;57.282
20;1;152;148.435;0.0;0.0;0.0;68.839;0.0;0.0;68.839
20;1;153;786.198;0.0;0.0;0.0;712.213;0.0;631.172;81.042
20;1;154;1092.945;0.0;0.0;0.0;1007.137;0.0;941.367;65.77
20;1;155;1321.567;0.0;0.0;0.0;1243.0;0.0;1174.117;68.883
20;1;156;1447.113;0.0;0.0;0.0;1367.767;0.0;1289.762;78.004
20;1;157;166.09;0.0;0.0;0.0;75.307;0.0;0.0;75.307
20;1;158;162.409;0.0;0.0;0.0;82.081;0.0;0.0;82.081
20;1;159;924.452;0.0;0.0;0.0;854.554;0.0;594.45;260.104
20;1;160;164.369;0.0;0.0;0.0;82.21;0.0;0.0;82.21
20;1;161;504.424;0.0;0.0;0.0;399.9;0.0;297.116;102.785
20;1;162;194.563;0.0;0.0;0.0;87.678;0.0;0.0;87.678
20;1;163;16.255;0.0;0.0;106.081;0.0;106.081;0.0;0.0
20;1;164;0.0;0.0;0.0;124.667;0.0;124.667;0.0;0.0
20;1;165;0.0;0.0;0.0;123.342;0.0;123.342;0.0;0.0
20;1;166;0.0;0.0;0.0;120.635;0.0;120.635;0.0;0.0
20;1;167;0.0;0.0;0.0;95.676;0.0;95.676;0.0;0.0
20;2;0;0.0;0.0;0.0;16.569;0.0;16.569;0.0;0.0
20;2;1;0.0;192.504;0.0;216.562;0.0;216.562;0.0;0.0
20;2;2;0.0;194.136;0.0;216.218;0.0;216.218;0.0;0.0
20;2;3;0.0;0.0;0.0;22.732;0.0;22.732;0.0;0.0
20;2;4;0.0;0.0;0.0;21.26;0.0;21.26;0.0;0.0
20;2;5;0.0;199.909;0.0;221.765;0.0;221.765;0.0;0.0
20;2;6;0.0;0.0;0.0;24.451;0.0;24.451;0.0;0.0
20;2;7;0.0;0.0;0.0;78.936;0.0;78.936;0.0;0.0
20;2;8;49.865;0.0;0.0;56.673;0.0;56.673;0.0;0.0
20;2;9;235.264;0.0;0.0;0.0;148.864;0.0;0.0;148.864
20;2;10;744.576;0.0;0.0;0.0;663.503;0.0;491.64;171.863
20;2;11;1087.233;0.0;0.0;0.0;1024.405;0.0;867.096;157.31
20;2;12;988.05;0.0;0.0;0.0;911.188;0.0;775.024;136.163
20;2;13;611.386;186.641;0.0;0.0;348.517;0.0;223.762;124.755
20;2;14;413.054;0.0;0.0;0.0;336.355;0.0;0.0;336.355
20;2;15;472.793;48.435;0.0;0.0;339.026;0.0;0.0;339.026
20;2;16;310.826;0.0;0.0;0.0;220.809;0.0;0.0;220.809
20;2;17;48.629;0.0;0.0;79.836;0.0;79.836;0.0;0.0
20;2;18;0.0;0.0;0.0;117.045;0.0;117.045;0.0;0.0
20;2;19;0.0;0.0;0.0;115.516;0.0;115.516;0.0;0.0
20;2;20;0.0;0.0;0.0;136.44;0.0;136.44;0.0;0.0
20;2;21;0.0;99.721;0.0;228.157;0.0;228.157;0.0;0.0
20;2;22;0.0;0.0;0.0;118.614;0.0;118.614;0.0;0.0
20;2;23;0.0;127.472;0.0;202.664;0.0;202.664;0.0;0.0
20;2;24;0.0;0.0;0.0;16.598;0.0;16.598;0.0;0.0
20;2;25;0.0;157.27;0.0;183.257;0.0;183.257;0.0;0.0
20;2;26;0.0;0.0;0.0;23.725;0.0;23.725;0.0;0.0
20;2;27;0.0;88.82;0.0;111.128;0.0;111.128;0.0;0.0
20;2;28;0.0;206.061;0.0;227.549;0.0;227.549;0.0;0.0
20;2;29;0.0;0.0;0.0;22.928;0.0;22.928;0.0;0.0
20;2;30;0.0;226.544;0.0;252.397;0.0;252.397;0.0;0.0
20;2;31;0.0;228.286;0.0;311.202;0.0;311.202;0.0;0.0
20;2;32;80.242;230.029;0.0;242.563;0.0;242.563;0.0;0.0
20;2;33;326.71;0.0;0.0;0.0;243.157;0.0;0.0;243.157
20;2;34;295.309;0.0;0.0;0.0;220.762;0.0;0.0;220.762
20;2;35;848.206;207.422;0.0;0.0;578.378;0.0;391.206;187.172
20;2;36;914.591;192.406;0.0;0.0;655.086;0.0;486.418;168.668
20;2;37;295.338;0.0;0.0;0.0;213.686;0.0;0.0;213.686
20;2;38;627.666;177.429;0.0;0.0;369.729;0.0;41.639;328.09
20;2;39;388.91;0.0;0.0;0.0;326.233;0.0;0.0;326.233
20;2;40;114.228;0.0;0.0;0.0;26.542;0.0;0.0;26.542
20;2;41;30.603;0.0;0.0;80.711;0.0;80.711;0.0;0.0
20;2;42;0.0;0.0;0.0;128.916;0.0;128.916;0.0;0.0
20;2;43;0.0;0.0;0.0;117.534;0.0;117.534;0.0;0.0
20;2;44;0.0;0.0;0.0;125.484;0.0;125.484;0.0;0.0
20;2;45;0.0;0.0;0.0;117.909;0.0;117.909;0.0;0.0
20;2;46;0.0;0.0;0.0;101.152;0.0;101.152;0.0;0.0
20;2;47;0.0;0.0;0.0;76.364;0.0;76.364;0.0;0.0
20;2;48;0.0;0.0;0.0;20.281;0.0;20.281;0.0;0.0
20;2;49;0.0;0.0;0.0;21.822;0.0;21.822;0.0;0.0
20;2;50;0.0;0.0;0.0;21.659;0.0;21.659;0.0;0.0
20;2;51;0.0;0.0;0.0;22.291;0.0;22.291;0.0;0.0
20;2;52;0.0;47.776;0.0;70.083;0.0;70.083;0.0;0.0
20;2;53;0.0;49.511;0.0;71.749;0.0;71.749;0.0;0.0
20;2;54;0.0;45.451;0.0;74.578;0.0;74.578;0.0;0.0
20;2;55;0.0;67.745;0.0;139.572;0.0;139.572;0.0;0.0
20;2;56;32.022;187.793;0.0;247.803;0.0;247.803;0.0;0.0
20;2;57;75.067;187.217;0.0;194.505;0.0;194.505;0.0;0.0
20;2;58;276.298;71.732;0.0;0.0;134.113;0.0;0.0;134.113
20;2;59;302.927;0.0;0.0;0.0;239.128;0.0;113.47;125.658
20;2;60;181.632;0.0;0.0;0.0;100.233;0.0;0.0;100.233
20;2;61;421.302;118.64;0.0;0.0;228.508;0.0;0.0;228.508
20;2;62;324.722;0.0;0.0;0.0;244.434;0.0;0.0;244.434
20;2;63;398.05;0.0;0.0;0.0;328.402;0.0;0.0;328.402
20;2;64;60.054;175.703;0.0;201.487;0.0;201.487;0.0;0.0
20;2;65;16.245;0.0;0.0;96.958;0.0;96.958;0.0;0.0
20;2;66;0.0;0.0;0.0;126.611;0.0;126.611;0.0;0.0
20;2;67;0.0;0.0;0.0;125.841;0.0;125.841;0.0;0.0
20;2;68;0.0;0.0;0.0;136.313;0.0;136.313;0.0;0.0
20;2;69;0.0;0.0;0.0;111.207;0.0;111.207;0.0;0.0
20;2;70;0.0;0.0;0.0;124.524;0.0;124.524;0.0;0.0
20;2;71;0.0;0.0;0.0;67.876;0.0;67.876;0.0;0.0
20;2;72;0.0;0.0;0.0;18.428;0.0;18.428;0.0;0.0
20;2;73;0.0;0.0;0.0;26.113;0.0;26.113;0.0;0.0
20;2;74;0.0;0.0;0.0;20.466;0.0;20.466;0.0;0.0
20;2;75;0.0;0.0;0.0;26.362;0.0;26.362;0.0;0.0
20;2;76;0.0;0.0;0.0;23.074;0.0;23.074;0.0;0.0
20;2;77;0.0;0.0;0.0;25.414;0.0;25.414;0.0;0.0
20;2;78;0.0;0.0;0.0;27.53;0.0;27.53;0.0;0.0
20;2;79;0.0;68.486;0.0;108.012;0.0;108.012;0.0;0.0
20;2;80;22.695;186.051;0.0;219.34;0.0;219.34;0.0;0.0
20;2;81;127.604;0.0;0.0;0.0;45.54;0.0;0.0;45.54
20;2;82;207.971;0.0;0.0;0.0;137.492;0.0;0.0;137.492
20;2;83;505.156;105.08;0.0;0.0;336.598;0.0;0.0;336.598
20;2;84;227.137;0.0;0.0;0.0;160.767;0.0;0.0;160.767
20;2;85;252.28;0.0;0.0;0.0;164.749;0.0;0.0;164.749
20;2;86;380.483;0.0;0.0;0.0;321.545;0.0;0.0;321.545
20;2;87;164.111;0.0;0.0;0.0;97.352;0.0;0.0;97.352
20;2;88;43.821;155.014;0.0;196.736;0.0;196.736;0.0;0.0
20;2;89;7.308;0.0;0.0;95.852;0.0;95.852;0.0;0.0
20;2;90;0.0;0.0;0.0;88.756;0.0;88.756;0.0;0.0
20;2;91;0.0;0.0;0.0;102.16;0.0;102.16;0.0;0.0
20;2;92;0.0;189.523;0.0;316.618;0.0;316.618;0.0;0.0
20;2;93;0.0;0.0;0.0;116.732;0.0;116.732;0.0;0.0
20;2;94;0.0;0.0;0.0;105.049;0.0;105.049;0.0;0.0
20;2;95;0.0;0.0;0.0;78.293;0.0;78.293;0.0;0.0
20;2;96;0.0;0.0;0.0;18.844;0.0;18.844;0.0;0.0
20;2;97;0.0;0.0;0.0;26.883;0.0;26.883;0.0;0.0
20;2;98;0.0;80.149;0.0;103.847;0.0;103.847;0.0;0.0
20;2;99;0.0;203.375;0.0;227.935;0.0;227.935;0.0;0.0
20;2;100;0.0;0.0;0.0;21.906;0.0;21.906;0.0;0.0
20;2;101;0.0;0.0;0.0;23.644;0.0;23.644;0.0;0.0
20;2;102;0.0;101.851;0.0;130.998;0.0;130.998;0.0;0.0
20;2;103;0.0;209.736;0.0;275.023;0.0;275.023;0.0;0.0
20;2;104;24.592;210.315;0.0;284.967;0.0;284.967;0.0;0.0
20;2;105;90.014;206.844;0.0;211.441;0.0;211.441;0.0;0.0
20;2;106;181.178;0.0;0.0;0.0;77.997;0.0;0.0;77.997
20;2;107;180.283;0.0;0.0;0.0;95.217;0.0;0.0;95.217
20;2;108;212.337;0.0;0.0;0.0;121.576;0.0;0.0;121.576
20;2;109;148.409;0.0;0.0;0.0;37.511;0.0;0.0;37.511
20;2;110;122.953;0.0;0.0;0.0;39.465;0.0;0.0;39.465
20;2;111;107.449;0.0;0.0;0.0;0.0;0.0;0.0;0.0
20;2;112;58.07;52.714;0.0;98.878;0.0;98.878;0.0;0.0
20;2;113;24.247;111.96;0.0;227.353;0.0;227.353;0.0;0.0
20;2;114;0.0;0.0;0.0;131.66;0.0;131.66;0.0;0.0
20;2;115;0.0;64.681;0.0;191.527;0.0;191.527;0.0;0.0
20;2;116;0.0;69.385;0.0;174.784;0.0;174.784;0.0;0.0
20;2;117;0.0;68.016;0.0;187.855;0.0;187.855;0.0;0.0
20;2;118;0.0;60.424;0.0;160.334;0.0;160.334;0.0;0.0
20;2;119;0.0;206.265;0.0;274.394;0.0;274.394;0.0;0.0
20;2;120;0.0;0.0;0.0;20.172;0.0;20.172;0.0;0.0
20;2;121;0.0;89.174;0.0;115.566;0.0;115.566;0.0;0.0
20;2;122;0.0;0.0;0.0;22.526;0.0;22.526;0.0;0.0
20;2;123;0.0;84.178;0.0;107.483;0.0;107.483;0.0;0.0
20;2;124;0.0;86.153;0.0;107.912;0.0;107.912;0.0;0.0
20;2;125;0.0;172.38;0.0;196.624;0.0;196.624;0.0;0.0
20;2;126;0.0;213.788;0.0;251.61;0.0;251.61;0.0;0.0
20;2;127;0.0;210.315;0.0;294.211;0.0;294.211;0.0;0.0
20;2;128;8.857;0.0;0.0;97.375;0.0;97.375;0.0;0.0
20;2;129;93.329;207.422;0.0;213.554;0.0;213.554;0.0;0.0
20;2;130;203.697;0.0;0.0;0.0;123.146;0.0;0.0;123.146
20;2;131;316.181;75.269;0.0;0.0;176.939;0.0;0.0;176.939
20;2;132;600.539;195.867;0.0;0.0;326.71;0.0;151.945;174.765
20;2;133;704.299;192.406;0.0;0.0;426.962;0.0;104.049;322.913
20;2;134;682.204;0.0;0.0;0.0;610.249;0.0;268.764;341.485
20;2;135;394.253;0.0;0.0;0.0;313.246;0.0;0.0;313.246
20;2;136;186.903;0.0;0.0;0.0;96.166;0.0;0.0;96.166
20;2;137;12.314;0.0;0.0;92.113;0.0;92.113;0.0;0.0
20;2;138;0.0;0.0;0.0;132.304;0.0;132.304;0.0;0.0
20;2;139;0.0;0.0;0.0;125.453;0.0;125.453;0.0;0.0
20;2;140;0.0;0.0;0.0;110.529;0.0;110.529;0.0;0.0
20;2;141;0.0;0.0;0.0;103.225;0.0;103.225;0.0;0.0
20;2;142;0.0;0.0;0.0;99.76;0.0;99.76;0.0;0.0
20;2;143;0.0;210.893;0.0;283.825;0.0;283.825;0.0;0.0
20;2;144;0.0;0.0;0.0;20.089;0.0;20.089;0.0;0.0
20;2;145;0.0;0.0;0.0;27.454;0.0;27.454;0.0;0.0
20;2;146;0.0;79.29;0.0;100.586;0.0;100.586;0.0;0.0
20;2;147;0.0;81.143;0.0;103.286;0.0;103.286;0.0;0.0
20;2;148;0.0;158.104;0.0;179.804;0.0;179.804;0.0;0.0
20;2;149;0.0;211.472;0.0;232.099;0.0;232.099;0.0;0.0
20;2;150;0.0;213.209;0.0;242.668;0.0;242.668;0.0;0.0
20;2;151;0.0;213.209;0.0;287.702;0.0;287.702;0.0;0.0
20;2;152;37.008;210.315;0.0;271.05;0.0;271.05;0.0;0.0
20;2;153;191.24;0.0;0.0;0.0;100.184;0.0;0.0;100.184
20;2;154;277.555;0.0;0.0;0.0;198.322;0.0;0.0;198.322
20;2;155;332.066;0.0;0.0;0.0;267.188;0.0;0.0;267.188
20;2;156;379.588;0.0;0.0;0.0;304.341;0.0;0.0;304.341
20;2;157;453.429;0.0;0.0;0.0;371.467;0.0;0.0;371.467
20;2;158;384.994;0.0;0.0;0.0;297.544;0.0;0.0;297.544
20;2;159;169.146;0.0;0.0;0.0;95.561;0.0;0.0;95.561
20;2;160;209.94;0.0;0.0;0.0;126.213;0.0;0.0;126.213
20;2;161;10.395;39.078;0.0;132.114;0.0;132.114;0.0;0.0
20;2;162;0.0;48.763;0.0;176.811;0.0;176.811;0.0;0.0
20;2;163;0.0;51.095;0.0;193.994;0.0;193.994;0.0;0.0
20;2;164;0.0;50.397;0.0;184.131;0.0;184.131;0.0;0.0
20;2;165;0.0;49.85;0.0;174.778;0.0;174.778;0.0;0.0
20;2;166;0.0;42.274;0.0;147.584;0.0;147.584;0.0;0.0
20;2;167;0.0;134.482;0.0;194.344;0.0;194.344;0.0;0.0
20;3;0;0.0;62.536;0.0;80.22;0.0;80.22;0.0;0.0
20;3;1;0.0;179.405;0.0;210.751;0.0;210.751;0.0;0.0
20;3;2;0.0;250.993;0.0;273.172;0.0;273.172;0.0;0.0
20;3;3;0.0;251.576;0.0;274.669;0.0;274.669;0.0;0.0
20;3;4;0.0;252.16;0.0;273.363;0.0;273.363;0.0;0.0
20;3;5;0.0;256.249;0.0;281.586;0.0;281.586;0.0;0.0
20;3;6;0.0;256.249;0.0;286.023;0.0;286.023;0.0;0.0
20;3;7;0.0;255.665;0.0;340.591;0.0;340.591;0.0;0.0
20;3;8;0.0;253.912;0.0;367.394;0.0;367.394;0.0;0.0
20;3;9;0.0;250.993;0.0;358.619;0.0;358.619;0.0;0.0
20;3;10;0.0;248.075;0.0;326.836;0.0;326.836;0.0;0.0
20;3;11;0.0;245.159;0.0;319.365;0.0;319.365;0.0;0.0
20;3;12;469.041;0.0;0.0;0.0;402.361;0.0;0.0;402.361
20;3;13;868.136;239.916;0.0;0.0;544.715;0.0;126.239;418.476
20;3;14;497.705;0.0;0.0;0.0;415.322;0.0;0.0;415.322
20;3;15;518.778;36.819;0.0;0.0;403.539;0.0;0.0;403.539
20;3;16;0.0;229.448;0.0;335.197;0.0;335.197;0.0;0.0
20;3;17;0.0;234.679;0.0;384.056;0.0;384.056;0.0;0.0
20;3;18;0.0;236.424;0.0;364.176;0.0;364.176;0.0;0.0
20;3;19;0.0;0.0;0.0;127.304;0.0;127.304;0.0;0.0
20;3;20;0.0;0.0;0.0;118.675;0.0;118.675;0.0;0.0
20;3;21;0.0;246.325;0.0;357.218;0.0;357.218;0.0;0.0
20;3;22;0.0;248.075;0.0;362.715;0.0;362.715;0.0;0.0
20;3;23;0.0;250.409;0.0;329.967;0.0;329.967;0.0;0.0
20;3;24;0.0;252.744;0.0;270.821;0.0;270.821;0.0;0.0
20;3;25;0.0;0.0;0.0;26.166;0.0;26.166;0.0;0.0
20;3;26;0.0;256.249;0.0;277.765;0.0;277.765;0.0;0.0
20;3;27;0.0;256.249;0.0;278.019;0.0;278.019;0.0;0.0
20;3;28;0.0;257.418;0.0;279.073;0.0;279.073;0.0;0.0
20;3;29;0.0;258.003;0.0;280.538;0.0;280.538;0.0;0.0
20;3;30;0.0;257.418;0.0;288.853;0.0;288.853;0.0;0.0
20;3;31;0.0;259.757;0.0;345.061;0.0;345.061;0.0;0.0
20;3;32;0.0;256.834;0.0;358.257;0.0;358.257;0.0;0.0
20;3;33;0.0;154.258;0.0;243.902;0.0;243.902;0.0;0.0
20;3;34;419.28;0.0;0.0;0.0;336.878;0.0;0.0;336.878
20;3;35;477.614;0.0;0.0;0.0;400.255;0.0;0.0;400.255
20;3;36;515.399;0.0;0.0;0.0;442.671;0.0;0.0;442.671
20;3;37;398.247;0.0;0.0;0.0;303.866;0.0;0.0;303.866
20;3;38;0.0;162.585;0.0;238.701;0.0;238.701;0.0;0.0
20;3;39;51.231;166.783;0.0;202.312;0.0;202.312;0.0;0.0
20;3;40;12.041;162.721;0.0;254.354;0.0;254.354;0.0;0.0
20;3;41;0.0;166.823;0.0;289.178;0.0;289.178;0.0;0.0
20;3;42;0.0;177.987;0.0;302.701;0.0;302.701;0.0;0.0
20;3;43;0.0;181.016;0.0;317.944;0.0;317.944;0.0;0.0
20;3;44;0.0;181.341;0.0;313.29;0.0;313.29;0.0;0.0
20;3;45;0.0;177.633;0.0;285.882;0.0;285.882;0.0;0.0
20;3;46;0.0;159.621;0.0;266.412;0.0;266.412;0.0;0.0
20;3;47;0.0;156.427;0.0;241.903;0.0;241.903;0.0;0.0
20;3;48;0.0;136.054;0.0;154.052;0.0;154.052;0.0;0.0
20;3;49;0.0;128.81;0.0;150.77;0.0;150.77;0.0;0.0
20;3;50;0.0;123.837;0.0;148.134;0.0;148.134;0.0;0.0
20;3;51;0.0;118.974;0.0;141.694;0.0;141.694;0.0;0.0
20;3;52;0.0;119.185;0.0;141.799;0.0;141.799;0.0;0.0
20;3;53;0.0;118.841;0.0;141.543;0.0;141.543;0.0;0.0
20;3;54;0.0;117.199;0.0;142.489;0.0;142.489;0.0;0.0
20;3;55;0.0;149.077;0.0;221.923;0.0;221.923;0.0;0.0
20;3;56;0.0;156.68;0.0;257.088;0.0;257.088;0.0;0.0
20;3;57;16.386;152.856;0.0;231.556;0.0;231.556;0.0;0.0
20;3;58;74.358;228.867;0.0;258.668;0.0;258.668;0.0;0.0
20;3;59;65.546;227.705;0.0;248.029;0.0;248.029;0.0;0.0
20;3;60;0.0;225.383;0.0;307.628;0.0;307.628;0.0;0.0
20;3;61;469.059;0.0;0.0;0.0;403.203;0.0;0.0;403.203
20;3;62;301.292;0.0;0.0;0.0;231.424;0.0;0.0;231.424
20;3;63;218.193;0.0;0.0;0.0;136.859;0.0;0.0;136.859
20;3;64;27.606;108.469;0.0;184.844;0.0;184.844;0.0;0.0
20;3;65;0.0;220.162;0.0;337.225;0.0;337.225;0.0;0.0
20;3;66;0.0;221.902;0.0;345.625;0.0;345.625;0.0;0.0
20;3;67;0.0;198.345;0.0;345.422;0.0;345.422;0.0;0.0
20;3;68;0.0;0.0;0.0;115.065;0.0;115.065;0.0;0.0
20;3;69;0.0;0.0;0.0;124.495;0.0;124.495;0.0;0.0
20;3;70;0.0;0.0;0.0;111.03;0.0;111.03;0.0;0.0
20;3;71;0.0;140.474;0.0;224.817;0.0;224.817;0.0;0.0
20;3;72;0.0;230.029;0.0;247.209;0.0;247.209;0.0;0.0
20;3;73;0.0;229.448;0.0;258.384;0.0;258.384;0.0;0.0
20;3;74;0.0;0.0;0.0;21.812;0.0;21.812;0.0;0.0
20;3;75;0.0;0.0;0.0;23.923;0.0;23.923;0.0;0.0
20;3;76;0.0;231.191;0.0;254.087;0.0;254.087;0.0;0.0
20;3;77;0.0;231.191;0.0;256.787;0.0;256.787;0.0;0.0
20;3;78;0.0;230.61;0.0;258.9;0.0;258.9;0.0;0.0
20;3;79;0.0;233.516;0.0;268.408;0.0;268.408;0.0;0.0
20;3;80;0.0;233.516;0.0;302.637;0.0;302.637;0.0;0.0
20;3;81;11.943;233.516;0.0;294.616;0.0;294.616;0.0;0.0
20;3;82;23.893;0.0;0.0;67.073;0.0;67.073;0.0;0.0
20;3;83;52.288;140.809;0.0;178.572;0.0;178.572;0.0;0.0
20;3;84;88.015;0.0;0.0;0.0;0.0;0.0;0.0;0.0
20;3;85;487.645;0.0;0.0;0.0;416.654;0.0;0.0;416.654
20;3;86;488.567;0.0;0.0;0.0;425.532;0.0;0.0;425.532
20;3;87;0.0;233.516;0.0;294.638;0.0;294.638;0.0;0.0
20;3;88;36.09;236.424;0.0;287.045;0.0;287.045;0.0;0.0
20;3;89;0.0;237.006;0.0;349.728;0.0;349.728;0.0;0.0
20;3;90;0.0;239.916;0.0;336.327;0.0;336.327;0.0;0.0
20;3;91;0.0;0.0;0.0;108.044;0.0;108.044;0.0;0.0
20;3;92;0.0;0.0;0.0;108.156;0.0;108.156;0.0;0.0
20;3;93;0.0;16.754;0.0;126.957;0.0;126.957;0.0;0.0
20;3;94;0.0;164.403;0.0;269.501;0.0;269.501;0.0;0.0
20;3;95;0.0;157.985;0.0;237.556;0.0;237.556;0.0;0.0
20;3;96;0.0;193.712;0.0;211.933;0.0;211.933;0.0;0.0
20;3;97;0.0;198.78;0.0;231.66;0.0;231.66;0.0;0.0
20;3;98;0.0;202.387;0.0;224.867;0.0;224.867;0.0;0.0
20;3;99;0.0;207.814;0.0;231.209;0.0;231.209;0.0;0.0
20;3;100;0.0;205.463;0.0;229.332;0.0;229.332;0.0;0.0
20;3;101;0.0;200.823;0.0;225.309;0.0;225.309;0.0;0.0
20;3;102;0.0;216.548;0.0;246.306;0.0;246.306;0.0;0.0
20;3;103;0.0;215.934;0.0;280.506;0.0;280.506;0.0;0.0
20;3;104;0.0;190.577;0.0;281.418;0.0;281.418;0.0;0.0
20;3;105;8.99;242.246;0.0;337.863;0.0;337.863;0.0;0.0
20;3;106;31.58;130.272;0.0;219.347;0.0;219.347;0.0;0.0
20;3;107;40.62;189.476;0.0;262.39;0.0;262.39;0.0;0.0
20;3;108;76.795;199.518;0.0;242.234;0.0;242.234;0.0;0.0
20;3;109;89.38;184.352;0.0;200.647;0.0;200.647;0.0;0.0
20;3;110;66.179;179.733;0.0;223.158;0.0;223.158;0.0;0.0
20;3;111;37.585;177.893;0.0;240.99;0.0;240.99;0.0;0.0
20;3;112;5.999;171.03;0.0;299.239;0.0;299.239;0.0;0.0
20;3;113;0.0;170.275;0.0;281.15;0.0;281.15;0.0;0.0
20;3;114;0.0;183.868;0.0;304.183;0.0;304.183;0.0;0.0
20;3;115;0.0;180.732;0.0;319.716;0.0;319.716;0.0;0.0
20;3;116;0.0;181.01;0.0;302.336;0.0;302.336;0.0;0.0
20;3;117;0.0;177.751;0.0;301.918;0.0;301.918;0.0;0.0
20;3;118;0.0;161.65;0.0;268.603;0.0;268.603;0.0;0.0
20;3;119;0.0;242.828;0.0;315.716;0.0;315.716;0.0;0.0
20;3;120;0.0;242.828;0.0;259.712;0.0;259.712;0.0;0.0
20;3;121;0.0;243.994;0.0;267.462;0.0;267.462;0.0;0.0
20;3;122;0.0;247.492;0.0;270.443;0.0;270.443;0.0;0.0
20;3;123;0.0;251.576;0.0;272.88;0.0;272.88;0.0;0.0
20;3;124;0.0;40.204;0.0;61.764;0.0;61.764;0.0;0.0
20;3;125;0.0;0.0;0.0;21.59;0.0;21.59;0.0;0.0
20;3;126;0.0;226.115;0.0;253.619;0.0;253.619;0.0;0.0
20;3;127;0.0;224.153;0.0;294.371;0.0;294.371;0.0;0.0
20;3;128;0.0;201.642;0.0;318.96;0.0;318.96;0.0;0.0
20;3;129;28.368;200.026;0.0;261.803;0.0;261.803;0.0;0.0
20;3;130;74.396;188.675;0.0;213.658;0.0;213.658;0.0;0.0
20;3;131;69.183;184.906;0.0;210.621;0.0;210.621;0.0;0.0
20;3;132;0.0;190.984;0.0;272.206;0.0;272.206;0.0;0.0
20;3;133;99.987;170.122;0.0;153.951;0.0;153.951;0.0;0.0
20;3;134;51.047;169.06;0.0;202.636;0.0;202.636;0.0;0.0
20;3;135;33.057;168.746;0.0;231.854;0.0;231.854;0.0;0.0
20;3;136;2.996;244.577;0.0;357.39;0.0;357.39;0.0;0.0
20;3;137;0.0;90.033;0.0;201.491;0.0;201.491;0.0;0.0
20;3;138;0.0;187.486;0.0;307.082;0.0;307.082;0.0;0.0
20;3;139;0.0;250.993;0.0;390.442;0.0;390.442;0.0;0.0
20;3;140;0.0;132.093;0.0;256.012;0.0;256.012;0.0;0.0
20;3;141;0.0;197.337;0.0;334.451;0.0;334.451;0.0;0.0
20;3;142;0.0;186.517;0.0;298.525;0.0;298.525;0.0;0.0
20;3;143;0.0;191.867;0.0;276.69;0.0;276.69;0.0;0.0
20;3;144;0.0;255.081;0.0;272.024;0.0;272.024;0.0;0.0
20;3;145;0.0;139.469;0.0;165.482;0.0;165.482;0.0;0.0
20;3;146;0.0;256.834;0.0;278.63;0.0;278.63;0.0;0.0
20;3;147;0.0;149.278;0.0;176.325;0.0;176.325;0.0;0.0
20;3;148;0.0;206.471;0.0;228.924;0.0;228.924;0.0;0.0
20;3;149;0.0;208.148;0.0;233.449;0.0;233.449;0.0;0.0
20;3;150;0.0;229.035;0.0;262.144;0.0;262.144;0.0;0.0
20;3;151;0.0;219.032;0.0;298.834;0.0;298.834;0.0;0.0
20;3;152;0.0;197.889;0.0;303.583;0.0;303.583;0.0;0.0
20;3;153;0.0;181.617;0.0;283.081;0.0;283.081;0.0;0.0
20;3;154;0.0;170.924;0.0;251.358;0.0;251.358;0.0;0.0
20;3;155;0.0;156.494;0.0;228.879;0.0;228.879;0.0;0.0
20;3;156;0.0;156.347;0.0;241.475;0.0;241.475;0.0;0.0
20;3;157;0.0;229.448;0.0;315.596;0.0;315.596;0.0;0.0
20;3;158;65.702;55.101;0.0;82.196;0.0;82.196;0.0;0.0
20;3;159;28.345;141.553;0.0;201.338;0.0;201.338;0.0;0.0
20;3;160;13.435;135.119;0.0;237.038;0.0;237.038;0.0;0.0
20;3;161;0.0;132.45;0.0;263.236;0.0;263.236;0.0;0.0
20;3;162;0.0;147.328;0.0;270.385;0.0;270.385;0.0;0.0
20;3;163;0.0;198.477;0.0;329.865;0.0;329.865;0.0;0.0
20;3;164;0.0;227.124;0.0;346.663;0.0;346.663;0.0;0.0
20;3;165;0.0;0.0;0.0;106.811;0.0;106.811;0.0;0.0
20;3;166;0.0;228.286;0.0;345.557;0.0;345.557;0.0;0.0
20;3;167;0.0;133.523;0.0;210.992;0.0;210.992;0.0;0.0
