{
    "OB": {
    "building_age_group": {
      "1860 - 1978": {
        "ow1": 0.367275866,
        "win1": 0.214412826,
        "rt1": 0.395549717,
        "gf1": 0.506728916
      },
      "1979 - 2009": {
        "ow1": 0.288649056,
        "win1": 0.298723187,
        "rt1": 0.331884826,
        "gf1": 0.383291576
      },
      "2010 - 2030": {
        "ow1": 0.541796301,
        "win1": 0.345399313,
        "rt1": 0.506728916,
        "gf1": 0.369112228
      }}
    },
    "School": {
        "building_age_group": {
      "1860 - 1978": {
        "ow1": 0.319407585,
        "win1": 0.290388123,
        "rt1": 0.400059596,
        "gf1": 0.5281331
      },
      "1979 - 2009": {
        "ow1": 0.33796726,
        "win1": 0.325072061,
        "rt1": 0.521524502,
        "gf1": 0.395933736
      },
      "2010 - 2030": {
        "ow1": 0.408411272,
        "win1": 0.23569826,
        "rt1": 0.5281331,
        "gf1": 0.520150289
      }
    }},
    "Grocery_store": {
        "building_age_group": {
      "1860 - 1978": {
        "ow1": 0.368695829,
        "win1": 0.11100406,
        "rt1": 0.874472474,
        "gf1": 0.873243839
      },
      "1979 - 2009": {
        "ow1": 0.306325887,
        "win1": 0.107614556,
        "rt1": 0.633179393,
        "gf1": 0.898372145
      },
      "2010 - 2030": {
        "ow1": 0.285943533,
        "win1": 0.239052787,
        "rt1": 0.873243839,
        "gf1": 0.894054076
      }}
    }
  }
