{
  "OB": {
    "building_age_group": {
      "1860 - 1978": {
        "ow1": 0.367275866,
        "win1": 0.214412826,
        "rt1": 0.395549717,
        "gf1": 0.383291576
      },
      "1979 - 2009": {
        "ow1": 0.288649056,
        "win1": 0.298723187,
        "rt1": 0.331884826,
        "gf1": 0.369112228
      },
      "2010 - 2030": {
        "ow1": 0.541796301,
        "win1": 0.345399313,
        "rt1": 0.506728916,
        "gf1": 0.481880831
      }
    }
  },
  "SC": {
    "building_age_group": {
      "1860 - 1978": {
        "ow1": 0.319407585,
        "win1": 0.290388123,
        "rt1": 0.400059596,
        "gf1": 0.395933736
      },
      "1979 - 2009": {
        "ow1": 0.33796726,
        "win1": 0.325072061,
        "rt1": 0.521524502,
        "gf1": 0.520150289
      },
      "2010 - 2030": {
        "ow1": 0.408411272,
        "win1": 0.23569826,
        "rt1": 0.5281331,
        "gf1": 0.559097879
      }
    }
  },
  "GS": {
    "building_age_group": {
      "1860 - 1978": {
        "ow1": 0.368695829,
        "win1": 0.11100406,
        "rt1": 0.874472474,
        "gf1": 0.898372145
      },
      "1979 - 2009": {
        "ow1": 0.306325887,
        "win1": 0.107614556,
        "rt1": 0.633179393,
        "gf1": 0.667097445
      },
      "2010 - 2030": {
        "ow1": 0.285943533,
        "win1": 0.239052787,
        "rt1": 0.873243839,
        "gf1": 0.894054076
      }
    }
  },
  "RE": {
    "building_age_group": {
      "1860 - 1978": {
        "ow1": 0.571613483,
        "win1": 0.289033996,
        "rt1": 0.36200171,
        "gf1": 0.349599978
      },
      "1979 - 2009": {
        "ow1": 0.417122941,
        "win1": 0.259027325,
        "rt1": 0.392579582,
        "gf1": 0.393199456
      },
      "2010 - 2030": {
        "ow1": 0.458805012,
        "win1": 0.280977559,
        "rt1": 0.285122382,
        "gf1": 0.281604254
      }
    }
  }
}
