Koordinatensystem : Lambert konform konisch
Rechtswert        : 3797500 Meter
Hochwert          : 2746500 Meter
Hoehenlage        : 58 Meter ueber NN
Erstellung des Datensatzes im Mai 2016

Art des TRY       : extremer Winter
Bezugszeitraum    : 2031-2060
Datenbasis 1      : Beobachtungsdaten Zeitraum 1995-2012
Datenbasis 2      : Klimasimulationen Zeitraum 1971-2000 (Basis RCP-historical / CORDEX-Europa Laeufe)
Datenbasis 3      : Klimasimulationen Zeitraum 2031-2060 (Basis RCP-4.5 und RCP-8.5 / CORDEX-Europa Laeufe)

Format: (i7,1x,i7,1x,i2,1x,i2,1x,i2,1x,f5.1,1x,i4,1x,3i,1x,f4.1,1x,i1,1x,f4.1,1x,i3,1x,i4,1x,i4,1x,i3,1x,i4,2x,i1)

Reihenfolge der Parameter:
RW Rechtswert                                                    [m]       {3670500;3671500..4389500}
HW Hochwert                                                      [m]       {2242500;2243500..3179500}
MM Monat                                                                   {1..12}
DD Tag                                                                     {1..28,30,31}
HH Stunde (MEZ)                                                            {1..24}
t  Lufttemperatur in 2m Hoehe ueber Grund                        [GradC]
p  Luftdruck in Standorthoehe                                    [hPa]
WR Windrichtung in 10 m Hoehe ueber Grund                        [Grad]    {0..360;999}
WG Windgeschwindigkeit in 10 m Hoehe ueber Grund                 [m/s]
N  Bedeckungsgrad                                                [Achtel]  {0..8;9}
x  Wasserdampfgehalt, Mischungsverhaeltnis                       [g/kg]
RF Relative Feuchte in 2 m Hoehe ueber Grund                     [Prozent] {1..100}
B  Direkte Sonnenbestrahlungsstaerke (horiz. Ebene)              [W/m^2]   abwaerts gerichtet: positiv
D  Diffuse Sonnenbetrahlungsstaerke (horiz. Ebene)               [W/m^2]   abwaerts gerichtet: positiv
A  Bestrahlungsstaerke d. atm. Waermestrahlung (horiz. Ebene)    [W/m^2]   abwaerts gerichtet: positiv
E  Bestrahlungsstaerke d. terr. Waermestrahlung                  [W/m^2]   aufwaerts gerichtet: negativ
IL Qualitaetsbit bezueglich der Auswahlkriterien                           {0;1;2;3;4}


     RW      HW MM DD HH     t    p  WR   WG N    x  RF    B    D   A    E IL
*** 
3797500 2746500  1  1  1   2.6  986 197  1.7 3  3.9  83    0    0 228 -316  1
3797500 2746500  1  1  2   3.3  986 238  1.8 2  4.1  83    0    0 224 -316  1
3797500 2746500  1  1  3   3.7  987 265  1.8 2  4.2  82    0    0 229 -316  1
3797500 2746500  1  1  4   3.4  988 263  1.9 3  4.2  82    0    0 235 -316  1
3797500 2746500  1  1  5   3.3  989 260  2.0 4  4.1  82    0    0 251 -316  1
3797500 2746500  1  1  6   2.8  989 258  2.1 4  4.0  82    0    0 256 -316  1
3797500 2746500  1  1  7   3.2  990 253  2.3 5  3.9  81    0    0 257 -316  1
3797500 2746500  1  1  8   3.5  991 327  0.0 7  3.9  79    0    0 271 -315  1
3797500 2746500  1  1  9   3.3  991 257  2.3 7  3.9  78    0    0 279 -315  1
3797500 2746500  1  1 10   3.2  992 282  1.7 6  3.9  79    7   34 274 -315  1
3797500 2746500  1  1 11   3.0  993 274  0.8 6  3.9  80    0   54 269 -315  1
3797500 2746500  1  1 12   3.1  994 268  3.9 8  3.8  78    0   61 276 -316  1
3797500 2746500  1  1 13   2.2  994 269  3.9 8  3.7  80    0   60 284 -315  1
3797500 2746500  1  1 14   2.2  994 256  6.0 6  3.7  81    1   76 274 -314  1
3797500 2746500  1  1 15   1.3  994 268  5.9 6  3.6  83    1   55 266 -314  1
3797500 2746500  1  1 16   1.9  993 273  6.3 6  3.7  85    1   28 265 -314  1
3797500 2746500  1  1 17   1.8  994 307  7.2 5  3.5  80    0    2 260 -312  1
3797500 2746500  1  1 18   0.7  994 257  5.3 5  3.5  82    0    0 255 -310  1
3797500 2746500  1  1 19   0.6  994 238  5.3 7  3.5  87    0    0 261 -308  1
3797500 2746500  1  1 20   0.8  994 247  6.6 8  3.5  86    0    0 274 -307  1
3797500 2746500  1  1 21   0.9  994 240  6.9 8  3.5  86    0    0 282 -308  1
3797500 2746500  1  1 22   0.9  994 258  6.3 7  3.6  86    0    0 279 -308  1
3797500 2746500  1  1 23   0.8  994 258  6.6 8  3.7  89    0    0 281 -309  1
3797500 2746500  1  1 24   0.7  995 267  5.5 6  3.7  92    0    0 278 -312  1
3797500 2746500  1  2  1   0.9  995 276  4.9 8  3.8  92    0    0 279 -314  1
3797500 2746500  1  2  2   1.0  996 256  6.3 8  3.7  90    0    0 289 -316  1
3797500 2746500  1  2  3   1.0  996 259  5.4 6  3.7  89    0    0 283 -315  1
3797500 2746500  1  2  4   0.8  996 247  6.2 4  3.7  89    0    0 267 -314  1
3797500 2746500  1  2  5   0.7  997 255  5.2 6  3.6  89    0    0 267 -315  1
3797500 2746500  1  2  6   0.7  997 264  5.7 4  3.6  89    0    0 267 -315  1
3797500 2746500  1  2  7   0.6  997 258  5.5 6  3.7  92    0    0 267 -315  1
3797500 2746500  1  2  8   1.0  998 267  5.7 8  3.9  95    0    0 287 -316  1
3797500 2746500  1  2  9   0.8  998 277  4.8 8  3.9  95    0    0 297 -315  1
3797500 2746500  1  2 10   0.8  999 286  2.8 7  3.9  96    0   18 292 -314  1
3797500 2746500  1  2 11   1.2  999 288  3.0 7  3.9  95    0   51 286 -314  1
3797500 2746500  1  2 12   1.3 1000 289  3.4 8  4.0  95    0   54 293 -315  1
3797500 2746500  1  2 13   1.4 1001 317  3.1 8  4.0  95    0   41 301 -315  1
3797500 2746500  1  2 14   1.6 1002 319  3.3 8  4.0  94    0   30 301 -315  1
3797500 2746500  1  2 15   1.6 1003 327  3.2 8  4.0  93    0   25 301 -314  1
3797500 2746500  1  2 16   1.7 1005 315  2.5 8  4.0  92    0   15 301 -312  1
3797500 2746500  1  2 17   1.7 1006 324  2.0 7  3.9  91    0    2 295 -309  1
3797500 2746500  1  2 18   1.8 1007 314  3.6 7  3.9  90    0    0 288 -308  1
3797500 2746500  1  2 19   1.6 1009 317  2.9 7  3.9  90    0    0 288 -308  1
3797500 2746500  1  2 20   1.7 1010 327  2.8 6  3.9  90    0    0 282 -309  1
3797500 2746500  1  2 21   1.8 1012 326  2.8 7  3.8  89    0    0 283 -309  1
3797500 2746500  1  2 22   1.7 1013 324  3.3 7  3.8  88    0    0 289 -310  1
3797500 2746500  1  2 23   1.5 1014 333  2.7 7  3.8  88    0    0 289 -310  1
3797500 2746500  1  2 24   1.6 1015 344  2.5 7  3.7  88    0    0 289 -308  1
3797500 2746500  1  3  1   1.4 1016 351  1.4 6  3.7  87    0    0 283 -308  1
3797500 2746500  1  3  2   1.2 1017 353  1.9 6  3.6  88    0    0 277 -308  1
3797500 2746500  1  3  3   1.3 1018  20  1.1 8  3.7  88    0    0 289 -307  1
3797500 2746500  1  3  4   1.2 1019 334  1.6 8  3.6  88    0    0 301 -307  1
3797500 2746500  1  3  5   1.2 1019 357  1.9 8  3.6  88    0    0 298 -307  1
3797500 2746500  1  3  6   1.1 1020 350  1.7 8  3.6  89    0    0 297 -304  1
3797500 2746500  1  3  7   1.2 1020 359  2.3 8  3.6  88    0    0 297 -300  1
3797500 2746500  1  3  8   1.2 1021   3  2.3 8  3.5  85    0    0 295 -297  1
3797500 2746500  1  3  9   1.2 1022  13  2.1 8  3.2  79    0    0 292 -295  1
3797500 2746500  1  3 10   1.1 1023 352  1.2 7  3.1  77    0   29 284 -294  1
3797500 2746500  1  3 11   1.2 1024 351  1.3 7  3.1  77    0   49 279 -294  1
3797500 2746500  1  3 12   1.2 1025  18  1.8 7  3.1  77    0   57 280 -296  1
3797500 2746500  1  3 13   1.5 1025  13  1.7 7  3.1  75    0   62 281 -299  1
3797500 2746500  1  3 14   1.7 1025  24  0.8 6  3.0  72    5   90 275 -300  1
3797500 2746500  1  3 15   1.7 1025  68  1.6 2  3.0  71   57   84 248 -300  1
3797500 2746500  1  3 16   1.7 1025  74  1.9 4  3.0  71   13   40 237 -297  1
3797500 2746500  1  3 17   1.0 1025  66  1.6 3  3.0  73    0    5 240 -295  1
3797500 2746500  1  3 18   0.0 1026  64  1.3 1  3.0  77    0    0 222 -293  1
3797500 2746500  1  3 19  -0.4 1026  86  2.0 0  3.0  80    0    0 208 -290  1
3797500 2746500  1  3 20  -0.9 1026  87  2.7 0  2.9  82    0    0 202 -289  1
3797500 2746500  1  3 21  -1.6 1026  95  2.2 0  2.9  84    0    0 202 -288  1
3797500 2746500  1  3 22  -1.8 1027  71  2.1 1  2.8  84    0    0 205 -287  1
3797500 2746500  1  3 23  -2.4 1026 123  0.9 0  2.7  83    0    0 204 -286  1
3797500 2746500  1  3 24  -2.7 1026 110  2.4 1  2.6  84    0    0 202 -285  1
3797500 2746500  1  4  1  -3.0 1026 113  2.3 0  2.5  84    0    0 201 -284  1
3797500 2746500  1  4  2  -3.4 1027 103  2.4 1  2.5  84    0    0 200 -283  1
3797500 2746500  1  4  3  -3.8 1026 100  0.9 2  2.4  85    0    0 206 -282  1
3797500 2746500  1  4  4  -4.1 1026  90  0.8 2  2.4  86    0    0 209 -281  1
3797500 2746500  1  4  5  -5.3 1026  68  0.7 1  2.4  89    0    0 202 -280  1
3797500 2746500  1  4  6  -4.3 1026  59  1.2 2  2.3  88    0    0 202 -279  1
3797500 2746500  1  4  7  -5.4 1026 151  1.2 0  2.2  86    0    0 197 -279  1
3797500 2746500  1  4  8  -4.7 1026 152  1.3 0  2.2  86    0    0 190 -278  1
3797500 2746500  1  4  9  -5.3 1026  71  1.3 0  2.1  83    0    0 190 -278  1
3797500 2746500  1  4 10  -5.0 1027  99  1.4 0  2.2  86   24   35 188 -278  1
3797500 2746500  1  4 11  -2.9 1027 100  1.3 0  2.4  85   83   63 191 -280  1
3797500 2746500  1  4 12  -0.6 1027   7  0.3 0  2.5  76  136   73 196 -284  1
3797500 2746500  1  4 13   1.0 1027   4  0.4 0  2.3  60  193   59 198 -287  1
3797500 2746500  1  4 14   1.4 1027 276  0.7 0  2.0  49  190   49 199 -290  1
3797500 2746500  1  4 15   1.7 1026  81  0.9 0  1.9  46  146   40 200 -290  1
3797500 2746500  1  4 16   1.0 1026 123  1.0 0  1.9  47   54   33 200 -288  1
3797500 2746500  1  4 17   0.0 1026  35  0.3 0  1.9  50    3    7 198 -286  1
3797500 2746500  1  4 18  -1.2 1026  23  0.4 1  1.8  50    0    0 199 -284  1
3797500 2746500  1  4 19  -2.0 1026  24  0.7 0  1.7  50    0    0 196 -281  1
3797500 2746500  1  4 20  -2.6 1026  58  1.1 0  1.6  50    0    0 191 -279  1
3797500 2746500  1  4 21  -2.8 1026  89  2.1 0  1.7  56    0    0 191 -277  1
3797500 2746500  1  4 22  -4.2 1026 109  2.4 1  1.8  64    0    0 192 -276  1
3797500 2746500  1  4 23  -3.8 1026 119  2.9 0  1.8  65    0    0 190 -276  1
3797500 2746500  1  4 24  -3.4 1025 107  3.5 0  1.8  64    0    0 189 -277  1
3797500 2746500  1  5  1  -3.3 1025 118  3.0 3  1.9  64    0    0 196 -276  1
3797500 2746500  1  5  2  -3.4 1025 126  2.8 2  1.9  65    0    0 200 -275  1
3797500 2746500  1  5  3  -3.5 1025 120  3.4 3  1.9  65    0    0 199 -274  1
3797500 2746500  1  5  4  -3.9 1025 132  1.8 2  1.9  65    0    0 198 -272  1
3797500 2746500  1  5  5  -4.1 1025 132  2.2 1  1.8  66    0    0 194 -272  1
3797500 2746500  1  5  6  -4.4 1025 121  1.2 2  1.8  66    0    0 193 -273  1
3797500 2746500  1  5  7  -4.8 1024 124  1.4 0  1.8  68    0    0 191 -274  1
3797500 2746500  1  5  8  -5.0 1024 121  1.2 0  1.8  70    0    0 187 -274  1
3797500 2746500  1  5  9  -5.5 1024 147  1.6 0  1.8  71    0    0 186 -276  1
3797500 2746500  1  5 10  -5.1 1024 149  1.9 0  1.8  71   17   36 185 -278  1
3797500 2746500  1  5 11  -4.2 1024 159  2.2 0  1.8  68   75   66 186 -281  1
3797500 2746500  1  5 12  -3.7 1023 160  3.7 0  1.9  67  123   77 187 -285  1
3797500 2746500  1  5 13  -3.2 1022 158  2.8 0  1.9  66  162   71 187 -288  1
3797500 2746500  1  5 14  -3.0 1021 157  2.6 0  1.9  64  170   57 187 -290  1
3797500 2746500  1  5 15  -2.9 1021 148  3.0 0  1.9  62  123   47 186 -291  1
3797500 2746500  1  5 16  -3.1 1020 147  2.2 1  1.8  61   52   32 188 -290  1
3797500 2746500  1  5 17  -3.4 1020 147  1.1 2  1.8  61    3    8 195 -289  1
3797500 2746500  1  5 18  -3.6 1019 128  3.8 2  1.8  62    0    0 198 -287  1
3797500 2746500  1  5 19  -3.5 1019 140  3.6 2  1.8  63    0    0 200 -285  1
3797500 2746500  1  5 20  -3.4 1018 157  3.0 2  1.8  62    0    0 202 -284  1
3797500 2746500  1  5 21  -3.2 1018 150  4.0 2  1.8  62    0    0 204 -283  1
3797500 2746500  1  5 22  -3.2 1017 164  3.1 3  1.8  62    0    0 209 -283  1
3797500 2746500  1  5 23  -3.3 1016 160  5.1 3  1.8  62    0    0 214 -283  1
3797500 2746500  1  5 24  -3.7 1015 149  5.1 2  1.8  63    0    0 213 -284  1
3797500 2746500  1  6  1  -3.8 1014 160  4.1 2  1.8  64    0    0 213 -285  1
3797500 2746500  1  6  2  -3.5 1013 166  3.1 1  1.8  64    0    0 212 -285  1
3797500 2746500  1  6  3  -3.6 1012 162  3.1 1  1.9  64    0    0 211 -285  1
3797500 2746500  1  6  4  -4.2 1012 146  3.6 1  1.9  66    0    0 212 -285  1
3797500 2746500  1  6  5  -4.2 1011 148  3.3 5  1.9  68    0    0 225 -285  1
3797500 2746500  1  6  6  -4.2 1011 166  3.5 6  1.9  69    0    0 242 -285  1
3797500 2746500  1  6  7  -4.5 1010 157  4.0 5  1.9  69    0    0 244 -286  1
3797500 2746500  1  6  8  -4.5 1010 148  3.7 6  1.9  70    0    0 245 -286  1
3797500 2746500  1  6  9  -4.6 1010 148  2.8 6  1.9  70    0    0 251 -286  1
3797500 2746500  1  6 10  -4.3 1011 152  2.7 6  1.9  70    0   29 253 -286  1
3797500 2746500  1  6 11  -4.0 1011 161  2.6 8  1.9  70    0   45 263 -287  1
3797500 2746500  1  6 12  -3.8 1012 181  2.5 8  2.0  69    0   64 274 -293  1
3797500 2746500  1  6 13  -3.7 1012 168  2.5 7  2.0  68    8  103 272 -298  1
3797500 2746500  1  6 14  -3.8 1012 156  3.6 8  2.0  70    5   87 275 -300  1
3797500 2746500  1  6 15  -3.4 1012 135  2.5 7  2.1  72    5   66 277 -302  1
3797500 2746500  1  6 16  -3.3 1013 118  1.9 8  2.2  73    0   26 278 -300  1
3797500 2746500  1  6 17  -3.2 1014 177  2.0 7  2.2  75    0    3 279 -293  1
3797500 2746500  1  6 18  -3.0 1015 195  1.9 8  2.3  76    0    0 280 -286  1
3797500 2746500  1  6 19  -2.8 1015 170  1.1 7  2.3  76    0    0 279 -283  1
3797500 2746500  1  6 20  -2.7 1016 187  1.6 7  2.4  77    0    0 276 -281  1
3797500 2746500  1  6 21  -2.3 1017 188  1.5 8  2.4  78    0    0 281 -279  1
3797500 2746500  1  6 22  -2.4 1017 218  1.1 8  2.5  78    0    0 285 -277  1
3797500 2746500  1  6 23  -2.0 1018 187  1.2 7  2.5  78    0    0 281 -275  1
3797500 2746500  1  6 24  -2.0 1018 191  1.5 7  2.5  78    0    0 275 -273  1
3797500 2746500  1  7  1  -2.4 1018 223  0.9 8  2.6  81    0    0 278 -268  1
3797500 2746500  1  7  2  -2.5 1019  52  0.7 8  2.7  85    0    0 280 -267  1
3797500 2746500  1  7  3  -2.6 1020  34  0.7 8  2.7  88    0    0 278 -269  1
3797500 2746500  1  7  4  -2.5 1020  22  0.4 8  2.8  89    0    0 276 -270  1
3797500 2746500  1  7  5  -2.3 1021  48  0.7 8  2.8  89    0    0 275 -271  1
3797500 2746500  1  7  6  -2.2 1021  19  2.2 8  2.8  89    0    0 272 -272  1
3797500 2746500  1  7  7  -2.1 1022  40  1.4 5  2.8  89    0    0 259 -271  1
3797500 2746500  1  7  8  -2.2 1023  48  1.8 8  2.8  88    0    0 257 -270  1
3797500 2746500  1  7  9  -2.1 1024  42  1.7 8  2.8  87    0    0 266 -266  1
3797500 2746500  1  7 10  -2.3 1025  15  1.5 7  2.7  86    1   30 262 -264  1
3797500 2746500  1  7 11  -2.4 1025  60  1.9 5  2.6  83   11   70 252 -267  1
3797500 2746500  1  7 12  -2.3 1026   8  1.3 5  2.5  79    9   90 245 -275  1
3797500 2746500  1  7 13  -2.0 1026 350  0.6 6  2.4  75   17  106 250 -282  1
3797500 2746500  1  7 14  -1.5 1026 343  1.9 6  2.4  73    9   90 253 -287  1
3797500 2746500  1  7 15  -1.7 1027 324  1.8 6  2.5  74    6   68 249 -287  1
3797500 2746500  1  7 16  -2.0 1027 329  1.0 5  2.4  74   18   37 238 -283  1
3797500 2746500  1  7 17  -2.7 1027 358  0.2 3  2.4  75    3    7 223 -276  1
3797500 2746500  1  7 18  -3.4 1028 307  0.5 3  2.3  78    0    0 214 -270  1
3797500 2746500  1  7 19  -3.7 1028 285  0.7 4  2.3  81    0    0 215 -266  1
3797500 2746500  1  7 20  -3.8 1028 240  0.3 3  2.3  82    0    0 213 -265  1
3797500 2746500  1  7 21  -2.9 1029 243  0.3 5  2.4  81    0    0 217 -270  1
3797500 2746500  1  7 22  -3.1 1029 172  1.0 6  2.4  80    0    0 227 -276  1
3797500 2746500  1  7 23  -3.2 1029 212  1.1 6  2.3  79    0    0 231 -277  1
3797500 2746500  1  7 24  -3.2 1029 189  1.8 5  2.3  79    0    0 229 -277  1
3797500 2746500  1  8  1  -3.3 1029 169  2.3 6  2.4  81    0    0 230 -277  1
3797500 2746500  1  8  2  -3.4 1028 198  2.6 8  2.4  81    0    0 241 -277  1
3797500 2746500  1  8  3  -3.3 1028 179  2.9 8  2.3  80    0    0 248 -278  1
3797500 2746500  1  8  4  -3.3 1028 179  2.0 7  2.3  79    0    0 246 -279  1
3797500 2746500  1  8  5  -3.2 1027 180  3.0 2  2.3  79    0    0 226 -281  1
3797500 2746500  1  8  6  -2.6 1027 173  4.0 4  2.3  77    0    0 217 -282  1
3797500 2746500  1  8  7  -3.4 1027 173  3.6 5  2.3  77    0    0 231 -283  1
3797500 2746500  1  8  8  -3.1 1026 183  3.4 7  2.2  76    0    0 243 -283  1
3797500 2746500  1  8  9  -3.5 1026 174  3.7 7  2.2  76    0    0 252 -282  1
3797500 2746500  1  8 10  -3.4 1026 165  4.3 6  2.2  78    2   37 248 -282  1
3797500 2746500  1  8 11  -3.1 1025 173  4.6 8  2.3  77    0   52 253 -284  1
3797500 2746500  1  8 12  -2.9 1025 174  4.9 7  2.3  76    6   93 259 -287  1
3797500 2746500  1  8 13  -2.7 1024 174  5.0 7  2.3  76    7  105 255 -291  1
3797500 2746500  1  8 14  -2.1 1024 174  4.0 5  2.3  74   57  124 248 -295  1
3797500 2746500  1  8 15  -1.8 1022 172  4.2 7  2.4  74   14   84 252 -297  1
3797500 2746500  1  8 16  -1.4 1021 174  3.7 8  2.5  74    0   24 267 -297  1
3797500 2746500  1  8 17  -1.4 1021 173  4.9 8  2.5  74    0    1 273 -297  1
3797500 2746500  1  8 18  -1.5 1020 175  5.1 8  2.7  81    0    0 277 -298  1
3797500 2746500  1  8 19  -1.0 1019 183  4.8 8  3.0  87    0    0 281 -300  1
3797500 2746500  1  8 20  -0.6 1019 183  3.9 8  3.1  88    0    0 286 -301  1
3797500 2746500  1  8 21  -0.2 1018 191  3.6 7  3.3  89    0    0 287 -302  1
3797500 2746500  1  8 22   0.1 1018 194  3.2 8  3.3  89    0    0 291 -304  1
3797500 2746500  1  8 23   0.5 1018 202  2.3 8  3.4  89    0    0 297 -305  1
3797500 2746500  1  8 24   0.5 1017 195  2.0 7  3.5  90    0    0 297 -306  1
3797500 2746500  1  9  1   0.6 1017 204  1.0 5  3.6  91    0    0 290 -308  1
3797500 2746500  1  9  2   1.0 1018 189  0.9 7  3.6  90    0    0 289 -308  1
3797500 2746500  1  9  3   1.3 1017 255  0.7 3  3.7  90    0    0 282 -308  1
3797500 2746500  1  9  4   1.3 1018 236  0.4 6  3.8  91    0    0 279 -308  1
3797500 2746500  1  9  5   0.7 1018 256  0.3 6  3.8  93    0    0 288 -308  1
3797500 2746500  1  9  6   1.2 1018 233  0.6 7  3.8  93    0    0 292 -309  1
3797500 2746500  1  9  7   1.4 1018 226  0.6 6  3.8  92    0    0 293 -310  1
3797500 2746500  1  9  8   1.5 1018 193  0.8 8  3.9  92    0    0 298 -311  1
3797500 2746500  1  9  9   1.6 1018 208  1.2 6  3.9  92    0    0 297 -311  1
3797500 2746500  1  9 10   1.7 1018 213  2.9 7  3.9  93    0   17 292 -312  1
3797500 2746500  1  9 11   2.2 1018 212  3.1 8  4.1  93    0   54 303 -313  1
3797500 2746500  1  9 12   2.3 1018 204  3.2 8  4.2  94    0   68 308 -313  1
3797500 2746500  1  9 13   2.7 1018 226  3.4 8  4.3  94    0   58 308 -314  1
3797500 2746500  1  9 14   2.9 1017 225  3.4 8  4.3  94    0   46 309 -315  1
3797500 2746500  1  9 15   3.3 1016 224  4.9 8  4.4  94    0   39 311 -315  1
3797500 2746500  1  9 16   3.4 1015 223  4.6 8  4.5  94    0   19 315 -316  1
3797500 2746500  1  9 17   3.6 1014 213  5.3 8  4.5  92    0    2 317 -316  1
3797500 2746500  1  9 18   3.8 1013 222  4.8 8  4.5  91    0    0 319 -316  1
3797500 2746500  1  9 19   3.8 1012 220  5.8 8  4.5  91    0    0 321 -316  1
3797500 2746500  1  9 20   4.4 1010 219  6.0 8  4.7  92    0    0 324 -316  1
3797500 2746500  1  9 21   5.2 1008 228  6.8 8  4.9  91    0    0 327 -316  1
3797500 2746500  1  9 22   5.5 1007 228  7.4 8  5.0  90    0    0 329 -316  1
3797500 2746500  1  9 23   5.6 1006 239  6.8 8  5.1  91    0    0 330 -317  1
3797500 2746500  1  9 24   6.1 1004 249  6.3 8  5.3  91    0    0 332 -317  1
3797500 2746500  1 10  1   6.5 1003 250  7.6 8  5.4  90    0    0 335 -317  1
3797500 2746500  1 10  2   6.5 1001 261  5.9 8  5.4  89    0    0 337 -316  1
3797500 2746500  1 10  3   4.9 1000 281  7.2 7  5.0  87    0    0 328 -318  1
3797500 2746500  1 10  4   5.4 1001 273  4.8 5  4.7  84    0    0 305 -323  1
3797500 2746500  1 10  5   5.9 1001 284  6.3 4  4.6  80    0    0 285 -325  1
3797500 2746500  1 10  6   5.8 1001 280  6.8 5  4.3  75    0    0 281 -324  1
3797500 2746500  1 10  7   5.6 1002 278  6.1 6  4.1  72    0    0 291 -322  1
3797500 2746500  1 10  8   5.2 1002 272  6.2 6  4.0  71    0    0 296 -321  1
3797500 2746500  1 10  9   4.2 1003 286  6.3 6  4.0  74    0    0 292 -322  1
3797500 2746500  1 10 10   4.4 1003 267  4.5 6  4.0  77    9   35 289 -323  1
3797500 2746500  1 10 11   4.4 1003 280  5.4 6  4.1  77   43   64 287 -324  1
3797500 2746500  1 10 12   4.7 1004 269  5.0 7  4.1  77   14   89 291 -324  1
3797500 2746500  1 10 13   3.9 1004 277  5.1 8  4.1  78    1   84 303 -324  1
3797500 2746500  1 10 14   3.5 1003 275  4.4 7  4.1  83    0   67 298 -325  1
3797500 2746500  1 10 15   3.4 1003 271  3.9 8  4.2  85    0   47 297 -326  1
3797500 2746500  1 10 16   3.3 1002 281  3.7 7  4.2  87    1   29 299 -327  1
3797500 2746500  1 10 17   3.5 1002 289  2.7 8  4.3  87    0    5 301 -325  1
3797500 2746500  1 10 18   3.6 1001 251  4.1 8  4.3  87    0    0 309 -324  1
3797500 2746500  1 10 19   2.8 1001 261  3.1 8  4.2  88    0    0 310 -322  1
3797500 2746500  1 10 20   3.5 1000 273  4.2 8  4.2  88    0    0 311 -321  1
3797500 2746500  1 10 21   3.1  998 262  3.5 8  4.2  87    0    0 311 -319  1
3797500 2746500  1 10 22   2.7  997 230  3.0 8  4.2  88    0    0 310 -318  1
3797500 2746500  1 10 23   2.2  995 217  2.8 8  4.1  89    0    0 310 -317  1
3797500 2746500  1 10 24   1.1  993 161  1.1 8  3.9  90    0    0 308 -317  1
3797500 2746500  1 11  1   0.8  992  32  1.5 8  3.8  91    0    0 306 -316  1
3797500 2746500  1 11  2   1.1  991 359  2.1 8  3.8  91    0    0 304 -316  1
3797500 2746500  1 11  3   1.2  992 326  3.0 8  3.9  92    0    0 303 -316  1
3797500 2746500  1 11  4   1.5  993 304  3.4 8  4.0  93    0    0 301 -316  1
3797500 2746500  1 11  5   2.0  994 300  4.3 8  4.1  92    0    0 298 -316  1
3797500 2746500  1 11  6   2.1  995 312  3.5 6  4.0  90    0    0 285 -316  1
3797500 2746500  1 11  7   2.1  996 284  3.4 6  3.9  87    0    0 272 -314  1
3797500 2746500  1 11  8   1.6  997 284  4.5 6  3.8  86    0    0 269 -312  1
3797500 2746500  1 11  9   1.7  998 295  3.9 7  3.7  85    0    1 272 -312  1
3797500 2746500  1 11 10   1.7  999 285  4.0 6  3.6  83    0   34 271 -312  1
3797500 2746500  1 11 11   1.7 1000 289  4.0 3  3.6  83   47   96 250 -314  1
3797500 2746500  1 11 12   2.9 1000 289  4.6 3  3.7  81   70  127 234 -315  1
3797500 2746500  1 11 13   3.4 1001 296  4.3 3  3.7  78   51  138 236 -316  1
3797500 2746500  1 11 14   3.5 1001 296  4.6 5  3.8  77    5   96 245 -316  1
3797500 2746500  1 11 15   3.7 1001 287  4.7 4  3.9  78   14   87 252 -317  1
3797500 2746500  1 11 16   3.6 1002 287  4.6 5  3.8  77    8   44 254 -317  1
3797500 2746500  1 11 17   2.6 1002 308  4.6 4  3.7  78    0    5 253 -316  1
3797500 2746500  1 11 18   2.2 1003 297  3.6 4  3.7  82    0    0 247 -316  1
3797500 2746500  1 11 19   2.1 1003 289  3.9 4  3.7  82    0    0 245 -316  1
3797500 2746500  1 11 20   1.9 1004 288  3.9 4  3.6  82    0    0 243 -316  1
3797500 2746500  1 11 21   1.9 1004 288  4.3 5  3.6  83    0    0 249 -316  1
3797500 2746500  1 11 22   1.8 1005 279  3.9 6  3.6  84    0    0 262 -316  1
3797500 2746500  1 11 23   1.7 1005 279  3.9 6  3.6  84    0    0 270 -316  1
3797500 2746500  1 11 24   1.7 1005 281  3.8 7  3.7  85    0    0 277 -316  1
3797500 2746500  1 12  1   1.6 1006 280  3.4 8  3.7  86    0    0 291 -316  1
3797500 2746500  1 12  2   1.6 1006 290  3.5 8  3.7  87    0    0 299 -316  1
3797500 2746500  1 12  3   1.6 1005 276  3.3 7  3.8  88    0    0 296 -317  1
3797500 2746500  1 12  4   1.4 1005 287  3.7 5  3.7  88    0    0 279 -318  1
3797500 2746500  1 12  5   1.5 1005 260  4.7 5  3.7  88    0    0 269 -319  1
3797500 2746500  1 12  6   1.6 1004 258  4.8 7  3.8  88    0    0 282 -320  1
3797500 2746500  1 12  7   1.6 1003 262  5.3 8  3.8  89    0    0 298 -321  1
3797500 2746500  1 12  8   1.6 1003 280  3.5 8  3.9  91    0    0 304 -322  1
3797500 2746500  1 12  9   3.2 1002 338  6.6 8  4.1  90    0    1 307 -324  1
3797500 2746500  1 12 10   2.7 1004 357  7.2 7  4.1  87    0   31 303 -323  1
3797500 2746500  1 12 11   2.8 1006   9  6.3 6  3.8  82   10   72 291 -323  1
3797500 2746500  1 12 12   3.0 1009 359  6.0 4  3.6  76   55  105 273 -324  1
3797500 2746500  1 12 13   2.8 1011  10  6.1 4  3.3  71   87  112 260 -325  1
3797500 2746500  1 12 14   3.1 1012 355  7.2 3  3.1  66   81  103 253 -325  1
3797500 2746500  1 12 15   2.9 1013 335  6.6 4  3.0  63   47   81 253 -325  1
3797500 2746500  1 12 16   2.8 1015 359  6.0 4  2.9  63   15   41 258 -323  1
3797500 2746500  1 12 17   2.4 1017 357  4.9 5  2.9  64    6   11 263 -319  1
3797500 2746500  1 12 18   2.1 1018 357  4.8 4  2.9  66    0    0 261 -316  1
3797500 2746500  1 12 19   1.7 1019 346  3.4 3  3.0  69    0    0 251 -316  1
3797500 2746500  1 12 20   1.7 1020 326  3.4 4  3.1  73    0    0 250 -315  1
3797500 2746500  1 12 21   1.5 1022 334  3.2 4  3.3  77    0    0 252 -314  1
3797500 2746500  1 12 22   1.4 1023 342  2.0 5  3.4  82    0    0 253 -312  1
3797500 2746500  1 12 23   1.2 1024 327  2.6 5  3.5  84    0    0 255 -311  1
3797500 2746500  1 12 24   1.2 1024 330  2.1 4  3.4  83    0    0 249 -311  1
3797500 2746500  1 13  1   1.2 1025 331  2.4 7  3.3  82    0    0 259 -311  1
3797500 2746500  1 13  2   1.1 1026 328  2.4 6  3.3  82    0    0 267 -310  1
3797500 2746500  1 13  3   0.8 1026 323  1.9 4  3.3  83    0    0 245 -310  1
3797500 2746500  1 13  4   0.7 1027 321  1.2 4  3.3  83    0    0 228 -310  1
3797500 2746500  1 13  5   0.0 1027 274  0.7 2  3.2  83    0    0 214 -310  1
3797500 2746500  1 13  6  -0.3 1027 231  0.4 2  3.1  84    0    0 201 -310  1
3797500 2746500  1 13  7  -0.5 1027 201  1.6 3  3.1  86    0    0 209 -309  1
3797500 2746500  1 13  8  -0.6 1028 189  1.7 5  3.2  88    0    0 228 -309  1
3797500 2746500  1 13  9  -0.7 1029 191  1.7 6  3.2  89    0    1 245 -309  1
3797500 2746500  1 13 10   0.3 1029 181  2.0 7  3.3  89    7   42 259 -310  1
3797500 2746500  1 13 11   1.1 1029 180  2.4 6  3.4  87   31   87 264 -313  1
3797500 2746500  1 13 12   2.0 1030 191  2.7 5  3.5  85   70  117 258 -315  1
3797500 2746500  1 13 13   3.1 1030 223  2.2 4  3.6  81   73  129 253 -316  1
3797500 2746500  1 13 14   3.6 1029 182  1.9 5  3.7  78   45  119 259 -318  1
3797500 2746500  1 13 15   4.0 1029 193  2.6 5  3.8  78   80   89 269 -320  1
3797500 2746500  1 13 16   3.8 1028 201  2.3 6  3.9  79   12   45 276 -319  1
3797500 2746500  1 13 17   3.4 1029 181  2.0 7  3.9  81    0    6 288 -318  1
3797500 2746500  1 13 18   3.1 1028 202  2.6 8  3.9  83    0    0 299 -317  1
3797500 2746500  1 13 19   3.0 1028 192  2.4 7  3.9  85    0    0 302 -317  1
3797500 2746500  1 13 20   3.3 1029 192  2.2 6  4.0  86    0    0 298 -317  1
3797500 2746500  1 13 21   3.6 1028 202  2.5 6  4.0  84    0    0 298 -317  1
3797500 2746500  1 13 22   3.9 1028 210  3.6 8  4.0  82    0    0 308 -317  1
3797500 2746500  1 13 23   3.8 1028 194  3.0 8  4.0  82    0    0 319 -317  1
3797500 2746500  1 13 24   3.8 1028 215  3.4 7  4.1  83    0    0 317 -317  1
3797500 2746500  1 14  1   3.5 1027 216  3.5 8  4.1  85    0    0 318 -318  1
3797500 2746500  1 14  2   3.3 1027 205  3.5 7  4.2  88    0    0 319 -318  1
3797500 2746500  1 14  3   3.4 1026 215  3.7 3  4.3  90    0    0 298 -318  1
3797500 2746500  1 14  4   3.5 1026 206  3.9 4  4.3  90    0    0 284 -318  1
3797500 2746500  1 14  5   3.6 1026 208  3.8 7  4.4  92    0    0 304 -318  1
3797500 2746500  1 14  6   3.5 1025 207  3.4 7  4.4  92    0    0 318 -319  1
3797500 2746500  1 14  7   3.5 1025 206  3.5 7  4.4  92    0    0 318 -319  1
3797500 2746500  1 14  8   3.5 1024 196  3.1 8  4.4  92    0    0 323 -320  1
3797500 2746500  1 14  9   3.4 1024 196  3.0 8  4.4  92    0    1 328 -321  1
3797500 2746500  1 14 10   3.4 1024 195  2.9 6  4.5  93    0   29 318 -322  1
3797500 2746500  1 14 11   3.7 1024 195  3.2 6  4.5  93    0   48 306 -323  1
3797500 2746500  1 14 12   3.9 1024 204  3.8 7  4.6  94    0   67 312 -324  1
3797500 2746500  1 14 13   4.3 1024 193  3.5 7  4.7  93    0   60 318 -325  1
3797500 2746500  1 14 14   4.4 1023 192  3.0 7  4.8  93    0   62 319 -326  1
3797500 2746500  1 14 15   4.5 1022 183  3.4 7  4.8  94    0   51 318 -327  1
3797500 2746500  1 14 16   4.4 1022 179  2.9 8  4.8  94    0   30 323 -327  1
3797500 2746500  1 14 17   4.7 1022 190  2.9 8  4.8  93    0    4 329 -327  1
3797500 2746500  1 14 18   4.7 1022 189  3.1 8  4.9  93    0    0 327 -327  1
3797500 2746500  1 14 19   5.2 1022 189  3.0 8  5.0  93    0    0 325 -326  1
3797500 2746500  1 14 20   5.6 1022 203  3.4 8  5.1  92    0    0 325 -322  1
3797500 2746500  1 14 21   5.8 1022 204  3.3 8  5.2  91    0    0 325 -319  1
3797500 2746500  1 14 22   5.8 1022 224  3.2 8  5.2  91    0    0 324 -317  1
3797500 2746500  1 14 23   5.9 1021 215  3.3 8  5.3  92    0    0 324 -316  1
3797500 2746500  1 14 24   5.6 1021 216  3.4 8  5.3  94    0    0 324 -316  1
3797500 2746500  1 15  1   5.8 1021 206  3.4 8  5.4  96    0    0 323 -316  1
3797500 2746500  1 15  2   5.8 1021 215  3.1 8  5.5  96    0    0 322 -316  1
3797500 2746500  1 15  3   5.9 1021 215  3.0 8  5.5  96    0    0 320 -316  1
3797500 2746500  1 15  4   6.1 1021 215  3.3 8  5.5  95    0    0 318 -316  1
3797500 2746500  1 15  5   6.2 1021 205  2.6 8  5.5  94    0    0 318 -316  1
3797500 2746500  1 15  6   6.0 1021 204  2.9 8  5.4  94    0    0 317 -316  1
3797500 2746500  1 15  7   6.2 1021 203  2.8 8  5.4  93    0    0 317 -316  1
3797500 2746500  1 15  8   6.3 1021 211  2.4 8  5.5  93    0    0 318 -316  1
3797500 2746500  1 15  9   6.1 1021 212  2.1 8  5.5  93    0    0 318 -317  1
3797500 2746500  1 15 10   6.0 1022 202  3.1 8  5.4  93    0   22 316 -319  1
3797500 2746500  1 15 11   5.8 1022 205  2.3 8  5.3  93    0   61 317 -321  1
3797500 2746500  1 15 12   6.2 1022 204  3.8 8  5.3  92    1   90 318 -324  1
3797500 2746500  1 15 13   6.5 1022 206  2.9 6  5.3  90   18  129 307 -327  1
3797500 2746500  1 15 14   6.7 1022 206  3.0 6  5.4  90   12  115 297 -329  1
3797500 2746500  1 15 15   6.7 1021 194  3.6 8  5.5  90    0   60 311 -331  1
3797500 2746500  1 15 16   6.6 1021 185  3.7 8  5.5  92    2   42 326 -330  1
3797500 2746500  1 15 17   6.5 1021 192  2.6 8  5.6  93    0   10 327 -328  1
3797500 2746500  1 15 18   6.6 1021 189  2.6 8  5.6  94    0    0 328 -325  1
3797500 2746500  1 15 19   6.7 1022 186  3.3 8  5.6  93    0    0 328 -325  1
3797500 2746500  1 15 20   6.7 1022 181  3.3 8  5.7  93    0    0 328 -325  1
3797500 2746500  1 15 21   6.5 1022 184  3.1 7  5.6  93    0    0 321 -325  1
3797500 2746500  1 15 22   6.4 1022 180  2.9 8  5.5  93    0    0 320 -325  1
3797500 2746500  1 15 23   6.3 1022 180  2.4 8  5.5  93    0    0 324 -324  1
3797500 2746500  1 15 24   5.8 1022 172  2.7 7  5.3  92    0    0 319 -322  1
3797500 2746500  1 16  1   5.4 1022 164  3.6 5  5.1  92    0    0 302 -322  1
3797500 2746500  1 16  2   5.2 1022 161  3.9 5  5.0  91    0    0 290 -322  1
3797500 2746500  1 16  3   4.3 1022 169  3.4 3  4.8  91    0    0 278 -319  1
3797500 2746500  1 16  4   4.1 1021 172  3.1 3  4.6  91    0    0 264 -316  1
3797500 2746500  1 16  5   3.8 1021 163  3.6 5  4.5  90    0    0 271 -316  1
3797500 2746500  1 16  6   3.1 1021 173  2.8 4  4.3  90    0    0 272 -315  1
3797500 2746500  1 16  7   2.8 1021 164  4.3 5  4.2  90    0    0 269 -313  1
3797500 2746500  1 16  8   2.6 1020 161  4.5 4  4.2  91    0    0 265 -312  1
3797500 2746500  1 16  9   2.1 1020 169  3.0 4  4.0  90    0    3 255 -312  1
3797500 2746500  1 16 10   2.2 1020 159  3.7 1  3.9  89   32   44 236 -312  1
3797500 2746500  1 16 11   2.8 1020 150  4.7 1  4.0  88  113   64 220 -314  1
3797500 2746500  1 16 12   3.9 1020 152  4.8 1  4.0  84  191   64 220 -315  1
3797500 2746500  1 16 13   4.7 1019 163  5.5 0  4.1  80  239   57 216 -316  1
3797500 2746500  1 16 14   5.6 1017 173  5.2 0  4.2  76  228   54 213 -319  1
3797500 2746500  1 16 15   6.0 1016 172  4.2 0  4.1  72  168   52 214 -320  1
3797500 2746500  1 16 16   5.6 1015 172  3.8 0  4.0  70   82   41 214 -319  1
3797500 2746500  1 16 17   4.8 1014 173  4.1 0  3.9  72   11   14 213 -317  1
3797500 2746500  1 16 18   4.0 1014 173  5.0 0  3.9  75    0    0 210 -316  1
3797500 2746500  1 16 19   3.3 1014 163  5.0 0  3.8  76    0    0 209 -316  1
3797500 2746500  1 16 20   2.9 1013 162  5.9 0  3.6  77    0    0 207 -316  1
3797500 2746500  1 16 21   2.8 1013 164  7.0 0  3.6  76    0    0 207 -316  1
3797500 2746500  1 16 22   2.9 1013 163  5.1 0  3.5  76    0    0 207 -316  1
3797500 2746500  1 16 23   2.6 1013 161  3.9 0  3.5  76    0    0 207 -316  1
3797500 2746500  1 16 24   2.4 1012 159  3.9 1  3.5  76    0    0 210 -315  1
3797500 2746500  1 17  1   2.1 1012 163  5.0 5  3.5  78    0    0 225 -314  1
3797500 2746500  1 17  2   2.2 1011 154  4.8 3  3.5  79    0    0 231 -314  1
3797500 2746500  1 17  3   2.2 1011 164  5.2 2  3.5  78    0    0 221 -315  1
3797500 2746500  1 17  4   2.4 1011 164  4.1 2  3.4  77    0    0 217 -316  1
3797500 2746500  1 17  5   2.5 1011 163  4.4 1  3.4  75    0    0 215 -316  1
3797500 2746500  1 17  6   3.0 1010 161  4.6 3  3.4  73    0    0 219 -315  1
3797500 2746500  1 17  7   2.8 1010 151  5.1 1  3.4  72    0    0 220 -315  1
3797500 2746500  1 17  8   2.7 1009 156  4.8 2  3.3  72    0    0 216 -315  1
3797500 2746500  1 17  9   2.3 1009 157  5.2 3  3.3  73    0    2 224 -314  1
3797500 2746500  1 17 10   2.9 1009 157  6.1 5  3.4  73   14   48 236 -314  1
3797500 2746500  1 17 11   3.7 1008 157  6.2 4  3.4  72   73   86 243 -317  1
3797500 2746500  1 17 12   5.0 1008 156  5.5 3  3.6  68  152   95 239 -322  1
3797500 2746500  1 17 13   6.1 1007 165  4.8 3  3.6  64  185   96 239 -325  1
3797500 2746500  1 17 14   7.0 1006 173  4.6 3  3.6  60  177   90 240 -329  1
3797500 2746500  1 17 15   7.5 1005 163  4.7 2  3.7  58  131   78 239 -332  1
3797500 2746500  1 17 16   6.7 1005 153  5.6 3  3.8  60   65   53 239 -331  1
3797500 2746500  1 17 17   6.3 1004 143  6.4 5  3.7  62    8   15 248 -328  1
3797500 2746500  1 17 18   6.1 1003 153  5.6 6  3.6  62    0    0 258 -325  1
3797500 2746500  1 17 19   6.2 1003 152  6.3 7  3.6  61    0    0 266 -324  1
3797500 2746500  1 17 20   6.8 1002 161  6.7 6  3.5  58    0    0 270 -326  1
3797500 2746500  1 17 21   6.3 1002 152  6.8 5  3.4  56    0    0 265 -326  1
3797500 2746500  1 17 22   6.6 1001 153  6.9 3  3.4  56    0    0 256 -327  1
3797500 2746500  1 17 23   6.4 1000 152  7.9 2  3.4  57    0    0 248 -328  1
3797500 2746500  1 17 24   6.5 1000 160  7.4 6  3.6  59    0    0 265 -329  1
3797500 2746500  1 18  1   7.0  999 149  6.5 6  3.7  60    0    0 285 -329  1
3797500 2746500  1 18  2   7.2  999 140  6.9 6  3.8  60    0    0 291 -331  1
3797500 2746500  1 18  3   6.7  998 141  6.6 8  3.8  61    0    0 301 -334  1
3797500 2746500  1 18  4   7.1  998 151  6.2 8  3.9  62    0    0 311 -335  1
3797500 2746500  1 18  5   7.3  997 152  6.9 8  4.0  62    0    0 314 -336  1
3797500 2746500  1 18  6   6.8  997 161  6.5 8  4.1  65    0    0 317 -336  1
3797500 2746500  1 18  7   6.6  996 153  7.0 7  4.4  71    0    0 316 -337  1
3797500 2746500  1 18  8   6.8  996 163  5.6 8  4.6  74    0    0 319 -337  1
3797500 2746500  1 18  9   7.2  996 164  5.5 8  4.8  75    0    1 325 -337  1
3797500 2746500  1 18 10   7.2  996 164  5.2 7  4.8  74    0   29 322 -338  1
3797500 2746500  1 18 11   6.8  996 172  6.5 7  4.7  74    0   50 318 -338  1
3797500 2746500  1 18 12   6.7  997 174  6.5 8  4.8  77    0   46 320 -340  1
3797500 2746500  1 18 13   6.5  997 163  6.2 8  4.9  80    0   46 324 -341  1
3797500 2746500  1 18 14   6.7  996 163  6.3 8  4.9  80    0   42 323 -342  1
3797500 2746500  1 18 15   6.2  996 163  5.4 7  4.9  80    0   37 317 -343  1
3797500 2746500  1 18 16   5.7  997 209  4.1 8  5.0  86    0   19 314 -342  1
3797500 2746500  1 18 17   5.5  997 179  4.2 8  5.1  89    0    9 317 -341  1
3797500 2746500  1 18 18   5.2  998 181  2.7 8  5.1  90    0    0 315 -338  1
3797500 2746500  1 18 19   5.0  999 184  2.5 8  5.1  91    0    0 314 -336  1
3797500 2746500  1 18 20   4.6  999 180  2.0 8  5.0  92    0    0 314 -335  1
3797500 2746500  1 18 21   4.5  999 164  1.8 7  4.9  92    0    0 307 -333  1
3797500 2746500  1 18 22   4.7 1000 181  2.1 8  4.8  91    0    0 305 -333  1
3797500 2746500  1 18 23   4.8 1000 182  2.1 8  4.8  89    0    0 309 -332  1
3797500 2746500  1 18 24   4.5 1001 182  2.2 7  4.8  89    0    0 300 -329  1
3797500 2746500  1 19  1   4.4 1001 194  2.1 6  4.7  88    0    0 286 -326  1
3797500 2746500  1 19  2   4.4 1002 203  2.5 5  4.6  86    0    0 274 -323  1
3797500 2746500  1 19  3   3.2 1002 174  1.9 4  4.4  87    0    0 261 -321  1
3797500 2746500  1 19  4   3.6 1003 194  2.8 3  4.3  87    0    0 249 -320  1
3797500 2746500  1 19  5   3.0 1003 194  2.6 3  4.2  87    0    0 242 -318  1
3797500 2746500  1 19  6   3.1 1004 185  2.3 3  4.1  87    0    0 242 -317  1
3797500 2746500  1 19  7   3.1 1004 166  2.0 3  4.1  85    0    0 243 -317  1
3797500 2746500  1 19  8   2.9 1004 184  3.3 3  4.1  85    0    0 244 -317  1
3797500 2746500  1 19  9   3.6 1005 184  3.2 4  4.1  84    0    4 254 -317  1
3797500 2746500  1 19 10   4.0 1006 192  3.3 3  4.2  83   34   48 258 -317  1
3797500 2746500  1 19 11   5.4 1006 192  4.3 1  4.2  79  109   75 245 -320  1
3797500 2746500  1 19 12   6.1 1006 203  4.4 1  4.3  74  168   86 239 -324  1
3797500 2746500  1 19 13   6.3 1006 194  5.4 2  4.2  70  157  101 248 -328  1
3797500 2746500  1 19 14   7.0 1006 184  5.8 2  4.1  67  182   85 256 -331  1
3797500 2746500  1 19 15   6.5 1006 183  6.1 3  4.0  65  130   75 262 -332  1
3797500 2746500  1 19 16   6.4 1006 164  4.9 4  3.9  64   46   53 270 -331  1
3797500 2746500  1 19 17   6.2 1005 165  5.5 6  3.9  65    8   16 283 -329  1
3797500 2746500  1 19 18   5.9 1005 154  6.2 6  3.9  66    0    0 291 -327  1
3797500 2746500  1 19 19   6.1 1004 156  7.0 8  4.0  68    0    0 300 -326  1
3797500 2746500  1 19 20   5.9 1003 162  7.3 7  4.1  70    0    0 306 -326  1
3797500 2746500  1 19 21   6.5 1003 161  7.0 8  4.2  70    0    0 307 -326  1
3797500 2746500  1 19 22   5.5 1002 171  6.9 8  4.4  74    0    0 311 -326  1
3797500 2746500  1 19 23   5.8 1002 161  6.3 8  4.5  79    0    0 310 -327  1
3797500 2746500  1 19 24   6.5 1002 172  6.5 8  4.5  76    0    0 311 -329  1
3797500 2746500  1 20  1   7.0 1002 180  6.7 8  4.5  74    0    0 315 -332  1
3797500 2746500  1 20  2   7.7 1001 180  7.5 7  4.6  72    0    0 313 -334  1
3797500 2746500  1 20  3   7.8 1000 172  7.3 6  4.6  70    0    0 306 -335  1
3797500 2746500  1 20  4   8.0 1000 182  7.7 6  4.5  67    0    0 301 -336  1
3797500 2746500  1 20  5   8.4 1000 182  7.1 7  4.3  63    0    0 308 -336  1
3797500 2746500  1 20  6   7.9 1000 172  6.3 7  4.2  61    0    0 313 -336  1
3797500 2746500  1 20  7   7.8 1000 182  6.9 8  4.2  62    0    0 318 -336  1
3797500 2746500  1 20  8   7.0 1000 172  7.1 8  4.3  66    0    0 325 -335  1
3797500 2746500  1 20  9   7.6  999 171  8.1 8  4.3  66    0    1 327 -335  1
3797500 2746500  1 20 10   6.9 1000 182  7.3 7  4.2  66    0   17 322 -335  1
3797500 2746500  1 20 11   6.0 1001 164  6.9 7  4.4  73    0   58 314 -335  1
3797500 2746500  1 20 12   7.3 1002 192  7.0 7  4.6  74   24  102 315 -336  1
3797500 2746500  1 20 13   8.0 1002 182  6.7 7  4.7  71   54  107 317 -337  1
3797500 2746500  1 20 14   8.4 1003 183  5.6 7  4.8  71    1   88 319 -338  1
3797500 2746500  1 20 15   8.7 1003 194  4.4 7  4.9  70    0   66 319 -339  1
3797500 2746500  1 20 16   8.2 1003 200  4.3 7  4.7  68    6   46 316 -340  1
3797500 2746500  1 20 17   7.8 1004 190  4.2 6  4.6  69    3   11 305 -340  1
3797500 2746500  1 20 18   7.7 1005 193  3.7 5  4.7  72    0    0 290 -340  1
3797500 2746500  1 20 19   7.2 1005 203  3.8 5  4.6  72    0    0 281 -339  1
3797500 2746500  1 20 20   6.7 1006 193  3.3 5  4.6  73    0    0 276 -337  1
3797500 2746500  1 20 21   6.0 1007 175  3.0 5  4.4  74    0    0 270 -334  1
3797500 2746500  1 20 22   5.4 1007 183  3.4 4  4.4  76    0    0 260 -329  1
3797500 2746500  1 20 23   5.5 1008 175  3.9 4  4.4  78    0    0 251 -327  1
3797500 2746500  1 20 24   5.3 1008 165  3.5 4  4.4  78    0    0 242 -326  1
3797500 2746500  1 21  1   4.9 1008 173  3.4 5  4.4  81    0    0 241 -326  1
3797500 2746500  1 21  2   5.2 1008 172  3.1 6  4.5  83    0    0 257 -326  1
3797500 2746500  1 21  3   5.3 1008 205  2.5 6  4.7  84    0    0 273 -326  1
3797500 2746500  1 21  4   5.1 1008 217  3.7 7  4.8  87    0    0 291 -327  1
3797500 2746500  1 21  5   4.9 1008 213  4.4 8  4.8  87    0    0 309 -329  1
3797500 2746500  1 21  6   4.9 1008 204  4.1 7  4.7  86    0    0 309 -331  1
3797500 2746500  1 21  7   5.1 1008 206  4.0 7  4.6  84    0    0 304 -332  1
3797500 2746500  1 21  8   5.3 1009 216  4.7 8  4.4  80    0    0 311 -332  1
3797500 2746500  1 21  9   5.2 1009 204  4.6 8  4.3  78    0    3 319 -329  1
3797500 2746500  1 21 10   5.4 1009 204  4.4 7  4.3  77   10   50 313 -326  1
3797500 2746500  1 21 11   5.6 1009 203  4.7 6  4.2  74   32   95 301 -325  1
3797500 2746500  1 21 12   6.2 1009 204  5.2 5  4.1  70   91  117 291 -329  1
3797500 2746500  1 21 13   6.7 1009 201  6.3 2  4.1  68  197   92 270 -333  1
3797500 2746500  1 21 14   7.3 1008 191  5.8 2  4.1  66  193   88 256 -336  1
3797500 2746500  1 21 15   7.5 1007 192  6.2 3  4.1  64  150   73 263 -337  1
3797500 2746500  1 21 16   6.8 1006 183  5.4 4  4.0  64   58   55 273 -335  1
3797500 2746500  1 21 17   6.6 1005 172  5.9 6  4.0  65    8   16 287 -332  1
3797500 2746500  1 21 18   6.5 1003 171  5.7 7  4.0  66    0    0 301 -332  1
3797500 2746500  1 21 19   6.8 1001 171  7.0 8  4.1  66    0    0 311 -334  1
3797500 2746500  1 21 20   6.3 1000 171  7.0 8  4.3  71    0    0 317 -335  1
3797500 2746500  1 21 21   6.1  998 174  7.2 8  4.4  75    0    0 316 -335  1
3797500 2746500  1 21 22   6.1  996 177  7.1 8  4.6  78    0    0 317 -336  1
3797500 2746500  1 21 23   5.9  995 188  6.4 7  4.7  80    0    0 322 -336  1
3797500 2746500  1 21 24   5.7  994 201  5.6 6  4.6  81    0    0 325 -337  1
3797500 2746500  1 22  1   5.3 1007 214  4.7 4  4.5  82    0    0 209 -329  1
3797500 2746500  1 22  2   4.9 1007 225  4.0 3  4.5  82    0    0 212 -329  1
3797500 2746500  1 22  3   4.5 1007 234  3.4 2  4.4  84    0    0 221 -328  1
3797500 2746500  1 22  4   4.3 1007 233  3.5 3  4.4  84    0    0 230 -328  1
3797500 2746500  1 22  5   4.2 1007 230  3.5 3  4.4  85    0    0 240 -328  1
3797500 2746500  1 22  6   3.9 1007 232  3.6 4  4.4  86    0    0 246 -329  1
3797500 2746500  1 22  7   3.7 1007 216  3.3 4  4.3  86    0    0 251 -330  1
3797500 2746500  1 22  8   3.6 1007 229  2.9 4  4.3  87    0    0 253 -329  1
3797500 2746500  1 22  9   3.4 1007 236  2.8 5  4.3  87    0    8 261 -328  1
3797500 2746500  1 22 10   3.6 1008 238  2.5 6  4.2  86    4   55 273 -329  1
3797500 2746500  1 22 11   4.0 1008 224  2.3 6  4.3  86    8   99 279 -331  1
3797500 2746500  1 22 12   4.6 1009 243  2.3 5  4.4  85   15  134 275 -334  1
3797500 2746500  1 22 13   4.7 1009 247  1.9 7  4.5  84    0   83 281 -337  1
3797500 2746500  1 22 14   4.1 1009 344  2.4 8  4.5  85    0   48 298 -341  1
3797500 2746500  1 22 15   3.6 1010  25  3.6 8  4.2  84    0   54 301 -341  1
3797500 2746500  1 22 16   3.5 1010  42  3.8 7  4.0  81    1   48 290 -339  1
3797500 2746500  1 22 17   2.8 1011  45  6.2 7  3.7  78    0    9 279 -335  1
3797500 2746500  1 22 18   1.4 1012  34  5.4 6  3.1  70    0    0 268 -331  1
3797500 2746500  1 22 19   0.7 1013  68  3.5 5  2.7  66    0    0 253 -326  1
3797500 2746500  1 22 20   0.4 1014  41  2.9 5  2.6  65    0    0 247 -321  1
3797500 2746500  1 22 21   0.0 1014  66  2.6 4  2.6  67    0    0 241 -319  1
3797500 2746500  1 22 22  -0.4 1015  62  1.9 2  2.5  66    0    0 224 -318  1
3797500 2746500  1 22 23  -0.8 1015  59  1.9 1  2.4  66    0    0 207 -316  1
3797500 2746500  1 22 24  -1.2 1015  43  2.5 2  2.4  68    0    0 208 -317  1
3797500 2746500  1 23  1  -1.6 1015  50  2.7 1  2.4  71    0    0 208 -320  1
3797500 2746500  1 23  2  -1.8 1015  49  2.9 1  2.3  70    0    0 202 -320  1
3797500 2746500  1 23  3  -2.7 1015  70  1.1 2  2.2  69    0    0 204 -318  1
3797500 2746500  1 23  4  -2.8 1015  66  1.9 0  2.1  69    0    0 197 -316  1
3797500 2746500  1 23  5  -3.2 1015  35  2.4 0  2.1  70    0    0 183 -316  1
3797500 2746500  1 23  6  -3.5 1014  38  2.8 2  2.1  72    0    0 191 -316  1
3797500 2746500  1 23  7  -3.8 1014  58  2.2 2  2.1  73    0    0 200 -314  1
3797500 2746500  1 23  8  -4.3 1014  43  2.4 2  2.1  74    0    0 198 -311  1
3797500 2746500  1 23  9  -4.6 1013  47  1.8 3  2.1  76    0    8 203 -309  1
3797500 2746500  1 23 10  -4.0 1013  57  2.2 5  2.1  76   11   57 222 -308  1
3797500 2746500  1 23 11  -2.2 1013  68  2.4 7  2.1  70   19   98 248 -309  1
3797500 2746500  1 23 12  -1.4 1012  59  2.7 7  2.1  64   58  136 261 -311  1
3797500 2746500  1 23 13  -0.7 1011  60  2.9 6  2.0  58   78  147 257 -312  1
3797500 2746500  1 23 14  -0.3 1010  52  2.9 5  2.0  55   76  137 246 -313  1
3797500 2746500  1 23 15  -0.2 1009  42  2.4 7  2.1  55   47  109 252 -313  1
3797500 2746500  1 23 16  -0.6 1008  35  3.0 7  2.1  57   36   65 261 -312  1
3797500 2746500  1 23 17  -0.9 1007  24  3.5 7  2.2  60    7   15 257 -309  1
3797500 2746500  1 23 18  -1.3 1006  44  3.0 7  2.1  60    0    0 253 -306  1
3797500 2746500  1 23 19  -1.4 1006  18  4.4 6  2.1  60    0    0 244 -303  1
3797500 2746500  1 23 20  -2.0 1005  67  4.2 6  2.1  62    0    0 236 -301  1
3797500 2746500  1 23 21  -2.3 1005  52  3.0 4  2.1  64    0    0 220 -303  1
3797500 2746500  1 23 22  -2.7 1004  38  3.1 2  2.2  68    0    0 192 -305  1
3797500 2746500  1 23 23  -3.3 1004  32  2.5 2  2.2  72    0    0 179 -306  1
3797500 2746500  1 23 24  -3.2 1003  27  3.5 0  2.2  73    0    0 167 -307  1
3797500 2746500  1 24  1  -3.5 1003  28  2.8 2  2.2  74    0    0 167 -308  1
3797500 2746500  1 24  2  -3.8 1002  18  2.8 2  2.3  77    0    0 178 -310  1
3797500 2746500  1 24  3  -4.3 1002   5  2.7 2  2.3  81    0    0 176 -311  1
3797500 2746500  1 24  4  -4.2 1001  25  2.6 2  2.3  83    0    0 176 -311  1
3797500 2746500  1 24  5  -3.9 1001  33  2.4 2  2.4  83    0    0 176 -311  1
3797500 2746500  1 24  6  -3.4 1001  29  2.5 6  2.4  81    0    0 202 -310  1
3797500 2746500  1 24  7  -3.4 1001  56  2.0 5  2.3  77    0    0 220 -310  1
3797500 2746500  1 24  8  -3.6 1001  68  1.3 5  2.2  75    0    0 212 -310  1
3797500 2746500  1 24  9  -4.4 1001  88  1.1 5  2.2  78    1   13 210 -309  1
3797500 2746500  1 24 10  -3.0 1002   2  0.4 3  2.3  79   45   54 195 -310  1
3797500 2746500  1 24 11  -1.6 1002  19  1.6 3  2.4  74  106   84 182 -312  1
3797500 2746500  1 24 12  -0.6 1002   1  1.4 4  2.4  68  167   94 191 -314  1
3797500 2746500  1 24 13  -0.1 1002 351  1.7 4  2.5  67  208   89 201 -315  1
3797500 2746500  1 24 14   0.9 1002  18  2.6 4  2.6  67  196   86 210 -316  1
3797500 2746500  1 24 15   0.9 1002 349  2.4 3  2.8  67  149   77 211 -316  1
3797500 2746500  1 24 16   0.7 1003   8  2.4 4  2.8  69   73   54 215 -315  1
3797500 2746500  1 24 17   0.1 1003 349  1.8 4  2.9  73    3   14 220 -312  1
3797500 2746500  1 24 18  -0.5 1004 360  1.8 3  2.9  77    0    0 210 -307  1
3797500 2746500  1 24 19  -0.9 1005  22  2.2 4  2.9  80    0    0 203 -304  1
3797500 2746500  1 24 20  -0.9 1006  34  1.1 5  2.9  81    0    0 213 -302  1
3797500 2746500  1 24 21  -1.0 1007  22  2.6 5  2.8  80    0    0 219 -301  1
3797500 2746500  1 24 22  -1.3 1008  27  2.8 4  2.7  78    0    0 214 -300  1
3797500 2746500  1 24 23  -1.2 1009  34  3.2 4  2.7  77    0    0 211 -299  1
3797500 2746500  1 24 24  -1.3 1009  25  3.2 6  2.7  78    0    0 222 -299  1
3797500 2746500  1 25  1  -1.7 1010  37  2.9 6  2.7  79    0    0 229 -299  1
3797500 2746500  1 25  2  -1.8 1011  29  2.7 5  2.7  80    0    0 224 -299  1
3797500 2746500  1 25  3  -2.1 1012  34  2.6 6  2.7  83    0    0 224 -298  1
3797500 2746500  1 25  4  -2.0 1012  45  1.9 8  2.8  85    0    0 232 -299  1
3797500 2746500  1 25  5  -1.5 1013  38  3.0 8  2.9  86    0    0 239 -299  1
3797500 2746500  1 25  6  -0.6 1013  37  2.8 8  2.9  84    0    0 240 -299  1
3797500 2746500  1 25  7  -0.6 1014   8  2.0 8  3.0  82    0    0 242 -298  1
3797500 2746500  1 25  8  -0.2 1014  24  3.5 8  3.0  81    0    0 243 -296  1
3797500 2746500  1 25  9  -0.2 1016  36  2.5 7  3.0  79    0    7 242 -295  1
3797500 2746500  1 25 10  -0.3 1016  40  3.4 7  2.9  78   20   40 239 -295  1
3797500 2746500  1 25 11  -0.4 1017  43  3.7 7  2.8  77    0   65 240 -297  1
3797500 2746500  1 25 12  -0.7 1018  57  4.8 8  2.8  76    0   59 244 -302  1
3797500 2746500  1 25 13  -1.0 1019  22  3.8 7  2.7  76    0   66 244 -307  1
3797500 2746500  1 25 14  -1.0 1019  32  3.1 8  2.6  74    0   59 242 -310  1
3797500 2746500  1 25 15  -1.1 1018  24  3.3 6  2.4  69   38   67 238 -311  1
3797500 2746500  1 25 16  -1.0 1018 349  3.0 6  2.3  65   64   19 230 -311  1
3797500 2746500  1 25 17  -1.4 1018  46  1.9 8  2.2  62   11    7 233 -307  1
3797500 2746500  1 25 18  -1.4 1019   7  2.7 8  2.0  60    0    0 235 -303  1
3797500 2746500  1 25 19  -1.6 1019  32  1.9 6  2.0  60    0    0 228 -299  1
3797500 2746500  1 25 20  -2.2 1019  83  1.2 6  1.9  59    0    0 223 -297  1
3797500 2746500  1 25 21  -2.7 1019  32  0.9 4  1.9  61    0    0 216 -296  1
3797500 2746500  1 25 22  -3.3 1020 291  1.0 2  1.9  64    0    0 203 -295  1
3797500 2746500  1 25 23  -4.6 1019 356  0.2 1  2.0  70    0    0 192 -294  1
3797500 2746500  1 25 24  -4.6 1018 274  0.6 2  2.0  74    0    0 192 -294  1
3797500 2746500  1 26  1  -4.8 1018 198  0.8 6  2.1  78    0    0 210 -293  1
3797500 2746500  1 26  2  -3.8 1018 252  1.2 7  2.1  78    0    0 230 -293  1
3797500 2746500  1 26  3  -3.6 1018 222  1.0 7  2.2  78    0    0 237 -292  1
3797500 2746500  1 26  4  -3.0 1018 234  1.7 7  2.3  78    0    0 241 -292  1
3797500 2746500  1 26  5  -2.9 1017 235  2.4 7  2.3  76    0    0 244 -293  1
3797500 2746500  1 26  6  -2.7 1017 234  2.5 7  2.3  76    0    0 247 -294  1
3797500 2746500  1 26  7  -2.3 1016 226  2.5 8  2.3  74    0    0 255 -295  1
3797500 2746500  1 26  8  -2.2 1016 225  3.7 8  2.4  74    0    0 264 -295  1
3797500 2746500  1 26  9  -1.9 1016 215  3.2 8  2.4  74    0    8 269 -294  1
3797500 2746500  1 26 10  -1.6 1015 214  3.5 6  2.4  73    0   37 265 -295  1
3797500 2746500  1 26 11  -1.1 1015 212  3.1 7  2.4  71    0   59 264 -298  1
3797500 2746500  1 26 12  -0.3 1015 212  4.1 6  2.5  69    6  122 268 -302  1
3797500 2746500  1 26 13   0.6 1014 223  4.0 7  2.6  67    3  119 271 -306  1
3797500 2746500  1 26 14   0.6 1013 231  4.3 7  2.7  69    0   59 277 -308  1
3797500 2746500  1 26 15   1.0 1013 230  5.0 7  2.9  73    0   55 278 -308  1
3797500 2746500  1 26 16   0.6 1012 232  4.7 8  3.1  78    0   27 282 -309  1
3797500 2746500  1 26 17   0.5 1012 229  4.8 8  3.4  86    0    7 286 -310  1
3797500 2746500  1 26 18   0.6 1011 231  4.2 8  3.7  94    0    0 289 -312  1
3797500 2746500  1 26 19   1.2 1011 248  3.8 7  3.9  95    0    0 288 -314  1
3797500 2746500  1 26 20   2.1 1011 260  3.0 7  4.0  94    0    0 288 -314  1
3797500 2746500  1 26 21   2.3 1011 247  3.6 7  4.2  93    0    0 292 -315  1
3797500 2746500  1 26 22   2.6 1011 257  3.0 8  4.3  94    0    0 298 -315  1
3797500 2746500  1 26 23   2.8 1012 257  3.0 7  4.3  93    0    0 300 -315  1
3797500 2746500  1 26 24   3.0 1012 259  3.1 6  4.3  92    0    0 291 -315  1
3797500 2746500  1 27  1   3.0 1012 269  2.4 8  4.3  90    0    0 297 -316  1
3797500 2746500  1 27  2   3.2 1012 274  2.6 8  4.2  89    0    0 306 -315  1
3797500 2746500  1 27  3   3.1 1013 268  2.5 4  4.1  87    0    0 284 -315  1
3797500 2746500  1 27  4   3.1 1013 262  3.0 6  4.1  86    0    0 272 -315  1
3797500 2746500  1 27  5   2.8 1014 296  2.3 6  4.0  86    0    0 281 -315  1
3797500 2746500  1 27  6   2.5 1015 280  2.2 5  3.9  86    0    0 274 -315  1
3797500 2746500  1 27  7   2.0 1015 276  2.0 6  3.8  86    0    0 273 -315  1
3797500 2746500  1 27  8   1.8 1016 268  2.3 6  3.7  86    0    0 276 -315  1
3797500 2746500  1 27  9   1.8 1016 259  2.4 7  3.7  86    0   11 279 -315  1
3797500 2746500  1 27 10   2.7 1017 280  3.0 6  3.8  86    9   58 279 -315  1
3797500 2746500  1 27 11   3.2 1018 309  5.0 7  3.9  84    0   62 279 -315  1
3797500 2746500  1 27 12   3.8 1019 294  3.4 7  4.0  82    0   91 283 -315  1
3797500 2746500  1 27 13   4.3 1020 308  3.7 6  4.0  79   33  136 278 -316  1
3797500 2746500  1 27 14   4.8 1020 308  3.8 5  4.0  76   51  132 270 -319  1
3797500 2746500  1 27 15   5.0 1020 298  3.3 7  4.0  74    7   88 274 -321  1
3797500 2746500  1 27 16   4.8 1020 288  2.6 7  4.0  74    2   52 282 -319  1
3797500 2746500  1 27 17   4.2 1021 256  2.3 7  4.0  76    0    8 281 -317  1
3797500 2746500  1 27 18   3.9 1021 279  1.9 7  4.0  80    0    0 279 -316  1
3797500 2746500  1 27 19   3.9 1022 290  1.9 8  4.0  81    0    0 283 -316  1
3797500 2746500  1 27 20   3.4 1022 263  2.2 8  4.0  82    0    0 286 -316  1
3797500 2746500  1 27 21   3.3 1023 263  2.9 6  4.0  83    0    0 279 -316  1
3797500 2746500  1 27 22   3.2 1023 264  2.1 6  4.0  83    0    0 273 -316  1
3797500 2746500  1 27 23   2.8 1023 272  2.6 6  4.0  85    0    0 275 -316  1
3797500 2746500  1 27 24   3.1 1024 237  2.4 4  4.1  87    0    0 270 -316  1
3797500 2746500  1 28  1   3.1 1023 231  2.7 6  4.3  91    0    0 273 -316  1
3797500 2746500  1 28  2   3.5 1023 233  3.4 7  4.5  94    0    0 288 -316  1
3797500 2746500  1 28  3   4.0 1023 241  3.5 7  4.6  94    0    0 296 -316  1
3797500 2746500  1 28  4   4.7 1022 239  3.4 8  4.8  94    0    0 305 -316  1
3797500 2746500  1 28  5   5.4 1021 253  4.9 8  4.9  91    0    0 314 -316  1
3797500 2746500  1 28  6   5.4 1021 252  4.4 8  4.8  87    0    0 317 -316  1
3797500 2746500  1 28  7   5.4 1020 251  4.7 8  4.7  85    0    0 319 -316  1
3797500 2746500  1 28  8   5.3 1019 250  4.5 8  4.6  83    0    0 319 -316  1
3797500 2746500  1 28  9   5.4 1019 249  4.9 8  4.5  82    0    2 321 -316  1
3797500 2746500  1 28 10   5.2 1019 249  4.9 8  4.4  81    0   27 322 -317  1
3797500 2746500  1 28 11   5.2 1018 247  5.2 7  4.3  80    0   45 317 -318  1
3797500 2746500  1 28 12   5.1 1017 248  6.1 8  4.4  80    0   41 318 -319  1
3797500 2746500  1 28 13   4.6 1016 248  5.4 8  4.4  83    0   47 322 -320  1
3797500 2746500  1 28 14   4.6 1015 248  5.2 8  4.5  86    0   46 323 -321  1
3797500 2746500  1 28 15   4.3 1014 250  6.2 7  4.6  89    0   46 320 -324  1
3797500 2746500  1 28 16   4.4 1014 251  6.2 8  4.8  92    0   23 321 -328  1
3797500 2746500  1 28 17   4.6 1013 251  5.4 8  5.0  95    0    7 327 -329  1
3797500 2746500  1 28 18   5.0 1013 250  5.3 8  5.2  97    0    0 329 -329  1
3797500 2746500  1 28 19   5.3 1013 260  4.7 8  5.3  97    0    0 331 -330  1
3797500 2746500  1 28 20   5.9 1013 266  3.3 8  5.5  97    0    0 334 -331  1
3797500 2746500  1 28 21   6.4 1014 265  3.9 8  5.7  97    0    0 336 -331  1
3797500 2746500  1 28 22   6.5 1013 258  4.0 8  5.8  96    0    0 337 -332  1
3797500 2746500  1 28 23   6.8 1013 261  4.2 8  5.8  96    0    0 338 -333  1
3797500 2746500  1 28 24   6.9 1013 278  2.4 8  5.9  95    0    0 338 -334  1
3797500 2746500  1 29  1   7.0 1014 260  3.6 8  5.9  95    0    0 340 -336  1
3797500 2746500  1 29  2   7.3 1014 287  2.7 8  5.9  93    0    0 340 -337  1
3797500 2746500  1 29  3   7.4 1014 277  2.3 8  5.9  92    0    0 341 -339  1
3797500 2746500  1 29  4   7.3 1014 266  2.8 8  6.0  93    0    0 340 -340  1
3797500 2746500  1 29  5   7.3 1014 283  3.5 8  6.0  94    0    0 340 -341  1
3797500 2746500  1 29  6   7.6 1014 322  3.6 7  5.9  92    0    0 334 -341  1
3797500 2746500  1 29  7   7.5 1014 297  2.5 8  5.8  89    0    0 333 -341  1
3797500 2746500  1 29  8   7.4 1014 263  2.3 8  5.7  88    0    0 339 -340  1
3797500 2746500  1 29  9   7.6 1014 275  2.0 8  5.8  90    0    7 338 -339  1
3797500 2746500  1 29 10   7.9 1015 291  2.6 7  5.9  90    1   49 332 -339  1
3797500 2746500  1 29 11   8.3 1015 300  2.2 7  5.8  87    0   60 326 -340  1
3797500 2746500  1 29 12   8.6 1016 280  3.6 7  5.6  81    0   85 324 -342  1
3797500 2746500  1 29 13   8.8 1016 301  3.7 7  5.3  76    2  113 324 -344  1
3797500 2746500  1 29 14   8.8 1016 316  3.2 8  5.2  74    0   58 329 -345  1
3797500 2746500  1 29 15   8.5 1016 335  3.1 7  5.2  75    0   68 327 -344  1
3797500 2746500  1 29 16   8.7 1016 300  3.6 8  5.2  74    4   60 325 -342  1
3797500 2746500  1 29 17   7.9 1016 285  3.5 7  5.0  74    1   14 320 -336  1
3797500 2746500  1 29 18   7.7 1017 267  1.5 7  4.9  75    0    0 311 -330  1
3797500 2746500  1 29 19   7.8 1017 323  1.8 8  5.0  76    0    0 314 -325  1
3797500 2746500  1 29 20   7.7 1017 304  1.5 8  5.0  76    0    0 317 -321  1
3797500 2746500  1 29 21   7.7 1018 313  1.5 7  4.9  76    0    0 312 -318  1
3797500 2746500  1 29 22   7.6 1018 319  1.9 7  4.7  73    0    0 307 -316  1
3797500 2746500  1 29 23   6.7 1018 280  1.0 8  4.6  73    0    0 310 -316  1
3797500 2746500  1 29 24   6.6 1018 285  1.0 7  4.7  77    0    0 311 -316  1
3797500 2746500  1 30  1   6.6 1018 259  1.1 5  4.8  80    0    0 299 -316  1
3797500 2746500  1 30  2   6.4 1018 270  0.9 5  5.1  85    0    0 292 -316  1
3797500 2746500  1 30  3   6.6 1018 250  1.5 7  5.3  88    0    0 303 -315  1
3797500 2746500  1 30  4   6.8 1018 247  1.9 7  5.4  89    0    0 313 -315  1
3797500 2746500  1 30  5   6.7 1017 270  1.2 8  5.6  91    0    0 316 -315  1
3797500 2746500  1 30  6   7.0 1017 288  1.4 7  5.7  93    0    0 316 -316  1
3797500 2746500  1 30  7   7.1 1017 309  1.7 8  5.9  94    0    0 315 -316  1
3797500 2746500  1 30  8   7.2 1018 319  1.5 8  6.0  96    0    0 320 -317  1
3797500 2746500  1 30  9   7.3 1018 310  1.5 8  6.0  96    0    7 320 -320  1
3797500 2746500  1 30 10   7.3 1019 283  1.0 8  6.0  95    0   44 320 -323  1
3797500 2746500  1 30 11   7.4 1019 267  1.7 8  6.1  96    0   58 320 -328  1
3797500 2746500  1 30 12   7.7 1019 254  1.9 8  6.2  96    0   62 322 -334  1
3797500 2746500  1 30 13   7.9 1019 251  1.8 8  6.2  95    0   72 322 -339  1
3797500 2746500  1 30 14   8.3 1019 263  1.2 8  6.2  92    0   60 322 -343  1
3797500 2746500  1 30 15   8.7 1018 223  1.1 8  6.0  88    0   65 320 -346  1
3797500 2746500  1 30 16   8.7 1018 202  1.0 7  6.0  86    1   49 313 -345  1
3797500 2746500  1 30 17   8.3 1017 230  1.7 8  5.8  85    0   11 311 -341  1
3797500 2746500  1 30 18   8.1 1018 234  1.5 8  5.6  83    0    0 316 -335  1
3797500 2746500  1 30 19   8.3 1018 251  1.2 7  5.4  80    0    0 310 -331  1
3797500 2746500  1 30 20   7.9 1018 238  1.2 8  5.4  80    0    0 311 -328  1
3797500 2746500  1 30 21   7.9 1018 260  1.5 7  5.5  83    0    0 311 -326  1
3797500 2746500  1 30 22   7.8 1018 242  2.0 7  5.6  85    0    0 303 -324  1
3797500 2746500  1 30 23   7.7 1018 226  2.4 7  5.6  86    0    0 300 -323  1
3797500 2746500  1 30 24   7.6 1017 240  2.6 8  5.6  86    0    0 306 -322  1
3797500 2746500  1 31  1   7.5 1017 241  2.8 7  5.6  87    0    0 307 -321  1
3797500 2746500  1 31  2   7.3 1016 242  3.0 7  5.6  87    0    0 302 -320  1
3797500 2746500  1 31  3   7.2 1016 252  3.0 7  5.6  88    0    0 303 -318  1
3797500 2746500  1 31  4   7.0 1016 261  2.7 8  5.6  90    0    0 309 -316  1
3797500 2746500  1 31  5   7.0 1016 241  3.2 7  5.6  90    0    0 309 -316  1
3797500 2746500  1 31  6   6.9 1015 242  3.3 8  5.5  89    0    0 308 -316  1
3797500 2746500  1 31  7   6.6 1014 252  3.4 8  5.5  89    0    0 310 -316  1
3797500 2746500  1 31  8   6.6 1014 242  3.0 8  5.4  89    0    0 308 -316  1
3797500 2746500  1 31  9   6.8 1014 271  3.1 7  5.3  87    0   14 304 -316  1
3797500 2746500  1 31 10   6.6 1015 252  4.3 5  5.1  84   30   66 294 -316  1
3797500 2746500  1 31 11   7.5 1014 242  4.9 3  4.9  79   97  107 283 -318  1
3797500 2746500  1 31 12   8.0 1014 251  5.5 3  4.9  75  112  141 277 -323  1
3797500 2746500  1 31 13   8.1 1014 251  6.4 4  4.8  72   63  159 280 -326  1
3797500 2746500  1 31 14   8.5 1013 248  5.9 4  4.8  71   85  150 284 -329  1
3797500 2746500  1 31 15   8.5 1013 249  5.3 5  4.9  71  100  116 289 -332  1
3797500 2746500  1 31 16   8.5 1012 249  5.5 6  4.8  70   48   73 296 -333  1
3797500 2746500  1 31 17   7.6 1012 260  4.8 8  4.7  70    2   15 306 -333  1
3797500 2746500  1 31 18   7.2 1013 250  4.9 8  4.6  73    0    0 311 -333  1
3797500 2746500  1 31 19   6.7 1013 252  4.8 8  4.6  74    0    0 311 -334  1
3797500 2746500  1 31 20   6.6 1013 251  4.6 8  4.8  79    0    0 313 -335  1
3797500 2746500  1 31 21   6.3 1014 252  4.4 8  5.0  84    0    0 316 -336  1
3797500 2746500  1 31 22   6.2 1014 250  4.2 8  5.2  88    0    0 318 -335  1
3797500 2746500  1 31 23   5.3 1014 244  3.7 8  5.1  91    0    0 319 -335  1
3797500 2746500  1 31 24   4.3 1015 234  3.3 8  4.8  92    0    0 320 -335  1
3797500 2746500  2  1  1   3.1 1031 225  2.9 7  4.3  91    0    0 306 -315  1
3797500 2746500  2  1  2   2.3 1031 219  2.5 7  3.9  88    0    0 300 -315  1
3797500 2746500  2  1  3   1.7 1031 217  2.3 7  3.6  87    0    0 301 -316  1
3797500 2746500  2  1  4   1.8 1030 219  2.3 7  3.7  87    0    0 301 -316  1
3797500 2746500  2  1  5   1.8 1030 218  2.4 7  3.7  88    0    0 300 -316  1
3797500 2746500  2  1  6   2.0 1029 215  2.2 8  3.8  89    0    0 316 -316  1
3797500 2746500  2  1  7   2.1 1029 224  2.5 7  3.9  91    0    0 317 -316  1
3797500 2746500  2  1  8   2.1 1029 292  3.1 8  4.0  92    0    0 318 -316  1
3797500 2746500  2  1  9   2.6 1028 216  1.7 8  4.1  93    0   11 327 -317  1
3797500 2746500  2  1 10   3.0 1028 230  1.5 7  4.3  93    2   60 322 -318  1
3797500 2746500  2  1 11   3.4 1028 232  1.5 7  4.4  93    0   72 316 -319  1
3797500 2746500  2  1 12   4.2 1029 249  1.6 8  4.6  93    0   70 325 -320  1
3797500 2746500  2  1 13   4.7 1028 303  2.2 8  4.8  93    0   69 333 -320  1
3797500 2746500  2  1 14   5.5 1028 320  2.2 6  5.0  93    0   58 322 -321  1
3797500 2746500  2  1 15   5.7 1028 314  2.3 8  5.1  92    0   64 323 -321  1
3797500 2746500  2  1 16   5.8 1027 305  2.2 8  5.2  92    0   43 336 -321  1
3797500 2746500  2  1 17   5.9 1027 314  1.6 7  5.3  93    0   16 330 -321  1
3797500 2746500  2  1 18   6.0 1027 301  2.2 8  5.3  92    0    0 331 -322  1
3797500 2746500  2  1 19   6.2 1027 301  2.3 8  5.3  92    0    0 336 -324  1
3797500 2746500  2  1 20   6.1 1027 299  1.8 8  5.3  91    0    0 335 -325  1
3797500 2746500  2  1 21   6.0 1027 301  2.5 8  5.3  91    0    0 335 -325  1
3797500 2746500  2  1 22   6.0 1027 317  2.6 8  5.2  91    0    0 335 -325  1
3797500 2746500  2  1 23   5.9 1027 295  2.7 8  5.2  90    0    0 334 -324  1
3797500 2746500  2  1 24   5.7 1027 300  2.9 8  5.1  91    0    0 333 -323  1
3797500 2746500  2  2  1   5.7 1027 303  2.7 7  5.1  91    0    0 326 -322  1
3797500 2746500  2  2  2   5.8 1027 314  3.4 7  5.1  91    0    0 320 -321  1
3797500 2746500  2  2  3   5.7 1027 327  2.7 8  5.1  91    0    0 327 -320  1
3797500 2746500  2  2  4   5.8 1028 285  2.7 8  5.1  90    0    0 334 -320  1
3797500 2746500  2  2  5   5.8 1028   1  3.2 8  5.1  90    0    0 335 -320  1
3797500 2746500  2  2  6   5.7 1028 348  1.8 8  5.0  89    0    0 334 -320  1
3797500 2746500  2  2  7   5.6 1028 348  1.7 8  4.9  88    0    0 334 -321  1
3797500 2746500  2  2  8   5.6 1028 329  2.3 8  4.9  88    0    0 334 -321  1
3797500 2746500  2  2  9   5.4 1028 330  2.4 8  4.9  89    0    7 335 -321  1
3797500 2746500  2  2 10   5.4 1028 350  2.6 7  4.9  89    0   46 328 -321  1
3797500 2746500  2  2 11   5.3 1029 340  2.7 8  4.9  90    0   52 328 -323  1
3797500 2746500  2  2 12   5.5 1030 330  2.5 8  4.9  90    0   49 333 -326  1
3797500 2746500  2  2 13   5.4 1030 359  2.0 7  4.9  90    0   63 324 -329  1
3797500 2746500  2  2 14   5.4 1030 300  2.5 7  4.9  90    0   52 314 -330  1
3797500 2746500  2  2 15   5.5 1030 312  2.6 8  4.9  89    0   44 318 -330  1
3797500 2746500  2  2 16   5.5 1030 292  2.1 7  4.9  88    0   46 316 -329  1
3797500 2746500  2  2 17   5.8 1030 309  2.1 8  4.9  87    0   20 312 -326  1
3797500 2746500  2  2 18   5.8 1031 280  2.6 8  4.9  86    0    0 314 -324  1
3797500 2746500  2  2 19   5.6 1031 272  1.9 8  4.8  86    0    0 310 -323  1
3797500 2746500  2  2 20   5.5 1031 232  2.4 8  4.8  86    0    0 308 -323  1
3797500 2746500  2  2 21   5.5 1030 232  3.6 7  4.8  86    0    0 301 -323  1
3797500 2746500  2  2 22   5.5 1030 270  2.6 8  4.8  87    0    0 300 -322  1
3797500 2746500  2  2 23   5.5 1031 241  3.2 8  4.8  88    0    0 307 -321  1
3797500 2746500  2  2 24   5.6 1030 250  3.2 8  4.9  88    0    0 308 -320  1
3797500 2746500  2  3  1   5.4 1031 251  3.7 6  4.9  89    0    0 294 -319  1
3797500 2746500  2  3  2   5.1 1030 242  3.8 8  4.9  90    0    0 292 -317  1
3797500 2746500  2  3  3   4.7 1029 232  3.5 7  4.8  91    0    0 296 -316  1
3797500 2746500  2  3  4   4.9 1029 253  2.4 7  4.8  91    0    0 290 -316  1
3797500 2746500  2  3  5   4.7 1029 243  2.8 8  4.8  92    0    0 298 -316  1
3797500 2746500  2  3  6   4.8 1029 235  2.2 8  4.8  92    0    0 305 -316  1
3797500 2746500  2  3  7   4.6 1029 215  2.5 8  4.8  92    0    0 307 -316  1
3797500 2746500  2  3  8   4.7 1028 214  3.4 8  4.8  93    0    0 309 -316  1
3797500 2746500  2  3  9   4.8 1028 214  4.0 8  4.8  92    0    9 311 -316  1
3797500 2746500  2  3 10   5.0 1028 224  3.9 7  4.9  92    0   57 308 -316  1
3797500 2746500  2  3 11   5.3 1028 237  3.8 8  4.9  91    0   88 309 -317  1
3797500 2746500  2  3 12   5.7 1028 226  4.1 7  5.0  90    1  113 308 -322  1
3797500 2746500  2  3 13   6.2 1027 231  4.5 7  5.1  89    8  156 303 -328  1
3797500 2746500  2  3 14   6.8 1027 234  4.7 5  5.1  86   52  193 291 -332  1
3797500 2746500  2  3 15   6.9 1026 254  4.8 7  5.1  84    1   98 291 -335  1
3797500 2746500  2  3 16   6.6 1025 243  5.3 8  5.2  86    0   27 312 -337  1
3797500 2746500  2  3 17   6.4 1025 242  4.5 8  5.3  89    0   12 320 -336  1
3797500 2746500  2  3 18   6.5 1025 241  3.8 8  5.4  92    0    0 322 -335  1
3797500 2746500  2  3 19   6.8 1024 232  3.9 7  5.5  91    0    0 317 -334  1
3797500 2746500  2  3 20   7.0 1024 242  3.2 8  5.5  90    0    0 318 -334  1
3797500 2746500  2  3 21   7.1 1024 243  3.8 8  5.5  90    0    0 327 -335  1
3797500 2746500  2  3 22   7.4 1024 244  3.9 8  5.6  89    0    0 330 -336  1
3797500 2746500  2  3 23   7.5 1023 235  3.9 8  5.7  89    0    0 333 -336  1
3797500 2746500  2  3 24   7.4 1023 244  3.8 8  5.7  90    0    0 334 -336  1
3797500 2746500  2  4  1   7.6 1022 235  4.6 8  5.7  89    0    0 335 -336  1
3797500 2746500  2  4  2   7.9 1022 243  3.8 8  5.7  88    0    0 336 -336  1
3797500 2746500  2  4  3   8.0 1022 231  3.7 7  5.8  87    0    0 330 -336  1
3797500 2746500  2  4  4   7.8 1022 229  3.6 8  5.8  88    0    0 330 -336  1
3797500 2746500  2  4  5   7.9 1021 231  3.6 8  5.9  90    0    0 337 -336  1
3797500 2746500  2  4  6   8.0 1020 231  4.1 8  6.0  90    0    0 339 -336  1
3797500 2746500  2  4  7   8.0 1020 239  3.9 7  6.1  91    0    0 334 -337  1
3797500 2746500  2  4  8   8.1 1019 229  4.9 8  6.1  92    0    0 335 -337  1
3797500 2746500  2  4  9   8.1 1019 230  4.8 8  6.2  93    0    7 344 -338  1
3797500 2746500  2  4 10   8.3 1019 238  4.9 8  6.3  94    0   20 345 -338  1
3797500 2746500  2  4 11   8.3 1018 230  6.6 8  6.4  94    0   33 347 -338  1
3797500 2746500  2  4 12   8.2 1017 240  6.7 8  6.3  94    0   48 347 -340  1
3797500 2746500  2  4 13   8.3 1017 240  7.9 8  6.3  94    0   68 347 -345  1
3797500 2746500  2  4 14   8.2 1016 257  6.8 8  6.3  93    0   37 344 -351  1
3797500 2746500  2  4 15   8.1 1015 240  7.0 7  6.1  91    0   47 334 -354  1
3797500 2746500  2  4 16   8.3 1014 243  6.7 7  5.9  88    0   41 327 -354  1
3797500 2746500  2  4 17   8.6 1013 241  6.0 7  5.9  85    0   13 331 -354  1
3797500 2746500  2  4 18   8.7 1012 249  5.9 8  6.0  86    0    0 338 -354  1
3797500 2746500  2  4 19   9.2 1011 240  5.8 7  6.1  86    0    0 338 -353  1
3797500 2746500  2  4 20   9.6 1010 241  6.9 7  6.2  84    0    0 332 -352  1
3797500 2746500  2  4 21   9.9 1009 251  6.8 8  6.2  82    0    0 339 -351  1
3797500 2746500  2  4 22   9.9 1008 260  7.3 7  6.2  82    0    0 341 -350  1
3797500 2746500  2  4 23  10.0 1008 276  7.2 7  6.1  79    0    0 334 -347  1
3797500 2746500  2  4 24   8.5 1007 297  6.4 8  5.4  73    0    0 333 -344  1
3797500 2746500  2  5  1   7.5 1007 281  5.5 7  4.4  66    0    0 325 -341  1
3797500 2746500  2  5  2   6.9 1007 280  5.7 6  3.9  62    0    0 309 -338  1
3797500 2746500  2  5  3   6.3 1006 259  5.8 5  3.8  63    0    0 295 -337  1
3797500 2746500  2  5  4   6.1 1005 250  6.9 5  3.8  64    0    0 286 -334  1
3797500 2746500  2  5  5   6.3 1005 249  8.0 7  3.9  65    0    0 298 -332  1
3797500 2746500  2  5  6   6.4 1004 261  8.4 8  4.0  67    0    0 316 -330  1
3797500 2746500  2  5  7   5.9 1003 261  7.8 8  4.2  71    0    0 323 -329  1
3797500 2746500  2  5  8   6.3 1002 258  7.4 8  4.4  74    0    0 323 -329  1
3797500 2746500  2  5  9   5.6 1001 259  7.5 7  4.5  76    0    9 316 -329  1
3797500 2746500  2  5 10   2.6 1001 279  7.8 6  4.2  81    0   42 296 -329  1
3797500 2746500  2  5 11   4.0 1002 279  5.6 6  4.0  83    4  101 285 -330  1
3797500 2746500  2  5 12   5.1 1002 279  4.2 5  4.2  79   19  148 280 -332  1
3797500 2746500  2  5 13   4.6 1002 300  5.1 4  4.1  75   35  161 268 -333  1
3797500 2746500  2  5 14   6.0 1002 299  4.9 3  3.7  66  125  145 257 -335  1
3797500 2746500  2  5 15   5.9 1002 300  4.8 5  3.5  59   19  120 265 -335  1
3797500 2746500  2  5 16   5.9 1001 290  5.4 3  3.6  61   90   83 266 -334  1
3797500 2746500  2  5 17   5.9 1002 278  5.2 4  3.5  60   25   41 261 -331  1
3797500 2746500  2  5 18   5.3 1002 290  3.9 6  3.4  60    0    4 273 -329  1
3797500 2746500  2  5 19   4.6 1002 269  2.7 5  3.5  64    0    0 274 -327  1
3797500 2746500  2  5 20   4.3 1002 270  2.7 5  3.6  69    0    0 266 -326  1
3797500 2746500  2  5 21   4.2 1003 270  4.4 6  3.7  71    0    0 268 -325  1
3797500 2746500  2  5 22   3.3 1002 261  4.5 6  3.8  75    0    0 271 -324  1
3797500 2746500  2  5 23   2.9 1002 261  4.5 6  3.8  80    0    0 271 -323  1
3797500 2746500  2  5 24   2.8 1002 270  4.6 6  3.8  81    0    0 270 -322  1
3797500 2746500  2  6  1   2.5 1001 271  3.5 7  3.8  82    0    0 274 -321  1
3797500 2746500  2  6  2   2.5 1002 269  3.8 6  3.8  83    0    0 275 -321  1
3797500 2746500  2  6  3   2.6 1001 269  4.2 5  3.8  83    0    0 266 -320  1
3797500 2746500  2  6  4   2.2 1002 269  3.1 6  3.8  84    0    0 269 -319  1
3797500 2746500  2  6  5   2.1 1001 259  3.8 7  3.8  84    0    0 282 -319  1
3797500 2746500  2  6  6   2.5 1001 270  3.7 6  3.8  84    0    0 285 -319  1
3797500 2746500  2  6  7   2.3 1001 260  4.2 7  3.8  84    0    0 286 -319  1
3797500 2746500  2  6  8   2.4 1001 273  3.4 6  3.8  84    0    0 286 -318  1
3797500 2746500  2  6  9   2.1 1001 248  3.2 6  3.8  85    1   26 279 -317  1
3797500 2746500  2  6 10   2.6 1002 269  3.8 4  3.8  84   47   80 267 -318  1
3797500 2746500  2  6 11   3.6 1002 274  4.1 6  3.9  81   22  122 267 -321  1
3797500 2746500  2  6 12   3.8 1002 269  4.4 6  3.9  78    5  130 280 -325  1
3797500 2746500  2  6 13   4.8 1002 278  4.3 6  3.8  73   12  147 279 -329  1
3797500 2746500  2  6 14   4.7 1001 279  6.1 8  3.7  68    0   62 290 -331  1
3797500 2746500  2  6 15   3.8 1001 271  5.5 7  3.8  72   21  122 292 -332  1
3797500 2746500  2  6 16   4.6 1000 247  5.2 2  3.7  72  100   81 262 -330  1
3797500 2746500  2  6 17   3.7 1000 262  4.8 7  3.8  73   22   41 262 -328  1
3797500 2746500  2  6 18   3.2 1000 257  4.8 7  3.9  80    0    7 284 -324  1
3797500 2746500  2  6 19   3.0 1000 254  4.3 6  3.9  81    0    0 277 -320  1
3797500 2746500  2  6 20   2.9 1000 259  3.4 6  3.9  82    0    0 272 -318  1
3797500 2746500  2  6 21   2.3  999 240  2.6 6  3.8  82    0    0 271 -317  1
3797500 2746500  2  6 22   2.2  998 202  3.0 6  3.8  84    0    0 271 -317  1
3797500 2746500  2  6 23   2.6  997 202  3.1 6  3.9  85    0    0 273 -316  1
3797500 2746500  2  6 24   3.0  996 212  3.7 7  4.0  85    0    0 279 -316  1
3797500 2746500  2  7  1   2.0  995 210  4.3 8  4.1  88    0    0 290 -316  1
3797500 2746500  2  7  2   1.4  993 190  3.8 8  4.0  91    0    0 293 -315  1
3797500 2746500  2  7  3   2.9  991 228  5.8 8  4.1  92    0    0 296 -313  1
3797500 2746500  2  7  4   3.6  989 251  6.2 8  4.5  91    0    0 300 -312  1
3797500 2746500  2  7  5   3.3  989 288  6.1 7  4.3  86    0    0 293 -312  1
3797500 2746500  2  7  6   2.9  988 258  6.3 7  3.9  80    0    0 286 -312  1
3797500 2746500  2  7  7   2.5  988 261  7.1 6  3.7  79    0    0 279 -312  1
3797500 2746500  2  7  8   2.0  988 280  6.5 8  3.7  80    0    0 283 -313  1
3797500 2746500  2  7  9   1.4  988 299  6.6 8  3.7  85    0    9 292 -314  1
3797500 2746500  2  7 10   1.0  988 321  6.6 8  3.8  89    0   35 290 -315  1
3797500 2746500  2  7 11   1.2  989 309  6.2 8  3.8  90    5   99 288 -316  1
3797500 2746500  2  7 12   2.1  990 304  5.2 7  3.8  88   31  142 282 -317  1
3797500 2746500  2  7 13   2.6  991 299  5.4 8  3.7  81    0  106 282 -320  1
3797500 2746500  2  7 14   2.5  991 276  4.3 8  3.6  76    0   71 287 -322  1
3797500 2746500  2  7 15   0.7  991 300  2.9 6  3.5  81   10  104 273 -322  1
3797500 2746500  2  7 16   1.5  991 256  3.1 1  3.6  85  176   39 235 -323  1
3797500 2746500  2  7 17   1.7  992 283  4.3 6  3.6  82   25   33 235 -321  1
3797500 2746500  2  7 18   1.2  992 275  2.9 7  3.5  81    0    6 261 -318  1
3797500 2746500  2  7 19   0.7  992 270  3.6 7  3.4  82    0    0 264 -316  1
3797500 2746500  2  7 20   0.3  993 284  4.2 7  3.5  87    0    0 263 -316  1
3797500 2746500  2  7 21   0.2  993 266  3.6 6  3.5  89    0    0 257 -314  1
3797500 2746500  2  7 22   0.0  994 260  4.9 6  3.5  89    0    0 251 -313  1
3797500 2746500  2  7 23  -0.1  994 250  5.3 6  3.4  88    0    0 248 -313  1
3797500 2746500  2  7 24  -0.4  994 259  4.8 4  3.4  90    0    0 235 -312  1
3797500 2746500  2  8  1  -0.3  994 269  4.1 8  3.4  91    0    0 243 -311  1
3797500 2746500  2  8  2  -0.2  994 260  4.9 8  3.5  91    0    0 262 -311  1
3797500 2746500  2  8  3   0.0  994 261  5.7 8  3.5  91    0    0 260 -311  1
3797500 2746500  2  8  4  -0.1  995 263  4.1 8  3.5  90    0    0 260 -311  1
3797500 2746500  2  8  5  -0.1  995 273  3.5 8  3.5  91    0    0 261 -311  1
3797500 2746500  2  8  6   0.2  995 258  4.3 8  3.6  92    0    0 262 -311  1
3797500 2746500  2  8  7   0.1  995 260  4.9 7  3.6  92    0    0 257 -310  1
3797500 2746500  2  8  8   0.2  996 255  4.2 7  3.5  90    0    0 253 -308  1
3797500 2746500  2  8  9   0.0  996 258  5.2 7  3.5  90    0   15 253 -308  1
3797500 2746500  2  8 10   0.0  996 271  5.2 6  3.5  90    1   70 248 -309  1
3797500 2746500  2  8 11   0.3  997 228  5.2 7  3.5  89    0   85 246 -312  1
3797500 2746500  2  8 12   0.2  997 251  5.7 8  3.5  89    0   76 255 -314  1
3797500 2746500  2  8 13   0.2  997 250  4.4 8  3.5  90    0   81 261 -316  1
3797500 2746500  2  8 14   0.5  996 253  5.1 8  3.5  89    0   51 263 -316  1
3797500 2746500  2  8 15   0.6  996 247  4.6 8  3.5  87    0   73 266 -318  1
3797500 2746500  2  8 16   1.0  996 250  3.9 7  3.4  83    0   59 263 -319  1
3797500 2746500  2  8 17   0.9  995 223  3.8 7  3.3  81    4   42 261 -317  1
3797500 2746500  2  8 18   0.9  995 265  3.1 7  3.3  80    0    1 261 -316  1
3797500 2746500  2  8 19  -0.1  995 211  2.7 7  3.3  82    0    0 259 -316  1
3797500 2746500  2  8 20  -0.2  994 218  3.1 6  3.2  84    0    0 252 -315  1
3797500 2746500  2  8 21  -0.8  994 207  2.1 4  3.0  80    0    0 237 -314  1
3797500 2746500  2  8 22  -1.0  994 191  2.2 3  2.9  80    0    0 221 -313  1
3797500 2746500  2  8 23  -0.8  993 188  2.4 4  2.9  81    0    0 222 -312  1
3797500 2746500  2  8 24  -1.9  993 171  2.3 4  2.9  82    0    0 227 -312  1
3797500 2746500  2  9  1  -1.5  992 169  1.4 3  2.8  83    0    0 227 -311  1
3797500 2746500  2  9  2  -1.6  992 179  1.2 6  2.9  85    0    0 240 -310  1
3797500 2746500  2  9  3  -1.6  992 180  1.1 6  3.0  88    0    0 251 -310  1
3797500 2746500  2  9  4  -1.4  991 178  0.4 7  3.1  90    0    0 255 -310  1
3797500 2746500  2  9  5  -1.3  991 171  0.6 7  3.2  90    0    0 258 -310  1
3797500 2746500  2  9  6  -1.2  991 252  0.8 5  3.2  90    0    0 251 -310  1
3797500 2746500  2  9  7  -1.1  991 271  0.9 8  3.2  90    0    0 255 -310  1
3797500 2746500  2  9  8  -0.9  991 227  0.9 8  3.2  90    0    0 268 -309  1
3797500 2746500  2  9  9  -0.9  991 232  0.6 8  3.3  90    0   27 269 -308  1
3797500 2746500  2  9 10  -0.7  992 330  1.3 7  3.3  90    5   86 265 -307  1
3797500 2746500  2  9 11  -0.5  992 348  1.4 7  3.2  87    6  126 261 -309  1
3797500 2746500  2  9 12  -0.1  993 320  1.6 7  3.1  82    0  117 260 -313  1
3797500 2746500  2  9 13  -0.5  993  21  1.8 7  3.0  80    0  120 259 -315  1
3797500 2746500  2  9 14  -0.2  993 329  1.9 7  3.1  82    1  115 258 -316  1
3797500 2746500  2  9 15  -0.1  994 326  2.0 7  3.1  81    3  110 259 -316  1
3797500 2746500  2  9 16   0.2  994 307  2.6 6  3.1  80    0   68 254 -316  1
3797500 2746500  2  9 17   0.2  994 288  1.8 7  3.1  78    1   32 254 -315  1
3797500 2746500  2  9 18   0.0  995 349  2.0 6  3.0  78    0    4 252 -314  1
3797500 2746500  2  9 19  -0.4  996 337  1.5 7  3.0  78    0    0 250 -311  1
3797500 2746500  2  9 20  -0.8  996 154  1.7 6  2.8  77    0    0 250 -309  1
3797500 2746500  2  9 21  -1.4  997 191  2.4 6  2.8  79    0    0 244 -308  1
3797500 2746500  2  9 22  -0.9  997 230  3.5 4  2.9  82    0    0 237 -309  1
3797500 2746500  2  9 23  -0.8  997 211  3.5 5  3.0  84    0    0 234 -310  1
3797500 2746500  2  9 24  -1.0  997 207  3.5 6  3.1  85    0    0 244 -310  1
3797500 2746500  2 10  1  -1.0  997 211  4.1 5  3.0  85    0    0 244 -310  1
3797500 2746500  2 10  2  -0.6  997 201  3.9 6  3.1  86    0    0 244 -311  1
3797500 2746500  2 10  3  -0.5  997 218  3.9 8  3.2  87    0    0 259 -311  1
3797500 2746500  2 10  4  -0.3  997 208  4.8 8  3.3  87    0    0 268 -311  1
3797500 2746500  2 10  5   0.0  997 207  4.0 6  3.3  87    0    0 257 -311  1
3797500 2746500  2 10  6   0.0  997 201  4.1 7  3.3  86    0    0 251 -312  1
3797500 2746500  2 10  7   0.1  997 234  4.1 8  3.4  87    0    0 259 -311  1
3797500 2746500  2 10  8   0.1  997 226  4.0 8  3.4  87    0    0 265 -311  1
3797500 2746500  2 10  9   0.2  997 228  4.4 8  3.4  87    0    9 267 -311  1
3797500 2746500  2 10 10   0.0  997 221  2.5 8  3.4  87    0   41 268 -312  1
3797500 2746500  2 10 11  -0.3  997 220  2.9 8  3.3  87    0   35 268 -314  1
3797500 2746500  2 10 12  -0.4  998 228  3.0 7  3.3  88    0   92 263 -315  1
3797500 2746500  2 10 13  -0.4  998 237  2.8 6  3.3  89    4  152 253 -316  1
3797500 2746500  2 10 14  -0.2  998 223  2.9 6  3.3  89   12  161 249 -316  1
3797500 2746500  2 10 15   0.5  999 240  2.7 7  3.5  89    4  122 256 -318  1
3797500 2746500  2 10 16   0.6  999 238  2.3 6  3.5  88    4   87 257 -319  1
3797500 2746500  2 10 17   0.6  999 253  2.8 7  3.5  87   16   61 256 -317  1
3797500 2746500  2 10 18   0.5 1000 182  1.9 6  3.5  86    0    7 255 -316  1
3797500 2746500  2 10 19  -0.1 1000 242  2.0 6  3.4  87    0    0 250 -316  1
3797500 2746500  2 10 20  -0.5 1001 224  2.7 5  3.3  88    0    0 245 -316  1
3797500 2746500  2 10 21  -1.2 1002 259  3.4 5  3.2  89    0    0 241 -316  1
3797500 2746500  2 10 22  -0.9 1002 318  1.0 6  3.2  90    0    0 244 -315  1
3797500 2746500  2 10 23  -1.2 1002 282  1.7 7  3.2  90    0    0 252 -313  1
3797500 2746500  2 10 24  -0.9 1003 312  1.7 8  3.2  90    0    0 260 -312  1
3797500 2746500  2 11  1  -0.9 1003 328  1.3 8  3.3  91    0    0 265 -308  1
3797500 2746500  2 11  2  -0.7 1004 329  1.1 8  3.3  91    0    0 265 -304  1
3797500 2746500  2 11  3  -0.7 1004 336  1.1 8  3.4  92    0    0 266 -299  1
3797500 2746500  2 11  4  -0.7 1005 336  1.2 6  3.4  93    0    0 258 -296  1
3797500 2746500  2 11  5  -0.7 1005 337  1.4 7  3.3  92    0    0 254 -295  1
3797500 2746500  2 11  6  -0.8 1006 354  1.7 6  3.3  91    0    0 254 -293  1
3797500 2746500  2 11  7  -1.1 1007 325  0.9 8  3.2  91    0    0 258 -293  1
3797500 2746500  2 11  8  -0.8 1007 342  0.4 8  3.2  91    0    0 264 -292  1
3797500 2746500  2 11  9  -0.5 1008 346  0.8 8  3.3  91    2   33 260 -291  1
3797500 2746500  2 11 10  -0.1 1009 325  0.0 8  3.4  90    0   55 258 -293  1
3797500 2746500  2 11 11   0.4 1010 319  1.5 8  3.4  89    0   83 257 -297  1
3797500 2746500  2 11 12   0.5 1011   3  0.7 6  3.3  85    5  152 248 -303  1
3797500 2746500  2 11 13   0.3 1012  71  2.1 7  3.2  82    1  126 244 -308  1
3797500 2746500  2 11 14   0.3 1012  64  3.0 5  3.1  80   14  169 239 -311  1
3797500 2746500  2 11 15   0.4 1013  47  3.3 5  3.0  77    4  121 232 -313  1
3797500 2746500  2 11 16   0.5 1013  63  3.4 4  3.0  76   23  116 230 -312  1
3797500 2746500  2 11 17   0.0 1014  75  3.3 4  2.9  75   31   84 226 -311  1
3797500 2746500  2 11 18  -0.6 1015  81  1.7 3  2.8  75    1    9 221 -308  1
3797500 2746500  2 11 19  -0.8 1016  56  0.9 6  2.7  76    0    0 229 -306  1
3797500 2746500  2 11 20  -0.4 1017  30  1.4 6  2.7  76    0    0 242 -306  1
3797500 2746500  2 11 21  -0.7 1017  36  1.3 4  2.8  76    0    0 235 -307  1
3797500 2746500  2 11 22  -0.8 1018  54  1.1 2  2.7  76    0    0 219 -308  1
3797500 2746500  2 11 23  -1.4 1018  17  0.8 3  2.6  75    0    0 215 -309  1
3797500 2746500  2 11 24  -2.4 1018  80  1.6 2  2.5  77    0    0 214 -307  1
3797500 2746500  2 12  1  -2.6 1019  72  1.3 3  2.5  80    0    0 214 -303  1
3797500 2746500  2 12  2  -2.7 1019  75  1.2 3  2.5  82    0    0 220 -300  1
3797500 2746500  2 12  3  -2.7 1019  68  1.4 4  2.5  81    0    0 226 -296  1
3797500 2746500  2 12  4  -2.5 1020  77  0.8 6  2.5  80    0    0 243 -292  1
3797500 2746500  2 12  5  -1.7 1020  77  1.7 8  2.6  82    0    0 267 -288  1
3797500 2746500  2 12  6  -1.5 1020  75  2.4 7  2.7  82    0    0 274 -286  1
3797500 2746500  2 12  7  -1.5 1020  61  1.5 7  2.8  82    0    0 270 -284  1
3797500 2746500  2 12  8  -1.2 1021  74  2.1 8  2.7  80    0    0 274 -282  1
3797500 2746500  2 12  9  -1.4 1021  96  1.1 8  2.6  77    0   28 278 -281  1
3797500 2746500  2 12 10  -0.7 1022  66  2.2 6  2.6  73   24   95 268 -283  1
3797500 2746500  2 12 11   0.4 1023  86  2.2 6  2.5  68   30  139 260 -289  1
3797500 2746500  2 12 12   0.0 1023  58  2.5 6  2.4  64    2  128 259 -296  1
3797500 2746500  2 12 13  -0.1 1023  89  1.6 7  2.3  63    0  114 263 -303  1
3797500 2746500  2 12 14  -0.3 1023 100  1.8 7  2.3  63    2  127 268 -308  1
3797500 2746500  2 12 15   0.8 1023  99  1.7 4  2.3  61  119  147 252 -310  1
3797500 2746500  2 12 16   0.0 1023  49  1.8 3  2.3  60  116  101 230 -310  1
3797500 2746500  2 12 17  -0.6 1023  48  2.0 2  2.2  60   46   62 218 -309  1
3797500 2746500  2 12 18  -1.0 1024  69  1.7 2  2.2  62    3   10 213 -306  1
3797500 2746500  2 12 19  -1.8 1024  59  2.3 1  2.2  66    0    0 207 -304  1
3797500 2746500  2 12 20  -2.1 1025  69  2.5 1  2.3  70    0    0 201 -303  1
3797500 2746500  2 12 21  -2.7 1024  70  2.7 1  2.3  72    0    0 201 -304  1
3797500 2746500  2 12 22  -3.2 1025  59  2.2 0  2.2  72    0    0 194 -304  1
3797500 2746500  2 12 23  -3.8 1025  80  2.9 0  2.1  72    0    0 187 -304  1
3797500 2746500  2 12 24  -4.5 1025  99  0.9 0  2.1  75    0    0 183 -304  1
3797500 2746500  2 13  1  -5.8 1025  49  1.3 0  2.1  81    0    0 177 -303  1
3797500 2746500  2 13  2  -6.0 1026 358  0.0 0  2.0  84    0    0 171 -303  1
3797500 2746500  2 13  3  -5.6 1026  69  1.2 0  2.0  82    0    0 165 -303  1
3797500 2746500  2 13  4  -5.8 1027  80  0.8 0  2.0  81    0    0 161 -303  1
3797500 2746500  2 13  5  -6.6 1027  47  1.3 0  1.9  82    0    0 151 -302  1
3797500 2746500  2 13  6  -7.1 1027  70  0.7 2  1.9  84    0    0 163 -302  1
3797500 2746500  2 13  7  -7.4 1027  37  1.2 0  1.8  83    0    0 165 -301  1
3797500 2746500  2 13  8  -7.6 1028  68  1.4 1  1.8  85    0    0 162 -301  1
3797500 2746500  2 13  9  -7.2 1028  48  1.6 2  1.8  85   11   39 180 -301  1
3797500 2746500  2 13 10  -5.4 1029  58  3.0 3  1.9  83   73   91 197 -303  1
3797500 2746500  2 13 11  -3.8 1029  58  3.7 3  2.1  78   83  144 208 -307  1
3797500 2746500  2 13 12  -3.1 1029  38  3.0 5  2.2  75   26  170 223 -310  1
3797500 2746500  2 13 13  -1.8 1029  27  3.1 4  2.3  73  174  170 232 -313  1
3797500 2746500  2 13 14  -0.1 1029  38  4.8 2  2.4  68  218  141 216 -315  1
3797500 2746500  2 13 15   0.6 1030  30  4.3 3  2.4  64  160  131 213 -316  1
3797500 2746500  2 13 16   1.5 1029  31  3.8 2  2.4  60  104  100 212 -315  1
3797500 2746500  2 13 17   0.9 1029  20  3.5 4  2.4  58   42   60 215 -313  1
3797500 2746500  2 13 18   1.2 1029  19  2.5 5  2.4  60    1   10 238 -311  1
3797500 2746500  2 13 19   0.9 1029  28  3.2 4  2.5  61    0    0 241 -307  1
3797500 2746500  2 13 20   0.9 1029  36  2.3 6  2.5  62    0    0 252 -305  1
3797500 2746500  2 13 21   0.8 1029  25  3.3 6  2.5  63    0    0 270 -302  1
3797500 2746500  2 13 22   0.8 1029  14  2.8 7  2.5  64    0    0 279 -301  1
3797500 2746500  2 13 23  -0.8 1029  24  2.0 6  2.5  67    0    0 279 -301  1
3797500 2746500  2 13 24  -1.0 1029 360  1.6 2  2.5  71    0    0 243 -300  1
3797500 2746500  2 14  1  -1.8 1028 350  2.2 4  2.5  73    0    0 230 -299  1
3797500 2746500  2 14  2  -2.5 1027  17  1.9 3  2.4  77    0    0 236 -298  1
3797500 2746500  2 14  3  -3.2 1027 358  1.7 1  2.5  81    0    0 215 -297  1
3797500 2746500  2 14  4  -3.5 1027  61  1.8 2  2.4  83    0    0 210 -296  1
3797500 2746500  2 14  5  -4.5 1026 334  1.1 3  2.3  84    0    0 222 -295  1
3797500 2746500  2 14  6  -4.8 1026 352  0.5 3  2.3  88    0    0 227 -294  1
3797500 2746500  2 14  7  -4.8 1025 352  0.5 2  2.4  90    0    0 223 -293  1
3797500 2746500  2 14  8  -6.1 1025 306  1.0 4  2.2  90    0    0 227 -292  1
3797500 2746500  2 14  9  -4.7 1025 315  0.9 4  2.2  89    6   39 239 -291  1
3797500 2746500  2 14 10  -4.8 1025  76  0.9 2  2.3  88   31  102 231 -293  1
3797500 2746500  2 14 11  -3.5 1025 249  0.9 2  2.5  89   44  153 221 -298  1
3797500 2746500  2 14 12  -3.4 1024 220  1.0 5  2.6  89   29  178 240 -305  1
3797500 2746500  2 14 13  -2.8 1024 203  1.1 3  2.6  88  109  200 246 -310  1
3797500 2746500  2 14 14  -2.7 1023 163  1.8 3  2.8  90  195  166 234 -314  1
3797500 2746500  2 14 15  -1.4 1024 229  1.2 2  2.8  86  184  138 225 -315  1
3797500 2746500  2 14 16  -0.4 1023 238  1.8 1  2.7  76  112  109 214 -314  1
3797500 2746500  2 14 17  -0.1 1023 238  2.3 3  2.6  71   53   67 217 -311  1
3797500 2746500  2 14 18  -1.7 1022 213  2.4 6  2.5  72    6   14 239 -307  1
3797500 2746500  2 14 19  -1.8 1021 191  2.4 6  2.4  73    0    0 250 -303  1
3797500 2746500  2 14 20  -1.9 1021 193  2.3 6  2.4  74    0    0 251 -302  1
3797500 2746500  2 14 21  -1.7 1021 194  3.1 7  2.5  76    0    0 258 -302  1
3797500 2746500  2 14 22  -0.8 1021 195  3.1 8  2.5  74    0    0 270 -303  1
3797500 2746500  2 14 23  -0.9 1020 194  3.7 8  2.6  73    0    0 278 -304  1
3797500 2746500  2 14 24  -0.4 1020 197  4.0 8  2.6  73    0    0 280 -307  1
3797500 2746500  2 15  1  -0.5 1019 196  3.1 6  2.7  74    0    0 273 -309  1
3797500 2746500  2 15  2  -0.2 1019 225  3.8 6  2.8  76    0    0 264 -310  1
3797500 2746500  2 15  3  -0.7 1019 204  3.1 6  2.9  80    0    0 267 -311  1
3797500 2746500  2 15  4  -0.6 1018 204  3.7 5  3.1  85    0    0 263 -312  1
3797500 2746500  2 15  5  -0.5 1018 193  4.0 6  3.1  86    0    0 264 -314  1
3797500 2746500  2 15  6  -0.4 1017 193  4.0 5  3.1  86    0    0 265 -315  1
3797500 2746500  2 15  7  -0.5 1017 191  4.7 8  3.1  86    0    0 277 -315  1
3797500 2746500  2 15  8  -0.1 1016 190  4.1 8  3.2  85    0    0 300 -315  1
3797500 2746500  2 15  9  -0.3 1017 189  3.9 8  3.2  86    0   17 300 -315  1
3797500 2746500  2 15 10  -0.2 1017 189  3.4 8  3.3  88    0   58 301 -316  1
3797500 2746500  2 15 11   0.1 1017 189  3.4 7  3.3  89    1  107 292 -316  1
3797500 2746500  2 15 12   0.3 1017 191  4.2 8  3.4  89    0  110 293 -319  1
3797500 2746500  2 15 13   0.9 1017 203  4.9 7  3.5  88    0  135 295 -324  1
3797500 2746500  2 15 14   1.3 1016 200  4.2 7  3.5  86    0  104 286 -327  1
3797500 2746500  2 15 15   1.4 1016 206  3.6 7  3.5  85    0   93 284 -328  1
3797500 2746500  2 15 16   1.7 1016 213  3.6 7  3.5  82    0   74 284 -329  1
3797500 2746500  2 15 17   1.8 1015 210  4.0 7  3.5  81    0   41 285 -327  1
3797500 2746500  2 15 18   1.8 1014 199  3.9 8  3.5  82    0    5 295 -322  1
3797500 2746500  2 15 19   2.0 1014 209  4.2 8  3.6  82    0    0 306 -319  1
3797500 2746500  2 15 20   2.1 1013 211  4.1 8  3.6  82    0    0 308 -317  1
3797500 2746500  2 15 21   2.0 1012 212  4.5 8  3.6  82    0    0 310 -317  1
3797500 2746500  2 15 22   1.4 1012 211  3.8 8  3.6  85    0    0 310 -319  1
3797500 2746500  2 15 23   1.6 1011 202  5.3 8  3.7  88    0    0 307 -319  1
3797500 2746500  2 15 24   1.8 1010 212  5.6 7  3.7  86    0    0 300 -318  1
3797500 2746500  2 16  1   1.7 1009 222  5.4 7  3.8  87    0    0 293 -316  1
3797500 2746500  2 16  2   1.8 1008 230  6.4 8  3.8  89    0    0 301 -316  1
3797500 2746500  2 16  3   2.0 1007 211  5.8 8  3.9  90    0    0 311 -317  1
3797500 2746500  2 16  4   2.0 1006 211  6.8 8  4.0  91    0    0 314 -317  1
3797500 2746500  2 16  5   2.4 1004 219  6.9 7  4.2  93    0    0 310 -319  1
3797500 2746500  2 16  6   2.5 1002 220  5.6 7  4.3  93    0    0 305 -321  1
3797500 2746500  2 16  7   3.0 1001 231  5.8 8  4.3  92    0    0 314 -322  1
3797500 2746500  2 16  8   3.3 1000 241  6.6 8  4.4  91    0    0 322 -324  1
3797500 2746500  2 16  9   3.2 1000 251  5.8 8  4.4  91    0   24 321 -325  1
3797500 2746500  2 16 10   3.7 1000 250  5.8 8  4.5  92    0   44 322 -326  1
3797500 2746500  2 16 11   4.0 1000 250  5.2 8  4.7  92    0   62 322 -328  1
3797500 2746500  2 16 12   4.2 1000 270  3.6 8  4.7  91    0   68 319 -331  1
3797500 2746500  2 16 13   5.8 1000 271  6.5 5  4.6  84   95  152 297 -334  1
3797500 2746500  2 16 14   6.4 1000 292  5.7 7  4.2  71   20  148 292 -335  1
3797500 2746500  2 16 15   6.7 1000 289  6.3 5  3.8  62   18  128 291 -333  1
3797500 2746500  2 16 16   6.3 1001 281  7.8 3  3.6  59   94   75 269 -331  1
3797500 2746500  2 16 17   5.8 1001 281  7.4 4  3.4  58   74   30 259 -329  1
3797500 2746500  2 16 18   4.8 1002 270  6.4 5  3.4  61    3   10 262 -325  1
3797500 2746500  2 16 19   4.2 1002 270  5.3 3  3.4  65    0    0 253 -322  1
3797500 2746500  2 16 20   4.0 1002 249  6.1 5  3.5  68    0    0 251 -319  1
3797500 2746500  2 16 21   4.4 1002 241  7.4 6  3.6  70    0    0 268 -318  1
3797500 2746500  2 16 22   4.3 1001 249  8.9 7  3.8  72    0    0 280 -318  1
3797500 2746500  2 16 23   4.2 1000 242  8.2 7  3.9  74    0    0 286 -317  1
3797500 2746500  2 16 24   4.4  999 252  9.4 7  3.9  74    0    0 285 -316  1
3797500 2746500  2 17  1   4.5  998 266  8.0 8  3.9  73    0    0 290 -317  1
3797500 2746500  2 17  2   4.7  997 263  8.7 8  3.8  72    0    0 295 -318  1
3797500 2746500  2 17  3   4.0  996 273  7.9 8  3.9  75    0    0 292 -318  1
3797500 2746500  2 17  4   3.5  996 257  5.8 6  4.0  79    0    0 280 -317  1
3797500 2746500  2 17  5   0.2  995 283  5.0 6  3.7  84    0    0 263 -316  1
3797500 2746500  2 17  6   0.5  996 278  6.4 7  3.6  90    0    0 264 -316  1
3797500 2746500  2 17  7   0.5  996 292  7.1 6  3.5  88    0    0 261 -314  1
3797500 2746500  2 17  8   0.3  997 280  5.3 6  3.3  84    0    0 253 -312  1
3797500 2746500  2 17  9   0.0  998 285  5.9 6  3.1  79   17   44 252 -311  1
3797500 2746500  2 17 10   0.2  999 297  5.0 6  3.0  78   22  100 251 -312  1
3797500 2746500  2 17 11   0.5 1000 266  6.2 5  3.1  79   90  149 245 -314  1
3797500 2746500  2 17 12   1.7 1001 278  6.6 6  3.2  77   41  181 247 -316  1
3797500 2746500  2 17 13   1.9 1001 280  7.4 5  3.2  74   34  188 252 -317  1
3797500 2746500  2 17 14   2.4 1002 275  7.2 4  3.1  70  123  184 247 -318  1
3797500 2746500  2 17 15   2.5 1002 288  6.2 7  3.0  66   76  164 259 -319  1
3797500 2746500  2 17 16   3.1 1002 273  6.3 6  3.1  66   36  116 269 -318  1
3797500 2746500  2 17 17   2.8 1002 317  6.6 4  3.1  65   99   60 257 -317  1
3797500 2746500  2 17 18   1.5 1003 264  4.7 5  3.0  67    9   16 248 -316  1
3797500 2746500  2 17 19   1.0 1003 278  3.1 5  3.1  74    0    0 252 -316  1
3797500 2746500  2 17 20   0.5 1004 249  2.8 5  3.2  79    0    0 253 -314  1
3797500 2746500  2 17 21   0.6 1004 267  3.7 6  3.3  83    0    0 258 -312  1
3797500 2746500  2 17 22   0.5 1004 270  3.7 4  3.4  84    0    0 254 -311  1
3797500 2746500  2 17 23   0.1 1005 258  3.6 4  3.3  86    0    0 245 -311  1
3797500 2746500  2 17 24   0.0 1005 251  3.5 5  3.3  87    0    0 248 -310  1
3797500 2746500  2 18  1  -0.2 1005 236  2.2 5  3.3  87    0    0 253 -309  1
3797500 2746500  2 18  2  -0.1 1006 239  2.2 8  3.3  88    0    0 268 -308  1
3797500 2746500  2 18  3   0.0 1006 211  2.0 7  3.4  89    0    0 278 -307  1
3797500 2746500  2 18  4   0.4 1006 239  2.4 6  3.4  89    0    0 270 -305  1
3797500 2746500  2 18  5   0.7 1005 213  2.5 7  3.5  88    0    0 272 -305  1
3797500 2746500  2 18  6   0.7 1005 211  2.2 7  3.5  88    0    0 279 -305  1
3797500 2746500  2 18  7   0.9 1006 222  1.3 7  3.6  88    0    0 280 -305  1
3797500 2746500  2 18  8   0.9 1006 211  1.2 8  3.6  88    0    0 286 -305  1
3797500 2746500  2 18  9   0.9 1006 212  1.5 7  3.6  88    2   42 286 -307  1
3797500 2746500  2 18 10   1.1 1007 206  1.6 7  3.6  88    3   88 283 -309  1
3797500 2746500  2 18 11   1.4 1008 219  1.6 8  3.7  89    0   99 289 -313  1
3797500 2746500  2 18 12   2.0 1009 217  1.7 8  3.8  88    3  144 295 -316  1
3797500 2746500  2 18 13   2.6 1009 241  2.3 7  3.8  85   41  206 294 -321  1
3797500 2746500  2 18 14   3.4 1010 214  1.7 6  3.8  81   54  202 288 -325  1
3797500 2746500  2 18 15   4.0 1010 225  2.5 7  3.8  77   52  180 289 -325  1
3797500 2746500  2 18 16   4.4 1010 220  3.0 6  3.8  74   54  136 292 -326  1
3797500 2746500  2 18 17   4.5 1010 225  2.8 7  3.8  73   20   72 292 -326  1
3797500 2746500  2 18 18   4.4 1010 203  2.0 8  3.8  73    0   12 302 -323  1
3797500 2746500  2 18 19   4.3 1010 203  2.7 7  3.8  74    0    0 303 -321  1
3797500 2746500  2 18 20   4.1 1010 186  2.3 8  3.9  76    0    0 304 -321  1
3797500 2746500  2 18 21   4.4 1010 195  3.3 8  4.0  78    0    0 310 -321  1
3797500 2746500  2 18 22   3.8 1010 174  2.8 8  4.2  81    0    0 312 -321  1
3797500 2746500  2 18 23   3.8 1010 184  3.6 8  4.3  86    0    0 314 -322  1
3797500 2746500  2 18 24   4.1 1010 190  4.2 8  4.4  88    0    0 317 -323  1
3797500 2746500  2 19  1   4.7 1010 190  3.0 8  4.6  89    0    0 322 -324  1
3797500 2746500  2 19  2   5.0 1010 203  3.1 8  4.9  90    0    0 325 -326  1
3797500 2746500  2 19  3   5.6 1009 211  3.6 8  5.1  91    0    0 329 -327  1
3797500 2746500  2 19  4   6.4 1009 210  3.7 8  5.3  91    0    0 333 -329  1
3797500 2746500  2 19  5   7.1 1008 218  4.1 7  5.6  91    0    0 332 -331  1
3797500 2746500  2 19  6   7.2 1008 219  4.2 8  5.8  91    0    0 335 -333  1
3797500 2746500  2 19  7   7.4 1007 209  4.3 8  5.8  90    0    0 342 -335  1
3797500 2746500  2 19  8   7.5 1007 209  5.1 8  5.9  91    0    0 343 -337  1
3797500 2746500  2 19  9   7.7 1006 209  5.3 8  6.0  92    0   31 345 -339  1
3797500 2746500  2 19 10   7.9 1006 219  5.6 8  6.1  92    0   38 345 -341  1
3797500 2746500  2 19 11   8.0 1005 220  6.4 8  6.2  92    0   38 346 -342  1
3797500 2746500  2 19 12   8.4 1005 229  6.5 8  6.3  92    0   71 348 -343  1
3797500 2746500  2 19 13   8.6 1004 231  6.4 7  6.5  93    0   82 342 -345  1
3797500 2746500  2 19 14   8.8 1004 241  5.6 7  6.6  93    0   64 337 -347  1
3797500 2746500  2 19 15   9.1 1004 241  6.4 8  6.7  93    0   43 346 -348  1
3797500 2746500  2 19 16   9.3 1003 241  5.7 8  6.8  93    0   63 354 -349  1
3797500 2746500  2 19 17   9.3 1003 241  5.3 7  6.9  94    1   42 348 -349  1
3797500 2746500  2 19 18   9.5 1003 242  4.7 7  7.0  94    0    5 342 -349  1
3797500 2746500  2 19 19   9.5 1003 251  4.7 8  7.0  94    0    0 349 -349  1
3797500 2746500  2 19 20   9.6 1004 245  4.6 7  7.1  94    0    0 349 -350  1
3797500 2746500  2 19 21   9.7 1004 251  3.9 7  7.1  94    0    0 342 -349  1
3797500 2746500  2 19 22   9.6 1004 268  3.4 7  7.0  93    0    0 342 -349  1
3797500 2746500  2 19 23   9.5 1005 261  2.8 7  7.0  94    0    0 339 -348  1
3797500 2746500  2 19 24   9.4 1005 279  2.7 8  7.0  94    0    0 345 -347  1
3797500 2746500  2 20  1   8.8 1005 325  2.6 8  6.8  93    0    0 349 -345  1
3797500 2746500  2 20  2   8.5 1005 256  2.6 8  6.6  93    0    0 345 -342  1
3797500 2746500  2 20  3   8.0 1005 291  1.9 8  6.4  93    0    0 341 -339  1
3797500 2746500  2 20  4   7.6 1005 358  3.0 8  6.2  94    0    0 338 -335  1
3797500 2746500  2 20  5   7.4 1005  26  1.6 6  6.1  93    0    0 318 -333  1
3797500 2746500  2 20  6   7.1 1005 105  0.9 8  6.0  93    0    0 316 -333  1
3797500 2746500  2 20  7   7.1 1005 244  1.5 8  5.8  92    0    0 332 -334  1
3797500 2746500  2 20  8   6.9 1005 251  2.1 8  5.7  90    0    0 332 -335  1
3797500 2746500  2 20  9   6.6 1005 292  3.7 8  5.6  90    0   23 332 -335  1
3797500 2746500  2 20 10   6.0 1006 272  2.8 7  5.2  87   24  114 323 -336  1
3797500 2746500  2 20 11   6.7 1006 288  3.0 4  4.7  78  155  163 291 -338  1
3797500 2746500  2 20 12   7.9 1007 277  3.1 4  4.4  68  237  174 268 -340  1
3797500 2746500  2 20 13   7.5 1007 299  4.3 6  4.0  61   44  201 279 -346  1
3797500 2746500  2 20 14   7.7 1007 284  3.3 7  3.8  58    0  124 296 -350  1
3797500 2746500  2 20 15   8.1 1007 280  4.0 7  3.8  57   12  144 302 -349  1
3797500 2746500  2 20 16   8.1 1007 253  4.0 7  3.9  57   33  123 300 -347  1
3797500 2746500  2 20 17   7.8 1007 284  3.4 6  3.9  59   14   68 288 -343  1
3797500 2746500  2 20 18   7.4 1007 261  3.3 7  3.9  60    2   14 281 -338  1
3797500 2746500  2 20 19   6.7 1008 256  2.8 6  3.9  63    0    0 276 -332  1
3797500 2746500  2 20 20   5.7 1008 246  2.7 6  3.9  66    0    0 264 -327  1
3797500 2746500  2 20 21   4.9 1009 208  2.5 4  3.9  70    0    0 250 -325  1
3797500 2746500  2 20 22   5.0 1009 234  2.1 3  3.9  72    0    0 230 -325  1
3797500 2746500  2 20 23   5.0 1009 215  2.8 4  4.0  73    0    0 232 -324  1
3797500 2746500  2 20 24   4.8 1008 234  3.6 7  3.9  73    0    0 264 -324  1
3797500 2746500  2 21  1   4.6 1008 212  3.9 7  3.8  72    0    0 287 -325  1
3797500 2746500  2 21  2   4.9 1007 203  3.9 7  3.9  73    0    0 291 -325  1
3797500 2746500  2 21  3   5.0 1005 222  4.0 7  4.0  74    0    0 295 -325  1
3797500 2746500  2 21  4   5.1 1005 221  4.2 6  4.1  75    0    0 293 -325  1
3797500 2746500  2 21  5   5.0 1004 221  4.7 6  4.2  77    0    0 288 -324  1
3797500 2746500  2 21  6   5.1 1003 230  4.6 7  4.3  79    0    0 297 -324  1
3797500 2746500  2 21  7   5.2 1002 230  5.2 8  4.4  80    0    0 313 -324  1
3797500 2746500  2 21  8   5.1 1001 230  5.3 8  4.4  80    0    0 322 -324  1
3797500 2746500  2 21  9   5.3 1001 229  5.5 8  4.4  80    0   16 323 -324  1
3797500 2746500  2 21 10   5.3 1000 229  5.2 8  4.5  80    0   39 323 -327  1
3797500 2746500  2 21 11   5.7 1000 231  5.0 8  4.6  81    0   54 324 -331  1
3797500 2746500  2 21 12   6.1  999 230  5.0 7  4.7  80    0   94 319 -337  1
3797500 2746500  2 21 13   6.0  997 219  5.5 7  4.9  82    0   90 312 -342  1
3797500 2746500  2 21 14   5.5  995 228  5.5 7  5.0  86    0   60 313 -345  1
3797500 2746500  2 21 15   5.6  993 208  6.2 8  5.0  88    0   40 321 -346  1
3797500 2746500  2 21 16   6.6  992 250  7.2 8  5.3  89    0   42 331 -345  1
3797500 2746500  2 21 17   7.2  990 262  6.4 7  5.5  87    5   66 326 -343  1
3797500 2746500  2 21 18   6.8  990 249  6.9 7  5.4  85    2   18 320 -341  1
3797500 2746500  2 21 19   6.4  989 273  7.1 8  5.4  86    0    0 326 -340  1
3797500 2746500  2 21 20   5.2  989 249  5.8 6  5.0  86    0    0 315 -340  1
3797500 2746500  2 21 21   4.9  989 246  5.7 6  4.8  86    0    0 283 -339  1
3797500 2746500  2 21 22   4.7  988 244  5.5 6  4.7  85    0    0 282 -337  1
3797500 2746500  2 21 23   4.7  988 245  5.5 6  4.6  85    0    0 302 -334  1
3797500 2746500  2 21 24   4.3  987 244  5.2 5  4.5  85    0    0 314 -330  1
3797500 2746500  2 22  1   3.9 1014 239  4.6 3  4.4  87    0    0 246 -323  1
3797500 2746500  2 22  2   3.5 1016 231  4.2 2  4.3  87    0    0 226 -321  1
3797500 2746500  2 22  3   3.2 1016 220  4.1 0  4.2  88    0    0 225 -319  1
3797500 2746500  2 22  4   3.1 1016 218  4.1 0  4.1  86    0    0 223 -318  1
3797500 2746500  2 22  5   3.2 1017 221  4.3 0  4.1  85    0    0 219 -316  1
3797500 2746500  2 22  6   3.0 1017 224  4.0 0  3.9  82    0    0 218 -316  1
3797500 2746500  2 22  7   3.0 1017 224  4.1 0  3.8  81    0    0 218 -316  1
3797500 2746500  2 22  8   3.2 1017 215  3.8 0  3.8  80    0    0 220 -316  1
3797500 2746500  2 22  9   3.5 1017 195  3.4 1  3.8  78   35   52 225 -316  1
3797500 2746500  2 22 10   4.9 1017 205  5.1 1  3.9  76  140   90 234 -317  1
3797500 2746500  2 22 11   6.5 1017 215  5.6 2  4.0  72  227  114 242 -323  1
3797500 2746500  2 22 12   7.6 1017 210  6.9 3  4.2  67  310  114 254 -330  1
3797500 2746500  2 22 13   8.9 1016 228  7.9 3  4.2  62  356  106 260 -338  1
3797500 2746500  2 22 14   9.0 1015 219  6.8 3  4.1  57  369   92 258 -344  1
3797500 2746500  2 22 15   8.8 1014 209  5.9 3  3.8  54  328   79 254 -347  1
3797500 2746500  2 22 16   8.5 1013 199  5.9 3  3.8  55  183   91 252 -346  1
3797500 2746500  2 22 17   7.6 1012 182  5.6 4  3.7  56  106   58 253 -342  1
3797500 2746500  2 22 18   7.0 1011 189  4.4 5  3.6  57   18   21 255 -337  1
3797500 2746500  2 22 19   6.4 1010 183  3.7 5  3.5  58    0    0 253 -331  1
3797500 2746500  2 22 20   5.9 1010 182  4.1 4  3.5  60    0    0 246 -327  1
3797500 2746500  2 22 21   5.5 1009 182  4.4 3  3.6  63    0    0 237 -325  1
3797500 2746500  2 22 22   5.1 1008 181  6.0 1  3.5  63    0    0 224 -323  1
3797500 2746500  2 22 23   4.8 1006 181  6.7 1  3.4  62    0    0 215 -322  1
3797500 2746500  2 22 24   4.5 1005 173  6.3 3  3.3  62    0    0 221 -322  1
3797500 2746500  2 23  1   4.5 1004 183  5.8 4  3.2  61    0    0 232 -322  1
3797500 2746500  2 23  2   4.7 1003 182  6.7 4  3.2  60    0    0 237 -322  1
3797500 2746500  2 23  3   4.4 1001 187  7.1 4  3.2  61    0    0 240 -321  1
3797500 2746500  2 23  4   4.5 1000 207  7.5 5  3.5  66    0    0 249 -321  1
3797500 2746500  2 23  5   3.7  999 209  7.2 6  3.8  75    0    0 261 -322  1
3797500 2746500  2 23  6   3.5  998 221  6.8 6  4.2  84    0    0 268 -323  1
3797500 2746500  2 23  7   3.4  998 222  5.9 8  4.3  87    0    0 282 -323  1
3797500 2746500  2 23  8   3.2  998 231  4.7 7  4.2  87    0    0 290 -322  1
3797500 2746500  2 23  9   3.1  999 234  5.2 7  4.1  84   21   59 287 -323  1
3797500 2746500  2 23 10   3.9  999 222  4.4 6  4.0  82   35  124 284 -326  1
3797500 2746500  2 23 11   4.9  999 230  6.0 6  4.2  79   49  176 282 -330  1
3797500 2746500  2 23 12   5.7  999 229  7.2 5  4.1  73   58  209 276 -335  1
3797500 2746500  2 23 13   6.9  999 227  6.7 6  4.0  67  104  228 276 -339  1
3797500 2746500  2 23 14   6.7  999 227  6.8 3  4.1  65  136  213 264 -343  1
3797500 2746500  2 23 15   5.4  998 209  5.7 6  4.3  72   57  174 263 -343  1
3797500 2746500  2 23 16   4.7  998 226  6.0 4  4.5  81   54  130 267 -343  1
3797500 2746500  2 23 17   3.5  998 234  5.0 6  4.4  86    0   42 263 -340  1
3797500 2746500  2 23 18   3.6  998 235  4.4 8  4.4  89    0    9 279 -337  1
3797500 2746500  2 23 19   3.4  998 202  3.2 5  4.4  89    0    0 269 -336  1
3797500 2746500  2 23 20   3.7  997 195  3.6 4  4.4  88    0    0 249 -334  1
3797500 2746500  2 23 21   4.1  997 204  4.9 3  4.3  85    0    0 240 -331  1
3797500 2746500  2 23 22   4.2  997 215  4.8 2  4.2  82    0    0 231 -329  1
3797500 2746500  2 23 23   4.0  997 213  4.8 3  4.1  80    0    0 230 -329  1
3797500 2746500  2 23 24   4.1  996 206  4.1 5  4.2  81    0    0 245 -326  1
3797500 2746500  2 24  1   4.2  995 206  3.4 5  4.2  82    0    0 258 -324  1
3797500 2746500  2 24  2   2.5  994 178  2.3 6  4.2  86    0    0 263 -322  1
3797500 2746500  2 24  3   3.4  993 196  3.6 6  4.3  90    0    0 273 -322  1
3797500 2746500  2 24  4   3.9  992 186  3.5 8  4.5  90    0    0 287 -322  1
3797500 2746500  2 24  5   4.0  991 174  3.1 8  4.6  89    0    0 301 -323  1
3797500 2746500  2 24  6   4.2  990 167  2.6 8  4.5  87    0    0 304 -324  1
3797500 2746500  2 24  7   3.9  989 149  2.2 8  4.5  86    0    0 306 -326  1
3797500 2746500  2 24  8   3.5  987 134  3.0 8  4.4  87    0    0 307 -327  1
3797500 2746500  2 24  9   3.5  987 141  2.7 8  4.4  87    1   46 306 -328  1
3797500 2746500  2 24 10   3.7  986 142  2.5 7  4.3  86    2   97 302 -330  1
3797500 2746500  2 24 11   4.0  985 144  2.6 7  4.4  85    0   89 298 -333  1
3797500 2746500  2 24 12   4.1  985 133  2.0 7  4.4  85    0   90 301 -336  1
3797500 2746500  2 24 13   4.2  985 175  0.4 7  4.5  85    0  102 303 -339  1
3797500 2746500  2 24 14   4.4  985 351  0.3 7  4.5  85    0   93 306 -341  1
3797500 2746500  2 24 15   4.5  986 306  1.0 8  4.5  84    0   79 311 -342  1
3797500 2746500  2 24 16   4.7  986 320  1.4 8  4.5  84    0   36 317 -341  1
3797500 2746500  2 24 17   4.9  987 297  1.9 8  4.7  86    0   33 318 -340  1
3797500 2746500  2 24 18   4.8  988 275  2.0 8  4.8  87    4   18 318 -337  1
3797500 2746500  2 24 19   4.8  989 251  1.1 8  4.7  86    0    0 319 -333  1
3797500 2746500  2 24 20   4.7  990 239  0.7 8  4.7  87    0    0 320 -331  1
3797500 2746500  2 24 21   4.8  990 271  1.0 8  4.8  89    0    0 320 -332  1
3797500 2746500  2 24 22   4.3  991 293  0.2 7  4.8  89    0    0 313 -332  1
3797500 2746500  2 24 23   4.2  991 229  0.8 7  4.6  88    0    0 305 -331  1
3797500 2746500  2 24 24   3.9  991 221  1.0 7  4.6  89    0    0 303 -330  1
3797500 2746500  2 25  1   3.5  991 209  1.2 5  4.5  90    0    0 290 -328  1
3797500 2746500  2 25  2   3.2  991 188  1.1 6  4.5  91    0    0 283 -327  1
3797500 2746500  2 25  3   3.3  990 170  1.1 8  4.5  92    0    0 297 -327  1
3797500 2746500  2 25  4   3.2  990 121  1.2 7  4.5  92    0    0 301 -324  1
3797500 2746500  2 25  5   3.6  989 140  1.7 8  4.5  91    0    0 301 -321  1
3797500 2746500  2 25  6   3.7  987 149  2.0 8  4.5  89    0    0 307 -319  1
3797500 2746500  2 25  7   3.3  987 148  2.3 8  4.5  89    0    0 306 -317  1
3797500 2746500  2 25  8   2.5  986 109  3.4 8  4.3  89    0    0 305 -316  1
3797500 2746500  2 25  9   2.8  985  70  2.5 8  4.2  88    0   32 305 -317  1
3797500 2746500  2 25 10   2.8  984  89  2.3 7  4.2  89    0   79 302 -322  1
3797500 2746500  2 25 11   4.0  984  65  1.4 8  4.5  90    2  131 305 -330  1
3797500 2746500  2 25 12   5.0  983  22  1.6 6  4.8  89    7  177 304 -335  1
3797500 2746500  2 25 13   5.4  982 357  1.7 6  4.9  86   13  197 294 -340  1
3797500 2746500  2 25 14   5.8  982 357  2.1 6  4.8  83    6  164 295 -346  1
3797500 2746500  2 25 15   5.7  982  18  2.3 7  4.7  80    1   97 300 -349  1
3797500 2746500  2 25 16   5.3  982  17  2.7 8  4.6  80    0   65 308 -349  1
3797500 2746500  2 25 17   5.5  983  10  2.8 6  4.6  79    6   56 302 -346  1
3797500 2746500  2 25 18   5.4  983 348  2.8 7  4.5  78    3   18 297 -341  1
3797500 2746500  2 25 19   5.1  984 352  2.3 8  4.6  80    0    0 303 -336  1
3797500 2746500  2 25 20   4.9  985 337  3.3 8  4.6  83    0    0 304 -332  1
3797500 2746500  2 25 21   4.5  987 327  2.6 8  4.6  85    0    0 300 -330  1
3797500 2746500  2 25 22   4.5  987 309  1.1 7  4.6  85    0    0 293 -329  1
3797500 2746500  2 25 23   4.0  988 284  1.9 7  4.6  86    0    0 288 -327  1
3797500 2746500  2 25 24   3.9  988 255  2.2 6  4.5  88    0    0 282 -325  1
3797500 2746500  2 26  1   3.1  989 264  2.1 6  4.5  89    0    0 274 -324  1
3797500 2746500  2 26  2   2.7  989 281  1.3 7  4.4  91    0    0 277 -322  1
3797500 2746500  2 26  3   3.2  989 222  0.8 7  4.4  92    0    0 281 -321  1
3797500 2746500  2 26  4   2.9  989 271  1.4 6  4.4  91    0    0 277 -319  1
3797500 2746500  2 26  5   2.6  989 266  1.4 7  4.3  92    0    0 276 -317  1
3797500 2746500  2 26  6   2.6  990 256  1.9 7  4.3  91    0    0 279 -316  1
3797500 2746500  2 26  7   2.6  990 243  2.0 8  4.3  91    0    0 282 -316  1
3797500 2746500  2 26  8   2.3  991 254  1.6 7  4.2  91    0    1 278 -316  1
3797500 2746500  2 26  9   2.5  991 264  2.2 8  4.2  91    4   47 276 -316  1
3797500 2746500  2 26 10   3.8  992 299  2.0 5  4.3  88   83  103 270 -319  1
3797500 2746500  2 26 11   4.9  993 290  2.2 3  4.4  83  157  134 254 -327  1
3797500 2746500  2 26 12   5.6  993 299  2.7 5  4.3  76   42  182 256 -336  1
3797500 2746500  2 26 13   6.6  994 280  3.0 5  4.1  68   46  187 261 -343  1
3797500 2746500  2 26 14   6.3  994 297  2.2 4  3.9  64   41  173 261 -347  1
3797500 2746500  2 26 15   5.1  995 252  1.9 5  4.0  69   46  123 261 -349  1
3797500 2746500  2 26 16   5.4  995 192  1.7 5  4.4  78   71  109 266 -348  1
3797500 2746500  2 26 17   4.2  996  47  2.3 5  4.5  82   49   56 264 -344  1
3797500 2746500  2 26 18   4.0  997 350  3.2 7  4.4  86   21   14 266 -338  1
3797500 2746500  2 26 19   3.8  998 348  3.7 7  4.4  86    0    0 267 -330  1
3797500 2746500  2 26 20   4.3  999  20  4.8 6  4.4  85    0    0 264 -324  1
3797500 2746500  2 26 21   3.9 1001 350  3.7 6  4.3  82    0    0 261 -319  1
3797500 2746500  2 26 22   3.4 1002 345  4.0 7  4.2  84    0    0 260 -316  1
3797500 2746500  2 26 23   3.6 1003 325  3.9 7  4.2  84    0    0 262 -316  1
3797500 2746500  2 26 24   2.9 1005 303  4.3 4  4.0  82    0    0 251 -315  1
3797500 2746500  2 27  1   2.6 1006 323  3.6 5  3.8  82    0    0 244 -313  1
3797500 2746500  2 27  2   2.2 1007 319  3.3 5  3.7  82    0    0 249 -311  1
3797500 2746500  2 27  3   1.9 1008 318  2.2 5  3.7  84    0    0 250 -311  1
3797500 2746500  2 27  4   1.4 1009 299  2.2 3  3.6  85    0    0 241 -311  1
3797500 2746500  2 27  5   1.1 1010 280  1.5 3  3.6  86    0    0 235 -311  1
3797500 2746500  2 27  6   0.7 1010 252  1.3 4  3.5  86    0    0 242 -312  1
3797500 2746500  2 27  7   0.5 1011 254  1.3 2  3.4  87    0    0 239 -314  1
3797500 2746500  2 27  8  -0.3 1012 224  1.6 1  3.4  88    0    1 224 -315  1
3797500 2746500  2 27  9   1.0 1013 200  1.6 1  3.4  88   53   56 218 -315  1
3797500 2746500  2 27 10   2.6 1014 213  2.2 3  3.6  84  172   92 228 -315  1
3797500 2746500  2 27 11   4.6 1014 230  2.7 3  3.8  77  273  110 237 -318  1
3797500 2746500  2 27 12   5.8 1015 230  4.7 3  3.8  70  320  128 238 -324  1
3797500 2746500  2 27 13   6.3 1015 236  5.4 4  3.8  66  141  211 244 -334  1
3797500 2746500  2 27 14   6.5 1015 228  5.0 5  3.7  62  112  202 253 -342  1
3797500 2746500  2 27 15   7.1 1014 237  7.1 3  3.5  57  226  136 253 -344  1
3797500 2746500  2 27 16   7.0 1014 237  6.5 4  3.4  55  141  113 254 -344  1
3797500 2746500  2 27 17   6.7 1014 229  5.6 6  3.4  56   58   68 266 -341  1
3797500 2746500  2 27 18   6.6 1014 221  6.2 7  3.4  55   16   17 279 -337  1
3797500 2746500  2 27 19   6.3 1013 221  7.1 8  3.4  57    0    0 289 -333  1
3797500 2746500  2 27 20   6.1 1013 222  7.3 8  3.5  59    0    0 296 -331  1
3797500 2746500  2 27 21   5.2 1013 220  7.6 8  3.8  67    0    0 299 -331  1
3797500 2746500  2 27 22   5.2 1013 210  7.1 7  4.2  76    0    0 302 -330  1
3797500 2746500  2 27 23   4.9 1013 221  8.2 7  4.4  80    0    0 306 -331  1
3797500 2746500  2 27 24   4.7 1013 210  7.6 8  4.6  85    0    0 314 -331  1
3797500 2746500  2 28  1   4.8 1012 209  6.3 8  4.8  90    0    0 321 -332  1
3797500 2746500  2 28  2   5.4 1012 219  6.8 8  5.0  92    0    0 326 -333  1
3797500 2746500  2 28  3   6.1 1012 230  6.9 8  5.2  90    0    0 331 -333  1
3797500 2746500  2 28  4   6.4 1012 229  6.7 8  5.3  89    0    0 334 -334  1
3797500 2746500  2 28  5   6.7 1012 230  7.0 8  5.4  89    0    0 337 -336  1
3797500 2746500  2 28  6   7.1 1012 229  5.8 8  5.6  90    0    0 340 -337  1
3797500 2746500  2 28  7   7.5 1012 220  6.1 8  5.7  89    0    0 342 -339  1
3797500 2746500  2 28  8   7.9 1012 229  6.0 8  5.8  89    0    0 345 -340  1
3797500 2746500  2 28  9   8.2 1012 229  6.3 7  6.0  89    0   35 341 -342  1
3797500 2746500  2 28 10   8.5 1013 228  6.0 8  6.1  89    0   34 341 -343  1
3797500 2746500  2 28 11   9.2 1013 229  5.9 8  6.1  87    0   52 348 -345  1
3797500 2746500  2 28 12   9.9 1013 229  6.8 8  6.2  83    0   54 349 -347  1
3797500 2746500  2 28 13  10.6 1014 238  6.2 7  6.2  80    0   74 345 -349  1
3797500 2746500  2 28 14  10.5 1014 237  6.5 6  6.3  79    0   87 334 -351  1
3797500 2746500  2 28 15  10.2 1013 235  5.2 8  6.4  82    0   68 340 -353  1
3797500 2746500  2 28 16  10.5 1013 232  7.4 8  6.5  82    0   49 353 -354  1
3797500 2746500  2 28 17  10.9 1013 223  7.6 7  6.3  79    0   37 348 -355  1
3797500 2746500  2 28 18  10.1 1012 219  6.2 7  6.3  79   25   23 342 -354  1
3797500 2746500  2 28 19  10.6 1012 221  5.5 8  6.2  79    0    0 347 -352  1
3797500 2746500  2 28 20  10.6 1012 220  5.1 8  6.0  75    0    0 352 -352  1
3797500 2746500  2 28 21  10.2 1012 210  5.0 7  5.9  75    0    0 347 -351  1
3797500 2746500  2 28 22  10.1 1012 221  5.3 7  5.9  76    0    0 340 -351  1
3797500 2746500  2 28 23   9.9 1011 210  6.1 7  5.8  76    0    0 338 -350  1
3797500 2746500  2 28 24  10.1 1011 221  6.7 8  5.8  75    0    0 343 -350  1
3797500 2746500  3  1  1  10.2 1010 221  5.5 8  5.5  71    0    0 348 -349  1
3797500 2746500  3  1  2   9.9 1010 222  5.3 8  5.6  72    0    0 348 -349  1
3797500 2746500  3  1  3   9.9 1009 213  4.8 8  5.6  73    0    0 347 -349  1
3797500 2746500  3  1  4  10.0 1009 212  4.7 8  5.5  72    0    0 347 -349  1
3797500 2746500  3  1  5  10.0 1008 213  5.9 8  5.5  71    0    0 347 -348  1
3797500 2746500  3  1  6  10.0 1007 221  7.1 8  5.4  70    0    0 347 -348  1
3797500 2746500  3  1  7   9.9 1006 223  8.0 8  5.3  69    0    0 346 -347  1
3797500 2746500  3  1  8   9.7 1005 221  6.1 8  5.1  67    0    4 346 -347  1
3797500 2746500  3  1  9   9.8 1005 211  6.0 8  5.0  67    0   45 344 -347  1
3797500 2746500  3  1 10  10.0 1004 212  7.5 7  5.3  70    0   93 341 -347  1
3797500 2746500  3  1 11  10.3 1004 210  8.1 7  5.6  72    0  103 336 -348  1
3797500 2746500  3  1 12  10.4 1003 210  9.3 8  5.5  70    0   61 340 -349  1
3797500 2746500  3  1 13  10.4 1002 220  9.2 7  5.5  70    0   82 339 -351  1
3797500 2746500  3  1 14  10.8 1001 209  9.7 4  5.6  70   67  141 320 -353  1
3797500 2746500  3  1 15  10.6 1000 220  8.6 6  5.6  69   16  133 314 -354  1
3797500 2746500  3  1 16  10.2 1000 220  8.5 7  5.6  70    0   81 327 -354  1
3797500 2746500  3  1 17   9.5 1000 221  8.7 6  5.7  74   13   63 326 -353  1
3797500 2746500  3  1 18   9.0 1000 232  7.5 6  5.7  77   13   19 318 -351  1
3797500 2746500  3  1 19   8.1 1000 220  7.2 3  5.3  75    0    1 300 -349  1
3797500 2746500  3  1 20   7.9 1001 227  5.1 1  4.9  73    0    0 274 -347  1
3797500 2746500  3  1 21   7.6 1001 239  4.5 1  4.8  72    0    0 262 -346  1
3797500 2746500  3  1 22   6.6 1002 238  5.4 1  4.4  70    0    0 256 -345  1
3797500 2746500  3  1 23   5.6 1002 212  3.8 2  4.1  69    0    0 252 -343  1
3797500 2746500  3  1 24   5.3 1002 200  4.1 0  4.1  72    0    0 242 -341  1
3797500 2746500  3  2  1   5.0 1002 189  3.2 3  4.1  74    0    0 242 -339  1
3797500 2746500  3  2  2   5.0 1002 181  3.4 3  4.0  74    0    0 252 -338  1
3797500 2746500  3  2  3   5.7 1001 238  5.4 6  4.1  72    0    0 265 -335  1
3797500 2746500  3  2  4   4.9 1001 239  6.2 8  4.2  75    0    0 292 -331  1
3797500 2746500  3  2  5   3.7 1001 238  3.7 6  4.1  79    0    0 288 -329  1
3797500 2746500  3  2  6   2.9 1000 222  5.1 5  3.9  81    0    0 270 -326  1
3797500 2746500  3  2  7   2.6 1001 229  6.4 5  3.9  82    0    0 264 -323  1
3797500 2746500  3  2  8   2.8 1001 230  6.5 6  3.8  81    0   17 270 -321  1
3797500 2746500  3  2  9   3.3 1001 224  7.0 7  3.7  78   21   64 279 -321  1
3797500 2746500  3  2 10   3.4 1001 225  6.6 7  3.8  77   54  110 281 -325  1
3797500 2746500  3  2 11   4.4 1002 240  7.1 7  3.8  75   51  147 278 -330  1
3797500 2746500  3  2 12   4.9 1001 240  6.5 8  3.8  71    0  122 281 -334  1
3797500 2746500  3  2 13   4.7 1001 268  6.5 8  3.8  70    0   58 286 -338  1
3797500 2746500  3  2 14   2.9 1001 279  3.2 8  4.0  78    0   93 286 -340  1
3797500 2746500  3  2 15   1.0 1001 257  2.3 7  4.0  90    0   96 276 -338  1
3797500 2746500  3  2 16   2.4 1000 213  2.3 7  4.0  93   14  106 269 -335  1
3797500 2746500  3  2 17   2.3 1000 211  3.3 8  4.2  92   14   63 274 -333  1
3797500 2746500  3  2 18   2.4 1000 218  3.8 5  4.1  90   38   28 264 -331  1
3797500 2746500  3  2 19   2.6 1000 210  3.3 5  4.0  87    0    2 251 -327  1
3797500 2746500  3  2 20   2.0 1000 175  3.1 4  4.0  88    0    0 247 -324  1
3797500 2746500  3  2 21   2.5 1000 151  2.7 5  3.9  87    0    0 248 -323  1
3797500 2746500  3  2 22   3.4  999 150  4.3 7  3.9  83    0    0 264 -323  1
3797500 2746500  3  2 23   3.7  997 151  4.2 7  3.9  79    0    0 276 -325  1
3797500 2746500  3  2 24   4.4  995 161  4.9 6  3.9  76    0    0 276 -326  1
3797500 2746500  3  3  1   3.4  994 143  6.8 6  4.1  80    0    0 276 -327  1
3797500 2746500  3  3  2   4.1  990 163  7.7 8  4.3  85    0    0 289 -327  1
3797500 2746500  3  3  3   4.6  989 182  7.7 7  4.4  84    0    0 299 -326  1
3797500 2746500  3  3  4   5.1  988 183  5.7 7  4.5  82    0    0 296 -326  1
3797500 2746500  3  3  5   5.3  987 181  6.4 7  4.4  79    0    0 299 -326  1
3797500 2746500  3  3  6   5.3  987 183  6.4 7  4.4  78    0    0 299 -326  1
3797500 2746500  3  3  7   5.6  987 221  7.9 6  4.3  76    0    0 294 -327  1
3797500 2746500  3  3  8   5.6  988 228  8.2 5  4.1  71    2   19 281 -327  1
3797500 2746500  3  3  9   5.1  988 218  7.0 4  3.7  65   55   73 265 -327  1
3797500 2746500  3  3 10   5.2  989 219  7.9 4  3.5  63  113  125 255 -327  1
3797500 2746500  3  3 11   5.5  990 227  8.2 4  3.6  63  183  156 253 -329  1
3797500 2746500  3  3 12   6.4  990 217  9.3 3  3.4  57  271  161 251 -331  1
3797500 2746500  3  3 13   6.8  991 222  8.5 2  3.1  51  325  152 240 -332  1
3797500 2746500  3  3 14   7.2  991 221  9.9 3  3.0  48  155  210 244 -332  1
3797500 2746500  3  3 15   7.1  992 232  8.3 3  3.1  48  164  174 249 -332  1
3797500 2746500  3  3 16   7.0  992 233  7.9 4  3.0  47  109  135 253 -332  1
3797500 2746500  3  3 17   6.8  992 248  8.0 2  3.0  47   93   78 244 -330  1
3797500 2746500  3  3 18   5.7  992 266  6.0 1  3.0  50   40   31 225 -327  1
3797500 2746500  3  3 19   4.6  993 243  4.7 1  3.1  55    0    4 216 -325  1
3797500 2746500  3  3 20   4.1  994 222  3.8 0  3.1  58    0    0 208 -323  1
3797500 2746500  3  3 21   3.3  995 226  4.2 1  3.0  60    0    0 207 -321  1
3797500 2746500  3  3 22   2.6  996 229  3.7 2  3.1  64    0    0 214 -318  1
3797500 2746500  3  3 23   1.9  997 229  4.1 1  3.1  69    0    0 210 -316  1
3797500 2746500  3  3 24   1.7  997 238  3.9 1  3.2  72    0    0 202 -316  1
3797500 2746500  3  4  1   1.3  997 214  2.5 3  3.2  74    0    0 209 -316  1
3797500 2746500  3  4  2   1.4  998 217  2.6 4  3.2  76    0    0 223 -316  1
3797500 2746500  3  4  3   1.7  998 263  2.7 4  3.3  78    0    0 227 -316  1
3797500 2746500  3  4  4   1.7  999 257  3.3 5  3.4  78    0    0 233 -316  1
3797500 2746500  3  4  5   1.4  999 290  2.7 6  3.5  82    0    0 242 -316  1
3797500 2746500  3  4  6   1.6  999 294  2.8 7  3.7  86    0    0 249 -316  1
3797500 2746500  3  4  7   1.3 1000 279  1.9 7  3.7  86    0    0 252 -316  1
3797500 2746500  3  4  8   1.4 1001 267  1.6 7  3.6  86    0    6 250 -316  1
3797500 2746500  3  4  9   1.5 1001 219  2.4 8  3.6  85    0   57 250 -316  1
3797500 2746500  3  4 10   1.6 1002 239  3.5 7  3.6  85   25  139 247 -316  1
3797500 2746500  3  4 11   1.8 1003 231  3.2 7  3.7  85   10  161 244 -319  1
3797500 2746500  3  4 12   2.7 1003 242  2.6 6  3.8  84   43  205 243 -328  1
3797500 2746500  3  4 13   3.1 1003 302  2.0 6  3.9  82    6  169 244 -336  1
3797500 2746500  3  4 14   4.0 1003 290  2.2 5  3.8  78    8  161 247 -337  1
3797500 2746500  3  4 15   5.1 1003 270  2.4 5  3.8  72   95  190 248 -336  1
3797500 2746500  3  4 16   5.1 1003 259  3.2 6  3.7  68   58  142 256 -334  1
3797500 2746500  3  4 17   5.6 1003 259  2.5 2  3.5  63  103   83 248 -331  1
3797500 2746500  3  4 18   5.2 1003 287  1.7 3  3.3  59   47   35 239 -328  1
3797500 2746500  3  4 19   4.0 1004 234  0.4 2  3.3  62    0    4 236 -325  1
3797500 2746500  3  4 20   3.5 1004 247  0.1 1  3.3  66    0    0 226 -324  1
3797500 2746500  3  4 21   2.1 1004 131  0.7 0  3.2  68    0    0 216 -322  1
3797500 2746500  3  4 22   1.6 1004 130  1.6 2  3.1  72    0    0 213 -320  1
3797500 2746500  3  4 23   1.3 1003 139  1.3 2  3.2  74    0    0 216 -320  1
3797500 2746500  3  4 24   1.5 1003 150  2.1 0  3.1  74    0    0 209 -318  1
3797500 2746500  3  5  1   1.6 1002 150  3.5 1  3.1  73    0    0 205 -316  1
3797500 2746500  3  5  2   1.9 1001 161  3.8 3  3.2  73    0    0 215 -315  1
3797500 2746500  3  5  3   2.3 1000 163  3.4 4  3.2  72    0    0 227 -313  1
3797500 2746500  3  5  4   2.4  999 173  3.0 4  3.2  71    0    0 234 -312  1
3797500 2746500  3  5  5   2.5  998 173  4.3 7  3.3  72    0    0 248 -311  1
3797500 2746500  3  5  6   2.6  997 172  4.4 7  3.3  72    0    0 263 -312  1
3797500 2746500  3  5  7   3.0  996 172  4.8 7  3.3  71    0    0 266 -313  1
3797500 2746500  3  5  8   3.2  995 181  5.0 8  3.3  69    0    8 273 -314  1
3797500 2746500  3  5  9   3.1  994 181  5.2 7  3.3  68    0   38 277 -315  1
3797500 2746500  3  5 10   2.9  993 182  5.8 7  3.3  69    0   61 277 -316  1
3797500 2746500  3  5 11   2.4  992 181  7.1 8  3.4  73    0   93 284 -316  1
3797500 2746500  3  5 12   1.2  991 182  6.6 7  3.6  82    0  129 287 -316  1
3797500 2746500  3  5 13   1.0  990 172  6.5 7  3.8  90    0  126 284 -317  1
3797500 2746500  3  5 14   0.9  989 179  4.3 7  3.8  91    0   98 287 -318  1
3797500 2746500  3  5 15   1.0  988 178  3.5 8  3.8  92    0   79 294 -320  1
3797500 2746500  3  5 16   1.0  987 169  3.7 8  3.8  92    0   51 301 -323  1
3797500 2746500  3  5 17   1.3  987 169  3.9 8  3.9  91    0   40 304 -325  1
3797500 2746500  3  5 18   1.4  986 169  4.2 8  3.9  90    0   17 306 -325  1
3797500 2746500  3  5 19   1.4  985 168  3.9 7  3.9  90    0    4 305 -324  1
3797500 2746500  3  5 20   1.4  985 171  3.7 8  3.9  90    0    0 306 -324  1
3797500 2746500  3  5 21   1.5  984 175  3.6 8  3.9  90    0    0 310 -324  1
3797500 2746500  3  5 22   1.9  984 182  3.5 8  4.0  90    0    0 311 -325  1
3797500 2746500  3  5 23   2.4  983 193  3.4 8  4.1  90    0    0 311 -325  1
3797500 2746500  3  5 24   3.1  983 206  3.4 8  4.3  90    0    0 311 -325  1
3797500 2746500  3  6  1   3.7  988 218  3.3 8  4.5  90    0    0 286 -323  1
3797500 2746500  3  6  2   4.2  988 226  3.4 8  4.7  90    0    0 297 -321  1
3797500 2746500  3  6  3   4.4  988 231  3.6 8  4.8  90    0    0 300 -319  1
3797500 2746500  3  6  4   4.5  988 231  4.1 8  4.8  90    0    0 301 -317  1
3797500 2746500  3  6  5   4.3  988 231  4.0 8  4.7  89    0    0 301 -317  1
3797500 2746500  3  6  6   4.3  988 226  5.5 8  4.7  88    0    0 300 -318  1
3797500 2746500  3  6  7   3.8  989 231  4.0 8  4.6  88    0    0 298 -318  1
3797500 2746500  3  6  8   3.9  989 231  4.1 8  4.6  89    0   13 299 -319  1
3797500 2746500  3  6  9   4.2  990 232  3.7 7  4.6  89    3   72 293 -322  1
3797500 2746500  3  6 10   4.3  990 232  3.8 8  4.6  87    1  105 294 -327  1
3797500 2746500  3  6 11   4.8  990 223  4.6 8  4.5  84    0  102 299 -333  1
3797500 2746500  3  6 12   5.0  991 233  5.0 8  4.4  80    0   91 300 -337  1
3797500 2746500  3  6 13   5.0  991 239  6.4 8  4.3  78    0   96 298 -340  1
3797500 2746500  3  6 14   5.5  991 223  6.7 6  4.3  76    0  132 290 -345  1
3797500 2746500  3  6 15   5.5  991 231  4.8 7  4.3  75    4  153 286 -348  1
3797500 2746500  3  6 16   5.9  992 235  5.3 6  4.3  74    7  125 285 -347  1
3797500 2746500  3  6 17   5.5  992 230  4.4 6  4.3  74   37   89 279 -345  1
3797500 2746500  3  6 18   5.2  992 284  2.2 6  4.3  76   29   33 277 -342  1
3797500 2746500  3  6 19   4.6  992 189  3.0 6  4.3  78    0    4 275 -337  1
3797500 2746500  3  6 20   4.2  993 228  4.3 5  4.2  79    0    0 269 -334  1
3797500 2746500  3  6 21   4.4  993 224  4.9 6  4.1  79    0    0 269 -330  1
3797500 2746500  3  6 22   3.9  993 221  3.9 8  4.2  80    0    0 283 -325  1
3797500 2746500  3  6 23   4.0  994 225  3.9 8  4.3  83    0    0 293 -322  1
3797500 2746500  3  6 24   4.0  994 212  4.4 8  4.3  83    0    0 294 -321  1
3797500 2746500  3  7  1   3.7  994 229  5.1 7  4.2  82    0    0 290 -323  1
3797500 2746500  3  7  2   3.3  994 209  5.0 5  4.1  82    0    0 277 -324  1
3797500 2746500  3  7  3   2.8  994 215  4.7 3  4.0  83    0    0 261 -324  1
3797500 2746500  3  7  4   2.5  994 200  4.8 4  3.9  82    0    0 258 -325  1
3797500 2746500  3  7  5   2.7  994 210  5.5 5  3.8  81    0    0 267 -324  1
3797500 2746500  3  7  6   2.4  994 208  5.2 4  3.7  79    0    0 267 -321  1
3797500 2746500  3  7  7   2.3  994 199  4.5 2  3.6  79    0    0 254 -319  1
3797500 2746500  3  7  8   2.0  994 192  3.6 2  3.5  78    3   25 247 -320  1
3797500 2746500  3  7  9   3.0  995 191  4.9 1  3.5  76  104   73 245 -322  1
3797500 2746500  3  7 10   4.6  995 176  6.0 2  3.6  72  254   82 249 -324  1
3797500 2746500  3  7 11   5.3  995 199  6.5 4  3.7  68  130  182 264 -328  1
3797500 2746500  3  7 12   5.2  995 197  6.7 5  3.7  66   38  215 277 -335  1
3797500 2746500  3  7 13   6.0  996 185  6.8 6  3.7  64   21  208 287 -342  1
3797500 2746500  3  7 14   5.6  996 192  5.5 8  3.7  63    0   74 299 -345  1
3797500 2746500  3  7 15   5.6  996 195  6.6 8  3.7  64    0  105 305 -346  1
3797500 2746500  3  7 16   5.3  996 198  7.5 7  3.8  66   64  148 299 -347  1
3797500 2746500  3  7 17   4.8  996 195  6.1 7  3.8  69   49   92 291 -346  1
3797500 2746500  3  7 18   4.0  997 189  4.7 8  4.0  75    1   27 290 -343  1
3797500 2746500  3  7 19   3.4  997 185  5.4 7  4.0  80    0    1 286 -338  1
3797500 2746500  3  7 20   3.0  997 170  5.4 8  4.0  83    0    0 283 -334  1
3797500 2746500  3  7 21   2.6  997 158  6.1 8  4.1  86    0    0 288 -331  1
3797500 2746500  3  7 22   2.7  997 160  5.9 8  4.1  88    0    0 287 -329  1
3797500 2746500  3  7 23   2.4  998 163  5.6 8  4.1  88    0    0 285 -329  1
3797500 2746500  3  7 24   2.5  998 171  5.1 8  4.1  90    0    0 284 -330  1
3797500 2746500  3  8  1   2.4  998 170  5.4 8  4.2  91    0    0 283 -330  1
3797500 2746500  3  8  2   3.0  998 160  5.5 8  4.2  91    0    0 283 -330  1
3797500 2746500  3  8  3   3.0  998 173  4.9 8  4.3  90    0    0 283 -327  1
3797500 2746500  3  8  4   2.8  998 172  5.4 7  4.2  90    0    0 279 -324  1
3797500 2746500  3  8  5   3.1  998 183  4.5 7  4.2  88    0    0 275 -323  1
3797500 2746500  3  8  6   2.8  998 194  4.9 8  4.2  89    0    0 282 -322  1
3797500 2746500  3  8  7   2.7  998 207  4.7 8  4.3  92    0    0 286 -320  1
3797500 2746500  3  8  8   2.7  998 183  3.2 8  4.3  92    0   14 287 -320  1
3797500 2746500  3  8  9   2.6  999 197  3.6 7  4.4  93    0   59 284 -322  1
3797500 2746500  3  8 10   2.1  999 184  4.3 8  4.2  93    0   72 284 -328  1
3797500 2746500  3  8 11   2.7  999 180  4.2 8  4.2  92    0   79 291 -335  1
3797500 2746500  3  8 12   3.4 1000 168  5.1 8  4.4  92    0  157 296 -341  1
3797500 2746500  3  8 13   5.3 1000 175  4.4 6  4.8  91   14  236 301 -344  1
3797500 2746500  3  8 14   6.6  999 186  5.1 6  4.7  80    3  176 305 -344  1
3797500 2746500  3  8 15   7.0  999 179  3.1 7  4.3  70    0  141 312 -340  1
3797500 2746500  3  8 16   8.0  998 144  4.0 7  4.3  66   20  173 318 -337  1
3797500 2746500  3  8 17   8.4  997 134  3.3 6  4.4  64   20  119 318 -335  1
3797500 2746500  3  8 18   7.4  997 142  3.1 7  4.3  63    9   49 317 -335  1
3797500 2746500  3  8 19   7.0  996 122  3.6 8  4.1  65    0    0 321 -335  1
3797500 2746500  3  8 20   5.3  996 157  4.8 8  4.2  70    0    0 323 -335  1
3797500 2746500  3  8 21   4.6  996 131  3.4 8  4.4  80    0    0 321 -336  1
3797500 2746500  3  8 22   4.5  996 130  4.5 8  4.4  83    0    0 320 -337  1
3797500 2746500  3  8 23   4.6  995 139  4.0 8  4.3  81    0    0 321 -337  1
3797500 2746500  3  8 24   4.5  995 140  4.6 8  4.3  81    0    0 320 -335  1
3797500 2746500  3  9  1   3.9  994 140  3.4 8  4.3  82    0    0 319 -333  1
3797500 2746500  3  9  2   3.7  994 130  3.2 8  4.2  84    0    0 318 -331  1
3797500 2746500  3  9  3   3.7  993 140  3.9 8  4.3  85    0    0 319 -330  1
3797500 2746500  3  9  4   3.4  993 122  3.3 8  4.3  87    0    0 318 -330  1
3797500 2746500  3  9  5   3.6  993 149  3.3 8  4.5  90    0    0 319 -329  1
3797500 2746500  3  9  6   4.1  992 140  3.9 8  4.6  91    0    0 320 -329  1
3797500 2746500  3  9  7   4.7  992 159  4.0 8  4.7  88    0    0 322 -328  1
3797500 2746500  3  9  8   4.7  992 141  3.5 8  4.8  88    0   10 322 -329  1
3797500 2746500  3  9  9   4.9  993 159  4.1 7  4.9  90    0   52 316 -329  1
3797500 2746500  3  9 10   5.4  993 169  3.1 8  5.0  90    0   72 316 -330  1
3797500 2746500  3  9 11   5.6  994 189  3.3 8  5.1  90    0   69 324 -332  1
3797500 2746500  3  9 12   5.6  994 219  5.0 8  5.2  90    0   71 323 -336  1
3797500 2746500  3  9 13   5.1  995 215  4.7 8  5.1  90    0   75 321 -340  1
3797500 2746500  3  9 14   5.4  996 220  4.7 7  5.0  89    0   74 313 -344  1
3797500 2746500  3  9 15   5.4  997 231  4.8 7  4.9  87    0   72 305 -348  1
3797500 2746500  3  9 16   5.4  997 229  5.1 8  4.8  85    0   38 309 -350  1
3797500 2746500  3  9 17   5.6  998 230  4.4 8  4.8  84    0   40 314 -349  1
3797500 2746500  3  9 18   5.6  998 230  3.9 8  4.8  83    0   30 311 -346  1
3797500 2746500  3  9 19   5.6  999 229  4.3 8  4.7  82    0    4 310 -340  1
3797500 2746500  3  9 20   5.4 1000 217  3.3 8  4.7  82    0    0 309 -335  1
3797500 2746500  3  9 21   5.4 1000 218  3.2 8  4.7  82    0    0 308 -332  1
3797500 2746500  3  9 22   5.4 1001 220  3.4 8  4.6  82    0    0 308 -330  1
3797500 2746500  3  9 23   4.9 1001 226  3.4 7  4.6  82    0    0 302 -329  1
3797500 2746500  3  9 24   4.2 1002 229  2.5 3  4.5  84    0    0 267 -328  1
3797500 2746500  3 10  1   3.8 1002 227  2.4 3  4.4  86    0    0 242 -326  1
3797500 2746500  3 10  2   3.4 1003 213  2.4 4  4.3  87    0    0 248 -324  1
3797500 2746500  3 10  3   3.2 1003 206  2.1 5  4.3  89    0    0 261 -323  1
3797500 2746500  3 10  4   3.1 1003 219  1.4 7  4.3  90    0    0 279 -322  1
3797500 2746500  3 10  5   2.7 1003 213  1.4 8  4.3  90    0    0 299 -321  1
3797500 2746500  3 10  6   2.6 1004 233  1.4 7  4.3  92    0    0 297 -320  1
3797500 2746500  3 10  7   2.7 1004 201  1.5 6  4.3  93    0    0 280 -320  1
3797500 2746500  3 10  8   2.6 1004 185  1.6 7  4.2  92    1   27 278 -320  1
3797500 2746500  3 10  9   3.3 1004 170  1.6 5  4.3  91   38  106 271 -325  1
3797500 2746500  3 10 10   4.1 1004 165  1.7 5  4.5  91   40  166 257 -334  1
3797500 2746500  3 10 11   4.9 1004 202  2.0 7  4.6  87    0  122 276 -344  1
3797500 2746500  3 10 12   5.7 1004 240  1.8 7  4.6  82    3  183 295 -350  1
3797500 2746500  3 10 13   6.5 1004 262  2.5 6  4.5  77   10  206 293 -352  1
3797500 2746500  3 10 14   6.5 1004 321  2.1 8  4.5  73    0   91 303 -353  1
3797500 2746500  3 10 15   6.3 1004 275  2.2 8  4.4  72    0   72 318 -353  1
3797500 2746500  3 10 16   5.9 1004 245  3.2 6  4.5  76    2  122 305 -353  1
3797500 2746500  3 10 17   6.8 1004 255  3.4 4  4.5  75   77  111 275 -351  1
3797500 2746500  3 10 18   6.1 1005 250  3.5 5  4.3  71   30   47 265 -349  1
3797500 2746500  3 10 19   5.3 1005 295  2.1 5  4.2  74    1    8 273 -346  1
3797500 2746500  3 10 20   4.6 1006 295  2.8 6  4.3  79    0    0 283 -344  1
3797500 2746500  3 10 21   4.2 1007 271  1.9 8  4.3  82    0    0 304 -342  1
3797500 2746500  3 10 22   4.3 1007 331  2.6 8  4.3  83    0    0 318 -342  1
3797500 2746500  3 10 23   4.1 1008 332  2.7 8  4.2  81    0    0 317 -341  1
3797500 2746500  3 10 24   3.5 1009  38  1.4 6  4.1  81    0    0 300 -341  1
3797500 2746500  3 11  1   2.5 1009 337  1.6 5  3.9  82    0    0 276 -341  1
3797500 2746500  3 11  2   1.6 1010 359  1.0 6  3.7  84    0    0 272 -340  1
3797500 2746500  3 11  3   1.3 1011 238  0.7 4  3.6  85    0    0 262 -340  1
3797500 2746500  3 11  4   0.7 1011 151  0.7 3  3.5  85    0    0 238 -341  1
3797500 2746500  3 11  5   0.3 1011 117  0.7 1  3.4  86    0    0 216 -341  1
3797500 2746500  3 11  6  -0.1 1011  57  0.6 3  3.4  88    0    0 213 -342  1
3797500 2746500  3 11  7   0.1 1012  79  0.4 3  3.4  89    0    0 227 -343  1
3797500 2746500  3 11  8   0.2 1012  81  1.4 4  3.4  89    1   27 236 -346  1
3797500 2746500  3 11  9   1.7 1013 110  1.8 3  3.6  89   71   97 241 -350  1
3797500 2746500  3 11 10   4.0 1013  91  2.9 1  4.0  85  196  125 228 -357  1
3797500 2746500  3 11 11   5.0 1013 102  4.0 3  3.8  72  223  183 233 -365  1
3797500 2746500  3 11 12   6.5 1013 112  3.6 2  3.6  62  270  206 243 -375  1
3797500 2746500  3 11 13   7.1 1013 100  3.7 1  3.5  58  404  154 233 -383  1
3797500 2746500  3 11 14   8.4 1012 100  3.7 1  3.6  54  399  142 229 -389  1
3797500 2746500  3 11 15   9.3 1011 139  2.9 2  3.7  52  359  123 241 -392  1
3797500 2746500  3 11 16  10.0 1011 101  3.1 2  3.8  51  233  125 253 -392  1
3797500 2746500  3 11 17   9.9 1010  93  3.0 3  3.7  48  115   98 263 -389  1
3797500 2746500  3 11 18  10.1 1010  82  3.6 1  3.6  47   36   44 260 -384  1
3797500 2746500  3 11 19   8.3 1010  62  3.4 2  3.7  52    1    7 252 -379  1
3797500 2746500  3 11 20   7.4 1010  83  3.2 2  3.9  58    0    0 257 -375  1
3797500 2746500  3 11 21   7.3 1010 102  3.2 1  3.8  59    0    0 249 -372  1
3797500 2746500  3 11 22   6.6 1010 112  3.5 1  3.6  58    0    0 239 -371  1
3797500 2746500  3 11 23   6.1 1010 103  3.0 1  3.6  60    0    0 233 -371  1
3797500 2746500  3 11 24   5.7 1010  93  2.8 0  3.5  61    0    0 221 -371  1
3797500 2746500  3 12  1   5.5 1009 103  3.1 2  3.5  61    0    0 223 -370  1
3797500 2746500  3 12  2   5.5 1009 123  2.1 2  3.4  61    0    0 236 -369  1
3797500 2746500  3 12  3   5.3 1009 123  1.9 3  3.4  61    0    0 241 -369  1
3797500 2746500  3 12  4   5.7 1008 143  3.1 2  3.5  63    0    0 243 -368  1
3797500 2746500  3 12  5   5.5 1008 146  3.6 2  3.7  64    0    0 240 -366  1
3797500 2746500  3 12  6   5.2 1008 132  3.2 2  3.6  65    0    0 242 -364  1
3797500 2746500  3 12  7   5.4 1008 136  2.8 4  3.7  66    0    0 258 -361  1
3797500 2746500  3 12  8   5.8 1007 144  4.5 4  3.8  67   10   38 273 -361  1
3797500 2746500  3 12  9   7.0 1007 145  3.8 2  4.0  66   93   95 266 -363  1
3797500 2746500  3 12 10   8.7 1007 136  4.3 3  4.2  63  198  130 267 -368  1
3797500 2746500  3 12 11  10.0 1007 154  4.9 3  4.5  61  299  153 278 -378  1
3797500 2746500  3 12 12  12.6 1007 145  3.9 3  4.9  58  369  160 285 -387  1
3797500 2746500  3 12 13  14.6 1007 132  3.1 3  5.2  53  399  161 294 -392  1
3797500 2746500  3 12 14  16.1 1006 122  3.7 3  5.4  50  394  150 301 -394  1
3797500 2746500  3 12 15  16.7 1005 158  3.5 2  5.5  47  354  131 299 -394  1
3797500 2746500  3 12 16  16.5 1005 160  3.5 2  5.7  48  262  115 294 -394  1
3797500 2746500  3 12 17  16.2 1005 163  3.7 4  5.8  50  140   92 302 -392  1
3797500 2746500  3 12 18  15.0 1005 151  4.0 4  5.8  52   47   47 310 -388  1
3797500 2746500  3 12 19  13.3 1005 111  4.2 5  5.7  56    3    8 312 -383  1
3797500 2746500  3 12 20  13.5 1005 147  4.7 5  5.6  58    0    0 315 -379  1
3797500 2746500  3 12 21  12.7 1006 158  4.3 5  5.5  58    0    0 314 -375  1
3797500 2746500  3 12 22  12.2 1006 146  4.1 2  5.4  60    0    0 298 -371  1
3797500 2746500  3 12 23  12.0 1006 141  4.4 2  5.4  61    0    0 282 -369  1
3797500 2746500  3 12 24  11.9 1006 148  4.7 0  5.4  62    0    0 270 -366  1
3797500 2746500  3 13  1  11.6 1006 160  5.0 1  5.4  63    0    0 262 -364  1
3797500 2746500  3 13  2  10.8 1006 159  4.6 1  5.4  65    0    0 262 -361  1
3797500 2746500  3 13  3  10.5 1006 156  3.1 0  5.4  67    0    0 254 -359  1
3797500 2746500  3 13  4  10.3 1006 157  3.1 3  5.4  68    0    0 260 -357  1
3797500 2746500  3 13  5  10.1 1006 156  1.8 2  5.4  69    0    0 268 -356  1
3797500 2746500  3 13  6   9.9 1006 143  3.4 1  5.4  70    0    0 253 -354  1
3797500 2746500  3 13  7  10.0 1006 145  2.6 4  5.4  70    0    0 263 -352  1
3797500 2746500  3 13  8   9.7 1007 158  2.3 3  5.3  70    9   42 272 -350  1
3797500 2746500  3 13  9  11.6 1007 161  3.7 2  5.4  67   58  117 259 -352  1
3797500 2746500  3 13 10  12.6 1008 178  2.3 5  5.5  62  111  165 276 -360  1
3797500 2746500  3 13 11  14.0 1008 192  3.1 6  5.7  60   83  236 307 -368  1
3797500 2746500  3 13 12  14.2 1008 213  3.6 7  5.8  58   52  265 324 -375  1
3797500 2746500  3 13 13  14.9 1009 205  2.7 7  5.9  57  117  291 334 -378  1
3797500 2746500  3 13 14  16.7 1009 168  2.4 6  6.1  55  175  277 334 -375  1
3797500 2746500  3 13 15  16.8 1008 211  2.8 5  6.3  53   98  248 326 -371  1
3797500 2746500  3 13 16  16.6 1009 219  2.7 6  6.5  55   36  182 327 -372  1
3797500 2746500  3 13 17  16.2 1009 181  1.6 8  6.7  58    7  100 342 -373  1
3797500 2746500  3 13 18  15.5 1009 187  1.4 7  6.8  60   13   50 346 -371  1
3797500 2746500  3 13 19  15.1 1009 213  1.4 7  6.7  62    0    4 338 -367  1
3797500 2746500  3 13 20  13.6 1010 187  3.0 7  6.7  65    0    0 334 -364  1
3797500 2746500  3 13 21  12.4 1011 149  1.6 7  6.8  72    0    0 328 -364  1
3797500 2746500  3 13 22  12.4 1011 226  1.7 7  6.8  76    0    0 326 -363  1
3797500 2746500  3 13 23  12.4 1011 312  0.6 7  6.6  74    0    0 327 -363  1
3797500 2746500  3 13 24  11.1 1012 320  1.6 7  6.5  75    0    0 326 -362  1
3797500 2746500  3 14  1  10.0 1013 332  1.0 6  6.3  80    0    0 315 -358  1
3797500 2746500  3 14  2   8.9 1013 327  1.5 6  6.1  83    0    0 302 -354  1
3797500 2746500  3 14  3   9.1 1014 316  0.9 6  6.0  84    0    0 300 -351  1
3797500 2746500  3 14  4   8.8 1014  42  0.8 5  6.0  84    0    0 292 -349  1
3797500 2746500  3 14  5   7.8 1014 265  0.6 6  5.9  87    0    0 290 -347  1
3797500 2746500  3 14  6   7.9 1014 253  0.8 7  5.9  90    0    0 303 -344  1
3797500 2746500  3 14  7   7.6 1014 246  0.8 6  5.8  89    0    0 305 -341  1
3797500 2746500  3 14  8   7.7 1015 261  1.4 6  5.7  88    0    8 299 -339  1
3797500 2746500  3 14  9   8.1 1015 261  1.6 8  5.8  87    0   26 316 -340  1
3797500 2746500  3 14 10   8.4 1016 327  1.8 6  5.9  87    1  134 318 -346  1
3797500 2746500  3 14 11   9.2 1017 310  1.9 7  5.7  82    5  188 313 -354  1
3797500 2746500  3 14 12   9.0 1017 319  1.9 8  5.4  76    1  186 326 -360  1
3797500 2746500  3 14 13   8.9 1017 329  2.0 8  5.3  75    1  188 332 -363  1
3797500 2746500  3 14 14   9.9 1018 338  1.8 5  5.3  72   82  319 313 -365  1
3797500 2746500  3 14 15  11.4 1018 329  1.1 3  5.3  66  210  267 284 -367  1
3797500 2746500  3 14 16  11.8 1018 261  2.2 4  5.0  59   86  226 279 -367  1
3797500 2746500  3 14 17  12.7 1018 339  1.8 4  4.7  54   65  146 285 -363  1
3797500 2746500  3 14 18  12.1 1018 348  2.0 5  4.5  51   27   63 288 -357  1
3797500 2746500  3 14 19  10.5 1018  21  1.3 7  4.3  52    0    9 299 -351  1
3797500 2746500  3 14 20   9.8 1019  15  1.2 7  4.3  56    0    0 305 -346  1
3797500 2746500  3 14 21   9.6 1019  28  0.7 6  4.7  62    0    0 298 -344  1
3797500 2746500  3 14 22   9.5 1020 323  0.7 5  4.7  64    0    0 286 -343  1
3797500 2746500  3 14 23   8.4 1020 332  1.4 5  4.6  66    0    0 278 -342  1
3797500 2746500  3 14 24   7.6 1021 351  0.8 5  4.9  74    0    0 278 -341  1
3797500 2746500  3 15  1   6.9 1021  21  0.1 5  4.9  79    0    0 278 -341  1
3797500 2746500  3 15  2   6.1 1021  21  0.2 4  4.9  82    0    0 270 -342  1
3797500 2746500  3 15  3   5.8 1022 343  0.4 3  4.7  82    0    0 253 -342  1
3797500 2746500  3 15  4   5.4 1022   1  0.0 3  4.7  83    0    0 245 -342  1
3797500 2746500  3 15  5   6.1 1022   2  0.3 4  4.8  84    0    0 254 -342  1
3797500 2746500  3 15  6   6.2 1022  12  0.7 6  4.9  84    0    0 277 -341  1
3797500 2746500  3 15  7   6.0 1022  28  1.0 7  4.9  84    0    0 297 -339  1
3797500 2746500  3 15  8   6.3 1022  10  1.0 8  4.9  84    1   33 310 -337  1
3797500 2746500  3 15  9   6.6 1023  38  0.8 6  5.0  85   24  115 305 -337  1
3797500 2746500  3 15 10   7.8 1023  52  0.9 5  5.1  82  103  163 292 -337  1
3797500 2746500  3 15 11   8.8 1023  61  1.9 5  5.1  75  160  208 292 -339  1
3797500 2746500  3 15 12  10.2 1023  30  2.2 6  4.7  65  164  254 301 -343  1
3797500 2746500  3 15 13  11.0 1023   9  2.6 6  4.4  56  248  237 309 -348  1
3797500 2746500  3 15 14  11.8 1023  16  2.0 6  4.3  52  251  226 312 -353  1
3797500 2746500  3 15 15  11.8 1023   1  2.5 6  4.2  49  121  231 313 -354  1
3797500 2746500  3 15 16  11.8 1023   3  2.8 6  4.2  49   74  185 313 -353  1
3797500 2746500  3 15 17  11.2 1022  15  3.1 7  4.4  52   44  121 321 -351  1
3797500 2746500  3 15 18  10.5 1022  23  3.0 5  4.4  54   73   46 316 -349  1
3797500 2746500  3 15 19   9.8 1022  38  2.9 5  4.3  56    5    9 307 -347  1
3797500 2746500  3 15 20   8.6 1023  27  3.2 3  4.3  60    0    0 296 -346  1
3797500 2746500  3 15 21   8.4 1023  34  3.1 2  4.2  62    0    0 280 -346  1
3797500 2746500  3 15 22   7.1 1023  47  2.4 0  4.2  65    0    0 263 -346  1
3797500 2746500  3 15 23   6.9 1023  55  1.6 0  4.2  68    0    0 250 -346  1
3797500 2746500  3 15 24   6.0 1023  78  2.9 1  4.2  71    0    0 252 -346  1
3797500 2746500  3 16  1   5.8 1024  77  2.6 2  4.2  74    0    0 259 -346  1
3797500 2746500  3 16  2   3.9 1024  33  1.7 2  4.1  77    0    0 260 -346  1
3797500 2746500  3 16  3   3.3 1024  57  2.2 2  4.0  82    0    0 255 -346  1
3797500 2746500  3 16  4   3.0 1024  67  2.6 3  3.9  83    0    0 258 -346  1
3797500 2746500  3 16  5   3.0 1024  41  2.5 4  3.9  83    0    0 269 -344  1
3797500 2746500  3 16  6   2.4 1024  62  1.7 4  3.8  84    0    0 274 -342  1
3797500 2746500  3 16  7   2.2 1024  91  2.1 2  3.7  84    0    0 258 -341  1
3797500 2746500  3 16  8   1.7 1024  80  2.9 3  3.6  83   13   48 248 -340  1
3797500 2746500  3 16  9   3.5 1024  67  4.2 2  3.8  84  103  102 249 -339  1
3797500 2746500  3 16 10   5.8 1024  57  4.9 2  4.0  77  238  123 246 -343  1
3797500 2746500  3 16 11   7.2 1025  68  4.6 2  3.9  66  339  141 250 -350  1
3797500 2746500  3 16 12   8.2 1025  47  4.6 3  3.8  60  417  148 264 -357  1
3797500 2746500  3 16 13   9.2 1025  56  2.7 3  3.8  55  448  149 275 -362  1
3797500 2746500  3 16 14  10.3 1024  59  3.9 4  3.7  50  426  148 282 -364  1
3797500 2746500  3 16 15  10.6 1024  59  4.3 2  3.7  48  385  131 278 -365  1
3797500 2746500  3 16 16  10.8 1023  50  4.3 2  3.7  47  299  110 267 -365  1
3797500 2746500  3 16 17  10.2 1023  69  4.1 4  3.6  47  164   91 277 -361  1
3797500 2746500  3 16 18   9.8 1023  48  4.0 7  3.6  48   40   49 304 -355  1
3797500 2746500  3 16 19   9.2 1023  51  4.3 8  3.7  51    0    7 324 -350  1
3797500 2746500  3 16 20   8.4 1023  53  2.9 8  3.8  55    0    0 326 -345  1
3797500 2746500  3 16 21   8.0 1023  56  5.4 7  3.9  58    0    0 318 -343  1
3797500 2746500  3 16 22   7.2 1024  58  4.4 7  3.9  60    0    0 309 -338  1
3797500 2746500  3 16 23   6.7 1024  66  3.0 7  3.9  63    0    0 305 -332  1
3797500 2746500  3 16 24   6.2 1024  67  2.3 7  3.8  64    0    0 303 -327  1
3797500 2746500  3 17  1   6.1 1024 122  1.6 8  3.8  66    0    0 305 -324  1
3797500 2746500  3 17  2   5.7 1024 185  2.6 8  3.9  68    0    0 307 -321  1
3797500 2746500  3 17  3   5.2 1024 163  2.2 8  3.8  69    0    0 304 -319  1
3797500 2746500  3 17  4   5.1 1024 145  3.6 8  3.8  69    0    0 301 -317  1
3797500 2746500  3 17  5   5.2 1024 138  2.3 8  3.7  68    0    0 299 -316  1
3797500 2746500  3 17  6   5.0 1024 139  2.0 8  3.6  67    0    0 296 -316  1
3797500 2746500  3 17  7   4.6 1024 147  2.0 8  3.6  69    0    0 295 -316  1
3797500 2746500  3 17  8   4.7 1024 150  3.4 8  3.8  72    0   25 296 -316  1
3797500 2746500  3 17  9   5.2 1024 156  3.6 7  3.7  70    3   99 294 -316  1
3797500 2746500  3 17 10   6.2 1024 174  3.6 7  3.6  65   31  192 292 -323  1
3797500 2746500  3 17 11   7.1 1024 175  2.9 6  3.6  60  192  214 291 -336  1
3797500 2746500  3 17 12   8.6 1024 159  1.9 4  3.7  56  313  238 280 -346  1
3797500 2746500  3 17 13   9.9 1024 140  1.9 4  3.8  52  340  243 276 -354  1
3797500 2746500  3 17 14  10.5 1023 191  1.7 4  3.6  48  269  257 280 -358  1
3797500 2746500  3 17 15  11.7 1023 196  1.1 3  3.6  44  277  213 278 -362  1
3797500 2746500  3 17 16  12.2 1022 319  1.0 3  3.5  41  226  172 275 -364  1
3797500 2746500  3 17 17  12.6 1022 274  1.2 4  3.4  38  130  124 281 -361  1
3797500 2746500  3 17 18  11.9 1021  43  1.1 4  3.3  38   47   63 285 -357  1
3797500 2746500  3 17 19  10.6 1021 333  1.5 4  3.5  43    3   12 284 -351  1
3797500 2746500  3 17 20   9.4 1021 172  2.1 3  3.8  50    0    0 275 -344  1
3797500 2746500  3 17 21   8.8 1022  50  2.3 4  3.9  55    0    0 274 -339  1
3797500 2746500  3 17 22   7.9 1021  86  2.3 3  3.9  58    0    0 273 -338  1
3797500 2746500  3 17 23   6.0 1021  76  1.6 3  4.0  65    0    0 265 -338  1
3797500 2746500  3 17 24   6.0 1021  81  1.0 3  4.0  70    0    0 263 -338  1
3797500 2746500  3 18  1   6.3 1021 151  2.1 1  4.0  69    0    0 255 -338  1
3797500 2746500  3 18  2   6.0 1021 180  2.0 1  3.9  67    0    0 243 -337  1
3797500 2746500  3 18  3   6.2 1020 176  1.6 1  3.6  62    0    0 241 -335  1
3797500 2746500  3 18  4   5.8 1019 166  2.1 1  3.5  61    0    0 240 -334  1
3797500 2746500  3 18  5   5.6 1019 164  2.0 5  3.5  62    0    0 261 -331  1
3797500 2746500  3 18  6   5.2 1018 155  2.1 4  3.6  65    0    0 276 -330  1
3797500 2746500  3 18  7   5.2 1018 162  1.9 4  3.6  65    0    0 272 -330  1
3797500 2746500  3 18  8   5.5 1018 152  1.5 2  3.5  64   24   51 265 -331  1
3797500 2746500  3 18  9   6.8 1018 181  1.3 1  3.7  63  122  107 253 -334  1
3797500 2746500  3 18 10   8.7 1017 154  2.9 4  3.8  59   52  189 268 -338  1
3797500 2746500  3 18 11  10.2 1017 190  3.5 3  4.0  55  170  217 284 -343  1
3797500 2746500  3 18 12  10.9 1016 180  3.6 2  4.0  50  413  176 276 -349  1
3797500 2746500  3 18 13  12.0 1016 181  4.0 4  3.8  46  356  212 284 -354  1
3797500 2746500  3 18 14  12.2 1015 200  3.5 6  3.9  45  174  278 308 -357  1
3797500 2746500  3 18 15  12.1 1014 188  3.7 7  3.8  44   95  250 323 -360  1
3797500 2746500  3 18 16  12.1 1013 186  3.0 7  3.5  40   22  174 326 -360  1
3797500 2746500  3 18 17  12.2 1012 209  3.5 6  3.5  40   19  122 320 -358  1
3797500 2746500  3 18 18  11.9 1011 266  2.2 8  3.6  41   13   57 323 -355  1
3797500 2746500  3 18 19  10.9 1011 274  3.5 8  4.1  49    1   10 332 -353  1
3797500 2746500  3 18 20   9.1 1011 262  3.2 8  5.0  66    0    0 330 -350  1
3797500 2746500  3 18 21   8.6 1012 214  2.6 8  5.6  80    0    0 327 -348  1
3797500 2746500  3 18 22   8.1 1011 254  3.7 8  5.8  85    0    0 325 -346  1
3797500 2746500  3 18 23   7.7 1012 307  5.6 8  5.8  88    0    0 322 -343  1
3797500 2746500  3 18 24   7.0 1012 314  6.0 6  5.5  86    0    0 309 -339  1
3797500 2746500  3 19  1   6.3 1012 339  4.5 6  5.1  84    0    0 297 -336  1
3797500 2746500  3 19  2   6.4 1012 340  3.6 5  4.9  81    0    0 290 -333  1
3797500 2746500  3 19  3   6.1 1013 338  3.4 6  4.7  79    0    0 290 -330  1
3797500 2746500  3 19  4   5.8 1013 340  3.5 8  4.5  78    0    0 303 -326  1
3797500 2746500  3 19  5   5.4 1013 330  2.8 8  4.4  78    0    0 312 -323  1
3797500 2746500  3 19  6   5.4 1013 313  3.4 8  4.4  79    0    0 313 -320  1
3797500 2746500  3 19  7   5.3 1013 312  3.3 7  4.4  79    0    0 307 -320  1
3797500 2746500  3 19  8   5.1 1014 308  2.7 6  4.4  79   55   18 295 -321  1
3797500 2746500  3 19  9   5.8 1014 313  4.2 5  4.4  79  132   27 286 -327  1
3797500 2746500  3 19 10   5.8 1015 313  3.7 7  4.5  79    0  119 291 -337  1
3797500 2746500  3 19 11   6.4 1015 296  3.8 7  4.7  80   17  165 303 -345  1
3797500 2746500  3 19 12   7.1 1015 319  3.8 7  4.7  77    0  151 305 -345  1
3797500 2746500  3 19 13   7.5 1015 325  4.3 7  4.6  72    0  123 305 -344  1
3797500 2746500  3 19 14   7.5 1015 297  3.6 7  4.6  71    0   92 305 -347  1
3797500 2746500  3 19 15   7.8 1015 304  3.8 8  4.5  69    0   91 309 -350  1
3797500 2746500  3 19 16   7.6 1015 314  4.6 8  4.3  66    0   79 312 -350  1
3797500 2746500  3 19 17   7.7 1015 294  4.2 7  4.1  63    0   74 304 -346  1
3797500 2746500  3 19 18   7.3 1016 307  3.9 8  4.1  63    4   42 301 -342  1
3797500 2746500  3 19 19   6.8 1016 301  2.7 7  4.0  64    0    7 298 -338  1
3797500 2746500  3 19 20   6.6 1016 304  3.9 7  4.0  65    0    0 291 -335  1
3797500 2746500  3 19 21   5.3 1017 301  4.0 7  4.1  70    0    0 289 -334  1
3797500 2746500  3 19 22   5.3 1017 308  3.3 7  4.1  75    0    0 289 -333  1
3797500 2746500  3 19 23   5.3 1017 309  3.1 7  4.2  76    0    0 290 -332  1
3797500 2746500  3 19 24   5.1 1018 299  3.0 8  4.2  77    0    0 295 -332  1
3797500 2746500  3 20  1   5.1 1018 301  2.6 8  4.2  78    0    0 299 -331  1
3797500 2746500  3 20  2   4.8 1018 300  2.5 7  4.2  78    0    0 295 -330  1
3797500 2746500  3 20  3   5.0 1018 298  3.2 6  4.2  79    0    0 286 -329  1
3797500 2746500  3 20  4   4.6 1018 297  2.6 7  4.2  79    0    0 287 -328  1
3797500 2746500  3 20  5   4.5 1018 288  2.7 7  4.2  80    0    0 292 -328  1
3797500 2746500  3 20  6   4.4 1018 306  2.6 7  4.2  80    0    0 293 -326  1
3797500 2746500  3 20  7   4.1 1018 298  2.5 7  4.1  80    0    0 294 -324  1
3797500 2746500  3 20  8   4.1 1018 288  2.6 7  4.1  81    7   52 293 -324  1
3797500 2746500  3 20  9   4.8 1019 288  2.4 7  4.2  81   20  120 295 -328  1
3797500 2746500  3 20 10   5.6 1019 289  3.3 7  4.3  79   84  173 296 -334  1
3797500 2746500  3 20 11   6.4 1019 289  3.3 6  4.3  74   74  225 292 -339  1
3797500 2746500  3 20 12   6.9 1019 302  3.1 7  4.2  70    7  206 296 -342  1
3797500 2746500  3 20 13   7.1 1019 291  3.4 7  4.3  69    0  141 303 -345  1
3797500 2746500  3 20 14   7.3 1018 290  2.4 7  4.4  70    0  148 303 -348  1
3797500 2746500  3 20 15   7.5 1018 256  4.0 8  4.6  72    0  104 307 -349  1
3797500 2746500  3 20 16   7.9 1017 260  3.0 8  4.8  73    0  108 312 -350  1
3797500 2746500  3 20 17   7.9 1017 258  3.8 8  4.8  72    0   82 311 -347  1
3797500 2746500  3 20 18   7.9 1016 241  2.0 7  4.7  71    0   45 305 -343  1
3797500 2746500  3 20 19   7.7 1016 282  2.5 8  4.8  73    0    6 303 -338  1
3797500 2746500  3 20 20   7.6 1016 237  3.2 8  4.8  74    0    0 305 -332  1
3797500 2746500  3 20 21   7.3 1015 227  2.9 8  4.8  75    0    0 302 -330  1
3797500 2746500  3 20 22   7.4 1015 249  3.2 8  4.8  76    0    0 302 -330  1
3797500 2746500  3 20 23   7.4 1015 239  3.2 8  4.9  76    0    0 303 -329  1
3797500 2746500  3 20 24   7.3 1014 260  3.2 7  4.9  77    0    0 300 -328  1
3797500 2746500  3 21  1   7.0 1013 221  1.6 8  4.9  78    0    0 302 -328  1
3797500 2746500  3 21  2   6.7 1013 233  1.6 8  4.9  80    0    0 308 -328  1
3797500 2746500  3 21  3   6.4 1012 223  2.2 7  4.9  81    0    0 305 -328  1
3797500 2746500  3 21  4   6.4 1011 212  2.6 8  4.9  82    0    0 308 -328  1
3797500 2746500  3 21  5   6.5 1010 214  2.7 8  5.0  83    0    0 315 -328  1
3797500 2746500  3 21  6   6.4 1009 216  2.8 8  5.0  83    0    0 318 -328  1
3797500 2746500  3 21  7   6.5 1008 215  3.6 8  5.0  83    0    0 320 -329  1
3797500 2746500  3 21  8   6.5 1007 213  3.7 8  5.0  83    0   41 322 -330  1
3797500 2746500  3 21  9   6.6 1006 212  4.6 8  5.0  83    0   82 323 -332  1
3797500 2746500  3 21 10   7.2 1005 221  5.3 7  5.1  82    0  125 321 -337  1
3797500 2746500  3 21 11   7.3 1004 222  6.1 8  5.0  79    0   94 323 -341  1
3797500 2746500  3 21 12   7.7 1003 214  5.7 7  4.9  75    0  104 327 -344  1
3797500 2746500  3 21 13   7.7 1002 222  7.2 7  4.7  72    0   94 325 -345  1
3797500 2746500  3 21 14   7.8 1001 225  6.6 7  4.5  67    0  100 326 -346  1
3797500 2746500  3 21 15   6.0 1000 211  5.8 7  4.5  72    0  101 325 -348  1
3797500 2746500  3 21 16   5.5  999 213  5.8 8  4.9  84    0   75 328 -348  1
3797500 2746500  3 21 17   5.6  998 183  4.7 8  5.0  87    0   51 333 -348  1
3797500 2746500  3 21 18   5.4  997 182  5.0 8  5.0  88    0   27 333 -347  1
3797500 2746500  3 21 19   5.5  996 181  5.7 8  5.0  88    0    2 333 -346  1
3797500 2746500  3 21 20   5.6  995 193  5.0 8  5.0  88    0    0 334 -346  1
3797500 2746500  3 21 21   5.3  995 182  4.9 8  5.0  87    0    0 334 -345  1
3797500 2746500  3 21 22   5.6  994 194  4.5 8  5.0  87    0    0 334 -345  1
3797500 2746500  3 21 23   5.6  993 215  5.1 8  5.0  88    0    0 334 -345  1
3797500 2746500  3 21 24   5.5  993 214  4.7 6  5.1  88    0    0 325 -345  1
3797500 2746500  3 22  1   5.3  993 196  3.3 7  5.0  88    0    0 318 -344  1
3797500 2746500  3 22  2   5.3  993 204  3.6 8  5.0  88    0    0 327 -344  1
3797500 2746500  3 22  3   5.2  993 180  2.6 8  5.0  88    0    0 331 -344  1
3797500 2746500  3 22  4   5.3  992 178  2.6 8  5.0  88    0    0 331 -344  1
3797500 2746500  3 22  5   5.4  992 159  1.9 8  5.0  87    0    0 331 -344  1
3797500 2746500  3 22  6   5.0  992 178  1.5 8  4.9  88    0    0 330 -344  1
3797500 2746500  3 22  7   4.9  993 242  1.5 7  5.0  90    0    0 326 -344  1
3797500 2746500  3 22  8   5.1  993 227  2.3 8  5.0  91    0   22 325 -344  1
3797500 2746500  3 22  9   5.6  994 257  2.7 8  5.2  92    0   38 330 -345  1
3797500 2746500  3 22 10   6.2  995 278  3.8 8  5.3  91    0   70 331 -348  1
3797500 2746500  3 22 11   5.9  995 302  5.5 7  5.4  90    0  117 327 -349  1
3797500 2746500  3 22 12   5.7  996 302  4.8 8  5.3  90    0  116 326 -349  1
3797500 2746500  3 22 13   5.9  997 321  7.3 8  5.1  88    0  112 332 -351  1
3797500 2746500  3 22 14   5.5  998 324  7.2 8  5.0  87    0  123 331 -352  1
3797500 2746500  3 22 15   5.4  999 334  6.3 8  4.9  85    0  112 329 -354  1
3797500 2746500  3 22 16   5.2 1000 328  6.6 8  4.7  83    0   66 328 -356  1
3797500 2746500  3 22 17   5.0 1001 328  6.0 8  4.3  78    0   75 326 -355  1
3797500 2746500  3 22 18   5.1 1002 318  3.4 7  4.0  73    2   52 319 -355  1
3797500 2746500  3 22 19   5.0 1003 313  3.5 8  3.9  72    0    8 319 -352  1
3797500 2746500  3 22 20   5.0 1004 303  3.3 8  3.9  72    0    0 326 -350  1
3797500 2746500  3 22 21   4.9 1005 290  3.0 7  3.9  72    0    0 320 -349  1
3797500 2746500  3 22 22   4.8 1005 274  2.5 7  3.9  72    0    0 314 -348  1
3797500 2746500  3 22 23   4.5 1005 273  2.2 6  3.9  73    0    0 313 -346  1
3797500 2746500  3 22 24   4.3 1006 278  2.1 5  3.8  74    0    0 306 -344  1
3797500 2746500  3 23  1   4.1 1020 297  2.3 4  3.8  75    0    0 245 -327  1
3797500 2746500  3 23  2   4.1 1021 312  2.4 4  3.8  76    0    0 245 -324  1
3797500 2746500  3 23  3   4.1 1021 327  2.5 5  3.9  77    0    0 258 -321  1
3797500 2746500  3 23  4   4.1 1021 330  2.4 6  4.0  79    0    0 288 -319  1
3797500 2746500  3 23  5   4.0 1022 336  2.3 6  4.0  79    0    0 311 -317  1
3797500 2746500  3 23  6   3.8 1022 342  1.9 7  4.1  81    0    0 305 -316  1
3797500 2746500  3 23  7   3.9 1023 344  2.1 6  4.1  83    0    0 295 -316  1
3797500 2746500  3 23  8   4.1 1023 343  2.3 4  4.2  84   52   50 279 -316  1
3797500 2746500  3 23  9   5.1 1024 356  3.1 2  4.2  80  178   76 258 -320  1
3797500 2746500  3 23 10   5.8 1024 354  3.6 3  4.1  74  211  140 253 -329  1
3797500 2746500  3 23 11   6.4 1024 347  3.5 4  3.9  68  203  200 265 -339  1
3797500 2746500  3 23 12   7.3 1025 355  3.6 5  3.7  61  184  242 278 -348  1
3797500 2746500  3 23 13   8.1 1025 346  2.8 4  3.5  54  251  230 281 -353  1
3797500 2746500  3 23 14   8.9 1025  17  2.5 4  3.4  50  185  238 280 -355  1
3797500 2746500  3 23 15   8.7 1024 349  3.9 5  3.4  49   44  214 286 -356  1
3797500 2746500  3 23 16   8.8 1024  11  3.5 6  3.4  50    7  147 293 -355  1
3797500 2746500  3 23 17   8.9 1024 355  3.5 5  3.5  50  103  109 292 -354  1
3797500 2746500  3 23 18   8.6 1024 355  2.9 5  3.5  51   41   57 287 -350  1
3797500 2746500  3 23 19   8.6 1024 348  2.7 7  3.6  53    8   12 295 -344  1
3797500 2746500  3 23 20   8.5 1025 349  2.4 7  3.7  54    0    0 304 -337  1
3797500 2746500  3 23 21   7.7 1025 346  3.0 6  3.7  56    0    0 300 -331  1
3797500 2746500  3 23 22   6.9 1026   5  4.1 2  3.9  62    0    0 276 -326  1
3797500 2746500  3 23 23   5.9 1026  19  2.7 2  3.9  67    0    0 256 -323  1
3797500 2746500  3 23 24   5.2 1027  27  2.9 1  3.9  71    0    0 249 -320  1
3797500 2746500  3 24  1   4.5 1027  39  2.6 0  3.9  74    0    0 238 -317  1
3797500 2746500  3 24  2   3.7 1027  39  1.9 1  3.8  76    0    0 235 -316  1
3797500 2746500  3 24  3   3.5 1027  48  2.1 0  3.7  76    0    0 232 -316  1
3797500 2746500  3 24  4   3.0 1028  54  2.2 0  3.6  77    0    0 226 -316  1
3797500 2746500  3 24  5   2.8 1028  54  2.0 0  3.5  77    0    0 224 -315  1
3797500 2746500  3 24  6   2.1 1028  41  2.1 2  3.4  77    0    0 231 -314  1
3797500 2746500  3 24  7   1.8 1028  60  2.0 1  3.4  79    0    0 235 -313  1
3797500 2746500  3 24  8   2.6 1028  38  2.4 2  3.5  79   51   59 236 -313  1
3797500 2746500  3 24  9   4.2 1029  56  2.2 2  3.6  76  192   96 243 -314  1
3797500 2746500  3 24 10   5.3 1029  54  2.6 2  3.7  71  333  114 247 -321  1
3797500 2746500  3 24 11   6.6 1029  29  2.8 4  3.7  64  326  182 259 -337  1
3797500 2746500  3 24 12   7.0 1029  55  2.7 6  3.4  56   95  280 280 -351  1
3797500 2746500  3 24 13   6.7 1028  51  2.8 7  3.1  52    4  206 293 -357  1
3797500 2746500  3 24 14   6.7 1028  38  2.0 7  3.1  52    4  198 298 -357  1
3797500 2746500  3 24 15   7.4 1028  43  2.9 6  3.1  51   17  205 293 -359  1
3797500 2746500  3 24 16   7.2 1027  43  2.8 6  3.0  49   39  184 287 -362  1
3797500 2746500  3 24 17   7.1 1027  46  3.3 5  3.1  50   76  134 281 -359  1
3797500 2746500  3 24 18   7.1 1027  38  2.6 5  3.2  51   63   65 274 -352  1
3797500 2746500  3 24 19   6.5 1027  58  1.5 6  3.2  53   10   13 273 -343  1
3797500 2746500  3 24 20   6.0 1027  33  1.8 6  3.1  54    0    0 271 -333  1
3797500 2746500  3 24 21   5.5 1027  34  1.0 4  3.0  54    0    0 259 -325  1
3797500 2746500  3 24 22   4.7 1027  47  1.1 2  3.0  56    0    0 240 -320  1
3797500 2746500  3 24 23   4.3 1027  63  1.0 1  3.0  59    0    0 227 -317  1
3797500 2746500  3 24 24   3.0 1027  55  1.5 0  2.9  60    0    0 216 -316  1
3797500 2746500  3 25  1   2.6 1027  63  0.9 0  2.9  64    0    0 209 -316  1
3797500 2746500  3 25  2   2.6 1027 102  1.1 1  3.0  66    0    0 212 -316  1
3797500 2746500  3 25  3   2.2 1027  65  1.2 2  3.0  67    0    0 218 -316  1
3797500 2746500  3 25  4   1.9 1026  55  1.4 2  3.0  68    0    0 221 -315  1
3797500 2746500  3 25  5   0.2 1026  92  1.2 2  3.0  73    0    0 219 -315  1
3797500 2746500  3 25  6   0.7 1026  79  1.1 2  3.0  76    0    0 218 -313  1
3797500 2746500  3 25  7   0.7 1025  74  0.7 3  2.9  75    0    0 224 -312  1
3797500 2746500  3 25  8   1.9 1025  76  0.9 2  3.1  74   42   66 227 -312  1
3797500 2746500  3 25  9   3.7 1025  48  1.0 1  3.2  70  157  122 222 -314  1
3797500 2746500  3 25 10   4.9 1025  54  1.8 2  3.1  61  270  158 227 -321  1
3797500 2746500  3 25 11   6.2 1025  80  2.3 2  3.0  55  359  187 234 -337  1
3797500 2746500  3 25 12   6.8 1025 120  1.9 2  3.0  51  438  193 238 -353  1
3797500 2746500  3 25 13   7.6 1025 147  2.0 2  2.9  46  479  187 240 -364  1
3797500 2746500  3 25 14   8.2 1024 173  1.4 2  2.8  42  469  177 241 -370  1
3797500 2746500  3 25 15   8.6 1023  90  1.5 1  2.8  42  403  166 239 -372  1
3797500 2746500  3 25 16   9.4 1023  84  1.7 2  3.0  42  321  140 241 -371  1
3797500 2746500  3 25 17   9.3 1022  28  1.8 2  2.9  40  216  107 246 -366  1
3797500 2746500  3 25 18   8.6 1022  25  2.3 2  2.9  41  100   69 244 -358  1
3797500 2746500  3 25 19   7.6 1022  59  1.8 2  2.9  44   14   17 240 -348  1
3797500 2746500  3 25 20   6.5 1022  47  2.0 1  2.9  47    0    0 231 -338  1
3797500 2746500  3 25 21   5.1 1023  34  1.9 1  2.9  51    0    0 222 -332  1
3797500 2746500  3 25 22   5.0 1023  46  1.8 0  2.9  54    0    0 216 -328  1
3797500 2746500  3 25 23   4.1 1023 129  0.7 1  2.9  55    0    0 216 -325  1
3797500 2746500  3 25 24   3.6 1023 116  1.2 5  2.9  58    0    0 234 -321  1
3797500 2746500  3 26  1   3.2 1023 163  1.5 2  2.9  61    0    0 238 -318  1
3797500 2746500  3 26  2   3.2 1022 153  2.4 2  2.8  60    0    0 226 -316  1
3797500 2746500  3 26  3   3.0 1022 150  2.1 3  2.8  60    0    0 229 -316  1
3797500 2746500  3 26  4   2.6 1022 187  1.7 3  2.7  60    0    0 232 -316  1
3797500 2746500  3 26  5   1.9 1022 203  1.5 3  2.7  61    0    0 231 -315  1
3797500 2746500  3 26  6   1.3 1022 197  1.6 2  2.7  64    0    0 225 -315  1
3797500 2746500  3 26  7   1.4 1022 210  1.6 3  2.7  64    0    0 224 -314  1
3797500 2746500  3 26  8   2.5 1022 202  1.3 1  2.7  64   50   62 222 -314  1
3797500 2746500  3 26  9   4.0 1022 209  1.4 1  2.9  62  171  110 217 -317  1
3797500 2746500  3 26 10   5.3 1022 120  1.4 1  3.1  58  294  137 221 -329  1
3797500 2746500  3 26 11   6.4 1022 151  1.3 2  3.1  54  402  153 230 -345  1
3797500 2746500  3 26 12   7.2 1022 289  1.6 3  3.0  50  482  155 245 -356  1
3797500 2746500  3 26 13   7.8 1022 351  1.9 3  2.9  45  532  142 254 -364  1
3797500 2746500  3 26 14   8.5 1022   4  2.0 4  2.6  39  530  129 260 -366  1
3797500 2746500  3 26 15   9.3 1022 310  1.5 2  2.5  36  469  118 259 -364  1
3797500 2746500  3 26 16   9.4 1021  18  2.7 2  2.7  37  374  104 255 -365  1
3797500 2746500  3 26 17   9.6 1021  21  2.8 4  2.8  38  238   89 264 -364  1
3797500 2746500  3 26 18   8.7 1021 351  3.0 3  2.7  38  114   61 266 -358  1
3797500 2746500  3 26 19   7.8 1021  18  3.9 5  2.7  40   17   19 267 -351  1
3797500 2746500  3 26 20   7.1 1022  27  2.5 5  2.7  43    0    0 272 -345  1
3797500 2746500  3 26 21   6.7 1022  28  2.2 6  2.8  46    0    0 275 -339  1
3797500 2746500  3 26 22   5.8 1023  32  2.1 3  2.9  49    0    0 268 -333  1
3797500 2746500  3 26 23   5.0 1023  34  2.4 2  3.0  54    0    0 250 -328  1
3797500 2746500  3 26 24   4.7 1023  32  1.7 3  3.0  57    0    0 249 -325  1
3797500 2746500  3 27  1   3.5 1023  18  1.8 2  3.1  61    0    0 246 -321  1
3797500 2746500  3 27  2   2.5 1024  11  1.8 2  3.1  66    0    0 239 -318  1
3797500 2746500  3 27  3   2.6 1024  33  1.9 3  3.1  68    0    0 243 -316  1
3797500 2746500  3 27  4   2.4 1024  35  2.5 2  3.1  68    0    0 245 -316  1
3797500 2746500  3 27  5   1.1 1024  37  2.5 2  3.1  72    0    0 238 -316  1
3797500 2746500  3 27  6   1.7 1024  25  1.0 1  3.0  73    0    0 231 -315  1
3797500 2746500  3 27  7   0.7 1024  26  1.7 0  3.0  74    0    0 219 -314  1
3797500 2746500  3 27  8   2.3 1025  26  1.8 1  3.1  74   50   63 219 -313  1
3797500 2746500  3 27  9   4.3 1025  84  1.8 0  3.3  69  178  109 224 -314  1
3797500 2746500  3 27 10   6.2 1026  43  2.5 1  3.4  62  303  137 229 -324  1
3797500 2746500  3 27 11   6.9 1026  40  2.8 1  3.1  53  419  150 237 -339  1
3797500 2746500  3 27 12   7.9 1026  17  3.7 1  2.9  46  505  148 239 -352  1
3797500 2746500  3 27 13   8.9 1026  64  3.3 0  2.7  40  555  136 237 -361  1
3797500 2746500  3 27 14   9.0 1025  70  3.1 0  2.6  37  551  125 234 -366  1
3797500 2746500  3 27 15   9.7 1025  48  3.3 0  2.7  37  490  116 235 -367  1
3797500 2746500  3 27 16   9.8 1025  56  3.7 0  2.6  36  383  107 237 -366  1
3797500 2746500  3 27 17  10.0 1024  72  3.1 0  2.6  35  247   91 238 -362  1
3797500 2746500  3 27 18   9.6 1024  72  3.1 0  2.8  38  113   63 240 -357  1
3797500 2746500  3 27 19   8.7 1024  57  2.8 0  2.9  41   16   19 239 -349  1
3797500 2746500  3 27 20   7.5 1024  52  3.0 0  2.9  44    0    0 235 -341  1
3797500 2746500  3 27 21   7.0 1025  73  3.0 0  2.9  46    0    0 231 -335  1
3797500 2746500  3 27 22   6.3 1025  71  2.7 0  2.9  48    0    0 229 -331  1
3797500 2746500  3 27 23   5.6 1025  85  2.2 0  2.9  51    0    0 225 -328  1
3797500 2746500  3 27 24   4.5 1025  55  1.8 0  2.9  55    0    0 222 -325  1
3797500 2746500  3 28  1   3.8 1025  93  1.5 1  3.0  59    0    0 222 -323  1
3797500 2746500  3 28  2   2.8 1025 105  2.1 1  3.0  63    0    0 224 -320  1
3797500 2746500  3 28  3   2.2 1025  36  1.5 0  3.0  67    0    0 217 -319  1
3797500 2746500  3 28  4   0.6 1025  97  1.5 0  2.9  71    0    0 209 -317  1
3797500 2746500  3 28  5   0.5 1025  94  1.6 0  2.9  74    0    0 206 -316  1
3797500 2746500  3 28  6   0.8 1025  83  1.3 0  2.9  74    0    0 206 -316  1
3797500 2746500  3 28  7   0.8 1025  91  1.4 1  2.8  72    0    0 213 -316  1
3797500 2746500  3 28  8   3.2 1025 104  1.4 0  3.0  68   66   61 215 -316  1
3797500 2746500  3 28  9   6.1 1025 121  1.3 0  3.2  62  202  102 215 -321  1
3797500 2746500  3 28 10   8.0 1025 110  2.1 1  3.3  53  332  122 225 -334  1
3797500 2746500  3 28 11   9.3 1025 105  2.9 1  3.1  45  450  130 234 -349  1
3797500 2746500  3 28 12  10.4 1024 106  3.3 1  3.1  41  532  128 238 -362  1
3797500 2746500  3 28 13  11.6 1024 102  3.1 1  2.9  36  576  117 243 -372  1
3797500 2746500  3 28 14  13.1 1023  71  3.2 0  2.7  30  569  108 241 -378  1
3797500 2746500  3 28 15  14.3 1022  71  3.5 1  2.8  29  513   98 248 -380  1
3797500 2746500  3 28 16  14.4 1022  77  3.6 1  2.9  29  405   93 255 -378  1
3797500 2746500  3 28 17  14.8 1021  61  3.7 0  2.9  28  268   81 250 -374  1
3797500 2746500  3 28 18  14.3 1020  62  3.4 0  3.0  29  124   59 248 -367  1
3797500 2746500  3 28 19  13.0 1020  63  2.8 1  3.0  31   19   19 248 -356  1
3797500 2746500  3 28 20  11.8 1020  74  2.4 1  3.0  33    0    0 248 -345  1
3797500 2746500  3 28 21  10.3 1020  81  2.8 1  3.0  38    0    0 243 -339  1
3797500 2746500  3 28 22   8.7 1020  95  2.7 0  3.1  43    0    0 236 -335  1
3797500 2746500  3 28 23   9.4 1020  97  2.6 0  3.1  43    0    0 232 -332  1
3797500 2746500  3 28 24   8.1 1020 103  2.6 0  2.9  41    0    0 231 -329  1
3797500 2746500  3 29  1   7.2 1020 102  2.0 0  2.8  43    0    0 228 -326  1
3797500 2746500  3 29  2   6.7 1020 110  2.1 0  2.9  47    0    0 227 -324  1
3797500 2746500  3 29  3   5.9 1020 121  2.7 1  3.0  52    0    0 228 -321  1
3797500 2746500  3 29  4   5.1 1019 120  2.1 1  3.1  55    0    0 229 -319  1
3797500 2746500  3 29  5   5.1 1019 100  2.4 1  3.1  57    0    0 228 -317  1
3797500 2746500  3 29  6   5.0 1019  94  2.1 1  3.1  57    0    0 228 -316  1
3797500 2746500  3 29  7   3.7 1019  75  2.3 1  3.0  59    0    1 226 -315  1
3797500 2746500  3 29  8   5.7 1019  91  2.4 1  3.2  60   57   60 227 -316  1
3797500 2746500  3 29  9   8.6 1018  55  1.9 1  3.3  53  208   99 232 -322  1
3797500 2746500  3 29 10  10.7 1018  83  3.3 1  3.3  44  358  111 237 -333  1
3797500 2746500  3 29 11  12.0 1018 123  2.0 1  3.2  39  488  110 242 -347  1
3797500 2746500  3 29 12  14.2 1017  95  2.7 0  3.2  34  576  103 246 -359  1
3797500 2746500  3 29 13  15.9 1017 132  3.2 0  3.3  31  618   94 252 -370  1
3797500 2746500  3 29 14  17.0 1016 155  4.0 0  3.3  28  605   90 258 -379  1
3797500 2746500  3 29 15  17.0 1016 180  3.4 0  3.3  28  542   84 260 -385  1
3797500 2746500  3 29 16  17.3 1015 166  4.5 0  3.4  28  426   83 262 -385  1
3797500 2746500  3 29 17  16.9 1015 188  2.9 0  3.4  28  282   75 263 -380  1
3797500 2746500  3 29 18  16.4 1015 188  1.9 0  3.4  29  132   57 262 -370  1
3797500 2746500  3 29 19  14.5 1015 197  1.5 1  3.4  32   23   19 260 -359  1
3797500 2746500  3 29 20  12.8 1015 153  1.6 1  3.4  35    0    0 256 -352  1
3797500 2746500  3 29 21  10.9 1016 171  1.4 0  3.5  40    0    0 250 -346  1
3797500 2746500  3 29 22  11.0 1016 173  1.2 0  3.5  43    0    0 248 -341  1
3797500 2746500  3 29 23   9.4 1016 154  1.4 0  3.6  47    0    0 246 -337  1
3797500 2746500  3 29 24  10.1 1016 180  1.5 0  3.7  50    0    0 245 -334  1
3797500 2746500  3 30  1   9.2 1016 165  1.2 1  3.7  50    0    0 246 -331  1
3797500 2746500  3 30  2   8.2 1016 168  1.4 1  3.8  54    0    0 246 -328  1
3797500 2746500  3 30  3   8.7 1016 193  1.7 1  3.8  56    0    0 245 -327  1
3797500 2746500  3 30  4   6.3 1016 155  1.3 1  3.8  59    0    0 243 -326  1
3797500 2746500  3 30  5   8.8 1016 183  0.6 1  3.7  58    0    0 243 -324  1
3797500 2746500  3 30  6   7.4 1016 190  1.2 2  3.7  56    0    0 247 -319  1
3797500 2746500  3 30  7   7.8 1016 205  1.8 4  3.8  58    0    1 252 -316  1
3797500 2746500  3 30  8   9.0 1016 160  1.4 6  3.9  58    2   65 262 -320  1
3797500 2746500  3 30  9  10.5 1017 171  0.9 5  4.1  55   30  166 269 -330  1
3797500 2746500  3 30 10  11.5 1017 175  0.6 6  4.3  53   14  210 273 -345  1
3797500 2746500  3 30 11  12.3 1017 123  0.5 7  4.5  52    5  207 283 -360  1
3797500 2746500  3 30 12  12.9 1017 240  0.5 7  4.6  51    0  163 292 -373  1
3797500 2746500  3 30 13  13.4 1017 215  1.0 8  4.8  51    0  165 302 -384  1
3797500 2746500  3 30 14  13.8 1016 196  1.3 8  4.8  49    1  188 310 -393  1
3797500 2746500  3 30 15  14.6 1016 196  1.3 7  4.8  48   25  249 312 -402  1
3797500 2746500  3 30 16  14.8 1016 211  1.2 7  4.5  44   37  218 311 -406  1
3797500 2746500  3 30 17  14.7 1015 216  1.4 7  4.1  40    5  123 312 -402  1
3797500 2746500  3 30 18  14.1 1015 197  1.0 7  4.0  40    2   62 312 -393  1
3797500 2746500  3 30 19  13.1 1015 234  0.7 7  4.2  44    0   12 311 -382  1
3797500 2746500  3 30 20  11.8 1015 187  1.1 8  4.3  48    0    0 314 -373  1
3797500 2746500  3 30 21  10.5 1015 143  1.3 8  4.1  50    0    0 316 -367  1
3797500 2746500  3 30 22  10.5 1015  96  1.4 7  4.3  54    0    0 312 -362  1
3797500 2746500  3 30 23  11.0 1015 147  1.1 7  4.4  55    0    0 311 -360  1
3797500 2746500  3 30 24  10.7 1015 192  1.1 7  4.3  54    0    0 313 -358  1
3797500 2746500  3 31  1   9.6 1014 179  2.2 8  4.3  56    0    0 317 -357  1
3797500 2746500  3 31  2   8.8 1014 177  1.8 8  4.4  61    0    0 319 -357  1
3797500 2746500  3 31  3   8.6 1013 180  2.2 8  4.4  63    0    0 319 -356  1
3797500 2746500  3 31  4   8.3 1013 182  2.0 8  4.3  63    0    0 319 -355  1
3797500 2746500  3 31  5   7.4 1013 179  1.8 8  4.2  64    0    0 319 -354  1
3797500 2746500  3 31  6   7.1 1013 187  2.1 7  4.2  66    0    0 313 -353  1
3797500 2746500  3 31  7   6.8 1013 180  2.1 5  4.1  66    0    1 296 -352  1
3797500 2746500  3 31  8   7.9 1013 178  2.7 2  4.2  66   64   68 269 -353  1
3797500 2746500  3 31  9  10.1 1013 170  2.8 2  4.3  61  186  119 258 -356  1
3797500 2746500  3 31 10  12.2 1012 169  2.7 4  4.4  54  305  149 277 -361  1
3797500 2746500  3 31 11  13.7 1012 188  2.5 3  4.4  48  408  168 289 -364  1
3797500 2746500  3 31 12  15.1 1012 163  3.1 3  4.5  44  473  177 291 -370  1
3797500 2746500  3 31 13  15.3 1011 202  3.2 2  4.8  45  516  169 294 -377  1
3797500 2746500  3 31 14  14.4 1011 219  5.2 4  5.1  49   63  288 298 -382  1
3797500 2746500  3 31 15  15.1 1011 152  3.2 4  5.3  51  126  266 305 -385  1
3797500 2746500  3 31 16  14.7 1010 163  4.7 6  5.2  49   73  208 312 -385  1
3797500 2746500  3 31 17  15.2 1010 156  3.2 7  5.1  48   19  133 321 -382  1
3797500 2746500  3 31 18  14.2 1010 182  2.1 6  5.1  49   50   75 319 -375  1
3797500 2746500  3 31 19  13.5 1010 170  1.8 7  5.2  53   19   21 316 -367  1
3797500 2746500  3 31 20  12.7 1010 184  1.6 7  5.2  56    0    0 317 -358  1
3797500 2746500  3 31 21  12.0 1010 245  1.5 7  5.2  58    0    0 314 -352  1
3797500 2746500  3 31 22  11.2 1011 262  1.1 6  5.3  62    0    0 311 -348  1
3797500 2746500  3 31 23  10.8 1011 164  1.3 6  5.4  66    0    0 309 -345  1
3797500 2746500  3 31 24  10.4 1011 173  1.2 7  5.4  68    0    0 314 -343  1
3797500 2746500  4  1  1  10.3 1011 103  1.0 8  5.4  69    0    0 325 -341  1
3797500 2746500  4  1  2   9.9 1011 130  0.4 8  5.4  70    0    0 326 -340  1
3797500 2746500  4  1  3  10.7 1010 183  0.7 8  5.4  69    0    0 327 -338  1
3797500 2746500  4  1  4   9.8 1010 219  1.0 8  5.4  70    0    0 327 -337  1
3797500 2746500  4  1  5   9.7 1011 166  0.6 8  5.4  72    0    0 324 -335  1
3797500 2746500  4  1  6  10.3 1011 179  0.7 8  5.4  71    0    0 323 -334  1
3797500 2746500  4  1  7   9.8 1011  98  0.3 8  5.4  70    0    8 321 -333  1
3797500 2746500  4  1  8  10.9 1011 176  0.1 6  5.4  69    8   98 313 -335  1
3797500 2746500  4  1  9  12.3 1011 184  0.0 6  5.3  63   77  187 308 -343  1
3797500 2746500  4  1 10  13.4 1011 151  1.5 3  5.4  58  182  235 297 -358  1
3797500 2746500  4  1 11  14.6 1011 192  1.2 3  5.5  55  242  279 288 -372  1
3797500 2746500  4  1 12  15.7 1011 166  2.1 3  5.7  53  318  287 292 -385  1
3797500 2746500  4  1 13  16.9 1011 207  2.4 3  5.7  49  337  289 296 -398  1
3797500 2746500  4  1 14  17.7 1010 178  2.4 2  5.6  45  319  282 297 -408  1
3797500 2746500  4  1 15  17.9 1010 163  1.7 2  5.3  42  281  255 296 -412  1
3797500 2746500  4  1 16  18.1 1009 167  2.8 2  4.8  38  233  205 296 -411  1
3797500 2746500  4  1 17  18.2 1009 151  1.7 2  4.6  36  170  146 295 -404  1
3797500 2746500  4  1 18  18.4 1009 157  1.4 2  4.6  35   84   89 293 -392  1
3797500 2746500  4  1 19  16.6 1009  64  1.2 3  4.5  36   16   28 291 -379  1
3797500 2746500  4  1 20  15.4 1009 102  1.6 2  4.5  40    0    0 287 -368  1
3797500 2746500  4  1 21  14.3 1010  97  1.7 2  4.5  43    0    0 280 -362  1
3797500 2746500  4  1 22  13.6 1010 110  1.8 2  4.5  46    0    0 273 -358  1
3797500 2746500  4  1 23  13.1 1010 132  2.2 2  5.1  54    0    0 269 -355  1
3797500 2746500  4  1 24  12.6 1011 160  2.7 4  5.8  63    0    0 272 -352  1
3797500 2746500  4  2  1  12.1 1003 191  3.3 6  6.6  74    0    0 352 -372  1
3797500 2746500  4  2  2  11.6 1002 213  3.6 7  7.2  83    0    0 351 -372  1
3797500 2746500  4  2  3  11.0 1002 224  3.5 7  7.6  90    0    0 340 -372  1
3797500 2746500  4  2  4  10.7 1001 217  3.1 6  7.5  91    0    0 330 -370  1
3797500 2746500  4  2  5  10.7 1001 206  3.0 6  7.3  90    0    0 313 -368  1
3797500 2746500  4  2  6  10.8 1000 189  2.6 5  7.1  90    0    0 294 -366  1
3797500 2746500  4  2  7  10.0 1000 191  3.1 7  7.0  88    0   12 308 -365  1
3797500 2746500  4  2  8  10.5 1000 198  3.4 6  7.1  90    1   72 316 -366  1
3797500 2746500  4  2  9  10.9 1000 208  3.4 7  7.3  90    0   84 320 -369  1
3797500 2746500  4  2 10  10.7 1000 201  3.1 8  7.4  90    0   85 340 -373  1
3797500 2746500  4  2 11  10.5  999 219  3.9 7  7.5  93    0  191 339 -377  1
3797500 2746500  4  2 12  11.5  999 222  4.0 6  7.8  93   45  301 329 -381  1
3797500 2746500  4  2 13  11.4  998 229  2.5 7  7.6  89    0  209 331 -384  1
3797500 2746500  4  2 14  13.2  998 238  2.5 7  7.5  82    2  204 339 -386  1
3797500 2746500  4  2 15  14.4  997 258  3.4 6  7.4  74   13  223 339 -383  1
3797500 2746500  4  2 16  15.3  996 293  1.3 6  7.0  65   94  233 336 -383  1
3797500 2746500  4  2 17  15.7  995 222  0.6 4  7.0  63  128  169 326 -384  1
3797500 2746500  4  2 18  16.0  994 222  0.7 4  7.0  61   73  100 314 -381  1
3797500 2746500  4  2 19  14.9  994  83  0.9 6  6.7  60    4   28 319 -376  1
3797500 2746500  4  2 20  13.7  994 242  2.3 7  6.7  65    0    0 330 -370  1
3797500 2746500  4  2 21  11.3  994 188  1.7 7  6.9  75    0    0 329 -367  1
3797500 2746500  4  2 22  11.6  994 177  3.1 7  6.7  78    0    0 326 -365  1
3797500 2746500  4  2 23  11.5  994 184  3.2 6  6.5  75    0    0 323 -363  1
3797500 2746500  4  2 24  11.6  993 172  4.1 8  6.5  75    0    0 331 -360  1
3797500 2746500  4  3  1  11.2  993 171  3.2 7  6.6  77    0    0 339 -359  1
3797500 2746500  4  3  2  11.4  993 170  3.8 7  6.5  77    0    0 334 -359  1
3797500 2746500  4  3  3  11.2  992 164  3.8 8  6.5  77    0    0 343 -359  1
3797500 2746500  4  3  4  11.5  992 160  3.9 7  6.6  77    0    0 345 -359  1
3797500 2746500  4  3  5  10.8  991 172  4.7 7  6.6  78    0    0 339 -360  1
3797500 2746500  4  3  6  10.6  990 163  5.3 8  6.7  82    0    0 344 -362  1
3797500 2746500  4  3  7  10.8  989 171  6.7 8  6.8  82    0    4 350 -363  1
3797500 2746500  4  3  8  11.0  988 180  7.4 7  6.8  82    0   46 344 -365  1
3797500 2746500  4  3  9  11.7  988 197  6.8 7  7.1  83    0   93 338 -367  1
3797500 2746500  4  3 10  12.7  988 170  4.6 8  7.4  81    0  121 347 -369  1
3797500 2746500  4  3 11  13.8  988 181  4.8 7  7.7  79    2  182 349 -363  1
3797500 2746500  4  3 12  12.8  988 195  6.4 8  8.0  82    0  130 350 -360  1
3797500 2746500  4  3 13  13.1  988 198  6.8 7  7.9  83    0  158 349 -362  1
3797500 2746500  4  3 14  12.7  988 249  6.2 8  7.5  79    0  130 348 -361  1
3797500 2746500  4  3 15  10.8  988 223  5.2 8  7.3  83    0   84 350 -366  1
3797500 2746500  4  3 16  10.9  988 222  4.2 8  7.3  87    0   64 345 -372  1
3797500 2746500  4  3 17  10.8  988 195  3.1 8  7.2  87    0   55 344 -373  1
3797500 2746500  4  3 18  10.6  988 181  3.6 7  7.1  87    0   56 335 -370  1
3797500 2746500  4  3 19  11.5  988 203  5.7 8  7.1  84    0   18 335 -366  1
3797500 2746500  4  3 20  11.6  987 205  5.0 8  6.7  77    0    0 342 -362  1
3797500 2746500  4  3 21  11.2  988 191  6.2 8  6.3  73    0    0 341 -360  1
3797500 2746500  4  3 22  10.4  987 202  4.7 8  6.3  77    0    0 338 -357  1
3797500 2746500  4  3 23   9.5  988 192  4.2 8  6.5  84    0    0 336 -356  1
3797500 2746500  4  3 24   9.5  988 182  3.9 8  6.7  88    0    0 335 -356  1
3797500 2746500  4  4  1   9.7  987 202  5.3 8  6.9  91    0    0 335 -356  1
3797500 2746500  4  4  2   9.0  987 203  4.9 8  6.6  88    0    0 334 -355  1
3797500 2746500  4  4  3   8.7  987 213  5.7 8  6.3  86    0    0 332 -354  1
3797500 2746500  4  4  4   8.2  988 193  4.5 8  6.1  86    0    0 331 -353  1
3797500 2746500  4  4  5   8.2  988 192  5.1 8  6.0  86    0    0 330 -351  1
3797500 2746500  4  4  6   8.2  988 192  5.9 8  5.8  83    0    0 330 -350  1
3797500 2746500  4  4  7   8.3  988 192  6.1 8  5.5  79    0   14 330 -349  1
3797500 2746500  4  4  8   8.3  988 191  6.3 8  5.4  77    0   61 330 -349  1
3797500 2746500  4  4  9   9.0  989 191  5.6 6  5.5  76  112  150 319 -352  1
3797500 2746500  4  4 10   9.6  989 190  6.6 6  5.5  74   37  215 309 -356  1
3797500 2746500  4  4 11   9.9  989 189  6.5 7  5.5  72    0  126 313 -362  1
3797500 2746500  4  4 12  10.3  989 190  6.5 7  5.6  71    0   98 319 -368  1
3797500 2746500  4  4 13  10.1  989 180  6.7 7  5.6  71    0  102 320 -373  1
3797500 2746500  4  4 14  10.4  989 177  7.2 7  5.7  71    0   91 322 -374  1
3797500 2746500  4  4 15  10.7  990 179  6.2 8  5.9  73    0   70 331 -372  1
3797500 2746500  4  4 16  11.0  990 184  6.1 7  6.2  74    0   99 331 -372  1
3797500 2746500  4  4 17  11.1  990 178  6.4 6  6.2  73   10  125 321 -371  1
3797500 2746500  4  4 18  11.0  990 182  7.5 5  6.2  74   22   82 310 -369  1
3797500 2746500  4  4 19  10.6  990 180  5.6 5  6.3  76   22   26 303 -367  1
3797500 2746500  4  4 20  11.0  990 189  7.4 6  6.3  76    0    0 305 -364  1
3797500 2746500  4  4 21  10.2  991 181  6.4 6  6.3  78    0    0 308 -361  1
3797500 2746500  4  4 22  10.6  992 181  6.0 7  6.4  80    0    0 310 -358  1
3797500 2746500  4  4 23  10.5  992 191  5.9 6  6.4  78    0    0 310 -357  1
3797500 2746500  4  4 24  10.5  992 200  5.7 8  6.2  77    0    0 314 -357  1
3797500 2746500  4  5  1  10.5  993 191  5.4 8  6.1  75    0    0 325 -357  1
3797500 2746500  4  5  2  10.2  993 192  4.6 8  5.8  73    0    0 326 -356  1
3797500 2746500  4  5  3  10.0  993 192  5.1 8  5.7  73    0    0 328 -356  1
3797500 2746500  4  5  4   9.9  993 193  5.0 8  5.9  76    0    0 330 -355  1
3797500 2746500  4  5  5   9.0  993 222  5.6 8  5.9  78    0    0 330 -354  1
3797500 2746500  4  5  6   8.7  993 222  3.8 8  5.9  81    0    0 329 -353  1
3797500 2746500  4  5  7   8.8  993 213  5.1 7  5.9  82    0   20 323 -353  1
3797500 2746500  4  5  8   9.6  994 213  4.4 8  5.7  77    0   52 323 -354  1
3797500 2746500  4  5  9   9.7  994 212  6.8 7  5.3  70    0  110 323 -356  1
3797500 2746500  4  5 10  10.7  995 181  5.8 6  5.3  67  192  150 311 -359  1
3797500 2746500  4  5 11  11.4  995 191  5.8 4  5.4  65  375   99 295 -364  1
3797500 2746500  4  5 12  11.1  994 189  5.8 5  5.5  65   32  247 290 -372  1
3797500 2746500  4  5 13  10.1  995 204  2.8 7  5.8  72    0  131 312 -376  1
3797500 2746500  4  5 14   9.6  995 222  2.3 8  6.3  82    0   89 330 -380  1
3797500 2746500  4  5 15   9.1  995 231  2.6 8  6.5  87    0   93 331 -387  1
3797500 2746500  4  5 16   8.9  995 231  6.9 8  6.5  90    0   95 326 -384  1
3797500 2746500  4  5 17   8.5  996 196  5.1 7  6.3  88    0  100 316 -377  1
3797500 2746500  4  5 18   8.9  996 199  4.8 5  6.1  86   89   51 300 -374  1
3797500 2746500  4  5 19   9.8  996 183  3.9 5  6.1  82   28   18 290 -367  1
3797500 2746500  4  5 20   9.4  996 190  3.2 3  5.9  77    0    1 278 -362  1
3797500 2746500  4  5 21   8.8  996 193  4.0 2  5.6  76    0    0 259 -359  1
3797500 2746500  4  5 22   9.2  997 185  4.1 4  5.6  76    0    0 262 -357  1
3797500 2746500  4  5 23   8.7  997 206  4.0 4  5.5  76    0    0 272 -355  1
3797500 2746500  4  5 24   8.6  997 194  3.6 4  5.4  76    0    0 271 -353  1
3797500 2746500  4  6  1   8.6  998 189  4.6 4  5.4  77    0    0 272 -351  1
3797500 2746500  4  6  2   8.0  998 185  3.9 5  5.5  79    0    0 277 -350  1
3797500 2746500  4  6  3   8.7  998 187  4.6 7  5.6  80    0    0 297 -349  1
3797500 2746500  4  6  4   8.7  998 184  4.2 7  5.7  81    0    0 310 -349  1
3797500 2746500  4  6  5   8.9  998 185  3.7 6  5.8  81    0    0 305 -350  1
3797500 2746500  4  6  6   8.8  998 194  4.0 7  5.8  80    0    0 306 -349  1
3797500 2746500  4  6  7   9.0  998 197  3.4 7  5.9  81    0   13 312 -347  1
3797500 2746500  4  6  8   9.4  998 197  4.0 8  6.0  81    0   60 319 -349  1
3797500 2746500  4  6  9   9.7  999 193  4.6 7  6.0  79    1  119 321 -353  1
3797500 2746500  4  6 10  10.6  999 202  4.9 6  6.0  76   37  214 313 -358  1
3797500 2746500  4  6 11  11.3  999 220  6.6 6  5.9  72    6  210 311 -367  1
3797500 2746500  4  6 12  12.2  999 211  6.6 7  5.8  67    0  120 321 -376  1
3797500 2746500  4  6 13  12.1  999 228  6.5 6  5.5  62   59  281 324 -391  1
3797500 2746500  4  6 14  12.3  999 231  6.8 6  5.5  61  134  270 322 -404  1
3797500 2746500  4  6 15  13.8  998 204  5.2 6  5.6  59  261  201 323 -409  1
3797500 2746500  4  6 16  13.5  998 217  5.9 6  5.3  54  142  187 320 -409  1
3797500 2746500  4  6 17  12.9  997 216  6.5 7  5.1  53   38  143 319 -403  1
3797500 2746500  4  6 18  11.8  998 235  4.1 6  5.5  60   40   82 316 -393  1
3797500 2746500  4  6 19  11.4  998 211  3.5 7  5.6  64   25   25 313 -382  1
3797500 2746500  4  6 20   8.8  997 165  3.8 6  5.6  72    0    0 308 -368  1
3797500 2746500  4  6 21   8.6  998 167  3.6 7  5.8  81    0    0 304 -360  1
3797500 2746500  4  6 22   9.0  998 176  4.7 7  5.7  79    0    0 310 -356  1
3797500 2746500  4  6 23   8.7  998 189  3.5 7  5.8  81    0    0 312 -356  1
3797500 2746500  4  6 24   7.9  997 175  2.7 7  5.7  83    0    0 311 -358  1
3797500 2746500  4  7  1   6.9  997 167  3.0 7  5.5  84    0    0 310 -356  1
3797500 2746500  4  7  2   7.0  997 173  2.4 6  5.4  86    0    0 305 -355  1
3797500 2746500  4  7  3   6.9  997 181  1.9 5  5.4  86    0    0 298 -351  1
3797500 2746500  4  7  4   5.9  996 170  1.5 3  5.3  88    0    0 286 -350  1
3797500 2746500  4  7  5   6.2  996 165  0.4 4  5.3  89    0    0 281 -351  1
3797500 2746500  4  7  6   6.8  996 171  1.7 6  5.4  89    0    0 297 -352  1
3797500 2746500  4  7  7   6.4  995 144  1.1 6  5.4  88    0   13 306 -353  1
3797500 2746500  4  7  8   7.2  995 133  1.8 7  5.5  87    0   62 311 -355  1
3797500 2746500  4  7  9   8.5  995 128  1.5 6  5.6  83   37  207 313 -358  1
3797500 2746500  4  7 10   9.2  994 135  2.3 6  5.5  76   47  280 311 -361  1
3797500 2746500  4  7 11   9.8  994 127  2.3 7  5.4  72    2  210 318 -363  1
3797500 2746500  4  7 12  10.0  993  93  3.1 8  5.3  69    0  160 331 -363  1
3797500 2746500  4  7 13  10.4  992 130  3.0 8  5.3  68    0  149 338 -364  1
3797500 2746500  4  7 14   9.4  992 107  4.1 8  5.4  70    0  117 338 -368  1
3797500 2746500  4  7 15   8.9  991  71  3.0 7  5.6  76    0   96 331 -372  1
3797500 2746500  4  7 16   8.6  990  51  3.3 8  5.9  83    0   67 331 -373  1
3797500 2746500  4  7 17   8.3  989  51  2.5 8  6.1  87    0   47 335 -373  1
3797500 2746500  4  7 18   8.4  988  50  3.1 7  6.2  88    0   48 329 -371  1
3797500 2746500  4  7 19   8.6  987 106  1.6 8  6.2  87    1   27 329 -368  1
3797500 2746500  4  7 20   8.0  987 178  2.9 8  5.9  84    0    0 334 -364  1
3797500 2746500  4  7 21   8.0  987 181  2.9 8  5.7  82    0    0 332 -362  1
3797500 2746500  4  7 22   7.7  987 288  2.6 8  5.7  84    0    0 331 -360  1
3797500 2746500  4  7 23   7.3  988 300  4.6 8  5.8  87    0    0 331 -358  1
3797500 2746500  4  7 24   7.0  989 299  4.7 8  5.8  90    0    0 330 -357  1
3797500 2746500  4  8  1   7.1  990 282  3.3 8  5.7  90    0    0 329 -357  1
3797500 2746500  4  8  2   7.4  991 262  4.5 8  5.8  90    0    0 330 -358  1
3797500 2746500  4  8  3   7.8  991 268  5.6 8  6.0  91    0    0 333 -358  1
3797500 2746500  4  8  4   8.0  992 273  5.1 8  6.2  91    0    0 335 -357  1
3797500 2746500  4  8  5   8.0  992 272  4.4 8  6.2  91    0    0 335 -356  1
3797500 2746500  4  8  6   7.6  993 267  4.6 8  6.1  90    0    0 335 -356  1
3797500 2746500  4  8  7   7.5  993 268  4.5 8  5.9  89    0   27 334 -356  1
3797500 2746500  4  8  8   7.3  994 261  3.8 6  5.7  88   15   88 320 -355  1
3797500 2746500  4  8  9   7.4  994 274  3.4 7  5.6  86    0  109 313 -354  1
3797500 2746500  4  8 10   7.6  995 252  3.7 8  5.6  85    0   98 323 -352  1
3797500 2746500  4  8 11   8.0  995 252  3.3 8  5.7  85    0  152 329 -352  1
3797500 2746500  4  8 12   8.6  995 242  3.5 8  5.7  82    0  164 331 -352  1
3797500 2746500  4  8 13   9.2  996 255  2.2 7  5.7  79   16  247 328 -352  1
3797500 2746500  4  8 14   9.9  995 220  3.1 7  5.7  75   64  261 324 -355  1
3797500 2746500  4  8 15   8.8  995 261  3.2 8  5.8  78    0  100 327 -359  1
3797500 2746500  4  8 16   7.9  995 212  3.0 7  6.0  86    0  130 322 -363  1
3797500 2746500  4  8 17   7.5  995 202  2.2 8  6.0  89    3  110 317 -365  1
3797500 2746500  4  8 18   8.0  995 186  2.2 6  6.0  90   13   77 310 -363  1
3797500 2746500  4  8 19   7.7  995 192  2.3 7  6.0  89   25   24 303 -360  1
3797500 2746500  4  8 20   6.9  995 185  2.0 7  5.7  89    0    0 305 -355  1
3797500 2746500  4  8 21   6.7  995 188  1.9 7  5.6  89    0    0 303 -349  1
3797500 2746500  4  8 22   6.2  995 160  1.0 6  5.5  89    0    0 296 -345  1
3797500 2746500  4  8 23   6.2  995 150  2.0 7  5.3  89    0    0 295 -341  1
3797500 2746500  4  8 24   5.9  995 127  1.6 8  5.3  89    0    0 308 -338  1
3797500 2746500  4  9  1   6.2  995 113  2.3 5  5.3  89    0    0 298 -336  1
3797500 2746500  4  9  2   5.3  994 130  3.2 4  5.1  88    0    0 273 -335  1
3797500 2746500  4  9  3   5.6  994 132  3.2 4  5.0  87    0    0 267 -336  1
3797500 2746500  4  9  4   5.7  994 140  3.7 5  5.0  86    0    0 278 -339  1
3797500 2746500  4  9  5   5.6  993 134  3.1 4  4.9  85    0    0 279 -340  1
3797500 2746500  4  9  6   5.6  993 144  2.8 5  4.9  84    0    0 280 -341  1
3797500 2746500  4  9  7   6.0  992 138  2.8 4  4.8  82   17   38 282 -343  1
3797500 2746500  4  9  8   6.7  992 154  3.0 4  5.1  83   74   95 279 -345  1
3797500 2746500  4  9  9   7.9  992 164  3.5 4  5.4  84  148  149 282 -351  1
3797500 2746500  4  9 10   9.3  992 181  4.2 5  5.7  80  186  207 294 -357  1
3797500 2746500  4  9 11  10.1  992 173  2.6 6  5.7  75   61  267 309 -363  1
3797500 2746500  4  9 12  10.2  992 149  3.6 7  5.7  72    6  231 321 -369  1
3797500 2746500  4  9 13  10.5  992 164  2.8 7  5.6  70    4  229 324 -372  1
3797500 2746500  4  9 14  10.6  991 252  2.4 6  5.6  69  110  284 317 -375  1
3797500 2746500  4  9 15  11.3  991 298  1.8 6  5.7  69   56  245 310 -379  1
3797500 2746500  4  9 16  11.9  990 257  2.1 5  5.9  68  185  192 305 -375  1
3797500 2746500  4  9 17  12.1  990  65  1.1 7  6.0  67  108  147 306 -370  1
3797500 2746500  4  9 18  12.5  990  88  2.1 5  5.8  64  100   78 303 -367  1
3797500 2746500  4  9 19  11.4  989 101  2.6 6  5.6  63   43   31 294 -363  1
3797500 2746500  4  9 20   9.9  989  94  3.0 6  5.6  68    0    2 292 -358  1
3797500 2746500  4  9 21   8.8  990 101  0.9 7  5.7  76    0    0 292 -353  1
3797500 2746500  4  9 22   8.4  990 127  1.6 7  5.7  80    0    0 294 -351  1
3797500 2746500  4  9 23   8.8  990 160  1.3 7  5.6  79    0    0 293 -350  1
3797500 2746500  4  9 24   8.7  990 155  1.8 6  5.5  76    0    0 289 -346  1
3797500 2746500  4 10  1   7.7  990 160  3.4 6  5.4  78    0    0 284 -344  1
3797500 2746500  4 10  2   7.3  990 156  2.2 6  5.4  82    0    0 283 -344  1
3797500 2746500  4 10  3   7.3  989 199  3.6 6  5.4  83    0    0 283 -344  1
3797500 2746500  4 10  4   5.9  990 165  2.9 5  5.2  84    0    0 276 -344  1
3797500 2746500  4 10  5   6.0  989 145  2.5 7  5.0  85    0    0 279 -342  1
3797500 2746500  4 10  6   5.9  989 144  2.1 7  4.9  83    0    0 289 -338  1
3797500 2746500  4 10  7   6.1  989 132  2.8 7  5.0  84    0   26 289 -337  1
3797500 2746500  4 10  8   6.7  989 115  1.8 6  5.1  84   35   95 282 -340  1
3797500 2746500  4 10  9   7.5  989 151  3.3 7  5.3  83    0  115 284 -348  1
3797500 2746500  4 10 10   8.0  989 158  3.2 8  5.4  81    0   91 302 -359  1
3797500 2746500  4 10 11   8.5  989 215  2.9 8  5.5  79    2  207 311 -370  1
3797500 2746500  4 10 12  10.1  988 127  2.8 7  5.6  75   62  278 310 -379  1
3797500 2746500  4 10 13  10.0  988 171  2.7 7  5.6  71    2  218 310 -386  1
3797500 2746500  4 10 14   9.8  988 158  3.3 7  5.6  72    0  147 312 -390  1
3797500 2746500  4 10 15   8.7  988 141  2.7 8  5.8  78    0  109 314 -388  1
3797500 2746500  4 10 16   8.3  987 112  1.3 8  6.0  84    0  119 313 -380  1
3797500 2746500  4 10 17   7.9  987 182  1.9 8  5.9  85    0   96 309 -372  1
3797500 2746500  4 10 18   7.9  987 211  0.6 8  5.9  87    2   68 306 -364  1
3797500 2746500  4 10 19   7.7  987 211  1.1 8  5.9  87    8   29 305 -357  1
3797500 2746500  4 10 20   7.4  987 232  2.3 7  5.8  87    0    1 299 -354  1
3797500 2746500  4 10 21   7.3  987 205  0.3 7  5.8  88    0    0 295 -350  1
3797500 2746500  4 10 22   6.8  987 185  1.3 6  5.7  89    0    0 292 -347  1
3797500 2746500  4 10 23   6.8  987 162  1.1 6  5.6  89    0    0 288 -344  1
3797500 2746500  4 10 24   6.8  987 207  1.4 7  5.6  89    0    0 295 -343  1
3797500 2746500  4 11  1   6.7  987 207  1.9 7  5.6  90    0    0 301 -342  1
3797500 2746500  4 11  2   6.7  987 228  2.0 7  5.7  90    0    0 303 -340  1
3797500 2746500  4 11  3   6.6  987 207  1.9 6  5.7  91    0    0 301 -338  1
3797500 2746500  4 11  4   6.3  987 221  2.5 7  5.8  93    0    0 305 -338  1
3797500 2746500  4 11  5   6.7  987 209  3.4 7  5.8  93    0    0 311 -338  1
3797500 2746500  4 11  6   6.5  987 216  2.6 8  5.7  92    0    0 317 -337  1
3797500 2746500  4 11  7   6.5  987 204  2.8 7  5.6  90   10   38 317 -337  1
3797500 2746500  4 11  8   6.7  988 217  3.4 8  5.6  89    0   73 318 -340  1
3797500 2746500  4 11  9   7.0  988 203  3.8 7  5.6  88   18  159 319 -344  1
3797500 2746500  4 11 10   7.8  989 218  5.3 7  5.6  85    4  182 317 -348  1
3797500 2746500  4 11 11   8.4  989 233  6.3 6  5.5  80    5  210 315 -349  1
3797500 2746500  4 11 12   9.3  989 216  5.2 6  5.5  76   28  267 313 -351  1
3797500 2746500  4 11 13   9.4  990 215  5.3 7  5.4  72    2  221 318 -362  1
3797500 2746500  4 11 14   9.7  990 262  4.2 7  5.4  71    2  213 321 -373  1
3797500 2746500  4 11 15   9.4  990 230  4.7 6  5.4  71   24  229 315 -370  1
3797500 2746500  4 11 16   7.6  990 256  2.6 8  5.5  78    0  140 314 -366  1
3797500 2746500  4 11 17   9.2  990 245  4.0 3  5.6  79  223   90 299 -369  1
3797500 2746500  4 11 18   9.2  990 231  5.3 3  5.4  73  139   53 278 -359  1
3797500 2746500  4 11 19   8.5  990 210  3.7 5  5.4  74   35   27 282 -350  1
3797500 2746500  4 11 20   8.3  990 251  3.6 7  5.3  75    0    3 295 -345  1
3797500 2746500  4 11 21   7.5  991 227  3.0 6  5.2  76    0    0 296 -340  1
3797500 2746500  4 11 22   7.0  991 233  2.4 6  5.1  79    0    0 289 -336  1
3797500 2746500  4 11 23   7.0  992 242  2.2 6  5.2  81    0    0 289 -333  1
3797500 2746500  4 11 24   6.6  992 254  1.8 4  5.2  83    0    0 278 -327  1
3797500 2746500  4 12  1   5.7  992 256  0.9 3  5.1  84    0    0 259 -323  1
3797500 2746500  4 12  2   5.5  992 274  0.6 5  5.1  88    0    0 263 -320  1
3797500 2746500  4 12  3   5.4  992 234  1.3 5  5.0  88    0    0 271 -318  1
3797500 2746500  4 12  4   4.4  992 249  1.5 3  4.8  88    0    0 257 -317  1
3797500 2746500  4 12  5   3.7  992 247  1.5 4  4.6  89    0    0 246 -317  1
3797500 2746500  4 12  6   3.5  992 247  1.9 4  4.5  89    0    0 249 -316  1
3797500 2746500  4 12  7   3.4  992 222  1.6 4  4.4  89   17   41 246 -316  1
3797500 2746500  4 12  8   4.4  993 251  2.3 2  4.5  88  149   63 234 -318  1
3797500 2746500  4 12  9   5.9  993 259  3.0 4  4.7  84  247   91 237 -325  1
3797500 2746500  4 12 10   7.1  994 276  2.6 5  4.7  76  124  208 258 -337  1
3797500 2746500  4 12 11   7.8  994 272  3.8 7  4.4  67    9  224 280 -346  1
3797500 2746500  4 12 12   7.9  994 284  4.4 7  4.1  61    1  213 295 -351  1
3797500 2746500  4 12 13   7.5  994 267  4.3 6  4.0  60   18  261 294 -354  1
3797500 2746500  4 12 14   8.7  995 256  4.2 7  4.0  58   71  274 295 -355  1
3797500 2746500  4 12 15   8.5  995 263  5.1 6  3.8  53   31  234 294 -355  1
3797500 2746500  4 12 16   9.3  995 284  3.7 6  3.6  50   85  200 288 -355  1
3797500 2746500  4 12 17   9.9  995 286  3.0 6  3.4  46  116  135 287 -353  1
3797500 2746500  4 12 18   8.6  995 294  3.9 6  3.5  47   69   81 285 -348  1
3797500 2746500  4 12 19   8.4  996 276  3.3 4  3.5  50   26   28 273 -341  1
3797500 2746500  4 12 20   6.7  996 283  2.4 2  3.5  53    0    5 249 -333  1
3797500 2746500  4 12 21   5.4  997 281  3.2 0  3.6  61    0    0 222 -325  1
3797500 2746500  4 12 22   4.7  998 262  2.3 0  3.7  67    0    0 207 -321  1
3797500 2746500  4 12 23   3.8  998 241  2.4 0  3.7  71    0    0 204 -318  1
3797500 2746500  4 12 24   3.4  998 220  2.9 0  3.7  73    0    0 201 -316  1
3797500 2746500  4 13  1   2.8  998 217  2.2 0  3.6  75    0    0 200 -316  1
3797500 2746500  4 13  2   2.4  998 217  2.2 0  3.6  77    0    0 198 -315  1
3797500 2746500  4 13  3   2.6  998 225  2.7 0  3.6  78    0    0 197 -314  1
3797500 2746500  4 13  4   2.2  998 226  2.6 0  3.6  79    0    0 197 -313  1
3797500 2746500  4 13  5   2.2  998 216  3.5 0  3.6  79    0    0 195 -312  1
3797500 2746500  4 13  6   1.9  997 217  4.1 0  3.5  78    0    0 195 -312  1
3797500 2746500  4 13  7   2.2  997 212  4.5 0  3.5  79   28   49 193 -314  1
3797500 2746500  4 13  8   3.7  997 222  4.8 0  3.6  76  147   94 194 -315  1
3797500 2746500  4 13  9   5.2  997 227  6.1 0  3.8  71  311  107 196 -318  1
3797500 2746500  4 13 10   6.2  997 235  7.7 1  3.8  66  403  140 206 -322  1
3797500 2746500  4 13 11   6.9  997 239  7.7 3  3.6  59  297  259 231 -327  1
3797500 2746500  4 13 12   6.2  997 242  9.0 5  3.6  58   75  320 255 -336  1
3797500 2746500  4 13 13   4.8  997 232  8.2 6  4.0  70   29  294 270 -345  1
3797500 2746500  4 13 14   5.3  997 242  6.8 6  4.4  80   42  293 276 -352  1
3797500 2746500  4 13 15   5.2  997 232  5.5 6  4.5  80   44  266 275 -353  1
3797500 2746500  4 13 16   4.3  997 246  6.2 7  4.4  82   47  225 278 -352  1
3797500 2746500  4 13 17   3.2  998 252  5.1 7  4.3  86   34  167 279 -349  1
3797500 2746500  4 13 18   2.8  998 223  3.8 6  4.2  88   25  102 271 -345  1
3797500 2746500  4 13 19   3.8  998 218  1.8 6  4.2  86   13   37 265 -339  1
3797500 2746500  4 13 20   3.3  998 218  2.5 6  4.2  84    0    5 266 -335  1
3797500 2746500  4 13 21   3.5  998 207  2.2 6  4.1  83    0    0 266 -332  1
3797500 2746500  4 13 22   2.8  998 200  2.6 4  4.0  83    0    0 257 -329  1
3797500 2746500  4 13 23   2.3  998 211  3.2 3  3.9  84    0    0 242 -328  1
3797500 2746500  4 13 24   2.7  998 208  2.9 0  3.9  84    0    0 223 -327  1
3797500 2746500  4 14  1   2.2  998 191  3.4 1  3.9  86    0    0 214 -326  1
3797500 2746500  4 14  2   2.1  999 209  3.0 3  3.8  85    0    0 225 -324  1
3797500 2746500  4 14  3   1.6  999 211  3.2 3  3.7  85    0    0 232 -323  1
3797500 2746500  4 14  4   1.2  998 203  3.0 2  3.7  86    0    0 227 -321  1
3797500 2746500  4 14  5   1.0  999 181  2.0 2  3.6  86    0    0 225 -318  1
3797500 2746500  4 14  6   1.3  999 188  3.1 2  3.5  85    0    0 226 -318  1
3797500 2746500  4 14  7   1.6  998 190  3.2 3  3.6  84   14   49 232 -320  1
3797500 2746500  4 14  8   3.2  999 179  4.1 3  3.8  82   97  110 237 -322  1
3797500 2746500  4 14  9   4.6  999 188  4.4 3  3.9  76  249  130 240 -328  1
3797500 2746500  4 14 10   5.7  999 205  5.6 5  3.9  70  282  195 256 -333  1
3797500 2746500  4 14 11   6.3  999 199  6.1 6  3.7  63  146  292 276 -335  1
3797500 2746500  4 14 12   7.0  999 200  6.1 6  3.4  56  112  321 283 -339  1
3797500 2746500  4 14 13   7.1  999 218  4.1 7  3.4  53   60  313 285 -346  1
3797500 2746500  4 14 14   8.4  998 214  6.3 7  3.3  50   78  307 289 -349  1
3797500 2746500  4 14 15   8.0  998 223  5.7 6  3.4  50   88  276 286 -347  1
3797500 2746500  4 14 16   7.4  998 202  4.6 6  3.7  55   47  221 280 -347  1
3797500 2746500  4 14 17   7.8  998 187  4.3 5  3.8  58  234  117 275 -346  1
3797500 2746500  4 14 18   5.3  998 162  2.1 7  3.9  64   44  103 276 -342  1
3797500 2746500  4 14 19   5.7  998 160  4.4 6  4.2  74   28   37 278 -338  1
3797500 2746500  4 14 20   5.3  998 170  4.5 7  4.3  76    0    3 278 -334  1
3797500 2746500  4 14 21   5.5  998 159  4.3 6  4.2  75    0    0 277 -330  1
3797500 2746500  4 14 22   5.1  999 176  4.8 4  4.2  74    0    0 264 -326  1
3797500 2746500  4 14 23   5.3  999 148  4.2 4  4.1  73    0    0 257 -324  1
3797500 2746500  4 14 24   4.9  999 153  4.6 6  4.0  73    0    0 267 -323  1
3797500 2746500  4 15  1   4.4  998 143  3.9 7  4.0  74    0    0 278 -323  1
3797500 2746500  4 15  2   4.9  998 143  3.7 6  3.9  73    0    0 279 -322  1
3797500 2746500  4 15  3   5.3  997 140  4.0 6  3.7  68    0    0 278 -322  1
3797500 2746500  4 15  4   5.2  997 128  4.3 6  3.6  64    0    0 280 -321  1
3797500 2746500  4 15  5   5.4  996 125  3.9 7  3.5  63    0    0 285 -321  1
3797500 2746500  4 15  6   5.8  995 152  4.0 8  3.5  62    0    0 296 -323  1
3797500 2746500  4 15  7   5.1  994 151  3.4 8  3.8  66    0   13 304 -325  1
3797500 2746500  4 15  8   6.2  994 139  3.0 8  3.9  68    0   70 308 -328  1
3797500 2746500  4 15  9   7.7  993 158  4.6 7  3.7  59   57  199 308 -333  1
3797500 2746500  4 15 10   7.5  991 159  5.6 7  3.7  56   16  224 307 -337  1
3797500 2746500  4 15 11   7.7  991 172  7.2 7  4.1  62    5  228 308 -340  1
3797500 2746500  4 15 12   8.1  990 162  8.0 7  4.5  66    0  201 311 -343  1
3797500 2746500  4 15 13   7.9  989 160  7.3 7  4.8  70    4  235 311 -344  1
3797500 2746500  4 15 14   8.9  989 157  8.0 7  5.0  71   27  273 310 -346  1
3797500 2746500  4 15 15   8.8  988 160  7.3 7  5.2  72   19  263 310 -351  1
3797500 2746500  4 15 16   9.7  987 159  7.4 7  5.5  73   14  186 313 -353  1
3797500 2746500  4 15 17   9.2  986 149  5.0 6  5.5  73   10  160 307 -355  1
3797500 2746500  4 15 18   9.3  986 149  4.1 7  5.6  75    0   69 309 -354  1
3797500 2746500  4 15 19   9.8  985 169  4.6 8  5.8  76    0   26 326 -348  1
3797500 2746500  4 15 20   8.7  984 160  5.2 8  6.0  80    0    0 333 -341  1
3797500 2746500  4 15 21   8.4  984 168  4.5 7  6.1  85    0    0 325 -335  1
3797500 2746500  4 15 22   8.0  984 191  4.8 8  6.0  86    0    0 323 -333  1
3797500 2746500  4 15 23   6.7  984 219  4.7 8  5.8  87    0    0 326 -332  1
3797500 2746500  4 15 24   5.1  984 228  5.9 8  5.2  87    0    0 321 -332  1
3797500 2746500  4 16  1   4.9  985 199  4.7 6  4.8  86    0    0 305 -332  1
3797500 2746500  4 16  2   4.2  985 201  4.7 5  4.5  83    0    0 284 -331  1
3797500 2746500  4 16  3   3.9  984 190  4.6 7  4.3  82    0    0 286 -331  1
3797500 2746500  4 16  4   2.6  984 208  5.6 6  4.2  86    0    0 289 -329  1
3797500 2746500  4 16  5   3.0  984 221  6.9 5  4.2  88    0    0 277 -327  1
3797500 2746500  4 16  6   3.0  984 223  5.7 7  4.3  89    0    0 282 -327  1
3797500 2746500  4 16  7   3.6  985 239  6.1 8  4.5  90    0   21 296 -327  1
3797500 2746500  4 16  8   3.9  985 231  6.9 8  4.6  91    0   39 302 -328  1
3797500 2746500  4 16  9   4.0  986 231  8.3 8  4.7  91    0  103 300 -330  1
3797500 2746500  4 16 10   5.7  987 235  9.0 7  4.7  85   85  237 295 -333  1
3797500 2746500  4 16 11   7.1  988 232  7.2 5  4.5  73  213  277 282 -335  1
3797500 2746500  4 16 12   8.2  989 236  7.8 6  4.2  62   55  299 279 -342  1
3797500 2746500  4 16 13   9.2  988 248  7.5 7  4.1  57   11  252 292 -353  1
3797500 2746500  4 16 14   9.4  988 229  6.0 6  4.0  54  147  292 293 -356  1
3797500 2746500  4 16 15   9.4  988 290  4.4 6  4.0  54   79  285 286 -356  1
3797500 2746500  4 16 16   9.9  988 282  4.0 6  4.0  52  130  225 288 -354  1
3797500 2746500  4 16 17   8.2  987 301  5.4 7  4.0  55   44  175 289 -352  1
3797500 2746500  4 16 18   8.3  987 243  3.6 8  4.2  60    6   94 295 -353  1
3797500 2746500  4 16 19   6.1  987  69  1.7 8  4.5  70    3   34 297 -349  1
3797500 2746500  4 16 20   5.8  987  75  2.0 8  4.9  82    0    3 293 -341  1
3797500 2746500  4 16 21   5.6  987 127  2.8 7  4.7  81    0    0 286 -334  1
3797500 2746500  4 16 22   6.1  987 146  3.1 5  4.4  75    0    0 272 -331  1
3797500 2746500  4 16 23   5.6  987 131  3.3 5  4.2  71    0    0 262 -330  1
3797500 2746500  4 16 24   5.7  986 129  3.0 5  4.1  71    0    0 261 -329  1
3797500 2746500  4 17  1   5.1  986 134  3.3 6  4.0  70    0    0 264 -328  1
3797500 2746500  4 17  2   4.9  985 104  4.2 6  3.8  69    0    0 266 -328  1
3797500 2746500  4 17  3   4.5  985 120  3.6 7  3.8  70    0    0 270 -326  1
3797500 2746500  4 17  4   4.7  984 108  3.1 7  3.7  69    0    0 273 -323  1
3797500 2746500  4 17  5   5.4  984 102  3.2 7  3.7  66    0    0 274 -323  1
3797500 2746500  4 17  6   5.8  983 114  2.9 7  3.6  62    0    0 274 -323  1
3797500 2746500  4 17  7   6.4  983  95  2.8 7  3.6  60    0   29 274 -324  1
3797500 2746500  4 17  8   7.0  983  97  3.0 8  3.7  59    3  100 279 -326  1
3797500 2746500  4 17  9   7.9  983  74  3.0 7  3.9  58   17  179 280 -330  1
3797500 2746500  4 17 10   8.5  983  80  3.7 7  3.9  56   33  242 277 -337  1
3797500 2746500  4 17 11   9.4  983  85  3.4 8  4.0  55    0  115 288 -348  1
3797500 2746500  4 17 12  10.4  983  86  3.8 8  4.1  52    8  252 301 -355  1
3797500 2746500  4 17 13  12.4  983 105  3.5 6  4.2  49   73  320 298 -361  1
3797500 2746500  4 17 14  12.3  983 139  3.3 8  4.4  47    1  204 299 -365  1
3797500 2746500  4 17 15  12.4  983 143  4.2 7  4.4  48    0  193 302 -366  1
3797500 2746500  4 17 16  11.6  983  90  2.6 7  4.6  51    0  121 296 -363  1
3797500 2746500  4 17 17  11.3  983  64  1.8 8  5.0  57    0   87 300 -357  1
3797500 2746500  4 17 18  10.7  984 165  2.8 8  5.3  64    0   59 303 -353  1
3797500 2746500  4 17 19   9.4  984 131  1.1 8  5.7  73    0   23 301 -348  1
3797500 2746500  4 17 20   9.3  985 138  2.0 7  6.0  80    0    0 294 -341  1
3797500 2746500  4 17 21   8.7  986 149  2.0 7  6.1  82    0    0 287 -335  1
3797500 2746500  4 17 22   8.6  987 132  1.3 8  6.1  85    0    0 291 -331  1
3797500 2746500  4 17 23   8.4  987 143  1.3 8  6.1  86    0    0 293 -329  1
3797500 2746500  4 17 24   8.3  987 138  1.2 4  6.0  86    0    0 277 -329  1
3797500 2746500  4 18  1   7.8  988 156  1.1 4  6.0  87    0    0 261 -330  1
3797500 2746500  4 18  2   7.6  988 168  0.8 4  5.9  88    0    0 260 -330  1
3797500 2746500  4 18  3   6.7  988 178  1.3 4  5.7  88    0    0 261 -331  1
3797500 2746500  4 18  4   5.5  989 167  0.9 4  5.5  91    0    0 258 -331  1
3797500 2746500  4 18  5   5.4  989  93  0.3 4  5.2  91    0    0 256 -331  1
3797500 2746500  4 18  6   5.3  990 139  0.3 5  5.1  89    0    0 259 -328  1
3797500 2746500  4 18  7   5.4  990 157  0.4 6  5.0  88   34   54 264 -325  1
3797500 2746500  4 18  8   7.3  991 207  0.2 3  5.3  87  174   86 259 -327  1
3797500 2746500  4 18  9   9.3  991 242  0.0 3  5.6  80  325  103 255 -334  1
3797500 2746500  4 18 10  10.5  991 225  0.0 4  5.5  70  358  168 264 -344  1
3797500 2746500  4 18 11  11.0  992 321  0.1 6  5.3  65  177  281 277 -355  1
3797500 2746500  4 18 12  11.9  992 281  0.6 6  5.1  60   84  303 290 -362  1
3797500 2746500  4 18 13  11.4  993 358  1.2 7  5.1  59   13  255 301 -364  1
3797500 2746500  4 18 14  12.0  993 330  2.0 7  5.3  61   14  238 305 -364  1
3797500 2746500  4 18 15  11.8  993   0  2.5 8  5.4  62    0  173 306 -364  1
3797500 2746500  4 18 16  11.5  993 217  2.6 7  5.4  62   10  165 304 -361  1
3797500 2746500  4 18 17  11.4  994   3  2.1 8  5.4  63    0  120 303 -359  1
3797500 2746500  4 18 18  11.1  994 351  0.6 8  5.5  65    0   75 306 -357  1
3797500 2746500  4 18 19   9.2  995 229  3.3 8  5.6  72    0   16 301 -354  1
3797500 2746500  4 18 20   8.6  996 156  2.0 8  5.8  80    0    0 296 -348  1
3797500 2746500  4 18 21   8.2  996 127  1.1 8  5.9  84    0    0 293 -342  1
3797500 2746500  4 18 22   8.5  997 301  0.4 8  6.0  86    0    0 293 -339  1
3797500 2746500  4 18 23   8.3  997 270  0.8 8  6.0  86    0    0 294 -335  1
3797500 2746500  4 18 24   8.2  998 227  1.2 8  6.0  87    0    0 293 -333  1
3797500 2746500  4 19  1   8.1  998 190  1.4 7  6.0  88    0    0 290 -330  1
3797500 2746500  4 19  2   8.3  999 280  1.0 6  6.1  89    0    0 286 -328  1
3797500 2746500  4 19  3   8.0  999 306  1.1 5  6.1  90    0    0 280 -327  1
3797500 2746500  4 19  4   8.0  999 246  1.1 7  6.1  90    0    0 286 -326  1
3797500 2746500  4 19  5   8.0  999 262  1.4 7  6.1  89    0    0 294 -325  1
3797500 2746500  4 19  6   7.8  999 263  1.2 7  6.0  90    0    0 297 -325  1
3797500 2746500  4 19  7   7.7 1000 272  1.5 7  6.1  91    0   23 298 -327  1
3797500 2746500  4 19  8   7.7 1000 255  2.3 8  6.1  92    0   40 303 -332  1
3797500 2746500  4 19  9   7.6 1001 271  2.5 8  6.1  92    0   96 308 -340  1
3797500 2746500  4 19 10   7.7 1001 261  2.5 8  6.1  92    2  186 311 -350  1
3797500 2746500  4 19 11   8.2 1002 251  2.5 8  6.1  91    7  232 317 -361  1
3797500 2746500  4 19 12   9.5 1002 231  3.1 5  6.2  86   87  345 312 -366  1
3797500 2746500  4 19 13  10.6 1003 240  3.9 4  6.0  77  134  367 302 -369  1
3797500 2746500  4 19 14  11.0 1003 213  3.3 4  5.7  70  167  366 300 -372  1
3797500 2746500  4 19 15  11.6 1003 214  3.4 4  5.5  66  159  351 300 -371  1
3797500 2746500  4 19 16  12.2 1003 219  3.3 3  5.3  60  203  273 296 -369  1
3797500 2746500  4 19 17  12.3 1003 223  2.6 2  5.2  58  184  208 288 -368  1
3797500 2746500  4 19 18  11.6 1004 243  1.7 4  5.3  60   95  139 297 -365  1
3797500 2746500  4 19 19  11.1 1004 200  1.3 7  5.4  64   10   52 323 -361  1
3797500 2746500  4 19 20  10.0 1004 189  1.1 7  5.4  68    0    6 336 -358  1
3797500 2746500  4 19 21  10.1 1004 168  0.9 8  5.3  69    0    0 339 -357  1
3797500 2746500  4 19 22   9.1 1005 161  1.3 6  5.2  69    0    0 334 -356  1
3797500 2746500  4 19 23   8.4 1005 179  1.3 6  5.2  73    0    0 324 -356  1
3797500 2746500  4 19 24   8.8 1005 177  2.1 6  5.1  72    0    0 324 -357  1
3797500 2746500  4 20  1   8.6 1005 171  2.3 5  5.1  72    0    0 319 -356  1
3797500 2746500  4 20  2   7.6 1005 160  2.8 2  4.8  71    0    0 298 -355  1
3797500 2746500  4 20  3   7.3 1005 160  3.5 4  4.5  70    0    0 288 -354  1
3797500 2746500  4 20  4   7.6 1005 150  3.7 6  4.5  70    0    0 306 -354  1
3797500 2746500  4 20  5   7.9 1005 162  5.2 6  4.5  68    0    0 317 -354  1
3797500 2746500  4 20  6   7.9 1004 163  5.5 5  4.5  67    0    3 312 -354  1
3797500 2746500  4 20  7   8.2 1004 160  5.5 7  4.7  70    0   17 316 -356  1
3797500 2746500  4 20  8   8.2 1004 170  6.8 8  5.1  74    4  113 331 -358  1
3797500 2746500  4 20  9   8.3 1004 171  6.4 8  5.4  79    0  117 337 -363  1
3797500 2746500  4 20 10   9.0 1004 160  6.4 8  5.6  79    0  156 339 -368  1
3797500 2746500  4 20 11   9.6 1004 169  6.4 8  5.6  76    4  235 341 -369  1
3797500 2746500  4 20 12  11.8 1004 178  6.5 8  5.9  73   44  330 346 -371  1
3797500 2746500  4 20 13  10.6 1004 174  4.9 8  6.2  74   20  294 346 -374  1
3797500 2746500  4 20 14  10.5 1004 182  4.3 8  6.5  81    0  190 343 -377  1
3797500 2746500  4 20 15  11.1 1004 173  4.9 8  6.8  83    0  120 342 -375  1
3797500 2746500  4 20 16  11.6 1004 168  3.8 8  6.7  79    0  110 343 -370  1
3797500 2746500  4 20 17  10.8 1004 169  4.6 7  6.7  80    0  115 337 -366  1
3797500 2746500  4 20 18  11.1 1004 170  3.4 7  6.7  82    0   72 330 -362  1
3797500 2746500  4 20 19  11.0 1005 189  3.4 7  6.8  82    0   19 329 -358  1
3797500 2746500  4 20 20  10.6 1005 171  2.9 8  6.7  83    0    7 332 -354  1
3797500 2746500  4 20 21  10.0 1005 186  1.7 8  6.5  82    0    0 334 -351  1
3797500 2746500  4 20 22   9.9 1006 197  2.9 8  6.3  82    0    0 332 -350  1
3797500 2746500  4 20 23   9.3 1006 183  2.9 8  6.3  84    0    0 331 -351  1
3797500 2746500  4 20 24   9.2 1007 297  1.7 8  6.3  86    0    0 331 -353  1
3797500 2746500  4 21  1   9.0 1007 201  1.4 8  6.3  87    0    0 331 -354  1
3797500 2746500  4 21  2   8.8 1007 202  2.4 7  6.3  88    0    0 324 -355  1
3797500 2746500  4 21  3   8.0 1007 212  2.7 5  6.2  90    0    0 306 -356  1
3797500 2746500  4 21  4   7.2 1008 222  1.9 4  5.9  90    0    0 286 -356  1
3797500 2746500  4 21  5   6.7 1008 203  2.4 5  5.6  89    0    0 283 -356  1
3797500 2746500  4 21  6   6.1 1009 213  2.1 4  5.3  89    0    6 280 -356  1
3797500 2746500  4 21  7   6.7 1009 205  2.3 5  5.3  89    2   46 280 -356  1
3797500 2746500  4 21  8   7.3 1010 215  2.5 8  5.5  87    6  106 303 -358  1
3797500 2746500  4 21  9   8.6 1011 206  3.8 6  5.7  85  128  195 310 -361  1
3797500 2746500  4 21 10  10.3 1011 223  3.5 3  6.0  81  293  204 288 -367  1
3797500 2746500  4 21 11  11.1 1011 231  2.9 4  6.0  75  295  250 283 -370  1
3797500 2746500  4 21 12  12.6 1011 247  1.9 5  5.8  67  213  292 296 -372  1
3797500 2746500  4 21 13  12.7 1011 238  1.9 5  5.6  61  171  299 305 -376  1
3797500 2746500  4 21 14  14.7 1011 232  2.6 5  5.4  55  137  284 310 -379  1
3797500 2746500  4 21 15  14.5 1011 250  1.9 5  5.3  51  257  271 313 -381  1
3797500 2746500  4 21 16  15.1 1011 182  1.9 4  5.1  48  348  157 310 -386  1
3797500 2746500  4 21 17  15.4 1011 268  1.1 5  5.0  46  169  166 310 -388  1
3797500 2746500  4 21 18  14.9 1011 262  1.8 7  5.0  47   33  115 319 -388  1
3797500 2746500  4 21 19  14.5 1011 289  0.8 5  5.0  48   53   46 317 -384  1
3797500 2746500  4 21 20  13.4 1011   5  0.0 5  5.1  51    5    9 306 -376  1
3797500 2746500  4 21 21  12.9 1012   8  0.0 6  5.1  54    0    0 306 -369  1
3797500 2746500  4 21 22  12.8 1012  90  0.1 6  5.2  56    0    0 309 -364  1
3797500 2746500  4 21 23  12.3 1012 103  2.2 7  5.5  60    0    0 311 -361  1
3797500 2746500  4 21 24  11.7 1012 102  1.1 8  5.6  64    0    0 314 -359  1
3797500 2746500  4 22  1  11.4 1012 111  2.3 8  5.6  66    0    0 315 -358  1
3797500 2746500  4 22  2  11.1 1012 102  2.2 7  5.6  67    0    0 311 -357  1
3797500 2746500  4 22  3  11.1 1012 102  2.8 5  5.7  69    0    0 303 -355  1
3797500 2746500  4 22  4  11.1 1011 104  2.5 6  5.6  68    0    0 300 -354  1
3797500 2746500  4 22  5  10.7 1011 103  2.7 8  5.5  68    0    0 308 -353  1
3797500 2746500  4 22  6  10.9 1011 101  2.5 8  5.4  67    0    0 312 -352  1
3797500 2746500  4 22  7  11.1 1011 100  2.3 7  5.4  66    0   16 308 -354  1
3797500 2746500  4 22  8  12.0 1011 130  2.3 7  5.6  65   21  126 305 -359  1
3797500 2746500  4 22  9  14.2 1011 140  3.8 7  5.8  62  131  206 307 -370  1
3797500 2746500  4 22 10  15.6 1011 151  3.7 5  5.9  56  339  199 307 -383  1
3797500 2746500  4 22 11  17.3 1011 152  3.8 5  6.1  52  491  186 307 -395  1
3797500 2746500  4 22 12  18.4 1010 158  3.7 5  6.1  48  554  191 313 -407  1
3797500 2746500  4 22 13  19.4 1010 164  2.4 5  6.1  45  567  200 318 -415  1
3797500 2746500  4 22 14  19.9 1009 118  2.8 4  6.1  43  554  189 320 -420  1
3797500 2746500  4 22 15  20.0 1009  69  3.2 4  5.8  40  452  201 318 -422  1
3797500 2746500  4 22 16  20.4 1009 112  3.1 4  5.7  38  231  222 317 -420  1
3797500 2746500  4 22 17  20.5 1008 113  3.4 3  5.8  38  296  124 315 -416  1
3797500 2746500  4 22 18  20.4 1008 118  3.5 2  5.9  39  199   85 309 -410  1
3797500 2746500  4 22 19  19.2 1008  77  2.7 2  5.9  41   69   53 305 -402  1
3797500 2746500  4 22 20  17.8 1008  76  2.9 1  5.9  44    4   10 299 -393  1
3797500 2746500  4 22 21  15.8 1008  84  2.6 1  5.9  49    0    0 290 -384  1
3797500 2746500  4 22 22  15.4 1008 110  1.8 1  6.0  54    0    0 287 -378  1
3797500 2746500  4 22 23  13.9 1008 110  2.6 1  5.9  56    0    0 284 -374  1
3797500 2746500  4 22 24  14.1 1008 101  3.6 0  5.6  56    0    0 280 -371  1
3797500 2746500  4 23  1  13.5 1009  89  1.6 1  5.5  55    0    0 280 -368  1
3797500 2746500  4 23  2  13.1 1008  99  2.8 0  5.3  56    0    0 279 -365  1
3797500 2746500  4 23  3  12.7 1008 115  3.7 0  5.3  57    0    0 277 -364  1
3797500 2746500  4 23  4  12.5 1008 114  3.4 0  5.2  57    0    0 277 -362  1
3797500 2746500  4 23  5  12.4 1007 126  2.3 0  5.1  57    0    0 277 -360  1
3797500 2746500  4 23  6  13.1 1007 127  4.5 2  5.0  54    0    5 283 -357  1
3797500 2746500  4 23  7  14.4 1007 144  5.0 3  4.9  50   42   66 292 -357  1
3797500 2746500  4 23  8  15.4 1007 149  5.5 3  4.8  45  172  102 298 -364  1
3797500 2746500  4 23  9  16.8 1007 178  5.4 3  4.6  40  304  136 301 -378  1
3797500 2746500  4 23 10  17.7 1007 152  6.2 3  4.6  38  458  146 306 -393  1
3797500 2746500  4 23 11  19.2 1006 158  6.4 2  4.8  36  538  168 309 -403  1
3797500 2746500  4 23 12  20.1 1006 160  5.2 2  4.8  34  593  179 313 -411  1
3797500 2746500  4 23 13  21.3 1005 172  5.3 3  5.0  33  630  170 322 -418  1
3797500 2746500  4 23 14  21.9 1005 179  4.8 3  5.4  33  618  158 331 -423  1
3797500 2746500  4 23 15  22.1 1004 157  4.0 3  5.5  33  543  152 335 -422  1
3797500 2746500  4 23 16  22.2 1004 137  4.9 2  5.7  34  472  122 332 -416  1
3797500 2746500  4 23 17  22.0 1004 168  4.2 4  6.3  38  260  142 336 -411  1
3797500 2746500  4 23 18  21.6 1003 173  3.2 6  6.6  40   35  125 349 -407  1
3797500 2746500  4 23 19  17.5 1003 212  5.9 7  7.0  49    0   25 352 -402  1
3797500 2746500  4 23 20  15.6 1004 152  2.5 7  8.0  68    0    5 348 -396  1
3797500 2746500  4 23 21  15.0 1004 167  2.0 7  8.7  79    0    0 347 -392  1
3797500 2746500  4 23 22  15.2 1004 212  2.7 8  8.9  82    0    0 351 -388  1
3797500 2746500  4 23 23  15.0 1005 231  3.5 8  8.7  80    0    0 356 -384  1
3797500 2746500  4 23 24  14.4 1005 265  3.3 8  8.0  76    0    0 356 -379  1
3797500 2746500  4 24  1  13.0 1006 240  4.5 6  7.4  75    0    0 343 -379  1
3797500 2746500  4 24  2  12.1 1006 193  3.2 6  7.5  82    0    0 332 -380  1
3797500 2746500  4 24  3  12.2 1006 197  3.8 6  7.7  87    0    0 331 -379  1
3797500 2746500  4 24  4  12.2 1006 214  4.3 7  7.7  86    0    0 338 -377  1
3797500 2746500  4 24  5  11.8 1006 210  4.4 6  7.5  85    0    0 338 -375  1
3797500 2746500  4 24  6  11.0 1006 217  4.3 6  7.2  85    0   13 331 -374  1
3797500 2746500  4 24  7  10.8 1006 221  4.4 6  7.0  86    0   46 330 -373  1
3797500 2746500  4 24  8  11.0 1007 223  5.3 8  7.0  85    0   81 341 -372  1
3797500 2746500  4 24  9  11.1 1007 219  4.8 8  7.0  85    0  126 352 -371  1
3797500 2746500  4 24 10  11.2 1008 221  6.3 8  7.1  85    0  124 352 -371  1
3797500 2746500  4 24 11  11.3 1008 220  4.7 8  7.1  85    0  102 354 -373  1
3797500 2746500  4 24 12  12.2 1009 239  5.1 7  7.1  82    0  180 350 -377  1
3797500 2746500  4 24 13  13.0 1009 223  4.4 7  7.1  78    2  248 348 -384  1
3797500 2746500  4 24 14  12.4 1010 246  5.2 7  7.1  78    0  161 347 -385  1
3797500 2746500  4 24 15  13.0 1010 228  5.1 7  7.2  78    0  198 346 -381  1
3797500 2746500  4 24 16  13.5 1010 227  4.1 8  7.2  75    0  135 351 -383  1
3797500 2746500  4 24 17  14.2 1011 218  4.7 7  7.2  72   14  185 350 -385  1
3797500 2746500  4 24 18  14.6 1010 215  4.8 7  7.0  68   34  139 348 -383  1
3797500 2746500  4 24 19  14.3 1010 217  5.1 7  6.5  63   15   61 348 -379  1
3797500 2746500  4 24 20  13.9 1010 216  4.2 7  6.3  63    0    9 347 -373  1
3797500 2746500  4 24 21  13.8 1011 212  3.7 7  6.3  63    0    0 345 -365  1
3797500 2746500  4 24 22  13.6 1011 206  3.7 8  6.2  64    0    0 350 -362  1
3797500 2746500  4 24 23  13.6 1011 196  4.2 8  6.3  65    0    0 356 -363  1
3797500 2746500  4 24 24  13.7 1010 202  4.2 8  6.4  66    0    0 356 -364  1
3797500 2746500  4 25  1  13.3 1010 188  4.3 8  6.6  68    0    0 357 -364  1
3797500 2746500  4 25  2  13.5 1010 196  3.5 8  6.8  71    0    0 357 -364  1
3797500 2746500  4 25  3  13.0 1010 202  3.4 8  7.0  74    0    0 357 -365  1
3797500 2746500  4 25  4  13.1 1010 195  4.0 7  7.3  78    0    0 352 -366  1
3797500 2746500  4 25  5  13.0 1010 188  3.3 8  7.6  81    0    0 354 -368  1
3797500 2746500  4 25  6  12.6 1010 192  3.6 8  7.6  82    0    5 359 -368  1
3797500 2746500  4 25  7  13.3 1009 181  3.7 6  7.7  83    2   47 349 -369  1
3797500 2746500  4 25  8  13.3 1009 181  3.8 7  7.9  82    0   78 344 -372  1
3797500 2746500  4 25  9  13.5 1009 180  4.2 7  8.0  83    0  132 351 -378  1
3797500 2746500  4 25 10  13.7 1009 183  4.9 8  8.2  83    0  129 358 -386  1
3797500 2746500  4 25 11  14.5 1008 169  4.0 7  8.4  83    0  203 360 -387  1
3797500 2746500  4 25 12  15.1 1008 188  3.7 7  8.5  81    0  219 356 -384  1
3797500 2746500  4 25 13  15.9 1007 184  4.9 8  8.6  78    0  133 364 -384  1
3797500 2746500  4 25 14  15.8 1006 197  4.7 8  8.5  75    0   72 372 -384  1
3797500 2746500  4 25 15  14.8 1006 196  3.7 8  8.5  78    0  130 370 -385  1
3797500 2746500  4 25 16  15.1 1006 194  4.7 8  8.6  80    0  111 369 -387  1
3797500 2746500  4 25 17  14.8 1006 211  4.8 8  8.4  79    0   59 369 -387  1
3797500 2746500  4 25 18  15.4 1005 208  5.6 7  8.4  78    0   63 364 -386  1
3797500 2746500  4 25 19  15.3 1005 209  5.5 7  8.3  76    0   30 360 -385  1
3797500 2746500  4 25 20  14.9 1005 221  4.2 7  8.3  77    0    3 359 -385  1
3797500 2746500  4 25 21  14.7 1004 201  4.8 6  8.2  77    0    0 354 -383  1
3797500 2746500  4 25 22  14.4 1004 178  3.2 6  8.1  77    0    0 348 -382  1
3797500 2746500  4 25 23  14.6 1004 178  4.6 7  8.2  78    0    0 352 -381  1
3797500 2746500  4 25 24  14.3 1003 178  4.8 7  8.3  80    0    0 357 -379  1
3797500 2746500  4 26  1  13.7 1003 189  4.5 7  8.3  83    0    0 354 -377  1
3797500 2746500  4 26  2  12.8 1002 197  3.0 7  8.3  86    0    0 351 -375  1
3797500 2746500  4 26  3  13.1 1002 227  3.3 7  8.2  87    0    0 349 -373  1
3797500 2746500  4 26  4  12.0 1002 270  3.4 7  7.9  86    0    0 347 -370  1
3797500 2746500  4 26  5  11.0 1002 264  3.4 8  7.6  89    0    0 350 -366  1
3797500 2746500  4 26  6  10.4 1002 240  2.6 8  7.4  91    0    0 354 -363  1
3797500 2746500  4 26  7  10.2 1001 224  2.5 8  7.3  92    0   18 350 -362  1
3797500 2746500  4 26  8   9.7 1002 239  2.3 8  7.1  92    0   45 346 -364  1
3797500 2746500  4 26  9   9.4 1002 229  2.3 8  6.9  92    0   62 342 -371  1
3797500 2746500  4 26 10   9.6 1002 180  1.8 8  6.8  91    0   90 341 -379  1
3797500 2746500  4 26 11  10.2 1001 203  1.8 8  6.6  86    0  128 341 -388  1
3797500 2746500  4 26 12  11.0 1001 228  1.3 8  6.5  81    0  223 343 -395  1
3797500 2746500  4 26 13  11.4 1000 343  1.3 8  6.8  81    1  234 347 -402  1
3797500 2746500  4 26 14  11.1 1000 331  2.0 8  7.1  85    0  170 347 -406  1
3797500 2746500  4 26 15  11.0 1000 293  1.9 8  7.4  89    0  125 347 -407  1
3797500 2746500  4 26 16  11.0 1000 307  1.4 7  7.4  89    0  115 339 -404  1
3797500 2746500  4 26 17  11.3  999  43  1.1 7  7.2  86    3  151 331 -398  1
3797500 2746500  4 26 18  10.8  999 342  0.7 7  7.1  85    7  112 330 -392  1
3797500 2746500  4 26 19  10.9  999 236  1.4 8  7.1  87    7   53 335 -387  1
3797500 2746500  4 26 20  10.5  999 288  1.0 8  7.1  87    3   10 342 -380  1
3797500 2746500  4 26 21  10.2  999 106  1.2 8  6.9  87    0    0 340 -374  1
3797500 2746500  4 26 22  10.0 1000  47  1.1 8  6.8  87    0    0 340 -371  1
3797500 2746500  4 26 23   9.9 1000 106  0.6 8  6.9  89    0    0 339 -371  1
3797500 2746500  4 26 24  10.0  999 338  1.3 8  6.9  90    0    0 340 -370  1
3797500 2746500  4 27  1  10.0  998  50  0.3 8  7.0  90    0    0 342 -370  1
3797500 2746500  4 27  2   9.9  999  45  1.2 8  7.1  91    0    0 342 -369  1
3797500 2746500  4 27  3   9.9  998 350  1.2 8  7.1  92    0    0 341 -369  1
3797500 2746500  4 27  4   9.8  998  18  1.3 8  7.1  92    0    0 341 -368  1
3797500 2746500  4 27  5   9.6  997  56  1.5 8  7.1  93    0    0 340 -367  1
3797500 2746500  4 27  6   9.5  996  54  1.5 8  7.1  94    0    7 339 -366  1
3797500 2746500  4 27  7  10.1  996  40  2.2 6  7.1  93    1   54 328 -366  1
3797500 2746500  4 27  8  10.5  996  41  2.8 7  7.2  91    0   79 325 -369  1
3797500 2746500  4 27  9  10.7  996  52  3.7 8  7.3  90    0   96 337 -373  1
3797500 2746500  4 27 10  10.8  995  41  3.3 7  7.2  88    0  146 337 -377  1
3797500 2746500  4 27 11  10.6  995  44  2.9 7  7.2  88    0  100 332 -379  1
3797500 2746500  4 27 12  10.6  995  29  3.3 8  7.1  88    0  102 336 -383  1
3797500 2746500  4 27 13  10.5  995  43  3.4 8  7.1  88    0  110 341 -388  1
3797500 2746500  4 27 14  10.6  995  50  3.5 8  7.1  88    0  113 340 -392  1
3797500 2746500  4 27 15  10.7  994  30  1.7 8  7.2  88    0   97 339 -395  1
3797500 2746500  4 27 16  10.8  994  22  3.4 8  7.2  88    0   71 337 -396  1
3797500 2746500  4 27 17  11.1  994  44  0.9 7  7.2  87    0   55 330 -392  1
3797500 2746500  4 27 18  11.0  994 270  2.5 7  7.2  86    0   43 324 -385  1
3797500 2746500  4 27 19  10.8  995  40  2.7 8  7.3  87    0   12 329 -382  1
3797500 2746500  4 27 20  10.5  995 256  2.9 8  7.2  88    0    1 333 -377  1
3797500 2746500  4 27 21  10.3  995 227  3.0 8  7.1  89    0    0 332 -372  1
3797500 2746500  4 27 22  10.1  996 214  3.0 8  7.0  89    0    0 330 -369  1
3797500 2746500  4 27 23  10.2  996 167  2.8 8  7.1  89    0    0 330 -368  1
3797500 2746500  4 27 24  10.4  996 152  2.8 7  7.3  90    0    0 323 -367  1
3797500 2746500  4 28  1  10.7 1005 159  2.9 7  7.4  90    0    0 324 -370  1
3797500 2746500  4 28  2  10.8 1005 201  3.4 7  7.5  90    0    0 336 -369  1
3797500 2746500  4 28  3  10.8 1005 222  3.7 7  7.5  90    0    0 337 -369  1
3797500 2746500  4 28  4  10.6 1005 215  4.0 7  7.3  90    0    0 328 -369  1
3797500 2746500  4 28  5  10.8 1005 209  3.6 6  7.4  90    0    0 325 -367  1
3797500 2746500  4 28  6  10.7 1005 195  3.7 7  7.2  90    0   12 326 -364  1
3797500 2746500  4 28  7  11.3 1004 196  4.3 4  7.3  88   54   48 312 -362  1
3797500 2746500  4 28  8  12.0 1004 191  4.7 6  7.2  84   12  117 308 -366  1
3797500 2746500  4 28  9  11.8 1003 178  5.5 7  7.1  80    0   81 326 -376  1
3797500 2746500  4 28 10  11.1 1003 180  6.4 7  7.2  84    0  108 332 -387  1
3797500 2746500  4 28 11  11.3 1002 190  6.3 8  7.5  90    0  114 340 -400  1
3797500 2746500  4 28 12  11.9 1001 221  6.8 8  7.9  91    0  109 350 -411  1
3797500 2746500  4 28 13  13.0 1001 220  6.0 8  8.1  88    0  119 355 -414  1
3797500 2746500  4 28 14  13.2 1000 218  6.1 8  8.0  84    0  107 358 -401  1
3797500 2746500  4 28 15  13.1 1000 219  5.2 8  8.0  84    0  104 359 -389  1
3797500 2746500  4 28 16  13.1  999 219  5.0 8  8.3  87    0  100 360 -385  1
3797500 2746500  4 28 17  14.0  998 227  6.1 7  8.4  85    0  114 356 -383  1
3797500 2746500  4 28 18  14.2  998 230  5.7 7  7.9  78    8  101 351 -383  1
3797500 2746500  4 28 19  14.1  997 224  6.1 7  7.3  72    5   44 351 -380  1
3797500 2746500  4 28 20  13.6  997 237  6.1 7  7.1  70    0    5 350 -377  1
3797500 2746500  4 28 21  13.1  997 240  6.4 7  6.9  71    0    0 347 -373  1
3797500 2746500  4 28 22  11.9  997 234  4.8 8  7.1  77    0    0 350 -371  1
3797500 2746500  4 28 23  11.1  997 239  4.6 8  7.3  85    0    0 352 -370  1
3797500 2746500  4 28 24  10.2  997 219  4.2 8  7.3  90    0    0 350 -369  1
3797500 2746500  4 29  1  10.7  996 227  5.2 8  7.5  93    0    0 351 -369  1
3797500 2746500  4 29  2  10.5  996 233  4.8 8  7.6  94    0    0 352 -367  1
3797500 2746500  4 29  3  10.4  995 238  6.2 8  7.6  94    0    0 354 -367  1
3797500 2746500  4 29  4  10.5  995 238  6.5 8  7.6  94    0    0 354 -366  1
3797500 2746500  4 29  5  10.6  995 248  5.3 8  7.7  94    0    0 355 -366  1
3797500 2746500  4 29  6  10.7  995 258  4.8 8  7.7  94    0    2 356 -366  1
3797500 2746500  4 29  7  10.5  996 270  4.6 6  7.5  93    0   41 343 -366  1
3797500 2746500  4 29  8  10.0  997 271  5.5 6  7.3  92    1  110 328 -366  1
3797500 2746500  4 29  9   9.8  997 260  5.8 8  7.1  92    0   95 340 -366  1
3797500 2746500  4 29 10   9.7  998 260  5.2 8  7.1  92    0   94 355 -367  1
3797500 2746500  4 29 11   9.9  999 261  5.9 7  7.1  92    0  114 348 -368  1
3797500 2746500  4 29 12   9.9  999 262  5.9 7  7.1  92    0  119 342 -366  1
3797500 2746500  4 29 13  10.1 1000 262  5.3 8  7.2  92    0  108 348 -366  1
3797500 2746500  4 29 14  10.4 1000 258  5.9 8  7.1  90    0   88 354 -366  1
3797500 2746500  4 29 15  10.0 1001 258  5.7 8  7.1  90    0   86 352 -367  1
3797500 2746500  4 29 16   9.9 1001 260  5.3 8  7.1  92    0   77 351 -367  1
3797500 2746500  4 29 17   9.8 1002 281  5.5 8  7.1  92    0   68 349 -366  1
3797500 2746500  4 29 18   9.9 1002 273  4.6 8  7.0  91    0   44 349 -366  1
3797500 2746500  4 29 19   9.8 1003 267  4.9 8  6.9  90    0   24 350 -366  1
3797500 2746500  4 29 20   9.7 1003 285  4.6 8  6.9  90    0    3 350 -366  1
3797500 2746500  4 29 21   9.6 1004 279  3.8 8  6.9  91    0    0 350 -366  1
3797500 2746500  4 29 22   9.5 1005 279  3.8 8  6.8  91    0    0 350 -365  1
3797500 2746500  4 29 23   9.2 1006 304  2.5 8  6.8  92    0    0 350 -364  1
3797500 2746500  4 29 24   8.9 1007 311  3.1 8  6.6  92    0    0 350 -362  1
3797500 2746500  4 30  1   8.9 1007 307  3.0 8  6.6  92    0    0 350 -361  1
3797500 2746500  4 30  2   9.0 1008 312  2.5 7  6.7  93    0    0 343 -360  1
3797500 2746500  4 30  3   9.1 1009 306  2.9 7  6.7  93    0    0 336 -360  1
3797500 2746500  4 30  4   8.9 1010 327  2.4 8  6.7  93    0    0 345 -359  1
3797500 2746500  4 30  5   8.7 1010 333  2.3 8  6.6  94    0    0 353 -359  1
3797500 2746500  4 30  6   8.1 1011 351  1.7 7  6.5  94    0    8 344 -359  1
3797500 2746500  4 30  7   8.3 1013 345  1.6 7  6.2  91    7   68 337 -359  1
3797500 2746500  4 30  8   8.7 1014 343  1.2 7  6.0  87   20  146 337 -359  1
3797500 2746500  4 30  9   9.9 1015 316  1.8 7  6.1  83   27  216 340 -360  1
3797500 2746500  4 30 10  10.8 1015 314  2.5 6  6.2  79  110  302 336 -362  1
3797500 2746500  4 30 11  11.5 1016 311  2.9 3  6.2  75  316  312 315 -363  1
3797500 2746500  4 30 12  11.9 1016 307  3.2 7  6.2  72    6  266 325 -365  1
3797500 2746500  4 30 13  12.5 1017 309  3.1 8  6.4  72    0  128 353 -366  1
3797500 2746500  4 30 14  13.7 1017 308  3.8 7  6.5  70    0  146 355 -367  1
3797500 2746500  4 30 15  13.7 1017 318  3.3 7  6.5  67    0  172 351 -370  1
3797500 2746500  4 30 16  13.7 1018 315  2.3 7  6.4  66    0  169 349 -374  1
3797500 2746500  4 30 17  13.8 1018 330  2.7 7  6.5  67   10  172 348 -380  1
3797500 2746500  4 30 18  13.5 1018 299  2.6 7  6.6  68   15  122 348 -383  1
3797500 2746500  4 30 19  13.0 1018 323  3.2 7  6.6  70   15   57 346 -379  1
3797500 2746500  4 30 20  12.0 1019 344  1.3 5  6.6  73    0   10 334 -373  1
3797500 2746500  4 30 21  10.8 1020 345  1.1 3  6.4  77    0    0 313 -365  1
3797500 2746500  4 30 22   9.5 1020 350  1.1 3  6.2  81    0    0 299 -359  1
3797500 2746500  4 30 23   9.0 1021  10  0.4 3  6.2  86    0    0 296 -355  1
3797500 2746500  4 30 24   8.9 1021 328  0.3 3  6.2  87    0    0 294 -352  1
3797500 2746500  5  1  1   8.7 1022  45  0.6 0  6.1  87    0    0 267 -348  1
3797500 2746500  5  1  2   8.2 1022 328  0.8 3  5.9  87    0    0 278 -347  1
3797500 2746500  5  1  3   8.5 1022 228  1.0 3  6.0  88    0    0 291 -344  1
3797500 2746500  5  1  4   8.2 1022 265  0.8 3  6.0  88    0    0 291 -342  1
3797500 2746500  5  1  5   7.7 1022 320  1.3 5  5.8  88    0    0 299 -342  1
3797500 2746500  5  1  6   8.5 1023  28  0.7 5  6.0  90    0   12 310 -343  1
3797500 2746500  5  1  7   8.7 1023 126  0.6 5  6.2  90   10   86 312 -345  1
3797500 2746500  5  1  8   9.3 1024 323  0.5 5  6.4  90   20  157 314 -352  1
3797500 2746500  5  1  9  10.2 1024 168  0.2 6  6.7  90   35  232 322 -362  1
3797500 2746500  5  1 10  12.3 1024 267  0.5 6  7.0  85   70  305 331 -374  1
3797500 2746500  5  1 11  12.5 1024  92  1.5 5  6.8  76  175  357 329 -386  1
3797500 2746500  5  1 12  13.1 1024  26  2.3 4  6.5  72  234  380 321 -397  1
3797500 2746500  5  1 13  14.9 1024  32  1.8 4  6.6  67  337  360 319 -406  1
3797500 2746500  5  1 14  15.1 1024  65  1.5 5  6.7  63  242  364 325 -415  1
3797500 2746500  5  1 15  15.9 1024  38  1.2 5  6.7  62  217  329 329 -419  1
3797500 2746500  5  1 16  16.8 1023  11  1.3 4  6.7  58  314  240 326 -419  1
3797500 2746500  5  1 17  17.6 1023 349  2.0 2  6.7  55  287  163 316 -414  1
3797500 2746500  5  1 18  17.3 1022 310  0.7 2  6.8  55  163  126 308 -405  1
3797500 2746500  5  1 19  16.9 1022  28  1.3 2  6.6  55   74   74 304 -396  1
3797500 2746500  5  1 20  15.9 1022 131  1.9 2  6.5  57    8   21 299 -386  1
3797500 2746500  5  1 21  14.3 1022  66  1.9 2  6.5  61    0    0 293 -376  1
3797500 2746500  5  1 22  13.2 1022  92  2.4 1  6.5  66    0    0 283 -369  1
3797500 2746500  5  1 23  12.9 1022 107  0.7 1  6.5  70    0    0 276 -366  1
3797500 2746500  5  1 24  12.4 1022  80  1.5 0  6.5  71    0    0 269 -364  1
3797500 2746500  5  2  1  11.2 1022  80  0.8 0  6.4  75    0    0 264 -362  1
3797500 2746500  5  2  2  10.6 1022 360  0.2 0  6.5  81    0    0 262 -360  1
3797500 2746500  5  2  3  10.5 1022 213  0.6 0  6.4  81    0    0 262 -359  1
3797500 2746500  5  2  4  10.0 1022 204  1.1 0  6.4  82    0    0 261 -358  1
3797500 2746500  5  2  5   9.1 1022 192  0.2 1  6.4  87    0    0 263 -357  1
3797500 2746500  5  2  6  10.1 1022 182  1.0 3  6.3  86    0   20 274 -356  1
3797500 2746500  5  2  7  11.7 1022 182  2.3 3  6.6  82   45   99 285 -357  1
3797500 2746500  5  2  8  13.5 1022 193  2.9 2  7.1  79  144  168 286 -364  1
3797500 2746500  5  2  9  15.8 1022 192  2.7 2  7.8  75  281  204 288 -376  1
3797500 2746500  5  2 10  17.5 1021 228  3.7 3  7.6  65  406  228 298 -389  1
3797500 2746500  5  2 11  18.7 1021 240  3.9 3  7.0  55  495  248 305 -405  1
3797500 2746500  5  2 12  19.4 1021 230  3.8 4  6.9  51  579  244 312 -421  1
3797500 2746500  5  2 13  20.4 1020 249  3.2 4  7.1  49  632  225 320 -435  1
3797500 2746500  5  2 14  21.2 1019 223  2.5 3  7.1  47  623  210 320 -446  1
3797500 2746500  5  2 15  22.3 1018 212  2.8 2  7.1  44  551  199 318 -451  1
3797500 2746500  5  2 16  22.8 1018 223  1.8 2  7.1  42  463  174 318 -452  1
3797500 2746500  5  2 17  23.3 1017 225  2.2 1  7.2  41  340  149 317 -449  1
3797500 2746500  5  2 18  23.3 1016 265  1.1 0  7.3  41  197  121 313 -440  1
3797500 2746500  5  2 19  22.5 1016 248  1.5 1  7.2  41   74   77 311 -428  1
3797500 2746500  5  2 20  20.7 1015 211  0.8 0  7.1  44    7   21 307 -414  1
3797500 2746500  5  2 21  18.6 1015 191  0.7 0  7.1  50    0    0 295 -401  1
3797500 2746500  5  2 22  18.5 1015 191  0.3 0  7.1  54    0    0 288 -391  1
3797500 2746500  5  2 23  16.8 1015 186  0.0 0  7.3  58    0    0 281 -384  1
3797500 2746500  5  2 24  15.0 1015 198  1.3 0  7.3  65    0    0 273 -379  1
3797500 2746500  5  3  1  14.9 1015 188  0.6 0  7.3  69    0    0 267 -375  1
3797500 2746500  5  3  2  14.1 1014 180  1.4 0  7.3  71    0    0 265 -372  1
3797500 2746500  5  3  3  13.4 1014 178  1.6 0  7.3  74    0    0 260 -369  1
3797500 2746500  5  3  4  13.4 1013 189  1.8 1  7.3  76    0    0 261 -366  1
3797500 2746500  5  3  5  13.6 1013  45  0.7 1  7.3  76    0    0 264 -363  1
3797500 2746500  5  3  6  12.9 1012 147  0.9 1  7.5  79    0   22 260 -361  1
3797500 2746500  5  3  7  13.9 1012 199  1.6 3  7.8  82   30   99 266 -362  1
3797500 2746500  5  3  8  15.9 1012  20  1.2 3  8.1  76  100  179 277 -372  1
3797500 2746500  5  3  9  17.0 1012  39  1.3 3  8.2  70  188  242 282 -386  1
3797500 2746500  5  3 10  17.9 1011  36  1.1 5  8.1  65  290  282 297 -401  1
3797500 2746500  5  3 11  19.3 1011 101  0.5 5  8.4  63  384  303 313 -419  1
3797500 2746500  5  3 12  20.7 1010 139  0.6 6  8.6  59  418  324 324 -438  1
3797500 2746500  5  3 13  21.6 1009 306  0.5 7  8.1  52  429  328 334 -455  1
3797500 2746500  5  3 14  22.3 1008 259  1.4 6  8.0  48  532  254 337 -466  1
3797500 2746500  5  3 15  23.4 1007 260  4.7 3  7.5  43  506  219 327 -470  1
3797500 2746500  5  3 16  23.8 1007 262  2.0 3  7.0  38  392  205 320 -468  1
3797500 2746500  5  3 17  23.9 1006 244  1.5 6  7.2  39  181  213 330 -464  1
3797500 2746500  5  3 18  23.1 1005 328  3.0 7  7.5  41   74  151 342 -456  1
3797500 2746500  5  3 19  22.6 1005  40  2.6 7  8.0  46   19   74 344 -444  1
3797500 2746500  5  3 20  20.6 1004  58  2.6 7  8.1  50    2   17 340 -430  1
3797500 2746500  5  3 21  19.6 1004  78  2.9 8  7.9  53    0    0 338 -416  1
3797500 2746500  5  3 22  19.0 1004  59  2.0 7  8.0  56    0    0 337 -407  1
3797500 2746500  5  3 23  17.7 1004  72  2.5 7  8.0  60    0    0 332 -402  1
3797500 2746500  5  3 24  17.3 1004  81  2.5 7  8.1  64    0    0 330 -401  1
3797500 2746500  5  4  1  16.5 1003  33  0.7 6  8.0  66    0    0 326 -401  1
3797500 2746500  5  4  2  16.6 1003 208  3.0 5  8.0  68    0    0 318 -401  1
3797500 2746500  5  4  3  15.8 1003 245  2.3 4  8.2  70    0    0 311 -399  1
3797500 2746500  5  4  4  15.9 1003 242  1.7 7  8.1  71    0    0 320 -398  1
3797500 2746500  5  4  5  15.7 1002 224  2.5 7  7.8  69    0    0 334 -396  1
3797500 2746500  5  4  6  15.3 1002 233  2.6 7  7.5  67    0   12 333 -394  1
3797500 2746500  5  4  7  15.4 1002 232  4.5 6  7.7  70   11   83 329 -394  1
3797500 2746500  5  4  8  15.6 1002 232  3.6 5  8.1  73   84  166 322 -398  1
3797500 2746500  5  4  9  15.4 1002 239  5.4 6  8.2  74   38  226 322 -408  1
3797500 2746500  5  4 10  14.8 1002 221  5.6 8  7.8  72    0  135 334 -421  1
3797500 2746500  5  4 11  15.6 1002 221  5.0 7  7.5  69    8  262 342 -434  1
3797500 2746500  5  4 12  17.3 1001 232  5.9 6  7.7  65  126  352 340 -446  1
3797500 2746500  5  4 13  16.5 1001 213  5.6 7  7.8  64   17  294 345 -455  1
3797500 2746500  5  4 14  17.6 1000 206  1.4 7  8.0  65   11  272 355 -460  1
3797500 2746500  5  4 15  19.4  999 224  5.4 6  8.5  63  236  296 356 -458  1
3797500 2746500  5  4 16  20.1  998 210  6.7 7  8.8  60  209  249 363 -454  1
3797500 2746500  5  4 17  19.4  997 212  6.1 8  8.6  58    3  145 376 -448  1
3797500 2746500  5  4 18  18.9  996 249  4.4 8  8.7  62    0   61 380 -440  1
3797500 2746500  5  4 19  16.6  996 265  4.7 7  9.4  72    2   53 372 -435  1
3797500 2746500  5  4 20  15.5  996 226  3.6 8  9.9  85    2   16 368 -429  1
3797500 2746500  5  4 21  15.3  995 163  3.2 8  9.9  89    0    0 373 -422  1
3797500 2746500  5  4 22  15.6  994 181  3.2 8 10.0  90    0    0 374 -417  1
3797500 2746500  5  4 23  15.6  993 280  2.9 8 10.1  89    0    0 377 -413  1
3797500 2746500  5  4 24  15.3  993 260  3.1 6 10.0  89    0    0 365 -410  1
3797500 2746500  5  5  1  14.9  993 206  2.6 8  9.9  90    0    0 365 -407  1
3797500 2746500  5  5  2  14.6  992 215  2.1 8  9.8  91    0    0 376 -404  1
3797500 2746500  5  5  3  14.4  991 197  2.1 7  9.8  92    0    0 370 -401  1
3797500 2746500  5  5  4  14.0  991 198  2.6 8  9.6  93    0    0 368 -399  1
3797500 2746500  5  5  5  13.7  990 167  2.2 8  9.3  92    0    0 372 -396  1
3797500 2746500  5  5  6  13.4  989 190  2.0 8  9.1  92    0    4 371 -391  1
3797500 2746500  5  5  7  13.6  988 199  1.9 7  9.2  92    0   12 361 -388  1
3797500 2746500  5  5  8  13.8  988 220  2.6 8  9.3  92    0   35 362 -385  1
3797500 2746500  5  5  9  13.5  987 223  3.2 7  9.4  93    0   65 362 -387  1
3797500 2746500  5  5 10  12.7  987 206  3.2 7  9.0  93    0  111 352 -390  1
3797500 2746500  5  5 11  13.0  986 196  4.6 7  8.9  93    0  157 352 -390  1
3797500 2746500  5  5 12  13.4  986 210  6.1 8  9.0  92    0  164 360 -391  1
3797500 2746500  5  5 13  14.0  986 220  5.9 7  9.0  89    7  262 362 -396  1
3797500 2746500  5  5 14  15.2  986 201  6.0 6  9.0  85   86  316 354 -400  1
3797500 2746500  5  5 15  15.7  985 202  7.4 6  9.0  80   39  272 353 -406  1
3797500 2746500  5  5 16  12.9  984 231  7.5 7  8.8  84    0  109 352 -413  1
3797500 2746500  5  5 17  13.2  985 210  5.9 7  8.7  89    4  151 348 -409  1
3797500 2746500  5  5 18  13.1  984 222  6.9 5  8.3  85   68  128 337 -400  1
3797500 2746500  5  5 19  13.2  984 218  5.7 8  8.2  84    0   35 339 -393  1
3797500 2746500  5  5 20  13.1  984 228  3.9 4  8.3  86    0    9 334 -387  1
3797500 2746500  5  5 21  12.8  984 198  2.9 3  8.1  85    0    0 312 -384  1
3797500 2746500  5  5 22  12.4  985 181  2.8 4  8.0  86    0    0 311 -381  1
3797500 2746500  5  5 23  12.7  984 171  3.3 4  7.9  85    0    0 315 -377  1
3797500 2746500  5  5 24  13.3  983 182  4.8 4  8.0  83    0    0 315 -375  1
3797500 2746500  5  6  1  13.4  982 181  4.6 8  8.1  82    0    0 335 -374  1
3797500 2746500  5  6  2  13.4  982 191  4.7 8  8.1  81    0    0 353 -373  1
3797500 2746500  5  6  3  13.6  981 190  4.9 7  8.0  80    0    0 347 -372  1
3797500 2746500  5  6  4  13.6  980 201  6.4 8  7.9  79    0    0 346 -372  1
3797500 2746500  5  6  5  13.3  980 220  6.4 8  8.0  80    0    0 350 -371  1
3797500 2746500  5  6  6  13.0  980 209  4.4 7  8.0  82    0    4 346 -370  1
3797500 2746500  5  6  7  12.6  980 209  2.6 6  8.1  85    0   44 336 -369  1
3797500 2746500  5  6  8  13.2  980 210  2.4 7  8.2  85    0   75 335 -371  1
3797500 2746500  5  6  9  12.2  979 201  0.9 8  8.2  86    0   65 345 -371  1
3797500 2746500  5  6 10  10.6  979 250  3.2 7  7.9  90    0   92 340 -376  1
3797500 2746500  5  6 11  10.7  979 244  2.4 7  7.7  93    0  126 333 -382  1
3797500 2746500  5  6 12   9.4  980 322  2.6 7  7.3  92    0  111 330 -376  1
3797500 2746500  5  6 13   8.6  980 345  1.6 8  6.8  91    0  118 328 -371  1
3797500 2746500  5  6 14   8.4  980 358  1.8 8  6.5  91    0  108 327 -374  1
3797500 2746500  5  6 15   7.4  981 359  1.0 8  6.2  91    0   98 323 -378  1
3797500 2746500  5  6 16   6.2  981 359  3.0 7  5.7  90    0   94 314 -372  1
3797500 2746500  5  6 17   5.4  982 359  5.6 8  5.3  90    0   49 308 -362  1
3797500 2746500  5  6 18   4.9  984   2  4.9 8  5.1  89    0   41 306 -356  1
3797500 2746500  5  6 19   4.7  985 352  2.7 7  4.9  88    0   42 299 -350  1
3797500 2746500  5  6 20   4.4  986   1  2.8 8  4.7  86    0    8 296 -345  1
3797500 2746500  5  6 21   4.5  988 359  1.7 8  4.5  85    0    0 296 -341  1
3797500 2746500  5  6 22   4.6  989 293  0.0 8  4.6  85    0    0 295 -337  1
3797500 2746500  5  6 23   4.7  990 285  0.5 8  4.6  86    0    0 292 -336  1
3797500 2746500  5  6 24   4.6  991 254  0.4 6  4.7  86    0    0 282 -335  1
3797500 2746500  5  7  1   4.0  992 252  0.9 4  4.6  87    0    0 264 -333  1
3797500 2746500  5  7  2   3.9  992 263  0.7 4  4.5  87    0    0 253 -330  1
3797500 2746500  5  7  3   3.4  993 241  1.3 4  4.4  88    0    0 249 -328  1
3797500 2746500  5  7  4   2.9  993 233  1.2 2  4.2  87    0    0 237 -327  1
3797500 2746500  5  7  5   2.5  994 215  1.5 2  4.0  85    0    0 225 -325  1
3797500 2746500  5  7  6   2.2  995 207  2.0 2  3.9  86    5   27 224 -323  1
3797500 2746500  5  7  7   3.9  995 214  2.4 2  4.1  86   81   88 225 -323  1
3797500 2746500  5  7  8   5.4  996 213  2.3 2  4.5  84  217  123 231 -328  1
3797500 2746500  5  7  9   6.6  996 221  2.0 2  4.6  78  335  155 236 -336  1
3797500 2746500  5  7 10   7.3  996 240  2.2 3  4.1  65  350  232 241 -346  1
3797500 2746500  5  7 11   8.1  996 241  2.5 3  3.6  54  323  303 247 -358  1
3797500 2746500  5  7 12   7.7  996 197  2.5 6  3.5  52  141  364 268 -367  1
3797500 2746500  5  7 13   6.8  996 270  2.5 5  3.8  59  261  358 277 -370  1
3797500 2746500  5  7 14   8.6  996 246  1.8 5  4.0  60  276  337 272 -370  1
3797500 2746500  5  7 15   7.8  996 166  0.4 6  4.1  59   92  309 273 -361  1
3797500 2746500  5  7 16   9.1  996 150  2.2 5  4.2  60  187  263 272 -364  1
3797500 2746500  5  7 17   7.1  996 214  2.0 6  4.2  61   57  202 270 -374  1
3797500 2746500  5  7 18   7.5  996 237  1.4 7  4.5  69    3  101 274 -367  1
3797500 2746500  5  7 19   7.6  996 140  1.9 8  4.6  70    0   25 282 -359  1
3797500 2746500  5  7 20   7.0  996 144  2.2 8  4.5  71    0   12 283 -351  1
3797500 2746500  5  7 21   6.8  996 136  2.0 8  4.6  72    0    0 280 -345  1
3797500 2746500  5  7 22   6.5  996 157  1.5 8  4.6  74    0    0 280 -341  1
3797500 2746500  5  7 23   7.3  997 187  1.2 8  5.2  77    0    0 279 -339  1
3797500 2746500  5  7 24   8.3  997 214  1.1 8  5.8  81    0    0 278 -337  1
3797500 2746500  5  8  1   9.6 1001 232  1.7 8  6.7  85    0    0 361 -381  1
3797500 2746500  5  8  2  10.6 1001 242  2.1 8  7.3  88    0    0 352 -379  1
3797500 2746500  5  8  3  11.4 1002 242  2.5 8  7.7  90    0    0 343 -377  1
3797500 2746500  5  8  4  11.3 1002 243  2.7 8  7.6  90    0    0 350 -374  1
3797500 2746500  5  8  5  11.5 1002 246  2.9 8  7.7  90    0    0 357 -372  1
3797500 2746500  5  8  6  11.4 1003 257  3.0 7  7.7  90    0    7 352 -370  1
3797500 2746500  5  8  7  11.9 1003 249  3.5 8  7.6  88    3   75 352 -369  1
3797500 2746500  5  8  8  12.0 1003 249  4.3 7  7.4  84   12  150 349 -371  1
3797500 2746500  5  8  9  12.4 1004 249  4.1 7  7.1  79    8  189 339 -378  1
3797500 2746500  5  8 10  12.6 1004 252  4.5 8  6.8  74    3  208 342 -390  1
3797500 2746500  5  8 11  13.1 1004 250  5.2 7  6.8  73   13  274 342 -403  1
3797500 2746500  5  8 12  13.1 1004 241  4.7 7  6.6  69    1  234 337 -413  1
3797500 2746500  5  8 13  12.5 1004 242  4.5 8  6.5  69    0  212 340 -415  1
3797500 2746500  5  8 14  13.3 1003 239  4.7 8  6.4  69    0  210 343 -413  1
3797500 2746500  5  8 15  12.7 1003 255  3.5 8  6.4  68    0  180 343 -411  1
3797500 2746500  5  8 16  13.7 1003 246  4.3 7  6.7  70   12  219 340 -411  1
3797500 2746500  5  8 17  13.6 1002 247  4.7 7  6.8  69   14  179 337 -408  1
3797500 2746500  5  8 18  13.6 1002 247  5.1 8  7.0  72    2  102 342 -400  1
3797500 2746500  5  8 19  13.3 1002 234  2.6 7  7.5  77   14   71 343 -394  1
3797500 2746500  5  8 20  13.2 1001 259  5.3 7  7.5  78    0   15 338 -389  1
3797500 2746500  5  8 21  12.9 1002 249  4.8 7  7.1  75    0    0 337 -385  1
3797500 2746500  5  8 22  12.6 1003 235  3.7 6  7.0  76    0    0 331 -382  1
3797500 2746500  5  8 23  11.6 1003 258  3.7 6  7.2  81    0    0 324 -380  1
3797500 2746500  5  8 24  11.5 1004 256  3.8 6  7.4  87    0    0 325 -376  1
3797500 2746500  5  9  1  11.4 1004 250  4.0 7  7.6  89    0    0 332 -374  1
3797500 2746500  5  9  2  11.5 1004 242  3.3 7  7.5  88    0    0 339 -372  1
3797500 2746500  5  9  3  10.0 1004 241  3.3 6  7.1  87    0    0 332 -371  1
3797500 2746500  5  9  4  10.0 1005 241  2.5 8  6.8  88    0    0 336 -371  1
3797500 2746500  5  9  5   9.9 1005 249  1.9 8  6.9  89    0    0 347 -371  1
3797500 2746500  5  9  6  10.3 1005 250  2.0 8  7.0  90    0    5 348 -370  1
3797500 2746500  5  9  7  10.4 1006 240  1.4 8  7.1  90    0   19 349 -369  1
3797500 2746500  5  9  8  10.6 1006 229  1.7 8  7.1  90    0   60 350 -369  1
3797500 2746500  5  9  9  10.7 1006 240  2.3 8  7.2  89    0   93 351 -371  1
3797500 2746500  5  9 10  10.8 1007 249  2.6 8  7.2  89    0  111 350 -378  1
3797500 2746500  5  9 11  11.3 1007 242  2.4 8  7.2  88    0  151 351 -386  1
3797500 2746500  5  9 12  12.2 1007 234  2.8 7  7.4  86    3  240 349 -392  1
3797500 2746500  5  9 13  13.1 1007 242  2.1 6  7.5  82   59  326 341 -395  1
3797500 2746500  5  9 14  12.9 1007 234  2.6 6  7.4  78   45  301 335 -398  1
3797500 2746500  5  9 15  13.5 1007 229  2.0 6  7.3  77   50  278 335 -403  1
3797500 2746500  5  9 16  13.7 1007 213  3.0 6  7.4  75   55  241 334 -402  1
3797500 2746500  5  9 17  13.9 1007 218  3.0 6  7.3  74    7  157 333 -394  1
3797500 2746500  5  9 18  13.8 1007 226  2.9 7  7.4  74    1   89 337 -386  1
3797500 2746500  5  9 19  13.2 1007 230  2.5 7  7.5  78    0   33 340 -383  1
3797500 2746500  5  9 20  12.9 1007 219  2.3 7  7.7  82    0    4 339 -380  1
3797500 2746500  5  9 21  12.6 1007 222  3.1 8  7.8  84    0    0 342 -378  1
3797500 2746500  5  9 22  12.4 1007 214  3.3 8  8.2  90    0    0 347 -377  1
3797500 2746500  5  9 23  13.3 1006 240  3.8 8  8.5  91    0    0 348 -377  1
3797500 2746500  5  9 24  13.4 1006 240  3.8 7  8.3  86    0    0 343 -377  1
3797500 2746500  5 10  1  12.9 1005 229  3.9 7  8.3  87    0    0 336 -376  1
3797500 2746500  5 10  2  13.2 1004 220  3.7 8  8.4  89    0    0 341 -375  1
3797500 2746500  5 10  3  13.7 1003 231  4.5 7  8.5  88    0    0 342 -375  1
3797500 2746500  5 10  4  13.7 1003 231  3.8 8  8.6  87    0    0 343 -375  1
3797500 2746500  5 10  5  14.0 1003 250  4.9 8  8.4  84    0    0 350 -375  1
3797500 2746500  5 10  6  13.6 1002 250  4.4 8  8.2  82    0    4 353 -375  1
3797500 2746500  5 10  7  13.0 1003 231  3.6 8  8.4  87    0   24 355 -376  1
3797500 2746500  5 10  8  13.2 1003 231  3.8 8  8.5  89    0   39 357 -377  1
3797500 2746500  5 10  9  12.7 1003 229  4.7 8  8.4  89    0   73 356 -378  1
3797500 2746500  5 10 10  12.7 1003 227  5.0 8  8.5  91    0  109 355 -379  1
3797500 2746500  5 10 11  13.5 1003 237  5.2 8  8.5  90    0  129 356 -379  1
3797500 2746500  5 10 12  14.3 1003 235  5.0 8  8.6  86    0  155 355 -380  1
3797500 2746500  5 10 13  14.4 1003 241  5.4 8  8.7  84    0  148 354 -381  1
3797500 2746500  5 10 14  15.7 1002 229  5.8 7  8.7  80   36  272 351 -381  1
3797500 2746500  5 10 15  16.0 1002 218  5.7 7  9.2  80   70  249 350 -379  1
3797500 2746500  5 10 16  16.4 1002 230  5.0 6  9.3  80  350   93 349 -378  1
3797500 2746500  5 10 17  16.6 1001 227  3.9 7  8.9  75  122  143 348 -378  1
3797500 2746500  5 10 18  16.5 1000 238  3.8 8  8.7  73   18  108 355 -378  1
3797500 2746500  5 10 19  16.4 1000 235  3.0 7  8.7  74   20   56 354 -378  1
3797500 2746500  5 10 20  15.6  999 235  2.7 7  8.9  77   10   13 352 -376  1
3797500 2746500  5 10 21  15.4  999 216  2.2 7  8.8  79    0    0 352 -373  1
3797500 2746500  5 10 22  14.6  998 164  2.1 7  8.7  81    0    0 351 -371  1
3797500 2746500  5 10 23  15.0  997 323  3.7 7  8.8  82    0    0 350 -371  1
3797500 2746500  5 10 24  14.5  995 296  2.0 8  8.8  83    0    0 354 -371  1
3797500 2746500  5 11  1  13.8  995 237  2.3 7  8.8  86    0    0 353 -372  1
3797500 2746500  5 11  2  14.0  994 238  2.4 7  8.9  88    0    0 350 -373  1
3797500 2746500  5 11  3  13.2  994 230  2.4 7  9.0  91    0    0 350 -374  1
3797500 2746500  5 11  4  13.5  993 220  4.2 7  8.9  91    0    0 350 -375  1
3797500 2746500  5 11  5  13.7  992 215  4.1 7  8.6  87    0    0 349 -377  1
3797500 2746500  5 11  6  13.6  992 228  4.2 7  8.5  85    0    7 348 -378  1
3797500 2746500  5 11  7  14.1  991 232  5.1 8  8.2  81    0   48 353 -379  1
3797500 2746500  5 11  8  13.7  991 235  6.1 8  7.9  78    0   70 359 -379  1
3797500 2746500  5 11  9  13.2  992 230  6.7 8  7.7  78    0   98 357 -377  1
3797500 2746500  5 11 10  13.0  992 235  6.8 8  7.4  77    0  126 356 -377  1
3797500 2746500  5 11 11  12.0  993 229  7.4 8  7.2  78    0  117 353 -377  1
3797500 2746500  5 11 12  11.0  994 237  6.5 8  7.4  86    0   93 350 -382  1
3797500 2746500  5 11 13  10.7  996 255  5.2 8  7.6  92    0  104 347 -387  1
3797500 2746500  5 11 14  11.0  999 240  2.5 8  7.2  88    0  135 344 -389  1
3797500 2746500  5 11 15  12.5 1000 259  2.3 8  7.1  82    0  154 347 -390  1
3797500 2746500  5 11 16  11.4 1001 244  5.4 8  7.2  81    0  146 346 -395  1
3797500 2746500  5 11 17  10.8 1001 244  4.2 8  7.0  84    0  112 342 -395  1
3797500 2746500  5 11 18  10.9 1001 247  2.3 8  7.0  86    4  101 339 -390  1
3797500 2746500  5 11 19  11.6 1001 188  1.7 6  7.3  86  104   46 328 -386  1
3797500 2746500  5 11 20  11.1 1001 180  1.8 4  7.4  87   17   17 299 -382  1
3797500 2746500  5 11 21  10.6 1001 165  1.6 5  7.1  87    0    0 290 -376  1
3797500 2746500  5 11 22  11.7 1002 225  1.7 5  7.0  83    0    0 300 -371  1
3797500 2746500  5 11 23  11.4 1001 170  1.9 5  6.9  80    0    0 303 -370  1
3797500 2746500  5 11 24  11.9 1001 172  2.8 6  6.8  78    0    0 310 -370  1
3797500 2746500  5 12  1  11.1 1000 165  2.7 8  6.8  80    0    0 331 -369  1
3797500 2746500  5 12  2  10.4  999 196  4.0 8  7.0  86    0    0 344 -369  1
3797500 2746500  5 12  3  10.8  997 167  4.5 8  7.2  89    0    0 345 -369  1
3797500 2746500  5 12  4  11.0  996 172  4.1 8  7.3  89    0    0 347 -368  1
3797500 2746500  5 12  5  11.4  996 250  5.5 7  7.5  89    0    1 343 -367  1
3797500 2746500  5 12  6  11.5  996 242  4.9 7  7.5  88    0   30 339 -366  1
3797500 2746500  5 12  7  11.9  997 232  4.1 6  7.6  88    3   78 333 -368  1
3797500 2746500  5 12  8  12.4  998 219  5.1 6  7.7  85   18  162 327 -374  1
3797500 2746500  5 12  9  12.9  999 229  5.4 5  7.7  82   59  258 324 -383  1
3797500 2746500  5 12 10  12.7  999 230  4.9 7  7.8  83    0  180 331 -390  1
3797500 2746500  5 12 11  13.1  999 229  5.1 7  8.0  84    0  195 342 -398  1
3797500 2746500  5 12 12  14.2 1000 237  5.1 5  8.1  82   65  366 338 -408  1
3797500 2746500  5 12 13  15.2 1000 232  5.0 7  8.1  77    8  283 341 -417  1
3797500 2746500  5 12 14  12.5 1000 233  1.9 7  8.3  83   10  279 342 -423  1
3797500 2746500  5 12 15  15.4 1001 232  6.5 4  8.0  79  210  359 331 -421  1
3797500 2746500  5 12 16  14.3 1001 236  5.5 5  7.4  70   75  284 325 -418  1
3797500 2746500  5 12 17  15.2 1002 260  4.6 5  7.3  69   67  223 325 -417  1
3797500 2746500  5 12 18  15.5 1002 247  3.6 6  7.3  66   70  160 330 -407  1
3797500 2746500  5 12 19  15.6 1002 252  3.6 7  7.2  64   15   78 337 -397  1
3797500 2746500  5 12 20  15.0 1002 248  2.6 7  7.2  66    3   20 340 -391  1
3797500 2746500  5 12 21  14.6 1003 195  1.2 6  7.4  70    0    0 336 -385  1
3797500 2746500  5 12 22  13.9 1004 216  2.2 6  7.6  75    0    0 332 -380  1
3797500 2746500  5 12 23  13.5 1004 218  2.0 5  7.8  79    0    0 326 -377  1
3797500 2746500  5 12 24  13.6 1004 196  1.6 3  7.8  79    0    0 315 -375  1
3797500 2746500  5 13  1  13.4 1004 192  1.7 4  7.6  78    0    0 311 -373  1
3797500 2746500  5 13  2  14.0 1004 222  2.4 4  7.6  77    0    0 318 -370  1
3797500 2746500  5 13  3  13.1 1004 164  1.9 3  7.6  78    0    0 314 -368  1
3797500 2746500  5 13  4  13.1 1004  80  1.2 6  7.6  80    0    0 322 -367  1
3797500 2746500  5 13  5  12.7 1003 345  1.3 5  7.5  80    0    0 329 -367  1
3797500 2746500  5 13  6  13.4 1003 107  2.7 6  7.5  79    0   23 329 -369  1
3797500 2746500  5 13  7  14.1 1003 149  3.6 6  7.5  76   21  103 334 -373  1
3797500 2746500  5 13  8  15.4 1003 167  3.4 6  7.7  72   54  187 336 -378  1
3797500 2746500  5 13  9  16.7 1002 166  2.6 6  8.1  70   47  249 339 -389  1
3797500 2746500  5 13 10  17.1 1002 145  3.1 6  8.4  69   21  268 342 -404  1
3797500 2746500  5 13 11  17.8 1001 159  4.4 6  8.3  66   25  302 346 -418  1
3797500 2746500  5 13 12  18.1 1000 166  3.7 7  8.4  64    1  242 353 -419  1
3797500 2746500  5 13 13  17.2 1000 166  4.3 7  8.7  68    0  215 358 -410  1
3797500 2746500  5 13 14  17.2  999 136  3.4 7  9.1  73   20  301 357 -404  1
3797500 2746500  5 13 15  19.6  998 133  4.1 7  9.1  67  145  351 362 -405  1
3797500 2746500  5 13 16  20.3  997 151  5.3 6  9.1  61  277  280 364 -412  1
3797500 2746500  5 13 17  20.8  996 136  4.5 5  9.1  59  150  231 358 -418  1
3797500 2746500  5 13 18  20.8  995 172  3.7 7  9.2  59    0   57 362 -422  1
3797500 2746500  5 13 19  20.1  994 165  5.8 7  9.5  62    0   16 369 -419  1
3797500 2746500  5 13 20  16.6  995 170  2.2 7 10.0  74    0    3 365 -411  1
3797500 2746500  5 13 21  17.2  996 214  4.2 8 10.1  82    0    0 368 -406  1
3797500 2746500  5 13 22  16.5  997 196  3.4 7  9.7  79    0    0 369 -403  1
3797500 2746500  5 13 23  16.0  997 202  2.6 7  8.9  75    0    0 363 -400  1
3797500 2746500  5 13 24  15.7  998 194  2.9 7  8.1  71    0    0 359 -397  1
3797500 2746500  5 14  1  15.1  999 176  3.2 4  7.8  70    0    0 339 -394  1
3797500 2746500  5 14  2  14.8  999 181  4.0 4  7.6  71    0    0 318 -391  1
3797500 2746500  5 14  3  14.7  998 177  3.9 3  7.5  70    0    0 309 -384  1
3797500 2746500  5 14  4  15.7  998 181  2.7 4  7.2  65    0    0 309 -377  1
3797500 2746500  5 14  5  15.5  998 197  3.6 5  7.1  63    0    1 323 -373  1
3797500 2746500  5 14  6  15.1  998 224  4.6 6  7.3  66    0   24 333 -371  1
3797500 2746500  5 14  7  15.3  999 221  5.0 5  7.3  67    4   90 332 -373  1
3797500 2746500  5 14  8  16.2  999 221  5.8 4  7.3  64   79  231 321 -380  1
3797500 2746500  5 14  9  16.5 1000 220  7.0 4  7.1  60  100  316 318 -391  1
3797500 2746500  5 14 10  17.0 1000 219  5.8 5  6.8  56  112  389 326 -401  1
3797500 2746500  5 14 11  17.1 1000 228  6.5 5  6.6  54  107  434 332 -407  1
3797500 2746500  5 14 12  17.1 1000 228  6.6 6  6.3  51   46  392 335 -407  1
3797500 2746500  5 14 13  17.0 1000 232  5.2 6  6.0  49   45  396 338 -411  1
3797500 2746500  5 14 14  17.3 1000 229  5.5 6  5.9  48   65  407 338 -416  1
3797500 2746500  5 14 15  17.8 1000 235  5.2 7  6.0  48   42  346 346 -412  1
3797500 2746500  5 14 16  17.9  999 228  4.0 7  6.2  48   42  301 352 -410  1
3797500 2746500  5 14 17  17.5  999 249  3.2 7  6.3  49   29  230 351 -412  1
3797500 2746500  5 14 18  17.2  998 231  1.6 7  6.5  52    5  123 351 -409  1
3797500 2746500  5 14 19  16.0  999 308  1.0 8  6.9  57    0   25 355 -401  1
3797500 2746500  5 14 20  14.1  999 287  0.2 8  7.4  68    0    4 357 -391  1
3797500 2746500  5 14 21  13.8 1000 236  0.4 8  7.7  76    0    0 357 -382  1
3797500 2746500  5 14 22  13.2 1001 193  0.6 8  7.7  79    0    0 355 -375  1
3797500 2746500  5 14 23  12.9 1001 207  0.6 8  7.9  83    0    0 355 -372  1
3797500 2746500  5 14 24  12.8 1001 279  0.9 8  8.0  85    0    0 355 -370  1
3797500 2746500  5 15  1  12.4 1002 215  1.6 8  8.1  88    0    0 352 -370  1
3797500 2746500  5 15  2  12.3 1002 237  2.2 8  8.3  91    0    0 349 -365  1
3797500 2746500  5 15  3  12.1 1002 328  2.0 8  8.1  90    0    0 344 -359  1
3797500 2746500  5 15  4  10.4 1002 342  3.1 8  7.7  92    0    0 336 -357  1
3797500 2746500  5 15  5   9.9 1003 348  4.5 8  7.3  94    0    0 327 -358  1
3797500 2746500  5 15  6   9.3 1004 348  3.7 8  6.9  92    0    7 320 -361  1
3797500 2746500  5 15  7   9.1 1005 340  2.9 8  6.7  92    0   30 314 -364  1
3797500 2746500  5 15  8   9.6 1007 339  3.1 7  6.6  90    3  124 306 -371  1
3797500 2746500  5 15  9  10.4 1008 340  3.0 7  6.5  84   55  238 303 -380  1
3797500 2746500  5 15 10  11.3 1009 338  2.8 6  6.3  78  116  303 303 -391  1
3797500 2746500  5 15 11  12.2 1009 302  2.0 5  6.0  69  227  340 300 -401  1
3797500 2746500  5 15 12  13.5 1009 279  2.1 6  5.5  59  268  358 305 -407  1
3797500 2746500  5 15 13  13.8 1009 275  2.5 6  5.2  54  314  353 311 -414  1
3797500 2746500  5 15 14  14.3 1009 246  3.1 5  5.1  51  401  300 310 -414  1
3797500 2746500  5 15 15  15.8 1009 264  3.0 3  4.9  46  311  294 302 -415  1
3797500 2746500  5 15 16  15.3 1009 313  2.3 3  4.8  44  297  237 298 -420  1
3797500 2746500  5 15 17  16.0 1008 298  1.7 3  4.9  44  246  182 298 -418  1
3797500 2746500  5 15 18  15.3 1008 221  1.6 4  5.1  46  105  144 303 -410  1
3797500 2746500  5 15 19  15.1 1008 231  1.6 6  5.2  49   25   82 314 -400  1
3797500 2746500  5 15 20  13.8 1008 233  1.8 6  5.7  56    3   19 323 -392  1
3797500 2746500  5 15 21  12.2 1008 176  1.2 4  5.9  63    0    0 311 -384  1
3797500 2746500  5 15 22  12.4 1008 189  1.5 2  5.9  66    0    0 292 -377  1
3797500 2746500  5 15 23  12.4 1008 205  1.8 3  6.0  66    0    0 289 -372  1
3797500 2746500  5 15 24  11.8 1008 215  1.6 3  6.0  68    0    0 293 -369  1
3797500 2746500  5 16  1  11.6 1008 190  2.2 4  6.1  71    0    0 296 -367  1
3797500 2746500  5 16  2  11.6 1007 185  2.8 4  6.2  73    0    0 298 -361  1
3797500 2746500  5 16  3  12.1 1006 183  3.3 5  6.3  72    0    0 302 -353  1
3797500 2746500  5 16  4  12.2 1006 193  3.6 6  6.4  72    0    0 311 -347  1
3797500 2746500  5 16  5  11.9 1005 216  3.9 6  6.4  73    0    1 314 -343  1
3797500 2746500  5 16  6  12.0 1004 198  4.3 7  6.5  74    0   11 317 -343  1
3797500 2746500  5 16  7  12.0 1003 179  4.4 7  6.7  76    0   29 320 -348  1
3797500 2746500  5 16  8  11.4 1003 183  4.3 7  7.0  81    0   55 318 -357  1
3797500 2746500  5 16  9  11.5 1003 170  4.8 7  7.4  86    0  115 317 -371  1
3797500 2746500  5 16 10  11.7 1002 180  5.0 7  7.5  87    0  166 317 -389  1
3797500 2746500  5 16 11  12.0 1002 184  3.9 8  7.7  87    0  134 321 -405  1
3797500 2746500  5 16 12  12.7 1001 223  4.7 7  8.0  88    0  196 324 -419  1
3797500 2746500  5 16 13  13.5 1001 237  5.3 6  8.2  86    5  273 321 -429  1
3797500 2746500  5 16 14  12.1 1001 101  4.2 8  7.7  82    0  174 323 -430  1
3797500 2746500  5 16 15  14.3 1001 243  4.5 7  7.7  80    0  200 327 -431  1
3797500 2746500  5 16 16  14.8 1001 293  3.6 5  8.1  77   27  265 321 -432  1
3797500 2746500  5 16 17  15.0 1001 316  4.7 5  7.4  69   48  236 311 -429  1
3797500 2746500  5 16 18  13.9 1002 333  5.3 6  6.4  62   36  165 312 -422  1
3797500 2746500  5 16 19  13.2 1002   3  5.1 6  5.8  60   20   94 314 -413  1
3797500 2746500  5 16 20  12.1 1003 337  3.6 5  5.5  60    1   20 307 -404  1
3797500 2746500  5 16 21  11.2 1004  17  2.6 6  5.5  64    0    0 306 -396  1
3797500 2746500  5 16 22  10.9 1004 335  1.7 6  5.5  67    0    0 313 -389  1
3797500 2746500  5 16 23  10.3 1005 306  0.5 6  5.5  68    0    0 317 -386  1
3797500 2746500  5 16 24  10.2 1005 303  0.0 8  5.4  69    0    0 329 -381  1
3797500 2746500  5 17  1   9.8 1005 308  0.0 8  5.5  72    0    0 339 -374  1
3797500 2746500  5 17  2   9.2 1005 233  0.2 7  5.8  78    0    0 337 -371  1
3797500 2746500  5 17  3   8.5 1004 250  1.0 7  6.0  84    0    0 334 -369  1
3797500 2746500  5 17  4   8.3 1004 241  0.0 7  5.9  85    0    0 334 -368  1
3797500 2746500  5 17  5   8.0 1003 129  0.4 8  5.9  87    0    0 339 -369  1
3797500 2746500  5 17  6   8.0 1003 110  1.1 8  6.0  89    0    9 345 -371  1
3797500 2746500  5 17  7   8.2 1003 104  1.2 7  6.0  88    0   36 341 -372  1
3797500 2746500  5 17  8   8.3 1002  72  0.9 8  6.0  88    0   70 342 -373  1
3797500 2746500  5 17  9   8.7 1003  85  0.7 8  6.1  88    0  104 348 -375  1
3797500 2746500  5 17 10   9.1 1003 106  1.1 8  6.2  87    0  190 350 -376  1
3797500 2746500  5 17 11  10.5 1003  96  1.4 7  6.4  83   21  299 349 -377  1
3797500 2746500  5 17 12  11.2 1003  21  2.1 7  6.1  74   16  304 347 -378  1
3797500 2746500  5 17 13  11.9 1004  13  2.5 6  5.6  65   52  364 343 -378  1
3797500 2746500  5 17 14  12.6 1004  30  2.5 5  5.3  60  186  396 334 -380  1
3797500 2746500  5 17 15  13.1 1005  28  2.6 5  5.1  55   97  337 330 -385  1
3797500 2746500  5 17 16  13.9 1005 358  2.6 7  5.0  52   30  255 343 -389  1
3797500 2746500  5 17 17  14.1 1006   7  2.7 6  5.2  52   52  221 351 -389  1
3797500 2746500  5 17 18  14.2 1007 357  2.7 7  5.3  52   77  164 352 -386  1
3797500 2746500  5 17 19  13.7 1007 360  1.8 6  5.3  54   22   88 351 -384  1
3797500 2746500  5 17 20  13.5 1008 335  1.3 6  5.3  55    3   23 344 -383  1
3797500 2746500  5 17 21  13.0 1009 342  1.2 5  5.3  56    0    0 337 -378  1
3797500 2746500  5 17 22  12.2 1010 344  0.7 5  5.4  59    0    0 331 -372  1
3797500 2746500  5 17 23  10.1 1011 152  0.4 4  5.5  66    0    0 321 -367  1
3797500 2746500  5 17 24   9.0 1011 213  0.6 1  5.6  75    0    0 295 -365  1
3797500 2746500  5 18  1   8.8 1011 205  0.7 1  5.5  77    0    0 277 -363  1
3797500 2746500  5 18  2   8.2 1012 196  1.0 1  5.5  79    0    0 276 -364  1
3797500 2746500  5 18  3   8.7 1012 170  1.5 1  5.6  81    0    0 277 -367  1
3797500 2746500  5 18  4   8.8 1011 201  1.9 2  5.7  81    0    0 283 -369  1
3797500 2746500  5 18  5   8.5 1011 169  1.8 2  5.8  82    0    3 287 -370  1
3797500 2746500  5 18  6   9.5 1011 176  1.5 0  6.0  83   16   47 276 -371  1
3797500 2746500  5 18  7  11.5 1012 172  2.0 0  6.4  81  105  106 268 -373  1
3797500 2746500  5 18  8  13.6 1011 183  2.6 0  6.7  74  240  141 275 -377  1
3797500 2746500  5 18  9  15.3 1011 201  3.5 0  7.1  69  381  163 284 -383  1
3797500 2746500  5 18 10  15.3 1011 221  3.5 4  7.3  67  139  318 310 -390  1
3797500 2746500  5 18 11  15.9 1010 210  3.2 7  7.6  68   23  304 348 -395  1
3797500 2746500  5 18 12  17.3 1010 181  3.9 5  7.8  66  234  384 358 -404  1
3797500 2746500  5 18 13  18.4 1010 199  4.1 3  7.8  61  630  218 345 -417  1
3797500 2746500  5 18 14  18.8 1009 199  3.8 3  7.9  59  660  178 340 -428  1
3797500 2746500  5 18 15  19.9 1009 171  4.2 2  8.1  58  629  149 340 -437  1
3797500 2746500  5 18 16  20.5 1008 192  3.5 2  8.4  56  541  133 340 -441  1
3797500 2746500  5 18 17  21.4 1007 170  4.5 1  8.7  56  417  121 339 -439  1
3797500 2746500  5 18 18  21.3 1006 170  3.2 1  8.8  55  250  109 335 -434  1
3797500 2746500  5 18 19  21.2 1006 170  3.8 2  8.8  56  106   82 340 -425  1
3797500 2746500  5 18 20  20.9 1006 171  2.3 1  9.0  57   24   33 339 -414  1
3797500 2746500  5 18 21  20.5 1005 184  2.8 4  9.1  59    0    0 346 -406  1
3797500 2746500  5 18 22  20.3 1005 170  2.6 5  9.2  61    0    0 362 -401  1
3797500 2746500  5 18 23  20.0 1006 191  2.6 6  9.2  62    0    0 370 -400  1
3797500 2746500  5 18 24  19.4 1005 180  3.5 7  9.2  64    0    0 378 -399  1
3797500 2746500  5 19  1  19.1 1005 171  3.2 8  9.3  66    0    0 385 -398  1
3797500 2746500  5 19  2  18.5 1005 196  2.8 7  9.4  69    0    0 385 -397  1
3797500 2746500  5 19  3  17.6 1005 171  2.9 8  9.6  74    0    0 383 -397  1
3797500 2746500  5 19  4  16.9 1004 191  2.5 8  9.9  80    0    0 385 -396  1
3797500 2746500  5 19  5  15.9 1004 268  2.5 8  9.8  83    0    0 382 -393  1
3797500 2746500  5 19  6  14.7 1005 272  1.7 7  9.2  84    0   13 373 -389  1
3797500 2746500  5 19  7  14.2 1006 209  2.0 5  8.8  85    0   78 355 -386  1
3797500 2746500  5 19  8  14.5 1006 232  2.9 6  8.8  86   14  169 348 -384  1
3797500 2746500  5 19  9  14.8 1006 245  2.8 6  8.6  82   19  234 353 -382  1
3797500 2746500  5 19 10  15.2 1007 236  2.9 6  8.5  79   16  274 353 -385  1
3797500 2746500  5 19 11  15.5 1007 257  3.6 4  8.0  72  146  387 345 -391  1
3797500 2746500  5 19 12  17.1 1007 232  3.6 2  7.5  64  449  341 329 -398  1
3797500 2746500  5 19 13  18.2 1007 240  4.1 2  7.2  57  534  309 323 -405  1
3797500 2746500  5 19 14  18.8 1007 259  3.7 2  7.0  52  432  338 328 -418  1
3797500 2746500  5 19 15  18.8 1007 220  3.9 2  6.8  50  335  334 329 -434  1
3797500 2746500  5 19 16  18.8 1007 238  3.4 2  6.7  49  343  261 328 -438  1
3797500 2746500  5 19 17  19.3 1007 239  3.6 2  6.8  49  259  213 326 -436  1
3797500 2746500  5 19 18  19.0 1007 262  3.4 1  6.7  48  199  148 319 -430  1
3797500 2746500  5 19 19  18.7 1007 263  2.2 1  6.5  48  103   97 309 -420  1
3797500 2746500  5 19 20  17.1 1008 266  1.4 2  6.6  53   15   34 315 -407  1
3797500 2746500  5 19 21  16.1 1008 284  0.8 2  6.6  56    0    0 312 -394  1
3797500 2746500  5 19 22  15.3 1008 304  0.6 3  6.6  60    0    0 298 -385  1
3797500 2746500  5 19 23  14.9 1009 314  0.6 3  6.8  63    0    0 295 -377  1
3797500 2746500  5 19 24  15.0 1009 300  0.6 4  7.1  66    0    0 308 -371  1
3797500 2746500  5 20  1  15.1 1012 260  0.7 5  7.4  68    0    0 349 -403  1
3797500 2746500  5 20  2  15.1 1012 215  0.7 5  7.7  71    0    0 344 -402  1
3797500 2746500  5 20  3  14.8 1012 172  0.6 5  7.8  73    0    0 338 -400  1
3797500 2746500  5 20  4  14.3 1011 149  0.6 5  7.8  76    0    0 327 -399  1
3797500 2746500  5 20  5  14.6 1011 145  0.9 5  7.9  76    0    0 326 -397  1
3797500 2746500  5 20  6  13.5 1011 109  1.1 4  8.0  82   15   45 325 -393  1
3797500 2746500  5 20  7  16.4 1011 128  0.9 3  8.4  79   49  113 322 -390  1
3797500 2746500  5 20  8  17.5 1011 103  2.0 3  8.7  72  159  169 324 -393  1
3797500 2746500  5 20  9  18.9 1011 150  2.4 2  8.9  68  378  153 323 -401  1
3797500 2746500  5 20 10  19.4 1010 168  3.3 4  8.4  61  386  232 331 -412  1
3797500 2746500  5 20 11  19.8 1010 143  3.5 3  7.8  54  541  208 338 -424  1
3797500 2746500  5 20 12  20.1 1010 189  2.9 3  7.8  53  533  250 336 -434  1
3797500 2746500  5 20 13  21.0 1009 155  3.1 2  7.6  50  499  277 334 -445  1
3797500 2746500  5 20 14  21.5 1009 195  3.5 2  7.5  48  478  269 333 -459  1
3797500 2746500  5 20 15  21.9 1008  26  3.8 4  7.5  46  318  302 342 -467  1
3797500 2746500  5 20 16  21.9 1008 194  3.3 4  6.9  42  374  211 347 -459  1
3797500 2746500  5 20 17  22.1 1007 145  2.5 5  6.9  42  199  209 349 -448  1
3797500 2746500  5 20 18  22.1 1007 177  2.3 7  7.1  42   11  142 359 -445  1
3797500 2746500  5 20 19  21.0 1006 164  3.3 6  7.1  44   22   90 360 -437  1
3797500 2746500  5 20 20  20.0 1006 132  2.5 5  7.1  47   27   32 350 -425  1
3797500 2746500  5 20 21  18.8 1006 126  1.9 3  7.0  49    0    4 335 -415  1
3797500 2746500  5 20 22  18.0 1006 108  1.6 3  7.1  53    0    0 324 -408  1
3797500 2746500  5 20 23  17.3 1006  98  2.1 3  7.0  55    0    0 321 -403  1
3797500 2746500  5 20 24  17.4 1005 108  1.8 1  6.9  55    0    0 310 -400  1
3797500 2746500  5 21  1  18.2 1005 134  3.1 4  6.8  53    0    0 314 -398  1
3797500 2746500  5 21  2  18.0 1005 146  3.5 4  6.8  52    0    0 324 -397  1
3797500 2746500  5 21  3  17.4 1005 145  2.7 5  6.9  54    0    0 324 -396  1
3797500 2746500  5 21  4  16.4 1004 131  2.5 3  7.0  58    0    0 315 -397  1
3797500 2746500  5 21  5  16.3 1004  93  1.5 1  7.1  61    0    0 297 -398  1
3797500 2746500  5 21  6  16.6 1003 124  2.3 2  7.0  60   19   46 291 -400  1
3797500 2746500  5 21  7  17.7 1003 151  4.1 3  7.0  57   98  106 299 -404  1
3797500 2746500  5 21  8  18.6 1003 147  4.1 2  7.3  56  205  153 301 -411  1
3797500 2746500  5 21  9  19.6 1002 130  5.4 2  7.5  54  337  178 301 -423  1
3797500 2746500  5 21 10  20.7 1001 139  5.2 6  7.6  51  473  185 321 -438  1
3797500 2746500  5 21 11  21.2 1001 151  4.8 6  7.8  50  530  216 339 -454  1
3797500 2746500  5 21 12  22.0 1001 148  5.3 6  7.9  48  602  212 343 -468  1
3797500 2746500  5 21 13  22.3 1000 159  4.2 4  8.0  47  652  190 340 -478  1
3797500 2746500  5 21 14  23.2  999 144  5.0 4  8.0  45  687  147 338 -485  1
3797500 2746500  5 21 15  23.8  999 158  5.2 1  7.7  42  650  123 331 -488  1
3797500 2746500  5 21 16  24.2  998 187  5.8 1  7.6  40  548  114 323 -483  1
3797500 2746500  5 21 17  23.8  997 152  5.0 2  8.1  43  424  103 326 -474  1
3797500 2746500  5 21 18  24.0  997  60  5.2 2  8.0  43  270   94 326 -465  1
3797500 2746500  5 21 19  23.5  996 215  3.4 4  7.8  42  101   80 330 -448  1
3797500 2746500  5 21 20  22.9  996 139  6.0 4  8.0  44   14   30 336 -432  1
3797500 2746500  5 21 21  21.5  996 101  4.8 6  8.0  47    0    2 342 -425  1
3797500 2746500  5 21 22  20.6  997 217  2.6 4  8.0  51    0    0 341 -422  1
3797500 2746500  5 21 23  19.3  997 135  2.7 4  8.3  56    0    0 330 -419  1
3797500 2746500  5 21 24  20.1  996 149  4.1 4  8.3  57    0    0 330 -416  1
3797500 2746500  5 22  1  19.9  996 142  5.0 5  8.1  54    0    0 334 -413  1
3797500 2746500  5 22  2  19.7  995 143  4.5 5  8.0  54    0    0 337 -411  1
3797500 2746500  5 22  3  19.7  994 146  3.9 6  8.1  56    0    0 340 -410  1
3797500 2746500  5 22  4  19.1  994 158  3.1 5  8.2  57    0    0 341 -411  1
3797500 2746500  5 22  5  18.6  993 172  2.8 5  7.9  57    0    0 334 -412  1
3797500 2746500  5 22  6  18.7  994 166  4.4 6  8.0  59    0   29 338 -414  1
3797500 2746500  5 22  7  19.5  994 165  4.8 7  8.3  59    2   75 348 -417  1
3797500 2746500  5 22  8  19.6  994 172  3.9 7  8.4  58    8  139 353 -422  1
3797500 2746500  5 22  9  20.5  994 170  4.3 7  8.4  56   68  207 356 -429  1
3797500 2746500  5 22 10  20.0  995 171  3.5 8  8.4  55   31  253 361 -437  1
3797500 2746500  5 22 11  20.2  995 170  2.8 8  8.5  57    0  203 365 -446  1
3797500 2746500  5 22 12  20.8  995 181  3.6 6  8.9  58   38  298 362 -452  1
3797500 2746500  5 22 13  20.6  996 206  3.2 6  9.0  58  249  264 359 -459  1
3797500 2746500  5 22 14  20.8  996 212  1.3 7  8.9  57  106  299 365 -463  1
3797500 2746500  5 22 15  19.6  996 207  2.7 8  9.1  60    0  169 371 -460  1
3797500 2746500  5 22 16  18.0  996 224  2.3 8  9.6  70    0  119 371 -453  1
3797500 2746500  5 22 17  17.2  997 220  2.7 7 10.2  79    0  116 366 -444  1
3797500 2746500  5 22 18  16.7  997 317  1.4 6 10.3  84    0   86 359 -430  1
3797500 2746500  5 22 19  16.4  997 123  1.9 6 10.2  85    0   57 357 -417  1
3797500 2746500  5 22 20  16.6  996 120  1.8 7  9.9  83    0   17 359 -409  1
3797500 2746500  5 22 21  16.7  996 124  1.2 7  9.9  82    0    0 362 -404  1
3797500 2746500  5 22 22  16.7  996 236  0.3 8 10.0  82    0    0 363 -401  1
3797500 2746500  5 22 23  16.6  997 212  1.5 8  9.9  82    0    0 366 -399  1
3797500 2746500  5 22 24  16.1  997 249  1.8 7  9.5  80    0    0 360 -396  1
3797500 2746500  5 23  1  15.1  998 226  1.4 7  8.7  78    0    0 352 -394  1
3797500 2746500  5 23  2  14.1  998 197  1.1 6  8.3  79    0    0 343 -391  1
3797500 2746500  5 23  3  14.9  999 216  1.7 6  8.2  78    0    0 337 -387  1
3797500 2746500  5 23  4  14.0  999 207  1.7 7  8.0  77    0    0 343 -384  1
3797500 2746500  5 23  5  13.9  999 211  2.1 7  7.9  79    0    0 346 -382  1
3797500 2746500  5 23  6  14.2  999 228  2.6 7  7.9  78    7   41 346 -381  1
3797500 2746500  5 23  7  14.5 1000 227  2.8 5  7.9  76   12   96 334 -382  1
3797500 2746500  5 23  8  14.7 1000 230  2.4 6  7.9  75    8  150 328 -385  1
3797500 2746500  5 23  9  14.8 1000 237  1.8 7  8.1  76    3  186 341 -392  1
3797500 2746500  5 23 10  14.7 1001 218  1.5 8  8.1  77    0  123 352 -404  1
3797500 2746500  5 23 11  14.9 1001 213  2.0 7  8.0  75    0  162 353 -418  1
3797500 2746500  5 23 12  15.6 1002 214  2.0 8  8.0  73    0  137 355 -431  1
3797500 2746500  5 23 13  15.7 1002 169  2.4 7  8.0  71    4  270 357 -441  1
3797500 2746500  5 23 14  17.2 1002 178  2.0 6  8.1  68  116  360 346 -446  1
3797500 2746500  5 23 15  17.8 1002 206  1.7 7  7.9  63  103  323 349 -450  1
3797500 2746500  5 23 16  17.8 1002 141  1.5 6  7.6  59   84  277 349 -452  1
3797500 2746500  5 23 17  18.2 1001 164  2.4 6  7.5  58   51  220 343 -448  1
3797500 2746500  5 23 18  18.2 1001 257  1.4 7  7.5  56   12  138 349 -440  1
3797500 2746500  5 23 19  17.2 1002 193  1.3 8  7.7  60    0   39 358 -430  1
3797500 2746500  5 23 20  16.7 1002 203  1.5 7  7.8  64    0   23 357 -418  1
3797500 2746500  5 23 21  15.8 1002 172  1.7 6  7.7  66    0    2 347 -405  1
3797500 2746500  5 23 22  15.3 1003 186  1.5 6  7.7  69    0    0 340 -396  1
3797500 2746500  5 23 23  14.6 1003 174  1.5 6  7.7  72    0    0 338 -390  1
3797500 2746500  5 23 24  13.9 1003 175  1.3 4  7.5  73    0    0 325 -386  1
3797500 2746500  5 24  1  13.4 1003 209  1.4 2  7.6  77    0    0 306 -381  1
3797500 2746500  5 24  2  12.7 1004 226  1.1 2  7.8  82    0    0 295 -377  1
3797500 2746500  5 24  3  12.2 1004 206  1.1 1  7.7  85    0    0 289 -373  1
3797500 2746500  5 24  4  12.1 1004 206  1.2 4  7.6  85    0    0 297 -369  1
3797500 2746500  5 24  5  11.3 1004 202  1.8 2  7.4  85    0    0 299 -367  1
3797500 2746500  5 24  6  12.2 1004 189  1.5 1  7.5  86   15   45 286 -367  1
3797500 2746500  5 24  7  13.7 1004 158  2.3 1  7.9  84  108   95 284 -371  1
3797500 2746500  5 24  8  15.6 1004 162  2.9 0  8.1  77  265  107 284 -380  1
3797500 2746500  5 24  9  17.7 1003 193  3.1 0  8.1  68  388  128 284 -395  1
3797500 2746500  5 24 10  17.5 1003 182  4.4 6  7.7  61  241  274 311 -411  1
3797500 2746500  5 24 11  18.0 1002 188  4.0 7  7.5  58  116  343 344 -424  1
3797500 2746500  5 24 12  17.6 1002 212  3.7 8  7.4  58   79  352 357 -435  1
3797500 2746500  5 24 13  17.7 1002 217  5.9 7  7.0  55  107  369 359 -437  1
3797500 2746500  5 24 14  18.0 1002 215  6.1 7  6.7  52  152  357 357 -429  1
3797500 2746500  5 24 15  16.9 1002 208  5.8 7  6.4  51   56  311 355 -426  1
3797500 2746500  5 24 16  15.1 1002 209  5.2 7  6.3  55    3  207 350 -421  1
3797500 2746500  5 24 17  15.2 1002 201  4.8 7  6.6  61    1  156 349 -413  1
3797500 2746500  5 24 18  14.2 1002 197  3.8 7  7.0  66    0   79 351 -409  1
3797500 2746500  5 24 19  14.9 1002 214  2.9 7  7.2  69    0   44 351 -405  1
3797500 2746500  5 24 20  14.2 1002 205  3.4 8  7.2  69    0   16 356 -399  1
3797500 2746500  5 24 21  13.4 1002 161  4.6 8  7.6  76    0    0 358 -393  1
3797500 2746500  5 24 22  13.2 1002 163  1.9 8  7.9  82    0    0 358 -390  1
3797500 2746500  5 24 23  13.1 1003 213  2.5 8  8.0  84    0    0 359 -386  1
3797500 2746500  5 24 24  12.5 1003 208  2.0 6  7.7  83    0    0 346 -381  1
3797500 2746500  5 25  1  12.3 1003 217  2.0 4  7.3  80    0    0 321 -378  1
3797500 2746500  5 25  2  12.8 1003 208  1.3 4  7.2  78    0    0 310 -375  1
3797500 2746500  5 25  3  12.1 1003 206  1.2 5  7.1  78    0    0 313 -373  1
3797500 2746500  5 25  4  12.2 1003 215  2.0 7  7.0  79    0    0 327 -371  1
3797500 2746500  5 25  5  11.6 1004 215  1.9 6  6.8  78    0    0 332 -368  1
3797500 2746500  5 25  6  12.3 1004 205  0.8 7  6.7  76    0   22 331 -365  1
3797500 2746500  5 25  7  12.6 1004 160  1.3 7  6.9  76    0   51 335 -366  1
3797500 2746500  5 25  8  11.8 1004 228  2.3 7  7.1  80    0  101 332 -373  1
3797500 2746500  5 25  9  11.4 1004 247  1.8 8  7.3  84    0  122 335 -384  1
3797500 2746500  5 25 10  11.3 1005 226  3.1 8  7.4  87    0  121 340 -397  1
3797500 2746500  5 25 11  12.6 1005 207  3.0 6  7.4  84   35  330 332 -408  1
3797500 2746500  5 25 12  13.7 1005 228  3.9 5  7.1  75  168  395 320 -419  1
3797500 2746500  5 25 13  14.3 1006 241  5.1 6  6.4  64  164  403 321 -429  1
3797500 2746500  5 25 14  15.5 1006 229  4.1 6  6.2  58  192  388 327 -431  1
3797500 2746500  5 25 15  15.7 1006 227  3.5 7  6.0  54  124  348 332 -429  1
3797500 2746500  5 25 16  16.2 1006 230  3.9 6  5.7  50   91  295 330 -431  1
3797500 2746500  5 25 17  15.8 1006 239  2.9 6  5.7  50   76  238 324 -431  1
3797500 2746500  5 25 18  15.8 1006 233  2.3 6  5.9  53   33  163 322 -424  1
3797500 2746500  5 25 19  15.2 1006 267  1.7 5  6.3  57   29   98 318 -416  1
3797500 2746500  5 25 20  14.4 1006 246  1.3 5  6.4  61   34   41 312 -406  1
3797500 2746500  5 25 21  12.6 1007 147  0.8 2  6.3  65    0    7 297 -393  1
3797500 2746500  5 25 22  12.0 1007  92  1.4 1  6.3  70    0    0 278 -382  1
3797500 2746500  5 25 23  11.5 1007  91  1.3 1  6.3  72    0    0 271 -376  1
3797500 2746500  5 25 24  10.6 1007 110  1.7 0  6.1  74    0    0 264 -373  1
3797500 2746500  5 26  1  11.2 1007 140  2.1 1  6.0  73    0    0 263 -371  1
3797500 2746500  5 26  2  10.9 1007 141  2.4 0  5.9  72    0    0 263 -370  1
3797500 2746500  5 26  3  11.0 1006 160  3.1 2  5.9  72    0    0 267 -368  1
3797500 2746500  5 26  4  11.4 1005 163  4.1 1  6.0  72    0    0 272 -365  1
3797500 2746500  5 26  5  11.2 1005 166  3.8 1  6.1  73    0    0 268 -365  1
3797500 2746500  5 26  6  12.1 1005 165  4.5 4  6.4  74   30   51 281 -366  1
3797500 2746500  5 26  7  13.3 1004 162  4.1 3  6.8  74   58  113 292 -371  1
3797500 2746500  5 26  8  14.2 1004 159  4.8 5  7.1  72  107  184 300 -380  1
3797500 2746500  5 26  9  15.8 1003 161  4.5 5  7.3  68  292  198 316 -392  1
3797500 2746500  5 26 10  16.6 1003 162  5.2 3  7.4  63  656   75 315 -404  1
3797500 2746500  5 26 11  15.1 1002 160  4.5 6  7.0  62   39  325 321 -415  1
3797500 2746500  5 26 12  16.5 1002 171  4.4 7  6.6  58   90  360 338 -421  1
3797500 2746500  5 26 13  15.7 1001 174  4.1 8  6.3  55    0  231 347 -424  1
3797500 2746500  5 26 14  15.7 1001 212  3.1 7  6.2  55    1  233 346 -424  1
3797500 2746500  5 26 15  14.8 1001 190  4.5 8  6.5  59    3  231 344 -424  1
3797500 2746500  5 26 16  16.1 1000 154  3.3 6  6.6  60   89  281 341 -425  1
3797500 2746500  5 26 17  16.7 1000 163  4.6 5  6.2  53  203  207 332 -424  1
3797500 2746500  5 26 18  16.5  999 170  4.0 4  6.0  50  235  111 324 -421  1
3797500 2746500  5 26 19  16.2  999 214  3.6 5  6.5  55  100   85 323 -413  1
3797500 2746500  5 26 20  13.5 1000 244  1.8 6  6.9  64   18   37 327 -403  1
3797500 2746500  5 26 21  12.0 1000 133  2.0 3  6.8  73    0    2 311 -394  1
3797500 2746500  5 26 22  12.5 1000 164  2.7 3  6.6  73    0    0 294 -389  1
3797500 2746500  5 26 23  12.9 1001 178  2.7 3  6.4  69    0    0 293 -385  1
3797500 2746500  5 26 24  11.9 1001 171  2.4 3  6.3  69    0    0 292 -382  1
3797500 2746500  5 27  1  11.6 1001 146  2.2 0  6.3  72    0    0 273 -378  1
3797500 2746500  5 27  2  11.4 1001 171  2.4 0  6.3  74    0    0 250 -374  1
3797500 2746500  5 27  3  11.0 1000 178  2.8 0  6.4  77    0    0 245 -374  1
3797500 2746500  5 27  4  10.8 1000 189  1.8 0  6.4  78    0    0 244 -376  1
3797500 2746500  5 27  5  11.0 1000 194  1.9 1  6.5  78    0    0 256 -376  1
3797500 2746500  5 27  6  11.5 1001 172  2.6 2  6.6  79   37   49 270 -377  1
3797500 2746500  5 27  7  12.7 1001 174  2.7 1  6.9  77  160   79 273 -381  1
3797500 2746500  5 27  8  13.9 1001 181  3.0 2  7.0  73  321   83 277 -389  1
3797500 2746500  5 27  9  14.6 1001 194  3.1 2  7.0  68  365  149 286 -397  1
3797500 2746500  5 27 10  16.2 1001 160  3.7 4  7.1  64  316  248 300 -404  1
3797500 2746500  5 27 11  16.9 1001 200  2.7 4  7.3  61  376  276 316 -413  1
3797500 2746500  5 27 12  17.0 1001 236  3.3 3  6.9  56  323  332 315 -423  1
3797500 2746500  5 27 13  17.6 1001 184  3.7 2  6.0  48  306  344 309 -433  1
3797500 2746500  5 27 14  18.3 1000 158  3.2 3  5.8  44  424  276 309 -437  1
3797500 2746500  5 27 15  19.1 1000 200  2.6 5  6.0  44  203  316 325 -441  1
3797500 2746500  5 27 16  18.5 1000 187  3.0 4  5.9  43  152  273 330 -441  1
3797500 2746500  5 27 17  18.9 1000 226  2.1 7  5.7  42   12  193 336 -436  1
3797500 2746500  5 27 18  18.3 1000 144  2.6 8  6.0  44    0   74 354 -432  1
3797500 2746500  5 27 19  18.1 1000 161  2.4 7  6.3  48    1   64 354 -425  1
3797500 2746500  5 27 20  18.0 1001 173  1.8 7  6.3  48    3   30 348 -414  1
3797500 2746500  5 27 21  16.1 1001 147  2.3 7  6.3  51    0    2 347 -401  1
3797500 2746500  5 27 22  15.4 1001 157  2.0 6  6.3  56    0    0 339 -391  1
3797500 2746500  5 27 23  15.5 1002 160  2.0 6  6.3  57    0    0 334 -386  1
3797500 2746500  5 27 24  14.7 1002 151  1.9 8  6.4  59    0    0 343 -382  1
3797500 2746500  5 28  1  14.5 1002  93  1.9 7  6.6  63    0    0 346 -378  1
3797500 2746500  5 28  2  14.2 1002  93  1.8 7  6.8  66    0    0 340 -374  1
3797500 2746500  5 28  3  13.9 1002 130  1.6 8  7.0  69    0    0 344 -371  1
3797500 2746500  5 28  4  13.6 1002  95  1.0 8  7.0  71    0    0 348 -369  1
3797500 2746500  5 28  5  13.5 1002 172  1.0 8  7.1  72    0    0 347 -366  1
3797500 2746500  5 28  6  13.3 1002 201  0.6 8  7.2  74    0   24 346 -365  1
3797500 2746500  5 28  7  13.6 1002 159  1.0 5  7.4  76   16  104 331 -369  1
3797500 2746500  5 28  8  13.8 1002 172  1.5 7  7.7  78   10  158 326 -379  1
3797500 2746500  5 28  9  14.1 1003 182  1.4 7  7.9  78    8  202 337 -391  1
3797500 2746500  5 28 10  15.4 1003 152  1.7 6  8.0  75   62  302 335 -406  1
3797500 2746500  5 28 11  17.4 1003 205  1.7 3  7.9  67  404  269 320 -420  1
3797500 2746500  5 28 12  18.2 1003 217  1.8 5  7.5  58  171  365 320 -432  1
3797500 2746500  5 28 13  18.7 1003 235  1.5 4  6.9  51  249  365 326 -442  1
3797500 2746500  5 28 14  18.6 1003 205  1.8 4  6.6  49  230  352 324 -448  1
3797500 2746500  5 28 15  19.7 1002 209  1.8 6  6.7  48  122  324 335 -450  1
3797500 2746500  5 28 16  19.4 1002 189  2.7 5  6.6  46   94  277 340 -448  1
3797500 2746500  5 28 17  18.7 1002 169  2.7 5  6.7  48  160  213 334 -445  1
3797500 2746500  5 28 18  18.5 1002 244  2.4 5  6.8  50  130  149 332 -439  1
3797500 2746500  5 28 19  18.4 1002 238  3.2 3  6.6  50   69   90 322 -430  1
3797500 2746500  5 28 20  17.4 1002 230  3.0 3  6.2  48   35   40 310 -419  1
3797500 2746500  5 28 21  16.2 1003 189  1.8 1  6.0  49    0    6 297 -408  1
3797500 2746500  5 28 22  15.7 1004 198  1.9 1  6.0  53    0    0 285 -398  1
3797500 2746500  5 28 23  15.5 1004 192  2.1 1  6.1  55    0    0 284 -392  1
3797500 2746500  5 28 24  15.9 1004 168  2.5 5  6.4  57    0    0 305 -387  1
3797500 2746500  5 29  1  15.4 1004 198  1.9 7  6.6  59    0    0 336 -386  1
3797500 2746500  5 29  2  14.3 1004 216  2.9 7  7.2  68    0    0 346 -386  1
3797500 2746500  5 29  3  14.5 1004 225  2.2 6  7.6  74    0    0 341 -386  1
3797500 2746500  5 29  4  14.5 1004 216  2.8 7  7.7  74    0    0 342 -386  1
3797500 2746500  5 29  5  13.9 1004 253  1.7 8  7.8  76    0    0 352 -385  1
3797500 2746500  5 29  6  12.9 1005 246  1.8 7  7.5  77    0   15 348 -385  1
3797500 2746500  5 29  7  13.3 1006 210  1.9 7  7.2  76    1   85 340 -384  1
3797500 2746500  5 29  8  14.0 1006 213  2.8 5  7.2  73  131  185 332 -383  1
3797500 2746500  5 29  9  14.3 1007 230  3.2 5  6.9  68  142  258 322 -386  1
3797500 2746500  5 29 10  15.3 1007 241  4.1 5  6.5  62  236  302 321 -389  1
3797500 2746500  5 29 11  15.9 1007 224  4.3 4  6.0  54  257  348 314 -391  1
3797500 2746500  5 29 12  16.0 1008 256  6.0 5  5.7  50  124  380 314 -406  1
3797500 2746500  5 29 13  16.1 1008 214  5.3 6  5.5  48   38  341 326 -421  1
3797500 2746500  5 29 14  15.6 1008 207  5.2 7  5.5  49   10  288 334 -428  1
3797500 2746500  5 29 15  17.0 1009 214  5.3 5  5.5  48  138  340 334 -428  1
3797500 2746500  5 29 16  16.3 1009 222  5.3 6  5.5  46  148  293 331 -428  1
3797500 2746500  5 29 17  14.4 1010 262  4.2 8  5.8  53    9  192 337 -422  1
3797500 2746500  5 29 18  15.4 1010 240  3.9 5  6.2  58   18  151 332 -409  1
3797500 2746500  5 29 19  15.1 1011 228  3.7 3  6.0  56  117   86 315 -405  1
3797500 2746500  5 29 20  14.2 1011 224  3.3 4  6.0  59   27   42 308 -399  1
3797500 2746500  5 29 21  13.5 1012 220  3.0 3  6.1  62    0    4 312 -388  1
3797500 2746500  5 29 22  12.9 1013 219  2.8 2  6.2  65    0    0 294 -379  1
3797500 2746500  5 29 23  12.7 1013 200  2.5 1  6.1  66    0    0 273 -374  1
3797500 2746500  5 29 24  12.7 1014 178  2.0 0  6.0  65    0    0 271 -369  1
3797500 2746500  5 30  1  12.7 1020 150  1.6 0  5.7  63    0    0 292 -388  1
3797500 2746500  5 30  2  12.2 1020 127  1.2 0  5.5  62    0    0 292 -388  1
3797500 2746500  5 30  3  11.9 1020 112  1.0 0  5.4  62    0    0 293 -389  1
3797500 2746500  5 30  4  11.6 1019 118  0.9 0  5.4  63    0    0 290 -389  1
3797500 2746500  5 30  5  13.0 1019 122  1.1 0  5.5  62    0    0 290 -390  1
3797500 2746500  5 30  6  13.1 1020 133  0.9 0  5.5  62   31   53 295 -390  1
3797500 2746500  5 30  7  16.1 1020 142  1.1 0  6.2  60  131  103 303 -392  1
3797500 2746500  5 30  8  17.9 1020 182  1.8 0  6.9  57  258  136 314 -395  1
3797500 2746500  5 30  9  18.4 1020 173  3.1 0  6.3  49  384  165 318 -399  1
3797500 2746500  5 30 10  19.5 1020 180  2.8 2  5.9  44  539  160 328 -403  1
3797500 2746500  5 30 11  19.8 1019 170  3.4 2  5.5  39  624  175 338 -404  1
3797500 2746500  5 30 12  20.4 1019 172  1.8 3  4.8  33  707  163 347 -406  1
3797500 2746500  5 30 13  20.7 1019 151  3.1 2  4.7  32  724  162 352 -405  1
3797500 2746500  5 30 14  21.4 1018 136  3.9 3  5.2  34  740  131 356 -404  1
3797500 2746500  5 30 15  21.7 1017 161  2.9 1  5.4  34  699  110 354 -402  1
3797500 2746500  5 30 16  22.4 1017 183  3.1 1  5.3  32  598  103 346 -400  1
3797500 2746500  5 30 17  22.6 1016 183  2.5 2  5.1  30  465   98 346 -401  1
3797500 2746500  5 30 18  22.6 1016 188  2.5 3  4.7  28  310   92 348 -403  1
3797500 2746500  5 30 19  22.1 1016 167  2.1 4  4.9  30  168   72 352 -404  1
3797500 2746500  5 30 20  21.1 1015 161  2.3 4  5.4  34   52   42 352 -402  1
3797500 2746500  5 30 21  19.5 1016 156  2.2 4  5.3  36    1    6 347 -400  1
3797500 2746500  5 30 22  18.3 1016 151  2.1 2  5.2  38    0    0 332 -397  1
3797500 2746500  5 30 23  18.0 1016 162  2.1 1  5.2  40    0    0 317 -394  1
3797500 2746500  5 30 24  18.4 1016 149  1.9 4  5.2  40    0    0 326 -393  1
3797500 2746500  5 31  1  18.3 1016 171  1.9 5  5.3  40    0    0 342 -393  1
3797500 2746500  5 31  2  17.8 1015 170  2.8 6  5.3  42    0    0 347 -393  1
3797500 2746500  5 31  3  17.8 1015 171  2.8 5  5.3  42    0    0 345 -392  1
3797500 2746500  5 31  4  16.8 1015 179  2.5 7  5.2  43    0    0 347 -391  1
3797500 2746500  5 31  5  16.1 1015 169  2.7 6  5.3  46    0    0 349 -390  1
3797500 2746500  5 31  6  16.6 1015 172  3.2 5  5.5  47    9   53 336 -390  1
3797500 2746500  5 31  7  17.4 1015 171  2.9 5  5.7  48   80  128 329 -390  1
3797500 2746500  5 31  8  18.7 1015 169  3.4 3  5.9  46  190  186 316 -391  1
3797500 2746500  5 31  9  20.2 1015 169  4.7 3  5.8  41  352  205 304 -393  1
3797500 2746500  5 31 10  21.4 1014 170  5.1 5  5.8  38  462  234 325 -395  1
3797500 2746500  5 31 11  21.7 1014 161  5.3 6  5.6  35  403  325 350 -400  1
3797500 2746500  5 31 12  22.0 1013 170  5.1 6  5.1  31  409  360 356 -404  1
3797500 2746500  5 31 13  22.1 1013 159  4.5 6  5.1  31  346  392 356 -407  1
3797500 2746500  5 31 14  22.0 1012 151  3.7 7  5.2  32  182  395 363 -413  1
3797500 2746500  5 31 15  22.5 1012 163  3.6 7  5.5  33   91  341 371 -417  1
3797500 2746500  5 31 16  22.7 1012 162  3.1 6  5.5  32  169  312 365 -416  1
3797500 2746500  5 31 17  22.3 1011 162  2.1 5  5.5  33  192  240 353 -411  1
3797500 2746500  5 31 18  20.3 1011 156  1.1 5  6.1  39   62  178 345 -404  1
3797500 2746500  5 31 19  17.9 1011 315  2.7 6  7.1  52    2   80 345 -400  1
3797500 2746500  5 31 20  17.0 1011 270  1.7 8  7.9  63    0   23 356 -395  1
3797500 2746500  5 31 21  15.9 1012 289  1.6 8  8.3  70    0    0 364 -388  1
3797500 2746500  5 31 22  15.4 1012  23  1.5 8  8.6  77    0    0 362 -383  1
3797500 2746500  5 31 23  14.7 1012 100  1.4 8  8.7  81    0    0 360 -380  1
3797500 2746500  5 31 24  15.0 1012  55  1.1 8  8.8  83    0    0 360 -377  1
3797500 2746500  6  1  1  14.7 1012 100  1.5 8  8.9  84    0    0 360 -377  1
3797500 2746500  6  1  2  14.3 1012 120  1.5 8  9.0  87    0    0 359 -377  1
3797500 2746500  6  1  3  13.8 1011 135  1.7 7  8.8  88    0    0 352 -376  1
3797500 2746500  6  1  4  13.2 1011 261  2.4 8  8.7  90    0    0 352 -374  1
3797500 2746500  6  1  5  12.7 1011 275  1.9 8  8.5  91    0    0 356 -372  1
3797500 2746500  6  1  6  12.4 1011 248  2.0 8  8.3  91    1   43 355 -370  1
3797500 2746500  6  1  7  12.7 1011 243  1.9 6  8.3  92    0   73 343 -371  1
3797500 2746500  6  1  8  12.8 1011 234  2.3 8  8.4  91    0   75 342 -377  1
3797500 2746500  6  1  9  12.9 1012 251  2.6 8  8.5  91    0  143 350 -386  1
3797500 2746500  6  1 10  13.4 1012 242  2.8 8  8.6  91    0  144 349 -396  1
3797500 2746500  6  1 11  14.3 1012 250  2.6 6  8.4  85    5  282 341 -404  1
3797500 2746500  6  1 12  14.0 1012 228  3.4 7  8.4  83    0  242 339 -406  1
3797500 2746500  6  1 13  14.8 1012 243  3.8 8  8.6  83    0  185 347 -411  1
3797500 2746500  6  1 14  17.3 1012 295  2.0 6  8.5  75   54  384 345 -424  1
3797500 2746500  6  1 15  16.1 1012 326  2.1 6  8.2  69   83  377 335 -427  1
3797500 2746500  6  1 16  18.4 1011  33  1.7 8  9.1  74    1  191 344 -424  1
3797500 2746500  6  1 17  18.9 1011 286  2.2 7 10.7  79    5  197 353 -423  1
3797500 2746500  6  1 18  17.5 1011 177  1.7 8 10.9  83    0   90 351 -415  1
3797500 2746500  6  1 19  17.3 1011  48  1.0 8 10.7  85    0   59 352 -404  1
3797500 2746500  6  1 20  16.6 1011 172  1.4 7 10.6  87    0   14 349 -397  1
3797500 2746500  6  1 21  16.1 1012 132  1.4 6 10.4  89    0    0 341 -391  1
3797500 2746500  6  1 22  15.6 1012 178  1.6 8 10.0  88    0    0 345 -383  1
3797500 2746500  6  1 23  14.9 1012 175  1.8 8  9.7  89    0    0 353 -381  1
3797500 2746500  6  1 24  14.3 1012 190  1.9 6  9.2  88    0    0 343 -381  1
3797500 2746500  6  2  1  13.9 1012 198  1.7 8  8.1  82    0    0 349 -379  1
3797500 2746500  6  2  2  13.1 1012 183  1.8 8  8.0  83    0    0 351 -378  1
3797500 2746500  6  2  3  12.7 1011 178  1.8 6  8.0  86    0    0 341 -377  1
3797500 2746500  6  2  4  12.7 1011 151  1.0 5  7.9  86    0    0 326 -376  1
3797500 2746500  6  2  5  12.1 1011 183  1.4 4  7.7  85    0    2 316 -375  1
3797500 2746500  6  2  6  12.8 1011 156  1.0 2  7.5  83   19   59 302 -376  1
3797500 2746500  6  2  7  14.7 1011 131  1.6 1  7.9  80  115  113 293 -379  1
3797500 2746500  6  2  8  17.7 1010 131  0.9 1  8.6  75  250  141 298 -384  1
3797500 2746500  6  2  9  20.4 1010 195  1.9 1  9.3  67  401  148 310 -391  1
3797500 2746500  6  2 10  18.6 1010 138  1.8 3  8.3  58  531  151 322 -395  1
3797500 2746500  6  2 11  19.8 1010 138  1.9 3  7.1  51  517  223 333 -396  1
3797500 2746500  6  2 12  20.2 1010 103  2.0 4  6.7  46  352  340 344 -393  1
3797500 2746500  6  2 13  21.2 1009  53  2.4 4  6.4  42  307  362 356 -390  1
3797500 2746500  6  2 14  20.9 1009 218  2.2 3  6.3  40  388  314 357 -389  1
3797500 2746500  6  2 15  21.5 1008  70  1.6 3  6.3  40  293  314 353 -387  1
3797500 2746500  6  2 16  20.9 1008  68  2.4 4  6.2  39  190  287 351 -386  1
3797500 2746500  6  2 17  21.3 1008  78  2.6 4  6.4  41  214  214 351 -386  1
3797500 2746500  6  2 18  20.9 1008  55  2.1 3  6.7  42  262  110 347 -385  1
3797500 2746500  6  2 19  20.7 1008  39  2.0 4  6.7  43  105   95 344 -384  1
3797500 2746500  6  2 20  20.3 1008  37  2.1 3  6.7  44   10   45 340 -382  1
3797500 2746500  6  2 21  18.5 1009  39  0.8 4  6.7  47    0    5 333 -379  1
3797500 2746500  6  2 22  17.8 1009  50  1.1 1  6.9  52    0    0 318 -377  1
3797500 2746500  6  2 23  16.7 1010  36  1.2 1  7.2  58    0    0 298 -375  1
3797500 2746500  6  2 24  15.9 1010  38  0.9 1  7.4  64    0    0 293 -374  1
3797500 2746500  6  3  1  13.5 1010  25  0.6 1  7.2  69    0    0 285 -372  1
3797500 2746500  6  3  2  12.9 1010  27  0.6 1  6.9  73    0    0 280 -371  1
3797500 2746500  6  3  3  12.3 1010 126  0.0 1  6.9  76    0    0 277 -371  1
3797500 2746500  6  3  4  12.0 1010 150  0.0 3  7.0  79    0    0 287 -371  1
3797500 2746500  6  3  5  12.6 1010  73  0.1 3  7.0  78    0    6 297 -372  1
3797500 2746500  6  3  6  12.8 1011  60  0.1 3  7.3  79   29   64 298 -372  1
3797500 2746500  6  3  7  14.5 1011 124  0.3 3  8.0  82   93  129 302 -372  1
3797500 2746500  6  3  8  16.5 1011 125  0.6 3  8.5  77  125  202 309 -374  1
3797500 2746500  6  3  9  18.4 1011  48  1.6 3  9.0  72  291  226 317 -380  1
3797500 2746500  6  3 10  19.9 1011  27  1.8 4  9.1  65  361  271 331 -389  1
3797500 2746500  6  3 11  20.1 1011  39  1.4 6  8.6  58  182  385 350 -399  1
3797500 2746500  6  3 12  19.3 1011   2  1.7 7  8.4  58   22  336 363 -406  1
3797500 2746500  6  3 13  19.8 1011  43  2.5 6  8.4  59   71  392 361 -407  1
3797500 2746500  6  3 14  19.6 1011  41  3.2 5  8.4  58  221  391 349 -404  1
3797500 2746500  6  3 15  18.4 1011  17  2.8 4  8.7  63  237  354 339 -404  1
3797500 2746500  6  3 16  16.6 1011 322  1.8 6  8.9  71   57  287 336 -409  1
3797500 2746500  6  3 17  14.6 1012 324  2.8 7  8.8  79    0  131 341 -408  1
3797500 2746500  6  3 18  14.1 1012 338  3.9 8  8.5  83    0   51 346 -401  1
3797500 2746500  6  3 19  14.0 1013 347  3.2 8  8.3  82    0   33 350 -395  1
3797500 2746500  6  3 20  13.7 1014   1  2.3 8  8.2  82    0   11 350 -386  1
3797500 2746500  6  3 21  13.9 1014 331  2.5 7  8.1  83    0    0 346 -378  1
3797500 2746500  6  3 22  13.9 1014 329  2.0 8  8.3  84    0    0 348 -371  1
3797500 2746500  6  3 23  13.9 1015 331  2.2 8  8.5  85    0    0 352 -366  1
3797500 2746500  6  3 24  13.7 1016 347  2.2 8  8.4  85    0    0 353 -361  1
3797500 2746500  6  4  1  13.3 1016 342  2.0 7  8.3  86    0    0 348 -358  1
3797500 2746500  6  4  2  12.8 1016 349  2.2 6  8.2  87    0    0 338 -356  1
3797500 2746500  6  4  3  12.4 1016 355  2.2 5  8.0  88    0    0 327 -355  1
3797500 2746500  6  4  4  12.0 1017 334  2.1 4  7.8  88    0    0 315 -356  1
3797500 2746500  6  4  5  11.5 1017 356  2.1 5  7.7  90    0    4 313 -356  1
3797500 2746500  6  4  6  11.8 1017 357  1.6 7  7.8  92    5   49 330 -357  1
3797500 2746500  6  4  7  12.4 1018 347  1.4 8  8.1  93    4   97 350 -360  1
3797500 2746500  6  4  8  13.2 1018 337  1.5 7  8.3  91    8  166 354 -365  1
3797500 2746500  6  4  9  13.9 1019 338  2.2 7  8.4  87   12  227 352 -372  1
3797500 2746500  6  4 10  15.2 1019 312  2.0 7  8.5  82   26  297 355 -380  1
3797500 2746500  6  4 11  15.9 1020 308  2.5 5  8.6  78  106  369 348 -390  1
3797500 2746500  6  4 12  16.6 1020 304  2.6 5  8.9  77  199  389 339 -401  1
3797500 2746500  6  4 13  17.3 1020 348  2.2 5  9.1  76  277  375 340 -405  1
3797500 2746500  6  4 14  17.5 1019 293  2.2 5  8.9  72  277  360 336 -409  1
3797500 2746500  6  4 15  18.5 1019 261  2.8 5  8.8  69  223  338 334 -415  1
3797500 2746500  6  4 16  19.3 1019 269  2.7 5  8.8  65  272  267 333 -416  1
3797500 2746500  6  4 17  19.9 1019 303  2.6 4  8.8  62  220  215 328 -412  1
3797500 2746500  6  4 18  21.2 1018 291  2.2 3  9.0  60  195  144 324 -408  1
3797500 2746500  6  4 19  20.0 1018 319  1.9 4  8.8  58   79  104 324 -401  1
3797500 2746500  6  4 20  18.8 1018 301  1.7 6  8.5  61   22   47 329 -391  1
3797500 2746500  6  4 21  18.0 1018 300  2.2 6  8.5  65    2    8 329 -381  1
3797500 2746500  6  4 22  17.4 1018 332  2.1 7  8.4  67    0    0 328 -373  1
3797500 2746500  6  4 23  16.5 1018 343  1.7 6  8.4  70    0    0 322 -366  1
3797500 2746500  6  4 24  16.0 1018 326  1.2 7  8.3  72    0    0 317 -361  1
3797500 2746500  6  5  1  15.8 1018 311  0.7 7  8.5  76    0    0 317 -357  1
3797500 2746500  6  5  2  14.6 1017 182  1.1 7  8.8  82    0    0 313 -354  1
3797500 2746500  6  5  3  14.1 1017 228  1.5 8  8.6  84    0    0 310 -352  1
3797500 2746500  6  5  4  14.4 1016 247  2.0 8  8.5  84    0    0 311 -350  1
3797500 2746500  6  5  5  13.2 1016 261  1.7 8  8.4  86    0    0 309 -347  1
3797500 2746500  6  5  6  11.8 1016 242  1.6 8  8.1  90    0    7 304 -347  1
3797500 2746500  6  5  7  12.8 1015 247  1.8 8  8.1  91    0   25 303 -352  1
3797500 2746500  6  5  8  12.4 1015 245  1.9 7  8.1  89    0   51 301 -362  1
3797500 2746500  6  5  9  11.2 1015 244  3.2 8  7.8  90    0   87 299 -375  1
3797500 2746500  6  5 10  11.4 1015 222  3.7 7  7.7  92    0  123 299 -387  1
3797500 2746500  6  5 11  11.5 1014 221  4.0 8  7.8  93    0  131 304 -399  1
3797500 2746500  6  5 12  11.3 1014 220  3.5 8  8.0  94    0  145 312 -411  1
3797500 2746500  6  5 13  12.8 1013 243  2.8 8  8.3  95    0  153 318 -421  1
3797500 2746500  6  5 14  13.1 1013 245  2.3 8  8.9  95    0  152 325 -429  1
3797500 2746500  6  5 15  13.5 1013 245  1.4 8  9.2  96    0  167 331 -434  1
3797500 2746500  6  5 16  14.9 1012 259  1.5 8  9.6  94    1  207 338 -439  1
3797500 2746500  6  5 17  15.4 1012 239  2.4 6  9.7  90   41  276 339 -441  1
3797500 2746500  6  5 18  15.3 1011 213  2.1 7  9.5  87    9  164 342 -426  1
3797500 2746500  6  5 19  15.9 1011 218  1.4 6  9.6  86    6  105 349 -405  1
3797500 2746500  6  5 20  15.6 1011 240  2.2 8  9.7  86    0   27 356 -394  1
3797500 2746500  6  5 21  15.2 1011 251  0.9 7  9.7  89    0    2 360 -390  1
3797500 2746500  6  5 22  15.3 1011 249  1.6 7  9.8  90    0    0 361 -387  1
3797500 2746500  6  5 23  14.3 1010 281  1.3 7  9.4  89    0    0 358 -386  1
3797500 2746500  6  5 24  13.8 1010 258  1.3 6  8.9  88    0    0 352 -385  1
3797500 2746500  6  6  1  13.8 1010 268  1.1 7  8.8  89    0    0 350 -384  1
3797500 2746500  6  6  2  13.2 1010 282  1.0 7  8.8  91    0    0 353 -384  1
3797500 2746500  6  6  3  12.9 1010 301  1.1 5  8.5  91    0    0 343 -383  1
3797500 2746500  6  6  4  12.6 1009 295  0.6 5  8.1  88    0    0 331 -381  1
3797500 2746500  6  6  5  12.5 1009 309  1.6 6  7.8  85    0    0 333 -380  1
3797500 2746500  6  6  6  12.6 1009 318  1.1 7  7.6  84    0   10 342 -380  1
3797500 2746500  6  6  7  12.8 1009 312  1.8 8  7.7  83    0   59 354 -380  1
3797500 2746500  6  6  8  13.0 1009 304  2.1 8  7.8  83    1  130 363 -380  1
3797500 2746500  6  6  9  13.9 1010 299  2.3 8  7.9  82    0  160 366 -380  1
3797500 2746500  6  6 10  14.5 1010 315  2.8 8  7.9  77    0  192 370 -381  1
3797500 2746500  6  6 11  14.6 1010 314  3.1 8  7.7  74    1  251 371 -382  1
3797500 2746500  6  6 12  14.6 1010 329  4.0 8  7.7  74    0  107 372 -384  1
3797500 2746500  6  6 13  14.6 1010 294  3.6 7  7.6  73    0  167 365 -386  1
3797500 2746500  6  6 14  14.3 1010 317  3.6 7  7.7  75    0  133 356 -393  1
3797500 2746500  6  6 15  13.2 1011 326  3.6 7  7.9  80    0  126 357 -401  1
3797500 2746500  6  6 16  15.5 1011 331  3.0 6  7.9  77   27  229 354 -402  1
3797500 2746500  6  6 17  15.0 1011 337  2.7 8  7.9  73   31  191 363 -402  1
3797500 2746500  6  6 18  14.9 1011 350  3.3 8  8.0  75    5  126 372 -403  1
3797500 2746500  6  6 19  15.1 1011 307  2.1 6  7.9  74   70   74 365 -400  1
3797500 2746500  6  6 20  14.1 1011 346  1.1 6  7.8  75   50   31 354 -396  1
3797500 2746500  6  6 21  13.6 1011 347  1.3 5  7.7  78    6    8 349 -393  1
3797500 2746500  6  6 22  13.7 1012 316  1.4 3  7.7  79    0    0 335 -390  1
3797500 2746500  6  6 23  12.5 1013 333  1.0 2  7.6  81    0    0 319 -387  1
3797500 2746500  6  6 24  12.1 1013 324  0.8 3  7.5  84    0    0 316 -386  1
3797500 2746500  6  7  1  11.1 1013 339  0.6 2  7.4  87    0    0 314 -386  1
3797500 2746500  6  7  2  10.7 1013 320  0.7 2  7.3  90    0    0 306 -385  1
3797500 2746500  6  7  3  10.5 1013 321  0.8 4  7.3  91    0    0 314 -383  1
3797500 2746500  6  7  4  11.0 1013 350  0.7 4  7.3  91    0    0 325 -381  1
3797500 2746500  6  7  5  10.9 1013  27  0.3 4  7.4  91    0    1 324 -379  1
3797500 2746500  6  7  6  11.1 1013 349  0.5 1  7.5  91    4   47 309 -379  1
3797500 2746500  6  7  7  13.0 1014 150  0.7 1  7.9  89  118  104 295 -383  1
3797500 2746500  6  7  8  14.9 1014 182  0.8 2  8.2  82  240  133 304 -387  1
3797500 2746500  6  7  9  15.3 1014 263  1.1 4  8.2  77  114  257 321 -391  1
3797500 2746500  6  7 10  15.5 1014 261  1.4 5  8.1  74   81  314 337 -393  1
3797500 2746500  6  7 11  15.8 1014 242  2.0 6  8.0  72   45  339 346 -396  1
3797500 2746500  6  7 12  16.3 1015 261  1.6 6  7.8  69   77  366 350 -407  1
3797500 2746500  6  7 13  16.6 1015 283  1.6 6  7.6  65  129  376 350 -420  1
3797500 2746500  6  7 14  18.5 1014 257  1.7 7  7.8  62  184  357 358 -428  1
3797500 2746500  6  7 15  18.3 1014 259  1.2 4  8.1  61  275  300 354 -433  1
3797500 2746500  6  7 16  19.3 1014 242  1.4 4  7.8  57  359  207 342 -438  1
3797500 2746500  6  7 17  19.8 1013 120  1.5 3  7.7  54  470   67 340 -438  1
3797500 2746500  6  7 18  20.4 1013 262  1.8 1  7.9  53  332   73 331 -433  1
3797500 2746500  6  7 19  20.2 1013 284  1.3 0  7.6  51  182   62 320 -426  1
3797500 2746500  6  7 20  19.7 1013 302  0.9 0  7.7  53   59   40 313 -419  1
3797500 2746500  6  7 21  17.3 1013 314  0.7 1  8.0  60    4    9 309 -411  1
3797500 2746500  6  7 22  16.6 1013  46  0.8 0  7.9  66    0    0 302 -405  1
3797500 2746500  6  7 23  15.8 1014  54  0.8 0  7.9  68    0    0 293 -402  1
3797500 2746500  6  7 24  15.0 1014  88  1.3 0  7.9  72    0    0 288 -401  1
3797500 2746500  6  8  1  13.2 1014  88  1.2 0  7.8  78    0    0 280 -399  1
3797500 2746500  6  8  2  13.1 1014 108  0.8 0  7.7  82    0    0 275 -397  1
3797500 2746500  6  8  3  12.3 1013 101  0.7 0  7.9  86    0    0 273 -395  1
3797500 2746500  6  8  4  12.2 1014 191  0.9 0  7.9  88    0    0 270 -394  1
3797500 2746500  6  8  5  12.2 1014 193  1.0 0  7.5  84    0    6 266 -392  1
3797500 2746500  6  8  6  15.0 1014 192  1.2 0  7.6  79   31   62 268 -392  1
3797500 2746500  6  8  7  17.2 1014 185  1.9 0  8.4  73  115  120 273 -395  1
3797500 2746500  6  8  8  18.5 1014 185  1.2 0  8.9  69  221  167 277 -402  1
3797500 2746500  6  8  9  20.0 1014 206  2.1 0  8.9  64  332  202 284 -412  1
3797500 2746500  6  8 10  20.7 1014 249  2.5 1  8.8  59  452  218 294 -425  1
3797500 2746500  6  8 11  22.0 1014 220  3.0 1  9.0  57  552  225 306 -441  1
3797500 2746500  6  8 12  22.8 1014 250  3.3 2  9.2  54  577  249 319 -456  1
3797500 2746500  6  8 13  23.8 1014 247  2.8 3  9.2  52  517  290 332 -474  1
3797500 2746500  6  8 14  24.0 1014 238  2.9 3  9.5  51  450  306 339 -487  1
3797500 2746500  6  8 15  25.3 1013 245  3.1 2  9.7  50  561  202 339 -492  1
3797500 2746500  6  8 16  25.3 1013 243  2.7 2  9.8  48  515  160 338 -493  1
3797500 2746500  6  8 17  25.7 1013 243  2.0 2  9.4  46  407  137 337 -490  1
3797500 2746500  6  8 18  26.1 1012 230  1.8 3  9.4  45  286  112 341 -483  1
3797500 2746500  6  8 19  25.4 1012 265  0.8 2  9.5  46  152   88 341 -473  1
3797500 2746500  6  8 20  24.8 1012 257  0.6 2  9.4  47   51   52 337 -460  1
3797500 2746500  6  8 21  22.1 1012 261  0.6 3  9.7  53    2   11 336 -447  1
3797500 2746500  6  8 22  20.3 1012 183  0.4 1  9.6  61    0    0 325 -436  1
3797500 2746500  6  8 23  19.2 1013 106  0.9 1  9.6  67    0    0 316 -427  1
3797500 2746500  6  8 24  18.4 1013 108  0.9 1  9.8  72    0    0 314 -421  1
3797500 2746500  6  9  1  17.5 1013 117  0.6 1  9.7  75    0    0 312 -416  1
3797500 2746500  6  9  2  16.8 1013 128  0.6 1  9.7  79    0    0 310 -413  1
3797500 2746500  6  9  3  16.4 1013 198  0.7 1  9.6  81    0    0 309 -410  1
3797500 2746500  6  9  4  16.1 1013 180  1.5 1  9.4  82    0    0 307 -408  1
3797500 2746500  6  9  5  16.4 1013 190  1.4 1  9.7  84    0    6 307 -405  1
3797500 2746500  6  9  6  18.4 1013 192  1.4 1 10.0  80   23   64 309 -404  1
3797500 2746500  6  9  7  20.0 1014 183  1.0 0 10.5  75  106  126 309 -407  1
3797500 2746500  6  9  8  21.8 1014 194  1.6 0 11.0  71  209  177 312 -418  1
3797500 2746500  6  9  9  24.1 1014 213  2.1 0 11.5  66  323  213 322 -434  1
3797500 2746500  6  9 10  25.3 1014 203  2.1 0 11.6  59  441  232 334 -451  1
3797500 2746500  6  9 11  26.3 1014 241  2.1 0 10.7  51  547  236 340 -469  1
3797500 2746500  6  9 12  27.1 1014 181  2.3 1 10.4  47  635  224 349 -484  1
3797500 2746500  6  9 13  27.3 1013 170  2.5 1 10.4  46  630  238 355 -497  1
3797500 2746500  6  9 14  27.7 1013 182  1.5 2  9.7  42  626  220 359 -506  1
3797500 2746500  6  9 15  28.8 1013  22  1.4 3  9.9  41  531  228 369 -511  1
3797500 2746500  6  9 16  29.3 1012 306  1.3 3 10.1  40  468  195 375 -510  1
3797500 2746500  6  9 17  29.8 1012 282  1.0 4  9.1  35  411  142 378 -505  1
3797500 2746500  6  9 18  30.3 1012 296  2.0 4  8.7  32  276  123 381 -498  1
3797500 2746500  6  9 19  29.3 1011 338  1.0 5  8.8  34  144   94 383 -488  1
3797500 2746500  6  9 20  27.2 1011 267  1.0 5  9.5  39   42   52 380 -475  1
3797500 2746500  6  9 21  24.8 1011  18  1.4 6 10.0  47    0    7 376 -462  1
3797500 2746500  6  9 22  23.5 1012  94  0.7 4  9.7  51    0    0 369 -453  1
3797500 2746500  6  9 23  23.0 1012  90  0.9 4  9.7  54    0    0 362 -448  1
3797500 2746500  6  9 24  21.2 1012 119  0.0 6 10.1  60    0    0 364 -441  1
3797500 2746500  6 10  1  22.4 1012 193  1.1 7  9.7  59    0    0 373 -434  1
3797500 2746500  6 10  2  22.1 1012 183  1.1 7  9.4  56    0    0 376 -430  1
3797500 2746500  6 10  3  22.4 1012 182  1.5 6  9.8  58    0    0 373 -427  1
3797500 2746500  6 10  4  21.8 1012 211  1.8 7 10.5  63    0    0 374 -424  1
3797500 2746500  6 10  5  21.5 1012 223  2.8 6 10.7  66    0    2 373 -422  1
3797500 2746500  6 10  6  21.2 1012 224  3.2 6 10.9  68   18   64 368 -422  1
3797500 2746500  6 10  7  21.9 1012 235  2.8 5 11.3  70   70  135 365 -426  1
3797500 2746500  6 10  8  22.8 1012 243  3.0 3 11.1  66  154  197 359 -435  1
3797500 2746500  6 10  9  23.7 1013 237  3.1 3 10.9  61  228  254 355 -448  1
3797500 2746500  6 10 10  23.9 1013 251  3.5 6 11.3  61  224  325 367 -463  1
3797500 2746500  6 10 11  23.4 1013 241  4.5 6 10.6  58  351  336 376 -479  1
3797500 2746500  6 10 12  25.6 1013 246  4.0 6  9.3  48  373  360 380 -493  1
3797500 2746500  6 10 13  25.6 1013 240  3.9 7  9.5  46  311  387 389 -504  1
3797500 2746500  6 10 14  25.4 1013 260  2.9 7  9.9  48  225  390 394 -513  1
3797500 2746500  6 10 15  26.3 1012 281  3.0 6 10.0  48  240  354 394 -518  1
3797500 2746500  6 10 16  26.5 1012 275  3.9 6 10.9  50  176  309 396 -516  1
3797500 2746500  6 10 17  26.7 1012 281  3.0 6 10.7  49  265  216 397 -507  1
3797500 2746500  6 10 18  27.0 1011 295  2.5 5 10.2  46  205  155 392 -480  1
3797500 2746500  6 10 19  26.5 1011 288  0.5 6 10.9  49   91  111 391 -458  1
3797500 2746500  6 10 20  25.1 1011   4  1.1 7 11.4  54   14   51 394 -453  1
3797500 2746500  6 10 21  23.6 1011 350  2.3 7 11.2  58    0    8 392 -445  1
3797500 2746500  6 10 22  22.3 1012  24  1.9 6 10.9  62    0    0 383 -437  1
3797500 2746500  6 10 23  21.3 1013 332  1.2 5 10.9  66    0    0 373 -430  1
3797500 2746500  6 10 24  19.5 1013 309  1.4 4 10.9  72    0    0 361 -425  1
3797500 2746500  6 11  1  18.9 1013 325  1.1 5 11.0  79    0    0 357 -424  1
3797500 2746500  6 11  2  18.2 1013 279  1.0 6 10.9  81    0    0 360 -423  1
3797500 2746500  6 11  3  17.2 1013 265  0.3 7 10.7  84    0    0 362 -422  1
3797500 2746500  6 11  4  17.2 1013   3  0.7 7 10.7  87    0    0 362 -421  1
3797500 2746500  6 11  5  17.4 1013 259  0.5 8 10.8  87    0    1 365 -420  1
3797500 2746500  6 11  6  17.4 1013 237  1.0 7 10.7  86    7   54 365 -419  1
3797500 2746500  6 11  7  18.6 1013 256  1.4 5 10.6  82   20  121 354 -420  1
3797500 2746500  6 11  8  18.2 1013 224  1.4 7 10.7  80    0  117 353 -423  1
3797500 2746500  6 11  9  19.5 1014 202  1.3 7 10.8  79   12  230 364 -431  1
3797500 2746500  6 11 10  20.8 1013 248  2.1 6 10.9  73  241  304 365 -443  1
3797500 2746500  6 11 11  20.4 1013 245  2.7 8 10.8  71   17  308 373 -454  1
3797500 2746500  6 11 12  19.6 1013 227  2.7 8 11.2  76    0  214 382 -454  1
3797500 2746500  6 11 13  19.9 1013 240  2.1 7 11.5  80   11  296 380 -457  1
3797500 2746500  6 11 14  20.6 1013 245  3.0 7 11.9  80    5  261 380 -469  1
3797500 2746500  6 11 15  19.5 1013 229  1.7 7 11.8  80    0  197 381 -472  1
3797500 2746500  6 11 16  19.4 1013 218  2.4 7 11.3  79    4  209 379 -471  1
3797500 2746500  6 11 17  19.2 1013 218  1.6 7 11.5  82   11  199 378 -469  1
3797500 2746500  6 11 18  18.8 1012 257  1.9 8 11.8  85   10  151 381 -465  1
3797500 2746500  6 11 19  18.8 1011 213  1.5 7 11.8  86    0   69 379 -455  1
3797500 2746500  6 11 20  18.6 1011 238  2.2 8 11.9  88    0   31 378 -444  1
3797500 2746500  6 11 21  18.5 1011 231  2.1 8 12.1  90    0    4 382 -436  1
3797500 2746500  6 11 22  18.5 1011 204  2.8 7 12.0  90    0    0 376 -428  1
3797500 2746500  6 11 23  18.4 1011 231  2.4 7 11.8  88    0    0 370 -422  1
3797500 2746500  6 11 24  18.4 1011 216  2.9 8 11.8  89    0    0 375 -418  1
3797500 2746500  6 12  1  18.3 1011 231  2.2 8 11.9  90    0    0 380 -413  1
3797500 2746500  6 12  2  17.8 1011 235  3.1 8 11.9  92    0    0 379 -408  1
3797500 2746500  6 12  3  17.7 1011 235  2.4 8 11.8  92    0    0 379 -405  1
3797500 2746500  6 12  4  16.9 1010 251  3.5 7 11.2  90    0    0 372 -402  1
3797500 2746500  6 12  5  15.9 1010 236  3.2 7 10.2  87    0    3 362 -400  1
3797500 2746500  6 12  6  15.7 1010 242  3.1 8  9.7  86    0   11 365 -399  1
3797500 2746500  6 12  7  15.2 1011 251  3.0 8  9.5  86    0   24 370 -404  1
3797500 2746500  6 12  8  14.9 1011 241  2.2 8  9.5  88    0   64 368 -411  1
3797500 2746500  6 12  9  15.6 1011 243  3.1 7  9.5  88    3  201 364 -421  1
3797500 2746500  6 12 10  16.5 1012 241  3.2 6  9.5  83  103  309 357 -433  1
3797500 2746500  6 12 11  17.8 1012 243  3.1 6  9.3  76  247  325 357 -446  1
3797500 2746500  6 12 12  18.0 1011 247  3.3 6  9.1  71   89  362 361 -457  1
3797500 2746500  6 12 13  18.4 1011 245  3.3 7  9.1  70    9  292 368 -463  1
3797500 2746500  6 12 14  18.2 1011 235  2.9 8  9.4  71    1  233 376 -467  1
3797500 2746500  6 12 15  18.7 1011 234  4.7 6  9.8  74   32  291 370 -469  1
3797500 2746500  6 12 16  18.8 1011 224  4.3 6  9.8  72  187  270 362 -468  1
3797500 2746500  6 12 17  18.5 1011 260  3.5 7  9.8  72   76  229 364 -462  1
3797500 2746500  6 12 18  17.6 1010 245  3.7 8  9.9  76    1  119 370 -453  1
3797500 2746500  6 12 19  17.5 1010 255  2.2 8  9.5  76    0   55 369 -440  1
3797500 2746500  6 12 20  16.0 1010 232  2.1 7  9.4  79    0   12 360 -427  1
3797500 2746500  6 12 21  15.5 1010 219  1.2 4  9.6  86    0    2 340 -415  1
3797500 2746500  6 12 22  14.7 1010 231  1.2 3  9.3  86    0    0 320 -406  1
3797500 2746500  6 12 23  14.6 1010 233  1.7 3  9.0  86    0    0 314 -399  1
3797500 2746500  6 12 24  13.9 1011 235  1.3 1  8.9  87    0    0 304 -393  1
3797500 2746500  6 13  1  13.4 1011 224  1.1 3  8.6  88    0    0 302 -389  1
3797500 2746500  6 13  2  13.3 1011 217  1.1 3  8.4  88    0    0 309 -387  1
3797500 2746500  6 13  3  13.7 1010 227  2.3 5  8.5  87    0    0 320 -388  1
3797500 2746500  6 13  4  13.9 1010 213  2.2 5  8.7  87    0    0 331 -387  1
3797500 2746500  6 13  5  12.5 1010 258  2.5 7  8.5  89    0    3 338 -385  1
3797500 2746500  6 13  6  13.1 1010 227  2.5 7  8.3  90    1   44 344 -384  1
3797500 2746500  6 13  7  12.2 1010 249  2.2 8  8.1  88    0   83 349 -386  1
3797500 2746500  6 13  8  13.8 1010 259  1.9 7  8.1  86   39  170 350 -391  1
3797500 2746500  6 13  9  14.6 1011 238  2.2 6  8.7  86   87  225 347 -399  1
3797500 2746500  6 13 10  15.2 1011 248  2.7 6  9.0  84  143  259 346 -410  1
3797500 2746500  6 13 11  14.2 1011 254  2.6 7  8.6  82   25  286 349 -420  1
3797500 2746500  6 13 12  14.8 1011 293  3.1 7  8.3  80   75  311 349 -419  1
3797500 2746500  6 13 13  15.0 1011 282  1.7 8  8.1  77    0  192 351 -418  1
3797500 2746500  6 13 14  14.9 1011 260  2.3 6  8.1  76   14  264 345 -427  1
3797500 2746500  6 13 15  14.2 1012 282  0.6 7  8.3  80    0  176 341 -423  1
3797500 2746500  6 13 16  15.3 1012 249  1.5 7  8.6  82    0  170 347 -422  1
3797500 2746500  6 13 17  13.1 1012 308  1.0 8  8.3  82    0  123 351 -426  1
3797500 2746500  6 13 18  14.5 1013 164  1.2 8  8.3  84    1  115 355 -412  1
3797500 2746500  6 13 19  13.6 1013 309  1.2 7  8.3  83    0   49 353 -399  1
3797500 2746500  6 13 20  14.3 1014 323  0.1 6  8.3  83    0   23 345 -396  1
3797500 2746500  6 13 21  14.1 1014 304  0.3 5  8.4  83    0    1 339 -391  1
3797500 2746500  6 13 22  14.1 1015 293  0.7 6  8.4  84    0    0 339 -388  1
3797500 2746500  6 13 23  14.1 1016 290  1.0 6  8.6  86    0    0 345 -385  1
3797500 2746500  6 13 24  13.7 1016 310  0.1 5  8.6  87    0    0 342 -382  1
3797500 2746500  6 14  1  13.8 1017 310  0.4 4  8.7  88    0    0 333 -379  1
3797500 2746500  6 14  2  13.9 1017 321  1.0 4  8.7  89    0    0 330 -376  1
3797500 2746500  6 14  3  13.8 1017 321  1.7 7  8.6  87    0    0 342 -374  1
3797500 2746500  6 14  4  13.6 1018 336  1.7 7  8.5  87    0    0 356 -372  1
3797500 2746500  6 14  5  13.4 1019 335  2.1 8  8.3  86    0    0 359 -371  1
3797500 2746500  6 14  6  13.4 1019 342  1.8 7  8.2  86    0   17 360 -373  1
3797500 2746500  6 14  7  13.5 1019 340  2.3 7  8.1  85    0   50 358 -375  1
3797500 2746500  6 14  8  13.6 1020 341  3.3 7  8.0  83    0  115 358 -379  1
3797500 2746500  6 14  9  13.8 1021 341  3.3 7  7.6  79    3  203 356 -387  1
3797500 2746500  6 14 10  14.4 1021 357  3.3 7  7.5  75    0  220 354 -402  1
3797500 2746500  6 14 11  13.7 1022 347  3.3 7  7.4  75    0  210 350 -419  1
3797500 2746500  6 14 12  14.4 1022 335  2.8 8  7.3  74    0  189 349 -433  1
3797500 2746500  6 14 13  14.1 1022 342  2.3 7  7.3  73    0  196 342 -442  1
3797500 2746500  6 14 14  15.6 1023 359  2.8 7  7.4  71    0  187 337 -449  1
3797500 2746500  6 14 15  15.9 1023 348  2.7 7  7.5  68    0  198 337 -454  1
3797500 2746500  6 14 16  15.7 1023 347  3.2 7  7.2  65   11  240 335 -454  1
3797500 2746500  6 14 17  16.1 1023 340  2.9 6  7.0  62   36  231 330 -448  1
3797500 2746500  6 14 18  15.8 1023 348  2.2 8  6.9  62    4  137 331 -440  1
3797500 2746500  6 14 19  15.8 1023  13  1.1 8  7.0  63    2   87 333 -430  1
3797500 2746500  6 14 20  15.5 1024  29  1.1 7  7.0  64    5   46 326 -416  1
3797500 2746500  6 14 21  14.3 1024   4  0.9 6  6.9  66    0   10 314 -402  1
3797500 2746500  6 14 22  12.2 1024 131  0.0 4  6.8  73    0    0 299 -389  1
3797500 2746500  6 14 23  10.8 1024 161  0.0 3  6.8  81    0    0 286 -380  1
3797500 2746500  6 14 24  10.1 1024 358  0.0 0  6.8  87    0    0 273 -375  1
3797500 2746500  6 15  1   9.7 1025 213  0.4 0  6.8  90    0    0 263 -371  1
3797500 2746500  6 15  2   9.3 1024 270  1.4 0  6.6  91    0    0 261 -370  1
3797500 2746500  6 15  3   8.7 1024 257  0.5 1  6.5  92    0    0 260 -367  1
3797500 2746500  6 15  4   8.5 1024 348  0.1 1  6.6  96    0    0 261 -364  1
3797500 2746500  6 15  5   8.2 1024 216  0.1 3  6.6  98    0   12 265 -363  1
3797500 2746500  6 15  6  10.1 1024 258  0.2 3  6.8  95   33   65 274 -364  1
3797500 2746500  6 15  7  12.6 1024 202  0.7 5  7.4  89   82  132 289 -371  1
3797500 2746500  6 15  8  14.7 1024 220  1.6 5  7.8  81  120  204 304 -381  1
3797500 2746500  6 15  9  16.1 1024 250  2.4 3  7.8  72  265  242 302 -394  1
3797500 2746500  6 15 10  16.7 1024 252  2.6 5  7.6  66  313  299 306 -410  1
3797500 2746500  6 15 11  17.8 1024 264  2.3 6  7.8  64  321  351 324 -426  1
3797500 2746500  6 15 12  18.4 1023 232  2.5 6  8.1  63  283  391 336 -437  1
3797500 2746500  6 15 13  19.2 1023 249  2.6 6  8.0  60  199  403 343 -448  1
3797500 2746500  6 15 14  20.4 1022 231  2.8 7  8.1  57   97  368 353 -460  1
3797500 2746500  6 15 15  20.8 1021 288  2.0 7  8.6  57   97  340 364 -465  1
3797500 2746500  6 15 16  21.4 1021 240  3.0 7  9.2  59  163  309 369 -462  1
3797500 2746500  6 15 17  22.1 1020 236  2.7 4  9.6  59  351  186 362 -457  1
3797500 2746500  6 15 18  22.3 1020 254  2.7 4  9.6  58  212  161 354 -453  1
3797500 2746500  6 15 19  22.7 1019 242  2.6 6  9.8  58   62  119 366 -447  1
3797500 2746500  6 15 20  21.1 1019 233  2.0 6  9.9  60    5   45 375 -440  1
3797500 2746500  6 15 21  20.6 1018 232  2.0 5  9.8  64    0    6 369 -428  1
3797500 2746500  6 15 22  18.9 1018 232  1.9 4  9.7  68    0    0 358 -416  1
3797500 2746500  6 15 23  18.4 1018 258  1.2 4  9.7  73    0    0 351 -406  1
3797500 2746500  6 15 24  17.0 1018 298  0.8 3 10.0  79    0    0 346 -399  1
3797500 2746500  6 16  1  16.2 1018 272  0.5 0  9.7  83    0    0 328 -393  1
3797500 2746500  6 16  2  15.9 1017 262  0.5 0  9.5  84    0    0 314 -389  1
3797500 2746500  6 16  3  15.9 1017 208  0.6 2  9.6  85    0    0 321 -386  1
3797500 2746500  6 16  4  15.6 1016 220  0.7 3  9.6  86    0    0 332 -384  1
3797500 2746500  6 16  5  15.2 1016 208  1.1 2  9.5  87    0    7 330 -383  1
3797500 2746500  6 16  6  16.9 1015 208  1.6 1  9.9  87   34   61 323 -383  1
3797500 2746500  6 16  7  18.6 1015 221  1.7 0 10.8  85  126  116 320 -387  1
3797500 2746500  6 16  8  19.7 1014 248  2.3 2 11.3  81  192  178 330 -398  1
3797500 2746500  6 16  9  20.4 1014 244  3.0 2 11.5  78  283  223 343 -414  1
3797500 2746500  6 16 10  21.6 1013 254  2.4 2 11.4  73  426  234 348 -431  1
3797500 2746500  6 16 11  22.6 1013 280  2.8 3 11.1  66  380  315 357 -446  1
3797500 2746500  6 16 12  22.9 1012 271  3.0 3 10.8  62  364  352 365 -454  1
3797500 2746500  6 16 13  22.5 1011 325  2.6 6 10.8  62  142  379 375 -456  1
3797500 2746500  6 16 14  23.2 1011 276  4.0 5 10.7  61  177  368 384 -455  1
3797500 2746500  6 16 15  23.3 1010 310  4.9 5 10.7  60  161  340 382 -453  1
3797500 2746500  6 16 16  23.3 1010 303  3.8 5 10.6  59   19  253 382 -445  1
3797500 2746500  6 16 17  21.1 1009 308  4.2 7 10.2  61    3  177 385 -436  1
3797500 2746500  6 16 18  17.0 1010 346  4.8 8  9.9  71    0  114 386 -430  1
3797500 2746500  6 16 19  16.5 1010 341  2.7 8  9.8  82    0   67 382 -424  1
3797500 2746500  6 16 20  17.5 1011 323  2.9 6  9.4  78    4   45 371 -417  1
3797500 2746500  6 16 21  17.3 1011 320  2.5 7  8.6  69    3   13 365 -411  1
3797500 2746500  6 16 22  16.6 1011 330  2.7 4  7.8  65    0    0 350 -405  1
3797500 2746500  6 16 23  15.8 1012 334  2.9 4  7.2  62    0    0 329 -401  1
3797500 2746500  6 16 24  14.6 1012 336  2.2 5  6.9  64    0    0 327 -396  1
3797500 2746500  6 17  1  13.4 1012 345  2.0 5  6.7  67    0    0 327 -391  1
3797500 2746500  6 17  2  12.5 1013 342  1.6 5  6.6  70    0    0 323 -386  1
3797500 2746500  6 17  3  11.8 1013 337  1.2 3  6.5  74    0    0 313 -379  1
3797500 2746500  6 17  4  12.5 1013 319  0.8 4  6.6  75    0    0 309 -374  1
3797500 2746500  6 17  5  12.6 1013 298  0.8 6  6.8  75    0    0 327 -369  1
3797500 2746500  6 17  6  13.4 1013 312  1.1 6  7.1  76    0   32 339 -368  1
3797500 2746500  6 17  7  13.9 1013 325  2.5 5  7.2  74   38  115 334 -372  1
3797500 2746500  6 17  8  14.1 1014 338  2.8 6  7.0  70   37  182 333 -382  1
3797500 2746500  6 17  9  14.2 1014 340  3.0 7  6.6  65   27  236 342 -395  1
3797500 2746500  6 17 10  14.9 1014 311  2.7 6  6.5  63   81  298 343 -409  1
3797500 2746500  6 17 11  16.3 1014 328  2.6 6  6.8  61   96  330 342 -422  1
3797500 2746500  6 17 12  17.0 1014 327  3.4 4  7.0  59  276  312 337 -432  1
3797500 2746500  6 17 13  16.6 1014 295  3.6 4  6.8  57  304  305 329 -439  1
3797500 2746500  6 17 14  17.4 1013 333  2.6 5  6.2  51  172  319 333 -440  1
3797500 2746500  6 17 15  18.3 1013 320  3.0 6  6.1  48  204  285 343 -431  1
3797500 2746500  6 17 16  18.3 1013 312  3.2 5  6.3  48  210  242 344 -420  1
3797500 2746500  6 17 17  18.6 1012 324  3.2 5  6.5  49  135  209 342 -415  1
3797500 2746500  6 17 18  18.1 1012 344  2.5 3  6.5  50  222  112 334 -413  1
3797500 2746500  6 17 19  18.7 1012 309  1.8 3  6.5  50  135   75 326 -411  1
3797500 2746500  6 17 20  17.7 1011 313  1.1 3  6.6  50   70   35 326 -407  1
3797500 2746500  6 17 21  16.6 1011 246  1.2 4  6.5  53    6   11 325 -404  1
3797500 2746500  6 17 22  15.4 1011 202  0.9 5  6.7  59    0    0 328 -401  1
3797500 2746500  6 17 23  15.1 1011 223  1.5 4  6.9  64    0    0 325 -397  1
3797500 2746500  6 17 24  14.3 1011 191  1.0 3  7.0  67    0    0 315 -392  1
3797500 2746500  6 18  1  14.1 1010 186  0.9 1  7.1  70    0    0 299 -387  1
3797500 2746500  6 18  2  14.8 1009 171  2.6 1  7.2  70    0    0 289 -385  1
3797500 2746500  6 18  3  14.1 1008 183  1.9 4  7.4  72    0    0 301 -387  1
3797500 2746500  6 18  4  14.8 1007 215  3.1 5  7.5  72    0    0 317 -389  1
3797500 2746500  6 18  5  15.7 1007 196  2.3 6  7.7  71    0    0 329 -390  1
3797500 2746500  6 18  6  15.7 1006 186  2.9 7  8.0  71    0   19 341 -393  1
3797500 2746500  6 18  7  16.6 1005 206  3.7 6  8.1  70    7  105 343 -397  1
3797500 2746500  6 18  8  17.7 1004 215  4.8 4  8.5  69  128  191 333 -403  1
3797500 2746500  6 18  9  19.2 1003 221  5.8 3  8.9  66  346  188 324 -411  1
3797500 2746500  6 18 10  20.4 1002 228  4.6 3  9.4  64  384  247 327 -422  1
3797500 2746500  6 18 11  20.3 1002 228  5.7 5  9.6  64  287  336 340 -438  1
3797500 2746500  6 18 12  20.2 1001 240  6.3 6  9.6  64   93  366 356 -453  1
3797500 2746500  6 18 13  20.1 1001 245  6.4 7  9.4  63    2  253 367 -463  1
3797500 2746500  6 18 14  18.8 1000 285  4.6 6  9.3  65   15  293 367 -465  1
3797500 2746500  6 18 15  19.7 1000 266  5.8 3  9.1  64  227  328 352 -462  1
3797500 2746500  6 18 16  19.2 1000 294  5.7 4  8.1  57  178  288 346 -457  1
3797500 2746500  6 18 17  16.2 1001 299  4.6 6  7.7  60   55  236 350 -450  1
3797500 2746500  6 18 18  16.8 1001 287  3.3 6  7.5  63   11  153 354 -437  1
3797500 2746500  6 18 19  16.8 1001 271  2.2 7  7.5  62    2   81 358 -422  1
3797500 2746500  6 18 20  17.0 1001 291  2.2 7  7.4  61    1   41 362 -413  1
3797500 2746500  6 18 21  16.6 1001 271  2.2 6  7.4  61    0    7 360 -407  1
3797500 2746500  6 18 22  16.4 1001 286  1.8 6  7.4  62    0    0 356 -399  1
3797500 2746500  6 18 23  15.9 1001 272  1.8 6  7.4  64    0    0 354 -392  1
3797500 2746500  6 18 24  15.4 1001 252  1.7 7  7.6  68    0    0 356 -390  1
3797500 2746500  6 19  1  15.1 1001 254  1.4 6  7.8  71    0    0 356 -391  1
3797500 2746500  6 19  2  14.9 1001 240  1.4 6  7.9  73    0    0 349 -391  1
3797500 2746500  6 19  3  14.4 1001 250  1.2 6  8.0  76    0    0 347 -392  1
3797500 2746500  6 19  4  14.4 1000 233  1.8 6  8.1  78    0    0 346 -392  1
3797500 2746500  6 19  5  14.2 1000 243  1.5 7  8.4  81    0    0 351 -392  1
3797500 2746500  6 19  6  13.5 1000 243  1.7 8  8.7  87    0   11 359 -392  1
3797500 2746500  6 19  7  14.0 1000 251  1.9 7  9.1  92    0   72 360 -392  1
3797500 2746500  6 19  8  14.0 1000 251  2.0 8  9.3  92    0  111 360 -394  1
3797500 2746500  6 19  9  14.1 1000 273  1.9 8  9.3  91    0  108 364 -398  1
3797500 2746500  6 19 10  14.5 1000 256  2.8 7  9.3  90    9  243 361 -402  1
3797500 2746500  6 19 11  14.9 1000 252  2.6 7  9.1  86   29  289 359 -405  1
3797500 2746500  6 19 12  15.1 1000 248  2.6 7  9.0  83   16  283 360 -410  1
3797500 2746500  6 19 13  15.6 1000 247  1.4 7  9.1  82    1  246 362 -414  1
3797500 2746500  6 19 14  16.3 1000 238  3.0 5  9.0  78  151  286 357 -420  1
3797500 2746500  6 19 15  17.0  999 229  3.8 5  9.2  76  124  261 353 -425  1
3797500 2746500  6 19 16  16.0  999 241  3.5 6  9.0  75   43  238 354 -423  1
3797500 2746500  6 19 17  15.3  999 221  2.6 7  8.6  76    0  134 358 -418  1
3797500 2746500  6 19 18  14.9  999 231  2.9 7  8.5  78    0  111 359 -410  1
3797500 2746500  6 19 19  14.2  999 210  1.7 8  8.5  81    0   52 360 -403  1
3797500 2746500  6 19 20  14.3  998 211  1.9 8  8.7  84    0   29 362 -398  1
3797500 2746500  6 19 21  14.4  998 204  2.5 8  8.8  85    0    5 362 -394  1
3797500 2746500  6 19 22  13.6  998 221  3.1 6  8.8  86    0    0 351 -388  1
3797500 2746500  6 19 23  13.5  998 215  2.5 7  8.6  87    0    0 343 -380  1
3797500 2746500  6 19 24  13.3  998 228  2.7 7  8.7  89    0    0 346 -376  1
3797500 2746500  6 20  1  13.3  997 220  3.4 8  8.8  90    0    0 349 -374  1
3797500 2746500  6 20  2  12.7  997 225  2.7 8  8.4  88    0    0 351 -372  1
3797500 2746500  6 20  3  12.5  997 226  3.6 8  8.1  88    0    0 349 -371  1
3797500 2746500  6 20  4  11.7  997 237  3.1 5  7.8  87    0    0 333 -371  1
3797500 2746500  6 20  5  11.3  997 255  3.5 5  7.4  86    0    1 316 -370  1
3797500 2746500  6 20  6  10.9  997 293  2.1 6  7.2  86    0   24 318 -370  1
3797500 2746500  6 20  7  11.6  998 289  2.1 7  7.1  84   15  107 327 -371  1
3797500 2746500  6 20  8  12.1  998 288  2.0 6  7.1  80   79  182 330 -375  1
3797500 2746500  6 20  9  12.4  999 287  2.3 5  6.8  75  135  238 321 -383  1
3797500 2746500  6 20 10  13.4  999 296  1.9 5  6.6  70  148  290 316 -395  1
3797500 2746500  6 20 11  13.5  999 308  1.9 6  6.4  65   98  333 321 -405  1
3797500 2746500  6 20 12  14.6  999 270  3.4 6  6.1  60  131  347 324 -412  1
3797500 2746500  6 20 13  12.1  999 255  4.1 6  6.1  63   25  309 318 -416  1
3797500 2746500  6 20 14  11.7  999 275  2.3 8  6.3  71    2  245 319 -419  1
3797500 2746500  6 20 15  14.8 1000 305  2.3 4  6.1  63  305  260 314 -418  1
3797500 2746500  6 20 16  15.4  999 263  1.7 4  5.9  55  397  171 304 -414  1
3797500 2746500  6 20 17  11.0  999 323  4.8 5  6.0  63  170  200 302 -412  1
3797500 2746500  6 20 18  12.5 1000 281  1.2 6  6.2  71   59  160 304 -407  1
3797500 2746500  6 20 19  13.1 1000 204  1.4 2  6.5  70  211   59 297 -400  1
3797500 2746500  6 20 20  12.3 1000 223  1.1 3  6.5  72   84   42 280 -392  1
3797500 2746500  6 20 21  11.9 1000 220  1.0 2  6.5  72    8   13 282 -384  1
3797500 2746500  6 20 22  11.3 1000 227  0.9 2  6.3  74    0    0 281 -377  1
3797500 2746500  6 20 23  11.8 1001 205  1.0 3  6.7  74    0    0 275 -373  1
3797500 2746500  6 20 24  12.6 1001 166  0.9 4  7.2  75    0    0 272 -369  1
3797500 2746500  6 21  1  14.0 1010 114  1.0 6  8.0  76    0    0 375 -398  1
3797500 2746500  6 21  2  14.9 1009  67  0.9 7  8.6  78    0    0 375 -396  1
3797500 2746500  6 21  3  15.7 1009  35  0.9 8  9.1  80    0    0 380 -395  1
3797500 2746500  6 21  4  15.4 1009  33  0.9 8  9.2  82    0    0 381 -394  1
3797500 2746500  6 21  5  15.5 1008  37  1.3 8  9.2  83    0    3 381 -391  1
3797500 2746500  6 21  6  15.0 1008  36  1.4 7  9.3  86    0   11 376 -390  1
3797500 2746500  6 21  7  15.2 1008  38  2.3 7  9.3  86    0   25 372 -392  1
3797500 2746500  6 21  8  15.2 1008  56  2.0 8  9.4  86    0   50 378 -400  1
3797500 2746500  6 21  9  15.5 1008  21  3.2 8  9.6  88    0   60 384 -412  1
3797500 2746500  6 21 10  15.7 1008  36  2.5 8  9.9  88    0   92 385 -426  1
3797500 2746500  6 21 11  16.4 1008  15  3.5 7 10.2  88    0  220 383 -440  1
3797500 2746500  6 21 12  17.3 1008  25  3.6 7 10.4  86   12  315 382 -451  1
3797500 2746500  6 21 13  18.4 1008  54  3.0 8 10.7  83   12  322 389 -458  1
3797500 2746500  6 21 14  19.4 1008  41  3.3 7 11.0  80   10  306 393 -464  1
3797500 2746500  6 21 15  20.4 1008  34  3.9 6 11.1  76   47  347 387 -467  1
3797500 2746500  6 21 16  20.8 1007  43  3.2 6 11.0  72   53  312 386 -465  1
3797500 2746500  6 21 17  21.2 1007  64  2.9 6 11.0  70   51  265 386 -460  1
3797500 2746500  6 21 18  20.7 1007  39  2.1 5 11.2  72   53  206 380 -450  1
3797500 2746500  6 21 19  20.8 1007  41  2.2 7 11.1  71   10  106 381 -439  1
3797500 2746500  6 21 20  20.4 1007  11  2.0 8 10.9  71    2   43 389 -428  1
3797500 2746500  6 21 21  20.1 1007  54  1.9 7 11.1  74    0    3 387 -416  1
3797500 2746500  6 21 22  19.1 1007  69  2.1 7 11.1  77    0    0 379 -406  1
3797500 2746500  6 21 23  17.7 1007  87  2.2 5 11.0  82    0    0 367 -398  1
3797500 2746500  6 21 24  16.7 1007  30  1.5 5 10.6  86    0    0 355 -392  1
3797500 2746500  6 22  1  16.6 1007  44  1.6 6 10.4  87    0    0 356 -388  1
3797500 2746500  6 22  2  16.5 1007  68  1.7 7 10.3  87    0    0 361 -386  1
3797500 2746500  6 22  3  16.8 1006  62  2.0 8 10.3  86    0    0 368 -384  1
3797500 2746500  6 22  4  16.9 1006  87  2.3 8 10.2  84    0    0 371 -384  1
3797500 2746500  6 22  5  16.8 1006 102  1.6 8 10.2  84    0    1 371 -383  1
3797500 2746500  6 22  6  16.6 1006  94  1.7 7 10.3  86    0    9 367 -384  1
3797500 2746500  6 22  7  16.5 1005 110  2.0 8 10.5  88    0   58 366 -389  1
3797500 2746500  6 22  8  17.2 1005  95  1.6 8 10.6  88    0  100 369 -397  1
3797500 2746500  6 22  9  17.8 1005  84  2.5 8 10.5  83    0  136 369 -412  1
3797500 2746500  6 22 10  18.6 1005  70  2.6 8 10.4  79    1  210 368 -432  1
3797500 2746500  6 22 11  19.6 1005  77  3.2 7 10.5  75   11  279 368 -451  1
3797500 2746500  6 22 12  20.3 1004  69  2.8 8 10.7  72   14  296 372 -468  1
3797500 2746500  6 22 13  20.9 1004  78  2.6 7 10.9  71   98  366 376 -482  1
3797500 2746500  6 22 14  20.8 1004  90  2.5 6 11.0  70  102  354 376 -493  1
3797500 2746500  6 22 15  21.4 1003 111  2.5 7 11.2  70   95  323 379 -495  1
3797500 2746500  6 22 16  22.3 1003 114  2.2 5 11.4  68  299  251 381 -477  1
3797500 2746500  6 22 17  22.2 1002 133  3.9 6 11.4  67  147  234 380 -461  1
3797500 2746500  6 22 18  22.0 1001 160  2.7 6 11.4  68  107  174 380 -459  1
3797500 2746500  6 22 19  21.6 1001 163  3.2 7 11.6  70   14  101 382 -451  1
3797500 2746500  6 22 20  21.4 1001 152  3.6 7 11.6  71    4   42 385 -440  1
3797500 2746500  6 22 21  17.1 1001 221  3.1 8 10.9  77    0    6 384 -430  1
3797500 2746500  6 22 22  16.7 1002 181  1.8 8 10.2  83    0    0 383 -422  1
3797500 2746500  6 22 23  16.8 1003 184  2.3 7 10.2  84    0    0 381 -417  1
3797500 2746500  6 22 24  16.7 1004 229  3.7 7 10.1  84    0    0 376 -414  1
3797500 2746500  6 23  1  16.0 1005 214  2.1 7 10.1  86    0    0 372 -409  1
3797500 2746500  6 23  2  16.1 1006 205  1.7 6 10.0  87    0    0 365 -406  1
3797500 2746500  6 23  3  15.5 1006 230  3.1 6  9.3  82    0    0 357 -402  1
3797500 2746500  6 23  4  15.4 1007 223  2.0 5  8.6  78    0    0 349 -394  1
3797500 2746500  6 23  5  15.0 1007 211  0.8 5  8.5  78    0    9 342 -390  1
3797500 2746500  6 23  6  15.1 1007 197  2.1 3  8.4  78   50   52 329 -389  1
3797500 2746500  6 23  7  15.3 1008 217  3.9 3  8.3  76   81  109 316 -388  1
3797500 2746500  6 23  8  15.7 1008 228  4.0 4  8.0  73  110  177 321 -390  1
3797500 2746500  6 23  9  16.8 1008 225  4.5 3  8.0  69  326  167 323 -393  1
3797500 2746500  6 23 10  16.9 1009 219  4.8 5  7.8  65  225  274 332 -399  1
3797500 2746500  6 23 11  17.7 1009 217  5.7 6  7.5  60   83  326 348 -412  1
3797500 2746500  6 23 12  17.8 1010 222  6.0 5  7.3  57  148  351 347 -423  1
3797500 2746500  6 23 13  18.9 1010 217  5.4 3  7.3  56  461  256 335 -429  1
3797500 2746500  6 23 14  18.6 1010 215  4.6 4  7.4  54  526  208 332 -434  1
3797500 2746500  6 23 15  19.0 1010 229  5.5 7  7.2  53   64  307 349 -435  1
3797500 2746500  6 23 16  19.2 1010 226  4.4 6  7.1  51   49  268 357 -433  1
3797500 2746500  6 23 17  18.6 1010 220  5.4 5  7.2  53  110  225 347 -428  1
3797500 2746500  6 23 18  18.8 1011 215  4.6 6  7.2  54  150  153 346 -421  1
3797500 2746500  6 23 19  16.9 1011 255  2.8 7  7.7  60   15  100 351 -417  1
3797500 2746500  6 23 20  16.8 1012 236  2.8 6  7.9  66   36   47 348 -413  1
3797500 2746500  6 23 21  16.0 1012 218  2.2 2  7.7  66    1    8 327 -404  1
3797500 2746500  6 23 22  16.0 1012 216  2.4 0  7.6  67    0    0 301 -395  1
3797500 2746500  6 23 23  15.5 1013 217  1.5 0  7.4  67    0    0 292 -387  1
3797500 2746500  6 23 24  14.8 1013 207  1.3 0  7.3  68    0    0 289 -381  1
3797500 2746500  6 24  1  14.7 1013 210  1.9 0  7.2  69    0    0 287 -377  1
3797500 2746500  6 24  2  14.4 1014 210  2.5 2  7.1  68    0    0 294 -373  1
3797500 2746500  6 24  3  13.8 1014 210  1.6 2  7.0  69    0    0 300 -371  1
3797500 2746500  6 24  4  14.3 1014 209  2.2 3  7.0  70    0    0 304 -371  1
3797500 2746500  6 24  5  14.4 1014 210  2.3 6  7.1  70    0    1 323 -370  1
3797500 2746500  6 24  6  14.7 1014 220  2.9 8  7.0  68    0   11 345 -369  1
3797500 2746500  6 24  7  14.8 1015 219  3.9 8  6.8  65    0   61 350 -373  1
3797500 2746500  6 24  8  15.4 1015 229  3.8 7  7.0  66    3  152 342 -381  1
3797500 2746500  6 24  9  15.7 1015 218  4.4 8  7.3  66   17  234 341 -393  1
3797500 2746500  6 24 10  16.9 1016 220  4.1 6  7.4  64  268  305 338 -407  1
3797500 2746500  6 24 11  18.0 1015 231  3.9 5  7.5  60  369  321 328 -420  1
3797500 2746500  6 24 12  19.0 1015 224  4.5 4  7.3  55  387  343 324 -431  1
3797500 2746500  6 24 13  18.7 1015 248  4.7 6  7.0  51  173  393 329 -437  1
3797500 2746500  6 24 14  18.4 1015 233  4.7 7  6.8  51   87  370 338 -435  1
3797500 2746500  6 24 15  19.0 1015 238  5.3 6  6.8  51  196  348 340 -441  1
3797500 2746500  6 24 16  19.5 1015 246  4.4 5  6.7  48  288  284 334 -442  1
3797500 2746500  6 24 17  19.3 1015 241  4.5 6  6.5  47  183  246 333 -440  1
3797500 2746500  6 24 18  20.0 1015 213  4.3 5  6.3  44  180  171 333 -441  1
3797500 2746500  6 24 19  19.0 1015 252  3.4 5  6.3  44  115  111 329 -435  1
3797500 2746500  6 24 20  18.2 1015 230  1.8 6  6.5  49   47   59 329 -427  1
3797500 2746500  6 24 21  16.8 1015 225  1.7 6  6.8  55    1   11 329 -418  1
3797500 2746500  6 24 22  16.0 1015 195  1.0 7  6.8  59    0    0 330 -411  1
3797500 2746500  6 24 23  16.5 1015 243  1.8 8  6.9  60    0    0 338 -406  1
3797500 2746500  6 24 24  16.1 1015  10  2.4 8  7.0  61    0    0 345 -402  1
3797500 2746500  6 25  1  15.5 1015 223  2.0 7  7.1  64    0    0 342 -399  1
3797500 2746500  6 25  2  14.8 1014 187  1.7 7  7.2  67    0    0 339 -395  1
3797500 2746500  6 25  3  14.4 1013 171  1.1 7  7.4  71    0    0 338 -392  1
3797500 2746500  6 25  4  14.7 1013 169  1.6 8  7.6  73    0    0 342 -391  1
3797500 2746500  6 25  5  14.7 1012 164  2.2 8  7.8  75    0    1 346 -391  1
3797500 2746500  6 25  6  15.8 1011 168  3.2 8  8.0  74    0   24 350 -388  1
3797500 2746500  6 25  7  16.0 1010 187  3.4 6  8.1  72    6  100 353 -385  1
3797500 2746500  6 25  8  16.4 1009 169  2.6 7  8.1  71    0   89 356 -385  1
3797500 2746500  6 25  9  16.8 1008 193  4.1 8  8.0  68    0  146 364 -386  1
3797500 2746500  6 25 10  17.4 1007 198  3.8 7  8.0  65   21  276 368 -385  1
3797500 2746500  6 25 11  16.5 1006 180  5.0 7  8.5  70    5  260 371 -385  1
3797500 2746500  6 25 12  15.5 1005 211  4.1 7  8.9  78    0  192 370 -386  1
3797500 2746500  6 25 13  14.8 1005 222  5.4 7  9.1  84    0  136 370 -387  1
3797500 2746500  6 25 14  14.1 1004 217  6.5 7  9.3  90    0  119 369 -387  1
3797500 2746500  6 25 15  14.2 1004 220  6.0 7  9.4  92    0  106 369 -389  1
3797500 2746500  6 25 16  14.1 1004 227  4.7 7  9.5  93    0  105 369 -395  1
3797500 2746500  6 25 17  14.6 1004 228  4.8 7  9.4  91    0   96 369 -399  1
3797500 2746500  6 25 18  15.0 1003 233  5.8 8  9.3  87    0   68 373 -396  1
3797500 2746500  6 25 19  15.1 1003 238  4.8 7  9.0  83    1   73 371 -390  1
3797500 2746500  6 25 20  14.8 1004 241  4.6 7  8.8  82    6   45 363 -383  1
3797500 2746500  6 25 21  13.4 1004 245  3.1 6  8.6  84    0    1 353 -378  1
3797500 2746500  6 25 22  12.8 1005 247  3.5 4  8.2  86    0    0 333 -374  1
3797500 2746500  6 25 23  12.1 1006 231  2.5 1  7.9  86    0    0 306 -370  1
3797500 2746500  6 25 24  11.8 1007 227  2.6 1  7.7  88    0    0 288 -369  1
3797500 2746500  6 26  1  12.2 1007 216  2.8 4  7.8  89    0    0 301 -368  1
3797500 2746500  6 26  2  12.8 1007 219  3.8 7  8.2  90    0    0 329 -368  1
3797500 2746500  6 26  3  13.1 1007 229  3.0 7  8.5  91    0    0 345 -367  1
3797500 2746500  6 26  4  13.2 1006 230  3.1 7  8.6  90    0    0 346 -367  1
3797500 2746500  6 26  5  13.3 1006 240  3.1 7  8.6  90    0    4 346 -366  1
3797500 2746500  6 26  6  13.3 1007 231  3.0 7  8.6  90    0   30 346 -366  1
3797500 2746500  6 26  7  13.8 1007 240  3.4 7  8.7  89   17  103 346 -371  1
3797500 2746500  6 26  8  14.4 1007 241  3.9 7  8.8  87    9  155 349 -378  1
3797500 2746500  6 26  9  14.9 1008 237  4.4 7  8.9  84   26  225 353 -387  1
3797500 2746500  6 26 10  15.2 1008 238  4.9 7  8.7  81  108  290 356 -395  1
3797500 2746500  6 26 11  15.4 1008 236  5.4 8  8.2  76    0  218 363 -401  1
3797500 2746500  6 26 12  17.0 1008 253  5.0 7  8.2  71    0  170 368 -404  1
3797500 2746500  6 26 13  17.7 1008 245  4.7 6  8.4  67   68  338 363 -402  1
3797500 2746500  6 26 14  17.2 1008 271  4.9 7  8.1  65    5  263 361 -401  1
3797500 2746500  6 26 15  18.0 1008 290  5.4 8  7.8  61    0  210 369 -412  1
3797500 2746500  6 26 16  16.9 1009 277  4.4 8  7.6  61   40  255 372 -423  1
3797500 2746500  6 26 17  17.5 1009 278  4.7 5  7.4  60  254  170 357 -422  1
3797500 2746500  6 26 18  17.2 1010 287  4.4 3  7.1  57  329   53 335 -418  1
3797500 2746500  6 26 19  16.5 1010 284  3.8 5  7.1  59   99   89 333 -411  1
3797500 2746500  6 26 20  15.7 1011 280  3.1 7  7.4  64    6   43 350 -398  1
3797500 2746500  6 26 21  15.1 1011 286  2.8 8  7.4  67    0    3 363 -386  1
3797500 2746500  6 26 22  14.8 1012 281  1.8 8  7.5  70    0    0 365 -379  1
3797500 2746500  6 26 23  13.7 1013 292  2.0 7  7.4  73    0    0 358 -374  1
3797500 2746500  6 26 24  12.6 1013 254  1.7 4  7.2  77    0    0 336 -371  1
3797500 2746500  6 27  1  11.5 1013 236  1.6 2  7.1  81    0    0 308 -369  1
3797500 2746500  6 27  2  11.1 1013 265  1.6 2  7.1  85    0    0 297 -366  1
3797500 2746500  6 27  3  11.0 1013 251  1.1 3  7.0  86    0    0 302 -365  1
3797500 2746500  6 27  4  10.4 1013 250  1.2 2  7.0  87    0    0 302 -363  1
3797500 2746500  6 27  5  10.4 1014 239  1.5 2  7.0  89    0   10 297 -361  1
3797500 2746500  6 27  6  11.8 1014 193  1.1 0  7.3  88   35   64 291 -361  1
3797500 2746500  6 27  7  13.2 1014 242  2.1 1  7.7  85  112  124 289 -366  1
3797500 2746500  6 27  8  14.0 1014 253  2.0 5  8.0  82   80  205 318 -376  1
3797500 2746500  6 27  9  15.0 1015 236  2.2 6  8.0  77  101  275 347 -388  1
3797500 2746500  6 27 10  16.1 1015 284  2.4 6  7.7  70  253  315 355 -403  1
3797500 2746500  6 27 11  17.0 1015 264  2.4 7  7.4  63  170  376 362 -420  1
3797500 2746500  6 27 12  17.5 1015 298  2.2 7  7.2  59   57  360 369 -436  1
3797500 2746500  6 27 13  18.5 1015 344  2.8 6  7.1  55  230  398 366 -451  1
3797500 2746500  6 27 14  19.0 1015 338  1.8 6  7.1  53  244  386 364 -462  1
3797500 2746500  6 27 15  20.2 1015 323  2.3 4  7.3  51  271  348 358 -463  1
3797500 2746500  6 27 16  20.2 1015 324  1.4 3  7.3  50  309  284 349 -459  1
3797500 2746500  6 27 17  20.8 1015 319  2.1 4  7.3  49  246  234 350 -454  1
3797500 2746500  6 27 18  21.4 1014 296  1.3 3  7.4  47  222  161 353 -449  1
3797500 2746500  6 27 19  21.0 1014 287  1.6 2  7.3  46  139  111 346 -443  1
3797500 2746500  6 27 20  20.2 1014 307  1.0 1  7.4  49   48   62 337 -435  1
3797500 2746500  6 27 21  17.6 1014  29  1.0 1  7.7  57    1   11 328 -427  1
3797500 2746500  6 27 22  17.0 1014 107  0.6 4  7.7  62    0    0 334 -420  1
3797500 2746500  6 27 23  16.3 1014 100  0.7 4  7.6  65    0    0 344 -416  1
3797500 2746500  6 27 24  15.6 1014 109  0.5 3  7.7  68    0    0 337 -412  1
3797500 2746500  6 28  1  15.7 1014 150  1.0 5  7.8  70    0    0 339 -409  1
3797500 2746500  6 28  2  16.7 1014 169  1.5 8  7.8  68    0    0 363 -408  1
3797500 2746500  6 28  3  16.9 1013 168  2.1 8  7.8  66    0    0 379 -407  1
3797500 2746500  6 28  4  16.9 1013 193  2.1 8  8.3  69    0    0 381 -406  1
3797500 2746500  6 28  5  17.3 1012 206  3.0 7  9.1  75    0    2 378 -405  1
3797500 2746500  6 28  6  17.7 1012 225  2.9 6  9.8  78   17   63 370 -405  1
3797500 2746500  6 28  7  18.3 1012 209  3.1 5 10.2  79   68  138 360 -404  1
3797500 2746500  6 28  8  17.5 1012 222  2.7 7 10.6  82   14  179 365 -405  1
3797500 2746500  6 28  9  17.1 1012 243  3.4 8 11.0  89    0  123 382 -407  1
3797500 2746500  6 28 10  17.1 1012 239  3.1 7 11.2  92    0  164 384 -409  1
3797500 2746500  6 28 11  17.2 1012 240  2.9 6 11.3  92    3  254 375 -412  1
3797500 2746500  6 28 12  17.7 1011 227  2.8 7 11.4  91    0  202 377 -414  1
3797500 2746500  6 28 13  17.5 1011 241  3.4 7 11.8  93    0  216 381 -417  1
3797500 2746500  6 28 14  18.7 1011 246  3.5 7 12.1  92    8  294 381 -421  1
3797500 2746500  6 28 15  18.6 1011 234  4.2 7 12.3  91    7  261 381 -429  1
3797500 2746500  6 28 16  19.2 1011 290  2.7 7 12.3  89   10  241 380 -438  1
3797500 2746500  6 28 17  19.5 1010 262  2.7 7 12.1  86    0  140 379 -445  1
3797500 2746500  6 28 18  20.3 1010 289  2.5 7 12.0  82   17  162 379 -448  1
3797500 2746500  6 28 19  20.9 1010 302  2.1 7 11.8  77   11  105 379 -444  1
3797500 2746500  6 28 20  20.6 1009 260  1.3 7 11.7  76    0   38 376 -437  1
3797500 2746500  6 28 21  19.5 1009 343  1.1 8 11.6  78    0    3 376 -427  1
3797500 2746500  6 28 22  18.8 1009 246  1.4 8 11.5  82    0    0 375 -417  1
3797500 2746500  6 28 23  18.2 1009 288  1.0 7 11.4  85    0    0 368 -411  1
3797500 2746500  6 28 24  18.0 1009 115  1.0 8 11.4  87    0    0 368 -408  1
3797500 2746500  6 29  1  17.1 1008 108  1.0 6 11.3  90    0    0 363 -406  1
3797500 2746500  6 29  2  17.6 1008 177  1.4 7 11.5  92    0    0 360 -405  1
3797500 2746500  6 29  3  17.0 1008 115  1.3 7 11.6  93    0    0 364 -404  1
3797500 2746500  6 29  4  17.4 1007 108  1.1 6 11.5  93    0    0 361 -403  1
3797500 2746500  6 29  5  17.6 1007 113  1.3 7 11.6  92    0    0 362 -401  1
3797500 2746500  6 29  6  18.5 1006 146  1.1 8 11.9  91    0   11 373 -402  1
3797500 2746500  6 29  7  19.5 1006 115  1.7 7 12.6  90   12  113 376 -405  1
3797500 2746500  6 29  8  21.4 1005 110  2.1 5 13.0  85  137  207 369 -409  1
3797500 2746500  6 29  9  22.6 1005 140  3.2 5 13.0  78  254  257 367 -414  1
3797500 2746500  6 29 10  23.8 1005 156  3.7 5 13.0  72  400  274 372 -420  1
3797500 2746500  6 29 11  25.3 1004 168  3.9 5 12.7  65  492  291 380 -432  1
3797500 2746500  6 29 12  26.2 1003 166  3.6 6 12.7  61  512  320 390 -449  1
3797500 2746500  6 29 13  26.6 1002 170  5.1 5 12.7  58  625  272 395 -462  1
3797500 2746500  6 29 14  26.5 1002 174  4.9 5 12.5  57  429  349 395 -472  1
3797500 2746500  6 29 15  26.7 1001 141  4.0 7 13.2  59  134  361 403 -478  1
3797500 2746500  6 29 16  27.3 1001 142  4.0 8 13.9  61   27  274 415 -477  1
3797500 2746500  6 29 17  26.8 1000 101  3.8 8 13.7  60    0  143 418 -472  1
3797500 2746500  6 29 18  26.7  999 139  4.6 8 13.3  60    0   52 416 -465  1
3797500 2746500  6 29 19  26.6  999 161  4.5 7 13.2  59    0   72 412 -460  1
3797500 2746500  6 29 20  26.1  999 170  3.3 8 13.2  60    7   49 410 -455  1
3797500 2746500  6 29 21  25.8  999  67  4.1 7 13.3  62    0    2 408 -446  1
3797500 2746500  6 29 22  25.4  999 143  3.5 7 12.9  61    0    0 404 -436  1
3797500 2746500  6 29 23  22.9 1000 177  3.1 7 12.0  62    0    0 398 -429  1
3797500 2746500  6 29 24  22.5 1000 170  3.1 6 11.9  68    0    0 391 -427  1
3797500 2746500  6 30  1  22.2 1000 169  3.0 5 12.2  71    0    0 385 -421  1
3797500 2746500  6 30  2  21.9 1000 168  2.1 6 12.0  71    0    0 384 -414  1
3797500 2746500  6 30  3  21.3 1000 196  2.4 5 11.7  71    0    0 382 -410  1
3797500 2746500  6 30  4  20.1 1000 160  3.3 6 11.9  76    0    0 379 -409  1
3797500 2746500  6 30  5  19.6 1000 151  2.3 7 12.3  83    2   13 382 -408  1
3797500 2746500  6 30  6  19.7 1001 130  1.7 5 12.4  85   14   52 378 -408  1
3797500 2746500  6 30  7  21.2 1001 243  2.7 6 12.5  82   19  108 378 -410  1
3797500 2746500  6 30  8  21.1 1001 227  2.5 6 12.7  79   79  183 385 -416  1
3797500 2746500  6 30  9  22.5 1001 223  3.1 4 13.1  78  235  209 381 -425  1
3797500 2746500  6 30 10  23.5 1001 207  3.0 3 13.5  75  315  242 377 -436  1
3797500 2746500  6 30 11  23.3 1001 178  3.1 7 13.8  75   32  305 389 -450  1
3797500 2746500  6 30 12  23.4 1001 231  3.2 7 13.8  75    1  241 401 -463  1
3797500 2746500  6 30 13  22.4 1001 265  2.7 7 13.3  75    0  206 400 -459  1
3797500 2746500  6 30 14  21.4 1001 223  2.5 7 13.2  79    0  103 397 -442  1
3797500 2746500  6 30 15  20.8 1002 239  3.1 6 13.0  82    0  131 392 -432  1
3797500 2746500  6 30 16  20.2 1002 237  1.8 6 12.8  83    0  169 387 -428  1
3797500 2746500  6 30 17  18.3 1002 222  3.0 6 12.5  88    0  146 381 -427  1
3797500 2746500  6 30 18  18.4 1003 218  1.9 7 11.7  88    0   81 378 -432  1
3797500 2746500  6 30 19  19.5 1003 199  2.0 7 11.7  84    1   70 384 -437  1
3797500 2746500  6 30 20  19.6 1003 215  2.0 6 11.9  82    4   42 383 -432  1
3797500 2746500  6 30 21  18.8 1003 221  2.1 5 11.7  82    0    2 376 -422  1
3797500 2746500  6 30 22  17.8 1004 256  1.6 4 11.2  84    0    0 365 -413  1
3797500 2746500  6 30 23  17.4 1004 230  1.7 4 10.7  84    0    0 359 -407  1
3797500 2746500  6 30 24  16.8 1005 186  1.3 2 10.2  83    0    0 350 -404  1
3797500 2746500  7  1  1  16.9 1005 199  1.7 2  9.8  81    0    0 340 -403  1
3797500 2746500  7  1  2  16.6 1005 171  1.9 4  9.6  79    0    0 345 -399  1
3797500 2746500  7  1  3  16.4 1005 175  2.0 4  9.5  80    0    0 347 -393  1
3797500 2746500  7  1  4  16.4 1005 164  2.3 4  9.5  81    0    0 346 -388  1
3797500 2746500  7  1  5  16.4 1005 164  2.3 5  9.6  81    0    7 349 -386  1
3797500 2746500  7  1  6  17.2 1006 176  2.7 5  9.7  81   24   58 352 -386  1
3797500 2746500  7  1  7  18.9 1006 174  1.8 3 10.2  78  136  106 349 -390  1
3797500 2746500  7  1  8  19.8 1006 199  2.2 4 10.5  74  263  136 350 -399  1
3797500 2746500  7  1  9  20.6 1006 192  2.9 3 10.4  69  371  170 352 -414  1
3797500 2746500  7  1 10  21.5 1006 170  3.2 2 10.5  66  466  198 351 -430  1
3797500 2746500  7  1 11  22.3 1006 217  5.0 5  9.8  59  252  343 361 -444  1
3797500 2746500  7  1 12  22.0 1006 190  3.5 5  9.2  54  202  371 373 -457  1
3797500 2746500  7  1 13  23.6 1006 214  3.6 4  9.6  55  283  364 373 -467  1
3797500 2746500  7  1 14  24.1 1006 176  3.3 4  9.9  53  393  314 376 -474  1
3797500 2746500  7  1 15  24.5 1005 230  3.5 3  9.9  51  429  262 376 -478  1
3797500 2746500  7  1 16  23.8 1005 183  3.2 4  9.7  51  271  272 375 -480  1
3797500 2746500  7  1 17  23.5 1005 163  5.0 6 10.2  55   38  223 382 -480  1
3797500 2746500  7  1 18  23.7 1005 160  3.7 5 10.6  58  124  175 385 -474  1
3797500 2746500  7  1 19  23.6 1004 161  3.5 5 10.4  56   88  111 383 -464  1
3797500 2746500  7  1 20  23.0 1004 159  3.0 6 10.2  56   22   54 384 -454  1
3797500 2746500  7  1 21  21.9 1004 161  2.0 5 10.2  60    1    9 382 -444  1
3797500 2746500  7  1 22  21.2 1004 193  2.2 5 10.2  63    0    0 374 -436  1
3797500 2746500  7  1 23  20.4 1004 220  2.3 6 10.2  66    0    0 373 -429  1
3797500 2746500  7  1 24  20.0 1005 253  2.3 6  9.8  66    0    0 371 -421  1
3797500 2746500  7  2  1  18.8 1006 256  1.4 6 10.0  73    0    0 363 -412  1
3797500 2746500  7  2  2  18.1 1006 244  1.4 7 10.1  75    0    0 365 -409  1
3797500 2746500  7  2  3  17.2 1006 234  1.9 5 10.1  79    0    0 358 -402  1
3797500 2746500  7  2  4  16.9 1007 229  2.2 4 10.1  82    0    0 344 -397  1
3797500 2746500  7  2  5  16.1 1007 225  2.4 4 10.0  85    0    8 338 -394  1
3797500 2746500  7  2  6  16.5 1007 237  2.6 2 10.0  85   35   62 328 -392  1
3797500 2746500  7  2  7  17.1 1007 241  3.1 2  9.7  80   97  123 320 -394  1
3797500 2746500  7  2  8  18.0 1008 251  3.4 4  8.9  71  236  163 327 -402  1
3797500 2746500  7  2  9  18.3 1008 229  3.5 5  8.3  64  170  268 339 -413  1
3797500 2746500  7  2 10  17.8 1009 231  3.2 7  8.0  62   51  304 350 -426  1
3797500 2746500  7  2 11  19.1 1009 237  3.9 5  7.9  59  215  375 352 -438  1
3797500 2746500  7  2 12  18.3 1009 257  3.8 5  7.8  57  204  406 347 -450  1
3797500 2746500  7  2 13  20.2 1009 263  4.0 6  7.9  56  103  384 354 -457  1
3797500 2746500  7  2 14  20.4 1009 209  4.3 6  7.9  53   47  341 360 -462  1
3797500 2746500  7  2 15  20.8 1009 229  4.0 6  7.8  51  104  346 362 -465  1
3797500 2746500  7  2 16  20.3 1009 234  4.0 6  7.7  51   97  304 362 -466  1
3797500 2746500  7  2 17  19.6 1010 310  3.7 6  7.4  51   31  222 360 -464  1
3797500 2746500  7  2 18  19.2 1010 269  3.4 5  7.2  51  105  189 354 -453  1
3797500 2746500  7  2 19  18.6 1011 241  4.7 3  6.9  50  104  119 336 -439  1
3797500 2746500  7  2 20  18.2 1012 232  2.9 2  6.8  51   53   62 315 -428  1
3797500 2746500  7  2 21  17.0 1012 245  3.0 1  6.6  52    4   12 298 -417  1
3797500 2746500  7  2 22  15.4 1013 245  1.2 0  6.2  54    0    0 282 -406  1
3797500 2746500  7  2 23  14.3 1013 233  2.3 0  6.3  60    0    0 273 -400  1
3797500 2746500  7  2 24  13.1 1014 222  1.3 0  6.3  64    0    0 268 -395  1
3797500 2746500  7  3  1  13.5 1014 236  1.1 0  6.3  66    0    0 266 -391  1
3797500 2746500  7  3  2  12.6 1014 206  0.5 3  6.3  68    0    0 280 -388  1
3797500 2746500  7  3  3  11.5 1014 172  1.0 4  6.4  73    0    0 300 -386  1
3797500 2746500  7  3  4  11.5 1014 187  1.5 4  6.4  76    0    0 306 -385  1
3797500 2746500  7  3  5  11.8 1014 171  1.3 4  6.5  76    0   10 306 -385  1
3797500 2746500  7  3  6  13.8 1014 158  1.7 4  6.7  73   16   55 310 -386  1
3797500 2746500  7  3  7  15.3 1014 149  1.9 5  7.3  70   51  120 321 -387  1
3797500 2746500  7  3  8  17.3 1014 150  2.1 4  7.6  65  232  154 329 -388  1
3797500 2746500  7  3  9  17.4 1014 178  1.6 5  7.0  57  120  263 332 -389  1
3797500 2746500  7  3 10  17.2 1014 227  1.9 7  6.8  55   15  259 347 -390  1
3797500 2746500  7  3 11  18.3 1014 143  1.5 6  7.1  56  209  360 355 -388  1
3797500 2746500  7  3 12  19.4 1013 160  2.1 6  6.9  51  141  383 356 -387  1
3797500 2746500  7  3 13  19.2 1013 179  1.7 7  6.7  48   23  313 363 -388  1
3797500 2746500  7  3 14  19.4 1013 150  1.5 8  6.8  48    2  239 372 -388  1
3797500 2746500  7  3 15  19.7 1012 241  1.0 7  6.8  48   12  255 373 -387  1
3797500 2746500  7  3 16  20.6 1012  16  1.3 6  6.7  45  155  302 367 -386  1
3797500 2746500  7  3 17  20.9 1012 174  1.4 7  7.1  46  121  243 369 -385  1
3797500 2746500  7  3 18  20.5 1011  97  2.9 6  7.8  51   85  179 371 -384  1
3797500 2746500  7  3 19  20.1 1011 109  2.5 5  8.1  54   64  115 363 -384  1
3797500 2746500  7  3 20  19.2 1012 120  2.2 3  8.1  56   35   56 347 -385  1
3797500 2746500  7  3 21  17.9 1012 124  1.3 3  7.9  59    2   11 334 -384  1
3797500 2746500  7  3 22  17.1 1012  78  1.3 4  7.8  62    0    0 333 -382  1
3797500 2746500  7  3 23  16.0 1012 132  1.6 4  7.8  66    0    0 334 -379  1
3797500 2746500  7  3 24  15.4 1012 155  1.6 3  7.9  71    0    0 327 -378  1
3797500 2746500  7  4  1  14.7 1012 120  1.8 1  8.1  76    0    0 313 -378  1
3797500 2746500  7  4  2  14.8 1012 142  1.4 0  8.2  78    0    0 299 -375  1
3797500 2746500  7  4  3  15.0 1012 198  1.8 0  8.4  80    0    0 294 -372  1
3797500 2746500  7  4  4  14.9 1012 168  1.8 0  8.6  81    0    0 293 -370  1
3797500 2746500  7  4  5  15.0 1011 187  1.5 2  8.6  81    0    7 301 -370  1
3797500 2746500  7  4  6  16.3 1011 176  1.2 3  9.0  80    6   46 314 -371  1
3797500 2746500  7  4  7  17.2 1011 158  1.5 5  9.3  78   31  115 330 -376  1
3797500 2746500  7  4  8  19.1 1011 148  1.6 6  9.6  73   90  186 349 -386  1
3797500 2746500  7  4  9  20.3 1011 161  1.7 6  9.7  67  287  205 362 -400  1
3797500 2746500  7  4 10  21.5 1011 183  2.1 5  9.5  61  473  188 364 -413  1
3797500 2746500  7  4 11  22.4 1011 167  2.3 5  8.7  52  407  281 365 -426  1
3797500 2746500  7  4 12  22.9 1011 196  1.8 6  8.3  48  190  374 372 -440  1
3797500 2746500  7  4 13  23.2 1011 150  2.1 5  8.3  47  213  378 374 -452  1
3797500 2746500  7  4 14  24.3 1010 169  1.5 5  7.9  43  177  362 373 -461  1
3797500 2746500  7  4 15  23.9 1010 178  2.0 5  8.0  42  132  329 375 -466  1
3797500 2746500  7  4 16  24.5 1010 144  1.6 6  8.1  43  286  265 379 -467  1
3797500 2746500  7  4 17  24.2 1009 208  1.4 4  7.9  41  314  184 376 -463  1
3797500 2746500  7  4 18  24.2 1009 189  0.8 5  8.4  44  144  168 373 -454  1
3797500 2746500  7  4 19  24.0 1009 225  1.1 6  8.8  47   53  110 383 -442  1
3797500 2746500  7  4 20  23.6 1009 294  1.0 6  8.6  47   24   51 385 -429  1
3797500 2746500  7  4 21  22.1 1009 284  1.0 6  8.8  50    2   10 381 -415  1
3797500 2746500  7  4 22  21.6 1009 216  0.6 6  9.3  56    0    0 380 -407  1
3797500 2746500  7  4 23  21.4 1010 133  0.3 6  9.4  59    0    0 378 -402  1
3797500 2746500  7  4 24  21.2 1009 103  0.9 6  9.4  59    0    0 376 -398  1
3797500 2746500  7  5  1  20.1 1009 101  1.5 6  9.6  62    0    0 372 -395  1
3797500 2746500  7  5  2  19.9 1009 109  1.5 6  9.8  66    0    0 370 -393  1
3797500 2746500  7  5  3  20.3 1008 108  1.2 7  9.5  64    0    0 373 -392  1
3797500 2746500  7  5  4  20.0 1008  90  1.2 7  9.3  63    0    0 374 -392  1
3797500 2746500  7  5  5  19.0 1008 129  1.8 7  9.3  65    0    7 372 -391  1
3797500 2746500  7  5  6  19.3 1008 132  1.7 2  9.5  68   19   51 352 -391  1
3797500 2746500  7  5  7  21.2 1008  95  1.8 4  9.8  65   49  113 343 -394  1
3797500 2746500  7  5  8  22.1 1008  76  1.8 6 10.2  63   90  181 359 -403  1
3797500 2746500  7  5  9  23.3 1007 117  2.1 6 10.4  60  214  226 368 -418  1
3797500 2746500  7  5 10  24.6 1007 143  1.5 6 10.0  54  270  274 372 -436  1
3797500 2746500  7  5 11  25.1 1007 164  1.7 6  9.7  49  311  310 376 -458  1
3797500 2746500  7  5 12  26.0 1007 146  2.0 6  9.3  45  300  345 381 -477  1
3797500 2746500  7  5 13  26.0 1006  85  3.1 7  8.9  42  266  360 386 -493  1
3797500 2746500  7  5 14  26.3 1006 189  2.6 7  8.7  40  226  349 390 -501  1
3797500 2746500  7  5 15  26.0 1006 148  2.6 7  8.5  40   80  312 391 -504  1
3797500 2746500  7  5 16  26.9 1005 141  2.2 7  8.8  40  118  280 394 -506  1
3797500 2746500  7  5 17  26.9 1005 108  2.6 7  9.3  42  143  226 396 -499  1
3797500 2746500  7  5 18  26.5 1004 117  2.9 6  9.5  43  150  159 393 -488  1
3797500 2746500  7  5 19  25.5 1004 101  2.0 6  9.5  45   64  106 387 -479  1
3797500 2746500  7  5 20  25.1 1004 115  1.5 7  9.7  48    0   28 389 -468  1
3797500 2746500  7  5 21  24.3 1004  98  1.7 7 10.1  51    0    0 392 -455  1
3797500 2746500  7  5 22  22.6 1004 111  1.6 5 10.2  56    0    0 384 -443  1
3797500 2746500  7  5 23  21.9 1005  99  1.6 6 10.3  60    0    0 378 -436  1
3797500 2746500  7  5 24  21.0 1005  98  1.1 5 10.3  64    0    0 375 -432  1
3797500 2746500  7  6  1  21.2 1004 111  2.1 6 10.2  65    0    0 374 -429  1
3797500 2746500  7  6  2  20.9 1004 111  2.2 5 10.3  65    0    0 373 -427  1
3797500 2746500  7  6  3  20.4 1004 120  2.1 6 10.6  68    0    0 371 -424  1
3797500 2746500  7  6  4  20.9 1003 116  1.8 6 10.9  70    0    0 376 -420  1
3797500 2746500  7  6  5  20.9 1003  87  1.1 6 11.1  70    0    6 377 -415  1
3797500 2746500  7  6  6  21.1 1003 134  1.4 5 11.3  72    7   43 373 -413  1
3797500 2746500  7  6  7  21.5 1003 132  1.6 6 11.8  73   71  102 374 -413  1
3797500 2746500  7  6  8  23.7 1003 172  1.8 5 12.3  71  243  113 378 -419  1
3797500 2746500  7  6  9  25.3 1003 163  2.5 2 12.6  64  483   67 372 -428  1
3797500 2746500  7  6 10  26.6 1003 136  2.3 2 12.8  60  583   77 371 -437  1
3797500 2746500  7  6 11  26.7 1003 218  2.2 5 12.4  56  297  284 388 -447  1
3797500 2746500  7  6 12  27.6 1003 216  2.3 4 11.7  51  118  334 401 -461  1
3797500 2746500  7  6 13  25.0 1003 100  4.7 4 11.7  54   22  297 399 -481  1
3797500 2746500  7  6 14  23.5 1003  82  4.3 7 11.7  61   10  256 398 -491  1
3797500 2746500  7  6 15  21.6 1002 152  3.7 6 12.2  70    0  187 397 -476  1
3797500 2746500  7  6 16  21.3 1002 215  2.2 5 13.3  82   22  236 389 -467  1
3797500 2746500  7  6 17  24.0 1002 150  1.1 6 13.8  79  119  209 391 -462  1
3797500 2746500  7  6 18  24.7 1001  48  1.8 6 13.7  70   43  154 399 -446  1
3797500 2746500  7  6 19  24.5 1002  45  1.8 5 13.7  70   80   94 396 -436  1
3797500 2746500  7  6 20  24.3 1001  69  1.9 6 14.0  72   48   44 394 -429  1
3797500 2746500  7  6 21  23.7 1001  69  1.9 6 13.7  72    0    5 395 -424  1
3797500 2746500  7  6 22  22.9 1001 114  1.8 6 13.5  74    0    0 391 -420  1
3797500 2746500  7  6 23  22.8 1001 123  1.7 7 13.6  76    0    0 394 -416  1
3797500 2746500  7  6 24  22.6 1001  95  1.8 7 13.2  75    0    0 396 -415  1
3797500 2746500  7  7  1  21.5 1000 121  1.5 8 12.4  73    0    0 396 -414  1
3797500 2746500  7  7  2  21.2 1001 172  3.2 6 12.3  76    0    0 390 -413  1
3797500 2746500  7  7  3  20.6 1000 159  3.3 4 12.4  79    0    0 374 -412  1
3797500 2746500  7  7  4  20.1 1000 177  3.1 5 12.1  79    0    0 367 -412  1
3797500 2746500  7  7  5  19.9 1001 199  2.7 6 11.7  79    0    1 374 -412  1
3797500 2746500  7  7  6  20.0 1001 184  2.0 6 11.6  78    0   23 376 -412  1
3797500 2746500  7  7  7  20.5 1001 201  2.9 6 11.7  78    5   92 377 -414  1
3797500 2746500  7  7  8  20.2 1001 196  2.9 7 11.8  77    2  134 381 -416  1
3797500 2746500  7  7  9  20.3 1001 174  4.0 7 11.8  78    1  169 384 -418  1
3797500 2746500  7  7 10  20.9 1002 199  4.3 8 11.6  75    3  216 389 -420  1
3797500 2746500  7  7 11  19.1 1002 220  4.8 8 11.4  76    0  201 392 -423  1
3797500 2746500  7  7 12  18.9 1003 186  4.1 7 11.5  82    0  220 386 -425  1
3797500 2746500  7  7 13  20.0 1003 287  3.9 6 11.6  81   83  345 382 -438  1
3797500 2746500  7  7 14  22.2 1004 235  4.2 5 11.0  69  351  311 380 -462  1
3797500 2746500  7  7 15  22.3 1004 165  3.2 6 10.2  60  333  281 383 -477  1
3797500 2746500  7  7 16  23.8 1004 179  3.5 4  9.8  55  546  118 381 -471  1
3797500 2746500  7  7 17  23.7 1004 170  2.6 4  9.6  51  324  163 377 -459  1
3797500 2746500  7  7 18  23.7 1003 152  2.5 4  9.2  50  225  128 374 -452  1
3797500 2746500  7  7 19  23.1 1003 162  2.1 5  9.4  52   45  105 375 -447  1
3797500 2746500  7  7 20  21.5 1004 155  2.3 5  9.9  58   41   49 375 -438  1
3797500 2746500  7  7 21  19.8 1004 258  1.7 5  9.9  64    3   10 370 -424  1
3797500 2746500  7  7 22  18.9 1005 156  1.6 6 10.1  71    0    0 368 -413  1
3797500 2746500  7  7 23  19.2 1005 171  1.7 6 10.2  73    0    0 369 -407  1
3797500 2746500  7  7 24  19.0 1005 167  1.6 6  9.9  71    0    0 368 -404  1
3797500 2746500  7  8  1  18.7 1006 202  1.5 4  9.7  71    0    0 358 -400  1
3797500 2746500  7  8  2  18.4 1006 168  1.7 2  9.6  71    0    0 340 -396  1
3797500 2746500  7  8  3  17.4 1006 174  1.0 1  9.4  72    0    0 323 -394  1
3797500 2746500  7  8  4  16.1 1006 148  1.4 0  9.2  76    0    0 311 -393  1
3797500 2746500  7  8  5  16.7 1006 170  1.2 1  9.3  79    1   11 311 -393  1
3797500 2746500  7  8  6  17.8 1006 136  1.1 1  9.5  76   41   55 318 -393  1
3797500 2746500  7  8  7  19.8 1005 189  1.4 2  9.8  72   55  115 326 -395  1
3797500 2746500  7  8  8  19.9 1006 221  2.6 4 10.1  69   97  184 343 -404  1
3797500 2746500  7  8  9  20.7 1006 202  2.5 5 10.0  66  194  238 358 -417  1
3797500 2746500  7  8 10  21.0 1006 182  3.1 5  9.9  64  192  301 366 -432  1
3797500 2746500  7  8 11  22.2 1006 241  3.0 3  9.7  60  464  250 361 -445  1
3797500 2746500  7  8 12  22.5 1005 236  2.6 2  8.9  52  529  254 353 -455  1
3797500 2746500  7  8 13  21.5 1005 225  3.0 6  8.8  53   76  347 365 -461  1
3797500 2746500  7  8 14  21.8 1005 145  2.5 5  9.8  60  281  349 375 -465  1
3797500 2746500  7  8 15  22.8 1005 159  2.8 2  9.7  57  641  145 366 -466  1
3797500 2746500  7  8 16  23.7 1004 141  3.4 2  9.3  52  516  153 360 -464  1
3797500 2746500  7  8 17  23.5 1004 143  2.8 1  9.3  51  507   82 357 -459  1
3797500 2746500  7  8 18  24.3 1004 169  2.5 2  8.9  47  332   91 355 -454  1
3797500 2746500  7  8 19  23.8 1003 232  1.6 2  8.7  46  187   77 356 -453  1
3797500 2746500  7  8 20  22.2 1003 137  1.3 5  9.1  51   60   52 361 -447  1
3797500 2746500  7  8 21  21.0 1003 139  1.2 4  9.3  57    0    7 363 -439  1
3797500 2746500  7  8 22  20.6 1003  98  1.7 2  9.3  60    0    0 349 -432  1
3797500 2746500  7  8 23  20.0 1003  99  1.6 1  9.4  62    0    0 337 -426  1
3797500 2746500  7  8 24  19.1 1003 109  1.6 1  9.4  66    0    0 331 -422  1
3797500 2746500  7  9  1  18.7 1003 111  1.9 3  9.5  69    0    0 335 -418  1
3797500 2746500  7  9  2  19.7 1002 193  1.5 4  9.2  66    0    0 347 -416  1
3797500 2746500  7  9  3  19.7 1002 153  1.4 4  9.1  62    0    0 352 -415  1
3797500 2746500  7  9  4  18.0 1001 119  2.4 5  9.1  66    0    0 355 -414  1
3797500 2746500  7  9  5  18.4 1001 105  2.6 6  9.1  69    0    1 360 -411  1
3797500 2746500  7  9  6  19.2 1000 100  1.6 7  9.3  68    0   20 369 -410  1
3797500 2746500  7  9  7  18.4 1000 295  1.7 7  9.8  71    0   21 373 -411  1
3797500 2746500  7  9  8  17.0 1000 138  1.6 6 10.4  81    0   63 367 -414  1
3797500 2746500  7  9  9  17.0 1000 132  1.9 7 10.8  88    0   94 366 -420  1
3797500 2746500  7  9 10  17.5  999 158  4.3 6 11.1  89    0   85 368 -429  1
3797500 2746500  7  9 11  17.4  999 158  5.8 6 11.4  90    0  102 366 -442  1
3797500 2746500  7  9 12  17.0  999 170  4.5 7 11.3  91    0  127 370 -455  1
3797500 2746500  7  9 13  18.4  999 177  3.4 6 11.3  88    0  230 372 -462  1
3797500 2746500  7  9 14  19.4  999 202  3.9 8 11.3  81    0  216 378 -464  1
3797500 2746500  7  9 15  19.2  999 185  4.8 6 11.4  80   75  338 378 -469  1
3797500 2746500  7  9 16  21.3  999 202  3.0 6 11.5  76  118  321 374 -474  1
3797500 2746500  7  9 17  20.9  999 225  5.4 6 10.7  67  107  264 376 -470  1
3797500 2746500  7  9 18  21.1  999 226  5.1 4  9.9  63  176  190 368 -460  1
3797500 2746500  7  9 19  20.0 1000 239  7.5 5  9.3  60   51  124 361 -453  1
3797500 2746500  7  9 20  18.9 1000 259  5.2 7  9.0  63    4   46 367 -446  1
3797500 2746500  7  9 21  18.7 1001 225  6.9 7  9.2  67    0    1 374 -438  1
3797500 2746500  7  9 22  18.2 1002 226  4.9 7  9.4  70    0    0 373 -427  1
3797500 2746500  7  9 23  17.6 1002 228  5.4 6  9.6  74    0    0 366 -418  1
3797500 2746500  7  9 24  17.6 1003 222  5.3 6  9.6  76    0    0 361 -414  1
3797500 2746500  7 10  1  17.0 1003 217  4.5 7  9.7  77    0    0 363 -410  1
3797500 2746500  7 10  2  17.0 1003 216  4.5 7  9.7  79    0    0 365 -409  1
3797500 2746500  7 10  3  16.6 1003 236  5.3 6  9.6  79    0    0 360 -411  1
3797500 2746500  7 10  4  16.0 1004 214  5.1 6  9.4  80    0    0 355 -410  1
3797500 2746500  7 10  5  15.8 1004 241  4.1 7  9.3  81    0    1 358 -409  1
3797500 2746500  7 10  6  15.9 1004 221  3.9 8  9.2  81    0   22 365 -408  1
3797500 2746500  7 10  7  16.7 1004 213  4.3 6  9.3  79   40  117 362 -409  1
3797500 2746500  7 10  8  17.5 1004 223  5.0 4  9.2  74  168  176 348 -409  1
3797500 2746500  7 10  9  19.0 1004 230  5.8 3  9.1  69  280  217 342 -408  1
3797500 2746500  7 10 10  18.9 1004 237  6.3 4  9.1  66  260  297 346 -410  1
3797500 2746500  7 10 11  18.8 1005 238  5.7 5  8.9  65  194  355 354 -417  1
3797500 2746500  7 10 12  18.9 1005 240  4.7 6  8.9  65  146  372 364 -429  1
3797500 2746500  7 10 13  21.2 1005 241  4.8 5  9.0  61  207  384 370 -437  1
3797500 2746500  7 10 14  21.1 1005 249  4.3 5  8.8  55  260  368 371 -443  1
3797500 2746500  7 10 15  20.8 1005 229  4.6 3  8.5  54  328  314 361 -448  1
3797500 2746500  7 10 16  20.7 1005 251  4.6 3  8.4  55  350  251 353 -447  1
3797500 2746500  7 10 17  20.0 1005 259  5.4 6  8.4  56  102  237 360 -438  1
3797500 2746500  7 10 18  18.9 1005 270  2.7 7  8.8  61    3  124 371 -421  1
3797500 2746500  7 10 19  17.7 1005 271  3.6 7  9.5  71   14   97 373 -409  1
3797500 2746500  7 10 20  17.0 1005 247  1.7 7  9.7  78    0   35 370 -405  1
3797500 2746500  7 10 21  17.1 1006 243  1.6 6  9.6  78    0    1 364 -402  1
3797500 2746500  7 10 22  16.5 1006 224  0.8 6  9.6  80    0    0 359 -401  1
3797500 2746500  7 10 23  16.7 1006 220  0.4 6  9.8  82    0    0 359 -400  1
3797500 2746500  7 10 24  16.1 1006 202  0.5 6 10.0  85    0    0 359 -399  1
3797500 2746500  7 11  1  15.5 1006 219  1.3 5 10.1  89    0    0 355 -398  1
3797500 2746500  7 11  2  15.9 1006 211  0.8 7  9.9  88    0    0 358 -396  1
3797500 2746500  7 11  3  15.9 1007 188  1.1 7  9.8  86    0    0 367 -393  1
3797500 2746500  7 11  4  16.1 1006 190  1.5 7  9.8  85    0    0 367 -390  1
3797500 2746500  7 11  5  16.2 1006 218  1.8 6  9.7  84    0    0 363 -389  1
3797500 2746500  7 11  6  16.5 1006 203  2.1 7  9.8  84    0   24 363 -388  1
3797500 2746500  7 11  7  17.0 1006 203  2.0 7  9.9  82    1   78 367 -388  1
3797500 2746500  7 11  8  17.8 1006 203  2.6 5  9.8  78   97  169 358 -387  1
3797500 2746500  7 11  9  19.5 1006 188  2.3 5  9.9  73  186  219 352 -388  1
3797500 2746500  7 11 10  20.0 1006 199  2.8 6 10.0  69  199  274 360 -390  1
3797500 2746500  7 11 11  20.8 1006 206  2.9 5  9.9  65  191  313 362 -391  1
3797500 2746500  7 11 12  20.5 1006 198  2.3 7  9.8  64    2  237 368 -393  1
3797500 2746500  7 11 13  20.1 1005 262  2.3 8  9.9  66    0  172 376 -401  1
3797500 2746500  7 11 14  19.3 1005 250  2.6 7  9.6  66    3  242 374 -406  1
3797500 2746500  7 11 15  20.1 1005 293  2.2 5  9.9  68   57  284 366 -403  1
3797500 2746500  7 11 16  19.7 1005 247  2.6 6 10.1  69   99  261 363 -402  1
3797500 2746500  7 11 17  19.2 1005 247  2.0 6 10.4  73   16  191 364 -407  1
3797500 2746500  7 11 18  19.3 1004 255  1.8 5 10.8  77   82  155 360 -413  1
3797500 2746500  7 11 19  19.1 1004 262  1.8 4 10.3  73   48   99 352 -412  1
3797500 2746500  7 11 20  17.9 1004 246  1.7 7 10.1  76   14   43 361 -408  1
3797500 2746500  7 11 21  17.2 1005 237  1.8 7  9.9  78    0    3 372 -403  1
3797500 2746500  7 11 22  16.6 1005 226  1.9 8  9.8  81    0    0 370 -397  1
3797500 2746500  7 11 23  16.1 1006 222  2.5 7  9.2  79    0    0 366 -395  1
3797500 2746500  7 11 24  15.7 1006 222  3.2 6  8.5  75    0    0 362 -393  1
3797500 2746500  7 12  1  15.2 1006 222  4.0 6  7.7  69    0    0 320 -391  1
3797500 2746500  7 12  2  14.6 1006 222  4.5 6  7.0  66    0    0 331 -389  1
3797500 2746500  7 12  3  14.1 1006 220  4.8 5  6.7  65    0    0 334 -386  1
3797500 2746500  7 12  4  13.7 1006 217  4.7 5  6.9  69    0    0 337 -384  1
3797500 2746500  7 12  5  13.9 1006 218  4.7 4  7.0  71    0    2 326 -381  1
3797500 2746500  7 12  6  13.3 1006 215  4.3 4  7.3  77   21   46 317 -380  1
3797500 2746500  7 12  7  14.3 1007 229  4.7 2  7.6  77   90   99 309 -381  1
3797500 2746500  7 12  8  14.7 1007 233  5.1 4  7.8  75  156  155 311 -385  1
3797500 2746500  7 12  9  15.7 1007 230  4.6 4  7.8  72  259  191 321 -393  1
3797500 2746500  7 12 10  17.0 1006 238  5.3 4  7.6  65  270  258 324 -403  1
3797500 2746500  7 12 11  17.3 1006 235  5.2 5  7.3  59  191  331 331 -413  1
3797500 2746500  7 12 12  17.6 1006 256  5.1 4  7.0  56  254  346 333 -424  1
3797500 2746500  7 12 13  18.9 1006 212  5.1 4  6.8  52  302  338 333 -429  1
3797500 2746500  7 12 14  18.4 1005 200  4.9 4  6.6  48  161  355 337 -430  1
3797500 2746500  7 12 15  18.6 1005 222  3.3 5  6.7  50  159  322 340 -431  1
3797500 2746500  7 12 16  18.0 1004 210  4.3 5  7.0  53   49  270 345 -432  1
3797500 2746500  7 12 17  17.9 1004 230  4.3 7  7.0  54    0  107 351 -429  1
3797500 2746500  7 12 18  17.3 1003 238  2.7 8  6.9  55    0   78 361 -418  1
3797500 2746500  7 12 19  15.8 1003 188  3.4 8  7.4  62    0   63 364 -412  1
3797500 2746500  7 12 20  15.3 1002 221  2.4 8  8.1  73    0   30 364 -406  1
3797500 2746500  7 12 21  15.2 1002 212  4.2 7  8.2  75    0    1 362 -399  1
3797500 2746500  7 12 22  15.0 1002 206  3.7 6  8.2  76    0    0 354 -394  1
3797500 2746500  7 12 23  15.0 1002 225  4.0 6  8.3  77    0    0 350 -391  1
3797500 2746500  7 12 24  14.6 1002 220  3.8 5  8.4  79    0    0 346 -389  1
3797500 2746500  7 13  1  14.1 1002 216  3.1 6  8.5  82    0    0 345 -387  1
3797500 2746500  7 13  2  13.9 1002 218  3.5 5  8.5  84    0    0 344 -386  1
3797500 2746500  7 13  3  13.0 1003 226  3.1 4  8.3  85    0    0 332 -385  1
3797500 2746500  7 13  4  12.7 1003 217  3.6 4  8.1  86    0    0 323 -385  1
3797500 2746500  7 13  5  13.0 1003 215  3.3 5  8.1  86    0    0 326 -384  1
3797500 2746500  7 13  6  13.2 1003 213  3.7 6  8.1  85    0   15 335 -384  1
3797500 2746500  7 13  7  13.8 1003 214  3.3 8  8.0  82    0   56 350 -384  1
3797500 2746500  7 13  8  14.3 1003 214  4.4 6  8.0  79   30  167 351 -383  1
3797500 2746500  7 13  9  15.2 1004 209  3.8 6  7.9  74  132  230 344 -385  1
3797500 2746500  7 13 10  16.0 1004 201  5.0 5  7.8  70  212  270 341 -391  1
3797500 2746500  7 13 11  17.1 1004 230  3.4 4  7.6  64  316  282 335 -399  1
3797500 2746500  7 13 12  17.8 1004 231  4.9 3  7.1  56  245  337 331 -410  1
3797500 2746500  7 13 13  19.2 1003 208  5.5 4  6.5  49  301  327 336 -414  1
3797500 2746500  7 13 14  19.2 1003 221  5.3 6  6.1  43  201  339 350 -409  1
3797500 2746500  7 13 15  19.5 1003 217  5.6 5  5.9  42  258  294 354 -414  1
3797500 2746500  7 13 16  19.1 1003 218  4.6 5  6.0  43  147  269 349 -422  1
3797500 2746500  7 13 17  19.0 1003 269  5.1 6  6.0  44  122  218 352 -423  1
3797500 2746500  7 13 18  18.6 1002 223  3.8 7  6.1  44   34  163 358 -419  1
3797500 2746500  7 13 19  18.3 1002 222  3.5 7  6.3  47    1   76 362 -408  1
3797500 2746500  7 13 20  17.8 1002 214  2.0 7  6.6  50    1   38 361 -400  1
3797500 2746500  7 13 21  17.1 1002 186  1.5 8  6.7  53    1    8 363 -393  1
3797500 2746500  7 13 22  16.7 1002 141  1.0 8  6.8  56    0    0 367 -385  1
3797500 2746500  7 13 23  16.6 1002 156  2.3 8  7.2  60    0    0 366 -378  1
3797500 2746500  7 13 24  16.3 1001 161  2.5 8  7.7  65    0    0 365 -374  1
3797500 2746500  7 14  1  15.3 1001 189  1.2 8  8.4  74    0    0 362 -370  1
3797500 2746500  7 14  2  15.1 1001 159  1.7 8  8.9  81    0    0 359 -368  1
3797500 2746500  7 14  3  15.1 1000 159  1.0 8  8.9  82    0    0 358 -365  1
3797500 2746500  7 14  4  15.0 1000 172  0.8 8  9.0  83    0    0 360 -363  1
3797500 2746500  7 14  5  14.5  999 121  0.5 7  9.1  86    0    0 356 -362  1
3797500 2746500  7 14  6  14.9  999 122  0.6 7  9.3  87    0   29 353 -364  1
3797500 2746500  7 14  7  15.8  999 183  0.8 7  9.6  87    0   69 356 -369  1
3797500 2746500  7 14  8  16.5 1000 212  1.2 7  9.6  82    4  132 359 -378  1
3797500 2746500  7 14  9  17.2 1000  31  0.9 7  9.3  76   35  235 363 -391  1
3797500 2746500  7 14 10  17.4  999 226  0.4 7  9.2  73   34  275 365 -401  1
3797500 2746500  7 14 11  17.4  999 136  1.9 7  9.3  73    0  226 366 -411  1
3797500 2746500  7 14 12  16.4  999 123  1.8 8  9.8  80    0  124 372 -417  1
3797500 2746500  7 14 13  16.1  999 100  2.3 7 10.3  87    0  133 371 -416  1
3797500 2746500  7 14 14  16.4  999  91  2.4 7 10.6  90    0  167 366 -417  1
3797500 2746500  7 14 15  17.1  998 111  2.3 8 11.0  91    0  147 372 -417  1
3797500 2746500  7 14 16  17.0  997 359  1.4 8 11.2  91    0  106 376 -415  1
3797500 2746500  7 14 17  17.4  997 101  1.4 8 11.4  91    0  107 376 -413  1
3797500 2746500  7 14 18  18.1  996  69  1.8 8 11.8  91    0   73 377 -412  1
3797500 2746500  7 14 19  17.8  996 267  2.9 8 12.1  92    0   54 378 -413  1
3797500 2746500  7 14 20  14.4  997 280  3.9 7 10.7  91    5   42 365 -408  1
3797500 2746500  7 14 21  14.1  999 243  3.7 8  9.2  89    0    0 357 -398  1
3797500 2746500  7 14 22  14.0 1002 253  3.2 8  9.1  89    0    0 360 -390  1
3797500 2746500  7 14 23  13.8 1003 224  2.5 8  9.0  90    0    0 359 -386  1
3797500 2746500  7 14 24  13.8 1004 222  3.0 8  8.9  89    0    0 358 -385  1
3797500 2746500  7 15  1  13.9 1004 219  3.5 8  8.9  89    0    0 359 -383  1
3797500 2746500  7 15  2  14.1 1005 224  3.3 7  8.9  88    0    0 353 -380  1
3797500 2746500  7 15  3  13.8 1005 228  2.8 7  8.8  88    0    0 348 -378  1
3797500 2746500  7 15  4  13.6 1006 226  2.7 7  8.7  88    0    0 347 -377  1
3797500 2746500  7 15  5  13.2 1006 224  2.6 6  8.6  89    0    1 338 -375  1
3797500 2746500  7 15  6  13.2 1007 219  2.1 6  8.5  89    0   10 331 -374  1
3797500 2746500  7 15  7  13.6 1007 221  2.1 8  8.6  89    0   43 342 -376  1
3797500 2746500  7 15  8  13.8 1008 239  1.6 8  8.7  88    0   91 353 -384  1
3797500 2746500  7 15  9  14.6 1008 250  1.1 8  8.7  86    0  116 352 -397  1
3797500 2746500  7 15 10  15.5 1008 162  2.4 8  8.7  81    0  192 355 -413  1
3797500 2746500  7 15 11  16.0 1009 203  2.3 8  8.4  75   11  277 357 -430  1
3797500 2746500  7 15 12  17.5 1009 234  2.9 7  8.2  68   78  371 354 -445  1
3797500 2746500  7 15 13  17.6 1009 206  2.2 7  8.0  64  157  396 354 -455  1
3797500 2746500  7 15 14  18.0 1009 215  2.7 7  8.0  62  171  384 354 -459  1
3797500 2746500  7 15 15  19.0 1009 195  1.5 4  7.7  58  238  345 343 -460  1
3797500 2746500  7 15 16  19.0 1009 228  1.6 5  7.4  54  172  303 338 -461  1
3797500 2746500  7 15 17  19.5 1009 197  1.6 6  7.3  52  202  229 346 -457  1
3797500 2746500  7 15 18  19.5 1008 175  1.4 6  7.1  50   77  179 351 -450  1
3797500 2746500  7 15 19  19.3 1008   0  0.5 7  7.2  51    9   96 354 -442  1
3797500 2746500  7 15 20  17.9 1008   1  0.6 6  7.4  55    4   43 352 -430  1
3797500 2746500  7 15 21  17.0 1008  24  0.6 7  7.4  59    0    1 350 -420  1
3797500 2746500  7 15 22  15.7 1009 349  2.4 5  7.8  67    0    0 345 -413  1
3797500 2746500  7 15 23  15.3 1009 357  2.2 4  8.1  74    0    0 330 -408  1
3797500 2746500  7 15 24  14.3 1009  42  1.8 5  8.0  76    0    0 328 -405  1
3797500 2746500  7 16  1  14.5 1009   4  2.2 6  8.2  80    0    0 336 -402  1
3797500 2746500  7 16  2  13.8 1009  27  1.4 7  8.2  81    0    0 341 -399  1
3797500 2746500  7 16  3  13.8 1009  27  1.4 7  8.1  82    0    0 341 -394  1
3797500 2746500  7 16  4  13.8 1009  14  1.2 7  8.0  80    0    0 339 -392  1
3797500 2746500  7 16  5  13.1 1009 356  1.4 8  7.9  82    0    0 341 -390  1
3797500 2746500  7 16  6  13.2 1009 350  1.3 7  8.0  85    0   10 339 -387  1
3797500 2746500  7 16  7  13.8 1009 344  1.0 8  8.2  85    0   22 340 -387  1
3797500 2746500  7 16  8  14.1 1009 338  1.6 8  8.4  84    0   51 346 -396  1
3797500 2746500  7 16  9  13.2 1010   2  2.3 8  8.4  86    0   92 344 -410  1
3797500 2746500  7 16 10  13.1 1010   7  2.5 8  8.5  90    0  111 343 -427  1
3797500 2746500  7 16 11  13.7 1010  38  2.3 8  8.8  91    0  179 344 -442  1
3797500 2746500  7 16 12  14.6 1010  80  1.7 8  9.0  88    0  234 349 -456  1
3797500 2746500  7 16 13  14.9 1010 104  1.5 8  9.0  86    0  230 353 -466  1
3797500 2746500  7 16 14  15.5 1010  21  1.4 8  9.1  84    0  238 353 -472  1
3797500 2746500  7 16 15  17.4 1010  23  1.0 7  8.8  75    3  239 351 -473  1
3797500 2746500  7 16 16  18.4 1009  83  2.3 7  8.3  64   61  285 350 -457  1
3797500 2746500  7 16 17  19.1 1009 116  2.3 3  7.9  58  362  165 334 -443  1
3797500 2746500  7 16 18  18.5 1009  94  2.6 2  7.8  57  298  114 310 -443  1
3797500 2746500  7 16 19  17.9 1009 109  1.9 3  7.8  59  145   93 307 -438  1
3797500 2746500  7 16 20  17.7 1009 112  2.0 6  7.8  61    8   45 328 -431  1
3797500 2746500  7 16 21  16.8 1009 136  1.1 6  7.9  64    0    7 343 -422  1
3797500 2746500  7 16 22  15.4 1009 101  1.2 8  7.9  69    0    0 351 -413  1
3797500 2746500  7 16 23  15.1 1009 104  1.2 8  8.1  74    0    0 360 -406  1
3797500 2746500  7 16 24  14.7 1009  37  1.1 7  8.3  78    0    0 353 -403  1
3797500 2746500  7 17  1  13.5 1008 146  0.6 6  7.9  78    0    0 339 -401  1
3797500 2746500  7 17  2  13.6 1008  86  1.3 6  7.8  80    0    0 332 -399  1
3797500 2746500  7 17  3  13.7 1008  25  1.4 5  8.1  82    0    0 330 -397  1
3797500 2746500  7 17  4  13.7 1008 110  1.4 6  8.1  83    0    0 331 -395  1
3797500 2746500  7 17  5  13.4 1007 114  1.4 8  8.2  85    0    0 345 -394  1
3797500 2746500  7 17  6  14.4 1007 112  1.6 7  8.3  83    0    7 350 -393  1
3797500 2746500  7 17  7  14.8 1007 135  1.5 8  8.3  80    0   36 350 -396  1
3797500 2746500  7 17  8  15.3 1006 129  2.4 7  8.5  78    0  105 350 -404  1
3797500 2746500  7 17  9  15.5 1006 149  2.3 8  8.5  77    1  170 353 -416  1
3797500 2746500  7 17 10  17.4 1006 140  2.9 6  8.5  72  138  306 354 -430  1
3797500 2746500  7 17 11  18.9 1005 152  3.1 4  8.5  65  295  319 345 -444  1
3797500 2746500  7 17 12  19.6 1004 157  3.2 5  8.2  59   95  371 346 -454  1
3797500 2746500  7 17 13  19.5 1004 149  4.2 6  7.9  55   35  340 356 -464  1
3797500 2746500  7 17 14  20.6 1003 148  3.9 5  7.6  51  124  374 357 -472  1
3797500 2746500  7 17 15  20.8 1002 139  4.7 5  7.5  48  235  336 354 -477  1
3797500 2746500  7 17 16  20.3 1001 163  3.7 6  7.7  50   65  285 358 -471  1
3797500 2746500  7 17 17  21.3 1001 133  4.0 7  7.8  50   62  235 367 -459  1
3797500 2746500  7 17 18  21.2 1000 143  3.4 4  7.8  49  220  135 362 -453  1
3797500 2746500  7 17 19  20.2  999 110  4.5 5  7.6  49  126   91 352 -447  1
3797500 2746500  7 17 20  19.6  999 126  3.4 6  7.7  52   37   46 357 -438  1
3797500 2746500  7 17 21  19.0  999 110  3.0 5  8.0  56    0    7 356 -429  1
3797500 2746500  7 17 22  19.2  998 106  3.6 7  8.0  57    0    0 360 -421  1
3797500 2746500  7 17 23  19.0  998 144  4.2 7  7.9  56    0    0 369 -416  1
3797500 2746500  7 17 24  18.5  997 139  4.5 8  7.9  58    0    0 371 -413  1
3797500 2746500  7 18  1  17.9  996 137  5.5 6  7.9  60    0    0 364 -410  1
3797500 2746500  7 18  2  16.7  995 143  6.2 7  8.2  65    0    0 358 -406  1
3797500 2746500  7 18  3  15.3  994 136  4.6 6  8.8  76    0    0 356 -404  1
3797500 2746500  7 18  4  15.1  994 164  4.1 6  9.3  84    0    0 350 -403  1
3797500 2746500  7 18  5  15.4  993 171  1.8 7  9.6  87    0    0 356 -399  1
3797500 2746500  7 18  6  15.5  993 156  3.0 7  9.9  88    0   15 361 -394  1
3797500 2746500  7 18  7  16.2  994 206  3.6 6 10.0  87   42  102 356 -393  1
3797500 2746500  7 18  8  16.6  994 186  5.1 3  9.7  82  220  126 340 -394  1
3797500 2746500  7 18  9  17.1  995 218  5.8 2  9.0  74  308  169 324 -395  1
3797500 2746500  7 18 10  17.5  995 218  5.0 4  8.5  68  288  245 333 -397  1
3797500 2746500  7 18 11  18.9  995 220  5.0 4  8.1  61  364  272 345 -405  1
3797500 2746500  7 18 12  19.9  995 197  4.4 5  7.9  55  344  321 353 -416  1
3797500 2746500  7 18 13  20.0  995 214  3.6 6  7.8  52  130  374 361 -423  1
3797500 2746500  7 18 14  18.1  994 154  4.4 3  8.1  58  407  291 351 -429  1
3797500 2746500  7 18 15  19.8  994 164  4.3 5  8.5  61  148  332 346 -435  1
3797500 2746500  7 18 16  19.6  994 164  5.2 5  8.1  56  272  255 352 -435  1
3797500 2746500  7 18 17  18.4  994 104  3.5 6  7.9  56   62  228 351 -429  1
3797500 2746500  7 18 18  17.6  994 151  2.6 6  8.4  64   47  168 350 -425  1
3797500 2746500  7 18 19  18.0  994 139  4.0 4  8.8  68   73   98 343 -420  1
3797500 2746500  7 18 20  17.2  994 143  4.8 7  8.9  69    7   41 346 -411  1
3797500 2746500  7 18 21  16.3  993 144  2.5 8  9.1  75    0    2 359 -402  1
3797500 2746500  7 18 22  17.3  993 157  4.1 7  9.1  75    0    0 360 -397  1
3797500 2746500  7 18 23  16.5  993 165  3.7 7  9.1  74    0    0 357 -393  1
3797500 2746500  7 18 24  15.7  993 153  4.7 5  9.2  78    0    0 347 -392  1
3797500 2746500  7 19  1  15.5  993 161  3.2 6  9.3  82    0    0 341 -391  1
3797500 2746500  7 19  2  15.5  993 165  3.0 6  9.1  81    0    0 346 -389  1
3797500 2746500  7 19  3  15.8  993 156  3.4 4  8.9  78    0    0 338 -388  1
3797500 2746500  7 19  4  15.5  993 170  2.4 6  8.9  78    0    0 339 -388  1
3797500 2746500  7 19  5  15.3  993 162  3.0 8  8.9  80    0    0 356 -389  1
3797500 2746500  7 19  6  15.6  993 158  3.2 8  8.9  80    0    8 364 -388  1
3797500 2746500  7 19  7  15.8  993 162  3.7 8  8.9  78    0   28 365 -389  1
3797500 2746500  7 19  8  15.8  993 183  3.0 7  8.8  77    0   87 360 -392  1
3797500 2746500  7 19  9  16.4  993 171  2.9 8  8.8  76    0  139 361 -397  1
3797500 2746500  7 19 10  16.8  994 170  3.2 8  9.0  75    0  161 366 -408  1
3797500 2746500  7 19 11  15.9  994 217  3.7 8  9.1  77    0  110 365 -422  1
3797500 2746500  7 19 12  16.9  994 221  3.3 5  9.4  79   21  327 357 -434  1
3797500 2746500  7 19 13  18.9  994 201  4.1 5  9.7  74  168  422 354 -440  1
3797500 2746500  7 19 14  19.0  994 178  3.9 5  9.2  66  190  409 357 -442  1
3797500 2746500  7 19 15  19.7  995 176  3.1 6  8.9  62   42  323 359 -435  1
3797500 2746500  7 19 16  19.3  995 197  2.3 6  8.9  62   12  243 360 -430  1
3797500 2746500  7 19 17  19.0  995 220  4.9 4  9.0  64   80  255 350 -427  1
3797500 2746500  7 19 18  15.2  995 240  3.4 6  8.9  72   76  189 344 -422  1
3797500 2746500  7 19 19  16.6  996 229  3.2 5  9.2  80   22  110 343 -415  1
3797500 2746500  7 19 20  16.5  997 192  1.8 6  9.7  81   16   49 346 -406  1
3797500 2746500  7 19 21  16.0  997 198  1.5 5  9.7  82    0    3 347 -399  1
3797500 2746500  7 19 22  15.5  998 221  3.2 6  9.5  84    0    0 345 -395  1
3797500 2746500  7 19 23  15.3  999 229  2.7 5  9.4  85    0    0 344 -393  1
3797500 2746500  7 19 24  14.8  999 220  2.4 1  9.2  85    0    0 321 -392  1
3797500 2746500  7 20  1  14.8  999 203  2.4 4  9.2  86    0    0 318 -392  1
3797500 2746500  7 20  2  14.6  999 210  2.5 5  9.3  88    0    0 336 -391  1
3797500 2746500  7 20  3  14.6 1000 232  2.9 4  9.3  88    0    0 335 -391  1
3797500 2746500  7 20  4  14.0 1000 170  2.7 4  9.1  88    0    0 327 -391  1
3797500 2746500  7 20  5  13.9 1001 200  3.0 5  8.8  87    0    0 330 -391  1
3797500 2746500  7 20  6  14.4 1001 212  2.5 6  8.7  86    0   20 340 -391  1
3797500 2746500  7 20  7  14.0 1001 156  3.9 8  8.6  84    0   55 356 -393  1
3797500 2746500  7 20  8  14.2 1001 190  3.8 8  8.6  84    0   99 367 -399  1
3797500 2746500  7 20  9  14.2 1001 214  3.8 7  8.9  87    1  160 363 -409  1
3797500 2746500  7 20 10  14.1 1002 220  4.2 8  9.1  89    0  143 364 -422  1
3797500 2746500  7 20 11  15.4 1002 229  3.4 8  9.5  89    0  190 372 -433  1
3797500 2746500  7 20 12  16.9 1003 249  3.4 6  9.8  84   15  281 369 -436  1
3797500 2746500  7 20 13  18.7 1003 284  2.1 5  9.7  75  180  324 363 -436  1
3797500 2746500  7 20 14  18.7 1004 298  1.8 5  9.6  71  105  321 362 -438  1
3797500 2746500  7 20 15  16.1 1004 297  2.6 8  9.8  78    0  120 368 -440  1
3797500 2746500  7 20 16  16.8 1006 272  2.9 8 10.2  86    0  143 375 -442  1
3797500 2746500  7 20 17  16.5 1007 273  4.0 8 10.1  85    0  128 374 -438  1
3797500 2746500  7 20 18  16.4 1007 310  4.0 7  9.6  82    6  131 370 -433  1
3797500 2746500  7 20 19  16.0 1008 303  3.4 7  9.1  78   13   89 364 -430  1
3797500 2746500  7 20 20  16.0 1009 292  3.2 8  8.6  75    4   35 366 -422  1
3797500 2746500  7 20 21  15.7 1010 270  2.3 6  8.1  72    0    4 359 -413  1
3797500 2746500  7 20 22  15.0 1011 259  1.5 6  7.9  72    0    0 348 -403  1
3797500 2746500  7 20 23  13.7 1012 248  1.6 5  7.7  75    0    0 342 -396  1
3797500 2746500  7 20 24  13.0 1012 229  0.9 2  7.6  79    0    0 324 -389  1
3797500 2746500  7 21  1  12.1 1013 230  1.1 0  7.5  82    0    0 301 -383  1
3797500 2746500  7 21  2  10.6 1013 190  1.1 0  7.1  85    0    0 288 -378  1
3797500 2746500  7 21  3  11.1 1013 189  1.4 0  6.9  85    0    0 285 -375  1
3797500 2746500  7 21  4  11.4 1013 190  1.8 0  7.1  86    0    0 285 -373  1
3797500 2746500  7 21  5  11.5 1013 171  2.4 2  7.2  85    0    0 292 -371  1
3797500 2746500  7 21  6  12.3 1013 173  2.0 3  7.4  85    7   42 306 -372  1
3797500 2746500  7 21  7  13.9 1013 172  2.6 3  7.8  82   50  112 315 -378  1
3797500 2746500  7 21  8  15.2 1013 171  3.3 5  8.0  78   67  188 329 -385  1
3797500 2746500  7 21  9  16.7 1013 164  4.0 5  8.2  72   99  263 344 -391  1
3797500 2746500  7 21 10  17.6 1012 172  3.0 7  8.4  69   78  310 358 -394  1
3797500 2746500  7 21 11  17.6 1012 164  3.3 7  8.8  70  136  365 370 -397  1
3797500 2746500  7 21 12  19.2 1012 204  4.4 6  9.0  68  215  404 370 -400  1
3797500 2746500  7 21 13  20.3 1012 193  3.2 7  9.0  62   55  369 376 -400  1
3797500 2746500  7 21 14  20.1 1012 213  4.6 7  9.1  61   77  374 381 -398  1
3797500 2746500  7 21 15  17.6 1012 244  4.9 7  9.2  68   38  315 378 -400  1
3797500 2746500  7 21 16  19.2 1012 220  4.7 7  9.4  70   53  287 378 -403  1
3797500 2746500  7 21 17  19.5 1012 201  4.5 6  9.3  66   71  247 377 -403  1
3797500 2746500  7 21 18  19.5 1011 222  3.2 8  9.3  65    5  138 380 -403  1
3797500 2746500  7 21 19  19.7 1012 161  2.3 8  9.5  66    1   78 389 -406  1
3797500 2746500  7 21 20  19.8 1011 219  2.6 7  9.7  67    0   28 386 -405  1
3797500 2746500  7 21 21  19.4 1012 185  1.8 7  9.9  69    0    3 382 -402  1
3797500 2746500  7 21 22  19.2 1012 174  1.2 8 10.0  71    0    0 385 -399  1
3797500 2746500  7 21 23  18.7 1012 152  1.2 7 10.0  72    0    0 384 -399  1
3797500 2746500  7 21 24  18.5 1012 172  1.5 6 10.0  74    0    0 376 -399  1
3797500 2746500  7 22  1  18.2 1012 163  2.0 5 10.0  75    0    0 367 -399  1
3797500 2746500  7 22  2  18.5 1012 179  1.8 4 10.0  75    0    0 359 -400  1
3797500 2746500  7 22  3  18.7 1012 173  1.9 7 10.0  74    0    0 366 -401  1
3797500 2746500  7 22  4  18.5 1012 178  1.5 7  9.9  73    0    0 378 -400  1
3797500 2746500  7 22  5  18.7 1012 174  1.9 7  9.7  72    0    0 378 -400  1
3797500 2746500  7 22  6  18.8 1012 184  1.8 8  9.7  72    0   16 382 -400  1
3797500 2746500  7 22  7  19.2 1012 187  1.8 7  9.8  71    0   61 383 -401  1
3797500 2746500  7 22  8  19.6 1012 186  2.0 7  9.9  70    2  122 379 -403  1
3797500 2746500  7 22  9  19.5 1012 164  2.3 8 10.0  70    2  164 384 -408  1
3797500 2746500  7 22 10  20.9 1012 174  2.3 7 10.2  69   33  256 386 -416  1
3797500 2746500  7 22 11  21.5 1012 174  1.9 8 10.5  67   13  264 390 -427  1
3797500 2746500  7 22 12  22.9 1012 211  2.2 7 10.6  63   51  325 393 -439  1
3797500 2746500  7 22 13  24.5 1012 194  2.9 6 10.8  58  282  344 393 -450  1
3797500 2746500  7 22 14  24.5 1011 193  2.8 5 11.0  57  248  339 390 -455  1
3797500 2746500  7 22 15  23.9 1011 163  3.4 7 10.7  56   40  291 392 -460  1
3797500 2746500  7 22 16  23.2 1011 154  2.3 8 11.0  60    0  133 401 -463  1
3797500 2746500  7 22 17  24.6 1011 182  2.6 5 11.0  59  121  220 395 -457  1
3797500 2746500  7 22 18  24.1 1011 163  1.7 4 10.7  56  173  136 381 -450  1
3797500 2746500  7 22 19  24.0 1011 140  1.0 6 10.9  58   55   98 382 -447  1
3797500 2746500  7 22 20  23.4 1011   4  2.0 5 11.3  61    4   37 384 -441  1
3797500 2746500  7 22 21  22.1 1011  37  2.1 5 11.8  68    0    4 376 -433  1
3797500 2746500  7 22 22  21.3 1011  36  1.4 6 12.0  73    0    0 376 -426  1
3797500 2746500  7 22 23  20.6 1012  35  1.7 6 12.0  77    0    0 377 -422  1
3797500 2746500  7 22 24  19.8 1012  68  1.9 4 12.0  80    0    0 369 -418  1
3797500 2746500  7 23  1  20.0 1012  41  1.6 7 11.9  81    0    0 371 -416  1
3797500 2746500  7 23  2  19.4 1012  57  1.8 7 11.5  80    0    0 379 -414  1
3797500 2746500  7 23  3  18.2 1011  79  0.9 6 11.2  82    0    0 373 -412  1
3797500 2746500  7 23  4  18.7 1011  57  0.9 5 11.2  84    0    0 366 -411  1
3797500 2746500  7 23  5  17.6 1011  89  1.6 6 11.2  85    0    0 365 -408  1
3797500 2746500  7 23  6  17.7 1011 100  1.6 7 11.1  88    0   25 369 -407  1
3797500 2746500  7 23  7  19.4 1011 285  2.1 7 11.3  84    0   39 376 -408  1
3797500 2746500  7 23  8  20.2 1011 311  2.1 6 11.8  81   13  160 377 -414  1
3797500 2746500  7 23  9  20.8 1011 350  2.1 5 12.1  79   82  259 373 -423  1
3797500 2746500  7 23 10  21.5 1011  15  1.4 6 11.8  74  103  310 375 -436  1
3797500 2746500  7 23 11  23.0 1011 331  1.4 4 11.9  70  233  355 377 -453  1
3797500 2746500  7 23 12  23.8 1011 293  2.8 4 12.1  67  351  362 377 -470  1
3797500 2746500  7 23 13  24.1 1011 316  2.8 3 12.5  66  366  369 377 -481  1
3797500 2746500  7 23 14  24.0 1011 348  3.1 3 12.3  65  343  364 375 -485  1
3797500 2746500  7 23 15  24.7 1010 342  3.0 4 11.8  62  226  361 378 -485  1
3797500 2746500  7 23 16  24.9 1010 349  2.3 4 11.7  59  199  309 380 -473  1
3797500 2746500  7 23 17  24.8 1009 248  2.4 4 11.8  60  196  240 377 -467  1
3797500 2746500  7 23 18  24.0 1009 309  2.7 6 12.2  63   52  177 378 -473  1
3797500 2746500  7 23 19  23.2 1009 338  2.8 5 12.2  66   41  109 377 -469  1
3797500 2746500  7 23 20  22.2 1009 340  2.8 6 12.1  70   33   48 373 -459  1
3797500 2746500  7 23 21  21.1 1009 342  2.3 7 12.1  74    0    6 376 -447  1
3797500 2746500  7 23 22  20.0 1009 342  1.7 4 12.2  80    0    0 365 -435  1
3797500 2746500  7 23 23  19.7 1009 309  1.4 4 12.2  83    0    0 353 -427  1
3797500 2746500  7 23 24  19.0 1009 343  1.2 5 12.1  86    0    0 352 -420  1
3797500 2746500  7 24  1  19.0 1009   1  1.4 6 12.0  86    0    0 355 -416  1
3797500 2746500  7 24  2  18.2 1009 276  0.6 6 11.5  85    0    0 355 -412  1
3797500 2746500  7 24  3  18.2 1009 261  1.0 4 11.3  86    0    0 347 -409  1
3797500 2746500  7 24  4  18.0 1009 277  1.4 4 11.4  87    0    0 342 -406  1
3797500 2746500  7 24  5  18.2 1009 297  1.2 4 11.4  87    0    0 341 -403  1
3797500 2746500  7 24  6  18.1 1009   5  0.7 6 11.5  87    0   22 346 -402  1
3797500 2746500  7 24  7  18.0 1010  15  0.5 6 11.5  88   17   99 350 -406  1
3797500 2746500  7 24  8  18.4 1010 315  1.5 5 11.8  90   55  178 348 -417  1
3797500 2746500  7 24  9  19.9 1010 293  1.5 5 12.8  92  126  247 350 -435  1
3797500 2746500  7 24 10  21.9 1010 337  2.7 5 12.5  80  314  247 358 -455  1
3797500 2746500  7 24 11  22.8 1010 342  2.3 5 11.3  66  373  286 363 -473  1
3797500 2746500  7 24 12  24.0 1010 313  2.5 5 11.2  62  473  279 369 -490  1
3797500 2746500  7 24 13  24.7 1010   3  2.4 4 11.1  58  593  226 373 -503  1
3797500 2746500  7 24 14  25.4 1010   2  2.3 4 10.6  53  544  240 374 -512  1
3797500 2746500  7 24 15  26.0 1010 265  2.6 4 10.2  49  425  263 377 -515  1
3797500 2746500  7 24 16  26.1 1010 278  3.0 4 10.0  47  306  258 377 -511  1
3797500 2746500  7 24 17  26.1 1010 314  3.0 3 10.1  47  225  216 373 -506  1
3797500 2746500  7 24 18  26.3 1010 307  2.5 2 10.0  46  143  162 367 -499  1
3797500 2746500  7 24 19  25.7 1010 332  2.2 1  9.4  45  112   90 359 -488  1
3797500 2746500  7 24 20  23.9 1010 308  2.2 1  9.1  46   40   44 352 -475  1
3797500 2746500  7 24 21  22.3 1010 332  1.9 1  9.1  51    0    7 347 -461  1
3797500 2746500  7 24 22  21.7 1011 321  2.3 2  9.2  55    0    0 347 -451  1
3797500 2746500  7 24 23  19.5 1011 329  2.0 2  9.7  64    0    0 348 -443  1
3797500 2746500  7 24 24  18.9 1011  31  2.2 0 10.2  73    0    0 340 -436  1
3797500 2746500  7 25  1  19.2 1011  26  1.0 1 10.5  76    0    0 338 -430  1
3797500 2746500  7 25  2  18.0 1012  61  2.4 1 10.6  78    0    0 338 -426  1
3797500 2746500  7 25  3  17.6 1012  30  2.3 0 10.4  81    0    0 333 -421  1
3797500 2746500  7 25  4  17.5 1012  18  0.6 0 10.4  83    0    0 328 -416  1
3797500 2746500  7 25  5  16.9 1012 357  1.5 0 10.4  84    0    0 325 -412  1
3797500 2746500  7 25  6  17.0 1012  67  1.5 1 10.3  85    5   33 324 -410  1
3797500 2746500  7 25  7  19.2 1012  59  1.7 1 10.6  81   53  100 328 -413  1
3797500 2746500  7 25  8  20.5 1012  64  1.4 0 11.0  76  157  152 328 -423  1
3797500 2746500  7 25  9  22.2 1012  16  2.0 0 11.3  71  299  175 332 -441  1
3797500 2746500  7 25 10  23.7 1012  18  2.2 1 11.2  64  464  166 342 -461  1
3797500 2746500  7 25 11  24.5 1012  15  2.1 2 11.0  58  376  279 355 -482  1
3797500 2746500  7 25 12  25.1 1012  20  2.5 3 10.9  55  227  369 365 -500  1
3797500 2746500  7 25 13  25.1 1012  32  2.1 3 10.5  53  259  373 370 -511  1
3797500 2746500  7 25 14  26.7 1012 346  2.6 3 10.4  49  318  341 374 -515  1
3797500 2746500  7 25 15  26.3 1011  93  2.2 4 10.0  46  376  279 377 -515  1
3797500 2746500  7 25 16  27.1 1011  92  2.0 4  9.7  44  380  214 378 -515  1
3797500 2746500  7 25 17  26.7 1011  17  1.0 2  9.5  43  322  162 369 -499  1
3797500 2746500  7 25 18  26.6 1011  18  2.2 1  9.2  42  269  102 352 -487  1
3797500 2746500  7 25 19  26.3 1011  26  3.4 1  9.2  42  143   79 345 -486  1
3797500 2746500  7 25 20  24.9 1011  15  1.6 1  9.4  46   42   43 341 -474  1
3797500 2746500  7 25 21  23.8 1011  17  1.7 1  9.6  50    2    7 337 -460  1
3797500 2746500  7 25 22  22.7 1011  26  1.2 0  9.3  52    0    0 328 -451  1
3797500 2746500  7 25 23  21.5 1012  41  0.2 0  9.1  54    0    0 318 -444  1
3797500 2746500  7 25 24  20.4 1012  62  1.3 3  9.0  58    0    0 330 -438  1
3797500 2746500  7 26  1  20.4 1012  43  2.0 2  9.2  61    0    0 339 -434  1
3797500 2746500  7 26  2  18.8 1012  48  1.9 2  9.4  66    0    0 334 -430  1
3797500 2746500  7 26  3  18.2 1012  50  1.7 2  9.4  70    0    0 331 -428  1
3797500 2746500  7 26  4  18.0 1012  54  1.6 3  9.3  71    0    0 336 -427  1
3797500 2746500  7 26  5  16.8 1012  62  1.2 3  9.2  74    0    0 338 -425  1
3797500 2746500  7 26  6  17.9 1012  69  1.2 4  9.3  75    0    8 342 -424  1
3797500 2746500  7 26  7  19.2 1012  69  1.2 6  9.6  72    5   85 358 -424  1
3797500 2746500  7 26  8  20.6 1012  70  1.2 5  9.9  68   94  168 367 -429  1
3797500 2746500  7 26  9  22.5 1012  53  1.8 5 10.1  63  208  211 369 -438  1
3797500 2746500  7 26 10  24.5 1012  70  2.5 5 10.2  56  373  210 378 -449  1
3797500 2746500  7 26 11  25.4 1011  82  2.6 5  9.8  49  469  223 384 -456  1
3797500 2746500  7 26 12  26.1 1011  87  2.2 5  9.2  44  550  218 389 -467  1
3797500 2746500  7 26 13  26.7 1011  94  1.5 5  8.9  41  473  275 393 -483  1
3797500 2746500  7 26 14  27.7 1011  84  2.3 5  8.5  38  388  304 396 -490  1
3797500 2746500  7 26 15  27.5 1011  81  1.7 5  8.2  36  327  293 395 -491  1
3797500 2746500  7 26 16  27.9 1010  41  2.0 6  8.1  35  181  284 398 -493  1
3797500 2746500  7 26 17  28.1 1010  88  2.2 6  8.4  35  148  226 401 -492  1
3797500 2746500  7 26 18  27.7 1010  77  2.0 4  8.4  36  200  130 391 -487  1
3797500 2746500  7 26 19  27.4 1010  61  1.4 4  8.2  35  120   80 381 -481  1
3797500 2746500  7 26 20  25.6 1009  29  1.5 4  8.4  39   38   41 377 -471  1
3797500 2746500  7 26 21  23.5 1010  22  1.0 4  8.5  44    1    6 371 -463  1
3797500 2746500  7 26 22  23.2 1010  34  1.3 1  8.2  46    0    0 359 -455  1
3797500 2746500  7 26 23  20.3 1010  92  1.6 1  8.5  52    0    0 346 -450  1
3797500 2746500  7 26 24  20.4 1010  91  1.1 3  8.9  59    0    0 347 -446  1
3797500 2746500  7 27  1  21.0 1010  70  1.5 3  8.9  58    0    0 352 -442  1
3797500 2746500  7 27  2  20.8 1010  37  2.1 3  8.9  57    0    0 352 -438  1
3797500 2746500  7 27  3  18.0 1010  50  0.7 3  8.9  63    0    0 347 -436  1
3797500 2746500  7 27  4  18.0 1010  91  1.1 3  9.2  71    0    0 343 -433  1
3797500 2746500  7 27  5  17.7 1010 125  0.8 4  9.2  71    0    0 345 -430  1
3797500 2746500  7 27  6  18.6 1010  95  1.0 3  9.2  70    3   33 345 -428  1
3797500 2746500  7 27  7  19.9 1010 135  0.7 1  9.5  68   48  104 338 -430  1
3797500 2746500  7 27  8  23.4 1010 116  1.2 0  9.6  59  147  163 336 -437  1
3797500 2746500  7 27  9  24.8 1010 188  1.1 0 10.0  53  278  198 344 -448  1
3797500 2746500  7 27 10  26.4 1010 129  1.3 1 10.3  50  412  213 355 -460  1
3797500 2746500  7 27 11  27.9 1010  88  1.2 1  9.1  40  508  227 364 -469  1
3797500 2746500  7 27 12  28.5 1010 176  1.5 1  8.5  35  595  221 369 -469  1
3797500 2746500  7 27 13  29.1 1010  50  1.1 1  8.5  34  630  215 374 -480  1
3797500 2746500  7 27 14  29.9 1010  19  1.5 1  8.6  33  592  222 377 -496  1
3797500 2746500  7 27 15  30.3 1009 183  1.5 1  8.9  33  444  263 380 -503  1
3797500 2746500  7 27 16  31.0 1009  23  0.8 2  8.2  30  242  290 380 -509  1
3797500 2746500  7 27 17  30.7 1009 287  0.8 4  8.0  29  158  240 385 -510  1
3797500 2746500  7 27 18  30.7 1009  57  0.8 4  8.7  31  128  170 389 -503  1
3797500 2746500  7 27 19  29.4 1008  81  0.9 3  9.4  35   91   98 385 -493  1
3797500 2746500  7 27 20  28.5 1009  49  1.2 5  9.7  38   19   41 385 -482  1
3797500 2746500  7 27 21  26.8 1009  62  1.1 4  9.7  42    0    5 386 -472  1
3797500 2746500  7 27 22  26.0 1009  95  1.8 3 10.0  46    0    0 379 -461  1
3797500 2746500  7 27 23  25.5 1010  98  1.5 3 10.4  50    0    0 378 -453  1
3797500 2746500  7 27 24  24.0 1010 258  1.7 4 10.8  55    0    0 378 -447  1
3797500 2746500  7 28  1  24.4 1010 331  1.8 7 11.1  58    0    0 384 -441  1
3797500 2746500  7 28  2  23.4 1010  11  2.9 7 11.5  62    0    0 390 -436  1
3797500 2746500  7 28  3  22.6 1010  14  3.4 4 11.8  67    0    0 381 -434  1
3797500 2746500  7 28  4  21.8 1010  64  1.8 4 11.8  70    0    0 372 -434  1
3797500 2746500  7 28  5  21.1 1010  57  1.4 5 11.7  72    0    0 373 -434  1
3797500 2746500  7 28  6  20.9 1011  62  1.3 5 11.6  74    0   14 371 -433  1
3797500 2746500  7 28  7  21.4 1011  49  2.0 5 11.7  74   23  100 369 -436  1
3797500 2746500  7 28  8  22.5 1011  72  1.8 3 12.0  72  134  168 365 -443  1
3797500 2746500  7 28  9  23.4 1012  72  2.2 2 12.1  68  252  210 359 -453  1
3797500 2746500  7 28 10  24.8 1012  25  2.1 3 12.0  64  331  253 363 -467  1
3797500 2746500  7 28 11  25.5 1012 352  2.4 4 11.7  58  354  306 373 -483  1
3797500 2746500  7 28 12  26.8 1012 359  3.0 4 11.6  54  418  317 383 -500  1
3797500 2746500  7 28 13  26.9 1012 352  3.2 4 11.8  53  452  314 389 -516  1
3797500 2746500  7 28 14  28.0 1012 319  2.7 4 11.7  51  464  294 393 -528  1
3797500 2746500  7 28 15  28.2 1012 333  3.6 4 11.5  48  289  331 396 -534  1
3797500 2746500  7 28 16  27.5 1012 344  2.5 3 11.4  48  194  302 391 -532  1
3797500 2746500  7 28 17  27.4 1012 341  3.6 2 11.6  50  184  235 382 -526  1
3797500 2746500  7 28 18  27.4 1012 331  3.8 2 11.9  52  119  171 376 -514  1
3797500 2746500  7 28 19  26.6 1012 332  3.1 1 11.7  52   67  103 370 -500  1
3797500 2746500  7 28 20  25.4 1013 350  2.9 2 11.6  55   22   41 366 -488  1
3797500 2746500  7 28 21  24.0 1013 250  2.6 1 11.7  60    0    4 362 -464  1
3797500 2746500  7 28 22  22.5 1014 243  2.7 3 11.5  64    0    0 360 -443  1
3797500 2746500  7 28 23  21.7 1015 335  2.1 3 11.3  68    0    0 364 -438  1
3797500 2746500  7 28 24  20.3 1015 350  2.2 2 11.4  73    0    0 359 -433  1
3797500 2746500  7 29  1  19.6 1015 359  1.3 2 11.4  78    0    0 354 -429  1
3797500 2746500  7 29  2  19.8 1015 344  1.6 2 11.3  78    0    0 354 -427  1
3797500 2746500  7 29  3  19.0 1015  61  1.3 2 11.0  78    0    0 354 -426  1
3797500 2746500  7 29  4  18.5 1015 327  1.5 4 11.0  81    0    0 358 -425  1
3797500 2746500  7 29  5  17.8 1016 360  1.6 5 10.9  83    0    0 363 -424  1
3797500 2746500  7 29  6  17.7 1016   0  1.6 4 10.6  84    2   30 360 -423  1
3797500 2746500  7 29  7  17.9 1016   3  1.5 5 10.8  85   10   94 359 -424  1
3797500 2746500  7 29  8  19.1 1016 333  1.8 7 11.1  84   11  154 373 -427  1
3797500 2746500  7 29  9  19.2 1017 328  1.8 8 11.1  80   16  221 386 -434  1
3797500 2746500  7 29 10  20.2 1017 348  1.9 7 10.9  76   70  307 388 -441  1
3797500 2746500  7 29 11  21.1 1017 339  2.5 7 10.4  68  121  363 388 -455  1
3797500 2746500  7 29 12  23.0 1017 358  2.6 4  9.7  59  352  345 385 -476  1
3797500 2746500  7 29 13  24.0 1017   4  2.1 2  9.0  50  608  226 377 -492  1
3797500 2746500  7 29 14  25.4 1016 293  2.2 2  8.3  43  581  227 378 -503  1
3797500 2746500  7 29 15  25.9 1016 279  2.5 2  8.1  39  534  210 380 -508  1
3797500 2746500  7 29 16  25.6 1015 358  2.6 2  7.8  38  474  177 379 -510  1
3797500 2746500  7 29 17  26.7 1015   0  2.4 2  7.8  37  362  154 379 -504  1
3797500 2746500  7 29 18  26.8 1015 355  3.1 3  8.1  37  124  170 381 -493  1
3797500 2746500  7 29 19  26.0 1015 327  2.6 2  8.1  38   86   99 378 -484  1
3797500 2746500  7 29 20  24.6 1015 273  2.0 2  8.3  42   32   45 371 -472  1
3797500 2746500  7 29 21  23.4 1015 257  1.4 2  8.5  46    0    6 366 -458  1
3797500 2746500  7 29 22  22.3 1016 252  1.0 1  8.7  50    0    0 357 -451  1
3797500 2746500  7 29 23  21.1 1016 234  0.9 2  9.1  55    0    0 353 -447  1
3797500 2746500  7 29 24  20.3 1016 241  1.3 4  9.6  62    0    0 351 -442  1
3797500 2746500  7 30  1  19.4 1003 210  1.9 5 10.2  69    0    0 358 -414  1
3797500 2746500  7 30  2  18.7 1004 192  2.5 6 10.6  75    0    0 355 -413  1
3797500 2746500  7 30  3  18.1 1004 206  2.8 7 10.8  80    0    0 353 -409  1
3797500 2746500  7 30  4  17.7 1005 219  3.1 7 10.6  81    0    0 347 -405  1
3797500 2746500  7 30  5  17.6 1006 220  3.3 7 10.1  78    0    0 343 -400  1
3797500 2746500  7 30  6  17.1 1006 227  3.9 7  9.6  78    0   17 339 -396  1
3797500 2746500  7 30  7  17.3 1007 239  5.1 6  9.3  75    8   80 336 -394  1
3797500 2746500  7 30  8  17.9 1008 240  5.4 4  8.9  70  143  137 329 -398  1
3797500 2746500  7 30  9  17.8 1009 239  5.9 5  8.6  67  210  186 328 -406  1
3797500 2746500  7 30 10  18.5 1010 240  5.9 5  8.3  63  230  245 332 -416  1
3797500 2746500  7 30 11  19.4 1011 240  5.7 5  8.0  58  228  295 334 -428  1
3797500 2746500  7 30 12  19.9 1012 249  5.5 3  7.8  54  483  217 331 -439  1
3797500 2746500  7 30 13  20.4 1013 248  5.9 4  7.4  50  424  259 329 -446  1
3797500 2746500  7 30 14  20.1 1013 240  4.7 5  7.2  48  203  309 333 -450  1
3797500 2746500  7 30 15  22.0 1013 225  2.1 3  7.1  46  383  207 333 -450  1
3797500 2746500  7 30 16  20.7 1013 250  3.4 5  7.0  44   92  250 334 -450  1
3797500 2746500  7 30 17  20.5 1013 251  2.6 5  7.0  46   59  202 337 -445  1
3797500 2746500  7 30 18  18.7 1013 289  2.1 6  7.5  53   31  144 338 -437  1
3797500 2746500  7 30 19  19.9 1014 237  3.1 6  7.4  53   37   88 341 -429  1
3797500 2746500  7 30 20  18.4 1014 257  1.9 4  7.0  50   17   33 333 -418  1
3797500 2746500  7 30 21  17.2 1014 298  3.2 4  6.5  51    0    0 319 -407  1
3797500 2746500  7 30 22  16.0 1016 262  2.3 5  6.5  55    0    0 316 -400  1
3797500 2746500  7 30 23  15.1 1016 255  2.1 5  6.7  61    0    0 314 -394  1
3797500 2746500  7 30 24  13.7 1017 235  1.6 3  6.8  66    0    0 301 -388  1
3797500 2746500  7 31  1  12.9 1017 206  1.0 1  6.9  73    0    0 284 -384  1
3797500 2746500  7 31  2  12.9 1017 234  1.3 1  7.1  77    0    0 277 -380  1
3797500 2746500  7 31  3  12.9 1017 234  1.5 1  7.3  79    0    0 277 -378  1
3797500 2746500  7 31  4  12.5 1018 223  1.6 1  7.3  80    0    0 276 -375  1
3797500 2746500  7 31  5  12.2 1018 193  0.9 1  7.1  80    0    0 274 -373  1
3797500 2746500  7 31  6  12.6 1018 211  1.2 3  7.2  81    0   24 281 -371  1
3797500 2746500  7 31  7  13.7 1018 194  0.9 3  7.5  80   20  100 288 -373  1
3797500 2746500  7 31  8  15.7 1018 196  1.2 4  7.6  73   66  182 296 -381  1
3797500 2746500  7 31  9  16.2 1018 205  1.6 6  7.8  69   52  242 309 -395  1
3797500 2746500  7 31 10  16.7 1018 154  1.7 7  7.7  66   25  258 322 -412  1
3797500 2746500  7 31 11  17.2 1018 164  1.8 8  7.6  63    9  251 331 -429  1
3797500 2746500  7 31 12  17.5 1018 216  1.4 6  7.3  60  163  394 331 -445  1
3797500 2746500  7 31 13  18.6 1017 137  1.3 5  6.3  49  299  394 324 -458  1
3797500 2746500  7 31 14  20.2 1016  83  1.4 5  5.6  40  450  304 325 -466  1
3797500 2746500  7 31 15  20.1 1016 338  0.6 5  5.8  40  472  260 329 -472  1
3797500 2746500  7 31 16  20.9 1015  64  1.2 4  5.9  39  465  208 326 -476  1
3797500 2746500  7 31 17  21.2 1015  73  2.5 3  5.9  38  327  192 320 -471  1
3797500 2746500  7 31 18  21.2 1014 104  1.4 5  6.0  38  152  171 323 -459  1
3797500 2746500  7 31 19  21.2 1014  97  1.8 4  6.2  40   74  108 325 -446  1
3797500 2746500  7 31 20  20.3 1014  75  1.2 3  6.6  43   13   39 315 -434  1
3797500 2746500  7 31 21  18.6 1014  84  1.3 2  6.8  48    0    0 303 -421  1
3797500 2746500  7 31 22  18.3 1013  95  2.1 2  6.9  52    0    0 297 -411  1
3797500 2746500  7 31 23  17.7 1013  98  1.9 2  6.9  54    0    0 299 -405  1
3797500 2746500  7 31 24  17.0 1013  94  1.3 2  6.9  56    0    0 299 -401  1
3797500 2746500  8  1  1  15.3 1012  78  1.7 1  7.2  66    0    0 290 -400  1
3797500 2746500  8  1  2  14.8 1012  79  2.3 2  7.1  66    0    0 292 -397  1
3797500 2746500  8  1  3  14.9 1011  85  1.9 2  7.0  66    0    0 296 -392  1
3797500 2746500  8  1  4  14.9 1011 113  2.0 2  6.7  64    0    0 297 -388  1
3797500 2746500  8  1  5  15.3 1010 127  1.6 3  6.5  61    0    0 301 -388  1
3797500 2746500  8  1  6  16.0 1010 103  2.0 5  6.7  60    0   21 315 -390  1
3797500 2746500  8  1  7  17.0 1010  66  2.1 7  7.0  60   15   87 333 -395  1
3797500 2746500  8  1  8  19.0 1009  36  1.9 7  7.3  57   48  171 347 -404  1
3797500 2746500  8  1  9  20.9 1009  36  1.0 7  7.8  53  102  247 355 -419  1
3797500 2746500  8  1 10  22.8 1008 159  3.0 5  7.7  47  306  265 355 -436  1
3797500 2746500  8  1 11  23.1 1007 150  3.2 5  7.3  41  379  297 352 -456  1
3797500 2746500  8  1 12  25.1 1007 161  3.6 4  7.7  41  333  355 357 -476  1
3797500 2746500  8  1 13  24.7 1006 170  2.7 4  8.3  42  262  391 359 -492  1
3797500 2746500  8  1 14  25.6 1005 154  3.8 5  8.5  42  172  392 363 -501  1
3797500 2746500  8  1 15  25.1 1005 159  3.6 8  8.8  43    0  207 373 -505  1
3797500 2746500  8  1 16  25.1 1004 163  3.5 8  8.9  44    1  187 376 -503  1
3797500 2746500  8  1 17  25.1 1004 154  3.6 7  9.0  45   81  238 372 -498  1
3797500 2746500  8  1 18  25.8 1003  61  3.2 5  9.3  45  137  155 366 -489  1
3797500 2746500  8  1 19  24.8 1002 116  3.0 4  9.5  46   98   92 359 -479  1
3797500 2746500  8  1 20  24.1 1002 111  1.4 4  9.8  50    5   20 355 -464  1
3797500 2746500  8  1 21  22.8 1002  94  1.3 4 10.1  55    0    0 353 -449  1
3797500 2746500  8  1 22  22.6 1002 169  2.0 3 10.1  58    0    0 349 -439  1
3797500 2746500  8  1 23  21.6 1002 142  1.8 3  9.9  59    0    0 347 -433  1
3797500 2746500  8  1 24  21.1 1002 131  2.3 4 10.0  62    0    0 348 -431  1
3797500 2746500  8  2  1  21.4 1001 139  1.7 6 10.0  63    0    0 356 -427  1
3797500 2746500  8  2  2  21.9 1001 178  2.3 7  9.7  59    0    0 365 -421  1
3797500 2746500  8  2  3  21.1 1000 203  1.6 7  9.7  59    0    0 366 -417  1
3797500 2746500  8  2  4  20.0 1001 219  1.1 7 10.1  65    0    0 366 -414  1
3797500 2746500  8  2  5  19.3 1000 199  0.7 8 10.1  69    0    0 367 -410  1
3797500 2746500  8  2  6  19.3 1000 274  1.3 7 10.0  70    0    7 369 -409  1
3797500 2746500  8  2  7  18.5 1000 306  1.1 7 10.6  76    0   18 368 -410  1
3797500 2746500  8  2  8  18.2 1000 250  1.4 8 11.1  83    0   35 369 -416  1
3797500 2746500  8  2  9  16.6 1000 277  2.5 7 10.9  86    0   95 367 -427  1
3797500 2746500  8  2 10  17.1 1002 258  2.1 6 10.8  89    7  219 363 -439  1
3797500 2746500  8  2 11  18.0 1002 231  2.0 7 11.0  87    8  249 367 -452  1
3797500 2746500  8  2 12  19.2 1002 220  2.5 6 11.3  83   10  272 373 -462  1
3797500 2746500  8  2 13  19.0 1003 211  2.6 7 11.4  81    0  158 377 -469  1
3797500 2746500  8  2 14  17.6 1003 241  3.0 7 11.3  84    0  145 378 -475  1
3797500 2746500  8  2 15  18.0 1004 240  2.8 6 11.2  87    0  122 376 -472  1
3797500 2746500  8  2 16  17.5 1005 279  3.1 6 11.0  85    0  108 373 -461  1
3797500 2746500  8  2 17  16.7 1005 332  3.5 6 10.3  84    0   81 370 -448  1
3797500 2746500  8  2 18  17.4 1006 350  3.3 7  9.8  80    0   48 372 -439  1
3797500 2746500  8  2 19  18.0 1007 326  2.1 6  9.5  75   27   77 373 -433  1
3797500 2746500  8  2 20  17.2 1007 277  1.0 5  9.3  73   23   22 365 -427  1
3797500 2746500  8  2 21  15.2 1008 336  0.6 3  9.2  79    0    0 346 -421  1
3797500 2746500  8  2 22  15.6 1008 259  0.7 2  9.1  83    0    0 329 -416  1
3797500 2746500  8  2 23  15.7 1009 252  0.8 3  9.1  81    0    0 327 -411  1
3797500 2746500  8  2 24  15.3 1009 253  0.7 4  8.9  80    0    0 331 -408  1
3797500 2746500  8  3  1  14.1 1009 261  0.9 3  8.7  82    0    0 327 -407  1
3797500 2746500  8  3  2  13.3 1009 242  1.4 1  8.3  84    0    0 304 -406  1
3797500 2746500  8  3  3  12.8 1009 340  0.3 2  8.0  85    0    0 289 -405  1
3797500 2746500  8  3  4  12.9 1009 222  0.5 3  8.0  86    0    0 290 -404  1
3797500 2746500  8  3  5  13.5 1009 204  0.7 5  8.2  86    0    0 308 -403  1
3797500 2746500  8  3  6  13.2 1009 164  0.4 5  8.4  88    0   14 322 -401  1
3797500 2746500  8  3  7  14.8 1010 176  0.7 5  8.8  87   13   77 322 -401  1
3797500 2746500  8  3  8  16.5 1010 120  1.2 4  9.2  82  142  128 321 -405  1
3797500 2746500  8  3  9  18.2 1010 121  1.1 3  8.7  70  276  146 315 -412  1
3797500 2746500  8  3 10  18.6 1010 180  1.0 3  7.9  60  315  201 317 -423  1
3797500 2746500  8  3 11  19.7 1010 218  1.6 2  7.6  55  468  177 320 -438  1
3797500 2746500  8  3 12  20.3 1010 338  1.4 2  7.2  49  470  214 324 -451  1
3797500 2746500  8  3 13  20.3 1010 149  2.0 4  6.7  45  155  348 338 -461  1
3797500 2746500  8  3 14  20.3 1010 351  1.6 4  6.7  45  110  334 350 -467  1
3797500 2746500  8  3 15  19.6 1010 343  2.3 7  7.0  48    2  207 364 -471  1
3797500 2746500  8  3 16  20.2 1010 343  1.2 6  7.0  48    7  204 372 -470  1
3797500 2746500  8  3 17  21.1 1010 176  1.1 3  6.8  44  292  130 356 -466  1
3797500 2746500  8  3 18  21.6 1010  46  1.2 3  6.7  42  164  110 344 -461  1
3797500 2746500  8  3 19  21.1 1010 244  0.9 2  6.9  43   72   70 340 -451  1
3797500 2746500  8  3 20  18.9 1010 176  1.8 2  7.4  50   21   20 333 -438  1
3797500 2746500  8  3 21  18.2 1011 183  1.6 0  7.7  58    0    0 320 -426  1
3797500 2746500  8  3 22  17.3 1011 205  1.3 0  7.7  60    0    0 309 -418  1
3797500 2746500  8  3 23  16.8 1012 188  1.0 0  7.6  62    0    0 305 -411  1
3797500 2746500  8  3 24  15.9 1012 187  0.9 0  7.4  64    0    0 302 -404  1
3797500 2746500  8  4  1  15.4 1012 177  1.1 0  7.4  66    0    0 298 -397  1
3797500 2746500  8  4  2  14.6 1013 178  0.9 0  7.4  69    0    0 296 -392  1
3797500 2746500  8  4  3  14.3 1013 186  1.0 0  7.5  73    0    0 294 -388  1
3797500 2746500  8  4  4  13.8 1013 207  1.2 0  7.6  76    0    0 292 -385  1
3797500 2746500  8  4  5  14.3 1013 198  1.3 0  7.7  77    0    0 292 -381  1
3797500 2746500  8  4  6  14.6 1014 200  1.5 0  7.9  77   11   26 293 -379  1
3797500 2746500  8  4  7  16.3 1014 179  1.2 1  8.3  76   79   78 301 -381  1
3797500 2746500  8  4  8  18.5 1014 175  0.6 0  8.8  71  199  114 307 -392  1
3797500 2746500  8  4  9  20.2 1014 188  1.1 0  8.7  62  343  130 308 -409  1
3797500 2746500  8  4 10  21.5 1014 260  1.1 0  7.8  50  470  143 313 -429  1
3797500 2746500  8  4 11  22.1 1014 181  1.1 0  6.9  43  568  152 317 -448  1
3797500 2746500  8  4 12  22.0 1015 332  1.6 1  6.3  38  583  188 324 -465  1
3797500 2746500  8  4 13  23.0 1014 219  1.3 1  5.9  35  650  160 333 -478  1
3797500 2746500  8  4 14  23.4 1014 313  1.0 2  5.7  32  661  138 342 -485  1
3797500 2746500  8  4 15  23.9 1014 352  1.1 1  5.8  32  598  134 346 -487  1
3797500 2746500  8  4 16  24.5 1014 161  0.3 1  6.0  32  520  116 344 -487  1
3797500 2746500  8  4 17  24.5 1014  92  1.1 1  5.7  30  397  107 346 -486  1
3797500 2746500  8  4 18  24.7 1014  62  1.4 0  5.8  30  259   93 341 -480  1
3797500 2746500  8  4 19  24.4 1013 178  0.7 1  6.2  32  121   72 342 -469  1
3797500 2746500  8  4 20  22.8 1013  71  1.4 1  6.6  36   20   23 345 -456  1
3797500 2746500  8  4 21  21.2 1014  97  1.8 1  6.9  42    0    0 340 -443  1
3797500 2746500  8  4 22  20.0 1014 109  1.6 1  7.2  48    0    0 336 -431  1
3797500 2746500  8  4 23  19.3 1015  90  2.3 0  7.3  51    0    0 328 -424  1
3797500 2746500  8  4 24  18.8 1015  63  2.4 0  7.4  54    0    0 322 -418  1
3797500 2746500  8  5  1  18.4 1015 104  2.2 0  7.3  55    0    0 321 -413  1
3797500 2746500  8  5  2  18.2 1015 114  1.7 0  7.3  56    0    0 319 -410  1
3797500 2746500  8  5  3  17.3 1015 119  1.8 0  7.4  58    0    0 317 -407  1
3797500 2746500  8  5  4  17.2 1015 111  2.0 0  7.4  60    0    0 316 -405  1
3797500 2746500  8  5  5  17.8 1015 108  1.6 0  7.4  59    0    0 315 -403  1
3797500 2746500  8  5  6  16.6 1015 111  1.6 0  7.4  60   11   28 313 -402  1
3797500 2746500  8  5  7  19.7 1015 109  1.1 1  7.7  59   88   77 318 -403  1
3797500 2746500  8  5  8  20.3 1015 146  1.2 0  7.8  54  208  113 322 -413  1
3797500 2746500  8  5  9  22.5 1015 173  1.9 1  7.8  49  344  135 328 -430  1
3797500 2746500  8  5 10  24.2 1015 176  1.9 1  7.4  42  465  153 340 -450  1
3797500 2746500  8  5 11  25.5 1015 199  2.2 1  6.8  35  557  167 348 -470  1
3797500 2746500  8  5 12  26.0 1014 130  2.3 1  6.6  32  675  141 354 -488  1
3797500 2746500  8  5 13  26.6 1014  47  2.1 1  6.7  32  718  131 359 -502  1
3797500 2746500  8  5 14  26.7 1014  57  2.1 1  6.5  30  690  134 362 -513  1
3797500 2746500  8  5 15  27.8 1013  86  2.1 1  6.5  29  610  139 365 -519  1
3797500 2746500  8  5 16  27.5 1013 112  1.8 1  6.6  29  479  145 369 -512  1
3797500 2746500  8  5 17  28.0 1013 109  2.4 2  6.6  29  318  150 371 -503  1
3797500 2746500  8  5 18  28.2 1013  91  2.6 2  6.7  28  231  108 373 -495  1
3797500 2746500  8  5 19  27.4 1012  90  2.0 2  7.0  30  111   77 372 -482  1
3797500 2746500  8  5 20  25.9 1012  81  2.0 2  7.6  35   18   24 369 -469  1
3797500 2746500  8  5 21  24.7 1013  80  1.9 2  7.7  38    0    0 364 -456  1
3797500 2746500  8  5 22  23.9 1013  91  1.8 3  7.7  40    0    0 362 -446  1
3797500 2746500  8  5 23  23.4 1013  90  1.6 5  7.9  43    0    0 368 -438  1
3797500 2746500  8  5 24  22.3 1013 124  1.4 6  8.2  47    0    0 374 -431  1
3797500 2746500  8  6  1  20.7 1013 118  1.2 6  8.6  53    0    0 374 -426  1
3797500 2746500  8  6  2  20.1 1013 120  1.0 4  8.7  58    0    0 364 -422  1
3797500 2746500  8  6  3  19.0 1013 120  1.2 2  8.5  60    0    0 349 -418  1
3797500 2746500  8  6  4  18.4 1013 106  1.5 2  8.3  62    0    0 340 -415  1
3797500 2746500  8  6  5  17.5 1013 122  1.4 1  8.3  65    0    0 334 -412  1
3797500 2746500  8  6  6  18.9 1013 112  1.4 0  8.3  63   10   27 327 -409  1
3797500 2746500  8  6  7  20.8 1014 113  1.2 1  8.5  59   65   85 330 -411  1
3797500 2746500  8  6  8  23.2 1013 128  1.4 1  8.9  54  161  138 338 -419  1
3797500 2746500  8  6  9  24.8 1013 114  1.8 2  9.2  49  292  167 348 -436  1
3797500 2746500  8  6 10  26.0 1013 110  1.4 2  9.1  45  411  188 357 -457  1
3797500 2746500  8  6 11  26.0 1013 103  2.1 2  8.2  39  513  196 358 -478  1
3797500 2746500  8  6 12  27.6 1013 146  2.1 4  7.7  35  571  205 368 -495  1
3797500 2746500  8  6 13  27.8 1013 131  2.9 3  7.7  33  506  256 376 -507  1
3797500 2746500  8  6 14  28.2 1012  97  3.0 2  7.6  32  529  227 372 -513  1
3797500 2746500  8  6 15  28.8 1012 114  2.8 2  7.5  31  571  160 371 -515  1
3797500 2746500  8  6 16  28.9 1011 120  2.3 1  7.6  31  479  146 368 -513  1
3797500 2746500  8  6 17  29.3 1011 113  2.6 0  7.8  31  361  130 363 -509  1
3797500 2746500  8  6 18  29.4 1011  99  2.5 0  8.1  32  235  107 359 -502  1
3797500 2746500  8  6 19  29.1 1010 101  1.9 0  8.4  33  106   78 359 -491  1
3797500 2746500  8  6 20  27.7 1010  99  1.5 0  8.8  36   17   23 356 -480  1
3797500 2746500  8  6 21  26.8 1010  83  1.4 0  9.1  40    0    0 354 -468  1
3797500 2746500  8  6 22  24.7 1011  95  0.4 1  9.4  45    0    0 353 -458  1
3797500 2746500  8  6 23  23.9 1011 116  1.0 1  9.7  51    0    0 353 -451  1
3797500 2746500  8  6 24  23.2 1011 101  1.5 0  9.9  54    0    0 350 -447  1
3797500 2746500  8  7  1  23.6 1011  93  2.1 1  9.8  54    0    0 348 -443  1
3797500 2746500  8  7  2  23.5 1010 107  2.8 1  9.5  52    0    0 350 -441  1
3797500 2746500  8  7  3  22.4 1010 126  1.6 2  9.4  53    0    0 349 -440  1
3797500 2746500  8  7  4  21.6 1010 133  1.9 2  9.4  57    0    0 348 -437  1
3797500 2746500  8  7  5  21.6 1010 122  0.9 1  9.3  58    0    0 344 -433  1
3797500 2746500  8  7  6  20.4 1010 114  1.3 1  9.3  59    6   26 339 -429  1
3797500 2746500  8  7  7  23.4 1010 117  1.9 1  9.7  58   61   87 342 -429  1
3797500 2746500  8  7  8  25.2 1010 167  2.3 1 10.2  53  160  140 350 -437  1
3797500 2746500  8  7  9  26.7 1010 146  2.8 2 10.3  49  249  191 359 -450  1
3797500 2746500  8  7 10  28.1 1010 159  2.5 2 10.3  45  353  224 369 -466  1
3797500 2746500  8  7 11  28.7 1010 166  2.9 2 10.2  42  437  247 374 -484  1
3797500 2746500  8  7 12  29.2 1010 145  3.8 3  9.7  39  410  302 380 -500  1
3797500 2746500  8  7 13  29.5 1009 124  3.9 3  8.7  34  392  324 385 -506  1
3797500 2746500  8  7 14  30.4 1009 159  3.0 2  7.9  30  461  274 387 -509  1
3797500 2746500  8  7 15  30.3 1009 154  2.4 4  7.5  28  378  274 391 -515  1
3797500 2746500  8  7 16  30.5 1009 188  1.7 5  7.5  28  356  218 396 -517  1
3797500 2746500  8  7 17  30.5 1009 224  1.5 4  7.6  28  284  172 396 -509  1
3797500 2746500  8  7 18  29.0 1008  84  0.5 3  8.0  30   68  156 392 -500  1
3797500 2746500  8  7 19  27.9 1008 292  1.6 5  9.5  39    0   59 392 -488  1
3797500 2746500  8  7 20  26.0 1009 316  1.4 6 11.4  51    3   19 394 -474  1
3797500 2746500  8  7 21  24.5 1010 259  2.0 6 12.3  60    0    0 390 -462  1
3797500 2746500  8  7 22  23.8 1010 252  1.5 7 12.5  66    0    0 388 -451  1
3797500 2746500  8  7 23  23.2 1011 291  1.2 7 12.4  68    0    0 388 -443  1
3797500 2746500  8  7 24  22.3 1011 249  1.5 7 12.4  71    0    0 386 -437  1
3797500 2746500  8  8  1  21.5 1011 276  1.5 7 12.5  76    0    0 384 -431  1
3797500 2746500  8  8  2  21.0 1012 314  1.8 8 12.6  79    0    0 384 -427  1
3797500 2746500  8  8  3  20.6 1012 337  2.1 7 12.5  81    0    0 383 -423  1
3797500 2746500  8  8  4  20.3 1012 328  2.3 7 12.2  80    0    0 380 -420  1
3797500 2746500  8  8  5  19.9 1011 323  1.1 6 11.9  80    0    0 375 -417  1
3797500 2746500  8  8  6  19.6 1012 281  1.1 7 11.7  81    0    2 373 -414  1
3797500 2746500  8  8  7  19.4 1012 306  1.6 7 11.5  81    0   22 375 -412  1
3797500 2746500  8  8  8  19.0 1012 328  2.1 8 11.4  82    0   64 377 -412  1
3797500 2746500  8  8  9  18.9 1012 329  2.2 7 11.3  82    0  140 376 -412  1
3797500 2746500  8  8 10  19.3 1013 345  2.3 7 11.1  80    0  162 372 -415  1
3797500 2746500  8  8 11  19.5 1013 325  1.8 7 10.9  77    0  160 374 -420  1
3797500 2746500  8  8 12  19.3 1013 333  2.0 7 10.8  76    0  141 375 -426  1
3797500 2746500  8  8 13  19.4 1013 299  1.9 7 10.6  75    0  134 377 -430  1
3797500 2746500  8  8 14  18.8 1013 292  1.7 7 10.7  77    0  122 377 -432  1
3797500 2746500  8  8 15  19.2 1013 292  1.5 7 11.0  79    0  109 379 -437  1
3797500 2746500  8  8 16  19.1 1013  85  1.4 7 11.0  79    0  107 382 -438  1
3797500 2746500  8  8 17  19.1 1013 353  1.9 8 11.0  79    0   84 388 -431  1
3797500 2746500  8  8 18  20.0 1013   8  1.2 8 10.9  76    0   35 395 -428  1
3797500 2746500  8  8 19  20.4 1012 358  1.0 7 11.0  74    0   18 393 -426  1
3797500 2746500  8  8 20  19.8 1012 334  0.7 8 11.0  74    0    3 393 -421  1
3797500 2746500  8  8 21  19.5 1012 338  0.8 8 11.1  77    0    0 398 -418  1
3797500 2746500  8  8 22  19.3 1013 327  1.1 7 11.3  79    0    0 392 -416  1
3797500 2746500  8  8 23  19.0 1013 345  1.6 7 11.3  81    0    0 387 -414  1
3797500 2746500  8  8 24  18.9 1013   5  2.0 7 11.2  81    0    0 388 -412  1
3797500 2746500  8  9  1  18.7 1013  22  1.3 7 11.3  83    0    0 387 -409  1
3797500 2746500  8  9  2  18.6 1013  35  1.2 7 11.4  85    0    0 387 -407  1
3797500 2746500  8  9  3  18.5 1012 349  0.9 6 11.4  85    0    0 382 -405  1
3797500 2746500  8  9  4  18.4 1012 356  1.2 5 11.4  86    0    0 369 -403  1
3797500 2746500  8  9  5  18.2 1012 355  0.9 6 11.4  86    0    0 368 -401  1
3797500 2746500  8  9  6  18.2 1012 359  1.4 7 11.4  86    0    3 376 -398  1
3797500 2746500  8  9  7  18.2 1012  10  1.6 7 11.4  87    0   28 378 -396  1
3797500 2746500  8  9  8  18.2 1012  10  1.6 7 11.4  87    0   80 375 -396  1
3797500 2746500  8  9  9  18.5 1012 345  1.6 6 11.5  86    0  138 370 -398  1
3797500 2746500  8  9 10  18.6 1012 319  1.8 5 11.5  86    1  187 361 -399  1
3797500 2746500  8  9 11  19.2 1012 329  1.7 5 11.6  85   12  248 358 -404  1
3797500 2746500  8  9 12  20.5 1012 334  1.6 5 11.6  80   87  295 362 -412  1
3797500 2746500  8  9 13  20.2 1011 316  2.2 7 11.5  76   29  284 374 -423  1
3797500 2746500  8  9 14  21.2 1011 300  2.5 6 11.6  75   35  277 379 -430  1
3797500 2746500  8  9 15  21.8 1011 343  1.7 6 11.5  71   42  257 376 -436  1
3797500 2746500  8  9 16  21.8 1011 339  2.4 7 11.4  69   63  221 381 -442  1
3797500 2746500  8  9 17  22.1 1010 345  1.8 5 11.4  68   92  171 378 -445  1
3797500 2746500  8  9 18  22.4 1010 326  1.6 4 11.2  66   83  111 365 -442  1
3797500 2746500  8  9 19  21.6 1010  76  1.5 5 11.1  67   66   48 363 -436  1
3797500 2746500  8  9 20  20.7 1010 353  1.5 5 11.1  70    5   13 363 -427  1
3797500 2746500  8  9 21  19.7 1010  21  1.1 4 11.1  74    0    0 354 -418  1
3797500 2746500  8  9 22  19.5 1010  26  1.0 4 11.2  78    0    0 349 -413  1
3797500 2746500  8  9 23  19.0 1010  34  1.1 5 11.5  82    0    0 353 -405  1
3797500 2746500  8  9 24  19.4 1010 356  0.9 6 11.6  83    0    0 362 -396  1
3797500 2746500  8 10  1  18.6 1010 323  0.9 6 11.6  84    0    0 365 -390  1
3797500 2746500  8 10  2  18.0 1010   8  0.8 5 11.4  86    0    0 357 -384  1
3797500 2746500  8 10  3  17.5 1009 338  0.9 4 11.2  87    0    0 344 -381  1
3797500 2746500  8 10  4  17.4 1010 311  1.5 4 11.1  88    0    0 336 -378  1
3797500 2746500  8 10  5  16.9 1009 331  1.2 3 10.9  89    0    0 329 -377  1
3797500 2746500  8 10  6  16.7 1009  19  0.9 3 10.7  89    2   19 323 -376  1
3797500 2746500  8 10  7  17.3 1009 321  1.0 6 10.9  89   12   72 336 -380  1
3797500 2746500  8 10  8  17.6 1009 311  1.4 5 11.2  89    6  125 345 -389  1
3797500 2746500  8 10  9  17.0 1009 340  1.6 4 11.2  90   21  198 336 -402  1
3797500 2746500  8 10 10  18.7 1010 341  1.7 4 11.0  85   70  274 335 -415  1
3797500 2746500  8 10 11  19.8 1009 242  1.7 4 10.6  75  150  316 341 -430  1
3797500 2746500  8 10 12  21.0 1009 247  1.4 3 10.2  68  317  294 342 -437  1
3797500 2746500  8 10 13  22.2 1009 252  2.5 3  9.8  60  379  274 342 -432  1
3797500 2746500  8 10 14  22.6 1009 246  2.8 2  9.1  53  423  236 343 -424  1
3797500 2746500  8 10 15  23.7 1009 254  1.4 2  8.4  47  336  251 342 -417  1
3797500 2746500  8 10 16  23.7 1008 262  2.3 4  7.8  42  253  227 352 -410  1
3797500 2746500  8 10 17  23.5 1008 277  2.5 4  7.3  40  148  197 360 -406  1
3797500 2746500  8 10 18  23.7 1008 317  1.9 2  6.9  38  220   82 349 -403  1
3797500 2746500  8 10 19  23.4 1008 277  0.8 4  6.7  37   99   60 349 -400  1
3797500 2746500  8 10 20  21.4 1008 225  0.8 4  7.2  44    1   13 357 -399  1
3797500 2746500  8 10 21  20.2 1008 178  0.6 4  7.7  51    0    0 353 -397  1
3797500 2746500  8 10 22  19.3 1008 148  0.5 5  8.4  59    0    0 357 -396  1
3797500 2746500  8 10 23  19.7 1009 124  1.1 5  8.7  60    0    0 369 -396  1
3797500 2746500  8 10 24  20.8 1009 118  1.7 4  8.9  58    0    0 380 -394  1
3797500 2746500  8 11  1  22.4 1006 114  2.7 3  8.7  53    0    0 365 -454  1
3797500 2746500  8 11  2  23.5 1005 111  3.4 2  8.4  47    0    0 361 -452  1
3797500 2746500  8 11  3  24.2 1005 100  4.0 1  8.1  42    0    0 358 -448  1
3797500 2746500  8 11  4  23.8 1005 101  4.0 1  8.1  43    0    0 353 -445  1
3797500 2746500  8 11  5  23.8 1005  92  3.9 2  8.2  44    0    0 349 -444  1
3797500 2746500  8 11  6  22.8 1005  89  3.6 2  8.2  46    0   11 353 -443  1
3797500 2746500  8 11  7  23.6 1005  95  4.1 3  8.5  47   38   78 358 -443  1
3797500 2746500  8 11  8  24.7 1005 114  4.8 3  8.9  47  145  128 364 -445  1
3797500 2746500  8 11  9  26.4 1005  64  5.1 3  9.4  46  276  154 371 -449  1
3797500 2746500  8 11 10  27.2 1005 124  4.7 4  9.8  44  397  172 381 -460  1
3797500 2746500  8 11 11  28.3 1005 129  5.2 5  9.1  39  363  248 391 -472  1
3797500 2746500  8 11 12  27.8 1005 128  5.3 7  8.1  34  104  330 399 -476  1
3797500 2746500  8 11 13  27.4 1004 121  5.5 8  8.2  35    4  238 407 -468  1
3797500 2746500  8 11 14  29.7 1004 131  4.3 6  8.7  35  102  317 411 -451  1
3797500 2746500  8 11 15  28.8 1004 145  5.4 6  8.5  33  151  298 407 -441  1
3797500 2746500  8 11 16  27.1 1004 173  3.4 7  8.5  36    9  192 405 -439  1
3797500 2746500  8 11 17  24.4 1004 238  2.9 7  9.2  44    0   75 402 -442  1
3797500 2746500  8 11 18  21.5 1004 240  3.0 7 10.1  57    0   44 393 -448  1
3797500 2746500  8 11 19  19.2 1005 183  1.9 8 11.3  75    0   19 389 -449  1
3797500 2746500  8 11 20  19.4 1006 180  1.6 8 12.1  85    0    3 391 -445  1
3797500 2746500  8 11 21  19.3 1006 182  1.9 8 12.3  86    0    0 391 -438  1
3797500 2746500  8 11 22  19.4 1006 111  2.4 8 12.4  87    0    0 392 -433  1
3797500 2746500  8 11 23  19.5 1006 115  1.9 8 12.5  87    0    0 394 -430  1
3797500 2746500  8 11 24  19.6 1005 116  1.7 6 12.6  88    0    0 387 -429  1
3797500 2746500  8 12  1  19.4 1005 114  2.0 7 13.0  90    0    0 384 -427  1
3797500 2746500  8 12  2  19.2 1005 109  1.5 8 13.2  93    0    0 391 -425  1
3797500 2746500  8 12  3  19.6 1005 167  1.9 8 13.0  91    0    0 394 -423  1
3797500 2746500  8 12  4  19.2 1005 169  1.9 8 13.1  91    0    0 393 -419  1
3797500 2746500  8 12  5  19.2 1004 159  1.8 8 13.2  94    0    0 392 -415  1
3797500 2746500  8 12  6  19.0 1004 159  1.7 8 13.2  94    0    0 391 -410  1
3797500 2746500  8 12  7  18.9 1005 177  1.6 8 13.2  95    0   11 388 -410  1
3797500 2746500  8 12  8  18.7 1005 143  2.2 7 13.2  95    0   44 382 -415  1
3797500 2746500  8 12  9  18.7 1005 161  2.4 8 13.2  96    0   66 381 -425  1
3797500 2746500  8 12 10  19.9 1005 142  2.4 7 13.4  94    6  219 386 -438  1
3797500 2746500  8 12 11  21.9 1005 170  3.0 3 13.8  88  323  285 372 -453  1
3797500 2746500  8 12 12  23.4 1005 215  3.0 2 13.8  79  483  253 360 -469  1
3797500 2746500  8 12 13  24.6 1005 202  3.4 3 13.3  70  517  249 367 -481  1
3797500 2746500  8 12 14  25.6 1005 205  2.8 2 13.0  64  425  280 372 -490  1
3797500 2746500  8 12 15  26.2 1005 148  2.7 3 12.7  60  336  279 374 -497  1
3797500 2746500  8 12 16  25.6 1005 175  3.1 5 12.2  58  266  246 383 -497  1
3797500 2746500  8 12 17  26.0 1004 290  1.9 1 11.8  56  266  168 375 -491  1
3797500 2746500  8 12 18  25.7 1004  45  1.7 3 11.7  55  105  139 368 -482  1
3797500 2746500  8 12 19  25.5 1004 271  1.4 4 11.3  54   19   71 374 -474  1
3797500 2746500  8 12 20  23.5 1005  31  1.6 4 11.3  58    4   19 372 -461  1
3797500 2746500  8 12 21  22.1 1005  60  1.5 1 11.7  67    0    0 357 -449  1
3797500 2746500  8 12 22  21.4 1005  90  1.3 1 12.0  72    0    0 343 -440  1
3797500 2746500  8 12 23  21.1 1005  88  1.7 1 11.8  74    0    0 341 -434  1
3797500 2746500  8 12 24  20.8 1005  90  2.1 2 11.9  76    0    0 342 -431  1
3797500 2746500  8 13  1  20.2 1005  92  2.2 2 11.8  77    0    0 344 -428  1
3797500 2746500  8 13  2  20.3 1005  90  2.5 2 11.7  78    0    0 343 -428  1
3797500 2746500  8 13  3  20.3 1004 121  1.5 1 11.7  78    0    0 340 -429  1
3797500 2746500  8 13  4  19.1 1004 110  1.4 0 11.6  80    0    0 329 -430  1
3797500 2746500  8 13  5  19.0 1004 107  1.5 2 11.1  79    0    0 330 -429  1
3797500 2746500  8 13  6  19.0 1003 113  1.5 2 10.9  79    1   14 335 -428  1
3797500 2746500  8 13  7  21.8 1003  89  1.8 2 11.3  74   53   71 338 -428  1
3797500 2746500  8 13  8  23.8 1002  91  1.9 3 11.8  67  127  126 350 -432  1
3797500 2746500  8 13  9  25.1 1002 137  3.1 4 11.9  61  157  195 366 -437  1
3797500 2746500  8 13 10  26.5 1001 148  5.0 5 11.5  54  324  200 379 -445  1
3797500 2746500  8 13 11  27.1 1000 154  4.9 5 11.3  50  386  230 388 -453  1
3797500 2746500  8 13 12  28.0 1000 150  4.2 5 11.7  50  366  278 395 -459  1
3797500 2746500  8 13 13  27.3  999 134  1.1 6 11.9  50  135  342 400 -467  1
3797500 2746500  8 13 14  18.8  999 212  7.6 7 11.7  65    4  230 392 -472  1
3797500 2746500  8 13 15  20.1  999 359  1.9 8 12.7  88    0   76 388 -462  1
3797500 2746500  8 13 16  19.3  999 269  1.9 7 13.4  91    0   59 390 -455  1
3797500 2746500  8 13 17  19.8 1000 262  2.2 8 12.9  89    0   44 388 -457  1
3797500 2746500  8 13 18  17.8 1000 260  2.1 8 12.1  88    0   44 385 -458  1
3797500 2746500  8 13 19  18.4 1000  28  0.9 6 11.6  88    0   39 375 -455  1
3797500 2746500  8 13 20  18.0 1000 189  2.8 8 11.5  86    0   12 374 -448  1
3797500 2746500  8 13 21  18.1 1000 109  2.1 7 11.2  85    0    0 377 -437  1
3797500 2746500  8 13 22  18.0 1000 208  2.9 7 11.2  85    0    0 374 -428  1
3797500 2746500  8 13 23  18.1 1000 189  2.8 7 11.0  84    0    0 375 -424  1
3797500 2746500  8 13 24  17.7 1000 224  3.7 6 10.6  81    0    0 371 -420  1
3797500 2746500  8 14  1  17.4 1000 209  2.9 6 10.3  80    0    0 366 -417  1
3797500 2746500  8 14  2  16.9 1000 205  2.9 7 10.2  82    0    0 369 -415  1
3797500 2746500  8 14  3  16.7 1000 211  2.6 7 10.1  83    0    0 373 -415  1
3797500 2746500  8 14  4  16.4  999 228  3.3 8 10.3  86    0    0 376 -417  1
3797500 2746500  8 14  5  16.5  999 216  2.5 7 10.6  89    0    0 376 -416  1
3797500 2746500  8 14  6  16.4  999 236  3.9 7 10.6  89    0    2 372 -416  1
3797500 2746500  8 14  7  16.2  999 231  4.3 6 10.5  89    0   44 368 -416  1
3797500 2746500  8 14  8  16.7  999 234  4.5 8 10.6  89    2  102 373 -418  1
3797500 2746500  8 14  9  17.1  999 231  4.0 8 10.7  88    6  167 383 -420  1
3797500 2746500  8 14 10  17.8  998 247  3.6 7 10.7  84   20  237 382 -418  1
3797500 2746500  8 14 11  18.9  998 248  4.0 6 10.7  80   79  303 377 -416  1
3797500 2746500  8 14 12  17.9  998 229  3.5 7 10.6  78   35  295 378 -416  1
3797500 2746500  8 14 13  18.3  998 235  3.9 8 10.7  81    0  211 383 -419  1
3797500 2746500  8 14 14  19.5  998 235  4.4 7 10.8  78   36  288 384 -433  1
3797500 2746500  8 14 15  20.7  998 252  5.2 6 10.3  69  124  289 379 -446  1
3797500 2746500  8 14 16  18.2  998 246  4.0 6 10.8  75   67  241 372 -444  1
3797500 2746500  8 14 17  18.9  998 227  3.6 6 11.2  82   16  174 369 -435  1
3797500 2746500  8 14 18  18.1  998 212  4.0 4 10.7  79   79  125 359 -431  1
3797500 2746500  8 14 19  17.3  999 236  1.3 7 10.6  82    4   55 359 -427  1
3797500 2746500  8 14 20  16.4  999 211  1.7 7 10.6  87    1   12 370 -422  1
3797500 2746500  8 14 21  16.8  999 259  3.0 7 10.5  87    0    0 370 -420  1
3797500 2746500  8 14 22  16.6 1000 217  2.2 8 10.6  88    0    0 374 -419  1
3797500 2746500  8 14 23  16.8 1000 213  3.8 8 10.6  88    0    0 379 -417  1
3797500 2746500  8 14 24  16.6 1000 219  4.1 8 10.6  88    0    0 379 -413  1
3797500 2746500  8 15  1  16.8 1000 212  3.3 8 10.7  88    0    0 381 -410  1
3797500 2746500  8 15  2  16.7  999 215  3.3 8 10.9  90    0    0 384 -408  1
3797500 2746500  8 15  3  16.7  999 208  3.2 8 11.0  91    0    0 385 -407  1
3797500 2746500  8 15  4  16.7  999 217  2.8 8 11.1  92    0    0 386 -406  1
3797500 2746500  8 15  5  16.7  999 199  1.0 8 11.2  92    0    0 387 -405  1
3797500 2746500  8 15  6  16.8  999  52  0.6 8 11.4  94    0    1 387 -403  1
3797500 2746500  8 15  7  17.0 1000   8  1.4 8 11.7  95    0   25 388 -403  1
3797500 2746500  8 15  8  16.9 1001 347  2.1 8 11.7  95    0   79 388 -405  1
3797500 2746500  8 15  9  16.9 1002 335  2.8 8 11.6  95    0   97 388 -409  1
3797500 2746500  8 15 10  18.0 1004 333  3.3 8 11.6  92    0  165 391 -416  1
3797500 2746500  8 15 11  19.0 1005 350  2.7 6 11.3  84   60  292 386 -427  1
3797500 2746500  8 15 12  19.5 1006 324  2.9 5 11.1  78  106  315 377 -441  1
3797500 2746500  8 15 13  19.9 1007 325  2.1 8 10.9  75    1  215 388 -446  1
3797500 2746500  8 15 14  21.0 1008 282  1.4 8 11.0  72    8  237 404 -456  1
3797500 2746500  8 15 15  21.7 1008 328  2.6 7 11.0  69   37  264 404 -468  1
3797500 2746500  8 15 16  24.0 1009 328  2.1 5 11.4  65  281  196 398 -469  1
3797500 2746500  8 15 17  24.0 1009 285  2.6 2 11.1  59  206  155 380 -469  1
3797500 2746500  8 15 18  23.5 1009 316  2.0 5 10.4  56    9  109 377 -462  1
3797500 2746500  8 15 19  22.9 1010 246  1.4 4 10.5  59   21   61 383 -453  1
3797500 2746500  8 15 20  22.0 1010   1  1.8 4 10.6  62    9   17 374 -444  1
3797500 2746500  8 15 21  20.6 1011 279  1.3 4 10.8  68    0    0 370 -436  1
3797500 2746500  8 15 22  20.3 1012 302  1.7 6 11.1  74    0    0 377 -429  1
3797500 2746500  8 15 23  19.4 1013 302  1.3 6 11.2  77    0    0 384 -420  1
3797500 2746500  8 15 24  19.2 1014 271  1.1 6 11.3  80    0    0 381 -413  1
3797500 2746500  8 16  1  18.5 1014 262  1.3 7 11.3  83    0    0 380 -408  1
3797500 2746500  8 16  2  17.5 1014 247  1.2 6 11.1  86    0    0 374 -404  1
3797500 2746500  8 16  3  16.8 1014 244  1.1 2 10.9  89    0    0 348 -401  1
3797500 2746500  8 16  4  16.6 1014 247  1.0 1 10.8  91    0    0 325 -399  1
3797500 2746500  8 16  5  16.4 1014 239  0.9 6 10.6  90    0    0 340 -397  1
3797500 2746500  8 16  6  17.0 1014 213  1.1 5 10.7  90    0    3 356 -395  1
3797500 2746500  8 16  7  16.8 1014 224  1.9 6 11.0  92    0   35 355 -396  1
3797500 2746500  8 16  8  17.1 1014 225  2.4 8 11.3  93    1   91 367 -402  1
3797500 2746500  8 16  9  18.0 1014 219  2.5 6 11.2  89   35  202 368 -412  1
3797500 2746500  8 16 10  19.8 1014 220  2.9 3 11.0  80  203  252 353 -423  1
3797500 2746500  8 16 11  20.5 1014 231  2.7 4 10.6  71  136  309 351 -435  1
3797500 2746500  8 16 12  21.9 1013 229  2.5 6 10.4  66   96  322 364 -446  1
3797500 2746500  8 16 13  22.5 1013 229  2.8 6 10.3  61  166  341 372 -457  1
3797500 2746500  8 16 14  23.1 1012 273  3.1 5 10.0  57  330  294 369 -470  1
3797500 2746500  8 16 15  23.8 1012 194  2.1 4 10.0  55  296  269 366 -480  1
3797500 2746500  8 16 16  23.9 1011 205  3.2 4 10.0  54  336  193 364 -479  1
3797500 2746500  8 16 17  24.4 1011 207  2.7 2  9.7  51  279  141 359 -472  1
3797500 2746500  8 16 18  24.0 1010 225  1.7 2  9.6  51  181  100 352 -465  1
3797500 2746500  8 16 19  23.6 1009 222  0.8 4  9.9  53   75   63 355 -457  1
3797500 2746500  8 16 20  21.6 1009 148  0.9 5 10.2  59   11   18 357 -446  1
3797500 2746500  8 16 21  20.7 1009 148  1.0 5 10.5  66    0    0 354 -436  1
3797500 2746500  8 16 22  20.6 1009  79  1.5 5 10.7  70    0    0 350 -430  1
3797500 2746500  8 16 23  20.5 1008 206  1.1 5 10.7  70    0    0 349 -425  1
3797500 2746500  8 16 24  20.1 1008 174  1.5 3 10.6  70    0    0 343 -419  1
3797500 2746500  8 17  1  19.7 1007 178  1.9 2 10.5  72    0    0 335 -415  1
3797500 2746500  8 17  2  19.9 1006 168  2.2 3 10.5  72    0    0 335 -411  1
3797500 2746500  8 17  3  19.5 1006 179  2.4 4 10.3  71    0    0 342 -408  1
3797500 2746500  8 17  4  19.8 1005 178  2.2 4 10.2  70    0    0 345 -406  1
3797500 2746500  8 17  5  20.0 1005 163  2.0 4 10.3  70    0    0 348 -407  1
3797500 2746500  8 17  6  19.3 1004 215  0.6 7 10.4  72    0    1 356 -408  1
3797500 2746500  8 17  7  19.2 1004 175  1.0 6 10.7  76    0   42 361 -410  1
3797500 2746500  8 17  8  20.0 1004 165  2.9 7 10.8  75    0   49 363 -418  1
3797500 2746500  8 17  9  19.7 1002 165  2.9 7 10.7  73    0   78 367 -430  1
3797500 2746500  8 17 10  18.9 1002 184  2.4 8 10.9  76    0  109 370 -444  1
3797500 2746500  8 17 11  21.5 1002 175  2.5 5 11.1  74  124  332 370 -459  1
3797500 2746500  8 17 12  23.7 1001 220  2.5 4 11.4  65  380  316 373 -473  1
3797500 2746500  8 17 13  23.7 1001 246  2.4 5 11.4  61  247  368 378 -487  1
3797500 2746500  8 17 14  23.8 1000 252  3.0 6 11.3  60   90  335 385 -498  1
3797500 2746500  8 17 15  23.6 1000 220  3.5 7 11.2  60   27  270 390 -505  1
3797500 2746500  8 17 16  23.3 1000 216  3.6 8 11.4  62    6  192 398 -506  1
3797500 2746500  8 17 17  22.8 1000 240  3.6 8 11.8  66    3  146 401 -500  1
3797500 2746500  8 17 18  23.3 1000 227  4.4 8 11.8  66   11  113 403 -489  1
3797500 2746500  8 17 19  22.6 1000 241  3.0 7 11.5  65    1   50 400 -476  1
3797500 2746500  8 17 20  21.8 1000 288  1.8 6 11.3  66    0    6 390 -465  1
3797500 2746500  8 17 21  20.4 1000 230  1.8 6 11.1  70    0    0 382 -455  1
3797500 2746500  8 17 22  20.0 1000 219  1.9 1 11.1  74    0    0 359 -447  1
3797500 2746500  8 17 23  19.5 1000 219  1.4 1 11.2  76    0    0 337 -442  1
3797500 2746500  8 17 24  19.3 1001 188  2.4 5 11.3  79    0    0 351 -437  1
3797500 2746500  8 18  1  19.3 1000 164  1.8 5 11.5  81    0    0 368 -429  1
3797500 2746500  8 18  2  19.6 1000 197  1.7 5 11.6  81    0    0 368 -422  1
3797500 2746500  8 18  3  19.4 1000 201  2.1 5 11.8  82    0    0 364 -419  1
3797500 2746500  8 18  4  18.6 1000 222  1.8 7 11.8  84    0    0 370 -418  1
3797500 2746500  8 18  5  18.1 1000 183  1.3 4 11.6  86    0    0 361 -417  1
3797500 2746500  8 18  6  17.9 1000 173  2.0 3 11.4  87    0   10 338 -416  1
3797500 2746500  8 18  7  18.9 1000 173  2.3 3 11.5  85   16   65 331 -415  1
3797500 2746500  8 18  8  18.9 1000 158  1.1 4 11.6  83   58  136 337 -415  1
3797500 2746500  8 18  9  19.8 1000 209  3.4 4 11.4  79  102  206 347 -415  1
3797500 2746500  8 18 10  20.3 1000 188  2.9 6 11.3  76   84  267 363 -415  1
3797500 2746500  8 18 11  21.5 1000 179  3.4 5 11.2  72  236  297 375 -426  1
3797500 2746500  8 18 12  22.3 1000 190  2.8 4 11.3  68  342  294 372 -440  1
3797500 2746500  8 18 13  22.9 1000 220  2.8 5 11.5  66  266  330 378 -445  1
3797500 2746500  8 18 14  22.7 1000 177  3.4 8 11.5  65   26  277 396 -449  1
3797500 2746500  8 18 15  24.1 1000 234  2.0 5 11.4  62  148  295 397 -453  1
3797500 2746500  8 18 16  23.9  999 240  1.9 6 11.2  59   76  243 390 -460  1
3797500 2746500  8 18 17  23.6  999 227  1.4 7 11.0  59   13  165 394 -463  1
3797500 2746500  8 18 18  23.3  999 257  0.8 8 11.0  60    0   61 399 -456  1
3797500 2746500  8 18 19  22.1  998 145  0.7 7 11.6  66    0   24 396 -444  1
3797500 2746500  8 18 20  21.1  998 199  1.2 8 12.3  74    0    6 394 -430  1
3797500 2746500  8 18 21  20.4  998 151  2.3 7 12.3  79    0    0 390 -421  1
3797500 2746500  8 18 22  20.1  998 155  2.5 5 12.1  80    0    0 373 -417  1
3797500 2746500  8 18 23  20.4  998 163  2.7 5 11.8  78    0    0 362 -415  1
3797500 2746500  8 18 24  19.3  998 165  2.1 8 11.8  80    0    0 376 -413  1
3797500 2746500  8 19  1  19.1  998 158  2.2 6 12.1  85    0    0 379 -411  1
3797500 2746500  8 19  2  19.5  997 171  2.6 4 12.2  85    0    0 364 -411  1
3797500 2746500  8 19  3  19.6  997 172  3.3 6 12.2  84    0    0 366 -410  1
3797500 2746500  8 19  4  19.6  997 175  3.4 8 12.3  84    0    0 382 -409  1
3797500 2746500  8 19  5  19.2  997 171  3.4 7 12.3  86    0    0 383 -409  1
3797500 2746500  8 19  6  19.4  997 172  3.0 8 12.4  86    0    3 382 -409  1
3797500 2746500  8 19  7  19.2  998 182  2.3 8 12.4  87    0   26 383 -409  1
3797500 2746500  8 19  8  19.7  998 191  2.5 6 12.5  87   33  133 376 -414  1
3797500 2746500  8 19  9  21.1  998 191  3.6 5 12.6  82  216  169 368 -424  1
3797500 2746500  8 19 10  22.0  999 198  4.4 3 12.3  75  324  197 363 -439  1
3797500 2746500  8 19 11  23.4  999 225  4.6 3 12.0  68  397  224 364 -455  1
3797500 2746500  8 19 12  24.1  999 222  4.2 5 11.6  62  201  330 373 -469  1
3797500 2746500  8 19 13  25.3  999 195  3.4 7 11.0  55  123  332 385 -478  1
3797500 2746500  8 19 14  26.3  999 200  3.3 6 10.5  50  318  294 392 -484  1
3797500 2746500  8 19 15  27.1  999 188  4.5 5 10.6  48  266  274 394 -486  1
3797500 2746500  8 19 16  27.0  998 181  4.5 5 10.9  48  344  183 396 -481  1
3797500 2746500  8 19 17  27.0  997 170  3.5 4 11.1  49  208  165 395 -478  1
3797500 2746500  8 19 18  26.0  997 138  3.7 6 11.4  51   39  124 397 -475  1
3797500 2746500  8 19 19  23.6  996 128  2.8 7 11.7  58    0   32 400 -465  1
3797500 2746500  8 19 20  21.7  996 128  3.6 8 12.8  73    0    3 399 -455  1
3797500 2746500  8 19 21  18.8  997 210  1.8 8 13.3  87    0    0 393 -443  1
3797500 2746500  8 19 22  18.9  998 182  1.7 7 12.9  92    0    0 388 -430  1
3797500 2746500  8 19 23  18.9  998 174  3.2 7 12.6  90    0    0 386 -423  1
3797500 2746500  8 19 24  18.9  998 169  3.4 7 12.3  88    0    0 387 -419  1
3797500 2746500  8 20  1  19.0  998 187  3.4 8 12.1  87    0    0 390 -412  1
3797500 2746500  8 20  2  18.9  998 180  3.5 6 12.1  86    0    0 387 -406  1
3797500 2746500  8 20  3  18.6  998 170  4.2 2 11.9  86    0    0 364 -402  1
3797500 2746500  8 20  4  18.7  998 180  3.7 0 11.6  85    0    0 339 -399  1
3797500 2746500  8 20  5  18.5  998 171  4.0 1 11.4  83    0    0 333 -396  1
3797500 2746500  8 20  6  18.4  998 172  4.4 2 11.1  82    0    8 340 -392  1
3797500 2746500  8 20  7  19.1  999 172  4.8 3 10.9  79   46   60 345 -392  1
3797500 2746500  8 20  8  19.6  999 182  5.2 2 10.7  75  131  115 344 -397  1
3797500 2746500  8 20  9  20.3  999 200  5.3 3 10.5  71  111  198 346 -406  1
3797500 2746500  8 20 10  20.8  999 219  6.9 4  9.9  64  229  235 355 -418  1
3797500 2746500  8 20 11  21.4  999 220  7.7 4  9.3  58  246  284 361 -430  1
3797500 2746500  8 20 12  21.6 1000 232  7.4 5  9.0  55  163  324 367 -443  1
3797500 2746500  8 20 13  22.3 1000 239  8.1 4  8.9  53  252  322 367 -452  1
3797500 2746500  8 20 14  22.6 1000 225  6.5 3  8.9  52  416  247 362 -458  1
3797500 2746500  8 20 15  22.3 1001 232  4.8 5  9.0  52   72  276 364 -461  1
3797500 2746500  8 20 16  21.9 1001 250  4.4 6  9.3  55   16  208 372 -461  1
3797500 2746500  8 20 17  22.7 1001 228  4.8 3  9.2  54  294  123 364 -459  1
3797500 2746500  8 20 18  22.6 1001 225  3.4 2  8.8  50  192   88 352 -452  1
3797500 2746500  8 20 19  22.0 1000 232  2.9 2  8.6  50   79   58 347 -443  1
3797500 2746500  8 20 20  21.2 1001 236  2.7 4  8.5  52    8   16 351 -432  1
3797500 2746500  8 20 21  20.7 1001 226  2.4 3  8.8  56    0    0 351 -420  1
3797500 2746500  8 20 22  20.0 1001 195  0.8 1  9.2  61    0    0 340 -410  1
3797500 2746500  8 20 23  19.4 1001 161  1.6 1  9.5  65    0    0 332 -405  1
3797500 2746500  8 20 24  19.2 1001 177  1.1 1  9.6  67    0    0 331 -404  1
3797500 2746500  8 21  1  19.0 1001 210  2.0 1  9.6  68    0    0 329 -404  1
3797500 2746500  8 21  2  18.5 1001 163  1.7 3  9.7  70    0    0 335 -403  1
3797500 2746500  8 21  3  18.0 1000 181  1.9 4  9.7  73    0    0 345 -400  1
3797500 2746500  8 21  4  17.4 1000 172  2.2 5  9.7  75    0    0 350 -398  1
3797500 2746500  8 21  5  17.6 1000 181  2.2 6  9.7  77    0    0 355 -397  1
3797500 2746500  8 21  6  17.6 1000 200  2.9 6  9.8  76    0    6 358 -394  1
3797500 2746500  8 21  7  17.6 1000 210  4.4 5  9.9  77   18   59 353 -392  1
3797500 2746500  8 21  8  18.5 1001 229  5.0 5 10.0  76   43  125 349 -395  1
3797500 2746500  8 21  9  16.9 1001 229  3.4 7 10.1  79   12  170 356 -405  1
3797500 2746500  8 21 10  16.1 1001 219  4.8 6 10.1  85    2  183 356 -416  1
3797500 2746500  8 21 11  16.7 1001 229  5.6 3 10.0  85  139  285 341 -428  1
3797500 2746500  8 21 12  18.3 1001 250  6.6 4  9.8  78  156  306 340 -437  1
3797500 2746500  8 21 13  19.2 1001 256  4.6 5  9.1  66  216  307 352 -445  1
3797500 2746500  8 21 14  20.3 1001 219  3.7 5  8.7  60  317  262 360 -449  1
3797500 2746500  8 21 15  21.4 1001 219  6.1 3  8.6  55  374  202 355 -448  1
3797500 2746500  8 21 16  21.4 1001 223  4.5 3  8.2  51  361  148 347 -444  1
3797500 2746500  8 21 17  20.6 1000 225  1.9 5  8.0  51   90  170 351 -437  1
3797500 2746500  8 21 18  20.1 1000 217  2.4 7  8.4  55   10   99 363 -434  1
3797500 2746500  8 21 19  19.3 1001 232  3.4 6  8.6  59    4   45 365 -430  1
3797500 2746500  8 21 20  18.0 1001  78  1.4 6  8.9  66    1    9 358 -421  1
3797500 2746500  8 21 21  17.5 1001 174  2.6 8  9.2  72    0    0 362 -412  1
3797500 2746500  8 21 22  17.1 1001 195  1.9 7  9.3  74    0    0 364 -407  1
3797500 2746500  8 21 23  16.9 1001 203  1.6 7  9.4  77    0    0 359 -404  1
3797500 2746500  8 21 24  16.1 1001 208  1.2 4  9.4  79    0    0 345 -402  1
3797500 2746500  8 22  1  15.6 1001 220  1.8 3  9.1  79    0    0 326 -402  1
3797500 2746500  8 22  2  15.7 1001 216  2.4 2  8.8  78    0    0 317 -401  1
3797500 2746500  8 22  3  15.8 1001 213  3.2 3  8.8  77    0    0 319 -399  1
3797500 2746500  8 22  4  15.1 1001 220  2.9 6  8.8  79    0    0 336 -397  1
3797500 2746500  8 22  5  14.4 1001 229  2.5 5  8.6  81    0    0 343 -394  1
3797500 2746500  8 22  6  14.4 1002 222  2.3 4  8.5  82    0    3 333 -391  1
3797500 2746500  8 22  7  15.1 1002 221  2.5 6  8.8  82    0   27 338 -389  1
3797500 2746500  8 22  8  15.4 1002 222  2.9 6  9.0  82   52  112 349 -389  1
3797500 2746500  8 22  9  15.9 1003 221  3.8 6  9.1  81   53  176 351 -395  1
3797500 2746500  8 22 10  17.7 1003 230  2.6 6  9.4  78   56  231 355 -407  1
3797500 2746500  8 22 11  15.3 1003 297  3.3 7  9.6  81    0  180 356 -421  1
3797500 2746500  8 22 12  17.5 1004 268  2.5 6  9.8  83   36  262 355 -434  1
3797500 2746500  8 22 13  16.2 1004 264  3.1 6  9.8  81   55  274 349 -443  1
3797500 2746500  8 22 14  15.2 1005 350  2.1 7  9.6  85    0  109 346 -449  1
3797500 2746500  8 22 15  15.4 1006 274  3.6 7  9.2  84    0  154 345 -450  1
3797500 2746500  8 22 16  15.9 1007 316  3.0 7  8.7  78    8  172 344 -443  1
3797500 2746500  8 22 17  16.0 1008 264  2.4 6  8.5  74   26  151 341 -439  1
3797500 2746500  8 22 18  16.2 1009 239  2.5 4  8.6  75   85   92 331 -434  1
3797500 2746500  8 22 19  14.5 1010 307  1.3 7  8.6  79   32   44 331 -425  1
3797500 2746500  8 22 20  14.8 1011 280  1.7 7  8.5  81    0    7 337 -414  1
3797500 2746500  8 22 21  14.3 1012 284  1.1 3  8.4  81    0    0 322 -405  1
3797500 2746500  8 22 22  13.1 1013 261  0.8 3  8.1  83    0    0 305 -397  1
3797500 2746500  8 22 23  13.3 1013 243  0.8 3  8.0  84    0    0 303 -392  1
3797500 2746500  8 22 24  13.1 1014 236  0.9 3  8.0  84    0    0 302 -389  1
3797500 2746500  8 23  1  12.3 1014 245  0.7 3  7.8  85    0    0 299 -384  1
3797500 2746500  8 23  2  11.9 1015 248  0.9 3  7.8  88    0    0 295 -378  1
3797500 2746500  8 23  3  11.6 1015 200  0.9 5  7.7  90    0    0 299 -373  1
3797500 2746500  8 23  4  11.1 1015 206  1.2 4  7.6  90    0    0 300 -371  1
3797500 2746500  8 23  5  11.5 1015 189  0.9 2  7.4  89    0    0 287 -369  1
3797500 2746500  8 23  6  12.0 1015 150  0.5 5  7.5  87    0    2 292 -367  1
3797500 2746500  8 23  7  12.5 1016 159  0.7 6  7.9  88    0   11 310 -367  1
3797500 2746500  8 23  8  13.1 1016 178  1.1 8  8.1  88    0   81 323 -371  1
3797500 2746500  8 23  9  14.2 1016 169  2.0 6  8.2  84   56  192 325 -381  1
3797500 2746500  8 23 10  16.0 1016 179  2.4 6  8.3  77  195  235 322 -396  1
3797500 2746500  8 23 11  17.3 1016 171  2.5 5  7.9  67  399  202 324 -412  1
3797500 2746500  8 23 12  17.9 1016 164  2.8 4  7.4  59  475  202 322 -427  1
3797500 2746500  8 23 13  18.6 1016 154  2.3 4  7.0  54  526  186 323 -440  1
3797500 2746500  8 23 14  20.0 1016 203  1.3 4  6.6  47  471  201 328 -448  1
3797500 2746500  8 23 15  20.0 1015 214  1.9 3  6.2  43  390  202 327 -451  1
3797500 2746500  8 23 16  20.4 1015 226  2.1 3  6.2  42  245  204 325 -451  1
3797500 2746500  8 23 17  20.3 1015 152  1.8 4  6.7  45  149  165 328 -445  1
3797500 2746500  8 23 18  19.8 1014 192  1.0 4  6.9  47  113  103 328 -435  1
3797500 2746500  8 23 19  19.1 1014  93  1.4 5  7.0  50   53   50 328 -423  1
3797500 2746500  8 23 20  17.8 1014  80  1.7 5  7.6  57    2   10 327 -410  1
3797500 2746500  8 23 21  16.6 1014 108  1.7 5  7.6  62    0    0 323 -399  1
3797500 2746500  8 23 22  15.9 1014 101  1.8 2  7.6  66    0    0 310 -392  1
3797500 2746500  8 23 23  14.7 1014 113  1.5 2  7.5  69    0    0 298 -386  1
3797500 2746500  8 23 24  14.3 1014 112  1.5 3  7.3  71    0    0 297 -382  1
3797500 2746500  8 24  1  14.3 1014 115  1.2 1  7.2  71    0    0 293 -377  1
3797500 2746500  8 24  2  13.8 1014 112  1.3 1  7.1  71    0    0 285 -373  1
3797500 2746500  8 24  3  13.5 1014 103  1.8 3  6.9  71    0    0 288 -371  1
3797500 2746500  8 24  4  13.7 1013 111  1.6 4  6.9  71    0    0 298 -369  1
3797500 2746500  8 24  5  13.8 1013 110  1.7 4  6.9  70    0    0 302 -368  1
3797500 2746500  8 24  6  14.6 1012 101  0.8 5  6.8  68    0    1 306 -369  1
3797500 2746500  8 24  7  14.3 1012  98  1.2 7  6.8  66    0   30 318 -371  1
3797500 2746500  8 24  8  14.7 1012 104  1.7 8  7.1  69    0   40 329 -376  1
3797500 2746500  8 24  9  15.7 1011 102  1.9 8  7.4  68    3  144 336 -383  1
3797500 2746500  8 24 10  17.2 1011 158  3.9 7  7.6  64   31  251 337 -392  1
3797500 2746500  8 24 11  18.3 1010 143  4.6 6  7.7  61   55  300 337 -408  1
3797500 2746500  8 24 12  19.0 1010 155  4.7 6  8.0  59   55  317 339 -425  1
3797500 2746500  8 24 13  21.5 1009 160  3.8 6  8.5  57  243  356 347 -436  1
3797500 2746500  8 24 14  22.1 1009 136  4.7 6  8.6  52  353  315 355 -442  1
3797500 2746500  8 24 15  22.8 1008 152  4.9 5  8.7  51  215  309 356 -449  1
3797500 2746500  8 24 16  23.0 1008 161  5.3 5  9.0  51  132  259 356 -455  1
3797500 2746500  8 24 17  23.2 1007 162  5.2 4  9.1  51  104  196 353 -451  1
3797500 2746500  8 24 18  22.0 1007 171  3.6 4  9.2  53   87  127 347 -443  1
3797500 2746500  8 24 19  21.8 1007 161  3.2 7  9.5  57   23   57 356 -435  1
3797500 2746500  8 24 20  20.9 1006 170  3.5 7  9.7  60    0    8 365 -424  1
3797500 2746500  8 24 21  20.2 1007 177  1.9 6  9.7  64    0    0 360 -415  1
3797500 2746500  8 24 22  19.6 1007 171  3.0 4  9.6  66    0    0 353 -408  1
3797500 2746500  8 24 23  19.9 1007 174  4.2 4  9.5  66    0    0 348 -404  1
3797500 2746500  8 24 24  18.5 1007 176  2.3 7 10.0  71    0    0 352 -402  1
3797500 2746500  8 25  1  17.9 1006 150  1.6 4 10.4  79    0    0 349 -401  1
3797500 2746500  8 25  2  17.8 1005 181  2.0 3 10.3  80    0    0 333 -399  1
3797500 2746500  8 25  3  17.3 1005 165  1.6 4 10.0  79    0    0 332 -398  1
3797500 2746500  8 25  4  16.8 1005 192  1.4 3  9.9  81    0    0 332 -395  1
3797500 2746500  8 25  5  16.7 1005 174  2.2 3  9.8  81    0    0 327 -391  1
3797500 2746500  8 25  6  16.8 1004 175  2.0 5  9.9  82    0    1 334 -387  1
3797500 2746500  8 25  7  17.3 1004 185  1.9 7 10.1  82    3   43 352 -387  1
3797500 2746500  8 25  8  18.1 1004 177  2.8 5 10.3  80   50  123 353 -393  1
3797500 2746500  8 25  9  19.2 1003 182  2.6 5 10.4  76   69  191 348 -405  1
3797500 2746500  8 25 10  18.8 1002 210  3.4 7 10.5  75    8  204 358 -417  1
3797500 2746500  8 25 11  19.4 1002 220  3.4 7 10.4  74   17  249 368 -432  1
3797500 2746500  8 25 12  20.2 1002 217  3.0 6 10.2  69   19  263 366 -448  1
3797500 2746500  8 25 13  21.6 1002 229  4.0 4  9.7  62  148  310 354 -461  1
3797500 2746500  8 25 14  19.2 1002 237  3.4 5  8.8  58   77  289 349 -468  1
3797500 2746500  8 25 15  19.8 1001 217  3.9 6  8.7  61   56  254 360 -469  1
3797500 2746500  8 25 16  19.4 1001 228  3.4 6  9.1  63  156  222 368 -460  1
3797500 2746500  8 25 17  20.2 1001 261  4.8 2  9.2  62  281  117 353 -453  1
3797500 2746500  8 25 18  19.9 1002 227  2.1 4  9.5  64   94  104 347 -445  1
3797500 2746500  8 25 19  19.0 1002 240  2.6 6  9.4  66   32   49 361 -435  1
3797500 2746500  8 25 20  16.9 1002 272  3.2 6  9.5  72    4    9 363 -429  1
3797500 2746500  8 25 21  17.3 1003 228  4.0 7  9.7  79    0    0 365 -423  1
3797500 2746500  8 25 22  16.7 1003 218  4.0 7  9.8  80    0    0 368 -419  1
3797500 2746500  8 25 23  17.1 1003 218  3.7 6  9.9  81    0    0 363 -417  1
3797500 2746500  8 25 24  17.1 1003 226  4.1 6 10.0  81    0    0 361 -414  1
3797500 2746500  8 26  1  16.8 1003 220  3.6 6  9.9  81    0    0 361 -412  1
3797500 2746500  8 26  2  16.5 1003 227  3.8 6  9.6  80    0    0 360 -410  1
3797500 2746500  8 26  3  16.0 1003 231  3.6 8  9.2  79    0    0 366 -406  1
3797500 2746500  8 26  4  15.7 1002 228  3.6 8  9.0  79    0    0 373 -404  1
3797500 2746500  8 26  5  15.4 1002 218  3.5 8  8.9  80    0    0 373 -403  1
3797500 2746500  8 26  6  15.1 1002 210  2.5 8  8.8  81    0    0 372 -402  1
3797500 2746500  8 26  7  15.6 1002 207  2.5 7  8.9  81    0   15 368 -401  1
3797500 2746500  8 26  8  15.7 1001 209  2.8 7  8.9  79    0   78 365 -400  1
3797500 2746500  8 26  9  16.4 1001 197  2.7 7  9.0  78    0  120 366 -400  1
3797500 2746500  8 26 10  15.7 1001 218  3.4 8  9.2  80    0  118 370 -401  1
3797500 2746500  8 26 11  16.6 1001 217  3.8 6  9.1  78   25  247 365 -403  1
3797500 2746500  8 26 12  16.0 1001 183  2.5 7  9.1  77    5  221 362 -404  1
3797500 2746500  8 26 13  16.1 1000 213  2.4 8  9.5  82    1  199 371 -409  1
3797500 2746500  8 26 14  17.5 1000 259  3.4 7 10.0  82   48  258 375 -412  1
3797500 2746500  8 26 15  18.3 1000 222  4.2 6  9.7  75  196  222 371 -410  1
3797500 2746500  8 26 16  18.2  999 244  2.0 6  9.1  68  197  180 367 -408  1
3797500 2746500  8 26 17  15.8  999 231  5.0 6  8.8  72   72  147 360 -409  1
3797500 2746500  8 26 18  16.2  999 219  3.2 5  9.0  78   36   95 353 -407  1
3797500 2746500  8 26 19  15.6 1000 218  2.9 6  9.5  83   33   40 353 -401  1
3797500 2746500  8 26 20  16.1 1000 224  2.5 6  9.9  86    0    6 357 -395  1
3797500 2746500  8 26 21  15.5 1000 229  2.3 4  9.8  86    0    0 347 -393  1
3797500 2746500  8 26 22  14.9 1001 221  2.3 4  9.4  86    0    0 331 -393  1
3797500 2746500  8 26 23  15.0 1001 218  2.4 4  9.2  86    0    0 329 -393  1
3797500 2746500  8 26 24  14.5 1001 225  2.6 3  9.2  87    0    0 324 -393  1
3797500 2746500  8 27  1  14.5 1002 226  2.1 7  9.2  88    0    0 341 -393  1
3797500 2746500  8 27  2  14.4 1001 227  2.4 7  9.3  89    0    0 362 -392  1
3797500 2746500  8 27  3  14.7 1002 239  3.0 8  9.4  89    0    0 369 -392  1
3797500 2746500  8 27  4  14.7 1002 238  2.1 8  9.5  90    0    0 374 -391  1
3797500 2746500  8 27  5  15.2 1002 229  2.7 8  9.9  92    0    0 376 -390  1
3797500 2746500  8 27  6  15.2 1002 246  2.7 8 10.2  93    0    0 378 -388  1
3797500 2746500  8 27  7  15.5 1002 256  2.0 8 10.2  92    4   41 378 -388  1
3797500 2746500  8 27  8  16.1 1003 266  2.5 7 10.2  89   52  103 376 -391  1
3797500 2746500  8 27  9  16.7 1003 273  2.6 8 10.2  86   35  165 378 -394  1
3797500 2746500  8 27 10  17.3 1004 256  3.2 7 10.2  83   45  220 380 -398  1
3797500 2746500  8 27 11  17.2 1005 269  3.4 7 10.2  82   90  253 375 -403  1
3797500 2746500  8 27 12  16.2 1005 302  2.5 7 10.3  86    3  211 373 -406  1
3797500 2746500  8 27 13  17.4 1005 279  3.2 6 10.4  86   48  263 367 -407  1
3797500 2746500  8 27 14  19.4 1006 286  3.3 6 10.3  77  119  246 368 -410  1
3797500 2746500  8 27 15  18.9 1006 268  3.1 6  9.7  70   51  218 369 -414  1
3797500 2746500  8 27 16  19.3 1007 262  2.5 7  9.3  67   74  180 369 -416  1
3797500 2746500  8 27 17  18.7 1007 283  3.9 5  8.5  62   49  138 362 -417  1
3797500 2746500  8 27 18  18.1 1008 258  3.9 6  7.8  58   49   86 353 -417  1
3797500 2746500  8 27 19  17.5 1008 287  3.1 4  7.4  58   24   37 344 -409  1
3797500 2746500  8 27 20  16.1 1009 276  2.3 4  7.2  60    0    7 329 -400  1
3797500 2746500  8 27 21  14.9 1009 225  1.8 5  7.5  68    0    0 327 -395  1
3797500 2746500  8 27 22  14.1 1010 213  1.8 3  7.7  75    0    0 320 -393  1
3797500 2746500  8 27 23  14.3 1010 215  2.3 3  7.9  77    0    0 312 -393  1
3797500 2746500  8 27 24  14.5 1010 229  2.7 5  8.0  77    0    0 323 -393  1
3797500 2746500  8 28  1  14.2 1010 217  1.9 5  8.0  78    0    0 332 -392  1
3797500 2746500  8 28  2  14.5 1010 217  2.0 5  7.9  77    0    0 330 -391  1
3797500 2746500  8 28  3  14.4 1009 209  2.0 5  7.9  77    0    0 331 -390  1
3797500 2746500  8 28  4  14.3 1009 199  2.3 7  7.9  77    0    0 340 -390  1
3797500 2746500  8 28  5  14.2 1008 210  3.0 7  8.0  79    0    0 350 -389  1
3797500 2746500  8 28  6  14.4 1007 210  2.8 6  8.3  81    0    0 349 -389  1
3797500 2746500  8 28  7  14.4 1007 201  2.8 8  8.5  83    0   21 355 -388  1
3797500 2746500  8 28  8  14.8 1007 218  3.3 7  8.7  84    0   41 360 -389  1
3797500 2746500  8 28  9  15.3 1007 218  4.3 7  8.9  82    0  106 357 -391  1
3797500 2746500  8 28 10  15.6 1006 219  4.9 8  8.9  80    0  137 364 -396  1
3797500 2746500  8 28 11  15.8 1006 218  4.5 7  8.9  79    0  156 366 -401  1
3797500 2746500  8 28 12  16.2 1005 218  4.9 8  8.8  77    0  114 370 -403  1
3797500 2746500  8 28 13  16.2 1005 214  6.0 7  8.8  75    0  187 373 -402  1
3797500 2746500  8 28 14  15.5 1005 217  4.5 7  9.1  80    0  174 369 -402  1
3797500 2746500  8 28 15  16.0 1004 227  4.6 7  9.2  82    0  140 371 -400  1
3797500 2746500  8 28 16  14.6 1004 233  4.1 8  9.3  85    0   96 376 -398  1
3797500 2746500  8 28 17  14.7 1004 217  3.5 8  9.7  92    0   72 380 -396  1
3797500 2746500  8 28 18  15.0 1004 221  3.8 8 10.0  94    0   45 382 -394  1
3797500 2746500  8 28 19  15.0 1003 229  3.3 8 10.2  94    0   19 383 -394  1
3797500 2746500  8 28 20  15.6 1003 242  2.4 8 10.4  94    0    0 384 -393  1
3797500 2746500  8 28 21  15.7 1004 239  2.7 8 10.6  94    0    0 387 -393  1
3797500 2746500  8 28 22  16.0 1004 238  2.8 8 10.7  94    0    0 388 -393  1
3797500 2746500  8 28 23  16.1 1004 241  2.3 8 10.7  93    0    0 389 -394  1
3797500 2746500  8 28 24  16.1 1004 230  2.1 8 10.7  92    0    0 389 -395  1
3797500 2746500  8 29  1  16.2 1004 228  2.1 8 10.7  92    0    0 390 -395  1
3797500 2746500  8 29  2  16.2 1004 239  2.2 8 10.7  92    0    0 390 -396  1
3797500 2746500  8 29  3  16.2 1004 212  2.0 8 10.7  92    0    0 390 -396  1
3797500 2746500  8 29  4  16.3 1004 219  2.4 7 10.7  92    0    0 385 -397  1
3797500 2746500  8 29  5  16.3 1004 216  2.7 6 10.8  92    0    0 373 -397  1
3797500 2746500  8 29  6  16.1 1004 242  1.9 7 10.8  93    0    0 373 -397  1
3797500 2746500  8 29  7  16.4 1004 212  2.3 8 10.9  94    0   11 384 -396  1
3797500 2746500  8 29  8  16.4 1004 216  1.9 8 11.2  94    1   83 390 -397  1
3797500 2746500  8 29  9  16.7 1004 222  2.1 7 11.3  94    3  140 383 -401  1
3797500 2746500  8 29 10  17.4 1004 260  2.3 8 11.3  92    3  178 383 -405  1
3797500 2746500  8 29 11  17.7 1005 246  1.7 7 11.3  89   15  235 385 -407  1
3797500 2746500  8 29 12  18.8 1005 315  2.1 5 11.1  84  131  286 369 -408  1
3797500 2746500  8 29 13  20.7 1005 252  2.4 5 11.1  76  166  283 363 -416  1
3797500 2746500  8 29 14  21.5 1005 253  2.1 5 10.4  66  241  258 366 -428  1
3797500 2746500  8 29 15  20.8 1005 278  1.5 4  9.5  60  156  235 359 -435  1
3797500 2746500  8 29 16  21.1 1005 282  1.6 4  9.2  59  107  197 351 -438  1
3797500 2746500  8 29 17  20.8 1005 311  1.5 6  9.3  60   33  146 358 -436  1
3797500 2746500  8 29 18  20.0 1005 344  0.7 7  9.5  63   15   89 368 -429  1
3797500 2746500  8 29 19  19.0 1006 349  1.0 7  9.1  64   11   38 368 -419  1
3797500 2746500  8 29 20  17.8 1006 297  1.1 7  8.9  66    0    3 362 -408  1
3797500 2746500  8 29 21  16.6 1007 242  1.1 7  8.7  70    0    0 357 -401  1
3797500 2746500  8 29 22  15.6 1007 161  1.1 6  8.6  75    0    0 349 -398  1
3797500 2746500  8 29 23  14.7 1007 125  1.2 5  8.5  78    0    0 340 -396  1
3797500 2746500  8 29 24  14.0 1007 104  1.3 4  8.4  82    0    0 330 -392  1
3797500 2746500  8 30  1  13.6 1009 145  1.4 4  8.3  83    0    0 313 -389  1
3797500 2746500  8 30  2  13.3 1009 163  1.7 3  8.2  84    0    0 305 -386  1
3797500 2746500  8 30  3  13.1 1009 182  1.8 3  8.1  85    0    0 310 -385  1
3797500 2746500  8 30  4  13.0 1009 174  1.9 3  8.0  85    0    0 312 -384  1
3797500 2746500  8 30  5  13.4 1009 173  2.2 4  7.9  83    0    0 305 -383  1
3797500 2746500  8 30  6  13.3 1009 169  2.6 5  7.9  83    0    0 315 -381  1
3797500 2746500  8 30  7  14.0 1008 150  3.2 6  7.8  80    0   26 334 -379  1
3797500 2746500  8 30  8  15.1 1008 169  2.9 6  8.0  77    3  102 342 -380  1
3797500 2746500  8 30  9  16.0 1008 177  2.9 6  8.3  75   43  233 345 -385  1
3797500 2746500  8 30 10  17.4 1007 178  3.9 5  8.8  74  102  327 345 -394  1
3797500 2746500  8 30 11  18.8 1007 160  3.7 6  9.4  72   37  331 353 -403  1
3797500 2746500  8 30 12  19.2 1007 162  5.0 6  9.7  70   18  313 363 -413  1
3797500 2746500  8 30 13  20.0 1007 181  5.4 6  9.9  69   20  321 370 -424  1
3797500 2746500  8 30 14  19.5 1006 192  4.6 7  9.7  66    0  174 378 -432  1
3797500 2746500  8 30 15  19.0 1006 198  4.3 8  9.4  67    0  102 387 -434  1
3797500 2746500  8 30 16  18.5 1006 171  5.5 7  9.7  71    0  117 386 -430  1
3797500 2746500  8 30 17  17.9 1006 183  4.9 7 10.0  76    1  130 381 -424  1
3797500 2746500  8 30 18  17.8 1007 156  4.7 6 10.5  81    4  103 377 -413  1
3797500 2746500  8 30 19  18.6 1007 170  4.8 6 10.6  80    2   42 372 -404  1
3797500 2746500  8 30 20  18.2 1007 155  4.9 7 10.4  78    0    3 377 -401  1
3797500 2746500  8 30 21  18.4 1007 161  4.9 7 10.5  79    0    0 382 -400  1
3797500 2746500  8 30 22  18.0 1007 192  4.4 6 10.6  80    0    0 378 -399  1
3797500 2746500  8 30 23  18.6 1008 214  3.9 7 10.8  82    0    0 379 -400  1
3797500 2746500  8 30 24  18.7 1008 227  2.7 7 10.9  80    0    0 384 -401  1
3797500 2746500  8 31  1  18.0 1009 219  3.0 6 10.9  82    0    0 378 -403  1
3797500 2746500  8 31  2  17.5 1009 229  2.9 4 10.8  84    0    0 360 -405  1
3797500 2746500  8 31  3  16.6 1009 223  2.6 4 10.6  86    0    0 346 -405  1
3797500 2746500  8 31  4  17.1 1010 234  2.7 7 10.4  86    0    0 360 -404  1
3797500 2746500  8 31  5  16.6 1010 233  2.9 7 10.4  86    0    0 373 -403  1
3797500 2746500  8 31  6  16.3 1011 224  2.5 7 10.3  87    0    0 369 -401  1
3797500 2746500  8 31  7  16.1 1011 226  2.0 6 10.1  87    3   44 361 -400  1
3797500 2746500  8 31  8  16.3 1011 211  1.8 4 10.0  87   29  117 344 -402  1
3797500 2746500  8 31  9  16.6 1012 221  1.3 5  9.9  84   49  186 339 -410  1
3797500 2746500  8 31 10  18.3 1012 219  0.9 5 10.0  80  182  226 348 -422  1
3797500 2746500  8 31 11  19.6 1012 219  1.9 4  9.9  72  334  216 349 -438  1
3797500 2746500  8 31 12  20.5 1012 188  2.7 4  9.8  66  467  183 349 -455  1
3797500 2746500  8 31 13  21.7 1011 151  2.6 4  9.9  63  517  167 354 -469  1
3797500 2746500  8 31 14  23.1 1011 139  2.1 5  9.9  58  331  250 363 -478  1
3797500 2746500  8 31 15  23.0 1010 132  1.7 5 10.1  57  134  271 370 -484  1
3797500 2746500  8 31 16  24.7 1009 147  1.7 3 10.5  56  339  142 367 -485  1
3797500 2746500  8 31 17  25.0 1009 118  2.8 3 10.9  55  304   84 365 -481  1
3797500 2746500  8 31 18  24.7 1008 110  3.1 5 11.0  55   89   96 373 -472  1
3797500 2746500  8 31 19  23.5 1008 102  2.3 4 10.9  58   29   43 375 -459  1
3797500 2746500  8 31 20  22.8 1007 111  3.0 4 10.8  60    0    6 371 -449  1
3797500 2746500  8 31 21  22.7 1007 131  3.3 4 10.5  60    0    0 371 -444  1
3797500 2746500  8 31 22  23.0 1007 160  3.1 2 10.7  61    0    0 366 -439  1
3797500 2746500  8 31 23  22.7 1007 170  3.0 2 11.0  63    0    0 359 -432  1
3797500 2746500  8 31 24  22.4 1008 160  3.7 2 11.0  64    0    0 358 -425  1
3797500 2746500  9  1  1  22.5 1008 148  4.2 2 11.0  64    0    0 359 -415  1
3797500 2746500  9  1  2  22.5 1008 149  5.6 2 11.1  64    0    0 357 -412  1
3797500 2746500  9  1  3  22.2 1008 150  5.6 2 11.1  65    0    0 356 -407  1
3797500 2746500  9  1  4  21.9 1007 151  4.4 2 11.2  67    0    0 354 -403  1
3797500 2746500  9  1  5  22.1 1008 177  3.6 2 11.3  68    0    0 352 -399  1
3797500 2746500  9  1  6  20.8 1008 198  2.7 3 11.4  70    0    0 351 -396  1
3797500 2746500  9  1  7  20.7 1009 206  2.4 3 11.4  74   11   39 350 -395  1
3797500 2746500  9  1  8  20.5 1009 234  2.1 4 11.6  76   72  110 352 -399  1
3797500 2746500  9  1  9  21.3 1010 301  1.6 3 11.4  73  191  156 352 -407  1
3797500 2746500  9  1 10  22.2 1010 249  1.9 2 10.8  66  319  180 348 -418  1
3797500 2746500  9  1 11  22.9 1011 239  2.7 2 10.6  61  452  176 349 -431  1
3797500 2746500  9  1 12  22.8 1011 248  2.1 1 10.3  59  537  171 347 -442  1
3797500 2746500  9  1 13  24.0 1011 251  1.9 2 10.3  57  580  158 351 -452  1
3797500 2746500  9  1 14  24.8 1010 206  2.3 4 10.8  56  568  148 369 -458  1
3797500 2746500  9  1 15  25.5 1010 308  1.8 4 10.7  53  454  163 379 -460  1
3797500 2746500  9  1 16  25.4 1010 275  2.4 4 10.4  51  281  182 379 -460  1
3797500 2746500  9  1 17  25.1 1010 353  2.2 3 10.6  52  277  108 374 -459  1
3797500 2746500  9  1 18  24.0 1010 327  2.4 2 10.7  55  145   82 363 -450  1
3797500 2746500  9  1 19  23.1 1010 348  1.8 4 10.7  59   36   35 362 -438  1
3797500 2746500  9  1 20  22.0 1010 356  1.6 6 10.7  62    0    0 374 -428  1
3797500 2746500  9  1 21  21.1 1011 359  1.7 4 10.7  66    0    0 371 -422  1
3797500 2746500  9  1 22  21.1 1010 338  0.9 5 10.8  69    0    0 367 -418  1
3797500 2746500  9  1 23  20.5 1010 329  2.9 6 10.6  68    0    0 373 -415  1
3797500 2746500  9  1 24  18.7 1010 287  4.9 8 10.4  72    0    0 380 -412  1
3797500 2746500  9  2  1  17.3 1010 235  3.2 7 10.3  79    0    0 380 -407  1
3797500 2746500  9  2  2  17.1 1011  21  3.4 7 10.4  84    0    0 374 -402  1
3797500 2746500  9  2  3  16.7 1010 352  2.8 8 10.5  87    0    0 379 -400  1
3797500 2746500  9  2  4  16.3 1009 315  2.6 8 10.3  87    0    0 383 -397  1
3797500 2746500  9  2  5  15.8 1010 344  1.6 8 10.0  87    0    0 381 -396  1
3797500 2746500  9  2  6  15.2 1011 305  2.4 8  9.7  88    0    0 379 -396  1
3797500 2746500  9  2  7  15.0 1011 305  3.8 7  9.5  88    0   18 374 -395  1
3797500 2746500  9  2  8  14.8 1012 306  3.3 8  9.4  89    0   58 373 -395  1
3797500 2746500  9  2  9  14.8 1012 346  1.8 8  9.4  89    0  115 379 -398  1
3797500 2746500  9  2 10  15.6 1013 300  2.5 7  9.5  88    1  159 376 -406  1
3797500 2746500  9  2 11  16.9 1013 307  1.9 7  9.9  85   11  224 376 -414  1
3797500 2746500  9  2 12  17.1 1013 281  2.4 7 10.0  82    0  168 378 -417  1
3797500 2746500  9  2 13  18.1 1013 273  2.2 6  9.7  77    8  233 374 -427  1
3797500 2746500  9  2 14  18.6 1014 243  2.2 6  9.4  71    8  222 371 -436  1
3797500 2746500  9  2 15  18.7 1014 266  2.1 7  9.3  69    4  193 376 -443  1
3797500 2746500  9  2 16  19.2 1014 257  0.9 7  9.2  67    7  162 379 -447  1
3797500 2746500  9  2 17  19.0 1014 255  0.4 7  9.2  66   19  141 378 -441  1
3797500 2746500  9  2 18  18.8 1014 287  1.0 7  9.5  70   27   82 377 -434  1
3797500 2746500  9  2 19  18.4 1014 311  0.6 7  9.7  72   29   25 376 -427  1
3797500 2746500  9  2 20  16.9 1014 112  0.4 6  9.8  77    0    0 367 -415  1
3797500 2746500  9  2 21  16.4 1015 134  0.5 5  9.7  82    0    0 354 -405  1
3797500 2746500  9  2 22  15.8 1015 211  0.2 4  9.6  84    0    0 343 -398  1
3797500 2746500  9  2 23  15.8 1015  57  1.0 4  9.6  85    0    0 337 -392  1
3797500 2746500  9  2 24  15.4 1015  29  0.1 7  9.6  87    0    0 346 -388  1
3797500 2746500  9  3  1  15.1 1016  16  0.0 4  9.6  88    0    0 342 -384  1
3797500 2746500  9  3  2  14.4 1016  76  0.9 3  9.3  89    0    0 322 -380  1
3797500 2746500  9  3  3  14.0 1016  88  1.8 3  9.0  89    0    0 314 -378  1
3797500 2746500  9  3  4  14.3 1016  87  0.6 1  9.1  90    0    0 304 -377  1
3797500 2746500  9  3  5  13.6 1015  79  0.9 2  9.0  91    0    0 298 -376  1
3797500 2746500  9  3  6  13.5 1015  90  0.8 2  8.9  92    0    0 299 -374  1
3797500 2746500  9  3  7  13.2 1015  79  1.0 3  8.8  92   21   38 299 -374  1
3797500 2746500  9  3  8  14.5 1016  90  0.1 3  9.1  92   82  104 302 -378  1
3797500 2746500  9  3  9  16.8 1016 102  1.0 3 10.0  90  165  162 306 -389  1
3797500 2746500  9  3 10  18.3 1015 101  1.8 2 10.4  83  284  190 308 -408  1
3797500 2746500  9  3 11  19.6 1015  77  1.6 3 10.2  75  236  269 313 -429  1
3797500 2746500  9  3 12  20.2 1015 134  2.0 5  9.8  67  106  313 328 -446  1
3797500 2746500  9  3 13  21.5 1014 238  1.3 4  9.8  64   99  315 336 -459  1
3797500 2746500  9  3 14  21.5 1014 242  1.9 4 10.1  63  199  301 336 -467  1
3797500 2746500  9  3 15  22.2 1014 224  2.1 3  9.7  59  334  213 334 -470  1
3797500 2746500  9  3 16  22.8 1013 219  2.1 4  9.2  54  316  159 334 -469  1
3797500 2746500  9  3 17  22.7 1013 208  1.7 4  8.9  52  225  118 336 -462  1
3797500 2746500  9  3 18  22.4 1013 227  1.6 5  9.1  53  116   80 338 -453  1
3797500 2746500  9  3 19  20.9 1013 270  0.9 6  9.5  58   31   32 341 -440  1
3797500 2746500  9  3 20  19.0 1013 359  0.2 5  9.5  65    0    0 335 -425  1
3797500 2746500  9  3 21  18.5 1013 121  1.0 5  9.4  70    0    0 327 -415  1
3797500 2746500  9  3 22  18.6 1013 124  0.9 4  9.5  71    0    0 324 -411  1
3797500 2746500  9  3 23  17.8 1013 141  1.0 4  9.7  74    0    0 321 -408  1
3797500 2746500  9  3 24  17.3 1013 145  1.5 6  9.4  75    0    0 325 -405  1
3797500 2746500  9  4  1  17.0 1013 154  1.8 5  9.3  76    0    0 328 -403  1
3797500 2746500  9  4  2  17.6 1013 158  1.8 6  9.3  75    0    0 330 -400  1
3797500 2746500  9  4  3  17.6 1013 176  2.8 6  9.5  75    0    0 336 -399  1
3797500 2746500  9  4  4  17.3 1013 178  0.9 7  9.7  77    0    0 341 -398  1
3797500 2746500  9  4  5  16.7 1013 175  0.9 7  9.8  81    0    0 346 -397  1
3797500 2746500  9  4  6  16.5 1013 171  0.8 8  9.8  83    0    0 350 -396  1
3797500 2746500  9  4  7  16.8 1013 172  2.0 7  9.9  84   18   38 351 -396  1
3797500 2746500  9  4  8  17.5 1013 173  2.1 7 10.2  83    0   74 351 -400  1
3797500 2746500  9  4  9  17.9 1013 178  2.2 7 10.4  82    6  147 354 -410  1
3797500 2746500  9  4 10  18.9 1012 168  2.7 7 10.8  81    6  191 358 -422  1
3797500 2746500  9  4 11  19.8 1013 182  3.0 7 11.1  78   30  261 363 -434  1
3797500 2746500  9  4 12  21.2 1013 192  3.2 6 11.3  74  182  315 366 -438  1
3797500 2746500  9  4 13  22.0 1012 191  3.5 6 11.1  69  209  315 368 -441  1
3797500 2746500  9  4 14  21.8 1012 218  3.4 8 10.8  65   28  268 375 -441  1
3797500 2746500  9  4 15  21.2 1012 177  3.2 8 10.9  68    0  151 380 -432  1
3797500 2746500  9  4 16  22.7 1012 203  4.6 6 10.7  64   91  221 378 -429  1
3797500 2746500  9  4 17  22.9 1011 198  4.2 4 10.0  58  264  101 371 -432  1
3797500 2746500  9  4 18  22.3 1011 219  3.5 3  9.4  55  123   78 360 -431  1
3797500 2746500  9  4 19  20.9 1011 174  1.6 5  9.4  58   29   32 358 -426  1
3797500 2746500  9  4 20  20.2 1011 177  1.9 6  9.8  65    0    0 362 -420  1
3797500 2746500  9  4 21  19.9 1012 189  2.3 6 10.0  68    0    0 361 -416  1
3797500 2746500  9  4 22  19.6 1012 203  1.7 4 10.1  70    0    0 355 -414  1
3797500 2746500  9  4 23  18.6 1012 189  1.8 4 10.0  72    0    0 348 -412  1
3797500 2746500  9  4 24  18.6 1012 200  2.3 6 10.1  75    0    0 353 -408  1
3797500 2746500  9  5  1  18.7 1012 194  3.3 6 10.3  76    0    0 356 -404  1
3797500 2746500  9  5  2  17.9 1012 211  2.3 6 10.6  80    0    0 351 -400  1
3797500 2746500  9  5  3  17.6 1012 213  1.8 6 10.9  85    0    0 348 -399  1
3797500 2746500  9  5  4  17.7 1012 177  1.1 8 11.0  87    0    0 351 -400  1
3797500 2746500  9  5  5  17.3 1012 189  0.7 8 11.0  88    0    0 356 -398  1
3797500 2746500  9  5  6  17.1 1012 192  1.5 8 11.0  89    0    0 355 -394  1
3797500 2746500  9  5  7  17.0 1012 161  1.1 6 11.0  90    1   32 347 -390  1
3797500 2746500  9  5  8  17.6 1012 199  1.4 7 11.1  90    0   55 342 -390  1
3797500 2746500  9  5  9  17.8 1012 246  1.1 8 11.3  88    0   98 349 -399  1
3797500 2746500  9  5 10  18.6 1012 213  0.9 7 11.5  88   24  228 351 -413  1
3797500 2746500  9  5 11  19.0 1012 217  1.1 7 11.7  85   29  262 351 -429  1
3797500 2746500  9  5 12  20.2 1012 264  2.1 7 11.3  78   55  298 355 -443  1
3797500 2746500  9  5 13  20.4 1012 255  2.1 8 11.1  74    7  239 361 -453  1
3797500 2746500  9  5 14  20.6 1012 253  1.8 8 11.1  73   13  246 365 -459  1
3797500 2746500  9  5 15  20.8 1012 295  2.4 7 11.2  73    6  205 364 -460  1
3797500 2746500  9  5 16  21.0 1011 319  1.9 7 11.4  73   21  198 363 -457  1
3797500 2746500  9  5 17  20.2 1011 262  2.5 8 11.0  72    1  114 365 -451  1
3797500 2746500  9  5 18  19.6 1011 267  2.4 8 10.5  72    0   60 365 -443  1
3797500 2746500  9  5 19  18.8 1011 262  1.8 8 10.1  72    1   20 363 -431  1
3797500 2746500  9  5 20  18.1 1011 260  1.5 8 10.0  75    0    0 362 -419  1
3797500 2746500  9  5 21  17.3 1012 262  0.9 8 10.1  79    0    0 362 -411  1
3797500 2746500  9  5 22  17.1 1012 283  0.2 7  9.8  80    0    0 359 -407  1
3797500 2746500  9  5 23  16.8 1012 321  1.2 6  9.3  77    0    0 351 -404  1
3797500 2746500  9  5 24  16.3 1013 302  1.0 5  9.1  77    0    0 343 -403  1
3797500 2746500  9  6  1  16.2 1013 316  1.5 7  9.0  78    0    0 347 -403  1
3797500 2746500  9  6  2  15.7 1013 319  0.8 5  9.0  79    0    0 346 -401  1
3797500 2746500  9  6  3  14.5 1013 276  0.0 3  8.7  81    0    0 329 -398  1
3797500 2746500  9  6  4  14.0 1013 240  0.8 2  8.6  85    0    0 315 -392  1
3797500 2746500  9  6  5  13.4 1013 212  0.9 2  8.6  87    0    0 310 -387  1
3797500 2746500  9  6  6  13.0 1013 224  1.4 2  8.4  89    0    0 307 -383  1
3797500 2746500  9  6  7  12.2 1013 206  1.9 2  8.2  89   15   36 303 -381  1
3797500 2746500  9  6  8  13.5 1014 203  2.5 3  8.4  90   60  101 305 -382  1
3797500 2746500  9  6  9  15.6 1014 220  2.9 3  9.0  87  216  122 314 -389  1
3797500 2746500  9  6 10  17.3 1015 221  3.8 3  9.4  80  270  171 322 -400  1
3797500 2746500  9  6 11  17.8 1015 229  4.1 4  9.7  77  203  255 331 -412  1
3797500 2746500  9  6 12  18.7 1015 241  5.0 5  9.5  72  150  294 342 -424  1
3797500 2746500  9  6 13  19.7 1015 232  5.0 3  8.9  64  369  226 340 -433  1
3797500 2746500  9  6 14  19.8 1015 256  4.0 2  8.5  59  535  116 330 -439  1
3797500 2746500  9  6 15  20.1 1015 262  4.8 4  8.2  56  266  215 332 -442  1
3797500 2746500  9  6 16  19.7 1015 285  2.8 6  8.1  56   15  182 344 -441  1
3797500 2746500  9  6 17  19.8 1015 248  3.4 7  8.1  57   10  133 353 -435  1
3797500 2746500  9  6 18  19.6 1015 253  3.3 3  8.1  56   93   72 343 -428  1
3797500 2746500  9  6 19  18.7 1015 266  2.1 3  7.9  57   23   26 325 -421  1
3797500 2746500  9  6 20  17.4 1015 247  1.6 3  7.9  61    0    0 320 -415  1
3797500 2746500  9  6 21  16.4 1015 235  1.0 1  7.9  66    0    0 308 -411  1
3797500 2746500  9  6 22  15.8 1015 221  1.3 1  7.9  69    0    0 299 -407  1
3797500 2746500  9  6 23  15.6 1015 224  1.8 2  7.8  70    0    0 304 -403  1
3797500 2746500  9  6 24  15.2 1016 209  1.9 1  7.7  71    0    0 304 -400  1
3797500 2746500  9  7  1  14.9 1015 205  2.4 2  7.4  70    0    0 304 -397  1
3797500 2746500  9  7  2  14.3 1015 207  2.0 3  7.4  71    0    0 312 -393  1
3797500 2746500  9  7  3  14.6 1015 217  3.1 4  7.6  74    0    0 322 -390  1
3797500 2746500  9  7  4  14.6 1015 219  3.1 7  7.8  76    0    0 340 -388  1
3797500 2746500  9  7  5  14.5 1015 219  3.2 8  8.0  78    0    0 357 -387  1
3797500 2746500  9  7  6  13.8 1015 210  3.2 8  8.2  82    0    0 362 -386  1
3797500 2746500  9  7  7  13.7 1015 211  3.7 7  8.4  86    4   32 356 -387  1
3797500 2746500  9  7  8  13.9 1015 218  3.8 5  8.6  87   39   91 343 -387  1
3797500 2746500  9  7  9  14.0 1015 220  3.9 7  8.8  88    4  134 345 -389  1
3797500 2746500  9  7 10  13.8 1016 211  4.0 8  8.8  89    0  110 360 -390  1
3797500 2746500  9  7 11  14.2 1016 233  4.4 8  8.9  90    0   65 365 -396  1
3797500 2746500  9  7 12  14.7 1016 245  3.2 8  9.2  89    0   82 368 -407  1
3797500 2746500  9  7 13  15.2 1017 256  2.1 8  9.3  88    0   80 371 -416  1
3797500 2746500  9  7 14  15.5 1017 227  2.8 8  9.5  88    0  145 374 -423  1
3797500 2746500  9  7 15  16.2 1017 229  4.7 6  9.9  88   20  210 368 -428  1
3797500 2746500  9  7 16  15.8 1017 259  2.6 7  9.8  86    7  159 364 -431  1
3797500 2746500  9  7 17  17.4 1017 260  4.2 5  9.8  83  166   88 363 -428  1
3797500 2746500  9  7 18  17.0 1017 229  3.3 6  9.8  80   57   66 362 -423  1
3797500 2746500  9  7 19  16.6 1018 229  3.3 5  9.6  80    6   20 360 -416  1
3797500 2746500  9  7 20  15.5 1018 223  1.7 4  9.3  82    0    0 346 -407  1
3797500 2746500  9  7 21  15.2 1019 256  1.6 2  9.1  83    0    0 330 -400  1
3797500 2746500  9  7 22  15.3 1019 218  1.3 3  9.2  85    0    0 326 -394  1
3797500 2746500  9  7 23  15.5 1020 229  1.2 4  9.4  86    0    0 334 -389  1
3797500 2746500  9  7 24  14.9 1020 200  2.3 2  9.4  87    0    0 331 -386  1
3797500 2746500  9  8  1  15.3 1020 231  2.6 2  9.5  89    0    0 322 -384  1
3797500 2746500  9  8  2  14.4 1020 222  3.0 2  9.4  89    0    0 322 -382  1
3797500 2746500  9  8  3  14.4 1020 212  3.2 1  9.0  88    0    0 317 -380  1
3797500 2746500  9  8  4  14.1 1019 223  2.8 0  8.9  88    0    0 307 -378  1
3797500 2746500  9  8  5  14.1 1019 223  3.0 1  8.8  88    0    0 307 -377  1
3797500 2746500  9  8  6  14.2 1019 214  3.7 1  8.8  88    0    0 312 -376  1
3797500 2746500  9  8  7  14.2 1018 213  3.2 4  8.8  87    2   32 325 -375  1
3797500 2746500  9  8  8  14.5 1018 212  3.1 7  8.9  87    6   94 353 -377  1
3797500 2746500  9  8  9  14.8 1018 220  3.4 8  9.1  88    0  107 374 -385  1
3797500 2746500  9  8 10  15.7 1018 220  3.4 8  9.5  88    3  178 380 -398  1
3797500 2746500  9  8 11  16.4 1018 220  4.4 8  9.9  87    3  203 383 -412  1
3797500 2746500  9  8 12  18.0 1018 221  5.3 7 10.2  83   25  279 381 -426  1
3797500 2746500  9  8 13  18.8 1017 241  4.9 7 10.4  78   21  275 380 -436  1
3797500 2746500  9  8 14  19.3 1017 251  6.2 6  9.9  72   68  303 376 -444  1
3797500 2746500  9  8 15  19.4 1016 250  6.4 5  9.2  65  158  293 367 -447  1
3797500 2746500  9  8 16  20.5 1016 259  5.5 4  9.0  62  182  230 357 -446  1
3797500 2746500  9  8 17  19.7 1015 270  5.5 5  8.9  60  115  168 357 -441  1
3797500 2746500  9  8 18  19.0 1015 282  4.5 5  8.7  62   49   96 357 -432  1
3797500 2746500  9  8 19  18.0 1015 296  3.6 6  8.5  64    9   27 358 -420  1
3797500 2746500  9  8 20  16.9 1015 278  2.6 6  8.2  66    0    0 357 -409  1
3797500 2746500  9  8 21  15.5 1016 259  2.0 4  8.0  70    0    0 342 -400  1
3797500 2746500  9  8 22  14.9 1016 257  1.7 3  7.9  73    0    0 325 -395  1
3797500 2746500  9  8 23  14.3 1016 247  1.2 3  7.8  76    0    0 318 -394  1
3797500 2746500  9  8 24  14.5 1016 227  1.5 5  7.9  77    0    0 327 -394  1
3797500 2746500  9  9  1  14.4 1015 228  2.2 6  8.0  78    0    0 341 -394  1
3797500 2746500  9  9  2  14.1 1015 235  2.3 7  8.1  80    0    0 351 -393  1
3797500 2746500  9  9  3  14.3 1015 209  2.3 8  8.4  83    0    0 360 -391  1
3797500 2746500  9  9  4  14.3 1014 218  2.5 8  8.6  85    0    0 366 -389  1
3797500 2746500  9  9  5  14.4 1014 236  1.8 8  8.8  86    0    0 365 -389  1
3797500 2746500  9  9  6  14.0 1014 246  1.9 7  8.9  88    0    0 360 -390  1
3797500 2746500  9  9  7  14.0 1013 251  1.6 7  8.9  89    0   20 354 -390  1
3797500 2746500  9  9  8  14.5 1014 252  1.7 7  9.1  90    3   79 354 -391  1
3797500 2746500  9  9  9  15.1 1014 256  0.6 7  9.3  89    5  137 356 -395  1
3797500 2746500  9  9 10  15.7 1014 257  2.7 7  9.5  86   11  194 358 -400  1
3797500 2746500  9  9 11  16.7 1014 257  3.4 7  9.1  79   18  227 357 -408  1
3797500 2746500  9  9 12  17.3 1013 274  4.0 7  8.5  70   15  242 356 -418  1
3797500 2746500  9  9 13  17.4 1013 277  4.8 6  8.0  65   63  276 348 -427  1
3797500 2746500  9  9 14  18.7 1013 320  5.8 3  7.4  58  325  220 333 -432  1
3797500 2746500  9  9 15  18.4 1013 280  6.0 4  7.2  54  156  239 327 -434  1
3797500 2746500  9  9 16  18.0 1013 322  6.0 5  7.4  56   56  193 331 -431  1
3797500 2746500  9  9 17  17.4 1013 287  5.2 4  7.2  57  133  122 327 -424  1
3797500 2746500  9  9 18  16.9 1013 304  4.7 4  6.6  54   61   70 319 -413  1
3797500 2746500  9  9 19  15.7 1014 315  4.3 4  6.6  57    3   18 316 -401  1
3797500 2746500  9  9 20  14.5 1014 296  3.0 4  6.5  61    0    0 312 -389  1
3797500 2746500  9  9 21  14.5 1015 315  3.7 4  6.3  61    0    0 309 -381  1
3797500 2746500  9  9 22  13.2 1015 315  2.7 5  6.6  67    0    0 313 -377  1
3797500 2746500  9  9 23  12.6 1016 315  1.6 5  6.7  73    0    0 315 -372  1
3797500 2746500  9  9 24  12.5 1016 308  2.0 2  6.6  74    0    0 302 -368  1
3797500 2746500  9 10  1  12.2 1017 302  1.7 5  6.6  74    0    0 302 -364  1
3797500 2746500  9 10  2  11.7 1017 299  1.6 6  6.4  74    0    0 319 -360  1
3797500 2746500  9 10  3  12.1 1017 245  1.6 5  6.3  73    0    0 320 -357  1
3797500 2746500  9 10  4  11.7 1017 254  1.4 7  6.5  75    0    0 324 -355  1
3797500 2746500  9 10  5  12.0 1017 254  1.8 7  6.5  76    0    0 332 -353  1
3797500 2746500  9 10  6  11.8 1017 236  1.6 7  6.5  76    0    0 331 -351  1
3797500 2746500  9 10  7  11.8 1017 248  1.5 8  6.6  76    0   23 337 -350  1
3797500 2746500  9 10  8  12.1 1018 256  1.6 7  6.6  76    5   83 339 -352  1
3797500 2746500  9 10  9  12.9 1018 248  2.1 6  6.7  74   41  165 331 -362  1
3797500 2746500  9 10 10  14.4 1018 268  2.7 6  6.8  70  135  216 329 -376  1
3797500 2746500  9 10 11  14.5 1018 272  3.1 6  6.6  64  136  258 332 -391  1
3797500 2746500  9 10 12  15.3 1018 299  2.6 6  6.2  59  118  279 333 -405  1
3797500 2746500  9 10 13  16.3 1018 317  1.6 7  6.2  55  104  280 340 -416  1
3797500 2746500  9 10 14  16.8 1018 342  1.3 6  5.9  50  177  268 343 -423  1
3797500 2746500  9 10 15  16.9 1017 323  2.9 4  5.7  48  256  210 332 -427  1
3797500 2746500  9 10 16  17.6 1017 329  2.7 4  5.9  49  269  140 327 -426  1
3797500 2746500  9 10 17  16.7 1016 292  1.5 4  6.0  49  206   96 328 -421  1
3797500 2746500  9 10 18  17.1 1016  17  1.3 4  5.9  50  116   58 328 -413  1
3797500 2746500  9 10 19  15.5 1016 341  0.8 6  6.2  54   17   22 336 -402  1
3797500 2746500  9 10 20  13.7 1016   4  0.1 6  6.4  62    0    0 337 -391  1
3797500 2746500  9 10 21  13.0 1016  14  0.2 5  6.4  67    0    0 325 -381  1
3797500 2746500  9 10 22  12.3 1016  27  0.9 2  6.4  71    0    0 305 -375  1
3797500 2746500  9 10 23  11.7 1016  42  1.2 1  6.4  73    0    0 287 -370  1
3797500 2746500  9 10 24  11.1 1016  61  1.1 1  6.4  76    0    0 280 -365  1
3797500 2746500  9 11  1  11.5 1016  92  2.2 1  6.2  75    0    0 278 -362  1
3797500 2746500  9 11  2  10.5 1016 104  1.0 0  6.1  75    0    0 272 -360  1
3797500 2746500  9 11  3  11.0 1015 124  2.5 1  6.2  77    0    0 270 -358  1
3797500 2746500  9 11  4  11.0 1015 121  3.2 1  6.2  76    0    0 273 -357  1
3797500 2746500  9 11  5  10.7 1014 112  2.9 1  6.1  76    0    0 272 -355  1
3797500 2746500  9 11  6  10.6 1014 149  1.7 2  6.2  77    0    0 274 -354  1
3797500 2746500  9 11  7  10.6 1013 140  2.3 4  6.2  78    6   29 283 -354  1
3797500 2746500  9 11  8  12.3 1013 166  2.5 4  6.5  77   41  100 291 -358  1
3797500 2746500  9 11  9  14.0 1012 109  2.7 4  6.8  72  152  150 295 -369  1
3797500 2746500  9 11 10  16.3 1011 127  3.7 6  6.9  64  282  159 307 -387  1
3797500 2746500  9 11 11  17.3 1010 165  4.5 6  7.0  58  357  191 317 -407  1
3797500 2746500  9 11 12  17.4 1010 136  4.3 7  6.8  55  255  275 321 -426  1
3797500 2746500  9 11 13  18.7 1009 135  3.5 6  6.9  53  324  255 323 -440  1
3797500 2746500  9 11 14  19.6 1008 127  3.8 7  7.0  50  211  274 326 -449  1
3797500 2746500  9 11 15  19.9 1007 144  5.0 6  7.0  49  179  246 326 -452  1
3797500 2746500  9 11 16  20.0 1005 162  4.2 7  7.2  49   66  194 326 -452  1
3797500 2746500  9 11 17  20.2 1004 153  3.0 7  7.3  49   48  139 326 -447  1
3797500 2746500  9 11 18  19.9 1004 141  1.9 6  7.3  50   38   73 324 -437  1
3797500 2746500  9 11 19  18.9 1003 146  1.9 7  7.2  51    2   16 323 -424  1
3797500 2746500  9 11 20  18.9 1002 160  2.3 6  6.9  50    0    0 322 -412  1
3797500 2746500  9 11 21  18.6 1002 171  2.5 6  6.8  50    0    0 320 -405  1
3797500 2746500  9 11 22  18.3 1001 180  2.6 5  6.7  50    0    0 317 -405  1
3797500 2746500  9 11 23  17.7 1001 188  2.6 5  7.2  56    0    0 316 -406  1
3797500 2746500  9 11 24  16.9 1001 197  2.6 5  7.8  65    0    0 316 -405  1
3797500 2746500  9 12  1  16.1 1004 204  2.7 6  8.6  75    0    0 357 -402  1
3797500 2746500  9 12  2  15.4 1004 208  2.7 6  9.2  82    0    0 353 -400  1
3797500 2746500  9 12  3  15.0 1005 209  2.7 7  9.5  87    0    0 351 -399  1
3797500 2746500  9 12  4  14.8 1005 204  2.8 6  9.3  87    0    0 345 -397  1
3797500 2746500  9 12  5  14.7 1005 194  2.7 7  9.2  87    0    0 339 -395  1
3797500 2746500  9 12  6  14.2 1005 181  2.9 7  9.0  87    0    0 340 -393  1
3797500 2746500  9 12  7  14.8 1005 172  3.9 7  8.9  86    0   20 344 -393  1
3797500 2746500  9 12  8  15.5 1004 172  4.5 6  9.1  83   38   96 344 -394  1
3797500 2746500  9 12  9  16.3 1004 181  4.5 6  9.2  81   94  160 347 -401  1
3797500 2746500  9 12 10  17.2 1004 171  5.3 7  9.4  78   79  222 359 -411  1
3797500 2746500  9 12 11  18.4 1003 179  5.0 6  9.7  75  103  266 364 -420  1
3797500 2746500  9 12 12  20.2 1003 191  4.1 5  9.8  69  142  292 361 -426  1
3797500 2746500  9 12 13  21.3 1002 219  6.0 7  9.4  60   98  295 372 -432  1
3797500 2746500  9 12 14  21.9 1002 220  7.3 7  9.2  56  157  279 388 -439  1
3797500 2746500  9 12 15  21.4 1002 215  6.4 6  9.8  60   46  232 389 -443  1
3797500 2746500  9 12 16  19.8 1002 219  7.6 7 10.3  67    0   98 388 -443  1
3797500 2746500  9 12 17  19.8 1002 224  7.1 7 10.7  73    0   74 391 -442  1
3797500 2746500  9 12 18  20.2 1002 225  3.2 7 10.9  73    6   61 392 -440  1
3797500 2746500  9 12 19  20.2 1002 216  5.3 7 11.0  73    0   12 393 -434  1
3797500 2746500  9 12 20  20.1 1002 220  3.7 6 11.1  74    0    0 388 -426  1
3797500 2746500  9 12 21  19.9 1002 222  5.4 5 11.2  75    0    0 379 -419  1
3797500 2746500  9 12 22  19.2 1003 217  3.7 4 11.1  77    0    0 368 -414  1
3797500 2746500  9 12 23  19.5 1003 247  3.7 5 11.1  78    0    0 367 -408  1
3797500 2746500  9 12 24  18.3 1004 242  4.8 4 10.5  76    0    0 364 -405  1
3797500 2746500  9 13  1  17.9 1004 240  4.1 4  9.8  74    0    0 355 -402  1
3797500 2746500  9 13  2  17.3 1004 240  4.9 5  9.4  74    0    0 355 -397  1
3797500 2746500  9 13  3  16.6 1004 240  4.8 6  9.1  74    0    0 361 -393  1
3797500 2746500  9 13  4  15.7 1005 240  3.0 7  8.7  75    0    0 365 -391  1
3797500 2746500  9 13  5  15.2 1005 237  3.8 7  8.4  76    0    0 366 -389  1
3797500 2746500  9 13  6  15.1 1005 225  3.6 7  8.5  78    0    0 365 -387  1
3797500 2746500  9 13  7  15.0 1005 226  3.7 6  8.6  79    0   19 360 -384  1
3797500 2746500  9 13  8  14.9 1005 227  3.0 7  8.5  79   19   91 359 -385  1
3797500 2746500  9 13  9  15.9 1005 239  4.0 5  8.4  76  123  144 356 -391  1
3797500 2746500  9 13 10  16.6 1005 237  4.7 5  8.3  71  139  204 349 -401  1
3797500 2746500  9 13 11  17.4 1005 242  5.7 6  8.0  66  131  253 356 -412  1
3797500 2746500  9 13 12  17.5 1005 250  5.2 6  7.8  62  108  280 362 -421  1
3797500 2746500  9 13 13  18.2 1005 253  5.7 5  7.7  60   95  281 358 -429  1
3797500 2746500  9 13 14  18.0 1005 244  4.5 5  7.8  59   82  262 354 -434  1
3797500 2746500  9 13 15  18.2 1006 245  3.2 7  7.8  60   43  219 358 -436  1
3797500 2746500  9 13 16  18.9 1006 245  4.2 4  7.5  56  195  159 355 -434  1
3797500 2746500  9 13 17  18.7 1006 236  3.6 2  7.2  53  263   54 338 -428  1
3797500 2746500  9 13 18  17.7 1006 238  2.7 3  7.6  58   68   58 333 -423  1
3797500 2746500  9 13 19  17.2 1006 224  3.0 4  7.9  63    5   15 337 -417  1
3797500 2746500  9 13 20  16.5 1005 219  3.0 3  7.8  65    0    0 333 -412  1
3797500 2746500  9 13 21  16.6 1006 240  4.3 4  7.6  64    0    0 331 -405  1
3797500 2746500  9 13 22  16.1 1006 239  3.7 5  7.5  64    0    0 337 -398  1
3797500 2746500  9 13 23  15.6 1006 241  4.4 5  7.3  65    0    0 340 -392  1
3797500 2746500  9 13 24  15.2 1006 239  3.8 4  7.2  66    0    0 333 -389  1
3797500 2746500  9 14  1  14.8 1007 242  3.6 4  7.3  68    0    0 326 -386  1
3797500 2746500  9 14  2  13.9 1007 240  3.6 4  7.4  72    0    0 324 -386  1
3797500 2746500  9 14  3  13.7 1007 240  3.6 6  7.5  75    0    0 332 -385  1
3797500 2746500  9 14  4  13.5 1008 240  3.0 8  7.5  77    0    0 349 -381  1
3797500 2746500  9 14  5  13.1 1008 229  3.0 7  7.5  78    0    0 354 -375  1
3797500 2746500  9 14  6  12.3 1008 229  2.7 5  7.4  80    0    0 338 -371  1
3797500 2746500  9 14  7  12.2 1009 219  2.8 0  7.3  81   10   29 301 -368  1
3797500 2746500  9 14  8  12.9 1009 229  3.6 0  7.2  79  114   67 275 -368  1
3797500 2746500  9 14  9  13.8 1010 238  3.9 1  7.2  75  266   80 281 -373  1
3797500 2746500  9 14 10  14.4 1010 248  4.6 1  7.2  71  386   93 288 -383  1
3797500 2746500  9 14 11  15.7 1011 231  4.4 2  7.1  67  394  149 296 -394  1
3797500 2746500  9 14 12  16.6 1011 232  5.4 3  7.0  61  406  183 310 -405  1
3797500 2746500  9 14 13  16.8 1011 236  5.4 3  6.8  57  265  257 316 -413  1
3797500 2746500  9 14 14  16.9 1011 240  5.2 3  6.8  56   90  264 317 -418  1
3797500 2746500  9 14 15  16.7 1011 232  4.4 6  6.8  57    2  165 331 -420  1
3797500 2746500  9 14 16  16.8 1011 247  3.6 6  6.8  57   10  154 345 -420  1
3797500 2746500  9 14 17  16.8 1011 228  3.7 6  6.9  57   53  129 345 -416  1
3797500 2746500  9 14 18  16.5 1011 238  3.1 5  6.9  58   37   65 340 -411  1
3797500 2746500  9 14 19  15.7 1011 226  1.3 4  7.0  61    4   13 331 -401  1
3797500 2746500  9 14 20  14.8 1011 227  1.7 3  7.1  65    0    0 319 -391  1
3797500 2746500  9 14 21  14.3 1012 216  1.1 2  7.1  68    0    0 307 -384  1
3797500 2746500  9 14 22  13.8 1012 222  1.7 2  7.1  71    0    0 301 -380  1
3797500 2746500  9 14 23  13.7 1012 230  1.8 3  7.1  72    0    0 305 -377  1
3797500 2746500  9 14 24  13.9 1012 224  1.9 4  7.0  71    0    0 314 -374  1
3797500 2746500  9 15  1  13.6 1012 230  2.2 5  7.1  73    0    0 323 -374  1
3797500 2746500  9 15  2  13.2 1012 227  2.8 4  7.4  77    0    0 324 -376  1
3797500 2746500  9 15  3  12.9 1012 225  2.5 3  7.7  81    0    0 314 -378  1
3797500 2746500  9 15  4  13.0 1012 219  2.7 6  7.9  84    0    0 323 -378  1
3797500 2746500  9 15  5  12.7 1012 229  2.4 7  8.0  86    0    0 343 -374  1
3797500 2746500  9 15  6  12.7 1013 231  2.0 7  8.1  88    0    0 349 -369  1
3797500 2746500  9 15  7  12.8 1013 212  2.5 7  8.2  89    0   22 349 -366  1
3797500 2746500  9 15  8  13.0 1013 213  2.1 7  8.3  89   18   78 350 -366  1
3797500 2746500  9 15  9  13.8 1014 220  1.9 5  8.4  88  106  122 340 -373  1
3797500 2746500  9 15 10  14.8 1014 255  1.7 5  8.5  84  128  170 333 -386  1
3797500 2746500  9 15 11  15.7 1015 236  1.8 5  8.7  80  220  178 337 -400  1
3797500 2746500  9 15 12  16.3 1015 235  2.1 4  8.6  76  205  208 334 -412  1
3797500 2746500  9 15 13  17.3 1015 250  2.1 4  8.4  70  110  236 331 -420  1
3797500 2746500  9 15 14  17.3 1015 267  1.6 5  8.2  66   53  221 336 -425  1
3797500 2746500  9 15 15  17.5 1015 320  1.4 6  7.9  64   51  195 344 -428  1
3797500 2746500  9 15 16  17.9 1014 294  1.9 5  7.7  61   68  153 345 -427  1
3797500 2746500  9 15 17  18.1 1014 333  1.6 5  7.6  59  166   59 341 -422  1
3797500 2746500  9 15 18  17.7 1014 318  1.2 4  7.5  59   80   46 337 -415  1
3797500 2746500  9 15 19  15.5 1014   4  0.8 1  7.7  66    5   11 315 -405  1
3797500 2746500  9 15 20  14.8 1014  20  1.2 1  7.8  73    0    0 297 -395  1
3797500 2746500  9 15 21  13.6 1014  38  1.0 2  7.7  76    0    0 295 -387  1
3797500 2746500  9 15 22  13.8 1015  89  1.3 2  7.7  79    0    0 295 -381  1
3797500 2746500  9 15 23  12.9 1015  72  0.9 2  7.5  78    0    0 292 -375  1
3797500 2746500  9 15 24  13.1 1015  49  1.6 3  7.4  80    0    0 293 -372  1
3797500 2746500  9 16  1  12.7 1015  52  1.5 5  7.4  80    0    0 300 -368  1
3797500 2746500  9 16  2  12.3 1015  68  0.9 7  7.3  81    0    0 310 -366  1
3797500 2746500  9 16  3  11.5 1015  90  1.1 7  7.3  84    0    0 313 -363  1
3797500 2746500  9 16  4  11.1 1014 110  1.0 6  7.2  87    0    0 308 -361  1
3797500 2746500  9 16  5  11.2 1014  89  1.6 5  7.2  87    0    0 303 -359  1
3797500 2746500  9 16  6  10.9 1014  85  1.2 2  7.2  88    0    0 290 -359  1
3797500 2746500  9 16  7  10.4 1013  89  1.4 2  7.1  89    3   26 280 -359  1
3797500 2746500  9 16  8  12.0 1013 103  1.5 3  7.2  87   50   92 285 -361  1
3797500 2746500  9 16  9  13.8 1013  98  2.1 5  7.5  80  150  144 301 -371  1
3797500 2746500  9 16 10  16.3 1013  62  1.4 5  7.9  74  252  178 318 -386  1
3797500 2746500  9 16 11  17.6 1012  49  1.9 5  8.2  68  340  196 326 -405  1
3797500 2746500  9 16 12  18.3 1011  96  3.7 6  7.8  61  377  216 335 -424  1
3797500 2746500  9 16 13  19.0 1011 108  3.7 6  7.6  56  311  255 341 -438  1
3797500 2746500  9 16 14  19.8 1010 145  2.8 5  7.5  53  232  265 343 -447  1
3797500 2746500  9 16 15  19.7 1009 143  3.0 6  7.6  53   38  222 345 -452  1
3797500 2746500  9 16 16  19.1 1008 128  2.5 7  7.9  56    0   83 352 -452  1
3797500 2746500  9 16 17  19.6 1007 121  2.7 6  7.9  56    0   85 351 -447  1
3797500 2746500  9 16 18  19.5 1007 143  2.7 7  8.0  56    6   54 352 -438  1
3797500 2746500  9 16 19  18.8 1006 162  3.2 7  8.0  57    0    9 354 -428  1
3797500 2746500  9 16 20  18.6 1006 161  4.9 7  7.9  58    0    0 353 -420  1
3797500 2746500  9 16 21  18.4 1005 158  4.2 7  8.0  60    0    0 354 -416  1
3797500 2746500  9 16 22  18.1 1005 169  3.4 7  8.3  63    0    0 354 -413  1
3797500 2746500  9 16 23  17.8 1005 178  3.1 6  8.6  67    0    0 352 -408  1
3797500 2746500  9 16 24  17.5 1005 180  2.6 7  8.9  70    0    0 352 -402  1
3797500 2746500  9 17  1  18.1 1005 187  2.4 8  9.2  71    0    0 357 -396  1
3797500 2746500  9 17  2  17.7 1004 207  2.5 6  9.5  73    0    0 354 -392  1
3797500 2746500  9 17  3  17.2 1004 218  3.0 4  9.8  77    0    0 337 -388  1
3797500 2746500  9 17  4  16.3 1004 219  3.6 6  9.8  81    0    0 334 -385  1
3797500 2746500  9 17  5  16.0 1004 230  3.1 6  9.5  82    0    0 338 -381  1
3797500 2746500  9 17  6  14.9 1004 230  3.4 5  9.0  81    0    0 329 -379  1
3797500 2746500  9 17  7  14.8 1004 219  3.7 4  8.7  81    0   13 315 -377  1
3797500 2746500  9 17  8  14.9 1005 220  4.0 5  8.4  79    1   62 312 -377  1
3797500 2746500  9 17  9  15.5 1005 219  4.6 6  8.3  76   45  157 322 -384  1
3797500 2746500  9 17 10  15.9 1005 218  4.5 6  8.3  74   66  212 328 -394  1
3797500 2746500  9 17 11  16.6 1005 227  4.0 6  8.4  72   76  251 329 -406  1
3797500 2746500  9 17 12  18.5 1004 227  3.9 6  8.4  66   90  276 333 -417  1
3797500 2746500  9 17 13  18.3 1004 219  4.4 7  8.2  62   45  261 344 -427  1
3797500 2746500  9 17 14  18.5 1004 221  5.3 6  8.1  60  114  265 346 -433  1
3797500 2746500  9 17 15  18.8 1003 220  4.8 6  8.1  60   91  228 342 -435  1
3797500 2746500  9 17 16  18.2 1003 240  3.1 7  8.2  61    2  126 351 -433  1
3797500 2746500  9 17 17  17.8 1002 244  3.2 7  8.3  63    4   98 356 -429  1
3797500 2746500  9 17 18  17.0 1002 249  2.7 8  8.2  65    0   38 362 -422  1
3797500 2746500  9 17 19  16.3 1002 240  1.8 7  8.2  69    0    3 359 -415  1
3797500 2746500  9 17 20  16.1 1001 225  2.3 7  8.2  70    0    0 350 -410  1
3797500 2746500  9 17 21  15.8 1001 190  1.7 7  8.2  71    0    0 349 -407  1
3797500 2746500  9 17 22  16.3 1000 171  1.8 8  8.2  71    0    0 356 -404  1
3797500 2746500  9 17 23  15.3 1000 161  3.1 8  8.3  73    0    0 363 -399  1
3797500 2746500  9 17 24  14.2  999 160  3.4 7  8.5  80    0    0 355 -392  1
3797500 2746500  9 18  1  14.0  999 160  3.2 8  8.8  86    0    0 354 -386  1
3797500 2746500  9 18  2  13.8  998 170  3.5 8  8.9  88    0    0 360 -381  1
3797500 2746500  9 18  3  12.3  998 242  2.1 8  8.6  90    0    0 359 -377  1
3797500 2746500  9 18  4  11.9  997 233  2.4 7  8.3  93    0    0 350 -375  1
3797500 2746500  9 18  5  11.8  997 168  1.9 8  8.4  95    0    0 351 -375  1
3797500 2746500  9 18  6  11.9  996 189  1.8 8  8.4  95    0    0 355 -375  1
3797500 2746500  9 18  7  12.3  996 209  2.0 7  8.4  94    0    7 348 -375  1
3797500 2746500  9 18  8  12.4  996 209  2.2 7  8.4  92    0   30 343 -375  1
3797500 2746500  9 18  9  12.6  997 226  3.1 8  8.4  91    0   76 349 -376  1
3797500 2746500  9 18 10  12.7  996 229  3.3 7  8.3  89    2  143 351 -380  1
3797500 2746500  9 18 11  13.8  997 227  3.4 7  8.1  84   65  222 345 -387  1
3797500 2746500  9 18 12  14.7  997 229  4.6 7  7.7  75   69  242 347 -396  1
3797500 2746500  9 18 13  14.5  997 219  3.7 4  7.3  69  183  237 333 -405  1
3797500 2746500  9 18 14  14.9  997 232  3.6 6  7.3  69   86  231 327 -410  1
3797500 2746500  9 18 15  14.9  997 208  5.1 6  7.2  67  108  198 331 -414  1
3797500 2746500  9 18 16  15.0  998 225  5.2 6  7.0  65   94  152 328 -413  1
3797500 2746500  9 18 17  15.5  998 223  4.1 5  6.9  63   36  108 324 -408  1
3797500 2746500  9 18 18  14.3  998 201  3.3 4  7.0  65   53   45 315 -401  1
3797500 2746500  9 18 19  13.3  998 228  2.6 6  7.1  71    1   10 316 -393  1
3797500 2746500  9 18 20  13.2  999 207  1.2 7  7.2  74    0    0 329 -387  1
3797500 2746500  9 18 21  13.1  999 196  0.3 7  7.3  76    0    0 334 -383  1
3797500 2746500  9 18 22  13.2  999 177  1.6 7  7.4  77    0    0 336 -380  1
3797500 2746500  9 18 23  12.8 1000 169  2.0 7  7.5  79    0    0 336 -377  1
3797500 2746500  9 18 24  12.8  999 160  2.6 8  7.5  81    0    0 343 -374  1
3797500 2746500  9 19  1  12.5  999 159  2.6 8  7.6  82    0    0 347 -372  1
3797500 2746500  9 19  2  12.3  999 168  2.4 8  7.6  84    0    0 348 -371  1
3797500 2746500  9 19  3  12.1  999 159  2.1 8  7.9  87    0    0 349 -371  1
3797500 2746500  9 19  4  11.8 1000 169  2.0 8  8.1  91    0    0 349 -371  1
3797500 2746500  9 19  5  11.8 1000 169  2.8 8  8.1  93    0    0 350 -370  1
3797500 2746500  9 19  6  11.8 1000 169  2.4 7  8.2  93    0    0 346 -370  1
3797500 2746500  9 19  7  11.6 1001 209  2.2 7  8.1  93    0    9 341 -370  1
3797500 2746500  9 19  8  12.2 1001 209  1.9 7  8.1  92    6   73 341 -371  1
3797500 2746500  9 19  9  12.6 1002 235  3.1 5  8.1  89   59  152 334 -373  1
3797500 2746500  9 19 10  13.5 1003 217  1.5 5  8.1  85  136  199 326 -379  1
3797500 2746500  9 19 11  13.9 1004 231  2.9 5  8.0  81  144  246 328 -385  1
3797500 2746500  9 19 12  15.2 1005 225  3.2 3  7.9  76  252  248 321 -392  1
3797500 2746500  9 19 13  15.7 1006 237  3.5 5  7.9  71   78  271 325 -402  1
3797500 2746500  9 19 14  17.2 1006 273  3.8 3  7.7  65  223  244 327 -405  1
3797500 2746500  9 19 15  17.6 1006 237  4.1 5  7.6  61  120  227 330 -409  1
3797500 2746500  9 19 16  17.6 1007 267  3.0 6  7.5  59   47  173 339 -410  1
3797500 2746500  9 19 17  17.3 1008 268  2.6 3  7.3  59  137   96 331 -406  1
3797500 2746500  9 19 18  16.3 1008 223  1.4 4  7.5  62   56   58 324 -402  1
3797500 2746500  9 19 19  15.7 1009 232  1.4 4  7.6  67    0    4 325 -393  1
3797500 2746500  9 19 20  14.6 1010 231  1.3 4  7.8  72    0    0 322 -383  1
3797500 2746500  9 19 21  13.4 1011 214  1.3 2  7.6  76    0    0 309 -377  1
3797500 2746500  9 19 22  12.6 1012 200  1.4 1  7.4  79    0    0 293 -374  1
3797500 2746500  9 19 23  13.3 1012 180  1.4 1  7.5  81    0    0 288 -371  1
3797500 2746500  9 19 24  12.4 1012 178  1.5 0  7.5  81    0    0 283 -369  1
3797500 2746500  9 20  1  12.5 1013 180  1.5 0  7.5  83    0    0 278 -367  1
3797500 2746500  9 20  2  12.3 1013 181  1.6 0  7.4  82    0    0 278 -365  1
3797500 2746500  9 20  3  12.4 1014 212  2.6 0  7.3  82    0    0 277 -364  1
3797500 2746500  9 20  4  12.1 1014 183  1.7 1  7.3  82    0    0 281 -363  1
3797500 2746500  9 20  5  13.0 1014 212  2.6 3  7.4  81    0    0 294 -362  1
3797500 2746500  9 20  6  13.0 1014 203  1.9 3  7.5  80    0    0 305 -361  1
3797500 2746500  9 20  7  13.2 1014 175  2.0 6  7.5  80    0   11 319 -359  1
3797500 2746500  9 20  8  13.8 1015 187  2.2 7  7.7  80    0   59 341 -360  1
3797500 2746500  9 20  9  14.5 1015 214  3.4 7  8.0  79    9  152 350 -366  1
3797500 2746500  9 20 10  15.2 1016 215  3.8 7  8.2  78    9  200 355 -377  1
3797500 2746500  9 20 11  15.4 1016 203  3.8 6  8.6  79    6  212 353 -391  1
3797500 2746500  9 20 12  16.0 1016 192  3.2 6  9.0  81   10  248 351 -404  1
3797500 2746500  9 20 13  16.7 1016 217  3.2 7  9.0  78    0  166 357 -414  1
3797500 2746500  9 20 14  17.0 1016 216  3.7 8  8.9  74    0   90 367 -423  1
3797500 2746500  9 20 15  17.2 1016 224  3.1 8  8.7  72    0   87 375 -427  1
3797500 2746500  9 20 16  16.8 1015 217  3.2 8  8.6  71    0   77 375 -427  1
3797500 2746500  9 20 17  16.8 1015 226  2.8 8  8.6  72    0   87 375 -422  1
3797500 2746500  9 20 18  16.9 1015 218  2.6 7  8.6  72    4   51 372 -412  1
3797500 2746500  9 20 19  16.4 1015 219  2.5 7  8.5  72    0    4 365 -400  1
3797500 2746500  9 20 20  16.5 1016 220  2.5 7  8.3  71    0    0 362 -389  1
3797500 2746500  9 20 21  16.4 1016 214  2.0 7  8.2  71    0    0 359 -384  1
3797500 2746500  9 20 22  16.4 1016 213  2.1 7  8.2  71    0    0 357 -381  1
3797500 2746500  9 20 23  16.2 1016 214  2.7 8  8.1  70    0    0 357 -378  1
3797500 2746500  9 20 24  16.0 1015 214  2.4 8  8.1  71    0    0 356 -376  1
3797500 2746500  9 21  1  15.7 1015 216  2.5 8  8.1  72    0    0 351 -374  1
3797500 2746500  9 21  2  15.6 1015 215  2.2 8  8.2  74    0    0 345 -373  1
3797500 2746500  9 21  3  15.6 1015 215  1.9 8  8.1  73    0    0 340 -371  1
3797500 2746500  9 21  4  15.5 1014 215  2.1 8  8.0  73    0    0 337 -370  1
3797500 2746500  9 21  5  15.3 1014 179  1.6 7  8.1  74    0    0 331 -368  1
3797500 2746500  9 21  6  15.3 1014 216  2.4 7  8.0  74    0    0 326 -367  1
3797500 2746500  9 21  7  15.0 1014 189  1.6 7  8.1  75    0    7 326 -367  1
3797500 2746500  9 21  8  15.3 1014 204  2.3 7  8.2  76    0   45 327 -368  1
3797500 2746500  9 21  9  15.5 1014 206  2.0 8  8.4  77    0   82 329 -375  1
3797500 2746500  9 21 10  16.1 1014 204  2.6 7  8.7  77    1  154 328 -389  1
3797500 2746500  9 21 11  17.0 1014 216  3.6 6  8.6  73    0  165 325 -405  1
3797500 2746500  9 21 12  17.2 1013 222  3.7 7  8.2  68    0  184 327 -419  1
3797500 2746500  9 21 13  17.8 1013 221  4.8 6  7.7  62   12  258 330 -431  1
3797500 2746500  9 21 14  18.3 1013 217  4.6 7  7.5  58   20  264 333 -439  1
3797500 2746500  9 21 15  18.0 1012 237  3.2 7  7.6  58   10  213 338 -442  1
3797500 2746500  9 21 16  17.8 1012 237  3.0 6  7.7  60   46  228 338 -441  1
3797500 2746500  9 21 17  17.8 1011 228  2.8 7  7.7  61   15  134 339 -435  1
3797500 2746500  9 21 18  17.4 1011 223  2.5 7  7.8  62    2   46 341 -425  1
3797500 2746500  9 21 19  17.4 1011 219  2.7 8  8.0  64    0    1 344 -412  1
3797500 2746500  9 21 20  17.1 1011 218  3.3 8  8.1  65    0    0 348 -404  1
3797500 2746500  9 21 21  17.1 1011 227  3.7 7  8.1  67    0    0 346 -400  1
3797500 2746500  9 21 22  16.9 1011 221  4.2 8  8.2  68    0    0 347 -397  1
3797500 2746500  9 21 23  16.7 1011 225  4.5 8  8.3  70    0    0 350 -393  1
3797500 2746500  9 21 24  16.4 1011 225  4.1 8  8.6  73    0    0 350 -392  1
3797500 2746500  9 22  1  16.4 1011 221  3.6 7  8.9  76    0    0 347 -392  1
3797500 2746500  9 22  2  16.2 1011 231  3.6 7  8.9  77    0    0 343 -392  1
3797500 2746500  9 22  3  15.5 1011 239  3.0 7  8.9  79    0    0 342 -390  1
3797500 2746500  9 22  4  14.5 1011 249  2.2 7  8.5  79    0    0 338 -386  1
3797500 2746500  9 22  5  13.5 1011 239  2.9 7  8.0  80    0    0 333 -379  1
3797500 2746500  9 22  6  12.5 1011 231  3.1 5  7.8  84    0    0 322 -374  1
3797500 2746500  9 22  7  13.1 1011 230  3.3 6  7.8  85    0   12 318 -370  1
3797500 2746500  9 22  8  13.6 1012 220  3.6 5  8.0  83   24   77 319 -370  1
3797500 2746500  9 22  9  14.3 1012 229  3.5 6  8.2  82   41  141 319 -375  1
3797500 2746500  9 22 10  14.5 1012 239  3.4 7  8.3  81    2  149 324 -386  1
3797500 2746500  9 22 11  15.3 1012 240  3.3 7  8.5  80    7  188 327 -399  1
3797500 2746500  9 22 12  15.8 1013 239  3.7 6  8.6  78   49  250 325 -409  1
3797500 2746500  9 22 13  16.3 1013 248  3.9 6  8.3  73   35  244 324 -418  1
3797500 2746500  9 22 14  16.8 1012 242  3.7 5  8.3  70  115  250 323 -422  1
3797500 2746500  9 22 15  16.9 1012 262  4.1 4  8.0  66  138  212 318 -421  1
3797500 2746500  9 22 16  17.1 1012 253  3.9 6  7.7  63   52  166 319 -421  1
3797500 2746500  9 22 17  16.8 1012 246  2.8 5  7.6  63   77  103 319 -418  1
3797500 2746500  9 22 18  16.3 1012 247  2.3 6  7.8  66   25   42 316 -410  1
3797500 2746500  9 22 19  15.0 1012 233  1.4 6  8.0  72    0    0 315 -401  1
3797500 2746500  9 22 20  14.3 1013 241  0.9 6  8.0  77    0    0 311 -392  1
3797500 2746500  9 22 21  13.8 1013 236  0.6 6  8.0  80    0    0 309 -386  1
3797500 2746500  9 22 22  12.8 1014 220  0.9 5  8.0  84    0    0 305 -380  1
3797500 2746500  9 22 23  12.9 1014 228  1.0 6  7.8  85    0    0 302 -374  1
3797500 2746500  9 22 24  12.2 1014 214  0.8 7  7.6  84    0    0 305 -371  1
3797500 2746500  9 23  1  12.1 1014 217  1.2 7  7.5  84    0    0 306 -368  1
3797500 2746500  9 23  2  12.1 1014 204  1.4 8  7.5  85    0    0 308 -365  1
3797500 2746500  9 23  3  12.1 1013 197  1.2 7  7.6  86    0    0 307 -362  1
3797500 2746500  9 23  4  12.5 1013 186  1.5 6  7.6  85    0    0 303 -360  1
3797500 2746500  9 23  5  12.4 1013 205  1.9 6  7.7  85    0    0 300 -359  1
3797500 2746500  9 23  6  12.3 1013 220  2.2 5  7.6  85    0    0 297 -358  1
3797500 2746500  9 23  7  12.4 1013 204  1.8 6  7.8  87    0    6 298 -357  1
3797500 2746500  9 23  8  12.9 1013 223  2.4 7  8.1  88    0   50 304 -358  1
3797500 2746500  9 23  9  13.3 1013 217  2.8 8  8.3  88    0   92 309 -366  1
3797500 2746500  9 23 10  14.3 1013 219  2.8 7  8.5  86   58  184 311 -380  1
3797500 2746500  9 23 11  15.4 1013 226  3.3 5  8.6  81  359  105 309 -398  1
3797500 2746500  9 23 12  16.3 1013 228  3.1 5  8.4  75  358  139 310 -413  1
3797500 2746500  9 23 13  17.7 1013 240  2.7 4  8.3  69  215  218 315 -425  1
3797500 2746500  9 23 14  17.4 1012 224  2.4 6  8.3  66   17  204 319 -432  1
3797500 2746500  9 23 15  17.2 1012 211  1.6 8  8.1  66    2  152 326 -434  1
3797500 2746500  9 23 16  17.7 1012 219  1.7 7  7.9  64   15  136 327 -429  1
3797500 2746500  9 23 17  17.8 1012 347  1.1 7  7.8  61   67   92 326 -422  1
3797500 2746500  9 23 18  16.9 1011 235  0.9 5  8.1  66   33   35 322 -413  1
3797500 2746500  9 23 19  14.4 1011 158  0.6 4  8.4  75    0    0 311 -400  1
3797500 2746500  9 23 20  13.8 1011 115  0.9 3  8.2  81    0    0 302 -389  1
3797500 2746500  9 23 21  13.6 1012 128  0.7 3  7.9  80    0    0 297 -383  1
3797500 2746500  9 23 22  13.0 1012 104  0.8 2  7.7  80    0    0 293 -378  1
3797500 2746500  9 23 23  12.4 1012 111  1.0 2  7.4  81    0    0 288 -373  1
3797500 2746500  9 23 24  12.4 1012 108  0.8 2  7.3  81    0    0 286 -370  1
3797500 2746500  9 24  1  12.0 1011 103  1.1 0  7.2  81    0    0 282 -367  1
3797500 2746500  9 24  2  11.7 1011  89  1.4 1  7.2  83    0    0 280 -364  1
3797500 2746500  9 24  3  11.4 1011 104  1.4 3  7.1  83    0    0 282 -361  1
3797500 2746500  9 24  4  11.8 1011 102  1.5 5  6.9  81    0    0 289 -359  1
3797500 2746500  9 24  5  11.2 1011 114  1.5 5  6.9  81    0    0 291 -357  1
3797500 2746500  9 24  6  10.7 1011 100  1.6 5  6.8  83    0    0 289 -356  1
3797500 2746500  9 24  7  10.8 1011 102  1.8 4  6.7  84    0   13 288 -356  1
3797500 2746500  9 24  8  13.1 1011 116  1.7 6  7.2  82   10   75 295 -359  1
3797500 2746500  9 24  9  14.7 1010 104  1.4 7  7.8  78   37  150 307 -368  1
3797500 2746500  9 24 10  17.1 1010  96  1.4 6  8.1  72  133  204 314 -383  1
3797500 2746500  9 24 11  18.8 1010 112  2.4 6  8.2  64  245  222 319 -401  1
3797500 2746500  9 24 12  19.7 1010 120  1.7 6  7.9  56  317  218 325 -419  1
3797500 2746500  9 24 13  20.7 1009 119  1.5 5  8.0  54  343  210 328 -435  1
3797500 2746500  9 24 14  20.8 1009 150  2.9 4  8.3  54  321  198 326 -447  1
3797500 2746500  9 24 15  21.5 1008 125  2.1 6  8.4  53  269  177 330 -452  1
3797500 2746500  9 24 16  21.9 1008 161  1.7 5  8.6  53  188  147 334 -451  1
3797500 2746500  9 24 17  22.0 1008 185  1.3 3  8.7  52  120  104 327 -443  1
3797500 2746500  9 24 18  20.3 1008 218  0.7 2  8.7  55   29   48 317 -430  1
3797500 2746500  9 24 19  17.5 1008 189  0.6 1  8.6  63    0    0 306 -415  1
3797500 2746500  9 24 20  16.9 1009 237  0.8 2  8.7  70    0    0 301 -404  1
3797500 2746500  9 24 21  17.4 1009 335  1.5 2  8.6  70    0    0 302 -397  1
3797500 2746500  9 24 22  16.2 1009 152  0.8 0  8.5  71    0    0 297 -393  1
3797500 2746500  9 24 23  15.8 1010 197  0.9 2  8.5  74    0    0 295 -388  1
3797500 2746500  9 24 24  16.0 1010 200  1.4 3  8.5  75    0    0 300 -384  1
3797500 2746500  9 25  1  14.6 1010 206  1.5 1  8.4  77    0    0 296 -380  1
3797500 2746500  9 25  2  14.4 1010 196  1.8 3  8.3  80    0    0 294 -376  1
3797500 2746500  9 25  3  15.0 1010 201  1.7 4  8.3  79    0    0 300 -375  1
3797500 2746500  9 25  4  13.6 1010 195  1.5 3  8.3  81    0    0 299 -374  1
3797500 2746500  9 25  5  13.0 1011 190  1.4 2  8.1  84    0    0 292 -372  1
3797500 2746500  9 25  6  13.6 1011 198  1.7 2  8.1  84    0    0 290 -370  1
3797500 2746500  9 25  7  14.0 1011 187  1.5 1  8.1  82    0   14 289 -368  1
3797500 2746500  9 25  8  14.7 1011 197  1.7 0  8.3  81   45   68 287 -369  1
3797500 2746500  9 25  9  16.4 1012 193  1.5 0  8.6  78  146  112 289 -376  1
3797500 2746500  9 25 10  17.5 1012 160  2.4 0  9.1  75  261  137 296 -390  1
3797500 2746500  9 25 11  19.1 1012 201  2.3 0  9.2  70  352  151 302 -407  1
3797500 2746500  9 25 12  20.6 1012 204  1.8 0  9.5  65  418  154 311 -422  1
3797500 2746500  9 25 13  21.0 1012 225  2.1 0  9.5  62  438  152 316 -434  1
3797500 2746500  9 25 14  21.7 1012 226  2.7 0  9.1  57  415  143 318 -443  1
3797500 2746500  9 25 15  22.2 1012 235  2.7 0  8.9  54  352  132 321 -446  1
3797500 2746500  9 25 16  22.8 1012 242  2.2 1  9.0  53  247  118 325 -444  1
3797500 2746500  9 25 17  22.7 1012 220  1.8 0  9.1  52  138   92 326 -436  1
3797500 2746500  9 25 18  21.2 1012 251  1.2 3  9.1  55   34   45 326 -425  1
3797500 2746500  9 25 19  18.7 1012 150  1.1 4  9.4  64    0    0 329 -410  1
3797500 2746500  9 25 20  17.6 1013 119  1.1 4  9.3  71    0    0 324 -399  1
3797500 2746500  9 25 21  18.0 1013 110  1.5 6  9.3  72    0    0 325 -393  1
3797500 2746500  9 25 22  17.2 1013 165  1.2 5  9.2  73    0    0 324 -390  1
3797500 2746500  9 25 23  16.8 1014 176  1.4 4  9.0  74    0    0 317 -387  1
3797500 2746500  9 25 24  18.3 1014 204  1.7 2  8.9  71    0    0 314 -384  1
3797500 2746500  9 26  1  18.2 1014 183  2.1 1  9.0  68    0    0 313 -382  1
3797500 2746500  9 26  2  17.9 1014 189  2.1 2  9.0  70    0    0 313 -380  1
3797500 2746500  9 26  3  17.9 1014 187  1.9 4  9.0  70    0    0 317 -379  1
3797500 2746500  9 26  4  17.7 1014 178  2.0 3  8.9  70    0    0 317 -377  1
3797500 2746500  9 26  5  17.7 1014 175  2.0 4  8.9  71    0    0 317 -376  1
3797500 2746500  9 26  6  17.4 1014 167  1.7 5  8.9  71    0    0 318 -375  1
3797500 2746500  9 26  7  17.4 1015 174  1.7 5  9.0  72    0    9 320 -374  1
3797500 2746500  9 26  8  18.0 1015 172  1.7 5  9.1  72    6   69 321 -376  1
3797500 2746500  9 26  9  18.9 1015 173  1.3 5  9.5  71   72  141 323 -385  1
3797500 2746500  9 26 10  20.4 1015 176  2.5 5  9.8  68  104  196 328 -400  1
3797500 2746500  9 26 11  21.5 1016 225  3.4 6 10.1  65  183  224 335 -417  1
3797500 2746500  9 26 12  22.3 1016 224  2.9 6 10.5  64  220  245 342 -432  1
3797500 2746500  9 26 13  23.1 1016 233  3.1 5 10.7  62  219  254 347 -444  1
3797500 2746500  9 26 14  23.6 1016 244  3.8 6 10.4  58  127  257 352 -452  1
3797500 2746500  9 26 15  23.8 1016 250  4.3 6  9.9  54  103  223 355 -455  1
3797500 2746500  9 26 16  24.1 1016 251  3.5 5  9.7  52  133  154 357 -454  1
3797500 2746500  9 26 17  23.5 1016 220  2.6 3  9.9  54  132   86 355 -447  1
3797500 2746500  9 26 18  23.2 1016 233  1.8 3 10.0  56   34   42 352 -435  1
3797500 2746500  9 26 19  20.5 1017 237  1.1 3  9.9  61    0    0 347 -420  1
3797500 2746500  9 26 20  19.9 1017 238  1.0 4  9.9  67    0    0 346 -407  1
3797500 2746500  9 26 21  20.0 1018 230  0.9 6 10.1  69    0    0 351 -398  1
3797500 2746500  9 26 22  19.3 1018 353  1.6 7 10.2  72    0    0 356 -393  1
3797500 2746500  9 26 23  18.5 1019 319  1.4 7 10.1  74    0    0 356 -392  1
3797500 2746500  9 26 24  17.5 1019 336  0.7 7 10.0  77    0    0 353 -391  1
3797500 2746500  9 27  1  16.7 1020  13  1.4 7 10.0  82    0    0 349 -386  1
3797500 2746500  9 27  2  16.8 1020  13  1.5 8 10.1  85    0    0 350 -385  1
3797500 2746500  9 27  3  16.6 1020 100  1.3 8 10.1  85    0    0 352 -385  1
3797500 2746500  9 27  4  15.8 1020 110  1.3 7 10.2  88    0    0 349 -385  1
3797500 2746500  9 27  5  16.2 1020 110  1.1 7 10.2  90    0    0 348 -386  1
3797500 2746500  9 27  6  15.6 1021 146  1.2 7 10.2  90    0    0 349 -387  1
3797500 2746500  9 27  7  15.5 1021 293  1.4 7 10.2  93    0    4 349 -388  1
3797500 2746500  9 27  8  16.6 1022   9  1.2 6 10.4  92   10   66 348 -390  1
3797500 2746500  9 27  9  17.4 1022 125  1.3 6 10.8  89   41  129 348 -394  1
3797500 2746500  9 27 10  18.6 1022 265  0.7 5 11.1  87  107  168 349 -401  1
3797500 2746500  9 27 11  19.4 1023 300  1.3 5 11.1  81  262  144 350 -416  1
3797500 2746500  9 27 12  19.8 1023 357  1.6 6 10.9  77  157  216 355 -433  1
3797500 2746500  9 27 13  20.1 1023 321  2.2 7 10.9  76   56  230 362 -444  1
3797500 2746500  9 27 14  20.3 1023 331  2.3 7 10.7  73   47  212 363 -452  1
3797500 2746500  9 27 15  21.2 1023 336  2.3 5 10.4  68  119  186 358 -455  1
3797500 2746500  9 27 16  21.4 1023 345  1.9 6 10.2  65  119  132 356 -452  1
3797500 2746500  9 27 17  20.7 1023  22  2.1 6 10.2  66  110   63 355 -444  1
3797500 2746500  9 27 18  19.6 1023   5  1.8 6 10.1  69   23   31 350 -433  1
3797500 2746500  9 27 19  17.9 1023  43  1.5 5  9.9  74    0    0 342 -420  1
3797500 2746500  9 27 20  17.3 1023  45  1.3 4  9.9  78    0    0 334 -410  1
3797500 2746500  9 27 21  16.4 1024  63  1.2 4  9.8  82    0    0 328 -404  1
3797500 2746500  9 27 22  15.7 1024  77  1.0 2  9.7  86    0    0 318 -398  1
3797500 2746500  9 27 23  14.9 1024  88  0.8 1  9.3  87    0    0 307 -394  1
3797500 2746500  9 27 24  14.2 1024 134  0.7 1  8.9  87    0    0 301 -390  1
3797500 2746500  9 28  1  13.4 1019 178  0.6 1  8.3  86    0    0 296 -375  1
3797500 2746500  9 28  2  12.7 1019 208  0.5 1  7.8  85    0    0 302 -372  1
3797500 2746500  9 28  3  12.2 1019 237  0.5 2  7.5  84    0    0 304 -369  1
3797500 2746500  9 28  4  11.8 1019 244  0.6 2  7.4  85    0    0 300 -367  1
3797500 2746500  9 28  5  11.6 1019 232  0.6 3  7.4  86    0    0 302 -365  1
3797500 2746500  9 28  6  10.5 1018 213  0.6 4  7.4  88    0    0 306 -364  1
3797500 2746500  9 28  7  10.6 1018 236  0.9 5  7.1  90    0    7 309 -362  1
3797500 2746500  9 28  8  11.6 1018 215  1.5 5  7.3  89    0   49 312 -362  1
3797500 2746500  9 28  9  11.8 1018 200  1.7 6  7.6  89   24  136 315 -371  1
3797500 2746500  9 28 10  12.7 1019 235  2.0 6  7.9  89   47  189 318 -386  1
3797500 2746500  9 28 11  13.6 1019 244  2.8 7  8.2  87   15  203 323 -402  1
3797500 2746500  9 28 12  14.6 1019 235  2.6 8  8.3  83    1  171 331 -416  1
3797500 2746500  9 28 13  15.9 1018 201  2.4 7  8.4  78   56  254 338 -426  1
3797500 2746500  9 28 14  17.0 1018 219  2.7 6  8.5  73   85  247 343 -433  1
3797500 2746500  9 28 15  17.4 1017 231  1.8 8  8.4  68    1  146 347 -435  1
3797500 2746500  9 28 16  17.3 1016 242  2.3 8  8.3  68    0   99 350 -434  1
3797500 2746500  9 28 17  17.4 1016 237  2.3 8  8.3  67    1   67 351 -428  1
3797500 2746500  9 28 18  17.1 1015 252  2.2 8  8.4  68    0   21 351 -421  1
3797500 2746500  9 28 19  16.9 1015 246  2.3 8  8.5  70    0    0 352 -413  1
3797500 2746500  9 28 20  16.9 1015 270  2.1 8  8.6  72    0    0 352 -406  1
3797500 2746500  9 28 21  16.9 1015 266  2.0 8  8.4  70    0    0 352 -400  1
3797500 2746500  9 28 22  16.6 1015 264  2.1 8  8.1  68    0    0 352 -394  1
3797500 2746500  9 28 23  16.1 1015 261  1.9 7  8.2  71    0    0 351 -388  1
3797500 2746500  9 28 24  15.7 1015 254  1.8 8  8.4  74    0    0 352 -385  1
3797500 2746500  9 29  1  15.1 1014 233  2.4 8  8.5  78    0    0 357 -385  1
3797500 2746500  9 29  2  15.3 1014 236  2.5 7  8.5  79    0    0 356 -383  1
3797500 2746500  9 29  3  15.0 1014 241  2.9 8  8.5  79    0    0 359 -379  1
3797500 2746500  9 29  4  14.9 1014 238  2.6 8  8.4  80    0    0 365 -375  1
3797500 2746500  9 29  5  14.5 1013 232  1.9 8  8.7  83    0    0 368 -373  1
3797500 2746500  9 29  6  14.3 1013 249  1.8 8  9.0  87    0    0 370 -372  1
3797500 2746500  9 29  7  14.2 1013 232  1.7 8  9.0  89    0    6 371 -372  1
3797500 2746500  9 29  8  14.5 1013 223  2.1 7  9.1  89    0   47 369 -374  1
3797500 2746500  9 29  9  15.0 1013 232  2.6 7  9.3  89    5  136 365 -380  1
3797500 2746500  9 29 10  15.8 1013 249  3.1 6  9.5  87    8  184 363 -389  1
3797500 2746500  9 29 11  15.9 1013 249  3.4 8  9.6  85    0   76 369 -400  1
3797500 2746500  9 29 12  16.4 1013 250  3.2 8  9.4  82    0   59 381 -411  1
3797500 2746500  9 29 13  16.8 1013 261  2.7 7  9.3  79    0   85 377 -419  1
3797500 2746500  9 29 14  16.9 1013 293  2.6 7  9.2  76    0   93 373 -420  1
3797500 2746500  9 29 15  17.0 1012 256  3.1 7  9.0  74    0   90 373 -417  1
3797500 2746500  9 29 16  17.1 1012 239  3.4 7  8.8  72    0   86 371 -413  1
3797500 2746500  9 29 17  16.6 1012 267  2.7 7  8.6  71    0   68 370 -410  1
3797500 2746500  9 29 18  15.9 1012 255  2.7 8  8.6  74    0   27 374 -408  1
3797500 2746500  9 29 19  15.6 1012 248  2.6 8  8.8  78    0    0 377 -405  1
3797500 2746500  9 29 20  15.3 1012 256  2.6 8  9.1  82    0    0 377 -402  1
3797500 2746500  9 29 21  15.3 1013 261  2.4 7  9.2  84    0    0 372 -400  1
3797500 2746500  9 29 22  15.0 1013 269  1.6 7  9.1  85    0    0 365 -399  1
3797500 2746500  9 29 23  15.1 1013 254  1.9 7  9.1  85    0    0 366 -398  1
3797500 2746500  9 29 24  14.7 1013 257  1.7 7  9.2  87    0    0 366 -397  1
3797500 2746500  9 30  1  14.3 1012 254  1.7 8  9.1  88    0    0 369 -396  1
3797500 2746500  9 30  2  14.7 1012 261  2.1 8  8.9  86    0    0 374 -395  1
3797500 2746500  9 30  3  14.4 1012 251  1.7 8  8.9  86    0    0 374 -395  1
3797500 2746500  9 30  4  14.0 1012 256  1.8 8  8.8  87    0    0 372 -394  1
3797500 2746500  9 30  5  14.3 1012 268  1.9 8  8.8  87    0    0 370 -394  1
3797500 2746500  9 30  6  13.9 1012 242  2.0 8  8.7  87    0    0 370 -393  1
3797500 2746500  9 30  7  14.1 1012 257  1.8 8  8.7  87    0    1 369 -392  1
3797500 2746500  9 30  8  14.3 1012 259  1.8 8  8.7  86    0   39 369 -392  1
3797500 2746500  9 30  9  14.1 1012 249  1.8 8  8.8  86    0   81 369 -394  1
3797500 2746500  9 30 10  13.9 1012 263  1.0 8  8.8  88    0   94 368 -396  1
3797500 2746500  9 30 11  15.1 1012 247  2.1 7  8.8  85    0  108 364 -399  1
3797500 2746500  9 30 12  15.0 1012 232  2.2 8  8.9  83    0  112 364 -402  1
3797500 2746500  9 30 13  16.2 1011 226  2.2 7  9.1  82    0  163 365 -404  1
3797500 2746500  9 30 14  16.6 1011 226  2.6 8  9.2  79    0   99 367 -410  1
3797500 2746500  9 30 15  17.4 1010 244  2.6 7  9.1  75    0  101 368 -420  1
3797500 2746500  9 30 16  17.4 1009 261  2.5 8  8.8  71    0   53 368 -421  1
3797500 2746500  9 30 17  16.5 1009 263  1.8 7  8.6  71    0   64 364 -415  1
3797500 2746500  9 30 18  16.3 1009 252  1.4 8  8.4  72    3   37 359 -411  1
3797500 2746500  9 30 19  15.8 1008 251  1.2 7  8.4  73    0    0 357 -405  1
3797500 2746500  9 30 20  15.1 1008 251  1.8 6  8.4  76    0    0 345 -402  1
3797500 2746500  9 30 21  14.7 1008 248  1.3 6  8.4  79    0    0 339 -401  1
3797500 2746500  9 30 22  14.9 1008 276  1.6 6  8.6  82    0    0 340 -399  1
3797500 2746500  9 30 23  14.5 1008 250  1.6 7  8.8  84    0    0 344 -397  1
3797500 2746500  9 30 24  14.0 1008 238  1.5 7  8.7  86    0    0 347 -396  1
3797500 2746500 10  1  1  14.2 1007 230  2.2 8  9.1  90    0    0 354 -393  1
3797500 2746500 10  1  2  14.0 1007 239  2.0 7  9.1  90    0    0 352 -393  1
3797500 2746500 10  1  3  14.1 1007 230  2.2 7  9.0  90    0    0 348 -391  1
3797500 2746500 10  1  4  14.4 1006 231  1.7 8  9.1  89    0    0 353 -389  1
3797500 2746500 10  1  5  14.5 1006 231  1.8 8  9.1  88    0    0 358 -386  1
3797500 2746500 10  1  6  14.4 1005 232  2.0 8  9.2  88    0    0 358 -382  1
3797500 2746500 10  1  7  14.4 1005 232  2.7 8  9.2  89    0    7 359 -380  1
3797500 2746500 10  1  8  14.2 1005 240  2.2 7  9.3  90    0   37 353 -378  1
3797500 2746500 10  1  9  14.4 1005 251  2.7 7  9.3  91    5   85 346 -380  1
3797500 2746500 10  1 10  14.9 1006 260  3.1 7  9.3  89   21  126 345 -385  1
3797500 2746500 10  1 11  11.9 1006 346  2.3 8  8.4  86    0   54 341 -394  1
3797500 2746500 10  1 12  12.7 1007 283  1.3 8  7.9  88    0   97 340 -403  1
3797500 2746500 10  1 13  14.0 1007 284  2.5 6  8.3  86   24  163 335 -410  1
3797500 2746500 10  1 14  13.0 1007 288  2.4 8  8.2  84    0   59 332 -415  1
3797500 2746500 10  1 15  12.6 1007 326  1.4 8  7.7  83    0   71 330 -416  1
3797500 2746500 10  1 16  11.8 1008 319  2.9 8  7.3  82    0   59 324 -415  1
3797500 2746500 10  1 17  12.5 1008 274  0.7 6  7.2  81   83   29 314 -409  1
3797500 2746500 10  1 18  12.3 1008 256  1.2 7  7.4  82   30   10 310 -398  1
3797500 2746500 10  1 19  11.7 1009 331  0.7 5  6.8  78    0    0 304 -386  1
3797500 2746500 10  1 20  11.1 1010 303  0.5 4  6.1  72    0    0 290 -377  1
3797500 2746500 10  1 21  10.5 1010 324  1.0 2  5.7  70    0    0 276 -371  1
3797500 2746500 10  1 22   9.6 1011 248  0.8 1  5.6  73    0    0 262 -366  1
3797500 2746500 10  1 23  10.0 1011 240  1.3 2  5.8  76    0    0 260 -362  1
3797500 2746500 10  1 24   9.2 1011 240  1.3 2  5.8  78    0    0 264 -358  1
3797500 2746500 10  2  1   8.9 1011 247  1.2 2  5.7  80    0    0 261 -355  1
3797500 2746500 10  2  2   8.4 1011 240  1.5 1  5.7  81    0    0 256 -354  1
3797500 2746500 10  2  3   9.3 1011 264  1.3 3  5.8  81    0    0 261 -354  1
3797500 2746500 10  2  4   9.4 1010 243  1.5 6  5.8  80    0    0 284 -354  1
3797500 2746500 10  2  5   9.1 1010 245  1.6 6  5.9  80    0    0 298 -354  1
3797500 2746500 10  2  6   8.8 1010 235  1.4 7  5.9  82    0    0 301 -355  1
3797500 2746500 10  2  7   8.7 1010 223  1.5 6  5.8  82    0    9 301 -355  1
3797500 2746500 10  2  8   9.1 1010 223  2.0 6  5.8  81    0   38 296 -356  1
3797500 2746500 10  2  9   9.5 1010 203  1.6 7  5.9  80    5  113 301 -361  1
3797500 2746500 10  2 10  10.2 1010 221  2.4 7  6.1  80    2  132 309 -369  1
3797500 2746500 10  2 11  10.2 1010 235  2.8 8  6.2  80    0   89 316 -379  1
3797500 2746500 10  2 12   9.3 1010 235  2.7 8  6.5  86    0   78 321 -385  1
3797500 2746500 10  2 13  10.9 1010 236  2.9 6  7.0  90   15  218 317 -389  1
3797500 2746500 10  2 14  11.8 1010 232  3.1 6  7.2  85   27  229 315 -393  1
3797500 2746500 10  2 15  11.5 1009 246  3.4 8  7.0  82    0  100 325 -394  1
3797500 2746500 10  2 16  12.3 1009 236  2.9 6  6.9  79    9  126 326 -395  1
3797500 2746500 10  2 17  11.3 1009 325  2.0 8  7.0  81    2   63 328 -393  1
3797500 2746500 10  2 18  11.5 1010 258  1.5 7  7.1  84    3   20 332 -388  1
3797500 2746500 10  2 19  11.5 1010 313  1.7 8  7.0  82    0    0 332 -382  1
3797500 2746500 10  2 20  11.6 1010 268  1.0 7  6.8  80    0    0 332 -379  1
3797500 2746500 10  2 21  11.4 1011 217  0.9 7  6.8  81    0    0 327 -376  1
3797500 2746500 10  2 22  10.9 1011 209  1.7 7  6.9  83    0    0 325 -373  1
3797500 2746500 10  2 23  10.6 1011 216  2.3 6  6.8  85    0    0 321 -369  1
3797500 2746500 10  2 24  10.1 1010 214  2.4 4  6.6  84    0    0 309 -365  1
3797500 2746500 10  3  1   9.8 1010 209  2.6 1  6.3  82    0    0 290 -363  1
3797500 2746500 10  3  2   9.8 1009 210  2.6 2  6.0  79    0    0 283 -363  1
3797500 2746500 10  3  3  10.0 1009 220  3.4 4  5.9  78    0    0 295 -363  1
3797500 2746500 10  3  4  10.0 1009 213  2.7 6  5.9  76    0    0 311 -365  1
3797500 2746500 10  3  5   9.5 1008 213  2.6 7  5.8  77    0    0 323 -366  1
3797500 2746500 10  3  6   9.5 1007 211  3.1 6  5.8  78    0    0 324 -366  1
3797500 2746500 10  3  7  10.0 1007 212  3.4 7  5.9  78    0    3 326 -366  1
3797500 2746500 10  3  8  10.3 1006 213  3.7 7  6.1  79    0   22 329 -368  1
3797500 2746500 10  3  9  10.9 1006 211  3.5 8  6.3  78    0   41 332 -372  1
3797500 2746500 10  3 10  11.8 1006 211  3.6 8  6.6  78    0   55 335 -379  1
3797500 2746500 10  3 11  12.5 1005 219  4.2 8  7.0  78    0   99 334 -388  1
3797500 2746500 10  3 12  13.1 1004 219  5.0 7  7.3  78    0  116 330 -398  1
3797500 2746500 10  3 13  13.2 1004 218  5.8 8  7.5  78    0   54 330 -408  1
3797500 2746500 10  3 14  14.2 1003 219  6.4 8  7.4  75    0   61 332 -416  1
3797500 2746500 10  3 15  14.2 1003 219  6.6 8  7.3  71    0   49 333 -420  1
3797500 2746500 10  3 16  13.8 1002 217  6.7 8  7.1  71    0   46 332 -419  1
3797500 2746500 10  3 17  13.6 1001 221  6.1 8  7.0  71    0   36 331 -416  1
3797500 2746500 10  3 18  13.8 1001 219  6.2 7  6.9  69    0    6 329 -410  1
3797500 2746500 10  3 19  14.0 1001 220  5.5 7  6.8  68    0    0 326 -404  1
3797500 2746500 10  3 20  14.2 1001 230  4.7 7  6.8  67    0    0 326 -398  1
3797500 2746500 10  3 21  14.3 1001 229  6.0 6  6.8  67    0    0 327 -395  1
3797500 2746500 10  3 22  13.9 1000 229  4.9 6  6.9  68    0    0 328 -393  1
3797500 2746500 10  3 23  14.0 1000 229  5.2 6  7.1  71    0    0 331 -392  1
3797500 2746500 10  3 24  13.8 1000 230  4.9 7  7.3  72    0    0 336 -391  1
3797500 2746500 10  4  1  13.7 1000 230  4.5 6  7.3  74    0    0 336 -390  1
3797500 2746500 10  4  2  13.8 1000 239  4.6 7  7.4  75    0    0 337 -390  1
3797500 2746500 10  4  3  13.8 1000 239  4.5 7  7.5  75    0    0 341 -389  1
3797500 2746500 10  4  4  13.8 1000 261  3.7 7  7.5  76    0    0 341 -388  1
3797500 2746500 10  4  5  12.4 1000 236  4.5 7  7.8  82    0    0 340 -386  1
3797500 2746500 10  4  6  12.3 1000 244  3.9 7  8.0  88    0    0 339 -382  1
3797500 2746500 10  4  7  12.2 1000 251  3.2 7  8.0  88    0    4 339 -377  1
3797500 2746500 10  4  8  12.1 1001 240  3.0 5  7.8  87   17   50 330 -375  1
3797500 2746500 10  4  9  12.5 1002 241  3.7 5  7.7  85   38  117 322 -377  1
3797500 2746500 10  4 10  13.2 1003 245  4.1 5  7.5  80   52  167 323 -382  1
3797500 2746500 10  4 11  13.8 1003 246  3.5 5  7.0  72   14  181 323 -389  1
3797500 2746500 10  4 12  14.4 1004 242  3.9 5  6.4  63   37  213 324 -397  1
3797500 2746500 10  4 13  14.8 1004 263  5.1 3  5.8  56  126  231 316 -403  1
3797500 2746500 10  4 14  15.0 1004 262  3.0 3  5.3  50  234  181 307 -408  1
3797500 2746500 10  4 15  15.6 1004 254  4.9 5  5.1  47  102  178 315 -408  1
3797500 2746500 10  4 16  15.2 1004 253  4.0 6  5.3  48   68  130 329 -404  1
3797500 2746500 10  4 17  14.2 1005 276  3.3 4  5.3  50   98   60 321 -399  1
3797500 2746500 10  4 18  13.1 1005 259  2.4 6  5.2  53   21   17 318 -392  1
3797500 2746500 10  4 19  12.6 1006 261  1.7 4  5.2  56    0    0 315 -384  1
3797500 2746500 10  4 20  11.2 1007 286  0.9 4  5.3  60    0    0 303 -378  1
3797500 2746500 10  4 21  10.8 1007 243  0.8 2  5.3  65    0    0 291 -376  1
3797500 2746500 10  4 22   9.9 1008  17  0.5 3  5.3  68    0    0 285 -375  1
3797500 2746500 10  4 23   8.9 1009 204  0.3 2  5.3  72    0    0 282 -374  1
3797500 2746500 10  4 24   8.4 1009 206  0.3 0  5.3  76    0    0 266 -372  1
3797500 2746500 10  5  1   7.7 1009 184  0.6 0  5.3  78    0    0 254 -371  1
3797500 2746500 10  5  2   8.2 1010 183  0.8 0  5.3  80    0    0 253 -370  1
3797500 2746500 10  5  3   8.0 1010 193  1.3 2  5.3  79    0    0 262 -369  1
3797500 2746500 10  5  4   8.1 1010 176  1.4 3  5.4  80    0    0 274 -368  1
3797500 2746500 10  5  5   8.7 1010 187  1.3 4  5.4  78    0    0 284 -368  1
3797500 2746500 10  5  6   8.1 1009 113  1.3 4  5.5  79    0    0 288 -367  1
3797500 2746500 10  5  7   9.2 1010 111  1.2 6  5.6  81    0    2 300 -367  1
3797500 2746500 10  5  8   9.8 1009 121  1.2 5  5.9  79   13   40 308 -367  1
3797500 2746500 10  5  9  11.2 1009 122  2.0 6  6.1  77    6   89 310 -367  1
3797500 2746500 10  5 10  12.2 1009 130  2.6 7  6.5  75    0   71 326 -370  1
3797500 2746500 10  5 11  13.4 1009 157  3.1 7  6.9  74    0  111 336 -373  1
3797500 2746500 10  5 12  14.5 1008 154  2.9 6  7.1  71   16  166 335 -373  1
3797500 2746500 10  5 13  14.3 1008  95  2.3 7  7.4  72    0  124 339 -372  1
3797500 2746500 10  5 14  13.5 1007 165  2.1 7  7.7  77    0   93 345 -375  1
3797500 2746500 10  5 15  13.1 1007 153  2.2 7  8.0  83    0   68 345 -381  1
3797500 2746500 10  5 16  13.1 1007 129  2.4 7  8.1  86    0   48 347 -385  1
3797500 2746500 10  5 17  13.4 1006 150  2.9 7  8.0  84    0   43 349 -386  1
3797500 2746500 10  5 18  13.6 1005 145  3.0 7  7.7  80    0    5 352 -386  1
3797500 2746500 10  5 19  13.5 1005 152  3.1 8  7.5  77    0    0 359 -386  1
3797500 2746500 10  5 20  12.9 1004 163  3.9 8  7.6  80    0    0 367 -385  1
3797500 2746500 10  5 21  13.1 1005 141  2.5 8  7.7  82    0    0 369 -385  1
3797500 2746500 10  5 22  13.0 1004 120  2.5 8  7.8  83    0    0 370 -385  1
3797500 2746500 10  5 23  13.2 1004 140  2.8 8  8.0  84    0    0 371 -385  1
3797500 2746500 10  5 24  13.3 1003 149  2.4 8  8.2  85    0    0 372 -386  1
3797500 2746500 10  6  1  13.3 1003 170  2.5 8  8.4  87    0    0 372 -387  1
3797500 2746500 10  6  2  13.6 1003 195  1.8 8  8.6  88    0    0 373 -387  1
3797500 2746500 10  6  3  13.8 1003 255  2.3 8  8.9  90    0    0 374 -387  1
3797500 2746500 10  6  4  13.3 1003 261  2.2 8  8.8  89    0    0 374 -388  1
3797500 2746500 10  6  5  13.1 1004 262  2.1 8  8.5  88    0    0 373 -388  1
3797500 2746500 10  6  6  12.8 1004 252  2.5 8  8.3  88    0    0 370 -389  1
3797500 2746500 10  6  7  12.7 1005 253  2.4 8  8.2  88    0    1 368 -390  1
3797500 2746500 10  6  8  12.7 1005 244  2.5 7  8.3  90    0   24 358 -391  1
3797500 2746500 10  6  9  13.0 1006 245  2.3 7  8.3  89    0   73 352 -394  1
3797500 2746500 10  6 10  12.4 1006 243  1.8 8  8.3  90    0   81 361 -400  1
3797500 2746500 10  6 11  12.5 1006 221  1.8 8  8.3  92    0   67 369 -407  1
3797500 2746500 10  6 12  13.4 1007 174  1.9 7  8.5  91    1  165 365 -413  1
3797500 2746500 10  6 13  14.5 1006 171  1.8 6  8.9  89    9  205 356 -420  1
3797500 2746500 10  6 14  15.5 1005 161  2.3 7  9.4  88    6  183 362 -428  1
3797500 2746500 10  6 15  16.2 1004 173  2.6 6  9.8  86   11  175 366 -431  1
3797500 2746500 10  6 16  15.6 1004 172  2.9 7 10.0  88    0   79 368 -425  1
3797500 2746500 10  6 17  15.6 1003 178  2.2 8 10.3  92    0   47 379 -419  1
3797500 2746500 10  6 18  16.1 1003 194  2.1 8 10.6  93    0   16 387 -415  1
3797500 2746500 10  6 19  16.6 1002 198  2.9 8 11.0  93    0    0 389 -413  1
3797500 2746500 10  6 20  17.0 1002 218  3.2 8 11.2  92    0    0 391 -413  1
3797500 2746500 10  6 21  17.3 1003 218  3.3 7 11.3  91    0    0 386 -413  1
3797500 2746500 10  6 22  17.7 1003 219  3.0 7 11.4  90    0    0 379 -413  1
3797500 2746500 10  6 23  17.8 1003 218  3.5 7 11.6  90    0    0 379 -413  1
3797500 2746500 10  6 24  18.3 1004 220  3.4 7 11.6  88    0    0 381 -412  1
3797500 2746500 10  7  1  18.6 1004 220  3.6 8 11.7  87    0    0 390 -412  1
3797500 2746500 10  7  2  18.6 1004 219  3.3 7 11.8  87    0    0 390 -412  1
3797500 2746500 10  7  3  18.6 1004 219  3.5 7 11.8  87    0    0 384 -411  1
3797500 2746500 10  7  4  19.0 1004 228  3.5 8 11.8  85    0    0 390 -411  1
3797500 2746500 10  7  5  18.7 1004 230  3.3 8 11.6  84    0    0 393 -411  1
3797500 2746500 10  7  6  18.8 1004 221  2.6 8 11.5  84    0    0 391 -411  1
3797500 2746500 10  7  7  18.7 1004 220  2.7 7 11.3  82    0    4 384 -410  1
3797500 2746500 10  7  8  18.8 1004 209  3.0 7 11.2  81    0   40 379 -410  1
3797500 2746500 10  7  9  19.1 1004 219  3.6 7 11.2  80    3  104 378 -411  1
3797500 2746500 10  7 10  19.6 1004 220  3.5 6 11.2  79   28  198 376 -415  1
3797500 2746500 10  7 11  20.3 1005 229  3.7 6 11.4  77   23  228 374 -422  1
3797500 2746500 10  7 12  21.0 1005 229  4.8 5 11.4  74   28  255 372 -432  1
3797500 2746500 10  7 13  21.0 1005 227  4.2 7 11.3  72    1  167 377 -439  1
3797500 2746500 10  7 14  20.6 1004 235  3.6 7 11.3  72    0  104 385 -442  1
3797500 2746500 10  7 15  20.8 1004 255  2.8 7 11.5  74    1  135 385 -443  1
3797500 2746500 10  7 16  20.5 1004 229  2.3 6 11.8  76    5  118 381 -440  1
3797500 2746500 10  7 17  19.9 1003 211  1.3 7 11.8  78    0   54 379 -435  1
3797500 2746500 10  7 18  18.6 1002 139  1.0 8 11.9  84    0   11 385 -429  1
3797500 2746500 10  7 19  18.8 1002  71  0.8 7 12.1  88    0    0 384 -425  1
3797500 2746500 10  7 20  17.7 1001 194  1.8 7 11.8  89    0    0 375 -419  1
3797500 2746500 10  7 21  17.0 1001 195  1.8 6 11.5  91    0    0 362 -413  1
3797500 2746500 10  7 22  16.3 1000 183  1.9 6 11.1  92    0    0 346 -409  1
3797500 2746500 10  7 23  15.4 1000 158  1.7 7 10.4  92    0    0 350 -407  1
3797500 2746500 10  7 24  14.7 1000 142  1.3 7  9.8  92    0    0 359 -404  1
3797500 2746500 10  8  1  14.0 1010 168  1.2 8  9.2  91    0    0 366 -376  1
3797500 2746500 10  8  2  13.6 1010 176  1.2 7  8.8  91    0    0 368 -374  1
3797500 2746500 10  8  3  13.2 1010 179  1.1 7  8.6  90    0    0 364 -371  1
3797500 2746500 10  8  4  13.3 1009 178  1.4 7  8.7  90    0    0 355 -369  1
3797500 2746500 10  8  5  13.1 1009 175  1.5 7  8.6  90    0    0 354 -368  1
3797500 2746500 10  8  6  13.3 1009 173  1.9 7  8.6  90    0    0 358 -367  1
3797500 2746500 10  8  7  12.9 1009 174  1.9 5  8.5  90    0    6 346 -366  1
3797500 2746500 10  8  8  13.2 1009 163  2.3 3  8.5  90   33   48 325 -365  1
3797500 2746500 10  8  9  14.4 1009 163  2.6 2  8.6  87  141   87 313 -367  1
3797500 2746500 10  8 10  15.6 1009 165  3.3 2  8.8  82  257  108 313 -374  1
3797500 2746500 10  8 11  16.5 1008 177  3.4 1  8.8  77  349  115 312 -383  1
3797500 2746500 10  8 12  17.2 1008 166  3.3 2  8.9  74  289  178 315 -392  1
3797500 2746500 10  8 13  16.9 1007 163  3.8 6  8.9  73   23  209 339 -399  1
3797500 2746500 10  8 14  16.3 1007 162  4.2 7  8.8  74    0  114 357 -404  1
3797500 2746500 10  8 15  16.1 1007 142  4.2 7  8.9  76    0   98 358 -406  1
3797500 2746500 10  8 16  16.7 1006 161  4.2 6  9.0  77   16  122 351 -404  1
3797500 2746500 10  8 17  16.4 1006 157  4.3 7  9.1  76   42   64 347 -398  1
3797500 2746500 10  8 18  16.1 1006 157  3.5 7  9.2  79    2   15 348 -391  1
3797500 2746500 10  8 19  15.9 1006 166  2.8 8  9.4  82    0    0 348 -385  1
3797500 2746500 10  8 20  15.7 1006 152  3.5 8  9.5  84    0    0 351 -381  1
3797500 2746500 10  8 21  16.2 1005 158  3.5 8  9.6  84    0    0 352 -378  1
3797500 2746500 10  8 22  16.1 1005 159  3.2 6  9.5  82    0    0 347 -376  1
3797500 2746500 10  8 23  16.4 1005 163  3.0 7  9.4  81    0    0 344 -374  1
3797500 2746500 10  8 24  16.4 1005 173  3.4 8  9.4  80    0    0 352 -374  1
3797500 2746500 10  9  1  16.2 1005 164  3.1 8  9.4  80    0    0 357 -374  1
3797500 2746500 10  9  2  16.1 1005 164  3.2 8  9.4  81    0    0 357 -374  1
3797500 2746500 10  9  3  16.0 1005 176  1.9 6  9.3  81    0    0 351 -375  1
3797500 2746500 10  9  4  16.1 1005 178  1.8 6  9.3  80    0    0 345 -375  1
3797500 2746500 10  9  5  15.8 1005 177  2.2 8  9.2  81    0    0 354 -373  1
3797500 2746500 10  9  6  15.4 1005 189  2.0 8  9.2  82    0    0 362 -371  1
3797500 2746500 10  9  7  14.9 1005 186  1.6 7  9.2  85    0    0 358 -370  1
3797500 2746500 10  9  8  15.1 1006 194  1.2 8  9.4  87    0   12 358 -370  1
3797500 2746500 10  9  9  15.2 1006 181  1.5 7  9.5  87    0   68 360 -372  1
3797500 2746500 10  9 10  14.6 1007 264  1.8 8  9.6  90    0   62 360 -379  1
3797500 2746500 10  9 11  14.4 1008 266  1.3 8  9.5  91    0   51 364 -387  1
3797500 2746500 10  9 12  12.4 1008 310  2.7 8  9.0  93    0   64 361 -395  1
3797500 2746500 10  9 13  12.3 1009 327  2.9 8  8.7  96    0   65 358 -400  1
3797500 2746500 10  9 14  12.3 1010 336  1.8 8  8.6  96    0   81 357 -401  1
3797500 2746500 10  9 15  13.0 1011 286  1.5 7  8.6  94    0   76 356 -399  1
3797500 2746500 10  9 16  13.1 1011 269  1.5 7  8.6  91    2   88 353 -395  1
3797500 2746500 10  9 17  13.3 1012 304  1.3 8  8.4  89   42   41 357 -390  1
3797500 2746500 10  9 18  13.1 1012 322  1.2 8  8.3  88    4   10 362 -387  1
3797500 2746500 10  9 19  12.5 1013 349  0.9 8  8.2  89    0    0 360 -385  1
3797500 2746500 10  9 20  12.4 1014 317  0.9 7  8.2  91    0    0 354 -384  1
3797500 2746500 10  9 21  12.7 1015 301  1.3 7  8.2  90    0    0 351 -384  1
3797500 2746500 10  9 22  12.5 1016 317  1.8 7  7.9  87    0    0 350 -384  1
3797500 2746500 10  9 23  11.7 1017 342  1.6 7  7.6  86    0    0 348 -384  1
3797500 2746500 10  9 24  11.0 1017 340  1.4 4  7.3  88    0    0 331 -383  1
3797500 2746500 10 10  1  10.0 1018 296  0.5 5  7.1  90    0    0 319 -382  1
3797500 2746500 10 10  2   9.5 1018 304  0.9 4  6.9  92    0    0 317 -381  1
3797500 2746500 10 10  3   9.8 1019 340  1.1 4  6.8  92    0    0 311 -380  1
3797500 2746500 10 10  4   9.4 1020 313  1.3 4  6.8  92    0    0 311 -380  1
3797500 2746500 10 10  5   9.1 1020 304  1.1 5  6.7  93    0    0 314 -379  1
3797500 2746500 10 10  6   9.0 1021 326  1.4 5  6.7  94    0    0 319 -378  1
3797500 2746500 10 10  7   8.4 1021 315  1.1 5  6.6  95    0    4 317 -377  1
3797500 2746500 10 10  8   8.6 1022 293  1.5 4  6.6  96    4   38 312 -376  1
3797500 2746500 10 10  9  10.5 1023 321  1.4 5  7.1  96   23  103 316 -377  1
3797500 2746500 10 10 10  11.6 1024 320  1.6 6  7.4  90   45  154 332 -381  1
3797500 2746500 10 10 11  13.1 1024 342  1.8 6  7.5  85   13  172 343 -386  1
3797500 2746500 10 10 12  13.7 1025 348  2.1 5  7.6  80   97  208 342 -391  1
3797500 2746500 10 10 13  14.3 1025  12  1.6 4  7.4  75   63  206 334 -397  1
3797500 2746500 10 10 14  14.6 1025 292  1.5 5  7.2  70   22  179 333 -403  1
3797500 2746500 10 10 15  15.0 1026 237  1.4 7  6.9  67   41  157 348 -404  1
3797500 2746500 10 10 16  15.4 1025 282  0.6 4  6.5  62  208   54 343 -401  1
3797500 2746500 10 10 17  15.2 1025 309  0.7 5  6.3  59  105   50 332 -397  1
3797500 2746500 10 10 18  13.4 1025 300  0.9 6  6.5  64   11   12 339 -393  1
3797500 2746500 10 10 19  11.0 1026 267  0.6 5  6.7  76    0    0 332 -388  1
3797500 2746500 10 10 20  10.6 1027 120  0.5 4  6.9  86    0    0 316 -384  1
3797500 2746500 10 10 21   9.5 1027 195  0.4 4  6.7  88    0    0 308 -378  1
3797500 2746500 10 10 22   9.1 1027 345  0.5 4  6.4  89    0    0 304 -372  1
3797500 2746500 10 10 23   8.6 1028 207  0.6 3  6.4  92    0    0 297 -367  1
3797500 2746500 10 10 24   8.3 1028 186  0.6 1  6.2  92    0    0 284 -364  1
3797500 2746500 10 11  1   8.0 1028 187  1.1 2  6.0  90    0    0 279 -363  1
3797500 2746500 10 11  2   9.0 1028 190  1.6 2  6.0  88    0    0 283 -362  1
3797500 2746500 10 11  3   8.4 1028 178  1.5 1  6.0  87    0    0 280 -361  1
3797500 2746500 10 11  4   8.9 1028 161  1.4 3  6.0  88    0    0 283 -361  1
3797500 2746500 10 11  5   9.0 1028 191  1.5 5  6.1  87    0    0 298 -359  1
3797500 2746500 10 11  6   8.4 1027 169  1.2 6  6.0  87    0    0 308 -358  1
3797500 2746500 10 11  7   9.1 1027 199  1.6 3  5.8  84    0    1 301 -359  1
3797500 2746500 10 11  8   8.7 1027 178  1.7 4  5.9  84    2   38 293 -359  1
3797500 2746500 10 11  9   9.6 1027 167  1.4 6  6.1  86   25  116 307 -364  1
3797500 2746500 10 11 10  11.3 1028 175  1.8 5  6.6  84  133  166 316 -373  1
3797500 2746500 10 11 11  13.2 1028 167  2.1 6  7.0  79  181  203 323 -385  1
3797500 2746500 10 11 12  14.3 1027 204  2.8 6  7.0  73  265  199 330 -397  1
3797500 2746500 10 11 13  15.1 1026 216  3.7 4  6.9  67  325  174 324 -408  1
3797500 2746500 10 11 14  15.6 1026 187  2.9 4  7.0  65  307  160 319 -415  1
3797500 2746500 10 11 15  15.9 1025 210  2.5 5  7.2  65  259  136 324 -417  1
3797500 2746500 10 11 16  16.0 1025 214  2.4 5  7.5  67  147  112 328 -414  1
3797500 2746500 10 11 17  15.9 1025 206  1.4 6  7.8  70   37   65 331 -406  1
3797500 2746500 10 11 18  14.5 1024 210  1.2 7  7.9  74    1   12 335 -395  1
3797500 2746500 10 11 19  13.5 1024 179  1.2 5  7.8  79    0    0 327 -386  1
3797500 2746500 10 11 20  13.8 1024 210  1.1 5  7.7  80    0    0 318 -381  1
3797500 2746500 10 11 21  13.1 1024 167  1.4 7  7.6  79    0    0 325 -378  1
3797500 2746500 10 11 22  12.8 1024 160  1.1 6  7.5  81    0    0 329 -376  1
3797500 2746500 10 11 23  12.9 1024 180  0.9 4  7.5  82    0    0 318 -374  1
3797500 2746500 10 11 24  12.2 1024 189  0.6 2  7.5  84    0    0 302 -373  1
3797500 2746500 10 12  1  12.3 1024 178  0.9 1  7.5  85    0    0 291 -372  1
3797500 2746500 10 12  2  12.5 1024 188  1.0 1  7.6  85    0    0 288 -370  1
3797500 2746500 10 12  3  12.2 1024 181  1.0 0  7.5  85    0    0 285 -368  1
3797500 2746500 10 12  4  12.0 1023 179  1.1 1  7.4  85    0    0 283 -367  1
3797500 2746500 10 12  5  12.0 1023 191  0.8 1  7.4  85    0    0 286 -365  1
3797500 2746500 10 12  6  11.9 1023 184  0.9 0  7.3  85    0    0 279 -364  1
3797500 2746500 10 12  7  11.8 1023 176  0.9 1  7.3  85    0    2 278 -363  1
3797500 2746500 10 12  8  12.1 1023 176  1.5 2  7.4  85   16   45 287 -362  1
3797500 2746500 10 12  9  13.1 1023 175  1.8 1  7.6  84   89  102 289 -365  1
3797500 2746500 10 12 10  14.8 1023 181  2.1 2  8.0  81  192  131 293 -373  1
3797500 2746500 10 12 11  16.4 1023 169  3.1 2  8.4  77  278  146 301 -385  1
3797500 2746500 10 12 12  17.8 1023 166  2.8 2  8.8  73  345  145 306 -398  1
3797500 2746500 10 12 13  18.8 1022 174  3.2 1  8.9  68  348  149 309 -409  1
3797500 2746500 10 12 14  19.3 1022 178  3.2 2  8.7  64  314  142 312 -415  1
3797500 2746500 10 12 15  19.6 1021 213  3.1 2  8.6  61  256  123 316 -417  1
3797500 2746500 10 12 16  19.4 1021 181  2.1 2  8.7  62  167   99 316 -414  1
3797500 2746500 10 12 17  18.7 1021 196  1.3 3  8.9  65   64   63 318 -405  1
3797500 2746500 10 12 18  17.6 1021 184  1.5 4  9.0  70    3   14 321 -393  1
3797500 2746500 10 12 19  16.8 1021 186  1.4 4  9.0  74    0    0 322 -382  1
3797500 2746500 10 12 20  16.7 1021 175  2.0 5  9.0  76    0    0 322 -377  1
3797500 2746500 10 12 21  16.1 1021 193  1.7 5  8.9  76    0    0 324 -374  1
3797500 2746500 10 12 22  15.9 1021 171  2.2 6  8.7  77    0    0 328 -371  1
3797500 2746500 10 12 23  15.1 1021 207  1.8 4  8.6  79    0    0 328 -369  1
3797500 2746500 10 12 24  14.7 1021 196  1.6 5  8.4  80    0    0 327 -367  1
3797500 2746500 10 13  1  14.2 1021 173  1.4 5  8.3  81    0    0 332 -366  1
3797500 2746500 10 13  2  13.5 1021 206  1.0 5  8.1  82    0    0 327 -365  1
3797500 2746500 10 13  3  13.0 1021 170  1.3 4  7.8  83    0    0 320 -365  1
3797500 2746500 10 13  4  12.5 1021 197  1.1 3  7.7  84    0    0 312 -365  1
3797500 2746500 10 13  5  12.3 1020 199  1.1 6  7.7  86    0    0 317 -363  1
3797500 2746500 10 13  6  12.2 1020 234  1.8 6  7.7  87    0    0 324 -362  1
3797500 2746500 10 13  7  11.8 1020 222  2.2 7  7.7  88    0    0 325 -361  1
3797500 2746500 10 13  8  11.0 1020 185  1.6 7  7.7  92    0   31 326 -363  1
3797500 2746500 10 13  9  12.0 1021 186  1.6 7  7.8  93    0   77 328 -367  1
3797500 2746500 10 13 10  12.3 1021 201  1.5 6  8.1  92   10  146 328 -377  1
3797500 2746500 10 13 11  13.0 1021 167  2.1 5  8.4  92   22  194 326 -389  1
3797500 2746500 10 13 12  13.7 1021 203  2.1 5  8.6  91   54  238 327 -403  1
3797500 2746500 10 13 13  14.5 1020 190  2.2 3  8.8  88  161  242 325 -413  1
3797500 2746500 10 13 14  16.9 1020 174  2.1 2  9.2  83  254  190 324 -419  1
3797500 2746500 10 13 15  17.0 1019 221  2.2 2  9.3  77  212  159 325 -421  1
3797500 2746500 10 13 16  17.6 1019 182  1.2 2  9.2  75  140  120 327 -418  1
3797500 2746500 10 13 17  17.5 1019 193  0.7 4  9.3  74   53   70 335 -410  1
3797500 2746500 10 13 18  15.8 1018 320  0.6 4  9.1  78    2   13 339 -399  1
3797500 2746500 10 13 19  14.3 1018 128  0.7 3  9.0  84    0    0 331 -389  1
3797500 2746500 10 13 20  14.9 1018  92  1.2 2  8.9  86    0    0 322 -384  1
3797500 2746500 10 13 21  13.7 1018 113  1.3 0  8.8  87    0    0 310 -381  1
3797500 2746500 10 13 22  14.0 1018 157  1.2 1  8.7  88    0    0 305 -379  1
3797500 2746500 10 13 23  14.6 1018 172  1.8 1  8.7  86    0    0 311 -377  1
3797500 2746500 10 13 24  14.3 1017 178  1.7 1  8.6  84    0    0 311 -376  1
3797500 2746500 10 14  1  14.2 1017 176  1.4 2  8.4  83    0    0 313 -375  1
3797500 2746500 10 14  2  13.7 1017 185  1.7 1  8.2  83    0    0 312 -374  1
3797500 2746500 10 14  3  13.6 1017 197  1.7 1  8.1  84    0    0 310 -375  1
3797500 2746500 10 14  4  14.0 1016 173  1.4 0  8.1  82    0    0 308 -376  1
3797500 2746500 10 14  5  13.5 1015 193  1.3 2  8.1  82    0    0 311 -375  1
3797500 2746500 10 14  6  13.1 1015 177  2.2 2  8.0  84    0    0 316 -375  1
3797500 2746500 10 14  7  13.3 1014 175  2.0 2  7.9  84    0    0 316 -376  1
3797500 2746500 10 14  8  13.4 1014 173  1.7 2  8.0  83    8   41 317 -378  1
3797500 2746500 10 14  9  14.1 1014 174  2.1 1  8.1  83   63  110 315 -381  1
3797500 2746500 10 14 10  16.0 1014 174  1.8 2  8.5  79  122  166 319 -389  1
3797500 2746500 10 14 11  17.7 1013 166  2.2 2  9.0  75  171  204 328 -402  1
3797500 2746500 10 14 12  19.2 1013 188  1.9 2  9.3  70  261  204 335 -416  1
3797500 2746500 10 14 13  19.9 1012 215  2.7 3  9.1  64  206  228 342 -428  1
3797500 2746500 10 14 14  20.6 1012 195  2.3 3  9.0  61  132  220 348 -435  1
3797500 2746500 10 14 15  20.7 1011 208  2.3 4  9.1  60  113  180 354 -438  1
3797500 2746500 10 14 16  20.9 1011 195  1.9 5  9.3  61   26  116 362 -436  1
3797500 2746500 10 14 17  20.2 1010 170  1.9 6  9.5  63   21   59 368 -429  1
3797500 2746500 10 14 18  19.6 1010 181  1.9 6  9.5  65    0    8 372 -420  1
3797500 2746500 10 14 19  19.3 1010 210  1.9 5  9.4  66    0    0 369 -413  1
3797500 2746500 10 14 20  19.4 1010 182  1.6 5  9.5  68    0    0 366 -409  1
3797500 2746500 10 14 21  19.4 1011 212  2.8 7  9.8  69    0    0 375 -406  1
3797500 2746500 10 14 22  19.1 1011 233  2.8 7 10.2  72    0    0 381 -404  1
3797500 2746500 10 14 23  18.8 1011 259  2.6 8 10.6  77    0    0 384 -401  1
3797500 2746500 10 14 24  18.2 1011 251  2.4 8 10.6  79    0    0 385 -397  1
3797500 2746500 10 15  1  17.3 1011 250  3.0 8 10.4  81    0    0 381 -394  1
3797500 2746500 10 15  2  16.6 1012 256  3.6 8 10.2  84    0    0 379 -394  1
3797500 2746500 10 15  3  16.1 1012 259  2.9 8 10.1  87    0    0 378 -394  1
3797500 2746500 10 15  4  15.7 1012 260  2.7 8  9.9  88    0    0 376 -395  1
3797500 2746500 10 15  5  15.3 1012 262  2.6 8  9.8  88    0    0 375 -395  1
3797500 2746500 10 15  6  15.0 1012 241  2.4 8  9.6  89    0    0 375 -394  1
3797500 2746500 10 15  7  14.8 1012 263  2.1 8  9.6  90    0    0 375 -393  1
3797500 2746500 10 15  8  14.7 1013 275  2.0 8  9.5  91    0    4 375 -393  1
3797500 2746500 10 15  9  14.9 1013 304  2.4 8  9.5  90    0   47 375 -395  1
3797500 2746500 10 15 10  15.2 1014 259  2.7 6  9.5  88   16  143 357 -400  1
3797500 2746500 10 15 11  16.1 1014 312  3.0 5  9.1  82   82  200 336 -404  1
3797500 2746500 10 15 12  16.3 1014 243  3.0 5  8.7  76   82  222 335 -407  1
3797500 2746500 10 15 13  16.7 1015 274  2.8 5  8.5  72   74  217 339 -409  1
3797500 2746500 10 15 14  17.4 1014 271  2.6 4  7.8  64  171  189 335 -409  1
3797500 2746500 10 15 15  17.4 1014 322  2.8 4  7.2  58  170  148 331 -411  1
3797500 2746500 10 15 16  17.3 1014 271  1.9 4  7.2  58  129  102 330 -411  1
3797500 2746500 10 15 17  16.0 1013 286  1.3 6  7.3  62   58   58 340 -408  1
3797500 2746500 10 15 18  14.0 1013 250  0.7 6  7.5  70    1   12 348 -405  1
3797500 2746500 10 15 19  13.8 1014 230  0.8 5  7.6  76    0    0 338 -403  1
3797500 2746500 10 15 20  13.4 1014 145  0.7 6  7.7  80    0    0 335 -402  1
3797500 2746500 10 15 21  13.6 1014 136  0.3 7  7.8  81    0    0 346 -401  1
3797500 2746500 10 15 22  13.7 1014 177  0.0 7  7.9  81    0    0 352 -401  1
3797500 2746500 10 15 23  13.7 1013 172  0.7 5  8.0  81    0    0 341 -402  1
3797500 2746500 10 15 24  13.8 1013 173  1.1 3  8.0  81    0    0 318 -403  1
3797500 2746500 10 16  1  13.8 1013 189  1.1 5  8.0  81    0    0 320 -404  1
3797500 2746500 10 16  2  13.5 1012 179  0.9 8  7.9  81    0    0 350 -403  1
3797500 2746500 10 16  3  13.3 1012 160  0.9 8  7.9  82    0    0 370 -402  1
3797500 2746500 10 16  4  13.3 1011 188  1.0 8  7.9  82    0    0 371 -401  1
3797500 2746500 10 16  5  12.9 1011 170  1.8 8  7.8  82    0    0 372 -399  1
3797500 2746500 10 16  6  12.7 1011 210  2.0 7  7.7  83    0    0 366 -398  1
3797500 2746500 10 16  7  12.8 1010 177  1.6 7  7.6  82    0    0 361 -397  1
3797500 2746500 10 16  8  13.1 1010 198  1.8 8  7.6  81    0   20 368 -395  1
3797500 2746500 10 16  9  13.5 1010 209  2.8 5  7.7  81   24   97 358 -395  1
3797500 2746500 10 16 10  14.1 1010 210  3.5 5  8.0  81   32  149 345 -397  1
3797500 2746500 10 16 11  14.7 1010 217  4.1 7  8.3  81    2  138 358 -401  1
3797500 2746500 10 16 12  15.3 1009 226  3.8 7  8.5  80    3  154 371 -404  1
3797500 2746500 10 16 13  15.4 1009 218  4.4 7  8.5  78    0  109 372 -406  1
3797500 2746500 10 16 14  15.6 1008 220  4.0 7  8.2  74    0  108 373 -410  1
3797500 2746500 10 16 15  15.5 1008 208  3.5 8  8.1  73    0   79 376 -414  1
3797500 2746500 10 16 16  14.3 1007 188  3.2 8  8.4  78    0   50 377 -414  1
3797500 2746500 10 16 17  13.9 1006 168  2.9 7  8.7  86    2   34 369 -412  1
3797500 2746500 10 16 18  14.2 1005 182  2.7 8  9.0  89    0    1 367 -408  1
3797500 2746500 10 16 19  14.5 1005 224  4.6 8  9.2  89    0    0 372 -403  1
3797500 2746500 10 16 20  14.6 1004 217  5.8 8  9.3  89    0    0 371 -401  1
3797500 2746500 10 16 21  14.8 1004 218  4.5 8  9.3  88    0    0 370 -397  1
3797500 2746500 10 16 22  14.9 1004 233  4.3 8  9.3  87    0    0 369 -392  1
3797500 2746500 10 16 23  14.5 1004 243  3.5 7  9.3  88    0    0 364 -389  1
3797500 2746500 10 16 24  14.4 1003 245  4.3 7  9.4  91    0    0 357 -387  1
3797500 2746500 10 17  1  13.3 1003 287  2.5 8  9.0  90    0    0 358 -385  1
3797500 2746500 10 17  2  12.4 1004 274  2.4 7  8.1  87    0    0 351 -383  1
3797500 2746500 10 17  3  11.7 1004 232  2.5 7  7.8  88    0    0 339 -381  1
3797500 2746500 10 17  4  11.7 1005 237  1.8 8  7.7  89    0    0 341 -379  1
3797500 2746500 10 17  5  11.4 1005 219  1.9 8  7.7  90    0    0 345 -376  1
3797500 2746500 10 17  6  11.2 1005 209  2.2 8  7.6  90    0    0 342 -374  1
3797500 2746500 10 17  7  11.3 1004 221  2.6 7  7.6  90    0    0 335 -373  1
3797500 2746500 10 17  8  11.3 1004 228  2.5 7  7.6  90    0   26 330 -372  1
3797500 2746500 10 17  9  11.4 1003 231  4.0 5  7.6  89   17   84 320 -373  1
3797500 2746500 10 17 10  11.7 1003 240  3.2 6  7.4  86   11  122 315 -377  1
3797500 2746500 10 17 11  12.0 1003 243  3.4 8  7.2  82    0   57 332 -380  1
3797500 2746500 10 17 12  12.2 1003 244  3.7 7  7.1  79    0   87 341 -382  1
3797500 2746500 10 17 13  11.6 1003 249  2.9 7  6.9  79    0   83 337 -385  1
3797500 2746500 10 17 14  11.8 1003 253  2.5 7  6.9  80    0   88 337 -384  1
3797500 2746500 10 17 15  11.7 1003 289  3.3 6  6.5  75    9  122 332 -378  1
3797500 2746500 10 17 16  12.0 1003 276  2.9 7  6.0  69    7   81 331 -375  1
3797500 2746500 10 17 17   9.7 1003 263  2.3 6  5.8  72    1   33 327 -374  1
3797500 2746500 10 17 18   9.4 1005 274  1.9 5  5.7  76    0    7 313 -368  1
3797500 2746500 10 17 19   8.9 1005 251  1.6 5  5.6  78    0    0 306 -364  1
3797500 2746500 10 17 20   8.6 1006 258  1.6 4  5.6  79    0    0 297 -359  1
3797500 2746500 10 17 21   8.6 1007 259  1.9 1  5.6  79    0    0 276 -353  1
3797500 2746500 10 17 22   8.2 1008 226  1.9 1  5.6  80    0    0 262 -350  1
3797500 2746500 10 17 23   8.3 1008 229  2.4 3  5.6  81    0    0 271 -346  1
3797500 2746500 10 17 24   8.2 1009 233  1.7 4  5.6  82    0    0 286 -345  1
3797500 2746500 10 18  1   8.1 1009 229  1.8 3  5.5  82    0    0 284 -348  1
3797500 2746500 10 18  2   7.8 1009 214  1.8 2  5.5  82    0    0 273 -351  1
3797500 2746500 10 18  3   7.9 1009 226  1.8 2  5.5  82    0    0 267 -350  1
3797500 2746500 10 18  4   7.5 1010 229  1.6 4  5.5  84    0    0 277 -348  1
3797500 2746500 10 18  5   7.4 1010 222  2.1 4  5.5  85    0    0 286 -349  1
3797500 2746500 10 18  6   7.1 1010 223  1.8 3  5.5  86    0    0 282 -350  1
3797500 2746500 10 18  7   6.9 1010 221  2.3 2  5.4  87    0    0 272 -349  1
3797500 2746500 10 18  8   6.3 1010 219  2.2 3  5.4  89    4   29 272 -346  1
3797500 2746500 10 18  9   8.3 1011 218  2.7 3  5.6  87   64   82 278 -347  1
3797500 2746500 10 18 10   9.7 1011 241  2.7 3  5.9  82  140  115 283 -352  1
3797500 2746500 10 18 11  11.2 1012 250  3.0 4  6.1  77  172  149 294 -360  1
3797500 2746500 10 18 12  11.8 1012 252  3.3 4  6.0  71  157  181 303 -370  1
3797500 2746500 10 18 13  11.9 1012 254  3.2 4  5.9  68   35  187 304 -379  1
3797500 2746500 10 18 14  12.1 1012 259  2.7 3  5.8  66   43  173 296 -385  1
3797500 2746500 10 18 15  12.3 1012 254  2.6 5  5.7  65   12  128 298 -386  1
3797500 2746500 10 18 16  12.6 1012 247  2.6 6  5.6  63   14   88 309 -384  1
3797500 2746500 10 18 17  11.7 1012 271  0.9 7  5.7  65   20   40 317 -377  1
3797500 2746500 10 18 18  10.9 1013 230  0.9 5  5.9  71    0    5 311 -369  1
3797500 2746500 10 18 19  10.7 1013 190  0.6 6  6.0  74    0    0 307 -362  1
3797500 2746500 10 18 20  10.4 1014 244  1.4 6  6.0  75    0    0 313 -358  1
3797500 2746500 10 18 21   9.9 1014 210  0.9 5  5.9  76    0    0 309 -354  1
3797500 2746500 10 18 22   9.3 1014 202  1.0 4  5.9  79    0    0 297 -350  1
3797500 2746500 10 18 23   9.1 1014 195  1.2 3  5.8  81    0    0 284 -347  1
3797500 2746500 10 18 24   8.0 1014 194  1.1 2  5.7  82    0    0 271 -344  1
3797500 2746500 10 19  1   7.8 1014 194  1.5 2  5.5  83    0    0 262 -342  1
3797500 2746500 10 19  2   7.4 1015 194  1.6 2  5.5  84    0    0 259 -339  1
3797500 2746500 10 19  3   7.3 1014 181  1.4 0  5.4  84    0    0 250 -338  1
3797500 2746500 10 19  4   7.2 1014 184  1.2 1  5.3  83    0    0 245 -337  1
3797500 2746500 10 19  5   7.2 1014 185  1.5 1  5.2  83    0    0 247 -335  1
3797500 2746500 10 19  6   7.2 1014 186  1.5 2  5.2  82    0    0 248 -334  1
3797500 2746500 10 19  7   7.1 1014 185  1.6 2  5.1  82    0    0 248 -334  1
3797500 2746500 10 19  8   6.8 1014 176  1.4 3  5.2  84    5   30 250 -333  1
3797500 2746500 10 19  9   8.4 1014 166  1.9 5  5.4  84   63   91 263 -337  1
3797500 2746500 10 19 10  10.0 1014 216  2.5 5  5.7  79  116  143 276 -345  1
3797500 2746500 10 19 11  10.8 1014 224  2.9 6  5.8  74  132  190 282 -355  1
3797500 2746500 10 19 12  11.5 1013 223  3.4 6  5.9  71  202  191 289 -365  1
3797500 2746500 10 19 13  12.3 1013 223  3.7 4  5.9  68  224  188 286 -373  1
3797500 2746500 10 19 14  12.8 1013 250  4.3 5  5.9  66  134  197 287 -378  1
3797500 2746500 10 19 15  12.9 1012 241  3.5 6  6.0  65   64  161 296 -380  1
3797500 2746500 10 19 16  12.7 1012 230  3.3 7  5.9  64   26  104 302 -377  1
3797500 2746500 10 19 17  12.5 1012 225  2.6 6  5.9  65    9   41 302 -369  1
3797500 2746500 10 19 18  12.1 1012 225  2.5 6  6.0  67    0    3 299 -359  1
3797500 2746500 10 19 19  12.3 1012 218  2.3 6  6.0  67    0    0 300 -350  1
3797500 2746500 10 19 20  11.7 1013 220  2.2 7  6.0  69    0    0 303 -345  1
3797500 2746500 10 19 21  10.9 1013 222  2.1 5  6.0  72    0    0 299 -342  1
3797500 2746500 10 19 22  10.9 1013 223  2.2 3  6.0  74    0    0 286 -340  1
3797500 2746500 10 19 23  10.1 1014 221  2.6 1  5.9  75    0    0 274 -338  1
3797500 2746500 10 19 24   9.7 1014 223  2.8 2  5.8  77    0    0 270 -336  1
3797500 2746500 10 20  1   9.5 1014 223  2.9 3  5.8  77    0    0 275 -335  1
3797500 2746500 10 20  2   9.3 1014 224  2.8 1  5.7  78    0    0 269 -334  1
3797500 2746500 10 20  3   9.3 1014 224  2.6 0  5.8  80    0    0 258 -333  1
3797500 2746500 10 20  4   9.2 1014 214  2.8 2  5.9  81    0    0 261 -333  1
3797500 2746500 10 20  5   8.8 1014 215  2.5 3  5.9  83    0    0 269 -333  1
3797500 2746500 10 20  6   8.8 1014 205  2.4 4  6.0  85    0    0 274 -332  1
3797500 2746500 10 20  7   8.6 1014 214  2.5 5  6.0  85    0    0 281 -332  1
3797500 2746500 10 20  8   8.7 1015 213  2.8 5  6.0  86    0   23 284 -332  1
3797500 2746500 10 20  9   9.3 1015 213  2.7 6  6.1  86   23   90 288 -335  1
3797500 2746500 10 20 10  10.5 1016 214  3.0 5  6.4  84   85  141 291 -342  1
3797500 2746500 10 20 11  11.9 1016 217  3.4 5  6.6  80  170  159 292 -353  1
3797500 2746500 10 20 12  13.0 1016 235  4.0 6  6.8  76  196  178 301 -364  1
3797500 2746500 10 20 13  13.7 1016 234  4.0 6  7.0  74   68  203 308 -373  1
3797500 2746500 10 20 14  13.3 1016 243  3.4 7  7.1  73    4  145 311 -379  1
3797500 2746500 10 20 15  14.2 1015 224  3.1 6  6.9  71   32  144 312 -382  1
3797500 2746500 10 20 16  14.9 1015 232  3.8 3  6.7  65  114   85 307 -380  1
3797500 2746500 10 20 17  14.0 1014 212  2.7 5  6.5  63   34   43 306 -375  1
3797500 2746500 10 20 18  13.1 1014 220  2.2 6  6.3  65    0    0 307 -367  1
3797500 2746500 10 20 19  11.9 1014 212  1.4 3  6.2  68    0    0 301 -360  1
3797500 2746500 10 20 20  11.0 1014 179  1.3 3  6.0  72    0    0 294 -357  1
3797500 2746500 10 20 21  11.5 1014 202  1.7 3  6.0  73    0    0 292 -355  1
3797500 2746500 10 20 22  11.4 1014 212  1.9 2  6.1  72    0    0 291 -354  1
3797500 2746500 10 20 23  10.1 1014 184  1.8 2  6.0  75    0    0 286 -354  1
3797500 2746500 10 20 24  10.0 1014 194  1.9 1  5.9  77    0    0 280 -351  1
3797500 2746500 10 21  1  10.1 1013 184  2.2 1  5.8  75    0    0 275 -348  1
3797500 2746500 10 21  2   9.6 1013 194  2.6 0  5.6  74    0    0 270 -346  1
3797500 2746500 10 21  3   9.2 1012 186  2.4 0  5.5  75    0    0 265 -344  1
3797500 2746500 10 21  4   9.1 1012 186  3.0 0  5.5  76    0    0 264 -344  1
3797500 2746500 10 21  5   8.7 1011 185  2.5 1  5.4  76    0    0 265 -344  1
3797500 2746500 10 21  6   8.7 1011 195  2.4 1  5.4  77    0    0 267 -344  1
3797500 2746500 10 21  7   8.9 1010 186  2.8 1  5.4  76    0    0 269 -344  1
3797500 2746500 10 21  8   9.1 1010 178  2.7 0  5.4  76    9   28 267 -344  1
3797500 2746500 10 21  9  10.8 1010 177  3.8 1  5.7  74   81   74 271 -345  1
3797500 2746500 10 21 10  12.3 1009 182  4.2 1  6.0  70  182   98 279 -354  1
3797500 2746500 10 21 11  14.2 1009 195  4.3 2  6.3  66  254  116 287 -367  1
3797500 2746500 10 21 12  15.2 1008 186  5.1 2  6.6  63  325  109 296 -380  1
3797500 2746500 10 21 13  17.1 1007 195  4.4 1  7.1  62  354   99 301 -392  1
3797500 2746500 10 21 14  18.1 1006 205  5.1 1  7.6  60  322   93 309 -400  1
3797500 2746500 10 21 15  18.8 1005 193  3.9 1  7.7  57  246   87 315 -405  1
3797500 2746500 10 21 16  19.1 1005 201  3.6 2  7.9  57  146   73 324 -405  1
3797500 2746500 10 21 17  18.0 1004 192  2.9 4  7.9  58   43   40 333 -402  1
3797500 2746500 10 21 18  17.4 1003 202  2.8 6  7.7  60    0    0 344 -400  1
3797500 2746500 10 21 19  17.1 1003 194  2.1 5  7.7  62    0    0 350 -399  1
3797500 2746500 10 21 20  16.9 1003 194  2.3 5  7.8  64    0    0 350 -399  1
3797500 2746500 10 21 21  16.7 1003 194  2.4 4  7.8  65    0    0 350 -397  1
3797500 2746500 10 21 22  16.8 1003 185  2.7 3  8.0  67    0    0 347 -395  1
3797500 2746500 10 21 23  16.3 1002 203  2.8 2  8.2  68    0    0 342 -394  1
3797500 2746500 10 21 24  16.4 1002 193  2.6 2  8.2  69    0    0 336 -394  1
3797500 2746500 10 22  1  16.6 1001 193  3.0 3  8.2  70    0    0 339 -394  1
3797500 2746500 10 22  2  16.6 1001 192  3.2 6  8.4  71    0    0 352 -393  1
3797500 2746500 10 22  3  16.9 1000 184  3.5 7  8.6  71    0    0 367 -390  1
3797500 2746500 10 22  4  16.9 1000 194  2.6 7  8.6  70    0    0 371 -386  1
3797500 2746500 10 22  5  17.0 1000 205  3.2 5  8.4  69    0    0 363 -384  1
3797500 2746500 10 22  6  15.6  999 224  5.0 6  8.2  70    0    0 358 -382  1
3797500 2746500 10 22  7  13.3 1000 268  1.4 8  8.0  77    0    0 364 -383  1
3797500 2746500 10 22  8  12.1 1000 259  1.6 8  7.8  84    0   14 366 -384  1
3797500 2746500 10 22  9  11.1 1001 293  1.7 5  7.7  89    9   68 351 -386  1
3797500 2746500 10 22 10  11.0 1002 258  2.7 7  7.5  90    0   66 344 -384  1
3797500 2746500 10 22 11  10.3 1003 261  2.5 8  7.3  90    0   45 355 -381  1
3797500 2746500 10 22 12  10.5 1003 248  2.6 8  7.1  90    0   88 358 -377  1
3797500 2746500 10 22 13  11.1 1004 229  2.5 7  7.2  89    0  106 354 -375  1
3797500 2746500 10 22 14  11.2 1004 260  2.6 8  7.2  86    0  111 354 -375  1
3797500 2746500 10 22 15  11.4 1004 229  1.6 7  7.0  83   12  117 352 -374  1
3797500 2746500 10 22 16  11.4 1005 238  2.3 7  6.9  81   22   80 343 -372  1
3797500 2746500 10 22 17  11.3 1005 213  2.0 8  6.7  80    4   27 347 -370  1
3797500 2746500 10 22 18  11.1 1006 212  1.9 8  6.7  80    0    0 353 -368  1
3797500 2746500 10 22 19  10.6 1006 267  0.9 7  6.7  82    0    0 340 -365  1
3797500 2746500 10 22 20  10.5 1007 252  1.1 7  6.8  84    0    0 326 -363  1
3797500 2746500 10 22 21   9.9 1008 258  0.9 7  6.6  84    0    0 322 -361  1
3797500 2746500 10 22 22   9.4 1009 250  0.7 7  6.3  84    0    0 317 -358  1
3797500 2746500 10 22 23   9.0 1010 232  0.9 4  6.2  85    0    0 280 -356  1
3797500 2746500 10 22 24   8.5 1010 234  1.2 2  6.0  86    0    0 221 -354  1
3797500 2746500 10 23  1   7.9 1011 225  1.1 4  5.9  87    0    0 222 -352  1
3797500 2746500 10 23  2   7.9 1011 224  1.4 5  5.7  86    0    0 255 -349  1
3797500 2746500 10 23  3   7.6 1011 224  1.2 2  5.7  86    0    0 227 -347  1
3797500 2746500 10 23  4   7.3 1011 205  1.1 4  5.6  87    0    0 213 -346  1
3797500 2746500 10 23  5   7.4 1012 204  1.2 7  5.5  86    0    0 263 -344  1
3797500 2746500 10 23  6   7.5 1012 205  1.5 7  5.6  86    0    0 297 -343  1
3797500 2746500 10 23  7   7.6 1012 195  1.2 7  5.6  86    0    0 297 -342  1
3797500 2746500 10 23  8   7.7 1013 209  1.6 7  5.5  85    0   10 297 -341  1
3797500 2746500 10 23  9   8.0 1014 200  1.3 7  5.6  84    0   51 299 -342  1
3797500 2746500 10 23 10   8.7 1014 201  1.3 8  5.8  84    0   77 309 -348  1
3797500 2746500 10 23 11   9.1 1015 208  1.5 8  5.9  83    0   90 318 -355  1
3797500 2746500 10 23 12   9.6 1015 200  1.6 8  5.9  80    0  116 320 -362  1
3797500 2746500 10 23 13  10.2 1016 202  1.5 7  5.9  78   15  171 316 -369  1
3797500 2746500 10 23 14  10.6 1016 211  2.0 7  6.0  76   12  153 313 -375  1
3797500 2746500 10 23 15  11.1 1016 220  1.9 7  5.9  74   16  128 315 -376  1
3797500 2746500 10 23 16  11.3 1016 216  2.3 6  5.8  70   33   91 311 -372  1
3797500 2746500 10 23 17  10.8 1016 219  2.3 6  5.6  69    4   30 305 -364  1
3797500 2746500 10 23 18   9.7 1017 238  2.1 5  5.6  72    0    0 298 -353  1
3797500 2746500 10 23 19   9.1 1018 213  2.1 5  5.5  75    0    0 291 -345  1
3797500 2746500 10 23 20   9.0 1019 216  2.4 4  5.4  76    0    0 286 -341  1
3797500 2746500 10 23 21   8.3 1019 212  1.8 1  5.4  78    0    0 267 -338  1
3797500 2746500 10 23 22   8.1 1020 227  2.2 1  5.2  78    0    0 253 -336  1
3797500 2746500 10 23 23   7.3 1021 193  1.4 1  5.1  79    0    0 251 -335  1
3797500 2746500 10 23 24   7.3 1021 192  1.7 1  5.0  80    0    0 250 -333  1
3797500 2746500 10 24  1   7.1 1021 193  1.5 0  5.0  79    0    0 244 -331  1
3797500 2746500 10 24  2   6.6 1021 182  1.5 0  4.9  80    0    0 238 -330  1
3797500 2746500 10 24  3   6.2 1022 173  1.7 0  4.9  82    0    0 237 -329  1
3797500 2746500 10 24  4   6.3 1022 173  1.4 0  4.9  83    0    0 234 -328  1
3797500 2746500 10 24  5   6.7 1022 172  1.4 0  4.9  83    0    0 234 -327  1
3797500 2746500 10 24  6   6.5 1022 170  1.9 0  5.0  83    0    0 235 -326  1
3797500 2746500 10 24  7   6.4 1022 168  2.4 1  4.9  83    0    0 239 -325  1
3797500 2746500 10 24  8   6.5 1022 165  3.3 1  4.9  83    5   24 244 -324  1
3797500 2746500 10 24  9   7.3 1022 163  4.1 1  5.0  81   63   74 244 -326  1
3797500 2746500 10 24 10   8.4 1023 168  3.6 2  5.1  78  146  107 252 -332  1
3797500 2746500 10 24 11   8.9 1023 176  4.1 3  5.4  78  225  122 264 -343  1
3797500 2746500 10 24 12  10.7 1022 163  4.3 3  5.8  78  295  123 274 -355  1
3797500 2746500 10 24 13  11.4 1022 162  4.7 2  5.8  72  312  119 272 -365  1
3797500 2746500 10 24 14  12.2 1021 174  4.4 1  5.7  67  283  110 264 -371  1
3797500 2746500 10 24 15  12.5 1020 162  4.8 1  5.8  65  219   96 262 -373  1
3797500 2746500 10 24 16  12.6 1020 174  4.1 1  5.7  63  123   77 263 -369  1
3797500 2746500 10 24 17  11.9 1019 176  3.4 2  5.4  62   30   36 270 -361  1
3797500 2746500 10 24 18  11.1 1019 177  3.4 2  5.2  62    0    0 274 -350  1
3797500 2746500 10 24 19  10.8 1018 210  3.0 2  5.0  62    0    0 274 -343  1
3797500 2746500 10 24 20  10.2 1019 171  2.3 3  5.0  64    0    0 279 -339  1
3797500 2746500 10 24 21  10.0 1019 168  3.4 5  5.2  67    0    0 295 -336  1
3797500 2746500 10 24 22   9.3 1019 168  3.5 4  5.2  71    0    0 300 -334  1
3797500 2746500 10 24 23   9.0 1019 170  3.5 2  5.2  72    0    0 284 -333  1
3797500 2746500 10 24 24   9.1 1018 160  4.0 1  5.2  73    0    0 269 -332  1
3797500 2746500 10 25  1   8.7 1018 159  4.5 3  5.1  73    0    0 273 -331  1
3797500 2746500 10 25  2   8.5 1017 168  3.9 5  5.1  73    0    0 293 -330  1
3797500 2746500 10 25  3   8.2 1017 159  3.4 3  5.0  74    0    0 292 -330  1
3797500 2746500 10 25  4   8.1 1017 168  3.5 3  5.0  74    0    0 280 -329  1
3797500 2746500 10 25  5   8.1 1017 171  3.4 5  5.0  74    0    0 290 -328  1
3797500 2746500 10 25  6   8.3 1016 170  3.3 6  5.0  74    0    0 305 -328  1
3797500 2746500 10 25  7   8.2 1016 170  2.9 7  5.0  74    0    0 314 -328  1
3797500 2746500 10 25  8   8.3 1016 171  2.8 7  5.0  74    0    9 319 -328  1
3797500 2746500 10 25  9   8.3 1016 183  2.6 8  5.0  74    0   38 323 -330  1
3797500 2746500 10 25 10   8.5 1017 175  2.6 8  5.1  75    0   76 330 -336  1
3797500 2746500 10 25 11   9.8 1017 174  2.8 7  5.3  73    1  135 327 -346  1
3797500 2746500 10 25 12  10.9 1017 182  3.0 7  5.3  68    4  172 326 -356  1
3797500 2746500 10 25 13  11.4 1017 202  3.1 6  5.3  64   12  204 323 -364  1
3797500 2746500 10 25 14  11.4 1017 211  3.0 7  5.4  64    4  160 325 -370  1
3797500 2746500 10 25 15  11.5 1017 212  2.3 7  5.6  67    1  111 331 -372  1
3797500 2746500 10 25 16  11.2 1017 201  2.3 8  5.9  71    1   69 336 -371  1
3797500 2746500 10 25 17  10.2 1017 172  1.9 8  6.2  77    0   24 340 -366  1
3797500 2746500 10 25 18  10.6 1017 212  1.6 8  6.2  79    0    0 339 -361  1
3797500 2746500 10 25 19  10.8 1018 183  1.6 7  6.1  76    0    0 334 -360  1
3797500 2746500 10 25 20  11.1 1019 227  1.6 8  6.1  76    0    0 336 -360  1
3797500 2746500 10 25 21  11.0 1020 251  2.3 8  6.2  77    0    0 341 -359  1
3797500 2746500 10 25 22  10.9 1021 213  1.9 8  6.4  79    0    0 341 -358  1
3797500 2746500 10 25 23  10.6 1021 230  1.7 8  6.5  82    0    0 341 -357  1
3797500 2746500 10 25 24  10.3 1022 209  1.6 8  6.7  86    0    0 341 -356  1
3797500 2746500 10 26  1  10.1 1022 201  1.1 8  6.9  89    0    0 340 -356  1
3797500 2746500 10 26  2  10.2 1023 227  1.4 8  7.0  92    0    0 340 -357  1
3797500 2746500 10 26  3  10.3 1024 249  1.0 8  7.2  94    0    0 342 -356  1
3797500 2746500 10 26  4  10.3 1024 330  1.0 8  7.4  95    0    0 343 -353  1
3797500 2746500 10 26  5  10.3 1024 326  0.9 8  7.3  94    0    0 346 -347  1
3797500 2746500 10 26  6  10.0 1025 344  0.7 7  7.2  94    0    0 342 -341  1
3797500 2746500 10 26  7   9.3 1025 112  1.0 7  7.0  95    0    0 334 -336  1
3797500 2746500 10 26  8   9.4 1025 102  0.7 7  6.8  94    0   20 332 -333  1
3797500 2746500 10 26  9   9.7 1025 182  1.0 7  7.0  95    7   82 332 -336  1
3797500 2746500 10 26 10  10.4 1026 143  1.1 7  7.2  95   11  137 331 -344  1
3797500 2746500 10 26 11  10.8 1026 174  1.1 8  7.3  93    0  114 336 -355  1
3797500 2746500 10 26 12  11.2 1026 164  2.0 8  7.4  92    0   61 342 -366  1
3797500 2746500 10 26 13  11.2 1025 194  2.1 8  7.5  91    0   56 340 -376  1
3797500 2746500 10 26 14  11.7 1025 174  2.9 8  7.4  88    0   57 335 -382  1
3797500 2746500 10 26 15  11.9 1024 172  2.2 8  7.3  85    0   58 332 -383  1
3797500 2746500 10 26 16  12.1 1023 212  1.7 7  7.3  84    1   67 325 -379  1
3797500 2746500 10 26 17  12.0 1023 163  2.4 6  7.3  84    1   28 315 -372  1
3797500 2746500 10 26 18  11.4 1023 217  2.5 5  7.3  86    0    0 304 -365  1
3797500 2746500 10 26 19  10.9 1022 179  2.1 5  6.9  84    0    0 298 -359  1
3797500 2746500 10 26 20  11.0 1022 203  2.9 5  6.6  81    0    0 297 -358  1
3797500 2746500 10 26 21  10.9 1022 240  2.5 4  6.7  83    0    0 292 -358  1
3797500 2746500 10 26 22  10.3 1022 230  2.8 5  6.9  87    0    0 292 -357  1
3797500 2746500 10 26 23  10.1 1022 221  3.0 2  6.8  89    0    0 283 -355  1
3797500 2746500 10 26 24  10.1 1021 221  3.4 1  6.7  88    0    0 265 -354  1
3797500 2746500 10 27  1  10.8 1020 212  2.9 3  6.7  85    0    0 271 -354  1
3797500 2746500 10 27  2  10.9 1019 213  2.6 3  6.8  84    0    0 281 -355  1
3797500 2746500 10 27  3  10.9 1018 194  2.6 2  6.9  85    0    0 274 -355  1
3797500 2746500 10 27  4  10.9 1017 213  3.0 4  6.9  85    0    0 276 -355  1
3797500 2746500 10 27  5  11.4 1016 214  3.7 5  6.9  84    0    0 290 -354  1
3797500 2746500 10 27  6  11.5 1016 212  4.2 5  6.9  82    0    0 296 -354  1
3797500 2746500 10 27  7  11.6 1015 213  3.5 4  6.8  81    0    0 292 -353  1
3797500 2746500 10 27  8  11.8 1015 203  3.7 5  6.8  79    0   11 294 -353  1
3797500 2746500 10 27  9  11.8 1014 194  3.2 6  6.7  78    3   70 304 -357  1
3797500 2746500 10 27 10  12.7 1014 204  3.1 6  6.7  76   24  150 311 -363  1
3797500 2746500 10 27 11  13.6 1013 183  3.9 6  6.7  71   47  211 315 -371  1
3797500 2746500 10 27 12  14.7 1012 202  4.3 6  6.5  64   29  220 321 -377  1
3797500 2746500 10 27 13  14.7 1011 202  3.9 7  6.4  62    0  106 330 -382  1
3797500 2746500 10 27 14  13.1 1011 219  3.4 7  7.0  71    0   57 336 -383  1
3797500 2746500 10 27 15  12.7 1010 199  2.0 8  7.5  81    0   47 338 -382  1
3797500 2746500 10 27 16  13.5 1009 218  3.7 8  7.6  80    0   34 343 -382  1
3797500 2746500 10 27 17  13.7 1009 220  4.6 8  7.6  78    0   10 347 -382  1
3797500 2746500 10 27 18  13.0 1008 220  3.4 8  7.8  82    0    0 348 -382  1
3797500 2746500 10 27 19  13.0 1008 221  3.5 8  8.1  86    0    0 350 -382  1
3797500 2746500 10 27 20  13.4 1008 222  3.8 8  8.2  86    0    0 353 -382  1
3797500 2746500 10 27 21  13.6 1007 219  3.7 8  8.4  87    0    0 355 -380  1
3797500 2746500 10 27 22  13.4 1007 219  4.0 8  8.7  89    0    0 356 -375  1
3797500 2746500 10 27 23  13.0 1006 210  3.4 8  8.7  91    0    0 356 -372  1
3797500 2746500 10 27 24  12.8 1005 230  3.8 8  8.7  93    0    0 356 -371  1
3797500 2746500 10 28  1  12.2 1005 268  2.3 8  8.6  94    0    0 356 -372  1
3797500 2746500 10 28  2  11.8 1004 240  2.0 8  8.2  93    0    0 355 -372  1
3797500 2746500 10 28  3  11.6 1004 214  2.4 8  8.0  92    0    0 353 -371  1
3797500 2746500 10 28  4  11.4 1003 216  3.0 8  7.9  93    0    0 352 -369  1
3797500 2746500 10 28  5  11.0 1002 239  2.4 7  7.8  93    0    0 345 -367  1
3797500 2746500 10 28  6  10.3 1002 295  1.3 8  7.5  93    0    0 342 -367  1
3797500 2746500 10 28  7  10.0 1001 231  2.1 8  7.2  92    0    0 345 -366  1
3797500 2746500 10 28  8   9.6 1001 236  2.1 8  7.0  92    0    1 344 -364  1
3797500 2746500 10 28  9   9.5 1001 224  1.6 8  6.9  92    0   22 343 -362  1
3797500 2746500 10 28 10   9.9 1001 233  2.0 7  7.0  92    8  108 337 -361  1
3797500 2746500 10 28 11  10.5 1001 266  2.3 5  7.1  90   95  155 313 -362  1
3797500 2746500 10 28 12  11.0 1001 242  2.0 5  6.7  83   61  183 299 -363  1
3797500 2746500 10 28 13  10.1 1001 258  2.3 8  6.3  79    0   92 323 -366  1
3797500 2746500 10 28 14  10.5 1000 238  1.8 7  6.2  79    0   57 337 -368  1
3797500 2746500 10 28 15  10.3 1000 241  1.9 5  6.3  79    3  101 313 -367  1
3797500 2746500 10 28 16  10.2 1000 238  1.9 5  6.1  77   17   78 297 -364  1
3797500 2746500 10 28 17   8.9 1000 238  1.5 6  5.7  76    0   16 302 -359  1
3797500 2746500 10 28 18   7.9 1000 217  1.3 5  5.5  79    0    0 301 -352  1
3797500 2746500 10 28 19   7.2 1001 211  1.7 4  5.5  84    0    0 286 -347  1
3797500 2746500 10 28 20   7.2 1002 213  1.6 4  5.5  85    0    0 279 -343  1
3797500 2746500 10 28 21   6.5 1002 225  1.6 2  5.3  85    0    0 263 -339  1
3797500 2746500 10 28 22   6.1 1002 221  1.4 3  5.2  86    0    0 252 -338  1
3797500 2746500 10 28 23   5.9 1002 224  1.3 2  5.1  86    0    0 248 -340  1
3797500 2746500 10 28 24   5.5 1002 217  1.9 2  5.0  86    0    0 240 -339  1
3797500 2746500 10 29  1   5.0 1002 219  1.4 1  4.8  87    0    0 232 -336  1
3797500 2746500 10 29  2   4.6 1002 198  0.7 1  4.7  87    0    0 224 -334  1
3797500 2746500 10 29  3   5.6 1002 226  0.9 0  4.6  84    0    0 219 -331  1
3797500 2746500 10 29  4   5.0 1003 233  1.3 1  4.6  82    0    0 222 -330  1
3797500 2746500 10 29  5   4.1 1002 190  1.1 1  4.5  84    0    0 226 -332  1
3797500 2746500 10 29  6   4.0 1002 192  0.8 1  4.3  85    0    0 224 -333  1
3797500 2746500 10 29  7   4.4 1003 214  1.4 2  4.4  84    0    0 228 -334  1
3797500 2746500 10 29  8   3.8 1003 209  1.9 2  4.4  85    1   18 232 -333  1
3797500 2746500 10 29  9   5.4 1003 208  1.9 1  4.5  84   51   67 224 -332  1
3797500 2746500 10 29 10   6.7 1003 207  2.2 1  4.7  80  147   96 220 -333  1
3797500 2746500 10 29 11   8.0 1003 228  2.3 1  4.9  77  230  110 225 -337  1
3797500 2746500 10 29 12   9.2 1003 225  3.0 4  5.1  72   99  183 250 -343  1
3797500 2746500 10 29 13   9.8 1003 230  3.5 5  4.9  65   27  179 279 -347  1
3797500 2746500 10 29 14   9.6 1002 224  2.8 4  4.6  61   59  171 279 -350  1
3797500 2746500 10 29 15   9.9 1002 242  2.6 4  4.5  59   75  130 273 -349  1
3797500 2746500 10 29 16  10.0 1002 232  2.4 2  4.3  56   74   79 263 -347  1
3797500 2746500 10 29 17   8.7 1002 236  2.0 5  4.1  56    5   26 265 -342  1
3797500 2746500 10 29 18   8.0 1002 253  1.0 5  4.3  62    0    0 276 -336  1
3797500 2746500 10 29 19   7.1 1003 331  1.0 6  4.5  69    0    0 278 -333  1
3797500 2746500 10 29 20   6.5 1003 149  0.8 6  4.5  73    0    0 280 -330  1
3797500 2746500 10 29 21   7.2 1004 231  1.7 5  4.6  75    0    0 275 -329  1
3797500 2746500 10 29 22   6.1 1004 194  1.4 3  4.6  75    0    0 260 -327  1
3797500 2746500 10 29 23   5.2 1004 183  0.9 1  4.4  77    0    0 239 -325  1
3797500 2746500 10 29 24   4.9 1004 199  0.9 1  4.3  79    0    0 229 -324  1
3797500 2746500 10 30  1   4.7 1004 218  1.2 2  4.3  80    0    0 236 -322  1
3797500 2746500 10 30  2   4.7 1004 189  1.1 2  4.3  81    0    0 240 -320  1
3797500 2746500 10 30  3   3.9 1004 203  1.0 2  4.2  80    0    0 240 -318  1
3797500 2746500 10 30  4   3.7 1004   7  0.2 3  4.1  82    0    0 241 -317  1
3797500 2746500 10 30  5   3.2 1003 117  0.5 3  4.1  84    0    0 244 -316  1
3797500 2746500 10 30  6   3.0 1003 119  0.7 3  4.1  85    0    0 240 -316  1
3797500 2746500 10 30  7   2.6 1004   6  0.2 6  4.1  87    0    0 253 -316  1
3797500 2746500 10 30  8   2.4 1004  98  0.5 7  4.1  89    0   13 274 -316  1
3797500 2746500 10 30  9   3.1 1004 355  0.3 5  4.2  90   35   63 268 -316  1
3797500 2746500 10 30 10   5.6 1004 129  0.7 3  4.5  86  150   80 246 -319  1
3797500 2746500 10 30 11   6.5 1004 140  1.2 2  4.8  82  227   96 232 -329  1
3797500 2746500 10 30 12   7.7 1003 147  1.0 2  4.7  75  266  106 232 -340  1
3797500 2746500 10 30 13   8.2 1002 250  1.0 4  4.5  67  178  136 250 -347  1
3797500 2746500 10 30 14   8.7 1002 198  1.3 4  4.4  63  129  139 264 -351  1
3797500 2746500 10 30 15   8.5 1001 204  1.0 5  4.3  61   85  112 272 -351  1
3797500 2746500 10 30 16   8.2 1001 282  0.9 6  4.2  61   17   74 284 -347  1
3797500 2746500 10 30 17   7.2 1000  12  0.3 6  4.2  63    0   18 286 -342  1
3797500 2746500 10 30 18   6.9 1000   5  1.6 6  4.3  68    0    0 283 -335  1
3797500 2746500 10 30 19   5.8 1000  15  1.5 6  4.4  73    0    0 279 -329  1
3797500 2746500 10 30 20   5.9  999  49  1.5 6  4.3  74    0    0 277 -326  1
3797500 2746500 10 30 21   5.6  998  69  1.5 6  4.4  76    0    0 284 -323  1
3797500 2746500 10 30 22   5.5  998  87  1.5 5  4.4  77    0    0 284 -321  1
3797500 2746500 10 30 23   5.2  998 126  1.4 4  4.5  80    0    0 266 -319  1
3797500 2746500 10 30 24   4.9  997 154  1.2 3  4.7  85    0    0 246 -317  1
3797500 2746500 10 31  1   4.6 1019 191  1.0 1  4.8  89    0    0 240 -340  1
3797500 2746500 10 31  2   4.3 1019 209  0.9 0  4.9  92    0    0 236 -338  1
3797500 2746500 10 31  3   4.1 1020 224  0.9 0  4.9  95    0    0 236 -336  1
3797500 2746500 10 31  4   4.0 1020 212  1.1 0  4.8  95    0    0 235 -334  1
3797500 2746500 10 31  5   3.7 1020 228  1.2 0  4.8  95    0    0 234 -333  1
3797500 2746500 10 31  6   3.5 1021 223  1.5 0  4.7  96    0    0 233 -332  1
3797500 2746500 10 31  7   3.2 1021 192  1.1 2  4.5  94    0    0 242 -332  1
3797500 2746500 10 31  8   3.8 1022 191  1.0 2  4.5  93    0   13 253 -332  1
3797500 2746500 10 31  9   5.2 1022 215  1.5 2  4.8  92   31   71 256 -335  1
3797500 2746500 10 31 10   6.2 1023 202  1.7 2  5.2  91  104  110 262 -340  1
3797500 2746500 10 31 11   7.9 1023 223  2.0 3  5.4  87  180  124 273 -346  1
3797500 2746500 10 31 12   8.8 1023 184  1.7 2  5.7  85  226  130 278 -353  1
3797500 2746500 10 31 13   9.1 1023 213  2.5 4  5.8  83  161  160 286 -358  1
3797500 2746500 10 31 14  10.0 1023 193  2.3 6  5.8  79   78  161 309 -361  1
3797500 2746500 10 31 15  10.8 1023 202  2.3 5  5.9  76  157   95 318 -362  1
3797500 2746500 10 31 16  11.1 1023 184  1.9 6  6.0  74  100   69 319 -360  1
3797500 2746500 10 31 17  10.3 1023 183  1.9 6  6.0  76   13   29 324 -356  1
3797500 2746500 10 31 18  10.0 1023 193  1.7 5  5.9  77    0    0 318 -351  1
3797500 2746500 10 31 19   9.9 1023 193  1.6 2  5.7  76    0    0 296 -348  1
3797500 2746500 10 31 20   9.6 1023 192  1.4 1  5.7  77    0    0 275 -346  1
3797500 2746500 10 31 21   9.4 1024 192  1.3 2  5.6  77    0    0 275 -345  1
3797500 2746500 10 31 22   9.6 1024 173  1.5 4  5.6  76    0    0 292 -344  1
3797500 2746500 10 31 23   9.0 1025 183  2.0 5  5.5  77    0    0 310 -343  1
3797500 2746500 10 31 24   8.3 1024 183  1.6 2  5.5  80    0    0 299 -342  1
3797500 2746500 11  1  1   9.3 1024 173  1.8 6  5.5  77    0    0 330 -340  1
3797500 2746500 11  1  2   8.9 1024 183  1.5 6  5.6  78    0    0 330 -340  1
3797500 2746500 11  1  3   9.1 1024 192  1.5 4  5.6  80    0    0 319 -339  1
3797500 2746500 11  1  4  10.1 1024 184  1.6 4  5.6  76    0    0 310 -338  1
3797500 2746500 11  1  5  10.3 1024 174  1.7 5  5.6  73    0    0 316 -338  1
3797500 2746500 11  1  6   9.8 1024 183  1.6 6  5.6  74    0    0 326 -337  1
3797500 2746500 11  1  7   8.6 1024 182  1.5 8  5.6  79    0    0 339 -337  1
3797500 2746500 11  1  8   8.9 1024 172  1.4 7  5.7  81    0    5 343 -336  1
3797500 2746500 11  1  9   8.8 1024 183  1.6 7  5.7  81    0   42 338 -337  1
3797500 2746500 11  1 10   9.3 1025 175  1.8 7  5.8  82    0   55 340 -340  1
3797500 2746500 11  1 11   9.8 1025 174  1.9 7  6.0  81    0   64 341 -347  1
3797500 2746500 11  1 12  10.3 1025 203  1.7 7  6.1  81    0  105 343 -355  1
3797500 2746500 11  1 13  10.8 1024 200  1.5 7  6.3  81    0  100 345 -361  1
3797500 2746500 11  1 14  11.3 1024 209  1.5 7  6.5  80    0   95 347 -365  1
3797500 2746500 11  1 15  11.6 1024 222  1.6 7  6.7  80    0   75 348 -367  1
3797500 2746500 11  1 16  11.6 1024 202  1.0 8  6.8  81    3   50 354 -366  1
3797500 2746500 11  1 17  11.6 1024 214  1.3 8  6.8  81    1   14 358 -362  1
3797500 2746500 11  1 18  11.5 1024 196  1.8 8  6.9  82    0    0 357 -356  1
3797500 2746500 11  1 19  11.6 1024 207  1.5 8  7.0  83    0    0 356 -355  1
3797500 2746500 11  1 20  11.5 1025 207  1.5 8  7.1  84    0    0 357 -357  1
3797500 2746500 11  1 21  11.8 1025 211  1.6 7  7.3  86    0    0 352 -358  1
3797500 2746500 11  1 22  11.9 1025 227  1.5 8  7.5  87    0    0 353 -359  1
3797500 2746500 11  1 23  12.0 1025 233  1.4 8  7.5  87    0    0 359 -359  1
3797500 2746500 11  1 24  12.0 1025 241  1.7 8  7.5  86    0    0 359 -360  1
3797500 2746500 11  2  1  11.8 1025 240  1.9 7  7.6  88    0    0 354 -360  1
3797500 2746500 11  2  2  11.7 1025 234  1.8 7  7.7  91    0    0 349 -360  1
3797500 2746500 11  2  3  11.5 1025 241  1.4 7  7.8  93    0    0 348 -360  1
3797500 2746500 11  2  4  11.5 1025 241  1.6 8  7.9  95    0    0 353 -360  1
3797500 2746500 11  2  5  11.6 1025 240  1.6 7  7.9  94    0    0 352 -360  1
3797500 2746500 11  2  6  11.4 1025 230  1.5 8  7.9  94    0    0 352 -361  1
3797500 2746500 11  2  7  11.2 1025 240  1.6 8  7.9  95    0    0 357 -361  1
3797500 2746500 11  2  8  11.3 1025 240  1.8 8  7.9  95    0    0 358 -361  1
3797500 2746500 11  2  9  11.3 1025 238  1.6 8  7.9  96    0   37 359 -361  1
3797500 2746500 11  2 10  11.4 1025 240  2.0 7  8.0  97    0   72 354 -362  1
3797500 2746500 11  2 11  11.8 1026 248  2.0 8  8.1  96    0   60 357 -363  1
3797500 2746500 11  2 12  11.9 1026 249  1.8 8  8.3  96    0   75 365 -364  1
3797500 2746500 11  2 13  12.2 1025 241  2.0 7  8.5  97    0   88 363 -365  1
3797500 2746500 11  2 14  12.3 1025 242  1.9 7  8.6  97    0   79 359 -366  1
3797500 2746500 11  2 15  12.6 1025 248  1.7 7  8.7  97    0   41 360 -366  1
3797500 2746500 11  2 16  12.8 1024 245  1.5 8  8.8  97    0   24 366 -367  1
3797500 2746500 11  2 17  12.9 1024 233  1.2 8  8.9  97    0    9 372 -367  1
3797500 2746500 11  2 18  13.0 1024 241  1.3 8  8.9  97    0    0 372 -368  1
3797500 2746500 11  2 19  13.0 1024 234  1.1 8  9.0  97    0    0 372 -368  1
3797500 2746500 11  2 20  13.1 1025 229  1.1 8  8.9  96    0    0 374 -369  1
3797500 2746500 11  2 21  13.4 1024 246  1.1 8  8.9  95    0    0 374 -369  1
3797500 2746500 11  2 22  13.4 1024 253  0.9 8  9.0  95    0    0 375 -370  1
3797500 2746500 11  2 23  13.6 1024 308  0.8 8  9.1  95    0    0 375 -370  1
3797500 2746500 11  2 24  13.6 1024 325  0.8 8  9.2  96    0    0 377 -371  1
3797500 2746500 11  3  1  13.5 1024 290  0.7 8  9.2  96    0    0 376 -371  1
3797500 2746500 11  3  2  13.4 1024 299  0.6 8  9.1  96    0    0 376 -372  1
3797500 2746500 11  3  3  13.3 1023 271  0.7 8  9.1  96    0    0 376 -372  1
3797500 2746500 11  3  4  13.4 1023 265  0.8 8  9.0  95    0    0 376 -373  1
3797500 2746500 11  3  5  13.3 1022 265  1.2 8  9.0  95    0    0 375 -374  1
3797500 2746500 11  3  6  13.2 1022 282  1.4 6  9.0  95    0    0 361 -374  1
3797500 2746500 11  3  7  13.0 1022 258  1.6 8  9.0  96    0    0 358 -375  1
3797500 2746500 11  3  8  13.0 1021 248  1.9 8  9.0  96    0    0 367 -376  1
3797500 2746500 11  3  9  13.0 1022 301  1.8 7  9.0  97    0   38 359 -377  1
3797500 2746500 11  3 10  13.1 1022 297  1.8 8  9.1  97    0   55 360 -379  1
3797500 2746500 11  3 11  13.2 1022 294  1.5 7  9.1  97    0   86 360 -382  1
3797500 2746500 11  3 12  13.2 1022 280  1.6 8  9.1  96    0   71 360 -384  1
3797500 2746500 11  3 13  13.4 1021 294  1.8 7  8.9  94    0   74 360 -387  1
3797500 2746500 11  3 14  13.3 1021 312  1.5 7  8.6  91    0   68 353 -388  1
3797500 2746500 11  3 15  13.0 1020 245  1.9 7  8.3  88    0   62 352 -387  1
3797500 2746500 11  3 16  12.4 1020 288  1.3 8  8.1  89    0   37 354 -385  1
3797500 2746500 11  3 17  12.2 1020 292  1.1 8  8.3  93    7    8 357 -380  1
3797500 2746500 11  3 18  12.2 1020 312  1.0 8  8.5  96    0    0 356 -376  1
3797500 2746500 11  3 19  12.3 1020 309  1.3 8  8.5  96    0    0 355 -373  1
3797500 2746500 11  3 20  12.3 1020 335  1.6 8  8.5  96    0    0 357 -371  1
3797500 2746500 11  3 21  11.9 1020 341  1.7 8  8.4  96    0    0 356 -368  1
3797500 2746500 11  3 22  11.6 1020 336  1.7 8  7.9  93    0    0 353 -364  1
3797500 2746500 11  3 23  11.0 1020 339  1.7 8  7.5  90    0    0 351 -359  1
3797500 2746500 11  3 24  10.2 1020 311  1.1 7  7.0  89    0    0 342 -352  1
3797500 2746500 11  4  1  10.0 1020 326  1.3 8  6.8  89    0    0 340 -348  1
3797500 2746500 11  4  2   9.8 1020 325  1.8 8  6.8  90    0    0 345 -348  1
3797500 2746500 11  4  3   9.6 1020 317  1.5 8  6.6  89    0    0 343 -349  1
3797500 2746500 11  4  4   9.6 1020 339  1.8 7  6.5  87    0    0 336 -349  1
3797500 2746500 11  4  5   9.5 1020 316  1.6 7  6.4  87    0    0 330 -348  1
3797500 2746500 11  4  6   9.3 1020 327  1.9 8  6.4  87    0    0 335 -348  1
3797500 2746500 11  4  7   9.1 1020 316  1.8 8  6.4  88    0    0 339 -348  1
3797500 2746500 11  4  8   9.2 1020 323  1.6 8  6.4  89    0    6 340 -348  1
3797500 2746500 11  4  9   9.4 1021 315  1.3 7  6.4  88   17   44 336 -349  1
3797500 2746500 11  4 10   9.8 1021 320  1.5 7  6.5  87    6   76 331 -351  1
3797500 2746500 11  4 11  10.1 1021 329  1.9 8  6.5  86    0   80 338 -355  1
3797500 2746500 11  4 12  10.9 1022 345  2.3 8  6.4  82    0   86 343 -359  1
3797500 2746500 11  4 13  11.1 1022 325  2.9 8  6.1  76    0   65 341 -363  1
3797500 2746500 11  4 14  11.1 1022 337  3.1 8  5.7  69    0   65 338 -364  1
3797500 2746500 11  4 15  10.8 1021   5  2.5 7  5.3  65    3   73 329 -365  1
3797500 2746500 11  4 16  10.6 1021 344  1.8 7  5.3  67   43   38 321 -361  1
3797500 2746500 11  4 17  10.3 1021 336  1.7 7  5.4  70    6   11 318 -355  1
3797500 2746500 11  4 18   9.9 1021 341  1.3 7  5.5  72    0    0 315 -347  1
3797500 2746500 11  4 19   9.8 1021 323  1.3 8  5.5  74    0    0 315 -343  1
3797500 2746500 11  4 20   9.2 1022   3  0.7 8  5.6  76    0    0 317 -342  1
3797500 2746500 11  4 21   9.3 1022   4  1.0 7  5.5  77    0    0 309 -341  1
3797500 2746500 11  4 22   9.0 1022 354  0.8 8  5.5  77    0    0 306 -338  1
3797500 2746500 11  4 23   8.4 1022  18  0.3 8  5.7  82    0    0 308 -337  1
3797500 2746500 11  4 24   8.2 1022 144  0.3 8  5.8  85    0    0 304 -334  1
3797500 2746500 11  5  1   8.1 1022  18  0.8 8  5.7  85    0    0 299 -331  1
3797500 2746500 11  5  2   7.9 1022   8  0.7 8  5.7  85    0    0 294 -328  1
3797500 2746500 11  5  3   7.3 1022 356  0.3 8  5.7  88    0    0 293 -325  1
3797500 2746500 11  5  4   7.6 1022 338  0.7 8  5.7  89    0    0 294 -322  1
3797500 2746500 11  5  5   7.4 1022 338  0.3 8  5.7  89    0    0 294 -321  1
3797500 2746500 11  5  6   7.1 1022 358  0.2 8  5.6  90    0    0 293 -320  1
3797500 2746500 11  5  7   7.7 1022 214  0.2 8  5.6  89    0    0 293 -322  1
3797500 2746500 11  5  8   7.9 1022 278  0.2 8  5.7  87    0    3 296 -323  1
3797500 2746500 11  5  9   8.0 1022 205  0.4 7  5.8  87    0   36 293 -324  1
3797500 2746500 11  5 10   8.6 1022 215  0.9 5  5.8  86    6   96 283 -329  1
3797500 2746500 11  5 11   9.6 1022 196  1.3 4  5.8  82   27  157 274 -336  1
3797500 2746500 11  5 12  10.0 1022 224  1.5 5  5.6  75   35  180 275 -344  1
3797500 2746500 11  5 13  10.2 1021 215  2.0 6  5.4  71   24  164 285 -349  1
3797500 2746500 11  5 14  10.4 1020 233  2.3 7  5.3  68    1  105 293 -353  1
3797500 2746500 11  5 15  10.1 1020 232  3.0 7  5.1  66    0   66 297 -353  1
3797500 2746500 11  5 16  10.0 1019 219  2.9 8  5.2  68    3   52 302 -351  1
3797500 2746500 11  5 17  10.0 1018 230  3.7 8  5.3  70    2   16 307 -348  1
3797500 2746500 11  5 18  10.0 1018 231  3.8 8  5.5  72    0    0 309 -344  1
3797500 2746500 11  5 19  10.0 1017 221  4.1 8  5.6  73    0    0 314 -343  1
3797500 2746500 11  5 20  10.2 1016 232  4.8 8  5.5  72    0    0 318 -343  1
3797500 2746500 11  5 21  10.2 1016 233  5.1 8  5.5  72    0    0 322 -343  1
3797500 2746500 11  5 22   9.4 1015 231  4.7 8  5.8  77    0    0 326 -343  1
3797500 2746500 11  5 23   9.2 1014 222  4.3 8  6.2  85    0    0 328 -343  1
3797500 2746500 11  5 24   9.4 1013 251  3.8 8  6.5  89    0    0 331 -344  1
3797500 2746500 11  6  1   9.9 1013 290  2.1 8  6.8  91    0    0 334 -344  1
3797500 2746500 11  6  2   9.7 1013 297  2.4 7  6.9  91    0    0 332 -345  1
3797500 2746500 11  6  3   8.7 1013 306  2.1 3  6.5  89    0    0 302 -346  1
3797500 2746500 11  6  4   8.0 1014 273  1.4 4  6.0  87    0    0 280 -348  1
3797500 2746500 11  6  5   7.4 1014 263  1.7 2  5.7  87    0    0 272 -346  1
3797500 2746500 11  6  6   7.1 1014 267  3.1 2  5.5  86    0    0 259 -343  1
3797500 2746500 11  6  7   7.1 1015 253  3.4 4  5.4  86    0    0 271 -340  1
3797500 2746500 11  6  8   7.2 1015 262  2.5 5  5.4  86    0   10 290 -339  1
3797500 2746500 11  6  9   7.4 1016 254  2.9 4  5.3  84   43   45 290 -339  1
3797500 2746500 11  6 10   8.1 1017 289  3.5 3  5.4  82   44   88 281 -341  1
3797500 2746500 11  6 11   8.6 1017 290  3.6 6  5.4  79   10  112 294 -344  1
3797500 2746500 11  6 12   9.0 1017 305  4.0 7  5.4  76    2  113 318 -349  1
3797500 2746500 11  6 13   9.0 1018 294  3.9 5  5.3  74   99  126 311 -354  1
3797500 2746500 11  6 14   9.3 1018 321  3.3 5  5.0  70   85  110 297 -358  1
3797500 2746500 11  6 15   9.3 1018 324  5.2 7  4.8  66   61   85 301 -359  1
3797500 2746500 11  6 16   8.7 1018 301  4.1 6  4.8  67   24   50 304 -357  1
3797500 2746500 11  6 17   8.3 1019 328  3.2 4  4.8  70    3   13 289 -351  1
3797500 2746500 11  6 18   7.8 1020 292  1.9 4  4.8  71    0    0 279 -346  1
3797500 2746500 11  6 19   7.6 1020 258  2.6 4  4.6  72    0    0 278 -343  1
3797500 2746500 11  6 20   7.1 1021 290  1.8 4  4.6  72    0    0 278 -341  1
3797500 2746500 11  6 21   6.8 1021 281  3.1 3  4.7  76    0    0 272 -340  1
3797500 2746500 11  6 22   6.6 1022 262  1.6 5  4.9  81    0    0 276 -340  1
3797500 2746500 11  6 23   6.4 1022 261  2.1 6  5.0  84    0    0 287 -340  1
3797500 2746500 11  6 24   6.7 1021 251  2.2 5  5.1  84    0    0 288 -340  1
3797500 2746500 11  7  1   6.8 1021 231  2.4 8  5.1  85    0    0 298 -339  1
3797500 2746500 11  7  2   7.1 1020 240  2.5 8  5.3  85    0    0 313 -338  1
3797500 2746500 11  7  3   7.0 1020 242  3.1 8  5.4  87    0    0 315 -338  1
3797500 2746500 11  7  4   7.4 1019 232  3.8 8  5.6  89    0    0 316 -337  1
3797500 2746500 11  7  5   7.6 1018 242  3.6 8  5.6  88    0    0 316 -336  1
3797500 2746500 11  7  6   7.9 1017 241  4.2 8  5.5  84    0    0 317 -336  1
3797500 2746500 11  7  7   8.1 1016 241  4.5 8  5.4  81    0    0 318 -336  1
3797500 2746500 11  7  8   8.4 1015 239  5.2 8  5.4  80    0    0 320 -337  1
3797500 2746500 11  7  9   8.4 1014 250  5.7 8  5.6  81    0    9 323 -338  1
3797500 2746500 11  7 10   7.9 1014 240  5.1 8  5.6  84    0   24 324 -341  1
3797500 2746500 11  7 11   8.5 1013 245  5.2 8  5.8  85    0   36 326 -343  1
3797500 2746500 11  7 12   9.1 1012 250  5.6 8  6.0  86    0   38 329 -345  1
3797500 2746500 11  7 13   8.8 1012 258  5.1 7  6.4  89    0   59 326 -347  1
3797500 2746500 11  7 14   8.9 1011 258  5.1 6  6.6  93    0   58 316 -350  1
3797500 2746500 11  7 15   9.3 1011 250  5.0 7  6.7  93    0   44 320 -354  1
3797500 2746500 11  7 16   9.7 1010 258  4.6 8  6.7  90    0   26 334 -355  1
3797500 2746500 11  7 17  10.0 1010 268  3.5 7  6.7  88    0    9 338 -356  1
3797500 2746500 11  7 18  10.1 1010 259  4.6 7  6.7  87    0    0 334 -357  1
3797500 2746500 11  7 19  10.1 1010 265  3.6 8  6.8  88    0    0 341 -357  1
3797500 2746500 11  7 20  10.1 1011 271  2.3 7  6.8  87    0    0 342 -358  1
3797500 2746500 11  7 21   9.9 1011 261  1.9 7  6.7  87    0    0 336 -358  1
3797500 2746500 11  7 22   9.6 1012 259  1.7 6  6.7  88    0    0 329 -359  1
3797500 2746500 11  7 23   9.2 1012 259  1.6 7  6.7  90    0    0 328 -360  1
3797500 2746500 11  7 24   9.2 1012 268  1.6 5  6.6  91    0    0 321 -360  1
3797500 2746500 11  8  1   8.8 1012 260  1.3 3  6.5  90    0    0 293 -360  1
3797500 2746500 11  8  2   8.3 1012 250  1.5 2  6.2  90    0    0 270 -360  1
3797500 2746500 11  8  3   8.1 1012 257  1.4 4  6.1  90    0    0 275 -361  1
3797500 2746500 11  8  4   7.7 1012 249  1.3 6  6.1  91    0    0 300 -361  1
3797500 2746500 11  8  5   7.7 1012 230  1.4 7  6.0  92    0    0 319 -361  1
3797500 2746500 11  8  6   8.0 1012 238  1.6 5  6.1  92    0    0 314 -361  1
3797500 2746500 11  8  7   8.5 1012 241  2.1 7  6.3  93    0    0 316 -361  1
3797500 2746500 11  8  8   8.9 1011 239  2.4 8  6.7  95    0    0 337 -360  1
3797500 2746500 11  8  9   9.3 1011 253  1.9 7  6.8  95    0   17 339 -360  1
3797500 2746500 11  8 10   9.5 1011 233  1.5 8  6.9  94    0   36 340 -359  1
3797500 2746500 11  8 11  10.2 1011 231  2.9 7  7.1  93    0   75 341 -360  1
3797500 2746500 11  8 12  10.4 1010 238  3.5 8  7.1  90    0   72 343 -360  1
3797500 2746500 11  8 13  10.7 1009 238  3.9 7  6.9  86    1  107 344 -360  1
3797500 2746500 11  8 14  11.2 1007 238  3.2 6  6.8  83    2   98 333 -360  1
3797500 2746500 11  8 15  11.2 1006 228  4.2 6  6.8  81    0   71 328 -361  1
3797500 2746500 11  8 16  10.8 1005 238  3.7 7  6.8  82    0   25 334 -361  1
3797500 2746500 11  8 17  10.6 1004 239  3.2 8  6.8  84    0    1 347 -361  1
3797500 2746500 11  8 18  10.6 1003 240  3.7 7  6.8  84    0    0 348 -362  1
3797500 2746500 11  8 19  10.9 1002 230  4.4 8  6.8  83    0    0 348 -362  1
3797500 2746500 11  8 20  10.8 1001 229  4.6 8  6.7  81    0    0 353 -362  1
3797500 2746500 11  8 21  10.2 1000 237  4.2 8  6.7  84    0    0 353 -360  1
3797500 2746500 11  8 22   8.4  998 283  2.2 8  6.5  88    0    0 349 -356  1
3797500 2746500 11  8 23   8.1  998 265  1.5 8  6.1  88    0    0 346 -353  1
3797500 2746500 11  8 24   8.0  998 274  2.1 8  6.0  88    0    0 342 -350  1
3797500 2746500 11  9  1   7.0  998 280  3.0 8  5.7  87    0    0 336 -347  1
3797500 2746500 11  9  2   6.8  998 294  3.1 7  5.5  88    0    0 324 -342  1
3797500 2746500 11  9  3   5.4  998 330  4.4 7  5.2  88    0    0 312 -337  1
3797500 2746500 11  9  4   5.2  999 318  2.7 8  4.9  87    0    0 313 -333  1
3797500 2746500 11  9  5   4.9 1000 310  3.3 7  4.6  84    0    0 309 -329  1
3797500 2746500 11  9  6   4.3 1000 287  2.7 5  4.3  81    0    0 289 -327  1
3797500 2746500 11  9  7   3.9 1001 260  2.8 7  4.3  83    0    0 287 -325  1
3797500 2746500 11  9  8   4.2 1002 261  3.2 8  4.4  86    0    5 300 -323  1
3797500 2746500 11  9  9   4.3 1003 259  3.3 6  4.4  85   32   32 294 -323  1
3797500 2746500 11  9 10   4.3 1004 282  3.6 7  4.4  84    1   65 287 -325  1
3797500 2746500 11  9 11   4.1 1005 257  3.6 8  4.4  86    0   65 296 -327  1
3797500 2746500 11  9 12   5.4 1006 260  3.8 6  4.6  86   20  120 294 -332  1
3797500 2746500 11  9 13   5.8 1006 286  3.4 7  4.7  82    0   94 292 -336  1
3797500 2746500 11  9 14   5.8 1007 281  3.1 6  4.7  81   60   94 292 -338  1
3797500 2746500 11  9 15   5.3 1007 304  3.7 4  4.6  82  139   47 278 -339  1
3797500 2746500 11  9 16   6.1 1008 279  3.3 6  4.6  80   39   34 278 -338  1
3797500 2746500 11  9 17   5.5 1009 266  2.8 6  4.7  81    1   10 286 -335  1
3797500 2746500 11  9 18   5.3 1009 267  2.7 6  4.5  81    0    0 285 -333  1
3797500 2746500 11  9 19   5.2 1010 267  2.7 7  4.6  83    0    0 288 -331  1
3797500 2746500 11  9 20   5.5 1011 264  2.4 7  4.6  83    0    0 293 -331  1
3797500 2746500 11  9 21   5.4 1011 269  2.4 7  4.6  82    0    0 293 -330  1
3797500 2746500 11  9 22   5.5 1011 260  3.6 7  4.6  83    0    0 294 -329  1
3797500 2746500 11  9 23   5.6 1011 268  3.1 8  4.7  83    0    0 302 -328  1
3797500 2746500 11  9 24   5.6 1011 262  3.1 7  4.8  84    0    0 303 -331  1
3797500 2746500 11 10  1   5.7 1011 255  3.7 8  4.8  84    0    0 304 -332  1
3797500 2746500 11 10  2   5.6 1011 257  4.3 8  4.9  86    0    0 310 -333  1
3797500 2746500 11 10  3   5.5 1010 251  3.6 8  5.0  88    0    0 311 -333  1
3797500 2746500 11 10  4   5.5 1009 243  4.8 7  5.0  88    0    0 306 -334  1
3797500 2746500 11 10  5   6.0 1008 252  4.5 7  5.0  87    0    0 304 -335  1
3797500 2746500 11 10  6   6.4 1007 270  2.6 8  5.3  89    0    0 312 -335  1
3797500 2746500 11 10  7   6.6 1006 263  1.7 8  5.5  91    0    0 321 -335  1
3797500 2746500 11 10  8   7.4 1005 278  2.0 8  5.8  92    0    0 325 -335  1
3797500 2746500 11 10  9   7.4 1004 268  1.6 8  6.1  94    0    7 327 -337  1
3797500 2746500 11 10 10   7.1 1003 300  2.4 7  6.0  94    0   35 321 -341  1
3797500 2746500 11 10 11   8.0 1003 308  2.0 6  6.1  94    5  104 310 -345  1
3797500 2746500 11 10 12   9.0 1004 326  5.1 7  6.2  88    1  104 312 -348  1
3797500 2746500 11 10 13   8.9 1004 324  5.6 6  5.7  80   57  153 311 -352  1
3797500 2746500 11 10 14   8.7 1005 337  4.8 6  5.3  74   79  143 304 -355  1
3797500 2746500 11 10 15   8.6 1006 337  4.8 6  4.9  69   30   99 303 -355  1
3797500 2746500 11 10 16   8.4 1006 331  2.4 8  4.7  68    0   32 315 -352  1
3797500 2746500 11 10 17   7.2 1007 275  1.2 7  4.9  73    0    1 319 -349  1
3797500 2746500 11 10 18   7.3 1008 285  2.0 8  4.9  77    0    0 318 -347  1
3797500 2746500 11 10 19   6.5 1008 313  2.3 8  4.9  80    0    0 322 -346  1
3797500 2746500 11 10 20   6.4 1008 296  1.9 8  5.2  86    0    0 323 -344  1
3797500 2746500 11 10 21   6.5 1008 276  0.9 8  5.3  88    0    0 323 -342  1
3797500 2746500 11 10 22   6.4 1007 217  2.1 7  5.4  89    0    0 318 -342  1
3797500 2746500 11 10 23   6.3 1006 235  1.0 8  5.4  90    0    0 317 -342  1
3797500 2746500 11 10 24   6.2 1005 204  1.2 8  5.5  93    0    0 323 -342  1
3797500 2746500 11 11  1   6.9 1004 230  2.6 8  5.8  95    0    0 325 -342  1
3797500 2746500 11 11  2   8.1 1002 241  4.1 8  6.2  95    0    0 331 -342  1
3797500 2746500 11 11  3   9.9 1001 260  5.8 8  6.8  94    0    0 337 -346  1
3797500 2746500 11 11  4  10.3 1000 259  6.7 8  7.1  90    0    0 342 -352  1
3797500 2746500 11 11  5  10.1  999 260  7.1 8  6.8  87    0    0 342 -354  1
3797500 2746500 11 11  6   9.8  998 259  7.7 8  6.8  88    0    0 342 -355  1
3797500 2746500 11 11  7   9.2  997 258  7.0 8  6.8  91    0    0 342 -355  1
3797500 2746500 11 11  8   9.1  996 257  7.1 8  6.8  93    0    0 341 -355  1
3797500 2746500 11 11  9   9.3  996 260  7.7 8  6.8  92    0    6 342 -355  1
3797500 2746500 11 11 10   8.2  996 286  9.3 7  6.4  90    0   42 333 -355  1
3797500 2746500 11 11 11   9.0  997 284  6.0 6  6.2  88    6   95 317 -355  1
3797500 2746500 11 11 12   8.9  997 304  3.8 6  6.3  87   10  117 309 -356  1
3797500 2746500 11 11 13   9.5  998 318  5.0 6  6.0  82   13  120 308 -353  1
3797500 2746500 11 11 14   8.6  999 331  5.3 4  5.5  76   92   99 293 -348  1
3797500 2746500 11 11 15   7.5 1000 329  4.2 5  5.2  76   52   79 281 -347  1
3797500 2746500 11 11 16   6.8 1002 312  3.7 6  5.0  79    0   25 288 -345  1
3797500 2746500 11 11 17   6.6 1003 327  3.4 6  4.9  80    0    1 289 -341  1
3797500 2746500 11 11 18   5.7 1004 333  3.2 6  4.8  81    0    0 285 -337  1
3797500 2746500 11 11 19   4.8 1004 318  2.3 5  4.7  84    0    0 275 -335  1
3797500 2746500 11 11 20   4.8 1005 312  1.7 5  4.6  85    0    0 266 -334  1
3797500 2746500 11 11 21   4.9 1005 273  2.1 5  4.6  85    0    0 269 -331  1
3797500 2746500 11 11 22   4.3 1006 299  1.6 4  4.5  85    0    0 263 -330  1
3797500 2746500 11 11 23   3.6 1007 276  1.3 4  4.4  86    0    0 256 -329  1
3797500 2746500 11 11 24   3.4 1007 265  1.6 3  4.3  87    0    0 251 -327  1
3797500 2746500 11 12  1   2.7 1008 249  2.5 4  4.3  90    0    0 251 -326  1
3797500 2746500 11 12  2   3.3 1008 285  2.0 6  4.3  92    0    0 265 -324  1
3797500 2746500 11 12  3   2.8 1009 257  3.2 7  4.3  91    0    0 279 -325  1
3797500 2746500 11 12  4   2.4 1009 251  2.2 4  4.2  92    0    0 268 -325  1
3797500 2746500 11 12  5   3.0 1009 257  2.0 4  4.2  91    0    0 254 -323  1
3797500 2746500 11 12  6   3.1 1009 256  2.7 5  4.2  89    0    0 260 -320  1
3797500 2746500 11 12  7   3.3 1010 261  3.0 5  4.2  89    0    0 264 -319  1
3797500 2746500 11 12  8   3.6 1010 256  3.0 6  4.3  87    0    3 268 -321  1
3797500 2746500 11 12  9   4.2 1010 258  3.5 6  4.3  85   25   36 273 -323  1
3797500 2746500 11 12 10   5.2 1011 253  3.0 3  4.3  81   49   81 262 -325  1
3797500 2746500 11 12 11   6.9 1011 278  4.1 4  4.4  75   68  114 256 -328  1
3797500 2746500 11 12 12   7.3 1011 273  4.0 4  4.4  70   85  129 264 -333  1
3797500 2746500 11 12 13   8.1 1011 300  4.2 6  4.4  67   37  134 277 -337  1
3797500 2746500 11 12 14   8.7 1011 297  5.9 6  4.3  63   48  117 287 -340  1
3797500 2746500 11 12 15   8.5 1011 296  3.9 6  4.1  60   17   84 287 -341  1
3797500 2746500 11 12 16   8.4 1011 296  3.8 6  4.2  62   22   44 285 -339  1
3797500 2746500 11 12 17   7.5 1011 287  3.0 6  4.4  66    0    8 283 -335  1
3797500 2746500 11 12 18   7.1 1011 288  2.7 6  4.4  70    0    0 280 -331  1
3797500 2746500 11 12 19   6.9 1012 288  2.8 6  4.5  72    0    0 278 -328  1
3797500 2746500 11 12 20   6.9 1012 289  2.9 6  4.5  72    0    0 276 -326  1
3797500 2746500 11 12 21   6.4 1012 271  2.8 6  4.4  73    0    0 273 -325  1
3797500 2746500 11 12 22   5.5 1012 258  3.9 4  4.4  76    0    0 261 -324  1
3797500 2746500 11 12 23   4.7 1012 260  2.9 4  4.3  79    0    0 249 -322  1
3797500 2746500 11 12 24   4.4 1012 257  3.8 5  4.3  82    0    0 249 -321  1
3797500 2746500 11 13  1   3.7 1012 251  4.2 3  4.3  86    0    0 243 -321  1
3797500 2746500 11 13  2   3.7 1012 245  3.1 4  4.3  88    0    0 238 -321  1
3797500 2746500 11 13  3   3.7 1011 242  2.9 8  4.4  88    0    0 261 -322  1
3797500 2746500 11 13  4   3.7 1011 229  2.8 6  4.4  88    0    0 272 -322  1
3797500 2746500 11 13  5   3.9 1011 237  3.1 7  4.5  89    0    0 270 -321  1
3797500 2746500 11 13  6   4.2 1010 246  3.0 8  4.6  90    0    0 283 -320  1
3797500 2746500 11 13  7   5.0 1009 251  3.3 8  4.7  89    0    0 291 -321  1
3797500 2746500 11 13  8   4.8 1009 269  2.1 8  4.8  89    0    0 296 -322  1
3797500 2746500 11 13  9   5.1 1009 242  2.5 8  4.8  88    0   10 301 -323  1
3797500 2746500 11 13 10   5.2 1008 250  3.9 8  4.7  86    0   61 304 -324  1
3797500 2746500 11 13 11   5.0 1008 239  3.0 5  4.5  83   10  125 288 -327  1
3797500 2746500 11 13 12   5.3 1007 238  3.3 7  4.4  79    0   90 284 -331  1
3797500 2746500 11 13 13   5.3 1006 230  3.1 7  4.2  76    1  111 297 -333  1
3797500 2746500 11 13 14   5.0 1005 231  3.2 7  4.1  74    0   72 299 -334  1
3797500 2746500 11 13 15   4.0 1003 237  3.1 7  4.2  79    0   58 300 -332  1
3797500 2746500 11 13 16   3.8 1002 223  2.6 8  4.4  87    0   26 307 -330  1
3797500 2746500 11 13 17   3.3 1000 196  1.9 8  4.4  88    0    3 313 -330  1
3797500 2746500 11 13 18   3.1  999 169  3.0 8  4.3  88    0    0 313 -331  1
3797500 2746500 11 13 19   2.8  998 159  2.4 8  4.3  90    0    0 315 -334  1
3797500 2746500 11 13 20   3.4  996 160  1.4 8  4.4  91    0    0 317 -336  1
3797500 2746500 11 13 21   3.6  995  74  0.9 8  4.5  91    0    0 320 -337  1
3797500 2746500 11 13 22   3.2  995  62  1.3 8  4.5  92    0    0 320 -339  1
3797500 2746500 11 13 23   3.0  995  38  2.5 8  4.5  93    0    0 319 -340  1
3797500 2746500 11 13 24   2.8  995  58  3.9 6  4.5  94    0    0 304 -340  1
3797500 2746500 11 14  1   2.7  996  29  1.7 7  4.4  93    0    0 295 -336  1
3797500 2746500 11 14  2   2.4  997  18  3.0 6  4.2  91    0    0 292 -331  1
3797500 2746500 11 14  3   2.4  998  19  2.8 6  4.1  90    0    0 285 -328  1
3797500 2746500 11 14  4   2.6  999 343  1.5 7  4.1  90    0    0 290 -327  1
3797500 2746500 11 14  5   2.6  999  14  2.6 7  4.2  90    0    0 294 -326  1
3797500 2746500 11 14  6   2.7 1000  15  3.2 8  4.2  91    0    0 298 -325  1
3797500 2746500 11 14  7   2.0 1001  16  3.5 6  4.1  90    0    0 291 -324  1
3797500 2746500 11 14  8   1.7 1001  20  3.4 5  3.9  89    0    0 270 -322  1
3797500 2746500 11 14  9   1.6 1003  23  3.8 5  3.8  88    9   34 262 -320  1
3797500 2746500 11 14 10   1.9 1004 358  3.3 4  3.8  87   37   81 256 -320  1
3797500 2746500 11 14 11   2.7 1005   9  3.6 3  3.8  84   92  110 245 -321  1
3797500 2746500 11 14 12   3.5 1006  17  4.3 2  3.7  77  123  123 232 -323  1
3797500 2746500 11 14 13   4.1 1006  24  5.2 4  3.5  69   14  127 236 -325  1
3797500 2746500 11 14 14   4.0 1007 357  3.6 4  3.4  67   28  118 249 -325  1
3797500 2746500 11 14 15   4.2 1007 356  3.0 6  3.5  68    6   76 261 -324  1
3797500 2746500 11 14 16   4.0 1008  16  2.6 5  3.4  67   12   43 265 -323  1
3797500 2746500 11 14 17   3.5 1009 347  2.4 4  3.3  67    0    8 253 -321  1
3797500 2746500 11 14 18   2.9 1009 356  1.4 3  3.3  69    0    0 239 -318  1
3797500 2746500 11 14 19   3.0 1010   4  1.8 4  3.3  70    0    0 239 -316  1
3797500 2746500 11 14 20   2.5 1011 276  1.5 4  3.4  74    0    0 244 -316  1
3797500 2746500 11 14 21   2.4 1011 292  1.6 5  3.4  76    0    0 243 -315  1
3797500 2746500 11 14 22   2.3 1012 348  1.7 6  3.5  77    0    0 254 -313  1
3797500 2746500 11 14 23   2.3 1012 341  1.7 6  3.6  80    0    0 269 -311  1
3797500 2746500 11 14 24   2.4 1013 331  1.7 5  3.8  84    0    0 270 -310  1
3797500 2746500 11 15  1   2.3 1023 313  1.5 4  4.0  88    0    0 260 -318  1
3797500 2746500 11 15  2   2.1 1023 284  1.3 3  4.1  91    0    0 241 -318  1
3797500 2746500 11 15  3   1.8 1023 256  1.2 3  4.1  94    0    0 236 -317  1
3797500 2746500 11 15  4   1.6 1024 239  1.1 3  4.0  94    0    0 239 -316  1
3797500 2746500 11 15  5   1.8 1024 246  1.2 4  4.0  94    0    0 247 -316  1
3797500 2746500 11 15  6   1.9 1024 236  1.1 6  3.9  94    0    0 261 -316  1
3797500 2746500 11 15  7   2.2 1024 226  0.9 6  4.1  94    0    0 271 -316  1
3797500 2746500 11 15  8   2.4 1025 279  1.3 5  4.2  95    0    0 269 -315  1
3797500 2746500 11 15  9   2.7 1025 230  1.5 6  4.3  96    0   27 270 -315  1
3797500 2746500 11 15 10   3.8 1026 252  1.1 6  4.5  94   11   85 276 -315  1
3797500 2746500 11 15 11   4.6 1026 219  1.1 7  4.7  94    6  108 284 -315  1
3797500 2746500 11 15 12   4.6 1026 270  1.3 7  4.8  92   17  142 289 -321  1
3797500 2746500 11 15 13   5.5 1026 234  1.1 5  4.7  88   47  160 281 -330  1
3797500 2746500 11 15 14   6.8 1026 227  1.2 4  4.9  84   63  146 273 -335  1
3797500 2746500 11 15 15   7.3 1025 236  1.4 4  5.0  80   58  110 274 -337  1
3797500 2746500 11 15 16   7.2 1025 222  0.9 4  5.0  80   32   61 276 -336  1
3797500 2746500 11 15 17   4.7 1025 237  0.7 5  4.8  84    2   13 277 -331  1
3797500 2746500 11 15 18   4.5 1025 207  0.9 7  4.7  89    0    0 287 -326  1
3797500 2746500 11 15 19   4.1 1026 191  1.0 4  4.6  91    0    0 282 -322  1
3797500 2746500 11 15 20   4.2 1026 192  0.6 4  4.6  91    0    0 267 -320  1
3797500 2746500 11 15 21   3.8 1026 192  0.9 2  4.6  92    0    0 258 -318  1
3797500 2746500 11 15 22   3.4 1026 193  0.9 3  4.5  92    0    0 253 -317  1
3797500 2746500 11 15 23   3.5 1026 212  1.0 4  4.3  90    0    0 260 -317  1
3797500 2746500 11 15 24   3.0 1025 228  1.0 4  4.3  91    0    0 265 -318  1
3797500 2746500 11 16  1   3.0 1025 232  0.8 3  4.2  90    0    0 262 -318  1
3797500 2746500 11 16  2   2.1 1025 221  1.0 3  4.1  90    0    0 257 -317  1
3797500 2746500 11 16  3   2.4 1024 210  1.1 4  4.2  94    0    0 264 -316  1
3797500 2746500 11 16  4   1.9 1024 191  1.6 2  4.1  93    0    0 259 -316  1
3797500 2746500 11 16  5   1.6 1023 182  1.9 0  3.9  92    0    0 241 -316  1
3797500 2746500 11 16  6   2.0 1023 190  1.7 3  3.9  91    0    0 245 -316  1
3797500 2746500 11 16  7   2.1 1023 181  1.7 7  3.9  90    0    0 276 -315  1
3797500 2746500 11 16  8   2.6 1022 181  2.0 6  4.0  90    0    0 289 -314  1
3797500 2746500 11 16  9   2.8 1022 182  2.2 4  4.2  92    0   24 277 -313  1
3797500 2746500 11 16 10   3.5 1022 182  2.3 5  4.4  93   20   71 274 -314  1
3797500 2746500 11 16 11   4.1 1022 164  2.0 7  4.6  94    1   74 289 -315  1
3797500 2746500 11 16 12   4.0 1021 214  3.0 7  4.7  93    0   69 299 -321  1
3797500 2746500 11 16 13   4.5 1021 212  2.9 8  4.7  92    0   54 305 -328  1
3797500 2746500 11 16 14   5.3 1020 230  3.1 8  4.8  90    0   36 313 -333  1
3797500 2746500 11 16 15   5.8 1019 210  3.1 8  4.9  88    0   36 315 -335  1
3797500 2746500 11 16 16   5.7 1018 220  3.4 8  5.0  88    0   26 316 -335  1
3797500 2746500 11 16 17   6.2 1018 231  3.5 8  5.1  88    0    6 318 -334  1
3797500 2746500 11 16 18   6.2 1018 231  3.3 8  5.2  88    0    0 321 -332  1
3797500 2746500 11 16 19   6.5 1017 234  3.2 7  5.4  90    0    0 317 -331  1
3797500 2746500 11 16 20   6.4 1018 234  3.5 7  5.5  91    0    0 313 -331  1
3797500 2746500 11 16 21   6.5 1018 232  3.5 8  5.4  90    0    0 320 -331  1
3797500 2746500 11 16 22   6.8 1018 234  2.9 8  5.4  89    0    0 329 -331  1
3797500 2746500 11 16 23   6.7 1018 232  2.8 8  5.4  89    0    0 332 -331  1
3797500 2746500 11 16 24   6.8 1017 235  2.8 8  5.4  88    0    0 334 -331  1
3797500 2746500 11 17  1   6.9 1017 233  2.6 7  5.4  87    0    0 329 -332  1
3797500 2746500 11 17  2   6.8 1017 232  2.7 8  5.4  87    0    0 330 -333  1
3797500 2746500 11 17  3   6.9 1017 232  2.8 8  5.4  89    0    0 337 -334  1
3797500 2746500 11 17  4   6.9 1017 229  2.2 8  5.5  89    0    0 339 -335  1
3797500 2746500 11 17  5   7.1 1017 221  2.3 8  5.5  89    0    0 340 -336  1
3797500 2746500 11 17  6   7.2 1017 222  2.9 8  5.6  90    0    0 341 -336  1
3797500 2746500 11 17  7   7.2 1017 221  2.7 8  5.7  91    0    0 342 -337  1
3797500 2746500 11 17  8   7.5 1017 230  2.5 8  5.9  92    0    0 342 -338  1
3797500 2746500 11 17  9   7.6 1018 231  2.4 8  6.0  93    0   18 343 -339  1
3797500 2746500 11 17 10   7.7 1018 238  2.8 6  6.2  95    1   57 330 -340  1
3797500 2746500 11 17 11   8.4 1018 230  2.8 7  6.3  95    0   47 325 -342  1
3797500 2746500 11 17 12   8.2 1019 241  3.5 8  6.4  94    0   58 337 -344  1
3797500 2746500 11 17 13   8.5 1019 240  3.1 7  6.5  95    0   76 337 -346  1
3797500 2746500 11 17 14   8.9 1018 240  3.2 8  6.7  95    0   37 337 -349  1
3797500 2746500 11 17 15   9.4 1018 240  3.5 8  6.7  94    0   24 344 -351  1
3797500 2746500 11 17 16   9.4 1018 240  3.7 8  6.8  94    0   15 345 -352  1
3797500 2746500 11 17 17   9.8 1018 248  3.5 8  7.0  94    0    4 345 -352  1
3797500 2746500 11 17 18   9.8 1018 238  3.5 8  7.1  95    0    0 346 -350  1
3797500 2746500 11 17 19   9.7 1018 228  3.5 8  7.0  93    0    0 344 -350  1
3797500 2746500 11 17 20   9.7 1018 240  3.7 8  6.9  92    0    0 344 -350  1
3797500 2746500 11 17 21   9.8 1018 229  3.3 8  6.9  92    0    0 344 -350  1
3797500 2746500 11 17 22   9.9 1018 239  3.3 8  6.7  88    0    0 345 -350  1
3797500 2746500 11 17 23  10.0 1018 239  3.4 8  6.6  87    0    0 345 -350  1
3797500 2746500 11 17 24   9.9 1018 230  3.6 8  6.6  87    0    0 345 -350  1
3797500 2746500 11 18  1   9.6 1017 229  3.8 8  6.5  87    0    0 344 -351  1
3797500 2746500 11 18  2   9.2 1017 229  3.3 8  6.4  88    0    0 343 -351  1
3797500 2746500 11 18  3   9.4 1016 228  3.8 7  6.4  88    0    0 337 -352  1
3797500 2746500 11 18  4   9.5 1016 228  3.6 8  6.4  86    0    0 337 -352  1
3797500 2746500 11 18  5   9.5 1015 229  3.6 8  6.3  86    0    0 344 -352  1
3797500 2746500 11 18  6   9.6 1014 229  3.9 8  6.4  87    0    0 345 -352  1
3797500 2746500 11 18  7  10.2 1014 229  4.1 8  6.6  87    0    0 348 -351  1
3797500 2746500 11 18  8  10.1 1013 229  4.2 8  6.8  88    0    0 350 -351  1
3797500 2746500 11 18  9   9.9 1013 238  3.9 8  7.0  91    0   11 351 -351  1
3797500 2746500 11 18 10  10.2 1013 239  3.6 8  7.2  94    0   21 351 -352  1
3797500 2746500 11 18 11  10.7 1013 239  3.9 8  7.5  95    0   29 354 -352  1
3797500 2746500 11 18 12  10.8 1013 250  4.8 7  7.6  94    0   53 348 -353  1
3797500 2746500 11 18 13  11.3 1013 240  4.0 8  7.5  91    0   37 349 -354  1
3797500 2746500 11 18 14  12.1 1012 239  4.1 7  7.5  87    0   43 351 -354  1
3797500 2746500 11 18 15  12.1 1011 239  3.7 7  7.3  83    0   35 344 -355  1
3797500 2746500 11 18 16  12.1 1011 239  4.2 8  7.3  82    0   12 352 -355  1
3797500 2746500 11 18 17  11.0 1011 240  3.6 8  7.5  88    0    3 359 -355  1
3797500 2746500 11 18 18  11.1 1011 240  4.2 8  7.7  93    0    0 358 -354  1
3797500 2746500 11 18 19  10.9 1010 238  4.3 8  7.7  94    0    0 359 -353  1
3797500 2746500 11 18 20  11.0 1010 240  5.2 8  7.7  94    0    0 359 -353  1
3797500 2746500 11 18 21  10.7 1010 240  4.3 8  7.6  93    0    0 358 -352  1
3797500 2746500 11 18 22  10.4 1009 237  4.3 8  7.4  93    0    0 357 -353  1
3797500 2746500 11 18 23  10.5 1009 239  3.9 8  7.4  94    0    0 357 -353  1
3797500 2746500 11 18 24  10.6 1008 239  5.1 8  7.6  95    0    0 357 -353  1
3797500 2746500 11 19  1  11.2 1008 250  5.9 8  7.6  93    0    0 359 -353  1
3797500 2746500 11 19  2  11.0 1007 251  5.9 8  7.4  90    0    0 359 -352  1
3797500 2746500 11 19  3  10.5 1007 250  5.4 8  7.3  90    0    0 356 -352  1
3797500 2746500 11 19  4  10.2 1007 250  5.7 8  7.2  91    0    0 355 -352  1
3797500 2746500 11 19  5  10.2 1006 249  5.3 8  7.2  92    0    0 354 -352  1
3797500 2746500 11 19  6  10.1 1006 250  5.1 8  7.2  92    0    0 352 -352  1
3797500 2746500 11 19  7  10.4 1006 247  5.3 8  7.1  91    0    0 352 -352  1
3797500 2746500 11 19  8   9.4 1006 288  2.7 8  6.8  89    0    0 348 -352  1
3797500 2746500 11 19  9   8.6 1006 271  3.7 8  6.1  84    0    6 343 -353  1
3797500 2746500 11 19 10   8.0 1007 281  1.4 7  5.7  84    0   23 332 -353  1
3797500 2746500 11 19 11   7.7 1007 245  3.6 7  5.8  87    0   47 324 -351  1
3797500 2746500 11 19 12   7.4 1007 245  2.3 8  5.8  88    0   43 329 -349  1
3797500 2746500 11 19 13   6.8 1007 260  2.6 8  5.6  89    0   27 332 -349  1
3797500 2746500 11 19 14   6.7 1006 243  2.0 8  5.5  89    0   42 330 -349  1
3797500 2746500 11 19 15   6.4 1005 245  2.9 8  5.4  89    0   28 328 -347  1
3797500 2746500 11 19 16   6.0 1004 239  3.0 8  5.3  88    0   18 326 -344  1
3797500 2746500 11 19 17   5.5 1003 248  1.9 8  5.2  90    0    1 323 -341  1
3797500 2746500 11 19 18   5.4 1003 252  2.0 8  5.1  91    0    0 320 -339  1
3797500 2746500 11 19 19   5.6 1001 235  1.9 8  5.2  92    0    0 320 -338  1
3797500 2746500 11 19 20   5.7 1000 181  2.1 8  5.3  92    0    0 321 -336  1
3797500 2746500 11 19 21   5.6  999 202  0.8 8  5.2  91    0    0 321 -333  1
3797500 2746500 11 19 22   5.2  997  87  1.4 8  5.1  90    0    0 319 -330  1
3797500 2746500 11 19 23   5.1  995  79  2.2 8  5.0  90    0    0 318 -324  1
3797500 2746500 11 19 24   4.9  992  16  2.5 8  5.0  90    0    0 317 -318  1
3797500 2746500 11 20  1   2.5  991 358  4.7 8  4.6  91    0    0 311 -316  1
3797500 2746500 11 20  2   0.7  990 347  3.5 8  4.0  92    0    0 304 -316  1
3797500 2746500 11 20  3   0.0  990 336  4.0 8  3.8  94    0    0 300 -316  1
3797500 2746500 11 20  4   0.3  992 344  3.0 8  3.8  97    0    0 299 -316  1
3797500 2746500 11 20  5   0.8  994 304  2.2 8  3.9  97    0    0 296 -316  1
3797500 2746500 11 20  6   1.1  996 298  3.1 6  4.0  96    0    0 283 -316  1
3797500 2746500 11 20  7   1.6  997 284  4.7 6  4.0  94    0    0 269 -316  1
3797500 2746500 11 20  8   2.0  999 301  4.3 6  4.0  92    0    0 268 -316  1
3797500 2746500 11 20  9   1.8 1000 305  5.1 6  3.9  89    1   21 266 -316  1
3797500 2746500 11 20 10   1.3 1002 288  3.5 8  3.9  90    0   38 272 -316  1
3797500 2746500 11 20 11   2.0 1004 291  3.3 5  4.0  92   33  104 265 -316  1
3797500 2746500 11 20 12   1.7 1005 282  3.4 5  4.0  91   23  121 250 -318  1
3797500 2746500 11 20 13   2.9 1006 261  4.1 4  4.1  91  126  110 246 -323  1
3797500 2746500 11 20 14   3.9 1006 274  3.8 5  4.2  86   46  108 249 -327  1
3797500 2746500 11 20 15   4.2 1007 292  2.9 6  4.0  78    6   64 258 -328  1
3797500 2746500 11 20 16   2.8 1008 280  3.2 6  3.9  79    0   22 260 -327  1
3797500 2746500 11 20 17   2.1 1009 264  1.3 7  3.9  86    0    0 260 -323  1
3797500 2746500 11 20 18   2.4 1010 250  2.1 7  4.0  90    0    0 263 -318  1
3797500 2746500 11 20 19   2.3 1010 248  2.3 5  4.1  90    0    0 255 -318  1
3797500 2746500 11 20 20   2.0 1011 261  2.7 5  4.0  90    0    0 245 -318  1
3797500 2746500 11 20 21   1.9 1011 255  1.8 5  3.9  90    0    0 243 -316  1
3797500 2746500 11 20 22   2.1 1012 249  3.1 7  3.9  89    0    0 251 -316  1
3797500 2746500 11 20 23   2.4 1012 237  3.5 7  3.9  87    0    0 261 -316  1
3797500 2746500 11 20 24   2.4 1012 260  3.4 6  3.9  87    0    0 257 -316  1
3797500 2746500 11 21  1   2.2 1012 266  3.7 8  4.0  89    0    0 262 -316  1
3797500 2746500 11 21  2   2.1 1012 262  3.1 8  4.0  90    0    0 274 -316  1
3797500 2746500 11 21  3   2.4 1012 260  3.1 6  4.1  91    0    0 268 -315  1
3797500 2746500 11 21  4   2.3 1012 271  3.3 5  4.1  91    0    0 257 -315  1
3797500 2746500 11 21  5   2.2 1012 251  4.6 6  4.1  91    0    0 258 -314  1
3797500 2746500 11 21  6   1.6 1012 250  3.9 6  4.0  92    0    0 264 -314  1
3797500 2746500 11 21  7   1.9 1012 261  3.7 8  4.0  93    0    0 276 -314  1
3797500 2746500 11 21  8   1.9 1013 254  3.5 8  4.0  92    0    0 288 -314  1
3797500 2746500 11 21  9   2.2 1013 258  3.8 8  4.0  91    0    8 291 -314  1
3797500 2746500 11 21 10   1.5 1013 254  4.0 8  4.1  93    0   42 290 -315  1
3797500 2746500 11 21 11   1.1 1013 251  4.1 8  4.1  98    0   30 289 -315  1
3797500 2746500 11 21 12   2.0 1013 249  4.6 8  4.1  96    0   41 290 -316  1
3797500 2746500 11 21 13   1.9 1013 245  3.9 7  4.1  93    0   81 286 -316  1
3797500 2746500 11 21 14   2.6 1013 254  4.5 7  4.1  91   15   75 283 -320  1
3797500 2746500 11 21 15   2.3 1013 255  3.8 8  4.2  92    0   31 292 -324  1
3797500 2746500 11 21 16   2.5 1013 257  4.4 8  4.2  93    0   24 299 -323  1
3797500 2746500 11 21 17   2.3 1013 261  3.8 8  4.2  93    0    3 299 -320  1
3797500 2746500 11 21 18   2.3 1014 258  3.6 7  4.1  92    0    0 292 -318  1
3797500 2746500 11 21 19   2.3 1014 259  3.6 6  4.1  92    0    0 280 -317  1
3797500 2746500 11 21 20   2.2 1015 261  2.8 6  4.1  92    0    0 275 -316  1
3797500 2746500 11 21 21   2.1 1015 253  2.9 4  4.1  92    0    0 264 -316  1
3797500 2746500 11 21 22   1.8 1015 261  2.7 5  4.0  92    0    0 259 -316  1
3797500 2746500 11 21 23   2.1 1016 262  3.0 5  4.0  93    0    0 265 -316  1
3797500 2746500 11 21 24   1.9 1016 263  2.7 4  4.1  93    0    0 260 -315  1
3797500 2746500 11 22  1   1.3 1017 254  2.4 7  3.9  93    0    0 267 -314  1
3797500 2746500 11 22  2   0.4 1017 244  1.8 6  3.8  95    0    0 274 -312  1
3797500 2746500 11 22  3  -0.2 1018 222  2.3 2  3.6  96    0    0 250 -312  1
3797500 2746500 11 22  4  -0.6 1018 235  2.1 2  3.5  95    0    0 229 -311  1
3797500 2746500 11 22  5  -0.7 1018 224  2.1 2  3.4  94    0    0 226 -311  1
3797500 2746500 11 22  6  -0.3 1019 227  2.2 3  3.4  94    0    0 228 -311  1
3797500 2746500 11 22  7  -0.7 1019 223  2.3 2  3.5  95    0    0 226 -311  1
3797500 2746500 11 22  8  -0.8 1019 213  2.2 0  3.4  95    0    0 210 -311  1
3797500 2746500 11 22  9  -0.5 1019 204  1.6 0  3.4  93    3   21 198 -311  1
3797500 2746500 11 22 10   0.6 1020 206  1.9 1  3.4  90   62   59 202 -312  1
3797500 2746500 11 22 11   1.9 1020 216  2.4 2  3.5  85  143   71 212 -313  1
3797500 2746500 11 22 12   2.9 1020 219  3.4 1  3.5  78  201   70 215 -315  1
3797500 2746500 11 22 13   3.9 1020 205  2.4 1  3.4  72  217   67 216 -316  1
3797500 2746500 11 22 14   4.9 1019 177  2.0 1  3.5  68  195   61 223 -317  1
3797500 2746500 11 22 15   5.1 1019 168  3.0 1  3.6  67  129   53 229 -318  1
3797500 2746500 11 22 16   4.4 1018 165  2.6 2  3.6  68   43   33 239 -318  1
3797500 2746500 11 22 17   3.0 1017 164  2.5 6  3.4  70    4    7 263 -317  1
3797500 2746500 11 22 18   2.8 1017 173  3.1 6  3.4  74    0    0 282 -317  1
3797500 2746500 11 22 19   2.6 1016 172  3.6 6  3.4  75    0    0 287 -317  1
3797500 2746500 11 22 20   3.2 1016 171  2.6 6  3.4  74    0    0 290 -317  1
3797500 2746500 11 22 21   3.1 1015 172  3.1 8  3.6  77    0    0 302 -317  1
3797500 2746500 11 22 22   3.4 1014 182  2.7 8  3.8  80    0    0 314 -317  1
3797500 2746500 11 22 23   3.5 1013 185  3.4 8  4.0  83    0    0 317 -318  1
3797500 2746500 11 22 24   4.3 1013 196  2.5 8  4.3  86    0    0 322 -320  1
3797500 2746500 11 23  1   4.8 1012 206  3.3 8  4.7  89    0    0 327 -323  1
3797500 2746500 11 23  2   5.7 1011 216  3.6 8  4.9  89    0    0 331 -326  1
3797500 2746500 11 23  3   6.4 1010 221  3.6 8  5.2  89    0    0 335 -330  1
3797500 2746500 11 23  4   7.4 1010 226  4.4 8  5.6  90    0    0 338 -335  1
3797500 2746500 11 23  5   8.2 1009 219  3.4 8  5.9  89    0    0 342 -339  1
3797500 2746500 11 23  6   8.9 1009 227  4.7 8  6.1  88    0    0 346 -343  1
3797500 2746500 11 23  7   9.6 1008 228  4.5 8  6.3  87    0    0 348 -345  1
3797500 2746500 11 23  8   9.8 1007 230  4.5 8  6.5  87    0    0 351 -347  1
3797500 2746500 11 23  9   9.6 1007 229  4.8 8  6.8  89    0    6 351 -350  1
3797500 2746500 11 23 10   9.5 1007 238  4.5 8  6.9  93    0   22 351 -352  1
3797500 2746500 11 23 11   9.8 1007 238  4.8 6  7.1  94    0   54 339 -354  1
3797500 2746500 11 23 12  10.1 1007 235  5.4 5  7.2  93    4   89 318 -355  1
3797500 2746500 11 23 13  10.8 1007 239  4.9 6  7.2  91    0   67 318 -355  1
3797500 2746500 11 23 14  11.5 1006 241  5.7 8  7.3  88    0   19 342 -357  1
3797500 2746500 11 23 15  11.5 1006 251  4.3 8  7.3  86    0   14 357 -358  1
3797500 2746500 11 23 16  11.8 1006 250  5.1 8  7.2  83    0   11 357 -360  1
3797500 2746500 11 23 17  11.8 1006 260  4.5 7  7.0  80    0    1 350 -361  1
3797500 2746500 11 23 18  11.7 1006 261  5.3 7  6.8  79    0    0 341 -362  1
3797500 2746500 11 23 19  11.4 1007 260  4.3 8  6.8  79    0    0 347 -361  1
3797500 2746500 11 23 20  11.2 1007 252  4.3 8  6.8  81    0    0 352 -361  1
3797500 2746500 11 23 21  11.0 1008 258  3.5 8  6.7  81    0    0 351 -360  1
3797500 2746500 11 23 22   9.9 1008 262  3.8 8  6.8  85    0    0 351 -360  1
3797500 2746500 11 23 23  10.2 1009 250  3.2 8  6.9  89    0    0 351 -360  1
3797500 2746500 11 23 24  10.3 1009 251  3.4 8  7.0  89    0    0 352 -359  1
3797500 2746500 11 24  1  10.0 1009 257  3.2 8  7.0  90    0    0 352 -359  1
3797500 2746500 11 24  2   9.7 1010 261  3.5 8  6.9  90    0    0 349 -358  1
3797500 2746500 11 24  3  10.1 1010 259  3.6 8  6.9  90    0    0 349 -358  1
3797500 2746500 11 24  4   9.7 1010 260  3.8 8  6.9  90    0    0 348 -358  1
3797500 2746500 11 24  5   9.2 1011 262  3.1 7  6.8  91    0    0 340 -358  1
3797500 2746500 11 24  6   9.4 1011 262  3.0 8  6.7  92    0    0 338 -358  1
3797500 2746500 11 24  7   9.6 1011 261  3.0 8  6.7  91    0    0 345 -358  1
3797500 2746500 11 24  8   9.6 1012 266  2.5 8  6.7  90    0    0 344 -357  1
3797500 2746500 11 24  9   9.4 1012 298  2.6 8  6.6  89    0    4 344 -356  1
3797500 2746500 11 24 10   8.5 1014 349  2.4 8  6.3  88    0   32 341 -353  1
3797500 2746500 11 24 11   8.6 1015 334  2.7 6  5.9  85    4   94 325 -351  1
3797500 2746500 11 24 12   8.4 1016 354  3.6 6  5.6  81    3  102 312 -349  1
3797500 2746500 11 24 13   8.1 1017 355  3.6 8  5.2  77    0   75 323 -348  1
3797500 2746500 11 24 14   7.9 1018 338  2.4 6  5.0  75    4  102 320 -347  1
3797500 2746500 11 24 15   7.9 1019 334  1.9 4  4.8  72   24  100 297 -345  1
3797500 2746500 11 24 16   7.8 1019 334  2.0 5  4.7  71   12   48 289 -341  1
3797500 2746500 11 24 17   6.4 1020 345  1.3 5  4.5  73    0    5 292 -336  1
3797500 2746500 11 24 18   5.5 1021 345  1.2 4  4.4  76    0    0 282 -332  1
3797500 2746500 11 24 19   4.9 1022 345  0.9 1  4.2  78    0    0 258 -328  1
3797500 2746500 11 24 20   4.8 1023 339  1.4 1  4.1  78    0    0 240 -325  1
3797500 2746500 11 24 21   4.6 1023 338  0.9 2  4.1  78    0    0 244 -323  1
3797500 2746500 11 24 22   4.1 1024 335  0.9 1  4.0  78    0    0 243 -320  1
3797500 2746500 11 24 23   3.0 1025 344  0.2 0  3.9  81    0    0 228 -317  1
3797500 2746500 11 24 24   2.4 1025   6  0.0 0  3.8  84    0    0 221 -316  1
3797500 2746500 11 25  1   2.0 1026 201  0.3 0  3.9  88    0    0 220 -316  1
3797500 2746500 11 25  2   1.7 1026  97  0.6 0  3.9  91    0    0 218 -316  1
3797500 2746500 11 25  3   1.6 1026  97  0.7 0  3.8  91    0    0 217 -314  1
3797500 2746500 11 25  4   0.1 1027 103  0.9 0  3.7  93    0    0 214 -312  1
3797500 2746500 11 25  5   1.7 1027  92  1.2 0  3.7  93    0    0 213 -310  1
3797500 2746500 11 25  6   0.4 1027   4  0.4 0  3.7  91    0    0 212 -310  1
3797500 2746500 11 25  7   0.7 1027 202  0.9 0  3.6  92    0    0 210 -310  1
3797500 2746500 11 25  8   0.6 1027 176  0.5 1  3.6  92    0    0 215 -310  1
3797500 2746500 11 25  9   0.9 1028 138  0.7 2  3.6  92    0   15 224 -310  1
3797500 2746500 11 25 10   2.1 1028 191  1.2 1  3.8  91   44   62 225 -311  1
3797500 2746500 11 25 11   3.9 1028 163  1.6 1  4.1  88  116   79 223 -313  1
3797500 2746500 11 25 12   5.4 1028 191  1.4 1  4.2  81  174   80 225 -315  1
3797500 2746500 11 25 13   5.9 1028 207  1.8 1  4.2  76  192   75 226 -316  1
3797500 2746500 11 25 14   6.0 1028 215  1.3 1  4.2  74  164   69 226 -316  1
3797500 2746500 11 25 15   6.2 1027 228  1.2 1  4.2  73  125   53 226 -317  1
3797500 2746500 11 25 16   5.4 1027 257  0.7 2  4.1  73   47   33 230 -316  1
3797500 2746500 11 25 17   3.9 1027 360  0.5 5  4.0  77    3    7 247 -316  1
3797500 2746500 11 25 18   3.7 1027 207  0.8 5  4.0  82    0    0 259 -314  1
3797500 2746500 11 25 19   3.0 1026 175  0.8 2  4.0  84    0    0 246 -311  1
3797500 2746500 11 25 20   2.5 1026 101  1.1 2  4.0  87    0    0 231 -310  1
3797500 2746500 11 25 21   2.5 1026 114  1.0 2  3.9  86    0    0 231 -310  1
3797500 2746500 11 25 22   2.4 1026 114  0.9 1  3.8  84    0    0 225 -309  1
3797500 2746500 11 25 23   1.7 1026 103  1.2 1  3.6  84    0    0 219 -308  1
3797500 2746500 11 25 24   1.2 1026 137  1.3 4  3.5  85    0    0 231 -307  1
3797500 2746500 11 26  1   1.5 1025 182  1.2 4  3.4  83    0    0 243 -305  1
3797500 2746500 11 26  2   1.4 1025 160  1.7 3  3.3  80    0    0 238 -303  1
3797500 2746500 11 26  3   1.9 1024 161  1.8 2  3.2  77    0    0 228 -302  1
3797500 2746500 11 26  4   1.6 1024 166  1.0 3  3.2  74    0    0 228 -301  1
3797500 2746500 11 26  5   1.9 1024 160  0.6 2  3.0  72    0    0 227 -301  1
3797500 2746500 11 26  6   1.5 1023 135  1.0 2  2.9  68    0    0 221 -301  1
3797500 2746500 11 26  7   1.6 1023 144  1.2 1  2.7  65    0    0 214 -301  1
3797500 2746500 11 26  8   1.5 1023 139  1.3 0  2.6  63    0    0 201 -301  1
3797500 2746500 11 26  9   1.4 1023 141  1.8 0  2.6  62    2   16 195 -301  1
3797500 2746500 11 26 10   3.2 1022 123  2.2 2  2.6  59   58   52 206 -303  1
3797500 2746500 11 26 11   4.6 1022 117  1.5 2  2.8  56  140   59 220 -307  1
3797500 2746500 11 26 12   5.6 1022 129  0.9 2  2.8  52  202   54 223 -311  1
3797500 2746500 11 26 13   6.3 1021 144  2.0 0  2.7  48  229   46 215 -314  1
3797500 2746500 11 26 14   6.4 1020 176  0.6 1  2.8  48  203   42 210 -316  1
3797500 2746500 11 26 15   7.1 1019 172  0.8 0  2.9  48  140   37 211 -316  1
3797500 2746500 11 26 16   6.3 1019 185  0.2 1  2.9  49   46   27 211 -316  1
3797500 2746500 11 26 17   4.7 1018 176  0.2 4  3.0  54    2    6 227 -315  1
3797500 2746500 11 26 18   3.9 1018 171  1.0 5  3.1  60    0    0 242 -313  1
3797500 2746500 11 26 19   3.3 1018 171  1.0 3  3.2  66    0    0 237 -311  1
3797500 2746500 11 26 20   3.0 1018 170  0.9 3  3.4  71    0    0 229 -310  1
3797500 2746500 11 26 21   2.7 1018 189  0.7 5  3.4  73    0    0 236 -309  1
3797500 2746500 11 26 22   2.9 1018 171  0.9 3  3.4  74    0    0 236 -308  1
3797500 2746500 11 26 23   2.5 1018 183  0.6 3  3.4  74    0    0 229 -308  1
3797500 2746500 11 26 24   2.3 1018 189  1.6 5  3.3  74    0    0 236 -308  1
3797500 2746500 11 27  1   1.7 1018 205  1.3 2  3.3  75    0    0 230 -308  1
3797500 2746500 11 27  2   1.0 1017 223  2.4 3  3.3  79    0    0 219 -308  1
3797500 2746500 11 27  3   1.8 1017 235  3.0 5  3.4  81    0    0 231 -309  1
3797500 2746500 11 27  4   2.6 1017 223  2.4 5  3.6  80    0    0 243 -311  1
3797500 2746500 11 27  5   3.2 1017 221  3.0 8  3.6  78    0    0 261 -313  1
3797500 2746500 11 27  6   2.7 1017 211  2.1 8  3.7  79    0    0 279 -314  1
3797500 2746500 11 27  7   2.2 1017 222  2.5 7  3.6  81    0    0 274 -315  1
3797500 2746500 11 27  8   2.0 1017 222  2.8 8  3.6  82    0    0 275 -316  1
3797500 2746500 11 27  9   1.9 1017 231  2.7 8  3.6  82    0   10 282 -317  1
3797500 2746500 11 27 10   2.2 1017 222  3.2 7  3.6  81    5   67 277 -319  1
3797500 2746500 11 27 11   2.1 1017 222  3.0 7  3.6  81    1   77 274 -321  1
3797500 2746500 11 27 12   2.4 1017 214  2.6 8  3.6  81    0   58 281 -323  1
3797500 2746500 11 27 13   2.9 1017 205  2.2 8  3.6  79    0   41 291 -326  1
3797500 2746500 11 27 14   3.7 1016 216  2.9 8  3.7  78    0   39 295 -330  1
3797500 2746500 11 27 15   4.1 1016 185  2.2 8  3.8  76    0   34 301 -332  1
3797500 2746500 11 27 16   4.0 1016 211  2.3 7  3.8  75    1   28 299 -330  1
3797500 2746500 11 27 17   4.4 1016 203  2.2 7  3.9  76    0    5 298 -327  1
3797500 2746500 11 27 18   4.4 1015 205  3.1 7  4.0  77    0    0 302 -327  1
3797500 2746500 11 27 19   4.8 1015 196  2.1 8  4.2  80    0    0 313 -329  1
3797500 2746500 11 27 20   5.1 1015 203  2.3 8  4.4  81    0    0 326 -331  1
3797500 2746500 11 27 21   5.8 1015 225  3.4 8  4.4  79    0    0 331 -333  1
3797500 2746500 11 27 22   5.4 1015 217  2.9 8  4.6  81    0    0 334 -335  1
3797500 2746500 11 27 23   5.2 1015 211  2.6 8  4.8  87    0    0 337 -336  1
3797500 2746500 11 27 24   5.4 1015 205  2.8 8  4.9  89    0    0 339 -338  1
3797500 2746500 11 28  1   5.8 1014 209  2.9 8  5.2  91    0    0 340 -340  1
3797500 2746500 11 28  2   6.2 1014 225  2.3 8  5.4  92    0    0 342 -342  1
3797500 2746500 11 28  3   6.7 1014 220  2.5 7  5.5  92    0    0 336 -344  1
3797500 2746500 11 28  4   7.1 1014 242  2.0 8  5.8  93    0    0 337 -345  1
3797500 2746500 11 28  5   7.5 1014 263  1.5 7  6.0  94    0    0 339 -346  1
3797500 2746500 11 28  6   7.6 1015 272  1.5 7  6.2  95    0    0 332 -347  1
3797500 2746500 11 28  7   7.7 1015 250  1.0 8  6.2  95    0    0 338 -346  1
3797500 2746500 11 28  8   7.7 1016 253  1.3 7  6.2  95    0    0 337 -346  1
3797500 2746500 11 28  9   7.6 1016 264  1.5 8  6.2  95    0    1 334 -346  1
3797500 2746500 11 28 10   7.6 1017 263  1.6 8  6.2  95    0   38 339 -346  1
3797500 2746500 11 28 11   8.2 1017 236  1.8 7  6.3  96    0   70 329 -347  1
3797500 2746500 11 28 12   8.0 1017 246  2.2 7  6.4  96    0   47 321 -350  1
3797500 2746500 11 28 13   8.3 1017 242  2.1 7  6.4  95    0   44 318 -352  1
3797500 2746500 11 28 14   8.7 1016 243  2.5 7  6.4  93    0   45 316 -353  1
3797500 2746500 11 28 15   8.5 1016 252  3.1 7  6.3  91    0   25 314 -353  1
3797500 2746500 11 28 16   8.2 1016 233  2.4 7  6.2  91    0   13 311 -353  1
3797500 2746500 11 28 17   8.3 1016 232  2.7 7  6.0  89    0    0 309 -350  1
3797500 2746500 11 28 18   7.8 1016 228  2.4 8  5.9  88    0    0 314 -346  1
3797500 2746500 11 28 19   7.8 1016 226  2.2 8  5.7  87    0    0 319 -343  1
3797500 2746500 11 28 20   8.0 1016 225  2.3 8  5.7  86    0    0 319 -343  1
3797500 2746500 11 28 21   7.9 1015 208  2.0 8  5.8  87    0    0 319 -342  1
3797500 2746500 11 28 22   8.0 1015 186  1.7 8  5.8  88    0    0 320 -338  1
3797500 2746500 11 28 23   8.3 1014 209  2.4 8  5.8  86    0    0 321 -336  1
3797500 2746500 11 28 24   8.2 1014 224  2.8 7  5.8  85    0    0 314 -334  1
3797500 2746500 11 29  1   8.4 1013 230  3.1 8  5.9  87    0    0 314 -331  1
3797500 2746500 11 29  2   8.2 1012 229  2.6 8  6.0  88    0    0 322 -329  1
3797500 2746500 11 29  3   8.3 1012 230  2.6 8  6.0  88    0    0 323 -326  1
3797500 2746500 11 29  4   8.1 1011 218  2.9 8  5.9  87    0    0 323 -324  1
3797500 2746500 11 29  5   8.2 1011 214  2.7 8  5.9  87    0    0 326 -323  1
3797500 2746500 11 29  6   8.1 1010 201  2.4 8  5.9  87    0    0 328 -323  1
3797500 2746500 11 29  7   7.9 1009 188  2.0 7  5.8  86    0    0 320 -323  1
3797500 2746500 11 29  8   8.0 1009 194  2.4 7  5.7  85    0    0 313 -323  1
3797500 2746500 11 29  9   8.1 1008 178  2.7 8  5.6  84    0    3 323 -323  1
3797500 2746500 11 29 10   8.1 1008 180  3.3 8  5.7  84    0   30 331 -325  1
3797500 2746500 11 29 11   8.3 1007 181  3.7 7  5.7  84    0   58 324 -330  1
3797500 2746500 11 29 12   8.5 1007 205  2.6 7  5.8  83    1   87 317 -336  1
3797500 2746500 11 29 13   8.5 1006  88  2.9 7  5.7  82    0   79 318 -341  1
3797500 2746500 11 29 14   8.9 1006 166  3.1 7  5.8  82    2   87 318 -344  1
3797500 2746500 11 29 15   8.9 1005 176  2.5 7  5.9  82    1   61 320 -344  1
3797500 2746500 11 29 16   8.1 1004 184  1.9 8  5.9  85    0   14 324 -341  1
3797500 2746500 11 29 17   7.9 1004 200  1.3 8  5.9  88    0    0 327 -337  1
3797500 2746500 11 29 18   7.8 1004 209  1.7 8  5.9  89    0    0 325 -333  1
3797500 2746500 11 29 19   7.6 1004 209  1.3 8  6.0  90    0    0 325 -329  1
3797500 2746500 11 29 20   7.4 1005 180  1.0 8  5.9  91    0    0 325 -325  1
3797500 2746500 11 29 21   7.3 1005 168  1.1 8  5.9  91    0    0 326 -323  1
3797500 2746500 11 29 22   7.3 1005 168  1.0 8  5.9  91    0    0 327 -321  1
3797500 2746500 11 29 23   7.2 1005 203  0.8 8  5.8  91    0    0 326 -319  1
3797500 2746500 11 29 24   6.9 1005 209  1.1 7  5.8  92    0    0 321 -318  1
3797500 2746500 11 30  1   6.8 1006 262  0.8 8  5.8  94    0    0 321 -317  1
3797500 2746500 11 30  2   6.7 1006 181  0.5 8  5.8  94    0    0 326 -316  1
3797500 2746500 11 30  3   6.6 1006 352  0.3 8  5.8  95    0    0 327 -316  1
3797500 2746500 11 30  4   6.6 1007 302  0.6 6  5.9  97    0    0 316 -316  1
3797500 2746500 11 30  5   6.8 1007 318  0.8 8  5.9  95    0    0 316 -316  1
3797500 2746500 11 30  6   6.8 1007 339  0.6 8  5.8  94    0    0 325 -316  1
3797500 2746500 11 30  7   6.8 1008   5  0.7 8  5.8  94    0    0 324 -316  1
3797500 2746500 11 30  8   6.8 1008  85  0.4 8  5.8  94    0    0 324 -316  1
3797500 2746500 11 30  9   6.6 1009 151  0.5 7  5.8  95    0    4 319 -316  1
3797500 2746500 11 30 10   6.8 1009 152  0.6 5  5.9  96    1   54 302 -316  1
3797500 2746500 11 30 11   7.2 1010 351  0.8 5  6.0  95    3   82 292 -318  1
3797500 2746500 11 30 12   7.6 1011  10  0.1 6  5.9  92    5   97 299 -325  1
3797500 2746500 11 30 13   8.1 1011  29  0.5 7  5.9  89    2   90 310 -334  1
3797500 2746500 11 30 14   8.1 1011 101  0.4 7  5.9  88    2   88 315 -338  1
3797500 2746500 11 30 15   8.1 1010 267  1.1 7  5.9  88    5   69 315 -339  1
3797500 2746500 11 30 16   7.8 1010 249  1.4 7  5.9  89    2   29 315 -338  1
3797500 2746500 11 30 17   7.5 1010  45  1.5 7  5.9  90    0    2 313 -336  1
3797500 2746500 11 30 18   7.4 1011  98  0.8 7  5.9  91    0    0 313 -332  1
3797500 2746500 11 30 19   7.1 1011  98  0.6 8  5.8  91    0    0 318 -325  1
3797500 2746500 11 30 20   7.1 1012  65  1.0 8  5.8  92    0    0 324 -318  1
3797500 2746500 11 30 21   7.0 1012  59  1.1 8  5.8  92    0    0 323 -316  1
3797500 2746500 11 30 22   6.9 1012  60  1.3 8  5.7  92    0    0 322 -316  1
3797500 2746500 11 30 23   6.2 1012 109  1.3 8  5.5  92    0    0 322 -316  1
3797500 2746500 11 30 24   5.2 1011 167  1.3 8  5.1  92    0    0 315 -315  1
3797500 2746500 12  1  1   4.2 1000 234  1.2 8  4.7  91    0    0 291 -314  1
3797500 2746500 12  1  2   3.4 1000 286  1.1 8  4.5  90    0    0 290 -314  1
3797500 2746500 12  1  3   2.8 1000 320  0.9 8  4.2  90    0    0 297 -314  1
3797500 2746500 12  1  4   2.8 1000 314  0.7 8  4.3  90    0    0 296 -313  1
3797500 2746500 12  1  5   2.7 1000 311  0.7 8  4.3  90    0    0 296 -312  1
3797500 2746500 12  1  6   2.7 1001 294  0.0 7  4.3  92    0    0 288 -313  1
3797500 2746500 12  1  7   2.6 1001 323  1.3 7  4.3  92    0    0 281 -314  1
3797500 2746500 12  1  8   2.5 1001 326  0.7 7  4.2  92    0    0 281 -314  1
3797500 2746500 12  1  9   2.2 1001 297  0.6 6  4.2  92    0   14 273 -313  1
3797500 2746500 12  1 10   2.2 1002 276  0.9 4  4.2  92   20   65 256 -313  1
3797500 2746500 12  1 11   3.4 1003 257  0.9 2  4.2  89   49  104 237 -314  1
3797500 2746500 12  1 12   4.3 1003 283  0.7 1  4.1  82   94  122 226 -315  1
3797500 2746500 12  1 13   2.5 1003 247  2.3 4  4.1  84   43  130 236 -316  1
3797500 2746500 12  1 14   2.4 1004 240  1.7 4  4.1  90   43  115 249 -317  1
3797500 2746500 12  1 15   2.7 1004 236  1.6 3  4.0  88   65   79 243 -317  1
3797500 2746500 12  1 16   2.5 1004 220  1.6 6  4.0  87   19   35 255 -316  1
3797500 2746500 12  1 17   2.4 1004 238  1.2 5  3.9  86    0    0 262 -316  1
3797500 2746500 12  1 18   1.6 1004 218  1.3 3  3.8  87    0    0 246 -315  1
3797500 2746500 12  1 19   1.6 1005 207  1.5 4  3.8  89    0    0 241 -315  1
3797500 2746500 12  1 20   1.5 1005 190  1.2 4  3.8  88    0    0 247 -315  1
3797500 2746500 12  1 21   1.3 1005 182  1.6 5  3.7  88    0    0 250 -314  1
3797500 2746500 12  1 22   1.8 1005 172  1.8 6  3.7  87    0    0 259 -314  1
3797500 2746500 12  1 23   1.8 1005 181  1.9 7  3.8  87    0    0 269 -313  1
3797500 2746500 12  1 24   1.8 1006 190  1.7 7  3.9  88    0    0 273 -313  1
3797500 2746500 12  2  1   2.1 1006 208  2.3 7  3.9  88    0    0 273 -313  1
3797500 2746500 12  2  2   1.9 1006 217  3.1 8  3.9  88    0    0 278 -314  1
3797500 2746500 12  2  3   1.7 1006 208  2.7 8  3.9  90    0    0 283 -314  1
3797500 2746500 12  2  4   1.6 1006 209  2.8 8  4.0  92    0    0 281 -314  1
3797500 2746500 12  2  5   1.7 1006 210  2.6 7  4.0  94    0    0 277 -314  1
3797500 2746500 12  2  6   1.9 1006 210  2.3 8  4.1  95    0    0 276 -314  1
3797500 2746500 12  2  7   2.4 1006 215  2.9 7  4.2  95    0    0 278 -314  1
3797500 2746500 12  2  8   2.7 1006 227  2.7 7  4.4  95    0    0 274 -314  1
3797500 2746500 12  2  9   2.6 1006 216  2.8 8  4.4  95    0    9 279 -314  1
3797500 2746500 12  2 10   2.7 1006 216  3.1 8  4.4  95    0   35 285 -314  1
3797500 2746500 12  2 11   2.7 1007 209  2.9 8  4.4  95    0   62 286 -315  1
3797500 2746500 12  2 12   2.9 1007 210  2.9 8  4.4  94    0   60 288 -316  1
3797500 2746500 12  2 13   3.1 1006 200  2.8 7  4.3  92    7  120 282 -317  1
3797500 2746500 12  2 14   3.4 1006 210  2.9 7  4.3  88    7  104 277 -317  1
3797500 2746500 12  2 15   3.1 1006 211  3.0 7  4.1  86    7   77 276 -317  1
3797500 2746500 12  2 16   3.2 1005 201  3.7 8  4.0  84    2   25 280 -317  1
3797500 2746500 12  2 17   2.7 1005 211  3.0 8  4.0  84    0    0 283 -316  1
3797500 2746500 12  2 18   3.0 1005 200  3.0 8  3.9  83    0    0 280 -316  1
3797500 2746500 12  2 19   3.1 1004 198  3.5 8  3.9  82    0    0 279 -315  1
3797500 2746500 12  2 20   2.2 1004 190  5.0 8  4.0  85    0    0 277 -314  1
3797500 2746500 12  2 21   1.8 1003 180  3.7 7  4.0  91    0    0 271 -313  1
3797500 2746500 12  2 22   1.5 1003 193  3.8 7  4.0  93    0    0 268 -313  1
3797500 2746500 12  2 23   1.6 1002 207  3.9 8  4.0  94    0    0 272 -313  1
3797500 2746500 12  2 24   1.8 1002 204  3.9 8  4.1  93    0    0 278 -314  1
3797500 2746500 12  3  1   1.8 1002 213  3.4 8  4.1  94    0    0 278 -313  1
3797500 2746500 12  3  2   2.3 1001 238  3.9 8  4.2  94    0    0 280 -312  1
3797500 2746500 12  3  3   2.4 1000 229  3.8 8  4.3  94    0    0 281 -312  1
3797500 2746500 12  3  4   2.3 1000 217  3.1 8  4.3  94    0    0 281 -312  1
3797500 2746500 12  3  5   2.1 1000 216  3.5 8  4.3  96    0    0 282 -312  1
3797500 2746500 12  3  6   2.3 1000 244  3.8 7  4.3  96    0    0 278 -312  1
3797500 2746500 12  3  7   2.3 1000 250  3.5 7  4.3  96    0    0 274 -312  1
3797500 2746500 12  3  8   2.3 1000 252  3.4 7  4.4  96    0    0 276 -312  1
3797500 2746500 12  3  9   2.0 1001 238  3.3 7  4.4  97    0    4 277 -311  1
3797500 2746500 12  3 10   2.6 1001 248  3.4 8  4.4  96    4   43 281 -311  1
3797500 2746500 12  3 11   2.9 1002 246  3.6 4  4.5  95   58   79 270 -310  1
3797500 2746500 12  3 12   3.7 1002 244  4.0 4  4.5  92   28  104 252 -311  1
3797500 2746500 12  3 13   4.0 1002 258  3.3 7  4.5  89    0   67 268 -312  1
3797500 2746500 12  3 14   4.0 1002 273  3.5 8  4.6  89    0   32 287 -313  1
3797500 2746500 12  3 15   4.4 1003 276  2.5 7  4.6  89    0   39 286 -312  1
3797500 2746500 12  3 16   4.5 1003 257  2.7 7  4.6  86    0    6 278 -310  1
3797500 2746500 12  3 17   3.9 1004 260  2.1 7  4.5  86    0    0 274 -306  1
3797500 2746500 12  3 18   3.5 1005 252  2.4 7  4.4  88    0    0 270 -302  1
3797500 2746500 12  3 19   3.4 1005 257  2.5 7  4.3  89    0    0 268 -299  1
3797500 2746500 12  3 20   3.0 1006 213  1.9 7  4.3  90    0    0 268 -298  1
3797500 2746500 12  3 21   2.8 1006 297  2.0 8  4.3  92    0    0 272 -297  1
3797500 2746500 12  3 22   3.0 1007 276  1.2 8  4.4  93    0    0 276 -297  1
3797500 2746500 12  3 23   2.6 1008 259  1.3 8  4.4  94    0    0 277 -296  1
3797500 2746500 12  3 24   1.9 1008 231  1.1 7  4.3  96    0    0 272 -296  1
3797500 2746500 12  4  1   2.4 1008 231  1.0 8  4.3  96    0    0 273 -296  1
3797500 2746500 12  4  2   2.4 1009 239  1.5 8  4.3  96    0    0 279 -295  1
3797500 2746500 12  4  3   2.6 1009 221  1.7 8  4.3  95    0    0 282 -294  1
3797500 2746500 12  4  4   2.4 1009 211  1.8 7  4.4  96    0    0 280 -293  1
3797500 2746500 12  4  5   2.6 1009 219  2.1 7  4.3  94    0    0 279 -293  1
3797500 2746500 12  4  6   2.5 1008 215  2.8 7  4.1  90    0    0 280 -293  1
3797500 2746500 12  4  7   2.2 1008 212  2.6 6  3.9  86    0    0 277 -294  1
3797500 2746500 12  4  8   2.3 1008 210  2.8 6  3.6  81    0    0 274 -295  1
3797500 2746500 12  4  9   2.5 1008 170  2.4 7  3.5  77    0    6 279 -296  1
3797500 2746500 12  4 10   2.6 1007 174  4.0 7  3.5  76    2   44 284 -300  1
3797500 2746500 12  4 11   2.3 1006 199  3.8 7  3.5  76    0   52 284 -305  1
3797500 2746500 12  4 12   1.2 1006 173  3.8 7  3.6  84    1   81 284 -310  1
3797500 2746500 12  4 13   1.3 1004 171  4.6 7  3.8  92    0   75 285 -313  1
3797500 2746500 12  4 14   1.3 1003 169  5.0 7  4.0  95    0   54 289 -315  1
3797500 2746500 12  4 15   1.5 1001 181  4.9 7  4.1  96    0   29 292 -315  1
3797500 2746500 12  4 16   1.9  999 185  4.4 8  4.1  95    0   19 299 -316  1
3797500 2746500 12  4 17   2.4  998 212  3.9 8  4.3  95    0    0 307 -316  1
3797500 2746500 12  4 18   3.0  998 183  3.8 8  4.4  94    0    0 311 -316  1
3797500 2746500 12  4 19   3.0  997 186  3.6 8  4.5  94    0    0 314 -316  1
3797500 2746500 12  4 20   3.3  996 191  2.9 8  4.6  94    0    0 316 -316  1
3797500 2746500 12  4 21   4.2  996 199  2.8 7  4.8  94    0    0 316 -317  1
3797500 2746500 12  4 22   5.1  996 227  3.1 7  5.1  94    0    0 314 -318  1
3797500 2746500 12  4 23   5.4  995 239  3.8 7  5.3  94    0    0 314 -319  1
3797500 2746500 12  4 24   4.7  995 240  3.4 6  5.2  94    0    0 305 -320  1
3797500 2746500 12  5  1   4.2  995 234  3.1 5  5.0  94    0    0 286 -321  1
3797500 2746500 12  5  2   3.6  995 218  3.0 5  4.8  95    0    0 273 -321  1
3797500 2746500 12  5  3   4.0  994 229  3.0 6  4.7  94    0    0 273 -322  1
3797500 2746500 12  5  4   4.1  994 216  2.7 6  4.8  92    0    0 280 -324  1
3797500 2746500 12  5  5   3.8  993 219  2.7 6  4.7  92    0    0 279 -324  1
3797500 2746500 12  5  6   3.7  993 228  2.0 6  4.6  92    0    0 279 -324  1
3797500 2746500 12  5  7   3.4  992 220  2.8 6  4.6  92    0    0 275 -324  1
3797500 2746500 12  5  8   3.1  992 231  2.8 6  4.6  93    0    0 276 -323  1
3797500 2746500 12  5  9   3.2  991 230  3.3 5  4.6  94    0   10 270 -322  1
3797500 2746500 12  5 10   3.6  992 228  3.6 5  4.5  92   20   49 261 -322  1
3797500 2746500 12  5 11   4.2  992 229  3.6 5  4.6  91   48   84 263 -322  1
3797500 2746500 12  5 12   5.0  992 240  4.1 6  4.7  88   14  100 275 -324  1
3797500 2746500 12  5 13   5.5  991 231  5.0 7  4.7  84    0   65 295 -326  1
3797500 2746500 12  5 14   5.3  991 240  5.4 7  4.7  82    0   25 304 -328  1
3797500 2746500 12  5 15   5.1  990 241  6.1 7  4.7  83    0   21 305 -329  1
3797500 2746500 12  5 16   4.4  990 259  6.4 7  4.8  87    0   13 304 -328  1
3797500 2746500 12  5 17   4.5  990 260  5.0 7  4.8  90    0    0 302 -327  1
3797500 2746500 12  5 18   4.5  991 249  4.3 7  4.8  89    0    0 301 -324  1
3797500 2746500 12  5 19   4.4  991 254  4.1 7  4.7  88    0    0 301 -321  1
3797500 2746500 12  5 20   3.9  991 258  3.4 6  4.6  88    0    0 295 -319  1
3797500 2746500 12  5 21   3.2  992 262  2.4 6  4.5  89    0    0 287 -318  1
3797500 2746500 12  5 22   3.1  992 254  2.3 7  4.4  90    0    0 292 -318  1
3797500 2746500 12  5 23   3.1  993 261  2.2 6  4.4  90    0    0 292 -319  1
3797500 2746500 12  5 24   3.1  993 271  1.6 6  4.4  91    0    0 285 -320  1
3797500 2746500 12  6  1   2.8  993 253  2.0 8  4.4  93    0    0 297 -321  1
3797500 2746500 12  6  2   2.8  993 272  1.2 8  4.5  94    0    0 311 -321  1
3797500 2746500 12  6  3   2.8  994 271  1.3 7  4.5  94    0    0 305 -322  1
3797500 2746500 12  6  4   2.8  994 263  1.8 7  4.5  94    0    0 297 -323  1
3797500 2746500 12  6  5   2.4  994 253  1.8 7  4.5  96    0    0 296 -323  1
3797500 2746500 12  6  6   2.5  994 289  0.9 7  4.5  97    0    0 296 -323  1
3797500 2746500 12  6  7   2.6  994 299  1.5 8  4.4  94    0    0 304 -322  1
3797500 2746500 12  6  8   2.3  995 249  1.5 8  4.3  92    0    0 311 -321  1
3797500 2746500 12  6  9   1.8  995 349  1.5 8  4.2  94    0    8 310 -321  1
3797500 2746500 12  6 10   1.8  996 261  0.3 7  4.1  93    1   41 301 -321  1
3797500 2746500 12  6 11   1.9  996 351  0.1 6  3.9  88    8   89 287 -322  1
3797500 2746500 12  6 12   2.4  997 273  0.7 5  3.7  81   64  139 273 -323  1
3797500 2746500 12  6 13   3.0  997 310  0.7 5  3.3  71  101  142 267 -326  1
3797500 2746500 12  6 14   3.0  997 274  0.4 4  3.1  66   92  126 263 -326  1
3797500 2746500 12  6 15   2.9  997 236  0.8 4  3.3  70   58   93 257 -325  1
3797500 2746500 12  6 16   2.4  997 225  1.5 6  3.5  76   12   34 268 -325  1
3797500 2746500 12  6 17   2.2  996 237  1.9 6  3.6  80    0    0 278 -323  1
3797500 2746500 12  6 18   2.2  996 228  1.9 7  3.8  83    0    0 282 -320  1
3797500 2746500 12  6 19   2.2  997 236  2.6 6  3.8  85    0    0 282 -320  1
3797500 2746500 12  6 20   2.2  997 254  3.5 7  3.9  86    0    0 281 -319  1
3797500 2746500 12  6 21   2.0  997 256  3.7 7  3.9  86    0    0 286 -319  1
3797500 2746500 12  6 22   1.8  998 259  3.9 7  3.8  87    0    0 285 -318  1
3797500 2746500 12  6 23   1.5  998 249  4.0 6  3.9  89    0    0 278 -316  1
3797500 2746500 12  6 24   1.5  998 271  2.8 7  3.9  90    0    0 277 -316  1
3797500 2746500 12  7  1   0.7  998 282  2.7 4  3.7  89    0    0 264 -316  1
3797500 2746500 12  7  2   1.1  999 307  4.4 4  3.5  85    0    0 248 -316  1
3797500 2746500 12  7  3   0.7 1000 304  3.4 6  3.4  83    0    0 259 -316  1
3797500 2746500 12  7  4   0.5 1001 306  3.2 8  3.4  85    0    0 279 -316  1
3797500 2746500 12  7  5   0.3 1002 286  2.3 8  3.4  86    0    0 289 -316  1
3797500 2746500 12  7  6  -0.2 1003 288  2.2 7  3.4  88    0    0 282 -316  1
3797500 2746500 12  7  7   0.0 1004 271  1.2 6  3.3  88    0    0 270 -316  1
3797500 2746500 12  7  8  -0.5 1005 259  1.2 7  3.3  88    0    0 269 -316  1
3797500 2746500 12  7  9  -1.0 1006 253  1.5 6  3.2  90    0   12 267 -316  1
3797500 2746500 12  7 10  -0.6 1006 249  2.1 3  3.2  89   26   51 245 -316  1
3797500 2746500 12  7 11   0.0 1007 249  2.7 4  3.3  88   47   88 236 -316  1
3797500 2746500 12  7 12   0.4 1008 250  2.3 4  3.4  88   40  114 243 -318  1
3797500 2746500 12  7 13   0.8 1009 247  2.7 5  3.4  86   44  118 249 -322  1
3797500 2746500 12  7 14   1.9 1009 227  2.6 4  3.4  82   53  102 250 -324  1
3797500 2746500 12  7 15   1.8 1009 251  2.0 4  3.4  79   60   65 245 -324  1
3797500 2746500 12  7 16   1.8 1009 234  2.5 4  3.4  80   24   28 244 -323  1
3797500 2746500 12  7 17   0.8 1009 226  2.4 5  3.5  83    0    0 245 -321  1
3797500 2746500 12  7 18   0.9 1009 216  2.6 5  3.5  87    0    0 246 -319  1
3797500 2746500 12  7 19   1.2 1009 209  2.5 6  3.6  87    0    0 249 -317  1
3797500 2746500 12  7 20   1.6 1009 198  2.2 6  3.6  86    0    0 252 -316  1
3797500 2746500 12  7 21   1.6 1008 200  2.3 6  3.7  86    0    0 251 -316  1
3797500 2746500 12  7 22   1.4 1008 202  2.7 6  3.6  85    0    0 251 -316  1
3797500 2746500 12  7 23   1.4 1007 189  3.0 7  3.5  83    0    0 254 -316  1
3797500 2746500 12  7 24   1.0 1006 171  3.6 7  3.4  81    0    0 257 -316  1
3797500 2746500 12  8  1   0.7 1006 171  4.9 6  3.2  80    0    0 252 -316  1
3797500 2746500 12  8  2   0.5 1005 172  5.7 6  3.1  79    0    0 247 -314  1
3797500 2746500 12  8  3   0.6 1003 174  6.1 6  3.1  78    0    0 248 -312  1
3797500 2746500 12  8  4   0.4 1002 165  6.1 7  3.0  76    0    0 254 -311  1
3797500 2746500 12  8  5   0.6 1001 165  5.7 7  2.9  74    0    0 261 -311  1
3797500 2746500 12  8  6   0.5  999 164  7.6 8  2.9  73    0    0 267 -311  1
3797500 2746500 12  8  7   0.5  998 163  7.2 7  2.9  73    0    0 269 -311  1
3797500 2746500 12  8  8   0.5  997 160  6.0 7  2.9  72    0    0 265 -310  1
3797500 2746500 12  8  9  -0.5  996 159  4.9 7  3.0  78    0    8 266 -309  1
3797500 2746500 12  8 10  -1.2  996 150  6.0 5  3.2  89    3   47 256 -308  1
3797500 2746500 12  8 11  -0.8  996 141  6.5 5  3.3  93    1   66 247 -309  1
3797500 2746500 12  8 12  -0.5  995 162  6.2 6  3.3  89    0   59 254 -312  1
3797500 2746500 12  8 13  -0.8  994 151  6.2 8  3.3  89    0   54 269 -314  1
3797500 2746500 12  8 14  -0.5  994 143  5.7 7  3.4  91    0   44 275 -315  1
3797500 2746500 12  8 15  -0.4  994 135  5.2 5  3.4  90    3   60 260 -316  1
3797500 2746500 12  8 16  -0.5  994 121  5.7 8  3.3  89    2   25 266 -315  1
3797500 2746500 12  8 17  -0.7  995 130  4.6 8  3.3  90    0    0 282 -313  1
3797500 2746500 12  8 18  -0.5  996 120  4.2 8  3.3  89    0    0 282 -309  1
3797500 2746500 12  8 19  -0.4  997 116  3.8 7  3.2  87    0    0 279 -307  1
3797500 2746500 12  8 20  -0.9  998 121  3.3 8  3.1  85    0    0 276 -304  1
3797500 2746500 12  8 21  -1.2  999 115  3.3 7  3.0  84    0    0 271 -303  1
3797500 2746500 12  8 22  -1.5 1000  74  2.8 7  2.9  83    0    0 264 -302  1
3797500 2746500 12  8 23  -2.3 1002  80  2.5 6  2.8  84    0    0 258 -303  1
3797500 2746500 12  8 24  -2.6 1003  80  2.1 5  2.7  86    0    0 248 -303  1
3797500 2746500 12  9  1  -3.9 1004  19  2.1 3  2.6  87    0    0 232 -302  1
3797500 2746500 12  9  2  -4.1 1005  30  2.0 1  2.5  87    0    0 210 -302  1
3797500 2746500 12  9  3  -5.8 1007  21  2.0 1  2.4  91    0    0 198 -303  1
3797500 2746500 12  9  4  -5.9 1008  58  1.7 1  2.4  97    0    0 196 -305  1
3797500 2746500 12  9  5  -5.6 1009  62  1.6 1  2.4  96    0    0 196 -306  1
3797500 2746500 12  9  6  -6.7 1009 113  1.6 0  2.3  95    0    0 190 -306  1
3797500 2746500 12  9  7  -7.4 1010 118  1.7 0  2.2  97    0    0 183 -305  1
3797500 2746500 12  9  8  -5.5 1011  90  2.1 0  2.2  95    0    0 185 -304  1
3797500 2746500 12  9  9  -5.7 1012 154  0.7 3  2.3  92    0    9 200 -304  1
3797500 2746500 12  9 10  -4.5 1013 189  0.7 4  2.3  90   21   51 217 -305  1
3797500 2746500 12  9 11  -3.2 1015 269  1.0 3  2.4  86   82   79 220 -307  1
3797500 2746500 12  9 12  -2.4 1016 259  1.6 1  2.6  85  106   98 209 -311  1
3797500 2746500 12  9 13  -1.6 1016 251  1.6 0  2.7  84  110  102 198 -313  1
3797500 2746500 12  9 14  -1.1 1016 236  1.2 0  2.7  80  104   87 197 -314  1
3797500 2746500 12  9 15  -1.2 1016 242  1.6 0  2.7  78   77   62 200 -314  1
3797500 2746500 12  9 16  -1.9 1017 212  2.4 3  2.7  81   21   27 215 -312  1
3797500 2746500 12  9 17  -2.7 1017 195  1.9 6  2.7  86    0    0 239 -309  1
3797500 2746500 12  9 18  -3.5 1018 205  2.5 6  2.7  90    0    0 245 -305  1
3797500 2746500 12  9 19  -2.7 1018 220  2.7 4  2.7  90    0    0 234 -303  1
3797500 2746500 12  9 20  -3.0 1019 206  2.9 4  2.7  88    0    0 226 -302  1
3797500 2746500 12  9 21  -2.9 1019 210  3.1 6  2.7  88    0    0 232 -301  1
3797500 2746500 12  9 22  -1.9 1019 207  3.5 6  2.7  86    0    0 240 -301  1
3797500 2746500 12  9 23  -1.6 1018 200  3.7 6  2.7  82    0    0 243 -300  1
3797500 2746500 12  9 24  -2.3 1018 212  4.1 6  2.8  85    0    0 245 -300  1
3797500 2746500 12 10  1  -1.5 1018 211  4.0 8  2.8  87    0    0 254 -301  1
3797500 2746500 12 10  2  -1.3 1017 213  4.0 8  2.9  85    0    0 265 -302  1
3797500 2746500 12 10  3  -1.2 1016 215  4.1 6  2.9  85    0    0 261 -304  1
3797500 2746500 12 10  4  -1.4 1016 213  4.1 7  2.9  85    0    0 260 -305  1
3797500 2746500 12 10  5  -1.5 1015 212  4.8 8  3.0  89    0    0 271 -306  1
3797500 2746500 12 10  6  -1.1 1014 212  5.0 8  3.2  93    0    0 279 -307  1
3797500 2746500 12 10  7  -0.3 1012 212  4.8 7  3.4  94    0    0 279 -308  1
3797500 2746500 12 10  8   0.4 1011 212  4.7 8  3.6  95    0    0 284 -309  1
3797500 2746500 12 10  9   1.1 1010 214  4.0 5  3.8  96    0    0 281 -310  1
3797500 2746500 12 10 10   1.8 1009 224  4.9 8  4.1  96    0   19 285 -311  1
3797500 2746500 12 10 11   2.4 1008 231  4.6 7  4.2  96    0   48 297 -313  1
3797500 2746500 12 10 12   2.6 1007 229  4.4 7  4.4  96    0   52 297 -314  1
3797500 2746500 12 10 13   3.1 1006 238  5.2 8  4.6  98    0   30 305 -315  1
3797500 2746500 12 10 14   3.4 1004 239  5.0 8  4.7  98    0   25 315 -316  1
3797500 2746500 12 10 15   3.7 1004 238  5.0 8  4.8  97    0   21 318 -316  1
3797500 2746500 12 10 16   4.1 1003 238  4.8 8  4.9  97    0    5 320 -316  1
3797500 2746500 12 10 17   4.4 1002 229  4.5 8  5.0  96    0    0 322 -317  1
3797500 2746500 12 10 18   3.8 1001 252  3.8 7  4.9  95    0    0 317 -319  1
3797500 2746500 12 10 19   4.2 1001 287  4.3 7  4.8  94    0    0 312 -320  1
3797500 2746500 12 10 20   4.0 1000 220  3.9 7  4.8  94    0    0 311 -320  1
3797500 2746500 12 10 21   3.9 1000 229  4.1 6  4.7  92    0    0 306 -320  1
3797500 2746500 12 10 22   4.2  999 256  5.1 6  4.7  91    0    0 301 -320  1
3797500 2746500 12 10 23   3.4  999 251  4.8 7  4.5  90    0    0 305 -321  1
3797500 2746500 12 10 24   3.4  999 238  5.1 6  4.4  89    0    0 303 -322  1
3797500 2746500 12 11  1   3.6  998 240  5.9 7  4.4  89    0    0 302 -323  1
3797500 2746500 12 11  2   4.0  998 251  6.1 8  4.5  89    0    0 315 -324  1
3797500 2746500 12 11  3   4.3  998 260  4.4 8  4.6  90    0    0 322 -323  1
3797500 2746500 12 11  4   4.3  998 280  3.6 8  4.7  90    0    0 322 -323  1
3797500 2746500 12 11  5   4.0  998 269  2.7 8  4.7  90    0    0 323 -323  1
3797500 2746500 12 11  6   3.9  999 260  2.6 8  4.6  89    0    0 322 -323  1
3797500 2746500 12 11  7   3.8  999 290  2.4 7  4.4  87    0    0 315 -323  1
3797500 2746500 12 11  8   3.4  999 291  3.0 7  4.3  86    0    0 309 -323  1
3797500 2746500 12 11  9   3.3 1000 298  2.8 8  4.2  86    0    7 312 -323  1
3797500 2746500 12 11 10   3.0 1001 296  3.7 7  4.1  86    0   31 311 -322  1
3797500 2746500 12 11 11   2.8 1002 305  3.9 7  4.2  89    0   35 304 -322  1
3797500 2746500 12 11 12   2.9 1003 324  4.1 7  4.3  91    0   39 303 -323  1
3797500 2746500 12 11 13   3.2 1004 323  3.8 8  4.4  91    0   37 309 -324  1
3797500 2746500 12 11 14   2.4 1004 358  4.1 8  4.3  92    0   31 314 -325  1
3797500 2746500 12 11 15   2.1 1005 348  4.1 7  4.1  92    0   28 307 -325  1
3797500 2746500 12 11 16   1.3 1006 333  5.0 8  3.9  90    0   11 305 -324  1
3797500 2746500 12 11 17   1.4 1007 352  4.3 8  3.5  83    0    0 307 -323  1
3797500 2746500 12 11 18   1.2 1009 340  3.7 8  3.2  77    0    0 305 -323  1
3797500 2746500 12 11 19   0.9 1010 349  3.9 7  3.2  78    0    0 297 -323  1
3797500 2746500 12 11 20   1.1 1010 330  4.1 8  3.2  79    0    0 296 -322  1
3797500 2746500 12 11 21   0.9 1011 330  3.7 8  3.3  81    0    0 302 -321  1
3797500 2746500 12 11 22   0.9 1012 335  3.8 8  3.3  82    0    0 301 -319  1
3797500 2746500 12 11 23   0.6 1012 327  3.7 7  3.3  83    0    0 294 -318  1
3797500 2746500 12 11 24   0.3 1013 335  3.2 7  3.3  84    0    0 286 -317  1
3797500 2746500 12 12  1   0.3 1013 330  4.0 8  3.3  86    0    0 290 -317  1
3797500 2746500 12 12  2   0.3 1013 329  4.6 8  3.4  87    0    0 296 -316  1
3797500 2746500 12 12  3   0.2 1014 342  3.6 8  3.4  88    0    0 296 -316  1
3797500 2746500 12 12  4   0.1 1014 341  3.4 8  3.4  90    0    0 295 -316  1
3797500 2746500 12 12  5   0.0 1015   1  3.7 8  3.5  93    0    0 294 -316  1
3797500 2746500 12 12  6   0.0 1015 353  2.9 8  3.6  95    0    0 292 -316  1
3797500 2746500 12 12  7   0.2 1016   5  2.0 7  3.6  95    0    0 287 -314  1
3797500 2746500 12 12  8   0.3 1017 356  2.2 8  3.7  95    0    0 286 -312  1
3797500 2746500 12 12  9   0.0 1018  14  3.7 7  3.6  94    0    4 286 -312  1
3797500 2746500 12 12 10  -0.8 1018   3  3.5 4  3.2  88   24   44 262 -312  1
3797500 2746500 12 12 11  -0.4 1019  12  2.5 2  3.0  83   85   71 235 -313  1
3797500 2746500 12 12 12   0.2 1019  17  4.1 3  2.9  78   61  105 232 -314  1
3797500 2746500 12 12 13   0.0 1020   4  3.3 4  2.8  74   25  107 243 -314  1
3797500 2746500 12 12 14  -0.4 1019 354  3.1 4  2.7  73   37   95 246 -315  1
3797500 2746500 12 12 15   0.0 1020 342  2.2 2  2.6  71   76   58 235 -314  1
3797500 2746500 12 12 16  -0.3 1020 295  0.8 3  2.6  70   23   26 231 -313  1
3797500 2746500 12 12 17  -1.1 1020 298  1.0 3  2.6  73    0    0 235 -312  1
3797500 2746500 12 12 18  -0.6 1020 279  0.7 4  2.7  76    0    0 241 -311  1
3797500 2746500 12 12 19  -0.9 1020 249  0.7 7  2.8  78    0    0 260 -311  1
3797500 2746500 12 12 20  -0.6 1020 241  1.7 8  2.8  78    0    0 279 -310  1
3797500 2746500 12 12 21  -0.3 1020 241  1.9 8  2.8  78    0    0 285 -309  1
3797500 2746500 12 12 22  -0.1 1019 240  2.0 7  2.9  79    0    0 282 -309  1
3797500 2746500 12 12 23   0.0 1019 231  2.6 8  3.0  80    0    0 284 -309  1
3797500 2746500 12 12 24   0.0 1019 231  2.0 8  3.0  80    0    0 290 -309  1
3797500 2746500 12 13  1   0.0 1019 231  2.9 6  3.0  80    0    0 282 -309  1
3797500 2746500 12 13  2  -0.4 1018 221  3.3 6  3.0  80    0    0 273 -309  1
3797500 2746500 12 13  3  -0.8 1018 230  3.3 6  3.0  82    0    0 273 -309  1
3797500 2746500 12 13  4  -0.4 1017 221  3.4 7  3.0  83    0    0 278 -308  1
3797500 2746500 12 13  5   0.0 1017 229  3.4 7  3.0  81    0    0 283 -306  1
3797500 2746500 12 13  6  -0.3 1016 219  3.9 6  3.1  83    0    0 277 -303  1
3797500 2746500 12 13  7  -0.6 1015 218  3.9 8  3.2  86    0    0 281 -301  1
3797500 2746500 12 13  8  -0.2 1015 217  4.1 8  3.1  85    0    0 289 -299  1
3797500 2746500 12 13  9  -0.1 1015 216  4.1 8  3.1  82    0    2 287 -298  1
3797500 2746500 12 13 10  -0.6 1015 216  4.2 7  3.1  85    3   36 281 -299  1
3797500 2746500 12 13 11  -0.5 1015 218  3.9 7  3.2  89    0   47 276 -301  1
3797500 2746500 12 13 12   0.1 1015 218  3.2 7  3.3  88    0   51 277 -305  1
3797500 2746500 12 13 13   0.5 1014 226  3.2 8  3.3  86    0   38 282 -308  1
3797500 2746500 12 13 14   0.9 1014 226  3.1 7  3.3  84    0   49 281 -310  1
3797500 2746500 12 13 15   1.3 1013 208  2.6 7  3.3  81   10   65 275 -311  1
3797500 2746500 12 13 16   0.8 1013 227  2.5 7  3.3  81    7   29 272 -311  1
3797500 2746500 12 13 17   0.2 1013 215  2.8 6  3.2  81    0    0 264 -310  1
3797500 2746500 12 13 18  -0.4 1013 218  2.9 5  3.0  80    0    0 252 -309  1
3797500 2746500 12 13 19  -1.2 1012 203  2.2 6  2.8  80    0    0 247 -308  1
3797500 2746500 12 13 20  -1.2 1012 172  2.0 7  2.7  78    0    0 253 -308  1
3797500 2746500 12 13 21  -0.8 1012 182  2.1 7  2.7  76    0    0 254 -308  1
3797500 2746500 12 13 22  -0.1 1012 184  2.1 7  2.7  75    0    0 254 -308  1
3797500 2746500 12 13 23  -0.6 1012 184  2.4 7  2.8  76    0    0 252 -307  1
3797500 2746500 12 13 24  -1.0 1011 183  2.4 6  2.8  78    0    0 246 -305  1
3797500 2746500 12 14  1  -1.5 1011 182  1.9 6  2.7  78    0    0 240 -304  1
3797500 2746500 12 14  2  -1.4 1011 179  1.9 7  2.7  78    0    0 243 -304  1
3797500 2746500 12 14  3  -1.6 1010 150  1.9 7  2.7  78    0    0 247 -305  1
3797500 2746500 12 14  4  -1.7 1009 131  1.4 6  2.7  79    0    0 244 -307  1
3797500 2746500 12 14  5  -1.8 1008 111  1.6 6  2.7  80    0    0 240 -308  1
3797500 2746500 12 14  6  -1.5 1008 112  2.6 7  2.6  77    0    0 244 -308  1
3797500 2746500 12 14  7  -1.3 1007 112  2.5 8  2.5  73    0    0 253 -306  1
3797500 2746500 12 14  8  -0.9 1006 135  3.0 8  2.3  65    0    0 257 -305  1
3797500 2746500 12 14  9  -1.1 1006 150  3.8 8  2.1  59    0    5 258 -303  1
3797500 2746500 12 14 10  -0.8 1005 158  4.0 6  2.0  58   28   23 253 -303  1
3797500 2746500 12 14 11  -0.9 1005 155  3.1 6  2.1  59   40   65 247 -304  1
3797500 2746500 12 14 12  -0.3 1005 154  3.5 7  2.2  60   23   86 253 -306  1
3797500 2746500 12 14 13  -0.3 1004 152  3.2 8  2.3  62   21   90 262 -308  1
3797500 2746500 12 14 14   0.0 1003 162  2.9 8  2.4  63   15   76 268 -309  1
3797500 2746500 12 14 15   0.1 1002 159  3.2 8  2.5  65    1   46 271 -309  1
3797500 2746500 12 14 16   0.1 1002 160  2.8 8  2.6  68    0   12 274 -308  1
3797500 2746500 12 14 17   0.0 1002 149  3.0 8  2.7  69    0    0 276 -306  1
3797500 2746500 12 14 18   0.3 1001 149  2.8 8  2.7  68    0    0 278 -304  1
3797500 2746500 12 14 19   0.1 1001 154  2.6 7  2.7  69    0    0 277 -303  1
3797500 2746500 12 14 20   0.3 1001 157  3.3 7  2.7  70    0    0 276 -302  1
3797500 2746500 12 14 21   0.6 1001 171  3.2 7  2.9  72    0    0 280 -302  1
3797500 2746500 12 14 22   0.7 1000 165  2.9 7  3.0  75    0    0 283 -301  1
3797500 2746500 12 14 23   1.2 1000 168  2.1 7  3.2  78    0    0 285 -300  1
3797500 2746500 12 14 24   1.3 1000 160  1.9 7  3.4  81    0    0 287 -299  1
3797500 2746500 12 15  1   1.4 1000 164  1.9 8  3.5  84    0    0 292 -300  1
3797500 2746500 12 15  2   1.3 1000 165  2.1 8  3.6  86    0    0 297 -302  1
3797500 2746500 12 15  3   1.6  999 153  2.9 8  3.7  88    0    0 297 -305  1
3797500 2746500 12 15  4   1.9  999 159  3.0 8  3.8  88    0    0 297 -306  1
3797500 2746500 12 15  5   2.3  998 161  3.1 8  3.9  87    0    0 298 -308  1
3797500 2746500 12 15  6   2.2  998 152  2.9 8  4.0  87    0    0 298 -313  1
3797500 2746500 12 15  7   2.5  998 164  3.4 8  4.0  88    0    0 298 -317  1
3797500 2746500 12 15  8   2.6  998 164  4.1 8  4.1  88    0    0 299 -319  1
3797500 2746500 12 15  9   3.3  997 140  3.3 8  4.2  88    0    1 300 -319  1
3797500 2746500 12 15 10   3.3  996 140  2.8 7  4.2  87    1   32 295 -319  1
3797500 2746500 12 15 11   3.6  996 150  3.8 5  4.3  86   22  101 281 -321  1
3797500 2746500 12 15 12   3.7  995 151  5.1 5  4.3  87   19  121 272 -324  1
3797500 2746500 12 15 13   5.0  994 161  5.9 6  4.5  85    4  100 280 -326  1
3797500 2746500 12 15 14   5.6  993 151  6.9 7  4.6  81    3   80 295 -328  1
3797500 2746500 12 15 15   5.6  991 148  5.8 7  4.6  79    0   46 303 -330  1
3797500 2746500 12 15 16   6.3  989 159  6.2 7  4.6  78    1   19 307 -329  1
3797500 2746500 12 15 17   5.8  988 160  7.0 7  4.8  81    0    0 310 -329  1
3797500 2746500 12 15 18   5.5  987 162  7.3 7  5.1  88    0    0 312 -330  1
3797500 2746500 12 15 19   6.0  986 162  8.0 8  5.3  90    0    0 320 -331  1
3797500 2746500 12 15 20   6.3  984 171  7.3 8  5.4  90    0    0 330 -332  1
3797500 2746500 12 15 21   6.9  984 162  7.0 8  5.6  90    0    0 333 -332  1
3797500 2746500 12 15 22   7.1  983 172  6.0 8  5.8  90    0    0 335 -332  1
3797500 2746500 12 15 23   7.5  984 173  4.2 8  6.0  91    0    0 337 -332  1
3797500 2746500 12 15 24   8.0  984 172  4.0 7  6.1  90    0    0 329 -332  1
3797500 2746500 12 16  1   7.6  985 174  3.3 7  6.1  90    0    0 312 -332  1
3797500 2746500 12 16  2   8.2  985 194  2.5 6  6.0  88    0    0 287 -333  1
3797500 2746500 12 16  3   8.1  986 185  2.4 7  6.0  87    0    0 288 -334  1
3797500 2746500 12 16  4   8.2  986 195  2.6 8  5.9  86    0    0 331 -335  1
3797500 2746500 12 16  5   8.3  987 198  2.9 8  6.0  85    0    0 344 -335  1
3797500 2746500 12 16  6   7.6  987 208  3.1 7  6.0  88    0    0 337 -335  1
3797500 2746500 12 16  7   7.8  988 206  4.0 7  6.0  89    0    0 331 -337  1
3797500 2746500 12 16  8   7.6  989 217  3.6 6  5.8  86    0    0 324 -337  1
3797500 2746500 12 16  9   7.3  989 216  3.3 6  5.6  85    0    7 317 -337  1
3797500 2746500 12 16 10   7.4  991 216  3.4 6  5.5  85    2   33 316 -338  1
3797500 2746500 12 16 11   8.0  992 215  3.8 7  5.6  83    0   42 323 -340  1
3797500 2746500 12 16 12   8.2  993 204  3.3 7  5.6  81    0   72 330 -341  1
3797500 2746500 12 16 13   9.1  993 224  4.2 5  5.6  79   24  114 320 -342  1
3797500 2746500 12 16 14   9.7  993 223  4.4 6  5.7  77   30  103 317 -343  1
3797500 2746500 12 16 15   9.6  993 223  3.9 7  5.7  75   18   68 331 -344  1
3797500 2746500 12 16 16   9.4  993 214  3.7 7  5.6  75   12   30 336 -344  1
3797500 2746500 12 16 17   9.0  994 214  3.0 7  5.6  75    0    0 334 -344  1
3797500 2746500 12 16 18   8.8  995 185  2.8 7  5.6  77    0    0 333 -344  1
3797500 2746500 12 16 19   8.7  995 182  3.0 7  5.6  78    0    0 332 -344  1
3797500 2746500 12 16 20   8.5  995 164  3.6 7  5.5  78    0    0 330 -343  1
3797500 2746500 12 16 21   8.6  995 176  4.0 7  5.5  78    0    0 330 -343  1
3797500 2746500 12 16 22   8.4  995 182  3.5 7  5.5  79    0    0 330 -343  1
3797500 2746500 12 16 23   8.4  995 182  3.3 7  5.6  80    0    0 331 -343  1
3797500 2746500 12 16 24   8.7  995 160  4.6 7  5.7  80    0    0 331 -344  1
3797500 2746500 12 17  1   7.8  995 185  3.8 7  5.8  84    0    0 331 -344  1
3797500 2746500 12 17  2   6.9  995 172  3.1 7  5.9  90    0    0 329 -344  1
3797500 2746500 12 17  3   7.3  995 211  3.5 8  5.8  91    0    0 334 -344  1
3797500 2746500 12 17  4   6.9  995 212  3.5 7  5.8  90    0    0 334 -345  1
3797500 2746500 12 17  5   7.2  995 211  3.0 7  5.7  90    0    0 328 -346  1
3797500 2746500 12 17  6   7.0  995 219  4.4 8  5.8  90    0    0 335 -347  1
3797500 2746500 12 17  7   6.9  996 229  3.4 7  5.8  91    0    0 334 -348  1
3797500 2746500 12 17  8   6.9  996 217  3.8 7  5.8  92    0    0 328 -348  1
3797500 2746500 12 17  9   7.1  997 227  3.7 8  5.8  91    0    1 334 -347  1
3797500 2746500 12 17 10   7.2  997 222  3.1 8  5.7  90    3   37 340 -347  1
3797500 2746500 12 17 11   7.5  997 212  3.6 8  5.7  88    0   38 340 -347  1
3797500 2746500 12 17 12   7.7  998 225  2.3 8  5.8  87    0   61 340 -347  1
3797500 2746500 12 17 13   7.5  998 210  3.1 7  5.9  89    0   82 335 -347  1
3797500 2746500 12 17 14   8.1  997 219  3.2 5  5.9  88    5   93 317 -348  1
3797500 2746500 12 17 15   7.6  997 225  2.4 5  5.9  87   11   75 305 -349  1
3797500 2746500 12 17 16   7.2  997 237  3.0 8  5.8  90    2   25 324 -348  1
3797500 2746500 12 17 17   7.1  997 170  1.7 7  5.8  91    0    0 335 -347  1
3797500 2746500 12 17 18   7.2  997 212  3.1 8  5.9  92    0    0 334 -346  1
3797500 2746500 12 17 19   7.3  998 218  3.4 8  5.9  91    0    0 339 -346  1
3797500 2746500 12 17 20   7.2  998 224  2.9 8  5.8  90    0    0 339 -346  1
3797500 2746500 12 17 21   7.1  998 214  2.3 8  5.8  91    0    0 340 -346  1
3797500 2746500 12 17 22   7.0  998 210  2.0 8  5.8  91    0    0 340 -345  1
3797500 2746500 12 17 23   6.8  998 213  1.6 8  5.7  91    0    0 339 -344  1
3797500 2746500 12 17 24   6.4  998 204  1.7 7  5.7  93    0    0 328 -343  1
3797500 2746500 12 18  1   6.4  998 202  2.5 8  5.6  92    0    0 328 -343  1
3797500 2746500 12 18  2   6.4  997 159  1.5 7  5.4  90    0    0 329 -343  1
3797500 2746500 12 18  3   6.4  997 187  1.5 8  5.4  89    0    0 329 -343  1
3797500 2746500 12 18  4   5.9  997 165  1.2 8  5.5  92    0    0 336 -343  1
3797500 2746500 12 18  5   5.8  997 178  2.0 8  5.6  95    0    0 336 -344  1
3797500 2746500 12 18  6   5.9  997 186  1.6 8  5.7  97    0    0 336 -344  1
3797500 2746500 12 18  7   6.1  997 170  1.2 7  5.7  96    0    0 327 -344  1
3797500 2746500 12 18  8   6.1  997 195  1.6 7  5.6  95    0    0 321 -344  1
3797500 2746500 12 18  9   6.4  997 169  1.5 7  5.6  94    0    0 323 -345  1
3797500 2746500 12 18 10   6.5  997 183  2.2 8  5.6  92    0   18 331 -346  1
3797500 2746500 12 18 11   6.9  997 183  2.4 8  5.7  91    0   28 337 -347  1
3797500 2746500 12 18 12   7.2  997 203  1.8 7  5.8  90    2   89 330 -347  1
3797500 2746500 12 18 13   7.5  997 195  2.4 8  5.8  90    0   79 329 -348  1
3797500 2746500 12 18 14   7.4  997 169  1.6 8  5.8  89    1   75 337 -349  1
3797500 2746500 12 18 15   7.3  997 167  2.4 7  5.8  90    0   46 328 -350  1
3797500 2746500 12 18 16   7.2  996 180  2.9 7  5.9  91    1   21 320 -349  1
3797500 2746500 12 18 17   7.4  996 223  3.8 7  5.9  91    0    0 318 -348  1
3797500 2746500 12 18 18   7.3  997 244  2.7 8  5.9  91    0    0 323 -348  1
3797500 2746500 12 18 19   7.2  997 240  2.6 7  6.0  93    0    0 324 -348  1
3797500 2746500 12 18 20   6.4  998 228  2.3 7  5.9  94    0    0 317 -348  1
3797500 2746500 12 18 21   6.7  998 241  2.5 7  5.6  92    0    0 317 -347  1
3797500 2746500 12 18 22   6.9  998 237  2.4 7  5.6  90    0    0 318 -345  1
3797500 2746500 12 18 23   6.8  999 232  1.9 7  5.6  90    0    0 318 -344  1
3797500 2746500 12 18 24   6.9 1000 239  2.0 7  5.6  90    0    0 319 -344  1
3797500 2746500 12 19  1   6.7 1000 239  2.6 7  5.6  90    0    0 320 -343  1
3797500 2746500 12 19  2   6.5 1001 248  2.1 8  5.6  90    0    0 326 -343  1
3797500 2746500 12 19  3   6.5 1001 233  2.5 8  5.5  90    0    0 332 -342  1
3797500 2746500 12 19  4   6.0 1001 228  2.2 8  5.3  89    0    0 332 -342  1
3797500 2746500 12 19  5   5.8 1002 227  1.9 8  5.2  89    0    0 331 -341  1
3797500 2746500 12 19  6   5.4 1002 230  1.8 8  5.1  90    0    0 330 -340  1
3797500 2746500 12 19  7   4.5 1003 232  0.5 8  5.0  91    0    0 328 -340  1
3797500 2746500 12 19  8   5.8 1003 202  1.4 8  5.0  90    0    0 328 -340  1
3797500 2746500 12 19  9   5.2 1004 206  1.9 8  5.1  90    0    0 330 -340  1
3797500 2746500 12 19 10   5.9 1004 190  1.3 7  5.2  91    0   19 324 -340  1
3797500 2746500 12 19 11   6.0 1005 217  2.2 7  5.3  90    0   50 319 -341  1
3797500 2746500 12 19 12   6.2 1006 207  1.9 7  5.3  90    0   50 320 -341  1
3797500 2746500 12 19 13   5.7 1006 211  1.2 8  5.3  91    0   41 325 -342  1
3797500 2746500 12 19 14   5.8 1006 230  1.7 8  5.3  92    0   37 329 -344  1
3797500 2746500 12 19 15   5.9 1007 238  1.6 8  5.4  92    0   22 329 -345  1
3797500 2746500 12 19 16   5.7 1007 239  1.2 8  5.4  93    0    5 329 -344  1
3797500 2746500 12 19 17   5.8 1008 232  1.3 7  5.3  93    0    0 324 -343  1
3797500 2746500 12 19 18   5.7 1009 232  0.9 8  5.3  93    0    0 323 -342  1
3797500 2746500 12 19 19   5.8 1009 261  0.6 8  5.3  93    0    0 327 -342  1
3797500 2746500 12 19 20   5.7 1010 250  0.4 8  5.4  93    0    0 326 -342  1
3797500 2746500 12 19 21   5.7 1011 240  0.4 8  5.4  94    0    0 326 -342  1
3797500 2746500 12 19 22   5.7 1011 252  0.7 7  5.4  94    0    0 321 -342  1
3797500 2746500 12 19 23   5.4 1012 260  0.3 8  5.4  95    0    0 321 -341  1
3797500 2746500 12 19 24   5.2 1012 213  1.0 6  5.3  95    0    0 313 -341  1
3797500 2746500 12 20  1   5.3 1013 213  0.6 6  5.3  96    0    0 298 -341  1
3797500 2746500 12 20  2   5.2 1013 220  0.6 6  5.4  97    0    0 294 -341  1
3797500 2746500 12 20  3   5.3 1014 251  1.0 7  5.4  97    0    0 299 -341  1
3797500 2746500 12 20  4   5.1 1014 269  0.9 6  5.3  96    0    0 298 -341  1
3797500 2746500 12 20  5   4.9 1014 215  1.2 8  5.3  97    0    0 305 -340  1
3797500 2746500 12 20  6   5.0 1014 179  0.7 8  5.3  98    0    0 318 -340  1
3797500 2746500 12 20  7   5.0 1015 182  0.8 8  5.3  97    0    0 318 -341  1
3797500 2746500 12 20  8   5.2 1015 189  0.8 6  5.3  97    0    0 306 -341  1
3797500 2746500 12 20  9   5.0 1016 185  0.5 8  5.2  96    0    1 306 -339  1
3797500 2746500 12 20 10   5.2 1016 183  0.5 8  5.2  96    0   22 318 -337  1
3797500 2746500 12 20 11   5.9 1016 155  1.3 8  5.3  95    0   30 320 -336  1
3797500 2746500 12 20 12   5.9 1017 176  1.0 8  5.4  94    0   30 320 -339  1
3797500 2746500 12 20 13   5.7 1017 160  1.3 7  5.4  94    0   44 311 -343  1
3797500 2746500 12 20 14   5.9 1017 158  0.8 7  5.3  93    0   50 303 -345  1
3797500 2746500 12 20 15   5.8 1016 159  0.7 8  5.2  91    0   38 310 -344  1
3797500 2746500 12 20 16   5.7 1016 115  0.7 8  5.3  93    5   30 318 -342  1
3797500 2746500 12 20 17   5.5 1017 104  0.8 8  5.3  94    0    0 318 -338  1
3797500 2746500 12 20 18   5.4 1017  97  1.1 8  5.1  92    0    0 317 -336  1
3797500 2746500 12 20 19   4.8 1017 118  1.1 6  5.0  92    0    0 303 -336  1
3797500 2746500 12 20 20   4.7 1016 121  1.2 7  4.9  93    0    0 295 -336  1
3797500 2746500 12 20 21   4.9 1016 146  1.2 5  4.8  91    0    0 292 -336  1
3797500 2746500 12 20 22   4.1 1017 122  1.4 4  4.6  88    0    0 276 -336  1
3797500 2746500 12 20 23   4.1 1016 125  1.5 4  4.5  89    0    0 272 -337  1
3797500 2746500 12 20 24   4.9 1016 129  2.1 5  4.5  86    0    0 282 -337  1
3797500 2746500 12 21  1   4.4 1016 119  2.4 5  4.3  82    0    0 289 -337  1
3797500 2746500 12 21  2   3.7 1015 111  2.2 3  4.2  82    0    0 278 -338  1
3797500 2746500 12 21  3   3.8 1014 112  2.4 2  4.1  84    0    0 268 -339  1
3797500 2746500 12 21  4   3.4 1014 102  2.2 2  4.2  85    0    0 268 -339  1
3797500 2746500 12 21  5   3.1 1013 102  3.0 2  4.1  86    0    0 268 -339  1
3797500 2746500 12 21  6   3.2 1012 101  3.7 2  4.0  84    0    0 267 -340  1
3797500 2746500 12 21  7   3.0 1012 102  3.3 2  4.0  84    0    0 263 -341  1
3797500 2746500 12 21  8   2.8 1011 103  3.2 4  3.9  84    0    0 269 -342  1
3797500 2746500 12 21  9   2.8 1011 102  3.8 7  3.8  83    0    4 296 -343  1
3797500 2746500 12 21 10   2.8 1010 102  3.9 7  3.7  81    8   38 313 -343  1
3797500 2746500 12 21 11   3.5 1009 102  4.0 6  3.7  78   24  101 308 -344  1
3797500 2746500 12 21 12   4.2 1009 120  3.9 6  3.7  74   38  133 303 -346  1
3797500 2746500 12 21 13   5.2 1008 121  4.3 6  3.7  69   30  134 307 -348  1
3797500 2746500 12 21 14   5.0 1007 136  4.6 7  3.6  66   13  105 315 -350  1
3797500 2746500 12 21 15   4.6 1006 131  4.4 7  3.6  67    2   56 321 -351  1
3797500 2746500 12 21 16   4.2 1005 123  4.8 8  3.7  70    0   15 327 -351  1
3797500 2746500 12 21 17   3.3 1005 132  5.0 8  3.7  74    0    0 331 -353  1
3797500 2746500 12 21 18   2.7 1004 123  4.5 8  3.8  81    0    0 329 -354  1
3797500 2746500 12 21 19   2.8 1004 122  4.5 7  3.9  84    0    0 324 -354  1
3797500 2746500 12 21 20   2.5 1003 121  4.3 7  4.0  86    0    0 318 -355  1
3797500 2746500 12 21 21   2.6 1003 121  4.1 7  4.0  87    0    0 317 -355  1
3797500 2746500 12 21 22   2.6 1003 121  3.8 6  4.0  88    0    0 308 -355  1
3797500 2746500 12 21 23   2.8 1003 121  3.7 7  4.1  88    0    0 302 -356  1
3797500 2746500 12 21 24   2.8 1002 121  3.7 7  4.1  88    0    0 303 -356  1
3797500 2746500 12 22  1   2.9 1002 121  3.6 8  4.2  89    0    0 314 -356  1
3797500 2746500 12 22  2   2.8 1002 120  4.0 8  4.2  89    0    0 326 -356  1
3797500 2746500 12 22  3   2.7 1002 123  3.1 8  4.2  91    0    0 325 -356  1
3797500 2746500 12 22  4   2.8 1002 132  2.8 8  4.3  93    0    0 324 -355  1
3797500 2746500 12 22  5   2.8 1001 131  2.8 8  4.4  94    0    0 324 -355  1
3797500 2746500 12 22  6   3.0 1001 150  2.9 8  4.5  94    0    0 323 -354  1
3797500 2746500 12 22  7   3.3 1001 158  3.1 8  4.6  94    0    0 324 -354  1
3797500 2746500 12 22  8   3.5 1001 168  2.4 6  4.7  95    0    0 312 -354  1
3797500 2746500 12 22  9   3.5 1001 168  2.4 6  4.8  96    0    0 298 -354  1
3797500 2746500 12 22 10   4.0 1002 178  2.4 8  4.8  96    0   13 313 -354  1
3797500 2746500 12 22 11   4.5 1002 196  2.5 8  5.0  96    0   23 329 -355  1
3797500 2746500 12 22 12   4.6 1003 206  2.4 8  5.1  96    0   35 329 -355  1
3797500 2746500 12 22 13   4.8 1003 207  2.4 7  5.2  96    0   45 322 -354  1
3797500 2746500 12 22 14   5.1 1004 217  1.8 7  5.3  98    0   47 317 -354  1
3797500 2746500 12 22 15   5.4 1004 196  1.4 7  5.4  97    0   35 318 -354  1
3797500 2746500 12 22 16   5.5 1004 188  0.9 8  5.4  96    2   23 324 -353  1
3797500 2746500 12 22 17   5.8 1005 178  0.7 8  5.5  95    0    0 331 -352  1
3797500 2746500 12 22 18   5.8 1006 180  1.3 8  5.5  95    0    0 330 -351  1
3797500 2746500 12 22 19   5.4 1006 188  1.4 8  5.4  95    0    0 329 -350  1
3797500 2746500 12 22 20   5.6 1007 181  1.8 8  5.4  95    0    0 327 -349  1
3797500 2746500 12 22 21   6.2 1007 209  2.2 5  5.5  95    0    0 311 -349  1
3797500 2746500 12 22 22   6.2 1008 206  3.1 7  5.7  96    0    0 306 -349  1
3797500 2746500 12 22 23   6.4 1008 217  2.4 8  5.8  97    0    0 325 -349  1
3797500 2746500 12 22 24   6.8 1008 211  2.6 8  5.9  96    0    0 333 -349  1
3797500 2746500 12 23  1   6.3 1009 234  2.4 7  5.8  95    0    0 326 -349  1
3797500 2746500 12 23  2   7.1 1009 220  2.7 7  5.8  94    0    0 319 -349  1
3797500 2746500 12 23  3   7.0 1009 232  2.7 7  5.9  94    0    0 319 -349  1
3797500 2746500 12 23  4   7.2 1010 227  3.1 7  5.9  94    0    0 317 -349  1
3797500 2746500 12 23  5   7.4 1010 228  3.5 7  5.9  92    0    0 318 -349  1
3797500 2746500 12 23  6   7.6 1009 227  3.6 8  5.8  90    0    0 329 -349  1
3797500 2746500 12 23  7   7.4 1009 235  3.4 8  5.6  86    0    0 337 -348  1
3797500 2746500 12 23  8   7.2 1009 223  3.8 8  5.4  84    0    0 337 -348  1
3797500 2746500 12 23  9   6.9 1009 215  2.9 8  5.3  85    0    1 338 -347  1
3797500 2746500 12 23 10   6.3 1009 210  2.2 8  5.3  87    0   16 337 -347  1
3797500 2746500 12 23 11   6.1 1009 186  2.0 8  5.2  88    0   45 336 -348  1
3797500 2746500 12 23 12   6.1 1009 184  2.3 8  5.2  88    0   59 336 -349  1
3797500 2746500 12 23 13   6.6 1008 172  2.3 8  5.2  86    0   68 336 -351  1
3797500 2746500 12 23 14   6.5 1007 180  2.2 8  5.2  85    0   43 337 -352  1
3797500 2746500 12 23 15   6.3 1006 171  2.4 7  5.2  87    0   29 331 -352  1
3797500 2746500 12 23 16   5.9 1006 157  3.3 7  5.3  90    0   11 325 -350  1
3797500 2746500 12 23 17   6.4 1005 147  4.0 7  5.4  91    0    0 325 -349  1
3797500 2746500 12 23 18   6.7 1004 150  5.2 8  5.2  86    0    0 332 -348  1
3797500 2746500 12 23 19   6.5 1002 153  6.3 8  5.1  83    0    0 340 -348  1
3797500 2746500 12 23 20   6.1 1001 161  7.1 8  5.1  85    0    0 340 -349  1
3797500 2746500 12 23 21   6.0 1000 168  5.3 7  5.2  88    0    0 333 -349  1
3797500 2746500 12 23 22   5.8  999 161  5.4 8  5.3  91    0    0 334 -350  1
3797500 2746500 12 23 23   6.1  999 160  7.6 8  5.5  93    0    0 341 -350  1
3797500 2746500 12 23 24   6.3  998 215  5.6 8  5.7  95    0    0 343 -351  1
3797500 2746500 12 24  1   6.6  997 182  3.5 8  5.9  97    0    0 344 -353  1
3797500 2746500 12 24  2   7.6  997 209  3.8 6  6.3  98    0    0 334 -356  1
3797500 2746500 12 24  3   9.0  996 215  3.1 8  6.8  98    0    0 337 -360  1
3797500 2746500 12 24  4  10.3  996 239  3.6 8  7.5  99    0    0 355 -364  1
3797500 2746500 12 24  5  11.2  996 240  4.3 8  8.1  98    0    0 358 -368  1
3797500 2746500 12 24  6  11.4  996 229  4.1 7  8.3  97    0    0 352 -369  1
3797500 2746500 12 24  7  11.2  996 240  5.0 8  8.3  98    0    0 351 -370  1
3797500 2746500 12 24  8  11.4  996 239  4.7 8  8.2  96    0    0 360 -370  1
3797500 2746500 12 24  9  11.3  996 239  4.3 8  8.2  96    0    0 360 -370  1
3797500 2746500 12 24 10  11.6  997 239  5.4 8  8.2  96    0    7 360 -371  1
3797500 2746500 12 24 11  10.9  997 230  5.3 8  8.0  95    0   14 360 -371  1
3797500 2746500 12 24 12  11.3  998 240  5.2 8  7.9  94    0   23 360 -371  1
3797500 2746500 12 24 13  11.4  998 240  5.7 8  7.8  91    0   25 361 -372  1
3797500 2746500 12 24 14  10.7  998 240  5.6 8  7.7  92    0   20 361 -372  1
3797500 2746500 12 24 15  11.0  999 230  4.7 8  7.7  94    0   18 360 -372  1
3797500 2746500 12 24 16  12.0  998 231  4.6 8  7.7  90    0    8 362 -371  1
3797500 2746500 12 24 17  11.3  999 229  4.4 7  7.9  90    0    0 355 -369  1
3797500 2746500 12 24 18  10.2  999 240  4.2 8  7.2  89    0    0 351 -368  1
3797500 2746500 12 24 19   9.0 1000 231  3.4 8  6.5  86    0    0 354 -366  1
3797500 2746500 12 24 20   9.5 1000 231  3.6 7  6.5  88    0    0 345 -365  1
3797500 2746500 12 24 21   8.8 1001 223  4.4 7  6.5  89    0    0 337 -364  1
3797500 2746500 12 24 22   9.0 1001 223  4.2 8  6.5  90    0    0 342 -363  1
3797500 2746500 12 24 23   9.0 1002 222  4.4 7  6.4  88    0    0 341 -362  1
3797500 2746500 12 24 24   8.3 1002 219  3.9 8  6.3  90    0    0 339 -362  1
3797500 2746500 12 25  1   7.9 1002 224  3.1 8  6.4  94    0    0 345 -361  1
3797500 2746500 12 25  2   8.2 1003 195  1.3 8  6.5  96    0    0 344 -361  1
3797500 2746500 12 25  3   8.1 1003 228  2.4 8  6.6  96    0    0 342 -361  1
3797500 2746500 12 25  4   8.4 1003 185  1.2 8  6.6  96    0    0 339 -361  1
3797500 2746500 12 25  5   8.2 1003 231  1.7 7  6.5  95    0    0 328 -361  1
3797500 2746500 12 25  6   8.0 1002 243  0.6 5  6.4  94    0    0 305 -361  1
3797500 2746500 12 25  7   8.2 1002 121  1.1 7  6.4  94    0    0 302 -363  1
3797500 2746500 12 25  8   7.9 1002 112  1.9 8  6.5  96    0    0 322 -364  1
3797500 2746500 12 25  9   8.0 1001 123  2.1 7  6.5  97    0    0 321 -363  1
3797500 2746500 12 25 10   8.3 1001 155  2.2 8  6.7  97    0   15 321 -362  1
3797500 2746500 12 25 11  10.3 1001 203  3.2 8  7.2  97    0   39 331 -362  1
3797500 2746500 12 25 12  10.9 1000 212  3.4 8  7.7  95    0   54 335 -362  1
3797500 2746500 12 25 13  11.7 1000 194  2.7 7  7.8  92   11  111 329 -363  1
3797500 2746500 12 25 14  11.9  999 185  3.3 7  7.8  90   15  108 324 -363  1
3797500 2746500 12 25 15  11.9  998 164  3.7 6  7.8  88   17   83 318 -363  1
3797500 2746500 12 25 16  11.9  996 172  5.0 7  7.5  85    7   34 318 -362  1
3797500 2746500 12 25 17  11.9  995 173  4.3 7  7.1  81    0    0 324 -360  1
3797500 2746500 12 25 18  12.3  994 174  5.2 7  6.7  75    0    0 325 -359  1
3797500 2746500 12 25 19  12.2  994 203  5.0 8  6.3  70    0    0 332 -359  1
3797500 2746500 12 25 20  12.6  994 212  5.7 8  6.0  66    0    0 337 -359  1
3797500 2746500 12 25 21  12.7  994 213  5.9 8  5.9  64    0    0 339 -358  1
3797500 2746500 12 25 22  13.0  994 223  6.4 8  6.2  66    0    0 341 -357  1
3797500 2746500 12 25 23  12.9  994 223  6.1 8  6.5  69    0    0 342 -357  1
3797500 2746500 12 25 24  12.7  995 222  5.7 8  6.7  71    0    0 343 -357  1
3797500 2746500 12 26  1  12.6  994 211  4.1 7  6.8  73    0    0 337 -357  1
3797500 2746500 12 26  2  12.2  994 200  4.0 7  6.8  74    0    0 331 -358  1
3797500 2746500 12 26  3  11.8  993 179  3.8 7  6.7  75    0    0 332 -358  1
3797500 2746500 12 26  4  11.5  992 179  3.4 7  6.6  76    0    0 331 -358  1
3797500 2746500 12 26  5  11.4  991 169  4.6 7  6.5  75    0    0 332 -358  1
3797500 2746500 12 26  6  11.4  990 181  3.9 7  6.1  72    0    0 332 -358  1
3797500 2746500 12 26  7  11.3  990 201  3.5 7  6.0  70    0    0 332 -358  1
3797500 2746500 12 26  8   9.8  990 221  3.2 7  6.3  77    0    0 331 -357  1
3797500 2746500 12 26  9   9.2  991 227  3.2 7  6.7  88    0    0 329 -357  1
3797500 2746500 12 26 10   8.7  992 233  4.7 7  6.7  91    0   18 328 -356  1
3797500 2746500 12 26 11   8.4  993 229  3.2 7  6.5  92    0   39 326 -355  1
3797500 2746500 12 26 12   8.4  994 216  4.5 7  6.4  92    0   43 326 -355  1
3797500 2746500 12 26 13   8.2  994 209  4.0 7  6.4  92    0   42 325 -356  1
3797500 2746500 12 26 14   8.6  994 181  3.1 6  6.3  91    1   72 318 -355  1
3797500 2746500 12 26 15   8.9  993 183  3.2 6  6.3  88   13   80 311 -354  1
3797500 2746500 12 26 16   9.4  993 210  5.2 7  6.1  83    3   29 318 -353  1
3797500 2746500 12 26 17   9.9  993 206  4.7 7  6.0  78    0    0 324 -351  1
3797500 2746500 12 26 18   9.8  992 212  6.2 8  5.8  76    0    0 331 -350  1
3797500 2746500 12 26 19  10.1  992 212  6.9 7  5.7  74    0    0 332 -349  1
3797500 2746500 12 26 20   9.9  992 220  6.5 7  5.8  74    0    0 325 -349  1
3797500 2746500 12 26 21   9.7  993 228  8.2 7  5.8  76    0    0 325 -348  1
3797500 2746500 12 26 22   9.6  994 220  6.8 7  5.8  77    0    0 326 -347  1
3797500 2746500 12 26 23   9.3  994 226  6.0 7  5.8  77    0    0 325 -347  1
3797500 2746500 12 26 24   8.9  995 227  5.5 6  5.7  78    0    0 316 -347  1
3797500 2746500 12 27  1   8.5  996 230  4.4 7  5.6  79    0    0 312 -346  1
3797500 2746500 12 27  2   8.3  996 240  4.1 7  5.5  79    0    0 316 -345  1
3797500 2746500 12 27  3   8.3  997 244  1.4 8  5.5  79    0    0 321 -345  1
3797500 2746500 12 27  4   8.2  997 233  3.5 8  5.5  80    0    0 330 -344  1
3797500 2746500 12 27  5   8.0  998 233  4.3 7  5.5  81    0    0 324 -341  1
3797500 2746500 12 27  6   7.8  998 230  3.3 7  5.5  81    0    0 317 -338  1
3797500 2746500 12 27  7   7.3  998 230  2.9 6  5.4  83    0    0 308 -337  1
3797500 2746500 12 27  8   7.4  999 220  2.8 6  5.5  85    0    0 299 -333  1
3797500 2746500 12 27  9   6.5  999 231  3.1 7  5.5  88    0    1 301 -331  1
3797500 2746500 12 27 10   6.4 1000 233  2.8 7  5.5  90    5   39 304 -329  1
3797500 2746500 12 27 11   6.5 1000 242  4.0 5  5.5  90   14   80 295 -329  1
3797500 2746500 12 27 12   7.0 1001 241  3.8 7  5.5  89    3   86 295 -331  1
3797500 2746500 12 27 13   7.3 1002 231  4.2 8  5.5  87    0   42 309 -334  1
3797500 2746500 12 27 14   7.9 1002 230  4.5 7  5.5  84    0   65 310 -337  1
3797500 2746500 12 27 15   7.9 1002 230  4.3 8  5.4  80    0   43 309 -339  1
3797500 2746500 12 27 16   8.1 1002 221  5.4 8  5.3  78    0   11 313 -338  1
3797500 2746500 12 27 17   8.2 1002 222  5.3 7  5.4  79    0    0 310 -336  1
3797500 2746500 12 27 18   7.2 1002 221  4.2 7  5.6  84    0    0 303 -334  1
3797500 2746500 12 27 19   7.7 1002 213  3.5 7  5.8  89    0    0 304 -331  1
3797500 2746500 12 27 20   8.2 1001 213  4.5 7  5.9  86    0    0 308 -331  1
3797500 2746500 12 27 21   8.6 1001 211  4.9 7  5.9  85    0    0 311 -333  1
3797500 2746500 12 27 22   8.8 1000 212  5.5 7  5.9  83    0    0 314 -335  1
3797500 2746500 12 27 23   8.4  999 204  5.7 8  5.7  82    0    0 321 -337  1
3797500 2746500 12 27 24   7.8  998 195  5.7 8  5.4  81    0    0 326 -337  1
3797500 2746500 12 28  1   7.1  991 181  5.7 7  5.2  80    0    0 288 -323  1
3797500 2746500 12 28  2   6.5  989 172  5.8 7  5.0  81    0    0 306 -323  1
3797500 2746500 12 28  3   6.3  987 162  5.7 7  5.0  82    0    0 307 -323  1
3797500 2746500 12 28  4   6.6  986 162  5.8 8  5.1  84    0    0 315 -324  1
3797500 2746500 12 28  5   6.9  985 160  5.5 8  5.2  84    0    0 325 -326  1
3797500 2746500 12 28  6   7.3  983 160  5.7 8  5.5  86    0    0 326 -328  1
3797500 2746500 12 28  7   8.0  982 163  5.8 8  5.6  83    0    0 328 -330  1
3797500 2746500 12 28  8   8.6  982 157  5.4 8  5.6  80    0    0 331 -333  1
3797500 2746500 12 28  9   8.4  982 163  5.1 8  5.7  80    0    0 334 -334  1
3797500 2746500 12 28 10   8.7  982 179  4.9 7  5.7  80    0    9 324 -338  1
3797500 2746500 12 28 11   8.6  982 182  4.3 8  5.8  80    0   19 325 -343  1
3797500 2746500 12 28 12   8.4  982 180  4.1 8  5.9  83    0   33 335 -347  1
3797500 2746500 12 28 13   9.0  982 172  4.1 7  6.0  83    0   42 327 -350  1
3797500 2746500 12 28 14   9.4  981 184  4.3 6  5.9  78    0   51 311 -353  1
3797500 2746500 12 28 15   8.8  981 214  4.5 8  5.7  76    0   23 319 -354  1
3797500 2746500 12 28 16   6.3  981 261  6.1 8  5.5  82    0    9 331 -354  1
3797500 2746500 12 28 17   3.9  983 290  4.1 8  4.9  87    0    3 323 -352  1
3797500 2746500 12 28 18   4.3  986 282  3.5 8  4.6  88    0    0 319 -351  1
3797500 2746500 12 28 19   4.7  988 250  4.4 8  4.8  89    0    0 321 -349  1
3797500 2746500 12 28 20   4.9  991 249  4.9 7  4.8  88    0    0 312 -346  1
3797500 2746500 12 28 21   4.4  992 258  5.2 5  4.6  86    0    0 283 -342  1
3797500 2746500 12 28 22   3.3  994 245  4.5 6  4.3  84    0    0 273 -339  1
3797500 2746500 12 28 23   3.3  995 239  4.2 6  4.1  84    0    0 281 -338  1
3797500 2746500 12 28 24   3.4  996 230  4.0 6  4.2  85    0    0 281 -336  1
3797500 2746500 12 29  1   3.6  997 227  4.2 6  4.2  84    0    0 283 -334  1
3797500 2746500 12 29  2   3.3  997 229  4.3 5  4.1  83    0    0 275 -332  1
3797500 2746500 12 29  3   3.1  998 229  4.1 6  4.1  84    0    0 275 -328  1
3797500 2746500 12 29  4   3.2  998 220  4.7 8  4.1  85    0    0 299 -325  1
3797500 2746500 12 29  5   3.0  999 219  4.1 5  4.0  83    0    0 290 -325  1
3797500 2746500 12 29  6   3.0  999 219  4.8 6  3.9  81    0    0 276 -325  1
3797500 2746500 12 29  7   3.1  999 228  5.1 8  3.8  80    0    0 296 -325  1
3797500 2746500 12 29  8   3.1 1000 227  4.5 8  3.8  80    0    0 307 -324  1
3797500 2746500 12 29  9   3.0 1001 229  4.0 8  3.8  80    0    0 305 -322  1
3797500 2746500 12 29 10   2.9 1002 221  4.7 7  3.8  79    0   21 295 -321  1
3797500 2746500 12 29 11   3.4 1002 215  4.5 7  3.8  79    1   52 289 -322  1
3797500 2746500 12 29 12   4.6 1003 222  4.1 6  3.9  76   35   92 283 -326  1
3797500 2746500 12 29 13   5.3 1003 224  3.2 2  3.9  72  180   52 256 -330  1
3797500 2746500 12 29 14   5.5 1002 174  3.5 2  3.9  69  140   58 235 -332  1
3797500 2746500 12 29 15   5.2 1002 220  3.2 5  3.9  70   49   60 251 -332  1
3797500 2746500 12 29 16   5.1 1002 211  2.8 5  3.9  71   10   27 263 -329  1
3797500 2746500 12 29 17   4.6 1003 217  2.3 5  3.9  72    0    4 261 -323  1
3797500 2746500 12 29 18   4.3 1003 195  1.9 6  3.9  74    0    0 262 -319  1
3797500 2746500 12 29 19   4.3 1004 175  2.8 6  3.9  74    0    0 263 -316  1
3797500 2746500 12 29 20   3.4 1004 174  2.5 6  3.7  74    0    0 260 -316  1
3797500 2746500 12 29 21   2.5 1005 162  2.9 3  3.6  76    0    0 246 -316  1
3797500 2746500 12 29 22   2.5 1005 161  2.2 3  3.5  77    0    0 232 -315  1
3797500 2746500 12 29 23   2.6 1005 179  2.1 3  3.5  77    0    0 232 -313  1
3797500 2746500 12 29 24   2.8 1006 169  2.1 4  3.5  76    0    0 238 -311  1
3797500 2746500 12 30  1   2.2 1006 178  1.0 5  3.5  76    0    0 246 -310  1
3797500 2746500 12 30  2   1.7 1007 189  0.9 5  3.4  77    0    0 250 -310  1
3797500 2746500 12 30  3   0.4 1007 124  0.5 3  3.3  80    0    0 240 -310  1
3797500 2746500 12 30  4   0.5 1007  88  0.4 4  3.3  84    0    0 234 -310  1
3797500 2746500 12 30  5   0.2 1008 108  0.4 2  3.3  84    0    0 229 -310  1
3797500 2746500 12 30  6  -0.4 1008 127  0.4 3  3.2  84    0    0 222 -309  1
3797500 2746500 12 30  7  -0.5 1008 120  0.5 5  3.2  87    0    0 238 -309  1
3797500 2746500 12 30  8  -0.4 1008 111  0.9 4  3.2  87    0    0 242 -307  1
3797500 2746500 12 30  9   0.0 1009   2  0.0 3  3.2  86    0    0 228 -305  1
3797500 2746500 12 30 10  -0.5 1009 111  0.5 4  3.2  86   22   38 226 -303  1
3797500 2746500 12 30 11   1.7 1010 159  0.4 2  3.3  83   82   66 222 -304  1
3797500 2746500 12 30 12   3.8 1010 187  0.6 3  3.4  73  121   81 222 -307  1
3797500 2746500 12 30 13   4.3 1010 133  0.9 3  3.4  66  162   74 232 -310  1
3797500 2746500 12 30 14   4.6 1009 291  1.2 4  3.5  67  137   71 237 -312  1
3797500 2746500 12 30 15   5.1 1009 281  0.7 2  3.6  66  106   52 228 -312  1
3797500 2746500 12 30 16   4.2 1010 272  1.0 3  3.5  66   45   31 216 -311  1
3797500 2746500 12 30 17   2.8 1010 359  0.3 7  3.4  70    3    5 244 -308  1
3797500 2746500 12 30 18   2.6 1011 304  0.7 8  3.4  74    0    0 275 -304  1
3797500 2746500 12 30 19   1.9 1011 324  0.8 5  3.4  76    0    0 258 -302  1
3797500 2746500 12 30 20   2.2 1012 354  1.4 6  3.5  78    0    0 242 -301  1
3797500 2746500 12 30 21   1.6 1012  20  1.1 7  3.5  79    0    0 256 -300  1
3797500 2746500 12 30 22   3.2 1013   4  1.0 4  3.5  78    0    0 244 -299  1
3797500 2746500 12 30 23   3.8 1014   4  1.3 4  3.7  75    0    0 228 -299  1
3797500 2746500 12 30 24   3.0 1014  53  0.9 8  3.7  77    0    0 256 -298  1
3797500 2746500 12 31  1   2.3 1014  41  0.7 8  3.7  80    0    0 278 -298  1
3797500 2746500 12 31  2   3.3 1014  40  1.2 7  3.6  79    0    0 272 -298  1
3797500 2746500 12 31  3   2.5 1015  30  1.3 6  3.7  78    0    0 263 -298  1
3797500 2746500 12 31  4   2.5 1015  24  1.7 5  3.7  81    0    0 253 -298  1
3797500 2746500 12 31  5   2.1 1016  56  1.8 6  3.6  81    0    0 255 -297  1
3797500 2746500 12 31  6   2.0 1016  33  1.7 7  3.6  83    0    0 265 -297  1
3797500 2746500 12 31  7   1.8 1017  32  1.7 7  3.7  85    0    0 270 -297  1
3797500 2746500 12 31  8   1.1 1018  26  1.8 7  3.6  86    0    0 269 -296  1
3797500 2746500 12 31  9   0.6 1018  80  1.5 6  3.5  87    0    0 263 -295  1
3797500 2746500 12 31 10   0.3 1019  48  1.6 7  3.5  89    5   41 263 -295  1
3797500 2746500 12 31 11   0.8 1020  27  2.0 5  3.5  88   27   97 259 -297  1
3797500 2746500 12 31 12   1.9 1020  43  2.1 5  3.6  86   32  125 253 -302  1
3797500 2746500 12 31 13   2.3 1020 311  2.3 7  3.6  82    7  106 263 -307  1
3797500 2746500 12 31 14   2.3 1020  31  1.9 6  3.6  80    5   90 266 -309  1
3797500 2746500 12 31 15   2.5 1020  42  2.9 6  3.6  80    7   71 262 -310  1
3797500 2746500 12 31 16   2.3 1020  49  2.6 7  3.6  80    3   30 266 -308  1
3797500 2746500 12 31 17   2.1 1021  34  2.5 7  3.6  83    0    3 270 -304  1
3797500 2746500 12 31 18   1.9 1021  68  2.1 7  3.7  84    0    0 269 -300  1
3797500 2746500 12 31 19   1.8 1021  88  2.4 7  3.5  83    0    0 265 -297  1
3797500 2746500 12 31 20   1.6 1020  78  2.0 6  3.5  81    0    0 261 -296  1
3797500 2746500 12 31 21   1.3 1020  77  1.8 5  3.4  81    0    0 246 -295  1
3797500 2746500 12 31 22   0.9 1020  74  1.6 5  3.3  82    0    0 231 -294  1
3797500 2746500 12 31 23   1.2 1020 105  1.6 4  3.5  82    0    0 229 -293  1
3797500 2746500 12 31 24   1.7 1019 144  1.6 3  3.6  83    0    0 229 -292  1
