Support_Year;Cluster;Timestep;total_demand;to_network;from_network;to_main_grid;from_main_grid;from_grid;to_grid;cluster_weight;from_grid_x_cluster_weight
0;0;0;147.77;0.0;0.0;0.0;147.77;147.77;0.0;5.0;738.85
0;0;1;490.566;0.0;0.0;0.0;490.566;490.566;0.0;5.0;2452.83
0;0;2;204.487;0.0;0.0;0.0;204.487;204.487;0.0;5.0;1022.435
0;0;3;412.00199999999995;0.0;0.0;0.0;412.002;412.002;0.0;5.0;2060.01
0;0;4;420.26;0.0;0.0;0.0;420.26;420.26;0.0;5.0;2101.3
0;0;5;425.257;0.0;0.0;0.0;425.257;425.257;0.0;5.0;2126.285
0;0;6;449.949;0.0;0.0;0.0;449.949;449.949;0.0;5.0;2249.745
0;0;7;705.361;0.0;0.0;0.0;705.361;705.361;0.0;5.0;3526.805
0;0;8;695.765;0.0;0.0;0.0;695.765;695.765;0.0;5.0;3478.825
0;0;9;578.873;0.0;0.0;0.0;578.873;578.873;0.0;5.0;2894.3650000000002
0;0;10;570.108;0.0;0.0;0.0;570.108;570.108;0.0;5.0;2850.54
0;0;11;546.623;0.0;0.0;0.0;546.623;546.623;0.0;5.0;2733.1150000000002
0;0;12;499.395;0.0;0.0;0.0;499.395;499.395;0.0;5.0;2496.975
0;0;13;642.8889999999999;0.0;0.0;0.0;642.889;642.889;0.0;5.0;3214.445
0;0;14;392.271;0.0;0.0;0.0;392.271;392.271;0.0;5.0;1961.355
0;0;15;485.981;0.0;0.0;0.0;485.981;485.981;0.0;5.0;2429.9049999999997
0;0;16;468.326;0.0;0.0;0.0;468.326;468.326;0.0;5.0;2341.63
0;0;17;563.912;0.0;0.0;0.0;563.912;563.912;0.0;5.0;2819.5600000000004
0;0;18;754.854;0.0;0.0;0.0;754.854;754.854;0.0;5.0;3774.2700000000004
0;0;19;444.103;0.0;0.0;0.0;444.103;444.103;0.0;5.0;2220.515
0;0;20;634.321;0.0;0.0;0.0;634.321;634.321;0.0;5.0;3171.605
0;0;21;534.567;0.0;0.0;0.0;534.567;534.567;0.0;5.0;2672.835
0;0;22;524.366;0.0;0.0;0.0;524.366;524.366;0.0;5.0;2621.83
0;0;23;517.325;0.0;0.0;0.0;517.325;517.325;0.0;5.0;2586.625
0;0;24;148.336;0.0;0.0;0.0;148.336;148.336;0.0;5.0;741.6800000000001
0;0;25;147.39;0.0;0.0;0.0;147.39;147.39;0.0;5.0;736.9499999999999
0;0;26;408.90099999999995;0.0;0.0;0.0;408.901;408.901;0.0;5.0;2044.505
0;0;27;496.58799999999997;0.0;0.0;0.0;496.588;496.588;0.0;5.0;2482.94
0;0;28;498.64599999999996;0.0;0.0;0.0;498.646;498.646;0.0;5.0;2493.23
0;0;29;503.91200000000003;0.0;0.0;0.0;503.912;503.912;0.0;5.0;2519.56
0;0;30;292.73699999999997;0.0;0.0;0.0;292.737;292.737;0.0;5.0;1463.6850000000002
0;0;31;744.896;0.0;0.0;0.0;744.896;744.896;0.0;5.0;3724.4799999999996
0;0;32;734.104;0.0;0.0;0.0;734.104;734.104;0.0;5.0;3670.5200000000004
0;0;33;613.125;0.0;0.0;0.0;613.125;613.125;0.0;5.0;3065.625
0;0;34;594.627;0.0;0.0;0.0;594.627;594.627;0.0;5.0;2973.1349999999998
0;0;35;557.066;0.0;5.56302;0.0;551.50298;557.066;0.0;5.0;2785.33
0;0;36;549.98;0.0;0.0;0.0;549.98;549.98;0.0;5.0;2749.9
0;0;37;510.88599999999997;0.0;75.67473;0.0;435.21127;510.886;0.0;5.0;2554.4300000000003
0;0;38;518.923;0.0;104.80511;0.0;414.11789;518.923;0.0;5.0;2594.615
0;0;39;483.63599999999997;0.0;55.08985;0.0;428.54615;483.636;0.0;5.0;2418.1800000000003
0;0;40;655.846;0.0;0.0;0.0;655.846;655.846;0.0;5.0;3279.23
0;0;41;700.656;0.0;0.0;0.0;700.656;700.656;0.0;5.0;3503.2799999999997
0;0;42;749.919;0.0;0.0;0.0;749.919;749.919;0.0;5.0;3749.595
0;0;43;782.4;0.0;0.0;0.0;782.4;782.4;0.0;5.0;3912.0
0;0;44;667.108;0.0;0.0;0.0;667.108;667.108;0.0;5.0;3335.54
0;0;45;217.236;0.0;0.0;0.0;217.236;217.236;0.0;5.0;1086.1799999999998
0;0;46;403.687;0.0;0.0;0.0;403.687;403.687;0.0;5.0;2018.435
0;0;47;180.544;0.0;0.0;0.0;180.544;180.544;0.0;5.0;902.72
0;0;48;146.92;0.0;0.0;0.0;146.92;146.92;0.0;5.0;734.5999999999999
0;0;49;149.82;0.0;0.0;0.0;149.82;149.82;0.0;5.0;749.0999999999999
0;0;50;150.462;0.0;0.0;0.0;150.462;150.462;0.0;5.0;752.31
0;0;51;144.922;0.0;0.0;0.0;144.922;144.922;0.0;5.0;724.61
0;0;52;147.904;0.0;0.0;0.0;147.904;147.904;0.0;5.0;739.52
0;0;53;244.264;0.0;0.0;0.0;244.264;244.264;0.0;5.0;1221.3200000000002
0;0;54;260.08;0.0;0.0;0.0;260.08;260.08;0.0;5.0;1300.3999999999999
0;0;55;536.619;0.0;0.0;0.0;536.619;536.619;0.0;5.0;2683.0950000000003
0;0;56;534.5609999999999;0.0;0.0;0.0;534.561;534.561;0.0;5.0;2672.8050000000003
0;0;57;435.777;0.0;0.0;0.0;435.777;435.777;0.0;5.0;2178.8849999999998
0;0;58;411.743;0.0;0.0;0.0;411.743;411.743;0.0;5.0;2058.715
0;0;59;407.522;0.0;2.99354;0.0;404.52846;407.522;0.0;5.0;2037.61
0;0;60;578.8209999999999;0.0;0.0;0.0;578.821;578.821;0.0;5.0;2894.105
0;0;61;345.73;0.0;0.0;0.0;345.73;345.73;0.0;5.0;1728.65
0;0;62;367.695;0.0;0.0;0.0;367.695;367.695;0.0;5.0;1838.475
0;0;63;396.78;0.0;2.74194;0.0;394.03806;396.78;0.0;5.0;1983.8999999999999
0;0;64;383.743;0.0;6.5408;0.0;377.2022;383.743;0.0;5.0;1918.715
0;0;65;432.509;0.0;0.0;0.0;432.509;432.509;0.0;5.0;2162.545
0;0;66;513.923;0.0;0.0;0.0;513.923;513.923;0.0;5.0;2569.615
0;0;67;762.457;0.0;0.0;0.0;762.457;762.457;0.0;5.0;3812.285
0;0;68;647.267;0.0;0.0;0.0;647.267;647.267;0.0;5.0;3236.335
0;0;69;513.395;0.0;0.0;0.0;513.395;513.395;0.0;5.0;2566.975
0;0;70;497.22400000000005;0.0;0.0;0.0;497.224;497.224;0.0;5.0;2486.12
0;0;71;501.122;0.0;0.0;0.0;501.122;501.122;0.0;5.0;2505.61
0;0;72;140.001;0.0;0.0;0.0;140.001;140.001;0.0;5.0;700.005
0;0;73;139.906;0.0;0.0;0.0;139.906;139.906;0.0;5.0;699.53
0;0;74;138.774;0.0;0.0;0.0;138.774;138.774;0.0;5.0;693.87
0;0;75;139.524;0.0;0.0;0.0;139.524;139.524;0.0;5.0;697.62
0;0;76;143.338;0.0;0.0;0.0;143.338;143.338;0.0;5.0;716.6899999999999
0;0;77;143.901;0.0;0.0;0.0;143.901;143.901;0.0;5.0;719.5050000000001
0;0;78;143.165;0.0;0.0;0.0;143.165;143.165;0.0;5.0;715.8249999999999
0;0;79;153.595;0.0;0.0;0.0;153.595;153.595;0.0;5.0;767.975
0;0;80;172.307;0.0;0.0;0.0;172.307;172.307;0.0;5.0;861.535
0;0;81;489.115;0.0;0.0;0.0;489.115;489.115;0.0;5.0;2445.575
0;0;82;524.509;0.0;0.0;0.0;524.509;524.509;0.0;5.0;2622.545
0;0;83;498.45799999999997;0.0;0.0;0.0;498.458;498.458;0.0;5.0;2492.29
0;0;84;494.409;0.0;0.0;0.0;494.409;494.409;0.0;5.0;2472.045
0;0;85;492.678;0.0;0.0;0.0;492.678;492.678;0.0;5.0;2463.39
0;0;86;504.591;0.0;0.0;0.0;504.591;504.591;0.0;5.0;2522.955
0;0;87;476.23299999999995;0.0;0.0;0.0;476.233;476.233;0.0;5.0;2381.165
0;0;88;494.63599999999997;0.0;0.0;0.0;494.636;494.636;0.0;5.0;2473.1800000000003
0;0;89;505.754;0.0;0.0;0.0;505.754;505.754;0.0;5.0;2528.77
0;0;90;554.2429999999999;0.0;0.0;0.0;554.243;554.243;0.0;5.0;2771.215
0;0;91;579.737;0.0;0.0;0.0;579.737;579.737;0.0;5.0;2898.685
0;0;92;569.655;0.0;0.0;0.0;569.655;569.655;0.0;5.0;2848.2749999999996
0;0;93;573.411;0.0;0.0;0.0;573.411;573.411;0.0;5.0;2867.055
0;0;94;554.99;0.0;0.0;0.0;554.99;554.99;0.0;5.0;2774.95
0;0;95;539.292;0.0;0.0;0.0;539.292;539.292;0.0;5.0;2696.46
0;0;96;508.573;0.0;0.0;0.0;508.573;508.573;0.0;5.0;2542.865
0;0;97;516.512;0.0;0.0;0.0;516.512;516.512;0.0;5.0;2582.5599999999995
0;0;98;514.5840000000001;0.0;0.0;0.0;514.584;514.584;0.0;5.0;2572.9199999999996
0;0;99;516.966;0.0;0.0;0.0;516.966;516.966;0.0;5.0;2584.83
0;0;100;519.825;0.0;0.0;0.0;519.825;519.825;0.0;5.0;2599.125
0;0;101;518.45;0.0;0.0;0.0;518.45;518.45;0.0;5.0;2592.25
0;0;102;518.121;0.0;0.0;0.0;518.121;518.121;0.0;5.0;2590.605
0;0;103;804.2570000000001;0.0;0.0;0.0;804.257;804.257;0.0;5.0;4021.285
0;0;104;804.649;0.0;0.0;0.0;804.649;804.649;0.0;5.0;4023.245
0;0;105;710.879;0.0;0.0;0.0;710.879;710.879;0.0;5.0;3554.395
0;0;106;989.754;0.0;0.0;0.0;989.754;989.754;0.0;5.0;4948.77
0;0;107;967.673;0.0;0.0;0.0;967.673;967.673;0.0;5.0;4838.365
0;0;108;880.006;0.0;0.0;0.0;880.006;880.006;0.0;5.0;4400.03
0;0;109;786.941;0.0;0.0;0.0;786.941;786.941;0.0;5.0;3934.705
0;0;110;738.446;0.0;0.0;0.0;738.446;738.446;0.0;5.0;3692.23
0;0;111;676.6379999999999;0.0;0.0;0.0;676.638;676.638;0.0;5.0;3383.19
0;0;112;764.071;0.0;0.0;0.0;764.071;764.071;0.0;5.0;3820.355
0;0;113;794.921;0.0;0.0;0.0;794.921;794.921;0.0;5.0;3974.6050000000005
0;0;114;774.488;0.0;0.0;0.0;774.488;774.488;0.0;5.0;3872.4400000000005
0;0;115;785.732;0.0;0.0;0.0;785.732;785.732;0.0;5.0;3928.66
0;0;116;749.6669999999999;0.0;0.0;0.0;749.667;749.667;0.0;5.0;3748.335
0;0;117;762.4449999999999;0.0;0.0;0.0;762.445;762.445;0.0;5.0;3812.2250000000004
0;0;118;741.576;0.0;0.0;0.0;741.576;741.576;0.0;5.0;3707.88
0;0;119;750.288;0.0;0.0;0.0;750.288;750.288;0.0;5.0;3751.44
0;0;120;740.248;0.0;0.0;0.0;740.248;740.248;0.0;5.0;3701.2400000000002
0;0;121;737.351;0.0;0.0;0.0;737.351;737.351;0.0;5.0;3686.755
0;0;122;739.894;0.0;0.0;0.0;739.894;739.894;0.0;5.0;3699.4700000000003
0;0;123;759.737;0.0;0.0;0.0;759.737;759.737;0.0;5.0;3798.685
0;0;124;762.0899999999999;0.0;0.0;0.0;762.09;762.09;0.0;5.0;3810.4500000000003
0;0;125;761.625;0.0;0.0;0.0;761.625;761.625;0.0;5.0;3808.125
0;0;126;803.213;0.0;0.0;0.0;803.213;803.213;0.0;5.0;4016.0649999999996
0;0;127;926.867;0.0;0.0;0.0;926.867;926.867;0.0;5.0;4634.335
0;0;128;841.273;0.0;0.0;0.0;841.273;841.273;0.0;5.0;4206.365
0;0;129;716.976;0.0;0.0;0.0;716.976;716.976;0.0;5.0;3584.88
0;0;130;718.226;0.0;0.0;0.0;718.226;718.226;0.0;5.0;3591.13
0;0;131;710.6569999999999;0.0;0.0;0.0;710.657;710.657;0.0;5.0;3553.2850000000003
0;0;132;743.472;0.0;0.0;0.0;743.472;743.472;0.0;5.0;3717.3599999999997
0;0;133;691.284;0.0;0.0;0.0;691.284;691.284;0.0;5.0;3456.42
0;0;134;712.553;0.0;0.0;0.0;712.553;712.553;0.0;5.0;3562.765
0;0;135;681.184;0.0;0.0;0.0;681.184;681.184;0.0;5.0;3405.92
0;0;136;667.79;0.0;0.0;0.0;667.79;667.79;0.0;5.0;3338.95
0;0;137;667.677;0.0;0.0;0.0;667.677;667.677;0.0;5.0;3338.385
0;0;138;762.539;0.0;0.0;0.0;762.539;762.539;0.0;5.0;3812.6949999999997
0;0;139;788.7460000000001;0.0;0.0;0.0;788.746;788.746;0.0;5.0;3943.73
0;0;140;705.712;0.0;0.0;0.0;705.712;705.712;0.0;5.0;3528.56
0;0;141;586.794;0.0;0.0;0.0;586.794;586.794;0.0;5.0;2933.97
0;0;142;592.027;0.0;0.0;0.0;592.027;592.027;0.0;5.0;2960.135
0;0;143;571.799;0.0;0.0;0.0;571.799;571.799;0.0;5.0;2858.995
0;0;144;528.656;0.0;0.0;0.0;528.656;528.656;0.0;5.0;2643.2799999999997
0;0;145;535.231;0.0;0.0;0.0;535.231;535.231;0.0;5.0;2676.1549999999997
0;0;146;534.5250000000001;0.0;0.0;0.0;534.525;534.525;0.0;5.0;2672.625
0;0;147;543.051;0.0;0.0;0.0;543.051;543.051;0.0;5.0;2715.255
0;0;148;546.865;0.0;0.0;0.0;546.865;546.865;0.0;5.0;2734.325
0;0;149;553.9739999999999;0.0;0.0;0.0;553.974;553.974;0.0;5.0;2769.8700000000003
0;0;150;724.412;0.0;0.0;0.0;724.412;724.412;0.0;5.0;3622.0600000000004
0;0;151;1083.164;0.0;0.0;0.0;1083.164;1083.164;0.0;5.0;5415.82
0;0;152;952.011;0.0;0.0;0.0;952.011;952.011;0.0;5.0;4760.055
0;0;153;845.045;0.0;0.0;0.0;845.045;845.045;0.0;5.0;4225.224999999999
0;0;154;740.1510000000001;0.0;0.0;0.0;740.151;740.151;0.0;5.0;3700.7549999999997
0;0;155;714.663;0.0;0.0;0.0;714.663;714.663;0.0;5.0;3573.315
0;0;156;700.808;0.0;0.0;0.0;700.808;700.808;0.0;5.0;3504.04
0;0;157;694.322;0.0;0.0;0.0;694.322;694.322;0.0;5.0;3471.61
0;0;158;739.799;0.0;0.0;0.0;739.799;739.799;0.0;5.0;3698.995
0;0;159;706.713;0.0;0.0;0.0;706.713;706.713;0.0;5.0;3533.5649999999996
0;0;160;704.027;0.0;0.0;0.0;704.027;704.027;0.0;5.0;3520.135
0;0;161;704.3;0.0;0.0;0.0;704.3;704.3;0.0;5.0;3521.5
0;0;162;793.2660000000001;0.0;0.0;0.0;793.266;793.266;0.0;5.0;3966.33
0;0;163;829.913;0.0;0.0;0.0;829.913;829.913;0.0;5.0;4149.5650000000005
0;0;164;731.063;0.0;0.0;0.0;731.063;731.063;0.0;5.0;3655.315
0;0;165;613.806;0.0;0.0;0.0;613.806;613.806;0.0;5.0;3069.03
0;0;166;606.579;0.0;0.0;0.0;606.579;606.579;0.0;5.0;3032.8949999999995
0;0;167;1702.412;0.0;0.0;0.0;1702.412;1702.412;0.0;5.0;8512.06
0;1;0;138.851;0.0;0.0;0.0;138.851;138.851;0.0;20.0;2777.02
0;1;1;142.253;0.0;0.0;0.0;142.253;142.253;0.0;20.0;2845.0599999999995
0;1;2;141.421;0.0;0.0;0.0;141.421;141.421;0.0;20.0;2828.42
0;1;3;140.014;0.0;0.0;0.0;140.014;140.014;0.0;20.0;2800.28
0;1;4;141.186;0.0;0.0;0.0;141.186;141.186;0.0;20.0;2823.7200000000003
0;1;5;143.169;0.0;0.0;0.0;143.169;143.169;0.0;20.0;2863.38
0;1;6;146.213;0.0;0.0;0.0;146.213;146.213;0.0;20.0;2924.2599999999998
0;1;7;283.492;0.0;13.50017;0.0;269.99183;283.492;0.0;20.0;5669.84
0;1;8;312.173;0.0;83.38123;0.0;228.79177;312.173;0.0;20.0;6243.46
0;1;9;335.542;0.0;178.17871;0.0;157.36329;335.542;0.0;20.0;6710.839999999999
0;1;10;350.707;0.0;255.24589;0.0;95.46111;350.707;0.0;20.0;7014.139999999999
0;1;11;332.356;0.0;313.95462;0.0;18.40138;332.356;0.0;20.0;6647.12
0;1;12;318.428;0.0;318.428;0.0;0.0;318.428;0.0;20.0;6368.5599999999995
0;1;13;328.607;0.0;328.607;0.0;0.0;328.607;0.0;20.0;6572.14
0;1;14;341.387;0.0;309.84427;0.0;31.54273;341.387;0.0;20.0;6827.74
0;1;15;320.73;0.0;201.49177;0.0;119.23823;320.73;0.0;20.0;6414.6
0;1;16;304.174;0.0;112.53585;0.0;191.63815;304.174;0.0;20.0;6083.48
0;1;17;284.452;0.0;50.5369;0.0;233.9151;284.452;0.0;20.0;5689.04
0;1;18;341.196;0.0;0.0;0.0;341.196;341.196;0.0;20.0;6823.92
0;1;19;418.085;0.0;0.0;0.0;418.085;418.085;0.0;20.0;8361.699999999999
0;1;20;329.895;0.0;0.0;0.0;329.895;329.895;0.0;20.0;6597.9
0;1;21;199.016;0.0;0.0;0.0;199.016;199.016;0.0;20.0;3980.3199999999997
0;1;22;191.234;0.0;0.0;0.0;191.234;191.234;0.0;20.0;3824.6800000000003
0;1;23;173.048;0.0;0.0;0.0;173.048;173.048;0.0;20.0;3460.96
0;1;24;143.757;0.0;0.0;0.0;143.757;143.757;0.0;20.0;2875.1400000000003
0;1;25;146.016;0.0;0.0;0.0;146.016;146.016;0.0;20.0;2920.3199999999997
0;1;26;147.73;0.0;0.0;0.0;147.73;147.73;0.0;20.0;2954.6
0;1;27;146.106;0.0;0.0;0.0;146.106;146.106;0.0;20.0;2922.12
0;1;28;149.107;0.0;0.0;0.0;149.107;149.107;0.0;20.0;2982.14
0;1;29;161.2;0.0;0.0;0.0;161.2;161.2;0.0;20.0;3224.0
0;1;30;145.344;0.0;0.0;0.0;145.344;145.344;0.0;20.0;2906.88
0;1;31;294.389;0.0;1.12003;0.0;293.26897;294.389;0.0;20.0;5887.780000000001
0;1;32;332.108;0.0;78.87698;0.0;253.23102;332.108;0.0;20.0;6642.16
0;1;33;336.01000000000005;0.0;175.18927;0.0;160.82073;336.01;0.0;20.0;6720.2
0;1;34;357.48;0.0;245.31889;0.0;112.16111;357.48;0.0;20.0;7149.6
0;1;35;355.932;0.0;316.05129;0.0;39.88071;355.932;0.0;20.0;7118.64
0;1;36;327.504;0.0;327.504;0.0;0.0;327.504;0.0;20.0;6550.08
0;1;37;330.108;0.0;330.108;0.0;0.0;330.108;0.0;20.0;6602.16
0;1;38;364.02700000000004;0.0;364.027;0.0;0.0;364.027;0.0;20.0;7280.54
0;1;39;342.755;0.0;303.72956;0.0;39.02544;342.755;0.0;20.0;6855.1
0;1;40;311.971;0.0;206.191;0.0;105.78;311.971;0.0;20.0;6239.42
0;1;41;434.298;0.0;37.15471;0.0;397.14329;434.298;0.0;20.0;8685.96
0;1;42;279.245;0.0;15.64923;0.0;263.59577;279.245;0.0;20.0;5584.9
0;1;43;417.79;0.0;0.0;0.0;417.79;417.79;0.0;20.0;8355.800000000001
0;1;44;320.656;0.0;0.0;0.0;320.656;320.656;0.0;20.0;6413.12
0;1;45;206.804;0.0;0.0;0.0;206.804;206.804;0.0;20.0;4136.08
0;1;46;192.975;0.0;0.0;0.0;192.975;192.975;0.0;20.0;3859.5
0;1;47;178.724;0.0;0.0;0.0;178.724;178.724;0.0;20.0;3574.4799999999996
0;1;48;139.863;0.0;0.0;0.0;139.863;139.863;0.0;20.0;2797.26
0;1;49;142.22;0.0;0.0;0.0;142.22;142.22;0.0;20.0;2844.4
0;1;50;141.446;0.0;0.0;0.0;141.446;141.446;0.0;20.0;2828.92
0;1;51;140.181;0.0;0.0;0.0;140.181;140.181;0.0;20.0;2803.6200000000003
0;1;52;141.122;0.0;0.0;0.0;141.122;141.122;0.0;20.0;2822.4400000000005
0;1;53;141.979;0.0;0.0;0.0;141.979;141.979;0.0;20.0;2839.5800000000004
0;1;54;145.838;0.0;0.0;0.0;145.838;145.838;0.0;20.0;2916.7599999999998
0;1;55;324.955;0.0;0.0;0.0;324.955;324.955;0.0;20.0;6499.099999999999
0;1;56;285.62;0.0;64.86009;0.0;220.75991;285.62;0.0;20.0;5712.4
0;1;57;277.081;0.0;161.57747;0.0;115.50353;277.081;0.0;20.0;5541.620000000001
0;1;58;306.03299999999996;0.0;239.3834;0.0;66.6496;306.033;0.0;20.0;6120.66
0;1;59;290.30400000000003;0.0;290.304;0.0;0.0;290.304;0.0;20.0;5806.08
0;1;60;295.875;0.0;295.875;0.0;0.0;295.875;0.0;20.0;5917.5
0;1;61;303.369;0.0;303.369;0.0;0.0;303.369;0.0;20.0;6067.380000000001
0;1;62;300.04200000000003;0.0;183.01443;0.0;117.02757;300.042;0.0;20.0;6000.839999999999
0;1;63;434.19000000000005;0.0;0.0;0.0;434.19;434.19;0.0;20.0;8683.8
0;1;64;275.8;0.0;101.55559;0.0;174.24441;275.8;0.0;20.0;5516.0
0;1;65;275.363;0.0;78.73567;0.0;196.62733;275.363;0.0;20.0;5507.26
0;1;66;276.931;0.0;0.0;0.0;276.931;276.931;0.0;20.0;5538.62
0;1;67;417.182;0.0;0.0;0.0;417.182;417.182;0.0;20.0;8343.64
0;1;68;320.126;0.0;0.0;0.0;320.126;320.126;0.0;20.0;6402.5199999999995
0;1;69;201.058;0.0;0.0;0.0;201.058;201.058;0.0;20.0;4021.16
0;1;70;199.677;0.0;0.0;0.0;199.677;199.677;0.0;20.0;3993.54
0;1;71;176.136;0.0;0.0;0.0;176.136;176.136;0.0;20.0;3522.72
0;1;72;141.081;0.0;0.0;0.0;141.081;141.081;0.0;20.0;2821.62
0;1;73;139.87;0.0;0.0;0.0;139.87;139.87;0.0;20.0;2797.4
0;1;74;141.628;0.0;0.0;0.0;141.628;141.628;0.0;20.0;2832.5599999999995
0;1;75;140.025;0.0;0.0;0.0;140.025;140.025;0.0;20.0;2800.5
0;1;76;140.688;0.0;0.0;0.0;140.688;140.688;0.0;20.0;2813.7599999999998
0;1;77;142.174;0.0;0.0;0.0;142.174;142.174;0.0;20.0;2843.48
0;1;78;142.286;0.0;0.0;0.0;142.286;142.286;0.0;20.0;2845.7200000000003
0;1;79;129.28;0.0;9.9837;0.0;119.2963;129.28;0.0;20.0;2585.6
0;1;80;131.81;0.0;85.04949;0.0;46.76051;131.81;0.0;20.0;2636.2
0;1;81;147.33599999999998;0.0;147.336;0.0;0.0;147.336;0.0;20.0;2946.7200000000003
0;1;82;156.28;0.0;156.28;0.0;0.0;156.28;0.0;20.0;3125.6
0;1;83;153.555;0.0;153.555;0.0;0.0;153.555;0.0;20.0;3071.1000000000004
0;1;84;150.328;0.0;150.328;0.0;0.0;150.328;0.0;20.0;3006.56
0;1;85;155.90800000000002;0.0;155.908;0.0;0.0;155.908;0.0;20.0;3118.16
0;1;86;152.091;0.0;152.091;0.0;0.0;152.091;0.0;20.0;3041.82
0;1;87;297.76800000000003;0.0;202.41923;0.0;95.34877;297.768;0.0;20.0;5955.36
0;1;88;138.332;0.0;123.79395;0.0;14.53805;138.332;0.0;20.0;2766.64
0;1;89;143.027;0.0;56.2674;0.0;86.7596;143.027;0.0;20.0;2860.54
0;1;90;136.259;0.0;15.2556;0.0;121.0034;136.259;0.0;20.0;2725.18
0;1;91;216.486;0.0;0.0;0.0;216.486;216.486;0.0;20.0;4329.719999999999
0;1;92;217.115;0.0;0.0;0.0;217.115;217.115;0.0;20.0;4342.3
0;1;93;203.757;0.0;0.0;0.0;203.757;203.757;0.0;20.0;4075.1400000000003
0;1;94;197.32;0.0;0.0;0.0;197.32;197.32;0.0;20.0;3946.3999999999996
0;1;95;170.575;0.0;0.0;0.0;170.575;170.575;0.0;20.0;3411.5
0;1;96;139.207;0.0;0.0;0.0;139.207;139.207;0.0;20.0;2784.14
0;1;97;143.966;0.0;0.0;0.0;143.966;143.966;0.0;20.0;2879.32
0;1;98;141.496;0.0;0.0;0.0;141.496;141.496;0.0;20.0;2829.92
0;1;99;140.971;0.0;0.0;0.0;140.971;140.971;0.0;20.0;2819.42
0;1;100;140.98;0.0;0.0;0.0;140.98;140.98;0.0;20.0;2819.6
0;1;101;145.436;0.0;0.0;0.0;145.436;145.436;0.0;20.0;2908.7200000000003
0;1;102;144.895;0.0;0.0;0.0;144.895;144.895;0.0;20.0;2897.9
0;1;103;307.568;0.0;5.98447;0.0;301.58353;307.568;0.0;20.0;6151.36
0;1;104;290.08;0.0;51.11862;0.0;238.96138;290.08;0.0;20.0;5801.599999999999
0;1;105;352.081;0.0;61.18213;0.0;290.89887;352.081;0.0;20.0;7041.620000000001
0;1;106;370.95799999999997;0.0;186.29965;0.0;184.65835;370.958;0.0;20.0;7419.160000000001
0;1;107;367.953;0.0;341.72292;0.0;26.23008;367.953;0.0;20.0;7359.0599999999995
0;1;108;350.831;0.0;350.831;0.0;0.0;350.831;0.0;20.0;7016.620000000001
0;1;109;344.077;0.0;310.33042;0.0;33.74658;344.077;0.0;20.0;6881.54
0;1;110;367.403;0.0;128.73832;0.0;238.66468;367.403;0.0;20.0;7348.06
0;1;111;336.031;0.0;100.9729;0.0;235.0581;336.031;0.0;20.0;6720.62
0;1;112;327.85699999999997;0.0;76.41747;0.0;251.43953;327.857;0.0;20.0;6557.14
0;1;113;428.12;0.0;0.0;0.0;428.12;428.12;0.0;20.0;8562.4
0;1;114;285.572;0.0;10.44878;0.0;275.12322;285.572;0.0;20.0;5711.4400000000005
0;1;115;435.165;0.0;0.0;0.0;435.165;435.165;0.0;20.0;8703.300000000001
0;1;116;315.783;0.0;0.0;0.0;315.783;315.783;0.0;20.0;6315.66
0;1;117;215.286;0.0;0.0;0.0;215.286;215.286;0.0;20.0;4305.72
0;1;118;196.009;0.0;0.0;0.0;196.009;196.009;0.0;20.0;3920.18
0;1;119;170.037;0.0;0.0;0.0;170.037;170.037;0.0;20.0;3400.7400000000002
0;1;120;138.708;0.0;0.0;0.0;138.708;138.708;0.0;20.0;2774.16
0;1;121;143.878;0.0;0.0;0.0;143.878;143.878;0.0;20.0;2877.5599999999995
0;1;122;142.194;0.0;0.0;0.0;142.194;142.194;0.0;20.0;2843.8799999999997
0;1;123;141.333;0.0;0.0;0.0;141.333;141.333;0.0;20.0;2826.66
0;1;124;140.624;0.0;0.0;0.0;140.624;140.624;0.0;20.0;2812.48
0;1;125;138.629;0.0;0.0;0.0;138.629;138.629;0.0;20.0;2772.58
0;1;126;146.199;0.0;0.0;0.0;146.199;146.199;0.0;20.0;2923.9800000000005
0;1;127;361.921;0.0;0.0;0.0;361.921;361.921;0.0;20.0;7238.42
0;1;128;319.205;0.0;75.93091;0.0;243.27409;319.205;0.0;20.0;6384.099999999999
0;1;129;355.35900000000004;0.0;186.06704;0.0;169.29196;355.359;0.0;20.0;7107.179999999999
0;1;130;361.20099999999996;0.0;274.55119;0.0;86.64981;361.201;0.0;20.0;7224.02
0;1;131;357.283;0.0;344.99625;0.0;12.28675;357.283;0.0;20.0;7145.66
0;1;132;339.299;0.0;339.299;0.0;0.0;339.299;0.0;20.0;6785.98
0;1;133;350.17900000000003;0.0;349.00505;0.0;1.17395;350.179;0.0;20.0;7003.58
0;1;134;364.205;0.0;275.63435;0.0;88.57065;364.205;0.0;20.0;7284.099999999999
0;1;135;337.406;0.0;186.68887;0.0;150.71713;337.406;0.0;20.0;6748.12
0;1;136;320.508;0.0;132.88702;0.0;187.62098;320.508;0.0;20.0;6410.16
0;1;137;432.55600000000004;0.0;39.03223;0.0;393.52377;432.556;0.0;20.0;8651.119999999999
0;1;138;279.307;0.0;6.30321;0.0;273.00379;279.307;0.0;20.0;5586.14
0;1;139;412.788;0.0;0.0;0.0;412.788;412.788;0.0;20.0;8255.76
0;1;140;331.097;0.0;0.0;0.0;331.097;331.097;0.0;20.0;6621.94
0;1;141;205.919;0.0;0.0;0.0;205.919;205.919;0.0;20.0;4118.38
0;1;142;196.643;0.0;0.0;0.0;196.643;196.643;0.0;20.0;3932.86
0;1;143;190.07;0.0;0.0;0.0;190.07;190.07;0.0;20.0;3801.3999999999996
0;1;144;137.15;0.0;0.0;0.0;137.15;137.15;0.0;20.0;2743.0
0;1;145;139.893;0.0;0.0;0.0;139.893;139.893;0.0;20.0;2797.86
0;1;146;141.133;0.0;0.0;0.0;141.133;141.133;0.0;20.0;2822.6600000000003
0;1;147;143.96;0.0;0.0;0.0;143.96;143.96;0.0;20.0;2879.2000000000003
0;1;148;139.296;0.0;0.0;0.0;139.296;139.296;0.0;20.0;2785.92
0;1;149;140.859;0.0;0.0;0.0;140.859;140.859;0.0;20.0;2817.1800000000003
0;1;150;147.599;0.0;0.0;0.0;147.599;147.599;0.0;20.0;2951.9799999999996
0;1;151;322.433;0.0;0.0;0.0;322.433;322.433;0.0;20.0;6448.66
0;1;152;319.858;0.0;75.24064;0.0;244.61736;319.858;0.0;20.0;6397.16
0;1;153;343.336;0.0;184.45862;0.0;158.87738;343.336;0.0;20.0;6866.72
0;1;154;366.159;0.0;283.14166;0.0;83.01734;366.159;0.0;20.0;7323.18
0;1;155;358.28999999999996;0.0;348.08982;0.0;10.20018;358.29;0.0;20.0;7165.8
0;1;156;340.79900000000004;0.0;340.799;0.0;0.0;340.799;0.0;20.0;6815.98
0;1;157;340.094;0.0;340.094;0.0;0.0;340.094;0.0;20.0;6801.88
0;1;158;342.674;0.0;266.02173;0.0;76.65227;342.674;0.0;20.0;6853.48
0;1;159;513.7189999999999;0.0;145.55963;0.0;368.15937;513.719;0.0;20.0;10274.380000000001
0;1;160;310.695;0.0;161.33043;0.0;149.36457;310.695;0.0;20.0;6213.9
0;1;161;404.665;0.0;31.71121;0.0;372.95379;404.665;0.0;20.0;8093.3
0;1;162;284.153;0.0;22.31989;0.0;261.83311;284.153;0.0;20.0;5683.06
0;1;163;424.05;0.0;0.0;0.0;424.05;424.05;0.0;20.0;8481.0
0;1;164;326.323;0.0;0.0;0.0;326.323;326.323;0.0;20.0;6526.459999999999
0;1;165;195.09;0.0;0.0;0.0;195.09;195.09;0.0;20.0;3901.8
0;1;166;183.67;0.0;0.0;0.0;183.67;183.67;0.0;20.0;3673.3999999999996
0;1;167;168.527;0.0;0.0;0.0;168.527;168.527;0.0;20.0;3370.54
0;2;0;465.23;0.0;0.0;0.0;465.23;465.23;0.0;12.0;5582.76
0;2;1;474.033;0.0;0.0;0.0;474.033;474.033;0.0;12.0;5688.396000000001
0;2;2;478.95799999999997;0.0;0.0;0.0;478.958;478.958;0.0;12.0;5747.496
0;2;3;141.614;0.0;0.0;0.0;141.614;141.614;0.0;12.0;1699.368
0;2;4;141.023;0.0;0.0;0.0;141.023;141.023;0.0;12.0;1692.2759999999998
0;2;5;207.44;0.0;0.0;0.0;207.44;207.44;0.0;12.0;2489.2799999999997
0;2;6;147.377;0.0;0.0;0.0;147.377;147.377;0.0;12.0;1768.5240000000001
0;2;7;611.685;0.0;0.0;0.0;611.685;611.685;0.0;12.0;7340.219999999999
0;2;8;485.623;0.0;0.0;0.0;485.623;485.623;0.0;12.0;5827.476
0;2;9;463.212;0.0;121.61021;0.0;341.60179;463.212;0.0;12.0;5558.544
0;2;10;450.326;0.0;213.31151;0.0;237.01449;450.326;0.0;12.0;5403.912
0;2;11;417.257;0.0;287.46614;0.0;129.79086;417.257;0.0;12.0;5007.084
0;2;12;385.853;0.0;328.41638;0.0;57.43662;385.853;0.0;12.0;4630.236
0;2;13;605.216;0.0;230.34049;0.0;374.87551;605.216;0.0;12.0;7262.592000000001
0;2;14;621.21;0.0;90.1012;0.0;531.1088;621.21;0.0;12.0;7454.52
0;2;15;595.8309999999999;0.0;32.17458;0.0;563.65642;595.831;0.0;12.0;7149.972
0;2;16;581.972;0.0;27.15646;0.0;554.81554;581.972;0.0;12.0;6983.664
0;2;17;574.9780000000001;0.0;0.0;0.0;574.978;574.978;0.0;12.0;6899.735999999999
0;2;18;653.8309999999999;0.0;0.0;0.0;653.831;653.831;0.0;12.0;7845.972
0;2;19;715.742;0.0;0.0;0.0;715.742;715.742;0.0;12.0;8588.903999999999
0;2;20;383.805;0.0;0.0;0.0;383.805;383.805;0.0;12.0;4605.66
0;2;21;205.027;0.0;0.0;0.0;205.027;205.027;0.0;12.0;2460.3239999999996
0;2;22;199.037;0.0;0.0;0.0;199.037;199.037;0.0;12.0;2388.444
0;2;23;179.573;0.0;0.0;0.0;179.573;179.573;0.0;12.0;2154.876
0;2;24;135.629;0.0;0.0;0.0;135.629;135.629;0.0;12.0;1627.5479999999998
0;2;25;143.648;0.0;0.0;0.0;143.648;143.648;0.0;12.0;1723.7759999999998
0;2;26;141.031;0.0;0.0;0.0;141.031;141.031;0.0;12.0;1692.372
0;2;27;146.909;0.0;0.0;0.0;146.909;146.909;0.0;12.0;1762.908
0;2;28;139.867;0.0;0.0;0.0;139.867;139.867;0.0;12.0;1678.404
0;2;29;141.401;0.0;0.0;0.0;141.401;141.401;0.0;12.0;1696.8120000000001
0;2;30;148.999;0.0;0.0;0.0;148.999;148.999;0.0;12.0;1787.9879999999998
0;2;31;387.572;0.0;0.0;0.0;387.572;387.572;0.0;12.0;4650.864
0;2;32;474.568;0.0;7.67545;0.0;466.89255;474.568;0.0;12.0;5694.816
0;2;33;442.304;0.0;94.54629;0.0;347.75771;442.304;0.0;12.0;5307.647999999999
0;2;34;432.687;0.0;192.047;0.0;240.64;432.687;0.0;12.0;5192.244000000001
0;2;35;397.78999999999996;0.0;259.88108;0.0;137.90892;397.79;0.0;12.0;4773.4800000000005
0;2;36;368.843;0.0;287.49671;0.0;81.34629;368.843;0.0;12.0;4426.116
0;2;37;362.341;0.0;215.98809;0.0;146.35291;362.341;0.0;12.0;4348.092000000001
0;2;38;608.892;0.0;208.13806;0.0;400.75394;608.892;0.0;12.0;7306.704000000001
0;2;39;325.423;0.0;134.08248;0.0;191.34052;325.423;0.0;12.0;3905.076
0;2;40;520.482;0.0;27.58577;0.0;492.89623;520.482;0.0;12.0;6245.784
0;2;41;301.715;0.0;0.00073;0.0;301.71427;301.715;0.0;12.0;3620.58
0;2;42;385.606;0.0;0.0;0.0;385.606;385.606;0.0;12.0;4627.272
0;2;43;422.38;0.0;0.0;0.0;422.38;422.38;0.0;12.0;5068.5599999999995
0;2;44;339.174;0.0;0.0;0.0;339.174;339.174;0.0;12.0;4070.0879999999997
0;2;45;202.295;0.0;0.0;0.0;202.295;202.295;0.0;12.0;2427.54
0;2;46;199.889;0.0;0.0;0.0;199.889;199.889;0.0;12.0;2398.668
0;2;47;177.279;0.0;0.0;0.0;177.279;177.279;0.0;12.0;2127.348
0;2;48;140.082;0.0;0.0;0.0;140.082;140.082;0.0;12.0;1680.984
0;2;49;144.86;0.0;0.0;0.0;144.86;144.86;0.0;12.0;1738.3200000000002
0;2;50;141.805;0.0;0.0;0.0;141.805;141.805;0.0;12.0;1701.66
0;2;51;162.787;0.0;0.0;0.0;162.787;162.787;0.0;12.0;1953.444
0;2;52;163.365;0.0;0.0;0.0;163.365;163.365;0.0;12.0;1960.38
0;2;53;165.767;0.0;0.0;0.0;165.767;165.767;0.0;12.0;1989.204
0;2;54;169.47899999999998;0.0;0.0;0.0;169.479;169.479;0.0;12.0;2033.748
0;2;55;412.713;0.0;0.0;0.0;412.713;412.713;0.0;12.0;4952.5560000000005
0;2;56;392.317;0.0;0.0;0.0;392.317;392.317;0.0;12.0;4707.804
0;2;57;326.753;0.0;0.0;0.0;326.753;326.753;0.0;12.0;3921.036
0;2;58;346.13;0.0;0.0;0.0;346.13;346.13;0.0;12.0;4153.5599999999995
0;2;59;341.341;0.0;0.0;0.0;341.341;341.341;0.0;12.0;4096.092000000001
0;2;60;288.69;0.0;0.00082;0.0;288.68918;288.69;0.0;12.0;3464.2799999999997
0;2;61;305.002;0.0;0.0;0.0;305.002;305.002;0.0;12.0;3660.0240000000003
0;2;62;311.026;0.0;0.0;0.0;311.026;311.026;0.0;12.0;3732.312
0;2;63;471.379;0.0;0.0;0.0;471.379;471.379;0.0;12.0;5656.548000000001
0;2;64;293.481;0.0;0.0;0.0;293.481;293.481;0.0;12.0;3521.772
0;2;65;339.236;0.0;0.0;0.0;339.236;339.236;0.0;12.0;4070.832
0;2;66;407.754;0.0;0.0;0.0;407.754;407.754;0.0;12.0;4893.048000000001
0;2;67;426.945;0.0;0.0;0.0;426.945;426.945;0.0;12.0;5123.34
0;2;68;322.845;0.0;0.0;0.0;322.845;322.845;0.0;12.0;3874.1400000000003
0;2;69;202.863;0.0;0.0;0.0;202.863;202.863;0.0;12.0;2434.3559999999998
0;2;70;199.447;0.0;0.0;0.0;199.447;199.447;0.0;12.0;2393.364
0;2;71;167.515;0.0;0.0;0.0;167.515;167.515;0.0;12.0;2010.1799999999998
0;2;72;428.752;0.0;0.0;0.0;428.752;428.752;0.0;12.0;5145.024
0;2;73;144.03;0.0;0.0;0.0;144.03;144.03;0.0;12.0;1728.3600000000001
0;2;74;140.546;0.0;0.0;0.0;140.546;140.546;0.0;12.0;1686.552
0;2;75;142.106;0.0;0.0;0.0;142.106;142.106;0.0;12.0;1705.272
0;2;76;139.135;0.0;0.0;0.0;139.135;139.135;0.0;12.0;1669.62
0;2;77;139.833;0.0;0.0;0.0;139.833;139.833;0.0;12.0;1677.996
0;2;78;145.338;0.0;0.0;0.0;145.338;145.338;0.0;12.0;1744.056
0;2;79;154.103;0.0;0.0;0.0;154.103;154.103;0.0;12.0;1849.236
0;2;80;261.547;0.0;0.0;0.0;261.547;261.547;0.0;12.0;3138.5640000000003
0;2;81;135.919;0.0;0.0;0.0;135.919;135.919;0.0;12.0;1631.0280000000002
0;2;82;209.039;0.0;0.0;0.0;209.039;209.039;0.0;12.0;2508.468
0;2;83;190.745;0.0;26.15276;0.0;164.59224;190.745;0.0;12.0;2288.94
0;2;84;175.726;0.0;116.34175;0.0;59.38425;175.726;0.0;12.0;2108.712
0;2;85;177.10299999999998;0.0;61.03038;0.0;116.07262;177.103;0.0;12.0;2125.236
0;2;86;426.81899999999996;0.0;0.0;0.0;426.819;426.819;0.0;12.0;5121.828
0;2;87;417.323;0.0;0.0;0.0;417.323;417.323;0.0;12.0;5007.876
0;2;88;428.251;0.0;0.0;0.0;428.251;428.251;0.0;12.0;5139.012
0;2;89;425.986;0.0;0.0;0.0;425.986;425.986;0.0;12.0;5111.832
0;2;90;491.769;0.0;0.0;0.0;491.769;491.769;0.0;12.0;5901.228
0;2;91;215.345;0.0;0.0;0.0;215.345;215.345;0.0;12.0;2584.14
0;2;92;512.609;0.0;0.0;0.0;512.609;512.609;0.0;12.0;6151.308000000001
0;2;93;411.961;0.0;0.0;0.0;411.961;411.961;0.0;12.0;4943.532
0;2;94;493.37;0.0;0.0;0.0;493.37;493.37;0.0;12.0;5920.4400000000005
0;2;95;490.795;0.0;0.0;0.0;490.795;490.795;0.0;12.0;5889.54
0;2;96;160.244;0.0;0.0;0.0;160.244;160.244;0.0;12.0;1922.9279999999999
0;2;97;139.487;0.0;0.0;0.0;139.487;139.487;0.0;12.0;1673.844
0;2;98;138.846;0.0;0.0;0.0;138.846;138.846;0.0;12.0;1666.152
0;2;99;142.762;0.0;0.0;0.0;142.762;142.762;0.0;12.0;1713.144
0;2;100;136.677;0.0;0.0;0.0;136.677;136.677;0.0;12.0;1640.1239999999998
0;2;101;140.519;0.0;0.0;0.0;140.519;140.519;0.0;12.0;1686.228
0;2;102;143.483;0.0;0.0;0.0;143.483;143.483;0.0;12.0;1721.796
0;2;103;688.549;0.0;0.0;0.0;688.549;688.549;0.0;12.0;8262.588
0;2;104;555.902;0.0;0.0;0.0;555.902;555.902;0.0;12.0;6670.8240000000005
0;2;105;544.0999999999999;0.0;50.79316;0.0;493.30684;544.1;0.0;12.0;6529.200000000001
0;2;106;485.364;0.0;81.98636;0.0;403.37764;485.364;0.0;12.0;5824.3679999999995
0;2;107;476.186;0.0;31.03244;0.0;445.15356;476.186;0.0;12.0;5714.232
0;2;108;433.923;0.0;90.01553;0.0;343.90747;433.923;0.0;12.0;5207.076
0;2;109;417.652;0.0;64.99261;0.0;352.65939;417.652;0.0;12.0;5011.824
0;2;110;427.77099999999996;0.0;66.7893;0.0;360.9817;427.771;0.0;12.0;5133.252
0;2;111;397.819;0.0;0.0;0.0;397.819;397.819;0.0;12.0;4773.828
0;2;112;385.72900000000004;0.0;0.0;0.0;385.729;385.729;0.0;12.0;4628.748
0;2;113;554.617;0.0;0.0;0.0;554.617;554.617;0.0;12.0;6655.4039999999995
0;2;114;399.84;0.0;0.0;0.0;399.84;399.84;0.0;12.0;4798.08
0;2;115;420.295;0.0;0.0;0.0;420.295;420.295;0.0;12.0;5043.54
0;2;116;521.924;0.0;0.0;0.0;521.924;521.924;0.0;12.0;6263.088
0;2;117;197.599;0.0;0.0;0.0;197.599;197.599;0.0;12.0;2371.188
0;2;118;396.37;0.0;0.0;0.0;396.37;396.37;0.0;12.0;4756.4400000000005
0;2;119;172.154;0.0;0.0;0.0;172.154;172.154;0.0;12.0;2065.848
0;2;120;250.636;0.0;0.0;0.0;250.636;250.636;0.0;12.0;3007.632
0;2;121;257.54;0.0;0.0;0.0;257.54;257.54;0.0;12.0;3090.4800000000005
0;2;122;257.74699999999996;0.0;0.0;0.0;257.747;257.747;0.0;12.0;3092.964
0;2;123;265.95500000000004;0.0;0.0;0.0;265.955;265.955;0.0;12.0;3191.46
0;2;124;268.755;0.0;0.0;0.0;268.755;268.755;0.0;12.0;3225.06
0;2;125;271.413;0.0;0.0;0.0;271.413;271.413;0.0;12.0;3256.956
0;2;126;284.73699999999997;0.0;0.0;0.0;284.737;284.737;0.0;12.0;3416.844
0;2;127;528.078;0.0;0.0;0.0;528.078;528.078;0.0;12.0;6336.936
0;2;128;461.461;0.0;0.0;0.0;461.461;461.461;0.0;12.0;5537.532
0;2;129;410.264;0.0;0.0;0.0;410.264;410.264;0.0;12.0;4923.168
0;2;130;425.969;0.0;0.0;0.0;425.969;425.969;0.0;12.0;5111.628
0;2;131;399.425;0.0;0.0;0.0;399.425;399.425;0.0;12.0;4793.1
0;2;132;369.94;0.0;37.03823;0.0;332.90177;369.94;0.0;12.0;4439.28
0;2;133;357.70799999999997;0.0;71.95438;0.0;285.75362;357.708;0.0;12.0;4292.496
0;2;134;362.58;0.0;0.0;0.0;362.58;362.58;0.0;12.0;4350.96
0;2;135;363.961;0.0;0.0;0.0;363.961;363.961;0.0;12.0;4367.532
0;2;136;334.019;0.0;0.0;0.0;334.019;334.019;0.0;12.0;4008.228
0;2;137;618.144;0.0;0.0;0.0;618.144;618.144;0.0;12.0;7417.728
0;2;138;660.513;0.0;0.0;0.0;660.513;660.513;0.0;12.0;7926.156000000001
0;2;139;691.218;0.0;0.0;0.0;691.218;691.218;0.0;12.0;8294.616
0;2;140;334.788;0.0;0.0;0.0;334.788;334.788;0.0;12.0;4017.456
0;2;141;242.05399999999997;0.0;0.0;0.0;242.054;242.054;0.0;12.0;2904.648
0;2;142;466.53;0.0;0.0;0.0;466.53;466.53;0.0;12.0;5598.36
0;2;143;179.493;0.0;0.0;0.0;179.493;179.493;0.0;12.0;2153.916
0;2;144;141.131;0.0;0.0;0.0;141.131;141.131;0.0;12.0;1693.5720000000001
0;2;145;145.18;0.0;0.0;0.0;145.18;145.18;0.0;12.0;1742.16
0;2;146;140.491;0.0;0.0;0.0;140.491;140.491;0.0;12.0;1685.8920000000003
0;2;147;140.811;0.0;0.0;0.0;140.811;140.811;0.0;12.0;1689.732
0;2;148;140.741;0.0;0.0;0.0;140.741;140.741;0.0;12.0;1688.8920000000003
0;2;149;141.888;0.0;0.0;0.0;141.888;141.888;0.0;12.0;1702.656
0;2;150;153.283;0.0;0.0;0.0;153.283;153.283;0.0;12.0;1839.3959999999997
0;2;151;433.604;0.0;0.0;0.0;433.604;433.604;0.0;12.0;5203.248
0;2;152;457.463;0.0;0.0;0.0;457.463;457.463;0.0;12.0;5489.5560000000005
0;2;153;487.792;0.0;0.0;0.0;487.792;487.792;0.0;12.0;5853.504
0;2;154;493.541;0.0;0.0;0.0;493.541;493.541;0.0;12.0;5922.492
0;2;155;428.908;0.0;0.0;0.0;428.908;428.908;0.0;12.0;5146.896000000001
0;2;156;376.25100000000003;0.0;0.0;0.0;376.251;376.251;0.0;12.0;4515.012
0;2;157;389.367;0.0;0.0;0.0;389.367;389.367;0.0;12.0;4672.404
0;2;158;392.81600000000003;0.0;0.0;0.0;392.816;392.816;0.0;12.0;4713.7919999999995
0;2;159;448.732;0.0;0.0;0.0;448.732;448.732;0.0;12.0;5384.784000000001
0;2;160;702.223;0.0;0.0;0.0;702.223;702.223;0.0;12.0;8426.676
0;2;161;452.306;0.0;0.0;0.0;452.306;452.306;0.0;12.0;5427.672
0;2;162;412.698;0.0;0.0;0.0;412.698;412.698;0.0;12.0;4952.376
0;2;163;435.919;0.0;0.0;0.0;435.919;435.919;0.0;12.0;5231.028
0;2;164;327.206;0.0;0.0;0.0;327.206;327.206;0.0;12.0;3926.472
0;2;165;207.674;0.0;0.0;0.0;207.674;207.674;0.0;12.0;2492.088
0;2;166;333.21500000000003;0.0;0.0;0.0;333.215;333.215;0.0;12.0;3998.58
0;2;167;451.047;0.0;0.0;0.0;451.047;451.047;0.0;12.0;5412.564
0;3;0;524.183;0.0;0.0;0.0;524.183;524.183;0.0;15.0;7862.745
0;3;1;528.644;0.0;0.0;0.0;528.644;528.644;0.0;15.0;7929.66
0;3;2;522.992;0.0;0.0;0.0;522.992;522.992;0.0;15.0;7844.879999999999
0;3;3;526.0550000000001;0.0;0.0;0.0;526.055;526.055;0.0;15.0;7890.824999999999
0;3;4;527.064;0.0;0.0;0.0;527.064;527.064;0.0;15.0;7905.959999999999
0;3;5;532.608;0.0;0.0;0.0;532.608;532.608;0.0;15.0;7989.119999999999
0;3;6;540.253;0.0;0.0;0.0;540.253;540.253;0.0;15.0;8103.795000000001
0;3;7;835.572;0.0;0.0;0.0;835.572;835.572;0.0;15.0;12533.58
0;3;8;868.1179999999999;0.0;0.0;0.0;868.118;868.118;0.0;15.0;13021.77
0;3;9;842.3130000000001;0.0;0.0;0.0;842.313;842.313;0.0;15.0;12634.695
0;3;10;751.954;0.0;0.0;0.0;751.954;751.954;0.0;15.0;11279.31
0;3;11;706.648;0.0;0.0;0.0;706.648;706.648;0.0;15.0;10599.720000000001
0;3;12;632.1289999999999;0.0;0.0;0.0;632.129;632.129;0.0;15.0;9481.935
0;3;13;604.054;0.0;0.0;0.0;604.054;604.054;0.0;15.0;9060.81
0;3;14;695.663;0.0;0.00077;0.0;695.66223;695.663;0.0;15.0;10434.945
0;3;15;678.174;0.0;0.0;0.0;678.174;678.174;0.0;15.0;10172.61
0;3;16;834.442;0.0;0.0;0.0;834.442;834.442;0.0;15.0;12516.630000000001
0;3;17;825.0930000000001;0.0;0.0;0.0;825.093;825.093;0.0;15.0;12376.394999999999
0;3;18;790.294;0.0;0.0;0.0;790.294;790.294;0.0;15.0;11854.41
0;3;19;586.309;0.0;0.0;0.0;586.309;586.309;0.0;15.0;8794.635
0;3;20;707.8109999999999;0.0;0.0;0.0;707.811;707.811;0.0;15.0;10617.165
0;3;21;595.316;0.0;0.0;0.0;595.316;595.316;0.0;15.0;8929.74
0;3;22;564.73;0.0;0.0;0.0;564.73;564.73;0.0;15.0;8470.95
0;3;23;556.9490000000001;0.0;0.0;0.0;556.949;556.949;0.0;15.0;8354.234999999999
0;3;24;527.432;0.0;0.0;0.0;527.432;527.432;0.0;15.0;7911.4800000000005
0;3;25;535.6320000000001;0.0;0.0;0.0;535.632;535.632;0.0;15.0;8034.48
0;3;26;534.292;0.0;0.0;0.0;534.292;534.292;0.0;15.0;8014.38
0;3;27;531.979;0.0;0.0;0.0;531.979;531.979;0.0;15.0;7979.685
0;3;28;534.683;0.0;0.0;0.0;534.683;534.683;0.0;15.0;8020.245
0;3;29;535.092;0.0;0.0;0.0;535.092;535.092;0.0;15.0;8026.38
0;3;30;542.7149999999999;0.0;0.0;0.0;542.715;542.715;0.0;15.0;8140.725
0;3;31;849.3050000000001;0.0;0.0;0.0;849.305;849.305;0.0;15.0;12739.574999999999
0;3;32;882.3040000000001;0.0;0.0;0.0;882.304;882.304;0.0;15.0;13234.56
0;3;33;850.9169999999999;0.0;0.0;0.0;850.917;850.917;0.0;15.0;12763.755000000001
0;3;34;720.011;0.0;0.0;0.0;720.011;720.011;0.0;15.0;10800.164999999999
0;3;35;680.861;0.0;0.0;0.0;680.861;680.861;0.0;15.0;10212.914999999999
0;3;36;646.537;0.0;0.0;0.0;646.537;646.537;0.0;15.0;9698.055
0;3;37;645.174;0.0;0.0;0.0;645.174;645.174;0.0;15.0;9677.61
0;3;38;736.772;0.0;0.0;0.0;736.772;736.772;0.0;15.0;11051.58
0;3;39;802.604;0.0;0.0;0.0;802.604;802.604;0.0;15.0;12039.060000000001
0;3;40;813.9590000000001;0.0;0.0;0.0;813.959;813.959;0.0;15.0;12209.384999999998
0;3;41;810.1179999999999;0.0;0.0;0.0;810.118;810.118;0.0;15.0;12151.77
0;3;42;788.851;0.0;0.0;0.0;788.851;788.851;0.0;15.0;11832.765
0;3;43;790.2249999999999;0.0;0.0;0.0;790.225;790.225;0.0;15.0;11853.375
0;3;44;710.003;0.0;0.0;0.0;710.003;710.003;0.0;15.0;10650.045
0;3;45;589.414;0.0;0.0;0.0;589.414;589.414;0.0;15.0;8841.21
0;3;46;571.5409999999999;0.0;0.0;0.0;571.541;571.541;0.0;15.0;8573.115000000002
0;3;47;550.614;0.0;0.0;0.0;550.614;550.614;0.0;15.0;8259.210000000001
0;3;48;237.45600000000002;0.0;0.0;0.0;237.456;237.456;0.0;15.0;3561.8399999999997
0;3;49;235.253;0.0;0.0;0.0;235.253;235.253;0.0;15.0;3528.7949999999996
0;3;50;233.639;0.0;0.0;0.0;233.639;233.639;0.0;15.0;3504.585
0;3;51;235.42200000000003;0.0;0.0;0.0;235.422;235.422;0.0;15.0;3531.33
0;3;52;239.292;0.0;0.0;0.0;239.292;239.292;0.0;15.0;3589.38
0;3;53;239.999;0.0;0.0;0.0;239.999;239.999;0.0;15.0;3599.985
0;3;54;247.18399999999997;0.0;0.0;0.0;247.184;247.184;0.0;15.0;3707.7599999999998
0;3;55;511.93499999999995;0.0;0.0;0.0;511.935;511.935;0.0;15.0;7679.025
0;3;56;549.7529999999999;0.0;0.0;0.0;549.753;549.753;0.0;15.0;8246.295
0;3;57;528.611;0.0;0.0;0.0;528.611;528.611;0.0;15.0;7929.165
0;3;58;508.57300000000004;0.0;0.0;0.0;508.573;508.573;0.0;15.0;7628.594999999999
0;3;59;504.70000000000005;0.0;0.0;0.0;504.7;504.7;0.0;15.0;7570.5
0;3;60;412.739;0.0;0.0;0.0;412.739;412.739;0.0;15.0;6191.085
0;3;61;405.45;0.0;0.0;0.0;405.45;405.45;0.0;15.0;6081.75
0;3;62;397.74199999999996;0.0;0.0;0.0;397.742;397.742;0.0;15.0;5966.13
0;3;63;443.337;0.0;0.0;0.0;443.337;443.337;0.0;15.0;6650.055
0;3;64;529.88;0.0;0.0;0.0;529.88;529.88;0.0;15.0;7948.2
0;3;65;765.823;0.0;0.0;0.0;765.823;765.823;0.0;15.0;11487.345
0;3;66;766.6869999999999;0.0;0.0;0.0;766.687;766.687;0.0;15.0;11500.305
0;3;67;547.12;0.0;0.0;0.0;547.12;547.12;0.0;15.0;8206.8
0;3;68;343.946;0.0;0.0;0.0;343.946;343.946;0.0;15.0;5159.1900000000005
0;3;69;208.356;0.0;0.0;0.0;208.356;208.356;0.0;15.0;3125.34
0;3;70;208.378;0.0;0.0;0.0;208.378;208.378;0.0;15.0;3125.6699999999996
0;3;71;336.36400000000003;0.0;0.0;0.0;336.364;336.364;0.0;15.0;5045.46
0;3;72;300.58799999999997;0.0;0.0;0.0;300.588;300.588;0.0;15.0;4508.820000000001
0;3;73;306.168;0.0;0.0;0.0;306.168;306.168;0.0;15.0;4592.52
0;3;74;312.307;0.0;0.0;0.0;312.307;312.307;0.0;15.0;4684.6050000000005
0;3;75;324.139;0.0;0.0;0.0;324.139;324.139;0.0;15.0;4862.085
0;3;76;322.46299999999997;0.0;0.0;0.0;322.463;322.463;0.0;15.0;4836.945000000001
0;3;77;498.677;0.0;0.0;0.0;498.677;498.677;0.0;15.0;7480.155000000001
0;3;78;495.876;0.0;0.0;0.0;495.876;495.876;0.0;15.0;7438.139999999999
0;3;79;515.564;0.0;0.0;0.0;515.564;515.564;0.0;15.0;7733.459999999999
0;3;80;530.259;0.0;0.0;0.0;530.259;530.259;0.0;15.0;7953.885
0;3;81;543.6949999999999;0.0;0.0;0.0;543.695;543.695;0.0;15.0;8155.425000000001
0;3;82;557.543;0.0;0.0;0.0;557.543;557.543;0.0;15.0;8363.145
0;3;83;546.179;0.0;0.0;0.0;546.179;546.179;0.0;15.0;8192.685
0;3;84;526.718;0.0;0.0;0.0;526.718;526.718;0.0;15.0;7900.7699999999995
0;3;85;500.014;0.0;0.0;0.0;500.014;500.014;0.0;15.0;7500.21
0;3;86;503.717;0.0;0.0;0.0;503.717;503.717;0.0;15.0;7555.755
0;3;87;510.274;0.0;0.0;0.0;510.274;510.274;0.0;15.0;7654.11
0;3;88;544.363;0.0;0.0;0.0;544.363;544.363;0.0;15.0;8165.445000000001
0;3;89;562.767;0.0;0.0;0.0;562.767;562.767;0.0;15.0;8441.505000000001
0;3;90;573.84;0.0;0.0;0.0;573.84;573.84;0.0;15.0;8607.6
0;3;91;589.19;0.0;0.0;0.0;589.19;589.19;0.0;15.0;8837.85
0;3;92;591.788;0.0;0.0;0.0;591.788;591.788;0.0;15.0;8876.82
0;3;93;590.302;0.0;0.0;0.0;590.302;590.302;0.0;15.0;8854.53
0;3;94;580.403;0.0;0.0;0.0;580.403;580.403;0.0;15.0;8706.045
0;3;95;559.347;0.0;0.0;0.0;559.347;559.347;0.0;15.0;8390.205
0;3;96;528.048;0.0;0.0;0.0;528.048;528.048;0.0;15.0;7920.72
0;3;97;536.4689999999999;0.0;0.0;0.0;536.469;536.469;0.0;15.0;8047.035000000001
0;3;98;532.726;0.0;0.0;0.0;532.726;532.726;0.0;15.0;7990.89
0;3;99;532.162;0.0;0.0;0.0;532.162;532.162;0.0;15.0;7982.43
0;3;100;533.0889999999999;0.0;0.0;0.0;533.089;533.089;0.0;15.0;7996.335000000001
0;3;101;528.191;0.0;0.0;0.0;528.191;528.191;0.0;15.0;7922.865000000001
0;3;102;530.276;0.0;0.0;0.0;530.276;530.276;0.0;15.0;7954.139999999999
0;3;103;830.144;0.0;0.0;0.0;830.144;830.144;0.0;15.0;12452.16
0;3;104;1451.335;0.0;0.0;0.0;1451.335;1451.335;0.0;15.0;21770.025
0;3;105;1473.5929999999998;0.0;0.0;0.0;1473.593;1473.593;0.0;15.0;22103.895
0;3;106;1434.773;0.0;0.0;0.0;1434.773;1434.773;0.0;15.0;21521.594999999998
0;3;107;1364.151;0.0;0.0;0.0;1364.151;1364.151;0.0;15.0;20462.265
0;3;108;1281.492;0.0;0.0;0.0;1281.492;1281.492;0.0;15.0;19222.38
0;3;109;1185.278;0.0;0.0;0.0;1185.278;1185.278;0.0;15.0;17779.170000000002
0;3;110;1151.9569999999999;0.0;0.0;0.0;1151.957;1151.957;0.0;15.0;17279.355000000003
0;3;111;1155.2600000000002;0.0;0.0;0.0;1155.26;1155.26;0.0;15.0;17328.9
0;3;112;1092.298;0.0;0.0;0.0;1092.298;1092.298;0.0;15.0;16384.47
0;3;113;1064.279;0.0;0.0;0.0;1064.279;1064.279;0.0;15.0;15964.185
0;3;114;1060.237;0.0;0.0;0.0;1060.237;1060.237;0.0;15.0;15903.555
0;3;115;1040.86;0.0;0.0;0.0;1040.86;1040.86;0.0;15.0;15612.899999999998
0;3;116;962.488;0.0;0.0;0.0;962.488;962.488;0.0;15.0;14437.320000000002
0;3;117;884.2049999999999;0.0;0.0;0.0;884.205;884.205;0.0;15.0;13263.075
0;3;118;820.578;0.0;0.0;0.0;820.578;820.578;0.0;15.0;12308.67
0;3;119;803.072;0.0;0.0;0.0;803.072;803.072;0.0;15.0;12046.08
0;3;120;776.5219999999999;0.0;0.0;0.0;776.522;776.522;0.0;15.0;11647.83
0;3;121;780.314;0.0;0.0;0.0;780.314;780.314;0.0;15.0;11704.71
0;3;122;807.3910000000001;0.0;0.0;0.0;807.391;807.391;0.0;15.0;12110.865
0;3;123;835.676;0.0;0.0;0.0;835.676;835.676;0.0;15.0;12535.140000000001
0;3;124;878.716;0.0;0.0;0.0;878.716;878.716;0.0;15.0;13180.74
0;3;125;913.626;0.0;0.0;0.0;913.626;913.626;0.0;15.0;13704.39
0;3;126;941.9230000000001;0.0;0.0;0.0;941.923;941.923;0.0;15.0;14128.845
0;3;127;1073.705;0.0;0.0;0.0;1073.705;1073.705;0.0;15.0;16105.574999999999
0;3;128;1020.0619999999999;0.0;0.0;0.0;1020.062;1020.062;0.0;15.0;15300.93
0;3;129;1006.5699999999999;0.0;0.0;0.0;1006.57;1006.57;0.0;15.0;15098.550000000001
0;3;130;873.274;0.0;0.0;0.0;873.274;873.274;0.0;15.0;13099.11
0;3;131;826.066;0.0;0.0;0.0;826.066;826.066;0.0;15.0;12390.99
0;3;132;706.688;0.0;0.0;0.0;706.688;706.688;0.0;15.0;10600.32
0;3;133;713.832;0.0;0.0;0.0;713.832;713.832;0.0;15.0;10707.48
0;3;134;853.777;0.0;0.0;0.0;853.777;853.777;0.0;15.0;12806.655
0;3;135;861.296;0.0;0.0;0.0;861.296;861.296;0.0;15.0;12919.44
0;3;136;863.057;0.0;0.0;0.0;863.057;863.057;0.0;15.0;12945.855
0;3;137;836.142;0.0;0.0;0.0;836.142;836.142;0.0;15.0;12542.130000000001
0;3;138;786.864;0.0;0.0;0.0;786.864;786.864;0.0;15.0;11802.960000000001
0;3;139;811.774;0.0;0.0;0.0;811.774;811.774;0.0;15.0;12176.61
0;3;140;706.303;0.0;0.0;0.0;706.303;706.303;0.0;15.0;10594.545
0;3;141;596.888;0.0;0.0;0.0;596.888;596.888;0.0;15.0;8953.32
0;3;142;590.72;0.0;0.0;0.0;590.72;590.72;0.0;15.0;8860.800000000001
0;3;143;710.874;0.0;0.0;0.0;710.874;710.874;0.0;15.0;10663.11
0;3;144;734.9;0.0;0.0;0.0;734.9;734.9;0.0;15.0;11023.5
0;3;145;777.568;0.0;0.0;0.0;777.568;777.568;0.0;15.0;11663.52
0;3;146;772.091;0.0;0.0;0.0;772.091;772.091;0.0;15.0;11581.365
0;3;147;812.877;0.0;0.0;0.0;812.877;812.877;0.0;15.0;12193.154999999999
0;3;148;804.763;0.0;0.0;0.0;804.763;804.763;0.0;15.0;12071.445
0;3;149;818.243;0.0;0.0;0.0;818.243;818.243;0.0;15.0;12273.645
0;3;150;838.762;0.0;0.0;0.0;838.762;838.762;0.0;15.0;12581.429999999998
0;3;151;954.0139999999999;0.0;0.0;0.0;954.014;954.014;0.0;15.0;14310.210000000001
0;3;152;902.489;0.0;0.0;0.0;902.489;902.489;0.0;15.0;13537.335000000001
0;3;153;811.852;0.0;0.0;0.0;811.852;811.852;0.0;15.0;12177.779999999999
0;3;154;712.5260000000001;0.0;0.0;0.0;712.526;712.526;0.0;15.0;10687.89
0;3;155;672.294;0.0;0.0;0.0;672.294;672.294;0.0;15.0;10084.41
0;3;156;699.076;0.0;0.0;0.0;699.076;699.076;0.0;15.0;10486.14
0;3;157;759.2470000000001;0.0;0.0;0.0;759.247;759.247;0.0;15.0;11388.705
0;3;158;626.792;0.0;0.0;0.0;626.792;626.792;0.0;15.0;9401.880000000001
0;3;159;746.8050000000001;0.0;0.0;0.0;746.805;746.805;0.0;15.0;11202.074999999999
0;3;160;730.751;0.0;0.0;0.0;730.751;730.751;0.0;15.0;10961.265
0;3;161;757.273;0.0;0.0;0.0;757.273;757.273;0.0;15.0;11359.095000000001
0;3;162;768.446;0.0;0.0;0.0;768.446;768.446;0.0;15.0;11526.69
0;3;163;771.559;0.0;0.0;0.0;771.559;771.559;0.0;15.0;11573.385
0;3;164;695.425;0.0;0.0;0.0;695.425;695.425;0.0;15.0;10431.375
0;3;165;548.895;0.0;0.0;0.0;548.895;548.895;0.0;15.0;8233.425
0;3;166;539.2529999999999;0.0;0.0;0.0;539.253;539.253;0.0;15.0;8088.795000000001
0;3;167;527.322;0.0;0.0;0.0;527.322;527.322;0.0;15.0;7909.83
5;0;0;147.77;0.0;0.0;0.0;147.77;147.77;0.0;5.0;738.85
5;0;1;490.566;0.0;0.0;0.0;490.566;490.566;0.0;5.0;2452.83
5;0;2;207.14100000000002;0.0;0.0;0.0;207.141;207.141;0.0;5.0;1035.705
5;0;3;389.321;0.0;0.0;0.0;389.321;389.321;0.0;5.0;1946.605
5;0;4;396.906;0.0;0.0;0.0;396.906;396.906;0.0;5.0;1984.53
5;0;5;401.326;0.0;0.0;0.0;401.326;401.326;0.0;5.0;2006.63
5;0;6;424.402;0.0;0.0;0.0;424.402;424.402;0.0;5.0;2122.0099999999998
5;0;7;683.861;0.0;0.0;0.0;683.861;683.861;0.0;5.0;3419.305
5;0;8;676.259;0.0;0.0;0.0;676.259;676.259;0.0;5.0;3381.295
5;0;9;559.219;0.0;0.0;0.0;559.219;559.219;0.0;5.0;2796.0950000000003
5;0;10;553.2059999999999;0.0;0.0;0.0;553.206;553.206;0.0;5.0;2766.03
5;0;11;531.013;0.0;0.0;0.0;531.013;531.013;0.0;5.0;2655.065
5;0;12;485.922;0.0;0.0;0.0;485.922;485.922;0.0;5.0;2429.61
5;0;13;618.8109999999999;0.0;0.0;0.0;618.811;618.811;0.0;5.0;3094.0550000000003
5;0;14;392.271;0.0;0.0;0.0;392.271;392.271;0.0;5.0;1961.355
5;0;15;473.448;0.0;0.0;0.0;473.448;473.448;0.0;5.0;2367.24
5;0;16;456.583;0.0;0.0;0.0;456.583;456.583;0.0;5.0;2282.915
5;0;17;552.829;0.0;0.0;0.0;552.829;552.829;0.0;5.0;2764.1449999999995
5;0;18;754.854;0.0;0.0;0.0;754.854;754.854;0.0;5.0;3774.2700000000004
5;0;19;444.103;0.0;0.0;0.0;444.103;444.103;0.0;5.0;2220.515
5;0;20;496.14;0.0;0.0;0.0;496.14;496.14;0.0;5.0;2480.7
5;0;21;534.567;0.0;0.0;0.0;534.567;534.567;0.0;5.0;2672.835
5;0;22;524.366;0.0;0.0;0.0;524.366;524.366;0.0;5.0;2621.83
5;0;23;517.325;0.0;0.0;0.0;517.325;517.325;0.0;5.0;2586.625
5;0;24;148.336;0.0;0.0;0.0;148.336;148.336;0.0;5.0;741.6800000000001
5;0;25;147.39;0.0;0.0;0.0;147.39;147.39;0.0;5.0;736.9499999999999
5;0;26;386.09000000000003;0.0;0.0;0.0;386.09;386.09;0.0;5.0;1930.4499999999998
5;0;27;496.58799999999997;0.0;0.0;0.0;496.588;496.588;0.0;5.0;2482.94
5;0;28;498.64599999999996;0.0;0.0;0.0;498.646;498.646;0.0;5.0;2493.23
5;0;29;503.91200000000003;0.0;0.0;0.0;503.912;503.912;0.0;5.0;2519.56
5;0;30;190.355;0.0;0.0;0.0;190.355;190.355;0.0;5.0;951.775
5;0;31;720.078;0.0;0.0;0.0;720.078;720.078;0.0;5.0;3600.39
5;0;32;711.652;0.0;0.0;0.0;711.652;711.652;0.0;5.0;3558.26
5;0;33;590.942;0.0;0.0;0.0;590.942;590.942;0.0;5.0;2954.71
5;0;34;575.342;0.0;0.0;0.0;575.342;575.342;0.0;5.0;2876.71
5;0;35;540.3389999999999;0.0;5.64587;0.0;534.69313;540.339;0.0;5.0;2701.695
5;0;36;533.353;0.0;0.0;0.0;533.353;533.353;0.0;5.0;2666.765
5;0;37;497.17699999999996;0.0;79.04103;0.0;418.13597;497.177;0.0;5.0;2485.885
5;0;38;506.45;0.0;106.5139;0.0;399.9361;506.45;0.0;5.0;2532.25
5;0;39;471.248;0.0;56.00168;0.0;415.24632;471.248;0.0;5.0;2356.24
5;0;40;655.846;0.0;0.0;0.0;655.846;655.846;0.0;5.0;3279.23
5;0;41;700.656;0.0;0.0;0.0;700.656;700.656;0.0;5.0;3503.2799999999997
5;0;42;749.919;0.0;0.0;0.0;749.919;749.919;0.0;5.0;3749.595
5;0;43;782.4;0.0;0.0;0.0;782.4;782.4;0.0;5.0;3912.0
5;0;44;667.108;0.0;0.0;0.0;667.108;667.108;0.0;5.0;3335.54
5;0;45;217.236;0.0;0.0;0.0;217.236;217.236;0.0;5.0;1086.1799999999998
5;0;46;247.209;0.0;0.0;0.0;247.209;247.209;0.0;5.0;1236.045
5;0;47;180.544;0.0;0.0;0.0;180.544;180.544;0.0;5.0;902.72
5;0;48;146.92;0.0;0.0;0.0;146.92;146.92;0.0;5.0;734.5999999999999
5;0;49;149.82;0.0;0.0;0.0;149.82;149.82;0.0;5.0;749.0999999999999
5;0;50;150.462;0.0;0.0;0.0;150.462;150.462;0.0;5.0;752.31
5;0;51;144.922;0.0;0.0;0.0;144.922;144.922;0.0;5.0;724.61
5;0;52;147.904;0.0;0.0;0.0;147.904;147.904;0.0;5.0;739.52
5;0;53;235.99200000000002;0.0;0.0;0.0;235.992;235.992;0.0;5.0;1179.96
5;0;54;251.32799999999997;0.0;0.0;0.0;251.328;251.328;0.0;5.0;1256.64
5;0;55;525.639;0.0;0.0;0.0;525.639;525.639;0.0;5.0;2628.195
5;0;56;523.847;0.0;0.0;0.0;523.847;523.847;0.0;5.0;2619.2349999999997
5;0;57;425.932;0.0;0.0;0.0;425.932;425.932;0.0;5.0;2129.66
5;0;58;402.738;0.0;0.0;0.0;402.738;402.738;0.0;5.0;2013.69
5;0;59;399.329;0.0;3.03926;0.0;396.28974;399.329;0.0;5.0;1996.645
5;0;60;556.209;0.0;0.0;0.0;556.209;556.209;0.0;5.0;2781.0449999999996
5;0;61;345.73;0.0;0.0;0.0;345.73;345.73;0.0;5.0;1728.65
5;0;62;367.695;0.0;0.0;0.0;367.695;367.695;0.0;5.0;1838.475
5;0;63;388.871;0.0;2.77738;0.0;386.09362;388.871;0.0;5.0;1944.355
5;0;64;377.6;0.0;6.61968;0.0;370.98032;377.6;0.0;5.0;1888.0
5;0;65;427.33000000000004;0.0;0.0;0.0;427.33;427.33;0.0;5.0;2136.65
5;0;66;507.897;0.0;0.0;0.0;507.897;507.897;0.0;5.0;2539.485
5;0;67;762.457;0.0;0.0;0.0;762.457;762.457;0.0;5.0;3812.285
5;0;68;647.267;0.0;0.0;0.0;647.267;647.267;0.0;5.0;3236.335
5;0;69;513.395;0.0;0.0;0.0;513.395;513.395;0.0;5.0;2566.975
5;0;70;497.22400000000005;0.0;0.0;0.0;497.224;497.224;0.0;5.0;2486.12
5;0;71;501.122;0.0;0.0;0.0;501.122;501.122;0.0;5.0;2505.61
5;0;72;140.001;0.0;0.0;0.0;140.001;140.001;0.0;5.0;700.005
5;0;73;139.906;0.0;0.0;0.0;139.906;139.906;0.0;5.0;699.53
5;0;74;138.774;0.0;0.0;0.0;138.774;138.774;0.0;5.0;693.87
5;0;75;139.524;0.0;0.0;0.0;139.524;139.524;0.0;5.0;697.62
5;0;76;143.338;0.0;0.0;0.0;143.338;143.338;0.0;5.0;716.6899999999999
5;0;77;143.901;0.0;0.0;0.0;143.901;143.901;0.0;5.0;719.5050000000001
5;0;78;143.165;0.0;0.0;0.0;143.165;143.165;0.0;5.0;715.8249999999999
5;0;79;153.595;0.0;0.0;0.0;153.595;153.595;0.0;5.0;767.975
5;0;80;172.307;0.0;0.0;0.0;172.307;172.307;0.0;5.0;861.535
5;0;81;190.246;0.0;0.0;0.0;190.246;190.246;0.0;5.0;951.23
5;0;82;330.155;0.0;0.0;0.0;330.155;330.155;0.0;5.0;1650.7749999999999
5;0;83;373.328;0.0;0.0;0.0;373.328;373.328;0.0;5.0;1866.6399999999999
5;0;84;494.409;0.0;0.0;0.0;494.409;494.409;0.0;5.0;2472.045
5;0;85;492.678;0.0;0.0;0.0;492.678;492.678;0.0;5.0;2463.39
5;0;86;504.591;0.0;0.0;0.0;504.591;504.591;0.0;5.0;2522.955
5;0;87;476.23299999999995;0.0;0.0;0.0;476.233;476.233;0.0;5.0;2381.165
5;0;88;494.63599999999997;0.0;0.0;0.0;494.636;494.636;0.0;5.0;2473.1800000000003
5;0;89;505.754;0.0;0.0;0.0;505.754;505.754;0.0;5.0;2528.77
5;0;90;554.2429999999999;0.0;0.0;0.0;554.243;554.243;0.0;5.0;2771.215
5;0;91;579.737;0.0;0.0;0.0;579.737;579.737;0.0;5.0;2898.685
5;0;92;569.655;0.0;0.0;0.0;569.655;569.655;0.0;5.0;2848.2749999999996
5;0;93;573.411;0.0;0.0;0.0;573.411;573.411;0.0;5.0;2867.055
5;0;94;554.99;0.0;0.0;0.0;554.99;554.99;0.0;5.0;2774.95
5;0;95;539.292;0.0;0.0;0.0;539.292;539.292;0.0;5.0;2696.46
5;0;96;508.573;0.0;0.0;0.0;508.573;508.573;0.0;5.0;2542.865
5;0;97;516.512;0.0;0.0;0.0;516.512;516.512;0.0;5.0;2582.5599999999995
5;0;98;514.5840000000001;0.0;0.0;0.0;514.584;514.584;0.0;5.0;2572.9199999999996
5;0;99;516.966;0.0;0.0;0.0;516.966;516.966;0.0;5.0;2584.83
5;0;100;519.825;0.0;0.0;0.0;519.825;519.825;0.0;5.0;2599.125
5;0;101;518.45;0.0;0.0;0.0;518.45;518.45;0.0;5.0;2592.25
5;0;102;518.121;0.0;0.0;0.0;518.121;518.121;0.0;5.0;2590.605
5;0;103;804.2570000000001;0.0;0.0;0.0;804.257;804.257;0.0;5.0;4021.285
5;0;104;804.649;0.0;0.0;0.0;804.649;804.649;0.0;5.0;4023.245
5;0;105;710.879;0.0;0.0;0.0;710.879;710.879;0.0;5.0;3554.395
5;0;106;718.406;0.0;0.0;0.0;718.406;718.406;0.0;5.0;3592.0299999999997
5;0;107;718.501;0.0;0.0;0.0;718.501;718.501;0.0;5.0;3592.505
5;0;108;707.913;0.0;0.0;0.0;707.913;707.913;0.0;5.0;3539.565
5;0;109;715.8009999999999;0.0;0.0;0.0;715.801;715.801;0.0;5.0;3579.005
5;0;110;699.9570000000001;0.0;0.0;0.0;699.957;699.957;0.0;5.0;3499.785
5;0;111;676.6379999999999;0.0;0.0;0.0;676.638;676.638;0.0;5.0;3383.19
5;0;112;764.071;0.0;0.0;0.0;764.071;764.071;0.0;5.0;3820.355
5;0;113;794.921;0.0;0.0;0.0;794.921;794.921;0.0;5.0;3974.6050000000005
5;0;114;774.488;0.0;0.0;0.0;774.488;774.488;0.0;5.0;3872.4400000000005
5;0;115;785.732;0.0;0.0;0.0;785.732;785.732;0.0;5.0;3928.66
5;0;116;703.087;0.0;0.0;0.0;703.087;703.087;0.0;5.0;3515.435
5;0;117;577.835;0.0;0.0;0.0;577.835;577.835;0.0;5.0;2889.175
5;0;118;566.148;0.0;0.0;0.0;566.148;566.148;0.0;5.0;2830.7400000000002
5;0;119;568.768;0.0;0.0;0.0;568.768;568.768;0.0;5.0;2843.84
5;0;120;518.729;0.0;0.0;0.0;518.729;518.729;0.0;5.0;2593.6450000000004
5;0;121;520.9739999999999;0.0;0.0;0.0;520.974;520.974;0.0;5.0;2604.8700000000003
5;0;122;518.431;0.0;0.0;0.0;518.431;518.431;0.0;5.0;2592.155
5;0;123;523.155;0.0;0.0;0.0;523.155;523.155;0.0;5.0;2615.7749999999996
5;0;124;523.613;0.0;0.0;0.0;523.613;523.613;0.0;5.0;2618.0650000000005
5;0;125;520.325;0.0;0.0;0.0;520.325;520.325;0.0;5.0;2601.625
5;0;126;524.275;0.0;0.0;0.0;524.275;524.275;0.0;5.0;2621.375
5;0;127;812.794;0.0;0.0;0.0;812.794;812.794;0.0;5.0;4063.97
5;0;128;798.454;0.0;0.0;0.0;798.454;798.454;0.0;5.0;3992.2699999999995
5;0;129;670.038;0.0;0.0;0.0;670.038;670.038;0.0;5.0;3350.19
5;0;130;665.274;0.0;0.0;0.0;665.274;665.274;0.0;5.0;3326.37
5;0;131;645.5419999999999;0.0;0.0;0.0;645.542;645.542;0.0;5.0;3227.71
5;0;132;674.712;0.0;0.0;0.0;674.712;674.712;0.0;5.0;3373.56
5;0;133;598.201;0.0;0.0;0.0;598.201;598.201;0.0;5.0;2991.005
5;0;134;607.913;0.0;0.0;0.0;607.913;607.913;0.0;5.0;3039.565
5;0;135;681.184;0.0;0.0;0.0;681.184;681.184;0.0;5.0;3405.92
5;0;136;667.79;0.0;0.0;0.0;667.79;667.79;0.0;5.0;3338.95
5;0;137;667.677;0.0;0.0;0.0;667.677;667.677;0.0;5.0;3338.385
5;0;138;762.539;0.0;0.0;0.0;762.539;762.539;0.0;5.0;3812.6949999999997
5;0;139;788.7460000000001;0.0;0.0;0.0;788.746;788.746;0.0;5.0;3943.73
5;0;140;705.712;0.0;0.0;0.0;705.712;705.712;0.0;5.0;3528.56
5;0;141;586.794;0.0;0.0;0.0;586.794;586.794;0.0;5.0;2933.97
5;0;142;399.727;0.0;0.0;0.0;399.727;399.727;0.0;5.0;1998.6349999999998
5;0;143;571.799;0.0;0.0;0.0;571.799;571.799;0.0;5.0;2858.995
5;0;144;528.656;0.0;0.0;0.0;528.656;528.656;0.0;5.0;2643.2799999999997
5;0;145;535.231;0.0;0.0;0.0;535.231;535.231;0.0;5.0;2676.1549999999997
5;0;146;534.5250000000001;0.0;0.0;0.0;534.525;534.525;0.0;5.0;2672.625
5;0;147;543.051;0.0;0.0;0.0;543.051;543.051;0.0;5.0;2715.255
5;0;148;546.865;0.0;0.0;0.0;546.865;546.865;0.0;5.0;2734.325
5;0;149;553.9739999999999;0.0;0.0;0.0;553.974;553.974;0.0;5.0;2769.8700000000003
5;0;150;559.822;0.0;0.0;0.0;559.822;559.822;0.0;5.0;2799.11
5;0;151;843.425;0.0;0.0;0.0;843.425;843.425;0.0;5.0;4217.125
5;0;152;777.319;0.0;0.0;0.0;777.319;777.319;0.0;5.0;3886.595
5;0;153;731.912;0.0;6.67824;0.0;725.23376;731.912;0.0;5.0;3659.5600000000004
5;0;154;703.376;0.0;54.85616;0.0;648.51984;703.376;0.0;5.0;3516.88
5;0;155;665.79;0.0;0.0;0.0;665.79;665.79;0.0;5.0;3328.95
5;0;156;647.81;0.0;51.55325;0.0;596.25675;647.81;0.0;5.0;3239.0499999999997
5;0;157;694.322;0.0;0.0;0.0;694.322;694.322;0.0;5.0;3471.61
5;0;158;739.799;0.0;0.0;0.0;739.799;739.799;0.0;5.0;3698.995
5;0;159;706.713;0.0;0.0;0.0;706.713;706.713;0.0;5.0;3533.5649999999996
5;0;160;704.027;0.0;0.0;0.0;704.027;704.027;0.0;5.0;3520.135
5;0;161;704.3;0.0;0.0;0.0;704.3;704.3;0.0;5.0;3521.5
5;0;162;793.2660000000001;0.0;0.0;0.0;793.266;793.266;0.0;5.0;3966.33
5;0;163;829.913;0.0;0.0;0.0;829.913;829.913;0.0;5.0;4149.5650000000005
5;0;164;731.063;0.0;0.0;0.0;731.063;731.063;0.0;5.0;3655.315
5;0;165;613.806;0.0;0.0;0.0;613.806;613.806;0.0;5.0;3069.03
5;0;166;606.579;0.0;0.0;0.0;606.579;606.579;0.0;5.0;3032.8949999999995
5;0;167;577.271;0.0;0.0;0.0;577.271;577.271;0.0;5.0;2886.3549999999996
5;1;0;138.851;0.0;0.0;0.0;138.851;138.851;0.0;20.0;2777.02
5;1;1;142.253;0.0;0.0;0.0;142.253;142.253;0.0;20.0;2845.0599999999995
5;1;2;141.421;0.0;0.0;0.0;141.421;141.421;0.0;20.0;2828.42
5;1;3;140.014;0.0;0.0;0.0;140.014;140.014;0.0;20.0;2800.28
5;1;4;141.186;0.0;0.0;0.0;141.186;141.186;0.0;20.0;2823.7200000000003
5;1;5;143.169;0.0;0.0;0.0;143.169;143.169;0.0;20.0;2863.38
5;1;6;146.213;0.0;0.0;0.0;146.213;146.213;0.0;20.0;2924.2599999999998
5;1;7;283.492;0.0;13.50017;0.0;269.99183;283.492;0.0;20.0;5669.84
5;1;8;312.173;0.0;83.38123;0.0;228.79177;312.173;0.0;20.0;6243.46
5;1;9;335.542;0.0;178.17871;0.0;157.36329;335.542;0.0;20.0;6710.839999999999
5;1;10;350.707;0.0;255.24589;0.0;95.46111;350.707;0.0;20.0;7014.139999999999
5;1;11;332.356;0.0;313.95462;0.0;18.40138;332.356;0.0;20.0;6647.12
5;1;12;318.428;0.0;318.428;0.0;0.0;318.428;0.0;20.0;6368.5599999999995
5;1;13;328.607;0.0;328.607;0.0;0.0;328.607;0.0;20.0;6572.14
5;1;14;341.387;0.0;309.84427;0.0;31.54273;341.387;0.0;20.0;6827.74
5;1;15;320.73;0.0;201.49177;0.0;119.23823;320.73;0.0;20.0;6414.6
5;1;16;304.174;0.0;111.62241;0.0;192.55159;304.174;0.0;20.0;6083.48
5;1;17;286.225;0.0;14.18588;0.0;272.03912;286.225;0.0;20.0;5724.5
5;1;18;357.069;0.0;0.0;0.0;357.069;357.069;0.0;20.0;7141.38
5;1;19;418.085;0.0;0.0;0.0;418.085;418.085;0.0;20.0;8361.699999999999
5;1;20;329.895;0.0;0.0;0.0;329.895;329.895;0.0;20.0;6597.9
5;1;21;199.016;0.0;0.0;0.0;199.016;199.016;0.0;20.0;3980.3199999999997
5;1;22;191.234;0.0;0.0;0.0;191.234;191.234;0.0;20.0;3824.6800000000003
5;1;23;173.048;0.0;0.0;0.0;173.048;173.048;0.0;20.0;3460.96
5;1;24;143.238;0.0;0.0;0.0;143.238;143.238;0.0;20.0;2864.76
5;1;25;145.474;0.0;0.0;0.0;145.474;145.474;0.0;20.0;2909.4799999999996
5;1;26;147.199;0.0;0.0;0.0;147.199;147.199;0.0;20.0;2943.9800000000005
5;1;27;145.59699999999998;0.0;0.0;0.0;145.597;145.597;0.0;20.0;2911.94
5;1;28;148.454;0.0;0.0;0.0;148.454;148.454;0.0;20.0;2969.08
5;1;29;159.55599999999998;0.0;0.0;0.0;159.556;159.556;0.0;20.0;3191.1200000000003
5;1;30;145.344;0.0;0.0;0.0;145.344;145.344;0.0;20.0;2906.88
5;1;31;293.29499999999996;0.0;0.0;0.0;293.295;293.295;0.0;20.0;5865.900000000001
5;1;32;331.223;0.0;77.88857;0.0;253.33443;331.223;0.0;20.0;6624.46
5;1;33;334.994;0.0;175.58369;0.0;159.41031;334.994;0.0;20.0;6699.880000000001
5;1;34;356.26;0.0;245.82654;0.0;110.43346;356.26;0.0;20.0;7125.2
5;1;35;354.85400000000004;0.0;316.51069;0.0;38.34331;354.854;0.0;20.0;7097.08
5;1;36;326.46;0.0;326.46;0.0;0.0;326.46;0.0;20.0;6529.2
5;1;37;329.283;0.0;329.283;0.0;0.0;329.283;0.0;20.0;6585.66
5;1;38;363.101;0.0;363.101;0.0;0.0;363.101;0.0;20.0;7262.02
5;1;39;340.83299999999997;0.0;304.49842;0.0;36.33458;340.833;0.0;20.0;6816.660000000001
5;1;40;311.971;0.0;206.191;0.0;105.78;311.971;0.0;20.0;6239.42
5;1;41;421.888;0.0;42.63217;0.0;379.25583;421.888;0.0;20.0;8437.76
5;1;42;279.245;0.0;15.64923;0.0;263.59577;279.245;0.0;20.0;5584.9
5;1;43;417.79;0.0;0.0;0.0;417.79;417.79;0.0;20.0;8355.800000000001
5;1;44;320.656;0.0;0.0;0.0;320.656;320.656;0.0;20.0;6413.12
5;1;45;206.804;0.0;0.0;0.0;206.804;206.804;0.0;20.0;4136.08
5;1;46;192.975;0.0;0.0;0.0;192.975;192.975;0.0;20.0;3859.5
5;1;47;178.724;0.0;0.0;0.0;178.724;178.724;0.0;20.0;3574.4799999999996
5;1;48;139.863;0.0;0.0;0.0;139.863;139.863;0.0;20.0;2797.26
5;1;49;142.22;0.0;0.0;0.0;142.22;142.22;0.0;20.0;2844.4
5;1;50;141.446;0.0;0.0;0.0;141.446;141.446;0.0;20.0;2828.92
5;1;51;140.181;0.0;0.0;0.0;140.181;140.181;0.0;20.0;2803.6200000000003
5;1;52;141.122;0.0;0.0;0.0;141.122;141.122;0.0;20.0;2822.4400000000005
5;1;53;141.979;0.0;0.0;0.0;141.979;141.979;0.0;20.0;2839.5800000000004
5;1;54;145.838;0.0;0.0;0.0;145.838;145.838;0.0;20.0;2916.7599999999998
5;1;55;324.955;0.0;0.0;0.0;324.955;324.955;0.0;20.0;6499.099999999999
5;1;56;285.62;0.0;64.86009;0.0;220.75991;285.62;0.0;20.0;5712.4
5;1;57;277.081;0.0;161.57747;0.0;115.50353;277.081;0.0;20.0;5541.620000000001
5;1;58;305.215;0.0;239.84923;0.0;65.36577;305.215;0.0;20.0;6104.299999999999
5;1;59;289.454;0.0;289.454;0.0;0.0;289.454;0.0;20.0;5789.08
5;1;60;295.1;0.0;295.1;0.0;0.0;295.1;0.0;20.0;5902.0
5;1;61;302.578;0.0;302.578;0.0;0.0;302.578;0.0;20.0;6051.5599999999995
5;1;62;299.315;0.0;183.41747;0.0;115.89753;299.315;0.0;20.0;5986.3
5;1;63;420.612;0.0;0.0;0.0;420.612;420.612;0.0;20.0;8412.24
5;1;64;275.8;0.0;108.14921;0.0;167.65079;275.8;0.0;20.0;5516.0
5;1;65;275.363;0.0;78.73567;0.0;196.62733;275.363;0.0;20.0;5507.26
5;1;66;276.931;0.0;0.0;0.0;276.931;276.931;0.0;20.0;5538.62
5;1;67;417.182;0.0;0.0;0.0;417.182;417.182;0.0;20.0;8343.64
5;1;68;320.126;0.0;0.0;0.0;320.126;320.126;0.0;20.0;6402.5199999999995
5;1;69;201.058;0.0;0.0;0.0;201.058;201.058;0.0;20.0;4021.16
5;1;70;199.677;0.0;0.0;0.0;199.677;199.677;0.0;20.0;3993.54
5;1;71;176.136;0.0;0.0;0.0;176.136;176.136;0.0;20.0;3522.72
5;1;72;141.081;0.0;0.0;0.0;141.081;141.081;0.0;20.0;2821.62
5;1;73;139.87;0.0;0.0;0.0;139.87;139.87;0.0;20.0;2797.4
5;1;74;141.628;0.0;0.0;0.0;141.628;141.628;0.0;20.0;2832.5599999999995
5;1;75;140.025;0.0;0.0;0.0;140.025;140.025;0.0;20.0;2800.5
5;1;76;140.688;0.0;0.0;0.0;140.688;140.688;0.0;20.0;2813.7599999999998
5;1;77;142.174;0.0;0.0;0.0;142.174;142.174;0.0;20.0;2843.48
5;1;78;142.286;0.0;0.0;0.0;142.286;142.286;0.0;20.0;2845.7200000000003
5;1;79;129.28;0.0;9.9837;0.0;119.2963;129.28;0.0;20.0;2585.6
5;1;80;131.81;0.0;85.04949;0.0;46.76051;131.81;0.0;20.0;2636.2
5;1;81;146.415;0.0;146.415;0.0;0.0;146.415;0.0;20.0;2928.2999999999997
5;1;82;155.546;0.0;155.546;0.0;0.0;155.546;0.0;20.0;3110.92
5;1;83;152.627;0.0;152.627;0.0;0.0;152.627;0.0;20.0;3052.54
5;1;84;149.453;0.0;149.453;0.0;0.0;149.453;0.0;20.0;2989.06
5;1;85;155.148;0.0;155.148;0.0;0.0;155.148;0.0;20.0;3102.96
5;1;86;151.34799999999998;0.0;151.348;0.0;0.0;151.348;0.0;20.0;3026.96
5;1;87;284.03;0.0;208.7274;0.0;75.3026;284.03;0.0;20.0;5680.599999999999
5;1;88;138.332;0.0;123.79395;0.0;14.53805;138.332;0.0;20.0;2766.64
5;1;89;143.027;0.0;56.2674;0.0;86.7596;143.027;0.0;20.0;2860.54
5;1;90;136.259;0.0;15.2556;0.0;121.0034;136.259;0.0;20.0;2725.18
5;1;91;216.486;0.0;0.0;0.0;216.486;216.486;0.0;20.0;4329.719999999999
5;1;92;217.115;0.0;0.0;0.0;217.115;217.115;0.0;20.0;4342.3
5;1;93;203.757;0.0;0.0;0.0;203.757;203.757;0.0;20.0;4075.1400000000003
5;1;94;197.32;0.0;0.0;0.0;197.32;197.32;0.0;20.0;3946.3999999999996
5;1;95;170.575;0.0;0.0;0.0;170.575;170.575;0.0;20.0;3411.5
5;1;96;139.207;0.0;0.0;0.0;139.207;139.207;0.0;20.0;2784.14
5;1;97;143.966;0.0;0.0;0.0;143.966;143.966;0.0;20.0;2879.32
5;1;98;141.496;0.0;0.0;0.0;141.496;141.496;0.0;20.0;2829.92
5;1;99;140.971;0.0;0.0;0.0;140.971;140.971;0.0;20.0;2819.42
5;1;100;140.98;0.0;0.0;0.0;140.98;140.98;0.0;20.0;2819.6
5;1;101;145.436;0.0;0.0;0.0;145.436;145.436;0.0;20.0;2908.7200000000003
5;1;102;144.895;0.0;0.0;0.0;144.895;144.895;0.0;20.0;2897.9
5;1;103;307.568;0.0;5.98447;0.0;301.58353;307.568;0.0;20.0;6151.36
5;1;104;290.08;0.0;51.11862;0.0;238.96138;290.08;0.0;20.0;5801.599999999999
5;1;105;350.966;0.0;61.53063;0.0;289.43537;350.966;0.0;20.0;7019.32
5;1;106;369.474;0.0;186.76225;0.0;182.71175;369.474;0.0;20.0;7389.48
5;1;107;366.803;0.0;342.1713;0.0;24.6317;366.803;0.0;20.0;7336.0599999999995
5;1;108;349.691;0.0;349.691;0.0;0.0;349.691;0.0;20.0;6993.82
5;1;109;343.051;0.0;310.75914;0.0;32.29186;343.051;0.0;20.0;6861.0199999999995
5;1;110;366.494;0.0;129.05506;0.0;237.43894;366.494;0.0;20.0;7329.880000000001
5;1;111;334.954;0.0;101.36532;0.0;233.58868;334.954;0.0;20.0;6699.08
5;1;112;326.884;0.0;78.7805;0.0;248.1035;326.884;0.0;20.0;6537.68
5;1;113;416.101;0.0;2.97681;0.0;413.12419;416.101;0.0;20.0;8322.02
5;1;114;285.572;0.0;10.44878;0.0;275.12322;285.572;0.0;20.0;5711.4400000000005
5;1;115;435.165;0.0;0.0;0.0;435.165;435.165;0.0;20.0;8703.300000000001
5;1;116;315.783;0.0;0.0;0.0;315.783;315.783;0.0;20.0;6315.66
5;1;117;215.286;0.0;0.0;0.0;215.286;215.286;0.0;20.0;4305.72
5;1;118;196.009;0.0;0.0;0.0;196.009;196.009;0.0;20.0;3920.18
5;1;119;170.037;0.0;0.0;0.0;170.037;170.037;0.0;20.0;3400.7400000000002
5;1;120;138.708;0.0;0.0;0.0;138.708;138.708;0.0;20.0;2774.16
5;1;121;143.878;0.0;0.0;0.0;143.878;143.878;0.0;20.0;2877.5599999999995
5;1;122;142.194;0.0;0.0;0.0;142.194;142.194;0.0;20.0;2843.8799999999997
5;1;123;141.333;0.0;0.0;0.0;141.333;141.333;0.0;20.0;2826.66
5;1;124;140.624;0.0;0.0;0.0;140.624;140.624;0.0;20.0;2812.48
5;1;125;138.629;0.0;0.0;0.0;138.629;138.629;0.0;20.0;2772.58
5;1;126;146.199;0.0;0.0;0.0;146.199;146.199;0.0;20.0;2923.9800000000005
5;1;127;361.921;0.0;0.0;0.0;361.921;361.921;0.0;20.0;7238.42
5;1;128;319.205;0.0;75.93091;0.0;243.27409;319.205;0.0;20.0;6384.099999999999
5;1;129;354.095;0.0;186.57987;0.0;167.51513;354.095;0.0;20.0;7081.900000000001
5;1;130;359.92199999999997;0.0;275.01855;0.0;84.90345;359.922;0.0;20.0;7198.4400000000005
5;1;131;356.237;0.0;345.51226;0.0;10.72474;356.237;0.0;20.0;7124.740000000001
5;1;132;338.169;0.0;338.169;0.0;0.0;338.169;0.0;20.0;6763.379999999999
5;1;133;349.22400000000005;0.0;349.224;0.0;0.0;349.224;0.0;20.0;6984.48
5;1;134;363.242;0.0;276.09407;0.0;87.14793;363.242;0.0;20.0;7264.84
5;1;135;336.39;0.0;187.11443;0.0;149.27557;336.39;0.0;20.0;6727.799999999999
5;1;136;319.621;0.0;133.22315;0.0;186.39785;319.621;0.0;20.0;6392.42
5;1;137;420.775;0.0;43.75622;0.0;377.01878;420.775;0.0;20.0;8415.5
5;1;138;279.307;0.0;6.30321;0.0;273.00379;279.307;0.0;20.0;5586.14
5;1;139;412.788;0.0;0.0;0.0;412.788;412.788;0.0;20.0;8255.76
5;1;140;331.097;0.0;0.0;0.0;331.097;331.097;0.0;20.0;6621.94
5;1;141;205.919;0.0;0.0;0.0;205.919;205.919;0.0;20.0;4118.38
5;1;142;196.643;0.0;0.0;0.0;196.643;196.643;0.0;20.0;3932.86
5;1;143;190.07;0.0;0.0;0.0;190.07;190.07;0.0;20.0;3801.3999999999996
5;1;144;137.15;0.0;0.0;0.0;137.15;137.15;0.0;20.0;2743.0
5;1;145;139.893;0.0;0.0;0.0;139.893;139.893;0.0;20.0;2797.86
5;1;146;141.133;0.0;0.0;0.0;141.133;141.133;0.0;20.0;2822.6600000000003
5;1;147;143.96;0.0;0.0;0.0;143.96;143.96;0.0;20.0;2879.2000000000003
5;1;148;139.296;0.0;0.0;0.0;139.296;139.296;0.0;20.0;2785.92
5;1;149;140.859;0.0;0.0;0.0;140.859;140.859;0.0;20.0;2817.1800000000003
5;1;150;147.599;0.0;0.0;0.0;147.599;147.599;0.0;20.0;2951.9799999999996
5;1;151;322.433;0.0;0.0;0.0;322.433;322.433;0.0;20.0;6448.66
5;1;152;319.858;0.0;75.24064;0.0;244.61736;319.858;0.0;20.0;6397.16
5;1;153;342.109;0.0;184.87999;0.0;157.22901;342.109;0.0;20.0;6842.179999999999
5;1;154;364.909;0.0;283.68415;0.0;81.22485;364.909;0.0;20.0;7298.18
5;1;155;357.173;0.0;348.56998;0.0;8.60302;357.173;0.0;20.0;7143.46
5;1;156;339.57300000000004;0.0;339.573;0.0;0.0;339.573;0.0;20.0;6791.459999999999
5;1;157;339.137;0.0;339.137;0.0;0.0;339.137;0.0;20.0;6782.74
5;1;158;341.671;0.0;266.41586;0.0;75.25514;341.671;0.0;20.0;6833.42
5;1;159;513.7189999999999;0.0;148.39954;0.0;365.31946;513.719;0.0;20.0;10274.380000000001
5;1;160;310.695;0.0;161.33043;0.0;149.36457;310.695;0.0;20.0;6213.9
5;1;161;355.40500000000003;0.0;90.02734;0.0;265.37766;355.405;0.0;20.0;7108.099999999999
5;1;162;284.153;0.0;22.8601;0.0;261.2929;284.153;0.0;20.0;5683.06
5;1;163;424.05;0.0;0.0;0.0;424.05;424.05;0.0;20.0;8481.0
5;1;164;326.323;0.0;0.0;0.0;326.323;326.323;0.0;20.0;6526.459999999999
5;1;165;195.09;0.0;0.0;0.0;195.09;195.09;0.0;20.0;3901.8
5;1;166;183.67;0.0;0.0;0.0;183.67;183.67;0.0;20.0;3673.3999999999996
5;1;167;168.527;0.0;0.0;0.0;168.527;168.527;0.0;20.0;3370.54
5;2;0;465.23;0.0;0.0;0.0;465.23;465.23;0.0;12.0;5582.76
5;2;1;474.033;0.0;0.0;0.0;474.033;474.033;0.0;12.0;5688.396000000001
5;2;2;478.95799999999997;0.0;0.0;0.0;478.958;478.958;0.0;12.0;5747.496
5;2;3;141.614;0.0;0.0;0.0;141.614;141.614;0.0;12.0;1699.368
5;2;4;141.023;0.0;0.0;0.0;141.023;141.023;0.0;12.0;1692.2759999999998
5;2;5;151.37900000000002;0.0;0.0;0.0;151.379;151.379;0.0;12.0;1816.5479999999998
5;2;6;147.377;0.0;0.0;0.0;147.377;147.377;0.0;12.0;1768.5240000000001
5;2;7;593.567;0.0;0.0;0.0;593.567;593.567;0.0;12.0;7122.804
5;2;8;470.628;0.0;6.97739;0.0;463.65061;470.628;0.0;12.0;5647.536
5;2;9;451.52;0.0;129.75688;0.0;321.76312;451.52;0.0;12.0;5418.24
5;2;10;441.408;0.0;220.90591;0.0;220.50209;441.408;0.0;12.0;5296.896000000001
5;2;11;410.03600000000006;0.0;294.24399;0.0;115.79201;410.036;0.0;12.0;4920.432
5;2;12;380.648;0.0;334.18731;0.0;46.46069;380.648;0.0;12.0;4567.776
5;2;13;605.216;0.0;241.22106;0.0;363.99494;605.216;0.0;12.0;7262.592000000001
5;2;14;621.21;0.0;90.48686;0.0;530.72314;621.21;0.0;12.0;7454.52
5;2;15;595.8309999999999;0.0;32.42277;0.0;563.40823;595.831;0.0;12.0;7149.972
5;2;16;581.972;0.0;27.15646;0.0;554.81554;581.972;0.0;12.0;6983.664
5;2;17;574.9780000000001;0.0;0.0;0.0;574.978;574.978;0.0;12.0;6899.735999999999
5;2;18;653.8309999999999;0.0;0.0;0.0;653.831;653.831;0.0;12.0;7845.972
5;2;19;715.742;0.0;0.0;0.0;715.742;715.742;0.0;12.0;8588.903999999999
5;2;20;326.406;0.0;0.0;0.0;326.406;326.406;0.0;12.0;3916.8720000000003
5;2;21;205.027;0.0;0.0;0.0;205.027;205.027;0.0;12.0;2460.3239999999996
5;2;22;199.037;0.0;0.0;0.0;199.037;199.037;0.0;12.0;2388.444
5;2;23;179.573;0.0;0.0;0.0;179.573;179.573;0.0;12.0;2154.876
5;2;24;135.629;0.0;0.0;0.0;135.629;135.629;0.0;12.0;1627.5479999999998
5;2;25;143.648;0.0;0.0;0.0;143.648;143.648;0.0;12.0;1723.7759999999998
5;2;26;141.031;0.0;0.0;0.0;141.031;141.031;0.0;12.0;1692.372
5;2;27;146.909;0.0;0.0;0.0;146.909;146.909;0.0;12.0;1762.908
5;2;28;139.867;0.0;0.0;0.0;139.867;139.867;0.0;12.0;1678.404
5;2;29;141.401;0.0;0.0;0.0;141.401;141.401;0.0;12.0;1696.8120000000001
5;2;30;148.999;0.0;0.0;0.0;148.999;148.999;0.0;12.0;1787.9879999999998
5;2;31;387.572;0.0;0.0;0.0;387.572;387.572;0.0;12.0;4650.864
5;2;32;342.456;0.0;13.39923;0.0;329.05677;342.456;0.0;12.0;4109.472
5;2;33;432.032;0.0;101.65345;0.0;330.37855;432.032;0.0;12.0;5184.384
5;2;34;425.795;0.0;199.11378;0.0;226.68122;425.795;0.0;12.0;5109.54
5;2;35;392.98499999999996;0.0;266.59182;0.0;126.39318;392.985;0.0;12.0;4715.82
5;2;36;365.224;0.0;295.52181;0.0;69.70219;365.224;0.0;12.0;4382.688
5;2;37;359.597;0.0;220.75998;0.0;138.83702;359.597;0.0;12.0;4315.164
5;2;38;608.892;0.0;209.23748;0.0;399.65452;608.892;0.0;12.0;7306.704000000001
5;2;39;325.423;0.0;135.06661;0.0;190.35639;325.423;0.0;12.0;3905.076
5;2;40;480.207;0.0;26.99185;0.0;453.21515;480.207;0.0;12.0;5762.484
5;2;41;301.715;0.0;0.00073;0.0;301.71427;301.715;0.0;12.0;3620.58
5;2;42;385.606;0.0;0.0;0.0;385.606;385.606;0.0;12.0;4627.272
5;2;43;422.38;0.0;0.0;0.0;422.38;422.38;0.0;12.0;5068.5599999999995
5;2;44;339.174;0.0;0.0;0.0;339.174;339.174;0.0;12.0;4070.0879999999997
5;2;45;202.295;0.0;0.0;0.0;202.295;202.295;0.0;12.0;2427.54
5;2;46;199.889;0.0;0.0;0.0;199.889;199.889;0.0;12.0;2398.668
5;2;47;177.279;0.0;0.0;0.0;177.279;177.279;0.0;12.0;2127.348
5;2;48;140.082;0.0;0.0;0.0;140.082;140.082;0.0;12.0;1680.984
5;2;49;144.86;0.0;0.0;0.0;144.86;144.86;0.0;12.0;1738.3200000000002
5;2;50;141.805;0.0;0.0;0.0;141.805;141.805;0.0;12.0;1701.66
5;2;51;160.931;0.0;0.0;0.0;160.931;160.931;0.0;12.0;1931.172
5;2;52;161.237;0.0;0.0;0.0;161.237;161.237;0.0;12.0;1934.844
5;2;53;163.505;0.0;0.0;0.0;163.505;163.505;0.0;12.0;1962.06
5;2;54;167.176;0.0;0.0;0.0;167.176;167.176;0.0;12.0;2006.1119999999999
5;2;55;409.54400000000004;0.0;0.0;0.0;409.544;409.544;0.0;12.0;4914.528
5;2;56;389.07300000000004;0.0;0.0;0.0;389.073;389.073;0.0;12.0;4668.876
5;2;57;324.457;0.0;0.0;0.0;324.457;324.457;0.0;12.0;3893.484
5;2;58;344.179;0.0;0.0;0.0;344.179;344.179;0.0;12.0;4130.147999999999
5;2;59;337.486;0.0;0.0;0.0;337.486;337.486;0.0;12.0;4049.832
5;2;60;288.69;0.0;0.00082;0.0;288.68918;288.69;0.0;12.0;3464.2799999999997
5;2;61;303.399;0.0;0.0;0.0;303.399;303.399;0.0;12.0;3640.788
5;2;62;309.784;0.0;0.0;0.0;309.784;309.784;0.0;12.0;3717.408
5;2;63;430.317;0.0;0.0;0.0;430.317;430.317;0.0;12.0;5163.804
5;2;64;293.481;0.0;0.0;0.0;293.481;293.481;0.0;12.0;3521.772
5;2;65;339.236;0.0;0.0;0.0;339.236;339.236;0.0;12.0;4070.832
5;2;66;407.754;0.0;0.0;0.0;407.754;407.754;0.0;12.0;4893.048000000001
5;2;67;426.945;0.0;0.0;0.0;426.945;426.945;0.0;12.0;5123.34
5;2;68;322.845;0.0;0.0;0.0;322.845;322.845;0.0;12.0;3874.1400000000003
5;2;69;202.863;0.0;0.0;0.0;202.863;202.863;0.0;12.0;2434.3559999999998
5;2;70;199.447;0.0;0.0;0.0;199.447;199.447;0.0;12.0;2393.364
5;2;71;167.515;0.0;0.0;0.0;167.515;167.515;0.0;12.0;2010.1799999999998
5;2;72;428.752;0.0;0.0;0.0;428.752;428.752;0.0;12.0;5145.024
5;2;73;144.03;0.0;0.0;0.0;144.03;144.03;0.0;12.0;1728.3600000000001
5;2;74;140.546;0.0;0.0;0.0;140.546;140.546;0.0;12.0;1686.552
5;2;75;142.106;0.0;0.0;0.0;142.106;142.106;0.0;12.0;1705.272
5;2;76;139.135;0.0;0.0;0.0;139.135;139.135;0.0;12.0;1669.62
5;2;77;139.833;0.0;0.0;0.0;139.833;139.833;0.0;12.0;1677.996
5;2;78;145.338;0.0;0.0;0.0;145.338;145.338;0.0;12.0;1744.056
5;2;79;154.103;0.0;0.0;0.0;154.103;154.103;0.0;12.0;1849.236
5;2;80;250.192;0.0;0.00071;0.0;250.19129;250.192;0.0;12.0;3002.304
5;2;81;135.919;0.0;0.91517;0.0;135.00383;135.919;0.0;12.0;1631.0280000000002
5;2;82;204.309;0.0;0.0;0.0;204.309;204.309;0.0;12.0;2451.708
5;2;83;186.604;0.0;33.05445;0.0;153.54955;186.604;0.0;12.0;2239.248
5;2;84;172.477;0.0;117.14827;0.0;55.32873;172.477;0.0;12.0;2069.724
5;2;85;174.131;0.0;61.36732;0.0;112.76368;174.131;0.0;12.0;2089.572
5;2;86;426.81899999999996;0.0;0.0;0.0;426.819;426.819;0.0;12.0;5121.828
5;2;87;417.323;0.0;0.0;0.0;417.323;417.323;0.0;12.0;5007.876
5;2;88;428.251;0.0;0.0;0.0;428.251;428.251;0.0;12.0;5139.012
5;2;89;425.986;0.0;0.00088;0.0;425.98512;425.986;0.0;12.0;5111.832
5;2;90;491.769;0.0;0.0;0.0;491.769;491.769;0.0;12.0;5901.228
5;2;91;215.345;0.0;0.0;0.0;215.345;215.345;0.0;12.0;2584.14
5;2;92;512.609;0.0;0.0;0.0;512.609;512.609;0.0;12.0;6151.308000000001
5;2;93;378.74;0.0;0.0;0.0;378.74;378.74;0.0;12.0;4544.88
5;2;94;493.37;0.0;0.0;0.0;493.37;493.37;0.0;12.0;5920.4400000000005
5;2;95;490.795;0.0;0.0;0.0;490.795;490.795;0.0;12.0;5889.54
5;2;96;137.013;0.0;0.0;0.0;137.013;137.013;0.0;12.0;1644.156
5;2;97;139.487;0.0;0.0;0.0;139.487;139.487;0.0;12.0;1673.844
5;2;98;138.846;0.0;0.0;0.0;138.846;138.846;0.0;12.0;1666.152
5;2;99;142.762;0.0;0.0;0.0;142.762;142.762;0.0;12.0;1713.144
5;2;100;136.677;0.0;0.0;0.0;136.677;136.677;0.0;12.0;1640.1239999999998
5;2;101;140.519;0.0;0.0;0.0;140.519;140.519;0.0;12.0;1686.228
5;2;102;143.483;0.0;0.0;0.0;143.483;143.483;0.0;12.0;1721.796
5;2;103;495.83500000000004;0.0;0.0;0.0;495.835;495.835;0.0;12.0;5950.0199999999995
5;2;104;534.409;0.0;0.0;0.0;534.409;534.409;0.0;12.0;6412.907999999999
5;2;105;526.307;0.0;85.326;0.0;440.981;526.307;0.0;12.0;6315.684
5;2;106;472.86;0.0;82.75268;0.0;390.10732;472.86;0.0;12.0;5674.32
5;2;107;465.582;0.0;31.28784;0.0;434.29416;465.582;0.0;12.0;5586.984
5;2;108;425.35200000000003;0.0;90.89798;0.0;334.45402;425.352;0.0;12.0;5104.224
5;2;109;410.417;0.0;66.13519;0.0;344.28181;410.417;0.0;12.0;4925.004
5;2;110;421.201;0.0;66.69858;0.0;354.50242;421.201;0.0;12.0;5054.412
5;2;111;391.375;0.0;0.0;0.0;391.375;391.375;0.0;12.0;4696.5
5;2;112;379.48900000000003;0.0;0.0;0.0;379.489;379.489;0.0;12.0;4553.8679999999995
5;2;113;534.44;0.0;0.0;0.0;534.44;534.44;0.0;12.0;6413.280000000001
5;2;114;399.84;0.0;0.0;0.0;399.84;399.84;0.0;12.0;4798.08
5;2;115;420.295;0.0;0.0;0.0;420.295;420.295;0.0;12.0;5043.54
5;2;116;506.12699999999995;0.0;0.0;0.0;506.127;506.127;0.0;12.0;6073.524
5;2;117;197.599;0.0;0.0;0.0;197.599;197.599;0.0;12.0;2371.188
5;2;118;378.62;0.0;0.0;0.0;378.62;378.62;0.0;12.0;4543.4400000000005
5;2;119;172.154;0.0;0.0;0.0;172.154;172.154;0.0;12.0;2065.848
5;2;120;240.94599999999997;0.0;0.0;0.0;240.946;240.946;0.0;12.0;2891.352
5;2;121;247.775;0.0;0.0;0.0;247.775;247.775;0.0;12.0;2973.3
5;2;122;247.62;0.0;0.0;0.0;247.62;247.62;0.0;12.0;2971.44
5;2;123;255.514;0.0;0.0;0.0;255.514;255.514;0.0;12.0;3066.168
5;2;124;257.923;0.0;0.0;0.0;257.923;257.923;0.0;12.0;3095.076
5;2;125;260.305;0.0;0.0;0.0;260.305;260.305;0.0;12.0;3123.66
5;2;126;272.848;0.0;0.0;0.0;272.848;272.848;0.0;12.0;3274.1760000000004
5;2;127;519.007;0.0;0.0;0.0;519.007;519.007;0.0;12.0;6228.083999999999
5;2;128;453.719;0.0;0.0;0.0;453.719;453.719;0.0;12.0;5444.628
5;2;129;402.96299999999997;0.0;0.0;0.0;402.963;402.963;0.0;12.0;4835.5560000000005
5;2;130;419.31100000000004;0.0;0.0;0.0;419.311;419.311;0.0;12.0;5031.732
5;2;131;394.174;0.0;0.0;0.0;394.174;394.174;0.0;12.0;4730.088
5;2;132;365.947;0.0;37.5438;0.0;328.4032;365.947;0.0;12.0;4391.364
5;2;133;354.875;0.0;72.82418;0.0;282.05082;354.875;0.0;12.0;4258.5
5;2;134;360.52799999999996;0.0;0.0;0.0;360.528;360.528;0.0;12.0;4326.336
5;2;135;361.89;0.0;0.0;0.0;361.89;361.89;0.0;12.0;4342.68
5;2;136;332.16600000000005;0.0;0.0;0.0;332.166;332.166;0.0;12.0;3985.992
5;2;137;618.144;0.0;0.0;0.0;618.144;618.144;0.0;12.0;7417.728
5;2;138;660.513;0.0;0.0;0.0;660.513;660.513;0.0;12.0;7926.156000000001
5;2;139;691.218;0.0;0.0;0.0;691.218;691.218;0.0;12.0;8294.616
5;2;140;334.788;0.0;0.0;0.0;334.788;334.788;0.0;12.0;4017.456
5;2;141;201.992;0.0;0.0;0.0;201.992;201.992;0.0;12.0;2423.904
5;2;142;412.402;0.0;0.0;0.0;412.402;412.402;0.0;12.0;4948.824
5;2;143;179.493;0.0;0.0;0.0;179.493;179.493;0.0;12.0;2153.916
5;2;144;141.131;0.0;0.0;0.0;141.131;141.131;0.0;12.0;1693.5720000000001
5;2;145;145.18;0.0;0.0;0.0;145.18;145.18;0.0;12.0;1742.16
5;2;146;140.491;0.0;0.0;0.0;140.491;140.491;0.0;12.0;1685.8920000000003
5;2;147;140.811;0.0;0.0;0.0;140.811;140.811;0.0;12.0;1689.732
5;2;148;140.741;0.0;0.0;0.0;140.741;140.741;0.0;12.0;1688.8920000000003
5;2;149;141.888;0.0;0.0;0.0;141.888;141.888;0.0;12.0;1702.656
5;2;150;153.283;0.0;0.0;0.0;153.283;153.283;0.0;12.0;1839.3959999999997
5;2;151;433.604;0.0;0.0;0.0;433.604;433.604;0.0;12.0;5203.248
5;2;152;457.463;0.0;0.0;0.0;457.463;457.463;0.0;12.0;5489.5560000000005
5;2;153;480.27799999999996;0.0;0.0;0.0;480.278;480.278;0.0;12.0;5763.336
5;2;154;486.467;0.0;0.0;0.0;486.467;486.467;0.0;12.0;5837.603999999999
5;2;155;422.688;0.0;0.0;0.0;422.688;422.688;0.0;12.0;5072.255999999999
5;2;156;371.421;0.0;0.0;0.0;371.421;371.421;0.0;12.0;4457.052
5;2;157;385.515;0.0;0.0;0.0;385.515;385.515;0.0;12.0;4626.18
5;2;158;389.547;0.0;0.0;0.0;389.547;389.547;0.0;12.0;4674.564
5;2;159;417.629;0.0;0.0;0.0;417.629;417.629;0.0;12.0;5011.548000000001
5;2;160;702.223;0.0;0.0;0.0;702.223;702.223;0.0;12.0;8426.676
5;2;161;452.306;0.0;0.0;0.0;452.306;452.306;0.0;12.0;5427.672
5;2;162;412.698;0.0;0.0;0.0;412.698;412.698;0.0;12.0;4952.376
5;2;163;435.919;0.0;0.0;0.0;435.919;435.919;0.0;12.0;5231.028
5;2;164;327.206;0.0;0.0;0.0;327.206;327.206;0.0;12.0;3926.472
5;2;165;207.674;0.0;0.0;0.0;207.674;207.674;0.0;12.0;2492.088
5;2;166;263.83;0.0;0.0;0.0;263.83;263.83;0.0;12.0;3165.96
5;2;167;451.047;0.0;0.0;0.0;451.047;451.047;0.0;12.0;5412.564
5;3;0;305.586;0.0;0.0;0.0;305.586;305.586;0.0;15.0;4583.79
5;3;1;528.644;0.0;0.0;0.0;528.644;528.644;0.0;15.0;7929.66
5;3;2;522.992;0.0;0.0;0.0;522.992;522.992;0.0;15.0;7844.879999999999
5;3;3;526.0550000000001;0.0;0.0;0.0;526.055;526.055;0.0;15.0;7890.824999999999
5;3;4;527.064;0.0;0.0;0.0;527.064;527.064;0.0;15.0;7905.959999999999
5;3;5;532.608;0.0;0.0;0.0;532.608;532.608;0.0;15.0;7989.119999999999
5;3;6;540.253;0.0;0.0;0.0;540.253;540.253;0.0;15.0;8103.795000000001
5;3;7;822.553;0.0;0.0;0.0;822.553;822.553;0.0;15.0;12338.295
5;3;8;835.035;0.0;0.0;0.0;835.035;835.035;0.0;15.0;12525.525
5;3;9;811.0530000000001;0.0;0.0;0.0;811.053;811.053;0.0;15.0;12165.795
5;3;10;721.5509999999999;0.0;0.0;0.0;721.551;721.551;0.0;15.0;10823.265000000001
5;3;11;678.292;0.0;0.0;0.0;678.292;678.292;0.0;15.0;10174.380000000001
5;3;12;605.6949999999999;0.0;0.0;0.0;605.695;605.695;0.0;15.0;9085.425000000001
5;3;13;580.0419999999999;0.0;58.78937;0.0;521.25263;580.042;0.0;15.0;8700.630000000001
5;3;14;695.663;0.0;54.50918;0.0;641.15382;695.663;0.0;15.0;10434.945
5;3;15;678.174;0.0;0.0;0.0;678.174;678.174;0.0;15.0;10172.61
5;3;16;834.442;0.0;0.0;0.0;834.442;834.442;0.0;15.0;12516.630000000001
5;3;17;825.0930000000001;0.0;0.0;0.0;825.093;825.093;0.0;15.0;12376.394999999999
5;3;18;790.294;0.0;0.0;0.0;790.294;790.294;0.0;15.0;11854.41
5;3;19;445.809;0.0;0.0;0.0;445.809;445.809;0.0;15.0;6687.135
5;3;20;335.649;0.0;0.0;0.0;335.649;335.649;0.0;15.0;5034.735
5;3;21;535.3340000000001;0.0;0.0;0.0;535.334;535.334;0.0;15.0;8030.009999999999
5;3;22;564.73;0.0;0.0;0.0;564.73;564.73;0.0;15.0;8470.95
5;3;23;556.9490000000001;0.0;0.0;0.0;556.949;556.949;0.0;15.0;8354.234999999999
5;3;24;527.432;0.0;0.0;0.0;527.432;527.432;0.0;15.0;7911.4800000000005
5;3;25;535.6320000000001;0.0;0.0;0.0;535.632;535.632;0.0;15.0;8034.48
5;3;26;534.292;0.0;0.0;0.0;534.292;534.292;0.0;15.0;8014.38
5;3;27;531.979;0.0;0.0;0.0;531.979;531.979;0.0;15.0;7979.685
5;3;28;534.683;0.0;0.0;0.0;534.683;534.683;0.0;15.0;8020.245
5;3;29;535.092;0.0;0.0;0.0;535.092;535.092;0.0;15.0;8026.38
5;3;30;542.7149999999999;0.0;0.0;0.0;542.715;542.715;0.0;15.0;8140.725
5;3;31;844.9680000000001;0.0;0.0;0.0;844.968;844.968;0.0;15.0;12674.519999999999
5;3;32;852.909;0.0;0.0;0.0;852.909;852.909;0.0;15.0;12793.635
5;3;33;819.4449999999999;0.0;0.0;0.0;819.445;819.445;0.0;15.0;12291.675000000001
5;3;34;689.87;0.0;0.0;0.0;689.87;689.87;0.0;15.0;10348.05
5;3;35;652.034;0.0;0.0;0.0;652.034;652.034;0.0;15.0;9780.51
5;3;36;618.511;0.0;0.0;0.0;618.511;618.511;0.0;15.0;9277.664999999999
5;3;37;618.3109999999999;0.0;0.0;0.0;618.311;618.311;0.0;15.0;9274.665
5;3;38;710.816;0.0;0.0;0.0;710.816;710.816;0.0;15.0;10662.24
5;3;39;774.546;0.0;0.0;0.0;774.546;774.546;0.0;15.0;11618.19
5;3;40;786.316;0.0;0.0;0.0;786.316;786.316;0.0;15.0;11794.74
5;3;41;781.635;0.0;0.0;0.0;781.635;781.635;0.0;15.0;11724.525
5;3;42;757.947;0.0;0.0;0.0;757.947;757.947;0.0;15.0;11369.205
5;3;43;759.53;0.0;0.0;0.0;759.53;759.53;0.0;15.0;11392.949999999999
5;3;44;667.645;0.0;0.0;0.0;667.645;667.645;0.0;15.0;10014.675
5;3;45;564.754;0.0;0.0;0.0;564.754;564.754;0.0;15.0;8471.31
5;3;46;541.569;0.0;0.0;0.0;541.569;541.569;0.0;15.0;8123.535
5;3;47;519.255;0.0;0.0;0.0;519.255;519.255;0.0;15.0;7788.825
5;3;48;229.12900000000002;0.0;0.0;0.0;229.129;229.129;0.0;15.0;3436.935
5;3;49;227.02100000000002;0.0;0.0;0.0;227.021;227.021;0.0;15.0;3405.3149999999996
5;3;50;225.663;0.0;0.0;0.0;225.663;225.663;0.0;15.0;3384.945
5;3;51;227.54700000000003;0.0;0.0;0.0;227.547;227.547;0.0;15.0;3413.205
5;3;52;230.954;0.0;0.0;0.0;230.954;230.954;0.0;15.0;3464.31
5;3;53;231.68200000000002;0.0;0.0;0.0;231.682;231.682;0.0;15.0;3475.23
5;3;54;238.438;0.0;0.0;0.0;238.438;238.438;0.0;15.0;3576.5699999999997
5;3;55;501.39799999999997;0.0;0.0;0.0;501.398;501.398;0.0;15.0;7520.97
5;3;56;538.701;0.0;0.0;0.0;538.701;538.701;0.0;15.0;8080.515
5;3;57;518.553;0.0;0.0;0.0;518.553;518.553;0.0;15.0;7778.295
5;3;58;498.54;0.0;0.0;0.0;498.54;498.54;0.0;15.0;7478.1
5;3;59;494.49800000000005;0.0;0.0;0.0;494.498;494.498;0.0;15.0;7417.47
5;3;60;402.69899999999996;0.0;0.0;0.0;402.699;402.699;0.0;15.0;6040.485000000001
5;3;61;396.217;0.0;0.0;0.0;396.217;396.217;0.0;15.0;5943.255
5;3;62;389.225;0.0;0.0;0.0;389.225;389.225;0.0;15.0;5838.375
5;3;63;434.005;0.0;0.0;0.0;434.005;434.005;0.0;15.0;6510.075
5;3;64;520.484;0.0;0.0;0.0;520.484;520.484;0.0;15.0;7807.26
5;3;65;765.823;0.0;0.0;0.0;765.823;765.823;0.0;15.0;11487.345
5;3;66;766.6869999999999;0.0;0.0;0.0;766.687;766.687;0.0;15.0;11500.305
5;3;67;479.43600000000004;0.0;0.0;0.0;479.436;479.436;0.0;15.0;7191.54
5;3;68;343.946;0.0;0.0;0.0;343.946;343.946;0.0;15.0;5159.1900000000005
5;3;69;208.356;0.0;0.0;0.0;208.356;208.356;0.0;15.0;3125.34
5;3;70;208.378;0.0;0.0;0.0;208.378;208.378;0.0;15.0;3125.6699999999996
5;3;71;323.196;0.0;0.0;0.0;323.196;323.196;0.0;15.0;4847.9400000000005
5;3;72;286.7;0.0;0.0;0.0;286.7;286.7;0.0;15.0;4300.5
5;3;73;292.13800000000003;0.0;0.0;0.0;292.138;292.138;0.0;15.0;4382.07
5;3;74;297.656;0.0;0.0;0.0;297.656;297.656;0.0;15.0;4464.84
5;3;75;308.738;0.0;0.0;0.0;308.738;308.738;0.0;15.0;4631.07
5;3;76;306.96000000000004;0.0;0.0;0.0;306.96;306.96;0.0;15.0;4604.4
5;3;77;313.274;0.0;0.0;0.0;313.274;313.274;0.0;15.0;4699.11
5;3;78;495.876;0.0;0.0;0.0;495.876;495.876;0.0;15.0;7438.139999999999
5;3;79;326.461;0.0;0.0;0.0;326.461;326.461;0.0;15.0;4896.915
5;3;80;530.259;0.0;0.0;0.0;530.259;530.259;0.0;15.0;7953.885
5;3;81;543.6949999999999;0.0;0.0;0.0;543.695;543.695;0.0;15.0;8155.425000000001
5;3;82;557.543;0.0;0.0;0.0;557.543;557.543;0.0;15.0;8363.145
5;3;83;546.179;0.0;0.0;0.0;546.179;546.179;0.0;15.0;8192.685
5;3;84;526.718;0.0;0.0;0.0;526.718;526.718;0.0;15.0;7900.7699999999995
5;3;85;500.014;0.0;0.0;0.0;500.014;500.014;0.0;15.0;7500.21
5;3;86;503.717;0.0;0.0;0.0;503.717;503.717;0.0;15.0;7555.755
5;3;87;510.274;0.0;0.0;0.0;510.274;510.274;0.0;15.0;7654.11
5;3;88;544.363;0.0;0.0;0.0;544.363;544.363;0.0;15.0;8165.445000000001
5;3;89;562.767;0.0;0.0;0.0;562.767;562.767;0.0;15.0;8441.505000000001
5;3;90;573.84;0.0;0.0;0.0;573.84;573.84;0.0;15.0;8607.6
5;3;91;589.19;0.0;0.0;0.0;589.19;589.19;0.0;15.0;8837.85
5;3;92;591.788;0.0;0.0;0.0;591.788;591.788;0.0;15.0;8876.82
5;3;93;590.302;0.0;0.0;0.0;590.302;590.302;0.0;15.0;8854.53
5;3;94;580.403;0.0;0.0;0.0;580.403;580.403;0.0;15.0;8706.045
5;3;95;559.347;0.0;0.0;0.0;559.347;559.347;0.0;15.0;8390.205
5;3;96;528.048;0.0;0.0;0.0;528.048;528.048;0.0;15.0;7920.72
5;3;97;536.4689999999999;0.0;0.0;0.0;536.469;536.469;0.0;15.0;8047.035000000001
5;3;98;532.726;0.0;0.0;0.0;532.726;532.726;0.0;15.0;7990.89
5;3;99;532.162;0.0;0.0;0.0;532.162;532.162;0.0;15.0;7982.43
5;3;100;533.0889999999999;0.0;0.0;0.0;533.089;533.089;0.0;15.0;7996.335000000001
5;3;101;528.191;0.0;0.0;0.0;528.191;528.191;0.0;15.0;7922.865000000001
5;3;102;530.276;0.0;0.0;0.0;530.276;530.276;0.0;15.0;7954.139999999999
5;3;103;830.144;0.0;0.0;0.0;830.144;830.144;0.0;15.0;12452.16
5;3;104;855.748;0.0;0.0;0.0;855.748;855.748;0.0;15.0;12836.220000000001
5;3;105;879.702;0.0;0.0;0.0;879.702;879.702;0.0;15.0;13195.53
5;3;106;909.367;0.0;0.0;0.0;909.367;909.367;0.0;15.0;13640.505
5;3;107;1166.119;0.0;0.0;0.0;1166.119;1166.119;0.0;15.0;17491.785
5;3;108;1146.585;0.0;0.0;0.0;1146.585;1146.585;0.0;15.0;17198.775
5;3;109;1057.495;0.0;0.0;0.0;1057.495;1057.495;0.0;15.0;15862.425
5;3;110;1030.252;0.0;0.0;0.0;1030.252;1030.252;0.0;15.0;15453.779999999999
5;3;111;1034.844;0.0;0.0;0.0;1034.844;1034.844;0.0;15.0;15522.66
5;3;112;976.0699999999999;0.0;0.0;0.0;976.07;976.07;0.0;15.0;14641.050000000001
5;3;113;949.3409999999999;0.0;0.0;0.0;949.341;949.341;0.0;15.0;14240.115
5;3;114;941.29;0.0;0.0;0.0;941.29;941.29;0.0;15.0;14119.349999999999
5;3;115;924.433;0.0;0.0;0.0;924.433;924.433;0.0;15.0;13866.494999999999
5;3;116;844.553;0.0;0.0;0.0;844.553;844.553;0.0;15.0;12668.295
5;3;117;760.9639999999999;0.0;0.0;0.0;760.964;760.964;0.0;15.0;11414.460000000001
5;3;118;702.154;0.0;0.0;0.0;702.154;702.154;0.0;15.0;10532.31
5;3;119;684.569;0.0;0.0;0.0;684.569;684.569;0.0;15.0;10268.535
5;3;120;657.152;0.0;0.0;0.0;657.152;657.152;0.0;15.0;9857.28
5;3;121;661.036;0.0;0.0;0.0;661.036;661.036;0.0;15.0;9915.539999999999
5;3;122;686.253;0.0;0.0;0.0;686.253;686.253;0.0;15.0;10293.795
5;3;123;712.714;0.0;0.0;0.0;712.714;712.714;0.0;15.0;10690.710000000001
5;3;124;752.6089999999999;0.0;0.0;0.0;752.609;752.609;0.0;15.0;11289.135
5;3;125;785.1859999999999;0.0;0.0;0.0;785.186;785.186;0.0;15.0;11777.79
5;3;126;811.147;0.0;0.0;0.0;811.147;811.147;0.0;15.0;12167.205
5;3;127;956.7;0.0;0.0;0.0;956.7;956.7;0.0;15.0;14350.5
5;3;128;910.308;0.0;0.0;0.0;910.308;910.308;0.0;15.0;13654.619999999999
5;3;129;899.439;0.0;0.0;0.0;899.439;899.439;0.0;15.0;13491.585
5;3;130;822.636;0.0;0.0;0.0;822.636;822.636;0.0;15.0;12339.539999999999
5;3;131;823.608;0.0;0.0;0.0;823.608;823.608;0.0;15.0;12354.119999999999
5;3;132;706.688;0.0;0.0;0.0;706.688;706.688;0.0;15.0;10600.32
5;3;133;713.832;0.0;0.0;0.0;713.832;713.832;0.0;15.0;10707.48
5;3;134;853.777;0.0;0.0;0.0;853.777;853.777;0.0;15.0;12806.655
5;3;135;861.296;0.0;0.0;0.0;861.296;861.296;0.0;15.0;12919.44
5;3;136;863.057;0.0;0.0;0.0;863.057;863.057;0.0;15.0;12945.855
5;3;137;836.142;0.0;0.0;0.0;836.142;836.142;0.0;15.0;12542.130000000001
5;3;138;786.864;0.0;0.0;0.0;786.864;786.864;0.0;15.0;11802.960000000001
5;3;139;811.774;0.0;0.0;0.0;811.774;811.774;0.0;15.0;12176.61
5;3;140;706.303;0.0;0.0;0.0;706.303;706.303;0.0;15.0;10594.545
5;3;141;596.888;0.0;0.0;0.0;596.888;596.888;0.0;15.0;8953.32
5;3;142;590.72;0.0;0.0;0.0;590.72;590.72;0.0;15.0;8860.800000000001
5;3;143;569.1600000000001;0.0;0.0;0.0;569.16;569.16;0.0;15.0;8537.4
5;3;144;525.915;0.0;0.0;0.0;525.915;525.915;0.0;15.0;7888.724999999999
5;3;145;534.268;0.0;0.0;0.0;534.268;534.268;0.0;15.0;8014.02
5;3;146;529.6120000000001;0.0;0.0;0.0;529.612;529.612;0.0;15.0;7944.179999999999
5;3;147;534.639;0.0;0.0;0.0;534.639;534.639;0.0;15.0;8019.585
5;3;148;530.903;0.0;0.0;0.0;530.903;530.903;0.0;15.0;7963.545
5;3;149;533.636;0.0;0.0;0.0;533.636;533.636;0.0;15.0;8004.539999999999
5;3;150;538.1759999999999;0.0;0.0;0.0;538.176;538.176;0.0;15.0;8072.64
5;3;151;823.9269999999999;0.0;0.0;0.0;823.927;823.927;0.0;15.0;12358.905
5;3;152;835.516;0.0;0.0;0.0;835.516;835.516;0.0;15.0;12532.74
5;3;153;781.825;0.0;0.0;0.0;781.825;781.825;0.0;15.0;11727.375
5;3;154;684.0070000000001;0.0;0.0;0.0;684.007;684.007;0.0;15.0;10260.105
5;3;155;647.0930000000001;0.0;0.0;0.0;647.093;647.093;0.0;15.0;9706.394999999999
5;3;156;675.4490000000001;0.0;0.0;0.0;675.449;675.449;0.0;15.0;10131.734999999999
5;3;157;759.2470000000001;0.0;0.0;0.0;759.247;759.247;0.0;15.0;11388.705
5;3;158;582.279;0.0;0.0;0.0;582.279;582.279;0.0;15.0;8734.185
5;3;159;724.0070000000001;0.0;0.0;0.0;724.007;724.007;0.0;15.0;10860.105
5;3;160;708.331;0.0;0.0;0.0;708.331;708.331;0.0;15.0;10624.965
5;3;161;697.463;0.0;0.0;0.0;697.463;697.463;0.0;15.0;10461.945
5;3;162;673.9739999999999;0.0;0.0;0.0;673.974;673.974;0.0;15.0;10109.61
5;3;163;675.219;0.0;0.0;0.0;675.219;675.219;0.0;15.0;10128.285
5;3;164;695.425;0.0;0.0;0.0;695.425;695.425;0.0;15.0;10431.375
5;3;165;548.895;0.0;0.0;0.0;548.895;548.895;0.0;15.0;8233.425
5;3;166;539.2529999999999;0.0;0.0;0.0;539.253;539.253;0.0;15.0;8088.795000000001
5;3;167;527.322;0.0;0.0;0.0;527.322;527.322;0.0;15.0;7909.83
10;0;0;147.77;0.0;0.0;0.0;147.77;147.77;0.0;5.0;738.85
10;0;1;420.467;0.0;0.0;0.0;420.467;420.467;0.0;5.0;2102.335
10;0;2;147.638;0.0;0.0;0.0;147.638;147.638;0.0;5.0;738.19
10;0;3;368.65;0.0;0.0;0.0;368.65;368.65;0.0;5.0;1843.25
10;0;4;375.621;0.0;0.0;0.0;375.621;375.621;0.0;5.0;1878.105
10;0;5;379.51599999999996;0.0;0.0;0.0;379.516;379.516;0.0;5.0;1897.5800000000002
10;0;6;401.119;0.0;0.0;0.0;401.119;401.119;0.0;5.0;2005.5950000000003
10;0;7;664.266;0.0;0.0;0.0;664.266;664.266;0.0;5.0;3321.33
10;0;8;658.482;0.0;0.0;0.0;658.482;658.482;0.0;5.0;3292.41
10;0;9;541.306;0.0;0.0;0.0;541.306;541.306;0.0;5.0;2706.53
10;0;10;537.8019999999999;0.0;0.0;0.0;537.802;537.802;0.0;5.0;2689.01
10;0;11;516.787;0.0;0.0;0.0;516.787;516.787;0.0;5.0;2583.9350000000004
10;0;12;473.64300000000003;0.0;0.0;0.0;473.643;473.643;0.0;5.0;2368.2149999999997
10;0;13;596.867;0.0;0.0;0.0;596.867;596.867;0.0;5.0;2984.335
10;0;14;392.271;0.0;0.0;0.0;392.271;392.271;0.0;5.0;1961.355
10;0;15;462.026;0.0;0.0;0.0;462.026;462.026;0.0;5.0;2310.13
10;0;16;445.88;0.0;0.0;0.0;445.88;445.88;0.0;5.0;2229.4
10;0;17;542.728;0.0;0.0;0.0;542.728;542.728;0.0;5.0;2713.64
10;0;18;754.854;0.0;0.0;0.0;754.854;754.854;0.0;5.0;3774.2700000000004
10;0;19;444.103;0.0;0.0;0.0;444.103;444.103;0.0;5.0;2220.515
10;0;20;441.481;0.0;0.0;0.0;441.481;441.481;0.0;5.0;2207.4049999999997
10;0;21;534.567;0.0;0.0;0.0;534.567;534.567;0.0;5.0;2672.835
10;0;22;524.366;0.0;0.0;0.0;524.366;524.366;0.0;5.0;2621.83
10;0;23;517.325;0.0;0.0;0.0;517.325;517.325;0.0;5.0;2586.625
10;0;24;148.336;0.0;0.0;0.0;148.336;148.336;0.0;5.0;741.6800000000001
10;0;25;147.39;0.0;0.0;0.0;147.39;147.39;0.0;5.0;736.9499999999999
10;0;26;294.20000000000005;0.0;0.0;0.0;294.2;294.2;0.0;5.0;1471.0
10;0;27;496.58799999999997;0.0;0.0;0.0;496.588;496.588;0.0;5.0;2482.94
10;0;28;498.64599999999996;0.0;0.0;0.0;498.646;498.646;0.0;5.0;2493.23
10;0;29;503.91200000000003;0.0;0.0;0.0;503.912;503.912;0.0;5.0;2519.56
10;0;30;161.16;0.0;0.0;0.0;161.16;161.16;0.0;5.0;805.8
10;0;31;633.358;0.0;0.0;0.0;633.358;633.358;0.0;5.0;3166.79
10;0;32;691.1890000000001;0.0;0.0;0.0;691.189;691.189;0.0;5.0;3455.9449999999997
10;0;33;570.725;0.0;0.0;0.0;570.725;570.725;0.0;5.0;2853.625
10;0;34;557.765;0.0;0.0;0.0;557.765;557.765;0.0;5.0;2788.825
10;0;35;525.094;0.0;5.70238;0.0;519.39162;525.094;0.0;5.0;2625.4700000000003
10;0;36;518.198;0.0;0.0;0.0;518.198;518.198;0.0;5.0;2590.99
10;0;37;484.68199999999996;0.0;81.72169;0.0;402.96031;484.682;0.0;5.0;2423.41
10;0;38;495.08299999999997;0.0;107.71694;0.0;387.36606;495.083;0.0;5.0;2475.415
10;0;39;459.957;0.0;56.63961;0.0;403.31739;459.957;0.0;5.0;2299.785
10;0;40;641.852;0.0;0.0;0.0;641.852;641.852;0.0;5.0;3209.2599999999998
10;0;41;700.656;0.0;0.0;0.0;700.656;700.656;0.0;5.0;3503.2799999999997
10;0;42;749.919;0.0;0.0;0.0;749.919;749.919;0.0;5.0;3749.595
10;0;43;782.4;0.0;0.0;0.0;782.4;782.4;0.0;5.0;3912.0
10;0;44;667.108;0.0;0.0;0.0;667.108;667.108;0.0;5.0;3335.54
10;0;45;217.236;0.0;0.0;0.0;217.236;217.236;0.0;5.0;1086.1799999999998
10;0;46;199.022;0.0;0.0;0.0;199.022;199.022;0.0;5.0;995.1099999999999
10;0;47;180.544;0.0;0.0;0.0;180.544;180.544;0.0;5.0;902.72
10;0;48;146.92;0.0;0.0;0.0;146.92;146.92;0.0;5.0;734.5999999999999
10;0;49;149.82;0.0;0.0;0.0;149.82;149.82;0.0;5.0;749.0999999999999
10;0;50;150.462;0.0;0.0;0.0;150.462;150.462;0.0;5.0;752.31
10;0;51;144.922;0.0;0.0;0.0;144.922;144.922;0.0;5.0;724.61
10;0;52;147.904;0.0;0.0;0.0;147.904;147.904;0.0;5.0;739.52
10;0;53;148.174;0.0;0.0;0.0;148.174;148.174;0.0;5.0;740.87
10;0;54;243.35199999999998;0.0;0.0;0.0;243.352;243.352;0.0;5.0;1216.76
10;0;55;515.633;0.0;0.0;0.0;515.633;515.633;0.0;5.0;2578.165
10;0;56;514.082;0.0;0.0;0.0;514.082;514.082;0.0;5.0;2570.41
10;0;57;416.96;0.0;0.0;0.0;416.96;416.96;0.0;5.0;2084.7999999999997
10;0;58;394.53;0.0;0.0;0.0;394.53;394.53;0.0;5.0;1972.6499999999999
10;0;59;391.86199999999997;0.0;3.07152;0.0;388.79048;391.862;0.0;5.0;1959.3100000000002
10;0;60;535.5999999999999;0.0;0.0;0.0;535.6;535.6;0.0;5.0;2678.0
10;0;61;345.73;0.0;0.0;0.0;345.73;345.73;0.0;5.0;1728.65
10;0;62;367.695;0.0;0.0;0.0;367.695;367.695;0.0;5.0;1838.475
10;0;63;381.661;0.0;2.80226;0.0;378.85874;381.661;0.0;5.0;1908.305
10;0;64;372.002;0.0;6.67516;0.0;365.32684;372.002;0.0;5.0;1860.01
10;0;65;422.61;0.0;0.0;0.0;422.61;422.61;0.0;5.0;2113.05
10;0;66;502.405;0.0;0.0;0.0;502.405;502.405;0.0;5.0;2512.0249999999996
10;0;67;643.317;0.0;0.0;0.0;643.317;643.317;0.0;5.0;3216.585
10;0;68;647.267;0.0;0.0;0.0;647.267;647.267;0.0;5.0;3236.335
10;0;69;513.395;0.0;0.0;0.0;513.395;513.395;0.0;5.0;2566.975
10;0;70;497.22400000000005;0.0;0.0;0.0;497.224;497.224;0.0;5.0;2486.12
10;0;71;501.122;0.0;0.0;0.0;501.122;501.122;0.0;5.0;2505.61
10;0;72;140.001;0.0;0.0;0.0;140.001;140.001;0.0;5.0;700.005
10;0;73;139.906;0.0;0.0;0.0;139.906;139.906;0.0;5.0;699.53
10;0;74;138.774;0.0;0.0;0.0;138.774;138.774;0.0;5.0;693.87
10;0;75;139.524;0.0;0.0;0.0;139.524;139.524;0.0;5.0;697.62
10;0;76;143.338;0.0;0.0;0.0;143.338;143.338;0.0;5.0;716.6899999999999
10;0;77;143.901;0.0;0.0;0.0;143.901;143.901;0.0;5.0;719.5050000000001
10;0;78;143.165;0.0;0.0;0.0;143.165;143.165;0.0;5.0;715.8249999999999
10;0;79;153.595;0.0;0.0;0.0;153.595;153.595;0.0;5.0;767.975
10;0;80;172.307;0.0;0.0;0.0;172.307;172.307;0.0;5.0;861.535
10;0;81;172.317;0.0;0.0;0.0;172.317;172.317;0.0;5.0;861.585
10;0;82;316.339;0.0;0.0;0.0;316.339;316.339;0.0;5.0;1581.695
10;0;83;282.48;0.0;0.0;0.0;282.48;282.48;0.0;5.0;1412.4
10;0;84;276.95000000000005;0.0;0.0;0.0;276.95;276.95;0.0;5.0;1384.75
10;0;85;272.029;0.0;0.0;0.0;272.029;272.029;0.0;5.0;1360.145
10;0;86;281.23900000000003;0.0;0.0;0.0;281.239;281.239;0.0;5.0;1406.195
10;0;87;261.22900000000004;0.0;0.0;0.0;261.229;261.229;0.0;5.0;1306.145
10;0;88;494.63599999999997;0.0;0.0;0.0;494.636;494.636;0.0;5.0;2473.1800000000003
10;0;89;505.754;0.0;0.0;0.0;505.754;505.754;0.0;5.0;2528.77
10;0;90;470.128;0.0;0.0;0.0;470.128;470.128;0.0;5.0;2350.64
10;0;91;579.737;0.0;0.0;0.0;579.737;579.737;0.0;5.0;2898.685
10;0;92;569.655;0.0;0.0;0.0;569.655;569.655;0.0;5.0;2848.2749999999996
10;0;93;573.411;0.0;0.0;0.0;573.411;573.411;0.0;5.0;2867.055
10;0;94;554.99;0.0;0.0;0.0;554.99;554.99;0.0;5.0;2774.95
10;0;95;539.292;0.0;0.0;0.0;539.292;539.292;0.0;5.0;2696.46
10;0;96;508.573;0.0;0.0;0.0;508.573;508.573;0.0;5.0;2542.865
10;0;97;516.512;0.0;0.0;0.0;516.512;516.512;0.0;5.0;2582.5599999999995
10;0;98;514.5840000000001;0.0;0.0;0.0;514.584;514.584;0.0;5.0;2572.9199999999996
10;0;99;516.966;0.0;0.0;0.0;516.966;516.966;0.0;5.0;2584.83
10;0;100;519.825;0.0;0.0;0.0;519.825;519.825;0.0;5.0;2599.125
10;0;101;518.45;0.0;0.0;0.0;518.45;518.45;0.0;5.0;2592.25
10;0;102;518.121;0.0;0.0;0.0;518.121;518.121;0.0;5.0;2590.605
10;0;103;804.2570000000001;0.0;0.0;0.0;804.257;804.257;0.0;5.0;4021.285
10;0;104;804.649;0.0;0.0;0.0;804.649;804.649;0.0;5.0;4023.245
10;0;105;710.879;0.0;0.0;0.0;710.879;710.879;0.0;5.0;3554.395
10;0;106;718.406;0.0;0.0;0.0;718.406;718.406;0.0;5.0;3592.0299999999997
10;0;107;718.501;0.0;0.0;0.0;718.501;718.501;0.0;5.0;3592.505
10;0;108;694.9860000000001;0.0;0.0;0.0;694.986;694.986;0.0;5.0;3474.93
10;0;109;676.143;0.0;0.0;0.0;676.143;676.143;0.0;5.0;3380.715
10;0;110;699.9570000000001;0.0;0.0;0.0;699.957;699.957;0.0;5.0;3499.785
10;0;111;676.6379999999999;0.0;0.0;0.0;676.638;676.638;0.0;5.0;3383.19
10;0;112;764.071;0.0;0.0;0.0;764.071;764.071;0.0;5.0;3820.355
10;0;113;794.921;0.0;0.0;0.0;794.921;794.921;0.0;5.0;3974.6050000000005
10;0;114;774.488;0.0;0.0;0.0;774.488;774.488;0.0;5.0;3872.4400000000005
10;0;115;766.0730000000001;0.0;0.0;0.0;766.073;766.073;0.0;5.0;3830.365
10;0;116;325.59;0.0;0.0;0.0;325.59;325.59;0.0;5.0;1627.9499999999998
10;0;117;577.835;0.0;0.0;0.0;577.835;577.835;0.0;5.0;2889.175
10;0;118;566.148;0.0;0.0;0.0;566.148;566.148;0.0;5.0;2830.7400000000002
10;0;119;568.768;0.0;0.0;0.0;568.768;568.768;0.0;5.0;2843.84
10;0;120;518.729;0.0;0.0;0.0;518.729;518.729;0.0;5.0;2593.6450000000004
10;0;121;520.9739999999999;0.0;0.0;0.0;520.974;520.974;0.0;5.0;2604.8700000000003
10;0;122;518.431;0.0;0.0;0.0;518.431;518.431;0.0;5.0;2592.155
10;0;123;523.155;0.0;0.0;0.0;523.155;523.155;0.0;5.0;2615.7749999999996
10;0;124;523.613;0.0;0.0;0.0;523.613;523.613;0.0;5.0;2618.0650000000005
10;0;125;520.325;0.0;0.0;0.0;520.325;520.325;0.0;5.0;2601.625
10;0;126;524.275;0.0;0.0;0.0;524.275;524.275;0.0;5.0;2621.375
10;0;127;782.53;0.0;0.0;0.0;782.53;782.53;0.0;5.0;3912.6499999999996
10;0;128;768.0989999999999;0.0;0.0;0.0;768.099;768.099;0.0;5.0;3840.4950000000003
10;0;129;639.798;0.0;0.0;0.0;639.798;639.798;0.0;5.0;3198.99
10;0;130;637.87;0.0;0.0;0.0;637.87;637.87;0.0;5.0;3189.35
10;0;131;619.106;0.0;0.0;0.0;619.106;619.106;0.0;5.0;3095.5299999999997
10;0;132;648.284;0.0;0.0;0.0;648.284;648.284;0.0;5.0;3241.42
10;0;133;574.472;0.0;0.0;0.0;574.472;574.472;0.0;5.0;2872.3599999999997
10;0;134;585.557;0.0;0.0;0.0;585.557;585.557;0.0;5.0;2927.785
10;0;135;681.184;0.0;0.0;0.0;681.184;681.184;0.0;5.0;3405.92
10;0;136;667.79;0.0;0.0;0.0;667.79;667.79;0.0;5.0;3338.95
10;0;137;667.677;0.0;0.0;0.0;667.677;667.677;0.0;5.0;3338.385
10;0;138;762.539;0.0;0.0;0.0;762.539;762.539;0.0;5.0;3812.6949999999997
10;0;139;788.7460000000001;0.0;0.0;0.0;788.746;788.746;0.0;5.0;3943.73
10;0;140;705.712;0.0;0.0;0.0;705.712;705.712;0.0;5.0;3528.56
10;0;141;586.794;0.0;0.0;0.0;586.794;586.794;0.0;5.0;2933.97
10;0;142;204.737;0.0;0.0;0.0;204.737;204.737;0.0;5.0;1023.685
10;0;143;188.974;0.0;0.0;0.0;188.974;188.974;0.0;5.0;944.8699999999999
10;0;144;528.656;0.0;0.0;0.0;528.656;528.656;0.0;5.0;2643.2799999999997
10;0;145;535.231;0.0;0.0;0.0;535.231;535.231;0.0;5.0;2676.1549999999997
10;0;146;534.5250000000001;0.0;0.0;0.0;534.525;534.525;0.0;5.0;2672.625
10;0;147;543.051;0.0;0.0;0.0;543.051;543.051;0.0;5.0;2715.255
10;0;148;546.865;0.0;0.0;0.0;546.865;546.865;0.0;5.0;2734.325
10;0;149;553.9739999999999;0.0;0.0;0.0;553.974;553.974;0.0;5.0;2769.8700000000003
10;0;150;559.822;0.0;0.0;0.0;559.822;559.822;0.0;5.0;2799.11
10;0;151;843.425;0.0;0.0;0.0;843.425;843.425;0.0;5.0;4217.125
10;0;152;763.3109999999999;0.0;0.0;0.0;763.311;763.311;0.0;5.0;3816.5550000000003
10;0;153;699.384;0.0;6.71619;0.0;692.66781;699.384;0.0;5.0;3496.92
10;0;154;672.596;0.0;55.2008;0.0;617.3952;672.596;0.0;5.0;3362.98
10;0;155;637.043;0.0;0.0;0.0;637.043;637.043;0.0;5.0;3185.215
10;0;156;610.223;0.0;51.67716;0.0;558.54584;610.223;0.0;5.0;3051.115
10;0;157;694.322;0.0;0.0;0.0;694.322;694.322;0.0;5.0;3471.61
10;0;158;739.799;0.0;0.0;0.0;739.799;739.799;0.0;5.0;3698.995
10;0;159;706.713;0.0;0.0;0.0;706.713;706.713;0.0;5.0;3533.5649999999996
10;0;160;704.027;0.0;0.0;0.0;704.027;704.027;0.0;5.0;3520.135
10;0;161;704.3;0.0;0.0;0.0;704.3;704.3;0.0;5.0;3521.5
10;0;162;793.2660000000001;0.0;0.0;0.0;793.266;793.266;0.0;5.0;3966.33
10;0;163;829.913;0.0;0.0;0.0;829.913;829.913;0.0;5.0;4149.5650000000005
10;0;164;731.063;0.0;0.0;0.0;731.063;731.063;0.0;5.0;3655.315
10;0;165;613.806;0.0;0.0;0.0;613.806;613.806;0.0;5.0;3069.03
10;0;166;360.282;0.0;0.0;0.0;360.282;360.282;0.0;5.0;1801.4099999999999
10;0;167;577.271;0.0;0.0;0.0;577.271;577.271;0.0;5.0;2886.3549999999996
10;1;0;138.851;0.0;0.0;0.0;138.851;138.851;0.0;20.0;2777.02
10;1;1;142.253;0.0;0.0;0.0;142.253;142.253;0.0;20.0;2845.0599999999995
10;1;2;141.421;0.0;0.0;0.0;141.421;141.421;0.0;20.0;2828.42
10;1;3;140.014;0.0;0.0;0.0;140.014;140.014;0.0;20.0;2800.28
10;1;4;141.186;0.0;0.0;0.0;141.186;141.186;0.0;20.0;2823.7200000000003
10;1;5;143.169;0.0;0.0;0.0;143.169;143.169;0.0;20.0;2863.38
10;1;6;146.213;0.0;0.0;0.0;146.213;146.213;0.0;20.0;2924.2599999999998
10;1;7;283.492;0.0;13.50017;0.0;269.99183;283.492;0.0;20.0;5669.84
10;1;8;312.173;0.0;83.38123;0.0;228.79177;312.173;0.0;20.0;6243.46
10;1;9;335.542;0.0;178.17871;0.0;157.36329;335.542;0.0;20.0;6710.839999999999
10;1;10;350.707;0.0;255.24589;0.0;95.46111;350.707;0.0;20.0;7014.139999999999
10;1;11;332.356;0.0;313.95462;0.0;18.40138;332.356;0.0;20.0;6647.12
10;1;12;318.428;0.0;318.428;0.0;0.0;318.428;0.0;20.0;6368.5599999999995
10;1;13;328.607;0.0;328.607;0.0;0.0;328.607;0.0;20.0;6572.14
10;1;14;341.387;0.0;309.84427;0.0;31.54273;341.387;0.0;20.0;6827.74
10;1;15;320.73;0.0;201.49177;0.0;119.23823;320.73;0.0;20.0;6414.6
10;1;16;304.174;0.0;111.70006;0.0;192.47394;304.174;0.0;20.0;6083.48
10;1;17;284.452;0.0;50.20051;0.0;234.25149;284.452;0.0;20.0;5689.04
10;1;18;298.226;0.0;0.0;0.0;298.226;298.226;0.0;20.0;5964.52
10;1;19;418.085;0.0;0.0;0.0;418.085;418.085;0.0;20.0;8361.699999999999
10;1;20;329.895;0.0;0.0;0.0;329.895;329.895;0.0;20.0;6597.9
10;1;21;199.016;0.0;0.0;0.0;199.016;199.016;0.0;20.0;3980.3199999999997
10;1;22;191.234;0.0;0.0;0.0;191.234;191.234;0.0;20.0;3824.6800000000003
10;1;23;173.048;0.0;0.0;0.0;173.048;173.048;0.0;20.0;3460.96
10;1;24;142.765;0.0;0.0;0.0;142.765;142.765;0.0;20.0;2855.2999999999997
10;1;25;144.97899999999998;0.0;0.0;0.0;144.979;144.979;0.0;20.0;2899.5800000000004
10;1;26;146.715;0.0;0.0;0.0;146.715;146.715;0.0;20.0;2934.3
10;1;27;145.134;0.0;0.0;0.0;145.134;145.134;0.0;20.0;2902.68
10;1;28;147.859;0.0;0.0;0.0;147.859;147.859;0.0;20.0;2957.1800000000003
10;1;29;158.058;0.0;0.0;0.0;158.058;158.058;0.0;20.0;3161.16
10;1;30;145.344;0.0;0.0;0.0;145.344;145.344;0.0;20.0;2906.88
10;1;31;292.298;0.0;0.0;0.0;292.298;292.298;0.0;20.0;5845.96
10;1;32;330.416;0.0;78.11165;0.0;252.30435;330.416;0.0;20.0;6608.32
10;1;33;334.06800000000004;0.0;175.86944;0.0;158.19856;334.068;0.0;20.0;6681.36
10;1;34;355.148;0.0;246.19026;0.0;108.95774;355.148;0.0;20.0;7102.960000000001
10;1;35;353.87100000000004;0.0;316.83681;0.0;37.03419;353.871;0.0;20.0;7077.42
10;1;36;325.508;0.0;325.508;0.0;0.0;325.508;0.0;20.0;6510.16
10;1;37;328.531;0.0;328.531;0.0;0.0;328.531;0.0;20.0;6570.62
10;1;38;362.257;0.0;362.257;0.0;0.0;362.257;0.0;20.0;7245.14
10;1;39;339.08099999999996;0.0;305.04062;0.0;34.04038;339.081;0.0;20.0;6781.620000000001
10;1;40;311.971;0.0;206.191;0.0;105.78;311.971;0.0;20.0;6239.42
10;1;41;410.577;0.0;46.78265;0.0;363.79435;410.577;0.0;20.0;8211.54
10;1;42;279.245;0.0;15.64923;0.0;263.59577;279.245;0.0;20.0;5584.9
10;1;43;417.79;0.0;0.0;0.0;417.79;417.79;0.0;20.0;8355.800000000001
10;1;44;320.656;0.0;0.0;0.0;320.656;320.656;0.0;20.0;6413.12
10;1;45;206.804;0.0;0.0;0.0;206.804;206.804;0.0;20.0;4136.08
10;1;46;192.975;0.0;0.0;0.0;192.975;192.975;0.0;20.0;3859.5
10;1;47;178.724;0.0;0.0;0.0;178.724;178.724;0.0;20.0;3574.4799999999996
10;1;48;139.863;0.0;0.0;0.0;139.863;139.863;0.0;20.0;2797.26
10;1;49;142.22;0.0;0.0;0.0;142.22;142.22;0.0;20.0;2844.4
10;1;50;141.446;0.0;0.0;0.0;141.446;141.446;0.0;20.0;2828.92
10;1;51;140.181;0.0;0.0;0.0;140.181;140.181;0.0;20.0;2803.6200000000003
10;1;52;141.122;0.0;0.0;0.0;141.122;141.122;0.0;20.0;2822.4400000000005
10;1;53;141.979;0.0;0.0;0.0;141.979;141.979;0.0;20.0;2839.5800000000004
10;1;54;145.838;0.0;0.0;0.0;145.838;145.838;0.0;20.0;2916.7599999999998
10;1;55;324.955;0.0;0.0;0.0;324.955;324.955;0.0;20.0;6499.099999999999
10;1;56;285.62;0.0;64.86009;0.0;220.75991;285.62;0.0;20.0;5712.4
10;1;57;277.081;0.0;161.57747;0.0;115.50353;277.081;0.0;20.0;5541.620000000001
10;1;58;304.46999999999997;0.0;240.18236;0.0;64.28764;304.47;0.0;20.0;6089.400000000001
10;1;59;288.67900000000003;0.0;288.679;0.0;0.0;288.679;0.0;20.0;5773.58
10;1;60;294.394;0.0;294.394;0.0;0.0;294.394;0.0;20.0;5887.88
10;1;61;301.856;0.0;301.856;0.0;0.0;301.856;0.0;20.0;6037.12
10;1;62;298.65200000000004;0.0;183.70881;0.0;114.94319;298.652;0.0;20.0;5973.04
10;1;63;408.237;0.0;0.54158;0.0;407.69542;408.237;0.0;20.0;8164.740000000001
10;1;64;275.8;0.0;112.54526;0.0;163.25474;275.8;0.0;20.0;5516.0
10;1;65;275.363;0.0;78.73567;0.0;196.62733;275.363;0.0;20.0;5507.26
10;1;66;276.931;0.0;0.0;0.0;276.931;276.931;0.0;20.0;5538.62
10;1;67;417.182;0.0;0.0;0.0;417.182;417.182;0.0;20.0;8343.64
10;1;68;320.126;0.0;0.0;0.0;320.126;320.126;0.0;20.0;6402.5199999999995
10;1;69;201.058;0.0;0.0;0.0;201.058;201.058;0.0;20.0;4021.16
10;1;70;199.677;0.0;0.0;0.0;199.677;199.677;0.0;20.0;3993.54
10;1;71;176.136;0.0;0.0;0.0;176.136;176.136;0.0;20.0;3522.72
10;1;72;141.081;0.0;0.0;0.0;141.081;141.081;0.0;20.0;2821.62
10;1;73;139.87;0.0;0.0;0.0;139.87;139.87;0.0;20.0;2797.4
10;1;74;141.628;0.0;0.0;0.0;141.628;141.628;0.0;20.0;2832.5599999999995
10;1;75;140.025;0.0;0.0;0.0;140.025;140.025;0.0;20.0;2800.5
10;1;76;140.688;0.0;0.0;0.0;140.688;140.688;0.0;20.0;2813.7599999999998
10;1;77;142.174;0.0;0.0;0.0;142.174;142.174;0.0;20.0;2843.48
10;1;78;142.286;0.0;0.0;0.0;142.286;142.286;0.0;20.0;2845.7200000000003
10;1;79;129.28;0.0;9.9837;0.0;119.2963;129.28;0.0;20.0;2585.6
10;1;80;131.81;0.0;85.04949;0.0;46.76051;131.81;0.0;20.0;2636.2
10;1;81;145.57399999999998;0.0;145.574;0.0;0.0;145.574;0.0;20.0;2911.4800000000005
10;1;82;154.877;0.0;154.877;0.0;0.0;154.877;0.0;20.0;3097.54
10;1;83;151.781;0.0;151.781;0.0;0.0;151.781;0.0;20.0;3035.62
10;1;84;148.655;0.0;148.655;0.0;0.0;148.655;0.0;20.0;2973.1
10;1;85;154.455;0.0;154.455;0.0;0.0;154.455;0.0;20.0;3089.1000000000004
10;1;86;150.67;0.0;150.67;0.0;0.0;150.67;0.0;20.0;3013.3999999999996
10;1;87;271.509;0.0;213.12707;0.0;58.38193;271.509;0.0;20.0;5430.18
10;1;88;138.332;0.0;123.79395;0.0;14.53805;138.332;0.0;20.0;2766.64
10;1;89;143.027;0.0;56.2674;0.0;86.7596;143.027;0.0;20.0;2860.54
10;1;90;136.259;0.0;15.2556;0.0;121.0034;136.259;0.0;20.0;2725.18
10;1;91;216.486;0.0;0.0;0.0;216.486;216.486;0.0;20.0;4329.719999999999
10;1;92;217.115;0.0;0.0;0.0;217.115;217.115;0.0;20.0;4342.3
10;1;93;203.757;0.0;0.0;0.0;203.757;203.757;0.0;20.0;4075.1400000000003
10;1;94;197.32;0.0;0.0;0.0;197.32;197.32;0.0;20.0;3946.3999999999996
10;1;95;170.575;0.0;0.0;0.0;170.575;170.575;0.0;20.0;3411.5
10;1;96;139.207;0.0;0.0;0.0;139.207;139.207;0.0;20.0;2784.14
10;1;97;143.966;0.0;0.0;0.0;143.966;143.966;0.0;20.0;2879.32
10;1;98;141.496;0.0;0.0;0.0;141.496;141.496;0.0;20.0;2829.92
10;1;99;140.971;0.0;0.0;0.0;140.971;140.971;0.0;20.0;2819.42
10;1;100;140.98;0.0;0.0;0.0;140.98;140.98;0.0;20.0;2819.6
10;1;101;145.436;0.0;0.0;0.0;145.436;145.436;0.0;20.0;2908.7200000000003
10;1;102;144.895;0.0;0.0;0.0;144.895;144.895;0.0;20.0;2897.9
10;1;103;307.568;0.0;5.98447;0.0;301.58353;307.568;0.0;20.0;6151.36
10;1;104;290.08;0.0;51.11862;0.0;238.96138;290.08;0.0;20.0;5801.599999999999
10;1;105;349.95;0.0;61.78913;0.0;288.16087;349.95;0.0;20.0;6999.0
10;1;106;368.12199999999996;0.0;187.09397;0.0;181.02803;368.122;0.0;20.0;7362.4400000000005
10;1;107;365.755;0.0;342.48082;0.0;23.27418;365.755;0.0;20.0;7315.1
10;1;108;348.652;0.0;348.652;0.0;0.0;348.652;0.0;20.0;6973.04
10;1;109;342.116;0.0;311.05882;0.0;31.05718;342.116;0.0;20.0;6842.32
10;1;110;365.666;0.0;129.2858;0.0;236.3802;365.666;0.0;20.0;7313.32
10;1;111;333.97200000000004;0.0;101.65287;0.0;232.31913;333.972;0.0;20.0;6679.44
10;1;112;325.997;0.0;78.99969;0.0;246.99731;325.997;0.0;20.0;6519.9400000000005
10;1;113;405.147;0.0;6.68762;0.0;398.45938;405.147;0.0;20.0;8102.94
10;1;114;285.572;0.0;10.44878;0.0;275.12322;285.572;0.0;20.0;5711.4400000000005
10;1;115;435.165;0.0;0.0;0.0;435.165;435.165;0.0;20.0;8703.300000000001
10;1;116;315.783;0.0;0.0;0.0;315.783;315.783;0.0;20.0;6315.66
10;1;117;215.286;0.0;0.0;0.0;215.286;215.286;0.0;20.0;4305.72
10;1;118;196.009;0.0;0.0;0.0;196.009;196.009;0.0;20.0;3920.18
10;1;119;170.037;0.0;0.0;0.0;170.037;170.037;0.0;20.0;3400.7400000000002
10;1;120;138.708;0.0;0.0;0.0;138.708;138.708;0.0;20.0;2774.16
10;1;121;143.878;0.0;0.0;0.0;143.878;143.878;0.0;20.0;2877.5599999999995
10;1;122;142.194;0.0;0.0;0.0;142.194;142.194;0.0;20.0;2843.8799999999997
10;1;123;141.333;0.0;0.0;0.0;141.333;141.333;0.0;20.0;2826.66
10;1;124;140.624;0.0;0.0;0.0;140.624;140.624;0.0;20.0;2812.48
10;1;125;138.629;0.0;0.0;0.0;138.629;138.629;0.0;20.0;2772.58
10;1;126;146.199;0.0;0.0;0.0;146.199;146.199;0.0;20.0;2923.9800000000005
10;1;127;361.921;0.0;0.0;0.0;361.921;361.921;0.0;20.0;7238.42
10;1;128;319.205;0.0;75.93091;0.0;243.27409;319.205;0.0;20.0;6384.099999999999
10;1;129;352.944;0.0;186.95115;0.0;165.99285;352.944;0.0;20.0;7058.88
10;1;130;358.757;0.0;275.34895;0.0;83.40805;358.757;0.0;20.0;7175.14
10;1;131;355.284;0.0;345.87962;0.0;9.40438;355.284;0.0;20.0;7105.68
10;1;132;337.14;0.0;337.14;0.0;0.0;337.14;0.0;20.0;6742.799999999999
10;1;133;348.35400000000004;0.0;348.354;0.0;0.0;348.354;0.0;20.0;6967.08
10;1;134;362.365;0.0;276.42484;0.0;85.94016;362.365;0.0;20.0;7247.3
10;1;135;335.465;0.0;187.42357;0.0;148.04143;335.465;0.0;20.0;6709.299999999999
10;1;136;318.81199999999995;0.0;133.46781;0.0;185.34419;318.812;0.0;20.0;6376.24
10;1;137;410.03700000000003;0.0;47.32645;0.0;362.71055;410.037;0.0;20.0;8200.74
10;1;138;279.307;0.0;6.30321;0.0;273.00379;279.307;0.0;20.0;5586.14
10;1;139;412.788;0.0;0.0;0.0;412.788;412.788;0.0;20.0;8255.76
10;1;140;331.097;0.0;0.0;0.0;331.097;331.097;0.0;20.0;6621.94
10;1;141;205.919;0.0;0.0;0.0;205.919;205.919;0.0;20.0;4118.38
10;1;142;196.643;0.0;0.0;0.0;196.643;196.643;0.0;20.0;3932.86
10;1;143;190.07;0.0;0.0;0.0;190.07;190.07;0.0;20.0;3801.3999999999996
10;1;144;137.15;0.0;0.0;0.0;137.15;137.15;0.0;20.0;2743.0
10;1;145;139.893;0.0;0.0;0.0;139.893;139.893;0.0;20.0;2797.86
10;1;146;141.133;0.0;0.0;0.0;141.133;141.133;0.0;20.0;2822.6600000000003
10;1;147;143.96;0.0;0.0;0.0;143.96;143.96;0.0;20.0;2879.2000000000003
10;1;148;139.296;0.0;0.0;0.0;139.296;139.296;0.0;20.0;2785.92
10;1;149;140.859;0.0;0.0;0.0;140.859;140.859;0.0;20.0;2817.1800000000003
10;1;150;147.599;0.0;0.0;0.0;147.599;147.599;0.0;20.0;2951.9799999999996
10;1;151;322.433;0.0;0.0;0.0;322.433;322.433;0.0;20.0;6448.66
10;1;152;319.858;0.0;75.24064;0.0;244.61736;319.858;0.0;20.0;6397.16
10;1;153;340.99;0.0;185.18202;0.0;155.80798;340.99;0.0;20.0;6819.8
10;1;154;363.769;0.0;284.07134;0.0;79.69766;363.769;0.0;20.0;7275.38
10;1;155;356.155;0.0;348.90796;0.0;7.24704;356.155;0.0;20.0;7123.099999999999
10;1;156;338.45500000000004;0.0;338.455;0.0;0.0;338.455;0.0;20.0;6769.099999999999
10;1;157;338.26500000000004;0.0;338.265;0.0;0.0;338.265;0.0;20.0;6765.299999999999
10;1;158;340.756;0.0;266.69648;0.0;74.05952;340.756;0.0;20.0;6815.119999999999
10;1;159;513.7189999999999;0.0;150.05589;0.0;363.66311;513.719;0.0;20.0;10274.380000000001
10;1;160;310.695;0.0;161.33043;0.0;149.36457;310.695;0.0;20.0;6213.9
10;1;161;394.04200000000003;0.0;60.98158;0.0;333.06042;394.042;0.0;20.0;7880.839999999999
10;1;162;284.153;0.0;22.8601;0.0;261.2929;284.153;0.0;20.0;5683.06
10;1;163;424.05;0.0;0.0;0.0;424.05;424.05;0.0;20.0;8481.0
10;1;164;326.323;0.0;0.0;0.0;326.323;326.323;0.0;20.0;6526.459999999999
10;1;165;195.09;0.0;0.0;0.0;195.09;195.09;0.0;20.0;3901.8
10;1;166;183.67;0.0;0.0;0.0;183.67;183.67;0.0;20.0;3673.3999999999996
10;1;167;168.527;0.0;0.0;0.0;168.527;168.527;0.0;20.0;3370.54
10;2;0;465.23;0.0;0.0;0.0;465.23;465.23;0.0;12.0;5582.76
10;2;1;474.033;0.0;0.0;0.0;474.033;474.033;0.0;12.0;5688.396000000001
10;2;2;308.39099999999996;0.0;0.0;0.0;308.391;308.391;0.0;12.0;3700.692
10;2;3;141.614;0.0;0.0;0.0;141.614;141.614;0.0;12.0;1699.368
10;2;4;141.023;0.0;0.0;0.0;141.023;141.023;0.0;12.0;1692.2759999999998
10;2;5;140.519;0.0;0.0;0.0;140.519;140.519;0.0;12.0;1686.228
10;2;6;147.377;0.0;0.0;0.0;147.377;147.377;0.0;12.0;1768.5240000000001
10;2;7;577.056;0.0;0.0;0.0;577.056;577.056;0.0;12.0;6924.6720000000005
10;2;8;456.962;0.0;14.16208;0.0;442.79992;456.962;0.0;12.0;5483.544
10;2;9;440.865;0.0;135.88879;0.0;304.97621;440.865;0.0;12.0;5290.38
10;2;10;433.281;0.0;226.58384;0.0;206.69716;433.281;0.0;12.0;5199.372
10;2;11;403.454;0.0;299.24747;0.0;104.20653;403.454;0.0;12.0;4841.448
10;2;12;375.904;0.0;338.42912;0.0;37.47488;375.904;0.0;12.0;4510.848
10;2;13;452.034;0.0;241.54334;0.0;210.49066;452.034;0.0;12.0;5424.407999999999
10;2;14;621.21;0.0;90.7681;0.0;530.4419;621.21;0.0;12.0;7454.52
10;2;15;595.8309999999999;0.0;32.60487;0.0;563.22613;595.831;0.0;12.0;7149.972
10;2;16;581.972;0.0;27.15646;0.0;554.81554;581.972;0.0;12.0;6983.664
10;2;17;574.9780000000001;0.0;0.0;0.0;574.978;574.978;0.0;12.0;6899.735999999999
10;2;18;653.8309999999999;0.0;0.0;0.0;653.831;653.831;0.0;12.0;7845.972
10;2;19;715.742;0.0;0.0;0.0;715.742;715.742;0.0;12.0;8588.903999999999
10;2;20;326.406;0.0;0.0;0.0;326.406;326.406;0.0;12.0;3916.8720000000003
10;2;21;205.027;0.0;0.0;0.0;205.027;205.027;0.0;12.0;2460.3239999999996
10;2;22;199.037;0.0;0.0;0.0;199.037;199.037;0.0;12.0;2388.444
10;2;23;179.573;0.0;0.0;0.0;179.573;179.573;0.0;12.0;2154.876
10;2;24;135.629;0.0;0.0;0.0;135.629;135.629;0.0;12.0;1627.5479999999998
10;2;25;143.648;0.0;0.0;0.0;143.648;143.648;0.0;12.0;1723.7759999999998
10;2;26;141.031;0.0;0.0;0.0;141.031;141.031;0.0;12.0;1692.372
10;2;27;146.909;0.0;0.0;0.0;146.909;146.909;0.0;12.0;1762.908
10;2;28;139.867;0.0;0.0;0.0;139.867;139.867;0.0;12.0;1678.404
10;2;29;141.401;0.0;0.0;0.0;141.401;141.401;0.0;12.0;1696.8120000000001
10;2;30;148.999;0.0;0.0;0.0;148.999;148.999;0.0;12.0;1787.9879999999998
10;2;31;387.572;0.0;0.0;0.0;387.572;387.572;0.0;12.0;4650.864
10;2;32;323.647;0.0;18.1732;0.0;305.4738;323.647;0.0;12.0;3883.764
10;2;33;422.671;0.0;107.05864;0.0;315.61236;422.671;0.0;12.0;5072.052
10;2;34;419.51300000000003;0.0;204.43059;0.0;215.08241;419.513;0.0;12.0;5034.156
10;2;35;388.60499999999996;0.0;271.59608;0.0;117.00892;388.605;0.0;12.0;4663.26
10;2;36;361.925;0.0;299.86334;0.0;62.06166;361.925;0.0;12.0;4343.1
10;2;37;357.096;0.0;226.03019;0.0;131.06581;357.096;0.0;12.0;4285.152
10;2;38;608.892;0.0;210.04055;0.0;398.85145;608.892;0.0;12.0;7306.704000000001
10;2;39;325.423;0.0;135.78831;0.0;189.63469;325.423;0.0;12.0;3905.076
10;2;40;443.501;0.0;26.38428;0.0;417.11672;443.501;0.0;12.0;5322.012
10;2;41;301.715;0.0;0.00074;0.0;301.71426;301.715;0.0;12.0;3620.58
10;2;42;385.606;0.0;0.0;0.0;385.606;385.606;0.0;12.0;4627.272
10;2;43;422.38;0.0;0.0;0.0;422.38;422.38;0.0;12.0;5068.5599999999995
10;2;44;339.174;0.0;0.0;0.0;339.174;339.174;0.0;12.0;4070.0879999999997
10;2;45;202.295;0.0;0.0;0.0;202.295;202.295;0.0;12.0;2427.54
10;2;46;199.889;0.0;0.0;0.0;199.889;199.889;0.0;12.0;2398.668
10;2;47;177.279;0.0;0.0;0.0;177.279;177.279;0.0;12.0;2127.348
10;2;48;140.082;0.0;0.0;0.0;140.082;140.082;0.0;12.0;1680.984
10;2;49;144.86;0.0;0.0;0.0;144.86;144.86;0.0;12.0;1738.3200000000002
10;2;50;141.805;0.0;0.0;0.0;141.805;141.805;0.0;12.0;1701.66
10;2;51;159.24;0.0;0.0;0.0;159.24;159.24;0.0;12.0;1910.88
10;2;52;159.298;0.0;0.0;0.0;159.298;159.298;0.0;12.0;1911.576
10;2;53;161.44299999999998;0.0;0.0;0.0;161.443;161.443;0.0;12.0;1937.3160000000003
10;2;54;165.077;0.0;0.0;0.0;165.077;165.077;0.0;12.0;1980.924
10;2;55;406.65700000000004;0.0;0.0;0.0;406.657;406.657;0.0;12.0;4879.884
10;2;56;386.116;0.0;0.0;0.0;386.116;386.116;0.0;12.0;4633.392
10;2;57;322.364;0.0;0.0;0.0;322.364;322.364;0.0;12.0;3868.3679999999995
10;2;58;342.401;0.0;0.0;0.0;342.401;342.401;0.0;12.0;4108.812
10;2;59;333.97200000000004;0.0;0.0;0.0;333.972;333.972;0.0;12.0;4007.6639999999998
10;2;60;288.69;0.0;0.00083;0.0;288.68917;288.69;0.0;12.0;3464.2799999999997
10;2;61;301.937;0.0;0.0;0.0;301.937;301.937;0.0;12.0;3623.244
10;2;62;308.651;0.0;0.0;0.0;308.651;308.651;0.0;12.0;3703.812
10;2;63;407.062;0.0;0.0;0.0;407.062;407.062;0.0;12.0;4884.744000000001
10;2;64;293.481;0.0;0.0;0.0;293.481;293.481;0.0;12.0;3521.772
10;2;65;339.236;0.0;0.0;0.0;339.236;339.236;0.0;12.0;4070.832
10;2;66;407.754;0.0;0.0;0.0;407.754;407.754;0.0;12.0;4893.048000000001
10;2;67;426.945;0.0;0.0;0.0;426.945;426.945;0.0;12.0;5123.34
10;2;68;322.845;0.0;0.0;0.0;322.845;322.845;0.0;12.0;3874.1400000000003
10;2;69;202.863;0.0;0.0;0.0;202.863;202.863;0.0;12.0;2434.3559999999998
10;2;70;199.447;0.0;0.0;0.0;199.447;199.447;0.0;12.0;2393.364
10;2;71;167.515;0.0;0.0;0.0;167.515;167.515;0.0;12.0;2010.1799999999998
10;2;72;428.752;0.0;0.0;0.0;428.752;428.752;0.0;12.0;5145.024
10;2;73;144.03;0.0;0.0;0.0;144.03;144.03;0.0;12.0;1728.3600000000001
10;2;74;140.546;0.0;0.0;0.0;140.546;140.546;0.0;12.0;1686.552
10;2;75;142.106;0.0;0.0;0.0;142.106;142.106;0.0;12.0;1705.272
10;2;76;139.135;0.0;0.0;0.0;139.135;139.135;0.0;12.0;1669.62
10;2;77;139.833;0.0;0.0;0.0;139.833;139.833;0.0;12.0;1677.996
10;2;78;145.338;0.0;0.0;0.0;145.338;145.338;0.0;12.0;1744.056
10;2;79;154.103;0.0;0.0;0.0;154.103;154.103;0.0;12.0;1849.236
10;2;80;225.675;0.0;0.0007;0.0;225.6743;225.675;0.0;12.0;2708.1000000000004
10;2;81;135.919;0.0;8.82519;0.0;127.09381;135.919;0.0;12.0;1631.0280000000002
10;2;82;199.999;0.0;0.0;0.0;199.999;199.999;0.0;12.0;2399.988
10;2;83;182.829;0.0;45.32592;0.0;137.50308;182.829;0.0;12.0;2193.9480000000003
10;2;84;169.516;0.0;117.64336;0.0;51.87264;169.516;0.0;12.0;2034.192
10;2;85;171.422;0.0;61.56894;0.0;109.85306;171.422;0.0;12.0;2057.064
10;2;86;426.81899999999996;0.0;0.0;0.0;426.819;426.819;0.0;12.0;5121.828
10;2;87;417.323;0.0;0.0;0.0;417.323;417.323;0.0;12.0;5007.876
10;2;88;428.251;0.0;0.0;0.0;428.251;428.251;0.0;12.0;5139.012
10;2;89;425.986;0.0;0.00088;0.0;425.98512;425.986;0.0;12.0;5111.832
10;2;90;491.769;0.0;0.0;0.0;491.769;491.769;0.0;12.0;5901.228
10;2;91;215.345;0.0;0.0;0.0;215.345;215.345;0.0;12.0;2584.14
10;2;92;512.609;0.0;0.0;0.0;512.609;512.609;0.0;12.0;6151.308000000001
10;2;93;241.02599999999998;0.0;0.0;0.0;241.026;241.026;0.0;12.0;2892.312
10;2;94;493.37;0.0;0.0;0.0;493.37;493.37;0.0;12.0;5920.4400000000005
10;2;95;490.795;0.0;0.0;0.0;490.795;490.795;0.0;12.0;5889.54
10;2;96;137.013;0.0;0.0;0.0;137.013;137.013;0.0;12.0;1644.156
10;2;97;139.487;0.0;0.0;0.0;139.487;139.487;0.0;12.0;1673.844
10;2;98;138.846;0.0;0.0;0.0;138.846;138.846;0.0;12.0;1666.152
10;2;99;142.762;0.0;0.0;0.0;142.762;142.762;0.0;12.0;1713.144
10;2;100;136.677;0.0;0.0;0.0;136.677;136.677;0.0;12.0;1640.1239999999998
10;2;101;140.519;0.0;0.0;0.0;140.519;140.519;0.0;12.0;1686.228
10;2;102;143.483;0.0;0.0;0.0;143.483;143.483;0.0;12.0;1721.796
10;2;103;406.911;0.0;0.0;0.0;406.911;406.911;0.0;12.0;4882.932
10;2;104;514.8199999999999;0.0;4.738;0.0;510.082;514.82;0.0;12.0;6177.84
10;2;105;510.09;0.0;103.75345;0.0;406.33655;510.09;0.0;12.0;6121.08
10;2;106;461.465;0.0;90.57841;0.0;370.88659;461.465;0.0;12.0;5537.58
10;2;107;455.917;0.0;31.4547;0.0;424.4623;455.917;0.0;12.0;5471.004
10;2;108;417.54;0.0;91.49601;0.0;326.04399;417.54;0.0;12.0;5010.4800000000005
10;2;109;403.822;0.0;66.95285;0.0;336.86915;403.822;0.0;12.0;4845.864
10;2;110;415.21299999999997;0.0;66.61361;0.0;348.59939;415.213;0.0;12.0;4982.5560000000005
10;2;111;385.502;0.0;0.0;0.0;385.502;385.502;0.0;12.0;4626.024
10;2;112;373.80100000000004;0.0;0.0;0.0;373.801;373.801;0.0;12.0;4485.612
10;2;113;516.05;0.0;0.0;0.0;516.05;516.05;0.0;12.0;6192.599999999999
10;2;114;399.84;0.0;0.0;0.0;399.84;399.84;0.0;12.0;4798.08
10;2;115;420.295;0.0;0.0;0.0;420.295;420.295;0.0;12.0;5043.54
10;2;116;491.73;0.0;0.0;0.0;491.73;491.73;0.0;12.0;5900.76
10;2;117;197.599;0.0;0.0;0.0;197.599;197.599;0.0;12.0;2371.188
10;2;118;362.443;0.0;0.0;0.0;362.443;362.443;0.0;12.0;4349.316
10;2;119;172.154;0.0;0.0;0.0;172.154;172.154;0.0;12.0;2065.848
10;2;120;232.115;0.0;0.0;0.0;232.115;232.115;0.0;12.0;2785.38
10;2;121;238.876;0.0;0.0;0.0;238.876;238.876;0.0;12.0;2866.512
10;2;122;238.391;0.0;0.0;0.0;238.391;238.391;0.0;12.0;2860.692
10;2;123;245.99900000000002;0.0;0.0;0.0;245.999;245.999;0.0;12.0;2951.988
10;2;124;248.05;0.0;0.0;0.0;248.05;248.05;0.0;12.0;2976.6000000000004
10;2;125;250.18;0.0;0.0;0.0;250.18;250.18;0.0;12.0;3002.16
10;2;126;262.01300000000003;0.0;0.0;0.0;262.013;262.013;0.0;12.0;3144.156
10;2;127;510.74;0.0;0.0;0.0;510.74;510.74;0.0;12.0;6128.88
10;2;128;446.662;0.0;0.0;0.0;446.662;446.662;0.0;12.0;5359.9439999999995
10;2;129;396.30899999999997;0.0;0.0;0.0;396.309;396.309;0.0;12.0;4755.7080000000005
10;2;130;413.242;0.0;0.0;0.0;413.242;413.242;0.0;12.0;4958.904
10;2;131;389.388;0.0;0.0;0.0;389.388;389.388;0.0;12.0;4672.656
10;2;132;362.307;0.0;37.90921;0.0;324.39779;362.307;0.0;12.0;4347.684
10;2;133;352.293;0.0;73.45358;0.0;278.83942;352.293;0.0;12.0;4227.516
10;2;134;358.65799999999996;0.0;0.0;0.0;358.658;358.658;0.0;12.0;4303.896000000001
10;2;135;360.002;0.0;0.0;0.0;360.002;360.002;0.0;12.0;4320.024
10;2;136;330.478;0.0;0.0;0.0;330.478;330.478;0.0;12.0;3965.736
10;2;137;618.144;0.0;0.0;0.0;618.144;618.144;0.0;12.0;7417.728
10;2;138;660.513;0.0;0.0;0.0;660.513;660.513;0.0;12.0;7926.156000000001
10;2;139;691.218;0.0;0.0;0.0;691.218;691.218;0.0;12.0;8294.616
10;2;140;334.788;0.0;0.0;0.0;334.788;334.788;0.0;12.0;4017.456
10;2;141;201.992;0.0;0.0;0.0;201.992;201.992;0.0;12.0;2423.904
10;2;142;326.56899999999996;0.0;0.0;0.0;326.569;326.569;0.0;12.0;3918.8280000000004
10;2;143;179.493;0.0;0.0;0.0;179.493;179.493;0.0;12.0;2153.916
10;2;144;141.131;0.0;0.0;0.0;141.131;141.131;0.0;12.0;1693.5720000000001
10;2;145;145.18;0.0;0.0;0.0;145.18;145.18;0.0;12.0;1742.16
10;2;146;140.491;0.0;0.0;0.0;140.491;140.491;0.0;12.0;1685.8920000000003
10;2;147;140.811;0.0;0.0;0.0;140.811;140.811;0.0;12.0;1689.732
10;2;148;140.741;0.0;0.0;0.0;140.741;140.741;0.0;12.0;1688.8920000000003
10;2;149;141.888;0.0;0.0;0.0;141.888;141.888;0.0;12.0;1702.656
10;2;150;153.283;0.0;0.0;0.0;153.283;153.283;0.0;12.0;1839.3959999999997
10;2;151;433.604;0.0;0.0;0.0;433.604;433.604;0.0;12.0;5203.248
10;2;152;457.463;0.0;0.0;0.0;457.463;457.463;0.0;12.0;5489.5560000000005
10;2;153;473.429;0.0;0.0;0.0;473.429;473.429;0.0;12.0;5681.147999999999
10;2;154;480.02;0.0;0.0;0.0;480.02;480.02;0.0;12.0;5760.24
10;2;155;417.019;0.0;0.0;0.0;417.019;417.019;0.0;12.0;5004.228
10;2;156;367.019;0.0;0.0;0.0;367.019;367.019;0.0;12.0;4404.228
10;2;157;382.004;0.0;0.0;0.0;382.004;382.004;0.0;12.0;4584.048000000001
10;2;158;386.56600000000003;0.0;0.0;0.0;386.566;386.566;0.0;12.0;4638.7919999999995
10;2;159;389.281;0.0;0.0;0.0;389.281;389.281;0.0;12.0;4671.372
10;2;160;702.223;0.0;0.0;0.0;702.223;702.223;0.0;12.0;8426.676
10;2;161;452.306;0.0;0.0;0.0;452.306;452.306;0.0;12.0;5427.672
10;2;162;412.698;0.0;0.0;0.0;412.698;412.698;0.0;12.0;4952.376
10;2;163;435.919;0.0;0.0;0.0;435.919;435.919;0.0;12.0;5231.028
10;2;164;327.206;0.0;0.0;0.0;327.206;327.206;0.0;12.0;3926.472
10;2;165;207.674;0.0;0.0;0.0;207.674;207.674;0.0;12.0;2492.088
10;2;166;315.443;0.0;0.0;0.0;315.443;315.443;0.0;12.0;3785.316
10;2;167;451.047;0.0;0.0;0.0;451.047;451.047;0.0;12.0;5412.564
10;3;0;139.565;0.0;0.0;0.0;139.565;139.565;0.0;15.0;2093.475
10;3;1;449.074;0.0;0.0;0.0;449.074;449.074;0.0;15.0;6736.110000000001
10;3;2;492.98400000000004;0.0;0.0;0.0;492.984;492.984;0.0;15.0;7394.759999999999
10;3;3;501.211;0.0;0.0;0.0;501.211;501.211;0.0;15.0;7518.165
10;3;4;527.064;0.0;0.0;0.0;527.064;527.064;0.0;15.0;7905.959999999999
10;3;5;507.426;0.0;0.0;0.0;507.426;507.426;0.0;15.0;7611.389999999999
10;3;6;540.253;0.0;0.0;0.0;540.253;540.253;0.0;15.0;8103.795000000001
10;3;7;790.193;0.0;0.0;0.0;790.193;790.193;0.0;15.0;11852.895
10;3;8;804.884;0.0;0.0;0.0;804.884;804.884;0.0;15.0;12073.26
10;3;9;782.5630000000001;0.0;0.0;0.0;782.563;782.563;0.0;15.0;11738.445
10;3;10;693.841;0.0;0.0;0.0;693.841;693.841;0.0;15.0;10407.615
10;3;11;652.4490000000001;0.0;0.0;0.0;652.449;652.449;0.0;15.0;9786.734999999999
10;3;12;581.602;0.0;0.0;0.0;581.602;581.602;0.0;15.0;8724.029999999999
10;3;13;558.158;0.0;59.26412;0.0;498.89388;558.158;0.0;15.0;8372.37
10;3;14;695.663;0.0;54.50918;0.0;641.15382;695.663;0.0;15.0;10434.945
10;3;15;678.174;0.0;0.0;0.0;678.174;678.174;0.0;15.0;10172.61
10;3;16;834.442;0.0;0.0;0.0;834.442;834.442;0.0;15.0;12516.630000000001
10;3;17;825.0930000000001;0.0;0.0;0.0;825.093;825.093;0.0;15.0;12376.394999999999
10;3;18;790.294;0.0;0.0;0.0;790.294;790.294;0.0;15.0;11854.41
10;3;19;445.809;0.0;0.0;0.0;445.809;445.809;0.0;15.0;6687.135
10;3;20;335.649;0.0;0.0;0.0;335.649;335.649;0.0;15.0;5034.735
10;3;21;298.228;0.0;0.0;0.0;298.228;298.228;0.0;15.0;4473.42
10;3;22;564.73;0.0;0.0;0.0;564.73;564.73;0.0;15.0;8470.95
10;3;23;556.9490000000001;0.0;0.0;0.0;556.949;556.949;0.0;15.0;8354.234999999999
10;3;24;527.432;0.0;0.0;0.0;527.432;527.432;0.0;15.0;7911.4800000000005
10;3;25;343.779;0.0;0.0;0.0;343.779;343.779;0.0;15.0;5156.6849999999995
10;3;26;508.672;0.0;0.0;0.0;508.672;508.672;0.0;15.0;7630.08
10;3;27;514.134;0.0;0.0;0.0;514.134;514.134;0.0;15.0;7712.01
10;3;28;522.378;0.0;0.0;0.0;522.378;522.378;0.0;15.0;7835.670000000001
10;3;29;535.092;0.0;0.0;0.0;535.092;535.092;0.0;15.0;8026.38
10;3;30;542.7149999999999;0.0;0.0;0.0;542.715;542.715;0.0;15.0;8140.725
10;3;31;811.327;0.0;0.0;0.0;811.327;811.327;0.0;15.0;12169.905
10;3;32;821.802;0.0;0.0;0.0;821.802;821.802;0.0;15.0;12327.03
10;3;33;790.762;0.0;0.0;0.0;790.762;790.762;0.0;15.0;11861.429999999998
10;3;34;662.4;0.0;0.0;0.0;662.4;662.4;0.0;15.0;9936.0
10;3;35;625.762;0.0;0.0;0.0;625.762;625.762;0.0;15.0;9386.429999999998
10;3;36;592.969;0.0;0.0;0.0;592.969;592.969;0.0;15.0;8894.535
10;3;37;593.829;0.0;0.0;0.0;593.829;593.829;0.0;15.0;8907.435
10;3;38;687.159;0.0;0.0;0.0;687.159;687.159;0.0;15.0;10307.385
10;3;39;748.9739999999999;0.0;0.0;0.0;748.974;748.974;0.0;15.0;11234.61
10;3;40;761.1220000000001;0.0;0.0;0.0;761.122;761.122;0.0;15.0;11416.83
10;3;41;755.675;0.0;0.0;0.0;755.675;755.675;0.0;15.0;11335.125
10;3;42;729.78;0.0;0.0;0.0;729.78;729.78;0.0;15.0;10946.699999999999
10;3;43;731.5550000000001;0.0;0.0;0.0;731.555;731.555;0.0;15.0;10973.324999999999
10;3;44;638.8900000000001;0.0;0.0;0.0;638.89;638.89;0.0;15.0;9583.35
10;3;45;534.692;0.0;0.0;0.0;534.692;534.692;0.0;15.0;8020.38
10;3;46;512.193;0.0;0.0;0.0;512.193;512.193;0.0;15.0;7682.8949999999995
10;3;47;490.674;0.0;0.0;0.0;490.674;490.674;0.0;15.0;7360.11
10;3;48;221.539;0.0;0.0;0.0;221.539;221.539;0.0;15.0;3323.085
10;3;49;219.519;0.0;0.0;0.0;219.519;219.519;0.0;15.0;3292.785
10;3;50;218.39300000000003;0.0;0.0;0.0;218.393;218.393;0.0;15.0;3275.895
10;3;51;220.37;0.0;0.0;0.0;220.37;220.37;0.0;15.0;3305.55
10;3;52;223.354;0.0;0.0;0.0;223.354;223.354;0.0;15.0;3350.3100000000004
10;3;53;224.101;0.0;0.0;0.0;224.101;224.101;0.0;15.0;3361.515
10;3;54;230.466;0.0;0.0;0.0;230.466;230.466;0.0;15.0;3456.9900000000002
10;3;55;491.794;0.0;0.0;0.0;491.794;491.794;0.0;15.0;7376.91
10;3;56;528.6279999999999;0.0;0.0;0.0;528.628;528.628;0.0;15.0;7929.420000000001
10;3;57;509.385;0.0;0.0;0.0;509.385;509.385;0.0;15.0;7640.775
10;3;58;489.396;0.0;0.0;0.0;489.396;489.396;0.0;15.0;7340.9400000000005
10;3;59;485.201;0.0;0.0;0.0;485.201;485.201;0.0;15.0;7278.015
10;3;60;393.549;0.0;0.0;0.0;393.549;393.549;0.0;15.0;5903.235
10;3;61;387.802;0.0;0.0;0.0;387.802;387.802;0.0;15.0;5817.030000000001
10;3;62;381.462;0.0;0.0;0.0;381.462;381.462;0.0;15.0;5721.93
10;3;63;425.5;0.0;0.0;0.0;425.5;425.5;0.0;15.0;6382.5
10;3;64;511.92;0.0;0.0;0.0;511.92;511.92;0.0;15.0;7678.8
10;3;65;747.192;0.0;0.0;0.0;747.192;747.192;0.0;15.0;11207.880000000001
10;3;66;766.6869999999999;0.0;0.0;0.0;766.687;766.687;0.0;15.0;11500.305
10;3;67;436.394;0.0;0.0;0.0;436.394;436.394;0.0;15.0;6545.91
10;3;68;343.946;0.0;0.0;0.0;343.946;343.946;0.0;15.0;5159.1900000000005
10;3;69;208.356;0.0;0.0;0.0;208.356;208.356;0.0;15.0;3125.34
10;3;70;208.378;0.0;0.0;0.0;208.378;208.378;0.0;15.0;3125.6699999999996
10;3;71;311.195;0.0;0.0;0.0;311.195;311.195;0.0;15.0;4667.925
10;3;72;274.04200000000003;0.0;0.0;0.0;274.042;274.042;0.0;15.0;4110.629999999999
10;3;73;279.351;0.0;0.0;0.0;279.351;279.351;0.0;15.0;4190.265
10;3;74;284.303;0.0;0.0;0.0;284.303;284.303;0.0;15.0;4264.545
10;3;75;294.702;0.0;0.0;0.0;294.702;294.702;0.0;15.0;4420.53
10;3;76;292.831;0.0;0.0;0.0;292.831;292.831;0.0;15.0;4392.465
10;3;77;298.91700000000003;0.0;0.0;0.0;298.917;298.917;0.0;15.0;4483.754999999999
10;3;78;474.10699999999997;0.0;0.0;0.0;474.107;474.107;0.0;15.0;7111.6050000000005
10;3;79;159.384;0.0;0.0;0.0;159.384;159.384;0.0;15.0;2390.7599999999998
10;3;80;395.108;0.0;0.0;0.0;395.108;395.108;0.0;15.0;5926.62
10;3;81;543.6949999999999;0.0;0.0;0.0;543.695;543.695;0.0;15.0;8155.425000000001
10;3;82;557.543;0.0;0.0;0.0;557.543;557.543;0.0;15.0;8363.145
10;3;83;546.179;0.0;0.0;0.0;546.179;546.179;0.0;15.0;8192.685
10;3;84;526.718;0.0;0.0;0.0;526.718;526.718;0.0;15.0;7900.7699999999995
10;3;85;500.014;0.0;0.0;0.0;500.014;500.014;0.0;15.0;7500.21
10;3;86;503.717;0.0;0.0;0.0;503.717;503.717;0.0;15.0;7555.755
10;3;87;510.274;0.0;0.0;0.0;510.274;510.274;0.0;15.0;7654.11
10;3;88;544.363;0.0;0.0;0.0;544.363;544.363;0.0;15.0;8165.445000000001
10;3;89;562.767;0.0;0.0;0.0;562.767;562.767;0.0;15.0;8441.505000000001
10;3;90;573.84;0.0;0.0;0.0;573.84;573.84;0.0;15.0;8607.6
10;3;91;589.19;0.0;0.0;0.0;589.19;589.19;0.0;15.0;8837.85
10;3;92;591.788;0.0;0.0;0.0;591.788;591.788;0.0;15.0;8876.82
10;3;93;590.302;0.0;0.0;0.0;590.302;590.302;0.0;15.0;8854.53
10;3;94;580.403;0.0;0.0;0.0;580.403;580.403;0.0;15.0;8706.045
10;3;95;559.347;0.0;0.0;0.0;559.347;559.347;0.0;15.0;8390.205
10;3;96;528.048;0.0;0.0;0.0;528.048;528.048;0.0;15.0;7920.72
10;3;97;536.4689999999999;0.0;0.0;0.0;536.469;536.469;0.0;15.0;8047.035000000001
10;3;98;532.726;0.0;0.0;0.0;532.726;532.726;0.0;15.0;7990.89
10;3;99;532.162;0.0;0.0;0.0;532.162;532.162;0.0;15.0;7982.43
10;3;100;533.0889999999999;0.0;0.0;0.0;533.089;533.089;0.0;15.0;7996.335000000001
10;3;101;528.191;0.0;0.0;0.0;528.191;528.191;0.0;15.0;7922.865000000001
10;3;102;530.276;0.0;0.0;0.0;530.276;530.276;0.0;15.0;7954.139999999999
10;3;103;830.144;0.0;0.0;0.0;830.144;830.144;0.0;15.0;12452.16
10;3;104;855.748;0.0;0.0;0.0;855.748;855.748;0.0;15.0;12836.220000000001
10;3;105;879.702;0.0;0.0;0.0;879.702;879.702;0.0;15.0;13195.53
10;3;106;909.367;0.0;0.0;0.0;909.367;909.367;0.0;15.0;13640.505
10;3;107;885.991;0.0;0.0;0.0;885.991;885.991;0.0;15.0;13289.865
10;3;108;831.529;0.0;0.0;0.0;831.529;831.529;0.0;15.0;12472.935
10;3;109;818.0709999999999;0.0;0.0;0.0;818.071;818.071;0.0;15.0;12271.065
10;3;110;855.3530000000001;0.0;0.0;0.0;855.353;855.353;0.0;15.0;12830.295
10;3;111;873.626;0.0;0.0;0.0;873.626;873.626;0.0;15.0;13104.39
10;3;112;859.318;0.0;0.0;0.0;859.318;859.318;0.0;15.0;12889.77
10;3;113;846.285;0.0;0.0;0.0;846.285;846.285;0.0;15.0;12694.275
10;3;114;795.673;0.0;0.0;0.0;795.673;795.673;0.0;15.0;11935.095
10;3;115;805.569;0.0;0.0;0.0;805.569;805.569;0.0;15.0;12083.535
10;3;116;709.685;0.0;0.0;0.0;709.685;709.685;0.0;15.0;10645.275
10;3;117;569.752;0.0;0.0;0.0;569.752;569.752;0.0;15.0;8546.279999999999
10;3;118;562.087;0.0;0.0;0.0;562.087;562.087;0.0;15.0;8431.305
10;3;119;543.667;0.0;0.0;0.0;543.667;543.667;0.0;15.0;8155.005
10;3;120;507.045;0.0;0.0;0.0;507.045;507.045;0.0;15.0;7605.675
10;3;121;511.903;0.0;0.0;0.0;511.903;511.903;0.0;15.0;7678.545
10;3;122;517.38;0.0;0.0;0.0;517.38;517.38;0.0;15.0;7760.7
10;3;123;524.477;0.0;0.0;0.0;524.477;524.477;0.0;15.0;7867.155
10;3;124;530.981;0.0;0.0;0.0;530.981;530.981;0.0;15.0;7964.715
10;3;125;538.781;0.0;0.0;0.0;538.781;538.781;0.0;15.0;8081.714999999999
10;3;126;539.943;0.0;0.0;0.0;539.943;539.943;0.0;15.0;8099.1449999999995
10;3;127;831.69;0.0;0.0;0.0;831.69;831.69;0.0;15.0;12475.35
10;3;128;843.96;0.0;0.0;0.0;843.96;843.96;0.0;15.0;12659.400000000001
10;3;129;852.287;0.0;0.0;0.0;852.287;852.287;0.0;15.0;12784.305
10;3;130;782.308;0.0;0.0;0.0;782.308;782.308;0.0;15.0;11734.619999999999
10;3;131;762.043;0.0;0.0;0.0;762.043;762.043;0.0;15.0;11430.645
10;3;132;632.644;0.0;0.0;0.0;632.644;632.644;0.0;15.0;9489.66
10;3;133;628.355;0.0;0.0;0.0;628.355;628.355;0.0;15.0;9425.325
10;3;134;752.44;0.0;0.0;0.0;752.44;752.44;0.0;15.0;11286.6
10;3;135;774.156;0.0;0.0;0.0;774.156;774.156;0.0;15.0;11612.34
10;3;136;863.057;0.0;0.0;0.0;863.057;863.057;0.0;15.0;12945.855
10;3;137;655.96;0.0;0.0;0.0;655.96;655.96;0.0;15.0;9839.400000000001
10;3;138;725.51;0.0;0.0;0.0;725.51;725.51;0.0;15.0;10882.65
10;3;139;811.774;0.0;0.0;0.0;811.774;811.774;0.0;15.0;12176.61
10;3;140;672.392;0.0;0.0;0.0;672.392;672.392;0.0;15.0;10085.880000000001
10;3;141;596.888;0.0;0.0;0.0;596.888;596.888;0.0;15.0;8953.32
10;3;142;590.72;0.0;0.0;0.0;590.72;590.72;0.0;15.0;8860.800000000001
10;3;143;569.1600000000001;0.0;0.0;0.0;569.16;569.16;0.0;15.0;8537.4
10;3;144;525.915;0.0;0.0;0.0;525.915;525.915;0.0;15.0;7888.724999999999
10;3;145;534.268;0.0;0.0;0.0;534.268;534.268;0.0;15.0;8014.02
10;3;146;529.6120000000001;0.0;0.0;0.0;529.612;529.612;0.0;15.0;7944.179999999999
10;3;147;534.639;0.0;0.0;0.0;534.639;534.639;0.0;15.0;8019.585
10;3;148;530.903;0.0;0.0;0.0;530.903;530.903;0.0;15.0;7963.545
10;3;149;533.636;0.0;0.0;0.0;533.636;533.636;0.0;15.0;8004.539999999999
10;3;150;538.1759999999999;0.0;0.0;0.0;538.176;538.176;0.0;15.0;8072.64
10;3;151;797.758;0.0;0.0;0.0;797.758;797.758;0.0;15.0;11966.37
10;3;152;803.934;0.0;0.0;0.0;803.934;803.934;0.0;15.0;12059.01
10;3;153;754.4590000000001;0.0;0.0;0.0;754.459;754.459;0.0;15.0;11316.884999999998
10;3;154;658.015;0.0;0.0;0.0;658.015;658.015;0.0;15.0;9870.225
10;3;155;624.125;0.0;0.0;0.0;624.125;624.125;0.0;15.0;9361.875
10;3;156;653.915;0.0;0.0;0.0;653.915;653.915;0.0;15.0;9808.724999999999
10;3;157;759.2470000000001;0.0;0.0;0.0;759.247;759.247;0.0;15.0;11388.705
10;3;158;541.71;0.0;0.0;0.0;541.71;541.71;0.0;15.0;8125.650000000001
10;3;159;703.23;0.0;0.0;0.0;703.23;703.23;0.0;15.0;10548.45
10;3;160;687.898;0.0;0.0;0.0;687.898;687.898;0.0;15.0;10318.470000000001
10;3;161;677.46;0.0;0.0;0.0;677.46;677.46;0.0;15.0;10161.900000000001
10;3;162;652.039;0.0;0.0;0.0;652.039;652.039;0.0;15.0;9780.585
10;3;163;653.4449999999999;0.0;0.0;0.0;653.445;653.445;0.0;15.0;9801.675000000001
10;3;164;677.0440000000001;0.0;0.0;0.0;677.044;677.044;0.0;15.0;10155.66
10;3;165;548.895;0.0;0.0;0.0;548.895;548.895;0.0;15.0;8233.425
10;3;166;539.2529999999999;0.0;0.0;0.0;539.253;539.253;0.0;15.0;8088.795000000001
10;3;167;527.322;0.0;0.0;0.0;527.322;527.322;0.0;15.0;7909.83
15;0;0;147.77;0.0;0.0;0.0;147.77;147.77;0.0;5.0;738.85
15;0;1;390.632;0.0;0.0;0.0;390.632;390.632;0.0;5.0;1953.16
15;0;2;147.638;0.0;0.0;0.0;147.638;147.638;0.0;5.0;738.19
15;0;3;350.69899999999996;0.0;0.0;0.0;350.699;350.699;0.0;5.0;1753.4950000000001
15;0;4;357.137;0.0;0.0;0.0;357.137;357.137;0.0;5.0;1785.685
15;0;5;360.57399999999996;0.0;0.0;0.0;360.574;360.574;0.0;5.0;1802.8700000000001
15;0;6;380.899;0.0;0.0;0.0;380.899;380.899;0.0;5.0;1904.495
15;0;7;647.25;0.0;0.0;0.0;647.25;647.25;0.0;5.0;3236.25
15;0;8;643.043;0.0;0.0;0.0;643.043;643.043;0.0;5.0;3215.215
15;0;9;525.75;0.0;0.0;0.0;525.75;525.75;0.0;5.0;2628.75
15;0;10;524.424;0.0;0.0;0.0;524.424;524.424;0.0;5.0;2622.12
15;0;11;504.431;0.0;0.0;0.0;504.431;504.431;0.0;5.0;2522.1549999999997
15;0;12;462.98;0.0;0.0;0.0;462.98;462.98;0.0;5.0;2314.9
15;0;13;577.81;0.0;0.0;0.0;577.81;577.81;0.0;5.0;2889.0499999999997
15;0;14;392.271;0.0;0.0;0.0;392.271;392.271;0.0;5.0;1961.355
15;0;15;452.10699999999997;0.0;0.0;0.0;452.107;452.107;0.0;5.0;2260.5350000000003
15;0;16;436.58500000000004;0.0;0.0;0.0;436.585;436.585;0.0;5.0;2182.9249999999997
15;0;17;533.956;0.0;0.0;0.0;533.956;533.956;0.0;5.0;2669.78
15;0;18;754.854;0.0;0.0;0.0;754.854;754.854;0.0;5.0;3774.2700000000004
15;0;19;444.103;0.0;0.0;0.0;444.103;444.103;0.0;5.0;2220.515
15;0;20;407.925;0.0;0.0;0.0;407.925;407.925;0.0;5.0;2039.625
15;0;21;534.567;0.0;0.0;0.0;534.567;534.567;0.0;5.0;2672.835
15;0;22;524.366;0.0;0.0;0.0;524.366;524.366;0.0;5.0;2621.83
15;0;23;517.325;0.0;0.0;0.0;517.325;517.325;0.0;5.0;2586.625
15;0;24;148.336;0.0;0.0;0.0;148.336;148.336;0.0;5.0;741.6800000000001
15;0;25;147.39;0.0;0.0;0.0;147.39;147.39;0.0;5.0;736.9499999999999
15;0;26;200.522;0.0;0.0;0.0;200.522;200.522;0.0;5.0;1002.6099999999999
15;0;27;496.58799999999997;0.0;0.0;0.0;496.588;496.588;0.0;5.0;2482.94
15;0;28;498.64599999999996;0.0;0.0;0.0;498.646;498.646;0.0;5.0;2493.23
15;0;29;503.91200000000003;0.0;0.0;0.0;503.912;503.912;0.0;5.0;2519.56
15;0;30;161.16;0.0;0.0;0.0;161.16;161.16;0.0;5.0;805.8
15;0;31;532.698;0.0;0.0;0.0;532.698;532.698;0.0;5.0;2663.49
15;0;32;673.419;0.0;0.0;0.0;673.419;673.419;0.0;5.0;3367.095
15;0;33;553.167;0.0;0.0;0.0;553.167;553.167;0.0;5.0;2765.835
15;0;34;542.501;0.0;0.0;0.0;542.501;542.501;0.0;5.0;2712.505
15;0;35;511.854;0.0;5.75808;0.0;506.09592;511.854;0.0;5.0;2559.27
15;0;36;505.038;0.0;0.0;0.0;505.038;505.038;0.0;5.0;2525.19
15;0;37;473.83099999999996;0.0;84.42599;0.0;389.40501;473.831;0.0;5.0;2369.155
15;0;38;485.211;0.0;108.88506;0.0;376.32594;485.211;0.0;5.0;2426.0550000000003
15;0;39;450.152;0.0;57.26177;0.0;392.89023;450.152;0.0;5.0;2250.7599999999998
15;0;40;511.716;0.0;0.0;0.0;511.716;511.716;0.0;5.0;2558.58
15;0;41;700.656;0.0;0.0;0.0;700.656;700.656;0.0;5.0;3503.2799999999997
15;0;42;749.919;0.0;0.0;0.0;749.919;749.919;0.0;5.0;3749.595
15;0;43;782.4;0.0;0.0;0.0;782.4;782.4;0.0;5.0;3912.0
15;0;44;667.108;0.0;0.0;0.0;667.108;667.108;0.0;5.0;3335.54
15;0;45;217.236;0.0;0.0;0.0;217.236;217.236;0.0;5.0;1086.1799999999998
15;0;46;199.022;0.0;0.0;0.0;199.022;199.022;0.0;5.0;995.1099999999999
15;0;47;180.544;0.0;0.0;0.0;180.544;180.544;0.0;5.0;902.72
15;0;48;146.92;0.0;0.0;0.0;146.92;146.92;0.0;5.0;734.5999999999999
15;0;49;149.82;0.0;0.0;0.0;149.82;149.82;0.0;5.0;749.0999999999999
15;0;50;150.462;0.0;0.0;0.0;150.462;150.462;0.0;5.0;752.31
15;0;51;144.922;0.0;0.0;0.0;144.922;144.922;0.0;5.0;724.61
15;0;52;147.904;0.0;0.0;0.0;147.904;147.904;0.0;5.0;739.52
15;0;53;148.174;0.0;0.0;0.0;148.174;148.174;0.0;5.0;740.87
15;0;54;236.426;0.0;0.0;0.0;236.426;236.426;0.0;5.0;1182.1299999999999
15;0;55;506.942;0.0;0.0;0.0;506.942;506.942;0.0;5.0;2534.71
15;0;56;505.602;0.0;0.0;0.0;505.602;505.602;0.0;5.0;2528.0099999999998
15;0;57;409.168;0.0;0.0;0.0;409.168;409.168;0.0;5.0;2045.8400000000001
15;0;58;387.402;0.0;0.0;0.0;387.402;387.402;0.0;5.0;1937.01
15;0;59;385.376;0.0;3.10251;0.0;382.27349;385.376;0.0;5.0;1926.8799999999999
15;0;60;517.703;0.0;0.0;0.0;517.703;517.703;0.0;5.0;2588.515
15;0;61;345.73;0.0;0.0;0.0;345.73;345.73;0.0;5.0;1728.65
15;0;62;367.695;0.0;0.0;0.0;367.695;367.695;0.0;5.0;1838.475
15;0;63;375.40099999999995;0.0;2.82607;0.0;372.57493;375.401;0.0;5.0;1877.005
15;0;64;367.14;0.0;6.72776;0.0;360.41224;367.14;0.0;5.0;1835.6999999999998
15;0;65;418.511;0.0;0.0;0.0;418.511;418.511;0.0;5.0;2092.5550000000003
15;0;66;497.63599999999997;0.0;0.0;0.0;497.636;497.636;0.0;5.0;2488.1800000000003
15;0;67;524.325;0.0;0.0;0.0;524.325;524.325;0.0;5.0;2621.625
15;0;68;647.267;0.0;0.0;0.0;647.267;647.267;0.0;5.0;3236.335
15;0;69;513.395;0.0;0.0;0.0;513.395;513.395;0.0;5.0;2566.975
15;0;70;497.22400000000005;0.0;0.0;0.0;497.224;497.224;0.0;5.0;2486.12
15;0;71;501.122;0.0;0.0;0.0;501.122;501.122;0.0;5.0;2505.61
15;0;72;140.001;0.0;0.0;0.0;140.001;140.001;0.0;5.0;700.005
15;0;73;139.906;0.0;0.0;0.0;139.906;139.906;0.0;5.0;699.53
15;0;74;138.774;0.0;0.0;0.0;138.774;138.774;0.0;5.0;693.87
15;0;75;139.524;0.0;0.0;0.0;139.524;139.524;0.0;5.0;697.62
15;0;76;143.338;0.0;0.0;0.0;143.338;143.338;0.0;5.0;716.6899999999999
15;0;77;143.901;0.0;0.0;0.0;143.901;143.901;0.0;5.0;719.5050000000001
15;0;78;143.165;0.0;0.0;0.0;143.165;143.165;0.0;5.0;715.8249999999999
15;0;79;153.595;0.0;0.0;0.0;153.595;153.595;0.0;5.0;767.975
15;0;80;172.307;0.0;0.0;0.0;172.307;172.307;0.0;5.0;861.535
15;0;81;172.317;0.0;0.0;0.0;172.317;172.317;0.0;5.0;861.585
15;0;82;304.34000000000003;0.0;0.0;0.0;304.34;304.34;0.0;5.0;1521.6999999999998
15;0;83;271.263;0.0;0.0;0.0;271.263;271.263;0.0;5.0;1356.3149999999998
15;0;84;265.709;0.0;0.0;0.0;265.709;265.709;0.0;5.0;1328.545
15;0;85;261.049;0.0;0.0;0.0;261.049;261.049;0.0;5.0;1305.245
15;0;86;270.406;0.0;0.0;0.0;270.406;270.406;0.0;5.0;1352.03
15;0;87;250.36599999999999;0.0;0.0;0.0;250.366;250.366;0.0;5.0;1251.8300000000002
15;0;88;494.63599999999997;0.0;0.0;0.0;494.636;494.636;0.0;5.0;2473.1800000000003
15;0;89;505.754;0.0;0.0;0.0;505.754;505.754;0.0;5.0;2528.77
15;0;90;195.402;0.0;0.0;0.0;195.402;195.402;0.0;5.0;977.01
15;0;91;259.187;0.0;0.0;0.0;259.187;259.187;0.0;5.0;1295.935
15;0;92;569.655;0.0;0.0;0.0;569.655;569.655;0.0;5.0;2848.2749999999996
15;0;93;573.411;0.0;0.0;0.0;573.411;573.411;0.0;5.0;2867.055
15;0;94;554.99;0.0;0.0;0.0;554.99;554.99;0.0;5.0;2774.95
15;0;95;539.292;0.0;0.0;0.0;539.292;539.292;0.0;5.0;2696.46
15;0;96;508.573;0.0;0.0;0.0;508.573;508.573;0.0;5.0;2542.865
15;0;97;516.512;0.0;0.0;0.0;516.512;516.512;0.0;5.0;2582.5599999999995
15;0;98;514.5840000000001;0.0;0.0;0.0;514.584;514.584;0.0;5.0;2572.9199999999996
15;0;99;516.966;0.0;0.0;0.0;516.966;516.966;0.0;5.0;2584.83
15;0;100;519.825;0.0;0.0;0.0;519.825;519.825;0.0;5.0;2599.125
15;0;101;518.45;0.0;0.0;0.0;518.45;518.45;0.0;5.0;2592.25
15;0;102;518.121;0.0;0.0;0.0;518.121;518.121;0.0;5.0;2590.605
15;0;103;804.2570000000001;0.0;0.0;0.0;804.257;804.257;0.0;5.0;4021.285
15;0;104;804.649;0.0;0.0;0.0;804.649;804.649;0.0;5.0;4023.245
15;0;105;710.879;0.0;0.0;0.0;710.879;710.879;0.0;5.0;3554.395
15;0;106;716.476;0.0;0.0;0.0;716.476;716.476;0.0;5.0;3582.38
15;0;107;696.092;0.0;0.0;0.0;696.092;696.092;0.0;5.0;3480.46
15;0;108;666.6300000000001;0.0;0.0;0.0;666.63;666.63;0.0;5.0;3333.15
15;0;109;650.329;0.0;0.0;0.0;650.329;650.329;0.0;5.0;3251.6449999999995
15;0;110;699.9570000000001;0.0;0.0;0.0;699.957;699.957;0.0;5.0;3499.785
15;0;111;676.6379999999999;0.0;0.0;0.0;676.638;676.638;0.0;5.0;3383.19
15;0;112;764.071;0.0;0.0;0.0;764.071;764.071;0.0;5.0;3820.355
15;0;113;794.921;0.0;0.0;0.0;794.921;794.921;0.0;5.0;3974.6050000000005
15;0;114;774.488;0.0;0.0;0.0;774.488;774.488;0.0;5.0;3872.4400000000005
15;0;115;589.762;0.0;0.0;0.0;589.762;589.762;0.0;5.0;2948.8099999999995
15;0;116;325.59;0.0;0.0;0.0;325.59;325.59;0.0;5.0;1627.9499999999998
15;0;117;538.054;0.0;0.0;0.0;538.054;538.054;0.0;5.0;2690.27
15;0;118;523.798;0.0;0.0;0.0;523.798;523.798;0.0;5.0;2618.99
15;0;119;527.8050000000001;0.0;0.0;0.0;527.805;527.805;0.0;5.0;2639.0249999999996
15;0;120;488.04200000000003;0.0;0.0;0.0;488.042;488.042;0.0;5.0;2440.21
15;0;121;489.01599999999996;0.0;0.0;0.0;489.016;489.016;0.0;5.0;2445.08
15;0;122;487.873;0.0;0.0;0.0;487.873;487.873;0.0;5.0;2439.365
15;0;123;496.28600000000006;0.0;0.0;0.0;496.286;496.286;0.0;5.0;2481.43
15;0;124;497.242;0.0;0.0;0.0;497.242;497.242;0.0;5.0;2486.21
15;0;125;494.697;0.0;0.0;0.0;494.697;494.697;0.0;5.0;2473.485
15;0;126;508.616;0.0;0.0;0.0;508.616;508.616;0.0;5.0;2543.08
15;0;127;753.8489999999999;0.0;0.0;0.0;753.849;753.849;0.0;5.0;3769.2450000000003
15;0;128;741.739;0.0;0.0;0.0;741.739;741.739;0.0;5.0;3708.695
15;0;129;613.5360000000001;0.0;0.0;0.0;613.536;613.536;0.0;5.0;3067.68
15;0;130;614.072;0.0;0.0;0.0;614.072;614.072;0.0;5.0;3070.36
15;0;131;596.149;0.0;0.0;0.0;596.149;596.149;0.0;5.0;2980.745
15;0;132;625.333;0.0;0.0;0.0;625.333;625.333;0.0;5.0;3126.665
15;0;133;553.864;0.0;0.0;0.0;553.864;553.864;0.0;5.0;2769.32
15;0;134;566.143;0.0;0.0;0.0;566.143;566.143;0.0;5.0;2830.715
15;0;135;681.184;0.0;0.0;0.0;681.184;681.184;0.0;5.0;3405.92
15;0;136;667.79;0.0;0.0;0.0;667.79;667.79;0.0;5.0;3338.95
15;0;137;667.677;0.0;0.0;0.0;667.677;667.677;0.0;5.0;3338.385
15;0;138;762.539;0.0;0.0;0.0;762.539;762.539;0.0;5.0;3812.6949999999997
15;0;139;788.7460000000001;0.0;0.0;0.0;788.746;788.746;0.0;5.0;3943.73
15;0;140;705.712;0.0;0.0;0.0;705.712;705.712;0.0;5.0;3528.56
15;0;141;326.296;0.0;0.0;0.0;326.296;326.296;0.0;5.0;1631.48
15;0;142;204.737;0.0;0.0;0.0;204.737;204.737;0.0;5.0;1023.685
15;0;143;182.726;0.0;0.0;0.0;182.726;182.726;0.0;5.0;913.63
15;0;144;528.656;0.0;0.0;0.0;528.656;528.656;0.0;5.0;2643.2799999999997
15;0;145;434.81500000000005;0.0;0.0;0.0;434.815;434.815;0.0;5.0;2174.075
15;0;146;534.5250000000001;0.0;0.0;0.0;534.525;534.525;0.0;5.0;2672.625
15;0;147;543.051;0.0;0.0;0.0;543.051;543.051;0.0;5.0;2715.255
15;0;148;546.865;0.0;0.0;0.0;546.865;546.865;0.0;5.0;2734.325
15;0;149;553.9739999999999;0.0;0.0;0.0;553.974;553.974;0.0;5.0;2769.8700000000003
15;0;150;479.08000000000004;0.0;0.0;0.0;479.08;479.08;0.0;5.0;2395.4
15;0;151;815.262;0.0;0.0;0.0;815.262;815.262;0.0;5.0;4076.3099999999995
15;0;152;730.756;0.0;0.0;0.0;730.756;730.756;0.0;5.0;3653.7799999999997
15;0;153;668.8499999999999;0.0;6.75062;0.0;662.09938;668.85;0.0;5.0;3344.25
15;0;154;645.866;0.0;55.55796;0.0;590.30804;645.866;0.0;5.0;3229.33
15;0;155;612.079;0.0;0.0;0.0;612.079;612.079;0.0;5.0;3060.3949999999995
15;0;156;586.751;0.0;52.00319;0.0;534.74781;586.751;0.0;5.0;2933.755
15;0;157;694.322;0.0;0.0;0.0;694.322;694.322;0.0;5.0;3471.61
15;0;158;739.799;0.0;0.0;0.0;739.799;739.799;0.0;5.0;3698.995
15;0;159;706.713;0.0;0.0;0.0;706.713;706.713;0.0;5.0;3533.5649999999996
15;0;160;704.027;0.0;0.0;0.0;704.027;704.027;0.0;5.0;3520.135
15;0;161;704.3;0.0;0.0;0.0;704.3;704.3;0.0;5.0;3521.5
15;0;162;793.2660000000001;0.0;0.0;0.0;793.266;793.266;0.0;5.0;3966.33
15;0;163;829.913;0.0;0.0;0.0;829.913;829.913;0.0;5.0;4149.5650000000005
15;0;164;731.063;0.0;0.0;0.0;731.063;731.063;0.0;5.0;3655.315
15;0;165;454.81100000000004;0.0;0.0;0.0;454.811;454.811;0.0;5.0;2274.055
15;0;166;192.504;0.0;0.0;0.0;192.504;192.504;0.0;5.0;962.52
15;0;167;577.271;0.0;0.0;0.0;577.271;577.271;0.0;5.0;2886.3549999999996
15;1;0;138.851;0.0;0.0;0.0;138.851;138.851;0.0;20.0;2777.02
15;1;1;142.253;0.0;0.0;0.0;142.253;142.253;0.0;20.0;2845.0599999999995
15;1;2;141.421;0.0;0.0;0.0;141.421;141.421;0.0;20.0;2828.42
15;1;3;140.014;0.0;0.0;0.0;140.014;140.014;0.0;20.0;2800.28
15;1;4;141.186;0.0;0.0;0.0;141.186;141.186;0.0;20.0;2823.7200000000003
15;1;5;143.169;0.0;0.0;0.0;143.169;143.169;0.0;20.0;2863.38
15;1;6;146.213;0.0;0.0;0.0;146.213;146.213;0.0;20.0;2924.2599999999998
15;1;7;283.492;0.0;13.50017;0.0;269.99183;283.492;0.0;20.0;5669.84
15;1;8;312.173;0.0;83.38123;0.0;228.79177;312.173;0.0;20.0;6243.46
15;1;9;335.542;0.0;178.17871;0.0;157.36329;335.542;0.0;20.0;6710.839999999999
15;1;10;350.707;0.0;255.24589;0.0;95.46111;350.707;0.0;20.0;7014.139999999999
15;1;11;332.356;0.0;313.95462;0.0;18.40138;332.356;0.0;20.0;6647.12
15;1;12;318.428;0.0;318.428;0.0;0.0;318.428;0.0;20.0;6368.5599999999995
15;1;13;328.607;0.0;328.607;0.0;0.0;328.607;0.0;20.0;6572.14
15;1;14;341.387;0.0;309.84427;0.0;31.54273;341.387;0.0;20.0;6827.74
15;1;15;320.73;0.0;201.49177;0.0;119.23823;320.73;0.0;20.0;6414.6
15;1;16;304.174;0.0;111.76953;0.0;192.40447;304.174;0.0;20.0;6083.48
15;1;17;284.452;0.0;50.2286;0.0;234.2234;284.452;0.0;20.0;5689.04
15;1;18;298.226;0.0;0.0;0.0;298.226;298.226;0.0;20.0;5964.52
15;1;19;418.085;0.0;0.0;0.0;418.085;418.085;0.0;20.0;8361.699999999999
15;1;20;329.895;0.0;0.0;0.0;329.895;329.895;0.0;20.0;6597.9
15;1;21;199.016;0.0;0.0;0.0;199.016;199.016;0.0;20.0;3980.3199999999997
15;1;22;191.234;0.0;0.0;0.0;191.234;191.234;0.0;20.0;3824.6800000000003
15;1;23;173.048;0.0;0.0;0.0;173.048;173.048;0.0;20.0;3460.96
15;1;24;137.731;0.0;0.0;0.0;137.731;137.731;0.0;20.0;2754.62
15;1;25;144.54899999999998;0.0;0.0;0.0;144.549;144.549;0.0;20.0;2890.98
15;1;26;146.295;0.0;0.0;0.0;146.295;146.295;0.0;20.0;2925.8999999999996
15;1;27;144.731;0.0;0.0;0.0;144.731;144.731;0.0;20.0;2894.62
15;1;28;147.34300000000002;0.0;0.0;0.0;147.343;147.343;0.0;20.0;2946.8599999999997
15;1;29;156.756;0.0;0.0;0.0;156.756;156.756;0.0;20.0;3135.12
15;1;30;145.344;0.0;0.0;0.0;145.344;145.344;0.0;20.0;2906.88
15;1;31;291.433;0.0;0.0;0.0;291.433;291.433;0.0;20.0;5828.66
15;1;32;329.715;0.0;78.31403;0.0;251.40097;329.715;0.0;20.0;6594.299999999999
15;1;33;333.264;0.0;176.12894;0.0;157.13506;333.264;0.0;20.0;6665.280000000001
15;1;34;354.182;0.0;246.52162;0.0;107.66038;354.182;0.0;20.0;7083.64
15;1;35;353.01800000000003;0.0;317.13343;0.0;35.88457;353.018;0.0;20.0;7060.36
15;1;36;324.681;0.0;324.681;0.0;0.0;324.681;0.0;20.0;6493.62
15;1;37;327.87800000000004;0.0;327.878;0.0;0.0;327.878;0.0;20.0;6557.5599999999995
15;1;38;361.524;0.0;361.524;0.0;0.0;361.524;0.0;20.0;7230.48
15;1;39;337.55999999999995;0.0;305.53607;0.0;32.02393;337.56;0.0;20.0;6751.2
15;1;40;311.971;0.0;206.191;0.0;105.78;311.971;0.0;20.0;6239.42
15;1;41;400.755;0.0;50.58655;0.0;350.16845;400.755;0.0;20.0;8015.1
15;1;42;279.245;0.0;15.64923;0.0;263.59577;279.245;0.0;20.0;5584.9
15;1;43;417.79;0.0;0.0;0.0;417.79;417.79;0.0;20.0;8355.800000000001
15;1;44;320.656;0.0;0.0;0.0;320.656;320.656;0.0;20.0;6413.12
15;1;45;206.804;0.0;0.0;0.0;206.804;206.804;0.0;20.0;4136.08
15;1;46;192.975;0.0;0.0;0.0;192.975;192.975;0.0;20.0;3859.5
15;1;47;178.724;0.0;0.0;0.0;178.724;178.724;0.0;20.0;3574.4799999999996
15;1;48;139.863;0.0;0.0;0.0;139.863;139.863;0.0;20.0;2797.26
15;1;49;142.22;0.0;0.0;0.0;142.22;142.22;0.0;20.0;2844.4
15;1;50;141.446;0.0;0.0;0.0;141.446;141.446;0.0;20.0;2828.92
15;1;51;140.181;0.0;0.0;0.0;140.181;140.181;0.0;20.0;2803.6200000000003
15;1;52;141.122;0.0;0.0;0.0;141.122;141.122;0.0;20.0;2822.4400000000005
15;1;53;141.979;0.0;0.0;0.0;141.979;141.979;0.0;20.0;2839.5800000000004
15;1;54;145.838;0.0;0.0;0.0;145.838;145.838;0.0;20.0;2916.7599999999998
15;1;55;324.955;0.0;0.0;0.0;324.955;324.955;0.0;20.0;6499.099999999999
15;1;56;285.62;0.0;64.86009;0.0;220.75991;285.62;0.0;20.0;5712.4
15;1;57;277.081;0.0;161.57747;0.0;115.50353;277.081;0.0;20.0;5541.620000000001
15;1;58;303.823;0.0;240.48532;0.0;63.33768;303.823;0.0;20.0;6076.459999999999
15;1;59;288.007;0.0;288.007;0.0;0.0;288.007;0.0;20.0;5760.14
15;1;60;293.781;0.0;293.781;0.0;0.0;293.781;0.0;20.0;5875.62
15;1;61;301.229;0.0;301.229;0.0;0.0;301.229;0.0;20.0;6024.58
15;1;62;298.076;0.0;183.97335;0.0;114.10265;298.076;0.0;20.0;5961.52
15;1;63;397.49;0.0;4.65623;0.0;392.83377;397.49;0.0;20.0;7949.8
15;1;64;275.8;0.0;112.54526;0.0;163.25474;275.8;0.0;20.0;5516.0
15;1;65;275.363;0.0;78.73567;0.0;196.62733;275.363;0.0;20.0;5507.26
15;1;66;276.931;0.0;0.0;0.0;276.931;276.931;0.0;20.0;5538.62
15;1;67;417.182;0.0;0.0;0.0;417.182;417.182;0.0;20.0;8343.64
15;1;68;320.126;0.0;0.0;0.0;320.126;320.126;0.0;20.0;6402.5199999999995
15;1;69;201.058;0.0;0.0;0.0;201.058;201.058;0.0;20.0;4021.16
15;1;70;199.677;0.0;0.0;0.0;199.677;199.677;0.0;20.0;3993.54
15;1;71;176.136;0.0;0.0;0.0;176.136;176.136;0.0;20.0;3522.72
15;1;72;141.081;0.0;0.0;0.0;141.081;141.081;0.0;20.0;2821.62
15;1;73;139.87;0.0;0.0;0.0;139.87;139.87;0.0;20.0;2797.4
15;1;74;141.628;0.0;0.0;0.0;141.628;141.628;0.0;20.0;2832.5599999999995
15;1;75;140.025;0.0;0.0;0.0;140.025;140.025;0.0;20.0;2800.5
15;1;76;140.688;0.0;0.0;0.0;140.688;140.688;0.0;20.0;2813.7599999999998
15;1;77;142.174;0.0;0.0;0.0;142.174;142.174;0.0;20.0;2843.48
15;1;78;142.286;0.0;0.0;0.0;142.286;142.286;0.0;20.0;2845.7200000000003
15;1;79;129.28;0.0;9.9837;0.0;119.2963;129.28;0.0;20.0;2585.6
15;1;80;131.81;0.0;85.04949;0.0;46.76051;131.81;0.0;20.0;2636.2
15;1;81;144.845;0.0;144.845;0.0;0.0;144.845;0.0;20.0;2896.9
15;1;82;154.297;0.0;154.297;0.0;0.0;154.297;0.0;20.0;3085.94
15;1;83;151.047;0.0;151.047;0.0;0.0;151.047;0.0;20.0;3020.94
15;1;84;147.962;0.0;147.962;0.0;0.0;147.962;0.0;20.0;2959.24
15;1;85;153.854;0.0;153.854;0.0;0.0;153.854;0.0;20.0;3077.0800000000004
15;1;86;150.081;0.0;150.081;0.0;0.0;150.081;0.0;20.0;3001.62
15;1;87;260.635;0.0;217.24535;0.0;43.38965;260.635;0.0;20.0;5212.7
15;1;88;138.332;0.0;123.79395;0.0;14.53805;138.332;0.0;20.0;2766.64
15;1;89;143.027;0.0;56.2674;0.0;86.7596;143.027;0.0;20.0;2860.54
15;1;90;136.259;0.0;15.2556;0.0;121.0034;136.259;0.0;20.0;2725.18
15;1;91;216.486;0.0;0.0;0.0;216.486;216.486;0.0;20.0;4329.719999999999
15;1;92;217.115;0.0;0.0;0.0;217.115;217.115;0.0;20.0;4342.3
15;1;93;203.757;0.0;0.0;0.0;203.757;203.757;0.0;20.0;4075.1400000000003
15;1;94;197.32;0.0;0.0;0.0;197.32;197.32;0.0;20.0;3946.3999999999996
15;1;95;170.575;0.0;0.0;0.0;170.575;170.575;0.0;20.0;3411.5
15;1;96;139.207;0.0;0.0;0.0;139.207;139.207;0.0;20.0;2784.14
15;1;97;143.966;0.0;0.0;0.0;143.966;143.966;0.0;20.0;2879.32
15;1;98;141.496;0.0;0.0;0.0;141.496;141.496;0.0;20.0;2829.92
15;1;99;140.971;0.0;0.0;0.0;140.971;140.971;0.0;20.0;2819.42
15;1;100;140.98;0.0;0.0;0.0;140.98;140.98;0.0;20.0;2819.6
15;1;101;145.436;0.0;0.0;0.0;145.436;145.436;0.0;20.0;2908.7200000000003
15;1;102;144.895;0.0;0.0;0.0;144.895;144.895;0.0;20.0;2897.9
15;1;103;307.568;0.0;5.98447;0.0;301.58353;307.568;0.0;20.0;6151.36
15;1;104;290.08;0.0;51.11862;0.0;238.96138;290.08;0.0;20.0;5801.599999999999
15;1;105;349.067;0.0;62.02401;0.0;287.04299;349.067;0.0;20.0;6981.34
15;1;106;366.947;0.0;187.39545;0.0;179.55155;366.947;0.0;20.0;7338.9400000000005
15;1;107;364.84499999999997;0.0;342.76463;0.0;22.08037;364.845;0.0;20.0;7296.900000000001
15;1;108;347.74899999999997;0.0;347.749;0.0;0.0;347.749;0.0;20.0;6954.9800000000005
15;1;109;341.30400000000003;0.0;311.33256;0.0;29.97144;341.304;0.0;20.0;6826.08
15;1;110;364.947;0.0;129.49486;0.0;235.45214;364.947;0.0;20.0;7298.9400000000005
15;1;111;333.12;0.0;101.91411;0.0;231.20589;333.12;0.0;20.0;6662.4
15;1;112;325.227;0.0;79.19863;0.0;246.02837;325.227;0.0;20.0;6504.539999999999
15;1;113;395.635;0.0;10.07039;0.0;385.56461;395.635;0.0;20.0;7912.7
15;1;114;285.572;0.0;10.44878;0.0;275.12322;285.572;0.0;20.0;5711.4400000000005
15;1;115;435.165;0.0;0.0;0.0;435.165;435.165;0.0;20.0;8703.300000000001
15;1;116;315.783;0.0;0.0;0.0;315.783;315.783;0.0;20.0;6315.66
15;1;117;215.286;0.0;0.0;0.0;215.286;215.286;0.0;20.0;4305.72
15;1;118;196.009;0.0;0.0;0.0;196.009;196.009;0.0;20.0;3920.18
15;1;119;170.037;0.0;0.0;0.0;170.037;170.037;0.0;20.0;3400.7400000000002
15;1;120;138.708;0.0;0.0;0.0;138.708;138.708;0.0;20.0;2774.16
15;1;121;143.878;0.0;0.0;0.0;143.878;143.878;0.0;20.0;2877.5599999999995
15;1;122;142.194;0.0;0.0;0.0;142.194;142.194;0.0;20.0;2843.8799999999997
15;1;123;141.333;0.0;0.0;0.0;141.333;141.333;0.0;20.0;2826.66
15;1;124;140.624;0.0;0.0;0.0;140.624;140.624;0.0;20.0;2812.48
15;1;125;138.629;0.0;0.0;0.0;138.629;138.629;0.0;20.0;2772.58
15;1;126;146.199;0.0;0.0;0.0;146.199;146.199;0.0;20.0;2923.9800000000005
15;1;127;361.921;0.0;0.0;0.0;361.921;361.921;0.0;20.0;7238.42
15;1;128;319.205;0.0;75.93091;0.0;243.27409;319.205;0.0;20.0;6384.099999999999
15;1;129;351.944;0.0;187.28913;0.0;164.65487;351.944;0.0;20.0;7038.88
15;1;130;357.745;0.0;275.65067;0.0;82.09433;357.745;0.0;20.0;7154.9
15;1;131;354.456;0.0;346.21408;0.0;8.24192;354.456;0.0;20.0;7089.120000000001
15;1;132;336.246;0.0;336.246;0.0;0.0;336.246;0.0;20.0;6724.92
15;1;133;347.598;0.0;347.598;0.0;0.0;347.598;0.0;20.0;6951.96
15;1;134;361.604;0.0;276.72516;0.0;84.87884;361.604;0.0;20.0;7232.08
15;1;135;334.661;0.0;187.70363;0.0;146.95737;334.661;0.0;20.0;6693.22
15;1;136;318.10999999999996;0.0;133.69045;0.0;184.41955;318.11;0.0;20.0;6362.200000000001
15;1;137;400.712;0.0;50.59134;0.0;350.12066;400.712;0.0;20.0;8014.24
15;1;138;279.307;0.0;6.30321;0.0;273.00379;279.307;0.0;20.0;5586.14
15;1;139;412.788;0.0;0.0;0.0;412.788;412.788;0.0;20.0;8255.76
15;1;140;331.097;0.0;0.0;0.0;331.097;331.097;0.0;20.0;6621.94
15;1;141;205.919;0.0;0.0;0.0;205.919;205.919;0.0;20.0;4118.38
15;1;142;196.643;0.0;0.0;0.0;196.643;196.643;0.0;20.0;3932.86
15;1;143;190.07;0.0;0.0;0.0;190.07;190.07;0.0;20.0;3801.3999999999996
15;1;144;137.15;0.0;0.0;0.0;137.15;137.15;0.0;20.0;2743.0
15;1;145;139.893;0.0;0.0;0.0;139.893;139.893;0.0;20.0;2797.86
15;1;146;141.133;0.0;0.0;0.0;141.133;141.133;0.0;20.0;2822.6600000000003
15;1;147;143.96;0.0;0.0;0.0;143.96;143.96;0.0;20.0;2879.2000000000003
15;1;148;139.296;0.0;0.0;0.0;139.296;139.296;0.0;20.0;2785.92
15;1;149;140.859;0.0;0.0;0.0;140.859;140.859;0.0;20.0;2817.1800000000003
15;1;150;147.599;0.0;0.0;0.0;147.599;147.599;0.0;20.0;2951.9799999999996
15;1;151;322.433;0.0;0.0;0.0;322.433;322.433;0.0;20.0;6448.66
15;1;152;319.858;0.0;75.24064;0.0;244.61736;319.858;0.0;20.0;6397.16
15;1;153;340.018;0.0;185.45647;0.0;154.56153;340.018;0.0;20.0;6800.36
15;1;154;362.779;0.0;284.42579;0.0;78.35321;362.779;0.0;20.0;7255.58
15;1;155;355.27099999999996;0.0;349.2144;0.0;6.0566;355.271;0.0;20.0;7105.42
15;1;156;337.48400000000004;0.0;337.484;0.0;0.0;337.484;0.0;20.0;6749.679999999999
15;1;157;337.50800000000004;0.0;337.508;0.0;0.0;337.508;0.0;20.0;6750.16
15;1;158;339.962;0.0;266.95128;0.0;73.01072;339.962;0.0;20.0;6799.24
15;1;159;513.7189999999999;0.0;151.57228;0.0;362.14672;513.719;0.0;20.0;10274.380000000001
15;1;160;310.695;0.0;161.33043;0.0;149.36457;310.695;0.0;20.0;6213.9
15;1;161;375.30400000000003;0.0;70.26748;0.0;305.03652;375.304;0.0;20.0;7506.08
15;1;162;284.153;0.0;22.8601;0.0;261.2929;284.153;0.0;20.0;5683.06
15;1;163;424.05;0.0;0.0;0.0;424.05;424.05;0.0;20.0;8481.0
15;1;164;326.323;0.0;0.0;0.0;326.323;326.323;0.0;20.0;6526.459999999999
15;1;165;195.09;0.0;0.0;0.0;195.09;195.09;0.0;20.0;3901.8
15;1;166;183.67;0.0;0.0;0.0;183.67;183.67;0.0;20.0;3673.3999999999996
15;1;167;168.527;0.0;0.0;0.0;168.527;168.527;0.0;20.0;3370.54
15;2;0;465.23;0.0;0.0;0.0;465.23;465.23;0.0;12.0;5582.76
15;2;1;474.033;0.0;0.0;0.0;474.033;474.033;0.0;12.0;5688.396000000001
15;2;2;232.44799999999998;0.0;0.0;0.0;232.448;232.448;0.0;12.0;2789.376
15;2;3;141.614;0.0;0.0;0.0;141.614;141.614;0.0;12.0;1699.368
15;2;4;141.023;0.0;0.0;0.0;141.023;141.023;0.0;12.0;1692.2759999999998
15;2;5;140.519;0.0;0.0;0.0;140.519;140.519;0.0;12.0;1686.228
15;2;6;147.377;0.0;0.0;0.0;147.377;147.377;0.0;12.0;1768.5240000000001
15;2;7;562.716;0.0;0.0;0.0;562.716;562.716;0.0;12.0;6752.592000000001
15;2;8;445.09299999999996;0.0;20.61595;0.0;424.47705;445.093;0.0;12.0;5341.116
15;2;9;431.611;0.0;141.53971;0.0;290.07129;431.611;0.0;12.0;5179.332
15;2;10;426.222;0.0;231.84386;0.0;194.37814;426.222;0.0;12.0;5114.664
15;2;11;397.73900000000003;0.0;303.88179;0.0;93.85721;397.739;0.0;12.0;4772.8679999999995
15;2;12;371.785;0.0;342.34885;0.0;29.43615;371.785;0.0;12.0;4461.42
15;2;13;368.352;0.0;242.35235;0.0;125.99965;368.352;0.0;12.0;4420.224
15;2;14;621.21;0.0;91.02179;0.0;530.18821;621.21;0.0;12.0;7454.52
15;2;15;595.8309999999999;0.0;32.76979;0.0;563.06121;595.831;0.0;12.0;7149.972
15;2;16;581.972;0.0;27.15646;0.0;554.81554;581.972;0.0;12.0;6983.664
15;2;17;574.9780000000001;0.0;0.0;0.0;574.978;574.978;0.0;12.0;6899.735999999999
15;2;18;653.8309999999999;0.0;0.0;0.0;653.831;653.831;0.0;12.0;7845.972
15;2;19;650.361;0.0;0.0;0.0;650.361;650.361;0.0;12.0;7804.332
15;2;20;326.406;0.0;0.0;0.0;326.406;326.406;0.0;12.0;3916.8720000000003
15;2;21;205.027;0.0;0.0;0.0;205.027;205.027;0.0;12.0;2460.3239999999996
15;2;22;199.037;0.0;0.0;0.0;199.037;199.037;0.0;12.0;2388.444
15;2;23;179.573;0.0;0.0;0.0;179.573;179.573;0.0;12.0;2154.876
15;2;24;135.629;0.0;0.0;0.0;135.629;135.629;0.0;12.0;1627.5479999999998
15;2;25;143.648;0.0;0.0;0.0;143.648;143.648;0.0;12.0;1723.7759999999998
15;2;26;141.031;0.0;0.0;0.0;141.031;141.031;0.0;12.0;1692.372
15;2;27;146.909;0.0;0.0;0.0;146.909;146.909;0.0;12.0;1762.908
15;2;28;139.867;0.0;0.0;0.0;139.867;139.867;0.0;12.0;1678.404
15;2;29;141.401;0.0;0.0;0.0;141.401;141.401;0.0;12.0;1696.8120000000001
15;2;30;148.999;0.0;0.0;0.0;148.999;148.999;0.0;12.0;1787.9879999999998
15;2;31;387.572;0.0;0.0;0.0;387.572;387.572;0.0;12.0;4650.864
15;2;32;323.647;0.0;22.89147;0.0;300.75553;323.647;0.0;12.0;3883.764
15;2;33;414.541;0.0;112.09814;0.0;302.44286;414.541;0.0;12.0;4974.492
15;2;34;414.057;0.0;209.39862;0.0;204.65838;414.057;0.0;12.0;4968.684
15;2;35;384.801;0.0;276.26307;0.0;108.53793;384.801;0.0;12.0;4617.612
15;2;36;359.06;0.0;303.89769;0.0;55.16231;359.06;0.0;12.0;4308.72
15;2;37;354.923;0.0;230.87119;0.0;124.05181;354.923;0.0;12.0;4259.076
15;2;38;608.892;0.0;210.7658;0.0;398.1262;608.892;0.0;12.0;7306.704000000001
15;2;39;325.423;0.0;136.4419;0.0;188.9811;325.423;0.0;12.0;3905.076
15;2;40;411.623;0.0;25.79598;0.0;385.82702;411.623;0.0;12.0;4939.476
15;2;41;301.715;0.0;0.00075;0.0;301.71425;301.715;0.0;12.0;3620.58
15;2;42;385.606;0.0;0.0;0.0;385.606;385.606;0.0;12.0;4627.272
15;2;43;422.38;0.0;0.0;0.0;422.38;422.38;0.0;12.0;5068.5599999999995
15;2;44;339.174;0.0;0.0;0.0;339.174;339.174;0.0;12.0;4070.0879999999997
15;2;45;202.295;0.0;0.0;0.0;202.295;202.295;0.0;12.0;2427.54
15;2;46;199.889;0.0;0.0;0.0;199.889;199.889;0.0;12.0;2398.668
15;2;47;177.279;0.0;0.0;0.0;177.279;177.279;0.0;12.0;2127.348
15;2;48;140.082;0.0;0.0;0.0;140.082;140.082;0.0;12.0;1680.984
15;2;49;144.86;0.0;0.0;0.0;144.86;144.86;0.0;12.0;1738.3200000000002
15;2;50;141.805;0.0;0.0;0.0;141.805;141.805;0.0;12.0;1701.66
15;2;51;157.77100000000002;0.0;0.0;0.0;157.771;157.771;0.0;12.0;1893.252
15;2;52;157.613;0.0;0.0;0.0;157.613;157.613;0.0;12.0;1891.356
15;2;53;159.653;0.0;0.0;0.0;159.653;159.653;0.0;12.0;1915.8359999999998
15;2;54;163.255;0.0;0.0;0.0;163.255;163.255;0.0;12.0;1959.06
15;2;55;404.149;0.0;0.0;0.0;404.149;404.149;0.0;12.0;4849.7880000000005
15;2;56;383.54900000000004;0.0;0.0;0.0;383.549;383.549;0.0;12.0;4602.588
15;2;57;320.546;0.0;0.0;0.0;320.546;320.546;0.0;12.0;3846.5519999999997
15;2;58;340.85699999999997;0.0;0.0;0.0;340.857;340.857;0.0;12.0;4090.2840000000006
15;2;59;330.921;0.0;0.0;0.0;330.921;330.921;0.0;12.0;3971.0519999999997
15;2;60;288.69;0.0;0.00083;0.0;288.68917;288.69;0.0;12.0;3464.2799999999997
15;2;61;300.66700000000003;0.0;0.0;0.0;300.667;300.667;0.0;12.0;3608.004
15;2;62;307.668;0.0;0.0;0.0;307.668;307.668;0.0;12.0;3692.016
15;2;63;397.019;0.0;0.0;0.0;397.019;397.019;0.0;12.0;4764.228
15;2;64;293.481;0.0;0.0;0.0;293.481;293.481;0.0;12.0;3521.772
15;2;65;339.236;0.0;0.0;0.0;339.236;339.236;0.0;12.0;4070.832
15;2;66;407.754;0.0;0.0;0.0;407.754;407.754;0.0;12.0;4893.048000000001
15;2;67;426.945;0.0;0.0;0.0;426.945;426.945;0.0;12.0;5123.34
15;2;68;322.845;0.0;0.0;0.0;322.845;322.845;0.0;12.0;3874.1400000000003
15;2;69;202.863;0.0;0.0;0.0;202.863;202.863;0.0;12.0;2434.3559999999998
15;2;70;199.447;0.0;0.0;0.0;199.447;199.447;0.0;12.0;2393.364
15;2;71;167.515;0.0;0.0;0.0;167.515;167.515;0.0;12.0;2010.1799999999998
15;2;72;428.752;0.0;0.0;0.0;428.752;428.752;0.0;12.0;5145.024
15;2;73;144.03;0.0;0.0;0.0;144.03;144.03;0.0;12.0;1728.3600000000001
15;2;74;140.546;0.0;0.0;0.0;140.546;140.546;0.0;12.0;1686.552
15;2;75;142.106;0.0;0.0;0.0;142.106;142.106;0.0;12.0;1705.272
15;2;76;139.135;0.0;0.0;0.0;139.135;139.135;0.0;12.0;1669.62
15;2;77;139.833;0.0;0.0;0.0;139.833;139.833;0.0;12.0;1677.996
15;2;78;145.338;0.0;0.0;0.0;145.338;145.338;0.0;12.0;1744.056
15;2;79;154.103;0.0;0.0;0.0;154.103;154.103;0.0;12.0;1849.236
15;2;80;194.23200000000003;0.0;0.00068;0.0;194.23132;194.232;0.0;12.0;2330.784
15;2;81;135.919;0.0;16.22986;0.0;119.68914;135.919;0.0;12.0;1631.0280000000002
15;2;82;196.256;0.0;0.0;0.0;196.256;196.256;0.0;12.0;2355.072
15;2;83;179.55100000000002;0.0;56.56975;0.0;122.98125;179.551;0.0;12.0;2154.612
15;2;84;166.945;0.0;118.12227;0.0;48.82273;166.945;0.0;12.0;2003.34
15;2;85;169.07;0.0;61.76358;0.0;107.30642;169.07;0.0;12.0;2028.84
15;2;86;426.81899999999996;0.0;0.0;0.0;426.819;426.819;0.0;12.0;5121.828
15;2;87;417.323;0.0;0.0;0.0;417.323;417.323;0.0;12.0;5007.876
15;2;88;428.251;0.0;0.0;0.0;428.251;428.251;0.0;12.0;5139.012
15;2;89;425.986;0.0;0.00088;0.0;425.98512;425.986;0.0;12.0;5111.832
15;2;90;491.769;0.0;0.0;0.0;491.769;491.769;0.0;12.0;5901.228
15;2;91;215.345;0.0;0.0;0.0;215.345;215.345;0.0;12.0;2584.14
15;2;92;512.609;0.0;0.0;0.0;512.609;512.609;0.0;12.0;6151.308000000001
15;2;93;208.921;0.0;0.0;0.0;208.921;208.921;0.0;12.0;2507.0519999999997
15;2;94;493.37;0.0;0.0;0.0;493.37;493.37;0.0;12.0;5920.4400000000005
15;2;95;326.37699999999995;0.0;0.0;0.0;326.377;326.377;0.0;12.0;3916.5240000000003
15;2;96;137.013;0.0;0.0;0.0;137.013;137.013;0.0;12.0;1644.156
15;2;97;139.487;0.0;0.0;0.0;139.487;139.487;0.0;12.0;1673.844
15;2;98;138.846;0.0;0.0;0.0;138.846;138.846;0.0;12.0;1666.152
15;2;99;142.762;0.0;0.0;0.0;142.762;142.762;0.0;12.0;1713.144
15;2;100;136.677;0.0;0.0;0.0;136.677;136.677;0.0;12.0;1640.1239999999998
15;2;101;140.519;0.0;0.0;0.0;140.519;140.519;0.0;12.0;1686.228
15;2;102;143.483;0.0;0.0;0.0;143.483;143.483;0.0;12.0;1721.796
15;2;103;406.911;0.0;0.0;0.0;406.911;406.911;0.0;12.0;4882.932
15;2;104;497.808;0.0;10.85515;0.0;486.95285;497.808;0.0;12.0;5973.696
15;2;105;496.00699999999995;0.0;109.49686;0.0;386.51014;496.007;0.0;12.0;5952.084
15;2;106;451.56899999999996;0.0;108.02175;0.0;343.54725;451.569;0.0;12.0;5418.828
15;2;107;447.524;0.0;31.61581;0.0;415.90819;447.524;0.0;12.0;5370.2880000000005
15;2;108;410.757;0.0;92.0686;0.0;318.6884;410.757;0.0;12.0;4929.084
15;2;109;398.096;0.0;67.73535;0.0;330.36065;398.096;0.0;12.0;4777.152
15;2;110;410.013;0.0;66.538;0.0;343.475;410.013;0.0;12.0;4920.156
15;2;111;380.401;0.0;0.0;0.0;380.401;380.401;0.0;12.0;4564.812
15;2;112;368.862;0.0;0.0;0.0;368.862;368.862;0.0;12.0;4426.344
15;2;113;500.07899999999995;0.0;0.0;0.0;500.079;500.079;0.0;12.0;6000.948
15;2;114;399.84;0.0;0.0;0.0;399.84;399.84;0.0;12.0;4798.08
15;2;115;420.295;0.0;0.0;0.0;420.295;420.295;0.0;12.0;5043.54
15;2;116;479.227;0.0;0.0;0.0;479.227;479.227;0.0;12.0;5750.724
15;2;117;197.599;0.0;0.0;0.0;197.599;197.599;0.0;12.0;2371.188
15;2;118;348.394;0.0;0.0;0.0;348.394;348.394;0.0;12.0;4180.728
15;2;119;172.154;0.0;0.0;0.0;172.154;172.154;0.0;12.0;2065.848
15;2;120;224.445;0.0;0.0;0.0;224.445;224.445;0.0;12.0;2693.34
15;2;121;231.147;0.0;0.0;0.0;231.147;231.147;0.0;12.0;2773.764
15;2;122;230.37599999999998;0.0;0.0;0.0;230.376;230.376;0.0;12.0;2764.512
15;2;123;237.735;0.0;0.0;0.0;237.735;237.735;0.0;12.0;2852.82
15;2;124;239.476;0.0;0.0;0.0;239.476;239.476;0.0;12.0;2873.712
15;2;125;241.38800000000003;0.0;0.0;0.0;241.388;241.388;0.0;12.0;2896.656
15;2;126;252.603;0.0;0.0;0.0;252.603;252.603;0.0;12.0;3031.236
15;2;127;503.561;0.0;0.0;0.0;503.561;503.561;0.0;12.0;6042.732
15;2;128;440.534;0.0;0.0;0.0;440.534;440.534;0.0;12.0;5286.407999999999
15;2;129;390.53;0.0;0.0;0.0;390.53;390.53;0.0;12.0;4686.36
15;2;130;407.972;0.0;0.0;0.0;407.972;407.972;0.0;12.0;4895.664
15;2;131;385.23199999999997;0.0;0.0;0.0;385.232;385.232;0.0;12.0;4622.784000000001
15;2;132;359.147;0.0;38.25149;0.0;320.89551;359.147;0.0;12.0;4309.764
15;2;133;350.051;0.0;74.03807;0.0;276.01293;350.051;0.0;12.0;4200.612
15;2;134;357.034;0.0;0.0;0.0;357.034;357.034;0.0;12.0;4284.407999999999
15;2;135;358.363;0.0;0.0;0.0;358.363;358.363;0.0;12.0;4300.356
15;2;136;329.012;0.0;0.0;0.0;329.012;329.012;0.0;12.0;3948.1440000000002
15;2;137;618.144;0.0;0.0;0.0;618.144;618.144;0.0;12.0;7417.728
15;2;138;660.513;0.0;0.0;0.0;660.513;660.513;0.0;12.0;7926.156000000001
15;2;139;691.218;0.0;0.0;0.0;691.218;691.218;0.0;12.0;8294.616
15;2;140;334.788;0.0;0.0;0.0;334.788;334.788;0.0;12.0;4017.456
15;2;141;201.992;0.0;0.0;0.0;201.992;201.992;0.0;12.0;2423.904
15;2;142;252.027;0.0;0.0;0.0;252.027;252.027;0.0;12.0;3024.3239999999996
15;2;143;179.493;0.0;0.0;0.0;179.493;179.493;0.0;12.0;2153.916
15;2;144;141.131;0.0;0.0;0.0;141.131;141.131;0.0;12.0;1693.5720000000001
15;2;145;145.18;0.0;0.0;0.0;145.18;145.18;0.0;12.0;1742.16
15;2;146;140.491;0.0;0.0;0.0;140.491;140.491;0.0;12.0;1685.8920000000003
15;2;147;140.811;0.0;0.0;0.0;140.811;140.811;0.0;12.0;1689.732
15;2;148;140.741;0.0;0.0;0.0;140.741;140.741;0.0;12.0;1688.8920000000003
15;2;149;141.888;0.0;0.0;0.0;141.888;141.888;0.0;12.0;1702.656
15;2;150;153.283;0.0;0.0;0.0;153.283;153.283;0.0;12.0;1839.3959999999997
15;2;151;433.604;0.0;0.0;0.0;433.604;433.604;0.0;12.0;5203.248
15;2;152;457.463;0.0;0.0;0.0;457.463;457.463;0.0;12.0;5489.5560000000005
15;2;153;467.481;0.0;0.0;0.0;467.481;467.481;0.0;12.0;5609.772
15;2;154;474.421;0.0;0.0;0.0;474.421;474.421;0.0;12.0;5693.052
15;2;155;412.096;0.0;0.0;0.0;412.096;412.096;0.0;12.0;4945.152
15;2;156;363.197;0.0;0.0;0.0;363.197;363.197;0.0;12.0;4358.364
15;2;157;378.956;0.0;0.0;0.0;378.956;378.956;0.0;12.0;4547.472
15;2;158;383.978;0.0;0.0;0.0;383.978;383.978;0.0;12.0;4607.736
15;2;159;386.348;0.0;0.0;0.0;386.348;386.348;0.0;12.0;4636.176
15;2;160;680.5440000000001;0.0;0.0;0.0;680.544;680.544;0.0;12.0;8166.528
15;2;161;452.306;0.0;0.0;0.0;452.306;452.306;0.0;12.0;5427.672
15;2;162;412.698;0.0;0.0;0.0;412.698;412.698;0.0;12.0;4952.376
15;2;163;435.919;0.0;0.0;0.0;435.919;435.919;0.0;12.0;5231.028
15;2;164;327.206;0.0;0.0;0.0;327.206;327.206;0.0;12.0;3926.472
15;2;165;207.674;0.0;0.0;0.0;207.674;207.674;0.0;12.0;2492.088
15;2;166;288.36899999999997;0.0;0.0;0.0;288.369;288.369;0.0;12.0;3460.4280000000003
15;2;167;451.047;0.0;0.0;0.0;451.047;451.047;0.0;12.0;5412.564
15;3;0;139.565;0.0;0.0;0.0;139.565;139.565;0.0;15.0;2093.475
15;3;1;415.069;0.0;0.0;0.0;415.069;415.069;0.0;15.0;6226.035
15;3;2;464.20899999999995;0.0;0.0;0.0;464.209;464.209;0.0;15.0;6963.135
15;3;3;471.942;0.0;0.0;0.0;471.942;471.942;0.0;15.0;7079.13
15;3;4;527.064;0.0;0.0;0.0;527.064;527.064;0.0;15.0;7905.959999999999
15;3;5;441.79699999999997;0.0;0.0;0.0;441.797;441.797;0.0;15.0;6626.955
15;3;6;512.583;0.0;0.0;0.0;512.583;512.583;0.0;15.0;7688.745
15;3;7;762.09;0.0;0.0;0.0;762.09;762.09;0.0;15.0;11431.35
15;3;8;778.699;0.0;0.0;0.0;778.699;778.699;0.0;15.0;11680.484999999999
15;3;9;757.821;0.0;0.0;0.0;757.821;757.821;0.0;15.0;11367.315
15;3;10;669.777;0.0;0.0;0.0;669.777;669.777;0.0;15.0;10046.655
15;3;11;630.006;0.0;0.0;0.0;630.006;630.006;0.0;15.0;9450.09
15;3;12;560.68;0.0;0.0;0.0;560.68;560.68;0.0;15.0;8410.199999999999
15;3;13;539.153;0.0;59.74532;0.0;479.40768;539.153;0.0;15.0;8087.295
15;3;14;695.663;0.0;55.2001;0.0;640.4629;695.663;0.0;15.0;10434.945
15;3;15;678.174;0.0;0.0;0.0;678.174;678.174;0.0;15.0;10172.61
15;3;16;834.442;0.0;0.0;0.0;834.442;834.442;0.0;15.0;12516.630000000001
15;3;17;825.0930000000001;0.0;0.0;0.0;825.093;825.093;0.0;15.0;12376.394999999999
15;3;18;790.294;0.0;0.0;0.0;790.294;790.294;0.0;15.0;11854.41
15;3;19;445.809;0.0;0.0;0.0;445.809;445.809;0.0;15.0;6687.135
15;3;20;335.649;0.0;0.0;0.0;335.649;335.649;0.0;15.0;5034.735
15;3;21;219.598;0.0;0.0;0.0;219.598;219.598;0.0;15.0;3293.9700000000003
15;3;22;564.73;0.0;0.0;0.0;564.73;564.73;0.0;15.0;8470.95
15;3;23;556.9490000000001;0.0;0.0;0.0;556.949;556.949;0.0;15.0;8354.234999999999
15;3;24;527.432;0.0;0.0;0.0;527.432;527.432;0.0;15.0;7911.4800000000005
15;3;25;160.37699999999998;0.0;0.0;0.0;160.377;160.377;0.0;15.0;2405.655
15;3;26;478.885;0.0;0.0;0.0;478.885;478.885;0.0;15.0;7183.275
15;3;27;483.71299999999997;0.0;0.0;0.0;483.713;483.713;0.0;15.0;7255.695000000001
15;3;28;490.697;0.0;0.0;0.0;490.697;490.697;0.0;15.0;7360.455
15;3;29;496.969;0.0;0.0;0.0;496.969;496.969;0.0;15.0;7454.535
15;3;30;517.298;0.0;0.0;0.0;517.298;517.298;0.0;15.0;7759.47
15;3;31;782.111;0.0;0.0;0.0;782.111;782.111;0.0;15.0;11731.664999999999
15;3;32;794.788;0.0;0.0;0.0;794.788;794.788;0.0;15.0;11921.82
15;3;33;765.852;0.0;0.0;0.0;765.852;765.852;0.0;15.0;11487.779999999999
15;3;34;638.543;0.0;0.0;0.0;638.543;638.543;0.0;15.0;9578.145
15;3;35;602.946;0.0;0.0;0.0;602.946;602.946;0.0;15.0;9044.19
15;3;36;570.787;0.0;0.0;0.0;570.787;570.787;0.0;15.0;8561.805
15;3;37;572.567;0.0;0.0;0.0;572.567;572.567;0.0;15.0;8588.505000000001
15;3;38;666.614;0.0;0.0;0.0;666.614;666.614;0.0;15.0;9999.210000000001
15;3;39;726.767;0.0;0.0;0.0;726.767;726.767;0.0;15.0;10901.505000000001
15;3;40;739.2429999999999;0.0;0.0;0.0;739.243;739.243;0.0;15.0;11088.645
15;3;41;733.13;0.0;0.0;0.0;733.13;733.13;0.0;15.0;10996.95
15;3;42;705.3199999999999;0.0;0.0;0.0;705.32;705.32;0.0;15.0;10579.800000000001
15;3;43;707.261;0.0;0.0;0.0;707.261;707.261;0.0;15.0;10608.914999999999
15;3;44;613.917;0.0;0.0;0.0;613.917;613.917;0.0;15.0;9208.755000000001
15;3;45;508.586;0.0;0.0;0.0;508.586;508.586;0.0;15.0;7628.79
15;3;46;486.68100000000004;0.0;0.0;0.0;486.681;486.681;0.0;15.0;7300.215
15;3;47;465.85300000000007;0.0;0.0;0.0;465.853;465.853;0.0;15.0;6987.795
15;3;48;214.948;0.0;0.0;0.0;214.948;214.948;0.0;15.0;3224.2200000000003
15;3;49;213.003;0.0;0.0;0.0;213.003;213.003;0.0;15.0;3195.0449999999996
15;3;50;212.079;0.0;0.0;0.0;212.079;212.079;0.0;15.0;3181.185
15;3;51;214.137;0.0;0.0;0.0;214.137;214.137;0.0;15.0;3212.055
15;3;52;216.75400000000002;0.0;0.0;0.0;216.754;216.754;0.0;15.0;3251.31
15;3;53;217.518;0.0;0.0;0.0;217.518;217.518;0.0;15.0;3262.77
15;3;54;223.543;0.0;0.0;0.0;223.543;223.543;0.0;15.0;3353.145
15;3;55;483.45399999999995;0.0;0.0;0.0;483.454;483.454;0.0;15.0;7251.81
15;3;56;519.88;0.0;0.0;0.0;519.88;519.88;0.0;15.0;7798.2
15;3;57;501.424;0.0;0.0;0.0;501.424;501.424;0.0;15.0;7521.36
15;3;58;481.454;0.0;0.0;0.0;481.454;481.454;0.0;15.0;7221.81
15;3;59;477.127;0.0;0.0;0.0;477.127;477.127;0.0;15.0;7156.905
15;3;60;385.602;0.0;0.0;0.0;385.602;385.602;0.0;15.0;5784.03
15;3;61;380.494;0.0;0.0;0.0;380.494;380.494;0.0;15.0;5707.410000000001
15;3;62;374.721;0.0;0.0;0.0;374.721;374.721;0.0;15.0;5620.8150000000005
15;3;63;418.114;0.0;0.0;0.0;418.114;418.114;0.0;15.0;6271.71
15;3;64;504.48300000000006;0.0;0.0;0.0;504.483;504.483;0.0;15.0;7567.245
15;3;65;693.6600000000001;0.0;0.0;0.0;693.66;693.66;0.0;15.0;10404.9
15;3;66;766.6869999999999;0.0;0.0;0.0;766.687;766.687;0.0;15.0;11500.305
15;3;67;436.394;0.0;0.0;0.0;436.394;436.394;0.0;15.0;6545.91
15;3;68;343.946;0.0;0.0;0.0;343.946;343.946;0.0;15.0;5159.1900000000005
15;3;69;208.356;0.0;0.0;0.0;208.356;208.356;0.0;15.0;3125.34
15;3;70;208.378;0.0;0.0;0.0;208.378;208.378;0.0;15.0;3125.6699999999996
15;3;71;300.773;0.0;0.0;0.0;300.773;300.773;0.0;15.0;4511.595
15;3;72;263.05;0.0;0.0;0.0;263.05;263.05;0.0;15.0;3945.75
15;3;73;268.247;0.0;0.0;0.0;268.247;268.247;0.0;15.0;4023.7050000000004
15;3;74;272.707;0.0;0.0;0.0;272.707;272.707;0.0;15.0;4090.605
15;3;75;282.51300000000003;0.0;0.0;0.0;282.513;282.513;0.0;15.0;4237.695
15;3;76;280.56;0.0;0.0;0.0;280.56;280.56;0.0;15.0;4208.4
15;3;77;286.45000000000005;0.0;0.0;0.0;286.45;286.45;0.0;15.0;4296.75
15;3;78;447.196;0.0;0.0;0.0;447.196;447.196;0.0;15.0;6707.9400000000005
15;3;79;159.384;0.0;0.0;0.0;159.384;159.384;0.0;15.0;2390.7599999999998
15;3;80;338.834;0.0;0.0;0.0;338.834;338.834;0.0;15.0;5082.51
15;3;81;341.582;0.0;0.0;0.0;341.582;341.582;0.0;15.0;5123.73
15;3;82;354.273;0.0;0.0;0.0;354.273;354.273;0.0;15.0;5314.095
15;3;83;344.81899999999996;0.0;0.0;0.0;344.819;344.819;0.0;15.0;5172.285
15;3;84;319.00800000000004;0.0;0.0;0.0;319.008;319.008;0.0;15.0;4785.12
15;3;85;500.014;0.0;0.0;0.0;500.014;500.014;0.0;15.0;7500.21
15;3;86;377.762;0.0;0.0;0.0;377.762;377.762;0.0;15.0;5666.43
15;3;87;510.274;0.0;0.0;0.0;510.274;510.274;0.0;15.0;7654.11
15;3;88;544.363;0.0;0.0;0.0;544.363;544.363;0.0;15.0;8165.445000000001
15;3;89;562.767;0.0;0.0;0.0;562.767;562.767;0.0;15.0;8441.505000000001
15;3;90;573.84;0.0;0.0;0.0;573.84;573.84;0.0;15.0;8607.6
15;3;91;589.19;0.0;0.0;0.0;589.19;589.19;0.0;15.0;8837.85
15;3;92;214.291;0.0;0.0;0.0;214.291;214.291;0.0;15.0;3214.365
15;3;93;590.302;0.0;0.0;0.0;590.302;590.302;0.0;15.0;8854.53
15;3;94;580.403;0.0;0.0;0.0;580.403;580.403;0.0;15.0;8706.045
15;3;95;559.347;0.0;0.0;0.0;559.347;559.347;0.0;15.0;8390.205
15;3;96;528.048;0.0;0.0;0.0;528.048;528.048;0.0;15.0;7920.72
15;3;97;536.4689999999999;0.0;0.0;0.0;536.469;536.469;0.0;15.0;8047.035000000001
15;3;98;532.726;0.0;0.0;0.0;532.726;532.726;0.0;15.0;7990.89
15;3;99;532.162;0.0;0.0;0.0;532.162;532.162;0.0;15.0;7982.43
15;3;100;533.0889999999999;0.0;0.0;0.0;533.089;533.089;0.0;15.0;7996.335000000001
15;3;101;528.191;0.0;0.0;0.0;528.191;528.191;0.0;15.0;7922.865000000001
15;3;102;530.276;0.0;0.0;0.0;530.276;530.276;0.0;15.0;7954.139999999999
15;3;103;830.144;0.0;0.0;0.0;830.144;830.144;0.0;15.0;12452.16
15;3;104;855.748;0.0;0.0;0.0;855.748;855.748;0.0;15.0;12836.220000000001
15;3;105;879.702;0.0;0.0;0.0;879.702;879.702;0.0;15.0;13195.53
15;3;106;909.367;0.0;0.0;0.0;909.367;909.367;0.0;15.0;13640.505
15;3;107;885.991;0.0;0.0;0.0;885.991;885.991;0.0;15.0;13289.865
15;3;108;831.529;0.0;0.0;0.0;831.529;831.529;0.0;15.0;12472.935
15;3;109;818.0709999999999;0.0;0.0;0.0;818.071;818.071;0.0;15.0;12271.065
15;3;110;844.395;0.0;0.0;0.0;844.395;844.395;0.0;15.0;12665.925
15;3;111;858.883;0.0;0.0;0.0;858.883;858.883;0.0;15.0;12883.245
15;3;112;832.1479999999999;0.0;0.0;0.0;832.148;832.148;0.0;15.0;12482.220000000001
15;3;113;815.3399999999999;0.0;0.0;0.0;815.34;815.34;0.0;15.0;12230.1
15;3;114;776.6600000000001;0.0;0.0;0.0;776.66;776.66;0.0;15.0;11649.9
15;3;115;779.1189999999999;0.0;0.0;0.0;779.119;779.119;0.0;15.0;11686.785
15;3;116;687.8679999999999;0.0;0.0;0.0;687.868;687.868;0.0;15.0;10318.02
15;3;117;563.581;0.0;0.0;0.0;563.581;563.581;0.0;15.0;8453.715
15;3;118;562.087;0.0;0.0;0.0;562.087;562.087;0.0;15.0;8431.305
15;3;119;543.667;0.0;0.0;0.0;543.667;543.667;0.0;15.0;8155.005
15;3;120;507.045;0.0;0.0;0.0;507.045;507.045;0.0;15.0;7605.675
15;3;121;511.903;0.0;0.0;0.0;511.903;511.903;0.0;15.0;7678.545
15;3;122;517.38;0.0;0.0;0.0;517.38;517.38;0.0;15.0;7760.7
15;3;123;524.477;0.0;0.0;0.0;524.477;524.477;0.0;15.0;7867.155
15;3;124;530.981;0.0;0.0;0.0;530.981;530.981;0.0;15.0;7964.715
15;3;125;471.14799999999997;0.0;0.0;0.0;471.148;471.148;0.0;15.0;7067.22
15;3;126;539.943;0.0;0.0;0.0;539.943;539.943;0.0;15.0;8099.1449999999995
15;3;127;805.361;0.0;0.0;0.0;805.361;805.361;0.0;15.0;12080.414999999999
15;3;128;813.36;0.0;0.0;0.0;813.36;813.36;0.0;15.0;12200.4
15;3;129;822.756;0.0;0.0;0.0;822.756;822.756;0.0;15.0;12341.34
15;3;130;755.484;0.0;0.0;0.0;755.484;755.484;0.0;15.0;11332.26
15;3;131;736.2049999999999;0.0;0.0;0.0;736.205;736.205;0.0;15.0;11043.075
15;3;132;607.969;0.0;0.0;0.0;607.969;607.969;0.0;15.0;9119.535
15;3;133;604.9739999999999;0.0;0.0;0.0;604.974;604.974;0.0;15.0;9074.61
15;3;134;730.281;0.0;0.0;0.0;730.281;730.281;0.0;15.0;10954.215
15;3;135;750.693;0.0;0.0;0.0;750.693;750.693;0.0;15.0;11260.395
15;3;136;863.057;0.0;0.0;0.0;863.057;863.057;0.0;15.0;12945.855
15;3;137;609.245;0.0;0.0;0.0;609.245;609.245;0.0;15.0;9138.675
15;3;138;699.509;0.0;0.0;0.0;699.509;699.509;0.0;15.0;10492.635
15;3;139;811.774;0.0;0.0;0.0;811.774;811.774;0.0;15.0;12176.61
15;3;140;555.668;0.0;0.0;0.0;555.668;555.668;0.0;15.0;8335.02
15;3;141;551.818;0.0;0.0;0.0;551.818;551.818;0.0;15.0;8277.27
15;3;142;548.2529999999999;0.0;0.0;0.0;548.253;548.253;0.0;15.0;8223.795
15;3;143;533.069;0.0;0.0;0.0;533.069;533.069;0.0;15.0;7996.035
15;3;144;525.915;0.0;0.0;0.0;525.915;525.915;0.0;15.0;7888.724999999999
15;3;145;473.736;0.0;0.0;0.0;473.736;473.736;0.0;15.0;7106.04
15;3;146;529.6120000000001;0.0;0.0;0.0;529.612;529.612;0.0;15.0;7944.179999999999
15;3;147;492.227;0.0;0.0;0.0;492.227;492.227;0.0;15.0;7383.405
15;3;148;513.319;0.0;0.0;0.0;513.319;513.319;0.0;15.0;7699.785
15;3;149;518.931;0.0;0.0;0.0;518.931;518.931;0.0;15.0;7783.965
15;3;150;527.88;0.0;0.0;0.0;527.88;527.88;0.0;15.0;7918.2
15;3;151;768.1610000000001;0.0;0.0;0.0;768.161;768.161;0.0;15.0;11522.414999999999
15;3;152;776.507;0.0;0.0;0.0;776.507;776.507;0.0;15.0;11647.605
15;3;153;730.693;0.0;0.0;0.0;730.693;730.693;0.0;15.0;10960.395
15;3;154;635.443;0.0;0.0;0.0;635.443;635.443;0.0;15.0;9531.645
15;3;155;604.178;0.0;0.0;0.0;604.178;604.178;0.0;15.0;9062.67
15;3;156;635.214;0.0;0.0;0.0;635.214;635.214;0.0;15.0;9528.210000000001
15;3;157;759.2470000000001;0.0;0.0;0.0;759.247;759.247;0.0;15.0;11388.705
15;3;158;506.478;0.0;0.0;0.0;506.478;506.478;0.0;15.0;7597.17
15;3;159;685.186;0.0;0.0;0.0;685.186;685.186;0.0;15.0;10277.79
15;3;160;670.154;0.0;0.0;0.0;670.154;670.154;0.0;15.0;10052.31
15;3;161;660.0889999999999;0.0;0.0;0.0;660.089;660.089;0.0;15.0;9901.335000000001
15;3;162;632.991;0.0;0.0;0.0;632.991;632.991;0.0;15.0;9494.865
15;3;163;634.5360000000001;0.0;0.0;0.0;634.536;634.536;0.0;15.0;9518.039999999999
15;3;164;572.3620000000001;0.0;0.0;0.0;572.362;572.362;0.0;15.0;8585.43
15;3;165;548.895;0.0;0.0;0.0;548.895;548.895;0.0;15.0;8233.425
15;3;166;539.2529999999999;0.0;0.0;0.0;539.253;539.253;0.0;15.0;8088.795000000001
15;3;167;527.322;0.0;0.0;0.0;527.322;527.322;0.0;15.0;7909.83
20;0;0;147.77;0.0;0.0;0.0;147.77;147.77;0.0;5.0;738.85
20;0;1;369.414;0.0;0.0;0.0;369.414;369.414;0.0;5.0;1847.07
20;0;2;147.638;0.0;0.0;0.0;147.638;147.638;0.0;5.0;738.19
20;0;3;332.716;0.0;0.0;0.0;332.716;332.716;0.0;5.0;1663.58
20;0;4;338.62;0.0;0.0;0.0;338.62;338.62;0.0;5.0;1693.1
20;0;5;341.6;0.0;0.0;0.0;341.6;341.6;0.0;5.0;1708.0
20;0;6;360.64300000000003;0.0;0.0;0.0;360.643;360.643;0.0;5.0;1803.215
20;0;7;630.203;0.0;0.0;0.0;630.203;630.203;0.0;5.0;3151.015
20;0;8;627.577;0.0;0.0;0.0;627.577;627.577;0.0;5.0;3137.885
20;0;9;510.16700000000003;0.0;0.0;0.0;510.167;510.167;0.0;5.0;2550.835
20;0;10;511.02299999999997;0.0;0.0;0.0;511.023;511.023;0.0;5.0;2555.1150000000002
20;0;11;492.055;0.0;0.0;0.0;492.055;492.055;0.0;5.0;2460.275
20;0;12;452.297;0.0;0.0;0.0;452.297;452.297;0.0;5.0;2261.485
20;0;13;558.7189999999999;0.0;0.0;0.0;558.719;558.719;0.0;5.0;2793.5950000000003
20;0;14;392.271;0.0;0.0;0.0;392.271;392.271;0.0;5.0;1961.355
20;0;15;442.16999999999996;0.0;0.0;0.0;442.17;442.17;0.0;5.0;2210.85
20;0;16;427.273;0.0;0.00069;0.0;427.27231;427.273;0.0;5.0;2136.3650000000002
20;0;17;525.168;0.0;0.0;0.0;525.168;525.168;0.0;5.0;2625.84
20;0;18;754.854;0.0;0.0;0.0;754.854;754.854;0.0;5.0;3774.2700000000004
20;0;19;444.103;0.0;0.0;0.0;444.103;444.103;0.0;5.0;2220.515
20;0;20;374.31;0.0;0.0;0.0;374.31;374.31;0.0;5.0;1871.55
20;0;21;534.567;0.0;0.0;0.0;534.567;534.567;0.0;5.0;2672.835
20;0;22;524.366;0.0;0.0;0.0;524.366;524.366;0.0;5.0;2621.83
20;0;23;517.325;0.0;0.0;0.0;517.325;517.325;0.0;5.0;2586.625
20;0;24;148.336;0.0;0.0;0.0;148.336;148.336;0.0;5.0;741.6800000000001
20;0;25;147.39;0.0;0.0;0.0;147.39;147.39;0.0;5.0;736.9499999999999
20;0;26;143.924;0.0;0.0;0.0;143.924;143.924;0.0;5.0;719.62
20;0;27;496.58799999999997;0.0;0.0;0.0;496.588;496.588;0.0;5.0;2482.94
20;0;28;498.64599999999996;0.0;0.0;0.0;498.646;498.646;0.0;5.0;2493.23
20;0;29;442.164;0.0;0.0;0.0;442.164;442.164;0.0;5.0;2210.8199999999997
20;0;30;161.16;0.0;0.0;0.0;161.16;161.16;0.0;5.0;805.8
20;0;31;456.603;0.0;0.0;0.0;456.603;456.603;0.0;5.0;2283.015
20;0;32;655.617;0.0;0.0;0.0;655.617;655.617;0.0;5.0;3278.085
20;0;33;535.579;0.0;0.0;0.0;535.579;535.579;0.0;5.0;2677.8949999999995
20;0;34;527.211;0.0;0.0;0.0;527.211;527.211;0.0;5.0;2636.0550000000003
20;0;35;498.592;0.0;5.81855;0.0;492.77345;498.592;0.0;5.0;2492.96
20;0;36;491.854;0.0;0.0;0.0;491.854;491.854;0.0;5.0;2459.27
20;0;37;462.96099999999996;0.0;87.4793;0.0;375.4817;462.961;0.0;5.0;2314.8050000000003
20;0;38;475.322;0.0;110.14035;0.0;365.18165;475.322;0.0;5.0;2376.61
20;0;39;440.329;0.0;57.93284;0.0;382.39616;440.329;0.0;5.0;2201.645
20;0;40;431.14;0.0;0.0;0.0;431.14;431.14;0.0;5.0;2155.7
20;0;41;650.9549999999999;0.0;0.0;0.0;650.955;650.955;0.0;5.0;3254.775
20;0;42;749.919;0.0;0.0;0.0;749.919;749.919;0.0;5.0;3749.595
20;0;43;782.4;0.0;0.0;0.0;782.4;782.4;0.0;5.0;3912.0
20;0;44;667.108;0.0;0.0;0.0;667.108;667.108;0.0;5.0;3335.54
20;0;45;217.236;0.0;0.0;0.0;217.236;217.236;0.0;5.0;1086.1799999999998
20;0;46;199.022;0.0;0.0;0.0;199.022;199.022;0.0;5.0;995.1099999999999
20;0;47;180.544;0.0;0.0;0.0;180.544;180.544;0.0;5.0;902.72
20;0;48;146.92;0.0;0.0;0.0;146.92;146.92;0.0;5.0;734.5999999999999
20;0;49;149.82;0.0;0.0;0.0;149.82;149.82;0.0;5.0;749.0999999999999
20;0;50;150.462;0.0;0.0;0.0;150.462;150.462;0.0;5.0;752.31
20;0;51;144.922;0.0;0.0;0.0;144.922;144.922;0.0;5.0;724.61
20;0;52;147.904;0.0;0.0;0.0;147.904;147.904;0.0;5.0;739.52
20;0;53;148.174;0.0;0.0;0.0;148.174;148.174;0.0;5.0;740.87
20;0;54;229.48699999999997;0.0;0.0;0.0;229.487;229.487;0.0;5.0;1147.435
20;0;55;498.237;0.0;0.0;0.0;498.237;498.237;0.0;5.0;2491.185
20;0;56;497.108;0.0;0.0;0.0;497.108;497.108;0.0;5.0;2485.54
20;0;57;401.36199999999997;0.0;0.0;0.0;401.362;401.362;0.0;5.0;2006.8100000000002
20;0;58;380.262;0.0;0.0;0.0;380.262;380.262;0.0;5.0;1901.31
20;0;59;378.88;0.0;3.13552;0.0;375.74448;378.88;0.0;5.0;1894.4
20;0;60;499.775;0.0;0.0;0.0;499.775;499.775;0.0;5.0;2498.875
20;0;61;345.73;0.0;0.0;0.0;345.73;345.73;0.0;5.0;1728.65
20;0;62;367.695;0.0;0.0;0.0;367.695;367.695;0.0;5.0;1838.475
20;0;63;369.12899999999996;0.0;2.85135;0.0;366.27765;369.129;0.0;5.0;1845.645
20;0;64;362.27;0.0;6.78312;0.0;355.48688;362.27;0.0;5.0;1811.35
20;0;65;414.404;0.0;0.0;0.0;414.404;414.404;0.0;5.0;2072.02
20;0;66;492.85799999999995;0.0;0.0;0.0;492.858;492.858;0.0;5.0;2464.29
20;0;67;498.567;0.0;0.0;0.0;498.567;498.567;0.0;5.0;2492.835
20;0;68;647.267;0.0;0.0;0.0;647.267;647.267;0.0;5.0;3236.335
20;0;69;513.395;0.0;0.0;0.0;513.395;513.395;0.0;5.0;2566.975
20;0;70;497.22400000000005;0.0;0.0;0.0;497.224;497.224;0.0;5.0;2486.12
20;0;71;501.122;0.0;0.0;0.0;501.122;501.122;0.0;5.0;2505.61
20;0;72;140.001;0.0;0.0;0.0;140.001;140.001;0.0;5.0;700.005
20;0;73;139.906;0.0;0.0;0.0;139.906;139.906;0.0;5.0;699.53
20;0;74;138.774;0.0;0.0;0.0;138.774;138.774;0.0;5.0;693.87
20;0;75;139.524;0.0;0.0;0.0;139.524;139.524;0.0;5.0;697.62
20;0;76;143.338;0.0;0.0;0.0;143.338;143.338;0.0;5.0;716.6899999999999
20;0;77;143.901;0.0;0.0;0.0;143.901;143.901;0.0;5.0;719.5050000000001
20;0;78;143.165;0.0;0.0;0.0;143.165;143.165;0.0;5.0;715.8249999999999
20;0;79;153.595;0.0;0.0;0.0;153.595;153.595;0.0;5.0;767.975
20;0;80;172.307;0.0;0.0;0.0;172.307;172.307;0.0;5.0;861.535
20;0;81;172.317;0.0;0.0;0.0;172.317;172.317;0.0;5.0;861.585
20;0;82;200.012;0.0;0.0;0.0;200.012;200.012;0.0;5.0;1000.06
20;0;83;260.02599999999995;0.0;0.0;0.0;260.026;260.026;0.0;5.0;1300.13
20;0;84;254.449;0.0;0.0;0.0;254.449;254.449;0.0;5.0;1272.2450000000001
20;0;85;250.04899999999998;0.0;0.0;0.0;250.049;250.049;0.0;5.0;1250.2450000000001
20;0;86;259.555;0.0;0.0;0.0;259.555;259.555;0.0;5.0;1297.775
20;0;87;239.48399999999998;0.0;0.0;0.0;239.484;239.484;0.0;5.0;1197.42
20;0;88;494.63599999999997;0.0;0.0;0.0;494.636;494.636;0.0;5.0;2473.1800000000003
20;0;89;265.375;0.0;0.0;0.0;265.375;265.375;0.0;5.0;1326.875
20;0;90;195.402;0.0;0.0;0.0;195.402;195.402;0.0;5.0;977.01
20;0;91;219.121;0.0;0.0;0.0;219.121;219.121;0.0;5.0;1095.605
20;0;92;569.655;0.0;0.0;0.0;569.655;569.655;0.0;5.0;2848.2749999999996
20;0;93;304.453;0.0;0.0;0.0;304.453;304.453;0.0;5.0;1522.2649999999999
20;0;94;554.99;0.0;0.0;0.0;554.99;554.99;0.0;5.0;2774.95
20;0;95;539.292;0.0;0.0;0.0;539.292;539.292;0.0;5.0;2696.46
20;0;96;508.573;0.0;0.0;0.0;508.573;508.573;0.0;5.0;2542.865
20;0;97;516.512;0.0;0.0;0.0;516.512;516.512;0.0;5.0;2582.5599999999995
20;0;98;514.5840000000001;0.0;0.0;0.0;514.584;514.584;0.0;5.0;2572.9199999999996
20;0;99;516.966;0.0;0.0;0.0;516.966;516.966;0.0;5.0;2584.83
20;0;100;519.825;0.0;0.0;0.0;519.825;519.825;0.0;5.0;2599.125
20;0;101;518.45;0.0;0.0;0.0;518.45;518.45;0.0;5.0;2592.25
20;0;102;518.121;0.0;0.0;0.0;518.121;518.121;0.0;5.0;2590.605
20;0;103;804.2570000000001;0.0;0.0;0.0;804.257;804.257;0.0;5.0;4021.285
20;0;104;804.649;0.0;0.0;0.0;804.649;804.649;0.0;5.0;4023.245
20;0;105;710.879;0.0;0.0;0.0;710.879;710.879;0.0;5.0;3554.395
20;0;106;683.938;0.0;0.0;0.0;683.938;683.938;0.0;5.0;3419.69
20;0;107;665.692;0.0;0.0;0.0;665.692;665.692;0.0;5.0;3328.46
20;0;108;638.225;0.0;0.0;0.0;638.225;638.225;0.0;5.0;3191.125
20;0;109;624.47;0.0;0.0;0.0;624.47;624.47;0.0;5.0;3122.3500000000004
20;0;110;699.9570000000001;0.0;0.0;0.0;699.957;699.957;0.0;5.0;3499.785
20;0;111;676.6379999999999;0.0;0.0;0.0;676.638;676.638;0.0;5.0;3383.19
20;0;112;764.071;0.0;0.0;0.0;764.071;764.071;0.0;5.0;3820.355
20;0;113;794.921;0.0;0.0;0.0;794.921;794.921;0.0;5.0;3974.6050000000005
20;0;114;774.488;0.0;0.0;0.0;774.488;774.488;0.0;5.0;3872.4400000000005
20;0;115;415.348;0.0;0.0;0.0;415.348;415.348;0.0;5.0;2076.7400000000002
20;0;116;325.59;0.0;0.0;0.0;325.59;325.59;0.0;5.0;1627.9499999999998
20;0;117;507.22400000000005;0.0;0.0;0.0;507.224;507.224;0.0;5.0;2536.12
20;0;118;493.986;0.0;0.0;0.0;493.986;493.986;0.0;5.0;2469.93
20;0;119;497.711;0.0;0.0;0.0;497.711;497.711;0.0;5.0;2488.5550000000003
20;0;120;456.876;0.0;0.0;0.0;456.876;456.876;0.0;5.0;2284.38
20;0;121;458.043;0.0;0.0;0.0;458.043;458.043;0.0;5.0;2290.215
20;0;122;456.854;0.0;0.0;0.0;456.854;456.854;0.0;5.0;2284.27
20;0;123;464.62199999999996;0.0;0.0;0.0;464.622;464.622;0.0;5.0;2323.11
20;0;124;465.534;0.0;0.0;0.0;465.534;465.534;0.0;5.0;2327.67
20;0;125;462.923;0.0;0.0;0.0;462.923;462.923;0.0;5.0;2314.615
20;0;126;476.11400000000003;0.0;0.0;0.0;476.114;476.114;0.0;5.0;2380.5699999999997
20;0;127;725.117;0.0;0.0;0.0;725.117;725.117;0.0;5.0;3625.585
20;0;128;715.332;0.0;0.0;0.0;715.332;715.332;0.0;5.0;3576.66
20;0;129;587.229;0.0;0.0;0.0;587.229;587.229;0.0;5.0;2936.1450000000004
20;0;130;590.232;0.0;0.0;0.0;590.232;590.232;0.0;5.0;2951.16
20;0;131;573.151;0.0;0.0;0.0;573.151;573.151;0.0;5.0;2865.7549999999997
20;0;132;602.342;0.0;0.0;0.0;602.342;602.342;0.0;5.0;3011.71
20;0;133;533.221;0.0;0.0;0.0;533.221;533.221;0.0;5.0;2666.105
20;0;134;546.694;0.0;0.0;0.0;546.694;546.694;0.0;5.0;2733.47
20;0;135;681.184;0.0;0.0;0.0;681.184;681.184;0.0;5.0;3405.92
20;0;136;667.79;0.0;0.0;0.0;667.79;667.79;0.0;5.0;3338.95
20;0;137;667.677;0.0;0.0;0.0;667.677;667.677;0.0;5.0;3338.385
20;0;138;762.539;0.0;0.0;0.0;762.539;762.539;0.0;5.0;3812.6949999999997
20;0;139;788.7460000000001;0.0;0.0;0.0;788.746;788.746;0.0;5.0;3943.73
20;0;140;705.712;0.0;0.0;0.0;705.712;705.712;0.0;5.0;3528.56
20;0;141;205.737;0.0;0.0;0.0;205.737;205.737;0.0;5.0;1028.685
20;0;142;204.737;0.0;0.0;0.0;204.737;204.737;0.0;5.0;1023.685
20;0;143;182.726;0.0;0.0;0.0;182.726;182.726;0.0;5.0;913.63
20;0;144;528.656;0.0;0.0;0.0;528.656;528.656;0.0;5.0;2643.2799999999997
20;0;145;287.182;0.0;0.0;0.0;287.182;287.182;0.0;5.0;1435.91
20;0;146;534.5250000000001;0.0;0.0;0.0;534.525;534.525;0.0;5.0;2672.625
20;0;147;543.051;0.0;0.0;0.0;543.051;543.051;0.0;5.0;2715.255
20;0;148;546.865;0.0;0.0;0.0;546.865;546.865;0.0;5.0;2734.325
20;0;149;553.9739999999999;0.0;0.0;0.0;553.974;553.974;0.0;5.0;2769.8700000000003
20;0;150;305.356;0.0;0.0;0.0;305.356;305.356;0.0;5.0;1526.78
20;0;151;780.934;0.0;0.0;0.0;780.934;780.934;0.0;5.0;3904.67
20;0;152;698.145;0.0;0.0;0.0;698.145;698.145;0.0;5.0;3490.725
20;0;153;638.2629999999999;0.0;6.78942;0.0;631.47358;638.263;0.0;5.0;3191.315
20;0;154;619.0889999999999;0.0;55.95673;0.0;563.13227;619.089;0.0;5.0;3095.445
20;0;155;587.071;0.0;0.0;0.0;587.071;587.071;0.0;5.0;2935.355
20;0;156;563.239;0.0;52.36605;0.0;510.87295;563.239;0.0;5.0;2816.195
20;0;157;694.322;0.0;0.0;0.0;694.322;694.322;0.0;5.0;3471.61
20;0;158;739.799;0.0;0.0;0.0;739.799;739.799;0.0;5.0;3698.995
20;0;159;706.713;0.0;0.0;0.0;706.713;706.713;0.0;5.0;3533.5649999999996
20;0;160;704.027;0.0;0.0;0.0;704.027;704.027;0.0;5.0;3520.135
20;0;161;704.3;0.0;0.0;0.0;704.3;704.3;0.0;5.0;3521.5
20;0;162;793.2660000000001;0.0;0.0;0.0;793.266;793.266;0.0;5.0;3966.33
20;0;163;829.913;0.0;0.0;0.0;829.913;829.913;0.0;5.0;4149.5650000000005
20;0;164;643.815;0.0;0.0;0.0;643.815;643.815;0.0;5.0;3219.0750000000003
20;0;165;204.203;0.0;0.0;0.0;204.203;204.203;0.0;5.0;1021.015
20;0;166;192.504;0.0;0.0;0.0;192.504;192.504;0.0;5.0;962.52
20;0;167;577.271;0.0;0.0;0.0;577.271;577.271;0.0;5.0;2886.3549999999996
20;1;0;138.851;0.0;0.0;0.0;138.851;138.851;0.0;20.0;2777.02
20;1;1;142.253;0.0;0.0;0.0;142.253;142.253;0.0;20.0;2845.0599999999995
20;1;2;141.421;0.0;0.0;0.0;141.421;141.421;0.0;20.0;2828.42
20;1;3;140.014;0.0;0.0;0.0;140.014;140.014;0.0;20.0;2800.28
20;1;4;141.186;0.0;0.0;0.0;141.186;141.186;0.0;20.0;2823.7200000000003
20;1;5;143.169;0.0;0.0;0.0;143.169;143.169;0.0;20.0;2863.38
20;1;6;146.213;0.0;0.0;0.0;146.213;146.213;0.0;20.0;2924.2599999999998
20;1;7;283.492;0.0;13.50017;0.0;269.99183;283.492;0.0;20.0;5669.84
20;1;8;312.173;0.0;83.38123;0.0;228.79177;312.173;0.0;20.0;6243.46
20;1;9;335.542;0.0;178.17871;0.0;157.36329;335.542;0.0;20.0;6710.839999999999
20;1;10;350.707;0.0;255.24589;0.0;95.46111;350.707;0.0;20.0;7014.139999999999
20;1;11;332.356;0.0;313.95462;0.0;18.40138;332.356;0.0;20.0;6647.12
20;1;12;318.428;0.0;318.428;0.0;0.0;318.428;0.0;20.0;6368.5599999999995
20;1;13;328.607;0.0;328.607;0.0;0.0;328.607;0.0;20.0;6572.14
20;1;14;341.387;0.0;309.84427;0.0;31.54273;341.387;0.0;20.0;6827.74
20;1;15;320.73;0.0;201.49177;0.0;119.23823;320.73;0.0;20.0;6414.6
20;1;16;304.174;0.0;111.8394;0.0;192.3346;304.174;0.0;20.0;6083.48
20;1;17;284.452;0.0;50.25672;0.0;234.19528;284.452;0.0;20.0;5689.04
20;1;18;298.226;0.0;0.0;0.0;298.226;298.226;0.0;20.0;5964.52
20;1;19;418.085;0.0;0.0;0.0;418.085;418.085;0.0;20.0;8361.699999999999
20;1;20;329.895;0.0;0.0;0.0;329.895;329.895;0.0;20.0;6597.9
20;1;21;199.016;0.0;0.0;0.0;199.016;199.016;0.0;20.0;3980.3199999999997
20;1;22;191.234;0.0;0.0;0.0;191.234;191.234;0.0;20.0;3824.6800000000003
20;1;23;173.048;0.0;0.0;0.0;173.048;173.048;0.0;20.0;3460.96
20;1;24;137.731;0.0;0.0;0.0;137.731;137.731;0.0;20.0;2754.62
20;1;25;144.119;0.0;0.0;0.0;144.119;144.119;0.0;20.0;2882.38
20;1;26;145.875;0.0;0.0;0.0;145.875;145.875;0.0;20.0;2917.5
20;1;27;144.327;0.0;0.0;0.0;144.327;144.327;0.0;20.0;2886.54
20;1;28;146.82500000000002;0.0;0.0;0.0;146.825;146.825;0.0;20.0;2936.5
20;1;29;155.453;0.0;0.0;0.0;155.453;155.453;0.0;20.0;3109.06
20;1;30;145.344;0.0;0.0;0.0;145.344;145.344;0.0;20.0;2906.88
20;1;31;290.565;0.0;0.0;0.0;290.565;290.565;0.0;20.0;5811.3
20;1;32;329.013;0.0;78.51704;0.0;250.49596;329.013;0.0;20.0;6580.259999999999
20;1;33;332.459;0.0;176.38928;0.0;156.06972;332.459;0.0;20.0;6649.18
20;1;34;353.214;0.0;246.85492;0.0;106.35908;353.214;0.0;20.0;7064.28
20;1;35;352.163;0.0;317.4329;0.0;34.7301;352.163;0.0;20.0;7043.26
20;1;36;323.853;0.0;323.853;0.0;0.0;323.853;0.0;20.0;6477.06
20;1;37;327.223;0.0;327.223;0.0;0.0;327.223;0.0;20.0;6544.46
20;1;38;360.79;0.0;360.79;0.0;0.0;360.79;0.0;20.0;7215.8
20;1;39;336.03599999999994;0.0;306.03564;0.0;30.00036;336.036;0.0;20.0;6720.72
20;1;40;311.971;0.0;206.191;0.0;105.78;311.971;0.0;20.0;6239.42
20;1;41;390.91499999999996;0.0;54.44977;0.0;336.46523;390.915;0.0;20.0;7818.3
20;1;42;279.245;0.0;15.64923;0.0;263.59577;279.245;0.0;20.0;5584.9
20;1;43;417.79;0.0;0.0;0.0;417.79;417.79;0.0;20.0;8355.800000000001
20;1;44;320.656;0.0;0.0;0.0;320.656;320.656;0.0;20.0;6413.12
20;1;45;206.804;0.0;0.0;0.0;206.804;206.804;0.0;20.0;4136.08
20;1;46;192.975;0.0;0.0;0.0;192.975;192.975;0.0;20.0;3859.5
20;1;47;178.724;0.0;0.0;0.0;178.724;178.724;0.0;20.0;3574.4799999999996
20;1;48;139.863;0.0;0.0;0.0;139.863;139.863;0.0;20.0;2797.26
20;1;49;142.22;0.0;0.0;0.0;142.22;142.22;0.0;20.0;2844.4
20;1;50;141.446;0.0;0.0;0.0;141.446;141.446;0.0;20.0;2828.92
20;1;51;140.181;0.0;0.0;0.0;140.181;140.181;0.0;20.0;2803.6200000000003
20;1;52;141.122;0.0;0.0;0.0;141.122;141.122;0.0;20.0;2822.4400000000005
20;1;53;141.979;0.0;0.0;0.0;141.979;141.979;0.0;20.0;2839.5800000000004
20;1;54;145.838;0.0;0.0;0.0;145.838;145.838;0.0;20.0;2916.7599999999998
20;1;55;324.955;0.0;0.0;0.0;324.955;324.955;0.0;20.0;6499.099999999999
20;1;56;285.62;0.0;64.86009;0.0;220.75991;285.62;0.0;20.0;5712.4
20;1;57;277.081;0.0;161.57747;0.0;115.50353;277.081;0.0;20.0;5541.620000000001
20;1;58;303.17499999999995;0.0;240.79021;0.0;62.38479;303.175;0.0;20.0;6063.5
20;1;59;287.333;0.0;287.333;0.0;0.0;287.333;0.0;20.0;5746.660000000001
20;1;60;293.166;0.0;293.166;0.0;0.0;293.166;0.0;20.0;5863.32
20;1;61;300.602;0.0;300.602;0.0;0.0;300.602;0.0;20.0;6012.039999999999
20;1;62;297.499;0.0;184.24091;0.0;113.25809;297.499;0.0;20.0;5949.9800000000005
20;1;63;386.72400000000005;0.0;8.82898;0.0;377.89502;386.724;0.0;20.0;7734.48
20;1;64;275.8;0.0;112.54526;0.0;163.25474;275.8;0.0;20.0;5516.0
20;1;65;275.363;0.0;78.73567;0.0;196.62733;275.363;0.0;20.0;5507.26
20;1;66;276.931;0.0;0.0;0.0;276.931;276.931;0.0;20.0;5538.62
20;1;67;417.182;0.0;0.0;0.0;417.182;417.182;0.0;20.0;8343.64
20;1;68;320.126;0.0;0.0;0.0;320.126;320.126;0.0;20.0;6402.5199999999995
20;1;69;201.058;0.0;0.0;0.0;201.058;201.058;0.0;20.0;4021.16
20;1;70;199.677;0.0;0.0;0.0;199.677;199.677;0.0;20.0;3993.54
20;1;71;176.136;0.0;0.0;0.0;176.136;176.136;0.0;20.0;3522.72
20;1;72;141.081;0.0;0.0;0.0;141.081;141.081;0.0;20.0;2821.62
20;1;73;139.87;0.0;0.0;0.0;139.87;139.87;0.0;20.0;2797.4
20;1;74;141.628;0.0;0.0;0.0;141.628;141.628;0.0;20.0;2832.5599999999995
20;1;75;140.025;0.0;0.0;0.0;140.025;140.025;0.0;20.0;2800.5
20;1;76;140.688;0.0;0.0;0.0;140.688;140.688;0.0;20.0;2813.7599999999998
20;1;77;142.174;0.0;0.0;0.0;142.174;142.174;0.0;20.0;2843.48
20;1;78;142.286;0.0;0.0;0.0;142.286;142.286;0.0;20.0;2845.7200000000003
20;1;79;129.28;0.0;9.9837;0.0;119.2963;129.28;0.0;20.0;2585.6
20;1;80;131.81;0.0;85.04949;0.0;46.76051;131.81;0.0;20.0;2636.2
20;1;81;144.114;0.0;144.114;0.0;0.0;144.114;0.0;20.0;2882.28
20;1;82;153.715;0.0;153.715;0.0;0.0;153.715;0.0;20.0;3074.3
20;1;83;150.311;0.0;150.311;0.0;0.0;150.311;0.0;20.0;3006.2200000000003
20;1;84;147.268;0.0;147.268;0.0;0.0;147.268;0.0;20.0;2945.36
20;1;85;153.251;0.0;153.251;0.0;0.0;153.251;0.0;20.0;3065.02
20;1;86;149.49099999999999;0.0;149.491;0.0;0.0;149.491;0.0;20.0;2989.82
20;1;87;249.743;0.0;221.47952;0.0;28.26348;249.743;0.0;20.0;4994.86
20;1;88;138.332;0.0;123.79395;0.0;14.53805;138.332;0.0;20.0;2766.64
20;1;89;143.027;0.0;56.2674;0.0;86.7596;143.027;0.0;20.0;2860.54
20;1;90;136.259;0.0;15.2556;0.0;121.0034;136.259;0.0;20.0;2725.18
20;1;91;216.486;0.0;0.0;0.0;216.486;216.486;0.0;20.0;4329.719999999999
20;1;92;217.115;0.0;0.0;0.0;217.115;217.115;0.0;20.0;4342.3
20;1;93;203.757;0.0;0.0;0.0;203.757;203.757;0.0;20.0;4075.1400000000003
20;1;94;197.32;0.0;0.0;0.0;197.32;197.32;0.0;20.0;3946.3999999999996
20;1;95;170.575;0.0;0.0;0.0;170.575;170.575;0.0;20.0;3411.5
20;1;96;139.207;0.0;0.0;0.0;139.207;139.207;0.0;20.0;2784.14
20;1;97;143.966;0.0;0.0;0.0;143.966;143.966;0.0;20.0;2879.32
20;1;98;141.496;0.0;0.0;0.0;141.496;141.496;0.0;20.0;2829.92
20;1;99;140.971;0.0;0.0;0.0;140.971;140.971;0.0;20.0;2819.42
20;1;100;140.98;0.0;0.0;0.0;140.98;140.98;0.0;20.0;2819.6
20;1;101;145.436;0.0;0.0;0.0;145.436;145.436;0.0;20.0;2908.7200000000003
20;1;102;144.895;0.0;0.0;0.0;144.895;144.895;0.0;20.0;2897.9
20;1;103;307.568;0.0;5.98447;0.0;301.58353;307.568;0.0;20.0;6151.36
20;1;104;290.08;0.0;51.11862;0.0;238.96138;290.08;0.0;20.0;5801.599999999999
20;1;105;348.183;0.0;62.2601;0.0;285.9229;348.183;0.0;20.0;6963.66
20;1;106;365.77099999999996;0.0;187.69881;0.0;178.07219;365.771;0.0;20.0;7315.42
20;1;107;363.933;0.0;343.04962;0.0;20.88338;363.933;0.0;20.0;7278.66
20;1;108;346.84499999999997;0.0;346.845;0.0;0.0;346.845;0.0;20.0;6936.900000000001
20;1;109;340.49;0.0;311.60907;0.0;28.88093;340.49;0.0;20.0;6809.8
20;1;110;364.226;0.0;129.70554;0.0;234.52046;364.226;0.0;20.0;7284.52
20;1;111;332.266;0.0;102.17617;0.0;230.08983;332.266;0.0;20.0;6645.320000000001
20;1;112;324.456;0.0;79.3994;0.0;245.0566;324.456;0.0;20.0;6489.120000000001
20;1;113;386.106;0.0;13.49022;0.0;372.61578;386.106;0.0;20.0;7722.12
20;1;114;285.572;0.0;10.44878;0.0;275.12322;285.572;0.0;20.0;5711.4400000000005
20;1;115;435.165;0.0;0.0;0.0;435.165;435.165;0.0;20.0;8703.300000000001
20;1;116;315.783;0.0;0.0;0.0;315.783;315.783;0.0;20.0;6315.66
20;1;117;215.286;0.0;0.0;0.0;215.286;215.286;0.0;20.0;4305.72
20;1;118;196.009;0.0;0.0;0.0;196.009;196.009;0.0;20.0;3920.18
20;1;119;170.037;0.0;0.0;0.0;170.037;170.037;0.0;20.0;3400.7400000000002
20;1;120;138.708;0.0;0.0;0.0;138.708;138.708;0.0;20.0;2774.16
20;1;121;143.878;0.0;0.0;0.0;143.878;143.878;0.0;20.0;2877.5599999999995
20;1;122;142.194;0.0;0.0;0.0;142.194;142.194;0.0;20.0;2843.8799999999997
20;1;123;141.333;0.0;0.0;0.0;141.333;141.333;0.0;20.0;2826.66
20;1;124;140.624;0.0;0.0;0.0;140.624;140.624;0.0;20.0;2812.48
20;1;125;138.629;0.0;0.0;0.0;138.629;138.629;0.0;20.0;2772.58
20;1;126;146.199;0.0;0.0;0.0;146.199;146.199;0.0;20.0;2923.9800000000005
20;1;127;361.921;0.0;0.0;0.0;361.921;361.921;0.0;20.0;7238.42
20;1;128;319.205;0.0;75.93091;0.0;243.27409;319.205;0.0;20.0;6384.099999999999
20;1;129;350.942;0.0;187.62816;0.0;163.31384;350.942;0.0;20.0;7018.84
20;1;130;356.731;0.0;275.95439;0.0;80.77661;356.731;0.0;20.0;7134.62
20;1;131;353.626;0.0;346.55006;0.0;7.07594;353.626;0.0;20.0;7072.5199999999995
20;1;132;335.35;0.0;335.35;0.0;0.0;335.35;0.0;20.0;6707.0
20;1;133;346.841;0.0;346.841;0.0;0.0;346.841;0.0;20.0;6936.82
20;1;134;360.841;0.0;277.0274;0.0;83.8136;360.841;0.0;20.0;7216.82
20;1;135;333.856;0.0;187.98617;0.0;145.86983;333.856;0.0;20.0;6677.12
20;1;136;317.407;0.0;133.91367;0.0;183.49333;317.407;0.0;20.0;6348.139999999999
20;1;137;391.371;0.0;53.90003;0.0;337.47097;391.371;0.0;20.0;7827.42
20;1;138;279.307;0.0;6.30321;0.0;273.00379;279.307;0.0;20.0;5586.14
20;1;139;412.788;0.0;0.0;0.0;412.788;412.788;0.0;20.0;8255.76
20;1;140;331.097;0.0;0.0;0.0;331.097;331.097;0.0;20.0;6621.94
20;1;141;205.919;0.0;0.0;0.0;205.919;205.919;0.0;20.0;4118.38
20;1;142;196.643;0.0;0.0;0.0;196.643;196.643;0.0;20.0;3932.86
20;1;143;190.07;0.0;0.0;0.0;190.07;190.07;0.0;20.0;3801.3999999999996
20;1;144;137.15;0.0;0.0;0.0;137.15;137.15;0.0;20.0;2743.0
20;1;145;139.893;0.0;0.0;0.0;139.893;139.893;0.0;20.0;2797.86
20;1;146;141.133;0.0;0.0;0.0;141.133;141.133;0.0;20.0;2822.6600000000003
20;1;147;143.96;0.0;0.0;0.0;143.96;143.96;0.0;20.0;2879.2000000000003
20;1;148;139.296;0.0;0.0;0.0;139.296;139.296;0.0;20.0;2785.92
20;1;149;140.859;0.0;0.0;0.0;140.859;140.859;0.0;20.0;2817.1800000000003
20;1;150;147.599;0.0;0.0;0.0;147.599;147.599;0.0;20.0;2951.9799999999996
20;1;151;322.433;0.0;0.0;0.0;322.433;322.433;0.0;20.0;6448.66
20;1;152;319.858;0.0;75.24064;0.0;244.61736;319.858;0.0;20.0;6397.16
20;1;153;339.045;0.0;185.73346;0.0;153.31154;339.045;0.0;20.0;6780.900000000001
20;1;154;361.788;0.0;284.78182;0.0;77.00618;361.788;0.0;20.0;7235.76
20;1;155;354.385;0.0;349.52498;0.0;4.86002;354.385;0.0;20.0;7087.7
20;1;156;336.512;0.0;336.512;0.0;0.0;336.512;0.0;20.0;6730.24
20;1;157;336.749;0.0;336.749;0.0;0.0;336.749;0.0;20.0;6734.9800000000005
20;1;158;339.167;0.0;267.20888;0.0;71.95812;339.167;0.0;20.0;6783.339999999999
20;1;159;513.7189999999999;0.0;153.13055;0.0;360.58845;513.719;0.0;20.0;10274.380000000001
20;1;160;310.695;0.0;161.33043;0.0;149.36457;310.695;0.0;20.0;6213.9
20;1;161;351.034;0.0;79.27554;0.0;271.75846;351.034;0.0;20.0;7020.68
20;1;162;284.153;0.0;22.8601;0.0;261.2929;284.153;0.0;20.0;5683.06
20;1;163;424.05;0.0;0.0;0.0;424.05;424.05;0.0;20.0;8481.0
20;1;164;326.323;0.0;0.0;0.0;326.323;326.323;0.0;20.0;6526.459999999999
20;1;165;195.09;0.0;0.0;0.0;195.09;195.09;0.0;20.0;3901.8
20;1;166;183.67;0.0;0.0;0.0;183.67;183.67;0.0;20.0;3673.3999999999996
20;1;167;168.527;0.0;0.0;0.0;168.527;168.527;0.0;20.0;3370.54
20;2;0;465.23;0.0;0.0;0.0;465.23;465.23;0.0;12.0;5582.76
20;2;1;474.033;0.0;0.0;0.0;474.033;474.033;0.0;12.0;5688.396000000001
20;2;2;164.95499999999998;0.0;0.0;0.0;164.955;164.955;0.0;12.0;1979.46
20;2;3;141.614;0.0;0.0;0.0;141.614;141.614;0.0;12.0;1699.368
20;2;4;141.023;0.0;0.0;0.0;141.023;141.023;0.0;12.0;1692.2759999999998
20;2;5;140.519;0.0;0.0;0.0;140.519;140.519;0.0;12.0;1686.228
20;2;6;147.377;0.0;0.0;0.0;147.377;147.377;0.0;12.0;1768.5240000000001
20;2;7;548.351;0.0;0.0;0.0;548.351;548.351;0.0;12.0;6580.2119999999995
20;2;8;433.204;0.0;27.04232;0.0;406.16168;433.204;0.0;12.0;5198.448
20;2;9;422.341;0.0;147.31022;0.0;275.03078;422.341;0.0;12.0;5068.092000000001
20;2;10;419.15200000000004;0.0;237.24657;0.0;181.90543;419.152;0.0;12.0;5029.824
20;2;11;392.014;0.0;308.64231;0.0;83.37169;392.014;0.0;12.0;4704.168
20;2;12;367.658;0.0;346.3656;0.0;21.2924;367.658;0.0;12.0;4411.896000000001
20;2;13;364.958;0.0;249.65372;0.0;115.30428;364.958;0.0;12.0;4379.496
20;2;14;621.21;0.0;91.27848;0.0;529.93152;621.21;0.0;12.0;7454.52
20;2;15;595.8309999999999;0.0;32.93759;0.0;562.89341;595.831;0.0;12.0;7149.972
20;2;16;581.972;0.0;27.15646;0.0;554.81554;581.972;0.0;12.0;6983.664
20;2;17;574.9780000000001;0.0;0.0;0.0;574.978;574.978;0.0;12.0;6899.735999999999
20;2;18;653.8309999999999;0.0;0.0;0.0;653.831;653.831;0.0;12.0;7845.972
20;2;19;504.785;0.0;0.0;0.0;504.785;504.785;0.0;12.0;6057.42
20;2;20;326.406;0.0;0.0;0.0;326.406;326.406;0.0;12.0;3916.8720000000003
20;2;21;205.027;0.0;0.0;0.0;205.027;205.027;0.0;12.0;2460.3239999999996
20;2;22;199.037;0.0;0.0;0.0;199.037;199.037;0.0;12.0;2388.444
20;2;23;179.573;0.0;0.0;0.0;179.573;179.573;0.0;12.0;2154.876
20;2;24;135.629;0.0;0.0;0.0;135.629;135.629;0.0;12.0;1627.5479999999998
20;2;25;143.648;0.0;0.0;0.0;143.648;143.648;0.0;12.0;1723.7759999999998
20;2;26;141.031;0.0;0.0;0.0;141.031;141.031;0.0;12.0;1692.372
20;2;27;146.909;0.0;0.0;0.0;146.909;146.909;0.0;12.0;1762.908
20;2;28;139.867;0.0;0.0;0.0;139.867;139.867;0.0;12.0;1678.404
20;2;29;141.401;0.0;0.0;0.0;141.401;141.401;0.0;12.0;1696.8120000000001
20;2;30;148.999;0.0;0.0;0.0;148.999;148.999;0.0;12.0;1787.9879999999998
20;2;31;387.572;0.0;0.0;0.0;387.572;387.572;0.0;12.0;4650.864
20;2;32;323.647;0.0;27.79803;0.0;295.84897;323.647;0.0;12.0;3883.764
20;2;33;406.397;0.0;117.31032;0.0;289.08668;406.397;0.0;12.0;4876.764
20;2;34;408.592;0.0;214.55578;0.0;194.03622;408.592;0.0;12.0;4903.103999999999
20;2;35;380.991;0.0;281.10425;0.0;99.88675;380.991;0.0;12.0;4571.892
20;2;36;356.19;0.0;308.07382;0.0;48.11618;356.19;0.0;12.0;4274.28
20;2;37;352.748;0.0;235.81139;0.0;116.93661;352.748;0.0;12.0;4232.976
20;2;38;608.892;0.0;211.50078;0.0;397.39122;608.892;0.0;12.0;7306.704000000001
20;2;39;325.423;0.0;137.10619;0.0;188.31681;325.423;0.0;12.0;3905.076
20;2;40;379.69;0.0;25.14008;0.0;354.54992;379.69;0.0;12.0;4556.28
20;2;41;301.715;0.0;0.00075;0.0;301.71425;301.715;0.0;12.0;3620.58
20;2;42;385.606;0.0;0.0;0.0;385.606;385.606;0.0;12.0;4627.272
20;2;43;422.38;0.0;0.0;0.0;422.38;422.38;0.0;12.0;5068.5599999999995
20;2;44;339.174;0.0;0.0;0.0;339.174;339.174;0.0;12.0;4070.0879999999997
20;2;45;202.295;0.0;0.0;0.0;202.295;202.295;0.0;12.0;2427.54
20;2;46;199.889;0.0;0.0;0.0;199.889;199.889;0.0;12.0;2398.668
20;2;47;177.279;0.0;0.0;0.0;177.279;177.279;0.0;12.0;2127.348
20;2;48;140.082;0.0;0.0;0.0;140.082;140.082;0.0;12.0;1680.984
20;2;49;144.86;0.0;0.0;0.0;144.86;144.86;0.0;12.0;1738.3200000000002
20;2;50;141.805;0.0;0.0;0.0;141.805;141.805;0.0;12.0;1701.66
20;2;51;156.299;0.0;0.0;0.0;156.299;156.299;0.0;12.0;1875.5880000000002
20;2;52;155.92600000000002;0.0;0.0;0.0;155.926;155.926;0.0;12.0;1871.1119999999999
20;2;53;157.85999999999999;0.0;0.0;0.0;157.86;157.86;0.0;12.0;1894.3200000000002
20;2;54;161.429;0.0;0.0;0.0;161.429;161.429;0.0;12.0;1937.1480000000001
20;2;55;401.637;0.0;0.0;0.0;401.637;401.637;0.0;12.0;4819.644
20;2;56;380.97700000000003;0.0;0.0;0.0;380.977;380.977;0.0;12.0;4571.724
20;2;57;318.725;0.0;0.0;0.0;318.725;318.725;0.0;12.0;3824.7000000000003
20;2;58;339.31;0.0;0.0;0.0;339.31;339.31;0.0;12.0;4071.7200000000003
20;2;59;327.86400000000003;0.0;0.0;0.0;327.864;327.864;0.0;12.0;3934.3679999999995
20;2;60;288.69;0.0;0.00084;0.0;288.68916;288.69;0.0;12.0;3464.2799999999997
20;2;61;299.396;0.0;0.0;0.0;299.396;299.396;0.0;12.0;3592.7520000000004
20;2;62;306.68199999999996;0.0;0.0;0.0;306.682;306.682;0.0;12.0;3680.184
20;2;63;386.958;0.0;0.00089;0.0;386.95711;386.958;0.0;12.0;4643.496
20;2;64;293.481;0.0;0.0;0.0;293.481;293.481;0.0;12.0;3521.772
20;2;65;339.236;0.0;0.0;0.0;339.236;339.236;0.0;12.0;4070.832
20;2;66;407.754;0.0;0.0;0.0;407.754;407.754;0.0;12.0;4893.048000000001
20;2;67;426.945;0.0;0.0;0.0;426.945;426.945;0.0;12.0;5123.34
20;2;68;322.845;0.0;0.0;0.0;322.845;322.845;0.0;12.0;3874.1400000000003
20;2;69;202.863;0.0;0.0;0.0;202.863;202.863;0.0;12.0;2434.3559999999998
20;2;70;199.447;0.0;0.0;0.0;199.447;199.447;0.0;12.0;2393.364
20;2;71;167.515;0.0;0.0;0.0;167.515;167.515;0.0;12.0;2010.1799999999998
20;2;72;428.752;0.0;0.0;0.0;428.752;428.752;0.0;12.0;5145.024
20;2;73;144.03;0.0;0.0;0.0;144.03;144.03;0.0;12.0;1728.3600000000001
20;2;74;140.546;0.0;0.0;0.0;140.546;140.546;0.0;12.0;1686.552
20;2;75;142.106;0.0;0.0;0.0;142.106;142.106;0.0;12.0;1705.272
20;2;76;139.135;0.0;0.0;0.0;139.135;139.135;0.0;12.0;1669.62
20;2;77;139.833;0.0;0.0;0.0;139.833;139.833;0.0;12.0;1677.996
20;2;78;145.338;0.0;0.0;0.0;145.338;145.338;0.0;12.0;1744.056
20;2;79;154.103;0.0;0.0;0.0;154.103;154.103;0.0;12.0;1849.236
20;2;80;162.735;0.0;0.00065;0.0;162.73435;162.735;0.0;12.0;1952.8200000000002
20;2;81;135.919;0.0;22.26878;0.0;113.65022;135.919;0.0;12.0;1631.0280000000002
20;2;82;192.506;0.0;1.85878;0.0;190.64722;192.506;0.0;12.0;2310.072
20;2;83;176.267;0.0;67.99336;0.0;108.27364;176.267;0.0;12.0;2115.2039999999997
20;2;84;164.369;0.0;118.62565;0.0;45.74335;164.369;0.0;12.0;1972.4279999999999
20;2;85;166.714;0.0;61.96739;0.0;104.74661;166.714;0.0;12.0;2000.568
20;2;86;426.81899999999996;0.0;0.0;0.0;426.819;426.819;0.0;12.0;5121.828
20;2;87;417.323;0.0;0.0;0.0;417.323;417.323;0.0;12.0;5007.876
20;2;88;428.251;0.0;0.0;0.0;428.251;428.251;0.0;12.0;5139.012
20;2;89;425.986;0.0;0.00088;0.0;425.98512;425.986;0.0;12.0;5111.832
20;2;90;442.554;0.0;0.0;0.0;442.554;442.554;0.0;12.0;5310.647999999999
20;2;91;215.345;0.0;0.0;0.0;215.345;215.345;0.0;12.0;2584.14
20;2;92;512.609;0.0;0.0;0.0;512.609;512.609;0.0;12.0;6151.308000000001
20;2;93;208.921;0.0;0.0;0.0;208.921;208.921;0.0;12.0;2507.0519999999997
20;2;94;493.37;0.0;0.0;0.0;493.37;493.37;0.0;12.0;5920.4400000000005
20;2;95;178.825;0.0;0.0;0.0;178.825;178.825;0.0;12.0;2145.8999999999996
20;2;96;137.013;0.0;0.0;0.0;137.013;137.013;0.0;12.0;1644.156
20;2;97;139.487;0.0;0.0;0.0;139.487;139.487;0.0;12.0;1673.844
20;2;98;138.846;0.0;0.0;0.0;138.846;138.846;0.0;12.0;1666.152
20;2;99;142.762;0.0;0.0;0.0;142.762;142.762;0.0;12.0;1713.144
20;2;100;136.677;0.0;0.0;0.0;136.677;136.677;0.0;12.0;1640.1239999999998
20;2;101;140.519;0.0;0.0;0.0;140.519;140.519;0.0;12.0;1686.228
20;2;102;143.483;0.0;0.0;0.0;143.483;143.483;0.0;12.0;1721.796
20;2;103;406.911;0.0;0.0;0.0;406.911;406.911;0.0;12.0;4882.932
20;2;104;480.76699999999994;0.0;17.03924;0.0;463.72776;480.767;0.0;12.0;5769.204
20;2;105;481.899;0.0;115.34623;0.0;366.55277;481.899;0.0;12.0;5782.7880000000005
20;2;106;441.655;0.0;125.75884;0.0;315.89616;441.655;0.0;12.0;5299.86
20;2;107;439.116;0.0;31.78671;0.0;407.32929;439.116;0.0;12.0;5269.392
20;2;108;403.961;0.0;92.67379;0.0;311.28721;403.961;0.0;12.0;4847.532
20;2;109;392.359;0.0;68.56707;0.0;323.79193;392.359;0.0;12.0;4708.308
20;2;110;404.804;0.0;66.46048;0.0;338.34352;404.804;0.0;12.0;4857.647999999999
20;2;111;375.291;0.0;0.0;0.0;375.291;375.291;0.0;12.0;4503.492
20;2;112;363.91400000000004;0.0;0.0;0.0;363.914;363.914;0.0;12.0;4366.968
20;2;113;484.081;0.0;0.0;0.0;484.081;484.081;0.0;12.0;5808.972
20;2;114;399.84;0.0;0.0;0.0;399.84;399.84;0.0;12.0;4798.08
20;2;115;420.295;0.0;0.0;0.0;420.295;420.295;0.0;12.0;5043.54
20;2;116;466.702;0.0;0.0;0.0;466.702;466.702;0.0;12.0;5600.424
20;2;117;197.599;0.0;0.0;0.0;197.599;197.599;0.0;12.0;2371.188
20;2;118;334.321;0.0;0.0;0.0;334.321;334.321;0.0;12.0;4011.8520000000003
20;2;119;172.154;0.0;0.0;0.0;172.154;172.154;0.0;12.0;2065.848
20;2;120;216.76299999999998;0.0;0.0;0.0;216.763;216.763;0.0;12.0;2601.156
20;2;121;223.40500000000003;0.0;0.0;0.0;223.405;223.405;0.0;12.0;2680.86
20;2;122;222.346;0.0;0.0;0.0;222.346;222.346;0.0;12.0;2668.152
20;2;123;229.45600000000002;0.0;0.0;0.0;229.456;229.456;0.0;12.0;2753.4719999999998
20;2;124;230.887;0.0;0.0;0.0;230.887;230.887;0.0;12.0;2770.6440000000002
20;2;125;232.58;0.0;0.0;0.0;232.58;232.58;0.0;12.0;2790.96
20;2;126;243.17700000000002;0.0;0.0;0.0;243.177;243.177;0.0;12.0;2918.124
20;2;127;496.369;0.0;0.0;0.0;496.369;496.369;0.0;12.0;5956.428
20;2;128;434.396;0.0;0.0;0.0;434.396;434.396;0.0;12.0;5212.752
20;2;129;384.741;0.0;0.0;0.0;384.741;384.741;0.0;12.0;4616.892
20;2;130;402.692;0.0;0.0;0.0;402.692;402.692;0.0;12.0;4832.304
20;2;131;381.069;0.0;0.0;0.0;381.069;381.069;0.0;12.0;4572.828
20;2;132;355.981;0.0;38.60899;0.0;317.37201;355.981;0.0;12.0;4271.772
20;2;133;347.80499999999995;0.0;74.64451;0.0;273.16049;347.805;0.0;12.0;4173.66
20;2;134;355.407;0.0;0.0;0.0;355.407;355.407;0.0;12.0;4264.884
20;2;135;356.721;0.0;0.0;0.0;356.721;356.721;0.0;12.0;4280.652
20;2;136;327.543;0.0;0.0;0.0;327.543;327.543;0.0;12.0;3930.516
20;2;137;618.144;0.0;0.0;0.0;618.144;618.144;0.0;12.0;7417.728
20;2;138;660.513;0.0;0.0;0.0;660.513;660.513;0.0;12.0;7926.156000000001
20;2;139;673.621;0.0;0.0;0.0;673.621;673.621;0.0;12.0;8083.451999999999
20;2;140;334.788;0.0;0.0;0.0;334.788;334.788;0.0;12.0;4017.456
20;2;141;201.992;0.0;0.0;0.0;201.992;201.992;0.0;12.0;2423.904
20;2;142;195.022;0.0;0.0;0.0;195.022;195.022;0.0;12.0;2340.264
20;2;143;179.493;0.0;0.0;0.0;179.493;179.493;0.0;12.0;2153.916
20;2;144;141.131;0.0;0.0;0.0;141.131;141.131;0.0;12.0;1693.5720000000001
20;2;145;145.18;0.0;0.0;0.0;145.18;145.18;0.0;12.0;1742.16
20;2;146;140.491;0.0;0.0;0.0;140.491;140.491;0.0;12.0;1685.8920000000003
20;2;147;140.811;0.0;0.0;0.0;140.811;140.811;0.0;12.0;1689.732
20;2;148;140.741;0.0;0.0;0.0;140.741;140.741;0.0;12.0;1688.8920000000003
20;2;149;141.888;0.0;0.0;0.0;141.888;141.888;0.0;12.0;1702.656
20;2;150;153.283;0.0;0.0;0.0;153.283;153.283;0.0;12.0;1839.3959999999997
20;2;151;433.604;0.0;0.0;0.0;433.604;433.604;0.0;12.0;5203.248
20;2;152;457.463;0.0;0.0;0.0;457.463;457.463;0.0;12.0;5489.5560000000005
20;2;153;461.52299999999997;0.0;0.0;0.0;461.523;461.523;0.0;12.0;5538.276
20;2;154;468.812;0.0;0.0;0.0;468.812;468.812;0.0;12.0;5625.744000000001
20;2;155;407.16400000000004;0.0;0.0;0.0;407.164;407.164;0.0;12.0;4885.968
20;2;156;359.367;0.0;0.0;0.0;359.367;359.367;0.0;12.0;4312.404
20;2;157;375.901;0.0;0.0;0.0;375.901;375.901;0.0;12.0;4510.812
20;2;158;381.385;0.0;0.0;0.0;381.385;381.385;0.0;12.0;4576.62
20;2;159;383.759;0.0;0.0;0.0;383.759;383.759;0.0;12.0;4605.108
20;2;160;658.4770000000001;0.0;0.0;0.0;658.477;658.477;0.0;12.0;7901.724
20;2;161;452.306;0.0;0.0;0.0;452.306;452.306;0.0;12.0;5427.672
20;2;162;412.698;0.0;0.0;0.0;412.698;412.698;0.0;12.0;4952.376
20;2;163;435.919;0.0;0.0;0.0;435.919;435.919;0.0;12.0;5231.028
20;2;164;327.206;0.0;0.0;0.0;327.206;327.206;0.0;12.0;3926.472
20;2;165;207.674;0.0;0.0;0.0;207.674;207.674;0.0;12.0;2492.088
20;2;166;253.68599999999998;0.0;0.0;0.0;253.686;253.686;0.0;12.0;3044.232
20;2;167;451.047;0.0;0.0;0.0;451.047;451.047;0.0;12.0;5412.564
20;3;0;139.565;0.0;0.0;0.0;139.565;139.565;0.0;15.0;2093.475
20;3;1;390.88;0.0;0.0;0.0;390.88;390.88;0.0;15.0;5863.2
20;3;2;435.384;0.0;0.0;0.0;435.384;435.384;0.0;15.0;6530.76
20;3;3;442.622;0.0;0.0;0.0;442.622;442.622;0.0;15.0;6639.33
20;3;4;527.064;0.0;0.0;0.0;527.064;527.064;0.0;15.0;7905.959999999999
20;3;5;380.68899999999996;0.0;0.0;0.0;380.689;380.689;0.0;15.0;5710.335
20;3;6;480.278;0.0;0.0;0.0;480.278;480.278;0.0;15.0;7204.17
20;3;7;733.9390000000001;0.0;0.0;0.0;733.939;733.939;0.0;15.0;11009.085
20;3;8;752.469;0.0;0.0;0.0;752.469;752.469;0.0;15.0;11287.035
20;3;9;733.0360000000001;0.0;0.0;0.0;733.036;733.036;0.0;15.0;10995.539999999999
20;3;10;645.671;0.0;0.0;0.0;645.671;645.671;0.0;15.0;9685.065
20;3;11;607.523;0.0;0.0;0.0;607.523;607.523;0.0;15.0;9112.845000000001
20;3;12;539.721;0.0;0.0;0.0;539.721;539.721;0.0;15.0;8095.8150000000005
20;3;13;520.115;0.0;60.27671;0.0;459.83829;520.115;0.0;15.0;7801.725
20;3;14;695.663;0.0;57.02769;0.0;638.63531;695.663;0.0;15.0;10434.945
20;3;15;678.174;0.0;0.0;0.0;678.174;678.174;0.0;15.0;10172.61
20;3;16;834.442;0.0;0.0;0.0;834.442;834.442;0.0;15.0;12516.630000000001
20;3;17;825.0930000000001;0.0;0.0;0.0;825.093;825.093;0.0;15.0;12376.394999999999
20;3;18;790.294;0.0;0.0;0.0;790.294;790.294;0.0;15.0;11854.41
20;3;19;445.809;0.0;0.0;0.0;445.809;445.809;0.0;15.0;6687.135
20;3;20;335.649;0.0;0.0;0.0;335.649;335.649;0.0;15.0;5034.735
20;3;21;219.598;0.0;0.0;0.0;219.598;219.598;0.0;15.0;3293.9700000000003
20;3;22;318.455;0.0;0.0;0.0;318.455;318.455;0.0;15.0;4776.825
20;3;23;556.9490000000001;0.0;0.0;0.0;556.949;556.949;0.0;15.0;8354.234999999999
20;3;24;527.432;0.0;0.0;0.0;527.432;527.432;0.0;15.0;7911.4800000000005
20;3;25;144.777;0.0;0.0;0.0;144.777;144.777;0.0;15.0;2171.6549999999997
20;3;26;449.046;0.0;0.0;0.0;449.046;449.046;0.0;15.0;6735.69
20;3;27;453.23900000000003;0.0;0.0;0.0;453.239;453.239;0.0;15.0;6798.585
20;3;28;459.68399999999997;0.0;0.0;0.0;459.684;459.684;0.0;15.0;6895.26
20;3;29;465.355;0.0;0.0;0.0;465.355;465.355;0.0;15.0;6980.325000000001
20;3;30;484.634;0.0;0.0;0.0;484.634;484.634;0.0;15.0;7269.51
20;3;31;752.845;0.0;0.0;0.0;752.845;752.845;0.0;15.0;11292.675000000001
20;3;32;767.726;0.0;0.0;0.0;767.726;767.726;0.0;15.0;11515.89
20;3;33;740.899;0.0;0.0;0.0;740.899;740.899;0.0;15.0;11113.485
20;3;34;614.645;0.0;0.0;0.0;614.645;614.645;0.0;15.0;9219.675
20;3;35;580.09;0.0;0.0;0.0;580.09;580.09;0.0;15.0;8701.35
20;3;36;548.566;0.0;0.0;0.0;548.566;548.566;0.0;15.0;8228.49
20;3;37;551.268;0.0;0.0;0.0;551.268;551.268;0.0;15.0;8269.02
20;3;38;646.034;0.0;0.0;0.0;646.034;646.034;0.0;15.0;9690.51
20;3;39;704.52;0.0;0.0;0.0;704.52;704.52;0.0;15.0;10567.8
20;3;40;717.325;0.0;0.0;0.0;717.325;717.325;0.0;15.0;10759.875
20;3;41;710.546;0.0;0.0;0.0;710.546;710.546;0.0;15.0;10658.19
20;3;42;680.816;0.0;0.0;0.0;680.816;680.816;0.0;15.0;10212.24
20;3;43;682.924;0.0;0.0;0.0;682.924;682.924;0.0;15.0;10243.86
20;3;44;588.9010000000001;0.0;0.0;0.0;588.901;588.901;0.0;15.0;8833.515
20;3;45;482.43399999999997;0.0;0.0;0.0;482.434;482.434;0.0;15.0;7236.51
20;3;46;461.126;0.0;0.0;0.0;461.126;461.126;0.0;15.0;6916.889999999999
20;3;47;440.98900000000003;0.0;0.0;0.0;440.989;440.989;0.0;15.0;6614.835
20;3;48;208.345;0.0;0.0;0.0;208.345;208.345;0.0;15.0;3125.175
20;3;49;206.47699999999998;0.0;0.0;0.0;206.477;206.477;0.0;15.0;3097.155
20;3;50;205.755;0.0;0.0;0.0;205.755;205.755;0.0;15.0;3086.325
20;3;51;207.893;0.0;0.0;0.0;207.893;207.893;0.0;15.0;3118.395
20;3;52;210.143;0.0;0.0;0.0;210.143;210.143;0.0;15.0;3152.145
20;3;53;210.924;0.0;0.0;0.0;210.924;210.924;0.0;15.0;3163.86
20;3;54;216.608;0.0;0.0;0.0;216.608;216.608;0.0;15.0;3249.12
20;3;55;475.099;0.0;0.0;0.0;475.099;475.099;0.0;15.0;7126.485
20;3;56;511.11699999999996;0.0;0.0;0.0;511.117;511.117;0.0;15.0;7666.755
20;3;57;493.449;0.0;0.0;0.0;493.449;493.449;0.0;15.0;7401.735000000001
20;3;58;473.499;0.0;0.0;0.0;473.499;473.499;0.0;15.0;7102.485000000001
20;3;59;469.038;0.0;0.0;0.0;469.038;469.038;0.0;15.0;7035.57
20;3;60;377.64099999999996;0.0;0.0;0.0;377.641;377.641;0.0;15.0;5664.615000000001
20;3;61;373.173;0.0;0.0;0.0;373.173;373.173;0.0;15.0;5597.595
20;3;62;367.96799999999996;0.0;0.0;0.0;367.968;367.968;0.0;15.0;5519.52
20;3;63;410.715;0.0;0.0;0.0;410.715;410.715;0.0;15.0;6160.724999999999
20;3;64;497.03400000000005;0.0;0.0;0.0;497.034;497.034;0.0;15.0;7455.51
20;3;65;640.0360000000001;0.0;0.0;0.0;640.036;640.036;0.0;15.0;9600.539999999999
20;3;66;766.6869999999999;0.0;0.0;0.0;766.687;766.687;0.0;15.0;11500.305
20;3;67;436.394;0.0;0.0;0.0;436.394;436.394;0.0;15.0;6545.91
20;3;68;343.946;0.0;0.0;0.0;343.946;343.946;0.0;15.0;5159.1900000000005
20;3;69;208.356;0.0;0.0;0.0;208.356;208.356;0.0;15.0;3125.34
20;3;70;208.378;0.0;0.0;0.0;208.378;208.378;0.0;15.0;3125.6699999999996
20;3;71;290.332;0.0;0.0;0.0;290.332;290.332;0.0;15.0;4354.98
20;3;72;252.038;0.0;0.0;0.0;252.038;252.038;0.0;15.0;3780.57
20;3;73;257.123;0.0;0.0;0.0;257.123;257.123;0.0;15.0;3856.845
20;3;74;261.09000000000003;0.0;0.0;0.0;261.09;261.09;0.0;15.0;3916.3499999999995
20;3;75;270.302;0.0;0.0;0.0;270.302;270.302;0.0;15.0;4054.53
20;3;76;268.26800000000003;0.0;0.0;0.0;268.268;268.268;0.0;15.0;4024.0199999999995
20;3;77;273.96000000000004;0.0;0.0;0.0;273.96;273.96;0.0;15.0;4109.4
20;3;78;420.23799999999994;0.0;0.0;0.0;420.238;420.238;0.0;15.0;6303.57
20;3;79;159.384;0.0;0.0;0.0;159.384;159.384;0.0;15.0;2390.7599999999998
20;3;80;324.179;0.0;0.0;0.0;324.179;324.179;0.0;15.0;4862.6849999999995
20;3;81;327.878;0.0;0.0;0.0;327.878;327.878;0.0;15.0;4918.17
20;3;82;340.592;0.0;0.0;0.0;340.592;340.592;0.0;15.0;5108.88
20;3;83;330.969;0.0;0.0;0.0;330.969;330.969;0.0;15.0;4964.535
20;3;84;306.038;0.0;0.0;0.0;306.038;306.038;0.0;15.0;4590.57
20;3;85;400.49;0.0;0.0;0.0;400.49;400.49;0.0;15.0;6007.35
20;3;86;148.424;0.0;0.0;0.0;148.424;148.424;0.0;15.0;2226.36
20;3;87;510.274;0.0;0.0;0.0;510.274;510.274;0.0;15.0;7654.11
20;3;88;544.363;0.0;0.0;0.0;544.363;544.363;0.0;15.0;8165.445000000001
20;3;89;562.767;0.0;0.0;0.0;562.767;562.767;0.0;15.0;8441.505000000001
20;3;90;573.84;0.0;0.0;0.0;573.84;573.84;0.0;15.0;8607.6
20;3;91;216.139;0.0;0.0;0.0;216.139;216.139;0.0;15.0;3242.085
20;3;92;214.291;0.0;0.0;0.0;214.291;214.291;0.0;15.0;3214.365
20;3;93;494.947;0.0;0.0;0.0;494.947;494.947;0.0;15.0;7424.205
20;3;94;580.403;0.0;0.0;0.0;580.403;580.403;0.0;15.0;8706.045
20;3;95;559.347;0.0;0.0;0.0;559.347;559.347;0.0;15.0;8390.205
20;3;96;528.048;0.0;0.0;0.0;528.048;528.048;0.0;15.0;7920.72
20;3;97;536.4689999999999;0.0;0.0;0.0;536.469;536.469;0.0;15.0;8047.035000000001
20;3;98;532.726;0.0;0.0;0.0;532.726;532.726;0.0;15.0;7990.89
20;3;99;532.162;0.0;0.0;0.0;532.162;532.162;0.0;15.0;7982.43
20;3;100;533.0889999999999;0.0;0.0;0.0;533.089;533.089;0.0;15.0;7996.335000000001
20;3;101;528.191;0.0;0.0;0.0;528.191;528.191;0.0;15.0;7922.865000000001
20;3;102;530.276;0.0;0.0;0.0;530.276;530.276;0.0;15.0;7954.139999999999
20;3;103;830.144;0.0;0.0;0.0;830.144;830.144;0.0;15.0;12452.16
20;3;104;855.748;0.0;0.0;0.0;855.748;855.748;0.0;15.0;12836.220000000001
20;3;105;879.702;0.0;0.0;0.0;879.702;879.702;0.0;15.0;13195.53
20;3;106;909.367;0.0;0.0;0.0;909.367;909.367;0.0;15.0;13640.505
20;3;107;885.3340000000001;0.0;0.0;0.0;885.334;885.334;0.0;15.0;13280.009999999998
20;3;108;824.096;0.0;0.0;0.0;824.096;824.096;0.0;15.0;12361.44
20;3;109;791.02;0.0;0.0;0.0;791.02;791.02;0.0;15.0;11865.3
20;3;110;811.712;0.0;0.0;0.0;811.712;811.712;0.0;15.0;12175.68
20;3;111;826.774;0.0;0.0;0.0;826.774;826.774;0.0;15.0;12401.61
20;3;112;801.3019999999999;0.0;0.0;0.0;801.302;801.302;0.0;15.0;12019.53
20;3;113;784.909;0.0;0.0;0.0;784.909;784.909;0.0;15.0;11773.635
20;3;114;745.168;0.0;0.0;0.0;745.168;745.168;0.0;15.0;11177.52
20;3;115;748.367;0.0;0.0;0.0;748.367;748.367;0.0;15.0;11225.505
20;3;116;656.942;0.0;0.0;0.0;656.942;656.942;0.0;15.0;9854.130000000001
20;3;117;531.263;0.0;0.0;0.0;531.263;531.263;0.0;15.0;7968.945000000001
20;3;118;562.087;0.0;0.0;0.0;562.087;562.087;0.0;15.0;8431.305
20;3;119;543.667;0.0;0.0;0.0;543.667;543.667;0.0;15.0;8155.005
20;3;120;507.045;0.0;0.0;0.0;507.045;507.045;0.0;15.0;7605.675
20;3;121;511.903;0.0;0.0;0.0;511.903;511.903;0.0;15.0;7678.545
20;3;122;517.38;0.0;0.0;0.0;517.38;517.38;0.0;15.0;7760.7
20;3;123;524.477;0.0;0.0;0.0;524.477;524.477;0.0;15.0;7867.155
20;3;124;530.981;0.0;0.0;0.0;530.981;530.981;0.0;15.0;7964.715
20;3;125;189.063;0.0;0.0;0.0;189.063;189.063;0.0;15.0;2835.9449999999997
20;3;126;520.4159999999999;0.0;0.0;0.0;520.416;520.416;0.0;15.0;7806.240000000001
20;3;127;772.46;0.0;0.0;0.0;772.46;772.46;0.0;15.0;11586.900000000001
20;3;128;782.706;0.0;0.0;0.0;782.706;782.706;0.0;15.0;11740.59
20;3;129;793.174;0.0;0.0;0.0;793.174;793.174;0.0;15.0;11897.61
20;3;130;728.614;0.0;0.0;0.0;728.614;728.614;0.0;15.0;10929.210000000001
20;3;131;710.321;0.0;0.0;0.0;710.321;710.321;0.0;15.0;10654.815
20;3;132;583.25;0.0;0.0;0.0;583.25;583.25;0.0;15.0;8748.75
20;3;133;581.553;0.0;0.0;0.0;581.553;581.553;0.0;15.0;8723.295
20;3;134;708.083;0.0;0.0;0.0;708.083;708.083;0.0;15.0;10621.244999999999
20;3;135;727.19;0.0;0.0;0.0;727.19;727.19;0.0;15.0;10907.85
20;3;136;863.057;0.0;0.0;0.0;863.057;863.057;0.0;15.0;12945.855
20;3;137;562.448;0.0;0.0;0.0;562.448;562.448;0.0;15.0;8436.72
20;3;138;673.463;0.0;0.0;0.0;673.463;673.463;0.0;15.0;10101.945
20;3;139;811.774;0.0;0.0;0.0;811.774;811.774;0.0;15.0;12176.61
20;3;140;500.51199999999994;0.0;0.0;0.0;500.512;500.512;0.0;15.0;7507.68
20;3;141;521.139;0.0;0.0;0.0;521.139;521.139;0.0;15.0;7817.085
20;3;142;517.105;0.0;0.0;0.0;517.105;517.105;0.0;15.0;7756.575000000001
20;3;143;501.195;0.0;0.0;0.0;501.195;501.195;0.0;15.0;7517.925
20;3;144;525.915;0.0;0.0;0.0;525.915;525.915;0.0;15.0;7888.724999999999
20;3;145;409.461;0.0;0.0;0.0;409.461;409.461;0.0;15.0;6141.915
20;3;146;529.6120000000001;0.0;0.0;0.0;529.612;529.612;0.0;15.0;7944.179999999999
20;3;147;425.866;0.0;0.0;0.0;425.866;425.866;0.0;15.0;6387.99
20;3;148;479.799;0.0;0.0;0.0;479.799;479.799;0.0;15.0;7196.985
20;3;149;485.075;0.0;0.0;0.0;485.075;485.075;0.0;15.0;7276.125
20;3;150;493.87;0.0;0.0;0.0;493.87;493.87;0.0;15.0;7408.05
20;3;151;738.5129999999999;0.0;0.0;0.0;738.513;738.513;0.0;15.0;11077.695
20;3;152;749.0319999999999;0.0;0.0;0.0;749.032;749.032;0.0;15.0;11235.480000000001
20;3;153;706.886;0.0;0.0;0.0;706.886;706.886;0.0;15.0;10603.289999999999
20;3;154;612.831;0.0;0.0;0.0;612.831;612.831;0.0;15.0;9192.465
20;3;155;584.197;0.0;0.0;0.0;584.197;584.197;0.0;15.0;8762.955
20;3;156;616.481;0.0;0.0;0.0;616.481;616.481;0.0;15.0;9247.215
20;3;157;759.2470000000001;0.0;0.0;0.0;759.247;759.247;0.0;15.0;11388.705
20;3;158;471.185;0.0;0.0;0.0;471.185;471.185;0.0;15.0;7067.775
20;3;159;667.111;0.0;0.0;0.0;667.111;667.111;0.0;15.0;10006.664999999999
20;3;160;652.3779999999999;0.0;0.0;0.0;652.378;652.378;0.0;15.0;9785.67
20;3;161;642.688;0.0;0.0;0.0;642.688;642.688;0.0;15.0;9640.32
20;3;162;613.909;0.0;0.0;0.0;613.909;613.909;0.0;15.0;9208.635
20;3;163;615.594;0.0;0.0;0.0;615.594;615.594;0.0;15.0;9233.91
20;3;164;546.2270000000001;0.0;0.0;0.0;546.227;546.227;0.0;15.0;8193.404999999999
20;3;165;461.49199999999996;0.0;0.0;0.0;461.492;461.492;0.0;15.0;6922.38
20;3;166;539.2529999999999;0.0;0.0;0.0;539.253;539.253;0.0;15.0;8088.795000000001
20;3;167;527.322;0.0;0.0;0.0;527.322;527.322;0.0;15.0;7909.83
