Support_Year;Cluster;Timestep;total_demand;to_network;from_network;to_main_grid;from_main_grid;from_grid;to_grid;cluster_weight;from_grid_x_cluster_weight
0;0;0;16.917;0.0;0.0;0.0;16.917;16.917;0.0;6.0;101.50200000000001
0;0;1;136.17600000000002;0.0;0.0;0.0;136.176;136.176;0.0;6.0;817.0559999999999
0;0;2;20.233;0.0;0.0;0.0;20.233;20.233;0.0;6.0;121.398
0;0;3;136.1;0.0;0.0;0.0;136.1;136.1;0.0;6.0;816.5999999999999
0;0;4;136.84900000000002;0.0;0.0;0.0;136.849;136.849;0.0;6.0;821.0939999999999
0;0;5;141.132;0.0;0.0;0.0;141.132;141.132;0.0;6.0;846.792
0;0;6;162.039;0.0;0.0;0.0;162.039;162.039;0.0;6.0;972.2339999999999
0;0;7;196.066;0.0;0.0;0.0;196.066;196.066;0.0;6.0;1176.396
0;0;8;135.133;0.0;0.0;0.0;135.133;135.133;0.0;6.0;810.798
0;0;9;13.162999999999982;0.0;0.0;0.0;13.163;13.163;0.0;6.0;78.97800000000001
0;0;10;7.105427357601002e-15;0.0;0.0;0.0;0.0;0.0;0.0;6.0;0.0
0;0;11;14.418;0.0;0.0;0.0;14.418;14.418;0.0;6.0;86.508
0;0;12;3.291000000000004;0.0;0.0;0.0;3.291;3.291;0.0;6.0;19.746
0;0;13;134.149;0.0;0.0;0.0;134.149;134.149;0.0;6.0;804.894
0;0;14;29.78;0.0;0.0;0.0;29.78;29.78;0.0;6.0;178.68
0;0;15;7.105427357601002e-15;0.0;0.0;0.0;0.0;0.0;0.0;6.0;0.0
0;0;16;39.96;0.0;0.0;0.0;39.96;39.96;0.0;6.0;239.76
0;0;17;149.406;0.0;0.0;0.0;149.406;149.406;0.0;6.0;896.436
0;0;18;218.63700000000003;0.0;0.0;0.0;218.637;218.637;0.0;6.0;1311.8220000000001
0;0;19;73.206;0.0;0.0;0.0;73.206;73.206;0.0;6.0;439.236
0;0;20;227.14600000000002;0.0;0.0;0.0;227.146;227.146;0.0;6.0;1362.876
0;0;21;210.863;0.0;0.0;0.0;210.863;210.863;0.0;6.0;1265.1779999999999
0;0;22;201.902;0.0;0.0;0.0;201.902;201.902;0.0;6.0;1211.4119999999998
0;0;23;196.415;0.0;0.0;0.0;196.415;196.415;0.0;6.0;1178.49
0;0;24;16.85;0.0;0.0;0.0;16.85;16.85;0.0;6.0;101.10000000000001
0;0;25;18.334;0.0;0.0;0.0;18.334;18.334;0.0;6.0;110.00399999999999
0;0;26;138.70999999999998;0.0;0.0;0.0;138.71;138.71;0.0;6.0;832.26
0;0;27;178.161;0.0;0.0;0.0;178.161;178.161;0.0;6.0;1068.966
0;0;28;177.45700000000002;0.0;0.0;0.0;177.457;177.457;0.0;6.0;1064.742
0;0;29;181.892;0.0;0.0;0.0;181.892;181.892;0.0;6.0;1091.3519999999999
0;0;30;79.678;0.0;0.0;0.0;79.678;79.678;0.0;6.0;478.068
0;0;31;216.082;0.0;0.0;0.0;216.082;216.082;0.0;6.0;1296.492
0;0;32;162.415;0.0;0.0;0.0;162.415;162.415;0.0;6.0;974.49
0;0;33;47.43599999999999;0.0;0.0;0.0;47.436;47.436;0.0;6.0;284.616
0;0;34;-7.105427357601002e-15;0.0;0.0;0.0;0.0;0.0;0.0;6.0;0.0
0;0;35;-7.591999999999999;7.592;0.0;0.0;0.0;0.0;7.592;6.0;0.0
0;0;36;0.0;0.0;0.0;0.0;0.0;0.0;0.0;6.0;0.0
0;0;37;-100.84699999999998;100.847;0.0;0.0;0.0;0.0;100.847;6.0;0.0
0;0;38;-142.93599999999998;142.936;0.0;0.0;0.0;0.0;142.936;6.0;0.0
0;0;39;-76.172;76.172;0.0;0.0;0.0;0.0;76.172;6.0;0.0
0;0;40;49.43999999999999;0.0;0.0;0.0;49.44;49.44;0.0;6.0;296.64
0;0;41;154.774;0.0;0.0;0.0;154.774;154.774;0.0;6.0;928.644
0;0;42;205.78599999999997;0.0;0.0;0.0;205.786;205.786;0.0;6.0;1234.716
0;0;43;221.38;0.0;0.0;0.0;221.38;221.38;0.0;6.0;1328.28
0;0;44;220.877;0.0;0.0;0.0;220.877;220.877;0.0;6.0;1325.2620000000002
0;0;45;87.676;0.0;0.0;0.0;87.676;87.676;0.0;6.0;526.056
0;0;46;218.23399999999998;0.0;0.0;0.0;218.234;218.234;0.0;6.0;1309.404
0;0;47;46.733;0.0;0.0;0.0;46.733;46.733;0.0;6.0;280.39799999999997
0;0;48;17.282;0.0;0.0;0.0;17.282;17.282;0.0;6.0;103.69200000000001
0;0;49;19.915;0.0;0.0;0.0;19.915;19.915;0.0;6.0;119.49
0;0;50;19.197;0.0;0.0;0.0;19.197;19.197;0.0;6.0;115.18199999999999
0;0;51;18.749;0.0;0.0;0.0;18.749;18.749;0.0;6.0;112.494
0;0;52;19.09;0.0;0.0;0.0;19.09;19.09;0.0;6.0;114.53999999999999
0;0;53;122.69;0.0;0.0;0.0;122.69;122.69;0.0;6.0;736.14
0;0;54;129.216;0.0;0.0;0.0;129.216;129.216;0.0;6.0;775.296
0;0;55;191.041;0.0;0.0;0.0;191.041;191.041;0.0;6.0;1146.246
0;0;56;159.072;0.0;0.0;0.0;159.072;159.072;0.0;6.0;954.432
0;0;57;78.791;0.0;0.0;0.0;78.791;78.791;0.0;6.0;472.746
0;0;58;6.284999999999997;0.0;0.0;0.0;6.285;6.285;0.0;6.0;37.71
0;0;59;-4.0760000000000005;4.076;0.0;0.0;0.0;0.0;4.076;6.0;0.0
0;0;60;85.28;0.0;0.0;0.0;85.28;85.28;0.0;6.0;511.68
0;0;61;33.916999999999994;0.0;0.0;0.0;33.917;33.917;0.0;6.0;203.502
0;0;62;14.378;0.0;0.0;0.0;14.378;14.378;0.0;6.0;86.268
0;0;63;-3.5590000000000046;3.559;0.0;0.0;0.0;0.0;3.559;6.0;0.0
0;0;64;-8.533999999999992;8.534;0.0;0.0;0.0;0.0;8.534;6.0;0.0
0;0;65;34.924;0.0;0.0;0.0;34.924;34.924;0.0;6.0;209.54399999999998
0;0;66;83.52;0.0;0.0;0.0;83.52;83.52;0.0;6.0;501.12
0;0;67;229.474;0.0;0.0;0.0;229.474;229.474;0.0;6.0;1376.844
0;0;68;204.29700000000003;0.0;0.0;0.0;204.297;204.297;0.0;6.0;1225.782
0;0;69;210.473;0.0;0.0;0.0;210.473;210.473;0.0;6.0;1262.8380000000002
0;0;70;192.92399999999998;0.0;0.0;0.0;192.924;192.924;0.0;6.0;1157.544
0;0;71;185.433;0.0;0.0;0.0;185.433;185.433;0.0;6.0;1112.598
0;0;72;16.68;0.0;0.0;0.0;16.68;16.68;0.0;6.0;100.08
0;0;73;18.497;0.0;0.0;0.0;18.497;18.497;0.0;6.0;110.982
0;0;74;18.753;0.0;0.0;0.0;18.753;18.753;0.0;6.0;112.518
0;0;75;19.291;0.0;0.0;0.0;19.291;19.291;0.0;6.0;115.74600000000001
0;0;76;74.797;0.0;0.0;0.0;74.797;74.797;0.0;6.0;448.782
0;0;77;19.385;0.0;0.0;0.0;19.385;19.385;0.0;6.0;116.31
0;0;78;128.015;0.0;0.0;0.0;128.015;128.015;0.0;6.0;768.0899999999999
0;0;79;183.676;0.0;0.0;0.0;183.676;183.676;0.0;6.0;1102.056
0;0;80;145.079;0.0;0.0;0.0;145.079;145.079;0.0;6.0;870.474
0;0;81;132.274;0.0;0.0;0.0;132.274;132.274;0.0;6.0;793.644
0;0;82;135.22699999999998;0.0;0.0;0.0;135.227;135.227;0.0;6.0;811.3620000000001
0;0;83;129.038;0.0;0.0;0.0;129.038;129.038;0.0;6.0;774.2280000000001
0;0;84;100.48499999999999;0.0;0.0;0.0;100.485;100.485;0.0;6.0;602.91
0;0;85;106.06;0.0;0.0;0.0;106.06;106.06;0.0;6.0;636.36
0;0;86;152.198;0.0;0.0;0.0;152.198;152.198;0.0;6.0;913.1880000000001
0;0;87;105.16200000000002;0.0;0.0;0.0;105.162;105.162;0.0;6.0;630.972
0;0;88;143.24300000000002;0.0;0.0;0.0;143.243;143.243;0.0;6.0;859.458
0;0;89;123.15;0.0;0.0;0.0;123.15;123.15;0.0;6.0;738.9000000000001
0;0;90;209.722;0.0;0.0;0.0;209.722;209.722;0.0;6.0;1258.332
0;0;91;230.447;0.0;0.0;0.0;230.447;230.447;0.0;6.0;1382.682
0;0;92;251.157;0.0;0.0;0.0;251.157;251.157;0.0;6.0;1506.942
0;0;93;234.035;0.0;0.0;0.0;234.035;234.035;0.0;6.0;1404.21
0;0;94;234.768;0.0;0.0;0.0;234.768;234.768;0.0;6.0;1408.608
0;0;95;214.636;0.0;0.0;0.0;214.636;214.636;0.0;6.0;1287.816
0;0;96;185.516;0.0;0.0;0.0;185.516;185.516;0.0;6.0;1113.096
0;0;97;194.195;0.0;0.0;0.0;194.195;194.195;0.0;6.0;1165.17
0;0;98;188.964;0.0;0.0;0.0;188.964;188.964;0.0;6.0;1133.784
0;0;99;190.601;0.0;0.0;0.0;190.601;190.601;0.0;6.0;1143.606
0;0;100;191.253;0.0;0.0;0.0;191.253;191.253;0.0;6.0;1147.518
0;0;101;191.46699999999998;0.0;0.0;0.0;191.467;191.467;0.0;6.0;1148.8020000000001
0;0;102;191.53199999999998;0.0;0.0;0.0;191.532;191.532;0.0;6.0;1149.192
0;0;103;229.53699999999998;0.0;0.0;0.0;229.537;229.537;0.0;6.0;1377.222
0;0;104;202.589;0.0;0.0;0.0;202.589;202.589;0.0;6.0;1215.534
0;0;105;130.89399999999998;0.0;0.0;0.0;130.894;130.894;0.0;6.0;785.364
0;0;106;144.999;0.0;0.0;0.0;144.999;144.999;0.0;6.0;869.9939999999999
0;0;107;169.007;0.0;0.0;0.0;169.007;169.007;0.0;6.0;1014.042
0;0;108;162.441;0.0;0.0;0.0;162.441;162.441;0.0;6.0;974.646
0;0;109;166.912;0.0;0.0;0.0;166.912;166.912;0.0;6.0;1001.472
0;0;110;23.240000000000002;0.0;0.0;0.0;23.24;23.24;0.0;6.0;139.44
0;0;111;38.306000000000004;0.0;0.0;0.0;38.306;38.306;0.0;6.0;229.83599999999998
0;0;112;201.623;0.0;0.0;0.0;201.623;201.623;0.0;6.0;1209.7379999999998
0;0;113;214.952;0.0;0.0;0.0;214.952;214.952;0.0;6.0;1289.712
0;0;114;238.88299999999998;0.0;0.0;0.0;238.883;238.883;0.0;6.0;1433.298
0;0;115;252.262;0.0;0.0;0.0;252.262;252.262;0.0;6.0;1513.5720000000001
0;0;116;254.641;0.0;0.0;0.0;254.641;254.641;0.0;6.0;1527.846
0;0;117;246.149;0.0;0.0;0.0;246.149;246.149;0.0;6.0;1476.894
0;0;118;239.06099999999998;0.0;0.0;0.0;239.061;239.061;0.0;6.0;1434.366
0;0;119;212.68599999999998;0.0;0.0;0.0;212.686;212.686;0.0;6.0;1276.116
0;0;120;192.33499999999998;0.0;0.0;0.0;192.335;192.335;0.0;6.0;1154.01
0;0;121;194.34199999999998;0.0;0.0;0.0;194.342;194.342;0.0;6.0;1166.0520000000001
0;0;122;191.86499999999998;0.0;0.0;0.0;191.865;191.865;0.0;6.0;1151.19
0;0;123;193.477;0.0;0.0;0.0;193.477;193.477;0.0;6.0;1160.862
0;0;124;192.162;0.0;0.0;0.0;192.162;192.162;0.0;6.0;1152.972
0;0;125;192.957;0.0;0.0;0.0;192.957;192.957;0.0;6.0;1157.742
0;0;126;195.221;0.0;0.0;0.0;195.221;195.221;0.0;6.0;1171.326
0;0;127;235.028;0.0;0.0;0.0;235.028;235.028;0.0;6.0;1410.168
0;0;128;199.13799999999998;0.0;0.0;0.0;199.138;199.138;0.0;6.0;1194.828
0;0;129;82.13999999999999;0.0;0.0;0.0;82.14;82.14;0.0;6.0;492.84000000000003
0;0;130;82.80199999999998;0.0;0.0;0.0;82.802;82.802;0.0;6.0;496.812
0;0;131;156.051;0.0;0.0;0.0;156.051;156.051;0.0;6.0;936.3059999999999
0;0;132;178.237;0.0;0.0;0.0;178.237;178.237;0.0;6.0;1069.422
0;0;133;151.959;0.0;0.0;0.0;151.959;151.959;0.0;6.0;911.754
0;0;134;158.851;0.0;0.0;0.0;158.851;158.851;0.0;6.0;953.106
0;0;135;81.315;0.0;0.0;0.0;81.315;81.315;0.0;6.0;487.89
0;0;136;103.399;0.0;0.0;0.0;103.399;103.399;0.0;6.0;620.394
0;0;137;112.286;0.0;0.0;0.0;112.286;112.286;0.0;6.0;673.716
0;0;138;242.742;0.0;0.0;0.0;242.742;242.742;0.0;6.0;1456.452
0;0;139;239.45299999999997;0.0;0.0;0.0;239.453;239.453;0.0;6.0;1436.718
0;0;140;244.09499999999997;0.0;0.0;0.0;244.095;244.095;0.0;6.0;1464.57
0;0;141;230.402;0.0;0.0;0.0;230.402;230.402;0.0;6.0;1382.4119999999998
0;0;142;247.128;0.0;0.0;0.0;247.128;247.128;0.0;6.0;1482.768
0;0;143;217.28699999999998;0.0;0.0;0.0;217.287;217.287;0.0;6.0;1303.722
0;0;144;193.743;0.0;0.0;0.0;193.743;193.743;0.0;6.0;1162.458
0;0;145;201.257;0.0;0.0;0.0;201.257;201.257;0.0;6.0;1207.542
0;0;146;199.135;0.0;0.0;0.0;199.135;199.135;0.0;6.0;1194.81
0;0;147;202.197;0.0;0.0;0.0;202.197;202.197;0.0;6.0;1213.182
0;0;148;203.421;0.0;0.0;0.0;203.421;203.421;0.0;6.0;1220.5259999999998
0;0;149;204.558;0.0;0.0;0.0;204.558;204.558;0.0;6.0;1227.348
0;0;150;211.047;0.0;0.0;0.0;211.047;211.047;0.0;6.0;1266.282
0;0;151;320.483;0.0;0.0;0.0;320.483;320.483;0.0;6.0;1922.8980000000001
0;0;152;273.549;0.0;0.0;0.0;273.549;273.549;0.0;6.0;1641.2939999999999
0;0;153;90.445;0.0;0.0;0.0;90.445;90.445;0.0;6.0;542.67
0;0;154;0.0;0.0;0.0;0.0;0.0;0.0;0.0;6.0;0.0
0;0;155;13.554999999999993;0.0;0.0;0.0;13.555;13.555;0.0;6.0;81.33
0;0;156;-1.4210854715202004e-14;0.0;0.0;0.0;0.0;0.0;0.0;6.0;0.0
0;0;157;85.96199999999999;0.0;0.0;0.0;85.962;85.962;0.0;6.0;515.772
0;0;158;179.52399999999997;0.0;0.0;0.0;179.524;179.524;0.0;6.0;1077.144
0;0;159;131.54299999999998;0.0;0.0;0.0;131.543;131.543;0.0;6.0;789.258
0;0;160;89.78799999999998;0.0;0.0;0.0;89.788;89.788;0.0;6.0;538.728
0;0;161;155.558;0.0;0.0;0.0;155.558;155.558;0.0;6.0;933.348
0;0;162;229.027;0.0;0.0;0.0;229.027;229.027;0.0;6.0;1374.1619999999998
0;0;163;256.471;0.0;0.0;0.0;256.471;256.471;0.0;6.0;1538.826
0;0;164;259.635;0.0;0.0;0.0;259.635;259.635;0.0;6.0;1557.81
0;0;165;444.78700000000003;0.0;0.0;0.0;444.787;444.787;0.0;6.0;2668.7219999999998
0;0;166;608.037;0.0;0.0;0.0;608.037;608.037;0.0;6.0;3648.222
0;0;167;592.2460000000001;0.0;0.0;0.0;592.246;592.246;0.0;6.0;3553.4759999999997
0;1;0;16.763;0.0;0.0;0.0;16.763;16.763;0.0;20.0;335.26000000000005
0;1;1;17.892;0.0;0.0;0.0;17.892;17.892;0.0;20.0;357.84
0;1;2;18.353;0.0;0.0;0.0;18.353;18.353;0.0;20.0;367.06000000000006
0;1;3;19.991;0.0;0.0;0.0;19.991;19.991;0.0;20.0;399.82
0;1;4;21.049;0.0;0.0;0.0;21.049;21.049;0.0;20.0;420.98
0;1;5;19.563;0.0;0.0;0.0;19.563;19.563;0.0;20.0;391.26
0;1;6;21.012;0.0;0.0;0.0;21.012;21.012;0.0;20.0;420.24
0;1;7;-15.193999999999996;15.194;0.0;0.0;0.0;0.0;15.194;20.0;0.0
0;1;8;-94.96799999999999;94.968;0.0;0.0;0.0;0.0;94.968;20.0;0.0
0;1;9;-203.44400000000002;203.444;0.0;0.0;0.0;0.0;203.444;20.0;0.0
0;1;10;-296.13899999999995;296.139;0.0;0.0;0.0;0.0;296.139;20.0;0.0
0;1;11;-351.091;351.091;0.0;0.0;0.0;0.0;351.091;20.0;0.0
0;1;12;-390.086;361.91;0.0;28.176;0.0;0.0;390.086;20.0;0.0
0;1;13;-437.93100000000004;376.358;0.0;61.573;0.0;0.0;437.931;20.0;0.0
0;1;14;-347.302;347.302;0.0;0.0;0.0;0.0;347.302;20.0;0.0
0;1;15;-226.36900000000003;226.369;0.0;0.0;0.0;0.0;226.369;20.0;0.0
0;1;16;-128.805;128.805;0.0;0.0;0.0;0.0;128.805;20.0;0.0
0;1;17;-59.019999999999996;59.02;0.0;0.0;0.0;0.0;59.02;20.0;0.0
0;1;18;4.0589999999999975;0.0;0.0;0.0;4.059;4.059;0.0;20.0;81.18
0;1;19;71.641;0.0;0.0;0.0;71.641;71.641;0.0;20.0;1432.8200000000002
0;1;20;73.7;0.0;0.0;0.0;73.7;73.7;0.0;20.0;1474.0
0;1;21;70.329;0.0;0.0;0.0;70.329;70.329;0.0;20.0;1406.58
0;1;22;58.006;0.0;0.0;0.0;58.006;58.006;0.0;20.0;1160.12
0;1;23;41.519;0.0;0.0;0.0;41.519;41.519;0.0;20.0;830.38
0;1;24;17.033;0.0;0.0;0.0;17.033;17.033;0.0;20.0;340.66
0;1;25;22.962;0.0;0.0;0.0;22.962;22.962;0.0;20.0;459.24
0;1;26;19.109;0.0;0.0;0.0;19.109;19.109;0.0;20.0;382.18000000000006
0;1;27;19.443;0.0;0.0;0.0;19.443;19.443;0.0;20.0;388.86
0;1;28;18.48;0.0;0.0;0.0;18.48;18.48;0.0;20.0;369.6
0;1;29;20.301;0.0;0.0;0.0;20.301;20.301;0.0;20.0;406.02
0;1;30;20.95;0.0;0.0;0.0;20.95;20.95;0.0;20.0;419.0
0;1;31;-1.3059999999999974;1.306;0.0;0.0;0.0;0.0;1.306;20.0;0.0
0;1;32;-89.52499999999998;89.525;0.0;0.0;0.0;0.0;89.525;20.0;0.0
0;1;33;-197.422;197.422;0.0;0.0;0.0;0.0;197.422;20.0;0.0
0;1;34;-273.38699999999994;273.387;0.0;0.0;0.0;0.0;273.387;20.0;0.0
0;1;35;-351.367;351.367;0.0;0.0;0.0;0.0;351.367;20.0;0.0
0;1;36;-436.83799999999997;363.974;0.0;72.864;0.0;0.0;436.838;20.0;0.0
0;1;37;-439.79299999999995;368.805;0.0;70.988;0.0;0.0;439.793;20.0;0.0
0;1;38;-409.63699999999994;400.224;0.0;9.413;0.0;0.0;409.637;20.0;0.0
0;1;39;-340.75699999999995;340.757;0.0;0.0;0.0;0.0;340.757;20.0;0.0
0;1;40;-238.29699999999997;238.297;0.0;0.0;0.0;0.0;238.297;20.0;0.0
0;1;41;-47.176000000000016;47.176;0.0;0.0;0.0;0.0;47.176;20.0;0.0
0;1;42;-18.083999999999996;18.084;0.0;0.0;0.0;0.0;18.084;20.0;0.0
0;1;43;57.87599999999999;0.0;0.0;0.0;57.876;57.876;0.0;20.0;1157.52
0;1;44;77.275;0.0;0.0;0.0;77.275;77.275;0.0;20.0;1545.5
0;1;45;65.547;0.0;0.0;0.0;65.547;65.547;0.0;20.0;1310.94
0;1;46;56.193;0.0;0.0;0.0;56.193;56.193;0.0;20.0;1123.86
0;1;47;56.054;0.0;0.0;0.0;56.054;56.054;0.0;20.0;1121.08
0;1;48;17.665;0.0;0.0;0.0;17.665;17.665;0.0;20.0;353.29999999999995
0;1;49;19.433;0.0;0.0;0.0;19.433;19.433;0.0;20.0;388.65999999999997
0;1;50;18.81;0.0;0.0;0.0;18.81;18.81;0.0;20.0;376.2
0;1;51;18.246;0.0;0.0;0.0;18.246;18.246;0.0;20.0;364.91999999999996
0;1;52;22.32;0.0;0.0;0.0;22.32;22.32;0.0;20.0;446.4
0;1;53;19.955;0.0;0.0;0.0;19.955;19.955;0.0;20.0;399.09999999999997
0;1;54;22.009999999999998;0.0;0.0;0.0;22.01;22.01;0.0;20.0;440.20000000000005
0;1;55;18.981999999999996;0.0;0.0;0.0;18.982;18.982;0.0;20.0;379.64
0;1;56;-74.325;74.325;0.0;0.0;0.0;0.0;74.325;20.0;0.0
0;1;57;-184.299;184.299;0.0;0.0;0.0;0.0;184.299;20.0;0.0
0;1;58;-275.535;275.535;0.0;0.0;0.0;0.0;275.535;20.0;0.0
0;1;59;-343.079;339.155;0.0;3.924;0.0;0.0;343.079;20.0;0.0
0;1;60;-399.879;339.56;0.0;60.319;0.0;0.0;399.879;20.0;0.0
0;1;61;-352.79200000000003;339.772;0.0;13.02;0.0;0.0;352.792;20.0;0.0
0;1;62;-207.674;207.674;0.0;0.0;0.0;0.0;207.674;20.0;0.0
0;1;63;0.0010000000000047748;0.0;0.0;0.0;0.001;0.001;0.0;20.0;0.02
0;1;64;-113.72900000000001;113.729;0.0;0.0;0.0;0.0;113.729;20.0;0.0
0;1;65;-89.578;89.578;0.0;0.0;0.0;0.0;89.578;20.0;0.0
0;1;66;1.3220000000000027;0.0;0.0;0.0;1.322;1.322;0.0;20.0;26.44
0;1;67;53.818;0.0;0.0;0.0;53.818;53.818;0.0;20.0;1076.36
0;1;68;77.337;0.0;0.0;0.0;77.337;77.337;0.0;20.0;1546.74
0;1;69;64.027;0.0;0.0;0.0;64.027;64.027;0.0;20.0;1280.54
0;1;70;58.409;0.0;0.0;0.0;58.409;58.409;0.0;20.0;1168.18
0;1;71;39.712;0.0;0.0;0.0;39.712;39.712;0.0;20.0;794.24
0;1;72;17.553;0.0;0.0;0.0;17.553;17.553;0.0;20.0;351.06
0;1;73;19.72;0.0;0.0;0.0;19.72;19.72;0.0;20.0;394.4
0;1;74;19.438;0.0;0.0;0.0;19.438;19.438;0.0;20.0;388.76
0;1;75;18.504;0.0;0.0;0.0;18.504;18.504;0.0;20.0;370.08000000000004
0;1;76;18.562;0.0;0.0;0.0;18.562;18.562;0.0;20.0;371.24
0;1;77;23.894;0.0;0.0;0.0;23.894;23.894;0.0;20.0;477.88
0;1;78;18.954;0.0;0.0;0.0;18.954;18.954;0.0;20.0;379.08000000000004
0;1;79;-11.238;11.238;0.0;0.0;0.0;0.0;11.238;20.0;0.0
0;1;80;-108.717;108.717;0.0;0.0;0.0;0.0;108.717;20.0;0.0
0;1;81;-227.00700000000003;199.574;0.0;27.433;0.0;0.0;227.007;20.0;0.0
0;1;82;-330.529;205.684;0.0;124.845;0.0;0.0;330.529;20.0;0.0
0;1;83;-406.91599999999994;198.122;0.0;208.794;0.0;0.0;406.916;20.0;0.0
0;1;84;-442.889;192.354;0.0;250.535;0.0;0.0;442.889;20.0;0.0
0;1;85;-402.758;191.325;0.0;211.433;0.0;0.0;402.758;20.0;0.0
0;1;86;-349.925;196.233;0.0;153.692;0.0;0.0;349.925;20.0;0.0
0;1;87;-267.78700000000003;267.787;0.0;0.0;0.0;0.0;267.787;20.0;0.0
0;1;88;-158.859;158.859;0.0;0.0;0.0;0.0;158.859;20.0;0.0
0;1;89;-74.268;74.268;0.0;0.0;0.0;0.0;74.268;20.0;0.0
0;1;90;-19.570999999999998;19.571;0.0;0.0;0.0;0.0;19.571;20.0;0.0
0;1;91;57.779;0.0;0.0;0.0;57.779;57.779;0.0;20.0;1155.5800000000002
0;1;92;67.966;0.0;0.0;0.0;67.966;67.966;0.0;20.0;1359.32
0;1;93;64.396;0.0;0.0;0.0;64.396;64.396;0.0;20.0;1287.92
0;1;94;58.339;0.0;0.0;0.0;58.339;58.339;0.0;20.0;1166.78
0;1;95;49.996;0.0;0.0;0.0;49.996;49.996;0.0;20.0;999.9200000000001
0;1;96;16.783;0.0;0.0;0.0;16.783;16.783;0.0;20.0;335.66
0;1;97;18.711;0.0;0.0;0.0;18.711;18.711;0.0;20.0;374.21999999999997
0;1;98;22.833;0.0;0.0;0.0;22.833;22.833;0.0;20.0;456.65999999999997
0;1;99;19.229;0.0;0.0;0.0;19.229;19.229;0.0;20.0;384.58
0;1;100;18.228;0.0;0.0;0.0;18.228;18.228;0.0;20.0;364.56000000000006
0;1;101;19.633;0.0;0.0;0.0;19.633;19.633;0.0;20.0;392.65999999999997
0;1;102;17.152;0.0;0.0;0.0;17.152;17.152;0.0;20.0;343.04
0;1;103;-6.4310000000000045;6.431;0.0;0.0;0.0;0.0;6.431;20.0;0.0
0;1;104;-56.571999999999996;56.572;0.0;0.0;0.0;0.0;56.572;20.0;0.0
0;1;105;-70.19;70.19;0.0;0.0;0.0;0.0;70.19;20.0;0.0
0;1;106;-211.009;211.009;0.0;0.0;0.0;0.0;211.009;20.0;0.0
0;1;107;-390.303;390.303;0.0;0.0;0.0;0.0;390.303;20.0;0.0
0;1;108;-449.57;404.139;0.0;45.431;0.0;0.0;449.57;20.0;0.0
0;1;109;-354.539;354.539;0.0;0.0;0.0;0.0;354.539;20.0;0.0
0;1;110;-148.52300000000002;148.523;0.0;0.0;0.0;0.0;148.523;20.0;0.0
0;1;111;-116.344;116.344;0.0;0.0;0.0;0.0;116.344;20.0;0.0
0;1;112;-87.38;87.38;0.0;0.0;0.0;0.0;87.38;20.0;0.0
0;1;113;0.0;0.0;0.0;0.0;0.0;0.0;0.0;20.0;0.0
0;1;114;-12.155000000000001;12.155;0.0;0.0;0.0;0.0;12.155;20.0;0.0
0;1;115;63.613;0.0;0.0;0.0;63.613;63.613;0.0;20.0;1272.26
0;1;116;71.854;0.0;0.0;0.0;71.854;71.854;0.0;20.0;1437.08
0;1;117;59.689;0.0;0.0;0.0;59.689;59.689;0.0;20.0;1193.78
0;1;118;53.321;0.0;0.0;0.0;53.321;53.321;0.0;20.0;1066.42
0;1;119;35.648;0.0;0.0;0.0;35.648;35.648;0.0;20.0;712.96
0;1;120;16.989;0.0;0.0;0.0;16.989;16.989;0.0;20.0;339.78000000000003
0;1;121;20.609;0.0;0.0;0.0;20.609;20.609;0.0;20.0;412.18000000000006
0;1;122;18.532;0.0;0.0;0.0;18.532;18.532;0.0;20.0;370.64
0;1;123;18.088;0.0;0.0;0.0;18.088;18.088;0.0;20.0;361.76
0;1;124;19.257;0.0;0.0;0.0;19.257;19.257;0.0;20.0;385.14000000000004
0;1;125;19.214;0.0;0.0;0.0;19.214;19.214;0.0;20.0;384.28
0;1;126;19.073;0.0;0.0;0.0;19.073;19.073;0.0;20.0;381.46000000000004
0;1;127;18.511000000000003;0.0;0.0;0.0;18.511;18.511;0.0;20.0;370.21999999999997
0;1;128;-85.86099999999999;85.861;0.0;0.0;0.0;0.0;85.861;20.0;0.0
0;1;129;-208.13899999999995;208.139;0.0;0.0;0.0;0.0;208.139;20.0;0.0
0;1;130;-307.78000000000003;307.78;0.0;0.0;0.0;0.0;307.78;20.0;0.0
0;1;131;-379.90500000000003;379.905;0.0;0.0;0.0;0.0;379.905;20.0;0.0
0;1;132;-414.13100000000003;384.856;0.0;29.275;0.0;0.0;414.131;20.0;0.0
0;1;133;-384.397;384.397;0.0;0.0;0.0;0.0;384.397;20.0;0.0
0;1;134;-305.45799999999997;305.458;0.0;0.0;0.0;0.0;305.458;20.0;0.0
0;1;135;-205.872;205.872;0.0;0.0;0.0;0.0;205.872;20.0;0.0
0;1;136;-150.63;150.63;0.0;0.0;0.0;0.0;150.63;20.0;0.0
0;1;137;-48.537;48.537;0.0;0.0;0.0;0.0;48.537;20.0;0.0
0;1;138;-7.375000000000007;7.375;0.0;0.0;0.0;0.0;7.375;20.0;0.0
0;1;139;63.101;0.0;0.0;0.0;63.101;63.101;0.0;20.0;1262.02
0;1;140;65.642;0.0;0.0;0.0;65.642;65.642;0.0;20.0;1312.84
0;1;141;62.976;0.0;0.0;0.0;62.976;62.976;0.0;20.0;1259.52
0;1;142;52.098;0.0;0.0;0.0;52.098;52.098;0.0;20.0;1041.96
0;1;143;62.957;0.0;0.0;0.0;62.957;62.957;0.0;20.0;1259.14
0;1;144;17.761;0.0;0.0;0.0;17.761;17.761;0.0;20.0;355.21999999999997
0;1;145;18.734;0.0;0.0;0.0;18.734;18.734;0.0;20.0;374.68000000000006
0;1;146;18.328;0.0;0.0;0.0;18.328;18.328;0.0;20.0;366.56
0;1;147;18.938;0.0;0.0;0.0;18.938;18.938;0.0;20.0;378.76
0;1;148;21.383;0.0;0.0;0.0;21.383;21.383;0.0;20.0;427.65999999999997
0;1;149;19.675;0.0;0.0;0.0;19.675;19.675;0.0;20.0;393.5
0;1;150;20.81;0.0;0.0;0.0;20.81;20.81;0.0;20.0;416.2
0;1;151;0.0;0.0;0.0;0.0;0.0;0.0;0.0;20.0;0.0
0;1;152;-84.923;84.923;0.0;0.0;0.0;0.0;84.923;20.0;0.0
0;1;153;-210.53800000000004;210.538;0.0;0.0;0.0;0.0;210.538;20.0;0.0
0;1;154;-312.813;312.813;0.0;0.0;0.0;0.0;312.813;20.0;0.0
0;1;155;-388.898;388.898;0.0;0.0;0.0;0.0;388.898;20.0;0.0
0;1;156;-432.469;387.427;0.0;45.042;0.0;0.0;432.469;20.0;0.0
0;1;157;-425.91299999999995;388.635;0.0;37.278;0.0;0.0;425.913;20.0;0.0
0;1;158;-297.88;297.88;0.0;0.0;0.0;0.0;297.88;20.0;0.0
0;1;159;-184.05599999999998;184.056;0.0;0.0;0.0;0.0;184.056;20.0;0.0
0;1;160;-185.493;185.493;0.0;0.0;0.0;0.0;185.493;20.0;0.0
0;1;161;-37.364000000000004;37.364;0.0;0.0;0.0;0.0;37.364;20.0;0.0
0;1;162;-26.747999999999998;26.748;0.0;0.0;0.0;0.0;26.748;20.0;0.0
0;1;163;66.815;0.0;0.0;0.0;66.815;66.815;0.0;20.0;1336.3
0;1;164;76.092;0.0;0.0;0.0;76.092;76.092;0.0;20.0;1521.84
0;1;165;68.057;0.0;0.0;0.0;68.057;68.057;0.0;20.0;1361.14
0;1;166;69.299;0.0;0.0;0.0;69.299;69.299;0.0;20.0;1385.98
0;1;167;42.765;0.0;0.0;0.0;42.765;42.765;0.0;20.0;855.3
0;2;0;165.62599999999998;0.0;0.0;0.0;165.626;165.626;0.0;11.0;1821.886
0;2;1;177.661;0.0;0.0;0.0;177.661;177.661;0.0;11.0;1954.271
0;2;2;172.442;0.0;0.0;0.0;172.442;172.442;0.0;11.0;1896.862
0;2;3;18.823;0.0;0.0;0.0;18.823;18.823;0.0;11.0;207.053
0;2;4;19.18;0.0;0.0;0.0;19.18;19.18;0.0;11.0;210.98
0;2;5;138.751;0.0;0.0;0.0;138.751;138.751;0.0;11.0;1526.261
0;2;6;21.88;0.0;0.0;0.0;21.88;21.88;0.0;11.0;240.67999999999998
0;2;7;154.566;0.0;0.0;0.0;154.566;154.566;0.0;11.0;1700.226
0;2;8;2.904999999999987;0.0;0.0;0.0;2.905;2.905;0.0;11.0;31.955
0;2;9;-154.091;154.091;0.0;0.0;0.0;0.0;154.091;11.0;0.0
0;2;10;-264.572;264.572;0.0;0.0;0.0;0.0;264.572;11.0;0.0
0;2;11;-355.688;355.688;0.0;0.0;0.0;0.0;355.688;11.0;0.0
0;2;12;-399.086;399.086;0.0;0.0;0.0;0.0;399.086;11.0;0.0
0;2;13;-257.377;257.377;0.0;0.0;0.0;0.0;257.377;11.0;0.0
0;2;14;-101.54700000000003;101.547;0.0;0.0;0.0;0.0;101.547;11.0;0.0
0;2;15;-37.86100000000002;37.861;0.0;0.0;0.0;0.0;37.861;11.0;0.0
0;2;16;-36.058;36.058;0.0;0.0;0.0;0.0;36.058;11.0;0.0
0;2;17;-7.105427357601002e-15;0.0;0.0;0.0;0.0;0.0;0.0;11.0;0.0
0;2;18;69.305;0.0;0.0;0.0;69.305;69.305;0.0;11.0;762.355
0;2;19;102.755;0.0;0.0;0.0;102.755;102.755;0.0;11.0;1130.3049999999998
0;2;20;119.44;0.0;0.0;0.0;119.44;119.44;0.0;11.0;1313.84
0;2;21;109.957;0.0;0.0;0.0;109.957;109.957;0.0;11.0;1209.527
0;2;22;117.20599999999999;0.0;0.0;0.0;117.206;117.206;0.0;11.0;1289.266
0;2;23;117.882;0.0;0.0;0.0;117.882;117.882;0.0;11.0;1296.702
0;2;24;89.291;0.0;0.0;0.0;89.291;89.291;0.0;11.0;982.201
0;2;25;19.219;0.0;0.0;0.0;19.219;19.219;0.0;11.0;211.40900000000002
0;2;26;18.695;0.0;0.0;0.0;18.695;18.695;0.0;11.0;205.645
0;2;27;18.878;0.0;0.0;0.0;18.878;18.878;0.0;11.0;207.65800000000002
0;2;28;18.35;0.0;0.0;0.0;18.35;18.35;0.0;11.0;201.85000000000002
0;2;29;22.177;0.0;0.0;0.0;22.177;22.177;0.0;11.0;243.947
0;2;30;61.4;0.0;0.0;0.0;61.4;61.4;0.0;11.0;675.4
0;2;31;131.268;0.0;0.0;0.0;131.268;131.268;0.0;11.0;1443.948
0;2;32;-10.652000000000008;10.652;0.0;0.0;0.0;0.0;10.652;11.0;0.0
0;2;33;-128.672;128.672;0.0;0.0;0.0;0.0;128.672;11.0;0.0
0;2;34;-254.15900000000005;254.159;0.0;0.0;0.0;0.0;254.159;11.0;0.0
0;2;35;-342.154;342.154;0.0;0.0;0.0;0.0;342.154;11.0;0.0
0;2;36;-369.504;369.504;0.0;0.0;0.0;0.0;369.504;11.0;0.0
0;2;37;-267.448;267.448;0.0;0.0;0.0;0.0;267.448;11.0;0.0
0;2;38;-233.68;233.68;0.0;0.0;0.0;0.0;233.68;11.0;0.0
0;2;39;-158.448;158.448;0.0;0.0;0.0;0.0;158.448;11.0;0.0
0;2;40;-37.39700000000001;37.397;0.0;0.0;0.0;0.0;37.397;11.0;0.0
0;2;41;-0.000999999999990564;0.001;0.0;0.0;0.0;0.0;0.001;11.0;0.0
0;2;42;45.546;0.0;0.0;0.0;45.546;45.546;0.0;11.0;501.006
0;2;43;67.545;0.0;0.0;0.0;67.545;67.545;0.0;11.0;742.995
0;2;44;78.285;0.0;0.0;0.0;78.285;78.285;0.0;11.0;861.135
0;2;45;65.811;0.0;0.0;0.0;65.811;65.811;0.0;11.0;723.921
0;2;46;69.962;0.0;0.0;0.0;69.962;69.962;0.0;11.0;769.582
0;2;47;45.367;0.0;0.0;0.0;45.367;45.367;0.0;11.0;499.037
0;2;48;16.822;0.0;0.0;0.0;16.822;16.822;0.0;11.0;185.042
0;2;49;17.764;0.0;0.0;0.0;17.764;17.764;0.0;11.0;195.404
0;2;50;19.345;0.0;0.0;0.0;19.345;19.345;0.0;11.0;212.795
0;2;51;18.273;0.0;0.0;0.0;18.273;18.273;0.0;11.0;201.003
0;2;52;18.43;0.0;0.0;0.0;18.43;18.43;0.0;11.0;202.73
0;2;53;19.109;0.0;0.0;0.0;19.109;19.109;0.0;11.0;210.199
0;2;54;19.644;0.0;0.0;0.0;19.644;19.644;0.0;11.0;216.08399999999997
0;2;55;65.536;0.0;0.0;0.0;65.536;65.536;0.0;11.0;720.896
0;2;56;30.026;0.0;0.0;0.0;30.026;30.026;0.0;11.0;330.286
0;2;57;13.384;0.0;0.0;0.0;13.384;13.384;0.0;11.0;147.224
0;2;58;29.473;0.0;0.0;0.0;29.473;29.473;0.0;11.0;324.203
0;2;59;5.682000000000002;0.0;0.0;0.0;5.682;5.682;0.0;11.0;62.502
0;2;60;-0.0010000000000047748;0.001;0.0;0.0;0.0;0.0;0.001;11.0;0.0
0;2;61;0.0009999999999976694;0.0;0.0;0.0;0.001;0.001;0.0;11.0;0.011
0;2;62;0.0;0.0;0.0;0.0;0.0;0.0;0.0;11.0;0.0
0;2;63;62.71900000000001;0.0;0.0;0.0;62.719;62.719;0.0;11.0;689.909
0;2;64;0.0009999999999976694;0.0;0.0;0.0;0.001;0.001;0.0;11.0;0.011
0;2;65;19.83;0.0;0.0;0.0;19.83;19.83;0.0;11.0;218.13
0;2;66;54.349999999999994;0.0;0.0;0.0;54.35;54.35;0.0;11.0;597.85
0;2;67;71.876;0.0;0.0;0.0;71.876;71.876;0.0;11.0;790.6360000000001
0;2;68;82.575;0.0;0.0;0.0;82.575;82.575;0.0;11.0;908.325
0;2;69;62.48;0.0;0.0;0.0;62.48;62.48;0.0;11.0;687.28
0;2;70;184.918;0.0;0.0;0.0;184.918;184.918;0.0;11.0;2034.098
0;2;71;58.581;0.0;0.0;0.0;58.581;58.581;0.0;11.0;644.3910000000001
0;2;72;148.741;0.0;0.0;0.0;148.741;148.741;0.0;11.0;1636.151
0;2;73;23.613;0.0;0.0;0.0;23.613;23.613;0.0;11.0;259.743
0;2;74;18.041;0.0;0.0;0.0;18.041;18.041;0.0;11.0;198.451
0;2;75;19.582;0.0;0.0;0.0;19.582;19.582;0.0;11.0;215.40200000000002
0;2;76;17.903;0.0;0.0;0.0;17.903;17.903;0.0;11.0;196.933
0;2;77;23.818;0.0;0.0;0.0;23.818;23.818;0.0;11.0;261.998
0;2;78;22.748;0.0;0.0;0.0;22.748;22.748;0.0;11.0;250.228
0;2;79;1.5380000000000003;0.0;0.0;0.0;1.538;1.538;0.0;11.0;16.918
0;2;80;2.5419999999999874;0.0;0.0;0.0;2.542;2.542;0.0;11.0;27.961999999999996
0;2;81;0.0010000000000047748;0.0;0.0;0.0;0.001;0.001;0.0;11.0;0.011
0;2;82;12.668000000000006;0.0;0.0;0.0;12.668;12.668;0.0;11.0;139.34799999999998
0;2;83;-36.096;36.096;0.0;0.0;0.0;0.0;36.096;11.0;0.0
0;2;84;-161.803;161.803;0.0;0.0;0.0;0.0;161.803;11.0;0.0
0;2;85;-83.278;83.278;0.0;0.0;0.0;0.0;83.278;11.0;0.0
0;2;86;0.0010000000000118803;0.0;0.0;0.0;0.001;0.001;0.0;11.0;0.011
0;2;87;-7.105427357601002e-15;0.0;0.0;0.0;0.0;0.0;0.0;11.0;0.0
0;2;88;7.105427357601002e-15;0.0;0.0;0.0;0.0;0.0;0.0;11.0;0.0
0;2;89;11.161999999999999;0.0;0.0;0.0;11.162;11.162;0.0;11.0;122.78200000000001
0;2;90;39.272000000000006;0.0;0.0;0.0;39.272;39.272;0.0;11.0;431.99199999999996
0;2;91;50.629;0.0;0.0;0.0;50.629;50.629;0.0;11.0;556.919
0;2;92;124.145;0.0;0.0;0.0;124.145;124.145;0.0;11.0;1365.595
0;2;93;62.695;0.0;0.0;0.0;62.695;62.695;0.0;11.0;689.645
0;2;94;195.03900000000002;0.0;0.0;0.0;195.039;195.039;0.0;11.0;2145.429
0;2;95;93.225;0.0;0.0;0.0;93.225;93.225;0.0;11.0;1025.475
0;2;96;125.095;0.0;0.0;0.0;125.095;125.095;0.0;11.0;1376.045
0;2;97;135.667;0.0;0.0;0.0;135.667;135.667;0.0;11.0;1492.337
0;2;98;18.744;0.0;0.0;0.0;18.744;18.744;0.0;11.0;206.184
0;2;99;19.302;0.0;0.0;0.0;19.302;19.302;0.0;11.0;212.322
0;2;100;19.654;0.0;0.0;0.0;19.654;19.654;0.0;11.0;216.194
0;2;101;77.55;0.0;0.0;0.0;77.55;77.55;0.0;11.0;853.05
0;2;102;22.055;0.0;0.0;0.0;22.055;22.055;0.0;11.0;242.605
0;2;103;157.68699999999998;0.0;0.0;0.0;157.687;157.687;0.0;11.0;1734.5570000000002
0;2;104;13.680000000000014;0.0;0.0;0.0;13.68;13.68;0.0;11.0;150.48
0;2;105;-64.103;64.103;0.0;0.0;0.0;0.0;64.103;11.0;0.0
0;2;106;-103.67500000000001;103.675;0.0;0.0;0.0;0.0;103.675;11.0;0.0
0;2;107;-39.63399999999999;39.634;0.0;0.0;0.0;0.0;39.634;11.0;0.0
0;2;108;-116.301;116.301;0.0;0.0;0.0;0.0;116.301;11.0;0.0
0;2;109;-92.24299999999997;92.243;0.0;0.0;0.0;0.0;92.243;11.0;0.0
0;2;110;-73.17000000000002;73.17;0.0;0.0;0.0;0.0;73.17;11.0;0.0
0;2;111;0.0;0.0;0.0;0.0;0.0;0.0;0.0;11.0;0.0
0;2;112;0.0010000000000047748;0.0;0.0;0.0;0.001;0.001;0.0;11.0;0.011
0;2;113;1.3620000000000019;0.0;0.0;0.0;1.362;1.362;0.0;11.0;14.982000000000001
0;2;114;60.24;0.0;0.0;0.0;60.24;60.24;0.0;11.0;662.64
0;2;115;67.327;0.0;0.0;0.0;67.327;67.327;0.0;11.0;740.597
0;2;116;73.727;0.0;0.0;0.0;73.727;73.727;0.0;11.0;810.9970000000001
0;2;117;59.035;0.0;0.0;0.0;59.035;59.035;0.0;11.0;649.385
0;2;118;64.329;0.0;0.0;0.0;64.329;64.329;0.0;11.0;707.6189999999999
0;2;119;37.669;0.0;0.0;0.0;37.669;37.669;0.0;11.0;414.359
0;2;120;16.642;0.0;0.0;0.0;16.642;16.642;0.0;11.0;183.06199999999998
0;2;121;24.197;0.0;0.0;0.0;24.197;24.197;0.0;11.0;266.167
0;2;122;21.166;0.0;0.0;0.0;21.166;21.166;0.0;11.0;232.826
0;2;123;41.743;0.0;0.0;0.0;41.743;41.743;0.0;11.0;459.173
0;2;124;73.131;0.0;0.0;0.0;73.131;73.131;0.0;11.0;804.441
0;2;125;76.632;0.0;0.0;0.0;76.632;76.632;0.0;11.0;842.952
0;2;126;88.61500000000001;0.0;0.0;0.0;88.615;88.615;0.0;11.0;974.765
0;2;127;115.511;0.0;0.0;0.0;115.511;115.511;0.0;11.0;1270.6209999999999
0;2;128;70.293;0.0;0.0;0.0;70.293;70.293;0.0;11.0;773.2230000000001
0;2;129;35.475;0.0;0.0;0.0;35.475;35.475;0.0;11.0;390.225
0;2;130;-7.105427357601002e-15;0.0;0.0;0.0;0.0;0.0;0.0;11.0;0.0
0;2;131;7.105427357601002e-15;0.0;0.0;0.0;0.0;0.0;0.0;11.0;0.0
0;2;132;-48.07;48.07;0.0;0.0;0.0;0.0;48.07;11.0;0.0
0;2;133;-92.31899999999999;92.319;0.0;0.0;0.0;0.0;92.319;11.0;0.0
0;2;134;0.0;0.0;0.0;0.0;0.0;0.0;0.0;11.0;0.0
0;2;135;0.0009999999999976694;0.0;0.0;0.0;0.001;0.001;0.0;11.0;0.011
0;2;136;0.0;0.0;0.0;0.0;0.0;0.0;0.0;11.0;0.0
0;2;137;147.625;0.0;0.0;0.0;147.625;147.625;0.0;11.0;1623.875
0;2;138;118.65100000000001;0.0;0.0;0.0;118.651;118.651;0.0;11.0;1305.161
0;2;139;114.674;0.0;0.0;0.0;114.674;114.674;0.0;11.0;1261.414
0;2;140;78.981;0.0;0.0;0.0;78.981;78.981;0.0;11.0;868.7909999999999
0;2;141;69.214;0.0;0.0;0.0;69.214;69.214;0.0;11.0;761.354
0;2;142;134.719;0.0;0.0;0.0;134.719;134.719;0.0;11.0;1481.9089999999999
0;2;143;47.473;0.0;0.0;0.0;47.473;47.473;0.0;11.0;522.203
0;2;144;16.821;0.0;0.0;0.0;16.821;16.821;0.0;11.0;185.031
0;2;145;18.137;0.0;0.0;0.0;18.137;18.137;0.0;11.0;199.507
0;2;146;18.381;0.0;0.0;0.0;18.381;18.381;0.0;11.0;202.191
0;2;147;19.946;0.0;0.0;0.0;19.946;19.946;0.0;11.0;219.406
0;2;148;18.542;0.0;0.0;0.0;18.542;18.542;0.0;11.0;203.96200000000002
0;2;149;19.36;0.0;0.0;0.0;19.36;19.36;0.0;11.0;212.95999999999998
0;2;150;19.909;0.0;0.0;0.0;19.909;19.909;0.0;11.0;218.999
0;2;151;52.164;0.0;0.0;0.0;52.164;52.164;0.0;11.0;573.804
0;2;152;48.21;0.0;0.0;0.0;48.21;48.21;0.0;11.0;530.3100000000001
0;2;153;80.34200000000001;0.0;0.0;0.0;80.342;80.342;0.0;11.0;883.762
0;2;154;81.777;0.0;0.0;0.0;81.777;81.777;0.0;11.0;899.547
0;2;155;46.18;0.0;0.0;0.0;46.18;46.18;0.0;11.0;507.98
0;2;156;19.982;0.0;0.0;0.0;19.982;19.982;0.0;11.0;219.802
0;2;157;30.59;0.0;0.0;0.0;30.59;30.59;0.0;11.0;336.49
0;2;158;28.458000000000002;0.0;0.0;0.0;28.458;28.458;0.0;11.0;313.038
0;2;159;100.821;0.0;0.0;0.0;100.821;100.821;0.0;11.0;1109.031
0;2;160;165.66400000000002;0.0;0.0;0.0;165.664;165.664;0.0;11.0;1822.3039999999999
0;2;161;63.38499999999999;0.0;0.0;0.0;63.385;63.385;0.0;11.0;697.235
0;2;162;76.867;0.0;0.0;0.0;76.867;76.867;0.0;11.0;845.537
0;2;163;71.248;0.0;0.0;0.0;71.248;71.248;0.0;11.0;783.7280000000001
0;2;164;82.687;0.0;0.0;0.0;82.687;82.687;0.0;11.0;909.557
0;2;165;63.305;0.0;0.0;0.0;63.305;63.305;0.0;11.0;696.355
0;2;166;183.135;0.0;0.0;0.0;183.135;183.135;0.0;11.0;2014.485
0;2;167;172.50300000000001;0.0;0.0;0.0;172.503;172.503;0.0;11.0;1897.533
0;3;0;194.9;0.0;0.0;0.0;194.9;194.9;0.0;15.0;2923.5
0;3;1;199.061;0.0;0.0;0.0;199.061;199.061;0.0;15.0;2985.915
0;3;2;193.702;0.0;0.0;0.0;193.702;193.702;0.0;15.0;2905.5299999999997
0;3;3;194.155;0.0;0.0;0.0;194.155;194.155;0.0;15.0;2912.325
0;3;4;194.481;0.0;0.0;0.0;194.481;194.481;0.0;15.0;2917.215
0;3;5;198.508;0.0;0.0;0.0;198.508;198.508;0.0;15.0;2977.6200000000003
0;3;6;201.231;0.0;0.0;0.0;201.231;201.231;0.0;15.0;3018.465
0;3;7;239.109;0.0;0.0;0.0;239.109;239.109;0.0;15.0;3586.635
0;3;8;246.548;0.0;0.0;0.0;246.548;246.548;0.0;15.0;3698.2200000000003
0;3;9;195.3;0.0;0.0;0.0;195.3;195.3;0.0;15.0;2929.5
0;3;10;141.87099999999998;0.0;0.0;0.0;141.871;141.871;0.0;15.0;2128.065
0;3;11;144.957;0.0;0.0;0.0;144.957;144.957;0.0;15.0;2174.355
0;3;12;70.15499999999999;0.0;0.0;0.0;70.155;70.155;0.0;15.0;1052.325
0;3;13;0.0009999999999976694;0.0;0.0;0.0;0.001;0.001;0.0;15.0;0.015
0;3;14;-0.0009999999999976694;0.001;0.0;0.0;0.0;0.0;0.001;15.0;0.0
0;3;15;29.20900000000001;0.0;0.0;0.0;29.209;29.209;0.0;15.0;438.135
0;3;16;181.679;0.0;0.0;0.0;181.679;181.679;0.0;15.0;2725.185
0;3;17;245.279;0.0;0.0;0.0;245.279;245.279;0.0;15.0;3679.185
0;3;18;237.676;0.0;0.0;0.0;237.676;237.676;0.0;15.0;3565.14
0;3;19;246.274;0.0;0.0;0.0;246.274;246.274;0.0;15.0;3694.11
0;3;20;251.581;0.0;0.0;0.0;251.581;251.581;0.0;15.0;3773.7149999999997
0;3;21;243.08499999999998;0.0;0.0;0.0;243.085;243.085;0.0;15.0;3646.275
0;3;22;230.20399999999998;0.0;0.0;0.0;230.204;230.204;0.0;15.0;3453.06
0;3;23;216.975;0.0;0.0;0.0;216.975;216.975;0.0;15.0;3254.625
0;3;24;192.507;0.0;0.0;0.0;192.507;192.507;0.0;15.0;2887.605
0;3;25;203.341;0.0;0.0;0.0;203.341;203.341;0.0;15.0;3050.1150000000002
0;3;26;195.968;0.0;0.0;0.0;195.968;195.968;0.0;15.0;2939.52
0;3;27;196.633;0.0;0.0;0.0;196.633;196.633;0.0;15.0;2949.4950000000003
0;3;28;197.92100000000002;0.0;0.0;0.0;197.921;197.921;0.0;15.0;2968.815
0;3;29;200.68599999999998;0.0;0.0;0.0;200.686;200.686;0.0;15.0;3010.29
0;3;30;203.299;0.0;0.0;0.0;203.299;203.299;0.0;15.0;3049.485
0;3;31;229.98600000000002;0.0;0.0;0.0;229.986;229.986;0.0;15.0;3449.79
0;3;32;245.95800000000003;0.0;0.0;0.0;245.958;245.958;0.0;15.0;3689.37
0;3;33;213.709;0.0;0.0;0.0;213.709;213.709;0.0;15.0;3205.635
0;3;34;84.39899999999997;0.0;0.0;0.0;84.399;84.399;0.0;15.0;1265.9850000000001
0;3;35;65.878;0.0;0.0;0.0;65.878;65.878;0.0;15.0;988.17
0;3;36;38.90899999999998;0.0;0.0;0.0;38.909;38.909;0.0;15.0;583.635
0;3;37;83.68700000000001;0.0;0.0;0.0;83.687;83.687;0.0;15.0;1255.305
0;3;38;206.517;0.0;0.0;0.0;206.517;206.517;0.0;15.0;3097.755
0;3;39;214.55700000000002;0.0;0.0;0.0;214.557;214.557;0.0;15.0;3218.355
0;3;40;246.18;0.0;0.0;0.0;246.18;246.18;0.0;15.0;3692.7000000000003
0;3;41;247.352;0.0;0.0;0.0;247.352;247.352;0.0;15.0;3710.28
0;3;42;247.708;0.0;0.0;0.0;247.708;247.708;0.0;15.0;3715.62
0;3;43;253.434;0.0;0.0;0.0;253.434;253.434;0.0;15.0;3801.5099999999998
0;3;44;277.22;0.0;0.0;0.0;277.22;277.22;0.0;15.0;4158.3
0;3;45;259.342;0.0;0.0;0.0;259.342;259.342;0.0;15.0;3890.1299999999997
0;3;46;232.911;0.0;0.0;0.0;232.911;232.911;0.0;15.0;3493.665
0;3;47;208.692;0.0;0.0;0.0;208.692;208.692;0.0;15.0;3130.38
0;3;48;131.376;0.0;0.0;0.0;131.376;131.376;0.0;15.0;1970.64
0;3;49;131.836;0.0;0.0;0.0;131.836;131.836;0.0;15.0;1977.5400000000002
0;3;50;124.25099999999999;0.0;0.0;0.0;124.251;124.251;0.0;15.0;1863.765
0;3;51;121.618;0.0;0.0;0.0;121.618;121.618;0.0;15.0;1824.27
0;3;52;119.803;0.0;0.0;0.0;119.803;119.803;0.0;15.0;1797.045
0;3;53;127.28999999999999;0.0;0.0;0.0;127.29;127.29;0.0;15.0;1909.3500000000001
0;3;54;130.507;0.0;0.0;0.0;130.507;130.507;0.0;15.0;1957.605
0;3;55;169.452;0.0;0.0;0.0;169.452;169.452;0.0;15.0;2541.7799999999997
0;3;56;181.811;0.0;0.0;0.0;181.811;181.811;0.0;15.0;2727.165
0;3;57;175.006;0.0;0.0;0.0;175.006;175.006;0.0;15.0;2625.09
0;3;58;138.954;0.0;0.0;0.0;138.954;138.954;0.0;15.0;2084.31
0;3;59;144.85399999999998;0.0;0.0;0.0;144.854;144.854;0.0;15.0;2172.8100000000004
0;3;60;71.40599999999999;0.0;0.0;0.0;71.406;71.406;0.0;15.0;1071.0900000000001
0;3;61;2.1316282072803006e-14;0.0;0.0;0.0;0.0;0.0;0.0;15.0;0.0
0;3;62;8.427000000000007;0.0;0.0;0.0;8.427;8.427;0.0;15.0;126.405
0;3;63;78.96799999999999;0.0;0.0;0.0;78.968;78.968;0.0;15.0;1184.52
0;3;64;158.808;0.0;0.0;0.0;158.808;158.808;0.0;15.0;2382.12
0;3;65;235.53199999999998;0.0;0.0;0.0;235.532;235.532;0.0;15.0;3532.98
0;3;66;223.39499999999998;0.0;0.0;0.0;223.395;223.395;0.0;15.0;3350.925
0;3;67;224.51100000000002;0.0;0.0;0.0;224.511;224.511;0.0;15.0;3367.665
0;3;68;227.79199999999997;0.0;0.0;0.0;227.792;227.792;0.0;15.0;3416.88
0;3;69;56.64;0.0;0.0;0.0;56.64;56.64;0.0;15.0;849.6
0;3;70;61.653;0.0;0.0;0.0;61.653;61.653;0.0;15.0;924.795
0;3;71;156.227;0.0;0.0;0.0;156.227;156.227;0.0;15.0;2343.405
0;3;72;131.06;0.0;0.0;0.0;131.06;131.06;0.0;15.0;1965.9
0;3;73;147.92499999999998;0.0;0.0;0.0;147.925;147.925;0.0;15.0;2218.875
0;3;74;179.683;0.0;0.0;0.0;179.683;179.683;0.0;15.0;2695.245
0;3;75;180.257;0.0;0.0;0.0;180.257;180.257;0.0;15.0;2703.855
0;3;76;179.92600000000002;0.0;0.0;0.0;179.926;179.926;0.0;15.0;2698.89
0;3;77;180.58800000000002;0.0;0.0;0.0;180.588;180.588;0.0;15.0;2708.8199999999997
0;3;78;179.649;0.0;0.0;0.0;179.649;179.649;0.0;15.0;2694.735
0;3;79;191.55800000000002;0.0;0.0;0.0;191.558;191.558;0.0;15.0;2873.37
0;3;80;195.37;0.0;0.0;0.0;195.37;195.37;0.0;15.0;2930.55
0;3;81;198.02100000000002;0.0;0.0;0.0;198.021;198.021;0.0;15.0;2970.3149999999996
0;3;82;198.23399999999998;0.0;0.0;0.0;198.234;198.234;0.0;15.0;2973.51
0;3;83;193.77;0.0;0.0;0.0;193.77;193.77;0.0;15.0;2906.55
0;3;84;165.95000000000002;0.0;0.0;0.0;165.95;165.95;0.0;15.0;2489.25
0;3;85;1.8249999999999886;0.0;0.0;0.0;1.825;1.825;0.0;15.0;27.375
0;3;86;15.74499999999999;0.0;0.0;0.0;15.745;15.745;0.0;15.0;236.17499999999998
0;3;87;92.74200000000002;0.0;0.0;0.0;92.742;92.742;0.0;15.0;1391.13
0;3;88;201.888;0.0;0.0;0.0;201.888;201.888;0.0;15.0;3028.32
0;3;89;212.92899999999997;0.0;0.0;0.0;212.929;212.929;0.0;15.0;3193.935
0;3;90;224.056;0.0;0.0;0.0;224.056;224.056;0.0;15.0;3360.84
0;3;91;238.745;0.0;0.0;0.0;238.745;238.745;0.0;15.0;3581.175
0;3;92;260.27099999999996;0.0;0.0;0.0;260.271;260.271;0.0;15.0;3904.065
0;3;93;248.285;0.0;0.0;0.0;248.285;248.285;0.0;15.0;3724.275
0;3;94;225.767;0.0;0.0;0.0;225.767;225.767;0.0;15.0;3386.505
0;3;95;229.334;0.0;0.0;0.0;229.334;229.334;0.0;15.0;3440.01
0;3;96;192.28;0.0;0.0;0.0;192.28;192.28;0.0;15.0;2884.2
0;3;97;201.298;0.0;0.0;0.0;201.298;201.298;0.0;15.0;3019.4700000000003
0;3;98;196.225;0.0;0.0;0.0;196.225;196.225;0.0;15.0;2943.375
0;3;99;198.709;0.0;0.0;0.0;198.709;198.709;0.0;15.0;2980.635
0;3;100;195.554;0.0;0.0;0.0;195.554;195.554;0.0;15.0;2933.31
0;3;101;194.01;0.0;0.0;0.0;194.01;194.01;0.0;15.0;2910.1499999999996
0;3;102;193.29;0.0;0.0;0.0;193.29;193.29;0.0;15.0;2899.35
0;3;103;221.50799999999998;0.0;0.0;0.0;221.508;221.508;0.0;15.0;3322.6200000000003
0;3;104;232.466;0.0;0.0;0.0;232.466;232.466;0.0;15.0;3486.9900000000002
0;3;105;243.01;0.0;0.0;0.0;243.01;243.01;0.0;15.0;3645.1499999999996
0;3;106;245.84599999999998;0.0;0.0;0.0;245.846;245.846;0.0;15.0;3687.69
0;3;107;261.74399999999997;0.0;0.0;0.0;261.744;261.744;0.0;15.0;3926.1600000000003
0;3;108;326.65;0.0;0.0;0.0;326.65;326.65;0.0;15.0;4899.75
0;3;109;289.24;0.0;0.0;0.0;289.24;289.24;0.0;15.0;4338.6
0;3;110;291.152;0.0;0.0;0.0;291.152;291.152;0.0;15.0;4367.28
0;3;111;287.762;0.0;0.0;0.0;287.762;287.762;0.0;15.0;4316.43
0;3;112;292.14099999999996;0.0;0.0;0.0;292.141;292.141;0.0;15.0;4382.115000000001
0;3;113;288.812;0.0;0.0;0.0;288.812;288.812;0.0;15.0;4332.18
0;3;114;312.978;0.0;0.0;0.0;312.978;312.978;0.0;15.0;4694.67
0;3;115;320.215;0.0;0.0;0.0;320.215;320.215;0.0;15.0;4803.224999999999
0;3;116;304.331;0.0;0.0;0.0;304.331;304.331;0.0;15.0;4564.965
0;3;117;292.173;0.0;0.0;0.0;292.173;292.173;0.0;15.0;4382.595
0;3;118;259.409;0.0;0.0;0.0;259.409;259.409;0.0;15.0;3891.1349999999998
0;3;119;245.20899999999997;0.0;0.0;0.0;245.209;245.209;0.0;15.0;3678.135
0;3;120;227.255;0.0;0.0;0.0;227.255;227.255;0.0;15.0;3408.825
0;3;121;232.57799999999997;0.0;0.0;0.0;232.578;232.578;0.0;15.0;3488.67
0;3;122;242.89;0.0;0.0;0.0;242.89;242.89;0.0;15.0;3643.35
0;3;123;257.132;0.0;0.0;0.0;257.132;257.132;0.0;15.0;3856.98
0;3;124;276.75;0.0;0.0;0.0;276.75;276.75;0.0;15.0;4151.25
0;3;125;294.41;0.0;0.0;0.0;294.41;294.41;0.0;15.0;4416.150000000001
0;3;126;329.902;0.0;0.0;0.0;329.902;329.902;0.0;15.0;4948.53
0;3;127;358.291;0.0;0.0;0.0;358.291;358.291;0.0;15.0;5374.365
0;3;128;333.457;0.0;0.0;0.0;333.457;333.457;0.0;15.0;5001.855
0;3;129;317.91499999999996;0.0;0.0;0.0;317.915;317.915;0.0;15.0;4768.725
0;3;130;271.40000000000003;0.0;0.0;0.0;271.4;271.4;0.0;15.0;4070.9999999999995
0;3;131;262.13199999999995;0.0;0.0;0.0;262.132;262.132;0.0;15.0;3931.98
0;3;132;200.406;0.0;0.0;0.0;200.406;200.406;0.0;15.0;3006.09
0;3;133;156.528;0.0;0.0;0.0;156.528;156.528;0.0;15.0;2347.92
0;3;134;223.86699999999996;0.0;0.0;0.0;223.867;223.867;0.0;15.0;3358.0049999999997
0;3;135;229.74399999999997;0.0;0.0;0.0;229.744;229.744;0.0;15.0;3446.16
0;3;136;240.77599999999998;0.0;0.0;0.0;240.776;240.776;0.0;15.0;3611.6400000000003
0;3;137;253.873;0.0;0.0;0.0;253.873;253.873;0.0;15.0;3808.095
0;3;138;285.388;0.0;0.0;0.0;285.388;285.388;0.0;15.0;4280.82
0;3;139;309.192;0.0;0.0;0.0;309.192;309.192;0.0;15.0;4637.88
0;3;140;299.114;0.0;0.0;0.0;299.114;299.114;0.0;15.0;4486.71
0;3;141;306.666;0.0;0.0;0.0;306.666;306.666;0.0;15.0;4599.99
0;3;142;295.83000000000004;0.0;0.0;0.0;295.83;295.83;0.0;15.0;4437.45
0;3;143;282.813;0.0;0.0;0.0;282.813;282.813;0.0;15.0;4242.195
0;3;144;264.989;0.0;0.0;0.0;264.989;264.989;0.0;15.0;3974.8349999999996
0;3;145;278.247;0.0;0.0;0.0;278.247;278.247;0.0;15.0;4173.705
0;3;146;280.216;0.0;0.0;0.0;280.216;280.216;0.0;15.0;4203.24
0;3;147;292.867;0.0;0.0;0.0;292.867;292.867;0.0;15.0;4393.005
0;3;148;293.763;0.0;0.0;0.0;293.763;293.763;0.0;15.0;4406.445
0;3;149;298.361;0.0;0.0;0.0;298.361;298.361;0.0;15.0;4475.415
0;3;150;340.068;0.0;0.0;0.0;340.068;340.068;0.0;15.0;5101.0199999999995
0;3;151;353.093;0.0;0.0;0.0;353.093;353.093;0.0;15.0;5296.395
0;3;152;323.711;0.0;0.0;0.0;323.711;323.711;0.0;15.0;4855.665
0;3;153;242.588;0.0;0.0;0.0;242.588;242.588;0.0;15.0;3638.8199999999997
0;3;154;144.687;0.0;0.0;0.0;144.687;144.687;0.0;15.0;2170.3050000000003
0;3;155;170.0;0.0;0.0;0.0;170.0;170.0;0.0;15.0;2550.0
0;3;156;186.74800000000002;0.0;0.0;0.0;186.748;186.748;0.0;15.0;2801.22
0;3;157;194.631;0.0;0.0;0.0;194.631;194.631;0.0;15.0;2919.465
0;3;158;210.73899999999998;0.0;0.0;0.0;210.739;210.739;0.0;15.0;3161.085
0;3;159;233.514;0.0;0.0;0.0;233.514;233.514;0.0;15.0;3502.71
0;3;160;237.05;0.0;0.0;0.0;237.05;237.05;0.0;15.0;3555.75
0;3;161;225.53300000000002;0.0;0.0;0.0;225.533;225.533;0.0;15.0;3382.995
0;3;162;232.78199999999998;0.0;0.0;0.0;232.782;232.782;0.0;15.0;3491.73
0;3;163;242.54500000000002;0.0;0.0;0.0;242.545;242.545;0.0;15.0;3638.1749999999997
0;3;164;227.981;0.0;0.0;0.0;227.981;227.981;0.0;15.0;3419.715
0;3;165;233.183;0.0;0.0;0.0;233.183;233.183;0.0;15.0;3497.745
0;3;166;229.933;0.0;0.0;0.0;229.933;229.933;0.0;15.0;3448.995
0;3;167;208.963;0.0;0.0;0.0;208.963;208.963;0.0;15.0;3134.4449999999997
5;0;0;16.917;0.0;0.0;0.0;16.917;16.917;0.0;6.0;101.50200000000001
5;0;1;174.311;0.0;0.0;0.0;174.311;174.311;0.0;6.0;1045.866
5;0;2;48.341;0.0;0.0;0.0;48.341;48.341;0.0;6.0;290.046
5;0;3;124.759;0.0;0.0;0.0;124.759;124.759;0.0;6.0;748.554
5;0;4;125.18599999999999;0.0;0.0;0.0;125.186;125.186;0.0;6.0;751.116
5;0;5;129.238;0.0;0.0;0.0;129.238;129.238;0.0;6.0;775.428
5;0;6;148.54;0.0;0.0;0.0;148.54;148.54;0.0;6.0;891.24
5;0;7;182.778;0.0;0.0;0.0;182.778;182.778;0.0;6.0;1096.668
5;0;8;122.869;0.0;0.0;0.0;122.869;122.869;0.0;6.0;737.2139999999999
5;0;9;1.5019999999999811;0.0;0.0;0.0;1.502;1.502;0.0;6.0;9.012
5;0;10;7.105427357601002e-15;0.0;0.0;0.0;0.0;0.0;0.0;6.0;0.0
5;0;11;0.0009999999999976694;0.0;0.0;0.0;0.001;0.001;0.0;6.0;0.006
5;0;12;7.105427357601002e-15;0.0;0.0;0.0;0.0;0.0;0.0;6.0;0.0
5;0;13;124.00099999999999;0.0;0.0;0.0;124.001;124.001;0.0;6.0;744.0060000000001
5;0;14;12.127000000000002;0.0;0.0;0.0;12.127;12.127;0.0;6.0;72.762
5;0;15;7.105427357601002e-15;0.0;0.0;0.0;0.0;0.0;0.0;6.0;0.0
5;0;16;24.549999999999997;0.0;0.0;0.0;24.55;24.55;0.0;6.0;147.3
5;0;17;124.61000000000001;0.0;0.0;0.0;124.61;124.61;0.0;6.0;747.66
5;0;18;218.63700000000003;0.0;0.0;0.0;218.637;218.637;0.0;6.0;1311.8220000000001
5;0;19;73.206;0.0;0.0;0.0;73.206;73.206;0.0;6.0;439.236
5;0;20;168.059;0.0;0.0;0.0;168.059;168.059;0.0;6.0;1008.354
5;0;21;210.863;0.0;0.0;0.0;210.863;210.863;0.0;6.0;1265.1779999999999
5;0;22;201.902;0.0;0.0;0.0;201.902;201.902;0.0;6.0;1211.4119999999998
5;0;23;196.415;0.0;0.0;0.0;196.415;196.415;0.0;6.0;1178.49
5;0;24;16.85;0.0;0.0;0.0;16.85;16.85;0.0;6.0;101.10000000000001
5;0;25;18.334;0.0;0.0;0.0;18.334;18.334;0.0;6.0;110.00399999999999
5;0;26;126.861;0.0;0.0;0.0;126.861;126.861;0.0;6.0;761.166
5;0;27;178.161;0.0;0.0;0.0;178.161;178.161;0.0;6.0;1068.966
5;0;28;177.45700000000002;0.0;0.0;0.0;177.457;177.457;0.0;6.0;1064.742
5;0;29;181.892;0.0;0.0;0.0;181.892;181.892;0.0;6.0;1091.3519999999999
5;0;30;26.535;0.0;0.0;0.0;26.535;26.535;0.0;6.0;159.21
5;0;31;200.85399999999998;0.0;0.0;0.0;200.854;200.854;0.0;6.0;1205.124
5;0;32;148.485;0.0;0.0;0.0;148.485;148.485;0.0;6.0;890.9100000000001
5;0;33;34.30399999999999;0.0;0.0;0.0;34.304;34.304;0.0;6.0;205.824
5;0;34;-7.105427357601002e-15;0.0;0.0;0.0;0.0;0.0;0.0;6.0;0.0
5;0;35;-7.591999999999999;7.592;0.0;0.0;0.0;0.0;7.592;6.0;0.0
5;0;36;0.0;0.0;0.0;0.0;0.0;0.0;0.0;6.0;0.0
5;0;37;-100.84699999999998;100.847;0.0;0.0;0.0;0.0;100.847;6.0;0.0
5;0;38;-142.93599999999998;142.936;0.0;0.0;0.0;0.0;142.936;6.0;0.0
5;0;39;-76.172;76.172;0.0;0.0;0.0;0.0;76.172;6.0;0.0
5;0;40;7.105427357601002e-15;0.0;0.0;0.0;0.0;0.0;0.0;6.0;0.0
5;0;41;109.087;0.0;0.0;0.0;109.087;109.087;0.0;6.0;654.522
5;0;42;205.78599999999997;0.0;0.0;0.0;205.786;205.786;0.0;6.0;1234.716
5;0;43;221.38;0.0;0.0;0.0;221.38;221.38;0.0;6.0;1328.28
5;0;44;220.877;0.0;0.0;0.0;220.877;220.877;0.0;6.0;1325.2620000000002
5;0;45;58.305;0.0;0.0;0.0;58.305;58.305;0.0;6.0;349.83
5;0;46;175.429;0.0;0.0;0.0;175.429;175.429;0.0;6.0;1052.574
5;0;47;46.733;0.0;0.0;0.0;46.733;46.733;0.0;6.0;280.39799999999997
5;0;48;17.282;0.0;0.0;0.0;17.282;17.282;0.0;6.0;103.69200000000001
5;0;49;19.915;0.0;0.0;0.0;19.915;19.915;0.0;6.0;119.49
5;0;50;19.197;0.0;0.0;0.0;19.197;19.197;0.0;6.0;115.18199999999999
5;0;51;18.749;0.0;0.0;0.0;18.749;18.749;0.0;6.0;112.494
5;0;52;19.09;0.0;0.0;0.0;19.09;19.09;0.0;6.0;114.53999999999999
5;0;53;112.61200000000001;0.0;0.0;0.0;112.612;112.612;0.0;6.0;675.672
5;0;54;118.728;0.0;0.0;0.0;118.728;118.728;0.0;6.0;712.3679999999999
5;0;55;178.122;0.0;0.0;0.0;178.122;178.122;0.0;6.0;1068.732
5;0;56;146.674;0.0;0.0;0.0;146.674;146.674;0.0;6.0;880.0440000000001
5;0;57;68.11000000000001;0.0;0.0;0.0;68.11;68.11;0.0;6.0;408.65999999999997
5;0;58;0.0;0.0;0.0;0.0;0.0;0.0;0.0;6.0;0.0
5;0;59;-4.0760000000000005;4.076;0.0;0.0;0.0;0.0;4.076;6.0;0.0
5;0;60;79.20599999999999;0.0;0.0;0.0;79.206;79.206;0.0;6.0;475.236
5;0;61;3.952999999999996;0.0;0.0;0.0;3.953;3.953;0.0;6.0;23.718
5;0;62;14.378;0.0;0.0;0.0;14.378;14.378;0.0;6.0;86.268
5;0;63;-3.5590000000000046;3.559;0.0;0.0;0.0;0.0;3.559;6.0;0.0
5;0;64;-8.533999999999992;8.534;0.0;0.0;0.0;0.0;8.534;6.0;0.0
5;0;65;34.924;0.0;0.0;0.0;34.924;34.924;0.0;6.0;209.54399999999998
5;0;66;83.52;0.0;0.0;0.0;83.52;83.52;0.0;6.0;501.12
5;0;67;229.474;0.0;0.0;0.0;229.474;229.474;0.0;6.0;1376.844
5;0;68;204.29700000000003;0.0;0.0;0.0;204.297;204.297;0.0;6.0;1225.782
5;0;69;210.473;0.0;0.0;0.0;210.473;210.473;0.0;6.0;1262.8380000000002
5;0;70;192.92399999999998;0.0;0.0;0.0;192.924;192.924;0.0;6.0;1157.544
5;0;71;185.433;0.0;0.0;0.0;185.433;185.433;0.0;6.0;1112.598
5;0;72;16.68;0.0;0.0;0.0;16.68;16.68;0.0;6.0;100.08
5;0;73;18.497;0.0;0.0;0.0;18.497;18.497;0.0;6.0;110.982
5;0;74;18.753;0.0;0.0;0.0;18.753;18.753;0.0;6.0;112.518
5;0;75;19.291;0.0;0.0;0.0;19.291;19.291;0.0;6.0;115.74600000000001
5;0;76;18.646;0.0;0.0;0.0;18.646;18.646;0.0;6.0;111.876
5;0;77;19.385;0.0;0.0;0.0;19.385;19.385;0.0;6.0;116.31
5;0;78;69.1;0.0;0.0;0.0;69.1;69.1;0.0;6.0;414.59999999999997
5;0;79;183.676;0.0;0.0;0.0;183.676;183.676;0.0;6.0;1102.056
5;0;80;117.79199999999999;0.0;0.0;0.0;117.792;117.792;0.0;6.0;706.752
5;0;81;120.13799999999999;0.0;0.0;0.0;120.138;120.138;0.0;6.0;720.828
5;0;82;105.855;0.0;0.0;0.0;105.855;105.855;0.0;6.0;635.13
5;0;83;71.507;0.0;0.0;0.0;71.507;71.507;0.0;6.0;429.04200000000003
5;0;84;37.326;0.0;0.0;0.0;37.326;37.326;0.0;6.0;223.95600000000002
5;0;85;41.705999999999996;0.0;0.0;0.0;41.706;41.706;0.0;6.0;250.23600000000002
5;0;86;86.719;0.0;0.0;0.0;86.719;86.719;0.0;6.0;520.314
5;0;87;47.515;0.0;0.0;0.0;47.515;47.515;0.0;6.0;285.09000000000003
5;0;88;143.24300000000002;0.0;0.0;0.0;143.243;143.243;0.0;6.0;859.458
5;0;89;123.15;0.0;0.0;0.0;123.15;123.15;0.0;6.0;738.9000000000001
5;0;90;46.388000000000005;0.0;0.0;0.0;46.388;46.388;0.0;6.0;278.328
5;0;91;142.149;0.0;0.0;0.0;142.149;142.149;0.0;6.0;852.894
5;0;92;251.157;0.0;0.0;0.0;251.157;251.157;0.0;6.0;1506.942
5;0;93;204.267;0.0;0.0;0.0;204.267;204.267;0.0;6.0;1225.6019999999999
5;0;94;234.768;0.0;0.0;0.0;234.768;234.768;0.0;6.0;1408.608
5;0;95;214.636;0.0;0.0;0.0;214.636;214.636;0.0;6.0;1287.816
5;0;96;185.516;0.0;0.0;0.0;185.516;185.516;0.0;6.0;1113.096
5;0;97;194.195;0.0;0.0;0.0;194.195;194.195;0.0;6.0;1165.17
5;0;98;188.964;0.0;0.0;0.0;188.964;188.964;0.0;6.0;1133.784
5;0;99;190.601;0.0;0.0;0.0;190.601;190.601;0.0;6.0;1143.606
5;0;100;191.253;0.0;0.0;0.0;191.253;191.253;0.0;6.0;1147.518
5;0;101;191.46699999999998;0.0;0.0;0.0;191.467;191.467;0.0;6.0;1148.8020000000001
5;0;102;191.53199999999998;0.0;0.0;0.0;191.532;191.532;0.0;6.0;1149.192
5;0;103;229.53699999999998;0.0;0.0;0.0;229.537;229.537;0.0;6.0;1377.222
5;0;104;202.589;0.0;0.0;0.0;202.589;202.589;0.0;6.0;1215.534
5;0;105;130.89399999999998;0.0;0.0;0.0;130.894;130.894;0.0;6.0;785.364
5;0;106;143.069;0.0;0.0;0.0;143.069;143.069;0.0;6.0;858.414
5;0;107;156.242;0.0;0.0;0.0;156.242;156.242;0.0;6.0;937.452
5;0;108;147.65900000000002;0.0;0.0;0.0;147.659;147.659;0.0;6.0;885.954
5;0;109;143.69899999999998;0.0;0.0;0.0;143.699;143.699;0.0;6.0;862.1940000000001
5;0;110;23.240000000000002;0.0;0.0;0.0;23.24;23.24;0.0;6.0;139.44
5;0;111;38.306000000000004;0.0;0.0;0.0;38.306;38.306;0.0;6.0;229.83599999999998
5;0;112;201.623;0.0;0.0;0.0;201.623;201.623;0.0;6.0;1209.7379999999998
5;0;113;214.952;0.0;0.0;0.0;214.952;214.952;0.0;6.0;1289.712
5;0;114;238.88299999999998;0.0;0.0;0.0;238.883;238.883;0.0;6.0;1433.298
5;0;115;214.713;0.0;0.0;0.0;214.713;214.713;0.0;6.0;1288.278
5;0;116;82.816;0.0;0.0;0.0;82.816;82.816;0.0;6.0;496.896
5;0;117;232.65499999999997;0.0;0.0;0.0;232.655;232.655;0.0;6.0;1395.93
5;0;118;217.78500000000003;0.0;0.0;0.0;217.785;217.785;0.0;6.0;1306.71
5;0;119;196.671;0.0;0.0;0.0;196.671;196.671;0.0;6.0;1180.0259999999998
5;0;120;184.176;0.0;0.0;0.0;184.176;184.176;0.0;6.0;1105.056
5;0;121;194.34199999999998;0.0;0.0;0.0;194.342;194.342;0.0;6.0;1166.0520000000001
5;0;122;191.86499999999998;0.0;0.0;0.0;191.865;191.865;0.0;6.0;1151.19
5;0;123;193.477;0.0;0.0;0.0;193.477;193.477;0.0;6.0;1160.862
5;0;124;192.162;0.0;0.0;0.0;192.162;192.162;0.0;6.0;1152.972
5;0;125;192.957;0.0;0.0;0.0;192.957;192.957;0.0;6.0;1157.742
5;0;126;195.221;0.0;0.0;0.0;195.221;195.221;0.0;6.0;1171.326
5;0;127;235.028;0.0;0.0;0.0;235.028;235.028;0.0;6.0;1410.168
5;0;128;192.10699999999997;0.0;0.0;0.0;192.107;192.107;0.0;6.0;1152.642
5;0;129;73.94800000000001;0.0;0.0;0.0;73.948;73.948;0.0;6.0;443.688
5;0;130;68.348;0.0;0.0;0.0;68.348;68.348;0.0;6.0;410.08799999999997
5;0;131;136.862;0.0;0.0;0.0;136.862;136.862;0.0;6.0;821.172
5;0;132;160.68300000000002;0.0;0.0;0.0;160.683;160.683;0.0;6.0;964.098
5;0;133;120.748;0.0;0.0;0.0;120.748;120.748;0.0;6.0;724.488
5;0;134;125.125;0.0;0.0;0.0;125.125;125.125;0.0;6.0;750.75
5;0;135;81.315;0.0;0.0;0.0;81.315;81.315;0.0;6.0;487.89
5;0;136;103.399;0.0;0.0;0.0;103.399;103.399;0.0;6.0;620.394
5;0;137;112.286;0.0;0.0;0.0;112.286;112.286;0.0;6.0;673.716
5;0;138;242.742;0.0;0.0;0.0;242.742;242.742;0.0;6.0;1456.452
5;0;139;239.45299999999997;0.0;0.0;0.0;239.453;239.453;0.0;6.0;1436.718
5;0;140;244.09499999999997;0.0;0.0;0.0;244.095;244.095;0.0;6.0;1464.57
5;0;141;230.402;0.0;0.0;0.0;230.402;230.402;0.0;6.0;1382.4119999999998
5;0;142;116.269;0.0;0.0;0.0;116.269;116.269;0.0;6.0;697.614
5;0;143;217.28699999999998;0.0;0.0;0.0;217.287;217.287;0.0;6.0;1303.722
5;0;144;193.743;0.0;0.0;0.0;193.743;193.743;0.0;6.0;1162.458
5;0;145;201.257;0.0;0.0;0.0;201.257;201.257;0.0;6.0;1207.542
5;0;146;199.135;0.0;0.0;0.0;199.135;199.135;0.0;6.0;1194.81
5;0;147;202.197;0.0;0.0;0.0;202.197;202.197;0.0;6.0;1213.182
5;0;148;203.421;0.0;0.0;0.0;203.421;203.421;0.0;6.0;1220.5259999999998
5;0;149;204.558;0.0;0.0;0.0;204.558;204.558;0.0;6.0;1227.348
5;0;150;211.047;0.0;0.0;0.0;211.047;211.047;0.0;6.0;1266.282
5;0;151;244.952;0.0;0.0;0.0;244.952;244.952;0.0;6.0;1469.712
5;0;152;148.24900000000002;0.0;0.0;0.0;148.249;148.249;0.0;6.0;889.4939999999999
5;0;153;-8.70300000000001;8.703;0.0;0.0;0.0;0.0;8.703;6.0;0.0
5;0;154;-71.12;71.12;0.0;0.0;0.0;0.0;71.12;6.0;0.0
5;0;155;4.803999999999995;0.0;0.0;0.0;4.804;4.804;0.0;6.0;28.824
5;0;156;-66.54500000000002;66.545;0.0;0.0;0.0;0.0;66.545;6.0;0.0
5;0;157;85.96199999999999;0.0;0.0;0.0;85.962;85.962;0.0;6.0;515.772
5;0;158;179.52399999999997;0.0;0.0;0.0;179.524;179.524;0.0;6.0;1077.144
5;0;159;131.54299999999998;0.0;0.0;0.0;131.543;131.543;0.0;6.0;789.258
5;0;160;89.78799999999998;0.0;0.0;0.0;89.788;89.788;0.0;6.0;538.728
5;0;161;155.558;0.0;0.0;0.0;155.558;155.558;0.0;6.0;933.348
5;0;162;229.027;0.0;0.0;0.0;229.027;229.027;0.0;6.0;1374.1619999999998
5;0;163;256.471;0.0;0.0;0.0;256.471;256.471;0.0;6.0;1538.826
5;0;164;259.635;0.0;0.0;0.0;259.635;259.635;0.0;6.0;1557.81
5;0;165;258.006;0.0;0.0;0.0;258.006;258.006;0.0;6.0;1548.0359999999998
5;0;166;251.886;0.0;0.0;0.0;251.886;251.886;0.0;6.0;1511.316
5;0;167;236.095;0.0;0.0;0.0;236.095;236.095;0.0;6.0;1416.57
5;1;0;16.763;0.0;0.0;0.0;16.763;16.763;0.0;20.0;335.26000000000005
5;1;1;17.892;0.0;0.0;0.0;17.892;17.892;0.0;20.0;357.84
5;1;2;18.353;0.0;0.0;0.0;18.353;18.353;0.0;20.0;367.06000000000006
5;1;3;19.991;0.0;0.0;0.0;19.991;19.991;0.0;20.0;399.82
5;1;4;21.049;0.0;0.0;0.0;21.049;21.049;0.0;20.0;420.98
5;1;5;19.563;0.0;0.0;0.0;19.563;19.563;0.0;20.0;391.26
5;1;6;21.012;0.0;0.0;0.0;21.012;21.012;0.0;20.0;420.24
5;1;7;-15.193999999999996;15.194;0.0;0.0;0.0;0.0;15.194;20.0;0.0
5;1;8;-94.96799999999999;94.968;0.0;0.0;0.0;0.0;94.968;20.0;0.0
5;1;9;-203.44400000000002;203.444;0.0;0.0;0.0;0.0;203.444;20.0;0.0
5;1;10;-296.13899999999995;296.139;0.0;0.0;0.0;0.0;296.139;20.0;0.0
5;1;11;-351.091;351.091;0.0;0.0;0.0;0.0;351.091;20.0;0.0
5;1;12;-390.086;361.91;0.0;28.176;0.0;0.0;390.086;20.0;0.0
5;1;13;-437.93100000000004;376.358;0.0;61.573;0.0;0.0;437.931;20.0;0.0
5;1;14;-347.302;347.302;0.0;0.0;0.0;0.0;347.302;20.0;0.0
5;1;15;-226.36900000000003;226.369;0.0;0.0;0.0;0.0;226.369;20.0;0.0
5;1;16;-128.805;128.805;0.0;0.0;0.0;0.0;128.805;20.0;0.0
5;1;17;-16.672999999999988;16.673;0.0;0.0;0.0;0.0;16.673;20.0;0.0
5;1;18;4.0589999999999975;0.0;0.0;0.0;4.059;4.059;0.0;20.0;81.18
5;1;19;71.641;0.0;0.0;0.0;71.641;71.641;0.0;20.0;1432.8200000000002
5;1;20;73.7;0.0;0.0;0.0;73.7;73.7;0.0;20.0;1474.0
5;1;21;70.329;0.0;0.0;0.0;70.329;70.329;0.0;20.0;1406.58
5;1;22;58.006;0.0;0.0;0.0;58.006;58.006;0.0;20.0;1160.12
5;1;23;41.519;0.0;0.0;0.0;41.519;41.519;0.0;20.0;830.38
5;1;24;17.033;0.0;0.0;0.0;17.033;17.033;0.0;20.0;340.66
5;1;25;22.962;0.0;0.0;0.0;22.962;22.962;0.0;20.0;459.24
5;1;26;19.109;0.0;0.0;0.0;19.109;19.109;0.0;20.0;382.18000000000006
5;1;27;19.443;0.0;0.0;0.0;19.443;19.443;0.0;20.0;388.86
5;1;28;18.48;0.0;0.0;0.0;18.48;18.48;0.0;20.0;369.6
5;1;29;20.301;0.0;0.0;0.0;20.301;20.301;0.0;20.0;406.02
5;1;30;20.95;0.0;0.0;0.0;20.95;20.95;0.0;20.0;419.0
5;1;31;0.0010000000000047748;0.0;0.0;0.0;0.001;0.001;0.0;20.0;0.02
5;1;32;-88.352;88.352;0.0;0.0;0.0;0.0;88.352;20.0;0.0
5;1;33;-197.75900000000001;197.759;0.0;0.0;0.0;0.0;197.759;20.0;0.0
5;1;34;-273.76199999999994;273.762;0.0;0.0;0.0;0.0;273.762;20.0;0.0
5;1;35;-351.706;351.706;0.0;0.0;0.0;0.0;351.706;20.0;0.0
5;1;36;-437.24799999999993;362.408;0.0;74.84;0.0;0.0;437.248;20.0;0.0
5;1;37;-440.07;367.725;0.0;72.345;0.0;0.0;440.07;20.0;0.0
5;1;38;-409.95799999999997;399.031;0.0;10.927;0.0;0.0;409.958;20.0;0.0
5;1;39;-341.31699999999995;341.317;0.0;0.0;0.0;0.0;341.317;20.0;0.0
5;1;40;-238.29699999999997;238.297;0.0;0.0;0.0;0.0;238.297;20.0;0.0
5;1;41;-53.73100000000001;53.731;0.0;0.0;0.0;0.0;53.731;20.0;0.0
5;1;42;-18.083999999999996;18.084;0.0;0.0;0.0;0.0;18.084;20.0;0.0
5;1;43;57.87599999999999;0.0;0.0;0.0;57.876;57.876;0.0;20.0;1157.52
5;1;44;77.275;0.0;0.0;0.0;77.275;77.275;0.0;20.0;1545.5
5;1;45;65.547;0.0;0.0;0.0;65.547;65.547;0.0;20.0;1310.94
5;1;46;56.193;0.0;0.0;0.0;56.193;56.193;0.0;20.0;1123.86
5;1;47;56.054;0.0;0.0;0.0;56.054;56.054;0.0;20.0;1121.08
5;1;48;17.665;0.0;0.0;0.0;17.665;17.665;0.0;20.0;353.29999999999995
5;1;49;19.433;0.0;0.0;0.0;19.433;19.433;0.0;20.0;388.65999999999997
5;1;50;18.81;0.0;0.0;0.0;18.81;18.81;0.0;20.0;376.2
5;1;51;18.246;0.0;0.0;0.0;18.246;18.246;0.0;20.0;364.91999999999996
5;1;52;22.32;0.0;0.0;0.0;22.32;22.32;0.0;20.0;446.4
5;1;53;19.955;0.0;0.0;0.0;19.955;19.955;0.0;20.0;399.09999999999997
5;1;54;22.009999999999998;0.0;0.0;0.0;22.01;22.01;0.0;20.0;440.20000000000005
5;1;55;18.981999999999996;0.0;0.0;0.0;18.982;18.982;0.0;20.0;379.64
5;1;56;-74.325;74.325;0.0;0.0;0.0;0.0;74.325;20.0;0.0
5;1;57;-184.299;184.299;0.0;0.0;0.0;0.0;184.299;20.0;0.0
5;1;58;-275.88300000000004;275.883;0.0;0.0;0.0;0.0;275.883;20.0;0.0
5;1;59;-343.415;337.998;0.0;5.417;0.0;0.0;343.415;20.0;0.0
5;1;60;-400.11600000000004;338.521;0.0;61.595;0.0;0.0;400.116;20.0;0.0
5;1;61;-353.15200000000004;338.685;0.0;14.467;0.0;0.0;353.152;20.0;0.0
5;1;62;-207.972;207.972;0.0;0.0;0.0;0.0;207.972;20.0;0.0
5;1;63;0.0010000000000047748;0.0;0.0;0.0;0.001;0.001;0.0;20.0;0.02
5;1;64;-121.113;121.113;0.0;0.0;0.0;0.0;121.113;20.0;0.0
5;1;65;-89.578;89.578;0.0;0.0;0.0;0.0;89.578;20.0;0.0
5;1;66;1.3220000000000027;0.0;0.0;0.0;1.322;1.322;0.0;20.0;26.44
5;1;67;53.818;0.0;0.0;0.0;53.818;53.818;0.0;20.0;1076.36
5;1;68;77.337;0.0;0.0;0.0;77.337;77.337;0.0;20.0;1546.74
5;1;69;64.027;0.0;0.0;0.0;64.027;64.027;0.0;20.0;1280.54
5;1;70;58.409;0.0;0.0;0.0;58.409;58.409;0.0;20.0;1168.18
5;1;71;39.712;0.0;0.0;0.0;39.712;39.712;0.0;20.0;794.24
5;1;72;17.553;0.0;0.0;0.0;17.553;17.553;0.0;20.0;351.06
5;1;73;19.72;0.0;0.0;0.0;19.72;19.72;0.0;20.0;394.4
5;1;74;19.438;0.0;0.0;0.0;19.438;19.438;0.0;20.0;388.76
5;1;75;18.504;0.0;0.0;0.0;18.504;18.504;0.0;20.0;370.08000000000004
5;1;76;18.562;0.0;0.0;0.0;18.562;18.562;0.0;20.0;371.24
5;1;77;23.894;0.0;0.0;0.0;23.894;23.894;0.0;20.0;477.88
5;1;78;18.954;0.0;0.0;0.0;18.954;18.954;0.0;20.0;379.08000000000004
5;1;79;-11.238;11.238;0.0;0.0;0.0;0.0;11.238;20.0;0.0
5;1;80;-108.717;108.717;0.0;0.0;0.0;0.0;108.717;20.0;0.0
5;1;81;-227.36800000000002;198.306;0.0;29.062;0.0;0.0;227.368;20.0;0.0
5;1;82;-330.959;204.577;0.0;126.382;0.0;0.0;330.959;20.0;0.0
5;1;83;-407.24699999999996;196.813;0.0;210.434;0.0;0.0;407.247;20.0;0.0
5;1;84;-443.145;191.161;0.0;251.984;0.0;0.0;443.145;20.0;0.0
5;1;85;-403.121;190.261;0.0;212.86;0.0;0.0;403.121;20.0;0.0
5;1;86;-350.281;195.164;0.0;155.117;0.0;0.0;350.281;20.0;0.0
5;1;87;-274.31600000000003;274.316;0.0;0.0;0.0;0.0;274.316;20.0;0.0
5;1;88;-158.859;158.859;0.0;0.0;0.0;0.0;158.859;20.0;0.0
5;1;89;-74.268;74.268;0.0;0.0;0.0;0.0;74.268;20.0;0.0
5;1;90;-19.570999999999998;19.571;0.0;0.0;0.0;0.0;19.571;20.0;0.0
5;1;91;57.779;0.0;0.0;0.0;57.779;57.779;0.0;20.0;1155.5800000000002
5;1;92;67.966;0.0;0.0;0.0;67.966;67.966;0.0;20.0;1359.32
5;1;93;64.396;0.0;0.0;0.0;64.396;64.396;0.0;20.0;1287.92
5;1;94;58.339;0.0;0.0;0.0;58.339;58.339;0.0;20.0;1166.78
5;1;95;49.996;0.0;0.0;0.0;49.996;49.996;0.0;20.0;999.9200000000001
5;1;96;16.783;0.0;0.0;0.0;16.783;16.783;0.0;20.0;335.66
5;1;97;18.711;0.0;0.0;0.0;18.711;18.711;0.0;20.0;374.21999999999997
5;1;98;22.833;0.0;0.0;0.0;22.833;22.833;0.0;20.0;456.65999999999997
5;1;99;19.229;0.0;0.0;0.0;19.229;19.229;0.0;20.0;384.58
5;1;100;18.228;0.0;0.0;0.0;18.228;18.228;0.0;20.0;364.56000000000006
5;1;101;19.633;0.0;0.0;0.0;19.633;19.633;0.0;20.0;392.65999999999997
5;1;102;17.152;0.0;0.0;0.0;17.152;17.152;0.0;20.0;343.04
5;1;103;-6.4310000000000045;6.431;0.0;0.0;0.0;0.0;6.431;20.0;0.0
5;1;104;-56.571999999999996;56.572;0.0;0.0;0.0;0.0;56.572;20.0;0.0
5;1;105;-70.55600000000001;70.556;0.0;0.0;0.0;0.0;70.556;20.0;0.0
5;1;106;-211.407;211.407;0.0;0.0;0.0;0.0;211.407;20.0;0.0
5;1;107;-390.629;390.629;0.0;0.0;0.0;0.0;390.629;20.0;0.0
5;1;108;-450.014;402.374;0.0;47.64;0.0;0.0;450.014;20.0;0.0
5;1;109;-354.884;354.884;0.0;0.0;0.0;0.0;354.884;20.0;0.0
5;1;110;-148.82;148.82;0.0;0.0;0.0;0.0;148.82;20.0;0.0
5;1;111;-116.72200000000001;116.722;0.0;0.0;0.0;0.0;116.722;20.0;0.0
5;1;112;-90.053;90.053;0.0;0.0;0.0;0.0;90.053;20.0;0.0
5;1;113;-3.7150000000000034;3.715;0.0;0.0;0.0;0.0;3.715;20.0;0.0
5;1;114;-12.155000000000001;12.155;0.0;0.0;0.0;0.0;12.155;20.0;0.0
5;1;115;63.613;0.0;0.0;0.0;63.613;63.613;0.0;20.0;1272.26
5;1;116;71.854;0.0;0.0;0.0;71.854;71.854;0.0;20.0;1437.08
5;1;117;59.689;0.0;0.0;0.0;59.689;59.689;0.0;20.0;1193.78
5;1;118;53.321;0.0;0.0;0.0;53.321;53.321;0.0;20.0;1066.42
5;1;119;35.648;0.0;0.0;0.0;35.648;35.648;0.0;20.0;712.96
5;1;120;16.989;0.0;0.0;0.0;16.989;16.989;0.0;20.0;339.78000000000003
5;1;121;20.609;0.0;0.0;0.0;20.609;20.609;0.0;20.0;412.18000000000006
5;1;122;18.532;0.0;0.0;0.0;18.532;18.532;0.0;20.0;370.64
5;1;123;18.088;0.0;0.0;0.0;18.088;18.088;0.0;20.0;361.76
5;1;124;19.257;0.0;0.0;0.0;19.257;19.257;0.0;20.0;385.14000000000004
5;1;125;19.214;0.0;0.0;0.0;19.214;19.214;0.0;20.0;384.28
5;1;126;19.073;0.0;0.0;0.0;19.073;19.073;0.0;20.0;381.46000000000004
5;1;127;18.511000000000003;0.0;0.0;0.0;18.511;18.511;0.0;20.0;370.21999999999997
5;1;128;-85.86099999999999;85.861;0.0;0.0;0.0;0.0;85.861;20.0;0.0
5;1;129;-208.57299999999998;208.573;0.0;0.0;0.0;0.0;208.573;20.0;0.0
5;1;130;-308.15400000000005;308.154;0.0;0.0;0.0;0.0;308.154;20.0;0.0
5;1;131;-380.25;380.25;0.0;0.0;0.0;0.0;380.25;20.0;0.0
5;1;132;-414.611;383.154;0.0;31.457;0.0;0.0;414.611;20.0;0.0
5;1;133;-384.726;384.449;0.0;0.277;0.0;0.0;384.726;20.0;0.0
5;1;134;-305.827;305.827;0.0;0.0;0.0;0.0;305.827;20.0;0.0
5;1;135;-206.198;206.198;0.0;0.0;0.0;0.0;206.198;20.0;0.0
5;1;136;-150.942;150.942;0.0;0.0;0.0;0.0;150.942;20.0;0.0
5;1;137;-54.07999999999999;54.08;0.0;0.0;0.0;0.0;54.08;20.0;0.0
5;1;138;-7.375000000000007;7.375;0.0;0.0;0.0;0.0;7.375;20.0;0.0
5;1;139;63.101;0.0;0.0;0.0;63.101;63.101;0.0;20.0;1262.02
5;1;140;65.642;0.0;0.0;0.0;65.642;65.642;0.0;20.0;1312.84
5;1;141;62.976;0.0;0.0;0.0;62.976;62.976;0.0;20.0;1259.52
5;1;142;52.098;0.0;0.0;0.0;52.098;52.098;0.0;20.0;1041.96
5;1;143;62.957;0.0;0.0;0.0;62.957;62.957;0.0;20.0;1259.14
5;1;144;17.761;0.0;0.0;0.0;17.761;17.761;0.0;20.0;355.21999999999997
5;1;145;18.734;0.0;0.0;0.0;18.734;18.734;0.0;20.0;374.68000000000006
5;1;146;18.328;0.0;0.0;0.0;18.328;18.328;0.0;20.0;366.56
5;1;147;18.938;0.0;0.0;0.0;18.938;18.938;0.0;20.0;378.76
5;1;148;21.383;0.0;0.0;0.0;21.383;21.383;0.0;20.0;427.65999999999997
5;1;149;19.675;0.0;0.0;0.0;19.675;19.675;0.0;20.0;393.5
5;1;150;20.81;0.0;0.0;0.0;20.81;20.81;0.0;20.0;416.2
5;1;151;0.0;0.0;0.0;0.0;0.0;0.0;0.0;20.0;0.0
5;1;152;-84.923;84.923;0.0;0.0;0.0;0.0;84.923;20.0;0.0
5;1;153;-210.943;210.943;0.0;0.0;0.0;0.0;210.943;20.0;0.0
5;1;154;-313.18999999999994;313.19;0.0;0.0;0.0;0.0;313.19;20.0;0.0
5;1;155;-389.20799999999997;389.208;0.0;0.0;0.0;0.0;389.208;20.0;0.0
5;1;156;-432.924;385.665;0.0;47.259;0.0;0.0;432.924;20.0;0.0
5;1;157;-426.21399999999994;387.419;0.0;38.795;0.0;0.0;426.214;20.0;0.0
5;1;158;-298.19899999999996;298.199;0.0;0.0;0.0;0.0;298.199;20.0;0.0
5;1;159;-184.05599999999998;184.056;0.0;0.0;0.0;0.0;184.056;20.0;0.0
5;1;160;-185.493;185.493;0.0;0.0;0.0;0.0;185.493;20.0;0.0
5;1;161;-102.65100000000001;102.651;0.0;0.0;0.0;0.0;102.651;20.0;0.0
5;1;162;-26.747999999999998;26.748;0.0;0.0;0.0;0.0;26.748;20.0;0.0
5;1;163;66.815;0.0;0.0;0.0;66.815;66.815;0.0;20.0;1336.3
5;1;164;76.092;0.0;0.0;0.0;76.092;76.092;0.0;20.0;1521.84
5;1;165;68.057;0.0;0.0;0.0;68.057;68.057;0.0;20.0;1361.14
5;1;166;69.299;0.0;0.0;0.0;69.299;69.299;0.0;20.0;1385.98
5;1;167;42.765;0.0;0.0;0.0;42.765;42.765;0.0;20.0;855.3
5;2;0;165.62599999999998;0.0;0.0;0.0;165.626;165.626;0.0;11.0;1821.886
5;2;1;177.661;0.0;0.0;0.0;177.661;177.661;0.0;11.0;1954.271
5;2;2;172.442;0.0;0.0;0.0;172.442;172.442;0.0;11.0;1896.862
5;2;3;18.823;0.0;0.0;0.0;18.823;18.823;0.0;11.0;207.053
5;2;4;19.18;0.0;0.0;0.0;19.18;19.18;0.0;11.0;210.98
5;2;5;158.526;0.0;0.0;0.0;158.526;158.526;0.0;11.0;1743.786
5;2;6;21.88;0.0;0.0;0.0;21.88;21.88;0.0;11.0;240.67999999999998
5;2;7;141.814;0.0;0.0;0.0;141.814;141.814;0.0;11.0;1559.954
5;2;8;-7.881000000000014;7.881;0.0;0.0;0.0;0.0;7.881;11.0;0.0
5;2;9;-162.993;162.993;0.0;0.0;0.0;0.0;162.993;11.0;0.0
5;2;10;-271.33500000000004;271.335;0.0;0.0;0.0;0.0;271.335;11.0;0.0
5;2;11;-360.98199999999997;360.982;0.0;0.0;0.0;0.0;360.982;11.0;0.0
5;2;12;-403.04;403.04;0.0;0.0;0.0;0.0;403.04;11.0;0.0
5;2;13;-268.166;268.166;0.0;0.0;0.0;0.0;268.166;11.0;0.0
5;2;14;-101.54700000000003;101.547;0.0;0.0;0.0;0.0;101.547;11.0;0.0
5;2;15;-37.86100000000002;37.861;0.0;0.0;0.0;0.0;37.861;11.0;0.0
5;2;16;-36.058;36.058;0.0;0.0;0.0;0.0;36.058;11.0;0.0
5;2;17;-7.105427357601002e-15;0.0;0.0;0.0;0.0;0.0;0.0;11.0;0.0
5;2;18;66.869;0.0;0.0;0.0;66.869;66.869;0.0;11.0;735.559
5;2;19;99.799;0.0;0.0;0.0;99.799;99.799;0.0;11.0;1097.789
5;2;20;115.8;0.0;0.0;0.0;115.8;115.8;0.0;11.0;1273.8
5;2;21;105.82499999999999;0.0;0.0;0.0;105.825;105.825;0.0;11.0;1164.075
5;2;22;112.627;0.0;0.0;0.0;112.627;112.627;0.0;11.0;1238.897
5;2;23;112.505;0.0;0.0;0.0;112.505;112.505;0.0;11.0;1237.5549999999998
5;2;24;62.356;0.0;0.0;0.0;62.356;62.356;0.0;11.0;685.916
5;2;25;19.219;0.0;0.0;0.0;19.219;19.219;0.0;11.0;211.40900000000002
5;2;26;18.695;0.0;0.0;0.0;18.695;18.695;0.0;11.0;205.645
5;2;27;18.878;0.0;0.0;0.0;18.878;18.878;0.0;11.0;207.65800000000002
5;2;28;18.35;0.0;0.0;0.0;18.35;18.35;0.0;11.0;201.85000000000002
5;2;29;22.177;0.0;0.0;0.0;22.177;22.177;0.0;11.0;243.947
5;2;30;24.177;0.0;0.0;0.0;24.177;24.177;0.0;11.0;265.947
5;2;31;120.125;0.0;0.0;0.0;120.125;120.125;0.0;11.0;1321.375
5;2;32;-20.08100000000001;20.081;0.0;0.0;0.0;0.0;20.081;11.0;0.0
5;2;33;-136.26200000000003;136.262;0.0;0.0;0.0;0.0;136.262;11.0;0.0
5;2;34;-259.52200000000005;259.522;0.0;0.0;0.0;0.0;259.522;11.0;0.0
5;2;35;-345.92999999999995;345.93;0.0;0.0;0.0;0.0;345.93;11.0;0.0
5;2;36;-374.843;374.843;0.0;0.0;0.0;0.0;374.843;11.0;0.0
5;2;37;-270.78499999999997;270.785;0.0;0.0;0.0;0.0;270.785;11.0;0.0
5;2;38;-233.68;233.68;0.0;0.0;0.0;0.0;233.68;11.0;0.0
5;2;39;-158.448;158.448;0.0;0.0;0.0;0.0;158.448;11.0;0.0
5;2;40;-37.39700000000001;37.397;0.0;0.0;0.0;0.0;37.397;11.0;0.0
5;2;41;-0.000999999999990564;0.001;0.0;0.0;0.0;0.0;0.001;11.0;0.0
5;2;42;45.546;0.0;0.0;0.0;45.546;45.546;0.0;11.0;501.006
5;2;43;67.545;0.0;0.0;0.0;67.545;67.545;0.0;11.0;742.995
5;2;44;78.285;0.0;0.0;0.0;78.285;78.285;0.0;11.0;861.135
5;2;45;65.811;0.0;0.0;0.0;65.811;65.811;0.0;11.0;723.921
5;2;46;69.962;0.0;0.0;0.0;69.962;69.962;0.0;11.0;769.582
5;2;47;45.367;0.0;0.0;0.0;45.367;45.367;0.0;11.0;499.037
5;2;48;16.822;0.0;0.0;0.0;16.822;16.822;0.0;11.0;185.042
5;2;49;17.764;0.0;0.0;0.0;17.764;17.764;0.0;11.0;195.404
5;2;50;19.345;0.0;0.0;0.0;19.345;19.345;0.0;11.0;212.795
5;2;51;18.273;0.0;0.0;0.0;18.273;18.273;0.0;11.0;201.003
5;2;52;18.43;0.0;0.0;0.0;18.43;18.43;0.0;11.0;202.73
5;2;53;19.109;0.0;0.0;0.0;19.109;19.109;0.0;11.0;210.199
5;2;54;19.644;0.0;0.0;0.0;19.644;19.644;0.0;11.0;216.08399999999997
5;2;55;65.536;0.0;0.0;0.0;65.536;65.536;0.0;11.0;720.896
5;2;56;30.026;0.0;0.0;0.0;30.026;30.026;0.0;11.0;330.286
5;2;57;0.0;0.0;0.0;0.0;0.0;0.0;0.0;11.0;0.0
5;2;58;4.829000000000001;0.0;0.0;0.0;4.829;4.829;0.0;11.0;53.119
5;2;59;0.0;0.0;0.0;0.0;0.0;0.0;0.0;11.0;0.0
5;2;60;-0.0010000000000047748;0.001;0.0;0.0;0.0;0.0;0.001;11.0;0.0
5;2;61;0.0009999999999976694;0.0;0.0;0.0;0.001;0.001;0.0;11.0;0.011
5;2;62;0.0;0.0;0.0;0.0;0.0;0.0;0.0;11.0;0.0
5;2;63;62.71900000000001;0.0;0.0;0.0;62.719;62.719;0.0;11.0;689.909
5;2;64;0.0009999999999976694;0.0;0.0;0.0;0.001;0.001;0.0;11.0;0.011
5;2;65;19.83;0.0;0.0;0.0;19.83;19.83;0.0;11.0;218.13
5;2;66;54.349999999999994;0.0;0.0;0.0;54.35;54.35;0.0;11.0;597.85
5;2;67;71.876;0.0;0.0;0.0;71.876;71.876;0.0;11.0;790.6360000000001
5;2;68;82.575;0.0;0.0;0.0;82.575;82.575;0.0;11.0;908.325
5;2;69;62.48;0.0;0.0;0.0;62.48;62.48;0.0;11.0;687.28
5;2;70;132.305;0.0;0.0;0.0;132.305;132.305;0.0;11.0;1455.355
5;2;71;58.581;0.0;0.0;0.0;58.581;58.581;0.0;11.0;644.3910000000001
5;2;72;148.741;0.0;0.0;0.0;148.741;148.741;0.0;11.0;1636.151
5;2;73;23.613;0.0;0.0;0.0;23.613;23.613;0.0;11.0;259.743
5;2;74;18.041;0.0;0.0;0.0;18.041;18.041;0.0;11.0;198.451
5;2;75;19.582;0.0;0.0;0.0;19.582;19.582;0.0;11.0;215.40200000000002
5;2;76;17.903;0.0;0.0;0.0;17.903;17.903;0.0;11.0;196.933
5;2;77;23.818;0.0;0.0;0.0;23.818;23.818;0.0;11.0;261.998
5;2;78;22.748;0.0;0.0;0.0;22.748;22.748;0.0;11.0;250.228
5;2;79;1.5380000000000003;0.0;0.0;0.0;1.538;1.538;0.0;11.0;16.918
5;2;80;-0.0010000000000047748;0.001;0.0;0.0;0.0;0.0;0.001;11.0;0.0
5;2;81;-1.5399999999999991;1.54;0.0;0.0;0.0;0.0;1.54;11.0;0.0
5;2;82;0.0010000000000047748;0.0;0.0;0.0;0.001;0.001;0.0;11.0;0.011
5;2;83;-45.193999999999996;45.194;0.0;0.0;0.0;0.0;45.194;11.0;0.0
5;2;84;-161.803;161.803;0.0;0.0;0.0;0.0;161.803;11.0;0.0
5;2;85;-83.278;83.278;0.0;0.0;0.0;0.0;83.278;11.0;0.0
5;2;86;0.0010000000000118803;0.0;0.0;0.0;0.001;0.001;0.0;11.0;0.011
5;2;87;-7.105427357601002e-15;0.0;0.0;0.0;0.0;0.0;0.0;11.0;0.0
5;2;88;7.105427357601002e-15;0.0;0.0;0.0;0.0;0.0;0.0;11.0;0.0
5;2;89;-0.0009999999999976694;0.001;0.0;0.0;0.0;0.0;0.001;11.0;0.0
5;2;90;39.272000000000006;0.0;0.0;0.0;39.272;39.272;0.0;11.0;431.99199999999996
5;2;91;50.629;0.0;0.0;0.0;50.629;50.629;0.0;11.0;556.919
5;2;92;106.799;0.0;0.0;0.0;106.799;106.799;0.0;11.0;1174.789
5;2;93;62.695;0.0;0.0;0.0;62.695;62.695;0.0;11.0;689.645
5;2;94;195.03900000000002;0.0;0.0;0.0;195.039;195.039;0.0;11.0;2145.429
5;2;95;88.717;0.0;0.0;0.0;88.717;88.717;0.0;11.0;975.887
5;2;96;114.94;0.0;0.0;0.0;114.94;114.94;0.0;11.0;1264.34
5;2;97;125.333;0.0;0.0;0.0;125.333;125.333;0.0;11.0;1378.663
5;2;98;18.744;0.0;0.0;0.0;18.744;18.744;0.0;11.0;206.184
5;2;99;19.302;0.0;0.0;0.0;19.302;19.302;0.0;11.0;212.322
5;2;100;19.654;0.0;0.0;0.0;19.654;19.654;0.0;11.0;216.194
5;2;101;18.927;0.0;0.0;0.0;18.927;18.927;0.0;11.0;208.197
5;2;102;22.055;0.0;0.0;0.0;22.055;22.055;0.0;11.0;242.605
5;2;103;144.898;0.0;0.0;0.0;144.898;144.898;0.0;11.0;1593.878
5;2;104;2.4980000000000118;0.0;0.0;0.0;2.498;2.498;0.0;11.0;27.478
5;2;105;-106.867;106.867;0.0;0.0;0.0;0.0;106.867;11.0;0.0
5;2;106;-103.67500000000001;103.675;0.0;0.0;0.0;0.0;103.675;11.0;0.0
5;2;107;-39.63399999999999;39.634;0.0;0.0;0.0;0.0;39.634;11.0;0.0
5;2;108;-116.301;116.301;0.0;0.0;0.0;0.0;116.301;11.0;0.0
5;2;109;-92.24299999999997;92.243;0.0;0.0;0.0;0.0;92.243;11.0;0.0
5;2;110;-73.17000000000002;73.17;0.0;0.0;0.0;0.0;73.17;11.0;0.0
5;2;111;0.0;0.0;0.0;0.0;0.0;0.0;0.0;11.0;0.0
5;2;112;0.0010000000000047748;0.0;0.0;0.0;0.001;0.001;0.0;11.0;0.011
5;2;113;1.3620000000000019;0.0;0.0;0.0;1.362;1.362;0.0;11.0;14.982000000000001
5;2;114;60.24;0.0;0.0;0.0;60.24;60.24;0.0;11.0;662.64
5;2;115;67.327;0.0;0.0;0.0;67.327;67.327;0.0;11.0;740.597
5;2;116;73.727;0.0;0.0;0.0;73.727;73.727;0.0;11.0;810.9970000000001
5;2;117;59.035;0.0;0.0;0.0;59.035;59.035;0.0;11.0;649.385
5;2;118;64.329;0.0;0.0;0.0;64.329;64.329;0.0;11.0;707.6189999999999
5;2;119;37.669;0.0;0.0;0.0;37.669;37.669;0.0;11.0;414.359
5;2;120;16.642;0.0;0.0;0.0;16.642;16.642;0.0;11.0;183.06199999999998
5;2;121;24.197;0.0;0.0;0.0;24.197;24.197;0.0;11.0;266.167
5;2;122;21.166;0.0;0.0;0.0;21.166;21.166;0.0;11.0;232.826
5;2;123;19.23;0.0;0.0;0.0;19.23;19.23;0.0;11.0;211.53
5;2;124;43.464;0.0;0.0;0.0;43.464;43.464;0.0;11.0;478.104
5;2;125;70.999;0.0;0.0;0.0;70.999;70.999;0.0;11.0;780.9889999999999
5;2;126;82.28399999999999;0.0;0.0;0.0;82.284;82.284;0.0;11.0;905.124
5;2;127;109.338;0.0;0.0;0.0;109.338;109.338;0.0;11.0;1202.7179999999998
5;2;128;65.089;0.0;0.0;0.0;65.089;65.089;0.0;11.0;715.979
5;2;129;30.555000000000007;0.0;0.0;0.0;30.555;30.555;0.0;11.0;336.105
5;2;130;-7.105427357601002e-15;0.0;0.0;0.0;0.0;0.0;0.0;11.0;0.0
5;2;131;7.105427357601002e-15;0.0;0.0;0.0;0.0;0.0;0.0;11.0;0.0
5;2;132;-48.07;48.07;0.0;0.0;0.0;0.0;48.07;11.0;0.0
5;2;133;-92.31899999999999;92.319;0.0;0.0;0.0;0.0;92.319;11.0;0.0
5;2;134;0.0;0.0;0.0;0.0;0.0;0.0;0.0;11.0;0.0
5;2;135;0.0009999999999976694;0.0;0.0;0.0;0.001;0.001;0.0;11.0;0.011
5;2;136;0.0;0.0;0.0;0.0;0.0;0.0;0.0;11.0;0.0
5;2;137;147.625;0.0;0.0;0.0;147.625;147.625;0.0;11.0;1623.875
5;2;138;102.708;0.0;0.0;0.0;102.708;102.708;0.0;11.0;1129.788
5;2;139;113.009;0.0;0.0;0.0;113.009;113.009;0.0;11.0;1243.099
5;2;140;78.981;0.0;0.0;0.0;78.981;78.981;0.0;11.0;868.7909999999999
5;2;141;69.214;0.0;0.0;0.0;69.214;69.214;0.0;11.0;761.354
5;2;142;91.42099999999999;0.0;0.0;0.0;91.421;91.421;0.0;11.0;1005.6310000000001
5;2;143;39.6;0.0;0.0;0.0;39.6;39.6;0.0;11.0;435.6
5;2;144;16.821;0.0;0.0;0.0;16.821;16.821;0.0;11.0;185.031
5;2;145;18.137;0.0;0.0;0.0;18.137;18.137;0.0;11.0;199.507
5;2;146;18.381;0.0;0.0;0.0;18.381;18.381;0.0;11.0;202.191
5;2;147;19.946;0.0;0.0;0.0;19.946;19.946;0.0;11.0;219.406
5;2;148;18.542;0.0;0.0;0.0;18.542;18.542;0.0;11.0;203.96200000000002
5;2;149;19.36;0.0;0.0;0.0;19.36;19.36;0.0;11.0;212.95999999999998
5;2;150;19.909;0.0;0.0;0.0;19.909;19.909;0.0;11.0;218.999
5;2;151;52.164;0.0;0.0;0.0;52.164;52.164;0.0;11.0;573.804
5;2;152;48.21;0.0;0.0;0.0;48.21;48.21;0.0;11.0;530.3100000000001
5;2;153;74.97300000000001;0.0;0.0;0.0;74.973;74.973;0.0;11.0;824.703
5;2;154;76.818;0.0;0.0;0.0;76.818;76.818;0.0;11.0;844.9979999999999
5;2;155;41.727;0.0;0.0;0.0;41.727;41.727;0.0;11.0;458.99699999999996
5;2;156;16.122999999999998;0.0;0.0;0.0;16.123;16.123;0.0;11.0;177.353
5;2;157;27.756999999999998;0.0;0.0;0.0;27.757;27.757;0.0;11.0;305.327
5;2;158;26.009;0.0;0.0;0.0;26.009;26.009;0.0;11.0;286.099
5;2;159;79.101;0.0;0.0;0.0;79.101;79.101;0.0;11.0;870.111
5;2;160;165.66400000000002;0.0;0.0;0.0;165.664;165.664;0.0;11.0;1822.3039999999999
5;2;161;63.38499999999999;0.0;0.0;0.0;63.385;63.385;0.0;11.0;697.235
5;2;162;76.867;0.0;0.0;0.0;76.867;76.867;0.0;11.0;845.537
5;2;163;71.248;0.0;0.0;0.0;71.248;71.248;0.0;11.0;783.7280000000001
5;2;164;82.687;0.0;0.0;0.0;82.687;82.687;0.0;11.0;909.557
5;2;165;63.305;0.0;0.0;0.0;63.305;63.305;0.0;11.0;696.355
5;2;166;96.33600000000001;0.0;0.0;0.0;96.336;96.336;0.0;11.0;1059.696
5;2;167;166.978;0.0;0.0;0.0;166.978;166.978;0.0;11.0;1836.758
5;3;0;86.695;0.0;0.0;0.0;86.695;86.695;0.0;15.0;1300.425
5;3;1;199.061;0.0;0.0;0.0;199.061;199.061;0.0;15.0;2985.915
5;3;2;193.702;0.0;0.0;0.0;193.702;193.702;0.0;15.0;2905.5299999999997
5;3;3;194.155;0.0;0.0;0.0;194.155;194.155;0.0;15.0;2912.325
5;3;4;194.481;0.0;0.0;0.0;194.481;194.481;0.0;15.0;2917.215
5;3;5;198.508;0.0;0.0;0.0;198.508;198.508;0.0;15.0;2977.6200000000003
5;3;6;201.231;0.0;0.0;0.0;201.231;201.231;0.0;15.0;3018.465
5;3;7;239.109;0.0;0.0;0.0;239.109;239.109;0.0;15.0;3586.635
5;3;8;246.548;0.0;0.0;0.0;246.548;246.548;0.0;15.0;3698.2200000000003
5;3;9;191.93;0.0;0.0;0.0;191.93;191.93;0.0;15.0;2878.9500000000003
5;3;10;137.00400000000002;0.0;0.0;0.0;137.004;137.004;0.0;15.0;2055.06
5;3;11;133.54;0.0;0.0;0.0;133.54;133.54;0.0;15.0;2003.1
5;3;12;53.486000000000004;0.0;0.0;0.0;53.486;53.486;0.0;15.0;802.29
5;3;13;-77.6;77.6;0.0;0.0;0.0;0.0;77.6;15.0;0.0
5;3;14;-70.739;70.739;0.0;0.0;0.0;0.0;70.739;15.0;0.0
5;3;15;29.20900000000001;0.0;0.0;0.0;29.209;29.209;0.0;15.0;438.135
5;3;16;181.679;0.0;0.0;0.0;181.679;181.679;0.0;15.0;2725.185
5;3;17;245.279;0.0;0.0;0.0;245.279;245.279;0.0;15.0;3679.185
5;3;18;237.676;0.0;0.0;0.0;237.676;237.676;0.0;15.0;3565.14
5;3;19;78.495;0.0;0.0;0.0;78.495;78.495;0.0;15.0;1177.4250000000002
5;3;20;127.767;0.0;0.0;0.0;127.767;127.767;0.0;15.0;1916.5049999999999
5;3;21;219.543;0.0;0.0;0.0;219.543;219.543;0.0;15.0;3293.145
5;3;22;230.20399999999998;0.0;0.0;0.0;230.204;230.204;0.0;15.0;3453.06
5;3;23;216.975;0.0;0.0;0.0;216.975;216.975;0.0;15.0;3254.625
5;3;24;192.507;0.0;0.0;0.0;192.507;192.507;0.0;15.0;2887.605
5;3;25;172.862;0.0;0.0;0.0;172.862;172.862;0.0;15.0;2592.93
5;3;26;195.968;0.0;0.0;0.0;195.968;195.968;0.0;15.0;2939.52
5;3;27;196.633;0.0;0.0;0.0;196.633;196.633;0.0;15.0;2949.4950000000003
5;3;28;197.92100000000002;0.0;0.0;0.0;197.921;197.921;0.0;15.0;2968.815
5;3;29;200.68599999999998;0.0;0.0;0.0;200.686;200.686;0.0;15.0;3010.29
5;3;30;203.299;0.0;0.0;0.0;203.299;203.299;0.0;15.0;3049.485
5;3;31;229.98600000000002;0.0;0.0;0.0;229.986;229.986;0.0;15.0;3449.79
5;3;32;245.95800000000003;0.0;0.0;0.0;245.958;245.958;0.0;15.0;3689.37
5;3;33;212.00300000000001;0.0;0.0;0.0;212.003;212.003;0.0;15.0;3180.0449999999996
5;3;34;79.28999999999999;0.0;0.0;0.0;79.29;79.29;0.0;15.0;1189.3500000000001
5;3;35;53.383000000000024;0.0;0.0;0.0;53.383;53.383;0.0;15.0;800.745
5;3;36;23.306999999999974;0.0;0.0;0.0;23.307;23.307;0.0;15.0;349.60499999999996
5;3;37;62.223000000000006;0.0;0.0;0.0;62.223;62.223;0.0;15.0;933.345
5;3;38;184.59199999999998;0.0;0.0;0.0;184.592;184.592;0.0;15.0;2768.88
5;3;39;195.99400000000003;0.0;0.0;0.0;195.994;195.994;0.0;15.0;2939.91
5;3;40;224.55200000000002;0.0;0.0;0.0;224.552;224.552;0.0;15.0;3368.2799999999997
5;3;41;229.577;0.0;0.0;0.0;229.577;229.577;0.0;15.0;3443.6549999999997
5;3;42;239.27;0.0;0.0;0.0;239.27;239.27;0.0;15.0;3589.05
5;3;43;246.159;0.0;0.0;0.0;246.159;246.159;0.0;15.0;3692.3849999999998
5;3;44;238.148;0.0;0.0;0.0;238.148;238.148;0.0;15.0;3572.22
5;3;45;226.60899999999998;0.0;0.0;0.0;226.609;226.609;0.0;15.0;3399.135
5;3;46;216.32;0.0;0.0;0.0;216.32;216.32;0.0;15.0;3244.7999999999997
5;3;47;192.435;0.0;0.0;0.0;192.435;192.435;0.0;15.0;2886.525
5;3;48;120.08;0.0;0.0;0.0;120.08;120.08;0.0;15.0;1801.2
5;3;49;121.143;0.0;0.0;0.0;121.143;121.143;0.0;15.0;1817.145
5;3;50;113.843;0.0;0.0;0.0;113.843;113.843;0.0;15.0;1707.645
5;3;51;111.507;0.0;0.0;0.0;111.507;111.507;0.0;15.0;1672.605
5;3;52;109.782;0.0;0.0;0.0;109.782;109.782;0.0;15.0;1646.73
5;3;53;117.214;0.0;0.0;0.0;117.214;117.214;0.0;15.0;1758.21
5;3;54;120.502;0.0;0.0;0.0;120.502;120.502;0.0;15.0;1807.53
5;3;55;157.86700000000002;0.0;0.0;0.0;157.867;157.867;0.0;15.0;2368.0049999999997
5;3;56;169.557;0.0;0.0;0.0;169.557;169.557;0.0;15.0;2543.355
5;3;57;164.261;0.0;0.0;0.0;164.261;164.261;0.0;15.0;2463.915
5;3;58;128.04000000000002;0.0;0.0;0.0;128.04;128.04;0.0;15.0;1920.6
5;3;59;134.176;0.0;0.0;0.0;134.176;134.176;0.0;15.0;2012.6399999999999
5;3;60;61.15599999999999;0.0;0.0;0.0;61.156;61.156;0.0;15.0;917.34
5;3;61;2.1316282072803006e-14;0.0;0.0;0.0;0.0;0.0;0.0;15.0;0.0
5;3;62;0.0010000000000047748;0.0;0.0;0.0;0.001;0.001;0.0;15.0;0.015
5;3;63;59.568999999999996;0.0;0.0;0.0;59.569;59.569;0.0;15.0;893.5350000000001
5;3;64;149.802;0.0;0.0;0.0;149.802;149.802;0.0;15.0;2247.0299999999997
5;3;65;235.53199999999998;0.0;0.0;0.0;235.532;235.532;0.0;15.0;3532.98
5;3;66;223.39499999999998;0.0;0.0;0.0;223.395;223.395;0.0;15.0;3350.925
5;3;67;224.51100000000002;0.0;0.0;0.0;224.511;224.511;0.0;15.0;3367.665
5;3;68;167.968;0.0;0.0;0.0;167.968;167.968;0.0;15.0;2519.52
5;3;69;56.64;0.0;0.0;0.0;56.64;56.64;0.0;15.0;849.6
5;3;70;61.653;0.0;0.0;0.0;61.653;61.653;0.0;15.0;924.795
5;3;71;145.365;0.0;0.0;0.0;145.365;145.365;0.0;15.0;2180.4750000000004
5;3;72;119.82400000000001;0.0;0.0;0.0;119.824;119.824;0.0;15.0;1797.36
5;3;73;125.825;0.0;0.0;0.0;125.825;125.825;0.0;15.0;1887.375
5;3;74;126.611;0.0;0.0;0.0;126.611;126.611;0.0;15.0;1899.165
5;3;75;129.81900000000002;0.0;0.0;0.0;129.819;129.819;0.0;15.0;1947.2849999999999
5;3;76;129.423;0.0;0.0;0.0;129.423;129.423;0.0;15.0;1941.345
5;3;77;131.515;0.0;0.0;0.0;131.515;131.515;0.0;15.0;1972.725
5;3;78;179.649;0.0;0.0;0.0;179.649;179.649;0.0;15.0;2694.735
5;3;79;116.65;0.0;0.0;0.0;116.65;116.65;0.0;15.0;1749.75
5;3;80;170.73999999999998;0.0;0.0;0.0;170.74;170.74;0.0;15.0;2561.1000000000004
5;3;81;156.24099999999999;0.0;0.0;0.0;156.241;156.241;0.0;15.0;2343.6150000000002
5;3;82;155.728;0.0;0.0;0.0;155.728;155.728;0.0;15.0;2335.92
5;3;83;150.243;0.0;0.0;0.0;150.243;150.243;0.0;15.0;2253.645
5;3;84;154.19;0.0;0.0;0.0;154.19;154.19;0.0;15.0;2312.85
5;3;85;1.8249999999999886;0.0;0.0;0.0;1.825;1.825;0.0;15.0;27.375
5;3;86;15.74499999999999;0.0;0.0;0.0;15.745;15.745;0.0;15.0;236.17499999999998
5;3;87;92.74200000000002;0.0;0.0;0.0;92.742;92.742;0.0;15.0;1391.13
5;3;88;201.888;0.0;0.0;0.0;201.888;201.888;0.0;15.0;3028.32
5;3;89;212.92899999999997;0.0;0.0;0.0;212.929;212.929;0.0;15.0;3193.935
5;3;90;224.056;0.0;0.0;0.0;224.056;224.056;0.0;15.0;3360.84
5;3;91;238.745;0.0;0.0;0.0;238.745;238.745;0.0;15.0;3581.175
5;3;92;260.27099999999996;0.0;0.0;0.0;260.271;260.271;0.0;15.0;3904.065
5;3;93;248.285;0.0;0.0;0.0;248.285;248.285;0.0;15.0;3724.275
5;3;94;225.767;0.0;0.0;0.0;225.767;225.767;0.0;15.0;3386.505
5;3;95;229.334;0.0;0.0;0.0;229.334;229.334;0.0;15.0;3440.01
5;3;96;192.28;0.0;0.0;0.0;192.28;192.28;0.0;15.0;2884.2
5;3;97;201.298;0.0;0.0;0.0;201.298;201.298;0.0;15.0;3019.4700000000003
5;3;98;196.225;0.0;0.0;0.0;196.225;196.225;0.0;15.0;2943.375
5;3;99;198.709;0.0;0.0;0.0;198.709;198.709;0.0;15.0;2980.635
5;3;100;195.554;0.0;0.0;0.0;195.554;195.554;0.0;15.0;2933.31
5;3;101;194.01;0.0;0.0;0.0;194.01;194.01;0.0;15.0;2910.1499999999996
5;3;102;193.29;0.0;0.0;0.0;193.29;193.29;0.0;15.0;2899.35
5;3;103;221.50799999999998;0.0;0.0;0.0;221.508;221.508;0.0;15.0;3322.6200000000003
5;3;104;232.466;0.0;0.0;0.0;232.466;232.466;0.0;15.0;3486.9900000000002
5;3;105;243.01;0.0;0.0;0.0;243.01;243.01;0.0;15.0;3645.1499999999996
5;3;106;245.84599999999998;0.0;0.0;0.0;245.846;245.846;0.0;15.0;3687.69
5;3;107;237.44599999999997;0.0;0.0;0.0;237.446;237.446;0.0;15.0;3561.69
5;3;108;228.495;0.0;0.0;0.0;228.495;228.495;0.0;15.0;3427.425
5;3;109;213.30900000000003;0.0;0.0;0.0;213.309;213.309;0.0;15.0;3199.6349999999998
5;3;110;237.87599999999998;0.0;0.0;0.0;237.876;237.876;0.0;15.0;3568.14
5;3;111;230.963;0.0;0.0;0.0;230.963;230.963;0.0;15.0;3464.4449999999997
5;3;112;243.93699999999998;0.0;0.0;0.0;243.937;243.937;0.0;15.0;3659.0550000000003
5;3;113;247.10999999999999;0.0;0.0;0.0;247.11;247.11;0.0;15.0;3706.65
5;3;114;240.478;0.0;0.0;0.0;240.478;240.478;0.0;15.0;3607.17
5;3;115;259.685;0.0;0.0;0.0;259.685;259.685;0.0;15.0;3895.275
5;3;116;242.358;0.0;0.0;0.0;242.358;242.358;0.0;15.0;3635.37
5;3;117;236.35899999999998;0.0;0.0;0.0;236.359;236.359;0.0;15.0;3545.385
5;3;118;233.935;0.0;0.0;0.0;233.935;233.935;0.0;15.0;3509.025
5;3;119;216.027;0.0;0.0;0.0;216.027;216.027;0.0;15.0;3240.4049999999997
5;3;120;186.024;0.0;0.0;0.0;186.024;186.024;0.0;15.0;2790.36
5;3;121;192.09799999999998;0.0;0.0;0.0;192.098;192.098;0.0;15.0;2881.4700000000003
5;3;122;191.06;0.0;0.0;0.0;191.06;191.06;0.0;15.0;2865.9
5;3;123;193.584;0.0;0.0;0.0;193.584;193.584;0.0;15.0;2903.76
5;3;124;196.13;0.0;0.0;0.0;196.13;196.13;0.0;15.0;2941.95
5;3;125;199.55;0.0;0.0;0.0;199.55;199.55;0.0;15.0;2993.25
5;3;126;201.80700000000002;0.0;0.0;0.0;201.807;201.807;0.0;15.0;3027.105
5;3;127;235.512;0.0;0.0;0.0;235.512;235.512;0.0;15.0;3532.68
5;3;128;249.358;0.0;0.0;0.0;249.358;249.358;0.0;15.0;3740.37
5;3;129;239.745;0.0;0.0;0.0;239.745;239.745;0.0;15.0;3596.175
5;3;130;211.839;0.0;0.0;0.0;211.839;211.839;0.0;15.0;3177.585
5;3;131;218.29999999999998;0.0;0.0;0.0;218.3;218.3;0.0;15.0;3274.5
5;3;132;160.223;0.0;0.0;0.0;160.223;160.223;0.0;15.0;2403.3450000000003
5;3;133;146.95999999999998;0.0;0.0;0.0;146.96;146.96;0.0;15.0;2204.4
5;3;134;223.86699999999996;0.0;0.0;0.0;223.867;223.867;0.0;15.0;3358.0049999999997
5;3;135;226.089;0.0;0.0;0.0;226.089;226.089;0.0;15.0;3391.335
5;3;136;240.77599999999998;0.0;0.0;0.0;240.776;240.776;0.0;15.0;3611.6400000000003
5;3;137;240.90499999999997;0.0;0.0;0.0;240.905;240.905;0.0;15.0;3613.575
5;3;138;248.766;0.0;0.0;0.0;248.766;248.766;0.0;15.0;3731.49
5;3;139;259.943;0.0;0.0;0.0;259.943;259.943;0.0;15.0;3899.1449999999995
5;3;140;243.814;0.0;0.0;0.0;243.814;243.814;0.0;15.0;3657.21
5;3;141;240.22899999999998;0.0;0.0;0.0;240.229;240.229;0.0;15.0;3603.4350000000004
5;3;142;248.483;0.0;0.0;0.0;248.483;248.483;0.0;15.0;3727.245
5;3;143;217.85;0.0;0.0;0.0;217.85;217.85;0.0;15.0;3267.75
5;3;144;196.506;0.0;0.0;0.0;196.506;196.506;0.0;15.0;2947.59
5;3;145;198.589;0.0;0.0;0.0;198.589;198.589;0.0;15.0;2978.835
5;3;146;197.155;0.0;0.0;0.0;197.155;197.155;0.0;15.0;2957.325
5;3;147;200.638;0.0;0.0;0.0;200.638;200.638;0.0;15.0;3009.57
5;3;148;198.55;0.0;0.0;0.0;198.55;198.55;0.0;15.0;2978.25
5;3;149;201.367;0.0;0.0;0.0;201.367;201.367;0.0;15.0;3020.5049999999997
5;3;150;207.145;0.0;0.0;0.0;207.145;207.145;0.0;15.0;3107.175
5;3;151;236.786;0.0;0.0;0.0;236.786;236.786;0.0;15.0;3551.79
5;3;152;254.377;0.0;0.0;0.0;254.377;254.377;0.0;15.0;3815.655
5;3;153;198.318;0.0;0.0;0.0;198.318;198.318;0.0;15.0;2974.77
5;3;154;113.94500000000001;0.0;0.0;0.0;113.945;113.945;0.0;15.0;1709.175
5;3;155;149.821;0.0;0.0;0.0;149.821;149.821;0.0;15.0;2247.315
5;3;156;163.87800000000001;0.0;0.0;0.0;163.878;163.878;0.0;15.0;2458.1699999999996
5;3;157;194.631;0.0;0.0;0.0;194.631;194.631;0.0;15.0;2919.465
5;3;158;145.58999999999997;0.0;0.0;0.0;145.59;145.59;0.0;15.0;2183.85
5;3;159;199.336;0.0;0.0;0.0;199.336;199.336;0.0;15.0;2990.04
5;3;160;200.938;0.0;0.0;0.0;200.938;200.938;0.0;15.0;3014.0699999999997
5;3;161;190.553;0.0;0.0;0.0;190.553;190.553;0.0;15.0;2858.295
5;3;162;205.704;0.0;0.0;0.0;205.704;205.704;0.0;15.0;3085.56
5;3;163;214.152;0.0;0.0;0.0;214.152;214.152;0.0;15.0;3212.2799999999997
5;3;164;200.39300000000003;0.0;0.0;0.0;200.393;200.393;0.0;15.0;3005.895
5;3;165;233.183;0.0;0.0;0.0;233.183;233.183;0.0;15.0;3497.745
5;3;166;229.933;0.0;0.0;0.0;229.933;229.933;0.0;15.0;3448.995
5;3;167;208.963;0.0;0.0;0.0;208.963;208.963;0.0;15.0;3134.4449999999997
10;0;0;16.917;0.0;0.0;0.0;16.917;16.917;0.0;6.0;101.50200000000001
10;0;1;120.841;0.0;0.0;0.0;120.841;120.841;0.0;6.0;725.0459999999999
10;0;2;20.233;0.0;0.0;0.0;20.233;20.233;0.0;6.0;121.398
10;0;3;116.169;0.0;0.0;0.0;116.169;116.169;0.0;6.0;697.014
10;0;4;116.351;0.0;0.0;0.0;116.351;116.351;0.0;6.0;698.106
10;0;5;120.229;0.0;0.0;0.0;120.229;120.229;0.0;6.0;721.374
10;0;6;138.315;0.0;0.0;0.0;138.315;138.315;0.0;6.0;829.89
10;0;7;172.713;0.0;0.0;0.0;172.713;172.713;0.0;6.0;1036.278
10;0;8;113.57900000000001;0.0;0.0;0.0;113.579;113.579;0.0;6.0;681.4739999999999
10;0;9;-1.4210854715202004e-14;0.0;0.0;0.0;0.0;0.0;0.0;6.0;0.0
10;0;10;7.105427357601002e-15;0.0;0.0;0.0;0.0;0.0;0.0;6.0;0.0
10;0;11;0.0009999999999976694;0.0;0.0;0.0;0.001;0.001;0.0;6.0;0.006
10;0;12;7.105427357601002e-15;0.0;0.0;0.0;0.0;0.0;0.0;6.0;0.0
10;0;13;83.62100000000001;0.0;0.0;0.0;83.621;83.621;0.0;6.0;501.726
10;0;14;12.127000000000002;0.0;0.0;0.0;12.127;12.127;0.0;6.0;72.762
10;0;15;7.105427357601002e-15;0.0;0.0;0.0;0.0;0.0;0.0;6.0;0.0
10;0;16;12.877999999999993;0.0;0.0;0.0;12.878;12.878;0.0;6.0;77.268
10;0;17;105.828;0.0;0.0;0.0;105.828;105.828;0.0;6.0;634.9680000000001
10;0;18;218.63700000000003;0.0;0.0;0.0;218.637;218.637;0.0;6.0;1311.8220000000001
10;0;19;73.206;0.0;0.0;0.0;73.206;73.206;0.0;6.0;439.236
10;0;20;161.03699999999998;0.0;0.0;0.0;161.037;161.037;0.0;6.0;966.222
10;0;21;210.863;0.0;0.0;0.0;210.863;210.863;0.0;6.0;1265.1779999999999
10;0;22;201.902;0.0;0.0;0.0;201.902;201.902;0.0;6.0;1211.4119999999998
10;0;23;196.415;0.0;0.0;0.0;196.415;196.415;0.0;6.0;1178.49
10;0;24;16.85;0.0;0.0;0.0;16.85;16.85;0.0;6.0;101.10000000000001
10;0;25;18.334;0.0;0.0;0.0;18.334;18.334;0.0;6.0;110.00399999999999
10;0;26;80.24600000000001;0.0;0.0;0.0;80.246;80.246;0.0;6.0;481.476
10;0;27;178.161;0.0;0.0;0.0;178.161;178.161;0.0;6.0;1068.966
10;0;28;177.45700000000002;0.0;0.0;0.0;177.457;177.457;0.0;6.0;1064.742
10;0;29;181.892;0.0;0.0;0.0;181.892;181.892;0.0;6.0;1091.3519999999999
10;0;30;23.287;0.0;0.0;0.0;23.287;23.287;0.0;6.0;139.72199999999998
10;0;31;152.322;0.0;0.0;0.0;152.322;152.322;0.0;6.0;913.932
10;0;32;137.934;0.0;0.0;0.0;137.934;137.934;0.0;6.0;827.604
10;0;33;24.35799999999999;0.0;0.0;0.0;24.358;24.358;0.0;6.0;146.148
10;0;34;-7.105427357601002e-15;0.0;0.0;0.0;0.0;0.0;0.0;6.0;0.0
10;0;35;-7.591999999999999;7.592;0.0;0.0;0.0;0.0;7.592;6.0;0.0
10;0;36;0.0;0.0;0.0;0.0;0.0;0.0;0.0;6.0;0.0
10;0;37;-100.84699999999998;100.847;0.0;0.0;0.0;0.0;100.847;6.0;0.0
10;0;38;-142.93599999999998;142.936;0.0;0.0;0.0;0.0;142.936;6.0;0.0
10;0;39;-76.172;76.172;0.0;0.0;0.0;0.0;76.172;6.0;0.0
10;0;40;7.105427357601002e-15;0.0;0.0;0.0;0.0;0.0;0.0;6.0;0.0
10;0;41;37.096000000000004;0.0;0.0;0.0;37.096;37.096;0.0;6.0;222.57599999999996
10;0;42;205.78599999999997;0.0;0.0;0.0;205.786;205.786;0.0;6.0;1234.716
10;0;43;221.38;0.0;0.0;0.0;221.38;221.38;0.0;6.0;1328.28
10;0;44;220.877;0.0;0.0;0.0;220.877;220.877;0.0;6.0;1325.2620000000002
10;0;45;58.305;0.0;0.0;0.0;58.305;58.305;0.0;6.0;349.83
10;0;46;120.865;0.0;0.0;0.0;120.865;120.865;0.0;6.0;725.1899999999999
10;0;47;46.733;0.0;0.0;0.0;46.733;46.733;0.0;6.0;280.39799999999997
10;0;48;17.282;0.0;0.0;0.0;17.282;17.282;0.0;6.0;103.69200000000001
10;0;49;19.915;0.0;0.0;0.0;19.915;19.915;0.0;6.0;119.49
10;0;50;19.197;0.0;0.0;0.0;19.197;19.197;0.0;6.0;115.18199999999999
10;0;51;18.749;0.0;0.0;0.0;18.749;18.749;0.0;6.0;112.494
10;0;52;19.09;0.0;0.0;0.0;19.09;19.09;0.0;6.0;114.53999999999999
10;0;53;104.97800000000001;0.0;0.0;0.0;104.978;104.978;0.0;6.0;629.8679999999999
10;0;54;110.783;0.0;0.0;0.0;110.783;110.783;0.0;6.0;664.698
10;0;55;168.337;0.0;0.0;0.0;168.337;168.337;0.0;6.0;1010.0219999999999
10;0;56;137.283;0.0;0.0;0.0;137.283;137.283;0.0;6.0;823.6979999999999
10;0;57;60.01900000000001;0.0;0.0;0.0;60.019;60.019;0.0;6.0;360.114
10;0;58;0.0;0.0;0.0;0.0;0.0;0.0;0.0;6.0;0.0
10;0;59;-4.0760000000000005;4.076;0.0;0.0;0.0;0.0;4.076;6.0;0.0
10;0;60;47.834;0.0;0.0;0.0;47.834;47.834;0.0;6.0;287.004
10;0;61;3.952999999999996;0.0;0.0;0.0;3.953;3.953;0.0;6.0;23.718
10;0;62;14.378;0.0;0.0;0.0;14.378;14.378;0.0;6.0;86.268
10;0;63;-3.5590000000000046;3.559;0.0;0.0;0.0;0.0;3.559;6.0;0.0
10;0;64;-8.533999999999992;8.534;0.0;0.0;0.0;0.0;8.534;6.0;0.0
10;0;65;34.924;0.0;0.0;0.0;34.924;34.924;0.0;6.0;209.54399999999998
10;0;66;83.52;0.0;0.0;0.0;83.52;83.52;0.0;6.0;501.12
10;0;67;205.20499999999998;0.0;0.0;0.0;205.205;205.205;0.0;6.0;1231.23
10;0;68;204.29700000000003;0.0;0.0;0.0;204.297;204.297;0.0;6.0;1225.782
10;0;69;210.473;0.0;0.0;0.0;210.473;210.473;0.0;6.0;1262.8380000000002
10;0;70;192.92399999999998;0.0;0.0;0.0;192.924;192.924;0.0;6.0;1157.544
10;0;71;185.433;0.0;0.0;0.0;185.433;185.433;0.0;6.0;1112.598
10;0;72;16.68;0.0;0.0;0.0;16.68;16.68;0.0;6.0;100.08
10;0;73;18.497;0.0;0.0;0.0;18.497;18.497;0.0;6.0;110.982
10;0;74;18.753;0.0;0.0;0.0;18.753;18.753;0.0;6.0;112.518
10;0;75;19.291;0.0;0.0;0.0;19.291;19.291;0.0;6.0;115.74600000000001
10;0;76;18.646;0.0;0.0;0.0;18.646;18.646;0.0;6.0;111.876
10;0;77;19.385;0.0;0.0;0.0;19.385;19.385;0.0;6.0;116.31
10;0;78;21.275;0.0;0.0;0.0;21.275;21.275;0.0;6.0;127.64999999999999
10;0;79;183.676;0.0;0.0;0.0;183.676;183.676;0.0;6.0;1102.056
10;0;80;82.443;0.0;0.0;0.0;82.443;82.443;0.0;6.0;494.658
10;0;81;110.946;0.0;0.0;0.0;110.946;110.946;0.0;6.0;665.6759999999999
10;0;82;96.87299999999999;0.0;0.0;0.0;96.873;96.873;0.0;6.0;581.238
10;0;83;62.921;0.0;0.0;0.0;62.921;62.921;0.0;6.0;377.526
10;0;84;29.141;0.0;0.0;0.0;29.141;29.141;0.0;6.0;174.846
10;0;85;33.62;0.0;0.0;0.0;33.62;33.62;0.0;6.0;201.71999999999997
10;0;86;78.69300000000001;0.0;0.0;0.0;78.693;78.693;0.0;6.0;472.158
10;0;87;39.14;0.0;0.0;0.0;39.14;39.14;0.0;6.0;234.84
10;0;88;143.24300000000002;0.0;0.0;0.0;143.243;143.243;0.0;6.0;859.458
10;0;89;123.15;0.0;0.0;0.0;123.15;123.15;0.0;6.0;738.9000000000001
10;0;90;46.388000000000005;0.0;0.0;0.0;46.388;46.388;0.0;6.0;278.328
10;0;91;109.264;0.0;0.0;0.0;109.264;109.264;0.0;6.0;655.584
10;0;92;251.157;0.0;0.0;0.0;251.157;251.157;0.0;6.0;1506.942
10;0;93;106.747;0.0;0.0;0.0;106.747;106.747;0.0;6.0;640.482
10;0;94;177.64100000000002;0.0;0.0;0.0;177.641;177.641;0.0;6.0;1065.846
10;0;95;183.679;0.0;0.0;0.0;183.679;183.679;0.0;6.0;1102.074
10;0;96;185.516;0.0;0.0;0.0;185.516;185.516;0.0;6.0;1113.096
10;0;97;194.195;0.0;0.0;0.0;194.195;194.195;0.0;6.0;1165.17
10;0;98;188.964;0.0;0.0;0.0;188.964;188.964;0.0;6.0;1133.784
10;0;99;190.601;0.0;0.0;0.0;190.601;190.601;0.0;6.0;1143.606
10;0;100;191.253;0.0;0.0;0.0;191.253;191.253;0.0;6.0;1147.518
10;0;101;191.46699999999998;0.0;0.0;0.0;191.467;191.467;0.0;6.0;1148.8020000000001
10;0;102;191.53199999999998;0.0;0.0;0.0;191.532;191.532;0.0;6.0;1149.192
10;0;103;229.53699999999998;0.0;0.0;0.0;229.537;229.537;0.0;6.0;1377.222
10;0;104;196.78300000000002;0.0;0.0;0.0;196.783;196.783;0.0;6.0;1180.6979999999999
10;0;105;121.99499999999998;0.0;0.0;0.0;121.995;121.995;0.0;6.0;731.97
10;0;106;129.329;0.0;0.0;0.0;129.329;129.329;0.0;6.0;775.974
10;0;107;143.536;0.0;0.0;0.0;143.536;143.536;0.0;6.0;861.216
10;0;108;135.25500000000002;0.0;0.0;0.0;135.255;135.255;0.0;6.0;811.53
10;0;109;132.163;0.0;0.0;0.0;132.163;132.163;0.0;6.0;792.9780000000001
10;0;110;23.240000000000002;0.0;0.0;0.0;23.24;23.24;0.0;6.0;139.44
10;0;111;38.306000000000004;0.0;0.0;0.0;38.306;38.306;0.0;6.0;229.83599999999998
10;0;112;201.623;0.0;0.0;0.0;201.623;201.623;0.0;6.0;1209.7379999999998
10;0;113;214.952;0.0;0.0;0.0;214.952;214.952;0.0;6.0;1289.712
10;0;114;238.88299999999998;0.0;0.0;0.0;238.883;238.883;0.0;6.0;1433.298
10;0;115;135.899;0.0;0.0;0.0;135.899;135.899;0.0;6.0;815.394
10;0;116;82.816;0.0;0.0;0.0;82.816;82.816;0.0;6.0;496.896
10;0;117;219.57299999999998;0.0;0.0;0.0;219.573;219.573;0.0;6.0;1317.438
10;0;118;205.28300000000002;0.0;0.0;0.0;205.283;205.283;0.0;6.0;1231.6979999999999
10;0;119;183.664;0.0;0.0;0.0;183.664;183.664;0.0;6.0;1101.984
10;0;120;169.56099999999998;0.0;0.0;0.0;169.561;169.561;0.0;6.0;1017.366
10;0;121;171.83599999999998;0.0;0.0;0.0;171.836;171.836;0.0;6.0;1031.016
10;0;122;170.796;0.0;0.0;0.0;170.796;170.796;0.0;6.0;1024.7759999999998
10;0;123;174.75;0.0;0.0;0.0;174.75;174.75;0.0;6.0;1048.5
10;0;124;175.721;0.0;0.0;0.0;175.721;175.721;0.0;6.0;1054.326
10;0;125;177.987;0.0;0.0;0.0;177.987;177.987;0.0;6.0;1067.922
10;0;126;193.948;0.0;0.0;0.0;193.948;193.948;0.0;6.0;1163.688
10;0;127;229.004;0.0;0.0;0.0;229.004;229.004;0.0;6.0;1374.024
10;0;128;178.253;0.0;0.0;0.0;178.253;178.253;0.0;6.0;1069.518
10;0;129;60.324999999999996;0.0;0.0;0.0;60.325;60.325;0.0;6.0;361.95000000000005
10;0;130;55.479999999999976;0.0;0.0;0.0;55.48;55.48;0.0;6.0;332.88
10;0;131;124.35400000000001;0.0;0.0;0.0;124.354;124.354;0.0;6.0;746.124
10;0;132;147.905;0.0;0.0;0.0;147.905;147.905;0.0;6.0;887.4300000000001
10;0;133;109.37299999999999;0.0;0.0;0.0;109.373;109.373;0.0;6.0;656.238
10;0;134;114.12700000000001;0.0;0.0;0.0;114.127;114.127;0.0;6.0;684.762
10;0;135;81.315;0.0;0.0;0.0;81.315;81.315;0.0;6.0;487.89
10;0;136;103.399;0.0;0.0;0.0;103.399;103.399;0.0;6.0;620.394
10;0;137;112.286;0.0;0.0;0.0;112.286;112.286;0.0;6.0;673.716
10;0;138;242.742;0.0;0.0;0.0;242.742;242.742;0.0;6.0;1456.452
10;0;139;239.45299999999997;0.0;0.0;0.0;239.453;239.453;0.0;6.0;1436.718
10;0;140;244.09499999999997;0.0;0.0;0.0;244.095;244.095;0.0;6.0;1464.57
10;0;141;212.644;0.0;0.0;0.0;212.644;212.644;0.0;6.0;1275.864
10;0;142;70.845;0.0;0.0;0.0;70.845;70.845;0.0;6.0;425.07
10;0;143;40.193;0.0;0.0;0.0;40.193;40.193;0.0;6.0;241.158
10;0;144;193.743;0.0;0.0;0.0;193.743;193.743;0.0;6.0;1162.458
10;0;145;171.929;0.0;0.0;0.0;171.929;171.929;0.0;6.0;1031.574
10;0;146;199.135;0.0;0.0;0.0;199.135;199.135;0.0;6.0;1194.81
10;0;147;202.197;0.0;0.0;0.0;202.197;202.197;0.0;6.0;1213.182
10;0;148;203.421;0.0;0.0;0.0;203.421;203.421;0.0;6.0;1220.5259999999998
10;0;149;204.558;0.0;0.0;0.0;204.558;204.558;0.0;6.0;1227.348
10;0;150;211.047;0.0;0.0;0.0;211.047;211.047;0.0;6.0;1266.282
10;0;151;244.952;0.0;0.0;0.0;244.952;244.952;0.0;6.0;1469.712
10;0;152;148.24900000000002;0.0;0.0;0.0;148.249;148.249;0.0;6.0;889.4939999999999
10;0;153;-8.70300000000001;8.703;0.0;0.0;0.0;0.0;8.703;6.0;0.0
10;0;154;-71.12;71.12;0.0;0.0;0.0;0.0;71.12;6.0;0.0
10;0;155;-7.105427357601002e-15;0.0;0.0;0.0;0.0;0.0;0.0;6.0;0.0
10;0;156;-66.54500000000002;66.545;0.0;0.0;0.0;0.0;66.545;6.0;0.0
10;0;157;85.96199999999999;0.0;0.0;0.0;85.962;85.962;0.0;6.0;515.772
10;0;158;179.52399999999997;0.0;0.0;0.0;179.524;179.524;0.0;6.0;1077.144
10;0;159;131.54299999999998;0.0;0.0;0.0;131.543;131.543;0.0;6.0;789.258
10;0;160;89.78799999999998;0.0;0.0;0.0;89.788;89.788;0.0;6.0;538.728
10;0;161;155.558;0.0;0.0;0.0;155.558;155.558;0.0;6.0;933.348
10;0;162;229.027;0.0;0.0;0.0;229.027;229.027;0.0;6.0;1374.1619999999998
10;0;163;256.471;0.0;0.0;0.0;256.471;256.471;0.0;6.0;1538.826
10;0;164;259.635;0.0;0.0;0.0;259.635;259.635;0.0;6.0;1557.81
10;0;165;258.006;0.0;0.0;0.0;258.006;258.006;0.0;6.0;1548.0359999999998
10;0;166;130.54;0.0;0.0;0.0;130.54;130.54;0.0;6.0;783.24
10;0;167;236.095;0.0;0.0;0.0;236.095;236.095;0.0;6.0;1416.57
10;1;0;16.763;0.0;0.0;0.0;16.763;16.763;0.0;20.0;335.26000000000005
10;1;1;17.892;0.0;0.0;0.0;17.892;17.892;0.0;20.0;357.84
10;1;2;18.353;0.0;0.0;0.0;18.353;18.353;0.0;20.0;367.06000000000006
10;1;3;19.991;0.0;0.0;0.0;19.991;19.991;0.0;20.0;399.82
10;1;4;21.049;0.0;0.0;0.0;21.049;21.049;0.0;20.0;420.98
10;1;5;19.563;0.0;0.0;0.0;19.563;19.563;0.0;20.0;391.26
10;1;6;21.012;0.0;0.0;0.0;21.012;21.012;0.0;20.0;420.24
10;1;7;-15.193999999999996;15.194;0.0;0.0;0.0;0.0;15.194;20.0;0.0
10;1;8;-94.96799999999999;94.968;0.0;0.0;0.0;0.0;94.968;20.0;0.0
10;1;9;-203.44400000000002;203.444;0.0;0.0;0.0;0.0;203.444;20.0;0.0
10;1;10;-296.13899999999995;296.139;0.0;0.0;0.0;0.0;296.139;20.0;0.0
10;1;11;-351.091;351.091;0.0;0.0;0.0;0.0;351.091;20.0;0.0
10;1;12;-390.086;361.91;0.0;28.176;0.0;0.0;390.086;20.0;0.0
10;1;13;-437.93100000000004;376.358;0.0;61.573;0.0;0.0;437.931;20.0;0.0
10;1;14;-347.302;347.302;0.0;0.0;0.0;0.0;347.302;20.0;0.0
10;1;15;-226.36900000000003;226.369;0.0;0.0;0.0;0.0;226.369;20.0;0.0
10;1;16;-128.805;128.805;0.0;0.0;0.0;0.0;128.805;20.0;0.0
10;1;17;-59.019999999999996;59.02;0.0;0.0;0.0;0.0;59.02;20.0;0.0
10;1;18;4.0589999999999975;0.0;0.0;0.0;4.059;4.059;0.0;20.0;81.18
10;1;19;71.641;0.0;0.0;0.0;71.641;71.641;0.0;20.0;1432.8200000000002
10;1;20;73.7;0.0;0.0;0.0;73.7;73.7;0.0;20.0;1474.0
10;1;21;70.329;0.0;0.0;0.0;70.329;70.329;0.0;20.0;1406.58
10;1;22;58.006;0.0;0.0;0.0;58.006;58.006;0.0;20.0;1160.12
10;1;23;41.519;0.0;0.0;0.0;41.519;41.519;0.0;20.0;830.38
10;1;24;17.033;0.0;0.0;0.0;17.033;17.033;0.0;20.0;340.66
10;1;25;22.962;0.0;0.0;0.0;22.962;22.962;0.0;20.0;459.24
10;1;26;19.109;0.0;0.0;0.0;19.109;19.109;0.0;20.0;382.18000000000006
10;1;27;19.443;0.0;0.0;0.0;19.443;19.443;0.0;20.0;388.86
10;1;28;18.48;0.0;0.0;0.0;18.48;18.48;0.0;20.0;369.6
10;1;29;20.301;0.0;0.0;0.0;20.301;20.301;0.0;20.0;406.02
10;1;30;20.95;0.0;0.0;0.0;20.95;20.95;0.0;20.0;419.0
10;1;31;0.0010000000000047748;0.0;0.0;0.0;0.001;0.001;0.0;20.0;0.02
10;1;32;-88.57299999999998;88.573;0.0;0.0;0.0;0.0;88.573;20.0;0.0
10;1;33;-198.01500000000001;198.015;0.0;0.0;0.0;0.0;198.015;20.0;0.0
10;1;34;-274.04599999999994;274.046;0.0;0.0;0.0;0.0;274.046;20.0;0.0
10;1;35;-351.963;351.963;0.0;0.0;0.0;0.0;351.963;20.0;0.0
10;1;36;-437.55899999999997;361.077;0.0;76.482;0.0;0.0;437.559;20.0;0.0
10;1;37;-440.28;366.789;0.0;73.491;0.0;0.0;440.28;20.0;0.0
10;1;38;-410.20099999999996;397.994;0.0;12.207;0.0;0.0;410.201;20.0;0.0
10;1;39;-341.74199999999996;341.742;0.0;0.0;0.0;0.0;341.742;20.0;0.0
10;1;40;-238.29699999999997;238.297;0.0;0.0;0.0;0.0;238.297;20.0;0.0
10;1;41;-58.69500000000001;58.695;0.0;0.0;0.0;0.0;58.695;20.0;0.0
10;1;42;-18.083999999999996;18.084;0.0;0.0;0.0;0.0;18.084;20.0;0.0
10;1;43;57.87599999999999;0.0;0.0;0.0;57.876;57.876;0.0;20.0;1157.52
10;1;44;77.275;0.0;0.0;0.0;77.275;77.275;0.0;20.0;1545.5
10;1;45;65.547;0.0;0.0;0.0;65.547;65.547;0.0;20.0;1310.94
10;1;46;56.193;0.0;0.0;0.0;56.193;56.193;0.0;20.0;1123.86
10;1;47;56.054;0.0;0.0;0.0;56.054;56.054;0.0;20.0;1121.08
10;1;48;17.665;0.0;0.0;0.0;17.665;17.665;0.0;20.0;353.29999999999995
10;1;49;19.433;0.0;0.0;0.0;19.433;19.433;0.0;20.0;388.65999999999997
10;1;50;18.81;0.0;0.0;0.0;18.81;18.81;0.0;20.0;376.2
10;1;51;18.246;0.0;0.0;0.0;18.246;18.246;0.0;20.0;364.91999999999996
10;1;52;22.32;0.0;0.0;0.0;22.32;22.32;0.0;20.0;446.4
10;1;53;19.955;0.0;0.0;0.0;19.955;19.955;0.0;20.0;399.09999999999997
10;1;54;22.009999999999998;0.0;0.0;0.0;22.01;22.01;0.0;20.0;440.20000000000005
10;1;55;18.981999999999996;0.0;0.0;0.0;18.982;18.982;0.0;20.0;379.64
10;1;56;-74.325;74.325;0.0;0.0;0.0;0.0;74.325;20.0;0.0
10;1;57;-184.299;184.299;0.0;0.0;0.0;0.0;184.299;20.0;0.0
10;1;58;-276.147;276.147;0.0;0.0;0.0;0.0;276.147;20.0;0.0
10;1;59;-343.67;337.0;0.0;6.67;0.0;0.0;343.67;20.0;0.0
10;1;60;-400.296;337.623;0.0;62.673;0.0;0.0;400.296;20.0;0.0
10;1;61;-353.425;337.748;0.0;15.677;0.0;0.0;353.425;20.0;0.0
10;1;62;-208.19700000000003;208.197;0.0;0.0;0.0;0.0;208.197;20.0;0.0
10;1;63;-0.6669999999999945;0.667;0.0;0.0;0.0;0.0;0.667;20.0;0.0
10;1;64;-126.036;126.036;0.0;0.0;0.0;0.0;126.036;20.0;0.0
10;1;65;-89.578;89.578;0.0;0.0;0.0;0.0;89.578;20.0;0.0
10;1;66;1.3220000000000027;0.0;0.0;0.0;1.322;1.322;0.0;20.0;26.44
10;1;67;53.818;0.0;0.0;0.0;53.818;53.818;0.0;20.0;1076.36
10;1;68;77.337;0.0;0.0;0.0;77.337;77.337;0.0;20.0;1546.74
10;1;69;64.027;0.0;0.0;0.0;64.027;64.027;0.0;20.0;1280.54
10;1;70;58.409;0.0;0.0;0.0;58.409;58.409;0.0;20.0;1168.18
10;1;71;39.712;0.0;0.0;0.0;39.712;39.712;0.0;20.0;794.24
10;1;72;17.553;0.0;0.0;0.0;17.553;17.553;0.0;20.0;351.06
10;1;73;19.72;0.0;0.0;0.0;19.72;19.72;0.0;20.0;394.4
10;1;74;19.438;0.0;0.0;0.0;19.438;19.438;0.0;20.0;388.76
10;1;75;18.504;0.0;0.0;0.0;18.504;18.504;0.0;20.0;370.08000000000004
10;1;76;18.562;0.0;0.0;0.0;18.562;18.562;0.0;20.0;371.24
10;1;77;23.894;0.0;0.0;0.0;23.894;23.894;0.0;20.0;477.88
10;1;78;18.954;0.0;0.0;0.0;18.954;18.954;0.0;20.0;379.08000000000004
10;1;79;-11.238;11.238;0.0;0.0;0.0;0.0;11.238;20.0;0.0
10;1;80;-108.717;108.717;0.0;0.0;0.0;0.0;108.717;20.0;0.0
10;1;81;-227.64200000000002;197.214;0.0;30.428;0.0;0.0;227.642;20.0;0.0
10;1;82;-331.284;203.637;0.0;127.647;0.0;0.0;331.284;20.0;0.0
10;1;83;-407.49799999999993;195.692;0.0;211.806;0.0;0.0;407.498;20.0;0.0
10;1;84;-443.338;190.132;0.0;253.206;0.0;0.0;443.338;20.0;0.0
10;1;85;-403.39599999999996;189.348;0.0;214.048;0.0;0.0;403.396;20.0;0.0
10;1;86;-350.55;194.25;0.0;156.3;0.0;0.0;350.55;20.0;0.0
10;1;87;-279.261;279.261;0.0;0.0;0.0;0.0;279.261;20.0;0.0
10;1;88;-158.859;158.859;0.0;0.0;0.0;0.0;158.859;20.0;0.0
10;1;89;-74.268;74.268;0.0;0.0;0.0;0.0;74.268;20.0;0.0
10;1;90;-19.570999999999998;19.571;0.0;0.0;0.0;0.0;19.571;20.0;0.0
10;1;91;57.779;0.0;0.0;0.0;57.779;57.779;0.0;20.0;1155.5800000000002
10;1;92;67.966;0.0;0.0;0.0;67.966;67.966;0.0;20.0;1359.32
10;1;93;64.396;0.0;0.0;0.0;64.396;64.396;0.0;20.0;1287.92
10;1;94;58.339;0.0;0.0;0.0;58.339;58.339;0.0;20.0;1166.78
10;1;95;49.996;0.0;0.0;0.0;49.996;49.996;0.0;20.0;999.9200000000001
10;1;96;16.783;0.0;0.0;0.0;16.783;16.783;0.0;20.0;335.66
10;1;97;18.711;0.0;0.0;0.0;18.711;18.711;0.0;20.0;374.21999999999997
10;1;98;22.833;0.0;0.0;0.0;22.833;22.833;0.0;20.0;456.65999999999997
10;1;99;19.229;0.0;0.0;0.0;19.229;19.229;0.0;20.0;384.58
10;1;100;18.228;0.0;0.0;0.0;18.228;18.228;0.0;20.0;364.56000000000006
10;1;101;19.633;0.0;0.0;0.0;19.633;19.633;0.0;20.0;392.65999999999997
10;1;102;17.152;0.0;0.0;0.0;17.152;17.152;0.0;20.0;343.04
10;1;103;-6.4310000000000045;6.431;0.0;0.0;0.0;0.0;6.431;20.0;0.0
10;1;104;-56.571999999999996;56.572;0.0;0.0;0.0;0.0;56.572;20.0;0.0
10;1;105;-70.833;70.833;0.0;0.0;0.0;0.0;70.833;20.0;0.0
10;1;106;-211.70900000000003;211.709;0.0;0.0;0.0;0.0;211.709;20.0;0.0
10;1;107;-390.876;390.876;0.0;0.0;0.0;0.0;390.876;20.0;0.0
10;1;108;-450.351;400.883;0.0;49.468;0.0;0.0;450.351;20.0;0.0
10;1;109;-355.146;355.146;0.0;0.0;0.0;0.0;355.146;20.0;0.0
10;1;110;-149.04500000000002;149.045;0.0;0.0;0.0;0.0;149.045;20.0;0.0
10;1;111;-117.00800000000001;117.008;0.0;0.0;0.0;0.0;117.008;20.0;0.0
10;1;112;-90.28899999999999;90.289;0.0;0.0;0.0;0.0;90.289;20.0;0.0
10;1;113;-8.314999999999998;8.315;0.0;0.0;0.0;0.0;8.315;20.0;0.0
10;1;114;-12.155000000000001;12.155;0.0;0.0;0.0;0.0;12.155;20.0;0.0
10;1;115;63.613;0.0;0.0;0.0;63.613;63.613;0.0;20.0;1272.26
10;1;116;71.854;0.0;0.0;0.0;71.854;71.854;0.0;20.0;1437.08
10;1;117;59.689;0.0;0.0;0.0;59.689;59.689;0.0;20.0;1193.78
10;1;118;53.321;0.0;0.0;0.0;53.321;53.321;0.0;20.0;1066.42
10;1;119;35.648;0.0;0.0;0.0;35.648;35.648;0.0;20.0;712.96
10;1;120;16.989;0.0;0.0;0.0;16.989;16.989;0.0;20.0;339.78000000000003
10;1;121;20.609;0.0;0.0;0.0;20.609;20.609;0.0;20.0;412.18000000000006
10;1;122;18.532;0.0;0.0;0.0;18.532;18.532;0.0;20.0;370.64
10;1;123;18.088;0.0;0.0;0.0;18.088;18.088;0.0;20.0;361.76
10;1;124;19.257;0.0;0.0;0.0;19.257;19.257;0.0;20.0;385.14000000000004
10;1;125;19.214;0.0;0.0;0.0;19.214;19.214;0.0;20.0;384.28
10;1;126;19.073;0.0;0.0;0.0;19.073;19.073;0.0;20.0;381.46000000000004
10;1;127;18.511000000000003;0.0;0.0;0.0;18.511;18.511;0.0;20.0;370.21999999999997
10;1;128;-85.86099999999999;85.861;0.0;0.0;0.0;0.0;85.861;20.0;0.0
10;1;129;-208.90099999999995;208.901;0.0;0.0;0.0;0.0;208.901;20.0;0.0
10;1;130;-308.43700000000007;308.437;0.0;0.0;0.0;0.0;308.437;20.0;0.0
10;1;131;-380.511;380.511;0.0;0.0;0.0;0.0;380.511;20.0;0.0
10;1;132;-414.975;381.711;0.0;33.264;0.0;0.0;414.975;20.0;0.0
10;1;133;-384.97499999999997;383.372;0.0;1.603;0.0;0.0;384.975;20.0;0.0
10;1;134;-306.106;306.106;0.0;0.0;0.0;0.0;306.106;20.0;0.0
10;1;135;-206.44500000000002;206.445;0.0;0.0;0.0;0.0;206.445;20.0;0.0
10;1;136;-151.178;151.178;0.0;0.0;0.0;0.0;151.178;20.0;0.0
10;1;137;-58.27899999999999;58.279;0.0;0.0;0.0;0.0;58.279;20.0;0.0
10;1;138;-7.375000000000007;7.375;0.0;0.0;0.0;0.0;7.375;20.0;0.0
10;1;139;63.101;0.0;0.0;0.0;63.101;63.101;0.0;20.0;1262.02
10;1;140;65.642;0.0;0.0;0.0;65.642;65.642;0.0;20.0;1312.84
10;1;141;62.976;0.0;0.0;0.0;62.976;62.976;0.0;20.0;1259.52
10;1;142;52.098;0.0;0.0;0.0;52.098;52.098;0.0;20.0;1041.96
10;1;143;62.957;0.0;0.0;0.0;62.957;62.957;0.0;20.0;1259.14
10;1;144;17.761;0.0;0.0;0.0;17.761;17.761;0.0;20.0;355.21999999999997
10;1;145;18.734;0.0;0.0;0.0;18.734;18.734;0.0;20.0;374.68000000000006
10;1;146;18.328;0.0;0.0;0.0;18.328;18.328;0.0;20.0;366.56
10;1;147;18.938;0.0;0.0;0.0;18.938;18.938;0.0;20.0;378.76
10;1;148;21.383;0.0;0.0;0.0;21.383;21.383;0.0;20.0;427.65999999999997
10;1;149;19.675;0.0;0.0;0.0;19.675;19.675;0.0;20.0;393.5
10;1;150;20.81;0.0;0.0;0.0;20.81;20.81;0.0;20.0;416.2
10;1;151;0.0;0.0;0.0;0.0;0.0;0.0;0.0;20.0;0.0
10;1;152;-84.923;84.923;0.0;0.0;0.0;0.0;84.923;20.0;0.0
10;1;153;-211.25000000000003;211.25;0.0;0.0;0.0;0.0;211.25;20.0;0.0
10;1;154;-313.47499999999997;313.475;0.0;0.0;0.0;0.0;313.475;20.0;0.0
10;1;155;-389.4440000000001;389.444;0.0;0.0;0.0;0.0;389.444;20.0;0.0
10;1;156;-433.269;384.158;0.0;49.111;0.0;0.0;433.269;20.0;0.0
10;1;157;-426.44199999999995;386.36;0.0;40.082;0.0;0.0;426.442;20.0;0.0
10;1;158;-298.44199999999995;298.442;0.0;0.0;0.0;0.0;298.442;20.0;0.0
10;1;159;-184.05599999999998;184.056;0.0;0.0;0.0;0.0;184.056;20.0;0.0
10;1;160;-185.493;185.493;0.0;0.0;0.0;0.0;185.493;20.0;0.0
10;1;161;-68.694;68.694;0.0;0.0;0.0;0.0;68.694;20.0;0.0
10;1;162;-26.747999999999998;26.748;0.0;0.0;0.0;0.0;26.748;20.0;0.0
10;1;163;66.815;0.0;0.0;0.0;66.815;66.815;0.0;20.0;1336.3
10;1;164;76.092;0.0;0.0;0.0;76.092;76.092;0.0;20.0;1521.84
10;1;165;68.057;0.0;0.0;0.0;68.057;68.057;0.0;20.0;1361.14
10;1;166;69.299;0.0;0.0;0.0;69.299;69.299;0.0;20.0;1385.98
10;1;167;42.765;0.0;0.0;0.0;42.765;42.765;0.0;20.0;855.3
10;2;0;165.62599999999998;0.0;0.0;0.0;165.626;165.626;0.0;11.0;1821.886
10;2;1;177.661;0.0;0.0;0.0;177.661;177.661;0.0;11.0;1954.271
10;2;2;172.442;0.0;0.0;0.0;172.442;172.442;0.0;11.0;1896.862
10;2;3;18.823;0.0;0.0;0.0;18.823;18.823;0.0;11.0;207.053
10;2;4;19.18;0.0;0.0;0.0;19.18;19.18;0.0;11.0;210.98
10;2;5;43.239000000000004;0.0;0.0;0.0;43.239;43.239;0.0;11.0;475.62899999999996
10;2;6;21.88;0.0;0.0;0.0;21.88;21.88;0.0;11.0;240.67999999999998
10;2;7;132.155;0.0;0.0;0.0;132.155;132.155;0.0;11.0;1453.705
10;2;8;-16.051000000000016;16.051;0.0;0.0;0.0;0.0;16.051;11.0;0.0
10;2;9;-169.73700000000002;169.737;0.0;0.0;0.0;0.0;169.737;11.0;0.0
10;2;10;-276.458;276.458;0.0;0.0;0.0;0.0;276.458;11.0;0.0
10;2;11;-364.99299999999994;364.993;0.0;0.0;0.0;0.0;364.993;11.0;0.0
10;2;12;-406.035;406.035;0.0;0.0;0.0;0.0;406.035;11.0;0.0
10;2;13;-276.339;276.339;0.0;0.0;0.0;0.0;276.339;11.0;0.0
10;2;14;-101.54700000000003;101.547;0.0;0.0;0.0;0.0;101.547;11.0;0.0
10;2;15;-37.86100000000002;37.861;0.0;0.0;0.0;0.0;37.861;11.0;0.0
10;2;16;-36.058;36.058;0.0;0.0;0.0;0.0;36.058;11.0;0.0
10;2;17;-7.105427357601002e-15;0.0;0.0;0.0;0.0;0.0;0.0;11.0;0.0
10;2;18;65.023;0.0;0.0;0.0;65.023;65.023;0.0;11.0;715.2529999999999
10;2;19;97.56;0.0;0.0;0.0;97.56;97.56;0.0;11.0;1073.16
10;2;20;113.04299999999999;0.0;0.0;0.0;113.043;113.043;0.0;11.0;1243.473
10;2;21;102.696;0.0;0.0;0.0;102.696;102.696;0.0;11.0;1129.656
10;2;22;109.15799999999999;0.0;0.0;0.0;109.158;109.158;0.0;11.0;1200.738
10;2;23;105.929;0.0;0.0;0.0;105.929;105.929;0.0;11.0;1165.219
10;2;24;16.659;0.0;0.0;0.0;16.659;16.659;0.0;11.0;183.249
10;2;25;19.219;0.0;0.0;0.0;19.219;19.219;0.0;11.0;211.40900000000002
10;2;26;18.695;0.0;0.0;0.0;18.695;18.695;0.0;11.0;205.645
10;2;27;18.878;0.0;0.0;0.0;18.878;18.878;0.0;11.0;207.65800000000002
10;2;28;18.35;0.0;0.0;0.0;18.35;18.35;0.0;11.0;201.85000000000002
10;2;29;22.177;0.0;0.0;0.0;22.177;22.177;0.0;11.0;243.947
10;2;30;24.177;0.0;0.0;0.0;24.177;24.177;0.0;11.0;265.947
10;2;31;111.685;0.0;0.0;0.0;111.685;111.685;0.0;11.0;1228.535
10;2;32;-27.223000000000006;27.223;0.0;0.0;0.0;0.0;27.223;11.0;0.0
10;2;33;-142.01200000000003;142.012;0.0;0.0;0.0;0.0;142.012;11.0;0.0
10;2;34;-263.584;263.584;0.0;0.0;0.0;0.0;263.584;11.0;0.0
10;2;35;-348.79099999999994;348.791;0.0;0.0;0.0;0.0;348.791;11.0;0.0
10;2;36;-376.776;376.776;0.0;0.0;0.0;0.0;376.776;11.0;0.0
10;2;37;-275.389;275.389;0.0;0.0;0.0;0.0;275.389;11.0;0.0
10;2;38;-233.68;233.68;0.0;0.0;0.0;0.0;233.68;11.0;0.0
10;2;39;-158.448;158.448;0.0;0.0;0.0;0.0;158.448;11.0;0.0
10;2;40;-37.39700000000001;37.397;0.0;0.0;0.0;0.0;37.397;11.0;0.0
10;2;41;-0.000999999999990564;0.001;0.0;0.0;0.0;0.0;0.001;11.0;0.0
10;2;42;45.546;0.0;0.0;0.0;45.546;45.546;0.0;11.0;501.006
10;2;43;67.545;0.0;0.0;0.0;67.545;67.545;0.0;11.0;742.995
10;2;44;78.285;0.0;0.0;0.0;78.285;78.285;0.0;11.0;861.135
10;2;45;65.811;0.0;0.0;0.0;65.811;65.811;0.0;11.0;723.921
10;2;46;69.962;0.0;0.0;0.0;69.962;69.962;0.0;11.0;769.582
10;2;47;45.367;0.0;0.0;0.0;45.367;45.367;0.0;11.0;499.037
10;2;48;16.822;0.0;0.0;0.0;16.822;16.822;0.0;11.0;185.042
10;2;49;17.764;0.0;0.0;0.0;17.764;17.764;0.0;11.0;195.404
10;2;50;19.345;0.0;0.0;0.0;19.345;19.345;0.0;11.0;212.795
10;2;51;18.273;0.0;0.0;0.0;18.273;18.273;0.0;11.0;201.003
10;2;52;18.43;0.0;0.0;0.0;18.43;18.43;0.0;11.0;202.73
10;2;53;19.109;0.0;0.0;0.0;19.109;19.109;0.0;11.0;210.199
10;2;54;19.644;0.0;0.0;0.0;19.644;19.644;0.0;11.0;216.08399999999997
10;2;55;65.536;0.0;0.0;0.0;65.536;65.536;0.0;11.0;720.896
10;2;56;30.026;0.0;0.0;0.0;30.026;30.026;0.0;11.0;330.286
10;2;57;0.0;0.0;0.0;0.0;0.0;0.0;0.0;11.0;0.0
10;2;58;4.829000000000001;0.0;0.0;0.0;4.829;4.829;0.0;11.0;53.119
10;2;59;0.0;0.0;0.0;0.0;0.0;0.0;0.0;11.0;0.0
10;2;60;-0.0010000000000047748;0.001;0.0;0.0;0.0;0.0;0.001;11.0;0.0
10;2;61;0.0009999999999976694;0.0;0.0;0.0;0.001;0.001;0.0;11.0;0.011
10;2;62;0.0;0.0;0.0;0.0;0.0;0.0;0.0;11.0;0.0
10;2;63;62.71900000000001;0.0;0.0;0.0;62.719;62.719;0.0;11.0;689.909
10;2;64;0.0009999999999976694;0.0;0.0;0.0;0.001;0.001;0.0;11.0;0.011
10;2;65;19.83;0.0;0.0;0.0;19.83;19.83;0.0;11.0;218.13
10;2;66;54.349999999999994;0.0;0.0;0.0;54.35;54.35;0.0;11.0;597.85
10;2;67;71.876;0.0;0.0;0.0;71.876;71.876;0.0;11.0;790.6360000000001
10;2;68;82.575;0.0;0.0;0.0;82.575;82.575;0.0;11.0;908.325
10;2;69;62.48;0.0;0.0;0.0;62.48;62.48;0.0;11.0;687.28
10;2;70;62.315;0.0;0.0;0.0;62.315;62.315;0.0;11.0;685.4649999999999
10;2;71;58.581;0.0;0.0;0.0;58.581;58.581;0.0;11.0;644.3910000000001
10;2;72;148.741;0.0;0.0;0.0;148.741;148.741;0.0;11.0;1636.151
10;2;73;23.613;0.0;0.0;0.0;23.613;23.613;0.0;11.0;259.743
10;2;74;18.041;0.0;0.0;0.0;18.041;18.041;0.0;11.0;198.451
10;2;75;19.582;0.0;0.0;0.0;19.582;19.582;0.0;11.0;215.40200000000002
10;2;76;17.903;0.0;0.0;0.0;17.903;17.903;0.0;11.0;196.933
10;2;77;23.818;0.0;0.0;0.0;23.818;23.818;0.0;11.0;261.998
10;2;78;22.748;0.0;0.0;0.0;22.748;22.748;0.0;11.0;250.228
10;2;79;1.5380000000000003;0.0;0.0;0.0;1.538;1.538;0.0;11.0;16.918
10;2;80;-0.0010000000000047748;0.001;0.0;0.0;0.0;0.0;0.001;11.0;0.0
10;2;81;-14.583999999999996;14.584;0.0;0.0;0.0;0.0;14.584;11.0;0.0
10;2;82;0.0010000000000047748;0.0;0.0;0.0;0.001;0.001;0.0;11.0;0.011
10;2;83;-61.6;61.6;0.0;0.0;0.0;0.0;61.6;11.0;0.0
10;2;84;-161.803;161.803;0.0;0.0;0.0;0.0;161.803;11.0;0.0
10;2;85;-83.278;83.278;0.0;0.0;0.0;0.0;83.278;11.0;0.0
10;2;86;0.0010000000000118803;0.0;0.0;0.0;0.001;0.001;0.0;11.0;0.011
10;2;87;-7.105427357601002e-15;0.0;0.0;0.0;0.0;0.0;0.0;11.0;0.0
10;2;88;7.105427357601002e-15;0.0;0.0;0.0;0.0;0.0;0.0;11.0;0.0
10;2;89;-0.0009999999999976694;0.001;0.0;0.0;0.0;0.0;0.001;11.0;0.0
10;2;90;39.272000000000006;0.0;0.0;0.0;39.272;39.272;0.0;11.0;431.99199999999996
10;2;91;50.629;0.0;0.0;0.0;50.629;50.629;0.0;11.0;556.919
10;2;92;93.66;0.0;0.0;0.0;93.66;93.66;0.0;11.0;1030.26
10;2;93;62.695;0.0;0.0;0.0;62.695;62.695;0.0;11.0;689.645
10;2;94;195.03900000000002;0.0;0.0;0.0;195.039;195.039;0.0;11.0;2145.429
10;2;95;85.30199999999999;0.0;0.0;0.0;85.302;85.302;0.0;11.0;938.3220000000001
10;2;96;107.24699999999999;0.0;0.0;0.0;107.247;107.247;0.0;11.0;1179.717
10;2;97;73.23;0.0;0.0;0.0;73.23;73.23;0.0;11.0;805.5300000000001
10;2;98;18.744;0.0;0.0;0.0;18.744;18.744;0.0;11.0;206.184
10;2;99;19.302;0.0;0.0;0.0;19.302;19.302;0.0;11.0;212.322
10;2;100;19.654;0.0;0.0;0.0;19.654;19.654;0.0;11.0;216.194
10;2;101;18.927;0.0;0.0;0.0;18.927;18.927;0.0;11.0;208.197
10;2;102;22.055;0.0;0.0;0.0;22.055;22.055;0.0;11.0;242.605
10;2;103;135.20999999999998;0.0;0.0;0.0;135.21;135.21;0.0;11.0;1487.3100000000002
10;2;104;-5.971999999999987;5.972;0.0;0.0;0.0;0.0;5.972;11.0;0.0
10;2;105;-129.35000000000002;129.35;0.0;0.0;0.0;0.0;129.35;11.0;0.0
10;2;106;-112.78800000000001;112.788;0.0;0.0;0.0;0.0;112.788;11.0;0.0
10;2;107;-39.63399999999999;39.634;0.0;0.0;0.0;0.0;39.634;11.0;0.0
10;2;108;-116.301;116.301;0.0;0.0;0.0;0.0;116.301;11.0;0.0
10;2;109;-92.24299999999997;92.243;0.0;0.0;0.0;0.0;92.243;11.0;0.0
10;2;110;-73.17000000000002;73.17;0.0;0.0;0.0;0.0;73.17;11.0;0.0
10;2;111;0.0;0.0;0.0;0.0;0.0;0.0;0.0;11.0;0.0
10;2;112;0.0010000000000047748;0.0;0.0;0.0;0.001;0.001;0.0;11.0;0.011
10;2;113;1.3620000000000019;0.0;0.0;0.0;1.362;1.362;0.0;11.0;14.982000000000001
10;2;114;60.24;0.0;0.0;0.0;60.24;60.24;0.0;11.0;662.64
10;2;115;67.327;0.0;0.0;0.0;67.327;67.327;0.0;11.0;740.597
10;2;116;73.727;0.0;0.0;0.0;73.727;73.727;0.0;11.0;810.9970000000001
10;2;117;59.035;0.0;0.0;0.0;59.035;59.035;0.0;11.0;649.385
10;2;118;64.329;0.0;0.0;0.0;64.329;64.329;0.0;11.0;707.6189999999999
10;2;119;37.669;0.0;0.0;0.0;37.669;37.669;0.0;11.0;414.359
10;2;120;16.642;0.0;0.0;0.0;16.642;16.642;0.0;11.0;183.06199999999998
10;2;121;24.197;0.0;0.0;0.0;24.197;24.197;0.0;11.0;266.167
10;2;122;21.166;0.0;0.0;0.0;21.166;21.166;0.0;11.0;232.826
10;2;123;19.23;0.0;0.0;0.0;19.23;19.23;0.0;11.0;211.53
10;2;124;18.572;0.0;0.0;0.0;18.572;18.572;0.0;11.0;204.292
10;2;125;52.278999999999996;0.0;0.0;0.0;52.279;52.279;0.0;11.0;575.0690000000001
10;2;126;77.488;0.0;0.0;0.0;77.488;77.488;0.0;11.0;852.3679999999999
10;2;127;104.661;0.0;0.0;0.0;104.661;104.661;0.0;11.0;1151.271
10;2;128;61.14600000000001;0.0;0.0;0.0;61.146;61.146;0.0;11.0;672.606
10;2;129;26.829000000000008;0.0;0.0;0.0;26.829;26.829;0.0;11.0;295.119
10;2;130;-7.105427357601002e-15;0.0;0.0;0.0;0.0;0.0;0.0;11.0;0.0
10;2;131;7.105427357601002e-15;0.0;0.0;0.0;0.0;0.0;0.0;11.0;0.0
10;2;132;-48.07;48.07;0.0;0.0;0.0;0.0;48.07;11.0;0.0
10;2;133;-92.31899999999999;92.319;0.0;0.0;0.0;0.0;92.319;11.0;0.0
10;2;134;0.0;0.0;0.0;0.0;0.0;0.0;0.0;11.0;0.0
10;2;135;0.0009999999999976694;0.0;0.0;0.0;0.001;0.001;0.0;11.0;0.011
10;2;136;0.0;0.0;0.0;0.0;0.0;0.0;0.0;11.0;0.0
10;2;137;147.625;0.0;0.0;0.0;147.625;147.625;0.0;11.0;1623.875
10;2;138;90.632;0.0;0.0;0.0;90.632;90.632;0.0;11.0;996.952
10;2;139;101.323;0.0;0.0;0.0;101.323;101.323;0.0;11.0;1114.5529999999999
10;2;140;78.981;0.0;0.0;0.0;78.981;78.981;0.0;11.0;868.7909999999999
10;2;141;69.214;0.0;0.0;0.0;69.214;69.214;0.0;11.0;761.354
10;2;142;63.181;0.0;0.0;0.0;63.181;63.181;0.0;11.0;694.991
10;2;143;39.6;0.0;0.0;0.0;39.6;39.6;0.0;11.0;435.6
10;2;144;16.821;0.0;0.0;0.0;16.821;16.821;0.0;11.0;185.031
10;2;145;18.137;0.0;0.0;0.0;18.137;18.137;0.0;11.0;199.507
10;2;146;18.381;0.0;0.0;0.0;18.381;18.381;0.0;11.0;202.191
10;2;147;19.946;0.0;0.0;0.0;19.946;19.946;0.0;11.0;219.406
10;2;148;18.542;0.0;0.0;0.0;18.542;18.542;0.0;11.0;203.96200000000002
10;2;149;19.36;0.0;0.0;0.0;19.36;19.36;0.0;11.0;212.95999999999998
10;2;150;19.909;0.0;0.0;0.0;19.909;19.909;0.0;11.0;218.999
10;2;151;52.164;0.0;0.0;0.0;52.164;52.164;0.0;11.0;573.804
10;2;152;48.21;0.0;0.0;0.0;48.21;48.21;0.0;11.0;530.3100000000001
10;2;153;70.905;0.0;0.0;0.0;70.905;70.905;0.0;11.0;779.955
10;2;154;73.061;0.0;0.0;0.0;73.061;73.061;0.0;11.0;803.671
10;2;155;38.354;0.0;0.0;0.0;38.354;38.354;0.0;11.0;421.894
10;2;156;13.200000000000003;0.0;0.0;0.0;13.2;13.2;0.0;11.0;145.2
10;2;157;25.611;0.0;0.0;0.0;25.611;25.611;0.0;11.0;281.721
10;2;158;24.154000000000003;0.0;0.0;0.0;24.154;24.154;0.0;11.0;265.694
10;2;159;62.649;0.0;0.0;0.0;62.649;62.649;0.0;11.0;689.139
10;2;160;165.66400000000002;0.0;0.0;0.0;165.664;165.664;0.0;11.0;1822.3039999999999
10;2;161;63.38499999999999;0.0;0.0;0.0;63.385;63.385;0.0;11.0;697.235
10;2;162;76.867;0.0;0.0;0.0;76.867;76.867;0.0;11.0;845.537
10;2;163;71.248;0.0;0.0;0.0;71.248;71.248;0.0;11.0;783.7280000000001
10;2;164;82.687;0.0;0.0;0.0;82.687;82.687;0.0;11.0;909.557
10;2;165;63.305;0.0;0.0;0.0;63.305;63.305;0.0;11.0;696.355
10;2;166;135.4;0.0;0.0;0.0;135.4;135.4;0.0;11.0;1489.4
10;2;167;172.50300000000001;0.0;0.0;0.0;172.503;172.503;0.0;11.0;1897.533
10;3;0;19.833;0.0;0.0;0.0;19.833;19.833;0.0;15.0;297.495
10;3;1;146.94299999999998;0.0;0.0;0.0;146.943;146.943;0.0;15.0;2204.145
10;3;2;175.038;0.0;0.0;0.0;175.038;175.038;0.0;15.0;2625.57
10;3;3;176.724;0.0;0.0;0.0;176.724;176.724;0.0;15.0;2650.8599999999997
10;3;4;194.481;0.0;0.0;0.0;194.481;194.481;0.0;15.0;2917.215
10;3;5;170.372;0.0;0.0;0.0;170.372;170.372;0.0;15.0;2555.5800000000004
10;3;6;201.023;0.0;0.0;0.0;201.023;201.023;0.0;15.0;3015.345
10;3;7;236.561;0.0;0.0;0.0;236.561;236.561;0.0;15.0;3548.415
10;3;8;232.76100000000002;0.0;0.0;0.0;232.761;232.761;0.0;15.0;3491.415
10;3;9;177.738;0.0;0.0;0.0;177.738;177.738;0.0;15.0;2666.07
10;3;10;123.105;0.0;0.0;0.0;123.105;123.105;0.0;15.0;1846.575
10;3;11;120.35300000000001;0.0;0.0;0.0;120.353;120.353;0.0;15.0;1805.2949999999998
10;3;12;40.868999999999986;0.0;0.0;0.0;40.869;40.869;0.0;15.0;613.035
10;3;13;-77.6;77.6;0.0;0.0;0.0;0.0;77.6;15.0;0.0
10;3;14;-70.739;70.739;0.0;0.0;0.0;0.0;70.739;15.0;0.0
10;3;15;29.20900000000001;0.0;0.0;0.0;29.209;29.209;0.0;15.0;438.135
10;3;16;181.679;0.0;0.0;0.0;181.679;181.679;0.0;15.0;2725.185
10;3;17;245.279;0.0;0.0;0.0;245.279;245.279;0.0;15.0;3679.185
10;3;18;237.676;0.0;0.0;0.0;237.676;237.676;0.0;15.0;3565.14
10;3;19;78.495;0.0;0.0;0.0;78.495;78.495;0.0;15.0;1177.4250000000002
10;3;20;82.184;0.0;0.0;0.0;82.184;82.184;0.0;15.0;1232.76
10;3;21;168.42700000000002;0.0;0.0;0.0;168.427;168.427;0.0;15.0;2526.4049999999997
10;3;22;230.20399999999998;0.0;0.0;0.0;230.204;230.204;0.0;15.0;3453.06
10;3;23;216.975;0.0;0.0;0.0;216.975;216.975;0.0;15.0;3254.625
10;3;24;192.507;0.0;0.0;0.0;192.507;192.507;0.0;15.0;2887.605
10;3;25;84.47999999999999;0.0;0.0;0.0;84.48;84.48;0.0;15.0;1267.2
10;3;26;177.416;0.0;0.0;0.0;177.416;177.416;0.0;15.0;2661.24
10;3;27;180.53900000000002;0.0;0.0;0.0;180.539;180.539;0.0;15.0;2708.085
10;3;28;184.449;0.0;0.0;0.0;184.449;184.449;0.0;15.0;2766.735
10;3;29;189.194;0.0;0.0;0.0;189.194;189.194;0.0;15.0;2837.91
10;3;30;202.772;0.0;0.0;0.0;202.772;202.772;0.0;15.0;3041.58
10;3;31;229.184;0.0;0.0;0.0;229.184;229.184;0.0;15.0;3437.7599999999998
10;3;32;234.06099999999998;0.0;0.0;0.0;234.061;234.061;0.0;15.0;3510.915
10;3;33;197.50500000000002;0.0;0.0;0.0;197.505;197.505;0.0;15.0;2962.575
10;3;34;65.34299999999999;0.0;0.0;0.0;65.343;65.343;0.0;15.0;980.1450000000001
10;3;35;40.117000000000004;0.0;0.0;0.0;40.117;40.117;0.0;15.0;601.755
10;3;36;10.399999999999991;0.0;0.0;0.0;10.4;10.4;0.0;15.0;156.0
10;3;37;49.70200000000002;0.0;0.0;0.0;49.702;49.702;0.0;15.0;745.53
10;3;38;172.10899999999998;0.0;0.0;0.0;172.109;172.109;0.0;15.0;2581.635
10;3;39;183.131;0.0;0.0;0.0;183.131;183.131;0.0;15.0;2746.965
10;3;40;211.978;0.0;0.0;0.0;211.978;211.978;0.0;15.0;3179.67
10;3;41;216.615;0.0;0.0;0.0;216.615;216.615;0.0;15.0;3249.2250000000004
10;3;42;225.533;0.0;0.0;0.0;225.533;225.533;0.0;15.0;3382.995
10;3;43;232.393;0.0;0.0;0.0;232.393;232.393;0.0;15.0;3485.895
10;3;44;224.28199999999998;0.0;0.0;0.0;224.282;224.282;0.0;15.0;3364.23
10;3;45;213.269;0.0;0.0;0.0;213.269;213.269;0.0;15.0;3199.035
10;3;46;203.754;0.0;0.0;0.0;203.754;203.754;0.0;15.0;3056.31
10;3;47;180.121;0.0;0.0;0.0;180.121;180.121;0.0;15.0;2701.815
10;3;48;111.52499999999999;0.0;0.0;0.0;111.525;111.525;0.0;15.0;1672.875
10;3;49;113.04299999999999;0.0;0.0;0.0;113.043;113.043;0.0;15.0;1695.645
10;3;50;105.959;0.0;0.0;0.0;105.959;105.959;0.0;15.0;1589.385
10;3;51;103.848;0.0;0.0;0.0;103.848;103.848;0.0;15.0;1557.72
10;3;52;102.19200000000001;0.0;0.0;0.0;102.192;102.192;0.0;15.0;1532.8799999999999
10;3;53;109.582;0.0;0.0;0.0;109.582;109.582;0.0;15.0;1643.73
10;3;54;112.92399999999999;0.0;0.0;0.0;112.924;112.924;0.0;15.0;1693.8600000000001
10;3;55;149.091;0.0;0.0;0.0;149.091;149.091;0.0;15.0;2236.3650000000002
10;3;56;160.276;0.0;0.0;0.0;160.276;160.276;0.0;15.0;2404.1400000000003
10;3;57;156.12099999999998;0.0;0.0;0.0;156.121;156.121;0.0;15.0;2341.815
10;3;58;119.774;0.0;0.0;0.0;119.774;119.774;0.0;15.0;1796.6100000000001
10;3;59;126.087;0.0;0.0;0.0;126.087;126.087;0.0;15.0;1891.305
10;3;60;53.39099999999999;0.0;0.0;0.0;53.391;53.391;0.0;15.0;800.865
10;3;61;2.1316282072803006e-14;0.0;0.0;0.0;0.0;0.0;0.0;15.0;0.0
10;3;62;0.0010000000000047748;0.0;0.0;0.0;0.001;0.001;0.0;15.0;0.015
10;3;63;38.573;0.0;0.0;0.0;38.573;38.573;0.0;15.0;578.595
10;3;64;142.98;0.0;0.0;0.0;142.98;142.98;0.0;15.0;2144.7
10;3;65;235.53199999999998;0.0;0.0;0.0;235.532;235.532;0.0;15.0;3532.98
10;3;66;223.39499999999998;0.0;0.0;0.0;223.395;223.395;0.0;15.0;3350.925
10;3;67;224.51100000000002;0.0;0.0;0.0;224.511;224.511;0.0;15.0;3367.665
10;3;68;122.654;0.0;0.0;0.0;122.654;122.654;0.0;15.0;1839.81
10;3;69;56.64;0.0;0.0;0.0;56.64;56.64;0.0;15.0;849.6
10;3;70;61.653;0.0;0.0;0.0;61.653;61.653;0.0;15.0;924.795
10;3;71;137.137;0.0;0.0;0.0;137.137;137.137;0.0;15.0;2057.055
10;3;72;111.31299999999999;0.0;0.0;0.0;111.313;111.313;0.0;15.0;1669.695
10;3;73;117.11500000000001;0.0;0.0;0.0;117.115;117.115;0.0;15.0;1756.725
10;3;74;117.72200000000001;0.0;0.0;0.0;117.722;117.722;0.0;15.0;1765.83
10;3;75;120.578;0.0;0.0;0.0;120.578;120.578;0.0;15.0;1808.67
10;3;76;120.287;0.0;0.0;0.0;120.287;120.287;0.0;15.0;1804.305
10;3;77;122.261;0.0;0.0;0.0;122.261;122.261;0.0;15.0;1833.915
10;3;78;179.649;0.0;0.0;0.0;179.649;179.649;0.0;15.0;2694.735
10;3;79;96.077;0.0;0.0;0.0;96.077;96.077;0.0;15.0;1441.155
10;3;80;159.321;0.0;0.0;0.0;159.321;159.321;0.0;15.0;2389.815
10;3;81;146.247;0.0;0.0;0.0;146.247;146.247;0.0;15.0;2193.7050000000004
10;3;82;145.761;0.0;0.0;0.0;145.761;145.761;0.0;15.0;2186.415
10;3;83;140.361;0.0;0.0;0.0;140.361;140.361;0.0;15.0;2105.415
10;3;84;109.33700000000002;0.0;0.0;0.0;109.337;109.337;0.0;15.0;1640.055
10;3;85;1.8249999999999886;0.0;0.0;0.0;1.825;1.825;0.0;15.0;27.375
10;3;86;-1.4210854715202004e-14;0.0;0.0;0.0;0.0;0.0;0.0;15.0;0.0
10;3;87;92.74200000000002;0.0;0.0;0.0;92.742;92.742;0.0;15.0;1391.13
10;3;88;201.888;0.0;0.0;0.0;201.888;201.888;0.0;15.0;3028.32
10;3;89;212.92899999999997;0.0;0.0;0.0;212.929;212.929;0.0;15.0;3193.935
10;3;90;224.056;0.0;0.0;0.0;224.056;224.056;0.0;15.0;3360.84
10;3;91;68.944;0.0;0.0;0.0;68.944;68.944;0.0;15.0;1034.16
10;3;92;88.446;0.0;0.0;0.0;88.446;88.446;0.0;15.0;1326.69
10;3;93;169.901;0.0;0.0;0.0;169.901;169.901;0.0;15.0;2548.5150000000003
10;3;94;225.767;0.0;0.0;0.0;225.767;225.767;0.0;15.0;3386.505
10;3;95;229.334;0.0;0.0;0.0;229.334;229.334;0.0;15.0;3440.01
10;3;96;192.28;0.0;0.0;0.0;192.28;192.28;0.0;15.0;2884.2
10;3;97;201.298;0.0;0.0;0.0;201.298;201.298;0.0;15.0;3019.4700000000003
10;3;98;196.225;0.0;0.0;0.0;196.225;196.225;0.0;15.0;2943.375
10;3;99;198.709;0.0;0.0;0.0;198.709;198.709;0.0;15.0;2980.635
10;3;100;195.554;0.0;0.0;0.0;195.554;195.554;0.0;15.0;2933.31
10;3;101;194.01;0.0;0.0;0.0;194.01;194.01;0.0;15.0;2910.1499999999996
10;3;102;193.29;0.0;0.0;0.0;193.29;193.29;0.0;15.0;2899.35
10;3;103;221.50799999999998;0.0;0.0;0.0;221.508;221.508;0.0;15.0;3322.6200000000003
10;3;104;232.466;0.0;0.0;0.0;232.466;232.466;0.0;15.0;3486.9900000000002
10;3;105;243.01;0.0;0.0;0.0;243.01;243.01;0.0;15.0;3645.1499999999996
10;3;106;243.468;0.0;0.0;0.0;243.468;243.468;0.0;15.0;3652.02
10;3;107;234.93;0.0;0.0;0.0;234.93;234.93;0.0;15.0;3523.9500000000003
10;3;108;226.025;0.0;0.0;0.0;226.025;226.025;0.0;15.0;3390.375
10;3;109;204.613;0.0;0.0;0.0;204.613;204.613;0.0;15.0;3069.195
10;3;110;222.88;0.0;0.0;0.0;222.88;222.88;0.0;15.0;3343.2
10;3;111;217.05100000000002;0.0;0.0;0.0;217.051;217.051;0.0;15.0;3255.765
10;3;112;227.714;0.0;0.0;0.0;227.714;227.714;0.0;15.0;3415.71
10;3;113;229.132;0.0;0.0;0.0;229.132;229.132;0.0;15.0;3436.98
10;3;114;230.998;0.0;0.0;0.0;230.998;230.998;0.0;15.0;3464.97
10;3;115;246.93200000000002;0.0;0.0;0.0;246.932;246.932;0.0;15.0;3703.98
10;3;116;230.091;0.0;0.0;0.0;230.091;230.091;0.0;15.0;3451.3650000000002
10;3;117;222.409;0.0;0.0;0.0;222.409;222.409;0.0;15.0;3336.1349999999998
10;3;118;233.935;0.0;0.0;0.0;233.935;233.935;0.0;15.0;3509.025
10;3;119;216.027;0.0;0.0;0.0;216.027;216.027;0.0;15.0;3240.4049999999997
10;3;120;186.024;0.0;0.0;0.0;186.024;186.024;0.0;15.0;2790.36
10;3;121;192.09799999999998;0.0;0.0;0.0;192.098;192.098;0.0;15.0;2881.4700000000003
10;3;122;191.06;0.0;0.0;0.0;191.06;191.06;0.0;15.0;2865.9
10;3;123;193.584;0.0;0.0;0.0;193.584;193.584;0.0;15.0;2903.76
10;3;124;196.13;0.0;0.0;0.0;196.13;196.13;0.0;15.0;2941.95
10;3;125;90.744;0.0;0.0;0.0;90.744;90.744;0.0;15.0;1361.16
10;3;126;201.80700000000002;0.0;0.0;0.0;201.807;201.807;0.0;15.0;3027.105
10;3;127;235.512;0.0;0.0;0.0;235.512;235.512;0.0;15.0;3532.68
10;3;128;242.733;0.0;0.0;0.0;242.733;242.733;0.0;15.0;3640.995
10;3;129;231.489;0.0;0.0;0.0;231.489;231.489;0.0;15.0;3472.335
10;3;130;198.54000000000002;0.0;0.0;0.0;198.54;198.54;0.0;15.0;2978.1
10;3;131;200.661;0.0;0.0;0.0;200.661;200.661;0.0;15.0;3009.915
10;3;132;141.65000000000003;0.0;0.0;0.0;141.65;141.65;0.0;15.0;2124.75
10;3;133;120.17800000000001;0.0;0.0;0.0;120.178;120.178;0.0;15.0;1802.67
10;3;134;193.423;0.0;0.0;0.0;193.423;193.423;0.0;15.0;2901.3450000000003
10;3;135;198.42899999999997;0.0;0.0;0.0;198.429;198.429;0.0;15.0;2976.435
10;3;136;240.77599999999998;0.0;0.0;0.0;240.776;240.776;0.0;15.0;3611.6400000000003
10;3;137;185.019;0.0;0.0;0.0;185.019;185.019;0.0;15.0;2775.285
10;3;138;229.016;0.0;0.0;0.0;229.016;229.016;0.0;15.0;3435.24
10;3;139;259.943;0.0;0.0;0.0;259.943;259.943;0.0;15.0;3899.1449999999995
10;3;140;212.70600000000002;0.0;0.0;0.0;212.706;212.706;0.0;15.0;3190.5899999999997
10;3;141;228.57;0.0;0.0;0.0;228.57;228.57;0.0;15.0;3428.5499999999997
10;3;142;231.2;0.0;0.0;0.0;231.2;231.2;0.0;15.0;3468.0
10;3;143;205.628;0.0;0.0;0.0;205.628;205.628;0.0;15.0;3084.4199999999996
10;3;144;196.506;0.0;0.0;0.0;196.506;196.506;0.0;15.0;2947.59
10;3;145;179.613;0.0;0.0;0.0;179.613;179.613;0.0;15.0;2694.195
10;3;146;197.155;0.0;0.0;0.0;197.155;197.155;0.0;15.0;2957.325
10;3;147;193.80599999999998;0.0;0.0;0.0;193.806;193.806;0.0;15.0;2907.09
10;3;148;198.55;0.0;0.0;0.0;198.55;198.55;0.0;15.0;2978.25
10;3;149;201.367;0.0;0.0;0.0;201.367;201.367;0.0;15.0;3020.5049999999997
10;3;150;207.145;0.0;0.0;0.0;207.145;207.145;0.0;15.0;3107.175
10;3;151;236.786;0.0;0.0;0.0;236.786;236.786;0.0;15.0;3551.79
10;3;152;243.677;0.0;0.0;0.0;243.677;243.677;0.0;15.0;3655.1549999999997
10;3;153;184.691;0.0;0.0;0.0;184.691;184.691;0.0;15.0;2770.3650000000002
10;3;154;101.01299999999999;0.0;0.0;0.0;101.013;101.013;0.0;15.0;1515.1950000000002
10;3;155;138.066;0.0;0.0;0.0;138.066;138.066;0.0;15.0;2070.9900000000002
10;3;156;152.448;0.0;0.0;0.0;152.448;152.448;0.0;15.0;2286.7200000000003
10;3;157;194.631;0.0;0.0;0.0;194.631;194.631;0.0;15.0;2919.465
10;3;158;124.34100000000001;0.0;0.0;0.0;124.341;124.341;0.0;15.0;1865.115
10;3;159;188.845;0.0;0.0;0.0;188.845;188.845;0.0;15.0;2832.675
10;3;160;190.67399999999998;0.0;0.0;0.0;190.674;190.674;0.0;15.0;2860.11
10;3;161;180.22899999999998;0.0;0.0;0.0;180.229;180.229;0.0;15.0;2703.4350000000004
10;3;162;194.723;0.0;0.0;0.0;194.723;194.723;0.0;15.0;2920.8450000000003
10;3;163;203.28;0.0;0.0;0.0;203.28;203.28;0.0;15.0;3049.2
10;3;164;220.87;0.0;0.0;0.0;220.87;220.87;0.0;15.0;3313.05
10;3;165;233.183;0.0;0.0;0.0;233.183;233.183;0.0;15.0;3497.745
10;3;166;229.933;0.0;0.0;0.0;229.933;229.933;0.0;15.0;3448.995
10;3;167;208.963;0.0;0.0;0.0;208.963;208.963;0.0;15.0;3134.4449999999997
15;0;0;16.917;0.0;0.0;0.0;16.917;16.917;0.0;6.0;101.50200000000001
15;0;1;112.801;0.0;0.0;0.0;112.801;112.801;0.0;6.0;676.806
15;0;2;20.233;0.0;0.0;0.0;20.233;20.233;0.0;6.0;121.398
15;0;3;108.401;0.0;0.0;0.0;108.401;108.401;0.0;6.0;650.406
15;0;4;108.361;0.0;0.0;0.0;108.361;108.361;0.0;6.0;650.166
15;0;5;112.081;0.0;0.0;0.0;112.081;112.081;0.0;6.0;672.486
15;0;6;129.068;0.0;0.0;0.0;129.068;129.068;0.0;6.0;774.4080000000001
15;0;7;163.61;0.0;0.0;0.0;163.61;163.61;0.0;6.0;981.6600000000001
15;0;8;105.178;0.0;0.0;0.0;105.178;105.178;0.0;6.0;631.068
15;0;9;-1.4210854715202004e-14;0.0;0.0;0.0;0.0;0.0;0.0;6.0;0.0
15;0;10;7.105427357601002e-15;0.0;0.0;0.0;0.0;0.0;0.0;6.0;0.0
15;0;11;0.0009999999999976694;0.0;0.0;0.0;0.001;0.001;0.0;6.0;0.006
15;0;12;7.105427357601002e-15;0.0;0.0;0.0;0.0;0.0;0.0;6.0;0.0
15;0;13;45.892;0.0;0.0;0.0;45.892;45.892;0.0;6.0;275.35200000000003
15;0;14;12.127000000000002;0.0;0.0;0.0;12.127;12.127;0.0;6.0;72.762
15;0;15;7.105427357601002e-15;0.0;0.0;0.0;0.0;0.0;0.0;6.0;0.0
15;0;16;2.3229999999999933;0.0;0.0;0.0;2.323;2.323;0.0;6.0;13.937999999999999
15;0;17;100.22800000000001;0.0;0.0;0.0;100.228;100.228;0.0;6.0;601.3679999999999
15;0;18;218.63700000000003;0.0;0.0;0.0;218.637;218.637;0.0;6.0;1311.8220000000001
15;0;19;73.206;0.0;0.0;0.0;73.206;73.206;0.0;6.0;439.236
15;0;20;143.333;0.0;0.0;0.0;143.333;143.333;0.0;6.0;859.998
15;0;21;210.863;0.0;0.0;0.0;210.863;210.863;0.0;6.0;1265.1779999999999
15;0;22;201.902;0.0;0.0;0.0;201.902;201.902;0.0;6.0;1211.4119999999998
15;0;23;196.415;0.0;0.0;0.0;196.415;196.415;0.0;6.0;1178.49
15;0;24;16.85;0.0;0.0;0.0;16.85;16.85;0.0;6.0;101.10000000000001
15;0;25;18.334;0.0;0.0;0.0;18.334;18.334;0.0;6.0;110.00399999999999
15;0;26;38.09;0.0;0.0;0.0;38.09;38.09;0.0;6.0;228.54000000000002
15;0;27;178.161;0.0;0.0;0.0;178.161;178.161;0.0;6.0;1068.966
15;0;28;177.45700000000002;0.0;0.0;0.0;177.457;177.457;0.0;6.0;1064.742
15;0;29;181.892;0.0;0.0;0.0;181.892;181.892;0.0;6.0;1091.3519999999999
15;0;30;23.287;0.0;0.0;0.0;23.287;23.287;0.0;6.0;139.72199999999998
15;0;31;105.495;0.0;0.0;0.0;105.495;105.495;0.0;6.0;632.97
15;0;32;128.392;0.0;0.0;0.0;128.392;128.392;0.0;6.0;770.352
15;0;33;15.362999999999985;0.0;0.0;0.0;15.363;15.363;0.0;6.0;92.178
15;0;34;-7.105427357601002e-15;0.0;0.0;0.0;0.0;0.0;0.0;6.0;0.0
15;0;35;-7.591999999999999;7.592;0.0;0.0;0.0;0.0;7.592;6.0;0.0
15;0;36;0.0;0.0;0.0;0.0;0.0;0.0;0.0;6.0;0.0
15;0;37;-100.84699999999998;100.847;0.0;0.0;0.0;0.0;100.847;6.0;0.0
15;0;38;-142.93599999999998;142.936;0.0;0.0;0.0;0.0;142.936;6.0;0.0
15;0;39;-76.172;76.172;0.0;0.0;0.0;0.0;76.172;6.0;0.0
15;0;40;7.105427357601002e-15;0.0;0.0;0.0;0.0;0.0;0.0;6.0;0.0
15;0;41;9.965000000000003;0.0;0.0;0.0;9.965;9.965;0.0;6.0;59.79
15;0;42;205.78599999999997;0.0;0.0;0.0;205.786;205.786;0.0;6.0;1234.716
15;0;43;221.38;0.0;0.0;0.0;221.38;221.38;0.0;6.0;1328.28
15;0;44;182.905;0.0;0.0;0.0;182.905;182.905;0.0;6.0;1097.43
15;0;45;58.305;0.0;0.0;0.0;58.305;58.305;0.0;6.0;349.83
15;0;46;71.51899999999999;0.0;0.0;0.0;71.519;71.519;0.0;6.0;429.11400000000003
15;0;47;46.733;0.0;0.0;0.0;46.733;46.733;0.0;6.0;280.39799999999997
15;0;48;17.282;0.0;0.0;0.0;17.282;17.282;0.0;6.0;103.69200000000001
15;0;49;19.915;0.0;0.0;0.0;19.915;19.915;0.0;6.0;119.49
15;0;50;19.197;0.0;0.0;0.0;19.197;19.197;0.0;6.0;115.18199999999999
15;0;51;18.749;0.0;0.0;0.0;18.749;18.749;0.0;6.0;112.494
15;0;52;19.09;0.0;0.0;0.0;19.09;19.09;0.0;6.0;114.53999999999999
15;0;53;98.075;0.0;0.0;0.0;98.075;98.075;0.0;6.0;588.45
15;0;54;103.598;0.0;0.0;0.0;103.598;103.598;0.0;6.0;621.588
15;0;55;159.487;0.0;0.0;0.0;159.487;159.487;0.0;6.0;956.922
15;0;56;128.791;0.0;0.0;0.0;128.791;128.791;0.0;6.0;772.746
15;0;57;52.702000000000005;0.0;0.0;0.0;52.702;52.702;0.0;6.0;316.212
15;0;58;0.0;0.0;0.0;0.0;0.0;0.0;0.0;6.0;0.0
15;0;59;-4.0760000000000005;4.076;0.0;0.0;0.0;0.0;4.076;6.0;0.0
15;0;60;19.462000000000003;0.0;0.0;0.0;19.462;19.462;0.0;6.0;116.77199999999999
15;0;61;3.952999999999996;0.0;0.0;0.0;3.953;3.953;0.0;6.0;23.718
15;0;62;14.378;0.0;0.0;0.0;14.378;14.378;0.0;6.0;86.268
15;0;63;-3.5590000000000046;3.559;0.0;0.0;0.0;0.0;3.559;6.0;0.0
15;0;64;-8.533999999999992;8.534;0.0;0.0;0.0;0.0;8.534;6.0;0.0
15;0;65;34.924;0.0;0.0;0.0;34.924;34.924;0.0;6.0;209.54399999999998
15;0;66;83.52;0.0;0.0;0.0;83.52;83.52;0.0;6.0;501.12
15;0;67;169.921;0.0;0.0;0.0;169.921;169.921;0.0;6.0;1019.526
15;0;68;204.29700000000003;0.0;0.0;0.0;204.297;204.297;0.0;6.0;1225.782
15;0;69;210.473;0.0;0.0;0.0;210.473;210.473;0.0;6.0;1262.8380000000002
15;0;70;192.92399999999998;0.0;0.0;0.0;192.924;192.924;0.0;6.0;1157.544
15;0;71;185.433;0.0;0.0;0.0;185.433;185.433;0.0;6.0;1112.598
15;0;72;16.68;0.0;0.0;0.0;16.68;16.68;0.0;6.0;100.08
15;0;73;18.497;0.0;0.0;0.0;18.497;18.497;0.0;6.0;110.982
15;0;74;18.753;0.0;0.0;0.0;18.753;18.753;0.0;6.0;112.518
15;0;75;19.291;0.0;0.0;0.0;19.291;19.291;0.0;6.0;115.74600000000001
15;0;76;18.646;0.0;0.0;0.0;18.646;18.646;0.0;6.0;111.876
15;0;77;19.385;0.0;0.0;0.0;19.385;19.385;0.0;6.0;116.31
15;0;78;21.275;0.0;0.0;0.0;21.275;21.275;0.0;6.0;127.64999999999999
15;0;79;175.457;0.0;0.0;0.0;175.457;175.457;0.0;6.0;1052.742
15;0;80;29.012999999999998;0.0;0.0;0.0;29.013;29.013;0.0;6.0;174.078
15;0;81;102.632;0.0;0.0;0.0;102.632;102.632;0.0;6.0;615.792
15;0;82;88.749;0.0;0.0;0.0;88.749;88.749;0.0;6.0;532.4939999999999
15;0;83;55.157000000000004;0.0;0.0;0.0;55.157;55.157;0.0;6.0;330.942
15;0;84;21.738999999999997;0.0;0.0;0.0;21.739;21.739;0.0;6.0;130.434
15;0;85;26.308;0.0;0.0;0.0;26.308;26.308;0.0;6.0;157.848
15;0;86;71.435;0.0;0.0;0.0;71.435;71.435;0.0;6.0;428.61
15;0;87;31.566;0.0;0.0;0.0;31.566;31.566;0.0;6.0;189.396
15;0;88;143.24300000000002;0.0;0.0;0.0;143.243;143.243;0.0;6.0;859.458
15;0;89;123.15;0.0;0.0;0.0;123.15;123.15;0.0;6.0;738.9000000000001
15;0;90;46.388000000000005;0.0;0.0;0.0;46.388;46.388;0.0;6.0;278.328
15;0;91;79.523;0.0;0.0;0.0;79.523;79.523;0.0;6.0;477.138
15;0;92;251.157;0.0;0.0;0.0;251.157;251.157;0.0;6.0;1506.942
15;0;93;89.957;0.0;0.0;0.0;89.957;89.957;0.0;6.0;539.742
15;0;94;168.611;0.0;0.0;0.0;168.611;168.611;0.0;6.0;1011.6659999999999
15;0;95;146.018;0.0;0.0;0.0;146.018;146.018;0.0;6.0;876.108
15;0;96;170.034;0.0;0.0;0.0;170.034;170.034;0.0;6.0;1020.204
15;0;97;179.817;0.0;0.0;0.0;179.817;179.817;0.0;6.0;1078.902
15;0;98;176.967;0.0;0.0;0.0;176.967;176.967;0.0;6.0;1061.8020000000001
15;0;99;178.586;0.0;0.0;0.0;178.586;178.586;0.0;6.0;1071.516
15;0;100;179.577;0.0;0.0;0.0;179.577;179.577;0.0;6.0;1077.462
15;0;101;179.423;0.0;0.0;0.0;179.423;179.423;0.0;6.0;1076.538
15;0;102;188.423;0.0;0.0;0.0;188.423;188.423;0.0;6.0;1130.538
15;0;103;223.418;0.0;0.0;0.0;223.418;223.418;0.0;6.0;1340.508
15;0;104;183.28400000000002;0.0;0.0;0.0;183.284;183.284;0.0;6.0;1099.704
15;0;105;108.88199999999998;0.0;0.0;0.0;108.882;108.882;0.0;6.0;653.292
15;0;106;116.904;0.0;0.0;0.0;116.904;116.904;0.0;6.0;701.424
15;0;107;132.046;0.0;0.0;0.0;132.046;132.046;0.0;6.0;792.276
15;0;108;124.037;0.0;0.0;0.0;124.037;124.037;0.0;6.0;744.222
15;0;109;121.72999999999999;0.0;0.0;0.0;121.73;121.73;0.0;6.0;730.38
15;0;110;23.240000000000002;0.0;0.0;0.0;23.24;23.24;0.0;6.0;139.44
15;0;111;38.306000000000004;0.0;0.0;0.0;38.306;38.306;0.0;6.0;229.83599999999998
15;0;112;201.623;0.0;0.0;0.0;201.623;201.623;0.0;6.0;1209.7379999999998
15;0;113;214.952;0.0;0.0;0.0;214.952;214.952;0.0;6.0;1289.712
15;0;114;238.88299999999998;0.0;0.0;0.0;238.883;238.883;0.0;6.0;1433.298
15;0;115;83.674;0.0;0.0;0.0;83.674;83.674;0.0;6.0;502.04400000000004
15;0;116;82.816;0.0;0.0;0.0;82.816;82.816;0.0;6.0;496.896
15;0;117;188.801;0.0;0.0;0.0;188.801;188.801;0.0;6.0;1132.806
15;0;118;193.976;0.0;0.0;0.0;193.976;193.976;0.0;6.0;1163.856
15;0;119;171.901;0.0;0.0;0.0;171.901;171.901;0.0;6.0;1031.406
15;0;120;157.22000000000003;0.0;0.0;0.0;157.22;157.22;0.0;6.0;943.3199999999999
15;0;121;159.506;0.0;0.0;0.0;159.506;159.506;0.0;6.0;957.0360000000001
15;0;122;158.38199999999998;0.0;0.0;0.0;158.382;158.382;0.0;6.0;950.292
15;0;123;162.011;0.0;0.0;0.0;162.011;162.011;0.0;6.0;972.066
15;0;124;162.79500000000002;0.0;0.0;0.0;162.795;162.795;0.0;6.0;976.77
15;0;125;164.94;0.0;0.0;0.0;164.94;164.94;0.0;6.0;989.64
15;0;126;179.846;0.0;0.0;0.0;179.846;179.846;0.0;6.0;1079.076
15;0;127;215.25799999999998;0.0;0.0;0.0;215.258;215.258;0.0;6.0;1291.548
15;0;128;165.724;0.0;0.0;0.0;165.724;165.724;0.0;6.0;994.3439999999999
15;0;129;48.005;0.0;0.0;0.0;48.005;48.005;0.0;6.0;288.03000000000003
15;0;130;43.842999999999975;0.0;0.0;0.0;43.843;43.843;0.0;6.0;263.058
15;0;131;113.043;0.0;0.0;0.0;113.043;113.043;0.0;6.0;678.258
15;0;132;136.34900000000002;0.0;0.0;0.0;136.349;136.349;0.0;6.0;818.0939999999999
15;0;133;99.085;0.0;0.0;0.0;99.085;99.085;0.0;6.0;594.51
15;0;134;104.18;0.0;0.0;0.0;104.18;104.18;0.0;6.0;625.08
15;0;135;81.315;0.0;0.0;0.0;81.315;81.315;0.0;6.0;487.89
15;0;136;103.399;0.0;0.0;0.0;103.399;103.399;0.0;6.0;620.394
15;0;137;112.286;0.0;0.0;0.0;112.286;112.286;0.0;6.0;673.716
15;0;138;242.742;0.0;0.0;0.0;242.742;242.742;0.0;6.0;1456.452
15;0;139;239.45299999999997;0.0;0.0;0.0;239.453;239.453;0.0;6.0;1436.718
15;0;140;244.09499999999997;0.0;0.0;0.0;244.095;244.095;0.0;6.0;1464.57
15;0;141;117.588;0.0;0.0;0.0;117.588;117.588;0.0;6.0;705.528
15;0;142;70.845;0.0;0.0;0.0;70.845;70.845;0.0;6.0;425.07
15;0;143;40.193;0.0;0.0;0.0;40.193;40.193;0.0;6.0;241.158
15;0;144;193.743;0.0;0.0;0.0;193.743;193.743;0.0;6.0;1162.458
15;0;145;134.37;0.0;0.0;0.0;134.37;134.37;0.0;6.0;806.22
15;0;146;199.135;0.0;0.0;0.0;199.135;199.135;0.0;6.0;1194.81
15;0;147;202.197;0.0;0.0;0.0;202.197;202.197;0.0;6.0;1213.182
15;0;148;203.421;0.0;0.0;0.0;203.421;203.421;0.0;6.0;1220.5259999999998
15;0;149;204.558;0.0;0.0;0.0;204.558;204.558;0.0;6.0;1227.348
15;0;150;125.787;0.0;0.0;0.0;125.787;125.787;0.0;6.0;754.722
15;0;151;243.99599999999998;0.0;0.0;0.0;243.996;243.996;0.0;6.0;1463.976
15;0;152;138.01999999999998;0.0;0.0;0.0;138.02;138.02;0.0;6.0;828.1200000000001
15;0;153;-8.70300000000001;8.703;0.0;0.0;0.0;0.0;8.703;6.0;0.0
15;0;154;-71.12;71.12;0.0;0.0;0.0;0.0;71.12;6.0;0.0
15;0;155;-7.105427357601002e-15;0.0;0.0;0.0;0.0;0.0;0.0;6.0;0.0
15;0;156;-66.54500000000002;66.545;0.0;0.0;0.0;0.0;66.545;6.0;0.0
15;0;157;85.96199999999999;0.0;0.0;0.0;85.962;85.962;0.0;6.0;515.772
15;0;158;179.52399999999997;0.0;0.0;0.0;179.524;179.524;0.0;6.0;1077.144
15;0;159;131.54299999999998;0.0;0.0;0.0;131.543;131.543;0.0;6.0;789.258
15;0;160;89.78799999999998;0.0;0.0;0.0;89.788;89.788;0.0;6.0;538.728
15;0;161;155.558;0.0;0.0;0.0;155.558;155.558;0.0;6.0;933.348
15;0;162;229.027;0.0;0.0;0.0;229.027;229.027;0.0;6.0;1374.1619999999998
15;0;163;256.471;0.0;0.0;0.0;256.471;256.471;0.0;6.0;1538.826
15;0;164;259.635;0.0;0.0;0.0;259.635;259.635;0.0;6.0;1557.81
15;0;165;117.1;0.0;0.0;0.0;117.1;117.1;0.0;6.0;702.5999999999999
15;0;166;63.412;0.0;0.0;0.0;63.412;63.412;0.0;6.0;380.472
15;0;167;236.095;0.0;0.0;0.0;236.095;236.095;0.0;6.0;1416.57
15;1;0;16.763;0.0;0.0;0.0;16.763;16.763;0.0;20.0;335.26000000000005
15;1;1;17.892;0.0;0.0;0.0;17.892;17.892;0.0;20.0;357.84
15;1;2;18.353;0.0;0.0;0.0;18.353;18.353;0.0;20.0;367.06000000000006
15;1;3;19.991;0.0;0.0;0.0;19.991;19.991;0.0;20.0;399.82
15;1;4;21.049;0.0;0.0;0.0;21.049;21.049;0.0;20.0;420.98
15;1;5;19.563;0.0;0.0;0.0;19.563;19.563;0.0;20.0;391.26
15;1;6;21.012;0.0;0.0;0.0;21.012;21.012;0.0;20.0;420.24
15;1;7;-15.193999999999996;15.194;0.0;0.0;0.0;0.0;15.194;20.0;0.0
15;1;8;-94.96799999999999;94.968;0.0;0.0;0.0;0.0;94.968;20.0;0.0
15;1;9;-203.44400000000002;203.444;0.0;0.0;0.0;0.0;203.444;20.0;0.0
15;1;10;-296.13899999999995;296.139;0.0;0.0;0.0;0.0;296.139;20.0;0.0
15;1;11;-351.091;351.091;0.0;0.0;0.0;0.0;351.091;20.0;0.0
15;1;12;-390.086;361.91;0.0;28.176;0.0;0.0;390.086;20.0;0.0
15;1;13;-437.93100000000004;376.358;0.0;61.573;0.0;0.0;437.931;20.0;0.0
15;1;14;-347.302;347.302;0.0;0.0;0.0;0.0;347.302;20.0;0.0
15;1;15;-226.36900000000003;226.369;0.0;0.0;0.0;0.0;226.369;20.0;0.0
15;1;16;-128.805;128.805;0.0;0.0;0.0;0.0;128.805;20.0;0.0
15;1;17;-59.019999999999996;59.02;0.0;0.0;0.0;0.0;59.02;20.0;0.0
15;1;18;4.0589999999999975;0.0;0.0;0.0;4.059;4.059;0.0;20.0;81.18
15;1;19;71.641;0.0;0.0;0.0;71.641;71.641;0.0;20.0;1432.8200000000002
15;1;20;73.7;0.0;0.0;0.0;73.7;73.7;0.0;20.0;1474.0
15;1;21;70.329;0.0;0.0;0.0;70.329;70.329;0.0;20.0;1406.58
15;1;22;58.006;0.0;0.0;0.0;58.006;58.006;0.0;20.0;1160.12
15;1;23;41.519;0.0;0.0;0.0;41.519;41.519;0.0;20.0;830.38
15;1;24;17.033;0.0;0.0;0.0;17.033;17.033;0.0;20.0;340.66
15;1;25;22.962;0.0;0.0;0.0;22.962;22.962;0.0;20.0;459.24
15;1;26;19.109;0.0;0.0;0.0;19.109;19.109;0.0;20.0;382.18000000000006
15;1;27;19.443;0.0;0.0;0.0;19.443;19.443;0.0;20.0;388.86
15;1;28;18.48;0.0;0.0;0.0;18.48;18.48;0.0;20.0;369.6
15;1;29;20.301;0.0;0.0;0.0;20.301;20.301;0.0;20.0;406.02
15;1;30;20.95;0.0;0.0;0.0;20.95;20.95;0.0;20.0;419.0
15;1;31;0.0010000000000047748;0.0;0.0;0.0;0.001;0.001;0.0;20.0;0.02
15;1;32;-88.773;88.773;0.0;0.0;0.0;0.0;88.773;20.0;0.0
15;1;33;-198.246;198.246;0.0;0.0;0.0;0.0;198.246;20.0;0.0
15;1;34;-274.30299999999994;274.303;0.0;0.0;0.0;0.0;274.303;20.0;0.0
15;1;35;-352.19599999999997;352.196;0.0;0.0;0.0;0.0;352.196;20.0;0.0
15;1;36;-437.84;359.911;0.0;77.929;0.0;0.0;437.84;20.0;0.0
15;1;37;-440.46999999999997;365.97;0.0;74.5;0.0;0.0;440.47;20.0;0.0
15;1;38;-410.421;397.088;0.0;13.333;0.0;0.0;410.421;20.0;0.0
15;1;39;-342.126;342.126;0.0;0.0;0.0;0.0;342.126;20.0;0.0
15;1;40;-238.29699999999997;238.297;0.0;0.0;0.0;0.0;238.297;20.0;0.0
15;1;41;-63.18500000000002;63.185;0.0;0.0;0.0;0.0;63.185;20.0;0.0
15;1;42;-18.083999999999996;18.084;0.0;0.0;0.0;0.0;18.084;20.0;0.0
15;1;43;57.87599999999999;0.0;0.0;0.0;57.876;57.876;0.0;20.0;1157.52
15;1;44;77.275;0.0;0.0;0.0;77.275;77.275;0.0;20.0;1545.5
15;1;45;65.547;0.0;0.0;0.0;65.547;65.547;0.0;20.0;1310.94
15;1;46;56.193;0.0;0.0;0.0;56.193;56.193;0.0;20.0;1123.86
15;1;47;56.054;0.0;0.0;0.0;56.054;56.054;0.0;20.0;1121.08
15;1;48;17.665;0.0;0.0;0.0;17.665;17.665;0.0;20.0;353.29999999999995
15;1;49;19.433;0.0;0.0;0.0;19.433;19.433;0.0;20.0;388.65999999999997
15;1;50;18.81;0.0;0.0;0.0;18.81;18.81;0.0;20.0;376.2
15;1;51;18.246;0.0;0.0;0.0;18.246;18.246;0.0;20.0;364.91999999999996
15;1;52;22.32;0.0;0.0;0.0;22.32;22.32;0.0;20.0;446.4
15;1;53;19.955;0.0;0.0;0.0;19.955;19.955;0.0;20.0;399.09999999999997
15;1;54;22.009999999999998;0.0;0.0;0.0;22.01;22.01;0.0;20.0;440.20000000000005
15;1;55;18.981999999999996;0.0;0.0;0.0;18.982;18.982;0.0;20.0;379.64
15;1;56;-74.325;74.325;0.0;0.0;0.0;0.0;74.325;20.0;0.0
15;1;57;-184.299;184.299;0.0;0.0;0.0;0.0;184.299;20.0;0.0
15;1;58;-276.386;276.386;0.0;0.0;0.0;0.0;276.386;20.0;0.0
15;1;59;-343.901;336.128;0.0;7.773;0.0;0.0;343.901;20.0;0.0
15;1;60;-400.458;336.839;0.0;63.619;0.0;0.0;400.458;20.0;0.0
15;1;61;-353.672;336.928;0.0;16.744;0.0;0.0;353.672;20.0;0.0
15;1;62;-208.40100000000004;208.401;0.0;0.0;0.0;0.0;208.401;20.0;0.0
15;1;63;-5.7039999999999935;5.704;0.0;0.0;0.0;0.0;5.704;20.0;0.0
15;1;64;-126.036;126.036;0.0;0.0;0.0;0.0;126.036;20.0;0.0
15;1;65;-89.578;89.578;0.0;0.0;0.0;0.0;89.578;20.0;0.0
15;1;66;1.3220000000000027;0.0;0.0;0.0;1.322;1.322;0.0;20.0;26.44
15;1;67;53.818;0.0;0.0;0.0;53.818;53.818;0.0;20.0;1076.36
15;1;68;77.337;0.0;0.0;0.0;77.337;77.337;0.0;20.0;1546.74
15;1;69;64.027;0.0;0.0;0.0;64.027;64.027;0.0;20.0;1280.54
15;1;70;58.409;0.0;0.0;0.0;58.409;58.409;0.0;20.0;1168.18
15;1;71;39.712;0.0;0.0;0.0;39.712;39.712;0.0;20.0;794.24
15;1;72;17.553;0.0;0.0;0.0;17.553;17.553;0.0;20.0;351.06
15;1;73;19.72;0.0;0.0;0.0;19.72;19.72;0.0;20.0;394.4
15;1;74;19.438;0.0;0.0;0.0;19.438;19.438;0.0;20.0;388.76
15;1;75;18.504;0.0;0.0;0.0;18.504;18.504;0.0;20.0;370.08000000000004
15;1;76;18.562;0.0;0.0;0.0;18.562;18.562;0.0;20.0;371.24
15;1;77;23.894;0.0;0.0;0.0;23.894;23.894;0.0;20.0;477.88
15;1;78;18.954;0.0;0.0;0.0;18.954;18.954;0.0;20.0;379.08000000000004
15;1;79;-11.238;11.238;0.0;0.0;0.0;0.0;11.238;20.0;0.0
15;1;80;-108.717;108.717;0.0;0.0;0.0;0.0;108.717;20.0;0.0
15;1;81;-227.89000000000001;196.26;0.0;31.63;0.0;0.0;227.89;20.0;0.0
15;1;82;-331.578;202.815;0.0;128.763;0.0;0.0;331.578;20.0;0.0
15;1;83;-407.725;194.711;0.0;213.014;0.0;0.0;407.725;20.0;0.0
15;1;84;-443.514;189.233;0.0;254.281;0.0;0.0;443.514;20.0;0.0
15;1;85;-403.644;188.55;0.0;215.094;0.0;0.0;403.644;20.0;0.0
15;1;86;-350.79400000000004;193.45;0.0;157.344;0.0;0.0;350.794;20.0;0.0
15;1;87;-283.733;283.733;0.0;0.0;0.0;0.0;283.733;20.0;0.0
15;1;88;-158.859;158.859;0.0;0.0;0.0;0.0;158.859;20.0;0.0
15;1;89;-74.268;74.268;0.0;0.0;0.0;0.0;74.268;20.0;0.0
15;1;90;-19.570999999999998;19.571;0.0;0.0;0.0;0.0;19.571;20.0;0.0
15;1;91;57.779;0.0;0.0;0.0;57.779;57.779;0.0;20.0;1155.5800000000002
15;1;92;67.966;0.0;0.0;0.0;67.966;67.966;0.0;20.0;1359.32
15;1;93;64.396;0.0;0.0;0.0;64.396;64.396;0.0;20.0;1287.92
15;1;94;58.339;0.0;0.0;0.0;58.339;58.339;0.0;20.0;1166.78
15;1;95;49.996;0.0;0.0;0.0;49.996;49.996;0.0;20.0;999.9200000000001
15;1;96;16.783;0.0;0.0;0.0;16.783;16.783;0.0;20.0;335.66
15;1;97;18.711;0.0;0.0;0.0;18.711;18.711;0.0;20.0;374.21999999999997
15;1;98;22.833;0.0;0.0;0.0;22.833;22.833;0.0;20.0;456.65999999999997
15;1;99;19.229;0.0;0.0;0.0;19.229;19.229;0.0;20.0;384.58
15;1;100;18.228;0.0;0.0;0.0;18.228;18.228;0.0;20.0;364.56000000000006
15;1;101;19.633;0.0;0.0;0.0;19.633;19.633;0.0;20.0;392.65999999999997
15;1;102;17.152;0.0;0.0;0.0;17.152;17.152;0.0;20.0;343.04
15;1;103;-6.4310000000000045;6.431;0.0;0.0;0.0;0.0;6.431;20.0;0.0
15;1;104;-56.571999999999996;56.572;0.0;0.0;0.0;0.0;56.572;20.0;0.0
15;1;105;-71.084;71.084;0.0;0.0;0.0;0.0;71.084;20.0;0.0
15;1;106;-211.98100000000002;211.981;0.0;0.0;0.0;0.0;211.981;20.0;0.0
15;1;107;-391.09900000000005;391.099;0.0;0.0;0.0;0.0;391.099;20.0;0.0
15;1;108;-450.65500000000003;399.575;0.0;51.08;0.0;0.0;450.655;20.0;0.0
15;1;109;-355.382;355.382;0.0;0.0;0.0;0.0;355.382;20.0;0.0
15;1;110;-149.248;149.248;0.0;0.0;0.0;0.0;149.248;20.0;0.0
15;1;111;-117.267;117.267;0.0;0.0;0.0;0.0;117.267;20.0;0.0
15;1;112;-90.50199999999998;90.502;0.0;0.0;0.0;0.0;90.502;20.0;0.0
15;1;113;-12.474999999999994;12.475;0.0;0.0;0.0;0.0;12.475;20.0;0.0
15;1;114;-12.155000000000001;12.155;0.0;0.0;0.0;0.0;12.155;20.0;0.0
15;1;115;63.613;0.0;0.0;0.0;63.613;63.613;0.0;20.0;1272.26
15;1;116;71.854;0.0;0.0;0.0;71.854;71.854;0.0;20.0;1437.08
15;1;117;59.689;0.0;0.0;0.0;59.689;59.689;0.0;20.0;1193.78
15;1;118;53.321;0.0;0.0;0.0;53.321;53.321;0.0;20.0;1066.42
15;1;119;35.648;0.0;0.0;0.0;35.648;35.648;0.0;20.0;712.96
15;1;120;16.989;0.0;0.0;0.0;16.989;16.989;0.0;20.0;339.78000000000003
15;1;121;20.609;0.0;0.0;0.0;20.609;20.609;0.0;20.0;412.18000000000006
15;1;122;18.532;0.0;0.0;0.0;18.532;18.532;0.0;20.0;370.64
15;1;123;18.088;0.0;0.0;0.0;18.088;18.088;0.0;20.0;361.76
15;1;124;19.257;0.0;0.0;0.0;19.257;19.257;0.0;20.0;385.14000000000004
15;1;125;19.214;0.0;0.0;0.0;19.214;19.214;0.0;20.0;384.28
15;1;126;19.073;0.0;0.0;0.0;19.073;19.073;0.0;20.0;381.46000000000004
15;1;127;18.511000000000003;0.0;0.0;0.0;18.511;18.511;0.0;20.0;370.21999999999997
15;1;128;-85.86099999999999;85.861;0.0;0.0;0.0;0.0;85.861;20.0;0.0
15;1;129;-209.19799999999998;209.198;0.0;0.0;0.0;0.0;209.198;20.0;0.0
15;1;130;-308.69300000000004;308.693;0.0;0.0;0.0;0.0;308.693;20.0;0.0
15;1;131;-380.747;380.747;0.0;0.0;0.0;0.0;380.747;20.0;0.0
15;1;132;-415.30400000000003;380.446;0.0;34.858;0.0;0.0;415.304;20.0;0.0
15;1;133;-385.2;382.431;0.0;2.769;0.0;0.0;385.2;20.0;0.0
15;1;134;-306.358;306.358;0.0;0.0;0.0;0.0;306.358;20.0;0.0
15;1;135;-206.668;206.668;0.0;0.0;0.0;0.0;206.668;20.0;0.0
15;1;136;-151.392;151.392;0.0;0.0;0.0;0.0;151.392;20.0;0.0
15;1;137;-62.075999999999986;62.076;0.0;0.0;0.0;0.0;62.076;20.0;0.0
15;1;138;-7.375000000000007;7.375;0.0;0.0;0.0;0.0;7.375;20.0;0.0
15;1;139;63.101;0.0;0.0;0.0;63.101;63.101;0.0;20.0;1262.02
15;1;140;65.642;0.0;0.0;0.0;65.642;65.642;0.0;20.0;1312.84
15;1;141;62.976;0.0;0.0;0.0;62.976;62.976;0.0;20.0;1259.52
15;1;142;52.098;0.0;0.0;0.0;52.098;52.098;0.0;20.0;1041.96
15;1;143;62.957;0.0;0.0;0.0;62.957;62.957;0.0;20.0;1259.14
15;1;144;17.761;0.0;0.0;0.0;17.761;17.761;0.0;20.0;355.21999999999997
15;1;145;18.734;0.0;0.0;0.0;18.734;18.734;0.0;20.0;374.68000000000006
15;1;146;18.328;0.0;0.0;0.0;18.328;18.328;0.0;20.0;366.56
15;1;147;18.938;0.0;0.0;0.0;18.938;18.938;0.0;20.0;378.76
15;1;148;21.383;0.0;0.0;0.0;21.383;21.383;0.0;20.0;427.65999999999997
15;1;149;19.675;0.0;0.0;0.0;19.675;19.675;0.0;20.0;393.5
15;1;150;20.81;0.0;0.0;0.0;20.81;20.81;0.0;20.0;416.2
15;1;151;0.0;0.0;0.0;0.0;0.0;0.0;0.0;20.0;0.0
15;1;152;-84.923;84.923;0.0;0.0;0.0;0.0;84.923;20.0;0.0
15;1;153;-211.52700000000002;211.527;0.0;0.0;0.0;0.0;211.527;20.0;0.0
15;1;154;-313.734;313.734;0.0;0.0;0.0;0.0;313.734;20.0;0.0
15;1;155;-389.65600000000006;389.656;0.0;0.0;0.0;0.0;389.656;20.0;0.0
15;1;156;-433.581;382.839;0.0;50.742;0.0;0.0;433.581;20.0;0.0
15;1;157;-426.64799999999997;385.435;0.0;41.213;0.0;0.0;426.648;20.0;0.0
15;1;158;-298.65999999999997;298.66;0.0;0.0;0.0;0.0;298.66;20.0;0.0
15;1;159;-184.05599999999998;184.056;0.0;0.0;0.0;0.0;184.056;20.0;0.0
15;1;160;-185.493;185.493;0.0;0.0;0.0;0.0;185.493;20.0;0.0
15;1;161;-79.59800000000001;79.598;0.0;0.0;0.0;0.0;79.598;20.0;0.0
15;1;162;-26.747999999999998;26.748;0.0;0.0;0.0;0.0;26.748;20.0;0.0
15;1;163;66.815;0.0;0.0;0.0;66.815;66.815;0.0;20.0;1336.3
15;1;164;76.092;0.0;0.0;0.0;76.092;76.092;0.0;20.0;1521.84
15;1;165;68.057;0.0;0.0;0.0;68.057;68.057;0.0;20.0;1361.14
15;1;166;69.299;0.0;0.0;0.0;69.299;69.299;0.0;20.0;1385.98
15;1;167;42.765;0.0;0.0;0.0;42.765;42.765;0.0;20.0;855.3
15;2;0;165.62599999999998;0.0;0.0;0.0;165.626;165.626;0.0;11.0;1821.886
15;2;1;177.661;0.0;0.0;0.0;177.661;177.661;0.0;11.0;1954.271
15;2;2;157.13500000000002;0.0;0.0;0.0;157.135;157.135;0.0;11.0;1728.485
15;2;3;18.823;0.0;0.0;0.0;18.823;18.823;0.0;11.0;207.053
15;2;4;19.18;0.0;0.0;0.0;19.18;19.18;0.0;11.0;210.98
15;2;5;19.286;0.0;0.0;0.0;19.286;19.286;0.0;11.0;212.14600000000002
15;2;6;21.88;0.0;0.0;0.0;21.88;21.88;0.0;11.0;240.67999999999998
15;2;7;123.42000000000002;0.0;0.0;0.0;123.42;123.42;0.0;11.0;1357.6200000000001
15;2;8;-23.43900000000002;23.439;0.0;0.0;0.0;0.0;23.439;11.0;0.0
15;2;9;-175.835;175.835;0.0;0.0;0.0;0.0;175.835;11.0;0.0
15;2;10;-281.091;281.091;0.0;0.0;0.0;0.0;281.091;11.0;0.0
15;2;11;-368.61899999999997;368.619;0.0;0.0;0.0;0.0;368.619;11.0;0.0
15;2;12;-408.744;408.744;0.0;0.0;0.0;0.0;408.744;11.0;0.0
15;2;13;-283.73;283.73;0.0;0.0;0.0;0.0;283.73;11.0;0.0
15;2;14;-101.54700000000003;101.547;0.0;0.0;0.0;0.0;101.547;11.0;0.0
15;2;15;-37.86100000000002;37.861;0.0;0.0;0.0;0.0;37.861;11.0;0.0
15;2;16;-36.058;36.058;0.0;0.0;0.0;0.0;36.058;11.0;0.0
15;2;17;-7.105427357601002e-15;0.0;0.0;0.0;0.0;0.0;0.0;11.0;0.0
15;2;18;63.354;0.0;0.0;0.0;63.354;63.354;0.0;11.0;696.894
15;2;19;95.535;0.0;0.0;0.0;95.535;95.535;0.0;11.0;1050.885
15;2;20;110.54899999999999;0.0;0.0;0.0;110.549;110.549;0.0;11.0;1216.039
15;2;21;99.865;0.0;0.0;0.0;99.865;99.865;0.0;11.0;1098.5149999999999
15;2;22;106.02099999999999;0.0;0.0;0.0;106.021;106.021;0.0;11.0;1166.231
15;2;23;59.144000000000005;0.0;0.0;0.0;59.144;59.144;0.0;11.0;650.584
15;2;24;16.659;0.0;0.0;0.0;16.659;16.659;0.0;11.0;183.249
15;2;25;19.219;0.0;0.0;0.0;19.219;19.219;0.0;11.0;211.40900000000002
15;2;26;18.695;0.0;0.0;0.0;18.695;18.695;0.0;11.0;205.645
15;2;27;18.878;0.0;0.0;0.0;18.878;18.878;0.0;11.0;207.65800000000002
15;2;28;18.35;0.0;0.0;0.0;18.35;18.35;0.0;11.0;201.85000000000002
15;2;29;22.177;0.0;0.0;0.0;22.177;22.177;0.0;11.0;243.947
15;2;30;24.177;0.0;0.0;0.0;24.177;24.177;0.0;11.0;265.947
15;2;31;104.052;0.0;0.0;0.0;104.052;104.052;0.0;11.0;1144.5720000000001
15;2;32;-33.68200000000001;33.682;0.0;0.0;0.0;0.0;33.682;11.0;0.0
15;2;33;-147.211;147.211;0.0;0.0;0.0;0.0;147.211;11.0;0.0
15;2;34;-267.257;267.257;0.0;0.0;0.0;0.0;267.257;11.0;0.0
15;2;35;-351.37800000000004;351.378;0.0;0.0;0.0;0.0;351.378;11.0;0.0
15;2;36;-378.523;378.523;0.0;0.0;0.0;0.0;378.523;11.0;0.0
15;2;37;-279.552;279.552;0.0;0.0;0.0;0.0;279.552;11.0;0.0
15;2;38;-233.68;233.68;0.0;0.0;0.0;0.0;233.68;11.0;0.0
15;2;39;-158.448;158.448;0.0;0.0;0.0;0.0;158.448;11.0;0.0
15;2;40;-37.39700000000001;37.397;0.0;0.0;0.0;0.0;37.397;11.0;0.0
15;2;41;-0.000999999999990564;0.001;0.0;0.0;0.0;0.0;0.001;11.0;0.0
15;2;42;45.546;0.0;0.0;0.0;45.546;45.546;0.0;11.0;501.006
15;2;43;67.545;0.0;0.0;0.0;67.545;67.545;0.0;11.0;742.995
15;2;44;78.285;0.0;0.0;0.0;78.285;78.285;0.0;11.0;861.135
15;2;45;65.811;0.0;0.0;0.0;65.811;65.811;0.0;11.0;723.921
15;2;46;69.962;0.0;0.0;0.0;69.962;69.962;0.0;11.0;769.582
15;2;47;45.367;0.0;0.0;0.0;45.367;45.367;0.0;11.0;499.037
15;2;48;16.822;0.0;0.0;0.0;16.822;16.822;0.0;11.0;185.042
15;2;49;17.764;0.0;0.0;0.0;17.764;17.764;0.0;11.0;195.404
15;2;50;19.345;0.0;0.0;0.0;19.345;19.345;0.0;11.0;212.795
15;2;51;18.273;0.0;0.0;0.0;18.273;18.273;0.0;11.0;201.003
15;2;52;18.43;0.0;0.0;0.0;18.43;18.43;0.0;11.0;202.73
15;2;53;19.109;0.0;0.0;0.0;19.109;19.109;0.0;11.0;210.199
15;2;54;19.644;0.0;0.0;0.0;19.644;19.644;0.0;11.0;216.08399999999997
15;2;55;65.536;0.0;0.0;0.0;65.536;65.536;0.0;11.0;720.896
15;2;56;30.026;0.0;0.0;0.0;30.026;30.026;0.0;11.0;330.286
15;2;57;0.0;0.0;0.0;0.0;0.0;0.0;0.0;11.0;0.0
15;2;58;4.829000000000001;0.0;0.0;0.0;4.829;4.829;0.0;11.0;53.119
15;2;59;0.0;0.0;0.0;0.0;0.0;0.0;0.0;11.0;0.0
15;2;60;-0.0010000000000047748;0.001;0.0;0.0;0.0;0.0;0.001;11.0;0.0
15;2;61;0.0009999999999976694;0.0;0.0;0.0;0.001;0.001;0.0;11.0;0.011
15;2;62;0.0;0.0;0.0;0.0;0.0;0.0;0.0;11.0;0.0
15;2;63;2.3500000000000014;0.0;0.0;0.0;2.35;2.35;0.0;11.0;25.85
15;2;64;0.0009999999999976694;0.0;0.0;0.0;0.001;0.001;0.0;11.0;0.011
15;2;65;19.83;0.0;0.0;0.0;19.83;19.83;0.0;11.0;218.13
15;2;66;54.349999999999994;0.0;0.0;0.0;54.35;54.35;0.0;11.0;597.85
15;2;67;71.876;0.0;0.0;0.0;71.876;71.876;0.0;11.0;790.6360000000001
15;2;68;82.575;0.0;0.0;0.0;82.575;82.575;0.0;11.0;908.325
15;2;69;62.48;0.0;0.0;0.0;62.48;62.48;0.0;11.0;687.28
15;2;70;59.396;0.0;0.0;0.0;59.396;59.396;0.0;11.0;653.356
15;2;71;58.581;0.0;0.0;0.0;58.581;58.581;0.0;11.0;644.3910000000001
15;2;72;148.741;0.0;0.0;0.0;148.741;148.741;0.0;11.0;1636.151
15;2;73;23.613;0.0;0.0;0.0;23.613;23.613;0.0;11.0;259.743
15;2;74;18.041;0.0;0.0;0.0;18.041;18.041;0.0;11.0;198.451
15;2;75;19.582;0.0;0.0;0.0;19.582;19.582;0.0;11.0;215.40200000000002
15;2;76;17.903;0.0;0.0;0.0;17.903;17.903;0.0;11.0;196.933
15;2;77;23.818;0.0;0.0;0.0;23.818;23.818;0.0;11.0;261.998
15;2;78;22.748;0.0;0.0;0.0;22.748;22.748;0.0;11.0;250.228
15;2;79;1.5380000000000003;0.0;0.0;0.0;1.538;1.538;0.0;11.0;16.918
15;2;80;-0.0010000000000047748;0.001;0.0;0.0;0.0;0.0;0.001;11.0;0.0
15;2;81;-26.381;26.381;0.0;0.0;0.0;0.0;26.381;11.0;0.0
15;2;82;0.0010000000000047748;0.0;0.0;0.0;0.001;0.001;0.0;11.0;0.011
15;2;83;-76.436;76.436;0.0;0.0;0.0;0.0;76.436;11.0;0.0
15;2;84;-161.803;161.803;0.0;0.0;0.0;0.0;161.803;11.0;0.0
15;2;85;-83.278;83.278;0.0;0.0;0.0;0.0;83.278;11.0;0.0
15;2;86;0.0010000000000118803;0.0;0.0;0.0;0.001;0.001;0.0;11.0;0.011
15;2;87;-7.105427357601002e-15;0.0;0.0;0.0;0.0;0.0;0.0;11.0;0.0
15;2;88;7.105427357601002e-15;0.0;0.0;0.0;0.0;0.0;0.0;11.0;0.0
15;2;89;-0.0009999999999976694;0.001;0.0;0.0;0.0;0.0;0.001;11.0;0.0
15;2;90;39.272000000000006;0.0;0.0;0.0;39.272;39.272;0.0;11.0;431.99199999999996
15;2;91;50.629;0.0;0.0;0.0;50.629;50.629;0.0;11.0;556.919
15;2;92;81.77799999999999;0.0;0.0;0.0;81.778;81.778;0.0;11.0;899.5580000000001
15;2;93;62.695;0.0;0.0;0.0;62.695;62.695;0.0;11.0;689.645
15;2;94;195.03900000000002;0.0;0.0;0.0;195.039;195.039;0.0;11.0;2145.429
15;2;95;82.214;0.0;0.0;0.0;82.214;82.214;0.0;11.0;904.354
15;2;96;100.28999999999999;0.0;0.0;0.0;100.29;100.29;0.0;11.0;1103.19
15;2;97;26.11;0.0;0.0;0.0;26.11;26.11;0.0;11.0;287.21
15;2;98;18.744;0.0;0.0;0.0;18.744;18.744;0.0;11.0;206.184
15;2;99;19.302;0.0;0.0;0.0;19.302;19.302;0.0;11.0;212.322
15;2;100;19.654;0.0;0.0;0.0;19.654;19.654;0.0;11.0;216.194
15;2;101;18.927;0.0;0.0;0.0;18.927;18.927;0.0;11.0;208.197
15;2;102;22.055;0.0;0.0;0.0;22.055;22.055;0.0;11.0;242.605
15;2;103;126.44899999999998;0.0;0.0;0.0;126.449;126.449;0.0;11.0;1390.939
15;2;104;-13.631999999999998;13.632;0.0;0.0;0.0;0.0;13.632;11.0;0.0
15;2;105;-135.887;135.887;0.0;0.0;0.0;0.0;135.887;11.0;0.0
15;2;106;-133.716;133.716;0.0;0.0;0.0;0.0;133.716;11.0;0.0
15;2;107;-39.63399999999999;39.634;0.0;0.0;0.0;0.0;39.634;11.0;0.0
15;2;108;-116.301;116.301;0.0;0.0;0.0;0.0;116.301;11.0;0.0
15;2;109;-92.24299999999997;92.243;0.0;0.0;0.0;0.0;92.243;11.0;0.0
15;2;110;-73.17000000000002;73.17;0.0;0.0;0.0;0.0;73.17;11.0;0.0
15;2;111;0.0;0.0;0.0;0.0;0.0;0.0;0.0;11.0;0.0
15;2;112;0.0010000000000047748;0.0;0.0;0.0;0.001;0.001;0.0;11.0;0.011
15;2;113;1.3620000000000019;0.0;0.0;0.0;1.362;1.362;0.0;11.0;14.982000000000001
15;2;114;60.24;0.0;0.0;0.0;60.24;60.24;0.0;11.0;662.64
15;2;115;67.327;0.0;0.0;0.0;67.327;67.327;0.0;11.0;740.597
15;2;116;73.727;0.0;0.0;0.0;73.727;73.727;0.0;11.0;810.9970000000001
15;2;117;59.035;0.0;0.0;0.0;59.035;59.035;0.0;11.0;649.385
15;2;118;64.329;0.0;0.0;0.0;64.329;64.329;0.0;11.0;707.6189999999999
15;2;119;37.669;0.0;0.0;0.0;37.669;37.669;0.0;11.0;414.359
15;2;120;16.642;0.0;0.0;0.0;16.642;16.642;0.0;11.0;183.06199999999998
15;2;121;24.197;0.0;0.0;0.0;24.197;24.197;0.0;11.0;266.167
15;2;122;21.166;0.0;0.0;0.0;21.166;21.166;0.0;11.0;232.826
15;2;123;19.23;0.0;0.0;0.0;19.23;19.23;0.0;11.0;211.53
15;2;124;18.572;0.0;0.0;0.0;18.572;18.572;0.0;11.0;204.292
15;2;125;19.618;0.0;0.0;0.0;19.618;19.618;0.0;11.0;215.79799999999997
15;2;126;66.529;0.0;0.0;0.0;66.529;66.529;0.0;11.0;731.819
15;2;127;100.432;0.0;0.0;0.0;100.432;100.432;0.0;11.0;1104.752
15;2;128;57.581;0.0;0.0;0.0;57.581;57.581;0.0;11.0;633.3910000000001
15;2;129;23.459000000000003;0.0;0.0;0.0;23.459;23.459;0.0;11.0;258.049
15;2;130;-7.105427357601002e-15;0.0;0.0;0.0;0.0;0.0;0.0;11.0;0.0
15;2;131;7.105427357601002e-15;0.0;0.0;0.0;0.0;0.0;0.0;11.0;0.0
15;2;132;-48.07;48.07;0.0;0.0;0.0;0.0;48.07;11.0;0.0
15;2;133;-92.31899999999999;92.319;0.0;0.0;0.0;0.0;92.319;11.0;0.0
15;2;134;0.0;0.0;0.0;0.0;0.0;0.0;0.0;11.0;0.0
15;2;135;0.0009999999999976694;0.0;0.0;0.0;0.001;0.001;0.0;11.0;0.011
15;2;136;0.0;0.0;0.0;0.0;0.0;0.0;0.0;11.0;0.0
15;2;137;126.08700000000002;0.0;0.0;0.0;126.087;126.087;0.0;11.0;1386.957
15;2;138;73.23100000000001;0.0;0.0;0.0;73.231;73.231;0.0;11.0;805.5409999999999
15;2;139;93.458;0.0;0.0;0.0;93.458;93.458;0.0;11.0;1028.038
15;2;140;78.981;0.0;0.0;0.0;78.981;78.981;0.0;11.0;868.7909999999999
15;2;141;69.214;0.0;0.0;0.0;69.214;69.214;0.0;11.0;761.354
15;2;142;63.181;0.0;0.0;0.0;63.181;63.181;0.0;11.0;694.991
15;2;143;39.6;0.0;0.0;0.0;39.6;39.6;0.0;11.0;435.6
15;2;144;16.821;0.0;0.0;0.0;16.821;16.821;0.0;11.0;185.031
15;2;145;18.137;0.0;0.0;0.0;18.137;18.137;0.0;11.0;199.507
15;2;146;18.381;0.0;0.0;0.0;18.381;18.381;0.0;11.0;202.191
15;2;147;19.946;0.0;0.0;0.0;19.946;19.946;0.0;11.0;219.406
15;2;148;18.542;0.0;0.0;0.0;18.542;18.542;0.0;11.0;203.96200000000002
15;2;149;19.36;0.0;0.0;0.0;19.36;19.36;0.0;11.0;212.95999999999998
15;2;150;19.909;0.0;0.0;0.0;19.909;19.909;0.0;11.0;218.999
15;2;151;52.164;0.0;0.0;0.0;52.164;52.164;0.0;11.0;573.804
15;2;152;48.21;0.0;0.0;0.0;48.21;48.21;0.0;11.0;530.3100000000001
15;2;153;67.227;0.0;0.0;0.0;67.227;67.227;0.0;11.0;739.4970000000001
15;2;154;69.66300000000001;0.0;0.0;0.0;69.663;69.663;0.0;11.0;766.293
15;2;155;35.303999999999995;0.0;0.0;0.0;35.304;35.304;0.0;11.0;388.34400000000005
15;2;156;10.556999999999995;0.0;0.0;0.0;10.557;10.557;0.0;11.0;116.12700000000001
15;2;157;23.669999999999998;0.0;0.0;0.0;23.67;23.67;0.0;11.0;260.37
15;2;158;22.476000000000006;0.0;0.0;0.0;22.476;22.476;0.0;11.0;247.236
15;2;159;47.77;0.0;0.0;0.0;47.77;47.77;0.0;11.0;525.47
15;2;160;165.66400000000002;0.0;0.0;0.0;165.664;165.664;0.0;11.0;1822.3039999999999
15;2;161;63.38499999999999;0.0;0.0;0.0;63.385;63.385;0.0;11.0;697.235
15;2;162;76.867;0.0;0.0;0.0;76.867;76.867;0.0;11.0;845.537
15;2;163;71.248;0.0;0.0;0.0;71.248;71.248;0.0;11.0;783.7280000000001
15;2;164;82.687;0.0;0.0;0.0;82.687;82.687;0.0;11.0;909.557
15;2;165;63.305;0.0;0.0;0.0;63.305;63.305;0.0;11.0;696.355
15;2;166;118.593;0.0;0.0;0.0;118.593;118.593;0.0;11.0;1304.5230000000001
15;2;167;172.50300000000001;0.0;0.0;0.0;172.503;172.503;0.0;11.0;1897.533
15;3;0;19.833;0.0;0.0;0.0;19.833;19.833;0.0;15.0;297.495
15;3;1;137.066;0.0;0.0;0.0;137.066;137.066;0.0;15.0;2055.9900000000002
15;3;2;162.294;0.0;0.0;0.0;162.294;162.294;0.0;15.0;2434.4100000000003
15;3;3;163.846;0.0;0.0;0.0;163.846;163.846;0.0;15.0;2457.69
15;3;4;194.481;0.0;0.0;0.0;194.481;194.481;0.0;15.0;2917.215
15;3;5;143.678;0.0;0.0;0.0;143.678;143.678;0.0;15.0;2155.17
15;3;6;186.468;0.0;0.0;0.0;186.468;186.468;0.0;15.0;2797.02
15;3;7;222.23100000000002;0.0;0.0;0.0;222.231;222.231;0.0;15.0;3333.465
15;3;8;219.452;0.0;0.0;0.0;219.452;219.452;0.0;15.0;3291.7799999999997
15;3;9;164.90400000000002;0.0;0.0;0.0;164.904;164.904;0.0;15.0;2473.56
15;3;10;110.53500000000001;0.0;0.0;0.0;110.535;110.535;0.0;15.0;1658.0249999999999
15;3;11;108.42699999999999;0.0;0.0;0.0;108.427;108.427;0.0;15.0;1626.4050000000002
15;3;12;29.45899999999999;0.0;0.0;0.0;29.459;29.459;0.0;15.0;441.885
15;3;13;-77.6;77.6;0.0;0.0;0.0;0.0;77.6;15.0;0.0
15;3;14;-70.739;70.739;0.0;0.0;0.0;0.0;70.739;15.0;0.0
15;3;15;29.20900000000001;0.0;0.0;0.0;29.209;29.209;0.0;15.0;438.135
15;3;16;181.679;0.0;0.0;0.0;181.679;181.679;0.0;15.0;2725.185
15;3;17;245.279;0.0;0.0;0.0;245.279;245.279;0.0;15.0;3679.185
15;3;18;237.676;0.0;0.0;0.0;237.676;237.676;0.0;15.0;3565.14
15;3;19;78.495;0.0;0.0;0.0;78.495;78.495;0.0;15.0;1177.4250000000002
15;3;20;82.184;0.0;0.0;0.0;82.184;82.184;0.0;15.0;1232.76
15;3;21;80.998;0.0;0.0;0.0;80.998;80.998;0.0;15.0;1214.97
15;3;22;230.20399999999998;0.0;0.0;0.0;230.204;230.204;0.0;15.0;3453.06
15;3;23;216.975;0.0;0.0;0.0;216.975;216.975;0.0;15.0;3254.625
15;3;24;192.507;0.0;0.0;0.0;192.507;192.507;0.0;15.0;2887.605
15;3;25;36.797;0.0;0.0;0.0;36.797;36.797;0.0;15.0;551.9549999999999
15;3;26;164.36399999999998;0.0;0.0;0.0;164.364;164.364;0.0;15.0;2465.46
15;3;27;167.285;0.0;0.0;0.0;167.285;167.285;0.0;15.0;2509.275
15;3;28;170.91500000000002;0.0;0.0;0.0;170.915;170.915;0.0;15.0;2563.725
15;3;29;175.464;0.0;0.0;0.0;175.464;175.464;0.0;15.0;2631.96
15;3;30;188.177;0.0;0.0;0.0;188.177;188.177;0.0;15.0;2822.6549999999997
15;3;31;214.478;0.0;0.0;0.0;214.478;214.478;0.0;15.0;3217.17
15;3;32;220.43;0.0;0.0;0.0;220.43;220.43;0.0;15.0;3306.4500000000003
15;3;33;184.39300000000003;0.0;0.0;0.0;184.393;184.393;0.0;15.0;2765.895
15;3;34;52.731;0.0;0.0;0.0;52.731;52.731;0.0;15.0;790.965
15;3;35;28.12000000000002;0.0;0.0;0.0;28.12;28.12;0.0;15.0;421.8
15;3;36;-1.4210854715202004e-14;0.0;0.0;0.0;0.0;0.0;0.0;15.0;0.0
15;3;37;37.11100000000001;0.0;0.0;0.0;37.111;37.111;0.0;15.0;556.665
15;3;38;160.82;0.0;0.0;0.0;160.82;160.82;0.0;15.0;2412.2999999999997
15;3;39;171.499;0.0;0.0;0.0;171.499;171.499;0.0;15.0;2572.485
15;3;40;200.606;0.0;0.0;0.0;200.606;200.606;0.0;15.0;3009.09
15;3;41;204.893;0.0;0.0;0.0;204.893;204.893;0.0;15.0;3073.395
15;3;42;213.10999999999999;0.0;0.0;0.0;213.11;213.11;0.0;15.0;3196.65
15;3;43;219.943;0.0;0.0;0.0;219.943;219.943;0.0;15.0;3299.145
15;3;44;211.743;0.0;0.0;0.0;211.743;211.743;0.0;15.0;3176.145
15;3;45;201.204;0.0;0.0;0.0;201.204;201.204;0.0;15.0;3018.06
15;3;46;192.39;0.0;0.0;0.0;192.39;192.39;0.0;15.0;2885.85
15;3;47;168.985;0.0;0.0;0.0;168.985;168.985;0.0;15.0;2534.775
15;3;48;103.78699999999999;0.0;0.0;0.0;103.787;103.787;0.0;15.0;1556.805
15;3;49;105.71799999999999;0.0;0.0;0.0;105.718;105.718;0.0;15.0;1585.77
15;3;50;98.829;0.0;0.0;0.0;98.829;98.829;0.0;15.0;1482.435
15;3;51;96.922;0.0;0.0;0.0;96.922;96.922;0.0;15.0;1453.83
15;3;52;95.328;0.0;0.0;0.0;95.328;95.328;0.0;15.0;1429.92
15;3;53;102.679;0.0;0.0;0.0;102.679;102.679;0.0;15.0;1540.185
15;3;54;106.071;0.0;0.0;0.0;106.071;106.071;0.0;15.0;1591.065
15;3;55;141.155;0.0;0.0;0.0;141.155;141.155;0.0;15.0;2117.325
15;3;56;151.882;0.0;0.0;0.0;151.882;151.882;0.0;15.0;2278.23
15;3;57;148.76;0.0;0.0;0.0;148.76;148.76;0.0;15.0;2231.3999999999996
15;3;58;112.298;0.0;0.0;0.0;112.298;112.298;0.0;15.0;1684.47
15;3;59;118.772;0.0;0.0;0.0;118.772;118.772;0.0;15.0;1781.5800000000002
15;3;60;46.36999999999999;0.0;0.0;0.0;46.37;46.37;0.0;15.0;695.55
15;3;61;2.1316282072803006e-14;0.0;0.0;0.0;0.0;0.0;0.0;15.0;0.0
15;3;62;0.0010000000000047748;0.0;0.0;0.0;0.001;0.001;0.0;15.0;0.015
15;3;63;19.586000000000006;0.0;0.0;0.0;19.586;19.586;0.0;15.0;293.78999999999996
15;3;64;136.81;0.0;0.0;0.0;136.81;136.81;0.0;15.0;2052.15
15;3;65;235.53199999999998;0.0;0.0;0.0;235.532;235.532;0.0;15.0;3532.98
15;3;66;223.39499999999998;0.0;0.0;0.0;223.395;223.395;0.0;15.0;3350.925
15;3;67;220.19600000000003;0.0;0.0;0.0;220.196;220.196;0.0;15.0;3302.94
15;3;68;85.99;0.0;0.0;0.0;85.99;85.99;0.0;15.0;1289.85
15;3;69;56.64;0.0;0.0;0.0;56.64;56.64;0.0;15.0;849.6
15;3;70;61.653;0.0;0.0;0.0;61.653;61.653;0.0;15.0;924.795
15;3;71;129.696;0.0;0.0;0.0;129.696;129.696;0.0;15.0;1945.44
15;3;72;103.61600000000001;0.0;0.0;0.0;103.616;103.616;0.0;15.0;1554.24
15;3;73;109.23700000000001;0.0;0.0;0.0;109.237;109.237;0.0;15.0;1638.5549999999998
15;3;74;109.684;0.0;0.0;0.0;109.684;109.684;0.0;15.0;1645.26
15;3;75;112.22;0.0;0.0;0.0;112.22;112.22;0.0;15.0;1683.3
15;3;76;112.025;0.0;0.0;0.0;112.025;112.025;0.0;15.0;1680.375
15;3;77;113.892;0.0;0.0;0.0;113.892;113.892;0.0;15.0;1708.3799999999999
15;3;78;179.649;0.0;0.0;0.0;179.649;179.649;0.0;15.0;2694.735
15;3;79;77.473;0.0;0.0;0.0;77.473;77.473;0.0;15.0;1162.095
15;3;80;148.995;0.0;0.0;0.0;148.995;148.995;0.0;15.0;2234.925
15;3;81;137.209;0.0;0.0;0.0;137.209;137.209;0.0;15.0;2058.135
15;3;82;136.747;0.0;0.0;0.0;136.747;136.747;0.0;15.0;2051.2050000000004
15;3;83;131.423;0.0;0.0;0.0;131.423;131.423;0.0;15.0;1971.345
15;3;84;100.79400000000001;0.0;0.0;0.0;100.794;100.794;0.0;15.0;1511.9099999999999
15;3;85;0.0009999999999763531;0.0;0.0;0.0;0.001;0.001;0.0;15.0;0.015
15;3;86;-1.4210854715202004e-14;0.0;0.0;0.0;0.0;0.0;0.0;15.0;0.0
15;3;87;92.74200000000002;0.0;0.0;0.0;92.742;92.742;0.0;15.0;1391.13
15;3;88;146.256;0.0;0.0;0.0;146.256;146.256;0.0;15.0;2193.84
15;3;89;212.92899999999997;0.0;0.0;0.0;212.929;212.929;0.0;15.0;3193.935
15;3;90;224.056;0.0;0.0;0.0;224.056;224.056;0.0;15.0;3360.84
15;3;91;68.944;0.0;0.0;0.0;68.944;68.944;0.0;15.0;1034.16
15;3;92;88.446;0.0;0.0;0.0;88.446;88.446;0.0;15.0;1326.69
15;3;93;75.65;0.0;0.0;0.0;75.65;75.65;0.0;15.0;1134.75
15;3;94;175.79;0.0;0.0;0.0;175.79;175.79;0.0;15.0;2636.85
15;3;95;190.607;0.0;0.0;0.0;190.607;190.607;0.0;15.0;2859.105
15;3;96;192.28;0.0;0.0;0.0;192.28;192.28;0.0;15.0;2884.2
15;3;97;201.298;0.0;0.0;0.0;201.298;201.298;0.0;15.0;3019.4700000000003
15;3;98;196.225;0.0;0.0;0.0;196.225;196.225;0.0;15.0;2943.375
15;3;99;198.709;0.0;0.0;0.0;198.709;198.709;0.0;15.0;2980.635
15;3;100;195.554;0.0;0.0;0.0;195.554;195.554;0.0;15.0;2933.31
15;3;101;194.01;0.0;0.0;0.0;194.01;194.01;0.0;15.0;2910.1499999999996
15;3;102;193.29;0.0;0.0;0.0;193.29;193.29;0.0;15.0;2899.35
15;3;103;221.50799999999998;0.0;0.0;0.0;221.508;221.508;0.0;15.0;3322.6200000000003
15;3;104;222.596;0.0;0.0;0.0;222.596;222.596;0.0;15.0;3338.94
15;3;105;243.01;0.0;0.0;0.0;243.01;243.01;0.0;15.0;3645.1499999999996
15;3;106;215.58999999999997;0.0;0.0;0.0;215.59;215.59;0.0;15.0;3233.85
15;3;107;220.96299999999997;0.0;0.0;0.0;220.963;220.963;0.0;15.0;3314.4449999999997
15;3;108;211.922;0.0;0.0;0.0;211.922;211.922;0.0;15.0;3178.83
15;3;109;191.15200000000002;0.0;0.0;0.0;191.152;191.152;0.0;15.0;2867.2799999999997
15;3;110;210.00099999999998;0.0;0.0;0.0;210.001;210.001;0.0;15.0;3150.015
15;3;111;204.183;0.0;0.0;0.0;204.183;204.183;0.0;15.0;3062.745
15;3;112;215.102;0.0;0.0;0.0;215.102;215.102;0.0;15.0;3226.53
15;3;113;216.696;0.0;0.0;0.0;216.696;216.696;0.0;15.0;3250.44
15;3;114;217.86700000000002;0.0;0.0;0.0;217.867;217.867;0.0;15.0;3268.0049999999997
15;3;115;234.10199999999998;0.0;0.0;0.0;234.102;234.102;0.0;15.0;3511.53
15;3;116;217.32;0.0;0.0;0.0;217.32;217.32;0.0;15.0;3259.7999999999997
15;3;117;209.776;0.0;0.0;0.0;209.776;209.776;0.0;15.0;3146.6400000000003
15;3;118;199.821;0.0;0.0;0.0;199.821;199.821;0.0;15.0;2997.315
15;3;119;216.027;0.0;0.0;0.0;216.027;216.027;0.0;15.0;3240.4049999999997
15;3;120;186.024;0.0;0.0;0.0;186.024;186.024;0.0;15.0;2790.36
15;3;121;192.09799999999998;0.0;0.0;0.0;192.098;192.098;0.0;15.0;2881.4700000000003
15;3;122;191.06;0.0;0.0;0.0;191.06;191.06;0.0;15.0;2865.9
15;3;123;193.584;0.0;0.0;0.0;193.584;193.584;0.0;15.0;2903.76
15;3;124;186.53;0.0;0.0;0.0;186.53;186.53;0.0;15.0;2797.95
15;3;125;19.209;0.0;0.0;0.0;19.209;19.209;0.0;15.0;288.135
15;3;126;192.76999999999998;0.0;0.0;0.0;192.77;192.77;0.0;15.0;2891.55
15;3;127;225.025;0.0;0.0;0.0;225.025;225.025;0.0;15.0;3375.375
15;3;128;228.60399999999998;0.0;0.0;0.0;228.604;228.604;0.0;15.0;3429.0600000000004
15;3;129;217.66;0.0;0.0;0.0;217.66;217.66;0.0;15.0;3264.9
15;3;130;185.45600000000002;0.0;0.0;0.0;185.456;185.456;0.0;15.0;2781.8399999999997
15;3;131;187.999;0.0;0.0;0.0;187.999;187.999;0.0;15.0;2819.985
15;3;132;129.13100000000003;0.0;0.0;0.0;129.131;129.131;0.0;15.0;1936.965
15;3;133;108.497;0.0;0.0;0.0;108.497;108.497;0.0;15.0;1627.455
15;3;134;182.00900000000001;0.0;0.0;0.0;182.009;182.009;0.0;15.0;2730.1349999999998
15;3;135;186.72;0.0;0.0;0.0;186.72;186.72;0.0;15.0;2800.8
15;3;136;240.77599999999998;0.0;0.0;0.0;240.776;240.776;0.0;15.0;3611.6400000000003
15;3;137;161.523;0.0;0.0;0.0;161.523;161.523;0.0;15.0;2422.845
15;3;138;216.461;0.0;0.0;0.0;216.461;216.461;0.0;15.0;3246.915
15;3;139;259.943;0.0;0.0;0.0;259.943;259.943;0.0;15.0;3899.1449999999995
15;3;140;186.52100000000002;0.0;0.0;0.0;186.521;186.521;0.0;15.0;2797.8149999999996
15;3;141;214.986;0.0;0.0;0.0;214.986;214.986;0.0;15.0;3224.79
15;3;142;217.97700000000003;0.0;0.0;0.0;217.977;217.977;0.0;15.0;3269.655
15;3;143;191.924;0.0;0.0;0.0;191.924;191.924;0.0;15.0;2878.86
15;3;144;196.506;0.0;0.0;0.0;196.506;196.506;0.0;15.0;2947.59
15;3;145;151.971;0.0;0.0;0.0;151.971;151.971;0.0;15.0;2279.565
15;3;146;197.155;0.0;0.0;0.0;197.155;197.155;0.0;15.0;2957.325
15;3;147;160.969;0.0;0.0;0.0;160.969;160.969;0.0;15.0;2414.535
15;3;148;180.726;0.0;0.0;0.0;180.726;180.726;0.0;15.0;2710.89
15;3;149;183.981;0.0;0.0;0.0;183.981;183.981;0.0;15.0;2759.715
15;3;150;199.457;0.0;0.0;0.0;199.457;199.457;0.0;15.0;2991.855
15;3;151;224.77800000000002;0.0;0.0;0.0;224.778;224.778;0.0;15.0;3371.67
15;3;152;230.181;0.0;0.0;0.0;230.181;230.181;0.0;15.0;3452.715
15;3;153;172.36800000000002;0.0;0.0;0.0;172.368;172.368;0.0;15.0;2585.52
15;3;154;89.317;0.0;0.0;0.0;89.317;89.317;0.0;15.0;1339.7549999999999
15;3;155;127.436;0.0;0.0;0.0;127.436;127.436;0.0;15.0;1911.5400000000002
15;3;156;142.11;0.0;0.0;0.0;142.11;142.11;0.0;15.0;2131.65
15;3;157;194.631;0.0;0.0;0.0;194.631;194.631;0.0;15.0;2919.465
15;3;158;105.124;0.0;0.0;0.0;105.124;105.124;0.0;15.0;1576.86
15;3;159;179.357;0.0;0.0;0.0;179.357;179.357;0.0;15.0;2690.355
15;3;160;181.392;0.0;0.0;0.0;181.392;181.392;0.0;15.0;2720.88
15;3;161;170.892;0.0;0.0;0.0;170.892;170.892;0.0;15.0;2563.38
15;3;162;184.793;0.0;0.0;0.0;184.793;184.793;0.0;15.0;2771.895
15;3;163;193.449;0.0;0.0;0.0;193.449;193.449;0.0;15.0;2901.735
15;3;164;176.775;0.0;0.0;0.0;176.775;176.775;0.0;15.0;2651.625
15;3;165;225.256;0.0;0.0;0.0;225.256;225.256;0.0;15.0;3378.84
15;3;166;229.933;0.0;0.0;0.0;229.933;229.933;0.0;15.0;3448.995
15;3;167;208.963;0.0;0.0;0.0;208.963;208.963;0.0;15.0;3134.4449999999997
20;0;0;16.917;0.0;0.0;0.0;16.917;16.917;0.0;6.0;101.50200000000001
20;0;1;104.74;0.0;0.0;0.0;104.74;104.74;0.0;6.0;628.4399999999999
20;0;2;20.233;0.0;0.0;0.0;20.233;20.233;0.0;6.0;121.398
20;0;3;100.61200000000001;0.0;0.0;0.0;100.612;100.612;0.0;6.0;603.672
20;0;4;100.351;0.0;0.0;0.0;100.351;100.351;0.0;6.0;602.106
20;0;5;103.913;0.0;0.0;0.0;103.913;103.913;0.0;6.0;623.478
20;0;6;119.79599999999999;0.0;0.0;0.0;119.796;119.796;0.0;6.0;718.7760000000001
20;0;7;154.484;0.0;0.0;0.0;154.484;154.484;0.0;6.0;926.904
20;0;8;96.75399999999999;0.0;0.0;0.0;96.754;96.754;0.0;6.0;580.524
20;0;9;-1.4210854715202004e-14;0.0;0.0;0.0;0.0;0.0;0.0;6.0;0.0
20;0;10;7.105427357601002e-15;0.0;0.0;0.0;0.0;0.0;0.0;6.0;0.0
20;0;11;0.0009999999999976694;0.0;0.0;0.0;0.001;0.001;0.0;6.0;0.006
20;0;12;7.105427357601002e-15;0.0;0.0;0.0;0.0;0.0;0.0;6.0;0.0
20;0;13;8.066000000000003;0.0;0.0;0.0;8.066;8.066;0.0;6.0;48.396
20;0;14;12.127000000000002;0.0;0.0;0.0;12.127;12.127;0.0;6.0;72.762
20;0;15;7.105427357601002e-15;0.0;0.0;0.0;0.0;0.0;0.0;6.0;0.0
20;0;16;-0.0010000000000047748;0.001;0.0;0.0;0.0;0.0;0.001;6.0;0.0
20;0;17;87.064;0.0;0.0;0.0;87.064;87.064;0.0;6.0;522.384
20;0;18;218.63700000000003;0.0;0.0;0.0;218.637;218.637;0.0;6.0;1311.8220000000001
20;0;19;73.206;0.0;0.0;0.0;73.206;73.206;0.0;6.0;439.236
20;0;20;124.935;0.0;0.0;0.0;124.935;124.935;0.0;6.0;749.61
20;0;21;210.863;0.0;0.0;0.0;210.863;210.863;0.0;6.0;1265.1779999999999
20;0;22;201.902;0.0;0.0;0.0;201.902;201.902;0.0;6.0;1211.4119999999998
20;0;23;196.415;0.0;0.0;0.0;196.415;196.415;0.0;6.0;1178.49
20;0;24;16.85;0.0;0.0;0.0;16.85;16.85;0.0;6.0;101.10000000000001
20;0;25;18.334;0.0;0.0;0.0;18.334;18.334;0.0;6.0;110.00399999999999
20;0;26;19.988;0.0;0.0;0.0;19.988;19.988;0.0;6.0;119.928
20;0;27;178.161;0.0;0.0;0.0;178.161;178.161;0.0;6.0;1068.966
20;0;28;177.45700000000002;0.0;0.0;0.0;177.457;177.457;0.0;6.0;1064.742
20;0;29;154.441;0.0;0.0;0.0;154.441;154.441;0.0;6.0;926.646
20;0;30;23.287;0.0;0.0;0.0;23.287;23.287;0.0;6.0;139.72199999999998
20;0;31;61.958;0.0;0.0;0.0;61.958;61.958;0.0;6.0;371.748
20;0;32;118.825;0.0;0.0;0.0;118.825;118.825;0.0;6.0;712.95
20;0;33;6.343999999999994;0.0;0.0;0.0;6.344;6.344;0.0;6.0;38.064
20;0;34;-7.105427357601002e-15;0.0;0.0;0.0;0.0;0.0;0.0;6.0;0.0
20;0;35;-7.591999999999999;7.592;0.0;0.0;0.0;0.0;7.592;6.0;0.0
20;0;36;0.0;0.0;0.0;0.0;0.0;0.0;0.0;6.0;0.0
20;0;37;-100.84699999999998;100.847;0.0;0.0;0.0;0.0;100.847;6.0;0.0
20;0;38;-142.93599999999998;142.936;0.0;0.0;0.0;0.0;142.936;6.0;0.0
20;0;39;-76.172;76.172;0.0;0.0;0.0;0.0;76.172;6.0;0.0
20;0;40;7.105427357601002e-15;0.0;0.0;0.0;0.0;0.0;0.0;6.0;0.0
20;0;41;9.965000000000003;0.0;0.0;0.0;9.965;9.965;0.0;6.0;59.79
20;0;42;205.78599999999997;0.0;0.0;0.0;205.786;205.786;0.0;6.0;1234.716
20;0;43;197.933;0.0;0.0;0.0;197.933;197.933;0.0;6.0;1187.598
20;0;44;141.164;0.0;0.0;0.0;141.164;141.164;0.0;6.0;846.9839999999999
20;0;45;58.305;0.0;0.0;0.0;58.305;58.305;0.0;6.0;349.83
20;0;46;65.383;0.0;0.0;0.0;65.383;65.383;0.0;6.0;392.298
20;0;47;46.733;0.0;0.0;0.0;46.733;46.733;0.0;6.0;280.39799999999997
20;0;48;17.282;0.0;0.0;0.0;17.282;17.282;0.0;6.0;103.69200000000001
20;0;49;19.915;0.0;0.0;0.0;19.915;19.915;0.0;6.0;119.49
20;0;50;19.197;0.0;0.0;0.0;19.197;19.197;0.0;6.0;115.18199999999999
20;0;51;18.749;0.0;0.0;0.0;18.749;18.749;0.0;6.0;112.494
20;0;52;19.09;0.0;0.0;0.0;19.09;19.09;0.0;6.0;114.53999999999999
20;0;53;47.882999999999996;0.0;0.0;0.0;47.883;47.883;0.0;6.0;287.298
20;0;54;96.395;0.0;0.0;0.0;96.395;96.395;0.0;6.0;578.37
20;0;55;150.615;0.0;0.0;0.0;150.615;150.615;0.0;6.0;903.69
20;0;56;120.27600000000001;0.0;0.0;0.0;120.276;120.276;0.0;6.0;721.656
20;0;57;45.36700000000001;0.0;0.0;0.0;45.367;45.367;0.0;6.0;272.202
20;0;58;0.0;0.0;0.0;0.0;0.0;0.0;0.0;6.0;0.0
20;0;59;-4.0760000000000005;4.076;0.0;0.0;0.0;0.0;4.076;6.0;0.0
20;0;60;0.0;0.0;0.0;0.0;0.0;0.0;0.0;6.0;0.0
20;0;61;3.952999999999996;0.0;0.0;0.0;3.953;3.953;0.0;6.0;23.718
20;0;62;14.378;0.0;0.0;0.0;14.378;14.378;0.0;6.0;86.268
20;0;63;-3.5590000000000046;3.559;0.0;0.0;0.0;0.0;3.559;6.0;0.0
20;0;64;-8.533999999999992;8.534;0.0;0.0;0.0;0.0;8.534;6.0;0.0
20;0;65;34.924;0.0;0.0;0.0;34.924;34.924;0.0;6.0;209.54399999999998
20;0;66;83.52;0.0;0.0;0.0;83.52;83.52;0.0;6.0;501.12
20;0;67;126.624;0.0;0.0;0.0;126.624;126.624;0.0;6.0;759.7439999999999
20;0;68;204.29700000000003;0.0;0.0;0.0;204.297;204.297;0.0;6.0;1225.782
20;0;69;210.473;0.0;0.0;0.0;210.473;210.473;0.0;6.0;1262.8380000000002
20;0;70;192.92399999999998;0.0;0.0;0.0;192.924;192.924;0.0;6.0;1157.544
20;0;71;185.433;0.0;0.0;0.0;185.433;185.433;0.0;6.0;1112.598
20;0;72;16.68;0.0;0.0;0.0;16.68;16.68;0.0;6.0;100.08
20;0;73;18.497;0.0;0.0;0.0;18.497;18.497;0.0;6.0;110.982
20;0;74;18.753;0.0;0.0;0.0;18.753;18.753;0.0;6.0;112.518
20;0;75;19.291;0.0;0.0;0.0;19.291;19.291;0.0;6.0;115.74600000000001
20;0;76;18.646;0.0;0.0;0.0;18.646;18.646;0.0;6.0;111.876
20;0;77;19.385;0.0;0.0;0.0;19.385;19.385;0.0;6.0;116.31
20;0;78;21.275;0.0;0.0;0.0;21.275;21.275;0.0;6.0;127.64999999999999
20;0;79;113.781;0.0;0.0;0.0;113.781;113.781;0.0;6.0;682.686
20;0;80;29.012999999999998;0.0;0.0;0.0;29.013;29.013;0.0;6.0;174.078
20;0;81;94.297;0.0;0.0;0.0;94.297;94.297;0.0;6.0;565.7819999999999
20;0;82;80.60499999999999;0.0;0.0;0.0;80.605;80.605;0.0;6.0;483.63
20;0;83;47.37199999999999;0.0;0.0;0.0;47.372;47.372;0.0;6.0;284.23199999999997
20;0;84;14.317;0.0;0.0;0.0;14.317;14.317;0.0;6.0;85.902
20;0;85;18.976000000000006;0.0;0.0;0.0;18.976;18.976;0.0;6.0;113.856
20;0;86;64.15799999999999;0.0;0.0;0.0;64.158;64.158;0.0;6.0;384.948
20;0;87;23.97300000000001;0.0;0.0;0.0;23.973;23.973;0.0;6.0;143.838
20;0;88;143.24300000000002;0.0;0.0;0.0;143.243;143.243;0.0;6.0;859.458
20;0;89;106.588;0.0;0.0;0.0;106.588;106.588;0.0;6.0;639.528
20;0;90;46.388000000000005;0.0;0.0;0.0;46.388;46.388;0.0;6.0;278.328
20;0;91;66.306;0.0;0.0;0.0;66.306;66.306;0.0;6.0;397.836
20;0;92;251.157;0.0;0.0;0.0;251.157;251.157;0.0;6.0;1506.942
20;0;93;73.124;0.0;0.0;0.0;73.124;73.124;0.0;6.0;438.74399999999997
20;0;94;159.558;0.0;0.0;0.0;159.558;159.558;0.0;6.0;957.348
20;0;95;137.184;0.0;0.0;0.0;137.184;137.184;0.0;6.0;823.104
20;0;96;156.339;0.0;0.0;0.0;156.339;156.339;0.0;6.0;938.034
20;0;97;165.87800000000001;0.0;0.0;0.0;165.878;165.878;0.0;6.0;995.2679999999999
20;0;98;162.743;0.0;0.0;0.0;162.743;162.743;0.0;6.0;976.458
20;0;99;164.255;0.0;0.0;0.0;164.255;164.255;0.0;6.0;985.53
20;0;100;165.216;0.0;0.0;0.0;165.216;165.216;0.0;6.0;991.296
20;0;101;165.095;0.0;0.0;0.0;165.095;165.095;0.0;6.0;990.5699999999999
20;0;102;173.368;0.0;0.0;0.0;173.368;173.368;0.0;6.0;1040.208
20;0;103;208.596;0.0;0.0;0.0;208.596;208.596;0.0;6.0;1251.576
20;0;104;169.75;0.0;0.0;0.0;169.75;169.75;0.0;6.0;1018.5
20;0;105;95.73499999999999;0.0;0.0;0.0;95.735;95.735;0.0;6.0;574.41
20;0;106;104.446;0.0;0.0;0.0;104.446;104.446;0.0;6.0;626.6759999999999
20;0;107;120.525;0.0;0.0;0.0;120.525;120.525;0.0;6.0;723.1500000000001
20;0;108;112.791;0.0;0.0;0.0;112.791;112.791;0.0;6.0;676.746
20;0;109;111.27000000000001;0.0;0.0;0.0;111.27;111.27;0.0;6.0;667.62
20;0;110;23.240000000000002;0.0;0.0;0.0;23.24;23.24;0.0;6.0;139.44
20;0;111;38.306000000000004;0.0;0.0;0.0;38.306;38.306;0.0;6.0;229.83599999999998
20;0;112;201.623;0.0;0.0;0.0;201.623;201.623;0.0;6.0;1209.7379999999998
20;0;113;214.952;0.0;0.0;0.0;214.952;214.952;0.0;6.0;1289.712
20;0;114;238.88299999999998;0.0;0.0;0.0;238.883;238.883;0.0;6.0;1433.298
20;0;115;83.674;0.0;0.0;0.0;83.674;83.674;0.0;6.0;502.04400000000004
20;0;116;82.816;0.0;0.0;0.0;82.816;82.816;0.0;6.0;496.896
20;0;117;105.892;0.0;0.0;0.0;105.892;105.892;0.0;6.0;635.352
20;0;118;182.639;0.0;0.0;0.0;182.639;182.639;0.0;6.0;1095.834
20;0;119;160.108;0.0;0.0;0.0;160.108;160.108;0.0;6.0;960.648
20;0;120;144.84699999999998;0.0;0.0;0.0;144.847;144.847;0.0;6.0;869.0820000000001
20;0;121;147.144;0.0;0.0;0.0;147.144;147.144;0.0;6.0;882.864
20;0;122;145.935;0.0;0.0;0.0;145.935;145.935;0.0;6.0;875.61
20;0;123;149.239;0.0;0.0;0.0;149.239;149.239;0.0;6.0;895.434
20;0;124;149.835;0.0;0.0;0.0;149.835;149.835;0.0;6.0;899.01
20;0;125;151.85999999999999;0.0;0.0;0.0;151.86;151.86;0.0;6.0;911.1600000000001
20;0;126;165.70700000000002;0.0;0.0;0.0;165.707;165.707;0.0;6.0;994.242
20;0;127;201.476;0.0;0.0;0.0;201.476;201.476;0.0;6.0;1208.856
20;0;128;153.163;0.0;0.0;0.0;153.163;153.163;0.0;6.0;918.9780000000001
20;0;129;35.653;0.0;0.0;0.0;35.653;35.653;0.0;6.0;213.918
20;0;130;32.17599999999999;0.0;0.0;0.0;32.176;32.176;0.0;6.0;193.056
20;0;131;101.701;0.0;0.0;0.0;101.701;101.701;0.0;6.0;610.2059999999999
20;0;132;124.763;0.0;0.0;0.0;124.763;124.763;0.0;6.0;748.578
20;0;133;88.771;0.0;0.0;0.0;88.771;88.771;0.0;6.0;532.626
20;0;134;94.208;0.0;0.0;0.0;94.208;94.208;0.0;6.0;565.248
20;0;135;81.315;0.0;0.0;0.0;81.315;81.315;0.0;6.0;487.89
20;0;136;103.399;0.0;0.0;0.0;103.399;103.399;0.0;6.0;620.394
20;0;137;112.286;0.0;0.0;0.0;112.286;112.286;0.0;6.0;673.716
20;0;138;242.742;0.0;0.0;0.0;242.742;242.742;0.0;6.0;1456.452
20;0;139;239.45299999999997;0.0;0.0;0.0;239.453;239.453;0.0;6.0;1436.718
20;0;140;244.09499999999997;0.0;0.0;0.0;244.095;244.095;0.0;6.0;1464.57
20;0;141;56.957;0.0;0.0;0.0;56.957;56.957;0.0;6.0;341.742
20;0;142;70.845;0.0;0.0;0.0;70.845;70.845;0.0;6.0;425.07
20;0;143;40.193;0.0;0.0;0.0;40.193;40.193;0.0;6.0;241.158
20;0;144;193.743;0.0;0.0;0.0;193.743;193.743;0.0;6.0;1162.458
20;0;145;73.623;0.0;0.0;0.0;73.623;73.623;0.0;6.0;441.73800000000006
20;0;146;199.135;0.0;0.0;0.0;199.135;199.135;0.0;6.0;1194.81
20;0;147;202.197;0.0;0.0;0.0;202.197;202.197;0.0;6.0;1213.182
20;0;148;203.421;0.0;0.0;0.0;203.421;203.421;0.0;6.0;1220.5259999999998
20;0;149;204.558;0.0;0.0;0.0;204.558;204.558;0.0;6.0;1227.348
20;0;150;50.611999999999995;0.0;0.0;0.0;50.612;50.612;0.0;6.0;303.672
20;0;151;227.223;0.0;0.0;0.0;227.223;227.223;0.0;6.0;1363.3380000000002
20;0;152;122.11300000000001;0.0;0.0;0.0;122.113;122.113;0.0;6.0;732.678
20;0;153;-8.70300000000001;8.703;0.0;0.0;0.0;0.0;8.703;6.0;0.0
20;0;154;-71.12;71.12;0.0;0.0;0.0;0.0;71.12;6.0;0.0
20;0;155;-7.105427357601002e-15;0.0;0.0;0.0;0.0;0.0;0.0;6.0;0.0
20;0;156;-66.54500000000002;66.545;0.0;0.0;0.0;0.0;66.545;6.0;0.0
20;0;157;85.96199999999999;0.0;0.0;0.0;85.962;85.962;0.0;6.0;515.772
20;0;158;179.52399999999997;0.0;0.0;0.0;179.524;179.524;0.0;6.0;1077.144
20;0;159;131.54299999999998;0.0;0.0;0.0;131.543;131.543;0.0;6.0;789.258
20;0;160;89.78799999999998;0.0;0.0;0.0;89.788;89.788;0.0;6.0;538.728
20;0;161;155.558;0.0;0.0;0.0;155.558;155.558;0.0;6.0;933.348
20;0;162;229.027;0.0;0.0;0.0;229.027;229.027;0.0;6.0;1374.1619999999998
20;0;163;256.471;0.0;0.0;0.0;256.471;256.471;0.0;6.0;1538.826
20;0;164;97.158;0.0;0.0;0.0;97.158;97.158;0.0;6.0;582.948
20;0;165;71.567;0.0;0.0;0.0;71.567;71.567;0.0;6.0;429.40199999999993
20;0;166;63.412;0.0;0.0;0.0;63.412;63.412;0.0;6.0;380.472
20;0;167;236.095;0.0;0.0;0.0;236.095;236.095;0.0;6.0;1416.57
20;1;0;16.763;0.0;0.0;0.0;16.763;16.763;0.0;20.0;335.26000000000005
20;1;1;17.892;0.0;0.0;0.0;17.892;17.892;0.0;20.0;357.84
20;1;2;18.353;0.0;0.0;0.0;18.353;18.353;0.0;20.0;367.06000000000006
20;1;3;19.991;0.0;0.0;0.0;19.991;19.991;0.0;20.0;399.82
20;1;4;21.049;0.0;0.0;0.0;21.049;21.049;0.0;20.0;420.98
20;1;5;19.563;0.0;0.0;0.0;19.563;19.563;0.0;20.0;391.26
20;1;6;21.012;0.0;0.0;0.0;21.012;21.012;0.0;20.0;420.24
20;1;7;-15.193999999999996;15.194;0.0;0.0;0.0;0.0;15.194;20.0;0.0
20;1;8;-94.96799999999999;94.968;0.0;0.0;0.0;0.0;94.968;20.0;0.0
20;1;9;-203.44400000000002;203.444;0.0;0.0;0.0;0.0;203.444;20.0;0.0
20;1;10;-296.13899999999995;296.139;0.0;0.0;0.0;0.0;296.139;20.0;0.0
20;1;11;-351.091;351.091;0.0;0.0;0.0;0.0;351.091;20.0;0.0
20;1;12;-390.086;361.91;0.0;28.176;0.0;0.0;390.086;20.0;0.0
20;1;13;-437.93100000000004;376.358;0.0;61.573;0.0;0.0;437.931;20.0;0.0
20;1;14;-347.302;347.302;0.0;0.0;0.0;0.0;347.302;20.0;0.0
20;1;15;-226.36900000000003;226.369;0.0;0.0;0.0;0.0;226.369;20.0;0.0
20;1;16;-128.805;128.805;0.0;0.0;0.0;0.0;128.805;20.0;0.0
20;1;17;-59.019999999999996;59.02;0.0;0.0;0.0;0.0;59.02;20.0;0.0
20;1;18;4.0589999999999975;0.0;0.0;0.0;4.059;4.059;0.0;20.0;81.18
20;1;19;71.641;0.0;0.0;0.0;71.641;71.641;0.0;20.0;1432.8200000000002
20;1;20;73.7;0.0;0.0;0.0;73.7;73.7;0.0;20.0;1474.0
20;1;21;70.329;0.0;0.0;0.0;70.329;70.329;0.0;20.0;1406.58
20;1;22;58.006;0.0;0.0;0.0;58.006;58.006;0.0;20.0;1160.12
20;1;23;41.519;0.0;0.0;0.0;41.519;41.519;0.0;20.0;830.38
20;1;24;17.033;0.0;0.0;0.0;17.033;17.033;0.0;20.0;340.66
20;1;25;22.962;0.0;0.0;0.0;22.962;22.962;0.0;20.0;459.24
20;1;26;19.109;0.0;0.0;0.0;19.109;19.109;0.0;20.0;382.18000000000006
20;1;27;19.443;0.0;0.0;0.0;19.443;19.443;0.0;20.0;388.86
20;1;28;18.48;0.0;0.0;0.0;18.48;18.48;0.0;20.0;369.6
20;1;29;20.301;0.0;0.0;0.0;20.301;20.301;0.0;20.0;406.02
20;1;30;20.95;0.0;0.0;0.0;20.95;20.95;0.0;20.0;419.0
20;1;31;0.0010000000000047748;0.0;0.0;0.0;0.001;0.001;0.0;20.0;0.02
20;1;32;-88.97299999999998;88.973;0.0;0.0;0.0;0.0;88.973;20.0;0.0
20;1;33;-198.477;198.477;0.0;0.0;0.0;0.0;198.477;20.0;0.0
20;1;34;-274.55999999999995;274.56;0.0;0.0;0.0;0.0;274.56;20.0;0.0
20;1;35;-352.429;352.429;0.0;0.0;0.0;0.0;352.429;20.0;0.0
20;1;36;-438.12199999999996;358.742;0.0;79.38;0.0;0.0;438.122;20.0;0.0
20;1;37;-440.66099999999994;365.149;0.0;75.512;0.0;0.0;440.661;20.0;0.0
20;1;38;-410.64099999999996;396.179;0.0;14.462;0.0;0.0;410.641;20.0;0.0
20;1;39;-342.51099999999997;342.511;0.0;0.0;0.0;0.0;342.511;20.0;0.0
20;1;40;-238.29699999999997;238.297;0.0;0.0;0.0;0.0;238.297;20.0;0.0
20;1;41;-67.687;67.687;0.0;0.0;0.0;0.0;67.687;20.0;0.0
20;1;42;-18.083999999999996;18.084;0.0;0.0;0.0;0.0;18.084;20.0;0.0
20;1;43;57.87599999999999;0.0;0.0;0.0;57.876;57.876;0.0;20.0;1157.52
20;1;44;77.275;0.0;0.0;0.0;77.275;77.275;0.0;20.0;1545.5
20;1;45;65.547;0.0;0.0;0.0;65.547;65.547;0.0;20.0;1310.94
20;1;46;56.193;0.0;0.0;0.0;56.193;56.193;0.0;20.0;1123.86
20;1;47;56.054;0.0;0.0;0.0;56.054;56.054;0.0;20.0;1121.08
20;1;48;17.665;0.0;0.0;0.0;17.665;17.665;0.0;20.0;353.29999999999995
20;1;49;19.433;0.0;0.0;0.0;19.433;19.433;0.0;20.0;388.65999999999997
20;1;50;18.81;0.0;0.0;0.0;18.81;18.81;0.0;20.0;376.2
20;1;51;18.246;0.0;0.0;0.0;18.246;18.246;0.0;20.0;364.91999999999996
20;1;52;22.32;0.0;0.0;0.0;22.32;22.32;0.0;20.0;446.4
20;1;53;19.955;0.0;0.0;0.0;19.955;19.955;0.0;20.0;399.09999999999997
20;1;54;22.009999999999998;0.0;0.0;0.0;22.01;22.01;0.0;20.0;440.20000000000005
20;1;55;18.981999999999996;0.0;0.0;0.0;18.982;18.982;0.0;20.0;379.64
20;1;56;-74.325;74.325;0.0;0.0;0.0;0.0;74.325;20.0;0.0
20;1;57;-184.299;184.299;0.0;0.0;0.0;0.0;184.299;20.0;0.0
20;1;58;-276.625;276.625;0.0;0.0;0.0;0.0;276.625;20.0;0.0
20;1;59;-344.132;335.253;0.0;8.879;0.0;0.0;344.132;20.0;0.0
20;1;60;-400.62100000000004;336.051;0.0;64.57;0.0;0.0;400.621;20.0;0.0
20;1;61;-353.92;336.108;0.0;17.812;0.0;0.0;353.92;20.0;0.0
20;1;62;-208.60600000000002;208.606;0.0;0.0;0.0;0.0;208.606;20.0;0.0
20;1;63;-10.753999999999998;10.754;0.0;0.0;0.0;0.0;10.754;20.0;0.0
20;1;64;-126.036;126.036;0.0;0.0;0.0;0.0;126.036;20.0;0.0
20;1;65;-89.578;89.578;0.0;0.0;0.0;0.0;89.578;20.0;0.0
20;1;66;1.3220000000000027;0.0;0.0;0.0;1.322;1.322;0.0;20.0;26.44
20;1;67;53.818;0.0;0.0;0.0;53.818;53.818;0.0;20.0;1076.36
20;1;68;77.337;0.0;0.0;0.0;77.337;77.337;0.0;20.0;1546.74
20;1;69;64.027;0.0;0.0;0.0;64.027;64.027;0.0;20.0;1280.54
20;1;70;58.409;0.0;0.0;0.0;58.409;58.409;0.0;20.0;1168.18
20;1;71;39.712;0.0;0.0;0.0;39.712;39.712;0.0;20.0;794.24
20;1;72;17.553;0.0;0.0;0.0;17.553;17.553;0.0;20.0;351.06
20;1;73;19.72;0.0;0.0;0.0;19.72;19.72;0.0;20.0;394.4
20;1;74;19.438;0.0;0.0;0.0;19.438;19.438;0.0;20.0;388.76
20;1;75;18.504;0.0;0.0;0.0;18.504;18.504;0.0;20.0;370.08000000000004
20;1;76;18.562;0.0;0.0;0.0;18.562;18.562;0.0;20.0;371.24
20;1;77;23.894;0.0;0.0;0.0;23.894;23.894;0.0;20.0;477.88
20;1;78;18.954;0.0;0.0;0.0;18.954;18.954;0.0;20.0;379.08000000000004
20;1;79;-11.238;11.238;0.0;0.0;0.0;0.0;11.238;20.0;0.0
20;1;80;-108.717;108.717;0.0;0.0;0.0;0.0;108.717;20.0;0.0
20;1;81;-228.138;195.302;0.0;32.836;0.0;0.0;228.138;20.0;0.0
20;1;82;-331.872;201.989;0.0;129.883;0.0;0.0;331.872;20.0;0.0
20;1;83;-407.953;193.726;0.0;214.227;0.0;0.0;407.953;20.0;0.0
20;1;84;-443.689;188.331;0.0;255.358;0.0;0.0;443.689;20.0;0.0
20;1;85;-403.894;187.748;0.0;216.146;0.0;0.0;403.894;20.0;0.0
20;1;86;-351.03900000000004;192.646;0.0;158.393;0.0;0.0;351.039;20.0;0.0
20;1;87;-288.21700000000004;288.217;0.0;0.0;0.0;0.0;288.217;20.0;0.0
20;1;88;-158.859;158.859;0.0;0.0;0.0;0.0;158.859;20.0;0.0
20;1;89;-74.268;74.268;0.0;0.0;0.0;0.0;74.268;20.0;0.0
20;1;90;-19.570999999999998;19.571;0.0;0.0;0.0;0.0;19.571;20.0;0.0
20;1;91;57.779;0.0;0.0;0.0;57.779;57.779;0.0;20.0;1155.5800000000002
20;1;92;67.966;0.0;0.0;0.0;67.966;67.966;0.0;20.0;1359.32
20;1;93;64.396;0.0;0.0;0.0;64.396;64.396;0.0;20.0;1287.92
20;1;94;58.339;0.0;0.0;0.0;58.339;58.339;0.0;20.0;1166.78
20;1;95;49.996;0.0;0.0;0.0;49.996;49.996;0.0;20.0;999.9200000000001
20;1;96;16.783;0.0;0.0;0.0;16.783;16.783;0.0;20.0;335.66
20;1;97;18.711;0.0;0.0;0.0;18.711;18.711;0.0;20.0;374.21999999999997
20;1;98;22.833;0.0;0.0;0.0;22.833;22.833;0.0;20.0;456.65999999999997
20;1;99;19.229;0.0;0.0;0.0;19.229;19.229;0.0;20.0;384.58
20;1;100;18.228;0.0;0.0;0.0;18.228;18.228;0.0;20.0;364.56000000000006
20;1;101;19.633;0.0;0.0;0.0;19.633;19.633;0.0;20.0;392.65999999999997
20;1;102;17.152;0.0;0.0;0.0;17.152;17.152;0.0;20.0;343.04
20;1;103;-6.4310000000000045;6.431;0.0;0.0;0.0;0.0;6.431;20.0;0.0
20;1;104;-56.571999999999996;56.572;0.0;0.0;0.0;0.0;56.572;20.0;0.0
20;1;105;-71.33600000000001;71.336;0.0;0.0;0.0;0.0;71.336;20.0;0.0
20;1;106;-212.254;212.254;0.0;0.0;0.0;0.0;212.254;20.0;0.0
20;1;107;-391.322;391.322;0.0;0.0;0.0;0.0;391.322;20.0;0.0
20;1;108;-450.96000000000004;398.262;0.0;52.698;0.0;0.0;450.96;20.0;0.0
20;1;109;-355.62;355.62;0.0;0.0;0.0;0.0;355.62;20.0;0.0
20;1;110;-149.452;149.452;0.0;0.0;0.0;0.0;149.452;20.0;0.0
20;1;111;-117.52600000000001;117.526;0.0;0.0;0.0;0.0;117.526;20.0;0.0
20;1;112;-90.71699999999998;90.717;0.0;0.0;0.0;0.0;90.717;20.0;0.0
20;1;113;-16.645999999999987;16.646;0.0;0.0;0.0;0.0;16.646;20.0;0.0
20;1;114;-12.155000000000001;12.155;0.0;0.0;0.0;0.0;12.155;20.0;0.0
20;1;115;63.613;0.0;0.0;0.0;63.613;63.613;0.0;20.0;1272.26
20;1;116;71.854;0.0;0.0;0.0;71.854;71.854;0.0;20.0;1437.08
20;1;117;59.689;0.0;0.0;0.0;59.689;59.689;0.0;20.0;1193.78
20;1;118;53.321;0.0;0.0;0.0;53.321;53.321;0.0;20.0;1066.42
20;1;119;35.648;0.0;0.0;0.0;35.648;35.648;0.0;20.0;712.96
20;1;120;16.989;0.0;0.0;0.0;16.989;16.989;0.0;20.0;339.78000000000003
20;1;121;20.609;0.0;0.0;0.0;20.609;20.609;0.0;20.0;412.18000000000006
20;1;122;18.532;0.0;0.0;0.0;18.532;18.532;0.0;20.0;370.64
20;1;123;18.088;0.0;0.0;0.0;18.088;18.088;0.0;20.0;361.76
20;1;124;19.257;0.0;0.0;0.0;19.257;19.257;0.0;20.0;385.14000000000004
20;1;125;19.214;0.0;0.0;0.0;19.214;19.214;0.0;20.0;384.28
20;1;126;19.073;0.0;0.0;0.0;19.073;19.073;0.0;20.0;381.46000000000004
20;1;127;18.511000000000003;0.0;0.0;0.0;18.511;18.511;0.0;20.0;370.21999999999997
20;1;128;-85.86099999999999;85.861;0.0;0.0;0.0;0.0;85.861;20.0;0.0
20;1;129;-209.495;209.495;0.0;0.0;0.0;0.0;209.495;20.0;0.0
20;1;130;-308.95000000000005;308.95;0.0;0.0;0.0;0.0;308.95;20.0;0.0
20;1;131;-380.983;380.983;0.0;0.0;0.0;0.0;380.983;20.0;0.0
20;1;132;-415.635;379.176;0.0;36.459;0.0;0.0;415.635;20.0;0.0
20;1;133;-385.426;381.487;0.0;3.939;0.0;0.0;385.426;20.0;0.0
20;1;134;-306.611;306.611;0.0;0.0;0.0;0.0;306.611;20.0;0.0
20;1;135;-206.89200000000002;206.892;0.0;0.0;0.0;0.0;206.892;20.0;0.0
20;1;136;-151.606;151.606;0.0;0.0;0.0;0.0;151.606;20.0;0.0
20;1;137;-65.88300000000001;65.883;0.0;0.0;0.0;0.0;65.883;20.0;0.0
20;1;138;-7.375000000000007;7.375;0.0;0.0;0.0;0.0;7.375;20.0;0.0
20;1;139;63.101;0.0;0.0;0.0;63.101;63.101;0.0;20.0;1262.02
20;1;140;65.642;0.0;0.0;0.0;65.642;65.642;0.0;20.0;1312.84
20;1;141;62.976;0.0;0.0;0.0;62.976;62.976;0.0;20.0;1259.52
20;1;142;52.098;0.0;0.0;0.0;52.098;52.098;0.0;20.0;1041.96
20;1;143;62.957;0.0;0.0;0.0;62.957;62.957;0.0;20.0;1259.14
20;1;144;17.761;0.0;0.0;0.0;17.761;17.761;0.0;20.0;355.21999999999997
20;1;145;18.734;0.0;0.0;0.0;18.734;18.734;0.0;20.0;374.68000000000006
20;1;146;18.328;0.0;0.0;0.0;18.328;18.328;0.0;20.0;366.56
20;1;147;18.938;0.0;0.0;0.0;18.938;18.938;0.0;20.0;378.76
20;1;148;21.383;0.0;0.0;0.0;21.383;21.383;0.0;20.0;427.65999999999997
20;1;149;19.675;0.0;0.0;0.0;19.675;19.675;0.0;20.0;393.5
20;1;150;20.81;0.0;0.0;0.0;20.81;20.81;0.0;20.0;416.2
20;1;151;0.0;0.0;0.0;0.0;0.0;0.0;0.0;20.0;0.0
20;1;152;-84.923;84.923;0.0;0.0;0.0;0.0;84.923;20.0;0.0
20;1;153;-211.80500000000004;211.805;0.0;0.0;0.0;0.0;211.805;20.0;0.0
20;1;154;-313.99299999999994;313.993;0.0;0.0;0.0;0.0;313.993;20.0;0.0
20;1;155;-389.87;389.87;0.0;0.0;0.0;0.0;389.87;20.0;0.0
20;1;156;-433.894;381.517;0.0;52.377;0.0;0.0;433.894;20.0;0.0
20;1;157;-426.85499999999996;384.507;0.0;42.348;0.0;0.0;426.855;20.0;0.0
20;1;158;-298.88;298.88;0.0;0.0;0.0;0.0;298.88;20.0;0.0
20;1;159;-184.05599999999998;184.056;0.0;0.0;0.0;0.0;184.056;20.0;0.0
20;1;160;-185.493;185.493;0.0;0.0;0.0;0.0;185.493;20.0;0.0
20;1;161;-90.53;90.53;0.0;0.0;0.0;0.0;90.53;20.0;0.0
20;1;162;-26.747999999999998;26.748;0.0;0.0;0.0;0.0;26.748;20.0;0.0
20;1;163;66.815;0.0;0.0;0.0;66.815;66.815;0.0;20.0;1336.3
20;1;164;76.092;0.0;0.0;0.0;76.092;76.092;0.0;20.0;1521.84
20;1;165;68.057;0.0;0.0;0.0;68.057;68.057;0.0;20.0;1361.14
20;1;166;69.299;0.0;0.0;0.0;69.299;69.299;0.0;20.0;1385.98
20;1;167;42.765;0.0;0.0;0.0;42.765;42.765;0.0;20.0;855.3
20;2;0;165.62599999999998;0.0;0.0;0.0;165.626;165.626;0.0;11.0;1821.886
20;2;1;177.661;0.0;0.0;0.0;177.661;177.661;0.0;11.0;1954.271
20;2;2;117.792;0.0;0.0;0.0;117.792;117.792;0.0;11.0;1295.712
20;2;3;18.823;0.0;0.0;0.0;18.823;18.823;0.0;11.0;207.053
20;2;4;19.18;0.0;0.0;0.0;19.18;19.18;0.0;11.0;210.98
20;2;5;19.286;0.0;0.0;0.0;19.286;19.286;0.0;11.0;212.14600000000002
20;2;6;21.88;0.0;0.0;0.0;21.88;21.88;0.0;11.0;240.67999999999998
20;2;7;114.661;0.0;0.0;0.0;114.661;114.661;0.0;11.0;1261.271
20;2;8;-30.84700000000001;30.847;0.0;0.0;0.0;0.0;30.847;11.0;0.0
20;2;9;-181.949;181.949;0.0;0.0;0.0;0.0;181.949;11.0;0.0
20;2;10;-285.736;285.736;0.0;0.0;0.0;0.0;285.736;11.0;0.0
20;2;11;-372.25499999999994;372.255;0.0;0.0;0.0;0.0;372.255;11.0;0.0
20;2;12;-411.46000000000004;411.46;0.0;0.0;0.0;0.0;411.46;11.0;0.0
20;2;13;-291.14000000000004;291.14;0.0;0.0;0.0;0.0;291.14;11.0;0.0
20;2;14;-101.54700000000003;101.547;0.0;0.0;0.0;0.0;101.547;11.0;0.0
20;2;15;-37.86100000000002;37.861;0.0;0.0;0.0;0.0;37.861;11.0;0.0
20;2;16;-36.058;36.058;0.0;0.0;0.0;0.0;36.058;11.0;0.0
20;2;17;-7.105427357601002e-15;0.0;0.0;0.0;0.0;0.0;0.0;11.0;0.0
20;2;18;61.681000000000004;0.0;0.0;0.0;61.681;61.681;0.0;11.0;678.491
20;2;19;93.504;0.0;0.0;0.0;93.504;93.504;0.0;11.0;1028.544
20;2;20;108.04899999999999;0.0;0.0;0.0;108.049;108.049;0.0;11.0;1188.539
20;2;21;97.02799999999999;0.0;0.0;0.0;97.028;97.028;0.0;11.0;1067.308
20;2;22;102.877;0.0;0.0;0.0;102.877;102.877;0.0;11.0;1131.647
20;2;23;58.176;0.0;0.0;0.0;58.176;58.176;0.0;11.0;639.936
20;2;24;16.659;0.0;0.0;0.0;16.659;16.659;0.0;11.0;183.249
20;2;25;19.219;0.0;0.0;0.0;19.219;19.219;0.0;11.0;211.40900000000002
20;2;26;18.695;0.0;0.0;0.0;18.695;18.695;0.0;11.0;205.645
20;2;27;18.878;0.0;0.0;0.0;18.878;18.878;0.0;11.0;207.65800000000002
20;2;28;18.35;0.0;0.0;0.0;18.35;18.35;0.0;11.0;201.85000000000002
20;2;29;22.177;0.0;0.0;0.0;22.177;22.177;0.0;11.0;243.947
20;2;30;24.177;0.0;0.0;0.0;24.177;24.177;0.0;11.0;265.947
20;2;31;50.596;0.0;0.0;0.0;50.596;50.596;0.0;11.0;556.5559999999999
20;2;32;-40.157000000000004;40.157;0.0;0.0;0.0;0.0;40.157;11.0;0.0
20;2;33;-152.424;152.424;0.0;0.0;0.0;0.0;152.424;11.0;0.0
20;2;34;-270.94;270.94;0.0;0.0;0.0;0.0;270.94;11.0;0.0
20;2;35;-353.971;353.971;0.0;0.0;0.0;0.0;353.971;11.0;0.0
20;2;36;-380.276;380.276;0.0;0.0;0.0;0.0;380.276;11.0;0.0
20;2;37;-283.726;283.726;0.0;0.0;0.0;0.0;283.726;11.0;0.0
20;2;38;-233.68;233.68;0.0;0.0;0.0;0.0;233.68;11.0;0.0
20;2;39;-158.448;158.448;0.0;0.0;0.0;0.0;158.448;11.0;0.0
20;2;40;-37.39700000000001;37.397;0.0;0.0;0.0;0.0;37.397;11.0;0.0
20;2;41;-0.000999999999990564;0.001;0.0;0.0;0.0;0.0;0.001;11.0;0.0
20;2;42;45.546;0.0;0.0;0.0;45.546;45.546;0.0;11.0;501.006
20;2;43;67.545;0.0;0.0;0.0;67.545;67.545;0.0;11.0;742.995
20;2;44;78.285;0.0;0.0;0.0;78.285;78.285;0.0;11.0;861.135
20;2;45;65.811;0.0;0.0;0.0;65.811;65.811;0.0;11.0;723.921
20;2;46;69.962;0.0;0.0;0.0;69.962;69.962;0.0;11.0;769.582
20;2;47;45.367;0.0;0.0;0.0;45.367;45.367;0.0;11.0;499.037
20;2;48;16.822;0.0;0.0;0.0;16.822;16.822;0.0;11.0;185.042
20;2;49;17.764;0.0;0.0;0.0;17.764;17.764;0.0;11.0;195.404
20;2;50;19.345;0.0;0.0;0.0;19.345;19.345;0.0;11.0;212.795
20;2;51;18.273;0.0;0.0;0.0;18.273;18.273;0.0;11.0;201.003
20;2;52;18.43;0.0;0.0;0.0;18.43;18.43;0.0;11.0;202.73
20;2;53;19.109;0.0;0.0;0.0;19.109;19.109;0.0;11.0;210.199
20;2;54;19.644;0.0;0.0;0.0;19.644;19.644;0.0;11.0;216.08399999999997
20;2;55;65.536;0.0;0.0;0.0;65.536;65.536;0.0;11.0;720.896
20;2;56;30.026;0.0;0.0;0.0;30.026;30.026;0.0;11.0;330.286
20;2;57;0.0;0.0;0.0;0.0;0.0;0.0;0.0;11.0;0.0
20;2;58;4.829000000000001;0.0;0.0;0.0;4.829;4.829;0.0;11.0;53.119
20;2;59;0.0;0.0;0.0;0.0;0.0;0.0;0.0;11.0;0.0
20;2;60;-0.0010000000000047748;0.001;0.0;0.0;0.0;0.0;0.001;11.0;0.0
20;2;61;0.0009999999999976694;0.0;0.0;0.0;0.001;0.001;0.0;11.0;0.011
20;2;62;0.0;0.0;0.0;0.0;0.0;0.0;0.0;11.0;0.0
20;2;63;-0.0009999999999976694;0.001;0.0;0.0;0.0;0.0;0.001;11.0;0.0
20;2;64;0.0009999999999976694;0.0;0.0;0.0;0.001;0.001;0.0;11.0;0.011
20;2;65;19.83;0.0;0.0;0.0;19.83;19.83;0.0;11.0;218.13
20;2;66;54.349999999999994;0.0;0.0;0.0;54.35;54.35;0.0;11.0;597.85
20;2;67;71.876;0.0;0.0;0.0;71.876;71.876;0.0;11.0;790.6360000000001
20;2;68;82.575;0.0;0.0;0.0;82.575;82.575;0.0;11.0;908.325
20;2;69;62.48;0.0;0.0;0.0;62.48;62.48;0.0;11.0;687.28
20;2;70;59.396;0.0;0.0;0.0;59.396;59.396;0.0;11.0;653.356
20;2;71;58.581;0.0;0.0;0.0;58.581;58.581;0.0;11.0;644.3910000000001
20;2;72;87.73499999999999;0.0;0.0;0.0;87.735;87.735;0.0;11.0;965.085
20;2;73;23.613;0.0;0.0;0.0;23.613;23.613;0.0;11.0;259.743
20;2;74;18.041;0.0;0.0;0.0;18.041;18.041;0.0;11.0;198.451
20;2;75;19.582;0.0;0.0;0.0;19.582;19.582;0.0;11.0;215.40200000000002
20;2;76;17.903;0.0;0.0;0.0;17.903;17.903;0.0;11.0;196.933
20;2;77;23.818;0.0;0.0;0.0;23.818;23.818;0.0;11.0;261.998
20;2;78;22.748;0.0;0.0;0.0;22.748;22.748;0.0;11.0;250.228
20;2;79;1.5380000000000003;0.0;0.0;0.0;1.538;1.538;0.0;11.0;16.918
20;2;80;-0.0010000000000047748;0.001;0.0;0.0;0.0;0.0;0.001;11.0;0.0
20;2;81;-35.59;35.59;0.0;0.0;0.0;0.0;35.59;11.0;0.0
20;2;82;-2.5279999999999916;2.528;0.0;0.0;0.0;0.0;2.528;11.0;0.0
20;2;83;-91.311;91.311;0.0;0.0;0.0;0.0;91.311;11.0;0.0
20;2;84;-161.803;161.803;0.0;0.0;0.0;0.0;161.803;11.0;0.0
20;2;85;-83.278;83.278;0.0;0.0;0.0;0.0;83.278;11.0;0.0
20;2;86;0.0010000000000118803;0.0;0.0;0.0;0.001;0.001;0.0;11.0;0.011
20;2;87;-7.105427357601002e-15;0.0;0.0;0.0;0.0;0.0;0.0;11.0;0.0
20;2;88;7.105427357601002e-15;0.0;0.0;0.0;0.0;0.0;0.0;11.0;0.0
20;2;89;-0.0009999999999976694;0.001;0.0;0.0;0.0;0.0;0.001;11.0;0.0
20;2;90;39.272000000000006;0.0;0.0;0.0;39.272;39.272;0.0;11.0;431.99199999999996
20;2;91;50.629;0.0;0.0;0.0;50.629;50.629;0.0;11.0;556.919
20;2;92;69.864;0.0;0.0;0.0;69.864;69.864;0.0;11.0;768.504
20;2;93;62.695;0.0;0.0;0.0;62.695;62.695;0.0;11.0;689.645
20;2;94;195.03900000000002;0.0;0.0;0.0;195.039;195.039;0.0;11.0;2145.429
20;2;95;79.118;0.0;0.0;0.0;79.118;79.118;0.0;11.0;870.298
20;2;96;46.489000000000004;0.0;0.0;0.0;46.489;46.489;0.0;11.0;511.37899999999996
20;2;97;25.743;0.0;0.0;0.0;25.743;25.743;0.0;11.0;283.173
20;2;98;18.744;0.0;0.0;0.0;18.744;18.744;0.0;11.0;206.184
20;2;99;19.302;0.0;0.0;0.0;19.302;19.302;0.0;11.0;212.322
20;2;100;19.654;0.0;0.0;0.0;19.654;19.654;0.0;11.0;216.194
20;2;101;18.927;0.0;0.0;0.0;18.927;18.927;0.0;11.0;208.197
20;2;102;22.055;0.0;0.0;0.0;22.055;22.055;0.0;11.0;242.605
20;2;103;117.66499999999999;0.0;0.0;0.0;117.665;117.665;0.0;11.0;1294.315
20;2;104;-21.31199999999999;21.312;0.0;0.0;0.0;0.0;21.312;11.0;0.0
20;2;105;-142.442;142.442;0.0;0.0;0.0;0.0;142.442;11.0;0.0
20;2;106;-154.698;154.698;0.0;0.0;0.0;0.0;154.698;11.0;0.0
20;2;107;-39.63399999999999;39.634;0.0;0.0;0.0;0.0;39.634;11.0;0.0
20;2;108;-116.301;116.301;0.0;0.0;0.0;0.0;116.301;11.0;0.0
20;2;109;-92.24299999999997;92.243;0.0;0.0;0.0;0.0;92.243;11.0;0.0
20;2;110;-73.17000000000002;73.17;0.0;0.0;0.0;0.0;73.17;11.0;0.0
20;2;111;0.0;0.0;0.0;0.0;0.0;0.0;0.0;11.0;0.0
20;2;112;0.0010000000000047748;0.0;0.0;0.0;0.001;0.001;0.0;11.0;0.011
20;2;113;1.3620000000000019;0.0;0.0;0.0;1.362;1.362;0.0;11.0;14.982000000000001
20;2;114;60.24;0.0;0.0;0.0;60.24;60.24;0.0;11.0;662.64
20;2;115;67.327;0.0;0.0;0.0;67.327;67.327;0.0;11.0;740.597
20;2;116;73.727;0.0;0.0;0.0;73.727;73.727;0.0;11.0;810.9970000000001
20;2;117;59.035;0.0;0.0;0.0;59.035;59.035;0.0;11.0;649.385
20;2;118;64.329;0.0;0.0;0.0;64.329;64.329;0.0;11.0;707.6189999999999
20;2;119;37.669;0.0;0.0;0.0;37.669;37.669;0.0;11.0;414.359
20;2;120;16.642;0.0;0.0;0.0;16.642;16.642;0.0;11.0;183.06199999999998
20;2;121;24.197;0.0;0.0;0.0;24.197;24.197;0.0;11.0;266.167
20;2;122;21.166;0.0;0.0;0.0;21.166;21.166;0.0;11.0;232.826
20;2;123;19.23;0.0;0.0;0.0;19.23;19.23;0.0;11.0;211.53
20;2;124;18.572;0.0;0.0;0.0;18.572;18.572;0.0;11.0;204.292
20;2;125;19.618;0.0;0.0;0.0;19.618;19.618;0.0;11.0;215.79799999999997
20;2;126;24.537;0.0;0.0;0.0;24.537;24.537;0.0;11.0;269.907
20;2;127;94.788;0.0;0.0;0.0;94.788;94.788;0.0;11.0;1042.668
20;2;128;54.007000000000005;0.0;0.0;0.0;54.007;54.007;0.0;11.0;594.077
20;2;129;20.080000000000005;0.0;0.0;0.0;20.08;20.08;0.0;11.0;220.88
20;2;130;-7.105427357601002e-15;0.0;0.0;0.0;0.0;0.0;0.0;11.0;0.0
20;2;131;7.105427357601002e-15;0.0;0.0;0.0;0.0;0.0;0.0;11.0;0.0
20;2;132;-48.07;48.07;0.0;0.0;0.0;0.0;48.07;11.0;0.0
20;2;133;-92.31899999999999;92.319;0.0;0.0;0.0;0.0;92.319;11.0;0.0
20;2;134;0.0;0.0;0.0;0.0;0.0;0.0;0.0;11.0;0.0
20;2;135;0.0009999999999976694;0.0;0.0;0.0;0.001;0.001;0.0;11.0;0.011
20;2;136;0.0;0.0;0.0;0.0;0.0;0.0;0.0;11.0;0.0
20;2;137;79.27100000000002;0.0;0.0;0.0;79.271;79.271;0.0;11.0;871.981
20;2;138;73.23100000000001;0.0;0.0;0.0;73.231;73.231;0.0;11.0;805.5409999999999
20;2;139;93.458;0.0;0.0;0.0;93.458;93.458;0.0;11.0;1028.038
20;2;140;78.981;0.0;0.0;0.0;78.981;78.981;0.0;11.0;868.7909999999999
20;2;141;69.214;0.0;0.0;0.0;69.214;69.214;0.0;11.0;761.354
20;2;142;63.181;0.0;0.0;0.0;63.181;63.181;0.0;11.0;694.991
20;2;143;39.6;0.0;0.0;0.0;39.6;39.6;0.0;11.0;435.6
20;2;144;16.821;0.0;0.0;0.0;16.821;16.821;0.0;11.0;185.031
20;2;145;18.137;0.0;0.0;0.0;18.137;18.137;0.0;11.0;199.507
20;2;146;18.381;0.0;0.0;0.0;18.381;18.381;0.0;11.0;202.191
20;2;147;19.946;0.0;0.0;0.0;19.946;19.946;0.0;11.0;219.406
20;2;148;18.542;0.0;0.0;0.0;18.542;18.542;0.0;11.0;203.96200000000002
20;2;149;19.36;0.0;0.0;0.0;19.36;19.36;0.0;11.0;212.95999999999998
20;2;150;19.909;0.0;0.0;0.0;19.909;19.909;0.0;11.0;218.999
20;2;151;52.164;0.0;0.0;0.0;52.164;52.164;0.0;11.0;573.804
20;2;152;48.21;0.0;0.0;0.0;48.21;48.21;0.0;11.0;530.3100000000001
20;2;153;63.539;0.0;0.0;0.0;63.539;63.539;0.0;11.0;698.929
20;2;154;66.257;0.0;0.0;0.0;66.257;66.257;0.0;11.0;728.827
20;2;155;32.245999999999995;0.0;0.0;0.0;32.246;32.246;0.0;11.0;354.706
20;2;156;7.907000000000004;0.0;0.0;0.0;7.907;7.907;0.0;11.0;86.977
20;2;157;21.725;0.0;0.0;0.0;21.725;21.725;0.0;11.0;238.97500000000002
20;2;158;20.795;0.0;0.0;0.0;20.795;20.795;0.0;11.0;228.745
20;2;159;32.852000000000004;0.0;0.0;0.0;32.852;32.852;0.0;11.0;361.37199999999996
20;2;160;165.66400000000002;0.0;0.0;0.0;165.664;165.664;0.0;11.0;1822.3039999999999
20;2;161;63.38499999999999;0.0;0.0;0.0;63.385;63.385;0.0;11.0;697.235
20;2;162;76.867;0.0;0.0;0.0;76.867;76.867;0.0;11.0;845.537
20;2;163;71.248;0.0;0.0;0.0;71.248;71.248;0.0;11.0;783.7280000000001
20;2;164;82.687;0.0;0.0;0.0;82.687;82.687;0.0;11.0;909.557
20;2;165;63.305;0.0;0.0;0.0;63.305;63.305;0.0;11.0;696.355
20;2;166;101.742;0.0;0.0;0.0;101.742;101.742;0.0;11.0;1119.162
20;2;167;172.50300000000001;0.0;0.0;0.0;172.503;172.503;0.0;11.0;1897.533
20;3;0;19.833;0.0;0.0;0.0;19.833;19.833;0.0;15.0;297.495
20;3;1;127.164;0.0;0.0;0.0;127.164;127.164;0.0;15.0;1907.46
20;3;2;149.517;0.0;0.0;0.0;149.517;149.517;0.0;15.0;2242.755
20;3;3;150.934;0.0;0.0;0.0;150.934;150.934;0.0;15.0;2264.0099999999998
20;3;4;194.481;0.0;0.0;0.0;194.481;194.481;0.0;15.0;2917.215
20;3;5;116.916;0.0;0.0;0.0;116.916;116.916;0.0;15.0;1753.74
20;3;6;171.876;0.0;0.0;0.0;171.876;171.876;0.0;15.0;2578.14
20;3;7;207.864;0.0;0.0;0.0;207.864;207.864;0.0;15.0;3117.96
20;3;8;206.10700000000003;0.0;0.0;0.0;206.107;206.107;0.0;15.0;3091.605
20;3;9;152.036;0.0;0.0;0.0;152.036;152.036;0.0;15.0;2280.54
20;3;10;97.933;0.0;0.0;0.0;97.933;97.933;0.0;15.0;1468.9950000000001
20;3;11;96.47;0.0;0.0;0.0;96.47;96.47;0.0;15.0;1447.05
20;3;12;18.019999999999996;0.0;0.0;0.0;18.02;18.02;0.0;15.0;270.3
20;3;13;-77.6;77.6;0.0;0.0;0.0;0.0;77.6;15.0;0.0
20;3;14;-70.739;70.739;0.0;0.0;0.0;0.0;70.739;15.0;0.0
20;3;15;29.20900000000001;0.0;0.0;0.0;29.209;29.209;0.0;15.0;438.135
20;3;16;181.679;0.0;0.0;0.0;181.679;181.679;0.0;15.0;2725.185
20;3;17;245.279;0.0;0.0;0.0;245.279;245.279;0.0;15.0;3679.185
20;3;18;237.676;0.0;0.0;0.0;237.676;237.676;0.0;15.0;3565.14
20;3;19;78.495;0.0;0.0;0.0;78.495;78.495;0.0;15.0;1177.4250000000002
20;3;20;82.184;0.0;0.0;0.0;82.184;82.184;0.0;15.0;1232.76
20;3;21;72.069;0.0;0.0;0.0;72.069;72.069;0.0;15.0;1081.035
20;3;22;115.348;0.0;0.0;0.0;115.348;115.348;0.0;15.0;1730.22
20;3;23;216.975;0.0;0.0;0.0;216.975;216.975;0.0;15.0;3254.625
20;3;24;192.507;0.0;0.0;0.0;192.507;192.507;0.0;15.0;2887.605
20;3;25;25.436;0.0;0.0;0.0;25.436;25.436;0.0;15.0;381.54
20;3;26;151.278;0.0;0.0;0.0;151.278;151.278;0.0;15.0;2269.17
20;3;27;153.997;0.0;0.0;0.0;153.997;153.997;0.0;15.0;2309.9550000000004
20;3;28;157.345;0.0;0.0;0.0;157.345;157.345;0.0;15.0;2360.175
20;3;29;161.69799999999998;0.0;0.0;0.0;161.698;161.698;0.0;15.0;2425.4700000000003
20;3;30;173.54399999999998;0.0;0.0;0.0;173.544;173.544;0.0;15.0;2603.1600000000003
20;3;31;199.735;0.0;0.0;0.0;199.735;199.735;0.0;15.0;2996.025
20;3;32;206.765;0.0;0.0;0.0;206.765;206.765;0.0;15.0;3101.475
20;3;33;171.247;0.0;0.0;0.0;171.247;171.247;0.0;15.0;2568.7050000000004
20;3;34;40.08599999999999;0.0;0.0;0.0;40.086;40.086;0.0;15.0;601.29
20;3;35;16.092000000000013;0.0;0.0;0.0;16.092;16.092;0.0;15.0;241.38
20;3;36;-1.4210854715202004e-14;0.0;0.0;0.0;0.0;0.0;0.0;15.0;0.0
20;3;37;14.09000000000001;0.0;0.0;0.0;14.09;14.09;0.0;15.0;211.35
20;3;38;149.503;0.0;0.0;0.0;149.503;149.503;0.0;15.0;2242.5449999999996
20;3;39;159.836;0.0;0.0;0.0;159.836;159.836;0.0;15.0;2397.54
20;3;40;189.20499999999998;0.0;0.0;0.0;189.205;189.205;0.0;15.0;2838.0750000000003
20;3;41;193.14100000000002;0.0;0.0;0.0;193.141;193.141;0.0;15.0;2897.115
20;3;42;200.654;0.0;0.0;0.0;200.654;200.654;0.0;15.0;3009.81
20;3;43;207.461;0.0;0.0;0.0;207.461;207.461;0.0;15.0;3111.915
20;3;44;199.171;0.0;0.0;0.0;199.171;199.171;0.0;15.0;2987.565
20;3;45;189.108;0.0;0.0;0.0;189.108;189.108;0.0;15.0;2836.62
20;3;46;180.99599999999998;0.0;0.0;0.0;180.996;180.996;0.0;15.0;2714.94
20;3;47;157.82;0.0;0.0;0.0;157.82;157.82;0.0;15.0;2367.2999999999997
20;3;48;96.029;0.0;0.0;0.0;96.029;96.029;0.0;15.0;1440.435
20;3;49;98.374;0.0;0.0;0.0;98.374;98.374;0.0;15.0;1475.61
20;3;50;91.681;0.0;0.0;0.0;91.681;91.681;0.0;15.0;1375.215
20;3;51;89.977;0.0;0.0;0.0;89.977;89.977;0.0;15.0;1349.655
20;3;52;88.446;0.0;0.0;0.0;88.446;88.446;0.0;15.0;1326.69
20;3;53;95.75899999999999;0.0;0.0;0.0;95.759;95.759;0.0;15.0;1436.385
20;3;54;99.19999999999999;0.0;0.0;0.0;99.2;99.2;0.0;15.0;1488.0
20;3;55;133.199;0.0;0.0;0.0;133.199;133.199;0.0;15.0;1997.9850000000001
20;3;56;143.466;0.0;0.0;0.0;143.466;143.466;0.0;15.0;2151.9900000000002
20;3;57;141.38;0.0;0.0;0.0;141.38;141.38;0.0;15.0;2120.7
20;3;58;104.80300000000001;0.0;0.0;0.0;104.803;104.803;0.0;15.0;1572.045
20;3;59;111.43900000000001;0.0;0.0;0.0;111.439;111.439;0.0;15.0;1671.5849999999998
20;3;60;39.33;0.0;0.0;0.0;39.33;39.33;0.0;15.0;589.9499999999999
20;3;61;2.1316282072803006e-14;0.0;0.0;0.0;0.0;0.0;0.0;15.0;0.0
20;3;62;0.0010000000000047748;0.0;0.0;0.0;0.001;0.001;0.0;15.0;0.015
20;3;63;0.5480000000000018;0.0;0.0;0.0;0.548;0.548;0.0;15.0;8.22
20;3;64;130.624;0.0;0.0;0.0;130.624;130.624;0.0;15.0;1959.36
20;3;65;235.53199999999998;0.0;0.0;0.0;235.532;235.532;0.0;15.0;3532.98
20;3;66;223.39499999999998;0.0;0.0;0.0;223.395;223.395;0.0;15.0;3350.925
20;3;67;179.119;0.0;0.0;0.0;179.119;179.119;0.0;15.0;2686.785
20;3;68;85.99;0.0;0.0;0.0;85.99;85.99;0.0;15.0;1289.85
20;3;69;56.64;0.0;0.0;0.0;56.64;56.64;0.0;15.0;849.6
20;3;70;61.653;0.0;0.0;0.0;61.653;61.653;0.0;15.0;924.795
20;3;71;122.23599999999999;0.0;0.0;0.0;122.236;122.236;0.0;15.0;1833.54
20;3;72;95.899;0.0;0.0;0.0;95.899;95.899;0.0;15.0;1438.4850000000001
20;3;73;101.34;0.0;0.0;0.0;101.34;101.34;0.0;15.0;1520.1000000000001
20;3;74;101.62400000000001;0.0;0.0;0.0;101.624;101.624;0.0;15.0;1524.36
20;3;75;103.84;0.0;0.0;0.0;103.84;103.84;0.0;15.0;1557.6000000000001
20;3;76;103.74199999999999;0.0;0.0;0.0;103.742;103.742;0.0;15.0;1556.13
20;3;77;105.501;0.0;0.0;0.0;105.501;105.501;0.0;15.0;1582.515
20;3;78;179.649;0.0;0.0;0.0;179.649;179.649;0.0;15.0;2694.735
20;3;79;58.82;0.0;0.0;0.0;58.82;58.82;0.0;15.0;882.3
20;3;80;138.642;0.0;0.0;0.0;138.642;138.642;0.0;15.0;2079.63
20;3;81;128.147;0.0;0.0;0.0;128.147;128.147;0.0;15.0;1922.205
20;3;82;127.709;0.0;0.0;0.0;127.709;127.709;0.0;15.0;1915.635
20;3;83;122.46199999999999;0.0;0.0;0.0;122.462;122.462;0.0;15.0;1836.93
20;3;84;92.22900000000001;0.0;0.0;0.0;92.229;92.229;0.0;15.0;1383.435
20;3;85;0.0009999999999763531;0.0;0.0;0.0;0.001;0.001;0.0;15.0;0.015
20;3;86;-1.4210854715202004e-14;0.0;0.0;0.0;0.0;0.0;0.0;15.0;0.0
20;3;87;92.74200000000002;0.0;0.0;0.0;92.742;92.742;0.0;15.0;1391.13
20;3;88;65.134;0.0;0.0;0.0;65.134;65.134;0.0;15.0;977.01
20;3;89;212.92899999999997;0.0;0.0;0.0;212.929;212.929;0.0;15.0;3193.935
20;3;90;224.056;0.0;0.0;0.0;224.056;224.056;0.0;15.0;3360.84
20;3;91;68.944;0.0;0.0;0.0;68.944;68.944;0.0;15.0;1034.16
20;3;92;88.446;0.0;0.0;0.0;88.446;88.446;0.0;15.0;1326.69
20;3;93;75.65;0.0;0.0;0.0;75.65;75.65;0.0;15.0;1134.75
20;3;94;164.674;0.0;0.0;0.0;164.674;164.674;0.0;15.0;2470.11
20;3;95;164.93;0.0;0.0;0.0;164.93;164.93;0.0;15.0;2473.9500000000003
20;3;96;175.74699999999999;0.0;0.0;0.0;175.747;175.747;0.0;15.0;2636.2050000000004
20;3;97;186.173;0.0;0.0;0.0;186.173;186.173;0.0;15.0;2792.5950000000003
20;3;98;181.59799999999998;0.0;0.0;0.0;181.598;181.598;0.0;15.0;2723.9700000000003
20;3;99;185.40599999999998;0.0;0.0;0.0;185.406;185.406;0.0;15.0;2781.09
20;3;100;181.27;0.0;0.0;0.0;181.27;181.27;0.0;15.0;2719.05
20;3;101;178.244;0.0;0.0;0.0;178.244;178.244;0.0;15.0;2673.66
20;3;102;184.122;0.0;0.0;0.0;184.122;184.122;0.0;15.0;2761.8300000000004
20;3;103;207.331;0.0;0.0;0.0;207.331;207.331;0.0;15.0;3109.9649999999997
20;3;104;208.327;0.0;0.0;0.0;208.327;208.327;0.0;15.0;3124.9049999999997
20;3;105;243.01;0.0;0.0;0.0;243.01;243.01;0.0;15.0;3645.1499999999996
20;3;106;187.64;0.0;0.0;0.0;187.64;187.64;0.0;15.0;2814.6
20;3;107;206.95999999999998;0.0;0.0;0.0;206.96;206.96;0.0;15.0;3104.4
20;3;108;197.781;0.0;0.0;0.0;197.781;197.781;0.0;15.0;2966.715
20;3;109;177.656;0.0;0.0;0.0;177.656;177.656;0.0;15.0;2664.84
20;3;110;197.089;0.0;0.0;0.0;197.089;197.089;0.0;15.0;2956.335
20;3;111;191.282;0.0;0.0;0.0;191.282;191.282;0.0;15.0;2869.23
20;3;112;202.457;0.0;0.0;0.0;202.457;202.457;0.0;15.0;3036.855
20;3;113;204.22899999999998;0.0;0.0;0.0;204.229;204.229;0.0;15.0;3063.4350000000004
20;3;114;204.70100000000002;0.0;0.0;0.0;204.701;204.701;0.0;15.0;3070.515
20;3;115;221.238;0.0;0.0;0.0;221.238;221.238;0.0;15.0;3318.57
20;3;116;204.517;0.0;0.0;0.0;204.517;204.517;0.0;15.0;3067.755
20;3;117;197.11;0.0;0.0;0.0;197.11;197.11;0.0;15.0;2956.65
20;3;118;187.865;0.0;0.0;0.0;187.865;187.865;0.0;15.0;2817.9750000000004
20;3;119;216.027;0.0;0.0;0.0;216.027;216.027;0.0;15.0;3240.4049999999997
20;3;120;186.024;0.0;0.0;0.0;186.024;186.024;0.0;15.0;2790.36
20;3;121;192.09799999999998;0.0;0.0;0.0;192.098;192.098;0.0;15.0;2881.4700000000003
20;3;122;191.06;0.0;0.0;0.0;191.06;191.06;0.0;15.0;2865.9
20;3;123;193.584;0.0;0.0;0.0;193.584;193.584;0.0;15.0;2903.76
20;3;124;94.267;0.0;0.0;0.0;94.267;94.267;0.0;15.0;1414.0049999999999
20;3;125;19.209;0.0;0.0;0.0;19.209;19.209;0.0;15.0;288.135
20;3;126;177.48399999999998;0.0;0.0;0.0;177.484;177.484;0.0;15.0;2662.26
20;3;127;209.832;0.0;0.0;0.0;209.832;209.832;0.0;15.0;3147.48
20;3;128;214.43900000000002;0.0;0.0;0.0;214.439;214.439;0.0;15.0;3216.585
20;3;129;203.79500000000002;0.0;0.0;0.0;203.795;203.795;0.0;15.0;3056.9249999999997
20;3;130;172.338;0.0;0.0;0.0;172.338;172.338;0.0;15.0;2585.0699999999997
20;3;131;175.304;0.0;0.0;0.0;175.304;175.304;0.0;15.0;2629.56
20;3;132;116.579;0.0;0.0;0.0;116.579;116.579;0.0;15.0;1748.685
20;3;133;96.785;0.0;0.0;0.0;96.785;96.785;0.0;15.0;1451.7749999999999
20;3;134;170.565;0.0;0.0;0.0;170.565;170.565;0.0;15.0;2558.475
20;3;135;174.981;0.0;0.0;0.0;174.981;174.981;0.0;15.0;2624.715
20;3;136;240.77599999999998;0.0;0.0;0.0;240.776;240.776;0.0;15.0;3611.6400000000003
20;3;137;137.96699999999998;0.0;0.0;0.0;137.967;137.967;0.0;15.0;2069.505
20;3;138;203.87199999999999;0.0;0.0;0.0;203.872;203.872;0.0;15.0;3058.0800000000004
20;3;139;259.943;0.0;0.0;0.0;259.943;259.943;0.0;15.0;3899.1449999999995
20;3;140;160.268;0.0;0.0;0.0;160.268;160.268;0.0;15.0;2404.02
20;3;141;201.36700000000002;0.0;0.0;0.0;201.367;201.367;0.0;15.0;3020.5049999999997
20;3;142;204.72000000000003;0.0;0.0;0.0;204.72;204.72;0.0;15.0;3070.8
20;3;143;178.185;0.0;0.0;0.0;178.185;178.185;0.0;15.0;2672.775
20;3;144;196.506;0.0;0.0;0.0;196.506;196.506;0.0;15.0;2947.59
20;3;145;124.25800000000001;0.0;0.0;0.0;124.258;124.258;0.0;15.0;1863.87
20;3;146;197.155;0.0;0.0;0.0;197.155;197.155;0.0;15.0;2957.325
20;3;147;132.417;0.0;0.0;0.0;132.417;132.417;0.0;15.0;1986.255
20;3;148;166.262;0.0;0.0;0.0;166.262;166.262;0.0;15.0;2493.93
20;3;149;169.44199999999998;0.0;0.0;0.0;169.442;169.442;0.0;15.0;2541.63
20;3;150;184.159;0.0;0.0;0.0;184.159;184.159;0.0;15.0;2762.3849999999998
20;3;151;210.011;0.0;0.0;0.0;210.011;210.011;0.0;15.0;3150.165
20;3;152;216.65;0.0;0.0;0.0;216.65;216.65;0.0;15.0;3249.75
20;3;153;160.012;0.0;0.0;0.0;160.012;160.012;0.0;15.0;2400.18
20;3;154;77.591;0.0;0.0;0.0;77.591;77.591;0.0;15.0;1163.865
20;3;155;116.77799999999999;0.0;0.0;0.0;116.778;116.778;0.0;15.0;1751.67
20;3;156;131.746;0.0;0.0;0.0;131.746;131.746;0.0;15.0;1976.19
20;3;157;194.631;0.0;0.0;0.0;194.631;194.631;0.0;15.0;2919.465
20;3;158;85.857;0.0;0.0;0.0;85.857;85.857;0.0;15.0;1287.855
20;3;159;169.844;0.0;0.0;0.0;169.844;169.844;0.0;15.0;2547.66
20;3;160;172.08599999999998;0.0;0.0;0.0;172.086;172.086;0.0;15.0;2581.29
20;3;161;161.53;0.0;0.0;0.0;161.53;161.53;0.0;15.0;2422.95
20;3;162;174.837;0.0;0.0;0.0;174.837;174.837;0.0;15.0;2622.555
20;3;163;183.59199999999998;0.0;0.0;0.0;183.592;183.592;0.0;15.0;2753.88
20;3;164;167.251;0.0;0.0;0.0;167.251;167.251;0.0;15.0;2508.765
20;3;165;182.881;0.0;0.0;0.0;182.881;182.881;0.0;15.0;2743.215
20;3;166;229.933;0.0;0.0;0.0;229.933;229.933;0.0;15.0;3448.995
20;3;167;208.963;0.0;0.0;0.0;208.963;208.963;0.0;15.0;3134.4449999999997
