Support_Year;Cluster;Timestep;total_demand;to_network;from_network;to_main_grid;from_main_grid;from_grid;to_grid;cluster_weight;from_grid_x_cluster_weight
0;0;0;211.362;0.0;0.0;0.0;211.4;211.4;0.0;10.0;2114.0
0;0;1;207.83599999999998;0.0;0.0;0.0;207.8;207.8;0.0;10.0;2078.0
0;0;2;203.5;0.0;0.0;0.0;203.5;203.5;0.0;10.0;2035.0
0;0;3;216.274;0.0;0.0;0.0;216.3;216.3;0.0;10.0;2163.0
0;0;4;298.806;0.0;0.0;0.0;298.8;298.8;0.0;10.0;2988.0
0;0;5;303.62399999999997;0.0;0.0;0.0;303.6;303.6;0.0;10.0;3036.0
0;0;6;307.55899999999997;0.0;0.0;0.0;307.6;307.6;0.0;10.0;3076.0
0;0;7;324.881;0.0;0.0;0.0;324.9;324.9;0.0;10.0;3249.0
0;0;8;329.434;0.0;0.0;0.0;329.4;329.4;0.0;10.0;3294.0
0;0;9;337.395;0.0;0.0;0.0;337.4;337.4;0.0;10.0;3374.0
0;0;10;346.31399999999996;0.0;0.0;0.0;346.3;346.3;0.0;10.0;3463.0
0;0;11;324.95;0.0;0.0;0.0;324.9;324.9;0.0;10.0;3249.0
0;0;12;319.193;0.0;0.0;0.0;319.2;319.2;0.0;10.0;3192.0
0;0;13;316.916;0.0;0.0;0.0;316.9;316.9;0.0;10.0;3169.0
0;0;14;308.962;0.0;0.0;0.0;309.0;309.0;0.0;10.0;3090.0
0;0;15;318.66;0.0;0.0;0.0;318.7;318.7;0.0;10.0;3187.0
0;0;16;323.85400000000004;0.0;0.0;0.0;323.9;323.9;0.0;10.0;3239.0
0;0;17;328.362;0.0;0.0;0.0;328.4;328.4;0.0;10.0;3284.0
0;0;18;327.621;0.0;0.0;0.0;327.6;327.6;0.0;10.0;3276.0
0;0;19;337.01500000000004;0.0;0.0;0.0;337.0;337.0;0.0;10.0;3370.0
0;0;20;326.42;0.0;0.0;0.0;326.4;326.4;0.0;10.0;3264.0
0;0;21;337.381;0.0;0.0;0.0;337.4;337.4;0.0;10.0;3374.0
0;0;22;335.19300000000004;0.0;0.0;0.0;335.2;335.2;0.0;10.0;3352.0
0;0;23;321.567;0.0;0.0;0.0;321.6;321.6;0.0;10.0;3216.0
0;0;24;240.25;0.0;0.0;0.0;240.2;240.2;0.0;10.0;2402.0
0;0;25;245.321;0.0;0.0;0.0;245.3;245.3;0.0;10.0;2453.0
0;0;26;245.017;0.0;0.0;0.0;245.0;245.0;0.0;10.0;2450.0
0;0;27;245.927;0.0;0.0;0.0;245.9;245.9;0.0;10.0;2459.0
0;0;28;242.957;0.0;0.0;0.0;243.0;243.0;0.0;10.0;2430.0
0;0;29;239.892;0.0;0.0;0.0;239.9;239.9;0.0;10.0;2399.0
0;0;30;276.63100000000003;0.0;0.0;0.0;276.6;276.6;0.0;10.0;2766.0
0;0;31;291.567;0.0;0.0;0.0;291.6;291.6;0.0;10.0;2916.0
0;0;32;268.668;0.0;0.0;0.0;268.7;268.7;0.0;10.0;2687.0
0;0;33;262.581;0.0;0.0;0.0;262.6;262.6;0.0;10.0;2626.0
0;0;34;255.67399999999998;0.0;0.0;0.0;255.7;255.7;0.0;10.0;2557.0
0;0;35;229.569;0.0;1.8;0.0;227.8;229.6;0.0;10.0;2296.0
0;0;36;228.44400000000002;0.0;0.0;0.0;228.4;228.4;0.0;10.0;2284.0
0;0;37;198.603;0.0;51.2;0.0;147.4;198.6;0.0;10.0;1986.0
0;0;38;196.56400000000002;0.0;69.6;0.0;127.0;196.6;0.0;10.0;1966.0
0;0;39;228.737;0.0;39.2;0.0;189.6;228.8;0.0;10.0;2288.0
0;0;40;226.07600000000002;0.0;0.0;0.0;226.1;226.1;0.0;10.0;2261.0
0;0;41;232.245;0.0;0.0;0.0;232.2;232.2;0.0;10.0;2322.0
0;0;42;227.615;0.0;0.0;0.0;227.6;227.6;0.0;10.0;2276.0
0;0;43;227.15699999999998;0.0;0.0;0.0;227.2;227.2;0.0;10.0;2272.0
0;0;44;237.187;0.0;0.0;0.0;237.2;237.2;0.0;10.0;2372.0
0;0;45;243.63299999999998;0.0;0.0;0.0;243.6;243.6;0.0;10.0;2436.0
0;0;46;227.021;0.0;0.0;0.0;227.0;227.0;0.0;10.0;2270.0
0;0;47;226.054;0.0;0.0;0.0;226.1;226.1;0.0;10.0;2261.0
0;0;48;186.628;0.0;0.0;0.0;186.6;186.6;0.0;10.0;1866.0
0;0;49;190.88199999999998;0.0;0.0;0.0;190.9;190.9;0.0;10.0;1909.0
0;0;50;187.59;0.0;0.0;0.0;187.6;187.6;0.0;10.0;1876.0
0;0;51;189.75;0.0;0.0;0.0;189.8;189.8;0.0;10.0;1898.0
0;0;52;189.642;0.0;0.0;0.0;189.6;189.6;0.0;10.0;1896.0
0;0;53;188.2;0.0;0.0;0.0;188.2;188.2;0.0;10.0;1882.0
0;0;54;190.135;0.0;0.0;0.0;190.1;190.1;0.0;10.0;1901.0
0;0;55;204.74699999999999;0.0;0.0;0.0;204.7;204.7;0.0;10.0;2047.0
0;0;56;205.348;0.0;0.0;0.0;205.3;205.3;0.0;10.0;2053.0
0;0;57;207.936;0.0;0.0;0.0;207.9;207.9;0.0;10.0;2079.0
0;0;58;206.272;0.0;0.0;0.0;206.3;206.3;0.0;10.0;2063.0
0;0;59;186.929;0.0;0.0;0.0;186.9;186.9;0.0;10.0;1869.0
0;0;60;168.731;0.0;0.0;0.0;168.7;168.7;0.0;10.0;1687.0
0;0;61;153.64600000000002;0.0;0.0;0.0;153.6;153.6;0.0;10.0;1536.0
0;0;62;143.74599999999998;0.0;0.0;0.0;143.7;143.7;0.0;10.0;1437.0
0;0;63;191.70100000000002;0.0;0.0;0.0;191.7;191.7;0.0;10.0;1917.0
0;0;64;214.128;0.0;2.8;0.0;211.4;214.2;0.0;10.0;2142.0
0;0;65;75.745;0.0;0.0;0.0;75.7;75.7;0.0;10.0;757.0
0;0;66;182.13400000000001;0.0;0.0;0.0;182.1;182.1;0.0;10.0;1821.0
0;0;67;183.552;0.0;0.0;0.0;183.6;183.6;0.0;10.0;1836.0
0;0;68;215.888;0.0;0.0;0.0;215.9;215.9;0.0;10.0;2159.0
0;0;69;235.663;0.0;0.0;0.0;235.7;235.7;0.0;10.0;2357.0
0;0;70;225.543;0.0;0.0;0.0;225.5;225.5;0.0;10.0;2255.0
0;0;71;203.559;0.0;0.0;0.0;203.6;203.6;0.0;10.0;2036.0
0;0;72;179.441;0.0;0.0;0.0;179.4;179.4;0.0;10.0;1794.0
0;0;73;185.095;0.0;0.0;0.0;185.1;185.1;0.0;10.0;1851.0
0;0;74;174.86100000000002;0.0;0.0;0.0;174.9;174.9;0.0;10.0;1749.0
0;0;75;176.84;0.0;0.0;0.0;176.8;176.8;0.0;10.0;1768.0
0;0;76;184.77300000000002;0.0;0.0;0.0;184.8;184.8;0.0;10.0;1848.0
0;0;77;195.108;0.0;0.0;0.0;195.1;195.1;0.0;10.0;1951.0
0;0;78;111.241;0.0;0.0;0.0;111.2;111.2;0.0;10.0;1112.0
0;0;79;206.454;0.0;0.0;0.0;206.5;206.5;0.0;10.0;2065.0
0;0;80;220.359;0.0;0.0;0.0;220.4;220.4;0.0;10.0;2204.0
0;0;81;220.54000000000002;0.0;0.0;0.0;220.5;220.5;0.0;10.0;2205.0
0;0;82;231.16000000000003;0.0;0.0;0.0;231.2;231.2;0.0;10.0;2312.0
0;0;83;213.14700000000002;0.0;0.0;0.0;213.1;213.1;0.0;10.0;2131.0
0;0;84;226.776;0.0;0.0;0.0;226.8;226.8;0.0;10.0;2268.0
0;0;85;202.661;0.0;0.0;0.0;202.7;202.7;0.0;10.0;2027.0
0;0;86;194.74200000000002;0.0;0.0;0.0;194.7;194.7;0.0;10.0;1947.0
0;0;87;201.01600000000002;0.0;0.0;0.0;201.0;201.0;0.0;10.0;2010.0
0;0;88;201.188;0.0;0.0;0.0;201.2;201.2;0.0;10.0;2012.0
0;0;89;198.811;0.0;0.0;0.0;198.8;198.8;0.0;10.0;1988.0
0;0;90;202.169;0.0;0.0;0.0;202.2;202.2;0.0;10.0;2022.0
0;0;91;200.052;0.0;0.0;0.0;200.1;200.1;0.0;10.0;2001.0
0;0;92;218.031;0.0;0.0;0.0;218.0;218.0;0.0;10.0;2180.0
0;0;93;205.49200000000002;0.0;0.0;0.0;205.5;205.5;0.0;10.0;2055.0
0;0;94;206.445;0.0;0.0;0.0;206.4;206.4;0.0;10.0;2064.0
0;0;95;184.752;0.0;0.0;0.0;184.8;184.8;0.0;10.0;1848.0
0;0;96;169.89000000000001;0.0;0.0;0.0;169.9;169.9;0.0;10.0;1699.0
0;0;97;179.898;0.0;0.0;0.0;179.9;179.9;0.0;10.0;1799.0
0;0;98;172.67399999999998;0.0;0.0;0.0;172.7;172.7;0.0;10.0;1727.0
0;0;99;170.597;0.0;0.0;0.0;170.6;170.6;0.0;10.0;1706.0
0;0;100;171.667;0.0;0.0;0.0;171.7;171.7;0.0;10.0;1717.0
0;0;101;177.842;0.0;0.0;0.0;177.8;177.8;0.0;10.0;1778.0
0;0;102;181.262;0.0;0.0;0.0;181.3;181.3;0.0;10.0;1813.0
0;0;103;195.508;0.0;0.0;0.0;195.5;195.5;0.0;10.0;1955.0
0;0;104;204.36100000000002;0.0;0.0;0.0;204.4;204.4;0.0;10.0;2044.0
0;0;105;204.22899999999998;0.0;0.0;0.0;204.2;204.2;0.0;10.0;2042.0
0;0;106;216.067;0.0;0.0;0.0;216.1;216.1;0.0;10.0;2161.0
0;0;107;171.133;0.0;0.0;0.0;171.1;171.1;0.0;10.0;1711.0
0;0;108;177.06900000000002;0.0;0.0;0.0;177.1;177.1;0.0;10.0;1771.0
0;0;109;169.579;0.0;0.0;0.0;169.6;169.6;0.0;10.0;1696.0
0;0;110;179.91500000000002;0.0;0.0;0.0;179.9;179.9;0.0;10.0;1799.0
0;0;111;178.943;0.0;0.0;0.0;178.9;178.9;0.0;10.0;1789.0
0;0;112;187.84300000000002;0.0;0.0;0.0;187.8;187.8;0.0;10.0;1878.0
0;0;113;208.898;0.0;0.0;0.0;208.9;208.9;0.0;10.0;2089.0
0;0;114;162.206;0.0;0.0;0.0;162.2;162.2;0.0;10.0;1622.0
0;0;115;211.75;0.0;0.0;0.0;211.8;211.8;0.0;10.0;2118.0
0;0;116;199.14000000000001;0.0;0.0;0.0;199.1;199.1;0.0;10.0;1991.0
0;0;117;200.004;0.0;0.0;0.0;200.0;200.0;0.0;10.0;2000.0
0;0;118;175.517;0.0;0.0;0.0;175.5;175.5;0.0;10.0;1755.0
0;0;119;160.28500000000003;0.0;0.0;0.0;160.3;160.3;0.0;10.0;1603.0
0;0;120;133.235;0.0;0.0;0.0;133.2;133.2;0.0;10.0;1332.0
0;0;121;134.119;0.0;0.0;0.0;134.1;134.1;0.0;10.0;1341.0
0;0;122;126.356;0.0;0.0;0.0;126.4;126.4;0.0;10.0;1264.0
0;0;123;120.231;0.0;0.0;0.0;120.2;120.2;0.0;10.0;1202.0
0;0;124;119.547;0.0;0.0;0.0;119.5;119.5;0.0;10.0;1195.0
0;0;125;119.965;0.0;0.0;0.0;120.0;120.0;0.0;10.0;1200.0
0;0;126;130.331;0.0;0.0;0.0;130.3;130.3;0.0;10.0;1303.0
0;0;127;141.60999999999999;0.0;0.0;0.0;141.6;141.6;0.0;10.0;1416.0
0;0;128;146.26;0.0;0.0;0.0;146.3;146.3;0.0;10.0;1463.0
0;0;129;136.013;0.0;0.0;0.0;136.0;136.0;0.0;10.0;1360.0
0;0;130;184.506;0.0;0.0;0.0;184.5;184.5;0.0;10.0;1845.0
0;0;131;176.45600000000002;0.0;0.0;0.0;176.5;176.5;0.0;10.0;1765.0
0;0;132;101.66000000000001;0.0;0.0;0.0;101.7;101.7;0.0;10.0;1017.0
0;0;133;30.828;0.0;0.0;0.0;30.8;30.8;0.0;10.0;308.0
0;0;134;184.06;0.0;0.0;0.0;184.1;184.1;0.0;10.0;1841.0
0;0;135;183.625;0.0;0.0;0.0;183.6;183.6;0.0;10.0;1836.0
0;0;136;196.498;0.0;0.0;0.0;196.5;196.5;0.0;10.0;1965.0
0;0;137;153.223;0.0;0.0;0.0;153.2;153.2;0.0;10.0;1532.0
0;0;138;56.458;0.0;0.0;0.0;56.5;56.5;0.0;10.0;565.0
0;0;139;100.673;0.0;0.0;0.0;100.7;100.7;0.0;10.0;1007.0
0;0;140;177.637;0.0;0.0;0.0;177.6;177.6;0.0;10.0;1776.0
0;0;141;166.221;0.0;0.0;0.0;166.2;166.2;0.0;10.0;1662.0
0;0;142;156.251;0.0;0.0;0.0;156.3;156.3;0.0;10.0;1563.0
0;0;143;145.423;0.0;0.0;0.0;145.4;145.4;0.0;10.0;1454.0
0;0;144;125.217;0.0;0.0;0.0;125.2;125.2;0.0;10.0;1252.0
0;0;145;129.898;0.0;0.0;0.0;129.9;129.9;0.0;10.0;1299.0
0;0;146;131.09900000000002;0.0;0.0;0.0;131.1;131.1;0.0;10.0;1311.0
0;0;147;131.842;0.0;0.0;0.0;131.8;131.8;0.0;10.0;1318.0
0;0;148;171.796;0.0;0.0;0.0;171.8;171.8;0.0;10.0;1718.0
0;0;149;101.669;0.0;0.0;0.0;101.7;101.7;0.0;10.0;1017.0
0;0;150;181.31300000000002;0.0;0.0;0.0;181.3;181.3;0.0;10.0;1813.0
0;0;151;198.322;0.0;0.0;0.0;198.3;198.3;0.0;10.0;1983.0
0;0;152;137.815;0.0;0.0;0.0;137.8;137.8;0.0;10.0;1378.0
0;0;153;191.071;0.0;0.0;0.0;191.1;191.1;0.0;10.0;1911.0
0;0;154;198.608;0.0;0.0;0.0;198.6;198.6;0.0;10.0;1986.0
0;0;155;170.084;0.0;0.0;0.0;170.1;170.1;0.0;10.0;1701.0
0;0;156;162.759;0.0;0.0;0.0;162.8;162.8;0.0;10.0;1628.0
0;0;157;153.95999999999998;0.0;0.0;0.0;154.0;154.0;0.0;10.0;1540.0
0;0;158;138.42700000000002;0.0;0.0;0.0;138.4;138.4;0.0;10.0;1384.0
0;0;159;130.603;0.0;0.0;0.0;130.6;130.6;0.0;10.0;1306.0
0;0;160;200.31;0.0;0.0;0.0;200.3;200.3;0.0;10.0;2003.0
0;0;161;214.438;0.0;0.0;0.0;214.4;214.4;0.0;10.0;2144.0
0;0;162;214.103;0.0;0.0;0.0;214.1;214.1;0.0;10.0;2141.0
0;0;163;221.46;0.0;0.0;0.0;221.5;221.5;0.0;10.0;2215.0
0;0;164;62.935;0.0;0.0;0.0;62.9;62.9;0.0;10.0;629.0
0;0;165;229.54000000000002;0.0;0.0;0.0;229.5;229.5;0.0;10.0;2295.0
0;0;166;231.495;0.0;0.0;0.0;231.5;231.5;0.0;10.0;2315.0
0;0;167;205.916;0.0;0.0;0.0;205.9;205.9;0.0;10.0;2059.0
0;1;0;5.556;0.0;0.0;0.0;5.6;5.6;0.0;22.0;123.19999999999999
0;1;1;7.117;0.0;0.0;0.0;7.1;7.1;0.0;22.0;156.2
0;1;2;7.237;0.0;0.0;0.0;7.2;7.2;0.0;22.0;158.4
0;1;3;7.476;0.0;0.0;0.0;7.5;7.5;0.0;22.0;165.0
0;1;4;9.078;0.0;0.0;0.0;9.1;9.1;0.0;22.0;200.2
0;1;5;10.018;0.0;0.0;0.0;10.0;10.0;0.0;22.0;220.0
0;1;6;15.769;0.0;0.0;0.0;15.8;15.8;0.0;22.0;347.6
0;1;7;19.946;0.0;5.1;0.0;14.8;19.9;0.0;22.0;437.79999999999995
0;1;8;30.779;0.0;30.8;0.0;0.0;30.8;0.0;22.0;677.6
0;1;9;25.437;0.0;25.4;0.0;0.0;25.4;0.0;22.0;558.8
0;1;10;30.081;0.0;30.1;0.0;0.0;30.1;0.0;22.0;662.2
0;1;11;25.809;0.0;25.8;0.0;0.0;25.8;0.0;22.0;567.6
0;1;12;31.581;0.0;31.6;0.0;0.0;31.6;0.0;22.0;695.2
0;1;13;30.316;0.0;30.3;0.0;0.0;30.3;0.0;22.0;666.6
0;1;14;31.062;0.0;31.1;0.0;0.0;31.1;0.0;22.0;684.2
0;1;15;19.449;0.0;19.4;0.0;0.0;19.4;0.0;22.0;426.79999999999995
0;1;16;34.787;0.0;34.8;0.0;0.0;34.8;0.0;22.0;765.5999999999999
0;1;17;46.317;0.0;26.5;0.0;19.8;46.3;0.0;22.0;1018.5999999999999
0;1;18;52.142;0.0;0.0;0.0;52.1;52.1;0.0;22.0;1146.2
0;1;19;47.588;0.0;0.0;0.0;47.6;47.6;0.0;22.0;1047.2
0;1;20;53.727;0.0;0.0;0.0;53.7;53.7;0.0;22.0;1181.4
0;1;21;47.005;0.0;0.0;0.0;47.0;47.0;0.0;22.0;1034.0
0;1;22;52.088;0.0;0.0;0.0;52.1;52.1;0.0;22.0;1146.2
0;1;23;27.652;0.0;0.0;0.0;27.7;27.7;0.0;22.0;609.4
0;1;24;5.537;0.0;0.0;0.0;5.5;5.5;0.0;22.0;121.0
0;1;25;7.472;0.0;0.0;0.0;7.5;7.5;0.0;22.0;165.0
0;1;26;8.633;0.0;0.0;0.0;8.6;8.6;0.0;22.0;189.2
0;1;27;10.279;0.0;0.0;0.0;10.3;10.3;0.0;22.0;226.60000000000002
0;1;28;11.091;0.0;0.0;0.0;11.1;11.1;0.0;22.0;244.2
0;1;29;12.638;0.0;0.0;0.0;12.6;12.6;0.0;22.0;277.2
0;1;30;23.045;0.0;0.0;0.0;23.0;23.0;0.0;22.0;506.0
0;1;31;27.063;0.0;0.0;0.0;27.1;27.1;0.0;22.0;596.2
0;1;32;31.882;0.0;31.9;0.0;0.0;31.9;0.0;22.0;701.8
0;1;33;27.509;0.0;27.5;0.0;0.0;27.5;0.0;22.0;605.0
0;1;34;48.800999999999995;0.0;48.8;0.0;0.0;48.8;0.0;22.0;1073.6
0;1;35;29.648;0.0;29.6;0.0;0.0;29.6;0.0;22.0;651.2
0;1;36;42.206;0.0;42.2;0.0;0.0;42.2;0.0;22.0;928.4000000000001
0;1;37;34.271;0.0;34.3;0.0;0.0;34.3;0.0;22.0;754.5999999999999
0;1;38;31.647000000000002;0.0;31.6;0.0;0.0;31.6;0.0;22.0;695.2
0;1;39;37.775000000000006;0.0;37.8;0.0;0.0;37.8;0.0;22.0;831.5999999999999
0;1;40;31.196;0.0;31.2;0.0;0.0;31.2;0.0;22.0;686.4
0;1;41;105.336;0.0;20.9;0.0;84.4;105.3;0.0;22.0;2316.6
0;1;42;39.862;0.0;8.0;0.0;31.8;39.8;0.0;22.0;875.5999999999999
0;1;43;38.274;0.0;0.0;0.0;38.3;38.3;0.0;22.0;842.5999999999999
0;1;44;49.168;0.0;0.0;0.0;49.2;49.2;0.0;22.0;1082.4
0;1;45;68.166;0.0;0.0;0.0;68.2;68.2;0.0;22.0;1500.4
0;1;46;55.194;0.0;0.0;0.0;55.2;55.2;0.0;22.0;1214.4
0;1;47;40.404;0.0;0.0;0.0;40.4;40.4;0.0;22.0;888.8
0;1;48;5.587;0.0;0.0;0.0;5.6;5.6;0.0;22.0;123.19999999999999
0;1;49;8.168;0.0;0.0;0.0;8.2;8.2;0.0;22.0;180.39999999999998
0;1;50;8.398;0.0;0.0;0.0;8.4;8.4;0.0;22.0;184.8
0;1;51;8.393;0.0;0.0;0.0;8.4;8.4;0.0;22.0;184.8
0;1;52;7.837;0.0;0.0;0.0;7.8;7.8;0.0;22.0;171.6
0;1;53;7.614;0.0;0.0;0.0;7.6;7.6;0.0;22.0;167.2
0;1;54;8.712;0.0;0.0;0.0;8.7;8.7;0.0;22.0;191.39999999999998
0;1;55;14.814;0.0;0.0;0.0;14.8;14.8;0.0;22.0;325.6
0;1;56;36.136;0.0;33.5;0.0;2.6;36.1;0.0;22.0;794.2
0;1;57;17.35;0.0;17.4;0.0;0.0;17.4;0.0;22.0;382.79999999999995
0;1;58;41.863;0.0;41.9;0.0;0.0;41.9;0.0;22.0;921.8
0;1;59;35.223;0.0;35.2;0.0;0.0;35.2;0.0;22.0;774.4000000000001
0;1;60;30.148;0.0;30.1;0.0;0.0;30.1;0.0;22.0;662.2
0;1;61;31.791999999999998;0.0;31.8;0.0;0.0;31.8;0.0;22.0;699.6
0;1;62;29.368;0.0;29.4;0.0;0.0;29.4;0.0;22.0;646.8
0;1;63;94.538;0.0;0.0;0.0;94.5;94.5;0.0;22.0;2079.0
0;1;64;29.366;0.0;29.4;0.0;0.0;29.4;0.0;22.0;646.8
0;1;65;38.062;0.0;38.1;0.0;0.0;38.1;0.0;22.0;838.2
0;1;66;46.726;0.0;0.0;0.0;46.7;46.7;0.0;22.0;1027.4
0;1;67;60.323;0.0;0.0;0.0;60.3;60.3;0.0;22.0;1326.6
0;1;68;56.566;0.0;0.0;0.0;56.6;56.6;0.0;22.0;1245.2
0;1;69;42.631;0.0;0.0;0.0;42.6;42.6;0.0;22.0;937.2
0;1;70;56.778;0.0;0.0;0.0;56.8;56.8;0.0;22.0;1249.6
0;1;71;34.101;0.0;0.0;0.0;34.1;34.1;0.0;22.0;750.2
0;1;72;5.584;0.0;0.0;0.0;5.6;5.6;0.0;22.0;123.19999999999999
0;1;73;7.115;0.0;0.0;0.0;7.1;7.1;0.0;22.0;156.2
0;1;74;7.355;0.0;0.0;0.0;7.4;7.4;0.0;22.0;162.8
0;1;75;7.517;0.0;0.0;0.0;7.5;7.5;0.0;22.0;165.0
0;1;76;7.784;0.0;0.0;0.0;7.8;7.8;0.0;22.0;171.6
0;1;77;8.264;0.0;0.0;0.0;8.3;8.3;0.0;22.0;182.60000000000002
0;1;78;10.001;0.0;0.0;0.0;10.0;10.0;0.0;22.0;220.0
0;1;79;10.264;0.0;4.1;0.0;6.2;10.3;0.0;22.0;226.60000000000002
0;1;80;21.506;0.0;21.5;0.0;0.0;21.5;0.0;22.0;473.0
0;1;81;29.037999999999997;0.0;29.0;0.0;0.0;29.0;0.0;22.0;638.0
0;1;82;32.975;0.0;33.0;0.0;0.0;33.0;0.0;22.0;726.0
0;1;83;30.403;0.0;30.4;0.0;0.0;30.4;0.0;22.0;668.8
0;1;84;37.317;0.0;37.3;0.0;0.0;37.3;0.0;22.0;820.5999999999999
0;1;85;36.065999999999995;0.0;36.1;0.0;0.0;36.1;0.0;22.0;794.2
0;1;86;33.439;0.0;33.4;0.0;0.0;33.4;0.0;22.0;734.8
0;1;87;100.733;0.0;100.7;0.0;0.0;100.7;0.0;22.0;2215.4
0;1;88;36.414;0.0;36.4;0.0;0.0;36.4;0.0;22.0;800.8
0;1;89;44.281;0.0;35.6;0.0;8.7;44.3;0.0;22.0;974.5999999999999
0;1;90;36.865;0.0;9.0;0.0;27.9;36.9;0.0;22.0;811.8
0;1;91;39.171;0.0;0.0;0.0;39.2;39.2;0.0;22.0;862.4000000000001
0;1;92;44.294;0.0;0.0;0.0;44.3;44.3;0.0;22.0;974.5999999999999
0;1;93;52.993;0.0;0.0;0.0;53.0;53.0;0.0;22.0;1166.0
0;1;94;45.558;0.0;0.0;0.0;45.6;45.6;0.0;22.0;1003.2
0;1;95;37.013;0.0;0.0;0.0;37.0;37.0;0.0;22.0;814.0
0;1;96;6.429;0.0;0.0;0.0;6.4;6.4;0.0;22.0;140.8
0;1;97;11.26;0.0;0.0;0.0;11.3;11.3;0.0;22.0;248.60000000000002
0;1;98;8.052;0.0;0.0;0.0;8.1;8.1;0.0;22.0;178.2
0;1;99;7.537;0.0;0.0;0.0;7.5;7.5;0.0;22.0;165.0
0;1;100;11.67;0.0;0.0;0.0;11.7;11.7;0.0;22.0;257.4
0;1;101;7.071;0.0;0.0;0.0;7.1;7.1;0.0;22.0;156.2
0;1;102;7.011;0.0;0.0;0.0;7.0;7.0;0.0;22.0;154.0
0;1;103;19.04;0.0;2.6;0.0;16.5;19.1;0.0;22.0;420.20000000000005
0;1;104;29.159;0.0;26.5;0.0;2.6;29.1;0.0;22.0;640.2
0;1;105;55.025999999999996;0.0;35.0;0.0;20.0;55.0;0.0;22.0;1210.0
0;1;106;42.432;0.0;42.4;0.0;0.0;42.4;0.0;22.0;932.8
0;1;107;43.733;0.0;43.7;0.0;0.0;43.7;0.0;22.0;961.4000000000001
0;1;108;35.208;0.0;35.2;0.0;0.0;35.2;0.0;22.0;774.4000000000001
0;1;109;38.09;0.0;38.1;0.0;0.0;38.1;0.0;22.0;838.2
0;1;110;38.496;0.0;38.5;0.0;0.0;38.5;0.0;22.0;847.0
0;1;111;34.816;0.0;34.8;0.0;0.0;34.8;0.0;22.0;765.5999999999999
0;1;112;40.336;0.0;38.1;0.0;2.2;40.3;0.0;22.0;886.5999999999999
0;1;113;93.288;0.0;0.0;0.0;93.3;93.3;0.0;22.0;2052.6
0;1;114;40.143;0.0;5.1;0.0;35.0;40.1;0.0;22.0;882.2
0;1;115;47.535;0.0;0.0;0.0;47.5;47.5;0.0;22.0;1045.0
0;1;116;61.584;0.0;0.0;0.0;61.6;61.6;0.0;22.0;1355.2
0;1;117;56.475;0.0;0.0;0.0;56.5;56.5;0.0;22.0;1243.0
0;1;118;59.879;0.0;0.0;0.0;59.9;59.9;0.0;22.0;1317.8
0;1;119;43.986;0.0;0.0;0.0;44.0;44.0;0.0;22.0;968.0
0;1;120;5.884;0.0;0.0;0.0;5.9;5.9;0.0;22.0;129.8
0;1;121;9.468;0.0;0.0;0.0;9.5;9.5;0.0;22.0;209.0
0;1;122;7.254;0.0;0.0;0.0;7.3;7.3;0.0;22.0;160.6
0;1;123;9.122;0.0;0.0;0.0;9.1;9.1;0.0;22.0;200.2
0;1;124;8.57;0.0;0.0;0.0;8.6;8.6;0.0;22.0;189.2
0;1;125;6.571;0.0;0.0;0.0;6.6;6.6;0.0;22.0;145.2
0;1;126;16.541;0.0;0.0;0.0;16.5;16.5;0.0;22.0;363.0
0;1;127;33.247;0.0;0.0;0.0;33.2;33.2;0.0;22.0;730.4000000000001
0;1;128;32.813;0.0;32.8;0.0;0.0;32.8;0.0;22.0;721.5999999999999
0;1;129;34.033;0.0;34.0;0.0;0.0;34.0;0.0;22.0;748.0
0;1;130;27.291;0.0;27.3;0.0;0.0;27.3;0.0;22.0;600.6
0;1;131;37.701;0.0;37.7;0.0;0.0;37.7;0.0;22.0;829.4000000000001
0;1;132;35.698;0.0;35.7;0.0;0.0;35.7;0.0;22.0;785.4000000000001
0;1;133;35.156000000000006;0.0;35.2;0.0;0.0;35.2;0.0;22.0;774.4000000000001
0;1;134;29.512999999999998;0.0;29.5;0.0;0.0;29.5;0.0;22.0;649.0
0;1;135;31.161;0.0;31.2;0.0;0.0;31.2;0.0;22.0;686.4
0;1;136;61.507999999999996;0.0;61.5;0.0;0.0;61.5;0.0;22.0;1353.0
0;1;137;83.19200000000001;0.0;20.3;0.0;62.9;83.2;0.0;22.0;1830.4
0;1;138;54.516;0.0;3.3;0.0;51.2;54.5;0.0;22.0;1199.0
0;1;139;59.02;0.0;0.0;0.0;59.0;59.0;0.0;22.0;1298.0
0;1;140;56.771;0.0;0.0;0.0;56.8;56.8;0.0;22.0;1249.6
0;1;141;49.109;0.0;0.0;0.0;49.1;49.1;0.0;22.0;1080.2
0;1;142;69.681;0.0;0.0;0.0;69.7;69.7;0.0;22.0;1533.4
0;1;143;40.935;0.0;0.0;0.0;40.9;40.9;0.0;22.0;899.8
0;1;144;5.524;0.0;0.0;0.0;5.5;5.5;0.0;22.0;121.0
0;1;145;10.374;0.0;0.0;0.0;10.4;10.4;0.0;22.0;228.8
0;1;146;7.616;0.0;0.0;0.0;7.6;7.6;0.0;22.0;167.2
0;1;147;8.356;0.0;0.0;0.0;8.4;8.4;0.0;22.0;184.8
0;1;148;7.122;0.0;0.0;0.0;7.1;7.1;0.0;22.0;156.2
0;1;149;8.113;0.0;0.0;0.0;8.1;8.1;0.0;22.0;178.2
0;1;150;9.078;0.0;0.0;0.0;9.1;9.1;0.0;22.0;200.2
0;1;151;22.761;0.0;0.0;0.0;22.8;22.8;0.0;22.0;501.6
0;1;152;27.679;0.0;27.7;0.0;0.0;27.7;0.0;22.0;609.4
0;1;153;34.428;0.0;34.4;0.0;0.0;34.4;0.0;22.0;756.8
0;1;154;29.683999999999997;0.0;29.7;0.0;0.0;29.7;0.0;22.0;653.4
0;1;155;28.57;0.0;28.6;0.0;0.0;28.6;0.0;22.0;629.2
0;1;156;34.315;0.0;34.3;0.0;0.0;34.3;0.0;22.0;754.5999999999999
0;1;157;28.257;0.0;28.3;0.0;0.0;28.3;0.0;22.0;622.6
0;1;158;42.46;0.0;42.5;0.0;0.0;42.5;0.0;22.0;935.0
0;1;159;124.646;0.0;85.3;0.0;39.4;124.7;0.0;22.0;2743.4
0;1;160;35.677;0.0;35.7;0.0;0.0;35.7;0.0;22.0;785.4000000000001
0;1;161;73.653;0.0;20.5;0.0;53.2;73.7;0.0;22.0;1621.4
0;1;162;58.403;0.0;13.0;0.0;45.4;58.4;0.0;22.0;1284.8
0;1;163;46.105999999999995;0.0;0.0;0.0;46.1;46.1;0.0;22.0;1014.2
0;1;164;63.445;0.0;0.0;0.0;63.4;63.4;0.0;22.0;1394.8
0;1;165;59.847;0.0;0.0;0.0;59.8;59.8;0.0;22.0;1315.6
0;1;166;54.126;0.0;0.0;0.0;54.1;54.1;0.0;22.0;1190.2
0;1;167;52.475;0.0;0.0;0.0;52.5;52.5;0.0;22.0;1155.0
0;2;0;5.806;0.0;0.0;0.0;5.8;5.8;0.0;11.0;63.8
0;2;1;9.661;0.0;0.0;0.0;9.7;9.7;0.0;11.0;106.69999999999999
0;2;2;151.64399999999998;0.0;0.0;0.0;151.6;151.6;0.0;11.0;1667.6
0;2;3;8.566;0.0;0.0;0.0;8.6;8.6;0.0;11.0;94.6
0;2;4;63.92400000000001;0.0;0.0;0.0;63.9;63.9;0.0;11.0;702.9
0;2;5;156.623;0.0;0.0;0.0;156.6;156.6;0.0;11.0;1722.6
0;2;6;14.196;0.0;0.0;0.0;14.2;14.2;0.0;11.0;156.2
0;2;7;90.644;0.0;0.0;0.0;90.6;90.6;0.0;11.0;996.5999999999999
0;2;8;36.299;0.0;0.0;0.0;36.3;36.3;0.0;11.0;399.29999999999995
0;2;9;106.051;0.0;68.8;0.0;37.2;106.0;0.0;11.0;1166.0
0;2;10;109.19;0.0;109.2;0.0;0.0;109.2;0.0;11.0;1201.2
0;2;11;95.767;0.0;95.8;0.0;0.0;95.8;0.0;11.0;1053.8
0;2;12;82.735;0.0;82.7;0.0;0.0;82.7;0.0;11.0;909.7
0;2;13;72.456;0.0;72.5;0.0;0.0;72.5;0.0;11.0;797.5
0;2;14;59.227000000000004;0.0;41.3;0.0;18.0;59.3;0.0;11.0;652.3
0;2;15;104.167;0.0;16.6;0.0;87.6;104.2;0.0;11.0;1146.2
0;2;16;195.83;0.0;16.1;0.0;179.7;195.8;0.0;11.0;2153.8
0;2;17;69.19200000000001;0.0;0.0;0.0;69.2;69.2;0.0;11.0;761.2
0;2;18;48.618;0.0;0.0;0.0;48.6;48.6;0.0;11.0;534.6
0;2;19;150.786;0.0;0.0;0.0;150.8;150.8;0.0;11.0;1658.8000000000002
0;2;20;108.846;0.0;0.0;0.0;108.8;108.8;0.0;11.0;1196.8
0;2;21;50.533;0.0;0.0;0.0;50.5;50.5;0.0;11.0;555.5
0;2;22;207.066;0.0;0.0;0.0;207.1;207.1;0.0;11.0;2278.1
0;2;23;117.139;0.0;0.0;0.0;117.1;117.1;0.0;11.0;1288.1
0;2;24;5.854;0.0;0.0;0.0;5.9;5.9;0.0;11.0;64.9
0;2;25;7.817;0.0;0.0;0.0;7.8;7.8;0.0;11.0;85.8
0;2;26;171.11;0.0;0.0;0.0;171.1;171.1;0.0;11.0;1882.1
0;2;27;39.538000000000004;0.0;0.0;0.0;39.5;39.5;0.0;11.0;434.5
0;2;28;172.393;0.0;0.0;0.0;172.4;172.4;0.0;11.0;1896.4
0;2;29;71.679;0.0;0.0;0.0;71.7;71.7;0.0;11.0;788.7
0;2;30;147.506;0.0;0.0;0.0;147.5;147.5;0.0;11.0;1622.5
0;2;31;162.061;0.0;0.0;0.0;162.1;162.1;0.0;11.0;1783.1
0;2;32;169.547;0.0;3.8;0.0;165.7;169.5;0.0;11.0;1864.5
0;2;33;159.689;0.0;62.1;0.0;97.5;159.6;0.0;11.0;1755.6
0;2;34;146.177;0.0;126.7;0.0;19.5;146.2;0.0;11.0;1608.1999999999998
0;2;35;116.706;0.0;116.7;0.0;0.0;116.7;0.0;11.0;1283.7
0;2;36;106.47800000000001;0.0;106.5;0.0;0.0;106.5;0.0;11.0;1171.5
0;2;37;75.401;0.0;75.4;0.0;0.0;75.4;0.0;11.0;829.4000000000001
0;2;38;71.276;0.0;71.3;0.0;0.0;71.3;0.0;11.0;784.3
0;2;39;63.982;0.0;64.0;0.0;0.0;64.0;0.0;11.0;704.0
0;2;40;162.85399999999998;0.0;15.5;0.0;147.3;162.8;0.0;11.0;1790.8000000000002
0;2;41;117.73;0.0;0.0;0.0;117.7;117.7;0.0;11.0;1294.7
0;2;42;86.46000000000001;0.0;0.0;0.0;86.5;86.5;0.0;11.0;951.5
0;2;43;97.267;0.0;0.0;0.0;97.3;97.3;0.0;11.0;1070.3
0;2;44;115.987;0.0;0.0;0.0;116.0;116.0;0.0;11.0;1276.0
0;2;45;96.056;0.0;0.0;0.0;96.1;96.1;0.0;11.0;1057.1
0;2;46;54.373;0.0;0.0;0.0;54.4;54.4;0.0;11.0;598.4
0;2;47;66.559;0.0;0.0;0.0;66.6;66.6;0.0;11.0;732.5999999999999
0;2;48;5.902;0.0;0.0;0.0;5.9;5.9;0.0;11.0;64.9
0;2;49;10.52;0.0;0.0;0.0;10.5;10.5;0.0;11.0;115.5
0;2;50;63.074;0.0;0.0;0.0;63.1;63.1;0.0;11.0;694.1
0;2;51;66.879;0.0;0.0;0.0;66.9;66.9;0.0;11.0;735.9000000000001
0;2;52;67.27;0.0;0.0;0.0;67.3;67.3;0.0;11.0;740.3
0;2;53;71.79899999999999;0.0;0.0;0.0;71.8;71.8;0.0;11.0;789.8
0;2;54;72.329;0.0;0.0;0.0;72.3;72.3;0.0;11.0;795.3
0;2;55;91.369;0.0;0.0;0.0;91.4;91.4;0.0;11.0;1005.4000000000001
0;2;56;118.80799999999999;0.0;0.0;0.0;118.8;118.8;0.0;11.0;1306.8
0;2;57;92.566;0.0;0.0;0.0;92.6;92.6;0.0;11.0;1018.5999999999999
0;2;58;78.497;0.0;0.0;0.0;78.5;78.5;0.0;11.0;863.5
0;2;59;77.44800000000001;0.0;0.0;0.0;77.4;77.4;0.0;11.0;851.4000000000001
0;2;60;56.122;0.0;0.0;0.0;56.1;56.1;0.0;11.0;617.1
0;2;61;55.650999999999996;0.0;0.0;0.0;55.7;55.7;0.0;11.0;612.7
0;2;62;55.546;0.0;0.0;0.0;55.5;55.5;0.0;11.0;610.5
0;2;63;63.652;0.0;0.0;0.0;63.7;63.7;0.0;11.0;700.7
0;2;64;108.801;0.0;0.0;0.0;108.8;108.8;0.0;11.0;1196.8
0;2;65;179.03500000000003;0.0;0.0;0.0;179.0;179.0;0.0;11.0;1969.0
0;2;66;43.641;0.0;0.0;0.0;43.6;43.6;0.0;11.0;479.6
0;2;67;109.609;0.0;0.0;0.0;109.6;109.6;0.0;11.0;1205.6
0;2;68;53.821;0.0;0.0;0.0;53.8;53.8;0.0;11.0;591.8
0;2;69;84.465;0.0;0.0;0.0;84.5;84.5;0.0;11.0;929.5
0;2;70;49.145;0.0;0.0;0.0;49.1;49.1;0.0;11.0;540.1
0;2;71;50.233;0.0;0.0;0.0;50.2;50.2;0.0;11.0;552.2
0;2;72;5.761;0.0;0.0;0.0;5.8;5.8;0.0;11.0;63.8
0;2;73;59.057;0.0;0.0;0.0;59.1;59.1;0.0;11.0;650.1
0;2;74;56.132000000000005;0.0;0.0;0.0;56.1;56.1;0.0;11.0;617.1
0;2;75;57.629999999999995;0.0;0.0;0.0;57.6;57.6;0.0;11.0;633.6
0;2;76;59.058;0.0;0.0;0.0;59.1;59.1;0.0;11.0;650.1
0;2;77;60.2;0.0;0.0;0.0;60.2;60.2;0.0;11.0;662.2
0;2;78;66.926;0.0;0.0;0.0;66.9;66.9;0.0;11.0;735.9000000000001
0;2;79;85.94500000000001;0.0;0.0;0.0;85.9;85.9;0.0;11.0;944.9000000000001
0;2;80;106.946;0.0;0.0;0.0;106.9;106.9;0.0;11.0;1175.9
0;2;81;88.535;0.0;0.0;0.0;88.5;88.5;0.0;11.0;973.5
0;2;82;81.69500000000001;0.0;0.0;0.0;81.7;81.7;0.0;11.0;898.7
0;2;83;68.526;0.0;15.5;0.0;53.0;68.5;0.0;11.0;753.5
0;2;84;72.27600000000001;0.0;72.3;0.0;0.0;72.3;0.0;11.0;795.3
0;2;85;60.452999999999996;0.0;37.9;0.0;22.5;60.4;0.0;11.0;664.4
0;2;86;171.249;0.0;0.0;0.0;171.2;171.2;0.0;11.0;1883.1999999999998
0;2;87;115.23;0.0;0.0;0.0;115.2;115.2;0.0;11.0;1267.2
0;2;88;70.783;0.0;0.0;0.0;70.8;70.8;0.0;11.0;778.8
0;2;89;48.915;0.0;0.0;0.0;48.9;48.9;0.0;11.0;537.9
0;2;90;40.415;0.0;0.0;0.0;40.4;40.4;0.0;11.0;444.4
0;2;91;55.956;0.0;0.0;0.0;56.0;56.0;0.0;11.0;616.0
0;2;92;189.30200000000002;0.0;0.0;0.0;189.3;189.3;0.0;11.0;2082.3
0;2;93;94.55000000000001;0.0;0.0;0.0;94.6;94.6;0.0;11.0;1040.6
0;2;94;41.739;0.0;0.0;0.0;41.7;41.7;0.0;11.0;458.70000000000005
0;2;95;119.051;0.0;0.0;0.0;119.1;119.1;0.0;11.0;1310.1
0;2;96;5.457;0.0;0.0;0.0;5.5;5.5;0.0;11.0;60.5
0;2;97;9.357;0.0;0.0;0.0;9.4;9.4;0.0;11.0;103.4
0;2;98;86.172;0.0;0.0;0.0;86.2;86.2;0.0;11.0;948.2
0;2;99;158.55599999999998;0.0;0.0;0.0;158.6;158.6;0.0;11.0;1744.6
0;2;100;113.86;0.0;0.0;0.0;113.9;113.9;0.0;11.0;1252.9
0;2;101;7.209;0.0;0.0;0.0;7.2;7.2;0.0;11.0;79.2
0;2;102;111.173;0.0;0.0;0.0;111.2;111.2;0.0;11.0;1223.2
0;2;103;124.524;0.0;0.0;0.0;124.5;124.5;0.0;11.0;1369.5
0;2;104;135.451;0.0;0.0;0.0;135.5;135.5;0.0;11.0;1490.5
0;2;105;141.103;0.0;28.6;0.0;112.5;141.1;0.0;11.0;1552.1
0;2;106;127.29299999999999;0.0;48.7;0.0;78.6;127.3;0.0;11.0;1400.3
0;2;107;125.263;0.0;17.1;0.0;108.2;125.3;0.0;11.0;1378.3
0;2;108;107.622;0.0;50.8;0.0;56.8;107.6;0.0;11.0;1183.6
0;2;109;156.967;0.0;41.2;0.0;115.8;157.0;0.0;11.0;1727.0
0;2;110;44.449;0.0;35.6;0.0;8.9;44.5;0.0;11.0;489.5
0;2;111;108.475;0.0;0.0;0.0;108.5;108.5;0.0;11.0;1193.5
0;2;112;105.437;0.0;0.0;0.0;105.4;105.4;0.0;11.0;1159.4
0;2;113;107.869;0.0;0.0;0.0;107.9;107.9;0.0;11.0;1186.9
0;2;114;119.794;0.0;0.0;0.0;119.8;119.8;0.0;11.0;1317.8
0;2;115;134.019;0.0;0.0;0.0;134.0;134.0;0.0;11.0;1474.0
0;2;116;126.98500000000001;0.0;0.0;0.0;127.0;127.0;0.0;11.0;1397.0
0;2;117;118.94;0.0;0.0;0.0;118.9;118.9;0.0;11.0;1307.9
0;2;118;128.981;0.0;0.0;0.0;129.0;129.0;0.0;11.0;1419.0
0;2;119;184.817;0.0;0.0;0.0;184.8;184.8;0.0;11.0;2032.8000000000002
0;2;120;20.993;0.0;0.0;0.0;21.0;21.0;0.0;11.0;231.0
0;2;121;163.368;0.0;0.0;0.0;163.4;163.4;0.0;11.0;1797.4
0;2;122;41.76;0.0;0.0;0.0;41.8;41.8;0.0;11.0;459.79999999999995
0;2;123;113.53;0.0;0.0;0.0;113.5;113.5;0.0;11.0;1248.5
0;2;124;110.01;0.0;0.0;0.0;110.0;110.0;0.0;11.0;1210.0
0;2;125;110.92999999999999;0.0;0.0;0.0;110.9;110.9;0.0;11.0;1219.9
0;2;126;127.08;0.0;0.0;0.0;127.1;127.1;0.0;11.0;1398.1
0;2;127;133.301;0.0;0.0;0.0;133.3;133.3;0.0;11.0;1466.3000000000002
0;2;128;139.298;0.0;0.0;0.0;139.3;139.3;0.0;11.0;1532.3000000000002
0;2;129;132.785;0.0;0.0;0.0;132.8;132.8;0.0;11.0;1460.8000000000002
0;2;130;130.038;0.0;0.0;0.0;130.0;130.0;0.0;11.0;1430.0
0;2;131;111.213;0.0;0.0;0.0;111.2;111.2;0.0;11.0;1223.2
0;2;132;99.949;0.0;20.9;0.0;79.1;100.0;0.0;11.0;1100.0
0;2;133;92.11;0.0;41.5;0.0;50.6;92.1;0.0;11.0;1013.0999999999999
0;2;134;164.86499999999998;0.0;0.0;0.0;164.9;164.9;0.0;11.0;1813.9
0;2;135;171.846;0.0;0.0;0.0;171.8;171.8;0.0;11.0;1889.8000000000002
0;2;136;39.555;0.0;0.0;0.0;39.6;39.6;0.0;11.0;435.6
0;2;137;62.720000000000006;0.0;0.0;0.0;62.7;62.7;0.0;11.0;689.7
0;2;138;54.216;0.0;0.0;0.0;54.2;54.2;0.0;11.0;596.2
0;2;139;204.096;0.0;0.0;0.0;204.1;204.1;0.0;11.0;2245.1
0;2;140;138.917;0.0;0.0;0.0;138.9;138.9;0.0;11.0;1527.9
0;2;141;47.593;0.0;0.0;0.0;47.6;47.6;0.0;11.0;523.6
0;2;142;218.699;0.0;0.0;0.0;218.7;218.7;0.0;11.0;2405.7
0;2;143;31.621;0.0;0.0;0.0;31.6;31.6;0.0;11.0;347.6
0;2;144;95.018;0.0;0.0;0.0;95.0;95.0;0.0;11.0;1045.0
0;2;145;98.303;0.0;0.0;0.0;98.3;98.3;0.0;11.0;1081.3
0;2;146;102.04100000000001;0.0;0.0;0.0;102.0;102.0;0.0;11.0;1122.0
0;2;147;104.262;0.0;0.0;0.0;104.3;104.3;0.0;11.0;1147.3
0;2;148;108.41000000000001;0.0;0.0;0.0;108.4;108.4;0.0;11.0;1192.4
0;2;149;107.182;0.0;0.0;0.0;107.2;107.2;0.0;11.0;1179.2
0;2;150;128.798;0.0;0.0;0.0;128.8;128.8;0.0;11.0;1416.8000000000002
0;2;151;142.532;0.0;0.0;0.0;142.5;142.5;0.0;11.0;1567.5
0;2;152;135.201;0.0;0.0;0.0;135.2;135.2;0.0;11.0;1487.1999999999998
0;2;153;137.942;0.0;0.0;0.0;137.9;137.9;0.0;11.0;1516.9
0;2;154;136.084;0.0;0.0;0.0;136.1;136.1;0.0;11.0;1497.1
0;2;155;117.344;0.0;0.0;0.0;117.3;117.3;0.0;11.0;1290.3
0;2;156;109.38400000000001;0.0;0.0;0.0;109.4;109.4;0.0;11.0;1203.4
0;2;157;99.66300000000001;0.0;0.0;0.0;99.7;99.7;0.0;11.0;1096.7
0;2;158;81.302;0.0;0.0;0.0;81.3;81.3;0.0;11.0;894.3
0;2;159;79.747;0.0;0.0;0.0;79.7;79.7;0.0;11.0;876.7
0;2;160;86.326;0.0;0.0;0.0;86.3;86.3;0.0;11.0;949.3
0;2;161;106.224;0.0;0.0;0.0;106.2;106.2;0.0;11.0;1168.2
0;2;162;109.82900000000001;0.0;0.0;0.0;109.8;109.8;0.0;11.0;1207.8
0;2;163;115.774;0.0;0.0;0.0;115.8;115.8;0.0;11.0;1273.8
0;2;164;115.171;0.0;0.0;0.0;115.2;115.2;0.0;11.0;1267.2
0;2;165;112.33699999999999;0.0;0.0;0.0;112.3;112.3;0.0;11.0;1235.3
0;2;166;172.04299999999998;0.0;0.0;0.0;172.0;172.0;0.0;11.0;1892.0
0;2;167;177.01999999999998;0.0;0.0;0.0;177.0;177.0;0.0;11.0;1947.0
0;3;0;193.186;0.0;0.0;0.0;193.2;193.2;0.0;9.0;1738.8
0;3;1;197.828;0.0;0.0;0.0;197.8;197.8;0.0;9.0;1780.2
0;3;2;193.797;0.0;0.0;0.0;193.8;193.8;0.0;9.0;1744.2
0;3;3;194.60500000000002;0.0;0.0;0.0;194.6;194.6;0.0;9.0;1751.3999999999999
0;3;4;194.894;0.0;0.0;0.0;194.9;194.9;0.0;9.0;1754.1000000000001
0;3;5;198.028;0.0;0.0;0.0;198.0;198.0;0.0;9.0;1782.0
0;3;6;205.364;0.0;0.0;0.0;205.4;205.4;0.0;9.0;1848.6000000000001
0;3;7;218.142;0.0;0.0;0.0;218.1;218.1;0.0;9.0;1962.8999999999999
0;3;8;310.445;0.0;0.0;0.0;310.4;310.4;0.0;9.0;2793.6
0;3;9;294.435;0.0;0.0;0.0;294.4;294.4;0.0;9.0;2649.6
0;3;10;274.909;0.0;0.0;0.0;274.9;274.9;0.0;9.0;2474.1
0;3;11;246.509;0.0;0.0;0.0;246.5;246.5;0.0;9.0;2218.5
0;3;12;239.582;0.0;0.0;0.0;239.6;239.6;0.0;9.0;2156.4
0;3;13;204.437;0.0;3.2;0.0;201.2;204.4;0.0;9.0;1839.6000000000001
0;3;14;207.429;0.0;0.0;0.0;207.4;207.4;0.0;9.0;1866.6000000000001
0;3;15;202.75600000000003;0.0;0.0;0.0;202.8;202.8;0.0;9.0;1825.2
0;3;16;208.497;0.0;0.0;0.0;208.5;208.5;0.0;9.0;1876.5
0;3;17;220.776;0.0;0.0;0.0;220.8;220.8;0.0;9.0;1987.2
0;3;18;232.964;0.0;0.0;0.0;233.0;233.0;0.0;9.0;2097.0
0;3;19;235.138;0.0;0.0;0.0;235.1;235.1;0.0;9.0;2115.9
0;3;20;246.33499999999998;0.0;0.0;0.0;246.3;246.3;0.0;9.0;2216.7000000000003
0;3;21;225.769;0.0;0.0;0.0;225.8;225.8;0.0;9.0;2032.2
0;3;22;236.808;0.0;0.0;0.0;236.8;236.8;0.0;9.0;2131.2000000000003
0;3;23;207.844;0.0;0.0;0.0;207.8;207.8;0.0;9.0;1870.2
0;3;24;192.857;0.0;0.0;0.0;192.9;192.9;0.0;9.0;1736.1000000000001
0;3;25;200.157;0.0;0.0;0.0;200.2;200.2;0.0;9.0;1801.8
0;3;26;197.164;0.0;0.0;0.0;197.2;197.2;0.0;9.0;1774.8
0;3;27;199.759;0.0;0.0;0.0;199.8;199.8;0.0;9.0;1798.2
0;3;28;198.52700000000002;0.0;0.0;0.0;198.5;198.5;0.0;9.0;1786.5
0;3;29;198.544;0.0;0.0;0.0;198.5;198.5;0.0;9.0;1786.5
0;3;30;199.173;0.0;0.0;0.0;199.2;199.2;0.0;9.0;1792.8
0;3;31;269.533;0.0;0.0;0.0;269.5;269.5;0.0;9.0;2425.5
0;3;32;321.884;0.0;0.0;0.0;321.9;321.9;0.0;9.0;2897.1
0;3;33;307.746;0.0;0.0;0.0;307.7;307.7;0.0;9.0;2769.2999999999997
0;3;34;272.113;0.0;0.0;0.0;272.1;272.1;0.0;9.0;2448.9
0;3;35;255.723;0.0;0.0;0.0;255.7;255.7;0.0;9.0;2301.2999999999997
0;3;36;248.888;0.0;0.0;0.0;248.9;248.9;0.0;9.0;2240.1
0;3;37;214.18499999999997;0.0;0.0;0.0;214.2;214.2;0.0;9.0;1927.8
0;3;38;211.22699999999998;0.0;0.0;0.0;211.2;211.2;0.0;9.0;1900.8
0;3;39;226.976;0.0;0.0;0.0;227.0;227.0;0.0;9.0;2043.0
0;3;40;224.14499999999998;0.0;0.0;0.0;224.1;224.1;0.0;9.0;2016.8999999999999
0;3;41;255.03300000000002;0.0;0.0;0.0;255.0;255.0;0.0;9.0;2295.0
0;3;42;279.226;0.0;0.0;0.0;279.2;279.2;0.0;9.0;2512.7999999999997
0;3;43;285.041;0.0;0.0;0.0;285.0;285.0;0.0;9.0;2565.0
0;3;44;282.922;0.0;0.0;0.0;282.9;282.9;0.0;9.0;2546.1
0;3;45;273.204;0.0;0.0;0.0;273.2;273.2;0.0;9.0;2458.7999999999997
0;3;46;231.611;0.0;0.0;0.0;231.6;231.6;0.0;9.0;2084.4
0;3;47;222.283;0.0;0.0;0.0;222.3;222.3;0.0;9.0;2000.7
0;3;48;164.378;0.0;0.0;0.0;164.4;164.4;0.0;9.0;1479.6000000000001
0;3;49;159.936;0.0;0.0;0.0;159.9;159.9;0.0;9.0;1439.1000000000001
0;3;50;152.965;0.0;0.0;0.0;153.0;153.0;0.0;9.0;1377.0
0;3;51;147.97400000000002;0.0;0.0;0.0;148.0;148.0;0.0;9.0;1332.0
0;3;52;146.405;0.0;0.0;0.0;146.4;146.4;0.0;9.0;1317.6000000000001
0;3;53;146.465;0.0;0.0;0.0;146.5;146.5;0.0;9.0;1318.5
0;3;54;148.71099999999998;0.0;0.0;0.0;148.7;148.7;0.0;9.0;1338.3
0;3;55;186.69299999999998;0.0;0.0;0.0;186.7;186.7;0.0;9.0;1680.3
0;3;56;208.072;0.0;0.0;0.0;208.1;208.1;0.0;9.0;1872.8999999999999
0;3;57;173.38000000000002;0.0;0.0;0.0;173.4;173.4;0.0;9.0;1560.6000000000001
0;3;58;175.673;0.0;0.0;0.0;175.7;175.7;0.0;9.0;1581.3
0;3;59;169.636;0.0;0.0;0.0;169.6;169.6;0.0;9.0;1526.3999999999999
0;3;60;157.469;0.0;0.0;0.0;157.5;157.5;0.0;9.0;1417.5
0;3;61;153.623;0.0;0.0;0.0;153.6;153.6;0.0;9.0;1382.3999999999999
0;3;62;144.826;0.0;0.0;0.0;144.8;144.8;0.0;9.0;1303.2
0;3;63;146.747;0.0;0.0;0.0;146.7;146.7;0.0;9.0;1320.3
0;3;64;174.676;0.0;0.0;0.0;174.7;174.7;0.0;9.0;1572.3
0;3;65;217.155;0.0;0.0;0.0;217.2;217.2;0.0;9.0;1954.8
0;3;66;217.737;0.0;0.0;0.0;217.7;217.7;0.0;9.0;1959.3
0;3;67;220.262;0.0;0.0;0.0;220.3;220.3;0.0;9.0;1982.7
0;3;68;233.54199999999997;0.0;0.0;0.0;233.5;233.5;0.0;9.0;2101.5
0;3;69;56.365;0.0;0.0;0.0;56.4;56.4;0.0;9.0;507.59999999999997
0;3;70;115.17099999999999;0.0;0.0;0.0;115.2;115.2;0.0;9.0;1036.8
0;3;71;170.161;0.0;0.0;0.0;170.2;170.2;0.0;9.0;1531.8
0;3;72;143.082;0.0;0.0;0.0;143.1;143.1;0.0;9.0;1287.8999999999999
0;3;73;148.196;0.0;0.0;0.0;148.2;148.2;0.0;9.0;1333.8
0;3;74;149.112;0.0;0.0;0.0;149.1;149.1;0.0;9.0;1341.8999999999999
0;3;75;153.584;0.0;0.0;0.0;153.6;153.6;0.0;9.0;1382.3999999999999
0;3;76;153.283;0.0;0.0;0.0;153.3;153.3;0.0;9.0;1379.7
0;3;77;153.986;0.0;0.0;0.0;154.0;154.0;0.0;9.0;1386.0
0;3;78;179.09799999999998;0.0;0.0;0.0;179.1;179.1;0.0;9.0;1611.8999999999999
0;3;79;165.542;0.0;0.0;0.0;165.5;165.5;0.0;9.0;1489.5
0;3;80;197.11;0.0;0.0;0.0;197.1;197.1;0.0;9.0;1773.8999999999999
0;3;81;195.08700000000002;0.0;0.0;0.0;195.1;195.1;0.0;9.0;1755.8999999999999
0;3;82;192.88400000000001;0.0;0.0;0.0;192.9;192.9;0.0;9.0;1736.1000000000001
0;3;83;195.787;0.0;0.0;0.0;195.8;195.8;0.0;9.0;1762.2
0;3;84;181.182;0.0;0.0;0.0;181.2;181.2;0.0;9.0;1630.8
0;3;85;198.73;0.0;0.0;0.0;198.7;198.7;0.0;9.0;1788.3
0;3;86;209.779;0.0;0.0;0.0;209.8;209.8;0.0;9.0;1888.2
0;3;87;207.298;0.0;0.0;0.0;207.3;207.3;0.0;9.0;1865.7
0;3;88;210.755;0.0;0.0;0.0;210.8;210.8;0.0;9.0;1897.2
0;3;89;220.613;0.0;0.0;0.0;220.6;220.6;0.0;9.0;1985.3999999999999
0;3;90;229.015;0.0;0.0;0.0;229.0;229.0;0.0;9.0;2061.0
0;3;91;231.86700000000002;0.0;0.0;0.0;231.9;231.9;0.0;9.0;2087.1
0;3;92;237.982;0.0;0.0;0.0;238.0;238.0;0.0;9.0;2142.0
0;3;93;232.614;0.0;0.0;0.0;232.6;232.6;0.0;9.0;2093.4
0;3;94;238.37699999999998;0.0;0.0;0.0;238.4;238.4;0.0;9.0;2145.6
0;3;95;222.961;0.0;0.0;0.0;223.0;223.0;0.0;9.0;2007.0
0;3;96;193.035;0.0;0.0;0.0;193.0;193.0;0.0;9.0;1737.0
0;3;97;198.93900000000002;0.0;0.0;0.0;198.9;198.9;0.0;9.0;1790.1000000000001
0;3;98;196.24200000000002;0.0;0.0;0.0;196.2;196.2;0.0;9.0;1765.8
0;3;99;198.27100000000002;0.0;0.0;0.0;198.3;198.3;0.0;9.0;1784.7
0;3;100;197.02900000000002;0.0;0.0;0.0;197.0;197.0;0.0;9.0;1773.0
0;3;101;194.25300000000001;0.0;0.0;0.0;194.3;194.3;0.0;9.0;1748.7
0;3;102;293.665;0.0;0.0;0.0;293.7;293.7;0.0;9.0;2643.2999999999997
0;3;103;303.27099999999996;0.0;0.0;0.0;303.3;303.3;0.0;9.0;2729.7000000000003
0;3;104;294.503;0.0;0.0;0.0;294.5;294.5;0.0;9.0;2650.5
0;3;105;292.414;0.0;0.0;0.0;292.4;292.4;0.0;9.0;2631.6
0;3;106;305.2;0.0;0.0;0.0;305.2;305.2;0.0;9.0;2746.7999999999997
0;3;107;300.75;0.0;0.0;0.0;300.8;300.8;0.0;9.0;2707.2000000000003
0;3;108;307.091;0.0;0.0;0.0;307.1;307.1;0.0;9.0;2763.9
0;3;109;274.44399999999996;0.0;0.0;0.0;274.4;274.4;0.0;9.0;2469.6
0;3;110;276.015;0.0;0.0;0.0;276.0;276.0;0.0;9.0;2484.0
0;3;111;268.305;0.0;0.0;0.0;268.3;268.3;0.0;9.0;2414.7000000000003
0;3;112;262.844;0.0;0.0;0.0;262.8;262.8;0.0;9.0;2365.2000000000003
0;3;113;258.67600000000004;0.0;0.0;0.0;258.7;258.7;0.0;9.0;2328.2999999999997
0;3;114;298.598;0.0;0.0;0.0;298.6;298.6;0.0;9.0;2687.4
0;3;115;298.378;0.0;0.0;0.0;298.4;298.4;0.0;9.0;2685.6
0;3;116;277.212;0.0;0.0;0.0;277.2;277.2;0.0;9.0;2494.7999999999997
0;3;117;280.517;0.0;0.0;0.0;280.5;280.5;0.0;9.0;2524.5
0;3;118;249.25900000000001;0.0;0.0;0.0;249.3;249.3;0.0;9.0;2243.7000000000003
0;3;119;242.598;0.0;0.0;0.0;242.6;242.6;0.0;9.0;2183.4
0;3;120;218.721;0.0;0.0;0.0;218.7;218.7;0.0;9.0;1968.3
0;3;121;225.177;0.0;0.0;0.0;225.2;225.2;0.0;9.0;2026.8
0;3;122;258.05;0.0;0.0;0.0;258.1;258.1;0.0;9.0;2322.9
0;3;123;288.321;0.0;0.0;0.0;288.3;288.3;0.0;9.0;2594.7000000000003
0;3;124;291.814;0.0;0.0;0.0;291.8;291.8;0.0;9.0;2626.2000000000003
0;3;125;295.049;0.0;0.0;0.0;295.0;295.0;0.0;9.0;2655.0
0;3;126;300.171;0.0;0.0;0.0;300.2;300.2;0.0;9.0;2701.7999999999997
0;3;127;324.205;0.0;0.0;0.0;324.2;324.2;0.0;9.0;2917.7999999999997
0;3;128;319.223;0.0;0.0;0.0;319.2;319.2;0.0;9.0;2872.7999999999997
0;3;129;325.646;0.0;0.0;0.0;325.6;325.6;0.0;9.0;2930.4
0;3;130;297.151;0.0;0.0;0.0;297.2;297.2;0.0;9.0;2674.7999999999997
0;3;131;287.733;0.0;0.0;0.0;287.7;287.7;0.0;9.0;2589.2999999999997
0;3;132;280.53;0.0;0.0;0.0;280.5;280.5;0.0;9.0;2524.5
0;3;133;243.00699999999998;0.0;0.0;0.0;243.0;243.0;0.0;9.0;2187.0
0;3;134;234.06;0.0;0.0;0.0;234.1;234.1;0.0;9.0;2106.9
0;3;135;236.309;0.0;0.0;0.0;236.3;236.3;0.0;9.0;2126.7000000000003
0;3;136;234.71300000000002;0.0;0.0;0.0;234.7;234.7;0.0;9.0;2112.2999999999997
0;3;137;258.573;0.0;0.0;0.0;258.6;258.6;0.0;9.0;2327.4
0;3;138;332.68199999999996;0.0;0.0;0.0;332.7;332.7;0.0;9.0;2994.2999999999997
0;3;139;336.505;0.0;0.0;0.0;336.5;336.5;0.0;9.0;3028.5
0;3;140;344.805;0.0;0.0;0.0;344.8;344.8;0.0;9.0;3103.2000000000003
0;3;141;326.338;0.0;0.0;0.0;326.3;326.3;0.0;9.0;2936.7000000000003
0;3;142;329.966;0.0;0.0;0.0;330.0;330.0;0.0;9.0;2970.0
0;3;143;325.721;0.0;0.0;0.0;325.7;325.7;0.0;9.0;2931.2999999999997
0;3;144;289.023;0.0;0.0;0.0;289.0;289.0;0.0;9.0;2601.0
0;3;145;298.51099999999997;0.0;0.0;0.0;298.5;298.5;0.0;9.0;2686.5
0;3;146;292.246;0.0;0.0;0.0;292.2;292.2;0.0;9.0;2629.7999999999997
0;3;147;295.658;0.0;0.0;0.0;295.7;295.7;0.0;9.0;2661.2999999999997
0;3;148;293.26300000000003;0.0;0.0;0.0;293.3;293.3;0.0;9.0;2639.7000000000003
0;3;149;294.68600000000004;0.0;0.0;0.0;294.7;294.7;0.0;9.0;2652.2999999999997
0;3;150;299.12;0.0;0.0;0.0;299.1;299.1;0.0;9.0;2691.9
0;3;151;305.994;0.0;0.0;0.0;306.0;306.0;0.0;9.0;2754.0
0;3;152;327.50399999999996;0.0;0.0;0.0;327.5;327.5;0.0;9.0;2947.5
0;3;153;293.752;0.0;0.0;0.0;293.8;293.8;0.0;9.0;2644.2000000000003
0;3;154;251.88400000000001;0.0;0.0;0.0;251.9;251.9;0.0;9.0;2267.1
0;3;155;210.458;0.0;0.0;0.0;210.5;210.5;0.0;9.0;1894.5
0;3;156;211.827;0.0;0.0;0.0;211.8;211.8;0.0;9.0;1906.2
0;3;157;199.482;0.0;0.0;0.0;199.5;199.5;0.0;9.0;1795.5
0;3;158;207.71999999999997;0.0;0.0;0.0;207.7;207.7;0.0;9.0;1869.3
0;3;159;209.667;0.0;0.0;0.0;209.7;209.7;0.0;9.0;1887.3
0;3;160;220.699;0.0;0.0;0.0;220.7;220.7;0.0;9.0;1986.3
0;3;161;215.227;0.0;0.0;0.0;215.2;215.2;0.0;9.0;1936.8
0;3;162;212.325;0.0;0.0;0.0;212.3;212.3;0.0;9.0;1910.7
0;3;163;221.995;0.0;0.0;0.0;222.0;222.0;0.0;9.0;1998.0
0;3;164;225.54899999999998;0.0;0.0;0.0;225.5;225.5;0.0;9.0;2029.5
0;3;165;224.63400000000001;0.0;0.0;0.0;224.6;224.6;0.0;9.0;2021.3999999999999
0;3;166;221.481;0.0;0.0;0.0;221.5;221.5;0.0;9.0;1993.5
0;3;167;289.942;0.0;0.0;0.0;289.9;289.9;0.0;9.0;2609.1
5;0;0;195.723;0.0;0.0;0.0;195.7;195.7;0.0;10.0;1957.0
5;0;1;207.83599999999998;0.0;0.0;0.0;207.8;207.8;0.0;10.0;2078.0
5;0;2;203.5;0.0;0.0;0.0;203.5;203.5;0.0;10.0;2035.0
5;0;3;201.439;0.0;0.0;0.0;201.4;201.4;0.0;10.0;2014.0
5;0;4;204.226;0.0;0.0;0.0;204.2;204.2;0.0;10.0;2042.0
5;0;5;209.04399999999998;0.0;0.0;0.0;209.0;209.0;0.0;10.0;2090.0
5;0;6;212.979;0.0;0.0;0.0;213.0;213.0;0.0;10.0;2130.0
5;0;7;230.301;0.0;0.0;0.0;230.3;230.3;0.0;10.0;2303.0
5;0;8;234.854;0.0;0.0;0.0;234.9;234.9;0.0;10.0;2349.0
5;0;9;242.815;0.0;0.0;0.0;242.8;242.8;0.0;10.0;2428.0
5;0;10;273.98699999999997;0.0;0.0;0.0;274.0;274.0;0.0;10.0;2740.0
5;0;11;324.95;0.0;0.0;0.0;324.9;324.9;0.0;10.0;3249.0
5;0;12;311.496;0.0;0.0;0.0;311.5;311.5;0.0;10.0;3115.0
5;0;13;279.29200000000003;0.0;0.0;0.0;279.3;279.3;0.0;10.0;2793.0
5;0;14;252.653;0.0;0.0;0.0;252.7;252.7;0.0;10.0;2527.0
5;0;15;274.985;0.0;0.0;0.0;275.0;275.0;0.0;10.0;2750.0
5;0;16;265.52099999999996;0.0;0.0;0.0;265.5;265.5;0.0;10.0;2655.0
5;0;17;245.824;0.0;0.0;0.0;245.8;245.8;0.0;10.0;2458.0
5;0;18;253.423;0.0;0.0;0.0;253.4;253.4;0.0;10.0;2534.0
5;0;19;260.986;0.0;0.0;0.0;261.0;261.0;0.0;10.0;2610.0
5;0;20;271.408;0.0;0.0;0.0;271.4;271.4;0.0;10.0;2714.0
5;0;21;275.904;0.0;0.0;0.0;275.9;275.9;0.0;10.0;2759.0
5;0;22;277.543;0.0;0.0;0.0;277.5;277.5;0.0;10.0;2775.0
5;0;23;254.16199999999998;0.0;0.0;0.0;254.2;254.2;0.0;10.0;2542.0
5;0;24;188.952;0.0;0.0;0.0;189.0;189.0;0.0;10.0;1890.0
5;0;25;195.292;0.0;0.0;0.0;195.3;195.3;0.0;10.0;1953.0
5;0;26;190.847;0.0;0.0;0.0;190.8;190.8;0.0;10.0;1908.0
5;0;27;193.61599999999999;0.0;0.0;0.0;193.6;193.6;0.0;10.0;1936.0
5;0;28;194.112;0.0;0.0;0.0;194.1;194.1;0.0;10.0;1941.0
5;0;29;194.505;0.0;0.0;0.0;194.5;194.5;0.0;10.0;1945.0
5;0;30;195.063;0.0;0.0;0.0;195.1;195.1;0.0;10.0;1951.0
5;0;31;208.032;0.0;0.0;0.0;208.0;208.0;0.0;10.0;2080.0
5;0;32;218.215;0.0;0.0;0.0;218.2;218.2;0.0;10.0;2182.0
5;0;33;210.918;0.0;0.0;0.0;210.9;210.9;0.0;10.0;2109.0
5;0;34;209.34300000000002;0.0;0.0;0.0;209.3;209.3;0.0;10.0;2093.0
5;0;35;196.292;0.0;1.7;0.0;194.6;196.3;0.0;10.0;1963.0
5;0;36;197.035;0.0;0.0;0.0;197.0;197.0;0.0;10.0;1970.0
5;0;37;180.377;0.0;54.0;0.0;126.4;180.4;0.0;10.0;1804.0
5;0;38;178.851;0.0;69.3;0.0;109.5;178.8;0.0;10.0;1788.0
5;0;39;201.62099999999998;0.0;38.5;0.0;163.2;201.7;0.0;10.0;2017.0
5;0;40;192.44099999999997;0.0;0.0;0.0;192.4;192.4;0.0;10.0;1924.0
5;0;41;232.245;0.0;0.0;0.0;232.2;232.2;0.0;10.0;2322.0
5;0;42;174.036;0.0;0.0;0.0;174.0;174.0;0.0;10.0;1740.0
5;0;43;207.14999999999998;0.0;0.0;0.0;207.1;207.1;0.0;10.0;2071.0
5;0;44;219.343;0.0;0.0;0.0;219.3;219.3;0.0;10.0;2193.0
5;0;45;243.63299999999998;0.0;0.0;0.0;243.6;243.6;0.0;10.0;2436.0
5;0;46;178.526;0.0;0.0;0.0;178.5;178.5;0.0;10.0;1785.0
5;0;47;199.583;0.0;0.0;0.0;199.6;199.6;0.0;10.0;1996.0
5;0;48;167.06;0.0;0.0;0.0;167.1;167.1;0.0;10.0;1671.0
5;0;49;171.707;0.0;0.0;0.0;171.7;171.7;0.0;10.0;1717.0
5;0;50;187.59;0.0;0.0;0.0;187.6;187.6;0.0;10.0;1876.0
5;0;51;157.749;0.0;0.0;0.0;157.7;157.7;0.0;10.0;1577.0
5;0;52;175.394;0.0;0.0;0.0;175.4;175.4;0.0;10.0;1754.0
5;0;53;172.517;0.0;0.0;0.0;172.5;172.5;0.0;10.0;1725.0
5;0;54;171.984;0.0;0.0;0.0;172.0;172.0;0.0;10.0;1720.0
5;0;55;202.688;0.0;0.0;0.0;202.7;202.7;0.0;10.0;2027.0
5;0;56;205.348;0.0;0.0;0.0;205.3;205.3;0.0;10.0;2053.0
5;0;57;190.034;0.0;0.0;0.0;190.0;190.0;0.0;10.0;1900.0
5;0;58;189.21300000000002;0.0;0.0;0.0;189.2;189.2;0.0;10.0;1892.0
5;0;59;170.672;0.0;0.0;0.0;170.7;170.7;0.0;10.0;1707.0
5;0;60;153.97199999999998;0.0;0.0;0.0;154.0;154.0;0.0;10.0;1540.0
5;0;61;140.398;0.0;0.0;0.0;140.4;140.4;0.0;10.0;1404.0
5;0;62;131.10899999999998;0.0;0.0;0.0;131.1;131.1;0.0;10.0;1311.0
5;0;63;191.70100000000002;0.0;0.0;0.0;191.7;191.7;0.0;10.0;1917.0
5;0;64;214.128;0.0;2.8;0.0;211.3;214.1;0.0;10.0;2141.0
5;0;65;43.178;0.0;0.0;0.0;43.2;43.2;0.0;10.0;432.0
5;0;66;164.29;0.0;0.0;0.0;164.3;164.3;0.0;10.0;1643.0
5;0;67;170.81;0.0;0.0;0.0;170.8;170.8;0.0;10.0;1708.0
5;0;68;215.888;0.0;0.0;0.0;215.9;215.9;0.0;10.0;2159.0
5;0;69;235.663;0.0;0.0;0.0;235.7;235.7;0.0;10.0;2357.0
5;0;70;225.543;0.0;0.0;0.0;225.5;225.5;0.0;10.0;2255.0
5;0;71;201.268;0.0;0.0;0.0;201.3;201.3;0.0;10.0;2013.0
5;0;72;100.036;0.0;0.0;0.0;100.0;100.0;0.0;10.0;1000.0
5;0;73;185.095;0.0;0.0;0.0;185.1;185.1;0.0;10.0;1851.0
5;0;74;151.912;0.0;0.0;0.0;151.9;151.9;0.0;10.0;1519.0
5;0;75;159.186;0.0;0.0;0.0;159.2;159.2;0.0;10.0;1592.0
5;0;76;166.22500000000002;0.0;0.0;0.0;166.2;166.2;0.0;10.0;1662.0
5;0;77;161.645;0.0;0.0;0.0;161.6;161.6;0.0;10.0;1616.0
5;0;78;10.221;0.0;0.0;0.0;10.2;10.2;0.0;10.0;102.0
5;0;79;206.454;0.0;0.0;0.0;206.5;206.5;0.0;10.0;2065.0
5;0;80;220.359;0.0;0.0;0.0;220.4;220.4;0.0;10.0;2204.0
5;0;81;216.60899999999998;0.0;0.0;0.0;216.6;216.6;0.0;10.0;2166.0
5;0;82;224.10000000000002;0.0;0.0;0.0;224.1;224.1;0.0;10.0;2241.0
5;0;83;202.86100000000002;0.0;0.0;0.0;202.9;202.9;0.0;10.0;2029.0
5;0;84;208.262;0.0;0.0;0.0;208.3;208.3;0.0;10.0;2083.0
5;0;85;184.226;0.0;0.0;0.0;184.2;184.2;0.0;10.0;1842.0
5;0;86;177.9;0.0;0.0;0.0;177.9;177.9;0.0;10.0;1779.0
5;0;87;183.483;0.0;0.0;0.0;183.5;183.5;0.0;10.0;1835.0
5;0;88;184.482;0.0;0.0;0.0;184.5;184.5;0.0;10.0;1845.0
5;0;89;183.2;0.0;0.0;0.0;183.2;183.2;0.0;10.0;1832.0
5;0;90;186.532;0.0;0.0;0.0;186.5;186.5;0.0;10.0;1865.0
5;0;91;184.135;0.0;0.0;0.0;184.1;184.1;0.0;10.0;1841.0
5;0;92;201.60999999999999;0.0;0.0;0.0;201.6;201.6;0.0;10.0;2016.0
5;0;93;188.559;0.0;0.0;0.0;188.6;188.6;0.0;10.0;1886.0
5;0;94;189.408;0.0;0.0;0.0;189.4;189.4;0.0;10.0;1894.0
5;0;95;168.76;0.0;0.0;0.0;168.8;168.8;0.0;10.0;1688.0
5;0;96;152.455;0.0;0.0;0.0;152.5;152.5;0.0;10.0;1525.0
5;0;97;162.392;0.0;0.0;0.0;162.4;162.4;0.0;10.0;1624.0
5;0;98;155.218;0.0;0.0;0.0;155.2;155.2;0.0;10.0;1552.0
5;0;99;153.311;0.0;0.0;0.0;153.3;153.3;0.0;10.0;1533.0
5;0;100;152.68200000000002;0.0;0.0;0.0;152.7;152.7;0.0;10.0;1527.0
5;0;101;151.21;0.0;0.0;0.0;151.2;151.2;0.0;10.0;1512.0
5;0;102;167.60899999999998;0.0;0.0;0.0;167.6;167.6;0.0;10.0;1676.0
5;0;103;183.093;0.0;0.0;0.0;183.1;183.1;0.0;10.0;1831.0
5;0;104;186.997;0.0;0.0;0.0;187.0;187.0;0.0;10.0;1870.0
5;0;105;187.01;0.0;0.0;0.0;187.0;187.0;0.0;10.0;1870.0
5;0;106;199.181;0.0;0.0;0.0;199.2;199.2;0.0;10.0;1992.0
5;0;107;155.305;0.0;0.0;0.0;155.3;155.3;0.0;10.0;1553.0
5;0;108;161.24200000000002;0.0;0.0;0.0;161.2;161.2;0.0;10.0;1612.0
5;0;109;154.679;0.0;0.0;0.0;154.7;154.7;0.0;10.0;1547.0
5;0;110;165.298;0.0;0.0;0.0;165.3;165.3;0.0;10.0;1653.0
5;0;111;164.38;0.0;0.0;0.0;164.4;164.4;0.0;10.0;1644.0
5;0;112;173.417;0.0;0.0;0.0;173.4;173.4;0.0;10.0;1734.0
5;0;113;208.898;0.0;0.0;0.0;208.9;208.9;0.0;10.0;2089.0
5;0;114;132.947;0.0;0.0;0.0;132.9;132.9;0.0;10.0;1329.0
5;0;115;196.17400000000004;0.0;0.0;0.0;196.2;196.2;0.0;10.0;1962.0
5;0;116;183.607;0.0;0.0;0.0;183.6;183.6;0.0;10.0;1836.0
5;0;117;184.533;0.0;0.0;0.0;184.5;184.5;0.0;10.0;1845.0
5;0;118;161.156;0.0;0.0;0.0;161.2;161.2;0.0;10.0;1612.0
5;0;119;146.219;0.0;0.0;0.0;146.2;146.2;0.0;10.0;1462.0
5;0;120;119.691;0.0;0.0;0.0;119.7;119.7;0.0;10.0;1197.0
5;0;121;120.869;0.0;0.0;0.0;120.9;120.9;0.0;10.0;1209.0
5;0;122;113.842;0.0;0.0;0.0;113.8;113.8;0.0;10.0;1138.0
5;0;123;108.174;0.0;0.0;0.0;108.2;108.2;0.0;10.0;1082.0
5;0;124;107.632;0.0;0.0;0.0;107.6;107.6;0.0;10.0;1076.0
5;0;125;108.50899999999999;0.0;0.0;0.0;108.5;108.5;0.0;10.0;1085.0
5;0;126;118.08;0.0;0.0;0.0;118.1;118.1;0.0;10.0;1181.0
5;0;127;129.37;0.0;0.0;0.0;129.4;129.4;0.0;10.0;1294.0
5;0;128;135.642;0.0;0.0;0.0;135.6;135.6;0.0;10.0;1356.0
5;0;129;125.45;0.0;0.0;0.0;125.5;125.5;0.0;10.0;1255.0
5;0;130;184.506;0.0;0.0;0.0;184.5;184.5;0.0;10.0;1845.0
5;0;131;176.45600000000002;0.0;0.0;0.0;176.5;176.5;0.0;10.0;1765.0
5;0;132;61.012;0.0;0.0;0.0;61.0;61.0;0.0;10.0;610.0
5;0;133;30.828;0.0;0.0;0.0;30.8;30.8;0.0;10.0;308.0
5;0;134;184.06;0.0;0.0;0.0;184.1;184.1;0.0;10.0;1841.0
5;0;135;183.625;0.0;0.0;0.0;183.6;183.6;0.0;10.0;1836.0
5;0;136;166.874;0.0;0.0;0.0;166.9;166.9;0.0;10.0;1669.0
5;0;137;142.725;0.0;0.0;0.0;142.7;142.7;0.0;10.0;1427.0
5;0;138;56.458;0.0;0.0;0.0;56.5;56.5;0.0;10.0;565.0
5;0;139;76.757;0.0;0.0;0.0;76.8;76.8;0.0;10.0;768.0
5;0;140;164.89;0.0;0.0;0.0;164.9;164.9;0.0;10.0;1649.0
5;0;141;153.03199999999998;0.0;0.0;0.0;153.0;153.0;0.0;10.0;1530.0
5;0;142;144.29399999999998;0.0;0.0;0.0;144.3;144.3;0.0;10.0;1443.0
5;0;143;133.117;0.0;0.0;0.0;133.1;133.1;0.0;10.0;1331.0
5;0;144;112.536;0.0;0.0;0.0;112.5;112.5;0.0;10.0;1125.0
5;0;145;117.172;0.0;0.0;0.0;117.2;117.2;0.0;10.0;1172.0
5;0;146;118.024;0.0;0.0;0.0;118.0;118.0;0.0;10.0;1180.0
5;0;147;118.64599999999999;0.0;0.0;0.0;118.6;118.6;0.0;10.0;1186.0
5;0;148;171.796;0.0;0.0;0.0;171.8;171.8;0.0;10.0;1718.0
5;0;149;74.222;0.0;0.0;0.0;74.2;74.2;0.0;10.0;742.0
5;0;150;181.31300000000002;0.0;0.0;0.0;181.3;181.3;0.0;10.0;1813.0
5;0;151;198.322;0.0;0.0;0.0;198.3;198.3;0.0;10.0;1983.0
5;0;152;90.41;0.0;0.0;0.0;90.4;90.4;0.0;10.0;904.0
5;0;153;175.353;0.0;1.6;0.0;173.7;175.3;0.0;10.0;1753.0
5;0;154;182.961;0.0;30.5;0.0;152.5;183.0;0.0;10.0;1830.0
5;0;155;155.025;0.0;0.0;0.0;155.0;155.0;0.0;10.0;1550.0
5;0;156;148.098;0.0;26.8;0.0;121.3;148.1;0.0;10.0;1481.0
5;0;157;141.356;0.0;0.0;0.0;141.4;141.4;0.0;10.0;1414.0
5;0;158;127.07600000000001;0.0;0.0;0.0;127.1;127.1;0.0;10.0;1271.0
5;0;159;119.519;0.0;0.0;0.0;119.5;119.5;0.0;10.0;1195.0
5;0;160;200.31;0.0;0.0;0.0;200.3;200.3;0.0;10.0;2003.0
5;0;161;86.37;0.0;0.0;0.0;86.4;86.4;0.0;10.0;864.0
5;0;162;214.103;0.0;0.0;0.0;214.1;214.1;0.0;10.0;2141.0
5;0;163;221.46;0.0;0.0;0.0;221.5;221.5;0.0;10.0;2215.0
5;0;164;56.174;0.0;0.0;0.0;56.2;56.2;0.0;10.0;562.0
5;0;165;213.216;0.0;0.0;0.0;213.2;213.2;0.0;10.0;2132.0
5;0;166;231.495;0.0;0.0;0.0;231.5;231.5;0.0;10.0;2315.0
5;0;167;205.916;0.0;0.0;0.0;205.9;205.9;0.0;10.0;2059.0
5;1;0;5.556;0.0;0.0;0.0;5.6;5.6;0.0;22.0;123.19999999999999
5;1;1;7.117;0.0;0.0;0.0;7.1;7.1;0.0;22.0;156.2
5;1;2;7.237;0.0;0.0;0.0;7.2;7.2;0.0;22.0;158.4
5;1;3;7.476;0.0;0.0;0.0;7.5;7.5;0.0;22.0;165.0
5;1;4;9.078;0.0;0.0;0.0;9.1;9.1;0.0;22.0;200.2
5;1;5;10.018;0.0;0.0;0.0;10.0;10.0;0.0;22.0;220.0
5;1;6;15.769;0.0;0.0;0.0;15.8;15.8;0.0;22.0;347.6
5;1;7;19.946;0.0;5.1;0.0;14.8;19.9;0.0;22.0;437.79999999999995
5;1;8;30.779;0.0;30.8;0.0;0.0;30.8;0.0;22.0;677.6
5;1;9;25.437;0.0;25.4;0.0;0.0;25.4;0.0;22.0;558.8
5;1;10;30.081;0.0;30.1;0.0;0.0;30.1;0.0;22.0;662.2
5;1;11;25.809;0.0;25.8;0.0;0.0;25.8;0.0;22.0;567.6
5;1;12;31.581;0.0;31.6;0.0;0.0;31.6;0.0;22.0;695.2
5;1;13;30.316;0.0;30.3;0.0;0.0;30.3;0.0;22.0;666.6
5;1;14;31.062;0.0;31.1;0.0;0.0;31.1;0.0;22.0;684.2
5;1;15;19.449;0.0;19.4;0.0;0.0;19.4;0.0;22.0;426.79999999999995
5;1;16;34.787;0.0;34.8;0.0;0.0;34.8;0.0;22.0;765.5999999999999
5;1;17;46.317;0.0;9.2;0.0;37.1;46.3;0.0;22.0;1018.5999999999999
5;1;18;52.142;0.0;0.0;0.0;52.1;52.1;0.0;22.0;1146.2
5;1;19;47.588;0.0;0.0;0.0;47.6;47.6;0.0;22.0;1047.2
5;1;20;53.727;0.0;0.0;0.0;53.7;53.7;0.0;22.0;1181.4
5;1;21;47.005;0.0;0.0;0.0;47.0;47.0;0.0;22.0;1034.0
5;1;22;52.088;0.0;0.0;0.0;52.1;52.1;0.0;22.0;1146.2
5;1;23;27.652;0.0;0.0;0.0;27.7;27.7;0.0;22.0;609.4
5;1;24;5.537;0.0;0.0;0.0;5.5;5.5;0.0;22.0;121.0
5;1;25;7.472;0.0;0.0;0.0;7.5;7.5;0.0;22.0;165.0
5;1;26;8.633;0.0;0.0;0.0;8.6;8.6;0.0;22.0;189.2
5;1;27;10.279;0.0;0.0;0.0;10.3;10.3;0.0;22.0;226.60000000000002
5;1;28;11.091;0.0;0.0;0.0;11.1;11.1;0.0;22.0;244.2
5;1;29;12.638;0.0;0.0;0.0;12.6;12.6;0.0;22.0;277.2
5;1;30;23.045;0.0;0.0;0.0;23.0;23.0;0.0;22.0;506.0
5;1;31;34.691;0.0;0.0;0.0;34.7;34.7;0.0;22.0;763.4000000000001
5;1;32;34.309000000000005;0.0;34.3;0.0;0.0;34.3;0.0;22.0;754.5999999999999
5;1;33;29.82;0.0;29.8;0.0;0.0;29.8;0.0;22.0;655.6
5;1;34;48.897999999999996;0.0;48.9;0.0;0.0;48.9;0.0;22.0;1075.8
5;1;35;29.334999999999997;0.0;29.3;0.0;0.0;29.3;0.0;22.0;644.6
5;1;36;41.809;0.0;41.8;0.0;0.0;41.8;0.0;22.0;919.5999999999999
5;1;37;34.057;0.0;34.1;0.0;0.0;34.1;0.0;22.0;750.2
5;1;38;31.453000000000003;0.0;31.5;0.0;0.0;31.5;0.0;22.0;693.0
5;1;39;37.335;0.0;37.3;0.0;0.0;37.3;0.0;22.0;820.5999999999999
5;1;40;31.196;0.0;31.2;0.0;0.0;31.2;0.0;22.0;686.4
5;1;41;99.455;0.0;24.1;0.0;75.3;99.4;0.0;22.0;2186.8
5;1;42;39.862;0.0;8.0;0.0;31.8;39.8;0.0;22.0;875.5999999999999
5;1;43;38.274;0.0;0.0;0.0;38.3;38.3;0.0;22.0;842.5999999999999
5;1;44;49.168;0.0;0.0;0.0;49.2;49.2;0.0;22.0;1082.4
5;1;45;68.166;0.0;0.0;0.0;68.2;68.2;0.0;22.0;1500.4
5;1;46;55.194;0.0;0.0;0.0;55.2;55.2;0.0;22.0;1214.4
5;1;47;40.404;0.0;0.0;0.0;40.4;40.4;0.0;22.0;888.8
5;1;48;5.587;0.0;0.0;0.0;5.6;5.6;0.0;22.0;123.19999999999999
5;1;49;8.168;0.0;0.0;0.0;8.2;8.2;0.0;22.0;180.39999999999998
5;1;50;8.398;0.0;0.0;0.0;8.4;8.4;0.0;22.0;184.8
5;1;51;8.393;0.0;0.0;0.0;8.4;8.4;0.0;22.0;184.8
5;1;52;7.837;0.0;0.0;0.0;7.8;7.8;0.0;22.0;171.6
5;1;53;7.614;0.0;0.0;0.0;7.6;7.6;0.0;22.0;167.2
5;1;54;8.712;0.0;0.0;0.0;8.7;8.7;0.0;22.0;191.39999999999998
5;1;55;14.814;0.0;0.0;0.0;14.8;14.8;0.0;22.0;325.6
5;1;56;36.136;0.0;33.5;0.0;2.6;36.1;0.0;22.0;794.2
5;1;57;17.35;0.0;17.4;0.0;0.0;17.4;0.0;22.0;382.79999999999995
5;1;58;41.56;0.0;41.6;0.0;0.0;41.6;0.0;22.0;915.2
5;1;59;34.967;0.0;35.0;0.0;0.0;35.0;0.0;22.0;770.0
5;1;60;29.951;0.0;30.0;0.0;0.0;30.0;0.0;22.0;660.0
5;1;61;31.552;0.0;31.6;0.0;0.0;31.6;0.0;22.0;695.2
5;1;62;29.02;0.0;29.0;0.0;0.0;29.0;0.0;22.0;638.0
5;1;63;87.606;0.0;0.0;0.0;87.6;87.6;0.0;22.0;1927.1999999999998
5;1;64;29.366;0.0;29.4;0.0;0.0;29.4;0.0;22.0;646.8
5;1;65;38.062;0.0;38.1;0.0;0.0;38.1;0.0;22.0;838.2
5;1;66;46.726;0.0;0.0;0.0;46.7;46.7;0.0;22.0;1027.4
5;1;67;60.323;0.0;0.0;0.0;60.3;60.3;0.0;22.0;1326.6
5;1;68;56.566;0.0;0.0;0.0;56.6;56.6;0.0;22.0;1245.2
5;1;69;42.631;0.0;0.0;0.0;42.6;42.6;0.0;22.0;937.2
5;1;70;56.778;0.0;0.0;0.0;56.8;56.8;0.0;22.0;1249.6
5;1;71;34.101;0.0;0.0;0.0;34.1;34.1;0.0;22.0;750.2
5;1;72;5.584;0.0;0.0;0.0;5.6;5.6;0.0;22.0;123.19999999999999
5;1;73;7.115;0.0;0.0;0.0;7.1;7.1;0.0;22.0;156.2
5;1;74;7.355;0.0;0.0;0.0;7.4;7.4;0.0;22.0;162.8
5;1;75;7.517;0.0;0.0;0.0;7.5;7.5;0.0;22.0;165.0
5;1;76;7.784;0.0;0.0;0.0;7.8;7.8;0.0;22.0;171.6
5;1;77;8.264;0.0;0.0;0.0;8.3;8.3;0.0;22.0;182.60000000000002
5;1;78;10.001;0.0;0.0;0.0;10.0;10.0;0.0;22.0;220.0
5;1;79;10.264;0.0;4.1;0.0;6.2;10.3;0.0;22.0;226.60000000000002
5;1;80;21.506;0.0;21.5;0.0;0.0;21.5;0.0;22.0;473.0
5;1;81;28.689;0.0;28.7;0.0;0.0;28.7;0.0;22.0;631.4
5;1;82;32.675;0.0;32.7;0.0;0.0;32.7;0.0;22.0;719.4000000000001
5;1;83;30.134;0.0;30.1;0.0;0.0;30.1;0.0;22.0;662.2
5;1;84;37.124;0.0;37.1;0.0;0.0;37.1;0.0;22.0;816.2
5;1;85;35.795;0.0;35.8;0.0;0.0;35.8;0.0;22.0;787.5999999999999
5;1;86;33.107;0.0;33.1;0.0;0.0;33.1;0.0;22.0;728.2
5;1;87;94.685;0.0;94.7;0.0;0.0;94.7;0.0;22.0;2083.4
5;1;88;36.414;0.0;36.4;0.0;0.0;36.4;0.0;22.0;800.8
5;1;89;44.281;0.0;35.6;0.0;8.7;44.3;0.0;22.0;974.5999999999999
5;1;90;36.865;0.0;9.0;0.0;27.9;36.9;0.0;22.0;811.8
5;1;91;39.171;0.0;0.0;0.0;39.2;39.2;0.0;22.0;862.4000000000001
5;1;92;44.294;0.0;0.0;0.0;44.3;44.3;0.0;22.0;974.5999999999999
5;1;93;52.993;0.0;0.0;0.0;53.0;53.0;0.0;22.0;1166.0
5;1;94;45.558;0.0;0.0;0.0;45.6;45.6;0.0;22.0;1003.2
5;1;95;37.013;0.0;0.0;0.0;37.0;37.0;0.0;22.0;814.0
5;1;96;6.429;0.0;0.0;0.0;6.4;6.4;0.0;22.0;140.8
5;1;97;11.26;0.0;0.0;0.0;11.3;11.3;0.0;22.0;248.60000000000002
5;1;98;8.052;0.0;0.0;0.0;8.1;8.1;0.0;22.0;178.2
5;1;99;7.537;0.0;0.0;0.0;7.5;7.5;0.0;22.0;165.0
5;1;100;11.67;0.0;0.0;0.0;11.7;11.7;0.0;22.0;257.4
5;1;101;7.071;0.0;0.0;0.0;7.1;7.1;0.0;22.0;156.2
5;1;102;7.011;0.0;0.0;0.0;7.0;7.0;0.0;22.0;154.0
5;1;103;19.04;0.0;2.6;0.0;16.5;19.1;0.0;22.0;420.20000000000005
5;1;104;29.159;0.0;26.5;0.0;2.6;29.1;0.0;22.0;640.2
5;1;105;54.705999999999996;0.0;35.2;0.0;19.5;54.7;0.0;22.0;1203.4
5;1;106;42.11000000000001;0.0;42.1;0.0;0.0;42.1;0.0;22.0;926.2
5;1;107;43.434;0.0;43.4;0.0;0.0;43.4;0.0;22.0;954.8
5;1;108;34.752;0.0;34.8;0.0;0.0;34.8;0.0;22.0;765.5999999999999
5;1;109;37.856;0.0;37.9;0.0;0.0;37.9;0.0;22.0;833.8
5;1;110;38.249;0.0;38.2;0.0;0.0;38.2;0.0;22.0;840.4000000000001
5;1;111;34.53;0.0;34.5;0.0;0.0;34.5;0.0;22.0;759.0
5;1;112;40.046;0.0;40.0;0.0;0.0;40.0;0.0;22.0;880.0
5;1;113;88.155;0.0;0.7;0.0;87.4;88.1;0.0;22.0;1938.1999999999998
5;1;114;40.143;0.0;5.1;0.0;35.0;40.1;0.0;22.0;882.2
5;1;115;47.535;0.0;0.0;0.0;47.5;47.5;0.0;22.0;1045.0
5;1;116;61.584;0.0;0.0;0.0;61.6;61.6;0.0;22.0;1355.2
5;1;117;56.475;0.0;0.0;0.0;56.5;56.5;0.0;22.0;1243.0
5;1;118;59.879;0.0;0.0;0.0;59.9;59.9;0.0;22.0;1317.8
5;1;119;43.986;0.0;0.0;0.0;44.0;44.0;0.0;22.0;968.0
5;1;120;5.884;0.0;0.0;0.0;5.9;5.9;0.0;22.0;129.8
5;1;121;9.468;0.0;0.0;0.0;9.5;9.5;0.0;22.0;209.0
5;1;122;7.254;0.0;0.0;0.0;7.3;7.3;0.0;22.0;160.6
5;1;123;9.122;0.0;0.0;0.0;9.1;9.1;0.0;22.0;200.2
5;1;124;8.57;0.0;0.0;0.0;8.6;8.6;0.0;22.0;189.2
5;1;125;6.571;0.0;0.0;0.0;6.6;6.6;0.0;22.0;145.2
5;1;126;16.541;0.0;0.0;0.0;16.5;16.5;0.0;22.0;363.0
5;1;127;33.247;0.0;0.0;0.0;33.2;33.2;0.0;22.0;730.4000000000001
5;1;128;32.813;0.0;32.8;0.0;0.0;32.8;0.0;22.0;721.5999999999999
5;1;129;33.727;0.0;33.7;0.0;0.0;33.7;0.0;22.0;741.4000000000001
5;1;130;26.959000000000003;0.0;27.0;0.0;0.0;27.0;0.0;22.0;594.0
5;1;131;37.398;0.0;37.4;0.0;0.0;37.4;0.0;22.0;822.8
5;1;132;35.192;0.0;35.2;0.0;0.0;35.2;0.0;22.0;774.4000000000001
5;1;133;34.921;0.0;34.9;0.0;0.0;34.9;0.0;22.0;767.8
5;1;134;29.255;0.0;29.3;0.0;0.0;29.3;0.0;22.0;644.6
5;1;135;30.913;0.0;30.9;0.0;0.0;30.9;0.0;22.0;679.8
5;1;136;61.340999999999994;0.0;61.3;0.0;0.0;61.3;0.0;22.0;1348.6
5;1;137;78.524;0.0;22.7;0.0;55.8;78.5;0.0;22.0;1727.0
5;1;138;54.516;0.0;3.3;0.0;51.2;54.5;0.0;22.0;1199.0
5;1;139;59.02;0.0;0.0;0.0;59.0;59.0;0.0;22.0;1298.0
5;1;140;56.771;0.0;0.0;0.0;56.8;56.8;0.0;22.0;1249.6
5;1;141;49.109;0.0;0.0;0.0;49.1;49.1;0.0;22.0;1080.2
5;1;142;69.681;0.0;0.0;0.0;69.7;69.7;0.0;22.0;1533.4
5;1;143;40.935;0.0;0.0;0.0;40.9;40.9;0.0;22.0;899.8
5;1;144;5.524;0.0;0.0;0.0;5.5;5.5;0.0;22.0;121.0
5;1;145;10.374;0.0;0.0;0.0;10.4;10.4;0.0;22.0;228.8
5;1;146;7.616;0.0;0.0;0.0;7.6;7.6;0.0;22.0;167.2
5;1;147;8.356;0.0;0.0;0.0;8.4;8.4;0.0;22.0;184.8
5;1;148;7.122;0.0;0.0;0.0;7.1;7.1;0.0;22.0;156.2
5;1;149;8.113;0.0;0.0;0.0;8.1;8.1;0.0;22.0;178.2
5;1;150;9.078;0.0;0.0;0.0;9.1;9.1;0.0;22.0;200.2
5;1;151;22.761;0.0;0.0;0.0;22.8;22.8;0.0;22.0;501.6
5;1;152;27.679;0.0;27.7;0.0;0.0;27.7;0.0;22.0;609.4
5;1;153;34.098;0.0;34.1;0.0;0.0;34.1;0.0;22.0;750.2
5;1;154;29.339;0.0;29.3;0.0;0.0;29.3;0.0;22.0;644.6
5;1;155;28.371;0.0;28.4;0.0;0.0;28.4;0.0;22.0;624.8
5;1;156;33.871;0.0;33.9;0.0;0.0;33.9;0.0;22.0;745.8
5;1;157;28.018;0.0;28.0;0.0;0.0;28.0;0.0;22.0;616.0
5;1;158;42.265;0.0;42.3;0.0;0.0;42.3;0.0;22.0;930.5999999999999
5;1;159;124.646;0.0;89.6;0.0;35.1;124.7;0.0;22.0;2743.4
5;1;160;35.677;0.0;35.7;0.0;0.0;35.7;0.0;22.0;785.4000000000001
5;1;161;63.024;0.0;52.6;0.0;10.4;63.0;0.0;22.0;1386.0
5;1;162;52.467;0.0;13.3;0.0;39.1;52.4;0.0;22.0;1152.8
5;1;163;40.077;0.0;0.0;0.0;40.1;40.1;0.0;22.0;882.2
5;1;164;56.85;0.0;0.0;0.0;56.9;56.9;0.0;22.0;1251.8
5;1;165;58.103;0.0;0.0;0.0;58.1;58.1;0.0;22.0;1278.2
5;1;166;54.126;0.0;0.0;0.0;54.1;54.1;0.0;22.0;1190.2
5;1;167;52.475;0.0;0.0;0.0;52.5;52.5;0.0;22.0;1155.0
5;2;0;5.806;0.0;0.0;0.0;5.8;5.8;0.0;11.0;63.8
5;2;1;9.661;0.0;0.0;0.0;9.7;9.7;0.0;11.0;106.69999999999999
5;2;2;151.64399999999998;0.0;0.0;0.0;151.6;151.6;0.0;11.0;1667.6
5;2;3;8.566;0.0;0.0;0.0;8.6;8.6;0.0;11.0;94.6
5;2;4;67.26;0.0;0.0;0.0;67.3;67.3;0.0;11.0;740.3
5;2;5;156.623;0.0;0.0;0.0;156.6;156.6;0.0;11.0;1722.6
5;2;6;14.196;0.0;0.0;0.0;14.2;14.2;0.0;11.0;156.2
5;2;7;65.114;0.0;0.0;0.0;65.1;65.1;0.0;11.0;716.0999999999999
5;2;8;36.299;0.0;1.9;0.0;34.4;36.3;0.0;11.0;399.29999999999995
5;2;9;97.56400000000001;0.0;72.3;0.0;25.3;97.6;0.0;11.0;1073.6
5;2;10;101.43900000000001;0.0;101.4;0.0;0.0;101.4;0.0;11.0;1115.4
5;2;11;89.276;0.0;89.3;0.0;0.0;89.3;0.0;11.0;982.3
5;2;12;77.453;0.0;77.5;0.0;0.0;77.5;0.0;11.0;852.5
5;2;13;68.69800000000001;0.0;68.7;0.0;0.0;68.7;0.0;11.0;755.7
5;2;14;55.786;0.0;40.8;0.0;15.0;55.8;0.0;11.0;613.8
5;2;15;98.34700000000001;0.0;16.6;0.0;81.8;98.4;0.0;11.0;1082.4
5;2;16;195.83;0.0;16.1;0.0;179.7;195.8;0.0;11.0;2153.8
5;2;17;66.031;0.0;0.0;0.0;66.0;66.0;0.0;11.0;726.0
5;2;18;48.618;0.0;0.0;0.0;48.6;48.6;0.0;11.0;534.6
5;2;19;140.562;0.0;0.0;0.0;140.6;140.6;0.0;11.0;1546.6
5;2;20;102.549;0.0;0.0;0.0;102.5;102.5;0.0;11.0;1127.5
5;2;21;50.533;0.0;0.0;0.0;50.5;50.5;0.0;11.0;555.5
5;2;22;193.28300000000002;0.0;0.0;0.0;193.3;193.3;0.0;11.0;2126.3
5;2;23;98.826;0.0;0.0;0.0;98.8;98.8;0.0;11.0;1086.8
5;2;24;5.854;0.0;0.0;0.0;5.9;5.9;0.0;11.0;64.9
5;2;25;7.817;0.0;0.0;0.0;7.8;7.8;0.0;11.0;85.8
5;2;26;171.11;0.0;0.0;0.0;171.1;171.1;0.0;11.0;1882.1
5;2;27;9.406;0.0;0.0;0.0;9.4;9.4;0.0;11.0;103.4
5;2;28;172.393;0.0;0.0;0.0;172.4;172.4;0.0;11.0;1896.4
5;2;29;47.554;0.0;0.0;0.0;47.6;47.6;0.0;11.0;523.6
5;2;30;133.708;0.0;0.0;0.0;133.7;133.7;0.0;11.0;1470.6999999999998
5;2;31;147.705;0.0;0.0;0.0;147.7;147.7;0.0;11.0;1624.6999999999998
5;2;32;155.624;0.0;8.3;0.0;147.3;155.6;0.0;11.0;1711.6
5;2;33;146.82;0.0;65.9;0.0;81.0;146.9;0.0;11.0;1615.9
5;2;34;135.123;0.0;129.5;0.0;5.6;135.1;0.0;11.0;1486.1
5;2;35;107.168;0.0;107.2;0.0;0.0;107.2;0.0;11.0;1179.2
5;2;36;99.301;0.0;99.3;0.0;0.0;99.3;0.0;11.0;1092.3
5;2;37;70.05099999999999;0.0;70.1;0.0;0.0;70.1;0.0;11.0;771.0999999999999
5;2;38;67.363;0.0;67.4;0.0;0.0;67.4;0.0;11.0;741.4000000000001
5;2;39;60.858000000000004;0.0;60.9;0.0;0.0;60.9;0.0;11.0;669.9
5;2;40;162.85399999999998;0.0;15.5;0.0;147.3;162.8;0.0;11.0;1790.8000000000002
5;2;41;112.737;0.0;0.0;0.0;112.7;112.7;0.0;11.0;1239.7
5;2;42;82.76400000000001;0.0;0.0;0.0;82.8;82.8;0.0;11.0;910.8
5;2;43;92.99600000000001;0.0;0.0;0.0;93.0;93.0;0.0;11.0;1023.0
5;2;44;111.25800000000001;0.0;0.0;0.0;111.3;111.3;0.0;11.0;1224.3
5;2;45;90.862;0.0;0.0;0.0;90.9;90.9;0.0;11.0;999.9000000000001
5;2;46;54.373;0.0;0.0;0.0;54.4;54.4;0.0;11.0;598.4
5;2;47;44.821;0.0;0.0;0.0;44.8;44.8;0.0;11.0;492.79999999999995
5;2;48;5.902;0.0;0.0;0.0;5.9;5.9;0.0;11.0;64.9
5;2;49;10.52;0.0;0.0;0.0;10.5;10.5;0.0;11.0;115.5
5;2;50;57.102;0.0;0.0;0.0;57.1;57.1;0.0;11.0;628.1
5;2;51;60.568;0.0;0.0;0.0;60.6;60.6;0.0;11.0;666.6
5;2;52;60.887;0.0;0.0;0.0;60.9;60.9;0.0;11.0;669.9
5;2;53;65.233;0.0;0.0;0.0;65.2;65.2;0.0;11.0;717.2
5;2;54;66.158;0.0;0.0;0.0;66.2;66.2;0.0;11.0;728.2
5;2;55;84.193;0.0;0.0;0.0;84.2;84.2;0.0;11.0;926.2
5;2;56;111.824;0.0;0.0;0.0;111.8;111.8;0.0;11.0;1229.8
5;2;57;87.09100000000001;0.0;0.0;0.0;87.1;87.1;0.0;11.0;958.0999999999999
5;2;58;73.482;0.0;0.0;0.0;73.5;73.5;0.0;11.0;808.5
5;2;59;72.96199999999999;0.0;0.0;0.0;73.0;73.0;0.0;11.0;803.0
5;2;60;52.213;0.0;0.0;0.0;52.2;52.2;0.0;11.0;574.2
5;2;61;52.475;0.0;0.0;0.0;52.5;52.5;0.0;11.0;577.5
5;2;62;52.934;0.0;0.0;0.0;52.9;52.9;0.0;11.0;581.9
5;2;63;60.766000000000005;0.0;0.0;0.0;60.8;60.8;0.0;11.0;668.8
5;2;64;104.602;0.0;0.0;0.0;104.6;104.6;0.0;11.0;1150.6
5;2;65;179.03500000000003;0.0;0.0;0.0;179.0;179.0;0.0;11.0;1969.0
5;2;66;43.641;0.0;0.0;0.0;43.6;43.6;0.0;11.0;479.6
5;2;67;104.687;0.0;0.0;0.0;104.7;104.7;0.0;11.0;1151.7
5;2;68;53.821;0.0;0.0;0.0;53.8;53.8;0.0;11.0;591.8
5;2;69;64.974;0.0;0.0;0.0;65.0;65.0;0.0;11.0;715.0
5;2;70;49.145;0.0;0.0;0.0;49.1;49.1;0.0;11.0;540.1
5;2;71;50.233;0.0;0.0;0.0;50.2;50.2;0.0;11.0;552.2
5;2;72;5.761;0.0;0.0;0.0;5.8;5.8;0.0;11.0;63.8
5;2;73;54.176;0.0;0.0;0.0;54.2;54.2;0.0;11.0;596.2
5;2;74;51.041000000000004;0.0;0.0;0.0;51.0;51.0;0.0;11.0;561.0
5;2;75;52.39;0.0;0.0;0.0;52.4;52.4;0.0;11.0;576.4
5;2;76;53.694;0.0;0.0;0.0;53.7;53.7;0.0;11.0;590.7
5;2;77;54.605000000000004;0.0;0.0;0.0;54.6;54.6;0.0;11.0;600.6
5;2;78;61.177;0.0;0.0;0.0;61.2;61.2;0.0;11.0;673.2
5;2;79;78.361;0.0;0.0;0.0;78.4;78.4;0.0;11.0;862.4000000000001
5;2;80;99.246;0.0;0.0;0.0;99.2;99.2;0.0;11.0;1091.2
5;2;81;82.393;0.0;0.0;0.0;82.4;82.4;0.0;11.0;906.4000000000001
5;2;82;75.866;0.0;0.0;0.0;75.9;75.9;0.0;11.0;834.9000000000001
5;2;83;63.882;0.0;15.4;0.0;48.5;63.9;0.0;11.0;702.9
5;2;84;68.819;0.0;68.8;0.0;0.0;68.8;0.0;11.0;756.8
5;2;85;57.634;0.0;37.7;0.0;19.9;57.6;0.0;11.0;633.6
5;2;86;171.249;0.0;0.0;0.0;171.2;171.2;0.0;11.0;1883.1999999999998
5;2;87;109.575;0.0;0.0;0.0;109.6;109.6;0.0;11.0;1205.6
5;2;88;53.749;0.0;0.0;0.0;53.7;53.7;0.0;11.0;590.7
5;2;89;48.915;0.0;0.0;0.0;48.9;48.9;0.0;11.0;537.9
5;2;90;40.415;0.0;0.0;0.0;40.4;40.4;0.0;11.0;444.4
5;2;91;55.956;0.0;0.0;0.0;56.0;56.0;0.0;11.0;616.0
5;2;92;189.30200000000002;0.0;0.0;0.0;189.3;189.3;0.0;11.0;2082.3
5;2;93;89.742;0.0;0.0;0.0;89.7;89.7;0.0;11.0;986.7
5;2;94;41.739;0.0;0.0;0.0;41.7;41.7;0.0;11.0;458.70000000000005
5;2;95;92.69200000000001;0.0;0.0;0.0;92.7;92.7;0.0;11.0;1019.7
5;2;96;5.457;0.0;0.0;0.0;5.5;5.5;0.0;11.0;60.5
5;2;97;9.357;0.0;0.0;0.0;9.4;9.4;0.0;11.0;103.4
5;2;98;77.867;0.0;0.0;0.0;77.9;77.9;0.0;11.0;856.9000000000001
5;2;99;158.55599999999998;0.0;0.0;0.0;158.6;158.6;0.0;11.0;1744.6
5;2;100;86.685;0.0;0.0;0.0;86.7;86.7;0.0;11.0;953.7
5;2;101;7.209;0.0;0.0;0.0;7.2;7.2;0.0;11.0;79.2
5;2;102;100.51599999999999;0.0;0.0;0.0;100.5;100.5;0.0;11.0;1105.5
5;2;103;113.572;0.0;0.0;0.0;113.6;113.6;0.0;11.0;1249.6
5;2;104;125.232;0.0;0.0;0.0;125.2;125.2;0.0;11.0;1377.2
5;2;105;131.401;0.0;49.9;0.0;81.5;131.4;0.0;11.0;1445.4
5;2;106;118.47;0.0;48.7;0.0;69.8;118.5;0.0;11.0;1303.5
5;2;107;117.208;0.0;17.0;0.0;100.2;117.2;0.0;11.0;1289.2
5;2;108;99.666;0.0;50.5;0.0;49.2;99.7;0.0;11.0;1096.7
5;2;109;143.486;0.0;40.9;0.0;102.6;143.5;0.0;11.0;1578.5
5;2;110;44.449;0.0;35.6;0.0;8.9;44.5;0.0;11.0;489.5
5;2;111;101.84700000000001;0.0;0.0;0.0;101.8;101.8;0.0;11.0;1119.8
5;2;112;98.745;0.0;0.0;0.0;98.7;98.7;0.0;11.0;1085.7
5;2;113;100.805;0.0;0.0;0.0;100.8;100.8;0.0;11.0;1108.8
5;2;114;112.021;0.0;0.0;0.0;112.0;112.0;0.0;11.0;1232.0
5;2;115;125.815;0.0;0.0;0.0;125.8;125.8;0.0;11.0;1383.8
5;2;116;118.46100000000001;0.0;0.0;0.0;118.5;118.5;0.0;11.0;1303.5
5;2;117;110.06700000000001;0.0;0.0;0.0;110.1;110.1;0.0;11.0;1211.1
5;2;118;120.888;0.0;0.0;0.0;120.9;120.9;0.0;11.0;1329.9
5;2;119;184.817;0.0;0.0;0.0;184.8;184.8;0.0;11.0;2032.8000000000002
5;2;120;5.794;0.0;0.0;0.0;5.8;5.8;0.0;11.0;63.8
5;2;121;163.368;0.0;0.0;0.0;163.4;163.4;0.0;11.0;1797.4
5;2;122;18.974;0.0;0.0;0.0;19.0;19.0;0.0;11.0;209.0
5;2;123;102.993;0.0;0.0;0.0;103.0;103.0;0.0;11.0;1133.0
5;2;124;99.194;0.0;0.0;0.0;99.2;99.2;0.0;11.0;1091.2
5;2;125;99.952;0.0;0.0;0.0;100.0;100.0;0.0;11.0;1100.0
5;2;126;114.87599999999999;0.0;0.0;0.0;114.9;114.9;0.0;11.0;1263.9
5;2;127;121.62700000000001;0.0;0.0;0.0;121.6;121.6;0.0;11.0;1337.6
5;2;128;128.46699999999998;0.0;0.0;0.0;128.5;128.5;0.0;11.0;1413.5
5;2;129;122.395;0.0;0.0;0.0;122.4;122.4;0.0;11.0;1346.4
5;2;130;120.251;0.0;0.0;0.0;120.3;120.3;0.0;11.0;1323.3
5;2;131;102.38;0.0;0.0;0.0;102.4;102.4;0.0;11.0;1126.4
5;2;132;91.973;0.0;20.8;0.0;71.2;92.0;0.0;11.0;1012.0
5;2;133;85.59;0.0;41.3;0.0;44.3;85.6;0.0;11.0;941.5999999999999
5;2;134;164.86499999999998;0.0;0.0;0.0;164.9;164.9;0.0;11.0;1813.9
5;2;135;160.373;0.0;0.0;0.0;160.4;160.4;0.0;11.0;1764.4
5;2;136;39.555;0.0;0.0;0.0;39.6;39.6;0.0;11.0;435.6
5;2;137;59.133;0.0;0.0;0.0;59.1;59.1;0.0;11.0;650.1
5;2;138;54.216;0.0;0.0;0.0;54.2;54.2;0.0;11.0;596.2
5;2;139;204.096;0.0;0.0;0.0;204.1;204.1;0.0;11.0;2245.1
5;2;140;98.452;0.0;0.0;0.0;98.5;98.5;0.0;11.0;1083.5
5;2;141;47.593;0.0;0.0;0.0;47.6;47.6;0.0;11.0;523.6
5;2;142;204.096;0.0;0.0;0.0;204.1;204.1;0.0;11.0;2245.1
5;2;143;31.621;0.0;0.0;0.0;31.6;31.6;0.0;11.0;347.6
5;2;144;85.703;0.0;0.0;0.0;85.7;85.7;0.0;11.0;942.7
5;2;145;88.698;0.0;0.0;0.0;88.7;88.7;0.0;11.0;975.7
5;2;146;92.01700000000001;0.0;0.0;0.0;92.0;92.0;0.0;11.0;1012.0
5;2;147;94.076;0.0;0.0;0.0;94.1;94.1;0.0;11.0;1035.1
5;2;148;97.965;0.0;0.0;0.0;98.0;98.0;0.0;11.0;1078.0
5;2;149;96.69500000000001;0.0;0.0;0.0;96.7;96.7;0.0;11.0;1063.7
5;2;150;116.803;0.0;0.0;0.0;116.8;116.8;0.0;11.0;1284.8
5;2;151;130.634;0.0;0.0;0.0;130.6;130.6;0.0;11.0;1436.6
5;2;152;124.511;0.0;0.0;0.0;124.5;124.5;0.0;11.0;1369.5
5;2;153;127.675;0.0;0.0;0.0;127.7;127.7;0.0;11.0;1404.7
5;2;154;126.422;0.0;0.0;0.0;126.4;126.4;0.0;11.0;1390.4
5;2;155;108.306;0.0;0.0;0.0;108.3;108.3;0.0;11.0;1191.3
5;2;156;100.97800000000001;0.0;0.0;0.0;101.0;101.0;0.0;11.0;1111.0
5;2;157;92.78399999999999;0.0;0.0;0.0;92.8;92.8;0.0;11.0;1020.8
5;2;158;75.199;0.0;0.0;0.0;75.2;75.2;0.0;11.0;827.2
5;2;159;74.18;0.0;0.0;0.0;74.2;74.2;0.0;11.0;816.2
5;2;160;81.03;0.0;0.0;0.0;81.0;81.0;0.0;11.0;891.0
5;2;161;101.05600000000001;0.0;0.0;0.0;101.1;101.1;0.0;11.0;1112.1
5;2;162;103.663;0.0;0.0;0.0;103.7;103.7;0.0;11.0;1140.7
5;2;163;109.42699999999999;0.0;0.0;0.0;109.4;109.4;0.0;11.0;1203.4
5;2;164;108.791;0.0;0.0;0.0;108.8;108.8;0.0;11.0;1196.8
5;2;165;105.814;0.0;0.0;0.0;105.8;105.8;0.0;11.0;1163.8
5;2;166;120.904;0.0;0.0;0.0;120.9;120.9;0.0;11.0;1329.9
5;2;167;177.01999999999998;0.0;0.0;0.0;177.0;177.0;0.0;11.0;1947.0
5;3;0;63.409;0.0;0.0;0.0;63.4;63.4;0.0;9.0;570.6
5;3;1;197.828;0.0;0.0;0.0;197.8;197.8;0.0;9.0;1780.2
5;3;2;193.797;0.0;0.0;0.0;193.8;193.8;0.0;9.0;1744.2
5;3;3;194.60500000000002;0.0;0.0;0.0;194.6;194.6;0.0;9.0;1751.3999999999999
5;3;4;194.894;0.0;0.0;0.0;194.9;194.9;0.0;9.0;1754.1000000000001
5;3;5;198.028;0.0;0.0;0.0;198.0;198.0;0.0;9.0;1782.0
5;3;6;205.364;0.0;0.0;0.0;205.4;205.4;0.0;9.0;1848.6000000000001
5;3;7;218.142;0.0;0.0;0.0;218.1;218.1;0.0;9.0;1962.8999999999999
5;3;8;235.17000000000002;0.0;0.0;0.0;235.2;235.2;0.0;9.0;2116.7999999999997
5;3;9;220.998;0.0;0.0;0.0;221.0;221.0;0.0;9.0;1989.0
5;3;10;215.825;0.0;0.0;0.0;215.8;215.8;0.0;9.0;1942.2
5;3;11;204.442;0.0;0.0;0.0;204.4;204.4;0.0;9.0;1839.6000000000001
5;3;12;199.75099999999998;0.0;0.0;0.0;199.8;199.8;0.0;9.0;1798.2
5;3;13;179.66500000000002;0.0;35.3;0.0;144.3;179.6;0.0;9.0;1616.3999999999999
5;3;14;207.429;0.0;32.7;0.0;174.8;207.5;0.0;9.0;1867.5
5;3;15;202.75600000000003;0.0;0.0;0.0;202.8;202.8;0.0;9.0;1825.2
5;3;16;208.497;0.0;0.0;0.0;208.5;208.5;0.0;9.0;1876.5
5;3;17;211.711;0.0;0.0;0.0;211.7;211.7;0.0;9.0;1905.3
5;3;18;232.964;0.0;0.0;0.0;233.0;233.0;0.0;9.0;2097.0
5;3;19;56.088;0.0;0.0;0.0;56.1;56.1;0.0;9.0;504.90000000000003
5;3;20;156.306;0.0;0.0;0.0;156.3;156.3;0.0;9.0;1406.7
5;3;21;203.21499999999997;0.0;0.0;0.0;203.2;203.2;0.0;9.0;1828.8
5;3;22;236.808;0.0;0.0;0.0;236.8;236.8;0.0;9.0;2131.2000000000003
5;3;23;207.844;0.0;0.0;0.0;207.8;207.8;0.0;9.0;1870.2
5;3;24;192.857;0.0;0.0;0.0;192.9;192.9;0.0;9.0;1736.1000000000001
5;3;25;180.42600000000002;0.0;0.0;0.0;180.4;180.4;0.0;9.0;1623.6000000000001
5;3;26;197.164;0.0;0.0;0.0;197.2;197.2;0.0;9.0;1774.8
5;3;27;199.759;0.0;0.0;0.0;199.8;199.8;0.0;9.0;1798.2
5;3;28;198.52700000000002;0.0;0.0;0.0;198.5;198.5;0.0;9.0;1786.5
5;3;29;198.544;0.0;0.0;0.0;198.5;198.5;0.0;9.0;1786.5
5;3;30;199.173;0.0;0.0;0.0;199.2;199.2;0.0;9.0;1792.8
5;3;31;232.82399999999998;0.0;0.0;0.0;232.8;232.8;0.0;9.0;2095.2000000000003
5;3;32;233.135;0.0;0.0;0.0;233.1;233.1;0.0;9.0;2097.9
5;3;33;218.627;0.0;0.0;0.0;218.6;218.6;0.0;9.0;1967.3999999999999
5;3;34;211.65;0.0;0.0;0.0;211.7;211.7;0.0;9.0;1905.3
5;3;35;211.079;0.0;0.0;0.0;211.1;211.1;0.0;9.0;1899.8999999999999
5;3;36;207.74900000000002;0.0;0.0;0.0;207.7;207.7;0.0;9.0;1869.3
5;3;37;194.438;0.0;0.0;0.0;194.4;194.4;0.0;9.0;1749.6000000000001
5;3;38;189.66;0.0;0.0;0.0;189.7;189.7;0.0;9.0;1707.3
5;3;39;207.32100000000003;0.0;0.0;0.0;207.3;207.3;0.0;9.0;1865.7
5;3;40;204.719;0.0;0.0;0.0;204.7;204.7;0.0;9.0;1842.3
5;3;41;235.846;0.0;0.0;0.0;235.8;235.8;0.0;9.0;2122.2000000000003
5;3;42;238.50900000000001;0.0;0.0;0.0;238.5;238.5;0.0;9.0;2146.5
5;3;43;242.11899999999997;0.0;0.0;0.0;242.1;242.1;0.0;9.0;2178.9
5;3;44;240.63599999999997;0.0;0.0;0.0;240.6;240.6;0.0;9.0;2165.4
5;3;45;226.096;0.0;0.0;0.0;226.1;226.1;0.0;9.0;2034.8999999999999
5;3;46;206.019;0.0;0.0;0.0;206.0;206.0;0.0;9.0;1854.0
5;3;47;203.381;0.0;0.0;0.0;203.4;203.4;0.0;9.0;1830.6000000000001
5;3;48;147.534;0.0;0.0;0.0;147.5;147.5;0.0;9.0;1327.5
5;3;49;143.97;0.0;0.0;0.0;144.0;144.0;0.0;9.0;1296.0
5;3;50;137.53900000000002;0.0;0.0;0.0;137.5;137.5;0.0;9.0;1237.5
5;3;51;133.113;0.0;0.0;0.0;133.1;133.1;0.0;9.0;1197.8999999999999
5;3;52;131.656;0.0;0.0;0.0;131.7;131.7;0.0;9.0;1185.3
5;3;53;131.815;0.0;0.0;0.0;131.8;131.8;0.0;9.0;1186.2
5;3;54;134.243;0.0;0.0;0.0;134.2;134.2;0.0;9.0;1207.8
5;3;55;169.90599999999998;0.0;0.0;0.0;169.9;169.9;0.0;9.0;1529.1000000000001
5;3;56;190.94400000000002;0.0;0.0;0.0;190.9;190.9;0.0;9.0;1718.1000000000001
5;3;57;158.216;0.0;0.0;0.0;158.2;158.2;0.0;9.0;1423.8
5;3;58;160.45499999999998;0.0;0.0;0.0;160.5;160.5;0.0;9.0;1444.5
5;3;59;155.01399999999998;0.0;0.0;0.0;155.0;155.0;0.0;9.0;1395.0
5;3;60;143.168;0.0;0.0;0.0;143.2;143.2;0.0;9.0;1288.8
5;3;61;140.358;0.0;0.0;0.0;140.4;140.4;0.0;9.0;1263.6000000000001
5;3;62;132.354;0.0;0.0;0.0;132.4;132.4;0.0;9.0;1191.6000000000001
5;3;63;133.999;0.0;0.0;0.0;134.0;134.0;0.0;9.0;1206.0
5;3;64;154.593;0.0;0.0;0.0;154.6;154.6;0.0;9.0;1391.3999999999999
5;3;65;217.155;0.0;0.0;0.0;217.2;217.2;0.0;9.0;1954.8
5;3;66;217.737;0.0;0.0;0.0;217.7;217.7;0.0;9.0;1959.3
5;3;67;220.262;0.0;0.0;0.0;220.3;220.3;0.0;9.0;1982.7
5;3;68;190.999;0.0;0.0;0.0;191.0;191.0;0.0;9.0;1719.0
5;3;69;56.365;0.0;0.0;0.0;56.4;56.4;0.0;9.0;507.59999999999997
5;3;70;86.477;0.0;0.0;0.0;86.5;86.5;0.0;9.0;778.5
5;3;71;155.929;0.0;0.0;0.0;155.9;155.9;0.0;9.0;1403.1000000000001
5;3;72;128.489;0.0;0.0;0.0;128.5;128.5;0.0;9.0;1156.5
5;3;73;133.485;0.0;0.0;0.0;133.5;133.5;0.0;9.0;1201.5
5;3;74;134.056;0.0;0.0;0.0;134.1;134.1;0.0;9.0;1206.8999999999999
5;3;75;138.043;0.0;0.0;0.0;138.0;138.0;0.0;9.0;1242.0
5;3;76;137.817;0.0;0.0;0.0;137.8;137.8;0.0;9.0;1240.2
5;3;77;138.421;0.0;0.0;0.0;138.4;138.4;0.0;9.0;1245.6000000000001
5;3;78;179.09799999999998;0.0;0.0;0.0;179.1;179.1;0.0;9.0;1611.8999999999999
5;3;79;129.474;0.0;0.0;0.0;129.5;129.5;0.0;9.0;1165.5
5;3;80;180.246;0.0;0.0;0.0;180.2;180.2;0.0;9.0;1621.8
5;3;81;178.561;0.0;0.0;0.0;178.6;178.6;0.0;9.0;1607.3999999999999
5;3;82;176.34300000000002;0.0;0.0;0.0;176.3;176.3;0.0;9.0;1586.7
5;3;83;179.387;0.0;0.0;0.0;179.4;179.4;0.0;9.0;1614.6000000000001
5;3;84;160.088;0.0;0.0;0.0;160.1;160.1;0.0;9.0;1440.8999999999999
5;3;85;198.73;0.0;0.0;0.0;198.7;198.7;0.0;9.0;1788.3
5;3;86;122.77799999999999;0.0;0.0;0.0;122.8;122.8;0.0;9.0;1105.2
5;3;87;207.298;0.0;0.0;0.0;207.3;207.3;0.0;9.0;1865.7
5;3;88;210.755;0.0;0.0;0.0;210.8;210.8;0.0;9.0;1897.2
5;3;89;220.613;0.0;0.0;0.0;220.6;220.6;0.0;9.0;1985.3999999999999
5;3;90;229.015;0.0;0.0;0.0;229.0;229.0;0.0;9.0;2061.0
5;3;91;229.89499999999998;0.0;0.0;0.0;229.9;229.9;0.0;9.0;2069.1
5;3;92;145.336;0.0;0.0;0.0;145.3;145.3;0.0;9.0;1307.7
5;3;93;232.614;0.0;0.0;0.0;232.6;232.6;0.0;9.0;2093.4
5;3;94;238.37699999999998;0.0;0.0;0.0;238.4;238.4;0.0;9.0;2145.6
5;3;95;222.961;0.0;0.0;0.0;223.0;223.0;0.0;9.0;2007.0
5;3;96;193.035;0.0;0.0;0.0;193.0;193.0;0.0;9.0;1737.0
5;3;97;198.93900000000002;0.0;0.0;0.0;198.9;198.9;0.0;9.0;1790.1000000000001
5;3;98;196.24200000000002;0.0;0.0;0.0;196.2;196.2;0.0;9.0;1765.8
5;3;99;198.27100000000002;0.0;0.0;0.0;198.3;198.3;0.0;9.0;1784.7
5;3;100;197.02900000000002;0.0;0.0;0.0;197.0;197.0;0.0;9.0;1773.0
5;3;101;194.25300000000001;0.0;0.0;0.0;194.3;194.3;0.0;9.0;1748.7
5;3;102;199.08499999999998;0.0;0.0;0.0;199.1;199.1;0.0;9.0;1791.8999999999999
5;3;103;208.69099999999997;0.0;0.0;0.0;208.7;208.7;0.0;9.0;1878.3
5;3;104;212.327;0.0;0.0;0.0;212.3;212.3;0.0;9.0;1910.7
5;3;105;235.536;0.0;0.0;0.0;235.5;235.5;0.0;9.0;2119.5
5;3;106;233.934;0.0;0.0;0.0;233.9;233.9;0.0;9.0;2105.1
5;3;107;228.536;0.0;0.0;0.0;228.5;228.5;0.0;9.0;2056.5
5;3;108;222.60700000000003;0.0;0.0;0.0;222.6;222.6;0.0;9.0;2003.3999999999999
5;3;109;214.951;0.0;0.0;0.0;215.0;215.0;0.0;9.0;1935.0
5;3;110;229.289;0.0;0.0;0.0;229.3;229.3;0.0;9.0;2063.7000000000003
5;3;111;223.393;0.0;0.0;0.0;223.4;223.4;0.0;9.0;2010.6000000000001
5;3;112;222.992;0.0;0.0;0.0;223.0;223.0;0.0;9.0;2007.0
5;3;113;231.025;0.0;0.0;0.0;231.0;231.0;0.0;9.0;2079.0
5;3;114;239.501;0.0;0.0;0.0;239.5;239.5;0.0;9.0;2155.5
5;3;115;244.343;0.0;0.0;0.0;244.3;244.3;0.0;9.0;2198.7000000000003
5;3;116;219.81799999999998;0.0;0.0;0.0;219.8;219.8;0.0;9.0;1978.2
5;3;117;232.36;0.0;0.0;0.0;232.4;232.4;0.0;9.0;2091.6
5;3;118;239.49400000000003;0.0;0.0;0.0;239.5;239.5;0.0;9.0;2155.5
5;3;119;227.55900000000003;0.0;0.0;0.0;227.6;227.6;0.0;9.0;2048.4
5;3;120;185.616;0.0;0.0;0.0;185.6;185.6;0.0;9.0;1670.3999999999999
5;3;121;190.67999999999998;0.0;0.0;0.0;190.7;190.7;0.0;9.0;1716.3
5;3;122;190.406;0.0;0.0;0.0;190.4;190.4;0.0;9.0;1713.6000000000001
5;3;123;193.741;0.0;0.0;0.0;193.7;193.7;0.0;9.0;1743.3
5;3;124;197.234;0.0;0.0;0.0;197.2;197.2;0.0;9.0;1774.8
5;3;125;200.469;0.0;0.0;0.0;200.5;200.5;0.0;9.0;1804.5
5;3;126;205.591;0.0;0.0;0.0;205.6;205.6;0.0;9.0;1850.3999999999999
5;3;127;229.625;0.0;0.0;0.0;229.6;229.6;0.0;9.0;2066.4
5;3;128;224.643;0.0;0.0;0.0;224.6;224.6;0.0;9.0;2021.3999999999999
5;3;129;231.06600000000003;0.0;0.0;0.0;231.1;231.1;0.0;9.0;2079.9
5;3;130;215.802;0.0;0.0;0.0;215.8;215.8;0.0;9.0;1942.2
5;3;131;218.94299999999998;0.0;0.0;0.0;218.9;218.9;0.0;9.0;1970.1000000000001
5;3;132;209.98600000000002;0.0;0.0;0.0;210.0;210.0;0.0;9.0;1890.0
5;3;133;214.795;0.0;0.0;0.0;214.8;214.8;0.0;9.0;1933.2
5;3;134;212.327;0.0;0.0;0.0;212.3;212.3;0.0;9.0;1910.7
5;3;135;215.824;0.0;0.0;0.0;215.8;215.8;0.0;9.0;1942.2
5;3;136;216.236;0.0;0.0;0.0;216.2;216.2;0.0;9.0;1945.8
5;3;137;238.34099999999998;0.0;0.0;0.0;238.3;238.3;0.0;9.0;2144.7000000000003
5;3;138;251.427;0.0;0.0;0.0;251.4;251.4;0.0;9.0;2262.6
5;3;139;241.92499999999998;0.0;0.0;0.0;241.9;241.9;0.0;9.0;2177.1
5;3;140;250.225;0.0;0.0;0.0;250.2;250.2;0.0;9.0;2251.7999999999997
5;3;141;231.758;0.0;0.0;0.0;231.8;231.8;0.0;9.0;2086.2000000000003
5;3;142;235.38600000000002;0.0;0.0;0.0;235.4;235.4;0.0;9.0;2118.6
5;3;143;231.14100000000002;0.0;0.0;0.0;231.1;231.1;0.0;9.0;2079.9
5;3;144;194.443;0.0;0.0;0.0;194.4;194.4;0.0;9.0;1749.6000000000001
5;3;145;203.931;0.0;0.0;0.0;203.9;203.9;0.0;9.0;1835.1000000000001
5;3;146;197.666;0.0;0.0;0.0;197.7;197.7;0.0;9.0;1779.3
5;3;147;201.07799999999997;0.0;0.0;0.0;201.1;201.1;0.0;9.0;1809.8999999999999
5;3;148;198.683;0.0;0.0;0.0;198.7;198.7;0.0;9.0;1788.3
5;3;149;200.106;0.0;0.0;0.0;200.1;200.1;0.0;9.0;1800.8999999999999
5;3;150;204.54000000000002;0.0;0.0;0.0;204.5;204.5;0.0;9.0;1840.5
5;3;151;211.41400000000002;0.0;0.0;0.0;211.4;211.4;0.0;9.0;1902.6000000000001
5;3;152;234.22699999999998;0.0;0.0;0.0;234.2;234.2;0.0;9.0;2107.7999999999997
5;3;153;225.115;0.0;0.0;0.0;225.1;225.1;0.0;9.0;2025.8999999999999
5;3;154;200.672;0.0;0.0;0.0;200.7;200.7;0.0;9.0;1806.3
5;3;155;182.554;0.0;0.0;0.0;182.6;182.6;0.0;9.0;1643.3999999999999
5;3;156;190.45299999999997;0.0;0.0;0.0;190.5;190.5;0.0;9.0;1714.5
5;3;157;199.482;0.0;0.0;0.0;199.5;199.5;0.0;9.0;1795.5
5;3;158;151.43099999999998;0.0;0.0;0.0;151.4;151.4;0.0;9.0;1362.6000000000001
5;3;159;178.854;0.0;0.0;0.0;178.9;178.9;0.0;9.0;1610.1000000000001
5;3;160;187.50900000000001;0.0;0.0;0.0;187.5;187.5;0.0;9.0;1687.5
5;3;161;181.037;0.0;0.0;0.0;181.0;181.0;0.0;9.0;1629.0
5;3;162;185.48000000000002;0.0;0.0;0.0;185.5;185.5;0.0;9.0;1669.5
5;3;163;196.833;0.0;0.0;0.0;196.8;196.8;0.0;9.0;1771.2
5;3;164;225.54899999999998;0.0;0.0;0.0;225.5;225.5;0.0;9.0;2029.5
5;3;165;224.63400000000001;0.0;0.0;0.0;224.6;224.6;0.0;9.0;2021.3999999999999
5;3;166;221.481;0.0;0.0;0.0;221.5;221.5;0.0;9.0;1993.5
5;3;167;208.01299999999998;0.0;0.0;0.0;208.0;208.0;0.0;9.0;1872.0
10;0;0;29.881999999999998;0.0;0.0;0.0;29.9;29.9;0.0;10.0;299.0
10;0;1;207.83599999999998;0.0;0.0;0.0;207.8;207.8;0.0;10.0;2078.0
10;0;2;203.5;0.0;0.0;0.0;203.5;203.5;0.0;10.0;2035.0
10;0;3;201.439;0.0;0.0;0.0;201.4;201.4;0.0;10.0;2014.0
10;0;4;204.226;0.0;0.0;0.0;204.2;204.2;0.0;10.0;2042.0
10;0;5;209.04399999999998;0.0;0.0;0.0;209.0;209.0;0.0;10.0;2090.0
10;0;6;212.979;0.0;0.0;0.0;213.0;213.0;0.0;10.0;2130.0
10;0;7;230.301;0.0;0.0;0.0;230.3;230.3;0.0;10.0;2303.0
10;0;8;234.854;0.0;0.0;0.0;234.9;234.9;0.0;10.0;2349.0
10;0;9;242.815;0.0;0.0;0.0;242.8;242.8;0.0;10.0;2428.0
10;0;10;251.73399999999998;0.0;0.0;0.0;251.7;251.7;0.0;10.0;2517.0
10;0;11;230.37;0.0;0.0;0.0;230.4;230.4;0.0;10.0;2304.0
10;0;12;224.613;0.0;0.0;0.0;224.6;224.6;0.0;10.0;2246.0
10;0;13;222.33599999999998;0.0;0.0;0.0;222.3;222.3;0.0;10.0;2223.0
10;0;14;211.876;0.0;0.0;0.0;211.9;211.9;0.0;10.0;2119.0
10;0;15;224.08;0.0;0.0;0.0;224.1;224.1;0.0;10.0;2241.0
10;0;16;225.398;0.0;0.0;0.0;225.4;225.4;0.0;10.0;2254.0
10;0;17;222.17600000000002;0.0;0.0;0.0;222.2;222.2;0.0;10.0;2222.0
10;0;18;224.07;0.0;0.0;0.0;224.1;224.1;0.0;10.0;2241.0
10;0;19;232.923;0.0;0.0;0.0;232.9;232.9;0.0;10.0;2329.0
10;0;20;229.0;0.0;0.0;0.0;229.0;229.0;0.0;10.0;2290.0
10;0;21;237.887;0.0;0.0;0.0;237.9;237.9;0.0;10.0;2379.0
10;0;22;236.93599999999998;0.0;0.0;0.0;236.9;236.9;0.0;10.0;2369.0
10;0;23;221.80900000000003;0.0;0.0;0.0;221.8;221.8;0.0;10.0;2218.0
10;0;24;173.899;0.0;0.0;0.0;173.9;173.9;0.0;10.0;1739.0
10;0;25;180.386;0.0;0.0;0.0;180.4;180.4;0.0;10.0;1804.0
10;0;26;175.823;0.0;0.0;0.0;175.8;175.8;0.0;10.0;1758.0
10;0;27;178.018;0.0;0.0;0.0;178.0;178.0;0.0;10.0;1780.0
10;0;28;174.506;0.0;0.0;0.0;174.5;174.5;0.0;10.0;1745.0
10;0;29;174.12;0.0;0.0;0.0;174.1;174.1;0.0;10.0;1741.0
10;0;30;184.75699999999998;0.0;0.0;0.0;184.8;184.8;0.0;10.0;1848.0
10;0;31;198.294;0.0;0.0;0.0;198.3;198.3;0.0;10.0;1983.0
10;0;32;203.734;0.0;0.0;0.0;203.7;203.7;0.0;10.0;2037.0
10;0;33;196.326;0.0;0.0;0.0;196.3;196.3;0.0;10.0;1963.0
10;0;34;195.04000000000002;0.0;0.0;0.0;195.0;195.0;0.0;10.0;1950.0
10;0;35;182.543;0.0;1.7;0.0;180.8;182.5;0.0;10.0;1825.0
10;0;36;183.41400000000002;0.0;0.0;0.0;183.4;183.4;0.0;10.0;1834.0
10;0;37;167.787;0.0;56.7;0.0;111.1;167.8;0.0;10.0;1678.0
10;0;38;166.61599999999999;0.0;69.2;0.0;97.4;166.6;0.0;10.0;1666.0
10;0;39;189.84799999999998;0.0;38.6;0.0;151.3;189.9;0.0;10.0;1899.0
10;0;40;180.757;0.0;0.0;0.0;180.8;180.8;0.0;10.0;1808.0
10;0;41;232.245;0.0;0.0;0.0;232.2;232.2;0.0;10.0;2322.0
10;0;42;149.26500000000001;0.0;0.0;0.0;149.3;149.3;0.0;10.0;1493.0
10;0;43;194.06400000000002;0.0;0.0;0.0;194.1;194.1;0.0;10.0;1941.0
10;0;44;206.044;0.0;0.0;0.0;206.0;206.0;0.0;10.0;2060.0
10;0;45;243.63299999999998;0.0;0.0;0.0;243.6;243.6;0.0;10.0;2436.0
10;0;46;152.985;0.0;0.0;0.0;153.0;153.0;0.0;10.0;1530.0
10;0;47;187.02700000000002;0.0;0.0;0.0;187.0;187.0;0.0;10.0;1870.0
10;0;48;153.831;0.0;0.0;0.0;153.8;153.8;0.0;10.0;1538.0
10;0;49;158.446;0.0;0.0;0.0;158.4;158.4;0.0;10.0;1584.0
10;0;50;187.59;0.0;0.0;0.0;187.6;187.6;0.0;10.0;1876.0
10;0;51;130.573;0.0;0.0;0.0;130.6;130.6;0.0;10.0;1306.0
10;0;52;161.65800000000002;0.0;0.0;0.0;161.7;161.7;0.0;10.0;1617.0
10;0;53;159.076;0.0;0.0;0.0;159.1;159.1;0.0;10.0;1591.0
10;0;54;158.993;0.0;0.0;0.0;159.0;159.0;0.0;10.0;1590.0
10;0;55;188.587;0.0;0.0;0.0;188.6;188.6;0.0;10.0;1886.0
10;0;56;191.11700000000002;0.0;0.0;0.0;191.1;191.1;0.0;10.0;1911.0
10;0;57;177.668;0.0;0.0;0.0;177.7;177.7;0.0;10.0;1777.0
10;0;58;177.42899999999997;0.0;0.0;0.0;177.4;177.4;0.0;10.0;1774.0
10;0;59;159.44299999999998;0.0;0.0;0.0;159.4;159.4;0.0;10.0;1594.0
10;0;60;143.777;0.0;0.0;0.0;143.8;143.8;0.0;10.0;1438.0
10;0;61;131.246;0.0;0.0;0.0;131.2;131.2;0.0;10.0;1312.0
10;0;62;122.38;0.0;0.0;0.0;122.4;122.4;0.0;10.0;1224.0
10;0;63;191.70100000000002;0.0;0.0;0.0;191.7;191.7;0.0;10.0;1917.0
10;0;64;214.128;0.0;2.9;0.0;211.2;214.1;0.0;10.0;2141.0
10;0;65;43.178;0.0;0.0;0.0;43.2;43.2;0.0;10.0;432.0
10;0;66;129.518;0.0;0.0;0.0;129.5;129.5;0.0;10.0;1295.0
10;0;67;162.008;0.0;0.0;0.0;162.0;162.0;0.0;10.0;1620.0
10;0;68;215.888;0.0;0.0;0.0;215.9;215.9;0.0;10.0;2159.0
10;0;69;235.663;0.0;0.0;0.0;235.7;235.7;0.0;10.0;2357.0
10;0;70;225.543;0.0;0.0;0.0;225.5;225.5;0.0;10.0;2255.0
10;0;71;162.625;0.0;0.0;0.0;162.6;162.6;0.0;10.0;1626.0
10;0;72;78.211;0.0;0.0;0.0;78.2;78.2;0.0;10.0;782.0
10;0;73;185.095;0.0;0.0;0.0;185.1;185.1;0.0;10.0;1851.0
10;0;74;140.20200000000003;0.0;0.0;0.0;140.2;140.2;0.0;10.0;1402.0
10;0;75;146.991;0.0;0.0;0.0;147.0;147.0;0.0;10.0;1470.0
10;0;76;153.412;0.0;0.0;0.0;153.4;153.4;0.0;10.0;1534.0
10;0;77;100.43799999999999;0.0;0.0;0.0;100.4;100.4;0.0;10.0;1004.0
10;0;78;10.221;0.0;0.0;0.0;10.2;10.2;0.0;10.0;102.0
10;0;79;206.454;0.0;0.0;0.0;206.5;206.5;0.0;10.0;2065.0
10;0;80;220.359;0.0;0.0;0.0;220.4;220.4;0.0;10.0;2204.0
10;0;81;201.387;0.0;0.0;0.0;201.4;201.4;0.0;10.0;2014.0
10;0;82;209.27800000000002;0.0;0.0;0.0;209.3;209.3;0.0;10.0;2093.0
10;0;83;188.51600000000002;0.0;0.0;0.0;188.5;188.5;0.0;10.0;1885.0
10;0;84;194.77;0.0;0.0;0.0;194.8;194.8;0.0;10.0;1948.0
10;0;85;171.492;0.0;0.0;0.0;171.5;171.5;0.0;10.0;1715.0
10;0;86;166.266;0.0;0.0;0.0;166.3;166.3;0.0;10.0;1663.0
10;0;87;171.372;0.0;0.0;0.0;171.4;171.4;0.0;10.0;1714.0
10;0;88;172.942;0.0;0.0;0.0;172.9;172.9;0.0;10.0;1729.0
10;0;89;172.416;0.0;0.0;0.0;172.4;172.4;0.0;10.0;1724.0
10;0;90;175.731;0.0;0.0;0.0;175.7;175.7;0.0;10.0;1757.0
10;0;91;173.14;0.0;0.0;0.0;173.1;173.1;0.0;10.0;1731.0
10;0;92;190.267;0.0;0.0;0.0;190.3;190.3;0.0;10.0;1903.0
10;0;93;176.86200000000002;0.0;0.0;0.0;176.9;176.9;0.0;10.0;1769.0
10;0;94;177.63899999999998;0.0;0.0;0.0;177.6;177.6;0.0;10.0;1776.0
10;0;95;157.713;0.0;0.0;0.0;157.7;157.7;0.0;10.0;1577.0
10;0;96;140.412;0.0;0.0;0.0;140.4;140.4;0.0;10.0;1404.0
10;0;97;150.29999999999998;0.0;0.0;0.0;150.3;150.3;0.0;10.0;1503.0
10;0;98;143.16099999999997;0.0;0.0;0.0;143.2;143.2;0.0;10.0;1432.0
10;0;99;141.371;0.0;0.0;0.0;141.4;141.4;0.0;10.0;1414.0
10;0;100;140.881;0.0;0.0;0.0;140.9;140.9;0.0;10.0;1409.0
10;0;101;139.44500000000002;0.0;0.0;0.0;139.4;139.4;0.0;10.0;1394.0
10;0;102;154.744;0.0;0.0;0.0;154.7;154.7;0.0;10.0;1547.0
10;0;103;170.127;0.0;0.0;0.0;170.1;170.1;0.0;10.0;1701.0
10;0;104;175.00300000000001;0.0;0.0;0.0;175.0;175.0;0.0;10.0;1750.0
10;0;105;175.115;0.0;0.0;0.0;175.1;175.1;0.0;10.0;1751.0
10;0;106;187.518;0.0;0.0;0.0;187.5;187.5;0.0;10.0;1875.0
10;0;107;144.372;0.0;0.0;0.0;144.4;144.4;0.0;10.0;1444.0
10;0;108;150.31;0.0;0.0;0.0;150.3;150.3;0.0;10.0;1503.0
10;0;109;144.386;0.0;0.0;0.0;144.4;144.4;0.0;10.0;1444.0
10;0;110;155.202;0.0;0.0;0.0;155.2;155.2;0.0;10.0;1552.0
10;0;111;154.321;0.0;0.0;0.0;154.3;154.3;0.0;10.0;1543.0
10;0;112;163.451;0.0;0.0;0.0;163.5;163.5;0.0;10.0;1635.0
10;0;113;208.898;0.0;0.0;0.0;208.9;208.9;0.0;10.0;2089.0
10;0;114;112.73599999999999;0.0;0.0;0.0;112.7;112.7;0.0;10.0;1127.0
10;0;115;185.41500000000002;0.0;0.0;0.0;185.4;185.4;0.0;10.0;1854.0
10;0;116;172.878;0.0;0.0;0.0;172.9;172.9;0.0;10.0;1729.0
10;0;117;173.846;0.0;0.0;0.0;173.8;173.8;0.0;10.0;1738.0
10;0;118;151.236;0.0;0.0;0.0;151.2;151.2;0.0;10.0;1512.0
10;0;119;136.50300000000001;0.0;0.0;0.0;136.5;136.5;0.0;10.0;1365.0
10;0;120;110.334;0.0;0.0;0.0;110.3;110.3;0.0;10.0;1103.0
10;0;121;111.71600000000001;0.0;0.0;0.0;111.7;111.7;0.0;10.0;1117.0
10;0;122;105.199;0.0;0.0;0.0;105.2;105.2;0.0;10.0;1052.0
10;0;123;99.846;0.0;0.0;0.0;99.8;99.8;0.0;10.0;998.0
10;0;124;99.402;0.0;0.0;0.0;99.4;99.4;0.0;10.0;994.0
10;0;125;100.595;0.0;0.0;0.0;100.6;100.6;0.0;10.0;1006.0
10;0;126;109.61800000000001;0.0;0.0;0.0;109.6;109.6;0.0;10.0;1096.0
10;0;127;120.916;0.0;0.0;0.0;120.9;120.9;0.0;10.0;1209.0
10;0;128;128.308;0.0;0.0;0.0;128.3;128.3;0.0;10.0;1283.0
10;0;129;118.154;0.0;0.0;0.0;118.2;118.2;0.0;10.0;1182.0
10;0;130;184.506;0.0;0.0;0.0;184.5;184.5;0.0;10.0;1845.0
10;0;131;176.45600000000002;0.0;0.0;0.0;176.5;176.5;0.0;10.0;1765.0
10;0;132;32.934;0.0;0.0;0.0;32.9;32.9;0.0;10.0;329.0
10;0;133;30.828;0.0;0.0;0.0;30.8;30.8;0.0;10.0;308.0
10;0;134;184.06;0.0;0.0;0.0;184.1;184.1;0.0;10.0;1841.0
10;0;135;183.625;0.0;0.0;0.0;183.6;183.6;0.0;10.0;1836.0
10;0;136;146.411;0.0;0.0;0.0;146.4;146.4;0.0;10.0;1464.0
10;0;137;129.374;0.0;0.0;0.0;129.4;129.4;0.0;10.0;1294.0
10;0;138;56.458;0.0;0.0;0.0;56.5;56.5;0.0;10.0;565.0
10;0;139;66.343;0.0;0.0;0.0;66.3;66.3;0.0;10.0;663.0
10;0;140;156.085;0.0;0.0;0.0;156.1;156.1;0.0;10.0;1561.0
10;0;141;143.923;0.0;0.0;0.0;143.9;143.9;0.0;10.0;1439.0
10;0;142;136.034;0.0;0.0;0.0;136.0;136.0;0.0;10.0;1360.0
10;0;143;124.61599999999999;0.0;0.0;0.0;124.6;124.6;0.0;10.0;1246.0
10;0;144;103.776;0.0;0.0;0.0;103.8;103.8;0.0;10.0;1038.0
10;0;145;108.381;0.0;0.0;0.0;108.4;108.4;0.0;10.0;1084.0
10;0;146;108.992;0.0;0.0;0.0;109.0;109.0;0.0;10.0;1090.0
10;0;147;109.531;0.0;0.0;0.0;109.5;109.5;0.0;10.0;1095.0
10;0;148;171.796;0.0;0.0;0.0;171.8;171.8;0.0;10.0;1718.0
10;0;149;55.263;0.0;0.0;0.0;55.3;55.3;0.0;10.0;553.0
10;0;150;181.31300000000002;0.0;0.0;0.0;181.3;181.3;0.0;10.0;1813.0
10;0;151;198.322;0.0;0.0;0.0;198.3;198.3;0.0;10.0;1983.0
10;0;152;57.665;0.0;0.0;0.0;57.7;57.7;0.0;10.0;577.0
10;0;153;164.496;0.0;1.6;0.0;162.9;164.5;0.0;10.0;1645.0
10;0;154;172.15300000000002;0.0;30.7;0.0;141.5;172.2;0.0;10.0;1722.0
10;0;155;144.62199999999999;0.0;0.0;0.0;144.6;144.6;0.0;10.0;1446.0
10;0;156;137.971;0.0;26.8;0.0;111.2;138.0;0.0;10.0;1380.0
10;0;157;132.649;0.0;0.0;0.0;132.6;132.6;0.0;10.0;1326.0
10;0;158;119.234;0.0;0.0;0.0;119.2;119.2;0.0;10.0;1192.0
10;0;159;111.863;0.0;0.0;0.0;111.9;111.9;0.0;10.0;1119.0
10;0;160;200.31;0.0;0.0;0.0;200.3;200.3;0.0;10.0;2003.0
10;0;161;65.334;0.0;0.0;0.0;65.3;65.3;0.0;10.0;653.0
10;0;162;214.103;0.0;0.0;0.0;214.1;214.1;0.0;10.0;2141.0
10;0;163;199.531;0.0;0.0;0.0;199.5;199.5;0.0;10.0;1995.0
10;0;164;56.174;0.0;0.0;0.0;56.2;56.2;0.0;10.0;562.0
10;0;165;186.461;0.0;0.0;0.0;186.5;186.5;0.0;10.0;1865.0
10;0;166;231.495;0.0;0.0;0.0;231.5;231.5;0.0;10.0;2315.0
10;0;167;205.916;0.0;0.0;0.0;205.9;205.9;0.0;10.0;2059.0
10;1;0;5.556;0.0;0.0;0.0;5.6;5.6;0.0;22.0;123.19999999999999
10;1;1;7.117;0.0;0.0;0.0;7.1;7.1;0.0;22.0;156.2
10;1;2;7.237;0.0;0.0;0.0;7.2;7.2;0.0;22.0;158.4
10;1;3;7.476;0.0;0.0;0.0;7.5;7.5;0.0;22.0;165.0
10;1;4;9.078;0.0;0.0;0.0;9.1;9.1;0.0;22.0;200.2
10;1;5;10.018;0.0;0.0;0.0;10.0;10.0;0.0;22.0;220.0
10;1;6;15.769;0.0;0.0;0.0;15.8;15.8;0.0;22.0;347.6
10;1;7;19.946;0.0;5.1;0.0;14.8;19.9;0.0;22.0;437.79999999999995
10;1;8;30.779;0.0;30.8;0.0;0.0;30.8;0.0;22.0;677.6
10;1;9;25.437;0.0;25.4;0.0;0.0;25.4;0.0;22.0;558.8
10;1;10;30.081;0.0;30.1;0.0;0.0;30.1;0.0;22.0;662.2
10;1;11;25.809;0.0;25.8;0.0;0.0;25.8;0.0;22.0;567.6
10;1;12;31.581;0.0;31.6;0.0;0.0;31.6;0.0;22.0;695.2
10;1;13;30.316;0.0;30.3;0.0;0.0;30.3;0.0;22.0;666.6
10;1;14;31.062;0.0;31.1;0.0;0.0;31.1;0.0;22.0;684.2
10;1;15;19.449;0.0;19.4;0.0;0.0;19.4;0.0;22.0;426.79999999999995
10;1;16;34.787;0.0;34.8;0.0;0.0;34.8;0.0;22.0;765.5999999999999
10;1;17;46.317;0.0;27.4;0.0;18.9;46.3;0.0;22.0;1018.5999999999999
10;1;18;52.142;0.0;0.0;0.0;52.1;52.1;0.0;22.0;1146.2
10;1;19;47.588;0.0;0.0;0.0;47.6;47.6;0.0;22.0;1047.2
10;1;20;53.727;0.0;0.0;0.0;53.7;53.7;0.0;22.0;1181.4
10;1;21;47.005;0.0;0.0;0.0;47.0;47.0;0.0;22.0;1034.0
10;1;22;52.088;0.0;0.0;0.0;52.1;52.1;0.0;22.0;1146.2
10;1;23;27.652;0.0;0.0;0.0;27.7;27.7;0.0;22.0;609.4
10;1;24;5.537;0.0;0.0;0.0;5.5;5.5;0.0;22.0;121.0
10;1;25;7.472;0.0;0.0;0.0;7.5;7.5;0.0;22.0;165.0
10;1;26;8.633;0.0;0.0;0.0;8.6;8.6;0.0;22.0;189.2
10;1;27;10.279;0.0;0.0;0.0;10.3;10.3;0.0;22.0;226.60000000000002
10;1;28;11.091;0.0;0.0;0.0;11.1;11.1;0.0;22.0;244.2
10;1;29;12.638;0.0;0.0;0.0;12.6;12.6;0.0;22.0;277.2
10;1;30;23.045;0.0;0.0;0.0;23.0;23.0;0.0;22.0;506.0
10;1;31;27.063;0.0;0.0;0.0;27.1;27.1;0.0;22.0;596.2
10;1;32;34.11;0.0;34.1;0.0;0.0;34.1;0.0;22.0;750.2
10;1;33;29.63;0.0;29.6;0.0;0.0;29.6;0.0;22.0;651.2
10;1;34;48.727;0.0;48.7;0.0;0.0;48.7;0.0;22.0;1071.4
10;1;35;29.119;0.0;29.1;0.0;0.0;29.1;0.0;22.0;640.2
10;1;36;41.534;0.0;41.5;0.0;0.0;41.5;0.0;22.0;913.0
10;1;37;33.910000000000004;0.0;33.9;0.0;0.0;33.9;0.0;22.0;745.8
10;1;38;31.32;0.0;31.3;0.0;0.0;31.3;0.0;22.0;688.6
10;1;39;37.032000000000004;0.0;37.0;0.0;0.0;37.0;0.0;22.0;814.0
10;1;40;31.196;0.0;31.2;0.0;0.0;31.2;0.0;22.0;686.4
10;1;41;95.393;0.0;26.6;0.0;68.8;95.4;0.0;22.0;2098.8
10;1;42;39.862;0.0;8.0;0.0;31.8;39.8;0.0;22.0;875.5999999999999
10;1;43;38.274;0.0;0.0;0.0;38.3;38.3;0.0;22.0;842.5999999999999
10;1;44;49.168;0.0;0.0;0.0;49.2;49.2;0.0;22.0;1082.4
10;1;45;68.166;0.0;0.0;0.0;68.2;68.2;0.0;22.0;1500.4
10;1;46;55.194;0.0;0.0;0.0;55.2;55.2;0.0;22.0;1214.4
10;1;47;40.404;0.0;0.0;0.0;40.4;40.4;0.0;22.0;888.8
10;1;48;5.587;0.0;0.0;0.0;5.6;5.6;0.0;22.0;123.19999999999999
10;1;49;8.168;0.0;0.0;0.0;8.2;8.2;0.0;22.0;180.39999999999998
10;1;50;8.398;0.0;0.0;0.0;8.4;8.4;0.0;22.0;184.8
10;1;51;8.393;0.0;0.0;0.0;8.4;8.4;0.0;22.0;184.8
10;1;52;7.837;0.0;0.0;0.0;7.8;7.8;0.0;22.0;171.6
10;1;53;7.614;0.0;0.0;0.0;7.6;7.6;0.0;22.0;167.2
10;1;54;8.712;0.0;0.0;0.0;8.7;8.7;0.0;22.0;191.39999999999998
10;1;55;14.814;0.0;0.0;0.0;14.8;14.8;0.0;22.0;325.6
10;1;56;36.136;0.0;33.5;0.0;2.6;36.1;0.0;22.0;794.2
10;1;57;17.35;0.0;17.4;0.0;0.0;17.4;0.0;22.0;382.79999999999995
10;1;58;41.35;0.0;41.4;0.0;0.0;41.4;0.0;22.0;910.8
10;1;59;34.79;0.0;34.8;0.0;0.0;34.8;0.0;22.0;765.5999999999999
10;1;60;29.814;0.0;29.8;0.0;0.0;29.8;0.0;22.0;655.6
10;1;61;31.384999999999998;0.0;31.4;0.0;0.0;31.4;0.0;22.0;690.8
10;1;62;28.779;0.0;28.8;0.0;0.0;28.8;0.0;22.0;633.6
10;1;63;82.817;0.0;0.0;0.0;82.8;82.8;0.0;22.0;1821.6
10;1;64;29.366;0.0;29.4;0.0;0.0;29.4;0.0;22.0;646.8
10;1;65;38.062;0.0;38.1;0.0;0.0;38.1;0.0;22.0;838.2
10;1;66;46.726;0.0;0.0;0.0;46.7;46.7;0.0;22.0;1027.4
10;1;67;60.323;0.0;0.0;0.0;60.3;60.3;0.0;22.0;1326.6
10;1;68;56.566;0.0;0.0;0.0;56.6;56.6;0.0;22.0;1245.2
10;1;69;42.631;0.0;0.0;0.0;42.6;42.6;0.0;22.0;937.2
10;1;70;56.778;0.0;0.0;0.0;56.8;56.8;0.0;22.0;1249.6
10;1;71;34.101;0.0;0.0;0.0;34.1;34.1;0.0;22.0;750.2
10;1;72;5.584;0.0;0.0;0.0;5.6;5.6;0.0;22.0;123.19999999999999
10;1;73;7.115;0.0;0.0;0.0;7.1;7.1;0.0;22.0;156.2
10;1;74;7.355;0.0;0.0;0.0;7.4;7.4;0.0;22.0;162.8
10;1;75;7.517;0.0;0.0;0.0;7.5;7.5;0.0;22.0;165.0
10;1;76;7.784;0.0;0.0;0.0;7.8;7.8;0.0;22.0;171.6
10;1;77;8.264;0.0;0.0;0.0;8.3;8.3;0.0;22.0;182.60000000000002
10;1;78;10.001;0.0;0.0;0.0;10.0;10.0;0.0;22.0;220.0
10;1;79;10.264;0.0;4.1;0.0;6.2;10.3;0.0;22.0;226.60000000000002
10;1;80;21.506;0.0;21.5;0.0;0.0;21.5;0.0;22.0;473.0
10;1;81;28.447;0.0;28.4;0.0;0.0;28.4;0.0;22.0;624.8
10;1;82;32.467999999999996;0.0;32.5;0.0;0.0;32.5;0.0;22.0;715.0
10;1;83;29.948;0.0;29.9;0.0;0.0;29.9;0.0;22.0;657.8
10;1;84;36.991;0.0;37.0;0.0;0.0;37.0;0.0;22.0;814.0
10;1;85;35.608;0.0;35.6;0.0;0.0;35.6;0.0;22.0;783.2
10;1;86;32.878;0.0;32.9;0.0;0.0;32.9;0.0;22.0;723.8
10;1;87;90.508;0.0;90.5;0.0;0.0;90.5;0.0;22.0;1991.0
10;1;88;36.414;0.0;36.4;0.0;0.0;36.4;0.0;22.0;800.8
10;1;89;44.281;0.0;35.6;0.0;8.7;44.3;0.0;22.0;974.5999999999999
10;1;90;36.865;0.0;9.0;0.0;27.9;36.9;0.0;22.0;811.8
10;1;91;39.171;0.0;0.0;0.0;39.2;39.2;0.0;22.0;862.4000000000001
10;1;92;44.294;0.0;0.0;0.0;44.3;44.3;0.0;22.0;974.5999999999999
10;1;93;52.993;0.0;0.0;0.0;53.0;53.0;0.0;22.0;1166.0
10;1;94;45.558;0.0;0.0;0.0;45.6;45.6;0.0;22.0;1003.2
10;1;95;37.013;0.0;0.0;0.0;37.0;37.0;0.0;22.0;814.0
10;1;96;6.429;0.0;0.0;0.0;6.4;6.4;0.0;22.0;140.8
10;1;97;11.26;0.0;0.0;0.0;11.3;11.3;0.0;22.0;248.60000000000002
10;1;98;8.052;0.0;0.0;0.0;8.1;8.1;0.0;22.0;178.2
10;1;99;7.537;0.0;0.0;0.0;7.5;7.5;0.0;22.0;165.0
10;1;100;11.67;0.0;0.0;0.0;11.7;11.7;0.0;22.0;257.4
10;1;101;7.071;0.0;0.0;0.0;7.1;7.1;0.0;22.0;156.2
10;1;102;7.011;0.0;0.0;0.0;7.0;7.0;0.0;22.0;154.0
10;1;103;19.04;0.0;2.6;0.0;16.5;19.1;0.0;22.0;420.20000000000005
10;1;104;29.159;0.0;26.5;0.0;2.6;29.1;0.0;22.0;640.2
10;1;105;54.485;0.0;35.4;0.0;19.1;54.5;0.0;22.0;1199.0
10;1;106;41.888000000000005;0.0;41.9;0.0;0.0;41.9;0.0;22.0;921.8
10;1;107;43.227;0.0;43.2;0.0;0.0;43.2;0.0;22.0;950.4000000000001
10;1;108;34.438;0.0;34.4;0.0;0.0;34.4;0.0;22.0;756.8
10;1;109;37.695;0.0;37.7;0.0;0.0;37.7;0.0;22.0;829.4000000000001
10;1;110;38.077999999999996;0.0;38.1;0.0;0.0;38.1;0.0;22.0;838.2
10;1;111;34.332;0.0;34.3;0.0;0.0;34.3;0.0;22.0;754.5999999999999
10;1;112;39.846;0.0;39.8;0.0;0.0;39.8;0.0;22.0;875.5999999999999
10;1;113;84.609;0.0;2.8;0.0;81.8;84.6;0.0;22.0;1861.1999999999998
10;1;114;40.143;0.0;5.1;0.0;35.0;40.1;0.0;22.0;882.2
10;1;115;47.535;0.0;0.0;0.0;47.5;47.5;0.0;22.0;1045.0
10;1;116;61.584;0.0;0.0;0.0;61.6;61.6;0.0;22.0;1355.2
10;1;117;56.475;0.0;0.0;0.0;56.5;56.5;0.0;22.0;1243.0
10;1;118;59.879;0.0;0.0;0.0;59.9;59.9;0.0;22.0;1317.8
10;1;119;43.986;0.0;0.0;0.0;44.0;44.0;0.0;22.0;968.0
10;1;120;5.884;0.0;0.0;0.0;5.9;5.9;0.0;22.0;129.8
10;1;121;9.468;0.0;0.0;0.0;9.5;9.5;0.0;22.0;209.0
10;1;122;7.254;0.0;0.0;0.0;7.3;7.3;0.0;22.0;160.6
10;1;123;9.122;0.0;0.0;0.0;9.1;9.1;0.0;22.0;200.2
10;1;124;8.57;0.0;0.0;0.0;8.6;8.6;0.0;22.0;189.2
10;1;125;6.571;0.0;0.0;0.0;6.6;6.6;0.0;22.0;145.2
10;1;126;16.541;0.0;0.0;0.0;16.5;16.5;0.0;22.0;363.0
10;1;127;33.247;0.0;0.0;0.0;33.2;33.2;0.0;22.0;730.4000000000001
10;1;128;32.813;0.0;32.8;0.0;0.0;32.8;0.0;22.0;721.5999999999999
10;1;129;33.515;0.0;33.5;0.0;0.0;33.5;0.0;22.0;737.0
10;1;130;26.73;0.0;26.7;0.0;0.0;26.7;0.0;22.0;587.4
10;1;131;37.188;0.0;37.2;0.0;0.0;37.2;0.0;22.0;818.4000000000001
10;1;132;34.842;0.0;34.8;0.0;0.0;34.8;0.0;22.0;765.5999999999999
10;1;133;34.758;0.0;34.8;0.0;0.0;34.8;0.0;22.0;765.5999999999999
10;1;134;29.075999999999997;0.0;29.1;0.0;0.0;29.1;0.0;22.0;640.2
10;1;135;30.741;0.0;30.7;0.0;0.0;30.7;0.0;22.0;675.4
10;1;136;61.224999999999994;0.0;61.2;0.0;0.0;61.2;0.0;22.0;1346.4
10;1;137;75.30000000000001;0.0;24.6;0.0;50.7;75.3;0.0;22.0;1656.6
10;1;138;54.516;0.0;3.3;0.0;51.2;54.5;0.0;22.0;1199.0
10;1;139;59.02;0.0;0.0;0.0;59.0;59.0;0.0;22.0;1298.0
10;1;140;56.771;0.0;0.0;0.0;56.8;56.8;0.0;22.0;1249.6
10;1;141;49.109;0.0;0.0;0.0;49.1;49.1;0.0;22.0;1080.2
10;1;142;69.681;0.0;0.0;0.0;69.7;69.7;0.0;22.0;1533.4
10;1;143;40.935;0.0;0.0;0.0;40.9;40.9;0.0;22.0;899.8
10;1;144;5.524;0.0;0.0;0.0;5.5;5.5;0.0;22.0;121.0
10;1;145;10.374;0.0;0.0;0.0;10.4;10.4;0.0;22.0;228.8
10;1;146;7.616;0.0;0.0;0.0;7.6;7.6;0.0;22.0;167.2
10;1;147;8.356;0.0;0.0;0.0;8.4;8.4;0.0;22.0;184.8
10;1;148;7.122;0.0;0.0;0.0;7.1;7.1;0.0;22.0;156.2
10;1;149;8.113;0.0;0.0;0.0;8.1;8.1;0.0;22.0;178.2
10;1;150;9.078;0.0;0.0;0.0;9.1;9.1;0.0;22.0;200.2
10;1;151;22.761;0.0;0.0;0.0;22.8;22.8;0.0;22.0;501.6
10;1;152;27.679;0.0;27.7;0.0;0.0;27.7;0.0;22.0;609.4
10;1;153;33.87;0.0;33.9;0.0;0.0;33.9;0.0;22.0;745.8
10;1;154;29.101;0.0;29.1;0.0;0.0;29.1;0.0;22.0;640.2
10;1;155;28.232;0.0;28.2;0.0;0.0;28.2;0.0;22.0;620.4
10;1;156;33.565000000000005;0.0;33.6;0.0;0.0;33.6;0.0;22.0;739.2
10;1;157;27.854;0.0;27.9;0.0;0.0;27.9;0.0;22.0;613.8
10;1;158;42.129999999999995;0.0;42.1;0.0;0.0;42.1;0.0;22.0;926.2
10;1;159;124.646;0.0;92.2;0.0;32.4;124.6;0.0;22.0;2741.2
10;1;160;35.677;0.0;35.7;0.0;0.0;35.7;0.0;22.0;785.4000000000001
10;1;161;62.336000000000006;0.0;36.2;0.0;26.1;62.3;0.0;22.0;1370.6
10;1;162;52.467;0.0;13.3;0.0;39.1;52.4;0.0;22.0;1152.8
10;1;163;40.077;0.0;0.0;0.0;40.1;40.1;0.0;22.0;882.2
10;1;164;56.85;0.0;0.0;0.0;56.9;56.9;0.0;22.0;1251.8
10;1;165;58.103;0.0;0.0;0.0;58.1;58.1;0.0;22.0;1278.2
10;1;166;54.126;0.0;0.0;0.0;54.1;54.1;0.0;22.0;1190.2
10;1;167;52.475;0.0;0.0;0.0;52.5;52.5;0.0;22.0;1155.0
10;2;0;5.806;0.0;0.0;0.0;5.8;5.8;0.0;11.0;63.8
10;2;1;9.661;0.0;0.0;0.0;9.7;9.7;0.0;11.0;106.69999999999999
10;2;2;151.64399999999998;0.0;0.0;0.0;151.6;151.6;0.0;11.0;1667.6
10;2;3;8.566;0.0;0.0;0.0;8.6;8.6;0.0;11.0;94.6
10;2;4;41.914;0.0;0.0;0.0;41.9;41.9;0.0;11.0;460.9
10;2;5;156.623;0.0;0.0;0.0;156.6;156.6;0.0;11.0;1722.6
10;2;6;14.196;0.0;0.0;0.0;14.2;14.2;0.0;11.0;156.2
10;2;7;47.479;0.0;0.0;0.0;47.5;47.5;0.0;11.0;522.5
10;2;8;36.299;0.0;4.9;0.0;31.4;36.3;0.0;11.0;399.29999999999995
10;2;9;91.70100000000001;0.0;75.0;0.0;16.7;91.7;0.0;11.0;1008.7
10;2;10;96.084;0.0;96.1;0.0;0.0;96.1;0.0;11.0;1057.1
10;2;11;84.793;0.0;84.8;0.0;0.0;84.8;0.0;11.0;932.8
10;2;12;73.805;0.0;73.8;0.0;0.0;73.8;0.0;11.0;811.8
10;2;13;66.101;0.0;66.1;0.0;0.0;66.1;0.0;11.0;727.0999999999999
10;2;14;53.41;0.0;40.4;0.0;13.0;53.4;0.0;11.0;587.4
10;2;15;94.327;0.0;16.5;0.0;77.8;94.3;0.0;11.0;1037.3
10;2;16;195.83;0.0;16.1;0.0;179.7;195.8;0.0;11.0;2153.8
10;2;17;63.848;0.0;0.0;0.0;63.8;63.8;0.0;11.0;701.8
10;2;18;48.618;0.0;0.0;0.0;48.6;48.6;0.0;11.0;534.6
10;2;19;133.5;0.0;0.0;0.0;133.5;133.5;0.0;11.0;1468.5
10;2;20;98.19900000000001;0.0;0.0;0.0;98.2;98.2;0.0;11.0;1080.2
10;2;21;50.533;0.0;0.0;0.0;50.5;50.5;0.0;11.0;555.5
10;2;22;183.763;0.0;0.0;0.0;183.8;183.8;0.0;11.0;2021.8000000000002
10;2;23;65.464;0.0;0.0;0.0;65.5;65.5;0.0;11.0;720.5
10;2;24;5.854;0.0;0.0;0.0;5.9;5.9;0.0;11.0;64.9
10;2;25;7.817;0.0;0.0;0.0;7.8;7.8;0.0;11.0;85.8
10;2;26;171.11;0.0;0.0;0.0;171.1;171.1;0.0;11.0;1882.1
10;2;27;9.406;0.0;0.0;0.0;9.4;9.4;0.0;11.0;103.4
10;2;28;172.393;0.0;0.0;0.0;172.4;172.4;0.0;11.0;1896.4
10;2;29;30.89;0.0;0.0;0.0;30.9;30.9;0.0;11.0;339.9
10;2;30;124.176;0.0;0.0;0.0;124.2;124.2;0.0;11.0;1366.2
10;2;31;137.788;0.0;0.0;0.0;137.8;137.8;0.0;11.0;1515.8000000000002
10;2;32;146.007;0.0;11.7;0.0;134.3;146.0;0.0;11.0;1606.0
10;2;33;137.93;0.0;68.8;0.0;69.1;137.9;0.0;11.0;1516.9
10;2;34;127.487;0.0;127.5;0.0;0.0;127.5;0.0;11.0;1402.5
10;2;35;100.58;0.0;100.6;0.0;0.0;100.6;0.0;11.0;1106.6
10;2;36;94.344;0.0;94.3;0.0;0.0;94.3;0.0;11.0;1037.3
10;2;37;66.356;0.0;66.4;0.0;0.0;66.4;0.0;11.0;730.4000000000001
10;2;38;64.65899999999999;0.0;64.7;0.0;0.0;64.7;0.0;11.0;711.7
10;2;39;58.70100000000001;0.0;58.7;0.0;0.0;58.7;0.0;11.0;645.7
10;2;40;162.85399999999998;0.0;15.5;0.0;147.3;162.8;0.0;11.0;1790.8000000000002
10;2;41;109.288;0.0;0.0;0.0;109.3;109.3;0.0;11.0;1202.3
10;2;42;80.211;0.0;0.0;0.0;80.2;80.2;0.0;11.0;882.2
10;2;43;90.047;0.0;0.0;0.0;90.0;90.0;0.0;11.0;990.0
10;2;44;107.991;0.0;0.0;0.0;108.0;108.0;0.0;11.0;1188.0
10;2;45;85.74600000000001;0.0;0.0;0.0;85.7;85.7;0.0;11.0;942.7
10;2;46;54.373;0.0;0.0;0.0;54.4;54.4;0.0;11.0;598.4
10;2;47;31.334;0.0;0.0;0.0;31.3;31.3;0.0;11.0;344.3
10;2;48;5.902;0.0;0.0;0.0;5.9;5.9;0.0;11.0;64.9
10;2;49;10.52;0.0;0.0;0.0;10.5;10.5;0.0;11.0;115.5
10;2;50;52.977;0.0;0.0;0.0;53.0;53.0;0.0;11.0;583.0
10;2;51;56.208999999999996;0.0;0.0;0.0;56.2;56.2;0.0;11.0;618.2
10;2;52;56.477000000000004;0.0;0.0;0.0;56.5;56.5;0.0;11.0;621.5
10;2;53;60.698;0.0;0.0;0.0;60.7;60.7;0.0;11.0;667.7
10;2;54;61.894999999999996;0.0;0.0;0.0;61.9;61.9;0.0;11.0;680.9
10;2;55;79.237;0.0;0.0;0.0;79.2;79.2;0.0;11.0;871.2
10;2;56;107.0;0.0;0.0;0.0;107.0;107.0;0.0;11.0;1177.0
10;2;57;83.30799999999999;0.0;0.0;0.0;83.3;83.3;0.0;11.0;916.3
10;2;58;70.018;0.0;0.0;0.0;70.0;70.0;0.0;11.0;770.0
10;2;59;69.862;0.0;0.0;0.0;69.9;69.9;0.0;11.0;768.9000000000001
10;2;60;49.512;0.0;0.0;0.0;49.5;49.5;0.0;11.0;544.5
10;2;61;50.282;0.0;0.0;0.0;50.3;50.3;0.0;11.0;553.3
10;2;62;51.129999999999995;0.0;0.0;0.0;51.1;51.1;0.0;11.0;562.1
10;2;63;58.772999999999996;0.0;0.0;0.0;58.8;58.8;0.0;11.0;646.8
10;2;64;101.701;0.0;0.0;0.0;101.7;101.7;0.0;11.0;1118.7
10;2;65;179.03500000000003;0.0;0.0;0.0;179.0;179.0;0.0;11.0;1969.0
10;2;66;43.641;0.0;0.0;0.0;43.6;43.6;0.0;11.0;479.6
10;2;67;91.346;0.0;0.0;0.0;91.3;91.3;0.0;11.0;1004.3
10;2;68;53.821;0.0;0.0;0.0;53.8;53.8;0.0;11.0;591.8
10;2;69;61.468;0.0;0.0;0.0;61.5;61.5;0.0;11.0;676.5
10;2;70;49.145;0.0;0.0;0.0;49.1;49.1;0.0;11.0;540.1
10;2;71;50.233;0.0;0.0;0.0;50.2;50.2;0.0;11.0;552.2
10;2;72;5.761;0.0;0.0;0.0;5.8;5.8;0.0;11.0;63.8
10;2;73;50.804;0.0;0.0;0.0;50.8;50.8;0.0;11.0;558.8
10;2;74;47.524;0.0;0.0;0.0;47.5;47.5;0.0;11.0;522.5
10;2;75;48.771;0.0;0.0;0.0;48.8;48.8;0.0;11.0;536.8
10;2;76;49.989;0.0;0.0;0.0;50.0;50.0;0.0;11.0;550.0
10;2;77;50.739000000000004;0.0;0.0;0.0;50.7;50.7;0.0;11.0;557.7
10;2;78;57.205999999999996;0.0;0.0;0.0;57.2;57.2;0.0;11.0;629.2
10;2;79;73.123;0.0;0.0;0.0;73.1;73.1;0.0;11.0;804.0999999999999
10;2;80;93.92599999999999;0.0;0.0;0.0;93.9;93.9;0.0;11.0;1032.9
10;2;81;78.15100000000001;0.0;4.6;0.0;73.5;78.1;0.0;11.0;859.0999999999999
10;2;82;71.84;0.0;0.0;0.0;71.8;71.8;0.0;11.0;789.8
10;2;83;60.675;0.0;23.2;0.0;37.5;60.7;0.0;11.0;667.7
10;2;84;66.43;0.0;66.4;0.0;0.0;66.4;0.0;11.0;730.4000000000001
10;2;85;55.687999999999995;0.0;37.6;0.0;18.1;55.7;0.0;11.0;612.7
10;2;86;171.249;0.0;0.0;0.0;171.2;171.2;0.0;11.0;1883.1999999999998
10;2;87;103.797;0.0;0.0;0.0;103.8;103.8;0.0;11.0;1141.8
10;2;88;43.859;0.0;0.0;0.0;43.9;43.9;0.0;11.0;482.9
10;2;89;48.915;0.0;0.0;0.0;48.9;48.9;0.0;11.0;537.9
10;2;90;40.415;0.0;0.0;0.0;40.4;40.4;0.0;11.0;444.4
10;2;91;55.956;0.0;0.0;0.0;56.0;56.0;0.0;11.0;616.0
10;2;92;189.30200000000002;0.0;0.0;0.0;189.3;189.3;0.0;11.0;2082.3
10;2;93;86.42;0.0;0.0;0.0;86.4;86.4;0.0;11.0;950.4000000000001
10;2;94;41.739;0.0;0.0;0.0;41.7;41.7;0.0;11.0;458.70000000000005
10;2;95;74.48400000000001;0.0;0.0;0.0;74.5;74.5;0.0;11.0;819.5
10;2;96;5.457;0.0;0.0;0.0;5.5;5.5;0.0;11.0;60.5
10;2;97;9.357;0.0;0.0;0.0;9.4;9.4;0.0;11.0;103.4
10;2;98;72.13000000000001;0.0;0.0;0.0;72.1;72.1;0.0;11.0;793.0999999999999
10;2;99;158.55599999999998;0.0;0.0;0.0;158.6;158.6;0.0;11.0;1744.6
10;2;100;67.914;0.0;0.0;0.0;67.9;67.9;0.0;11.0;746.9000000000001
10;2;101;7.209;0.0;0.0;0.0;7.2;7.2;0.0;11.0;79.2
10;2;102;93.155;0.0;0.0;0.0;93.2;93.2;0.0;11.0;1025.2
10;2;103;106.007;0.0;0.0;0.0;106.0;106.0;0.0;11.0;1166.0
10;2;104;118.174;0.0;1.6;0.0;116.6;118.2;0.0;11.0;1300.2
10;2;105;124.69899999999998;0.0;62.1;0.0;62.6;124.7;0.0;11.0;1371.7
10;2;106;112.376;0.0;52.4;0.0;60.0;112.4;0.0;11.0;1236.4
10;2;107;111.643;0.0;17.0;0.0;94.6;111.6;0.0;11.0;1227.6
10;2;108;94.17;0.0;50.3;0.0;43.9;94.2;0.0;11.0;1036.2
10;2;109;134.174;0.0;40.8;0.0;93.4;134.2;0.0;11.0;1476.1999999999998
10;2;110;44.449;0.0;35.6;0.0;8.9;44.5;0.0;11.0;489.5
10;2;111;97.269;0.0;0.0;0.0;97.3;97.3;0.0;11.0;1070.3
10;2;112;94.122;0.0;0.0;0.0;94.1;94.1;0.0;11.0;1035.1
10;2;113;95.925;0.0;0.0;0.0;95.9;95.9;0.0;11.0;1054.9
10;2;114;106.652;0.0;0.0;0.0;106.7;106.7;0.0;11.0;1173.7
10;2;115;120.149;0.0;0.0;0.0;120.1;120.1;0.0;11.0;1321.1
10;2;116;112.57300000000001;0.0;0.0;0.0;112.6;112.6;0.0;11.0;1238.6
10;2;117;103.939;0.0;0.0;0.0;103.9;103.9;0.0;11.0;1142.9
10;2;118;115.298;0.0;0.0;0.0;115.3;115.3;0.0;11.0;1268.3
10;2;119;184.817;0.0;0.0;0.0;184.8;184.8;0.0;11.0;2032.8000000000002
10;2;120;5.794;0.0;0.0;0.0;5.8;5.8;0.0;11.0;63.8
10;2;121;147.12800000000001;0.0;0.0;0.0;147.1;147.1;0.0;11.0;1618.1
10;2;122;8.998;0.0;0.0;0.0;9.0;9.0;0.0;11.0;99.0
10;2;123;95.714;0.0;0.0;0.0;95.7;95.7;0.0;11.0;1052.7
10;2;124;91.722;0.0;0.0;0.0;91.7;91.7;0.0;11.0;1008.7
10;2;125;92.36999999999999;0.0;0.0;0.0;92.4;92.4;0.0;11.0;1016.4000000000001
10;2;126;106.447;0.0;0.0;0.0;106.4;106.4;0.0;11.0;1170.4
10;2;127;113.563;0.0;0.0;0.0;113.6;113.6;0.0;11.0;1249.6
10;2;128;120.985;0.0;0.0;0.0;121.0;121.0;0.0;11.0;1331.0
10;2;129;115.218;0.0;0.0;0.0;115.2;115.2;0.0;11.0;1267.2
10;2;130;113.49099999999999;0.0;0.0;0.0;113.5;113.5;0.0;11.0;1248.5
10;2;131;96.279;0.0;0.0;0.0;96.3;96.3;0.0;11.0;1059.3
10;2;132;86.463;0.0;20.7;0.0;65.8;86.5;0.0;11.0;951.5
10;2;133;81.087;0.0;41.2;0.0;39.9;81.1;0.0;11.0;892.0999999999999
10;2;134;164.86499999999998;0.0;0.0;0.0;164.9;164.9;0.0;11.0;1813.9
10;2;135;152.448;0.0;0.0;0.0;152.4;152.4;0.0;11.0;1676.4
10;2;136;39.555;0.0;0.0;0.0;39.6;39.6;0.0;11.0;435.6
10;2;137;59.133;0.0;0.0;0.0;59.1;59.1;0.0;11.0;650.1
10;2;138;54.216;0.0;0.0;0.0;54.2;54.2;0.0;11.0;596.2
10;2;139;204.096;0.0;0.0;0.0;204.1;204.1;0.0;11.0;2245.1
10;2;140;69.431;0.0;0.0;0.0;69.4;69.4;0.0;11.0;763.4000000000001
10;2;141;47.593;0.0;0.0;0.0;47.6;47.6;0.0;11.0;523.6
10;2;142;192.613;0.0;0.0;0.0;192.6;192.6;0.0;11.0;2118.6
10;2;143;31.621;0.0;0.0;0.0;31.6;31.6;0.0;11.0;347.6
10;2;144;79.269;0.0;0.0;0.0;79.3;79.3;0.0;11.0;872.3
10;2;145;82.06299999999999;0.0;0.0;0.0;82.1;82.1;0.0;11.0;903.0999999999999
10;2;146;85.093;0.0;0.0;0.0;85.1;85.1;0.0;11.0;936.0999999999999
10;2;147;87.039;0.0;0.0;0.0;87.0;87.0;0.0;11.0;957.0
10;2;148;90.75;0.0;0.0;0.0;90.8;90.8;0.0;11.0;998.8
10;2;149;89.45100000000001;0.0;0.0;0.0;89.5;89.5;0.0;11.0;984.5
10;2;150;108.517;0.0;0.0;0.0;108.5;108.5;0.0;11.0;1193.5
10;2;151;122.415;0.0;0.0;0.0;122.4;122.4;0.0;11.0;1346.4
10;2;152;117.12799999999999;0.0;0.0;0.0;117.1;117.1;0.0;11.0;1288.1
10;2;153;120.584;0.0;0.0;0.0;120.6;120.6;0.0;11.0;1326.6
10;2;154;119.74700000000001;0.0;0.0;0.0;119.7;119.7;0.0;11.0;1316.7
10;2;155;102.063;0.0;0.0;0.0;102.1;102.1;0.0;11.0;1123.1
10;2;156;95.172;0.0;0.0;0.0;95.2;95.2;0.0;11.0;1047.2
10;2;157;88.033;0.0;0.0;0.0;88.0;88.0;0.0;11.0;968.0
10;2;158;70.983;0.0;0.0;0.0;71.0;71.0;0.0;11.0;781.0
10;2;159;70.334;0.0;0.0;0.0;70.3;70.3;0.0;11.0;773.3
10;2;160;77.372;0.0;0.0;0.0;77.4;77.4;0.0;11.0;851.4000000000001
10;2;161;97.487;0.0;0.0;0.0;97.5;97.5;0.0;11.0;1072.5
10;2;162;99.40299999999999;0.0;0.0;0.0;99.4;99.4;0.0;11.0;1093.4
10;2;163;105.042;0.0;0.0;0.0;105.0;105.0;0.0;11.0;1155.0
10;2;164;104.384;0.0;0.0;0.0;104.4;104.4;0.0;11.0;1148.4
10;2;165;101.30799999999999;0.0;0.0;0.0;101.3;101.3;0.0;11.0;1114.3
10;2;166;114.35;0.0;0.0;0.0;114.3;114.3;0.0;11.0;1257.3
10;2;167;177.01999999999998;0.0;0.0;0.0;177.0;177.0;0.0;11.0;1947.0
10;3;0;14.855;0.0;0.0;0.0;14.9;14.9;0.0;9.0;134.1
10;3;1;176.72;0.0;0.0;0.0;176.7;176.7;0.0;9.0;1590.3
10;3;2;173.953;0.0;0.0;0.0;174.0;174.0;0.0;9.0;1566.0
10;3;3;176.483;0.0;0.0;0.0;176.5;176.5;0.0;9.0;1588.5
10;3;4;194.894;0.0;0.0;0.0;194.9;194.9;0.0;9.0;1754.1000000000001
10;3;5;169.488;0.0;0.0;0.0;169.5;169.5;0.0;9.0;1525.5
10;3;6;205.364;0.0;0.0;0.0;205.4;205.4;0.0;9.0;1848.6000000000001
10;3;7;218.142;0.0;0.0;0.0;218.1;218.1;0.0;9.0;1962.8999999999999
10;3;8;223.687;0.0;0.0;0.0;223.7;223.7;0.0;9.0;2013.3
10;3;9;208.261;0.0;0.0;0.0;208.3;208.3;0.0;9.0;1874.7
10;3;10;200.935;0.0;0.0;0.0;200.9;200.9;0.0;9.0;1808.1000000000001
10;3;11;190.322;0.0;0.0;0.0;190.3;190.3;0.0;9.0;1712.7
10;3;12;185.839;0.0;0.0;0.0;185.8;185.8;0.0;9.0;1672.2
10;3;13;167.11100000000002;0.0;35.3;0.0;131.8;167.1;0.0;9.0;1503.8999999999999
10;3;14;207.429;0.0;32.7;0.0;174.8;207.5;0.0;9.0;1867.5
10;3;15;202.75600000000003;0.0;0.0;0.0;202.8;202.8;0.0;9.0;1825.2
10;3;16;208.497;0.0;0.0;0.0;208.5;208.5;0.0;9.0;1876.5
10;3;17;158.89600000000002;0.0;0.0;0.0;158.9;158.9;0.0;9.0;1430.1000000000001
10;3;18;232.964;0.0;0.0;0.0;233.0;233.0;0.0;9.0;2097.0
10;3;19;56.088;0.0;0.0;0.0;56.1;56.1;0.0;9.0;504.90000000000003
10;3;20;131.63400000000001;0.0;0.0;0.0;131.6;131.6;0.0;9.0;1184.3999999999999
10;3;21;190.089;0.0;0.0;0.0;190.1;190.1;0.0;9.0;1710.8999999999999
10;3;22;236.808;0.0;0.0;0.0;236.8;236.8;0.0;9.0;2131.2000000000003
10;3;23;207.844;0.0;0.0;0.0;207.8;207.8;0.0;9.0;1870.2
10;3;24;192.857;0.0;0.0;0.0;192.9;192.9;0.0;9.0;1736.1000000000001
10;3;25;71.461;0.0;0.0;0.0;71.5;71.5;0.0;9.0;643.5
10;3;26;177.40599999999998;0.0;0.0;0.0;177.4;177.4;0.0;9.0;1596.6000000000001
10;3;27;182.677;0.0;0.0;0.0;182.7;182.7;0.0;9.0;1644.3
10;3;28;183.763;0.0;0.0;0.0;183.8;183.8;0.0;9.0;1654.2
10;3;29;188.625;0.0;0.0;0.0;188.6;188.6;0.0;9.0;1697.3999999999999
10;3;30;199.173;0.0;0.0;0.0;199.2;199.2;0.0;9.0;1792.8
10;3;31;232.82399999999998;0.0;0.0;0.0;232.8;232.8;0.0;9.0;2095.2000000000003
10;3;32;224.506;0.0;0.0;0.0;224.5;224.5;0.0;9.0;2020.5
10;3;33;210.201;0.0;0.0;0.0;210.2;210.2;0.0;9.0;1891.8
10;3;34;196.64000000000001;0.0;0.0;0.0;196.6;196.6;0.0;9.0;1769.3999999999999
10;3;35;196.702;0.0;0.0;0.0;196.7;196.7;0.0;9.0;1770.3
10;3;36;193.595;0.0;0.0;0.0;193.6;193.6;0.0;9.0;1742.3999999999999
10;3;37;180.948;0.0;0.0;0.0;180.9;180.9;0.0;9.0;1628.1000000000001
10;3;38;176.34699999999998;0.0;0.0;0.0;176.3;176.3;0.0;9.0;1586.7
10;3;39;193.745;0.0;0.0;0.0;193.7;193.7;0.0;9.0;1743.3
10;3;40;191.16;0.0;0.0;0.0;191.2;191.2;0.0;9.0;1720.8
10;3;41;222.19600000000003;0.0;0.0;0.0;222.2;222.2;0.0;9.0;1999.8
10;3;42;223.989;0.0;0.0;0.0;224.0;224.0;0.0;9.0;2016.0
10;3;43;227.738;0.0;0.0;0.0;227.7;227.7;0.0;9.0;2049.2999999999997
10;3;44;226.37599999999998;0.0;0.0;0.0;226.4;226.4;0.0;9.0;2037.6000000000001
10;3;45;211.76500000000001;0.0;0.0;0.0;211.8;211.8;0.0;9.0;1906.2
10;3;46;192.537;0.0;0.0;0.0;192.5;192.5;0.0;9.0;1732.5
10;3;47;190.324;0.0;0.0;0.0;190.3;190.3;0.0;9.0;1712.7
10;3;48;135.899;0.0;0.0;0.0;135.9;135.9;0.0;9.0;1223.1000000000001
10;3;49;132.941;0.0;0.0;0.0;132.9;132.9;0.0;9.0;1196.1000000000001
10;3;50;126.88399999999999;0.0;0.0;0.0;126.9;126.9;0.0;9.0;1142.1000000000001
10;3;51;122.847;0.0;0.0;0.0;122.8;122.8;0.0;9.0;1105.2
10;3;52;121.467;0.0;0.0;0.0;121.5;121.5;0.0;9.0;1093.5
10;3;53;121.695;0.0;0.0;0.0;121.7;121.7;0.0;9.0;1095.3
10;3;54;124.25;0.0;0.0;0.0;124.2;124.2;0.0;9.0;1117.8
10;3;55;158.31;0.0;0.0;0.0;158.3;158.3;0.0;9.0;1424.7
10;3;56;179.11399999999998;0.0;0.0;0.0;179.1;179.1;0.0;9.0;1611.8999999999999
10;3;57;147.741;0.0;0.0;0.0;147.7;147.7;0.0;9.0;1329.3
10;3;58;149.942;0.0;0.0;0.0;149.9;149.9;0.0;9.0;1349.1000000000001
10;3;59;144.914;0.0;0.0;0.0;144.9;144.9;0.0;9.0;1304.1000000000001
10;3;60;133.289;0.0;0.0;0.0;133.3;133.3;0.0;9.0;1199.7
10;3;61;131.194;0.0;0.0;0.0;131.2;131.2;0.0;9.0;1180.8
10;3;62;123.73899999999999;0.0;0.0;0.0;123.7;123.7;0.0;9.0;1113.3
10;3;63;125.19300000000001;0.0;0.0;0.0;125.2;125.2;0.0;9.0;1126.8
10;3;64;145.9;0.0;0.0;0.0;145.9;145.9;0.0;9.0;1313.1000000000001
10;3;65;217.155;0.0;0.0;0.0;217.2;217.2;0.0;9.0;1954.8
10;3;66;217.737;0.0;0.0;0.0;217.7;217.7;0.0;9.0;1959.3
10;3;67;205.643;0.0;0.0;0.0;205.6;205.6;0.0;9.0;1850.3999999999999
10;3;68;171.06;0.0;0.0;0.0;171.1;171.1;0.0;9.0;1539.8999999999999
10;3;69;56.365;0.0;0.0;0.0;56.4;56.4;0.0;9.0;507.59999999999997
10;3;70;66.656;0.0;0.0;0.0;66.7;66.7;0.0;9.0;600.3000000000001
10;3;71;146.098;0.0;0.0;0.0;146.1;146.1;0.0;9.0;1314.8999999999999
10;3;72;118.408;0.0;0.0;0.0;118.4;118.4;0.0;9.0;1065.6000000000001
10;3;73;123.324;0.0;0.0;0.0;123.3;123.3;0.0;9.0;1109.7
10;3;74;123.655;0.0;0.0;0.0;123.7;123.7;0.0;9.0;1113.3
10;3;75;127.309;0.0;0.0;0.0;127.3;127.3;0.0;9.0;1145.7
10;3;76;127.134;0.0;0.0;0.0;127.1;127.1;0.0;9.0;1143.8999999999999
10;3;77;127.67;0.0;0.0;0.0;127.7;127.7;0.0;9.0;1149.3
10;3;78;179.09799999999998;0.0;0.0;0.0;179.1;179.1;0.0;9.0;1611.8999999999999
10;3;79;105.73599999999999;0.0;0.0;0.0;105.7;105.7;0.0;9.0;951.3000000000001
10;3;80;167.433;0.0;0.0;0.0;167.4;167.4;0.0;9.0;1506.6000000000001
10;3;81;167.146;0.0;0.0;0.0;167.1;167.1;0.0;9.0;1503.8999999999999
10;3;82;164.917;0.0;0.0;0.0;164.9;164.9;0.0;9.0;1484.1000000000001
10;3;83;168.059;0.0;0.0;0.0;168.1;168.1;0.0;9.0;1512.8999999999999
10;3;84;149.122;0.0;0.0;0.0;149.1;149.1;0.0;9.0;1341.8999999999999
10;3;85;198.73;0.0;0.0;0.0;198.7;198.7;0.0;9.0;1788.3
10;3;86;101.735;0.0;0.0;0.0;101.7;101.7;0.0;9.0;915.3000000000001
10;3;87;207.298;0.0;0.0;0.0;207.3;207.3;0.0;9.0;1865.7
10;3;88;201.63600000000002;0.0;0.0;0.0;201.6;201.6;0.0;9.0;1814.3999999999999
10;3;89;220.613;0.0;0.0;0.0;220.6;220.6;0.0;9.0;1985.3999999999999
10;3;90;229.015;0.0;0.0;0.0;229.0;229.0;0.0;9.0;2061.0
10;3;91;110.493;0.0;0.0;0.0;110.5;110.5;0.0;9.0;994.5
10;3;92;54.613;0.0;0.0;0.0;54.6;54.6;0.0;9.0;491.40000000000003
10;3;93;193.232;0.0;0.0;0.0;193.2;193.2;0.0;9.0;1738.8
10;3;94;202.917;0.0;0.0;0.0;202.9;202.9;0.0;9.0;1826.1000000000001
10;3;95;186.37800000000001;0.0;0.0;0.0;186.4;186.4;0.0;9.0;1677.6000000000001
10;3;96;180.08100000000002;0.0;0.0;0.0;180.1;180.1;0.0;9.0;1620.8999999999999
10;3;97;189.576;0.0;0.0;0.0;189.6;189.6;0.0;9.0;1706.3999999999999
10;3;98;188.87;0.0;0.0;0.0;188.9;188.9;0.0;9.0;1700.1000000000001
10;3;99;193.64000000000001;0.0;0.0;0.0;193.6;193.6;0.0;9.0;1742.3999999999999
10;3;100;192.02900000000002;0.0;0.0;0.0;192.0;192.0;0.0;9.0;1728.0
10;3;101;192.674;0.0;0.0;0.0;192.7;192.7;0.0;9.0;1734.3
10;3;102;199.08499999999998;0.0;0.0;0.0;199.1;199.1;0.0;9.0;1791.8999999999999
10;3;103;208.69099999999997;0.0;0.0;0.0;208.7;208.7;0.0;9.0;1878.3
10;3;104;202.333;0.0;0.0;0.0;202.3;202.3;0.0;9.0;1820.7
10;3;105;235.536;0.0;0.0;0.0;235.5;235.5;0.0;9.0;2119.5
10;3;106;203.722;0.0;0.0;0.0;203.7;203.7;0.0;9.0;1833.3
10;3;107;215.54600000000002;0.0;0.0;0.0;215.5;215.5;0.0;9.0;1939.5
10;3;108;212.95300000000003;0.0;0.0;0.0;213.0;213.0;0.0;9.0;1917.0
10;3;109;198.409;0.0;0.0;0.0;198.4;198.4;0.0;9.0;1785.6000000000001
10;3;110;209.276;0.0;0.0;0.0;209.3;209.3;0.0;9.0;1883.7
10;3;111;203.02200000000002;0.0;0.0;0.0;203.0;203.0;0.0;9.0;1827.0
10;3;112;201.327;0.0;0.0;0.0;201.3;201.3;0.0;9.0;1811.7
10;3;113;206.069;0.0;0.0;0.0;206.1;206.1;0.0;9.0;1854.8999999999999
10;3;114;223.16;0.0;0.0;0.0;223.2;223.2;0.0;9.0;2008.8
10;3;115;226.657;0.0;0.0;0.0;226.7;226.7;0.0;9.0;2040.3
10;3;116;203.17000000000002;0.0;0.0;0.0;203.2;203.2;0.0;9.0;1828.8
10;3;117;213.20600000000002;0.0;0.0;0.0;213.2;213.2;0.0;9.0;1918.8
10;3;118;239.49400000000003;0.0;0.0;0.0;239.5;239.5;0.0;9.0;2155.5
10;3;119;227.55900000000003;0.0;0.0;0.0;227.6;227.6;0.0;9.0;2048.4
10;3;120;185.616;0.0;0.0;0.0;185.6;185.6;0.0;9.0;1670.3999999999999
10;3;121;190.67999999999998;0.0;0.0;0.0;190.7;190.7;0.0;9.0;1716.3
10;3;122;190.406;0.0;0.0;0.0;190.4;190.4;0.0;9.0;1713.6000000000001
10;3;123;193.741;0.0;0.0;0.0;193.7;193.7;0.0;9.0;1743.3
10;3;124;197.234;0.0;0.0;0.0;197.2;197.2;0.0;9.0;1774.8
10;3;125;43.312;0.0;0.0;0.0;43.3;43.3;0.0;9.0;389.7
10;3;126;205.591;0.0;0.0;0.0;205.6;205.6;0.0;9.0;1850.3999999999999
10;3;127;229.625;0.0;0.0;0.0;229.6;229.6;0.0;9.0;2066.4
10;3;128;219.72;0.0;0.0;0.0;219.7;219.7;0.0;9.0;1977.3
10;3;129;224.38;0.0;0.0;0.0;224.4;224.4;0.0;9.0;2019.6000000000001
10;3;130;205.362;0.0;0.0;0.0;205.4;205.4;0.0;9.0;1848.6000000000001
10;3;131;205.06199999999998;0.0;0.0;0.0;205.1;205.1;0.0;9.0;1845.8999999999999
10;3;132;196.655;0.0;0.0;0.0;196.7;196.7;0.0;9.0;1770.3
10;3;133;190.052;0.0;0.0;0.0;190.1;190.1;0.0;9.0;1710.8999999999999
10;3;134;185.749;0.0;0.0;0.0;185.7;185.7;0.0;9.0;1671.3
10;3;135;188.776;0.0;0.0;0.0;188.8;188.8;0.0;9.0;1699.2
10;3;136;216.236;0.0;0.0;0.0;216.2;216.2;0.0;9.0;1945.8
10;3;137;183.382;0.0;0.0;0.0;183.4;183.4;0.0;9.0;1650.6000000000001
10;3;138;233.203;0.0;0.0;0.0;233.2;233.2;0.0;9.0;2098.7999999999997
10;3;139;241.92499999999998;0.0;0.0;0.0;241.9;241.9;0.0;9.0;2177.1
10;3;140;220.76999999999998;0.0;0.0;0.0;220.8;220.8;0.0;9.0;1987.2
10;3;141;219.062;0.0;0.0;0.0;219.1;219.1;0.0;9.0;1971.8999999999999
10;3;142;218.683;0.0;0.0;0.0;218.7;218.7;0.0;9.0;1968.3
10;3;143;217.247;0.0;0.0;0.0;217.2;217.2;0.0;9.0;1954.8
10;3;144;194.443;0.0;0.0;0.0;194.4;194.4;0.0;9.0;1749.6000000000001
10;3;145;191.178;0.0;0.0;0.0;191.2;191.2;0.0;9.0;1720.8
10;3;146;197.666;0.0;0.0;0.0;197.7;197.7;0.0;9.0;1779.3
10;3;147;201.07799999999997;0.0;0.0;0.0;201.1;201.1;0.0;9.0;1809.8999999999999
10;3;148;198.683;0.0;0.0;0.0;198.7;198.7;0.0;9.0;1788.3
10;3;149;200.106;0.0;0.0;0.0;200.1;200.1;0.0;9.0;1800.8999999999999
10;3;150;204.54000000000002;0.0;0.0;0.0;204.5;204.5;0.0;9.0;1840.5
10;3;151;211.41400000000002;0.0;0.0;0.0;211.4;211.4;0.0;9.0;1902.6000000000001
10;3;152;227.01799999999997;0.0;0.0;0.0;227.0;227.0;0.0;9.0;2043.0
10;3;153;211.453;0.0;0.0;0.0;211.5;211.5;0.0;9.0;1903.5
10;3;154;186.57;0.0;0.0;0.0;186.6;186.6;0.0;9.0;1679.3999999999999
10;3;155;169.584;0.0;0.0;0.0;169.6;169.6;0.0;9.0;1526.3999999999999
10;3;156;177.78699999999998;0.0;0.0;0.0;177.8;177.8;0.0;9.0;1600.2
10;3;157;199.482;0.0;0.0;0.0;199.5;199.5;0.0;9.0;1795.5
10;3;158;127.938;0.0;0.0;0.0;127.9;127.9;0.0;9.0;1151.1000000000001
10;3;159;167.326;0.0;0.0;0.0;167.3;167.3;0.0;9.0;1505.7
10;3;160;176.24699999999999;0.0;0.0;0.0;176.2;176.2;0.0;9.0;1585.8
10;3;161;169.893;0.0;0.0;0.0;169.9;169.9;0.0;9.0;1529.1000000000001
10;3;162;173.733;0.0;0.0;0.0;173.7;173.7;0.0;9.0;1563.3
10;3;163;182.359;0.0;0.0;0.0;182.4;182.4;0.0;9.0;1641.6000000000001
10;3;164;186.04500000000002;0.0;0.0;0.0;186.0;186.0;0.0;9.0;1674.0
10;3;165;224.63400000000001;0.0;0.0;0.0;224.6;224.6;0.0;9.0;2021.3999999999999
10;3;166;221.481;0.0;0.0;0.0;221.5;221.5;0.0;9.0;1993.5
10;3;167;208.01299999999998;0.0;0.0;0.0;208.0;208.0;0.0;9.0;1872.0
15;0;0;5.441;0.0;0.0;0.0;5.4;5.4;0.0;10.0;54.0
15;0;1;153.64;0.0;0.0;0.0;153.6;153.6;0.0;10.0;1536.0
15;0;2;203.5;0.0;0.0;0.0;203.5;203.5;0.0;10.0;2035.0
15;0;3;201.439;0.0;0.0;0.0;201.4;201.4;0.0;10.0;2014.0
15;0;4;204.226;0.0;0.0;0.0;204.2;204.2;0.0;10.0;2042.0
15;0;5;209.04399999999998;0.0;0.0;0.0;209.0;209.0;0.0;10.0;2090.0
15;0;6;212.979;0.0;0.0;0.0;213.0;213.0;0.0;10.0;2130.0
15;0;7;116.53999999999999;0.0;0.0;0.0;116.5;116.5;0.0;10.0;1165.0
15;0;8;234.854;0.0;0.0;0.0;234.9;234.9;0.0;10.0;2349.0
15;0;9;242.815;0.0;0.0;0.0;242.8;242.8;0.0;10.0;2428.0
15;0;10;251.73399999999998;0.0;0.0;0.0;251.7;251.7;0.0;10.0;2517.0
15;0;11;230.37;0.0;0.0;0.0;230.4;230.4;0.0;10.0;2304.0
15;0;12;220.1;0.0;0.0;0.0;220.1;220.1;0.0;10.0;2201.0
15;0;13;208.972;0.0;0.0;0.0;209.0;209.0;0.0;10.0;2090.0
15;0;14;195.765;0.0;0.0;0.0;195.8;195.8;0.0;10.0;1958.0
15;0;15;209.381;0.0;0.0;0.0;209.4;209.4;0.0;10.0;2094.0
15;0;16;210.32399999999998;0.0;0.0;0.0;210.3;210.3;0.0;10.0;2103.0
15;0;17;207.632;0.0;0.0;0.0;207.6;207.6;0.0;10.0;2076.0
15;0;18;209.273;0.0;0.0;0.0;209.3;209.3;0.0;10.0;2093.0
15;0;19;218.242;0.0;0.0;0.0;218.2;218.2;0.0;10.0;2182.0
15;0;20;213.76999999999998;0.0;0.0;0.0;213.8;213.8;0.0;10.0;2138.0
15;0;21;222.756;0.0;0.0;0.0;222.8;222.8;0.0;10.0;2228.0
15;0;22;221.774;0.0;0.0;0.0;221.8;221.8;0.0;10.0;2218.0
15;0;23;206.82999999999998;0.0;0.0;0.0;206.8;206.8;0.0;10.0;2068.0
15;0;24;160.024;0.0;0.0;0.0;160.0;160.0;0.0;10.0;1600.0
15;0;25;166.648;0.0;0.0;0.0;166.6;166.6;0.0;10.0;1666.0
15;0;26;161.977;0.0;0.0;0.0;162.0;162.0;0.0;10.0;1620.0
15;0;27;164.273;0.0;0.0;0.0;164.3;164.3;0.0;10.0;1643.0
15;0;28;160.83499999999998;0.0;0.0;0.0;160.8;160.8;0.0;10.0;1608.0
15;0;29;160.656;0.0;0.0;0.0;160.7;160.7;0.0;10.0;1607.0
15;0;30;170.498;0.0;0.0;0.0;170.5;170.5;0.0;10.0;1705.0
15;0;31;184.024;0.0;0.0;0.0;184.0;184.0;0.0;10.0;1840.0
15;0;32;190.386;0.0;0.0;0.0;190.4;190.4;0.0;10.0;1904.0
15;0;33;182.876;0.0;0.0;0.0;182.9;182.9;0.0;10.0;1829.0
15;0;34;181.85700000000003;0.0;0.0;0.0;181.9;181.9;0.0;10.0;1819.0
15;0;35;169.871;0.0;1.7;0.0;168.2;169.9;0.0;10.0;1699.0
15;0;36;170.86;0.0;0.0;0.0;170.9;170.9;0.0;10.0;1709.0
15;0;37;156.183;0.0;59.8;0.0;96.4;156.2;0.0;10.0;1562.0
15;0;38;155.339;0.0;69.0;0.0;86.3;155.3;0.0;10.0;1553.0
15;0;39;178.99699999999999;0.0;38.7;0.0;140.3;179.0;0.0;10.0;1790.0
15;0;40;169.987;0.0;0.0;0.0;170.0;170.0;0.0;10.0;1700.0
15;0;41;232.245;0.0;0.0;0.0;232.2;232.2;0.0;10.0;2322.0
15;0;42;126.434;0.0;0.0;0.0;126.4;126.4;0.0;10.0;1264.0
15;0;43;182.002;0.0;0.0;0.0;182.0;182.0;0.0;10.0;1820.0
15;0;44;193.787;0.0;0.0;0.0;193.8;193.8;0.0;10.0;1938.0
15;0;45;243.63299999999998;0.0;0.0;0.0;243.6;243.6;0.0;10.0;2436.0
15;0;46;129.445;0.0;0.0;0.0;129.4;129.4;0.0;10.0;1294.0
15;0;47;175.455;0.0;0.0;0.0;175.5;175.5;0.0;10.0;1755.0
15;0;48;141.639;0.0;0.0;0.0;141.6;141.6;0.0;10.0;1416.0
15;0;49;146.224;0.0;0.0;0.0;146.2;146.2;0.0;10.0;1462.0
15;0;50;187.59;0.0;0.0;0.0;187.6;187.6;0.0;10.0;1876.0
15;0;51;105.52499999999999;0.0;0.0;0.0;105.5;105.5;0.0;10.0;1055.0
15;0;52;148.99800000000002;0.0;0.0;0.0;149.0;149.0;0.0;10.0;1490.0
15;0;53;146.688;0.0;0.0;0.0;146.7;146.7;0.0;10.0;1467.0
15;0;54;147.02;0.0;0.0;0.0;147.0;147.0;0.0;10.0;1470.0
15;0;55;175.628;0.0;0.0;0.0;175.6;175.6;0.0;10.0;1756.0
15;0;56;177.964;0.0;0.0;0.0;178.0;178.0;0.0;10.0;1780.0
15;0;57;166.27100000000002;0.0;0.0;0.0;166.3;166.3;0.0;10.0;1663.0
15;0;58;166.56799999999998;0.0;0.0;0.0;166.6;166.6;0.0;10.0;1666.0
15;0;59;149.09300000000002;0.0;0.0;0.0;149.1;149.1;0.0;10.0;1491.0
15;0;60;134.381;0.0;0.0;0.0;134.4;134.4;0.0;10.0;1344.0
15;0;61;122.812;0.0;0.0;0.0;122.8;122.8;0.0;10.0;1228.0
15;0;62;114.335;0.0;0.0;0.0;114.3;114.3;0.0;10.0;1143.0
15;0;63;191.70100000000002;0.0;0.0;0.0;191.7;191.7;0.0;10.0;1917.0
15;0;64;214.128;0.0;2.9;0.0;211.2;214.1;0.0;10.0;2141.0
15;0;65;43.178;0.0;0.0;0.0;43.2;43.2;0.0;10.0;432.0
15;0;66;97.471;0.0;0.0;0.0;97.5;97.5;0.0;10.0;975.0
15;0;67;153.895;0.0;0.0;0.0;153.9;153.9;0.0;10.0;1539.0
15;0;68;215.888;0.0;0.0;0.0;215.9;215.9;0.0;10.0;2159.0
15;0;69;226.63;0.0;0.0;0.0;226.6;226.6;0.0;10.0;2266.0
15;0;70;225.543;0.0;0.0;0.0;225.5;225.5;0.0;10.0;2255.0
15;0;71;136.067;0.0;0.0;0.0;136.1;136.1;0.0;10.0;1361.0
15;0;72;58.097;0.0;0.0;0.0;58.1;58.1;0.0;10.0;581.0
15;0;73;185.095;0.0;0.0;0.0;185.1;185.1;0.0;10.0;1851.0
15;0;74;129.41;0.0;0.0;0.0;129.4;129.4;0.0;10.0;1294.0
15;0;75;135.752;0.0;0.0;0.0;135.8;135.8;0.0;10.0;1358.0
15;0;76;141.604;0.0;0.0;0.0;141.6;141.6;0.0;10.0;1416.0
15;0;77;74.588;0.0;0.0;0.0;74.6;74.6;0.0;10.0;746.0
15;0;78;10.221;0.0;0.0;0.0;10.2;10.2;0.0;10.0;102.0
15;0;79;206.454;0.0;0.0;0.0;206.5;206.5;0.0;10.0;2065.0
15;0;80;189.94;0.0;0.0;0.0;189.9;189.9;0.0;10.0;1899.0
15;0;81;187.358;0.0;0.0;0.0;187.4;187.4;0.0;10.0;1874.0
15;0;82;195.61599999999999;0.0;0.0;0.0;195.6;195.6;0.0;10.0;1956.0
15;0;83;175.29500000000002;0.0;0.0;0.0;175.3;175.3;0.0;10.0;1753.0
15;0;84;182.334;0.0;0.0;0.0;182.3;182.3;0.0;10.0;1823.0
15;0;85;159.756;0.0;0.0;0.0;159.8;159.8;0.0;10.0;1598.0
15;0;86;155.544;0.0;0.0;0.0;155.5;155.5;0.0;10.0;1555.0
15;0;87;160.20999999999998;0.0;0.0;0.0;160.2;160.2;0.0;10.0;1602.0
15;0;88;162.30599999999998;0.0;0.0;0.0;162.3;162.3;0.0;10.0;1623.0
15;0;89;162.47699999999998;0.0;0.0;0.0;162.5;162.5;0.0;10.0;1625.0
15;0;90;165.776;0.0;0.0;0.0;165.8;165.8;0.0;10.0;1658.0
15;0;91;163.007;0.0;0.0;0.0;163.0;163.0;0.0;10.0;1630.0
15;0;92;179.81300000000002;0.0;0.0;0.0;179.8;179.8;0.0;10.0;1798.0
15;0;93;166.081;0.0;0.0;0.0;166.1;166.1;0.0;10.0;1661.0
15;0;94;166.793;0.0;0.0;0.0;166.8;166.8;0.0;10.0;1668.0
15;0;95;147.53199999999998;0.0;0.0;0.0;147.5;147.5;0.0;10.0;1475.0
15;0;96;129.312;0.0;0.0;0.0;129.3;129.3;0.0;10.0;1293.0
15;0;97;139.156;0.0;0.0;0.0;139.2;139.2;0.0;10.0;1392.0
15;0;98;132.048;0.0;0.0;0.0;132.0;132.0;0.0;10.0;1320.0
15;0;99;130.36700000000002;0.0;0.0;0.0;130.4;130.4;0.0;10.0;1304.0
15;0;100;130.004;0.0;0.0;0.0;130.0;130.0;0.0;10.0;1300.0
15;0;101;128.602;0.0;0.0;0.0;128.6;128.6;0.0;10.0;1286.0
15;0;102;142.887;0.0;0.0;0.0;142.9;142.9;0.0;10.0;1429.0
15;0;103;158.17600000000002;0.0;0.0;0.0;158.2;158.2;0.0;10.0;1582.0
15;0;104;163.949;0.0;0.0;0.0;163.9;163.9;0.0;10.0;1639.0
15;0;105;164.152;0.0;0.0;0.0;164.2;164.2;0.0;10.0;1642.0
15;0;106;176.767;0.0;0.0;0.0;176.8;176.8;0.0;10.0;1768.0
15;0;107;134.29500000000002;0.0;0.0;0.0;134.3;134.3;0.0;10.0;1343.0
15;0;108;140.23399999999998;0.0;0.0;0.0;140.2;140.2;0.0;10.0;1402.0
15;0;109;134.899;0.0;0.0;0.0;134.9;134.9;0.0;10.0;1349.0
15;0;110;145.89600000000002;0.0;0.0;0.0;145.9;145.9;0.0;10.0;1459.0
15;0;111;145.049;0.0;0.0;0.0;145.0;145.0;0.0;10.0;1450.0
15;0;112;154.267;0.0;0.0;0.0;154.3;154.3;0.0;10.0;1543.0
15;0;113;208.898;0.0;0.0;0.0;208.9;208.9;0.0;10.0;2089.0
15;0;114;94.10900000000001;0.0;0.0;0.0;94.1;94.1;0.0;10.0;941.0
15;0;115;175.498;0.0;0.0;0.0;175.5;175.5;0.0;10.0;1755.0
15;0;116;162.99;0.0;0.0;0.0;163.0;163.0;0.0;10.0;1630.0
15;0;117;163.99599999999998;0.0;0.0;0.0;164.0;164.0;0.0;10.0;1640.0
15;0;118;142.09300000000002;0.0;0.0;0.0;142.1;142.1;0.0;10.0;1421.0
15;0;119;127.548;0.0;0.0;0.0;127.5;127.5;0.0;10.0;1275.0
15;0;120;101.711;0.0;0.0;0.0;101.7;101.7;0.0;10.0;1017.0
15;0;121;103.281;0.0;0.0;0.0;103.3;103.3;0.0;10.0;1033.0
15;0;122;97.232;0.0;0.0;0.0;97.2;97.2;0.0;10.0;972.0
15;0;123;92.16999999999999;0.0;0.0;0.0;92.2;92.2;0.0;10.0;922.0
15;0;124;91.816;0.0;0.0;0.0;91.8;91.8;0.0;10.0;918.0
15;0;125;93.30099999999999;0.0;0.0;0.0;93.3;93.3;0.0;10.0;933.0
15;0;126;101.819;0.0;0.0;0.0;101.8;101.8;0.0;10.0;1018.0
15;0;127;113.123;0.0;0.0;0.0;113.1;113.1;0.0;10.0;1131.0
15;0;128;121.548;0.0;0.0;0.0;121.5;121.5;0.0;10.0;1215.0
15;0;129;111.43;0.0;0.0;0.0;111.4;111.4;0.0;10.0;1114.0
15;0;130;184.506;0.0;0.0;0.0;184.5;184.5;0.0;10.0;1845.0
15;0;131;176.45600000000002;0.0;0.0;0.0;176.5;176.5;0.0;10.0;1765.0
15;0;132;21.608;0.0;0.0;0.0;21.6;21.6;0.0;10.0;216.0
15;0;133;30.828;0.0;0.0;0.0;30.8;30.8;0.0;10.0;308.0
15;0;134;183.15699999999998;0.0;0.0;0.0;183.2;183.2;0.0;10.0;1832.0
15;0;135;183.625;0.0;0.0;0.0;183.6;183.6;0.0;10.0;1836.0
15;0;136;114.048;0.0;0.0;0.0;114.0;114.0;0.0;10.0;1140.0
15;0;137;107.481;0.0;0.0;0.0;107.5;107.5;0.0;10.0;1075.0
15;0;138;56.458;0.0;0.0;0.0;56.5;56.5;0.0;10.0;565.0
15;0;139;66.343;0.0;0.0;0.0;66.3;66.3;0.0;10.0;663.0
15;0;140;147.97;0.0;0.0;0.0;148.0;148.0;0.0;10.0;1480.0
15;0;141;135.526;0.0;0.0;0.0;135.5;135.5;0.0;10.0;1355.0
15;0;142;128.422;0.0;0.0;0.0;128.4;128.4;0.0;10.0;1284.0
15;0;143;116.781;0.0;0.0;0.0;116.8;116.8;0.0;10.0;1168.0
15;0;144;95.702;0.0;0.0;0.0;95.7;95.7;0.0;10.0;957.0
15;0;145;100.28;0.0;0.0;0.0;100.3;100.3;0.0;10.0;1003.0
15;0;146;100.66799999999999;0.0;0.0;0.0;100.7;100.7;0.0;10.0;1007.0
15;0;147;101.13;0.0;0.0;0.0;101.1;101.1;0.0;10.0;1011.0
15;0;148;171.796;0.0;0.0;0.0;171.8;171.8;0.0;10.0;1718.0
15;0;149;37.788;0.0;0.0;0.0;37.8;37.8;0.0;10.0;378.0
15;0;150;181.31300000000002;0.0;0.0;0.0;181.3;181.3;0.0;10.0;1813.0
15;0;151;198.322;0.0;0.0;0.0;198.3;198.3;0.0;10.0;1983.0
15;0;152;29.673;0.0;0.0;0.0;29.7;29.7;0.0;10.0;297.0
15;0;153;152.301;0.0;1.6;0.0;150.7;152.3;0.0;10.0;1523.0
15;0;154;162.191;0.0;30.8;0.0;131.4;162.2;0.0;10.0;1622.0
15;0;155;135.035;0.0;0.0;0.0;135.0;135.0;0.0;10.0;1350.0
15;0;156;128.638;0.0;26.8;0.0;101.9;128.7;0.0;10.0;1287.0
15;0;157;124.625;0.0;0.0;0.0;124.6;124.6;0.0;10.0;1246.0
15;0;158;112.007;0.0;0.0;0.0;112.0;112.0;0.0;10.0;1120.0
15;0;159;104.807;0.0;0.0;0.0;104.8;104.8;0.0;10.0;1048.0
15;0;160;200.31;0.0;0.0;0.0;200.3;200.3;0.0;10.0;2003.0
15;0;161;57.556;0.0;0.0;0.0;57.6;57.6;0.0;10.0;576.0
15;0;162;214.103;0.0;0.0;0.0;214.1;214.1;0.0;10.0;2141.0
15;0;163;167.733;0.0;0.0;0.0;167.7;167.7;0.0;10.0;1677.0
15;0;164;56.174;0.0;0.0;0.0;56.2;56.2;0.0;10.0;562.0
15;0;165;161.19400000000002;0.0;0.0;0.0;161.2;161.2;0.0;10.0;1612.0
15;0;166;205.675;0.0;0.0;0.0;205.7;205.7;0.0;10.0;2057.0
15;0;167;205.916;0.0;0.0;0.0;205.9;205.9;0.0;10.0;2059.0
15;1;0;5.556;0.0;0.0;0.0;5.6;5.6;0.0;22.0;123.19999999999999
15;1;1;7.117;0.0;0.0;0.0;7.1;7.1;0.0;22.0;156.2
15;1;2;7.237;0.0;0.0;0.0;7.2;7.2;0.0;22.0;158.4
15;1;3;7.476;0.0;0.0;0.0;7.5;7.5;0.0;22.0;165.0
15;1;4;9.078;0.0;0.0;0.0;9.1;9.1;0.0;22.0;200.2
15;1;5;10.018;0.0;0.0;0.0;10.0;10.0;0.0;22.0;220.0
15;1;6;15.769;0.0;0.0;0.0;15.8;15.8;0.0;22.0;347.6
15;1;7;19.946;0.0;5.1;0.0;14.8;19.9;0.0;22.0;437.79999999999995
15;1;8;30.779;0.0;30.8;0.0;0.0;30.8;0.0;22.0;677.6
15;1;9;25.437;0.0;25.4;0.0;0.0;25.4;0.0;22.0;558.8
15;1;10;30.081;0.0;30.1;0.0;0.0;30.1;0.0;22.0;662.2
15;1;11;25.809;0.0;25.8;0.0;0.0;25.8;0.0;22.0;567.6
15;1;12;31.581;0.0;31.6;0.0;0.0;31.6;0.0;22.0;695.2
15;1;13;30.316;0.0;30.3;0.0;0.0;30.3;0.0;22.0;666.6
15;1;14;31.062;0.0;31.1;0.0;0.0;31.1;0.0;22.0;684.2
15;1;15;19.449;0.0;19.4;0.0;0.0;19.4;0.0;22.0;426.79999999999995
15;1;16;34.787;0.0;34.8;0.0;0.0;34.8;0.0;22.0;765.5999999999999
15;1;17;46.317;0.0;27.5;0.0;18.8;46.3;0.0;22.0;1018.5999999999999
15;1;18;52.142;0.0;0.0;0.0;52.1;52.1;0.0;22.0;1146.2
15;1;19;47.588;0.0;0.0;0.0;47.6;47.6;0.0;22.0;1047.2
15;1;20;53.727;0.0;0.0;0.0;53.7;53.7;0.0;22.0;1181.4
15;1;21;47.005;0.0;0.0;0.0;47.0;47.0;0.0;22.0;1034.0
15;1;22;52.088;0.0;0.0;0.0;52.1;52.1;0.0;22.0;1146.2
15;1;23;27.652;0.0;0.0;0.0;27.7;27.7;0.0;22.0;609.4
15;1;24;5.537;0.0;0.0;0.0;5.5;5.5;0.0;22.0;121.0
15;1;25;7.472;0.0;0.0;0.0;7.5;7.5;0.0;22.0;165.0
15;1;26;8.633;0.0;0.0;0.0;8.6;8.6;0.0;22.0;189.2
15;1;27;10.279;0.0;0.0;0.0;10.3;10.3;0.0;22.0;226.60000000000002
15;1;28;11.091;0.0;0.0;0.0;11.1;11.1;0.0;22.0;244.2
15;1;29;12.638;0.0;0.0;0.0;12.6;12.6;0.0;22.0;277.2
15;1;30;23.045;0.0;0.0;0.0;23.0;23.0;0.0;22.0;506.0
15;1;31;33.315;0.0;0.0;0.0;33.3;33.3;0.0;22.0;732.5999999999999
15;1;32;33.927;0.0;33.9;0.0;0.0;33.9;0.0;22.0;745.8
15;1;33;29.455000000000002;0.0;29.5;0.0;0.0;29.5;0.0;22.0;649.0
15;1;34;48.57;0.0;48.6;0.0;0.0;48.6;0.0;22.0;1069.2
15;1;35;28.919999999999998;0.0;28.9;0.0;0.0;28.9;0.0;22.0;635.8
15;1;36;41.281;0.0;41.3;0.0;0.0;41.3;0.0;22.0;908.5999999999999
15;1;37;33.774;0.0;33.8;0.0;0.0;33.8;0.0;22.0;743.5999999999999
15;1;38;31.197000000000003;0.0;31.2;0.0;0.0;31.2;0.0;22.0;686.4
15;1;39;36.752;0.0;36.8;0.0;0.0;36.8;0.0;22.0;809.5999999999999
15;1;40;31.196;0.0;31.2;0.0;0.0;31.2;0.0;22.0;686.4
15;1;41;91.648;0.0;28.8;0.0;62.8;91.6;0.0;22.0;2015.1999999999998
15;1;42;39.862;0.0;8.0;0.0;31.8;39.8;0.0;22.0;875.5999999999999
15;1;43;38.274;0.0;0.0;0.0;38.3;38.3;0.0;22.0;842.5999999999999
15;1;44;49.168;0.0;0.0;0.0;49.2;49.2;0.0;22.0;1082.4
15;1;45;68.166;0.0;0.0;0.0;68.2;68.2;0.0;22.0;1500.4
15;1;46;55.194;0.0;0.0;0.0;55.2;55.2;0.0;22.0;1214.4
15;1;47;40.404;0.0;0.0;0.0;40.4;40.4;0.0;22.0;888.8
15;1;48;5.587;0.0;0.0;0.0;5.6;5.6;0.0;22.0;123.19999999999999
15;1;49;8.168;0.0;0.0;0.0;8.2;8.2;0.0;22.0;180.39999999999998
15;1;50;8.398;0.0;0.0;0.0;8.4;8.4;0.0;22.0;184.8
15;1;51;8.393;0.0;0.0;0.0;8.4;8.4;0.0;22.0;184.8
15;1;52;7.837;0.0;0.0;0.0;7.8;7.8;0.0;22.0;171.6
15;1;53;7.614;0.0;0.0;0.0;7.6;7.6;0.0;22.0;167.2
15;1;54;8.712;0.0;0.0;0.0;8.7;8.7;0.0;22.0;191.39999999999998
15;1;55;14.814;0.0;0.0;0.0;14.8;14.8;0.0;22.0;325.6
15;1;56;36.136;0.0;33.5;0.0;2.6;36.1;0.0;22.0;794.2
15;1;57;17.35;0.0;17.4;0.0;0.0;17.4;0.0;22.0;382.79999999999995
15;1;58;41.157000000000004;0.0;41.2;0.0;0.0;41.2;0.0;22.0;906.4000000000001
15;1;59;34.626999999999995;0.0;34.6;0.0;0.0;34.6;0.0;22.0;761.2
15;1;60;29.688;0.0;29.7;0.0;0.0;29.7;0.0;22.0;653.4
15;1;61;31.232;0.0;31.2;0.0;0.0;31.2;0.0;22.0;686.4
15;1;62;28.558;0.0;28.6;0.0;0.0;28.6;0.0;22.0;629.2
15;1;63;78.404;0.0;1.8;0.0;76.6;78.4;0.0;22.0;1724.8000000000002
15;1;64;29.366;0.0;29.4;0.0;0.0;29.4;0.0;22.0;646.8
15;1;65;38.062;0.0;38.1;0.0;0.0;38.1;0.0;22.0;838.2
15;1;66;46.726;0.0;0.0;0.0;46.7;46.7;0.0;22.0;1027.4
15;1;67;60.323;0.0;0.0;0.0;60.3;60.3;0.0;22.0;1326.6
15;1;68;56.566;0.0;0.0;0.0;56.6;56.6;0.0;22.0;1245.2
15;1;69;42.631;0.0;0.0;0.0;42.6;42.6;0.0;22.0;937.2
15;1;70;56.778;0.0;0.0;0.0;56.8;56.8;0.0;22.0;1249.6
15;1;71;34.101;0.0;0.0;0.0;34.1;34.1;0.0;22.0;750.2
15;1;72;5.584;0.0;0.0;0.0;5.6;5.6;0.0;22.0;123.19999999999999
15;1;73;7.115;0.0;0.0;0.0;7.1;7.1;0.0;22.0;156.2
15;1;74;7.355;0.0;0.0;0.0;7.4;7.4;0.0;22.0;162.8
15;1;75;7.517;0.0;0.0;0.0;7.5;7.5;0.0;22.0;165.0
15;1;76;7.784;0.0;0.0;0.0;7.8;7.8;0.0;22.0;171.6
15;1;77;8.264;0.0;0.0;0.0;8.3;8.3;0.0;22.0;182.60000000000002
15;1;78;10.001;0.0;0.0;0.0;10.0;10.0;0.0;22.0;220.0
15;1;79;10.264;0.0;4.1;0.0;6.2;10.3;0.0;22.0;226.60000000000002
15;1;80;21.506;0.0;21.5;0.0;0.0;21.5;0.0;22.0;473.0
15;1;81;28.224999999999998;0.0;28.2;0.0;0.0;28.2;0.0;22.0;620.4
15;1;82;32.275999999999996;0.0;32.3;0.0;0.0;32.3;0.0;22.0;710.5999999999999
15;1;83;29.776;0.0;29.8;0.0;0.0;29.8;0.0;22.0;655.6
15;1;84;36.869;0.0;36.9;0.0;0.0;36.9;0.0;22.0;811.8
15;1;85;35.436;0.0;35.4;0.0;0.0;35.4;0.0;22.0;778.8
15;1;86;32.667;0.0;32.7;0.0;0.0;32.7;0.0;22.0;719.4000000000001
15;1;87;86.658;0.0;86.7;0.0;0.0;86.7;0.0;22.0;1907.4
15;1;88;36.414;0.0;36.4;0.0;0.0;36.4;0.0;22.0;800.8
15;1;89;44.281;0.0;35.6;0.0;8.7;44.3;0.0;22.0;974.5999999999999
15;1;90;36.865;0.0;9.0;0.0;27.9;36.9;0.0;22.0;811.8
15;1;91;39.171;0.0;0.0;0.0;39.2;39.2;0.0;22.0;862.4000000000001
15;1;92;44.294;0.0;0.0;0.0;44.3;44.3;0.0;22.0;974.5999999999999
15;1;93;52.993;0.0;0.0;0.0;53.0;53.0;0.0;22.0;1166.0
15;1;94;45.558;0.0;0.0;0.0;45.6;45.6;0.0;22.0;1003.2
15;1;95;37.013;0.0;0.0;0.0;37.0;37.0;0.0;22.0;814.0
15;1;96;6.429;0.0;0.0;0.0;6.4;6.4;0.0;22.0;140.8
15;1;97;11.26;0.0;0.0;0.0;11.3;11.3;0.0;22.0;248.60000000000002
15;1;98;8.052;0.0;0.0;0.0;8.1;8.1;0.0;22.0;178.2
15;1;99;7.537;0.0;0.0;0.0;7.5;7.5;0.0;22.0;165.0
15;1;100;11.67;0.0;0.0;0.0;11.7;11.7;0.0;22.0;257.4
15;1;101;7.071;0.0;0.0;0.0;7.1;7.1;0.0;22.0;156.2
15;1;102;7.011;0.0;0.0;0.0;7.0;7.0;0.0;22.0;154.0
15;1;103;19.04;0.0;2.6;0.0;16.5;19.1;0.0;22.0;420.20000000000005
15;1;104;29.159;0.0;26.5;0.0;2.6;29.1;0.0;22.0;640.2
15;1;105;54.281;0.0;35.6;0.0;18.7;54.3;0.0;22.0;1194.6
15;1;106;41.68300000000001;0.0;41.7;0.0;0.0;41.7;0.0;22.0;917.4000000000001
15;1;107;43.035999999999994;0.0;43.0;0.0;0.0;43.0;0.0;22.0;946.0
15;1;108;34.148;0.0;34.1;0.0;0.0;34.1;0.0;22.0;750.2
15;1;109;37.54600000000001;0.0;37.5;0.0;0.0;37.5;0.0;22.0;825.0
15;1;110;37.921;0.0;37.9;0.0;0.0;37.9;0.0;22.0;833.8
15;1;111;34.15;0.0;34.1;0.0;0.0;34.1;0.0;22.0;750.2
15;1;112;39.661;0.0;39.7;0.0;0.0;39.7;0.0;22.0;873.4000000000001
15;1;113;81.342;0.0;4.8;0.0;76.6;81.4;0.0;22.0;1790.8000000000002
15;1;114;40.143;0.0;5.1;0.0;35.0;40.1;0.0;22.0;882.2
15;1;115;47.535;0.0;0.0;0.0;47.5;47.5;0.0;22.0;1045.0
15;1;116;61.584;0.0;0.0;0.0;61.6;61.6;0.0;22.0;1355.2
15;1;117;56.475;0.0;0.0;0.0;56.5;56.5;0.0;22.0;1243.0
15;1;118;59.879;0.0;0.0;0.0;59.9;59.9;0.0;22.0;1317.8
15;1;119;43.986;0.0;0.0;0.0;44.0;44.0;0.0;22.0;968.0
15;1;120;5.884;0.0;0.0;0.0;5.9;5.9;0.0;22.0;129.8
15;1;121;9.468;0.0;0.0;0.0;9.5;9.5;0.0;22.0;209.0
15;1;122;7.254;0.0;0.0;0.0;7.3;7.3;0.0;22.0;160.6
15;1;123;9.122;0.0;0.0;0.0;9.1;9.1;0.0;22.0;200.2
15;1;124;8.57;0.0;0.0;0.0;8.6;8.6;0.0;22.0;189.2
15;1;125;6.571;0.0;0.0;0.0;6.6;6.6;0.0;22.0;145.2
15;1;126;16.541;0.0;0.0;0.0;16.5;16.5;0.0;22.0;363.0
15;1;127;33.247;0.0;0.0;0.0;33.2;33.2;0.0;22.0;730.4000000000001
15;1;128;32.813;0.0;32.8;0.0;0.0;32.8;0.0;22.0;721.5999999999999
15;1;129;33.319;0.0;33.3;0.0;0.0;33.3;0.0;22.0;732.5999999999999
15;1;130;26.519000000000002;0.0;26.5;0.0;0.0;26.5;0.0;22.0;583.0
15;1;131;36.995000000000005;0.0;37.0;0.0;0.0;37.0;0.0;22.0;814.0
15;1;132;34.519;0.0;34.5;0.0;0.0;34.5;0.0;22.0;759.0
15;1;133;34.608000000000004;0.0;34.6;0.0;0.0;34.6;0.0;22.0;761.2
15;1;134;28.912;0.0;28.9;0.0;0.0;28.9;0.0;22.0;635.8
15;1;135;30.583;0.0;30.6;0.0;0.0;30.6;0.0;22.0;673.2
15;1;136;61.117999999999995;0.0;61.1;0.0;0.0;61.1;0.0;22.0;1344.2
15;1;137;72.32900000000001;0.0;26.3;0.0;46.0;72.3;0.0;22.0;1590.6
15;1;138;54.516;0.0;3.3;0.0;51.2;54.5;0.0;22.0;1199.0
15;1;139;59.02;0.0;0.0;0.0;59.0;59.0;0.0;22.0;1298.0
15;1;140;56.771;0.0;0.0;0.0;56.8;56.8;0.0;22.0;1249.6
15;1;141;49.109;0.0;0.0;0.0;49.1;49.1;0.0;22.0;1080.2
15;1;142;69.681;0.0;0.0;0.0;69.7;69.7;0.0;22.0;1533.4
15;1;143;40.935;0.0;0.0;0.0;40.9;40.9;0.0;22.0;899.8
15;1;144;5.524;0.0;0.0;0.0;5.5;5.5;0.0;22.0;121.0
15;1;145;10.374;0.0;0.0;0.0;10.4;10.4;0.0;22.0;228.8
15;1;146;7.616;0.0;0.0;0.0;7.6;7.6;0.0;22.0;167.2
15;1;147;8.356;0.0;0.0;0.0;8.4;8.4;0.0;22.0;184.8
15;1;148;7.122;0.0;0.0;0.0;7.1;7.1;0.0;22.0;156.2
15;1;149;8.113;0.0;0.0;0.0;8.1;8.1;0.0;22.0;178.2
15;1;150;9.078;0.0;0.0;0.0;9.1;9.1;0.0;22.0;200.2
15;1;151;22.761;0.0;0.0;0.0;22.8;22.8;0.0;22.0;501.6
15;1;152;27.679;0.0;27.7;0.0;0.0;27.7;0.0;22.0;609.4
15;1;153;33.66;0.0;33.7;0.0;0.0;33.7;0.0;22.0;741.4000000000001
15;1;154;28.881;0.0;28.9;0.0;0.0;28.9;0.0;22.0;635.8
15;1;155;28.105;0.0;28.1;0.0;0.0;28.1;0.0;22.0;618.2
15;1;156;33.283;0.0;33.3;0.0;0.0;33.3;0.0;22.0;732.5999999999999
15;1;157;27.702;0.0;27.7;0.0;0.0;27.7;0.0;22.0;609.4
15;1;158;42.006;0.0;42.0;0.0;0.0;42.0;0.0;22.0;924.0
15;1;159;122.512;0.0;93.9;0.0;28.6;122.5;0.0;22.0;2695.0
15;1;160;35.677;0.0;35.7;0.0;0.0;35.7;0.0;22.0;785.4000000000001
15;1;161;48.145;0.0;37.4;0.0;10.8;48.2;0.0;22.0;1060.4
15;1;162;52.467;0.0;13.3;0.0;39.1;52.4;0.0;22.0;1152.8
15;1;163;40.077;0.0;0.0;0.0;40.1;40.1;0.0;22.0;882.2
15;1;164;56.85;0.0;0.0;0.0;56.9;56.9;0.0;22.0;1251.8
15;1;165;58.103;0.0;0.0;0.0;58.1;58.1;0.0;22.0;1278.2
15;1;166;54.126;0.0;0.0;0.0;54.1;54.1;0.0;22.0;1190.2
15;1;167;52.475;0.0;0.0;0.0;52.5;52.5;0.0;22.0;1155.0
15;2;0;5.806;0.0;0.0;0.0;5.8;5.8;0.0;11.0;63.8
15;2;1;9.661;0.0;0.0;0.0;9.7;9.7;0.0;11.0;106.69999999999999
15;2;2;151.64399999999998;0.0;0.0;0.0;151.6;151.6;0.0;11.0;1667.6
15;2;3;8.566;0.0;0.0;0.0;8.6;8.6;0.0;11.0;94.6
15;2;4;39.988;0.0;0.0;0.0;40.0;40.0;0.0;11.0;440.0
15;2;5;156.623;0.0;0.0;0.0;156.6;156.6;0.0;11.0;1722.6
15;2;6;14.196;0.0;0.0;0.0;14.2;14.2;0.0;11.0;156.2
15;2;7;31.225;0.0;0.0;0.0;31.2;31.2;0.0;11.0;343.2
15;2;8;36.299;0.0;7.7;0.0;28.6;36.3;0.0;11.0;399.29999999999995
15;2;9;86.298;0.0;77.2;0.0;9.1;86.3;0.0;11.0;949.3
15;2;10;91.149;0.0;91.1;0.0;0.0;91.1;0.0;11.0;1002.0999999999999
15;2;11;80.661;0.0;80.7;0.0;0.0;80.7;0.0;11.0;887.7
15;2;12;70.44200000000001;0.0;70.4;0.0;0.0;70.4;0.0;11.0;774.4000000000001
15;2;13;63.709;0.0;63.7;0.0;0.0;63.7;0.0;11.0;700.7
15;2;14;51.219;0.0;40.1;0.0;11.2;51.3;0.0;11.0;564.3
15;2;15;90.62200000000001;0.0;16.5;0.0;74.1;90.6;0.0;11.0;996.5999999999999
15;2;16;195.83;0.0;16.1;0.0;179.7;195.8;0.0;11.0;2153.8
15;2;17;61.836;0.0;0.0;0.0;61.8;61.8;0.0;11.0;679.8
15;2;18;48.618;0.0;0.0;0.0;48.6;48.6;0.0;11.0;534.6
15;2;19;126.99099999999999;0.0;0.0;0.0;127.0;127.0;0.0;11.0;1397.0
15;2;20;94.19;0.0;0.0;0.0;94.2;94.2;0.0;11.0;1036.2
15;2;21;50.533;0.0;0.0;0.0;50.5;50.5;0.0;11.0;555.5
15;2;22;174.989;0.0;0.0;0.0;175.0;175.0;0.0;11.0;1925.0
15;2;23;45.01;0.0;0.0;0.0;45.0;45.0;0.0;11.0;495.0
15;2;24;5.854;0.0;0.0;0.0;5.9;5.9;0.0;11.0;64.9
15;2;25;7.817;0.0;0.0;0.0;7.8;7.8;0.0;11.0;85.8
15;2;26;160.823;0.0;0.0;0.0;160.8;160.8;0.0;11.0;1768.8000000000002
15;2;27;9.406;0.0;0.0;0.0;9.4;9.4;0.0;11.0;103.4
15;2;28;172.393;0.0;0.0;0.0;172.4;172.4;0.0;11.0;1896.4
15;2;29;15.532;0.0;0.0;0.0;15.5;15.5;0.0;11.0;170.5
15;2;30;115.391;0.0;0.0;0.0;115.4;115.4;0.0;11.0;1269.4
15;2;31;128.648;0.0;0.0;0.0;128.6;128.6;0.0;11.0;1414.6
15;2;32;137.143;0.0;14.7;0.0;122.5;137.2;0.0;11.0;1509.1999999999998
15;2;33;129.737;0.0;71.4;0.0;58.4;129.8;0.0;11.0;1427.8000000000002
15;2;34;120.45;0.0;120.5;0.0;0.0;120.5;0.0;11.0;1325.5
15;2;35;94.507;0.0;94.5;0.0;0.0;94.5;0.0;11.0;1039.5
15;2;36;89.775;0.0;89.8;0.0;0.0;89.8;0.0;11.0;987.8
15;2;37;62.949;0.0;62.9;0.0;0.0;62.9;0.0;11.0;691.9
15;2;38;62.167;0.0;62.2;0.0;0.0;62.2;0.0;11.0;684.2
15;2;39;56.712;0.0;56.7;0.0;0.0;56.7;0.0;11.0;623.7
15;2;40;162.85399999999998;0.0;15.5;0.0;147.3;162.8;0.0;11.0;1790.8000000000002
15;2;41;106.10900000000001;0.0;0.0;0.0;106.1;106.1;0.0;11.0;1167.1
15;2;42;77.858;0.0;0.0;0.0;77.9;77.9;0.0;11.0;856.9000000000001
15;2;43;87.328;0.0;0.0;0.0;87.3;87.3;0.0;11.0;960.3
15;2;44;104.98;0.0;0.0;0.0;105.0;105.0;0.0;11.0;1155.0
15;2;45;68.60900000000001;0.0;0.0;0.0;68.6;68.6;0.0;11.0;754.5999999999999
15;2;46;54.373;0.0;0.0;0.0;54.4;54.4;0.0;11.0;598.4
15;2;47;31.334;0.0;0.0;0.0;31.3;31.3;0.0;11.0;344.3
15;2;48;5.902;0.0;0.0;0.0;5.9;5.9;0.0;11.0;64.9
15;2;49;10.52;0.0;0.0;0.0;10.5;10.5;0.0;11.0;115.5
15;2;50;49.174;0.0;0.0;0.0;49.2;49.2;0.0;11.0;541.2
15;2;51;52.190999999999995;0.0;0.0;0.0;52.2;52.2;0.0;11.0;574.2
15;2;52;52.414;0.0;0.0;0.0;52.4;52.4;0.0;11.0;576.4
15;2;53;56.518;0.0;0.0;0.0;56.5;56.5;0.0;11.0;621.5
15;2;54;57.965999999999994;0.0;0.0;0.0;58.0;58.0;0.0;11.0;638.0
15;2;55;74.669;0.0;0.0;0.0;74.7;74.7;0.0;11.0;821.7
15;2;56;102.553;0.0;0.0;0.0;102.6;102.6;0.0;11.0;1128.6
15;2;57;79.822;0.0;0.0;0.0;79.8;79.8;0.0;11.0;877.8
15;2;58;66.826;0.0;0.0;0.0;66.8;66.8;0.0;11.0;734.8
15;2;59;67.006;0.0;0.0;0.0;67.0;67.0;0.0;11.0;737.0
15;2;60;47.022999999999996;0.0;0.0;0.0;47.0;47.0;0.0;11.0;517.0
15;2;61;48.26;0.0;0.0;0.0;48.3;48.3;0.0;11.0;531.3
15;2;62;49.467;0.0;0.0;0.0;49.5;49.5;0.0;11.0;544.5
15;2;63;56.936;0.0;0.0;0.0;56.9;56.9;0.0;11.0;625.9
15;2;64;99.02799999999999;0.0;0.0;0.0;99.0;99.0;0.0;11.0;1089.0
15;2;65;179.03500000000003;0.0;0.0;0.0;179.0;179.0;0.0;11.0;1969.0
15;2;66;43.641;0.0;0.0;0.0;43.6;43.6;0.0;11.0;479.6
15;2;67;75.824;0.0;0.0;0.0;75.8;75.8;0.0;11.0;833.8
15;2;68;53.821;0.0;0.0;0.0;53.8;53.8;0.0;11.0;591.8
15;2;69;61.468;0.0;0.0;0.0;61.5;61.5;0.0;11.0;676.5
15;2;70;49.145;0.0;0.0;0.0;49.1;49.1;0.0;11.0;540.1
15;2;71;50.233;0.0;0.0;0.0;50.2;50.2;0.0;11.0;552.2
15;2;72;5.761;0.0;0.0;0.0;5.8;5.8;0.0;11.0;63.8
15;2;73;47.696;0.0;0.0;0.0;47.7;47.7;0.0;11.0;524.7
15;2;74;44.283;0.0;0.0;0.0;44.3;44.3;0.0;11.0;487.29999999999995
15;2;75;45.435;0.0;0.0;0.0;45.4;45.4;0.0;11.0;499.4
15;2;76;46.574;0.0;0.0;0.0;46.6;46.6;0.0;11.0;512.6
15;2;77;47.177;0.0;0.0;0.0;47.2;47.2;0.0;11.0;519.2
15;2;78;53.546;0.0;0.0;0.0;53.5;53.5;0.0;11.0;588.5
15;2;79;68.294;0.0;0.0;0.0;68.3;68.3;0.0;11.0;751.3
15;2;80;89.024;0.0;0.0;0.0;89.0;89.0;0.0;11.0;979.0
15;2;81;74.241;0.0;10.1;0.0;64.2;74.3;0.0;11.0;817.3
15;2;82;68.128;0.0;0.0;0.0;68.1;68.1;0.0;11.0;749.0999999999999
15;2;83;57.717999999999996;0.0;30.2;0.0;27.5;57.7;0.0;11.0;634.7
15;2;84;64.229;0.0;64.2;0.0;0.0;64.2;0.0;11.0;706.2
15;2;85;53.894;0.0;37.5;0.0;16.4;53.9;0.0;11.0;592.9
15;2;86;171.249;0.0;0.0;0.0;171.2;171.2;0.0;11.0;1883.1999999999998
15;2;87;89.379;0.0;0.0;0.0;89.4;89.4;0.0;11.0;983.4000000000001
15;2;88;43.859;0.0;0.0;0.0;43.9;43.9;0.0;11.0;482.9
15;2;89;48.915;0.0;0.0;0.0;48.9;48.9;0.0;11.0;537.9
15;2;90;40.415;0.0;0.0;0.0;40.4;40.4;0.0;11.0;444.4
15;2;91;55.956;0.0;0.0;0.0;56.0;56.0;0.0;11.0;616.0
15;2;92;189.30200000000002;0.0;0.0;0.0;189.3;189.3;0.0;11.0;2082.3
15;2;93;83.358;0.0;0.0;0.0;83.4;83.4;0.0;11.0;917.4000000000001
15;2;94;41.739;0.0;0.0;0.0;41.7;41.7;0.0;11.0;458.70000000000005
15;2;95;57.702;0.0;0.0;0.0;57.7;57.7;0.0;11.0;634.7
15;2;96;5.457;0.0;0.0;0.0;5.5;5.5;0.0;11.0;60.5
15;2;97;9.357;0.0;0.0;0.0;9.4;9.4;0.0;11.0;103.4
15;2;98;66.842;0.0;0.0;0.0;66.8;66.8;0.0;11.0;734.8
15;2;99;158.55599999999998;0.0;0.0;0.0;158.6;158.6;0.0;11.0;1744.6
15;2;100;50.613;0.0;0.0;0.0;50.6;50.6;0.0;11.0;556.6
15;2;101;7.209;0.0;0.0;0.0;7.2;7.2;0.0;11.0;79.2
15;2;102;86.36999999999999;0.0;0.0;0.0;86.4;86.4;0.0;11.0;950.4000000000001
15;2;103;99.035;0.0;0.0;0.0;99.0;99.0;0.0;11.0;1089.0
15;2;104;111.668;0.0;5.2;0.0;106.5;111.7;0.0;11.0;1228.7
15;2;105;118.52199999999999;0.0;65.3;0.0;53.2;118.5;0.0;11.0;1303.5
15;2;106;106.758;0.0;62.9;0.0;43.9;106.8;0.0;11.0;1174.8
15;2;107;106.515;0.0;17.0;0.0;89.5;106.5;0.0;11.0;1171.5
15;2;108;89.104;0.0;50.0;0.0;39.1;89.1;0.0;11.0;980.0999999999999
15;2;109;125.591;0.0;40.6;0.0;85.0;125.6;0.0;11.0;1381.6
15;2;110;44.449;0.0;35.6;0.0;8.9;44.5;0.0;11.0;489.5
15;2;111;93.05000000000001;0.0;0.0;0.0;93.1;93.1;0.0;11.0;1024.1
15;2;112;89.86099999999999;0.0;0.0;0.0;89.9;89.9;0.0;11.0;988.9000000000001
15;2;113;91.428;0.0;0.0;0.0;91.4;91.4;0.0;11.0;1005.4000000000001
15;2;114;101.703;0.0;0.0;0.0;101.7;101.7;0.0;11.0;1118.7
15;2;115;114.925;0.0;0.0;0.0;114.9;114.9;0.0;11.0;1263.9
15;2;116;107.14699999999999;0.0;0.0;0.0;107.1;107.1;0.0;11.0;1178.1
15;2;117;98.28999999999999;0.0;0.0;0.0;98.3;98.3;0.0;11.0;1081.3
15;2;118;110.14500000000001;0.0;0.0;0.0;110.1;110.1;0.0;11.0;1211.1
15;2;119;184.817;0.0;0.0;0.0;184.8;184.8;0.0;11.0;2032.8000000000002
15;2;120;5.794;0.0;0.0;0.0;5.8;5.8;0.0;11.0;63.8
15;2;121;122.975;0.0;0.0;0.0;123.0;123.0;0.0;11.0;1353.0
15;2;122;8.998;0.0;0.0;0.0;9.0;9.0;0.0;11.0;99.0
15;2;123;89.006;0.0;0.0;0.0;89.0;89.0;0.0;11.0;979.0
15;2;124;84.836;0.0;0.0;0.0;84.8;84.8;0.0;11.0;932.8
15;2;125;85.381;0.0;0.0;0.0;85.4;85.4;0.0;11.0;939.4000000000001
15;2;126;98.678;0.0;0.0;0.0;98.7;98.7;0.0;11.0;1085.7
15;2;127;106.131;0.0;0.0;0.0;106.1;106.1;0.0;11.0;1167.1
15;2;128;114.089;0.0;0.0;0.0;114.1;114.1;0.0;11.0;1255.1
15;2;129;108.604;0.0;0.0;0.0;108.6;108.6;0.0;11.0;1194.6
15;2;130;107.25999999999999;0.0;0.0;0.0;107.3;107.3;0.0;11.0;1180.3
15;2;131;90.655;0.0;0.0;0.0;90.7;90.7;0.0;11.0;997.7
15;2;132;81.385;0.0;20.6;0.0;60.8;81.4;0.0;11.0;895.4000000000001
15;2;133;76.93599999999999;0.0;41.0;0.0;35.9;76.9;0.0;11.0;845.9000000000001
15;2;134;164.86499999999998;0.0;0.0;0.0;164.9;164.9;0.0;11.0;1813.9
15;2;135;145.144;0.0;0.0;0.0;145.1;145.1;0.0;11.0;1596.1
15;2;136;39.555;0.0;0.0;0.0;39.6;39.6;0.0;11.0;435.6
15;2;137;59.133;0.0;0.0;0.0;59.1;59.1;0.0;11.0;650.1
15;2;138;54.216;0.0;0.0;0.0;54.2;54.2;0.0;11.0;596.2
15;2;139;204.096;0.0;0.0;0.0;204.1;204.1;0.0;11.0;2245.1
15;2;140;65.542;0.0;0.0;0.0;65.5;65.5;0.0;11.0;720.5
15;2;141;47.593;0.0;0.0;0.0;47.6;47.6;0.0;11.0;523.6
15;2;142;159.18200000000002;0.0;0.0;0.0;159.2;159.2;0.0;11.0;1751.1999999999998
15;2;143;31.621;0.0;0.0;0.0;31.6;31.6;0.0;11.0;347.6
15;2;144;73.33800000000001;0.0;0.0;0.0;73.3;73.3;0.0;11.0;806.3
15;2;145;75.948;0.0;0.0;0.0;75.9;75.9;0.0;11.0;834.9000000000001
15;2;146;78.712;0.0;0.0;0.0;78.7;78.7;0.0;11.0;865.7
15;2;147;80.553;0.0;0.0;0.0;80.6;80.6;0.0;11.0;886.5999999999999
15;2;148;84.10000000000001;0.0;0.0;0.0;84.1;84.1;0.0;11.0;925.0999999999999
15;2;149;82.774;0.0;0.0;0.0;82.8;82.8;0.0;11.0;910.8
15;2;150;100.881;0.0;0.0;0.0;100.9;100.9;0.0;11.0;1109.9
15;2;151;114.84;0.0;0.0;0.0;114.8;114.8;0.0;11.0;1262.8
15;2;152;110.322;0.0;0.0;0.0;110.3;110.3;0.0;11.0;1213.3
15;2;153;114.048;0.0;0.0;0.0;114.0;114.0;0.0;11.0;1254.0
15;2;154;113.596;0.0;0.0;0.0;113.6;113.6;0.0;11.0;1249.6
15;2;155;96.309;0.0;0.0;0.0;96.3;96.3;0.0;11.0;1059.3
15;2;156;89.821;0.0;0.0;0.0;89.8;89.8;0.0;11.0;987.8
15;2;157;83.65299999999999;0.0;0.0;0.0;83.7;83.7;0.0;11.0;920.7
15;2;158;67.09700000000001;0.0;0.0;0.0;67.1;67.1;0.0;11.0;738.0999999999999
15;2;159;66.79;0.0;0.0;0.0;66.8;66.8;0.0;11.0;734.8
15;2;160;74.0;0.0;0.0;0.0;74.0;74.0;0.0;11.0;814.0
15;2;161;94.197;0.0;0.0;0.0;94.2;94.2;0.0;11.0;1036.2
15;2;162;95.477;0.0;0.0;0.0;95.5;95.5;0.0;11.0;1050.5
15;2;163;101.0;0.0;0.0;0.0;101.0;101.0;0.0;11.0;1111.0
15;2;164;100.32300000000001;0.0;0.0;0.0;100.3;100.3;0.0;11.0;1103.3
15;2;165;97.156;0.0;0.0;0.0;97.2;97.2;0.0;11.0;1069.2
15;2;166;86.007;0.0;0.0;0.0;86.0;86.0;0.0;11.0;946.0
15;2;167;177.01999999999998;0.0;0.0;0.0;177.0;177.0;0.0;11.0;1947.0
15;3;0;27.518;0.0;0.0;0.0;27.5;27.5;0.0;9.0;247.5
15;3;1;163.03;0.0;0.0;0.0;163.0;163.0;0.0;9.0;1467.0
15;3;2;160.267;0.0;0.0;0.0;160.3;160.3;0.0;9.0;1442.7
15;3;3;162.619;0.0;0.0;0.0;162.6;162.6;0.0;9.0;1463.3999999999999
15;3;4;194.894;0.0;0.0;0.0;194.9;194.9;0.0;9.0;1754.1000000000001
15;3;5;139.962;0.0;0.0;0.0;140.0;140.0;0.0;9.0;1260.0
15;3;6;189.433;0.0;0.0;0.0;189.4;189.4;0.0;9.0;1704.6000000000001
15;3;7;203.553;0.0;0.0;0.0;203.6;203.6;0.0;9.0;1832.3999999999999
15;3;8;209.13299999999998;0.0;0.0;0.0;209.1;209.1;0.0;9.0;1881.8999999999999
15;3;9;193.988;0.0;0.0;0.0;194.0;194.0;0.0;9.0;1746.0
15;3;10;187.21099999999998;0.0;0.0;0.0;187.2;187.2;0.0;9.0;1684.8
15;3;11;177.30700000000002;0.0;0.0;0.0;177.3;177.3;0.0;9.0;1595.7
15;3;12;173.016;0.0;0.0;0.0;173.0;173.0;0.0;9.0;1557.0
15;3;13;155.54100000000003;0.0;35.3;0.0;120.3;155.6;0.0;9.0;1400.3999999999999
15;3;14;207.429;0.0;33.5;0.0;173.9;207.4;0.0;9.0;1866.6000000000001
15;3;15;202.75600000000003;0.0;0.0;0.0;202.8;202.8;0.0;9.0;1825.2
15;3;16;208.497;0.0;0.0;0.0;208.5;208.5;0.0;9.0;1876.5
15;3;17;110.218;0.0;0.0;0.0;110.2;110.2;0.0;9.0;991.8000000000001
15;3;18;232.964;0.0;0.0;0.0;233.0;233.0;0.0;9.0;2097.0
15;3;19;56.088;0.0;0.0;0.0;56.1;56.1;0.0;9.0;504.90000000000003
15;3;20;108.89500000000001;0.0;0.0;0.0;108.9;108.9;0.0;9.0;980.1
15;3;21;177.99200000000002;0.0;0.0;0.0;178.0;178.0;0.0;9.0;1602.0
15;3;22;236.808;0.0;0.0;0.0;236.8;236.8;0.0;9.0;2131.2000000000003
15;3;23;207.844;0.0;0.0;0.0;207.8;207.8;0.0;9.0;1870.2
15;3;24;192.857;0.0;0.0;0.0;192.9;192.9;0.0;9.0;1736.1000000000001
15;3;25;20.427;0.0;0.0;0.0;20.4;20.4;0.0;9.0;183.6
15;3;26;163.392;0.0;0.0;0.0;163.4;163.4;0.0;9.0;1470.6000000000001
15;3;27;168.44199999999998;0.0;0.0;0.0;168.4;168.4;0.0;9.0;1515.6000000000001
15;3;28;169.26500000000001;0.0;0.0;0.0;169.3;169.3;0.0;9.0;1523.7
15;3;29;171.958;0.0;0.0;0.0;172.0;172.0;0.0;9.0;1548.0
15;3;30;184.58599999999998;0.0;0.0;0.0;184.6;184.6;0.0;9.0;1661.3999999999999
15;3;31;217.553;0.0;0.0;0.0;217.6;217.6;0.0;9.0;1958.3999999999999
15;3;32;209.539;0.0;0.0;0.0;209.5;209.5;0.0;9.0;1885.5
15;3;33;195.39600000000002;0.0;0.0;0.0;195.4;195.4;0.0;9.0;1758.6000000000001
15;3;34;182.806;0.0;0.0;0.0;182.8;182.8;0.0;9.0;1645.2
15;3;35;183.452;0.0;0.0;0.0;183.5;183.5;0.0;9.0;1651.5
15;3;36;180.55100000000002;0.0;0.0;0.0;180.6;180.6;0.0;9.0;1625.3999999999999
15;3;37;168.516;0.0;0.0;0.0;168.5;168.5;0.0;9.0;1516.5
15;3;38;164.077;0.0;0.0;0.0;164.1;164.1;0.0;9.0;1476.8999999999999
15;3;39;181.23200000000003;0.0;0.0;0.0;181.2;181.2;0.0;9.0;1630.8
15;3;40;178.66299999999998;0.0;0.0;0.0;178.7;178.7;0.0;9.0;1608.3
15;3;41;209.61599999999999;0.0;0.0;0.0;209.6;209.6;0.0;9.0;1886.3999999999999
15;3;42;210.606;0.0;0.0;0.0;210.6;210.6;0.0;9.0;1895.3999999999999
15;3;43;214.48399999999998;0.0;0.0;0.0;214.5;214.5;0.0;9.0;1930.5
15;3;44;213.23399999999998;0.0;0.0;0.0;213.2;213.2;0.0;9.0;1918.8
15;3;45;198.558;0.0;0.0;0.0;198.6;198.6;0.0;9.0;1787.3999999999999
15;3;46;180.112;0.0;0.0;0.0;180.1;180.1;0.0;9.0;1620.8999999999999
15;3;47;178.291;0.0;0.0;0.0;178.3;178.3;0.0;9.0;1604.7
15;3;48;125.175;0.0;0.0;0.0;125.2;125.2;0.0;9.0;1126.8
15;3;49;122.777;0.0;0.0;0.0;122.8;122.8;0.0;9.0;1105.2
15;3;50;117.06299999999999;0.0;0.0;0.0;117.1;117.1;0.0;9.0;1053.8999999999999
15;3;51;113.386;0.0;0.0;0.0;113.4;113.4;0.0;9.0;1020.6
15;3;52;112.077;0.0;0.0;0.0;112.1;112.1;0.0;9.0;1008.9
15;3;53;112.367;0.0;0.0;0.0;112.4;112.4;0.0;9.0;1011.6
15;3;54;115.039;0.0;0.0;0.0;115.0;115.0;0.0;9.0;1035.0
15;3;55;147.623;0.0;0.0;0.0;147.6;147.6;0.0;9.0;1328.3999999999999
15;3;56;168.20999999999998;0.0;0.0;0.0;168.2;168.2;0.0;9.0;1513.8
15;3;57;138.08700000000002;0.0;0.0;0.0;138.1;138.1;0.0;9.0;1242.8999999999999
15;3;58;140.254;0.0;0.0;0.0;140.3;140.3;0.0;9.0;1262.7
15;3;59;135.605;0.0;0.0;0.0;135.6;135.6;0.0;9.0;1220.3999999999999
15;3;60;124.185;0.0;0.0;0.0;124.2;124.2;0.0;9.0;1117.8
15;3;61;122.74900000000001;0.0;0.0;0.0;122.7;122.7;0.0;9.0;1104.3
15;3;62;115.79899999999999;0.0;0.0;0.0;115.8;115.8;0.0;9.0;1042.2
15;3;63;117.077;0.0;0.0;0.0;117.1;117.1;0.0;9.0;1053.8999999999999
15;3;64;137.888;0.0;0.0;0.0;137.9;137.9;0.0;9.0;1241.1000000000001
15;3;65;217.155;0.0;0.0;0.0;217.2;217.2;0.0;9.0;1954.8
15;3;66;217.737;0.0;0.0;0.0;217.7;217.7;0.0;9.0;1959.3
15;3;67;182.347;0.0;0.0;0.0;182.3;182.3;0.0;9.0;1640.7
15;3;68;162.507;0.0;0.0;0.0;162.5;162.5;0.0;9.0;1462.5
15;3;69;56.365;0.0;0.0;0.0;56.4;56.4;0.0;9.0;507.59999999999997
15;3;70;48.388;0.0;0.0;0.0;48.4;48.4;0.0;9.0;435.59999999999997
15;3;71;137.038;0.0;0.0;0.0;137.0;137.0;0.0;9.0;1233.0
15;3;72;109.117;0.0;0.0;0.0;109.1;109.1;0.0;9.0;981.9
15;3;73;113.958;0.0;0.0;0.0;114.0;114.0;0.0;9.0;1026.0
15;3;74;114.069;0.0;0.0;0.0;114.1;114.1;0.0;9.0;1026.8999999999999
15;3;75;117.415;0.0;0.0;0.0;117.4;117.4;0.0;9.0;1056.6000000000001
15;3;76;117.287;0.0;0.0;0.0;117.3;117.3;0.0;9.0;1055.7
15;3;77;117.761;0.0;0.0;0.0;117.8;117.8;0.0;9.0;1060.2
15;3;78;179.09799999999998;0.0;0.0;0.0;179.1;179.1;0.0;9.0;1611.8999999999999
15;3;79;83.85799999999999;0.0;0.0;0.0;83.9;83.9;0.0;9.0;755.1
15;3;80;155.623;0.0;0.0;0.0;155.6;155.6;0.0;9.0;1400.3999999999999
15;3;81;156.625;0.0;0.0;0.0;156.6;156.6;0.0;9.0;1409.3999999999999
15;3;82;154.387;0.0;0.0;0.0;154.4;154.4;0.0;9.0;1389.6000000000001
15;3;83;157.619;0.0;0.0;0.0;157.6;157.6;0.0;9.0;1418.3999999999999
15;3;84;139.015;0.0;0.0;0.0;139.0;139.0;0.0;9.0;1251.0
15;3;85;198.73;0.0;0.0;0.0;198.7;198.7;0.0;9.0;1788.3
15;3;86;82.34;0.0;0.0;0.0;82.3;82.3;0.0;9.0;740.6999999999999
15;3;87;207.298;0.0;0.0;0.0;207.3;207.3;0.0;9.0;1865.7
15;3;88;161.809;0.0;0.0;0.0;161.8;161.8;0.0;9.0;1456.2
15;3;89;220.613;0.0;0.0;0.0;220.6;220.6;0.0;9.0;1985.3999999999999
15;3;90;229.015;0.0;0.0;0.0;229.0;229.0;0.0;9.0;2061.0
15;3;91;88.05199999999999;0.0;0.0;0.0;88.1;88.1;0.0;9.0;792.9
15;3;92;54.613;0.0;0.0;0.0;54.6;54.6;0.0;9.0;491.40000000000003
15;3;93;181.298;0.0;0.0;0.0;181.3;181.3;0.0;9.0;1631.7
15;3;94;190.517;0.0;0.0;0.0;190.5;190.5;0.0;9.0;1714.5
15;3;95;174.035;0.0;0.0;0.0;174.0;174.0;0.0;9.0;1566.0
15;3;96;165.72;0.0;0.0;0.0;165.7;165.7;0.0;9.0;1491.3
15;3;97;174.776;0.0;0.0;0.0;174.8;174.8;0.0;9.0;1573.2
15;3;98;173.871;0.0;0.0;0.0;173.9;173.9;0.0;9.0;1565.1000000000001
15;3;99;178.307;0.0;0.0;0.0;178.3;178.3;0.0;9.0;1604.7
15;3;100;176.87;0.0;0.0;0.0;176.9;176.9;0.0;9.0;1592.1000000000001
15;3;101;173.472;0.0;0.0;0.0;173.5;173.5;0.0;9.0;1561.5
15;3;102;187.26399999999998;0.0;0.0;0.0;187.3;187.3;0.0;9.0;1685.7
15;3;103;194.04500000000002;0.0;0.0;0.0;194.0;194.0;0.0;9.0;1746.0
15;3;104;188.262;0.0;0.0;0.0;188.3;188.3;0.0;9.0;1694.7
15;3;105;235.536;0.0;0.0;0.0;235.5;235.5;0.0;9.0;2119.5
15;3;106;176.075;0.0;0.0;0.0;176.1;176.1;0.0;9.0;1584.8999999999999
15;3;107;201.401;0.0;0.0;0.0;201.4;201.4;0.0;9.0;1812.6000000000001
15;3;108;198.39100000000002;0.0;0.0;0.0;198.4;198.4;0.0;9.0;1785.6000000000001
15;3;109;184.557;0.0;0.0;0.0;184.6;184.6;0.0;9.0;1661.3999999999999
15;3;110;195.782;0.0;0.0;0.0;195.8;195.8;0.0;9.0;1762.2
15;3;111;189.663;0.0;0.0;0.0;189.7;189.7;0.0;9.0;1707.3
15;3;112;188.146;0.0;0.0;0.0;188.1;188.1;0.0;9.0;1692.8999999999999
15;3;113;193.195;0.0;0.0;0.0;193.2;193.2;0.0;9.0;1738.8
15;3;114;209.576;0.0;0.0;0.0;209.6;209.6;0.0;9.0;1886.3999999999999
15;3;115;213.22;0.0;0.0;0.0;213.2;213.2;0.0;9.0;1918.8
15;3;116;189.75400000000002;0.0;0.0;0.0;189.8;189.8;0.0;9.0;1708.2
15;3;117;199.99599999999998;0.0;0.0;0.0;200.0;200.0;0.0;9.0;1800.0
15;3;118;197.67200000000003;0.0;0.0;0.0;197.7;197.7;0.0;9.0;1779.3
15;3;119;227.55900000000003;0.0;0.0;0.0;227.6;227.6;0.0;9.0;2048.4
15;3;120;185.616;0.0;0.0;0.0;185.6;185.6;0.0;9.0;1670.3999999999999
15;3;121;190.67999999999998;0.0;0.0;0.0;190.7;190.7;0.0;9.0;1716.3
15;3;122;190.406;0.0;0.0;0.0;190.4;190.4;0.0;9.0;1713.6000000000001
15;3;123;193.741;0.0;0.0;0.0;193.7;193.7;0.0;9.0;1743.3
15;3;124;158.477;0.0;0.0;0.0;158.5;158.5;0.0;9.0;1426.5
15;3;125;8.013;0.0;0.0;0.0;8.0;8.0;0.0;9.0;72.0
15;3;126;192.418;0.0;0.0;0.0;192.4;192.4;0.0;9.0;1731.6000000000001
15;3;127;217.55200000000002;0.0;0.0;0.0;217.6;217.6;0.0;9.0;1958.3999999999999
15;3;128;204.376;0.0;0.0;0.0;204.4;204.4;0.0;9.0;1839.6000000000001
15;3;129;209.35899999999998;0.0;0.0;0.0;209.4;209.4;0.0;9.0;1884.6000000000001
15;3;130;191.008;0.0;0.0;0.0;191.0;191.0;0.0;9.0;1719.0
15;3;131;191.06199999999998;0.0;0.0;0.0;191.1;191.1;0.0;9.0;1719.8999999999999
15;3;132;182.681;0.0;0.0;0.0;182.7;182.7;0.0;9.0;1644.3
15;3;133;177.196;0.0;0.0;0.0;177.2;177.2;0.0;9.0;1594.8
15;3;134;173.009;0.0;0.0;0.0;173.0;173.0;0.0;9.0;1557.0
15;3;135;176.00300000000001;0.0;0.0;0.0;176.0;176.0;0.0;9.0;1584.0
15;3;136;216.236;0.0;0.0;0.0;216.2;216.2;0.0;9.0;1945.8
15;3;137;157.774;0.0;0.0;0.0;157.8;157.8;0.0;9.0;1420.2
15;3;138;219.49;0.0;0.0;0.0;219.5;219.5;0.0;9.0;1975.5
15;3;139;241.92499999999998;0.0;0.0;0.0;241.9;241.9;0.0;9.0;2177.1
15;3;140;192.351;0.0;0.0;0.0;192.4;192.4;0.0;9.0;1731.6000000000001
15;3;141;204.501;0.0;0.0;0.0;204.5;204.5;0.0;9.0;1840.5
15;3;142;204.34499999999997;0.0;0.0;0.0;204.3;204.3;0.0;9.0;1838.7
15;3;143;202.606;0.0;0.0;0.0;202.6;202.6;0.0;9.0;1823.3999999999999
15;3;144;194.443;0.0;0.0;0.0;194.4;194.4;0.0;9.0;1749.6000000000001
15;3;145;155.699;0.0;0.0;0.0;155.7;155.7;0.0;9.0;1401.3
15;3;146;197.666;0.0;0.0;0.0;197.7;197.7;0.0;9.0;1779.3
15;3;147;159.784;0.0;0.0;0.0;159.8;159.8;0.0;9.0;1438.2
15;3;148;180.21699999999998;0.0;0.0;0.0;180.2;180.2;0.0;9.0;1621.8
15;3;149;182.328;0.0;0.0;0.0;182.3;182.3;0.0;9.0;1640.7
15;3;150;198.14600000000002;0.0;0.0;0.0;198.1;198.1;0.0;9.0;1782.8999999999999
15;3;151;205.17000000000002;0.0;0.0;0.0;205.2;205.2;0.0;9.0;1846.8
15;3;152;212.183;0.0;0.0;0.0;212.2;212.2;0.0;9.0;1909.8
15;3;153;197.72;0.0;0.0;0.0;197.7;197.7;0.0;9.0;1779.3
15;3;154;173.572;0.0;0.0;0.0;173.6;173.6;0.0;9.0;1562.3999999999999
15;3;155;157.629;0.0;0.0;0.0;157.6;157.6;0.0;9.0;1418.3999999999999
15;3;156;166.113;0.0;0.0;0.0;166.1;166.1;0.0;9.0;1494.8999999999999
15;3;157;199.482;0.0;0.0;0.0;199.5;199.5;0.0;9.0;1795.5
15;3;158;106.286;0.0;0.0;0.0;106.3;106.3;0.0;9.0;956.6999999999999
15;3;159;156.702;0.0;0.0;0.0;156.7;156.7;0.0;9.0;1410.3
15;3;160;165.868;0.0;0.0;0.0;165.9;165.9;0.0;9.0;1493.1000000000001
15;3;161;159.621;0.0;0.0;0.0;159.6;159.6;0.0;9.0;1436.3999999999999
15;3;162;162.906;0.0;0.0;0.0;162.9;162.9;0.0;9.0;1466.1000000000001
15;3;163;171.618;0.0;0.0;0.0;171.6;171.6;0.0;9.0;1544.3999999999999
15;3;164;173.20499999999998;0.0;0.0;0.0;173.2;173.2;0.0;9.0;1558.8
15;3;165;172.28699999999998;0.0;0.0;0.0;172.3;172.3;0.0;9.0;1550.7
15;3;166;221.481;0.0;0.0;0.0;221.5;221.5;0.0;9.0;1993.5
15;3;167;208.01299999999998;0.0;0.0;0.0;208.0;208.0;0.0;9.0;1872.0
20;0;0;5.441;0.0;0.0;0.0;5.4;5.4;0.0;10.0;54.0
20;0;1;140.475;0.0;0.0;0.0;140.5;140.5;0.0;10.0;1405.0
20;0;2;203.5;0.0;0.0;0.0;203.5;203.5;0.0;10.0;2035.0
20;0;3;201.439;0.0;0.0;0.0;201.4;201.4;0.0;10.0;2014.0
20;0;4;204.226;0.0;0.0;0.0;204.2;204.2;0.0;10.0;2042.0
20;0;5;209.04399999999998;0.0;0.0;0.0;209.0;209.0;0.0;10.0;2090.0
20;0;6;176.633;0.0;0.0;0.0;176.6;176.6;0.0;10.0;1766.0
20;0;7;23.945;0.0;0.0;0.0;23.9;23.9;0.0;10.0;239.0
20;0;8;233.578;0.0;0.0;0.0;233.6;233.6;0.0;10.0;2336.0
20;0;9;227.859;0.0;0.0;0.0;227.9;227.9;0.0;10.0;2279.0
20;0;10;238.25;0.0;0.0;0.0;238.2;238.2;0.0;10.0;2382.0
20;0;11;215.496;0.0;0.0;0.0;215.5;215.5;0.0;10.0;2155.0
20;0;12;202.692;0.0;0.0;0.0;202.7;202.7;0.0;10.0;2027.0
20;0;13;192.791;0.0;0.0;0.0;192.8;192.8;0.0;10.0;1928.0
20;0;14;180.37;0.0;0.0;0.0;180.4;180.4;0.0;10.0;1804.0
20;0;15;193.86700000000002;0.0;0.0;0.0;193.9;193.9;0.0;10.0;1939.0
20;0;16;195.194;0.0;0.0;0.0;195.2;195.2;0.0;10.0;1952.0
20;0;17;193.034;0.0;0.0;0.0;193.0;193.0;0.0;10.0;1930.0
20;0;18;194.421;0.0;0.0;0.0;194.4;194.4;0.0;10.0;1944.0
20;0;19;203.506;0.0;0.0;0.0;203.5;203.5;0.0;10.0;2035.0
20;0;20;198.482;0.0;0.0;0.0;198.5;198.5;0.0;10.0;1985.0
20;0;21;207.569;0.0;0.0;0.0;207.6;207.6;0.0;10.0;2076.0
20;0;22;206.55599999999998;0.0;0.0;0.0;206.6;206.6;0.0;10.0;2066.0
20;0;23;191.79399999999998;0.0;0.0;0.0;191.8;191.8;0.0;10.0;1918.0
20;0;24;146.097;0.0;0.0;0.0;146.1;146.1;0.0;10.0;1461.0
20;0;25;152.859;0.0;0.0;0.0;152.9;152.9;0.0;10.0;1529.0
20;0;26;148.078;0.0;0.0;0.0;148.1;148.1;0.0;10.0;1481.0
20;0;27;150.477;0.0;0.0;0.0;150.5;150.5;0.0;10.0;1505.0
20;0;28;147.113;0.0;0.0;0.0;147.1;147.1;0.0;10.0;1471.0
20;0;29;147.14100000000002;0.0;0.0;0.0;147.1;147.1;0.0;10.0;1471.0
20;0;30;156.185;0.0;0.0;0.0;156.2;156.2;0.0;10.0;1562.0
20;0;31;169.7;0.0;0.0;0.0;169.7;169.7;0.0;10.0;1697.0
20;0;32;176.989;0.0;0.0;0.0;177.0;177.0;0.0;10.0;1770.0
20;0;33;169.377;0.0;0.0;0.0;169.4;169.4;0.0;10.0;1694.0
20;0;34;168.625;0.0;0.0;0.0;168.6;168.6;0.0;10.0;1686.0
20;0;35;157.151;0.0;1.7;0.0;155.4;157.1;0.0;10.0;1571.0
20;0;36;158.259;0.0;0.0;0.0;158.3;158.3;0.0;10.0;1583.0
20;0;37;144.536;0.0;63.8;0.0;80.7;144.5;0.0;10.0;1445.0
20;0;38;144.01999999999998;0.0;68.8;0.0;75.2;144.0;0.0;10.0;1440.0
20;0;39;168.106;0.0;38.8;0.0;129.3;168.1;0.0;10.0;1681.0
20;0;40;159.17700000000002;0.0;0.0;0.0;159.2;159.2;0.0;10.0;1592.0
20;0;41;232.245;0.0;0.0;0.0;232.2;232.2;0.0;10.0;2322.0
20;0;42;103.517;0.0;0.0;0.0;103.5;103.5;0.0;10.0;1035.0
20;0;43;169.89600000000002;0.0;0.0;0.0;169.9;169.9;0.0;10.0;1699.0
20;0;44;181.483;0.0;0.0;0.0;181.5;181.5;0.0;10.0;1815.0
20;0;45;243.63299999999998;0.0;0.0;0.0;243.6;243.6;0.0;10.0;2436.0
20;0;46;105.816;0.0;0.0;0.0;105.8;105.8;0.0;10.0;1058.0
20;0;47;163.839;0.0;0.0;0.0;163.8;163.8;0.0;10.0;1638.0
20;0;48;129.401;0.0;0.0;0.0;129.4;129.4;0.0;10.0;1294.0
20;0;49;133.956;0.0;0.0;0.0;134.0;134.0;0.0;10.0;1340.0
20;0;50;187.59;0.0;0.0;0.0;187.6;187.6;0.0;10.0;1876.0
20;0;51;80.383;0.0;0.0;0.0;80.4;80.4;0.0;10.0;804.0
20;0;52;136.29;0.0;0.0;0.0;136.3;136.3;0.0;10.0;1363.0
20;0;53;134.253;0.0;0.0;0.0;134.3;134.3;0.0;10.0;1343.0
20;0;54;135.00199999999998;0.0;0.0;0.0;135.0;135.0;0.0;10.0;1350.0
20;0;55;162.62099999999998;0.0;0.0;0.0;162.6;162.6;0.0;10.0;1626.0
20;0;56;164.76100000000002;0.0;0.0;0.0;164.8;164.8;0.0;10.0;1648.0
20;0;57;154.831;0.0;0.0;0.0;154.8;154.8;0.0;10.0;1548.0
20;0;58;155.666;0.0;0.0;0.0;155.7;155.7;0.0;10.0;1557.0
20;0;59;138.704;0.0;0.0;0.0;138.7;138.7;0.0;10.0;1387.0
20;0;60;124.95;0.0;0.0;0.0;124.9;124.9;0.0;10.0;1249.0
20;0;61;114.345;0.0;0.0;0.0;114.3;114.3;0.0;10.0;1143.0
20;0;62;106.259;0.0;0.0;0.0;106.3;106.3;0.0;10.0;1063.0
20;0;63;191.70100000000002;0.0;0.0;0.0;191.7;191.7;0.0;10.0;1917.0
20;0;64;214.128;0.0;3.0;0.0;211.1;214.1;0.0;10.0;2141.0
20;0;65;43.178;0.0;0.0;0.0;43.2;43.2;0.0;10.0;432.0
20;0;66;65.30199999999999;0.0;0.0;0.0;65.3;65.3;0.0;10.0;653.0
20;0;67;145.752;0.0;0.0;0.0;145.8;145.8;0.0;10.0;1458.0
20;0;68;215.888;0.0;0.0;0.0;215.9;215.9;0.0;10.0;2159.0
20;0;69;200.163;0.0;0.0;0.0;200.2;200.2;0.0;10.0;2002.0
20;0;70;225.543;0.0;0.0;0.0;225.5;225.5;0.0;10.0;2255.0
20;0;71;126.85600000000001;0.0;0.0;0.0;126.9;126.9;0.0;10.0;1269.0
20;0;72;37.906000000000006;0.0;0.0;0.0;37.9;37.9;0.0;10.0;379.0
20;0;73;185.095;0.0;0.0;0.0;185.1;185.1;0.0;10.0;1851.0
20;0;74;118.577;0.0;0.0;0.0;118.6;118.6;0.0;10.0;1186.0
20;0;75;124.47;0.0;0.0;0.0;124.5;124.5;0.0;10.0;1245.0
20;0;76;129.75;0.0;0.0;0.0;129.8;129.8;0.0;10.0;1298.0
20;0;77;49.343;0.0;0.0;0.0;49.3;49.3;0.0;10.0;493.0
20;0;78;10.221;0.0;0.0;0.0;10.2;10.2;0.0;10.0;102.0
20;0;79;206.454;0.0;0.0;0.0;206.5;206.5;0.0;10.0;2065.0
20;0;80;158.707;0.0;0.0;0.0;158.7;158.7;0.0;10.0;1587.0
20;0;81;173.277;0.0;0.0;0.0;173.3;173.3;0.0;10.0;1733.0
20;0;82;181.90300000000002;0.0;0.0;0.0;181.9;181.9;0.0;10.0;1819.0
20;0;83;162.024;0.0;0.0;0.0;162.0;162.0;0.0;10.0;1620.0
20;0;84;169.852;0.0;0.0;0.0;169.9;169.9;0.0;10.0;1699.0
20;0;85;147.976;0.0;0.0;0.0;148.0;148.0;0.0;10.0;1480.0
20;0;86;144.781;0.0;0.0;0.0;144.8;144.8;0.0;10.0;1448.0
20;0;87;149.006;0.0;0.0;0.0;149.0;149.0;0.0;10.0;1490.0
20;0;88;151.63;0.0;0.0;0.0;151.6;151.6;0.0;10.0;1516.0
20;0;89;152.50099999999998;0.0;0.0;0.0;152.5;152.5;0.0;10.0;1525.0
20;0;90;155.78300000000002;0.0;0.0;0.0;155.8;155.8;0.0;10.0;1558.0
20;0;91;152.835;0.0;0.0;0.0;152.8;152.8;0.0;10.0;1528.0
20;0;92;169.319;0.0;0.0;0.0;169.3;169.3;0.0;10.0;1693.0
20;0;93;155.25900000000001;0.0;0.0;0.0;155.3;155.3;0.0;10.0;1553.0
20;0;94;155.905;0.0;0.0;0.0;155.9;155.9;0.0;10.0;1559.0
20;0;95;137.312;0.0;0.0;0.0;137.3;137.3;0.0;10.0;1373.0
20;0;96;118.17099999999999;0.0;0.0;0.0;118.2;118.2;0.0;10.0;1182.0
20;0;97;127.96900000000001;0.0;0.0;0.0;128.0;128.0;0.0;10.0;1280.0
20;0;98;120.894;0.0;0.0;0.0;120.9;120.9;0.0;10.0;1209.0
20;0;99;119.321;0.0;0.0;0.0;119.3;119.3;0.0;10.0;1193.0
20;0;100;119.087;0.0;0.0;0.0;119.1;119.1;0.0;10.0;1191.0
20;0;101;117.718;0.0;0.0;0.0;117.7;117.7;0.0;10.0;1177.0
20;0;102;130.985;0.0;0.0;0.0;131.0;131.0;0.0;10.0;1310.0
20;0;103;146.18;0.0;0.0;0.0;146.2;146.2;0.0;10.0;1462.0
20;0;104;152.853;0.0;0.0;0.0;152.9;152.9;0.0;10.0;1529.0
20;0;105;153.148;0.0;0.0;0.0;153.1;153.1;0.0;10.0;1531.0
20;0;106;165.977;0.0;0.0;0.0;166.0;166.0;0.0;10.0;1660.0
20;0;107;124.17999999999999;0.0;0.0;0.0;124.2;124.2;0.0;10.0;1242.0
20;0;108;130.12;0.0;0.0;0.0;130.1;130.1;0.0;10.0;1301.0
20;0;109;125.377;0.0;0.0;0.0;125.4;125.4;0.0;10.0;1254.0
20;0;110;136.555;0.0;0.0;0.0;136.6;136.6;0.0;10.0;1366.0
20;0;111;135.743;0.0;0.0;0.0;135.7;135.7;0.0;10.0;1357.0
20;0;112;145.048;0.0;0.0;0.0;145.0;145.0;0.0;10.0;1450.0
20;0;113;208.898;0.0;0.0;0.0;208.9;208.9;0.0;10.0;2089.0
20;0;114;75.411;0.0;0.0;0.0;75.4;75.4;0.0;10.0;754.0
20;0;115;165.544;0.0;0.0;0.0;165.5;165.5;0.0;10.0;1655.0
20;0;116;153.064;0.0;0.0;0.0;153.1;153.1;0.0;10.0;1531.0
20;0;117;154.10899999999998;0.0;0.0;0.0;154.1;154.1;0.0;10.0;1541.0
20;0;118;132.91500000000002;0.0;0.0;0.0;132.9;132.9;0.0;10.0;1329.0
20;0;119;118.559;0.0;0.0;0.0;118.6;118.6;0.0;10.0;1186.0
20;0;120;93.05499999999999;0.0;0.0;0.0;93.1;93.1;0.0;10.0;931.0
20;0;121;94.81400000000001;0.0;0.0;0.0;94.8;94.8;0.0;10.0;948.0
20;0;122;89.235;0.0;0.0;0.0;89.2;89.2;0.0;10.0;892.0
20;0;123;84.465;0.0;0.0;0.0;84.5;84.5;0.0;10.0;845.0
20;0;124;84.202;0.0;0.0;0.0;84.2;84.2;0.0;10.0;842.0
20;0;125;85.97999999999999;0.0;0.0;0.0;86.0;86.0;0.0;10.0;860.0
20;0;126;93.991;0.0;0.0;0.0;94.0;94.0;0.0;10.0;940.0
20;0;127;105.301;0.0;0.0;0.0;105.3;105.3;0.0;10.0;1053.0
20;0;128;114.763;0.0;0.0;0.0;114.8;114.8;0.0;10.0;1148.0
20;0;129;104.68;0.0;0.0;0.0;104.7;104.7;0.0;10.0;1047.0
20;0;130;184.506;0.0;0.0;0.0;184.5;184.5;0.0;10.0;1845.0
20;0;131;176.45600000000002;0.0;0.0;0.0;176.5;176.5;0.0;10.0;1765.0
20;0;132;21.608;0.0;0.0;0.0;21.6;21.6;0.0;10.0;216.0
20;0;133;30.828;0.0;0.0;0.0;30.8;30.8;0.0;10.0;308.0
20;0;134;144.909;0.0;0.0;0.0;144.9;144.9;0.0;10.0;1449.0
20;0;135;183.625;0.0;0.0;0.0;183.6;183.6;0.0;10.0;1836.0
20;0;136;107.715;0.0;0.0;0.0;107.7;107.7;0.0;10.0;1077.0
20;0;137;85.505;0.0;0.0;0.0;85.5;85.5;0.0;10.0;855.0
20;0;138;56.458;0.0;0.0;0.0;56.5;56.5;0.0;10.0;565.0
20;0;139;66.343;0.0;0.0;0.0;66.3;66.3;0.0;10.0;663.0
20;0;140;139.824;0.0;0.0;0.0;139.8;139.8;0.0;10.0;1398.0
20;0;141;127.098;0.0;0.0;0.0;127.1;127.1;0.0;10.0;1271.0
20;0;142;120.78;0.0;0.0;0.0;120.8;120.8;0.0;10.0;1208.0
20;0;143;108.917;0.0;0.0;0.0;108.9;108.9;0.0;10.0;1089.0
20;0;144;87.598;0.0;0.0;0.0;87.6;87.6;0.0;10.0;876.0
20;0;145;92.14699999999999;0.0;0.0;0.0;92.1;92.1;0.0;10.0;921.0
20;0;146;92.313;0.0;0.0;0.0;92.3;92.3;0.0;10.0;923.0
20;0;147;92.697;0.0;0.0;0.0;92.7;92.7;0.0;10.0;927.0
20;0;148;171.796;0.0;0.0;0.0;171.8;171.8;0.0;10.0;1718.0
20;0;149;20.249000000000002;0.0;0.0;0.0;20.2;20.2;0.0;10.0;202.0
20;0;150;181.31300000000002;0.0;0.0;0.0;181.3;181.3;0.0;10.0;1813.0
20;0;151;198.322;0.0;0.0;0.0;198.3;198.3;0.0;10.0;1983.0
20;0;152;29.673;0.0;0.0;0.0;29.7;29.7;0.0;10.0;297.0
20;0;153;111.965;0.0;1.4;0.0;110.6;112.0;0.0;10.0;1120.0
20;0;154;152.192;0.0;31.0;0.0;121.2;152.2;0.0;10.0;1522.0
20;0;155;125.411;0.0;0.0;0.0;125.4;125.4;0.0;10.0;1254.0
20;0;156;119.269;0.0;26.7;0.0;92.5;119.2;0.0;10.0;1192.0
20;0;157;116.57;0.0;0.0;0.0;116.6;116.6;0.0;10.0;1166.0
20;0;158;104.753;0.0;0.0;0.0;104.8;104.8;0.0;10.0;1048.0
20;0;159;97.724;0.0;0.0;0.0;97.7;97.7;0.0;10.0;977.0
20;0;160;200.31;0.0;0.0;0.0;200.3;200.3;0.0;10.0;2003.0
20;0;161;57.556;0.0;0.0;0.0;57.6;57.6;0.0;10.0;576.0
20;0;162;214.103;0.0;0.0;0.0;214.1;214.1;0.0;10.0;2141.0
20;0;163;128.022;0.0;0.0;0.0;128.0;128.0;0.0;10.0;1280.0
20;0;164;56.174;0.0;0.0;0.0;56.2;56.2;0.0;10.0;562.0
20;0;165;152.11;0.0;0.0;0.0;152.1;152.1;0.0;10.0;1521.0
20;0;166;177.126;0.0;0.0;0.0;177.1;177.1;0.0;10.0;1771.0
20;0;167;205.916;0.0;0.0;0.0;205.9;205.9;0.0;10.0;2059.0
20;1;0;5.556;0.0;0.0;0.0;5.6;5.6;0.0;22.0;123.19999999999999
20;1;1;7.117;0.0;0.0;0.0;7.1;7.1;0.0;22.0;156.2
20;1;2;7.237;0.0;0.0;0.0;7.2;7.2;0.0;22.0;158.4
20;1;3;7.476;0.0;0.0;0.0;7.5;7.5;0.0;22.0;165.0
20;1;4;9.078;0.0;0.0;0.0;9.1;9.1;0.0;22.0;200.2
20;1;5;10.018;0.0;0.0;0.0;10.0;10.0;0.0;22.0;220.0
20;1;6;15.769;0.0;0.0;0.0;15.8;15.8;0.0;22.0;347.6
20;1;7;19.946;0.0;5.1;0.0;14.8;19.9;0.0;22.0;437.79999999999995
20;1;8;30.779;0.0;30.8;0.0;0.0;30.8;0.0;22.0;677.6
20;1;9;25.437;0.0;25.4;0.0;0.0;25.4;0.0;22.0;558.8
20;1;10;30.081;0.0;30.1;0.0;0.0;30.1;0.0;22.0;662.2
20;1;11;25.809;0.0;25.8;0.0;0.0;25.8;0.0;22.0;567.6
20;1;12;31.581;0.0;31.6;0.0;0.0;31.6;0.0;22.0;695.2
20;1;13;30.316;0.0;30.3;0.0;0.0;30.3;0.0;22.0;666.6
20;1;14;31.062;0.0;31.1;0.0;0.0;31.1;0.0;22.0;684.2
20;1;15;19.449;0.0;19.4;0.0;0.0;19.4;0.0;22.0;426.79999999999995
20;1;16;34.787;0.0;34.8;0.0;0.0;34.8;0.0;22.0;765.5999999999999
20;1;17;46.317;0.0;27.6;0.0;18.8;46.4;0.0;22.0;1020.8
20;1;18;52.142;0.0;0.0;0.0;52.1;52.1;0.0;22.0;1146.2
20;1;19;47.588;0.0;0.0;0.0;47.6;47.6;0.0;22.0;1047.2
20;1;20;53.727;0.0;0.0;0.0;53.7;53.7;0.0;22.0;1181.4
20;1;21;47.005;0.0;0.0;0.0;47.0;47.0;0.0;22.0;1034.0
20;1;22;52.088;0.0;0.0;0.0;52.1;52.1;0.0;22.0;1146.2
20;1;23;27.652;0.0;0.0;0.0;27.7;27.7;0.0;22.0;609.4
20;1;24;5.537;0.0;0.0;0.0;5.5;5.5;0.0;22.0;121.0
20;1;25;7.472;0.0;0.0;0.0;7.5;7.5;0.0;22.0;165.0
20;1;26;8.633;0.0;0.0;0.0;8.6;8.6;0.0;22.0;189.2
20;1;27;10.279;0.0;0.0;0.0;10.3;10.3;0.0;22.0;226.60000000000002
20;1;28;11.091;0.0;0.0;0.0;11.1;11.1;0.0;22.0;244.2
20;1;29;12.638;0.0;0.0;0.0;12.6;12.6;0.0;22.0;277.2
20;1;30;23.045;0.0;0.0;0.0;23.0;23.0;0.0;22.0;506.0
20;1;31;32.751;0.0;0.0;0.0;32.8;32.8;0.0;22.0;721.5999999999999
20;1;32;33.742000000000004;0.0;33.7;0.0;0.0;33.7;0.0;22.0;741.4000000000001
20;1;33;29.28;0.0;29.3;0.0;0.0;29.3;0.0;22.0;644.6
20;1;34;48.411;0.0;48.4;0.0;0.0;48.4;0.0;22.0;1064.8
20;1;35;28.720999999999997;0.0;28.7;0.0;0.0;28.7;0.0;22.0;631.4
20;1;36;41.027;0.0;41.0;0.0;0.0;41.0;0.0;22.0;902.0
20;1;37;33.637;0.0;33.6;0.0;0.0;33.6;0.0;22.0;739.2
20;1;38;31.073;0.0;31.1;0.0;0.0;31.1;0.0;22.0;684.2
20;1;39;36.471000000000004;0.0;36.5;0.0;0.0;36.5;0.0;22.0;803.0
20;1;40;31.196;0.0;31.2;0.0;0.0;31.2;0.0;22.0;686.4
20;1;41;87.89;0.0;31.1;0.0;56.8;87.9;0.0;22.0;1933.8000000000002
20;1;42;39.862;0.0;8.0;0.0;31.8;39.8;0.0;22.0;875.5999999999999
20;1;43;38.274;0.0;0.0;0.0;38.3;38.3;0.0;22.0;842.5999999999999
20;1;44;49.168;0.0;0.0;0.0;49.2;49.2;0.0;22.0;1082.4
20;1;45;68.166;0.0;0.0;0.0;68.2;68.2;0.0;22.0;1500.4
20;1;46;55.194;0.0;0.0;0.0;55.2;55.2;0.0;22.0;1214.4
20;1;47;40.404;0.0;0.0;0.0;40.4;40.4;0.0;22.0;888.8
20;1;48;5.587;0.0;0.0;0.0;5.6;5.6;0.0;22.0;123.19999999999999
20;1;49;8.168;0.0;0.0;0.0;8.2;8.2;0.0;22.0;180.39999999999998
20;1;50;8.398;0.0;0.0;0.0;8.4;8.4;0.0;22.0;184.8
20;1;51;8.393;0.0;0.0;0.0;8.4;8.4;0.0;22.0;184.8
20;1;52;7.837;0.0;0.0;0.0;7.8;7.8;0.0;22.0;171.6
20;1;53;7.614;0.0;0.0;0.0;7.6;7.6;0.0;22.0;167.2
20;1;54;8.712;0.0;0.0;0.0;8.7;8.7;0.0;22.0;191.39999999999998
20;1;55;14.814;0.0;0.0;0.0;14.8;14.8;0.0;22.0;325.6
20;1;56;36.136;0.0;33.5;0.0;2.6;36.1;0.0;22.0;794.2
20;1;57;17.35;0.0;17.4;0.0;0.0;17.4;0.0;22.0;382.79999999999995
20;1;58;40.964;0.0;41.0;0.0;0.0;41.0;0.0;22.0;902.0
20;1;59;34.464;0.0;34.5;0.0;0.0;34.5;0.0;22.0;759.0
20;1;60;29.561;0.0;29.6;0.0;0.0;29.6;0.0;22.0;651.2
20;1;61;31.078;0.0;31.1;0.0;0.0;31.1;0.0;22.0;684.2
20;1;62;28.335;0.0;28.3;0.0;0.0;28.3;0.0;22.0;622.6
20;1;63;73.973;0.0;4.2;0.0;69.8;74.0;0.0;22.0;1628.0
20;1;64;29.366;0.0;29.4;0.0;0.0;29.4;0.0;22.0;646.8
20;1;65;38.062;0.0;38.1;0.0;0.0;38.1;0.0;22.0;838.2
20;1;66;46.726;0.0;0.0;0.0;46.7;46.7;0.0;22.0;1027.4
20;1;67;60.323;0.0;0.0;0.0;60.3;60.3;0.0;22.0;1326.6
20;1;68;56.566;0.0;0.0;0.0;56.6;56.6;0.0;22.0;1245.2
20;1;69;42.631;0.0;0.0;0.0;42.6;42.6;0.0;22.0;937.2
20;1;70;56.778;0.0;0.0;0.0;56.8;56.8;0.0;22.0;1249.6
20;1;71;34.101;0.0;0.0;0.0;34.1;34.1;0.0;22.0;750.2
20;1;72;5.584;0.0;0.0;0.0;5.6;5.6;0.0;22.0;123.19999999999999
20;1;73;7.115;0.0;0.0;0.0;7.1;7.1;0.0;22.0;156.2
20;1;74;7.355;0.0;0.0;0.0;7.4;7.4;0.0;22.0;162.8
20;1;75;7.517;0.0;0.0;0.0;7.5;7.5;0.0;22.0;165.0
20;1;76;7.784;0.0;0.0;0.0;7.8;7.8;0.0;22.0;171.6
20;1;77;8.264;0.0;0.0;0.0;8.3;8.3;0.0;22.0;182.60000000000002
20;1;78;10.001;0.0;0.0;0.0;10.0;10.0;0.0;22.0;220.0
20;1;79;10.264;0.0;4.1;0.0;6.2;10.3;0.0;22.0;226.60000000000002
20;1;80;21.506;0.0;21.5;0.0;0.0;21.5;0.0;22.0;473.0
20;1;81;28.000999999999998;0.0;28.0;0.0;0.0;28.0;0.0;22.0;616.0
20;1;82;32.083999999999996;0.0;32.1;0.0;0.0;32.1;0.0;22.0;706.2
20;1;83;29.604;0.0;29.6;0.0;0.0;29.6;0.0;22.0;651.2
20;1;84;36.746;0.0;36.7;0.0;0.0;36.7;0.0;22.0;807.4000000000001
20;1;85;35.263;0.0;35.3;0.0;0.0;35.3;0.0;22.0;776.5999999999999
20;1;86;32.455;0.0;32.5;0.0;0.0;32.5;0.0;22.0;715.0
20;1;87;82.793;0.0;82.8;0.0;0.0;82.8;0.0;22.0;1821.6
20;1;88;36.414;0.0;36.4;0.0;0.0;36.4;0.0;22.0;800.8
20;1;89;44.281;0.0;35.6;0.0;8.7;44.3;0.0;22.0;974.5999999999999
20;1;90;36.865;0.0;9.0;0.0;27.9;36.9;0.0;22.0;811.8
20;1;91;39.171;0.0;0.0;0.0;39.2;39.2;0.0;22.0;862.4000000000001
20;1;92;44.294;0.0;0.0;0.0;44.3;44.3;0.0;22.0;974.5999999999999
20;1;93;52.993;0.0;0.0;0.0;53.0;53.0;0.0;22.0;1166.0
20;1;94;45.558;0.0;0.0;0.0;45.6;45.6;0.0;22.0;1003.2
20;1;95;37.013;0.0;0.0;0.0;37.0;37.0;0.0;22.0;814.0
20;1;96;6.429;0.0;0.0;0.0;6.4;6.4;0.0;22.0;140.8
20;1;97;11.26;0.0;0.0;0.0;11.3;11.3;0.0;22.0;248.60000000000002
20;1;98;8.052;0.0;0.0;0.0;8.1;8.1;0.0;22.0;178.2
20;1;99;7.537;0.0;0.0;0.0;7.5;7.5;0.0;22.0;165.0
20;1;100;11.67;0.0;0.0;0.0;11.7;11.7;0.0;22.0;257.4
20;1;101;7.071;0.0;0.0;0.0;7.1;7.1;0.0;22.0;156.2
20;1;102;7.011;0.0;0.0;0.0;7.0;7.0;0.0;22.0;154.0
20;1;103;19.04;0.0;2.6;0.0;16.5;19.1;0.0;22.0;420.20000000000005
20;1;104;29.159;0.0;26.5;0.0;2.6;29.1;0.0;22.0;640.2
20;1;105;54.076;0.0;35.7;0.0;18.4;54.1;0.0;22.0;1190.2
20;1;106;41.477000000000004;0.0;41.5;0.0;0.0;41.5;0.0;22.0;913.0
20;1;107;42.845;0.0;42.8;0.0;0.0;42.8;0.0;22.0;941.5999999999999
20;1;108;33.857;0.0;33.9;0.0;0.0;33.9;0.0;22.0;745.8
20;1;109;37.397000000000006;0.0;37.4;0.0;0.0;37.4;0.0;22.0;822.8
20;1;110;37.763;0.0;37.8;0.0;0.0;37.8;0.0;22.0;831.5999999999999
20;1;111;33.967;0.0;34.0;0.0;0.0;34.0;0.0;22.0;748.0
20;1;112;39.475;0.0;39.5;0.0;0.0;39.5;0.0;22.0;869.0
20;1;113;78.061;0.0;6.7;0.0;71.3;78.0;0.0;22.0;1716.0
20;1;114;40.143;0.0;5.1;0.0;35.0;40.1;0.0;22.0;882.2
20;1;115;47.535;0.0;0.0;0.0;47.5;47.5;0.0;22.0;1045.0
20;1;116;61.584;0.0;0.0;0.0;61.6;61.6;0.0;22.0;1355.2
20;1;117;56.475;0.0;0.0;0.0;56.5;56.5;0.0;22.0;1243.0
20;1;118;59.879;0.0;0.0;0.0;59.9;59.9;0.0;22.0;1317.8
20;1;119;43.986;0.0;0.0;0.0;44.0;44.0;0.0;22.0;968.0
20;1;120;5.884;0.0;0.0;0.0;5.9;5.9;0.0;22.0;129.8
20;1;121;9.468;0.0;0.0;0.0;9.5;9.5;0.0;22.0;209.0
20;1;122;7.254;0.0;0.0;0.0;7.3;7.3;0.0;22.0;160.6
20;1;123;9.122;0.0;0.0;0.0;9.1;9.1;0.0;22.0;200.2
20;1;124;8.57;0.0;0.0;0.0;8.6;8.6;0.0;22.0;189.2
20;1;125;6.571;0.0;0.0;0.0;6.6;6.6;0.0;22.0;145.2
20;1;126;16.541;0.0;0.0;0.0;16.5;16.5;0.0;22.0;363.0
20;1;127;33.247;0.0;0.0;0.0;33.2;33.2;0.0;22.0;730.4000000000001
20;1;128;32.813;0.0;32.8;0.0;0.0;32.8;0.0;22.0;721.5999999999999
20;1;129;33.123;0.0;33.1;0.0;0.0;33.1;0.0;22.0;728.2
20;1;130;26.308;0.0;26.3;0.0;0.0;26.3;0.0;22.0;578.6
20;1;131;36.801;0.0;36.8;0.0;0.0;36.8;0.0;22.0;809.5999999999999
20;1;132;34.195;0.0;34.2;0.0;0.0;34.2;0.0;22.0;752.4000000000001
20;1;133;34.458000000000006;0.0;34.5;0.0;0.0;34.5;0.0;22.0;759.0
20;1;134;28.747;0.0;28.7;0.0;0.0;28.7;0.0;22.0;631.4
20;1;135;30.424;0.0;30.4;0.0;0.0;30.4;0.0;22.0;668.8
20;1;136;61.010999999999996;0.0;61.0;0.0;0.0;61.0;0.0;22.0;1342.0
20;1;137;69.34700000000001;0.0;28.1;0.0;41.3;69.4;0.0;22.0;1526.8000000000002
20;1;138;54.516;0.0;3.3;0.0;51.2;54.5;0.0;22.0;1199.0
20;1;139;59.02;0.0;0.0;0.0;59.0;59.0;0.0;22.0;1298.0
20;1;140;56.771;0.0;0.0;0.0;56.8;56.8;0.0;22.0;1249.6
20;1;141;49.109;0.0;0.0;0.0;49.1;49.1;0.0;22.0;1080.2
20;1;142;69.681;0.0;0.0;0.0;69.7;69.7;0.0;22.0;1533.4
20;1;143;40.935;0.0;0.0;0.0;40.9;40.9;0.0;22.0;899.8
20;1;144;5.524;0.0;0.0;0.0;5.5;5.5;0.0;22.0;121.0
20;1;145;10.374;0.0;0.0;0.0;10.4;10.4;0.0;22.0;228.8
20;1;146;7.616;0.0;0.0;0.0;7.6;7.6;0.0;22.0;167.2
20;1;147;8.356;0.0;0.0;0.0;8.4;8.4;0.0;22.0;184.8
20;1;148;7.122;0.0;0.0;0.0;7.1;7.1;0.0;22.0;156.2
20;1;149;8.113;0.0;0.0;0.0;8.1;8.1;0.0;22.0;178.2
20;1;150;9.078;0.0;0.0;0.0;9.1;9.1;0.0;22.0;200.2
20;1;151;22.761;0.0;0.0;0.0;22.8;22.8;0.0;22.0;501.6
20;1;152;27.679;0.0;27.7;0.0;0.0;27.7;0.0;22.0;609.4
20;1;153;33.449;0.0;33.4;0.0;0.0;33.4;0.0;22.0;734.8
20;1;154;28.66;0.0;28.7;0.0;0.0;28.7;0.0;22.0;631.4
20;1;155;27.977;0.0;28.0;0.0;0.0;28.0;0.0;22.0;616.0
20;1;156;32.999;0.0;33.0;0.0;0.0;33.0;0.0;22.0;726.0
20;1;157;27.549;0.0;27.5;0.0;0.0;27.5;0.0;22.0;605.0
20;1;158;41.881;0.0;41.9;0.0;0.0;41.9;0.0;22.0;921.8
20;1;159;114.208;0.0;93.4;0.0;20.8;114.2;0.0;22.0;2512.4
20;1;160;35.677;0.0;35.7;0.0;0.0;35.7;0.0;22.0;785.4000000000001
20;1;161;48.145;0.0;42.8;0.0;5.4;48.2;0.0;22.0;1060.4
20;1;162;52.467;0.0;13.3;0.0;39.1;52.4;0.0;22.0;1152.8
20;1;163;40.077;0.0;0.0;0.0;40.1;40.1;0.0;22.0;882.2
20;1;164;56.85;0.0;0.0;0.0;56.9;56.9;0.0;22.0;1251.8
20;1;165;58.103;0.0;0.0;0.0;58.1;58.1;0.0;22.0;1278.2
20;1;166;54.126;0.0;0.0;0.0;54.1;54.1;0.0;22.0;1190.2
20;1;167;52.475;0.0;0.0;0.0;52.5;52.5;0.0;22.0;1155.0
20;2;0;5.806;0.0;0.0;0.0;5.8;5.8;0.0;11.0;63.8
20;2;1;9.661;0.0;0.0;0.0;9.7;9.7;0.0;11.0;106.69999999999999
20;2;2;151.64399999999998;0.0;0.0;0.0;151.6;151.6;0.0;11.0;1667.6
20;2;3;8.566;0.0;0.0;0.0;8.6;8.6;0.0;11.0;94.6
20;2;4;15.316;0.0;0.0;0.0;15.3;15.3;0.0;11.0;168.3
20;2;5;156.623;0.0;0.0;0.0;156.6;156.6;0.0;11.0;1722.6
20;2;6;14.196;0.0;0.0;0.0;14.2;14.2;0.0;11.0;156.2
20;2;7;26.663;0.0;0.0;0.0;26.7;26.7;0.0;11.0;293.7
20;2;8;36.299;0.0;10.5;0.0;25.8;36.3;0.0;11.0;399.29999999999995
20;2;9;80.874;0.0;79.4;0.0;1.4;80.8;0.0;11.0;888.8
20;2;10;86.195;0.0;86.2;0.0;0.0;86.2;0.0;11.0;948.2
20;2;11;76.513;0.0;76.5;0.0;0.0;76.5;0.0;11.0;841.5
20;2;12;67.06700000000001;0.0;67.1;0.0;0.0;67.1;0.0;11.0;738.0999999999999
20;2;13;61.307;0.0;61.3;0.0;0.0;61.3;0.0;11.0;674.3
20;2;14;49.019999999999996;0.0;39.7;0.0;9.3;49.0;0.0;11.0;539.0
20;2;15;86.90299999999999;0.0;16.5;0.0;70.4;86.9;0.0;11.0;955.9000000000001
20;2;16;195.83;0.0;16.1;0.0;179.7;195.8;0.0;11.0;2153.8
20;2;17;59.816;0.0;0.0;0.0;59.8;59.8;0.0;11.0;657.8
20;2;18;48.618;0.0;0.0;0.0;48.6;48.6;0.0;11.0;534.6
20;2;19;120.457;0.0;0.0;0.0;120.5;120.5;0.0;11.0;1325.5
20;2;20;90.16499999999999;0.0;0.0;0.0;90.2;90.2;0.0;11.0;992.2
20;2;21;50.533;0.0;0.0;0.0;50.5;50.5;0.0;11.0;555.5
20;2;22;166.18099999999998;0.0;0.0;0.0;166.2;166.2;0.0;11.0;1828.1999999999998
20;2;23;41.288;0.0;0.0;0.0;41.3;41.3;0.0;11.0;454.29999999999995
20;2;24;5.854;0.0;0.0;0.0;5.9;5.9;0.0;11.0;64.9
20;2;25;7.817;0.0;0.0;0.0;7.8;7.8;0.0;11.0;85.8
20;2;26;133.701;0.0;0.0;0.0;133.7;133.7;0.0;11.0;1470.6999999999998
20;2;27;9.406;0.0;0.0;0.0;9.4;9.4;0.0;11.0;103.4
20;2;28;161.942;0.0;0.0;0.0;161.9;161.9;0.0;11.0;1780.9
20;2;29;10.651;0.0;0.0;0.0;10.7;10.7;0.0;11.0;117.69999999999999
20;2;30;106.57300000000001;0.0;0.0;0.0;106.6;106.6;0.0;11.0;1172.6
20;2;31;119.47300000000001;0.0;0.0;0.0;119.5;119.5;0.0;11.0;1314.5
20;2;32;128.245;0.0;17.7;0.0;110.6;128.3;0.0;11.0;1411.3000000000002
20;2;33;121.513;0.0;74.0;0.0;47.5;121.5;0.0;11.0;1336.5
20;2;34;113.386;0.0;113.4;0.0;0.0;113.4;0.0;11.0;1247.4
20;2;35;88.412;0.0;88.4;0.0;0.0;88.4;0.0;11.0;972.4000000000001
20;2;36;85.189;0.0;85.2;0.0;0.0;85.2;0.0;11.0;937.2
20;2;37;59.531;0.0;59.5;0.0;0.0;59.5;0.0;11.0;654.5
20;2;38;59.666;0.0;59.7;0.0;0.0;59.7;0.0;11.0;656.7
20;2;39;54.716;0.0;54.7;0.0;0.0;54.7;0.0;11.0;601.7
20;2;40;162.85399999999998;0.0;15.5;0.0;147.3;162.8;0.0;11.0;1790.8000000000002
20;2;41;102.919;0.0;0.0;0.0;102.9;102.9;0.0;11.0;1131.9
20;2;42;75.496;0.0;0.0;0.0;75.5;75.5;0.0;11.0;830.5
20;2;43;84.599;0.0;0.0;0.0;84.6;84.6;0.0;11.0;930.5999999999999
20;2;44;101.957;0.0;0.0;0.0;102.0;102.0;0.0;11.0;1122.0
20;2;45;51.407;0.0;0.0;0.0;51.4;51.4;0.0;11.0;565.4
20;2;46;54.373;0.0;0.0;0.0;54.4;54.4;0.0;11.0;598.4
20;2;47;31.334;0.0;0.0;0.0;31.3;31.3;0.0;11.0;344.3
20;2;48;5.902;0.0;0.0;0.0;5.9;5.9;0.0;11.0;64.9
20;2;49;10.52;0.0;0.0;0.0;10.5;10.5;0.0;11.0;115.5
20;2;50;45.358;0.0;0.0;0.0;45.4;45.4;0.0;11.0;499.4
20;2;51;48.158;0.0;0.0;0.0;48.2;48.2;0.0;11.0;530.2
20;2;52;48.335;0.0;0.0;0.0;48.3;48.3;0.0;11.0;531.3
20;2;53;52.323;0.0;0.0;0.0;52.3;52.3;0.0;11.0;575.3
20;2;54;54.022000000000006;0.0;0.0;0.0;54.0;54.0;0.0;11.0;594.0
20;2;55;70.084;0.0;0.0;0.0;70.1;70.1;0.0;11.0;771.0999999999999
20;2;56;98.09;0.0;0.0;0.0;98.1;98.1;0.0;11.0;1079.1
20;2;57;76.32300000000001;0.0;0.0;0.0;76.3;76.3;0.0;11.0;839.3
20;2;58;63.620999999999995;0.0;0.0;0.0;63.6;63.6;0.0;11.0;699.6
20;2;59;64.139;0.0;0.0;0.0;64.1;64.1;0.0;11.0;705.0999999999999
20;2;60;44.525;0.0;0.0;0.0;44.5;44.5;0.0;11.0;489.5
20;2;61;46.230999999999995;0.0;0.0;0.0;46.2;46.2;0.0;11.0;508.20000000000005
20;2;62;47.798;0.0;0.0;0.0;47.8;47.8;0.0;11.0;525.8
20;2;63;55.092;0.0;0.0;0.0;55.1;55.1;0.0;11.0;606.1
20;2;64;96.344;0.0;0.0;0.0;96.3;96.3;0.0;11.0;1059.3
20;2;65;179.03500000000003;0.0;0.0;0.0;179.0;179.0;0.0;11.0;1969.0
20;2;66;43.641;0.0;0.0;0.0;43.6;43.6;0.0;11.0;479.6
20;2;67;60.244;0.0;0.0;0.0;60.2;60.2;0.0;11.0;662.2
20;2;68;53.821;0.0;0.0;0.0;53.8;53.8;0.0;11.0;591.8
20;2;69;61.468;0.0;0.0;0.0;61.5;61.5;0.0;11.0;676.5
20;2;70;49.145;0.0;0.0;0.0;49.1;49.1;0.0;11.0;540.1
20;2;71;50.233;0.0;0.0;0.0;50.2;50.2;0.0;11.0;552.2
20;2;72;5.761;0.0;0.0;0.0;5.8;5.8;0.0;11.0;63.8
20;2;73;44.577;0.0;0.0;0.0;44.6;44.6;0.0;11.0;490.6
20;2;74;41.03;0.0;0.0;0.0;41.0;41.0;0.0;11.0;451.0
20;2;75;42.087;0.0;0.0;0.0;42.1;42.1;0.0;11.0;463.1
20;2;76;43.146;0.0;0.0;0.0;43.1;43.1;0.0;11.0;474.1
20;2;77;43.6;0.0;0.0;0.0;43.6;43.6;0.0;11.0;479.6
20;2;78;49.872;0.0;0.0;0.0;49.9;49.9;0.0;11.0;548.9
20;2;79;63.448;0.0;0.0;0.0;63.4;63.4;0.0;11.0;697.4
20;2;80;84.103;0.0;0.0;0.0;84.1;84.1;0.0;11.0;925.0999999999999
20;2;81;70.316;0.0;15.0;0.0;55.3;70.3;0.0;11.0;773.3
20;2;82;64.403;0.0;0.5;0.0;63.9;64.4;0.0;11.0;708.4000000000001
20;2;83;54.751;0.0;37.1;0.0;17.7;54.8;0.0;11.0;602.8
20;2;84;62.019999999999996;0.0;62.0;0.0;0.0;62.0;0.0;11.0;682.0
20;2;85;52.092999999999996;0.0;37.3;0.0;14.8;52.1;0.0;11.0;573.1
20;2;86;171.249;0.0;0.0;0.0;171.2;171.2;0.0;11.0;1883.1999999999998
20;2;87;74.908;0.0;0.0;0.0;74.9;74.9;0.0;11.0;823.9000000000001
20;2;88;43.859;0.0;0.0;0.0;43.9;43.9;0.0;11.0;482.9
20;2;89;48.915;0.0;0.0;0.0;48.9;48.9;0.0;11.0;537.9
20;2;90;40.415;0.0;0.0;0.0;40.4;40.4;0.0;11.0;444.4
20;2;91;55.956;0.0;0.0;0.0;56.0;56.0;0.0;11.0;616.0
20;2;92;189.30200000000002;0.0;0.0;0.0;189.3;189.3;0.0;11.0;2082.3
20;2;93;80.285;0.0;0.0;0.0;80.3;80.3;0.0;11.0;883.3
20;2;94;41.739;0.0;0.0;0.0;41.7;41.7;0.0;11.0;458.70000000000005
20;2;95;40.858000000000004;0.0;0.0;0.0;40.9;40.9;0.0;11.0;449.9
20;2;96;5.457;0.0;0.0;0.0;5.5;5.5;0.0;11.0;60.5
20;2;97;9.357;0.0;0.0;0.0;9.4;9.4;0.0;11.0;103.4
20;2;98;61.535000000000004;0.0;0.0;0.0;61.5;61.5;0.0;11.0;676.5
20;2;99;158.55599999999998;0.0;0.0;0.0;158.6;158.6;0.0;11.0;1744.6
20;2;100;33.246;0.0;0.0;0.0;33.2;33.2;0.0;11.0;365.20000000000005
20;2;101;7.209;0.0;0.0;0.0;7.2;7.2;0.0;11.0;79.2
20;2;102;79.559;0.0;0.0;0.0;79.6;79.6;0.0;11.0;875.5999999999999
20;2;103;92.036;0.0;0.0;0.0;92.0;92.0;0.0;11.0;1012.0
20;2;104;105.138;0.0;8.8;0.0;96.4;105.2;0.0;11.0;1157.2
20;2;105;112.322;0.0;68.6;0.0;43.7;112.3;0.0;11.0;1235.3
20;2;106;101.12;0.0;73.4;0.0;27.8;101.2;0.0;11.0;1113.2
20;2;107;101.36699999999999;0.0;17.0;0.0;84.4;101.4;0.0;11.0;1115.4
20;2;108;84.02000000000001;0.0;49.7;0.0;34.3;84.0;0.0;11.0;924.0
20;2;109;116.975;0.0;40.4;0.0;76.6;117.0;0.0;11.0;1287.0
20;2;110;44.449;0.0;35.6;0.0;8.9;44.5;0.0;11.0;489.5
20;2;111;88.815;0.0;0.0;0.0;88.8;88.8;0.0;11.0;976.8
20;2;112;85.584;0.0;0.0;0.0;85.6;85.6;0.0;11.0;941.5999999999999
20;2;113;86.914;0.0;0.0;0.0;86.9;86.9;0.0;11.0;955.9000000000001
20;2;114;96.736;0.0;0.0;0.0;96.7;96.7;0.0;11.0;1063.7
20;2;115;109.68299999999999;0.0;0.0;0.0;109.7;109.7;0.0;11.0;1206.7
20;2;116;101.7;0.0;0.0;0.0;101.7;101.7;0.0;11.0;1118.7
20;2;117;92.62;0.0;0.0;0.0;92.6;92.6;0.0;11.0;1018.5999999999999
20;2;118;104.973;0.0;0.0;0.0;105.0;105.0;0.0;11.0;1155.0
20;2;119;184.817;0.0;0.0;0.0;184.8;184.8;0.0;11.0;2032.8000000000002
20;2;120;5.794;0.0;0.0;0.0;5.8;5.8;0.0;11.0;63.8
20;2;121;98.72999999999999;0.0;0.0;0.0;98.7;98.7;0.0;11.0;1085.7
20;2;122;8.998;0.0;0.0;0.0;9.0;9.0;0.0;11.0;99.0
20;2;123;82.272;0.0;0.0;0.0;82.3;82.3;0.0;11.0;905.3
20;2;124;77.925;0.0;0.0;0.0;77.9;77.9;0.0;11.0;856.9000000000001
20;2;125;78.366;0.0;0.0;0.0;78.4;78.4;0.0;11.0;862.4000000000001
20;2;126;90.87899999999999;0.0;0.0;0.0;90.9;90.9;0.0;11.0;999.9000000000001
20;2;127;98.67200000000001;0.0;0.0;0.0;98.7;98.7;0.0;11.0;1085.7
20;2;128;107.16799999999999;0.0;0.0;0.0;107.2;107.2;0.0;11.0;1179.2
20;2;129;101.964;0.0;0.0;0.0;102.0;102.0;0.0;11.0;1122.0
20;2;130;101.006;0.0;0.0;0.0;101.0;101.0;0.0;11.0;1111.0
20;2;131;85.011;0.0;0.0;0.0;85.0;85.0;0.0;11.0;935.0
20;2;132;76.288;0.0;20.5;0.0;55.8;76.3;0.0;11.0;839.3
20;2;133;72.77;0.0;40.9;0.0;31.9;72.8;0.0;11.0;800.8
20;2;134;164.86499999999998;0.0;0.0;0.0;164.9;164.9;0.0;11.0;1813.9
20;2;135;137.812;0.0;0.0;0.0;137.8;137.8;0.0;11.0;1515.8000000000002
20;2;136;39.555;0.0;0.0;0.0;39.6;39.6;0.0;11.0;435.6
20;2;137;59.133;0.0;0.0;0.0;59.1;59.1;0.0;11.0;650.1
20;2;138;54.216;0.0;0.0;0.0;54.2;54.2;0.0;11.0;596.2
20;2;139;204.096;0.0;0.0;0.0;204.1;204.1;0.0;11.0;2245.1
20;2;140;65.542;0.0;0.0;0.0;65.5;65.5;0.0;11.0;720.5
20;2;141;47.593;0.0;0.0;0.0;47.6;47.6;0.0;11.0;523.6
20;2;142;121.724;0.0;0.0;0.0;121.7;121.7;0.0;11.0;1338.7
20;2;143;31.621;0.0;0.0;0.0;31.6;31.6;0.0;11.0;347.6
20;2;144;67.386;0.0;0.0;0.0;67.4;67.4;0.0;11.0;741.4000000000001
20;2;145;69.809;0.0;0.0;0.0;69.8;69.8;0.0;11.0;767.8
20;2;146;72.307;0.0;0.0;0.0;72.3;72.3;0.0;11.0;795.3
20;2;147;74.044;0.0;0.0;0.0;74.0;74.0;0.0;11.0;814.0
20;2;148;77.42500000000001;0.0;0.0;0.0;77.4;77.4;0.0;11.0;851.4000000000001
20;2;149;76.07300000000001;0.0;0.0;0.0;76.1;76.1;0.0;11.0;837.0999999999999
20;2;150;93.21600000000001;0.0;0.0;0.0;93.2;93.2;0.0;11.0;1025.2
20;2;151;107.23700000000001;0.0;0.0;0.0;107.2;107.2;0.0;11.0;1179.2
20;2;152;103.49199999999999;0.0;0.0;0.0;103.5;103.5;0.0;11.0;1138.5
20;2;153;107.488;0.0;0.0;0.0;107.5;107.5;0.0;11.0;1182.5
20;2;154;107.42099999999999;0.0;0.0;0.0;107.4;107.4;0.0;11.0;1181.4
20;2;155;90.53399999999999;0.0;0.0;0.0;90.5;90.5;0.0;11.0;995.5
20;2;156;84.449;0.0;0.0;0.0;84.4;84.4;0.0;11.0;928.4000000000001
20;2;157;79.257;0.0;0.0;0.0;79.3;79.3;0.0;11.0;872.3
20;2;158;63.197;0.0;0.0;0.0;63.2;63.2;0.0;11.0;695.2
20;2;159;63.233000000000004;0.0;0.0;0.0;63.2;63.2;0.0;11.0;695.2
20;2;160;70.616;0.0;0.0;0.0;70.6;70.6;0.0;11.0;776.5999999999999
20;2;161;90.894;0.0;0.0;0.0;90.9;90.9;0.0;11.0;999.9000000000001
20;2;162;91.536;0.0;0.0;0.0;91.5;91.5;0.0;11.0;1006.5
20;2;163;96.944;0.0;0.0;0.0;96.9;96.9;0.0;11.0;1065.9
20;2;164;96.24600000000001;0.0;0.0;0.0;96.2;96.2;0.0;11.0;1058.2
20;2;165;92.987;0.0;0.0;0.0;93.0;93.0;0.0;11.0;1023.0
20;2;166;81.77199999999999;0.0;0.0;0.0;81.8;81.8;0.0;11.0;899.8
20;2;167;164.415;0.0;0.0;0.0;164.4;164.4;0.0;11.0;1808.4
20;3;0;25.611;0.0;0.0;0.0;25.6;25.6;0.0;9.0;230.4
20;3;1;149.28900000000002;0.0;0.0;0.0;149.3;149.3;0.0;9.0;1343.7
20;3;2;146.52800000000002;0.0;0.0;0.0;146.5;146.5;0.0;9.0;1318.5
20;3;3;148.703;0.0;0.0;0.0;148.7;148.7;0.0;9.0;1338.3
20;3;4;194.894;0.0;0.0;0.0;194.9;194.9;0.0;9.0;1754.1000000000001
20;3;5;111.143;0.0;0.0;0.0;111.1;111.1;0.0;9.0;999.9
20;3;6;173.758;0.0;0.0;0.0;173.8;173.8;0.0;9.0;1564.2
20;3;7;187.795;0.0;0.0;0.0;187.8;187.8;0.0;9.0;1690.2
20;3;8;194.524;0.0;0.0;0.0;194.5;194.5;0.0;9.0;1750.5
20;3;9;179.662;0.0;0.0;0.0;179.7;179.7;0.0;9.0;1617.3
20;3;10;173.435;0.0;0.0;0.0;173.4;173.4;0.0;9.0;1560.6000000000001
20;3;11;164.244;0.0;0.0;0.0;164.2;164.2;0.0;9.0;1477.8
20;3;12;160.146;0.0;0.0;0.0;160.1;160.1;0.0;9.0;1440.8999999999999
20;3;13;143.927;0.0;35.2;0.0;108.7;143.9;0.0;9.0;1295.1000000000001
20;3;14;188.521;0.0;34.5;0.0;154.0;188.5;0.0;9.0;1696.5
20;3;15;202.75600000000003;0.0;0.0;0.0;202.8;202.8;0.0;9.0;1825.2
20;3;16;208.497;0.0;0.0;0.0;208.5;208.5;0.0;9.0;1876.5
20;3;17;80.26400000000001;0.0;0.0;0.0;80.3;80.3;0.0;9.0;722.6999999999999
20;3;18;232.964;0.0;0.0;0.0;233.0;233.0;0.0;9.0;2097.0
20;3;19;56.088;0.0;0.0;0.0;56.1;56.1;0.0;9.0;504.90000000000003
20;3;20;86.07100000000001;0.0;0.0;0.0;86.1;86.1;0.0;9.0;774.9
20;3;21;165.85;0.0;0.0;0.0;165.8;165.8;0.0;9.0;1492.2
20;3;22;195.80100000000002;0.0;0.0;0.0;195.8;195.8;0.0;9.0;1762.2
20;3;23;207.844;0.0;0.0;0.0;207.8;207.8;0.0;9.0;1870.2
20;3;24;192.857;0.0;0.0;0.0;192.9;192.9;0.0;9.0;1736.1000000000001
20;3;25;10.3;0.0;0.0;0.0;10.3;10.3;0.0;9.0;92.7
20;3;26;149.32399999999998;0.0;0.0;0.0;149.3;149.3;0.0;9.0;1343.7
20;3;27;154.153;0.0;0.0;0.0;154.2;154.2;0.0;9.0;1387.8
20;3;28;154.713;0.0;0.0;0.0;154.7;154.7;0.0;9.0;1392.3
20;3;29;157.126;0.0;0.0;0.0;157.1;157.1;0.0;9.0;1413.8999999999999
20;3;30;168.712;0.0;0.0;0.0;168.7;168.7;0.0;9.0;1518.3
20;3;31;201.584;0.0;0.0;0.0;201.6;201.6;0.0;9.0;1814.3999999999999
20;3;32;194.515;0.0;0.0;0.0;194.5;194.5;0.0;9.0;1750.5
20;3;33;180.534;0.0;0.0;0.0;180.5;180.5;0.0;9.0;1624.5
20;3;34;168.92000000000002;0.0;0.0;0.0;168.9;168.9;0.0;9.0;1520.1000000000001
20;3;35;170.152;0.0;0.0;0.0;170.2;170.2;0.0;9.0;1531.8
20;3;36;167.45700000000002;0.0;0.0;0.0;167.5;167.5;0.0;9.0;1507.5
20;3;37;156.037;0.0;0.0;0.0;156.0;156.0;0.0;9.0;1404.0
20;3;38;151.761;0.0;0.0;0.0;151.8;151.8;0.0;9.0;1366.2
20;3;39;168.673;0.0;0.0;0.0;168.7;168.7;0.0;9.0;1518.3
20;3;40;166.118;0.0;0.0;0.0;166.1;166.1;0.0;9.0;1494.8999999999999
20;3;41;196.988;0.0;0.0;0.0;197.0;197.0;0.0;9.0;1773.0
20;3;42;197.172;0.0;0.0;0.0;197.2;197.2;0.0;9.0;1774.8
20;3;43;201.18;0.0;0.0;0.0;201.2;201.2;0.0;9.0;1810.8
20;3;44;200.04199999999997;0.0;0.0;0.0;200.0;200.0;0.0;9.0;1800.0
20;3;45;185.3;0.0;0.0;0.0;185.3;185.3;0.0;9.0;1667.7
20;3;46;167.639;0.0;0.0;0.0;167.6;167.6;0.0;9.0;1508.3999999999999
20;3;47;166.211;0.0;0.0;0.0;166.2;166.2;0.0;9.0;1495.8
20;3;48;114.411;0.0;0.0;0.0;114.4;114.4;0.0;9.0;1029.6000000000001
20;3;49;112.574;0.0;0.0;0.0;112.6;112.6;0.0;9.0;1013.4
20;3;50;107.20500000000001;0.0;0.0;0.0;107.2;107.2;0.0;9.0;964.8000000000001
20;3;51;103.889;0.0;0.0;0.0;103.9;103.9;0.0;9.0;935.1
20;3;52;102.652;0.0;0.0;0.0;102.7;102.7;0.0;9.0;924.3000000000001
20;3;53;103.005;0.0;0.0;0.0;103.0;103.0;0.0;9.0;927.0
20;3;54;105.793;0.0;0.0;0.0;105.8;105.8;0.0;9.0;952.1999999999999
20;3;55;136.895;0.0;0.0;0.0;136.9;136.9;0.0;9.0;1232.1000000000001
20;3;56;157.265;0.0;0.0;0.0;157.3;157.3;0.0;9.0;1415.7
20;3;57;128.397;0.0;0.0;0.0;128.4;128.4;0.0;9.0;1155.6000000000001
20;3;58;130.529;0.0;0.0;0.0;130.5;130.5;0.0;9.0;1174.5
20;3;59;126.261;0.0;0.0;0.0;126.3;126.3;0.0;9.0;1136.7
20;3;60;115.04599999999999;0.0;0.0;0.0;115.0;115.0;0.0;9.0;1035.0
20;3;61;114.272;0.0;0.0;0.0;114.3;114.3;0.0;9.0;1028.7
20;3;62;107.829;0.0;0.0;0.0;107.8;107.8;0.0;9.0;970.1999999999999
20;3;63;108.93;0.0;0.0;0.0;108.9;108.9;0.0;9.0;980.1
20;3;64;129.846;0.0;0.0;0.0;129.8;129.8;0.0;9.0;1168.2
20;3;65;217.155;0.0;0.0;0.0;217.2;217.2;0.0;9.0;1954.8
20;3;66;217.737;0.0;0.0;0.0;217.7;217.7;0.0;9.0;1959.3
20;3;67;158.963;0.0;0.0;0.0;159.0;159.0;0.0;9.0;1431.0
20;3;68;138.724;0.0;0.0;0.0;138.7;138.7;0.0;9.0;1248.3
20;3;69;56.365;0.0;0.0;0.0;56.4;56.4;0.0;9.0;507.59999999999997
20;3;70;45.329;0.0;0.0;0.0;45.3;45.3;0.0;9.0;407.7
20;3;71;127.94300000000001;0.0;0.0;0.0;127.9;127.9;0.0;9.0;1151.1000000000001
20;3;72;99.792;0.0;0.0;0.0;99.8;99.8;0.0;9.0;898.1999999999999
20;3;73;104.557;0.0;0.0;0.0;104.6;104.6;0.0;9.0;941.4
20;3;74;104.447;0.0;0.0;0.0;104.4;104.4;0.0;9.0;939.6
20;3;75;107.48400000000001;0.0;0.0;0.0;107.5;107.5;0.0;9.0;967.5
20;3;76;107.404;0.0;0.0;0.0;107.4;107.4;0.0;9.0;966.6
20;3;77;107.81400000000001;0.0;0.0;0.0;107.8;107.8;0.0;9.0;970.1999999999999
20;3;78;179.09799999999998;0.0;0.0;0.0;179.1;179.1;0.0;9.0;1611.8999999999999
20;3;79;61.897;0.0;0.0;0.0;61.9;61.9;0.0;9.0;557.1
20;3;80;143.769;0.0;0.0;0.0;143.8;143.8;0.0;9.0;1294.2
20;3;81;146.064;0.0;0.0;0.0;146.1;146.1;0.0;9.0;1314.8999999999999
20;3;82;143.816;0.0;0.0;0.0;143.8;143.8;0.0;9.0;1294.2
20;3;83;147.139;0.0;0.0;0.0;147.1;147.1;0.0;9.0;1323.8999999999999
20;3;84;128.87;0.0;0.0;0.0;128.9;128.9;0.0;9.0;1160.1000000000001
20;3;85;198.73;0.0;0.0;0.0;198.7;198.7;0.0;9.0;1788.3
20;3;86;62.872;0.0;0.0;0.0;62.9;62.9;0.0;9.0;566.1
20;3;87;207.298;0.0;0.0;0.0;207.3;207.3;0.0;9.0;1865.7
20;3;88;121.83200000000001;0.0;0.0;0.0;121.8;121.8;0.0;9.0;1096.2
20;3;89;220.613;0.0;0.0;0.0;220.6;220.6;0.0;9.0;1985.3999999999999
20;3;90;229.015;0.0;0.0;0.0;229.0;229.0;0.0;9.0;2061.0
20;3;91;65.526;0.0;0.0;0.0;65.5;65.5;0.0;9.0;589.5
20;3;92;54.613;0.0;0.0;0.0;54.6;54.6;0.0;9.0;491.40000000000003
20;3;93;169.31799999999998;0.0;0.0;0.0;169.3;169.3;0.0;9.0;1523.7
20;3;94;178.07;0.0;0.0;0.0;178.1;178.1;0.0;9.0;1602.8999999999999
20;3;95;161.64499999999998;0.0;0.0;0.0;161.6;161.6;0.0;9.0;1454.3999999999999
20;3;96;151.304;0.0;0.0;0.0;151.3;151.3;0.0;9.0;1361.7
20;3;97;159.92100000000002;0.0;0.0;0.0;159.9;159.9;0.0;9.0;1439.1000000000001
20;3;98;158.81500000000003;0.0;0.0;0.0;158.8;158.8;0.0;9.0;1429.2
20;3;99;162.917;0.0;0.0;0.0;162.9;162.9;0.0;9.0;1466.1000000000001
20;3;100;161.65300000000002;0.0;0.0;0.0;161.7;161.7;0.0;9.0;1455.3
20;3;101;158.546;0.0;0.0;0.0;158.5;158.5;0.0;9.0;1426.5
20;3;102;171.68599999999998;0.0;0.0;0.0;171.7;171.7;0.0;9.0;1545.3
20;3;103;178.79899999999998;0.0;0.0;0.0;178.8;178.8;0.0;9.0;1609.2
20;3;104;174.138;0.0;0.0;0.0;174.1;174.1;0.0;9.0;1566.8999999999999
20;3;105;235.536;0.0;0.0;0.0;235.5;235.5;0.0;9.0;2119.5
20;3;106;148.324;0.0;0.0;0.0;148.3;148.3;0.0;9.0;1334.7
20;3;107;187.204;0.0;0.0;0.0;187.2;187.2;0.0;9.0;1684.8
20;3;108;183.774;0.0;0.0;0.0;183.8;183.8;0.0;9.0;1654.2
20;3;109;170.653;0.0;0.0;0.0;170.7;170.7;0.0;9.0;1536.3
20;3;110;182.236;0.0;0.0;0.0;182.2;182.2;0.0;9.0;1639.8
20;3;111;176.25500000000002;0.0;0.0;0.0;176.3;176.3;0.0;9.0;1586.7
20;3;112;174.916;0.0;0.0;0.0;174.9;174.9;0.0;9.0;1574.1000000000001
20;3;113;180.272;0.0;0.0;0.0;180.3;180.3;0.0;9.0;1622.7
20;3;114;195.941;0.0;0.0;0.0;195.9;195.9;0.0;9.0;1763.1000000000001
20;3;115;199.732;0.0;0.0;0.0;199.7;199.7;0.0;9.0;1797.3
20;3;116;176.288;0.0;0.0;0.0;176.3;176.3;0.0;9.0;1586.7
20;3;117;186.73700000000002;0.0;0.0;0.0;186.7;186.7;0.0;9.0;1680.3
20;3;118;185.304;0.0;0.0;0.0;185.3;185.3;0.0;9.0;1667.7
20;3;119;203.45100000000002;0.0;0.0;0.0;203.5;203.5;0.0;9.0;1831.5
20;3;120;185.616;0.0;0.0;0.0;185.6;185.6;0.0;9.0;1670.3999999999999
20;3;121;190.67999999999998;0.0;0.0;0.0;190.7;190.7;0.0;9.0;1716.3
20;3;122;190.406;0.0;0.0;0.0;190.4;190.4;0.0;9.0;1713.6000000000001
20;3;123;193.741;0.0;0.0;0.0;193.7;193.7;0.0;9.0;1743.3
20;3;124;86.02799999999999;0.0;0.0;0.0;86.0;86.0;0.0;9.0;774.0
20;3;125;8.013;0.0;0.0;0.0;8.0;8.0;0.0;9.0;72.0
20;3;126;176.299;0.0;0.0;0.0;176.3;176.3;0.0;9.0;1586.7
20;3;127;201.29399999999998;0.0;0.0;0.0;201.3;201.3;0.0;9.0;1811.7
20;3;128;188.974;0.0;0.0;0.0;189.0;189.0;0.0;9.0;1701.0
20;3;129;194.28300000000002;0.0;0.0;0.0;194.3;194.3;0.0;9.0;1748.7
20;3;130;176.599;0.0;0.0;0.0;176.6;176.6;0.0;9.0;1589.3999999999999
20;3;131;177.009;0.0;0.0;0.0;177.0;177.0;0.0;9.0;1593.0
20;3;132;168.654;0.0;0.0;0.0;168.7;168.7;0.0;9.0;1518.3
20;3;133;164.291;0.0;0.0;0.0;164.3;164.3;0.0;9.0;1478.7
20;3;134;160.22;0.0;0.0;0.0;160.2;160.2;0.0;9.0;1441.8
20;3;135;163.18200000000002;0.0;0.0;0.0;163.2;163.2;0.0;9.0;1468.8
20;3;136;216.236;0.0;0.0;0.0;216.2;216.2;0.0;9.0;1945.8
20;3;137;132.07;0.0;0.0;0.0;132.1;132.1;0.0;9.0;1188.8999999999999
20;3;138;205.725;0.0;0.0;0.0;205.7;205.7;0.0;9.0;1851.3
20;3;139;241.92499999999998;0.0;0.0;0.0;241.9;241.9;0.0;9.0;2177.1
20;3;140;163.826;0.0;0.0;0.0;163.8;163.8;0.0;9.0;1474.2
20;3;141;189.885;0.0;0.0;0.0;189.9;189.9;0.0;9.0;1709.1000000000001
20;3;142;189.954;0.0;0.0;0.0;190.0;190.0;0.0;9.0;1710.0
20;3;143;187.911;0.0;0.0;0.0;187.9;187.9;0.0;9.0;1691.1000000000001
20;3;144;194.443;0.0;0.0;0.0;194.4;194.4;0.0;9.0;1749.6000000000001
20;3;145;125.76100000000001;0.0;0.0;0.0;125.8;125.8;0.0;9.0;1132.2
20;3;146;197.666;0.0;0.0;0.0;197.7;197.7;0.0;9.0;1779.3
20;3;147;128.988;0.0;0.0;0.0;129.0;129.0;0.0;9.0;1161.0
20;3;148;164.61399999999998;0.0;0.0;0.0;164.6;164.6;0.0;9.0;1481.3999999999999
20;3;149;166.624;0.0;0.0;0.0;166.6;166.6;0.0;9.0;1499.3999999999999
20;3;150;181.53300000000002;0.0;0.0;0.0;181.5;181.5;0.0;9.0;1633.5
20;3;151;188.699;0.0;0.0;0.0;188.7;188.7;0.0;9.0;1698.3
20;3;152;197.293;0.0;0.0;0.0;197.3;197.3;0.0;9.0;1775.7
20;3;153;183.935;0.0;0.0;0.0;183.9;183.9;0.0;9.0;1655.1000000000001
20;3;154;160.526;0.0;0.0;0.0;160.5;160.5;0.0;9.0;1444.5
20;3;155;145.63;0.0;0.0;0.0;145.6;145.6;0.0;9.0;1310.3999999999999
20;3;156;154.39499999999998;0.0;0.0;0.0;154.4;154.4;0.0;9.0;1389.6000000000001
20;3;157;199.482;0.0;0.0;0.0;199.5;199.5;0.0;9.0;1795.5
20;3;158;84.55199999999999;0.0;0.0;0.0;84.6;84.6;0.0;9.0;761.4
20;3;159;146.037;0.0;0.0;0.0;146.0;146.0;0.0;9.0;1314.0
20;3;160;155.449;0.0;0.0;0.0;155.4;155.4;0.0;9.0;1398.6000000000001
20;3;161;149.311;0.0;0.0;0.0;149.3;149.3;0.0;9.0;1343.7
20;3;162;152.038;0.0;0.0;0.0;152.0;152.0;0.0;9.0;1368.0
20;3;163;160.837;0.0;0.0;0.0;160.8;160.8;0.0;9.0;1447.2
20;3;164;162.756;0.0;0.0;0.0;162.8;162.8;0.0;9.0;1465.2
20;3;165;161.50900000000001;0.0;0.0;0.0;161.5;161.5;0.0;9.0;1453.5
20;3;166;221.481;0.0;0.0;0.0;221.5;221.5;0.0;9.0;1993.5
20;3;167;177.656;0.0;0.0;0.0;177.7;177.7;0.0;9.0;1599.3
