Support_Year;Cluster;Timestep;total_demand;to_network;from_network;to_main_grid;from_main_grid;from_grid;to_grid;cluster_weight;from_grid_x_cluster_weight
0;0;0;135.559;0.0;0.0;0.0;135.559;135.559;0.0;5.0;677.795
0;0;1;188.369;0.0;0.0;0.0;188.369;188.369;0.0;5.0;941.845
0;0;2;9.868;0.0;0.0;0.0;9.868;9.868;0.0;5.0;49.34
0;0;3;138.70499999999998;0.0;0.0;0.0;138.705;138.705;0.0;5.0;693.5250000000001
0;0;4;188.54299999999998;0.0;0.0;0.0;188.543;188.543;0.0;5.0;942.715
0;0;5;192.913;0.0;0.0;0.0;192.913;192.913;0.0;5.0;964.565
0;0;6;193.695;0.0;0.0;0.0;193.695;193.695;0.0;5.0;968.4749999999999
0;0;7;215.894;0.0;0.0;0.0;215.894;215.894;0.0;5.0;1079.47
0;0;8;198.51;0.0;0.0;0.0;198.51;198.51;0.0;5.0;992.55
0;0;9;185.187;0.0;0.0;0.0;185.187;185.187;0.0;5.0;925.9350000000001
0;0;10;155.60500000000002;0.0;0.0;0.0;155.605;155.605;0.0;5.0;778.025
0;0;11;144.764;0.0;0.0;0.0;144.764;144.764;0.0;5.0;723.82
0;0;12;139.147;0.0;0.0;0.0;139.147;139.147;0.0;5.0;695.7349999999999
0;0;13;125.484;0.0;0.0;0.0;125.484;125.484;0.0;5.0;627.42
0;0;14;198.328;0.0;0.0;0.0;198.328;198.328;0.0;5.0;991.64
0;0;15;148.608;0.0;0.0;0.0;148.608;148.608;0.0;5.0;743.04
0;0;16;189.744;0.0;0.0;0.0;189.744;189.744;0.0;5.0;948.72
0;0;17;56.5;0.0;0.0;0.0;56.5;56.5;0.0;5.0;282.5
0;0;18;217.903;0.0;0.0;0.0;217.903;217.903;0.0;5.0;1089.5149999999999
0;0;19;133.06599999999997;0.0;0.0;0.0;133.066;133.066;0.0;5.0;665.33
0;0;20;233.487;0.0;0.0;0.0;233.487;233.487;0.0;5.0;1167.435
0;0;21;179.388;0.0;0.0;0.0;179.388;179.388;0.0;5.0;896.94
0;0;22;180.11;0.0;0.0;0.0;180.11;180.11;0.0;5.0;900.5500000000001
0;0;23;36.401;0.0;0.0;0.0;36.401;36.401;0.0;5.0;182.00500000000002
0;0;24;91.529;0.0;0.0;0.0;91.529;91.529;0.0;5.0;457.645
0;0;25;165.206;0.0;0.0;0.0;165.206;165.206;0.0;5.0;826.03
0;0;26;167.043;0.0;0.0;0.0;167.043;167.043;0.0;5.0;835.215
0;0;27;182.28;0.0;0.0;0.0;182.28;182.28;0.0;5.0;911.4
0;0;28;193.75;0.0;0.0;0.0;193.75;193.75;0.0;5.0;968.75
0;0;29;194.733;0.0;0.0;0.0;194.733;194.733;0.0;5.0;973.665
0;0;30;200.15;0.0;0.0;0.0;200.15;200.15;0.0;5.0;1000.75
0;0;31;224.31799999999998;0.0;0.0;0.0;224.318;224.318;0.0;5.0;1121.5900000000001
0;0;32;234.7;0.0;0.0;0.0;234.7;234.7;0.0;5.0;1173.5
0;0;33;219.742;0.0;0.0;0.0;219.742;219.742;0.0;5.0;1098.71
0;0;34;209.488;0.0;0.0;0.0;209.488;209.488;0.0;5.0;1047.44
0;0;35;203.17700000000002;0.0;2.02898;0.0;201.14802;203.177;0.0;5.0;1015.885
0;0;36;212.90699999999998;0.0;0.0;0.0;212.907;212.907;0.0;5.0;1064.535
0;0;37;169.94;0.0;25.17227;0.0;144.76773;169.94;0.0;5.0;849.7
0;0;38;188.798;0.0;38.13089;0.0;150.66711;188.798;0.0;5.0;943.99
0;0;39;185.081;0.0;21.08215;0.0;163.99885;185.081;0.0;5.0;925.405
0;0;40;184.469;0.0;0.0;0.0;184.469;184.469;0.0;5.0;922.345
0;0;41;202.0;0.0;0.0;0.0;202.0;202.0;0.0;5.0;1010.0
0;0;42;212.51799999999997;0.0;0.0;0.0;212.518;212.518;0.0;5.0;1062.59
0;0;43;210.206;0.0;0.0;0.0;210.206;210.206;0.0;5.0;1051.03
0;0;44;220.597;0.0;0.0;0.0;220.597;220.597;0.0;5.0;1102.9850000000001
0;0;45;219.08100000000002;0.0;0.0;0.0;219.081;219.081;0.0;5.0;1095.405
0;0;46;199.185;0.0;0.0;0.0;199.185;199.185;0.0;5.0;995.925
0;0;47;189.40800000000002;0.0;0.0;0.0;189.408;189.408;0.0;5.0;947.04
0;0;48;132.769;0.0;0.0;0.0;132.769;132.769;0.0;5.0;663.845
0;0;49;139.977;0.0;0.0;0.0;139.977;139.977;0.0;5.0;699.885
0;0;50;136.605;0.0;0.0;0.0;136.605;136.605;0.0;5.0;683.025
0;0;51;140.74099999999999;0.0;0.0;0.0;140.741;140.741;0.0;5.0;703.705
0;0;52;140.756;0.0;0.0;0.0;140.756;140.756;0.0;5.0;703.78
0;0;53;143.507;0.0;0.0;0.0;143.507;143.507;0.0;5.0;717.5350000000001
0;0;54;147.799;0.0;0.0;0.0;147.799;147.799;0.0;5.0;738.995
0;0;55;199.969;0.0;0.0;0.0;199.969;199.969;0.0;5.0;999.845
0;0;56;222.84099999999998;0.0;0.0;0.0;222.841;222.841;0.0;5.0;1114.205
0;0;57;172.33800000000002;0.0;0.0;0.0;172.338;172.338;0.0;5.0;861.6899999999999
0;0;58;156.137;0.0;0.0;0.0;156.137;156.137;0.0;5.0;780.685
0;0;59;147.359;0.0;1.08246;0.0;146.27654;147.359;0.0;5.0;736.7950000000001
0;0;60;127.525;0.0;0.0;0.0;127.525;127.525;0.0;5.0;637.625
0;0;61;119.05199999999999;0.0;0.0;0.0;119.052;119.052;0.0;5.0;595.26
0;0;62;114.887;0.0;0.0;0.0;114.887;114.887;0.0;5.0;574.435
0;0;63;118.23400000000001;0.0;0.81706;0.0;117.41694;118.234;0.0;5.0;591.17
0;0;64;116.939;0.0;1.9932;0.0;114.9458;116.939;0.0;5.0;584.6949999999999
0;0;65;109.85;0.0;0.0;0.0;109.85;109.85;0.0;5.0;549.25
0;0;66;125.39;0.0;0.0;0.0;125.39;125.39;0.0;5.0;626.95
0;0;67;219.023;0.0;0.0;0.0;219.023;219.023;0.0;5.0;1095.115
0;0;68;110.111;0.0;0.0;0.0;110.111;110.111;0.0;5.0;550.5550000000001
0;0;69;58.384;0.0;0.0;0.0;58.384;58.384;0.0;5.0;291.92
0;0;70;132.997;0.0;0.0;0.0;132.997;132.997;0.0;5.0;664.9850000000001
0;0;71;117.456;0.0;0.0;0.0;117.456;117.456;0.0;5.0;587.28
0;0;72;165.706;0.0;0.0;0.0;165.706;165.706;0.0;5.0;828.53
0;0;73;25.201999999999998;0.0;0.0;0.0;25.202;25.202;0.0;5.0;126.01
0;0;74;98.99;0.0;0.0;0.0;98.99;98.99;0.0;5.0;494.95
0;0;75;103.33800000000001;0.0;0.0;0.0;103.338;103.338;0.0;5.0;516.6899999999999
0;0;76;98.977;0.0;0.0;0.0;98.977;98.977;0.0;5.0;494.885
0;0;77;101.54100000000001;0.0;0.0;0.0;101.541;101.541;0.0;5.0;507.705
0;0;78;104.708;0.0;0.0;0.0;104.708;104.708;0.0;5.0;523.54
0;0;79;140.00900000000001;0.0;0.0;0.0;140.009;140.009;0.0;5.0;700.045
0;0;80;150.47;0.0;0.0;0.0;150.47;150.47;0.0;5.0;752.35
0;0;81;129.874;0.0;0.0;0.0;129.874;129.874;0.0;5.0;649.37
0;0;82;124.25;0.0;0.0;0.0;124.25;124.25;0.0;5.0;621.25
0;0;83;110.105;0.0;0.0;0.0;110.105;110.105;0.0;5.0;550.525
0;0;84;118.29899999999999;0.0;0.0;0.0;118.299;118.299;0.0;5.0;591.495
0;0;85;114.884;0.0;0.0;0.0;114.884;114.884;0.0;5.0;574.42
0;0;86;110.62299999999999;0.0;0.0;0.0;110.623;110.623;0.0;5.0;553.115
0;0;87;113.172;0.0;0.0;0.0;113.172;113.172;0.0;5.0;565.86
0;0;88;183.493;0.0;0.0;0.0;183.493;183.493;0.0;5.0;917.4649999999999
0;0;89;200.09799999999998;0.0;0.0;0.0;200.098;200.098;0.0;5.0;1000.49
0;0;90;44.815;0.0;0.0;0.0;44.815;44.815;0.0;5.0;224.075
0;0;91;218.967;0.0;0.0;0.0;218.967;218.967;0.0;5.0;1094.835
0;0;92;93.16;0.0;0.0;0.0;93.16;93.16;0.0;5.0;465.79999999999995
0;0;93;222.402;0.0;0.0;0.0;222.402;222.402;0.0;5.0;1112.01
0;0;94;81.738;0.0;0.0;0.0;81.738;81.738;0.0;5.0;408.69
0;0;95;212.054;0.0;0.0;0.0;212.054;212.054;0.0;5.0;1060.27
0;0;96;180.698;0.0;0.0;0.0;180.698;180.698;0.0;5.0;903.49
0;0;97;173.927;0.0;0.0;0.0;173.927;173.927;0.0;5.0;869.635
0;0;98;180.785;0.0;0.0;0.0;180.785;180.785;0.0;5.0;903.925
0;0;99;45.696;0.0;0.0;0.0;45.696;45.696;0.0;5.0;228.48
0;0;100;192.143;0.0;0.0;0.0;192.143;192.143;0.0;5.0;960.715
0;0;101;193.545;0.0;0.0;0.0;193.545;193.545;0.0;5.0;967.7249999999999
0;0;102;197.553;0.0;0.0;0.0;197.553;197.553;0.0;5.0;987.765
0;0;103;213.726;0.0;0.0;0.0;213.726;213.726;0.0;5.0;1068.63
0;0;104;225.506;0.0;0.0;0.0;225.506;225.506;0.0;5.0;1127.53
0;0;105;234.045;0.0;0.0;0.0;234.045;234.045;0.0;5.0;1170.225
0;0;106;204.203;0.0;0.0;0.0;204.203;204.203;0.0;5.0;1021.015
0;0;107;210.224;0.0;0.0;0.0;210.224;210.224;0.0;5.0;1051.12
0;0;108;202.929;0.0;0.0;0.0;202.929;202.929;0.0;5.0;1014.645
0;0;109;198.664;0.0;0.0;0.0;198.664;198.664;0.0;5.0;993.3199999999999
0;0;110;190.727;0.0;0.0;0.0;190.727;190.727;0.0;5.0;953.635
0;0;111;174.288;0.0;0.0;0.0;174.288;174.288;0.0;5.0;871.44
0;0;112;183.90699999999998;0.0;0.0;0.0;183.907;183.907;0.0;5.0;919.5350000000001
0;0;113;190.99599999999998;0.0;0.0;0.0;190.996;190.996;0.0;5.0;954.98
0;0;114;228.348;0.0;0.0;0.0;228.348;228.348;0.0;5.0;1141.74
0;0;115;244.07999999999998;0.0;0.0;0.0;244.08;244.08;0.0;5.0;1220.4
0;0;116;241.394;0.0;0.0;0.0;241.394;241.394;0.0;5.0;1206.97
0;0;117;232.73399999999998;0.0;0.0;0.0;232.734;232.734;0.0;5.0;1163.67
0;0;118;232.17700000000002;0.0;0.0;0.0;232.177;232.177;0.0;5.0;1160.885
0;0;119;202.89999999999998;0.0;0.0;0.0;202.9;202.9;0.0;5.0;1014.5
0;0;120;39.031;0.0;0.0;0.0;39.031;39.031;0.0;5.0;195.155
0;0;121;200.484;0.0;0.0;0.0;200.484;200.484;0.0;5.0;1002.4200000000001
0;0;122;196.525;0.0;0.0;0.0;196.525;196.525;0.0;5.0;982.625
0;0;123;196.549;0.0;0.0;0.0;196.549;196.549;0.0;5.0;982.745
0;0;124;194.71;0.0;0.0;0.0;194.71;194.71;0.0;5.0;973.5500000000001
0;0;125;200.048;0.0;0.0;0.0;200.048;200.048;0.0;5.0;1000.24
0;0;126;200.99099999999999;0.0;0.0;0.0;200.991;200.991;0.0;5.0;1004.955
0;0;127;229.6;0.0;0.0;0.0;229.6;229.6;0.0;5.0;1148.0
0;0;128;231.21699999999998;0.0;0.0;0.0;231.217;231.217;0.0;5.0;1156.085
0;0;129;223.058;0.0;0.0;0.0;223.058;223.058;0.0;5.0;1115.29
0;0;130;210.231;0.0;0.0;0.0;210.231;210.231;0.0;5.0;1051.155
0;0;131;210.26500000000001;0.0;0.0;0.0;210.265;210.265;0.0;5.0;1051.3249999999998
0;0;132;194.80399999999997;0.0;0.0;0.0;194.804;194.804;0.0;5.0;974.02
0;0;133;179.142;0.0;0.0;0.0;179.142;179.142;0.0;5.0;895.71
0;0;134;202.27300000000002;0.0;0.0;0.0;202.273;202.273;0.0;5.0;1011.365
0;0;135;206.409;0.0;0.0;0.0;206.409;206.409;0.0;5.0;1032.045
0;0;136;221.459;0.0;0.0;0.0;221.459;221.459;0.0;5.0;1107.295
0;0;137;160.761;0.0;0.0;0.0;160.761;160.761;0.0;5.0;803.805
0;0;138;243.18;0.0;0.0;0.0;243.18;243.18;0.0;5.0;1215.9
0;0;139;244.633;0.0;0.0;0.0;244.633;244.633;0.0;5.0;1223.165
0;0;140;236.292;0.0;0.0;0.0;236.292;236.292;0.0;5.0;1181.46
0;0;141;248.809;0.0;0.0;0.0;248.809;248.809;0.0;5.0;1244.045
0;0;142;255.62599999999998;0.0;0.0;0.0;255.626;255.626;0.0;5.0;1278.13
0;0;143;217.262;0.0;0.0;0.0;217.262;217.262;0.0;5.0;1086.31
0;0;144;151.181;0.0;0.0;0.0;151.181;151.181;0.0;5.0;755.9050000000001
0;0;145;204.19400000000002;0.0;0.0;0.0;204.194;204.194;0.0;5.0;1020.9699999999999
0;0;146;200.044;0.0;0.0;0.0;200.044;200.044;0.0;5.0;1000.22
0;0;147;199.87800000000001;0.0;0.0;0.0;199.878;199.878;0.0;5.0;999.3899999999999
0;0;148;199.76399999999998;0.0;0.0;0.0;199.764;199.764;0.0;5.0;998.82
0;0;149;203.021;0.0;0.0;0.0;203.021;203.021;0.0;5.0;1015.1049999999999
0;0;150;201.553;0.0;0.0;0.0;201.553;201.553;0.0;5.0;1007.765
0;0;151;223.89600000000002;0.0;0.0;0.0;223.896;223.896;0.0;5.0;1119.48
0;0;152;239.892;0.0;0.0;0.0;239.892;239.892;0.0;5.0;1199.46
0;0;153;230.953;0.0;0.0;0.0;230.953;230.953;0.0;5.0;1154.765
0;0;154;221.892;0.0;0.0;0.0;221.892;221.892;0.0;5.0;1109.46
0;0;155;213.92899999999997;0.0;0.0;0.0;213.929;213.929;0.0;5.0;1069.645
0;0;156;206.092;0.0;0.0;0.0;206.092;206.092;0.0;5.0;1030.46
0;0;157;177.134;0.0;0.0;0.0;177.134;177.134;0.0;5.0;885.67
0;0;158;166.185;0.0;0.0;0.0;166.185;166.185;0.0;5.0;830.925
0;0;159;168.912;0.0;0.0;0.0;168.912;168.912;0.0;5.0;844.5600000000001
0;0;160;210.113;0.0;0.0;0.0;210.113;210.113;0.0;5.0;1050.565
0;0;161;178.93400000000003;0.0;0.0;0.0;178.934;178.934;0.0;5.0;894.67
0;0;162;220.107;0.0;0.0;0.0;220.107;220.107;0.0;5.0;1100.535
0;0;163;225.966;0.0;0.0;0.0;225.966;225.966;0.0;5.0;1129.83
0;0;164;235.58499999999998;0.0;0.0;0.0;235.585;235.585;0.0;5.0;1177.925
0;0;165;170.38;0.0;0.0;0.0;170.38;170.38;0.0;5.0;851.9
0;0;166;239.369;0.0;0.0;0.0;239.369;239.369;0.0;5.0;1196.845
0;0;167;182.196;0.0;0.0;0.0;182.196;182.196;0.0;5.0;910.98
0;1;0;7.529;0.0;0.0;0.0;7.529;7.529;0.0;22.0;165.638
0;1;1;12.166;0.0;0.0;0.0;12.166;12.166;0.0;22.0;267.652
0;1;2;9.759;0.0;0.0;0.0;9.759;9.759;0.0;22.0;214.698
0;1;3;12.531;0.0;0.0;0.0;12.531;12.531;0.0;22.0;275.682
0;1;4;11.731;0.0;0.0;0.0;11.731;11.731;0.0;22.0;258.082
0;1;5;11.157;0.0;0.0;0.0;11.157;11.157;0.0;22.0;245.454
0;1;6;17.907;0.0;0.0;0.0;17.907;17.907;0.0;22.0;393.954
0;1;7;35.569;0.0;1.69383;0.0;33.87517;35.569;0.0;22.0;782.518
0;1;8;43.38;0.0;11.58677;0.0;31.79323;43.38;0.0;22.0;954.36
0;1;9;47.579;0.0;25.26529;0.0;22.31371;47.579;0.0;22.0;1046.738
0;1;10;56.187;0.0;40.89311;0.0;15.29389;56.187;0.0;22.0;1236.114
0;1;11;39.313;0.0;37.13638;0.0;2.17662;39.313;0.0;22.0;864.8860000000001
0;1;12;43.482;0.0;43.482;0.0;0.0;43.482;0.0;22.0;956.604
0;1;13;47.751;0.0;47.751;0.0;0.0;47.751;0.0;22.0;1050.522
0;1;14;41.271;0.0;37.45773;0.0;3.81327;41.271;0.0;22.0;907.962
0;1;15;39.599;0.0;24.87723;0.0;14.72177;39.599;0.0;22.0;871.1779999999999
0;1;16;43.974;0.0;16.26915;0.0;27.70485;43.974;0.0;22.0;967.4279999999999
0;1;17;47.748;0.0;8.4831;0.0;39.2649;47.748;0.0;22.0;1050.456
0;1;18;65.792;0.0;0.0;0.0;65.792;65.792;0.0;22.0;1447.424
0;1;19;68.97;0.0;0.0;0.0;68.97;68.97;0.0;22.0;1517.34
0;1;20;69.913;0.0;0.0;0.0;69.913;69.913;0.0;22.0;1538.086
0;1;21;65.959;0.0;0.0;0.0;65.959;65.959;0.0;22.0;1451.098
0;1;22;63.839;0.0;0.0;0.0;63.839;63.839;0.0;22.0;1404.458
0;1;23;48.306;0.0;0.0;0.0;48.306;48.306;0.0;22.0;1062.732
0;1;24;7.535;0.0;0.0;0.0;7.535;7.535;0.0;22.0;165.77
0;1;25;8.984;0.0;0.0;0.0;8.984;8.984;0.0;22.0;197.648
0;1;26;10.941;0.0;0.0;0.0;10.941;10.941;0.0;22.0;240.70200000000003
0;1;27;9.861;0.0;0.0;0.0;9.861;9.861;0.0;22.0;216.942
0;1;28;10.643;0.0;0.0;0.0;10.643;10.643;0.0;22.0;234.14600000000002
0;1;29;12.788;0.0;0.0;0.0;12.788;12.788;0.0;22.0;281.336
0;1;30;15.305;0.0;0.0;0.0;15.305;15.305;0.0;22.0;336.71
0;1;31;48.881;0.0;0.18597;0.0;48.69503;48.881;0.0;22.0;1075.382
0;1;32;44.833;0.0;10.64802;0.0;34.18498;44.833;0.0;22.0;986.326
0;1;33;42.641999999999996;0.0;22.23273;0.0;20.40927;42.642;0.0;22.0;938.124
0;1;34;40.901;0.0;28.06811;0.0;12.83289;40.901;0.0;22.0;899.8220000000001
0;1;35;39.772;0.0;35.31571;0.0;4.45629;39.772;0.0;22.0;874.9839999999999
0;1;36;36.47;0.0;36.47;0.0;0.0;36.47;0.0;22.0;802.3399999999999
0;1;37;38.696999999999996;0.0;38.697;0.0;0.0;38.697;0.0;22.0;851.3340000000001
0;1;38;36.197;0.0;36.197;0.0;0.0;36.197;0.0;22.0;796.3340000000001
0;1;39;41.785;0.0;37.02744;0.0;4.75756;41.785;0.0;22.0;919.27
0;1;40;48.577;0.0;32.106;0.0;16.471;48.577;0.0;22.0;1068.694
0;1;41;117.13799999999999;0.0;10.02129;0.0;107.11671;117.138;0.0;22.0;2577.036
0;1;42;43.446;0.0;2.43477;0.0;41.01123;43.446;0.0;22.0;955.8119999999999
0;1;43;73.201;0.0;0.0;0.0;73.201;73.201;0.0;22.0;1610.4219999999998
0;1;44;65.368;0.0;0.0;0.0;65.368;65.368;0.0;22.0;1438.096
0;1;45;74.74;0.0;0.0;0.0;74.74;74.74;0.0;22.0;1644.28
0;1;46;79.871;0.0;0.0;0.0;79.871;79.871;0.0;22.0;1757.1619999999998
0;1;47;36.799;0.0;0.0;0.0;36.799;36.799;0.0;22.0;809.578
0;1;48;7.558;0.0;0.0;0.0;7.558;7.558;0.0;22.0;166.276
0;1;49;11.075;0.0;0.0;0.0;11.075;11.075;0.0;22.0;243.64999999999998
0;1;50;11.445;0.0;0.0;0.0;11.445;11.445;0.0;22.0;251.79000000000002
0;1;51;11.457;0.0;0.0;0.0;11.457;11.457;0.0;22.0;252.05400000000003
0;1;52;9.816;0.0;0.0;0.0;9.816;9.816;0.0;22.0;215.95200000000003
0;1;53;10.751;0.0;0.0;0.0;10.751;10.751;0.0;22.0;236.522
0;1;54;11.091;0.0;0.0;0.0;11.091;11.091;0.0;22.0;244.00199999999998
0;1;55;32.752;0.0;0.0;0.0;32.752;32.752;0.0;22.0;720.5440000000001
0;1;56;41.68;0.0;9.46491;0.0;32.21509;41.68;0.0;22.0;916.96
0;1;57;38.964;0.0;22.72153;0.0;16.24247;38.964;0.0;22.0;857.208
0;1;58;46.217;0.0;36.1516;0.0;10.0654;46.217;0.0;22.0;1016.774
0;1;59;48.851;0.0;48.851;0.0;0.0;48.851;0.0;22.0;1074.722
0;1;60;43.685;0.0;43.685;0.0;0.0;43.685;0.0;22.0;961.07
0;1;61;36.403;0.0;36.403;0.0;0.0;36.403;0.0;22.0;800.866
0;1;62;40.428;0.0;24.65957;0.0;15.76843;40.428;0.0;22.0;889.4159999999999
0;1;63;108.06099999999999;0.0;0.0;0.0;108.061;108.061;0.0;22.0;2377.342
0;1;64;33.06;0.0;12.17341;0.0;20.88659;33.06;0.0;22.0;727.32
0;1;65;37.919;0.0;10.84233;0.0;27.07667;37.919;0.0;22.0;834.218
0;1;66;50.193;0.0;0.0;0.0;50.193;50.193;0.0;22.0;1104.2459999999999
0;1;67;60.729;0.0;0.0;0.0;60.729;60.729;0.0;22.0;1336.038
0;1;68;79.498;0.0;0.0;0.0;79.498;79.498;0.0;22.0;1748.9560000000001
0;1;69;71.926;0.0;0.0;0.0;71.926;71.926;0.0;22.0;1582.372
0;1;70;54.205;0.0;0.0;0.0;54.205;54.205;0.0;22.0;1192.51
0;1;71;47.046;0.0;0.0;0.0;47.046;47.046;0.0;22.0;1035.012
0;1;72;7.482;0.0;0.0;0.0;7.482;7.482;0.0;22.0;164.604
0;1;73;11.424;0.0;0.0;0.0;11.424;11.424;0.0;22.0;251.32799999999997
0;1;74;10.566;0.0;0.0;0.0;10.566;10.566;0.0;22.0;232.45200000000003
0;1;75;10.401;0.0;0.0;0.0;10.401;10.401;0.0;22.0;228.822
0;1;76;11.218;0.0;0.0;0.0;11.218;11.218;0.0;22.0;246.796
0;1;77;14.061;0.0;0.0;0.0;14.061;14.061;0.0;22.0;309.342
0;1;78;14.356;0.0;0.0;0.0;14.356;14.356;0.0;22.0;315.832
0;1;79;16.242;0.0;1.2543;0.0;14.9877;16.242;0.0;22.0;357.324
0;1;80;36.68;0.0;23.66751;0.0;13.01249;36.68;0.0;22.0;806.96
0;1;81;52.238;0.0;52.238;0.0;0.0;52.238;0.0;22.0;1149.2359999999999
0;1;82;49.404;0.0;49.404;0.0;0.0;49.404;0.0;22.0;1086.8880000000001
0;1;83;44.567;0.0;44.567;0.0;0.0;44.567;0.0;22.0;980.474
0;1;84;42.026;0.0;42.026;0.0;0.0;42.026;0.0;22.0;924.5720000000001
0;1;85;35.417;0.0;35.417;0.0;0.0;35.417;0.0;22.0;779.174
0;1;86;44.141999999999996;0.0;44.142;0.0;0.0;44.142;0.0;22.0;971.124
0;1;87;96.15899999999999;0.0;65.36777;0.0;30.79123;96.159;0.0;22.0;2115.498
0;1;88;39.183;0.0;35.06505;0.0;4.11795;39.183;0.0;22.0;862.026
0;1;89;45.756;0.0;18.0006;0.0;27.7554;45.756;0.0;22.0;1006.6320000000001
0;1;90;38.544;0.0;4.3154;0.0;34.2286;38.544;0.0;22.0;847.968
0;1;91;58.075;0.0;0.0;0.0;58.075;58.075;0.0;22.0;1277.65
0;1;92;60.634;0.0;0.0;0.0;60.634;60.634;0.0;22.0;1333.948
0;1;93;48.063;0.0;0.0;0.0;48.063;48.063;0.0;22.0;1057.386
0;1;94;52.452;0.0;0.0;0.0;52.452;52.452;0.0;22.0;1153.944
0;1;95;40.887;0.0;0.0;0.0;40.887;40.887;0.0;22.0;899.514
0;1;96;7.412;0.0;0.0;0.0;7.412;7.412;0.0;22.0;163.064
0;1;97;11.068;0.0;0.0;0.0;11.068;11.068;0.0;22.0;243.49599999999998
0;1;98;10.624;0.0;0.0;0.0;10.624;10.624;0.0;22.0;233.728
0;1;99;10.421;0.0;0.0;0.0;10.421;10.421;0.0;22.0;229.262
0;1;100;9.254;0.0;0.0;0.0;9.254;9.254;0.0;22.0;203.588
0;1;101;11.839;0.0;0.0;0.0;11.839;11.839;0.0;22.0;260.458
0;1;102;15.644;0.0;0.0;0.0;15.644;15.644;0.0;22.0;344.168
0;1;103;22.949;0.0;0.44653;0.0;22.50247;22.949;0.0;22.0;504.87800000000004
0;1;104;30.946;0.0;5.45338;0.0;25.49262;30.946;0.0;22.0;680.812
0;1;105;51.836999999999996;0.0;9.00787;0.0;42.82913;51.837;0.0;22.0;1140.414
0;1;106;49.20099999999999;0.0;24.70935;0.0;24.49165;49.201;0.0;22.0;1082.422
0;1;107;52.309000000000005;0.0;48.58008;0.0;3.72892;52.309;0.0;22.0;1150.798
0;1;108;53.308;0.0;53.308;0.0;0.0;53.308;0.0;22.0;1172.776
0;1;109;49.016;0.0;44.20858;0.0;4.80742;49.016;0.0;22.0;1078.3519999999999
0;1;110;56.463;0.0;19.78468;0.0;36.67832;56.463;0.0;22.0;1242.186
0;1;111;51.153999999999996;0.0;15.3711;0.0;35.7829;51.154;0.0;22.0;1125.3880000000001
0;1;112;47.033;0.0;10.96253;0.0;36.07047;47.033;0.0;22.0;1034.726
0;1;113;109.53200000000001;0.0;0.0;0.0;109.532;109.532;0.0;22.0;2409.7039999999997
0;1;114;46.632;0.0;1.70622;0.0;44.92578;46.632;0.0;22.0;1025.904
0;1;115;60.103;0.0;0.0;0.0;60.103;60.103;0.0;22.0;1322.266
0;1;116;61.515;0.0;0.0;0.0;61.515;61.515;0.0;22.0;1353.33
0;1;117;55.863;0.0;0.0;0.0;55.863;55.863;0.0;22.0;1228.9859999999999
0;1;118;63.102;0.0;0.0;0.0;63.102;63.102;0.0;22.0;1388.244
0;1;119;41.108;0.0;0.0;0.0;41.108;41.108;0.0;22.0;904.376
0;1;120;7.619;0.0;0.0;0.0;7.619;7.619;0.0;22.0;167.618
0;1;121;11.147;0.0;0.0;0.0;11.147;11.147;0.0;22.0;245.234
0;1;122;9.85;0.0;0.0;0.0;9.85;9.85;0.0;22.0;216.7
0;1;123;11.929;0.0;0.0;0.0;11.929;11.929;0.0;22.0;262.438
0;1;124;10.074;0.0;0.0;0.0;10.074;10.074;0.0;22.0;221.628
0;1;125;13.56;0.0;0.0;0.0;13.56;13.56;0.0;22.0;298.32
0;1;126;12.101;0.0;0.0;0.0;12.101;12.101;0.0;22.0;266.22200000000004
0;1;127;43.804;0.0;0.0;0.0;43.804;43.804;0.0;22.0;963.6880000000001
0;1;128;41.745;0.0;9.93009;0.0;31.81491;41.745;0.0;22.0;918.39
0;1;129;42.153999999999996;0.0;22.07196;0.0;20.08204;42.154;0.0;22.0;927.388
0;1;130;43.716;0.0;33.22881;0.0;10.48719;43.716;0.0;22.0;961.7520000000001
0;1;131;36.152;0.0;34.90875;0.0;1.24325;36.152;0.0;22.0;795.344
0;1;132;45.556999999999995;0.0;45.557;0.0;0.0;45.557;0.0;22.0;1002.254
0;1;133;35.511;0.0;35.39195;0.0;0.11905;35.511;0.0;22.0;781.2420000000001
0;1;134;39.407;0.0;29.82365;0.0;9.58335;39.407;0.0;22.0;866.954
0;1;135;34.67;0.0;19.18313;0.0;15.48687;34.67;0.0;22.0;762.74
0;1;136;42.794;0.0;17.74298;0.0;25.05102;42.794;0.0;22.0;941.468
0;1;137;105.332;0.0;9.50477;0.0;95.82723;105.332;0.0;22.0;2317.304
0;1;138;47.493;0.0;1.07179;0.0;46.42121;47.493;0.0;22.0;1044.846
0;1;139;74.199;0.0;0.0;0.0;74.199;74.199;0.0;22.0;1632.378
0;1;140;71.958;0.0;0.0;0.0;71.958;71.958;0.0;22.0;1583.076
0;1;141;78.264;0.0;0.0;0.0;78.264;78.264;0.0;22.0;1721.808
0;1;142;57.149;0.0;0.0;0.0;57.149;57.149;0.0;22.0;1257.278
0;1;143;58.087;0.0;0.0;0.0;58.087;58.087;0.0;22.0;1277.914
0;1;144;7.461;0.0;0.0;0.0;7.461;7.461;0.0;22.0;164.142
0;1;145;12.297;0.0;0.0;0.0;12.297;12.297;0.0;22.0;270.534
0;1;146;11.135;0.0;0.0;0.0;11.135;11.135;0.0;22.0;244.97
0;1;147;11.104;0.0;0.0;0.0;11.104;11.104;0.0;22.0;244.28799999999998
0;1;148;9.835;0.0;0.0;0.0;9.835;9.835;0.0;22.0;216.37
0;1;149;11.968;0.0;0.0;0.0;11.968;11.968;0.0;22.0;263.296
0;1;150;14.53;0.0;0.0;0.0;14.53;14.53;0.0;22.0;319.65999999999997
0;1;151;37.994;0.0;0.0;0.0;37.994;37.994;0.0;22.0;835.8679999999999
0;1;152;41.161;0.0;9.68236;0.0;31.47864;41.161;0.0;22.0;905.542
0;1;153;48.542;0.0;26.07938;0.0;22.46262;48.542;0.0;22.0;1067.924
0;1;154;38.370999999999995;0.0;29.67134;0.0;8.69966;38.371;0.0;22.0;844.162
0;1;155;42.004;0.0;40.80818;0.0;1.19582;42.004;0.0;22.0;924.088
0;1;156;46.628;0.0;46.628;0.0;0.0;46.628;0.0;22.0;1025.816
0;1;157;48.541000000000004;0.0;48.541;0.0;0.0;48.541;0.0;22.0;1067.902
0;1;158;41.038000000000004;0.0;31.85827;0.0;9.17973;41.038;0.0;22.0;902.8359999999999
0;1;159;135.864;0.0;38.49637;0.0;97.36763;135.864;0.0;22.0;2989.0080000000003
0;1;160;46.533;0.0;24.16257;0.0;22.37043;46.533;0.0;22.0;1023.726
0;1;161;72.135;0.0;5.65279;0.0;66.48221;72.135;0.0;22.0;1586.97
0;1;162;56.373999999999995;0.0;4.42811;0.0;51.94589;56.374;0.0;22.0;1240.228
0;1;163;94.25200000000001;0.0;0.0;0.0;94.252;94.252;0.0;22.0;2073.544
0;1;164;81.92099999999999;0.0;0.0;0.0;81.921;81.921;0.0;22.0;1802.2620000000002
0;1;165;77.319;0.0;0.0;0.0;77.319;77.319;0.0;22.0;1701.018
0;1;166;68.77;0.0;0.0;0.0;68.77;68.77;0.0;22.0;1512.9399999999998
0;1;167;55.211;0.0;0.0;0.0;55.211;55.211;0.0;22.0;1214.642
0;2;0;7.519;0.0;0.0;0.0;7.519;7.519;0.0;10.0;75.19
0;2;1;9.982;0.0;0.0;0.0;9.982;9.982;0.0;10.0;99.82
0;2;2;155.04500000000002;0.0;0.0;0.0;155.045;155.045;0.0;10.0;1550.4499999999998
0;2;3;12.89;0.0;0.0;0.0;12.89;12.89;0.0;10.0;128.9
0;2;4;42.683;0.0;0.0;0.0;42.683;42.683;0.0;10.0;426.83
0;2;5;159.533;0.0;0.0;0.0;159.533;159.533;0.0;10.0;1595.33
0;2;6;19.58;0.0;0.0;0.0;19.58;19.58;0.0;10.0;195.79999999999998
0;2;7;105.018;0.0;0.0;0.0;105.018;105.018;0.0;10.0;1050.18
0;2;8;60.949;0.0;0.0;0.0;60.949;60.949;0.0;10.0;609.49
0;2;9;123.71900000000001;0.0;32.48079;0.0;91.23821;123.719;0.0;10.0;1237.19
0;2;10;108.21699999999998;0.0;51.26049;0.0;56.95651;108.217;0.0;10.0;1082.17
0;2;11;99.024;0.0;68.22186;0.0;30.80214;99.024;0.0;10.0;990.24
0;2;12;83.029;0.0;70.66962;0.0;12.35938;83.029;0.0;10.0;830.29
0;2;13;71.038;0.0;27.03651;0.0;44.00149;71.038;0.0;10.0;710.38
0;2;14;78.914;0.0;11.4458;0.0;67.4682;78.914;0.0;10.0;789.14
0;2;15;105.30499999999999;0.0;5.68642;0.0;99.61858;105.305;0.0;10.0;1053.0500000000002
0;2;16;190.763;0.0;8.90154;0.0;181.86146;190.763;0.0;10.0;1907.63
0;2;17;92.167;0.0;0.0;0.0;92.167;92.167;0.0;10.0;921.6700000000001
0;2;18;56.416;0.0;0.0;0.0;56.416;56.416;0.0;10.0;564.16
0;2;19;172.2;0.0;0.0;0.0;172.2;172.2;0.0;10.0;1722.0
0;2;20;126.634;0.0;0.0;0.0;126.634;126.634;0.0;10.0;1266.34
0;2;21;61.892;0.0;0.0;0.0;61.892;61.892;0.0;10.0;618.9200000000001
0;2;22;195.199;0.0;0.0;0.0;195.199;195.199;0.0;10.0;1951.9900000000002
0;2;23;113.297;0.0;0.0;0.0;113.297;113.297;0.0;10.0;1132.97
0;2;24;7.566;0.0;0.0;0.0;7.566;7.566;0.0;10.0;75.66
0;2;25;13.006;0.0;0.0;0.0;13.006;13.006;0.0;10.0;130.06
0;2;26;174.59699999999998;0.0;0.0;0.0;174.597;174.597;0.0;10.0;1745.97
0;2;27;50.19;0.0;0.0;0.0;50.19;50.19;0.0;10.0;501.9
0;2;28;177.101;0.0;0.0;0.0;177.101;177.101;0.0;10.0;1771.01
0;2;29;70.10000000000001;0.0;0.0;0.0;70.1;70.1;0.0;10.0;701.0
0;2;30;148.30800000000002;0.0;0.0;0.0;148.308;148.308;0.0;10.0;1483.08
0;2;31;173.269;0.0;0.0;0.0;173.269;173.269;0.0;10.0;1732.69
0;2;32;184.038;0.0;2.97655;0.0;181.06145;184.038;0.0;10.0;1840.38
0;2;33;159.64600000000002;0.0;34.12571;0.0;125.52029;159.646;0.0;10.0;1596.4599999999998
0;2;34;139.94;0.0;62.112;0.0;77.828;139.94;0.0;10.0;1399.4
0;2;35;125.932;0.0;82.27292;0.0;43.65908;125.932;0.0;10.0;1259.32
0;2;36;105.211;0.0;82.00729;0.0;23.20371;105.211;0.0;10.0;1052.11
0;2;37;86.32900000000001;0.0;51.45991;0.0;34.86909;86.329;0.0;10.0;863.29
0;2;38;74.721;0.0;25.54194;0.0;49.17906;74.721;0.0;10.0;747.21
0;2;39;59.135999999999996;0.0;24.36552;0.0;34.77048;59.136;0.0;10.0;591.36
0;2;40;185.116;0.0;9.81123;0.0;175.30477;185.116;0.0;10.0;1851.16
0;2;41;113.554;0.0;0.00027;0.0;113.55373;113.554;0.0;10.0;1135.54
0;2;42;102.143;0.0;0.0;0.0;102.143;102.143;0.0;10.0;1021.4300000000001
0;2;43;102.564;0.0;0.0;0.0;102.564;102.564;0.0;10.0;1025.6399999999999
0;2;44;110.492;0.0;0.0;0.0;110.492;110.492;0.0;10.0;1104.92
0;2;45;112.559;0.0;0.0;0.0;112.559;112.559;0.0;10.0;1125.59
0;2;46;56.144;0.0;0.0;0.0;56.144;56.144;0.0;10.0;561.4399999999999
0;2;47;69.003;0.0;0.0;0.0;69.003;69.003;0.0;10.0;690.03
0;2;48;7.554;0.0;0.0;0.0;7.554;7.554;0.0;10.0;75.54
0;2;49;9.184;0.0;0.0;0.0;9.184;9.184;0.0;10.0;91.83999999999999
0;2;50;58.829;0.0;0.0;0.0;58.829;58.829;0.0;10.0;588.29
0;2;51;60.613;0.0;0.0;0.0;60.613;60.613;0.0;10.0;606.13
0;2;52;61.452999999999996;0.0;0.0;0.0;61.453;61.453;0.0;10.0;614.53
0;2;53;63.702;0.0;0.0;0.0;63.702;63.702;0.0;10.0;637.02
0;2;54;62.586;0.0;0.0;0.0;62.586;62.586;0.0;10.0;625.86
0;2;55;100.625;0.0;0.0;0.0;100.625;100.625;0.0;10.0;1006.25
0;2;56;117.451;0.0;0.0;0.0;117.451;117.451;0.0;10.0;1174.51
0;2;57;88.24199999999999;0.0;0.0;0.0;88.242;88.242;0.0;10.0;882.4200000000001
0;2;58;83.6;0.0;0.0;0.0;83.6;83.6;0.0;10.0;836.0
0;2;59;73.0;0.0;0.0;0.0;73.0;73.0;0.0;10.0;730.0
0;2;60;65.32900000000001;0.0;0.00018;0.0;65.32882;65.329;0.0;10.0;653.29
0;2;61;53.179;0.0;0.0;0.0;53.179;53.179;0.0;10.0;531.79
0;2;62;59.93000000000001;0.0;0.0;0.0;59.93;59.93;0.0;10.0;599.3
0;2;63;54.947;0.0;0.0;0.0;54.947;54.947;0.0;10.0;549.47
0;2;64;85.178;0.0;0.0;0.0;85.178;85.178;0.0;10.0;851.78
0;2;65;194.762;0.0;0.0;0.0;194.762;194.762;0.0;10.0;1947.62
0;2;66;64.171;0.0;0.0;0.0;64.171;64.171;0.0;10.0;641.71
0;2;67;99.537;0.0;0.0;0.0;99.537;99.537;0.0;10.0;995.3700000000001
0;2;68;85.975;0.0;0.0;0.0;85.975;85.975;0.0;10.0;859.75
0;2;69;79.755;0.0;0.0;0.0;79.755;79.755;0.0;10.0;797.55
0;2;70;62.278;0.0;0.0;0.0;62.278;62.278;0.0;10.0;622.78
0;2;71;33.443;0.0;0.0;0.0;33.443;33.443;0.0;10.0;334.42999999999995
0;2;72;10.713;0.0;0.0;0.0;10.713;10.713;0.0;10.0;107.13
0;2;73;56.551;0.0;0.0;0.0;56.551;56.551;0.0;10.0;565.51
0;2;74;54.82599999999999;0.0;0.0;0.0;54.826;54.826;0.0;10.0;548.26
0;2;75;59.342;0.0;0.0;0.0;59.342;59.342;0.0;10.0;593.42
0;2;76;58.318;0.0;0.0;0.0;58.318;58.318;0.0;10.0;583.18
0;2;77;59.117999999999995;0.0;0.0;0.0;59.118;59.118;0.0;10.0;591.1800000000001
0;2;78;61.507999999999996;0.0;0.0;0.0;61.508;61.508;0.0;10.0;615.08
0;2;79;94.805;0.0;0.0;0.0;94.805;94.805;0.0;10.0;948.0500000000001
0;2;80;110.28300000000002;0.0;0.0;0.0;110.283;110.283;0.0;10.0;1102.83
0;2;81;98.471;0.0;0.0;0.0;98.471;98.471;0.0;10.0;984.71
0;2;82;85.613;0.0;0.0;0.0;85.613;85.613;0.0;10.0;856.13
0;2;83;72.521;0.0;9.94324;0.0;62.57776;72.521;0.0;10.0;725.21
0;2;84;68.666;0.0;45.46125;0.0;23.20475;68.666;0.0;10.0;686.66
0;2;85;64.56;0.0;22.24762;0.0;42.31238;64.56;0.0;10.0;645.6
0;2;86;178.48100000000002;0.0;0.0;0.0;178.481;178.481;0.0;10.0;1784.81
0;2;87;102.719;0.0;0.0;0.0;102.719;102.719;0.0;10.0;1027.19
0;2;88;52.178;0.0;0.0;0.0;52.178;52.178;0.0;10.0;521.78
0;2;89;57.259;0.0;0.0;0.0;57.259;57.259;0.0;10.0;572.59
0;2;90;66.474;0.0;0.0;0.0;66.474;66.474;0.0;10.0;664.74
0;2;91;67.656;0.0;0.0;0.0;67.656;67.656;0.0;10.0;676.5600000000001
0;2;92;205.607;0.0;0.0;0.0;205.607;205.607;0.0;10.0;2056.07
0;2;93;100.628;0.0;0.0;0.0;100.628;100.628;0.0;10.0;1006.28
0;2;94;60.145;0.0;0.0;0.0;60.145;60.145;0.0;10.0;601.45
0;2;95;139.084;0.0;0.0;0.0;139.084;139.084;0.0;10.0;1390.8400000000001
0;2;96;7.501;0.0;0.0;0.0;7.501;7.501;0.0;10.0;75.01
0;2;97;15.296;0.0;0.0;0.0;15.296;15.296;0.0;10.0;152.95999999999998
0;2;98;97.838;0.0;0.0;0.0;97.838;97.838;0.0;10.0;978.3799999999999
0;2;99;162.05499999999998;0.0;0.0;0.0;162.055;162.055;0.0;10.0;1620.5500000000002
0;2;100;132.125;0.0;0.0;0.0;132.125;132.125;0.0;10.0;1321.25
0;2;101;12.258;0.0;0.0;0.0;12.258;12.258;0.0;10.0;122.57999999999998
0;2;102;123.871;0.0;0.0;0.0;123.871;123.871;0.0;10.0;1238.71
0;2;103;137.445;0.0;0.0;0.0;137.445;137.445;0.0;10.0;1374.4499999999998
0;2;104;151.993;0.0;0.0;0.0;151.993;151.993;0.0;10.0;1519.9299999999998
0;2;105;142.576;0.0;13.30984;0.0;129.26616;142.576;0.0;10.0;1425.76
0;2;106;128.398;0.0;21.68864;0.0;106.70936;128.398;0.0;10.0;1283.98
0;2;107;131.989;0.0;8.60156;0.0;123.38744;131.989;0.0;10.0;1319.89
0;2;108;126.71000000000001;0.0;26.28547;0.0;100.42453;126.71;0.0;10.0;1267.1
0;2;109;175.115;0.0;27.25039;0.0;147.86461;175.115;0.0;10.0;1751.15
0;2;110;40.867;0.0;6.3807;0.0;34.4863;40.867;0.0;10.0;408.66999999999996
0;2;111;108.878;0.0;0.0;0.0;108.878;108.878;0.0;10.0;1088.78
0;2;112;129.079;0.0;0.0;0.0;129.079;129.079;0.0;10.0;1290.79
0;2;113;119.66399999999999;0.0;0.0;0.0;119.664;119.664;0.0;10.0;1196.64
0;2;114;139.584;0.0;0.0;0.0;139.584;139.584;0.0;10.0;1395.8400000000001
0;2;115;144.743;0.0;0.0;0.0;144.743;144.743;0.0;10.0;1447.4299999999998
0;2;116;153.35399999999998;0.0;0.0;0.0;153.354;153.354;0.0;10.0;1533.5400000000002
0;2;117;139.532;0.0;0.0;0.0;139.532;139.532;0.0;10.0;1395.3200000000002
0;2;118;133.502;0.0;0.0;0.0;133.502;133.502;0.0;10.0;1335.02
0;2;119;194.10500000000002;0.0;0.0;0.0;194.105;194.105;0.0;10.0;1941.05
0;2;120;19.496;0.0;0.0;0.0;19.496;19.496;0.0;10.0;194.95999999999998
0;2;121;175.26299999999998;0.0;0.0;0.0;175.263;175.263;0.0;10.0;1752.63
0;2;122;39.001000000000005;0.0;0.0;0.0;39.001;39.001;0.0;10.0;390.01
0;2;123;108.20599999999999;0.0;0.0;0.0;108.206;108.206;0.0;10.0;1082.06
0;2;124;111.532;0.0;0.0;0.0;111.532;111.532;0.0;10.0;1115.32
0;2;125;112.578;0.0;0.0;0.0;112.578;112.578;0.0;10.0;1125.78
0;2;126;130.948;0.0;0.0;0.0;130.948;130.948;0.0;10.0;1309.48
0;2;127;152.851;0.0;0.0;0.0;152.851;152.851;0.0;10.0;1528.51
0;2;128;167.207;0.0;0.0;0.0;167.207;167.207;0.0;10.0;1672.07
0;2;129;137.946;0.0;0.0;0.0;137.946;137.946;0.0;10.0;1379.46
0;2;130;133.40699999999998;0.0;0.0;0.0;133.407;133.407;0.0;10.0;1334.0700000000002
0;2;131;116.785;0.0;0.0;0.0;116.785;116.785;0.0;10.0;1167.85
0;2;132;110.186;0.0;11.03177;0.0;99.15423;110.186;0.0;10.0;1101.8600000000001
0;2;133;101.239;0.0;20.36462;0.0;80.87438;101.239;0.0;10.0;1012.3900000000001
0;2;134;175.979;0.0;0.0;0.0;175.979;175.979;0.0;10.0;1759.7900000000002
0;2;135;163.102;0.0;0.0;0.0;163.102;163.102;0.0;10.0;1631.02
0;2;136;54.745;0.0;0.0;0.0;54.745;54.745;0.0;10.0;547.4499999999999
0;2;137;72.741;0.0;0.0;0.0;72.741;72.741;0.0;10.0;727.41
0;2;138;63.869;0.0;0.0;0.0;63.869;63.869;0.0;10.0;638.69
0;2;139;230.29999999999998;0.0;0.0;0.0;230.3;230.3;0.0;10.0;2303.0
0;2;140;141.723;0.0;0.0;0.0;141.723;141.723;0.0;10.0;1417.23
0;2;141;76.027;0.0;0.0;0.0;76.027;76.027;0.0;10.0;760.27
0;2;142;220.25600000000003;0.0;0.0;0.0;220.256;220.256;0.0;10.0;2202.56
0;2;143;47.912;0.0;0.0;0.0;47.912;47.912;0.0;10.0;479.12
0;2;144;94.214;0.0;0.0;0.0;94.214;94.214;0.0;10.0;942.14
0;2;145;102.55;0.0;0.0;0.0;102.55;102.55;0.0;10.0;1025.5
0;2;146;104.771;0.0;0.0;0.0;104.771;104.771;0.0;10.0;1047.71
0;2;147;106.09100000000001;0.0;0.0;0.0;106.091;106.091;0.0;10.0;1060.9099999999999
0;2;148;108.492;0.0;0.0;0.0;108.492;108.492;0.0;10.0;1084.92
0;2;149;106.99100000000001;0.0;0.0;0.0;106.991;106.991;0.0;10.0;1069.91
0;2;150;125.84700000000001;0.0;0.0;0.0;125.847;125.847;0.0;10.0;1258.47
0;2;151;153.99200000000002;0.0;0.0;0.0;153.992;153.992;0.0;10.0;1539.9199999999998
0;2;152;140.792;0.0;0.0;0.0;140.792;140.792;0.0;10.0;1407.92
0;2;153;136.174;0.0;0.0;0.0;136.174;136.174;0.0;10.0;1361.74
0;2;154;142.34199999999998;0.0;0.0;0.0;142.342;142.342;0.0;10.0;1423.42
0;2;155;117.454;0.0;0.0;0.0;117.454;117.454;0.0;10.0;1174.54
0;2;156;112.17;0.0;0.0;0.0;112.17;112.17;0.0;10.0;1121.7
0;2;157;116.583;0.0;0.0;0.0;116.583;116.583;0.0;10.0;1165.83
0;2;158;95.616;0.0;0.0;0.0;95.616;95.616;0.0;10.0;956.16
0;2;159;84.25200000000001;0.0;0.0;0.0;84.252;84.252;0.0;10.0;842.52
0;2;160;98.94999999999999;0.0;0.0;0.0;98.95;98.95;0.0;10.0;989.5
0;2;161;104.64;0.0;0.0;0.0;104.64;104.64;0.0;10.0;1046.4
0;2;162;117.64699999999999;0.0;0.0;0.0;117.647;117.647;0.0;10.0;1176.47
0;2;163;123.053;0.0;0.0;0.0;123.053;123.053;0.0;10.0;1230.53
0;2;164;122.858;0.0;0.0;0.0;122.858;122.858;0.0;10.0;1228.58
0;2;165;122.661;0.0;0.0;0.0;122.661;122.661;0.0;10.0;1226.6100000000001
0;2;166;187.026;0.0;0.0;0.0;187.026;187.026;0.0;10.0;1870.2600000000002
0;2;167;202.73700000000002;0.0;0.0;0.0;202.737;202.737;0.0;10.0;2027.37
0;3;0;195.425;0.0;0.0;0.0;195.425;195.425;0.0;15.0;2931.375
0;3;1;199.493;0.0;0.0;0.0;199.493;199.493;0.0;15.0;2992.395
0;3;2;197.702;0.0;0.0;0.0;197.702;197.702;0.0;15.0;2965.5299999999997
0;3;3;198.343;0.0;0.0;0.0;198.343;198.343;0.0;15.0;2975.145
0;3;4;198.678;0.0;0.0;0.0;198.678;198.678;0.0;15.0;2980.17
0;3;5;201.33599999999998;0.0;0.0;0.0;201.336;201.336;0.0;15.0;3020.04
0;3;6;206.47899999999998;0.0;0.0;0.0;206.479;206.479;0.0;15.0;3097.1850000000004
0;3;7;234.99599999999998;0.0;0.0;0.0;234.996;234.996;0.0;15.0;3524.94
0;3;8;287.39;0.0;0.0;0.0;287.39;287.39;0.0;15.0;4310.849999999999
0;3;9;296.328;0.0;0.0;0.0;296.328;296.328;0.0;15.0;4444.92
0;3;10;273.127;0.0;0.0;0.0;273.127;273.127;0.0;15.0;4096.905
0;3;11;238.09699999999998;0.0;0.0;0.0;238.097;238.097;0.0;15.0;3571.455
0;3;12;231.866;0.0;0.0;0.0;231.866;231.866;0.0;15.0;3477.9900000000002
0;3;13;213.236;0.0;0.0;0.0;213.236;213.236;0.0;15.0;3198.54
0;3;14;207.13;0.0;0.00023;0.0;207.12977;207.13;0.0;15.0;3106.95
0;3;15;200.024;0.0;0.0;0.0;200.024;200.024;0.0;15.0;3000.36
0;3;16;224.535;0.0;0.0;0.0;224.535;224.535;0.0;15.0;3368.025
0;3;17;238.115;0.0;0.0;0.0;238.115;238.115;0.0;15.0;3571.7250000000004
0;3;18;234.642;0.0;0.0;0.0;234.642;234.642;0.0;15.0;3519.63
0;3;19;252.97500000000002;0.0;0.0;0.0;252.975;252.975;0.0;15.0;3794.625
0;3;20;246.518;0.0;0.0;0.0;246.518;246.518;0.0;15.0;3697.77
0;3;21;258.86199999999997;0.0;0.0;0.0;258.862;258.862;0.0;15.0;3882.9300000000003
0;3;22;251.171;0.0;0.0;0.0;251.171;251.171;0.0;15.0;3767.565
0;3;23;242.574;0.0;0.0;0.0;242.574;242.574;0.0;15.0;3638.61
0;3;24;195.88400000000001;0.0;0.0;0.0;195.884;195.884;0.0;15.0;2938.2599999999998
0;3;25;206.153;0.0;0.0;0.0;206.153;206.153;0.0;15.0;3092.295
0;3;26;202.68099999999998;0.0;0.0;0.0;202.681;202.681;0.0;15.0;3040.215
0;3;27;200.922;0.0;0.0;0.0;200.922;200.922;0.0;15.0;3013.83
0;3;28;203.28300000000002;0.0;0.0;0.0;203.283;203.283;0.0;15.0;3049.245
0;3;29;205.085;0.0;0.0;0.0;205.085;205.085;0.0;15.0;3076.275
0;3;30;204.20000000000002;0.0;0.0;0.0;204.2;204.2;0.0;15.0;3063.0
0;3;31;234.324;0.0;0.0;0.0;234.324;234.324;0.0;15.0;3514.86
0;3;32;260.90700000000004;0.0;0.0;0.0;260.907;260.907;0.0;15.0;3913.6049999999996
0;3;33;307.536;0.0;0.0;0.0;307.536;307.536;0.0;15.0;4613.04
0;3;34;282.363;0.0;0.0;0.0;282.363;282.363;0.0;15.0;4235.445
0;3;35;239.957;0.0;0.0;0.0;239.957;239.957;0.0;15.0;3599.355
0;3;36;245.193;0.0;0.0;0.0;245.193;245.193;0.0;15.0;3677.895
0;3;37;223.663;0.0;0.0;0.0;223.663;223.663;0.0;15.0;3354.945
0;3;38;235.474;0.0;0.0;0.0;235.474;235.474;0.0;15.0;3532.1099999999997
0;3;39;234.793;0.0;0.0;0.0;234.793;234.793;0.0;15.0;3521.895
0;3;40;250.226;0.0;0.0;0.0;250.226;250.226;0.0;15.0;3753.39
0;3;41;253.208;0.0;0.0;0.0;253.208;253.208;0.0;15.0;3798.12
0;3;42;253.644;0.0;0.0;0.0;253.644;253.644;0.0;15.0;3804.66
0;3;43;294.172;0.0;0.0;0.0;294.172;294.172;0.0;15.0;4412.58
0;3;44;294.122;0.0;0.0;0.0;294.122;294.122;0.0;15.0;4411.83
0;3;45;277.472;0.0;0.0;0.0;277.472;277.472;0.0;15.0;4162.08
0;3;46;242.476;0.0;0.0;0.0;242.476;242.476;0.0;15.0;3637.14
0;3;47;207.512;0.0;0.0;0.0;207.512;207.512;0.0;15.0;3112.68
0;3;48;151.63400000000001;0.0;0.0;0.0;151.634;151.634;0.0;15.0;2274.5099999999998
0;3;49;145.867;0.0;0.0;0.0;145.867;145.867;0.0;15.0;2188.0049999999997
0;3;50;142.24200000000002;0.0;0.0;0.0;142.242;142.242;0.0;15.0;2133.6299999999997
0;3;51;138.63;0.0;0.0;0.0;138.63;138.63;0.0;15.0;2079.45
0;3;52;138.63;0.0;0.0;0.0;138.63;138.63;0.0;15.0;2079.45
0;3;53;138.069;0.0;0.0;0.0;138.069;138.069;0.0;15.0;2071.035
0;3;54;142.094;0.0;0.0;0.0;142.094;142.094;0.0;15.0;2131.41
0;3;55;192.649;0.0;0.0;0.0;192.649;192.649;0.0;15.0;2889.735
0;3;56;218.291;0.0;0.0;0.0;218.291;218.291;0.0;15.0;3274.365
0;3;57;171.595;0.0;0.0;0.0;171.595;171.595;0.0;15.0;2573.925
0;3;58;178.19799999999998;0.0;0.0;0.0;178.198;178.198;0.0;15.0;2672.9700000000003
0;3;59;171.748;0.0;0.0;0.0;171.748;171.748;0.0;15.0;2576.22
0;3;60;159.402;0.0;0.0;0.0;159.402;159.402;0.0;15.0;2391.0299999999997
0;3;61;161.037;0.0;0.0;0.0;161.037;161.037;0.0;15.0;2415.5550000000003
0;3;62;145.78300000000002;0.0;0.0;0.0;145.783;145.783;0.0;15.0;2186.745
0;3;63;156.46800000000002;0.0;0.0;0.0;156.468;156.468;0.0;15.0;2347.02
0;3;64;171.214;0.0;0.0;0.0;171.214;171.214;0.0;15.0;2568.21
0;3;65;217.10699999999997;0.0;0.0;0.0;217.107;217.107;0.0;15.0;3256.605
0;3;66;229.08;0.0;0.0;0.0;229.08;229.08;0.0;15.0;3436.2000000000003
0;3;67;226.687;0.0;0.0;0.0;226.687;226.687;0.0;15.0;3400.3050000000003
0;3;68;203.639;0.0;0.0;0.0;203.639;203.639;0.0;15.0;3054.585
0;3;69;79.863;0.0;0.0;0.0;79.863;79.863;0.0;15.0;1197.945
0;3;70;130.711;0.0;0.0;0.0;130.711;130.711;0.0;15.0;1960.6650000000002
0;3;71;173.264;0.0;0.0;0.0;173.264;173.264;0.0;15.0;2598.96
0;3;72;142.267;0.0;0.0;0.0;142.267;142.267;0.0;15.0;2134.005
0;3;73;149.618;0.0;0.0;0.0;149.618;149.618;0.0;15.0;2244.27
0;3;74;146.864;0.0;0.0;0.0;146.864;146.864;0.0;15.0;2202.96
0;3;75;156.383;0.0;0.0;0.0;156.383;156.383;0.0;15.0;2345.7450000000003
0;3;76;152.571;0.0;0.0;0.0;152.571;152.571;0.0;15.0;2288.565
0;3;77;155.262;0.0;0.0;0.0;155.262;155.262;0.0;15.0;2328.93
0;3;78;187.81900000000002;0.0;0.0;0.0;187.819;187.819;0.0;15.0;2817.285
0;3;79;172.154;0.0;0.0;0.0;172.154;172.154;0.0;15.0;2582.31
0;3;80;197.914;0.0;0.0;0.0;197.914;197.914;0.0;15.0;2968.71
0;3;81;189.725;0.0;0.0;0.0;189.725;189.725;0.0;15.0;2845.875
0;3;82;206.274;0.0;0.0;0.0;206.274;206.274;0.0;15.0;3094.11
0;3;83;197.907;0.0;0.0;0.0;197.907;197.907;0.0;15.0;2968.605
0;3;84;193.999;0.0;0.0;0.0;193.999;193.999;0.0;15.0;2909.985
0;3;85;217.15599999999998;0.0;0.0;0.0;217.156;217.156;0.0;15.0;3257.34
0;3;86;200.793;0.0;0.0;0.0;200.793;200.793;0.0;15.0;3011.895
0;3;87;209.903;0.0;0.0;0.0;209.903;209.903;0.0;15.0;3148.545
0;3;88;218.277;0.0;0.0;0.0;218.277;218.277;0.0;15.0;3274.1549999999997
0;3;89;237.457;0.0;0.0;0.0;237.457;237.457;0.0;15.0;3561.855
0;3;90;231.054;0.0;0.0;0.0;231.054;231.054;0.0;15.0;3465.81
0;3;91;247.77100000000002;0.0;0.0;0.0;247.771;247.771;0.0;15.0;3716.5649999999996
0;3;92;218.476;0.0;0.0;0.0;218.476;218.476;0.0;15.0;3277.14
0;3;93;246.34;0.0;0.0;0.0;246.34;246.34;0.0;15.0;3695.1
0;3;94;240.31;0.0;0.0;0.0;240.31;240.31;0.0;15.0;3604.65
0;3;95;230.297;0.0;0.0;0.0;230.297;230.297;0.0;15.0;3454.455
0;3;96;197.887;0.0;0.0;0.0;197.887;197.887;0.0;15.0;2968.305
0;3;97;205.733;0.0;0.0;0.0;205.733;205.733;0.0;15.0;3085.995
0;3;98;201.957;0.0;0.0;0.0;201.957;201.957;0.0;15.0;3029.355
0;3;99;204.419;0.0;0.0;0.0;204.419;204.419;0.0;15.0;3066.2850000000003
0;3;100;201.87199999999999;0.0;0.0;0.0;201.872;201.872;0.0;15.0;3028.0800000000004
0;3;101;282.31899999999996;0.0;0.0;0.0;282.319;282.319;0.0;15.0;4234.785
0;3;102;351.486;0.0;0.0;0.0;351.486;351.486;0.0;15.0;5272.29
0;3;103;366.739;0.0;0.0;0.0;366.739;366.739;0.0;15.0;5501.085
0;3;104;315.113;0.0;0.0;0.0;315.113;315.113;0.0;15.0;4726.695
0;3;105;306.26;0.0;0.0;0.0;306.26;306.26;0.0;15.0;4593.9
0;3;106;329.629;0.0;0.0;0.0;329.629;329.629;0.0;15.0;4944.435
0;3;107;315.536;0.0;0.0;0.0;315.536;315.536;0.0;15.0;4733.04
0;3;108;335.481;0.0;0.0;0.0;335.481;335.481;0.0;15.0;5032.215
0;3;109;290.073;0.0;0.0;0.0;290.073;290.073;0.0;15.0;4351.094999999999
0;3;110;285.871;0.0;0.0;0.0;285.871;285.871;0.0;15.0;4288.065
0;3;111;279.585;0.0;0.0;0.0;279.585;279.585;0.0;15.0;4193.775
0;3;112;275.853;0.0;0.0;0.0;275.853;275.853;0.0;15.0;4137.795
0;3;113;271.851;0.0;0.0;0.0;271.851;271.851;0.0;15.0;4077.765
0;3;114;321.617;0.0;0.0;0.0;321.617;321.617;0.0;15.0;4824.255
0;3;115;305.501;0.0;0.0;0.0;305.501;305.501;0.0;15.0;4582.514999999999
0;3;116;293.397;0.0;0.0;0.0;293.397;293.397;0.0;15.0;4400.955
0;3;117;307.39599999999996;0.0;0.0;0.0;307.396;307.396;0.0;15.0;4610.9400000000005
0;3;118;244.935;0.0;0.0;0.0;244.935;244.935;0.0;15.0;3674.025
0;3;119;234.216;0.0;0.0;0.0;234.216;234.216;0.0;15.0;3513.2400000000002
0;3;120;215.51;0.0;0.0;0.0;215.51;215.51;0.0;15.0;3232.6499999999996
0;3;121;226.48700000000002;0.0;0.0;0.0;226.487;226.487;0.0;15.0;3397.305
0;3;122;237.424;0.0;0.0;0.0;237.424;237.424;0.0;15.0;3561.36
0;3;123;255.55800000000002;0.0;0.0;0.0;255.558;255.558;0.0;15.0;3833.37
0;3;124;275.166;0.0;0.0;0.0;275.166;275.166;0.0;15.0;4127.49
0;3;125;292.83500000000004;0.0;0.0;0.0;292.835;292.835;0.0;15.0;4392.525
0;3;126;355.73699999999997;0.0;0.0;0.0;355.737;355.737;0.0;15.0;5336.055
0;3;127;391.07300000000004;0.0;0.0;0.0;391.073;391.073;0.0;15.0;5866.094999999999
0;3;128;337.704;0.0;0.0;0.0;337.704;337.704;0.0;15.0;5065.56
0;3;129;326.18399999999997;0.0;0.0;0.0;326.184;326.184;0.0;15.0;4892.76
0;3;130;303.149;0.0;0.0;0.0;303.149;303.149;0.0;15.0;4547.235
0;3;131;297.97499999999997;0.0;0.0;0.0;297.975;297.975;0.0;15.0;4469.625
0;3;132;281.111;0.0;0.0;0.0;281.111;281.111;0.0;15.0;4216.665
0;3;133;228.732;0.0;0.0;0.0;228.732;228.732;0.0;15.0;3430.98
0;3;134;245.095;0.0;0.0;0.0;245.095;245.095;0.0;15.0;3676.425
0;3;135;245.03699999999998;0.0;0.0;0.0;245.037;245.037;0.0;15.0;3675.5550000000003
0;3;136;247.52700000000002;0.0;0.0;0.0;247.527;247.527;0.0;15.0;3712.9049999999997
0;3;137;264.908;0.0;0.0;0.0;264.908;264.908;0.0;15.0;3973.6200000000003
0;3;138;311.685;0.0;0.0;0.0;311.685;311.685;0.0;15.0;4675.275
0;3;139;331.803;0.0;0.0;0.0;331.803;331.803;0.0;15.0;4977.045
0;3;140;343.03400000000005;0.0;0.0;0.0;343.034;343.034;0.0;15.0;5145.51
0;3;141;347.693;0.0;0.0;0.0;347.693;347.693;0.0;15.0;5215.3949999999995
0;3;142;310.577;0.0;0.0;0.0;310.577;310.577;0.0;15.0;4658.655
0;3;143;301.99;0.0;0.0;0.0;301.99;301.99;0.0;15.0;4529.85
0;3;144;271.213;0.0;0.0;0.0;271.213;271.213;0.0;15.0;4068.195
0;3;145;288.682;0.0;0.0;0.0;288.682;288.682;0.0;15.0;4330.2300000000005
0;3;146;288.03700000000003;0.0;0.0;0.0;288.037;288.037;0.0;15.0;4320.554999999999
0;3;147;303.145;0.0;0.0;0.0;303.145;303.145;0.0;15.0;4547.174999999999
0;3;148;305.055;0.0;0.0;0.0;305.055;305.055;0.0;15.0;4575.825
0;3;149;313.342;0.0;0.0;0.0;313.342;313.342;0.0;15.0;4700.13
0;3;150;367.91400000000004;0.0;0.0;0.0;367.914;367.914;0.0;15.0;5518.71
0;3;151;372.187;0.0;0.0;0.0;372.187;372.187;0.0;15.0;5582.805
0;3;152;330.997;0.0;0.0;0.0;330.997;330.997;0.0;15.0;4964.955
0;3;153;278.772;0.0;0.0;0.0;278.772;278.772;0.0;15.0;4181.58
0;3;154;246.30399999999997;0.0;0.0;0.0;246.304;246.304;0.0;15.0;3694.56
0;3;155;211.525;0.0;0.0;0.0;211.525;211.525;0.0;15.0;3172.875
0;3;156;207.833;0.0;0.0;0.0;207.833;207.833;0.0;15.0;3117.495
0;3;157;215.521;0.0;0.0;0.0;215.521;215.521;0.0;15.0;3232.8149999999996
0;3;158;219.768;0.0;0.0;0.0;219.768;219.768;0.0;15.0;3296.52
0;3;159;221.81799999999998;0.0;0.0;0.0;221.818;221.818;0.0;15.0;3327.27
0;3;160;221.659;0.0;0.0;0.0;221.659;221.659;0.0;15.0;3324.8849999999998
0;3;161;243.92499999999998;0.0;0.0;0.0;243.925;243.925;0.0;15.0;3658.875
0;3;162;235.98999999999998;0.0;0.0;0.0;235.99;235.99;0.0;15.0;3539.8500000000004
0;3;163;248.632;0.0;0.0;0.0;248.632;248.632;0.0;15.0;3729.48
0;3;164;225.906;0.0;0.0;0.0;225.906;225.906;0.0;15.0;3388.59
0;3;165;237.09499999999997;0.0;0.0;0.0;237.095;237.095;0.0;15.0;3556.425
0;3;166;236.633;0.0;0.0;0.0;236.633;236.633;0.0;15.0;3549.4950000000003
0;3;167;224.619;0.0;0.0;0.0;224.619;224.619;0.0;15.0;3369.285
5;0;0;182.774;0.0;0.0;0.0;182.774;182.774;0.0;5.0;913.87
5;0;1;188.369;0.0;0.0;0.0;188.369;188.369;0.0;5.0;941.845
5;0;2;9.868;0.0;0.0;0.0;9.868;9.868;0.0;5.0;49.34
5;0;3;128.84799999999998;0.0;0.0;0.0;128.848;128.848;0.0;5.0;644.24
5;0;4;163.15699999999998;0.0;0.0;0.0;163.157;163.157;0.0;5.0;815.7850000000001
5;0;5;165.394;0.0;0.0;0.0;165.394;165.394;0.0;5.0;826.97
5;0;6;182.258;0.0;0.0;0.0;182.258;182.258;0.0;5.0;911.2900000000001
5;0;7;204.155;0.0;0.0;0.0;204.155;204.155;0.0;5.0;1020.775
5;0;8;182.579;0.0;0.0;0.0;182.579;182.579;0.0;5.0;912.895
5;0;9;171.363;0.0;0.0;0.0;171.363;171.363;0.0;5.0;856.815
5;0;10;143.71800000000002;0.0;0.0;0.0;143.718;143.718;0.0;5.0;718.5899999999999
5;0;11;134.255;0.0;0.0;0.0;134.255;134.255;0.0;5.0;671.275
5;0;12;128.765;0.0;0.0;0.0;128.765;128.765;0.0;5.0;643.8249999999999
5;0;13;116.591;0.0;0.0;0.0;116.591;116.591;0.0;5.0;582.9549999999999
5;0;14;198.328;0.0;0.0;0.0;198.328;198.328;0.0;5.0;991.64
5;0;15;123.602;0.0;0.0;0.0;123.602;123.602;0.0;5.0;618.01
5;0;16;189.744;0.0;0.0;0.0;189.744;189.744;0.0;5.0;948.72
5;0;17;56.5;0.0;0.0;0.0;56.5;56.5;0.0;5.0;282.5
5;0;18;217.903;0.0;0.0;0.0;217.903;217.903;0.0;5.0;1089.5149999999999
5;0;19;93.279;0.0;0.0;0.0;93.279;93.279;0.0;5.0;466.395
5;0;20;233.487;0.0;0.0;0.0;233.487;233.487;0.0;5.0;1167.435
5;0;21;167.78;0.0;0.0;0.0;167.78;167.78;0.0;5.0;838.9
5;0;22;167.47500000000002;0.0;0.0;0.0;167.475;167.475;0.0;5.0;837.375
5;0;23;36.401;0.0;0.0;0.0;36.401;36.401;0.0;5.0;182.00500000000002
5;0;24;62.471000000000004;0.0;0.0;0.0;62.471;62.471;0.0;5.0;312.35499999999996
5;0;25;149.536;0.0;0.0;0.0;149.536;149.536;0.0;5.0;747.6800000000001
5;0;26;150.541;0.0;0.0;0.0;150.541;150.541;0.0;5.0;752.7049999999999
5;0;27;159.06;0.0;0.0;0.0;159.06;159.06;0.0;5.0;795.3
5;0;28;160.91899999999998;0.0;0.0;0.0;160.919;160.919;0.0;5.0;804.595
5;0;29;194.733;0.0;0.0;0.0;194.733;194.733;0.0;5.0;973.665
5;0;30;165.078;0.0;0.0;0.0;165.078;165.078;0.0;5.0;825.39
5;0;31;219.764;0.0;0.0;0.0;219.764;219.764;0.0;5.0;1098.8200000000002
5;0;32;215.43599999999998;0.0;0.0;0.0;215.436;215.436;0.0;5.0;1077.18
5;0;33;200.94799999999998;0.0;0.0;0.0;200.948;200.948;0.0;5.0;1004.74
5;0;34;191.71;0.0;0.0;0.0;191.71;191.71;0.0;5.0;958.5500000000001
5;0;35;186.255;0.0;1.94613;0.0;184.30887;186.255;0.0;5.0;931.275
5;0;36;212.90699999999998;0.0;0.0;0.0;212.907;212.907;0.0;5.0;1064.535
5;0;37;137.162;0.0;21.80597;0.0;115.35603;137.162;0.0;5.0;685.8100000000001
5;0;38;173.179;0.0;36.4221;0.0;136.7569;173.179;0.0;5.0;865.895
5;0;39;169.731;0.0;20.17032;0.0;149.56068;169.731;0.0;5.0;848.655
5;0;40;170.207;0.0;0.0;0.0;170.207;170.207;0.0;5.0;851.035
5;0;41;188.003;0.0;0.0;0.0;188.003;188.003;0.0;5.0;940.0149999999999
5;0;42;197.33499999999998;0.0;0.0;0.0;197.335;197.335;0.0;5.0;986.6750000000001
5;0;43;194.613;0.0;0.0;0.0;194.613;194.613;0.0;5.0;973.065
5;0;44;204.659;0.0;0.0;0.0;204.659;204.659;0.0;5.0;1023.295
5;0;45;202.818;0.0;0.0;0.0;202.818;202.818;0.0;5.0;1014.09
5;0;46;184.26;0.0;0.0;0.0;184.26;184.26;0.0;5.0;921.3
5;0;47;174.034;0.0;0.0;0.0;174.034;174.034;0.0;5.0;870.17
5;0;48;119.546;0.0;0.0;0.0;119.546;119.546;0.0;5.0;597.73
5;0;49;126.926;0.0;0.0;0.0;126.926;126.926;0.0;5.0;634.63
5;0;50;123.336;0.0;0.0;0.0;123.336;123.336;0.0;5.0;616.68
5;0;51;127.06299999999999;0.0;0.0;0.0;127.063;127.063;0.0;5.0;635.315
5;0;52;126.991;0.0;0.0;0.0;126.991;126.991;0.0;5.0;634.955
5;0;53;129.455;0.0;0.0;0.0;129.455;129.455;0.0;5.0;647.2750000000001
5;0;54;133.832;0.0;0.0;0.0;133.832;133.832;0.0;5.0;669.16
5;0;55;182.813;0.0;0.0;0.0;182.813;182.813;0.0;5.0;914.0649999999999
5;0;56;205.338;0.0;0.0;0.0;205.338;205.338;0.0;5.0;1026.69
5;0;57;158.458;0.0;0.0;0.0;158.458;158.458;0.0;5.0;792.29
5;0;58;143.273;0.0;0.0;0.0;143.273;143.273;0.0;5.0;716.365
5;0;59;136.217;0.0;1.03674;0.0;135.18026;136.217;0.0;5.0;681.085
5;0;60;117.676;0.0;0.0;0.0;117.676;117.676;0.0;5.0;588.38
5;0;61;109.975;0.0;0.0;0.0;109.975;109.975;0.0;5.0;549.875
5;0;62;106.085;0.0;0.0;0.0;106.085;106.085;0.0;5.0;530.425
5;0;63;109.43700000000001;0.0;0.78162;0.0;108.65538;109.437;0.0;5.0;547.185
5;0;64;109.197;0.0;1.91432;0.0;107.28268;109.197;0.0;5.0;545.985
5;0;65;103.928;0.0;0.0;0.0;103.928;103.928;0.0;5.0;519.64
5;0;66;119.682;0.0;0.0;0.0;119.682;119.682;0.0;5.0;598.41
5;0;67;219.023;0.0;0.0;0.0;219.023;219.023;0.0;5.0;1095.115
5;0;68;88.702;0.0;0.0;0.0;88.702;88.702;0.0;5.0;443.51
5;0;69;58.384;0.0;0.0;0.0;58.384;58.384;0.0;5.0;291.92
5;0;70;124.73599999999999;0.0;0.0;0.0;124.736;124.736;0.0;5.0;623.6800000000001
5;0;71;109.768;0.0;0.0;0.0;109.768;109.768;0.0;5.0;548.84
5;0;72;156.193;0.0;0.0;0.0;156.193;156.193;0.0;5.0;780.965
5;0;73;17.397;0.0;0.0;0.0;17.397;17.397;0.0;5.0;86.98499999999999
5;0;74;89.609;0.0;0.0;0.0;89.609;89.609;0.0;5.0;448.04499999999996
5;0;75;93.82100000000001;0.0;0.0;0.0;93.821;93.821;0.0;5.0;469.105
5;0;76;89.553;0.0;0.0;0.0;89.553;89.553;0.0;5.0;447.765
5;0;77;91.986;0.0;0.0;0.0;91.986;91.986;0.0;5.0;459.93
5;0;78;95.103;0.0;0.0;0.0;95.103;95.103;0.0;5.0;475.515
5;0;79;127.268;0.0;0.0;0.0;127.268;127.268;0.0;5.0;636.34
5;0;80;137.917;0.0;0.0;0.0;137.917;137.917;0.0;5.0;689.585
5;0;81;120.48499999999999;0.0;0.0;0.0;120.485;120.485;0.0;5.0;602.425
5;0;82;115.365;0.0;0.0;0.0;115.365;115.365;0.0;5.0;576.8249999999999
5;0;83;101.759;0.0;0.0;0.0;101.759;101.759;0.0;5.0;508.795
5;0;84;110.584;0.0;0.0;0.0;110.584;110.584;0.0;5.0;552.9200000000001
5;0;85;107.655;0.0;0.0;0.0;107.655;107.655;0.0;5.0;538.275
5;0;86;103.62700000000001;0.0;0.0;0.0;103.627;103.627;0.0;5.0;518.135
5;0;87;105.274;0.0;0.0;0.0;105.274;105.274;0.0;5.0;526.37
5;0;88;183.493;0.0;0.0;0.0;183.493;183.493;0.0;5.0;917.4649999999999
5;0;89;186.379;0.0;0.0;0.0;186.379;186.379;0.0;5.0;931.895
5;0;90;44.815;0.0;0.0;0.0;44.815;44.815;0.0;5.0;224.075
5;0;91;203.597;0.0;0.0;0.0;203.597;203.597;0.0;5.0;1017.985
5;0;92;71.259;0.0;0.0;0.0;71.259;71.259;0.0;5.0;356.295
5;0;93;222.402;0.0;0.0;0.0;222.402;222.402;0.0;5.0;1112.01
5;0;94;50.693;0.0;0.0;0.0;50.693;50.693;0.0;5.0;253.46499999999997
5;0;95;212.054;0.0;0.0;0.0;212.054;212.054;0.0;5.0;1060.27
5;0;96;172.854;0.0;0.0;0.0;172.854;172.854;0.0;5.0;864.2700000000001
5;0;97;157.11599999999999;0.0;0.0;0.0;157.116;157.116;0.0;5.0;785.58
5;0;98;162.99099999999999;0.0;0.0;0.0;162.991;162.991;0.0;5.0;814.955
5;0;99;12.277;0.0;0.0;0.0;12.277;12.277;0.0;5.0;61.385
5;0;100;132.955;0.0;0.0;0.0;132.955;132.955;0.0;5.0;664.7750000000001
5;0;101;180.125;0.0;0.0;0.0;180.125;180.125;0.0;5.0;900.625
5;0;102;197.553;0.0;0.0;0.0;197.553;197.553;0.0;5.0;987.765
5;0;103;213.726;0.0;0.0;0.0;213.726;213.726;0.0;5.0;1068.63
5;0;104;209.841;0.0;0.0;0.0;209.841;209.841;0.0;5.0;1049.205
5;0;105;215.082;0.0;0.0;0.0;215.082;215.082;0.0;5.0;1075.4099999999999
5;0;106;186.521;0.0;0.0;0.0;186.521;186.521;0.0;5.0;932.6049999999999
5;0;107;193.873;0.0;0.0;0.0;193.873;193.873;0.0;5.0;969.365
5;0;108;186.19;0.0;0.0;0.0;186.19;186.19;0.0;5.0;930.95
5;0;109;183.139;0.0;0.0;0.0;183.139;183.139;0.0;5.0;915.695
5;0;110;175.988;0.0;0.0;0.0;175.988;175.988;0.0;5.0;879.94
5;0;111;159.834;0.0;0.0;0.0;159.834;159.834;0.0;5.0;799.1700000000001
5;0;112;170.495;0.0;0.0;0.0;170.495;170.495;0.0;5.0;852.475
5;0;113;162.55599999999998;0.0;0.0;0.0;162.556;162.556;0.0;5.0;812.7800000000001
5;0;114;220.30200000000002;0.0;0.0;0.0;220.302;220.302;0.0;5.0;1101.51
5;0;115;244.07999999999998;0.0;0.0;0.0;244.08;244.08;0.0;5.0;1220.4
5;0;116;241.394;0.0;0.0;0.0;241.394;241.394;0.0;5.0;1206.97
5;0;117;232.73399999999998;0.0;0.0;0.0;232.734;232.734;0.0;5.0;1163.67
5;0;118;183.24200000000002;0.0;0.0;0.0;183.242;183.242;0.0;5.0;916.2099999999999
5;0;119;186.88299999999998;0.0;0.0;0.0;186.883;186.883;0.0;5.0;934.4150000000001
5;0;120;7.503;0.0;0.0;0.0;7.503;7.503;0.0;5.0;37.515
5;0;121;122.97;0.0;0.0;0.0;122.97;122.97;0.0;5.0;614.85
5;0;122;175.339;0.0;0.0;0.0;175.339;175.339;0.0;5.0;876.6949999999999
5;0;123;176.467;0.0;0.0;0.0;176.467;176.467;0.0;5.0;882.335
5;0;124;175.96;0.0;0.0;0.0;175.96;175.96;0.0;5.0;879.8000000000001
5;0;125;193.31300000000002;0.0;0.0;0.0;193.313;193.313;0.0;5.0;966.5649999999999
5;0;126;200.99099999999999;0.0;0.0;0.0;200.991;200.991;0.0;5.0;1004.955
5;0;127;229.6;0.0;0.0;0.0;229.6;229.6;0.0;5.0;1148.0
5;0;128;216.518;0.0;0.0;0.0;216.518;216.518;0.0;5.0;1082.59
5;0;129;208.609;0.0;0.0;0.0;208.609;208.609;0.0;5.0;1043.045
5;0;130;191.403;0.0;0.0;0.0;191.403;191.403;0.0;5.0;957.015
5;0;131;193.315;0.0;0.0;0.0;193.315;193.315;0.0;5.0;966.575
5;0;132;178.20499999999998;0.0;0.0;0.0;178.205;178.205;0.0;5.0;891.0250000000001
5;0;133;164.602;0.0;0.0;0.0;164.602;164.602;0.0;5.0;823.01
5;0;134;202.27300000000002;0.0;0.0;0.0;202.273;202.273;0.0;5.0;1011.365
5;0;135;206.409;0.0;0.0;0.0;206.409;206.409;0.0;5.0;1032.045
5;0;136;221.459;0.0;0.0;0.0;221.459;221.459;0.0;5.0;1107.295
5;0;137;62.195;0.0;0.0;0.0;62.195;62.195;0.0;5.0;310.975
5;0;138;203.953;0.0;0.0;0.0;203.953;203.953;0.0;5.0;1019.765
5;0;139;244.633;0.0;0.0;0.0;244.633;244.633;0.0;5.0;1223.165
5;0;140;236.292;0.0;0.0;0.0;236.292;236.292;0.0;5.0;1181.46
5;0;141;248.809;0.0;0.0;0.0;248.809;248.809;0.0;5.0;1244.045
5;0;142;255.62599999999998;0.0;0.0;0.0;255.626;255.626;0.0;5.0;1278.13
5;0;143;160.084;0.0;0.0;0.0;160.084;160.084;0.0;5.0;800.4200000000001
5;0;144;7.598;0.0;0.0;0.0;7.598;7.598;0.0;5.0;37.99
5;0;145;185.453;0.0;0.0;0.0;185.453;185.453;0.0;5.0;927.265
5;0;146;188.564;0.0;0.0;0.0;188.564;188.564;0.0;5.0;942.8199999999999
5;0;147;199.87800000000001;0.0;0.0;0.0;199.878;199.878;0.0;5.0;999.3899999999999
5;0;148;199.76399999999998;0.0;0.0;0.0;199.764;199.764;0.0;5.0;998.82
5;0;149;203.021;0.0;0.0;0.0;203.021;203.021;0.0;5.0;1015.1049999999999
5;0;150;201.553;0.0;0.0;0.0;201.553;201.553;0.0;5.0;1007.765
5;0;151;223.89600000000002;0.0;0.0;0.0;223.896;223.896;0.0;5.0;1119.48
5;0;152;231.356;0.0;0.0;0.0;231.356;231.356;0.0;5.0;1156.78
5;0;153;221.907;0.0;2.02476;0.0;219.88224;221.907;0.0;5.0;1109.535
5;0;154;208.538;0.0;16.26384;0.0;192.27416;208.538;0.0;5.0;1042.69
5;0;155;195.19;0.0;0.0;0.0;195.19;195.19;0.0;5.0;975.95
5;0;156;188.38400000000001;0.0;14.99175;0.0;173.39225;188.384;0.0;5.0;941.92
5;0;157;161.771;0.0;0.0;0.0;161.771;161.771;0.0;5.0;808.8549999999999
5;0;158;152.14600000000002;0.0;0.0;0.0;152.146;152.146;0.0;5.0;760.7299999999999
5;0;159;155.838;0.0;0.0;0.0;155.838;155.838;0.0;5.0;779.1899999999999
5;0;160;210.113;0.0;0.0;0.0;210.113;210.113;0.0;5.0;1050.565
5;0;161;113.568;0.0;0.0;0.0;113.568;113.568;0.0;5.0;567.84
5;0;162;220.107;0.0;0.0;0.0;220.107;220.107;0.0;5.0;1100.535
5;0;163;225.966;0.0;0.0;0.0;225.966;225.966;0.0;5.0;1129.83
5;0;164;235.58499999999998;0.0;0.0;0.0;235.585;235.585;0.0;5.0;1177.925
5;0;165;139.837;0.0;0.0;0.0;139.837;139.837;0.0;5.0;699.185
5;0;166;239.369;0.0;0.0;0.0;239.369;239.369;0.0;5.0;1196.845
5;0;167;59.728;0.0;0.0;0.0;59.728;59.728;0.0;5.0;298.64
5;1;0;7.529;0.0;0.0;0.0;7.529;7.529;0.0;22.0;165.638
5;1;1;12.166;0.0;0.0;0.0;12.166;12.166;0.0;22.0;267.652
5;1;2;9.759;0.0;0.0;0.0;9.759;9.759;0.0;22.0;214.698
5;1;3;12.531;0.0;0.0;0.0;12.531;12.531;0.0;22.0;275.682
5;1;4;11.731;0.0;0.0;0.0;11.731;11.731;0.0;22.0;258.082
5;1;5;11.157;0.0;0.0;0.0;11.157;11.157;0.0;22.0;245.454
5;1;6;17.907;0.0;0.0;0.0;17.907;17.907;0.0;22.0;393.954
5;1;7;35.569;0.0;1.69383;0.0;33.87517;35.569;0.0;22.0;782.518
5;1;8;43.38;0.0;11.58677;0.0;31.79323;43.38;0.0;22.0;954.36
5;1;9;47.579;0.0;25.26529;0.0;22.31371;47.579;0.0;22.0;1046.738
5;1;10;56.187;0.0;40.89311;0.0;15.29389;56.187;0.0;22.0;1236.114
5;1;11;39.313;0.0;37.13638;0.0;2.17662;39.313;0.0;22.0;864.8860000000001
5;1;12;43.482;0.0;43.482;0.0;0.0;43.482;0.0;22.0;956.604
5;1;13;47.751;0.0;47.751;0.0;0.0;47.751;0.0;22.0;1050.522
5;1;14;41.271;0.0;37.45773;0.0;3.81327;41.271;0.0;22.0;907.962
5;1;15;39.599;0.0;24.87723;0.0;14.72177;39.599;0.0;22.0;871.1779999999999
5;1;16;46.82299999999999;0.0;17.18259;0.0;29.64041;46.823;0.0;22.0;1030.106
5;1;17;50.181999999999995;0.0;2.48712;0.0;47.69488;50.182;0.0;22.0;1104.0040000000001
5;1;18;92.086;0.0;0.0;0.0;92.086;92.086;0.0;22.0;2025.892
5;1;19;68.97;0.0;0.0;0.0;68.97;68.97;0.0;22.0;1517.34
5;1;20;69.913;0.0;0.0;0.0;69.913;69.913;0.0;22.0;1538.086
5;1;21;65.959;0.0;0.0;0.0;65.959;65.959;0.0;22.0;1451.098
5;1;22;63.839;0.0;0.0;0.0;63.839;63.839;0.0;22.0;1404.458
5;1;23;48.306;0.0;0.0;0.0;48.306;48.306;0.0;22.0;1062.732
5;1;24;8.539;0.0;0.0;0.0;8.539;8.539;0.0;22.0;187.858
5;1;25;10.254;0.0;0.0;0.0;10.254;10.254;0.0;22.0;225.588
5;1;26;12.261000000000001;0.0;0.0;0.0;12.261;12.261;0.0;22.0;269.74199999999996
5;1;27;11.184000000000001;0.0;0.0;0.0;11.184;11.184;0.0;22.0;246.04799999999997
5;1;28;11.848;0.0;0.0;0.0;11.848;11.848;0.0;22.0;260.656
5;1;29;19.355;0.0;0.0;0.0;19.355;19.355;0.0;22.0;425.81
5;1;30;15.305;0.0;0.0;0.0;15.305;15.305;0.0;22.0;336.71
5;1;31;47.789;0.0;0.0;0.0;47.789;47.789;0.0;22.0;1051.358
5;1;32;44.495999999999995;0.0;10.46343;0.0;34.03257;44.496;0.0;22.0;978.912
5;1;33;42.308;0.0;22.17531;0.0;20.13269;42.308;0.0;22.0;930.776
5;1;34;40.485;0.0;27.93546;0.0;12.54954;40.485;0.0;22.0;890.67
5;1;35;39.459;0.0;35.19531;0.0;4.26369;39.459;0.0;22.0;868.0980000000001
5;1;36;35.948;0.0;35.948;0.0;0.0;35.948;0.0;22.0;790.856
5;1;37;38.442;0.0;38.442;0.0;0.0;38.442;0.0;22.0;845.724
5;1;38;35.93;0.0;35.93;0.0;0.0;35.93;0.0;22.0;790.46
5;1;39;41.211999999999996;0.0;36.81858;0.0;4.39342;41.212;0.0;22.0;906.6640000000001
5;1;40;48.577;0.0;32.106;0.0;16.471;48.577;0.0;22.0;1068.694
5;1;41;109.834;0.0;11.09883;0.0;98.73517;109.834;0.0;22.0;2416.348
5;1;42;43.446;0.0;2.43477;0.0;41.01123;43.446;0.0;22.0;955.8119999999999
5;1;43;73.201;0.0;0.0;0.0;73.201;73.201;0.0;22.0;1610.4219999999998
5;1;44;65.368;0.0;0.0;0.0;65.368;65.368;0.0;22.0;1438.096
5;1;45;74.74;0.0;0.0;0.0;74.74;74.74;0.0;22.0;1644.28
5;1;46;79.871;0.0;0.0;0.0;79.871;79.871;0.0;22.0;1757.1619999999998
5;1;47;36.799;0.0;0.0;0.0;36.799;36.799;0.0;22.0;809.578
5;1;48;7.558;0.0;0.0;0.0;7.558;7.558;0.0;22.0;166.276
5;1;49;11.075;0.0;0.0;0.0;11.075;11.075;0.0;22.0;243.64999999999998
5;1;50;11.445;0.0;0.0;0.0;11.445;11.445;0.0;22.0;251.79000000000002
5;1;51;11.457;0.0;0.0;0.0;11.457;11.457;0.0;22.0;252.05400000000003
5;1;52;9.816;0.0;0.0;0.0;9.816;9.816;0.0;22.0;215.95200000000003
5;1;53;10.751;0.0;0.0;0.0;10.751;10.751;0.0;22.0;236.522
5;1;54;11.091;0.0;0.0;0.0;11.091;11.091;0.0;22.0;244.00199999999998
5;1;55;32.752;0.0;0.0;0.0;32.752;32.752;0.0;22.0;720.5440000000001
5;1;56;41.68;0.0;9.46491;0.0;32.21509;41.68;0.0;22.0;916.96
5;1;57;38.964;0.0;22.72153;0.0;16.24247;38.964;0.0;22.0;857.208
5;1;58;45.854;0.0;36.03377;0.0;9.82023;45.854;0.0;22.0;1008.788
5;1;59;48.544;0.0;48.544;0.0;0.0;48.544;0.0;22.0;1067.9679999999998
5;1;60;43.421;0.0;43.421;0.0;0.0;43.421;0.0;22.0;955.262
5;1;61;36.107;0.0;36.107;0.0;0.0;36.107;0.0;22.0;794.354
5;1;62;40.06999999999999;0.0;24.55453;0.0;15.51547;40.07;0.0;22.0;881.54
5;1;63;100.215;0.0;0.0;0.0;100.215;100.215;0.0;22.0;2204.73
5;1;64;33.06;0.0;12.96379;0.0;20.09621;33.06;0.0;22.0;727.32
5;1;65;37.919;0.0;10.84233;0.0;27.07667;37.919;0.0;22.0;834.218
5;1;66;50.193;0.0;0.0;0.0;50.193;50.193;0.0;22.0;1104.2459999999999
5;1;67;60.729;0.0;0.0;0.0;60.729;60.729;0.0;22.0;1336.038
5;1;68;79.498;0.0;0.0;0.0;79.498;79.498;0.0;22.0;1748.9560000000001
5;1;69;71.926;0.0;0.0;0.0;71.926;71.926;0.0;22.0;1582.372
5;1;70;54.205;0.0;0.0;0.0;54.205;54.205;0.0;22.0;1192.51
5;1;71;47.046;0.0;0.0;0.0;47.046;47.046;0.0;22.0;1035.012
5;1;72;7.482;0.0;0.0;0.0;7.482;7.482;0.0;22.0;164.604
5;1;73;11.424;0.0;0.0;0.0;11.424;11.424;0.0;22.0;251.32799999999997
5;1;74;10.566;0.0;0.0;0.0;10.566;10.566;0.0;22.0;232.45200000000003
5;1;75;10.401;0.0;0.0;0.0;10.401;10.401;0.0;22.0;228.822
5;1;76;11.218;0.0;0.0;0.0;11.218;11.218;0.0;22.0;246.796
5;1;77;14.061;0.0;0.0;0.0;14.061;14.061;0.0;22.0;309.342
5;1;78;14.356;0.0;0.0;0.0;14.356;14.356;0.0;22.0;315.832
5;1;79;16.242;0.0;1.2543;0.0;14.9877;16.242;0.0;22.0;357.324
5;1;80;36.68;0.0;23.66751;0.0;13.01249;36.68;0.0;22.0;806.96
5;1;81;51.891;0.0;51.891;0.0;0.0;51.891;0.0;22.0;1141.6019999999999
5;1;82;49.031;0.0;49.031;0.0;0.0;49.031;0.0;22.0;1078.682
5;1;83;44.186;0.0;44.186;0.0;0.0;44.186;0.0;22.0;972.092
5;1;84;41.708000000000006;0.0;41.708;0.0;0.0;41.708;0.0;22.0;917.576
5;1;85;35.113;0.0;35.113;0.0;0.0;35.113;0.0;22.0;772.486
5;1;86;43.816;0.0;43.816;0.0;0.0;43.816;0.0;22.0;963.952
5;1;87;89.251;0.0;65.5886;0.0;23.6624;89.251;0.0;22.0;1963.5220000000002
5;1;88;39.183;0.0;35.06505;0.0;4.11795;39.183;0.0;22.0;862.026
5;1;89;45.756;0.0;18.0006;0.0;27.7554;45.756;0.0;22.0;1006.6320000000001
5;1;90;38.544;0.0;4.3154;0.0;34.2286;38.544;0.0;22.0;847.968
5;1;91;58.075;0.0;0.0;0.0;58.075;58.075;0.0;22.0;1277.65
5;1;92;60.634;0.0;0.0;0.0;60.634;60.634;0.0;22.0;1333.948
5;1;93;48.063;0.0;0.0;0.0;48.063;48.063;0.0;22.0;1057.386
5;1;94;52.452;0.0;0.0;0.0;52.452;52.452;0.0;22.0;1153.944
5;1;95;40.887;0.0;0.0;0.0;40.887;40.887;0.0;22.0;899.514
5;1;96;7.412;0.0;0.0;0.0;7.412;7.412;0.0;22.0;163.064
5;1;97;11.068;0.0;0.0;0.0;11.068;11.068;0.0;22.0;243.49599999999998
5;1;98;10.624;0.0;0.0;0.0;10.624;10.624;0.0;22.0;233.728
5;1;99;10.421;0.0;0.0;0.0;10.421;10.421;0.0;22.0;229.262
5;1;100;9.254;0.0;0.0;0.0;9.254;9.254;0.0;22.0;203.588
5;1;101;11.839;0.0;0.0;0.0;11.839;11.839;0.0;22.0;260.458
5;1;102;15.644;0.0;0.0;0.0;15.644;15.644;0.0;22.0;344.168
5;1;103;22.949;0.0;0.44653;0.0;22.50247;22.949;0.0;22.0;504.87800000000004
5;1;104;30.946;0.0;5.45338;0.0;25.49262;30.946;0.0;22.0;680.812
5;1;105;51.48;0.0;9.02537;0.0;42.45463;51.48;0.0;22.0;1132.56
5;1;106;48.754999999999995;0.0;24.64475;0.0;24.11025;48.755;0.0;22.0;1072.6100000000001
5;1;107;51.946000000000005;0.0;48.4577;0.0;3.4883;51.946;0.0;22.0;1142.812
5;1;108;52.683;0.0;52.683;0.0;0.0;52.683;0.0;22.0;1159.026
5;1;109;48.709999999999994;0.0;44.12486;0.0;4.58514;48.71;0.0;22.0;1071.6200000000001
5;1;110;56.129000000000005;0.0;19.76494;0.0;36.36406;56.129;0.0;22.0;1234.838
5;1;111;50.745;0.0;15.35668;0.0;35.38832;50.745;0.0;22.0;1116.3899999999999
5;1;112;46.772999999999996;0.0;11.2725;0.0;35.5005;46.773;0.0;22.0;1029.006
5;1;113;103.184;0.0;0.73819;0.0;102.44581;103.184;0.0;22.0;2270.048
5;1;114;46.632;0.0;1.70622;0.0;44.92578;46.632;0.0;22.0;1025.904
5;1;115;60.103;0.0;0.0;0.0;60.103;60.103;0.0;22.0;1322.266
5;1;116;61.515;0.0;0.0;0.0;61.515;61.515;0.0;22.0;1353.33
5;1;117;55.863;0.0;0.0;0.0;55.863;55.863;0.0;22.0;1228.9859999999999
5;1;118;63.102;0.0;0.0;0.0;63.102;63.102;0.0;22.0;1388.244
5;1;119;41.108;0.0;0.0;0.0;41.108;41.108;0.0;22.0;904.376
5;1;120;7.619;0.0;0.0;0.0;7.619;7.619;0.0;22.0;167.618
5;1;121;11.147;0.0;0.0;0.0;11.147;11.147;0.0;22.0;245.234
5;1;122;9.85;0.0;0.0;0.0;9.85;9.85;0.0;22.0;216.7
5;1;123;11.929;0.0;0.0;0.0;11.929;11.929;0.0;22.0;262.438
5;1;124;10.074;0.0;0.0;0.0;10.074;10.074;0.0;22.0;221.628
5;1;125;13.56;0.0;0.0;0.0;13.56;13.56;0.0;22.0;298.32
5;1;126;12.101;0.0;0.0;0.0;12.101;12.101;0.0;22.0;266.22200000000004
5;1;127;43.804;0.0;0.0;0.0;43.804;43.804;0.0;22.0;963.6880000000001
5;1;128;41.745;0.0;9.93009;0.0;31.81491;41.745;0.0;22.0;918.39
5;1;129;41.739;0.0;21.99313;0.0;19.74587;41.739;0.0;22.0;918.2579999999999
5;1;130;43.364999999999995;0.0;33.13545;0.0;10.22955;43.365;0.0;22.0;954.0300000000001
5;1;131;35.816;0.0;34.73774;0.0;1.07826;35.816;0.0;22.0;787.952
5;1;132;44.985;0.0;44.985;0.0;0.0;44.985;0.0;22.0;989.67
5;1;133;35.225;0.0;35.225;0.0;0.0;35.225;0.0;22.0;774.95
5;1;134;39.118;0.0;29.73293;0.0;9.38507;39.118;0.0;22.0;860.596
5;1;135;34.308;0.0;19.08357;0.0;15.22443;34.308;0.0;22.0;754.776
5;1;136;42.51;0.0;17.71885;0.0;24.79115;42.51;0.0;22.0;935.2199999999999
5;1;137;99.277;0.0;10.32378;0.0;88.95322;99.277;0.0;22.0;2184.094
5;1;138;47.493;0.0;1.07179;0.0;46.42121;47.493;0.0;22.0;1044.846
5;1;139;74.199;0.0;0.0;0.0;74.199;74.199;0.0;22.0;1632.378
5;1;140;71.958;0.0;0.0;0.0;71.958;71.958;0.0;22.0;1583.076
5;1;141;78.264;0.0;0.0;0.0;78.264;78.264;0.0;22.0;1721.808
5;1;142;57.149;0.0;0.0;0.0;57.149;57.149;0.0;22.0;1257.278
5;1;143;58.087;0.0;0.0;0.0;58.087;58.087;0.0;22.0;1277.914
5;1;144;7.461;0.0;0.0;0.0;7.461;7.461;0.0;22.0;164.142
5;1;145;12.297;0.0;0.0;0.0;12.297;12.297;0.0;22.0;270.534
5;1;146;11.135;0.0;0.0;0.0;11.135;11.135;0.0;22.0;244.97
5;1;147;11.104;0.0;0.0;0.0;11.104;11.104;0.0;22.0;244.28799999999998
5;1;148;9.835;0.0;0.0;0.0;9.835;9.835;0.0;22.0;216.37
5;1;149;11.968;0.0;0.0;0.0;11.968;11.968;0.0;22.0;263.296
5;1;150;14.53;0.0;0.0;0.0;14.53;14.53;0.0;22.0;319.65999999999997
5;1;151;37.994;0.0;0.0;0.0;37.994;37.994;0.0;22.0;835.8679999999999
5;1;152;41.161;0.0;9.68236;0.0;31.47864;41.161;0.0;22.0;905.542
5;1;153;48.227999999999994;0.0;26.06301;0.0;22.16499;48.228;0.0;22.0;1061.016
5;1;154;37.95399999999999;0.0;29.50585;0.0;8.44815;37.954;0.0;22.0;834.988
5;1;155;41.641;0.0;40.63802;0.0;1.00298;41.641;0.0;22.0;916.102
5;1;156;46.092;0.0;46.092;0.0;0.0;46.092;0.0;22.0;1014.024
5;1;157;48.282000000000004;0.0;48.282;0.0;0.0;48.282;0.0;22.0;1062.204
5;1;158;40.761;0.0;31.78314;0.0;8.97786;40.761;0.0;22.0;896.7420000000001
5;1;159;123.433;0.0;35.65646;0.0;87.77654;123.433;0.0;22.0;2715.5260000000003
5;1;160;46.533;0.0;24.16257;0.0;22.37043;46.533;0.0;22.0;1023.726
5;1;161;49.835;0.0;12.62366;0.0;37.21134;49.835;0.0;22.0;1096.3700000000001
5;1;162;48.327;0.0;3.8879;0.0;44.4391;48.327;0.0;22.0;1063.194
5;1;163;86.572;0.0;0.0;0.0;86.572;86.572;0.0;22.0;1904.584
5;1;164;73.365;0.0;0.0;0.0;73.365;73.365;0.0;22.0;1614.03
5;1;165;70.574;0.0;0.0;0.0;70.574;70.574;0.0;22.0;1552.628
5;1;166;68.77;0.0;0.0;0.0;68.77;68.77;0.0;22.0;1512.9399999999998
5;1;167;55.211;0.0;0.0;0.0;55.211;55.211;0.0;22.0;1214.642
5;2;0;7.519;0.0;0.0;0.0;7.519;7.519;0.0;10.0;75.19
5;2;1;20.814999999999998;0.0;0.0;0.0;20.815;20.815;0.0;10.0;208.15
5;2;2;155.04500000000002;0.0;0.0;0.0;155.045;155.045;0.0;10.0;1550.4499999999998
5;2;3;12.89;0.0;0.0;0.0;12.89;12.89;0.0;10.0;128.9
5;2;4;82.148;0.0;0.0;0.0;82.148;82.148;0.0;10.0;821.48
5;2;5;159.533;0.0;0.0;0.0;159.533;159.533;0.0;10.0;1595.33
5;2;6;19.58;0.0;0.0;0.0;19.58;19.58;0.0;10.0;195.79999999999998
5;2;7;79.86;0.0;0.0;0.0;79.86;79.86;0.0;10.0;798.6
5;2;8;60.949;0.0;0.90361;0.0;60.04539;60.949;0.0;10.0;609.49
5;2;9;115.653;0.0;33.23612;0.0;82.41688;115.653;0.0;10.0;1156.53
5;2;10;100.76599999999999;0.0;50.42909;0.0;50.33691;100.766;0.0;10.0;1007.6600000000001
5;2;11;93.001;0.0;66.73801;0.0;26.26299;93.001;0.0;10.0;930.01
5;2;12;78.425;0.0;68.85269;0.0;9.57231;78.425;0.0;10.0;784.25
5;2;13;67.604;0.0;26.94494;0.0;40.65906;67.604;0.0;10.0;676.04
5;2;14;75.93;0.0;11.06014;0.0;64.86986;75.93;0.0;10.0;759.3000000000001
5;2;15;99.93799999999999;0.0;5.43823;0.0;94.49977;99.938;0.0;10.0;999.38
5;2;16;190.763;0.0;8.90154;0.0;181.86146;190.763;0.0;10.0;1907.63
5;2;17;89.362;0.0;0.0;0.0;89.362;89.362;0.0;10.0;893.6199999999999
5;2;18;56.416;0.0;0.0;0.0;56.416;56.416;0.0;10.0;564.16
5;2;19;161.64100000000002;0.0;0.0;0.0;161.641;161.641;0.0;10.0;1616.4099999999999
5;2;20;120.362;0.0;0.0;0.0;120.362;120.362;0.0;10.0;1203.62
5;2;21;61.892;0.0;0.0;0.0;61.892;61.892;0.0;10.0;618.9200000000001
5;2;22;181.68;0.0;0.0;0.0;181.68;181.68;0.0;10.0;1816.8000000000002
5;2;23;105.52700000000002;0.0;0.0;0.0;105.527;105.527;0.0;10.0;1055.27
5;2;24;7.566;0.0;0.0;0.0;7.566;7.566;0.0;10.0;75.66
5;2;25;11.725;0.0;0.0;0.0;11.725;11.725;0.0;10.0;117.25
5;2;26;174.59699999999998;0.0;0.0;0.0;174.597;174.597;0.0;10.0;1745.97
5;2;27;11.02;0.0;0.0;0.0;11.02;11.02;0.0;10.0;110.19999999999999
5;2;28;177.101;0.0;0.0;0.0;177.101;177.101;0.0;10.0;1771.01
5;2;29;46.299;0.0;0.0;0.0;46.299;46.299;0.0;10.0;462.99
5;2;30;134.416;0.0;0.0;0.0;134.416;134.416;0.0;10.0;1344.1599999999999
5;2;31;159.16;0.0;0.0;0.0;159.16;159.16;0.0;10.0;1591.6
5;2;32;170.772;0.0;6.68177;0.0;164.09023;170.772;0.0;10.0;1707.7199999999998
5;2;33;147.088;0.0;34.60855;0.0;112.47945;147.088;0.0;10.0;1470.8799999999999
5;2;34;129.18;0.0;60.40822;0.0;68.77178;129.18;0.0;10.0;1291.8000000000002
5;2;35;116.953;0.0;79.33818;0.0;37.61482;116.953;0.0;10.0;1169.53
5;2;36;98.03;0.0;79.32119;0.0;18.70881;98.03;0.0;10.0;980.3
5;2;37;81.48599999999999;0.0;50.02502;0.0;31.46098;81.486;0.0;10.0;814.86
5;2;38;71.12899999999999;0.0;24.44252;0.0;46.68648;71.129;0.0;10.0;711.2900000000001
5;2;39;56.334;0.0;23.38139;0.0;32.95261;56.334;0.0;10.0;563.34
5;2;40;185.116;0.0;10.40515;0.0;174.71085;185.116;0.0;10.0;1851.16
5;2;41;109.166;0.0;0.00027;0.0;109.16573;109.166;0.0;10.0;1091.6599999999999
5;2;42;98.553;0.0;0.0;0.0;98.553;98.553;0.0;10.0;985.53
5;2;43;98.435;0.0;0.0;0.0;98.435;98.435;0.0;10.0;984.35
5;2;44;105.578;0.0;0.0;0.0;105.578;105.578;0.0;10.0;1055.78
5;2;45;107.25;0.0;0.0;0.0;107.25;107.25;0.0;10.0;1072.5
5;2;46;56.144;0.0;0.0;0.0;56.144;56.144;0.0;10.0;561.4399999999999
5;2;47;49.477999999999994;0.0;0.0;0.0;49.478;49.478;0.0;10.0;494.78000000000003
5;2;48;7.554;0.0;0.0;0.0;7.554;7.554;0.0;10.0;75.54
5;2;49;9.184;0.0;0.0;0.0;9.184;9.184;0.0;10.0;91.83999999999999
5;2;50;53.778;0.0;0.0;0.0;53.778;53.778;0.0;10.0;537.78
5;2;51;55.248;0.0;0.0;0.0;55.248;55.248;0.0;10.0;552.48
5;2;52;56.006;0.0;0.0;0.0;56.006;56.006;0.0;10.0;560.06
5;2;53;58.05;0.0;0.0;0.0;58.05;58.05;0.0;10.0;580.5
5;2;54;57.323;0.0;0.0;0.0;57.323;57.323;0.0;10.0;573.23
5;2;55;93.745;0.0;0.0;0.0;93.745;93.745;0.0;10.0;937.45
5;2;56;110.505;0.0;0.0;0.0;110.505;110.505;0.0;10.0;1105.05
5;2;57;83.517;0.0;0.0;0.0;83.517;83.517;0.0;10.0;835.17
5;2;58;79.269;0.0;0.0;0.0;79.269;79.269;0.0;10.0;792.69
5;2;59;69.20599999999999;0.0;0.0;0.0;69.206;69.206;0.0;10.0;692.0600000000001
5;2;60;62.150000000000006;0.0;0.00018;0.0;62.14982;62.15;0.0;10.0;621.5
5;2;61;50.423;0.0;0.0;0.0;50.423;50.423;0.0;10.0;504.23
5;2;62;57.733000000000004;0.0;0.0;0.0;57.733;57.733;0.0;10.0;577.3299999999999
5;2;63;52.253;0.0;0.0;0.0;52.253;52.253;0.0;10.0;522.53
5;2;64;81.643;0.0;0.0;0.0;81.643;81.643;0.0;10.0;816.4300000000001
5;2;65;194.762;0.0;0.0;0.0;194.762;194.762;0.0;10.0;1947.62
5;2;66;64.171;0.0;0.0;0.0;64.171;64.171;0.0;10.0;641.71
5;2;67;88.718;0.0;0.0;0.0;88.718;88.718;0.0;10.0;887.1800000000001
5;2;68;85.975;0.0;0.0;0.0;85.975;85.975;0.0;10.0;859.75
5;2;69;69.631;0.0;0.0;0.0;69.631;69.631;0.0;10.0;696.31
5;2;70;62.278;0.0;0.0;0.0;62.278;62.278;0.0;10.0;622.78
5;2;71;33.443;0.0;0.0;0.0;33.443;33.443;0.0;10.0;334.42999999999995
5;2;72;10.713;0.0;0.0;0.0;10.713;10.713;0.0;10.0;107.13
5;2;73;52.245000000000005;0.0;0.0;0.0;52.245;52.245;0.0;10.0;522.4499999999999
5;2;74;50.268;0.0;0.0;0.0;50.268;50.268;0.0;10.0;502.68
5;2;75;54.632;0.0;0.0;0.0;54.632;54.632;0.0;10.0;546.3199999999999
5;2;76;53.431;0.0;0.0;0.0;53.431;53.431;0.0;10.0;534.31
5;2;77;54.015;0.0;0.0;0.0;54.015;54.015;0.0;10.0;540.15
5;2;78;56.245999999999995;0.0;0.0;0.0;56.246;56.246;0.0;10.0;562.46
5;2;79;87.00999999999999;0.0;0.0;0.0;87.01;87.01;0.0;10.0;870.1
5;2;80;102.39000000000001;0.0;0.00029;0.0;102.38971;102.39;0.0;10.0;1023.9
5;2;81;92.799;0.0;0.62483;0.0;92.17417;92.799;0.0;10.0;927.99
5;2;82;80.225;0.0;0.0;0.0;80.225;80.225;0.0;10.0;802.25
5;2;83;68.532;0.0;12.13955;0.0;56.39245;68.532;0.0;10.0;685.3199999999999
5;2;84;65.745;0.0;44.65473;0.0;21.09027;65.745;0.0;10.0;657.45
5;2;85;62.172;0.0;21.91068;0.0;40.26132;62.172;0.0;10.0;621.72
5;2;86;178.48100000000002;0.0;0.0;0.0;178.481;178.481;0.0;10.0;1784.81
5;2;87;92.576;0.0;0.0;0.0;92.576;92.576;0.0;10.0;925.76
5;2;88;42.167;0.0;0.0;0.0;42.167;42.167;0.0;10.0;421.67
5;2;89;57.259;0.0;0.00012;0.0;57.25888;57.259;0.0;10.0;572.59
5;2;90;66.474;0.0;0.0;0.0;66.474;66.474;0.0;10.0;664.74
5;2;91;67.656;0.0;0.0;0.0;67.656;67.656;0.0;10.0;676.5600000000001
5;2;92;205.607;0.0;0.0;0.0;205.607;205.607;0.0;10.0;2056.07
5;2;93;96.195;0.0;0.0;0.0;96.195;96.195;0.0;10.0;961.9499999999999
5;2;94;60.145;0.0;0.0;0.0;60.145;60.145;0.0;10.0;601.45
5;2;95;112.517;0.0;0.0;0.0;112.517;112.517;0.0;10.0;1125.17
5;2;96;7.501;0.0;0.0;0.0;7.501;7.501;0.0;10.0;75.01
5;2;97;15.296;0.0;0.0;0.0;15.296;15.296;0.0;10.0;152.95999999999998
5;2;98;88.847;0.0;0.0;0.0;88.847;88.847;0.0;10.0;888.4699999999999
5;2;99;162.05499999999998;0.0;0.0;0.0;162.055;162.055;0.0;10.0;1620.5500000000002
5;2;100;103.402;0.0;0.0;0.0;103.402;103.402;0.0;10.0;1034.02
5;2;101;12.258;0.0;0.0;0.0;12.258;12.258;0.0;10.0;122.57999999999998
5;2;102;112.235;0.0;0.0;0.0;112.235;112.235;0.0;10.0;1122.35
5;2;103;125.694;0.0;0.0;0.0;125.694;125.694;0.0;10.0;1256.94
5;2;104;141.605;0.0;0.0;0.0;141.605;141.605;0.0;10.0;1416.05
5;2;105;132.869;0.0;21.541;0.0;111.328;132.869;0.0;10.0;1328.69
5;2;106;119.553;0.0;20.92232;0.0;98.63068;119.553;0.0;10.0;1195.53
5;2;107;124.196;0.0;8.34616;0.0;115.84984;124.196;0.0;10.0;1241.96
5;2;108;118.87199999999999;0.0;25.40302;0.0;93.46898;118.872;0.0;10.0;1188.72
5;2;109;162.018;0.0;26.10781;0.0;135.91019;162.018;0.0;10.0;1620.18
5;2;110;40.867;0.0;6.47142;0.0;34.39558;40.867;0.0;10.0;408.66999999999996
5;2;111;102.199;0.0;0.0;0.0;102.199;102.199;0.0;10.0;1021.99
5;2;112;122.457;0.0;0.0;0.0;122.457;122.457;0.0;10.0;1224.57
5;2;113;112.864;0.0;0.0;0.0;112.864;112.864;0.0;10.0;1128.64
5;2;114;131.661;0.0;0.0;0.0;131.661;131.661;0.0;10.0;1316.6100000000001
5;2;115;136.49200000000002;0.0;0.0;0.0;136.492;136.492;0.0;10.0;1364.9199999999998
5;2;116;144.89800000000002;0.0;0.0;0.0;144.898;144.898;0.0;10.0;1448.98
5;2;117;130.841;0.0;0.0;0.0;130.841;130.841;0.0;10.0;1308.41
5;2;118;125.654;0.0;0.0;0.0;125.654;125.654;0.0;10.0;1256.54
5;2;119;194.10500000000002;0.0;0.0;0.0;194.105;194.105;0.0;10.0;1941.05
5;2;120;7.595;0.0;0.0;0.0;7.595;7.595;0.0;10.0;75.95
5;2;121;175.26299999999998;0.0;0.0;0.0;175.263;175.263;0.0;10.0;1752.63
5;2;122;13.713;0.0;0.0;0.0;13.713;13.713;0.0;10.0;137.13
5;2;123;97.773;0.0;0.0;0.0;97.773;97.773;0.0;10.0;977.73
5;2;124;100.92;0.0;0.0;0.0;100.92;100.92;0.0;10.0;1009.2
5;2;125;101.775;0.0;0.0;0.0;101.775;101.775;0.0;10.0;1017.75
5;2;126;118.702;0.0;0.0;0.0;118.702;118.702;0.0;10.0;1187.02
5;2;127;141.192;0.0;0.0;0.0;141.192;141.192;0.0;10.0;1411.92
5;2;128;156.966;0.0;0.0;0.0;156.966;156.966;0.0;10.0;1569.66
5;2;129;127.912;0.0;0.0;0.0;127.912;127.912;0.0;10.0;1279.1200000000001
5;2;130;123.894;0.0;0.0;0.0;123.894;123.894;0.0;10.0;1238.94
5;2;131;108.571;0.0;0.0;0.0;108.571;108.571;0.0;10.0;1085.71
5;2;132;102.601;0.0;10.5262;0.0;92.0748;102.601;0.0;10.0;1026.01
5;2;133;94.999;0.0;19.49482;0.0;75.50418;94.999;0.0;10.0;949.99
5;2;134;175.979;0.0;0.0;0.0;175.979;175.979;0.0;10.0;1759.7900000000002
5;2;135;152.355;0.0;0.0;0.0;152.355;152.355;0.0;10.0;1523.55
5;2;136;54.745;0.0;0.0;0.0;54.745;54.745;0.0;10.0;547.4499999999999
5;2;137;59.686;0.0;0.0;0.0;59.686;59.686;0.0;10.0;596.86
5;2;138;63.869;0.0;0.0;0.0;63.869;63.869;0.0;10.0;638.69
5;2;139;230.29999999999998;0.0;0.0;0.0;230.3;230.3;0.0;10.0;2303.0
5;2;140;112.882;0.0;0.0;0.0;112.882;112.882;0.0;10.0;1128.8200000000002
5;2;141;76.027;0.0;0.0;0.0;76.027;76.027;0.0;10.0;760.27
5;2;142;204.2;0.0;0.0;0.0;204.2;204.2;0.0;10.0;2042.0
5;2;143;47.912;0.0;0.0;0.0;47.912;47.912;0.0;10.0;479.12
5;2;144;85.078;0.0;0.0;0.0;85.078;85.078;0.0;10.0;850.78
5;2;145;93.17099999999999;0.0;0.0;0.0;93.171;93.171;0.0;10.0;931.71
5;2;146;94.967;0.0;0.0;0.0;94.967;94.967;0.0;10.0;949.67
5;2;147;96.159;0.0;0.0;0.0;96.159;96.159;0.0;10.0;961.59
5;2;148;98.299;0.0;0.0;0.0;98.299;98.299;0.0;10.0;982.99
5;2;149;96.71000000000001;0.0;0.0;0.0;96.71;96.71;0.0;10.0;967.0999999999999
5;2;150;113.892;0.0;0.0;0.0;113.892;113.892;0.0;10.0;1138.92
5;2;151;142.132;0.0;0.0;0.0;142.132;142.132;0.0;10.0;1421.3200000000002
5;2;152;130.345;0.0;0.0;0.0;130.345;130.345;0.0;10.0;1303.45
5;2;153;126.28800000000001;0.0;0.0;0.0;126.288;126.288;0.0;10.0;1262.8799999999999
5;2;154;133.053;0.0;0.0;0.0;133.053;133.053;0.0;10.0;1330.53
5;2;155;108.603;0.0;0.0;0.0;108.603;108.603;0.0;10.0;1086.03
5;2;156;103.97;0.0;0.0;0.0;103.97;103.97;0.0;10.0;1039.7
5;2;157;110.142;0.0;0.0;0.0;110.142;110.142;0.0;10.0;1101.42
5;2;158;89.939;0.0;0.0;0.0;89.939;89.939;0.0;10.0;899.3899999999999
5;2;159;78.943;0.0;0.0;0.0;78.943;78.943;0.0;10.0;789.43
5;2;160;93.989;0.0;0.0;0.0;93.989;93.989;0.0;10.0;939.8900000000001
5;2;161;99.63300000000001;0.0;0.0;0.0;99.633;99.633;0.0;10.0;996.3299999999999
5;2;162;111.416;0.0;0.0;0.0;111.416;111.416;0.0;10.0;1114.1599999999999
5;2;163;116.497;0.0;0.0;0.0;116.497;116.497;0.0;10.0;1164.97
5;2;164;116.431;0.0;0.0;0.0;116.431;116.431;0.0;10.0;1164.31
5;2;165;115.952;0.0;0.0;0.0;115.952;115.952;0.0;10.0;1159.52
5;2;166;119.021;0.0;0.0;0.0;119.021;119.021;0.0;10.0;1190.21
5;2;167;173.651;0.0;0.0;0.0;173.651;173.651;0.0;10.0;1736.5100000000002
5;3;0;110.478;0.0;0.0;0.0;110.478;110.478;0.0;15.0;1657.1699999999998
5;3;1;199.493;0.0;0.0;0.0;199.493;199.493;0.0;15.0;2992.395
5;3;2;197.702;0.0;0.0;0.0;197.702;197.702;0.0;15.0;2965.5299999999997
5;3;3;198.343;0.0;0.0;0.0;198.343;198.343;0.0;15.0;2975.145
5;3;4;198.678;0.0;0.0;0.0;198.678;198.678;0.0;15.0;2980.17
5;3;5;201.33599999999998;0.0;0.0;0.0;201.336;201.336;0.0;15.0;3020.04
5;3;6;206.47899999999998;0.0;0.0;0.0;206.479;206.479;0.0;15.0;3097.1850000000004
5;3;7;234.99599999999998;0.0;0.0;0.0;234.996;234.996;0.0;15.0;3524.94
5;3;8;252.339;0.0;0.0;0.0;252.339;252.339;0.0;15.0;3785.085
5;3;9;231.409;0.0;0.0;0.0;231.409;231.409;0.0;15.0;3471.1349999999998
5;3;10;223.026;0.0;0.0;0.0;223.026;223.026;0.0;15.0;3345.3900000000003
5;3;11;203.171;0.0;0.0;0.0;203.171;203.171;0.0;15.0;3047.565
5;3;12;201.467;0.0;0.0;0.0;201.467;201.467;0.0;15.0;3022.005
5;3;13;185.594;0.0;18.81063;0.0;166.78337;185.594;0.0;15.0;2783.91
5;3;14;207.13;0.0;16.22982;0.0;190.90018;207.13;0.0;15.0;3106.95
5;3;15;200.024;0.0;0.0;0.0;200.024;200.024;0.0;15.0;3000.36
5;3;16;224.535;0.0;0.0;0.0;224.535;224.535;0.0;15.0;3368.025
5;3;17;208.638;0.0;0.0;0.0;208.638;208.638;0.0;15.0;3129.57
5;3;18;234.642;0.0;0.0;0.0;234.642;234.642;0.0;15.0;3519.63
5;3;19;72.949;0.0;0.0;0.0;72.949;72.949;0.0;15.0;1094.235
5;3;20;171.20299999999997;0.0;0.0;0.0;171.203;171.203;0.0;15.0;2568.045
5;3;21;234.46;0.0;0.0;0.0;234.46;234.46;0.0;15.0;3516.9
5;3;22;251.171;0.0;0.0;0.0;251.171;251.171;0.0;15.0;3767.565
5;3;23;242.574;0.0;0.0;0.0;242.574;242.574;0.0;15.0;3638.61
5;3;24;195.88400000000001;0.0;0.0;0.0;195.884;195.884;0.0;15.0;2938.2599999999998
5;3;25;155.261;0.0;0.0;0.0;155.261;155.261;0.0;15.0;2328.915
5;3;26;202.68099999999998;0.0;0.0;0.0;202.681;202.681;0.0;15.0;3040.215
5;3;27;200.922;0.0;0.0;0.0;200.922;200.922;0.0;15.0;3013.83
5;3;28;203.28300000000002;0.0;0.0;0.0;203.283;203.283;0.0;15.0;3049.245
5;3;29;205.085;0.0;0.0;0.0;205.085;205.085;0.0;15.0;3076.275
5;3;30;204.20000000000002;0.0;0.0;0.0;204.2;204.2;0.0;15.0;3063.0
5;3;31;234.324;0.0;0.0;0.0;234.324;234.324;0.0;15.0;3514.86
5;3;32;244.279;0.0;0.0;0.0;244.279;244.279;0.0;15.0;3664.185
5;3;33;237.62400000000002;0.0;0.0;0.0;237.624;237.624;0.0;15.0;3564.36
5;3;34;225.143;0.0;0.0;0.0;225.143;225.143;0.0;15.0;3377.145
5;3;35;203.706;0.0;0.0;0.0;203.706;203.706;0.0;15.0;3055.5899999999997
5;3;36;211.062;0.0;0.0;0.0;211.062;211.062;0.0;15.0;3165.9300000000003
5;3;37;201.695;0.0;0.0;0.0;201.695;201.695;0.0;15.0;3025.4249999999997
5;3;38;212.44899999999998;0.0;0.0;0.0;212.449;212.449;0.0;15.0;3186.735
5;3;39;214.017;0.0;0.0;0.0;214.017;214.017;0.0;15.0;3210.255
5;3;40;226.886;0.0;0.0;0.0;226.886;226.886;0.0;15.0;3403.29
5;3;41;232.487;0.0;0.0;0.0;232.487;232.487;0.0;15.0;3487.305
5;3;42;245.483;0.0;0.0;0.0;245.483;245.483;0.0;15.0;3682.245
5;3;43;246.41700000000003;0.0;0.0;0.0;246.417;246.417;0.0;15.0;3696.255
5;3;44;248.774;0.0;0.0;0.0;248.774;248.774;0.0;15.0;3731.61
5;3;45;231.541;0.0;0.0;0.0;231.541;231.541;0.0;15.0;3473.115
5;3;46;223.458;0.0;0.0;0.0;223.458;223.458;0.0;15.0;3351.87
5;3;47;188.738;0.0;0.0;0.0;188.738;188.738;0.0;15.0;2831.07
5;3;48;136.43300000000002;0.0;0.0;0.0;136.433;136.433;0.0;15.0;2046.495
5;3;49;131.463;0.0;0.0;0.0;131.463;131.463;0.0;15.0;1971.945
5;3;50;128.41;0.0;0.0;0.0;128.41;128.41;0.0;15.0;1926.1499999999999
5;3;51;125.197;0.0;0.0;0.0;125.197;125.197;0.0;15.0;1877.955
5;3;52;125.26;0.0;0.0;0.0;125.26;125.26;0.0;15.0;1878.9
5;3;53;124.633;0.0;0.0;0.0;124.633;124.633;0.0;15.0;1869.495
5;3;54;128.743;0.0;0.0;0.0;128.743;128.743;0.0;15.0;1931.145
5;3;55;176.151;0.0;0.0;0.0;176.151;176.151;0.0;15.0;2642.2650000000003
5;3;56;201.723;0.0;0.0;0.0;201.723;201.723;0.0;15.0;3025.8450000000003
5;3;57;157.325;0.0;0.0;0.0;157.325;157.325;0.0;15.0;2359.875
5;3;58;163.677;0.0;0.0;0.0;163.677;163.677;0.0;15.0;2455.1549999999997
5;3;59;157.637;0.0;0.0;0.0;157.637;157.637;0.0;15.0;2364.555
5;3;60;146.073;0.0;0.0;0.0;146.073;146.073;0.0;15.0;2191.0950000000003
5;3;61;148.692;0.0;0.0;0.0;148.692;148.692;0.0;15.0;2230.38
5;3;62;134.065;0.0;0.0;0.0;134.065;134.065;0.0;15.0;2010.975
5;3;63;143.86599999999999;0.0;0.0;0.0;143.866;143.866;0.0;15.0;2157.9900000000002
5;3;64;159.072;0.0;0.0;0.0;159.072;159.072;0.0;15.0;2386.08
5;3;65;217.10699999999997;0.0;0.0;0.0;217.107;217.107;0.0;15.0;3256.605
5;3;66;229.08;0.0;0.0;0.0;229.08;229.08;0.0;15.0;3436.2000000000003
5;3;67;208.213;0.0;0.0;0.0;208.213;208.213;0.0;15.0;3123.1949999999997
5;3;68;174.349;0.0;0.0;0.0;174.349;174.349;0.0;15.0;2615.2349999999997
5;3;69;79.863;0.0;0.0;0.0;79.863;79.863;0.0;15.0;1197.945
5;3;70;102.961;0.0;0.0;0.0;102.961;102.961;0.0;15.0;1544.415
5;3;71;159.703;0.0;0.0;0.0;159.703;159.703;0.0;15.0;2395.545
5;3;72;128.249;0.0;0.0;0.0;128.249;128.249;0.0;15.0;1923.735
5;3;73;135.51500000000001;0.0;0.0;0.0;135.515;135.515;0.0;15.0;2032.725
5;3;74;132.435;0.0;0.0;0.0;132.435;132.435;0.0;15.0;1986.525
5;3;75;141.45600000000002;0.0;0.0;0.0;141.456;141.456;0.0;15.0;2121.8399999999997
5;3;76;137.755;0.0;0.0;0.0;137.755;137.755;0.0;15.0;2066.325
5;3;77;140.26999999999998;0.0;0.0;0.0;140.27;140.27;0.0;15.0;2104.05
5;3;78;187.81900000000002;0.0;0.0;0.0;187.819;187.819;0.0;15.0;2817.285
5;3;79;132.654;0.0;0.0;0.0;132.654;132.654;0.0;15.0;1989.81
5;3;80;185.041;0.0;0.0;0.0;185.041;185.041;0.0;15.0;2775.615
5;3;81;173.71200000000002;0.0;0.0;0.0;173.712;173.712;0.0;15.0;2605.68
5;3;82;190.252;0.0;0.0;0.0;190.252;190.252;0.0;15.0;2853.78
5;3;83;181.907;0.0;0.0;0.0;181.907;181.907;0.0;15.0;2728.605
5;3;84;178.817;0.0;0.0;0.0;178.817;178.817;0.0;15.0;2682.255
5;3;85;217.15599999999998;0.0;0.0;0.0;217.156;217.156;0.0;15.0;3257.34
5;3;86;118.202;0.0;0.0;0.0;118.202;118.202;0.0;15.0;1773.03
5;3;87;209.903;0.0;0.0;0.0;209.903;209.903;0.0;15.0;3148.545
5;3;88;218.277;0.0;0.0;0.0;218.277;218.277;0.0;15.0;3274.1549999999997
5;3;89;237.457;0.0;0.0;0.0;237.457;237.457;0.0;15.0;3561.855
5;3;90;231.054;0.0;0.0;0.0;231.054;231.054;0.0;15.0;3465.81
5;3;91;222.45999999999998;0.0;0.0;0.0;222.46;222.46;0.0;15.0;3336.9
5;3;92;143.486;0.0;0.0;0.0;143.486;143.486;0.0;15.0;2152.29
5;3;93;246.34;0.0;0.0;0.0;246.34;246.34;0.0;15.0;3695.1
5;3;94;240.31;0.0;0.0;0.0;240.31;240.31;0.0;15.0;3604.65
5;3;95;230.297;0.0;0.0;0.0;230.297;230.297;0.0;15.0;3454.455
5;3;96;197.887;0.0;0.0;0.0;197.887;197.887;0.0;15.0;2968.305
5;3;97;205.733;0.0;0.0;0.0;205.733;205.733;0.0;15.0;3085.995
5;3;98;201.957;0.0;0.0;0.0;201.957;201.957;0.0;15.0;3029.355
5;3;99;204.419;0.0;0.0;0.0;204.419;204.419;0.0;15.0;3066.2850000000003
5;3;100;201.87199999999999;0.0;0.0;0.0;201.872;201.872;0.0;15.0;3028.0800000000004
5;3;101;197.657;0.0;0.0;0.0;197.657;197.657;0.0;15.0;2964.855
5;3;102;196.509;0.0;0.0;0.0;196.509;196.509;0.0;15.0;2947.6349999999998
5;3;103;215.628;0.0;0.0;0.0;215.628;215.628;0.0;15.0;3234.4199999999996
5;3;104;230.55200000000002;0.0;0.0;0.0;230.552;230.552;0.0;15.0;3458.2799999999997
5;3;105;235.215;0.0;0.0;0.0;235.215;235.215;0.0;15.0;3528.225
5;3;106;249.93;0.0;0.0;0.0;249.93;249.93;0.0;15.0;3748.9500000000003
5;3;107;238.978;0.0;0.0;0.0;238.978;238.978;0.0;15.0;3584.67
5;3;108;242.445;0.0;0.0;0.0;242.445;242.445;0.0;15.0;3636.6749999999997
5;3;109;234.766;0.0;0.0;0.0;234.766;234.766;0.0;15.0;3521.49
5;3;110;235.445;0.0;0.0;0.0;235.445;235.445;0.0;15.0;3531.6749999999997
5;3;111;236.40800000000002;0.0;0.0;0.0;236.408;236.408;0.0;15.0;3546.12
5;3;112;250.54500000000002;0.0;0.0;0.0;250.545;250.545;0.0;15.0;3758.1749999999997
5;3;113;248.372;0.0;0.0;0.0;248.372;248.372;0.0;15.0;3725.5800000000004
5;3;114;256.915;0.0;0.0;0.0;256.915;256.915;0.0;15.0;3853.7250000000004
5;3;115;254.044;0.0;0.0;0.0;254.044;254.044;0.0;15.0;3810.6600000000003
5;3;116;236.888;0.0;0.0;0.0;236.888;236.888;0.0;15.0;3553.32
5;3;117;252.846;0.0;0.0;0.0;252.846;252.846;0.0;15.0;3792.69
5;3;118;235.058;0.0;0.0;0.0;235.058;235.058;0.0;15.0;3525.87
5;3;119;219.712;0.0;0.0;0.0;219.712;219.712;0.0;15.0;3295.68
5;3;120;188.691;0.0;0.0;0.0;188.691;188.691;0.0;15.0;2830.3650000000002
5;3;121;197.19400000000002;0.0;0.0;0.0;197.194;197.194;0.0;15.0;2957.91
5;3;122;196.504;0.0;0.0;0.0;196.504;196.504;0.0;15.0;2947.56
5;3;123;198.312;0.0;0.0;0.0;198.312;198.312;0.0;15.0;2974.6800000000003
5;3;124;201.113;0.0;0.0;0.0;201.113;201.113;0.0;15.0;3016.695
5;3;125;203.414;0.0;0.0;0.0;203.414;203.414;0.0;15.0;3051.21
5;3;126;212.43;0.0;0.0;0.0;212.43;212.43;0.0;15.0;3186.4500000000003
5;3;127;244.499;0.0;0.0;0.0;244.499;244.499;0.0;15.0;3667.485
5;3;128;241.50900000000001;0.0;0.0;0.0;241.509;241.509;0.0;15.0;3622.6349999999998
5;3;129;244.19799999999998;0.0;0.0;0.0;244.198;244.198;0.0;15.0;3662.9700000000003
5;3;130;238.014;0.0;0.0;0.0;238.014;238.014;0.0;15.0;3570.21
5;3;131;236.965;0.0;0.0;0.0;236.965;236.965;0.0;15.0;3554.475
5;3;132;223.505;0.0;0.0;0.0;223.505;223.505;0.0;15.0;3352.575
5;3;133;215.137;0.0;0.0;0.0;215.137;215.137;0.0;15.0;3227.055
5;3;134;235.244;0.0;0.0;0.0;235.244;235.244;0.0;15.0;3528.66
5;3;135;228.68099999999998;0.0;0.0;0.0;228.681;228.681;0.0;15.0;3430.215
5;3;136;240.443;0.0;0.0;0.0;240.443;240.443;0.0;15.0;3606.645
5;3;137;251.845;0.0;0.0;0.0;251.845;251.845;0.0;15.0;3777.675
5;3;138;257.082;0.0;0.0;0.0;257.082;257.082;0.0;15.0;3856.23
5;3;139;271.503;0.0;0.0;0.0;271.503;271.503;0.0;15.0;4072.5449999999996
5;3;140;254.16700000000003;0.0;0.0;0.0;254.167;254.167;0.0;15.0;3812.505
5;3;141;262.806;0.0;0.0;0.0;262.806;262.806;0.0;15.0;3942.0899999999997
5;3;142;263.011;0.0;0.0;0.0;263.011;263.011;0.0;15.0;3945.1650000000004
5;3;143;238.54699999999997;0.0;0.0;0.0;238.547;238.547;0.0;15.0;3578.205
5;3;144;197.593;0.0;0.0;0.0;197.593;197.593;0.0;15.0;2963.895
5;3;145;203.722;0.0;0.0;0.0;203.722;203.722;0.0;15.0;3055.83
5;3;146;201.544;0.0;0.0;0.0;201.544;201.544;0.0;15.0;3023.1600000000003
5;3;147;204.586;0.0;0.0;0.0;204.586;204.586;0.0;15.0;3068.79
5;3;148;203.00199999999998;0.0;0.0;0.0;203.002;203.002;0.0;15.0;3045.03
5;3;149;206.065;0.0;0.0;0.0;206.065;206.065;0.0;15.0;3090.975
5;3;150;211.13;0.0;0.0;0.0;211.13;211.13;0.0;15.0;3166.95
5;3;151;226.44;0.0;0.0;0.0;226.44;226.44;0.0;15.0;3396.6
5;3;152;259.67600000000004;0.0;0.0;0.0;259.676;259.676;0.0;15.0;3895.14
5;3;153;217.58499999999998;0.0;0.0;0.0;217.585;217.585;0.0;15.0;3263.775
5;3;154;205.31099999999998;0.0;0.0;0.0;205.311;205.311;0.0;15.0;3079.665
5;3;155;192.626;0.0;0.0;0.0;192.626;192.626;0.0;15.0;2889.39
5;3;156;190.236;0.0;0.0;0.0;190.236;190.236;0.0;15.0;2853.54
5;3;157;215.521;0.0;0.0;0.0;215.521;215.521;0.0;15.0;3232.8149999999996
5;3;158;158.068;0.0;0.0;0.0;158.068;158.068;0.0;15.0;2371.02
5;3;159;189.337;0.0;0.0;0.0;189.337;189.337;0.0;15.0;2840.055
5;3;160;186.12599999999998;0.0;0.0;0.0;186.126;186.126;0.0;15.0;2791.89
5;3;161;206.521;0.0;0.0;0.0;206.521;206.521;0.0;15.0;3097.8149999999996
5;3;162;206.664;0.0;0.0;0.0;206.664;206.664;0.0;15.0;3099.96
5;3;163;222.014;0.0;0.0;0.0;222.014;222.014;0.0;15.0;3330.21
5;3;164;195.624;0.0;0.0;0.0;195.624;195.624;0.0;15.0;2934.36
5;3;165;206.848;0.0;0.0;0.0;206.848;206.848;0.0;15.0;3102.7200000000003
5;3;166;236.633;0.0;0.0;0.0;236.633;236.633;0.0;15.0;3549.4950000000003
5;3;167;220.725;0.0;0.0;0.0;220.725;220.725;0.0;15.0;3310.875
10;0;0;182.774;0.0;0.0;0.0;182.774;182.774;0.0;5.0;913.87
10;0;1;188.369;0.0;0.0;0.0;188.369;188.369;0.0;5.0;941.845
10;0;2;9.868;0.0;0.0;0.0;9.868;9.868;0.0;5.0;49.34
10;0;3;88.509;0.0;0.0;0.0;88.509;88.509;0.0;5.0;442.545
10;0;4;150.07;0.0;0.0;0.0;150.07;150.07;0.0;5.0;750.3499999999999
10;0;5;152.257;0.0;0.0;0.0;152.257;152.257;0.0;5.0;761.2850000000001
10;0;6;167.895;0.0;0.0;0.0;167.895;167.895;0.0;5.0;839.475
10;0;7;190.15200000000002;0.0;0.0;0.0;190.152;190.152;0.0;5.0;950.76
10;0;8;171.04500000000002;0.0;0.0;0.0;171.045;171.045;0.0;5.0;855.2249999999999
10;0;9;161.35500000000002;0.0;0.0;0.0;161.355;161.355;0.0;5.0;806.775
10;0;10;135.11200000000002;0.0;0.0;0.0;135.112;135.112;0.0;5.0;675.56
10;0;11;126.64699999999999;0.0;0.0;0.0;126.647;126.647;0.0;5.0;633.235
10;0;12;121.249;0.0;0.0;0.0;121.249;121.249;0.0;5.0;606.245
10;0;13;110.15299999999999;0.0;0.0;0.0;110.153;110.153;0.0;5.0;550.765
10;0;14;198.328;0.0;0.0;0.0;198.328;198.328;0.0;5.0;991.64
10;0;15;105.499;0.0;0.0;0.0;105.499;105.499;0.0;5.0;527.495
10;0;16;189.744;0.0;0.0;0.0;189.744;189.744;0.0;5.0;948.72
10;0;17;56.5;0.0;0.0;0.0;56.5;56.5;0.0;5.0;282.5
10;0;18;208.691;0.0;0.0;0.0;208.691;208.691;0.0;5.0;1043.455
10;0;19;73.695;0.0;0.0;0.0;73.695;73.695;0.0;5.0;368.47499999999997
10;0;20;233.487;0.0;0.0;0.0;233.487;233.487;0.0;5.0;1167.435
10;0;21;159.376;0.0;0.0;0.0;159.376;159.376;0.0;5.0;796.88
10;0;22;158.327;0.0;0.0;0.0;158.327;158.327;0.0;5.0;791.635
10;0;23;36.401;0.0;0.0;0.0;36.401;36.401;0.0;5.0;182.00500000000002
10;0;24;41.433;0.0;0.0;0.0;41.433;41.433;0.0;5.0;207.165
10;0;25;138.191;0.0;0.0;0.0;138.191;138.191;0.0;5.0;690.955
10;0;26;138.59300000000002;0.0;0.0;0.0;138.593;138.593;0.0;5.0;692.9649999999999
10;0;27;146.618;0.0;0.0;0.0;146.618;146.618;0.0;5.0;733.0899999999999
10;0;28;148.198;0.0;0.0;0.0;148.198;148.198;0.0;5.0;740.99
10;0;29;194.733;0.0;0.0;0.0;194.733;194.733;0.0;5.0;973.665
10;0;30;136.588;0.0;0.0;0.0;136.588;136.588;0.0;5.0;682.9399999999999
10;0;31;204.33100000000002;0.0;0.0;0.0;204.331;204.331;0.0;5.0;1021.655
10;0;32;201.489;0.0;0.0;0.0;201.489;201.489;0.0;5.0;1007.445
10;0;33;187.34099999999998;0.0;0.0;0.0;187.341;187.341;0.0;5.0;936.705
10;0;34;178.84;0.0;0.0;0.0;178.84;178.84;0.0;5.0;894.2
10;0;35;174.003;0.0;1.88962;0.0;172.11338;174.003;0.0;5.0;870.0149999999999
10;0;36;212.90699999999998;0.0;0.0;0.0;212.907;212.907;0.0;5.0;1064.535
10;0;37;113.43;0.0;19.12531;0.0;94.30469;113.43;0.0;5.0;567.1500000000001
10;0;38;161.872;0.0;35.21906;0.0;126.65294;161.872;0.0;5.0;809.3600000000001
10;0;39;158.618;0.0;19.53239;0.0;139.08561;158.618;0.0;5.0;793.0899999999999
10;0;40;159.882;0.0;0.0;0.0;159.882;159.882;0.0;5.0;799.4100000000001
10;0;41;177.869;0.0;0.0;0.0;177.869;177.869;0.0;5.0;889.345
10;0;42;186.34199999999998;0.0;0.0;0.0;186.342;186.342;0.0;5.0;931.71
10;0;43;183.324;0.0;0.0;0.0;183.324;183.324;0.0;5.0;916.6200000000001
10;0;44;193.12;0.0;0.0;0.0;193.12;193.12;0.0;5.0;965.6
10;0;45;191.04399999999998;0.0;0.0;0.0;191.044;191.044;0.0;5.0;955.22
10;0;46;173.454;0.0;0.0;0.0;173.454;173.454;0.0;5.0;867.27
10;0;47;162.904;0.0;0.0;0.0;162.904;162.904;0.0;5.0;814.52
10;0;48;109.973;0.0;0.0;0.0;109.973;109.973;0.0;5.0;549.865
10;0;49;117.476;0.0;0.0;0.0;117.476;117.476;0.0;5.0;587.38
10;0;50;113.73;0.0;0.0;0.0;113.73;113.73;0.0;5.0;568.65
10;0;51;117.16;0.0;0.0;0.0;117.16;117.16;0.0;5.0;585.8
10;0;52;117.02499999999999;0.0;0.0;0.0;117.025;117.025;0.0;5.0;585.125
10;0;53;119.28099999999999;0.0;0.0;0.0;119.281;119.281;0.0;5.0;596.405
10;0;54;123.72;0.0;0.0;0.0;123.72;123.72;0.0;5.0;618.6
10;0;55;170.392;0.0;0.0;0.0;170.392;170.392;0.0;5.0;851.96
10;0;56;192.666;0.0;0.0;0.0;192.666;192.666;0.0;5.0;963.3299999999999
10;0;57;148.409;0.0;0.0;0.0;148.409;148.409;0.0;5.0;742.045
10;0;58;133.959;0.0;0.0;0.0;133.959;133.959;0.0;5.0;669.7950000000001
10;0;59;128.151;0.0;1.00448;0.0;127.14652;128.151;0.0;5.0;640.7550000000001
10;0;60;110.546;0.0;0.0;0.0;110.546;110.546;0.0;5.0;552.73
10;0;61;103.404;0.0;0.0;0.0;103.404;103.404;0.0;5.0;517.02
10;0;62;99.712;0.0;0.0;0.0;99.712;99.712;0.0;5.0;498.56
10;0;63;103.06700000000001;0.0;0.75674;0.0;102.31026;103.067;0.0;5.0;515.3349999999999
10;0;64;103.592;0.0;1.85884;0.0;101.73316;103.592;0.0;5.0;517.96
10;0;65;99.64;0.0;0.0;0.0;99.64;99.64;0.0;5.0;498.2
10;0;66;115.55000000000001;0.0;0.0;0.0;115.55;115.55;0.0;5.0;577.75
10;0;67;219.023;0.0;0.0;0.0;219.023;219.023;0.0;5.0;1095.115
10;0;68;73.202;0.0;0.0;0.0;73.202;73.202;0.0;5.0;366.01
10;0;69;58.384;0.0;0.0;0.0;58.384;58.384;0.0;5.0;291.92
10;0;70;118.75399999999999;0.0;0.0;0.0;118.754;118.754;0.0;5.0;593.77
10;0;71;104.202;0.0;0.0;0.0;104.202;104.202;0.0;5.0;521.01
10;0;72;143.66;0.0;0.0;0.0;143.66;143.66;0.0;5.0;718.3
10;0;73;17.397;0.0;0.0;0.0;17.397;17.397;0.0;5.0;86.98499999999999
10;0;74;82.817;0.0;0.0;0.0;82.817;82.817;0.0;5.0;414.085
10;0;75;86.93100000000001;0.0;0.0;0.0;86.931;86.931;0.0;5.0;434.655
10;0;76;82.73;0.0;0.0;0.0;82.73;82.73;0.0;5.0;413.65000000000003
10;0;77;85.068;0.0;0.0;0.0;85.068;85.068;0.0;5.0;425.34
10;0;78;88.149;0.0;0.0;0.0;88.149;88.149;0.0;5.0;440.745
10;0;79;118.043;0.0;0.0;0.0;118.043;118.043;0.0;5.0;590.215
10;0;80;128.829;0.0;0.0;0.0;128.829;128.829;0.0;5.0;644.145
10;0;81;113.68799999999999;0.0;0.0;0.0;113.688;113.688;0.0;5.0;568.44
10;0;82;108.932;0.0;0.0;0.0;108.932;108.932;0.0;5.0;544.66
10;0;83;95.717;0.0;0.0;0.0;95.717;95.717;0.0;5.0;478.585
10;0;84;104.999;0.0;0.0;0.0;104.999;104.999;0.0;5.0;524.995
10;0;85;102.422;0.0;0.0;0.0;102.422;102.422;0.0;5.0;512.11
10;0;86;98.562;0.0;0.0;0.0;98.562;98.562;0.0;5.0;492.81
10;0;87;99.556;0.0;0.0;0.0;99.556;99.556;0.0;5.0;497.78
10;0;88;183.493;0.0;0.0;0.0;183.493;183.493;0.0;5.0;917.4649999999999
10;0;89;176.447;0.0;0.0;0.0;176.447;176.447;0.0;5.0;882.235
10;0;90;44.815;0.0;0.0;0.0;44.815;44.815;0.0;5.0;224.075
10;0;91;188.894;0.0;0.0;0.0;188.894;188.894;0.0;5.0;944.47
10;0;92;58.98;0.0;0.0;0.0;58.98;58.98;0.0;5.0;294.9
10;0;93;222.402;0.0;0.0;0.0;222.402;222.402;0.0;5.0;1112.01
10;0;94;50.693;0.0;0.0;0.0;50.693;50.693;0.0;5.0;253.46499999999997
10;0;95;212.054;0.0;0.0;0.0;212.054;212.054;0.0;5.0;1060.27
10;0;96;144.808;0.0;0.0;0.0;144.808;144.808;0.0;5.0;724.04
10;0;97;144.945;0.0;0.0;0.0;144.945;144.945;0.0;5.0;724.7249999999999
10;0;98;150.109;0.0;0.0;0.0;150.109;150.109;0.0;5.0;750.5450000000001
10;0;99;12.277;0.0;0.0;0.0;12.277;12.277;0.0;5.0;61.385
10;0;100;105.594;0.0;0.0;0.0;105.594;105.594;0.0;5.0;527.97
10;0;101;163.631;0.0;0.0;0.0;163.631;163.631;0.0;5.0;818.155
10;0;102;181.578;0.0;0.0;0.0;181.578;181.578;0.0;5.0;907.89
10;0;103;200.521;0.0;0.0;0.0;200.521;200.521;0.0;5.0;1002.6049999999999
10;0;104;195.691;0.0;0.0;0.0;195.691;195.691;0.0;5.0;978.455
10;0;105;201.353;0.0;0.0;0.0;201.353;201.353;0.0;5.0;1006.7650000000001
10;0;106;173.719;0.0;0.0;0.0;173.719;173.719;0.0;5.0;868.595
10;0;107;182.034;0.0;0.0;0.0;182.034;182.034;0.0;5.0;910.17
10;0;108;174.072;0.0;0.0;0.0;174.072;174.072;0.0;5.0;870.36
10;0;109;171.89999999999998;0.0;0.0;0.0;171.9;171.9;0.0;5.0;859.5
10;0;110;165.317;0.0;0.0;0.0;165.317;165.317;0.0;5.0;826.585
10;0;111;149.37;0.0;0.0;0.0;149.37;149.37;0.0;5.0;746.85
10;0;112;160.785;0.0;0.0;0.0;160.785;160.785;0.0;5.0;803.925
10;0;113;153.427;0.0;0.0;0.0;153.427;153.427;0.0;5.0;767.135
10;0;114;178.511;0.0;0.0;0.0;178.511;178.511;0.0;5.0;892.555
10;0;115;244.07999999999998;0.0;0.0;0.0;244.08;244.08;0.0;5.0;1220.4
10;0;116;241.394;0.0;0.0;0.0;241.394;241.394;0.0;5.0;1206.97
10;0;117;232.73399999999998;0.0;0.0;0.0;232.734;232.734;0.0;5.0;1163.67
10;0;118;172.399;0.0;0.0;0.0;172.399;172.399;0.0;5.0;861.995
10;0;119;175.287;0.0;0.0;0.0;175.287;175.287;0.0;5.0;876.4350000000001
10;0;120;7.503;0.0;0.0;0.0;7.503;7.503;0.0;5.0;37.515
10;0;121;96.478;0.0;0.0;0.0;96.478;96.478;0.0;5.0;482.39
10;0;122;161.141;0.0;0.0;0.0;161.141;161.141;0.0;5.0;805.7049999999999
10;0;123;162.324;0.0;0.0;0.0;162.324;162.324;0.0;5.0;811.6200000000001
10;0;124;161.81400000000002;0.0;0.0;0.0;161.814;161.814;0.0;5.0;809.0699999999999
10;0;125;170.54;0.0;0.0;0.0;170.54;170.54;0.0;5.0;852.6999999999999
10;0;126;189.945;0.0;0.0;0.0;189.945;189.945;0.0;5.0;949.7249999999999
10;0;127;216.44;0.0;0.0;0.0;216.44;216.44;0.0;5.0;1082.2
10;0;128;201.951;0.0;0.0;0.0;201.951;201.951;0.0;5.0;1009.755
10;0;129;194.021;0.0;0.0;0.0;194.021;194.021;0.0;5.0;970.1049999999999
10;0;130;177.772;0.0;0.0;0.0;177.772;177.772;0.0;5.0;888.8599999999999
10;0;131;181.043;0.0;0.0;0.0;181.043;181.043;0.0;5.0;905.215
10;0;132;166.188;0.0;0.0;0.0;166.188;166.188;0.0;5.0;830.9399999999999
10;0;133;154.075;0.0;0.0;0.0;154.075;154.075;0.0;5.0;770.375
10;0;134;202.27300000000002;0.0;0.0;0.0;202.273;202.273;0.0;5.0;1011.365
10;0;135;206.409;0.0;0.0;0.0;206.409;206.409;0.0;5.0;1032.045
10;0;136;221.459;0.0;0.0;0.0;221.459;221.459;0.0;5.0;1107.295
10;0;137;62.195;0.0;0.0;0.0;62.195;62.195;0.0;5.0;310.975
10;0;138;111.733;0.0;0.0;0.0;111.733;111.733;0.0;5.0;558.665
10;0;139;237.858;0.0;0.0;0.0;237.858;237.858;0.0;5.0;1189.29
10;0;140;236.292;0.0;0.0;0.0;236.292;236.292;0.0;5.0;1181.46
10;0;141;248.809;0.0;0.0;0.0;248.809;248.809;0.0;5.0;1244.045
10;0;142;255.62599999999998;0.0;0.0;0.0;255.626;255.626;0.0;5.0;1278.13
10;0;143;132.799;0.0;0.0;0.0;132.799;132.799;0.0;5.0;663.995
10;0;144;7.598;0.0;0.0;0.0;7.598;7.598;0.0;5.0;37.99
10;0;145;170.89700000000002;0.0;0.0;0.0;170.897;170.897;0.0;5.0;854.4849999999999
10;0;146;171.048;0.0;0.0;0.0;171.048;171.048;0.0;5.0;855.24
10;0;147;173.494;0.0;0.0;0.0;173.494;173.494;0.0;5.0;867.47
10;0;148;176.917;0.0;0.0;0.0;176.917;176.917;0.0;5.0;884.585
10;0;149;183.09;0.0;0.0;0.0;183.09;183.09;0.0;5.0;915.45
10;0;150;196.65099999999998;0.0;0.0;0.0;196.651;196.651;0.0;5.0;983.2550000000001
10;0;151;218.67200000000003;0.0;0.0;0.0;218.672;218.672;0.0;5.0;1093.36
10;0;152;216.226;0.0;0.0;0.0;216.226;216.226;0.0;5.0;1081.13
10;0;153;206.895;0.0;1.98681;0.0;204.90819;206.895;0.0;5.0;1034.4750000000001
10;0;154;193.968;0.0;15.9192;0.0;178.0488;193.968;0.0;5.0;969.8399999999999
10;0;155;181.623;0.0;0.0;0.0;181.623;181.623;0.0;5.0;908.115
10;0;156;175.565;0.0;14.86784;0.0;160.69716;175.565;0.0;5.0;877.825
10;0;157;150.649;0.0;0.0;0.0;150.649;150.649;0.0;5.0;753.245
10;0;158;141.983;0.0;0.0;0.0;141.983;141.983;0.0;5.0;709.915
10;0;159;146.373;0.0;0.0;0.0;146.373;146.373;0.0;5.0;731.865
10;0;160;210.113;0.0;0.0;0.0;210.113;210.113;0.0;5.0;1050.565
10;0;161;68.003;0.0;0.0;0.0;68.003;68.003;0.0;5.0;340.015
10;0;162;220.107;0.0;0.0;0.0;220.107;220.107;0.0;5.0;1100.535
10;0;163;224.211;0.0;0.0;0.0;224.211;224.211;0.0;5.0;1121.055
10;0;164;235.58499999999998;0.0;0.0;0.0;235.585;235.585;0.0;5.0;1177.925
10;0;165;117.725;0.0;0.0;0.0;117.725;117.725;0.0;5.0;588.625
10;0;166;239.369;0.0;0.0;0.0;239.369;239.369;0.0;5.0;1196.845
10;0;167;40.933;0.0;0.0;0.0;40.933;40.933;0.0;5.0;204.665
10;1;0;7.529;0.0;0.0;0.0;7.529;7.529;0.0;22.0;165.638
10;1;1;12.166;0.0;0.0;0.0;12.166;12.166;0.0;22.0;267.652
10;1;2;9.759;0.0;0.0;0.0;9.759;9.759;0.0;22.0;214.698
10;1;3;12.531;0.0;0.0;0.0;12.531;12.531;0.0;22.0;275.682
10;1;4;11.731;0.0;0.0;0.0;11.731;11.731;0.0;22.0;258.082
10;1;5;11.157;0.0;0.0;0.0;11.157;11.157;0.0;22.0;245.454
10;1;6;17.907;0.0;0.0;0.0;17.907;17.907;0.0;22.0;393.954
10;1;7;35.569;0.0;1.69383;0.0;33.87517;35.569;0.0;22.0;782.518
10;1;8;43.38;0.0;11.58677;0.0;31.79323;43.38;0.0;22.0;954.36
10;1;9;47.579;0.0;25.26529;0.0;22.31371;47.579;0.0;22.0;1046.738
10;1;10;56.187;0.0;40.89311;0.0;15.29389;56.187;0.0;22.0;1236.114
10;1;11;39.313;0.0;37.13638;0.0;2.17662;39.313;0.0;22.0;864.8860000000001
10;1;12;43.482;0.0;43.482;0.0;0.0;43.482;0.0;22.0;956.604
10;1;13;47.751;0.0;47.751;0.0;0.0;47.751;0.0;22.0;1050.522
10;1;14;41.271;0.0;37.45773;0.0;3.81327;41.271;0.0;22.0;907.962
10;1;15;39.599;0.0;24.87723;0.0;14.72177;39.599;0.0;22.0;871.1779999999999
10;1;16;46.57899999999999;0.0;17.10494;0.0;29.47406;46.579;0.0;22.0;1024.738
10;1;17;49.974;0.0;8.81949;0.0;41.15451;49.974;0.0;22.0;1099.4279999999999
10;1;18;89.84100000000001;0.0;0.0;0.0;89.841;89.841;0.0;22.0;1976.502
10;1;19;68.97;0.0;0.0;0.0;68.97;68.97;0.0;22.0;1517.34
10;1;20;69.913;0.0;0.0;0.0;69.913;69.913;0.0;22.0;1538.086
10;1;21;65.959;0.0;0.0;0.0;65.959;65.959;0.0;22.0;1451.098
10;1;22;63.839;0.0;0.0;0.0;63.839;63.839;0.0;22.0;1404.458
10;1;23;48.306;0.0;0.0;0.0;48.306;48.306;0.0;22.0;1062.732
10;1;24;8.453;0.0;0.0;0.0;8.453;8.453;0.0;22.0;185.96599999999998
10;1;25;10.145;0.0;0.0;0.0;10.145;10.145;0.0;22.0;223.19
10;1;26;12.148000000000001;0.0;0.0;0.0;12.148;12.148;0.0;22.0;267.256
10;1;27;11.071000000000002;0.0;0.0;0.0;11.071;11.071;0.0;22.0;243.56199999999998
10;1;28;11.745000000000001;0.0;0.0;0.0;11.745;11.745;0.0;22.0;258.39
10;1;29;18.617;0.0;0.0;0.0;18.617;18.617;0.0;22.0;409.574
10;1;30;15.305;0.0;0.0;0.0;15.305;15.305;0.0;22.0;336.71
10;1;31;46.998999999999995;0.0;0.0;0.0;46.999;46.999;0.0;22.0;1033.978
10;1;32;44.251999999999995;0.0;10.46135;0.0;33.79065;44.252;0.0;22.0;973.5440000000001
10;1;33;42.065999999999995;0.0;22.14556;0.0;19.92044;42.066;0.0;22.0;925.452
10;1;34;40.184;0.0;27.85574;0.0;12.32826;40.184;0.0;22.0;884.048
10;1;35;39.232;0.0;35.12619;0.0;4.10581;39.232;0.0;22.0;863.104
10;1;36;35.568999999999996;0.0;35.569;0.0;0.0;35.569;0.0;22.0;782.518
10;1;37;38.257999999999996;0.0;38.258;0.0;0.0;38.258;0.0;22.0;841.676
10;1;38;35.737;0.0;35.737;0.0;0.0;35.737;0.0;22.0;786.214
10;1;39;40.797;0.0;36.70138;0.0;4.09562;40.797;0.0;22.0;897.5339999999999
10;1;40;48.577;0.0;32.106;0.0;16.471;48.577;0.0;22.0;1068.694
10;1;41;104.54599999999999;0.0;11.91235;0.0;92.63365;104.546;0.0;22.0;2300.012
10;1;42;43.446;0.0;2.43477;0.0;41.01123;43.446;0.0;22.0;955.8119999999999
10;1;43;73.201;0.0;0.0;0.0;73.201;73.201;0.0;22.0;1610.4219999999998
10;1;44;65.368;0.0;0.0;0.0;65.368;65.368;0.0;22.0;1438.096
10;1;45;74.74;0.0;0.0;0.0;74.74;74.74;0.0;22.0;1644.28
10;1;46;79.871;0.0;0.0;0.0;79.871;79.871;0.0;22.0;1757.1619999999998
10;1;47;36.799;0.0;0.0;0.0;36.799;36.799;0.0;22.0;809.578
10;1;48;7.558;0.0;0.0;0.0;7.558;7.558;0.0;22.0;166.276
10;1;49;11.075;0.0;0.0;0.0;11.075;11.075;0.0;22.0;243.64999999999998
10;1;50;11.445;0.0;0.0;0.0;11.445;11.445;0.0;22.0;251.79000000000002
10;1;51;11.457;0.0;0.0;0.0;11.457;11.457;0.0;22.0;252.05400000000003
10;1;52;9.816;0.0;0.0;0.0;9.816;9.816;0.0;22.0;215.95200000000003
10;1;53;10.751;0.0;0.0;0.0;10.751;10.751;0.0;22.0;236.522
10;1;54;11.091;0.0;0.0;0.0;11.091;11.091;0.0;22.0;244.00199999999998
10;1;55;32.752;0.0;0.0;0.0;32.752;32.752;0.0;22.0;720.5440000000001
10;1;56;41.68;0.0;9.46491;0.0;32.21509;41.68;0.0;22.0;916.96
10;1;57;38.964;0.0;22.72153;0.0;16.24247;38.964;0.0;22.0;857.208
10;1;58;45.591;0.0;35.96464;0.0;9.62636;45.591;0.0;22.0;1003.0020000000001
10;1;59;48.321;0.0;48.321;0.0;0.0;48.321;0.0;22.0;1063.062
10;1;60;43.229;0.0;43.229;0.0;0.0;43.229;0.0;22.0;951.038
10;1;61;35.891999999999996;0.0;35.892;0.0;0.0;35.892;0.0;22.0;789.624
10;1;62;39.809999999999995;0.0;24.48819;0.0;15.32181;39.81;0.0;22.0;875.82
10;1;63;94.536;0.0;0.12542;0.0;94.41058;94.536;0.0;22.0;2079.792
10;1;64;33.06;0.0;13.49074;0.0;19.56926;33.06;0.0;22.0;727.32
10;1;65;37.919;0.0;10.84233;0.0;27.07667;37.919;0.0;22.0;834.218
10;1;66;50.193;0.0;0.0;0.0;50.193;50.193;0.0;22.0;1104.2459999999999
10;1;67;60.729;0.0;0.0;0.0;60.729;60.729;0.0;22.0;1336.038
10;1;68;79.498;0.0;0.0;0.0;79.498;79.498;0.0;22.0;1748.9560000000001
10;1;69;71.926;0.0;0.0;0.0;71.926;71.926;0.0;22.0;1582.372
10;1;70;54.205;0.0;0.0;0.0;54.205;54.205;0.0;22.0;1192.51
10;1;71;47.046;0.0;0.0;0.0;47.046;47.046;0.0;22.0;1035.012
10;1;72;7.482;0.0;0.0;0.0;7.482;7.482;0.0;22.0;164.604
10;1;73;11.424;0.0;0.0;0.0;11.424;11.424;0.0;22.0;251.32799999999997
10;1;74;10.566;0.0;0.0;0.0;10.566;10.566;0.0;22.0;232.45200000000003
10;1;75;10.401;0.0;0.0;0.0;10.401;10.401;0.0;22.0;228.822
10;1;76;11.218;0.0;0.0;0.0;11.218;11.218;0.0;22.0;246.796
10;1;77;14.061;0.0;0.0;0.0;14.061;14.061;0.0;22.0;309.342
10;1;78;14.356;0.0;0.0;0.0;14.356;14.356;0.0;22.0;315.832
10;1;79;16.242;0.0;1.2543;0.0;14.9877;16.242;0.0;22.0;357.324
10;1;80;36.68;0.0;23.66751;0.0;13.01249;36.68;0.0;22.0;806.96
10;1;81;51.64;0.0;51.64;0.0;0.0;51.64;0.0;22.0;1136.08
10;1;82;48.760000000000005;0.0;48.76;0.0;0.0;48.76;0.0;22.0;1072.72
10;1;83;43.911;0.0;43.911;0.0;0.0;43.911;0.0;22.0;966.042
10;1;84;41.477000000000004;0.0;41.477;0.0;0.0;41.477;0.0;22.0;912.4939999999999
10;1;85;34.893;0.0;34.893;0.0;0.0;34.893;0.0;22.0;767.646
10;1;86;43.58;0.0;43.58;0.0;0.0;43.58;0.0;22.0;958.76
10;1;87;84.25;0.0;66.13393;0.0;18.11607;84.25;0.0;22.0;1853.5
10;1;88;39.183;0.0;35.06505;0.0;4.11795;39.183;0.0;22.0;862.026
10;1;89;45.756;0.0;18.0006;0.0;27.7554;45.756;0.0;22.0;1006.6320000000001
10;1;90;38.544;0.0;4.3154;0.0;34.2286;38.544;0.0;22.0;847.968
10;1;91;58.075;0.0;0.0;0.0;58.075;58.075;0.0;22.0;1277.65
10;1;92;60.634;0.0;0.0;0.0;60.634;60.634;0.0;22.0;1333.948
10;1;93;48.063;0.0;0.0;0.0;48.063;48.063;0.0;22.0;1057.386
10;1;94;52.452;0.0;0.0;0.0;52.452;52.452;0.0;22.0;1153.944
10;1;95;40.887;0.0;0.0;0.0;40.887;40.887;0.0;22.0;899.514
10;1;96;7.412;0.0;0.0;0.0;7.412;7.412;0.0;22.0;163.064
10;1;97;11.068;0.0;0.0;0.0;11.068;11.068;0.0;22.0;243.49599999999998
10;1;98;10.624;0.0;0.0;0.0;10.624;10.624;0.0;22.0;233.728
10;1;99;10.421;0.0;0.0;0.0;10.421;10.421;0.0;22.0;229.262
10;1;100;9.254;0.0;0.0;0.0;9.254;9.254;0.0;22.0;203.588
10;1;101;11.839;0.0;0.0;0.0;11.839;11.839;0.0;22.0;260.458
10;1;102;15.644;0.0;0.0;0.0;15.644;15.644;0.0;22.0;344.168
10;1;103;22.949;0.0;0.44653;0.0;22.50247;22.949;0.0;22.0;504.87800000000004
10;1;104;30.946;0.0;5.45338;0.0;25.49262;30.946;0.0;22.0;680.812
10;1;105;51.221;0.0;9.04387;0.0;42.17713;51.221;0.0;22.0;1126.8619999999999
10;1;106;48.431999999999995;0.0;24.61503;0.0;23.81697;48.432;0.0;22.0;1065.5040000000001
10;1;107;51.684000000000005;0.0;48.39518;0.0;3.28882;51.684;0.0;22.0;1137.048
10;1;108;52.231;0.0;52.231;0.0;0.0;52.231;0.0;22.0;1149.082
10;1;109;48.489;0.0;44.08718;0.0;4.40182;48.489;0.0;22.0;1066.758
10;1;110;55.886;0.0;19.7592;0.0;36.1268;55.886;0.0;22.0;1229.492
10;1;111;50.448;0.0;15.35513;0.0;35.09287;50.448;0.0;22.0;1109.856
10;1;112;46.586;0.0;11.28931;0.0;35.29669;46.586;0.0;22.0;1024.892
10;1;113;98.589;0.0;1.62738;0.0;96.96162;98.589;0.0;22.0;2168.958
10;1;114;46.632;0.0;1.70622;0.0;44.92578;46.632;0.0;22.0;1025.904
10;1;115;60.103;0.0;0.0;0.0;60.103;60.103;0.0;22.0;1322.266
10;1;116;61.515;0.0;0.0;0.0;61.515;61.515;0.0;22.0;1353.33
10;1;117;55.863;0.0;0.0;0.0;55.863;55.863;0.0;22.0;1228.9859999999999
10;1;118;63.102;0.0;0.0;0.0;63.102;63.102;0.0;22.0;1388.244
10;1;119;41.108;0.0;0.0;0.0;41.108;41.108;0.0;22.0;904.376
10;1;120;7.619;0.0;0.0;0.0;7.619;7.619;0.0;22.0;167.618
10;1;121;11.147;0.0;0.0;0.0;11.147;11.147;0.0;22.0;245.234
10;1;122;9.85;0.0;0.0;0.0;9.85;9.85;0.0;22.0;216.7
10;1;123;11.929;0.0;0.0;0.0;11.929;11.929;0.0;22.0;262.438
10;1;124;10.074;0.0;0.0;0.0;10.074;10.074;0.0;22.0;221.628
10;1;125;13.56;0.0;0.0;0.0;13.56;13.56;0.0;22.0;298.32
10;1;126;12.101;0.0;0.0;0.0;12.101;12.101;0.0;22.0;266.22200000000004
10;1;127;43.804;0.0;0.0;0.0;43.804;43.804;0.0;22.0;963.6880000000001
10;1;128;41.745;0.0;9.93009;0.0;31.81491;41.745;0.0;22.0;918.39
10;1;129;41.439;0.0;21.94985;0.0;19.48915;41.439;0.0;22.0;911.658
10;1;130;43.111;0.0;33.08805;0.0;10.02295;43.111;0.0;22.0;948.4419999999999
10;1;131;35.573;0.0;34.63138;0.0;0.94162;35.573;0.0;22.0;782.606
10;1;132;44.571;0.0;44.571;0.0;0.0;44.571;0.0;22.0;980.5619999999999
10;1;133;35.018;0.0;35.018;0.0;0.0;35.018;0.0;22.0;770.396
10;1;134;38.909;0.0;29.68116;0.0;9.22784;38.909;0.0;22.0;855.9979999999999
10;1;135;34.046;0.0;19.02143;0.0;15.02457;34.046;0.0;22.0;749.012
10;1;136;42.304;0.0;17.71019;0.0;24.59381;42.304;0.0;22.0;930.6880000000001
10;1;137;94.893;0.0;10.95255;0.0;83.94045;94.893;0.0;22.0;2087.646
10;1;138;47.493;0.0;1.07179;0.0;46.42121;47.493;0.0;22.0;1044.846
10;1;139;74.199;0.0;0.0;0.0;74.199;74.199;0.0;22.0;1632.378
10;1;140;71.958;0.0;0.0;0.0;71.958;71.958;0.0;22.0;1583.076
10;1;141;78.264;0.0;0.0;0.0;78.264;78.264;0.0;22.0;1721.808
10;1;142;57.149;0.0;0.0;0.0;57.149;57.149;0.0;22.0;1257.278
10;1;143;58.087;0.0;0.0;0.0;58.087;58.087;0.0;22.0;1277.914
10;1;144;7.461;0.0;0.0;0.0;7.461;7.461;0.0;22.0;164.142
10;1;145;12.297;0.0;0.0;0.0;12.297;12.297;0.0;22.0;270.534
10;1;146;11.135;0.0;0.0;0.0;11.135;11.135;0.0;22.0;244.97
10;1;147;11.104;0.0;0.0;0.0;11.104;11.104;0.0;22.0;244.28799999999998
10;1;148;9.835;0.0;0.0;0.0;9.835;9.835;0.0;22.0;216.37
10;1;149;11.968;0.0;0.0;0.0;11.968;11.968;0.0;22.0;263.296
10;1;150;14.53;0.0;0.0;0.0;14.53;14.53;0.0;22.0;319.65999999999997
10;1;151;37.994;0.0;0.0;0.0;37.994;37.994;0.0;22.0;835.8679999999999
10;1;152;41.161;0.0;9.68236;0.0;31.47864;41.161;0.0;22.0;905.542
10;1;153;48.001;0.0;26.06798;0.0;21.93302;48.001;0.0;22.0;1056.022
10;1;154;37.653;0.0;29.40366;0.0;8.24934;37.653;0.0;22.0;828.366
10;1;155;41.378;0.0;40.53604;0.0;0.84196;41.378;0.0;22.0;910.316
10;1;156;45.703;0.0;45.703;0.0;0.0;45.703;0.0;22.0;1005.4660000000001
10;1;157;48.095;0.0;48.095;0.0;0.0;48.095;0.0;22.0;1058.09
10;1;158;40.561;0.0;31.74552;0.0;8.81548;40.561;0.0;22.0;892.342
10;1;159;116.4;0.0;34.00011;0.0;82.39989;116.4;0.0;22.0;2560.8
10;1;160;46.533;0.0;24.16257;0.0;22.37043;46.533;0.0;22.0;1023.726
10;1;161;49.835;0.0;7.71242;0.0;42.12258;49.835;0.0;22.0;1096.3700000000001
10;1;162;48.327;0.0;3.8879;0.0;44.4391;48.327;0.0;22.0;1063.194
10;1;163;86.572;0.0;0.0;0.0;86.572;86.572;0.0;22.0;1904.584
10;1;164;73.365;0.0;0.0;0.0;73.365;73.365;0.0;22.0;1614.03
10;1;165;70.574;0.0;0.0;0.0;70.574;70.574;0.0;22.0;1552.628
10;1;166;68.77;0.0;0.0;0.0;68.77;68.77;0.0;22.0;1512.9399999999998
10;1;167;55.211;0.0;0.0;0.0;55.211;55.211;0.0;22.0;1214.642
10;2;0;7.519;0.0;0.0;0.0;7.519;7.519;0.0;10.0;75.19
10;2;1;19.89;0.0;0.0;0.0;19.89;19.89;0.0;10.0;198.9
10;2;2;155.04500000000002;0.0;0.0;0.0;155.045;155.045;0.0;10.0;1550.4499999999998
10;2;3;12.89;0.0;0.0;0.0;12.89;12.89;0.0;10.0;128.9
10;2;4;65.099;0.0;0.0;0.0;65.099;65.099;0.0;10.0;650.99
10;2;5;159.533;0.0;0.0;0.0;159.533;159.533;0.0;10.0;1595.33
10;2;6;19.58;0.0;0.0;0.0;19.58;19.58;0.0;10.0;195.79999999999998
10;2;7;61.647;0.0;0.0;0.0;61.647;61.647;0.0;10.0;616.47
10;2;8;60.949;0.0;1.88892;0.0;59.06008;60.949;0.0;10.0;609.49
10;2;9;109.814;0.0;33.84821;0.0;75.96579;109.814;0.0;10.0;1098.1399999999999
10;2;10;95.371;0.0;49.87416;0.0;45.49684;95.371;0.0;10.0;953.7099999999999
10;2;11;88.64;0.0;65.74553;0.0;22.89447;88.64;0.0;10.0;886.4
10;2;12;75.092;0.0;67.60588;0.0;7.48612;75.092;0.0;10.0;750.92
10;2;13;65.118;0.0;34.79566;0.0;30.32234;65.118;0.0;10.0;651.18
10;2;14;73.77;0.0;10.7789;0.0;62.9911;73.77;0.0;10.0;737.6999999999999
10;2;15;96.05199999999999;0.0;5.25613;0.0;90.79587;96.052;0.0;10.0;960.5200000000001
10;2;16;190.763;0.0;8.90154;0.0;181.86146;190.763;0.0;10.0;1907.63
10;2;17;87.33;0.0;0.0;0.0;87.33;87.33;0.0;10.0;873.3
10;2;18;56.416;0.0;0.0;0.0;56.416;56.416;0.0;10.0;564.16
10;2;19;153.99599999999998;0.0;0.0;0.0;153.996;153.996;0.0;10.0;1539.96
10;2;20;115.822;0.0;0.0;0.0;115.822;115.822;0.0;10.0;1158.22
10;2;21;61.892;0.0;0.0;0.0;61.892;61.892;0.0;10.0;618.9200000000001
10;2;22;171.893;0.0;0.0;0.0;171.893;171.893;0.0;10.0;1718.93
10;2;23;71.03;0.0;0.0;0.0;71.03;71.03;0.0;10.0;710.3
10;2;24;7.566;0.0;0.0;0.0;7.566;7.566;0.0;10.0;75.66
10;2;25;11.725;0.0;0.0;0.0;11.725;11.725;0.0;10.0;117.25
10;2;26;174.59699999999998;0.0;0.0;0.0;174.597;174.597;0.0;10.0;1745.97
10;2;27;10.748;0.0;0.0;0.0;10.748;10.748;0.0;10.0;107.47999999999999
10;2;28;177.101;0.0;0.0;0.0;177.101;177.101;0.0;10.0;1771.01
10;2;29;29.067999999999998;0.0;0.0;0.0;29.068;29.068;0.0;10.0;290.68
10;2;30;124.35799999999999;0.0;0.0;0.0;124.358;124.358;0.0;10.0;1243.58
10;2;31;148.944;0.0;0.0;0.0;148.944;148.944;0.0;10.0;1489.4399999999998
10;2;32;161.168;0.0;9.0498;0.0;152.1182;161.168;0.0;10.0;1611.68
10;2;33;137.997;0.0;34.95336;0.0;103.04364;137.997;0.0;10.0;1379.9700000000003
10;2;34;121.38900000000001;0.0;59.15341;0.0;62.23559;121.389;0.0;10.0;1213.8899999999999
10;2;35;110.452;0.0;77.19492;0.0;33.25708;110.452;0.0;10.0;1104.52
10;2;36;92.831;0.0;76.91266;0.0;15.91834;92.831;0.0;10.0;928.3100000000001
10;2;37;77.97999999999999;0.0;49.35881;0.0;28.62119;77.98;0.0;10.0;779.8000000000001
10;2;38;68.529;0.0;23.63945;0.0;44.88955;68.529;0.0;10.0;685.29
10;2;39;54.305;0.0;22.65969;0.0;31.64531;54.305;0.0;10.0;543.05
10;2;40;185.116;0.0;11.01272;0.0;174.10328;185.116;0.0;10.0;1851.16
10;2;41;105.989;0.0;0.00026;0.0;105.98874;105.989;0.0;10.0;1059.89
10;2;42;95.95400000000001;0.0;0.0;0.0;95.954;95.954;0.0;10.0;959.54
10;2;43;95.446;0.0;0.0;0.0;95.446;95.446;0.0;10.0;954.46
10;2;44;102.02000000000001;0.0;0.0;0.0;102.02;102.02;0.0;10.0;1020.1999999999999
10;2;45;95.089;0.0;0.0;0.0;95.089;95.089;0.0;10.0;950.89
10;2;46;56.144;0.0;0.0;0.0;56.144;56.144;0.0;10.0;561.4399999999999
10;2;47;43.666;0.0;0.0;0.0;43.666;43.666;0.0;10.0;436.65999999999997
10;2;48;7.554;0.0;0.0;0.0;7.554;7.554;0.0;10.0;75.54
10;2;49;9.184;0.0;0.0;0.0;9.184;9.184;0.0;10.0;91.83999999999999
10;2;50;50.120999999999995;0.0;0.0;0.0;50.121;50.121;0.0;10.0;501.21000000000004
10;2;51;51.363;0.0;0.0;0.0;51.363;51.363;0.0;10.0;513.63
10;2;52;52.062999999999995;0.0;0.0;0.0;52.063;52.063;0.0;10.0;520.63
10;2;53;53.957;0.0;0.0;0.0;53.957;53.957;0.0;10.0;539.57
10;2;54;53.512;0.0;0.0;0.0;53.512;53.512;0.0;10.0;535.12
10;2;55;88.764;0.0;0.0;0.0;88.764;88.764;0.0;10.0;887.64
10;2;56;105.476;0.0;0.0;0.0;105.476;105.476;0.0;10.0;1054.76
10;2;57;80.095;0.0;0.0;0.0;80.095;80.095;0.0;10.0;800.95
10;2;58;76.13300000000001;0.0;0.0;0.0;76.133;76.133;0.0;10.0;761.3299999999999
10;2;59;66.46000000000001;0.0;0.0;0.0;66.46;66.46;0.0;10.0;664.5999999999999
10;2;60;59.849000000000004;0.0;0.00017;0.0;59.84883;59.849;0.0;10.0;598.49
10;2;61;48.428;0.0;0.0;0.0;48.428;48.428;0.0;10.0;484.28
10;2;62;56.143;0.0;0.0;0.0;56.143;56.143;0.0;10.0;561.4300000000001
10;2;63;50.302;0.0;0.0;0.0;50.302;50.302;0.0;10.0;503.02
10;2;64;79.084;0.0;0.0;0.0;79.084;79.084;0.0;10.0;790.84
10;2;65;194.762;0.0;0.0;0.0;194.762;194.762;0.0;10.0;1947.62
10;2;66;64.171;0.0;0.0;0.0;64.171;64.171;0.0;10.0;641.71
10;2;67;73.569;0.0;0.0;0.0;73.569;73.569;0.0;10.0;735.69
10;2;68;85.975;0.0;0.0;0.0;85.975;85.975;0.0;10.0;859.75
10;2;69;69.631;0.0;0.0;0.0;69.631;69.631;0.0;10.0;696.31
10;2;70;62.278;0.0;0.0;0.0;62.278;62.278;0.0;10.0;622.78
10;2;71;33.443;0.0;0.0;0.0;33.443;33.443;0.0;10.0;334.42999999999995
10;2;72;10.713;0.0;0.0;0.0;10.713;10.713;0.0;10.0;107.13
10;2;73;49.127;0.0;0.0;0.0;49.127;49.127;0.0;10.0;491.27000000000004
10;2;74;46.968;0.0;0.0;0.0;46.968;46.968;0.0;10.0;469.68000000000006
10;2;75;51.222;0.0;0.0;0.0;51.222;51.222;0.0;10.0;512.22
10;2;76;49.894000000000005;0.0;0.0;0.0;49.894;49.894;0.0;10.0;498.94
10;2;77;50.321;0.0;0.0;0.0;50.321;50.321;0.0;10.0;503.21
10;2;78;52.436;0.0;0.0;0.0;52.436;52.436;0.0;10.0;524.36
10;2;79;81.36699999999999;0.0;0.0;0.0;81.367;81.367;0.0;10.0;813.6700000000001
10;2;80;96.676;0.0;0.0003;0.0;96.6757;96.676;0.0;10.0;966.76
10;2;81;88.693;0.0;5.75881;0.0;82.93419;88.693;0.0;10.0;886.93
10;2;82;76.324;0.0;0.0;0.0;76.324;76.324;0.0;10.0;763.24
10;2;83;65.644;0.0;16.27408;0.0;49.36992;65.644;0.0;10.0;656.44
10;2;84;63.631;0.0;44.15964;0.0;19.47136;63.631;0.0;10.0;636.31
10;2;85;60.443;0.0;21.70906;0.0;38.73394;60.443;0.0;10.0;604.43
10;2;86;178.48100000000002;0.0;0.0;0.0;178.481;178.481;0.0;10.0;1784.81
10;2;87;78.00200000000001;0.0;0.0;0.0;78.002;78.002;0.0;10.0;780.02
10;2;88;42.167;0.0;0.0;0.0;42.167;42.167;0.0;10.0;421.67
10;2;89;57.259;0.0;0.00012;0.0;57.25888;57.259;0.0;10.0;572.59
10;2;90;66.474;0.0;0.0;0.0;66.474;66.474;0.0;10.0;664.74
10;2;91;67.656;0.0;0.0;0.0;67.656;67.656;0.0;10.0;676.5600000000001
10;2;92;205.607;0.0;0.0;0.0;205.607;205.607;0.0;10.0;2056.07
10;2;93;92.985;0.0;0.0;0.0;92.985;92.985;0.0;10.0;929.85
10;2;94;60.145;0.0;0.0;0.0;60.145;60.145;0.0;10.0;601.45
10;2;95;93.283;0.0;0.0;0.0;93.283;93.283;0.0;10.0;932.83
10;2;96;7.501;0.0;0.0;0.0;7.501;7.501;0.0;10.0;75.01
10;2;97;15.296;0.0;0.0;0.0;15.296;15.296;0.0;10.0;152.95999999999998
10;2;98;82.33699999999999;0.0;0.0;0.0;82.337;82.337;0.0;10.0;823.37
10;2;99;162.05499999999998;0.0;0.0;0.0;162.055;162.055;0.0;10.0;1620.5500000000002
10;2;100;82.606;0.0;0.0;0.0;82.606;82.606;0.0;10.0;826.06
10;2;101;12.258;0.0;0.0;0.0;12.258;12.258;0.0;10.0;122.57999999999998
10;2;102;103.81099999999999;0.0;0.0;0.0;103.811;103.811;0.0;10.0;1038.1100000000001
10;2;103;117.18599999999999;0.0;0.0;0.0;117.186;117.186;0.0;10.0;1171.8600000000001
10;2;104;134.084;0.0;1.234;0.0;132.85;134.084;0.0;10.0;1340.8400000000001
10;2;105;125.84200000000001;0.0;25.59655;0.0;100.24545;125.842;0.0;10.0;1258.42
10;2;106;113.15;0.0;22.20959;0.0;90.94041;113.15;0.0;10.0;1131.5
10;2;107;118.554;0.0;8.1793;0.0;110.3747;118.554;0.0;10.0;1185.54
10;2;108;113.197;0.0;24.80499;0.0;88.39201;113.197;0.0;10.0;1131.97
10;2;109;152.536;0.0;25.29015;0.0;127.24585;152.536;0.0;10.0;1525.3600000000001
10;2;110;40.867;0.0;6.55639;0.0;34.31061;40.867;0.0;10.0;408.66999999999996
10;2;111;97.364;0.0;0.0;0.0;97.364;97.364;0.0;10.0;973.6400000000001
10;2;112;117.662;0.0;0.0;0.0;117.662;117.662;0.0;10.0;1176.6200000000001
10;2;113;107.941;0.0;0.0;0.0;107.941;107.941;0.0;10.0;1079.41
10;2;114;125.92500000000001;0.0;0.0;0.0;125.925;125.925;0.0;10.0;1259.25
10;2;115;130.518;0.0;0.0;0.0;130.518;130.518;0.0;10.0;1305.18
10;2;116;138.776;0.0;0.0;0.0;138.776;138.776;0.0;10.0;1387.7600000000002
10;2;117;124.55000000000001;0.0;0.0;0.0;124.55;124.55;0.0;10.0;1245.5
10;2;118;119.97200000000001;0.0;0.0;0.0;119.972;119.972;0.0;10.0;1199.72
10;2;119;194.10500000000002;0.0;0.0;0.0;194.105;194.105;0.0;10.0;1941.05
10;2;120;7.595;0.0;0.0;0.0;7.595;7.595;0.0;10.0;75.95
10;2;121;152.14800000000002;0.0;0.0;0.0;152.148;152.148;0.0;10.0;1521.48
10;2;122;9.93;0.0;0.0;0.0;9.93;9.93;0.0;10.0;99.3
10;2;123;90.219;0.0;0.0;0.0;90.219;90.219;0.0;10.0;902.1899999999999
10;2;124;93.236;0.0;0.0;0.0;93.236;93.236;0.0;10.0;932.36
10;2;125;93.95400000000001;0.0;0.0;0.0;93.954;93.954;0.0;10.0;939.54
10;2;126;109.836;0.0;0.0;0.0;109.836;109.836;0.0;10.0;1098.36
10;2;127;132.75;0.0;0.0;0.0;132.75;132.75;0.0;10.0;1327.5
10;2;128;149.552;0.0;0.0;0.0;149.552;149.552;0.0;10.0;1495.52
10;2;129;120.64699999999999;0.0;0.0;0.0;120.647;120.647;0.0;10.0;1206.47
10;2;130;117.006;0.0;0.0;0.0;117.006;117.006;0.0;10.0;1170.06
10;2;131;102.625;0.0;0.0;0.0;102.625;102.625;0.0;10.0;1026.25
10;2;132;97.10900000000001;0.0;10.16079;0.0;86.94821;97.109;0.0;10.0;971.0899999999999
10;2;133;90.481;0.0;18.86542;0.0;71.61558;90.481;0.0;10.0;904.81
10;2;134;175.979;0.0;0.0;0.0;175.979;175.979;0.0;10.0;1759.7900000000002
10;2;135;144.575;0.0;0.0;0.0;144.575;144.575;0.0;10.0;1445.75
10;2;136;54.745;0.0;0.0;0.0;54.745;54.745;0.0;10.0;547.4499999999999
10;2;137;59.686;0.0;0.0;0.0;59.686;59.686;0.0;10.0;596.86
10;2;138;63.869;0.0;0.0;0.0;63.869;63.869;0.0;10.0;638.69
10;2;139;230.29999999999998;0.0;0.0;0.0;230.3;230.3;0.0;10.0;2303.0
10;2;140;82.592;0.0;0.0;0.0;82.592;82.592;0.0;10.0;825.92
10;2;141;76.027;0.0;0.0;0.0;76.027;76.027;0.0;10.0;760.27
10;2;142;192.575;0.0;0.0;0.0;192.575;192.575;0.0;10.0;1925.75
10;2;143;47.912;0.0;0.0;0.0;47.912;47.912;0.0;10.0;479.12
10;2;144;78.465;0.0;0.0;0.0;78.465;78.465;0.0;10.0;784.6500000000001
10;2;145;86.381;0.0;0.0;0.0;86.381;86.381;0.0;10.0;863.81
10;2;146;87.869;0.0;0.0;0.0;87.869;87.869;0.0;10.0;878.69
10;2;147;88.968;0.0;0.0;0.0;88.968;88.968;0.0;10.0;889.6800000000001
10;2;148;90.92;0.0;0.0;0.0;90.92;90.92;0.0;10.0;909.2
10;2;149;89.267;0.0;0.0;0.0;89.267;89.267;0.0;10.0;892.67
10;2;150;105.237;0.0;0.0;0.0;105.237;105.237;0.0;10.0;1052.37
10;2;151;133.546;0.0;0.0;0.0;133.546;133.546;0.0;10.0;1335.46
10;2;152;122.781;0.0;0.0;0.0;122.781;122.781;0.0;10.0;1227.81
10;2;153;119.13;0.0;0.0;0.0;119.13;119.13;0.0;10.0;1191.3
10;2;154;126.32900000000001;0.0;0.0;0.0;126.329;126.329;0.0;10.0;1263.29
10;2;155;102.195;0.0;0.0;0.0;102.195;102.195;0.0;10.0;1021.9499999999999
10;2;156;98.033;0.0;0.0;0.0;98.033;98.033;0.0;10.0;980.33
10;2;157;105.479;0.0;0.0;0.0;105.479;105.479;0.0;10.0;1054.79
10;2;158;85.828;0.0;0.0;0.0;85.828;85.828;0.0;10.0;858.28
10;2;159;75.1;0.0;0.0;0.0;75.1;75.1;0.0;10.0;751.0
10;2;160;90.39699999999999;0.0;0.0;0.0;90.397;90.397;0.0;10.0;903.97
10;2;161;96.00800000000001;0.0;0.0;0.0;96.008;96.008;0.0;10.0;960.0799999999999
10;2;162;106.905;0.0;0.0;0.0;106.905;106.905;0.0;10.0;1069.05
10;2;163;111.751;0.0;0.0;0.0;111.751;111.751;0.0;10.0;1117.51
10;2;164;111.779;0.0;0.0;0.0;111.779;111.779;0.0;10.0;1117.79
10;2;165;111.095;0.0;0.0;0.0;111.095;111.095;0.0;10.0;1110.95
10;2;166;115.043;0.0;0.0;0.0;115.043;115.043;0.0;10.0;1150.43
10;2;167;163.78300000000002;0.0;0.0;0.0;163.783;163.783;0.0;10.0;1637.83
10;3;0;90.119;0.0;0.0;0.0;90.119;90.119;0.0;15.0;1351.785
10;3;1;175.45999999999998;0.0;0.0;0.0;175.46;175.46;0.0;15.0;2631.9
10;3;2;175.066;0.0;0.0;0.0;175.066;175.066;0.0;15.0;2625.9900000000002
10;3;3;177.391;0.0;0.0;0.0;177.391;177.391;0.0;15.0;2660.865
10;3;4;198.678;0.0;0.0;0.0;198.678;198.678;0.0;15.0;2980.17
10;3;5;167.243;0.0;0.0;0.0;167.243;167.243;0.0;15.0;2508.645
10;3;6;206.47899999999998;0.0;0.0;0.0;206.479;206.479;0.0;15.0;3097.1850000000004
10;3;7;232.99900000000002;0.0;0.0;0.0;232.999;232.999;0.0;15.0;3494.985
10;3;8;237.03500000000003;0.0;0.0;0.0;237.035;237.035;0.0;15.0;3555.525
10;3;9;215.593;0.0;0.0;0.0;215.593;215.593;0.0;15.0;3233.895
10;3;10;207.77100000000002;0.0;0.0;0.0;207.771;207.771;0.0;15.0;3116.5649999999996
10;3;11;188.646;0.0;0.0;0.0;188.646;188.646;0.0;15.0;2829.6899999999996
10;3;12;187.24;0.0;0.0;0.0;187.24;187.24;0.0;15.0;2808.6000000000004
10;3;13;172.69;0.0;18.33588;0.0;154.35412;172.69;0.0;15.0;2590.35
10;3;14;207.13;0.0;16.22982;0.0;190.90018;207.13;0.0;15.0;3106.95
10;3;15;200.024;0.0;0.0;0.0;200.024;200.024;0.0;15.0;3000.36
10;3;16;224.535;0.0;0.0;0.0;224.535;224.535;0.0;15.0;3368.025
10;3;17;153.976;0.0;0.0;0.0;153.976;153.976;0.0;15.0;2309.64
10;3;18;234.642;0.0;0.0;0.0;234.642;234.642;0.0;15.0;3519.63
10;3;19;72.949;0.0;0.0;0.0;72.949;72.949;0.0;15.0;1094.235
10;3;20;145.221;0.0;0.0;0.0;145.221;145.221;0.0;15.0;2178.315
10;3;21;220.87099999999998;0.0;0.0;0.0;220.871;220.871;0.0;15.0;3313.065
10;3;22;251.171;0.0;0.0;0.0;251.171;251.171;0.0;15.0;3767.565
10;3;23;242.574;0.0;0.0;0.0;242.574;242.574;0.0;15.0;3638.61
10;3;24;195.88400000000001;0.0;0.0;0.0;195.884;195.884;0.0;15.0;2938.2599999999998
10;3;25;64.621;0.0;0.0;0.0;64.621;64.621;0.0;15.0;969.3149999999999
10;3;26;179.516;0.0;0.0;0.0;179.516;179.516;0.0;15.0;2692.74
10;3;27;181.05;0.0;0.0;0.0;181.05;181.05;0.0;15.0;2715.75
10;3;28;185.72500000000002;0.0;0.0;0.0;185.725;185.725;0.0;15.0;2785.875
10;3;29;190.78;0.0;0.0;0.0;190.78;190.78;0.0;15.0;2861.7
10;3;30;204.20000000000002;0.0;0.0;0.0;204.2;204.2;0.0;15.0;3063.0
10;3;31;233.75799999999998;0.0;0.0;0.0;233.758;233.758;0.0;15.0;3506.3700000000003
10;3;32;232.37099999999998;0.0;0.0;0.0;232.371;232.371;0.0;15.0;3485.565
10;3;33;223.04000000000002;0.0;0.0;0.0;223.04;223.04;0.0;15.0;3345.6
10;3;34;209.551;0.0;0.0;0.0;209.551;209.551;0.0;15.0;3143.265
10;3;35;188.965;0.0;0.0;0.0;188.965;188.965;0.0;15.0;2834.475
10;3;36;196.5;0.0;0.0;0.0;196.5;196.5;0.0;15.0;2947.5
10;3;37;187.78699999999998;0.0;0.0;0.0;187.787;187.787;0.0;15.0;2816.8050000000003
10;3;38;198.631;0.0;0.0;0.0;198.631;198.631;0.0;15.0;2979.465
10;3;39;199.895;0.0;0.0;0.0;199.895;199.895;0.0;15.0;2998.425
10;3;40;213.02100000000002;0.0;0.0;0.0;213.021;213.021;0.0;15.0;3195.3149999999996
10;3;41;218.32399999999998;0.0;0.0;0.0;218.324;218.324;0.0;15.0;3274.86
10;3;42;230.23700000000002;0.0;0.0;0.0;230.237;230.237;0.0;15.0;3453.555
10;3;43;231.17900000000003;0.0;0.0;0.0;231.179;231.179;0.0;15.0;3467.685
10;3;44;233.73000000000002;0.0;0.0;0.0;233.73;233.73;0.0;15.0;3505.95
10;3;45;216.58;0.0;0.0;0.0;216.58;216.58;0.0;15.0;3248.7000000000003
10;3;46;209.689;0.0;0.0;0.0;209.689;209.689;0.0;15.0;3145.335
10;3;47;175.14700000000002;0.0;0.0;0.0;175.147;175.147;0.0;15.0;2627.205
10;3;48;125.429;0.0;0.0;0.0;125.429;125.429;0.0;15.0;1881.435
10;3;49;121.03500000000001;0.0;0.0;0.0;121.035;121.035;0.0;15.0;1815.5249999999999
10;3;50;118.39500000000001;0.0;0.0;0.0;118.395;118.395;0.0;15.0;1775.925
10;3;51;115.47200000000001;0.0;0.0;0.0;115.472;115.472;0.0;15.0;1732.08
10;3;52;115.581;0.0;0.0;0.0;115.581;115.581;0.0;15.0;1733.7150000000001
10;3;53;114.905;0.0;0.0;0.0;114.905;114.905;0.0;15.0;1723.575
10;3;54;119.077;0.0;0.0;0.0;119.077;119.077;0.0;15.0;1786.155
10;3;55;164.207;0.0;0.0;0.0;164.207;164.207;0.0;15.0;2463.105
10;3;56;189.728;0.0;0.0;0.0;189.728;189.728;0.0;15.0;2845.92
10;3;57;146.993;0.0;0.0;0.0;146.993;146.993;0.0;15.0;2204.895
10;3;58;153.164;0.0;0.0;0.0;153.164;153.164;0.0;15.0;2297.46
10;3;59;147.421;0.0;0.0;0.0;147.421;147.421;0.0;15.0;2211.315
10;3;60;136.422;0.0;0.0;0.0;136.422;136.422;0.0;15.0;2046.33
10;3;61;139.755;0.0;0.0;0.0;139.755;139.755;0.0;15.0;2096.325
10;3;62;125.581;0.0;0.0;0.0;125.581;125.581;0.0;15.0;1883.7150000000001
10;3;63;134.74200000000002;0.0;0.0;0.0;134.742;134.742;0.0;15.0;2021.1299999999999
10;3;64;150.28;0.0;0.0;0.0;150.28;150.28;0.0;15.0;2254.2
10;3;65;217.10699999999997;0.0;0.0;0.0;217.107;217.107;0.0;15.0;3256.605
10;3;66;229.08;0.0;0.0;0.0;229.08;229.08;0.0;15.0;3436.2000000000003
10;3;67;183.185;0.0;0.0;0.0;183.185;183.185;0.0;15.0;2747.775
10;3;68;164.799;0.0;0.0;0.0;164.799;164.799;0.0;15.0;2471.985
10;3;69;79.863;0.0;0.0;0.0;79.863;79.863;0.0;15.0;1197.945
10;3;70;82.872;0.0;0.0;0.0;82.872;82.872;0.0;15.0;1243.08
10;3;71;149.885;0.0;0.0;0.0;149.885;149.885;0.0;15.0;2248.2749999999996
10;3;72;118.1;0.0;0.0;0.0;118.1;118.1;0.0;15.0;1771.5
10;3;73;125.30499999999999;0.0;0.0;0.0;125.305;125.305;0.0;15.0;1879.575
10;3;74;121.98899999999999;0.0;0.0;0.0;121.989;121.989;0.0;15.0;1829.835
10;3;75;130.648;0.0;0.0;0.0;130.648;130.648;0.0;15.0;1959.72
10;3;76;127.02799999999999;0.0;0.0;0.0;127.028;127.028;0.0;15.0;1905.42
10;3;77;129.416;0.0;0.0;0.0;129.416;129.416;0.0;15.0;1941.24
10;3;78;187.81900000000002;0.0;0.0;0.0;187.819;187.819;0.0;15.0;2817.285
10;3;79;108.539;0.0;0.0;0.0;108.539;108.539;0.0;15.0;1628.085
10;3;80;171.28199999999998;0.0;0.0;0.0;171.282;171.282;0.0;15.0;2569.23
10;3;81;162.12;0.0;0.0;0.0;162.12;162.12;0.0;15.0;2431.8
10;3;82;178.652;0.0;0.0;0.0;178.652;178.652;0.0;15.0;2679.7799999999997
10;3;83;170.322;0.0;0.0;0.0;170.322;170.322;0.0;15.0;2554.83
10;3;84;167.827;0.0;0.0;0.0;167.827;167.827;0.0;15.0;2517.4049999999997
10;3;85;217.15599999999998;0.0;0.0;0.0;217.156;217.156;0.0;15.0;3257.34
10;3;86;96.973;0.0;0.0;0.0;96.973;96.973;0.0;15.0;1454.595
10;3;87;209.903;0.0;0.0;0.0;209.903;209.903;0.0;15.0;3148.545
10;3;88;189.245;0.0;0.0;0.0;189.245;189.245;0.0;15.0;2838.675
10;3;89;237.457;0.0;0.0;0.0;237.457;237.457;0.0;15.0;3561.855
10;3;90;231.054;0.0;0.0;0.0;231.054;231.054;0.0;15.0;3465.81
10;3;91;131.848;0.0;0.0;0.0;131.848;131.848;0.0;15.0;1977.7200000000003
10;3;92;63.903;0.0;0.0;0.0;63.903;63.903;0.0;15.0;958.545
10;3;93;203.928;0.0;0.0;0.0;203.928;203.928;0.0;15.0;3058.92
10;3;94;202.411;0.0;0.0;0.0;202.411;202.411;0.0;15.0;3036.165
10;3;95;191.78;0.0;0.0;0.0;191.78;191.78;0.0;15.0;2876.7
10;3;96;197.887;0.0;0.0;0.0;197.887;197.887;0.0;15.0;2968.305
10;3;97;205.733;0.0;0.0;0.0;205.733;205.733;0.0;15.0;3085.995
10;3;98;201.957;0.0;0.0;0.0;201.957;201.957;0.0;15.0;3029.355
10;3;99;204.419;0.0;0.0;0.0;204.419;204.419;0.0;15.0;3066.2850000000003
10;3;100;201.87199999999999;0.0;0.0;0.0;201.872;201.872;0.0;15.0;3028.0800000000004
10;3;101;197.657;0.0;0.0;0.0;197.657;197.657;0.0;15.0;2964.855
10;3;102;196.509;0.0;0.0;0.0;196.509;196.509;0.0;15.0;2947.6349999999998
10;3;103;215.628;0.0;0.0;0.0;215.628;215.628;0.0;15.0;3234.4199999999996
10;3;104;220.529;0.0;0.0;0.0;220.529;220.529;0.0;15.0;3307.935
10;3;105;235.215;0.0;0.0;0.0;235.215;235.215;0.0;15.0;3528.225
10;3;106;224.596;0.0;0.0;0.0;224.596;224.596;0.0;15.0;3368.94
10;3;107;226.512;0.0;0.0;0.0;226.512;226.512;0.0;15.0;3397.68
10;3;108;234.492;0.0;0.0;0.0;234.492;234.492;0.0;15.0;3517.3799999999997
10;3;109;216.384;0.0;0.0;0.0;216.384;216.384;0.0;15.0;3245.7599999999998
10;3;110;215.796;0.0;0.0;0.0;215.796;215.796;0.0;15.0;3236.94
10;3;111;214.90300000000002;0.0;0.0;0.0;214.903;214.903;0.0;15.0;3223.545
10;3;112;224.24900000000002;0.0;0.0;0.0;224.249;224.249;0.0;15.0;3363.735
10;3;113;221.639;0.0;0.0;0.0;221.639;221.639;0.0;15.0;3324.585
10;3;114;241.44299999999998;0.0;0.0;0.0;241.443;241.443;0.0;15.0;3621.645
10;3;115;234.999;0.0;0.0;0.0;234.999;234.999;0.0;15.0;3524.985
10;3;116;219.347;0.0;0.0;0.0;219.347;219.347;0.0;15.0;3290.205
10;3;117;234.775;0.0;0.0;0.0;234.775;234.775;0.0;15.0;3521.625
10;3;118;235.058;0.0;0.0;0.0;235.058;235.058;0.0;15.0;3525.87
10;3;119;219.712;0.0;0.0;0.0;219.712;219.712;0.0;15.0;3295.68
10;3;120;188.691;0.0;0.0;0.0;188.691;188.691;0.0;15.0;2830.3650000000002
10;3;121;197.19400000000002;0.0;0.0;0.0;197.194;197.194;0.0;15.0;2957.91
10;3;122;196.504;0.0;0.0;0.0;196.504;196.504;0.0;15.0;2947.56
10;3;123;198.312;0.0;0.0;0.0;198.312;198.312;0.0;15.0;2974.6800000000003
10;3;124;201.113;0.0;0.0;0.0;201.113;201.113;0.0;15.0;3016.695
10;3;125;42.56;0.0;0.0;0.0;42.56;42.56;0.0;15.0;638.4000000000001
10;3;126;212.43;0.0;0.0;0.0;212.43;212.43;0.0;15.0;3186.4500000000003
10;3;127;244.499;0.0;0.0;0.0;244.499;244.499;0.0;15.0;3667.485
10;3;128;234.263;0.0;0.0;0.0;234.263;234.263;0.0;15.0;3513.945
10;3;129;232.986;0.0;0.0;0.0;232.986;232.986;0.0;15.0;3494.79
10;3;130;222.368;0.0;0.0;0.0;222.368;222.368;0.0;15.0;3335.52
10;3;131;220.249;0.0;0.0;0.0;220.249;220.249;0.0;15.0;3303.735
10;3;132;205.929;0.0;0.0;0.0;205.929;205.929;0.0;15.0;3088.935
10;3;133;185.774;0.0;0.0;0.0;185.774;185.774;0.0;15.0;2786.61
10;3;134;204.788;0.0;0.0;0.0;204.788;204.788;0.0;15.0;3071.82
10;3;135;199.86599999999999;0.0;0.0;0.0;199.866;199.866;0.0;15.0;2997.9900000000002
10;3;136;240.443;0.0;0.0;0.0;240.443;240.443;0.0;15.0;3606.645
10;3;137;190.502;0.0;0.0;0.0;190.502;190.502;0.0;15.0;2857.53
10;3;138;238.504;0.0;0.0;0.0;238.504;238.504;0.0;15.0;3577.56
10;3;139;271.503;0.0;0.0;0.0;271.503;271.503;0.0;15.0;4072.5449999999996
10;3;140;227.82100000000003;0.0;0.0;0.0;227.821;227.821;0.0;15.0;3417.315
10;3;141;252.397;0.0;0.0;0.0;252.397;252.397;0.0;15.0;3785.955
10;3;142;241.8;0.0;0.0;0.0;241.8;241.8;0.0;15.0;3627.0
10;3;143;221.82600000000002;0.0;0.0;0.0;221.826;221.826;0.0;15.0;3327.39
10;3;144;197.593;0.0;0.0;0.0;197.593;197.593;0.0;15.0;2963.895
10;3;145;179.624;0.0;0.0;0.0;179.624;179.624;0.0;15.0;2694.36
10;3;146;201.544;0.0;0.0;0.0;201.544;201.544;0.0;15.0;3023.1600000000003
10;3;147;196.12300000000002;0.0;0.0;0.0;196.123;196.123;0.0;15.0;2941.845
10;3;148;203.00199999999998;0.0;0.0;0.0;203.002;203.002;0.0;15.0;3045.03
10;3;149;206.065;0.0;0.0;0.0;206.065;206.065;0.0;15.0;3090.975
10;3;150;211.13;0.0;0.0;0.0;211.13;211.13;0.0;15.0;3166.95
10;3;151;226.44;0.0;0.0;0.0;226.44;226.44;0.0;15.0;3396.6
10;3;152;235.412;0.0;0.0;0.0;235.412;235.412;0.0;15.0;3531.1800000000003
10;3;153;202.21300000000002;0.0;0.0;0.0;202.213;202.213;0.0;15.0;3033.1949999999997
10;3;154;190.90699999999998;0.0;0.0;0.0;190.907;190.907;0.0;15.0;2863.605
10;3;155;179.419;0.0;0.0;0.0;179.419;179.419;0.0;15.0;2691.2850000000003
10;3;156;177.029;0.0;0.0;0.0;177.029;177.029;0.0;15.0;2655.435
10;3;157;215.521;0.0;0.0;0.0;215.521;215.521;0.0;15.0;3232.8149999999996
10;3;158;133.918;0.0;0.0;0.0;133.918;133.918;0.0;15.0;2008.77
10;3;159;177.401;0.0;0.0;0.0;177.401;177.401;0.0;15.0;2661.0150000000003
10;3;160;174.524;0.0;0.0;0.0;174.524;174.524;0.0;15.0;2617.86
10;3;161;195.11599999999999;0.0;0.0;0.0;195.116;195.116;0.0;15.0;2926.7400000000002
10;3;162;194.569;0.0;0.0;0.0;194.569;194.569;0.0;15.0;2918.535
10;3;163;209.688;0.0;0.0;0.0;209.688;209.688;0.0;15.0;3145.3199999999997
10;3;164;183.75900000000001;0.0;0.0;0.0;183.759;183.759;0.0;15.0;2756.3849999999998
10;3;165;194.94299999999998;0.0;0.0;0.0;194.943;194.943;0.0;15.0;2924.145
10;3;166;236.633;0.0;0.0;0.0;236.633;236.633;0.0;15.0;3549.4950000000003
10;3;167;191.858;0.0;0.0;0.0;191.858;191.858;0.0;15.0;2877.87
15;0;0;177.929;0.0;0.0;0.0;177.929;177.929;0.0;5.0;889.645
15;0;1;188.369;0.0;0.0;0.0;188.369;188.369;0.0;5.0;941.845
15;0;2;9.868;0.0;0.0;0.0;9.868;9.868;0.0;5.0;49.34
15;0;3;57.230000000000004;0.0;0.0;0.0;57.23;57.23;0.0;5.0;286.15
15;0;4;138.34099999999998;0.0;0.0;0.0;138.341;138.341;0.0;5.0;691.705
15;0;5;140.482;0.0;0.0;0.0;140.482;140.482;0.0;5.0;702.41
15;0;6;155.023;0.0;0.0;0.0;155.023;155.023;0.0;5.0;775.115
15;0;7;177.601;0.0;0.0;0.0;177.601;177.601;0.0;5.0;888.005
15;0;8;160.707;0.0;0.0;0.0;160.707;160.707;0.0;5.0;803.535
15;0;9;152.386;0.0;0.0;0.0;152.386;152.386;0.0;5.0;761.93
15;0;10;127.399;0.0;0.0;0.0;127.399;127.399;0.0;5.0;636.995
15;0;11;119.829;0.0;0.0;0.0;119.829;119.829;0.0;5.0;599.145
15;0;12;114.513;0.0;0.0;0.0;114.513;114.513;0.0;5.0;572.565
15;0;13;104.383;0.0;0.0;0.0;104.383;104.383;0.0;5.0;521.915
15;0;14;198.328;0.0;0.0;0.0;198.328;198.328;0.0;5.0;991.64
15;0;15;89.274;0.0;0.0;0.0;89.274;89.274;0.0;5.0;446.37
15;0;16;189.744;0.0;0.0;0.0;189.744;189.744;0.0;5.0;948.72
15;0;17;56.5;0.0;0.0;0.0;56.5;56.5;0.0;5.0;282.5
15;0;18;190.736;0.0;0.0;0.0;190.736;190.736;0.0;5.0;953.68
15;0;19;65.85;0.0;0.0;0.0;65.85;65.85;0.0;5.0;329.25
15;0;20;233.487;0.0;0.0;0.0;233.487;233.487;0.0;5.0;1167.435
15;0;21;151.844;0.0;0.0;0.0;151.844;151.844;0.0;5.0;759.22
15;0;22;150.12900000000002;0.0;0.0;0.0;150.129;150.129;0.0;5.0;750.645
15;0;23;36.401;0.0;0.0;0.0;36.401;36.401;0.0;5.0;182.00500000000002
15;0;24;22.578;0.0;0.0;0.0;22.578;22.578;0.0;5.0;112.89
15;0;25;128.023;0.0;0.0;0.0;128.023;128.023;0.0;5.0;640.115
15;0;26;127.886;0.0;0.0;0.0;127.886;127.886;0.0;5.0;639.43
15;0;27;135.46699999999998;0.0;0.0;0.0;135.467;135.467;0.0;5.0;677.335
15;0;28;136.798;0.0;0.0;0.0;136.798;136.798;0.0;5.0;683.99
15;0;29;194.733;0.0;0.0;0.0;194.733;194.733;0.0;5.0;973.665
15;0;30;111.054;0.0;0.0;0.0;111.054;111.054;0.0;5.0;555.27
15;0;31;190.5;0.0;0.0;0.0;190.5;190.5;0.0;5.0;952.5
15;0;32;188.989;0.0;0.0;0.0;188.989;188.989;0.0;5.0;944.945
15;0;33;175.146;0.0;0.0;0.0;175.146;175.146;0.0;5.0;875.7299999999999
15;0;34;167.305;0.0;0.0;0.0;167.305;167.305;0.0;5.0;836.5250000000001
15;0;35;163.023;0.0;1.83392;0.0;161.18908;163.023;0.0;5.0;815.115
15;0;36;212.90699999999998;0.0;0.0;0.0;212.907;212.907;0.0;5.0;1064.535
15;0;37;92.161;0.0;16.42101;0.0;75.73999;92.161;0.0;5.0;460.805
15;0;38;151.737;0.0;34.05094;0.0;117.68606;151.737;0.0;5.0;758.685
15;0;39;148.659;0.0;18.91023;0.0;129.74877;148.659;0.0;5.0;743.295
15;0;40;150.628;0.0;0.0;0.0;150.628;150.628;0.0;5.0;753.1399999999999
15;0;41;168.787;0.0;0.0;0.0;168.787;168.787;0.0;5.0;843.9350000000001
15;0;42;176.49;0.0;0.0;0.0;176.49;176.49;0.0;5.0;882.45
15;0;43;173.20600000000002;0.0;0.0;0.0;173.206;173.206;0.0;5.0;866.03
15;0;44;182.779;0.0;0.0;0.0;182.779;182.779;0.0;5.0;913.895
15;0;45;180.49200000000002;0.0;0.0;0.0;180.492;180.492;0.0;5.0;902.4599999999999
15;0;46;163.77;0.0;0.0;0.0;163.77;163.77;0.0;5.0;818.85
15;0;47;152.929;0.0;0.0;0.0;152.929;152.929;0.0;5.0;764.645
15;0;48;101.394;0.0;0.0;0.0;101.394;101.394;0.0;5.0;506.97
15;0;49;109.007;0.0;0.0;0.0;109.007;109.007;0.0;5.0;545.0350000000001
15;0;50;105.12;0.0;0.0;0.0;105.12;105.12;0.0;5.0;525.6
15;0;51;108.285;0.0;0.0;0.0;108.285;108.285;0.0;5.0;541.425
15;0;52;108.094;0.0;0.0;0.0;108.094;108.094;0.0;5.0;540.47
15;0;53;110.163;0.0;0.0;0.0;110.163;110.163;0.0;5.0;550.8149999999999
15;0;54;114.65700000000001;0.0;0.0;0.0;114.657;114.657;0.0;5.0;573.285
15;0;55;159.26;0.0;0.0;0.0;159.26;159.26;0.0;5.0;796.3
15;0;56;181.31;0.0;0.0;0.0;181.31;181.31;0.0;5.0;906.55
15;0;57;139.40300000000002;0.0;0.0;0.0;139.403;139.403;0.0;5.0;697.015
15;0;58;125.61099999999999;0.0;0.0;0.0;125.611;125.611;0.0;5.0;628.0550000000001
15;0;59;120.922;0.0;0.97349;0.0;119.94851;120.922;0.0;5.0;604.61
15;0;60;104.156;0.0;0.0;0.0;104.156;104.156;0.0;5.0;520.78
15;0;61;97.514;0.0;0.0;0.0;97.514;97.514;0.0;5.0;487.57
15;0;62;94.0;0.0;0.0;0.0;94.0;94.0;0.0;5.0;470.0
15;0;63;97.35900000000001;0.0;0.73293;0.0;96.62607;97.359;0.0;5.0;486.79499999999996
15;0;64;98.568;0.0;1.80624;0.0;96.76176;98.568;0.0;5.0;492.84
15;0;65;95.798;0.0;0.0;0.0;95.798;95.798;0.0;5.0;478.99
15;0;66;111.84700000000001;0.0;0.0;0.0;111.847;111.847;0.0;5.0;559.235
15;0;67;219.023;0.0;0.0;0.0;219.023;219.023;0.0;5.0;1095.115
15;0;68;59.31;0.0;0.0;0.0;59.31;59.31;0.0;5.0;296.55
15;0;69;58.384;0.0;0.0;0.0;58.384;58.384;0.0;5.0;291.92
15;0;70;113.394;0.0;0.0;0.0;113.394;113.394;0.0;5.0;566.97
15;0;71;99.214;0.0;0.0;0.0;99.214;99.214;0.0;5.0;496.07
15;0;72;132.428;0.0;0.0;0.0;132.428;132.428;0.0;5.0;662.14
15;0;73;17.397;0.0;0.0;0.0;17.397;17.397;0.0;5.0;86.98499999999999
15;0;74;76.729;0.0;0.0;0.0;76.729;76.729;0.0;5.0;383.645
15;0;75;80.756;0.0;0.0;0.0;80.756;80.756;0.0;5.0;403.78
15;0;76;76.615;0.0;0.0;0.0;76.615;76.615;0.0;5.0;383.075
15;0;77;78.869;0.0;0.0;0.0;78.869;78.869;0.0;5.0;394.345
15;0;78;81.917;0.0;0.0;0.0;81.917;81.917;0.0;5.0;409.58500000000004
15;0;79;109.776;0.0;0.0;0.0;109.776;109.776;0.0;5.0;548.88
15;0;80;120.684;0.0;0.0;0.0;120.684;120.684;0.0;5.0;603.42
15;0;81;107.595;0.0;0.0;0.0;107.595;107.595;0.0;5.0;537.975
15;0;82;103.166;0.0;0.0;0.0;103.166;103.166;0.0;5.0;515.8299999999999
15;0;83;90.30199999999999;0.0;0.0;0.0;90.302;90.302;0.0;5.0;451.51000000000005
15;0;84;99.993;0.0;0.0;0.0;99.993;99.993;0.0;5.0;499.965
15;0;85;97.731;0.0;0.0;0.0;97.731;97.731;0.0;5.0;488.655
15;0;86;94.023;0.0;0.0;0.0;94.023;94.023;0.0;5.0;470.115
15;0;87;94.43199999999999;0.0;0.0;0.0;94.432;94.432;0.0;5.0;472.16
15;0;88;183.493;0.0;0.0;0.0;183.493;183.493;0.0;5.0;917.4649999999999
15;0;89;167.546;0.0;0.0;0.0;167.546;167.546;0.0;5.0;837.73
15;0;90;44.815;0.0;0.0;0.0;44.815;44.815;0.0;5.0;224.075
15;0;91;164.718;0.0;0.0;0.0;164.718;164.718;0.0;5.0;823.5899999999999
15;0;92;58.98;0.0;0.0;0.0;58.98;58.98;0.0;5.0;294.9
15;0;93;222.402;0.0;0.0;0.0;222.402;222.402;0.0;5.0;1112.01
15;0;94;50.693;0.0;0.0;0.0;50.693;50.693;0.0;5.0;253.46499999999997
15;0;95;207.861;0.0;0.0;0.0;207.861;207.861;0.0;5.0;1039.3049999999998
15;0;96;123.88600000000001;0.0;0.0;0.0;123.886;123.886;0.0;5.0;619.43
15;0;97;134.037;0.0;0.0;0.0;134.037;134.037;0.0;5.0;670.1850000000001
15;0;98;138.564;0.0;0.0;0.0;138.564;138.564;0.0;5.0;692.8199999999999
15;0;99;12.277;0.0;0.0;0.0;12.277;12.277;0.0;5.0;61.385
15;0;100;81.073;0.0;0.0;0.0;81.073;81.073;0.0;5.0;405.36499999999995
15;0;101;150.81199999999998;0.0;0.0;0.0;150.812;150.812;0.0;5.0;754.0600000000001
15;0;102;167.629;0.0;0.0;0.0;167.629;167.629;0.0;5.0;838.145
15;0;103;186.412;0.0;0.0;0.0;186.412;186.412;0.0;5.0;932.0600000000001
15;0;104;183.01;0.0;0.0;0.0;183.01;183.01;0.0;5.0;915.05
15;0;105;189.048;0.0;0.0;0.0;189.048;189.048;0.0;5.0;945.24
15;0;106;162.24599999999998;0.0;0.0;0.0;162.246;162.246;0.0;5.0;811.23
15;0;107;171.425;0.0;0.0;0.0;171.425;171.425;0.0;5.0;857.125
15;0;108;163.211;0.0;0.0;0.0;163.211;163.211;0.0;5.0;816.0550000000001
15;0;109;161.826;0.0;0.0;0.0;161.826;161.826;0.0;5.0;809.13
15;0;110;155.753;0.0;0.0;0.0;155.753;155.753;0.0;5.0;778.7649999999999
15;0;111;139.991;0.0;0.0;0.0;139.991;139.991;0.0;5.0;699.955
15;0;112;152.082;0.0;0.0;0.0;152.082;152.082;0.0;5.0;760.41
15;0;113;145.244;0.0;0.0;0.0;145.244;145.244;0.0;5.0;726.22
15;0;114;157.199;0.0;0.0;0.0;157.199;157.199;0.0;5.0;785.9950000000001
15;0;115;228.058;0.0;0.0;0.0;228.058;228.058;0.0;5.0;1140.29
15;0;116;241.394;0.0;0.0;0.0;241.394;241.394;0.0;5.0;1206.97
15;0;117;232.73399999999998;0.0;0.0;0.0;232.734;232.734;0.0;5.0;1163.67
15;0;118;162.68099999999998;0.0;0.0;0.0;162.681;162.681;0.0;5.0;813.4050000000001
15;0;119;164.894;0.0;0.0;0.0;164.894;164.894;0.0;5.0;824.47
15;0;120;7.503;0.0;0.0;0.0;7.503;7.503;0.0;5.0;37.515
15;0;121;72.735;0.0;0.0;0.0;72.735;72.735;0.0;5.0;363.675
15;0;122;148.417;0.0;0.0;0.0;148.417;148.417;0.0;5.0;742.085
15;0;123;149.64700000000002;0.0;0.0;0.0;149.647;149.647;0.0;5.0;748.2349999999999
15;0;124;149.13500000000002;0.0;0.0;0.0;149.135;149.135;0.0;5.0;745.675
15;0;125;157.433;0.0;0.0;0.0;157.433;157.433;0.0;5.0;787.165
15;0;126;175.40099999999998;0.0;0.0;0.0;175.401;175.401;0.0;5.0;877.0050000000001
15;0;127;202.146;0.0;0.0;0.0;202.146;202.146;0.0;5.0;1010.7299999999999
15;0;128;188.897;0.0;0.0;0.0;188.897;188.897;0.0;5.0;944.4849999999999
15;0;129;180.947;0.0;0.0;0.0;180.947;180.947;0.0;5.0;904.735
15;0;130;165.55499999999998;0.0;0.0;0.0;165.555;165.555;0.0;5.0;827.7750000000001
15;0;131;170.04500000000002;0.0;0.0;0.0;170.045;170.045;0.0;5.0;850.2249999999999
15;0;132;155.417;0.0;0.0;0.0;155.417;155.417;0.0;5.0;777.085
15;0;133;144.64;0.0;0.0;0.0;144.64;144.64;0.0;5.0;723.1999999999999
15;0;134;202.27300000000002;0.0;0.0;0.0;202.273;202.273;0.0;5.0;1011.365
15;0;135;206.409;0.0;0.0;0.0;206.409;206.409;0.0;5.0;1032.045
15;0;136;197.45299999999997;0.0;0.0;0.0;197.453;197.453;0.0;5.0;987.265
15;0;137;62.195;0.0;0.0;0.0;62.195;62.195;0.0;5.0;310.975
15;0;138;89.571;0.0;0.0;0.0;89.571;89.571;0.0;5.0;447.855
15;0;139;195.63600000000002;0.0;0.0;0.0;195.636;195.636;0.0;5.0;978.18
15;0;140;236.292;0.0;0.0;0.0;236.292;236.292;0.0;5.0;1181.46
15;0;141;248.809;0.0;0.0;0.0;248.809;248.809;0.0;5.0;1244.045
15;0;142;255.62599999999998;0.0;0.0;0.0;255.626;255.626;0.0;5.0;1278.13
15;0;143;108.344;0.0;0.0;0.0;108.344;108.344;0.0;5.0;541.72
15;0;144;7.598;0.0;0.0;0.0;7.598;7.598;0.0;5.0;37.99
15;0;145;157.852;0.0;0.0;0.0;157.852;157.852;0.0;5.0;789.26
15;0;146;157.607;0.0;0.0;0.0;157.607;157.607;0.0;5.0;788.035
15;0;147;159.871;0.0;0.0;0.0;159.871;159.871;0.0;5.0;799.355
15;0;148;162.92399999999998;0.0;0.0;0.0;162.924;162.924;0.0;5.0;814.62
15;0;149;168.81699999999998;0.0;0.0;0.0;168.817;168.817;0.0;5.0;844.085
15;0;150;181.338;0.0;0.0;0.0;181.338;181.338;0.0;5.0;906.6899999999999
15;0;151;203.49599999999998;0.0;0.0;0.0;203.496;203.496;0.0;5.0;1017.48
15;0;152;202.667;0.0;0.0;0.0;202.667;202.667;0.0;5.0;1013.335
15;0;153;193.441;0.0;1.95238;0.0;191.48862;193.441;0.0;5.0;967.205
15;0;154;180.91;0.0;15.56204;0.0;165.34796;180.91;0.0;5.0;904.55
15;0;155;169.464;0.0;0.0;0.0;169.464;169.464;0.0;5.0;847.3199999999999
15;0;156;164.075;0.0;14.54181;0.0;149.53319;164.075;0.0;5.0;820.375
15;0;157;140.681;0.0;0.0;0.0;140.681;140.681;0.0;5.0;703.4050000000001
15;0;158;132.874;0.0;0.0;0.0;132.874;132.874;0.0;5.0;664.37
15;0;159;137.889;0.0;0.0;0.0;137.889;137.889;0.0;5.0;689.445
15;0;160;210.113;0.0;0.0;0.0;210.113;210.113;0.0;5.0;1050.565
15;0;161;52.452;0.0;0.0;0.0;52.452;52.452;0.0;5.0;262.26
15;0;162;220.107;0.0;0.0;0.0;220.107;220.107;0.0;5.0;1100.535
15;0;163;197.41;0.0;0.0;0.0;197.41;197.41;0.0;5.0;987.05
15;0;164;235.58499999999998;0.0;0.0;0.0;235.585;235.585;0.0;5.0;1177.925
15;0;165;84.02000000000001;0.0;0.0;0.0;84.02;84.02;0.0;5.0;420.09999999999997
15;0;166;239.369;0.0;0.0;0.0;239.369;239.369;0.0;5.0;1196.845
15;0;167;38.0;0.0;0.0;0.0;38.0;38.0;0.0;5.0;190.0
15;1;0;7.529;0.0;0.0;0.0;7.529;7.529;0.0;22.0;165.638
15;1;1;12.166;0.0;0.0;0.0;12.166;12.166;0.0;22.0;267.652
15;1;2;9.759;0.0;0.0;0.0;9.759;9.759;0.0;22.0;214.698
15;1;3;12.531;0.0;0.0;0.0;12.531;12.531;0.0;22.0;275.682
15;1;4;11.731;0.0;0.0;0.0;11.731;11.731;0.0;22.0;258.082
15;1;5;11.157;0.0;0.0;0.0;11.157;11.157;0.0;22.0;245.454
15;1;6;17.907;0.0;0.0;0.0;17.907;17.907;0.0;22.0;393.954
15;1;7;35.569;0.0;1.69383;0.0;33.87517;35.569;0.0;22.0;782.518
15;1;8;43.38;0.0;11.58677;0.0;31.79323;43.38;0.0;22.0;954.36
15;1;9;47.579;0.0;25.26529;0.0;22.31371;47.579;0.0;22.0;1046.738
15;1;10;56.187;0.0;40.89311;0.0;15.29389;56.187;0.0;22.0;1236.114
15;1;11;39.313;0.0;37.13638;0.0;2.17662;39.313;0.0;22.0;864.8860000000001
15;1;12;43.482;0.0;43.482;0.0;0.0;43.482;0.0;22.0;956.604
15;1;13;47.751;0.0;47.751;0.0;0.0;47.751;0.0;22.0;1050.522
15;1;14;41.271;0.0;37.45773;0.0;3.81327;41.271;0.0;22.0;907.962
15;1;15;39.599;0.0;24.87723;0.0;14.72177;39.599;0.0;22.0;871.1779999999999
15;1;16;46.361;0.0;17.03547;0.0;29.32553;46.361;0.0;22.0;1019.9419999999999
15;1;17;49.787;0.0;8.7914;0.0;40.9956;49.787;0.0;22.0;1095.314
15;1;18;87.828;0.0;0.0;0.0;87.828;87.828;0.0;22.0;1932.2160000000001
15;1;19;68.97;0.0;0.0;0.0;68.97;68.97;0.0;22.0;1517.34
15;1;20;69.913;0.0;0.0;0.0;69.913;69.913;0.0;22.0;1538.086
15;1;21;65.959;0.0;0.0;0.0;65.959;65.959;0.0;22.0;1451.098
15;1;22;63.839;0.0;0.0;0.0;63.839;63.839;0.0;22.0;1404.458
15;1;23;48.306;0.0;0.0;0.0;48.306;48.306;0.0;22.0;1062.732
15;1;24;8.376;0.0;0.0;0.0;8.376;8.376;0.0;22.0;184.272
15;1;25;10.048;0.0;0.0;0.0;10.048;10.048;0.0;22.0;221.056
15;1;26;12.047;0.0;0.0;0.0;12.047;12.047;0.0;22.0;265.034
15;1;27;10.97;0.0;0.0;0.0;10.97;10.97;0.0;22.0;241.34
15;1;28;11.653;0.0;0.0;0.0;11.653;11.653;0.0;22.0;256.366
15;1;29;17.956;0.0;0.0;0.0;17.956;17.956;0.0;22.0;395.032
15;1;30;15.305;0.0;0.0;0.0;15.305;15.305;0.0;22.0;336.71
15;1;31;46.291;0.0;0.0;0.0;46.291;46.291;0.0;22.0;1018.4019999999999
15;1;32;44.034;0.0;10.45897;0.0;33.57503;44.034;0.0;22.0;968.7479999999999
15;1;33;41.849;0.0;22.11706;0.0;19.73194;41.849;0.0;22.0;920.6779999999999
15;1;34;39.914;0.0;27.78138;0.0;12.13262;39.914;0.0;22.0;878.1080000000001
15;1;35;39.03;0.0;35.06257;0.0;3.96743;39.03;0.0;22.0;858.6600000000001
15;1;36;35.23;0.0;35.23;0.0;0.0;35.23;0.0;22.0;775.06
15;1;37;38.092;0.0;38.092;0.0;0.0;38.092;0.0;22.0;838.024
15;1;38;35.564;0.0;35.564;0.0;0.0;35.564;0.0;22.0;782.408
15;1;39;40.425;0.0;36.58993;0.0;3.83507;40.425;0.0;22.0;889.3499999999999
15;1;40;48.577;0.0;32.106;0.0;16.471;48.577;0.0;22.0;1068.694
15;1;41;99.80699999999999;0.0;12.59845;0.0;87.20855;99.807;0.0;22.0;2195.754
15;1;42;43.446;0.0;2.43477;0.0;41.01123;43.446;0.0;22.0;955.8119999999999
15;1;43;73.201;0.0;0.0;0.0;73.201;73.201;0.0;22.0;1610.4219999999998
15;1;44;65.368;0.0;0.0;0.0;65.368;65.368;0.0;22.0;1438.096
15;1;45;74.74;0.0;0.0;0.0;74.74;74.74;0.0;22.0;1644.28
15;1;46;79.871;0.0;0.0;0.0;79.871;79.871;0.0;22.0;1757.1619999999998
15;1;47;36.799;0.0;0.0;0.0;36.799;36.799;0.0;22.0;809.578
15;1;48;7.558;0.0;0.0;0.0;7.558;7.558;0.0;22.0;166.276
15;1;49;11.075;0.0;0.0;0.0;11.075;11.075;0.0;22.0;243.64999999999998
15;1;50;11.445;0.0;0.0;0.0;11.445;11.445;0.0;22.0;251.79000000000002
15;1;51;11.457;0.0;0.0;0.0;11.457;11.457;0.0;22.0;252.05400000000003
15;1;52;9.816;0.0;0.0;0.0;9.816;9.816;0.0;22.0;215.95200000000003
15;1;53;10.751;0.0;0.0;0.0;10.751;10.751;0.0;22.0;236.522
15;1;54;11.091;0.0;0.0;0.0;11.091;11.091;0.0;22.0;244.00199999999998
15;1;55;32.752;0.0;0.0;0.0;32.752;32.752;0.0;22.0;720.5440000000001
15;1;56;41.68;0.0;9.46491;0.0;32.21509;41.68;0.0;22.0;916.96
15;1;57;38.964;0.0;22.72153;0.0;16.24247;38.964;0.0;22.0;857.208
15;1;58;45.356;0.0;35.90068;0.0;9.45532;45.356;0.0;22.0;997.832
15;1;59;48.121;0.0;48.121;0.0;0.0;48.121;0.0;22.0;1058.662
15;1;60;43.058;0.0;43.058;0.0;0.0;43.058;0.0;22.0;947.276
15;1;61;35.699;0.0;35.699;0.0;0.0;35.699;0.0;22.0;785.3779999999999
15;1;62;39.577999999999996;0.0;24.42765;0.0;15.15035;39.578;0.0;22.0;870.7160000000001
15;1;63;89.445;0.0;1.04777;0.0;88.39723;89.445;0.0;22.0;1967.79
15;1;64;33.06;0.0;13.49074;0.0;19.56926;33.06;0.0;22.0;727.32
15;1;65;37.919;0.0;10.84233;0.0;27.07667;37.919;0.0;22.0;834.218
15;1;66;50.193;0.0;0.0;0.0;50.193;50.193;0.0;22.0;1104.2459999999999
15;1;67;60.729;0.0;0.0;0.0;60.729;60.729;0.0;22.0;1336.038
15;1;68;79.498;0.0;0.0;0.0;79.498;79.498;0.0;22.0;1748.9560000000001
15;1;69;71.926;0.0;0.0;0.0;71.926;71.926;0.0;22.0;1582.372
15;1;70;54.205;0.0;0.0;0.0;54.205;54.205;0.0;22.0;1192.51
15;1;71;47.046;0.0;0.0;0.0;47.046;47.046;0.0;22.0;1035.012
15;1;72;7.482;0.0;0.0;0.0;7.482;7.482;0.0;22.0;164.604
15;1;73;11.424;0.0;0.0;0.0;11.424;11.424;0.0;22.0;251.32799999999997
15;1;74;10.566;0.0;0.0;0.0;10.566;10.566;0.0;22.0;232.45200000000003
15;1;75;10.401;0.0;0.0;0.0;10.401;10.401;0.0;22.0;228.822
15;1;76;11.218;0.0;0.0;0.0;11.218;11.218;0.0;22.0;246.796
15;1;77;14.061;0.0;0.0;0.0;14.061;14.061;0.0;22.0;309.342
15;1;78;14.356;0.0;0.0;0.0;14.356;14.356;0.0;22.0;315.832
15;1;79;16.242;0.0;1.2543;0.0;14.9877;16.242;0.0;22.0;357.324
15;1;80;36.68;0.0;23.66751;0.0;13.01249;36.68;0.0;22.0;806.96
15;1;81;51.415;0.0;51.415;0.0;0.0;51.415;0.0;22.0;1131.1299999999999
15;1;82;48.518;0.0;48.518;0.0;0.0;48.518;0.0;22.0;1067.396
15;1;83;43.664;0.0;43.664;0.0;0.0;43.664;0.0;22.0;960.6080000000001
15;1;84;41.271;0.0;41.271;0.0;0.0;41.271;0.0;22.0;907.962
15;1;85;34.696;0.0;34.696;0.0;0.0;34.696;0.0;22.0;763.3119999999999
15;1;86;43.369;0.0;43.369;0.0;0.0;43.369;0.0;22.0;954.1179999999999
15;1;87;79.767;0.0;66.48765;0.0;13.27935;79.767;0.0;22.0;1754.8739999999998
15;1;88;39.183;0.0;35.06505;0.0;4.11795;39.183;0.0;22.0;862.026
15;1;89;45.756;0.0;18.0006;0.0;27.7554;45.756;0.0;22.0;1006.6320000000001
15;1;90;38.544;0.0;4.3154;0.0;34.2286;38.544;0.0;22.0;847.968
15;1;91;58.075;0.0;0.0;0.0;58.075;58.075;0.0;22.0;1277.65
15;1;92;60.634;0.0;0.0;0.0;60.634;60.634;0.0;22.0;1333.948
15;1;93;48.063;0.0;0.0;0.0;48.063;48.063;0.0;22.0;1057.386
15;1;94;52.452;0.0;0.0;0.0;52.452;52.452;0.0;22.0;1153.944
15;1;95;40.887;0.0;0.0;0.0;40.887;40.887;0.0;22.0;899.514
15;1;96;7.412;0.0;0.0;0.0;7.412;7.412;0.0;22.0;163.064
15;1;97;11.068;0.0;0.0;0.0;11.068;11.068;0.0;22.0;243.49599999999998
15;1;98;10.624;0.0;0.0;0.0;10.624;10.624;0.0;22.0;233.728
15;1;99;10.421;0.0;0.0;0.0;10.421;10.421;0.0;22.0;229.262
15;1;100;9.254;0.0;0.0;0.0;9.254;9.254;0.0;22.0;203.588
15;1;101;11.839;0.0;0.0;0.0;11.839;11.839;0.0;22.0;260.458
15;1;102;15.644;0.0;0.0;0.0;15.644;15.644;0.0;22.0;344.168
15;1;103;22.949;0.0;0.44653;0.0;22.50247;22.949;0.0;22.0;504.87800000000004
15;1;104;30.946;0.0;5.45338;0.0;25.49262;30.946;0.0;22.0;680.812
15;1;105;50.989;0.0;9.05999;0.0;41.92901;50.989;0.0;22.0;1121.758
15;1;106;48.141999999999996;0.0;24.58555;0.0;23.55645;48.142;0.0;22.0;1059.124
15;1;107;51.448;0.0;48.33437;0.0;3.11363;51.448;0.0;22.0;1131.856
15;1;108;51.826;0.0;51.826;0.0;0.0;51.826;0.0;22.0;1140.172
15;1;109;48.29;0.0;44.04944;0.0;4.24056;48.29;0.0;22.0;1062.3799999999999
15;1;110;55.669000000000004;0.0;19.75314;0.0;35.91586;55.669;0.0;22.0;1224.7179999999998
15;1;111;50.183;0.0;15.35289;0.0;34.83011;50.183;0.0;22.0;1104.026
15;1;112;46.417;0.0;11.30337;0.0;35.11363;46.417;0.0;22.0;1021.174
15;1;113;94.47;0.0;2.40461;0.0;92.06539;94.47;0.0;22.0;2078.34
15;1;114;46.632;0.0;1.70622;0.0;44.92578;46.632;0.0;22.0;1025.904
15;1;115;60.103;0.0;0.0;0.0;60.103;60.103;0.0;22.0;1322.266
15;1;116;61.515;0.0;0.0;0.0;61.515;61.515;0.0;22.0;1353.33
15;1;117;55.863;0.0;0.0;0.0;55.863;55.863;0.0;22.0;1228.9859999999999
15;1;118;63.102;0.0;0.0;0.0;63.102;63.102;0.0;22.0;1388.244
15;1;119;41.108;0.0;0.0;0.0;41.108;41.108;0.0;22.0;904.376
15;1;120;7.619;0.0;0.0;0.0;7.619;7.619;0.0;22.0;167.618
15;1;121;11.147;0.0;0.0;0.0;11.147;11.147;0.0;22.0;245.234
15;1;122;9.85;0.0;0.0;0.0;9.85;9.85;0.0;22.0;216.7
15;1;123;11.929;0.0;0.0;0.0;11.929;11.929;0.0;22.0;262.438
15;1;124;10.074;0.0;0.0;0.0;10.074;10.074;0.0;22.0;221.628
15;1;125;13.56;0.0;0.0;0.0;13.56;13.56;0.0;22.0;298.32
15;1;126;12.101;0.0;0.0;0.0;12.101;12.101;0.0;22.0;266.22200000000004
15;1;127;43.804;0.0;0.0;0.0;43.804;43.804;0.0;22.0;963.6880000000001
15;1;128;41.745;0.0;9.93009;0.0;31.81491;41.745;0.0;22.0;918.39
15;1;129;41.169999999999995;0.0;21.90887;0.0;19.26113;41.17;0.0;22.0;905.74
15;1;130;42.882999999999996;0.0;33.04233;0.0;9.84067;42.883;0.0;22.0;943.426
15;1;131;35.355000000000004;0.0;34.53292;0.0;0.82208;35.355;0.0;22.0;777.81
15;1;132;44.199999999999996;0.0;44.2;0.0;0.0;44.2;0.0;22.0;972.4000000000001
15;1;133;34.833;0.0;34.833;0.0;0.0;34.833;0.0;22.0;766.326
15;1;134;38.722;0.0;29.63284;0.0;9.08916;38.722;0.0;22.0;851.884
15;1;135;33.812;0.0;18.96437;0.0;14.84763;33.812;0.0;22.0;743.8639999999999
15;1;136;42.12;0.0;17.70155;0.0;24.41845;42.12;0.0;22.0;926.64
15;1;137;90.965;0.0;11.48466;0.0;79.48034;90.965;0.0;22.0;2001.23
15;1;138;47.493;0.0;1.07179;0.0;46.42121;47.493;0.0;22.0;1044.846
15;1;139;74.199;0.0;0.0;0.0;74.199;74.199;0.0;22.0;1632.378
15;1;140;71.958;0.0;0.0;0.0;71.958;71.958;0.0;22.0;1583.076
15;1;141;78.264;0.0;0.0;0.0;78.264;78.264;0.0;22.0;1721.808
15;1;142;57.149;0.0;0.0;0.0;57.149;57.149;0.0;22.0;1257.278
15;1;143;58.087;0.0;0.0;0.0;58.087;58.087;0.0;22.0;1277.914
15;1;144;7.461;0.0;0.0;0.0;7.461;7.461;0.0;22.0;164.142
15;1;145;12.297;0.0;0.0;0.0;12.297;12.297;0.0;22.0;270.534
15;1;146;11.135;0.0;0.0;0.0;11.135;11.135;0.0;22.0;244.97
15;1;147;11.104;0.0;0.0;0.0;11.104;11.104;0.0;22.0;244.28799999999998
15;1;148;9.835;0.0;0.0;0.0;9.835;9.835;0.0;22.0;216.37
15;1;149;11.968;0.0;0.0;0.0;11.968;11.968;0.0;22.0;263.296
15;1;150;14.53;0.0;0.0;0.0;14.53;14.53;0.0;22.0;319.65999999999997
15;1;151;37.994;0.0;0.0;0.0;37.994;37.994;0.0;22.0;835.8679999999999
15;1;152;41.161;0.0;9.68236;0.0;31.47864;41.161;0.0;22.0;905.542
15;1;153;47.797999999999995;0.0;26.07053;0.0;21.72747;47.798;0.0;22.0;1051.556
15;1;154;37.382;0.0;29.30821;0.0;8.07379;37.382;0.0;22.0;822.404
15;1;155;41.143;0.0;40.4416;0.0;0.7014;41.143;0.0;22.0;905.146
15;1;156;45.355;0.0;45.355;0.0;0.0;45.355;0.0;22.0;997.81
15;1;157;47.927;0.0;47.927;0.0;0.0;47.927;0.0;22.0;1054.394
15;1;158;40.381;0.0;31.70872;0.0;8.67228;40.381;0.0;22.0;888.3820000000001
15;1;159;110.096;0.0;32.48372;0.0;77.61228;110.096;0.0;22.0;2422.112
15;1;160;46.533;0.0;24.16257;0.0;22.37043;46.533;0.0;22.0;1023.726
15;1;161;49.835;0.0;9.33052;0.0;40.50448;49.835;0.0;22.0;1096.3700000000001
15;1;162;48.327;0.0;3.8879;0.0;44.4391;48.327;0.0;22.0;1063.194
15;1;163;86.572;0.0;0.0;0.0;86.572;86.572;0.0;22.0;1904.584
15;1;164;73.365;0.0;0.0;0.0;73.365;73.365;0.0;22.0;1614.03
15;1;165;70.574;0.0;0.0;0.0;70.574;70.574;0.0;22.0;1552.628
15;1;166;68.77;0.0;0.0;0.0;68.77;68.77;0.0;22.0;1512.9399999999998
15;1;167;55.211;0.0;0.0;0.0;55.211;55.211;0.0;22.0;1214.642
15;2;0;7.519;0.0;0.0;0.0;7.519;7.519;0.0;10.0;75.19
15;2;1;19.06;0.0;0.0;0.0;19.06;19.06;0.0;10.0;190.6
15;2;2;155.04500000000002;0.0;0.0;0.0;155.045;155.045;0.0;10.0;1550.4499999999998
15;2;3;12.89;0.0;0.0;0.0;12.89;12.89;0.0;10.0;128.9
15;2;4;49.819;0.0;0.0;0.0;49.819;49.819;0.0;10.0;498.19000000000005
15;2;5;159.533;0.0;0.0;0.0;159.533;159.533;0.0;10.0;1595.33
15;2;6;19.58;0.0;0.0;0.0;19.58;19.58;0.0;10.0;195.79999999999998
15;2;7;45.32299999999999;0.0;0.0;0.0;45.323;45.323;0.0;10.0;453.23
15;2;8;60.949;0.0;2.82305;0.0;58.12595;60.949;0.0;10.0;609.49
15;2;9;104.58;0.0;34.29529;0.0;70.28471;104.58;0.0;10.0;1045.8
15;2;10;90.536;0.0;49.24714;0.0;41.28886;90.536;0.0;10.0;905.36
15;2;11;84.732;0.0;64.73721;0.0;19.99479;84.732;0.0;10.0;847.3199999999999
15;2;12;72.104;0.0;66.39515;0.0;5.70885;72.104;0.0;10.0;721.04
15;2;13;62.89;0.0;41.37765;0.0;21.51235;62.89;0.0;10.0;628.9
15;2;14;71.833;0.0;10.52521;0.0;61.30779;71.833;0.0;10.0;718.3299999999999
15;2;15;92.57;0.0;5.09121;0.0;87.47879;92.57;0.0;10.0;925.6999999999999
15;2;16;190.763;0.0;8.90154;0.0;181.86146;190.763;0.0;10.0;1907.63
15;2;17;85.50999999999999;0.0;0.0;0.0;85.51;85.51;0.0;10.0;855.1
15;2;18;56.416;0.0;0.0;0.0;56.416;56.416;0.0;10.0;564.16
15;2;19;147.14499999999998;0.0;0.0;0.0;147.145;147.145;0.0;10.0;1471.45
15;2;20;111.75200000000001;0.0;0.0;0.0;111.752;111.752;0.0;10.0;1117.52
15;2;21;61.892;0.0;0.0;0.0;61.892;61.892;0.0;10.0;618.9200000000001
15;2;22;163.12199999999999;0.0;0.0;0.0;163.122;163.122;0.0;10.0;1631.2200000000003
15;2;23;51.547000000000004;0.0;0.0;0.0;51.547;51.547;0.0;10.0;515.47
15;2;24;7.566;0.0;0.0;0.0;7.566;7.566;0.0;10.0;75.66
15;2;25;11.725;0.0;0.0;0.0;11.725;11.725;0.0;10.0;117.25
15;2;26;162.929;0.0;0.0;0.0;162.929;162.929;0.0;10.0;1629.29
15;2;27;10.748;0.0;0.0;0.0;10.748;10.748;0.0;10.0;107.47999999999999
15;2;28;177.101;0.0;0.0;0.0;177.101;177.101;0.0;10.0;1771.01
15;2;29;13.623999999999999;0.0;0.0;0.0;13.624;13.624;0.0;10.0;136.24
15;2;30;115.344;0.0;0.0;0.0;115.344;115.344;0.0;10.0;1153.44
15;2;31;139.789;0.0;0.0;0.0;139.789;139.789;0.0;10.0;1397.8899999999999
15;2;32;152.56;0.0;10.79053;0.0;141.76947;152.56;0.0;10.0;1525.6
15;2;33;129.848;0.0;35.11286;0.0;94.73514;129.848;0.0;10.0;1298.48
15;2;34;114.407;0.0;57.85838;0.0;56.54862;114.407;0.0;10.0;1144.07
15;2;35;104.626;0.0;75.11493;0.0;29.51107;104.626;0.0;10.0;1046.26
15;2;36;88.17099999999999;0.0;74.62531;0.0;13.54569;88.171;0.0;10.0;881.71
15;2;37;74.838;0.0;48.68081;0.0;26.15719;74.838;0.0;10.0;748.3799999999999
15;2;38;66.198;0.0;22.9142;0.0;43.2838;66.198;0.0;10.0;661.9799999999999
15;2;39;52.486000000000004;0.0;22.0061;0.0;30.4799;52.486;0.0;10.0;524.86
15;2;40;185.116;0.0;11.60102;0.0;173.51498;185.116;0.0;10.0;1851.16
15;2;41;103.142;0.0;0.00025;0.0;103.14175;103.142;0.0;10.0;1031.42
15;2;42;93.625;0.0;0.0;0.0;93.625;93.625;0.0;10.0;936.25
15;2;43;92.767;0.0;0.0;0.0;92.767;92.767;0.0;10.0;927.67
15;2;44;98.831;0.0;0.0;0.0;98.831;98.831;0.0;10.0;988.3100000000001
15;2;45;78.983;0.0;0.0;0.0;78.983;78.983;0.0;10.0;789.83
15;2;46;56.144;0.0;0.0;0.0;56.144;56.144;0.0;10.0;561.4399999999999
15;2;47;43.666;0.0;0.0;0.0;43.666;43.666;0.0;10.0;436.65999999999997
15;2;48;7.554;0.0;0.0;0.0;7.554;7.554;0.0;10.0;75.54
15;2;49;9.184;0.0;0.0;0.0;9.184;9.184;0.0;10.0;91.83999999999999
15;2;50;46.844;0.0;0.0;0.0;46.844;46.844;0.0;10.0;468.44
15;2;51;47.882;0.0;0.0;0.0;47.882;47.882;0.0;10.0;478.82
15;2;52;48.528999999999996;0.0;0.0;0.0;48.529;48.529;0.0;10.0;485.29
15;2;53;50.29;0.0;0.0;0.0;50.29;50.29;0.0;10.0;502.9
15;2;54;50.096000000000004;0.0;0.0;0.0;50.096;50.096;0.0;10.0;500.96
15;2;55;84.299;0.0;0.0;0.0;84.299;84.299;0.0;10.0;842.99
15;2;56;100.969;0.0;0.0;0.0;100.969;100.969;0.0;10.0;1009.6899999999999
15;2;57;77.029;0.0;0.0;0.0;77.029;77.029;0.0;10.0;770.29
15;2;58;73.322;0.0;0.0;0.0;73.322;73.322;0.0;10.0;733.22
15;2;59;63.998000000000005;0.0;0.0;0.0;63.998;63.998;0.0;10.0;639.98
15;2;60;57.786;0.0;0.00017;0.0;57.78583;57.786;0.0;10.0;577.86
15;2;61;46.638999999999996;0.0;0.0;0.0;46.639;46.639;0.0;10.0;466.39000000000004
15;2;62;54.718;0.0;0.0;0.0;54.718;54.718;0.0;10.0;547.1800000000001
15;2;63;48.554;0.0;0.0;0.0;48.554;48.554;0.0;10.0;485.54
15;2;64;76.78999999999999;0.0;0.0;0.0;76.79;76.79;0.0;10.0;767.9000000000001
15;2;65;194.762;0.0;0.0;0.0;194.762;194.762;0.0;10.0;1947.62
15;2;66;64.171;0.0;0.0;0.0;64.171;64.171;0.0;10.0;641.71
15;2;67;59.992000000000004;0.0;0.0;0.0;59.992;59.992;0.0;10.0;599.92
15;2;68;85.975;0.0;0.0;0.0;85.975;85.975;0.0;10.0;859.75
15;2;69;69.631;0.0;0.0;0.0;69.631;69.631;0.0;10.0;696.31
15;2;70;62.278;0.0;0.0;0.0;62.278;62.278;0.0;10.0;622.78
15;2;71;33.443;0.0;0.0;0.0;33.443;33.443;0.0;10.0;334.42999999999995
15;2;72;10.713;0.0;0.0;0.0;10.713;10.713;0.0;10.0;107.13
15;2;73;46.333;0.0;0.0;0.0;46.333;46.333;0.0;10.0;463.33
15;2;74;44.010999999999996;0.0;0.0;0.0;44.011;44.011;0.0;10.0;440.11
15;2;75;48.166;0.0;0.0;0.0;48.166;48.166;0.0;10.0;481.65999999999997
15;2;76;46.723;0.0;0.0;0.0;46.723;46.723;0.0;10.0;467.23
15;2;77;47.01;0.0;0.0;0.0;47.01;47.01;0.0;10.0;470.09999999999997
15;2;78;49.021;0.0;0.0;0.0;49.021;49.021;0.0;10.0;490.21000000000004
15;2;79;76.31;0.0;0.0;0.0;76.31;76.31;0.0;10.0;763.1
15;2;80;91.555;0.0;0.00032;0.0;91.55468;91.555;0.0;10.0;915.5500000000001
15;2;81;85.012;0.0;10.15114;0.0;74.86086;85.012;0.0;10.0;850.12
15;2;82;72.828;0.0;0.0;0.0;72.828;72.828;0.0;10.0;728.28
15;2;83;63.055;0.0;19.86625;0.0;43.18875;63.055;0.0;10.0;630.55
15;2;84;61.735;0.0;43.68073;0.0;18.05427;61.735;0.0;10.0;617.35
15;2;85;58.893;0.0;21.51442;0.0;37.37858;58.893;0.0;10.0;588.9300000000001
15;2;86;178.48100000000002;0.0;0.0;0.0;178.481;178.481;0.0;10.0;1784.81
15;2;87;64.941;0.0;0.0;0.0;64.941;64.941;0.0;10.0;649.4100000000001
15;2;88;42.167;0.0;0.0;0.0;42.167;42.167;0.0;10.0;421.67
15;2;89;57.259;0.0;0.00012;0.0;57.25888;57.259;0.0;10.0;572.59
15;2;90;66.474;0.0;0.0;0.0;66.474;66.474;0.0;10.0;664.74
15;2;91;67.656;0.0;0.0;0.0;67.656;67.656;0.0;10.0;676.5600000000001
15;2;92;205.607;0.0;0.0;0.0;205.607;205.607;0.0;10.0;2056.07
15;2;93;90.108;0.0;0.0;0.0;90.108;90.108;0.0;10.0;901.08
15;2;94;60.145;0.0;0.0;0.0;60.145;60.145;0.0;10.0;601.45
15;2;95;76.044;0.0;0.0;0.0;76.044;76.044;0.0;10.0;760.4399999999999
15;2;96;7.501;0.0;0.0;0.0;7.501;7.501;0.0;10.0;75.01
15;2;97;15.296;0.0;0.0;0.0;15.296;15.296;0.0;10.0;152.95999999999998
15;2;98;76.503;0.0;0.0;0.0;76.503;76.503;0.0;10.0;765.03
15;2;99;162.05499999999998;0.0;0.0;0.0;162.055;162.055;0.0;10.0;1620.5500000000002
15;2;100;63.968;0.0;0.0;0.0;63.968;63.968;0.0;10.0;639.6800000000001
15;2;101;12.258;0.0;0.0;0.0;12.258;12.258;0.0;10.0;122.57999999999998
15;2;102;96.261;0.0;0.0;0.0;96.261;96.261;0.0;10.0;962.6099999999999
15;2;103;109.562;0.0;0.0;0.0;109.562;109.562;0.0;10.0;1095.62
15;2;104;127.344;0.0;2.77685;0.0;124.56715;127.344;0.0;10.0;1273.44
15;2;105;119.54400000000001;0.0;26.39014;0.0;93.15386;119.544;0.0;10.0;1195.44
15;2;106;107.411;0.0;25.69425;0.0;81.71675;107.411;0.0;10.0;1074.1100000000001
15;2;107;113.49799999999999;0.0;8.01819;0.0;105.47981;113.498;0.0;10.0;1134.98
15;2;108;108.11099999999999;0.0;24.2324;0.0;83.8786;108.111;0.0;10.0;1081.1100000000001
15;2;109;144.037;0.0;24.50765;0.0;119.52935;144.037;0.0;10.0;1440.3700000000001
15;2;110;40.867;0.0;6.632;0.0;34.235;40.867;0.0;10.0;408.66999999999996
15;2;111;93.03;0.0;0.0;0.0;93.03;93.03;0.0;10.0;930.3
15;2;112;113.366;0.0;0.0;0.0;113.366;113.366;0.0;10.0;1133.66
15;2;113;103.529;0.0;0.0;0.0;103.529;103.529;0.0;10.0;1035.29
15;2;114;120.784;0.0;0.0;0.0;120.784;120.784;0.0;10.0;1207.8400000000001
15;2;115;125.164;0.0;0.0;0.0;125.164;125.164;0.0;10.0;1251.64
15;2;116;133.289;0.0;0.0;0.0;133.289;133.289;0.0;10.0;1332.8899999999999
15;2;117;118.911;0.0;0.0;0.0;118.911;118.911;0.0;10.0;1189.1100000000001
15;2;118;114.87899999999999;0.0;0.0;0.0;114.879;114.879;0.0;10.0;1148.79
15;2;119;194.10500000000002;0.0;0.0;0.0;194.105;194.105;0.0;10.0;1941.05
15;2;120;7.595;0.0;0.0;0.0;7.595;7.595;0.0;10.0;75.95
15;2;121;128.04500000000002;0.0;0.0;0.0;128.045;128.045;0.0;10.0;1280.4499999999998
15;2;122;9.93;0.0;0.0;0.0;9.93;9.93;0.0;10.0;99.3
15;2;123;83.44900000000001;0.0;0.0;0.0;83.449;83.449;0.0;10.0;834.49
15;2;124;86.351;0.0;0.0;0.0;86.351;86.351;0.0;10.0;863.51
15;2;125;86.94399999999999;0.0;0.0;0.0;86.944;86.944;0.0;10.0;869.44
15;2;126;101.89;0.0;0.0;0.0;101.89;101.89;0.0;10.0;1018.9
15;2;127;125.185;0.0;0.0;0.0;125.185;125.185;0.0;10.0;1251.85
15;2;128;142.90699999999998;0.0;0.0;0.0;142.907;142.907;0.0;10.0;1429.0700000000002
15;2;129;114.137;0.0;0.0;0.0;114.137;114.137;0.0;10.0;1141.37
15;2;130;110.833;0.0;0.0;0.0;110.833;110.833;0.0;10.0;1108.33
15;2;131;97.29499999999999;0.0;0.0;0.0;97.295;97.295;0.0;10.0;972.95
15;2;132;92.18700000000001;0.0;9.81851;0.0;82.36849;92.187;0.0;10.0;921.87
15;2;133;86.432;0.0;18.28093;0.0;68.15107;86.432;0.0;10.0;864.32
15;2;134;175.979;0.0;0.0;0.0;175.979;175.979;0.0;10.0;1759.7900000000002
15;2;135;137.601;0.0;0.0;0.0;137.601;137.601;0.0;10.0;1376.01
15;2;136;54.745;0.0;0.0;0.0;54.745;54.745;0.0;10.0;547.4499999999999
15;2;137;59.686;0.0;0.0;0.0;59.686;59.686;0.0;10.0;596.86
15;2;138;63.869;0.0;0.0;0.0;63.869;63.869;0.0;10.0;638.69
15;2;139;230.29999999999998;0.0;0.0;0.0;230.3;230.3;0.0;10.0;2303.0
15;2;140;69.934;0.0;0.0;0.0;69.934;69.934;0.0;10.0;699.3399999999999
15;2;141;76.027;0.0;0.0;0.0;76.027;76.027;0.0;10.0;760.27
15;2;142;167.675;0.0;0.0;0.0;167.675;167.675;0.0;10.0;1676.75
15;2;143;47.912;0.0;0.0;0.0;47.912;47.912;0.0;10.0;479.12
15;2;144;72.537;0.0;0.0;0.0;72.537;72.537;0.0;10.0;725.3700000000001
15;2;145;80.295;0.0;0.0;0.0;80.295;80.295;0.0;10.0;802.95
15;2;146;81.50699999999999;0.0;0.0;0.0;81.507;81.507;0.0;10.0;815.07
15;2;147;82.524;0.0;0.0;0.0;82.524;82.524;0.0;10.0;825.24
15;2;148;84.307;0.0;0.0;0.0;84.307;84.307;0.0;10.0;843.07
15;2;149;82.596;0.0;0.0;0.0;82.596;82.596;0.0;10.0;825.96
15;2;150;97.47999999999999;0.0;0.0;0.0;97.48;97.48;0.0;10.0;974.8000000000001
15;2;151;125.85;0.0;0.0;0.0;125.85;125.85;0.0;10.0;1258.5
15;2;152;116.002;0.0;0.0;0.0;116.002;116.002;0.0;10.0;1160.02
15;2;153;112.715;0.0;0.0;0.0;112.715;112.715;0.0;10.0;1127.15
15;2;154;120.302;0.0;0.0;0.0;120.302;120.302;0.0;10.0;1203.02
15;2;155;96.451;0.0;0.0;0.0;96.451;96.451;0.0;10.0;964.51
15;2;156;92.71199999999999;0.0;0.0;0.0;92.712;92.712;0.0;10.0;927.12
15;2;157;101.3;0.0;0.0;0.0;101.3;101.3;0.0;10.0;1013.0
15;2;158;82.14500000000001;0.0;0.0;0.0;82.145;82.145;0.0;10.0;821.4499999999999
15;2;159;71.656;0.0;0.0;0.0;71.656;71.656;0.0;10.0;716.5600000000001
15;2;160;87.178;0.0;0.0;0.0;87.178;87.178;0.0;10.0;871.78
15;2;161;92.75999999999999;0.0;0.0;0.0;92.76;92.76;0.0;10.0;927.6
15;2;162;102.862;0.0;0.0;0.0;102.862;102.862;0.0;10.0;1028.62
15;2;163;107.497;0.0;0.0;0.0;107.497;107.497;0.0;10.0;1074.97
15;2;164;107.60900000000001;0.0;0.0;0.0;107.609;107.609;0.0;10.0;1076.09
15;2;165;106.74199999999999;0.0;0.0;0.0;106.742;106.742;0.0;10.0;1067.42
15;2;166;111.47800000000001;0.0;0.0;0.0;111.478;111.478;0.0;10.0;1114.78
15;2;167;154.938;0.0;0.0;0.0;154.938;154.938;0.0;10.0;1549.3799999999999
15;3;0;83.211;0.0;0.0;0.0;83.211;83.211;0.0;15.0;1248.165
15;3;1;161.712;0.0;0.0;0.0;161.712;161.712;0.0;15.0;2425.68
15;3;2;161.31;0.0;0.0;0.0;161.31;161.31;0.0;15.0;2419.65
15;3;3;163.458;0.0;0.0;0.0;163.458;163.458;0.0;15.0;2451.87
15;3;4;198.678;0.0;0.0;0.0;198.678;198.678;0.0;15.0;2980.17
15;3;5;137.668;0.0;0.0;0.0;137.668;137.668;0.0;15.0;2065.02
15;3;6;191.129;0.0;0.0;0.0;191.129;191.129;0.0;15.0;2866.935
15;3;7;217.22500000000002;0.0;0.0;0.0;217.225;217.225;0.0;15.0;3258.375
15;3;8;222.48399999999998;0.0;0.0;0.0;222.484;222.484;0.0;15.0;3337.26
15;3;9;201.267;0.0;0.0;0.0;201.267;201.267;0.0;15.0;3019.005
15;3;10;194.099;0.0;0.0;0.0;194.099;194.099;0.0;15.0;2911.4849999999997
15;3;11;175.629;0.0;0.0;0.0;175.629;175.629;0.0;15.0;2634.435
15;3;12;174.488;0.0;0.0;0.0;174.488;174.488;0.0;15.0;2617.32
15;3;13;161.124;0.0;17.85468;0.0;143.26932;161.124;0.0;15.0;2416.86
15;3;14;195.83;0.0;15.5389;0.0;180.2911;195.83;0.0;15.0;2937.4500000000003
15;3;15;200.024;0.0;0.0;0.0;200.024;200.024;0.0;15.0;3000.36
15;3;16;224.535;0.0;0.0;0.0;224.535;224.535;0.0;15.0;3368.025
15;3;17;116.287;0.0;0.0;0.0;116.287;116.287;0.0;15.0;1744.305
15;3;18;234.642;0.0;0.0;0.0;234.642;234.642;0.0;15.0;3519.63
15;3;19;72.949;0.0;0.0;0.0;72.949;72.949;0.0;15.0;1094.235
15;3;20;121.934;0.0;0.0;0.0;121.934;121.934;0.0;15.0;1829.01
15;3;21;208.692;0.0;0.0;0.0;208.692;208.692;0.0;15.0;3130.38
15;3;22;249.423;0.0;0.0;0.0;249.423;249.423;0.0;15.0;3741.3450000000003
15;3;23;242.574;0.0;0.0;0.0;242.574;242.574;0.0;15.0;3638.61
15;3;24;195.88400000000001;0.0;0.0;0.0;195.884;195.884;0.0;15.0;2938.2599999999998
15;3;25;15.261;0.0;0.0;0.0;15.261;15.261;0.0;15.0;228.915
15;3;26;165.47699999999998;0.0;0.0;0.0;165.477;165.477;0.0;15.0;2482.155
15;3;27;166.736;0.0;0.0;0.0;166.736;166.736;0.0;15.0;2501.04
15;3;28;171.144;0.0;0.0;0.0;171.144;171.144;0.0;15.0;2567.16
15;3;29;175.51;0.0;0.0;0.0;175.51;175.51;0.0;15.0;2632.6499999999996
15;3;30;188.525;0.0;0.0;0.0;188.525;188.525;0.0;15.0;2827.875
15;3;31;217.60899999999998;0.0;0.0;0.0;217.609;217.609;0.0;15.0;3264.135
15;3;32;217.35399999999998;0.0;0.0;0.0;217.354;217.354;0.0;15.0;3260.3100000000004
15;3;33;208.428;0.0;0.0;0.0;208.428;208.428;0.0;15.0;3126.42
15;3;34;195.577;0.0;0.0;0.0;195.577;195.577;0.0;15.0;2933.6549999999997
15;3;35;175.754;0.0;0.0;0.0;175.754;175.754;0.0;15.0;2636.31
15;3;36;183.448;0.0;0.0;0.0;183.448;183.448;0.0;15.0;2751.7200000000003
15;3;37;175.322;0.0;0.0;0.0;175.322;175.322;0.0;15.0;2629.83
15;3;38;186.24699999999999;0.0;0.0;0.0;186.247;186.247;0.0;15.0;2793.7050000000004
15;3;39;187.239;0.0;0.0;0.0;187.239;187.239;0.0;15.0;2808.585
15;3;40;200.594;0.0;0.0;0.0;200.594;200.594;0.0;15.0;3008.91
15;3;41;205.63;0.0;0.0;0.0;205.63;205.63;0.0;15.0;3084.45
15;3;42;216.574;0.0;0.0;0.0;216.574;216.574;0.0;15.0;3248.61
15;3;43;217.52300000000002;0.0;0.0;0.0;217.523;217.523;0.0;15.0;3262.845
15;3;44;220.247;0.0;0.0;0.0;220.247;220.247;0.0;15.0;3303.7050000000004
15;3;45;203.172;0.0;0.0;0.0;203.172;203.172;0.0;15.0;3047.58
15;3;46;197.349;0.0;0.0;0.0;197.349;197.349;0.0;15.0;2960.2349999999997
15;3;47;162.965;0.0;0.0;0.0;162.965;162.965;0.0;15.0;2444.475
15;3;48;115.566;0.0;0.0;0.0;115.566;115.566;0.0;15.0;1733.49
15;3;49;111.68900000000001;0.0;0.0;0.0;111.689;111.689;0.0;15.0;1675.3349999999998
15;3;50;109.42;0.0;0.0;0.0;109.42;109.42;0.0;15.0;1641.3
15;3;51;106.756;0.0;0.0;0.0;106.756;106.756;0.0;15.0;1601.34
15;3;52;106.905;0.0;0.0;0.0;106.905;106.905;0.0;15.0;1603.575
15;3;53;106.187;0.0;0.0;0.0;106.187;106.187;0.0;15.0;1592.805
15;3;54;110.41499999999999;0.0;0.0;0.0;110.415;110.415;0.0;15.0;1656.2250000000001
15;3;55;153.502;0.0;0.0;0.0;153.502;153.502;0.0;15.0;2302.53
15;3;56;178.977;0.0;0.0;0.0;178.977;178.977;0.0;15.0;2684.655
15;3;57;137.734;0.0;0.0;0.0;137.734;137.734;0.0;15.0;2066.01
15;3;58;143.743;0.0;0.0;0.0;143.743;143.743;0.0;15.0;2156.145
15;3;59;138.26500000000001;0.0;0.0;0.0;138.265;138.265;0.0;15.0;2073.975
15;3;60;127.773;0.0;0.0;0.0;127.773;127.773;0.0;15.0;1916.595
15;3;61;131.745;0.0;0.0;0.0;131.745;131.745;0.0;15.0;1976.1750000000002
15;3;62;117.978;0.0;0.0;0.0;117.978;117.978;0.0;15.0;1769.6699999999998
15;3;63;126.56400000000001;0.0;0.0;0.0;126.564;126.564;0.0;15.0;1898.4599999999998
15;3;64;142.401;0.0;0.0;0.0;142.401;142.401;0.0;15.0;2136.0150000000003
15;3;65;217.10699999999997;0.0;0.0;0.0;217.107;217.107;0.0;15.0;3256.605
15;3;66;229.08;0.0;0.0;0.0;229.08;229.08;0.0;15.0;3436.2000000000003
15;3;67;160.754;0.0;0.0;0.0;160.754;160.754;0.0;15.0;2411.31
15;3;68;156.24;0.0;0.0;0.0;156.24;156.24;0.0;15.0;2343.6000000000004
15;3;69;79.863;0.0;0.0;0.0;79.863;79.863;0.0;15.0;1197.945
15;3;70;64.866;0.0;0.0;0.0;64.866;64.866;0.0;15.0;972.99
15;3;71;141.086;0.0;0.0;0.0;141.086;141.086;0.0;15.0;2116.29
15;3;72;109.00399999999999;0.0;0.0;0.0;109.004;109.004;0.0;15.0;1635.0600000000002
15;3;73;116.154;0.0;0.0;0.0;116.154;116.154;0.0;15.0;1742.31
15;3;74;112.62599999999999;0.0;0.0;0.0;112.626;112.626;0.0;15.0;1689.39
15;3;75;120.963;0.0;0.0;0.0;120.963;120.963;0.0;15.0;1814.445
15;3;76;117.41399999999999;0.0;0.0;0.0;117.414;117.414;0.0;15.0;1761.21
15;3;77;119.68900000000001;0.0;0.0;0.0;119.689;119.689;0.0;15.0;1795.3349999999998
15;3;78;187.81900000000002;0.0;0.0;0.0;187.819;187.819;0.0;15.0;2817.285
15;3;79;86.927;0.0;0.0;0.0;86.927;86.927;0.0;15.0;1303.9050000000002
15;3;80;158.951;0.0;0.0;0.0;158.951;158.951;0.0;15.0;2384.265
15;3;81;151.73;0.0;0.0;0.0;151.73;151.73;0.0;15.0;2275.95
15;3;82;168.256;0.0;0.0;0.0;168.256;168.256;0.0;15.0;2523.84
15;3;83;159.94;0.0;0.0;0.0;159.94;159.94;0.0;15.0;2399.1
15;3;84;157.976;0.0;0.0;0.0;157.976;157.976;0.0;15.0;2369.64
15;3;85;217.15599999999998;0.0;0.0;0.0;217.156;217.156;0.0;15.0;3257.34
15;3;86;77.947;0.0;0.0;0.0;77.947;77.947;0.0;15.0;1169.205
15;3;87;209.903;0.0;0.0;0.0;209.903;209.903;0.0;15.0;3148.545
15;3;88;149.104;0.0;0.0;0.0;149.104;149.104;0.0;15.0;2236.5600000000004
15;3;89;237.457;0.0;0.0;0.0;237.457;237.457;0.0;15.0;3561.855
15;3;90;231.054;0.0;0.0;0.0;231.054;231.054;0.0;15.0;3465.81
15;3;91;109.542;0.0;0.0;0.0;109.542;109.542;0.0;15.0;1643.13
15;3;92;63.903;0.0;0.0;0.0;63.903;63.903;0.0;15.0;958.545
15;3;93;191.97400000000002;0.0;0.0;0.0;191.974;191.974;0.0;15.0;2879.6099999999997
15;3;94;189.934;0.0;0.0;0.0;189.934;189.934;0.0;15.0;2849.0099999999998
15;3;95;176.809;0.0;0.0;0.0;176.809;176.809;0.0;15.0;2652.1349999999998
15;3;96;176.295;0.0;0.0;0.0;176.295;176.295;0.0;15.0;2644.4249999999997
15;3;97;185.80100000000002;0.0;0.0;0.0;185.801;185.801;0.0;15.0;2787.015
15;3;98;183.587;0.0;0.0;0.0;183.587;183.587;0.0;15.0;2753.805
15;3;99;188.429;0.0;0.0;0.0;188.429;188.429;0.0;15.0;2826.435
15;3;100;185.716;0.0;0.0;0.0;185.716;185.716;0.0;15.0;2785.7400000000002
15;3;101;179.60600000000002;0.0;0.0;0.0;179.606;179.606;0.0;15.0;2694.09
15;3;102;189.54899999999998;0.0;0.0;0.0;189.549;189.549;0.0;15.0;2843.235
15;3;103;207.719;0.0;0.0;0.0;207.719;207.719;0.0;15.0;3115.785
15;3;104;206.154;0.0;0.0;0.0;206.154;206.154;0.0;15.0;3092.31
15;3;105;235.215;0.0;0.0;0.0;235.215;235.215;0.0;15.0;3528.225
15;3;106;195.935;0.0;0.0;0.0;195.935;195.935;0.0;15.0;2939.025
15;3;107;212.015;0.0;0.0;0.0;212.015;212.015;0.0;15.0;3180.225
15;3;108;219.47199999999998;0.0;0.0;0.0;219.472;219.472;0.0;15.0;3292.08
15;3;109;202.382;0.0;0.0;0.0;202.382;202.382;0.0;15.0;3035.73
15;3;110;201.97299999999998;0.0;0.0;0.0;201.973;201.973;0.0;15.0;3029.5950000000003
15;3;111;201.344;0.0;0.0;0.0;201.344;201.344;0.0;15.0;3020.16
15;3;112;211.164;0.0;0.0;0.0;211.164;211.164;0.0;15.0;3167.46
15;3;113;208.627;0.0;0.0;0.0;208.627;208.627;0.0;15.0;3129.405
15;3;114;227.488;0.0;0.0;0.0;227.488;227.488;0.0;15.0;3412.32
15;3;115;221.38;0.0;0.0;0.0;221.38;221.38;0.0;15.0;3320.7
15;3;116;205.71099999999998;0.0;0.0;0.0;205.711;205.711;0.0;15.0;3085.665
15;3;117;221.183;0.0;0.0;0.0;221.183;221.183;0.0;15.0;3317.745
15;3;118;192.423;0.0;0.0;0.0;192.423;192.423;0.0;15.0;2886.3450000000003
15;3;119;219.712;0.0;0.0;0.0;219.712;219.712;0.0;15.0;3295.68
15;3;120;188.691;0.0;0.0;0.0;188.691;188.691;0.0;15.0;2830.3650000000002
15;3;121;197.19400000000002;0.0;0.0;0.0;197.194;197.194;0.0;15.0;2957.91
15;3;122;196.504;0.0;0.0;0.0;196.504;196.504;0.0;15.0;2947.56
15;3;123;198.312;0.0;0.0;0.0;198.312;198.312;0.0;15.0;2974.6800000000003
15;3;124;152.247;0.0;0.0;0.0;152.247;152.247;0.0;15.0;2283.7050000000004
15;3;125;9.908;0.0;0.0;0.0;9.908;9.908;0.0;15.0;148.62
15;3;126;202.09699999999998;0.0;0.0;0.0;202.097;202.097;0.0;15.0;3031.455
15;3;127;235.011;0.0;0.0;0.0;235.011;235.011;0.0;15.0;3525.165
15;3;128;218.782;0.0;0.0;0.0;218.782;218.782;0.0;15.0;3281.73
15;3;129;218.019;0.0;0.0;0.0;218.019;218.019;0.0;15.0;3270.285
15;3;130;208.137;0.0;0.0;0.0;208.137;208.137;0.0;15.0;3122.055
15;3;131;206.18;0.0;0.0;0.0;206.18;206.18;0.0;15.0;3092.7000000000003
15;3;132;192.005;0.0;0.0;0.0;192.005;192.005;0.0;15.0;2880.075
15;3;133;173.018;0.0;0.0;0.0;173.018;173.018;0.0;15.0;2595.27
15;3;134;192.088;0.0;0.0;0.0;192.088;192.088;0.0;15.0;2881.3199999999997
15;3;135;186.95499999999998;0.0;0.0;0.0;186.955;186.955;0.0;15.0;2804.3250000000003
15;3;136;240.443;0.0;0.0;0.0;240.443;240.443;0.0;15.0;3606.645
15;3;137;164.85500000000002;0.0;0.0;0.0;164.855;164.855;0.0;15.0;2472.825
15;3;138;224.518;0.0;0.0;0.0;224.518;224.518;0.0;15.0;3367.77
15;3;139;271.503;0.0;0.0;0.0;271.503;271.503;0.0;15.0;4072.5449999999996
15;3;140;198.51999999999998;0.0;0.0;0.0;198.52;198.52;0.0;15.0;2977.8
15;3;141;237.327;0.0;0.0;0.0;237.327;237.327;0.0;15.0;3559.9049999999997
15;3;142;227.52499999999998;0.0;0.0;0.0;227.525;227.525;0.0;15.0;3412.875
15;3;143;207.10199999999998;0.0;0.0;0.0;207.102;207.102;0.0;15.0;3106.53
15;3;144;197.593;0.0;0.0;0.0;197.593;197.593;0.0;15.0;2963.895
15;3;145;149.628;0.0;0.0;0.0;149.628;149.628;0.0;15.0;2244.4199999999996
15;3;146;201.544;0.0;0.0;0.0;201.544;201.544;0.0;15.0;3023.1600000000003
15;3;147;157.12800000000001;0.0;0.0;0.0;157.128;157.128;0.0;15.0;2356.9199999999996
15;3;148;181.775;0.0;0.0;0.0;181.775;181.775;0.0;15.0;2726.625
15;3;149;186.175;0.0;0.0;0.0;186.175;186.175;0.0;15.0;2792.625
15;3;150;204.41799999999998;0.0;0.0;0.0;204.418;204.418;0.0;15.0;3066.27
15;3;151;216.907;0.0;0.0;0.0;216.907;216.907;0.0;15.0;3253.605
15;3;152;220.501;0.0;0.0;0.0;220.501;220.501;0.0;15.0;3307.515
15;3;153;188.435;0.0;0.0;0.0;188.435;188.435;0.0;15.0;2826.525
15;3;154;177.998;0.0;0.0;0.0;177.998;177.998;0.0;15.0;2669.97
15;3;155;167.582;0.0;0.0;0.0;167.582;167.582;0.0;15.0;2513.73
15;3;156;165.192;0.0;0.0;0.0;165.192;165.192;0.0;15.0;2477.88
15;3;157;215.521;0.0;0.0;0.0;215.521;215.521;0.0;15.0;3232.8149999999996
15;3;158;112.273;0.0;0.0;0.0;112.273;112.273;0.0;15.0;1684.095
15;3;159;166.703;0.0;0.0;0.0;166.703;166.703;0.0;15.0;2500.545
15;3;160;164.127;0.0;0.0;0.0;164.127;164.127;0.0;15.0;2461.905
15;3;161;184.89499999999998;0.0;0.0;0.0;184.895;184.895;0.0;15.0;2773.425
15;3;162;183.73;0.0;0.0;0.0;183.73;183.73;0.0;15.0;2755.95
15;3;163;198.64100000000002;0.0;0.0;0.0;198.641;198.641;0.0;15.0;2979.615
15;3;164;173.125;0.0;0.0;0.0;173.125;173.125;0.0;15.0;2596.875
15;3;165;184.273;0.0;0.0;0.0;184.273;184.273;0.0;15.0;2764.095
15;3;166;236.633;0.0;0.0;0.0;236.633;236.633;0.0;15.0;3549.4950000000003
15;3;167;165.986;0.0;0.0;0.0;165.986;165.986;0.0;15.0;2489.79
20;0;0;164.047;0.0;0.0;0.0;164.047;164.047;0.0;5.0;820.235
20;0;1;188.369;0.0;0.0;0.0;188.369;188.369;0.0;5.0;941.845
20;0;2;9.868;0.0;0.0;0.0;9.868;9.868;0.0;5.0;49.34
20;0;3;34.797;0.0;0.0;0.0;34.797;34.797;0.0;5.0;173.98499999999999
20;0;4;126.531;0.0;0.0;0.0;126.531;126.531;0.0;5.0;632.655
20;0;5;128.627;0.0;0.0;0.0;128.627;128.627;0.0;5.0;643.135
20;0;6;142.061;0.0;0.0;0.0;142.061;142.061;0.0;5.0;710.3050000000001
20;0;7;164.964;0.0;0.0;0.0;164.964;164.964;0.0;5.0;824.8199999999999
20;0;8;150.298;0.0;0.0;0.0;150.298;150.298;0.0;5.0;751.49
20;0;9;143.35500000000002;0.0;0.0;0.0;143.355;143.355;0.0;5.0;716.775
20;0;10;119.63300000000001;0.0;0.0;0.0;119.633;119.633;0.0;5.0;598.165
20;0;11;112.963;0.0;0.0;0.0;112.963;112.963;0.0;5.0;564.8149999999999
20;0;12;107.72999999999999;0.0;0.0;0.0;107.73;107.73;0.0;5.0;538.65
20;0;13;98.57300000000001;0.0;0.0;0.0;98.573;98.573;0.0;5.0;492.86499999999995
20;0;14;198.328;0.0;0.0;0.0;198.328;198.328;0.0;5.0;991.64
20;0;15;72.937;0.0;0.0;0.0;72.937;72.937;0.0;5.0;364.685
20;0;16;189.744;0.0;0.00031;0.0;189.74369;189.744;0.0;5.0;948.72
20;0;17;56.5;0.0;0.0;0.0;56.5;56.5;0.0;5.0;282.5
20;0;18;164.765;0.0;0.0;0.0;164.765;164.765;0.0;5.0;823.8249999999999
20;0;19;65.85;0.0;0.0;0.0;65.85;65.85;0.0;5.0;329.25
20;0;20;233.487;0.0;0.0;0.0;233.487;233.487;0.0;5.0;1167.435
20;0;21;144.26;0.0;0.0;0.0;144.26;144.26;0.0;5.0;721.3
20;0;22;134.889;0.0;0.0;0.0;134.889;134.889;0.0;5.0;674.445
20;0;23;36.401;0.0;0.0;0.0;36.401;36.401;0.0;5.0;182.00500000000002
20;0;24;10.609;0.0;0.0;0.0;10.609;10.609;0.0;5.0;53.045
20;0;25;117.786;0.0;0.0;0.0;117.786;117.786;0.0;5.0;588.9300000000001
20;0;26;117.104;0.0;0.0;0.0;117.104;117.104;0.0;5.0;585.52
20;0;27;124.239;0.0;0.0;0.0;124.239;124.239;0.0;5.0;621.195
20;0;28;125.318;0.0;0.0;0.0;125.318;125.318;0.0;5.0;626.59
20;0;29;194.733;0.0;0.0;0.0;194.733;194.733;0.0;5.0;973.665
20;0;30;85.345;0.0;0.0;0.0;85.345;85.345;0.0;5.0;426.725
20;0;31;176.57299999999998;0.0;0.0;0.0;176.573;176.573;0.0;5.0;882.865
20;0;32;176.403;0.0;0.0;0.0;176.403;176.403;0.0;5.0;882.015
20;0;33;162.867;0.0;0.0;0.0;162.867;162.867;0.0;5.0;814.3349999999999
20;0;34;155.69;0.0;0.0;0.0;155.69;155.69;0.0;5.0;778.45
20;0;35;151.96699999999998;0.0;1.77345;0.0;150.19355;151.967;0.0;5.0;759.835
20;0;36;212.90699999999998;0.0;0.0;0.0;212.907;212.907;0.0;5.0;1064.535
20;0;37;70.745;0.0;13.3677;0.0;57.3773;70.745;0.0;5.0;353.725
20;0;38;141.53300000000002;0.0;32.79565;0.0;108.73735;141.533;0.0;5.0;707.665
20;0;39;138.63;0.0;18.23916;0.0;120.39084;138.63;0.0;5.0;693.15
20;0;40;141.31;0.0;0.0;0.0;141.31;141.31;0.0;5.0;706.55
20;0;41;159.643;0.0;0.0;0.0;159.643;159.643;0.0;5.0;798.215
20;0;42;166.57;0.0;0.0;0.0;166.57;166.57;0.0;5.0;832.8499999999999
20;0;43;163.018;0.0;0.0;0.0;163.018;163.018;0.0;5.0;815.09
20;0;44;172.36599999999999;0.0;0.0;0.0;172.366;172.366;0.0;5.0;861.83
20;0;45;169.86700000000002;0.0;0.0;0.0;169.867;169.867;0.0;5.0;849.3349999999999
20;0;46;154.019;0.0;0.0;0.0;154.019;154.019;0.0;5.0;770.095
20;0;47;142.885;0.0;0.0;0.0;142.885;142.885;0.0;5.0;714.425
20;0;48;92.75500000000001;0.0;0.0;0.0;92.755;92.755;0.0;5.0;463.775
20;0;49;100.48;0.0;0.0;0.0;100.48;100.48;0.0;5.0;502.40000000000003
20;0;50;96.45;0.0;0.0;0.0;96.45;96.45;0.0;5.0;482.25
20;0;51;99.348;0.0;0.0;0.0;99.348;99.348;0.0;5.0;496.74
20;0;52;99.1;0.0;0.0;0.0;99.1;99.1;0.0;5.0;495.5
20;0;53;100.982;0.0;0.0;0.0;100.982;100.982;0.0;5.0;504.90999999999997
20;0;54;105.53200000000001;0.0;0.0;0.0;105.532;105.532;0.0;5.0;527.66
20;0;55;148.051;0.0;0.0;0.0;148.051;148.051;0.0;5.0;740.2549999999999
20;0;56;169.874;0.0;0.0;0.0;169.874;169.874;0.0;5.0;849.37
20;0;57;130.334;0.0;0.0;0.0;130.334;130.334;0.0;5.0;651.6700000000001
20;0;58;117.20599999999999;0.0;0.0;0.0;117.206;117.206;0.0;5.0;586.03
20;0;59;113.642;0.0;0.94048;0.0;112.70152;113.642;0.0;5.0;568.21
20;0;60;97.721;0.0;0.0;0.0;97.721;97.721;0.0;5.0;488.605
20;0;61;91.584;0.0;0.0;0.0;91.584;91.584;0.0;5.0;457.92
20;0;62;88.249;0.0;0.0;0.0;88.249;88.249;0.0;5.0;441.245
20;0;63;91.611;0.0;0.70765;0.0;90.90335;91.611;0.0;5.0;458.055
20;0;64;93.50999999999999;0.0;1.75088;0.0;91.75912;93.51;0.0;5.0;467.55
20;0;65;91.929;0.0;0.0;0.0;91.929;91.929;0.0;5.0;459.645
20;0;66;108.118;0.0;0.0;0.0;108.118;108.118;0.0;5.0;540.5899999999999
20;0;67;219.023;0.0;0.0;0.0;219.023;219.023;0.0;5.0;1095.115
20;0;68;58.499;0.0;0.0;0.0;58.499;58.499;0.0;5.0;292.495
20;0;69;58.384;0.0;0.0;0.0;58.384;58.384;0.0;5.0;291.92
20;0;70;94.864;0.0;0.0;0.0;94.864;94.864;0.0;5.0;474.32000000000005
20;0;71;94.191;0.0;0.0;0.0;94.191;94.191;0.0;5.0;470.95500000000004
20;0;72;121.118;0.0;0.0;0.0;121.118;121.118;0.0;5.0;605.5899999999999
20;0;73;17.397;0.0;0.0;0.0;17.397;17.397;0.0;5.0;86.98499999999999
20;0;74;70.6;0.0;0.0;0.0;70.6;70.6;0.0;5.0;353.0
20;0;75;74.539;0.0;0.0;0.0;74.539;74.539;0.0;5.0;372.695
20;0;76;70.457;0.0;0.0;0.0;70.457;70.457;0.0;5.0;352.28499999999997
20;0;77;72.626;0.0;0.0;0.0;72.626;72.626;0.0;5.0;363.13
20;0;78;75.641;0.0;0.0;0.0;75.641;75.641;0.0;5.0;378.20500000000004
20;0;79;101.45100000000001;0.0;0.0;0.0;101.451;101.451;0.0;5.0;507.255
20;0;80;112.483;0.0;0.0;0.0;112.483;112.483;0.0;5.0;562.415
20;0;81;101.461;0.0;0.0;0.0;101.461;101.461;0.0;5.0;507.305
20;0;82;97.361;0.0;0.0;0.0;97.361;97.361;0.0;5.0;486.805
20;0;83;84.849;0.0;0.0;0.0;84.849;84.849;0.0;5.0;424.245
20;0;84;94.953;0.0;0.0;0.0;94.953;94.953;0.0;5.0;474.765
20;0;85;93.00800000000001;0.0;0.0;0.0;93.008;93.008;0.0;5.0;465.03999999999996
20;0;86;89.452;0.0;0.0;0.0;89.452;89.452;0.0;5.0;447.26
20;0;87;89.27199999999999;0.0;0.0;0.0;89.272;89.272;0.0;5.0;446.36
20;0;88;183.493;0.0;0.0;0.0;183.493;183.493;0.0;5.0;917.4649999999999
20;0;89;158.583;0.0;0.0;0.0;158.583;158.583;0.0;5.0;792.915
20;0;90;44.815;0.0;0.0;0.0;44.815;44.815;0.0;5.0;224.075
20;0;91;140.376;0.0;0.0;0.0;140.376;140.376;0.0;5.0;701.88
20;0;92;58.98;0.0;0.0;0.0;58.98;58.98;0.0;5.0;294.9
20;0;93;222.402;0.0;0.0;0.0;222.402;222.402;0.0;5.0;1112.01
20;0;94;50.693;0.0;0.0;0.0;50.693;50.693;0.0;5.0;253.46499999999997
20;0;95;193.029;0.0;0.0;0.0;193.029;193.029;0.0;5.0;965.145
20;0;96;113.486;0.0;0.0;0.0;113.486;113.486;0.0;5.0;567.4300000000001
20;0;97;123.054;0.0;0.0;0.0;123.054;123.054;0.0;5.0;615.27
20;0;98;126.938;0.0;0.0;0.0;126.938;126.938;0.0;5.0;634.69
20;0;99;12.277;0.0;0.0;0.0;12.277;12.277;0.0;5.0;61.385
20;0;100;56.383;0.0;0.0;0.0;56.383;56.383;0.0;5.0;281.915
20;0;101;137.905;0.0;0.0;0.0;137.905;137.905;0.0;5.0;689.525
20;0;102;153.584;0.0;0.0;0.0;153.584;153.584;0.0;5.0;767.9200000000001
20;0;103;172.207;0.0;0.0;0.0;172.207;172.207;0.0;5.0;861.035
20;0;104;170.24;0.0;0.0;0.0;170.24;170.24;0.0;5.0;851.2
20;0;105;176.659;0.0;0.0;0.0;176.659;176.659;0.0;5.0;883.295
20;0;106;150.69400000000002;0.0;0.0;0.0;150.694;150.694;0.0;5.0;753.4699999999999
20;0;107;160.74099999999999;0.0;0.0;0.0;160.741;160.741;0.0;5.0;803.705
20;0;108;152.275;0.0;0.0;0.0;152.275;152.275;0.0;5.0;761.375
20;0;109;151.683;0.0;0.0;0.0;151.683;151.683;0.0;5.0;758.415
20;0;110;146.123;0.0;0.0;0.0;146.123;146.123;0.0;5.0;730.615
20;0;111;130.547;0.0;0.0;0.0;130.547;130.547;0.0;5.0;652.735
20;0;112;143.31900000000002;0.0;0.0;0.0;143.319;143.319;0.0;5.0;716.5949999999999
20;0;113;137.005;0.0;0.0;0.0;137.005;137.005;0.0;5.0;685.025
20;0;114;148.06099999999998;0.0;0.0;0.0;148.061;148.061;0.0;5.0;740.3050000000001
20;0;115;199.696;0.0;0.0;0.0;199.696;199.696;0.0;5.0;998.48
20;0;116;241.394;0.0;0.0;0.0;241.394;241.394;0.0;5.0;1206.97
20;0;117;232.73399999999998;0.0;0.0;0.0;232.734;232.734;0.0;5.0;1163.67
20;0;118;152.89600000000002;0.0;0.0;0.0;152.896;152.896;0.0;5.0;764.4799999999999
20;0;119;154.429;0.0;0.0;0.0;154.429;154.429;0.0;5.0;772.145
20;0;120;7.503;0.0;0.0;0.0;7.503;7.503;0.0;5.0;37.515
20;0;121;48.827999999999996;0.0;0.0;0.0;48.828;48.828;0.0;5.0;244.14000000000001
20;0;122;135.60399999999998;0.0;0.0;0.0;135.604;135.604;0.0;5.0;678.0200000000001
20;0;123;136.88400000000001;0.0;0.0;0.0;136.884;136.884;0.0;5.0;684.42
20;0;124;136.37;0.0;0.0;0.0;136.37;136.37;0.0;5.0;681.85
20;0;125;144.235;0.0;0.0;0.0;144.235;144.235;0.0;5.0;721.1750000000001
20;0;126;160.75699999999998;0.0;0.0;0.0;160.757;160.757;0.0;5.0;803.7850000000001
20;0;127;187.753;0.0;0.0;0.0;187.753;187.753;0.0;5.0;938.7649999999999
20;0;128;175.75199999999998;0.0;0.0;0.0;175.752;175.752;0.0;5.0;878.76
20;0;129;167.783;0.0;0.0;0.0;167.783;167.783;0.0;5.0;838.915
20;0;130;153.254;0.0;0.0;0.0;153.254;153.254;0.0;5.0;766.27
20;0;131;158.971;0.0;0.0;0.0;158.971;158.971;0.0;5.0;794.855
20;0;132;144.57299999999998;0.0;0.0;0.0;144.573;144.573;0.0;5.0;722.865
20;0;133;135.141;0.0;0.0;0.0;135.141;135.141;0.0;5.0;675.7049999999999
20;0;134;202.27300000000002;0.0;0.0;0.0;202.273;202.273;0.0;5.0;1011.365
20;0;135;206.409;0.0;0.0;0.0;206.409;206.409;0.0;5.0;1032.045
20;0;136;170.41899999999998;0.0;0.0;0.0;170.419;170.419;0.0;5.0;852.095
20;0;137;62.195;0.0;0.0;0.0;62.195;62.195;0.0;5.0;310.975
20;0;138;70.126;0.0;0.0;0.0;70.126;70.126;0.0;5.0;350.63
20;0;139;172.76600000000002;0.0;0.0;0.0;172.766;172.766;0.0;5.0;863.8299999999999
20;0;140;216.893;0.0;0.0;0.0;216.893;216.893;0.0;5.0;1084.465
20;0;141;248.809;0.0;0.0;0.0;248.809;248.809;0.0;5.0;1244.045
20;0;142;255.62599999999998;0.0;0.0;0.0;255.626;255.626;0.0;5.0;1278.13
20;0;143;83.721;0.0;0.0;0.0;83.721;83.721;0.0;5.0;418.605
20;0;144;7.598;0.0;0.0;0.0;7.598;7.598;0.0;5.0;37.99
20;0;145;144.717;0.0;0.0;0.0;144.717;144.717;0.0;5.0;723.585
20;0;146;144.072;0.0;0.0;0.0;144.072;144.072;0.0;5.0;720.36
20;0;147;146.153;0.0;0.0;0.0;146.153;146.153;0.0;5.0;730.765
20;0;148;148.83499999999998;0.0;0.0;0.0;148.835;148.835;0.0;5.0;744.1750000000001
20;0;149;154.445;0.0;0.0;0.0;154.445;154.445;0.0;5.0;772.2249999999999
20;0;150;165.92;0.0;0.0;0.0;165.92;165.92;0.0;5.0;829.5999999999999
20;0;151;188.21499999999997;0.0;0.0;0.0;188.215;188.215;0.0;5.0;941.075
20;0;152;189.013;0.0;0.0;0.0;189.013;189.013;0.0;5.0;945.065
20;0;153;179.893;0.0;1.91358;0.0;177.97942;179.893;0.0;5.0;899.465
20;0;154;167.762;0.0;15.16327;0.0;152.59873;167.762;0.0;5.0;838.81
20;0;155;157.221;0.0;0.0;0.0;157.221;157.221;0.0;5.0;786.105
20;0;156;152.506;0.0;14.17895;0.0;138.32705;152.506;0.0;5.0;762.53
20;0;157;130.643;0.0;0.0;0.0;130.643;130.643;0.0;5.0;653.215
20;0;158;123.702;0.0;0.0;0.0;123.702;123.702;0.0;5.0;618.51
20;0;159;129.348;0.0;0.0;0.0;129.348;129.348;0.0;5.0;646.74
20;0;160;210.113;0.0;0.0;0.0;210.113;210.113;0.0;5.0;1050.565
20;0;161;48.848;0.0;0.0;0.0;48.848;48.848;0.0;5.0;244.24
20;0;162;220.107;0.0;0.0;0.0;220.107;220.107;0.0;5.0;1100.535
20;0;163;158.39600000000002;0.0;0.0;0.0;158.396;158.396;0.0;5.0;791.9799999999999
20;0;164;235.58499999999998;0.0;0.0;0.0;235.585;235.585;0.0;5.0;1177.925
20;0;165;55.353;0.0;0.0;0.0;55.353;55.353;0.0;5.0;276.765
20;0;166;231.153;0.0;0.0;0.0;231.153;231.153;0.0;5.0;1155.7649999999999
20;0;167;38.0;0.0;0.0;0.0;38.0;38.0;0.0;5.0;190.0
20;1;0;7.529;0.0;0.0;0.0;7.529;7.529;0.0;22.0;165.638
20;1;1;12.166;0.0;0.0;0.0;12.166;12.166;0.0;22.0;267.652
20;1;2;9.759;0.0;0.0;0.0;9.759;9.759;0.0;22.0;214.698
20;1;3;12.531;0.0;0.0;0.0;12.531;12.531;0.0;22.0;275.682
20;1;4;11.731;0.0;0.0;0.0;11.731;11.731;0.0;22.0;258.082
20;1;5;11.157;0.0;0.0;0.0;11.157;11.157;0.0;22.0;245.454
20;1;6;17.907;0.0;0.0;0.0;17.907;17.907;0.0;22.0;393.954
20;1;7;35.569;0.0;1.69383;0.0;33.87517;35.569;0.0;22.0;782.518
20;1;8;43.38;0.0;11.58677;0.0;31.79323;43.38;0.0;22.0;954.36
20;1;9;47.579;0.0;25.26529;0.0;22.31371;47.579;0.0;22.0;1046.738
20;1;10;56.187;0.0;40.89311;0.0;15.29389;56.187;0.0;22.0;1236.114
20;1;11;39.313;0.0;37.13638;0.0;2.17662;39.313;0.0;22.0;864.8860000000001
20;1;12;43.482;0.0;43.482;0.0;0.0;43.482;0.0;22.0;956.604
20;1;13;47.751;0.0;47.751;0.0;0.0;47.751;0.0;22.0;1050.522
20;1;14;41.271;0.0;37.45773;0.0;3.81327;41.271;0.0;22.0;907.962
20;1;15;39.599;0.0;24.87723;0.0;14.72177;39.599;0.0;22.0;871.1779999999999
20;1;16;46.141999999999996;0.0;16.9656;0.0;29.1764;46.142;0.0;22.0;1015.124
20;1;17;49.599999999999994;0.0;8.76328;0.0;40.83672;49.6;0.0;22.0;1091.2
20;1;18;85.801;0.0;0.0;0.0;85.801;85.801;0.0;22.0;1887.622
20;1;19;68.97;0.0;0.0;0.0;68.97;68.97;0.0;22.0;1517.34
20;1;20;69.913;0.0;0.0;0.0;69.913;69.913;0.0;22.0;1538.086
20;1;21;65.959;0.0;0.0;0.0;65.959;65.959;0.0;22.0;1451.098
20;1;22;63.839;0.0;0.0;0.0;63.839;63.839;0.0;22.0;1404.458
20;1;23;48.306;0.0;0.0;0.0;48.306;48.306;0.0;22.0;1062.732
20;1;24;8.299;0.0;0.0;0.0;8.299;8.299;0.0;22.0;182.57799999999997
20;1;25;9.95;0.0;0.0;0.0;9.95;9.95;0.0;22.0;218.89999999999998
20;1;26;11.945;0.0;0.0;0.0;11.945;11.945;0.0;22.0;262.79
20;1;27;10.868;0.0;0.0;0.0;10.868;10.868;0.0;22.0;239.096
20;1;28;11.56;0.0;0.0;0.0;11.56;11.56;0.0;22.0;254.32000000000002
20;1;29;17.29;0.0;0.0;0.0;17.29;17.29;0.0;22.0;380.38
20;1;30;15.305;0.0;0.0;0.0;15.305;15.305;0.0;22.0;336.71
20;1;31;45.577;0.0;0.0;0.0;45.577;45.577;0.0;22.0;1002.694
20;1;32;43.814;0.0;10.45596;0.0;33.35804;43.814;0.0;22.0;963.908
20;1;33;41.631;0.0;22.08772;0.0;19.54328;41.631;0.0;22.0;915.8820000000001
20;1;34;39.642;0.0;27.70508;0.0;11.93692;39.642;0.0;22.0;872.124
20;1;35;38.825;0.0;34.9961;0.0;3.8289;38.825;0.0;22.0;854.1500000000001
20;1;36;34.888999999999996;0.0;34.889;0.0;0.0;34.889;0.0;22.0;767.5580000000001
20;1;37;37.926;0.0;37.926;0.0;0.0;37.926;0.0;22.0;834.3720000000001
20;1;38;35.389;0.0;35.389;0.0;0.0;35.389;0.0;22.0;778.5580000000001
20;1;39;40.051;0.0;36.47536;0.0;3.57564;40.051;0.0;22.0;881.1220000000001
20;1;40;48.577;0.0;32.106;0.0;16.471;48.577;0.0;22.0;1068.694
20;1;41;95.035;0.0;13.23723;0.0;81.79777;95.035;0.0;22.0;2090.77
20;1;42;43.446;0.0;2.43477;0.0;41.01123;43.446;0.0;22.0;955.8119999999999
20;1;43;73.201;0.0;0.0;0.0;73.201;73.201;0.0;22.0;1610.4219999999998
20;1;44;65.368;0.0;0.0;0.0;65.368;65.368;0.0;22.0;1438.096
20;1;45;74.74;0.0;0.0;0.0;74.74;74.74;0.0;22.0;1644.28
20;1;46;79.871;0.0;0.0;0.0;79.871;79.871;0.0;22.0;1757.1619999999998
20;1;47;36.799;0.0;0.0;0.0;36.799;36.799;0.0;22.0;809.578
20;1;48;7.558;0.0;0.0;0.0;7.558;7.558;0.0;22.0;166.276
20;1;49;11.075;0.0;0.0;0.0;11.075;11.075;0.0;22.0;243.64999999999998
20;1;50;11.445;0.0;0.0;0.0;11.445;11.445;0.0;22.0;251.79000000000002
20;1;51;11.457;0.0;0.0;0.0;11.457;11.457;0.0;22.0;252.05400000000003
20;1;52;9.816;0.0;0.0;0.0;9.816;9.816;0.0;22.0;215.95200000000003
20;1;53;10.751;0.0;0.0;0.0;10.751;10.751;0.0;22.0;236.522
20;1;54;11.091;0.0;0.0;0.0;11.091;11.091;0.0;22.0;244.00199999999998
20;1;55;32.752;0.0;0.0;0.0;32.752;32.752;0.0;22.0;720.5440000000001
20;1;56;41.68;0.0;9.46491;0.0;32.21509;41.68;0.0;22.0;916.96
20;1;57;38.964;0.0;22.72153;0.0;16.24247;38.964;0.0;22.0;857.208
20;1;58;45.119;0.0;35.83479;0.0;9.28421;45.119;0.0;22.0;992.6179999999999
20;1;59;47.92;0.0;47.92;0.0;0.0;47.92;0.0;22.0;1054.24
20;1;60;42.885000000000005;0.0;42.885;0.0;0.0;42.885;0.0;22.0;943.4699999999999
20;1;61;35.506;0.0;35.506;0.0;0.0;35.506;0.0;22.0;781.1320000000001
20;1;62;39.342999999999996;0.0;24.36509;0.0;14.97791;39.343;0.0;22.0;865.546
20;1;63;84.31899999999999;0.0;1.92502;0.0;82.39398;84.319;0.0;22.0;1855.018
20;1;64;33.06;0.0;13.49074;0.0;19.56926;33.06;0.0;22.0;727.32
20;1;65;37.919;0.0;10.84233;0.0;27.07667;37.919;0.0;22.0;834.218
20;1;66;50.193;0.0;0.0;0.0;50.193;50.193;0.0;22.0;1104.2459999999999
20;1;67;60.729;0.0;0.0;0.0;60.729;60.729;0.0;22.0;1336.038
20;1;68;79.498;0.0;0.0;0.0;79.498;79.498;0.0;22.0;1748.9560000000001
20;1;69;71.926;0.0;0.0;0.0;71.926;71.926;0.0;22.0;1582.372
20;1;70;54.205;0.0;0.0;0.0;54.205;54.205;0.0;22.0;1192.51
20;1;71;47.046;0.0;0.0;0.0;47.046;47.046;0.0;22.0;1035.012
20;1;72;7.482;0.0;0.0;0.0;7.482;7.482;0.0;22.0;164.604
20;1;73;11.424;0.0;0.0;0.0;11.424;11.424;0.0;22.0;251.32799999999997
20;1;74;10.566;0.0;0.0;0.0;10.566;10.566;0.0;22.0;232.45200000000003
20;1;75;10.401;0.0;0.0;0.0;10.401;10.401;0.0;22.0;228.822
20;1;76;11.218;0.0;0.0;0.0;11.218;11.218;0.0;22.0;246.796
20;1;77;14.061;0.0;0.0;0.0;14.061;14.061;0.0;22.0;309.342
20;1;78;14.356;0.0;0.0;0.0;14.356;14.356;0.0;22.0;315.832
20;1;79;16.242;0.0;1.2543;0.0;14.9877;16.242;0.0;22.0;357.324
20;1;80;36.68;0.0;23.66751;0.0;13.01249;36.68;0.0;22.0;806.96
20;1;81;51.187999999999995;0.0;51.188;0.0;0.0;51.188;0.0;22.0;1126.136
20;1;82;48.274;0.0;48.274;0.0;0.0;48.274;0.0;22.0;1062.028
20;1;83;43.415;0.0;43.415;0.0;0.0;43.415;0.0;22.0;955.13
20;1;84;41.063;0.0;41.063;0.0;0.0;41.063;0.0;22.0;903.3860000000001
20;1;85;34.497;0.0;34.497;0.0;0.0;34.497;0.0;22.0;758.934
20;1;86;43.155;0.0;43.155;0.0;0.0;43.155;0.0;22.0;949.4100000000001
20;1;87;75.254;0.0;66.73748;0.0;8.51652;75.254;0.0;22.0;1655.5880000000002
20;1;88;39.183;0.0;35.06505;0.0;4.11795;39.183;0.0;22.0;862.026
20;1;89;45.756;0.0;18.0006;0.0;27.7554;45.756;0.0;22.0;1006.6320000000001
20;1;90;38.544;0.0;4.3154;0.0;34.2286;38.544;0.0;22.0;847.968
20;1;91;58.075;0.0;0.0;0.0;58.075;58.075;0.0;22.0;1277.65
20;1;92;60.634;0.0;0.0;0.0;60.634;60.634;0.0;22.0;1333.948
20;1;93;48.063;0.0;0.0;0.0;48.063;48.063;0.0;22.0;1057.386
20;1;94;52.452;0.0;0.0;0.0;52.452;52.452;0.0;22.0;1153.944
20;1;95;40.887;0.0;0.0;0.0;40.887;40.887;0.0;22.0;899.514
20;1;96;7.412;0.0;0.0;0.0;7.412;7.412;0.0;22.0;163.064
20;1;97;11.068;0.0;0.0;0.0;11.068;11.068;0.0;22.0;243.49599999999998
20;1;98;10.624;0.0;0.0;0.0;10.624;10.624;0.0;22.0;233.728
20;1;99;10.421;0.0;0.0;0.0;10.421;10.421;0.0;22.0;229.262
20;1;100;9.254;0.0;0.0;0.0;9.254;9.254;0.0;22.0;203.588
20;1;101;11.839;0.0;0.0;0.0;11.839;11.839;0.0;22.0;260.458
20;1;102;15.644;0.0;0.0;0.0;15.644;15.644;0.0;22.0;344.168
20;1;103;22.949;0.0;0.44653;0.0;22.50247;22.949;0.0;22.0;504.87800000000004
20;1;104;30.946;0.0;5.45338;0.0;25.49262;30.946;0.0;22.0;680.812
20;1;105;50.756;0.0;9.0759;0.0;41.6801;50.756;0.0;22.0;1116.632
20;1;106;47.851;0.0;24.55519;0.0;23.29581;47.851;0.0;22.0;1052.722
20;1;107;51.211;0.0;48.27238;0.0;2.93862;51.211;0.0;22.0;1126.642
20;1;108;51.417;0.0;51.417;0.0;0.0;51.417;0.0;22.0;1131.174
20;1;109;48.089999999999996;0.0;44.01093;0.0;4.07907;48.09;0.0;22.0;1057.98
20;1;110;55.45;0.0;19.74646;0.0;35.70354;55.45;0.0;22.0;1219.9
20;1;111;49.916;0.0;15.34983;0.0;34.56617;49.916;0.0;22.0;1098.152
20;1;112;46.248;0.0;11.3176;0.0;34.9304;46.248;0.0;22.0;1017.4559999999999
20;1;113;90.322;0.0;3.15578;0.0;87.16622;90.322;0.0;22.0;1987.084
20;1;114;46.632;0.0;1.70622;0.0;44.92578;46.632;0.0;22.0;1025.904
20;1;115;60.103;0.0;0.0;0.0;60.103;60.103;0.0;22.0;1322.266
20;1;116;61.515;0.0;0.0;0.0;61.515;61.515;0.0;22.0;1353.33
20;1;117;55.863;0.0;0.0;0.0;55.863;55.863;0.0;22.0;1228.9859999999999
20;1;118;63.102;0.0;0.0;0.0;63.102;63.102;0.0;22.0;1388.244
20;1;119;41.108;0.0;0.0;0.0;41.108;41.108;0.0;22.0;904.376
20;1;120;7.619;0.0;0.0;0.0;7.619;7.619;0.0;22.0;167.618
20;1;121;11.147;0.0;0.0;0.0;11.147;11.147;0.0;22.0;245.234
20;1;122;9.85;0.0;0.0;0.0;9.85;9.85;0.0;22.0;216.7
20;1;123;11.929;0.0;0.0;0.0;11.929;11.929;0.0;22.0;262.438
20;1;124;10.074;0.0;0.0;0.0;10.074;10.074;0.0;22.0;221.628
20;1;125;13.56;0.0;0.0;0.0;13.56;13.56;0.0;22.0;298.32
20;1;126;12.101;0.0;0.0;0.0;12.101;12.101;0.0;22.0;266.22200000000004
20;1;127;43.804;0.0;0.0;0.0;43.804;43.804;0.0;22.0;963.6880000000001
20;1;128;41.745;0.0;9.93009;0.0;31.81491;41.745;0.0;22.0;918.39
20;1;129;40.9;0.0;21.86684;0.0;19.03316;40.9;0.0;22.0;899.8
20;1;130;42.653999999999996;0.0;32.99561;0.0;9.65839;42.654;0.0;22.0;938.388
20;1;131;35.136;0.0;34.43294;0.0;0.70306;35.136;0.0;22.0;772.9920000000001
20;1;132;43.826;0.0;43.826;0.0;0.0;43.826;0.0;22.0;964.172
20;1;133;34.646;0.0;34.646;0.0;0.0;34.646;0.0;22.0;762.212
20;1;134;38.534;0.0;29.5836;0.0;8.9504;38.534;0.0;22.0;847.7479999999999
20;1;135;33.576;0.0;18.90583;0.0;14.67017;33.576;0.0;22.0;738.672
20;1;136;41.935;0.0;17.69233;0.0;24.24267;41.935;0.0;22.0;922.57
20;1;137;87.009;0.0;11.98297;0.0;75.02603;87.009;0.0;22.0;1914.198
20;1;138;47.493;0.0;1.07179;0.0;46.42121;47.493;0.0;22.0;1044.846
20;1;139;74.199;0.0;0.0;0.0;74.199;74.199;0.0;22.0;1632.378
20;1;140;71.958;0.0;0.0;0.0;71.958;71.958;0.0;22.0;1583.076
20;1;141;78.264;0.0;0.0;0.0;78.264;78.264;0.0;22.0;1721.808
20;1;142;57.149;0.0;0.0;0.0;57.149;57.149;0.0;22.0;1257.278
20;1;143;58.087;0.0;0.0;0.0;58.087;58.087;0.0;22.0;1277.914
20;1;144;7.461;0.0;0.0;0.0;7.461;7.461;0.0;22.0;164.142
20;1;145;12.297;0.0;0.0;0.0;12.297;12.297;0.0;22.0;270.534
20;1;146;11.135;0.0;0.0;0.0;11.135;11.135;0.0;22.0;244.97
20;1;147;11.104;0.0;0.0;0.0;11.104;11.104;0.0;22.0;244.28799999999998
20;1;148;9.835;0.0;0.0;0.0;9.835;9.835;0.0;22.0;216.37
20;1;149;11.968;0.0;0.0;0.0;11.968;11.968;0.0;22.0;263.296
20;1;150;14.53;0.0;0.0;0.0;14.53;14.53;0.0;22.0;319.65999999999997
20;1;151;37.994;0.0;0.0;0.0;37.994;37.994;0.0;22.0;835.8679999999999
20;1;152;41.161;0.0;9.68236;0.0;31.47864;41.161;0.0;22.0;905.542
20;1;153;47.592;0.0;26.07154;0.0;21.52046;47.592;0.0;22.0;1047.024
20;1;154;37.11;0.0;29.21118;0.0;7.89882;37.11;0.0;22.0;816.42
20;1;155;40.906;0.0;40.34502;0.0;0.56098;40.906;0.0;22.0;899.932
20;1;156;45.005;0.0;45.005;0.0;0.0;45.005;0.0;22.0;990.11
20;1;157;47.758;0.0;47.758;0.0;0.0;47.758;0.0;22.0;1050.6760000000002
20;1;158;40.2;0.0;31.67112;0.0;8.52888;40.2;0.0;22.0;884.4000000000001
20;1;159;103.748;0.0;30.92545;0.0;72.82255;103.748;0.0;22.0;2282.456
20;1;160;46.533;0.0;24.16257;0.0;22.37043;46.533;0.0;22.0;1023.726
20;1;161;49.835;0.0;11.25446;0.0;38.58054;49.835;0.0;22.0;1096.3700000000001
20;1;162;48.327;0.0;3.8879;0.0;44.4391;48.327;0.0;22.0;1063.194
20;1;163;86.572;0.0;0.0;0.0;86.572;86.572;0.0;22.0;1904.584
20;1;164;73.365;0.0;0.0;0.0;73.365;73.365;0.0;22.0;1614.03
20;1;165;70.574;0.0;0.0;0.0;70.574;70.574;0.0;22.0;1552.628
20;1;166;68.77;0.0;0.0;0.0;68.77;68.77;0.0;22.0;1512.9399999999998
20;1;167;55.211;0.0;0.0;0.0;55.211;55.211;0.0;22.0;1214.642
20;2;0;7.519;0.0;0.0;0.0;7.519;7.519;0.0;10.0;75.19
20;2;1;18.225;0.0;0.0;0.0;18.225;18.225;0.0;10.0;182.25
20;2;2;155.04500000000002;0.0;0.0;0.0;155.045;155.045;0.0;10.0;1550.4499999999998
20;2;3;12.89;0.0;0.0;0.0;12.89;12.89;0.0;10.0;128.9
20;2;4;30.479;0.0;0.0;0.0;30.479;30.479;0.0;10.0;304.78999999999996
20;2;5;159.533;0.0;0.0;0.0;159.533;159.533;0.0;10.0;1595.33
20;2;6;19.58;0.0;0.0;0.0;19.58;19.58;0.0;10.0;195.79999999999998
20;2;7;32.858;0.0;0.0;0.0;32.858;32.858;0.0;10.0;328.58
20;2;8;60.949;0.0;3.80468;0.0;57.14432;60.949;0.0;10.0;609.49
20;2;9;99.31;0.0;34.63878;0.0;64.67122;99.31;0.0;10.0;993.1
20;2;10;85.668;0.0;48.48943;0.0;37.17857;85.668;0.0;10.0;856.6800000000001
20;2;11;80.79599999999999;0.0;63.61269;0.0;17.18331;80.796;0.0;10.0;807.96
20;2;12;69.096;0.0;65.0944;0.0;4.0016;69.096;0.0;10.0;690.96
20;2;13;60.647;0.0;41.48628;0.0;19.16072;60.647;0.0;10.0;606.47
20;2;14;69.884;0.0;10.26852;0.0;59.61548;69.884;0.0;10.0;698.84
20;2;15;89.06299999999999;0.0;4.92341;0.0;84.13959;89.063;0.0;10.0;890.63
20;2;16;190.763;0.0;8.90154;0.0;181.86146;190.763;0.0;10.0;1907.63
20;2;17;83.67699999999999;0.0;0.0;0.0;83.677;83.677;0.0;10.0;836.7700000000001
20;2;18;56.416;0.0;0.0;0.0;56.416;56.416;0.0;10.0;564.16
20;2;19;140.24599999999998;0.0;0.0;0.0;140.246;140.246;0.0;10.0;1402.46
20;2;20;107.655;0.0;0.0;0.0;107.655;107.655;0.0;10.0;1076.55
20;2;21;61.892;0.0;0.0;0.0;61.892;61.892;0.0;10.0;618.9200000000001
20;2;22;154.289;0.0;0.0;0.0;154.289;154.289;0.0;10.0;1542.8899999999999
20;2;23;37.898;0.0;0.0;0.0;37.898;37.898;0.0;10.0;378.98
20;2;24;7.566;0.0;0.0;0.0;7.566;7.566;0.0;10.0;75.66
20;2;25;11.725;0.0;0.0;0.0;11.725;11.725;0.0;10.0;117.25
20;2;26;145.215;0.0;0.0;0.0;145.215;145.215;0.0;10.0;1452.15
20;2;27;10.748;0.0;0.0;0.0;10.748;10.748;0.0;10.0;107.47999999999999
20;2;28;163.65200000000002;0.0;0.0;0.0;163.652;163.652;0.0;10.0;1636.52
20;2;29;11.632;0.0;0.0;0.0;11.632;11.632;0.0;10.0;116.32
20;2;30;106.268;0.0;0.0;0.0;106.268;106.268;0.0;10.0;1062.68
20;2;31;130.571;0.0;0.0;0.0;130.571;130.571;0.0;10.0;1305.71
20;2;32;143.893;0.0;12.35897;0.0;131.53403;143.893;0.0;10.0;1438.93
20;2;33;121.644;0.0;35.11368;0.0;86.53032;121.644;0.0;10.0;1216.44
20;2;34;107.376;0.0;56.38422;0.0;50.99178;107.376;0.0;10.0;1073.76
20;2;35;98.759;0.0;72.86675;0.0;25.89225;98.759;0.0;10.0;987.59
20;2;36;83.479;0.0;72.20218;0.0;11.27682;83.479;0.0;10.0;834.79
20;2;37;71.675;0.0;47.91461;0.0;23.76039;71.675;0.0;10.0;716.75
20;2;38;63.852;0.0;22.17922;0.0;41.67278;63.852;0.0;10.0;638.52
20;2;39;50.655;0.0;21.34181;0.0;29.31319;50.655;0.0;10.0;506.55
20;2;40;185.116;0.0;12.25692;0.0;172.85908;185.116;0.0;10.0;1851.16
20;2;41;100.275;0.0;0.00025;0.0;100.27475;100.275;0.0;10.0;1002.75
20;2;42;91.279;0.0;0.0;0.0;91.279;91.279;0.0;10.0;912.79
20;2;43;90.07000000000001;0.0;0.0;0.0;90.07;90.07;0.0;10.0;900.6999999999999
20;2;44;95.62;0.0;0.0;0.0;95.62;95.62;0.0;10.0;956.2
20;2;45;62.766;0.0;0.0;0.0;62.766;62.766;0.0;10.0;627.66
20;2;46;56.144;0.0;0.0;0.0;56.144;56.144;0.0;10.0;561.4399999999999
20;2;47;43.666;0.0;0.0;0.0;43.666;43.666;0.0;10.0;436.65999999999997
20;2;48;7.554;0.0;0.0;0.0;7.554;7.554;0.0;10.0;75.54
20;2;49;9.184;0.0;0.0;0.0;9.184;9.184;0.0;10.0;91.83999999999999
20;2;50;43.544;0.0;0.0;0.0;43.544;43.544;0.0;10.0;435.43999999999994
20;2;51;44.376999999999995;0.0;0.0;0.0;44.377;44.377;0.0;10.0;443.77000000000004
20;2;52;44.97;0.0;0.0;0.0;44.97;44.97;0.0;10.0;449.7
20;2;53;46.597;0.0;0.0;0.0;46.597;46.597;0.0;10.0;465.97
20;2;54;46.657000000000004;0.0;0.0;0.0;46.657;46.657;0.0;10.0;466.56999999999994
20;2;55;79.804;0.0;0.0;0.0;79.804;79.804;0.0;10.0;798.04
20;2;56;96.431;0.0;0.0;0.0;96.431;96.431;0.0;10.0;964.31
20;2;57;73.94200000000001;0.0;0.0;0.0;73.942;73.942;0.0;10.0;739.42
20;2;58;70.492;0.0;0.0;0.0;70.492;70.492;0.0;10.0;704.9200000000001
20;2;59;61.519;0.0;0.0;0.0;61.519;61.519;0.0;10.0;615.1899999999999
20;2;60;55.709;0.0;0.00016;0.0;55.70884;55.709;0.0;10.0;557.09
20;2;61;44.838;0.0;0.0;0.0;44.838;44.838;0.0;10.0;448.38
20;2;62;53.283;0.0;0.0;0.0;53.283;53.283;0.0;10.0;532.83
20;2;63;46.793;0.0;0.00011;0.0;46.79289;46.793;0.0;10.0;467.93
20;2;64;74.481;0.0;0.0;0.0;74.481;74.481;0.0;10.0;744.81
20;2;65;194.762;0.0;0.0;0.0;194.762;194.762;0.0;10.0;1947.62
20;2;66;64.171;0.0;0.0;0.0;64.171;64.171;0.0;10.0;641.71
20;2;67;59.359;0.0;0.0;0.0;59.359;59.359;0.0;10.0;593.59
20;2;68;85.975;0.0;0.0;0.0;85.975;85.975;0.0;10.0;859.75
20;2;69;69.631;0.0;0.0;0.0;69.631;69.631;0.0;10.0;696.31
20;2;70;62.278;0.0;0.0;0.0;62.278;62.278;0.0;10.0;622.78
20;2;71;33.443;0.0;0.0;0.0;33.443;33.443;0.0;10.0;334.42999999999995
20;2;72;10.713;0.0;0.0;0.0;10.713;10.713;0.0;10.0;107.13
20;2;73;30.587;0.0;0.0;0.0;30.587;30.587;0.0;10.0;305.87
20;2;74;41.033;0.0;0.0;0.0;41.033;41.033;0.0;10.0;410.33000000000004
20;2;75;45.089;0.0;0.0;0.0;45.089;45.089;0.0;10.0;450.89
20;2;76;43.53;0.0;0.0;0.0;43.53;43.53;0.0;10.0;435.3
20;2;77;43.677;0.0;0.0;0.0;43.677;43.677;0.0;10.0;436.77
20;2;78;45.583;0.0;0.0;0.0;45.583;45.583;0.0;10.0;455.83
20;2;79;71.218;0.0;0.0;0.0;71.218;71.218;0.0;10.0;712.1800000000001
20;2;80;86.398;0.0;0.00035;0.0;86.39765;86.398;0.0;10.0;863.98
20;2;81;81.307;0.0;13.32122;0.0;67.98578;81.307;0.0;10.0;813.07
20;2;82;69.30799999999999;0.0;0.66922;0.0;68.63878;69.308;0.0;10.0;693.08
20;2;83;60.449;0.0;23.31764;0.0;37.13136;60.449;0.0;10.0;604.49
20;2;84;59.827;0.0;43.17735;0.0;16.64965;59.827;0.0;10.0;598.27
20;2;85;57.333;0.0;21.31061;0.0;36.02239;57.333;0.0;10.0;573.3299999999999
20;2;86;178.48100000000002;0.0;0.0;0.0;178.481;178.481;0.0;10.0;1784.81
20;2;87;51.790000000000006;0.0;0.0;0.0;51.79;51.79;0.0;10.0;517.9
20;2;88;42.167;0.0;0.0;0.0;42.167;42.167;0.0;10.0;421.67
20;2;89;57.259;0.0;0.00012;0.0;57.25888;57.259;0.0;10.0;572.59
20;2;90;66.474;0.0;0.0;0.0;66.474;66.474;0.0;10.0;664.74
20;2;91;67.656;0.0;0.0;0.0;67.656;67.656;0.0;10.0;676.5600000000001
20;2;92;205.607;0.0;0.0;0.0;205.607;205.607;0.0;10.0;2056.07
20;2;93;87.211;0.0;0.0;0.0;87.211;87.211;0.0;10.0;872.11
20;2;94;60.145;0.0;0.0;0.0;60.145;60.145;0.0;10.0;601.45
20;2;95;58.687;0.0;0.0;0.0;58.687;58.687;0.0;10.0;586.87
20;2;96;7.501;0.0;0.0;0.0;7.501;7.501;0.0;10.0;75.01
20;2;97;15.296;0.0;0.0;0.0;15.296;15.296;0.0;10.0;152.95999999999998
20;2;98;70.629;0.0;0.0;0.0;70.629;70.629;0.0;10.0;706.2900000000001
20;2;99;162.05499999999998;0.0;0.0;0.0;162.055;162.055;0.0;10.0;1620.5500000000002
20;2;100;45.202000000000005;0.0;0.0;0.0;45.202;45.202;0.0;10.0;452.02
20;2;101;12.258;0.0;0.0;0.0;12.258;12.258;0.0;10.0;122.57999999999998
20;2;102;88.659;0.0;0.0;0.0;88.659;88.659;0.0;10.0;886.59
20;2;103;101.885;0.0;0.0;0.0;101.885;101.885;0.0;10.0;1018.85
20;2;104;120.55699999999999;0.0;4.27276;0.0;116.28424;120.557;0.0;10.0;1205.57
20;2;105;113.202;0.0;27.09577;0.0;86.10623;113.202;0.0;10.0;1132.02
20;2;106;101.632;0.0;28.93916;0.0;72.69284;101.632;0.0;10.0;1016.32
20;2;107;108.406;0.0;7.84729;0.0;100.55871;108.406;0.0;10.0;1084.06
20;2;108;102.99000000000001;0.0;23.62721;0.0;79.36279;102.99;0.0;10.0;1029.8999999999999
20;2;109;135.48;0.0;23.67593;0.0;111.80407;135.48;0.0;10.0;1354.8
20;2;110;40.867;0.0;6.70952;0.0;34.15748;40.867;0.0;10.0;408.66999999999996
20;2;111;88.666;0.0;0.0;0.0;88.666;88.666;0.0;10.0;886.66
20;2;112;109.039;0.0;0.0;0.0;109.039;109.039;0.0;10.0;1090.39
20;2;113;99.086;0.0;0.0;0.0;99.086;99.086;0.0;10.0;990.86
20;2;114;115.607;0.0;0.0;0.0;115.607;115.607;0.0;10.0;1156.07
20;2;115;119.774;0.0;0.0;0.0;119.774;119.774;0.0;10.0;1197.74
20;2;116;127.76400000000001;0.0;0.0;0.0;127.764;127.764;0.0;10.0;1277.6399999999999
20;2;117;113.233;0.0;0.0;0.0;113.233;113.233;0.0;10.0;1132.33
20;2;118;109.752;0.0;0.0;0.0;109.752;109.752;0.0;10.0;1097.52
20;2;119;194.10500000000002;0.0;0.0;0.0;194.105;194.105;0.0;10.0;1941.05
20;2;120;7.595;0.0;0.0;0.0;7.595;7.595;0.0;10.0;75.95
20;2;121;103.776;0.0;0.0;0.0;103.776;103.776;0.0;10.0;1037.76
20;2;122;9.93;0.0;0.0;0.0;9.93;9.93;0.0;10.0;99.3
20;2;123;76.632;0.0;0.0;0.0;76.632;76.632;0.0;10.0;766.32
20;2;124;79.417;0.0;0.0;0.0;79.417;79.417;0.0;10.0;794.1700000000001
20;2;125;79.886;0.0;0.0;0.0;79.886;79.886;0.0;10.0;798.8599999999999
20;2;126;93.889;0.0;0.0;0.0;93.889;93.889;0.0;10.0;938.89
20;2;127;117.567;0.0;0.0;0.0;117.567;117.567;0.0;10.0;1175.6699999999998
20;2;128;136.216;0.0;0.0;0.0;136.216;136.216;0.0;10.0;1362.16
20;2;129;107.58099999999999;0.0;0.0;0.0;107.581;107.581;0.0;10.0;1075.81
20;2;130;104.618;0.0;0.0;0.0;104.618;104.618;0.0;10.0;1046.1799999999998
20;2;131;91.929;0.0;0.0;0.0;91.929;91.929;0.0;10.0;919.29
20;2;132;87.232;0.0;9.46101;0.0;77.77099;87.232;0.0;10.0;872.3199999999999
20;2;133;82.354;0.0;17.67449;0.0;64.67951;82.354;0.0;10.0;823.54
20;2;134;175.979;0.0;0.0;0.0;175.979;175.979;0.0;10.0;1759.7900000000002
20;2;135;130.58;0.0;0.0;0.0;130.58;130.58;0.0;10.0;1305.8000000000002
20;2;136;54.745;0.0;0.0;0.0;54.745;54.745;0.0;10.0;547.4499999999999
20;2;137;59.686;0.0;0.0;0.0;59.686;59.686;0.0;10.0;596.86
20;2;138;63.869;0.0;0.0;0.0;63.869;63.869;0.0;10.0;638.69
20;2;139;230.29999999999998;0.0;0.0;0.0;230.3;230.3;0.0;10.0;2303.0
20;2;140;69.934;0.0;0.0;0.0;69.934;69.934;0.0;10.0;699.3399999999999
20;2;141;76.027;0.0;0.0;0.0;76.027;76.027;0.0;10.0;760.27
20;2;142;129.864;0.0;0.0;0.0;129.864;129.864;0.0;10.0;1298.64
20;2;143;47.912;0.0;0.0;0.0;47.912;47.912;0.0;10.0;479.12
20;2;144;66.569;0.0;0.0;0.0;66.569;66.569;0.0;10.0;665.69
20;2;145;74.168;0.0;0.0;0.0;74.168;74.168;0.0;10.0;741.6800000000001
20;2;146;75.102;0.0;0.0;0.0;75.102;75.102;0.0;10.0;751.02
20;2;147;76.03500000000001;0.0;0.0;0.0;76.035;76.035;0.0;10.0;760.3499999999999
20;2;148;77.647;0.0;0.0;0.0;77.647;77.647;0.0;10.0;776.47
20;2;149;75.87899999999999;0.0;0.0;0.0;75.879;75.879;0.0;10.0;758.7900000000001
20;2;150;89.66999999999999;0.0;0.0;0.0;89.67;89.67;0.0;10.0;896.7
20;2;151;118.101;0.0;0.0;0.0;118.101;118.101;0.0;10.0;1181.01
20;2;152;109.176;0.0;0.0;0.0;109.176;109.176;0.0;10.0;1091.76
20;2;153;106.256;0.0;0.0;0.0;106.256;106.256;0.0;10.0;1062.56
20;2;154;114.23400000000001;0.0;0.0;0.0;114.234;114.234;0.0;10.0;1142.34
20;2;155;90.668;0.0;0.0;0.0;90.668;90.668;0.0;10.0;906.6800000000001
20;2;156;87.35499999999999;0.0;0.0;0.0;87.355;87.355;0.0;10.0;873.5500000000001
20;2;157;97.092;0.0;0.0;0.0;97.092;97.092;0.0;10.0;970.92
20;2;158;78.435;0.0;0.0;0.0;78.435;78.435;0.0;10.0;784.35
20;2;159;68.188;0.0;0.0;0.0;68.188;68.188;0.0;10.0;681.88
20;2;160;83.937;0.0;0.0;0.0;83.937;83.937;0.0;10.0;839.37
20;2;161;89.488;0.0;0.0;0.0;89.488;89.488;0.0;10.0;894.88
20;2;162;98.791;0.0;0.0;0.0;98.791;98.791;0.0;10.0;987.91
20;2;163;103.214;0.0;0.0;0.0;103.214;103.214;0.0;10.0;1032.1399999999999
20;2;164;103.41;0.0;0.0;0.0;103.41;103.41;0.0;10.0;1034.1
20;2;165;102.35900000000001;0.0;0.0;0.0;102.359;102.359;0.0;10.0;1023.5899999999999
20;2;166;107.888;0.0;0.0;0.0;107.888;107.888;0.0;10.0;1078.88
20;2;167;146.03300000000002;0.0;0.0;0.0;146.033;146.033;0.0;10.0;1460.33
20;3;0;76.25399999999999;0.0;0.0;0.0;76.254;76.254;0.0;15.0;1143.8100000000002
20;3;1;147.86999999999998;0.0;0.0;0.0;147.87;147.87;0.0;15.0;2218.05
20;3;2;147.46;0.0;0.0;0.0;147.46;147.46;0.0;15.0;2211.9
20;3;3;149.429;0.0;0.0;0.0;149.429;149.429;0.0;15.0;2241.435
20;3;4;198.678;0.0;0.0;0.0;198.678;198.678;0.0;15.0;2980.17
20;3;5;108.584;0.0;0.0;0.0;108.584;108.584;0.0;15.0;1628.76
20;3;6;174.98299999999998;0.0;0.0;0.0;174.983;174.983;0.0;15.0;2624.745
20;3;7;201.34199999999998;0.0;0.0;0.0;201.342;201.342;0.0;15.0;3020.13
20;3;8;207.83300000000003;0.0;0.0;0.0;207.833;207.833;0.0;15.0;3117.495
20;3;9;186.84199999999998;0.0;0.0;0.0;186.842;186.842;0.0;15.0;2802.63
20;3;10;180.332;0.0;0.0;0.0;180.332;180.332;0.0;15.0;2704.98
20;3;11;162.522;0.0;0.0;0.0;162.522;162.522;0.0;15.0;2437.83
20;3;12;161.649;0.0;0.0;0.0;161.649;161.649;0.0;15.0;2424.735
20;3;13;149.479;0.0;17.32329;0.0;132.15571;149.479;0.0;15.0;2242.1850000000004
20;3;14;167.26000000000002;0.0;13.71131;0.0;153.54869;167.26;0.0;15.0;2508.8999999999996
20;3;15;200.024;0.0;0.0;0.0;200.024;200.024;0.0;15.0;3000.36
20;3;16;224.535;0.0;0.0;0.0;224.535;224.535;0.0;15.0;3368.025
20;3;17;95.53;0.0;0.0;0.0;95.53;95.53;0.0;15.0;1432.95
20;3;18;234.642;0.0;0.0;0.0;234.642;234.642;0.0;15.0;3519.63
20;3;19;72.949;0.0;0.0;0.0;72.949;72.949;0.0;15.0;1094.235
20;3;20;98.48599999999999;0.0;0.0;0.0;98.486;98.486;0.0;15.0;1477.29
20;3;21;196.42899999999997;0.0;0.0;0.0;196.429;196.429;0.0;15.0;2946.435
20;3;22;198.07399999999998;0.0;0.0;0.0;198.074;198.074;0.0;15.0;2971.11
20;3;23;242.574;0.0;0.0;0.0;242.574;242.574;0.0;15.0;3638.61
20;3;24;195.88400000000001;0.0;0.0;0.0;195.884;195.884;0.0;15.0;2938.2599999999998
20;3;25;15.261;0.0;0.0;0.0;15.261;15.261;0.0;15.0;228.915
20;3;26;151.34099999999998;0.0;0.0;0.0;151.341;151.341;0.0;15.0;2270.1150000000002
20;3;27;152.323;0.0;0.0;0.0;152.323;152.323;0.0;15.0;2284.8450000000003
20;3;28;156.46200000000002;0.0;0.0;0.0;156.462;156.462;0.0;15.0;2346.93
20;3;29;160.552;0.0;0.0;0.0;160.552;160.552;0.0;15.0;2408.2799999999997
20;3;30;172.329;0.0;0.0;0.0;172.329;172.329;0.0;15.0;2584.935
20;3;31;201.349;0.0;0.0;0.0;201.349;201.349;0.0;15.0;3020.2349999999997
20;3;32;202.233;0.0;0.0;0.0;202.233;202.233;0.0;15.0;3033.495
20;3;33;193.716;0.0;0.0;0.0;193.716;193.716;0.0;15.0;2905.7400000000002
20;3;34;181.507;0.0;0.0;0.0;181.507;181.507;0.0;15.0;2722.605
20;3;35;162.452;0.0;0.0;0.0;162.452;162.452;0.0;15.0;2436.7799999999997
20;3;36;170.30700000000002;0.0;0.0;0.0;170.307;170.307;0.0;15.0;2554.605
20;3;37;162.77100000000002;0.0;0.0;0.0;162.771;162.771;0.0;15.0;2441.5649999999996
20;3;38;173.777;0.0;0.0;0.0;173.777;173.777;0.0;15.0;2606.6549999999997
20;3;39;174.496;0.0;0.0;0.0;174.496;174.496;0.0;15.0;2617.44
20;3;40;188.082;0.0;0.0;0.0;188.082;188.082;0.0;15.0;2821.23
20;3;41;192.849;0.0;0.0;0.0;192.849;192.849;0.0;15.0;2892.7349999999997
20;3;42;202.815;0.0;0.0;0.0;202.815;202.815;0.0;15.0;3042.225
20;3;43;203.772;0.0;0.0;0.0;203.772;203.772;0.0;15.0;3056.58
20;3;44;206.671;0.0;0.0;0.0;206.671;206.671;0.0;15.0;3100.065
20;3;45;189.67100000000002;0.0;0.0;0.0;189.671;189.671;0.0;15.0;2845.065
20;3;46;184.924;0.0;0.0;0.0;184.924;184.924;0.0;15.0;2773.86
20;3;47;150.7;0.0;0.0;0.0;150.7;150.7;0.0;15.0;2260.5
20;3;48;105.635;0.0;0.0;0.0;105.635;105.635;0.0;15.0;1584.525
20;3;49;102.278;0.0;0.0;0.0;102.278;102.278;0.0;15.0;1534.17
20;3;50;100.382;0.0;0.0;0.0;100.382;100.382;0.0;15.0;1505.73
20;3;51;97.98;0.0;0.0;0.0;97.98;97.98;0.0;15.0;1469.7
20;3;52;98.17;0.0;0.0;0.0;98.17;98.17;0.0;15.0;1472.55
20;3;53;97.40899999999999;0.0;0.0;0.0;97.409;97.409;0.0;15.0;1461.135
20;3;54;101.69200000000001;0.0;0.0;0.0;101.692;101.692;0.0;15.0;1525.3799999999999
20;3;55;142.723;0.0;0.0;0.0;142.723;142.723;0.0;15.0;2140.8450000000003
20;3;56;168.152;0.0;0.0;0.0;168.152;168.152;0.0;15.0;2522.2799999999997
20;3;57;128.41;0.0;0.0;0.0;128.41;128.41;0.0;15.0;1926.1499999999999
20;3;58;134.256;0.0;0.0;0.0;134.256;134.256;0.0;15.0;2013.84
20;3;59;129.04500000000002;0.0;0.0;0.0;129.045;129.045;0.0;15.0;1935.6749999999997
20;3;60;119.064;0.0;0.0;0.0;119.064;119.064;0.0;15.0;1785.9599999999998
20;3;61;123.679;0.0;0.0;0.0;123.679;123.679;0.0;15.0;1855.185
20;3;62;110.322;0.0;0.0;0.0;110.322;110.322;0.0;15.0;1654.83
20;3;63;118.33;0.0;0.0;0.0;118.33;118.33;0.0;15.0;1774.95
20;3;64;134.468;0.0;0.0;0.0;134.468;134.468;0.0;15.0;2017.0199999999998
20;3;65;216.899;0.0;0.0;0.0;216.899;216.899;0.0;15.0;3253.485
20;3;66;229.08;0.0;0.0;0.0;229.08;229.08;0.0;15.0;3436.2000000000003
20;3;67;138.377;0.0;0.0;0.0;138.377;138.377;0.0;15.0;2075.655
20;3;68;137.86700000000002;0.0;0.0;0.0;137.867;137.867;0.0;15.0;2068.0049999999997
20;3;69;79.863;0.0;0.0;0.0;79.863;79.863;0.0;15.0;1197.945
20;3;70;56.541;0.0;0.0;0.0;56.541;56.541;0.0;15.0;848.115
20;3;71;132.226;0.0;0.0;0.0;132.226;132.226;0.0;15.0;1983.3899999999999
20;3;72;99.845;0.0;0.0;0.0;99.845;99.845;0.0;15.0;1497.675
20;3;73;106.94;0.0;0.0;0.0;106.94;106.94;0.0;15.0;1604.1
20;3;74;103.199;0.0;0.0;0.0;103.199;103.199;0.0;15.0;1547.985
20;3;75;111.21;0.0;0.0;0.0;111.21;111.21;0.0;15.0;1668.1499999999999
20;3;76;107.73400000000001;0.0;0.0;0.0;107.734;107.734;0.0;15.0;1616.01
20;3;77;109.894;0.0;0.0;0.0;109.894;109.894;0.0;15.0;1648.41
20;3;78;187.81900000000002;0.0;0.0;0.0;187.819;187.819;0.0;15.0;2817.285
20;3;79;65.166;0.0;0.0;0.0;65.166;65.166;0.0;15.0;977.49
20;3;80;146.535;0.0;0.0;0.0;146.535;146.535;0.0;15.0;2198.025
20;3;81;141.268;0.0;0.0;0.0;141.268;141.268;0.0;15.0;2119.02
20;3;82;157.788;0.0;0.0;0.0;157.788;157.788;0.0;15.0;2366.82
20;3;83;149.486;0.0;0.0;0.0;149.486;149.486;0.0;15.0;2242.29
20;3;84;148.057;0.0;0.0;0.0;148.057;148.057;0.0;15.0;2220.855
20;3;85;217.15599999999998;0.0;0.0;0.0;217.156;217.156;0.0;15.0;3257.34
20;3;86;58.79;0.0;0.0;0.0;58.79;58.79;0.0;15.0;881.85
20;3;87;209.903;0.0;0.0;0.0;209.903;209.903;0.0;15.0;3148.545
20;3;88;108.686;0.0;0.0;0.0;108.686;108.686;0.0;15.0;1630.2900000000002
20;3;89;237.457;0.0;0.0;0.0;237.457;237.457;0.0;15.0;3561.855
20;3;90;231.054;0.0;0.0;0.0;231.054;231.054;0.0;15.0;3465.81
20;3;91;87.082;0.0;0.0;0.0;87.082;87.082;0.0;15.0;1306.23
20;3;92;63.903;0.0;0.0;0.0;63.903;63.903;0.0;15.0;958.545
20;3;93;179.937;0.0;0.0;0.0;179.937;179.937;0.0;15.0;2699.0550000000003
20;3;94;177.37;0.0;0.0;0.0;177.37;177.37;0.0;15.0;2660.55
20;3;95;164.491;0.0;0.0;0.0;164.491;164.491;0.0;15.0;2467.3650000000002
20;3;96;160.964;0.0;0.0;0.0;160.964;160.964;0.0;15.0;2414.46
20;3;97;170.157;0.0;0.0;0.0;170.157;170.157;0.0;15.0;2552.355
20;3;98;167.759;0.0;0.0;0.0;167.759;167.759;0.0;15.0;2516.3849999999998
20;3;99;172.262;0.0;0.0;0.0;172.262;172.262;0.0;15.0;2583.93
20;3;100;169.724;0.0;0.0;0.0;169.724;169.724;0.0;15.0;2545.8599999999997
20;3;101;164.02800000000002;0.0;0.0;0.0;164.028;164.028;0.0;15.0;2460.42
20;3;102;173.111;0.0;0.0;0.0;173.111;173.111;0.0;15.0;2596.665
20;3;103;191.44899999999998;0.0;0.0;0.0;191.449;191.449;0.0;15.0;2871.735
20;3;104;191.68;0.0;0.0;0.0;191.68;191.68;0.0;15.0;2875.2000000000003
20;3;105;235.215;0.0;0.0;0.0;235.215;235.215;0.0;15.0;3528.225
20;3;106;167.076;0.0;0.0;0.0;167.076;167.076;0.0;15.0;2506.14
20;3;107;197.41699999999997;0.0;0.0;0.0;197.417;197.417;0.0;15.0;2961.255
20;3;108;204.34699999999998;0.0;0.0;0.0;204.347;204.347;0.0;15.0;3065.205
20;3;109;188.283;0.0;0.0;0.0;188.283;188.283;0.0;15.0;2824.245
20;3;110;188.054;0.0;0.0;0.0;188.054;188.054;0.0;15.0;2820.81
20;3;111;187.692;0.0;0.0;0.0;187.692;187.692;0.0;15.0;2815.38
20;3;112;197.988;0.0;0.0;0.0;197.988;197.988;0.0;15.0;2969.82
20;3;113;195.524;0.0;0.0;0.0;195.524;195.524;0.0;15.0;2932.86
20;3;114;213.437;0.0;0.0;0.0;213.437;213.437;0.0;15.0;3201.5550000000003
20;3;115;207.666;0.0;0.0;0.0;207.666;207.666;0.0;15.0;3114.99
20;3;116;191.98;0.0;0.0;0.0;191.98;191.98;0.0;15.0;2879.7
20;3;117;207.498;0.0;0.0;0.0;207.498;207.498;0.0;15.0;3112.47
20;3;118;179.786;0.0;0.0;0.0;179.786;179.786;0.0;15.0;2696.79
20;3;119;173.11399999999998;0.0;0.0;0.0;173.114;173.114;0.0;15.0;2596.71
20;3;120;188.691;0.0;0.0;0.0;188.691;188.691;0.0;15.0;2830.3650000000002
20;3;121;197.19400000000002;0.0;0.0;0.0;197.194;197.194;0.0;15.0;2957.91
20;3;122;196.504;0.0;0.0;0.0;196.504;196.504;0.0;15.0;2947.56
20;3;123;198.312;0.0;0.0;0.0;198.312;198.312;0.0;15.0;2974.6800000000003
20;3;124;100.759;0.0;0.0;0.0;100.759;100.759;0.0;15.0;1511.385
20;3;125;9.908;0.0;0.0;0.0;9.908;9.908;0.0;15.0;148.62
20;3;126;185.289;0.0;0.0;0.0;185.289;185.289;0.0;15.0;2779.335
20;3;127;218.08599999999998;0.0;0.0;0.0;218.086;218.086;0.0;15.0;3271.29
20;3;128;203.195;0.0;0.0;0.0;203.195;203.195;0.0;15.0;3047.9249999999997
20;3;129;202.95;0.0;0.0;0.0;202.95;202.95;0.0;15.0;3044.25
20;3;130;193.80700000000002;0.0;0.0;0.0;193.807;193.807;0.0;15.0;2907.105
20;3;131;192.014;0.0;0.0;0.0;192.014;192.014;0.0;15.0;2880.21
20;3;132;177.984;0.0;0.0;0.0;177.984;177.984;0.0;15.0;2669.76
20;3;133;160.174;0.0;0.0;0.0;160.174;160.174;0.0;15.0;2402.61
20;3;134;179.29899999999998;0.0;0.0;0.0;179.299;179.299;0.0;15.0;2689.485
20;3;135;173.95499999999998;0.0;0.0;0.0;173.955;173.955;0.0;15.0;2609.3250000000003
20;3;136;240.443;0.0;0.0;0.0;240.443;240.443;0.0;15.0;3606.645
20;3;137;139.031;0.0;0.0;0.0;139.031;139.031;0.0;15.0;2085.465
20;3;138;210.436;0.0;0.0;0.0;210.436;210.436;0.0;15.0;3156.54
20;3;139;271.503;0.0;0.0;0.0;271.503;271.503;0.0;15.0;4072.5449999999996
20;3;140;169.017;0.0;0.0;0.0;169.017;169.017;0.0;15.0;2535.255
20;3;141;222.15300000000002;0.0;0.0;0.0;222.153;222.153;0.0;15.0;3332.295
20;3;142;213.151;0.0;0.0;0.0;213.151;213.151;0.0;15.0;3197.2650000000003
20;3;143;192.276;0.0;0.0;0.0;192.276;192.276;0.0;15.0;2884.1400000000003
20;3;144;197.593;0.0;0.0;0.0;197.593;197.593;0.0;15.0;2963.895
20;3;145;119.425;0.0;0.0;0.0;119.425;119.425;0.0;15.0;1791.375
20;3;146;201.544;0.0;0.0;0.0;201.544;201.544;0.0;15.0;3023.1600000000003
20;3;147;126.075;0.0;0.0;0.0;126.075;126.075;0.0;15.0;1891.125
20;3;148;166.009;0.0;0.0;0.0;166.009;166.009;0.0;15.0;2490.1349999999998
20;3;149;170.247;0.0;0.0;0.0;170.247;170.247;0.0;15.0;2553.7050000000004
20;3;150;187.397;0.0;0.0;0.0;187.397;187.397;0.0;15.0;2810.955
20;3;151;200.306;0.0;0.0;0.0;200.306;200.306;0.0;15.0;3004.59
20;3;152;205.487;0.0;0.0;0.0;205.487;205.487;0.0;15.0;3082.305
20;3;153;174.562;0.0;0.0;0.0;174.562;174.562;0.0;15.0;2618.4300000000003
20;3;154;165.0;0.0;0.0;0.0;165.0;165.0;0.0;15.0;2475.0
20;3;155;155.663;0.0;0.0;0.0;155.663;155.663;0.0;15.0;2334.945
20;3;156;153.273;0.0;0.0;0.0;153.273;153.273;0.0;15.0;2299.095
20;3;157;215.521;0.0;0.0;0.0;215.521;215.521;0.0;15.0;3232.8149999999996
20;3;158;90.47800000000001;0.0;0.0;0.0;90.478;90.478;0.0;15.0;1357.1699999999998
20;3;159;155.93200000000002;0.0;0.0;0.0;155.932;155.932;0.0;15.0;2338.98
20;3;160;153.65699999999998;0.0;0.0;0.0;153.657;153.657;0.0;15.0;2304.855
20;3;161;174.603;0.0;0.0;0.0;174.603;174.603;0.0;15.0;2619.045
20;3;162;172.815;0.0;0.0;0.0;172.815;172.815;0.0;15.0;2592.225
20;3;163;187.518;0.0;0.0;0.0;187.518;187.518;0.0;15.0;2812.77
20;3;164;162.417;0.0;0.0;0.0;162.417;162.417;0.0;15.0;2436.255
20;3;165;173.53;0.0;0.0;0.0;173.53;173.53;0.0;15.0;2602.95
20;3;166;236.633;0.0;0.0;0.0;236.633;236.633;0.0;15.0;3549.4950000000003
20;3;167;139.935;0.0;0.0;0.0;139.935;139.935;0.0;15.0;2099.025
