Support_Year;Cluster;Timestep;total_demand;to_network;from_network;to_main_grid;from_main_grid;from_grid;to_grid;cluster_weight;from_grid_x_cluster_weight
0;0;0;190.19;0.0;0.0;0.0;190.19;190.19;0.0;5.0;950.95
0;0;1;259.569;0.0;0.0;0.0;259.569;259.569;0.0;5.0;1297.845
0;0;2;21.506;0.0;0.0;0.0;21.506;21.506;0.0;5.0;107.53
0;0;3;195.77700000000002;0.0;0.0;0.0;195.777;195.777;0.0;5.0;978.885
0;0;4;257.38300000000004;0.0;0.0;0.0;257.383;257.383;0.0;5.0;1286.915
0;0;5;266.685;0.0;0.0;0.0;266.685;266.685;0.0;5.0;1333.425
0;0;6;265.051;0.0;0.0;0.0;265.051;265.051;0.0;5.0;1325.2549999999999
0;0;7;303.62;0.0;0.0;0.0;303.62;303.62;0.0;5.0;1518.1
0;0;8;303.26599999999996;0.0;0.0;0.0;303.266;303.266;0.0;5.0;1516.3300000000002
0;0;9;259.54;0.0;0.0;0.0;259.54;259.54;0.0;5.0;1297.7
0;0;10;226.31900000000002;0.0;0.0;0.0;226.319;226.319;0.0;5.0;1131.595
0;0;11;210.531;0.0;0.0;0.0;210.531;210.531;0.0;5.0;1052.655
0;0;12;198.502;0.0;10.9383656;0.0;187.5636344;198.502;0.0;5.0;992.51
0;0;13;192.507;0.0;0.0;0.0;192.507;192.507;0.0;5.0;962.5350000000001
0;0;14;276.639;0.0;0.0;0.0;276.639;276.639;0.0;5.0;1383.1950000000002
0;0;15;203.663;0.0;0.0;0.0;203.663;203.663;0.0;5.0;1018.315
0;0;16;291.21000000000004;0.0;0.0;0.0;291.21;291.21;0.0;5.0;1456.05
0;0;17;111.457;0.0;0.0;0.0;111.457;111.457;0.0;5.0;557.285
0;0;18;337.66200000000003;0.0;0.0;0.0;337.662;337.662;0.0;5.0;1688.31
0;0;19;213.90699999999998;0.0;0.0;0.0;213.907;213.907;0.0;5.0;1069.535
0;0;20;350.10699999999997;0.0;0.0;0.0;350.107;350.107;0.0;5.0;1750.535
0;0;21;277.283;0.0;0.0;0.0;277.283;277.283;0.0;5.0;1386.415
0;0;22;251.168;0.0;0.0;0.0;251.168;251.168;0.0;5.0;1255.8400000000001
0;0;23;83.576;0.0;0.0;0.0;83.576;83.576;0.0;5.0;417.88
0;0;24;112.33099999999999;0.0;0.0;0.0;112.331;112.331;0.0;5.0;561.655
0;0;25;220.19799999999998;0.0;0.0;0.0;220.198;220.198;0.0;5.0;1100.99
0;0;26;227.07;0.0;0.0;0.0;227.07;227.07;0.0;5.0;1135.35
0;0;27;245.423;0.0;0.0;0.0;245.423;245.423;0.0;5.0;1227.115
0;0;28;263.21;0.0;0.0;0.0;263.21;263.21;0.0;5.0;1316.05
0;0;29;266.173;0.0;0.0;0.0;266.173;266.173;0.0;5.0;1330.865
0;0;30;275.187;0.0;0.0;0.0;275.187;275.187;0.0;5.0;1375.935
0;0;31;321.51800000000003;0.0;0.0;0.0;321.518;321.518;0.0;5.0;1607.59
0;0;32;344.889;0.0;0.0;0.0;344.889;344.889;0.0;5.0;1724.4450000000002
0;0;33;316.957;0.0;0.0;0.0;316.957;316.957;0.0;5.0;1584.7849999999999
0;0;34;301.922;0.0;0.0;0.0;301.922;301.922;0.0;5.0;1509.6100000000001
0;0;35;285.639;0.0;0.0;0.0;285.639;285.639;0.0;5.0;1428.1950000000002
0;0;36;305.862;0.0;0.0;0.0;305.862;305.862;0.0;5.0;1529.3100000000002
0;0;37;261.294;0.0;0.0;0.0;261.294;261.294;0.0;5.0;1306.4699999999998
0;0;38;273.062;0.0;0.0;0.0;273.062;273.062;0.0;5.0;1365.31
0;0;39;269.406;0.0;0.0;0.0;269.406;269.406;0.0;5.0;1347.03
0;0;40;260.98199999999997;0.0;0.0;0.0;260.982;260.982;0.0;5.0;1304.91
0;0;41;277.632;0.0;0.0;0.0;277.632;277.632;0.0;5.0;1388.16
0;0;42;321.692;0.0;0.0;0.0;321.692;321.692;0.0;5.0;1608.46
0;0;43;321.262;0.0;0.0;0.0;321.262;321.262;0.0;5.0;1606.31
0;0;44;332.017;0.0;0.0;0.0;332.017;332.017;0.0;5.0;1660.085
0;0;45;323.134;0.0;0.0;0.0;323.134;323.134;0.0;5.0;1615.67
0;0;46;300.832;0.0;0.0;0.0;300.832;300.832;0.0;5.0;1504.1599999999999
0;0;47;262.826;0.0;0.0;0.0;262.826;262.826;0.0;5.0;1314.13
0;0;48;191.24800000000002;0.0;0.0;0.0;191.248;191.248;0.0;5.0;956.24
0;0;49;197.88;0.0;0.0;0.0;197.88;197.88;0.0;5.0;989.4
0;0;50;197.29100000000003;0.0;0.0;0.0;197.291;197.291;0.0;5.0;986.4549999999999
0;0;51;198.962;0.0;0.0;0.0;198.962;198.962;0.0;5.0;994.81
0;0;52;197.98000000000002;0.0;0.0;0.0;197.98;197.98;0.0;5.0;989.9
0;0;53;201.077;0.0;0.0;0.0;201.077;201.077;0.0;5.0;1005.385
0;0;54;229.817;0.0;0.0;0.0;229.817;229.817;0.0;5.0;1149.085
0;0;55;293.222;0.0;0.0;0.0;293.222;293.222;0.0;5.0;1466.11
0;0;56;319.619;0.0;0.0;0.0;319.619;319.619;0.0;5.0;1598.0950000000003
0;0;57;258.868;0.0;0.0;0.0;258.868;258.868;0.0;5.0;1294.34
0;0;58;246.436;0.0;0.0;0.0;246.436;246.436;0.0;5.0;1232.18
0;0;59;207.84;0.0;46.4048577;0.0;161.4351423;207.84;0.0;5.0;1039.2
0;0;60;197.553;0.0;108.3078163;0.0;89.2451837;197.553;0.0;5.0;987.765
0;0;61;191.897;0.0;106.2561699;0.0;85.6408301;191.897;0.0;5.0;959.4849999999999
0;0;62;187.313;0.0;29.6080986;0.0;157.7049014;187.313;0.0;5.0;936.5649999999999
0;0;63;189.44;0.0;0.0;0.0;189.44;189.44;0.0;5.0;947.2
0;0;64;187.05599999999998;0.0;0.0;0.0;187.056;187.056;0.0;5.0;935.2800000000001
0;0;65;157.414;0.0;0.0;0.0;157.414;157.414;0.0;5.0;787.0699999999999
0;0;66;188.15300000000002;0.0;0.0;0.0;188.153;188.153;0.0;5.0;940.765
0;0;67;329.27;0.0;0.0;0.0;329.27;329.27;0.0;5.0;1646.35
0;0;68;187.155;0.0;0.0;0.0;187.155;187.155;0.0;5.0;935.775
0;0;69;126.043;0.0;0.0;0.0;126.043;126.043;0.0;5.0;630.215
0;0;70;222.25400000000002;0.0;0.0;0.0;222.254;222.254;0.0;5.0;1111.27
0;0;71;171.902;0.0;0.0;0.0;171.902;171.902;0.0;5.0;859.51
0;0;72;225.68;0.0;0.0;0.0;225.68;225.68;0.0;5.0;1128.4
0;0;73;27.031;0.0;0.0;0.0;27.031;27.031;0.0;5.0;135.155
0;0;74;134.724;0.0;0.0;0.0;134.724;134.724;0.0;5.0;673.6199999999999
0;0;75;139.552;0.0;0.0;0.0;139.552;139.552;0.0;5.0;697.76
0;0;76;137.421;0.0;0.0;0.0;137.421;137.421;0.0;5.0;687.105
0;0;77;138.824;0.0;0.0;0.0;138.824;138.824;0.0;5.0;694.1200000000001
0;0;78;146.135;0.0;0.0;0.0;146.135;146.135;0.0;5.0;730.675
0;0;79;213.92200000000003;0.0;0.0;0.0;213.922;213.922;0.0;5.0;1069.61
0;0;80;226.41;0.0;0.0;0.0;226.41;226.41;0.0;5.0;1132.05
0;0;81;181.11700000000002;0.0;0.0;0.0;181.117;181.117;0.0;5.0;905.5849999999999
0;0;82;197.65;0.0;0.0;0.0;197.65;197.65;0.0;5.0;988.25
0;0;83;175.624;0.0;6.4581522;0.0;169.1658478;175.624;0.0;5.0;878.12
0;0;84;169.017;0.0;0.0;0.0;169.017;169.017;0.0;5.0;845.085
0;0;85;161.022;0.0;19.8130373;0.0;141.2089627;161.022;0.0;5.0;805.1099999999999
0;0;86;159.613;0.0;89.7653315;0.0;69.8476685;159.613;0.0;5.0;798.065
0;0;87;176.002;0.0;0.615332;0.0;175.386668;176.002;0.0;5.0;880.01
0;0;88;260.543;0.0;0.0;0.0;260.543;260.543;0.0;5.0;1302.7150000000001
0;0;89;301.798;0.0;0.0;0.0;301.798;301.798;0.0;5.0;1508.99
0;0;90;111.58;0.0;0.0;0.0;111.58;111.58;0.0;5.0;557.9
0;0;91;309.534;0.0;0.0;0.0;309.534;309.534;0.0;5.0;1547.67
0;0;92;134.323;0.0;0.0;0.0;134.323;134.323;0.0;5.0;671.615
0;0;93;339.276;0.0;0.0;0.0;339.276;339.276;0.0;5.0;1696.38
0;0;94;108.963;0.0;0.0;0.0;108.963;108.963;0.0;5.0;544.8149999999999
0;0;95;302.465;0.0;0.0;0.0;302.465;302.465;0.0;5.0;1512.3249999999998
0;0;96;245.14800000000002;0.0;0.0;0.0;245.148;245.148;0.0;5.0;1225.74
0;0;97;235.586;0.0;0.0;0.0;235.586;235.586;0.0;5.0;1177.93
0;0;98;239.672;0.0;0.0;0.0;239.672;239.672;0.0;5.0;1198.36
0;0;99;36.304;0.0;0.0;0.0;36.304;36.304;0.0;5.0;181.52
0;0;100;264.28000000000003;0.0;0.0;0.0;264.28;264.28;0.0;5.0;1321.3999999999999
0;0;101;269.891;0.0;0.0;0.0;269.891;269.891;0.0;5.0;1349.4550000000002
0;0;102;271.894;0.0;0.0;0.0;271.894;271.894;0.0;5.0;1359.47
0;0;103;301.347;0.0;0.0;0.0;301.347;301.347;0.0;5.0;1506.735
0;0;104;302.04;0.0;0.0;0.0;302.04;302.04;0.0;5.0;1510.2
0;0;105;311.897;0.0;0.0;0.0;311.897;311.897;0.0;5.0;1559.485
0;0;106;309.62;0.0;0.0;0.0;309.62;309.62;0.0;5.0;1548.1
0;0;107;284.916;0.0;51.1627748;0.0;233.7532252;284.916;0.0;5.0;1424.58
0;0;108;294.909;0.0;0.0;0.0;294.909;294.909;0.0;5.0;1474.545
0;0;109;285.486;0.0;0.0;0.0;285.486;285.486;0.0;5.0;1427.4299999999998
0;0;110;255.387;0.0;0.0;0.0;255.387;255.387;0.0;5.0;1276.935
0;0;111;256.673;0.0;0.0;0.0;256.673;256.673;0.0;5.0;1283.365
0;0;112;243.463;0.0;0.0;0.0;243.463;243.463;0.0;5.0;1217.315
0;0;113;273.191;0.0;0.0;0.0;273.191;273.191;0.0;5.0;1365.955
0;0;114;327.635;0.0;0.0;0.0;327.635;327.635;0.0;5.0;1638.175
0;0;115;358.02099999999996;0.0;0.0;0.0;358.021;358.021;0.0;5.0;1790.105
0;0;116;337.87399999999997;0.0;0.0;0.0;337.874;337.874;0.0;5.0;1689.3700000000001
0;0;117;339.102;0.0;0.0;0.0;339.102;339.102;0.0;5.0;1695.5099999999998
0;0;118;338.526;0.0;0.0;0.0;338.526;338.526;0.0;5.0;1692.63
0;0;119;279.409;0.0;0.0;0.0;279.409;279.409;0.0;5.0;1397.045
0;0;120;17.164;0.0;0.0;0.0;17.164;17.164;0.0;5.0;85.82000000000001
0;0;121;266.63;0.0;0.0;0.0;266.63;266.63;0.0;5.0;1333.15
0;0;122;273.899;0.0;0.0;0.0;273.899;273.899;0.0;5.0;1369.495
0;0;123;271.182;0.0;0.0;0.0;271.182;271.182;0.0;5.0;1355.91
0;0;124;267.337;0.0;0.0;0.0;267.337;267.337;0.0;5.0;1336.685
0;0;125;271.122;0.0;0.0;0.0;271.122;271.122;0.0;5.0;1355.6100000000001
0;0;126;275.866;0.0;0.0;0.0;275.866;275.866;0.0;5.0;1379.33
0;0;127;334.466;0.0;0.0;0.0;334.466;334.466;0.0;5.0;1672.33
0;0;128;350.88800000000003;0.0;0.0;0.0;350.888;350.888;0.0;5.0;1754.4399999999998
0;0;129;316.81100000000004;0.0;0.0;0.0;316.811;316.811;0.0;5.0;1584.0549999999998
0;0;130;317.228;0.0;0.0;0.0;317.228;317.228;0.0;5.0;1586.14
0;0;131;290.132;0.0;0.0;0.0;290.132;290.132;0.0;5.0;1450.66
0;0;132;281.714;0.0;0.0;0.0;281.714;281.714;0.0;5.0;1408.57
0;0;133;256.601;0.0;0.0;0.0;256.601;256.601;0.0;5.0;1283.005
0;0;134;293.59000000000003;0.0;0.0;0.0;293.59;293.59;0.0;5.0;1467.9499999999998
0;0;135;299.29200000000003;0.0;0.0;0.0;299.292;299.292;0.0;5.0;1496.4599999999998
0;0;136;322.558;0.0;0.0;0.0;322.558;322.558;0.0;5.0;1612.79
0;0;137;255.92;0.0;0.0;0.0;255.92;255.92;0.0;5.0;1279.6
0;0;138;359.74;0.0;0.0;0.0;359.74;359.74;0.0;5.0;1798.7
0;0;139;376.187;0.0;0.0;0.0;376.187;376.187;0.0;5.0;1880.935
0;0;140;352.933;0.0;0.0;0.0;352.933;352.933;0.0;5.0;1764.665
0;0;141;335.23;0.0;0.0;0.0;335.23;335.23;0.0;5.0;1676.15
0;0;142;359.782;0.0;0.0;0.0;359.782;359.782;0.0;5.0;1798.9099999999999
0;0;143;294.871;0.0;0.0;0.0;294.871;294.871;0.0;5.0;1474.355
0;0;144;174.763;0.0;0.0;0.0;174.763;174.763;0.0;5.0;873.815
0;0;145;283.611;0.0;0.0;0.0;283.611;283.611;0.0;5.0;1418.0549999999998
0;0;146;274.919;0.0;0.0;0.0;274.919;274.919;0.0;5.0;1374.5949999999998
0;0;147;275.497;0.0;0.0;0.0;275.497;275.497;0.0;5.0;1377.4850000000001
0;0;148;277.586;0.0;0.0;0.0;277.586;277.586;0.0;5.0;1387.93
0;0;149;280.281;0.0;0.0;0.0;280.281;280.281;0.0;5.0;1401.405
0;0;150;282.458;0.0;0.0;0.0;282.458;282.458;0.0;5.0;1412.2900000000002
0;0;151;328.42199999999997;0.0;0.0;0.0;328.422;328.422;0.0;5.0;1642.1100000000001
0;0;152;349.953;0.0;0.0;0.0;349.953;349.953;0.0;5.0;1749.7649999999999
0;0;153;326.61199999999997;0.0;0.0;0.0;326.612;326.612;0.0;5.0;1633.0600000000002
0;0;154;325.264;0.0;7.6661529;0.0;317.5978471;325.264;0.0;5.0;1626.3200000000002
0;0;155;303.376;0.0;68.096199;0.0;235.279801;303.376;0.0;5.0;1516.8799999999999
0;0;156;309.389;0.0;60.2007358;0.0;249.1882642;309.389;0.0;5.0;1546.9450000000002
0;0;157;272.713;0.0;52.6739412;0.0;220.0390588;272.713;0.0;5.0;1363.565
0;0;158;260.018;0.0;68.3735152;0.0;191.6444848;260.018;0.0;5.0;1300.09
0;0;159;237.33499999999998;0.0;0.0;0.0;237.335;237.335;0.0;5.0;1186.675
0;0;160;313.212;0.0;0.0;0.0;313.212;313.212;0.0;5.0;1566.06
0;0;161;279.745;0.0;0.0;0.0;279.745;279.745;0.0;5.0;1398.725
0;0;162;340.998;0.0;0.0;0.0;340.998;340.998;0.0;5.0;1704.99
0;0;163;348.512;0.0;0.0;0.0;348.512;348.512;0.0;5.0;1742.56
0;0;164;356.215;0.0;0.0;0.0;356.215;356.215;0.0;5.0;1781.0749999999998
0;0;165;257.991;0.0;0.0;0.0;257.991;257.991;0.0;5.0;1289.955
0;0;166;348.996;0.0;0.0;0.0;348.996;348.996;0.0;5.0;1744.98
0;0;167;243.046;0.0;0.0;0.0;243.046;243.046;0.0;5.0;1215.23
0;1;0;17.989;0.0;0.0;0.0;17.989;17.989;0.0;22.0;395.75800000000004
0;1;1;23.255;0.0;0.0;0.0;23.255;23.255;0.0;22.0;511.60999999999996
0;1;2;23.143;0.0;0.0;0.0;23.143;23.143;0.0;22.0;509.146
0;1;3;21.498;0.0;0.0;0.0;21.498;21.498;0.0;22.0;472.956
0;1;4;20.967;0.0;0.0;0.0;20.967;20.967;0.0;22.0;461.274
0;1;5;22.931;0.0;0.0;0.0;22.931;22.931;0.0;22.0;504.482
0;1;6;34.738;0.0;0.0;0.0;34.738;34.738;0.0;22.0;764.236
0;1;7;62.845;0.0;41.3600484;0.0;21.4849516;62.845;0.0;22.0;1382.59
0;1;8;77.501;0.0;77.501;0.0;0.0;77.501;0.0;22.0;1705.0220000000002
0;1;9;77.11;0.0;77.11;0.0;0.0;77.11;0.0;22.0;1696.42
0;1;10;81.076;0.0;81.076;0.0;0.0;81.076;0.0;22.0;1783.6719999999998
0;1;11;77.919;0.0;77.919;0.0;0.0;77.919;0.0;22.0;1714.2179999999998
0;1;12;74.173;0.0;74.173;0.0;0.0;74.173;0.0;22.0;1631.806
0;1;13;83.849;0.0;83.849;0.0;0.0;83.849;0.0;22.0;1844.678
0;1;14;73.651;0.0;73.651;0.0;0.0;73.651;0.0;22.0;1620.322
0;1;15;76.907;0.0;76.907;0.0;0.0;76.907;0.0;22.0;1691.954
0;1;16;143.037;0.0;143.037;0.0;0.0;143.037;0.0;22.0;3146.8140000000003
0;1;17;111.289;0.0;90.379233;0.0;20.909767;111.289;0.0;22.0;2448.358
0;1;18;107.061;0.0;15.3753899;0.0;91.6856101;107.061;0.0;22.0;2355.342
0;1;19;122.371;0.0;0.0;0.0;122.371;122.371;0.0;22.0;2692.162
0;1;20;124.403;0.0;0.0;0.0;124.403;124.403;0.0;22.0;2736.866
0;1;21;111.132;0.0;0.0;0.0;111.132;111.132;0.0;22.0;2444.904
0;1;22;104.452;0.0;0.0;0.0;104.452;104.452;0.0;22.0;2297.944
0;1;23;77.846;0.0;0.0;0.0;77.846;77.846;0.0;22.0;1712.612
0;1;24;17.355;0.0;0.0;0.0;17.355;17.355;0.0;22.0;381.81
0;1;25;26.723;0.0;0.0;0.0;26.723;26.723;0.0;22.0;587.906
0;1;26;23.085;0.0;0.0;0.0;23.085;23.085;0.0;22.0;507.87
0;1;27;23.11;0.0;0.0;0.0;23.11;23.11;0.0;22.0;508.41999999999996
0;1;28;24.173;0.0;0.0;0.0;24.173;24.173;0.0;22.0;531.8059999999999
0;1;29;25.641;0.0;0.0;0.0;25.641;25.641;0.0;22.0;564.102
0;1;30;28.276;0.0;0.0;0.0;28.276;28.276;0.0;22.0;622.072
0;1;31;66.847;0.0;32.5671703;0.0;34.2798297;66.847;0.0;22.0;1470.6339999999998
0;1;32;81.58;0.0;81.58;0.0;0.0;81.58;0.0;22.0;1794.76
0;1;33;79.87700000000001;0.0;79.877;0.0;0.0;79.877;0.0;22.0;1757.2939999999999
0;1;34;79.72200000000001;0.0;79.722;0.0;0.0;79.722;0.0;22.0;1753.8839999999998
0;1;35;82.895;0.0;82.895;0.0;0.0;82.895;0.0;22.0;1823.6899999999998
0;1;36;69.64999999999999;0.0;69.65;0.0;0.0;69.65;0.0;22.0;1532.3000000000002
0;1;37;75.50999999999999;0.0;75.51;0.0;0.0;75.51;0.0;22.0;1661.22
0;1;38;80.093;0.0;80.093;0.0;0.0;80.093;0.0;22.0;1762.046
0;1;39;155.755;0.0;155.755;0.0;0.0;155.755;0.0;22.0;3426.6099999999997
0;1;40;82.072;0.0;82.072;0.0;0.0;82.072;0.0;22.0;1805.584
0;1;41;124.468;0.0;124.468;0.0;0.0;124.468;0.0;22.0;2738.2960000000003
0;1;42;98.397;0.0;54.2455406;0.0;44.1514594;98.397;0.0;22.0;2164.734
0;1;43;122.484;0.0;0.0;0.0;122.484;122.484;0.0;22.0;2694.6479999999997
0;1;44;131.598;0.0;0.0;0.0;131.598;131.598;0.0;22.0;2895.1560000000004
0;1;45;118.838;0.0;0.0;0.0;118.838;118.838;0.0;22.0;2614.4359999999997
0;1;46;107.994;0.0;0.0;0.0;107.994;107.994;0.0;22.0;2375.868
0;1;47;70.285;0.0;0.0;0.0;70.285;70.285;0.0;22.0;1546.27
0;1;48;17.385;0.0;0.0;0.0;17.385;17.385;0.0;22.0;382.47
0;1;49;24.797;0.0;0.0;0.0;24.797;24.797;0.0;22.0;545.534
0;1;50;24.379;0.0;0.0;0.0;24.379;24.379;0.0;22.0;536.3380000000001
0;1;51;23.103;0.0;0.0;0.0;23.103;23.103;0.0;22.0;508.266
0;1;52;21.947;0.0;0.0;0.0;21.947;21.947;0.0;22.0;482.834
0;1;53;22.954;0.0;0.0;0.0;22.954;22.954;0.0;22.0;504.988
0;1;54;35.244;0.0;0.0;0.0;35.244;35.244;0.0;22.0;775.3679999999999
0;1;55;55.09;0.0;20.3691641;0.0;34.7208359;55.09;0.0;22.0;1211.98
0;1;56;75.434;0.0;75.434;0.0;0.0;75.434;0.0;22.0;1659.548
0;1;57;59.689;0.0;59.689;0.0;0.0;59.689;0.0;22.0;1313.158
0;1;58;90.505;0.0;90.505;0.0;0.0;90.505;0.0;22.0;1991.11
0;1;59;76.638;0.0;76.638;0.0;0.0;76.638;0.0;22.0;1686.036
0;1;60;75.573;0.0;75.573;0.0;0.0;75.573;0.0;22.0;1662.6059999999998
0;1;61;81.83200000000001;0.0;81.832;0.0;0.0;81.832;0.0;22.0;1800.3039999999999
0;1;62;134.01999999999998;0.0;134.02;0.0;0.0;134.02;0.0;22.0;2948.44
0;1;63;98.32499999999999;0.0;98.325;0.0;0.0;98.325;0.0;22.0;2163.15
0;1;64;117.174;0.0;117.174;0.0;0.0;117.174;0.0;22.0;2577.828
0;1;65;94.343;0.0;94.343;0.0;0.0;94.343;0.0;22.0;2075.5460000000003
0;1;66;105.985;0.0;26.428049;0.0;79.556951;105.985;0.0;22.0;2331.67
0;1;67;124.163;0.0;0.0;0.0;124.163;124.163;0.0;22.0;2731.586
0;1;68;131.535;0.0;0.0;0.0;131.535;131.535;0.0;22.0;2893.77
0;1;69;115.146;0.0;0.0;0.0;115.146;115.146;0.0;22.0;2533.212
0;1;70;119.896;0.0;0.0;0.0;119.896;119.896;0.0;22.0;2637.712
0;1;71;84.662;0.0;0.0;0.0;84.662;84.662;0.0;22.0;1862.564
0;1;72;17.365;0.0;0.0;0.0;17.365;17.365;0.0;22.0;382.03
0;1;73;24.07;0.0;0.0;0.0;24.07;24.07;0.0;22.0;529.54
0;1;74;22.578;0.0;0.0;0.0;22.578;22.578;0.0;22.0;496.716
0;1;75;22.352;0.0;0.0;0.0;22.352;22.352;0.0;22.0;491.744
0;1;76;24.16;0.0;0.0;0.0;24.16;24.16;0.0;22.0;531.52
0;1;77;23.863;0.0;0.0;0.0;23.863;23.863;0.0;22.0;524.986
0;1;78;24.583;0.0;0.0;0.0;24.583;24.583;0.0;22.0;540.826
0;1;79;42.237;0.0;35.3697588;0.0;6.8672412;42.237;0.0;22.0;929.214
0;1;80;43.922;0.0;43.922;0.0;0.0;43.922;0.0;22.0;966.2839999999999
0;1;81;68.762;0.0;68.762;0.0;0.0;68.762;0.0;22.0;1512.7640000000001
0;1;82;63.739000000000004;0.0;63.739;0.0;0.0;63.739;0.0;22.0;1402.258
0;1;83;68.838;0.0;68.838;0.0;0.0;68.838;0.0;22.0;1514.436
0;1;84;76.598;0.0;76.598;0.0;0.0;76.598;0.0;22.0;1685.156
0;1;85;84.864;0.0;84.864;0.0;0.0;84.864;0.0;22.0;1867.008
0;1;86;62.119;0.0;62.119;0.0;0.0;62.119;0.0;22.0;1366.618
0;1;87;176.91500000000002;0.0;176.915;0.0;0.0;176.915;0.0;22.0;3892.1299999999997
0;1;88;68.892;0.0;68.892;0.0;0.0;68.892;0.0;22.0;1515.6239999999998
0;1;89;93.093;0.0;84.0068969;0.0;9.0861031;93.093;0.0;22.0;2048.0460000000003
0;1;90;107.235;0.0;52.8293048;0.0;54.4056952;107.235;0.0;22.0;2359.17
0;1;91;93.46;0.0;0.0;0.0;93.46;93.46;0.0;22.0;2056.12
0;1;92;98.34;0.0;0.0;0.0;98.34;98.34;0.0;22.0;2163.48
0;1;93;103.639;0.0;0.0;0.0;103.639;103.639;0.0;22.0;2280.058
0;1;94;107.166;0.0;0.0;0.0;107.166;107.166;0.0;22.0;2357.652
0;1;95;69.617;0.0;0.0;0.0;69.617;69.617;0.0;22.0;1531.574
0;1;96;19.569;0.0;0.0;0.0;19.569;19.569;0.0;22.0;430.518
0;1;97;30.595;0.0;0.0;0.0;30.595;30.595;0.0;22.0;673.0899999999999
0;1;98;24.166;0.0;0.0;0.0;24.166;24.166;0.0;22.0;531.652
0;1;99;22.786;0.0;0.0;0.0;22.786;22.786;0.0;22.0;501.29200000000003
0;1;100;24.026;0.0;0.0;0.0;24.026;24.026;0.0;22.0;528.572
0;1;101;23.977;0.0;0.0;0.0;23.977;23.977;0.0;22.0;527.494
0;1;102;29.663;0.0;0.0;0.0;29.663;29.663;0.0;22.0;652.586
0;1;103;57.721;0.0;33.219448;0.0;24.501552;57.721;0.0;22.0;1269.8619999999999
0;1;104;64.737;0.0;64.737;0.0;0.0;64.737;0.0;22.0;1424.214
0;1;105;88.619;0.0;88.619;0.0;0.0;88.619;0.0;22.0;1949.618
0;1;106;90.41499999999999;0.0;90.415;0.0;0.0;90.415;0.0;22.0;1989.13
0;1;107;100.464;0.0;100.464;0.0;0.0;100.464;0.0;22.0;2210.208
0;1;108;94.952;0.0;94.952;0.0;0.0;94.952;0.0;22.0;2088.944
0;1;109;83.801;0.0;83.801;0.0;0.0;83.801;0.0;22.0;1843.622
0;1;110;90.541;0.0;90.541;0.0;0.0;90.541;0.0;22.0;1991.902
0;1;111;119.566;0.0;119.566;0.0;0.0;119.566;0.0;22.0;2630.452
0;1;112;160.604;0.0;160.604;0.0;0.0;160.604;0.0;22.0;3533.2880000000005
0;1;113;93.946;0.0;93.946;0.0;0.0;93.946;0.0;22.0;2066.812
0;1;114;100.858;0.0;42.2387751;0.0;58.6192249;100.858;0.0;22.0;2218.876
0;1;115;108.578;0.0;0.0;0.0;108.578;108.578;0.0;22.0;2388.716
0;1;116;116.126;0.0;0.0;0.0;116.126;116.126;0.0;22.0;2554.772
0;1;117;116.674;0.0;0.0;0.0;116.674;116.674;0.0;22.0;2566.828
0;1;118;105.6;0.0;0.0;0.0;105.6;105.6;0.0;22.0;2323.2
0;1;119;89.315;0.0;0.0;0.0;89.315;89.315;0.0;22.0;1964.9299999999998
0;1;120;17.254;0.0;0.0;0.0;17.254;17.254;0.0;22.0;379.588
0;1;121;25.948;0.0;0.0;0.0;25.948;25.948;0.0;22.0;570.856
0;1;122;21.824;0.0;0.0;0.0;21.824;21.824;0.0;22.0;480.12800000000004
0;1;123;24.068;0.0;0.0;0.0;24.068;24.068;0.0;22.0;529.496
0;1;124;21.652;0.0;0.0;0.0;21.652;21.652;0.0;22.0;476.34400000000005
0;1;125;22.917;0.0;0.0;0.0;22.917;22.917;0.0;22.0;504.17400000000004
0;1;126;33.774;0.0;0.0;0.0;33.774;33.774;0.0;22.0;743.028
0;1;127;83.067;0.0;10.5058925;0.0;72.5611075;83.067;0.0;22.0;1827.474
0;1;128;89.751;0.0;89.751;0.0;0.0;89.751;0.0;22.0;1974.5220000000002
0;1;129;83.552;0.0;83.552;0.0;0.0;83.552;0.0;22.0;1838.1440000000002
0;1;130;78.702;0.0;78.702;0.0;0.0;78.702;0.0;22.0;1731.444
0;1;131;75.017;0.0;75.017;0.0;0.0;75.017;0.0;22.0;1650.3739999999998
0;1;132;86.484;0.0;86.484;0.0;0.0;86.484;0.0;22.0;1902.648
0;1;133;75.53999999999999;0.0;75.54;0.0;0.0;75.54;0.0;22.0;1661.88
0;1;134;87.485;0.0;87.485;0.0;0.0;87.485;0.0;22.0;1924.67
0;1;135;112.118;0.0;112.118;0.0;0.0;112.118;0.0;22.0;2466.596
0;1;136;151.181;0.0;151.181;0.0;0.0;151.181;0.0;22.0;3325.9820000000004
0;1;137;92.244;0.0;92.244;0.0;0.0;92.244;0.0;22.0;2029.368
0;1;138;121.66;0.0;35.9974875;0.0;85.6625125;121.66;0.0;22.0;2676.52
0;1;139;132.421;0.0;0.0;0.0;132.421;132.421;0.0;22.0;2913.2619999999997
0;1;140;123.776;0.0;0.0;0.0;123.776;123.776;0.0;22.0;2723.072
0;1;141;100.279;0.0;0.0;0.0;100.279;100.279;0.0;22.0;2206.138
0;1;142;107.191;0.0;0.0;0.0;107.191;107.191;0.0;22.0;2358.202
0;1;143;84.711;0.0;0.0;0.0;84.711;84.711;0.0;22.0;1863.642
0;1;144;17.57;0.0;0.0;0.0;17.57;17.57;0.0;22.0;386.54
0;1;145;23.791;0.0;0.0;0.0;23.791;23.791;0.0;22.0;523.402
0;1;146;23.035;0.0;0.0;0.0;23.035;23.035;0.0;22.0;506.77
0;1;147;22.002;0.0;0.0;0.0;22.002;22.002;0.0;22.0;484.044
0;1;148;22.518;0.0;0.0;0.0;22.518;22.518;0.0;22.0;495.396
0;1;149;21.913;0.0;0.0;0.0;21.913;21.913;0.0;22.0;482.086
0;1;150;26.408;0.0;0.0;0.0;26.408;26.408;0.0;22.0;580.976
0;1;151;65.537;0.0;25.9069;0.0;39.6301;65.537;0.0;22.0;1441.814
0;1;152;79.595;0.0;79.595;0.0;0.0;79.595;0.0;22.0;1751.09
0;1;153;78.72;0.0;78.72;0.0;0.0;78.72;0.0;22.0;1731.84
0;1;154;89.954;0.0;89.954;0.0;0.0;89.954;0.0;22.0;1978.9879999999998
0;1;155;82.562;0.0;82.562;0.0;0.0;82.562;0.0;22.0;1816.364
0;1;156;88.117;0.0;88.117;0.0;0.0;88.117;0.0;22.0;1938.574
0;1;157;94.359;0.0;94.359;0.0;0.0;94.359;0.0;22.0;2075.8979999999997
0;1;158;84.47200000000001;0.0;84.472;0.0;0.0;84.472;0.0;22.0;1858.3839999999998
0;1;159;196.02;0.0;196.02;0.0;0.0;196.02;0.0;22.0;4312.4400000000005
0;1;160;122.22200000000001;0.0;122.222;0.0;0.0;122.222;0.0;22.0;2688.884
0;1;161;110.198;0.0;110.198;0.0;0.0;110.198;0.0;22.0;2424.3559999999998
0;1;162;118.654;0.0;28.5272232;0.0;90.1267768;118.654;0.0;22.0;2610.388
0;1;163;122.336;0.0;0.0;0.0;122.336;122.336;0.0;22.0;2691.392
0;1;164;124.667;0.0;0.0;0.0;124.667;124.667;0.0;22.0;2742.674
0;1;165;123.342;0.0;0.0;0.0;123.342;123.342;0.0;22.0;2713.524
0;1;166;120.635;0.0;0.0;0.0;120.635;120.635;0.0;22.0;2653.9700000000003
0;1;167;95.676;0.0;0.0;0.0;95.676;95.676;0.0;22.0;2104.872
0;2;0;16.569;0.0;0.0;0.0;16.569;16.569;0.0;10.0;165.69
0;2;1;24.058;0.0;0.0;0.0;24.058;24.058;0.0;10.0;240.57999999999998
0;2;2;196.88899999999998;0.0;0.0;0.0;196.889;196.889;0.0;10.0;1968.89
0;2;3;22.732;0.0;0.0;0.0;22.732;22.732;0.0;10.0;227.32
0;2;4;32.943;0.0;0.0;0.0;32.943;32.943;0.0;10.0;329.42999999999995
0;2;5;220.025;0.0;0.0;0.0;220.025;220.025;0.0;10.0;2200.25
0;2;6;24.451;0.0;0.0;0.0;24.451;24.451;0.0;10.0;244.51
0;2;7;170.07100000000003;0.0;0.0;0.0;170.071;170.071;0.0;10.0;1700.71
0;2;8;106.538;0.0;0.0;0.0;106.538;106.538;0.0;10.0;1065.3799999999999
0;2;9;181.276;0.0;9.4758382;0.0;171.8001618;181.276;0.0;10.0;1812.7600000000002
0;2;10;168.688;0.0;168.688;0.0;0.0;168.688;0.0;10.0;1686.8799999999999
0;2;11;260.424;0.0;260.424;0.0;0.0;260.424;0.0;10.0;2604.24
0;2;12;227.264;0.0;227.264;0.0;0.0;227.264;0.0;10.0;2272.6400000000003
0;2;13;119.17;0.0;119.17;0.0;0.0;119.17;0.0;10.0;1191.7
0;2;14;114.039;0.0;114.039;0.0;0.0;114.039;0.0;10.0;1140.39
0;2;15;116.913;0.0;116.913;0.0;0.0;116.913;0.0;10.0;1169.1299999999999
0;2;16;120.71199999999999;0.0;46.8664437;0.0;73.8455563;120.712;0.0;10.0;1207.1200000000001
0;2;17;158.71800000000002;0.0;0.0;0.0;158.718;158.718;0.0;10.0;1587.1799999999998
0;2;18;117.045;0.0;0.0;0.0;117.045;117.045;0.0;10.0;1170.45
0;2;19;238.83800000000002;0.0;0.0;0.0;238.838;238.838;0.0;10.0;2388.38
0;2;20;206.368;0.0;0.0;0.0;206.368;206.368;0.0;10.0;2063.68
0;2;21;128.435;0.0;0.0;0.0;128.435;128.435;0.0;10.0;1284.35
0;2;22;269.328;0.0;0.0;0.0;269.328;269.328;0.0;10.0;2693.2799999999997
0;2;23;162.994;0.0;0.0;0.0;162.994;162.994;0.0;10.0;1629.94
0;2;24;16.598;0.0;0.0;0.0;16.598;16.598;0.0;10.0;165.98
0;2;25;25.986;0.0;0.0;0.0;25.986;25.986;0.0;10.0;259.86
0;2;26;241.971;0.0;0.0;0.0;241.971;241.971;0.0;10.0;2419.71
0;2;27;33.638;0.0;0.0;0.0;33.638;33.638;0.0;10.0;336.38
0;2;28;242.035;0.0;0.0;0.0;242.035;242.035;0.0;10.0;2420.35
0;2;29;82.675;0.0;0.0;0.0;82.675;82.675;0.0;10.0;826.75
0;2;30;201.69500000000002;0.0;0.0;0.0;201.695;201.695;0.0;10.0;2016.9499999999998
0;2;31;261.977;0.0;0.0;0.0;261.977;261.977;0.0;10.0;2619.7699999999995
0;2;32;255.01799999999997;0.0;0.0;0.0;255.018;255.018;0.0;10.0;2550.18
0;2;33;236.081;0.0;26.4527506;0.0;209.6282494;236.081;0.0;10.0;2360.81
0;2;34;206.38400000000001;0.0;103.0239484;0.0;103.3600516;206.384;0.0;10.0;2063.8399999999997
0;2;35;175.478;0.0;175.478;0.0;0.0;175.478;0.0;10.0;1754.7800000000002
0;2;36;198.281;0.0;198.281;0.0;0.0;198.281;0.0;10.0;1982.81
0;2;37;234.48399999999998;0.0;234.484;0.0;0.0;234.484;0.0;10.0;2344.84
0;2;38;80.508;0.0;80.5074969;0.0;0.0005031;80.508;0.0;10.0;805.0799999999999
0;2;39;62.677;0.0;62.677;0.0;0.0;62.677;0.0;10.0;626.77
0;2;40;258.23;0.0;0.0;0.0;258.23;258.23;0.0;10.0;2582.3
0;2;41;137.965;0.0;0.0;0.0;137.965;137.965;0.0;10.0;1379.65
0;2;42;170.23399999999998;0.0;0.0;0.0;170.234;170.234;0.0;10.0;1702.3400000000001
0;2;43;169.212;0.0;0.0;0.0;169.212;169.212;0.0;10.0;1692.12
0;2;44;184.796;0.0;0.0;0.0;184.796;184.796;0.0;10.0;1847.96
0;2;45;177.082;0.0;0.0;0.0;177.082;177.082;0.0;10.0;1770.82
0;2;46;101.152;0.0;0.0;0.0;101.152;101.152;0.0;10.0;1011.52
0;2;47;87.858;0.0;0.0;0.0;87.858;87.858;0.0;10.0;878.58
0;2;48;20.281;0.0;0.0;0.0;20.281;20.281;0.0;10.0;202.81
0;2;49;21.822;0.0;0.0;0.0;21.822;21.822;0.0;10.0;218.22
0;2;50;87.064;0.0;0.0;0.0;87.064;87.064;0.0;10.0;870.6399999999999
0;2;51;91.106;0.0;0.0;0.0;91.106;91.106;0.0;10.0;911.06
0;2;52;92.568;0.0;0.0;0.0;92.568;92.568;0.0;10.0;925.68
0;2;53;95.05;0.0;0.0;0.0;95.05;95.05;0.0;10.0;950.5
0;2;54;95.969;0.0;0.0;0.0;95.969;95.969;0.0;10.0;959.6899999999999
0;2;55;171.454;0.0;0.0;0.0;171.454;171.454;0.0;10.0;1714.54
0;2;56;191.543;0.0;0.0;0.0;191.543;191.543;0.0;10.0;1915.43
0;2;57;146.25900000000001;0.0;0.0;0.0;146.259;146.259;0.0;10.0;1462.59
0;2;58;127.549;0.0;39.1293069;0.0;88.4196931;127.549;0.0;10.0;1275.49
0;2;59;114.96799999999999;0.0;48.7064114;0.0;66.2615886;114.968;0.0;10.0;1149.68
0;2;60;121.324;0.0;121.324;0.0;0.0;121.324;0.0;10.0;1213.24
0;2;61;135.94;0.0;135.9392122;0.0;0.0007878;135.94;0.0;10.0;1359.4
0;2;62;80.288;0.0;29.0354189;0.0;51.2525811;80.288;0.0;10.0;802.88
0;2;63;104.869;0.0;51.0735705;0.0;53.7954295;104.869;0.0;10.0;1048.69
0;2;64;158.707;0.0;0.0;0.0;158.707;158.707;0.0;10.0;1587.07
0;2;65;288.51800000000003;0.0;0.0;0.0;288.518;288.518;0.0;10.0;2885.18
0;2;66;126.611;0.0;0.0;0.0;126.611;126.611;0.0;10.0;1266.1100000000001
0;2;67;157.84;0.0;0.0;0.0;157.84;157.84;0.0;10.0;1578.4
0;2;68;136.313;0.0;0.0;0.0;136.313;136.313;0.0;10.0;1363.1299999999999
0;2;69;111.207;0.0;0.0;0.0;111.207;111.207;0.0;10.0;1112.07
0;2;70;124.524;0.0;0.0;0.0;124.524;124.524;0.0;10.0;1245.24
0;2;71;67.876;0.0;0.0;0.0;67.876;67.876;0.0;10.0;678.76
0;2;72;18.428;0.0;0.0;0.0;18.428;18.428;0.0;10.0;184.28
0;2;73;76.709;0.0;0.0;0.0;76.709;76.709;0.0;10.0;767.09
0;2;74;73.509;0.0;0.0;0.0;73.509;73.509;0.0;10.0;735.09
0;2;75;81.611;0.0;0.0;0.0;81.611;81.611;0.0;10.0;816.11
0;2;76;80.041;0.0;0.0;0.0;80.041;80.041;0.0;10.0;800.41
0;2;77;85.565;0.0;0.0;0.0;85.565;85.565;0.0;10.0;855.65
0;2;78;89.18;0.0;0.0;0.0;89.18;89.18;0.0;10.0;891.8000000000001
0;2;79;140.243;0.0;0.0;0.0;140.243;140.243;0.0;10.0;1402.4299999999998
0;2;80;161.512;0.0;0.0;0.0;161.512;161.512;0.0;10.0;1615.12
0;2;81;150.54399999999998;0.0;0.0;0.0;150.544;150.544;0.0;10.0;1505.44
0;2;82;134.073;0.0;102.8119216;0.0;31.2610784;134.073;0.0;10.0;1340.73
0;2;83;120.899;0.0;120.8983749;0.0;0.0006251;120.899;0.0;10.0;1208.99
0;2;84;93.97300000000001;0.0;17.5339535;0.0;76.4390465;93.973;0.0;10.0;939.73
0;2;85;115.078;0.0;0.0006406;0.0;115.0773594;115.078;0.0;10.0;1150.78
0;2;86;236.534;0.0;15.0740266;0.0;221.4599734;236.534;0.0;10.0;2365.34
0;2;87;155.253;0.0;0.0;0.0;155.253;155.253;0.0;10.0;1552.5299999999997
0;2;88;85.542;0.0;0.0;0.0;85.542;85.542;0.0;10.0;855.4200000000001
0;2;89;103.161;0.0;0.0;0.0;103.161;103.161;0.0;10.0;1031.6100000000001
0;2;90;88.756;0.0;0.0;0.0;88.756;88.756;0.0;10.0;887.56
0;2;91;102.16;0.0;0.0;0.0;102.16;102.16;0.0;10.0;1021.5999999999999
0;2;92;314.96799999999996;0.0;0.0;0.0;314.968;314.968;0.0;10.0;3149.6800000000003
0;2;93;169.06900000000002;0.0;0.0;0.0;169.069;169.069;0.0;10.0;1690.6899999999998
0;2;94;105.049;0.0;0.0;0.0;105.049;105.049;0.0;10.0;1050.49
0;2;95;145.27;0.0;0.0;0.0;145.27;145.27;0.0;10.0;1452.7
0;2;96;18.844;0.0;0.0;0.0;18.844;18.844;0.0;10.0;188.44
0;2;97;26.883;0.0;0.0;0.0;26.883;26.883;0.0;10.0;268.83
0;2;98;121.488;0.0;0.0;0.0;121.488;121.488;0.0;10.0;1214.88
0;2;99;226.164;0.0;0.0;0.0;226.164;226.164;0.0;10.0;2261.64
0;2;100;139.472;0.0;0.0;0.0;139.472;139.472;0.0;10.0;1394.72
0;2;101;23.644;0.0;0.0;0.0;23.644;23.644;0.0;10.0;236.44
0;2;102;167.036;0.0;0.0;0.0;167.036;167.036;0.0;10.0;1670.3600000000001
0;2;103;202.691;0.0;0.0;0.0;202.691;202.691;0.0;10.0;2026.91
0;2;104;219.09300000000002;0.0;0.0;0.0;219.093;219.093;0.0;10.0;2190.93
0;2;105;208.621;0.0;0.0;0.0;208.621;208.621;0.0;10.0;2086.21
0;2;106;203.76;0.0;0.0;0.0;203.76;203.76;0.0;10.0;2037.6
0;2;107;178.36599999999999;0.0;0.0;0.0;178.366;178.366;0.0;10.0;1783.66
0;2;108;185.531;0.0;0.0;0.0;185.531;185.531;0.0;10.0;1855.31
0;2;109;262.703;0.0;0.0;0.0;262.703;262.703;0.0;10.0;2627.0299999999997
0;2;110;83.488;0.0;0.0;0.0;83.488;83.488;0.0;10.0;834.88
0;2;111;181.37099999999998;0.0;0.0;0.0;181.371;181.371;0.0;10.0;1813.71
0;2;112;181.757;0.0;0.0;0.0;181.757;181.757;0.0;10.0;1817.5700000000002
0;2;113;213.09;0.0;0.0;0.0;213.09;213.09;0.0;10.0;2130.9
0;2;114;222.466;0.0;0.0;0.0;222.466;222.466;0.0;10.0;2224.66
0;2;115;221.968;0.0;0.0;0.0;221.968;221.968;0.0;10.0;2219.68
0;2;116;207.438;0.0;0.0;0.0;207.438;207.438;0.0;10.0;2074.38
0;2;117;219.865;0.0;0.0;0.0;219.865;219.865;0.0;10.0;2198.65
0;2;118;188.77100000000002;0.0;0.0;0.0;188.771;188.771;0.0;10.0;1887.7099999999998
0;2;119;272.6;0.0;0.0;0.0;272.6;272.6;0.0;10.0;2726.0
0;2;120;20.172;0.0;0.0;0.0;20.172;20.172;0.0;10.0;201.72
0;2;121;235.451;0.0;0.0;0.0;235.451;235.451;0.0;10.0;2354.5099999999998
0;2;122;43.704;0.0;0.0;0.0;43.704;43.704;0.0;10.0;437.04
0;2;123;147.1;0.0;0.0;0.0;147.1;147.1;0.0;10.0;1471.0
0;2;124;148.459;0.0;0.0;0.0;148.459;148.459;0.0;10.0;1484.5900000000001
0;2;125;153.425;0.0;0.0;0.0;153.425;153.425;0.0;10.0;1534.25
0;2;126;190.587;0.0;0.0;0.0;190.587;190.587;0.0;10.0;1905.87
0;2;127;229.103;0.0;0.0;0.0;229.103;229.103;0.0;10.0;2291.03
0;2;128;231.425;0.0;0.0;0.0;231.425;231.425;0.0;10.0;2314.25
0;2;129;218.286;0.0;0.0;0.0;218.286;218.286;0.0;10.0;2182.86
0;2;130;193.791;0.0;0.0;0.0;193.791;193.791;0.0;10.0;1937.9099999999999
0;2;131;167.889;0.0;31.1044695;0.0;136.7845305;167.889;0.0;10.0;1678.89
0;2;132;173.546;0.0;129.3386594;0.0;44.2073406;173.546;0.0;10.0;1735.46
0;2;133;159.52800000000002;0.0;135.9885246;0.0;23.5394754;159.528;0.0;10.0;1595.28
0;2;134;261.543;0.0;113.0677361;0.0;148.4752639;261.543;0.0;10.0;2615.4300000000003
0;2;135;253.67000000000002;0.0;15.4257176;0.0;238.2442824;253.67;0.0;10.0;2536.7
0;2;136;90.737;0.0;0.0;0.0;90.737;90.737;0.0;10.0;907.3699999999999
0;2;137;104.427;0.0;0.0;0.0;104.427;104.427;0.0;10.0;1044.27
0;2;138;132.304;0.0;0.0;0.0;132.304;132.304;0.0;10.0;1323.04
0;2;139;325.34000000000003;0.0;0.0;0.0;325.34;325.34;0.0;10.0;3253.3999999999996
0;2;140;175.31099999999998;0.0;0.0;0.0;175.311;175.311;0.0;10.0;1753.1100000000001
0;2;141;103.225;0.0;0.0;0.0;103.225;103.225;0.0;10.0;1032.25
0;2;142;287.121;0.0;0.0;0.0;287.121;287.121;0.0;10.0;2871.21
0;2;143;72.931;0.0;0.0;0.0;72.931;72.931;0.0;10.0;729.31
0;2;144;128.216;0.0;0.0;0.0;128.216;128.216;0.0;10.0;1282.16
0;2;145;138.79;0.0;0.0;0.0;138.79;138.79;0.0;10.0;1387.8999999999999
0;2;146;137.903;0.0;0.0;0.0;137.903;137.903;0.0;10.0;1379.03
0;2;147;141.474;0.0;0.0;0.0;141.474;141.474;0.0;10.0;1414.7399999999998
0;2;148;144.815;0.0;0.0;0.0;144.815;144.815;0.0;10.0;1448.15
0;2;149;144.155;0.0;0.0;0.0;144.155;144.155;0.0;10.0;1441.55
0;2;150;177.923;0.0;0.0;0.0;177.923;177.923;0.0;10.0;1779.23
0;2;151;223.585;0.0;0.0;0.0;223.585;223.585;0.0;10.0;2235.85
0;2;152;221.374;0.0;0.0;0.0;221.374;221.374;0.0;10.0;2213.74
0;2;153;211.613;0.0;0.0;0.0;211.613;211.613;0.0;10.0;2116.13
0;2;154;194.876;0.0;4.5306829;0.0;190.3453171;194.876;0.0;10.0;1948.76
0;2;155;171.927;0.0;43.7070218;0.0;128.2199782;171.927;0.0;10.0;1719.27
0;2;156;180.808;0.0;53.9681437;0.0;126.8398563;180.808;0.0;10.0;1808.08
0;2;157;163.082;0.0;78.9912492;0.0;84.0907508;163.082;0.0;10.0;1630.82
0;2;158;157.267;0.0;73.5914758;0.0;83.6755242;157.267;0.0;10.0;1572.67
0;2;159;137.805;0.0;0.0;0.0;137.805;137.805;0.0;10.0;1378.0500000000002
0;2;160;143.18200000000002;0.0;0.0;0.0;143.182;143.182;0.0;10.0;1431.82
0;2;161;160.9;0.0;0.0;0.0;160.9;160.9;0.0;10.0;1609.0
0;2;162;199.76;0.0;0.0;0.0;199.76;199.76;0.0;10.0;1997.6
0;2;163;218.041;0.0;0.0;0.0;218.041;218.041;0.0;10.0;2180.41
0;2;164;207.849;0.0;0.0;0.0;207.849;207.849;0.0;10.0;2078.49
0;2;165;198.238;0.0;0.0;0.0;198.238;198.238;0.0;10.0;1982.38
0;2;166;224.378;0.0;0.0;0.0;224.378;224.378;0.0;10.0;2243.7799999999997
0;2;167;252.31;0.0;0.0;0.0;252.31;252.31;0.0;10.0;2523.1
0;3;0;267.649;0.0;0.0;0.0;267.649;267.649;0.0;15.0;4014.735
0;3;1;281.892;0.0;0.0;0.0;281.892;281.892;0.0;15.0;4228.38
0;3;2;270.988;0.0;0.0;0.0;270.988;270.988;0.0;15.0;4064.82
0;3;3;272.479;0.0;0.0;0.0;272.479;272.479;0.0;15.0;4087.185
0;3;4;271.169;0.0;0.0;0.0;271.169;271.169;0.0;15.0;4067.535
0;3;5;279.355;0.0;0.0;0.0;279.355;279.355;0.0;15.0;4190.325000000001
0;3;6;283.79200000000003;0.0;0.0;0.0;283.792;283.792;0.0;15.0;4256.879999999999
0;3;7;338.366;0.0;0.0;0.0;338.366;338.366;0.0;15.0;5075.49
0;3;8;365.185;0.0;0.0;0.0;365.185;365.185;0.0;15.0;5477.775
0;3;9;420.283;0.0;0.0;0.0;420.283;420.283;0.0;15.0;6304.245
0;3;10;383.98400000000004;0.0;0.0;0.0;383.984;383.984;0.0;15.0;5759.759999999999
0;3;11;357.278;0.0;0.0;0.0;357.278;357.278;0.0;15.0;5359.17
0;3;12;344.234;0.0;20.161852;0.0;324.072148;344.234;0.0;15.0;5163.509999999999
0;3;13;321.33299999999997;0.0;147.8945177;0.0;173.4384823;321.333;0.0;15.0;4819.995000000001
0;3;14;308.108;0.0;127.5228744;0.0;180.5851256;308.108;0.0;15.0;4621.62
0;3;15;302.994;0.0;40.190331;0.0;262.803669;302.994;0.0;15.0;4544.910000000001
0;3;16;333.2;0.0;0.0;0.0;333.2;333.2;0.0;15.0;4998.0
0;3;17;382.014;0.0;0.0;0.0;382.014;382.014;0.0;15.0;5730.21
0;3;18;362.11899999999997;0.0;0.0;0.0;362.119;362.119;0.0;15.0;5431.785000000001
0;3;19;366.86400000000003;0.0;0.0;0.0;366.864;366.864;0.0;15.0;5502.96
0;3;20;360.545;0.0;0.0;0.0;360.545;360.545;0.0;15.0;5408.175
0;3;21;355.07399999999996;0.0;0.0;0.0;355.074;355.074;0.0;15.0;5326.110000000001
0;3;22;360.556;0.0;0.0;0.0;360.556;360.556;0.0;15.0;5408.34
0;3;23;327.788;0.0;0.0;0.0;327.788;327.788;0.0;15.0;4916.82
0;3;24;268.622;0.0;0.0;0.0;268.622;268.622;0.0;15.0;4029.3300000000004
0;3;25;280.185;0.0;0.0;0.0;280.185;280.185;0.0;15.0;4202.775
0;3;26;275.534;0.0;0.0;0.0;275.534;275.534;0.0;15.0;4133.01
0;3;27;275.788;0.0;0.0;0.0;275.788;275.788;0.0;15.0;4136.82
0;3;28;276.83299999999997;0.0;0.0;0.0;276.833;276.833;0.0;15.0;4152.495000000001
0;3;29;278.294;0.0;0.0;0.0;278.294;278.294;0.0;15.0;4174.41
0;3;30;286.613;0.0;0.0;0.0;286.613;286.613;0.0;15.0;4299.195
0;3;31;342.8;0.0;0.0;0.0;342.8;342.8;0.0;15.0;5142.0
0;3;32;356.022;0.0;0.0;0.0;356.022;356.022;0.0;15.0;5340.33
0;3;33;379.748;0.0;0.0;0.0;379.748;379.748;0.0;15.0;5696.22
0;3;34;390.811;0.0;0.0;0.0;390.811;390.811;0.0;15.0;5862.165
0;3;35;363.851;0.0;17.2513426;0.0;346.5996574;363.851;0.0;15.0;5457.765
0;3;36;364.058;0.0;41.3112956;0.0;322.7467044;364.058;0.0;15.0;5460.87
0;3;37;340.298;0.0;0.0006028;0.0;340.2973972;340.298;0.0;15.0;5104.47
0;3;38;322.032;0.0;0.0;0.0;322.032;322.032;0.0;15.0;4830.48
0;3;39;334.411;0.0;0.0;0.0;334.411;334.411;0.0;15.0;5016.165
0;3;40;350.748;0.0;0.0;0.0;350.748;350.748;0.0;15.0;5261.22
0;3;41;370.585;0.0;0.0;0.0;370.585;370.585;0.0;15.0;5558.775
0;3;42;372.94399999999996;0.0;0.0;0.0;372.944;372.944;0.0;15.0;5594.16
0;3;43;410.575;0.0;0.0;0.0;410.575;410.575;0.0;15.0;6158.625
0;3;44;440.463;0.0;0.0;0.0;440.463;440.463;0.0;15.0;6606.945000000001
0;3;45;404.39200000000005;0.0;0.0;0.0;404.392;404.392;0.0;15.0;6065.88
0;3;46;341.534;0.0;0.0;0.0;341.534;341.534;0.0;15.0;5123.01
0;3;47;315.52099999999996;0.0;0.0;0.0;315.521;315.521;0.0;15.0;4732.8150000000005
0;3;48;218.082;0.0;0.0;0.0;218.082;218.082;0.0;15.0;3271.23
0;3;49;211.392;0.0;0.0;0.0;211.392;211.392;0.0;15.0;3170.88
0;3;50;206.415;0.0;0.0;0.0;206.415;206.415;0.0;15.0;3096.225
0;3;51;197.687;0.0;0.0;0.0;197.687;197.687;0.0;15.0;2965.3050000000003
0;3;52;197.891;0.0;0.0;0.0;197.891;197.891;0.0;15.0;2968.365
0;3;53;197.47299999999998;0.0;0.0;0.0;197.473;197.473;0.0;15.0;2962.0950000000003
0;3;54;201.671;0.0;0.0;0.0;201.671;201.671;0.0;15.0;3025.065
0;3;55;295.11699999999996;0.0;0.0;0.0;295.117;295.117;0.0;15.0;4426.755
0;3;56;323.83;0.0;0.0;0.0;323.83;323.83;0.0;15.0;4857.45
0;3;57;278.18;0.0;0.0;0.0;278.18;278.18;0.0;15.0;4172.7
0;3;58;287.536;0.0;0.0;0.0;287.536;287.536;0.0;15.0;4313.04
0;3;59;265.731;0.0;0.0;0.0;265.731;265.731;0.0;15.0;3985.965
0;3;60;254.46;0.0;58.3276608;0.0;196.1323392;254.46;0.0;15.0;3816.9
0;3;61;227.65;0.0;126.6132433;0.0;101.0367567;227.65;0.0;15.0;3414.75
0;3;62;221.279;0.0;0.0;0.0;221.279;221.279;0.0;15.0;3319.185
0;3;63;244.282;0.0;5.9078756;0.0;238.3741244;244.282;0.0;15.0;3664.23
0;3;64;263.498;0.0;0.0;0.0;263.498;263.498;0.0;15.0;3952.47
0;3;65;335.309;0.0;0.0;0.0;335.309;335.309;0.0;15.0;5029.635
0;3;66;343.694;0.0;0.0;0.0;343.694;343.694;0.0;15.0;5155.41
0;3;67;369.923;0.0;0.0;0.0;369.923;369.923;0.0;15.0;5548.845
0;3;68;326.557;0.0;0.0;0.0;326.557;326.557;0.0;15.0;4898.3550000000005
0;3;69;124.495;0.0;0.0;0.0;124.495;124.495;0.0;15.0;1867.4250000000002
0;3;70;181.095;0.0;0.0;0.0;181.095;181.095;0.0;15.0;2716.425
0;3;71;250.42399999999998;0.0;0.0;0.0;250.424;250.424;0.0;15.0;3756.36
0;3;72;190.663;0.0;0.0;0.0;190.663;190.663;0.0;15.0;2859.945
0;3;73;202.358;0.0;0.0;0.0;202.358;202.358;0.0;15.0;3035.37
0;3;74;200.46200000000002;0.0;0.0;0.0;200.462;200.462;0.0;15.0;3006.93
0;3;75;209.597;0.0;0.0;0.0;209.597;209.597;0.0;15.0;3143.955
0;3;76;206.812;0.0;0.0;0.0;206.812;206.812;0.0;15.0;3102.1800000000003
0;3;77;210.995;0.0;0.0;0.0;210.995;210.995;0.0;15.0;3164.925
0;3;78;256.89300000000003;0.0;0.0;0.0;256.893;256.893;0.0;15.0;3853.3949999999995
0;3;79;260.319;0.0;0.0;0.0;260.319;260.319;0.0;15.0;3904.7850000000003
0;3;80;300.605;0.0;0.0;0.0;300.605;300.605;0.0;15.0;4509.075000000001
0;3;81;272.85900000000004;0.0;0.0;0.0;272.859;272.859;0.0;15.0;4092.8849999999998
0;3;82;290.699;0.0;0.0;0.0;290.699;290.699;0.0;15.0;4360.485000000001
0;3;83;287.517;0.0;0.0;0.0;287.517;287.517;0.0;15.0;4312.755
0;3;84;278.746;0.0;0.0;0.0;278.746;278.746;0.0;15.0;4181.19
0;3;85;298.442;0.0;67.3284477;0.0;231.1135523;298.442;0.0;15.0;4476.63
0;3;86;288.74699999999996;0.0;114.1760039;0.0;174.5709961;288.747;0.0;15.0;4331.205
0;3;87;292.606;0.0;0.0;0.0;292.606;292.606;0.0;15.0;4389.09
0;3;88;321.079;0.0;0.0;0.0;321.079;321.079;0.0;15.0;4816.185
0;3;89;347.665;0.0;0.0;0.0;347.665;347.665;0.0;15.0;5214.975
0;3;90;334.23900000000003;0.0;0.0;0.0;334.239;334.239;0.0;15.0;5013.585
0;3;91;350.492;0.0;0.0;0.0;350.492;350.492;0.0;15.0;5257.38
0;3;92;303.457;0.0;0.0;0.0;303.457;303.457;0.0;15.0;4551.855
0;3;93;356.698;0.0;0.0;0.0;356.698;356.698;0.0;15.0;5350.469999999999
0;3;94;353.907;0.0;0.0;0.0;353.907;353.907;0.0;15.0;5308.605
0;3;95;328.95799999999997;0.0;0.0;0.0;328.958;328.958;0.0;15.0;4934.370000000001
0;3;96;268.76599999999996;0.0;0.0;0.0;268.766;268.766;0.0;15.0;4031.4900000000002
0;3;97;285.741;0.0;0.0;0.0;285.741;285.741;0.0;15.0;4286.115
0;3;98;275.92;0.0;0.0;0.0;275.92;275.92;0.0;15.0;4138.8
0;3;99;278.573;0.0;0.0;0.0;278.573;278.573;0.0;15.0;4178.594999999999
0;3;100;370.067;0.0;0.0;0.0;370.067;370.067;0.0;15.0;5551.005
0;3;101;368.278;0.0;0.0;0.0;368.278;368.278;0.0;15.0;5524.17
0;3;102;371.236;0.0;0.0;0.0;371.236;371.236;0.0;15.0;5568.54
0;3;103;404.89300000000003;0.0;0.0;0.0;404.893;404.893;0.0;15.0;6073.3949999999995
0;3;104;427.11699999999996;0.0;0.0;0.0;427.117;427.117;0.0;15.0;6406.755
0;3;105;439.149;0.0;0.0;0.0;439.149;439.149;0.0;15.0;6587.235
0;3;106;460.976;0.0;0.0;0.0;460.976;460.976;0.0;15.0;6914.64
0;3;107;455.012;0.0;0.0;0.0;455.012;455.012;0.0;15.0;6825.18
0;3;108;463.303;0.0;0.0;0.0;463.303;463.303;0.0;15.0;6949.545
0;3;109;423.394;0.0;0.0;0.0;423.394;423.394;0.0;15.0;6350.91
0;3;110;409.855;0.0;0.0;0.0;409.855;409.855;0.0;15.0;6147.825000000001
0;3;111;396.7;0.0;0.0;0.0;396.7;396.7;0.0;15.0;5950.5
0;3;112;402.61400000000003;0.0;0.0;0.0;402.614;402.614;0.0;15.0;6039.21
0;3;113;377.169;0.0;0.0;0.0;377.169;377.169;0.0;15.0;5657.535
0;3;114;446.475;0.0;0.0;0.0;446.475;446.475;0.0;15.0;6697.125
0;3;115;452.65600000000006;0.0;0.0;0.0;452.656;452.656;0.0;15.0;6789.84
0;3;116;440.25800000000004;0.0;0.0;0.0;440.258;440.258;0.0;15.0;6603.87
0;3;117;428.60900000000004;0.0;0.0;0.0;428.609;428.609;0.0;15.0;6429.134999999999
0;3;118;390.783;0.0;0.0;0.0;390.783;390.783;0.0;15.0;5861.745
0;3;119;408.00800000000004;0.0;0.0;0.0;408.008;408.008;0.0;15.0;6120.12
0;3;120;352.004;0.0;0.0;0.0;352.004;352.004;0.0;15.0;5280.06
0;3;121;359.74399999999997;0.0;0.0;0.0;359.744;359.744;0.0;15.0;5396.160000000001
0;3;122;362.695;0.0;0.0;0.0;362.695;362.695;0.0;15.0;5440.425
0;3;123;365.096;0.0;0.0;0.0;365.096;365.096;0.0;15.0;5476.4400000000005
0;3;124;369.98499999999996;0.0;0.0;0.0;369.985;369.985;0.0;15.0;5549.775000000001
0;3;125;373.492;0.0;0.0;0.0;373.492;373.492;0.0;15.0;5602.38
0;3;126;378.826;0.0;0.0;0.0;378.826;378.826;0.0;15.0;5682.39
0;3;127;422.12000000000006;0.0;0.0;0.0;422.12;422.12;0.0;15.0;6331.8
0;3;128;467.481;0.0;0.0;0.0;467.481;467.481;0.0;15.0;7012.215
0;3;129;437.412;0.0;0.0;0.0;437.412;437.412;0.0;15.0;6561.179999999999
0;3;130;440.856;0.0;0.0;0.0;440.856;440.856;0.0;15.0;6612.84
0;3;131;435.21900000000005;0.0;0.0;0.0;435.219;435.219;0.0;15.0;6528.285
0;3;132;420.38699999999994;0.0;0.0;0.0;420.387;420.387;0.0;15.0;6305.805
0;3;133;420.092;0.0;0.0;0.0;420.092;420.092;0.0;15.0;6301.38
0;3;134;421.476;0.0;0.0;0.0;421.476;421.476;0.0;15.0;6322.14
0;3;135;434.17400000000004;0.0;0.0;0.0;434.174;434.174;0.0;15.0;6512.61
0;3;136;452.66200000000003;0.0;0.0;0.0;452.662;452.662;0.0;15.0;6789.929999999999
0;3;137;451.779;0.0;0.0;0.0;451.779;451.779;0.0;15.0;6776.6849999999995
0;3;138;461.074;0.0;0.0;0.0;461.074;461.074;0.0;15.0;6916.110000000001
0;3;139;482.663;0.0;0.0;0.0;482.663;482.663;0.0;15.0;7239.945
0;3;140;470.027;0.0;0.0;0.0;470.027;470.027;0.0;15.0;7050.405
0;3;141;484.95900000000006;0.0;0.0;0.0;484.959;484.959;0.0;15.0;7274.385
0;3;142;461.59099999999995;0.0;0.0;0.0;461.591;461.591;0.0;15.0;6923.865
0;3;143;435.56499999999994;0.0;0.0;0.0;435.565;435.565;0.0;15.0;6533.475
0;3;144;364.20899999999995;0.0;0.0;0.0;364.209;364.209;0.0;15.0;5463.135
0;3;145;376.176;0.0;0.0;0.0;376.176;376.176;0.0;15.0;5642.639999999999
0;3;146;370.80100000000004;0.0;0.0;0.0;370.801;370.801;0.0;15.0;5562.014999999999
0;3;147;378.94800000000004;0.0;0.0;0.0;378.948;378.948;0.0;15.0;5684.219999999999
0;3;148;373.19499999999994;0.0;0.0;0.0;373.195;373.195;0.0;15.0;5597.925
0;3;149;376.623;0.0;0.0;0.0;376.623;376.623;0.0;15.0;5649.345
0;3;150;382.69199999999995;0.0;0.0;0.0;382.692;382.692;0.0;15.0;5740.38
0;3;151;427.068;0.0;0.0;0.0;427.068;427.068;0.0;15.0;6406.0199999999995
0;3;152;450.644;0.0;0.0;0.0;450.644;450.644;0.0;15.0;6759.66
0;3;153;420.387;0.0;0.0;0.0;420.387;420.387;0.0;15.0;6305.805
0;3;154;360.879;0.0;0.0;0.0;360.879;360.879;0.0;15.0;5413.185
0;3;155;303.293;0.0;0.0;0.0;303.293;303.293;0.0;15.0;4549.395
0;3;156;314.306;0.0;0.0;0.0;314.306;314.306;0.0;15.0;4714.59
0;3;157;313.599;0.0;0.0;0.0;313.599;313.599;0.0;15.0;4703.985
0;3;158;323.128;0.0;0.0;0.0;323.128;323.128;0.0;15.0;4846.92
0;3;159;317.30899999999997;0.0;0.0;0.0;317.309;317.309;0.0;15.0;4759.635
0;3;160;343.382;0.0;0.0;0.0;343.382;343.382;0.0;15.0;5150.7300000000005
0;3;161;358.23699999999997;0.0;0.0;0.0;358.237;358.237;0.0;15.0;5373.555
0;3;162;350.508;0.0;0.0;0.0;350.508;350.508;0.0;15.0;5257.62
0;3;163;358.839;0.0;0.0;0.0;358.839;358.839;0.0;15.0;5382.585
0;3;164;344.687;0.0;0.0;0.0;344.687;344.687;0.0;15.0;5170.305
0;3;165;332.53499999999997;0.0;0.0;0.0;332.535;332.535;0.0;15.0;4988.025000000001
0;3;166;343.57;0.0;0.0;0.0;343.57;343.57;0.0;15.0;5153.55
0;3;167;306.072;0.0;0.0;0.0;306.072;306.072;0.0;15.0;4591.08
5;0;0;250.286;0.0;0.0;0.0;250.286;250.286;0.0;5.0;1251.43
5;0;1;259.569;0.0;0.0;0.0;259.569;259.569;0.0;5.0;1297.845
5;0;2;21.506;0.0;0.0;0.0;21.506;21.506;0.0;5.0;107.53
5;0;3;112.119;0.0;0.0;0.0;112.119;112.119;0.0;5.0;560.595
5;0;4;223.059;0.0;0.0;0.0;223.059;223.059;0.0;5.0;1115.295
5;0;5;226.755;0.0;0.0;0.0;226.755;226.755;0.0;5.0;1133.775
5;0;6;256.299;0.0;0.0;0.0;256.299;256.299;0.0;5.0;1281.495
5;0;7;287.917;0.0;0.0;0.0;287.917;287.917;0.0;5.0;1439.5849999999998
5;0;8;282.659;0.0;0.0;0.0;282.659;282.659;0.0;5.0;1413.295
5;0;9;241.598;0.0;0.0;0.0;241.598;241.598;0.0;5.0;1207.99
5;0;10;210.92399999999998;0.0;0.0;0.0;210.924;210.924;0.0;5.0;1054.6200000000001
5;0;11;196.562;0.0;0.0;0.0;196.562;196.562;0.0;5.0;982.8100000000001
5;0;12;184.713;0.0;10.9633533;0.0;173.7496467;184.713;0.0;5.0;923.5649999999999
5;0;13;180.775;0.0;0.0;0.0;180.775;180.775;0.0;5.0;903.875
5;0;14;276.639;0.0;0.0;0.0;276.639;276.639;0.0;5.0;1383.1950000000002
5;0;15;202.204;0.0;0.0;0.0;202.204;202.204;0.0;5.0;1011.02
5;0;16;291.21000000000004;0.0;0.0;0.0;291.21;291.21;0.0;5.0;1456.05
5;0;17;111.457;0.0;0.0;0.0;111.457;111.457;0.0;5.0;557.285
5;0;18;337.219;0.0;0.0;0.0;337.219;337.219;0.0;5.0;1686.095
5;0;19;163.85999999999999;0.0;0.0;0.0;163.86;163.86;0.0;5.0;819.3000000000001
5;0;20;350.10699999999997;0.0;0.0;0.0;350.107;350.107;0.0;5.0;1750.535
5;0;21;261.807;0.0;0.0;0.0;261.807;261.807;0.0;5.0;1309.035
5;0;22;235.49;0.0;0.0;0.0;235.49;235.49;0.0;5.0;1177.45
5;0;23;83.576;0.0;0.0;0.0;83.576;83.576;0.0;5.0;417.88
5;0;24;42.739000000000004;0.0;0.0;0.0;42.739;42.739;0.0;5.0;213.695
5;0;25;200.32;0.0;0.0;0.0;200.32;200.32;0.0;5.0;1001.5999999999999
5;0;26;206.10999999999999;0.0;0.0;0.0;206.11;206.11;0.0;5.0;1030.5500000000002
5;0;27;213.52100000000002;0.0;0.0;0.0;213.521;213.521;0.0;5.0;1067.605
5;0;28;217.245;0.0;0.0;0.0;217.245;217.245;0.0;5.0;1086.225
5;0;29;266.173;0.0;0.0;0.0;266.173;266.173;0.0;5.0;1330.865
5;0;30;228.818;0.0;0.0;0.0;228.818;228.818;0.0;5.0;1144.0900000000001
5;0;31;321.51800000000003;0.0;0.0;0.0;321.518;321.518;0.0;5.0;1607.59
5;0;32;320.168;0.0;0.0;0.0;320.168;320.168;0.0;5.0;1600.8400000000001
5;0;33;292.488;0.0;0.0;0.0;292.488;292.488;0.0;5.0;1462.44
5;0;34;278.925;0.0;0.0;0.0;278.925;278.925;0.0;5.0;1394.625
5;0;35;263.906;0.0;10.3724864;0.0;253.5335136;263.906;0.0;5.0;1319.53
5;0;36;305.862;0.0;0.0;0.0;305.862;305.862;0.0;5.0;1529.3100000000002
5;0;37;218.185;0.0;0.0;0.0;218.185;218.185;0.0;5.0;1090.925
5;0;38;252.753;0.0;0.0;0.0;252.753;252.753;0.0;5.0;1263.7649999999999
5;0;39;249.673;0.0;0.0;0.0;249.673;249.673;0.0;5.0;1248.365
5;0;40;242.39000000000001;0.0;0.0;0.0;242.39;242.39;0.0;5.0;1211.9499999999998
5;0;41;259.749;0.0;0.0;0.0;259.749;259.749;0.0;5.0;1298.7450000000001
5;0;42;302.222;0.0;0.0;0.0;302.222;302.222;0.0;5.0;1511.11
5;0;43;301.116;0.0;0.0;0.0;301.116;301.116;0.0;5.0;1505.58
5;0;44;311.103;0.0;0.0;0.0;311.103;311.103;0.0;5.0;1555.515
5;0;45;301.779;0.0;0.0;0.0;301.779;301.779;0.0;5.0;1508.895
5;0;46;282.193;0.0;0.0;0.0;282.193;282.193;0.0;5.0;1410.965
5;0;47;243.289;0.0;0.0;0.0;243.289;243.289;0.0;5.0;1216.445
5;0;48;173.27200000000002;0.0;0.0;0.0;173.272;173.272;0.0;5.0;866.3599999999999
5;0;49;180.112;0.0;0.0;0.0;180.112;180.112;0.0;5.0;900.56
5;0;50;179.34;0.0;0.0;0.0;179.34;179.34;0.0;5.0;896.7
5;0;51;180.69;0.0;0.0;0.0;180.69;180.69;0.0;5.0;903.45
5;0;52;179.64700000000002;0.0;0.0;0.0;179.647;179.647;0.0;5.0;898.2349999999999
5;0;53;182.54899999999998;0.0;0.0;0.0;182.549;182.549;0.0;5.0;912.745
5;0;54;188.34199999999998;0.0;0.0;0.0;188.342;188.342;0.0;5.0;941.71
5;0;55;280.782;0.0;0.0;0.0;280.782;280.782;0.0;5.0;1403.9099999999999
5;0;56;305.322;0.0;0.0;0.0;305.322;305.322;0.0;5.0;1526.6100000000001
5;0;57;240.64600000000002;0.0;0.0;0.0;240.646;240.646;0.0;5.0;1203.23
5;0;58;229.044;0.0;0.0;0.0;229.044;229.044;0.0;5.0;1145.22
5;0;59;192.674;0.0;46.4597823;0.0;146.2142177;192.674;0.0;5.0;963.37
5;0;60;183.99599999999998;0.0;108.7018984;0.0;75.2941016;183.996;0.0;5.0;919.98
5;0;61;179.628;0.0;106.7938183;0.0;72.8341817;179.628;0.0;5.0;898.1399999999999
5;0;62;175.706;0.0;29.7849264;0.0;145.9210736;175.706;0.0;5.0;878.53
5;0;63;176.981;0.0;0.0;0.0;176.981;176.981;0.0;5.0;884.905
5;0;64;176.225;0.0;0.0;0.0;176.225;176.225;0.0;5.0;881.125
5;0;65;149.552;0.0;0.0;0.0;149.552;149.552;0.0;5.0;747.76
5;0;66;180.435;0.0;0.0;0.0;180.435;180.435;0.0;5.0;902.175
5;0;67;329.27;0.0;0.0;0.0;329.27;329.27;0.0;5.0;1646.35
5;0;68;159.878;0.0;0.0;0.0;159.878;159.878;0.0;5.0;799.3899999999999
5;0;69;126.043;0.0;0.0;0.0;126.043;126.043;0.0;5.0;630.215
5;0;70;211.92700000000002;0.0;0.0;0.0;211.927;211.927;0.0;5.0;1059.635
5;0;71;162.378;0.0;0.0;0.0;162.378;162.378;0.0;5.0;811.8899999999999
5;0;72;205.237;0.0;0.0;0.0;205.237;205.237;0.0;5.0;1026.185
5;0;73;25.904;0.0;0.0;0.0;25.904;25.904;0.0;5.0;129.52
5;0;74;122.998;0.0;0.0;0.0;122.998;122.998;0.0;5.0;614.99
5;0;75;127.527;0.0;0.0;0.0;127.527;127.527;0.0;5.0;637.635
5;0;76;125.41900000000001;0.0;0.0;0.0;125.419;125.419;0.0;5.0;627.095
5;0;77;126.645;0.0;0.0;0.0;126.645;126.645;0.0;5.0;633.225
5;0;78;133.885;0.0;0.0;0.0;133.885;133.885;0.0;5.0;669.425
5;0;79;196.20100000000002;0.0;0.0;0.0;196.201;196.201;0.0;5.0;981.005
5;0;80;208.671;0.0;0.0;0.0;208.671;208.671;0.0;5.0;1043.355
5;0;81;169.073;0.0;0.0;0.0;169.073;169.073;0.0;5.0;845.365
5;0;82;186.094;0.0;0.0;0.0;186.094;186.094;0.0;5.0;930.47
5;0;83;165.1;0.0;6.5004579;0.0;158.5995421;165.1;0.0;5.0;825.5
5;0;84;158.93099999999998;0.0;0.0;0.0;158.931;158.931;0.0;5.0;794.6550000000001
5;0;85;151.801;0.0;19.8626825;0.0;131.9383175;151.801;0.0;5.0;759.0049999999999
5;0;86;150.611;0.0;90.032604;0.0;60.578396;150.611;0.0;5.0;753.055
5;0;87;162.447;0.0;0.6134518;0.0;161.8335482;162.447;0.0;5.0;812.235
5;0;88;260.543;0.0;0.0;0.0;260.543;260.543;0.0;5.0;1302.7150000000001
5;0;89;301.798;0.0;0.0;0.0;301.798;301.798;0.0;5.0;1508.99
5;0;90;111.58;0.0;0.0;0.0;111.58;111.58;0.0;5.0;557.9
5;0;91;289.553;0.0;0.0;0.0;289.553;289.553;0.0;5.0;1447.7649999999999
5;0;92;108.749;0.0;0.0;0.0;108.749;108.749;0.0;5.0;543.745
5;0;93;339.276;0.0;0.0;0.0;339.276;339.276;0.0;5.0;1696.38
5;0;94;88.315;0.0;0.0;0.0;88.315;88.315;0.0;5.0;441.575
5;0;95;302.465;0.0;0.0;0.0;302.465;302.465;0.0;5.0;1512.3249999999998
5;0;96;217.50400000000002;0.0;0.0;0.0;217.504;217.504;0.0;5.0;1087.52
5;0;97;214.98600000000002;0.0;0.0;0.0;214.986;214.986;0.0;5.0;1074.9299999999998
5;0;98;217.609;0.0;0.0;0.0;217.609;217.609;0.0;5.0;1088.045
5;0;99;21.75;0.0;0.0;0.0;21.75;21.75;0.0;5.0;108.75
5;0;100;139.93200000000002;0.0;0.0;0.0;139.932;139.932;0.0;5.0;699.66
5;0;101;255.984;0.0;0.0;0.0;255.984;255.984;0.0;5.0;1279.92
5;0;102;271.894;0.0;0.0;0.0;271.894;271.894;0.0;5.0;1359.47
5;0;103;301.347;0.0;0.0;0.0;301.347;301.347;0.0;5.0;1506.735
5;0;104;282.333;0.0;0.0;0.0;282.333;282.333;0.0;5.0;1411.6650000000002
5;0;105;287.643;0.0;0.0;0.0;287.643;287.643;0.0;5.0;1438.215
5;0;106;287.4;0.0;0.0;0.0;287.4;287.4;0.0;5.0;1437.0
5;0;107;263.75;0.0;51.2448101;0.0;212.5051899;263.75;0.0;5.0;1318.75
5;0;108;273.23699999999997;0.0;0.0;0.0;273.237;273.237;0.0;5.0;1366.1850000000002
5;0;109;265.766;0.0;0.0;0.0;265.766;265.766;0.0;5.0;1328.8300000000002
5;0;110;236.49;0.0;0.0;0.0;236.49;236.49;0.0;5.0;1182.45
5;0;111;238.502;0.0;0.0;0.0;238.502;238.502;0.0;5.0;1192.51
5;0;112;226.123;0.0;0.0;0.0;226.123;226.123;0.0;5.0;1130.615
5;0;113;238.37599999999998;0.0;0.0;0.0;238.376;238.376;0.0;5.0;1191.88
5;0;114;327.635;0.0;0.0;0.0;327.635;327.635;0.0;5.0;1638.175
5;0;115;358.02099999999996;0.0;0.0;0.0;358.021;358.021;0.0;5.0;1790.105
5;0;116;337.87399999999997;0.0;0.0;0.0;337.874;337.874;0.0;5.0;1689.3700000000001
5;0;117;339.102;0.0;0.0;0.0;339.102;339.102;0.0;5.0;1695.5099999999998
5;0;118;277.462;0.0;0.0;0.0;277.462;277.462;0.0;5.0;1387.31
5;0;119;259.192;0.0;0.0;0.0;259.192;259.192;0.0;5.0;1295.96
5;0;120;17.164;0.0;0.0;0.0;17.164;17.164;0.0;5.0;85.82000000000001
5;0;121;136.601;0.0;0.0;0.0;136.601;136.601;0.0;5.0;683.005
5;0;122;239.822;0.0;0.0;0.0;239.822;239.822;0.0;5.0;1199.1100000000001
5;0;123;240.264;0.0;0.0;0.0;240.264;240.264;0.0;5.0;1201.3200000000002
5;0;124;238.79999999999998;0.0;0.0;0.0;238.8;238.8;0.0;5.0;1194.0
5;0;125;261.043;0.0;0.0;0.0;261.043;261.043;0.0;5.0;1305.2150000000001
5;0;126;275.866;0.0;0.0;0.0;275.866;275.866;0.0;5.0;1379.33
5;0;127;334.466;0.0;0.0;0.0;334.466;334.466;0.0;5.0;1672.33
5;0;128;331.63;0.0;0.0;0.0;331.63;331.63;0.0;5.0;1658.15
5;0;129;294.88800000000003;0.0;0.0;0.0;294.888;294.888;0.0;5.0;1474.4399999999998
5;0;130;293.235;0.0;0.0;0.0;293.235;293.235;0.0;5.0;1466.1750000000002
5;0;131;267.783;0.0;0.0;0.0;267.783;267.783;0.0;5.0;1338.915
5;0;132;259.819;0.0;0.0;0.0;259.819;259.819;0.0;5.0;1299.095
5;0;133;237.83299999999997;0.0;0.0;0.0;237.833;237.833;0.0;5.0;1189.165
5;0;134;293.59000000000003;0.0;0.0;0.0;293.59;293.59;0.0;5.0;1467.9499999999998
5;0;135;299.29200000000003;0.0;0.0;0.0;299.292;299.292;0.0;5.0;1496.4599999999998
5;0;136;322.558;0.0;0.0;0.0;322.558;322.558;0.0;5.0;1612.79
5;0;137;128.48;0.0;0.0;0.0;128.48;128.48;0.0;5.0;642.4
5;0;138;320.83299999999997;0.0;0.0;0.0;320.833;320.833;0.0;5.0;1604.1650000000002
5;0;139;376.187;0.0;0.0;0.0;376.187;376.187;0.0;5.0;1880.935
5;0;140;352.933;0.0;0.0;0.0;352.933;352.933;0.0;5.0;1764.665
5;0;141;335.23;0.0;0.0;0.0;335.23;335.23;0.0;5.0;1676.15
5;0;142;359.782;0.0;0.0;0.0;359.782;359.782;0.0;5.0;1798.9099999999999
5;0;143;184.24099999999999;0.0;0.0;0.0;184.241;184.241;0.0;5.0;921.205
5;0;144;17.667;0.0;0.0;0.0;17.667;17.667;0.0;5.0;88.33500000000001
5;0;145;256.162;0.0;0.0;0.0;256.162;256.162;0.0;5.0;1280.81
5;0;146;261.948;0.0;0.0;0.0;261.948;261.948;0.0;5.0;1309.7399999999998
5;0;147;275.497;0.0;0.0;0.0;275.497;275.497;0.0;5.0;1377.4850000000001
5;0;148;277.586;0.0;0.0;0.0;277.586;277.586;0.0;5.0;1387.93
5;0;149;280.281;0.0;0.0;0.0;280.281;280.281;0.0;5.0;1401.405
5;0;150;282.458;0.0;0.0;0.0;282.458;282.458;0.0;5.0;1412.2900000000002
5;0;151;328.42199999999997;0.0;0.0;0.0;328.422;328.422;0.0;5.0;1642.1100000000001
5;0;152;339.13800000000003;0.0;0.0;0.0;339.138;339.138;0.0;5.0;1695.6899999999998
5;0;153;315.13300000000004;0.0;0.0;0.0;315.133;315.133;0.0;5.0;1575.665
5;0;154;306.4;0.0;29.9576275;0.0;276.4423725;306.4;0.0;5.0;1532.0
5;0;155;279.138;0.0;68.3326914;0.0;210.8053086;279.138;0.0;5.0;1395.6899999999998
5;0;156;286.13800000000003;0.0;60.4823668;0.0;225.6556332;286.138;0.0;5.0;1430.6899999999998
5;0;157;252.865;0.0;52.9878767;0.0;199.8771233;252.865;0.0;5.0;1264.325
5;0;158;241.714;0.0;68.7798028;0.0;172.9341972;241.714;0.0;5.0;1208.57
5;0;159;220.161;0.0;0.0;0.0;220.161;220.161;0.0;5.0;1100.805
5;0;160;313.212;0.0;0.0;0.0;313.212;313.212;0.0;5.0;1566.06
5;0;161;203.786;0.0;0.0;0.0;203.786;203.786;0.0;5.0;1018.9300000000001
5;0;162;340.998;0.0;0.0;0.0;340.998;340.998;0.0;5.0;1704.99
5;0;163;348.512;0.0;0.0;0.0;348.512;348.512;0.0;5.0;1742.56
5;0;164;356.215;0.0;0.0;0.0;356.215;356.215;0.0;5.0;1781.0749999999998
5;0;165;219.26999999999998;0.0;0.0;0.0;219.27;219.27;0.0;5.0;1096.3500000000001
5;0;166;348.996;0.0;0.0;0.0;348.996;348.996;0.0;5.0;1744.98
5;0;167;117.838;0.0;0.0;0.0;117.838;117.838;0.0;5.0;589.1899999999999
5;1;0;17.989;0.0;0.0;0.0;17.989;17.989;0.0;22.0;395.75800000000004
5;1;1;23.255;0.0;0.0;0.0;23.255;23.255;0.0;22.0;511.60999999999996
5;1;2;23.143;0.0;0.0;0.0;23.143;23.143;0.0;22.0;509.146
5;1;3;21.498;0.0;0.0;0.0;21.498;21.498;0.0;22.0;472.956
5;1;4;20.967;0.0;0.0;0.0;20.967;20.967;0.0;22.0;461.274
5;1;5;22.931;0.0;0.0;0.0;22.931;22.931;0.0;22.0;504.482
5;1;6;34.738;0.0;0.0;0.0;34.738;34.738;0.0;22.0;764.236
5;1;7;62.845;0.0;41.3600484;0.0;21.4849516;62.845;0.0;22.0;1382.59
5;1;8;77.501;0.0;77.501;0.0;0.0;77.501;0.0;22.0;1705.0220000000002
5;1;9;77.11;0.0;77.11;0.0;0.0;77.11;0.0;22.0;1696.42
5;1;10;81.076;0.0;81.076;0.0;0.0;81.076;0.0;22.0;1783.6719999999998
5;1;11;77.919;0.0;77.919;0.0;0.0;77.919;0.0;22.0;1714.2179999999998
5;1;12;74.173;0.0;74.173;0.0;0.0;74.173;0.0;22.0;1631.806
5;1;13;83.849;0.0;83.849;0.0;0.0;83.849;0.0;22.0;1844.678
5;1;14;73.651;0.0;73.651;0.0;0.0;73.651;0.0;22.0;1620.322
5;1;15;76.907;0.0;76.907;0.0;0.0;76.907;0.0;22.0;1691.954
5;1;16;157.334;0.0;157.334;0.0;0.0;157.334;0.0;22.0;3461.348
5;1;17;111.289;0.0;90.379233;0.0;20.909767;111.289;0.0;22.0;2448.358
5;1;18;107.061;0.0;15.3753899;0.0;91.6856101;107.061;0.0;22.0;2355.342
5;1;19;122.371;0.0;0.0;0.0;122.371;122.371;0.0;22.0;2692.162
5;1;20;124.403;0.0;0.0;0.0;124.403;124.403;0.0;22.0;2736.866
5;1;21;111.132;0.0;0.0;0.0;111.132;111.132;0.0;22.0;2444.904
5;1;22;104.452;0.0;0.0;0.0;104.452;104.452;0.0;22.0;2297.944
5;1;23;77.846;0.0;0.0;0.0;77.846;77.846;0.0;22.0;1712.612
5;1;24;17.355;0.0;0.0;0.0;17.355;17.355;0.0;22.0;381.81
5;1;25;26.723;0.0;0.0;0.0;26.723;26.723;0.0;22.0;587.906
5;1;26;23.085;0.0;0.0;0.0;23.085;23.085;0.0;22.0;507.87
5;1;27;23.11;0.0;0.0;0.0;23.11;23.11;0.0;22.0;508.41999999999996
5;1;28;24.173;0.0;0.0;0.0;24.173;24.173;0.0;22.0;531.8059999999999
5;1;29;25.641;0.0;0.0;0.0;25.641;25.641;0.0;22.0;564.102
5;1;30;28.276;0.0;0.0;0.0;28.276;28.276;0.0;22.0;622.072
5;1;31;66.847;0.0;32.5671703;0.0;34.2798297;66.847;0.0;22.0;1470.6339999999998
5;1;32;81.098;0.0;81.098;0.0;0.0;81.098;0.0;22.0;1784.156
5;1;33;79.419;0.0;79.419;0.0;0.0;79.419;0.0;22.0;1747.2179999999998
5;1;34;79.294;0.0;79.294;0.0;0.0;79.294;0.0;22.0;1744.4679999999998
5;1;35;82.449;0.0;82.449;0.0;0.0;82.449;0.0;22.0;1813.878
5;1;36;68.75;0.0;68.75;0.0;0.0;68.75;0.0;22.0;1512.5
5;1;37;75.16799999999999;0.0;75.168;0.0;0.0;75.168;0.0;22.0;1653.6960000000001
5;1;38;79.675;0.0;79.675;0.0;0.0;79.675;0.0;22.0;1752.85
5;1;39;147.935;0.0;147.935;0.0;0.0;147.935;0.0;22.0;3254.57
5;1;40;82.072;0.0;82.072;0.0;0.0;82.072;0.0;22.0;1805.584
5;1;41;120.093;0.0;120.093;0.0;0.0;120.093;0.0;22.0;2642.0460000000003
5;1;42;98.397;0.0;54.2455406;0.0;44.1514594;98.397;0.0;22.0;2164.734
5;1;43;122.484;0.0;0.0;0.0;122.484;122.484;0.0;22.0;2694.6479999999997
5;1;44;131.598;0.0;0.0;0.0;131.598;131.598;0.0;22.0;2895.1560000000004
5;1;45;118.838;0.0;0.0;0.0;118.838;118.838;0.0;22.0;2614.4359999999997
5;1;46;107.994;0.0;0.0;0.0;107.994;107.994;0.0;22.0;2375.868
5;1;47;70.285;0.0;0.0;0.0;70.285;70.285;0.0;22.0;1546.27
5;1;48;17.385;0.0;0.0;0.0;17.385;17.385;0.0;22.0;382.47
5;1;49;24.797;0.0;0.0;0.0;24.797;24.797;0.0;22.0;545.534
5;1;50;24.379;0.0;0.0;0.0;24.379;24.379;0.0;22.0;536.3380000000001
5;1;51;23.103;0.0;0.0;0.0;23.103;23.103;0.0;22.0;508.266
5;1;52;21.947;0.0;0.0;0.0;21.947;21.947;0.0;22.0;482.834
5;1;53;22.954;0.0;0.0;0.0;22.954;22.954;0.0;22.0;504.988
5;1;54;35.244;0.0;0.0;0.0;35.244;35.244;0.0;22.0;775.3679999999999
5;1;55;55.09;0.0;20.3691641;0.0;34.7208359;55.09;0.0;22.0;1211.98
5;1;56;75.434;0.0;75.434;0.0;0.0;75.434;0.0;22.0;1659.548
5;1;57;59.689;0.0;59.689;0.0;0.0;59.689;0.0;22.0;1313.158
5;1;58;89.975;0.0;89.975;0.0;0.0;89.975;0.0;22.0;1979.4499999999998
5;1;59;76.18900000000001;0.0;76.189;0.0;0.0;76.189;0.0;22.0;1676.158
5;1;60;75.169;0.0;75.169;0.0;0.0;75.169;0.0;22.0;1653.7179999999998
5;1;61;81.474;0.0;81.474;0.0;0.0;81.474;0.0;22.0;1792.428
5;1;62;111.148;0.0;111.148;0.0;0.0;111.148;0.0;22.0;2445.256
5;1;63;75.776;0.0;75.776;0.0;0.0;75.776;0.0;22.0;1667.072
5;1;64;111.906;0.0;111.906;0.0;0.0;111.906;0.0;22.0;2461.9320000000002
5;1;65;132.044;0.0;132.044;0.0;0.0;132.044;0.0;22.0;2904.9680000000003
5;1;66;105.985;0.0;26.428049;0.0;79.556951;105.985;0.0;22.0;2331.67
5;1;67;124.163;0.0;0.0;0.0;124.163;124.163;0.0;22.0;2731.586
5;1;68;131.535;0.0;0.0;0.0;131.535;131.535;0.0;22.0;2893.77
5;1;69;115.146;0.0;0.0;0.0;115.146;115.146;0.0;22.0;2533.212
5;1;70;119.896;0.0;0.0;0.0;119.896;119.896;0.0;22.0;2637.712
5;1;71;84.662;0.0;0.0;0.0;84.662;84.662;0.0;22.0;1862.564
5;1;72;17.365;0.0;0.0;0.0;17.365;17.365;0.0;22.0;382.03
5;1;73;24.07;0.0;0.0;0.0;24.07;24.07;0.0;22.0;529.54
5;1;74;22.578;0.0;0.0;0.0;22.578;22.578;0.0;22.0;496.716
5;1;75;22.352;0.0;0.0;0.0;22.352;22.352;0.0;22.0;491.744
5;1;76;24.16;0.0;0.0;0.0;24.16;24.16;0.0;22.0;531.52
5;1;77;23.863;0.0;0.0;0.0;23.863;23.863;0.0;22.0;524.986
5;1;78;24.583;0.0;0.0;0.0;24.583;24.583;0.0;22.0;540.826
5;1;79;42.237;0.0;35.3697588;0.0;6.8672412;42.237;0.0;22.0;929.214
5;1;80;43.922;0.0;43.922;0.0;0.0;43.922;0.0;22.0;966.2839999999999
5;1;81;68.254;0.0;68.254;0.0;0.0;68.254;0.0;22.0;1501.5880000000002
5;1;82;63.231;0.0;63.231;0.0;0.0;63.231;0.0;22.0;1391.082
5;1;83;68.35;0.0;68.35;0.0;0.0;68.35;0.0;22.0;1503.6999999999998
5;1;84;76.208;0.0;76.208;0.0;0.0;76.208;0.0;22.0;1676.576
5;1;85;84.368;0.0;84.368;0.0;0.0;84.368;0.0;22.0;1856.096
5;1;86;61.734;0.0;61.734;0.0;0.0;61.734;0.0;22.0;1358.1480000000001
5;1;87;166.38400000000001;0.0;166.384;0.0;0.0;166.384;0.0;22.0;3660.448
5;1;88;68.892;0.0;68.892;0.0;0.0;68.892;0.0;22.0;1515.6239999999998
5;1;89;93.093;0.0;84.0068969;0.0;9.0861031;93.093;0.0;22.0;2048.0460000000003
5;1;90;107.235;0.0;52.8293048;0.0;54.4056952;107.235;0.0;22.0;2359.17
5;1;91;93.46;0.0;0.0;0.0;93.46;93.46;0.0;22.0;2056.12
5;1;92;98.34;0.0;0.0;0.0;98.34;98.34;0.0;22.0;2163.48
5;1;93;103.639;0.0;0.0;0.0;103.639;103.639;0.0;22.0;2280.058
5;1;94;107.166;0.0;0.0;0.0;107.166;107.166;0.0;22.0;2357.652
5;1;95;69.617;0.0;0.0;0.0;69.617;69.617;0.0;22.0;1531.574
5;1;96;19.569;0.0;0.0;0.0;19.569;19.569;0.0;22.0;430.518
5;1;97;30.595;0.0;0.0;0.0;30.595;30.595;0.0;22.0;673.0899999999999
5;1;98;24.166;0.0;0.0;0.0;24.166;24.166;0.0;22.0;531.652
5;1;99;22.786;0.0;0.0;0.0;22.786;22.786;0.0;22.0;501.29200000000003
5;1;100;24.026;0.0;0.0;0.0;24.026;24.026;0.0;22.0;528.572
5;1;101;23.977;0.0;0.0;0.0;23.977;23.977;0.0;22.0;527.494
5;1;102;29.663;0.0;0.0;0.0;29.663;29.663;0.0;22.0;652.586
5;1;103;57.721;0.0;33.219448;0.0;24.501552;57.721;0.0;22.0;1269.8619999999999
5;1;104;64.737;0.0;64.737;0.0;0.0;64.737;0.0;22.0;1424.214
5;1;105;88.115;0.0;88.115;0.0;0.0;88.115;0.0;22.0;1938.53
5;1;106;89.942;0.0;89.942;0.0;0.0;89.942;0.0;22.0;1978.724
5;1;107;99.94300000000001;0.0;99.943;0.0;0.0;99.943;0.0;22.0;2198.746
5;1;108;94.02900000000001;0.0;94.029;0.0;0.0;94.029;0.0;22.0;2068.638
5;1;109;83.416;0.0;83.416;0.0;0.0;83.416;0.0;22.0;1835.152
5;1;110;90.04599999999999;0.0;90.046;0.0;0.0;90.046;0.0;22.0;1981.0120000000002
5;1;111;167.70600000000002;0.0;167.7052323;0.0;0.0007677;167.706;0.0;22.0;3689.5319999999997
5;1;112;102.489;0.0;102.489;0.0;0.0;102.489;0.0;22.0;2254.7580000000003
5;1;113;93.946;0.0;93.946;0.0;0.0;93.946;0.0;22.0;2066.812
5;1;114;100.858;0.0;42.2387751;0.0;58.6192249;100.858;0.0;22.0;2218.876
5;1;115;108.578;0.0;0.0;0.0;108.578;108.578;0.0;22.0;2388.716
5;1;116;116.126;0.0;0.0;0.0;116.126;116.126;0.0;22.0;2554.772
5;1;117;116.674;0.0;0.0;0.0;116.674;116.674;0.0;22.0;2566.828
5;1;118;105.6;0.0;0.0;0.0;105.6;105.6;0.0;22.0;2323.2
5;1;119;89.315;0.0;0.0;0.0;89.315;89.315;0.0;22.0;1964.9299999999998
5;1;120;17.254;0.0;0.0;0.0;17.254;17.254;0.0;22.0;379.588
5;1;121;25.948;0.0;0.0;0.0;25.948;25.948;0.0;22.0;570.856
5;1;122;21.824;0.0;0.0;0.0;21.824;21.824;0.0;22.0;480.12800000000004
5;1;123;24.068;0.0;0.0;0.0;24.068;24.068;0.0;22.0;529.496
5;1;124;21.652;0.0;0.0;0.0;21.652;21.652;0.0;22.0;476.34400000000005
5;1;125;22.917;0.0;0.0;0.0;22.917;22.917;0.0;22.0;504.17400000000004
5;1;126;33.774;0.0;0.0;0.0;33.774;33.774;0.0;22.0;743.028
5;1;127;83.067;0.0;10.5058925;0.0;72.5611075;83.067;0.0;22.0;1827.474
5;1;128;89.751;0.0;89.751;0.0;0.0;89.751;0.0;22.0;1974.5220000000002
5;1;129;83.036;0.0;83.036;0.0;0.0;83.036;0.0;22.0;1826.792
5;1;130;78.109;0.0;78.109;0.0;0.0;78.109;0.0;22.0;1718.398
5;1;131;74.59700000000001;0.0;74.597;0.0;0.0;74.597;0.0;22.0;1641.1339999999998
5;1;132;85.662;0.0;85.662;0.0;0.0;85.662;0.0;22.0;1884.564
5;1;133;75.101;0.0;75.101;0.0;0.0;75.101;0.0;22.0;1652.222
5;1;134;87.093;0.0;87.093;0.0;0.0;87.093;0.0;22.0;1916.046
5;1;135;90.765;0.0;90.765;0.0;0.0;90.765;0.0;22.0;1996.83
5;1;136;146.459;0.0;146.459;0.0;0.0;146.459;0.0;22.0;3222.098
5;1;137;108.132;0.0;108.132;0.0;0.0;108.132;0.0;22.0;2378.904
5;1;138;121.66;0.0;35.9974875;0.0;85.6625125;121.66;0.0;22.0;2676.52
5;1;139;132.421;0.0;0.0;0.0;132.421;132.421;0.0;22.0;2913.2619999999997
5;1;140;123.776;0.0;0.0;0.0;123.776;123.776;0.0;22.0;2723.072
5;1;141;100.279;0.0;0.0;0.0;100.279;100.279;0.0;22.0;2206.138
5;1;142;107.191;0.0;0.0;0.0;107.191;107.191;0.0;22.0;2358.202
5;1;143;84.711;0.0;0.0;0.0;84.711;84.711;0.0;22.0;1863.642
5;1;144;17.57;0.0;0.0;0.0;17.57;17.57;0.0;22.0;386.54
5;1;145;23.791;0.0;0.0;0.0;23.791;23.791;0.0;22.0;523.402
5;1;146;23.035;0.0;0.0;0.0;23.035;23.035;0.0;22.0;506.77
5;1;147;22.002;0.0;0.0;0.0;22.002;22.002;0.0;22.0;484.044
5;1;148;22.518;0.0;0.0;0.0;22.518;22.518;0.0;22.0;495.396
5;1;149;21.913;0.0;0.0;0.0;21.913;21.913;0.0;22.0;482.086
5;1;150;26.408;0.0;0.0;0.0;26.408;26.408;0.0;22.0;580.976
5;1;151;65.537;0.0;25.9069;0.0;39.6301;65.537;0.0;22.0;1441.814
5;1;152;79.595;0.0;79.595;0.0;0.0;79.595;0.0;22.0;1751.09
5;1;153;78.232;0.0;78.232;0.0;0.0;78.232;0.0;22.0;1721.104
5;1;154;89.527;0.0;89.527;0.0;0.0;89.527;0.0;22.0;1969.594
5;1;155;82.14999999999999;0.0;82.15;0.0;0.0;82.15;0.0;22.0;1807.3000000000002
5;1;156;87.212;0.0;87.212;0.0;0.0;87.212;0.0;22.0;1918.664
5;1;157;93.99;0.0;93.99;0.0;0.0;93.99;0.0;22.0;2067.7799999999997
5;1;158;84.044;0.0;84.044;0.0;0.0;84.044;0.0;22.0;1848.9679999999998
5;1;159;196.02;0.0;196.02;0.0;0.0;196.02;0.0;22.0;4312.4400000000005
5;1;160;91.421;0.0;91.421;0.0;0.0;91.421;0.0;22.0;2011.2620000000002
5;1;161;111.755;0.0;111.755;0.0;0.0;111.755;0.0;22.0;2458.6099999999997
5;1;162;106.886;0.0;33.3460521;0.0;73.5399479;106.886;0.0;22.0;2351.4919999999997
5;1;163;122.336;0.0;0.0;0.0;122.336;122.336;0.0;22.0;2691.392
5;1;164;124.667;0.0;0.0;0.0;124.667;124.667;0.0;22.0;2742.674
5;1;165;123.342;0.0;0.0;0.0;123.342;123.342;0.0;22.0;2713.524
5;1;166;120.635;0.0;0.0;0.0;120.635;120.635;0.0;22.0;2653.9700000000003
5;1;167;95.676;0.0;0.0;0.0;95.676;95.676;0.0;22.0;2104.872
5;2;0;16.569;0.0;0.0;0.0;16.569;16.569;0.0;10.0;165.69
5;2;1;24.058;0.0;0.0;0.0;24.058;24.058;0.0;10.0;240.57999999999998
5;2;2;214.528;0.0;0.0;0.0;214.528;214.528;0.0;10.0;2145.2799999999997
5;2;3;22.732;0.0;0.0;0.0;22.732;22.732;0.0;10.0;227.32
5;2;4;61.14;0.0;0.0;0.0;61.14;61.14;0.0;10.0;611.4
5;2;5;220.025;0.0;0.0;0.0;220.025;220.025;0.0;10.0;2200.25
5;2;6;24.451;0.0;0.0;0.0;24.451;24.451;0.0;10.0;244.51
5;2;7;104.625;0.0;0.0;0.0;104.625;104.625;0.0;10.0;1046.25
5;2;8;106.538;0.0;0.0;0.0;106.538;106.538;0.0;10.0;1065.3799999999999
5;2;9;171.486;0.0;14.5901566;0.0;156.8958434;171.486;0.0;10.0;1714.86
5;2;10;159.548;0.0;159.548;0.0;0.0;159.548;0.0;10.0;1595.48
5;2;11;260.424;0.0;260.424;0.0;0.0;260.424;0.0;10.0;2604.24
5;2;12;243.521;0.0;243.521;0.0;0.0;243.521;0.0;10.0;2435.21
5;2;13;114.976;0.0;114.9753757;0.0;0.0006243;114.976;0.0;10.0;1149.76
5;2;14;110.422;0.0;110.422;0.0;0.0;110.422;0.0;10.0;1104.22
5;2;15;113.88999999999999;0.0;113.89;0.0;0.0;113.89;0.0;10.0;1138.9
5;2;16;117.782;0.0;48.6579411;0.0;69.1240589;117.782;0.0;10.0;1177.82
5;2;17;155.837;0.0;0.0;0.0;155.837;155.837;0.0;10.0;1558.37
5;2;18;117.045;0.0;0.0;0.0;117.045;117.045;0.0;10.0;1170.45
5;2;19;226.618;0.0;0.0;0.0;226.618;226.618;0.0;10.0;2266.18
5;2;20;199.411;0.0;0.0;0.0;199.411;199.411;0.0;10.0;1994.1100000000001
5;2;21;128.435;0.0;0.0;0.0;128.435;128.435;0.0;10.0;1284.35
5;2;22;254.306;0.0;0.0;0.0;254.306;254.306;0.0;10.0;2543.06
5;2;23;87.56099999999999;0.0;0.0;0.0;87.561;87.561;0.0;10.0;875.6100000000001
5;2;24;16.598;0.0;0.0;0.0;16.598;16.598;0.0;10.0;165.98
5;2;25;25.986;0.0;0.0;0.0;25.986;25.986;0.0;10.0;259.86
5;2;26;241.971;0.0;0.0;0.0;241.971;241.971;0.0;10.0;2419.71
5;2;27;22.308;0.0;0.0;0.0;22.308;22.308;0.0;10.0;223.07999999999998
5;2;28;242.035;0.0;0.0;0.0;242.035;242.035;0.0;10.0;2420.35
5;2;29;53.57;0.0;0.0;0.0;53.57;53.57;0.0;10.0;535.7
5;2;30;183.55100000000002;0.0;0.0;0.0;183.551;183.551;0.0;10.0;1835.5099999999998
5;2;31;243.502;0.0;0.0;0.0;243.502;243.502;0.0;10.0;2435.02
5;2;32;238.277;0.0;0.0;0.0;238.277;238.277;0.0;10.0;2382.77
5;2;33;220.343;0.0;34.3080008;0.0;186.0349992;220.343;0.0;10.0;2203.43
5;2;34;192.781;0.0;110.1343966;0.0;82.6466034;192.781;0.0;10.0;1927.81
5;2;35;215.71;0.0;215.71;0.0;0.0;215.71;0.0;10.0;2157.1
5;2;36;257.83;0.0;257.83;0.0;0.0;257.83;0.0;10.0;2578.2999999999997
5;2;37;129.155;0.0;129.155;0.0;0.0;129.155;0.0;10.0;1291.55
5;2;38;80.508;0.0;80.5074969;0.0;0.0005031;80.508;0.0;10.0;805.0799999999999
5;2;39;62.677;0.0;62.677;0.0;0.0;62.677;0.0;10.0;626.77
5;2;40;258.23;0.0;0.0;0.0;258.23;258.23;0.0;10.0;2582.3
5;2;41;135.438;0.0;0.0;0.0;135.438;135.438;0.0;10.0;1354.3799999999999
5;2;42;166.201;0.0;0.0;0.0;166.201;166.201;0.0;10.0;1662.01
5;2;43;164.116;0.0;0.0;0.0;164.116;164.116;0.0;10.0;1641.16
5;2;44;178.917;0.0;0.0;0.0;178.917;178.917;0.0;10.0;1789.17
5;2;45;137.436;0.0;0.0;0.0;137.436;137.436;0.0;10.0;1374.3600000000001
5;2;46;101.152;0.0;0.0;0.0;101.152;101.152;0.0;10.0;1011.52
5;2;47;76.364;0.0;0.0;0.0;76.364;76.364;0.0;10.0;763.6400000000001
5;2;48;20.281;0.0;0.0;0.0;20.281;20.281;0.0;10.0;202.81
5;2;49;21.822;0.0;0.0;0.0;21.822;21.822;0.0;10.0;218.22
5;2;50;80.316;0.0;0.0;0.0;80.316;80.316;0.0;10.0;803.1600000000001
5;2;51;84.005;0.0;0.0;0.0;84.005;84.005;0.0;10.0;840.05
5;2;52;85.318;0.0;0.0;0.0;85.318;85.318;0.0;10.0;853.18
5;2;53;87.537;0.0;0.0;0.0;87.537;87.537;0.0;10.0;875.3700000000001
5;2;54;89.072;0.0;0.0;0.0;89.072;89.072;0.0;10.0;890.72
5;2;55;161.175;0.0;0.0;0.0;161.175;161.175;0.0;10.0;1611.75
5;2;56;181.275;0.0;0.0;0.0;181.275;181.275;0.0;10.0;1812.75
5;2;57;139.666;0.0;0.0;0.0;139.666;139.666;0.0;10.0;1396.6599999999999
5;2;58;121.658;0.0;42.2573048;0.0;79.4006952;121.658;0.0;10.0;1216.58
5;2;59;109.688;0.0;51.5771623;0.0;58.1108377;109.688;0.0;10.0;1096.88
5;2;60;123.77000000000001;0.0;123.7694599;0.0;0.0005401;123.77;0.0;10.0;1237.7
5;2;61;123.12799999999999;0.0;123.1271802;0.0;0.0008198;123.128;0.0;10.0;1231.28
5;2;62;80.288;0.0;49.5305341;0.0;30.7574659;80.288;0.0;10.0;802.88
5;2;63;101.235;0.0;51.3364236;0.0;49.8985764;101.235;0.0;10.0;1012.35
5;2;64;170.29199999999997;0.0;0.0;0.0;170.292;170.292;0.0;10.0;1702.92
5;2;65;288.51800000000003;0.0;0.0;0.0;288.518;288.518;0.0;10.0;2885.18
5;2;66;126.611;0.0;0.0;0.0;126.611;126.611;0.0;10.0;1266.1100000000001
5;2;67;125.841;0.0;0.0;0.0;125.841;125.841;0.0;10.0;1258.4099999999999
5;2;68;136.313;0.0;0.0;0.0;136.313;136.313;0.0;10.0;1363.1299999999999
5;2;69;111.207;0.0;0.0;0.0;111.207;111.207;0.0;10.0;1112.07
5;2;70;124.524;0.0;0.0;0.0;124.524;124.524;0.0;10.0;1245.24
5;2;71;67.876;0.0;0.0;0.0;67.876;67.876;0.0;10.0;678.76
5;2;72;18.428;0.0;0.0;0.0;18.428;18.428;0.0;10.0;184.28
5;2;73;62.686;0.0;0.0;0.0;62.686;62.686;0.0;10.0;626.86
5;2;74;68.036;0.0;0.0;0.0;68.036;68.036;0.0;10.0;680.36
5;2;75;75.91;0.0;0.0;0.0;75.91;75.91;0.0;10.0;759.0999999999999
5;2;76;74.163;0.0;0.0;0.0;74.163;74.163;0.0;10.0;741.63
5;2;77;79.358;0.0;0.0;0.0;79.358;79.358;0.0;10.0;793.58
5;2;78;82.819;0.0;0.0;0.0;82.819;82.819;0.0;10.0;828.19
5;2;79;129.851;0.0;0.0;0.0;129.851;129.851;0.0;10.0;1298.51
5;2;80;150.624;0.0;0.0;0.0;150.624;150.624;0.0;10.0;1506.24
5;2;81;143.478;0.0;0.0;0.0;143.478;143.478;0.0;10.0;1434.7800000000002
5;2;82;127.511;0.0;106.9826473;0.0;20.5283527;127.511;0.0;10.0;1275.11
5;2;83;107.164;0.0;107.1634589;0.0;0.0005411;107.164;0.0;10.0;1071.64
5;2;84;98.641;0.0;29.3494589;0.0;69.2915411;98.641;0.0;10.0;986.4100000000001
5;2;85;112.236;0.0;0.0006435;0.0;112.2353565;112.236;0.0;10.0;1122.3600000000001
5;2;86;236.534;0.0;15.0740266;0.0;221.4599734;236.534;0.0;10.0;2365.34
5;2;87;144.514;0.0;0.0;0.0;144.514;144.514;0.0;10.0;1445.14
5;2;88;85.542;0.0;0.0;0.0;85.542;85.542;0.0;10.0;855.4200000000001
5;2;89;103.161;0.0;0.0;0.0;103.161;103.161;0.0;10.0;1031.6100000000001
5;2;90;88.756;0.0;0.0;0.0;88.756;88.756;0.0;10.0;887.56
5;2;91;102.16;0.0;0.0;0.0;102.16;102.16;0.0;10.0;1021.5999999999999
5;2;92;314.96799999999996;0.0;0.0;0.0;314.968;314.968;0.0;10.0;3149.6800000000003
5;2;93;163.914;0.0;0.0;0.0;163.914;163.914;0.0;10.0;1639.1399999999999
5;2;94;105.049;0.0;0.0;0.0;105.049;105.049;0.0;10.0;1050.49
5;2;95;101.655;0.0;0.0;0.0;101.655;101.655;0.0;10.0;1016.55
5;2;96;18.844;0.0;0.0;0.0;18.844;18.844;0.0;10.0;188.44
5;2;97;26.883;0.0;0.0;0.0;26.883;26.883;0.0;10.0;268.83
5;2;98;111.397;0.0;0.0;0.0;111.397;111.397;0.0;10.0;1113.97
5;2;99;226.164;0.0;0.0;0.0;226.164;226.164;0.0;10.0;2261.64
5;2;100;106.513;0.0;0.0;0.0;106.513;106.513;0.0;10.0;1065.13
5;2;101;23.644;0.0;0.0;0.0;23.644;23.644;0.0;10.0;236.44
5;2;102;152.809;0.0;0.0;0.0;152.809;152.809;0.0;10.0;1528.09
5;2;103;188.513;0.0;0.0;0.0;188.513;188.513;0.0;10.0;1885.13
5;2;104;206.727;0.0;0.0;0.0;206.727;206.727;0.0;10.0;2067.27
5;2;105;196.858;0.0;0.0;0.0;196.858;196.858;0.0;10.0;1968.58
5;2;106;193.382;0.0;0.0;0.0;193.382;193.382;0.0;10.0;1933.8200000000002
5;2;107;168.739;0.0;0.0;0.0;168.739;168.739;0.0;10.0;1687.39
5;2;108;175.752;0.0;0.0;0.0;175.752;175.752;0.0;10.0;1757.52
5;2;109;247.039;0.0;0.0;0.0;247.039;247.039;0.0;10.0;2470.39
5;2;110;83.488;0.0;0.0;0.0;83.488;83.488;0.0;10.0;834.88
5;2;111;173.744;0.0;0.0;0.0;173.744;173.744;0.0;10.0;1737.44
5;2;112;173.75799999999998;0.0;0.0;0.0;173.758;173.758;0.0;10.0;1737.5800000000002
5;2;113;205.51100000000002;0.0;0.0;0.0;205.511;205.511;0.0;10.0;2055.11
5;2;114;213.096;0.0;0.0;0.0;213.096;213.096;0.0;10.0;2130.96
5;2;115;212.153;0.0;0.0;0.0;212.153;212.153;0.0;10.0;2121.5299999999997
5;2;116;196.909;0.0;0.0;0.0;196.909;196.909;0.0;10.0;1969.09
5;2;117;209.54500000000002;0.0;0.0;0.0;209.545;209.545;0.0;10.0;2095.45
5;2;118;179.60199999999998;0.0;0.0;0.0;179.602;179.602;0.0;10.0;1796.02
5;2;119;272.6;0.0;0.0;0.0;272.6;272.6;0.0;10.0;2726.0
5;2;120;20.172;0.0;0.0;0.0;20.172;20.172;0.0;10.0;201.72
5;2;121;211.714;0.0;0.0;0.0;211.714;211.714;0.0;10.0;2117.14
5;2;122;22.526;0.0;0.0;0.0;22.526;22.526;0.0;10.0;225.26
5;2;123;134.327;0.0;0.0;0.0;134.327;134.327;0.0;10.0;1343.27
5;2;124;135.386;0.0;0.0;0.0;135.386;135.386;0.0;10.0;1353.86
5;2;125;140.095;0.0;0.0;0.0;140.095;140.095;0.0;10.0;1400.95
5;2;126;174.825;0.0;0.0;0.0;174.825;174.825;0.0;10.0;1748.25
5;2;127;214.12;0.0;0.0;0.0;214.12;214.12;0.0;10.0;2141.2
5;2;128;218.507;0.0;0.0;0.0;218.507;218.507;0.0;10.0;2185.07
5;2;129;206.02499999999998;0.0;0.0;0.0;206.025;206.025;0.0;10.0;2060.25
5;2;130;182.107;0.0;0.0;0.0;182.107;182.107;0.0;10.0;1821.07
5;2;131;157.167;0.0;36.4170757;0.0;120.7499243;157.167;0.0;10.0;1571.67
5;2;132;163.683;0.0;134.8840026;0.0;28.7989974;163.683;0.0;10.0;1636.83
5;2;133;151.83100000000002;0.0;151.4096402;0.0;0.4213598;151.831;0.0;10.0;1518.31
5;2;134;261.543;0.0;113.0677361;0.0;148.4752639;261.543;0.0;10.0;2615.4300000000003
5;2;135;248.792;0.0;15.4815942;0.0;233.3104058;248.792;0.0;10.0;2487.92
5;2;136;90.737;0.0;0.0;0.0;90.737;90.737;0.0;10.0;907.3699999999999
5;2;137;104.427;0.0;0.0;0.0;104.427;104.427;0.0;10.0;1044.27
5;2;138;132.304;0.0;0.0;0.0;132.304;132.304;0.0;10.0;1323.04
5;2;139;325.34000000000003;0.0;0.0;0.0;325.34;325.34;0.0;10.0;3253.3999999999996
5;2;140;115.258;0.0;0.0;0.0;115.258;115.258;0.0;10.0;1152.58
5;2;141;103.225;0.0;0.0;0.0;103.225;103.225;0.0;10.0;1032.25
5;2;142;267.789;0.0;0.0;0.0;267.789;267.789;0.0;10.0;2677.89
5;2;143;72.931;0.0;0.0;0.0;72.931;72.931;0.0;10.0;729.31
5;2;144;117.06;0.0;0.0;0.0;117.06;117.06;0.0;10.0;1170.6
5;2;145;127.30199999999999;0.0;0.0;0.0;127.302;127.302;0.0;10.0;1273.02
5;2;146;125.87100000000001;0.0;0.0;0.0;125.871;125.871;0.0;10.0;1258.71
5;2;147;129.161;0.0;0.0;0.0;129.161;129.161;0.0;10.0;1291.6100000000001
5;2;148;132.112;0.0;0.0;0.0;132.112;132.112;0.0;10.0;1321.12
5;2;149;131.41;0.0;0.0;0.0;131.41;131.41;0.0;10.0;1314.1
5;2;150;162.604;0.0;0.0;0.0;162.604;162.604;0.0;10.0;1626.0400000000002
5;2;151;208.201;0.0;0.0;0.0;208.201;208.201;0.0;10.0;2082.0099999999998
5;2;152;208.618;0.0;0.0;0.0;208.618;208.618;0.0;10.0;2086.18
5;2;153;199.17399999999998;0.0;0.0;0.0;199.174;199.174;0.0;10.0;1991.74
5;2;154;182.94299999999998;0.0;10.1326232;0.0;172.8103768;182.943;0.0;10.0;1829.43
5;2;155;160.882;0.0;49.3144209;0.0;111.5675791;160.882;0.0;10.0;1608.8200000000002
5;2;156;169.916;0.0;59.467436;0.0;110.448564;169.916;0.0;10.0;1699.1599999999999
5;2;157;154.712;0.0;83.1460026;0.0;71.5659974;154.712;0.0;10.0;1547.12
5;2;158;150.063;0.0;77.8051413;0.0;72.2578587;150.063;0.0;10.0;1500.6299999999999
5;2;159;131.179;0.0;0.0;0.0;131.179;131.179;0.0;10.0;1311.79
5;2;160;137.047;0.0;0.0;0.0;137.047;137.047;0.0;10.0;1370.47
5;2;161;154.97;0.0;0.0;0.0;154.97;154.97;0.0;10.0;1549.7
5;2;162;192.361;0.0;0.0;0.0;192.361;192.361;0.0;10.0;1923.61
5;2;163;210.287;0.0;0.0;0.0;210.287;210.287;0.0;10.0;2102.87
5;2;164;200.20100000000002;0.0;0.0;0.0;200.201;200.201;0.0;10.0;2002.01
5;2;165;190.674;0.0;0.0;0.0;190.674;190.674;0.0;10.0;1906.74
5;2;166;161.064;0.0;0.0;0.0;161.064;161.064;0.0;10.0;1610.6399999999999
5;2;167;252.31;0.0;0.0;0.0;252.31;252.31;0.0;10.0;2523.1
5;3;0;101.05000000000001;0.0;0.0;0.0;101.05;101.05;0.0;15.0;1515.75
5;3;1;281.892;0.0;0.0;0.0;281.892;281.892;0.0;15.0;4228.38
5;3;2;270.988;0.0;0.0;0.0;270.988;270.988;0.0;15.0;4064.82
5;3;3;272.479;0.0;0.0;0.0;272.479;272.479;0.0;15.0;4087.185
5;3;4;271.169;0.0;0.0;0.0;271.169;271.169;0.0;15.0;4067.535
5;3;5;279.355;0.0;0.0;0.0;279.355;279.355;0.0;15.0;4190.325000000001
5;3;6;283.79200000000003;0.0;0.0;0.0;283.792;283.792;0.0;15.0;4256.879999999999
5;3;7;338.366;0.0;0.0;0.0;338.366;338.366;0.0;15.0;5075.49
5;3;8;365.185;0.0;0.0;0.0;365.185;365.185;0.0;15.0;5477.775
5;3;9;353.36400000000003;0.0;0.0;0.0;353.364;353.364;0.0;15.0;5300.46
5;3;10;317.318;0.0;46.6413017;0.0;270.6766983;317.318;0.0;15.0;4759.7699999999995
5;3;11;304.177;0.0;0.0;0.0;304.177;304.177;0.0;15.0;4562.655000000001
5;3;12;293.51099999999997;0.0;30.9943603;0.0;262.5166397;293.511;0.0;15.0;4402.665
5;3;13;284.456;0.0;163.6973022;0.0;120.7586978;284.456;0.0;15.0;4266.84
5;3;14;308.108;0.0;150.7300304;0.0;157.3779696;308.108;0.0;15.0;4621.62
5;3;15;302.994;0.0;67.3761913;0.0;235.6178087;302.994;0.0;15.0;4544.910000000001
5;3;16;333.2;0.0;0.0;0.0;333.2;333.2;0.0;15.0;4998.0
5;3;17;356.544;0.0;0.0;0.0;356.544;356.544;0.0;15.0;5348.16
5;3;18;362.11899999999997;0.0;0.0;0.0;362.119;362.119;0.0;15.0;5431.785000000001
5;3;19;127.304;0.0;0.0;0.0;127.304;127.304;0.0;15.0;1909.56
5;3;20;228.30700000000002;0.0;0.0;0.0;228.307;228.307;0.0;15.0;3424.605
5;3;21;326.765;0.0;0.0;0.0;326.765;326.765;0.0;15.0;4901.474999999999
5;3;22;360.556;0.0;0.0;0.0;360.556;360.556;0.0;15.0;5408.34
5;3;23;327.788;0.0;0.0;0.0;327.788;327.788;0.0;15.0;4916.82
5;3;24;268.622;0.0;0.0;0.0;268.622;268.622;0.0;15.0;4029.3300000000004
5;3;25;212.875;0.0;0.0;0.0;212.875;212.875;0.0;15.0;3193.125
5;3;26;275.534;0.0;0.0;0.0;275.534;275.534;0.0;15.0;4133.01
5;3;27;275.788;0.0;0.0;0.0;275.788;275.788;0.0;15.0;4136.82
5;3;28;276.83299999999997;0.0;0.0;0.0;276.833;276.833;0.0;15.0;4152.495000000001
5;3;29;278.294;0.0;0.0;0.0;278.294;278.294;0.0;15.0;4174.41
5;3;30;286.613;0.0;0.0;0.0;286.613;286.613;0.0;15.0;4299.195
5;3;31;342.8;0.0;0.0;0.0;342.8;342.8;0.0;15.0;5142.0
5;3;32;356.022;0.0;0.0;0.0;356.022;356.022;0.0;15.0;5340.33
5;3;33;341.347;0.0;0.0;0.0;341.347;341.347;0.0;15.0;5120.205
5;3;34;322.7;0.0;111.14016;0.0;211.55984;322.7;0.0;15.0;4840.5
5;3;35;310.225;0.0;30.9337058;0.0;279.2912942;310.225;0.0;15.0;4653.375
5;3;36;305.93399999999997;0.0;46.4153401;0.0;259.5186599;305.934;0.0;15.0;4589.01
5;3;37;310.881;0.0;7.3211476;0.0;303.5598524;310.881;0.0;15.0;4663.214999999999
5;3;38;290.547;0.0;0.0;0.0;290.547;290.547;0.0;15.0;4358.205
5;3;39;306.728;0.0;0.0;0.0;306.728;306.728;0.0;15.0;4600.92
5;3;40;318.285;0.0;0.0;0.0;318.285;318.285;0.0;15.0;4774.275000000001
5;3;41;342.376;0.0;0.0;0.0;342.376;342.376;0.0;15.0;5135.639999999999
5;3;42;359.459;0.0;0.0;0.0;359.459;359.459;0.0;15.0;5391.885
5;3;43;375.668;0.0;0.0;0.0;375.668;375.668;0.0;15.0;5635.02
5;3;44;371.117;0.0;0.0;0.0;371.117;371.117;0.0;15.0;5566.755
5;3;45;342.52599999999995;0.0;0.0;0.0;342.526;342.526;0.0;15.0;5137.89
5;3;46;317.313;0.0;0.0;0.0;317.313;317.313;0.0;15.0;4759.695
5;3;47;291.78499999999997;0.0;0.0;0.0;291.785;291.785;0.0;15.0;4376.775000000001
5;3;48;197.437;0.0;0.0;0.0;197.437;197.437;0.0;15.0;2961.5550000000003
5;3;49;191.846;0.0;0.0;0.0;191.846;191.846;0.0;15.0;2877.69
5;3;50;187.624;0.0;0.0;0.0;187.624;187.624;0.0;15.0;2814.36
5;3;51;179.633;0.0;0.0;0.0;179.633;179.633;0.0;15.0;2694.4950000000003
5;3;52;179.806;0.0;0.0;0.0;179.806;179.806;0.0;15.0;2697.09
5;3;53;179.44;0.0;0.0;0.0;179.44;179.44;0.0;15.0;2691.6
5;3;54;179.862;0.0;0.0;0.0;179.862;179.862;0.0;15.0;2697.93
5;3;55;269.461;0.0;0.0;0.0;269.461;269.461;0.0;15.0;4041.915
5;3;56;307.05;0.0;0.0;0.0;307.05;307.05;0.0;15.0;4605.75
5;3;57;259.288;0.0;0.0;0.0;259.288;259.288;0.0;15.0;3889.32
5;3;58;268.615;0.0;0.0;0.0;268.615;268.615;0.0;15.0;4029.2250000000004
5;3;59;247.172;0.0;0.0;0.0;247.172;247.172;0.0;15.0;3707.58
5;3;60;236.69;0.0;0.0;0.0;236.69;236.69;0.0;15.0;3550.35
5;3;61;210.956;0.0;138.6657015;0.0;72.2902985;210.956;0.0;15.0;3164.3399999999997
5;3;62;205.656;0.0;78.010663;0.0;127.645337;205.656;0.0;15.0;3084.84
5;3;63;227.468;0.0;10.4498285;0.0;217.0181715;227.468;0.0;15.0;3412.02
5;3;64;247.039;0.0;0.0;0.0;247.039;247.039;0.0;15.0;3705.585
5;3;65;335.309;0.0;0.0;0.0;335.309;335.309;0.0;15.0;5029.635
5;3;66;343.694;0.0;0.0;0.0;343.694;343.694;0.0;15.0;5155.41
5;3;67;369.923;0.0;0.0;0.0;369.923;369.923;0.0;15.0;5548.845
5;3;68;265.81600000000003;0.0;0.0;0.0;265.816;265.816;0.0;15.0;3987.24
5;3;69;124.495;0.0;0.0;0.0;124.495;124.495;0.0;15.0;1867.4250000000002
5;3;70;144.323;0.0;0.0;0.0;144.323;144.323;0.0;15.0;2164.8450000000003
5;3;71;233.28699999999998;0.0;0.0;0.0;233.287;233.287;0.0;15.0;3499.3050000000003
5;3;72;172.763;0.0;0.0;0.0;172.763;172.763;0.0;15.0;2591.445
5;3;73;184.464;0.0;0.0;0.0;184.464;184.464;0.0;15.0;2766.96
5;3;74;182.02800000000002;0.0;0.0;0.0;182.028;182.028;0.0;15.0;2730.42
5;3;75;190.439;0.0;0.0;0.0;190.439;190.439;0.0;15.0;2856.585
5;3;76;187.83499999999998;0.0;0.0;0.0;187.835;187.835;0.0;15.0;2817.525
5;3;77;191.866;0.0;0.0;0.0;191.866;191.866;0.0;15.0;2877.9900000000002
5;3;78;256.89300000000003;0.0;0.0;0.0;256.893;256.893;0.0;15.0;3853.3949999999995
5;3;79;196.881;0.0;0.0;0.0;196.881;196.881;0.0;15.0;2953.215
5;3;80;293.086;0.0;0.0;0.0;293.086;293.086;0.0;15.0;4396.29
5;3;81;252.24200000000002;0.0;0.0;0.0;252.242;252.242;0.0;15.0;3783.6299999999997
5;3;82;270.091;0.0;0.0;0.0;270.091;270.091;0.0;15.0;4051.3650000000002
5;3;83;267.142;0.0;0.0;0.0;267.142;267.142;0.0;15.0;4007.13
5;3;84;259.066;0.0;0.0;0.0;259.066;259.066;0.0;15.0;3885.99
5;3;85;298.442;0.0;152.3013846;0.0;146.1406154;298.442;0.0;15.0;4476.63
5;3;86;165.428;0.0;143.9582948;0.0;21.4697052;165.428;0.0;15.0;2481.42
5;3;87;292.606;0.0;8.6733575;0.0;283.9326425;292.606;0.0;15.0;4389.09
5;3;88;321.079;0.0;0.0;0.0;321.079;321.079;0.0;15.0;4816.185
5;3;89;347.665;0.0;0.0;0.0;347.665;347.665;0.0;15.0;5214.975
5;3;90;334.23900000000003;0.0;0.0;0.0;334.239;334.239;0.0;15.0;5013.585
5;3;91;335.731;0.0;0.0;0.0;335.731;335.731;0.0;15.0;5035.965
5;3;92;174.633;0.0;0.0;0.0;174.633;174.633;0.0;15.0;2619.4950000000003
5;3;93;356.698;0.0;0.0;0.0;356.698;356.698;0.0;15.0;5350.469999999999
5;3;94;353.907;0.0;0.0;0.0;353.907;353.907;0.0;15.0;5308.605
5;3;95;328.95799999999997;0.0;0.0;0.0;328.958;328.958;0.0;15.0;4934.370000000001
5;3;96;268.76599999999996;0.0;0.0;0.0;268.766;268.766;0.0;15.0;4031.4900000000002
5;3;97;285.741;0.0;0.0;0.0;285.741;285.741;0.0;15.0;4286.115
5;3;98;275.92;0.0;0.0;0.0;275.92;275.92;0.0;15.0;4138.8
5;3;99;278.573;0.0;0.0;0.0;278.573;278.573;0.0;15.0;4178.594999999999
5;3;100;276.73;0.0;0.0;0.0;276.73;276.73;0.0;15.0;4150.950000000001
5;3;101;273.873;0.0;0.0;0.0;273.873;273.873;0.0;15.0;4108.095
5;3;102;276.831;0.0;0.0;0.0;276.831;276.831;0.0;15.0;4152.465
5;3;103;310.488;0.0;0.0;0.0;310.488;310.488;0.0;15.0;4657.32
5;3;104;332.712;0.0;0.0;0.0;332.712;332.712;0.0;15.0;4990.68
5;3;105;344.744;0.0;0.0;0.0;344.744;344.744;0.0;15.0;5171.160000000001
5;3;106;366.571;0.0;0.0;0.0;366.571;366.571;0.0;15.0;5498.5650000000005
5;3;107;360.607;0.0;0.0;0.0;360.607;360.607;0.0;15.0;5409.1050000000005
5;3;108;368.898;0.0;0.0;0.0;368.898;368.898;0.0;15.0;5533.47
5;3;109;352.749;0.0;0.0;0.0;352.749;352.749;0.0;15.0;5291.235000000001
5;3;110;355.519;0.0;0.0;0.0;355.519;355.519;0.0;15.0;5332.785
5;3;111;344.863;0.0;0.0;0.0;344.863;344.863;0.0;15.0;5172.945
5;3;112;377.233;0.0;0.0;0.0;377.233;377.233;0.0;15.0;5658.495
5;3;113;353.322;0.0;0.0;0.0;353.322;353.322;0.0;15.0;5299.83
5;3;114;362.76300000000003;0.0;0.0;0.0;362.763;362.763;0.0;15.0;5441.445
5;3;115;380.85400000000004;0.0;0.0;0.0;380.854;380.854;0.0;15.0;5712.8099999999995
5;3;116;361.464;0.0;0.0;0.0;361.464;361.464;0.0;15.0;5421.96
5;3;117;364.305;0.0;0.0;0.0;364.305;364.305;0.0;15.0;5464.575
5;3;118;346.51300000000003;0.0;0.0;0.0;346.513;346.513;0.0;15.0;5197.695
5;3;119;313.603;0.0;0.0;0.0;313.603;313.603;0.0;15.0;4704.045
5;3;120;257.599;0.0;0.0;0.0;257.599;257.599;0.0;15.0;3863.9849999999997
5;3;121;265.339;0.0;0.0;0.0;265.339;265.339;0.0;15.0;3980.085
5;3;122;268.29;0.0;0.0;0.0;268.29;268.29;0.0;15.0;4024.3500000000004
5;3;123;270.691;0.0;0.0;0.0;270.691;270.691;0.0;15.0;4060.365
5;3;124;275.58;0.0;0.0;0.0;275.58;275.58;0.0;15.0;4133.7
5;3;125;279.087;0.0;0.0;0.0;279.087;279.087;0.0;15.0;4186.305
5;3;126;284.421;0.0;0.0;0.0;284.421;284.421;0.0;15.0;4266.315
5;3;127;327.71500000000003;0.0;0.0;0.0;327.715;327.715;0.0;15.0;4915.724999999999
5;3;128;373.076;0.0;0.0;0.0;373.076;373.076;0.0;15.0;5596.14
5;3;129;343.007;0.0;0.0;0.0;343.007;343.007;0.0;15.0;5145.1050000000005
5;3;130;346.451;0.0;0.0;0.0;346.451;346.451;0.0;15.0;5196.765
5;3;131;340.81399999999996;0.0;0.0;0.0;340.814;340.814;0.0;15.0;5112.21
5;3;132;325.98199999999997;0.0;0.0;0.0;325.982;325.982;0.0;15.0;4889.7300000000005
5;3;133;325.687;0.0;0.0;0.0;325.687;325.687;0.0;15.0;4885.305
5;3;134;327.071;0.0;0.0;0.0;327.071;327.071;0.0;15.0;4906.0650000000005
5;3;135;339.769;0.0;0.0;0.0;339.769;339.769;0.0;15.0;5096.535
5;3;136;358.257;0.0;0.0;0.0;358.257;358.257;0.0;15.0;5373.8550000000005
5;3;137;357.374;0.0;0.0;0.0;357.374;357.374;0.0;15.0;5360.610000000001
5;3;138;366.669;0.0;0.0;0.0;366.669;366.669;0.0;15.0;5500.035
5;3;139;388.25800000000004;0.0;0.0;0.0;388.258;388.258;0.0;15.0;5823.87
5;3;140;375.622;0.0;0.0;0.0;375.622;375.622;0.0;15.0;5634.33
5;3;141;390.554;0.0;0.0;0.0;390.554;390.554;0.0;15.0;5858.3099999999995
5;3;142;367.186;0.0;0.0;0.0;367.186;367.186;0.0;15.0;5507.79
5;3;143;341.15999999999997;0.0;0.0;0.0;341.16;341.16;0.0;15.0;5117.400000000001
5;3;144;269.804;0.0;0.0;0.0;269.804;269.804;0.0;15.0;4047.0599999999995
5;3;145;281.771;0.0;0.0;0.0;281.771;281.771;0.0;15.0;4226.5650000000005
5;3;146;276.396;0.0;0.0;0.0;276.396;276.396;0.0;15.0;4145.9400000000005
5;3;147;284.543;0.0;0.0;0.0;284.543;284.543;0.0;15.0;4268.145
5;3;148;278.78999999999996;0.0;0.0;0.0;278.79;278.79;0.0;15.0;4181.85
5;3;149;282.21799999999996;0.0;0.0;0.0;282.218;282.218;0.0;15.0;4233.27
5;3;150;288.287;0.0;0.0;0.0;288.287;288.287;0.0;15.0;4324.304999999999
5;3;151;332.663;0.0;0.0;0.0;332.663;332.663;0.0;15.0;4989.945
5;3;152;356.239;0.0;0.0;0.0;356.239;356.239;0.0;15.0;5343.585
5;3;153;340.99699999999996;0.0;0.0;0.0;340.997;340.997;0.0;15.0;5114.955
5;3;154;305.863;0.0;0.0;0.0;305.863;305.863;0.0;15.0;4587.945
5;3;155;278.783;0.0;0.0;0.0;278.783;278.783;0.0;15.0;4181.745
5;3;156;291.331;0.0;0.0;0.0;291.331;291.331;0.0;15.0;4369.965
5;3;157;313.599;0.0;0.0;0.0;313.599;313.599;0.0;15.0;4703.985
5;3;158;240.82399999999998;0.0;0.0;0.0;240.824;240.824;0.0;15.0;3612.36
5;3;159;274.823;0.0;0.0;0.0;274.823;274.823;0.0;15.0;4122.344999999999
5;3;160;293.561;0.0;0.0;0.0;293.561;293.561;0.0;15.0;4403.415
5;3;161;305.473;0.0;0.0;0.0;305.473;305.473;0.0;15.0;4582.095
5;3;162;317.365;0.0;0.0;0.0;317.365;317.365;0.0;15.0;4760.475
5;3;163;317.924;0.0;0.0;0.0;317.924;317.924;0.0;15.0;4768.86
5;3;164;306.925;0.0;0.0;0.0;306.925;306.925;0.0;15.0;4603.875
5;3;165;331.815;0.0;0.0;0.0;331.815;331.815;0.0;15.0;4977.225
5;3;166;343.57;0.0;0.0;0.0;343.57;343.57;0.0;15.0;5153.55
5;3;167;306.072;0.0;0.0;0.0;306.072;306.072;0.0;15.0;4591.08
10;0;0;216.52800000000002;0.0;0.0;0.0;216.528;216.528;0.0;5.0;1082.6399999999999
10;0;1;259.569;0.0;0.0;0.0;259.569;259.569;0.0;5.0;1297.845
10;0;2;21.506;0.0;0.0;0.0;21.506;21.506;0.0;5.0;107.53
10;0;3;76.818;0.0;0.0;0.0;76.818;76.818;0.0;5.0;384.09
10;0;4;205.631;0.0;0.0;0.0;205.631;205.631;0.0;5.0;1028.155
10;0;5;209.156;0.0;0.0;0.0;209.156;209.156;0.0;5.0;1045.78
10;0;6;236.17700000000002;0.0;0.0;0.0;236.177;236.177;0.0;5.0;1180.885
10;0;7;268.856;0.0;0.0;0.0;268.856;268.856;0.0;5.0;1344.28
10;0;8;267.006;0.0;0.0;0.0;267.006;267.006;0.0;5.0;1335.0299999999997
10;0;9;227.969;0.0;0.0;0.0;227.969;227.969;0.0;5.0;1139.845
10;0;10;199.22899999999998;0.0;0.0;0.0;199.229;199.229;0.0;5.0;996.1450000000001
10;0;11;185.95;0.0;46.3969333;0.0;139.5530667;185.95;0.0;5.0;929.75
10;0;12;174.23899999999998;0.0;66.0313023;0.0;108.2076977;174.239;0.0;5.0;871.195
10;0;13;171.86200000000002;0.0;0.0;0.0;171.862;171.862;0.0;5.0;859.31
10;0;14;276.639;0.0;0.0;0.0;276.639;276.639;0.0;5.0;1383.1950000000002
10;0;15;177.525;0.0;0.0;0.0;177.525;177.525;0.0;5.0;887.625
10;0;16;291.21000000000004;0.0;0.0;0.0;291.21;291.21;0.0;5.0;1456.05
10;0;17;111.457;0.0;0.0;0.0;111.457;111.457;0.0;5.0;557.285
10;0;18;319.485;0.0;0.0;0.0;319.485;319.485;0.0;5.0;1597.4250000000002
10;0;19;143.254;0.0;0.0;0.0;143.254;143.254;0.0;5.0;716.27
10;0;20;350.10699999999997;0.0;0.0;0.0;350.107;350.107;0.0;5.0;1750.535
10;0;21;250.051;0.0;0.0;0.0;250.051;250.051;0.0;5.0;1250.2549999999999
10;0;22;221.553;0.0;0.0;0.0;221.553;221.553;0.0;5.0;1107.7649999999999
10;0;23;83.576;0.0;0.0;0.0;83.576;83.576;0.0;5.0;417.88
10;0;24;17.311;0.0;0.0;0.0;17.311;17.311;0.0;5.0;86.555
10;0;25;185.219;0.0;0.0;0.0;185.219;185.219;0.0;5.0;926.095
10;0;26;190.188;0.0;0.0;0.0;190.188;190.188;0.0;5.0;950.9399999999999
10;0;27;196.955;0.0;0.0;0.0;196.955;196.955;0.0;5.0;984.7750000000001
10;0;28;200.123;0.0;0.0;0.0;200.123;200.123;0.0;5.0;1000.615
10;0;29;266.173;0.0;0.0;0.0;266.173;266.173;0.0;5.0;1330.865
10;0;30;189.544;0.0;0.0;0.0;189.544;189.544;0.0;5.0;947.72
10;0;31;300.424;0.0;0.0;0.0;300.424;300.424;0.0;5.0;1502.12
10;0;32;301.389;0.0;0.0;0.0;301.389;301.389;0.0;5.0;1506.9450000000002
10;0;33;273.901;0.0;0.0;0.0;273.901;273.901;0.0;5.0;1369.505
10;0;34;261.456;0.0;0.0;0.0;261.456;261.456;0.0;5.0;1307.2800000000002
10;0;35;247.397;0.0;10.3872689;0.0;237.0097311;247.397;0.0;5.0;1236.985
10;0;36;305.862;0.0;0.0;0.0;305.862;305.862;0.0;5.0;1529.3100000000002
10;0;37;185.437;0.0;0.0;0.0;185.437;185.437;0.0;5.0;927.1850000000001
10;0;38;237.326;0.0;0.0;0.0;237.326;237.326;0.0;5.0;1186.6299999999999
10;0;39;234.683;0.0;0.0;0.0;234.683;234.683;0.0;5.0;1173.415
10;0;40;228.267;0.0;0.0;0.0;228.267;228.267;0.0;5.0;1141.335
10;0;41;246.164;0.0;0.0;0.0;246.164;246.164;0.0;5.0;1230.82
10;0;42;287.431;0.0;0.0;0.0;287.431;287.431;0.0;5.0;1437.155
10;0;43;285.813;0.0;0.0;0.0;285.813;285.813;0.0;5.0;1429.065
10;0;44;295.216;0.0;0.0;0.0;295.216;295.216;0.0;5.0;1476.08
10;0;45;285.557;0.0;0.0;0.0;285.557;285.557;0.0;5.0;1427.785
10;0;46;268.034;0.0;0.0;0.0;268.034;268.034;0.0;5.0;1340.17
10;0;47;228.448;0.0;0.0;0.0;228.448;228.448;0.0;5.0;1142.24
10;0;48;159.61700000000002;0.0;0.0;0.0;159.617;159.617;0.0;5.0;798.0849999999999
10;0;49;166.615;0.0;0.0;0.0;166.615;166.615;0.0;5.0;833.075
10;0;50;165.704;0.0;0.0;0.0;165.704;165.704;0.0;5.0;828.52
10;0;51;166.81;0.0;0.0;0.0;166.81;166.81;0.0;5.0;834.05
10;0;52;165.721;0.0;0.0;0.0;165.721;165.721;0.0;5.0;828.605
10;0;53;168.474;0.0;0.0;0.0;168.474;168.474;0.0;5.0;842.3699999999999
10;0;54;174.228;0.0;0.0;0.0;174.228;174.228;0.0;5.0;871.1400000000001
10;0;55;262.041;0.0;0.0;0.0;262.041;262.041;0.0;5.0;1310.205
10;0;56;286.743;0.0;0.0;0.0;286.743;286.743;0.0;5.0;1433.715
10;0;57;226.803;0.0;0.0;0.0;226.803;226.803;0.0;5.0;1134.0149999999999
10;0;58;215.832;0.0;0.0;0.0;215.832;215.832;0.0;5.0;1079.1599999999999
10;0;59;181.15200000000002;0.0;46.4477891;0.0;134.7042109;181.152;0.0;5.0;905.76
10;0;60;173.698;0.0;108.9098755;0.0;64.7881245;173.698;0.0;5.0;868.49
10;0;61;170.309;0.0;107.1315308;0.0;63.1774692;170.309;0.0;5.0;851.545
10;0;62;166.889;0.0;29.90219;0.0;136.98681;166.889;0.0;5.0;834.445
10;0;63;167.51600000000002;0.0;0.0;0.0;167.516;167.516;0.0;5.0;837.5799999999999
10;0;64;167.997;0.0;0.0;0.0;167.997;167.997;0.0;5.0;839.9850000000001
10;0;65;143.57999999999998;0.0;0.0;0.0;143.58;143.58;0.0;5.0;717.9000000000001
10;0;66;174.573;0.0;0.0;0.0;174.573;174.573;0.0;5.0;872.865
10;0;67;329.27;0.0;0.0;0.0;329.27;329.27;0.0;5.0;1646.35
10;0;68;139.158;0.0;0.0;0.0;139.158;139.158;0.0;5.0;695.79
10;0;69;126.043;0.0;0.0;0.0;126.043;126.043;0.0;5.0;630.215
10;0;70;204.082;0.0;0.0;0.0;204.082;204.082;0.0;5.0;1020.41
10;0;71;155.143;0.0;0.0;0.0;155.143;155.143;0.0;5.0;775.715
10;0;72;188.852;0.0;0.0;0.0;188.852;188.852;0.0;5.0;944.26
10;0;73;25.904;0.0;0.0;0.0;25.904;25.904;0.0;5.0;129.52
10;0;74;114.09;0.0;0.0;0.0;114.09;114.09;0.0;5.0;570.45
10;0;75;118.39200000000001;0.0;0.0;0.0;118.392;118.392;0.0;5.0;591.96
10;0;76;116.30199999999999;0.0;0.0;0.0;116.302;116.302;0.0;5.0;581.51
10;0;77;117.392;0.0;0.0;0.0;117.392;117.392;0.0;5.0;586.96
10;0;78;124.58;0.0;0.0;0.0;124.58;124.58;0.0;5.0;622.9
10;0;79;182.73899999999998;0.0;0.0;0.0;182.739;182.739;0.0;5.0;913.695
10;0;80;195.195;0.0;0.0;0.0;195.195;195.195;0.0;5.0;975.9749999999999
10;0;81;159.924;0.0;0.0;0.0;159.924;159.924;0.0;5.0;799.62
10;0;82;177.315;0.0;0.0;0.0;177.315;177.315;0.0;5.0;886.575
10;0;83;157.10500000000002;0.0;6.5291084;0.0;150.5758916;157.105;0.0;5.0;785.525
10;0;84;151.26999999999998;0.0;0.0;0.0;151.27;151.27;0.0;5.0;756.35
10;0;85;144.796;0.0;19.8839866;0.0;124.9120134;144.796;0.0;5.0;723.98
10;0;86;143.773;0.0;90.1664092;0.0;53.6065908;143.773;0.0;5.0;718.865
10;0;87;153.25799999999998;0.0;0.6128768;0.0;152.6451232;153.258;0.0;5.0;766.2900000000001
10;0;88;260.543;0.0;0.0;0.0;260.543;260.543;0.0;5.0;1302.7150000000001
10;0;89;289.629;0.0;0.0;0.0;289.629;289.629;0.0;5.0;1448.145
10;0;90;111.58;0.0;0.0;0.0;111.58;111.58;0.0;5.0;557.9
10;0;91;263.356;0.0;0.0;0.0;263.356;263.356;0.0;5.0;1316.78
10;0;92;100.345;0.0;0.0;0.0;100.345;100.345;0.0;5.0;501.725
10;0;93;339.276;0.0;0.0;0.0;339.276;339.276;0.0;5.0;1696.38
10;0;94;88.315;0.0;0.0;0.0;88.315;88.315;0.0;5.0;441.575
10;0;95;302.465;0.0;0.0;0.0;302.465;302.465;0.0;5.0;1512.3249999999998
10;0;96;180.89600000000002;0.0;0.0;0.0;180.896;180.896;0.0;5.0;904.4799999999999
10;0;97;199.33700000000002;0.0;0.0;0.0;199.337;199.337;0.0;5.0;996.685
10;0;98;200.84900000000002;0.0;0.0;0.0;200.849;200.849;0.0;5.0;1004.2449999999999
10;0;99;21.75;0.0;0.0;0.0;21.75;21.75;0.0;5.0;108.75
10;0;100;103.98899999999999;0.0;0.0;0.0;103.989;103.989;0.0;5.0;519.945
10;0;101;223.244;0.0;0.0;0.0;223.244;223.244;0.0;5.0;1116.22
10;0;102;256.18600000000004;0.0;0.0;0.0;256.186;256.186;0.0;5.0;1280.9299999999998
10;0;103;287.081;0.0;0.0;0.0;287.081;287.081;0.0;5.0;1435.4050000000002
10;0;104;262.966;0.0;0.0;0.0;262.966;262.966;0.0;5.0;1314.83
10;0;105;269.219;0.0;0.0;0.0;269.219;269.219;0.0;5.0;1346.095
10;0;106;270.521;0.0;0.0;0.0;270.521;270.521;0.0;5.0;1352.605
10;0;107;247.672;0.0;51.2472726;0.0;196.4247274;247.672;0.0;5.0;1238.36
10;0;108;256.774;0.0;0.0;0.0;256.774;256.774;0.0;5.0;1283.87
10;0;109;250.78699999999998;0.0;0.0;0.0;250.787;250.787;0.0;5.0;1253.935
10;0;110;222.135;0.0;0.0;0.0;222.135;222.135;0.0;5.0;1110.675
10;0;111;224.699;0.0;0.0;0.0;224.699;224.699;0.0;5.0;1123.4950000000001
10;0;112;212.95;0.0;0.0;0.0;212.95;212.95;0.0;5.0;1064.75
10;0;113;226.12900000000002;0.0;0.0;0.0;226.129;226.129;0.0;5.0;1130.645
10;0;114;282.52;0.0;0.0;0.0;282.52;282.52;0.0;5.0;1412.6
10;0;115;358.02099999999996;0.0;0.0;0.0;358.021;358.021;0.0;5.0;1790.105
10;0;116;337.87399999999997;0.0;0.0;0.0;337.874;337.874;0.0;5.0;1689.3700000000001
10;0;117;339.102;0.0;0.0;0.0;339.102;339.102;0.0;5.0;1695.5099999999998
10;0;118;252.26;0.0;0.0;0.0;252.26;252.26;0.0;5.0;1261.3
10;0;119;243.83300000000003;0.0;0.0;0.0;243.833;243.833;0.0;5.0;1219.165
10;0;120;17.164;0.0;0.0;0.0;17.164;17.164;0.0;5.0;85.82000000000001
10;0;121;101.296;0.0;0.0;0.0;101.296;101.296;0.0;5.0;506.48
10;0;122;221.004;0.0;0.0;0.0;221.004;221.004;0.0;5.0;1105.02
10;0;123;221.372;0.0;0.0;0.0;221.372;221.372;0.0;5.0;1106.8600000000001
10;0;124;219.851;0.0;0.0;0.0;219.851;219.851;0.0;5.0;1099.255
10;0;125;229.4;0.0;0.0;0.0;229.4;229.4;0.0;5.0;1147.0
10;0;126;261.742;0.0;0.0;0.0;261.742;261.742;0.0;5.0;1308.71
10;0;127;316.352;0.0;0.0;0.0;316.352;316.352;0.0;5.0;1581.7599999999998
10;0;128;311.77;0.0;0.0;0.0;311.77;311.77;0.0;5.0;1558.85
10;0;129;275.26;0.0;0.0;0.0;275.26;275.26;0.0;5.0;1376.3
10;0;130;275.01;0.0;0.0;0.0;275.01;275.01;0.0;5.0;1375.05
10;0;131;250.805;0.0;0.0;0.0;250.805;250.805;0.0;5.0;1254.025
10;0;132;243.187;0.0;0.0;0.0;243.187;243.187;0.0;5.0;1215.935
10;0;133;223.575;0.0;0.0;0.0;223.575;223.575;0.0;5.0;1117.875
10;0;134;293.59000000000003;0.0;0.0;0.0;293.59;293.59;0.0;5.0;1467.9499999999998
10;0;135;299.29200000000003;0.0;0.0;0.0;299.292;299.292;0.0;5.0;1496.4599999999998
10;0;136;322.558;0.0;0.0;0.0;322.558;322.558;0.0;5.0;1612.79
10;0;137;128.48;0.0;0.0;0.0;128.48;128.48;0.0;5.0;642.4
10;0;138;187.535;0.0;0.0;0.0;187.535;187.535;0.0;5.0;937.675
10;0;139;376.187;0.0;0.0;0.0;376.187;376.187;0.0;5.0;1880.935
10;0;140;352.933;0.0;0.0;0.0;352.933;352.933;0.0;5.0;1764.665
10;0;141;335.23;0.0;0.0;0.0;335.23;335.23;0.0;5.0;1676.15
10;0;142;359.782;0.0;0.0;0.0;359.782;359.782;0.0;5.0;1798.9099999999999
10;0;143;147.633;0.0;0.0;0.0;147.633;147.633;0.0;5.0;738.1650000000001
10;0;144;17.667;0.0;0.0;0.0;17.667;17.667;0.0;5.0;88.33500000000001
10;0;145;236.562;0.0;0.0;0.0;236.562;236.562;0.0;5.0;1182.81
10;0;146;234.298;0.0;0.0;0.0;234.298;234.298;0.0;5.0;1171.49
10;0;147;238.02900000000002;0.0;0.0;0.0;238.029;238.029;0.0;5.0;1190.145
10;0;148;244.838;0.0;0.0;0.0;244.838;244.838;0.0;5.0;1224.19
10;0;149;251.352;0.0;0.0;0.0;251.352;251.352;0.0;5.0;1256.76
10;0;150;282.458;0.0;0.0;0.0;282.458;282.458;0.0;5.0;1412.2900000000002
10;0;151;322.854;0.0;0.0;0.0;322.854;322.854;0.0;5.0;1614.27
10;0;152;318.48900000000003;0.0;0.0;0.0;318.489;318.489;0.0;5.0;1592.445
10;0;153;294.64300000000003;0.0;0.0;0.0;294.643;294.643;0.0;5.0;1473.215
10;0;154;286.657;0.0;38.4449905;0.0;248.2120095;286.657;0.0;5.0;1433.2849999999999
10;0;155;260.726;0.0;94.3873281;0.0;166.3386719;260.726;0.0;5.0;1303.63
10;0;156;268.475;0.0;60.6444902;0.0;207.8305098;268.475;0.0;5.0;1342.375
10;0;157;237.78699999999998;0.0;53.1891974;0.0;184.5978026;237.787;0.0;5.0;1188.935
10;0;158;227.80900000000003;0.0;69.042159;0.0;158.766841;227.809;0.0;5.0;1139.045
10;0;159;207.11599999999999;0.0;0.0;0.0;207.116;207.116;0.0;5.0;1035.5800000000002
10;0;160;313.212;0.0;0.0;0.0;313.212;313.212;0.0;5.0;1566.06
10;0;161;140.046;0.0;0.0;0.0;140.046;140.046;0.0;5.0;700.23
10;0;162;340.998;0.0;0.0;0.0;340.998;340.998;0.0;5.0;1704.99
10;0;163;348.512;0.0;0.0;0.0;348.512;348.512;0.0;5.0;1742.56
10;0;164;356.215;0.0;0.0;0.0;356.215;356.215;0.0;5.0;1781.0749999999998
10;0;165;189.85500000000002;0.0;0.0;0.0;189.855;189.855;0.0;5.0;949.275
10;0;166;348.996;0.0;0.0;0.0;348.996;348.996;0.0;5.0;1744.98
10;0;167;109.258;0.0;0.0;0.0;109.258;109.258;0.0;5.0;546.29
10;1;0;17.989;0.0;0.0;0.0;17.989;17.989;0.0;22.0;395.75800000000004
10;1;1;23.255;0.0;0.0;0.0;23.255;23.255;0.0;22.0;511.60999999999996
10;1;2;23.143;0.0;0.0;0.0;23.143;23.143;0.0;22.0;509.146
10;1;3;21.498;0.0;0.0;0.0;21.498;21.498;0.0;22.0;472.956
10;1;4;20.967;0.0;0.0;0.0;20.967;20.967;0.0;22.0;461.274
10;1;5;22.931;0.0;0.0;0.0;22.931;22.931;0.0;22.0;504.482
10;1;6;34.738;0.0;0.0;0.0;34.738;34.738;0.0;22.0;764.236
10;1;7;62.845;0.0;41.3600484;0.0;21.4849516;62.845;0.0;22.0;1382.59
10;1;8;77.501;0.0;77.501;0.0;0.0;77.501;0.0;22.0;1705.0220000000002
10;1;9;77.11;0.0;77.11;0.0;0.0;77.11;0.0;22.0;1696.42
10;1;10;81.076;0.0;81.076;0.0;0.0;81.076;0.0;22.0;1783.6719999999998
10;1;11;77.919;0.0;77.919;0.0;0.0;77.919;0.0;22.0;1714.2179999999998
10;1;12;74.173;0.0;74.173;0.0;0.0;74.173;0.0;22.0;1631.806
10;1;13;83.849;0.0;83.849;0.0;0.0;83.849;0.0;22.0;1844.678
10;1;14;73.651;0.0;73.651;0.0;0.0;73.651;0.0;22.0;1620.322
10;1;15;76.907;0.0;76.907;0.0;0.0;76.907;0.0;22.0;1691.954
10;1;16;140.14;0.0;140.14;0.0;0.0;140.14;0.0;22.0;3083.08
10;1;17;111.289;0.0;90.379233;0.0;20.909767;111.289;0.0;22.0;2448.358
10;1;18;107.061;0.0;15.3753899;0.0;91.6856101;107.061;0.0;22.0;2355.342
10;1;19;122.371;0.0;0.0;0.0;122.371;122.371;0.0;22.0;2692.162
10;1;20;124.403;0.0;0.0;0.0;124.403;124.403;0.0;22.0;2736.866
10;1;21;111.132;0.0;0.0;0.0;111.132;111.132;0.0;22.0;2444.904
10;1;22;104.452;0.0;0.0;0.0;104.452;104.452;0.0;22.0;2297.944
10;1;23;77.846;0.0;0.0;0.0;77.846;77.846;0.0;22.0;1712.612
10;1;24;17.355;0.0;0.0;0.0;17.355;17.355;0.0;22.0;381.81
10;1;25;26.723;0.0;0.0;0.0;26.723;26.723;0.0;22.0;587.906
10;1;26;23.085;0.0;0.0;0.0;23.085;23.085;0.0;22.0;507.87
10;1;27;23.11;0.0;0.0;0.0;23.11;23.11;0.0;22.0;508.41999999999996
10;1;28;24.173;0.0;0.0;0.0;24.173;24.173;0.0;22.0;531.8059999999999
10;1;29;25.641;0.0;0.0;0.0;25.641;25.641;0.0;22.0;564.102
10;1;30;28.276;0.0;0.0;0.0;28.276;28.276;0.0;22.0;622.072
10;1;31;66.847;0.0;32.5671703;0.0;34.2798297;66.847;0.0;22.0;1470.6339999999998
10;1;32;80.732;0.0;80.732;0.0;0.0;80.732;0.0;22.0;1776.104
10;1;33;79.071;0.0;79.071;0.0;0.0;79.071;0.0;22.0;1739.562
10;1;34;78.968;0.0;78.968;0.0;0.0;78.968;0.0;22.0;1737.296
10;1;35;82.111;0.0;82.111;0.0;0.0;82.111;0.0;22.0;1806.442
10;1;36;68.066;0.0;68.066;0.0;0.0;68.066;0.0;22.0;1497.452
10;1;37;74.90799999999999;0.0;74.908;0.0;0.0;74.908;0.0;22.0;1647.976
10;1;38;79.358;0.0;79.358;0.0;0.0;79.358;0.0;22.0;1745.8760000000002
10;1;39;170.657;0.0;170.657;0.0;0.0;170.657;0.0;22.0;3754.454
10;1;40;82.072;0.0;82.072;0.0;0.0;82.072;0.0;22.0;1805.584
10;1;41;88.162;0.0;88.1614877;0.0;0.0005123;88.162;0.0;22.0;1939.564
10;1;42;98.397;0.0;54.2455406;0.0;44.1514594;98.397;0.0;22.0;2164.734
10;1;43;122.484;0.0;0.0;0.0;122.484;122.484;0.0;22.0;2694.6479999999997
10;1;44;131.598;0.0;0.0;0.0;131.598;131.598;0.0;22.0;2895.1560000000004
10;1;45;118.838;0.0;0.0;0.0;118.838;118.838;0.0;22.0;2614.4359999999997
10;1;46;107.994;0.0;0.0;0.0;107.994;107.994;0.0;22.0;2375.868
10;1;47;70.285;0.0;0.0;0.0;70.285;70.285;0.0;22.0;1546.27
10;1;48;17.385;0.0;0.0;0.0;17.385;17.385;0.0;22.0;382.47
10;1;49;24.797;0.0;0.0;0.0;24.797;24.797;0.0;22.0;545.534
10;1;50;24.379;0.0;0.0;0.0;24.379;24.379;0.0;22.0;536.3380000000001
10;1;51;23.103;0.0;0.0;0.0;23.103;23.103;0.0;22.0;508.266
10;1;52;21.947;0.0;0.0;0.0;21.947;21.947;0.0;22.0;482.834
10;1;53;22.954;0.0;0.0;0.0;22.954;22.954;0.0;22.0;504.988
10;1;54;35.244;0.0;0.0;0.0;35.244;35.244;0.0;22.0;775.3679999999999
10;1;55;55.09;0.0;20.3691641;0.0;34.7208359;55.09;0.0;22.0;1211.98
10;1;56;75.434;0.0;75.434;0.0;0.0;75.434;0.0;22.0;1659.548
10;1;57;59.689;0.0;59.689;0.0;0.0;59.689;0.0;22.0;1313.158
10;1;58;89.57199999999999;0.0;89.572;0.0;0.0;89.572;0.0;22.0;1970.584
10;1;59;75.848;0.0;75.848;0.0;0.0;75.848;0.0;22.0;1668.656
10;1;60;74.862;0.0;74.862;0.0;0.0;74.862;0.0;22.0;1646.964
10;1;61;81.203;0.0;81.203;0.0;0.0;81.203;0.0;22.0;1786.4660000000001
10;1;62;77.405;0.0;77.405;0.0;0.0;77.405;0.0;22.0;1702.91
10;1;63;85.211;0.0;85.211;0.0;0.0;85.211;0.0;22.0;1874.642
10;1;64;163.34;0.0;163.34;0.0;0.0;163.34;0.0;22.0;3593.48
10;1;65;94.343;0.0;94.343;0.0;0.0;94.343;0.0;22.0;2075.5460000000003
10;1;66;105.985;0.0;26.428049;0.0;79.556951;105.985;0.0;22.0;2331.67
10;1;67;124.163;0.0;0.0;0.0;124.163;124.163;0.0;22.0;2731.586
10;1;68;131.535;0.0;0.0;0.0;131.535;131.535;0.0;22.0;2893.77
10;1;69;115.146;0.0;0.0;0.0;115.146;115.146;0.0;22.0;2533.212
10;1;70;119.896;0.0;0.0;0.0;119.896;119.896;0.0;22.0;2637.712
10;1;71;84.662;0.0;0.0;0.0;84.662;84.662;0.0;22.0;1862.564
10;1;72;17.365;0.0;0.0;0.0;17.365;17.365;0.0;22.0;382.03
10;1;73;24.07;0.0;0.0;0.0;24.07;24.07;0.0;22.0;529.54
10;1;74;22.578;0.0;0.0;0.0;22.578;22.578;0.0;22.0;496.716
10;1;75;22.352;0.0;0.0;0.0;22.352;22.352;0.0;22.0;491.744
10;1;76;24.16;0.0;0.0;0.0;24.16;24.16;0.0;22.0;531.52
10;1;77;23.863;0.0;0.0;0.0;23.863;23.863;0.0;22.0;524.986
10;1;78;24.583;0.0;0.0;0.0;24.583;24.583;0.0;22.0;540.826
10;1;79;42.237;0.0;35.3697588;0.0;6.8672412;42.237;0.0;22.0;929.214
10;1;80;43.922;0.0;43.922;0.0;0.0;43.922;0.0;22.0;966.2839999999999
10;1;81;67.869;0.0;67.869;0.0;0.0;67.869;0.0;22.0;1493.118
10;1;82;62.844;0.0;62.844;0.0;0.0;62.844;0.0;22.0;1382.568
10;1;83;67.97999999999999;0.0;67.98;0.0;0.0;67.98;0.0;22.0;1495.5600000000002
10;1;84;75.912;0.0;75.912;0.0;0.0;75.912;0.0;22.0;1670.064
10;1;85;83.99;0.0;83.99;0.0;0.0;83.99;0.0;22.0;1847.78
10;1;86;61.442;0.0;61.442;0.0;0.0;61.442;0.0;22.0;1351.724
10;1;87;158.385;0.0;158.385;0.0;0.0;158.385;0.0;22.0;3484.47
10;1;88;68.892;0.0;68.892;0.0;0.0;68.892;0.0;22.0;1515.6239999999998
10;1;89;93.093;0.0;84.0068969;0.0;9.0861031;93.093;0.0;22.0;2048.0460000000003
10;1;90;107.235;0.0;52.8293048;0.0;54.4056952;107.235;0.0;22.0;2359.17
10;1;91;93.46;0.0;0.0;0.0;93.46;93.46;0.0;22.0;2056.12
10;1;92;98.34;0.0;0.0;0.0;98.34;98.34;0.0;22.0;2163.48
10;1;93;103.639;0.0;0.0;0.0;103.639;103.639;0.0;22.0;2280.058
10;1;94;107.166;0.0;0.0;0.0;107.166;107.166;0.0;22.0;2357.652
10;1;95;69.617;0.0;0.0;0.0;69.617;69.617;0.0;22.0;1531.574
10;1;96;19.569;0.0;0.0;0.0;19.569;19.569;0.0;22.0;430.518
10;1;97;30.595;0.0;0.0;0.0;30.595;30.595;0.0;22.0;673.0899999999999
10;1;98;24.166;0.0;0.0;0.0;24.166;24.166;0.0;22.0;531.652
10;1;99;22.786;0.0;0.0;0.0;22.786;22.786;0.0;22.0;501.29200000000003
10;1;100;24.026;0.0;0.0;0.0;24.026;24.026;0.0;22.0;528.572
10;1;101;23.977;0.0;0.0;0.0;23.977;23.977;0.0;22.0;527.494
10;1;102;29.663;0.0;0.0;0.0;29.663;29.663;0.0;22.0;652.586
10;1;103;57.721;0.0;33.219448;0.0;24.501552;57.721;0.0;22.0;1269.8619999999999
10;1;104;64.737;0.0;64.737;0.0;0.0;64.737;0.0;22.0;1424.214
10;1;105;87.73299999999999;0.0;87.733;0.0;0.0;87.733;0.0;22.0;1930.1260000000002
10;1;106;89.58399999999999;0.0;89.584;0.0;0.0;89.584;0.0;22.0;1970.848
10;1;107;99.54700000000001;0.0;99.547;0.0;0.0;99.547;0.0;22.0;2190.034
10;1;108;93.32900000000001;0.0;93.329;0.0;0.0;93.329;0.0;22.0;2053.238
10;1;109;83.122;0.0;83.122;0.0;0.0;83.122;0.0;22.0;1828.684
10;1;110;89.67;0.0;89.67;0.0;0.0;89.67;0.0;22.0;1972.74
10;1;111;159.934;0.0;159.934;0.0;0.0;159.934;0.0;22.0;3518.548
10;1;112;102.489;0.0;102.489;0.0;0.0;102.489;0.0;22.0;2254.7580000000003
10;1;113;93.946;0.0;93.946;0.0;0.0;93.946;0.0;22.0;2066.812
10;1;114;100.858;0.0;42.2387751;0.0;58.6192249;100.858;0.0;22.0;2218.876
10;1;115;108.578;0.0;0.0;0.0;108.578;108.578;0.0;22.0;2388.716
10;1;116;116.126;0.0;0.0;0.0;116.126;116.126;0.0;22.0;2554.772
10;1;117;116.674;0.0;0.0;0.0;116.674;116.674;0.0;22.0;2566.828
10;1;118;105.6;0.0;0.0;0.0;105.6;105.6;0.0;22.0;2323.2
10;1;119;89.315;0.0;0.0;0.0;89.315;89.315;0.0;22.0;1964.9299999999998
10;1;120;17.254;0.0;0.0;0.0;17.254;17.254;0.0;22.0;379.588
10;1;121;25.948;0.0;0.0;0.0;25.948;25.948;0.0;22.0;570.856
10;1;122;21.824;0.0;0.0;0.0;21.824;21.824;0.0;22.0;480.12800000000004
10;1;123;24.068;0.0;0.0;0.0;24.068;24.068;0.0;22.0;529.496
10;1;124;21.652;0.0;0.0;0.0;21.652;21.652;0.0;22.0;476.34400000000005
10;1;125;22.917;0.0;0.0;0.0;22.917;22.917;0.0;22.0;504.17400000000004
10;1;126;33.774;0.0;0.0;0.0;33.774;33.774;0.0;22.0;743.028
10;1;127;83.067;0.0;10.5058925;0.0;72.5611075;83.067;0.0;22.0;1827.474
10;1;128;89.751;0.0;89.751;0.0;0.0;89.751;0.0;22.0;1974.5220000000002
10;1;129;82.644;0.0;82.644;0.0;0.0;82.644;0.0;22.0;1818.1680000000001
10;1;130;77.658;0.0;77.658;0.0;0.0;77.658;0.0;22.0;1708.476
10;1;131;74.278;0.0;74.278;0.0;0.0;74.278;0.0;22.0;1634.1160000000002
10;1;132;85.038;0.0;85.038;0.0;0.0;85.038;0.0;22.0;1870.836
10;1;133;74.767;0.0;74.767;0.0;0.0;74.767;0.0;22.0;1644.8739999999998
10;1;134;86.794;0.0;86.794;0.0;0.0;86.794;0.0;22.0;1909.4679999999998
10;1;135;83.065;0.0;83.065;0.0;0.0;83.065;0.0;22.0;1827.4299999999998
10;1;136;143.31900000000002;0.0;143.319;0.0;0.0;143.319;0.0;22.0;3153.0179999999996
10;1;137;111.356;0.0;111.356;0.0;0.0;111.356;0.0;22.0;2449.832
10;1;138;121.66;0.0;35.9974875;0.0;85.6625125;121.66;0.0;22.0;2676.52
10;1;139;132.421;0.0;0.0;0.0;132.421;132.421;0.0;22.0;2913.2619999999997
10;1;140;123.776;0.0;0.0;0.0;123.776;123.776;0.0;22.0;2723.072
10;1;141;100.279;0.0;0.0;0.0;100.279;100.279;0.0;22.0;2206.138
10;1;142;107.191;0.0;0.0;0.0;107.191;107.191;0.0;22.0;2358.202
10;1;143;84.711;0.0;0.0;0.0;84.711;84.711;0.0;22.0;1863.642
10;1;144;17.57;0.0;0.0;0.0;17.57;17.57;0.0;22.0;386.54
10;1;145;23.791;0.0;0.0;0.0;23.791;23.791;0.0;22.0;523.402
10;1;146;23.035;0.0;0.0;0.0;23.035;23.035;0.0;22.0;506.77
10;1;147;22.002;0.0;0.0;0.0;22.002;22.002;0.0;22.0;484.044
10;1;148;22.518;0.0;0.0;0.0;22.518;22.518;0.0;22.0;495.396
10;1;149;21.913;0.0;0.0;0.0;21.913;21.913;0.0;22.0;482.086
10;1;150;26.408;0.0;0.0;0.0;26.408;26.408;0.0;22.0;580.976
10;1;151;65.537;0.0;25.9069;0.0;39.6301;65.537;0.0;22.0;1441.814
10;1;152;79.595;0.0;79.595;0.0;0.0;79.595;0.0;22.0;1751.09
10;1;153;77.86;0.0;77.86;0.0;0.0;77.86;0.0;22.0;1712.92
10;1;154;89.202;0.0;89.202;0.0;0.0;89.202;0.0;22.0;1962.444
10;1;155;81.83699999999999;0.0;81.837;0.0;0.0;81.837;0.0;22.0;1800.414
10;1;156;86.524;0.0;86.524;0.0;0.0;86.524;0.0;22.0;1903.528
10;1;157;93.71;0.0;93.71;0.0;0.0;93.71;0.0;22.0;2061.62
10;1;158;83.71900000000001;0.0;83.719;0.0;0.0;83.719;0.0;22.0;1841.8179999999998
10;1;159;196.02;0.0;196.02;0.0;0.0;196.02;0.0;22.0;4312.4400000000005
10;1;160;82.159;0.0;82.159;0.0;0.0;82.159;0.0;22.0;1807.498
10;1;161;120.44;0.0;120.44;0.0;0.0;120.44;0.0;22.0;2649.68
10;1;162;106.886;0.0;33.3460521;0.0;73.5399479;106.886;0.0;22.0;2351.4919999999997
10;1;163;122.336;0.0;0.0;0.0;122.336;122.336;0.0;22.0;2691.392
10;1;164;124.667;0.0;0.0;0.0;124.667;124.667;0.0;22.0;2742.674
10;1;165;123.342;0.0;0.0;0.0;123.342;123.342;0.0;22.0;2713.524
10;1;166;120.635;0.0;0.0;0.0;120.635;120.635;0.0;22.0;2653.9700000000003
10;1;167;95.676;0.0;0.0;0.0;95.676;95.676;0.0;22.0;2104.872
10;2;0;16.569;0.0;0.0;0.0;16.569;16.569;0.0;10.0;165.69
10;2;1;24.058;0.0;0.0;0.0;24.058;24.058;0.0;10.0;240.57999999999998
10;2;2;214.528;0.0;0.0;0.0;214.528;214.528;0.0;10.0;2145.2799999999997
10;2;3;22.732;0.0;0.0;0.0;22.732;22.732;0.0;10.0;227.32
10;2;4;28.644000000000002;0.0;0.0;0.0;28.644;28.644;0.0;10.0;286.44
10;2;5;220.025;0.0;0.0;0.0;220.025;220.025;0.0;10.0;2200.25
10;2;6;24.451;0.0;0.0;0.0;24.451;24.451;0.0;10.0;244.51
10;2;7;80.799;0.0;0.0;0.0;80.799;80.799;0.0;10.0;807.99
10;2;8;106.538;0.0;0.0;0.0;106.538;106.538;0.0;10.0;1065.3799999999999
10;2;9;164.05;0.0;18.1461114;0.0;145.9038886;164.05;0.0;10.0;1640.5
10;2;10;152.69;0.0;152.69;0.0;0.0;152.69;0.0;10.0;1526.9
10;2;11;226.755;0.0;226.755;0.0;0.0;226.755;0.0;10.0;2267.55
10;2;12;264.736;0.0;264.736;0.0;0.0;264.736;0.0;10.0;2647.3599999999997
10;2;13;111.789;0.0;111.789;0.0;0.0;111.789;0.0;10.0;1117.89
10;2;14;107.674;0.0;107.674;0.0;0.0;107.674;0.0;10.0;1076.74
10;2;15;111.59299999999999;0.0;111.593;0.0;0.0;111.593;0.0;10.0;1115.93
10;2;16;115.556;0.0;49.8974263;0.0;65.6585737;115.556;0.0;10.0;1155.56
10;2;17;153.649;0.0;0.0;0.0;153.649;153.649;0.0;10.0;1536.49
10;2;18;117.045;0.0;0.0;0.0;117.045;117.045;0.0;10.0;1170.45
10;2;19;217.334;0.0;0.0;0.0;217.334;217.334;0.0;10.0;2173.34
10;2;20;194.126;0.0;0.0;0.0;194.126;194.126;0.0;10.0;1941.26
10;2;21;128.435;0.0;0.0;0.0;128.435;128.435;0.0;10.0;1284.35
10;2;22;242.895;0.0;0.0;0.0;242.895;242.895;0.0;10.0;2428.9500000000003
10;2;23;75.193;0.0;0.0;0.0;75.193;75.193;0.0;10.0;751.93
10;2;24;16.598;0.0;0.0;0.0;16.598;16.598;0.0;10.0;165.98
10;2;25;25.986;0.0;0.0;0.0;25.986;25.986;0.0;10.0;259.86
10;2;26;211.471;0.0;0.0;0.0;211.471;211.471;0.0;10.0;2114.71
10;2;27;22.308;0.0;0.0;0.0;22.308;22.308;0.0;10.0;223.07999999999998
10;2;28;242.035;0.0;0.0;0.0;242.035;242.035;0.0;10.0;2420.35
10;2;29;31.46;0.0;0.0;0.0;31.46;31.46;0.0;10.0;314.6
10;2;30;169.768;0.0;0.0;0.0;169.768;169.768;0.0;10.0;1697.68
10;2;31;229.466;0.0;0.0;0.0;229.466;229.466;0.0;10.0;2294.66
10;2;32;225.56099999999998;0.0;0.0;0.0;225.561;225.561;0.0;10.0;2255.61
10;2;33;208.388;0.0;39.7662913;0.0;168.6217087;208.388;0.0;10.0;2083.88
10;2;34;182.447;0.0;115.0336754;0.0;67.4133246;182.447;0.0;10.0;1824.47
10;2;35;228.8;0.0;228.8;0.0;0.0;228.8;0.0;10.0;2288.0
10;2;36;257.83;0.0;257.83;0.0;0.0;257.83;0.0;10.0;2578.2999999999997
10;2;37;121.463;0.0;121.463;0.0;0.0;121.463;0.0;10.0;1214.6299999999999
10;2;38;119.339;0.0;119.3382542;0.0;0.0007458;119.339;0.0;10.0;1193.3899999999999
10;2;39;62.677;0.0;62.677;0.0;0.0;62.677;0.0;10.0;626.77
10;2;40;192.88400000000001;0.0;0.0;0.0;192.884;192.884;0.0;10.0;1928.84
10;2;41;133.518;0.0;0.0;0.0;133.518;133.518;0.0;10.0;1335.18
10;2;42;163.137;0.0;0.0;0.0;163.137;163.137;0.0;10.0;1631.37
10;2;43;160.244;0.0;0.0;0.0;160.244;160.244;0.0;10.0;1602.44
10;2;44;171.776;0.0;0.0;0.0;171.776;171.776;0.0;10.0;1717.7600000000002
10;2;45;117.909;0.0;0.0;0.0;117.909;117.909;0.0;10.0;1179.0900000000001
10;2;46;101.152;0.0;0.0;0.0;101.152;101.152;0.0;10.0;1011.52
10;2;47;76.364;0.0;0.0;0.0;76.364;76.364;0.0;10.0;763.6400000000001
10;2;48;20.281;0.0;0.0;0.0;20.281;20.281;0.0;10.0;202.81
10;2;49;21.822;0.0;0.0;0.0;21.822;21.822;0.0;10.0;218.22
10;2;50;75.189;0.0;0.0;0.0;75.189;75.189;0.0;10.0;751.8899999999999
10;2;51;78.611;0.0;0.0;0.0;78.611;78.611;0.0;10.0;786.11
10;2;52;79.81099999999999;0.0;0.0;0.0;79.811;79.811;0.0;10.0;798.1100000000001
10;2;53;81.83;0.0;0.0;0.0;81.83;81.83;0.0;10.0;818.3
10;2;54;83.833;0.0;0.0;0.0;83.833;83.833;0.0;10.0;838.3299999999999
10;2;55;153.36599999999999;0.0;0.0;0.0;153.366;153.366;0.0;10.0;1533.66
10;2;56;173.47500000000002;0.0;0.0;0.0;173.475;173.475;0.0;10.0;1734.75
10;2;57;134.657;0.0;0.0;0.0;134.657;134.657;0.0;10.0;1346.5700000000002
10;2;58;117.18299999999999;0.0;44.405226;0.0;72.777774;117.183;0.0;10.0;1171.8300000000002
10;2;59;105.67699999999999;0.0;53.544806;0.0;52.132194;105.677;0.0;10.0;1056.77
10;2;60;165.649;0.0;165.649;0.0;0.0;165.649;0.0;10.0;1656.49
10;2;61;74.154;0.0;74.1534456;0.0;0.0005544;74.154;0.0;10.0;741.54
10;2;62;80.288;0.0;64.3356997;0.0;15.9523003;80.288;0.0;10.0;802.88
10;2;63;98.47399999999999;0.0;51.5178881;0.0;46.9561119;98.474;0.0;10.0;984.74
10;2;64;166.587;0.0;0.0;0.0;166.587;166.587;0.0;10.0;1665.87
10;2;65;288.51800000000003;0.0;0.0;0.0;288.518;288.518;0.0;10.0;2885.18
10;2;66;126.611;0.0;0.0;0.0;126.611;126.611;0.0;10.0;1266.1100000000001
10;2;67;125.841;0.0;0.0;0.0;125.841;125.841;0.0;10.0;1258.4099999999999
10;2;68;136.313;0.0;0.0;0.0;136.313;136.313;0.0;10.0;1363.1299999999999
10;2;69;111.207;0.0;0.0;0.0;111.207;111.207;0.0;10.0;1112.07
10;2;70;124.524;0.0;0.0;0.0;124.524;124.524;0.0;10.0;1245.24
10;2;71;67.876;0.0;0.0;0.0;67.876;67.876;0.0;10.0;678.76
10;2;72;18.428;0.0;0.0;0.0;18.428;18.428;0.0;10.0;184.28
10;2;73;40.43;0.0;0.0;0.0;40.43;40.43;0.0;10.0;404.3
10;2;74;63.878;0.0;0.0;0.0;63.878;63.878;0.0;10.0;638.78
10;2;75;71.579;0.0;0.0;0.0;71.579;71.579;0.0;10.0;715.79
10;2;76;69.69800000000001;0.0;0.0;0.0;69.698;69.698;0.0;10.0;696.9799999999999
10;2;77;74.644;0.0;0.0;0.0;74.644;74.644;0.0;10.0;746.44
10;2;78;77.987;0.0;0.0;0.0;77.987;77.987;0.0;10.0;779.8699999999999
10;2;79;121.957;0.0;0.0;0.0;121.957;121.957;0.0;10.0;1219.57
10;2;80;142.352;0.0;0.0;0.0;142.352;142.352;0.0;10.0;1423.52
10;2;81;138.111;0.0;0.0;0.0;138.111;138.111;0.0;10.0;1381.11
10;2;82;122.527;0.0;109.8750803;0.0;12.6519197;122.527;0.0;10.0;1225.27
10;2;83;133.946;0.0;133.9453345;0.0;0.0006655;133.946;0.0;10.0;1339.46
10;2;84;66.37;0.0;26.3164996;0.0;40.0535004;66.37;0.0;10.0;663.7
10;2;85;110.07600000000001;0.0;0.0006455;0.0;110.0753545;110.076;0.0;10.0;1100.76
10;2;86;236.534;0.0;15.0740266;0.0;221.4599734;236.534;0.0;10.0;2365.34
10;2;87;126.106;0.0;0.0;0.0;126.106;126.106;0.0;10.0;1261.06
10;2;88;85.542;0.0;0.0;0.0;85.542;85.542;0.0;10.0;855.4200000000001
10;2;89;103.161;0.0;0.0;0.0;103.161;103.161;0.0;10.0;1031.6100000000001
10;2;90;88.756;0.0;0.0;0.0;88.756;88.756;0.0;10.0;887.56
10;2;91;102.16;0.0;0.0;0.0;102.16;102.16;0.0;10.0;1021.5999999999999
10;2;92;314.96799999999996;0.0;0.0;0.0;314.968;314.968;0.0;10.0;3149.6800000000003
10;2;93;159.998;0.0;0.0;0.0;159.998;159.998;0.0;10.0;1599.98
10;2;94;105.049;0.0;0.0;0.0;105.049;105.049;0.0;10.0;1050.49
10;2;95;78.82300000000001;0.0;0.0;0.0;78.823;78.823;0.0;10.0;788.2299999999999
10;2;96;18.844;0.0;0.0;0.0;18.844;18.844;0.0;10.0;188.44
10;2;97;26.883;0.0;0.0;0.0;26.883;26.883;0.0;10.0;268.83
10;2;98;103.732;0.0;0.0;0.0;103.732;103.732;0.0;10.0;1037.32
10;2;99;226.164;0.0;0.0;0.0;226.164;226.164;0.0;10.0;2261.64
10;2;100;81.476;0.0;0.0;0.0;81.476;81.476;0.0;10.0;814.76
10;2;101;23.644;0.0;0.0;0.0;23.644;23.644;0.0;10.0;236.44
10;2;102;142.001;0.0;0.0;0.0;142.001;142.001;0.0;10.0;1420.01
10;2;103;177.743;0.0;0.0;0.0;177.743;177.743;0.0;10.0;1777.4299999999998
10;2;104;197.333;0.0;0.0;0.0;197.333;197.333;0.0;10.0;1973.33
10;2;105;187.921;0.0;0.0;0.0;187.921;187.921;0.0;10.0;1879.21
10;2;106;185.499;0.0;0.0;0.0;185.499;185.499;0.0;10.0;1854.99
10;2;107;161.426;0.0;0.0;0.0;161.426;161.426;0.0;10.0;1614.2599999999998
10;2;108;168.324;0.0;0.0;0.0;168.324;168.324;0.0;10.0;1683.2400000000002
10;2;109;235.141;0.0;0.0;0.0;235.141;235.141;0.0;10.0;2351.41
10;2;110;83.488;0.0;0.0;0.0;83.488;83.488;0.0;10.0;834.88
10;2;111;167.95;0.0;0.0;0.0;167.95;167.95;0.0;10.0;1679.5
10;2;112;167.68099999999998;0.0;0.0;0.0;167.681;167.681;0.0;10.0;1676.8100000000002
10;2;113;199.75400000000002;0.0;0.0;0.0;199.754;199.754;0.0;10.0;1997.54
10;2;114;205.97899999999998;0.0;0.0;0.0;205.979;205.979;0.0;10.0;2059.79
10;2;115;204.697;0.0;0.0;0.0;204.697;204.697;0.0;10.0;2046.97
10;2;116;188.911;0.0;0.0;0.0;188.911;188.911;0.0;10.0;1889.1100000000001
10;2;117;201.704;0.0;0.0;0.0;201.704;201.704;0.0;10.0;2017.04
10;2;118;172.637;0.0;0.0;0.0;172.637;172.637;0.0;10.0;1726.37
10;2;119;272.6;0.0;0.0;0.0;272.6;272.6;0.0;10.0;2726.0
10;2;120;20.172;0.0;0.0;0.0;20.172;20.172;0.0;10.0;201.72
10;2;121;177.609;0.0;0.0;0.0;177.609;177.609;0.0;10.0;1776.0900000000001
10;2;122;22.526;0.0;0.0;0.0;22.526;22.526;0.0;10.0;225.26
10;2;123;124.62299999999999;0.0;0.0;0.0;124.623;124.623;0.0;10.0;1246.23
10;2;124;125.455;0.0;0.0;0.0;125.455;125.455;0.0;10.0;1254.55
10;2;125;129.97;0.0;0.0;0.0;129.97;129.97;0.0;10.0;1299.7
10;2;126;162.851;0.0;0.0;0.0;162.851;162.851;0.0;10.0;1628.51
10;2;127;202.738;0.0;0.0;0.0;202.738;202.738;0.0;10.0;2027.38
10;2;128;208.695;0.0;0.0;0.0;208.695;208.695;0.0;10.0;2086.95
10;2;129;196.712;0.0;0.0;0.0;196.712;196.712;0.0;10.0;1967.12
10;2;130;173.231;0.0;0.0;0.0;173.231;173.231;0.0;10.0;1732.31
10;2;131;149.02100000000002;0.0;40.0761235;0.0;108.9448765;149.021;0.0;10.0;1490.2099999999998
10;2;132;156.191;0.0;138.7053775;0.0;17.4856225;156.191;0.0;10.0;1561.91
10;2;133;161.23000000000002;0.0;161.2293595;0.0;0.0006405;161.23;0.0;10.0;1612.3
10;2;134;261.543;0.0;113.0677361;0.0;148.4752639;261.543;0.0;10.0;2615.4300000000003
10;2;135;223.239;0.0;15.1333254;0.0;208.1056746;223.239;0.0;10.0;2232.39
10;2;136;90.737;0.0;6.7827283;0.0;83.9542717;90.737;0.0;10.0;907.3699999999999
10;2;137;104.427;0.0;0.0;0.0;104.427;104.427;0.0;10.0;1044.27
10;2;138;132.304;0.0;0.0;0.0;132.304;132.304;0.0;10.0;1323.04
10;2;139;325.34000000000003;0.0;0.0;0.0;325.34;325.34;0.0;10.0;3253.3999999999996
10;2;140;110.529;0.0;0.0;0.0;110.529;110.529;0.0;10.0;1105.29
10;2;141;103.225;0.0;0.0;0.0;103.225;103.225;0.0;10.0;1032.25
10;2;142;219.012;0.0;0.0;0.0;219.012;219.012;0.0;10.0;2190.12
10;2;143;72.931;0.0;0.0;0.0;72.931;72.931;0.0;10.0;729.31
10;2;144;108.584;0.0;0.0;0.0;108.584;108.584;0.0;10.0;1085.8400000000001
10;2;145;118.57499999999999;0.0;0.0;0.0;118.575;118.575;0.0;10.0;1185.75
10;2;146;116.731;0.0;0.0;0.0;116.731;116.731;0.0;10.0;1167.31
10;2;147;119.808;0.0;0.0;0.0;119.808;119.808;0.0;10.0;1198.0800000000002
10;2;148;122.462;0.0;0.0;0.0;122.462;122.462;0.0;10.0;1224.6200000000001
10;2;149;121.72699999999999;0.0;0.0;0.0;121.727;121.727;0.0;10.0;1217.27
10;2;150;150.96699999999998;0.0;0.0;0.0;150.967;150.967;0.0;10.0;1509.67
10;2;151;196.515;0.0;0.0;0.0;196.515;196.515;0.0;10.0;1965.1499999999999
10;2;152;198.927;0.0;0.0;0.0;198.927;198.927;0.0;10.0;1989.27
10;2;153;189.724;0.0;0.0;0.0;189.724;189.724;0.0;10.0;1897.2399999999998
10;2;154;173.87900000000002;0.0;14.0031997;0.0;159.8758003;173.879;0.0;10.0;1738.79
10;2;155;152.49099999999999;0.0;53.196359;0.0;99.294641;152.491;0.0;10.0;1524.91
10;2;156;161.642;0.0;63.2817459;0.0;98.3602541;161.642;0.0;10.0;1616.42
10;2;157;148.353;0.0;85.9672648;0.0;62.3857352;148.353;0.0;10.0;1483.5300000000002
10;2;158;144.591;0.0;80.7314758;0.0;63.8595242;144.591;0.0;10.0;1445.91
10;2;159;126.14500000000001;0.0;0.0;0.0;126.145;126.145;0.0;10.0;1261.45
10;2;160;132.387;0.0;0.0;0.0;132.387;132.387;0.0;10.0;1323.87
10;2;161;150.466;0.0;0.0;0.0;150.466;150.466;0.0;10.0;1504.66
10;2;162;186.74;0.0;0.0;0.0;186.74;186.74;0.0;10.0;1867.4
10;2;163;204.398;0.0;0.0;0.0;204.398;204.398;0.0;10.0;2043.98
10;2;164;194.392;0.0;0.0;0.0;194.392;194.392;0.0;10.0;1943.92
10;2;165;184.928;0.0;0.0;0.0;184.928;184.928;0.0;10.0;1849.28
10;2;166;156.191;0.0;0.0;0.0;156.191;156.191;0.0;10.0;1561.91
10;2;167;252.31;0.0;0.0;0.0;252.31;252.31;0.0;10.0;2523.1
10;3;0;53.626;0.0;0.0;0.0;53.626;53.626;0.0;15.0;804.39
10;3;1;247.281;0.0;0.0;0.0;247.281;247.281;0.0;15.0;3709.215
10;3;2;238.659;0.0;0.0;0.0;238.659;238.659;0.0;15.0;3579.8849999999998
10;3;3;242.72699999999998;0.0;0.0;0.0;242.727;242.727;0.0;15.0;3640.905
10;3;4;271.169;0.0;0.0;0.0;271.169;271.169;0.0;15.0;4067.535
10;3;5;237.72500000000002;0.0;0.0;0.0;237.725;237.725;0.0;15.0;3565.875
10;3;6;283.79200000000003;0.0;0.0;0.0;283.792;283.792;0.0;15.0;4256.879999999999
10;3;7;338.366;0.0;0.0;0.0;338.366;338.366;0.0;15.0;5075.49
10;3;8;344.212;0.0;0.0;0.0;344.212;344.212;0.0;15.0;5163.18
10;3;9;331.887;0.0;0.0;0.0;331.887;331.887;0.0;15.0;4978.305
10;3;10;296.46799999999996;0.0;0.0;0.0;296.468;296.468;0.0;15.0;4447.02
10;3;11;284.07800000000003;0.0;0.0;0.0;284.078;284.078;0.0;15.0;4261.17
10;3;12;273.68600000000004;0.0;126.4774825;0.0;147.2085175;273.686;0.0;15.0;4105.29
10;3;13;266.89300000000003;0.0;171.8575673;0.0;95.0354327;266.893;0.0;15.0;4003.3949999999995
10;3;14;308.108;0.0;157.0691382;0.0;151.0388618;308.108;0.0;15.0;4621.62
10;3;15;302.994;0.0;73.4057939;0.0;229.5882061;302.994;0.0;15.0;4544.910000000001
10;3;16;333.2;0.0;0.0;0.0;333.2;333.2;0.0;15.0;4998.0
10;3;17;283.562;0.0;0.0;0.0;283.562;283.562;0.0;15.0;4253.43
10;3;18;362.11899999999997;0.0;0.0;0.0;362.119;362.119;0.0;15.0;5431.785000000001
10;3;19;127.304;0.0;0.0;0.0;127.304;127.304;0.0;15.0;1909.56
10;3;20;193.054;0.0;0.0;0.0;193.054;193.054;0.0;15.0;2895.81
10;3;21;307.898;0.0;0.0;0.0;307.898;307.898;0.0;15.0;4618.47
10;3;22;360.556;0.0;0.0;0.0;360.556;360.556;0.0;15.0;5408.34
10;3;23;327.788;0.0;0.0;0.0;327.788;327.788;0.0;15.0;4916.82
10;3;24;268.622;0.0;0.0;0.0;268.622;268.622;0.0;15.0;4029.3300000000004
10;3;25;79.498;0.0;0.0;0.0;79.498;79.498;0.0;15.0;1192.47
10;3;26;242.985;0.0;0.0;0.0;242.985;242.985;0.0;15.0;3644.775
10;3;27;247.05100000000002;0.0;0.0;0.0;247.051;247.051;0.0;15.0;3705.765
10;3;28;252.127;0.0;0.0;0.0;252.127;252.127;0.0;15.0;3781.905
10;3;29;272.772;0.0;0.0;0.0;272.772;272.772;0.0;15.0;4091.58
10;3;30;286.613;0.0;0.0;0.0;286.613;286.613;0.0;15.0;4299.195
10;3;31;342.8;0.0;0.0;0.0;342.8;342.8;0.0;15.0;5142.0
10;3;32;338.427;0.0;0.0;0.0;338.427;338.427;0.0;15.0;5076.405000000001
10;3;33;321.225;0.0;0.0;0.0;321.225;321.225;0.0;15.0;4818.375
10;3;34;301.698;0.0;111.3443358;0.0;190.3536642;301.698;0.0;15.0;4525.469999999999
10;3;35;289.873;0.0;104.0959818;0.0;185.7770182;289.873;0.0;15.0;4348.095
10;3;36;285.552;0.0;54.8479111;0.0;230.7040889;285.552;0.0;15.0;4283.280000000001
10;3;37;291.959;0.0;15.5556565;0.0;276.4033435;291.959;0.0;15.0;4379.385
10;3;38;271.806;0.0;0.0;0.0;271.806;271.806;0.0;15.0;4077.0899999999997
10;3;39;287.503;0.0;0.0;0.0;287.503;287.503;0.0;15.0;4312.545
10;3;40;299.528;0.0;0.0;0.0;299.528;299.528;0.0;15.0;4492.92
10;3;41;323.146;0.0;0.0;0.0;323.146;323.146;0.0;15.0;4847.1900000000005
10;3;42;338.942;0.0;0.0;0.0;338.942;338.942;0.0;15.0;5084.13
10;3;43;354.802;0.0;0.0;0.0;354.802;354.802;0.0;15.0;5322.030000000001
10;3;44;350.214;0.0;0.0;0.0;350.214;350.214;0.0;15.0;5253.21
10;3;45;322.04999999999995;0.0;0.0;0.0;322.05;322.05;0.0;15.0;4830.75
10;3;46;298.913;0.0;0.0;0.0;298.913;298.913;0.0;15.0;4483.695
10;3;47;273.754;0.0;0.0;0.0;273.754;273.754;0.0;15.0;4106.31
10;3;48;181.75400000000002;0.0;0.0;0.0;181.754;181.754;0.0;15.0;2726.31
10;3;49;176.998;0.0;0.0;0.0;176.998;176.998;0.0;15.0;2654.97
10;3;50;173.349;0.0;0.0;0.0;173.349;173.349;0.0;15.0;2600.2349999999997
10;3;51;165.919;0.0;0.0;0.0;165.919;165.919;0.0;15.0;2488.7850000000003
10;3;52;166.067;0.0;0.0;0.0;166.067;166.067;0.0;15.0;2491.005
10;3;53;165.74099999999999;0.0;0.0;0.0;165.741;165.741;0.0;15.0;2486.1150000000002
10;3;54;166.352;0.0;0.0;0.0;166.352;166.352;0.0;15.0;2495.28
10;3;55;252.27700000000002;0.0;0.0;0.0;252.277;252.277;0.0;15.0;3784.1549999999997
10;3;56;288.99;0.0;0.0;0.0;288.99;288.99;0.0;15.0;4334.85
10;3;57;244.937;0.0;0.0;0.0;244.937;244.937;0.0;15.0;3674.0550000000003
10;3;58;254.24200000000002;0.0;0.0;0.0;254.242;254.242;0.0;15.0;3813.6299999999997
10;3;59;233.07500000000002;0.0;0.0;0.0;233.075;233.075;0.0;15.0;3496.125
10;3;60;223.192;0.0;58.8779421;0.0;164.3140579;223.192;0.0;15.0;3347.88
10;3;61;198.274;0.0;138.6649273;0.0;59.6090727;198.274;0.0;15.0;2974.11
10;3;62;193.788;0.0;0.0;0.0;193.788;193.788;0.0;15.0;2906.82
10;3;63;214.696;0.0;53.1188863;0.0;161.5771137;214.696;0.0;15.0;3220.44
10;3;64;234.535;0.0;0.0;0.0;234.535;234.535;0.0;15.0;3518.025
10;3;65;335.309;0.0;0.0;0.0;335.309;335.309;0.0;15.0;5029.635
10;3;66;343.694;0.0;0.0;0.0;343.694;343.694;0.0;15.0;5155.41
10;3;67;336.211;0.0;0.0;0.0;336.211;336.211;0.0;15.0;5043.165
10;3;68;252.882;0.0;0.0;0.0;252.882;252.882;0.0;15.0;3793.23
10;3;69;124.495;0.0;0.0;0.0;124.495;124.495;0.0;15.0;1867.4250000000002
10;3;70;116.905;0.0;0.0;0.0;116.905;116.905;0.0;15.0;1753.575
10;3;71;220.269;0.0;0.0;0.0;220.269;220.269;0.0;15.0;3304.035
10;3;72;159.16500000000002;0.0;0.0;0.0;159.165;159.165;0.0;15.0;2387.475
10;3;73;170.871;0.0;0.0;0.0;170.871;170.871;0.0;15.0;2563.065
10;3;74;168.025;0.0;0.0;0.0;168.025;168.025;0.0;15.0;2520.375
10;3;75;175.885;0.0;0.0;0.0;175.885;175.885;0.0;15.0;2638.2749999999996
10;3;76;173.41899999999998;0.0;0.0;0.0;173.419;173.419;0.0;15.0;2601.2850000000003
10;3;77;177.334;0.0;0.0;0.0;177.334;177.334;0.0;15.0;2660.01
10;3;78;256.89300000000003;0.0;0.0;0.0;256.893;256.893;0.0;15.0;3853.3949999999995
10;3;79;162.69400000000002;0.0;0.0;0.0;162.694;162.694;0.0;15.0;2440.41
10;3;80;273.512;0.0;0.0;0.0;273.512;273.512;0.0;15.0;4102.68
10;3;81;236.58;0.0;0.0;0.0;236.58;236.58;0.0;15.0;3548.7000000000003
10;3;82;254.435;0.0;0.0;0.0;254.435;254.435;0.0;15.0;3816.525
10;3;83;251.664;0.0;0.0;0.0;251.664;251.664;0.0;15.0;3774.96
10;3;84;244.11599999999999;0.0;0.0;0.0;244.116;244.116;0.0;15.0;3661.7400000000002
10;3;85;298.442;0.0;156.3457841;0.0;142.0962159;298.442;0.0;15.0;4476.63
10;3;86;136.499;0.0;136.499;0.0;0.0;136.499;0.0;15.0;2047.485
10;3;87;292.606;0.0;27.1071505;0.0;265.4988495;292.606;0.0;15.0;4389.09
10;3;88;303.469;0.0;0.0;0.0;303.469;303.469;0.0;15.0;4552.035
10;3;89;347.665;0.0;0.0;0.0;347.665;347.665;0.0;15.0;5214.975
10;3;90;334.23900000000003;0.0;0.0;0.0;334.239;334.239;0.0;15.0;5013.585
10;3;91;160.517;0.0;0.0;0.0;160.517;160.517;0.0;15.0;2407.755
10;3;92;108.156;0.0;0.0;0.0;108.156;108.156;0.0;15.0;1622.3400000000001
10;3;93;297.546;0.0;0.0;0.0;297.546;297.546;0.0;15.0;4463.19
10;3;94;302.975;0.0;0.0;0.0;302.975;302.975;0.0;15.0;4544.625
10;3;95;269.724;0.0;0.0;0.0;269.724;269.724;0.0;15.0;4045.8599999999997
10;3;96;251.376;0.0;0.0;0.0;251.376;251.376;0.0;15.0;3770.64
10;3;97;273.149;0.0;0.0;0.0;273.149;273.149;0.0;15.0;4097.235
10;3;98;275.92;0.0;0.0;0.0;275.92;275.92;0.0;15.0;4138.8
10;3;99;278.573;0.0;0.0;0.0;278.573;278.573;0.0;15.0;4178.594999999999
10;3;100;276.73;0.0;0.0;0.0;276.73;276.73;0.0;15.0;4150.950000000001
10;3;101;273.873;0.0;0.0;0.0;273.873;273.873;0.0;15.0;4108.095
10;3;102;276.831;0.0;0.0;0.0;276.831;276.831;0.0;15.0;4152.465
10;3;103;310.488;0.0;0.0;0.0;310.488;310.488;0.0;15.0;4657.32
10;3;104;320.223;0.0;0.0;0.0;320.223;320.223;0.0;15.0;4803.345
10;3;105;344.744;0.0;0.0;0.0;344.744;344.744;0.0;15.0;5171.160000000001
10;3;106;329.597;0.0;0.0;0.0;329.597;329.597;0.0;15.0;4943.955
10;3;107;341.59000000000003;0.0;0.0;0.0;341.59;341.59;0.0;15.0;5123.849999999999
10;3;108;359.654;0.0;0.0;0.0;359.654;359.654;0.0;15.0;5394.8099999999995
10;3;109;327.565;0.0;0.0;0.0;327.565;327.565;0.0;15.0;4913.475
10;3;110;325.932;0.0;0.0;0.0;325.932;325.932;0.0;15.0;4888.9800000000005
10;3;111;314.796;0.0;0.0;0.0;314.796;314.796;0.0;15.0;4721.94
10;3;112;340.06100000000004;0.0;0.0;0.0;340.061;340.061;0.0;15.0;5100.915
10;3;113;315.82;0.0;0.0;0.0;315.82;315.82;0.0;15.0;4737.3
10;3;114;341.621;0.0;0.0;0.0;341.621;341.621;0.0;15.0;5124.315
10;3;115;356.516;0.0;0.0;0.0;356.516;356.516;0.0;15.0;5347.740000000001
10;3;116;339.192;0.0;0.0;0.0;339.192;339.192;0.0;15.0;5087.88
10;3;117;338.111;0.0;0.0;0.0;338.111;338.111;0.0;15.0;5071.665
10;3;118;346.51300000000003;0.0;0.0;0.0;346.513;346.513;0.0;15.0;5197.695
10;3;119;313.603;0.0;0.0;0.0;313.603;313.603;0.0;15.0;4704.045
10;3;120;257.599;0.0;0.0;0.0;257.599;257.599;0.0;15.0;3863.9849999999997
10;3;121;265.339;0.0;0.0;0.0;265.339;265.339;0.0;15.0;3980.085
10;3;122;268.29;0.0;0.0;0.0;268.29;268.29;0.0;15.0;4024.3500000000004
10;3;123;270.691;0.0;0.0;0.0;270.691;270.691;0.0;15.0;4060.365
10;3;124;275.58;0.0;0.0;0.0;275.58;275.58;0.0;15.0;4133.7
10;3;125;63.040000000000006;0.0;0.0;0.0;63.04;63.04;0.0;15.0;945.6
10;3;126;284.421;0.0;0.0;0.0;284.421;284.421;0.0;15.0;4266.315
10;3;127;327.71500000000003;0.0;0.0;0.0;327.715;327.715;0.0;15.0;4915.724999999999
10;3;128;360.018;0.0;0.0;0.0;360.018;360.018;0.0;15.0;5400.2699999999995
10;3;129;330.9;0.0;0.0;0.0;330.9;330.9;0.0;15.0;4963.5
10;3;130;326.47;0.0;0.0;0.0;326.47;326.47;0.0;15.0;4897.05
10;3;131;317.453;0.0;0.0;0.0;317.453;317.453;0.0;15.0;4761.795
10;3;132;311.093;0.0;0.0;0.0;311.093;311.093;0.0;15.0;4666.395
10;3;133;288.578;0.0;45.1928216;0.0;243.3851784;288.578;0.0;15.0;4328.67
10;3;134;288.106;0.0;0.0;0.0;288.106;288.106;0.0;15.0;4321.59
10;3;135;299.27;0.0;0.0;0.0;299.27;299.27;0.0;15.0;4489.049999999999
10;3;136;358.257;0.0;0.0;0.0;358.257;358.257;0.0;15.0;5373.8550000000005
10;3;137;271.967;0.0;0.0;0.0;271.967;271.967;0.0;15.0;4079.5049999999997
10;3;138;345.257;0.0;0.0;0.0;345.257;345.257;0.0;15.0;5178.8550000000005
10;3;139;388.25800000000004;0.0;0.0;0.0;388.258;388.258;0.0;15.0;5823.87
10;3;140;336.279;0.0;0.0;0.0;336.279;336.279;0.0;15.0;5044.1849999999995
10;3;141;374.631;0.0;0.0;0.0;374.631;374.631;0.0;15.0;5619.464999999999
10;3;142;336.503;0.0;0.0;0.0;336.503;336.503;0.0;15.0;5047.545
10;3;143;315.757;0.0;0.0;0.0;315.757;315.757;0.0;15.0;4736.3550000000005
10;3;144;269.804;0.0;0.0;0.0;269.804;269.804;0.0;15.0;4047.0599999999995
10;3;145;248.11;0.0;0.0;0.0;248.11;248.11;0.0;15.0;3721.65
10;3;146;276.396;0.0;0.0;0.0;276.396;276.396;0.0;15.0;4145.9400000000005
10;3;147;279.574;0.0;0.0;0.0;279.574;279.574;0.0;15.0;4193.610000000001
10;3;148;278.78999999999996;0.0;0.0;0.0;278.79;278.79;0.0;15.0;4181.85
10;3;149;282.21799999999996;0.0;0.0;0.0;282.218;282.218;0.0;15.0;4233.27
10;3;150;288.287;0.0;0.0;0.0;288.287;288.287;0.0;15.0;4324.304999999999
10;3;151;332.663;0.0;0.0;0.0;332.663;332.663;0.0;15.0;4989.945
10;3;152;343.876;0.0;0.0;0.0;343.876;343.876;0.0;15.0;5158.139999999999
10;3;153;320.062;0.0;0.0;0.0;320.062;320.062;0.0;15.0;4800.93
10;3;154;286.161;0.0;0.0;0.0;286.161;286.161;0.0;15.0;4292.415
10;3;155;260.744;0.0;0.0;0.0;260.744;260.744;0.0;15.0;3911.1600000000003
10;3;156;273.30899999999997;0.0;0.0;0.0;273.309;273.309;0.0;15.0;4099.635
10;3;157;313.599;0.0;0.0;0.0;313.599;313.599;0.0;15.0;4703.985
10;3;158;207.957;0.0;0.0;0.0;207.957;207.957;0.0;15.0;3119.355
10;3;159;258.506;0.0;0.0;0.0;258.506;258.506;0.0;15.0;3877.5899999999997
10;3;160;277.986;0.0;0.0;0.0;277.986;277.986;0.0;15.0;4169.79
10;3;161;290.20500000000004;0.0;0.0;0.0;290.205;290.205;0.0;15.0;4353.075
10;3;162;300.383;0.0;0.0;0.0;300.383;300.383;0.0;15.0;4505.745
10;3;163;301.621;0.0;0.0;0.0;301.621;301.621;0.0;15.0;4524.315
10;3;164;290.548;0.0;0.0;0.0;290.548;290.548;0.0;15.0;4358.22
10;3;165;292.222;0.0;0.0;0.0;292.222;292.222;0.0;15.0;4383.33
10;3;166;343.57;0.0;0.0;0.0;343.57;343.57;0.0;15.0;5153.55
10;3;167;306.072;0.0;0.0;0.0;306.072;306.072;0.0;15.0;4591.08
15;0;0;181.404;0.0;0.0;0.0;181.404;181.404;0.0;5.0;907.02
15;0;1;259.569;0.0;0.0;0.0;259.569;259.569;0.0;5.0;1297.845
15;0;2;21.506;0.0;0.0;0.0;21.506;21.506;0.0;5.0;107.53
15;0;3;47.592;0.0;0.0;0.0;47.592;47.592;0.0;5.0;237.95999999999998
15;0;4;190.3;0.0;0.0;0.0;190.3;190.3;0.0;5.0;951.5
15;0;5;193.67499999999998;0.0;0.0;0.0;193.675;193.675;0.0;5.0;968.375
15;0;6;218.477;0.0;0.0;0.0;218.477;218.477;0.0;5.0;1092.385
15;0;7;252.08999999999997;0.0;0.0;0.0;252.09;252.09;0.0;5.0;1260.45
15;0;8;253.236;0.0;0.0;0.0;253.236;253.236;0.0;5.0;1266.1799999999998
15;0;9;215.981;0.0;0.0;0.0;215.981;215.981;0.0;5.0;1079.905
15;0;10;188.942;0.0;0.0;0.0;188.942;188.942;0.0;5.0;944.71
15;0;11;176.61599999999999;0.0;46.4690521;0.0;130.1469479;176.616;0.0;5.0;883.08
15;0;12;165.02499999999998;0.0;66.1078799;0.0;98.9171201;165.025;0.0;5.0;825.125
15;0;13;164.022;0.0;0.0;0.0;164.022;164.022;0.0;5.0;820.1099999999999
15;0;14;276.639;0.0;0.0;0.0;276.639;276.639;0.0;5.0;1383.1950000000002
15;0;15;155.81799999999998;0.0;0.0;0.0;155.818;155.818;0.0;5.0;779.09
15;0;16;291.21000000000004;0.0;0.0;0.0;291.21;291.21;0.0;5.0;1456.05
15;0;17;111.457;0.0;0.0;0.0;111.457;111.457;0.0;5.0;557.285
15;0;18;293.26599999999996;0.0;0.0;0.0;293.266;293.266;0.0;5.0;1466.3300000000002
15;0;19;135.76;0.0;0.0;0.0;135.76;135.76;0.0;5.0;678.8
15;0;20;350.10699999999997;0.0;0.0;0.0;350.107;350.107;0.0;5.0;1750.535
15;0;21;239.70999999999998;0.0;0.0;0.0;239.71;239.71;0.0;5.0;1198.55
15;0;22;187.026;0.0;0.0;0.0;187.026;187.026;0.0;5.0;935.1300000000001
15;0;23;83.576;0.0;0.0;0.0;83.576;83.576;0.0;5.0;417.88
15;0;24;17.311;0.0;0.0;0.0;17.311;17.311;0.0;5.0;86.555
15;0;25;171.93699999999998;0.0;0.0;0.0;171.937;171.937;0.0;5.0;859.6850000000001
15;0;26;176.183;0.0;0.0;0.0;176.183;176.183;0.0;5.0;880.915
15;0;27;182.382;0.0;0.0;0.0;182.382;182.382;0.0;5.0;911.9100000000001
15;0;28;185.062;0.0;0.0;0.0;185.062;185.062;0.0;5.0;925.3100000000001
15;0;29;266.173;0.0;0.0;0.0;266.173;266.173;0.0;5.0;1330.865
15;0;30;155.437;0.0;0.0;0.0;155.437;155.437;0.0;5.0;777.1850000000001
15;0;31;281.43600000000004;0.0;0.0;0.0;281.436;281.436;0.0;5.0;1407.1799999999998
15;0;32;284.87;0.0;0.0;0.0;284.87;284.87;0.0;5.0;1424.35
15;0;33;257.551;0.0;0.0;0.0;257.551;257.551;0.0;5.0;1287.7549999999999
15;0;34;246.089;0.0;0.0;0.0;246.089;246.089;0.0;5.0;1230.445
15;0;35;232.87599999999998;0.0;10.4073894;0.0;222.4686106;232.876;0.0;5.0;1164.38
15;0;36;305.862;0.0;0.0;0.0;305.862;305.862;0.0;5.0;1529.3100000000002
15;0;37;156.632;0.0;0.0;0.0;156.632;156.632;0.0;5.0;783.1600000000001
15;0;38;223.755;0.0;0.0;0.0;223.755;223.755;0.0;5.0;1118.775
15;0;39;221.49699999999999;0.0;0.0;0.0;221.497;221.497;0.0;5.0;1107.4850000000001
15;0;40;215.845;0.0;0.0;0.0;215.845;215.845;0.0;5.0;1079.225
15;0;41;234.21499999999997;0.0;0.0;0.0;234.215;234.215;0.0;5.0;1171.075
15;0;42;274.421;0.0;0.0;0.0;274.421;274.421;0.0;5.0;1372.105
15;0;43;272.352;0.0;0.0;0.0;272.352;272.352;0.0;5.0;1361.7599999999998
15;0;44;281.241;0.0;0.0;0.0;281.241;281.241;0.0;5.0;1406.205
15;0;45;271.288;0.0;0.0;0.0;271.288;271.288;0.0;5.0;1356.44
15;0;46;255.57899999999998;0.0;0.0;0.0;255.579;255.579;0.0;5.0;1277.895
15;0;47;215.394;0.0;0.0;0.0;215.394;215.394;0.0;5.0;1076.97
15;0;48;147.60500000000002;0.0;0.0;0.0;147.605;147.605;0.0;5.0;738.025
15;0;49;154.742;0.0;0.0;0.0;154.742;154.742;0.0;5.0;773.7099999999999
15;0;50;153.709;0.0;0.0;0.0;153.709;153.709;0.0;5.0;768.5450000000001
15;0;51;154.602;0.0;0.0;0.0;154.602;154.602;0.0;5.0;773.01
15;0;52;153.471;0.0;0.0;0.0;153.471;153.471;0.0;5.0;767.355
15;0;53;156.094;0.0;0.0;0.0;156.094;156.094;0.0;5.0;780.47
15;0;54;161.814;0.0;0.0;0.0;161.814;161.814;0.0;5.0;809.0699999999999
15;0;55;245.555;0.0;0.0;0.0;245.555;245.555;0.0;5.0;1227.775
15;0;56;270.4;0.0;0.0;0.0;270.4;270.4;0.0;5.0;1352.0
15;0;57;214.627;0.0;0.0;0.0;214.627;214.627;0.0;5.0;1073.135
15;0;58;204.211;0.0;0.0;0.0;204.211;204.211;0.0;5.0;1021.0550000000001
15;0;59;171.018;0.0;46.457332;0.0;124.560668;171.018;0.0;5.0;855.09
15;0;60;164.639;0.0;109.162955;0.0;55.476045;164.639;0.0;5.0;823.195
15;0;61;162.111;0.0;107.5080815;0.0;54.6029185;162.111;0.0;5.0;810.555
15;0;62;159.13400000000001;0.0;30.0296006;0.0;129.1043994;159.134;0.0;5.0;795.67
15;0;63;159.191;0.0;0.0;0.0;159.191;159.191;0.0;5.0;795.955
15;0;64;160.75900000000001;0.0;0.0;0.0;160.759;160.759;0.0;5.0;803.795
15;0;65;138.327;0.0;0.0;0.0;138.327;138.327;0.0;5.0;691.635
15;0;66;169.416;0.0;0.0;0.0;169.416;169.416;0.0;5.0;847.0799999999999
15;0;67;329.27;0.0;0.0;0.0;329.27;329.27;0.0;5.0;1646.35
15;0;68;124.094;0.0;0.0;0.0;124.094;124.094;0.0;5.0;620.47
15;0;69;126.043;0.0;0.0;0.0;126.043;126.043;0.0;5.0;630.215
15;0;70;194.03;0.0;0.0;0.0;194.03;194.03;0.0;5.0;970.15
15;0;71;148.779;0.0;0.0;0.0;148.779;148.779;0.0;5.0;743.895
15;0;72;174.44;0.0;0.0;0.0;174.44;174.44;0.0;5.0;872.2
15;0;73;25.904;0.0;0.0;0.0;25.904;25.904;0.0;5.0;129.52
15;0;74;106.25500000000001;0.0;0.0;0.0;106.255;106.255;0.0;5.0;531.275
15;0;75;110.357;0.0;0.0;0.0;110.357;110.357;0.0;5.0;551.785
15;0;76;108.28200000000001;0.0;0.0;0.0;108.282;108.282;0.0;5.0;541.41
15;0;77;109.254;0.0;0.0;0.0;109.254;109.254;0.0;5.0;546.27
15;0;78;116.395;0.0;0.0;0.0;116.395;116.395;0.0;5.0;581.975
15;0;79;170.89800000000002;0.0;0.0;0.0;170.898;170.898;0.0;5.0;854.49
15;0;80;183.342;0.0;0.0;0.0;183.342;183.342;0.0;5.0;916.71
15;0;81;151.877;0.0;0.0;0.0;151.877;151.877;0.0;5.0;759.385
15;0;82;169.59300000000002;0.0;0.0;0.0;169.593;169.593;0.0;5.0;847.9649999999999
15;0;83;150.074;0.0;6.5598376;0.0;143.5141624;150.074;0.0;5.0;750.3700000000001
15;0;84;144.531;0.0;0.0;0.0;144.531;144.531;0.0;5.0;722.655
15;0;85;138.635;0.0;19.9119993;0.0;118.7230007;138.635;0.0;5.0;693.175
15;0;86;137.75799999999998;0.0;90.3280385;0.0;47.4299615;137.758;0.0;5.0;688.7900000000001
15;0;87;146.06799999999998;0.0;0.6140322;0.0;145.4539678;146.068;0.0;5.0;730.34
15;0;88;260.543;0.0;0.0;0.0;260.543;260.543;0.0;5.0;1302.7150000000001
15;0;89;278.045;0.0;0.0;0.0;278.045;278.045;0.0;5.0;1390.2250000000001
15;0;90;111.58;0.0;0.0;0.0;111.58;111.58;0.0;5.0;557.9
15;0;91;232.926;0.0;0.0;0.0;232.926;232.926;0.0;5.0;1164.6299999999999
15;0;92;100.345;0.0;0.0;0.0;100.345;100.345;0.0;5.0;501.725
15;0;93;339.276;0.0;0.0;0.0;339.276;339.276;0.0;5.0;1696.38
15;0;94;88.315;0.0;0.0;0.0;88.315;88.315;0.0;5.0;441.575
15;0;95;289.38;0.0;0.0;0.0;289.38;289.38;0.0;5.0;1446.9
15;0;96;161.84699999999998;0.0;0.0;0.0;161.847;161.847;0.0;5.0;809.235
15;0;97;185.572;0.0;0.0;0.0;185.572;185.572;0.0;5.0;927.86
15;0;98;186.107;0.0;0.0;0.0;186.107;186.107;0.0;5.0;930.535
15;0;99;21.75;0.0;0.0;0.0;21.75;21.75;0.0;5.0;108.75
15;0;100;72.373;0.0;0.0;0.0;72.373;72.373;0.0;5.0;361.865
15;0;101;206.65300000000002;0.0;0.0;0.0;206.653;206.653;0.0;5.0;1033.2649999999999
15;0;102;237.036;0.0;0.0;0.0;237.036;237.036;0.0;5.0;1185.18
15;0;103;267.907;0.0;0.0;0.0;267.907;267.907;0.0;5.0;1339.5349999999999
15;0;104;245.93099999999998;0.0;0.0;0.0;245.931;245.931;0.0;5.0;1229.655
15;0;105;253.012;0.0;0.0;0.0;253.012;253.012;0.0;5.0;1265.06
15;0;106;255.673;0.0;0.0;0.0;255.673;255.673;0.0;5.0;1278.365
15;0;107;233.529;0.0;51.2743768;0.0;182.2546232;233.529;0.0;5.0;1167.645
15;0;108;242.293;0.0;0.0;0.0;242.293;242.293;0.0;5.0;1211.4650000000001
15;0;109;237.61;0.0;0.0;0.0;237.61;237.61;0.0;5.0;1188.0500000000002
15;0;110;209.508;0.0;0.0;0.0;209.508;209.508;0.0;5.0;1047.54
15;0;111;212.55700000000002;0.0;0.0;0.0;212.557;212.557;0.0;5.0;1062.7849999999999
15;0;112;201.363;0.0;0.0;0.0;201.363;201.363;0.0;5.0;1006.815
15;0;113;215.358;0.0;0.0;0.0;215.358;215.358;0.0;5.0;1076.79
15;0;114;233.111;0.0;0.0;0.0;233.111;233.111;0.0;5.0;1165.5549999999998
15;0;115;358.02099999999996;0.0;0.0;0.0;358.021;358.021;0.0;5.0;1790.105
15;0;116;337.87399999999997;0.0;0.0;0.0;337.874;337.874;0.0;5.0;1689.3700000000001
15;0;117;339.102;0.0;0.0;0.0;339.102;339.102;0.0;5.0;1695.5099999999998
15;0;118;239.836;0.0;0.0;0.0;239.836;239.836;0.0;5.0;1199.18
15;0;119;230.324;0.0;0.0;0.0;230.324;230.324;0.0;5.0;1151.6200000000001
15;0;120;17.164;0.0;0.0;0.0;17.164;17.164;0.0;5.0;85.82000000000001
15;0;121;70.242;0.0;0.0;0.0;70.242;70.242;0.0;5.0;351.21000000000004
15;0;122;204.451;0.0;0.0;0.0;204.451;204.451;0.0;5.0;1022.255
15;0;123;204.755;0.0;0.0;0.0;204.755;204.755;0.0;5.0;1023.775
15;0;124;203.184;0.0;0.0;0.0;203.184;203.184;0.0;5.0;1015.92
15;0;125;212.052;0.0;0.0;0.0;212.052;212.052;0.0;5.0;1060.26
15;0;126;242.21499999999997;0.0;0.0;0.0;242.215;242.215;0.0;5.0;1211.075
15;0;127;297.26;0.0;0.0;0.0;297.26;297.26;0.0;5.0;1486.3
15;0;128;294.3;0.0;0.0;0.0;294.3;294.3;0.0;5.0;1471.5
15;0;129;257.996;0.0;0.0;0.0;257.996;257.996;0.0;5.0;1289.98
15;0;130;258.978;0.0;0.0;0.0;258.978;258.978;0.0;5.0;1294.89
15;0;131;235.871;0.0;0.0;0.0;235.871;235.871;0.0;5.0;1179.355
15;0;132;228.55700000000002;0.0;0.0;0.0;228.557;228.557;0.0;5.0;1142.7849999999999
15;0;133;211.034;0.0;0.0;0.0;211.034;211.034;0.0;5.0;1055.17
15;0;134;293.59000000000003;0.0;0.0;0.0;293.59;293.59;0.0;5.0;1467.9499999999998
15;0;135;299.29200000000003;0.0;0.0;0.0;299.292;299.292;0.0;5.0;1496.4599999999998
15;0;136;311.853;0.0;0.0;0.0;311.853;311.853;0.0;5.0;1559.265
15;0;137;128.48;0.0;0.0;0.0;128.48;128.48;0.0;5.0;642.4
15;0;138;127.103;0.0;0.0;0.0;127.103;127.103;0.0;5.0;635.515
15;0;139;330.448;0.0;0.0;0.0;330.448;330.448;0.0;5.0;1652.2399999999998
15;0;140;352.933;0.0;0.0;0.0;352.933;352.933;0.0;5.0;1764.665
15;0;141;335.23;0.0;0.0;0.0;335.23;335.23;0.0;5.0;1676.15
15;0;142;359.782;0.0;0.0;0.0;359.782;359.782;0.0;5.0;1798.9099999999999
15;0;143;115.43200000000002;0.0;0.0;0.0;115.432;115.432;0.0;5.0;577.16
15;0;144;17.667;0.0;0.0;0.0;17.667;17.667;0.0;5.0;88.33500000000001
15;0;145;219.322;0.0;0.0;0.0;219.322;219.322;0.0;5.0;1096.6100000000001
15;0;146;216.468;0.0;0.0;0.0;216.468;216.468;0.0;5.0;1082.34
15;0;147;219.982;0.0;0.0;0.0;219.982;219.982;0.0;5.0;1099.91
15;0;148;226.295;0.0;0.0;0.0;226.295;226.295;0.0;5.0;1131.475
15;0;149;231.969;0.0;0.0;0.0;231.969;231.969;0.0;5.0;1159.845
15;0;150;261.86;0.0;0.0;0.0;261.86;261.86;0.0;5.0;1309.3000000000002
15;0;151;302.412;0.0;0.0;0.0;302.412;302.412;0.0;5.0;1512.06
15;0;152;300.326;0.0;0.0;0.0;300.326;300.326;0.0;5.0;1501.63
15;0;153;276.62;0.0;0.0;0.0;276.62;276.62;0.0;5.0;1383.1
15;0;154;269.29;0.0;44.5153956;0.0;224.7746044;269.29;0.0;5.0;1346.45
15;0;155;244.531;0.0;107.1241821;0.0;137.4068179;244.531;0.0;5.0;1222.655
15;0;156;252.939;0.0;73.9278876;0.0;179.0111124;252.939;0.0;5.0;1264.695
15;0;157;224.524;0.0;53.4171679;0.0;171.1068321;224.524;0.0;5.0;1122.62
15;0;158;215.57799999999997;0.0;69.3365892;0.0;146.2414108;215.578;0.0;5.0;1077.89
15;0;159;195.64;0.0;0.0;0.0;195.64;195.64;0.0;5.0;978.1999999999999
15;0;160;313.212;0.0;0.0;0.0;313.212;313.212;0.0;5.0;1566.06
15;0;161;99.85199999999999;0.0;0.0;0.0;99.852;99.852;0.0;5.0;499.26
15;0;162;340.998;0.0;0.0;0.0;340.998;340.998;0.0;5.0;1704.99
15;0;163;332.676;0.0;0.0;0.0;332.676;332.676;0.0;5.0;1663.3799999999999
15;0;164;356.215;0.0;0.0;0.0;356.215;356.215;0.0;5.0;1781.0749999999998
15;0;165;163.982;0.0;0.0;0.0;163.982;163.982;0.0;5.0;819.91
15;0;166;348.996;0.0;0.0;0.0;348.996;348.996;0.0;5.0;1744.98
15;0;167;105.47099999999999;0.0;0.0;0.0;105.471;105.471;0.0;5.0;527.355
15;1;0;17.989;0.0;0.0;0.0;17.989;17.989;0.0;22.0;395.75800000000004
15;1;1;23.255;0.0;0.0;0.0;23.255;23.255;0.0;22.0;511.60999999999996
15;1;2;23.143;0.0;0.0;0.0;23.143;23.143;0.0;22.0;509.146
15;1;3;21.498;0.0;0.0;0.0;21.498;21.498;0.0;22.0;472.956
15;1;4;20.967;0.0;0.0;0.0;20.967;20.967;0.0;22.0;461.274
15;1;5;22.931;0.0;0.0;0.0;22.931;22.931;0.0;22.0;504.482
15;1;6;34.738;0.0;0.0;0.0;34.738;34.738;0.0;22.0;764.236
15;1;7;62.845;0.0;41.3600484;0.0;21.4849516;62.845;0.0;22.0;1382.59
15;1;8;77.501;0.0;77.501;0.0;0.0;77.501;0.0;22.0;1705.0220000000002
15;1;9;77.11;0.0;77.11;0.0;0.0;77.11;0.0;22.0;1696.42
15;1;10;81.076;0.0;81.076;0.0;0.0;81.076;0.0;22.0;1783.6719999999998
15;1;11;77.919;0.0;77.919;0.0;0.0;77.919;0.0;22.0;1714.2179999999998
15;1;12;74.173;0.0;74.173;0.0;0.0;74.173;0.0;22.0;1631.806
15;1;13;83.849;0.0;83.849;0.0;0.0;83.849;0.0;22.0;1844.678
15;1;14;73.651;0.0;73.651;0.0;0.0;73.651;0.0;22.0;1620.322
15;1;15;76.907;0.0;76.907;0.0;0.0;76.907;0.0;22.0;1691.954
15;1;16;123.03999999999999;0.0;123.04;0.0;0.0;123.04;0.0;22.0;2706.88
15;1;17;111.289;0.0;90.379233;0.0;20.909767;111.289;0.0;22.0;2448.358
15;1;18;107.061;0.0;15.3753899;0.0;91.6856101;107.061;0.0;22.0;2355.342
15;1;19;122.371;0.0;0.0;0.0;122.371;122.371;0.0;22.0;2692.162
15;1;20;124.403;0.0;0.0;0.0;124.403;124.403;0.0;22.0;2736.866
15;1;21;111.132;0.0;0.0;0.0;111.132;111.132;0.0;22.0;2444.904
15;1;22;104.452;0.0;0.0;0.0;104.452;104.452;0.0;22.0;2297.944
15;1;23;77.846;0.0;0.0;0.0;77.846;77.846;0.0;22.0;1712.612
15;1;24;17.355;0.0;0.0;0.0;17.355;17.355;0.0;22.0;381.81
15;1;25;26.723;0.0;0.0;0.0;26.723;26.723;0.0;22.0;587.906
15;1;26;23.085;0.0;0.0;0.0;23.085;23.085;0.0;22.0;507.87
15;1;27;23.11;0.0;0.0;0.0;23.11;23.11;0.0;22.0;508.41999999999996
15;1;28;24.173;0.0;0.0;0.0;24.173;24.173;0.0;22.0;531.8059999999999
15;1;29;25.641;0.0;0.0;0.0;25.641;25.641;0.0;22.0;564.102
15;1;30;28.276;0.0;0.0;0.0;28.276;28.276;0.0;22.0;622.072
15;1;31;66.847;0.0;32.5671703;0.0;34.2798297;66.847;0.0;22.0;1470.6339999999998
15;1;32;80.41;0.0;80.41;0.0;0.0;80.41;0.0;22.0;1769.02
15;1;33;78.765;0.0;78.765;0.0;0.0;78.765;0.0;22.0;1732.83
15;1;34;78.682;0.0;78.682;0.0;0.0;78.682;0.0;22.0;1731.0040000000001
15;1;35;81.813;0.0;81.813;0.0;0.0;81.813;0.0;22.0;1799.886
15;1;36;67.464;0.0;67.464;0.0;0.0;67.464;0.0;22.0;1484.208
15;1;37;74.67999999999999;0.0;74.68;0.0;0.0;74.68;0.0;22.0;1642.96
15;1;38;79.078;0.0;79.078;0.0;0.0;79.078;0.0;22.0;1739.7160000000001
15;1;39;162.503;0.0;162.503;0.0;0.0;162.503;0.0;22.0;3575.066
15;1;40;82.072;0.0;82.072;0.0;0.0;82.072;0.0;22.0;1805.584
15;1;41;88.162;0.0;88.162;0.0;0.0;88.162;0.0;22.0;1939.564
15;1;42;98.397;0.0;54.2455406;0.0;44.1514594;98.397;0.0;22.0;2164.734
15;1;43;122.484;0.0;0.0;0.0;122.484;122.484;0.0;22.0;2694.6479999999997
15;1;44;131.598;0.0;0.0;0.0;131.598;131.598;0.0;22.0;2895.1560000000004
15;1;45;118.838;0.0;0.0;0.0;118.838;118.838;0.0;22.0;2614.4359999999997
15;1;46;107.994;0.0;0.0;0.0;107.994;107.994;0.0;22.0;2375.868
15;1;47;70.285;0.0;0.0;0.0;70.285;70.285;0.0;22.0;1546.27
15;1;48;17.385;0.0;0.0;0.0;17.385;17.385;0.0;22.0;382.47
15;1;49;24.797;0.0;0.0;0.0;24.797;24.797;0.0;22.0;545.534
15;1;50;24.379;0.0;0.0;0.0;24.379;24.379;0.0;22.0;536.3380000000001
15;1;51;23.103;0.0;0.0;0.0;23.103;23.103;0.0;22.0;508.266
15;1;52;21.947;0.0;0.0;0.0;21.947;21.947;0.0;22.0;482.834
15;1;53;22.954;0.0;0.0;0.0;22.954;22.954;0.0;22.0;504.988
15;1;54;35.244;0.0;0.0;0.0;35.244;35.244;0.0;22.0;775.3679999999999
15;1;55;55.09;0.0;20.3691641;0.0;34.7208359;55.09;0.0;22.0;1211.98
15;1;56;75.434;0.0;75.434;0.0;0.0;75.434;0.0;22.0;1659.548
15;1;57;59.689;0.0;59.689;0.0;0.0;59.689;0.0;22.0;1313.158
15;1;58;89.21799999999999;0.0;89.218;0.0;0.0;89.218;0.0;22.0;1962.796
15;1;59;75.548;0.0;75.548;0.0;0.0;75.548;0.0;22.0;1662.056
15;1;60;74.592;0.0;74.592;0.0;0.0;74.592;0.0;22.0;1641.024
15;1;61;80.96300000000001;0.0;80.963;0.0;0.0;80.963;0.0;22.0;1781.186
15;1;62;77.09;0.0;77.09;0.0;0.0;77.09;0.0;22.0;1695.98
15;1;63;84.416;0.0;84.416;0.0;0.0;84.416;0.0;22.0;1857.152
15;1;64;155.668;0.0;155.668;0.0;0.0;155.668;0.0;22.0;3424.696
15;1;65;94.343;0.0;94.343;0.0;0.0;94.343;0.0;22.0;2075.5460000000003
15;1;66;105.985;0.0;26.428049;0.0;79.556951;105.985;0.0;22.0;2331.67
15;1;67;124.163;0.0;0.0;0.0;124.163;124.163;0.0;22.0;2731.586
15;1;68;131.535;0.0;0.0;0.0;131.535;131.535;0.0;22.0;2893.77
15;1;69;115.146;0.0;0.0;0.0;115.146;115.146;0.0;22.0;2533.212
15;1;70;119.896;0.0;0.0;0.0;119.896;119.896;0.0;22.0;2637.712
15;1;71;84.662;0.0;0.0;0.0;84.662;84.662;0.0;22.0;1862.564
15;1;72;17.365;0.0;0.0;0.0;17.365;17.365;0.0;22.0;382.03
15;1;73;24.07;0.0;0.0;0.0;24.07;24.07;0.0;22.0;529.54
15;1;74;22.578;0.0;0.0;0.0;22.578;22.578;0.0;22.0;496.716
15;1;75;22.352;0.0;0.0;0.0;22.352;22.352;0.0;22.0;491.744
15;1;76;24.16;0.0;0.0;0.0;24.16;24.16;0.0;22.0;531.52
15;1;77;23.863;0.0;0.0;0.0;23.863;23.863;0.0;22.0;524.986
15;1;78;24.583;0.0;0.0;0.0;24.583;24.583;0.0;22.0;540.826
15;1;79;42.237;0.0;35.3697588;0.0;6.8672412;42.237;0.0;22.0;929.214
15;1;80;43.922;0.0;43.922;0.0;0.0;43.922;0.0;22.0;966.2839999999999
15;1;81;67.529;0.0;67.529;0.0;0.0;67.529;0.0;22.0;1485.638
15;1;82;62.505;0.0;62.505;0.0;0.0;62.505;0.0;22.0;1375.1100000000001
15;1;83;67.655;0.0;67.655;0.0;0.0;67.655;0.0;22.0;1488.41
15;1;84;75.652;0.0;75.652;0.0;0.0;75.652;0.0;22.0;1664.344
15;1;85;83.65899999999999;0.0;83.659;0.0;0.0;83.659;0.0;22.0;1840.498
15;1;86;61.186;0.0;61.186;0.0;0.0;61.186;0.0;22.0;1346.092
15;1;87;152.267;0.0;152.267;0.0;0.0;152.267;0.0;22.0;3349.874
15;1;88;68.892;0.0;68.892;0.0;0.0;68.892;0.0;22.0;1515.6239999999998
15;1;89;93.093;0.0;84.0068969;0.0;9.0861031;93.093;0.0;22.0;2048.0460000000003
15;1;90;107.235;0.0;52.8293048;0.0;54.4056952;107.235;0.0;22.0;2359.17
15;1;91;93.46;0.0;0.0;0.0;93.46;93.46;0.0;22.0;2056.12
15;1;92;98.34;0.0;0.0;0.0;98.34;98.34;0.0;22.0;2163.48
15;1;93;103.639;0.0;0.0;0.0;103.639;103.639;0.0;22.0;2280.058
15;1;94;107.166;0.0;0.0;0.0;107.166;107.166;0.0;22.0;2357.652
15;1;95;69.617;0.0;0.0;0.0;69.617;69.617;0.0;22.0;1531.574
15;1;96;19.569;0.0;0.0;0.0;19.569;19.569;0.0;22.0;430.518
15;1;97;30.595;0.0;0.0;0.0;30.595;30.595;0.0;22.0;673.0899999999999
15;1;98;24.166;0.0;0.0;0.0;24.166;24.166;0.0;22.0;531.652
15;1;99;22.786;0.0;0.0;0.0;22.786;22.786;0.0;22.0;501.29200000000003
15;1;100;24.026;0.0;0.0;0.0;24.026;24.026;0.0;22.0;528.572
15;1;101;23.977;0.0;0.0;0.0;23.977;23.977;0.0;22.0;527.494
15;1;102;29.663;0.0;0.0;0.0;29.663;29.663;0.0;22.0;652.586
15;1;103;57.721;0.0;33.219448;0.0;24.501552;57.721;0.0;22.0;1269.8619999999999
15;1;104;64.737;0.0;64.737;0.0;0.0;64.737;0.0;22.0;1424.214
15;1;105;86.497;0.0;86.497;0.0;0.0;86.497;0.0;22.0;1902.934
15;1;106;89.268;0.0;89.268;0.0;0.0;89.268;0.0;22.0;1963.896
15;1;107;99.19800000000001;0.0;99.198;0.0;0.0;99.198;0.0;22.0;2182.3559999999998
15;1;108;92.712;0.0;92.712;0.0;0.0;92.712;0.0;22.0;2039.664
15;1;109;82.865;0.0;82.865;0.0;0.0;82.865;0.0;22.0;1823.03
15;1;110;89.339;0.0;89.339;0.0;0.0;89.339;0.0;22.0;1965.458
15;1;111;148.123;0.0;148.123;0.0;0.0;148.123;0.0;22.0;3258.7059999999997
15;1;112;102.489;0.0;102.489;0.0;0.0;102.489;0.0;22.0;2254.7580000000003
15;1;113;98.89099999999999;0.0;98.891;0.0;0.0;98.891;0.0;22.0;2175.6020000000003
15;1;114;100.858;0.0;42.2387751;0.0;58.6192249;100.858;0.0;22.0;2218.876
15;1;115;108.578;0.0;0.0;0.0;108.578;108.578;0.0;22.0;2388.716
15;1;116;116.126;0.0;0.0;0.0;116.126;116.126;0.0;22.0;2554.772
15;1;117;116.674;0.0;0.0;0.0;116.674;116.674;0.0;22.0;2566.828
15;1;118;105.6;0.0;0.0;0.0;105.6;105.6;0.0;22.0;2323.2
15;1;119;89.315;0.0;0.0;0.0;89.315;89.315;0.0;22.0;1964.9299999999998
15;1;120;17.254;0.0;0.0;0.0;17.254;17.254;0.0;22.0;379.588
15;1;121;25.948;0.0;0.0;0.0;25.948;25.948;0.0;22.0;570.856
15;1;122;21.824;0.0;0.0;0.0;21.824;21.824;0.0;22.0;480.12800000000004
15;1;123;24.068;0.0;0.0;0.0;24.068;24.068;0.0;22.0;529.496
15;1;124;21.652;0.0;0.0;0.0;21.652;21.652;0.0;22.0;476.34400000000005
15;1;125;22.917;0.0;0.0;0.0;22.917;22.917;0.0;22.0;504.17400000000004
15;1;126;33.774;0.0;0.0;0.0;33.774;33.774;0.0;22.0;743.028
15;1;127;83.067;0.0;0.0;0.0;83.067;83.067;0.0;22.0;1827.474
15;1;128;89.751;0.0;89.751;0.0;0.0;89.751;0.0;22.0;1974.5220000000002
15;1;129;82.299;0.0;82.299;0.0;0.0;82.299;0.0;22.0;1810.5780000000002
15;1;130;77.261;0.0;77.261;0.0;0.0;77.261;0.0;22.0;1699.742
15;1;131;73.997;0.0;73.997;0.0;0.0;73.997;0.0;22.0;1627.934
15;1;132;84.489;0.0;84.489;0.0;0.0;84.489;0.0;22.0;1858.758
15;1;133;74.473;0.0;74.473;0.0;0.0;74.473;0.0;22.0;1638.406
15;1;134;86.532;0.0;86.532;0.0;0.0;86.532;0.0;22.0;1903.704
15;1;135;82.786;0.0;82.786;0.0;0.0;82.786;0.0;22.0;1821.292
15;1;136;156.12400000000002;0.0;156.124;0.0;0.0;156.124;0.0;22.0;3434.728
15;1;137;92.244;0.0;92.244;0.0;0.0;92.244;0.0;22.0;2029.368
15;1;138;121.66;0.0;35.9974875;0.0;85.6625125;121.66;0.0;22.0;2676.52
15;1;139;132.421;0.0;0.0;0.0;132.421;132.421;0.0;22.0;2913.2619999999997
15;1;140;123.776;0.0;0.0;0.0;123.776;123.776;0.0;22.0;2723.072
15;1;141;100.279;0.0;0.0;0.0;100.279;100.279;0.0;22.0;2206.138
15;1;142;107.191;0.0;0.0;0.0;107.191;107.191;0.0;22.0;2358.202
15;1;143;84.711;0.0;0.0;0.0;84.711;84.711;0.0;22.0;1863.642
15;1;144;17.57;0.0;0.0;0.0;17.57;17.57;0.0;22.0;386.54
15;1;145;23.791;0.0;0.0;0.0;23.791;23.791;0.0;22.0;523.402
15;1;146;23.035;0.0;0.0;0.0;23.035;23.035;0.0;22.0;506.77
15;1;147;22.002;0.0;0.0;0.0;22.002;22.002;0.0;22.0;484.044
15;1;148;22.518;0.0;0.0;0.0;22.518;22.518;0.0;22.0;495.396
15;1;149;21.913;0.0;0.0;0.0;21.913;21.913;0.0;22.0;482.086
15;1;150;26.408;0.0;0.0;0.0;26.408;26.408;0.0;22.0;580.976
15;1;151;65.537;0.0;25.9069;0.0;39.6301;65.537;0.0;22.0;1441.814
15;1;152;79.595;0.0;79.595;0.0;0.0;79.595;0.0;22.0;1751.09
15;1;153;77.53399999999999;0.0;77.534;0.0;0.0;77.534;0.0;22.0;1705.748
15;1;154;88.916;0.0;88.916;0.0;0.0;88.916;0.0;22.0;1956.152
15;1;155;81.56099999999999;0.0;81.561;0.0;0.0;81.561;0.0;22.0;1794.342
15;1;156;85.92;0.0;85.92;0.0;0.0;85.92;0.0;22.0;1890.24
15;1;157;93.463;0.0;93.463;0.0;0.0;93.463;0.0;22.0;2056.1859999999997
15;1;158;83.434;0.0;83.434;0.0;0.0;83.434;0.0;22.0;1835.548
15;1;159;196.02;0.0;196.02;0.0;0.0;196.02;0.0;22.0;4312.4400000000005
15;1;160;82.159;0.0;82.159;0.0;0.0;82.159;0.0;22.0;1807.498
15;1;161;122.131;0.0;122.131;0.0;0.0;122.131;0.0;22.0;2686.882
15;1;162;106.886;0.0;33.3460521;0.0;73.5399479;106.886;0.0;22.0;2351.4919999999997
15;1;163;122.336;0.0;0.0;0.0;122.336;122.336;0.0;22.0;2691.392
15;1;164;124.667;0.0;0.0;0.0;124.667;124.667;0.0;22.0;2742.674
15;1;165;123.342;0.0;0.0;0.0;123.342;123.342;0.0;22.0;2713.524
15;1;166;120.635;0.0;0.0;0.0;120.635;120.635;0.0;22.0;2653.9700000000003
15;1;167;95.676;0.0;0.0;0.0;95.676;95.676;0.0;22.0;2104.872
15;2;0;16.569;0.0;0.0;0.0;16.569;16.569;0.0;10.0;165.69
15;2;1;24.058;0.0;0.0;0.0;24.058;24.058;0.0;10.0;240.57999999999998
15;2;2;171.41;0.0;0.0;0.0;171.41;171.41;0.0;10.0;1714.1
15;2;3;22.732;0.0;0.0;0.0;22.732;22.732;0.0;10.0;227.32
15;2;4;21.26;0.0;0.0;0.0;21.26;21.26;0.0;10.0;212.60000000000002
15;2;5;220.025;0.0;0.0;0.0;220.025;220.025;0.0;10.0;2200.25
15;2;6;24.451;0.0;0.0;0.0;24.451;24.451;0.0;10.0;244.51
15;2;7;78.936;0.0;0.0;0.0;78.936;78.936;0.0;10.0;789.3600000000001
15;2;8;106.538;0.0;0.0;0.0;106.538;106.538;0.0;10.0;1065.3799999999999
15;2;9;157.50900000000001;0.0;21.4524122;0.0;136.0565878;157.509;0.0;10.0;1575.09
15;2;10;146.65699999999998;0.0;146.657;0.0;0.0;146.657;0.0;10.0;1466.5700000000002
15;2;11;216.965;0.0;216.965;0.0;0.0;216.965;0.0;10.0;2169.65
15;2;12;264.736;0.0;264.736;0.0;0.0;264.736;0.0;10.0;2647.3599999999997
15;2;13;108.987;0.0;108.9863717;0.0;0.0006283;108.987;0.0;10.0;1089.87
15;2;14;105.257;0.0;105.257;0.0;0.0;105.257;0.0;10.0;1052.5700000000002
15;2;15;109.573;0.0;109.573;0.0;0.0;109.573;0.0;10.0;1095.73
15;2;16;113.59899999999999;0.0;51.0520779;0.0;62.5469221;113.599;0.0;10.0;1135.99
15;2;17;151.724;0.0;0.0;0.0;151.724;151.724;0.0;10.0;1517.2399999999998
15;2;18;117.045;0.0;0.0;0.0;117.045;117.045;0.0;10.0;1170.45
15;2;19;209.169;0.0;0.0;0.0;209.169;209.169;0.0;10.0;2091.69
15;2;20;189.478;0.0;0.0;0.0;189.478;189.478;0.0;10.0;1894.7800000000002
15;2;21;128.435;0.0;0.0;0.0;128.435;128.435;0.0;10.0;1284.35
15;2;22;232.857;0.0;0.0;0.0;232.857;232.857;0.0;10.0;2328.57
15;2;23;75.193;0.0;0.0;0.0;75.193;75.193;0.0;10.0;751.93
15;2;24;16.598;0.0;0.0;0.0;16.598;16.598;0.0;10.0;165.98
15;2;25;25.986;0.0;0.0;0.0;25.986;25.986;0.0;10.0;259.86
15;2;26;173.773;0.0;0.0;0.0;173.773;173.773;0.0;10.0;1737.73
15;2;27;22.308;0.0;0.0;0.0;22.308;22.308;0.0;10.0;223.07999999999998
15;2;28;231.207;0.0;0.0;0.0;231.207;231.207;0.0;10.0;2312.0699999999997
15;2;29;22.928;0.0;0.0;0.0;22.928;22.928;0.0;10.0;229.28
15;2;30;157.645;0.0;0.0;0.0;157.645;157.645;0.0;10.0;1576.45
15;2;31;217.121;0.0;0.0;0.0;217.121;217.121;0.0;10.0;2171.21
15;2;32;214.375;0.0;0.0;0.0;214.375;214.375;0.0;10.0;2143.75
15;2;33;197.872;0.0;44.8569037;0.0;153.0150963;197.872;0.0;10.0;1978.7200000000003
15;2;34;173.35700000000003;0.0;119.646355;0.0;53.710645;173.357;0.0;10.0;1733.57
15;2;35;149.461;0.0;149.461;0.0;0.0;149.461;0.0;10.0;1494.6100000000001
15;2;36;257.83;0.0;257.83;0.0;0.0;257.83;0.0;10.0;2578.2999999999997
15;2;37;193.00900000000001;0.0;193.009;0.0;0.0;193.009;0.0;10.0;1930.09
15;2;38;119.339;0.0;119.3382542;0.0;0.0007458;119.339;0.0;10.0;1193.3899999999999
15;2;39;62.677;0.0;62.677;0.0;0.0;62.677;0.0;10.0;626.77
15;2;40;168.61;0.0;0.0;0.0;168.61;168.61;0.0;10.0;1686.1000000000001
15;2;41;131.82999999999998;0.0;0.0;0.0;131.83;131.83;0.0;10.0;1318.3000000000002
15;2;42;160.442;0.0;0.0;0.0;160.442;160.442;0.0;10.0;1604.42
15;2;43;156.839;0.0;0.0;0.0;156.839;156.839;0.0;10.0;1568.3899999999999
15;2;44;148.404;0.0;0.0;0.0;148.404;148.404;0.0;10.0;1484.04
15;2;45;117.909;0.0;0.0;0.0;117.909;117.909;0.0;10.0;1179.0900000000001
15;2;46;101.152;0.0;0.0;0.0;101.152;101.152;0.0;10.0;1011.52
15;2;47;76.364;0.0;0.0;0.0;76.364;76.364;0.0;10.0;763.6400000000001
15;2;48;20.281;0.0;0.0;0.0;20.281;20.281;0.0;10.0;202.81
15;2;49;21.822;0.0;0.0;0.0;21.822;21.822;0.0;10.0;218.22
15;2;50;70.68;0.0;0.0;0.0;70.68;70.68;0.0;10.0;706.8000000000001
15;2;51;73.867;0.0;0.0;0.0;73.867;73.867;0.0;10.0;738.6700000000001
15;2;52;74.967;0.0;0.0;0.0;74.967;74.967;0.0;10.0;749.67
15;2;53;76.81;0.0;0.0;0.0;76.81;76.81;0.0;10.0;768.1
15;2;54;79.224;0.0;0.0;0.0;79.224;79.224;0.0;10.0;792.24
15;2;55;146.497;0.0;0.0;0.0;146.497;146.497;0.0;10.0;1464.9700000000003
15;2;56;166.614;0.0;0.0;0.0;166.614;166.614;0.0;10.0;1666.14
15;2;57;130.251;0.0;0.0;0.0;130.251;130.251;0.0;10.0;1302.51
15;2;58;113.24600000000001;0.0;46.403011;0.0;66.842989;113.246;0.0;10.0;1132.46
15;2;59;102.15;0.0;55.3793079;0.0;46.7706921;102.15;0.0;10.0;1021.5
15;2;60;158.55200000000002;0.0;158.5513235;0.0;0.0006765;158.552;0.0;10.0;1585.52
15;2;61;74.154;0.0;74.1533773;0.0;0.0006227;74.154;0.0;10.0;741.54
15;2;62;80.288;0.0;77.6649211;0.0;2.6230789;80.288;0.0;10.0;802.88
15;2;63;96.04599999999999;0.0;51.6987854;0.0;44.3472146;96.046;0.0;10.0;960.46
15;2;64;158.07;0.0;0.0;0.0;158.07;158.07;0.0;10.0;1580.6999999999998
15;2;65;288.51800000000003;0.0;0.0;0.0;288.518;288.518;0.0;10.0;2885.18
15;2;66;126.611;0.0;0.0;0.0;126.611;126.611;0.0;10.0;1266.1100000000001
15;2;67;125.841;0.0;0.0;0.0;125.841;125.841;0.0;10.0;1258.4099999999999
15;2;68;136.313;0.0;0.0;0.0;136.313;136.313;0.0;10.0;1363.1299999999999
15;2;69;111.207;0.0;0.0;0.0;111.207;111.207;0.0;10.0;1112.07
15;2;70;124.524;0.0;0.0;0.0;124.524;124.524;0.0;10.0;1245.24
15;2;71;67.876;0.0;0.0;0.0;67.876;67.876;0.0;10.0;678.76
15;2;72;18.428;0.0;0.0;0.0;18.428;18.428;0.0;10.0;184.28
15;2;73;26.113;0.0;0.0;0.0;26.113;26.113;0.0;10.0;261.13
15;2;74;60.221000000000004;0.0;0.0;0.0;60.221;60.221;0.0;10.0;602.2099999999999
15;2;75;67.77;0.0;0.0;0.0;67.77;67.77;0.0;10.0;677.6999999999999
15;2;76;65.77;0.0;0.0;0.0;65.77;65.77;0.0;10.0;657.6999999999999
15;2;77;70.497;0.0;0.0;0.0;70.497;70.497;0.0;10.0;704.97
15;2;78;73.736;0.0;0.0;0.0;73.736;73.736;0.0;10.0;737.36
15;2;79;115.013;0.0;0.0;0.0;115.013;115.013;0.0;10.0;1150.13
15;2;80;135.076;0.0;0.0;0.0;135.076;135.076;0.0;10.0;1350.76
15;2;81;133.389;0.0;0.0;0.0;133.389;133.389;0.0;10.0;1333.89
15;2;82;118.142;0.0;112.6113435;0.0;5.5306565;118.142;0.0;10.0;1181.42
15;2;83;119.61500000000001;0.0;119.615;0.0;0.0;119.615;0.0;10.0;1196.1499999999999
15;2;84;74.44900000000001;0.0;34.5367464;0.0;39.9122536;74.449;0.0;10.0;744.49
15;2;85;108.177;0.0;3.214813;0.0;104.962187;108.177;0.0;10.0;1081.77
15;2;86;236.534;0.0;15.0740266;0.0;221.4599734;236.534;0.0;10.0;2365.34
15;2;87;109.914;0.0;0.0;0.0;109.914;109.914;0.0;10.0;1099.14
15;2;88;85.542;0.0;0.0;0.0;85.542;85.542;0.0;10.0;855.4200000000001
15;2;89;103.161;0.0;0.0;0.0;103.161;103.161;0.0;10.0;1031.6100000000001
15;2;90;88.756;0.0;0.0;0.0;88.756;88.756;0.0;10.0;887.56
15;2;91;102.16;0.0;0.0;0.0;102.16;102.16;0.0;10.0;1021.5999999999999
15;2;92;314.96799999999996;0.0;0.0;0.0;314.968;314.968;0.0;10.0;3149.6800000000003
15;2;93;137.012;0.0;0.0;0.0;137.012;137.012;0.0;10.0;1370.12
15;2;94;105.049;0.0;0.0;0.0;105.049;105.049;0.0;10.0;1050.49
15;2;95;78.293;0.0;0.0;0.0;78.293;78.293;0.0;10.0;782.9300000000001
15;2;96;18.844;0.0;0.0;0.0;18.844;18.844;0.0;10.0;188.44
15;2;97;26.883;0.0;0.0;0.0;26.883;26.883;0.0;10.0;268.83
15;2;98;96.99000000000001;0.0;0.0;0.0;96.99;96.99;0.0;10.0;969.9
15;2;99;226.164;0.0;0.0;0.0;226.164;226.164;0.0;10.0;2261.64
15;2;100;59.452999999999996;0.0;0.0;0.0;59.453;59.453;0.0;10.0;594.53
15;2;101;23.644;0.0;0.0;0.0;23.644;23.644;0.0;10.0;236.44
15;2;102;132.494;0.0;0.0;0.0;132.494;132.494;0.0;10.0;1324.94
15;2;103;168.27;0.0;0.0;0.0;168.27;168.27;0.0;10.0;1682.7
15;2;104;189.07;0.0;0.0;0.0;189.07;189.07;0.0;10.0;1890.6999999999998
15;2;105;180.061;0.0;0.0;0.0;180.061;180.061;0.0;10.0;1800.6100000000001
15;2;106;178.564;0.0;0.0;0.0;178.564;178.564;0.0;10.0;1785.6399999999999
15;2;107;154.993;0.0;0.0;0.0;154.993;154.993;0.0;10.0;1549.9299999999998
15;2;108;161.79;0.0;0.0;0.0;161.79;161.79;0.0;10.0;1617.8999999999999
15;2;109;224.67399999999998;0.0;0.0;0.0;224.674;224.674;0.0;10.0;2246.7400000000002
15;2;110;83.488;0.0;0.0;0.0;83.488;83.488;0.0;10.0;834.88
15;2;111;162.853;0.0;0.0;0.0;162.853;162.853;0.0;10.0;1628.5300000000002
15;2;112;162.33599999999998;0.0;0.0;0.0;162.336;162.336;0.0;10.0;1623.3600000000001
15;2;113;194.69;0.0;0.0;0.0;194.69;194.69;0.0;10.0;1946.9
15;2;114;199.71800000000002;0.0;0.0;0.0;199.718;199.718;0.0;10.0;1997.1799999999998
15;2;115;198.139;0.0;0.0;0.0;198.139;198.139;0.0;10.0;1981.39
15;2;116;181.876;0.0;0.0;0.0;181.876;181.876;0.0;10.0;1818.76
15;2;117;194.808;0.0;0.0;0.0;194.808;194.808;0.0;10.0;1948.08
15;2;118;166.511;0.0;0.0;0.0;166.511;166.511;0.0;10.0;1665.11
15;2;119;272.6;0.0;0.0;0.0;272.6;272.6;0.0;10.0;2726.0
15;2;120;20.172;0.0;0.0;0.0;20.172;20.172;0.0;10.0;201.72
15;2;121;147.61;0.0;0.0;0.0;147.61;147.61;0.0;10.0;1476.1000000000001
15;2;122;22.526;0.0;0.0;0.0;22.526;22.526;0.0;10.0;225.26
15;2;123;116.088;0.0;0.0;0.0;116.088;116.088;0.0;10.0;1160.8799999999999
15;2;124;116.71900000000001;0.0;0.0;0.0;116.719;116.719;0.0;10.0;1167.19
15;2;125;121.064;0.0;0.0;0.0;121.064;121.064;0.0;10.0;1210.6399999999999
15;2;126;152.31799999999998;0.0;0.0;0.0;152.318;152.318;0.0;10.0;1523.18
15;2;127;192.727;0.0;0.0;0.0;192.727;192.727;0.0;10.0;1927.27
15;2;128;200.063;0.0;0.0;0.0;200.063;200.063;0.0;10.0;2000.6299999999999
15;2;129;188.519;0.0;0.0;0.0;188.519;188.519;0.0;10.0;1885.19
15;2;130;165.423;0.0;0.0;0.0;165.423;165.423;0.0;10.0;1654.23
15;2;131;141.857;0.0;43.4785251;0.0;98.3784749;141.857;0.0;10.0;1418.57
15;2;132;149.601;0.0;142.3204279;0.0;7.2805721;149.601;0.0;10.0;1496.01
15;2;133;176.816;0.0;176.8153283;0.0;0.0006717;176.816;0.0;10.0;1768.16
15;2;134;261.543;0.0;113.0677361;0.0;148.4752639;261.543;0.0;10.0;2615.4300000000003
15;2;135;193.525;0.0;14.5505961;0.0;178.9744039;193.525;0.0;10.0;1935.25
15;2;136;90.737;0.0;9.0517458;0.0;81.6852542;90.737;0.0;10.0;907.3699999999999
15;2;137;104.427;0.0;0.0;0.0;104.427;104.427;0.0;10.0;1044.27
15;2;138;132.304;0.0;0.0;0.0;132.304;132.304;0.0;10.0;1323.04
15;2;139;325.34000000000003;0.0;0.0;0.0;325.34;325.34;0.0;10.0;3253.3999999999996
15;2;140;110.529;0.0;0.0;0.0;110.529;110.529;0.0;10.0;1105.29
15;2;141;103.225;0.0;0.0;0.0;103.225;103.225;0.0;10.0;1032.25
15;2;142;171.95100000000002;0.0;0.0;0.0;171.951;171.951;0.0;10.0;1719.51
15;2;143;72.931;0.0;0.0;0.0;72.931;72.931;0.0;10.0;729.31
15;2;144;101.129;0.0;0.0;0.0;101.129;101.129;0.0;10.0;1011.2900000000001
15;2;145;110.899;0.0;0.0;0.0;110.899;110.899;0.0;10.0;1108.99
15;2;146;108.69200000000001;0.0;0.0;0.0;108.692;108.692;0.0;10.0;1086.9199999999998
15;2;147;111.58;0.0;0.0;0.0;111.58;111.58;0.0;10.0;1115.8
15;2;148;113.974;0.0;0.0;0.0;113.974;113.974;0.0;10.0;1139.74
15;2;149;113.21;0.0;0.0;0.0;113.21;113.21;0.0;10.0;1132.1
15;2;150;140.731;0.0;0.0;0.0;140.731;140.731;0.0;10.0;1407.31
15;2;151;186.236;0.0;0.0;0.0;186.236;186.236;0.0;10.0;1862.36
15;2;152;190.404;0.0;0.0;0.0;190.404;190.404;0.0;10.0;1904.04
15;2;153;181.41199999999998;0.0;0.0;0.0;181.412;181.412;0.0;10.0;1814.1200000000001
15;2;154;165.906;0.0;17.5802115;0.0;148.3257885;165.906;0.0;10.0;1659.06
15;2;155;145.11;0.0;56.8285075;0.0;88.2814925;145.11;0.0;10.0;1451.1000000000001
15;2;156;154.364;0.0;66.8571628;0.0;87.5068372;154.364;0.0;10.0;1543.64
15;2;157;142.761;0.0;88.6008361;0.0;54.1601639;142.761;0.0;10.0;1427.61
15;2;158;139.777;0.0;83.4793477;0.0;56.2976523;139.777;0.0;10.0;1397.77
15;2;159;121.71700000000001;0.0;0.0;0.0;121.717;121.717;0.0;10.0;1217.17
15;2;160;128.288;0.0;0.0;0.0;128.288;128.288;0.0;10.0;1282.88
15;2;161;146.504;0.0;0.0;0.0;146.504;146.504;0.0;10.0;1465.04
15;2;162;181.796;0.0;0.0;0.0;181.796;181.796;0.0;10.0;1817.96
15;2;163;199.21699999999998;0.0;0.0;0.0;199.217;199.217;0.0;10.0;1992.17
15;2;164;189.282;0.0;0.0;0.0;189.282;189.282;0.0;10.0;1892.8200000000002
15;2;165;179.873;0.0;0.0;0.0;179.873;179.873;0.0;10.0;1798.73
15;2;166;154.95;0.0;0.0;0.0;154.95;154.95;0.0;10.0;1549.5
15;2;167;252.31;0.0;0.0;0.0;252.31;252.31;0.0;10.0;2523.1
15;3;0;25.875999999999998;0.0;0.0;0.0;25.876;25.876;0.0;15.0;388.14000000000004
15;3;1;229.091;0.0;0.0;0.0;229.091;229.091;0.0;15.0;3436.3650000000002
15;3;2;220.423;0.0;0.0;0.0;220.423;220.423;0.0;15.0;3306.3450000000003
15;3;3;224.22500000000002;0.0;0.0;0.0;224.225;224.225;0.0;15.0;3363.375
15;3;4;271.169;0.0;0.0;0.0;271.169;271.169;0.0;15.0;4067.535
15;3;5;192.346;0.0;0.0;0.0;192.346;192.346;0.0;15.0;2885.19
15;3;6;266.75;0.0;0.0;0.0;266.75;266.75;0.0;15.0;4001.25
15;3;7;318.877;0.0;0.0;0.0;318.877;318.877;0.0;15.0;4783.155
15;3;8;324.775;0.0;0.0;0.0;324.775;324.775;0.0;15.0;4871.625
15;3;9;312.995;0.0;0.0;0.0;312.995;312.995;0.0;15.0;4694.925
15;3;10;278.128;0.0;54.2094782;0.0;223.9185218;278.128;0.0;15.0;4171.92
15;3;11;266.398;0.0;0.0;0.0;266.398;266.398;0.0;15.0;3995.9700000000003
15;3;12;256.24800000000005;0.0;126.7188289;0.0;129.5291711;256.248;0.0;15.0;3843.72
15;3;13;251.444;0.0;179.562981;0.0;71.881019;251.444;0.0;15.0;3771.66
15;3;14;308.108;0.0;164.9386494;0.0;143.1693506;308.108;0.0;15.0;4621.62
15;3;15;302.994;0.0;78.9636663;0.0;224.0303337;302.994;0.0;15.0;4544.910000000001
15;3;16;333.2;0.0;0.0;0.0;333.2;333.2;0.0;15.0;4998.0
15;3;17;219.366;0.0;0.0;0.0;219.366;219.366;0.0;15.0;3290.4900000000002
15;3;18;362.11899999999997;0.0;0.0;0.0;362.119;362.119;0.0;15.0;5431.785000000001
15;3;19;127.304;0.0;0.0;0.0;127.304;127.304;0.0;15.0;1909.56
15;3;20;162.045;0.0;0.0;0.0;162.045;162.045;0.0;15.0;2430.6749999999997
15;3;21;291.302;0.0;0.0;0.0;291.302;291.302;0.0;15.0;4369.530000000001
15;3;22;346.507;0.0;0.0;0.0;346.507;346.507;0.0;15.0;5197.6050000000005
15;3;23;327.788;0.0;0.0;0.0;327.788;327.788;0.0;15.0;4916.82
15;3;24;268.622;0.0;0.0;0.0;268.622;268.622;0.0;15.0;4029.3300000000004
15;3;25;26.166;0.0;0.0;0.0;26.166;26.166;0.0;15.0;392.49
15;3;26;224.32799999999997;0.0;0.0;0.0;224.328;224.328;0.0;15.0;3364.92
15;3;27;228.073;0.0;0.0;0.0;228.073;228.073;0.0;15.0;3421.0950000000003
15;3;28;232.712;0.0;0.0;0.0;232.712;232.712;0.0;15.0;3490.68
15;3;29;237.739;0.0;0.0;0.0;237.739;237.739;0.0;15.0;3566.085
15;3;30;274.178;0.0;0.0;0.0;274.178;274.178;0.0;15.0;4112.67
15;3;31;325.82399999999996;0.0;0.0;0.0;325.824;325.824;0.0;15.0;4887.360000000001
15;3;32;318.461;0.0;0.0;0.0;318.461;318.461;0.0;15.0;4776.915
15;3;33;301.716;0.0;0.0;0.0;301.716;301.716;0.0;15.0;4525.74
15;3;34;283.224;0.0;111.6100166;0.0;171.6139834;283.224;0.0;15.0;4248.36
15;3;35;271.971;0.0;120.7837349;0.0;151.1872651;271.971;0.0;15.0;4079.565
15;3;36;267.623;0.0;62.6738487;0.0;204.9491513;267.623;0.0;15.0;4014.345
15;3;37;275.315;0.0;23.2116821;0.0;252.1033179;275.315;0.0;15.0;4129.725
15;3;38;255.32100000000003;0.0;0.0;0.0;255.321;255.321;0.0;15.0;3829.815
15;3;39;270.592;0.0;0.0;0.0;270.592;270.592;0.0;15.0;4058.8799999999997
15;3;40;283.029;0.0;0.0;0.0;283.029;283.029;0.0;15.0;4245.4349999999995
15;3;41;306.231;0.0;0.0;0.0;306.231;306.231;0.0;15.0;4593.465
15;3;42;320.895;0.0;0.0;0.0;320.895;320.895;0.0;15.0;4813.424999999999
15;3;43;336.448;0.0;0.0;0.0;336.448;336.448;0.0;15.0;5046.719999999999
15;3;44;331.827;0.0;0.0;0.0;331.827;331.827;0.0;15.0;4977.405
15;3;45;304.03999999999996;0.0;0.0;0.0;304.04;304.04;0.0;15.0;4560.6
15;3;46;282.729;0.0;0.0;0.0;282.729;282.729;0.0;15.0;4240.9349999999995
15;3;47;257.89300000000003;0.0;0.0;0.0;257.893;257.893;0.0;15.0;3868.3949999999995
15;3;48;167.959;0.0;0.0;0.0;167.959;167.959;0.0;15.0;2519.385
15;3;49;163.938;0.0;0.0;0.0;163.938;163.938;0.0;15.0;2459.0699999999997
15;3;50;160.793;0.0;0.0;0.0;160.793;160.793;0.0;15.0;2411.895
15;3;51;153.856;0.0;0.0;0.0;153.856;153.856;0.0;15.0;2307.84
15;3;52;153.982;0.0;0.0;0.0;153.982;153.982;0.0;15.0;2309.73
15;3;53;153.691;0.0;0.0;0.0;153.691;153.691;0.0;15.0;2305.3650000000002
15;3;54;154.469;0.0;0.0;0.0;154.469;154.469;0.0;15.0;2317.035
15;3;55;237.162;0.0;0.0;0.0;237.162;237.162;0.0;15.0;3557.4300000000003
15;3;56;273.104;0.0;0.0;0.0;273.104;273.104;0.0;15.0;4096.5599999999995
15;3;57;232.313;0.0;0.0;0.0;232.313;232.313;0.0;15.0;3484.6949999999997
15;3;58;241.598;0.0;0.0;0.0;241.598;241.598;0.0;15.0;3623.9700000000003
15;3;59;220.674;0.0;0.0;0.0;220.674;220.674;0.0;15.0;3310.11
15;3;60;211.318;0.0;59.1195089;0.0;152.1984911;211.318;0.0;15.0;3169.77
15;3;61;187.119;0.0;138.7289881;0.0;48.3900119;187.119;0.0;15.0;2806.785
15;3;62;183.349;0.0;59.7275977;0.0;123.6214023;183.349;0.0;15.0;2750.2349999999997
15;3;63;203.461;0.0;0.0;0.0;203.461;203.461;0.0;15.0;3051.915
15;3;64;223.53699999999998;0.0;0.0;0.0;223.537;223.537;0.0;15.0;3353.0550000000003
15;3;65;335.309;0.0;0.0;0.0;335.309;335.309;0.0;15.0;5029.635
15;3;66;343.694;0.0;0.0;0.0;343.694;343.694;0.0;15.0;5155.41
15;3;67;306.554;0.0;0.0;0.0;306.554;306.554;0.0;15.0;4598.3099999999995
15;3;68;223.35899999999998;0.0;0.0;0.0;223.359;223.359;0.0;15.0;3350.385
15;3;69;124.495;0.0;0.0;0.0;124.495;124.495;0.0;15.0;1867.4250000000002
15;3;70;111.03;0.0;0.0;0.0;111.03;111.03;0.0;15.0;1665.45
15;3;71;208.81900000000002;0.0;0.0;0.0;208.819;208.819;0.0;15.0;3132.285
15;3;72;147.204;0.0;0.0;0.0;147.204;147.204;0.0;15.0;2208.06
15;3;73;158.91400000000002;0.0;0.0;0.0;158.914;158.914;0.0;15.0;2383.71
15;3;74;155.708;0.0;0.0;0.0;155.708;155.708;0.0;15.0;2335.62
15;3;75;163.084;0.0;0.0;0.0;163.084;163.084;0.0;15.0;2446.26
15;3;76;160.73899999999998;0.0;0.0;0.0;160.739;160.739;0.0;15.0;2411.085
15;3;77;164.55100000000002;0.0;0.0;0.0;164.551;164.551;0.0;15.0;2468.265
15;3;78;256.89300000000003;0.0;0.0;0.0;256.893;256.893;0.0;15.0;3853.3949999999995
15;3;79;132.623;0.0;0.0;0.0;132.623;132.623;0.0;15.0;1989.3449999999998
15;3;80;256.294;0.0;0.0;0.0;256.294;256.294;0.0;15.0;3844.41
15;3;81;222.804;0.0;0.0;0.0;222.804;222.804;0.0;15.0;3342.06
15;3;82;240.664;0.0;0.0;0.0;240.664;240.664;0.0;15.0;3609.96
15;3;83;238.05;0.0;0.0;0.0;238.05;238.05;0.0;15.0;3570.75
15;3;84;230.966;0.0;13.7400726;0.0;217.2259274;230.966;0.0;15.0;3464.4900000000002
15;3;85;298.442;0.0;150.7379196;0.0;147.7040804;298.442;0.0;15.0;4476.63
15;3;86;111.054;0.0;111.054;0.0;0.0;111.054;0.0;15.0;1665.81
15;3;87;292.606;0.0;13.5259475;0.0;279.0800525;292.606;0.0;15.0;4389.09
15;3;88;250.53699999999998;0.0;0.0;0.0;250.537;250.537;0.0;15.0;3758.0550000000003
15;3;89;347.665;0.0;0.0;0.0;347.665;347.665;0.0;15.0;5214.975
15;3;90;334.23900000000003;0.0;0.0;0.0;334.239;334.239;0.0;15.0;5013.585
15;3;91;131.04399999999998;0.0;0.0;0.0;131.044;131.044;0.0;15.0;1965.66
15;3;92;108.156;0.0;0.0;0.0;108.156;108.156;0.0;15.0;1622.3400000000001
15;3;93;281.764;0.0;0.0;0.0;281.764;281.764;0.0;15.0;4226.46
15;3;94;286.306;0.0;0.0;0.0;286.306;286.306;0.0;15.0;4294.59
15;3;95;253.706;0.0;0.0;0.0;253.706;253.706;0.0;15.0;3805.5899999999997
15;3;96;231.735;0.0;0.0;0.0;231.735;231.735;0.0;15.0;3476.025
15;3;97;251.97899999999998;0.0;0.0;0.0;251.979;251.979;0.0;15.0;3779.6850000000004
15;3;98;245.55499999999998;0.0;0.0;0.0;245.555;245.555;0.0;15.0;3683.3250000000003
15;3;99;252.452;0.0;0.0;0.0;252.452;252.452;0.0;15.0;3786.7799999999997
15;3;100;250.334;0.0;0.0;0.0;250.334;250.334;0.0;15.0;3755.01
15;3;101;245.838;0.0;0.0;0.0;245.838;245.838;0.0;15.0;3687.5699999999997
15;3;102;268.442;0.0;0.0;0.0;268.442;268.442;0.0;15.0;4026.63
15;3;103;302.58000000000004;0.0;0.0;0.0;302.58;302.58;0.0;15.0;4538.7
15;3;104;300.9;0.0;0.0;0.0;300.9;300.9;0.0;15.0;4513.5
15;3;105;344.744;0.0;0.0;0.0;344.744;344.744;0.0;15.0;5171.160000000001
15;3;106;291.486;0.0;0.0;0.0;291.486;291.486;0.0;15.0;4372.29
15;3;107;322.379;0.0;0.0;0.0;322.379;322.379;0.0;15.0;4835.685
15;3;108;339.424;0.0;0.0;0.0;339.424;339.424;0.0;15.0;5091.36
15;3;109;308.873;0.0;0.0;0.0;308.873;308.873;0.0;15.0;4633.095
15;3;110;307.70799999999997;0.0;0.0;0.0;307.708;307.708;0.0;15.0;4615.620000000001
15;3;111;296.759;0.0;0.0;0.0;296.759;296.759;0.0;15.0;4451.385
15;3;112;322.72;0.0;0.0;0.0;322.72;322.72;0.0;15.0;4840.8
15;3;113;298.555;0.0;0.0;0.0;298.555;298.555;0.0;15.0;4478.325
15;3;114;322.978;0.0;0.0;0.0;322.978;322.978;0.0;15.0;4844.67
15;3;115;338.19100000000003;0.0;0.0;0.0;338.191;338.191;0.0;15.0;5072.865
15;3;116;320.839;0.0;0.0;0.0;320.839;320.839;0.0;15.0;4812.585
15;3;117;320.08799999999997;0.0;0.0;0.0;320.088;320.088;0.0;15.0;4801.320000000001
15;3;118;285.127;0.0;0.0;0.0;285.127;285.127;0.0;15.0;4276.905
15;3;119;313.603;0.0;0.0;0.0;313.603;313.603;0.0;15.0;4704.045
15;3;120;257.599;0.0;0.0;0.0;257.599;257.599;0.0;15.0;3863.9849999999997
15;3;121;265.339;0.0;0.0;0.0;265.339;265.339;0.0;15.0;3980.085
15;3;122;268.29;0.0;0.0;0.0;268.29;268.29;0.0;15.0;4024.3500000000004
15;3;123;270.691;0.0;0.0;0.0;270.691;270.691;0.0;15.0;4060.365
15;3;124;203.788;0.0;0.0;0.0;203.788;203.788;0.0;15.0;3056.82
15;3;125;21.59;0.0;0.0;0.0;21.59;21.59;0.0;15.0;323.85
15;3;126;276.733;0.0;0.0;0.0;276.733;276.733;0.0;15.0;4150.995
15;3;127;317.285;0.0;0.0;0.0;317.285;317.285;0.0;15.0;4759.275000000001
15;3;128;339.572;0.0;0.0;0.0;339.572;339.572;0.0;15.0;5093.58
15;3;129;310.619;0.0;0.0;0.0;310.619;310.619;0.0;15.0;4659.285000000001
15;3;130;307.34;0.0;0.0;0.0;307.34;307.34;0.0;15.0;4610.099999999999
15;3;131;298.705;0.0;0.0;0.0;298.705;298.705;0.0;15.0;4480.575
15;3;132;291.729;0.0;0.0;0.0;291.729;291.729;0.0;15.0;4375.9349999999995
15;3;133;271.329;0.0;0.0;0.0;271.329;271.329;0.0;15.0;4069.935
15;3;134;270.964;0.0;0.0;0.0;270.964;270.964;0.0;15.0;4064.46
15;3;135;282.161;0.0;0.0;0.0;282.161;282.161;0.0;15.0;4232.415
15;3;136;358.257;0.0;0.0;0.0;358.257;358.257;0.0;15.0;5373.8550000000005
15;3;137;237.937;0.0;0.0;0.0;237.937;237.937;0.0;15.0;3569.0550000000003
15;3;138;326.247;0.0;0.0;0.0;326.247;326.247;0.0;15.0;4893.705
15;3;139;388.25800000000004;0.0;0.0;0.0;388.258;388.258;0.0;15.0;5823.87
15;3;140;297.398;0.0;0.0;0.0;297.398;297.398;0.0;15.0;4460.97
15;3;141;354.623;0.0;0.0;0.0;354.623;354.623;0.0;15.0;5319.345
15;3;142;317.591;0.0;0.0;0.0;317.591;317.591;0.0;15.0;4763.865
15;3;143;296.303;0.0;0.0;0.0;296.303;296.303;0.0;15.0;4444.545
15;3;144;269.804;0.0;0.0;0.0;269.804;269.804;0.0;15.0;4047.0599999999995
15;3;145;208.071;0.0;0.0;0.0;208.071;208.071;0.0;15.0;3121.065
15;3;146;276.396;0.0;0.0;0.0;276.396;276.396;0.0;15.0;4145.9400000000005
15;3;147;220.10899999999998;0.0;0.0;0.0;220.109;220.109;0.0;15.0;3301.635
15;3;148;250.029;0.0;0.0;0.0;250.029;250.029;0.0;15.0;3750.435
15;3;149;254.72699999999998;0.0;0.0;0.0;254.727;254.727;0.0;15.0;3820.905
15;3;150;285.557;0.0;0.0;0.0;285.557;285.557;0.0;15.0;4283.3550000000005
15;3;151;321.224;0.0;0.0;0.0;321.224;321.224;0.0;15.0;4818.36
15;3;152;323.811;0.0;0.0;0.0;323.811;323.811;0.0;15.0;4857.165
15;3;153;301.647;0.0;0.0;0.0;301.647;301.647;0.0;15.0;4524.705
15;3;154;268.83;0.0;56.1018106;0.0;212.7281894;268.83;0.0;15.0;4032.45
15;3;155;244.87600000000003;0.0;0.0;0.0;244.876;244.876;0.0;15.0;3673.14
15;3;156;257.456;0.0;0.0;0.0;257.456;257.456;0.0;15.0;3861.84
15;3;157;313.599;0.0;0.0;0.0;313.599;313.599;0.0;15.0;4703.985
15;3;158;179.047;0.0;0.0;0.0;179.047;179.047;0.0;15.0;2685.705
15;3;159;244.153;0.0;0.0;0.0;244.153;244.153;0.0;15.0;3662.295
15;3;160;264.286;0.0;0.0;0.0;264.286;264.286;0.0;15.0;3964.29
15;3;161;276.776;0.0;0.0;0.0;276.776;276.776;0.0;15.0;4151.64
15;3;162;285.445;0.0;0.0;0.0;285.445;285.445;0.0;15.0;4281.675
15;3;163;287.28;0.0;0.0;0.0;287.28;287.28;0.0;15.0;4309.2
15;3;164;276.142;0.0;0.0;0.0;276.142;276.142;0.0;15.0;4142.13
15;3;165;261.00300000000004;0.0;0.0;0.0;261.003;261.003;0.0;15.0;3915.0449999999996
15;3;166;343.57;0.0;0.0;0.0;343.57;343.57;0.0;15.0;5153.55
15;3;167;306.072;0.0;0.0;0.0;306.072;306.072;0.0;15.0;4591.08
20;0;0;159.0;0.0;0.0;0.0;159.0;159.0;0.0;5.0;795.0
20;0;1;259.569;0.0;0.0;0.0;259.569;259.569;0.0;5.0;1297.845
20;0;2;21.506;0.0;0.0;0.0;21.506;21.506;0.0;5.0;107.53
20;0;3;23.614;0.0;0.0;0.0;23.614;23.614;0.0;5.0;118.07000000000001
20;0;4;174.845;0.0;0.0;0.0;174.845;174.845;0.0;5.0;874.225
20;0;5;178.069;0.0;0.0;0.0;178.069;178.069;0.0;5.0;890.3449999999999
20;0;6;200.633;0.0;0.0;0.0;200.633;200.633;0.0;5.0;1003.1650000000001
20;0;7;235.187;0.0;0.0;0.0;235.187;235.187;0.0;5.0;1175.935
20;0;8;239.355;0.0;0.0;0.0;239.355;239.355;0.0;5.0;1196.7749999999999
20;0;9;203.894;0.0;0.0;0.0;203.894;203.894;0.0;5.0;1019.47
20;0;10;178.571;0.0;0.0;0.0;178.571;178.571;0.0;5.0;892.855
20;0;11;167.20600000000002;0.0;167.206;0.0;0.0;167.206;0.0;5.0;836.03
20;0;12;155.736;0.0;119.497142;0.0;36.238858;155.736;0.0;5.0;778.68
20;0;13;156.119;0.0;0.0;0.0;156.119;156.119;0.0;5.0;780.595
20;0;14;276.639;0.0;0.0;0.0;276.639;276.639;0.0;5.0;1383.1950000000002
20;0;15;133.933;0.0;0.0;0.0;133.933;133.933;0.0;5.0;669.665
20;0;16;291.21000000000004;0.0;0.0;0.0;291.21;291.21;0.0;5.0;1456.05
20;0;17;111.457;0.0;0.0;0.0;111.457;111.457;0.0;5.0;557.285
20;0;18;259.283;0.0;0.0;0.0;259.283;259.283;0.0;5.0;1296.415
20;0;19;135.76;0.0;0.0;0.0;135.76;135.76;0.0;5.0;678.8
20;0;20;350.10699999999997;0.0;0.0;0.0;350.107;350.107;0.0;5.0;1750.535
20;0;21;229.285;0.0;0.0;0.0;229.285;229.285;0.0;5.0;1146.425
20;0;22;152.21699999999998;0.0;0.0;0.0;152.217;152.217;0.0;5.0;761.085
20;0;23;83.576;0.0;0.0;0.0;83.576;83.576;0.0;5.0;417.88
20;0;24;17.311;0.0;0.0;0.0;17.311;17.311;0.0;5.0;86.555
20;0;25;158.546;0.0;0.0;0.0;158.546;158.546;0.0;5.0;792.73
20;0;26;162.064;0.0;0.0;0.0;162.064;162.064;0.0;5.0;810.3199999999999
20;0;27;167.691;0.0;0.0;0.0;167.691;167.691;0.0;5.0;838.455
20;0;28;169.87800000000001;0.0;0.0;0.0;169.878;169.878;0.0;5.0;849.3899999999999
20;0;29;266.173;0.0;0.0;0.0;266.173;266.173;0.0;5.0;1330.865
20;0;30;121.05000000000001;0.0;0.0;0.0;121.05;121.05;0.0;5.0;605.25
20;0;31;262.293;0.0;0.0;0.0;262.293;262.293;0.0;5.0;1311.4650000000001
20;0;32;268.216;0.0;0.0;0.0;268.216;268.216;0.0;5.0;1341.08
20;0;33;241.06799999999998;0.0;0.0;0.0;241.068;241.068;0.0;5.0;1205.3400000000001
20;0;34;230.598;0.0;0.0;0.0;230.598;230.598;0.0;5.0;1152.99
20;0;35;218.235;0.0;116.6542893;0.0;101.5807107;218.235;0.0;5.0;1091.1750000000002
20;0;36;305.862;0.0;72.008686;0.0;233.853314;305.862;0.0;5.0;1529.3100000000002
20;0;37;127.59100000000001;0.0;0.0006452;0.0;127.5903548;127.591;0.0;5.0;637.9549999999999
20;0;38;210.07399999999998;0.0;0.0;0.0;210.074;210.074;0.0;5.0;1050.3700000000001
20;0;39;208.204;0.0;0.0;0.0;208.204;208.204;0.0;5.0;1041.02
20;0;40;203.32;0.0;0.0;0.0;203.32;203.32;0.0;5.0;1016.5999999999999
20;0;41;222.168;0.0;0.0;0.0;222.168;222.168;0.0;5.0;1110.8400000000001
20;0;42;261.305;0.0;0.0;0.0;261.305;261.305;0.0;5.0;1306.525
20;0;43;258.781;0.0;0.0;0.0;258.781;258.781;0.0;5.0;1293.905
20;0;44;267.153;0.0;0.0;0.0;267.153;267.153;0.0;5.0;1335.765
20;0;45;256.902;0.0;0.0;0.0;256.902;256.902;0.0;5.0;1284.51
20;0;46;243.023;0.0;0.0;0.0;243.023;243.023;0.0;5.0;1215.115
20;0;47;202.232;0.0;0.0;0.0;202.232;202.232;0.0;5.0;1011.16
20;0;48;135.496;0.0;0.0;0.0;135.496;135.496;0.0;5.0;677.48
20;0;49;142.773;0.0;0.0;0.0;142.773;142.773;0.0;5.0;713.865
20;0;50;141.616;0.0;0.0;0.0;141.616;141.616;0.0;5.0;708.08
20;0;51;142.293;0.0;0.0;0.0;142.293;142.293;0.0;5.0;711.465
20;0;52;141.121;0.0;0.0;0.0;141.121;141.121;0.0;5.0;705.605
20;0;53;143.613;0.0;0.0;0.0;143.613;143.613;0.0;5.0;718.065
20;0;54;149.297;0.0;0.0;0.0;149.297;149.297;0.0;5.0;746.485
20;0;55;228.935;0.0;0.0;0.0;228.935;228.935;0.0;5.0;1144.675
20;0;56;253.924;0.0;0.0;0.0;253.924;253.924;0.0;5.0;1269.6200000000001
20;0;57;202.352;0.0;0.0;0.0;202.352;202.352;0.0;5.0;1011.76
20;0;58;192.495;0.0;62.7704465;0.0;129.7245535;192.495;0.0;5.0;962.475
20;0;59;160.801;0.0;145.2484017;0.0;15.5525983;160.801;0.0;5.0;804.0049999999999
20;0;60;155.506;0.0;0.0;0.0;155.506;155.506;0.0;5.0;777.53
20;0;61;153.846;0.0;153.846;0.0;0.0;153.846;0.0;5.0;769.23
20;0;62;151.315;0.0;131.788263;0.0;19.526737;151.315;0.0;5.0;756.575
20;0;63;150.798;0.0;26.0651882;0.0;124.7328118;150.798;0.0;5.0;753.99
20;0;64;153.463;0.0;0.0;0.0;153.463;153.463;0.0;5.0;767.3149999999999
20;0;65;133.031;0.0;0.0;0.0;133.031;133.031;0.0;5.0;665.155
20;0;66;164.21699999999998;0.0;0.0;0.0;164.217;164.217;0.0;5.0;821.085
20;0;67;329.27;0.0;0.0;0.0;329.27;329.27;0.0;5.0;1646.35
20;0;68;124.094;0.0;0.0;0.0;124.094;124.094;0.0;5.0;620.47
20;0;69;126.043;0.0;0.0;0.0;126.043;126.043;0.0;5.0;630.215
20;0;70;168.75900000000001;0.0;0.0;0.0;168.759;168.759;0.0;5.0;843.795
20;0;71;142.363;0.0;0.0;0.0;142.363;142.363;0.0;5.0;711.815
20;0;72;159.91;0.0;0.0;0.0;159.91;159.91;0.0;5.0;799.55
20;0;73;25.904;0.0;0.0;0.0;25.904;25.904;0.0;5.0;129.52
20;0;74;98.355;0.0;0.0;0.0;98.355;98.355;0.0;5.0;491.77500000000003
20;0;75;102.256;0.0;0.0;0.0;102.256;102.256;0.0;5.0;511.28
20;0;76;100.197;0.0;0.0;0.0;100.197;100.197;0.0;5.0;500.985
20;0;77;101.049;0.0;0.0;0.0;101.049;101.049;0.0;5.0;505.245
20;0;78;108.143;0.0;0.0;0.0;108.143;108.143;0.0;5.0;540.715
20;0;79;158.95999999999998;0.0;0.0;0.0;158.96;158.96;0.0;5.0;794.8000000000001
20;0;80;171.392;0.0;0.0;0.0;171.392;171.392;0.0;5.0;856.96
20;0;81;143.763;0.0;0.0;0.0;143.763;143.763;0.0;5.0;718.815
20;0;82;161.808;0.0;73.7837837;0.0;88.0242163;161.808;0.0;5.0;809.04
20;0;83;142.98399999999998;0.0;122.3829774;0.0;20.6010226;142.984;0.0;5.0;714.9200000000001
20;0;84;137.737;0.0;39.4286887;0.0;98.3083113;137.737;0.0;5.0;688.685
20;0;85;132.423;0.0;55.6775652;0.0;76.7454348;132.423;0.0;5.0;662.115
20;0;86;131.69400000000002;0.0;130.2886034;0.0;1.4053966;131.694;0.0;5.0;658.4699999999999
20;0;87;138.81799999999998;0.0;37.7788966;0.0;101.0391034;138.818;0.0;5.0;694.09
20;0;88;260.543;0.0;0.0;0.0;260.543;260.543;0.0;5.0;1302.7150000000001
20;0;89;266.367;0.0;0.0;0.0;266.367;266.367;0.0;5.0;1331.835
20;0;90;111.58;0.0;0.0;0.0;111.58;111.58;0.0;5.0;557.9
20;0;91;202.247;0.0;0.0;0.0;202.247;202.247;0.0;5.0;1011.2350000000001
20;0;92;100.345;0.0;0.0;0.0;100.345;100.345;0.0;5.0;501.725
20;0;93;339.276;0.0;0.0;0.0;339.276;339.276;0.0;5.0;1696.38
20;0;94;88.315;0.0;0.0;0.0;88.315;88.315;0.0;5.0;441.575
20;0;95;270.228;0.0;0.0;0.0;270.228;270.228;0.0;5.0;1351.14
20;0;96;148.63400000000001;0.0;0.0;0.0;148.634;148.634;0.0;5.0;743.17
20;0;97;171.695;0.0;0.0;0.0;171.695;171.695;0.0;5.0;858.4749999999999
20;0;98;171.244;0.0;0.0;0.0;171.244;171.244;0.0;5.0;856.22
20;0;99;21.75;0.0;0.0;0.0;21.75;21.75;0.0;5.0;108.75
20;0;100;40.498999999999995;0.0;0.0;0.0;40.499;40.499;0.0;5.0;202.495
20;0;101;189.925;0.0;0.0;0.0;189.925;189.925;0.0;5.0;949.625
20;0;102;217.731;0.0;0.0;0.0;217.731;217.731;0.0;5.0;1088.655
20;0;103;248.577;0.0;0.0;0.0;248.577;248.577;0.0;5.0;1242.885
20;0;104;228.757;0.0;0.0;0.0;228.757;228.757;0.0;5.0;1143.785
20;0;105;236.673;0.0;0.0;0.0;236.673;236.673;0.0;5.0;1183.365
20;0;106;240.70499999999998;0.0;89.4374491;0.0;151.2675509;240.705;0.0;5.0;1203.525
20;0;107;219.27;0.0;140.3148896;0.0;78.9551104;219.27;0.0;5.0;1096.3500000000001
20;0;108;227.694;0.0;0.0;0.0;227.694;227.694;0.0;5.0;1138.47
20;0;109;224.32600000000002;0.0;0.0;0.0;224.326;224.326;0.0;5.0;1121.6299999999999
20;0;110;196.77800000000002;0.0;0.0;0.0;196.778;196.778;0.0;5.0;983.89
20;0;111;200.316;0.0;0.0;0.0;200.316;200.316;0.0;5.0;1001.58
20;0;112;189.68099999999998;0.0;0.0;0.0;189.681;189.681;0.0;5.0;948.4050000000001
20;0;113;204.498;0.0;0.0;0.0;204.498;204.498;0.0;5.0;1022.49
20;0;114;220.091;0.0;0.0;0.0;220.091;220.091;0.0;5.0;1100.455
20;0;115;321.504;0.0;0.0;0.0;321.504;321.504;0.0;5.0;1607.52
20;0;116;337.87399999999997;0.0;0.0;0.0;337.874;337.874;0.0;5.0;1689.3700000000001
20;0;117;339.102;0.0;0.0;0.0;339.102;339.102;0.0;5.0;1695.5099999999998
20;0;118;227.311;0.0;0.0;0.0;227.311;227.311;0.0;5.0;1136.555
20;0;119;216.704;0.0;0.0;0.0;216.704;216.704;0.0;5.0;1083.52
20;0;120;17.164;0.0;0.0;0.0;17.164;17.164;0.0;5.0;85.82000000000001
20;0;121;38.934000000000005;0.0;0.0;0.0;38.934;38.934;0.0;5.0;194.67
20;0;122;187.763;0.0;0.0;0.0;187.763;187.763;0.0;5.0;938.815
20;0;123;188.001;0.0;0.0;0.0;188.001;188.001;0.0;5.0;940.005
20;0;124;186.381;0.0;0.0;0.0;186.381;186.381;0.0;5.0;931.905
20;0;125;194.56300000000002;0.0;0.0;0.0;194.563;194.563;0.0;5.0;972.8149999999999
20;0;126;222.529;0.0;0.0;0.0;222.529;222.529;0.0;5.0;1112.645
20;0;127;278.011;0.0;0.0;0.0;278.011;278.011;0.0;5.0;1390.055
20;0;128;276.688;0.0;0.0;0.0;276.688;276.688;0.0;5.0;1383.44
20;0;129;240.59;0.0;0.0;0.0;240.59;240.59;0.0;5.0;1202.95
20;0;130;242.815;0.0;23.7040566;0.0;219.1109434;242.815;0.0;5.0;1214.075
20;0;131;220.815;0.0;0.0;0.0;220.815;220.815;0.0;5.0;1104.075
20;0;132;213.808;0.0;46.7455363;0.0;167.0624637;213.808;0.0;5.0;1069.04
20;0;133;198.391;0.0;13.4333807;0.0;184.9576193;198.391;0.0;5.0;991.9549999999999
20;0;134;293.59000000000003;0.0;29.6957609;0.0;263.8942391;293.59;0.0;5.0;1467.9499999999998
20;0;135;299.29200000000003;0.0;0.0;0.0;299.292;299.292;0.0;5.0;1496.4599999999998
20;0;136;250.194;0.0;0.0;0.0;250.194;250.194;0.0;5.0;1250.97
20;0;137;128.48;0.0;0.0;0.0;128.48;128.48;0.0;5.0;642.4
20;0;138;127.103;0.0;0.0;0.0;127.103;127.103;0.0;5.0;635.515
20;0;139;277.166;0.0;0.0;0.0;277.166;277.166;0.0;5.0;1385.83
20;0;140;350.276;0.0;0.0;0.0;350.276;350.276;0.0;5.0;1751.38
20;0;141;335.23;0.0;0.0;0.0;335.23;335.23;0.0;5.0;1676.15
20;0;142;359.782;0.0;0.0;0.0;359.782;359.782;0.0;5.0;1798.9099999999999
20;0;143;82.968;0.0;0.0;0.0;82.968;82.968;0.0;5.0;414.84000000000003
20;0;144;17.667;0.0;0.0;0.0;17.667;17.667;0.0;5.0;88.33500000000001
20;0;145;201.94099999999997;0.0;0.0;0.0;201.941;201.941;0.0;5.0;1009.705
20;0;146;198.491;0.0;0.0;0.0;198.491;198.491;0.0;5.0;992.455
20;0;147;201.787;0.0;0.0;0.0;201.787;201.787;0.0;5.0;1008.9350000000001
20;0;148;207.601;0.0;0.0;0.0;207.601;207.601;0.0;5.0;1038.005
20;0;149;212.94500000000002;0.0;0.0;0.0;212.945;212.945;0.0;5.0;1064.725
20;0;150;240.588;0.0;0.0;0.0;240.588;240.588;0.0;5.0;1202.94
20;0;151;281.803;0.0;0.0;0.0;281.803;281.803;0.0;5.0;1409.0149999999999
20;0;152;282.015;0.0;0.0;0.0;282.015;282.015;0.0;5.0;1410.0749999999998
20;0;153;258.45;0.0;0.0;0.0;258.45;258.45;0.0;5.0;1292.25
20;0;154;251.78199999999998;0.0;111.2435655;0.0;140.5384345;251.782;0.0;5.0;1258.91
20;0;155;228.20300000000003;0.0;170.6033891;0.0;57.5996109;228.203;0.0;5.0;1141.015
20;0;156;237.276;0.0;147.9689324;0.0;89.3070676;237.276;0.0;5.0;1186.38
20;0;157;211.15300000000002;0.0;105.4764205;0.0;105.6765795;211.153;0.0;5.0;1055.7649999999999
20;0;158;203.248;0.0;124.687162;0.0;78.560838;203.248;0.0;5.0;1016.24
20;0;159;184.071;0.0;42.2298114;0.0;141.8411886;184.071;0.0;5.0;920.355
20;0;160;313.212;0.0;0.0;0.0;313.212;313.212;0.0;5.0;1566.06
20;0;161;95.877;0.0;0.0;0.0;95.877;95.877;0.0;5.0;479.385
20;0;162;340.998;0.0;0.0;0.0;340.998;340.998;0.0;5.0;1704.99
20;0;163;280.246;0.0;0.0;0.0;280.246;280.246;0.0;5.0;1401.23
20;0;164;356.215;0.0;0.0;0.0;356.215;356.215;0.0;5.0;1781.0749999999998
20;0;165;137.897;0.0;0.0;0.0;137.897;137.897;0.0;5.0;689.4849999999999
20;0;166;348.996;0.0;0.0;0.0;348.996;348.996;0.0;5.0;1744.98
20;0;167;82.45599999999999;0.0;0.0;0.0;82.456;82.456;0.0;5.0;412.28000000000003
20;1;0;17.989;0.0;0.0;0.0;17.989;17.989;0.0;22.0;395.75800000000004
20;1;1;23.255;0.0;0.0;0.0;23.255;23.255;0.0;22.0;511.60999999999996
20;1;2;23.143;0.0;0.0;0.0;23.143;23.143;0.0;22.0;509.146
20;1;3;21.498;0.0;0.0;0.0;21.498;21.498;0.0;22.0;472.956
20;1;4;20.967;0.0;0.0;0.0;20.967;20.967;0.0;22.0;461.274
20;1;5;22.931;0.0;0.0;0.0;22.931;22.931;0.0;22.0;504.482
20;1;6;34.738;0.0;0.0;0.0;34.738;34.738;0.0;22.0;764.236
20;1;7;62.845;0.0;41.3600484;0.0;21.4849516;62.845;0.0;22.0;1382.59
20;1;8;77.501;0.0;77.501;0.0;0.0;77.501;0.0;22.0;1705.0220000000002
20;1;9;77.11;0.0;77.11;0.0;0.0;77.11;0.0;22.0;1696.42
20;1;10;81.076;0.0;81.076;0.0;0.0;81.076;0.0;22.0;1783.6719999999998
20;1;11;77.919;0.0;77.919;0.0;0.0;77.919;0.0;22.0;1714.2179999999998
20;1;12;74.173;0.0;74.173;0.0;0.0;74.173;0.0;22.0;1631.806
20;1;13;83.849;0.0;83.849;0.0;0.0;83.849;0.0;22.0;1844.678
20;1;14;73.651;0.0;73.651;0.0;0.0;73.651;0.0;22.0;1620.322
20;1;15;76.907;0.0;76.907;0.0;0.0;76.907;0.0;22.0;1691.954
20;1;16;115.887;0.0;115.887;0.0;0.0;115.887;0.0;22.0;2549.514
20;1;17;111.289;0.0;90.379233;0.0;20.909767;111.289;0.0;22.0;2448.358
20;1;18;107.061;0.0;15.3753899;0.0;91.6856101;107.061;0.0;22.0;2355.342
20;1;19;122.371;0.0;0.0;0.0;122.371;122.371;0.0;22.0;2692.162
20;1;20;124.403;0.0;0.0;0.0;124.403;124.403;0.0;22.0;2736.866
20;1;21;111.132;0.0;0.0;0.0;111.132;111.132;0.0;22.0;2444.904
20;1;22;104.452;0.0;0.0;0.0;104.452;104.452;0.0;22.0;2297.944
20;1;23;77.846;0.0;0.0;0.0;77.846;77.846;0.0;22.0;1712.612
20;1;24;17.355;0.0;0.0;0.0;17.355;17.355;0.0;22.0;381.81
20;1;25;26.723;0.0;0.0;0.0;26.723;26.723;0.0;22.0;587.906
20;1;26;23.085;0.0;0.0;0.0;23.085;23.085;0.0;22.0;507.87
20;1;27;23.11;0.0;0.0;0.0;23.11;23.11;0.0;22.0;508.41999999999996
20;1;28;24.173;0.0;0.0;0.0;24.173;24.173;0.0;22.0;531.8059999999999
20;1;29;25.641;0.0;0.0;0.0;25.641;25.641;0.0;22.0;564.102
20;1;30;28.276;0.0;0.0;0.0;28.276;28.276;0.0;22.0;622.072
20;1;31;66.847;0.0;32.5671703;0.0;34.2798297;66.847;0.0;22.0;1470.6339999999998
20;1;32;80.086;0.0;80.086;0.0;0.0;80.086;0.0;22.0;1761.892
20;1;33;78.456;0.0;78.456;0.0;0.0;78.456;0.0;22.0;1726.0320000000002
20;1;34;78.393;0.0;78.393;0.0;0.0;78.393;0.0;22.0;1724.646
20;1;35;81.513;0.0;81.513;0.0;0.0;81.513;0.0;22.0;1793.286
20;1;36;66.858;0.0;66.858;0.0;0.0;66.858;0.0;22.0;1470.8760000000002
20;1;37;74.449;0.0;74.449;0.0;0.0;74.449;0.0;22.0;1637.878
20;1;38;78.797;0.0;78.797;0.0;0.0;78.797;0.0;22.0;1733.5339999999999
20;1;39;119.88900000000001;0.0;119.889;0.0;0.0;119.889;0.0;22.0;2637.558
20;1;40;82.072;0.0;82.072;0.0;0.0;82.072;0.0;22.0;1805.584
20;1;41;122.488;0.0;122.4874369;0.0;0.0005631;122.488;0.0;22.0;2694.736
20;1;42;98.397;0.0;54.2455406;0.0;44.1514594;98.397;0.0;22.0;2164.734
20;1;43;122.484;0.0;0.0;0.0;122.484;122.484;0.0;22.0;2694.6479999999997
20;1;44;131.598;0.0;0.0;0.0;131.598;131.598;0.0;22.0;2895.1560000000004
20;1;45;118.838;0.0;0.0;0.0;118.838;118.838;0.0;22.0;2614.4359999999997
20;1;46;107.994;0.0;0.0;0.0;107.994;107.994;0.0;22.0;2375.868
20;1;47;70.285;0.0;0.0;0.0;70.285;70.285;0.0;22.0;1546.27
20;1;48;17.385;0.0;0.0;0.0;17.385;17.385;0.0;22.0;382.47
20;1;49;24.797;0.0;0.0;0.0;24.797;24.797;0.0;22.0;545.534
20;1;50;24.379;0.0;0.0;0.0;24.379;24.379;0.0;22.0;536.3380000000001
20;1;51;23.103;0.0;0.0;0.0;23.103;23.103;0.0;22.0;508.266
20;1;52;21.947;0.0;0.0;0.0;21.947;21.947;0.0;22.0;482.834
20;1;53;22.954;0.0;0.0;0.0;22.954;22.954;0.0;22.0;504.988
20;1;54;35.244;0.0;0.0;0.0;35.244;35.244;0.0;22.0;775.3679999999999
20;1;55;55.09;0.0;20.3691641;0.0;34.7208359;55.09;0.0;22.0;1211.98
20;1;56;75.434;0.0;75.434;0.0;0.0;75.434;0.0;22.0;1659.548
20;1;57;59.689;0.0;59.689;0.0;0.0;59.689;0.0;22.0;1313.158
20;1;58;88.86;0.0;88.86;0.0;0.0;88.86;0.0;22.0;1954.92
20;1;59;75.246;0.0;75.246;0.0;0.0;75.246;0.0;22.0;1655.4119999999998
20;1;60;74.319;0.0;74.319;0.0;0.0;74.319;0.0;22.0;1635.018
20;1;61;80.72200000000001;0.0;80.722;0.0;0.0;80.722;0.0;22.0;1775.8839999999998
20;1;62;76.77199999999999;0.0;76.772;0.0;0.0;76.772;0.0;22.0;1688.9840000000002
20;1;63;83.615;0.0;83.615;0.0;0.0;83.615;0.0;22.0;1839.53
20;1;64;147.933;0.0;147.933;0.0;0.0;147.933;0.0;22.0;3254.526
20;1;65;94.343;0.0;94.343;0.0;0.0;94.343;0.0;22.0;2075.5460000000003
20;1;66;105.985;0.0;26.428049;0.0;79.556951;105.985;0.0;22.0;2331.67
20;1;67;124.163;0.0;0.0;0.0;124.163;124.163;0.0;22.0;2731.586
20;1;68;131.535;0.0;0.0;0.0;131.535;131.535;0.0;22.0;2893.77
20;1;69;115.146;0.0;0.0;0.0;115.146;115.146;0.0;22.0;2533.212
20;1;70;119.896;0.0;0.0;0.0;119.896;119.896;0.0;22.0;2637.712
20;1;71;84.662;0.0;0.0;0.0;84.662;84.662;0.0;22.0;1862.564
20;1;72;17.365;0.0;0.0;0.0;17.365;17.365;0.0;22.0;382.03
20;1;73;24.07;0.0;0.0;0.0;24.07;24.07;0.0;22.0;529.54
20;1;74;22.578;0.0;0.0;0.0;22.578;22.578;0.0;22.0;496.716
20;1;75;22.352;0.0;0.0;0.0;22.352;22.352;0.0;22.0;491.744
20;1;76;24.16;0.0;0.0;0.0;24.16;24.16;0.0;22.0;531.52
20;1;77;23.863;0.0;0.0;0.0;23.863;23.863;0.0;22.0;524.986
20;1;78;24.583;0.0;0.0;0.0;24.583;24.583;0.0;22.0;540.826
20;1;79;42.237;0.0;35.3697588;0.0;6.8672412;42.237;0.0;22.0;929.214
20;1;80;43.922;0.0;43.922;0.0;0.0;43.922;0.0;22.0;966.2839999999999
20;1;81;67.188;0.0;67.188;0.0;0.0;67.188;0.0;22.0;1478.136
20;1;82;62.162000000000006;0.0;62.162;0.0;0.0;62.162;0.0;22.0;1367.564
20;1;83;67.326;0.0;67.326;0.0;0.0;67.326;0.0;22.0;1481.1719999999998
20;1;84;75.39;0.0;75.39;0.0;0.0;75.39;0.0;22.0;1658.58
20;1;85;83.324;0.0;83.324;0.0;0.0;83.324;0.0;22.0;1833.128
20;1;86;60.92700000000001;0.0;60.927;0.0;0.0;60.927;0.0;22.0;1340.394
20;1;87;144.255;0.0;144.255;0.0;0.0;144.255;0.0;22.0;3173.6099999999997
20;1;88;68.892;0.0;68.892;0.0;0.0;68.892;0.0;22.0;1515.6239999999998
20;1;89;93.093;0.0;84.0068969;0.0;9.0861031;93.093;0.0;22.0;2048.0460000000003
20;1;90;107.235;0.0;52.8293048;0.0;54.4056952;107.235;0.0;22.0;2359.17
20;1;91;93.46;0.0;0.0;0.0;93.46;93.46;0.0;22.0;2056.12
20;1;92;98.34;0.0;0.0;0.0;98.34;98.34;0.0;22.0;2163.48
20;1;93;103.639;0.0;0.0;0.0;103.639;103.639;0.0;22.0;2280.058
20;1;94;107.166;0.0;0.0;0.0;107.166;107.166;0.0;22.0;2357.652
20;1;95;69.617;0.0;0.0;0.0;69.617;69.617;0.0;22.0;1531.574
20;1;96;19.569;0.0;0.0;0.0;19.569;19.569;0.0;22.0;430.518
20;1;97;30.595;0.0;0.0;0.0;30.595;30.595;0.0;22.0;673.0899999999999
20;1;98;24.166;0.0;0.0;0.0;24.166;24.166;0.0;22.0;531.652
20;1;99;22.786;0.0;0.0;0.0;22.786;22.786;0.0;22.0;501.29200000000003
20;1;100;24.026;0.0;0.0;0.0;24.026;24.026;0.0;22.0;528.572
20;1;101;23.977;0.0;0.0;0.0;23.977;23.977;0.0;22.0;527.494
20;1;102;29.663;0.0;0.0;0.0;29.663;29.663;0.0;22.0;652.586
20;1;103;57.721;0.0;33.219448;0.0;24.501552;57.721;0.0;22.0;1269.8619999999999
20;1;104;64.737;0.0;64.737;0.0;0.0;64.737;0.0;22.0;1424.214
20;1;105;87.05699999999999;0.0;87.057;0.0;0.0;87.057;0.0;22.0;1915.2540000000001
20;1;106;88.94999999999999;0.0;88.95;0.0;0.0;88.95;0.0;22.0;1956.9
20;1;107;98.84700000000001;0.0;98.847;0.0;0.0;98.847;0.0;22.0;2174.634
20;1;108;92.09100000000001;0.0;92.091;0.0;0.0;92.091;0.0;22.0;2026.002
20;1;109;82.605;0.0;82.605;0.0;0.0;82.605;0.0;22.0;1817.3100000000002
20;1;110;89.006;0.0;89.006;0.0;0.0;89.006;0.0;22.0;1958.132
20;1;111;87.834;0.0;87.834;0.0;0.0;87.834;0.0;22.0;1932.348
20;1;112;160.604;0.0;160.604;0.0;0.0;160.604;0.0;22.0;3533.2880000000005
20;1;113;93.946;0.0;93.946;0.0;0.0;93.946;0.0;22.0;2066.812
20;1;114;100.858;0.0;42.2387751;0.0;58.6192249;100.858;0.0;22.0;2218.876
20;1;115;108.578;0.0;0.0;0.0;108.578;108.578;0.0;22.0;2388.716
20;1;116;116.126;0.0;0.0;0.0;116.126;116.126;0.0;22.0;2554.772
20;1;117;116.674;0.0;0.0;0.0;116.674;116.674;0.0;22.0;2566.828
20;1;118;105.6;0.0;0.0;0.0;105.6;105.6;0.0;22.0;2323.2
20;1;119;89.315;0.0;0.0;0.0;89.315;89.315;0.0;22.0;1964.9299999999998
20;1;120;17.254;0.0;0.0;0.0;17.254;17.254;0.0;22.0;379.588
20;1;121;25.948;0.0;0.0;0.0;25.948;25.948;0.0;22.0;570.856
20;1;122;21.824;0.0;0.0;0.0;21.824;21.824;0.0;22.0;480.12800000000004
20;1;123;24.068;0.0;0.0;0.0;24.068;24.068;0.0;22.0;529.496
20;1;124;21.652;0.0;0.0;0.0;21.652;21.652;0.0;22.0;476.34400000000005
20;1;125;22.917;0.0;0.0;0.0;22.917;22.917;0.0;22.0;504.17400000000004
20;1;126;33.774;0.0;0.0;0.0;33.774;33.774;0.0;22.0;743.028
20;1;127;83.067;0.0;10.5058925;0.0;72.5611075;83.067;0.0;22.0;1827.474
20;1;128;89.751;0.0;89.751;0.0;0.0;89.751;0.0;22.0;1974.5220000000002
20;1;129;81.95100000000001;0.0;81.951;0.0;0.0;81.951;0.0;22.0;1802.9219999999998
20;1;130;76.861;0.0;76.861;0.0;0.0;76.861;0.0;22.0;1690.942
20;1;131;73.714;0.0;73.714;0.0;0.0;73.714;0.0;22.0;1621.708
20;1;132;83.935;0.0;83.935;0.0;0.0;83.935;0.0;22.0;1846.5700000000002
20;1;133;74.17699999999999;0.0;74.177;0.0;0.0;74.177;0.0;22.0;1631.8940000000002
20;1;134;86.267;0.0;86.267;0.0;0.0;86.267;0.0;22.0;1897.8739999999998
20;1;135;82.50399999999999;0.0;82.504;0.0;0.0;82.504;0.0;22.0;1815.0880000000002
20;1;136;94.49000000000001;0.0;94.49;0.0;0.0;94.49;0.0;22.0;2078.7799999999997
20;1;137;147.42000000000002;0.0;147.42;0.0;0.0;147.42;0.0;22.0;3243.24
20;1;138;121.66;0.0;35.9974875;0.0;85.6625125;121.66;0.0;22.0;2676.52
20;1;139;132.421;0.0;0.0;0.0;132.421;132.421;0.0;22.0;2913.2619999999997
20;1;140;123.776;0.0;0.0;0.0;123.776;123.776;0.0;22.0;2723.072
20;1;141;100.279;0.0;0.0;0.0;100.279;100.279;0.0;22.0;2206.138
20;1;142;107.191;0.0;0.0;0.0;107.191;107.191;0.0;22.0;2358.202
20;1;143;84.711;0.0;0.0;0.0;84.711;84.711;0.0;22.0;1863.642
20;1;144;17.57;0.0;0.0;0.0;17.57;17.57;0.0;22.0;386.54
20;1;145;23.791;0.0;0.0;0.0;23.791;23.791;0.0;22.0;523.402
20;1;146;23.035;0.0;0.0;0.0;23.035;23.035;0.0;22.0;506.77
20;1;147;22.002;0.0;0.0;0.0;22.002;22.002;0.0;22.0;484.044
20;1;148;22.518;0.0;0.0;0.0;22.518;22.518;0.0;22.0;495.396
20;1;149;21.913;0.0;0.0;0.0;21.913;21.913;0.0;22.0;482.086
20;1;150;26.408;0.0;0.0;0.0;26.408;26.408;0.0;22.0;580.976
20;1;151;65.537;0.0;25.9069;0.0;39.6301;65.537;0.0;22.0;1441.814
20;1;152;79.595;0.0;79.595;0.0;0.0;79.595;0.0;22.0;1751.09
20;1;153;77.205;0.0;77.205;0.0;0.0;77.205;0.0;22.0;1698.51
20;1;154;88.628;0.0;88.628;0.0;0.0;88.628;0.0;22.0;1949.816
20;1;155;81.28399999999999;0.0;81.284;0.0;0.0;81.284;0.0;22.0;1788.248
20;1;156;85.31;0.0;85.31;0.0;0.0;85.31;0.0;22.0;1876.8200000000002
20;1;157;93.214;0.0;93.214;0.0;0.0;93.214;0.0;22.0;2050.708
20;1;158;83.146;0.0;83.146;0.0;0.0;83.146;0.0;22.0;1829.212
20;1;159;196.02;0.0;196.02;0.0;0.0;196.02;0.0;22.0;4312.4400000000005
20;1;160;82.159;0.0;82.159;0.0;0.0;82.159;0.0;22.0;1807.498
20;1;161;112.902;0.0;112.902;0.0;0.0;112.902;0.0;22.0;2483.844
20;1;162;106.886;0.0;33.3460521;0.0;73.5399479;106.886;0.0;22.0;2351.4919999999997
20;1;163;122.336;0.0;0.0;0.0;122.336;122.336;0.0;22.0;2691.392
20;1;164;124.667;0.0;0.0;0.0;124.667;124.667;0.0;22.0;2742.674
20;1;165;123.342;0.0;0.0;0.0;123.342;123.342;0.0;22.0;2713.524
20;1;166;120.635;0.0;0.0;0.0;120.635;120.635;0.0;22.0;2653.9700000000003
20;1;167;95.676;0.0;0.0;0.0;95.676;95.676;0.0;22.0;2104.872
20;2;0;16.569;0.0;0.0;0.0;16.569;16.569;0.0;10.0;165.69
20;2;1;24.058;0.0;0.0;0.0;24.058;24.058;0.0;10.0;240.57999999999998
20;2;2;133.558;0.0;0.0;0.0;133.558;133.558;0.0;10.0;1335.58
20;2;3;22.732;0.0;0.0;0.0;22.732;22.732;0.0;10.0;227.32
20;2;4;21.26;0.0;0.0;0.0;21.26;21.26;0.0;10.0;212.60000000000002
20;2;5;220.025;0.0;0.0;0.0;220.025;220.025;0.0;10.0;2200.25
20;2;6;24.451;0.0;0.0;0.0;24.451;24.451;0.0;10.0;244.51
20;2;7;78.936;0.0;0.0;0.0;78.936;78.936;0.0;10.0;789.3600000000001
20;2;8;106.538;0.0;0.0;0.0;106.538;106.538;0.0;10.0;1065.3799999999999
20;2;9;150.914;0.0;57.8231058;0.0;93.0908942;150.914;0.0;10.0;1509.1399999999999
20;2;10;140.57399999999998;0.0;140.574;0.0;0.0;140.574;0.0;10.0;1405.7400000000002
20;2;11;115.47800000000001;0.0;115.478;0.0;0.0;115.478;0.0;10.0;1154.78
20;2;12;158.346;0.0;158.346;0.0;0.0;158.346;0.0;10.0;1583.46
20;2;13;215.024;0.0;215.0231519;0.0;0.0008481;215.024;0.0;10.0;2150.24
20;2;14;153.067;0.0;153.067;0.0;0.0;153.067;0.0;10.0;1530.67
20;2;15;134.837;0.0;134.8365265;0.0;0.0004735;134.837;0.0;10.0;1348.37
20;2;16;111.625;0.0;64.1030588;0.0;47.5219412;111.625;0.0;10.0;1116.25
20;2;17;149.784;0.0;0.0;0.0;149.784;149.784;0.0;10.0;1497.84
20;2;18;117.045;0.0;0.0;0.0;117.045;117.045;0.0;10.0;1170.45
20;2;19;200.936;0.0;0.0;0.0;200.936;200.936;0.0;10.0;2009.3600000000001
20;2;20;184.791;0.0;0.0;0.0;184.791;184.791;0.0;10.0;1847.9099999999999
20;2;21;128.435;0.0;0.0;0.0;128.435;128.435;0.0;10.0;1284.35
20;2;22;222.738;0.0;0.0;0.0;222.738;222.738;0.0;10.0;2227.38
20;2;23;75.193;0.0;0.0;0.0;75.193;75.193;0.0;10.0;751.93
20;2;24;16.598;0.0;0.0;0.0;16.598;16.598;0.0;10.0;165.98
20;2;25;25.986;0.0;0.0;0.0;25.986;25.986;0.0;10.0;259.86
20;2;26;135.767;0.0;0.0;0.0;135.767;135.767;0.0;10.0;1357.67
20;2;27;22.308;0.0;0.0;0.0;22.308;22.308;0.0;10.0;223.07999999999998
20;2;28;211.757;0.0;0.0;0.0;211.757;211.757;0.0;10.0;2117.57
20;2;29;22.928;0.0;0.0;0.0;22.928;22.928;0.0;10.0;229.28
20;2;30;145.422;0.0;0.0;0.0;145.422;145.422;0.0;10.0;1454.22
20;2;31;204.675;0.0;0.0;0.0;204.675;204.675;0.0;10.0;2046.75
20;2;32;203.098;0.0;1.8642188;0.0;201.2337812;203.098;0.0;10.0;2030.98
20;2;33;187.26999999999998;0.0;100.3549543;0.0;86.9150457;187.27;0.0;10.0;1872.7
20;2;34;164.193;0.0;164.193;0.0;0.0;164.193;0.0;10.0;1641.93
20;2;35;139.293;0.0;139.293;0.0;0.0;139.293;0.0;10.0;1392.93
20;2;36;127.665;0.0;127.665;0.0;0.0;127.665;0.0;10.0;1276.65
20;2;37;264.384;0.0;264.384;0.0;0.0;264.384;0.0;10.0;2643.84
20;2;38;145.781;0.0;145.781;0.0;0.0;145.781;0.0;10.0;1457.81
20;2;39;134.586;0.0;134.586;0.0;0.0;134.586;0.0;10.0;1345.8600000000001
20;2;40;106.025;0.0;14.2579695;0.0;91.7670305;106.025;0.0;10.0;1060.25
20;2;41;130.12699999999998;0.0;0.0;0.0;130.127;130.127;0.0;10.0;1301.27
20;2;42;157.725;0.0;0.0;0.0;157.725;157.725;0.0;10.0;1577.25
20;2;43;153.406;0.0;0.0;0.0;153.406;153.406;0.0;10.0;1534.06
20;2;44;125.484;0.0;0.0;0.0;125.484;125.484;0.0;10.0;1254.84
20;2;45;117.909;0.0;0.0;0.0;117.909;117.909;0.0;10.0;1179.0900000000001
20;2;46;101.152;0.0;0.0;0.0;101.152;101.152;0.0;10.0;1011.52
20;2;47;76.364;0.0;0.0;0.0;76.364;76.364;0.0;10.0;763.6400000000001
20;2;48;20.281;0.0;0.0;0.0;20.281;20.281;0.0;10.0;202.81
20;2;49;21.822;0.0;0.0;0.0;21.822;21.822;0.0;10.0;218.22
20;2;50;65.49600000000001;0.0;0.0;0.0;65.496;65.496;0.0;10.0;654.9599999999999
20;2;51;69.084;0.0;0.0;0.0;69.084;69.084;0.0;10.0;690.84
20;2;52;70.083;0.0;0.0;0.0;70.083;70.083;0.0;10.0;700.8299999999999
20;2;53;71.749;0.0;0.0;0.0;71.749;71.749;0.0;10.0;717.49
20;2;54;74.578;0.0;0.0;0.0;74.578;74.578;0.0;10.0;745.78
20;2;55;139.572;0.0;0.0;0.0;139.572;139.572;0.0;10.0;1395.72
20;2;56;159.697;0.0;0.0;0.0;159.697;159.697;0.0;10.0;1596.97
20;2;57;125.809;0.0;0.0;0.0;125.809;125.809;0.0;10.0;1258.09
20;2;58;109.277;0.0;68.0843811;0.0;41.1926189;109.277;0.0;10.0;1092.77
20;2;59;98.59299999999999;0.0;75.0556085;0.0;23.5373915;98.593;0.0;10.0;985.9300000000001
20;2;60;206.381;0.0;206.3802126;0.0;0.0007874;206.381;0.0;10.0;2063.81
20;2;61;78.926;0.0;78.9256698;0.0;0.0003302;78.926;0.0;10.0;789.26
20;2;62;80.288;0.0;80.288;0.0;0.0;80.288;0.0;10.0;802.88
20;2;63;178.605;0.0;178.605;0.0;0.0;178.605;0.0;10.0;1786.05
20;2;64;85.838;0.0;0.0;0.0;85.838;85.838;0.0;10.0;858.3799999999999
20;2;65;197.966;0.0;0.0;0.0;197.966;197.966;0.0;10.0;1979.66
20;2;66;126.611;0.0;0.0;0.0;126.611;126.611;0.0;10.0;1266.1100000000001
20;2;67;125.841;0.0;0.0;0.0;125.841;125.841;0.0;10.0;1258.4099999999999
20;2;68;136.313;0.0;0.0;0.0;136.313;136.313;0.0;10.0;1363.1299999999999
20;2;69;111.207;0.0;0.0;0.0;111.207;111.207;0.0;10.0;1112.07
20;2;70;124.524;0.0;0.0;0.0;124.524;124.524;0.0;10.0;1245.24
20;2;71;67.876;0.0;0.0;0.0;67.876;67.876;0.0;10.0;678.76
20;2;72;18.428;0.0;0.0;0.0;18.428;18.428;0.0;10.0;184.28
20;2;73;26.113;0.0;0.0;0.0;26.113;26.113;0.0;10.0;261.13
20;2;74;56.534;0.0;0.0;0.0;56.534;56.534;0.0;10.0;565.34
20;2;75;63.92999999999999;0.0;0.0;0.0;63.93;63.93;0.0;10.0;639.3
20;2;76;61.81100000000001;0.0;0.0;0.0;61.811;61.811;0.0;10.0;618.11
20;2;77;66.316;0.0;0.0;0.0;66.316;66.316;0.0;10.0;663.1600000000001
20;2;78;69.451;0.0;0.0;0.0;69.451;69.451;0.0;10.0;694.51
20;2;79;108.012;0.0;0.0;0.0;108.012;108.012;0.0;10.0;1080.12
20;2;80;127.74100000000001;0.0;0.0;0.0;127.741;127.741;0.0;10.0;1277.41
20;2;81;128.629;0.0;21.7363501;0.0;106.8926499;128.629;0.0;10.0;1286.29
20;2;82;113.72200000000001;0.0;113.722;0.0;0.0;113.722;0.0;10.0;1137.22
20;2;83;161.78900000000002;0.0;161.7883178;0.0;0.0006822;161.789;0.0;10.0;1617.8899999999999
20;2;84;66.37;0.0;48.2619534;0.0;18.1080466;66.37;0.0;10.0;663.7
20;2;85;87.531;0.0;65.5199565;0.0;22.0110435;87.531;0.0;10.0;875.3100000000001
20;2;86;236.534;0.0;90.4037357;0.0;146.1302643;236.534;0.0;10.0;2365.34
20;2;87;75.053;0.0;32.1266638;0.0;42.9263362;75.053;0.0;10.0;750.53
20;2;88;85.542;0.0;0.0;0.0;85.542;85.542;0.0;10.0;855.4200000000001
20;2;89;103.161;0.0;0.0;0.0;103.161;103.161;0.0;10.0;1031.6100000000001
20;2;90;88.756;0.0;0.0;0.0;88.756;88.756;0.0;10.0;887.56
20;2;91;102.16;0.0;0.0;0.0;102.16;102.16;0.0;10.0;1021.5999999999999
20;2;92;314.96799999999996;0.0;0.0;0.0;314.968;314.968;0.0;10.0;3149.6800000000003
20;2;93;116.732;0.0;0.0;0.0;116.732;116.732;0.0;10.0;1167.32
20;2;94;105.049;0.0;0.0;0.0;105.049;105.049;0.0;10.0;1050.49
20;2;95;78.293;0.0;0.0;0.0;78.293;78.293;0.0;10.0;782.9300000000001
20;2;96;18.844;0.0;0.0;0.0;18.844;18.844;0.0;10.0;188.44
20;2;97;26.883;0.0;0.0;0.0;26.883;26.883;0.0;10.0;268.83
20;2;98;86.776;0.0;0.0;0.0;86.776;86.776;0.0;10.0;867.76
20;2;99;226.164;0.0;0.0;0.0;226.164;226.164;0.0;10.0;2261.64
20;2;100;37.25;0.0;0.0;0.0;37.25;37.25;0.0;10.0;372.5
20;2;101;23.644;0.0;0.0;0.0;23.644;23.644;0.0;10.0;236.44
20;2;102;122.909;0.0;0.0;0.0;122.909;122.909;0.0;10.0;1229.0900000000001
20;2;103;158.719;0.0;0.0;0.0;158.719;158.719;0.0;10.0;1587.19
20;2;104;180.739;0.0;0.0;0.0;180.739;180.739;0.0;10.0;1807.39
20;2;105;172.13600000000002;0.0;0.0;0.0;172.136;172.136;0.0;10.0;1721.36
20;2;106;171.57299999999998;0.0;31.2430473;0.0;140.3299527;171.573;0.0;10.0;1715.73
20;2;107;148.508;0.0;25.4854512;0.0;123.0225488;148.508;0.0;10.0;1485.0800000000002
20;2;108;155.20299999999997;0.0;46.5351123;0.0;108.6678877;155.203;0.0;10.0;1552.03
20;2;109;214.122;0.0;28.758086;0.0;185.363914;214.122;0.0;10.0;2141.2200000000003
20;2;110;83.488;0.0;0.0;0.0;83.488;83.488;0.0;10.0;834.88
20;2;111;157.715;0.0;6.1836217;0.0;151.5313783;157.715;0.0;10.0;1577.15
20;2;112;156.94799999999998;0.0;0.0;0.0;156.948;156.948;0.0;10.0;1569.48
20;2;113;189.585;0.0;0.0;0.0;189.585;189.585;0.0;10.0;1895.8500000000001
20;2;114;193.406;0.0;0.0;0.0;193.406;193.406;0.0;10.0;1934.06
20;2;115;191.528;0.0;0.0;0.0;191.528;191.528;0.0;10.0;1915.28
20;2;116;174.784;0.0;0.0;0.0;174.784;174.784;0.0;10.0;1747.84
20;2;117;187.85500000000002;0.0;0.0;0.0;187.855;187.855;0.0;10.0;1878.55
20;2;118;160.334;0.0;0.0;0.0;160.334;160.334;0.0;10.0;1603.3400000000001
20;2;119;272.6;0.0;0.0;0.0;272.6;272.6;0.0;10.0;2726.0
20;2;120;20.172;0.0;0.0;0.0;20.172;20.172;0.0;10.0;201.72
20;2;121;117.366;0.0;0.0;0.0;117.366;117.366;0.0;10.0;1173.66
20;2;122;22.526;0.0;0.0;0.0;22.526;22.526;0.0;10.0;225.26
20;2;123;107.483;0.0;0.0;0.0;107.483;107.483;0.0;10.0;1074.83
20;2;124;107.91300000000001;0.0;0.0;0.0;107.913;107.913;0.0;10.0;1079.1299999999999
20;2;125;112.084;0.0;0.0;0.0;112.084;112.084;0.0;10.0;1120.8400000000001
20;2;126;141.7;0.0;0.0;0.0;141.7;141.7;0.0;10.0;1417.0
20;2;127;182.63400000000001;0.0;0.0;0.0;182.634;182.634;0.0;10.0;1826.34
20;2;128;191.361;0.0;0.0;0.0;191.361;191.361;0.0;10.0;1913.61
20;2;129;180.26;0.0;0.0;0.0;180.26;180.26;0.0;10.0;1802.6
20;2;130;157.552;0.0;40.7182107;0.0;116.8337893;157.552;0.0;10.0;1575.52
20;2;131;134.63400000000001;0.0;80.7733879;0.0;53.8606121;134.634;0.0;10.0;1346.34
20;2;132;142.957;0.0;142.957;0.0;0.0;142.957;0.0;10.0;1429.57
20;2;133;152.768;0.0;152.768;0.0;0.0;152.768;0.0;10.0;1527.68
20;2;134;261.543;0.0;197.4112691;0.0;64.1317309;261.543;0.0;10.0;2615.4300000000003
20;2;135;202.889;0.0;121.2391011;0.0;81.6498989;202.889;0.0;10.0;2028.89
20;2;136;90.737;0.0;35.7766307;0.0;54.9603693;90.737;0.0;10.0;907.3699999999999
20;2;137;104.427;0.0;0.0;0.0;104.427;104.427;0.0;10.0;1044.27
20;2;138;132.304;0.0;0.0;0.0;132.304;132.304;0.0;10.0;1323.04
20;2;139;325.34000000000003;0.0;0.0;0.0;325.34;325.34;0.0;10.0;3253.3999999999996
20;2;140;110.529;0.0;0.0;0.0;110.529;110.529;0.0;10.0;1105.29
20;2;141;103.225;0.0;0.0;0.0;103.225;103.225;0.0;10.0;1032.25
20;2;142;124.504;0.0;0.0;0.0;124.504;124.504;0.0;10.0;1245.04
20;2;143;72.931;0.0;0.0;0.0;72.931;72.931;0.0;10.0;729.31
20;2;144;93.614;0.0;0.0;0.0;93.614;93.614;0.0;10.0;936.1400000000001
20;2;145;103.16;0.0;0.0;0.0;103.16;103.16;0.0;10.0;1031.6
20;2;146;100.58600000000001;0.0;0.0;0.0;100.586;100.586;0.0;10.0;1005.86
20;2;147;103.286;0.0;0.0;0.0;103.286;103.286;0.0;10.0;1032.8600000000001
20;2;148;105.416;0.0;0.0;0.0;105.416;105.416;0.0;10.0;1054.1599999999999
20;2;149;104.624;0.0;0.0;0.0;104.624;104.624;0.0;10.0;1046.24
20;2;150;130.412;0.0;0.0;0.0;130.412;130.412;0.0;10.0;1304.1200000000001
20;2;151;175.873;0.0;0.0;0.0;175.873;175.873;0.0;10.0;1758.73
20;2;152;181.81;0.0;0.0;0.0;181.81;181.81;0.0;10.0;1818.1
20;2;153;173.03300000000002;0.0;35.8786564;0.0;137.1543436;173.033;0.0;10.0;1730.33
20;2;154;157.868;0.0;57.3443608;0.0;100.5236392;157.868;0.0;10.0;1578.6799999999998
20;2;155;137.66899999999998;0.0;95.6719874;0.0;41.9970126;137.669;0.0;10.0;1376.69
20;2;156;147.027;0.0;101.4344656;0.0;45.5925344;147.027;0.0;10.0;1470.27
20;2;157;137.122;0.0;91.2526905;0.0;45.8693095;137.122;0.0;10.0;1371.2200000000003
20;2;158;134.92399999999998;0.0;86.2813176;0.0;48.6426824;134.924;0.0;10.0;1349.24
20;2;159;117.253;0.0;15.4766297;0.0;101.7763703;117.253;0.0;10.0;1172.53
20;2;160;124.155;0.0;22.8195043;0.0;101.3354957;124.155;0.0;10.0;1241.55
20;2;161;142.50900000000001;0.0;0.0;0.0;142.509;142.509;0.0;10.0;1425.09
20;2;162;176.811;0.0;0.0;0.0;176.811;176.811;0.0;10.0;1768.1100000000001
20;2;163;193.994;0.0;0.0;0.0;193.994;193.994;0.0;10.0;1939.94
20;2;164;184.131;0.0;0.0;0.0;184.131;184.131;0.0;10.0;1841.31
20;2;165;174.77700000000002;0.0;0.0;0.0;174.777;174.777;0.0;10.0;1747.77
20;2;166;147.584;0.0;0.0;0.0;147.584;147.584;0.0;10.0;1475.8400000000001
20;2;167;242.977;0.0;0.0;0.0;242.977;242.977;0.0;10.0;2429.77
20;3;0;17.683;0.0;0.0;0.0;17.683;17.683;0.0;15.0;265.245
20;3;1;210.752;0.0;0.0;0.0;210.752;210.752;0.0;15.0;3161.28
20;3;2;202.037;0.0;0.0;0.0;202.037;202.037;0.0;15.0;3030.5550000000003
20;3;3;205.57100000000003;0.0;0.0;0.0;205.571;205.571;0.0;15.0;3083.565
20;3;4;271.169;0.0;0.0;0.0;271.169;271.169;0.0;15.0;4067.535
20;3;5;153.534;0.0;0.0;0.0;153.534;153.534;0.0;15.0;2303.0099999999998
20;3;6;244.772;0.0;0.0;0.0;244.772;244.772;0.0;15.0;3671.58
20;3;7;297.18;0.0;0.0;0.0;297.18;297.18;0.0;15.0;4457.7
20;3;8;305.179;0.0;0.0;0.0;305.179;305.179;0.0;15.0;4577.6849999999995
20;3;9;293.949;0.0;0.0;0.0;293.949;293.949;0.0;15.0;4409.235000000001
20;3;10;259.63800000000003;0.0;0.0;0.0;259.638;259.638;0.0;15.0;3894.5699999999997
20;3;11;248.574;0.0;44.9977133;0.0;203.5762867;248.574;0.0;15.0;3728.61
20;3;12;238.667;0.0;126.9934327;0.0;111.6735673;238.667;0.0;15.0;3580.005
20;3;13;235.869;0.0;200.0982568;0.0;35.7707432;235.869;0.0;15.0;3538.035
20;3;14;281.721;0.0;175.134369;0.0;106.586631;281.721;0.0;15.0;4225.8150000000005
20;3;15;302.994;0.0;84.5419964;0.0;218.4520036;302.994;0.0;15.0;4544.910000000001
20;3;16;333.2;0.0;0.0;0.0;333.2;333.2;0.0;15.0;4998.0
20;3;17;181.032;0.0;0.0;0.0;181.032;181.032;0.0;15.0;2715.48
20;3;18;362.11899999999997;0.0;0.0;0.0;362.119;362.119;0.0;15.0;5431.785000000001
20;3;19;127.304;0.0;0.0;0.0;127.304;127.304;0.0;15.0;1909.56
20;3;20;130.78199999999998;0.0;0.0;0.0;130.782;130.782;0.0;15.0;1961.7300000000002
20;3;21;274.57;0.0;0.0;0.0;274.57;274.57;0.0;15.0;4118.55
20;3;22;278.697;0.0;0.0;0.0;278.697;278.697;0.0;15.0;4180.455
20;3;23;327.788;0.0;0.0;0.0;327.788;327.788;0.0;15.0;4916.82
20;3;24;268.622;0.0;0.0;0.0;268.622;268.622;0.0;15.0;4029.3300000000004
20;3;25;26.166;0.0;0.0;0.0;26.166;26.166;0.0;15.0;392.49
20;3;26;205.519;0.0;0.0;0.0;205.519;205.519;0.0;15.0;3082.785
20;3;27;208.94;0.0;0.0;0.0;208.94;208.94;0.0;15.0;3134.1
20;3;28;213.138;0.0;0.0;0.0;213.138;213.138;0.0;15.0;3197.07
20;3;29;217.781;0.0;0.0;0.0;217.781;217.781;0.0;15.0;3266.715
20;3;30;251.665;0.0;0.0;0.0;251.665;251.665;0.0;15.0;3774.975
20;3;31;303.51800000000003;0.0;0.0;0.0;303.518;303.518;0.0;15.0;4552.7699999999995
20;3;32;298.33299999999997;0.0;0.0;0.0;298.333;298.333;0.0;15.0;4474.995000000001
20;3;33;282.048;0.0;0.0;0.0;282.048;282.048;0.0;15.0;4230.72
20;3;34;264.6;0.0;0.0;0.0;264.6;264.6;0.0;15.0;3969.0000000000005
20;3;35;253.922;0.0;129.1521593;0.0;124.7698407;253.922;0.0;15.0;3808.83
20;3;36;249.548;0.0;149.136216;0.0;100.411784;249.548;0.0;15.0;3743.2200000000003
20;3;37;258.53499999999997;0.0;43.3599915;0.0;215.1750085;258.535;0.0;15.0;3878.0250000000005
20;3;38;238.70100000000002;0.0;0.0;0.0;238.701;238.701;0.0;15.0;3580.515
20;3;39;253.543;0.0;0.0;0.0;253.543;253.543;0.0;15.0;3803.145
20;3;40;266.396;0.0;0.0;0.0;266.396;266.396;0.0;15.0;3995.94
20;3;41;289.178;0.0;0.0;0.0;289.178;289.178;0.0;15.0;4337.67
20;3;42;302.701;0.0;0.0;0.0;302.701;302.701;0.0;15.0;4540.515
20;3;43;317.94399999999996;0.0;0.0;0.0;317.944;317.944;0.0;15.0;4769.16
20;3;44;313.29;0.0;0.0;0.0;313.29;313.29;0.0;15.0;4699.35
20;3;45;285.882;0.0;0.0;0.0;285.882;285.882;0.0;15.0;4288.2300000000005
20;3;46;266.41200000000003;0.0;0.0;0.0;266.412;266.412;0.0;15.0;3996.18
20;3;47;241.903;0.0;0.0;0.0;241.903;241.903;0.0;15.0;3628.545
20;3;48;154.051;0.0;0.0;0.0;154.051;154.051;0.0;15.0;2310.765
20;3;49;150.77100000000002;0.0;0.0;0.0;150.771;150.771;0.0;15.0;2261.5649999999996
20;3;50;148.13400000000001;0.0;0.0;0.0;148.134;148.134;0.0;15.0;2222.0099999999998
20;3;51;141.69400000000002;0.0;0.0;0.0;141.694;141.694;0.0;15.0;2125.41
20;3;52;141.799;0.0;0.0;0.0;141.799;141.799;0.0;15.0;2126.985
20;3;53;141.543;0.0;0.0;0.0;141.543;141.543;0.0;15.0;2123.145
20;3;54;142.489;0.0;0.0;0.0;142.489;142.489;0.0;15.0;2137.335
20;3;55;221.923;0.0;0.0;0.0;221.923;221.923;0.0;15.0;3328.8450000000003
20;3;56;257.088;0.0;0.0;0.0;257.088;257.088;0.0;15.0;3856.32
20;3;57;219.586;0.0;0.0;0.0;219.586;219.586;0.0;15.0;3293.79
20;3;58;228.852;0.0;0.0;0.0;228.852;228.852;0.0;15.0;3432.78
20;3;59;208.17200000000003;0.0;0.0;0.0;208.172;208.172;0.0;15.0;3122.58
20;3;60;199.348;0.0;59.3926968;0.0;139.9553032;199.348;0.0;15.0;2990.2200000000003
20;3;61;175.873;0.0;138.79754;0.0;37.07546;175.873;0.0;15.0;2638.095
20;3;62;172.825;0.0;77.5514245;0.0;95.2735755;172.825;0.0;15.0;2592.375
20;3;63;192.135;0.0;2.6066469;0.0;189.5283531;192.135;0.0;15.0;2882.0249999999996
20;3;64;212.45;0.0;0.0;0.0;212.45;212.45;0.0;15.0;3186.75
20;3;65;335.309;0.0;0.0;0.0;335.309;335.309;0.0;15.0;5029.635
20;3;66;343.694;0.0;0.0;0.0;343.694;343.694;0.0;15.0;5155.41
20;3;67;276.655;0.0;0.0;0.0;276.655;276.655;0.0;15.0;4149.825
20;3;68;187.703;0.0;0.0;0.0;187.703;187.703;0.0;15.0;2815.545
20;3;69;124.495;0.0;0.0;0.0;124.495;124.495;0.0;15.0;1867.4250000000002
20;3;70;111.03;0.0;0.0;0.0;111.03;111.03;0.0;15.0;1665.45
20;3;71;197.275;0.0;0.0;0.0;197.275;197.275;0.0;15.0;2959.125
20;3;72;135.145;0.0;0.0;0.0;135.145;135.145;0.0;15.0;2027.1750000000002
20;3;73;146.86;0.0;0.0;0.0;146.86;146.86;0.0;15.0;2202.9
20;3;74;143.29;0.0;0.0;0.0;143.29;143.29;0.0;15.0;2149.35
20;3;75;150.178;0.0;0.0;0.0;150.178;150.178;0.0;15.0;2252.67
20;3;76;147.95499999999998;0.0;0.0;0.0;147.955;147.955;0.0;15.0;2219.3250000000003
20;3;77;151.664;0.0;0.0;0.0;151.664;151.664;0.0;15.0;2274.96
20;3;78;256.89300000000003;0.0;0.0;0.0;256.893;256.893;0.0;15.0;3853.3949999999995
20;3;79;102.305;0.0;0.0;0.0;102.305;102.305;0.0;15.0;1534.575
20;3;80;238.935;0.0;0.0;0.0;238.935;238.935;0.0;15.0;3584.025
20;3;81;208.91500000000002;0.0;0.0;0.0;208.915;208.915;0.0;15.0;3133.725
20;3;82;226.781;0.0;0.0;0.0;226.781;226.781;0.0;15.0;3401.715
20;3;83;224.324;0.0;0.0;0.0;224.324;224.324;0.0;15.0;3364.86
20;3;84;217.709;0.0;0.0;0.0;217.709;217.709;0.0;15.0;3265.635
20;3;85;225.394;0.0;133.9855817;0.0;91.4084183;225.394;0.0;15.0;3380.91
20;3;86;158.816;0.0;158.816;0.0;0.0;158.816;0.0;15.0;2382.2400000000002
20;3;87;292.606;0.0;78.0561464;0.0;214.5498536;292.606;0.0;15.0;4389.09
20;3;88;197.171;0.0;0.0;0.0;197.171;197.171;0.0;15.0;2957.565
20;3;89;347.665;0.0;0.0;0.0;347.665;347.665;0.0;15.0;5214.975
20;3;90;334.23900000000003;0.0;0.0;0.0;334.239;334.239;0.0;15.0;5013.585
20;3;91;108.044;0.0;0.0;0.0;108.044;108.044;0.0;15.0;1620.6599999999999
20;3;92;108.156;0.0;0.0;0.0;108.156;108.156;0.0;15.0;1622.3400000000001
20;3;93;259.16200000000003;0.0;0.0;0.0;259.162;259.162;0.0;15.0;3887.43
20;3;94;269.501;0.0;0.0;0.0;269.501;269.501;0.0;15.0;4042.5149999999994
20;3;95;237.556;0.0;0.0;0.0;237.556;237.556;0.0;15.0;3563.34
20;3;96;211.933;0.0;0.0;0.0;211.933;211.933;0.0;15.0;3178.995
20;3;97;231.66;0.0;0.0;0.0;231.66;231.66;0.0;15.0;3474.9
20;3;98;224.867;0.0;0.0;0.0;224.867;224.867;0.0;15.0;3373.0049999999997
20;3;99;231.209;0.0;0.0;0.0;231.209;231.209;0.0;15.0;3468.135
20;3;100;229.332;0.0;0.0;0.0;229.332;229.332;0.0;15.0;3439.98
20;3;101;225.309;0.0;0.0;0.0;225.309;225.309;0.0;15.0;3379.6349999999998
20;3;102;246.306;0.0;0.0;0.0;246.306;246.306;0.0;15.0;3694.59
20;3;103;280.506;0.0;0.0;0.0;280.506;280.506;0.0;15.0;4207.589999999999
20;3;104;281.419;0.0;0.0;0.0;281.419;281.419;0.0;15.0;4221.285
20;3;105;344.744;0.0;0.0;0.0;344.744;344.744;0.0;15.0;5171.160000000001
20;3;106;253.065;0.0;0.0;0.0;253.065;253.065;0.0;15.0;3795.975
20;3;107;303.01;0.0;0.0;0.0;303.01;303.01;0.0;15.0;4545.15
20;3;108;319.029;0.0;0.0;0.0;319.029;319.029;0.0;15.0;4785.4349999999995
20;3;109;290.028;0.0;9.7393322;0.0;280.2886678;290.028;0.0;15.0;4350.42
20;3;110;289.336;0.0;0.0;0.0;289.336;289.336;0.0;15.0;4340.04
20;3;111;278.574;0.0;0.0;0.0;278.574;278.574;0.0;15.0;4178.610000000001
20;3;112;305.23699999999997;0.0;0.0;0.0;305.237;305.237;0.0;15.0;4578.555
20;3;113;281.149;0.0;0.0;0.0;281.149;281.149;0.0;15.0;4217.235
20;3;114;304.183;0.0;0.0;0.0;304.183;304.183;0.0;15.0;4562.745
20;3;115;319.716;0.0;0.0;0.0;319.716;319.716;0.0;15.0;4795.74
20;3;116;302.336;0.0;0.0;0.0;302.336;302.336;0.0;15.0;4535.04
20;3;117;301.918;0.0;0.0;0.0;301.918;301.918;0.0;15.0;4528.77
20;3;118;268.603;0.0;0.0;0.0;268.603;268.603;0.0;15.0;4029.045
20;3;119;278.20500000000004;0.0;0.0;0.0;278.205;278.205;0.0;15.0;4173.075
20;3;120;257.599;0.0;0.0;0.0;257.599;257.599;0.0;15.0;3863.9849999999997
20;3;121;265.339;0.0;0.0;0.0;265.339;265.339;0.0;15.0;3980.085
20;3;122;268.29;0.0;0.0;0.0;268.29;268.29;0.0;15.0;4024.3500000000004
20;3;123;270.691;0.0;0.0;0.0;270.691;270.691;0.0;15.0;4060.365
20;3;124;108.108;0.0;0.0;0.0;108.108;108.108;0.0;15.0;1621.6200000000001
20;3;125;21.59;0.0;0.0;0.0;21.59;21.59;0.0;15.0;323.85
20;3;126;253.619;0.0;0.0;0.0;253.619;253.619;0.0;15.0;3804.285
20;3;127;294.371;0.0;0.0;0.0;294.371;294.371;0.0;15.0;4415.565
20;3;128;318.96;0.0;0.0;0.0;318.96;318.96;0.0;15.0;4784.4
20;3;129;290.172;0.0;0.0;0.0;290.172;290.172;0.0;15.0;4352.58
20;3;130;288.053;0.0;0.0;0.0;288.053;288.053;0.0;15.0;4320.795
20;3;131;279.804;0.0;0.0;0.0;279.804;279.804;0.0;15.0;4197.0599999999995
20;3;132;272.206;0.0;42.3597498;0.0;229.8462502;272.206;0.0;15.0;4083.09
20;3;133;253.93900000000002;0.0;45.5530557;0.0;208.3859443;253.939;0.0;15.0;3809.085
20;3;134;253.683;0.0;0.0;0.0;253.683;253.683;0.0;15.0;3805.245
20;3;135;264.911;0.0;0.0;0.0;264.911;264.911;0.0;15.0;3973.665
20;3;136;358.257;0.0;0.0;0.0;358.257;358.257;0.0;15.0;5373.8550000000005
20;3;137;203.628;0.0;0.0;0.0;203.628;203.628;0.0;15.0;3054.4199999999996
20;3;138;307.082;0.0;0.0;0.0;307.082;307.082;0.0;15.0;4606.23
20;3;139;388.25800000000004;0.0;0.0;0.0;388.258;388.258;0.0;15.0;5823.87
20;3;140;258.199;0.0;0.0;0.0;258.199;258.199;0.0;15.0;3872.985
20;3;141;334.451;0.0;0.0;0.0;334.451;334.451;0.0;15.0;5016.765
20;3;142;298.525;0.0;0.0;0.0;298.525;298.525;0.0;15.0;4477.875
20;3;143;276.69;0.0;0.0;0.0;276.69;276.69;0.0;15.0;4150.35
20;3;144;269.804;0.0;0.0;0.0;269.804;269.804;0.0;15.0;4047.0599999999995
20;3;145;167.704;0.0;0.0;0.0;167.704;167.704;0.0;15.0;2515.56
20;3;146;276.396;0.0;0.0;0.0;276.396;276.396;0.0;15.0;4145.9400000000005
20;3;147;178.56199999999998;0.0;0.0;0.0;178.562;178.562;0.0;15.0;2678.4300000000003
20;3;148;228.924;0.0;0.0;0.0;228.924;228.924;0.0;15.0;3433.86
20;3;149;233.44899999999998;0.0;0.0;0.0;233.449;233.449;0.0;15.0;3501.735
20;3;150;262.144;0.0;0.0;0.0;262.144;262.144;0.0;15.0;3932.16
20;3;151;298.834;0.0;0.0;0.0;298.834;298.834;0.0;15.0;4482.51
20;3;152;303.583;0.0;0.0;0.0;303.583;303.583;0.0;15.0;4553.745000000001
20;3;153;283.081;0.0;0.0;0.0;283.081;283.081;0.0;15.0;4246.215
20;3;154;251.358;0.0;42.540777;0.0;208.817223;251.358;0.0;15.0;3770.37
20;3;155;228.87900000000002;0.0;0.0;0.0;228.879;228.879;0.0;15.0;3433.185
20;3;156;241.474;0.0;0.0;0.0;241.474;241.474;0.0;15.0;3622.1099999999997
20;3;157;313.599;0.0;0.0;0.0;313.599;313.599;0.0;15.0;4703.985
20;3;158;149.9;0.0;0.0;0.0;149.9;149.9;0.0;15.0;2248.5
20;3;159;229.683;0.0;0.0;0.0;229.683;229.683;0.0;15.0;3445.245
20;3;160;250.474;0.0;0.0;0.0;250.474;250.474;0.0;15.0;3757.1099999999997
20;3;161;263.236;0.0;0.0;0.0;263.236;263.236;0.0;15.0;3948.54
20;3;162;270.385;0.0;0.0;0.0;270.385;270.385;0.0;15.0;4055.7749999999996
20;3;163;272.823;0.0;0.0;0.0;272.823;272.823;0.0;15.0;4092.345
20;3;164;261.618;0.0;0.0;0.0;261.618;261.618;0.0;15.0;3924.27
20;3;165;246.703;0.0;0.0;0.0;246.703;246.703;0.0;15.0;3700.545
20;3;166;343.57;0.0;0.0;0.0;343.57;343.57;0.0;15.0;5153.55
20;3;167;270.748;0.0;0.0;0.0;270.748;270.748;0.0;15.0;4061.22
