{
    "IWU Office, Administrative or Government Buildings": {
    "building_age_group": {
      "1860 - 1978": {
        "ow1": 0.367275866,
        "win1": 0.214412826,
        "rt1": 0.395549717,
        "gf1": 0.506728916
      },
      "1979 - 2009": {
        "ow1": 0.288649056,
        "win1": 0.298723187,
        "rt1": 0.331884826,
        "gf1": 0.383291576
      },
      "2010 - 2030": {
        "ow1": 0.541796301,
        "win1": 0.345399313,
        "rt1": 0.506728916,
        "gf1": 0.369112228
      }}
    },
    "IWU Research and University Teaching": { 
        "building_age_group": {
      "1860 - 1978": {
        "ow1": 0.302686357,
        "win1": 0.245921107,
        "rt1": 0.307373181,
        "gf1": 0.655684013
      },
      "1979 - 2009": {
        "ow1": 0.273405336,
        "win1": 0.269508573,
        "rt1": 0.265285574,
        "gf1": 0.305965179
      },
      "2010 - 2030": {
        "ow1": 0.265850913,
        "win1": 0.253833114,
        "rt1": 0.655684002,
        "gf1": 0.272474144
      }}
    },
    "IWU Health and Care": {   
        "building_age_group": {
      "1860 - 1978": {
        "ow1": 0.37044787,
        "win1": 0.183285088,
        "rt1": 0.301624217,
        "gf1": 0.376533116
      },
      "1979 - 2009": {
        "ow1": 0.268994466,
        "win1": 0.208330434,
        "rt1": 0.335450287,
        "gf1": 0.298094577
      },
      "2010 - 2030": {
        "ow1": 0.321130323,
        "win1": 0.348924377,
        "rt1": 0.326843238,
        "gf1": 0.375986013
      }
    }},
    "IWU School, Day Nursery and other Care": {  
        "building_age_group": {
      "1860 - 1978": {
        "ow1": 0.319407585,
        "win1": 0.290388123,
        "rt1": 0.400059596,
        "gf1": 0.5281331
      },
      "1979 - 2009": {
        "ow1": 0.33796726,
        "win1": 0.325072061,
        "rt1": 0.521524502,
        "gf1": 0.395933736
      },
      "2010 - 2030": {
        "ow1": 0.408411272,
        "win1": 0.23569826,
        "rt1": 0.5281331,
        "gf1": 0.520150289
      }
    }},
    "IWU Culture and Leisure": {  
        "building_age_group": {
      "1860 - 1978": {
        "ow1": 0.481897466,
        "win1": 0.264483462,
        "rt1": 0.453292314,
        "gf1": 0.411836884
      },
      "1979 - 2009": {
        "ow1": 0.507578876,
        "win1": 0.243854897,
        "rt1": 0.605245213,
        "gf1": 0.449838011
      },
      "2010 - 2030": {
        "ow1": 0.334030493,
        "win1": 0.37525621,
        "rt1": 0.422448493,
        "gf1": 0.601984854
      }
    }},
    "IWU Sports Facilities": {
        "building_age_group": {
      "1860 - 1978": {
        "ow1": 0.554841274,
        "win1": 0.800918107,
        "rt1": 0.749073077,
        "gf1": 0.755268552
      },
      "1979 - 2009": {
        "ow1": 0.469531346,
        "win1": 0.208567858,
        "rt1": 0.712748013,
        "gf1": 0.749530196
      },
      "2010 - 2030": {
        "ow1": 0.880209379,
        "win1": 0.128007659,
        "rt1": 0.735525416,
        "gf1": 0.811914518
      }
    }},
    "IWU Hotels, Boarding, Restaurants or Catering": {
        "building_age_group": {
      "1860 - 1978": {
        "ow1": 0.571613483,
        "win1": 0.289033996,
        "rt1": 0.36200171,
        "gf1": 0.285122382
      },
      "1979 - 2009": {
        "ow1": 0.417122941,
        "win1": 0.259027325,
        "rt1": 0.392579582,
        "gf1": 0.349599978
      },
      "2010 - 2030": {
        "ow1": 0.458805012,
        "win1": 0.280977559,
        "rt1": 0.393199456,
        "gf1": 0.281604254
      }
    }},
    "IWU Production, Workshop, Warehouse or Operations": {
        "building_age_group": {
      "1860 - 1978": {
        "ow1": 0.434041692,
        "win1": 0.177106716,
        "rt1": 0.697615167,
        "gf1": 0.874876657
      },
      "1979 - 2009": {
        "ow1": 0.395311058,
        "win1": 0.12657493,
        "rt1": 0.718002349,
        "gf1": 0.709400989
      },
      "2010 - 2030": {
        "ow1": 0.512760906,
        "win1": 0.128207067,
        "rt1": 0.725151346,
        "gf1": 0.870384841
      }
    }},
    "IWU Trade Buildings": {
        "building_age_group": {
      "1860 - 1978": {
        "ow1": 0.368695829,
        "win1": 0.11100406,
        "rt1": 0.874472474,
        "gf1": 0.873243839
      },
      "1979 - 2009": {
        "ow1": 0.306325887,
        "win1": 0.107614556,
        "rt1": 0.633179393,
        "gf1": 0.898372145
      },
      "2010 - 2030": {
        "ow1": 0.285943533,
        "win1": 0.239052787,
        "rt1": 0.873243839,
        "gf1": 0.894054076
      }}
    },
    "IWU Technical and Utility (supply and disposal)": {
        "building_age_group": {
      "1860 - 1978": {
        "ow1": 0.784967654,
        "win1": 0.303347338,
        "rt1": 0.594165802,
        "gf1": 1.176470497
      },
      "1979 - 2009": {
        "ow1": 1.05982518,
        "win1": 0.184022042,
        "rt1": 0.626736193,
        "gf1": 0.582556842
      },
      "2010 - 2030": {
        "ow1": 2.65923644,
        "win1": 0.295470712,
        "rt1": 1.176470588,
        "gf1": 0.627446828
      }}
    },
    "IWU Transport": {
        "building_age_group": {
      "1860 - 1978": {
        "ow1": 0.638685232,
        "win1": 0.528141959,
        "rt1": 0.613666073,
        "gf1": 1.275661128
      },
      "1979 - 2009": {
        "ow1": 0.717367949,
        "win1": 0.045591402,
        "rt1": 1.040207925,
        "gf1": 0.663987885
      },
      "2010 - 2030": {
        "ow1": 0.947224514,
        "win1": 0.105247183,
        "rt1": 1.048796155,
        "gf1": 1.123595506
      }}
    },
    "IWU Generalized (1) Services building": {
        "building_age_group": {
      "1860 - 1978": {
        "ow1": 0.395625694,
        "win1": 0.249978255,
        "rt1": 0.510514973,
        "gf1": 0.537230615
      },
      "1979 - 2009": {
        "ow1": 0.328674482,
        "win1": 0.217506227,
        "rt1": 0.484090942,
        "gf1": 0.509394059
      },
      "2010 - 2030": {
        "ow1": 0.402765689,
        "win1": 0.28544626,
        "rt1": 0.504403285,
        "gf1": 0.53858165
      }}
    },
    "IWU Generalized (2) Production buildings": {
        "building_age_group": {
      "1860 - 1978": {
        "ow1": 0.447687773,
        "win1": 0.189938893,
        "rt1": 0.692879142,
        "gf1": 0.879177105
      },
      "1979 - 2009": {
        "ow1": 0.422896927,
        "win1": 0.127648237,
        "rt1": 0.717646647,
        "gf1": 0.70529822
      },
      "2010 - 2030": {
        "ow1": 0.519387723,
        "win1": 0.128146031,
        "rt1": 0.72528952,
        "gf1": 0.873229981
      }
    }}
  }
