{
"type": "FeatureCollection",
"name": "boundary",
"crs": { "type": "name", "properties": { "name": "urn:ogc:def:crs:OGC:1.3:CRS84" } },
"features": [
{ "type": "Feature", "properties": { "bbox_west": 5.9748212, "bbox_south": 50.4943501, "bbox_east": 6.4196672, "bbox_north": 50.9498273, "place_id": 419574125, "osm_type": "relation", "osm_id": 62665, "lat": 50.7611222, "lon": 6.2055544, "class": "boundary", "type": "administrative", "place_rank": 12, "importance": 0.51166331994792569, "addresstype": "county", "name": "Aachen (district)", "display_name": "Aachen (district), North Rhine-Westphalia, Germany" }, "geometry": { "type": "MultiPolygon", "coordinates": [ [ [ [ 5.9748212, 50.7980624 ], [ 5.9748932, 50.7980477 ], [ 5.9749909, 50.7980042 ], [ 5.9750903, 50.7979819 ], [ 5.9752087, 50.7979726 ], [ 5.975266, 50.7979608 ], [ 5.9754288, 50.7978371 ], [ 5.9754508, 50.7978232 ], [ 5.9755081, 50.7977865 ], [ 5.9755412, 50.7977785 ], [ 5.9755795, 50.7977775 ], [ 5.9756124, 50.7977752 ], [ 5.975667, 50.7977626 ], [ 5.9757504, 50.7977294 ], [ 5.9758298, 50.7976951 ], [ 5.9759256, 50.7976567 ], [ 5.9759617, 50.7976362 ], [ 5.9760001, 50.7975756 ], [ 5.9760616, 50.7974924 ], [ 5.9761158, 50.7974662 ], [ 5.9761818, 50.7974488 ], [ 5.9763616, 50.797387 ], [ 5.9763815, 50.7973848 ], [ 5.9763927, 50.7973667 ], [ 5.9764396, 50.7973618 ], [ 5.9764585, 50.7973421 ], [ 5.9764853, 50.7973058 ], [ 5.9766408, 50.7971617 ], [ 5.9768629, 50.7970832 ], [ 5.9770043, 50.7969913 ], [ 5.977005, 50.7969636 ], [ 5.9769661, 50.7969253 ], [ 5.9769606, 50.7969122 ], [ 5.9769682, 50.7968997 ], [ 5.9770087, 50.7968487 ], [ 5.9771906, 50.7966896 ], [ 5.977262, 50.7966889 ], [ 5.9772798, 50.7966868 ], [ 5.9773078, 50.7966993 ], [ 5.9773617, 50.7967633 ], [ 5.977397, 50.7967909 ], [ 5.9774353, 50.796803 ], [ 5.9775265, 50.7968259 ], [ 5.9775901, 50.7968156 ], [ 5.9776359, 50.7968133 ], [ 5.9776865, 50.7968652 ], [ 5.9777493, 50.7969021 ], [ 5.9777921, 50.7969036 ], [ 5.977833, 50.7968936 ], [ 5.9778892, 50.7968461 ], [ 5.9779972, 50.7967846 ], [ 5.9780758, 50.7967685 ], [ 5.978106, 50.7966397 ], [ 5.9781349, 50.7966242 ], [ 5.9782252, 50.7966039 ], [ 5.9782337, 50.7965166 ], [ 5.9782888, 50.7964801 ], [ 5.9783337, 50.7964935 ], [ 5.978395, 50.7964919 ], [ 5.9784614, 50.7964825 ], [ 5.978487, 50.7964777 ], [ 5.9785341, 50.7964617 ], [ 5.9786204, 50.796419 ], [ 5.9787117, 50.7963897 ], [ 5.9787682, 50.7963865 ], [ 5.9788307, 50.7963966 ], [ 5.9788585, 50.7964042 ], [ 5.9790308, 50.796366 ], [ 5.9790999, 50.7963235 ], [ 5.9791528, 50.7962986 ], [ 5.9791556, 50.796284 ], [ 5.9791378, 50.7962503 ], [ 5.9791051, 50.7962522 ], [ 5.9790622, 50.7962478 ], [ 5.9790496, 50.7962333 ], [ 5.9790558, 50.7962034 ], [ 5.9790733, 50.7961701 ], [ 5.9790968, 50.7961424 ], [ 5.9790792, 50.7960061 ], [ 5.9790931, 50.7959912 ], [ 5.9791192, 50.7959819 ], [ 5.9791384, 50.7959878 ], [ 5.9792821, 50.7960041 ], [ 5.9793116, 50.7959984 ], [ 5.9793273, 50.7959878 ], [ 5.9793417, 50.7959721 ], [ 5.9793313, 50.7959468 ], [ 5.9793054, 50.7959098 ], [ 5.979233, 50.7958645 ], [ 5.9792378, 50.7958466 ], [ 5.979247, 50.7958284 ], [ 5.9793632, 50.7958305 ], [ 5.9794268, 50.7958468 ], [ 5.9794812, 50.7958242 ], [ 5.979507, 50.795732 ], [ 5.9795507, 50.7956757 ], [ 5.9796116, 50.7956165 ], [ 5.9796308, 50.7955992 ], [ 5.9796754, 50.7955936 ], [ 5.9797012, 50.7956034 ], [ 5.97975, 50.7956526 ], [ 5.9797708, 50.7956355 ], [ 5.979808, 50.7955892 ], [ 5.979831, 50.795551 ], [ 5.9798565, 50.7955232 ], [ 5.9799371, 50.7954589 ], [ 5.979964, 50.7954432 ], [ 5.9799874, 50.7954048 ], [ 5.9800502, 50.7953062 ], [ 5.9800301, 50.7952621 ], [ 5.9799476, 50.7952104 ], [ 5.9799479, 50.7951814 ], [ 5.9801585, 50.7951099 ], [ 5.9802361, 50.7951024 ], [ 5.9803094, 50.795102 ], [ 5.9805387, 50.7951276 ], [ 5.9806052, 50.795155 ], [ 5.9806404, 50.7951752 ], [ 5.9806807, 50.7951727 ], [ 5.9808944, 50.7950894 ], [ 5.9809736, 50.7950714 ], [ 5.9810651, 50.7950663 ], [ 5.9811559, 50.7950917 ], [ 5.9811976, 50.79509 ], [ 5.9812905, 50.7950334 ], [ 5.9813367, 50.7950182 ], [ 5.9814193, 50.7950094 ], [ 5.9814876, 50.7950073 ], [ 5.9815074, 50.7950096 ], [ 5.9815919, 50.7951783 ], [ 5.9816315, 50.7951875 ], [ 5.9816768, 50.7951825 ], [ 5.9818745, 50.7950337 ], [ 5.9819226, 50.7950456 ], [ 5.9820307, 50.7952105 ], [ 5.9820669, 50.7952262 ], [ 5.9821173, 50.7952308 ], [ 5.9821257, 50.7952302 ], [ 5.9821831, 50.7952146 ], [ 5.9822245, 50.7951359 ], [ 5.9822557, 50.7951159 ], [ 5.9823394, 50.7951406 ], [ 5.9824573, 50.7952004 ], [ 5.9825205, 50.7952098 ], [ 5.9825565, 50.7952196 ], [ 5.9825962, 50.7952291 ], [ 5.9826622, 50.795228 ], [ 5.9827247, 50.7952132 ], [ 5.9827854, 50.7952115 ], [ 5.982892, 50.7951753 ], [ 5.9829351, 50.7951701 ], [ 5.9830294, 50.7951209 ], [ 5.9830863, 50.7950286 ], [ 5.9831031, 50.7949326 ], [ 5.9831152, 50.7949146 ], [ 5.9831477, 50.7949072 ], [ 5.9832848, 50.794891 ], [ 5.9834002, 50.7948864 ], [ 5.983469, 50.7948673 ], [ 5.9835744, 50.7948596 ], [ 5.9836277, 50.7948348 ], [ 5.9836948, 50.7948327 ], [ 5.9837955, 50.7948676 ], [ 5.983853, 50.7948589 ], [ 5.9839533, 50.7948501 ], [ 5.9839848, 50.7948347 ], [ 5.983991, 50.7948135 ], [ 5.9840139, 50.7947569 ], [ 5.984047, 50.7947551 ], [ 5.9841033, 50.7947661 ], [ 5.9841416, 50.7947811 ], [ 5.9842272, 50.7948321 ], [ 5.9842387, 50.7948592 ], [ 5.9842363, 50.7948894 ], [ 5.9842657, 50.7949698 ], [ 5.9843034, 50.7949875 ], [ 5.9843451, 50.7949754 ], [ 5.9844539, 50.7949033 ], [ 5.9844994, 50.7948703 ], [ 5.9845228, 50.7948489 ], [ 5.9845502, 50.7948078 ], [ 5.9845826, 50.7947889 ], [ 5.984654, 50.7947952 ], [ 5.9846852, 50.7948389 ], [ 5.9846614, 50.7948717 ], [ 5.9847213, 50.7948634 ], [ 5.9849383, 50.7948575 ], [ 5.9850891, 50.7947973 ], [ 5.9851214, 50.7947905 ], [ 5.9851609, 50.7947632 ], [ 5.9851505, 50.7947483 ], [ 5.9850532, 50.7946812 ], [ 5.9849932, 50.7946527 ], [ 5.9849885, 50.7946333 ], [ 5.9850101, 50.7945955 ], [ 5.9851787, 50.7945808 ], [ 5.9851529, 50.7945446 ], [ 5.9851114, 50.7945086 ], [ 5.9851746, 50.7943697 ], [ 5.9852114, 50.7942477 ], [ 5.9852599, 50.7942335 ], [ 5.9853329, 50.7942491 ], [ 5.9853641, 50.7943067 ], [ 5.9853496, 50.7943257 ], [ 5.9853429, 50.7943474 ], [ 5.9853437, 50.7943742 ], [ 5.9853646, 50.7943913 ], [ 5.9854045, 50.7944173 ], [ 5.9854242, 50.7944094 ], [ 5.9855126, 50.7943432 ], [ 5.985554, 50.7942952 ], [ 5.9855937, 50.794224 ], [ 5.9856, 50.7942047 ], [ 5.9856964, 50.7942233 ], [ 5.9857434, 50.7942168 ], [ 5.9857457, 50.7941885 ], [ 5.9856956, 50.7941649 ], [ 5.9857061, 50.7941063 ], [ 5.985749, 50.7940748 ], [ 5.9857802, 50.7940762 ], [ 5.9856644, 50.7939156 ], [ 5.9856738, 50.7938867 ], [ 5.9856947, 50.7938732 ], [ 5.985779, 50.7938407 ], [ 5.9858609, 50.7938299 ], [ 5.9861068, 50.7938297 ], [ 5.9862421, 50.7938433 ], [ 5.9863068, 50.7938391 ], [ 5.9863736, 50.7938301 ], [ 5.9864756, 50.7938768 ], [ 5.9865529, 50.7938823 ], [ 5.9865732, 50.7938779 ], [ 5.9867329, 50.7937779 ], [ 5.9867551, 50.7937802 ], [ 5.9868954, 50.7938524 ], [ 5.9869834, 50.7938632 ], [ 5.9871633, 50.7939197 ], [ 5.9872205, 50.7939468 ], [ 5.9872902, 50.7940411 ], [ 5.9873545, 50.7940863 ], [ 5.9875035, 50.7940741 ], [ 5.9875529, 50.7940306 ], [ 5.987635, 50.7939951 ], [ 5.9877416, 50.7940595 ], [ 5.9878377, 50.7940884 ], [ 5.9879611, 50.7940975 ], [ 5.9880619, 50.794099 ], [ 5.9881184, 50.7940784 ], [ 5.9881992, 50.7940671 ], [ 5.9882683, 50.794047 ], [ 5.9883225, 50.7940215 ], [ 5.9885756, 50.7938681 ], [ 5.9888492, 50.7937196 ], [ 5.9890782, 50.793587 ], [ 5.9891902, 50.7935399 ], [ 5.9893035, 50.793491 ], [ 5.9893632, 50.7934604 ], [ 5.989391, 50.7934321 ], [ 5.9894958, 50.7933495 ], [ 5.9896341, 50.7932765 ], [ 5.9898625, 50.7931639 ], [ 5.9899316, 50.7931389 ], [ 5.9900364, 50.7930832 ], [ 5.990133, 50.7930335 ], [ 5.9902555, 50.7930016 ], [ 5.9903184, 50.7929189 ], [ 5.9905675, 50.7927699 ], [ 5.9906085, 50.7927409 ], [ 5.9908344, 50.792625 ], [ 5.990948, 50.7925628 ], [ 5.9912294, 50.7923975 ], [ 5.9913453, 50.7923275 ], [ 5.9915545, 50.7922237 ], [ 5.9917927, 50.7920919 ], [ 5.9919106, 50.7920158 ], [ 5.9919947, 50.7919775 ], [ 5.9920501, 50.7919585 ], [ 5.9921983, 50.7918786 ], [ 5.9922929, 50.791845 ], [ 5.9924253, 50.7917609 ], [ 5.9926282, 50.7916402 ], [ 5.9927424, 50.7915724 ], [ 5.9928197, 50.7915355 ], [ 5.9931095, 50.7913821 ], [ 5.9932207, 50.7913016 ], [ 5.9934107, 50.7911889 ], [ 5.9934792, 50.7911314 ], [ 5.9935502, 50.7911058 ], [ 5.9937275, 50.791022 ], [ 5.9938298, 50.7909561 ], [ 5.9939282, 50.7909085 ], [ 5.9940906, 50.7908103 ], [ 5.9944776, 50.7906105 ], [ 5.9946069, 50.790544 ], [ 5.994675, 50.7904917 ], [ 5.9947191, 50.7904421 ], [ 5.9948159, 50.7903982 ], [ 5.9948929, 50.7903687 ], [ 5.9949386, 50.7903394 ], [ 5.9949894, 50.7903134 ], [ 5.995088, 50.7902978 ], [ 5.9951093, 50.7902945 ], [ 5.9952385, 50.7902924 ], [ 5.9953807, 50.7902524 ], [ 5.9955848, 50.7901609 ], [ 5.9956768, 50.7901254 ], [ 5.9957351, 50.7901112 ], [ 5.9958293, 50.7900814 ], [ 5.9958849, 50.7900476 ], [ 5.9958984, 50.790017 ], [ 5.9959286, 50.7899853 ], [ 5.995924, 50.7899617 ], [ 5.9959362, 50.7899413 ], [ 5.9959382, 50.7898966 ], [ 5.9959367, 50.7898688 ], [ 5.9959279, 50.7898104 ], [ 5.995912, 50.7897539 ], [ 5.9959064, 50.7897008 ], [ 5.9958786, 50.7895092 ], [ 5.9958721, 50.7894357 ], [ 5.9958515, 50.7893201 ], [ 5.9958629, 50.7893004 ], [ 5.9958108, 50.789199 ], [ 5.9957995, 50.789088 ], [ 5.9957704, 50.7888899 ], [ 5.9957422, 50.788785 ], [ 5.9957437, 50.7886971 ], [ 5.9957563, 50.788669 ], [ 5.9957736, 50.7886657 ], [ 5.9957794, 50.7885982 ], [ 5.9957838, 50.788567 ], [ 5.9957087, 50.788459 ], [ 5.9957158, 50.7884062 ], [ 5.9957217, 50.7882562 ], [ 5.995746, 50.7880744 ], [ 5.9957539, 50.7879415 ], [ 5.9957287, 50.7878539 ], [ 5.9957414, 50.7877551 ], [ 5.9957433, 50.7876017 ], [ 5.9957295, 50.7875477 ], [ 5.9957809, 50.7874703 ], [ 5.9958443, 50.7874116 ], [ 5.9958857, 50.7873851 ], [ 5.9959836, 50.7873317 ], [ 5.9960458, 50.7873005 ], [ 5.9961549, 50.7872502 ], [ 5.9962393, 50.7872159 ], [ 5.9963221, 50.7871899 ], [ 5.9964433, 50.7871709 ], [ 5.9967124, 50.7870592 ], [ 5.9968346, 50.7870632 ], [ 5.9969012, 50.7870586 ], [ 5.9969526, 50.7870316 ], [ 5.9970474, 50.7869465 ], [ 5.9970702, 50.7868692 ], [ 5.9970728, 50.7867815 ], [ 5.9974288, 50.786591 ], [ 5.997455, 50.7865648 ], [ 5.9975464, 50.7866126 ], [ 5.9976915, 50.7866886 ], [ 5.9978976, 50.78674 ], [ 5.9979761, 50.7867477 ], [ 5.9979836, 50.7867485 ], [ 5.9981259, 50.7868151 ], [ 5.9982162, 50.786857 ], [ 5.9983653, 50.7869246 ], [ 5.9984679, 50.7869652 ], [ 5.9985076, 50.7869807 ], [ 5.9985781, 50.7869337 ], [ 5.9988345, 50.7868016 ], [ 5.9989721, 50.7867512 ], [ 5.9990404, 50.7866887 ], [ 5.9990595, 50.7866305 ], [ 5.9990163, 50.7865371 ], [ 5.9991843, 50.7864547 ], [ 5.9992342, 50.7864425 ], [ 5.999361, 50.7864082 ], [ 5.9994343, 50.786325 ], [ 5.9993851, 50.7861513 ], [ 5.9993838, 50.7861439 ], [ 5.9995718, 50.786012 ], [ 5.9997757, 50.7858515 ], [ 5.9998394, 50.7857907 ], [ 5.9998362, 50.7856568 ], [ 5.9997735, 50.7855952 ], [ 5.9997863, 50.7855653 ], [ 5.9998104, 50.7855601 ], [ 5.9999445, 50.7855869 ], [ 6.0000249, 50.7856061 ], [ 6.0000493, 50.7856019 ], [ 6.000096, 50.785555 ], [ 6.0001473, 50.7855186 ], [ 6.0002526, 50.7855009 ], [ 6.0002733, 50.785494 ], [ 6.0002137, 50.7853659 ], [ 6.0002195, 50.7853627 ], [ 6.0003379, 50.7853697 ], [ 6.0003898, 50.7853653 ], [ 6.0005107, 50.7852932 ], [ 6.0005825, 50.7852736 ], [ 6.0006192, 50.7852879 ], [ 6.0006624, 50.785299 ], [ 6.0006818, 50.785268 ], [ 6.0009359, 50.785155 ], [ 6.0009201, 50.7850732 ], [ 6.0009279, 50.7850518 ], [ 6.0009445, 50.7850245 ], [ 6.0009506, 50.784994 ], [ 6.000956, 50.7849863 ], [ 6.0009741, 50.7849749 ], [ 6.0009892, 50.7849727 ], [ 6.001039, 50.7849583 ], [ 6.0011012, 50.7849646 ], [ 6.0011556, 50.7849258 ], [ 6.001154, 50.7848683 ], [ 6.0012207, 50.7848551 ], [ 6.0012762, 50.7848168 ], [ 6.0012789, 50.7847598 ], [ 6.0014661, 50.7846991 ], [ 6.0016193, 50.784715 ], [ 6.0016754, 50.784707 ], [ 6.001759, 50.7846725 ], [ 6.0018312, 50.7846479 ], [ 6.0018331, 50.7845784 ], [ 6.0018994, 50.7844899 ], [ 6.0020064, 50.7844335 ], [ 6.0020371, 50.7843801 ], [ 6.0020117, 50.7843251 ], [ 6.0020569, 50.784282 ], [ 6.0021299, 50.7841918 ], [ 6.0022569, 50.7841726 ], [ 6.0024802, 50.7842126 ], [ 6.0025507, 50.7841914 ], [ 6.0026169, 50.7841208 ], [ 6.0026191, 50.7840741 ], [ 6.0026711, 50.7840508 ], [ 6.0028019, 50.7840083 ], [ 6.0028453, 50.7840029 ], [ 6.0030381, 50.7840687 ], [ 6.0031528, 50.784088 ], [ 6.003267, 50.7840637 ], [ 6.0033962, 50.7840093 ], [ 6.0035229, 50.7839945 ], [ 6.003584, 50.783933 ], [ 6.0037424, 50.7838579 ], [ 6.0037643, 50.7838567 ], [ 6.0040074, 50.7839301 ], [ 6.0040936, 50.7838659 ], [ 6.0042396, 50.7838089 ], [ 6.0042399, 50.7838065 ], [ 6.0042467, 50.7837876 ], [ 6.0041589, 50.7837411 ], [ 6.0041562, 50.7837302 ], [ 6.0042016, 50.7837043 ], [ 6.0042894, 50.7836806 ], [ 6.0044263, 50.7837278 ], [ 6.0045427, 50.7837441 ], [ 6.004662, 50.783611 ], [ 6.0046971, 50.7835135 ], [ 6.0048547, 50.783476 ], [ 6.0050036, 50.7834265 ], [ 6.0050255, 50.783424 ], [ 6.0052316, 50.7835001 ], [ 6.0055056, 50.7833688 ], [ 6.0055538, 50.7832965 ], [ 6.0055622, 50.7832617 ], [ 6.0055941, 50.7832098 ], [ 6.0056087, 50.7831075 ], [ 6.0057864, 50.7830538 ], [ 6.0058155, 50.7829698 ], [ 6.0058966, 50.7829106 ], [ 6.0059978, 50.7828907 ], [ 6.0060348, 50.7828515 ], [ 6.0060523, 50.7827949 ], [ 6.0061262, 50.7827404 ], [ 6.0061776, 50.7826917 ], [ 6.0061887, 50.7826557 ], [ 6.0061436, 50.782615 ], [ 6.0061433, 50.7825987 ], [ 6.0063028, 50.7825167 ], [ 6.006315, 50.7824822 ], [ 6.0062997, 50.7824181 ], [ 6.0063485, 50.7823401 ], [ 6.006564, 50.7823239 ], [ 6.0066102, 50.7823009 ], [ 6.0066434, 50.7822483 ], [ 6.0066152, 50.7822071 ], [ 6.0065164, 50.7821833 ], [ 6.0065084, 50.7821711 ], [ 6.0064798, 50.7821175 ], [ 6.0065438, 50.7820625 ], [ 6.006575, 50.7819694 ], [ 6.0065552, 50.7819089 ], [ 6.0065626, 50.7818995 ], [ 6.006633, 50.7818732 ], [ 6.0067175, 50.7818574 ], [ 6.006759, 50.7818612 ], [ 6.006864, 50.7818945 ], [ 6.006886, 50.7819028 ], [ 6.0069597, 50.7819043 ], [ 6.0070146, 50.7818868 ], [ 6.0071202, 50.7818194 ], [ 6.0072131, 50.7817329 ], [ 6.0072173, 50.7817043 ], [ 6.0073489, 50.7816199 ], [ 6.0074203, 50.7815665 ], [ 6.0074604, 50.781562 ], [ 6.0075623, 50.7815668 ], [ 6.0075914, 50.7815683 ], [ 6.0077627, 50.7815228 ], [ 6.0078706, 50.7814463 ], [ 6.0080547, 50.7813584 ], [ 6.0081639, 50.7813245 ], [ 6.0083938, 50.781296 ], [ 6.0085752, 50.7812344 ], [ 6.0086542, 50.7812209 ], [ 6.0088558, 50.7811459 ], [ 6.0090566, 50.7810956 ], [ 6.0091074, 50.7810635 ], [ 6.0091241, 50.7810259 ], [ 6.0091605, 50.7810047 ], [ 6.0092383, 50.7809732 ], [ 6.0095711, 50.7809557 ], [ 6.0096392, 50.7808132 ], [ 6.0097157, 50.7807398 ], [ 6.0096867, 50.7806724 ], [ 6.0097777, 50.7806148 ], [ 6.0099356, 50.7804765 ], [ 6.0099889, 50.7804458 ], [ 6.0100979, 50.7804267 ], [ 6.0101646, 50.7804696 ], [ 6.0102146, 50.7804952 ], [ 6.0102758, 50.7805017 ], [ 6.0103726, 50.7804949 ], [ 6.0105512, 50.7804111 ], [ 6.0105517, 50.7803831 ], [ 6.0104934, 50.7803578 ], [ 6.0105021, 50.7802662 ], [ 6.0106151, 50.7802348 ], [ 6.0106485, 50.7802441 ], [ 6.0107289, 50.7802372 ], [ 6.0107357, 50.7802174 ], [ 6.0107717, 50.780189 ], [ 6.0108565, 50.7801582 ], [ 6.0109229, 50.780204 ], [ 6.0110164, 50.7802316 ], [ 6.0110391, 50.7802379 ], [ 6.0111014, 50.7802588 ], [ 6.0112638, 50.780252 ], [ 6.011341, 50.7802609 ], [ 6.0114104, 50.7802612 ], [ 6.0114858, 50.7802414 ], [ 6.0115571, 50.7801609 ], [ 6.01164, 50.780147 ], [ 6.0117636, 50.7801667 ], [ 6.0118223, 50.7801557 ], [ 6.0118888, 50.7802011 ], [ 6.0119221, 50.7802142 ], [ 6.0120815, 50.7802211 ], [ 6.0121016, 50.7801791 ], [ 6.0121271, 50.780121 ], [ 6.0121354, 50.7801127 ], [ 6.0122003, 50.7801066 ], [ 6.0122836, 50.7801206 ], [ 6.0123689, 50.7801136 ], [ 6.0123984, 50.7800979 ], [ 6.0125024, 50.7800847 ], [ 6.0125152, 50.7800776 ], [ 6.012547, 50.7800375 ], [ 6.0125673, 50.7800331 ], [ 6.0126323, 50.7800299 ], [ 6.0126959, 50.7800443 ], [ 6.0127552, 50.7800455 ], [ 6.0128251, 50.7799885 ], [ 6.0129186, 50.7799824 ], [ 6.0130156, 50.7799713 ], [ 6.0130609, 50.7799399 ], [ 6.0130869, 50.7798867 ], [ 6.0131357, 50.7798727 ], [ 6.013221, 50.779877 ], [ 6.0132501, 50.7798726 ], [ 6.013293, 50.7798505 ], [ 6.0133314, 50.7798005 ], [ 6.0133761, 50.7797675 ], [ 6.0134239, 50.7797359 ], [ 6.0134524, 50.7797005 ], [ 6.0134352, 50.7796662 ], [ 6.0134, 50.7796434 ], [ 6.0133867, 50.7796273 ], [ 6.0134069, 50.7795435 ], [ 6.0133889, 50.7794978 ], [ 6.013439, 50.779472 ], [ 6.0137197, 50.7795044 ], [ 6.0138602, 50.7795311 ], [ 6.0140627, 50.7795259 ], [ 6.0142651, 50.7795318 ], [ 6.0143293, 50.7795293 ], [ 6.0143748, 50.7795484 ], [ 6.0144272, 50.779574 ], [ 6.0144602, 50.7795258 ], [ 6.0144617, 50.7795099 ], [ 6.0144302, 50.779473 ], [ 6.0144315, 50.7794523 ], [ 6.014468, 50.7794397 ], [ 6.0144829, 50.7794389 ], [ 6.0145289, 50.7794252 ], [ 6.0145436, 50.7794247 ], [ 6.0145788, 50.7793917 ], [ 6.0146266, 50.7793486 ], [ 6.0146633, 50.7792959 ], [ 6.0146802, 50.7792673 ], [ 6.0147529, 50.7792363 ], [ 6.0149101, 50.7791269 ], [ 6.0149478, 50.7790844 ], [ 6.0150125, 50.7790556 ], [ 6.0150718, 50.7790303 ], [ 6.0151138, 50.7789938 ], [ 6.0151475, 50.7789785 ], [ 6.0152704, 50.778943 ], [ 6.0153089, 50.7789464 ], [ 6.0153561, 50.7789502 ], [ 6.0154129, 50.7789435 ], [ 6.0154651, 50.7789034 ], [ 6.0154979, 50.7788594 ], [ 6.0155458, 50.7788249 ], [ 6.0156377, 50.778802 ], [ 6.0157169, 50.7787769 ], [ 6.015764, 50.7787805 ], [ 6.0158853, 50.7788231 ], [ 6.0159303, 50.7788177 ], [ 6.0160118, 50.7787876 ], [ 6.0160691, 50.7787703 ], [ 6.0160935, 50.7787503 ], [ 6.0162148, 50.7787042 ], [ 6.0162589, 50.778712 ], [ 6.0162971, 50.7787102 ], [ 6.0163628, 50.7786759 ], [ 6.0165621, 50.7785913 ], [ 6.0165927, 50.7785852 ], [ 6.0166095, 50.7785828 ], [ 6.0166642, 50.7786192 ], [ 6.0167026, 50.7786316 ], [ 6.0169455, 50.7786432 ], [ 6.0170032, 50.7786287 ], [ 6.0170607, 50.7786212 ], [ 6.0170795, 50.7786244 ], [ 6.0171386, 50.7786783 ], [ 6.017152, 50.7786776 ], [ 6.0173371, 50.7786008 ], [ 6.01738, 50.7785915 ], [ 6.0174229, 50.7785563 ], [ 6.0174359, 50.7784907 ], [ 6.0174419, 50.7784295 ], [ 6.0174562, 50.7784135 ], [ 6.0175, 50.7784074 ], [ 6.0175358, 50.7784127 ], [ 6.0175473, 50.7784044 ], [ 6.0175666, 50.7783746 ], [ 6.0175608, 50.7782378 ], [ 6.0176265, 50.7781863 ], [ 6.0176636, 50.7781251 ], [ 6.0176596, 50.778056 ], [ 6.0176163, 50.7780309 ], [ 6.0176478, 50.7779988 ], [ 6.0177175, 50.7779738 ], [ 6.0178198, 50.7779503 ], [ 6.0178671, 50.7779522 ], [ 6.017929, 50.7779455 ], [ 6.0179483, 50.7779283 ], [ 6.0179599, 50.7778516 ], [ 6.0179775, 50.7778403 ], [ 6.018113, 50.777804 ], [ 6.0182386, 50.7777953 ], [ 6.0182877, 50.7777888 ], [ 6.0183454, 50.7777707 ], [ 6.018444, 50.7777338 ], [ 6.0185372, 50.7777095 ], [ 6.0186646, 50.7776766 ], [ 6.0186841, 50.7776793 ], [ 6.018691, 50.7777132 ], [ 6.0187383, 50.7777149 ], [ 6.0188332, 50.7776963 ], [ 6.018911, 50.7776898 ], [ 6.0189571, 50.7776664 ], [ 6.0190179, 50.7776101 ], [ 6.0190557, 50.7775908 ], [ 6.0190972, 50.7775589 ], [ 6.0190741, 50.7775297 ], [ 6.0189959, 50.7774895 ], [ 6.0190034, 50.7774694 ], [ 6.0190357, 50.7774441 ], [ 6.0191585, 50.777404 ], [ 6.0192263, 50.777392 ], [ 6.0193077, 50.777384 ], [ 6.0195097, 50.7773296 ], [ 6.019525, 50.7773224 ], [ 6.0195652, 50.7773053 ], [ 6.019655, 50.77729 ], [ 6.0196893, 50.7772994 ], [ 6.0198016, 50.7772778 ], [ 6.019854, 50.777251 ], [ 6.0199144, 50.7771902 ], [ 6.019953, 50.7771795 ], [ 6.0200842, 50.7771718 ], [ 6.0201407, 50.777159 ], [ 6.0201626, 50.7771457 ], [ 6.0201238, 50.7771004 ], [ 6.0201379, 50.7770905 ], [ 6.0202272, 50.7770999 ], [ 6.0202394, 50.7770915 ], [ 6.0202077, 50.7769547 ], [ 6.020367, 50.7768956 ], [ 6.0204467, 50.7768938 ], [ 6.020488, 50.7768905 ], [ 6.0205305, 50.7768565 ], [ 6.0205334, 50.7768493 ], [ 6.0204448, 50.7767989 ], [ 6.0204123, 50.7767582 ], [ 6.0204054, 50.7767159 ], [ 6.0203861, 50.7766768 ], [ 6.0203466, 50.7766355 ], [ 6.0203069, 50.7766349 ], [ 6.0202545, 50.7766432 ], [ 6.0202169, 50.7766148 ], [ 6.0202934, 50.7765105 ], [ 6.0203342, 50.7764872 ], [ 6.020417, 50.7764645 ], [ 6.020526, 50.7764647 ], [ 6.0206897, 50.7764256 ], [ 6.0207883, 50.7763853 ], [ 6.0208377, 50.776374 ], [ 6.0208531, 50.7763735 ], [ 6.0208662, 50.7764053 ], [ 6.0208796, 50.7764042 ], [ 6.0209577, 50.7763851 ], [ 6.0210116, 50.7762983 ], [ 6.0210494, 50.7762844 ], [ 6.0210931, 50.7762997 ], [ 6.0211483, 50.7762519 ], [ 6.0212123, 50.7762576 ], [ 6.0212788, 50.7762507 ], [ 6.0213347, 50.7763049 ], [ 6.0213647, 50.7763181 ], [ 6.0214299, 50.7763303 ], [ 6.0214955, 50.7763572 ], [ 6.0215214, 50.7763264 ], [ 6.0215273, 50.7763008 ], [ 6.0214797, 50.7762752 ], [ 6.0215113, 50.7762494 ], [ 6.0215288, 50.7762341 ], [ 6.0215759, 50.7762277 ], [ 6.0216029, 50.7762245 ], [ 6.0216952, 50.7762124 ], [ 6.0217479, 50.7762152 ], [ 6.0217897, 50.7762008 ], [ 6.0218709, 50.7761962 ], [ 6.0219351, 50.7761913 ], [ 6.0219514, 50.7761972 ], [ 6.0219726, 50.7761901 ], [ 6.0220091, 50.7761724 ], [ 6.0220718, 50.7761611 ], [ 6.0221041, 50.7761484 ], [ 6.0221331, 50.7760981 ], [ 6.0221714, 50.7760196 ], [ 6.0222127, 50.7760132 ], [ 6.0222792, 50.7760528 ], [ 6.0224043, 50.7760783 ], [ 6.0224794, 50.7760822 ], [ 6.0225482, 50.7761074 ], [ 6.0225824, 50.7761122 ], [ 6.0227274, 50.7761125 ], [ 6.0227741, 50.7761279 ], [ 6.0228391, 50.776063 ], [ 6.0229103, 50.7760445 ], [ 6.0230093, 50.7760566 ], [ 6.0231163, 50.7760646 ], [ 6.0231757, 50.7760616 ], [ 6.0232653, 50.7760271 ], [ 6.0233636, 50.7760146 ], [ 6.0234237, 50.7759961 ], [ 6.0234782, 50.775971 ], [ 6.0235792, 50.7759626 ], [ 6.0236235, 50.775957 ], [ 6.0236477, 50.7759527 ], [ 6.0237249, 50.7759788 ], [ 6.0237485, 50.7759983 ], [ 6.0237849, 50.7760253 ], [ 6.023849, 50.7760403 ], [ 6.0239615, 50.776032 ], [ 6.0240324, 50.7760499 ], [ 6.0240825, 50.7760436 ], [ 6.0240908, 50.7759758 ], [ 6.0241348, 50.7759646 ], [ 6.0242, 50.7759878 ], [ 6.0242241, 50.7759744 ], [ 6.024249, 50.7759366 ], [ 6.0242568, 50.7759039 ], [ 6.0242931, 50.7758684 ], [ 6.0243631, 50.7758259 ], [ 6.02439, 50.7758029 ], [ 6.0244171, 50.7757452 ], [ 6.0244488, 50.7757394 ], [ 6.0244819, 50.7757471 ], [ 6.0245255, 50.7757324 ], [ 6.0245822, 50.7756995 ], [ 6.0246288, 50.7756835 ], [ 6.0247218, 50.7756506 ], [ 6.0247851, 50.7756201 ], [ 6.0248384, 50.7756295 ], [ 6.0248887, 50.7756276 ], [ 6.0249396, 50.7756119 ], [ 6.024965, 50.7755917 ], [ 6.0250026, 50.7755811 ], [ 6.0250163, 50.7755959 ], [ 6.0250473, 50.7755927 ], [ 6.0250873, 50.7755881 ], [ 6.0251579, 50.7755679 ], [ 6.0252948, 50.7755418 ], [ 6.025363, 50.7755502 ], [ 6.0254029, 50.7755791 ], [ 6.0254211, 50.7755859 ], [ 6.0254661, 50.7755932 ], [ 6.0256145, 50.7755542 ], [ 6.0258213, 50.7754518 ], [ 6.0258347, 50.77545 ], [ 6.0260503, 50.7755407 ], [ 6.0260774, 50.7755401 ], [ 6.0261177, 50.775529 ], [ 6.0261303, 50.7755077 ], [ 6.0261607, 50.7753967 ], [ 6.0261573, 50.7753862 ], [ 6.0261524, 50.7753829 ], [ 6.0262416, 50.7753101 ], [ 6.0262365, 50.7752867 ], [ 6.0262668, 50.7752418 ], [ 6.0263863, 50.7751901 ], [ 6.0264306, 50.7751564 ], [ 6.0264506, 50.7751352 ], [ 6.026467, 50.7751165 ], [ 6.0265094, 50.7750389 ], [ 6.0265353, 50.7750191 ], [ 6.0266072, 50.7750159 ], [ 6.026646, 50.7749984 ], [ 6.0267743, 50.7749358 ], [ 6.0268178, 50.7748955 ], [ 6.0268503, 50.7748681 ], [ 6.0269002, 50.7748582 ], [ 6.0269002, 50.7747711 ], [ 6.0269196, 50.7747504 ], [ 6.0269249, 50.7747138 ], [ 6.0269163, 50.7746665 ], [ 6.026911, 50.7746105 ], [ 6.0269036, 50.7745677 ], [ 6.0269192, 50.7745387 ], [ 6.0269137, 50.7745002 ], [ 6.0268818, 50.7744327 ], [ 6.0268849, 50.7744108 ], [ 6.0269853, 50.774397 ], [ 6.026992, 50.7743734 ], [ 6.0269513, 50.7742957 ], [ 6.0269856, 50.7742423 ], [ 6.0270484, 50.7742115 ], [ 6.0270977, 50.7742117 ], [ 6.027194, 50.7742246 ], [ 6.0272418, 50.7742063 ], [ 6.0273767, 50.7741883 ], [ 6.0274299, 50.7741991 ], [ 6.0275643, 50.7742126 ], [ 6.027595, 50.7742092 ], [ 6.02764, 50.7741842 ], [ 6.0276617, 50.7741646 ], [ 6.0276381, 50.7741163 ], [ 6.0276009, 50.7740694 ], [ 6.0276081, 50.7740638 ], [ 6.0276606, 50.7740455 ], [ 6.0277214, 50.773982 ], [ 6.0277297, 50.7739454 ], [ 6.027754, 50.7739171 ], [ 6.0277065, 50.7738598 ], [ 6.0277124, 50.7738442 ], [ 6.0277622, 50.7738567 ], [ 6.0278026, 50.7738592 ], [ 6.0278434, 50.7738533 ], [ 6.0278616, 50.7738401 ], [ 6.0278613, 50.7738076 ], [ 6.0278385, 50.7736983 ], [ 6.0278589, 50.7736611 ], [ 6.0278733, 50.773646 ], [ 6.0278878, 50.7736269 ], [ 6.0278908, 50.7736085 ], [ 6.0279295, 50.7735048 ], [ 6.0277577, 50.773421 ], [ 6.0272415, 50.773166 ], [ 6.0270843, 50.7730811 ], [ 6.0269579, 50.7730073 ], [ 6.0268418, 50.7729329 ], [ 6.0267296, 50.7728533 ], [ 6.026515, 50.7726732 ], [ 6.0264341, 50.7725938 ], [ 6.0263751, 50.7725301 ], [ 6.02633, 50.7724789 ], [ 6.0251544, 50.7710819 ], [ 6.0249698, 50.7709742 ], [ 6.0249618, 50.7709655 ], [ 6.0248987, 50.770896 ], [ 6.0248402, 50.7708344 ], [ 6.0247916, 50.7707838 ], [ 6.0246992, 50.7706911 ], [ 6.0245469, 50.7705362 ], [ 6.0245251, 50.7705136 ], [ 6.0244896, 50.7704741 ], [ 6.0244372, 50.7704163 ], [ 6.0244199, 50.7703976 ], [ 6.024386, 50.7703568 ], [ 6.0243364, 50.7702971 ], [ 6.024286, 50.7702366 ], [ 6.0242442, 50.7701878 ], [ 6.024203, 50.7701394 ], [ 6.024163, 50.770092 ], [ 6.0241084, 50.770028 ], [ 6.0240475, 50.7699562 ], [ 6.024005, 50.7699064 ], [ 6.0239695, 50.7698664 ], [ 6.0239127, 50.7698023 ], [ 6.0239103, 50.7697998 ], [ 6.0238425, 50.7697184 ], [ 6.0237986, 50.7696666 ], [ 6.023733, 50.7695879 ], [ 6.0234635, 50.7692966 ], [ 6.0234221, 50.7692381 ], [ 6.0233417, 50.7691245 ], [ 6.0232584, 50.7689938 ], [ 6.0232477, 50.7689759 ], [ 6.0232359, 50.7688763 ], [ 6.02323, 50.7688559 ], [ 6.0232501, 50.7688449 ], [ 6.023257, 50.7688377 ], [ 6.023269, 50.7688166 ], [ 6.0232509, 50.7687698 ], [ 6.0231298, 50.7686113 ], [ 6.0229224, 50.7684256 ], [ 6.0227372, 50.7684885 ], [ 6.0224529, 50.7679654 ], [ 6.0222165, 50.7675312 ], [ 6.0221428, 50.7673967 ], [ 6.0216938, 50.7665714 ], [ 6.0215176, 50.7663755 ], [ 6.0214077, 50.7662347 ], [ 6.0212226, 50.766064 ], [ 6.0209667, 50.7658813 ], [ 6.0208624, 50.7657951 ], [ 6.0207675, 50.7656715 ], [ 6.020618, 50.7655245 ], [ 6.0203601, 50.7653032 ], [ 6.0199459, 50.7650308 ], [ 6.0197496, 50.7649013 ], [ 6.0196152, 50.7647973 ], [ 6.0194694, 50.7647064 ], [ 6.019185, 50.7645262 ], [ 6.0190591, 50.7644053 ], [ 6.0187188, 50.7638529 ], [ 6.0186004, 50.7636866 ], [ 6.0184101, 50.7634192 ], [ 6.0183606, 50.763356 ], [ 6.0183998, 50.763187 ], [ 6.0184744, 50.7630485 ], [ 6.0185257, 50.7628222 ], [ 6.0186144, 50.7626313 ], [ 6.0186534, 50.7624373 ], [ 6.0187265, 50.7622663 ], [ 6.0187481, 50.7621629 ], [ 6.0187758, 50.7617326 ], [ 6.0188538, 50.7615554 ], [ 6.0188758, 50.7613273 ], [ 6.0189628, 50.7610699 ], [ 6.0189787, 50.7609235 ], [ 6.0190517, 50.7606545 ], [ 6.0191786, 50.7603074 ], [ 6.0192237, 50.7599697 ], [ 6.0193597, 50.7595735 ], [ 6.0194293, 50.7594428 ], [ 6.0195086, 50.7591587 ], [ 6.0195339, 50.7590032 ], [ 6.0195854, 50.7587066 ], [ 6.0196386, 50.7585762 ], [ 6.0196693, 50.7583657 ], [ 6.0198554, 50.7577703 ], [ 6.019971, 50.7575888 ], [ 6.0200301, 50.7574609 ], [ 6.0200794, 50.7573551 ], [ 6.0202447, 50.7569677 ], [ 6.0203205, 50.7567005 ], [ 6.0204395, 50.7563032 ], [ 6.0204951, 50.7560494 ], [ 6.0205948, 50.7558296 ], [ 6.0206588, 50.7555191 ], [ 6.0208255, 50.7549931 ], [ 6.0208827, 50.7546949 ], [ 6.0210074, 50.7542873 ], [ 6.0210445, 50.7541325 ], [ 6.0211015, 50.7540068 ], [ 6.0211933, 50.7538483 ], [ 6.0213075, 50.7535626 ], [ 6.021328, 50.7535094 ], [ 6.0213771, 50.7534662 ], [ 6.0214074, 50.7534219 ], [ 6.0214136, 50.7534127 ], [ 6.0214206, 50.7534015 ], [ 6.0214329, 50.7533831 ], [ 6.0214894, 50.7533361 ], [ 6.0217631, 50.7531649 ], [ 6.0221749, 50.7530309 ], [ 6.0228974, 50.7527481 ], [ 6.02385, 50.7523507 ], [ 6.0245649, 50.7520966 ], [ 6.0255743, 50.7517092 ], [ 6.0264899, 50.751246 ], [ 6.0266515, 50.7511737 ], [ 6.0269912, 50.7510218 ], [ 6.027117, 50.750949 ], [ 6.0272892, 50.7508496 ], [ 6.0273269, 50.7508273 ], [ 6.0276967, 50.7506845 ], [ 6.0280616, 50.7505416 ], [ 6.028404, 50.7504053 ], [ 6.0287949, 50.75025 ], [ 6.0291, 50.750128 ], [ 6.0288574, 50.7499721 ], [ 6.0287793, 50.749932 ], [ 6.0284933, 50.7496785 ], [ 6.0281578, 50.7491302 ], [ 6.027547, 50.7480118 ], [ 6.0281787, 50.7477823 ], [ 6.0284072, 50.7481899 ], [ 6.0289292, 50.7489105 ], [ 6.0294313, 50.749409 ], [ 6.0298206, 50.7497946 ], [ 6.0305476, 50.7494802 ], [ 6.0310952, 50.7492411 ], [ 6.0315485, 50.7490576 ], [ 6.0319452, 50.7489037 ], [ 6.0323523, 50.7487294 ], [ 6.0330812, 50.7483999 ], [ 6.0333863, 50.7482828 ], [ 6.0340318, 50.748026 ], [ 6.0342071, 50.7479892 ], [ 6.0344806, 50.7478778 ], [ 6.0350699, 50.7476664 ], [ 6.0354438, 50.7475141 ], [ 6.0356899, 50.7474258 ], [ 6.0360742, 50.7472558 ], [ 6.0364188, 50.747112 ], [ 6.0365659, 50.7470829 ], [ 6.0371646, 50.7467916 ], [ 6.0382459, 50.7463403 ], [ 6.0385714, 50.7462584 ], [ 6.0387315, 50.7461936 ], [ 6.039017, 50.7460982 ], [ 6.0392574, 50.7460337 ], [ 6.0393989, 50.7459376 ], [ 6.039726, 50.7458136 ], [ 6.0402969, 50.7455813 ], [ 6.0404419, 50.7455029 ], [ 6.0400239, 50.7442449 ], [ 6.0396383, 50.74305 ], [ 6.0394255, 50.7423736 ], [ 6.0394245, 50.7423704 ], [ 6.0399074, 50.7417229 ], [ 6.0404259, 50.741009 ], [ 6.0407226, 50.7404085 ], [ 6.0403891, 50.7394838 ], [ 6.0399841, 50.7383308 ], [ 6.0396725, 50.7374691 ], [ 6.03797, 50.736416 ], [ 6.037227, 50.7359668 ], [ 6.0360432, 50.7349827 ], [ 6.0349321, 50.7340628 ], [ 6.0341888, 50.7334541 ], [ 6.0346933, 50.7328117 ], [ 6.0348328, 50.732705 ], [ 6.0349281, 50.7325732 ], [ 6.0350035, 50.7324148 ], [ 6.03492, 50.7318935 ], [ 6.0347907, 50.7317252 ], [ 6.0346858, 50.7316408 ], [ 6.0345871, 50.7315709 ], [ 6.0341852, 50.7313586 ], [ 6.0339693, 50.7312675 ], [ 6.033575, 50.731131 ], [ 6.0333581, 50.7310602 ], [ 6.0332199, 50.7310088 ], [ 6.0331758, 50.7309779 ], [ 6.0331508, 50.7309562 ], [ 6.0331515, 50.7308969 ], [ 6.0331698, 50.7308457 ], [ 6.0331913, 50.7307833 ], [ 6.0331971, 50.730766 ], [ 6.0332306, 50.7307026 ], [ 6.033187, 50.730661 ], [ 6.033228, 50.7305701 ], [ 6.0332612, 50.7304973 ], [ 6.0332842, 50.7304467 ], [ 6.033309, 50.7303908 ], [ 6.0333487, 50.7303027 ], [ 6.0333837, 50.7302444 ], [ 6.0334499, 50.7301609 ], [ 6.0335087, 50.7300987 ], [ 6.0336599, 50.7299489 ], [ 6.0338175, 50.7298108 ], [ 6.0339382, 50.7297185 ], [ 6.034018, 50.7296575 ], [ 6.034091, 50.7296104 ], [ 6.0341558, 50.7295686 ], [ 6.0342447, 50.7295218 ], [ 6.0343093, 50.7295107 ], [ 6.0343766, 50.7294524 ], [ 6.0342357, 50.7290862 ], [ 6.0343161, 50.7287122 ], [ 6.0342805, 50.7280734 ], [ 6.0342418, 50.7279578 ], [ 6.0342007, 50.7279127 ], [ 6.0338666, 50.7276695 ], [ 6.0336405, 50.7274618 ], [ 6.0334691, 50.727272 ], [ 6.0333816, 50.7271755 ], [ 6.0333655, 50.7271578 ], [ 6.0332444, 50.7269784 ], [ 6.0332299, 50.7268456 ], [ 6.0333076, 50.7265764 ], [ 6.0333137, 50.7262308 ], [ 6.033431, 50.7261391 ], [ 6.0338821, 50.7264165 ], [ 6.0340454, 50.7263024 ], [ 6.0345355, 50.7259611 ], [ 6.0345274, 50.7258929 ], [ 6.0344606, 50.7258956 ], [ 6.0343901, 50.7258625 ], [ 6.0343675, 50.7258041 ], [ 6.0343373, 50.7257611 ], [ 6.034371, 50.7257311 ], [ 6.0343468, 50.7256947 ], [ 6.0342965, 50.7256746 ], [ 6.0342807, 50.7256914 ], [ 6.0342748, 50.7257142 ], [ 6.0342418, 50.7257033 ], [ 6.0342344, 50.7256835 ], [ 6.0342441, 50.7256534 ], [ 6.0342504, 50.7256353 ], [ 6.03429, 50.7256326 ], [ 6.034312, 50.7256131 ], [ 6.0342916, 50.7255904 ], [ 6.0342826, 50.7255579 ], [ 6.0342412, 50.7255499 ], [ 6.0342408, 50.725579 ], [ 6.0342276, 50.7255898 ], [ 6.0341826, 50.7255666 ], [ 6.0342157, 50.7255505 ], [ 6.0341787, 50.7254744 ], [ 6.0342562, 50.7254702 ], [ 6.0342744, 50.7254444 ], [ 6.0343056, 50.7253997 ], [ 6.0342983, 50.7253929 ], [ 6.0342865, 50.7253814 ], [ 6.0342684, 50.7253641 ], [ 6.034214, 50.7253488 ], [ 6.0341865, 50.7253432 ], [ 6.0341995, 50.7253408 ], [ 6.0344127, 50.7252486 ], [ 6.0348462, 50.7250606 ], [ 6.0353774, 50.7248312 ], [ 6.0354433, 50.724795 ], [ 6.0355131, 50.7247602 ], [ 6.0356316, 50.72472 ], [ 6.0357244, 50.7246711 ], [ 6.0359022, 50.7246358 ], [ 6.0359734, 50.7245963 ], [ 6.0360616, 50.724511 ], [ 6.0362117, 50.7245687 ], [ 6.0363509, 50.7245972 ], [ 6.0366618, 50.7246838 ], [ 6.0367896, 50.7246755 ], [ 6.037073, 50.7247574 ], [ 6.0375648, 50.7248754 ], [ 6.0376121, 50.7248667 ], [ 6.0377759, 50.7247975 ], [ 6.0371905, 50.7240179 ], [ 6.036967, 50.7232527 ], [ 6.0368719, 50.7226599 ], [ 6.0368, 50.7217929 ], [ 6.0368044, 50.7217279 ], [ 6.0368098, 50.7215226 ], [ 6.0368372, 50.7213819 ], [ 6.0368227, 50.7211288 ], [ 6.0368166, 50.7209974 ], [ 6.0368019, 50.7207409 ], [ 6.0367895, 50.720519 ], [ 6.0367733, 50.7202363 ], [ 6.036748, 50.7200031 ], [ 6.0370356, 50.7199085 ], [ 6.0371765, 50.7197685 ], [ 6.0372413, 50.7196864 ], [ 6.0373796, 50.7195522 ], [ 6.0375358, 50.7194579 ], [ 6.0375808, 50.7194477 ], [ 6.0376151, 50.7194193 ], [ 6.0378122, 50.7193152 ], [ 6.0379577, 50.7192316 ], [ 6.0381036, 50.7191486 ], [ 6.0384271, 50.7189601 ], [ 6.0385177, 50.7189065 ], [ 6.0387478, 50.7187724 ], [ 6.0388972, 50.7186888 ], [ 6.0394373, 50.7183827 ], [ 6.0397004, 50.7182815 ], [ 6.0397072, 50.7182813 ], [ 6.0398739, 50.7182763 ], [ 6.0399201, 50.7183089 ], [ 6.0399881, 50.7183155 ], [ 6.0400726, 50.7183237 ], [ 6.0402271, 50.7183385 ], [ 6.0402912, 50.7183207 ], [ 6.0402951, 50.7183196 ], [ 6.0404566, 50.7183548 ], [ 6.0408548, 50.7183942 ], [ 6.0409288, 50.7184012 ], [ 6.0410145, 50.7184224 ], [ 6.0411528, 50.7184677 ], [ 6.0411986, 50.7184798 ], [ 6.0412649, 50.7184967 ], [ 6.0413247, 50.7185116 ], [ 6.0414031, 50.7185312 ], [ 6.0414834, 50.7188056 ], [ 6.0416169, 50.719509 ], [ 6.0417806, 50.7200311 ], [ 6.0418285, 50.7203314 ], [ 6.0419051, 50.720645 ], [ 6.0419408, 50.7207708 ], [ 6.0419356, 50.7208548 ], [ 6.041949, 50.720942 ], [ 6.0422529, 50.7217494 ], [ 6.0425082, 50.7222089 ], [ 6.0427651, 50.7227873 ], [ 6.0427848, 50.7236196 ], [ 6.0428102, 50.7236943 ], [ 6.0429574, 50.724071 ], [ 6.0430187, 50.7242905 ], [ 6.0431802, 50.7248472 ], [ 6.0432859, 50.7250333 ], [ 6.0434102, 50.7251659 ], [ 6.0435151, 50.7253771 ], [ 6.0435467, 50.7254798 ], [ 6.0435781, 50.7256895 ], [ 6.0435875, 50.7258505 ], [ 6.0435798, 50.7259024 ], [ 6.043611, 50.7259644 ], [ 6.0437858, 50.7260936 ], [ 6.0439074, 50.7262757 ], [ 6.0439473, 50.7263981 ], [ 6.0439463, 50.7265813 ], [ 6.0439124, 50.7270347 ], [ 6.0441569, 50.7273358 ], [ 6.0441229, 50.7276051 ], [ 6.0442174, 50.727807 ], [ 6.044277, 50.7279176 ], [ 6.0443371, 50.7280871 ], [ 6.0444645, 50.728433 ], [ 6.0446559, 50.728403 ], [ 6.0447513, 50.7283831 ], [ 6.0448211, 50.728363 ], [ 6.0452227, 50.7282227 ], [ 6.0456834, 50.7281034 ], [ 6.0458174, 50.7280549 ], [ 6.0460765, 50.7279801 ], [ 6.0464278, 50.7278765 ], [ 6.0467122, 50.7277742 ], [ 6.046761, 50.7277508 ], [ 6.0468719, 50.7276312 ], [ 6.0469768, 50.7275534 ], [ 6.0471944, 50.7274719 ], [ 6.0473482, 50.7273674 ], [ 6.04748, 50.7272327 ], [ 6.0475301, 50.727197 ], [ 6.0476161, 50.7271652 ], [ 6.047898, 50.7269835 ], [ 6.0480068, 50.7269551 ], [ 6.0481817, 50.7269274 ], [ 6.0482591, 50.7268945 ], [ 6.0490811, 50.7264294 ], [ 6.0492914, 50.7262765 ], [ 6.0494892, 50.7261536 ], [ 6.0498234, 50.7259975 ], [ 6.0499362, 50.7260133 ], [ 6.0503111, 50.7259541 ], [ 6.0506815, 50.7258775 ], [ 6.0512759, 50.7257864 ], [ 6.0517756, 50.7256565 ], [ 6.0524555, 50.7254271 ], [ 6.0528932, 50.7253389 ], [ 6.053315, 50.7252637 ], [ 6.0540292, 50.7251365 ], [ 6.0549951, 50.7249344 ], [ 6.0555756, 50.7247725 ], [ 6.0556095, 50.7247651 ], [ 6.055738, 50.7247294 ], [ 6.0565479, 50.7245748 ], [ 6.0569441, 50.7244905 ], [ 6.0572376, 50.7244276 ], [ 6.0578464, 50.7243189 ], [ 6.059496, 50.7239806 ], [ 6.059934, 50.7238999 ], [ 6.0607682, 50.7237161 ], [ 6.0615779, 50.7235493 ], [ 6.0624937, 50.7233699 ], [ 6.0634209, 50.7231956 ], [ 6.0651124, 50.7228452 ], [ 6.0675382, 50.7223038 ], [ 6.0687381, 50.722028 ], [ 6.0701287, 50.7217126 ], [ 6.0713625, 50.7214276 ], [ 6.0730309, 50.7210385 ], [ 6.0731445, 50.721012 ], [ 6.0731708, 50.7209649 ], [ 6.0733135, 50.7209388 ], [ 6.0739068, 50.7209891 ], [ 6.0766437, 50.7211254 ], [ 6.0787152, 50.7212253 ], [ 6.0802367, 50.7213088 ], [ 6.0804549, 50.7213184 ], [ 6.0808942, 50.7213472 ], [ 6.0818696, 50.7213886 ], [ 6.0842667, 50.7214724 ], [ 6.0859325, 50.7214187 ], [ 6.0867129, 50.7214182 ], [ 6.0876817, 50.7214446 ], [ 6.0881163, 50.7214283 ], [ 6.0883892, 50.7215242 ], [ 6.0891152, 50.7218336 ], [ 6.0893353, 50.7219327 ], [ 6.0900597, 50.7222327 ], [ 6.0901577, 50.7222733 ], [ 6.0902494, 50.7223114 ], [ 6.0902942, 50.7223298 ], [ 6.0914731, 50.7227992 ], [ 6.0916518, 50.7228708 ], [ 6.0917109, 50.7227087 ], [ 6.0919078, 50.7224707 ], [ 6.0923984, 50.722109 ], [ 6.0924983, 50.7220388 ], [ 6.093214, 50.7214599 ], [ 6.0934639, 50.7212751 ], [ 6.0946879, 50.7203736 ], [ 6.0948478, 50.7202597 ], [ 6.0949858, 50.7203815 ], [ 6.0956969, 50.7211329 ], [ 6.0960333, 50.7214605 ], [ 6.0961508, 50.7215774 ], [ 6.0966729, 50.7221372 ], [ 6.097013, 50.7224199 ], [ 6.0970981, 50.7224882 ], [ 6.0972075, 50.7225678 ], [ 6.0975477, 50.7227975 ], [ 6.0978104, 50.7230204 ], [ 6.0979222, 50.723138 ], [ 6.0979855, 50.7231645 ], [ 6.0980349, 50.7231905 ], [ 6.0981098, 50.7232165 ], [ 6.1000019, 50.7233624 ], [ 6.1002746, 50.7233491 ], [ 6.100459, 50.7233389 ], [ 6.1007218, 50.7233104 ], [ 6.1012248, 50.7232899 ], [ 6.1014524, 50.7232927 ], [ 6.1024236, 50.7232586 ], [ 6.102905, 50.723223 ], [ 6.1033066, 50.7232408 ], [ 6.1068005, 50.7231202 ], [ 6.1094523, 50.7229688 ], [ 6.1096939, 50.7229537 ], [ 6.1106706, 50.7228926 ], [ 6.1107269, 50.7235092 ], [ 6.1125317, 50.7228788 ], [ 6.1128301, 50.7227756 ], [ 6.1128978, 50.7227557 ], [ 6.1134182, 50.7226165 ], [ 6.1143167, 50.7223766 ], [ 6.1146963, 50.7222756 ], [ 6.1147338, 50.722234 ], [ 6.1150222, 50.7220595 ], [ 6.1153648, 50.7219118 ], [ 6.115684, 50.721719 ], [ 6.1159261, 50.7215857 ], [ 6.1160347, 50.7214836 ], [ 6.1162151, 50.7212695 ], [ 6.1162757, 50.7211971 ], [ 6.1164229, 50.7210555 ], [ 6.1164732, 50.7210075 ], [ 6.1165644, 50.7209341 ], [ 6.1167022, 50.7208551 ], [ 6.1169007, 50.720773 ], [ 6.1172189, 50.7206403 ], [ 6.1174224, 50.7205531 ], [ 6.1175475, 50.7204856 ], [ 6.1175806, 50.720469 ], [ 6.1176745, 50.7204312 ], [ 6.1176886, 50.7204259 ], [ 6.1177905, 50.7203686 ], [ 6.1179183, 50.7202994 ], [ 6.1182386, 50.720189 ], [ 6.1184021, 50.7199916 ], [ 6.1184631, 50.7199464 ], [ 6.1186659, 50.7196996 ], [ 6.1187276, 50.7196586 ], [ 6.1189248, 50.7198292 ], [ 6.1193217, 50.7195875 ], [ 6.119647, 50.7191731 ], [ 6.1195129, 50.7191867 ], [ 6.1199065, 50.7188437 ], [ 6.1203556, 50.7184524 ], [ 6.1203611, 50.7184476 ], [ 6.1205173, 50.7183116 ], [ 6.1207225, 50.718133 ], [ 6.1211892, 50.7177263 ], [ 6.1214139, 50.7175308 ], [ 6.1214025, 50.7174936 ], [ 6.1213391, 50.7175002 ], [ 6.1212539, 50.7175089 ], [ 6.1211014, 50.7175106 ], [ 6.1210118, 50.7174988 ], [ 6.1209532, 50.7174911 ], [ 6.1208556, 50.7174605 ], [ 6.1210134, 50.7171399 ], [ 6.1211738, 50.7168162 ], [ 6.1213595, 50.7164304 ], [ 6.1218307, 50.7153922 ], [ 6.1218974, 50.7153302 ], [ 6.121824, 50.7152165 ], [ 6.1216843, 50.7150588 ], [ 6.1215973, 50.7149178 ], [ 6.1218137, 50.7144006 ], [ 6.1218356, 50.7143321 ], [ 6.1218914, 50.7142564 ], [ 6.1219832, 50.7141569 ], [ 6.1222945, 50.7138175 ], [ 6.1224847, 50.713583 ], [ 6.1227724, 50.7132275 ], [ 6.1228655, 50.7131121 ], [ 6.1231058, 50.7128149 ], [ 6.1231085, 50.7128109 ], [ 6.1231113, 50.7128117 ], [ 6.1231704, 50.7127406 ], [ 6.1232052, 50.7127295 ], [ 6.1233075, 50.7126893 ], [ 6.1233712, 50.712729 ], [ 6.1234885, 50.7126724 ], [ 6.1235974, 50.7125931 ], [ 6.1236801, 50.7125062 ], [ 6.1239324, 50.7122091 ], [ 6.1242243, 50.7118661 ], [ 6.1244776, 50.7115452 ], [ 6.1245785, 50.7114179 ], [ 6.1246109, 50.711431 ], [ 6.1246951, 50.7113091 ], [ 6.1248268, 50.7111182 ], [ 6.1248705, 50.7109441 ], [ 6.1248902, 50.7107544 ], [ 6.1249045, 50.7106101 ], [ 6.1249114, 50.7105554 ], [ 6.1249274, 50.7103771 ], [ 6.1249411, 50.7102634 ], [ 6.1249701, 50.7099591 ], [ 6.1249823, 50.709858 ], [ 6.1249801, 50.7095967 ], [ 6.1249649, 50.7095478 ], [ 6.1249139, 50.7094763 ], [ 6.1248666, 50.7094094 ], [ 6.1247925, 50.7093192 ], [ 6.1247498, 50.7092672 ], [ 6.1247069, 50.7092145 ], [ 6.1237629, 50.7079895 ], [ 6.1234111, 50.707525 ], [ 6.123276, 50.7073453 ], [ 6.1232724, 50.7072231 ], [ 6.1233167, 50.7071357 ], [ 6.1234403, 50.7069692 ], [ 6.1236217, 50.7067996 ], [ 6.1237613, 50.7066813 ], [ 6.1242362, 50.7062776 ], [ 6.1245345, 50.7060219 ], [ 6.1247849, 50.7058076 ], [ 6.1255089, 50.7051984 ], [ 6.1267854, 50.7041231 ], [ 6.1275604, 50.7034706 ], [ 6.12814, 50.7029825 ], [ 6.1296, 50.7017533 ], [ 6.129909, 50.7014811 ], [ 6.1300202, 50.7013611 ], [ 6.1303327, 50.7010926 ], [ 6.1304565, 50.7009807 ], [ 6.1307548, 50.7007116 ], [ 6.1308381, 50.7006369 ], [ 6.1309719, 50.7005225 ], [ 6.1314146, 50.700144 ], [ 6.1316914, 50.6999076 ], [ 6.1317702, 50.6998339 ], [ 6.1318966, 50.6997272 ], [ 6.1319794, 50.6996544 ], [ 6.1321524, 50.6995374 ], [ 6.1324907, 50.6993482 ], [ 6.1326989, 50.699229 ], [ 6.1328334, 50.6991468 ], [ 6.1328993, 50.6991071 ], [ 6.133058, 50.6989525 ], [ 6.1331603, 50.6988183 ], [ 6.1332087, 50.6987124 ], [ 6.1332138, 50.6986048 ], [ 6.1331641, 50.6982349 ], [ 6.1331032, 50.697778 ], [ 6.1331787, 50.6973297 ], [ 6.1332509, 50.6968997 ], [ 6.133354, 50.6962903 ], [ 6.1333886, 50.6962447 ], [ 6.133818, 50.6959326 ], [ 6.1344164, 50.6954984 ], [ 6.134809, 50.6952248 ], [ 6.1352354, 50.6949277 ], [ 6.1360245, 50.6946558 ], [ 6.136936, 50.6943416 ], [ 6.1374769, 50.6941722 ], [ 6.1382927, 50.6939165 ], [ 6.1388998, 50.6937264 ], [ 6.1392821, 50.6936071 ], [ 6.1394393, 50.6935595 ], [ 6.1395101, 50.6934977 ], [ 6.1395624, 50.693437 ], [ 6.1394477, 50.6930638 ], [ 6.1394303, 50.6930071 ], [ 6.1394235, 50.6928348 ], [ 6.1393757, 50.6926239 ], [ 6.1393525, 50.6925587 ], [ 6.1392814, 50.692382 ], [ 6.1391868, 50.6922344 ], [ 6.1394433, 50.6921722 ], [ 6.1394856, 50.6921373 ], [ 6.1394135, 50.6920239 ], [ 6.1397702, 50.6916713 ], [ 6.1399674, 50.6914776 ], [ 6.1402175, 50.6912288 ], [ 6.1404988, 50.6909513 ], [ 6.1408257, 50.690628 ], [ 6.1410584, 50.6903967 ], [ 6.1411539, 50.6903515 ], [ 6.1411955, 50.6904074 ], [ 6.141281, 50.6905015 ], [ 6.1414137, 50.6905079 ], [ 6.1415807, 50.6904614 ], [ 6.1416828, 50.690412 ], [ 6.141916, 50.6902655 ], [ 6.1420471, 50.6903269 ], [ 6.1425222, 50.6899811 ], [ 6.1426529, 50.6898388 ], [ 6.1426211, 50.6898177 ], [ 6.1428357, 50.6896382 ], [ 6.1428591, 50.6895615 ], [ 6.142781, 50.6895314 ], [ 6.1427232, 50.6895339 ], [ 6.1427639, 50.689466 ], [ 6.143067, 50.6892266 ], [ 6.1431776, 50.689104 ], [ 6.1432879, 50.6890563 ], [ 6.1433915, 50.6889441 ], [ 6.1436108, 50.688815 ], [ 6.1436538, 50.6887667 ], [ 6.1434489, 50.6885284 ], [ 6.1433964, 50.6884786 ], [ 6.1433652, 50.6884468 ], [ 6.1429325, 50.6878723 ], [ 6.1427659, 50.6876522 ], [ 6.1422204, 50.686927 ], [ 6.1422532, 50.6868476 ], [ 6.1425688, 50.6862399 ], [ 6.143017, 50.6853908 ], [ 6.1431241, 50.6851834 ], [ 6.1431964, 50.6850539 ], [ 6.1433433, 50.6847928 ], [ 6.1434422, 50.6846195 ], [ 6.1435746, 50.6843837 ], [ 6.1436692, 50.6842133 ], [ 6.1439025, 50.6837983 ], [ 6.1440487, 50.6835365 ], [ 6.1443071, 50.683075 ], [ 6.1444648, 50.6827934 ], [ 6.1441107, 50.68158 ], [ 6.1443022, 50.6815347 ], [ 6.1451088, 50.6814498 ], [ 6.1454371, 50.6814419 ], [ 6.1455661, 50.6814103 ], [ 6.1457341, 50.6813297 ], [ 6.146235, 50.6807984 ], [ 6.1468345, 50.6801339 ], [ 6.1469106, 50.6801044 ], [ 6.1476878, 50.6799287 ], [ 6.1477725, 50.6798568 ], [ 6.1481975, 50.6794242 ], [ 6.1483942, 50.6782121 ], [ 6.1488591, 50.6777376 ], [ 6.1509761, 50.6769459 ], [ 6.1522222, 50.6764824 ], [ 6.1524054, 50.6764138 ], [ 6.1528829, 50.6762388 ], [ 6.1542362, 50.6757398 ], [ 6.1544332, 50.6756659 ], [ 6.1548251, 50.6755231 ], [ 6.155876, 50.6751291 ], [ 6.1567437, 50.6748006 ], [ 6.1567644, 50.6747928 ], [ 6.1567375, 50.674755 ], [ 6.1567225, 50.6746172 ], [ 6.1566517, 50.6745965 ], [ 6.156559, 50.6746465 ], [ 6.1564727, 50.6745385 ], [ 6.15641, 50.674499 ], [ 6.156411, 50.6744618 ], [ 6.1564784, 50.6744157 ], [ 6.156471, 50.674387 ], [ 6.1564016, 50.6743284 ], [ 6.156363, 50.6743057 ], [ 6.1563107, 50.6742037 ], [ 6.1565052, 50.6742234 ], [ 6.1565099, 50.6742373 ], [ 6.1565622, 50.6742513 ], [ 6.1566494, 50.6742035 ], [ 6.1567385, 50.674145 ], [ 6.1566772, 50.6740297 ], [ 6.156695, 50.6740035 ], [ 6.1567912, 50.6740262 ], [ 6.156848, 50.6740167 ], [ 6.1568874, 50.6739421 ], [ 6.1568499, 50.6738234 ], [ 6.1569129, 50.6738183 ], [ 6.1570095, 50.6737469 ], [ 6.1570165, 50.6737258 ], [ 6.1570014, 50.6737096 ], [ 6.1568395, 50.6736455 ], [ 6.156792, 50.6736519 ], [ 6.1567543, 50.6736226 ], [ 6.1567892, 50.6735473 ], [ 6.156928, 50.6734417 ], [ 6.1570242, 50.6734475 ], [ 6.1570789, 50.6734105 ], [ 6.1571147, 50.6732877 ], [ 6.1571114, 50.6731676 ], [ 6.1571466, 50.6731411 ], [ 6.1572455, 50.6731761 ], [ 6.1574855, 50.6731957 ], [ 6.1574936, 50.6731604 ], [ 6.1574627, 50.6731254 ], [ 6.1575543, 50.6730578 ], [ 6.1575603, 50.6730147 ], [ 6.1574802, 50.6729868 ], [ 6.1574859, 50.6729581 ], [ 6.1575177, 50.6729468 ], [ 6.1575409, 50.672959 ], [ 6.1575593, 50.6729927 ], [ 6.1576302, 50.6730046 ], [ 6.1577169, 50.672968 ], [ 6.1577323, 50.6729044 ], [ 6.1578597, 50.6728562 ], [ 6.1578661, 50.672819 ], [ 6.1577997, 50.6727724 ], [ 6.1577947, 50.6727308 ], [ 6.1578302, 50.6727204 ], [ 6.1578926, 50.6727425 ], [ 6.1579546, 50.6727805 ], [ 6.1580106, 50.6727986 ], [ 6.1581075, 50.672793 ], [ 6.1581558, 50.6727663 ], [ 6.158144, 50.6726934 ], [ 6.1580911, 50.6726424 ], [ 6.1580475, 50.6726439 ], [ 6.1580015, 50.67266 ], [ 6.1579663, 50.6726566 ], [ 6.1579573, 50.6726322 ], [ 6.1580103, 50.6725642 ], [ 6.1582838, 50.6724716 ], [ 6.1584853, 50.672455 ], [ 6.1586248, 50.672439 ], [ 6.1588183, 50.6725007 ], [ 6.15889, 50.6724682 ], [ 6.1590027, 50.6723774 ], [ 6.1589604, 50.6723273 ], [ 6.1589795, 50.6722899 ], [ 6.1590295, 50.6722555 ], [ 6.1590362, 50.6722221 ], [ 6.1589876, 50.6721235 ], [ 6.1589862, 50.6720967 ], [ 6.1590268, 50.6720763 ], [ 6.1592263, 50.6721322 ], [ 6.1592437, 50.6722346 ], [ 6.1593215, 50.6722478 ], [ 6.1595056, 50.6721764 ], [ 6.1595757, 50.6721284 ], [ 6.1595985, 50.6720623 ], [ 6.1596638, 50.672105 ], [ 6.1598063, 50.6720834 ], [ 6.1599894, 50.6720859 ], [ 6.1600383, 50.6721016 ], [ 6.1601218, 50.6720647 ], [ 6.1602693, 50.6720755 ], [ 6.1603568, 50.6720489 ], [ 6.1603625, 50.6720215 ], [ 6.1603572, 50.6720098 ], [ 6.1603086, 50.6719692 ], [ 6.1603532, 50.6719478 ], [ 6.1604846, 50.6719616 ], [ 6.1606365, 50.6719144 ], [ 6.1606432, 50.6718641 ], [ 6.1605892, 50.6718347 ], [ 6.1604856, 50.6718154 ], [ 6.1604108, 50.671835 ], [ 6.1603669, 50.6718218 ], [ 6.160379, 50.6718033 ], [ 6.1604879, 50.6717427 ], [ 6.1605788, 50.6717221 ], [ 6.1606804, 50.6717083 ], [ 6.1607327, 50.6717986 ], [ 6.1608152, 50.6718016 ], [ 6.1608728, 50.6717247 ], [ 6.1609865, 50.6716856 ], [ 6.1611451, 50.6717228 ], [ 6.1611944, 50.6716815 ], [ 6.1612872, 50.6716815 ], [ 6.161299, 50.6716839 ], [ 6.1612601, 50.6717357 ], [ 6.1612614, 50.671774 ], [ 6.1613724, 50.6718024 ], [ 6.1614606, 50.6718381 ], [ 6.1615581, 50.67173 ], [ 6.1616835, 50.6717944 ], [ 6.1617536, 50.6718124 ], [ 6.1618109, 50.6717931 ], [ 6.1618428, 50.6717657 ], [ 6.1617663, 50.6717104 ], [ 6.1617804, 50.6716667 ], [ 6.161823, 50.671679 ], [ 6.1618995, 50.6717447 ], [ 6.1619803, 50.6717179 ], [ 6.1620031, 50.6717149 ], [ 6.1619984, 50.6716977 ], [ 6.1620118, 50.6716182 ], [ 6.1620758, 50.6715789 ], [ 6.1621227, 50.671506 ], [ 6.1620939, 50.6714119 ], [ 6.1621321, 50.6713792 ], [ 6.1621865, 50.6713947 ], [ 6.1622364, 50.6714601 ], [ 6.1623072, 50.6714314 ], [ 6.1623373, 50.6713577 ], [ 6.1624094, 50.6713275 ], [ 6.1624818, 50.671345 ], [ 6.1625358, 50.6713133 ], [ 6.1624932, 50.6712731 ], [ 6.1624332, 50.6712485 ], [ 6.162435, 50.6712362 ], [ 6.1625023, 50.6712294 ], [ 6.162515, 50.6712224 ], [ 6.1625965, 50.6711907 ], [ 6.1626666, 50.6711754 ], [ 6.1627373, 50.6711915 ], [ 6.1627055, 50.671237 ], [ 6.1627024, 50.6712544 ], [ 6.1627474, 50.6712821 ], [ 6.1628169, 50.6712722 ], [ 6.1629368, 50.6711848 ], [ 6.1629539, 50.6711431 ], [ 6.1629029, 50.6710957 ], [ 6.1629137, 50.6709616 ], [ 6.1629619, 50.6709213 ], [ 6.1629425, 50.6707033 ], [ 6.1628855, 50.6706544 ], [ 6.1628433, 50.670583 ], [ 6.1627844, 50.6705276 ], [ 6.1628319, 50.670458 ], [ 6.1628875, 50.6704506 ], [ 6.1629093, 50.6704304 ], [ 6.16291, 50.6703801 ], [ 6.1628637, 50.6703586 ], [ 6.1628148, 50.6703516 ], [ 6.1627557, 50.6703705 ], [ 6.1625315, 50.6703033 ], [ 6.1624543, 50.6702632 ], [ 6.1624376, 50.6702385 ], [ 6.1624517, 50.6702351 ], [ 6.1624741, 50.6702434 ], [ 6.1624986, 50.6702243 ], [ 6.162503, 50.6701911 ], [ 6.1624751, 50.6701616 ], [ 6.1623698, 50.6701255 ], [ 6.1623938, 50.6701083 ], [ 6.1624248, 50.670111 ], [ 6.1624527, 50.670097 ], [ 6.1624661, 50.6700809 ], [ 6.1624627, 50.6700564 ], [ 6.1624382, 50.6700358 ], [ 6.1624054, 50.6700318 ], [ 6.1624295, 50.669998 ], [ 6.1624932, 50.6699685 ], [ 6.1624899, 50.6699325 ], [ 6.1624225, 50.6699115 ], [ 6.1623541, 50.6699017 ], [ 6.1622461, 50.6699644 ], [ 6.1621818, 50.6699748 ], [ 6.16217, 50.6699563 ], [ 6.1622572, 50.6698922 ], [ 6.1622619, 50.6698554 ], [ 6.162221, 50.6698095 ], [ 6.162138, 50.6698104 ], [ 6.1620601, 50.6698397 ], [ 6.162052, 50.6699026 ], [ 6.1620198, 50.6698937 ], [ 6.1620044, 50.6698575 ], [ 6.1619467, 50.6698252 ], [ 6.1618394, 50.6698575 ], [ 6.1618133, 50.6698012 ], [ 6.1618448, 50.6697819 ], [ 6.16195, 50.6697602 ], [ 6.1619689, 50.6697315 ], [ 6.1619581, 50.6697103 ], [ 6.1618894, 50.6696724 ], [ 6.161764, 50.6696633 ], [ 6.1617107, 50.6696786 ], [ 6.1615773, 50.6697383 ], [ 6.1615209, 50.6697045 ], [ 6.161873, 50.6692332 ], [ 6.1620185, 50.6690364 ], [ 6.162402, 50.6683021 ], [ 6.1634508, 50.6659917 ], [ 6.163649, 50.6655573 ], [ 6.1649018, 50.6631218 ], [ 6.1658332, 50.6621373 ], [ 6.1665118, 50.6622462 ], [ 6.1675606, 50.6623461 ], [ 6.1683673, 50.6624158 ], [ 6.1701778, 50.6625744 ], [ 6.1713901, 50.6626783 ], [ 6.1721606, 50.6627146 ], [ 6.1727483, 50.6626989 ], [ 6.1736774, 50.6626488 ], [ 6.1745572, 50.6626189 ], [ 6.1747026, 50.662614 ], [ 6.1750537, 50.6626362 ], [ 6.1752371, 50.6626462 ], [ 6.1759331, 50.662718 ], [ 6.1766399, 50.6627929 ], [ 6.1784859, 50.6629856 ], [ 6.1793254, 50.6630738 ], [ 6.1804741, 50.6631952 ], [ 6.1813324, 50.6632868 ], [ 6.1822061, 50.6633798 ], [ 6.1828224, 50.6634789 ], [ 6.1829779, 50.6635048 ], [ 6.1833554, 50.6635979 ], [ 6.1837745, 50.6637003 ], [ 6.1845081, 50.663935 ], [ 6.1852947, 50.6641836 ], [ 6.1857094, 50.6642956 ], [ 6.1859706, 50.6643668 ], [ 6.1864997, 50.664462 ], [ 6.1866787, 50.6644952 ], [ 6.1874069, 50.6645666 ], [ 6.1880198, 50.6646724 ], [ 6.1881016, 50.6644871 ], [ 6.188339, 50.6644884 ], [ 6.1882874, 50.6646397 ], [ 6.1894494, 50.6645266 ], [ 6.1896855, 50.6645037 ], [ 6.1906343, 50.6644552 ], [ 6.1911915, 50.6644267 ], [ 6.1917776, 50.6643774 ], [ 6.192422, 50.6642682 ], [ 6.1930664, 50.664079 ], [ 6.1935505, 50.6638788 ], [ 6.1940216, 50.6636311 ], [ 6.1944403, 50.6633344 ], [ 6.1947508, 50.6630436 ], [ 6.1950358, 50.6626849 ], [ 6.1952296, 50.6623291 ], [ 6.1955421, 50.6616027 ], [ 6.195697, 50.6612911 ], [ 6.1957922, 50.6610981 ], [ 6.1960229, 50.6605115 ], [ 6.1961503, 50.6602012 ], [ 6.1963293, 50.6597885 ], [ 6.1964728, 50.6594629 ], [ 6.1965774, 50.6591283 ], [ 6.1966263, 50.6588116 ], [ 6.1965714, 50.6587955 ], [ 6.1965466, 50.6584818 ], [ 6.1964909, 50.6582021 ], [ 6.1963159, 50.6577911 ], [ 6.1962331, 50.6576258 ], [ 6.1961633, 50.657645 ], [ 6.1959833, 50.6574154 ], [ 6.1959507, 50.6573738 ], [ 6.1958623, 50.65728 ], [ 6.1957486, 50.6571619 ], [ 6.1954603, 50.6569123 ], [ 6.1950982, 50.6566683 ], [ 6.1945644, 50.6563473 ], [ 6.1936947, 50.6558393 ], [ 6.1934882, 50.655722 ], [ 6.1935257, 50.6556383 ], [ 6.193228, 50.6555328 ], [ 6.1931992, 50.6555596 ], [ 6.1921618, 50.6549538 ], [ 6.1918373, 50.6547608 ], [ 6.1915375, 50.6545916 ], [ 6.190647, 50.6540758 ], [ 6.190424, 50.653944 ], [ 6.1903738, 50.6539096 ], [ 6.1901589, 50.6537626 ], [ 6.1898779, 50.6536087 ], [ 6.1897394, 50.6535313 ], [ 6.1895118, 50.6533949 ], [ 6.1891323, 50.6531785 ], [ 6.1887366, 50.6529281 ], [ 6.1887621, 50.652906 ], [ 6.18846, 50.652693 ], [ 6.1879278, 50.6523197 ], [ 6.1873409, 50.651892 ], [ 6.1869754, 50.651625 ], [ 6.1868306, 50.6515121 ], [ 6.1866811, 50.6513969 ], [ 6.1865325, 50.6512815 ], [ 6.1865664, 50.6512708 ], [ 6.1864822, 50.650983 ], [ 6.1863894, 50.6508973 ], [ 6.1863434, 50.6509067 ], [ 6.1861825, 50.6506714 ], [ 6.1860641, 50.650499 ], [ 6.1861034, 50.6504647 ], [ 6.1861825, 50.6504373 ], [ 6.186271, 50.6503827 ], [ 6.1863817, 50.6503478 ], [ 6.1862402, 50.6502481 ], [ 6.1860645, 50.6501439 ], [ 6.1860045, 50.6501104 ], [ 6.1858781, 50.6500136 ], [ 6.1857071, 50.6498835 ], [ 6.1855482, 50.6496437 ], [ 6.1855981, 50.6496544 ], [ 6.185574, 50.649564 ], [ 6.1853738, 50.6492326 ], [ 6.1851555, 50.6488727 ], [ 6.1850619, 50.648718 ], [ 6.1849844, 50.6486974 ], [ 6.1849195, 50.6485636 ], [ 6.1850359, 50.648571 ], [ 6.1851173, 50.6485712 ], [ 6.1853758, 50.6485621 ], [ 6.185349, 50.648142 ], [ 6.1846704, 50.6481186 ], [ 6.1843061, 50.6476064 ], [ 6.1840781, 50.6475949 ], [ 6.1840156, 50.647607 ], [ 6.1838201, 50.6472257 ], [ 6.1837182, 50.6470021 ], [ 6.183682, 50.6469087 ], [ 6.1836196, 50.6466645 ], [ 6.1836052, 50.6464886 ], [ 6.1835922, 50.6462996 ], [ 6.1836317, 50.6459833 ], [ 6.1837169, 50.6457288 ], [ 6.1837823, 50.6455209 ], [ 6.1838017, 50.6455107 ], [ 6.1840367, 50.6448888 ], [ 6.1840931, 50.6447408 ], [ 6.1841001, 50.6446175 ], [ 6.1841013, 50.6446076 ], [ 6.1842728, 50.6440877 ], [ 6.1846228, 50.6430212 ], [ 6.1846972, 50.6427797 ], [ 6.1847214, 50.642768 ], [ 6.1847884, 50.6425671 ], [ 6.1848632, 50.6423891 ], [ 6.1848971, 50.6423156 ], [ 6.1850107, 50.6421351 ], [ 6.1851277, 50.6419535 ], [ 6.1852799, 50.6417659 ], [ 6.1854617, 50.6415616 ], [ 6.1856216, 50.641406 ], [ 6.1856809, 50.6413307 ], [ 6.1858938, 50.6411495 ], [ 6.1860752, 50.6410188 ], [ 6.1864011, 50.6408023 ], [ 6.1867612, 50.6406063 ], [ 6.1869315, 50.64052 ], [ 6.1870784, 50.6404613 ], [ 6.1871514, 50.6404255 ], [ 6.1873385, 50.6403328 ], [ 6.1876255, 50.6402278 ], [ 6.1882076, 50.6400496 ], [ 6.1883256, 50.6400182 ], [ 6.1888278, 50.6398867 ], [ 6.188854, 50.639911 ], [ 6.1891088, 50.6398663 ], [ 6.1894119, 50.6398042 ], [ 6.1895413, 50.639854 ], [ 6.1896546, 50.639777 ], [ 6.1900087, 50.639757 ], [ 6.1905371, 50.6397434 ], [ 6.1907429, 50.6397422 ], [ 6.1909776, 50.6397477 ], [ 6.1912391, 50.6397655 ], [ 6.1913944, 50.6397777 ], [ 6.1915607, 50.6397972 ], [ 6.1917518, 50.6398238 ], [ 6.1918842, 50.6398429 ], [ 6.1920844, 50.6398785 ], [ 6.1922812, 50.6399182 ], [ 6.1924615, 50.6399548 ], [ 6.1928181, 50.6400428 ], [ 6.1938695, 50.6404002 ], [ 6.194114, 50.6404817 ], [ 6.1946266, 50.6406437 ], [ 6.1949452, 50.6407259 ], [ 6.1952214, 50.6407863 ], [ 6.1955586, 50.640835 ], [ 6.1957952, 50.6408736 ], [ 6.1963155, 50.6409339 ], [ 6.1967912, 50.6409555 ], [ 6.1971281, 50.6409499 ], [ 6.1974885, 50.6409308 ], [ 6.1978793, 50.6409027 ], [ 6.1984461, 50.6408356 ], [ 6.1991323, 50.6406954 ], [ 6.1996345, 50.6405399 ], [ 6.2000342, 50.6403906 ], [ 6.200425, 50.6402226 ], [ 6.2004692, 50.6402246 ], [ 6.2013095, 50.6398725 ], [ 6.2015004, 50.6398159 ], [ 6.2018988, 50.6397267 ], [ 6.2022687, 50.6396505 ], [ 6.2025422, 50.6396004 ], [ 6.2031058, 50.6395472 ], [ 6.2036021, 50.6395321 ], [ 6.2038241, 50.639541 ], [ 6.2041104, 50.6395495 ], [ 6.2050706, 50.6396112 ], [ 6.2055286, 50.6396537 ], [ 6.2063031, 50.6397103 ], [ 6.2068757, 50.6397468 ], [ 6.2069803, 50.6397643 ], [ 6.2074189, 50.6398549 ], [ 6.2074985, 50.6398642 ], [ 6.2074972, 50.6398281 ], [ 6.2075718, 50.6398221 ], [ 6.2084214, 50.6398841 ], [ 6.2084564, 50.6398585 ], [ 6.2097105, 50.6399499 ], [ 6.2100206, 50.6399824 ], [ 6.2105001, 50.6400107 ], [ 6.2109661, 50.6400464 ], [ 6.2112313, 50.6400771 ], [ 6.2111141, 50.6401776 ], [ 6.2111483, 50.6402152 ], [ 6.211521, 50.6404276 ], [ 6.2117851, 50.6401133 ], [ 6.2125895, 50.6401572 ], [ 6.213073, 50.6401683 ], [ 6.2130804, 50.6401938 ], [ 6.2132976, 50.6401951 ], [ 6.2134599, 50.6401615 ], [ 6.2143598, 50.640153 ], [ 6.2150538, 50.6401521 ], [ 6.2154494, 50.6401487 ], [ 6.2158544, 50.6401474 ], [ 6.2165371, 50.6401798 ], [ 6.2165297, 50.6402193 ], [ 6.2168073, 50.6402516 ], [ 6.2168844, 50.6402588 ], [ 6.216979, 50.6402623 ], [ 6.2171271, 50.6402486 ], [ 6.2177843, 50.6403001 ], [ 6.2179352, 50.6403413 ], [ 6.2186527, 50.6403877 ], [ 6.2188793, 50.6404034 ], [ 6.2188826, 50.6404366 ], [ 6.2197436, 50.6405055 ], [ 6.2205289, 50.6405633 ], [ 6.2210445, 50.6406178 ], [ 6.2211444, 50.6406382 ], [ 6.2216024, 50.6407241 ], [ 6.2221865, 50.6408729 ], [ 6.2223541, 50.6409342 ], [ 6.2226951, 50.6410575 ], [ 6.2229209, 50.6411525 ], [ 6.2231185, 50.6412352 ], [ 6.2232566, 50.6413111 ], [ 6.223551, 50.6414717 ], [ 6.2238675, 50.6416809 ], [ 6.22418, 50.6419292 ], [ 6.2246561, 50.6423817 ], [ 6.2250879, 50.6427831 ], [ 6.2253616, 50.6430917 ], [ 6.2255761, 50.6434414 ], [ 6.2257022, 50.6437679 ], [ 6.2257746, 50.6441081 ], [ 6.2258014, 50.6444041 ], [ 6.2257692, 50.6448038 ], [ 6.2255949, 50.6456797 ], [ 6.2255788, 50.6460828 ], [ 6.2256217, 50.646474 ], [ 6.2257263, 50.6468226 ], [ 6.2259275, 50.6471849 ], [ 6.2261716, 50.6475353 ], [ 6.2264988, 50.6478499 ], [ 6.2267804, 50.6480897 ], [ 6.2272122, 50.6483839 ], [ 6.2276602, 50.6486322 ], [ 6.2281591, 50.6488397 ], [ 6.2286901, 50.6490098 ], [ 6.2292273, 50.6491399 ], [ 6.2297952, 50.6492322 ], [ 6.2303759, 50.6492891 ], [ 6.2310203, 50.6492998 ], [ 6.2315936, 50.6492658 ], [ 6.232171, 50.6491782 ], [ 6.2327182, 50.6490719 ], [ 6.2332848, 50.648892 ], [ 6.2337488, 50.6487228 ], [ 6.2342551, 50.6484809 ], [ 6.2346742, 50.6482105 ], [ 6.2350456, 50.6479052 ], [ 6.2353796, 50.6475689 ], [ 6.2356357, 50.6472325 ], [ 6.2360206, 50.6465518 ], [ 6.2363888, 50.6459127 ], [ 6.2366308, 50.645581 ], [ 6.2368964, 50.6453115 ], [ 6.2372658, 50.645013 ], [ 6.2376628, 50.6447646 ], [ 6.2381034, 50.6445491 ], [ 6.2385345, 50.6443815 ], [ 6.2389382, 50.6442352 ], [ 6.2397549, 50.643941 ], [ 6.2402156, 50.6437373 ], [ 6.2406736, 50.643483 ], [ 6.2410947, 50.64319 ], [ 6.2417096, 50.6426479 ], [ 6.2420455, 50.6423455 ], [ 6.2422943, 50.6421567 ], [ 6.242478, 50.6420172 ], [ 6.2428482, 50.6417787 ], [ 6.2433189, 50.6415252 ], [ 6.2436535, 50.6413649 ], [ 6.2441766, 50.6411625 ], [ 6.2445541, 50.64104 ], [ 6.2448142, 50.6409656 ], [ 6.2451706, 50.6408744 ], [ 6.2456793, 50.6407709 ], [ 6.2461714, 50.6407003 ], [ 6.2467186, 50.6406484 ], [ 6.2473127, 50.6406161 ], [ 6.2478237, 50.6406203 ], [ 6.2483333, 50.6406543 ], [ 6.2484862, 50.6406739 ], [ 6.2494156, 50.6407921 ], [ 6.254096, 50.6415423 ], [ 6.2555431, 50.6417787 ], [ 6.2562016, 50.6418986 ], [ 6.2566549, 50.6420024 ], [ 6.2572838, 50.6421674 ], [ 6.2586015, 50.6426011 ], [ 6.2598789, 50.643034 ], [ 6.2604146, 50.6431599 ], [ 6.2609591, 50.6432551 ], [ 6.2615787, 50.6433376 ], [ 6.2621487, 50.6433542 ], [ 6.2626033, 50.6433569 ], [ 6.2627973, 50.6433536 ], [ 6.263349, 50.6433006 ], [ 6.2638908, 50.6432207 ], [ 6.2643119, 50.6431135 ], [ 6.2646089, 50.6430217 ], [ 6.2647638, 50.6429668 ], [ 6.2652245, 50.6427993 ], [ 6.2658555, 50.6424646 ], [ 6.2663779, 50.6420759 ], [ 6.2667851, 50.6415916 ], [ 6.2669465, 50.641265 ], [ 6.2672228, 50.6407806 ], [ 6.2675735, 50.6401619 ], [ 6.2679745, 50.6394419 ], [ 6.2681059, 50.6392093 ], [ 6.2684217, 50.6386586 ], [ 6.268694, 50.6381585 ], [ 6.2688971, 50.6378216 ], [ 6.2691674, 50.6374104 ], [ 6.2693202, 50.6371686 ], [ 6.2694518, 50.6369577 ], [ 6.2696847, 50.6366021 ], [ 6.2696696, 50.6365975 ], [ 6.2697041, 50.6365258 ], [ 6.2698597, 50.63657 ], [ 6.2699063, 50.6365139 ], [ 6.2700947, 50.6362804 ], [ 6.2703452, 50.6360004 ], [ 6.2704768, 50.635853 ], [ 6.2706198, 50.6356608 ], [ 6.2708685, 50.6354522 ], [ 6.2707433, 50.6354206 ], [ 6.2709945, 50.6350167 ], [ 6.2711021, 50.6348613 ], [ 6.2713212, 50.6345414 ], [ 6.271576, 50.6341671 ], [ 6.2718851, 50.6337266 ], [ 6.2721416, 50.6336043 ], [ 6.2722064, 50.6335247 ], [ 6.272255, 50.6334203 ], [ 6.272337, 50.6333958 ], [ 6.2724437, 50.6334 ], [ 6.2725035, 50.6334263 ], [ 6.2725367, 50.6332782 ], [ 6.272482, 50.6332978 ], [ 6.2723895, 50.6332725 ], [ 6.272247, 50.6331955 ], [ 6.2722712, 50.6331536 ], [ 6.2722892, 50.6331259 ], [ 6.2723764, 50.6330131 ], [ 6.2724077, 50.6330067 ], [ 6.2724471, 50.632934 ], [ 6.2725876, 50.6329476 ], [ 6.2726383, 50.632618 ], [ 6.2727449, 50.6318943 ], [ 6.2728192, 50.6317794 ], [ 6.2730346, 50.6315755 ], [ 6.2731816, 50.6315379 ], [ 6.2733255, 50.6314803 ], [ 6.2735002, 50.6313896 ], [ 6.2735119, 50.6313709 ], [ 6.2734313, 50.6313644 ], [ 6.2733419, 50.631316 ], [ 6.273497, 50.631169 ], [ 6.2736288, 50.6310126 ], [ 6.2738002, 50.6307697 ], [ 6.2738325, 50.6307041 ], [ 6.2739419, 50.6304827 ], [ 6.2740274, 50.6302423 ], [ 6.2740685, 50.6300276 ], [ 6.2741086, 50.6298731 ], [ 6.2740376, 50.6297517 ], [ 6.2740622, 50.6296402 ], [ 6.2739308, 50.6292094 ], [ 6.2737653, 50.6288208 ], [ 6.2736538, 50.6286528 ], [ 6.2735233, 50.6284549 ], [ 6.2733948, 50.6283286 ], [ 6.2731975, 50.6281347 ], [ 6.2730322, 50.6280131 ], [ 6.2729627, 50.6279617 ], [ 6.2728457, 50.6278341 ], [ 6.2726544, 50.6277176 ], [ 6.2722735, 50.6275116 ], [ 6.2721787, 50.6274623 ], [ 6.2721965, 50.6274515 ], [ 6.2718696, 50.6272682 ], [ 6.2717658, 50.6272123 ], [ 6.2715736, 50.6271075 ], [ 6.271573, 50.6270776 ], [ 6.2713317, 50.6269176 ], [ 6.271076, 50.6267814 ], [ 6.2710148, 50.6267749 ], [ 6.2705463, 50.626468 ], [ 6.2703232, 50.6263049 ], [ 6.2700536, 50.6260504 ], [ 6.2698587, 50.6258164 ], [ 6.2697132, 50.6256405 ], [ 6.2695885, 50.6253919 ], [ 6.2695391, 50.6252929 ], [ 6.269458, 50.625183 ], [ 6.269412, 50.6250437 ], [ 6.2693802, 50.6246028 ], [ 6.2693866, 50.6235237 ], [ 6.2694356, 50.6232764 ], [ 6.2694787, 50.6230586 ], [ 6.2694371, 50.623058 ], [ 6.2694496, 50.6227147 ], [ 6.269451, 50.6226137 ], [ 6.2694575, 50.6221249 ], [ 6.2694654, 50.6217715 ], [ 6.2694674, 50.6215785 ], [ 6.2694714, 50.6211986 ], [ 6.2694494, 50.6208696 ], [ 6.2694096, 50.6205299 ], [ 6.2693224, 50.6201965 ], [ 6.2693166, 50.6201594 ], [ 6.2692034, 50.6197671 ], [ 6.2690589, 50.6193611 ], [ 6.2690406, 50.619278 ], [ 6.2689562, 50.6191185 ], [ 6.2688785, 50.6189729 ], [ 6.2687333, 50.6186996 ], [ 6.2684281, 50.6182606 ], [ 6.2680443, 50.6177922 ], [ 6.2676752, 50.6173766 ], [ 6.2673565, 50.617039 ], [ 6.2667837, 50.6164454 ], [ 6.2663452, 50.6159949 ], [ 6.2662448, 50.6159533 ], [ 6.2659243, 50.6156383 ], [ 6.2655412, 50.6152624 ], [ 6.2650167, 50.6147213 ], [ 6.2644547, 50.6141537 ], [ 6.2638307, 50.6135319 ], [ 6.2632372, 50.6129508 ], [ 6.2628066, 50.6125294 ], [ 6.2623806, 50.6121089 ], [ 6.2619737, 50.6117095 ], [ 6.2616529, 50.6113919 ], [ 6.2615814, 50.6113403 ], [ 6.2614504, 50.611197 ], [ 6.2610054, 50.6107866 ], [ 6.2605606, 50.6103871 ], [ 6.2600774, 50.6100425 ], [ 6.2596289, 50.609707 ], [ 6.2591352, 50.6094248 ], [ 6.2587212, 50.6091887 ], [ 6.2581342, 50.6088853 ], [ 6.258009, 50.6088127 ], [ 6.2579448, 50.6087735 ], [ 6.2575058, 50.6085167 ], [ 6.2571901, 50.6083335 ], [ 6.256902, 50.6081955 ], [ 6.2564406, 50.6079425 ], [ 6.2560884, 50.6077524 ], [ 6.2557591, 50.6075746 ], [ 6.2553383, 50.6073863 ], [ 6.2553501, 50.607359 ], [ 6.2551756, 50.607275 ], [ 6.2551194, 50.6072836 ], [ 6.2549517, 50.6072019 ], [ 6.2544201, 50.6069716 ], [ 6.2539854, 50.6067996 ], [ 6.2533454, 50.6065799 ], [ 6.2532534, 50.6065476 ], [ 6.2529424, 50.6064445 ], [ 6.2524693, 50.6062967 ], [ 6.2519867, 50.6061386 ], [ 6.2516741, 50.6060357 ], [ 6.2509717, 50.6058115 ], [ 6.2508216, 50.6057587 ], [ 6.2507886, 50.605697 ], [ 6.2507661, 50.6056552 ], [ 6.2507662, 50.6055764 ], [ 6.2497898, 50.6052583 ], [ 6.2493114, 50.6050677 ], [ 6.2488675, 50.6048371 ], [ 6.2484689, 50.604545 ], [ 6.2481678, 50.604232 ], [ 6.2479529, 50.6039185 ], [ 6.2478083, 50.6035749 ], [ 6.2477471, 50.6032174 ], [ 6.2476107, 50.6030401 ], [ 6.2474566, 50.6030121 ], [ 6.2474131, 50.6030038 ], [ 6.2474458, 50.6028735 ], [ 6.2475329, 50.6025279 ], [ 6.2478218, 50.601994 ], [ 6.2480595, 50.6015024 ], [ 6.248287, 50.6010081 ], [ 6.2483051, 50.6009773 ], [ 6.2484907, 50.6005891 ], [ 6.2487262, 50.6001306 ], [ 6.2489019, 50.5997725 ], [ 6.2489474, 50.5996791 ], [ 6.2490154, 50.5995351 ], [ 6.2491371, 50.5992769 ], [ 6.2491593, 50.599232 ], [ 6.2493114, 50.5989224 ], [ 6.2493916, 50.5987589 ], [ 6.2490854, 50.5988232 ], [ 6.2490947, 50.5986827 ], [ 6.2492846, 50.5986611 ], [ 6.249438, 50.5986332 ], [ 6.2494909, 50.5985269 ], [ 6.2494748, 50.5985231 ], [ 6.2496044, 50.5982484 ], [ 6.2491486, 50.598202 ], [ 6.2491433, 50.5982014 ], [ 6.2491456, 50.5981492 ], [ 6.2491073, 50.5978648 ], [ 6.2489755, 50.5974479 ], [ 6.2488528, 50.5971788 ], [ 6.2487659, 50.5970397 ], [ 6.2485854, 50.5967921 ], [ 6.2485521, 50.5967488 ], [ 6.2481717, 50.5962532 ], [ 6.2482314, 50.5962308 ], [ 6.2481107, 50.5960676 ], [ 6.2480496, 50.5959894 ], [ 6.247846, 50.5957779 ], [ 6.2472926, 50.5951281 ], [ 6.2466377, 50.5942592 ], [ 6.2465397, 50.5941277 ], [ 6.2463764, 50.5939161 ], [ 6.246062, 50.5936275 ], [ 6.2455019, 50.5931699 ], [ 6.2452765, 50.5930038 ], [ 6.2450703, 50.5928554 ], [ 6.2447877, 50.5926229 ], [ 6.2444623, 50.5923538 ], [ 6.2441894, 50.592089 ], [ 6.2441055, 50.5920073 ], [ 6.2439587, 50.591863 ], [ 6.2438655, 50.5917689 ], [ 6.2437382, 50.5916425 ], [ 6.2435701, 50.5914522 ], [ 6.2434646, 50.5913327 ], [ 6.2434222, 50.5912847 ], [ 6.2431328, 50.5909091 ], [ 6.2430456, 50.5907285 ], [ 6.2428692, 50.5905253 ], [ 6.2426891, 50.5902269 ], [ 6.2426664, 50.5901921 ], [ 6.2426004, 50.5900904 ], [ 6.2428037, 50.590028 ], [ 6.2428564, 50.5900119 ], [ 6.242235, 50.5891242 ], [ 6.2420631, 50.5892051 ], [ 6.2420055, 50.5891107 ], [ 6.2416077, 50.588455 ], [ 6.2413931, 50.5881016 ], [ 6.2413498, 50.5879946 ], [ 6.2412592, 50.5878482 ], [ 6.2409835, 50.5874032 ], [ 6.2409057, 50.5872771 ], [ 6.2407419, 50.5870123 ], [ 6.240719, 50.586971 ], [ 6.2405155, 50.5866233 ], [ 6.2405004, 50.5865982 ], [ 6.2403281, 50.5862869 ], [ 6.2402343, 50.5860907 ], [ 6.2400828, 50.5857701 ], [ 6.2400239, 50.5856456 ], [ 6.2400188, 50.5856307 ], [ 6.2400045, 50.585564 ], [ 6.2399626, 50.5855095 ], [ 6.2398912, 50.5853087 ], [ 6.239833, 50.5851483 ], [ 6.2397775, 50.5849629 ], [ 6.2397142, 50.5847504 ], [ 6.2396842, 50.5845498 ], [ 6.2396576, 50.5843663 ], [ 6.239644, 50.5842752 ], [ 6.2396107, 50.5842482 ], [ 6.2395972, 50.5841216 ], [ 6.2395374, 50.5837604 ], [ 6.2395033, 50.5835848 ], [ 6.2395097, 50.5834573 ], [ 6.2395013, 50.5833423 ], [ 6.2394479, 50.5831399 ], [ 6.239424, 50.583052 ], [ 6.2393952, 50.5830561 ], [ 6.2393787, 50.582959 ], [ 6.2392709, 50.5822812 ], [ 6.2391738, 50.5817683 ], [ 6.2391532, 50.5816739 ], [ 6.2391157, 50.5812939 ], [ 6.2391174, 50.5809399 ], [ 6.2391503, 50.5807342 ], [ 6.2392111, 50.5803519 ], [ 6.2392628, 50.5800262 ], [ 6.239288, 50.5798896 ], [ 6.2393561, 50.5794395 ], [ 6.2394458, 50.5788865 ], [ 6.2394506, 50.5787917 ], [ 6.2395072, 50.5785057 ], [ 6.239521, 50.5782241 ], [ 6.2394655, 50.5776257 ], [ 6.2393241, 50.5771339 ], [ 6.2392038, 50.5767896 ], [ 6.2391299, 50.5765827 ], [ 6.2389169, 50.5761726 ], [ 6.238699, 50.5756834 ], [ 6.2384776, 50.5752926 ], [ 6.2385251, 50.5752093 ], [ 6.2383853, 50.5751118 ], [ 6.2383117, 50.5749643 ], [ 6.2381656, 50.5747494 ], [ 6.2379908, 50.5745159 ], [ 6.2378777, 50.5743631 ], [ 6.2376045, 50.5740835 ], [ 6.2374025, 50.5737791 ], [ 6.2371207, 50.5734946 ], [ 6.2369083, 50.5732612 ], [ 6.2368681, 50.5732159 ], [ 6.2368008, 50.57314 ], [ 6.2366087, 50.5729228 ], [ 6.2364605, 50.5726621 ], [ 6.2363582, 50.5724208 ], [ 6.2362951, 50.5721408 ], [ 6.2362657, 50.5719327 ], [ 6.2362637, 50.5715469 ], [ 6.2362589, 50.5712538 ], [ 6.2362548, 50.5709288 ], [ 6.2362558, 50.5706366 ], [ 6.2362729, 50.5706288 ], [ 6.2363178, 50.5700111 ], [ 6.2364118, 50.5699344 ], [ 6.2363807, 50.5696113 ], [ 6.2363624, 50.5695189 ], [ 6.2364472, 50.5690947 ], [ 6.2364037, 50.5690663 ], [ 6.2366363, 50.5684407 ], [ 6.2363064, 50.5675499 ], [ 6.2363518, 50.5672638 ], [ 6.2363477, 50.5669215 ], [ 6.2363268, 50.5668449 ], [ 6.2362197, 50.5665071 ], [ 6.2360126, 50.5661576 ], [ 6.2357523, 50.5658453 ], [ 6.2354092, 50.5655459 ], [ 6.2351555, 50.5652969 ], [ 6.2348976, 50.5650795 ], [ 6.2347128, 50.5649647 ], [ 6.2346773, 50.5649411 ], [ 6.2344641, 50.5648131 ], [ 6.2343008, 50.5647287 ], [ 6.2336815, 50.5644819 ], [ 6.2336506, 50.5644238 ], [ 6.2338371, 50.5642275 ], [ 6.234107, 50.5639906 ], [ 6.2339396, 50.5639097 ], [ 6.2336637, 50.5638376 ], [ 6.2333928, 50.5638041 ], [ 6.2329239, 50.5637607 ], [ 6.2326321, 50.5637059 ], [ 6.2325085, 50.5638739 ], [ 6.2320598, 50.5638352 ], [ 6.2314291, 50.5636279 ], [ 6.2311403, 50.5634915 ], [ 6.2307222, 50.5633072 ], [ 6.2305275, 50.5632095 ], [ 6.2302502, 50.5631164 ], [ 6.2297985, 50.5629054 ], [ 6.2295837, 50.5627936 ], [ 6.2291468, 50.5625404 ], [ 6.229108, 50.5625106 ], [ 6.2289778, 50.5624132 ], [ 6.2282956, 50.5620513 ], [ 6.2275589, 50.5616887 ], [ 6.2274827, 50.5615071 ], [ 6.2276614, 50.5614409 ], [ 6.2276338, 50.5613232 ], [ 6.2275534, 50.5612245 ], [ 6.2273809, 50.5611047 ], [ 6.2271884, 50.5610294 ], [ 6.2271113, 50.5609436 ], [ 6.2270341, 50.5609555 ], [ 6.2270139, 50.5608562 ], [ 6.2269594, 50.5604486 ], [ 6.2269194, 50.5600236 ], [ 6.2268649, 50.5595069 ], [ 6.2268407, 50.559145 ], [ 6.2268253, 50.5589156 ], [ 6.2268134, 50.5587426 ], [ 6.2268117, 50.5586727 ], [ 6.226807, 50.5584167 ], [ 6.2268022, 50.5581776 ], [ 6.2267681, 50.5579224 ], [ 6.2267495, 50.5577814 ], [ 6.2267536, 50.5576031 ], [ 6.2268382, 50.557255 ], [ 6.2268642, 50.5571081 ], [ 6.2269028, 50.5568924 ], [ 6.2268453, 50.5566654 ], [ 6.2267212, 50.5565142 ], [ 6.2264422, 50.556265 ], [ 6.2262597, 50.5561016 ], [ 6.2259938, 50.5558796 ], [ 6.2256698, 50.5556449 ], [ 6.2256168, 50.5554216 ], [ 6.2251756, 50.5551413 ], [ 6.2248063, 50.5549469 ], [ 6.2244011, 50.5548034 ], [ 6.2242049, 50.554747 ], [ 6.2241099, 50.5547196 ], [ 6.2238514, 50.5546679 ], [ 6.2235528, 50.5546081 ], [ 6.2229426, 50.5545439 ], [ 6.2223107, 50.5545221 ], [ 6.2218499, 50.5545484 ], [ 6.2215247, 50.5545754 ], [ 6.2209966, 50.5546511 ], [ 6.2205299, 50.5547789 ], [ 6.2200274, 50.5549605 ], [ 6.2196202, 50.5551618 ], [ 6.2194804, 50.5552308 ], [ 6.2192493, 50.5553579 ], [ 6.2191558, 50.5554092 ], [ 6.2189574, 50.5555189 ], [ 6.2186584, 50.5556868 ], [ 6.2185221, 50.5557352 ], [ 6.2185588, 50.5558129 ], [ 6.2182266, 50.5558086 ], [ 6.2179953, 50.5559079 ], [ 6.2178168, 50.5560287 ], [ 6.2177038, 50.5560744 ], [ 6.2174427, 50.5561677 ], [ 6.2171413, 50.5562592 ], [ 6.2168211, 50.5563269 ], [ 6.2165085, 50.5563701 ], [ 6.2161903, 50.5563938 ], [ 6.2156871, 50.5563571 ], [ 6.2154866, 50.5563143 ], [ 6.215484, 50.5562848 ], [ 6.2151748, 50.5562428 ], [ 6.2148429, 50.5561762 ], [ 6.2144045, 50.5560606 ], [ 6.2139672, 50.5559259 ], [ 6.2136663, 50.5559244 ], [ 6.2136193, 50.5557345 ], [ 6.2135399, 50.5556524 ], [ 6.2130994, 50.5554972 ], [ 6.2130275, 50.5554844 ], [ 6.2125596, 50.555373 ], [ 6.212358, 50.5551636 ], [ 6.2118632, 50.5549017 ], [ 6.2117166, 50.5548248 ], [ 6.2116656, 50.5547962 ], [ 6.211484, 50.5546959 ], [ 6.2113294, 50.5546096 ], [ 6.2111715, 50.5545116 ], [ 6.2111014, 50.5544375 ], [ 6.2110452, 50.5544222 ], [ 6.2107983, 50.5542864 ], [ 6.210581, 50.5541073 ], [ 6.2104588, 50.5540452 ], [ 6.2103954, 50.5539933 ], [ 6.2103653, 50.5538905 ], [ 6.2103281, 50.5539306 ], [ 6.2104176, 50.5533667 ], [ 6.2099667, 50.5532541 ], [ 6.2098886, 50.553179 ], [ 6.2098814, 50.552959 ], [ 6.2099149, 50.5528816 ], [ 6.2099144, 50.5527112 ], [ 6.2098684, 50.5526746 ], [ 6.2098659, 50.5523513 ], [ 6.2098508, 50.5521509 ], [ 6.2098352, 50.5519482 ], [ 6.2098155, 50.5519552 ], [ 6.2098293, 50.5518189 ], [ 6.2099869, 50.5511746 ], [ 6.2095202, 50.5507043 ], [ 6.2092426, 50.550467 ], [ 6.2088759, 50.5502923 ], [ 6.2086474, 50.5500685 ], [ 6.2088191, 50.5499485 ], [ 6.2085539, 50.5496491 ], [ 6.2083777, 50.5493801 ], [ 6.2082662, 50.5492686 ], [ 6.2082235, 50.5491726 ], [ 6.2080293, 50.5489733 ], [ 6.207914, 50.5487725 ], [ 6.2077453, 50.5479793 ], [ 6.2077645, 50.5473956 ], [ 6.2077422, 50.5473249 ], [ 6.2076878, 50.5469707 ], [ 6.2076981, 50.5467091 ], [ 6.2075728, 50.5465877 ], [ 6.2074998, 50.5466043 ], [ 6.2074529, 50.5465717 ], [ 6.2072561, 50.5463206 ], [ 6.2070081, 50.5460658 ], [ 6.2067606, 50.5458531 ], [ 6.2066745, 50.5457787 ], [ 6.2062589, 50.5455302 ], [ 6.2061093, 50.5454583 ], [ 6.2059597, 50.5453752 ], [ 6.2058135, 50.5452577 ], [ 6.2054686, 50.5450275 ], [ 6.204892, 50.5447704 ], [ 6.2041858, 50.5447473 ], [ 6.203839, 50.5445512 ], [ 6.2035623, 50.5445194 ], [ 6.2028205, 50.5443258 ], [ 6.2020798, 50.5439821 ], [ 6.2015461, 50.5435869 ], [ 6.2012119, 50.543057 ], [ 6.2009235, 50.542575 ], [ 6.2002445, 50.5415901 ], [ 6.2001211, 50.5415231 ], [ 6.1997862, 50.5412016 ], [ 6.1992453, 50.5407443 ], [ 6.1989451, 50.5405174 ], [ 6.1989935, 50.5403649 ], [ 6.1989418, 50.5401839 ], [ 6.1987658, 50.5398849 ], [ 6.1986569, 50.5395639 ], [ 6.198505, 50.5393769 ], [ 6.1983175, 50.5394725 ], [ 6.1982524, 50.5390963 ], [ 6.1982827, 50.5390517 ], [ 6.198252, 50.5389382 ], [ 6.1982845, 50.5386786 ], [ 6.1983383, 50.5386831 ], [ 6.1984473, 50.5383935 ], [ 6.1985111, 50.5381142 ], [ 6.1985114, 50.5378262 ], [ 6.1984971, 50.5377235 ], [ 6.1986565, 50.5370208 ], [ 6.1985792, 50.5369042 ], [ 6.1985179, 50.5368462 ], [ 6.1983511, 50.5367641 ], [ 6.1983994, 50.5362932 ], [ 6.1983867, 50.5360052 ], [ 6.1984356, 50.5359918 ], [ 6.1984437, 50.5355231 ], [ 6.1986786, 50.5354478 ], [ 6.1987421, 50.5353925 ], [ 6.1988288, 50.5353428 ], [ 6.1986821, 50.5350133 ], [ 6.1984744, 50.5346458 ], [ 6.1974899, 50.5334405 ], [ 6.1973373, 50.5331323 ], [ 6.1970819, 50.5327587 ], [ 6.196947, 50.5324771 ], [ 6.1968305, 50.5317094 ], [ 6.1968473, 50.5313146 ], [ 6.1969149, 50.531119 ], [ 6.1969632, 50.5309874 ], [ 6.1970516, 50.5304054 ], [ 6.1973065, 50.5300324 ], [ 6.1975123, 50.529576 ], [ 6.1977797, 50.5291634 ], [ 6.1978816, 50.529107 ], [ 6.198781, 50.5279462 ], [ 6.199295, 50.5274655 ], [ 6.1996028, 50.5273271 ], [ 6.2008856, 50.5268961 ], [ 6.2009852, 50.5269483 ], [ 6.2015089, 50.5268378 ], [ 6.2017625, 50.5267775 ], [ 6.2018869, 50.5267635 ], [ 6.2024479, 50.5266462 ], [ 6.2028934, 50.5265194 ], [ 6.2031081, 50.5264383 ], [ 6.2032244, 50.5263238 ], [ 6.2038481, 50.5260051 ], [ 6.2041042, 50.525853 ], [ 6.2043715, 50.5256694 ], [ 6.2046706, 50.525423 ], [ 6.2057097, 50.5245603 ], [ 6.2061857, 50.5242351 ], [ 6.2062778, 50.5241185 ], [ 6.2065142, 50.5239664 ], [ 6.2066464, 50.5238035 ], [ 6.2068727, 50.523361 ], [ 6.2069656, 50.5230725 ], [ 6.2073103, 50.5230842 ], [ 6.2075852, 50.522554 ], [ 6.2071863, 50.5223809 ], [ 6.2072242, 50.5219558 ], [ 6.2070988, 50.521791 ], [ 6.2070376, 50.5217543 ], [ 6.2069122, 50.5215535 ], [ 6.2068382, 50.521409 ], [ 6.2068075, 50.5211479 ], [ 6.2065384, 50.5206163 ], [ 6.2065711, 50.5206227 ], [ 6.206498, 50.5203694 ], [ 6.2069768, 50.5202186 ], [ 6.2069702, 50.5201307 ], [ 6.2069926, 50.5200161 ], [ 6.2070706, 50.5198008 ], [ 6.2071279, 50.518995 ], [ 6.2072095, 50.5188474 ], [ 6.2073169, 50.5187168 ], [ 6.2075001, 50.5183383 ], [ 6.2075969, 50.518187 ], [ 6.2077543, 50.5180137 ], [ 6.2078698, 50.5178539 ], [ 6.2079255, 50.5178015 ], [ 6.2079859, 50.5176983 ], [ 6.2080736, 50.5175097 ], [ 6.2080923, 50.5174682 ], [ 6.2081413, 50.5174044 ], [ 6.2082573, 50.5173084 ], [ 6.2086858, 50.5170216 ], [ 6.2089548, 50.5168963 ], [ 6.2091571, 50.516861 ], [ 6.2094562, 50.5167598 ], [ 6.2096296, 50.516681 ], [ 6.2098353, 50.5165573 ], [ 6.2101178, 50.5164603 ], [ 6.2105396, 50.5163746 ], [ 6.2107177, 50.5163555 ], [ 6.2111338, 50.516285 ], [ 6.2114038, 50.5162143 ], [ 6.2115031, 50.5161846 ], [ 6.211858, 50.5160134 ], [ 6.2120792, 50.5158639 ], [ 6.2121642, 50.5157682 ], [ 6.2123379, 50.5156584 ], [ 6.2124175, 50.5156387 ], [ 6.2124875, 50.5155952 ], [ 6.2125185, 50.5155626 ], [ 6.2125143, 50.5155628 ], [ 6.2124233, 50.5155385 ], [ 6.2111844, 50.5152075 ], [ 6.2091254, 50.5146573 ], [ 6.2091882, 50.5145886 ], [ 6.2093144, 50.5143488 ], [ 6.2096068, 50.5139137 ], [ 6.2098502, 50.5135434 ], [ 6.210145, 50.5130906 ], [ 6.2112109, 50.5131783 ], [ 6.2112715, 50.5131012 ], [ 6.2112956, 50.513071 ], [ 6.2119573, 50.5131079 ], [ 6.2128527, 50.5131176 ], [ 6.213067, 50.5128226 ], [ 6.2131641, 50.5126889 ], [ 6.2132053, 50.5126076 ], [ 6.213334, 50.512027 ], [ 6.2133852, 50.5118565 ], [ 6.2136298, 50.5114994 ], [ 6.2140021, 50.5110519 ], [ 6.2143671, 50.5105763 ], [ 6.214471, 50.5104378 ], [ 6.2145043, 50.5103939 ], [ 6.2147296, 50.5100999 ], [ 6.2149849, 50.509835 ], [ 6.215059, 50.5097386 ], [ 6.2150969, 50.5096305 ], [ 6.2151344, 50.5094248 ], [ 6.2151694, 50.5090988 ], [ 6.2152013, 50.5089276 ], [ 6.2152652, 50.5087899 ], [ 6.2153643, 50.5086604 ], [ 6.2155296, 50.5085017 ], [ 6.2156472, 50.5084093 ], [ 6.2159276, 50.5082536 ], [ 6.2160765, 50.5081592 ], [ 6.2161943, 50.5080661 ], [ 6.2163016, 50.5079477 ], [ 6.2163546, 50.5078117 ], [ 6.2164063, 50.5074688 ], [ 6.2164492, 50.5073761 ], [ 6.2164957, 50.507276 ], [ 6.2165814, 50.5071259 ], [ 6.2166684, 50.5069941 ], [ 6.2168045, 50.5068431 ], [ 6.2168572, 50.5067853 ], [ 6.2170083, 50.5066542 ], [ 6.217075, 50.5065955 ], [ 6.2172991, 50.5064357 ], [ 6.2174044, 50.5063603 ], [ 6.2174613, 50.5063195 ], [ 6.2175796, 50.5062531 ], [ 6.2179234, 50.5061091 ], [ 6.2194652, 50.5055596 ], [ 6.2196654, 50.5054531 ], [ 6.2198027, 50.5053491 ], [ 6.2198885, 50.505247 ], [ 6.2199317, 50.5050959 ], [ 6.2199894, 50.5047085 ], [ 6.2200467, 50.5044756 ], [ 6.220151, 50.5041675 ], [ 6.2202054, 50.5040062 ], [ 6.2202866, 50.5038406 ], [ 6.2203853, 50.5036668 ], [ 6.2204907, 50.5035248 ], [ 6.2207309, 50.5032645 ], [ 6.2209577, 50.5029511 ], [ 6.2213047, 50.5024717 ], [ 6.2215078, 50.5023069 ], [ 6.2220471, 50.5019903 ], [ 6.2222717, 50.5018091 ], [ 6.2224612, 50.5016209 ], [ 6.2225367, 50.5015114 ], [ 6.2226294, 50.5012839 ], [ 6.2226564, 50.5011177 ], [ 6.222651, 50.5009726 ], [ 6.2226215, 50.5007915 ], [ 6.2225078, 50.5005247 ], [ 6.2224446, 50.5003766 ], [ 6.2223439, 50.5000176 ], [ 6.2222998, 50.4999347 ], [ 6.2221248, 50.4996863 ], [ 6.2220307, 50.4995995 ], [ 6.221894, 50.4995185 ], [ 6.2216241, 50.4994192 ], [ 6.2213368, 50.499633 ], [ 6.2208448, 50.4992556 ], [ 6.2201236, 50.4987018 ], [ 6.220378, 50.4985029 ], [ 6.2204828, 50.498421 ], [ 6.2213045, 50.4977784 ], [ 6.2214523, 50.4977776 ], [ 6.2216909, 50.497883 ], [ 6.2223494, 50.4972109 ], [ 6.2244963, 50.4950615 ], [ 6.2247294, 50.494949 ], [ 6.2256243, 50.4947515 ], [ 6.2262934, 50.4946039 ], [ 6.2266176, 50.4943501 ], [ 6.2270187, 50.4951803 ], [ 6.2275573, 50.4949393 ], [ 6.2280764, 50.4954078 ], [ 6.2279776, 50.4954505 ], [ 6.2284041, 50.4958196 ], [ 6.2288811, 50.4961847 ], [ 6.2294338, 50.4966588 ], [ 6.2295033, 50.4967867 ], [ 6.2299969, 50.497207 ], [ 6.2299093, 50.4974022 ], [ 6.2302936, 50.4975561 ], [ 6.2304181, 50.4974434 ], [ 6.2309802, 50.4973864 ], [ 6.2313269, 50.4974831 ], [ 6.2318511, 50.4976756 ], [ 6.2317957, 50.4977768 ], [ 6.2323591, 50.4978903 ], [ 6.2330688, 50.4979576 ], [ 6.2332778, 50.4978815 ], [ 6.2333543, 50.4977545 ], [ 6.2337177, 50.4976937 ], [ 6.2339358, 50.4979172 ], [ 6.2340571, 50.4981328 ], [ 6.2340514, 50.498327 ], [ 6.2342456, 50.4983019 ], [ 6.2344404, 50.4984336 ], [ 6.2347994, 50.4984628 ], [ 6.2355112, 50.4984691 ], [ 6.236284, 50.4984297 ], [ 6.2371566, 50.4984331 ], [ 6.2380632, 50.4984607 ], [ 6.2381284, 50.4985798 ], [ 6.2384444, 50.4986441 ], [ 6.2388874, 50.4988754 ], [ 6.23891, 50.4989404 ], [ 6.2389562, 50.4990685 ], [ 6.2391121, 50.4990441 ], [ 6.239419, 50.4989759 ], [ 6.2397674, 50.499028 ], [ 6.2404519, 50.4991068 ], [ 6.240825, 50.49915 ], [ 6.2411804, 50.4991172 ], [ 6.241528, 50.4989144 ], [ 6.2418026, 50.4993982 ], [ 6.2421351, 50.4995654 ], [ 6.2429239, 50.4997913 ], [ 6.2429633, 50.4998545 ], [ 6.2437683, 50.5002266 ], [ 6.2439869, 50.5003254 ], [ 6.2451214, 50.5010317 ], [ 6.2456066, 50.5013316 ], [ 6.2474022, 50.5020668 ], [ 6.2477431, 50.5022125 ], [ 6.2479974, 50.5022685 ], [ 6.248526, 50.5025125 ], [ 6.2493421, 50.5027522 ], [ 6.2492202, 50.5029444 ], [ 6.2495057, 50.5030276 ], [ 6.2504689, 50.5031885 ], [ 6.2509441, 50.5032352 ], [ 6.25139, 50.5034091 ], [ 6.2517039, 50.5035305 ], [ 6.2521063, 50.5033624 ], [ 6.252835, 50.5031071 ], [ 6.2534023, 50.5029083 ], [ 6.2537076, 50.5027607 ], [ 6.2539185, 50.5025778 ], [ 6.2540209, 50.5024144 ], [ 6.2541319, 50.5021158 ], [ 6.2542718, 50.5018049 ], [ 6.2544193, 50.5016359 ], [ 6.2547571, 50.5014211 ], [ 6.2545306, 50.5011751 ], [ 6.2545015, 50.5010958 ], [ 6.2545546, 50.5009878 ], [ 6.2545668, 50.5009494 ], [ 6.2545464, 50.500831 ], [ 6.2545692, 50.5007769 ], [ 6.2545862, 50.5006915 ], [ 6.2545743, 50.5006502 ], [ 6.2544827, 50.500607 ], [ 6.2543887, 50.5005413 ], [ 6.2543681, 50.5004608 ], [ 6.2543457, 50.5000959 ], [ 6.2543621, 50.5000685 ], [ 6.2543883, 50.500051 ], [ 6.2544634, 50.5000399 ], [ 6.2545114, 50.5000456 ], [ 6.254555, 50.5000717 ], [ 6.2546083, 50.5001235 ], [ 6.2546785, 50.5001615 ], [ 6.2546955, 50.5001813 ], [ 6.2547558, 50.5001587 ], [ 6.2547972, 50.5001166 ], [ 6.2548149, 50.5000433 ], [ 6.254806, 50.4999954 ], [ 6.2547691, 50.4998957 ], [ 6.2547247, 50.4998531 ], [ 6.2547095, 50.4998653 ], [ 6.254654, 50.4998501 ], [ 6.2546152, 50.4998137 ], [ 6.2545647, 50.4997331 ], [ 6.2545554, 50.4996904 ], [ 6.2545524, 50.4996099 ], [ 6.2545285, 50.4994966 ], [ 6.2545285, 50.4994496 ], [ 6.2546293, 50.4994021 ], [ 6.2551251, 50.4991444 ], [ 6.2555982, 50.4990806 ], [ 6.2562027, 50.49909 ], [ 6.2569849, 50.4992001 ], [ 6.2574826, 50.4991908 ], [ 6.2582932, 50.4992242 ], [ 6.2585087, 50.4993216 ], [ 6.2597377, 50.4991696 ], [ 6.2607154, 50.4988676 ], [ 6.2615536, 50.4987394 ], [ 6.2624318, 50.4989914 ], [ 6.2629119, 50.4994335 ], [ 6.2628721, 50.4996449 ], [ 6.26334, 50.4997771 ], [ 6.2634854, 50.5000984 ], [ 6.2639534, 50.5003453 ], [ 6.2645665, 50.5008351 ], [ 6.2648243, 50.5011144 ], [ 6.2657024, 50.501673 ], [ 6.2658449, 50.5019819 ], [ 6.2661239, 50.5021801 ], [ 6.2668982, 50.5026455 ], [ 6.2672741, 50.5029385 ], [ 6.2676376, 50.503202 ], [ 6.2682286, 50.5034152 ], [ 6.2682956, 50.5036183 ], [ 6.2686177, 50.5038473 ], [ 6.2692748, 50.5042015 ], [ 6.2696638, 50.5045446 ], [ 6.2724385, 50.5033792 ], [ 6.2748497, 50.5024203 ], [ 6.2779299, 50.5030787 ], [ 6.2796856, 50.5032157 ], [ 6.2811598, 50.5032137 ], [ 6.2817281, 50.5031975 ], [ 6.2820253, 50.5023348 ], [ 6.2827532, 50.5013349 ], [ 6.2835451, 50.5002481 ], [ 6.28434, 50.4993344 ], [ 6.2848036, 50.4990437 ], [ 6.2849839, 50.4989607 ], [ 6.2852155, 50.4988369 ], [ 6.2915069, 50.4982357 ], [ 6.2919529, 50.4981989 ], [ 6.2951279, 50.4978705 ], [ 6.2964184, 50.497893 ], [ 6.2968169, 50.4978266 ], [ 6.2970635, 50.4976154 ], [ 6.2973808, 50.4974642 ], [ 6.2975557, 50.4974567 ], [ 6.2976917, 50.4974914 ], [ 6.2994131, 50.4984158 ], [ 6.3005361, 50.4986828 ], [ 6.3014648, 50.4989299 ], [ 6.3018301, 50.4991401 ], [ 6.3022731, 50.4996641 ], [ 6.302448, 50.4996665 ], [ 6.3024455, 50.4994402 ], [ 6.3025218, 50.4992834 ], [ 6.3027822, 50.4992043 ], [ 6.3089999, 50.5014641 ], [ 6.3128921, 50.4994549 ], [ 6.3139546, 50.4991508 ], [ 6.3141064, 50.4987501 ], [ 6.3140229, 50.4985329 ], [ 6.3139622, 50.4983253 ], [ 6.3140761, 50.4981418 ], [ 6.3143172, 50.497683 ], [ 6.316525, 50.4964583 ], [ 6.3168943, 50.4965873 ], [ 6.318355, 50.4977383 ], [ 6.3199907, 50.4984743 ], [ 6.3216545, 50.4993102 ], [ 6.3226144, 50.4998701 ], [ 6.3228983, 50.5000501 ], [ 6.3237802, 50.500843 ], [ 6.3242371, 50.501183 ], [ 6.325042, 50.5017819 ], [ 6.3254699, 50.5020259 ], [ 6.3258679, 50.5021708 ], [ 6.3263508, 50.5024258 ], [ 6.3268997, 50.5027578 ], [ 6.3270215, 50.5028016 ], [ 6.3275606, 50.5031127 ], [ 6.3280536, 50.5036697 ], [ 6.3286205, 50.5044406 ], [ 6.3290524, 50.5048375 ], [ 6.3296113, 50.5052755 ], [ 6.3304112, 50.5055315 ], [ 6.331848, 50.5057754 ], [ 6.331982, 50.5057414 ], [ 6.3327399, 50.5054245 ], [ 6.3331148, 50.5054135 ], [ 6.3348576, 50.5055735 ], [ 6.3360535, 50.5053803 ], [ 6.3379441, 50.5059704 ], [ 6.3394685, 50.5057676 ], [ 6.3409867, 50.5062484 ], [ 6.3423945, 50.5063934 ], [ 6.3440332, 50.5062484 ], [ 6.3447771, 50.5062904 ], [ 6.34543, 50.5063134 ], [ 6.3461449, 50.5064694 ], [ 6.3463042, 50.5065435 ], [ 6.3465002, 50.5066812 ], [ 6.3471068, 50.5068513 ], [ 6.3477237, 50.5072823 ], [ 6.3479327, 50.5072973 ], [ 6.3480616, 50.5076332 ], [ 6.3488435, 50.5080912 ], [ 6.3497734, 50.5085531 ], [ 6.3505083, 50.5089151 ], [ 6.3518521, 50.509258 ], [ 6.352792, 50.509399 ], [ 6.3531989, 50.509453 ], [ 6.3535838, 50.50956 ], [ 6.3538448, 50.50956 ], [ 6.3544137, 50.509686 ], [ 6.3547807, 50.50977 ], [ 6.3579512, 50.5114478 ], [ 6.3587911, 50.5118947 ], [ 6.3625255, 50.5138395 ], [ 6.3638033, 50.5145185 ], [ 6.3645872, 50.5149534 ], [ 6.3654801, 50.5154383 ], [ 6.365993, 50.5157553 ], [ 6.366369, 50.5159573 ], [ 6.3672168, 50.5167162 ], [ 6.3685546, 50.5177991 ], [ 6.3692365, 50.518314 ], [ 6.3693675, 50.51852 ], [ 6.3695965, 50.518696 ], [ 6.3697255, 50.518715 ], [ 6.3699334, 50.518898 ], [ 6.3699234, 50.5190199 ], [ 6.3700174, 50.5191729 ], [ 6.3707713, 50.5211567 ], [ 6.3712423, 50.5219766 ], [ 6.3720971, 50.5234684 ], [ 6.3726081, 50.5243683 ], [ 6.3728192, 50.5244035 ], [ 6.372792, 50.5246123 ], [ 6.372941, 50.5246543 ], [ 6.3730251, 50.5247648 ], [ 6.373028, 50.5249103 ], [ 6.3737359, 50.5260542 ], [ 6.3743148, 50.527065 ], [ 6.3746088, 50.527554 ], [ 6.3747477, 50.527676 ], [ 6.3751047, 50.5280839 ], [ 6.3751827, 50.5280499 ], [ 6.3751717, 50.5281489 ], [ 6.3761145, 50.5291258 ], [ 6.3763395, 50.5293348 ], [ 6.3766185, 50.5299797 ], [ 6.3769804, 50.5305517 ], [ 6.3772934, 50.5305976 ], [ 6.3773984, 50.5305786 ], [ 6.3783722, 50.5311966 ], [ 6.3794371, 50.5318565 ], [ 6.380099, 50.5322005 ], [ 6.380058, 50.5324514 ], [ 6.380148, 50.5324894 ], [ 6.380134, 50.5326574 ], [ 6.3802019, 50.5329434 ], [ 6.3801929, 50.5330504 ], [ 6.380135, 50.5337063 ], [ 6.380159, 50.5340653 ], [ 6.38015, 50.5344922 ], [ 6.379906, 50.5347212 ], [ 6.379617, 50.5348212 ], [ 6.3791531, 50.5354121 ], [ 6.3789061, 50.5356641 ], [ 6.3784192, 50.536316 ], [ 6.3765725, 50.536236 ], [ 6.3757656, 50.536484 ], [ 6.3742508, 50.5369759 ], [ 6.3739079, 50.5370369 ], [ 6.3737349, 50.5368769 ], [ 6.3733759, 50.5369229 ], [ 6.372968, 50.536671 ], [ 6.3725021, 50.536652 ], [ 6.3720921, 50.536411 ], [ 6.3710723, 50.5358851 ], [ 6.3703184, 50.5356331 ], [ 6.3694025, 50.5356221 ], [ 6.3684427, 50.5354811 ], [ 6.3675478, 50.5352211 ], [ 6.3665079, 50.5349352 ], [ 6.3652121, 50.5343402 ], [ 6.3644472, 50.5338933 ], [ 6.3640873, 50.5336303 ], [ 6.3635424, 50.5332303 ], [ 6.3630085, 50.5329244 ], [ 6.3624035, 50.5325814 ], [ 6.3619486, 50.5322195 ], [ 6.3619296, 50.5320165 ], [ 6.3617576, 50.5318455 ], [ 6.3612097, 50.5312766 ], [ 6.3610407, 50.5311626 ], [ 6.3609728, 50.5308726 ], [ 6.3610377, 50.5305517 ], [ 6.3608128, 50.5303537 ], [ 6.3602359, 50.5301207 ], [ 6.3600579, 50.5300177 ], [ 6.359182, 50.5297587 ], [ 6.3584821, 50.5296518 ], [ 6.3578862, 50.5296178 ], [ 6.3580232, 50.5308036 ], [ 6.3578692, 50.5312726 ], [ 6.3578292, 50.5330014 ], [ 6.3578132, 50.5343472 ], [ 6.3589381, 50.5353781 ], [ 6.359524, 50.53595 ], [ 6.3597419, 50.536026 ], [ 6.3599439, 50.536488 ], [ 6.3601559, 50.536614 ], [ 6.3608338, 50.5376279 ], [ 6.3615677, 50.5385358 ], [ 6.3626865, 50.5398526 ], [ 6.3634394, 50.5398106 ], [ 6.3650022, 50.5396846 ], [ 6.3649282, 50.5405315 ], [ 6.3652521, 50.5406725 ], [ 6.3648252, 50.5409085 ], [ 6.3645462, 50.5414124 ], [ 6.3646092, 50.5417634 ], [ 6.3648582, 50.5416984 ], [ 6.3647152, 50.5422553 ], [ 6.3646452, 50.5428353 ], [ 6.3645932, 50.5432052 ], [ 6.3643783, 50.5441631 ], [ 6.3640553, 50.5457959 ], [ 6.3636854, 50.5474398 ], [ 6.3631994, 50.5496635 ], [ 6.3630145, 50.5506934 ], [ 6.3626325, 50.5519562 ], [ 6.3629335, 50.5530891 ], [ 6.3632674, 50.55397 ], [ 6.3635154, 50.5547139 ], [ 6.3638903, 50.5555538 ], [ 6.3643903, 50.5565227 ], [ 6.3646412, 50.5570107 ], [ 6.3647192, 50.5577166 ], [ 6.3647362, 50.5592194 ], [ 6.3647932, 50.5602843 ], [ 6.3647362, 50.5605893 ], [ 6.3646522, 50.5606963 ], [ 6.3649422, 50.5614432 ], [ 6.3667159, 50.562771 ], [ 6.3672908, 50.563255 ], [ 6.3677468, 50.563393 ], [ 6.3678228, 50.5635869 ], [ 6.3687906, 50.5641829 ], [ 6.3699424, 50.5649148 ], [ 6.3710413, 50.5654067 ], [ 6.3723201, 50.5659757 ], [ 6.3740378, 50.5668606 ], [ 6.3762835, 50.5680504 ], [ 6.3767045, 50.5681614 ], [ 6.3787782, 50.5697023 ], [ 6.379546, 50.5703352 ], [ 6.3813778, 50.571751 ], [ 6.3823856, 50.5726439 ], [ 6.3827356, 50.5731319 ], [ 6.3833975, 50.5736928 ], [ 6.3838964, 50.5741278 ], [ 6.3849775, 50.5750493 ], [ 6.38647, 50.5753556 ], [ 6.386611, 50.5754206 ], [ 6.3871559, 50.5753826 ], [ 6.3873419, 50.5755766 ], [ 6.3882268, 50.5764205 ], [ 6.3885757, 50.5769234 ], [ 6.3889617, 50.5777473 ], [ 6.3888687, 50.5786023 ], [ 6.3901829, 50.579966 ], [ 6.3904644, 50.5802581 ], [ 6.3911763, 50.580795 ], [ 6.3931231, 50.5818669 ], [ 6.393605, 50.5821349 ], [ 6.3939319, 50.5824548 ], [ 6.3940409, 50.5824818 ], [ 6.3941069, 50.5826038 ], [ 6.3944979, 50.5828328 ], [ 6.3943959, 50.5829358 ], [ 6.3951598, 50.5838317 ], [ 6.3956767, 50.5844496 ], [ 6.3958517, 50.5854575 ], [ 6.3951977, 50.5858494 ], [ 6.3946528, 50.5862964 ], [ 6.3938219, 50.5870283 ], [ 6.3922247, 50.5885382 ], [ 6.3901375, 50.5904902 ], [ 6.3902935, 50.5914046 ], [ 6.3903362, 50.5917075 ], [ 6.3901752, 50.5918731 ], [ 6.3902653, 50.5920072 ], [ 6.3903315, 50.5920647 ], [ 6.3903788, 50.592145 ], [ 6.3905204, 50.5932546 ], [ 6.3907904, 50.5947154 ], [ 6.3913253, 50.5965122 ], [ 6.3914523, 50.5965612 ], [ 6.3918242, 50.5965992 ], [ 6.3928101, 50.5964552 ], [ 6.393357, 50.5964053 ], [ 6.3938409, 50.5964582 ], [ 6.3942679, 50.5964972 ], [ 6.3948008, 50.5966112 ], [ 6.3957687, 50.5969082 ], [ 6.3974264, 50.5975381 ], [ 6.3980663, 50.5977171 ], [ 6.3989792, 50.5979881 ], [ 6.3994771, 50.5980871 ], [ 6.400056, 50.5980991 ], [ 6.400193, 50.5980301 ], [ 6.4007119, 50.5978621 ], [ 6.4008589, 50.5977101 ], [ 6.4009089, 50.5975691 ], [ 6.4008329, 50.5973631 ], [ 6.4009669, 50.5971152 ], [ 6.4015448, 50.5971492 ], [ 6.4020547, 50.5973092 ], [ 6.4020377, 50.5975001 ], [ 6.4024187, 50.5976451 ], [ 6.4028136, 50.5975271 ], [ 6.4030216, 50.5977141 ], [ 6.4045104, 50.5976221 ], [ 6.406976, 50.5974851 ], [ 6.4089327, 50.5973741 ], [ 6.4092267, 50.5975531 ], [ 6.4095646, 50.5977441 ], [ 6.4097456, 50.5980341 ], [ 6.4098486, 50.598789 ], [ 6.4100086, 50.598904 ], [ 6.4110944, 50.598908 ], [ 6.4131371, 50.598885 ], [ 6.4156448, 50.6002118 ], [ 6.4159987, 50.6003418 ], [ 6.4174425, 50.6016127 ], [ 6.4173997, 50.6017549 ], [ 6.4173771, 50.6018337 ], [ 6.4173355, 50.6019786 ], [ 6.4178314, 50.6023026 ], [ 6.4178124, 50.6025166 ], [ 6.4175625, 50.6025926 ], [ 6.4173995, 50.6029545 ], [ 6.4172575, 50.6030805 ], [ 6.4171855, 50.6032605 ], [ 6.4169736, 50.6033365 ], [ 6.4165566, 50.6036074 ], [ 6.4167186, 50.6036834 ], [ 6.4171475, 50.6036984 ], [ 6.4174265, 50.6037214 ], [ 6.4166896, 50.6047673 ], [ 6.4181314, 50.6058432 ], [ 6.4196362, 50.6070671 ], [ 6.4196672, 50.6085819 ], [ 6.4192542, 50.6090238 ], [ 6.4186293, 50.6095238 ], [ 6.4166266, 50.6090888 ], [ 6.4164296, 50.6086999 ], [ 6.4156917, 50.6069221 ], [ 6.4159397, 50.6060142 ], [ 6.4151318, 50.6049693 ], [ 6.414217, 50.6038664 ], [ 6.41396, 50.6020816 ], [ 6.413947, 50.6007308 ], [ 6.4127622, 50.6005598 ], [ 6.4116713, 50.6010437 ], [ 6.4109364, 50.6019476 ], [ 6.4108984, 50.6023756 ], [ 6.4107415, 50.6033255 ], [ 6.4103105, 50.6038594 ], [ 6.4093797, 50.6050643 ], [ 6.4076529, 50.6061862 ], [ 6.4061981, 50.6066321 ], [ 6.4039345, 50.6063881 ], [ 6.4019698, 50.6057202 ], [ 6.400092, 50.6065141 ], [ 6.3980833, 50.607407 ], [ 6.3968515, 50.6081959 ], [ 6.3949708, 50.6082999 ], [ 6.3939659, 50.607998 ], [ 6.3938499, 50.607937 ], [ 6.3924911, 50.6067661 ], [ 6.3906604, 50.6054272 ], [ 6.3891526, 50.6055262 ], [ 6.3885277, 50.6062431 ], [ 6.3879908, 50.6068001 ], [ 6.3874139, 50.607395 ], [ 6.386909, 50.607975 ], [ 6.3870449, 50.6100467 ], [ 6.3880768, 50.6106687 ], [ 6.3890217, 50.6109046 ], [ 6.3903195, 50.6112706 ], [ 6.3926101, 50.6118545 ], [ 6.393568, 50.6126864 ], [ 6.3949278, 50.6136283 ], [ 6.3951927, 50.6139263 ], [ 6.3954787, 50.6143032 ], [ 6.3960466, 50.6150742 ], [ 6.3957807, 50.616722 ], [ 6.3954047, 50.6184388 ], [ 6.3946988, 50.6193427 ], [ 6.3940409, 50.6201896 ], [ 6.393461, 50.6204076 ], [ 6.3918172, 50.6209835 ], [ 6.3900795, 50.6209225 ], [ 6.3890147, 50.6208845 ], [ 6.3878738, 50.6205445 ], [ 6.3854652, 50.6198006 ], [ 6.3833085, 50.6191637 ], [ 6.3828786, 50.6191747 ], [ 6.3814568, 50.6201516 ], [ 6.3814238, 50.6215174 ], [ 6.3814308, 50.6220634 ], [ 6.3814548, 50.6230773 ], [ 6.3825436, 50.6234892 ], [ 6.3845913, 50.6244091 ], [ 6.3862111, 50.6243101 ], [ 6.3879228, 50.6241911 ], [ 6.3892786, 50.6241191 ], [ 6.3907764, 50.6238782 ], [ 6.3918062, 50.6236722 ], [ 6.393327, 50.6240651 ], [ 6.3945318, 50.6243901 ], [ 6.3950868, 50.6245161 ], [ 6.3958846, 50.6246071 ], [ 6.3962446, 50.624939 ], [ 6.3966535, 50.625241 ], [ 6.3971265, 50.625782 ], [ 6.3970265, 50.6270298 ], [ 6.3970105, 50.6276357 ], [ 6.3968485, 50.6280367 ], [ 6.3960846, 50.6287846 ], [ 6.3947898, 50.6296575 ], [ 6.3944219, 50.6298945 ], [ 6.393414, 50.6313363 ], [ 6.3923639, 50.6327975 ], [ 6.3943229, 50.6338011 ], [ 6.3966815, 50.633839 ], [ 6.3983203, 50.6335371 ], [ 6.3991262, 50.6327932 ], [ 6.3995691, 50.6323282 ], [ 6.400054, 50.6318243 ], [ 6.4013758, 50.6304394 ], [ 6.4024017, 50.6295355 ], [ 6.4044964, 50.6280937 ], [ 6.4057442, 50.6277577 ], [ 6.4080959, 50.6285206 ], [ 6.4087938, 50.6291166 ], [ 6.4090567, 50.6296385 ], [ 6.4095826, 50.6304814 ], [ 6.4096616, 50.6306494 ], [ 6.4100556, 50.6321412 ], [ 6.4102275, 50.6326482 ], [ 6.4103435, 50.6332471 ], [ 6.4102225, 50.6337701 ], [ 6.4100776, 50.634373 ], [ 6.4098256, 50.634674 ], [ 6.4091347, 50.6358188 ], [ 6.4083878, 50.6370657 ], [ 6.407288, 50.6387105 ], [ 6.4063071, 50.6400454 ], [ 6.4059872, 50.6405943 ], [ 6.4062841, 50.6412732 ], [ 6.407293, 50.6416432 ], [ 6.4081908, 50.6420901 ], [ 6.4106035, 50.6420441 ], [ 6.4100226, 50.643528 ], [ 6.4097246, 50.6443639 ], [ 6.4087668, 50.6443899 ], [ 6.407099, 50.6443789 ], [ 6.4061121, 50.6447148 ], [ 6.4060991, 50.6448668 ], [ 6.4057112, 50.6452368 ], [ 6.4055482, 50.6451608 ], [ 6.4053403, 50.6451758 ], [ 6.4051373, 50.6451458 ], [ 6.4041384, 50.6452178 ], [ 6.4036285, 50.6453518 ], [ 6.4031186, 50.6453938 ], [ 6.4020537, 50.6455727 ], [ 6.4013748, 50.6456067 ], [ 6.400564, 50.6454587 ], [ 6.3997831, 50.6453708 ], [ 6.3987352, 50.6453368 ], [ 6.3984133, 50.6453708 ], [ 6.3978834, 50.6452218 ], [ 6.3975834, 50.6452218 ], [ 6.3973924, 50.6451458 ], [ 6.3966065, 50.6449018 ], [ 6.3965126, 50.6448708 ], [ 6.3962736, 50.6450808 ], [ 6.3959796, 50.6456527 ], [ 6.3955267, 50.6459007 ], [ 6.3948268, 50.6461867 ], [ 6.3940889, 50.6466826 ], [ 6.393741, 50.6472435 ], [ 6.393384, 50.6472325 ], [ 6.3926541, 50.6482884 ], [ 6.3921862, 50.6486894 ], [ 6.3921582, 50.6490103 ], [ 6.3920332, 50.6493643 ], [ 6.3920782, 50.6499252 ], [ 6.3909961, 50.6503132 ], [ 6.3907779, 50.6501264 ], [ 6.3906864, 50.6499712 ], [ 6.3904554, 50.6494033 ], [ 6.3901305, 50.6480824 ], [ 6.3901202, 50.6479891 ], [ 6.3900475, 50.6473275 ], [ 6.389923, 50.646828 ], [ 6.3898945, 50.6467136 ], [ 6.3895626, 50.6464386 ], [ 6.3888567, 50.6461527 ], [ 6.3881218, 50.6457787 ], [ 6.3881328, 50.6456487 ], [ 6.3882898, 50.6455577 ], [ 6.3885587, 50.6454967 ], [ 6.3890806, 50.6455267 ], [ 6.3893116, 50.6454547 ], [ 6.3895506, 50.6452948 ], [ 6.3895986, 50.6449628 ], [ 6.3895976, 50.6445468 ], [ 6.3895486, 50.6440429 ], [ 6.3898105, 50.6438369 ], [ 6.3900375, 50.6438099 ], [ 6.3900675, 50.6436919 ], [ 6.3903365, 50.643605 ], [ 6.3906604, 50.643353 ], [ 6.3905154, 50.643292 ], [ 6.3904499, 50.6432678 ], [ 6.3900915, 50.643418 ], [ 6.3896996, 50.643391 ], [ 6.3896624, 50.6434588 ], [ 6.3892046, 50.643471 ], [ 6.3892326, 50.642945 ], [ 6.3883148, 50.642948 ], [ 6.3870399, 50.642941 ], [ 6.386383, 50.642941 ], [ 6.386309, 50.642937 ], [ 6.3859091, 50.643006 ], [ 6.3851052, 50.64299 ], [ 6.3848503, 50.642887 ], [ 6.3844413, 50.642841 ], [ 6.3840994, 50.64312 ], [ 6.3834175, 50.643608 ], [ 6.3830945, 50.6436689 ], [ 6.3829525, 50.6437839 ], [ 6.3830755, 50.6438719 ], [ 6.3832305, 50.6440319 ], [ 6.3833295, 50.6443939 ], [ 6.3834285, 50.6446568 ], [ 6.3833765, 50.6450278 ], [ 6.3832925, 50.6453438 ], [ 6.3831895, 50.6454507 ], [ 6.3831195, 50.6456037 ], [ 6.3831025, 50.6457907 ], [ 6.3833495, 50.6463966 ], [ 6.3830305, 50.6468396 ], [ 6.3829975, 50.6469916 ], [ 6.3831705, 50.6471526 ], [ 6.3840464, 50.6475415 ], [ 6.3846953, 50.6480565 ], [ 6.3850342, 50.6484604 ], [ 6.3855272, 50.6488344 ], [ 6.3855792, 50.6490743 ], [ 6.3856729, 50.6491462 ], [ 6.386046, 50.6493273 ], [ 6.385797, 50.6494904 ], [ 6.3856818, 50.6496318 ], [ 6.3858027, 50.6497718 ], [ 6.3859932, 50.6498237 ], [ 6.3860875, 50.6498648 ], [ 6.386053, 50.649997 ], [ 6.3861441, 50.6500815 ], [ 6.3862373, 50.6501224 ], [ 6.386236, 50.6502414 ], [ 6.3863359, 50.6502352 ], [ 6.3864293, 50.6503992 ], [ 6.3865771, 50.6502903 ], [ 6.3866652, 50.6502001 ], [ 6.3866595, 50.6499246 ], [ 6.3866526, 50.6498617 ], [ 6.3866215, 50.6497996 ], [ 6.386582, 50.6497383 ], [ 6.3865246, 50.6496888 ], [ 6.3864003, 50.6495799 ], [ 6.386588, 50.6497363 ], [ 6.3866304, 50.6497938 ], [ 6.3866612, 50.6498606 ], [ 6.3866705, 50.649922 ], [ 6.3866745, 50.6502014 ], [ 6.38658, 50.6502912 ], [ 6.3864327, 50.6504066 ], [ 6.3862981, 50.6504022 ], [ 6.3857511, 50.6504402 ], [ 6.3854683, 50.6506582 ], [ 6.3862552, 50.651318 ], [ 6.3856711, 50.6515581 ], [ 6.3862341, 50.652188 ], [ 6.3860921, 50.652313 ], [ 6.3857821, 50.652218 ], [ 6.3852755, 50.6520077 ], [ 6.3850114, 50.6517972 ], [ 6.3849472, 50.6518442 ], [ 6.3847331, 50.6520009 ], [ 6.3843412, 50.6526068 ], [ 6.3835645, 50.6534268 ], [ 6.3831424, 50.6537475 ], [ 6.3828066, 50.6539388 ], [ 6.3824686, 50.6537478 ], [ 6.3809819, 50.6537895 ], [ 6.3783531, 50.6538236 ], [ 6.3779742, 50.6545025 ], [ 6.3773731, 50.654341 ], [ 6.3772914, 50.6545337 ], [ 6.3764955, 50.6562235 ], [ 6.3756986, 50.6580313 ], [ 6.3758326, 50.6581533 ], [ 6.3748457, 50.6599311 ], [ 6.3744678, 50.660706 ], [ 6.3745238, 50.660935 ], [ 6.3746658, 50.661011 ], [ 6.374838, 50.6611634 ], [ 6.3761835, 50.6623538 ], [ 6.3766695, 50.6627508 ], [ 6.3769044, 50.6628568 ], [ 6.3772924, 50.6633457 ], [ 6.3777683, 50.6637917 ], [ 6.3782132, 50.6642836 ], [ 6.3783012, 50.6647646 ], [ 6.3781522, 50.6649855 ], [ 6.3778043, 50.6655125 ], [ 6.3775853, 50.6656575 ], [ 6.3771544, 50.6660734 ], [ 6.3768734, 50.6662904 ], [ 6.3766995, 50.6665694 ], [ 6.3766335, 50.6669843 ], [ 6.3764115, 50.6678092 ], [ 6.3760055, 50.6691949 ], [ 6.3757805, 50.6691869 ], [ 6.3753666, 50.6689929 ], [ 6.3750306, 50.6687529 ], [ 6.3744229, 50.6682809 ], [ 6.3732299, 50.6674861 ], [ 6.3729069, 50.6673181 ], [ 6.372521, 50.6672341 ], [ 6.3718681, 50.6669591 ], [ 6.3711002, 50.6667422 ], [ 6.3705483, 50.6666162 ], [ 6.3698164, 50.6663072 ], [ 6.3689735, 50.6656473 ], [ 6.3684256, 50.6652693 ], [ 6.3674097, 50.6648764 ], [ 6.3659979, 50.6640985 ], [ 6.3645401, 50.6633885 ], [ 6.3637443, 50.6629506 ], [ 6.3634753, 50.6625956 ], [ 6.3629154, 50.6610848 ], [ 6.3618265, 50.6598299 ], [ 6.3609187, 50.658907 ], [ 6.3597438, 50.6597349 ], [ 6.358899, 50.6609938 ], [ 6.3581191, 50.6617527 ], [ 6.3576162, 50.6621417 ], [ 6.3572776, 50.6619683 ], [ 6.356866, 50.6616841 ], [ 6.3560384, 50.6611038 ], [ 6.3555655, 50.6605779 ], [ 6.3554755, 50.6602759 ], [ 6.3540487, 50.659376 ], [ 6.3536007, 50.659342 ], [ 6.3524728, 50.6589259 ], [ 6.3521706, 50.6589724 ], [ 6.3507232, 50.6583969 ], [ 6.3506511, 50.6581668 ], [ 6.3493968, 50.6576995 ], [ 6.3489371, 50.6576472 ], [ 6.348391, 50.6575002 ], [ 6.3481676, 50.6573447 ], [ 6.3480478, 50.6571391 ], [ 6.3479796, 50.6570602 ], [ 6.3476468, 50.6563265 ], [ 6.3470759, 50.6558273 ], [ 6.3457659, 50.6557307 ], [ 6.3449889, 50.6556516 ], [ 6.3445011, 50.6554624 ], [ 6.3432863, 50.6553134 ], [ 6.3432162, 50.6552525 ], [ 6.3424731, 50.6546072 ], [ 6.3421485, 50.6543253 ], [ 6.3419945, 50.6541916 ], [ 6.3388859, 50.6533447 ], [ 6.3364653, 50.6526197 ], [ 6.3364403, 50.6527037 ], [ 6.3358873, 50.6525748 ], [ 6.3346135, 50.650682 ], [ 6.3344046, 50.650698 ], [ 6.3342066, 50.650724 ], [ 6.3332617, 50.65082 ], [ 6.3330108, 50.6511099 ], [ 6.3323959, 50.6510749 ], [ 6.3322339, 50.6511899 ], [ 6.3322629, 50.6514869 ], [ 6.3323439, 50.6516359 ], [ 6.3325598, 50.6519528 ], [ 6.3325578, 50.6521888 ], [ 6.3329918, 50.6525748 ], [ 6.3333947, 50.6531047 ], [ 6.3336419, 50.6536039 ], [ 6.3341357, 50.6546012 ], [ 6.3341576, 50.6546455 ], [ 6.3339186, 50.6548515 ], [ 6.3340766, 50.6562783 ], [ 6.3335207, 50.6568473 ], [ 6.3327898, 50.6569953 ], [ 6.331756, 50.6572662 ], [ 6.331115, 50.6573202 ], [ 6.3306491, 50.6572852 ], [ 6.3278435, 50.6565073 ], [ 6.3275696, 50.6564233 ], [ 6.3274246, 50.6564233 ], [ 6.3270606, 50.6565033 ], [ 6.3268877, 50.6563543 ], [ 6.3253519, 50.6568433 ], [ 6.3252019, 50.656897 ], [ 6.324926, 50.6569953 ], [ 6.3240971, 50.6574422 ], [ 6.3238561, 50.6578502 ], [ 6.3238715, 50.657966 ], [ 6.3238861, 50.6580751 ], [ 6.3238519, 50.6581816 ], [ 6.3238151, 50.6582961 ], [ 6.3238451, 50.6583881 ], [ 6.324394, 50.6587011 ], [ 6.324626, 50.659506 ], [ 6.324486, 50.6597649 ], [ 6.324296, 50.6599979 ], [ 6.3240761, 50.6603559 ], [ 6.3239251, 50.6605359 ], [ 6.3238231, 50.6607718 ], [ 6.324291, 50.6616227 ], [ 6.324439, 50.6616877 ], [ 6.324752, 50.6621297 ], [ 6.324793, 50.6625116 ], [ 6.324676, 50.6627826 ], [ 6.3241921, 50.6631606 ], [ 6.3239631, 50.6634005 ], [ 6.3234632, 50.6635495 ], [ 6.3231102, 50.6639195 ], [ 6.3231047, 50.6640352 ], [ 6.3230992, 50.6641515 ], [ 6.3231965, 50.6644984 ], [ 6.3230926, 50.664798 ], [ 6.3229716, 50.6649717 ], [ 6.3226354, 50.6652028 ], [ 6.3217024, 50.6654943 ], [ 6.3209305, 50.6657423 ], [ 6.3203496, 50.6661622 ], [ 6.3192268, 50.6665512 ], [ 6.3187339, 50.6668072 ], [ 6.3185469, 50.6670011 ], [ 6.3181789, 50.6671311 ], [ 6.317901, 50.6673031 ], [ 6.3176996, 50.6672529 ], [ 6.317608, 50.6672301 ], [ 6.3173463, 50.6672142 ], [ 6.3171791, 50.6672041 ], [ 6.3169233, 50.6670216 ], [ 6.3167158, 50.6668735 ], [ 6.3162962, 50.6665742 ], [ 6.3159264, 50.6664226 ], [ 6.3153744, 50.6661962 ], [ 6.3149939, 50.6660784 ], [ 6.3142795, 50.6658573 ], [ 6.3116559, 50.6675931 ], [ 6.310878, 50.667826 ], [ 6.310795, 50.667848 ], [ 6.3085864, 50.668096 ], [ 6.3053048, 50.668299 ], [ 6.3045389, 50.668058 ], [ 6.303881, 50.6677641 ], [ 6.3033481, 50.6676271 ], [ 6.3027502, 50.6676041 ], [ 6.2998376, 50.6657273 ], [ 6.2989992, 50.6662819 ], [ 6.2979979, 50.6670401 ], [ 6.2977107, 50.6672359 ], [ 6.2979791, 50.6683836 ], [ 6.2972484, 50.6691294 ], [ 6.297506, 50.6692789 ], [ 6.297282, 50.6694619 ], [ 6.2967241, 50.6700268 ], [ 6.2958872, 50.6703658 ], [ 6.2933286, 50.6711707 ], [ 6.2911969, 50.6719306 ], [ 6.2912749, 50.6720976 ], [ 6.2881754, 50.6730785 ], [ 6.2863306, 50.6753672 ], [ 6.2846849, 50.677397 ], [ 6.2845259, 50.6776869 ], [ 6.2844599, 50.6781099 ], [ 6.2845009, 50.6823364 ], [ 6.2855217, 50.6854681 ], [ 6.2861896, 50.686388 ], [ 6.2862316, 50.6865439 ], [ 6.2867016, 50.6866509 ], [ 6.290265, 50.6873189 ], [ 6.2944474, 50.6879598 ], [ 6.2969661, 50.6883367 ], [ 6.297396, 50.6884053 ], [ 6.2982799, 50.6885507 ], [ 6.3026752, 50.6891416 ], [ 6.3083854, 50.6899396 ], [ 6.3096252, 50.6901335 ], [ 6.3125718, 50.6905495 ], [ 6.3128937, 50.6907285 ], [ 6.3132367, 50.6931322 ], [ 6.3138146, 50.6965268 ], [ 6.3145335, 50.6998234 ], [ 6.3145875, 50.6999944 ], [ 6.3143745, 50.7003654 ], [ 6.3139776, 50.7006014 ], [ 6.3125108, 50.7012613 ], [ 6.3115209, 50.7018222 ], [ 6.3079455, 50.7025391 ], [ 6.3086883, 50.703676 ], [ 6.3095642, 50.7049959 ], [ 6.3105611, 50.7064497 ], [ 6.311258, 50.7074756 ], [ 6.3104671, 50.7077116 ], [ 6.311171, 50.7084405 ], [ 6.311298, 50.7087075 ], [ 6.311363, 50.7088144 ], [ 6.3117039, 50.7091994 ], [ 6.3117139, 50.7095084 ], [ 6.3116269, 50.7102683 ], [ 6.3118759, 50.7106722 ], [ 6.3119349, 50.7108512 ], [ 6.3122328, 50.7110922 ], [ 6.3123618, 50.7113362 ], [ 6.3123668, 50.7114811 ], [ 6.3124858, 50.7118281 ], [ 6.3123308, 50.7120991 ], [ 6.3124878, 50.712438 ], [ 6.3128007, 50.712507 ], [ 6.3131247, 50.712675 ], [ 6.3136326, 50.7132889 ], [ 6.3136256, 50.7135639 ], [ 6.3136506, 50.7139339 ], [ 6.3137676, 50.7144988 ], [ 6.3133987, 50.7146278 ], [ 6.3133197, 50.7150627 ], [ 6.3132037, 50.7151967 ], [ 6.3135386, 50.7156617 ], [ 6.3134427, 50.7158866 ], [ 6.3134726, 50.7160246 ], [ 6.3138326, 50.7161496 ], [ 6.3146655, 50.7173829 ], [ 6.3146965, 50.7173975 ], [ 6.3148784, 50.7176794 ], [ 6.3154464, 50.7182484 ], [ 6.3160473, 50.7186643 ], [ 6.3166552, 50.7192213 ], [ 6.3170961, 50.7195602 ], [ 6.317951, 50.7200682 ], [ 6.3187969, 50.7206821 ], [ 6.3195028, 50.722032 ], [ 6.3197687, 50.7224219 ], [ 6.3203243, 50.7229505 ], [ 6.3206506, 50.7232648 ], [ 6.3208236, 50.7238447 ], [ 6.3209416, 50.7239897 ], [ 6.3210615, 50.7243367 ], [ 6.3215265, 50.7245957 ], [ 6.3222094, 50.7251686 ], [ 6.3226133, 50.7256905 ], [ 6.3229393, 50.7262205 ], [ 6.3233892, 50.7264005 ], [ 6.3234552, 50.7267474 ], [ 6.3238811, 50.7270484 ], [ 6.3240301, 50.7272094 ], [ 6.3240111, 50.7274373 ], [ 6.324464, 50.7286702 ], [ 6.324554, 50.7297571 ], [ 6.324554, 50.730638 ], [ 6.32451, 50.730703 ], [ 6.324663, 50.7315199 ], [ 6.3250659, 50.7318319 ], [ 6.325058, 50.7327597 ], [ 6.3252189, 50.7330527 ], [ 6.3252279, 50.7331717 ], [ 6.3253479, 50.7333087 ], [ 6.3250839, 50.7335257 ], [ 6.3251119, 50.7337016 ], [ 6.3251299, 50.7338006 ], [ 6.3252299, 50.7339836 ], [ 6.3252229, 50.7340676 ], [ 6.3254209, 50.7341556 ], [ 6.3257982, 50.7348397 ], [ 6.3259718, 50.7351545 ], [ 6.3261978, 50.7351395 ], [ 6.3261508, 50.7352585 ], [ 6.3262388, 50.7353195 ], [ 6.3260418, 50.7354184 ], [ 6.3260908, 50.7355064 ], [ 6.3261128, 50.7356734 ], [ 6.3261598, 50.7357804 ], [ 6.3261488, 50.7358984 ], [ 6.3263328, 50.7359444 ], [ 6.3265347, 50.7362114 ], [ 6.3267387, 50.7362424 ], [ 6.3267677, 50.7365433 ], [ 6.3266837, 50.7366463 ], [ 6.3267337, 50.7367073 ], [ 6.3269837, 50.7366463 ], [ 6.3271456, 50.7367343 ], [ 6.3271576, 50.7368183 ], [ 6.3269667, 50.7370513 ], [ 6.3266627, 50.7370893 ], [ 6.3267677, 50.7371763 ], [ 6.3267567, 50.7372952 ], [ 6.3270487, 50.7373862 ], [ 6.3270027, 50.7374822 ], [ 6.3270507, 50.7375772 ], [ 6.3269317, 50.7376462 ], [ 6.3271086, 50.7377722 ], [ 6.3272176, 50.7378332 ], [ 6.3272876, 50.7378752 ], [ 6.3274256, 50.7377952 ], [ 6.3275336, 50.7378332 ], [ 6.3275786, 50.7379782 ], [ 6.3276836, 50.7380771 ], [ 6.3274796, 50.7382491 ], [ 6.3276086, 50.7382791 ], [ 6.3276556, 50.7383741 ], [ 6.3277486, 50.7383901 ], [ 6.3277186, 50.7385081 ], [ 6.3277826, 50.7386411 ], [ 6.3277376, 50.7387251 ], [ 6.3278795, 50.7388131 ], [ 6.3279525, 50.7388511 ], [ 6.3282355, 50.7388251 ], [ 6.3286434, 50.739103 ], [ 6.3287614, 50.739034 ], [ 6.3288394, 50.739004 ], [ 6.3291084, 50.739145 ], [ 6.3292013, 50.739172 ], [ 6.3290614, 50.73926 ], [ 6.3292433, 50.739317 ], [ 6.3295993, 50.739328 ], [ 6.3297953, 50.739454 ], [ 6.3298902, 50.739447 ], [ 6.3299382, 50.739542 ], [ 6.3300822, 50.739607 ], [ 6.3301822, 50.739756 ], [ 6.3302572, 50.739756 ], [ 6.3305341, 50.739801 ], [ 6.3306351, 50.739736 ], [ 6.3307471, 50.73974 ], [ 6.3309011, 50.739698 ], [ 6.3311031, 50.739752 ], [ 6.3311801, 50.7399459 ], [ 6.331348, 50.7399499 ], [ 6.331528, 50.7400419 ], [ 6.331335, 50.7400949 ], [ 6.331272, 50.7401749 ], [ 6.331497, 50.7403849 ], [ 6.331432, 50.7404799 ], [ 6.331622, 50.7406639 ], [ 6.3320039, 50.7408078 ], [ 6.3320179, 50.7406559 ], [ 6.3320959, 50.7406329 ], [ 6.3321809, 50.7407209 ], [ 6.3323159, 50.7406899 ], [ 6.3324469, 50.7406939 ], [ 6.3323639, 50.7407858 ], [ 6.3324489, 50.7408848 ], [ 6.3324889, 50.7410638 ], [ 6.3326398, 50.7410598 ], [ 6.3327348, 50.7410488 ], [ 6.3328538, 50.7409728 ], [ 6.3331678, 50.7410408 ], [ 6.3332587, 50.7412848 ], [ 6.3335147, 50.7413538 ], [ 6.3336277, 50.7413578 ], [ 6.3338097, 50.7414228 ], [ 6.3338557, 50.7415448 ], [ 6.3338027, 50.7417087 ], [ 6.3340576, 50.7417997 ], [ 6.3341966, 50.7419257 ], [ 6.3344256, 50.7418877 ], [ 6.3345576, 50.7420937 ], [ 6.3347195, 50.7419677 ], [ 6.3350245, 50.7419187 ], [ 6.3350045, 50.7421317 ], [ 6.3351665, 50.7422237 ], [ 6.3352794, 50.7422157 ], [ 6.3353734, 50.7422197 ], [ 6.3354564, 50.7423417 ], [ 6.3354184, 50.7425556 ], [ 6.3355734, 50.7424987 ], [ 6.3355614, 50.7426316 ], [ 6.3357894, 50.7428306 ], [ 6.3356894, 50.7428876 ], [ 6.3358304, 50.7429976 ], [ 6.3362023, 50.7430366 ], [ 6.3362073, 50.7432036 ], [ 6.3364223, 50.7433186 ], [ 6.3365943, 50.7434905 ], [ 6.3365133, 50.7435475 ], [ 6.3363443, 50.7435395 ], [ 6.3363383, 50.7436125 ], [ 6.3363653, 50.7437345 ], [ 6.3363583, 50.7438145 ], [ 6.3365133, 50.7439785 ], [ 6.3366033, 50.7440275 ], [ 6.3366602, 50.7442345 ], [ 6.3370302, 50.7444974 ], [ 6.3370382, 50.7446614 ], [ 6.3371622, 50.7447524 ], [ 6.3372202, 50.7449364 ], [ 6.3373821, 50.7450234 ], [ 6.3377051, 50.7451913 ], [ 6.338008, 50.7451804 ], [ 6.338137, 50.7454093 ], [ 6.33814, 50.7458023 ], [ 6.338271, 50.7458093 ], [ 6.33836, 50.7458593 ], [ 6.338435, 50.7458633 ], [ 6.3386959, 50.7461112 ], [ 6.338611, 50.7462142 ], [ 6.3388809, 50.7463432 ], [ 6.3391169, 50.7464352 ], [ 6.3388909, 50.7464272 ], [ 6.3386919, 50.7465612 ], [ 6.33866, 50.7469312 ], [ 6.33861, 50.7470721 ], [ 6.3388149, 50.7470801 ], [ 6.3388859, 50.7471291 ], [ 6.3392369, 50.7472021 ], [ 6.3392949, 50.7473961 ], [ 6.3395828, 50.7475261 ], [ 6.3397468, 50.7475911 ], [ 6.3399388, 50.7477511 ], [ 6.3402947, 50.7477661 ], [ 6.3405587, 50.7477621 ], [ 6.3408426, 50.747938 ], [ 6.3410586, 50.748258 ], [ 6.3411936, 50.74843 ], [ 6.3416245, 50.748445 ], [ 6.3418575, 50.748571 ], [ 6.3418285, 50.7488919 ], [ 6.3422174, 50.7491699 ], [ 6.3421144, 50.7492729 ], [ 6.3423784, 50.7494719 ], [ 6.3426044, 50.7494679 ], [ 6.3426984, 50.7496888 ], [ 6.3430493, 50.7497458 ], [ 6.3430693, 50.7499518 ], [ 6.3433683, 50.7501768 ], [ 6.3436452, 50.7502458 ], [ 6.3438112, 50.7504788 ], [ 6.3438192, 50.7506087 ], [ 6.3440052, 50.7508447 ], [ 6.3440472, 50.7514167 ], [ 6.3440612, 50.7516916 ], [ 6.3436172, 50.7520196 ], [ 6.3433323, 50.7524775 ], [ 6.3426114, 50.7534044 ], [ 6.3427624, 50.7535994 ], [ 6.3428023, 50.7537824 ], [ 6.3424644, 50.7544113 ], [ 6.3421194, 50.7553312 ], [ 6.3426154, 50.7554572 ], [ 6.3431803, 50.7556552 ], [ 6.3437952, 50.7557242 ], [ 6.3440062, 50.7558761 ], [ 6.345185, 50.7561661 ], [ 6.3461928, 50.7566701 ], [ 6.3462788, 50.7567421 ], [ 6.3465738, 50.756815 ], [ 6.3468438, 50.756941 ], [ 6.3471727, 50.757051 ], [ 6.3474547, 50.757048 ], [ 6.3487245, 50.75757 ], [ 6.3492714, 50.757555 ], [ 6.3495284, 50.757624 ], [ 6.3498823, 50.7576459 ], [ 6.3499953, 50.7576619 ], [ 6.3500373, 50.757593 ], [ 6.3505992, 50.757627 ], [ 6.3507992, 50.7576919 ], [ 6.3509232, 50.7577299 ], [ 6.3511571, 50.757643 ], [ 6.3512911, 50.7576729 ], [ 6.351726, 50.757414 ], [ 6.352303, 50.757276 ], [ 6.3525539, 50.757208 ], [ 6.3528339, 50.757025 ], [ 6.3532408, 50.756872 ], [ 6.3534108, 50.75688 ], [ 6.3536667, 50.756948 ], [ 6.3537857, 50.75688 ], [ 6.3539157, 50.756899 ], [ 6.3542097, 50.756967 ], [ 6.3544026, 50.756914 ], [ 6.3545836, 50.756994 ], [ 6.3549866, 50.756899 ], [ 6.3550575, 50.7567351 ], [ 6.3553735, 50.7565671 ], [ 6.3562344, 50.7566131 ], [ 6.3566783, 50.7564831 ], [ 6.3568493, 50.7564521 ], [ 6.3570742, 50.7564751 ], [ 6.3572092, 50.7564291 ], [ 6.3576222, 50.7564451 ], [ 6.3579241, 50.7562081 ], [ 6.358503, 50.7560481 ], [ 6.358902, 50.7559911 ], [ 6.3591199, 50.7556662 ], [ 6.3596049, 50.7554912 ], [ 6.3597988, 50.7554262 ], [ 6.3599988, 50.7552932 ], [ 6.3602418, 50.7553002 ], [ 6.3603588, 50.7552542 ], [ 6.3603688, 50.7551482 ], [ 6.3610647, 50.7551402 ], [ 6.3610637, 50.7553542 ], [ 6.3618665, 50.7560591 ], [ 6.3621895, 50.7563911 ], [ 6.3624358, 50.7568854 ], [ 6.3631963, 50.757379 ], [ 6.3639652, 50.7578179 ], [ 6.3642112, 50.7580169 ], [ 6.3647481, 50.7581079 ], [ 6.3651051, 50.7583219 ], [ 6.3656321, 50.7586037 ], [ 6.3655751, 50.7587289 ], [ 6.3647498, 50.7587023 ], [ 6.3638345, 50.7587857 ], [ 6.363616, 50.7589622 ], [ 6.3633274, 50.7592279 ], [ 6.3632125, 50.7594327 ], [ 6.3631929, 50.7594366 ], [ 6.3631327, 50.7594485 ], [ 6.3627974, 50.7595148 ], [ 6.3625056, 50.7598115 ], [ 6.362123, 50.7602424 ], [ 6.3612997, 50.7606358 ], [ 6.3610811, 50.7608352 ], [ 6.3602481, 50.760866 ], [ 6.3598955, 50.760833 ], [ 6.3596174, 50.760824 ], [ 6.3587161, 50.7607318 ], [ 6.3573082, 50.760604 ], [ 6.3564138, 50.7613087 ], [ 6.3557245, 50.7618635 ], [ 6.3556994, 50.7618837 ], [ 6.3556543, 50.7619204 ], [ 6.355408, 50.7621209 ], [ 6.3559626, 50.7630374 ], [ 6.3561908, 50.7634594 ], [ 6.3562599, 50.7635909 ], [ 6.3562817, 50.7636325 ], [ 6.3565971, 50.7642334 ], [ 6.3568065, 50.7646362 ], [ 6.3572511, 50.7654917 ], [ 6.3573567, 50.7657067 ], [ 6.3573877, 50.7657668 ], [ 6.3573947, 50.7657803 ], [ 6.3574386, 50.7658655 ], [ 6.3574414, 50.7658709 ], [ 6.3579794, 50.7669144 ], [ 6.3580329, 50.7670181 ], [ 6.3585008, 50.7679256 ], [ 6.3589245, 50.768812 ], [ 6.3571525, 50.7682899 ], [ 6.3558469, 50.7678982 ], [ 6.3557281, 50.7678624 ], [ 6.3524603, 50.7691218 ], [ 6.3524696, 50.769202 ], [ 6.3525503, 50.7698977 ], [ 6.3526033, 50.7703937 ], [ 6.3528762, 50.7704402 ], [ 6.3531157, 50.7708162 ], [ 6.35341, 50.7715291 ], [ 6.3534994, 50.7720189 ], [ 6.3535559, 50.7725935 ], [ 6.3535527, 50.7726268 ], [ 6.3535387, 50.7727512 ], [ 6.3535093, 50.7730539 ], [ 6.3536382, 50.7734475 ], [ 6.3537999, 50.7736185 ], [ 6.3535971, 50.7737235 ], [ 6.3535101, 50.7737679 ], [ 6.3531242, 50.7739233 ], [ 6.3528846, 50.7740189 ], [ 6.3528169, 50.7742963 ], [ 6.352613, 50.7745454 ], [ 6.3523334, 50.7749216 ], [ 6.3515933, 50.774734 ], [ 6.3512963, 50.7749737 ], [ 6.3523096, 50.7754902 ], [ 6.3524144, 50.7755445 ], [ 6.3525545, 50.7762409 ], [ 6.3525322, 50.776292 ], [ 6.3525148, 50.7763319 ], [ 6.3524121, 50.7765674 ], [ 6.3523203, 50.7767733 ], [ 6.352131, 50.7769729 ], [ 6.3520273, 50.7771746 ], [ 6.3519319, 50.7775692 ], [ 6.3518306, 50.7780663 ], [ 6.3517234, 50.7784848 ], [ 6.3516857, 50.7786323 ], [ 6.3519928, 50.7787707 ], [ 6.3522683, 50.7785397 ], [ 6.3523214, 50.7784951 ], [ 6.3523428, 50.7785188 ], [ 6.3523622, 50.7785301 ], [ 6.3523881, 50.7785422 ], [ 6.3524081, 50.7785433 ], [ 6.3524374, 50.7785636 ], [ 6.3524443, 50.7785856 ], [ 6.3524543, 50.7786012 ], [ 6.3525688, 50.7786916 ], [ 6.3526211, 50.7787015 ], [ 6.3526403, 50.7787046 ], [ 6.3526748, 50.7787195 ], [ 6.3527084, 50.778739 ], [ 6.3527377, 50.7787701 ], [ 6.3527586, 50.7788085 ], [ 6.3527579, 50.7788334 ], [ 6.3527684, 50.7788543 ], [ 6.3527974, 50.7788919 ], [ 6.3528181, 50.7789182 ], [ 6.3528285, 50.778943 ], [ 6.3528325, 50.7789641 ], [ 6.3528639, 50.7790069 ], [ 6.352896, 50.7790381 ], [ 6.3529259, 50.7790703 ], [ 6.3529615, 50.7791095 ], [ 6.3530375, 50.7791546 ], [ 6.3530301, 50.7791866 ], [ 6.3530387, 50.7792172 ], [ 6.35305, 50.7792474 ], [ 6.3530652, 50.7792762 ], [ 6.3530791, 50.7792953 ], [ 6.3531308, 50.7793428 ], [ 6.3531946, 50.7793586 ], [ 6.3532193, 50.7793941 ], [ 6.3532835, 50.7794084 ], [ 6.3533136, 50.7794395 ], [ 6.3533781, 50.7794611 ], [ 6.3533797, 50.779498 ], [ 6.3534161, 50.7795176 ], [ 6.3534377, 50.7795317 ], [ 6.3535291, 50.7796112 ], [ 6.3535545, 50.7796886 ], [ 6.3536514, 50.7796963 ], [ 6.3537069, 50.7797206 ], [ 6.3537501, 50.7797135 ], [ 6.3537974, 50.7797267 ], [ 6.3538348, 50.7797625 ], [ 6.3538968, 50.7797955 ], [ 6.3539654, 50.7798138 ], [ 6.3540228, 50.7798073 ], [ 6.3541185, 50.7798113 ], [ 6.3541542, 50.7798227 ], [ 6.354176, 50.779853 ], [ 6.3541853, 50.7798861 ], [ 6.3542248, 50.7799337 ], [ 6.3542593, 50.7799425 ], [ 6.3543023, 50.7799452 ], [ 6.3543657, 50.7799864 ], [ 6.3543639, 50.7800148 ], [ 6.3544106, 50.7800354 ], [ 6.3543806, 50.7800507 ], [ 6.3543848, 50.7800615 ], [ 6.3543945, 50.780068 ], [ 6.35448, 50.7801087 ], [ 6.3544737, 50.7801283 ], [ 6.3544637, 50.780159 ], [ 6.3544633, 50.7801869 ], [ 6.3544656, 50.7802083 ], [ 6.3544736, 50.7802316 ], [ 6.3544649, 50.7802617 ], [ 6.3544943, 50.7803023 ], [ 6.3544954, 50.7803386 ], [ 6.3545047, 50.7803695 ], [ 6.3545248, 50.7804272 ], [ 6.3545338, 50.7804796 ], [ 6.3545214, 50.7805095 ], [ 6.3545028, 50.7805305 ], [ 6.3544874, 50.7805613 ], [ 6.3544688, 50.7805879 ], [ 6.3544564, 50.7806025 ], [ 6.3544301, 50.780611 ], [ 6.3543856, 50.7806264 ], [ 6.3543691, 50.7806629 ], [ 6.3543798, 50.7807058 ], [ 6.3544093, 50.7807646 ], [ 6.3544537, 50.780812 ], [ 6.354497, 50.7808276 ], [ 6.3545316, 50.7808382 ], [ 6.3545903, 50.780845 ], [ 6.3545653, 50.7809128 ], [ 6.3545594, 50.7809414 ], [ 6.3545818, 50.7809772 ], [ 6.3545522, 50.7809709 ], [ 6.3544813, 50.7810048 ], [ 6.3544701, 50.7810397 ], [ 6.3544687, 50.7810683 ], [ 6.3544929, 50.7810978 ], [ 6.3545122, 50.7811191 ], [ 6.354557, 50.7811497 ], [ 6.3545373, 50.7811671 ], [ 6.3545638, 50.7812111 ], [ 6.3546086, 50.7812222 ], [ 6.3546265, 50.7812721 ], [ 6.3546096, 50.7813 ], [ 6.3545902, 50.7813191 ], [ 6.3545321, 50.7813254 ], [ 6.354512, 50.7813544 ], [ 6.3545464, 50.7813829 ], [ 6.3546104, 50.7814075 ], [ 6.3546265, 50.7814167 ], [ 6.3546278, 50.781426 ], [ 6.3546005, 50.7814331 ], [ 6.3545719, 50.7814343 ], [ 6.3545831, 50.7814676 ], [ 6.3546007, 50.7814996 ], [ 6.354584, 50.7815194 ], [ 6.354565, 50.7815326 ], [ 6.3545383, 50.7815533 ], [ 6.3545649, 50.7815786 ], [ 6.35459, 50.7815927 ], [ 6.3546047, 50.7815981 ], [ 6.3546191, 50.7816002 ], [ 6.3546636, 50.7816023 ], [ 6.3546695, 50.7816107 ], [ 6.3546703, 50.7816267 ], [ 6.3546556, 50.7816351 ], [ 6.3546353, 50.7816387 ], [ 6.3546207, 50.7816473 ], [ 6.3546188, 50.7816622 ], [ 6.3546379, 50.7817006 ], [ 6.3546954, 50.7817907 ], [ 6.3547381, 50.781854 ], [ 6.3547191, 50.7819209 ], [ 6.3547332, 50.7819344 ], [ 6.3548012, 50.7819849 ], [ 6.3547604, 50.7820958 ], [ 6.3547669, 50.7821301 ], [ 6.3547305, 50.7821736 ], [ 6.354746, 50.7822011 ], [ 6.3547906, 50.7822281 ], [ 6.35485, 50.7822475 ], [ 6.3548959, 50.7822945 ], [ 6.354855, 50.7823305 ], [ 6.3548557, 50.7823425 ], [ 6.3548654, 50.7823551 ], [ 6.3548945, 50.7823509 ], [ 6.3549194, 50.7823499 ], [ 6.3549348, 50.7823567 ], [ 6.3549539, 50.7823929 ], [ 6.3549815, 50.7824232 ], [ 6.3550169, 50.7824554 ], [ 6.354982, 50.7824814 ], [ 6.3549559, 50.7825047 ], [ 6.3549923, 50.782537 ], [ 6.3550208, 50.7825899 ], [ 6.3551208, 50.782639 ], [ 6.3551423, 50.7826637 ], [ 6.3551321, 50.7826893 ], [ 6.3551333, 50.7827154 ], [ 6.3551274, 50.7827426 ], [ 6.3550577, 50.7827796 ], [ 6.3551466, 50.7828549 ], [ 6.3552193, 50.7828765 ], [ 6.3552585, 50.7828844 ], [ 6.3552921, 50.7829136 ], [ 6.3552776, 50.7829371 ], [ 6.3552924, 50.7829911 ], [ 6.3552581, 50.7830138 ], [ 6.3552582, 50.783044 ], [ 6.3552108, 50.783059 ], [ 6.3551943, 50.7830757 ], [ 6.3552242, 50.7830923 ], [ 6.3552694, 50.7831053 ], [ 6.3552815, 50.7831402 ], [ 6.3552754, 50.7831608 ], [ 6.3552249, 50.7831825 ], [ 6.355213, 50.7832053 ], [ 6.355239, 50.7832234 ], [ 6.3553257, 50.783231 ], [ 6.3553622, 50.7832648 ], [ 6.3553694, 50.7832967 ], [ 6.355365, 50.7833268 ], [ 6.3553757, 50.783335 ], [ 6.3554305, 50.7833614 ], [ 6.3554815, 50.7833739 ], [ 6.3554828, 50.7833956 ], [ 6.3554701, 50.783403 ], [ 6.3555032, 50.7834206 ], [ 6.3555228, 50.7834384 ], [ 6.3553559, 50.7834745 ], [ 6.3554269, 50.7835098 ], [ 6.3555054, 50.7835415 ], [ 6.3555653, 50.7835865 ], [ 6.3556372, 50.7836072 ], [ 6.355646, 50.783643 ], [ 6.3556433, 50.7836779 ], [ 6.3556341, 50.7837043 ], [ 6.3556167, 50.7837269 ], [ 6.3555955, 50.7837466 ], [ 6.3555627, 50.7837642 ], [ 6.3555256, 50.7837771 ], [ 6.3554666, 50.7838063 ], [ 6.3554965, 50.7839407 ], [ 6.3555758, 50.7839202 ], [ 6.3556189, 50.7839338 ], [ 6.3556238, 50.7839513 ], [ 6.3556346, 50.783985 ], [ 6.3556278, 50.7840485 ], [ 6.3556204, 50.7841191 ], [ 6.3557154, 50.7841162 ], [ 6.3557321, 50.7841452 ], [ 6.3557411, 50.7842206 ], [ 6.3556722, 50.7842566 ], [ 6.3556906, 50.7842793 ], [ 6.3557264, 50.7842822 ], [ 6.3557607, 50.7842879 ], [ 6.3557737, 50.784306 ], [ 6.3558035, 50.7843274 ], [ 6.3558348, 50.7843432 ], [ 6.3558843, 50.7843575 ], [ 6.3558817, 50.7843908 ], [ 6.3558508, 50.7844122 ], [ 6.3558392, 50.7844219 ], [ 6.3558308, 50.7844328 ], [ 6.3558201, 50.7844533 ], [ 6.3557529, 50.7844768 ], [ 6.3557056, 50.7844718 ], [ 6.3557208, 50.7845245 ], [ 6.3556518, 50.7845316 ], [ 6.3555997, 50.7845514 ], [ 6.3556178, 50.7846185 ], [ 6.3555959, 50.7846592 ], [ 6.3555475, 50.7846687 ], [ 6.3555047, 50.7846828 ], [ 6.3554661, 50.7847855 ], [ 6.3556004, 50.7848181 ], [ 6.3556037, 50.7848275 ], [ 6.3555762, 50.7848284 ], [ 6.3555706, 50.7848404 ], [ 6.3555674, 50.7848662 ], [ 6.3555686, 50.7849095 ], [ 6.3555328, 50.7849186 ], [ 6.3554855, 50.7849135 ], [ 6.3554357, 50.7848928 ], [ 6.3553943, 50.7848706 ], [ 6.3553302, 50.7848919 ], [ 6.3553295, 50.7849889 ], [ 6.3553858, 50.7850471 ], [ 6.3554392, 50.7851124 ], [ 6.3554341, 50.7851223 ], [ 6.3553959, 50.7851733 ], [ 6.355295, 50.7851868 ], [ 6.3552884, 50.785207 ], [ 6.3552673, 50.7852492 ], [ 6.3552631, 50.7853567 ], [ 6.3552696, 50.7854093 ], [ 6.355263, 50.7854218 ], [ 6.3552347, 50.7854444 ], [ 6.3552076, 50.785463 ], [ 6.3552297, 50.7855147 ], [ 6.3551996, 50.7855042 ], [ 6.35518, 50.7855214 ], [ 6.3551432, 50.7855615 ], [ 6.3552037, 50.785582 ], [ 6.3552619, 50.7856107 ], [ 6.3552436, 50.7856452 ], [ 6.3551779, 50.7856371 ], [ 6.3551463, 50.785747 ], [ 6.3551184, 50.7857442 ], [ 6.3550974, 50.7857403 ], [ 6.3550855, 50.7857032 ], [ 6.3549844, 50.7857435 ], [ 6.354914, 50.7858007 ], [ 6.3548259, 50.7858013 ], [ 6.3547782, 50.7858446 ], [ 6.354765, 50.7858577 ], [ 6.3548715, 50.7860388 ], [ 6.3548146, 50.7860616 ], [ 6.3547813, 50.7861775 ], [ 6.3548139, 50.7861947 ], [ 6.3549002, 50.7861934 ], [ 6.3549177, 50.7861957 ], [ 6.3549343, 50.7862027 ], [ 6.3549506, 50.7862726 ], [ 6.3549405, 50.7862874 ], [ 6.354897, 50.7863301 ], [ 6.3549407, 50.7863914 ], [ 6.3550018, 50.7863696 ], [ 6.3550063, 50.7863809 ], [ 6.3550191, 50.7863846 ], [ 6.3550337, 50.7863889 ], [ 6.355052, 50.7863924 ], [ 6.3550749, 50.7863988 ], [ 6.3550892, 50.7864153 ], [ 6.3551373, 50.7864736 ], [ 6.3550052, 50.7864796 ], [ 6.3550079, 50.7865169 ], [ 6.3550192, 50.7865292 ], [ 6.3550531, 50.7865289 ], [ 6.3550818, 50.7865355 ], [ 6.355107, 50.7865483 ], [ 6.3550472, 50.7865939 ], [ 6.3549766, 50.7866321 ], [ 6.3549728, 50.7866584 ], [ 6.3549561, 50.7866662 ], [ 6.3549305, 50.7866711 ], [ 6.3548774, 50.786656 ], [ 6.3546798, 50.7867489 ], [ 6.3547345, 50.78676 ], [ 6.3548041, 50.7867715 ], [ 6.3548344, 50.786788 ], [ 6.3548705, 50.7868165 ], [ 6.3548772, 50.7868755 ], [ 6.3548719, 50.7868866 ], [ 6.3548113, 50.786964 ], [ 6.3548747, 50.7869722 ], [ 6.3548921, 50.7870127 ], [ 6.3548529, 50.787037 ], [ 6.3548544, 50.7870639 ], [ 6.354885, 50.7870901 ], [ 6.3548151, 50.7871034 ], [ 6.3548471, 50.7871784 ], [ 6.3548872, 50.7871933 ], [ 6.3546571, 50.7872692 ], [ 6.3547232, 50.7872886 ], [ 6.3547392, 50.7873267 ], [ 6.354659, 50.7873348 ], [ 6.354562, 50.7874051 ], [ 6.3545826, 50.7874186 ], [ 6.3545993, 50.7874277 ], [ 6.3546186, 50.7874338 ], [ 6.3546696, 50.7874603 ], [ 6.3546491, 50.7874668 ], [ 6.3546136, 50.7874825 ], [ 6.3545816, 50.7874989 ], [ 6.3545076, 50.7875807 ], [ 6.3545094, 50.7875929 ], [ 6.3545214, 50.7876444 ], [ 6.3545057, 50.7876855 ], [ 6.3544888, 50.7877161 ], [ 6.3544738, 50.7877265 ], [ 6.3544175, 50.7877383 ], [ 6.3543988, 50.7877478 ], [ 6.3543793, 50.7877506 ], [ 6.3543536, 50.7877514 ], [ 6.3543295, 50.787772 ], [ 6.3543129, 50.7877891 ], [ 6.3542784, 50.7878203 ], [ 6.3542565, 50.7878497 ], [ 6.3542575, 50.7878726 ], [ 6.3541822, 50.7879609 ], [ 6.3541913, 50.787968 ], [ 6.3542053, 50.7879789 ], [ 6.3542046, 50.7879859 ], [ 6.3542017, 50.7880155 ], [ 6.3541692, 50.7880103 ], [ 6.3541041, 50.7880157 ], [ 6.3540557, 50.7880198 ], [ 6.3540121, 50.7880235 ], [ 6.3539762, 50.7880265 ], [ 6.3539427, 50.788028 ], [ 6.3538895, 50.7880379 ], [ 6.3538598, 50.7880362 ], [ 6.3538388, 50.7880277 ], [ 6.3538135, 50.7880174 ], [ 6.3537922, 50.7880416 ], [ 6.3536533, 50.7881462 ], [ 6.3536602, 50.7881672 ], [ 6.3536904, 50.7881634 ], [ 6.3537198, 50.7881598 ], [ 6.3537465, 50.7881691 ], [ 6.3537648, 50.7881818 ], [ 6.3537876, 50.7882495 ], [ 6.3537031, 50.788276 ], [ 6.353729, 50.7882894 ], [ 6.3537627, 50.7882967 ], [ 6.3538001, 50.7883091 ], [ 6.3538205, 50.7883232 ], [ 6.3537321, 50.7883551 ], [ 6.3536814, 50.7884202 ], [ 6.3536631, 50.7884242 ], [ 6.3536159, 50.7884236 ], [ 6.3536116, 50.7883961 ], [ 6.3535719, 50.7883638 ], [ 6.3535204, 50.7883798 ], [ 6.3534908, 50.7883767 ], [ 6.3534422, 50.7883717 ], [ 6.3534541, 50.7883861 ], [ 6.3534768, 50.7884136 ], [ 6.3534702, 50.7884257 ], [ 6.353474, 50.7884345 ], [ 6.353479, 50.7884461 ], [ 6.35348, 50.7884486 ], [ 6.3534883, 50.7884679 ], [ 6.3534907, 50.7884737 ], [ 6.3534901, 50.7884957 ], [ 6.3534501, 50.7884974 ], [ 6.3534151, 50.7884988 ], [ 6.3533971, 50.7884996 ], [ 6.3534286, 50.7885475 ], [ 6.3534899, 50.7885833 ], [ 6.3534881, 50.7885958 ], [ 6.3534846, 50.7886205 ], [ 6.3534907, 50.7886368 ], [ 6.3534848, 50.7886478 ], [ 6.353477, 50.7886622 ], [ 6.35346, 50.7886623 ], [ 6.3534387, 50.7886624 ], [ 6.3534116, 50.7886666 ], [ 6.3534039, 50.7886678 ], [ 6.3533934, 50.7886795 ], [ 6.3533684, 50.7887074 ], [ 6.3534024, 50.788734 ], [ 6.353412, 50.7887541 ], [ 6.3534165, 50.7887634 ], [ 6.353398, 50.788784 ], [ 6.3533415, 50.7888466 ], [ 6.3532874, 50.7888559 ], [ 6.3532533, 50.7888219 ], [ 6.3532391, 50.7888139 ], [ 6.3532221, 50.7888043 ], [ 6.3532121, 50.7888321 ], [ 6.3532106, 50.7888364 ], [ 6.3532046, 50.7888526 ], [ 6.3531909, 50.7888647 ], [ 6.353115, 50.7888824 ], [ 6.353039, 50.7888749 ], [ 6.3530123, 50.7888915 ], [ 6.3530259, 50.7889275 ], [ 6.3530123, 50.7889476 ], [ 6.3529368, 50.7889419 ], [ 6.3528908, 50.7889355 ], [ 6.3528974, 50.7889222 ], [ 6.3528963, 50.7889007 ], [ 6.3528961, 50.7888968 ], [ 6.3528852, 50.7888528 ], [ 6.3529247, 50.7888219 ], [ 6.3529334, 50.7888151 ], [ 6.352934, 50.7887966 ], [ 6.352935, 50.7887614 ], [ 6.3529137, 50.7887007 ], [ 6.3528933, 50.7886774 ], [ 6.3528831, 50.7886648 ], [ 6.3528644, 50.7886419 ], [ 6.3528553, 50.7886396 ], [ 6.3528206, 50.7886306 ], [ 6.3528078, 50.7885921 ], [ 6.3528117, 50.7885798 ], [ 6.3528216, 50.7885568 ], [ 6.3528382, 50.7885521 ], [ 6.352868, 50.7885433 ], [ 6.3528951, 50.7885288 ], [ 6.3528948, 50.7885109 ], [ 6.3528955, 50.7884875 ], [ 6.3528707, 50.7884716 ], [ 6.3528061, 50.788404 ], [ 6.3527713, 50.7883724 ], [ 6.352798, 50.7883641 ], [ 6.3528023, 50.7883532 ], [ 6.3527689, 50.7883234 ], [ 6.3528055, 50.7883046 ], [ 6.3527996, 50.7882744 ], [ 6.3527733, 50.7882313 ], [ 6.352711, 50.7882164 ], [ 6.3526918, 50.7882123 ], [ 6.3527158, 50.788196 ], [ 6.3527251, 50.7881878 ], [ 6.3527266, 50.7881782 ], [ 6.352709, 50.7881631 ], [ 6.352671, 50.7881385 ], [ 6.3526277, 50.7881207 ], [ 6.3525591, 50.788106 ], [ 6.3525282, 50.7880527 ], [ 6.3525378, 50.78804 ], [ 6.3525471, 50.7880142 ], [ 6.352502, 50.7879447 ], [ 6.3524407, 50.7879059 ], [ 6.3524665, 50.7878829 ], [ 6.3524041, 50.7878657 ], [ 6.3524099, 50.7878217 ], [ 6.3523454, 50.7878219 ], [ 6.3523275, 50.7877808 ], [ 6.3523077, 50.7877514 ], [ 6.3523302, 50.7877238 ], [ 6.3523045, 50.787706 ], [ 6.3523069, 50.7876831 ], [ 6.3522559, 50.7876691 ], [ 6.352283, 50.7876194 ], [ 6.352275, 50.7875906 ], [ 6.352288, 50.7875692 ], [ 6.352265, 50.7875413 ], [ 6.352275, 50.7875307 ], [ 6.3522875, 50.7875205 ], [ 6.3522986, 50.7875093 ], [ 6.3522974, 50.787493 ], [ 6.3522823, 50.7874659 ], [ 6.3522846, 50.7874379 ], [ 6.3523248, 50.7874302 ], [ 6.3522953, 50.7874066 ], [ 6.3522699, 50.7874023 ], [ 6.3522448, 50.7874008 ], [ 6.3522212, 50.7873928 ], [ 6.3522113, 50.7873847 ], [ 6.3522131, 50.7873774 ], [ 6.3522219, 50.7873708 ], [ 6.3522346, 50.7873604 ], [ 6.3522345, 50.7873379 ], [ 6.3522505, 50.7873285 ], [ 6.3522589, 50.78732 ], [ 6.3522135, 50.7873191 ], [ 6.3521634, 50.7872717 ], [ 6.3521381, 50.7872473 ], [ 6.3521628, 50.7872311 ], [ 6.3521565, 50.7872153 ], [ 6.3521457, 50.7871953 ], [ 6.3521217, 50.7871806 ], [ 6.3520796, 50.7871729 ], [ 6.3520487, 50.7871645 ], [ 6.3520183, 50.7871528 ], [ 6.3519921, 50.7871396 ], [ 6.351974, 50.7871275 ], [ 6.35197, 50.7871015 ], [ 6.3519259, 50.7870737 ], [ 6.3518445, 50.7870305 ], [ 6.3518134, 50.7869987 ], [ 6.3517693, 50.7869885 ], [ 6.3517623, 50.786944 ], [ 6.3517116, 50.7869719 ], [ 6.3516707, 50.7869445 ], [ 6.3516078, 50.7869252 ], [ 6.3515683, 50.7869227 ], [ 6.3515454, 50.7869092 ], [ 6.3515061, 50.786886 ], [ 6.3514605, 50.7868668 ], [ 6.3514446, 50.7868349 ], [ 6.3513839, 50.7868215 ], [ 6.3513636, 50.7868374 ], [ 6.3513963, 50.7868677 ], [ 6.3513708, 50.7868753 ], [ 6.3513136, 50.786841 ], [ 6.3512592, 50.78681 ], [ 6.351237, 50.7868227 ], [ 6.3512096, 50.7868116 ], [ 6.3511591, 50.7867732 ], [ 6.3511607, 50.7867507 ], [ 6.3511236, 50.7867137 ], [ 6.3511317, 50.7866926 ], [ 6.3511229, 50.7866788 ], [ 6.351098, 50.7866514 ], [ 6.3511031, 50.7866067 ], [ 6.3510293, 50.7865615 ], [ 6.35096, 50.7865315 ], [ 6.3509243, 50.786499 ], [ 6.3508942, 50.7864908 ], [ 6.3508811, 50.7864722 ], [ 6.3509143, 50.7864645 ], [ 6.3508872, 50.7864533 ], [ 6.3508748, 50.7864399 ], [ 6.3508306, 50.7864401 ], [ 6.3508186, 50.7864159 ], [ 6.3508104, 50.7863991 ], [ 6.3508088, 50.7863735 ], [ 6.3507907, 50.7863498 ], [ 6.3507581, 50.7863431 ], [ 6.3507354, 50.786329 ], [ 6.3507381, 50.7862947 ], [ 6.3506956, 50.7862944 ], [ 6.3506623, 50.7862952 ], [ 6.3506396, 50.7862728 ], [ 6.3505691, 50.7862603 ], [ 6.3505615, 50.7862295 ], [ 6.3505303, 50.7862118 ], [ 6.3504802, 50.7861851 ], [ 6.3504771, 50.7861634 ], [ 6.3504457, 50.786152 ], [ 6.3504095, 50.7861086 ], [ 6.3503784, 50.7860977 ], [ 6.3503257, 50.7860792 ], [ 6.3503087, 50.7860736 ], [ 6.3502861, 50.7860661 ], [ 6.3502946, 50.7860461 ], [ 6.3502621, 50.7860261 ], [ 6.3502037, 50.7860185 ], [ 6.3501938, 50.7859931 ], [ 6.3501932, 50.7859577 ], [ 6.350173, 50.7859331 ], [ 6.3501236, 50.7859228 ], [ 6.3500865, 50.7859076 ], [ 6.3500456, 50.785896 ], [ 6.3500248, 50.7858724 ], [ 6.350012, 50.7858474 ], [ 6.3499969, 50.7858345 ], [ 6.3499422, 50.7858041 ], [ 6.349938, 50.785792 ], [ 6.3499288, 50.7857807 ], [ 6.3499003, 50.7857625 ], [ 6.3498466, 50.7857293 ], [ 6.3498394, 50.7856935 ], [ 6.349838, 50.7856812 ], [ 6.3497737, 50.7856897 ], [ 6.3497617, 50.785671 ], [ 6.3497339, 50.7856535 ], [ 6.3497098, 50.785637 ], [ 6.349666, 50.785617 ], [ 6.3496362, 50.7856151 ], [ 6.3496115, 50.785599 ], [ 6.3496058, 50.7855776 ], [ 6.3496208, 50.7855493 ], [ 6.3495705, 50.7854914 ], [ 6.34957, 50.7854555 ], [ 6.3490035, 50.7852043 ], [ 6.34754, 50.7846483 ], [ 6.3471042, 50.7844773 ], [ 6.3458921, 50.7844506 ], [ 6.3448717, 50.7844872 ], [ 6.3447999, 50.7844898 ], [ 6.3440949, 50.784515 ], [ 6.3439955, 50.7845124 ], [ 6.344083, 50.7843575 ], [ 6.3440547, 50.7841815 ], [ 6.3440315, 50.7840374 ], [ 6.3439891, 50.784006 ], [ 6.343702, 50.7838334 ], [ 6.3436935, 50.7838006 ], [ 6.3436625, 50.7837906 ], [ 6.3436228, 50.7837876 ], [ 6.3436187, 50.7837688 ], [ 6.3435904, 50.7837561 ], [ 6.3435975, 50.7837356 ], [ 6.343532, 50.7837011 ], [ 6.3435559, 50.7836562 ], [ 6.3435574, 50.7836311 ], [ 6.3435206, 50.7836152 ], [ 6.3435221, 50.7835965 ], [ 6.3435374, 50.7835892 ], [ 6.3435321, 50.7835742 ], [ 6.3435519, 50.7835595 ], [ 6.3435466, 50.7835444 ], [ 6.343573, 50.7835278 ], [ 6.3435807, 50.7835159 ], [ 6.3435725, 50.7835028 ], [ 6.3435482, 50.7834772 ], [ 6.3435563, 50.7834353 ], [ 6.343571, 50.7833721 ], [ 6.3435361, 50.7833526 ], [ 6.3435362, 50.783327 ], [ 6.3435142, 50.7833066 ], [ 6.3434938, 50.783291 ], [ 6.3434905, 50.7832631 ], [ 6.3434822, 50.7832212 ], [ 6.3434678, 50.7832078 ], [ 6.3435023, 50.7831739 ], [ 6.343503, 50.783136 ], [ 6.3435038, 50.7831009 ], [ 6.3435267, 50.7830825 ], [ 6.3435227, 50.7830386 ], [ 6.3435088, 50.7830199 ], [ 6.3435216, 50.7829819 ], [ 6.3435257, 50.7829544 ], [ 6.3435031, 50.7829159 ], [ 6.343488, 50.78287 ], [ 6.3434985, 50.7828301 ], [ 6.3435202, 50.7827935 ], [ 6.3435221, 50.7827769 ], [ 6.3435397, 50.7827596 ], [ 6.3435409, 50.782749 ], [ 6.3435266, 50.7827161 ], [ 6.3435316, 50.7826809 ], [ 6.343515, 50.7826086 ], [ 6.3434862, 50.7825749 ], [ 6.3434985, 50.7825441 ], [ 6.3434649, 50.7825192 ], [ 6.3434939, 50.7824947 ], [ 6.343469, 50.7824455 ], [ 6.3434784, 50.7824015 ], [ 6.3434869, 50.782364 ], [ 6.3434764, 50.7823516 ], [ 6.3435112, 50.7823209 ], [ 6.3434927, 50.7822636 ], [ 6.3435175, 50.7822458 ], [ 6.3435205, 50.7822234 ], [ 6.3435428, 50.7822008 ], [ 6.3435564, 50.7821504 ], [ 6.3435421, 50.7821244 ], [ 6.3435539, 50.7821042 ], [ 6.3435521, 50.7820471 ], [ 6.3435669, 50.7820045 ], [ 6.3435804, 50.7819745 ], [ 6.3435816, 50.7819582 ], [ 6.343558, 50.781933 ], [ 6.3435415, 50.7819052 ], [ 6.3435266, 50.7818801 ], [ 6.3434988, 50.7818583 ], [ 6.3434926, 50.7818125 ], [ 6.3434779, 50.7817978 ], [ 6.3435265, 50.7817753 ], [ 6.3435135, 50.7817373 ], [ 6.3435307, 50.7816713 ], [ 6.3435354, 50.7816267 ], [ 6.3435683, 50.7816105 ], [ 6.3436114, 50.7815715 ], [ 6.3436292, 50.7815316 ], [ 6.343629, 50.7814831 ], [ 6.3436097, 50.7814565 ], [ 6.3435872, 50.7814269 ], [ 6.3435516, 50.7813991 ], [ 6.3435159, 50.7813902 ], [ 6.3435167, 50.7813481 ], [ 6.3434486, 50.7812636 ], [ 6.343432, 50.7812224 ], [ 6.3433477, 50.7811903 ], [ 6.3432877, 50.7811373 ], [ 6.3432758, 50.7810492 ], [ 6.3433003, 50.7810167 ], [ 6.343301, 50.7809778 ], [ 6.3432742, 50.7809215 ], [ 6.3432148, 50.7808962 ], [ 6.3431092, 50.7807452 ], [ 6.3430486, 50.780587 ], [ 6.3430202, 50.7804575 ], [ 6.3430054, 50.7803957 ], [ 6.3429805, 50.7803414 ], [ 6.3429642, 50.7803037 ], [ 6.3430088, 50.7801675 ], [ 6.3429506, 50.780091 ], [ 6.3429107, 50.7800432 ], [ 6.3428802, 50.7799141 ], [ 6.3428465, 50.7798976 ], [ 6.3427473, 50.7798491 ], [ 6.3426965, 50.7797401 ], [ 6.3426382, 50.7796398 ], [ 6.3426045, 50.7795336 ], [ 6.342597, 50.779425 ], [ 6.3409536, 50.7791255 ], [ 6.340872, 50.7791031 ], [ 6.3397865, 50.7789653 ], [ 6.3396551, 50.779008 ], [ 6.3384151, 50.779411 ], [ 6.3381769, 50.779706 ], [ 6.3381064, 50.779695 ], [ 6.3373158, 50.7795723 ], [ 6.3366257, 50.7794666 ], [ 6.3363792, 50.7794069 ], [ 6.336026, 50.7791671 ], [ 6.3356869, 50.7789201 ], [ 6.3351982, 50.7785434 ], [ 6.3348683, 50.7782341 ], [ 6.3345394, 50.7779107 ], [ 6.3345066, 50.7778375 ], [ 6.3345295, 50.7770076 ], [ 6.3344517, 50.7762447 ], [ 6.3344493, 50.7762208 ], [ 6.3342013, 50.7759924 ], [ 6.3341406, 50.7759205 ], [ 6.3339218, 50.7757899 ], [ 6.3337825, 50.7757364 ], [ 6.3336528, 50.7756552 ], [ 6.3336518, 50.7756205 ], [ 6.332951, 50.7753449 ], [ 6.332308, 50.7749521 ], [ 6.3321014, 50.7750087 ], [ 6.3319532, 50.7750405 ], [ 6.331906, 50.7750553 ], [ 6.3318475, 50.7750878 ], [ 6.3317375, 50.7751613 ], [ 6.3316591, 50.7752023 ], [ 6.3315956, 50.7752268 ], [ 6.3315144, 50.7752709 ], [ 6.3314562, 50.7753199 ], [ 6.331425, 50.7753544 ], [ 6.3313869, 50.7753811 ], [ 6.3311272, 50.7754093 ], [ 6.330718, 50.7755032 ], [ 6.3305572, 50.77552 ], [ 6.3303927, 50.775557 ], [ 6.3300098, 50.7756367 ], [ 6.3299633, 50.7756376 ], [ 6.3298084, 50.7756645 ], [ 6.3296749, 50.7756643 ], [ 6.3295149, 50.7756525 ], [ 6.3294508, 50.7756638 ], [ 6.3289341, 50.7757189 ], [ 6.3287921, 50.7757387 ], [ 6.3285427, 50.7757544 ], [ 6.3283629, 50.7757682 ], [ 6.3281626, 50.7758273 ], [ 6.3279817, 50.775852 ], [ 6.3277875, 50.7758619 ], [ 6.3277425, 50.7758677 ], [ 6.3274932, 50.7759278 ], [ 6.3272231, 50.7760006 ], [ 6.327121, 50.776017 ], [ 6.3268345, 50.7760646 ], [ 6.3266554, 50.7761021 ], [ 6.3265443, 50.7761316 ], [ 6.3264016, 50.7761598 ], [ 6.3263162, 50.776171 ], [ 6.3262057, 50.7762504 ], [ 6.3261845, 50.7762938 ], [ 6.326161, 50.7763205 ], [ 6.3261196, 50.7763256 ], [ 6.3261092, 50.7763578 ], [ 6.3260521, 50.7763856 ], [ 6.3260117, 50.7764055 ], [ 6.3259731, 50.7764057 ], [ 6.3259641, 50.7765714 ], [ 6.3259082, 50.7768185 ], [ 6.3258874, 50.7768831 ], [ 6.3258268, 50.7769382 ], [ 6.3258149, 50.7769388 ], [ 6.3257883, 50.7769402 ], [ 6.3257676, 50.7769412 ], [ 6.3257678, 50.7769461 ], [ 6.3257571, 50.7769445 ], [ 6.3257154, 50.7769378 ], [ 6.3256314, 50.7769682 ], [ 6.3255594, 50.7769956 ], [ 6.3254765, 50.7769952 ], [ 6.3254556, 50.7769951 ], [ 6.3254156, 50.7769869 ], [ 6.3253781, 50.7769657 ], [ 6.3253279, 50.7769375 ], [ 6.3252863, 50.7768591 ], [ 6.3252998, 50.7766865 ], [ 6.3252255, 50.7765886 ], [ 6.325171, 50.7765586 ], [ 6.3250264, 50.7764941 ], [ 6.3250029, 50.7764562 ], [ 6.3250254, 50.7763417 ], [ 6.3250746, 50.7762191 ], [ 6.3250946, 50.776147 ], [ 6.3251061, 50.776108 ], [ 6.3250804, 50.7761031 ], [ 6.3250513, 50.7760975 ], [ 6.3249975, 50.7760873 ], [ 6.3249058, 50.77607 ], [ 6.324826, 50.7760549 ], [ 6.3246362, 50.776019 ], [ 6.3238717, 50.7758739 ], [ 6.3237178, 50.7757081 ], [ 6.3236883, 50.7756762 ], [ 6.3234351, 50.775626 ], [ 6.3232956, 50.7755982 ], [ 6.323102, 50.7756013 ], [ 6.3229933, 50.7755783 ], [ 6.3228041, 50.7755381 ], [ 6.3227489, 50.7754657 ], [ 6.3227102, 50.7754151 ], [ 6.3226603, 50.7753787 ], [ 6.3226072, 50.7753391 ], [ 6.3224139, 50.775199 ], [ 6.3223031, 50.7750497 ], [ 6.3221992, 50.7749097 ], [ 6.3220574, 50.7744051 ], [ 6.3220436, 50.7743559 ], [ 6.3220249, 50.7742187 ], [ 6.3219397, 50.774036 ], [ 6.3219432, 50.7740088 ], [ 6.3219524, 50.7739328 ], [ 6.3219697, 50.7737899 ], [ 6.3220675, 50.773502 ], [ 6.3221613, 50.7732259 ], [ 6.3222548, 50.7729507 ], [ 6.3222705, 50.7729045 ], [ 6.3222952, 50.7726921 ], [ 6.3219567, 50.7726651 ], [ 6.3218155, 50.7724648 ], [ 6.3220142, 50.7720042 ], [ 6.3222405, 50.7717784 ], [ 6.322535, 50.7714849 ], [ 6.3224264, 50.7714714 ], [ 6.3213677, 50.7713401 ], [ 6.3212984, 50.7713315 ], [ 6.3210127, 50.7712961 ], [ 6.3201711, 50.7711921 ], [ 6.3194365, 50.7711013 ], [ 6.3194465, 50.7710719 ], [ 6.3194515, 50.7710574 ], [ 6.3187662, 50.7709865 ], [ 6.3181218, 50.77108 ], [ 6.3180812, 50.7709471 ], [ 6.3180689, 50.7709125 ], [ 6.3171562, 50.7709914 ], [ 6.3169093, 50.7709994 ], [ 6.3160827, 50.7710647 ], [ 6.3155537, 50.7713392 ], [ 6.3150857, 50.7714354 ], [ 6.3147375, 50.7713886 ], [ 6.3144029, 50.7712146 ], [ 6.3143716, 50.7712683 ], [ 6.31379, 50.7722083 ], [ 6.313763, 50.7722489 ], [ 6.3137334, 50.7722936 ], [ 6.3134715, 50.7727192 ], [ 6.3133273, 50.7729532 ], [ 6.3132708, 50.7730448 ], [ 6.3128291, 50.7737603 ], [ 6.3123424, 50.7745318 ], [ 6.3119552, 50.77517 ], [ 6.3118518, 50.7753421 ], [ 6.3113091, 50.7762473 ], [ 6.3112723, 50.7763092 ], [ 6.3112507, 50.7763457 ], [ 6.3112137, 50.7764078 ], [ 6.3111994, 50.7764317 ], [ 6.3109891, 50.7767856 ], [ 6.3106262, 50.7773778 ], [ 6.3103976, 50.7777507 ], [ 6.3098794, 50.7785964 ], [ 6.3092373, 50.7789935 ], [ 6.309147, 50.778951 ], [ 6.3090631, 50.7789115 ], [ 6.309001, 50.7789515 ], [ 6.3089599, 50.7789883 ], [ 6.3089364, 50.7789781 ], [ 6.3086399, 50.7792491 ], [ 6.3085417, 50.7794394 ], [ 6.3085083, 50.7796213 ], [ 6.3086188, 50.7797287 ], [ 6.3086322, 50.7798559 ], [ 6.3086567, 50.7799148 ], [ 6.3086504, 50.7800066 ], [ 6.3086867, 50.7801269 ], [ 6.3086881, 50.7802037 ], [ 6.3087134, 50.7803725 ], [ 6.3087286, 50.780477 ], [ 6.308735, 50.7806513 ], [ 6.308793, 50.780743 ], [ 6.3087921, 50.7808499 ], [ 6.3087356, 50.7809208 ], [ 6.3087434, 50.7809854 ], [ 6.308729, 50.7810795 ], [ 6.3086553, 50.7811975 ], [ 6.3086806, 50.7812631 ], [ 6.3087381, 50.7813025 ], [ 6.3088619, 50.7813039 ], [ 6.3089805, 50.7813218 ], [ 6.3091968, 50.7813077 ], [ 6.3094432, 50.7812561 ], [ 6.3094853, 50.7812695 ], [ 6.3095036, 50.7812932 ], [ 6.3095077, 50.7813823 ], [ 6.3094897, 50.7814941 ], [ 6.3095782, 50.7815198 ], [ 6.3096926, 50.7815569 ], [ 6.3096155, 50.78163 ], [ 6.3096083, 50.7817159 ], [ 6.3096634, 50.781767 ], [ 6.3096355, 50.7818183 ], [ 6.3096753, 50.7818575 ], [ 6.3097832, 50.7819204 ], [ 6.3098295, 50.7820148 ], [ 6.3099463, 50.782101 ], [ 6.3099295, 50.7821934 ], [ 6.3100866, 50.782256 ], [ 6.3100978, 50.7823098 ], [ 6.3101204, 50.7823634 ], [ 6.3101453, 50.7824333 ], [ 6.3102488, 50.7825641 ], [ 6.310373, 50.7827126 ], [ 6.3104136, 50.7828035 ], [ 6.3104579, 50.7828198 ], [ 6.3105897, 50.7827851 ], [ 6.3106065, 50.7827953 ], [ 6.3106569, 50.7829254 ], [ 6.3106988, 50.7829435 ], [ 6.3108146, 50.7829507 ], [ 6.3108907, 50.7829483 ], [ 6.3109547, 50.7829136 ], [ 6.3111062, 50.7828963 ], [ 6.3111801, 50.7829523 ], [ 6.3112669, 50.7829315 ], [ 6.3113837, 50.783002 ], [ 6.3114116, 50.7830725 ], [ 6.3115344, 50.7831126 ], [ 6.3116086, 50.7831659 ], [ 6.3117178, 50.783179 ], [ 6.3118933, 50.7832257 ], [ 6.3119731, 50.7833033 ], [ 6.3120792, 50.7833268 ], [ 6.3122017, 50.7833948 ], [ 6.3122364, 50.7834507 ], [ 6.3123309, 50.7834626 ], [ 6.3123439, 50.7834701 ], [ 6.3122725, 50.7835616 ], [ 6.3121993, 50.7835714 ], [ 6.3122006, 50.783618 ], [ 6.3122532, 50.7836328 ], [ 6.3123658, 50.7836144 ], [ 6.3123945, 50.783622 ], [ 6.3124347, 50.7836486 ], [ 6.312401, 50.7836841 ], [ 6.3124114, 50.7837467 ], [ 6.312292, 50.7837936 ], [ 6.3123037, 50.7838442 ], [ 6.3123972, 50.7838604 ], [ 6.3123817, 50.7839297 ], [ 6.3124149, 50.7839372 ], [ 6.3124845, 50.7838937 ], [ 6.312643, 50.7838606 ], [ 6.3127884, 50.7838524 ], [ 6.3127999, 50.7840231 ], [ 6.3127908, 50.7840466 ], [ 6.3128645, 50.7840817 ], [ 6.3128839, 50.7841055 ], [ 6.3127894, 50.784223 ], [ 6.3127009, 50.7842849 ], [ 6.3125194, 50.7844911 ], [ 6.3124362, 50.784603 ], [ 6.3123291, 50.7847705 ], [ 6.3122852, 50.7848058 ], [ 6.3122529, 50.7848318 ], [ 6.31225, 50.7848342 ], [ 6.3122227, 50.7848551 ], [ 6.3122209, 50.7848565 ], [ 6.3122281, 50.7848666 ], [ 6.3122153, 50.7848702 ], [ 6.3121903, 50.7848648 ], [ 6.3121845, 50.784862 ], [ 6.3120213, 50.7847845 ], [ 6.3119921, 50.7847751 ], [ 6.311947, 50.7847779 ], [ 6.3119356, 50.7847844 ], [ 6.3119225, 50.7848006 ], [ 6.3119333, 50.7848106 ], [ 6.3120126, 50.7848619 ], [ 6.31206, 50.7848999 ], [ 6.312071, 50.7849614 ], [ 6.3120725, 50.7849695 ], [ 6.3120493, 50.7850057 ], [ 6.3120572, 50.785021 ], [ 6.3120664, 50.7850392 ], [ 6.3121349, 50.7850833 ], [ 6.3121775, 50.7851114 ], [ 6.3121875, 50.7851478 ], [ 6.312148, 50.7851756 ], [ 6.3120982, 50.7851969 ], [ 6.3120831, 50.7852181 ], [ 6.312101, 50.7852503 ], [ 6.3120852, 50.7852657 ], [ 6.3120433, 50.7852992 ], [ 6.3120082, 50.7852977 ], [ 6.3117963, 50.7852522 ], [ 6.311756, 50.7852435 ], [ 6.3117491, 50.7852434 ], [ 6.3117165, 50.7852428 ], [ 6.3115347, 50.7852341 ], [ 6.3115048, 50.7852365 ], [ 6.3114837, 50.7852488 ], [ 6.3114893, 50.7852587 ], [ 6.3115094, 50.7852674 ], [ 6.3115622, 50.7853156 ], [ 6.3116121, 50.7853635 ], [ 6.3116402, 50.7853906 ], [ 6.3116434, 50.7853935 ], [ 6.3116901, 50.7854082 ], [ 6.3117777, 50.7854163 ], [ 6.3117877, 50.7854299 ], [ 6.3117509, 50.7854686 ], [ 6.3117475, 50.7855063 ], [ 6.3116504, 50.7855444 ], [ 6.311618, 50.7855916 ], [ 6.3115851, 50.785592 ], [ 6.3115521, 50.7856096 ], [ 6.3115187, 50.7856068 ], [ 6.3114974, 50.7855959 ], [ 6.3114949, 50.7855638 ], [ 6.3114705, 50.7855455 ], [ 6.311466, 50.7855442 ], [ 6.3114564, 50.7855414 ], [ 6.3114339, 50.7855465 ], [ 6.3114157, 50.7855589 ], [ 6.3114113, 50.7855756 ], [ 6.311406, 50.7855954 ], [ 6.3113654, 50.7855984 ], [ 6.3113553, 50.7856014 ], [ 6.3113419, 50.7855891 ], [ 6.3112722, 50.7856171 ], [ 6.3111731, 50.7856467 ], [ 6.3110585, 50.7856598 ], [ 6.3110575, 50.7856432 ], [ 6.3110557, 50.7856115 ], [ 6.3110539, 50.7856071 ], [ 6.3109834, 50.7855853 ], [ 6.3108906, 50.7856003 ], [ 6.3108721, 50.7856085 ], [ 6.3108697, 50.7856157 ], [ 6.3108596, 50.7856463 ], [ 6.3108568, 50.7856548 ], [ 6.3108193, 50.7856704 ], [ 6.3108052, 50.7856616 ], [ 6.3107813, 50.7856423 ], [ 6.3107749, 50.7856272 ], [ 6.3107602, 50.7855918 ], [ 6.3107536, 50.7855759 ], [ 6.3107163, 50.7855458 ], [ 6.3106079, 50.7855285 ], [ 6.3105598, 50.7855436 ], [ 6.31055, 50.7855587 ], [ 6.3105478, 50.785573 ], [ 6.3105471, 50.7855749 ], [ 6.3105648, 50.7856107 ], [ 6.3105749, 50.7856312 ], [ 6.3105612, 50.7856404 ], [ 6.3105172, 50.7856385 ], [ 6.3104955, 50.7856153 ], [ 6.3104908, 50.7856104 ], [ 6.3104886, 50.7855977 ], [ 6.3103991, 50.7856034 ], [ 6.3101703, 50.7856588 ], [ 6.3100646, 50.7856679 ], [ 6.3099558, 50.7856824 ], [ 6.3099463, 50.7856877 ], [ 6.3099337, 50.7857015 ], [ 6.3099108, 50.7856958 ], [ 6.3098997, 50.785693 ], [ 6.3098657, 50.7856978 ], [ 6.3098393, 50.7857118 ], [ 6.309793, 50.7857731 ], [ 6.3098033, 50.7857942 ], [ 6.309826, 50.7858015 ], [ 6.3098772, 50.785803 ], [ 6.3099053, 50.7858038 ], [ 6.3098983, 50.7858472 ], [ 6.3098672, 50.7859174 ], [ 6.3098314, 50.7859536 ], [ 6.3098513, 50.7859625 ], [ 6.3098531, 50.7859704 ], [ 6.3098456, 50.785983 ], [ 6.3098392, 50.7859937 ], [ 6.3098169, 50.7859976 ], [ 6.3098071, 50.7859919 ], [ 6.3097666, 50.7859765 ], [ 6.309762, 50.785974 ], [ 6.3097442, 50.7859533 ], [ 6.3096798, 50.7859324 ], [ 6.3096624, 50.7859375 ], [ 6.309637, 50.7859616 ], [ 6.3096086, 50.7859713 ], [ 6.3095687, 50.7859872 ], [ 6.3095638, 50.7860361 ], [ 6.3095644, 50.7860509 ], [ 6.3094629, 50.7860542 ], [ 6.3094182, 50.7860532 ], [ 6.309418, 50.7860373 ], [ 6.3093992, 50.78603 ], [ 6.3093683, 50.7860254 ], [ 6.3093684, 50.7860377 ], [ 6.3093686, 50.7860537 ], [ 6.3092953, 50.7860535 ], [ 6.3092168, 50.7860565 ], [ 6.3090877, 50.7860733 ], [ 6.308941, 50.7860791 ], [ 6.3088, 50.7861049 ], [ 6.308472, 50.7861419 ], [ 6.3083644, 50.7861425 ], [ 6.3080814, 50.7861856 ], [ 6.3074683, 50.7862075 ], [ 6.3074348, 50.7862113 ], [ 6.3074206, 50.786217 ], [ 6.3074027, 50.7862159 ], [ 6.3073747, 50.7862048 ], [ 6.3072987, 50.7862091 ], [ 6.3072649, 50.7862184 ], [ 6.3072312, 50.7862273 ], [ 6.3072117, 50.7862274 ], [ 6.3072014, 50.7862101 ], [ 6.3072195, 50.7861985 ], [ 6.3072761, 50.7861631 ], [ 6.3073081, 50.7861299 ], [ 6.307326, 50.7861144 ], [ 6.3073457, 50.7861093 ], [ 6.3073513, 50.7860986 ], [ 6.3073306, 50.78606 ], [ 6.3073243, 50.7860547 ], [ 6.3072648, 50.7860404 ], [ 6.3071711, 50.7860248 ], [ 6.3071492, 50.7860324 ], [ 6.307158, 50.7860715 ], [ 6.3071062, 50.7860997 ], [ 6.3071015, 50.786107 ], [ 6.3070933, 50.7861364 ], [ 6.3070884, 50.7861664 ], [ 6.307075, 50.7861735 ], [ 6.3070437, 50.7861654 ], [ 6.3070238, 50.7861531 ], [ 6.3069913, 50.7861487 ], [ 6.3069264, 50.7861558 ], [ 6.3068792, 50.7861413 ], [ 6.3068795, 50.7861199 ], [ 6.3068884, 50.7861122 ], [ 6.3069153, 50.7861072 ], [ 6.3069184, 50.7860864 ], [ 6.3069145, 50.7860686 ], [ 6.3068903, 50.7860631 ], [ 6.3068237, 50.7860923 ], [ 6.3067786, 50.786108 ], [ 6.3067492, 50.7861219 ], [ 6.3067114, 50.7861374 ], [ 6.3066525, 50.7861336 ], [ 6.3066482, 50.786169 ], [ 6.3066467, 50.7861793 ], [ 6.3066321, 50.7861886 ], [ 6.3066162, 50.7861878 ], [ 6.3065978, 50.7861831 ], [ 6.3065236, 50.7861903 ], [ 6.3064764, 50.7862146 ], [ 6.30642, 50.7862491 ], [ 6.3063864, 50.7862526 ], [ 6.3063656, 50.7862518 ], [ 6.3063532, 50.7862448 ], [ 6.306351, 50.7862346 ], [ 6.3063196, 50.7862016 ], [ 6.3062943, 50.7861647 ], [ 6.306264, 50.7861502 ], [ 6.3062493, 50.7861497 ], [ 6.3062345, 50.78616 ], [ 6.3062072, 50.7862065 ], [ 6.306181, 50.7862445 ], [ 6.3061062, 50.7862772 ], [ 6.3060938, 50.786286 ], [ 6.3060965, 50.7863041 ], [ 6.3061295, 50.7863205 ], [ 6.3061504, 50.786327 ], [ 6.3061778, 50.7863356 ], [ 6.3061848, 50.7863503 ], [ 6.3061797, 50.7863666 ], [ 6.3061204, 50.7863813 ], [ 6.3061065, 50.7863788 ], [ 6.3060723, 50.7863785 ], [ 6.3060558, 50.7863898 ], [ 6.3060638, 50.7864065 ], [ 6.3060897, 50.786435 ], [ 6.3061002, 50.7864467 ], [ 6.306116, 50.7864676 ], [ 6.3061336, 50.7864911 ], [ 6.3061251, 50.7865129 ], [ 6.3060505, 50.7865451 ], [ 6.3060096, 50.7865489 ], [ 6.3059384, 50.7865311 ], [ 6.3058508, 50.7864942 ], [ 6.3058267, 50.7864912 ], [ 6.305771, 50.786523 ], [ 6.3057745, 50.786534 ], [ 6.3057558, 50.7865602 ], [ 6.3056878, 50.786588 ], [ 6.3056253, 50.786598 ], [ 6.3054832, 50.7866172 ], [ 6.3052778, 50.7866565 ], [ 6.3051065, 50.7866974 ], [ 6.3050555, 50.7867063 ], [ 6.3049493, 50.7867105 ], [ 6.3049404, 50.7867176 ], [ 6.3049292, 50.7867413 ], [ 6.3048993, 50.7867886 ], [ 6.3048555, 50.7868214 ], [ 6.304816, 50.7868388 ], [ 6.3047986, 50.7868696 ], [ 6.3047536, 50.7869247 ], [ 6.3047197, 50.7869653 ], [ 6.3046183, 50.7870193 ], [ 6.3045819, 50.7870398 ], [ 6.3045361, 50.7870917 ], [ 6.3045146, 50.7871217 ], [ 6.3044631, 50.787162 ], [ 6.304425, 50.7872072 ], [ 6.3043353, 50.7872554 ], [ 6.3043122, 50.7872713 ], [ 6.304301, 50.7872913 ], [ 6.3042968, 50.7873172 ], [ 6.3043089, 50.7873434 ], [ 6.3043192, 50.7873717 ], [ 6.3041911, 50.7874488 ], [ 6.3041941, 50.7876288 ], [ 6.3039962, 50.7877278 ], [ 6.3037222, 50.7880517 ], [ 6.3036882, 50.7882197 ], [ 6.3035082, 50.7883307 ], [ 6.3034962, 50.7884757 ], [ 6.3036522, 50.7886237 ], [ 6.3036892, 50.7888266 ], [ 6.3031613, 50.7890706 ], [ 6.3029913, 50.7892916 ], [ 6.3025894, 50.7895626 ], [ 6.3023474, 50.7899475 ], [ 6.3024094, 50.7900925 ], [ 6.3021594, 50.7901535 ], [ 6.3017995, 50.7901765 ], [ 6.3017685, 50.7903175 ], [ 6.3014785, 50.7904175 ], [ 6.3007176, 50.7908254 ], [ 6.2996298, 50.7914054 ], [ 6.2990329, 50.7915573 ], [ 6.2987159, 50.7919433 ], [ 6.2986745, 50.7920046 ], [ 6.298524, 50.7921873 ], [ 6.298514, 50.7923355 ], [ 6.298528, 50.7923552 ], [ 6.2987077, 50.7924918 ], [ 6.2992195, 50.792942 ], [ 6.3004587, 50.794258 ], [ 6.3019545, 50.7957119 ], [ 6.3025794, 50.7954599 ], [ 6.3026934, 50.7955589 ], [ 6.3031137, 50.7953106 ], [ 6.3032723, 50.7952729 ], [ 6.3041241, 50.7961578 ], [ 6.3083445, 50.794415 ], [ 6.3106942, 50.7934921 ], [ 6.3108472, 50.7936751 ], [ 6.3114421, 50.7934731 ], [ 6.3144806, 50.7966198 ], [ 6.3141307, 50.7967528 ], [ 6.3146516, 50.7972837 ], [ 6.3166283, 50.7992918 ], [ 6.3168593, 50.7995264 ], [ 6.3178761, 50.7993125 ], [ 6.3178862, 50.7993129 ], [ 6.3180295, 50.7992952 ], [ 6.318794, 50.7993475 ], [ 6.318948, 50.7993055 ], [ 6.3194359, 50.7991185 ], [ 6.3194814, 50.7991729 ], [ 6.3200212, 50.7998185 ], [ 6.3203448, 50.8002054 ], [ 6.3213306, 50.7999084 ], [ 6.3222105, 50.7997474 ], [ 6.3226784, 50.8001944 ], [ 6.3239022, 50.8029101 ], [ 6.3242862, 50.8038789 ], [ 6.3237872, 50.8039899 ], [ 6.3261189, 50.8061067 ], [ 6.3262449, 50.8061567 ], [ 6.3263299, 50.8062557 ], [ 6.3260259, 50.8064957 ], [ 6.3246341, 50.8077585 ], [ 6.3264639, 50.8088534 ], [ 6.3264869, 50.8090214 ], [ 6.3282166, 50.8100853 ], [ 6.3281836, 50.8102382 ], [ 6.3294486, 50.810936 ], [ 6.3296084, 50.8110351 ], [ 6.3299084, 50.8110581 ], [ 6.3302393, 50.8112871 ], [ 6.3305293, 50.8114851 ], [ 6.332211, 50.812485 ], [ 6.332403, 50.812531 ], [ 6.3327809, 50.812729 ], [ 6.3356935, 50.814142 ], [ 6.3361074, 50.8143428 ], [ 6.338796, 50.8156436 ], [ 6.339057, 50.8154646 ], [ 6.3391612, 50.8155207 ], [ 6.339291, 50.8155906 ], [ 6.3394879, 50.8159066 ], [ 6.3399269, 50.8165745 ], [ 6.3404988, 50.8171315 ], [ 6.338949, 50.8182563 ], [ 6.338772, 50.8185463 ], [ 6.3380232, 50.8191412 ], [ 6.3372213, 50.8195802 ], [ 6.3365854, 50.8197252 ], [ 6.3357515, 50.8197902 ], [ 6.3370543, 50.820969 ], [ 6.3380456, 50.822103 ], [ 6.3382881, 50.8223769 ], [ 6.3385871, 50.8222969 ], [ 6.3395539, 50.8239067 ], [ 6.3363224, 50.8248866 ], [ 6.3345107, 50.8254555 ], [ 6.3341527, 50.8255655 ], [ 6.3334178, 50.8272703 ], [ 6.3344887, 50.8273743 ], [ 6.3354475, 50.8274613 ], [ 6.3337448, 50.830082 ], [ 6.3336378, 50.830235 ], [ 6.3337218, 50.830342 ], [ 6.3340297, 50.830475 ], [ 6.3402758, 50.8329467 ], [ 6.3409387, 50.8333396 ], [ 6.3355715, 50.8333476 ], [ 6.332247, 50.8333666 ], [ 6.3327429, 50.8339196 ], [ 6.3295894, 50.8354004 ], [ 6.3303313, 50.8359373 ], [ 6.3301653, 50.8361133 ], [ 6.3316281, 50.8372272 ], [ 6.3293644, 50.8385281 ], [ 6.3307392, 50.8395769 ], [ 6.3337248, 50.8416717 ], [ 6.3344327, 50.8421746 ], [ 6.3369433, 50.8439524 ], [ 6.3341337, 50.8448303 ], [ 6.3298865, 50.8462925 ], [ 6.3160323, 50.8532214 ], [ 6.3165654, 50.8538858 ], [ 6.3168865, 50.8544331 ], [ 6.3173311, 50.8549578 ], [ 6.317701, 50.8556957 ], [ 6.3177269, 50.8558836 ], [ 6.3176368, 50.8560539 ], [ 6.3174379, 50.8561915 ], [ 6.3170792, 50.8562999 ], [ 6.3167791, 50.8564305 ], [ 6.3162549, 50.8567676 ], [ 6.3157936, 50.8571578 ], [ 6.3154466, 50.857525 ], [ 6.3201455, 50.8589556 ], [ 6.3154302, 50.8647662 ], [ 6.3085706, 50.8733889 ], [ 6.3061285, 50.8732367 ], [ 6.3061356, 50.8733197 ], [ 6.3060632, 50.8736042 ], [ 6.3060037, 50.873971 ], [ 6.3059971, 50.8740135 ], [ 6.3058975, 50.8746535 ], [ 6.3058729, 50.8749961 ], [ 6.3058688, 50.875187 ], [ 6.3058832, 50.8753497 ], [ 6.3060563, 50.8761895 ], [ 6.3060778, 50.8763307 ], [ 6.3060152, 50.8766474 ], [ 6.3060835, 50.8767241 ], [ 6.3062057, 50.876891 ], [ 6.3063143, 50.8770783 ], [ 6.3063899, 50.8772882 ], [ 6.3065837, 50.8779627 ], [ 6.3072315, 50.880136 ], [ 6.3074272, 50.8807808 ], [ 6.3078789, 50.882342 ], [ 6.3079258, 50.8825569 ], [ 6.3078625, 50.8827837 ], [ 6.3076435, 50.8829689 ], [ 6.3068764, 50.8833918 ], [ 6.3067557, 50.8835314 ], [ 6.3065221, 50.8835456 ], [ 6.3058141, 50.8836346 ], [ 6.3046905, 50.8837621 ], [ 6.3037872, 50.8838826 ], [ 6.3036495, 50.883937 ], [ 6.3036224, 50.8840047 ], [ 6.3035432, 50.8840119 ], [ 6.3033325, 50.8840433 ], [ 6.3029796, 50.8829903 ], [ 6.3028026, 50.8825245 ], [ 6.3025272, 50.8819129 ], [ 6.3024527, 50.8819278 ], [ 6.3023688, 50.881912 ], [ 6.3022728, 50.8819522 ], [ 6.301735, 50.8824936 ], [ 6.3001084, 50.8839094 ], [ 6.2999445, 50.8840401 ], [ 6.2998844, 50.88401 ], [ 6.2998527, 50.8839204 ], [ 6.2957979, 50.8821949 ], [ 6.2854799, 50.8778055 ], [ 6.2853398, 50.8778114 ], [ 6.2852661, 50.8777807 ], [ 6.2856841, 50.8773782 ], [ 6.2855841, 50.8771926 ], [ 6.285499, 50.8770345 ], [ 6.2854685, 50.8769309 ], [ 6.2853858, 50.8769232 ], [ 6.2772737, 50.8732872 ], [ 6.277236, 50.8732409 ], [ 6.277253, 50.8731899 ], [ 6.2771681, 50.8732564 ], [ 6.2770747, 50.8732584 ], [ 6.2757968, 50.8745729 ], [ 6.2757274, 50.874599 ], [ 6.2756479, 50.8745898 ], [ 6.2727047, 50.87313 ], [ 6.2727265, 50.872774 ], [ 6.2726294, 50.8727236 ], [ 6.273441, 50.872005 ], [ 6.2731436, 50.8718821 ], [ 6.2746877, 50.8705409 ], [ 6.2768244, 50.868657 ], [ 6.2767131, 50.8686065 ], [ 6.2763952, 50.8685502 ], [ 6.2731467, 50.8666079 ], [ 6.2731577, 50.8665058 ], [ 6.2698839, 50.8645446 ], [ 6.2697972, 50.864489 ], [ 6.2688375, 50.8637325 ], [ 6.2678433, 50.8633555 ], [ 6.2664757, 50.8643917 ], [ 6.2662372, 50.8645433 ], [ 6.2655123, 50.8649248 ], [ 6.2650289, 50.8652723 ], [ 6.264541, 50.8655837 ], [ 6.2636757, 50.8660551 ], [ 6.2633033, 50.8663139 ], [ 6.2625638, 50.8666797 ], [ 6.2616629, 50.8672276 ], [ 6.2612361, 50.8673029 ], [ 6.2608279, 50.867271 ], [ 6.2603055, 50.8670566 ], [ 6.2602144, 50.867048 ], [ 6.260169, 50.8670758 ], [ 6.2601505, 50.867069 ], [ 6.2600136, 50.8670187 ], [ 6.2602151, 50.8669598 ], [ 6.2608578, 50.867219 ], [ 6.2612296, 50.8672481 ], [ 6.2616194, 50.8671793 ], [ 6.2617794, 50.867082 ], [ 6.2617814, 50.8670184 ], [ 6.2616151, 50.8669089 ], [ 6.2600526, 50.8668156 ], [ 6.2568184, 50.8649952 ], [ 6.2560466, 50.8640785 ], [ 6.2539314, 50.8626787 ], [ 6.2538508, 50.86266 ], [ 6.2537681, 50.8626747 ], [ 6.2537262, 50.8626984 ], [ 6.2536859, 50.8627212 ], [ 6.2534866, 50.8628617 ], [ 6.2534295, 50.8628347 ], [ 6.2534543, 50.8627801 ], [ 6.2534298, 50.8627254 ], [ 6.2530299, 50.8624281 ], [ 6.252951, 50.8624337 ], [ 6.2522584, 50.8632729 ], [ 6.2506163, 50.8648069 ], [ 6.248984, 50.866379 ], [ 6.2491656, 50.8664838 ], [ 6.2492425, 50.866496 ], [ 6.2493121, 50.866472 ], [ 6.2491517, 50.8666264 ], [ 6.2491654, 50.8665702 ], [ 6.24913, 50.866518 ], [ 6.2489481, 50.8664133 ], [ 6.2433214, 50.8718256 ], [ 6.2427662, 50.8722463 ], [ 6.2422183, 50.8726352 ], [ 6.2421273, 50.8725932 ], [ 6.2419493, 50.8725092 ], [ 6.2396907, 50.8711854 ], [ 6.2387928, 50.8706855 ], [ 6.2361592, 50.8693246 ], [ 6.2328414, 50.8673647 ], [ 6.2327846, 50.8672887 ], [ 6.2327527, 50.8670774 ], [ 6.2327893, 50.866995 ], [ 6.2327395, 50.8669718 ], [ 6.2351403, 50.8650099 ], [ 6.2351505, 50.8649666 ], [ 6.23059, 50.8634645 ], [ 6.2305149, 50.8634895 ], [ 6.2288797, 50.8648148 ], [ 6.2287149, 50.8649561 ], [ 6.2248614, 50.8686751 ], [ 6.2248795, 50.8687697 ], [ 6.2250315, 50.8688855 ], [ 6.2249822, 50.8689116 ], [ 6.2241989, 50.8683096 ], [ 6.223706, 50.8679242 ], [ 6.2232058, 50.8675203 ], [ 6.2230003, 50.8673502 ], [ 6.2227101, 50.8671029 ], [ 6.2226453, 50.86697 ], [ 6.2225754, 50.8673028 ], [ 6.222482, 50.8677933 ], [ 6.2226433, 50.8678438 ], [ 6.2227598, 50.8679886 ], [ 6.222845, 50.8680532 ], [ 6.2230611, 50.868126 ], [ 6.2232639, 50.8682562 ], [ 6.2246199, 50.8693155 ], [ 6.223644, 50.8702015 ], [ 6.2299017, 50.8736448 ], [ 6.2297474, 50.8736822 ], [ 6.2297029, 50.8736581 ], [ 6.229629, 50.8736646 ], [ 6.229639, 50.8737171 ], [ 6.2278699, 50.8753441 ], [ 6.2266474, 50.8748047 ], [ 6.2265043, 50.8749361 ], [ 6.2265511, 50.8749565 ], [ 6.2250526, 50.8763073 ], [ 6.2250698, 50.8763526 ], [ 6.2250195, 50.8763371 ], [ 6.2249246, 50.8764227 ], [ 6.2249757, 50.8764384 ], [ 6.2248918, 50.8764524 ], [ 6.2231939, 50.8779892 ], [ 6.223212, 50.8780352 ], [ 6.2231806, 50.878064 ], [ 6.2230326, 50.8780126 ], [ 6.2230555, 50.8780617 ], [ 6.2217611, 50.8797129 ], [ 6.2214592, 50.8800996 ], [ 6.2213849, 50.880113 ], [ 6.2213624, 50.8801564 ], [ 6.2213918, 50.88021 ], [ 6.2208599, 50.8812006 ], [ 6.2191376, 50.8844375 ], [ 6.2190625, 50.8844743 ], [ 6.2190438, 50.8845199 ], [ 6.219096, 50.8845539 ], [ 6.2190717, 50.8848199 ], [ 6.2190081, 50.8859146 ], [ 6.2171253, 50.8859909 ], [ 6.2171085, 50.8858593 ], [ 6.2148555, 50.8859475 ], [ 6.2148371, 50.8858997 ], [ 6.2147591, 50.8859056 ], [ 6.2155481, 50.8880289 ], [ 6.2155121, 50.8880829 ], [ 6.2142055, 50.8886401 ], [ 6.2137013, 50.8888141 ], [ 6.2137225, 50.8888461 ], [ 6.2135, 50.8889411 ], [ 6.2135443, 50.8890059 ], [ 6.2130452, 50.8891784 ], [ 6.2113935, 50.8898864 ], [ 6.2109406, 50.8901931 ], [ 6.2108554, 50.8902792 ], [ 6.2108076, 50.8902944 ], [ 6.210814, 50.8902806 ], [ 6.2096356, 50.8895595 ], [ 6.2087627, 50.8902725 ], [ 6.2082635, 50.890025 ], [ 6.2050483, 50.8926589 ], [ 6.2050687, 50.8926948 ], [ 6.2049648, 50.892783 ], [ 6.204792, 50.8927632 ], [ 6.2048215, 50.8928015 ], [ 6.2037408, 50.8940075 ], [ 6.2030566, 50.8947632 ], [ 6.2021596, 50.8957677 ], [ 6.2020845, 50.8957795 ], [ 6.2020512, 50.8958183 ], [ 6.2020644, 50.895866 ], [ 6.1997939, 50.8978707 ], [ 6.1997281, 50.8978729 ], [ 6.2021035, 50.8997694 ], [ 6.2021915, 50.8997967 ], [ 6.2020231, 50.8998005 ], [ 6.2021029, 50.8998435 ], [ 6.2019663, 50.8998568 ], [ 6.2020643, 50.8998707 ], [ 6.2026543, 50.9001817 ], [ 6.1999651, 50.9022093 ], [ 6.1999763, 50.9022529 ], [ 6.2024264, 50.9031071 ], [ 6.20264, 50.9032095 ], [ 6.2031808, 50.9034676 ], [ 6.2035844, 50.9036609 ], [ 6.2038139, 50.9037714 ], [ 6.2057274, 50.9046868 ], [ 6.2090248, 50.9068653 ], [ 6.2098315, 50.9073991 ], [ 6.209927, 50.9074168 ], [ 6.2100002, 50.907452 ], [ 6.2099893, 50.9074819 ], [ 6.2107029, 50.9078532 ], [ 6.2118477, 50.908449 ], [ 6.2127148, 50.9089 ], [ 6.2134124, 50.9092631 ], [ 6.2144851, 50.9098202 ], [ 6.2151726, 50.9101769 ], [ 6.2164603, 50.9108449 ], [ 6.2165316, 50.9108366 ], [ 6.2166243, 50.9108788 ], [ 6.2166562, 50.910952 ], [ 6.2176352, 50.9119047 ], [ 6.2180802, 50.9123405 ], [ 6.2187007, 50.9129387 ], [ 6.2192904, 50.913506 ], [ 6.2197308, 50.9139368 ], [ 6.2199976, 50.9141886 ], [ 6.2204763, 50.9146489 ], [ 6.2213205, 50.9143897 ], [ 6.2215223, 50.9143501 ], [ 6.2222633, 50.9142908 ], [ 6.222289, 50.9143445 ], [ 6.2224824, 50.9144499 ], [ 6.2244413, 50.9162441 ], [ 6.2246199, 50.9164077 ], [ 6.2247931, 50.9165396 ], [ 6.2249187, 50.9165896 ], [ 6.2240999, 50.9165824 ], [ 6.2228123, 50.9166895 ], [ 6.2228377, 50.9167364 ], [ 6.2226635, 50.9167675 ], [ 6.222731, 50.916776 ], [ 6.2231281, 50.9173219 ], [ 6.2261427, 50.9193751 ], [ 6.2287936, 50.9207202 ], [ 6.2288927, 50.9207592 ], [ 6.2271458, 50.9217346 ], [ 6.2262336, 50.9222425 ], [ 6.228309, 50.9231408 ], [ 6.2283999, 50.9231375 ], [ 6.2269596, 50.9239045 ], [ 6.2258078, 50.9245299 ], [ 6.2257158, 50.9245343 ], [ 6.2256601, 50.9245648 ], [ 6.2257578, 50.9246031 ], [ 6.2268474, 50.9249328 ], [ 6.227898, 50.9252503 ], [ 6.2269742, 50.9257713 ], [ 6.2260304, 50.926304 ], [ 6.2270596, 50.9270012 ], [ 6.2271401, 50.9270032 ], [ 6.2271788, 50.9270303 ], [ 6.2220961, 50.9298914 ], [ 6.2221923, 50.9298806 ], [ 6.2263095, 50.9309062 ], [ 6.2240434, 50.9321553 ], [ 6.2241118, 50.9321675 ], [ 6.2244609, 50.9322417 ], [ 6.224808, 50.9323267 ], [ 6.2251311, 50.9324368 ], [ 6.2254908, 50.932538 ], [ 6.2256533, 50.9326157 ], [ 6.2257408, 50.9327053 ], [ 6.226325, 50.9330559 ], [ 6.2261984, 50.9331268 ], [ 6.2263242, 50.9332082 ], [ 6.2263792, 50.9332553 ], [ 6.2266701, 50.9334107 ], [ 6.2267197, 50.9334266 ], [ 6.2289874, 50.934725 ], [ 6.2293693, 50.9349027 ], [ 6.2295842, 50.9349906 ], [ 6.2295961, 50.9350334 ], [ 6.2293745, 50.9352866 ], [ 6.2289623, 50.9357531 ], [ 6.2280114, 50.9352192 ], [ 6.2269486, 50.9346543 ], [ 6.2256678, 50.9352532 ], [ 6.2268876, 50.9359401 ], [ 6.2284453, 50.936844 ], [ 6.2277604, 50.937321 ], [ 6.2258497, 50.9385988 ], [ 6.2247659, 50.9392967 ], [ 6.2249779, 50.9394457 ], [ 6.2249539, 50.9397087 ], [ 6.2248799, 50.9399077 ], [ 6.2244189, 50.9404036 ], [ 6.223708, 50.9411545 ], [ 6.2232631, 50.9416855 ], [ 6.2229652, 50.9418415 ], [ 6.2225922, 50.9420054 ], [ 6.2210094, 50.9421884 ], [ 6.2195387, 50.9423714 ], [ 6.2190667, 50.9425584 ], [ 6.21706, 50.9432453 ], [ 6.2162032, 50.9435353 ], [ 6.2161462, 50.9435773 ], [ 6.2157722, 50.9435463 ], [ 6.2155752, 50.9435013 ], [ 6.2154873, 50.9435203 ], [ 6.2124587, 50.9442102 ], [ 6.2119098, 50.9442942 ], [ 6.2113439, 50.9443062 ], [ 6.210813, 50.9442942 ], [ 6.2094692, 50.9442102 ], [ 6.2068125, 50.9441232 ], [ 6.2053968, 50.9441192 ], [ 6.2046539, 50.9440392 ], [ 6.2025702, 50.9440352 ], [ 6.2024412, 50.9440352 ], [ 6.2008384, 50.945706 ], [ 6.1998976, 50.946362 ], [ 6.1993636, 50.9467859 ], [ 6.1987227, 50.9473648 ], [ 6.1982488, 50.9477158 ], [ 6.1976999, 50.9481698 ], [ 6.197149, 50.9485817 ], [ 6.1958742, 50.9493106 ], [ 6.1952473, 50.9497036 ], [ 6.1949679, 50.9498178 ], [ 6.1948441, 50.9498273 ], [ 6.1924208, 50.9483291 ], [ 6.1909419, 50.9474148 ], [ 6.1907293, 50.9472818 ], [ 6.1893732, 50.9464365 ], [ 6.1890689, 50.9462357 ], [ 6.1889186, 50.9461034 ], [ 6.1887734, 50.9459484 ], [ 6.1884626, 50.9455665 ], [ 6.1883517, 50.9453817 ], [ 6.1882597, 50.9453841 ], [ 6.1881737, 50.9453675 ], [ 6.1880927, 50.9454024 ], [ 6.1878294, 50.9452494 ], [ 6.1876651, 50.9453447 ], [ 6.1868082, 50.9456966 ], [ 6.1850968, 50.9463595 ], [ 6.1842492, 50.9466454 ], [ 6.183771, 50.9468536 ], [ 6.1832868, 50.947099 ], [ 6.1815328, 50.946499 ], [ 6.1814423, 50.9464845 ], [ 6.1811046, 50.9463661 ], [ 6.1804212, 50.9461503 ], [ 6.1803544, 50.9461264 ], [ 6.180156, 50.9460554 ], [ 6.1800401, 50.9459992 ], [ 6.1799512, 50.9459412 ], [ 6.1799444, 50.9459386 ], [ 6.1796718, 50.9458281 ], [ 6.1784335, 50.9453879 ], [ 6.1759924, 50.9444938 ], [ 6.1747733, 50.9440072 ], [ 6.1735731, 50.9435154 ], [ 6.1723834, 50.9430176 ], [ 6.171525, 50.9426362 ], [ 6.1714356, 50.9425979 ], [ 6.1713302, 50.9425527 ], [ 6.171052, 50.9424336 ], [ 6.1709416, 50.942377 ], [ 6.1701597, 50.9419774 ], [ 6.1689658, 50.9413412 ], [ 6.1672001, 50.9403374 ], [ 6.1668787, 50.9401286 ], [ 6.1658738, 50.9395117 ], [ 6.1649058, 50.9388463 ], [ 6.1647969, 50.9387702 ], [ 6.1639473, 50.9381759 ], [ 6.1631186, 50.9375314 ], [ 6.1630425, 50.9374723 ], [ 6.162517, 50.9370566 ], [ 6.1621529, 50.9367685 ], [ 6.1618585, 50.9364781 ], [ 6.1613855, 50.9360115 ], [ 6.1610133, 50.935703 ], [ 6.1608643, 50.9355795 ], [ 6.1605555, 50.9352622 ], [ 6.1602593, 50.9349579 ], [ 6.1601889, 50.9348827 ], [ 6.1598365, 50.9345065 ], [ 6.1591102, 50.9337172 ], [ 6.1584458, 50.9329145 ], [ 6.1578252, 50.9320998 ], [ 6.1572494, 50.931263 ], [ 6.1566608, 50.9303595 ], [ 6.1565957, 50.9302597 ], [ 6.1565159, 50.9301295 ], [ 6.1564912, 50.930089 ], [ 6.1564254, 50.9299816 ], [ 6.1563636, 50.929881 ], [ 6.1561821, 50.9295853 ], [ 6.1556524, 50.9287549 ], [ 6.1551651, 50.9279101 ], [ 6.1546758, 50.927043 ], [ 6.154256, 50.9261829 ], [ 6.1541226, 50.9259058 ], [ 6.1540828, 50.925823 ], [ 6.1530634, 50.9237057 ], [ 6.1530462, 50.9236699 ], [ 6.1530167, 50.9236087 ], [ 6.1526728, 50.9227445 ], [ 6.1524252, 50.9219397 ], [ 6.1523558, 50.9219273 ], [ 6.1522529, 50.9217848 ], [ 6.1522544, 50.9217812 ], [ 6.1522139, 50.9216681 ], [ 6.1522503, 50.9215665 ], [ 6.1522651, 50.9213741 ], [ 6.1521714, 50.9211169 ], [ 6.1520516, 50.9207822 ], [ 6.151728, 50.9197184 ], [ 6.1516088, 50.9192534 ], [ 6.1514453, 50.9186521 ], [ 6.151395, 50.9184647 ], [ 6.1512836, 50.9181055 ], [ 6.1511179, 50.9180445 ], [ 6.1510607, 50.9180171 ], [ 6.1511735, 50.9179818 ], [ 6.1510861, 50.9176148 ], [ 6.1510417, 50.9174285 ], [ 6.1509497, 50.9170421 ], [ 6.1509193, 50.9169146 ], [ 6.1508258, 50.9165219 ], [ 6.150809, 50.916442 ], [ 6.1507578, 50.9162001 ], [ 6.1506466, 50.9156767 ], [ 6.1506247, 50.9155953 ], [ 6.1506135, 50.9155537 ], [ 6.1505397, 50.9152792 ], [ 6.1505287, 50.9152389 ], [ 6.1504001, 50.9147603 ], [ 6.1502374, 50.9138663 ], [ 6.1500893, 50.9127399 ], [ 6.1502798, 50.9127488 ], [ 6.1508867, 50.9127772 ], [ 6.1515309, 50.9128074 ], [ 6.1530212, 50.9128772 ], [ 6.1530134, 50.9128725 ], [ 6.1531923, 50.9128788 ], [ 6.1531553, 50.9127923 ], [ 6.1530406, 50.9128025 ], [ 6.153018, 50.9127291 ], [ 6.1529933, 50.9126488 ], [ 6.1529352, 50.9125148 ], [ 6.1528902, 50.9124294 ], [ 6.1527113, 50.9120938 ], [ 6.1526136, 50.9119083 ], [ 6.1523865, 50.9114941 ], [ 6.1522081, 50.911211 ], [ 6.1518138, 50.9106846 ], [ 6.1516042, 50.9103896 ], [ 6.1514662, 50.9101474 ], [ 6.151353, 50.9098864 ], [ 6.1512723, 50.9095971 ], [ 6.1510608, 50.9095844 ], [ 6.1511883, 50.9088878 ], [ 6.1512662, 50.9087505 ], [ 6.1513017, 50.9085347 ], [ 6.1514429, 50.9080296 ], [ 6.1511479, 50.9080169 ], [ 6.1509188, 50.9079828 ], [ 6.1507988, 50.9080874 ], [ 6.1502917, 50.9085075 ], [ 6.1493497, 50.909273 ], [ 6.1493297, 50.9093927 ], [ 6.1483385, 50.9081137 ], [ 6.1479922, 50.9077816 ], [ 6.1475989, 50.9074807 ], [ 6.1462053, 50.9065867 ], [ 6.146077, 50.9064688 ], [ 6.1448905, 50.9048767 ], [ 6.1442369, 50.9044747 ], [ 6.1434451, 50.9029367 ], [ 6.1431241, 50.9023143 ], [ 6.1429342, 50.9019501 ], [ 6.1426526, 50.9014103 ], [ 6.1425727, 50.9013615 ], [ 6.1424512, 50.9012871 ], [ 6.1424457, 50.9012892 ], [ 6.1424415, 50.9012893 ], [ 6.1424357, 50.9012877 ], [ 6.142432, 50.9012839 ], [ 6.1424317, 50.9012812 ], [ 6.1424348, 50.9012772 ], [ 6.1422114, 50.9011408 ], [ 6.141964, 50.9010913 ], [ 6.1418295, 50.9010644 ], [ 6.1398623, 50.9006563 ], [ 6.1382092, 50.9003133 ], [ 6.138106, 50.900292 ], [ 6.1380745, 50.9002854 ], [ 6.1379572, 50.9002627 ], [ 6.1379883, 50.9002336 ], [ 6.1379772, 50.9002316 ], [ 6.1378013, 50.9003973 ], [ 6.1379113, 50.9002743 ], [ 6.1379628, 50.9002266 ], [ 6.1381412, 50.9000592 ], [ 6.1384407, 50.8997791 ], [ 6.1388703, 50.8993767 ], [ 6.1391277, 50.8991355 ], [ 6.1393284, 50.8989413 ], [ 6.1394683, 50.8988056 ], [ 6.1396653, 50.8986128 ], [ 6.1397285, 50.8985512 ], [ 6.1396268, 50.8985713 ], [ 6.1373417, 50.8979336 ], [ 6.1367374, 50.8981694 ], [ 6.1361595, 50.8984315 ], [ 6.1358657, 50.8985674 ], [ 6.1351133, 50.8989475 ], [ 6.134928, 50.8988009 ], [ 6.1341345, 50.8992253 ], [ 6.1338057, 50.8992335 ], [ 6.1336629, 50.8991708 ], [ 6.1336058, 50.899135 ], [ 6.1334863, 50.899061 ], [ 6.133633, 50.8992006 ], [ 6.1338305, 50.8993877 ], [ 6.1336463, 50.8994658 ], [ 6.1335812, 50.8994054 ], [ 6.1335288, 50.8993542 ], [ 6.1334801, 50.8993075 ], [ 6.1333939, 50.8992236 ], [ 6.1332041, 50.8990431 ], [ 6.1326956, 50.8991006 ], [ 6.1323066, 50.8991647 ], [ 6.1320528, 50.8992205 ], [ 6.1318859, 50.8992732 ], [ 6.1315709, 50.8997959 ], [ 6.130483, 50.8995312 ], [ 6.1301571, 50.8994193 ], [ 6.1300405, 50.8993407 ], [ 6.1300178, 50.8993715 ], [ 6.1298364, 50.8993092 ], [ 6.1296198, 50.8991923 ], [ 6.1294261, 50.8990764 ], [ 6.1292371, 50.8989539 ], [ 6.1291354, 50.8989059 ], [ 6.1290003, 50.8988421 ], [ 6.1287704, 50.8987372 ], [ 6.1286411, 50.8986978 ], [ 6.1286128, 50.8986875 ], [ 6.1285634, 50.8986693 ], [ 6.1284349, 50.8986223 ], [ 6.1282293, 50.8985913 ], [ 6.1279535, 50.8985515 ], [ 6.1278378, 50.8986862 ], [ 6.1278093, 50.8987196 ], [ 6.1272871, 50.8994385 ], [ 6.1270952, 50.8997026 ], [ 6.1267466, 50.9001823 ], [ 6.1268875, 50.9003593 ], [ 6.1270513, 50.9005653 ], [ 6.1270668, 50.9006428 ], [ 6.1270061, 50.900668 ], [ 6.126798, 50.9007546 ], [ 6.126231, 50.9009905 ], [ 6.1255786, 50.9012619 ], [ 6.1255007, 50.9012943 ], [ 6.1254338, 50.9013118 ], [ 6.1241769, 50.9016417 ], [ 6.1236335, 50.9017844 ], [ 6.1234837, 50.9018237 ], [ 6.1230164, 50.9019464 ], [ 6.1226612, 50.9020396 ], [ 6.122264, 50.9021439 ], [ 6.1220157, 50.9022091 ], [ 6.12193, 50.9022692 ], [ 6.1218573, 50.9022667 ], [ 6.1218052, 50.9022218 ], [ 6.1204069, 50.9021772 ], [ 6.1202703, 50.9021728 ], [ 6.1193219, 50.9021419 ], [ 6.1182961, 50.9021085 ], [ 6.1181805, 50.9021047 ], [ 6.1182508, 50.9027694 ], [ 6.1183091, 50.9033222 ], [ 6.118316, 50.9033875 ], [ 6.11833, 50.9034221 ], [ 6.1182647, 50.9033855 ], [ 6.1179381, 50.9033719 ], [ 6.1178295, 50.9033673 ], [ 6.1173813, 50.9033486 ], [ 6.1172676, 50.9033439 ], [ 6.116825, 50.9033254 ], [ 6.116586, 50.9033154 ], [ 6.1162842, 50.9033028 ], [ 6.1162587, 50.9033258 ], [ 6.1165961, 50.9041386 ], [ 6.1169333, 50.9049507 ], [ 6.1170082, 50.9049893 ], [ 6.1168262, 50.9049818 ], [ 6.116067, 50.9049497 ], [ 6.1151653, 50.9049118 ], [ 6.1148878, 50.9049001 ], [ 6.1146724, 50.904891 ], [ 6.1143771, 50.9048785 ], [ 6.1133254, 50.9048927 ], [ 6.1129568, 50.9048841 ], [ 6.1125061, 50.9049698 ], [ 6.1123586, 50.9050056 ], [ 6.1120567, 50.9051005 ], [ 6.1120736, 50.9051374 ], [ 6.1117924, 50.9052424 ], [ 6.1117116, 50.90523 ], [ 6.1116644, 50.9052877 ], [ 6.1119898, 50.9055883 ], [ 6.1120261, 50.9056702 ], [ 6.1122276, 50.9058519 ], [ 6.1126329, 50.9062173 ], [ 6.1127185, 50.9063956 ], [ 6.1127347, 50.9067246 ], [ 6.1126267, 50.9070307 ], [ 6.1125856, 50.9070646 ], [ 6.1122005, 50.907382 ], [ 6.1118121, 50.9079412 ], [ 6.1117538, 50.908095 ], [ 6.1118514, 50.9084915 ], [ 6.1119262, 50.9087952 ], [ 6.1119285, 50.9094908 ], [ 6.1120007, 50.9100798 ], [ 6.1120825, 50.910388 ], [ 6.1120943, 50.910484 ], [ 6.1121143, 50.9106489 ], [ 6.1121191, 50.9106878 ], [ 6.1121237, 50.9107266 ], [ 6.1125879, 50.9112336 ], [ 6.1117587, 50.9113139 ], [ 6.1117114, 50.9113184 ], [ 6.1116776, 50.9113217 ], [ 6.1116243, 50.9112776 ], [ 6.1115926, 50.9112878 ], [ 6.1114397, 50.911337 ], [ 6.1113066, 50.9113799 ], [ 6.1112752, 50.91139 ], [ 6.1112532, 50.9113972 ], [ 6.1111755, 50.9114401 ], [ 6.1111144, 50.911474 ], [ 6.1108262, 50.910931 ], [ 6.110802, 50.9109223 ], [ 6.1096566, 50.9111813 ], [ 6.1086568, 50.9114073 ], [ 6.1086227, 50.9114537 ], [ 6.1085772, 50.9114779 ], [ 6.108505, 50.9114299 ], [ 6.1064176, 50.9109177 ], [ 6.1058501, 50.9108833 ], [ 6.1044289, 50.9107971 ], [ 6.1038402, 50.9107617 ], [ 6.1033559, 50.9107326 ], [ 6.1023343, 50.9106712 ], [ 6.1022206, 50.910664 ], [ 6.1021495, 50.9106596 ], [ 6.1020607, 50.910654 ], [ 6.1020182, 50.9106855 ], [ 6.1019757, 50.9105787 ], [ 6.1017789, 50.9100854 ], [ 6.1015701, 50.9091947 ], [ 6.1015187, 50.9089749 ], [ 6.1014551, 50.9088828 ], [ 6.1013515, 50.908733 ], [ 6.1012458, 50.9085799 ], [ 6.1011896, 50.9086917 ], [ 6.1011484, 50.9086368 ], [ 6.1009009, 50.9084127 ], [ 6.1006369, 50.9084137 ], [ 6.1005718, 50.9084144 ], [ 6.0977086, 50.9084275 ], [ 6.0975512, 50.9084282 ], [ 6.0975191, 50.9084283 ], [ 6.0967948, 50.9084316 ], [ 6.0966751, 50.9084322 ], [ 6.0957341, 50.9084364 ], [ 6.0924864, 50.9084511 ], [ 6.0880895, 50.9098199 ], [ 6.0879894, 50.909989 ], [ 6.0879673, 50.910002 ], [ 6.0878281, 50.9100839 ], [ 6.087936, 50.9102444 ], [ 6.0879983, 50.9103371 ], [ 6.0879594, 50.9104265 ], [ 6.0878944, 50.9105896 ], [ 6.0878973, 50.9106783 ], [ 6.087839, 50.9108126 ], [ 6.0877839, 50.9109547 ], [ 6.0877775, 50.9109842 ], [ 6.0877608, 50.9110599 ], [ 6.0877649, 50.9111647 ], [ 6.0877794, 50.9112388 ], [ 6.0878025, 50.9113156 ], [ 6.0880872, 50.9120053 ], [ 6.0880992, 50.9120521 ], [ 6.0881146, 50.9121122 ], [ 6.0881204, 50.912195 ], [ 6.0881077, 50.9122763 ], [ 6.088074, 50.9123469 ], [ 6.0879798, 50.9124323 ], [ 6.0879165, 50.9124795 ], [ 6.0877396, 50.9126016 ], [ 6.0875535, 50.9127347 ], [ 6.0874964, 50.9127847 ], [ 6.0875048, 50.9127889 ], [ 6.0875041, 50.9127909 ], [ 6.0874844, 50.9128087 ], [ 6.0874811, 50.9128097 ], [ 6.0874724, 50.912806 ], [ 6.0874034, 50.9128835 ], [ 6.0873403, 50.9129745 ], [ 6.0872854, 50.9130714 ], [ 6.0870999, 50.9134609 ], [ 6.0869739, 50.9134471 ], [ 6.0869093, 50.9134395 ], [ 6.0868827, 50.9134363 ], [ 6.0868874, 50.9134269 ], [ 6.0868665, 50.9134076 ], [ 6.0868395, 50.9133825 ], [ 6.0867824, 50.9133783 ], [ 6.086806, 50.9132218 ], [ 6.0867986, 50.913015 ], [ 6.0867442, 50.9128194 ], [ 6.0866545, 50.9126407 ], [ 6.0866449, 50.9126218 ], [ 6.0864977, 50.9124116 ], [ 6.0863499, 50.9122583 ], [ 6.0860365, 50.9120185 ], [ 6.0858143, 50.911883 ], [ 6.0851366, 50.9115396 ], [ 6.0850756, 50.9115086 ], [ 6.0848636, 50.9114012 ], [ 6.0838818, 50.9109037 ], [ 6.0831548, 50.9105431 ], [ 6.0829656, 50.9104497 ], [ 6.0828334, 50.9103789 ], [ 6.082795, 50.9103608 ], [ 6.0827615, 50.9103409 ], [ 6.0827039, 50.9103075 ], [ 6.0825471, 50.910218 ], [ 6.0823491, 50.9100926 ], [ 6.0822683, 50.9100389 ], [ 6.082211, 50.910004 ], [ 6.0821982, 50.9099949 ], [ 6.0821904, 50.9099896 ], [ 6.0821773, 50.9099803 ], [ 6.082143, 50.9099528 ], [ 6.0821073, 50.9099254 ], [ 6.0820563, 50.9098858 ], [ 6.082017, 50.9098535 ], [ 6.0819564, 50.9098081 ], [ 6.0819264, 50.9097832 ], [ 6.0819214, 50.9097783 ], [ 6.0819018, 50.9097611 ], [ 6.0818814, 50.9097422 ], [ 6.0818496, 50.9097142 ], [ 6.0818328, 50.909697 ], [ 6.081816, 50.9096811 ], [ 6.0817989, 50.9096656 ], [ 6.0817707, 50.9096398 ], [ 6.0817186, 50.9095894 ], [ 6.0817028, 50.9095762 ], [ 6.0816786, 50.9095534 ], [ 6.0816421, 50.90952 ], [ 6.0816189, 50.9094965 ], [ 6.0816011, 50.9094812 ], [ 6.0815832, 50.909462 ], [ 6.0815285, 50.9094061 ], [ 6.081501, 50.9093721 ], [ 6.0814971, 50.9093674 ], [ 6.0814831, 50.9093497 ], [ 6.0814602, 50.909325 ], [ 6.0814352, 50.9092927 ], [ 6.0813998, 50.9092461 ], [ 6.0813493, 50.9091813 ], [ 6.0813129, 50.9091359 ], [ 6.081288, 50.9091005 ], [ 6.0812742, 50.9090799 ], [ 6.0812646, 50.9090664 ], [ 6.0812541, 50.9090486 ], [ 6.0812464, 50.9090358 ], [ 6.0811971, 50.9089562 ], [ 6.0811749, 50.9089231 ], [ 6.0811465, 50.9088834 ], [ 6.081126, 50.9088486 ], [ 6.0811168, 50.9088322 ], [ 6.0810996, 50.9088032 ], [ 6.0810872, 50.908783 ], [ 6.0810652, 50.9087423 ], [ 6.0810473, 50.9087118 ], [ 6.0810333, 50.908685 ], [ 6.081003, 50.9086322 ], [ 6.0809912, 50.9086111 ], [ 6.0809842, 50.9085972 ], [ 6.080941, 50.9085216 ], [ 6.0809095, 50.9084645 ], [ 6.0808838, 50.9084166 ], [ 6.0808512, 50.908358 ], [ 6.080838, 50.9083336 ], [ 6.0808155, 50.9082901 ], [ 6.080791, 50.9082422 ], [ 6.0807598, 50.9081817 ], [ 6.0805599, 50.9078003 ], [ 6.080349, 50.9073368 ], [ 6.0802215, 50.9070179 ], [ 6.0801019, 50.9066939 ], [ 6.0799884, 50.9063437 ], [ 6.0799728, 50.9062948 ], [ 6.0798641, 50.9059398 ], [ 6.0798133, 50.9057703 ], [ 6.0797376, 50.9055197 ], [ 6.0797182, 50.9054328 ], [ 6.079711, 50.9053704 ], [ 6.0797094, 50.9053078 ], [ 6.0797134, 50.9052452 ], [ 6.0797229, 50.9051828 ], [ 6.0797379, 50.9051209 ], [ 6.0797538, 50.9050718 ], [ 6.0797786, 50.9050112 ], [ 6.0798088, 50.9049516 ], [ 6.0798436, 50.9048939 ], [ 6.0799262, 50.9047709 ], [ 6.0799489, 50.9047714 ], [ 6.0799577, 50.9047239 ], [ 6.0799454, 50.9047079 ], [ 6.0799559, 50.9046328 ], [ 6.0799904, 50.9044926 ], [ 6.0801559, 50.9040765 ], [ 6.08019, 50.9038819 ], [ 6.0801252, 50.9037121 ], [ 6.0799338, 50.9035367 ], [ 6.0799134, 50.9035136 ], [ 6.0799048, 50.9033614 ], [ 6.0799538, 50.9033206 ], [ 6.0799895, 50.9031883 ], [ 6.0799093, 50.9029168 ], [ 6.0797902, 50.9027168 ], [ 6.0796013, 50.9024834 ], [ 6.0792097, 50.9018874 ], [ 6.0787126, 50.9013039 ], [ 6.0781746, 50.9005181 ], [ 6.0777606, 50.8998687 ], [ 6.0773983, 50.8991073 ], [ 6.0773655, 50.8988722 ], [ 6.0773622, 50.8979781 ], [ 6.0772672, 50.897218 ], [ 6.0773173, 50.8970245 ], [ 6.077206, 50.8968446 ], [ 6.0767705, 50.8964522 ], [ 6.0766909, 50.8963761 ], [ 6.0766946, 50.8963293 ], [ 6.0766815, 50.8963034 ], [ 6.0766907, 50.8962161 ], [ 6.0766967, 50.8960803 ], [ 6.0766605, 50.8959246 ], [ 6.0766208, 50.895813 ], [ 6.0765872, 50.8956829 ], [ 6.0765593, 50.8956278 ], [ 6.0765562, 50.895605 ], [ 6.0764882, 50.8954096 ], [ 6.0764752, 50.8952106 ], [ 6.0764827, 50.8951479 ], [ 6.0764825, 50.8951151 ], [ 6.0764765, 50.8950796 ], [ 6.0764645, 50.8950457 ], [ 6.0764636, 50.8950325 ], [ 6.0764551, 50.8949953 ], [ 6.076429, 50.8948952 ], [ 6.0764899, 50.8948221 ], [ 6.0765333, 50.8947501 ], [ 6.0765531, 50.8946991 ], [ 6.0765539, 50.8946562 ], [ 6.0765518, 50.8946402 ], [ 6.0765483, 50.8946305 ], [ 6.0765254, 50.8945975 ], [ 6.076517, 50.8945909 ], [ 6.0765062, 50.8945866 ], [ 6.0764626, 50.8945768 ], [ 6.0764447, 50.8945747 ], [ 6.0764274, 50.8945761 ], [ 6.0763545, 50.8945867 ], [ 6.0763211, 50.8945939 ], [ 6.0761567, 50.8945982 ], [ 6.0760936, 50.894505 ], [ 6.0761457, 50.8943947 ], [ 6.0761893, 50.8943423 ], [ 6.0762169, 50.8943051 ], [ 6.0762235, 50.894292 ], [ 6.0762294, 50.8942738 ], [ 6.0762292, 50.8942616 ], [ 6.0762262, 50.8942486 ], [ 6.0762179, 50.8942358 ], [ 6.0762055, 50.8942256 ], [ 6.0761894, 50.8942163 ], [ 6.0761136, 50.8941822 ], [ 6.0759455, 50.8941499 ], [ 6.075805, 50.8941073 ], [ 6.075752, 50.8940243 ], [ 6.0757878, 50.8939196 ], [ 6.0758161, 50.8938929 ], [ 6.0758844, 50.8938394 ], [ 6.0758999, 50.8938218 ], [ 6.0759094, 50.8938077 ], [ 6.0759229, 50.8937824 ], [ 6.0759312, 50.8937523 ], [ 6.0759242, 50.8937253 ], [ 6.0758861, 50.8936667 ], [ 6.0758631, 50.8936404 ], [ 6.0757062, 50.8934933 ], [ 6.0756027, 50.89341 ], [ 6.0753649, 50.8931375 ], [ 6.0752543, 50.8930575 ], [ 6.0751817, 50.8929527 ], [ 6.075206, 50.8927823 ], [ 6.0752963, 50.8927033 ], [ 6.0754223, 50.8926363 ], [ 6.0755524, 50.8925596 ], [ 6.075689, 50.8924996 ], [ 6.0757466, 50.892449 ], [ 6.0757832, 50.8924123 ], [ 6.0758628, 50.8923478 ], [ 6.0759355, 50.8922925 ], [ 6.0759664, 50.8922643 ], [ 6.0759998, 50.8922413 ], [ 6.0761146, 50.892153 ], [ 6.0761313, 50.8921375 ], [ 6.0761394, 50.8921273 ], [ 6.0761708, 50.8920771 ], [ 6.0761895, 50.8920262 ], [ 6.0761939, 50.8919718 ], [ 6.0761943, 50.8918954 ], [ 6.0762037, 50.8917695 ], [ 6.0762281, 50.8916854 ], [ 6.0762441, 50.8916516 ], [ 6.0762983, 50.8915624 ], [ 6.0763024, 50.8915401 ], [ 6.0763002, 50.8915322 ], [ 6.076284, 50.8915094 ], [ 6.0762587, 50.8914849 ], [ 6.0762403, 50.8914728 ], [ 6.0761924, 50.8914471 ], [ 6.0761251, 50.8914226 ], [ 6.0760971, 50.8914144 ], [ 6.0759602, 50.8913783 ], [ 6.0758999, 50.8913609 ], [ 6.075716, 50.8912944 ], [ 6.075669, 50.8912761 ], [ 6.0756024, 50.8912471 ], [ 6.0754402, 50.8911665 ], [ 6.0753883, 50.8911449 ], [ 6.0753786, 50.8911349 ], [ 6.0753835, 50.8910274 ], [ 6.0753778, 50.8910058 ], [ 6.075376, 50.8909617 ], [ 6.075382, 50.8909138 ], [ 6.075401, 50.8908496 ], [ 6.0754061, 50.890795 ], [ 6.0754099, 50.8907745 ], [ 6.0754091, 50.890728 ], [ 6.0754063, 50.8907092 ], [ 6.0754074, 50.8906981 ], [ 6.0753979, 50.8906482 ], [ 6.0753663, 50.8905734 ], [ 6.0753667, 50.8905647 ], [ 6.0753735, 50.8905491 ], [ 6.0753833, 50.8905395 ], [ 6.0754184, 50.8905191 ], [ 6.0754682, 50.8904847 ], [ 6.0754947, 50.8904588 ], [ 6.0755097, 50.8904391 ], [ 6.0755225, 50.8904069 ], [ 6.0755244, 50.8903859 ], [ 6.0755328, 50.8903538 ], [ 6.0755462, 50.8903305 ], [ 6.0755629, 50.8903091 ], [ 6.0755775, 50.890295 ], [ 6.0756159, 50.8902652 ], [ 6.0756454, 50.8902381 ], [ 6.0756686, 50.8902131 ], [ 6.0757052, 50.890163 ], [ 6.0757328, 50.8901134 ], [ 6.0757414, 50.8900964 ], [ 6.0757427, 50.8900859 ], [ 6.075751, 50.8900618 ], [ 6.0757551, 50.8900524 ], [ 6.0757616, 50.8900445 ], [ 6.0757719, 50.8900361 ], [ 6.0758015, 50.8900179 ], [ 6.0758173, 50.8900118 ], [ 6.0758931, 50.8899915 ], [ 6.0759588, 50.8899546 ], [ 6.0760121, 50.8899161 ], [ 6.0761346, 50.8898068 ], [ 6.0761576, 50.8897806 ], [ 6.0762341, 50.8896771 ], [ 6.0762647, 50.889622 ], [ 6.0762875, 50.8895743 ], [ 6.0763187, 50.8894851 ], [ 6.0763291, 50.8894484 ], [ 6.07634, 50.8893947 ], [ 6.076343, 50.8893569 ], [ 6.0763433, 50.8892243 ], [ 6.0763465, 50.8891337 ], [ 6.0763515, 50.8891035 ], [ 6.0763553, 50.889054 ], [ 6.0763694, 50.8889996 ], [ 6.0763965, 50.888922 ], [ 6.0764283, 50.8888517 ], [ 6.076449, 50.8888158 ], [ 6.0764909, 50.8887543 ], [ 6.0765417, 50.8886945 ], [ 6.076571, 50.8886646 ], [ 6.0766214, 50.8886199 ], [ 6.0766503, 50.8885904 ], [ 6.0766789, 50.8885651 ], [ 6.0768051, 50.8884797 ], [ 6.0768274, 50.8884599 ], [ 6.0768471, 50.8884472 ], [ 6.0768863, 50.8884118 ], [ 6.0769004, 50.8883948 ], [ 6.0769407, 50.8883123 ], [ 6.0769567, 50.8882622 ], [ 6.0769815, 50.8881327 ], [ 6.0769964, 50.8880867 ], [ 6.0770241, 50.8880106 ], [ 6.0770611, 50.8879276 ], [ 6.0770906, 50.8878723 ], [ 6.07714, 50.8878004 ], [ 6.0771846, 50.8877475 ], [ 6.0772226, 50.8877112 ], [ 6.0773379, 50.8876167 ], [ 6.0774065, 50.8875729 ], [ 6.0774304, 50.8875632 ], [ 6.0774519, 50.8875512 ], [ 6.0775281, 50.8875266 ], [ 6.0775522, 50.8875215 ], [ 6.0776088, 50.8875238 ], [ 6.0776378, 50.8875306 ], [ 6.0776716, 50.8875444 ], [ 6.0776958, 50.8875599 ], [ 6.0777087, 50.8875726 ], [ 6.0777387, 50.8876143 ], [ 6.0777531, 50.8876752 ], [ 6.0777518, 50.8877146 ], [ 6.0777448, 50.8877549 ], [ 6.0777015, 50.8878901 ], [ 6.0777026, 50.8879054 ], [ 6.0777077, 50.8879237 ], [ 6.0777226, 50.8879526 ], [ 6.0777348, 50.8879702 ], [ 6.0777617, 50.8879929 ], [ 6.0777787, 50.8880025 ], [ 6.0777956, 50.8880089 ], [ 6.077891, 50.8880351 ], [ 6.0779578, 50.8880401 ], [ 6.0780044, 50.8880371 ], [ 6.0780462, 50.88803 ], [ 6.0781628, 50.8879944 ], [ 6.0782096, 50.8879772 ], [ 6.0782912, 50.887935 ], [ 6.0784626, 50.8878348 ], [ 6.0786152, 50.8877294 ], [ 6.0786435, 50.8877024 ], [ 6.0787694, 50.8875555 ], [ 6.0788315, 50.8874682 ], [ 6.0788687, 50.8873926 ], [ 6.0788796, 50.887359 ], [ 6.0788859, 50.8873286 ], [ 6.0788911, 50.8872455 ], [ 6.0788895, 50.8872281 ], [ 6.0788768, 50.8871925 ], [ 6.0788435, 50.8871275 ], [ 6.07883, 50.8870921 ], [ 6.0788179, 50.8870519 ], [ 6.0788112, 50.8870174 ], [ 6.0788139, 50.8869492 ], [ 6.0788164, 50.8869428 ], [ 6.0788299, 50.8869254 ], [ 6.0788514, 50.886909 ], [ 6.0789694, 50.8868556 ], [ 6.0789881, 50.88685 ], [ 6.0792292, 50.8868064 ], [ 6.079274, 50.8867916 ], [ 6.0792946, 50.8867809 ], [ 6.0793104, 50.8867671 ], [ 6.0793318, 50.8867434 ], [ 6.0793364, 50.8867351 ], [ 6.0793387, 50.8867273 ], [ 6.0793361, 50.8866964 ], [ 6.0793203, 50.8866688 ], [ 6.0793023, 50.8866466 ], [ 6.0790979, 50.8864704 ], [ 6.0790817, 50.8864524 ], [ 6.0790697, 50.8864339 ], [ 6.0790629, 50.8864141 ], [ 6.0790616, 50.8864032 ], [ 6.0790678, 50.8863619 ], [ 6.0791804, 50.8862694 ], [ 6.0792742, 50.8861852 ], [ 6.0793484, 50.8861149 ], [ 6.0793551, 50.8860491 ], [ 6.0793532, 50.8860208 ], [ 6.0793421, 50.885987 ], [ 6.0793295, 50.8859622 ], [ 6.079311, 50.8859381 ], [ 6.0791753, 50.885799 ], [ 6.0790856, 50.8857221 ], [ 6.0789819, 50.88565 ], [ 6.0789642, 50.8856356 ], [ 6.0789573, 50.88562 ], [ 6.0789463, 50.8856023 ], [ 6.0789216, 50.8855811 ], [ 6.0788897, 50.8855582 ], [ 6.078851, 50.8855359 ], [ 6.078808, 50.8855174 ], [ 6.0787705, 50.8855042 ], [ 6.0787301, 50.8854921 ], [ 6.0786553, 50.8854755 ], [ 6.0786263, 50.8854669 ], [ 6.0785688, 50.8854482 ], [ 6.0785104, 50.8854264 ], [ 6.0784222, 50.8853853 ], [ 6.0783482, 50.8853435 ], [ 6.0782862, 50.8852976 ], [ 6.0782528, 50.8852607 ], [ 6.0782248, 50.8852079 ], [ 6.0782219, 50.8851559 ], [ 6.0782252, 50.8851352 ], [ 6.0782547, 50.885077 ], [ 6.0782708, 50.8850294 ], [ 6.0782806, 50.8849895 ], [ 6.0782866, 50.884934 ], [ 6.0782905, 50.884917 ], [ 6.0782962, 50.8849021 ], [ 6.0783069, 50.8848877 ], [ 6.0783263, 50.8848731 ], [ 6.0783661, 50.8848615 ], [ 6.0783984, 50.8848647 ], [ 6.0784565, 50.8848864 ], [ 6.0784722, 50.8848898 ], [ 6.0785087, 50.8848928 ], [ 6.078525, 50.8848908 ], [ 6.0785693, 50.8848781 ], [ 6.0786096, 50.884859 ], [ 6.0786233, 50.8848549 ], [ 6.0786729, 50.8848432 ], [ 6.078717, 50.8848406 ], [ 6.0787566, 50.8848308 ], [ 6.0787757, 50.8848195 ], [ 6.0787892, 50.884798 ], [ 6.0788006, 50.8847499 ], [ 6.078837, 50.8846593 ], [ 6.0788525, 50.8845911 ], [ 6.0788586, 50.8845103 ], [ 6.0788732, 50.8844645 ], [ 6.0788907, 50.8844432 ], [ 6.0789198, 50.8844138 ], [ 6.0789438, 50.8843827 ], [ 6.0789764, 50.8843204 ], [ 6.0789945, 50.8842939 ], [ 6.0790199, 50.8842658 ], [ 6.0790773, 50.8842144 ], [ 6.0791285, 50.884184 ], [ 6.0791522, 50.8841737 ], [ 6.0791736, 50.8841587 ], [ 6.079211, 50.8841248 ], [ 6.0796408, 50.8836789 ], [ 6.0796642, 50.8836461 ], [ 6.0796815, 50.883617 ], [ 6.0797153, 50.8835412 ], [ 6.0797315, 50.8834873 ], [ 6.079737, 50.88345 ], [ 6.0797395, 50.8834052 ], [ 6.0797392, 50.8833574 ], [ 6.0797125, 50.8832433 ], [ 6.0796981, 50.8832062 ], [ 6.0796675, 50.8831678 ], [ 6.0796384, 50.8831353 ], [ 6.0795234, 50.8830278 ], [ 6.0794919, 50.8829919 ], [ 6.0794529, 50.8829432 ], [ 6.0794425, 50.8829124 ], [ 6.0794204, 50.8828293 ], [ 6.0793955, 50.8827151 ], [ 6.0793973, 50.8826209 ], [ 6.0794153, 50.8825446 ], [ 6.0794504, 50.882474 ], [ 6.0794962, 50.8824029 ], [ 6.0795803, 50.8823082 ], [ 6.0796369, 50.8822304 ], [ 6.0796798, 50.8821853 ], [ 6.0797182, 50.8821661 ], [ 6.0797786, 50.882154 ], [ 6.0798417, 50.8821589 ], [ 6.0799127, 50.8821876 ], [ 6.0800018, 50.8822312 ], [ 6.0800431, 50.8822642 ], [ 6.0800609, 50.8823018 ], [ 6.0800625, 50.8823704 ], [ 6.0800605, 50.8824497 ], [ 6.0800995, 50.8825388 ], [ 6.0801429, 50.8826007 ], [ 6.0802218, 50.8826561 ], [ 6.0802639, 50.8826807 ], [ 6.0803145, 50.8826994 ], [ 6.0803659, 50.8827132 ], [ 6.0804139, 50.882722 ], [ 6.0804836, 50.8827312 ], [ 6.0805148, 50.8827337 ], [ 6.0805586, 50.8827297 ], [ 6.0806306, 50.8827196 ], [ 6.0806662, 50.8827113 ], [ 6.0807132, 50.8826949 ], [ 6.0807639, 50.882659 ], [ 6.0808129, 50.8826106 ], [ 6.0809003, 50.8824901 ], [ 6.0809477, 50.8824207 ], [ 6.0810038, 50.8823521 ], [ 6.081071, 50.8822878 ], [ 6.0811452, 50.8822378 ], [ 6.0812449, 50.8821845 ], [ 6.0813575, 50.8821551 ], [ 6.0813916, 50.8821559 ], [ 6.0814226, 50.8821638 ], [ 6.0814374, 50.8821717 ], [ 6.0814618, 50.8821813 ], [ 6.0815792, 50.8822158 ], [ 6.0816459, 50.8822384 ], [ 6.0817334, 50.8822729 ], [ 6.0817914, 50.8823026 ], [ 6.0818735, 50.8823675 ], [ 6.0819449, 50.8824284 ], [ 6.0819786, 50.8824528 ], [ 6.0820246, 50.8824748 ], [ 6.0820856, 50.882498 ], [ 6.0821462, 50.8825174 ], [ 6.0822039, 50.8825287 ], [ 6.0823061, 50.8825419 ], [ 6.0823789, 50.8825395 ], [ 6.0824527, 50.8825301 ], [ 6.0825371, 50.8825069 ], [ 6.0826091, 50.8824752 ], [ 6.0826633, 50.8824442 ], [ 6.0827221, 50.8824056 ], [ 6.0828303, 50.8823242 ], [ 6.0829154, 50.8822446 ], [ 6.0829314, 50.882226 ], [ 6.0829719, 50.8821381 ], [ 6.0829632, 50.8820846 ], [ 6.0829449, 50.8820491 ], [ 6.0829118, 50.8820196 ], [ 6.0828686, 50.8819913 ], [ 6.0826829, 50.8819517 ], [ 6.0826215, 50.881937 ], [ 6.0825493, 50.881914 ], [ 6.0824603, 50.8818723 ], [ 6.0824188, 50.881846 ], [ 6.0823789, 50.8818153 ], [ 6.0823199, 50.8817617 ], [ 6.0822896, 50.8817239 ], [ 6.0822506, 50.8816687 ], [ 6.082244, 50.8816466 ], [ 6.0822627, 50.8816377 ], [ 6.0822987, 50.8816342 ], [ 6.082333, 50.8816357 ], [ 6.0823823, 50.8816313 ], [ 6.0824247, 50.881621 ], [ 6.0825817, 50.8815753 ], [ 6.0826537, 50.8815472 ], [ 6.0827461, 50.8815079 ], [ 6.082804, 50.8814766 ], [ 6.0828509, 50.8814464 ], [ 6.082995, 50.8813317 ], [ 6.0831092, 50.8812604 ], [ 6.0831929, 50.8812249 ], [ 6.0834022, 50.8811432 ], [ 6.0834852, 50.8811001 ], [ 6.0835698, 50.8810604 ], [ 6.0836449, 50.8810278 ], [ 6.0837497, 50.8809941 ], [ 6.0838011, 50.8809803 ], [ 6.0838968, 50.8809614 ], [ 6.0840103, 50.8809503 ], [ 6.0840978, 50.8809331 ], [ 6.0841343, 50.8809222 ], [ 6.0842597, 50.8808684 ], [ 6.0843289, 50.8808467 ], [ 6.0844175, 50.8808272 ], [ 6.0845529, 50.8807829 ], [ 6.0845896, 50.8807686 ], [ 6.0847254, 50.8806959 ], [ 6.0847951, 50.8806537 ], [ 6.0848848, 50.8805932 ], [ 6.0849055, 50.8805731 ], [ 6.0849393, 50.8805221 ], [ 6.0849594, 50.8804696 ], [ 6.0849619, 50.8804415 ], [ 6.0849547, 50.8804 ], [ 6.0849459, 50.8803721 ], [ 6.0849391, 50.880337 ], [ 6.0849374, 50.8803233 ], [ 6.0849414, 50.8802727 ], [ 6.084962, 50.8802428 ], [ 6.0849851, 50.880215 ], [ 6.0850248, 50.880184 ], [ 6.0850718, 50.8801643 ], [ 6.0851081, 50.8801553 ], [ 6.0852171, 50.88014 ], [ 6.0853153, 50.880121 ], [ 6.0854066, 50.8801013 ], [ 6.0855204, 50.8800732 ], [ 6.0855952, 50.8800514 ], [ 6.0857777, 50.8799861 ], [ 6.085834, 50.8799722 ], [ 6.0858869, 50.8799571 ], [ 6.0859373, 50.8799452 ], [ 6.0860239, 50.8799288 ], [ 6.0861746, 50.8799164 ], [ 6.0862049, 50.8799126 ], [ 6.0862739, 50.8798977 ], [ 6.0863023, 50.8798893 ], [ 6.0863334, 50.8798766 ], [ 6.0864381, 50.8797601 ], [ 6.0865406, 50.879642 ], [ 6.0866811, 50.8794504 ], [ 6.0867813, 50.8792842 ], [ 6.0872082, 50.8784739 ], [ 6.0871101, 50.878281 ], [ 6.0870256, 50.8781149 ], [ 6.0865338, 50.8775511 ], [ 6.0863218, 50.8774326 ], [ 6.0850737, 50.8763684 ], [ 6.0852525, 50.8762189 ], [ 6.0856992, 50.8758454 ], [ 6.0860353, 50.8755401 ], [ 6.0863164, 50.8751847 ], [ 6.0866462, 50.8746331 ], [ 6.0866622, 50.8746064 ], [ 6.0867265, 50.8745581 ], [ 6.0872913, 50.8734139 ], [ 6.0881023, 50.8724269 ], [ 6.0880733, 50.8722929 ], [ 6.0862442, 50.8715614 ], [ 6.0861408, 50.8714761 ], [ 6.0863461, 50.8712169 ], [ 6.0865355, 50.8710662 ], [ 6.0865931, 50.8710042 ], [ 6.0866187, 50.8709311 ], [ 6.0866474, 50.8708273 ], [ 6.0866751, 50.8707269 ], [ 6.0867216, 50.8704472 ], [ 6.0867253, 50.8703545 ], [ 6.0867285, 50.8702739 ], [ 6.0867329, 50.8701651 ], [ 6.086706, 50.8698843 ], [ 6.0866429, 50.8696061 ], [ 6.0865413, 50.8693308 ], [ 6.0864063, 50.8690636 ], [ 6.0862353, 50.8688034 ], [ 6.0857635, 50.8681672 ], [ 6.0851234, 50.8673039 ], [ 6.0833965, 50.8648373 ], [ 6.0830294, 50.8647926 ], [ 6.0819402, 50.8646398 ], [ 6.0815795, 50.8645996 ], [ 6.081027, 50.8645444 ], [ 6.0810041, 50.8627975 ], [ 6.0810434, 50.8626809 ], [ 6.0810405, 50.862564 ], [ 6.0806252, 50.8623857 ], [ 6.0805706, 50.8623622 ], [ 6.0804701, 50.8623207 ], [ 6.0778128, 50.8611714 ], [ 6.0777566, 50.8611456 ], [ 6.0776765, 50.8611036 ], [ 6.0776138, 50.8610657 ], [ 6.0775551, 50.8610253 ], [ 6.0774902, 50.8609738 ], [ 6.077441, 50.8609286 ], [ 6.0773889, 50.8608736 ], [ 6.0773584, 50.8608452 ], [ 6.077318, 50.8607881 ], [ 6.0772985, 50.8607558 ], [ 6.077268, 50.8606953 ], [ 6.0772536, 50.8606598 ], [ 6.077242, 50.8606251 ], [ 6.0772182, 50.8605271 ], [ 6.0767428, 50.858478 ], [ 6.0767512, 50.8584784 ], [ 6.0762347, 50.8562523 ], [ 6.0760475, 50.8554453 ], [ 6.0758433, 50.8543428 ], [ 6.07546, 50.8526187 ], [ 6.0742402, 50.8467316 ], [ 6.0741697, 50.8465382 ], [ 6.0741694, 50.8465363 ], [ 6.0740814, 50.846548 ], [ 6.0740655, 50.8465535 ], [ 6.0740504, 50.8465591 ], [ 6.0740399, 50.8465621 ], [ 6.0740352, 50.8465639 ], [ 6.0737279, 50.8466939 ], [ 6.0734773, 50.8467942 ], [ 6.0733591, 50.8468464 ], [ 6.0731415, 50.8469432 ], [ 6.0731016, 50.8469611 ], [ 6.0730183, 50.8469983 ], [ 6.0729906, 50.8470109 ], [ 6.072702, 50.8471353 ], [ 6.0726849, 50.8471422 ], [ 6.0726833, 50.8471411 ], [ 6.0726055, 50.8471777 ], [ 6.072413, 50.8472594 ], [ 6.0717493, 50.8474861 ], [ 6.0711578, 50.8476613 ], [ 6.0710696, 50.8476874 ], [ 6.0710144, 50.8477074 ], [ 6.0705659, 50.8478698 ], [ 6.0698767, 50.8480984 ], [ 6.0697311, 50.8481323 ], [ 6.0694939, 50.8482033 ], [ 6.0689188, 50.8483792 ], [ 6.0679352, 50.8486594 ], [ 6.067531, 50.8487743 ], [ 6.067044, 50.8489544 ], [ 6.0669437, 50.8489892 ], [ 6.0659368, 50.8492785 ], [ 6.0650609, 50.8495251 ], [ 6.064235, 50.8498265 ], [ 6.0640967, 50.8498742 ], [ 6.0640403, 50.8498771 ], [ 6.0638982, 50.8499145 ], [ 6.0638573, 50.8499607 ], [ 6.0636357, 50.8500225 ], [ 6.0635109, 50.8501676 ], [ 6.0632468, 50.8502678 ], [ 6.0629816, 50.8503094 ], [ 6.0629127, 50.8503079 ], [ 6.062885, 50.8503075 ], [ 6.0627987, 50.8503061 ], [ 6.0626175, 50.8502607 ], [ 6.0625639, 50.8502719 ], [ 6.0625108, 50.8503584 ], [ 6.062457, 50.8503672 ], [ 6.0624045, 50.850343 ], [ 6.0623303, 50.8503321 ], [ 6.0622369, 50.8503191 ], [ 6.0621951, 50.8503442 ], [ 6.0621681, 50.8504115 ], [ 6.0620286, 50.8504767 ], [ 6.0619313, 50.8504716 ], [ 6.0618097, 50.850493 ], [ 6.0615391, 50.850541 ], [ 6.0613334, 50.8505739 ], [ 6.0613056, 50.8505375 ], [ 6.0612648, 50.8505152 ], [ 6.0610775, 50.8505201 ], [ 6.06091, 50.8505894 ], [ 6.0608232, 50.8505906 ], [ 6.0607689, 50.8506406 ], [ 6.0606763, 50.8507242 ], [ 6.0605155, 50.8507404 ], [ 6.0603973, 50.8507195 ], [ 6.0603576, 50.8507228 ], [ 6.0603567, 50.8507546 ], [ 6.0603246, 50.8507589 ], [ 6.060295, 50.8507629 ], [ 6.0602256, 50.8507981 ], [ 6.0599246, 50.8509517 ], [ 6.0599092, 50.8509486 ], [ 6.0597819, 50.8509165 ], [ 6.0596898, 50.8509109 ], [ 6.0595845, 50.8508972 ], [ 6.0595659, 50.8509572 ], [ 6.0595265, 50.8509667 ], [ 6.0594804, 50.85096 ], [ 6.0594276, 50.8509633 ], [ 6.0593622, 50.8510047 ], [ 6.059311, 50.8510368 ], [ 6.0592436, 50.8510585 ], [ 6.0591399, 50.8510431 ], [ 6.0590601, 50.8510615 ], [ 6.0584219, 50.851069 ], [ 6.0578373, 50.8510752 ], [ 6.0575834, 50.8510467 ], [ 6.0575147, 50.8510398 ], [ 6.0567112, 50.8510758 ], [ 6.0567952, 50.8512403 ], [ 6.0565065, 50.851357 ], [ 6.0566369, 50.8515472 ], [ 6.0567477, 50.8515361 ], [ 6.056953, 50.8515856 ], [ 6.0567883, 50.8518774 ], [ 6.0572219, 50.852021 ], [ 6.0569665, 50.8528334 ], [ 6.0569109, 50.8529837 ], [ 6.057084, 50.8541399 ], [ 6.0570757, 50.8543122 ], [ 6.0570102, 50.8544107 ], [ 6.056857, 50.8544347 ], [ 6.0567802, 50.8543722 ], [ 6.0566039, 50.8543511 ], [ 6.056569, 50.854374 ], [ 6.0566052, 50.8545904 ], [ 6.0566492, 50.854645 ], [ 6.0566332, 50.854687 ], [ 6.0566328, 50.8547023 ], [ 6.0566576, 50.8549562 ], [ 6.0567859, 50.8551027 ], [ 6.0569732, 50.8553098 ], [ 6.0571486, 50.8555116 ], [ 6.057097, 50.855666 ], [ 6.0569638, 50.8561177 ], [ 6.0568874, 50.8564306 ], [ 6.0568139, 50.8567295 ], [ 6.0566196, 50.8570338 ], [ 6.0565743, 50.8570927 ], [ 6.0565186, 50.8571332 ], [ 6.0564111, 50.8571666 ], [ 6.0562677, 50.8571844 ], [ 6.0554396, 50.8572374 ], [ 6.0550999, 50.8572353 ], [ 6.0550513, 50.8572342 ], [ 6.0549273, 50.8572057 ], [ 6.0548219, 50.8571811 ], [ 6.0547567, 50.8571648 ], [ 6.0541672, 50.8570237 ], [ 6.0539439, 50.8568944 ], [ 6.0539126, 50.8568737 ], [ 6.0538479, 50.8568085 ], [ 6.0537972, 50.8567419 ], [ 6.0537218, 50.8566657 ], [ 6.0536564, 50.8565946 ], [ 6.0533513, 50.8563719 ], [ 6.053341, 50.8563538 ], [ 6.0532026, 50.8562531 ], [ 6.0529965, 50.8561683 ], [ 6.0528894, 50.8561533 ], [ 6.0528394, 50.8561211 ], [ 6.0528097, 50.8560902 ], [ 6.0527357, 50.8560089 ], [ 6.0526893, 50.8559519 ], [ 6.0526413, 50.8559026 ], [ 6.0525743, 50.8558828 ], [ 6.0525166, 50.8558578 ], [ 6.0524432, 50.8557809 ], [ 6.0524119, 50.8556982 ], [ 6.0523995, 50.855642 ], [ 6.0523358, 50.855582 ], [ 6.0522428, 50.8555302 ], [ 6.0519954, 50.8554593 ], [ 6.051938, 50.8554502 ], [ 6.0519083, 50.8554454 ], [ 6.0518666, 50.8554351 ], [ 6.0515948, 50.8553902 ], [ 6.0513888, 50.8553717 ], [ 6.0513007, 50.8553742 ], [ 6.0512324, 50.8553767 ], [ 6.051105, 50.8553619 ], [ 6.0510943, 50.8553611 ], [ 6.0510832, 50.8553643 ], [ 6.0510745, 50.8553718 ], [ 6.0510507, 50.8553947 ], [ 6.051044, 50.8554042 ], [ 6.0510427, 50.8554138 ], [ 6.0510168, 50.8554432 ], [ 6.0510039, 50.8554439 ], [ 6.0509976, 50.8554465 ], [ 6.0509818, 50.8554473 ], [ 6.0509562, 50.8554279 ], [ 6.0509482, 50.8554188 ], [ 6.0509438, 50.8553757 ], [ 6.0508717, 50.8554072 ], [ 6.0508383, 50.8554202 ], [ 6.0508103, 50.8554252 ], [ 6.0507832, 50.8554274 ], [ 6.0507702, 50.8554223 ], [ 6.0507568, 50.8554131 ], [ 6.0507057, 50.8553564 ], [ 6.0506765, 50.8553141 ], [ 6.0506727, 50.8553032 ], [ 6.0506677, 50.8552991 ], [ 6.0506416, 50.8553038 ], [ 6.0506396, 50.8553012 ], [ 6.0506327, 50.855286 ], [ 6.0506525, 50.8552384 ], [ 6.0506517, 50.8552239 ], [ 6.0505442, 50.8551813 ], [ 6.0505113, 50.8551701 ], [ 6.0504472, 50.8551428 ], [ 6.0504259, 50.8551297 ], [ 6.0503702, 50.8550903 ], [ 6.0503033, 50.8550574 ], [ 6.0502661, 50.8550313 ], [ 6.050248, 50.8550112 ], [ 6.0502419, 50.854996 ], [ 6.0502447, 50.8549647 ], [ 6.0502544, 50.8549486 ], [ 6.0502867, 50.854916 ], [ 6.0503045, 50.8549062 ], [ 6.0503118, 50.8549002 ], [ 6.0503217, 50.8548837 ], [ 6.0503195, 50.8548765 ], [ 6.0503174, 50.8548716 ], [ 6.0503067, 50.8548622 ], [ 6.0501541, 50.8547699 ], [ 6.050145, 50.8547612 ], [ 6.0501457, 50.8547533 ], [ 6.0501514, 50.8547442 ], [ 6.0501668, 50.854733 ], [ 6.0501833, 50.8547242 ], [ 6.0502206, 50.8547186 ], [ 6.050238, 50.8547186 ], [ 6.0502541, 50.8547166 ], [ 6.050265, 50.854714 ], [ 6.0502723, 50.8547109 ], [ 6.0502936, 50.8546929 ], [ 6.0503009, 50.8546645 ], [ 6.0503187, 50.8546259 ], [ 6.0503243, 50.8545944 ], [ 6.0503197, 50.8545858 ], [ 6.0503103, 50.8545782 ], [ 6.0502846, 50.8545674 ], [ 6.0502573, 50.854553 ], [ 6.0502355, 50.8545386 ], [ 6.0502219, 50.8545242 ], [ 6.0502106, 50.8545083 ], [ 6.0502043, 50.8544908 ], [ 6.0501928, 50.8544416 ], [ 6.0501933, 50.8544313 ], [ 6.0501867, 50.8544206 ], [ 6.05016, 50.8544016 ], [ 6.0501486, 50.8543915 ], [ 6.0501281, 50.8543106 ], [ 6.0501019, 50.8542415 ], [ 6.0500937, 50.854233 ], [ 6.0500818, 50.8542246 ], [ 6.0500444, 50.8542105 ], [ 6.0499047, 50.8541741 ], [ 6.0498561, 50.8541551 ], [ 6.0498292, 50.8541424 ], [ 6.0498029, 50.8541275 ], [ 6.0497723, 50.8541149 ], [ 6.0497385, 50.8541065 ], [ 6.049697, 50.8540995 ], [ 6.0496592, 50.8540952 ], [ 6.0495438, 50.8540941 ], [ 6.049491, 50.8540798 ], [ 6.049482, 50.8540763 ], [ 6.049477, 50.8540693 ], [ 6.0494765, 50.8540623 ], [ 6.0494814, 50.8540469 ], [ 6.0494765, 50.8540393 ], [ 6.0494594, 50.8540273 ], [ 6.049447, 50.8540234 ], [ 6.0493099, 50.8540017 ], [ 6.0491532, 50.8539728 ], [ 6.0491196, 50.8539696 ], [ 6.049004, 50.8539662 ], [ 6.04881, 50.8539515 ], [ 6.0486748, 50.8539381 ], [ 6.0486552, 50.853931 ], [ 6.0485387, 50.8538733 ], [ 6.0485305, 50.8538619 ], [ 6.0485268, 50.8538418 ], [ 6.0485273, 50.8538258 ], [ 6.0485202, 50.8538082 ], [ 6.0485043, 50.8537894 ], [ 6.0484888, 50.8537805 ], [ 6.0484549, 50.8537698 ], [ 6.0484183, 50.8537616 ], [ 6.0483808, 50.8537591 ], [ 6.0483167, 50.8537687 ], [ 6.0482974, 50.8537691 ], [ 6.0482675, 50.8537629 ], [ 6.0482843, 50.8537069 ], [ 6.0482398, 50.8536977 ], [ 6.0481719, 50.8536561 ], [ 6.0480915, 50.85372 ], [ 6.0480727, 50.8537188 ], [ 6.0480343, 50.853719 ], [ 6.0480023, 50.8537137 ], [ 6.0479797, 50.8537073 ], [ 6.0479988, 50.8536729 ], [ 6.0479811, 50.853677 ], [ 6.0479571, 50.853675 ], [ 6.047934, 50.8536703 ], [ 6.0479032, 50.8536612 ], [ 6.0478618, 50.8536449 ], [ 6.0477877, 50.8536112 ], [ 6.047727, 50.8535751 ], [ 6.0477097, 50.8535723 ], [ 6.0476443, 50.8535685 ], [ 6.0475881, 50.8535676 ], [ 6.0475803, 50.853566 ], [ 6.0475635, 50.8535529 ], [ 6.0474803, 50.8534754 ], [ 6.0474691, 50.8534618 ], [ 6.0474528, 50.8534499 ], [ 6.0473638, 50.8534166 ], [ 6.0472793, 50.8533896 ], [ 6.0472275, 50.8533598 ], [ 6.0472134, 50.8533465 ], [ 6.0471978, 50.8533411 ], [ 6.047122, 50.8533209 ], [ 6.0471061, 50.853316 ], [ 6.0470984, 50.8533115 ], [ 6.0470923, 50.8533021 ], [ 6.0471084, 50.85328 ], [ 6.0471059, 50.8532647 ], [ 6.0469582, 50.853252 ], [ 6.0469147, 50.8532452 ], [ 6.0468926, 50.8532401 ], [ 6.0468641, 50.8532318 ], [ 6.0468481, 50.8532188 ], [ 6.0468356, 50.8532005 ], [ 6.0468039, 50.8531647 ], [ 6.0467928, 50.8531593 ], [ 6.0466891, 50.8531517 ], [ 6.046678, 50.8531433 ], [ 6.0466666, 50.8531303 ], [ 6.0466701, 50.8531193 ], [ 6.0466844, 50.8531027 ], [ 6.0467438, 50.8530568 ], [ 6.046713, 50.8530355 ], [ 6.0466734, 50.8530016 ], [ 6.0466435, 50.8529718 ], [ 6.0466058, 50.852926 ], [ 6.0465821, 50.8529086 ], [ 6.0465506, 50.8528809 ], [ 6.0465251, 50.8528632 ], [ 6.046484, 50.8528515 ], [ 6.0464578, 50.8528475 ], [ 6.0464069, 50.8528462 ], [ 6.0463128, 50.8528311 ], [ 6.0462984, 50.8528275 ], [ 6.0462807, 50.8528258 ], [ 6.0462699, 50.8528279 ], [ 6.0462535, 50.852839 ], [ 6.0462461, 50.8528507 ], [ 6.0462535, 50.8528678 ], [ 6.0462794, 50.8528989 ], [ 6.0463005, 50.8529391 ], [ 6.0462979, 50.852956 ], [ 6.0462886, 50.8529681 ], [ 6.0462829, 50.8529742 ], [ 6.046275, 50.852979 ], [ 6.0462652, 50.8529783 ], [ 6.0462504, 50.8529758 ], [ 6.0462247, 50.8529644 ], [ 6.0461535, 50.8529028 ], [ 6.0461231, 50.8528862 ], [ 6.0461099, 50.8528816 ], [ 6.046061, 50.8528741 ], [ 6.0460059, 50.8528687 ], [ 6.0459629, 50.8528597 ], [ 6.0459321, 50.852847 ], [ 6.0459054, 50.8528274 ], [ 6.0458803, 50.8528028 ], [ 6.0458632, 50.8527902 ], [ 6.0458567, 50.8527877 ], [ 6.0458465, 50.8527852 ], [ 6.0458365, 50.852785 ], [ 6.045822, 50.8527872 ], [ 6.0457875, 50.8527977 ], [ 6.0457571, 50.8528094 ], [ 6.0457258, 50.8528157 ], [ 6.0456833, 50.8528136 ], [ 6.045664, 50.8528083 ], [ 6.0456498, 50.8527983 ], [ 6.0456433, 50.85279 ], [ 6.0456358, 50.8527763 ], [ 6.045638, 50.8527581 ], [ 6.0456435, 50.8527467 ], [ 6.0456432, 50.8527421 ], [ 6.0456271, 50.8527377 ], [ 6.0455244, 50.8527352 ], [ 6.0454705, 50.8527375 ], [ 6.0453912, 50.8527502 ], [ 6.0453812, 50.8527472 ], [ 6.045361, 50.8527359 ], [ 6.0453402, 50.8527211 ], [ 6.0453158, 50.8527005 ], [ 6.0452893, 50.8526693 ], [ 6.0452784, 50.8526494 ], [ 6.045289, 50.8526144 ], [ 6.0453049, 50.8525824 ], [ 6.045302, 50.8525745 ], [ 6.0452929, 50.8525659 ], [ 6.0452796, 50.8525589 ], [ 6.0452597, 50.8525557 ], [ 6.0452127, 50.8525652 ], [ 6.0451677, 50.8525714 ], [ 6.045154, 50.8525684 ], [ 6.0451427, 50.8525612 ], [ 6.0451459, 50.8525373 ], [ 6.0451553, 50.8524976 ], [ 6.0451558, 50.8524849 ], [ 6.0451487, 50.852473 ], [ 6.0451409, 50.8524495 ], [ 6.0451067, 50.8524092 ], [ 6.0450825, 50.852391 ], [ 6.045068, 50.852385 ], [ 6.0450458, 50.8523833 ], [ 6.044874, 50.852412 ], [ 6.0448528, 50.8524185 ], [ 6.0448159, 50.8524338 ], [ 6.0447995, 50.8524449 ], [ 6.0447908, 50.8524547 ], [ 6.0447853, 50.8524852 ], [ 6.0447757, 50.8525087 ], [ 6.0447665, 50.8525202 ], [ 6.0447591, 50.8525262 ], [ 6.0447439, 50.8525253 ], [ 6.0447137, 50.8525063 ], [ 6.044696, 50.8524993 ], [ 6.0446707, 50.8524931 ], [ 6.044663, 50.8524944 ], [ 6.0446528, 50.8525005 ], [ 6.0446482, 50.8525063 ], [ 6.0446493, 50.8525139 ], [ 6.0446529, 50.8525225 ], [ 6.0446623, 50.8525353 ], [ 6.0447039, 50.8525777 ], [ 6.0447105, 50.8526075 ], [ 6.0447112, 50.8526191 ], [ 6.0447083, 50.852628 ], [ 6.0446889, 50.8526508 ], [ 6.0446742, 50.8526622 ], [ 6.044654, 50.852671 ], [ 6.0445784, 50.8526933 ], [ 6.0444994, 50.852707 ], [ 6.0444785, 50.8527042 ], [ 6.0444675, 50.8527045 ], [ 6.0444198, 50.8526952 ], [ 6.0444057, 50.852691 ], [ 6.044341, 50.8526201 ], [ 6.0442834, 50.852583 ], [ 6.0442556, 50.8525487 ], [ 6.0442298, 50.852528 ], [ 6.0441977, 50.8524932 ], [ 6.0441757, 50.852477 ], [ 6.044166, 50.8524734 ], [ 6.0441366, 50.8524747 ], [ 6.0440122, 50.852518 ], [ 6.0439821, 50.8525354 ], [ 6.0439562, 50.8525429 ], [ 6.043936, 50.8525269 ], [ 6.0438753, 50.8524521 ], [ 6.0438701, 50.8524289 ], [ 6.0438786, 50.8524111 ], [ 6.0438896, 50.8524022 ], [ 6.0439053, 50.8523899 ], [ 6.0439462, 50.852367 ], [ 6.0439558, 50.8523597 ], [ 6.0439594, 50.8523486 ], [ 6.0439527, 50.8523414 ], [ 6.0439492, 50.8523271 ], [ 6.0439268, 50.8523178 ], [ 6.0438864, 50.8523056 ], [ 6.0438483, 50.8522919 ], [ 6.0438192, 50.8522754 ], [ 6.0437964, 50.8522591 ], [ 6.0437809, 50.8522456 ], [ 6.0437719, 50.852234 ], [ 6.0437667, 50.8522166 ], [ 6.0437756, 50.8521861 ], [ 6.0438115, 50.8521339 ], [ 6.0438277, 50.8521147 ], [ 6.0438271, 50.8520829 ], [ 6.0438104, 50.8520278 ], [ 6.043829, 50.8520181 ], [ 6.0438414, 50.8520076 ], [ 6.0438661, 50.8519959 ], [ 6.0438773, 50.8519836 ], [ 6.043877, 50.8519789 ], [ 6.0438476, 50.8519716 ], [ 6.0437701, 50.8519562 ], [ 6.0437518, 50.8519538 ], [ 6.0436805, 50.8519755 ], [ 6.0436407, 50.8519835 ], [ 6.0436106, 50.851987 ], [ 6.0435882, 50.8519893 ], [ 6.0435706, 50.8519875 ], [ 6.0435423, 50.8519798 ], [ 6.0435257, 50.8519776 ], [ 6.0435103, 50.8519779 ], [ 6.0434455, 50.8519906 ], [ 6.0434305, 50.8519892 ], [ 6.043404, 50.851976 ], [ 6.0433616, 50.8519583 ], [ 6.0433403, 50.8519514 ], [ 6.0433197, 50.8519476 ], [ 6.0432808, 50.8519477 ], [ 6.0432596, 50.851946 ], [ 6.04322, 50.851931 ], [ 6.0432022, 50.851927 ], [ 6.0431876, 50.8519245 ], [ 6.0431499, 50.8519235 ], [ 6.0431306, 50.8519187 ], [ 6.0430997, 50.8519077 ], [ 6.0430759, 50.8518943 ], [ 6.0430524, 50.8518797 ], [ 6.0430098, 50.8518459 ], [ 6.0429867, 50.851833 ], [ 6.0429644, 50.8518232 ], [ 6.0429062, 50.8518098 ], [ 6.0428835, 50.8518126 ], [ 6.0428616, 50.8518103 ], [ 6.0428431, 50.8517601 ], [ 6.04284, 50.8517557 ], [ 6.0428325, 50.8517506 ], [ 6.042785, 50.8517461 ], [ 6.042679, 50.8517259 ], [ 6.0426644, 50.8517205 ], [ 6.042654, 50.8517105 ], [ 6.0426413, 50.8516565 ], [ 6.0426403, 50.851631 ], [ 6.0426346, 50.8516205 ], [ 6.0426222, 50.8516108 ], [ 6.0426008, 50.8515982 ], [ 6.0425507, 50.8515761 ], [ 6.0424898, 50.8515451 ], [ 6.0424554, 50.8515193 ], [ 6.0424007, 50.8514713 ], [ 6.0423634, 50.8514261 ], [ 6.0423616, 50.8514173 ], [ 6.0423719, 50.8513766 ], [ 6.0423716, 50.8513662 ], [ 6.0423668, 50.8513472 ], [ 6.0423541, 50.8513271 ], [ 6.0423454, 50.8513173 ], [ 6.0423317, 50.8513063 ], [ 6.0423121, 50.8513107 ], [ 6.0422662, 50.851315 ], [ 6.042236, 50.8513128 ], [ 6.0422171, 50.8513011 ], [ 6.0421413, 50.8512365 ], [ 6.0421021, 50.851217 ], [ 6.0420904, 50.8512137 ], [ 6.0420791, 50.8512123 ], [ 6.0420733, 50.8512132 ], [ 6.0420567, 50.8512254 ], [ 6.0420269, 50.8512532 ], [ 6.0420075, 50.8512685 ], [ 6.041981, 50.8512834 ], [ 6.0419558, 50.8512939 ], [ 6.0419307, 50.8513016 ], [ 6.0418942, 50.8513077 ], [ 6.0418538, 50.8513088 ], [ 6.0418455, 50.8513037 ], [ 6.041844, 50.8512713 ], [ 6.0418459, 50.8512623 ], [ 6.04184, 50.8512523 ], [ 6.0418264, 50.8512436 ], [ 6.0418032, 50.8512423 ], [ 6.0417445, 50.8512554 ], [ 6.0417364, 50.8512606 ], [ 6.0417329, 50.8512717 ], [ 6.0417194, 50.8512883 ], [ 6.0417034, 50.851296 ], [ 6.04163, 50.8513152 ], [ 6.0416174, 50.8513147 ], [ 6.0416199, 50.8513069 ], [ 6.0416001, 50.8513032 ], [ 6.0415769, 50.8512962 ], [ 6.0415548, 50.8512858 ], [ 6.0415255, 50.8512607 ], [ 6.0415206, 50.8512474 ], [ 6.0415301, 50.8512204 ], [ 6.0415312, 50.8512114 ], [ 6.0415148, 50.8511972 ], [ 6.0415054, 50.8511925 ], [ 6.0414296, 50.8511695 ], [ 6.0413726, 50.8511503 ], [ 6.0413092, 50.8511266 ], [ 6.0412182, 50.8511082 ], [ 6.0410595, 50.8511153 ], [ 6.0410419, 50.8511136 ], [ 6.0410134, 50.8511137 ], [ 6.0407337, 50.8511093 ], [ 6.040702, 50.8511084 ], [ 6.0405926, 50.8510855 ], [ 6.0404579, 50.8510874 ], [ 6.0404285, 50.8510872 ], [ 6.0404012, 50.8510869 ], [ 6.0403818, 50.851089 ], [ 6.0403512, 50.8510878 ], [ 6.0403234, 50.851092 ], [ 6.0401913, 50.8511206 ], [ 6.0401309, 50.8511271 ], [ 6.040089, 50.8511232 ], [ 6.0399852, 50.8511036 ], [ 6.0399206, 50.8510926 ], [ 6.0396787, 50.8510143 ], [ 6.0396433, 50.8509925 ], [ 6.0394707, 50.8508583 ], [ 6.0391174, 50.8509167 ], [ 6.0389365, 50.8509273 ], [ 6.0387703, 50.8509351 ], [ 6.0385515, 50.8509535 ], [ 6.0383251, 50.8509657 ], [ 6.0380916, 50.8509848 ], [ 6.0380648, 50.8509836 ], [ 6.0376326, 50.8510025 ], [ 6.0375739, 50.850984 ], [ 6.0374325, 50.8509394 ], [ 6.0372478, 50.850864 ], [ 6.0367037, 50.8506663 ], [ 6.0366922, 50.8506596 ], [ 6.0363847, 50.8505591 ], [ 6.0360966, 50.850501 ], [ 6.0358984, 50.850496 ], [ 6.0358872, 50.8504968 ], [ 6.0357191, 50.8504783 ], [ 6.035571, 50.8504951 ], [ 6.0353082, 50.8505229 ], [ 6.0349694, 50.8505221 ], [ 6.0348578, 50.8505126 ], [ 6.0345884, 50.8505064 ], [ 6.0344105, 50.8504791 ], [ 6.0342317, 50.8504631 ], [ 6.0338703, 50.8503351 ], [ 6.0337102, 50.8502711 ], [ 6.0335674, 50.8503789 ], [ 6.0331339, 50.8502088 ], [ 6.0330699, 50.8501844 ], [ 6.0327844, 50.8500614 ], [ 6.0326764, 50.8500025 ], [ 6.0323776, 50.8498332 ], [ 6.0321468, 50.8496993 ], [ 6.0316334, 50.8494106 ], [ 6.0317258, 50.8493087 ], [ 6.031208, 50.8490806 ], [ 6.0300899, 50.8485741 ], [ 6.0296274, 50.8483598 ], [ 6.0292682, 50.8482002 ], [ 6.0291641, 50.8481543 ], [ 6.0289881, 50.8480637 ], [ 6.0286459, 50.8478873 ], [ 6.0282745, 50.8477544 ], [ 6.0280132, 50.8476591 ], [ 6.0278652, 50.847615 ], [ 6.0277095, 50.8475668 ], [ 6.0271775, 50.8474417 ], [ 6.026871, 50.8473786 ], [ 6.0260589, 50.8472029 ], [ 6.0260327, 50.8472376 ], [ 6.0256474, 50.847722 ], [ 6.0256127, 50.8477467 ], [ 6.0232056, 50.846904 ], [ 6.0230587, 50.846824 ], [ 6.022719, 50.8466334 ], [ 6.0226372, 50.8466058 ], [ 6.0223954, 50.8464968 ], [ 6.0222304, 50.8464155 ], [ 6.0219823, 50.8464054 ], [ 6.0216448, 50.8463961 ], [ 6.0210247, 50.8463818 ], [ 6.0208788, 50.8463592 ], [ 6.0201948, 50.8463296 ], [ 6.0200387, 50.8463228 ], [ 6.0190686, 50.8462682 ], [ 6.0189249, 50.8462664 ], [ 6.0189196, 50.8462264 ], [ 6.0187465, 50.8457906 ], [ 6.0179589, 50.8438055 ], [ 6.017907, 50.843675 ], [ 6.0174567, 50.8425492 ], [ 6.0171263, 50.8417153 ], [ 6.0171199, 50.8416993 ], [ 6.0162863, 50.8396646 ], [ 6.0159425, 50.8387962 ], [ 6.0171377, 50.8381332 ], [ 6.0177599, 50.8377694 ], [ 6.0184295, 50.837332 ], [ 6.0181039, 50.8368091 ], [ 6.0173275, 50.8355745 ], [ 6.0165436, 50.8342772 ], [ 6.0163061, 50.8338859 ], [ 6.0168569, 50.8329591 ], [ 6.0169041, 50.8328784 ], [ 6.0170887, 50.8325418 ], [ 6.0173604, 50.832097 ], [ 6.0179558, 50.8310491 ], [ 6.0186128, 50.829918 ], [ 6.0186788, 50.8297959 ], [ 6.0187695, 50.8296627 ], [ 6.019101, 50.8295498 ], [ 6.0197726, 50.829359 ], [ 6.0206706, 50.8291122 ], [ 6.0209795, 50.8290255 ], [ 6.0252614, 50.8277489 ], [ 6.0227126, 50.8266173 ], [ 6.0239885, 50.8251053 ], [ 6.0244767, 50.8224137 ], [ 6.0246393, 50.821816 ], [ 6.0246984, 50.8215953 ], [ 6.0249343, 50.8215711 ], [ 6.0251353, 50.8214549 ], [ 6.0257359, 50.8208792 ], [ 6.0262314, 50.820369 ], [ 6.0262909, 50.8202194 ], [ 6.0263206, 50.8200649 ], [ 6.0263067, 50.8199549 ], [ 6.0260323, 50.819634 ], [ 6.0260056, 50.8196028 ], [ 6.0256418, 50.819184 ], [ 6.0248293, 50.8188518 ], [ 6.0247798, 50.81883 ], [ 6.0246562, 50.8187829 ], [ 6.0245327, 50.8187313 ], [ 6.0244852, 50.8187114 ], [ 6.0244066, 50.8186796 ], [ 6.023723, 50.8184015 ], [ 6.0237677, 50.8182641 ], [ 6.0232522, 50.8179676 ], [ 6.0221033, 50.8168092 ], [ 6.0244895, 50.8159237 ], [ 6.0235288, 50.8146499 ], [ 6.0250208, 50.8141124 ], [ 6.0249638, 50.8140311 ], [ 6.0247295, 50.8139061 ], [ 6.0238825, 50.8134244 ], [ 6.0230788, 50.8130157 ], [ 6.0223551, 50.812673 ], [ 6.0216383, 50.8123319 ], [ 6.0210415, 50.8120586 ], [ 6.0197449, 50.8114504 ], [ 6.0193591, 50.8112716 ], [ 6.0190837, 50.8110756 ], [ 6.0179037, 50.810504 ], [ 6.017201, 50.8101279 ], [ 6.016702, 50.8098686 ], [ 6.0165171, 50.8097572 ], [ 6.0154126, 50.8090008 ], [ 6.0150278, 50.8087219 ], [ 6.014834, 50.8085867 ], [ 6.0148037, 50.8085612 ], [ 6.0147735, 50.8085359 ], [ 6.0145364, 50.8083094 ], [ 6.0142468, 50.8080459 ], [ 6.01406, 50.8078421 ], [ 6.0138987, 50.8076669 ], [ 6.0136544, 50.8073802 ], [ 6.0134771, 50.8071 ], [ 6.0132149, 50.8067722 ], [ 6.0127178, 50.8064789 ], [ 6.0119264, 50.805763 ], [ 6.0114228, 50.8053106 ], [ 6.011419, 50.805242 ], [ 6.0113542, 50.8052039 ], [ 6.0109527, 50.8047597 ], [ 6.0100736, 50.803982 ], [ 6.0097361, 50.8038092 ], [ 6.0084562, 50.8031778 ], [ 6.0076413, 50.8027642 ], [ 6.0047899, 50.8018158 ], [ 6.0036298, 50.8014314 ], [ 6.0023828, 50.8021921 ], [ 6.0015783, 50.8026812 ], [ 6.000419, 50.8033313 ], [ 6.0000696, 50.8035202 ], [ 5.9992782, 50.8039456 ], [ 5.9988844, 50.8041193 ], [ 5.9988443, 50.8042615 ], [ 5.9962774, 50.8053826 ], [ 5.9958532, 50.8055508 ], [ 5.9952897, 50.8057847 ], [ 5.9950756, 50.8058855 ], [ 5.9947648, 50.8060562 ], [ 5.994622, 50.8061409 ], [ 5.9942145, 50.8063841 ], [ 5.9938203, 50.8065725 ], [ 5.9935596, 50.8067314 ], [ 5.9932441, 50.8069379 ], [ 5.9928336, 50.8072776 ], [ 5.9919931, 50.8076198 ], [ 5.9918941, 50.8076847 ], [ 5.9914442, 50.8080382 ], [ 5.991281, 50.8081383 ], [ 5.9894738, 50.8089478 ], [ 5.9875628, 50.8096701 ], [ 5.9872355, 50.8097977 ], [ 5.9869855, 50.809902 ], [ 5.9868686, 50.8099539 ], [ 5.98638, 50.8101905 ], [ 5.9855254, 50.8106208 ], [ 5.9848661, 50.8104337 ], [ 5.9843803, 50.8102215 ], [ 5.9835286, 50.8097268 ], [ 5.9834221, 50.8096728 ], [ 5.9830447, 50.8094252 ], [ 5.9828642, 50.8093358 ], [ 5.9827391, 50.8092535 ], [ 5.9823383, 50.8090653 ], [ 5.9817147, 50.8087964 ], [ 5.98132, 50.8086503 ], [ 5.9814474, 50.808514 ], [ 5.981428, 50.8084966 ], [ 5.981146, 50.8081789 ], [ 5.9809102, 50.8079315 ], [ 5.9804291, 50.8074314 ], [ 5.9802562, 50.8072764 ], [ 5.9802575, 50.8068932 ], [ 5.9802254, 50.8066697 ], [ 5.9802094, 50.8062959 ], [ 5.9802002, 50.8057947 ], [ 5.9790492, 50.8049339 ], [ 5.9787008, 50.8046703 ], [ 5.9783491, 50.8048452 ], [ 5.9779738, 50.8050319 ], [ 5.9779352, 50.8050525 ], [ 5.9778964, 50.8050638 ], [ 5.9774829, 50.8044493 ], [ 5.9770415, 50.8037655 ], [ 5.9768232, 50.8034812 ], [ 5.9766958, 50.8033593 ], [ 5.9765675, 50.803238 ], [ 5.9763096, 50.803004 ], [ 5.9760634, 50.802796 ], [ 5.9757681, 50.8024016 ], [ 5.9756517, 50.8020103 ], [ 5.9756149, 50.8015456 ], [ 5.9755988, 50.8011114 ], [ 5.9755842, 50.8009247 ], [ 5.9755362, 50.8007236 ], [ 5.9754828, 50.8004543 ], [ 5.9754088, 50.7999295 ], [ 5.9752787, 50.7996563 ], [ 5.9752394, 50.7993966 ], [ 5.9751807, 50.7991673 ], [ 5.9751133, 50.7989553 ], [ 5.9750973, 50.7988069 ], [ 5.9750733, 50.7984599 ], [ 5.9750119, 50.7983984 ], [ 5.9749366, 50.7982437 ], [ 5.9748212, 50.7980624 ] ] ], [ [ [ 6.166035, 50.6618618 ], [ 6.1685168, 50.6596758 ], [ 6.1688045, 50.6594233 ], [ 6.16941, 50.6589583 ], [ 6.1703843, 50.6582199 ], [ 6.1705855, 50.6580635 ], [ 6.1714263, 50.6575024 ], [ 6.1721237, 50.6570347 ], [ 6.1729592, 50.6564515 ], [ 6.1732221, 50.6562656 ], [ 6.1742738, 50.6558825 ], [ 6.175797, 50.6553271 ], [ 6.1770704, 50.6548616 ], [ 6.177529, 50.6546928 ], [ 6.1776212, 50.6546603 ], [ 6.1776413, 50.6546587 ], [ 6.1785142, 50.6544064 ], [ 6.178874, 50.6543012 ], [ 6.178908, 50.6543119 ], [ 6.179397, 50.6541614 ], [ 6.1799152, 50.6539046 ], [ 6.1810575, 50.6533234 ], [ 6.1810732, 50.6533162 ], [ 6.1811322, 50.6532911 ], [ 6.1812063, 50.653252 ], [ 6.1818943, 50.6528881 ], [ 6.1822799, 50.6526853 ], [ 6.1828157, 50.6524034 ], [ 6.1829362, 50.6523444 ], [ 6.182939, 50.6523452 ], [ 6.1835439, 50.6520599 ], [ 6.1822557, 50.651267 ], [ 6.182876, 50.6508831 ], [ 6.1817971, 50.6500561 ], [ 6.1811919, 50.6495768 ], [ 6.1818199, 50.6494188 ], [ 6.1825944, 50.6492024 ], [ 6.1825636, 50.6491569 ], [ 6.182534, 50.6491144 ], [ 6.1838628, 50.6487487 ], [ 6.1840642, 50.6486667 ], [ 6.1839077, 50.6483297 ], [ 6.1838614, 50.6482198 ], [ 6.1837683, 50.6479802 ], [ 6.183861, 50.6479421 ], [ 6.1839702, 50.6479794 ], [ 6.1840327, 50.6481105 ], [ 6.1840649, 50.6481754 ], [ 6.1840904, 50.648169 ], [ 6.1842751, 50.6485872 ], [ 6.1843073, 50.6486565 ], [ 6.1843251, 50.6487226 ], [ 6.1844863, 50.6490304 ], [ 6.1846161, 50.6492921 ], [ 6.1846898, 50.6494441 ], [ 6.1848826, 50.6494048 ], [ 6.1851162, 50.6497895 ], [ 6.1852136, 50.6499358 ], [ 6.1854047, 50.6502096 ], [ 6.1854845, 50.6503742 ], [ 6.1856447, 50.6505799 ], [ 6.1857118, 50.6507015 ], [ 6.1856078, 50.6507347 ], [ 6.1856273, 50.6507968 ], [ 6.1856682, 50.6507887 ], [ 6.1859954, 50.6512194 ], [ 6.1861295, 50.6513686 ], [ 6.1862985, 50.6515434 ], [ 6.186444, 50.6516594 ], [ 6.1865615, 50.6517512 ], [ 6.1868557, 50.6519643 ], [ 6.1872078, 50.6522223 ], [ 6.1874599, 50.6523864 ], [ 6.1875544, 50.6524477 ], [ 6.1878689, 50.6526118 ], [ 6.1879695, 50.6526628 ], [ 6.188402, 50.6529281 ], [ 6.1886179, 50.6530624 ], [ 6.1887547, 50.6531398 ], [ 6.1890471, 50.6533018 ], [ 6.1892509, 50.6534319 ], [ 6.1896318, 50.6536601 ], [ 6.1899993, 50.6538825 ], [ 6.190116, 50.6539446 ], [ 6.1902574, 50.6540194 ], [ 6.1907476, 50.6543 ], [ 6.1912747, 50.6546035 ], [ 6.1918239, 50.654919 ], [ 6.1927848, 50.6554793 ], [ 6.1934198, 50.6558538 ], [ 6.1935318, 50.6559369 ], [ 6.1939824, 50.6561981 ], [ 6.1948886, 50.6567125 ], [ 6.1952065, 50.6569117 ], [ 6.1953003, 50.6569829 ], [ 6.1954656, 50.6571219 ], [ 6.1955461, 50.6571925 ], [ 6.1954428, 50.6572367 ], [ 6.1956567, 50.6574684 ], [ 6.1958317, 50.6576996 ], [ 6.1958874, 50.6577736 ], [ 6.1960021, 50.6580945 ], [ 6.1961, 50.65837 ], [ 6.1961617, 50.6587908 ], [ 6.1961509, 50.658889 ], [ 6.1960135, 50.6593791 ], [ 6.1957406, 50.6600197 ], [ 6.1949527, 50.6618514 ], [ 6.1947837, 50.6622416 ], [ 6.1945952, 50.6625782 ], [ 6.1943357, 50.662897 ], [ 6.1940709, 50.6631469 ], [ 6.1936893, 50.6634121 ], [ 6.1932682, 50.6636357 ], [ 6.192821, 50.6638164 ], [ 6.1923932, 50.6639392 ], [ 6.1922429, 50.6639821 ], [ 6.1917159, 50.6640773 ], [ 6.1911774, 50.6641245 ], [ 6.1901314, 50.6641806 ], [ 6.1895017, 50.6642083 ], [ 6.1894736, 50.6640399 ], [ 6.1885388, 50.6640336 ], [ 6.1884707, 50.6641774 ], [ 6.188402, 50.6643481 ], [ 6.1881579, 50.6643515 ], [ 6.1882273, 50.6641589 ], [ 6.18829, 50.6640276 ], [ 6.1881023, 50.6640166 ], [ 6.1869389, 50.66396 ], [ 6.1867967, 50.6642074 ], [ 6.1859451, 50.6640382 ], [ 6.185457, 50.6639014 ], [ 6.1839697, 50.6634279 ], [ 6.1831342, 50.6632162 ], [ 6.1822879, 50.6630836 ], [ 6.1812325, 50.6629714 ], [ 6.1803205, 50.6628745 ], [ 6.1790881, 50.6627452 ], [ 6.1770777, 50.6625327 ], [ 6.1754832, 50.6623644 ], [ 6.1753128, 50.6623491 ], [ 6.174708, 50.6623108 ], [ 6.1740442, 50.6623185 ], [ 6.1727178, 50.6623993 ], [ 6.1721639, 50.6624103 ], [ 6.1714679, 50.6623806 ], [ 6.1696695, 50.6622267 ], [ 6.167163, 50.6620065 ], [ 6.1666131, 50.6619538 ], [ 6.166035, 50.6618618 ] ] ], [ [ [ 6.1666886, 50.6436204 ], [ 6.1667237, 50.6435793 ], [ 6.1672514, 50.643257 ], [ 6.1674115, 50.643143 ], [ 6.1677199, 50.6429202 ], [ 6.1682743, 50.6424912 ], [ 6.1692947, 50.6417296 ], [ 6.1693837, 50.641681 ], [ 6.1701187, 50.6411298 ], [ 6.1708906, 50.6405319 ], [ 6.1714686, 50.6400709 ], [ 6.1715785, 50.6399901 ], [ 6.1720318, 50.6396571 ], [ 6.172235, 50.6395112 ], [ 6.1727627, 50.6391243 ], [ 6.1728532, 50.6390625 ], [ 6.172919, 50.6390175 ], [ 6.1731208, 50.6388793 ], [ 6.1735828, 50.6385289 ], [ 6.1743513, 50.6379505 ], [ 6.1750037, 50.637467 ], [ 6.1755442, 50.6370693 ], [ 6.1758795, 50.6368121 ], [ 6.1764221, 50.6363967 ], [ 6.1769753, 50.6359796 ], [ 6.177329, 50.6357118 ], [ 6.1774018, 50.6356721 ], [ 6.1775921, 50.6355306 ], [ 6.1786314, 50.6347515 ], [ 6.1791336, 50.6343717 ], [ 6.1791728, 50.6343385 ], [ 6.1793419, 50.6342151 ], [ 6.1802053, 50.6335759 ], [ 6.1808429, 50.6330898 ], [ 6.1818916, 50.6326946 ], [ 6.1825756, 50.6324356 ], [ 6.1833323, 50.6321496 ], [ 6.1831811, 50.6319316 ], [ 6.1827553, 50.6314527 ], [ 6.182164, 50.6307847 ], [ 6.1820935, 50.630699 ], [ 6.1817193, 50.6303034 ], [ 6.1814578, 50.6300304 ], [ 6.1811507, 50.6297062 ], [ 6.1804761, 50.6290129 ], [ 6.1800148, 50.6285458 ], [ 6.1794555, 50.6282751 ], [ 6.1786911, 50.628095 ], [ 6.1773144, 50.6277696 ], [ 6.1757219, 50.6273931 ], [ 6.1760974, 50.6264709 ], [ 6.1763777, 50.6257643 ], [ 6.1764356, 50.6257403 ], [ 6.1772009, 50.6254725 ], [ 6.1775538, 50.6253419 ], [ 6.1791082, 50.6247744 ], [ 6.1802099, 50.6243712 ], [ 6.1810695, 50.624061 ], [ 6.1816724, 50.6238449 ], [ 6.1817998, 50.6237964 ], [ 6.1825602, 50.6243452 ], [ 6.1846738, 50.6258694 ], [ 6.1860591, 50.6268669 ], [ 6.1861905, 50.6269426 ], [ 6.1863656, 50.6268193 ], [ 6.1877047, 50.6272174 ], [ 6.1884349, 50.6274356 ], [ 6.1879662, 50.6283434 ], [ 6.1874123, 50.6294093 ], [ 6.1870435, 50.6301231 ], [ 6.1879796, 50.6301171 ], [ 6.1893703, 50.6301146 ], [ 6.1902635, 50.6311686 ], [ 6.1914195, 50.6325339 ], [ 6.1918379, 50.6330251 ], [ 6.1935633, 50.6336631 ], [ 6.194202, 50.6338962 ], [ 6.1942311, 50.633853 ], [ 6.1942466, 50.6338066 ], [ 6.1942935, 50.6337414 ], [ 6.1944269, 50.6336167 ], [ 6.1945077, 50.6335553 ], [ 6.1946274, 50.6334738 ], [ 6.1947706, 50.6333956 ], [ 6.1949557, 50.6333054 ], [ 6.1951515, 50.6332086 ], [ 6.1951713, 50.6332001 ], [ 6.1952051, 50.6331799 ], [ 6.1953342, 50.6331278 ], [ 6.1954197, 50.6330932 ], [ 6.195533, 50.6330557 ], [ 6.19559, 50.6330302 ], [ 6.1957566, 50.6329873 ], [ 6.196109, 50.6328994 ], [ 6.1963417, 50.6328354 ], [ 6.1966934, 50.6327367 ], [ 6.1968131, 50.6327087 ], [ 6.1968574, 50.6327759 ], [ 6.196965, 50.6328448 ], [ 6.1971809, 50.6329405 ], [ 6.1981042, 50.6326057 ], [ 6.19887, 50.6323267 ], [ 6.1987808, 50.6322617 ], [ 6.1990323, 50.6318869 ], [ 6.1990806, 50.6318687 ], [ 6.1991516, 50.6319001 ], [ 6.1992221, 50.6319048 ], [ 6.1993045, 50.6318765 ], [ 6.1994018, 50.6318232 ], [ 6.1994536, 50.6317594 ], [ 6.1995007, 50.6316623 ], [ 6.1995077, 50.6316434 ], [ 6.1995164, 50.6316079 ], [ 6.1995962, 50.6314344 ], [ 6.1997383, 50.6314196 ], [ 6.2000126, 50.6314367 ], [ 6.200171, 50.6314403 ], [ 6.2003223, 50.6314588 ], [ 6.2006159, 50.6314347 ], [ 6.2008255, 50.6314356 ], [ 6.2010795, 50.6317704 ], [ 6.2013014, 50.6320248 ], [ 6.2015348, 50.6322942 ], [ 6.2017467, 50.632325 ], [ 6.2022509, 50.6323697 ], [ 6.2028188, 50.6324196 ], [ 6.2029121, 50.6324354 ], [ 6.2034747, 50.6323327 ], [ 6.2039558, 50.6321302 ], [ 6.204854, 50.6319082 ], [ 6.2049251, 50.6318908 ], [ 6.2053087, 50.6318163 ], [ 6.2057392, 50.6317317 ], [ 6.2065069, 50.6315813 ], [ 6.2066153, 50.6315601 ], [ 6.2072325, 50.6314164 ], [ 6.2080089, 50.6312374 ], [ 6.2081696, 50.6314188 ], [ 6.2085565, 50.6318606 ], [ 6.2096297, 50.6314688 ], [ 6.2108286, 50.6310346 ], [ 6.2130529, 50.6318863 ], [ 6.2135402, 50.6317314 ], [ 6.214, 50.6315704 ], [ 6.2142444, 50.6314826 ], [ 6.2145573, 50.6313672 ], [ 6.2148426, 50.6312734 ], [ 6.2151363, 50.6311751 ], [ 6.2165756, 50.6319625 ], [ 6.2170181, 50.6322045 ], [ 6.2170587, 50.63225 ], [ 6.2173028, 50.6321762 ], [ 6.2175493, 50.6320887 ], [ 6.2178759, 50.6319752 ], [ 6.2182657, 50.631838 ], [ 6.2190467, 50.6315694 ], [ 6.2203498, 50.6311226 ], [ 6.2220607, 50.6305342 ], [ 6.2233737, 50.630083 ], [ 6.2252211, 50.6294462 ], [ 6.2266745, 50.6289441 ], [ 6.228026, 50.6284699 ], [ 6.2286677, 50.6282468 ], [ 6.2293443, 50.6280143 ], [ 6.2301841, 50.6277247 ], [ 6.2315799, 50.6272444 ], [ 6.2329703, 50.6267662 ], [ 6.2338601, 50.6264615 ], [ 6.2348674, 50.6261198 ], [ 6.2351295, 50.6262718 ], [ 6.2352555, 50.6263143 ], [ 6.2353045, 50.6263186 ], [ 6.2354574, 50.6262961 ], [ 6.2357383, 50.6262454 ], [ 6.2359422, 50.6261917 ], [ 6.23615, 50.6261571 ], [ 6.2364278, 50.6261388 ], [ 6.2365715, 50.6260942 ], [ 6.2371284, 50.626118 ], [ 6.2382643, 50.626171 ], [ 6.2436182, 50.6264174 ], [ 6.2467515, 50.6265592 ], [ 6.2518197, 50.6267965 ], [ 6.2520658, 50.6268102 ], [ 6.253109, 50.6268627 ], [ 6.2537929, 50.6268912 ], [ 6.255118, 50.6269456 ], [ 6.2553858, 50.6269628 ], [ 6.2556748, 50.6270109 ], [ 6.2558867, 50.627049 ], [ 6.2560856, 50.6270958 ], [ 6.2567025, 50.6272672 ], [ 6.257489, 50.6274858 ], [ 6.2589005, 50.6278767 ], [ 6.2590179, 50.6278831 ], [ 6.2602048, 50.628209 ], [ 6.261057, 50.6284416 ], [ 6.2621393, 50.6280605 ], [ 6.2628474, 50.6279261 ], [ 6.2637368, 50.6277596 ], [ 6.26392, 50.6277234 ], [ 6.26468, 50.6275747 ], [ 6.2651803, 50.6274803 ], [ 6.2659004, 50.6273408 ], [ 6.2663537, 50.6272527 ], [ 6.2668077, 50.6271647 ], [ 6.2668888, 50.6270775 ], [ 6.2669975, 50.6268618 ], [ 6.267031, 50.6267189 ], [ 6.2672355, 50.6265394 ], [ 6.2676352, 50.6262556 ], [ 6.2679858, 50.6259353 ], [ 6.2683956, 50.6255614 ], [ 6.2692846, 50.6252367 ], [ 6.2693068, 50.6253211 ], [ 6.2693085, 50.6254938 ], [ 6.2694725, 50.6257767 ], [ 6.269628, 50.6259847 ], [ 6.2698922, 50.6262476 ], [ 6.2702174, 50.6264853 ], [ 6.2705065, 50.6266717 ], [ 6.27088, 50.6268614 ], [ 6.2711368, 50.6270188 ], [ 6.2714727, 50.627229 ], [ 6.2720668, 50.627603 ], [ 6.2721569, 50.627623 ], [ 6.2720701, 50.627704 ], [ 6.2725478, 50.6279955 ], [ 6.2729782, 50.6283031 ], [ 6.2732491, 50.6285822 ], [ 6.2731924, 50.6286019 ], [ 6.2734634, 50.6289974 ], [ 6.2736031, 50.6294025 ], [ 6.2736467, 50.6296224 ], [ 6.2738114, 50.6297549 ], [ 6.2738166, 50.6299161 ], [ 6.2737254, 50.6298419 ], [ 6.2736527, 50.6299327 ], [ 6.2735749, 50.6302889 ], [ 6.2734381, 50.6305943 ], [ 6.2731417, 50.6310252 ], [ 6.2730747, 50.6311856 ], [ 6.2730157, 50.6312898 ], [ 6.273044, 50.6313015 ], [ 6.2729811, 50.6313804 ], [ 6.2729911, 50.6313971 ], [ 6.272787, 50.6316173 ], [ 6.2726522, 50.6317545 ], [ 6.2726239, 50.631774 ], [ 6.272583, 50.6318262 ], [ 6.2724333, 50.6320207 ], [ 6.2723156, 50.6321847 ], [ 6.2721557, 50.6324027 ], [ 6.2720186, 50.6325815 ], [ 6.2717698, 50.632866 ], [ 6.2717134, 50.6329309 ], [ 6.2715119, 50.633163 ], [ 6.2713799, 50.6333671 ], [ 6.2712557, 50.6335744 ], [ 6.271126, 50.6337943 ], [ 6.2710151, 50.6339838 ], [ 6.2709383, 50.634102 ], [ 6.2708521, 50.6342273 ], [ 6.2706899, 50.6344678 ], [ 6.2704129, 50.6348761 ], [ 6.2702071, 50.6351819 ], [ 6.27008, 50.6353794 ], [ 6.2695583, 50.636176 ], [ 6.269384, 50.6364405 ], [ 6.2691161, 50.6368298 ], [ 6.2690267, 50.6369794 ], [ 6.2689147, 50.63725 ], [ 6.2687789, 50.6375079 ], [ 6.2687343, 50.6375925 ], [ 6.268638, 50.6377375 ], [ 6.2685895, 50.6378252 ], [ 6.2682327, 50.6385152 ], [ 6.268185, 50.6386296 ], [ 6.267901, 50.6390953 ], [ 6.2678128, 50.6392376 ], [ 6.2677761, 50.6392992 ], [ 6.267693, 50.6394153 ], [ 6.2675765, 50.6395782 ], [ 6.2674444, 50.639766 ], [ 6.2672902, 50.6399873 ], [ 6.2671369, 50.640218 ], [ 6.2668473, 50.6406592 ], [ 6.2666649, 50.6409439 ], [ 6.2665334, 50.6410218 ], [ 6.2663336, 50.6413292 ], [ 6.266058, 50.6416277 ], [ 6.2658408, 50.6418187 ], [ 6.2656389, 50.641999 ], [ 6.2655437, 50.6420619 ], [ 6.2654907, 50.6420989 ], [ 6.2652393, 50.6422422 ], [ 6.2649697, 50.642391 ], [ 6.2645654, 50.642573 ], [ 6.2642656, 50.642687 ], [ 6.2640899, 50.6427376 ], [ 6.2637044, 50.6428324 ], [ 6.2630251, 50.6429711 ], [ 6.2627066, 50.6430344 ], [ 6.2621236, 50.6430303 ], [ 6.2616169, 50.6429821 ], [ 6.2610832, 50.642937 ], [ 6.2606004, 50.6428596 ], [ 6.2600961, 50.6427397 ], [ 6.2595624, 50.6425535 ], [ 6.2581958, 50.6421223 ], [ 6.2575145, 50.6418782 ], [ 6.2569258, 50.6417158 ], [ 6.2563954, 50.6416037 ], [ 6.2558703, 50.6415031 ], [ 6.2552588, 50.6413968 ], [ 6.2547355, 50.6413126 ], [ 6.2547304, 50.6413118 ], [ 6.2544696, 50.6412684 ], [ 6.2541544, 50.6412231 ], [ 6.2537007, 50.6411581 ], [ 6.2534067, 50.6411125 ], [ 6.2530952, 50.6410619 ], [ 6.2526721, 50.6409935 ], [ 6.2522285, 50.6409229 ], [ 6.2518026, 50.640856 ], [ 6.2514919, 50.6408051 ], [ 6.2502928, 50.640612 ], [ 6.2495462, 50.6404874 ], [ 6.2492847, 50.6404516 ], [ 6.2489918, 50.6404115 ], [ 6.2485727, 50.6403654 ], [ 6.2483244, 50.6403385 ], [ 6.2478586, 50.640312 ], [ 6.2474864, 50.6403116 ], [ 6.247239, 50.6403103 ], [ 6.2466536, 50.6403341 ], [ 6.2460481, 50.6403988 ], [ 6.2455217, 50.6404753 ], [ 6.2449758, 50.6405905 ], [ 6.2444575, 50.6407211 ], [ 6.2439251, 50.6408955 ], [ 6.2433249, 50.6411281 ], [ 6.242934, 50.6413228 ], [ 6.2425464, 50.641535 ], [ 6.2420348, 50.6418612 ], [ 6.2417834, 50.6420615 ], [ 6.2413461, 50.6424412 ], [ 6.2411188, 50.6426419 ], [ 6.2406977, 50.6430008 ], [ 6.2403611, 50.6432445 ], [ 6.2399252, 50.6434873 ], [ 6.2394867, 50.6436799 ], [ 6.2391682, 50.6437947 ], [ 6.2388148, 50.643924 ], [ 6.2383313, 50.6440962 ], [ 6.2377983, 50.6443063 ], [ 6.2373651, 50.6445201 ], [ 6.2372953, 50.6445546 ], [ 6.2369339, 50.6447948 ], [ 6.2368302, 50.644863 ], [ 6.2364779, 50.645132 ], [ 6.2361963, 50.6454458 ], [ 6.2359408, 50.6457839 ], [ 6.235796, 50.6460377 ], [ 6.2354963, 50.6465633 ], [ 6.2353313, 50.6468601 ], [ 6.2351811, 50.6471101 ], [ 6.2349846, 50.6473728 ], [ 6.2349129, 50.6474604 ], [ 6.2346688, 50.6477083 ], [ 6.2343503, 50.647957 ], [ 6.2342886, 50.6480051 ], [ 6.2339399, 50.6482211 ], [ 6.2334839, 50.6484575 ], [ 6.2330588, 50.6486169 ], [ 6.2325666, 50.6487636 ], [ 6.2320503, 50.648872 ], [ 6.2316044, 50.6489328 ], [ 6.231078, 50.6489754 ], [ 6.2304041, 50.6489698 ], [ 6.2299072, 50.6489303 ], [ 6.2293801, 50.648844 ], [ 6.2288417, 50.6487109 ], [ 6.2283703, 50.6485561 ], [ 6.2279351, 50.6483686 ], [ 6.2275871, 50.6481832 ], [ 6.2272478, 50.6479545 ], [ 6.2269353, 50.6477049 ], [ 6.2266396, 50.6473984 ], [ 6.2264089, 50.6470846 ], [ 6.2262265, 50.6467385 ], [ 6.2261286, 50.64644 ], [ 6.2260737, 50.6460887 ], [ 6.2260817, 50.6457443 ], [ 6.2262627, 50.6447995 ], [ 6.2263083, 50.6444712 ], [ 6.2262815, 50.6440554 ], [ 6.2261863, 50.6436803 ], [ 6.2260522, 50.6433427 ], [ 6.2258095, 50.6429625 ], [ 6.2254812, 50.6425858 ], [ 6.2250631, 50.642205 ], [ 6.2246025, 50.6417732 ], [ 6.2241773, 50.6414487 ], [ 6.2238702, 50.6412463 ], [ 6.2234505, 50.6410158 ], [ 6.2229234, 50.6407717 ], [ 6.2223789, 50.6405948 ], [ 6.2217749, 50.6404278 ], [ 6.2211511, 50.6403235 ], [ 6.2207441, 50.640281 ], [ 6.2196256, 50.6401942 ], [ 6.2190771, 50.6401568 ], [ 6.2190161, 50.6402253 ], [ 6.2184327, 50.6402014 ], [ 6.218375, 50.6401496 ], [ 6.2176622, 50.6401053 ], [ 6.2177199, 50.6401568 ], [ 6.2171841, 50.6401215 ], [ 6.2167818, 50.6400764 ], [ 6.2165873, 50.6400773 ], [ 6.216232, 50.6400556 ], [ 6.2156546, 50.6400403 ], [ 6.2150685, 50.6400394 ], [ 6.2146515, 50.6400513 ], [ 6.213486, 50.6400522 ], [ 6.213134, 50.6400594 ], [ 6.2127902, 50.6400536 ], [ 6.2120765, 50.6400088 ], [ 6.2113805, 50.6399476 ], [ 6.2110291, 50.6399101 ], [ 6.2106912, 50.6398867 ], [ 6.210663, 50.6399118 ], [ 6.209861, 50.6398344 ], [ 6.2082155, 50.6397188 ], [ 6.2078568, 50.6396996 ], [ 6.2075456, 50.6396682 ], [ 6.2072526, 50.6396796 ], [ 6.206979, 50.6396433 ], [ 6.2062253, 50.6395793 ], [ 6.2054394, 50.6395172 ], [ 6.2049332, 50.6394922 ], [ 6.2049563, 50.6393847 ], [ 6.2046202, 50.6393498 ], [ 6.2040882, 50.6393074 ], [ 6.2036544, 50.639306 ], [ 6.2035561, 50.6393168 ], [ 6.2034644, 50.639336 ], [ 6.2034096, 50.6393679 ], [ 6.2033217, 50.6394066 ], [ 6.2029746, 50.639413 ], [ 6.2029532, 50.6393167 ], [ 6.2025031, 50.6393665 ], [ 6.2025277, 50.6394502 ], [ 6.2022974, 50.6395118 ], [ 6.2023388, 50.639392 ], [ 6.2022338, 50.6394066 ], [ 6.202153, 50.6394212 ], [ 6.2016269, 50.6395452 ], [ 6.2012223, 50.6396753 ], [ 6.2011707, 50.6397801 ], [ 6.2008356, 50.6398948 ], [ 6.2000755, 50.6401849 ], [ 6.1994363, 50.6404302 ], [ 6.1986963, 50.6406564 ], [ 6.1982718, 50.6407443 ], [ 6.197823, 50.6407801 ], [ 6.1975727, 50.6407862 ], [ 6.1974326, 50.6408236 ], [ 6.1969988, 50.6408351 ], [ 6.1965938, 50.6408273 ], [ 6.1961176, 50.6407945 ], [ 6.1961041, 50.6407128 ], [ 6.1958053, 50.6406638 ], [ 6.1952453, 50.6405882 ], [ 6.1946529, 50.6404284 ], [ 6.1944007, 50.6403596 ], [ 6.1942981, 50.640411 ], [ 6.1940832, 50.6403355 ], [ 6.1942296, 50.6402476 ], [ 6.1940738, 50.6401143 ], [ 6.1936788, 50.6400746 ], [ 6.1932617, 50.6399477 ], [ 6.1931543, 50.6398973 ], [ 6.1926654, 50.6397478 ], [ 6.1923514, 50.6396758 ], [ 6.1916644, 50.6395669 ], [ 6.1913374, 50.6395307 ], [ 6.191138, 50.6396512 ], [ 6.1908694, 50.6396253 ], [ 6.1904512, 50.6396142 ], [ 6.1898565, 50.639638 ], [ 6.1898531, 50.6396227 ], [ 6.1892496, 50.6396673 ], [ 6.1890538, 50.6396967 ], [ 6.1890337, 50.639692 ], [ 6.1888332, 50.6397575 ], [ 6.188805, 50.6397626 ], [ 6.1884215, 50.6398434 ], [ 6.1882491, 50.6398876 ], [ 6.187879, 50.6399782 ], [ 6.1876537, 50.6400335 ], [ 6.1871796, 50.6401721 ], [ 6.1869791, 50.6402261 ], [ 6.1867759, 50.6403014 ], [ 6.1865693, 50.6403862 ], [ 6.1865289, 50.6404035 ], [ 6.1862926, 50.6405061 ], [ 6.1858809, 50.6407139 ], [ 6.1853297, 50.641068 ], [ 6.1852277, 50.6411657 ], [ 6.1850535, 50.6413501 ], [ 6.1849398, 50.6414709 ], [ 6.1847308, 50.6417053 ], [ 6.1846079, 50.6419085 ], [ 6.1845308, 50.64204 ], [ 6.1844696, 50.642159 ], [ 6.1844127, 50.6422701 ], [ 6.1842379, 50.6426704 ], [ 6.1841335, 50.6430111 ], [ 6.1839139, 50.6437913 ], [ 6.183825, 50.6441196 ], [ 6.1837293, 50.6444959 ], [ 6.1837175, 50.6445402 ], [ 6.1836532, 50.6446811 ], [ 6.1836394, 50.6447134 ], [ 6.1835137, 50.645206 ], [ 6.1833588, 50.6458761 ], [ 6.1833447, 50.6462052 ], [ 6.1833829, 50.6462176 ], [ 6.1833997, 50.6464196 ], [ 6.1834319, 50.6465782 ], [ 6.1834634, 50.6467244 ], [ 6.1835311, 50.64697 ], [ 6.1833778, 50.646983 ], [ 6.182882, 50.6469651 ], [ 6.182479, 50.6469655 ], [ 6.1823458, 50.646954 ], [ 6.1822621, 50.6469368 ], [ 6.181571, 50.6465939 ], [ 6.1812697, 50.6464262 ], [ 6.1811791, 50.6463681 ], [ 6.1808866, 50.6461549 ], [ 6.1807754, 50.6460482 ], [ 6.1804018, 50.6457676 ], [ 6.1800826, 50.6455295 ], [ 6.1798088, 50.6453241 ], [ 6.1790046, 50.6447222 ], [ 6.1786581, 50.6444632 ], [ 6.1785982, 50.644389 ], [ 6.1785178, 50.6443352 ], [ 6.1784376, 50.6443995 ], [ 6.1782958, 50.6445516 ], [ 6.1780101, 50.6447706 ], [ 6.1777749, 50.6447676 ], [ 6.1775434, 50.6447333 ], [ 6.1772144, 50.6446226 ], [ 6.1770499, 50.6444846 ], [ 6.1769635, 50.644389 ], [ 6.1769243, 50.6443403 ], [ 6.1768555, 50.6442349 ], [ 6.1766066, 50.6441637 ], [ 6.1764452, 50.644099 ], [ 6.1762349, 50.6440437 ], [ 6.176079, 50.644045 ], [ 6.1759268, 50.6440927 ], [ 6.1756338, 50.6442733 ], [ 6.175538, 50.6443561 ], [ 6.1753204, 50.6447206 ], [ 6.1752074, 50.6448176 ], [ 6.1750512, 50.644886 ], [ 6.1749004, 50.6448638 ], [ 6.1746701, 50.6447559 ], [ 6.1743434, 50.6445373 ], [ 6.1742022, 50.6444846 ], [ 6.1740884, 50.6444727 ], [ 6.1734812, 50.6442948 ], [ 6.1731131, 50.6441354 ], [ 6.1730209, 50.6440948 ], [ 6.1728878, 50.6440418 ], [ 6.1726561, 50.6439958 ], [ 6.1724949, 50.6439944 ], [ 6.1723914, 50.6440054 ], [ 6.1721436, 50.6440748 ], [ 6.1721071, 50.6440969 ], [ 6.1719725, 50.6442792 ], [ 6.1718313, 50.6444499 ], [ 6.1716494, 50.6445869 ], [ 6.1715353, 50.6446312 ], [ 6.1713903, 50.6446738 ], [ 6.171277, 50.6447079 ], [ 6.1710444, 50.6446947 ], [ 6.1708094, 50.6446428 ], [ 6.1699987, 50.6447122 ], [ 6.1697689, 50.6446831 ], [ 6.1696517, 50.6446394 ], [ 6.1695773, 50.6445411 ], [ 6.1693757, 50.6444562 ], [ 6.1688227, 50.6444171 ], [ 6.168313, 50.6443817 ], [ 6.1681961, 50.6443608 ], [ 6.1681705, 50.6443452 ], [ 6.1681438, 50.6442914 ], [ 6.1681877, 50.6442297 ], [ 6.1682901, 50.6441655 ], [ 6.1682944, 50.6440955 ], [ 6.168239, 50.6440747 ], [ 6.1680797, 50.6440579 ], [ 6.1679049, 50.644055 ], [ 6.1677225, 50.6440137 ], [ 6.1673862, 50.6438806 ], [ 6.1671371, 50.6437633 ], [ 6.1667492, 50.6436399 ], [ 6.1666886, 50.6436204 ] ] ], [ [ [ 6.174068, 50.556354 ], [ 6.1743439, 50.5563123 ], [ 6.174716, 50.5562838 ], [ 6.1752734, 50.5561503 ], [ 6.1753851, 50.5561254 ], [ 6.1757064, 50.5561035 ], [ 6.1759411, 50.5560381 ], [ 6.176028, 50.5560166 ], [ 6.1762276, 50.5558566 ], [ 6.1763776, 50.5557222 ], [ 6.1764624, 50.5556455 ], [ 6.1765482, 50.5555679 ], [ 6.1766336, 50.5554909 ], [ 6.176757, 50.5553793 ], [ 6.1768767, 50.5552706 ], [ 6.1769772, 50.5551744 ], [ 6.177217, 50.5549424 ], [ 6.178294, 50.5541129 ], [ 6.1785196, 50.5539386 ], [ 6.178514, 50.5537758 ], [ 6.1785075, 50.5535891 ], [ 6.1784165, 50.5508114 ], [ 6.1784039, 50.55045 ], [ 6.1783921, 50.5500794 ], [ 6.1783887, 50.550025 ], [ 6.1783826, 50.5498293 ], [ 6.1782545, 50.5460515 ], [ 6.1782482, 50.5458677 ], [ 6.1782041, 50.5445795 ], [ 6.1781926, 50.5442556 ], [ 6.1781791, 50.5438577 ], [ 6.1781712, 50.543629 ], [ 6.1781594, 50.5432997 ], [ 6.1781413, 50.5427732 ], [ 6.1781337, 50.5425507 ], [ 6.1781083, 50.5418189 ], [ 6.1780979, 50.5415268 ], [ 6.1780977, 50.5415201 ], [ 6.1781542, 50.541533 ], [ 6.1781881, 50.5415477 ], [ 6.1782726, 50.5415286 ], [ 6.1783431, 50.5415271 ], [ 6.1783704, 50.5415397 ], [ 6.1784352, 50.5415318 ], [ 6.1784724, 50.5415137 ], [ 6.1785431, 50.5415061 ], [ 6.1785816, 50.5415027 ], [ 6.1787015, 50.5415225 ], [ 6.178793, 50.5415196 ], [ 6.1788854, 50.5415495 ], [ 6.178919, 50.5415458 ], [ 6.1790931, 50.5414977 ], [ 6.1790997, 50.5414779 ], [ 6.179135, 50.5414191 ], [ 6.1791321, 50.5413928 ], [ 6.1791776, 50.5413812 ], [ 6.1791858, 50.541368 ], [ 6.1792119, 50.5413715 ], [ 6.1792409, 50.5413939 ], [ 6.1792698, 50.5413988 ], [ 6.179311, 50.541413 ], [ 6.1793574, 50.5414311 ], [ 6.1793849, 50.5414267 ], [ 6.1794222, 50.541437 ], [ 6.1794728, 50.5413991 ], [ 6.1794811, 50.5413626 ], [ 6.1795327, 50.5412516 ], [ 6.1795823, 50.5411918 ], [ 6.1795761, 50.5411695 ], [ 6.1797662, 50.541131 ], [ 6.1799203, 50.5411336 ], [ 6.1799779, 50.5411559 ], [ 6.1800232, 50.5411629 ], [ 6.1800676, 50.5411512 ], [ 6.1801269, 50.5411252 ], [ 6.180144, 50.5411051 ], [ 6.1801394, 50.5410841 ], [ 6.1801571, 50.5410749 ], [ 6.1802386, 50.5410913 ], [ 6.1803055, 50.5410892 ], [ 6.1803595, 50.5410618 ], [ 6.1803943, 50.5410647 ], [ 6.1804136, 50.5410791 ], [ 6.1804713, 50.5410897 ], [ 6.1805012, 50.541085 ], [ 6.1805186, 50.5410625 ], [ 6.1805341, 50.5410866 ], [ 6.1805711, 50.5410984 ], [ 6.1806436, 50.541101 ], [ 6.1806756, 50.5411241 ], [ 6.1807163, 50.5411642 ], [ 6.1807423, 50.5411741 ], [ 6.1808142, 50.5411808 ], [ 6.1808498, 50.5412012 ], [ 6.180891, 50.5412065 ], [ 6.1810188, 50.5411863 ], [ 6.181048, 50.5411668 ], [ 6.1810884, 50.5411343 ], [ 6.1811518, 50.5411237 ], [ 6.1811901, 50.5410925 ], [ 6.1812418, 50.5410979 ], [ 6.18132, 50.541116 ], [ 6.181422, 50.5411452 ], [ 6.1814999, 50.5411483 ], [ 6.1816658, 50.5411724 ], [ 6.1817529, 50.5411968 ], [ 6.1818687, 50.5412471 ], [ 6.1819112, 50.5412562 ], [ 6.1819225, 50.5412735 ], [ 6.181989, 50.5412672 ], [ 6.1820057, 50.541283 ], [ 6.1820271, 50.5412834 ], [ 6.182087, 50.5412601 ], [ 6.1821302, 50.5412486 ], [ 6.182175, 50.5412541 ], [ 6.1823817, 50.5412781 ], [ 6.1824208, 50.5412757 ], [ 6.1825767, 50.5413588 ], [ 6.182634, 50.5413607 ], [ 6.182671, 50.5413584 ], [ 6.1827215, 50.5413815 ], [ 6.1827528, 50.5414046 ], [ 6.1827983, 50.5413788 ], [ 6.1828109, 50.5413478 ], [ 6.1828222, 50.5413351 ], [ 6.1828782, 50.5413226 ], [ 6.1829199, 50.5413266 ], [ 6.1829599, 50.5413176 ], [ 6.1830616, 50.5413202 ], [ 6.1830734, 50.54133 ], [ 6.183204, 50.5413185 ], [ 6.1832911, 50.5413283 ], [ 6.1833165, 50.5413467 ], [ 6.1833656, 50.5413517 ], [ 6.1834869, 50.5413441 ], [ 6.1835501, 50.5413561 ], [ 6.1835724, 50.5413685 ], [ 6.1835646, 50.5414053 ], [ 6.1835928, 50.5414222 ], [ 6.1836397, 50.5414147 ], [ 6.183681, 50.5414211 ], [ 6.1836678, 50.5414455 ], [ 6.1836755, 50.5414625 ], [ 6.1837148, 50.5414702 ], [ 6.1837453, 50.5414801 ], [ 6.1838127, 50.5414581 ], [ 6.1840562, 50.5414381 ], [ 6.1840964, 50.5414521 ], [ 6.1840844, 50.5414826 ], [ 6.1841007, 50.5415157 ], [ 6.1841722, 50.5415209 ], [ 6.1842869, 50.5415069 ], [ 6.1844172, 50.541485 ], [ 6.1845437, 50.5414548 ], [ 6.1846453, 50.5414637 ], [ 6.1846662, 50.5414948 ], [ 6.1847078, 50.5415228 ], [ 6.1848128, 50.5414887 ], [ 6.1850372, 50.5414158 ], [ 6.1852349, 50.5413515 ], [ 6.1855708, 50.5412413 ], [ 6.1859223, 50.5411269 ], [ 6.1869468, 50.5407927 ], [ 6.187464, 50.5406242 ], [ 6.1877875, 50.5405192 ], [ 6.1879842, 50.5404548 ], [ 6.187996, 50.5404515 ], [ 6.1880069, 50.5404682 ], [ 6.1880489, 50.5404981 ], [ 6.1880704, 50.540503 ], [ 6.1881448, 50.5404878 ], [ 6.1881955, 50.5404936 ], [ 6.1882357, 50.5404896 ], [ 6.1882778, 50.5404954 ], [ 6.1883183, 50.5404914 ], [ 6.1883817, 50.5404974 ], [ 6.1884131, 50.5405074 ], [ 6.1884472, 50.5405185 ], [ 6.1884579, 50.5405299 ], [ 6.1884773, 50.5405042 ], [ 6.1885556, 50.5403995 ], [ 6.1886531, 50.5402807 ], [ 6.1887485, 50.540164 ], [ 6.1888893, 50.5399888 ], [ 6.188914, 50.5399579 ], [ 6.1890083, 50.5398466 ], [ 6.1890704, 50.5397596 ], [ 6.1891665, 50.5396253 ], [ 6.1892989, 50.5394416 ], [ 6.1893955, 50.5393084 ], [ 6.1894233, 50.539279 ], [ 6.1895825, 50.5391584 ], [ 6.1896769, 50.5390914 ], [ 6.1898212, 50.5389888 ], [ 6.190043, 50.538832 ], [ 6.1902699, 50.5386772 ], [ 6.1904559, 50.5385817 ], [ 6.1905883, 50.5385173 ], [ 6.1907664, 50.5384309 ], [ 6.1909316, 50.53835 ], [ 6.1911236, 50.5382566 ], [ 6.1912617, 50.5381894 ], [ 6.1914591, 50.5380935 ], [ 6.1914839, 50.5380816 ], [ 6.1915317, 50.5380572 ], [ 6.1916041, 50.5380194 ], [ 6.1917582, 50.53793 ], [ 6.1919153, 50.5378408 ], [ 6.1920897, 50.5377421 ], [ 6.1922323, 50.5376617 ], [ 6.1923608, 50.5375887 ], [ 6.1925576, 50.5374784 ], [ 6.192723, 50.5374163 ], [ 6.1928767, 50.5373585 ], [ 6.1931112, 50.5372703 ], [ 6.1932135, 50.5372317 ], [ 6.1933991, 50.5371578 ], [ 6.1935186, 50.5371097 ], [ 6.1937103, 50.5370323 ], [ 6.1938722, 50.5369672 ], [ 6.1940778, 50.5368855 ], [ 6.194185, 50.5368437 ], [ 6.19419, 50.5368361 ], [ 6.1942789, 50.5367922 ], [ 6.1945066, 50.5366784 ], [ 6.1946314, 50.5366164 ], [ 6.1946821, 50.5365915 ], [ 6.1948245, 50.5365205 ], [ 6.1951828, 50.5363435 ], [ 6.1953093, 50.5362815 ], [ 6.1954232, 50.5362254 ], [ 6.195544, 50.5361657 ], [ 6.1956712, 50.5361027 ], [ 6.1966736, 50.5361064 ], [ 6.1968909, 50.536107 ], [ 6.197437, 50.5362625 ], [ 6.1971866, 50.5363297 ], [ 6.1976667, 50.5369143 ], [ 6.1976871, 50.5369847 ], [ 6.1978986, 50.5372078 ], [ 6.1977609, 50.5377045 ], [ 6.1976664, 50.538409 ], [ 6.1974392, 50.5385436 ], [ 6.1975298, 50.5385646 ], [ 6.1976902, 50.5386016 ], [ 6.1978893, 50.5386779 ], [ 6.1978612, 50.5387486 ], [ 6.1977497, 50.5391708 ], [ 6.1975351, 50.5392641 ], [ 6.1977742, 50.5394365 ], [ 6.1977858, 50.5395505 ], [ 6.1977521, 50.5396181 ], [ 6.1977706, 50.5398362 ], [ 6.1977794, 50.5399961 ], [ 6.1978557, 50.5400754 ], [ 6.1979836, 50.5402999 ], [ 6.1985098, 50.5406012 ], [ 6.1986803, 50.5407822 ], [ 6.198777, 50.54105 ], [ 6.1995374, 50.5416212 ], [ 6.2000007, 50.5420695 ], [ 6.2002267, 50.5424115 ], [ 6.2004103, 50.5427718 ], [ 6.2004908, 50.5429353 ], [ 6.2006616, 50.5432802 ], [ 6.2010958, 50.5436233 ], [ 6.2013052, 50.5437889 ], [ 6.2015175, 50.5439653 ], [ 6.2018243, 50.5441251 ], [ 6.2020437, 50.5443125 ], [ 6.2026632, 50.5445841 ], [ 6.203089, 50.5447265 ], [ 6.203876, 50.5449292 ], [ 6.2052721, 50.5453436 ], [ 6.205932, 50.5456139 ], [ 6.2057627, 50.5457445 ], [ 6.2060954, 50.5459075 ], [ 6.2063335, 50.5460492 ], [ 6.2069, 50.5465808 ], [ 6.2071867, 50.5469045 ], [ 6.2073069, 50.5474614 ], [ 6.207526, 50.5483909 ], [ 6.2074409, 50.5483821 ], [ 6.2074615, 50.548738 ], [ 6.2075297, 50.5490325 ], [ 6.2078279, 50.5495622 ], [ 6.2086855, 50.550354 ], [ 6.2093739, 50.5513211 ], [ 6.2094351, 50.551702 ], [ 6.209394, 50.5520342 ], [ 6.2093416, 50.5526495 ], [ 6.2094928, 50.5533378 ], [ 6.2096384, 50.5532088 ], [ 6.2097245, 50.5532944 ], [ 6.2095734, 50.5534391 ], [ 6.2096234, 50.5537583 ], [ 6.209942, 50.5539414 ], [ 6.210104, 50.5540595 ], [ 6.2099801, 50.5540989 ], [ 6.2101899, 50.5544146 ], [ 6.2105531, 50.5547469 ], [ 6.2109098, 50.5549804 ], [ 6.2113317, 50.5551808 ], [ 6.2120232, 50.5554599 ], [ 6.212369, 50.5555787 ], [ 6.2124256, 50.555511 ], [ 6.2127735, 50.5557631 ], [ 6.2128453, 50.5558523 ], [ 6.2134423, 50.5560457 ], [ 6.2134314, 50.5560643 ], [ 6.2136706, 50.5561017 ], [ 6.2136771, 50.5562163 ], [ 6.2142926, 50.5564201 ], [ 6.2146938, 50.5565072 ], [ 6.2152482, 50.5565657 ], [ 6.2157287, 50.5566052 ], [ 6.2157574, 50.5565216 ], [ 6.2167854, 50.556523 ], [ 6.21778, 50.5563725 ], [ 6.2180202, 50.5563865 ], [ 6.218103, 50.5563269 ], [ 6.2182645, 50.556242 ], [ 6.2185524, 50.5561107 ], [ 6.2187884, 50.5559463 ], [ 6.218851, 50.5558825 ], [ 6.2188859, 50.5559199 ], [ 6.2189364, 50.5559483 ], [ 6.2202892, 50.5553175 ], [ 6.2211515, 50.5550701 ], [ 6.2217437, 50.5549754 ], [ 6.2223597, 50.5549434 ], [ 6.2228663, 50.5549661 ], [ 6.2232447, 50.5550101 ], [ 6.2237829, 50.555113 ], [ 6.2242054, 50.5552279 ], [ 6.2245376, 50.5553427 ], [ 6.2248025, 50.5554536 ], [ 6.2250232, 50.5555511 ], [ 6.2251998, 50.5556446 ], [ 6.2253953, 50.5556232 ], [ 6.2259711, 50.5560635 ], [ 6.2262701, 50.5564334 ], [ 6.2264677, 50.5567555 ], [ 6.2265612, 50.5571056 ], [ 6.2265552, 50.5592903 ], [ 6.2265524, 50.5597467 ], [ 6.2265476, 50.5602105 ], [ 6.2266141, 50.5607433 ], [ 6.2270135, 50.5613926 ], [ 6.2268355, 50.561677 ], [ 6.2269986, 50.561885 ], [ 6.2268149, 50.5622794 ], [ 6.2266923, 50.5623335 ], [ 6.2270611, 50.562468 ], [ 6.2270799, 50.5622301 ], [ 6.2272435, 50.562112 ], [ 6.2274152, 50.562272 ], [ 6.2281375, 50.5627181 ], [ 6.2292503, 50.563332 ], [ 6.2294519, 50.5634937 ], [ 6.2294759, 50.5635604 ], [ 6.2309576, 50.5642381 ], [ 6.2316497, 50.5645 ], [ 6.2316625, 50.5645269 ], [ 6.2317876, 50.5645795 ], [ 6.2318874, 50.5646226 ], [ 6.2322502, 50.5647055 ], [ 6.2323627, 50.564725 ], [ 6.2327592, 50.5649279 ], [ 6.2329292, 50.5649533 ], [ 6.2331928, 50.564923 ], [ 6.2333822, 50.5650146 ], [ 6.2337714, 50.5651914 ], [ 6.2338966, 50.56519 ], [ 6.2339701, 50.5651732 ], [ 6.2342502, 50.5650338 ], [ 6.2343801, 50.5651137 ], [ 6.2343846, 50.5652224 ], [ 6.2342064, 50.5653356 ], [ 6.2340897, 50.565376 ], [ 6.2338425, 50.5654117 ], [ 6.2335955, 50.5653491 ], [ 6.2332507, 50.5651287 ], [ 6.2331264, 50.5650782 ], [ 6.2329782, 50.5651044 ], [ 6.2330967, 50.5651375 ], [ 6.2334148, 50.5654027 ], [ 6.2334998, 50.5654488 ], [ 6.2336123, 50.5654784 ], [ 6.2337947, 50.5654999 ], [ 6.2340663, 50.5654919 ], [ 6.2343252, 50.565411 ], [ 6.2344482, 50.5653437 ], [ 6.2345025, 50.5653839 ], [ 6.2352864, 50.5661026 ], [ 6.2356163, 50.5666652 ], [ 6.2357355, 50.5671421 ], [ 6.235756, 50.5672243 ], [ 6.2360245, 50.5674799 ], [ 6.2359938, 50.5677009 ], [ 6.2359149, 50.5700104 ], [ 6.2359622, 50.5713661 ], [ 6.2361908, 50.5724539 ], [ 6.2364194, 50.5730923 ], [ 6.2367977, 50.5734943 ], [ 6.2378934, 50.5746688 ], [ 6.2384688, 50.5756146 ], [ 6.2391072, 50.5772147 ], [ 6.2392176, 50.5783261 ], [ 6.2391287, 50.5792865 ], [ 6.2388725, 50.5806954 ], [ 6.2390991, 50.5826364 ], [ 6.239306, 50.5839468 ], [ 6.2395709, 50.5851386 ], [ 6.2398546, 50.5860403 ], [ 6.2405743, 50.5870616 ], [ 6.2396497, 50.5873293 ], [ 6.2386963, 50.5875964 ], [ 6.2371835, 50.5880321 ], [ 6.2364092, 50.5882509 ], [ 6.2349187, 50.5886855 ], [ 6.2333929, 50.5891217 ], [ 6.232759, 50.5893182 ], [ 6.2308874, 50.589775 ], [ 6.22976, 50.5900626 ], [ 6.2290043, 50.5902541 ], [ 6.2289822, 50.590255 ], [ 6.2288955, 50.5902704 ], [ 6.2269654, 50.5903593 ], [ 6.2258802, 50.5904413 ], [ 6.2257452, 50.59044 ], [ 6.2253407, 50.5904643 ], [ 6.2252612, 50.5904592 ], [ 6.2252219, 50.5904025 ], [ 6.2250182, 50.5899446 ], [ 6.2247153, 50.5891619 ], [ 6.2246927, 50.5891285 ], [ 6.2246518, 50.5890846 ], [ 6.2242718, 50.5887235 ], [ 6.2242061, 50.5886584 ], [ 6.223962, 50.5882502 ], [ 6.2238446, 50.5880936 ], [ 6.2237779, 50.5880161 ], [ 6.2230572, 50.5874584 ], [ 6.222725, 50.5870832 ], [ 6.222586, 50.5869256 ], [ 6.2225602, 50.5868458 ], [ 6.2225306, 50.5864879 ], [ 6.2225352, 50.5864329 ], [ 6.2226241, 50.5859826 ], [ 6.2226318, 50.5859638 ], [ 6.222631, 50.5859608 ], [ 6.2224679, 50.5853729 ], [ 6.2223438, 50.5848851 ], [ 6.2222507, 50.5845209 ], [ 6.2214708, 50.5838953 ], [ 6.2208979, 50.5832317 ], [ 6.2203836, 50.5827651 ], [ 6.2203088, 50.5826784 ], [ 6.2197789, 50.5818582 ], [ 6.2196491, 50.5816558 ], [ 6.2185847, 50.5809576 ], [ 6.2175032, 50.5806422 ], [ 6.2170651, 50.5802318 ], [ 6.217056, 50.5802178 ], [ 6.2163759, 50.5797854 ], [ 6.2160903, 50.5796033 ], [ 6.2152658, 50.5792141 ], [ 6.2144907, 50.5788473 ], [ 6.2144791, 50.5788416 ], [ 6.2144543, 50.5788321 ], [ 6.213942, 50.5786359 ], [ 6.2134297, 50.5784404 ], [ 6.2129404, 50.5782553 ], [ 6.2119989, 50.5779005 ], [ 6.2118691, 50.5778375 ], [ 6.2117489, 50.5777551 ], [ 6.2105906, 50.5771999 ], [ 6.209691, 50.5769283 ], [ 6.2089296, 50.5766967 ], [ 6.2086761, 50.5766132 ], [ 6.2083754, 50.5764847 ], [ 6.2079745, 50.5763103 ], [ 6.20762, 50.5761529 ], [ 6.2071084, 50.5761751 ], [ 6.2066065, 50.5761978 ], [ 6.2062485, 50.576213 ], [ 6.2060735, 50.5754217 ], [ 6.2059813, 50.5750052 ], [ 6.2061155, 50.5749519 ], [ 6.2063894, 50.5748424 ], [ 6.206737, 50.5747035 ], [ 6.206588, 50.574521 ], [ 6.206377, 50.5742654 ], [ 6.2060041, 50.5738102 ], [ 6.2052702, 50.5735199 ], [ 6.2052752, 50.573289 ], [ 6.2052781, 50.5730537 ], [ 6.2047734, 50.5728069 ], [ 6.2037069, 50.5722845 ], [ 6.2037, 50.5721602 ], [ 6.2037202, 50.5718087 ], [ 6.2037375, 50.5714872 ], [ 6.2037766, 50.5714474 ], [ 6.2038634, 50.5713708 ], [ 6.2041674, 50.5711954 ], [ 6.2043623, 50.5711036 ], [ 6.2045103, 50.5710342 ], [ 6.2043569, 50.5708143 ], [ 6.2042098, 50.5706044 ], [ 6.203732, 50.570041 ], [ 6.2035796, 50.56986 ], [ 6.2032428, 50.5694612 ], [ 6.2030975, 50.5692895 ], [ 6.2028822, 50.5692177 ], [ 6.2026762, 50.5691482 ], [ 6.2024986, 50.5690888 ], [ 6.2020916, 50.5689518 ], [ 6.2009967, 50.5685844 ], [ 6.2006528, 50.5684687 ], [ 6.2003595, 50.5683703 ], [ 6.1993114, 50.5680187 ], [ 6.1988507, 50.567864 ], [ 6.198082, 50.5676063 ], [ 6.1971551, 50.5672954 ], [ 6.1965798, 50.5671024 ], [ 6.1960925, 50.5669389 ], [ 6.1954394, 50.5667198 ], [ 6.1936908, 50.5661332 ], [ 6.1925562, 50.5655404 ], [ 6.1925474, 50.5655004 ], [ 6.1925342, 50.5654637 ], [ 6.1893446, 50.5660278 ], [ 6.1892319, 50.5658569 ], [ 6.1887997, 50.5652038 ], [ 6.189299, 50.5645517 ], [ 6.1888416, 50.5642469 ], [ 6.1886079, 50.5642391 ], [ 6.1885394, 50.5642506 ], [ 6.1882571, 50.5643327 ], [ 6.1881612, 50.5643606 ], [ 6.1878396, 50.5644239 ], [ 6.1877524, 50.5644386 ], [ 6.18724, 50.5644275 ], [ 6.1871452, 50.5644155 ], [ 6.1868399, 50.5643406 ], [ 6.1863891, 50.5641813 ], [ 6.1860225, 50.5635912 ], [ 6.185945, 50.5634665 ], [ 6.1858382, 50.5632946 ], [ 6.1856659, 50.5631771 ], [ 6.1855428, 50.5631159 ], [ 6.1854156, 50.5630746 ], [ 6.1851721, 50.5630412 ], [ 6.1849565, 50.5630119 ], [ 6.1848612, 50.562999 ], [ 6.1847672, 50.5629871 ], [ 6.1846315, 50.5629698 ], [ 6.1844857, 50.5629516 ], [ 6.1844096, 50.5629374 ], [ 6.1843454, 50.5629253 ], [ 6.1843038, 50.5629084 ], [ 6.1842336, 50.56284 ], [ 6.184137, 50.5627451 ], [ 6.1839715, 50.5625826 ], [ 6.1839311, 50.5624135 ], [ 6.1839088, 50.562322 ], [ 6.1838985, 50.5623017 ], [ 6.1838693, 50.5622438 ], [ 6.1838314, 50.5621679 ], [ 6.183783, 50.5620714 ], [ 6.1837422, 50.5619872 ], [ 6.18371, 50.5619669 ], [ 6.1836734, 50.5619497 ], [ 6.1835639, 50.56191 ], [ 6.1834762, 50.561886 ], [ 6.1834114, 50.5618758 ], [ 6.1833358, 50.5618676 ], [ 6.1831018, 50.5618173 ], [ 6.1828811, 50.5617654 ], [ 6.1826389, 50.5617085 ], [ 6.1823417, 50.5616384 ], [ 6.1823245, 50.5616303 ], [ 6.182302, 50.5616081 ], [ 6.1822696, 50.5615603 ], [ 6.1822284, 50.5615006 ], [ 6.1821572, 50.5613968 ], [ 6.1820289, 50.5612095 ], [ 6.1819499, 50.5611323 ], [ 6.1818561, 50.5610406 ], [ 6.1817359, 50.5609236 ], [ 6.1816269, 50.5608172 ], [ 6.1815822, 50.5607739 ], [ 6.1814645, 50.5607289 ], [ 6.1813776, 50.5606957 ], [ 6.1813554, 50.5606926 ], [ 6.1799464, 50.5601473 ], [ 6.1790851, 50.5595559 ], [ 6.1790137, 50.5595083 ], [ 6.1789243, 50.5594673 ], [ 6.1786924, 50.5593616 ], [ 6.17851, 50.5592784 ], [ 6.178358, 50.5592105 ], [ 6.1782693, 50.5591606 ], [ 6.1778159, 50.5588792 ], [ 6.1777192, 50.5588421 ], [ 6.177689, 50.5588255 ], [ 6.1766592, 50.5584196 ], [ 6.1759664, 50.5581473 ], [ 6.1759114, 50.5581302 ], [ 6.1758678, 50.5581185 ], [ 6.1748858, 50.5579662 ], [ 6.1746839, 50.5579337 ], [ 6.1746606, 50.5579251 ], [ 6.1743229, 50.5575218 ], [ 6.1743067, 50.5574931 ], [ 6.1742999, 50.557459 ], [ 6.1742904, 50.5572426 ], [ 6.1742954, 50.5570944 ], [ 6.1742873, 50.5570466 ], [ 6.1741902, 50.5567763 ], [ 6.1741171, 50.5564863 ], [ 6.174068, 50.556354 ] ] ], [ [ [ 6.1871642, 50.5261652 ], [ 6.1871812, 50.5260932 ], [ 6.1873971, 50.5259512 ], [ 6.188276, 50.5254332 ], [ 6.1891539, 50.5249673 ], [ 6.1899148, 50.5244254 ], [ 6.1902267, 50.5239834 ], [ 6.1903417, 50.5237624 ], [ 6.1905197, 50.5227735 ], [ 6.1909806, 50.5223276 ], [ 6.1910116, 50.5220186 ], [ 6.1911686, 50.5218127 ], [ 6.1922624, 50.5210957 ], [ 6.1930693, 50.5210727 ], [ 6.194955, 50.5212477 ], [ 6.1968288, 50.5212977 ], [ 6.1974357, 50.5212897 ], [ 6.1984115, 50.5212747 ], [ 6.1999983, 50.5211757 ], [ 6.2005362, 50.5211447 ], [ 6.2008302, 50.5210917 ], [ 6.2016641, 50.5208818 ], [ 6.202028, 50.5208548 ], [ 6.2028859, 50.5208668 ], [ 6.2052375, 50.5209807 ], [ 6.2058284, 50.5209997 ], [ 6.2063159, 50.5211521 ], [ 6.206559, 50.5214774 ], [ 6.2067025, 50.5218755 ], [ 6.206795, 50.5224772 ], [ 6.2065775, 50.5231854 ], [ 6.20611, 50.5238288 ], [ 6.2059619, 50.5240556 ], [ 6.2044066, 50.5253331 ], [ 6.203143, 50.5261107 ], [ 6.2006944, 50.5267356 ], [ 6.1989309, 50.5274114 ], [ 6.1977969, 50.5285825 ], [ 6.197134, 50.5294112 ], [ 6.19663, 50.5302571 ], [ 6.1963868, 50.5310648 ], [ 6.1954854, 50.5309752 ], [ 6.195354, 50.5309636 ], [ 6.1944711, 50.5308766 ], [ 6.1941122, 50.5308836 ], [ 6.1932543, 50.5308496 ], [ 6.1931293, 50.5308606 ], [ 6.1929723, 50.5309676 ], [ 6.1928933, 50.5309756 ], [ 6.1925044, 50.5308956 ], [ 6.1923297, 50.5308587 ], [ 6.1920225, 50.5307966 ], [ 6.1913013, 50.530204 ], [ 6.1900728, 50.5293238 ], [ 6.1895738, 50.5289389 ], [ 6.1893312, 50.5287376 ], [ 6.1873202, 50.5271951 ], [ 6.1872442, 50.5270731 ], [ 6.1871882, 50.5264701 ], [ 6.1871642, 50.5261652 ] ] ], [ [ [ 6.2461937, 50.5973695 ], [ 6.2465098, 50.5972482 ], [ 6.2465368, 50.597275 ], [ 6.2466463, 50.5972249 ], [ 6.2469471, 50.5971334 ], [ 6.2472729, 50.5970474 ], [ 6.2473957, 50.5970207 ], [ 6.24821, 50.5968229 ], [ 6.248511, 50.5976658 ], [ 6.248485, 50.5978889 ], [ 6.2479067, 50.59799 ], [ 6.2478629, 50.5980301 ], [ 6.2477744, 50.598056 ], [ 6.2476461, 50.5980812 ], [ 6.2475915, 50.5981031 ], [ 6.2474379, 50.5981319 ], [ 6.2471035, 50.5981843 ], [ 6.2469785, 50.5982136 ], [ 6.2467439, 50.5982266 ], [ 6.2461937, 50.5973695 ] ] ] ] } }
]
}
