Koordinatensystem : Lambert konform konisch
Rechtswert        : 3797500 Meter
Hochwert          : 2746500 Meter
Hoehenlage        : 58 Meter ueber NN
Erstellung des Datensatzes im Mai 2016

Art des TRY       : extremer Sommer
Bezugszeitraum    : 1995-2012
Datenbasis        : Beobachtungsdaten Zeitraum 1995-2012

Format: (i7,1x,i7,1x,i2,1x,i2,1x,i2,1x,f5.1,1x,i4,1x,3i,1x,f4.1,1x,i1,1x,f4.1,1x,i3,1x,i4,1x,i4,1x,i3,1x,i4,2x,i1)

Reihenfolge der Parameter:
RW Rechtswert                                                    [m]       {3670500;3671500..4389500}
HW Hochwert                                                      [m]       {2242500;2243500..3179500}
MM Monat                                                                   {1..12}
DD Tag                                                                     {1..28,30,31}
HH Stunde (MEZ)                                                            {1..24}
t  Lufttemperatur in 2m Hoehe ueber Grund                        [GradC]
p  Luftdruck in Standorthoehe                                    [hPa]
WR Windrichtung in 10 m Hoehe ueber Grund                        [Grad]    {0..360;999}
WG Windgeschwindigkeit in 10 m Hoehe ueber Grund                 [m/s]
N  Bedeckungsgrad                                                [Achtel]  {0..8;9}
x  Wasserdampfgehalt, Mischungsverhaeltnis                       [g/kg]
RF Relative Feuchte in 2 m Hoehe ueber Grund                     [Prozent] {1..100}
B  Direkte Sonnenbestrahlungsstaerke (horiz. Ebene)              [W/m^2]   abwaerts gerichtet: positiv
D  Diffuse Sonnenbetrahlungsstaerke (horiz. Ebene)               [W/m^2]   abwaerts gerichtet: positiv
A  Bestrahlungsstaerke d. atm. Waermestrahlung (horiz. Ebene)    [W/m^2]   abwaerts gerichtet: positiv
E  Bestrahlungsstaerke d. terr. Waermestrahlung                  [W/m^2]   aufwaerts gerichtet: negativ
IL Qualitaetsbit bezueglich der Auswahlkriterien                           {0;1;2;3;4}


     RW      HW MM DD HH     t    p  WR   WG N    x  RF    B    D   A    E IL
*** 
3797500 2746500  1  1  1   7.5  991 212  4.2 8  5.5  84    0    0 309 -327  0
3797500 2746500  1  1  2   6.1  991 213  3.7 8  5.1  84    0    0 317 -328  0
3797500 2746500  1  1  3   5.0  992 213  3.2 8  4.7  84    0    0 318 -327  0
3797500 2746500  1  1  4   4.9  992 210  3.0 8  4.7  86    0    0 317 -327  0
3797500 2746500  1  1  5   4.7  992 209  2.9 8  4.7  87    0    0 325 -327  0
3797500 2746500  1  1  6   4.7  992 202  2.4 7  4.8  88    0    0 318 -326  0
3797500 2746500  1  1  7   4.5  993 212  2.8 7  4.7  88    0    0 307 -326  0
3797500 2746500  1  1  8   4.5  993 212  3.2 7  4.6  87    0    0 306 -326  0
3797500 2746500  1  1  9   4.5  994 191  1.9 7  4.5  85    0    0 305 -326  0
3797500 2746500  1  1 10   4.7  994 188  2.0 7  4.5  84    4   46 307 -326  0
3797500 2746500  1  1 11   5.0  995 176  2.8 6  4.6  83    6   73 297 -327  0
3797500 2746500  1  1 12   5.6  996 176  2.9 6  4.6  81   20  111 290 -329  0
3797500 2746500  1  1 13   6.7  996 175  3.8 5  4.6  77   76  125 287 -331  0
3797500 2746500  1  1 14   7.1  996 182  3.3 3  4.6  72   95  107 270 -332  0
3797500 2746500  1  1 15   6.7  996 174  3.5 2  4.4  71   86   66 248 -333  0
3797500 2746500  1  1 16   5.8  997 161  1.7 5  4.3  72   15   39 260 -332  0
3797500 2746500  1  1 17   5.1  998 122  1.5 6  4.3  75    0    0 286 -330  0
3797500 2746500  1  1 18   5.1  999 111  1.8 6  4.2  77    0    0 292 -327  0
3797500 2746500  1  1 19   4.6 1000 123  1.6 6  4.2  78    0    0 290 -325  0
3797500 2746500  1  1 20   3.8 1000 125  1.6 5  4.1  79    0    0 282 -324  0
3797500 2746500  1  1 21   2.9 1001 110  1.2 3  4.0  81    0    0 258 -322  0
3797500 2746500  1  1 22   2.8 1002 115  0.9 3  3.9  83    0    0 241 -322  0
3797500 2746500  1  1 23   2.6 1003  72  0.2 3  3.8  83    0    0 240 -321  0
3797500 2746500  1  1 24   2.3 1004  18  0.6 4  3.8  84    0    0 245 -319  0
3797500 2746500  1  2  1   2.6 1005  26  1.7 6  3.9  84    0    0 266 -318  0
3797500 2746500  1  2  2   2.7 1006  52  1.3 6  3.8  83    0    0 280 -317  0
3797500 2746500  1  2  3   2.2 1007  32  1.6 7  3.8  84    0    0 285 -316  0
3797500 2746500  1  2  4   2.1 1008  14  0.4 6  3.9  87    0    0 281 -316  0
3797500 2746500  1  2  5   2.5 1009   3  0.8 8  4.0  89    0    0 291 -317  0
3797500 2746500  1  2  6   2.6 1010  48  1.2 7  4.1  90    0    0 302 -317  0
3797500 2746500  1  2  7   2.4 1010 133  0.9 7  4.1  89    0    0 293 -318  0
3797500 2746500  1  2  8   2.3 1011  46  0.7 8  4.0  90    0    0 301 -318  0
3797500 2746500  1  2  9   1.9 1012 336  1.5 8  4.0  90    0    0 309 -318  0
3797500 2746500  1  2 10   2.1 1013  37  1.1 5  4.1  93    0   40 283 -319  0
3797500 2746500  1  2 11   2.0 1014  15  1.1 7  4.2  95    1   62 276 -320  0
3797500 2746500  1  2 12   2.8 1014 352  0.2 6  4.3  95    0   53 288 -322  0
3797500 2746500  1  2 13   3.2 1015 352  0.7 8  4.4  94    0   33 298 -324  0
3797500 2746500  1  2 14   3.6 1015 300  1.6 7  4.5  92    0   34 307 -327  0
3797500 2746500  1  2 15   3.5 1015 276  0.5 8  4.4  90    0   29 307 -329  0
3797500 2746500  1  2 16   3.5 1016 254  0.5 8  4.5  92    0   13 314 -328  0
3797500 2746500  1  2 17   3.5 1017 309  0.8 8  4.5  92    0    0 314 -326  0
3797500 2746500  1  2 18   3.4 1017 324  0.7 8  4.5  94    0    0 314 -323  0
3797500 2746500  1  2 19   3.4 1018 299  0.8 8  4.5  94    0    0 314 -322  0
3797500 2746500  1  2 20   3.4 1018 350  0.5 8  4.5  93    0    0 314 -322  0
3797500 2746500  1  2 21   3.1 1019 261  0.6 8  4.5  94    0    0 313 -321  0
3797500 2746500  1  2 22   3.5 1019 278  1.0 8  4.5  94    0    0 314 -320  0
3797500 2746500  1  2 23   3.2 1019 350  1.9 8  4.5  94    0    0 315 -319  0
3797500 2746500  1  2 24   2.9 1020  12  1.3 7  4.4  94    0    0 308 -319  0
3797500 2746500  1  3  1   2.5 1020 345  1.5 4  4.3  93    0    0 280 -319  0
3797500 2746500  1  3  2   1.8 1020   6  1.7 4  4.0  91    0    0 258 -317  0
3797500 2746500  1  3  3   1.0 1020  41  1.1 4  3.7  90    0    0 254 -316  0
3797500 2746500  1  3  4   0.4 1021  67  1.0 2  3.5  88    0    0 239 -316  0
3797500 2746500  1  3  5   0.6 1021  47  1.0 5  3.4  88    0    0 242 -316  0
3797500 2746500  1  3  6   0.4 1021 169  1.0 6  3.5  91    0    0 268 -316  0
3797500 2746500  1  3  7   0.4 1022   4  1.4 5  3.5  92    0    0 268 -316  0
3797500 2746500  1  3  8   0.2 1022 348  1.5 5  3.5  92    0    0 262 -316  0
3797500 2746500  1  3  9   1.0 1022   8  0.8 7  3.6  92    0    0 274 -316  0
3797500 2746500  1  3 10   0.9 1023 351  0.3 5  3.7  92   13   48 274 -316  0
3797500 2746500  1  3 11   2.2 1023 347  0.8 6  3.8  90   32   81 269 -317  0
3797500 2746500  1  3 12   2.8 1024 260  0.9 4  4.0  88   76  103 266 -320  0
3797500 2746500  1  3 13   2.9 1024 264  1.3 7  4.0  87    7  102 273 -323  0
3797500 2746500  1  3 14   3.3 1024 267  1.3 8  4.0  85    0   50 297 -325  0
3797500 2746500  1  3 15   3.4 1023 249  1.3 7  4.1  85    0   37 298 -326  0
3797500 2746500  1  3 16   3.3 1023 229  1.2 7  4.1  85    0   20 294 -324  0
3797500 2746500  1  3 17   3.0 1024 220  1.0 8  4.0  85    0    0 300 -322  0
3797500 2746500  1  3 18   2.6 1024 172  0.8 7  4.0  87    0    0 299 -320  0
3797500 2746500  1  3 19   2.7 1024 124  0.8 7  4.1  89    0    0 293 -318  0
3797500 2746500  1  3 20   2.4 1024 134  1.1 7  4.0  90    0    0 291 -316  0
3797500 2746500  1  3 21   2.2 1024 219  0.7 7  4.0  90    0    0 290 -316  0
3797500 2746500  1  3 22   1.8 1025 268  1.3 7  3.9  90    0    0 289 -316  0
3797500 2746500  1  3 23   1.8 1024 215  1.4 6  3.8  89    0    0 283 -315  0
3797500 2746500  1  3 24   1.7 1024 205  0.9 5  3.8  88    0    0 271 -314  0
3797500 2746500  1  4  1   1.9 1024 175  1.1 7  3.7  87    0    0 277 -313  0
3797500 2746500  1  4  2   1.6 1024  88  1.1 8  3.7  87    0    0 293 -313  0
3797500 2746500  1  4  3   1.7 1024  85  1.0 6  3.7  88    0    0 288 -313  0
3797500 2746500  1  4  4   1.7 1024  91  1.1 6  3.7  87    0    0 278 -313  0
3797500 2746500  1  4  5   1.6 1024 102  1.1 7  3.7  87    0    0 281 -312  0
3797500 2746500  1  4  6   1.5 1025  63  1.1 6  3.7  87    0    0 281 -311  0
3797500 2746500  1  4  7   1.2 1024  56  1.1 6  3.7  89    0    0 278 -311  0
3797500 2746500  1  4  8   0.7 1025  56  1.4 5  3.6  90    0    0 275 -310  0
3797500 2746500  1  4  9   0.8 1025  67  1.8 4  3.6  91    0    0 265 -309  0
3797500 2746500  1  4 10   0.9 1025  56  1.4 6  3.7  92    0   37 271 -308  0
3797500 2746500  1  4 11   1.5 1025  58  1.9 7  3.7  91    0   40 287 -309  0
3797500 2746500  1  4 12   1.8 1025  60  2.1 7  3.7  88    0   54 294 -311  0
3797500 2746500  1  4 13   2.1 1025  70  3.3 6  3.6  84    0   77 289 -314  0
3797500 2746500  1  4 14   2.5 1025  52  3.0 4  3.5  79   35  109 274 -315  0
3797500 2746500  1  4 15   2.7 1024  59  3.9 5  3.4  76   42   71 269 -315  0
3797500 2746500  1  4 16   2.4 1024  56  3.4 6  3.4  75   11   36 281 -314  0
3797500 2746500  1  4 17   1.7 1024  78  3.1 5  3.4  78    0    0 280 -314  0
3797500 2746500  1  4 18   1.9 1023  66  2.1 5  3.4  80    0    0 273 -313  0
3797500 2746500  1  4 19   1.8 1023  75  2.8 5  3.3  76    0    0 273 -314  0
3797500 2746500  1  4 20   1.4 1023  76  3.8 6  3.2  76    0    0 278 -314  0
3797500 2746500  1  4 21   0.6 1023  67  3.6 6  3.2  79    0    0 283 -314  0
3797500 2746500  1  4 22   0.2 1023  77  3.2 6  3.2  82    0    0 282 -314  0
3797500 2746500  1  4 23   0.2 1023  57  3.9 7  3.2  83    0    0 287 -314  0
3797500 2746500  1  4 24   0.4 1022  58  3.4 8  3.2  83    0    0 300 -315  0
3797500 2746500  1  5  1   0.4 1022  50  3.7 8  3.2  83    0    0 306 -315  0
3797500 2746500  1  5  2   0.5 1022  60  3.6 8  3.2  83    0    0 304 -315  0
3797500 2746500  1  5  3   0.5 1021  58  4.7 8  3.2  82    0    0 304 -315  0
3797500 2746500  1  5  4   0.5 1021  50  4.3 8  3.1  80    0    0 304 -315  0
3797500 2746500  1  5  5   0.3 1020  48  4.2 8  3.0  78    0    0 303 -315  0
3797500 2746500  1  5  6   0.3 1020  56  4.0 6  3.0  78    0    0 288 -314  0
3797500 2746500  1  5  7   0.0 1019  59  4.2 5  3.1  80    0    0 268 -314  0
3797500 2746500  1  5  8  -0.1 1018  55  3.9 5  3.1  83    0    0 260 -314  0
3797500 2746500  1  5  9   0.3 1018  49  3.8 6  3.2  84    0    0 269 -314  0
3797500 2746500  1  5 10   0.6 1018  48  4.1 6  3.3  84    0   40 277 -314  0
3797500 2746500  1  5 11   0.8 1017  78  4.0 7  3.3  84    0   38 284 -314  0
3797500 2746500  1  5 12   1.2 1017  71  4.3 8  3.3  82    0   48 300 -315  0
3797500 2746500  1  5 13   1.5 1016  70  4.1 7  3.4  81    0   72 301 -316  0
3797500 2746500  1  5 14   1.5 1015  81  3.5 5  3.4  81    2   86 280 -316  0
3797500 2746500  1  5 15   1.7 1014  81  3.1 6  3.4  81    1   57 274 -316  0
3797500 2746500  1  5 16   1.5 1014  73  2.6 8  3.5  81    0   25 296 -316  0
3797500 2746500  1  5 17   1.4 1014  69  2.5 8  3.5  82    0    0 310 -316  0
3797500 2746500  1  5 18   1.6 1013  87  1.8 8  3.5  82    0    0 311 -316  0
3797500 2746500  1  5 19   1.8 1013  49  2.6 8  3.5  82    0    0 311 -316  0
3797500 2746500  1  5 20   2.1 1013  88  2.6 8  3.5  80    0    0 311 -316  0
3797500 2746500  1  5 21   2.2 1013  69  2.3 8  3.5  78    0    0 310 -316  0
3797500 2746500  1  5 22   2.4 1013  77  2.4 8  3.5  78    0    0 310 -316  0
3797500 2746500  1  5 23   2.3 1013  89  2.8 8  3.5  78    0    0 308 -316  0
3797500 2746500  1  5 24   2.3 1013  82  2.1 7  3.6  80    0    0 301 -315  0
3797500 2746500  1  6  1   2.4 1013  82  1.6 7  3.6  80    0    0 295 -314  0
3797500 2746500  1  6  2   2.3 1013  82  2.0 7  3.6  81    0    0 295 -314  0
3797500 2746500  1  6  3   2.1 1013  72  2.2 8  3.7  82    0    0 299 -314  0
3797500 2746500  1  6  4   1.9 1013  72  1.9 7  3.7  84    0    0 298 -313  0
3797500 2746500  1  6  5   1.8 1014  85  2.0 7  3.7  85    0    0 293 -312  0
3797500 2746500  1  6  6   1.7 1014  82  2.7 7  3.6  85    0    0 293 -310  0
3797500 2746500  1  6  7   1.7 1014  68  2.2 7  3.6  85    0    0 292 -309  0
3797500 2746500  1  6  8   1.8 1014  68  2.2 7  3.6  84    0    0 292 -311  0
3797500 2746500  1  6  9   1.9 1014  73  2.4 8  3.6  83    0    0 295 -312  0
3797500 2746500  1  6 10   2.0 1015  77  3.0 7  3.6  82    0   36 294 -313  0
3797500 2746500  1  6 11   2.1 1016  88  1.7 7  3.6  82    0   49 289 -314  0
3797500 2746500  1  6 12   2.1 1016  77  2.2 8  3.6  81    0   37 293 -315  0
3797500 2746500  1  6 13   2.0 1016  71  2.3 8  3.6  82    0   41 298 -316  0
3797500 2746500  1  6 14   2.1 1016  60  2.2 8  3.6  82    0   39 298 -316  0
3797500 2746500  1  6 15   2.2 1016  74  2.1 8  3.6  82    0   29 299 -316  0
3797500 2746500  1  6 16   2.1 1016  76  2.1 8  3.6  82    0   12 300 -316  0
3797500 2746500  1  6 17   2.2 1016  71  2.1 8  3.7  83    0    0 300 -316  0
3797500 2746500  1  6 18   2.3 1017  81  2.5 7  3.7  84    0    0 296 -316  0
3797500 2746500  1  6 19   2.2 1017  67  2.1 8  3.7  84    0    0 295 -316  0
3797500 2746500  1  6 20   2.4 1017  64  2.2 8  3.8  84    0    0 300 -316  0
3797500 2746500  1  6 21   2.3 1017  66  2.4 8  3.7  84    0    0 300 -316  0
3797500 2746500  1  6 22   2.3 1017  64  2.7 8  3.7  84    0    0 300 -316  0
3797500 2746500  1  6 23   2.3 1018  84  3.2 8  3.7  84    0    0 301 -316  0
3797500 2746500  1  6 24   2.1 1018  78  2.7 8  3.7  84    0    0 300 -316  0
3797500 2746500  1  7  1   2.3 1018  96  2.5 7  3.7  84    0    0 296 -316  0
3797500 2746500  1  7  2   2.2 1018  72  2.4 8  3.7  84    0    0 297 -316  0
3797500 2746500  1  7  3   2.1 1018  77  2.1 8  3.7  84    0    0 302 -315  0
3797500 2746500  1  7  4   2.1 1018  74  2.3 8  3.7  84    0    0 302 -313  0
3797500 2746500  1  7  5   2.1 1018  82  2.4 8  3.7  84    0    0 302 -311  0
3797500 2746500  1  7  6   2.1 1018  83  2.5 7  3.7  84    0    0 297 -310  0
3797500 2746500  1  7  7   2.1 1019  84  2.6 8  3.7  84    0    0 298 -309  0
3797500 2746500  1  7  8   2.3 1019  91  2.4 8  3.7  84    0    0 303 -308  0
3797500 2746500  1  7  9   2.4 1019  90  2.1 8  3.7  83    0    0 304 -307  0
3797500 2746500  1  7 10   2.9 1020  92  2.1 8  3.7  82    0   25 304 -306  0
3797500 2746500  1  7 11   3.3 1020 110  1.2 8  3.8  80    0   30 306 -307  0
3797500 2746500  1  7 12   3.0 1020  96  2.9 8  3.8  80    0   34 306 -310  0
3797500 2746500  1  7 13   3.9 1020 100  2.6 8  3.8  79    0   37 306 -313  0
3797500 2746500  1  7 14   3.3 1020  86  2.6 8  3.8  78    0   33 305 -315  0
3797500 2746500  1  7 15   3.4 1020 100  2.6 8  3.8  79    0   27 304 -315  0
3797500 2746500  1  7 16   3.4 1020 109  2.7 8  3.8  78    0   13 304 -315  0
3797500 2746500  1  7 17   3.2 1020 101  2.5 8  3.7  77    0    0 305 -315  0
3797500 2746500  1  7 18   3.2 1020  97  2.9 8  3.6  77    0    0 305 -313  0
3797500 2746500  1  7 19   3.2 1020  97  2.6 8  3.6  76    0    0 305 -312  0
3797500 2746500  1  7 20   3.0 1021 103  2.0 8  3.6  76    0    0 305 -311  0
3797500 2746500  1  7 21   3.0 1021 111  2.1 8  3.6  77    0    0 305 -310  0
3797500 2746500  1  7 22   3.0 1020 108  2.7 8  3.6  76    0    0 305 -309  0
3797500 2746500  1  7 23   2.8 1021 125  2.9 8  3.6  77    0    0 304 -308  0
3797500 2746500  1  7 24   2.8 1021 121  2.9 8  3.5  77    0    0 302 -306  0
3797500 2746500  1  8  1   2.7 1021 126  2.9 5  3.5  76    0    0 286 -305  0
3797500 2746500  1  8  2   2.7 1020 121  2.9 6  3.5  76    0    0 275 -304  0
3797500 2746500  1  8  3   2.9 1020 116  2.9 5  3.5  76    0    0 275 -304  0
3797500 2746500  1  8  4   2.9 1020 107  1.9 7  3.5  75    0    0 280 -303  0
3797500 2746500  1  8  5   3.0 1020 110  2.1 7  3.5  75    0    0 290 -303  0
3797500 2746500  1  8  6   3.2 1020 122  2.6 7  3.5  75    0    0 290 -303  0
3797500 2746500  1  8  7   3.3 1019  95  2.2 8  3.6  75    0    0 294 -302  0
3797500 2746500  1  8  8   3.3 1019  98  2.5 8  3.5  74    0    0 298 -302  0
3797500 2746500  1  8  9   3.3 1020  94  2.7 8  3.6  74    0    0 298 -302  0
3797500 2746500  1  8 10   3.4 1020 119  3.3 8  3.6  75    0   11 297 -302  0
3797500 2746500  1  8 11   3.3 1021 123  4.6 8  3.6  74    0   20 296 -303  0
3797500 2746500  1  8 12   3.4 1021 112  4.4 8  3.5  73    0   35 295 -307  0
3797500 2746500  1  8 13   3.4 1021 120  4.1 8  3.5  73    0   44 296 -311  0
3797500 2746500  1  8 14   3.9 1021 135  3.6 8  3.5  72    0   53 296 -313  0
3797500 2746500  1  8 15   3.9 1021 125  3.5 7  3.5  70    3   52 291 -314  0
3797500 2746500  1  8 16   3.8 1021  99  3.6 6  3.4  68   32   16 280 -313  0
3797500 2746500  1  8 17   2.8 1021 122  2.9 3  3.3  69    0    5 262 -311  0
3797500 2746500  1  8 18   1.9 1021 107  2.1 1  3.2  72    0    0 236 -309  0
3797500 2746500  1  8 19   1.3 1022 105  2.1 0  3.2  75    0    0 221 -307  0
3797500 2746500  1  8 20   1.3 1022  95  1.8 0  3.1  76    0    0 216 -305  0
3797500 2746500  1  8 21   1.1 1022  90  1.8 0  3.1  76    0    0 217 -304  0
3797500 2746500  1  8 22   0.8 1023  87  2.0 0  3.0  75    0    0 217 -303  0
3797500 2746500  1  8 23   0.5 1023  86  1.4 0  3.0  75    0    0 217 -302  0
3797500 2746500  1  8 24   0.1 1023  85  1.6 0  2.9  75    0    0 215 -301  0
3797500 2746500  1  9  1  -0.4 1023  87  1.5 0  2.8  76    0    0 215 -300  0
3797500 2746500  1  9  2  -0.4 1022  78  1.2 0  2.9  79    0    0 215 -299  0
3797500 2746500  1  9  3  -0.3 1022  78  1.6 0  2.9  79    0    0 215 -299  0
3797500 2746500  1  9  4  -0.1 1022  83  1.8 0  2.9  78    0    0 216 -299  0
3797500 2746500  1  9  5  -1.0 1022  90  1.4 0  2.8  79    0    0 215 -299  0
3797500 2746500  1  9  6  -0.5 1022  80  1.4 1  2.8  79    0    0 220 -300  0
3797500 2746500  1  9  7  -1.1 1022  78  1.7 1  2.8  80    0    0 225 -301  0
3797500 2746500  1  9  8  -1.0 1022  91  1.6 1  2.8  81    0    0 225 -301  0
3797500 2746500  1  9  9  -1.7 1023  94  1.8 0  2.7  80    0    0 220 -301  0
3797500 2746500  1  9 10  -0.1 1023  99  1.7 0  2.8  79   42   46 216 -302  0
3797500 2746500  1  9 11   1.3 1023  93  0.8 0  2.9  75  100   68 219 -304  0
3797500 2746500  1  9 12   2.7 1023 166  0.7 0  3.0  69  163   74 222 -308  0
3797500 2746500  1  9 13   3.4 1022 171  1.2 0  3.0  64  192   73 225 -311  0
3797500 2746500  1  9 14   4.2 1021 205  0.9 0  3.0  61  186   65 226 -313  0
3797500 2746500  1  9 15   4.5 1021 173  0.8 0  3.0  59  128   55 227 -314  0
3797500 2746500  1  9 16   4.2 1021 189  0.6 0  3.0  59    0   21 229 -313  0
3797500 2746500  1  9 17   3.2 1021 268  0.5 0  2.9  60    0    6 228 -311  0
3797500 2746500  1  9 18   2.2 1021 186  0.4 1  2.9  64    0    0 232 -308  0
3797500 2746500  1  9 19   2.4 1021 191  0.6 0  2.9  66    0    0 232 -305  0
3797500 2746500  1  9 20   1.6 1022 192  1.1 0  2.9  67    0    0 227 -305  0
3797500 2746500  1  9 21   0.9 1022 192  1.2 1  2.9  70    0    0 229 -304  0
3797500 2746500  1  9 22   0.6 1022 192  2.3 0  2.8  71    0    0 226 -304  0
3797500 2746500  1  9 23   0.5 1022 191  2.5 0  2.8  72    0    0 221 -303  0
3797500 2746500  1  9 24   0.3 1022 196  2.9 0  2.8  73    0    0 219 -302  0
3797500 2746500  1 10  1   0.3 1022 196  3.1 5  2.8  74    0    0 242 -302  0
3797500 2746500  1 10  2   0.2 1022 194  3.0 5  2.9  75    0    0 265 -303  0
3797500 2746500  1 10  3   0.2 1022 188  3.0 3  2.9  75    0    0 254 -305  0
3797500 2746500  1 10  4   0.3 1022 193  2.2 4  2.9  75    0    0 248 -307  0
3797500 2746500  1 10  5   0.3 1022 197  2.1 4  2.9  75    0    0 251 -309  0
3797500 2746500  1 10  6   0.2 1022 192  1.9 3  2.9  75    0    0 246 -310  0
3797500 2746500  1 10  7   0.1 1022 184  2.3 4  2.8  74    0    0 246 -311  0
3797500 2746500  1 10  8  -0.2 1022 193  2.3 3  2.8  75    0    0 245 -312  0
3797500 2746500  1 10  9  -0.3 1023 181  2.5 4  2.8  75    0    0 244 -313  0
3797500 2746500  1 10 10   0.1 1023 182  2.2 4  2.8  75   44   47 248 -313  0
3797500 2746500  1 10 11   1.1 1023 183  2.9 5  2.9  73   66   84 253 -314  0
3797500 2746500  1 10 12   2.0 1023 171  3.3 5  3.0  71   66  117 258 -315  0
3797500 2746500  1 10 13   3.3 1023 193  2.9 4  3.1  67   79  125 253 -316  0
3797500 2746500  1 10 14   3.2 1022 200  1.9 5  3.1  65   76   93 252 -317  0
3797500 2746500  1 10 15   3.1 1022 173  2.3 5  3.1  67   48   78 254 -319  0
3797500 2746500  1 10 16   2.9 1022 184  2.2 5  3.2  68   19   42 252 -319  0
3797500 2746500  1 10 17   2.7 1021 184  2.6 6  3.1  68    0    3 256 -318  0
3797500 2746500  1 10 18   2.7 1021 183  2.8 5  3.1  68    0    0 256 -317  0
3797500 2746500  1 10 19   3.0 1021 181  3.0 3  3.1  68    0    0 246 -317  0
3797500 2746500  1 10 20   3.2 1021 192  3.2 3  3.1  66    0    0 240 -317  0
3797500 2746500  1 10 21   2.8 1021 191  3.1 5  3.1  67    0    0 248 -317  0
3797500 2746500  1 10 22   2.5 1021 191  3.1 4  3.1  68    0    0 251 -317  0
3797500 2746500  1 10 23   2.2 1021 202  3.7 3  3.0  68    0    0 243 -317  0
3797500 2746500  1 10 24   2.3 1020 193  3.2 2  3.0  68    0    0 236 -317  0
3797500 2746500  1 11  1   1.9 1020 192  3.3 1  3.0  68    0    0 227 -318  0
3797500 2746500  1 11  2   2.0 1020 202  3.4 1  3.0  68    0    0 223 -318  0
3797500 2746500  1 11  3   1.8 1020 193  3.5 1  2.9  68    0    0 223 -317  0
3797500 2746500  1 11  4   2.2 1019 192  2.9 3  3.0  68    0    0 232 -318  0
3797500 2746500  1 11  5   1.8 1019 195  3.3 4  3.0  68    0    0 246 -319  0
3797500 2746500  1 11  6   1.6 1019 193  3.0 5  3.0  70    0    0 254 -319  0
3797500 2746500  1 11  7   1.8 1018 183  3.4 3  3.0  70    0    0 251 -319  0
3797500 2746500  1 11  8   1.9 1018 184  3.6 4  3.0  71    0    0 249 -318  0
3797500 2746500  1 11  9   1.9 1018 183  4.1 6  3.1  71    0    0 262 -319  0
3797500 2746500  1 11 10   2.5 1018 193  3.7 8  3.1  71    0   15 279 -320  0
3797500 2746500  1 11 11   2.4 1019 184  3.4 8  3.2  71    0   48 288 -322  0
3797500 2746500  1 11 12   3.0 1019 204  5.0 8  3.2  70    4  107 289 -325  0
3797500 2746500  1 11 13   3.7 1019 195  3.9 6  3.3  70   22  147 284 -326  0
3797500 2746500  1 11 14   4.5 1018 205  3.9 7  3.5  69   19   96 283 -328  0
3797500 2746500  1 11 15   4.4 1017 195  2.9 7  3.7  72    0   54 290 -328  0
3797500 2746500  1 11 16   4.2 1017 195  2.9 8  4.0  79    0   18 296 -327  0
3797500 2746500  1 11 17   3.9 1017 196  2.0 8  4.2  84    0    0 301 -326  0
3797500 2746500  1 11 18   3.9 1018 205  1.9 8  4.3  87    0    0 304 -325  0
3797500 2746500  1 11 19   3.9 1019 206  1.9 8  4.4  88    0    0 306 -325  0
3797500 2746500  1 11 20   3.9 1019 220  2.1 8  4.5  90    0    0 308 -326  0
3797500 2746500  1 11 21   4.1 1020 226  2.1 8  4.6  91    0    0 310 -327  0
3797500 2746500  1 11 22   4.1 1021 235  1.9 8  4.6  91    0    0 312 -327  0
3797500 2746500  1 11 23   4.2 1022 230  1.5 7  4.7  92    0    0 312 -326  0
3797500 2746500  1 11 24   4.1 1022 201  0.8 8  4.7  92    0    0 313 -326  0
3797500 2746500  1 12  1   3.9 1023 205  0.6 4  4.7  93    0    0 305 -326  0
3797500 2746500  1 12  2   3.8 1024 206  0.4 3  4.7  95    0    0 290 -325  0
3797500 2746500  1 12  3   3.9 1024 245  0.3 6  4.7  96    0    0 296 -325  0
3797500 2746500  1 12  4   3.6 1025 180  0.4 3  4.7  96    0    0 295 -326  0
3797500 2746500  1 12  5   3.9 1025 166  1.0 7  4.7  96    0    0 299 -326  0
3797500 2746500  1 12  6   3.8 1025 218  0.4 7  4.7  96    0    0 315 -325  0
3797500 2746500  1 12  7   3.7 1025 253  0.2 6  4.7  96    0    0 311 -325  0
3797500 2746500  1 12  8   3.6 1026 222  0.6 8  4.7  96    0    0 315 -325  0
3797500 2746500  1 12  9   3.7 1027 182  0.3 7  4.7  96    0    0 319 -325  0
3797500 2746500  1 12 10   3.6 1027 142  0.3 7  4.7  96    0   41 315 -325  0
3797500 2746500  1 12 11   4.2 1028 123  0.8 7  4.7  95    0   66 316 -327  0
3797500 2746500  1 12 12   4.6 1028 114  1.5 7  4.8  94    1   92 316 -329  0
3797500 2746500  1 12 13   5.2 1028 100  3.5 5  4.6  88   52  132 309 -331  0
3797500 2746500  1 12 14   4.8 1027 114  5.3 4  4.3  80  179   82 296 -334  0
3797500 2746500  1 12 15   4.2 1026 142  4.0 3  4.1  79  109   69 288 -336  0
3797500 2746500  1 12 16   3.8 1026 210  1.6 5  4.0  80   27   44 288 -336  0
3797500 2746500  1 12 17   2.7 1027  34  1.1 5  3.9  82    0    6 290 -334  0
3797500 2746500  1 12 18   2.7 1027  62  0.7 3  3.8  84    0    0 279 -329  0
3797500 2746500  1 12 19   2.4 1027  70  1.1 5  3.9  86    0    0 277 -324  0
3797500 2746500  1 12 20   2.9 1027 131  2.9 6  3.9  86    0    0 287 -322  0
3797500 2746500  1 12 21   3.1 1027 129  3.5 6  3.9  84    0    0 291 -320  0
3797500 2746500  1 12 22   3.4 1027 123  2.3 7  3.9  82    0    0 296 -319  0
3797500 2746500  1 12 23   4.1 1027 148  3.6 7  4.0  81    0    0 300 -319  0
3797500 2746500  1 12 24   4.1 1026 143  3.6 7  4.0  80    0    0 301 -317  0
3797500 2746500  1 13  1   3.5 1026 114  4.5 3  3.9  80    0    0 282 -316  0
3797500 2746500  1 13  2   2.6 1026 130  3.8 0  3.8  82    0    0 249 -316  0
3797500 2746500  1 13  3   2.5 1025 119  3.1 0  3.8  84    0    0 233 -315  0
3797500 2746500  1 13  4   2.5 1025 123  3.4 0  3.8  84    0    0 232 -314  0
3797500 2746500  1 13  5   2.0 1025 135  3.3 0  3.8  85    0    0 232 -312  0
3797500 2746500  1 13  6   2.0 1024 143  2.9 0  3.7  86    0    0 230 -311  0
3797500 2746500  1 13  7   1.6 1024 140  2.7 0  3.6  85    0    0 227 -311  0
3797500 2746500  1 13  8   1.2 1024 124  1.6 0  3.5  84    0    0 225 -310  0
3797500 2746500  1 13  9   1.7 1024 137  2.0 1  3.5  83    0    0 227 -310  0
3797500 2746500  1 13 10   2.5 1023 155  2.3 1  3.5  81   38   56 230 -310  0
3797500 2746500  1 13 11   3.1 1023 141  1.7 1  3.6  79   69   93 231 -311  0
3797500 2746500  1 13 12   2.6 1023 154  4.3 3  3.6  79   76  127 235 -313  0
3797500 2746500  1 13 13   2.7 1023 159  5.3 4  3.6  78   94  136 239 -315  0
3797500 2746500  1 13 14   2.8 1022 157  4.3 5  3.5  77   83  117 241 -315  0
3797500 2746500  1 13 15   2.5 1022 140  5.9 6  3.5  77   20   83 243 -316  0
3797500 2746500  1 13 16   2.3 1022 160  4.8 6  3.4  75    0   32 242 -316  0
3797500 2746500  1 13 17   2.0 1022 165  4.0 8  3.2  74    0    4 245 -315  0
3797500 2746500  1 13 18   1.6 1022 149  5.0 7  3.2  74    0    0 247 -313  0
3797500 2746500  1 13 19   1.0 1022 164  4.6 6  3.1  76    0    0 241 -310  0
3797500 2746500  1 13 20   0.6 1022 159  3.8 6  3.0  76    0    0 237 -308  0
3797500 2746500  1 13 21   0.5 1022 161  3.5 4  3.0  76    0    0 232 -306  0
3797500 2746500  1 13 22   0.5 1022 176  3.9 3  2.9  75    0    0 226 -305  0
3797500 2746500  1 13 23   0.4 1022 173  3.7 2  2.9  76    0    0 222 -305  0
3797500 2746500  1 13 24   0.3 1022 165  3.6 0  3.0  78    0    0 216 -306  0
3797500 2746500  1 14  1   0.4 1022 167  2.9 4  3.1  80    0    0 222 -307  0
3797500 2746500  1 14  2   0.7 1022 161  2.3 3  3.2  81    0    0 230 -308  0
3797500 2746500  1 14  3   0.8 1022 171  3.1 1  3.3  82    0    0 224 -307  0
3797500 2746500  1 14  4   0.6 1022 169  2.9 1  3.2  81    0    0 219 -306  0
3797500 2746500  1 14  5   0.4 1022 171  2.8 0  3.1  79    0    0 216 -305  0
3797500 2746500  1 14  6   0.9 1022 183  2.8 0  3.0  76    0    0 215 -305  0
3797500 2746500  1 14  7   0.9 1022 184  2.8 1  2.9  73    0    0 217 -306  0
3797500 2746500  1 14  8   1.1 1022 182  2.3 1  3.0  74    0    0 219 -306  0
3797500 2746500  1 14  9   1.3 1022 175  3.1 1  3.0  73    0    0 219 -307  0
3797500 2746500  1 14 10   2.0 1023 179  3.3 0  3.0  72   56   40 219 -307  0
3797500 2746500  1 14 11   3.0 1023 170  3.1 0  3.1  70  118   59 220 -309  0
3797500 2746500  1 14 12   4.2 1023 177  3.5 0  3.2  66  183   63 222 -313  0
3797500 2746500  1 14 13   5.2 1022 169  3.8 0  3.2  61  214   61 225 -315  0
3797500 2746500  1 14 14   6.0 1022 165  3.1 0  3.2  57  204   55 227 -316  0
3797500 2746500  1 14 15   6.3 1022 172  2.9 0  3.3  56  154   49 229 -318  0
3797500 2746500  1 14 16   5.7 1021 172  2.0 1  3.2  55   65   40 230 -317  0
3797500 2746500  1 14 17   5.0 1021 173  1.7 2  3.0  54    3    9 230 -316  0
3797500 2746500  1 14 18   4.2 1021 179  1.6 2  2.8  53    0    0 228 -314  0
3797500 2746500  1 14 19   3.5 1021 165  2.2 1  2.7  54    0    0 224 -312  0
3797500 2746500  1 14 20   3.6 1021 165  2.4 1  2.6  54    0    0 222 -311  0
3797500 2746500  1 14 21   3.8 1021 174  1.3 0  2.6  53    0    0 223 -310  0
3797500 2746500  1 14 22   3.0 1021 180  2.0 0  2.6  54    0    0 221 -309  0
3797500 2746500  1 14 23   2.8 1021 175  2.0 0  2.5  54    0    0 219 -309  0
3797500 2746500  1 14 24   2.5 1021 182  2.3 0  2.3  51    0    0 218 -309  0
3797500 2746500  1 15  1   1.9 1020 182  1.6 0  2.3  52    0    0 216 -308  0
3797500 2746500  1 15  2   1.1 1020 125  1.6 0  2.3  56    0    0 215 -307  0
3797500 2746500  1 15  3   1.9 1020 184  2.5 0  2.3  55    0    0 215 -306  0
3797500 2746500  1 15  4   1.0 1019 180  1.6 0  2.3  55    0    0 214 -306  0
3797500 2746500  1 15  5   0.3 1019 209  1.5 0  2.4  60    0    0 212 -305  0
3797500 2746500  1 15  6  -0.8 1018 197  1.3 0  2.4  64    0    0 210 -304  0
3797500 2746500  1 15  7  -1.4 1018 194  1.8 0  2.4  68    0    0 209 -303  0
3797500 2746500  1 15  8  -1.6 1018 195  1.5 0  2.3  69    0    0 208 -303  0
3797500 2746500  1 15  9  -2.1 1018 187  1.3 0  2.3  69    0    0 206 -302  0
3797500 2746500  1 15 10  -2.0 1018 185  1.5 0  2.3  70   52   44 206 -303  0
3797500 2746500  1 15 11  -2.1 1018 164  3.8 0  2.3  71  110   65 205 -306  0
3797500 2746500  1 15 12  -2.0 1018 174  3.8 0  2.3  72  172   72 204 -309  0
3797500 2746500  1 15 13  -1.3 1018 163  4.1 0  2.4  72  203   71 205 -313  0
3797500 2746500  1 15 14  -1.2 1017 162  4.7 0  2.5  71  196   63 206 -315  0
3797500 2746500  1 15 15  -1.1 1016 174  4.3 0  2.4  71  147   56 207 -316  0
3797500 2746500  1 15 16  -1.6 1016 168  4.1 0  2.4  71   65   42 206 -315  0
3797500 2746500  1 15 17  -1.9 1016 155  4.2 0  2.4  71    3   10 206 -313  0
3797500 2746500  1 15 18  -2.5 1015 164  3.5 0  2.3  73    0    0 206 -311  0
3797500 2746500  1 15 19  -2.5 1015 161  4.3 1  2.3  74    0    0 206 -309  0
3797500 2746500  1 15 20  -2.6 1015 163  3.3 1  2.3  74    0    0 207 -308  0
3797500 2746500  1 15 21  -2.2 1015 166  2.3 0  2.4  74    0    0 208 -308  0
3797500 2746500  1 15 22  -2.3 1015 167  2.8 0  2.4  74    0    0 207 -308  0
3797500 2746500  1 15 23  -2.2 1015 157  2.5 0  2.4  74    0    0 207 -310  0
3797500 2746500  1 15 24  -2.2 1015 161  1.7 0  2.3  73    0    0 208 -308  0
3797500 2746500  1 16  1  -2.3 1015 150  2.5 0  2.4  74    0    0 208 -304  0
3797500 2746500  1 16  2  -1.7 1015 149  1.9 0  2.5  76    0    0 208 -302  0
3797500 2746500  1 16  3  -1.6 1015 158  2.7 0  2.6  77    0    0 209 -302  0
3797500 2746500  1 16  4  -1.2 1015 170  2.2 0  2.6  76    0    0 210 -304  0
3797500 2746500  1 16  5  -0.9 1014 171  1.7 1  2.6  74    0    0 213 -306  0
3797500 2746500  1 16  6  -0.9 1014 172  2.4 3  2.5  72    0    0 220 -306  0
3797500 2746500  1 16  7  -0.5 1014 166  2.6 2  2.5  70    0    0 224 -308  0
3797500 2746500  1 16  8  -0.4 1013 175  3.0 2  2.5  69    0    0 223 -311  0
3797500 2746500  1 16  9  -0.7 1013 173  2.5 2  2.6  70    0    0 224 -311  0
3797500 2746500  1 16 10   0.4 1013 164  3.0 0  2.6  69   50   48 220 -311  0
3797500 2746500  1 16 11   1.8 1013 172  3.2 0  2.7  66  105   74 219 -314  0
3797500 2746500  1 16 12   2.8 1013 172  3.3 0  2.8  62  161   86 224 -318  0
3797500 2746500  1 16 13   3.7 1012 163  4.1 0  2.8  59  189   87 229 -322  0
3797500 2746500  1 16 14   4.3 1011 154  4.1 0  2.9  58  184   79 234 -324  0
3797500 2746500  1 16 15   4.8 1011 165  4.6 0  3.0  56  139   68 239 -324  0
3797500 2746500  1 16 16   4.4 1010 165  4.2 1  2.9  56   65   48 245 -323  0
3797500 2746500  1 16 17   3.2 1010 165  4.0 1  2.9  57    4   12 250 -322  0
3797500 2746500  1 16 18   3.2 1010 174  3.6 3  2.8  59    0    0 256 -321  0
3797500 2746500  1 16 19   3.6 1009 175  4.1 5  2.9  59    0    0 271 -321  0
3797500 2746500  1 16 20   4.0 1009 166  4.2 5  2.9  58    0    0 280 -321  0
3797500 2746500  1 16 21   3.6 1008 174  4.2 7  2.9  59    0    0 289 -322  0
3797500 2746500  1 16 22   3.7 1008 173  4.3 6  3.0  61    0    0 295 -322  0
3797500 2746500  1 16 23   3.3 1007 174  4.7 6  3.1  63    0    0 295 -323  0
3797500 2746500  1 16 24   3.0 1007 182  3.4 7  3.2  67    0    0 299 -323  0
3797500 2746500  1 17  1   2.9 1007 163  5.5 8  3.5  74    0    0 307 -323  0
3797500 2746500  1 17  2   2.8 1005 172  4.4 8  3.8  80    0    0 313 -323  0
3797500 2746500  1 17  3   2.9 1005 172  4.5 8  3.8  82    0    0 315 -323  0
3797500 2746500  1 17  4   2.6 1004 182  4.8 8  3.8  82    0    0 317 -323  0
3797500 2746500  1 17  5   2.5 1004 172  4.5 8  3.9  84    0    0 318 -323  0
3797500 2746500  1 17  6   2.6 1003 172  4.4 8  3.9  85    0    0 320 -324  0
3797500 2746500  1 17  7   2.8 1002 174  4.3 8  3.9  84    0    0 321 -324  0
3797500 2746500  1 17  8   3.1 1001 176  4.6 7  3.9  83    0    0 318 -324  0
3797500 2746500  1 17  9   3.1 1001 176  5.2 7  4.0  83    0    0 313 -323  0
3797500 2746500  1 17 10   3.3 1000 184  3.6 7  4.0  83    0   29 313 -323  0
3797500 2746500  1 17 11   3.5  999 172  4.4 7  4.2  85    0   58 313 -325  0
3797500 2746500  1 17 12   3.7  998 172  4.4 7  4.3  87    1   83 315 -328  0
3797500 2746500  1 17 13   3.5  997 193  4.0 7  4.4  88    0   70 316 -330  0
3797500 2746500  1 17 14   3.6  996 213  3.4 8  4.4  89    0   66 321 -331  0
3797500 2746500  1 17 15   3.7  995 213  3.2 8  4.5  89    0   38 327 -331  0
3797500 2746500  1 17 16   3.8  995 226  3.7 8  4.6  90    0   32 329 -330  0
3797500 2746500  1 17 17   4.0  994 243  3.6 8  4.7  92    0    1 330 -329  0
3797500 2746500  1 17 18   4.5  994 239  3.5 7  4.9  92    0    0 326 -329  0
3797500 2746500  1 17 19   4.8  995 261  2.4 8  5.1  94    0    0 326 -329  0
3797500 2746500  1 17 20   5.2  995 297  2.4 8  5.2  94    0    0 334 -329  0
3797500 2746500  1 17 21   5.1  995 259  2.6 8  5.2  92    0    0 335 -329  0
3797500 2746500  1 17 22   4.9  996 279  2.2 8  5.1  92    0    0 334 -329  0
3797500 2746500  1 17 23   5.0  996 269  2.3 8  5.1  93    0    0 333 -329  0
3797500 2746500  1 17 24   5.0  996 269  2.4 7  5.2  94    0    0 323 -329  0
3797500 2746500  1 18  1   4.6  997 269  2.5 7  5.1  94    0    0 308 -329  0
3797500 2746500  1 18  2   4.5  997 280  2.8 7  5.0  93    0    0 303 -328  0
3797500 2746500  1 18  3   4.3  997 280  2.7 7  4.9  92    0    0 298 -328  0
3797500 2746500  1 18  4   3.9  998 273  3.0 8  4.8  92    0    0 311 -328  0
3797500 2746500  1 18  5   4.0  998 271  3.0 7  4.7  93    0    0 311 -327  0
3797500 2746500  1 18  6   4.0  999 289  2.7 7  4.7  92    0    0 301 -328  0
3797500 2746500  1 18  7   4.1  999 299  3.7 8  4.6  90    0    0 315 -329  0
3797500 2746500  1 18  8   3.9 1000 280  3.1 7  4.5  88    0    0 317 -330  0
3797500 2746500  1 18  9   3.6 1001 290  1.5 6  4.5  89    0    9 303 -331  0
3797500 2746500  1 18 10   3.3 1002 282  1.8 5  4.4  90    5   52 290 -332  0
3797500 2746500  1 18 11   3.3 1003 289  2.1 7  4.4  91    0   53 295 -333  0
3797500 2746500  1 18 12   3.5 1004 285  2.1 7  4.5  91    0   78 308 -335  0
3797500 2746500  1 18 13   4.0 1004 301  2.3 6  4.5  89   17  133 300 -336  0
3797500 2746500  1 18 14   4.8 1005 316  2.3 4  4.4  85   92  132 277 -338  0
3797500 2746500  1 18 15   5.0 1005 308  1.4 2  4.3  80   94   99 248 -340  0
3797500 2746500  1 18 16   5.0 1005 305  1.8 4  4.3  78   23   52 251 -339  0
3797500 2746500  1 18 17   4.7 1006 288  1.7 5  4.3  80    1   11 274 -337  0
3797500 2746500  1 18 18   4.5 1007 291  1.5 6  4.4  84    0    0 289 -333  0
3797500 2746500  1 18 19   4.6 1007 324  2.7 5  4.5  85    0    0 288 -330  0
3797500 2746500  1 18 20   4.2 1009 325  2.8 5  4.4  84    0    0 279 -329  0
3797500 2746500  1 18 21   3.1 1009 288  1.8 5  4.2  85    0    0 275 -330  0
3797500 2746500  1 18 22   2.6 1011 331  1.4 5  4.1  87    0    0 272 -330  0
3797500 2746500  1 18 23   1.8 1011 299  1.3 4  3.9  88    0    0 262 -330  0
3797500 2746500  1 18 24   1.5 1012 217  0.7 5  3.9  91    0    0 260 -331  0
3797500 2746500  1 19  1   1.2 1013 348  0.3 3  3.9  92    0    0 254 -331  0
3797500 2746500  1 19  2   1.4 1014 151  1.2 4  3.8  92    0    0 250 -332  0
3797500 2746500  1 19  3   1.6 1014 220  0.7 6  3.9  93    0    0 274 -333  0
3797500 2746500  1 19  4   1.0 1015 175  1.1 6  3.9  94    0    0 288 -335  0
3797500 2746500  1 19  5   1.1 1015 174  1.4 8  3.9  95    0    0 302 -336  0
3797500 2746500  1 19  6   1.6 1015 171  1.2 7  4.0  96    0    0 311 -339  0
3797500 2746500  1 19  7   2.0 1015 170  2.0 8  4.1  94    0    0 313 -342  0
3797500 2746500  1 19  8   2.5 1015 169  2.1 7  4.1  93    0    0 317 -346  0
3797500 2746500  1 19  9   2.4 1015 169  2.3 8  4.2  93    0    7 318 -348  0
3797500 2746500  1 19 10   2.7 1016 178  2.2 5  4.2  92    4   55 308 -349  0
3797500 2746500  1 19 11   3.2 1016 168  3.0 5  4.3  92    7   97 292 -350  0
3797500 2746500  1 19 12   3.5 1016 188  3.1 6  4.5  93    4  111 300 -351  0
3797500 2746500  1 19 13   3.6 1016 179  3.7 7  4.5  91    1   95 313 -352  0
3797500 2746500  1 19 14   4.4 1016 178  3.5 6  4.3  85    6  117 315 -354  0
3797500 2746500  1 19 15   4.7 1015 179  3.5 7  4.2  81    0   62 316 -354  0
3797500 2746500  1 19 16   4.9 1015 180  3.6 8  4.3  81    0   10 328 -355  0
3797500 2746500  1 19 17   5.3 1015 180  2.8 8  4.5  82    0    1 334 -355  0
3797500 2746500  1 19 18   5.4 1015 190  2.3 8  4.6  82    0    0 335 -355  0
3797500 2746500  1 19 19   5.5 1015 199  2.5 8  4.6  83    0    0 334 -355  0
3797500 2746500  1 19 20   5.8 1015 200  2.9 8  4.7  83    0    0 335 -355  0
3797500 2746500  1 19 21   6.0 1015 189  2.9 7  4.7  82    0    0 329 -356  0
3797500 2746500  1 19 22   6.6 1015 209  3.5 7  4.8  81    0    0 324 -355  0
3797500 2746500  1 19 23   6.2 1015 209  3.8 8  5.0  83    0    0 332 -355  0
3797500 2746500  1 19 24   6.3 1015 198  3.1 7  5.2  87    0    0 332 -354  0
3797500 2746500  1 20  1   6.5 1014 206  3.6 7  5.4  90    0    0 326 -353  0
3797500 2746500  1 20  2   6.9 1014 207  3.3 7  5.6  91    0    0 327 -352  0
3797500 2746500  1 20  3   7.4 1014 209  3.2 7  5.7  90    0    0 330 -351  0
3797500 2746500  1 20  4   7.0 1013 208  3.3 7  5.8  91    0    0 330 -351  0
3797500 2746500  1 20  5   7.0 1013 208  2.8 7  5.8  93    0    0 330 -351  0
3797500 2746500  1 20  6   6.8 1013 209  3.3 8  5.8  93    0    0 335 -351  0
3797500 2746500  1 20  7   7.4 1012 210  3.7 8  5.7  91    0    0 342 -351  0
3797500 2746500  1 20  8   7.5 1012 210  3.0 7  5.7  88    0    0 338 -351  0
3797500 2746500  1 20  9   7.4 1012 221  3.4 7  5.7  88    0    0 332 -350  0
3797500 2746500  1 20 10   8.0 1011 220  3.3 8  5.7  87    0   10 337 -350  0
3797500 2746500  1 20 11   8.1 1011 220  3.7 8  5.7  85    0   26 343 -350  0
3797500 2746500  1 20 12   7.9 1011 219  4.1 7  5.8  86    0   53 338 -350  0
3797500 2746500  1 20 13   8.1 1010 213  3.3 7  5.8  87    0   72 332 -351  0
3797500 2746500  1 20 14   8.4 1009 220  4.4 8  5.8  86    0   58 338 -351  0
3797500 2746500  1 20 15   9.0 1008 221  5.1 8  5.8  82    0   43 345 -350  0
3797500 2746500  1 20 16   8.1 1007 230  5.1 8  5.8  84    0   39 345 -350  0
3797500 2746500  1 20 17   7.5 1006 235  4.7 8  5.9  90    0    3 342 -350  0
3797500 2746500  1 20 18   5.3 1006 269  2.3 8  5.5  91    0    0 335 -348  0
3797500 2746500  1 20 19   5.7 1007 267  2.7 7  5.0  88    0    0 323 -345  0
3797500 2746500  1 20 20   4.9 1008 255  3.0 5  4.8  87    0    0 302 -340  0
3797500 2746500  1 20 21   4.7 1009 249  3.0 2  4.7  87    0    0 269 -337  0
3797500 2746500  1 20 22   3.6 1009 242  3.0 2  4.5  87    0    0 247 -334  0
3797500 2746500  1 20 23   3.4 1010 230  2.6 2  4.3  88    0    0 241 -332  0
3797500 2746500  1 20 24   4.0 1010 233  3.4 3  4.3  87    0    0 247 -330  0
3797500 2746500  1 21  1   4.9 1010 251  4.6 6  4.4  84    0    0 273 -329  0
3797500 2746500  1 21  2   4.9 1010 241  3.7 7  4.5  83    0    0 299 -327  0
3797500 2746500  1 21  3   5.6 1010 249  5.0 7  4.5  82    0    0 307 -326  0
3797500 2746500  1 21  4   5.6 1011 248  4.7 8  4.6  80    0    0 318 -327  0
3797500 2746500  1 21  5   5.5 1011 248  4.9 8  4.6  82    0    0 327 -329  0
3797500 2746500  1 21  6   5.4 1011 248  4.6 6  4.7  83    0    0 313 -330  0
3797500 2746500  1 21  7   5.7 1011 261  4.8 8  4.7  83    0    0 314 -331  0
3797500 2746500  1 21  8   5.5 1012 259  4.8 8  4.7  84    0    0 326 -332  0
3797500 2746500  1 21  9   5.3 1012 259  4.4 8  4.8  85    0    6 324 -332  0
3797500 2746500  1 21 10   5.3 1013 257  4.3 7  4.8  86    0   39 316 -332  0
3797500 2746500  1 21 11   5.4 1013 257  4.2 7  4.9  88    0   50 311 -333  0
3797500 2746500  1 21 12   5.5 1013 257  5.0 8  5.0  88    0   54 316 -335  0
3797500 2746500  1 21 13   6.0 1013 276  3.1 5  5.0  88    4   98 303 -338  0
3797500 2746500  1 21 14   6.4 1014 284  3.4 7  5.0  85    0   63 298 -341  0
3797500 2746500  1 21 15   6.6 1014 309  3.4 7  4.7  78    0   58 310 -342  0
3797500 2746500  1 21 16   6.5 1014 317  3.7 7  4.5  75   15   43 309 -342  0
3797500 2746500  1 21 17   5.9 1015 306  4.0 6  4.5  77    0   11 302 -340  0
3797500 2746500  1 21 18   5.5 1015 289  3.8 6  4.5  79    0    0 296 -335  0
3797500 2746500  1 21 19   5.3 1016 313  3.9 7  4.5  81    0    0 300 -331  0
3797500 2746500  1 21 20   4.9 1016 315  3.8 7  4.5  83    0    0 304 -328  0
3797500 2746500  1 21 21   3.2 1017  28  5.4 8  4.2  83    0    0 306 -328  0
3797500 2746500  1 21 22   2.4 1019  38  3.9 8  3.8  83    0    0 306 -326  0
3797500 2746500  1 21 23   2.1 1020  29  4.2 8  3.7  83    0    0 302 -324  0
3797500 2746500  1 21 24   1.9 1021  29  3.0 8  3.7  85    0    0 302 -323  0
3797500 2746500  1 22  1   1.0 1022  38  2.6 8  3.7  88    0    0 301 -321  0
3797500 2746500  1 22  2   1.1 1023   8  1.8 8  3.6  89    0    0 302 -320  0
3797500 2746500  1 22  3   0.9 1024  11  2.2 8  3.6  90    0    0 302 -321  0
3797500 2746500  1 22  4   0.9 1025  14  2.0 8  3.6  90    0    0 301 -321  0
3797500 2746500  1 22  5   1.0 1026  11  2.6 8  3.5  88    0    0 299 -319  0
3797500 2746500  1 22  6   0.8 1026  21  2.7 8  3.5  88    0    0 297 -316  0
3797500 2746500  1 22  7   0.7 1027  52  2.6 8  3.5  87    0    0 295 -316  0
3797500 2746500  1 22  8   1.1 1028  59  2.5 8  3.3  84    0    0 294 -315  0
3797500 2746500  1 22  9   0.9 1029  51  2.0 8  3.3  82    0    3 293 -313  0
3797500 2746500  1 22 10   0.4 1029  67  2.8 8  3.3  83    0   25 290 -312  0
3797500 2746500  1 22 11   0.1 1030  47  2.9 8  3.1  82    0   31 288 -313  0
3797500 2746500  1 22 12  -0.2 1030  51  2.0 8  3.0  81    0   33 287 -314  0
3797500 2746500  1 22 13  -0.7 1031  50  2.6 8  2.9  81    0   36 288 -314  0
3797500 2746500  1 22 14  -1.4 1030  58  2.9 7  2.9  83    0   37 282 -314  0
3797500 2746500  1 22 15  -1.5 1030  71  2.6 7  2.8  83    0   29 275 -313  0
3797500 2746500  1 22 16  -1.7 1030  74  2.2 8  2.7  81    0   17 277 -313  0
3797500 2746500  1 22 17  -2.2 1031  73  1.9 8  2.6  80    0    1 276 -311  0
3797500 2746500  1 22 18  -2.2 1031  68  1.6 8  2.5  78    0    0 271 -310  0
3797500 2746500  1 22 19  -2.3 1032  79  2.7 7  2.4  77    0    0 263 -309  0
3797500 2746500  1 22 20  -2.2 1032  93  2.0 7  2.4  77    0    0 256 -309  0
3797500 2746500  1 22 21  -1.8 1032  63  2.6 6  2.4  75    0    0 251 -307  0
3797500 2746500  1 22 22  -2.4 1032  62  1.9 3  2.3  73    0    0 234 -305  0
3797500 2746500  1 22 23  -3.3 1033  81  1.7 2  2.3  75    0    0 218 -303  0
3797500 2746500  1 22 24  -3.7 1033  95  2.2 0  2.2  76    0    0 207 -302  0
3797500 2746500  1 23  1  -4.1 1033  94  1.8 3  2.1  76    0    0 210 -301  0
3797500 2746500  1 23  2  -4.7 1033  82  1.5 1  2.0  76    0    0 213 -301  0
3797500 2746500  1 23  3  -5.0 1033  72  1.6 0  2.0  76    0    0 204 -301  0
3797500 2746500  1 23  4  -5.0 1033  72  1.9 0  1.9  76    0    0 202 -301  0
3797500 2746500  1 23  5  -5.1 1033  88  2.1 0  1.9  74    0    0 203 -302  0
3797500 2746500  1 23  6  -5.3 1033  97  2.0 1  1.9  73    0    0 208 -303  0
3797500 2746500  1 23  7  -5.5 1033  99  2.1 0  1.8  73    0    0 210 -304  0
3797500 2746500  1 23  8  -5.8 1033  97  2.0 1  1.8  72    0    0 211 -305  0
3797500 2746500  1 23  9  -5.6 1034 105  2.3 3  1.8  72    0   11 221 -306  0
3797500 2746500  1 23 10  -4.2 1034 107  2.8 3  1.8  69   41   55 230 -307  0
3797500 2746500  1 23 11  -3.0 1034  97  2.6 3  1.7  60  139   67 232 -309  0
3797500 2746500  1 23 12  -2.2 1034  82  2.9 2  1.6  54  209   71 231 -312  0
3797500 2746500  1 23 13  -1.4 1034  60  3.1 0  1.7  52  245   69 222 -314  0
3797500 2746500  1 23 14  -0.6 1033  99  3.4 0  1.7  50  234   65 218 -316  0
3797500 2746500  1 23 15   0.1 1033  98  3.0 1  1.7  47  191   53 222 -317  0
3797500 2746500  1 23 16   0.3 1033 126  3.2 1  1.8  47  104   43 227 -316  0
3797500 2746500  1 23 17  -0.6 1032 100  2.2 1  1.8  48   15   13 225 -315  0
3797500 2746500  1 23 18  -1.3 1032  93  2.7 2  1.8  52    0    0 226 -313  0
3797500 2746500  1 23 19  -1.7 1032 111  2.7 1  1.9  57    0    0 224 -310  0
3797500 2746500  1 23 20  -2.0 1032 122  3.0 1  1.9  57    0    0 219 -308  0
3797500 2746500  1 23 21  -2.1 1032 123  2.5 2  1.7  53    0    0 221 -307  0
3797500 2746500  1 23 22  -2.3 1032 112  2.0 1  1.6  52    0    0 219 -305  0
3797500 2746500  1 23 23  -2.8 1032 109  1.6 1  1.7  54    0    0 215 -303  0
3797500 2746500  1 23 24  -3.2 1032  28  1.5 1  1.7  56    0    0 212 -302  0
3797500 2746500  1 24  1  -3.5 1032  72  1.4 0  1.7  59    0    0 208 -301  0
3797500 2746500  1 24  2  -4.0 1031  89  1.9 0  1.8  63    0    0 205 -301  0
3797500 2746500  1 24  3  -3.5 1031 112  1.2 0  1.7  62    0    0 204 -300  0
3797500 2746500  1 24  4  -4.0 1031 102  0.9 0  1.7  60    0    0 204 -300  0
3797500 2746500  1 24  5  -4.6 1030  41  1.1 0  1.7  62    0    0 202 -300  0
3797500 2746500  1 24  6  -3.8 1030 128  1.2 0  1.6  60    0    0 201 -299  0
3797500 2746500  1 24  7  -3.3 1029  21  1.3 1  1.6  55    0    0 206 -298  0
3797500 2746500  1 24  8  -3.9 1029   9  1.2 1  1.6  56    0    0 209 -298  0
3797500 2746500  1 24  9  -2.9 1029 151  1.5 2  1.6  54    0   12 211 -297  0
3797500 2746500  1 24 10  -2.3 1029 287  2.0 5  1.6  53   20   64 225 -298  0
3797500 2746500  1 24 11  -0.4 1028 201  1.5 6  1.7  51   54  114 242 -302  0
3797500 2746500  1 24 12   0.8 1029 170  2.1 7  1.8  47   90  142 253 -307  0
3797500 2746500  1 24 13   1.6 1029 162  3.1 5  1.7  41  142  135 249 -311  0
3797500 2746500  1 24 14   2.4 1028 155  3.2 4  1.6  36  158  117 237 -314  0
3797500 2746500  1 24 15   2.8 1027 162  2.6 4  1.7  37  100  103 236 -315  0
3797500 2746500  1 24 16   2.5 1026 168  1.9 5  1.7  37   32   66 242 -315  0
3797500 2746500  1 24 17   1.6 1026 139  1.0 7  1.6  38    3   14 251 -315  0
3797500 2746500  1 24 18   0.9 1026 123  0.7 7  1.6  39    0    0 256 -313  0
3797500 2746500  1 24 19   0.1 1025 124  1.6 5  1.6  42    0    0 250 -311  0
3797500 2746500  1 24 20   0.1 1024 156  1.7 5  1.7  46    0    0 247 -310  0
3797500 2746500  1 24 21   0.3 1024 168  3.2 6  1.7  46    0    0 250 -309  0
3797500 2746500  1 24 22   0.4 1023 178  3.8 4  1.7  44    0    0 247 -309  0
3797500 2746500  1 24 23   0.0 1022 179  3.2 3  1.6  42    0    0 234 -308  0
3797500 2746500  1 24 24  -0.4 1022 188  3.1 2  1.6  43    0    0 224 -308  0
3797500 2746500  1 25  1  -0.9 1021 184  3.1 5  1.7  46    0    0 232 -307  0
3797500 2746500  1 25  2  -1.3 1021 191  2.6 5  1.8  51    0    0 244 -306  0
3797500 2746500  1 25  3  -1.5 1020 202  2.6 4  1.8  54    0    0 241 -304  0
3797500 2746500  1 25  4  -1.9 1019 211  2.5 5  1.9  56    0    0 242 -302  0
3797500 2746500  1 25  5  -2.4 1019 211  2.3 6  1.9  58    0    0 248 -301  0
3797500 2746500  1 25  6  -2.8 1018 210  2.8 4  1.9  60    0    0 242 -301  0
3797500 2746500  1 25  7  -3.7 1017 217  2.4 1  1.9  64    0    0 221 -303  0
3797500 2746500  1 25  8  -3.9 1017 226  2.5 0  2.0  69    0    0 203 -307  0
3797500 2746500  1 25  9  -4.0 1016 217  2.6 1  2.0  72    0   11 203 -309  0
3797500 2746500  1 25 10  -2.8 1016 219  2.6 5  2.2  74   34   41 225 -310  0
3797500 2746500  1 25 11  -2.3 1015 210  2.9 7  2.3  74    4   70 254 -312  0
3797500 2746500  1 25 12  -2.2 1014 221  3.5 7  2.6  80    0   54 265 -314  0
3797500 2746500  1 25 13  -1.5 1013 221  3.3 8  3.0  90    0   64 272 -317  0
3797500 2746500  1 25 14  -0.9 1012 221  3.1 8  3.2  91    0   57 278 -319  0
3797500 2746500  1 25 15  -0.3 1011 230  2.6 8  3.3  92    0   32 281 -320  0
3797500 2746500  1 25 16   0.6 1010 241  3.0 8  3.5  92    0   21 286 -318  0
3797500 2746500  1 25 17   1.3 1009 260  2.6 8  3.8  92    0    4 291 -316  0
3797500 2746500  1 25 18   2.2 1009 317  3.0 8  4.0  93    0    0 295 -315  0
3797500 2746500  1 25 19   2.3 1008 337  4.3 8  4.2  93    0    0 297 -313  0
3797500 2746500  1 25 20   2.0 1008 344  4.0 8  4.1  92    0    0 298 -311  0
3797500 2746500  1 25 21   1.8 1008   2  4.7 8  4.0  91    0    0 299 -310  0
3797500 2746500  1 25 22   1.7 1009  13  5.3 8  3.9  90    0    0 300 -308  0
3797500 2746500  1 25 23   1.4 1009  24  4.9 8  3.9  90    0    0 299 -306  0
3797500 2746500  1 25 24   1.0 1010  25  5.1 8  3.7  89    0    0 297 -305  0
3797500 2746500  1 26  1   0.3 1011  15  5.0 7  3.5  89    0    0 289 -305  0
3797500 2746500  1 26  2  -0.2 1011  23  5.3 7  3.5  91    0    0 280 -307  0
3797500 2746500  1 26  3  -0.7 1011  37  5.6 7  3.3  91    0    0 279 -308  0
3797500 2746500  1 26  4  -0.7 1012  40  4.7 7  3.1  87    0    0 278 -309  0
3797500 2746500  1 26  5  -1.2 1012  49  6.3 6  2.8  80    0    0 271 -308  0
3797500 2746500  1 26  6  -1.7 1013  39  5.1 6  2.6  76    0    0 264 -307  0
3797500 2746500  1 26  7  -1.7 1013  38  3.9 8  2.6  77    0    0 272 -306  0
3797500 2746500  1 26  8  -1.3 1013  26  4.2 7  2.7  79    0    0 277 -306  0
3797500 2746500  1 26  9  -1.2 1013  36  6.2 6  2.6  76    0    3 267 -306  0
3797500 2746500  1 26 10  -1.5 1013  37  4.9 5  2.4  71   11   64 255 -306  0
3797500 2746500  1 26 11  -2.3 1014  48  5.0 4  2.2  68   39  120 243 -307  0
3797500 2746500  1 26 12  -3.0 1014  50  5.6 4  2.1  67   43  153 237 -309  0
3797500 2746500  1 26 13  -2.7 1015  54  5.3 5  2.0  64   31  162 241 -311  0
3797500 2746500  1 26 14  -2.9 1015  45  5.2 4  1.9  62   72  155 239 -312  0
3797500 2746500  1 26 15  -2.9 1015  59  4.8 1  1.9  62   95  112 217 -313  0
3797500 2746500  1 26 16  -3.1 1015  61  4.6 2  1.8  61   61   71 206 -312  0
3797500 2746500  1 26 17  -3.9 1015  50  4.6 2  1.8  62   11   17 210 -311  0
3797500 2746500  1 26 18  -4.1 1016  60  3.5 2  1.8  62    0    0 209 -308  0
3797500 2746500  1 26 19  -4.4 1016  49  3.6 2  1.7  63    0    0 207 -306  0
3797500 2746500  1 26 20  -4.7 1016  59  3.8 2  1.7  64    0    0 205 -304  0
3797500 2746500  1 26 21  -4.6 1016  57  3.7 3  1.7  64    0    0 209 -303  0
3797500 2746500  1 26 22  -5.2 1016  78  2.6 1  1.7  65    0    0 203 -303  0
3797500 2746500  1 26 23  -5.9 1016  59  2.9 1  1.7  67    0    0 194 -304  0
3797500 2746500  1 26 24  -6.2 1017  69  2.0 0  1.7  69    0    0 190 -304  0
3797500 2746500  1 27  1  -6.9 1017  50  2.5 2  1.6  71    0    0 195 -304  0
3797500 2746500  1 27  2  -7.3 1017  57  2.3 2  1.6  73    0    0 204 -304  0
3797500 2746500  1 27  3  -7.5 1017  78  1.5 1  1.6  75    0    0 198 -304  0
3797500 2746500  1 27  4  -7.8 1017  51  1.5 0  1.6  77    0    0 190 -304  0
3797500 2746500  1 27  5  -6.9 1017  59  1.5 3  1.7  77    0    0 201 -304  0
3797500 2746500  1 27  6  -6.6 1017  70  1.4 6  1.7  76    0    0 226 -303  0
3797500 2746500  1 27  7  -7.4 1017  99  0.8 5  1.7  78    0    0 233 -302  0
3797500 2746500  1 27  8  -7.1 1017  68  1.2 4  1.7  79    0    0 225 -302  0
3797500 2746500  1 27  9  -6.4 1017  53  1.1 5  1.8  77    0    8 227 -302  0
3797500 2746500  1 27 10  -6.0 1017  56  1.6 6  1.8  76    3   55 235 -302  0
3797500 2746500  1 27 11  -5.3 1017  59  2.1 4  1.8  74   46  120 233 -304  0
3797500 2746500  1 27 12  -4.4 1017  61  1.7 2  1.9  70  124  134 218 -306  0
3797500 2746500  1 27 13  -3.9 1017  64  2.5 1  1.9  67  145  141 206 -308  0
3797500 2746500  1 27 14  -3.4 1017  66  1.8 1  1.8  64  151  128 203 -309  0
3797500 2746500  1 27 15  -3.3 1017  64  3.5 0  1.8  60  133  101 200 -310  0
3797500 2746500  1 27 16  -3.4 1017  72  2.9 1  1.7  58   81   69 201 -309  0
3797500 2746500  1 27 17  -4.1 1017  60  2.9 1  1.7  60   14   19 205 -307  0
3797500 2746500  1 27 18  -4.4 1016  62  2.5 1  1.7  63    0    0 204 -303  0
3797500 2746500  1 27 19  -4.6 1016  64  2.6 1  1.7  63    0    0 202 -300  0
3797500 2746500  1 27 20  -4.2 1016  59  1.9 2  1.7  62    0    0 204 -298  0
3797500 2746500  1 27 21  -5.1 1016  86  1.2 2  1.7  63    0    0 205 -296  0
3797500 2746500  1 27 22  -5.1 1016  54  1.2 0  1.7  65    0    0 196 -294  0
3797500 2746500  1 27 23  -5.1 1017  76  2.2 0  1.7  65    0    0 189 -293  0
3797500 2746500  1 27 24  -6.2 1017  67  2.0 1  1.7  68    0    0 188 -291  0
3797500 2746500  1 28  1  -5.9 1017  71  3.4 1  1.7  69    0    0 189 -290  0
3797500 2746500  1 28  2  -6.1 1017  92  2.2 0  1.6  68    0    0 185 -289  0
3797500 2746500  1 28  3  -6.2 1017  78  1.9 0  1.6  67    0    0 182 -288  0
3797500 2746500  1 28  4  -6.5 1018  75  1.7 0  1.6  68    0    0 181 -287  0
3797500 2746500  1 28  5  -7.0 1018  86  1.7 0  1.6  70    0    0 180 -286  0
3797500 2746500  1 28  6  -6.1 1018  98  1.9 0  1.6  69    0    0 182 -285  0
3797500 2746500  1 28  7  -6.2 1018  76  2.9 0  1.6  68    0    0 183 -285  0
3797500 2746500  1 28  8  -7.5 1018  76  2.7 0  1.6  71    0    0 182 -284  0
3797500 2746500  1 28  9  -6.5 1018  78  0.8 0  1.6  71    6   14 181 -284  0
3797500 2746500  1 28 10  -5.1 1018 119  1.5 0  1.6  67   78   45 184 -285  0
3797500 2746500  1 28 11  -3.4 1019  70  1.4 0  1.7  62  160   62 187 -288  0
3797500 2746500  1 28 12  -1.9 1020  47  2.5 0  1.8  58  221   69 190 -294  0
3797500 2746500  1 28 13  -0.7 1020  47  2.3 0  1.9  55  251   70 194 -300  0
3797500 2746500  1 28 14  -0.1 1020  57  3.2 0  1.9  53  251   61 196 -304  0
3797500 2746500  1 28 15   0.9 1019  60  4.0 0  2.0  51  219   48 199 -306  0
3797500 2746500  1 28 16   1.1 1019  65  4.0 0  2.0  50  138   39 202 -305  0
3797500 2746500  1 28 17   0.4 1019  62  3.3 0  2.0  51   25   16 203 -302  0
3797500 2746500  1 28 18  -0.1 1019  70  2.7 0  2.0  53    0    0 203 -298  0
3797500 2746500  1 28 19  -0.6 1020  72  3.6 1  2.0  55    0    0 207 -295  0
3797500 2746500  1 28 20  -0.9 1020  75  1.8 1  2.0  56    0    0 212 -293  0
3797500 2746500  1 28 21  -1.8 1021  70  3.8 1  1.9  57    0    0 211 -291  0
3797500 2746500  1 28 22  -2.4 1021  87  3.2 1  1.9  60    0    0 211 -290  0
3797500 2746500  1 28 23  -2.9 1021  65  1.4 1  1.9  62    0    0 211 -289  0
3797500 2746500  1 28 24  -3.2 1021  77  2.9 1  1.9  63    0    0 210 -288  0
3797500 2746500  1 29  1  -4.1 1021  61  2.7 2  1.8  64    0    0 213 -287  0
3797500 2746500  1 29  2  -4.3 1021  70  2.4 0  1.8  66    0    0 208 -287  0
3797500 2746500  1 29  3  -4.5 1022  70  2.3 0  1.8  65    0    0 200 -286  0
3797500 2746500  1 29  4  -5.1 1022  53  3.0 0  1.7  67    0    0 200 -286  0
3797500 2746500  1 29  5  -5.9 1022  61  2.4 1  1.7  70    0    0 202 -285  0
3797500 2746500  1 29  6  -5.3 1022  69  3.0 1  1.7  70    0    0 207 -285  0
3797500 2746500  1 29  7  -5.4 1022  54  2.5 0  1.7  66    0    0 203 -284  0
3797500 2746500  1 29  8  -5.4 1023  82  1.9 0  1.7  66    0    0 198 -284  0
3797500 2746500  1 29  9  -5.5 1023  65  1.5 0  1.7  67    7   15 198 -283  0
3797500 2746500  1 29 10  -4.0 1023  68  2.0 0  1.7  65   80   47 198 -284  0
3797500 2746500  1 29 11  -2.3 1024  56  2.6 0  1.7  58  162   66 201 -288  0
3797500 2746500  1 29 12  -0.4 1025  71  2.5 0  1.7  51  220   76 204 -295  0
3797500 2746500  1 29 13   1.0 1025  56  3.7 0  1.7  45  246   79 207 -301  0
3797500 2746500  1 29 14   1.8 1024  59  3.1 0  1.7  41  246   70 208 -306  0
3797500 2746500  1 29 15   2.0 1024  58  3.4 0  1.7  40  213   58 208 -308  0
3797500 2746500  1 29 16   2.3 1024  59  3.8 0  1.8  42  135   47 210 -307  0
3797500 2746500  1 29 17   2.2 1024  59  3.0 0  1.9  43   26   17 210 -303  0
3797500 2746500  1 29 18   1.3 1024  59  3.8 0  1.9  44    0    0 210 -299  0
3797500 2746500  1 29 19   0.5 1024  47  3.1 0  1.8  46    0    0 208 -295  0
3797500 2746500  1 29 20   0.1 1024  60  2.7 0  1.8  48    0    0 207 -293  0
3797500 2746500  1 29 21   0.1 1025  68  2.3 0  1.8  48    0    0 207 -291  0
3797500 2746500  1 29 22  -0.1 1025  70  2.1 0  1.8  49    0    0 207 -289  0
3797500 2746500  1 29 23  -0.9 1026  71  2.5 1  1.8  50    0    0 211 -288  0
3797500 2746500  1 29 24  -1.0 1026  68  3.1 0  1.8  52    0    0 209 -287  0
3797500 2746500  1 30  1  -1.7 1025  77  2.5 3  1.9  56    0    0 217 -286  0
3797500 2746500  1 30  2  -2.1 1025  62  2.3 2  2.0  61    0    0 225 -286  0
3797500 2746500  1 30  3  -3.2 1024  62  1.8 2  1.9  63    0    0 219 -285  0
3797500 2746500  1 30  4  -2.9 1024  61  1.5 3  1.9  64    0    0 223 -285  0
3797500 2746500  1 30  5  -2.0 1024  69  1.9 1  1.9  62    0    0 220 -284  0
3797500 2746500  1 30  6  -1.7 1025  70  2.7 2  1.9  59    0    0 218 -284  0
3797500 2746500  1 30  7  -2.8 1024  78  2.4 2  1.9  61    0    0 221 -284  0
3797500 2746500  1 30  8  -2.4 1024  70  0.7 1  2.0  63    0    0 216 -283  0
3797500 2746500  1 30  9  -1.9 1024  62  2.6 1  2.1  65    6   18 213 -283  0
3797500 2746500  1 30 10  -0.6 1025  75  2.6 3  2.3  68   81   59 225 -285  0
3797500 2746500  1 30 11   1.7 1025  70  1.8 4  2.6  67  127   97 245 -289  0
3797500 2746500  1 30 12   1.8 1025  50  3.0 6  2.9  68   75  152 264 -297  0
3797500 2746500  1 30 13   1.9 1025  69  3.3 5  3.1  72   45  167 270 -304  0
3797500 2746500  1 30 14   1.5 1025  69  3.1 6  3.2  76   50  156 270 -310  0
3797500 2746500  1 30 15   1.6 1024  47  4.2 6  3.2  78   22  116 276 -312  0
3797500 2746500  1 30 16   2.2 1024  68  3.4 7  3.4  78    3   52 283 -311  0
3797500 2746500  1 30 17   2.3 1024  61  2.8 8  3.5  80    0   10 297 -308  0
3797500 2746500  1 30 18   2.4 1024  60  3.1 8  3.6  81    0    0 302 -304  0
3797500 2746500  1 30 19   2.4 1023  45  2.4 7  3.7  83    0    0 298 -302  0
3797500 2746500  1 30 20   2.5 1023  52  2.9 8  3.7  83    0    0 298 -301  0
3797500 2746500  1 30 21   3.7 1023  60  3.3 8  3.7  80    0    0 304 -301  0
3797500 2746500  1 30 22   3.3 1023  69  3.7 8  3.8  78    0    0 305 -302  0
3797500 2746500  1 30 23   3.8 1023  47  2.9 7  3.8  79    0    0 300 -304  0
3797500 2746500  1 30 24   2.4 1023  54  2.6 6  3.9  82    0    0 289 -306  0
3797500 2746500  1 31  1   2.7 1023  70  2.9 8  3.9  85    0    0 294 -305  0
3797500 2746500  1 31  2   2.5 1023  47  3.1 8  3.7  83    0    0 303 -306  0
3797500 2746500  1 31  3   2.0 1023  57  3.3 7  3.7  84    0    0 296 -307  0
3797500 2746500  1 31  4   1.8 1022  42  3.6 8  3.7  87    0    0 295 -307  0
3797500 2746500  1 31  5   1.8 1022  49  2.7 8  3.7  86    0    0 298 -305  0
3797500 2746500  1 31  6   1.6 1022  54  2.7 8  3.7  86    0    0 298 -305  0
3797500 2746500  1 31  7   1.4 1021  56  2.0 8  3.6  86    0    0 297 -306  0
3797500 2746500  1 31  8   1.1 1021  59  1.8 7  3.5  86    0    0 292 -307  0
3797500 2746500  1 31  9   1.1 1021  80  2.0 6  3.5  86    0    9 282 -307  0
3797500 2746500  1 31 10   1.2 1022  84  1.8 8  3.5  85    3   55 287 -308  0
3797500 2746500  1 31 11   1.0 1022  31  2.2 7  3.4  85    8  102 292 -310  0
3797500 2746500  1 31 12   1.4 1022  50  1.8 6  3.4  83   16  140 281 -313  0
3797500 2746500  1 31 13   1.7 1022   4  2.2 6  3.4  81   31  164 276 -315  0
3797500 2746500  1 31 14   2.0 1022  34  2.2 5  3.4  80  115  146 269 -317  0
3797500 2746500  1 31 15   2.7 1022  49  2.2 2  3.5  78  169  106 250 -318  0
3797500 2746500  1 31 16   2.2 1021  64  1.8 2  3.5  77  114   80 235 -317  0
3797500 2746500  1 31 17   1.0 1021  47  1.9 3  3.4  81   23   25 237 -314  0
3797500 2746500  1 31 18  -0.1 1021  66  1.4 3  3.3  84    0    0 237 -312  0
3797500 2746500  1 31 19  -0.7 1021  71  1.6 2  3.2  88    0    0 230 -309  0
3797500 2746500  1 31 20  -1.0 1021 102  1.4 2  3.2  90    0    0 224 -306  0
3797500 2746500  1 31 21  -2.0 1021  51  1.8 5  3.2  96    0    0 238 -305  0
3797500 2746500  1 31 22  -2.1 1020  87  2.5 5  3.2 100    0    0 253 -303  0
3797500 2746500  1 31 23  -1.8 1020  70  2.4 4  3.3 100    0    0 248 -302  0
3797500 2746500  1 31 24  -2.0 1020 253  1.9 8  3.3 100    0    0 265 -300  0
3797500 2746500  2  1  1  -2.2 1020  61  1.8 8  2.9  92    0    0 286 -295  0
3797500 2746500  2  1  2  -2.3 1020  54  1.6 7  2.9  91    0    0 283 -294  0
3797500 2746500  2  1  3  -2.6 1020  82  2.2 8  2.9  91    0    0 286 -291  0
3797500 2746500  2  1  4  -3.0 1019  86  1.5 8  2.8  92    0    0 295 -289  0
3797500 2746500  2  1  5  -3.3 1019  40  1.6 8  2.8  93    0    0 298 -288  0
3797500 2746500  2  1  6  -3.7 1018 107  1.5 8  2.7  92    0    0 298 -290  0
3797500 2746500  2  1  7  -4.5 1017 350  0.5 5  2.6  93    0    0 278 -292  0
3797500 2746500  2  1  8  -4.6 1017 141  0.8 5  2.5  94    0    0 257 -291  0
3797500 2746500  2  1  9  -4.3 1017 177  1.0 4  2.5  92    1   24 253 -291  0
3797500 2746500  2  1 10  -3.9 1017 152  0.5 4  2.5  90   29   80 250 -293  0
3797500 2746500  2  1 11  -2.9 1018 328  0.8 3  2.7  90   99  110 247 -299  0
3797500 2746500  2  1 12  -0.9 1018 206  0.6 3  2.9  88  249   73 243 -306  0
3797500 2746500  2  1 13   0.0 1018 167  0.6 2  3.1  84  309   63 240 -312  0
3797500 2746500  2  1 14   4.2 1017 208  0.9 2  3.1  70  301   61 240 -317  0
3797500 2746500  2  1 15   5.7 1017 177  1.3 0  2.9  54  243   49 233 -319  0
3797500 2746500  2  1 16   5.8 1016 291  1.5 0  2.9  50  138   51 224 -317  0
3797500 2746500  2  1 17   3.0 1015 358  1.8 2  3.0  58   26   31 229 -314  0
3797500 2746500  2  1 18   0.1 1015 339  1.7 2  3.0  71    0    0 229 -310  0
3797500 2746500  2  1 19  -1.0 1015  51  1.6 4  2.9  80    0    0 231 -306  0
3797500 2746500  2  1 20  -1.7 1016 126  1.6 4  2.9  84    0    0 235 -303  0
3797500 2746500  2  1 21  -2.2 1016 303  1.9 4  2.8  86    0    0 233 -301  0
3797500 2746500  2  1 22  -2.1 1016 314  1.6 4  2.8  86    0    0 231 -298  0
3797500 2746500  2  1 23  -2.4 1016 228  1.0 5  2.7  86    0    0 233 -296  0
3797500 2746500  2  1 24  -2.6 1016 250  0.9 8  2.7  87    0    0 244 -295  0
3797500 2746500  2  2  1  -3.1 1016 215  1.9 8  2.8  91    0    0 250 -296  0
3797500 2746500  2  2  2  -3.2 1016 238  1.5 8  2.8  94    0    0 250 -297  0
3797500 2746500  2  2  3  -3.6 1016 267  1.3 8  2.7  93    0    0 248 -295  0
3797500 2746500  2  2  4  -3.6 1016 234  1.2 8  2.7  92    0    0 247 -292  0
3797500 2746500  2  2  5  -3.8 1016 241  1.4 8  2.6  91    0    0 247 -290  0
3797500 2746500  2  2  6  -4.1 1016 223  1.7 8  2.6  91    0    0 248 -289  0
3797500 2746500  2  2  7  -4.2 1016 265  1.5 8  2.5  91    0    0 249 -289  0
3797500 2746500  2  2  8  -4.3 1016 219  1.3 7  2.5  91    0    0 249 -288  0
3797500 2746500  2  2  9  -4.5 1016 237  1.5 7  2.5  92    0   12 248 -287  0
3797500 2746500  2  2 10  -4.5 1016 323  1.2 7  2.5  92    0   47 249 -288  0
3797500 2746500  2  2 11  -4.5 1016 212  0.8 7  2.5  92    0   55 251 -293  0
3797500 2746500  2  2 12  -4.2 1016 289  0.9 7  2.5  90    0   64 255 -302  0
3797500 2746500  2  2 13  -4.4 1016 310  1.0 7  2.5  90    0   69 257 -311  0
3797500 2746500  2  2 14  -4.2 1016 342  1.1 7  2.5  91    0   58 258 -317  0
3797500 2746500  2  2 15  -4.1 1016   9  0.8 7  2.5  91    0   54 258 -319  0
3797500 2746500  2  2 16  -4.1 1016 308  0.9 7  2.6  93    0   38 258 -318  0
3797500 2746500  2  2 17  -4.0 1016 323  1.1 8  2.6  93    0   13 261 -315  0
3797500 2746500  2  2 18  -3.8 1016 298  1.0 8  2.6  92    0    0 265 -311  0
3797500 2746500  2  2 19  -4.1 1016 344  1.2 8  2.6  93    0    0 264 -305  0
3797500 2746500  2  2 20  -4.0 1016 334  1.2 8  2.6  94    0    0 262 -300  0
3797500 2746500  2  2 21  -3.8 1016  24  1.2 8  2.6  92    0    0 261 -296  0
3797500 2746500  2  2 22  -4.0 1016  80  1.4 8  2.5  90    0    0 260 -293  0
3797500 2746500  2  2 23  -4.0 1017   8  1.3 8  2.5  90    0    0 260 -290  0
3797500 2746500  2  2 24  -4.1 1017  53  1.2 8  2.5  90    0    0 259 -288  0
3797500 2746500  2  3  1  -4.1 1017  59  1.3 8  2.5  90    0    0 259 -286  0
3797500 2746500  2  3  2  -4.2 1017  25  2.4 8  2.5  91    0    0 259 -284  0
3797500 2746500  2  3  3  -4.3 1016  59  1.3 8  2.6  93    0    0 260 -283  0
3797500 2746500  2  3  4  -4.0 1016  14  1.9 8  2.6  93    0    0 264 -281  0
3797500 2746500  2  3  5  -3.9 1016  56  1.5 8  2.6  92    0    0 266 -280  0
3797500 2746500  2  3  6  -3.8 1016 140  1.4 8  2.6  93    0    0 267 -282  0
3797500 2746500  2  3  7  -3.7 1015 171  0.7 8  2.7  94    0    0 270 -288  0
3797500 2746500  2  3  8  -3.6 1015 234  0.9 7  2.7  94    0    0 266 -290  0
3797500 2746500  2  3  9  -3.3 1016 212  1.4 7  2.7  93    0   10 262 -290  0
3797500 2746500  2  3 10  -3.4 1016 236  1.6 7  2.7  93    0   40 261 -291  0
3797500 2746500  2  3 11  -3.1 1016 228  1.6 7  2.8  93    0   41 261 -297  0
3797500 2746500  2  3 12  -2.7 1016 237  1.7 7  2.8  92    0   42 261 -305  0
3797500 2746500  2  3 13  -2.5 1016 251  1.8 7  2.9  92    0   80 262 -311  0
3797500 2746500  2  3 14  -2.1 1016 255  2.3 7  2.9  92    3  131 263 -317  0
3797500 2746500  2  3 15  -1.7 1015 253  1.9 7  3.0  92    0   83 266 -320  0
3797500 2746500  2  3 16  -1.5 1015 231  1.6 8  3.1  92    0   36 271 -319  0
3797500 2746500  2  3 17  -1.3 1015 218  1.8 8  3.2  92    0   11 277 -317  0
3797500 2746500  2  3 18  -1.1 1015 216  1.8 8  3.2  93    0    0 278 -315  0
3797500 2746500  2  3 19  -0.9 1015 217  1.9 8  3.3  93    0    0 279 -313  0
3797500 2746500  2  3 20  -1.0 1015 208  2.2 8  3.3  93    0    0 279 -311  0
3797500 2746500  2  3 21  -1.0 1015 216  2.1 8  3.3  93    0    0 279 -308  0
3797500 2746500  2  3 22  -0.7 1015 195  1.6 7  3.3  93    0    0 274 -305  0
3797500 2746500  2  3 23  -0.6 1016 196  1.4 8  3.4  94    0    0 275 -302  0
3797500 2746500  2  3 24  -0.5 1016 202  1.1 8  3.4  94    0    0 281 -300  0
3797500 2746500  2  4  1  -0.5 1016 184  1.0 4  3.4  94    0    0 264 -299  0
3797500 2746500  2  4  2  -0.3 1016 183  0.7 5  3.5  95    0    0 253 -298  0
3797500 2746500  2  4  3  -0.2 1017 109  0.5 7  3.5  95    0    0 269 -298  0
3797500 2746500  2  4  4  -0.3 1017 173  0.7 5  3.6  96    0    0 273 -297  0
3797500 2746500  2  4  5  -0.2 1017 216  1.0 7  3.6  97    0    0 275 -295  0
3797500 2746500  2  4  6  -0.2 1017 356  0.6 8  3.6  97    0    0 291 -292  0
3797500 2746500  2  4  7  -0.1 1017 355  0.7 6  3.6  97    0    0 286 -292  0
3797500 2746500  2  4  8   0.0 1018 302  0.7 8  3.6  96    0    0 286 -296  0
3797500 2746500  2  4  9   0.0 1018 235  0.8 8  3.6  96    0   11 295 -301  0
3797500 2746500  2  4 10   0.3 1019 232  0.9 7  3.7  97    0   63 292 -304  0
3797500 2746500  2  4 11   0.8 1019 273  1.3 7  3.7  95    0   79 288 -308  0
3797500 2746500  2  4 12   1.1 1020 296  1.8 7  3.8  94    0   73 290 -311  0
3797500 2746500  2  4 13   1.5 1020 272  1.3 8  3.9  94    0   65 296 -314  0
3797500 2746500  2  4 14   1.8 1020 247  1.6 7  4.0  93    0   55 297 -317  0
3797500 2746500  2  4 15   2.0 1020 248  1.7 7  4.0  91    0   42 292 -318  0
3797500 2746500  2  4 16   2.2 1020 257  1.3 7  4.0  90    0   39 293 -318  0
3797500 2746500  2  4 17   2.1 1020 254  1.2 8  4.0  90    0   16 298 -317  0
3797500 2746500  2  4 18   2.1 1020 285  0.9 7  4.0  91    0    0 297 -316  0
3797500 2746500  2  4 19   2.0 1021  47  2.1 8  4.1  93    0    0 297 -316  0
3797500 2746500  2  4 20   2.0 1021  59  2.4 8  4.1  93    0    0 302 -316  0
3797500 2746500  2  4 21   1.8 1022  59  2.3 8  3.9  91    0    0 302 -316  0
3797500 2746500  2  4 22   1.5 1022  58  1.8 8  3.8  90    0    0 301 -316  0
3797500 2746500  2  4 23   1.3 1023  97  1.4 8  3.7  90    0    0 300 -316  0
3797500 2746500  2  4 24   1.2 1023 108  1.1 7  3.7  89    0    0 295 -317  0
3797500 2746500  2  5  1   0.9 1024  58  0.5 6  3.6  90    0    0 285 -317  0
3797500 2746500  2  5  2   0.9 1024 121  0.2 6  3.6  89    0    0 281 -317  0
3797500 2746500  2  5  3   0.8 1024  67  0.4 5  3.6  90    0    0 276 -318  0
3797500 2746500  2  5  4   0.7 1024 184  0.9 8  3.6  92    0    0 286 -318  0
3797500 2746500  2  5  5   0.5 1024 211  1.2 7  3.7  94    0    0 297 -318  0
3797500 2746500  2  5  6   0.4 1024 203  1.1 8  3.7  95    0    0 298 -318  0
3797500 2746500  2  5  7   0.4 1023 234  1.4 7  3.7  96    0    0 300 -318  0
3797500 2746500  2  5  8   0.1 1024 192  0.9 7  3.7  97    0    0 296 -318  0
3797500 2746500  2  5  9   0.4 1024 180  1.1 7  3.6  94    6   25 296 -319  0
3797500 2746500  2  5 10   0.5 1024 216  1.5 7  3.5  91   13   71 296 -319  0
3797500 2746500  2  5 11   0.6 1024 199  1.6 7  3.5  91    0   77 298 -319  0
3797500 2746500  2  5 12   0.6 1024 211  1.8 8  3.6  91    0   67 303 -320  0
3797500 2746500  2  5 13   1.0 1023 212  2.4 8  3.6  91    0   59 309 -323  0
3797500 2746500  2  5 14   1.1 1023 220  2.6 8  3.7  91    0   55 309 -328  0
3797500 2746500  2  5 15   1.5 1022 220  2.6 7  3.8  92    0   51 304 -330  0
3797500 2746500  2  5 16   1.6 1022 220  2.4 8  3.9  93    0   31 304 -330  0
3797500 2746500  2  5 17   1.7 1022 212  1.9 6  3.9  93    0   15 300 -328  0
3797500 2746500  2  5 18   1.5 1021 221  2.2 8  4.0  94    0    0 299 -325  0
3797500 2746500  2  5 19   1.8 1021 216  1.6 8  4.0  94    0    0 309 -323  0
3797500 2746500  2  5 20   1.9 1021 217  1.5 8  4.0  92    0    0 308 -321  0
3797500 2746500  2  5 21   1.9 1021 197  0.7 8  3.9  91    0    0 307 -320  0
3797500 2746500  2  5 22   1.9 1021 103  0.8 8  3.9  91    0    0 305 -319  0
3797500 2746500  2  5 23   1.5 1021  51  1.2 7  3.9  93    0    0 300 -319  0
3797500 2746500  2  5 24   1.3 1022  52  1.2 8  3.9  94    0    0 301 -318  0
3797500 2746500  2  6  1   1.0 1022  74  0.8 7  3.8  94    0    0 301 -318  0
3797500 2746500  2  6  2   1.1 1022  30  0.7 6  3.8  93    0    0 292 -317  0
3797500 2746500  2  6  3   0.8 1022 294  0.4 7  3.7  93    0    0 293 -316  0
3797500 2746500  2  6  4   0.9 1022  18  0.7 7  3.8  94    0    0 298 -316  0
3797500 2746500  2  6  5   0.5 1022 202  0.9 5  3.7  95    0    0 289 -316  0
3797500 2746500  2  6  6   0.8 1022 231  0.8 7  3.7  95    0    0 289 -316  0
3797500 2746500  2  6  7   0.8 1022 231  1.3 8  3.8  94    0    0 305 -316  0
3797500 2746500  2  6  8   0.9 1021 243  1.3 7  3.8  94    0    0 306 -316  0
3797500 2746500  2  6  9   0.5 1021 222  1.5 7  3.7  94    0   10 300 -317  0
3797500 2746500  2  6 10   1.0 1021 222  1.8 6  3.8  95    0   44 294 -319  0
3797500 2746500  2  6 11   1.0 1021 212  2.0 8  3.8  95    0   53 298 -322  0
3797500 2746500  2  6 12   1.7 1021 211  1.7 8  4.0  95    0   52 310 -327  0
3797500 2746500  2  6 13   2.0 1021 210  1.7 8  4.1  95    0   69 310 -332  0
3797500 2746500  2  6 14   2.9 1021 218  2.2 8  4.2  94    0   58 310 -336  0
3797500 2746500  2  6 15   3.2 1020 209  1.6 8  4.4  93    0   43 312 -338  0
3797500 2746500  2  6 16   3.6 1019 221  1.9 7  4.4  92    0   33 307 -337  0
3797500 2746500  2  6 17   3.8 1019 267  2.0 8  4.5  92    0   14 309 -334  0
3797500 2746500  2  6 18   3.5 1019 229  2.2 8  4.6  93    0    0 316 -331  0
3797500 2746500  2  6 19   3.4 1018 250  3.4 8  4.5  94    0    0 314 -329  0
3797500 2746500  2  6 20   3.3 1018 261  3.2 8  4.5  94    0    0 313 -329  0
3797500 2746500  2  6 21   3.2 1018 236  2.8 8  4.4  93    0    0 311 -327  0
3797500 2746500  2  6 22   3.0 1018 251  3.9 8  4.4  93    0    0 309 -325  0
3797500 2746500  2  6 23   2.7 1018 250  3.7 8  4.3  93    0    0 308 -323  0
3797500 2746500  2  6 24   2.8 1018 243  3.6 8  4.3  93    0    0 308 -321  0
3797500 2746500  2  7  1   3.1 1017 252  3.8 7  4.3  92    0    0 303 -318  0
3797500 2746500  2  7  2   3.0 1016 243  3.4 8  4.4  92    0    0 303 -317  0
3797500 2746500  2  7  3   3.1 1015 242  3.2 7  4.4  94    0    0 303 -316  0
3797500 2746500  2  7  4   3.3 1015 242  4.0 7  4.5  94    0    0 297 -316  0
3797500 2746500  2  7  5   3.6 1014 251  3.9 8  4.6  94    0    0 306 -316  0
3797500 2746500  2  7  6   3.8 1013 241  4.0 8  4.6  93    0    0 314 -316  0
3797500 2746500  2  7  7   4.0 1013 240  3.8 8  4.7  94    0    0 314 -316  0
3797500 2746500  2  7  8   4.2 1013 249  3.9 8  4.8  94    0    0 315 -316  0
3797500 2746500  2  7  9   4.5 1012 253  3.9 8  4.9  94    0    3 316 -316  0
3797500 2746500  2  7 10   4.8 1012 252  4.6 8  5.0  94    0   26 317 -316  0
3797500 2746500  2  7 11   5.0 1012 263  4.7 7  5.1  95    0   52 311 -318  0
3797500 2746500  2  7 12   5.3 1012 232  3.9 7  5.1  94    0   59 305 -324  0
3797500 2746500  2  7 13   5.3 1012 238  3.5 8  5.2  93    0   41 312 -330  0
3797500 2746500  2  7 14   5.6 1011 234  3.3 8  5.2  92    0   38 319 -336  0
3797500 2746500  2  7 15   5.8 1011 251  3.4 8  5.1  90    0   41 320 -339  0
3797500 2746500  2  7 16   6.3 1010 251  3.8 8  5.2  89    0   28 323 -340  0
3797500 2746500  2  7 17   6.2 1010 251  3.5 8  5.3  90    0   12 322 -336  0
3797500 2746500  2  7 18   6.3 1010 260  3.6 8  5.3  90    0    0 319 -331  0
3797500 2746500  2  7 19   6.5 1009 251  4.3 8  5.2  87    0    0 319 -327  0
3797500 2746500  2  7 20   6.1 1009 251  4.2 8  5.1  86    0    0 316 -324  0
3797500 2746500  2  7 21   5.9 1009 242  4.0 7  5.1  87    0    0 307 -321  0
3797500 2746500  2  7 22   5.8 1008 243  3.9 8  5.0  86    0    0 304 -320  0
3797500 2746500  2  7 23   5.7 1007 241  4.1 8  4.9  86    0    0 311 -320  0
3797500 2746500  2  7 24   5.7 1006 229  4.7 8  4.9  85    0    0 313 -319  0
3797500 2746500  2  8  1   5.4 1005 230  5.1 8  4.8  85    0    0 311 -320  0
3797500 2746500  2  8  2   5.5 1004 230  5.6 8  4.8  85    0    0 314 -322  0
3797500 2746500  2  8  3   5.6 1003 230  6.3 8  4.8  84    0    0 321 -325  0
3797500 2746500  2  8  4   5.6 1001 229  6.6 7  4.8  85    0    0 320 -327  0
3797500 2746500  2  8  5   5.3 1000 229  6.9 8  4.9  87    0    0 321 -329  0
3797500 2746500  2  8  6   5.2  998 231  6.2 8  5.0  89    0    0 325 -330  0
3797500 2746500  2  8  7   5.0  996 249  5.9 8  5.0  90    0    0 322 -331  0
3797500 2746500  2  8  8   4.4  995 230  4.7 8  4.9  91    0    0 321 -330  0
3797500 2746500  2  8  9   4.3  994 235  4.5 8  4.8  92    0   11 321 -329  0
3797500 2746500  2  8 10   4.4  994 240  3.9 8  4.9  92    0   25 322 -329  0
3797500 2746500  2  8 11   3.9  994 302  2.6 8  4.9  94    0   41 322 -330  0
3797500 2746500  2  8 12   4.4  994 288  3.7 8  4.8  92    0   64 322 -330  0
3797500 2746500  2  8 13   5.7  995 259  3.6 8  5.0  90    0   40 325 -330  0
3797500 2746500  2  8 14   5.4  994 271  3.5 8  5.0  87    0  102 327 -330  0
3797500 2746500  2  8 15   4.1  994 270  2.6 7  4.7  86   16   99 319 -330  0
3797500 2746500  2  8 16   4.5  995 259  4.1 6  4.6  87   18   68 305 -329  0
3797500 2746500  2  8 17   3.6  995 261  3.6 7  4.5  88    0   26 305 -328  0
3797500 2746500  2  8 18   2.9  996 281  2.1 7  4.3  89    0    0 307 -327  0
3797500 2746500  2  8 19   3.3  997 260  3.2 7  4.2  87    0    0 304 -325  0
3797500 2746500  2  8 20   3.4  998 269  3.1 7  4.2  86    0    0 305 -324  0
3797500 2746500  2  8 21   2.8  998 271  2.4 6  4.2  87    0    0 299 -323  0
3797500 2746500  2  8 22   2.9  998 259  2.3 7  4.2  89    0    0 298 -323  0
3797500 2746500  2  8 23   3.1  999 260  3.6 8  4.2  88    0    0 308 -322  0
3797500 2746500  2  8 24   2.8  999 254  4.1 8  4.2  87    0    0 312 -322  0
3797500 2746500  2  9  1   2.6  999 270  3.0 8  4.1  87    0    0 310 -320  0
3797500 2746500  2  9  2   2.6  999 264  3.1 7  4.0  87    0    0 303 -319  0
3797500 2746500  2  9  3   2.5  999 271  2.6 8  4.0  86    0    0 301 -318  0
3797500 2746500  2  9  4   2.3  999 265  3.3 8  3.9  86    0    0 304 -317  0
3797500 2746500  2  9  5   2.3  999 264  3.5 7  3.8  85    0    0 299 -316  0
3797500 2746500  2  9  6   2.0  998 257  4.2 7  3.8  85    0    0 292 -316  0
3797500 2746500  2  9  7   1.9  998 258  4.8 8  3.8  86    0    0 297 -316  0
3797500 2746500  2  9  8   1.4  998 269  3.0 8  3.8  88    0    0 300 -314  0
3797500 2746500  2  9  9   1.3  998 278  3.2 7  3.8  89    0   19 294 -313  0
3797500 2746500  2  9 10   1.4  998 279  3.5 8  3.7  88   10   65 293 -312  0
3797500 2746500  2  9 11   2.0  999 286  3.2 6  3.6  83   96   76 288 -314  0
3797500 2746500  2  9 12   2.6  999 278  3.6 6  3.4  76   21  121 279 -315  0
3797500 2746500  2  9 13   3.3  999 285  4.0 6  3.4  71   16  124 280 -316  0
3797500 2746500  2  9 14   3.3  998 269  5.1 8  3.5  71    0   59 290 -318  0
3797500 2746500  2  9 15   4.0  998 266  5.5 8  3.6  73    0   43 299 -321  0
3797500 2746500  2  9 16   3.6  997 296  5.7 8  3.9  77    0   31 301 -322  0
3797500 2746500  2  9 17   3.4  998 299  4.9 7  4.1  83    0   16 296 -322  0
3797500 2746500  2  9 18   2.8  999 286  2.9 7  4.1  86    0    0 291 -320  0
3797500 2746500  2  9 19   3.3 1000 296  4.1 8  4.1  86    0    0 294 -318  0
3797500 2746500  2  9 20   3.0 1000 307  3.9 8  4.0  83    0    0 299 -317  0
3797500 2746500  2  9 21   3.1 1001 302  4.8 7  4.0  84    0    0 296 -317  0
3797500 2746500  2  9 22   2.8 1001 303  4.8 8  4.0  85    0    0 297 -316  0
3797500 2746500  2  9 23   2.0 1002 281  5.2 7  4.0  88    0    0 296 -316  0
3797500 2746500  2  9 24   2.4 1003 283  3.7 7  4.0  90    0    0 292 -316  0
3797500 2746500  2 10  1   2.1 1003 294  3.9 8  4.0  90    0    0 297 -316  0
3797500 2746500  2 10  2   2.0 1004 299  5.2 8  4.0  91    0    0 302 -316  0
3797500 2746500  2 10  3   2.3 1004 296  3.5 8  4.1  91    0    0 301 -316  0
3797500 2746500  2 10  4   2.2 1004 321  3.7 8  4.1  92    0    0 301 -316  0
3797500 2746500  2 10  5   1.9 1005 315  3.2 8  4.1  93    0    0 299 -315  0
3797500 2746500  2 10  6   2.4 1005 322  3.0 8  4.1  91    0    0 298 -315  0
3797500 2746500  2 10  7   2.4 1006 316  3.0 8  4.0  89    0    0 298 -314  0
3797500 2746500  2 10  8   2.3 1007 314  3.2 8  3.9  87    0    0 296 -313  0
3797500 2746500  2 10  9   2.0 1008 313  2.8 8  3.9  88    0   14 295 -312  0
3797500 2746500  2 10 10   2.3 1008 315  2.7 7  3.9  88    0   39 291 -313  0
3797500 2746500  2 10 11   2.4 1009 318  2.6 8  3.9  87    0   38 291 -314  0
3797500 2746500  2 10 12   2.5 1010 327  3.4 8  3.9  86    0   37 297 -316  0
3797500 2746500  2 10 13   2.7 1011 324  3.3 8  3.9  84    0   39 296 -319  0
3797500 2746500  2 10 14   2.8 1011 334  3.3 8  3.9  83    0   36 295 -323  0
3797500 2746500  2 10 15   2.9 1012 334  3.5 8  3.8  81    0   34 294 -323  0
3797500 2746500  2 10 16   3.1 1012 335  3.7 7  3.7  80    0   33 289 -323  0
3797500 2746500  2 10 17   2.8 1013 342  3.2 8  3.7  80    0   19 288 -320  0
3797500 2746500  2 10 18   2.5 1013 345  2.3 7  3.7  81    0    0 284 -317  0
3797500 2746500  2 10 19   2.5 1014 348  2.1 8  3.7  82    0    0 282 -315  0
3797500 2746500  2 10 20   2.3 1015 347  2.0 7  3.7  82    0    0 281 -313  0
3797500 2746500  2 10 21   2.3 1016 348  1.6 7  3.7  83    0    0 277 -311  0
3797500 2746500  2 10 22   2.3 1016 357  0.8 7  3.7  83    0    0 278 -310  0
3797500 2746500  2 10 23   2.2 1017 335  0.1 7  3.7  83    0    0 279 -310  0
3797500 2746500  2 10 24   2.0 1017 355  0.9 8  3.6  83    0    0 285 -309  0
3797500 2746500  2 11  1   1.9 1018 333  0.9 8  3.6  83    0    0 288 -308  0
3797500 2746500  2 11  2   1.9 1018  47  0.9 8  3.6  83    0    0 288 -307  0
3797500 2746500  2 11  3   1.6 1019  79  0.5 8  3.6  84    0    0 287 -305  0
3797500 2746500  2 11  4   1.7 1019 300  0.6 8  3.6  85    0    0 287 -302  0
3797500 2746500  2 11  5   1.5 1019 336  0.3 7  3.6  86    0    0 283 -301  0
3797500 2746500  2 11  6   1.3 1019 349  0.1 7  3.6  87    0    0 278 -300  0
3797500 2746500  2 11  7   1.1 1020 147  0.4 8  3.6  88    0    0 280 -300  0
3797500 2746500  2 11  8   1.2 1020 115  0.3 7  3.6  88    0    0 279 -299  0
3797500 2746500  2 11  9   1.1 1021 351  0.0 7  3.7  89    0   19 273 -299  0
3797500 2746500  2 11 10   1.0 1021 124  0.8 5  3.7  92   10   83 264 -302  0
3797500 2746500  2 11 11   2.2 1022 148  1.2 4  3.8  90   37  134 253 -307  0
3797500 2746500  2 11 12   2.3 1022 281  1.6 6  3.6  82    5  127 258 -313  0
3797500 2746500  2 11 13   2.5 1022 323  1.3 6  3.4  76    1  112 266 -315  0
3797500 2746500  2 11 14   2.9 1022 217  1.5 6  3.4  76   19  148 265 -319  0
3797500 2746500  2 11 15   3.2 1021 253  1.7 8  3.6  76    2   96 272 -321  0
3797500 2746500  2 11 16   2.8 1021   9  1.2 8  3.6  77    0   53 278 -319  0
3797500 2746500  2 11 17   2.7 1021 258  0.7 6  3.5  76    8   43 266 -317  0
3797500 2746500  2 11 18   1.9 1021 251  0.4 7  3.5  78    0    5 259 -316  0
3797500 2746500  2 11 19   1.9 1021 240  0.8 8  3.6  83    0    0 266 -313  0
3797500 2746500  2 11 20   1.6 1022 175  0.7 8  3.6  84    0    0 271 -310  0
3797500 2746500  2 11 21   1.7 1022 214  0.7 8  3.6  85    0    0 270 -309  0
3797500 2746500  2 11 22   1.6 1022 198  0.3 8  3.6  86    0    0 272 -308  0
3797500 2746500  2 11 23   1.7 1022 202  0.5 8  3.6  86    0    0 272 -306  0
3797500 2746500  2 11 24   1.6 1022 211  0.8 8  3.6  86    0    0 273 -305  0
3797500 2746500  2 12  1   1.5 1022 201  0.5 7  3.6  86    0    0 269 -305  0
3797500 2746500  2 12  2   1.5 1022 194  0.6 7  3.6  86    0    0 267 -307  0
3797500 2746500  2 12  3   1.0 1022 175  0.7 6  3.6  86    0    0 264 -308  0
3797500 2746500  2 12  4   1.2 1021 222  1.4 7  3.6  88    0    0 265 -309  0
3797500 2746500  2 12  5   0.9 1021 174  0.8 7  3.6  88    0    0 270 -310  0
3797500 2746500  2 12  6   1.0 1021 212  0.9 7  3.6  88    0    0 271 -311  0
3797500 2746500  2 12  7   0.7 1021 173  0.5 7  3.5  87    0    0 272 -311  0
3797500 2746500  2 12  8   0.7 1021 219  0.4 7  3.4  87    0    0 275 -312  0
3797500 2746500  2 12  9   0.3 1021 203  0.2 7  3.5  89    5   42 276 -313  0
3797500 2746500  2 12 10   1.5 1021 195  2.0 6  3.5  88   13  101 275 -314  0
3797500 2746500  2 12 11   2.4 1021 206  1.4 5  3.6  83   21  151 270 -315  0
3797500 2746500  2 12 12   2.8 1021 215  2.4 7  3.6  78    8  148 278 -316  0
3797500 2746500  2 12 13   4.3 1020 214  2.7 5  3.6  74   65  229 282 -316  0
3797500 2746500  2 12 14   4.2 1020 223  3.1 5  3.3  66   59  214 276 -317  0
3797500 2746500  2 12 15   4.3 1019 240  3.2 5  3.1  62   49  178 278 -318  0
3797500 2746500  2 12 16   3.9 1018 232  3.3 5  3.1  62   32  124 280 -317  0
3797500 2746500  2 12 17   3.5 1018 232  2.3 7  3.0  62   13   55 293 -316  0
3797500 2746500  2 12 18   2.9 1018 241  2.0 7  3.0  64    0    1 303 -316  0
3797500 2746500  2 12 19   2.7 1018 232  1.9 8  3.1  66    0    0 308 -316  0
3797500 2746500  2 12 20   2.4 1018 234  2.0 8  3.1  69    0    0 314 -316  0
3797500 2746500  2 12 21   1.6 1018 224  1.7 8  3.2  74    0    0 314 -316  0
3797500 2746500  2 12 22   0.7 1018 175  2.1 6  3.2  79    0    0 302 -316  0
3797500 2746500  2 12 23   0.9 1017 163  2.3 6  3.2  81    0    0 292 -317  0
3797500 2746500  2 12 24   1.2 1017 146  2.4 4  3.2  80    0    0 283 -317  0
3797500 2746500  2 13  1   1.1 1017 153  3.5 4  3.2  78    0    0 274 -317  0
3797500 2746500  2 13  2   0.8 1017 156  3.2 4  3.1  78    0    0 273 -317  0
3797500 2746500  2 13  3   0.9 1017 146  3.5 1  3.1  77    0    0 259 -317  0
3797500 2746500  2 13  4   0.8 1017  99  3.5 1  3.0  76    0    0 244 -317  0
3797500 2746500  2 13  5   1.0 1016 150  3.7 3  3.1  76    0    0 253 -317  0
3797500 2746500  2 13  6   1.3 1016 156  3.6 5  3.1  76    0    0 271 -317  0
3797500 2746500  2 13  7   1.4 1016 104  4.1 6  3.1  75    0    0 285 -317  0
3797500 2746500  2 13  8   1.3 1016 158  3.6 5  3.1  74    0    0 284 -316  0
3797500 2746500  2 13  9   1.4 1016 156  3.9 4  3.1  74    8   37 275 -316  0
3797500 2746500  2 13 10   1.8 1016 155  4.3 5  3.1  72   66   92 273 -317  0
3797500 2746500  2 13 11   2.6 1016 154  4.6 6  3.1  70  123  130 282 -320  0
3797500 2746500  2 13 12   3.8 1016 173  4.7 4  3.2  67  223  129 280 -324  0
3797500 2746500  2 13 13   4.5 1016 168  5.0 1  3.2  63  315   97 257 -327  0
3797500 2746500  2 13 14   5.1 1015 203  3.4 1  3.2  61  307   93 243 -332  0
3797500 2746500  2 13 15   5.3 1015 185  3.7 0  3.3  60  247   88 240 -335  0
3797500 2746500  2 13 16   4.9 1015 182  2.8 1  3.3  61  151   77 241 -333  0
3797500 2746500  2 13 17   4.7 1015 177  3.0 6  3.4  63   58   47 269 -327  0
3797500 2746500  2 13 18   3.7 1015 161  2.0 5  3.4  66    2    9 286 -320  0
3797500 2746500  2 13 19   3.6 1014 150  1.7 5  3.4  69    0    0 280 -317  0
3797500 2746500  2 13 20   3.9 1015 157  1.5 6  3.5  70    0    0 284 -316  0
3797500 2746500  2 13 21   4.0 1015 161  1.8 8  3.5  70    0    0 299 -316  0
3797500 2746500  2 13 22   4.0 1015 176  2.5 7  3.5  70    0    0 304 -316  0
3797500 2746500  2 13 23   4.2 1015 186  2.8 7  3.5  69    0    0 300 -316  0
3797500 2746500  2 13 24   3.9 1014 171  2.8 8  3.5  69    0    0 303 -316  0
3797500 2746500  2 14  1   3.7 1014 168  2.9 6  3.4  69    0    0 297 -316  0
3797500 2746500  2 14  2   3.5 1014 177  2.2 7  3.4  70    0    0 292 -316  0
3797500 2746500  2 14  3   3.4 1014 169  3.2 7  3.5  72    0    0 295 -316  0
3797500 2746500  2 14  4   3.2 1013 181  2.1 8  3.5  73    0    0 297 -315  0
3797500 2746500  2 14  5   3.2 1013 164  1.9 8  3.6  74    0    0 301 -314  0
3797500 2746500  2 14  6   3.1 1013 163  2.5 8  3.6  76    0    0 300 -314  0
3797500 2746500  2 14  7   3.5 1013 170  2.8 8  3.6  76    0    0 302 -314  0
3797500 2746500  2 14  8   3.4 1013 169  2.6 8  3.7  75    0    0 302 -314  0
3797500 2746500  2 14  9   3.5 1013 171  2.2 8  3.7  76    0    4 302 -314  0
3797500 2746500  2 14 10   3.5 1013 181  2.6 8  3.8  77    0   28 301 -315  0
3797500 2746500  2 14 11   3.6 1013 173  2.4 7  3.9  79    0   79 293 -317  0
3797500 2746500  2 14 12   4.6 1012 174  2.3 6  4.0  79    0  118 283 -321  0
3797500 2746500  2 14 13   4.9 1012 175  3.8 7  4.1  76    0   97 282 -326  0
3797500 2746500  2 14 14   5.5 1012 173  2.9 8  4.2  76    0  116 291 -329  0
3797500 2746500  2 14 15   6.1 1011 162  4.0 7  4.4  76    9  145 294 -329  0
3797500 2746500  2 14 16   6.2 1010 173  3.7 7  4.4  76    9  111 293 -328  0
3797500 2746500  2 14 17   6.0 1009 180  3.3 7  4.4  76    4   53 295 -327  0
3797500 2746500  2 14 18   5.9 1009 180  3.1 5  4.4  76    0    2 288 -327  0
3797500 2746500  2 14 19   5.7 1009 193  2.7 5  4.4  76    0    0 282 -325  0
3797500 2746500  2 14 20   6.0 1009 193  2.4 6  4.4  77    0    0 287 -324  0
3797500 2746500  2 14 21   5.6 1009 204  2.0 8  4.6  80    0    0 301 -322  0
3797500 2746500  2 14 22   5.1 1009 212  2.3 6  4.8  86    0    0 304 -321  0
3797500 2746500  2 14 23   4.8 1008 213  2.1 6  4.8  88    0    0 298 -322  0
3797500 2746500  2 14 24   4.7 1008 195  1.5 5  4.7  88    0    0 299 -323  0
3797500 2746500  2 15  1   4.9 1007 185  2.0 6  4.7  88    0    0 302 -325  0
3797500 2746500  2 15  2   5.0 1006 185  2.3 6  4.7  87    0    0 308 -326  0
3797500 2746500  2 15  3   5.0 1006 182  2.6 5  4.6  85    0    0 304 -326  0
3797500 2746500  2 15  4   4.8 1005 182  3.1 3  4.5  83    0    0 289 -326  0
3797500 2746500  2 15  5   4.3 1004 174  3.8 2  4.4  84    0    0 270 -326  0
3797500 2746500  2 15  6   4.9 1002 175  5.1 4  4.4  82    0    0 274 -324  0
3797500 2746500  2 15  7   5.6 1000 170  4.8 8  4.5  80    0    0 306 -322  0
3797500 2746500  2 15  8   5.6  999 197  3.3 8  4.6  81    0    0 330 -321  0
3797500 2746500  2 15  9   5.1  998 172  3.7 8  4.8  85    0    8 329 -323  0
3797500 2746500  2 15 10   5.5  997 171  4.9 8  4.9  87    0   27 330 -327  0
3797500 2746500  2 15 11   5.5  994 173  6.0 7  4.9  86    0   49 325 -332  0
3797500 2746500  2 15 12   5.6  992 182  5.6 8  4.9  86    0   44 325 -334  0
3797500 2746500  2 15 13   5.4  990 192  4.8 8  5.0  87    0   45 331 -336  0
3797500 2746500  2 15 14   5.7  989 202  5.0 8  5.0  87    0   42 332 -336  0
3797500 2746500  2 15 15   7.1  988 231  6.1 8  5.4  87    0   36 335 -334  0
3797500 2746500  2 15 16   8.1  988 231  4.6 8  5.8  87    0   35 339 -333  0
3797500 2746500  2 15 17   8.6  988 220  4.5 7  6.0  86    0   38 338 -334  0
3797500 2746500  2 15 18   8.4  988 219  4.1 7  6.1  87    0    1 332 -335  0
3797500 2746500  2 15 19   8.1  988 231  4.4 7  6.1  87    0    0 331 -337  0
3797500 2746500  2 15 20   8.1  989 232  3.7 7  5.8  85    0    0 328 -339  0
3797500 2746500  2 15 21   8.3  988 224  3.6 6  5.7  82    0    0 320 -339  0
3797500 2746500  2 15 22   8.2  988 216  2.8 7  5.6  81    0    0 318 -339  0
3797500 2746500  2 15 23   8.2  988 207  3.1 8  5.6  81    0    0 331 -339  0
3797500 2746500  2 15 24   7.7  988 210  2.2 7  5.6  82    0    0 329 -339  0
3797500 2746500  2 16  1   7.3  987 171  2.1 7  5.5  82    0    0 319 -339  0
3797500 2746500  2 16  2   7.2  986 187  2.2 7  5.4  83    0    0 320 -338  0
3797500 2746500  2 16  3   6.7  986 187  2.4 7  5.4  85    0    0 319 -338  0
3797500 2746500  2 16  4   6.2  985 192  1.7 6  5.4  88    0    0 312 -338  0
3797500 2746500  2 16  5   6.1  984 173  1.9 7  5.5  91    0    0 313 -337  0
3797500 2746500  2 16  6   6.0  984 191  0.8 8  5.6  92    0    0 329 -337  0
3797500 2746500  2 16  7   5.8  984 217  1.2 8  5.5  92    0    0 335 -336  0
3797500 2746500  2 16  8   5.9  983 208  1.1 8  5.4  90    0    0 334 -336  0
3797500 2746500  2 16  9   6.0  983 219  1.4 8  5.5  92    0   20 335 -337  0
3797500 2746500  2 16 10   6.2  984 241  3.2 7  5.7  94    0   71 329 -338  0
3797500 2746500  2 16 11   6.8  984 241  3.7 7  5.7  92    6  123 324 -340  0
3797500 2746500  2 16 12   7.9  984 241  3.8 7  5.8  87   14  158 326 -344  0
3797500 2746500  2 16 13   8.8  984 237  3.4 6  5.5  79   35  183 322 -346  0
3797500 2746500  2 16 14   7.9  984 222  3.5 7  5.5  78    2  130 322 -347  0
3797500 2746500  2 16 15   8.4  983 218  3.9 4  5.7  81   42  153 310 -348  0
3797500 2746500  2 16 16   8.1  982 187  3.0 6  5.7  81   35  109 304 -347  0
3797500 2746500  2 16 17   5.8  981 261  4.4 7  5.5  86    0   12 314 -345  0
3797500 2746500  2 16 18   6.2  982 223  3.0 7  5.3  88    0    1 314 -342  0
3797500 2746500  2 16 19   5.9  981 221  3.5 7  5.3  87    0    0 312 -339  0
3797500 2746500  2 16 20   6.3  982 220  1.8 7  5.3  87    0    0 310 -336  0
3797500 2746500  2 16 21   5.6  982 176  1.6 5  5.2  86    0    0 298 -334  0
3797500 2746500  2 16 22   6.3  981 211  1.5 6  5.1  86    0    0 293 -334  0
3797500 2746500  2 16 23   6.1  981 211  1.7 6  5.2  85    0    0 298 -335  0
3797500 2746500  2 16 24   5.8  982 209  1.7 7  5.1  85    0    0 303 -335  0
3797500 2746500  2 17  1   5.8  982 211  2.0 6  5.0  84    0    0 303 -335  0
3797500 2746500  2 17  2   5.4  982 222  2.9 7  5.0  85    0    0 304 -334  0
3797500 2746500  2 17  3   5.1  982 209  2.7 8  4.9  86    0    0 314 -334  0
3797500 2746500  2 17  4   5.0  983 221  2.8 7  4.8  86    0    0 314 -334  0
3797500 2746500  2 17  5   5.1  983 220  3.4 7  4.8  85    0    0 307 -333  0
3797500 2746500  2 17  6   4.7  983 221  3.3 7  4.7  84    0    0 308 -332  0
3797500 2746500  2 17  7   4.7  983 219  2.7 8  4.6  84    0    0 315 -331  0
3797500 2746500  2 17  8   5.0  983 190  2.7 8  4.6  83    0    0 322 -331  0
3797500 2746500  2 17  9   5.1  983 189  2.9 7  4.5  81   10   29 317 -331  0
3797500 2746500  2 17 10   5.1  984 207  4.1 8  4.6  82    0   45 316 -332  0
3797500 2746500  2 17 11   5.6  984 189  3.4 8  4.7  82    0   39 322 -333  0
3797500 2746500  2 17 12   6.4  983 191  3.6 8  4.7  79    0   89 323 -335  0
3797500 2746500  2 17 13   6.7  983 200  3.7 8  4.7  75    0   95 323 -336  0
3797500 2746500  2 17 14   6.8  983 220  4.9 8  4.6  74    0   83 324 -338  0
3797500 2746500  2 17 15   6.3  983 221  5.2 7  4.8  78    0   78 317 -339  0
3797500 2746500  2 17 16   6.4  983 220  4.2 7  5.1  83    5   67 311 -341  0
3797500 2746500  2 17 17   5.7  984 237  3.0 8  5.3  87    0   37 313 -343  0
3797500 2746500  2 17 18   6.0  984 238  4.4 8  5.3  89    0    1 317 -341  0
3797500 2746500  2 17 19   5.5  985 227  4.0 8  5.3  89    0    0 315 -339  0
3797500 2746500  2 17 20   6.2  985 203  3.5 8  5.3  89    0    0 315 -338  0
3797500 2746500  2 17 21   6.4  986 207  3.7 8  5.2  85    0    0 314 -337  0
3797500 2746500  2 17 22   6.7  986 221  4.9 6  5.0  80    0    0 302 -335  0
3797500 2746500  2 17 23   6.6  986 223  5.5 6  4.8  77    0    0 293 -335  0
3797500 2746500  2 17 24   6.3  986 231  4.9 7  4.8  78    0    0 298 -333  0
3797500 2746500  2 18  1   6.1  987 223  4.8 6  4.7  77    0    0 298 -331  0
3797500 2746500  2 18  2   5.5  987 219  3.5 6  4.6  77    0    0 293 -327  0
3797500 2746500  2 18  3   5.2  988 219  3.3 8  4.6  80    0    0 304 -323  0
3797500 2746500  2 18  4   5.4  988 208  3.2 8  4.6  81    0    0 316 -320  0
3797500 2746500  2 18  5   5.3  988 210  3.3 8  4.5  80    0    0 316 -319  0
3797500 2746500  2 18  6   4.6  988 191  2.5 7  4.4  79    0    0 309 -320  0
3797500 2746500  2 18  7   3.9  988 190  1.2 4  4.2  79    0    0 286 -324  0
3797500 2746500  2 18  8   3.8  988 175  2.4 4  4.1  80    0    3 269 -327  0
3797500 2746500  2 18  9   4.2  988 170  3.0 4  4.2  81    4   42 269 -328  0
3797500 2746500  2 18 10   4.9  988 166  2.6 6  4.3  80    1   78 281 -331  0
3797500 2746500  2 18 11   5.5  988 160  4.6 7  4.4  79    0   63 300 -334  0
3797500 2746500  2 18 12   5.4  988 176  3.7 7  4.6  80    0   70 306 -339  0
3797500 2746500  2 18 13   3.5  988 164  4.3 7  4.5  84    0   89 303 -344  0
3797500 2746500  2 18 14   3.4  988 177  3.2 7  4.4  89    1  122 300 -348  0
3797500 2746500  2 18 15   4.3  988 187  1.9 8  4.6  90    0   92 307 -350  0
3797500 2746500  2 18 16   5.5  987 187  1.3 8  4.9  89    0   65 313 -349  0
3797500 2746500  2 18 17   5.8  987 181  1.6 7  5.1  87    0   30 308 -346  0
3797500 2746500  2 18 18   5.5  988 171  1.7 7  5.1  88    1   11 301 -343  0
3797500 2746500  2 18 19   5.1  988 277  1.6 8  5.1  89    0    0 304 -341  0
3797500 2746500  2 18 20   4.7  989 229  1.3 8  4.9  89    0    0 306 -339  0
3797500 2746500  2 18 21   4.7  989 200  1.9 7  4.9  90    0    0 300 -338  0
3797500 2746500  2 18 22   4.4  990 245  3.1 8  4.9  90    0    0 298 -337  0
3797500 2746500  2 18 23   4.3  991 307  3.7 8  4.9  92    0    0 301 -336  0
3797500 2746500  2 18 24   4.2  992 262  3.1 7  4.9  93    0    0 297 -333  0
3797500 2746500  2 19  1   4.1  993 243  1.9 8  4.9  94    0    0 297 -328  0
3797500 2746500  2 19  2   4.1  994 223  2.5 8  4.9  95    0    0 302 -326  0
3797500 2746500  2 19  3   3.9  995 184  1.3 8  4.8  94    0    0 301 -323  0
3797500 2746500  2 19  4   3.8  996 174  1.1 8  4.7  92    0    0 300 -322  0
3797500 2746500  2 19  5   3.8  996 175  1.5 7  4.8  94    0    0 296 -321  0
3797500 2746500  2 19  6   4.4  996 162  2.4 7  4.8  92    0    0 293 -321  0
3797500 2746500  2 19  7   4.4  996 153  2.3 7  4.7  89    0    0 296 -325  0
3797500 2746500  2 19  8   4.4  996 141  1.8 6  4.7  89    0    4 293 -328  0
3797500 2746500  2 19  9   5.1  996 130  1.6 5  4.8  88   18   49 284 -328  0
3797500 2746500  2 19 10   6.5  996 145  2.2 4  5.0  85  113   90 275 -330  0
3797500 2746500  2 19 11   6.4  996 127  2.8 4  5.0  82   82  153 272 -334  0
3797500 2746500  2 19 12   6.8  996 108  2.5 3  5.0  81  108  182 271 -339  0
3797500 2746500  2 19 13   7.9  996 108  3.2 3  5.0  77  305  125 275 -344  0
3797500 2746500  2 19 14   9.0  996  99  3.2 4  5.0  71  286  124 287 -349  0
3797500 2746500  2 19 15   9.1  995 100  3.6 5  4.9  68  139  143 297 -353  0
3797500 2746500  2 19 16   8.8  995 118  4.1 5  4.8  66   73  109 298 -354  0
3797500 2746500  2 19 17   7.8  995 112  3.4 6  4.7  67   57   57 297 -351  0
3797500 2746500  2 19 18   6.9  995  87  3.3 7  4.5  70    4   13 301 -346  0
3797500 2746500  2 19 19   6.7  995  69  3.0 6  4.4  71    0    0 297 -342  0
3797500 2746500  2 19 20   6.7  994  78  3.1 6  4.4  71    0    0 290 -340  0
3797500 2746500  2 19 21   6.7  995  68  2.8 8  4.4  71    0    0 300 -339  0
3797500 2746500  2 19 22   6.3  995  68  2.5 8  4.4  72    0    0 310 -337  0
3797500 2746500  2 19 23   5.9  995  59  3.1 8  4.4  74    0    0 309 -337  0
3797500 2746500  2 19 24   5.6  996  49  3.0 8  4.4  76    0    0 308 -338  0
3797500 2746500  2 20  1   5.2  995  57  3.6 7  4.4  77    0    0 301 -338  0
3797500 2746500  2 20  2   4.8  996  59  3.8 6  4.4  79    0    0 287 -337  0
3797500 2746500  2 20  3   4.5  996  68  3.9 6  4.4  82    0    0 278 -334  0
3797500 2746500  2 20  4   4.3  996  50  4.2 5  4.4  84    0    0 271 -331  0
3797500 2746500  2 20  5   4.2  996  51  4.2 8  4.4  85    0    0 282 -329  0
3797500 2746500  2 20  6   4.3  996  50  3.8 7  4.5  85    0    0 297 -329  0
3797500 2746500  2 20  7   3.8  997  50  3.7 8  4.4  86    0    0 296 -331  0
3797500 2746500  2 20  8   3.5  997  50  4.7 8  4.4  87    0    1 303 -333  0
3797500 2746500  2 20  9   3.1  998  37  4.8 8  4.3  89    0   12 303 -334  0
3797500 2746500  2 20 10   2.6  999  38  4.8 8  4.3  90    0   28 299 -335  0
3797500 2746500  2 20 11   2.2  999  40  5.1 8  4.2  91    0   44 297 -339  0
3797500 2746500  2 20 12   2.5 1000  49  4.3 8  4.1  90    0   63 295 -345  0
3797500 2746500  2 20 13   2.3 1001  46  4.6 7  4.1  90    0   89 289 -351  0
3797500 2746500  2 20 14   2.3 1001  62  4.6 8  4.1  91    0   80 290 -355  0
3797500 2746500  2 20 15   2.0 1001  51  4.4 7  4.1  92    0   76 290 -357  0
3797500 2746500  2 20 16   1.9 1001  42  4.5 7  4.1  93    0   51 285 -356  0
3797500 2746500  2 20 17   1.7 1002  48  3.8 7  4.0  92    0   28 286 -352  0
3797500 2746500  2 20 18   1.6 1002  50  4.3 7  4.0  93    0    3 287 -345  0
3797500 2746500  2 20 19   1.6 1003  43  4.2 8  4.0  94    0    0 293 -337  0
3797500 2746500  2 20 20   1.9 1003  51  3.9 8  4.1  93    0    0 302 -331  0
3797500 2746500  2 20 21   1.9 1004  44  4.8 7  4.0  92    0    0 299 -328  0
3797500 2746500  2 20 22   1.8 1004  40  4.8 8  4.0  92    0    0 300 -325  0
3797500 2746500  2 20 23   1.7 1004  39  4.4 8  4.0  92    0    0 306 -322  0
3797500 2746500  2 20 24   1.6 1005  58  4.3 8  4.0  92    0    0 304 -320  0
3797500 2746500  2 21  1   1.6 1005  46  4.7 8  4.0  92    0    0 303 -318  0
3797500 2746500  2 21  2   1.6 1005  57  3.8 8  3.9  92    0    0 302 -317  0
3797500 2746500  2 21  3   1.6 1005  51  3.9 8  4.0  92    0    0 303 -316  0
3797500 2746500  2 21  4   1.6 1005  55  3.8 8  4.0  92    0    0 303 -316  0
3797500 2746500  2 21  5   1.5 1005  56  4.4 8  3.9  92    0    0 304 -316  0
3797500 2746500  2 21  6   1.3 1005  33  4.3 8  4.0  94    0    0 304 -316  0
3797500 2746500  2 21  7   1.2 1006  49  4.5 8  3.9  94    0    0 304 -316  0
3797500 2746500  2 21  8   1.5 1006  60  5.0 8  3.9  93    0    0 305 -316  0
3797500 2746500  2 21  9   1.7 1006  41  4.5 8  3.9  92    0    7 305 -318  0
3797500 2746500  2 21 10   1.9 1007  66  4.7 8  3.9  90    0   21 306 -322  0
3797500 2746500  2 21 11   2.0 1008  71  4.6 8  3.9  89    0   40 306 -328  0
3797500 2746500  2 21 12   2.2 1008  72  4.7 8  3.9  88    0   62 307 -334  0
3797500 2746500  2 21 13   2.7 1009  67  4.2 7  3.9  87    0   69 302 -338  0
3797500 2746500  2 21 14   2.6 1009  62  4.9 7  3.9  85    0   57 295 -343  0
3797500 2746500  2 21 15   2.7 1009  78  4.5 8  3.9  85    0   52 301 -346  0
3797500 2746500  2 21 16   2.8 1009  70  4.8 7  3.9  85    0   64 301 -345  0
3797500 2746500  2 21 17   2.7 1010  70  4.5 8  3.9  84    1   52 301 -342  0
3797500 2746500  2 21 18   2.7 1010  78  4.4 8  3.9  84    0    3 306 -338  0
3797500 2746500  2 21 19   2.7 1011  68  5.1 8  3.9  84    0    0 305 -333  0
3797500 2746500  2 21 20   2.8 1012  77  4.8 8  3.8  83    0    0 304 -330  0
3797500 2746500  2 21 21   2.9 1012  70  4.6 8  3.8  82    0    0 304 -329  0
3797500 2746500  2 21 22   2.8 1012  79  4.4 8  3.7  80    0    0 305 -327  0
3797500 2746500  2 21 23   3.0 1013  64  4.4 8  3.7  79    0    0 305 -326  0
3797500 2746500  2 21 24   3.0 1013  70  4.5 7  3.7  79    0    0 299 -326  0
3797500 2746500  2 22  1   3.0 1014  74  4.9 8  3.6  78    0    0 299 -326  0
3797500 2746500  2 22  2   2.8 1015  76  3.8 8  3.6  77    0    0 305 -326  0
3797500 2746500  2 22  3   2.7 1015  74  4.6 8  3.6  77    0    0 303 -325  0
3797500 2746500  2 22  4   2.7 1016  89  4.5 8  3.5  76    0    0 303 -323  0
3797500 2746500  2 22  5   2.5 1016  80  4.5 7  3.5  77    0    0 295 -322  0
3797500 2746500  2 22  6   2.0 1016  56  4.8 8  3.5  80    0    0 295 -322  0
3797500 2746500  2 22  7   1.7 1017  54  4.0 8  3.5  80    0    0 300 -323  0
3797500 2746500  2 22  8   1.2 1017  48  4.4 8  3.4  81    0    3 300 -323  0
3797500 2746500  2 22  9   1.2 1018  60  4.1 7  3.3  81    0   31 293 -325  0
3797500 2746500  2 22 10   1.1 1018  78  4.2 8  3.3  80    0   52 293 -328  0
3797500 2746500  2 22 11   0.9 1019  71  4.4 8  3.2  79    0   51 298 -333  0
3797500 2746500  2 22 12   0.9 1019  82  4.3 8  3.1  78    0   57 297 -337  0
3797500 2746500  2 22 13   0.9 1020  76  4.0 8  3.1  77    0   56 296 -342  0
3797500 2746500  2 22 14   0.9 1020  58  4.2 8  3.1  76    0   47 296 -346  0
3797500 2746500  2 22 15   1.0 1020  67  4.8 8  3.0  75    0   49 295 -347  0
3797500 2746500  2 22 16   1.1 1020  62  3.5 8  3.0  74    0   41 295 -345  0
3797500 2746500  2 22 17   0.9 1019  92  3.8 7  3.0  74    0   32 291 -341  0
3797500 2746500  2 22 18   1.0 1019  90  3.1 8  2.9  72    0    8 291 -337  0
3797500 2746500  2 22 19   1.1 1019  69  3.4 8  2.9  71    0    0 296 -332  0
3797500 2746500  2 22 20   0.9 1020  78  3.5 7  2.9  72    0    0 290 -329  0
3797500 2746500  2 22 21   1.0 1020  61  3.9 8  2.9  71    0    0 290 -325  0
3797500 2746500  2 22 22   0.7 1020  58  3.3 7  2.8  71    0    0 289 -322  0
3797500 2746500  2 22 23   0.6 1020  96  3.6 8  2.7  69    0    0 289 -320  0
3797500 2746500  2 22 24   0.5 1020  73  2.6 8  2.6  67    0    0 293 -319  0
3797500 2746500  2 23  1   0.4 1020  74  2.0 7  2.7  68    0    0 289 -320  0
3797500 2746500  2 23  2   0.3 1020  95  1.8 8  2.7  70    0    0 289 -320  0
3797500 2746500  2 23  3   0.0 1020  43  1.1 8  2.7  71    0    0 293 -320  0
3797500 2746500  2 23  4  -0.3 1019  35  2.1 7  2.7  73    0    0 288 -319  0
3797500 2746500  2 23  5  -0.4 1019  35  1.6 7  2.8  77    0    0 283 -319  0
3797500 2746500  2 23  6  -0.5 1018  36  1.7 7  2.8  77    0    0 281 -318  0
3797500 2746500  2 23  7  -0.4 1018  45  2.2 7  2.8  76    0    0 281 -318  0
3797500 2746500  2 23  8  -0.5 1018  49  2.0 7  2.8  76    0    6 281 -318  0
3797500 2746500  2 23  9  -0.3 1018  57  2.0 7  2.8  76    6   58 281 -317  0
3797500 2746500  2 23 10   0.0 1017  59  2.1 6  2.8  75   36  131 278 -319  0
3797500 2746500  2 23 11   0.5 1017  48  3.0 6  2.8  72   33  176 274 -325  0
3797500 2746500  2 23 12   0.7 1017  42  2.5 6  2.7  69    4  162 274 -333  0
3797500 2746500  2 23 13   1.2 1016  83  3.0 7  2.6  64    0  126 280 -339  0
3797500 2746500  2 23 14   1.5 1016  73  3.2 6  2.4  58    0  116 279 -342  0
3797500 2746500  2 23 15   1.7 1016 100  2.8 6  2.3  55    0  120 273 -341  0
3797500 2746500  2 23 16   1.5 1015 105  3.8 7  2.3  54    0   89 277 -340  0
3797500 2746500  2 23 17   1.2 1015  89  3.2 7  2.3  55    9   67 281 -338  0
3797500 2746500  2 23 18   1.0 1014  79  3.0 7  2.2  55    1   15 280 -333  0
3797500 2746500  2 23 19   0.7 1014  70  2.7 7  2.2  56    0    0 279 -329  0
3797500 2746500  2 23 20   0.5 1014  97  2.9 7  2.3  58    0    0 277 -325  0
3797500 2746500  2 23 21   0.7 1014  88  2.8 7  2.2  57    0    0 277 -324  0
3797500 2746500  2 23 22   0.1 1014  89  2.8 6  2.2  56    0    0 270 -324  0
3797500 2746500  2 23 23   0.0 1014  80  3.1 6  2.2  57    0    0 265 -321  0
3797500 2746500  2 23 24  -0.4 1014  89  3.5 5  2.2  59    0    0 258 -318  0
3797500 2746500  2 24  1  -1.4 1014  89  3.3 4  2.2  62    0    0 245 -317  0
3797500 2746500  2 24  2  -1.4 1014  76  3.1 2  2.2  65    0    0 226 -316  0
3797500 2746500  2 24  3  -1.2 1014  74  3.3 3  2.3  66    0    0 221 -316  0
3797500 2746500  2 24  4  -1.4 1014  73  3.3 6  2.3  67    0    0 245 -315  0
3797500 2746500  2 24  5  -1.5 1013  69  3.8 6  2.4  70    0    0 261 -314  0
3797500 2746500  2 24  6  -1.2 1014  80  3.7 7  2.4  71    0    0 266 -312  0
3797500 2746500  2 24  7  -0.7 1014  75  4.3 8  2.5  72    0    0 279 -311  0
3797500 2746500  2 24  8  -0.5 1014  65  3.7 8  2.6  73    0   11 285 -311  0
3797500 2746500  2 24  9   0.1 1015  53  4.0 6  2.7  73   21   64 275 -312  0
3797500 2746500  2 24 10   1.7 1015  64  4.3 3  2.8  69  105  119 250 -314  0
3797500 2746500  2 24 11   2.9 1015  93  5.8 3  2.8  63  200  146 236 -316  0
3797500 2746500  2 24 12   3.4 1015  66  5.4 3  2.7  57  251  170 237 -322  0
3797500 2746500  2 24 13   3.8 1015  45  5.0 2  2.6  54  288  169 230 -328  0
3797500 2746500  2 24 14   4.0 1014  57  5.6 3  2.5  50  295  152 230 -330  0
3797500 2746500  2 24 15   4.9 1013  57  6.2 3  2.5  48  252  133 237 -331  0
3797500 2746500  2 24 16   4.2 1013  69  6.0 3  2.5  48  184  103 238 -332  0
3797500 2746500  2 24 17   3.4 1013  69  5.5 5  2.6  52   95   70 251 -331  0
3797500 2746500  2 24 18   2.6 1013  62  5.7 6  2.7  57   13   17 268 -329  0
3797500 2746500  2 24 19   2.0 1013  73  6.7 3  2.7  61    0    0 256 -328  0
3797500 2746500  2 24 20   1.4 1013  73  6.1 3  2.7  64    0    0 237 -327  0
3797500 2746500  2 24 21   1.3 1013  71  5.7 3  2.7  65    0    0 235 -326  0
3797500 2746500  2 24 22   1.1 1012  83  5.4 2  2.7  65    0    0 228 -323  0
3797500 2746500  2 24 23   1.1 1012  59  5.2 2  2.6  64    0    0 221 -320  0
3797500 2746500  2 24 24   0.8 1012  69  5.7 2  2.6  64    0    0 221 -320  0
3797500 2746500  2 25  1   0.6 1012  52  5.7 0  2.6  65    0    0 209 -320  0
3797500 2746500  2 25  2   0.0 1012  62  6.2 0  2.6  67    0    0 191 -320  0
3797500 2746500  2 25  3  -0.4 1011  61  5.8 1  2.6  69    0    0 190 -319  0
3797500 2746500  2 25  4  -0.7 1011  74  5.8 1  2.5  70    0    0 199 -317  0
3797500 2746500  2 25  5  -1.1 1010  72  5.9 2  2.5  71    0    0 199 -316  0
3797500 2746500  2 25  6  -1.5 1010  72  5.8 3  2.5  73    0    0 197 -316  0
3797500 2746500  2 25  7  -2.0 1010  66  5.9 2  2.5  75    0    0 194 -315  0
3797500 2746500  2 25  8  -2.0 1010  70  4.4 3  2.5  76    0   13 201 -314  0
3797500 2746500  2 25  9  -1.6 1011  68  4.3 3  2.5  75   31   65 197 -313  0
3797500 2746500  2 25 10  -0.9 1011  78  4.8 3  2.5  72  102  121 192 -314  0
3797500 2746500  2 25 11   0.1 1011  53  5.2 2  2.5  68  200  148 187 -315  0
3797500 2746500  2 25 12   0.9 1011  62  4.8 1  2.5  63  310  147 185 -316  0
3797500 2746500  2 25 13   1.6 1011  61  5.6 1  2.5  60  356  146 193 -319  0
3797500 2746500  2 25 14   2.8 1011  61  4.9 0  2.5  57  352  137 198 -323  0
3797500 2746500  2 25 15   2.8 1010  60  5.0 0  2.5  54  303  124 197 -325  0
3797500 2746500  2 25 16   2.9 1009  49  5.4 0  2.6  56  216  104 200 -326  0
3797500 2746500  2 25 17   2.0 1009  40  4.6 0  2.7  60  109   72 198 -323  0
3797500 2746500  2 25 18   0.9 1009  50  4.7 1  2.7  64   18   18 184 -320  0
3797500 2746500  2 25 19  -0.3 1009  49  4.4 1  2.7  69    0    0 188 -318  0
3797500 2746500  2 25 20  -1.3 1010  48  5.4 2  2.6  74    0    0 185 -317  0
3797500 2746500  2 25 21  -1.6 1011  58  4.6 2  2.6  76    0    0 187 -316  0
3797500 2746500  2 25 22  -1.5 1011  49  4.6 6  2.5  75    0    0 220 -316  0
3797500 2746500  2 25 23  -1.7 1012  58  4.6 7  2.5  73    0    0 262 -316  0
3797500 2746500  2 25 24  -1.7 1012  68  3.8 7  2.4  72    0    0 269 -316  0
3797500 2746500  2 26  1  -1.8 1012  59  4.6 8  2.4  71    0    0 278 -315  0
3797500 2746500  2 26  2  -1.6 1011  48  4.0 8  2.4  72    0    0 288 -313  0
3797500 2746500  2 26  3  -1.6 1012  57  3.7 8  2.4  72    0    0 289 -312  0
3797500 2746500  2 26  4  -1.4 1012  49  3.9 8  2.4  72    0    0 290 -312  0
3797500 2746500  2 26  5  -1.5 1012  49  3.1 8  2.5  72    0    0 292 -311  0
3797500 2746500  2 26  6  -1.1 1012  48  3.4 8  2.4  71    0    0 293 -312  0
3797500 2746500  2 26  7  -1.1 1012  50  2.7 8  2.5  71    0    0 294 -312  0
3797500 2746500  2 26  8  -0.9 1013  47  2.2 8  2.6  74    0    8 295 -313  0
3797500 2746500  2 26  9  -0.8 1013  47  1.8 7  2.7  76    1   56 289 -313  0
3797500 2746500  2 26 10  -0.2 1013  48  2.7 8  2.8  77    0   80 290 -314  0
3797500 2746500  2 26 11  -0.3 1014  49  2.1 8  2.9  79    0   90 298 -315  0
3797500 2746500  2 26 12   0.8 1014  40  3.3 8  3.1  79    0   88 300 -316  0
3797500 2746500  2 26 13   1.0 1014  29  4.3 8  3.1  76    0   83 302 -316  0
3797500 2746500  2 26 14   1.8 1014  29  3.4 7  3.1  74    0   96 296 -316  0
3797500 2746500  2 26 15   2.4 1014  29  2.9 8  3.0  69    0   97 297 -317  0
3797500 2746500  2 26 16   2.7 1013  29  3.8 6  2.9  64   50  160 291 -317  0
3797500 2746500  2 26 17   2.8 1013  20  2.6 4  2.6  56   78  103 264 -316  0
3797500 2746500  2 26 18   2.1 1013   8  2.1 2  2.4  54   14   26 239 -313  0
3797500 2746500  2 26 19   1.2 1013 350  0.7 2  2.5  59    0    0 225 -310  0
3797500 2746500  2 26 20   0.8 1014 342  0.3 2  2.5  62    0    0 224 -309  0
3797500 2746500  2 26 21   0.1 1014 337  0.7 3  2.5  63    0    0 226 -307  0
3797500 2746500  2 26 22   0.3 1014   8  1.2 5  2.4  63    0    0 238 -302  0
3797500 2746500  2 26 23  -0.3 1014   5  0.9 3  2.4  62    0    0 234 -299  0
3797500 2746500  2 26 24  -0.8 1014 295  0.4 1  2.3  64    0    0 214 -298  0
3797500 2746500  2 27  1  -2.1 1014 306  1.1 2  2.3  67    0    0 205 -297  0
3797500 2746500  2 27  2  -2.2 1013 294  1.2 1  2.3  72    0    0 202 -296  0
3797500 2746500  2 27  3  -2.4 1013 235  0.8 2  2.4  74    0    0 201 -296  0
3797500 2746500  2 27  4  -2.9 1013 223  1.1 5  2.4  78    0    0 217 -296  0
3797500 2746500  2 27  5  -1.7 1012 210  1.5 6  2.6  81    0    0 237 -296  0
3797500 2746500  2 27  6  -1.6 1011 211  1.4 6  2.8  82    0    0 244 -297  0
3797500 2746500  2 27  7  -1.0 1011 213  2.1 7  2.9  83    0    0 249 -299  0
3797500 2746500  2 27  8  -0.7 1011 209  1.8 8  3.0  84    0   10 261 -300  0
3797500 2746500  2 27  9   0.2 1011 190  1.2 8  3.2  85    0   52 266 -301  0
3797500 2746500  2 27 10   0.4 1010 219  1.6 8  3.3  86    0   93 267 -304  0
3797500 2746500  2 27 11   0.9 1010 210  1.6 8  3.5  87    0  106 265 -307  0
3797500 2746500  2 27 12   1.4 1010 211  1.9 8  3.5  86    0   85 265 -311  0
3797500 2746500  2 27 13   2.0 1010 195  2.0 8  3.6  84    0   98 267 -315  0
3797500 2746500  2 27 14   2.2 1009 183  1.8 8  3.7  83    0   67 269 -318  0
3797500 2746500  2 27 15   2.7 1008 201  1.5 8  3.7  82    0   78 269 -320  0
3797500 2746500  2 27 16   2.8 1008 260  1.9 8  3.7  80    0   53 270 -319  0
3797500 2746500  2 27 17   2.8 1007 220  1.5 7  3.7  79    2   60 265 -317  0
3797500 2746500  2 27 18   2.7 1007 238  2.0 8  3.6  78    7   23 262 -315  0
3797500 2746500  2 27 19   1.9 1006 251  1.8 8  3.6  79    0    0 262 -311  0
3797500 2746500  2 27 20   2.2 1006 237  2.6 8  3.6  81    0    0 257 -308  0
3797500 2746500  2 27 21   1.9 1006 220  2.4 8  3.6  82    0    0 256 -306  0
3797500 2746500  2 27 22   1.9 1005 217  3.0 8  3.7  85    0    0 256 -303  0
3797500 2746500  2 27 23   1.8 1004 228  2.9 8  3.8  87    0    0 256 -301  0
3797500 2746500  2 27 24   1.5 1004 231  3.3 8  3.9  91    0    0 256 -299  0
3797500 2746500  2 28  1   1.0 1003 223  3.1 7  3.9  93    0    0 252 -298  0
3797500 2746500  2 28  2   0.8 1002 230  3.4 8  3.8  94    0    0 251 -297  0
3797500 2746500  2 28  3   0.8 1001 229  3.2 8  3.8  95    0    0 254 -295  0
3797500 2746500  2 28  4   0.9 1000 230  3.8 8  3.8  94    0    0 255 -294  0
3797500 2746500  2 28  5   1.0  999 230  4.1 7  3.8  93    0    0 254 -293  0
3797500 2746500  2 28  6   1.0  998 228  4.2 8  3.8  93    0    0 256 -292  0
3797500 2746500  2 28  7   1.1  997 220  3.4 8  3.9  93    0    0 262 -292  0
3797500 2746500  2 28  8   1.2  996 210  2.6 8  3.8  92    1   13 265 -291  0
3797500 2746500  2 28  9   0.9  995 195  2.1 7  3.9  93    0   30 263 -292  0
3797500 2746500  2 28 10   0.9  994 202  2.5 8  3.9  94    0   54 263 -297  0
3797500 2746500  2 28 11   1.0  994 198  2.4 7  3.9  94    0  107 264 -304  0
3797500 2746500  2 28 12   1.3  993 208  3.0 8  4.0  94    0   86 267 -311  0
3797500 2746500  2 28 13   1.4  992 222  3.2 8  4.0  94    0   78 275 -317  0
3797500 2746500  2 28 14   1.4  992 241  3.0 8  4.1  95    0   96 277 -322  0
3797500 2746500  2 28 15   1.6  992 251  3.0 7  4.1  96    0  118 273 -324  0
3797500 2746500  2 28 16   2.1  991 250  3.0 8  4.2  94    1   99 275 -323  0
3797500 2746500  2 28 17   1.9  991 230  2.4 8  4.1  92    3   64 281 -321  0
3797500 2746500  2 28 18   1.0  991 311  2.4 7  4.0  93    0    4 274 -318  0
3797500 2746500  2 28 19   1.0  991 287  1.9 8  3.9  94    0    0 272 -316  0
3797500 2746500  2 28 20   0.9  992 269  1.9 8  3.9  93    0    0 275 -316  0
3797500 2746500  2 28 21   1.0  992 262  2.4 7  3.8  92    0    0 271 -316  0
3797500 2746500  2 28 22   0.9  993 271  2.7 7  3.8  92    0    0 266 -316  0
3797500 2746500  2 28 23   0.5  993 261  3.2 8  3.7  92    0    0 270 -315  0
3797500 2746500  2 28 24   0.4  993 258  2.4 8  3.6  91    0    0 275 -314  0
3797500 2746500  3  1  1   0.2  993 256  3.1 7  3.6  93    0    0 263 -311  0
3797500 2746500  3  1  2   0.1  993 251  2.7 7  3.6  93    0    0 261 -310  0
3797500 2746500  3  1  3  -0.1  993 242  3.3 8  3.6  92    0    0 266 -309  0
3797500 2746500  3  1  4  -0.1  993 231  3.1 8  3.5  91    0    0 270 -306  0
3797500 2746500  3  1  5  -0.2  993 246  3.3 8  3.5  91    0    0 270 -304  0
3797500 2746500  3  1  6  -0.2  993 242  2.8 8  3.5  93    0    0 270 -301  0
3797500 2746500  3  1  7  -0.1  993 255  3.1 8  3.6  93    0    0 271 -299  0
3797500 2746500  3  1  8  -0.1  994 250  3.2 7  3.5  92    0    7 265 -298  0
3797500 2746500  3  1  9   0.0  994 246  3.4 8  3.6  93    0   27 265 -298  0
3797500 2746500  3  1 10   0.6  994 245  3.5 7  3.7  93    0   81 266 -301  0
3797500 2746500  3  1 11   0.3  994 247  4.6 6  3.7  93    0  113 257 -307  0
3797500 2746500  3  1 12   0.0  995 249  5.4 7  3.7  95    0   88 258 -313  0
3797500 2746500  3  1 13   0.5  995 252  5.3 7  3.6  92    0   84 263 -316  0
3797500 2746500  3  1 14   0.4  995 245  5.6 8  3.6  90    0   71 267 -320  0
3797500 2746500  3  1 15   0.4  995 240  5.1 7  3.5  88    0   50 266 -323  0
3797500 2746500  3  1 16   0.5  995 233  4.5 8  3.4  86    0   45 264 -321  0
3797500 2746500  3  1 17   0.5  996 223  4.3 6  3.3  84    4   80 256 -318  0
3797500 2746500  3  1 18   0.3  995 230  4.6 7  3.2  81    2   30 248 -315  0
3797500 2746500  3  1 19   0.1  996 228  4.4 5  3.1  78    0    0 240 -312  0
3797500 2746500  3  1 20  -0.1  996 220  4.0 3  3.0  77    0    0 218 -310  0
3797500 2746500  3  1 21  -0.6  996 209  4.1 2  2.9  78    0    0 200 -309  0
3797500 2746500  3  1 22  -0.1  995 216  4.7 4  2.9  78    0    0 205 -308  0
3797500 2746500  3  1 23  -0.1  995 226  4.9 6  2.9  76    0    0 226 -307  0
3797500 2746500  3  1 24  -0.3  995 219  5.2 8  2.9  76    0    0 248 -306  0
3797500 2746500  3  2  1  -0.8  995 226  4.3 5  2.9  79    0    0 242 -306  0
3797500 2746500  3  2  2  -1.0  995 231  4.1 5  3.0  82    0    0 224 -308  0
3797500 2746500  3  2  3  -1.2  995 230  3.9 3  3.0  83    0    0 214 -309  0
3797500 2746500  3  2  4  -1.5  995 219  3.5 3  2.9  84    0    0 204 -309  0
3797500 2746500  3  2  5  -1.7  995 231  3.6 5  2.9  85    0    0 215 -308  0
3797500 2746500  3  2  6  -1.9  995 229  3.1 5  2.9  86    0    0 224 -308  0
3797500 2746500  3  2  7  -2.2  995 219  2.8 5  2.8  86    0    0 221 -307  0
3797500 2746500  3  2  8  -1.7  995 233  3.1 5  2.9  86    0   20 219 -305  0
3797500 2746500  3  2  9  -1.3  995 231  3.6 4  2.9  84   40   80 214 -305  0
3797500 2746500  3  2 10  -0.4  995 229  3.8 3  2.9  81  149  105 208 -307  0
3797500 2746500  3  2 11   0.8  995 239  2.8 3  3.0  77  276   95 206 -311  0
3797500 2746500  3  2 12   1.0  995 229  2.8 3  3.1  75  297  123 208 -314  0
3797500 2746500  3  2 13   1.7  996 224  3.7 3  3.1  73  147  206 215 -318  0
3797500 2746500  3  2 14   2.2  996 221  4.2 3  3.1  69  167  182 223 -321  0
3797500 2746500  3  2 15   2.3  995 234  3.6 6  3.0  66   32  174 241 -321  0
3797500 2746500  3  2 16   2.2  995 244  3.7 7  2.9  64   29  131 260 -319  0
3797500 2746500  3  2 17   2.2  995 238  2.8 6  2.9  64   29   82 258 -317  0
3797500 2746500  3  2 18   1.7  995 225  3.9 7  3.0  67    8   28 258 -316  0
3797500 2746500  3  2 19   1.1  995 222  3.3 5  3.0  71    0    0 252 -314  0
3797500 2746500  3  2 20   1.0  996 211  3.4 6  3.2  77    0    0 248 -312  0
3797500 2746500  3  2 21   0.5  996 221  3.7 4  3.3  80    0    0 245 -310  0
3797500 2746500  3  2 22   0.8  996 212  3.5 5  3.2  79    0    0 242 -308  0
3797500 2746500  3  2 23  -0.8  995 217  3.8 6  3.3  86    0    0 251 -307  0
3797500 2746500  3  2 24  -0.6  995 207  2.6 3  3.4  92    0    0 241 -306  0
3797500 2746500  3  3  1   0.0  995 207  2.2 4  3.2  86    0    0 233 -305  0
3797500 2746500  3  3  2  -0.6  995 190  1.8 5  3.1  83    0    0 242 -306  0
3797500 2746500  3  3  3  -0.4  995 190  1.5 6  3.0  82    0    0 251 -307  0
3797500 2746500  3  3  4  -0.8  994 185  1.5 7  3.0  82    0    0 261 -305  0
3797500 2746500  3  3  5  -0.7  994 185  1.5 6  3.0  81    0    0 260 -305  0
3797500 2746500  3  3  6  -0.8  993 200  1.3 5  2.9  80    0    0 249 -303  0
3797500 2746500  3  3  7  -1.0  993 181  1.6 5  2.9  80    0    0 243 -301  0
3797500 2746500  3  3  8  -1.2  993 200  1.1 4  2.9  81    0   20 237 -300  0
3797500 2746500  3  3  9  -0.5  992 191  1.6 5  2.9  79   17   82 236 -301  0
3797500 2746500  3  3 10  -0.1  992 151  2.1 6  2.9  76   42  146 247 -304  0
3797500 2746500  3  3 11   0.8  992 170  2.3 6  2.9  74   44  192 254 -309  0
3797500 2746500  3  3 12   1.5  991 157  1.6 7  3.0  71   16  196 260 -314  0
3797500 2746500  3  3 13   2.0  991 103  1.0 8  3.0  69    1  164 269 -320  0
3797500 2746500  3  3 14   2.0  990 101  1.1 8  3.0  66    0  145 274 -324  0
3797500 2746500  3  3 15   2.1  990  61  1.4 8  3.0  66    1  132 274 -324  0
3797500 2746500  3  3 16   2.1  989 113  1.3 7  3.0  66    0   84 269 -322  0
3797500 2746500  3  3 17   1.8  989  88  1.0 7  3.1  70    4   72 264 -320  0
3797500 2746500  3  3 18   1.5  989 241  1.0 8  3.3  74   12   31 269 -317  0
3797500 2746500  3  3 19   0.7  989 284  1.2 7  3.3  78    0    0 267 -315  0
3797500 2746500  3  3 20   0.2  990 271  1.0 7  3.3  83    0    0 261 -313  0
3797500 2746500  3  3 21   0.3  990   2  1.2 7  3.2  82    0    0 260 -310  0
3797500 2746500  3  3 22  -0.4  990 324  1.2 6  3.1  81    0    0 254 -309  0
3797500 2746500  3  3 23  -0.8  991 351  0.5 6  3.1  84    0    0 249 -308  0
3797500 2746500  3  3 24  -1.7  991 316  0.5 3  3.0  86    0    0 235 -305  0
3797500 2746500  3  4  1  -2.2  991 289  0.9 3  3.0  90    0    0 220 -302  0
3797500 2746500  3  4  2  -3.0  991 250  0.9 4  3.0  93    0    0 221 -299  0
3797500 2746500  3  4  3  -3.1  992 212  0.8 5  2.9  94    0    0 228 -297  0
3797500 2746500  3  4  4  -2.7  992 226  1.1 5  2.9  94    0    0 234 -295  0
3797500 2746500  3  4  5  -2.6  992 231  1.3 8  3.0  93    0    0 247 -293  0
3797500 2746500  3  4  6  -2.3  992 239  1.3 6  3.0  93    0    0 252 -292  0
3797500 2746500  3  4  7  -2.4  992 223  2.3 8  3.0  94    0    0 252 -291  0
3797500 2746500  3  4  8  -2.5  993 216  2.1 7  3.0  94    0   17 255 -291  0
3797500 2746500  3  4  9  -2.0  993 191  2.0 6  3.0  92   26   86 248 -291  0
3797500 2746500  3  4 10  -1.7  992 209  1.9 5  3.1  90   85  144 243 -296  0
3797500 2746500  3  4 11   0.0  992 203  2.6 4  3.1  85  205  154 236 -302  0
3797500 2746500  3  4 12   1.4  992 194  2.6 4  3.1  76  262  166 236 -308  0
3797500 2746500  3  4 13   1.7  992 239  3.7 6  3.0  69   38  226 247 -312  0
3797500 2746500  3  4 14   2.4  992 236  3.5 6  2.9  64   24  201 255 -314  0
3797500 2746500  3  4 15   2.6  991 235  3.7 6  2.8  62   43  187 256 -315  0
3797500 2746500  3  4 16   2.7  991 238  3.2 6  2.8  60   39  144 257 -313  0
3797500 2746500  3  4 17   2.3  991 248  2.7 6  2.9  63   23   86 257 -311  0
3797500 2746500  3  4 18   2.5  991 249  2.3 6  3.0  65    6   29 256 -307  0
3797500 2746500  3  4 19   1.4  992 254  2.6 6  3.1  70    0    0 253 -301  0
3797500 2746500  3  4 20   0.2  992 230  1.5 5  3.3  80    0    0 247 -297  0
3797500 2746500  3  4 21   0.7  993 232  1.9 3  3.3  82    0    0 234 -294  0
3797500 2746500  3  4 22   0.4  993 232  1.4 5  3.3  82    0    0 233 -292  0
3797500 2746500  3  4 23  -0.1  993 228  1.5 4  3.2  83    0    0 235 -290  0
3797500 2746500  3  4 24  -0.5  994 231  1.4 1  3.2  84    0    0 220 -289  0
3797500 2746500  3  5  1  -0.7  994 263  1.8 3  3.1  84    0    0 214 -287  0
3797500 2746500  3  5  2  -0.8  994 248  1.7 4  3.1  85    0    0 223 -285  0
3797500 2746500  3  5  3  -1.6  994 229  1.5 1  3.0  86    0    0 214 -283  0
3797500 2746500  3  5  4  -2.0  995 214  1.8 2  3.0  89    0    0 205 -282  0
3797500 2746500  3  5  5  -2.0  995 193  1.9 2  3.0  89    0    0 208 -281  0
3797500 2746500  3  5  6  -2.0  995 184  2.0 2  2.9  88    0    0 207 -280  0
3797500 2746500  3  5  7  -1.1  996 213  3.1 4  3.0  86    0    0 215 -279  0
3797500 2746500  3  5  8  -0.7  996 244  4.2 4  3.1  86   11   27 224 -278  0
3797500 2746500  3  5  9   0.7  996 215  4.4 4  3.2  83   92   72 225 -280  0
3797500 2746500  3  5 10   1.7  997 209  4.9 4  3.3  78  164  112 227 -287  0
3797500 2746500  3  5 11   1.3  997 237  5.3 7  3.3  77    3  148 239 -297  0
3797500 2746500  3  5 12   1.5  997 244  4.9 8  3.6  84    0  132 255 -306  0
3797500 2746500  3  5 13   2.4  997 251  5.3 7  3.7  84    0  122 257 -314  0
3797500 2746500  3  5 14   2.9  998 261  5.0 7  3.6  77    0  121 255 -318  0
3797500 2746500  3  5 15   3.5  998 258  4.0 8  3.6  73    0   93 261 -318  0
3797500 2746500  3  5 16   2.6  998 254  4.1 6  3.6  76   95  142 258 -317  0
3797500 2746500  3  5 17   2.5  999 277  3.8 3  3.6  79   89   82 236 -315  0
3797500 2746500  3  5 18   2.2 1000 260  3.4 6  3.6  79   39   29 236 -312  0
3797500 2746500  3  5 19   2.5 1000 259  3.9 6  3.7  82    0    0 249 -307  0
3797500 2746500  3  5 20   2.4 1001 269  3.2 6  3.7  81    0    0 250 -302  0
3797500 2746500  3  5 21   2.2 1002 262  4.0 7  3.7  83    0    0 254 -300  0
3797500 2746500  3  5 22   2.1 1003 262  3.4 7  3.8  84    0    0 261 -298  0
3797500 2746500  3  5 23   2.2 1003 262  3.9 8  3.8  86    0    0 268 -297  0
3797500 2746500  3  5 24   1.8 1004 252  3.6 8  3.9  87    0    0 274 -298  0
3797500 2746500  3  6  1   1.2 1004 263  3.7 8  3.8  88    0    0 272 -298  0
3797500 2746500  3  6  2   0.8 1004 263  3.1 8  3.7  90    0    0 271 -299  0
3797500 2746500  3  6  3   0.5 1005 262  3.0 7  3.7  92    0    0 265 -300  0
3797500 2746500  3  6  4   0.3 1005 245  3.5 7  3.6  92    0    0 260 -301  0
3797500 2746500  3  6  5   0.0 1005 245  2.8 7  3.6  93    0    0 260 -301  0
3797500 2746500  3  6  6  -0.1 1005 271  3.1 8  3.5  92    0    0 266 -301  0
3797500 2746500  3  6  7   0.1 1005 255  2.4 7  3.4  89    0    0 266 -300  0
3797500 2746500  3  6  8  -0.1 1005 253  2.7 7  3.3  88    0    9 262 -300  0
3797500 2746500  3  6  9   0.1 1006 226  3.4 7  3.4  88   28   83 262 -302  0
3797500 2746500  3  6 10   1.0 1006 257  4.3 6  3.5  87   24  140 259 -306  0
3797500 2746500  3  6 11   1.6 1006 263  3.7 7  3.7  88    7  159 260 -312  0
3797500 2746500  3  6 12   3.0 1006 273  4.9 7  3.8  84   27  207 268 -316  0
3797500 2746500  3  6 13   3.6 1006 272  4.9 7  3.7  76   26  211 271 -320  0
3797500 2746500  3  6 14   3.8 1006 318  3.5 7  3.5  70    0  117 272 -322  0
3797500 2746500  3  6 15   2.3 1006 320  2.6 4  3.6  75  119  176 258 -323  0
3797500 2746500  3  6 16   3.9 1006 273  2.7 4  3.8  79  156  113 245 -321  0
3797500 2746500  3  6 17   3.7 1006 284  3.9 3  3.7  74  172   41 243 -321  0
3797500 2746500  3  6 18   3.4 1007 289  3.6 4  3.5  72   30   28 243 -320  0
3797500 2746500  3  6 19   2.4 1007 316  3.9 6  3.4  73    0    0 254 -317  0
3797500 2746500  3  6 20   2.2 1009 290  3.4 7  3.5  78    0    0 266 -315  0
3797500 2746500  3  6 21   2.1 1009 284  2.2 8  3.6  81    0    0 276 -315  0
3797500 2746500  3  6 22   1.9 1010 284  2.7 7  3.6  83    0    0 278 -314  0
3797500 2746500  3  6 23   1.8 1010 278  2.4 7  3.6  83    0    0 275 -313  0
3797500 2746500  3  6 24   1.4 1011 281  2.4 6  3.6  84    0    0 269 -313  0
3797500 2746500  3  7  1   1.2 1012 280  2.2 5  3.6  85    0    0 258 -313  0
3797500 2746500  3  7  2   0.5 1012 253  2.2 6  3.5  87    0    0 255 -311  0
3797500 2746500  3  7  3   0.6 1012 281  3.7 6  3.5  89    0    0 257 -310  0
3797500 2746500  3  7  4   0.5 1012 273  2.2 6  3.5  89    0    0 256 -308  0
3797500 2746500  3  7  5   0.2 1012 285  1.9 4  3.4  87    0    0 246 -306  0
3797500 2746500  3  7  6  -0.4 1013 260  2.0 3  3.3  88    0    0 232 -304  0
3797500 2746500  3  7  7  -0.2 1013 259  1.4 4  3.3  89    0    0 230 -304  0
3797500 2746500  3  7  8  -0.3 1013 258  1.6 4  3.3  89    9   29 234 -305  0
3797500 2746500  3  7  9   0.8 1014 266  1.8 2  3.4  87   74   85 225 -307  0
3797500 2746500  3  7 10   2.6 1014 301  2.1 2  3.5  81  141  131 218 -310  0
3797500 2746500  3  7 11   3.5 1014 319  2.1 5  3.2  68   99  201 234 -315  0
3797500 2746500  3  7 12   3.6 1014 327  2.3 5  2.8  57   66  234 246 -321  0
3797500 2746500  3  7 13   4.7 1014 288  1.6 5  2.5  50   63  241 247 -327  0
3797500 2746500  3  7 14   5.0 1013 274  1.7 5  2.6  48   48  223 252 -332  0
3797500 2746500  3  7 15   4.8 1013 300  1.4 6  2.7  49   66  197 261 -334  0
3797500 2746500  3  7 16   5.1 1012 232  1.9 6  2.7  50  127  142 267 -333  0
3797500 2746500  3  7 17   4.6 1012 213  1.5 6  2.9  53   94   87 269 -331  0
3797500 2746500  3  7 18   3.7 1012 164  2.1 7  3.0  58   16   33 271 -326  0
3797500 2746500  3  7 19   3.0 1011 151  2.4 6  3.0  62    0    0 269 -319  0
3797500 2746500  3  7 20   2.3 1011 144  2.0 6  2.9  64    0    0 262 -316  0
3797500 2746500  3  7 21   2.6 1010 146  2.6 7  2.9  64    0    0 267 -315  0
3797500 2746500  3  7 22   2.4 1010 158  3.0 4  2.9  63    0    0 260 -315  0
3797500 2746500  3  7 23   2.0 1009 157  2.8 3  2.8  63    0    0 243 -314  0
3797500 2746500  3  7 24   1.9 1009 167  3.2 1  2.8  63    0    0 230 -313  0
3797500 2746500  3  8  1   2.0 1008 157  3.7 5  2.8  64    0    0 238 -312  0
3797500 2746500  3  8  2   2.0 1008 150  4.5 7  2.8  64    0    0 262 -311  0
3797500 2746500  3  8  3   1.6 1007 153  4.0 5  2.9  66    0    0 261 -310  0
3797500 2746500  3  8  4   1.7 1006 151  4.4 5  2.9  68    0    0 253 -308  0
3797500 2746500  3  8  5   1.8 1005 166  4.2 7  2.9  68    0    0 263 -306  0
3797500 2746500  3  8  6   2.0 1004 156  4.8 6  3.0  68    0    0 271 -304  0
3797500 2746500  3  8  7   2.0 1003 163  5.5 7  3.1  70    0    0 272 -303  0
3797500 2746500  3  8  8   2.2 1003 154  6.6 8  3.2  72    0    7 282 -303  0
3797500 2746500  3  8  9   2.3 1002 156  5.8 8  3.3  73    0   33 289 -304  0
3797500 2746500  3  8 10   1.9 1001 147  5.6 7  3.4  77    0   86 285 -309  0
3797500 2746500  3  8 11   2.1 1001 161  4.7 7  3.6  81    0  116 280 -315  0
3797500 2746500  3  8 12   2.4 1000 167  5.7 8  3.6  80    0  108 285 -322  0
3797500 2746500  3  8 13   2.2  999 159  6.1 7  3.7  81    0  118 284 -328  0
3797500 2746500  3  8 14   2.1  998 157  5.7 7  3.8  85    0  108 281 -333  0
3797500 2746500  3  8 15   2.3  997 171  5.1 8  3.9  87    0   70 287 -336  0
3797500 2746500  3  8 16   2.5  996 179  4.2 7  4.0  87    0   88 287 -334  0
3797500 2746500  3  8 17   2.5  994 163  3.9 8  4.0  88    0   49 288 -331  0
3797500 2746500  3  8 18   2.8  993 167  3.9 8  4.1  88    0    9 292 -326  0
3797500 2746500  3  8 19   3.1  992 165  3.1 8  4.2  87    0    0 294 -321  0
3797500 2746500  3  8 20   3.5  991 178  2.2 8  4.3  87    0    0 296 -317  0
3797500 2746500  3  8 21   4.0  990 164  2.7 8  4.4  87    0    0 300 -316  0
3797500 2746500  3  8 22   4.6  989 176  1.9 8  4.7  89    0    0 303 -316  0
3797500 2746500  3  8 23   5.4  988 178  1.9 8  5.0  90    0    0 307 -316  0
3797500 2746500  3  8 24   6.2  987 207  2.6 8  5.2  89    0    0 311 -316  0
3797500 2746500  3  9  1   6.1  987 218  1.7 8  5.3  88    0    0 312 -316  0
3797500 2746500  3  9  2   6.6  987 241  1.3 8  5.4  88    0    0 314 -316  0
3797500 2746500  3  9  3   6.2  987 210  0.8 8  5.5  89    0    0 315 -316  0
3797500 2746500  3  9  4   6.5  987 212  1.2 5  5.5  90    0    0 306 -316  0
3797500 2746500  3  9  5   7.7  987 268  2.1 6  5.8  90    0    0 301 -316  0
3797500 2746500  3  9  6   7.7  987 266  2.1 8  6.1  91    0    0 315 -316  0
3797500 2746500  3  9  7   7.6  988 262  2.8 6  6.2  92    0    0 315 -316  0
3797500 2746500  3  9  8   8.3  988 248  2.9 8  6.2  90    0   14 316 -316  0
3797500 2746500  3  9  9   8.0  988 248  3.5 8  6.2  89    0   47 323 -317  0
3797500 2746500  3  9 10   8.0  989 248  4.1 7  6.3  92    0   77 318 -318  0
3797500 2746500  3  9 11   8.0  989 273  4.5 8  6.3  92    0   71 317 -319  0
3797500 2746500  3  9 12   7.4  989 317  4.4 8  6.2  93    0   75 321 -320  0
3797500 2746500  3  9 13   6.6  990 316  4.1 8  6.0  94    0   74 319 -320  0
3797500 2746500  3  9 14   6.8  990 338  2.7 8  5.8  93    0   61 319 -320  0
3797500 2746500  3  9 15   6.7  991 262  2.5 7  5.8  92    0   63 314 -322  0
3797500 2746500  3  9 16   6.7  991 271  2.9 7  5.8  93    0   54 309 -324  0
3797500 2746500  3  9 17   6.7  992 254  4.1 7  5.8  93    0   45 309 -326  0
3797500 2746500  3  9 18   6.7  992 254  2.7 7  5.8  93    1   30 310 -327  0
3797500 2746500  3  9 19   6.7  992 259  2.5 8  5.7  92    0    0 314 -328  0
3797500 2746500  3  9 20   6.8  992 224  2.4 8  5.7  91    0    0 319 -330  0
3797500 2746500  3  9 21   6.9  993 203  1.3 8  5.6  89    0    0 319 -332  0
3797500 2746500  3  9 22   6.9  992 228  2.0 7  5.7  90    0    0 314 -334  0
3797500 2746500  3  9 23   7.3  992 200  2.4 7  5.7  90    0    0 309 -336  0
3797500 2746500  3  9 24   6.9  992 212  3.6 7  5.6  87    0    0 308 -337  0
3797500 2746500  3 10  1   6.6  992 240  4.2 8  5.4  87    0    0 313 -337  0
3797500 2746500  3 10  2   6.6  992 237  4.8 8  5.3  86    0    0 319 -336  0
3797500 2746500  3 10  3   6.5  992 239  4.1 8  5.1  83    0    0 319 -336  0
3797500 2746500  3 10  4   6.2  993 239  3.9 8  4.9  81    0    0 318 -335  0
3797500 2746500  3 10  5   6.1  993 239  3.9 8  4.8  80    0    0 319 -334  0
3797500 2746500  3 10  6   5.6  993 230  4.8 8  4.6  78    0    0 316 -333  0
3797500 2746500  3 10  7   5.0  993 230  4.5 6  4.3  77    0    0 301 -333  0
3797500 2746500  3 10  8   4.7  993 230  4.6 5  4.2  77    3   29 281 -332  0
3797500 2746500  3 10  9   4.7  994 229  5.2 6  4.2  78   12   84 280 -331  0
3797500 2746500  3 10 10   4.8  994 229  5.5 7  4.3  79   63  141 291 -332  0
3797500 2746500  3 10 11   5.1  994 228  5.3 6  4.3  79   26  182 291 -333  0
3797500 2746500  3 10 12   5.1  994 225  5.1 7  4.3  77    7  180 292 -335  0
3797500 2746500  3 10 13   4.5  994 243  3.9 8  4.3  79    5  182 305 -337  0
3797500 2746500  3 10 14   3.9  993 237  5.7 8  4.3  82    0  149 309 -339  0
3797500 2746500  3 10 15   5.0  993 236  3.2 8  4.4  83    0   72 310 -341  0
3797500 2746500  3 10 16   4.7  993 237  2.5 6  4.7  85   14  128 300 -342  0
3797500 2746500  3 10 17   3.6  992 277  2.5 6  4.6  88   47   83 287 -342  0
3797500 2746500  3 10 18   3.3  993 218  1.8 8  4.6  93   12   32 296 -340  0
3797500 2746500  3 10 19   3.4  993 228  3.3 8  4.6  94    0    0 310 -334  0
3797500 2746500  3 10 20   3.0  993 172  1.9 8  4.5  93    0    0 310 -326  0
3797500 2746500  3 10 21   2.3  993 198  2.4 8  4.2  90    0    0 310 -319  0
3797500 2746500  3 10 22   1.5  993 220  1.7 8  4.0  91    0    0 307 -316  0
3797500 2746500  3 10 23   1.2  993 240  1.1 8  4.0  93    0    0 305 -316  0
3797500 2746500  3 10 24   1.3  994 198  0.8 7  3.9  93    0    0 298 -314  0
3797500 2746500  3 11  1   2.0  994 140  0.0 8  4.0  92    0    0 299 -311  0
3797500 2746500  3 11  2   2.5  994 132  0.0 8  4.0  88    0    0 306 -309  0
3797500 2746500  3 11  3   2.3  994 172  0.1 8  4.0  88    0    0 305 -308  0
3797500 2746500  3 11  4   2.1  995 283  0.0 8  4.0  89    0    0 304 -307  0
3797500 2746500  3 11  5   2.4  995 293  0.0 7  4.1  91    0    0 297 -302  0
3797500 2746500  3 11  6   2.8  996 262  0.0 8  4.2  90    0    0 297 -296  0
3797500 2746500  3 11  7   2.9  997 282  0.0 8  4.2  88    0    0 301 -293  0
3797500 2746500  3 11  8   2.5  998 291  0.4 7  4.2  89    0   22 292 -293  0
3797500 2746500  3 11  9   2.7  998 334  1.3 8  4.3  92    0   40 290 -296  0
3797500 2746500  3 11 10   0.7  999  26  5.0 8  3.9  90    0   52 291 -301  0
3797500 2746500  3 11 11  -0.8 1001  27  4.8 8  3.4  89    0   71 285 -308  0
3797500 2746500  3 11 12  -0.8 1002  27  6.3 8  3.2  90    0  102 281 -312  0
3797500 2746500  3 11 13  -1.1 1003  29  5.9 7  3.1  88    0  116 271 -316  0
3797500 2746500  3 11 14  -0.8 1004  19  6.0 8  3.0  83    0   84 266 -319  0
3797500 2746500  3 11 15  -1.3 1005  21  5.8 8  2.8  79    0   79 265 -320  0
3797500 2746500  3 11 16  -1.8 1007   7  5.0 8  2.8  82    0   83 259 -319  0
3797500 2746500  3 11 17  -1.7 1008   8  5.7 7  2.8  83   10  101 251 -317  0
3797500 2746500  3 11 18  -2.1 1009  11  5.5 8  2.7  82   10   43 247 -315  0
3797500 2746500  3 11 19  -2.2 1010   4  5.3 7  2.5  78    0    0 241 -312  0
3797500 2746500  3 11 20  -2.6 1011   4  5.4 7  2.4  77    0    0 233 -310  0
3797500 2746500  3 11 21  -2.8 1012   6  5.8 6  2.3  73    0    0 225 -311  0
3797500 2746500  3 11 22  -3.2 1013  36  5.4 6  2.1  68    0    0 220 -310  0
3797500 2746500  3 11 23  -3.8 1014  15  4.6 4  2.1  72    0    0 213 -306  0
3797500 2746500  3 11 24  -3.9 1015  24  4.7 2  2.2  76    0    0 200 -302  0
3797500 2746500  3 12  1  -4.2 1016   7  3.2 3  2.2  78    0    0 197 -300  0
3797500 2746500  3 12  2  -4.3 1016 355  3.0 2  2.2  79    0    0 198 -300  0
3797500 2746500  3 12  3  -5.1 1016 347  2.9 1  2.1  81    0    0 192 -300  0
3797500 2746500  3 12  4  -5.4 1017 354  2.7 0  2.1  82    0    0 187 -300  0
3797500 2746500  3 12  5  -5.6 1018 336  2.0 0  2.1  84    0    0 184 -299  0
3797500 2746500  3 12  6  -6.0 1019 338  1.7 2  2.1  85    0    0 194 -299  0
3797500 2746500  3 12  7  -5.6 1020 341  1.4 3  2.1  87    0    0 209 -299  0
3797500 2746500  3 12  8  -5.8 1020 308  1.2 4  2.1  87   11   37 218 -298  0
3797500 2746500  3 12  9  -4.5 1021   6  1.0 3  2.2  85   83   90 220 -300  0
3797500 2746500  3 12 10  -3.4 1022 356  1.4 3  2.2  79  109  153 220 -306  0
3797500 2746500  3 12 11  -2.6 1023  27  2.2 3  2.2  74  103  210 223 -312  0
3797500 2746500  3 12 12  -1.7 1024   4  3.2 3  2.2  68  164  228 223 -319  0
3797500 2746500  3 12 13  -1.0 1025 360  3.4 2  2.2  65  236  212 223 -325  0
3797500 2746500  3 12 14  -0.7 1025  27  2.5 2  2.1  60  316  159 221 -328  0
3797500 2746500  3 12 15   0.1 1025 357  2.1 4  2.0  54  279  140 232 -329  0
3797500 2746500  3 12 16   0.5 1025 164  1.3 4  1.9  49  196  122 243 -331  0
3797500 2746500  3 12 17   0.3 1026  24  1.8 4  1.8  46  155   68 243 -328  0
3797500 2746500  3 12 18  -0.1 1026  32  2.0 5  1.8  46   44   33 247 -321  0
3797500 2746500  3 12 19  -0.4 1026  48  1.9 2  1.8  49    0    0 239 -316  0
3797500 2746500  3 12 20  -0.8 1027  69  1.2 2  1.8  50    0    0 226 -313  0
3797500 2746500  3 12 21  -1.2 1028  70  1.2 1  1.8  52    0    0 222 -310  0
3797500 2746500  3 12 22  -1.6 1027 108  1.1 0  1.8  55    0    0 213 -309  0
3797500 2746500  3 12 23  -1.8 1027  92  1.1 0  1.9  57    0    0 208 -309  0
3797500 2746500  3 12 24  -2.9 1028  99  1.0 1  1.9  61    0    0 209 -308  0
3797500 2746500  3 13  1  -2.9 1028 103  1.0 1  2.0  65    0    0 211 -305  0
3797500 2746500  3 13  2  -3.0 1028  89  1.1 1  2.0  65    0    0 209 -303  0
3797500 2746500  3 13  3  -4.6 1028  88  1.4 1  2.0  70    0    0 208 -301  0
3797500 2746500  3 13  4  -4.8 1028  88  1.4 1  2.0  76    0    0 207 -300  0
3797500 2746500  3 13  5  -4.6 1028  94  1.3 0  2.0  75    0    0 204 -299  0
3797500 2746500  3 13  6  -5.1 1028 100  1.0 0  1.9  73    0    0 201 -298  0
3797500 2746500  3 13  7  -5.3 1028  60  0.9 1  1.9  74    0    0 204 -296  0
3797500 2746500  3 13  8  -4.8 1028 107  1.9 0  1.9  75   16   41 203 -296  0
3797500 2746500  3 13  9  -2.8 1028 117  2.0 0  2.1  73  113   93 202 -298  0
3797500 2746500  3 13 10  -1.4 1028 101  2.2 0  2.1  67  241  114 204 -305  0
3797500 2746500  3 13 11   0.2 1028  70  2.0 0  2.2  61  354  124 205 -312  0
3797500 2746500  3 13 12   0.9 1028  87  2.3 0  2.2  56  438  125 206 -320  0
3797500 2746500  3 13 13   1.7 1027  76  3.6 0  2.0  49  476  124 206 -328  0
3797500 2746500  3 13 14   1.9 1027  78  3.0 0  1.9  45  462  120 206 -332  0
3797500 2746500  3 13 15   2.8 1026  79  3.1 1  2.1  47  407  110 213 -337  0
3797500 2746500  3 13 16   3.0 1025  68  1.9 1  2.2  48  309   99 220 -339  0
3797500 2746500  3 13 17   3.1 1025  74  3.1 0  2.2  47  180   83 215 -334  0
3797500 2746500  3 13 18   2.2 1024 113  3.0 1  2.2  49   56   45 213 -326  0
3797500 2746500  3 13 19   1.8 1024  80  2.4 1  2.3  53    0    3 215 -318  0
3797500 2746500  3 13 20   0.4 1024  78  2.2 1  2.3  57    0    0 212 -314  0
3797500 2746500  3 13 21   0.2 1024  87  2.3 0  2.3  60    0    0 205 -312  0
3797500 2746500  3 13 22  -0.4 1024  96  2.3 0  2.3  62    0    0 200 -311  0
3797500 2746500  3 13 23  -0.3 1024 105  2.2 0  2.3  64    0    0 199 -310  0
3797500 2746500  3 13 24  -0.7 1024 106  2.0 1  2.3  63    0    0 202 -309  0
3797500 2746500  3 14  1  -2.0 1024 105  1.6 2  2.2  65    0    0 206 -308  0
3797500 2746500  3 14  2  -1.9 1023 114  1.6 2  2.1  65    0    0 207 -306  0
3797500 2746500  3 14  3  -2.3 1023  92  1.3 1  2.1  64    0    0 203 -304  0
3797500 2746500  3 14  4  -2.5 1023 108  1.5 1  2.0  64    0    0 198 -303  0
3797500 2746500  3 14  5  -3.1 1022 106  1.6 1  2.0  66    0    0 198 -302  0
3797500 2746500  3 14  6  -3.1 1021 108  1.6 2  2.0  67    0    0 202 -301  0
3797500 2746500  3 14  7  -2.5 1022 111  2.2 3  2.0  66    0    0 212 -301  0
3797500 2746500  3 14  8  -1.8 1022 120  0.6 3  2.0  63    7   42 218 -301  0
3797500 2746500  3 14  9  -1.0 1022 154  2.3 3  2.1  61  101  103 221 -303  0
3797500 2746500  3 14 10   0.3 1022 150  1.4 4  2.1  59  173  155 229 -308  0
3797500 2746500  3 14 11   1.5 1022 154  2.1 4  2.2  56  323  152 238 -314  0
3797500 2746500  3 14 12   1.7 1021 114  2.4 4  2.1  51  356  181 240 -321  0
3797500 2746500  3 14 13   3.6 1021  99  2.7 4  2.0  44  379  188 243 -327  0
3797500 2746500  3 14 14   4.4 1020 100  2.3 4  1.9  38  363  183 247 -333  0
3797500 2746500  3 14 15   5.1 1019  80  2.7 5  1.8  34  262  191 257 -337  0
3797500 2746500  3 14 16   6.1 1018 100  2.1 5  1.9  34  253  132 267 -337  0
3797500 2746500  3 14 17   6.0 1018 107  2.7 5  2.0  35  161   96 271 -334  0
3797500 2746500  3 14 18   5.7 1017  77  2.0 6  2.1  37   58   50 277 -329  0
3797500 2746500  3 14 19   3.7 1017  86  1.9 6  2.3  43    0    4 280 -323  0
3797500 2746500  3 14 20   2.9 1018  85  2.3 6  2.4  50    0    0 278 -319  0
3797500 2746500  3 14 21   2.0 1018  93  2.2 7  2.5  56    0    0 281 -317  0
3797500 2746500  3 14 22   2.3 1018  94  1.5 7  2.5  57    0    0 285 -316  0
3797500 2746500  3 14 23   1.6 1018 102  1.6 6  2.4  55    0    0 279 -317  0
3797500 2746500  3 14 24   0.8 1018  96  1.9 3  2.3  56    0    0 259 -317  0
3797500 2746500  3 15  1   0.7 1018  86  1.5 6  2.3  58    0    0 259 -317  0
3797500 2746500  3 15  2   0.6 1018  81  1.4 6  2.3  57    0    0 272 -317  0
3797500 2746500  3 15  3  -0.2 1017  82  1.6 4  2.3  59    0    0 264 -317  0
3797500 2746500  3 15  4  -0.2 1017  93  1.7 5  2.4  65    0    0 261 -317  0
3797500 2746500  3 15  5  -1.2 1017  78  1.2 7  2.5  71    0    0 273 -316  0
3797500 2746500  3 15  6  -1.3 1017  67  1.3 7  2.6  76    0    0 282 -316  0
3797500 2746500  3 15  7  -1.5 1017  44  1.2 5  2.6  77    0    1 275 -316  0
3797500 2746500  3 15  8  -1.6 1017  64  1.3 5  2.6  78    5   41 268 -316  0
3797500 2746500  3 15  9  -0.2 1017  62  1.0 6  2.7  76   77  107 273 -316  0
3797500 2746500  3 15 10   0.5 1017  41  2.1 5  2.7  71  149  160 275 -319  0
3797500 2746500  3 15 11   1.5 1017  45  2.8 5  2.7  67  181  212 274 -325  0
3797500 2746500  3 15 12   2.4 1017  62  2.8 6  2.7  62  319  189 283 -330  0
3797500 2746500  3 15 13   3.5 1017  51  3.4 3  2.7  58  466  129 277 -334  0
3797500 2746500  3 15 14   5.0 1017  71  2.9 2  2.8  54  473  114 263 -336  0
3797500 2746500  3 15 15   5.6 1016  60  4.3 1  3.0  55  418  103 255 -336  0
3797500 2746500  3 15 16   5.4 1016  48  4.7 1  3.1  55  316   95 247 -335  0
3797500 2746500  3 15 17   5.6 1016  67  3.1 1  3.1  55  187   81 245 -333  0
3797500 2746500  3 15 18   4.5 1016  70  3.3 0  3.1  56   60   49 240 -327  0
3797500 2746500  3 15 19   3.2 1016  50  3.5 2  3.0  61    0    5 243 -321  0
3797500 2746500  3 15 20   2.3 1017  49  3.6 1  3.0  66    0    0 246 -316  0
3797500 2746500  3 15 21   2.0 1017  59  4.0 3  3.0  69    0    0 251 -315  0
3797500 2746500  3 15 22   1.8 1017  59  4.1 5  3.0  69    0    0 267 -314  0
3797500 2746500  3 15 23   1.2 1017  70  3.2 6  3.0  70    0    0 278 -312  0
3797500 2746500  3 15 24   1.1 1018  81  3.4 7  3.0  73    0    0 284 -312  0
3797500 2746500  3 16  1   1.3 1018  59  2.9 7  3.1  74    0    0 288 -312  0
3797500 2746500  3 16  2   1.2 1018  71  2.8 8  3.1  75    0    0 294 -312  0
3797500 2746500  3 16  3   1.5 1018  79  3.2 8  3.1  75    0    0 300 -312  0
3797500 2746500  3 16  4   1.5 1018  73  2.5 8  3.1  73    0    0 300 -312  0
3797500 2746500  3 16  5   1.4 1018  86  2.5 8  3.0  71    0    0 301 -312  0
3797500 2746500  3 16  6   1.5 1018  78  3.1 8  2.9  69    0    0 300 -312  0
3797500 2746500  3 16  7   1.2 1018  76  3.1 8  2.9  69    0    1 300 -313  0
3797500 2746500  3 16  8   1.2 1018  76  2.9 8  2.8  68    0   24 299 -313  0
3797500 2746500  3 16  9   1.4 1019  85  3.9 7  2.7  66    0   86 293 -314  0
3797500 2746500  3 16 10   1.5 1019  86  4.2 7  2.7  65    2  135 288 -316  0
3797500 2746500  3 16 11   2.1 1019  73  3.4 7  2.8  65    2  168 290 -319  0
3797500 2746500  3 16 12   2.5 1019  71  3.4 7  2.8  63    0  157 291 -321  0
3797500 2746500  3 16 13   2.9 1019  83  3.4 8  2.9  62    0  151 299 -322  0
3797500 2746500  3 16 14   2.9 1019  81  3.6 8  2.8  60    0  111 305 -323  0
3797500 2746500  3 16 15   3.1 1019  74  3.1 8  2.7  58    0  122 304 -325  0
3797500 2746500  3 16 16   2.9 1019  64  3.4 8  2.8  60    0   81 304 -327  0
3797500 2746500  3 16 17   2.5 1019  60  3.1 8  2.9  64    2   81 303 -329  0
3797500 2746500  3 16 18   2.3 1018  55  3.0 8  3.1  69   15   38 300 -328  0
3797500 2746500  3 16 19   2.2 1018  60  3.1 8  3.1  70    0    4 299 -324  0
3797500 2746500  3 16 20   2.1 1019  61  2.7 8  3.1  70    0    0 299 -321  0
3797500 2746500  3 16 21   1.9 1019  59  3.0 8  3.1  72    0    0 300 -319  0
3797500 2746500  3 16 22   1.6 1019  62  2.6 8  3.2  74    0    0 299 -317  0
3797500 2746500  3 16 23   1.4 1020  58  2.8 8  3.2  76    0    0 299 -316  0
3797500 2746500  3 16 24   1.4 1020  60  2.6 7  3.2  77    0    0 292 -316  0
3797500 2746500  3 17  1   0.6 1020  56  2.8 5  3.2  80    0    0 272 -314  0
3797500 2746500  3 17  2   0.3 1020  69  2.8 3  3.2  83    0    0 246 -313  0
3797500 2746500  3 17  3   0.8 1020  60  2.4 6  3.2  82    0    0 253 -311  0
3797500 2746500  3 17  4   1.1 1020  78  3.0 7  3.2  79    0    0 281 -311  0
3797500 2746500  3 17  5   0.9 1019  76  3.2 8  3.2  80    0    0 293 -312  0
3797500 2746500  3 17  6   0.4 1019  63  2.8 7  3.2  82    0    0 294 -313  0
3797500 2746500  3 17  7   0.2 1019  56  2.6 6  3.3  84    0    3 282 -315  0
3797500 2746500  3 17  8   0.5 1020  57  2.5 7  3.3  86    0   42 282 -315  0
3797500 2746500  3 17  9   0.7 1020  57  3.8 7  3.3  84    0   93 288 -316  0
3797500 2746500  3 17 10   0.9 1020  57  3.5 7  3.3  84    0  123 289 -317  0
3797500 2746500  3 17 11   1.5 1020  68  3.5 7  3.3  81    0  132 290 -321  0
3797500 2746500  3 17 12   1.9 1020  41  3.2 8  3.4  80    0  108 298 -325  0
3797500 2746500  3 17 13   2.7 1020  51  3.3 8  3.4  77    0  102 304 -329  0
3797500 2746500  3 17 14   1.9 1020  51  3.6 8  3.4  76    0  100 304 -334  0
3797500 2746500  3 17 15   2.2 1019  52  3.4 8  3.3  75    0  116 303 -337  0
3797500 2746500  3 17 16   2.4 1019  69  3.0 8  3.1  70    0  100 301 -338  0
3797500 2746500  3 17 17   2.1 1018  47  3.5 8  3.1  69    0   76 298 -335  0
3797500 2746500  3 17 18   1.9 1018  66  2.8 7  3.0  70    1   46 291 -332  0
3797500 2746500  3 17 19   1.9 1018  69  3.4 8  3.0  69    0    3 289 -328  0
3797500 2746500  3 17 20   1.7 1018  71  3.4 8  2.9  68    0    0 290 -322  0
3797500 2746500  3 17 21   1.4 1018  58  4.0 7  2.9  69    0    0 286 -318  0
3797500 2746500  3 17 22   1.2 1018  69  3.7 6  2.9  71    0    0 278 -316  0
3797500 2746500  3 17 23   0.7 1018  69  3.5 4  2.9  73    0    0 265 -316  0
3797500 2746500  3 17 24   0.2 1018  81  2.9 0  3.0  76    0    0 239 -316  0
3797500 2746500  3 18  1  -0.3 1018  78  3.0 0  2.9  78    0    0 222 -316  0
3797500 2746500  3 18  2  -0.3 1018  73  3.1 0  3.0  80    0    0 220 -316  0
3797500 2746500  3 18  3   0.1 1018  77  3.1 1  3.0  80    0    0 224 -316  0
3797500 2746500  3 18  4   0.0 1018  72  3.0 3  3.0  80    0    0 237 -316  0
3797500 2746500  3 18  5   0.4 1017  72  2.5 3  3.0  79    0    0 248 -316  0
3797500 2746500  3 18  6   0.0 1017  80  3.0 1  3.0  79    0    0 239 -316  0
3797500 2746500  3 18  7  -0.3 1017  78  3.3 2  3.1  82    0    4 232 -316  0
3797500 2746500  3 18  8   0.1 1017  76  3.8 2  3.1  83   13   47 237 -317  0
3797500 2746500  3 18  9   1.5 1017  68  3.4 4  3.2  80   15  123 248 -319  0
3797500 2746500  3 18 10   1.9 1017  79  3.7 5  3.2  75   37  197 265 -323  0
3797500 2746500  3 18 11   3.3 1017  71  4.0 4  3.2  71  186  236 267 -327  0
3797500 2746500  3 18 12   3.3 1017  60  3.7 2  3.3  69  324  214 257 -330  0
3797500 2746500  3 18 13   4.2 1016  51  4.5 2  3.4  68  241  269 249 -331  0
3797500 2746500  3 18 14   4.0 1015  57  4.3 2  3.4  67  173  280 251 -332  0
3797500 2746500  3 18 15   3.6 1015  61  4.3 3  3.4  68  256  207 255 -332  0
3797500 2746500  3 18 16   4.0 1014  42  4.1 2  3.5  70  286  130 254 -332  0
3797500 2746500  3 18 17   3.4 1014  57  3.5 2  3.5  71  175  101 247 -331  0
3797500 2746500  3 18 18   2.8 1013  48  3.3 3  3.4  72   61   59 249 -330  0
3797500 2746500  3 18 19   2.0 1013  42  3.6 2  3.4  75    0    9 246 -326  0
3797500 2746500  3 18 20   1.3 1013  47  2.7 2  3.3  77    0    0 239 -320  0
3797500 2746500  3 18 21   0.8 1013  48  2.6 2  3.2  80    0    0 237 -317  0
3797500 2746500  3 18 22   0.6 1013  51  2.9 1  3.2  80    0    0 230 -316  0
3797500 2746500  3 18 23   0.0 1013  61  0.9 1  3.1  80    0    0 223 -316  0
3797500 2746500  3 18 24   0.1 1013  79  2.1 1  3.1  81    0    0 224 -314  0
3797500 2746500  3 19  1  -0.6 1012  90  1.7 5  3.1  83    0    0 242 -313  0
3797500 2746500  3 19  2  -0.6 1012  63  1.7 7  3.1  85    0    0 269 -311  0
3797500 2746500  3 19  3  -0.7 1012  81  2.0 7  3.1  86    0    0 278 -311  0
3797500 2746500  3 19  4  -0.8 1011  62  1.8 7  3.2  89    0    0 278 -310  0
3797500 2746500  3 19  5  -0.7 1011  66  1.5 7  3.2  89    0    0 278 -310  0
3797500 2746500  3 19  6  -1.0 1011  61  1.7 7  3.2  89    0    0 279 -310  0
3797500 2746500  3 19  7  -1.5 1010  83  1.6 7  3.1  90    0    1 278 -309  0
3797500 2746500  3 19  8  -1.5 1010 101  1.6 7  3.1  92    0   33 280 -308  0
3797500 2746500  3 19  9  -1.4 1010 237  2.1 7  3.2  93    0   91 282 -309  0
3797500 2746500  3 19 10  -0.9 1010 120  1.8 7  3.3  94    0  134 285 -313  0
3797500 2746500  3 19 11  -0.4 1010  28  1.9 7  3.4  94    0  156 288 -320  0
3797500 2746500  3 19 12   0.5 1010  45  1.6 8  3.5  93   12  233 295 -328  0
3797500 2746500  3 19 13   2.2 1009  17  2.4 4  3.6  86  155  301 284 -336  0
3797500 2746500  3 19 14   3.9 1009   6  3.3 1  3.6  77  377  196 254 -345  0
3797500 2746500  3 19 15   3.8 1008  26  3.0 0  3.5  71  427  139 237 -349  0
3797500 2746500  3 19 16   5.1 1008  38  3.0 0  3.4  64  335  120 233 -349  0
3797500 2746500  3 19 17   6.1 1007  54  3.0 0  3.3  58  209   98 234 -346  0
3797500 2746500  3 19 18   5.1 1006  48  3.1 2  3.4  60   76   62 245 -341  0
3797500 2746500  3 19 19   4.4 1006  76  1.7 2  3.6  68    1   10 254 -337  0
3797500 2746500  3 19 20   3.8 1006  67  1.9 2  3.7  72    0    0 253 -334  0
3797500 2746500  3 19 21   3.2 1007  70  1.8 3  3.7  76    0    0 255 -332  0
3797500 2746500  3 19 22   3.4 1007  52  2.5 6  3.9  81    0    0 277 -330  0
3797500 2746500  3 19 23   3.5 1007  67  3.3 7  4.0  83    0    0 298 -327  0
3797500 2746500  3 19 24   3.6 1006  68  2.2 8  4.1  83    0    0 309 -325  0
3797500 2746500  3 20  1   3.6 1007  69  2.4 8  4.1  84    0    0 314 -323  0
3797500 2746500  3 20  2   3.5 1006  69  1.8 8  4.1  84    0    0 315 -319  0
3797500 2746500  3 20  3   3.4 1006  66  1.6 8  4.1  85    0    0 315 -316  0
3797500 2746500  3 20  4   3.3 1006  44  2.1 8  4.2  86    0    0 314 -316  0
3797500 2746500  3 20  5   3.1 1006  31  1.8 8  4.2  86    0    0 314 -316  0
3797500 2746500  3 20  6   2.9 1006  51  1.5 8  4.1  87    0    0 313 -316  0
3797500 2746500  3 20  7   2.7 1006  87  1.1 8  4.1  88    0    2 312 -316  0
3797500 2746500  3 20  8   2.6 1006 107  1.0 8  4.1  90    0   27 311 -316  0
3797500 2746500  3 20  9   2.7 1006 132  1.1 8  4.2  90    0   70 310 -317  0
3797500 2746500  3 20 10   3.0 1006 204  0.8 8  4.2  90    0   94 309 -320  0
3797500 2746500  3 20 11   3.1 1006 252  1.9 8  4.3  90    0   87 308 -327  0
3797500 2746500  3 20 12   3.9 1006 330  1.6 8  4.3  87    0   86 307 -334  0
3797500 2746500  3 20 13   4.2 1005  20  1.8 8  4.2  82    0   91 305 -342  0
3797500 2746500  3 20 14   4.9 1005   5  2.0 8  4.2  80    0   87 303 -349  0
3797500 2746500  3 20 15   4.9 1004   1  1.9 8  4.2  78    0  110 299 -352  0
3797500 2746500  3 20 16   5.3 1004  33  1.2 7  4.1  75   21  209 290 -351  0
3797500 2746500  3 20 17   5.6 1004  26  2.0 3  4.0  71  116  197 266 -346  0
3797500 2746500  3 20 18   6.0 1004  37  2.0 2  3.9  68   49  104 245 -340  0
3797500 2746500  3 20 19   4.9 1004  35  1.4 1  3.8  67    2   12 235 -331  0
3797500 2746500  3 20 20   3.6 1004  62  0.9 1  3.7  71    0    0 227 -324  0
3797500 2746500  3 20 21   3.8 1004  16  1.7 0  3.7  74    0    0 222 -318  0
3797500 2746500  3 20 22   1.8 1004  26  1.4 0  3.6  76    0    0 215 -316  0
3797500 2746500  3 20 23   2.3 1005  29  4.4 0  3.4  76    0    0 214 -315  0
3797500 2746500  3 20 24   1.4 1005  37  3.1 0  3.3  75    0    0 213 -312  0
3797500 2746500  3 21  1   0.9 1005  37  3.4 2  3.1  76    0    0 216 -310  0
3797500 2746500  3 21  2   0.8 1005  47  3.0 5  3.0  74    0    0 232 -310  0
3797500 2746500  3 21  3   0.8 1005  56  2.3 8  3.0  73    0    0 254 -309  0
3797500 2746500  3 21  4   0.7 1005  57  2.7 8  2.9  73    0    0 264 -309  0
3797500 2746500  3 21  5   0.7 1004  56  2.6 7  2.9  73    0    0 260 -308  0
3797500 2746500  3 21  6   0.7 1004  47  2.9 7  2.9  72    0    0 257 -306  0
3797500 2746500  3 21  7   0.3 1004  47  2.8 7  2.9  73    0    3 257 -304  0
3797500 2746500  3 21  8   0.8 1004  51  3.3 7  2.8  71    0   43 257 -303  0
3797500 2746500  3 21  9   1.8 1004  54  3.3 6  2.7  66   19  135 253 -306  0
3797500 2746500  3 21 10   2.2 1004  56  4.4 6  2.6  60   38  209 248 -312  0
3797500 2746500  3 21 11   2.9 1004  36  4.4 7  2.6  56   48  260 252 -318  0
3797500 2746500  3 21 12   3.9 1004  41  4.1 6  2.5  52  137  309 254 -325  0
3797500 2746500  3 21 13   4.8 1004  25  4.7 5  2.5  49  229  305 250 -330  0
3797500 2746500  3 21 14   5.6 1003  44  4.3 5  2.5  46  252  281 249 -336  0
3797500 2746500  3 21 15   5.8 1003  27  4.4 5  2.6  45  179  262 251 -339  0
3797500 2746500  3 21 16   5.8 1002  17  4.2 5  2.5  44  112  214 253 -338  0
3797500 2746500  3 21 17   5.7 1002  44  4.0 6  2.5  43   47  145 257 -336  0
3797500 2746500  3 21 18   5.2 1002  32  3.6 7  2.4  43   16   66 265 -331  0
3797500 2746500  3 21 19   4.9 1003  41  3.5 6  2.4  44    0    6 264 -324  0
3797500 2746500  3 21 20   4.3 1003  39  3.3 6  2.4  44    0    0 258 -318  0
3797500 2746500  3 21 21   4.1 1003  27  3.4 7  2.4  46    0    0 260 -315  0
3797500 2746500  3 21 22   2.6 1003  34  3.0 4  2.4  50    0    0 253 -314  0
3797500 2746500  3 21 23   1.6 1004  15  2.9 2  2.5  56    0    0 236 -313  0
3797500 2746500  3 21 24   1.0 1004  30  3.0 1  2.6  62    0    0 227 -312  0
3797500 2746500  3 22  1   0.0 1004  29  2.4 4  2.7  69    0    0 232 -311  0
3797500 2746500  3 22  2  -0.8 1005  30  2.1 4  2.8  74    0    0 240 -311  0
3797500 2746500  3 22  3  -1.0 1005  28  2.1 2  2.7  77    0    0 234 -311  0
3797500 2746500  3 22  4  -1.2 1005  39  1.8 1  2.7  77    0    0 226 -310  0
3797500 2746500  3 22  5  -1.3 1005  39  1.8 2  2.7  79    0    0 227 -309  0
3797500 2746500  3 22  6  -1.8 1005  50  1.4 4  2.8  82    0    0 235 -308  0
3797500 2746500  3 22  7  -1.7 1005  48  1.2 5  2.8  84    2   12 244 -307  0
3797500 2746500  3 22  8  -0.6 1005  35  1.4 3  2.9  82   62   53 243 -307  0
3797500 2746500  3 22  9   1.5 1006  47  1.7 3  3.0  76  195   78 241 -310  0
3797500 2746500  3 22 10   2.7 1006  40  2.1 5  3.1  70  173  171 251 -314  0
3797500 2746500  3 22 11   2.9 1006  30  2.1 5  2.9  62  270  189 255 -320  0
3797500 2746500  3 22 12   4.2 1006  69  2.1 3  2.6  52  427  149 244 -326  0
3797500 2746500  3 22 13   4.3 1006  59  2.5 3  2.4  46  381  186 234 -332  0
3797500 2746500  3 22 14   5.3 1006  48  2.7 4  2.3  44  225  241 242 -337  0
3797500 2746500  3 22 15   5.7 1005  22  2.0 5  2.3  40  143  226 256 -339  0
3797500 2746500  3 22 16   5.3 1005  33  2.1 5  2.3  41  130  179 262 -338  0
3797500 2746500  3 22 17   5.1 1005  52  2.3 5  2.4  43   90  122 262 -335  0
3797500 2746500  3 22 18   4.6 1005  22  3.5 4  2.3  42   75   51 258 -330  0
3797500 2746500  3 22 19   4.0 1005  49  2.5 2  2.3  44    4   11 244 -324  0
3797500 2746500  3 22 20   2.8 1006  49  1.7 2  2.4  49    0    0 233 -319  0
3797500 2746500  3 22 21   2.1 1006  47  1.9 1  2.4  53    0    0 225 -316  0
3797500 2746500  3 22 22   1.9 1006  38  2.7 0  2.5  56    0    0 214 -314  0
3797500 2746500  3 22 23   1.0 1007  49  2.5 0  2.5  59    0    0 208 -314  0
3797500 2746500  3 22 24   0.6 1007  65  1.9 1  2.5  62    0    0 210 -314  0
3797500 2746500  3 23  1   0.2 1007  54  1.8 0  2.5  64    0    0 209 -313  0
3797500 2746500  3 23  2  -0.1 1007  53  1.7 0  2.5  66    0    0 204 -312  0
3797500 2746500  3 23  3  -0.4 1007  53  1.4 0  2.5  68    0    0 204 -311  0
3797500 2746500  3 23  4  -0.7 1007  52  1.7 0  2.5  69    0    0 203 -309  0
3797500 2746500  3 23  5  -1.1 1007  52  1.8 0  2.6  72    0    0 202 -308  0
3797500 2746500  3 23  6  -1.4 1007  75  1.3 0  2.6  74    0    0 201 -305  0
3797500 2746500  3 23  7  -1.6 1008  83  1.1 1  2.6  75    1   12 204 -303  0
3797500 2746500  3 23  8  -0.5 1008  92  1.9 1  2.6  75   56   59 207 -302  0
3797500 2746500  3 23  9   2.2 1008  94  2.5 1  2.7  67  193   88 212 -305  0
3797500 2746500  3 23 10   4.2 1008 109  2.6 1  2.7  56  333  102 218 -312  0
3797500 2746500  3 23 11   5.6 1008  90  2.6 1  2.5  46  452  106 221 -320  0
3797500 2746500  3 23 12   6.5 1008 103  2.8 1  2.3  39  539  102 224 -325  0
3797500 2746500  3 23 13   7.7 1008 100  3.0 0  2.1  34  576   99 223 -331  0
3797500 2746500  3 23 14   8.6 1007 104  3.4 0  2.2  32  559   97 223 -336  0
3797500 2746500  3 23 15   9.4 1007  98  3.6 0  2.1  30  491   92 226 -341  0
3797500 2746500  3 23 16   9.8 1006  73  3.1 0  2.1  28  384   88 227 -344  0
3797500 2746500  3 23 17   9.9 1005  78  3.5 0  2.1  28  248   77 227 -341  0
3797500 2746500  3 23 18   9.6 1004  63  3.1 0  2.1  28  100   55 225 -334  0
3797500 2746500  3 23 19   8.1 1005  82  2.3 1  2.1  30    6   11 225 -323  0
3797500 2746500  3 23 20   6.2 1004 101  2.7 1  2.3  36    0    0 223 -314  0
3797500 2746500  3 23 21   5.7 1004 125  3.4 0  2.3  39    0    0 215 -310  0
3797500 2746500  3 23 22   5.5 1004 114  2.9 0  2.2  38    0    0 210 -310  0
3797500 2746500  3 23 23   5.4 1003 102  3.2 0  2.2  39    0    0 210 -310  0
3797500 2746500  3 23 24   5.3 1002 126  2.9 1  2.2  40    0    0 213 -309  0
3797500 2746500  3 24  1   5.0 1002 132  3.4 1  2.2  40    0    0 215 -308  0
3797500 2746500  3 24  2   5.0 1001 124  3.9 1  2.3  42    0    0 215 -306  0
3797500 2746500  3 24  3   5.6 1000 133  3.7 2  2.5  45    0    0 220 -303  0
3797500 2746500  3 24  4   5.3  999 134  3.2 3  2.7  49    0    0 229 -301  0
3797500 2746500  3 24  5   5.4  998 141  3.8 6  2.9  51    0    0 243 -300  0
3797500 2746500  3 24  6   4.9  997 130  3.1 6  3.0  53    0    0 254 -299  0
3797500 2746500  3 24  7   4.9  997 129  3.7 7  3.0  54    0   10 258 -299  0
3797500 2746500  3 24  8   5.3  996 141  3.6 5  3.0  54   31   58 257 -300  0
3797500 2746500  3 24  9   6.4  996 142  3.8 5  3.1  53  135   94 253 -305  0
3797500 2746500  3 24 10   7.5  995 149  4.8 6  3.2  52   94  173 261 -313  0
3797500 2746500  3 24 11   8.1  994 158  5.1 7  3.4  50   55  220 269 -322  0
3797500 2746500  3 24 12   9.4  994 159  4.8 7  3.6  50   62  250 278 -329  0
3797500 2746500  3 24 13   9.5  994 168  5.8 7  4.0  53    9  215 282 -338  0
3797500 2746500  3 24 14   8.9  993 169  6.4 7  4.3  59    1  181 285 -346  0
3797500 2746500  3 24 15   7.2  993 160  5.6 8  4.5  66    0  107 285 -349  0
3797500 2746500  3 24 16   7.2  993 159  5.3 8  4.6  72    0   72 286 -348  0
3797500 2746500  3 24 17   7.6  993 169  4.9 8  4.8  73    0   38 286 -344  0
3797500 2746500  3 24 18   7.9  993 169  3.5 8  4.9  73    1   44 286 -337  0
3797500 2746500  3 24 19   8.2  993 167  4.1 7  5.0  73    0    6 284 -328  0
3797500 2746500  3 24 20   8.4  993 164  4.0 6  5.1  74    0    0 278 -320  0
3797500 2746500  3 24 21   8.8  993 168  2.9 6  5.3  74    0    0 277 -314  0
3797500 2746500  3 24 22   9.2  993 168  3.6 7  5.5  75    0    0 280 -312  0
3797500 2746500  3 24 23   9.6  993 169  3.4 7  5.7  76    0    0 284 -311  0
3797500 2746500  3 24 24   9.3  993 169  2.9 7  5.8  77    0    0 284 -310  0
3797500 2746500  3 25  1   9.1  993 178  1.9 8  5.9  80    0    0 286 -310  0
3797500 2746500  3 25  2   9.3  993 188  1.7 7  5.9  80    0    0 286 -309  0
3797500 2746500  3 25  3   9.1  993 187  2.0 7  6.2  83    0    0 283 -307  0
3797500 2746500  3 25  4   8.5  993 188  1.4 8  6.5  90    0    0 286 -305  0
3797500 2746500  3 25  5   8.6  993 226  2.7 8  6.7  95    0    0 290 -303  0
3797500 2746500  3 25  6   9.4  994 248  2.6 8  6.7  92    0    0 292 -302  0
3797500 2746500  3 25  7   9.8  995 225  2.4 8  6.8  89    0    1 294 -301  0
3797500 2746500  3 25  8   9.6  995 238  3.4 8  6.8  89    1   51 294 -303  0
3797500 2746500  3 25  9   9.7  996 244  2.9 8  6.7  88    1  101 295 -307  0
3797500 2746500  3 25 10   9.4  997 240  2.8 8  6.7  89    0   75 296 -315  0
3797500 2746500  3 25 11   9.6  998 248  1.5 8  7.0  93    0  144 298 -323  0
3797500 2746500  3 25 12  10.7  999 241  2.8 6  7.2  92   34  264 295 -333  0
3797500 2746500  3 25 13  11.0  999 241  3.7 5  7.4  90   67  279 289 -346  0
3797500 2746500  3 25 14  11.6 1000 230  5.0 5  7.2  85  145  273 290 -355  0
3797500 2746500  3 25 15  12.7 1000 250  4.6 6  6.5  73   58  237 299 -359  0
3797500 2746500  3 25 16  13.0 1000 231  4.0 6  6.2  66   10  161 307 -360  0
3797500 2746500  3 25 17  12.6 1000 248  4.3 6  5.8  62   37  135 308 -357  0
3797500 2746500  3 25 18  11.7 1001 230  2.6 6  5.6  63   64   61 306 -349  0
3797500 2746500  3 25 19  11.3 1001 220  2.4 7  5.6  65    7   14 308 -337  0
3797500 2746500  3 25 20  12.8 1002 230  3.2 7  5.6  63    0    0 314 -326  0
3797500 2746500  3 25 21  12.5 1002 228  2.9 7  5.8  63    0    0 316 -319  0
3797500 2746500  3 25 22  12.2 1002 199  1.9 7  6.0  67    0    0 314 -316  0
3797500 2746500  3 25 23  11.9 1002 174  2.2 7  6.3  71    0    0 316 -315  0
3797500 2746500  3 25 24  11.3 1002 161  1.7 8  6.6  77    0    0 323 -316  0
3797500 2746500  3 26  1  11.2 1001 177  1.9 8  7.0  83    0    0 328 -317  0
3797500 2746500  3 26  2  11.4 1001 199  2.2 8  7.4  87    0    0 328 -320  0
3797500 2746500  3 26  3  12.2 1001 210  3.4 8  7.8  89    0    0 329 -323  0
3797500 2746500  3 26  4  12.3 1000 221  4.3 8  8.1  90    0    0 330 -325  0
3797500 2746500  3 26  5  12.6 1000 230  4.9 8  8.3  91    0    0 331 -326  0
3797500 2746500  3 26  6  12.8 1000 230  5.1 8  8.2  88    0    0 334 -325  0
3797500 2746500  3 26  7  12.1 1000 229  4.6 8  8.1  88    0    3 337 -322  0
3797500 2746500  3 26  8  12.0 1000 231  4.2 7  8.0  90    0   36 338 -322  0
3797500 2746500  3 26  9  12.5 1001 233  5.1 7  7.9  88    0   66 340 -326  0
3797500 2746500  3 26 10  11.9 1002 232  4.3 7  8.1  90    0  121 342 -331  0
3797500 2746500  3 26 11  13.6 1002 241  4.7 7  8.4  90    0  156 345 -335  0
3797500 2746500  3 26 12  14.2 1003 242  4.3 8  8.5  85    0  123 354 -340  0
3797500 2746500  3 26 13  14.8 1003 259  3.9 8  8.4  81    0  152 361 -345  0
3797500 2746500  3 26 14  16.0 1003 252  4.8 6  8.2  74  123  220 355 -351  0
3797500 2746500  3 26 15  17.0 1003 242  4.4 4  8.0  68  270  132 327 -359  0
3797500 2746500  3 26 16  16.8 1002 241  4.5 5  8.1  67   95  154 303 -366  0
3797500 2746500  3 26 17  16.8 1002 230  4.4 5  8.3  69   25  115 301 -369  0
3797500 2746500  3 26 18  16.6 1002 223  3.8 6  8.4  70   60   44 313 -369  0
3797500 2746500  3 26 19  16.2 1002 232  3.7 7  8.5  72    9   10 340 -367  0
3797500 2746500  3 26 20  16.0 1002 214  3.2 7  8.6  74    0    0 349 -366  0
3797500 2746500  3 26 21  15.3 1002 222  2.9 7  8.7  77    0    0 347 -365  0
3797500 2746500  3 26 22  14.8 1002 203  1.9 8  8.8  81    0    0 355 -365  0
3797500 2746500  3 26 23  14.8 1002 186  2.4 8  8.8  82    0    0 360 -366  0
3797500 2746500  3 26 24  14.5 1001 174  2.0 7  8.8  83    0    0 353 -366  0
3797500 2746500  3 27  1  14.0 1001 134  1.2 8  8.8  86    0    0 350 -365  0
3797500 2746500  3 27  2  14.3 1000 144  2.6 7  8.8  86    0    0 346 -363  0
3797500 2746500  3 27  3  14.6  999 175  3.1 6  8.8  85    0    0 337 -361  0
3797500 2746500  3 27  4  14.5  998 185  3.1 6  8.8  84    0    0 332 -359  0
3797500 2746500  3 27  5  14.7  997 204  2.8 5  8.8  83    0    0 326 -356  0
3797500 2746500  3 27  6  14.6  997 215  3.1 6  8.6  81    0    0 325 -354  0
3797500 2746500  3 27  7  14.6  997 190  2.3 7  8.5  81    0    6 338 -352  0
3797500 2746500  3 27  8  14.5  997 191  2.9 7  8.5  81    0   45 345 -353  0
3797500 2746500  3 27  9  15.5  996 207  3.1 7  8.3  77    0   43 347 -357  0
3797500 2746500  3 27 10  14.2  997 216  4.3 8  8.3  77    0   52 356 -363  0
3797500 2746500  3 27 11  14.3  998 214  3.5 6  8.6  83   86  249 349 -367  0
3797500 2746500  3 27 12  15.6  997 184  4.8 2  8.9  82  588   98 311 -373  0
3797500 2746500  3 27 13  17.1  997 230  7.2 5  8.5  72  105  283 314 -378  0
3797500 2746500  3 27 14  16.6  996 229  6.5 6  7.8  64    2  191 344 -383  0
3797500 2746500  3 27 15  16.7  996 221  6.9 6  7.6  64   24  216 352 -387  0
3797500 2746500  3 27 16  17.5  996 223  5.9 4  7.3  59   80  191 345 -390  0
3797500 2746500  3 27 17  16.4  995 222  6.7 6  6.9  56    1  100 344 -388  0
3797500 2746500  3 27 18  15.4  995 220  5.3 6  6.2  54   36   67 348 -382  0
3797500 2746500  3 27 19  11.3  995 272  6.4 6  6.1  63   14   15 337 -375  0
3797500 2746500  3 27 20  11.6  996 244  3.9 7  6.5  76    0    0 337 -369  0
3797500 2746500  3 27 21  11.2  997 224  3.1 5  6.7  78    0    0 328 -365  0
3797500 2746500  3 27 22  11.8  997 231  2.9 3  6.6  77    0    0 300 -364  0
3797500 2746500  3 27 23  11.7  998 216  2.3 4  6.6  75    0    0 292 -365  0
3797500 2746500  3 27 24  11.8  998 223  2.7 6  6.5  74    0    0 312 -364  0
3797500 2746500  3 28  1  11.1  998 183  1.5 3  6.3  74    0    0 303 -363  0
3797500 2746500  3 28  2  11.8  997 209  3.1 4  6.2  73    0    0 288 -362  0
3797500 2746500  3 28  3  11.1  997 220  4.0 6  6.1  71    0    0 308 -362  0
3797500 2746500  3 28  4  11.0  996 221  4.6 4  5.9  70    0    0 304 -361  0
3797500 2746500  3 28  5  10.3  996 221  4.8 4  5.7  70    0    0 288 -360  0
3797500 2746500  3 28  6  10.0  996 248  3.6 5  5.6  71    0    0 296 -358  0
3797500 2746500  3 28  7  10.3  996 210  4.7 5  5.6  72    0    8 302 -357  0
3797500 2746500  3 28  8   9.5  996 232  5.4 8  5.7  74    2   55 321 -356  0
3797500 2746500  3 28  9   9.4  997 222  3.9 7  5.8  78   20  132 333 -356  0
3797500 2746500  3 28 10  10.1  997 229  5.1 5  5.9  78   90  205 317 -358  0
3797500 2746500  3 28 11  11.7  997 239  5.2 5  5.7  70   40  240 307 -361  0
3797500 2746500  3 28 12  12.7  997 231  4.4 7  5.6  62    5  209 323 -365  0
3797500 2746500  3 28 13  12.2  997 259  5.8 7  5.4  59   54  274 331 -368  0
3797500 2746500  3 28 14  13.0  996 235  5.3 3  4.9  53  350  213 310 -368  0
3797500 2746500  3 28 15  13.1  996 237  4.7 4  4.7  50  228  227 297 -368  0
3797500 2746500  3 28 16  13.5  995 247  4.9 3  4.8  50  266  153 294 -369  0
3797500 2746500  3 28 17  12.7  995 228  4.2 4  5.0  52   93  135 292 -366  0
3797500 2746500  3 28 18  11.8  995 228  4.1 6  5.1  56   41   69 298 -360  0
3797500 2746500  3 28 19  11.0  995 226  4.1 7  5.1  60    0    8 304 -355  0
3797500 2746500  3 28 20  10.5  995 230  4.2 7  5.2  63    0    0 306 -350  0
3797500 2746500  3 28 21   9.9  996 231  4.8 7  5.2  65    0    0 306 -347  0
3797500 2746500  3 28 22   9.2  996 229  3.9 5  5.1  68    0    0 296 -346  0
3797500 2746500  3 28 23   8.8  997 219  4.9 3  5.2  71    0    0 276 -345  0
3797500 2746500  3 28 24   8.2  997 219  4.3 1  5.2  74    0    0 257 -345  0
3797500 2746500  3 29  1   7.6  997 219  4.4 1  5.1  76    0    0 246 -345  0
3797500 2746500  3 29  2   7.4  997 229  5.3 2  5.1  78    0    0 251 -345  0
3797500 2746500  3 29  3   7.3  997 228  5.0 3  5.0  76    0    0 263 -344  0
3797500 2746500  3 29  4   6.9  997 219  3.9 5  4.9  76    0    0 280 -342  0
3797500 2746500  3 29  5   7.0  997 219  4.3 7  4.9  78    0    0 305 -342  0
3797500 2746500  3 29  6   7.7  997 218  4.7 7  5.0  76    0    0 320 -342  0
3797500 2746500  3 29  7   7.2  997 229  4.4 7  5.1  78    0    5 324 -342  0
3797500 2746500  3 29  8   7.3  998 219  4.7 8  5.3  82    0   30 333 -342  0
3797500 2746500  3 29  9   7.3  998 236  4.0 8  5.5  85    0   61 341 -344  0
3797500 2746500  3 29 10   7.9  999 248  3.6 8  5.6  86    0  118 341 -347  0
3797500 2746500  3 29 11   8.4 1000 258  3.8 7  5.6  82    8  222 337 -352  0
3797500 2746500  3 29 12   8.7 1000 239  3.4 7  5.6  80   21  285 332 -358  0
3797500 2746500  3 29 13   9.1 1001 249  3.7 8  5.7  79    0  174 337 -363  0
3797500 2746500  3 29 14   9.3 1002 243  2.9 7  5.6  76    0  138 336 -364  0
3797500 2746500  3 29 15  10.1 1002 256  1.5 7  5.6  74    0  149 331 -366  0
3797500 2746500  3 29 16   9.7 1003 220  1.0 7  5.6  72    0  131 328 -365  0
3797500 2746500  3 29 17   9.6 1003 249  2.6 5  5.6  75   17  149 317 -363  0
3797500 2746500  3 29 18   9.5 1004 233  2.2 7  5.7  76    3   61 316 -362  0
3797500 2746500  3 29 19   9.2 1004 226  2.0 7  5.6  76    0    9 326 -357  0
3797500 2746500  3 29 20   8.8 1004 230  2.2 6  5.6  78    0    0 321 -350  0
3797500 2746500  3 29 21   8.1 1005 178  1.7 6  5.6  80    0    0 315 -345  0
3797500 2746500  3 29 22   7.8 1005 189  1.6 5  5.5  82    0    0 309 -345  0
3797500 2746500  3 29 23   8.0 1005 181  2.0 5  5.4  81    0    0 306 -347  0
3797500 2746500  3 29 24   8.2 1004 202  2.1 7  5.4  79    0    0 319 -350  0
3797500 2746500  3 30  1   8.2 1004 184  2.5 5  5.3  78    0    0 321 -352  0
3797500 2746500  3 30  2   7.9 1003 180  2.8 4  5.3  78    0    0 302 -354  0
3797500 2746500  3 30  3   8.4 1002 170  3.9 4  5.2  77    0    0 297 -357  0
3797500 2746500  3 30  4   8.8 1001 169  4.8 7  5.3  75    0    0 317 -358  0
3797500 2746500  3 30  5   8.4  999 170  5.3 7  5.6  79    0    0 335 -359  0
3797500 2746500  3 30  6   8.2  998 170  6.2 8  6.0  86    0    0 342 -359  0
3797500 2746500  3 30  7   8.6  996 170  5.9 8  6.2  89    1   17 349 -359  0
3797500 2746500  3 30  8   8.9  995 181  5.2 7  6.4  90    1   56 346 -360  0
3797500 2746500  3 30  9   9.2  995 203  4.9 8  6.6  90    0   55 347 -361  0
3797500 2746500  3 30 10  10.6  995 219  5.4 7  6.9  89    0  141 349 -361  0
3797500 2746500  3 30 11  12.5  995 230  6.3 7  7.3  85    3  196 349 -362  0
3797500 2746500  3 30 12  13.4  995 231  5.2 7  7.5  79    4  227 353 -363  0
3797500 2746500  3 30 13  14.1  996 240  5.6 7  7.2  72    6  244 356 -365  0
3797500 2746500  3 30 14  14.2  996 238  5.7 6  7.2  70   16  263 351 -366  0
3797500 2746500  3 30 15  13.9  996 231  6.0 7  7.4  72    1  182 350 -367  0
3797500 2746500  3 30 16  13.9  996 215  4.5 8  7.4  73    0  112 361 -369  0
3797500 2746500  3 30 17  14.2  996 229  4.3 8  7.3  72    0   83 366 -370  0
3797500 2746500  3 30 18  14.3  996 235  4.9 7  7.2  70    0   41 360 -370  0
3797500 2746500  3 30 19  13.8  995 222  4.8 7  7.1  69    0    3 352 -368  0
3797500 2746500  3 30 20  13.0  995 220  4.5 7  7.0  72    0    0 349 -367  0
3797500 2746500  3 30 21  12.0  995 217  4.0 7  7.2  78    0    0 346 -367  0
3797500 2746500  3 30 22  11.5  995 211  3.6 8  7.4  84    0    0 351 -367  0
3797500 2746500  3 30 23  11.3  994 232  4.2 8  7.6  89    0    0 358 -366  0
3797500 2746500  3 30 24  11.4  995 226  4.8 7  7.7  90    0    0 352 -366  0
3797500 2746500  3 31  1  11.4  995 234  4.5 8  7.7  89    0    0 353 -366  0
3797500 2746500  3 31  2  11.2  995 231  4.9 8  7.6  89    0    0 358 -366  0
3797500 2746500  3 31  3  11.2  995 227  4.9 8  7.5  89    0    0 358 -366  0
3797500 2746500  3 31  4  11.2  995 229  4.5 8  7.5  88    0    0 358 -365  0
3797500 2746500  3 31  5  11.3  995 238  4.2 7  7.4  87    0    0 352 -365  0
3797500 2746500  3 31  6  10.9  996 226  4.9 7  7.1  85    0    0 345 -364  0
3797500 2746500  3 31  7  11.2  996 237  5.9 7  6.9  83    0    7 345 -363  0
3797500 2746500  3 31  8  11.4  996 241  7.0 7  6.9  82    2   53 346 -363  0
3797500 2746500  3 31  9  11.6  997 239  7.0 8  6.9  80    0   80 352 -365  0
3797500 2746500  3 31 10  11.5  998 250  6.9 8  6.8  79    2  147 357 -367  0
3797500 2746500  3 31 11  12.4  999 238  6.0 7  6.8  77   10  201 353 -371  0
3797500 2746500  3 31 12  12.3  999 249  5.8 6  7.0  77   15  234 345 -376  0
3797500 2746500  3 31 13  12.3 1000 249  6.0 7  7.3  80    9  223 344 -377  0
3797500 2746500  3 31 14  13.2 1000 250  6.4 6  7.2  77   99  266 342 -377  0
3797500 2746500  3 31 15  14.5 1001 249  7.3 4  6.8  68  217  218 331 -378  0
3797500 2746500  3 31 16  15.4 1001 245  6.6 4  6.4  60  212  164 323 -380  0
3797500 2746500  3 31 17  14.5 1001 258  5.3 4  6.3  58   96  129 322 -378  0
3797500 2746500  3 31 18  13.4 1001 251  5.3 5  6.5  65   34   65 321 -374  0
3797500 2746500  3 31 19  12.1 1002 251  4.0 7  6.9  74    0   11 326 -371  0
3797500 2746500  3 31 20  11.3 1003 237  2.9 7  7.0  81    0    0 330 -368  0
3797500 2746500  3 31 21  10.4 1003 238  3.5 4  6.8  83    0    0 314 -366  0
3797500 2746500  3 31 22  10.8 1004 227  3.6 3  6.6  82    0    0 296 -364  0
3797500 2746500  3 31 23  10.3 1004 220  3.1 5  6.6  82    0    0 298 -363  0
3797500 2746500  3 31 24  10.3 1004 228  3.7 6  6.7  85    0    0 309 -363  0
3797500 2746500  4  1  1   9.4 1004 211  2.3 3  6.5  88    0    0 286 -362  0
3797500 2746500  4  1  2   9.9 1004 212  2.7 4  6.5  87    0    0 287 -362  0
3797500 2746500  4  1  3   9.8 1004 180  2.6 6  6.6  86    0    0 302 -361  0
3797500 2746500  4  1  4  10.0 1003 191  2.1 6  6.5  85    0    0 315 -361  0
3797500 2746500  4  1  5  10.2 1003 212  3.0 5  6.5  83    0    0 313 -360  0
3797500 2746500  4  1  6  10.6 1003 214  3.4 7  6.5  81    0    0 322 -359  0
3797500 2746500  4  1  7  10.6 1002 222  3.4 8  6.6  81    0    4 341 -358  0
3797500 2746500  4  1  8  10.0 1002 203  2.5 8  6.6  84    0   46 348 -358  0
3797500 2746500  4  1  9   9.7 1002 185  2.5 8  6.7  87    0   69 347 -361  0
3797500 2746500  4  1 10  10.4 1002 193  4.2 8  6.9  88    0  139 348 -365  0
3797500 2746500  4  1 11  11.9 1002 205  3.6 7  7.1  85    9  214 348 -369  0
3797500 2746500  4  1 12  13.1 1002 219  4.5 6  7.3  80    5  213 344 -372  0
3797500 2746500  4  1 13  12.8 1001 227  5.8 7  7.0  75    0  153 344 -372  0
3797500 2746500  4  1 14   9.9 1001 250  4.5 7  6.8  80    0   88 343 -374  0
3797500 2746500  4  1 15  10.3 1002 224  3.2 7  6.8  88    1  164 341 -380  0
3797500 2746500  4  1 16  11.5 1001 223  3.2 7  7.1  86   38  186 344 -385  0
3797500 2746500  4  1 17  11.6 1001 241  4.4 6  7.0  81  166  114 341 -384  0
3797500 2746500  4  1 18  12.7 1002 265  2.9 3  6.9  77  172   35 324 -377  0
3797500 2746500  4  1 19  12.3 1002 229  3.1 1  6.6  72    1   19 300 -371  0
3797500 2746500  4  1 20  10.8 1002 253  1.5 1  5.7  66    0    0 284 -368  0
3797500 2746500  4  1 21   8.8 1003 251  1.3 0  5.3  70    0    0 270 -365  0
3797500 2746500  4  1 22   8.2 1004 203  1.1 0  5.4  77    0    0 261 -362  0
3797500 2746500  4  1 23   7.9 1004 210  1.5 0  5.3  79    0    0 257 -361  0
3797500 2746500  4  1 24   8.2 1005 225  2.4 1  5.0  74    0    0 260 -361  0
3797500 2746500  4  2  1   7.7 1005 226  2.9 0  4.6  69    0    0 257 -359  0
3797500 2746500  4  2  2   7.3 1005 209  2.3 0  4.6  71    0    0 248 -355  0
3797500 2746500  4  2  3   7.6 1005 210  2.7 0  4.6  70    0    0 247 -351  0
3797500 2746500  4  2  4   7.6 1005 192  1.7 3  4.6  70    0    0 262 -348  0
3797500 2746500  4  2  5   8.2 1004 174  2.5 7  4.8  71    0    0 300 -348  0
3797500 2746500  4  2  6   8.8 1004 175  2.7 7  5.1  73    0    0 324 -350  0
3797500 2746500  4  2  7   9.4 1003 185  3.9 5  5.4  75    4   34 316 -353  0
3797500 2746500  4  2  8  10.5 1002 183  3.8 3  5.8  76   71  102 295 -355  0
3797500 2746500  4  2  9  11.5 1002 194  4.6 4  6.0  73  116  174 292 -357  0
3797500 2746500  4  2 10  12.5 1001 213  6.1 6  6.0  68   15  207 312 -359  0
3797500 2746500  4  2 11  12.4 1001 219  5.5 7  6.1  66    0  126 331 -362  0
3797500 2746500  4  2 12  11.5 1001 218  6.1 6  6.2  70    0  188 329 -367  0
3797500 2746500  4  2 13  10.9 1000 219  6.2 7  6.4  76    0  167 325 -376  0
3797500 2746500  4  2 14  12.1 1001 235  5.3 5  6.6  77   97  306 322 -382  0
3797500 2746500  4  2 15  12.8 1001 270  4.8 6  6.1  67  141  276 321 -384  0
3797500 2746500  4  2 16  12.3 1001 271  4.1 4  5.2  57  303  169 317 -381  0
3797500 2746500  4  2 17  12.7 1002 249  4.5 3  4.9  53  146  152 304 -377  0
3797500 2746500  4  2 18  13.0 1002 236  5.2 5  4.6  49   24   91 307 -376  0
3797500 2746500  4  2 19  12.1 1002 243  3.0 4  4.5  49    4   23 309 -373  0
3797500 2746500  4  2 20  10.3 1003 236  2.8 3  4.6  55    0    0 295 -368  0
3797500 2746500  4  2 21  10.2 1003 217  3.7 1  4.5  58    0    0 277 -364  0
3797500 2746500  4  2 22   9.5 1003 220  3.8 1  4.7  61    0    0 266 -361  0
3797500 2746500  4  2 23   9.5 1003 212  4.0 1  4.9  65    0    0 266 -355  0
3797500 2746500  4  2 24   9.3 1003 217  4.7 2  5.0  67    0    0 270 -350  0
3797500 2746500  4  3  1   9.6 1003 228  5.0 5  5.1  68    0    0 289 -346  0
3797500 2746500  4  3  2   9.6 1003 229  4.8 7  5.1  68    0    0 312 -344  0
3797500 2746500  4  3  3   9.3 1003 230  5.2 7  5.1  69    0    0 320 -342  0
3797500 2746500  4  3  4   9.3 1003 221  6.0 6  5.2  71    0    0 317 -342  0
3797500 2746500  4  3  5   8.8 1002 230  6.0 7  5.3  73    0    0 319 -343  0
3797500 2746500  4  3  6   7.1 1002 239  5.3 7  5.4  80    0    0 323 -345  0
3797500 2746500  4  3  7   7.0 1003 248  6.4 7  5.2  82    0    4 321 -346  0
3797500 2746500  4  3  8   6.5 1004 260  6.4 7  4.8  78    0   58 321 -346  0
3797500 2746500  4  3  9   6.3 1005 271  5.2 8  4.6  76    0  112 328 -347  0
3797500 2746500  4  3 10   7.0 1007 269  4.7 7  4.4  72    4  171 328 -348  0
3797500 2746500  4  3 11   7.1 1008 275  4.0 7  4.3  68    0  111 324 -351  0
3797500 2746500  4  3 12   7.7 1009 291  2.7 7  4.3  66    0  164 324 -357  0
3797500 2746500  4  3 13   8.1 1010 306  3.7 7  4.1  62    5  223 323 -359  0
3797500 2746500  4  3 14   9.2 1010 301  2.4 7  4.0  57   10  225 322 -362  0
3797500 2746500  4  3 15   9.8 1010 301  2.5 5  4.1  55  121  256 315 -364  0
3797500 2746500  4  3 16   9.8 1010 311  2.9 5  4.1  54  182  192 305 -361  0
3797500 2746500  4  3 17   9.8 1010 333  1.9 5  4.1  55  118  143 302 -357  0
3797500 2746500  4  3 18   9.7 1010 278  0.9 3  4.2  56   93   73 290 -353  0
3797500 2746500  4  3 19   9.3 1010 289  1.1 7  4.3  58    9   23 295 -349  0
3797500 2746500  4  3 20   8.3 1011 281  0.3 7  4.4  62    0    0 308 -344  0
3797500 2746500  4  3 21   7.6 1011 256  1.3 6  4.5  68    0    0 298 -340  0
3797500 2746500  4  3 22   7.0 1011 241  2.0 6  4.7  74    0    0 291 -337  0
3797500 2746500  4  3 23   5.4 1011 318  2.1 6  4.8  81    0    0 287 -332  0
3797500 2746500  4  3 24   5.0 1011 208  1.1 6  4.7  86    0    0 283 -328  0
3797500 2746500  4  4  1   4.8 1011 240  1.6 5  4.7  88    0    0 275 -324  0
3797500 2746500  4  4  2   4.6 1011 220  2.4 4  4.7  89    0    0 263 -321  0
3797500 2746500  4  4  3   4.1 1011 337  3.4 5  4.6  88    0    0 259 -319  0
3797500 2746500  4  4  4   3.9 1011 262  1.9 5  4.4  86    0    0 260 -318  0
3797500 2746500  4  4  5   3.1 1010 226  2.0 3  4.2  86    0    0 247 -316  0
3797500 2746500  4  4  6   3.2 1010 235  2.7 1  4.1  87    0    0 227 -316  0
3797500 2746500  4  4  7   3.3 1010 254  2.1 2  4.2  87   26   22 222 -317  0
3797500 2746500  4  4  8   4.5 1010 254  2.1 3  4.4  86  135   38 232 -321  0
3797500 2746500  4  4  9   5.0 1010 261  2.4 4  4.4  82   37  145 244 -328  0
3797500 2746500  4  4 10   5.1 1011 270  2.3 7  4.2  77    3  160 260 -336  0
3797500 2746500  4  4 11   5.6 1011 299  2.1 7  4.1  74   31  226 271 -345  0
3797500 2746500  4  4 12   7.2 1011 292  2.8 5  3.9  65  331  162 267 -353  0
3797500 2746500  4  4 13   6.9 1010 293  2.4 5  3.7  59  363  153 265 -358  0
3797500 2746500  4  4 14   6.3 1010 263  3.9 5  3.7  62  359  141 267 -359  0
3797500 2746500  4  4 15   5.6 1010 332  2.4 6  3.9  67  112  211 270 -358  0
3797500 2746500  4  4 16   6.0 1010 293  1.8 5  4.1  72   52  172 271 -357  0
3797500 2746500  4  4 17   7.2 1009 314  1.9 4  4.2  70  159   88 265 -354  0
3797500 2746500  4  4 18   6.6 1009 321  3.3 7  4.0  64   24   73 272 -347  0
3797500 2746500  4  4 19   6.0 1009 325  2.1 7  4.0  66    1   19 281 -339  0
3797500 2746500  4  4 20   5.7 1009 342  1.7 6  4.0  69    0    0 276 -331  0
3797500 2746500  4  4 21   5.2 1009 358  1.6 3  3.8  67    0    0 259 -325  0
3797500 2746500  4  4 22   4.3 1009 358  2.0 4  3.5  66    0    0 248 -322  0
3797500 2746500  4  4 23   3.6 1009 360  1.8 3  3.3  66    0    0 246 -320  0
3797500 2746500  4  4 24   2.7 1009 360  1.7 2  3.3  70    0    0 237 -319  0
3797500 2746500  4  5  1   2.3 1009   6  1.8 1  3.4  74    0    0 226 -318  0
3797500 2746500  4  5  2   2.3 1009   8  2.0 3  3.5  77    0    0 231 -318  0
3797500 2746500  4  5  3   1.3 1009   5  1.7 5  3.6  82    0    0 251 -318  0
3797500 2746500  4  5  4   1.4 1008   7  2.4 4  3.6  86    0    0 255 -317  0
3797500 2746500  4  5  5   0.2 1008  18  1.6 3  3.5  88    0    0 243 -315  0
3797500 2746500  4  5  6   0.6 1008  29  1.8 2  3.5  88    0    0 232 -313  0
3797500 2746500  4  5  7   1.0 1007  14  0.6 2  3.5  86   21   31 226 -312  0
3797500 2746500  4  5  8   2.8 1007   5  2.3 1  3.5  80  151   62 221 -313  0
3797500 2746500  4  5  9   4.9 1007   1  2.9 1  3.5  69  323   61 217 -316  0
3797500 2746500  4  5 10   6.0 1007  21  4.0 4  3.3  59  329  141 235 -326  0
3797500 2746500  4  5 11   5.8 1007 352  3.2 5  3.3  57   58  263 255 -338  0
3797500 2746500  4  5 12   6.2 1007 338  2.9 6  3.3  57    3  212 268 -346  0
3797500 2746500  4  5 13   6.0 1006 323  2.2 7  3.4  57   11  243 281 -352  0
3797500 2746500  4  5 14   5.7 1006   7  2.5 8  3.6  62    0  174 296 -351  0
3797500 2746500  4  5 15   5.9 1006  10  3.4 4  3.8  66  303  206 285 -352  0
3797500 2746500  4  5 16   7.5 1006 285  2.3 5  3.5  58  156  201 274 -352  0
3797500 2746500  4  5 17   7.0 1006 330  3.2 5  3.2  51  167  126 278 -347  0
3797500 2746500  4  5 18   7.6 1006 326  3.4 3  3.0  48  145   59 269 -345  0
3797500 2746500  4  5 19   6.6 1006 350  3.1 3  3.0  47   32   27 259 -340  0
3797500 2746500  4  5 20   5.9 1007 334  2.6 2  3.0  51    0    0 251 -334  0
3797500 2746500  4  5 21   5.4 1007 333  2.0 1  3.1  55    0    0 241 -329  0
3797500 2746500  4  5 22   4.1 1008 249  0.9 2  3.2  60    0    0 238 -327  0
3797500 2746500  4  5 23   5.1 1009 318  1.0 4  3.3  62    0    0 247 -325  0
3797500 2746500  4  5 24   4.7 1009 272  1.0 6  3.4  63    0    0 263 -324  0
3797500 2746500  4  6  1   4.4 1009 294  1.1 4  3.6  68    0    0 263 -324  0
3797500 2746500  4  6  2   3.4 1009 252  0.8 1  3.6  71    0    0 240 -324  0
3797500 2746500  4  6  3   2.6 1009 246  0.8 0  3.5  75    0    0 220 -324  0
3797500 2746500  4  6  4   1.6 1009 209  1.1 2  3.5  79    0    0 222 -323  0
3797500 2746500  4  6  5   1.8 1009 227  2.4 0  3.5  81    0    0 222 -322  0
3797500 2746500  4  6  6   1.4 1009 209  2.2 0  3.5  82    0    0 214 -319  0
3797500 2746500  4  6  7   1.7 1009 212  2.8 2  3.5  82   10   34 222 -316  0
3797500 2746500  4  6  8   3.7 1010 201  2.5 3  3.7  80   83   96 237 -317  0
3797500 2746500  4  6  9   5.3 1010 220  3.8 2  4.0  76  229  124 242 -323  0
3797500 2746500  4  6 10   6.8 1010 213  3.6 2  4.1  70  322  164 240 -332  0
3797500 2746500  4  6 11   7.6 1010 244  4.3 3  4.0  63  471  150 249 -341  0
3797500 2746500  4  6 12   9.1 1010 229  4.0 3  3.9  57  486  186 261 -345  0
3797500 2746500  4  6 13   9.4 1009 241  3.8 4  3.8  52  301  288 271 -352  0
3797500 2746500  4  6 14  10.1 1009 243  3.4 5  3.5  46  184  302 280 -363  0
3797500 2746500  4  6 15  10.1 1008 246  3.8 7  3.3  44   91  270 295 -365  0
3797500 2746500  4  6 16  10.5 1008 234  2.6 6  3.3  42  141  219 300 -365  0
3797500 2746500  4  6 17  10.6 1007 229  4.2 7  3.2  41   73  159 301 -363  0
3797500 2746500  4  6 18  10.3 1007 225  3.2 7  3.3  41    9   79 305 -359  0
3797500 2746500  4  6 19   9.6 1007 239  2.7 7  3.3  43    2   20 304 -357  0
3797500 2746500  4  6 20   8.8 1007 215  3.0 7  3.4  47    0    0 304 -351  0
3797500 2746500  4  6 21   8.3 1007 215  2.7 7  3.5  50    0    0 302 -347  0
3797500 2746500  4  6 22   7.7 1007 211  2.9 5  3.4  51    0    0 292 -345  0
3797500 2746500  4  6 23   7.5 1007 210  2.7 5  3.4  52    0    0 284 -342  0
3797500 2746500  4  6 24   7.8 1007 240  2.7 7  3.4  52    0    0 293 -341  0
3797500 2746500  4  7  1   7.0 1007 232  2.0 4  3.4  53    0    0 290 -341  0
3797500 2746500  4  7  2   5.3 1007 229  2.4 2  3.4  58    0    0 266 -339  0
3797500 2746500  4  7  3   4.7 1007 221  1.9 2  3.3  60    0    0 255 -338  0
3797500 2746500  4  7  4   5.3 1007 234  1.9 2  3.2  59    0    0 256 -337  0
3797500 2746500  4  7  5   4.3 1007 209  2.4 1  3.3  62    0    0 252 -337  0
3797500 2746500  4  7  6   4.0 1007 209  1.5 1  3.3  65    0    0 246 -337  0
3797500 2746500  4  7  7   4.4 1008 172  1.8 3  3.4  65   14   36 254 -337  0
3797500 2746500  4  7  8   5.4 1008 212  3.1 1  3.5  65  114   94 254 -339  0
3797500 2746500  4  7  9   6.9 1008 183  2.9 1  3.7  63  255  130 247 -342  0
3797500 2746500  4  7 10   8.2 1008 237  3.8 1  4.1  64  397  148 252 -347  0
3797500 2746500  4  7 11   9.5 1008 236  3.0 1  4.6  64  528  149 256 -353  0
3797500 2746500  4  7 12  10.2 1008 246  3.9 3  4.6  60  337  286 270 -360  0
3797500 2746500  4  7 13  10.9 1008 224  3.5 6  4.5  56   73  319 293 -365  0
3797500 2746500  4  7 14  11.0 1008 261  3.1 6  4.6  57   36  282 306 -366  0
3797500 2746500  4  7 15  10.9 1007 239  2.8 6  4.8  59   15  225 302 -366  0
3797500 2746500  4  7 16  10.1 1007 285  2.5 6  5.0  63    4  161 297 -368  0
3797500 2746500  4  7 17  10.4 1007 244  2.5 5  5.1  65   51  166 289 -367  0
3797500 2746500  4  7 18  10.1 1006 214  2.6 6  5.1  65   38   97 287 -364  0
3797500 2746500  4  7 19   9.8 1006 219  2.3 7  5.0  66    2   24 293 -358  0
3797500 2746500  4  7 20   9.5 1006 247  2.2 7  4.9  66    0    0 296 -350  0
3797500 2746500  4  7 21   9.7 1006 226  2.3 6  4.9  66    0    0 294 -344  0
3797500 2746500  4  7 22   9.3 1006 193  1.7 7  5.1  68    0    0 296 -343  0
3797500 2746500  4  7 23   9.7 1005 211  2.2 8  5.1  68    0    0 304 -341  0
3797500 2746500  4  7 24   9.5 1005 211  1.8 7  5.1  68    0    0 306 -338  0
3797500 2746500  4  8  1   9.2 1005 222  1.8 5  5.0  68    0    0 296 -334  0
3797500 2746500  4  8  2   8.9 1004 223  2.1 4  5.0  69    0    0 287 -332  0
3797500 2746500  4  8  3   8.5 1004 214  2.0 2  4.9  70    0    0 277 -334  0
3797500 2746500  4  8  4   7.6 1003 203  1.9 2  4.6  69    0    0 268 -337  0
3797500 2746500  4  8  5   7.5 1003 205  3.2 5  4.4  67    0    0 279 -339  0
3797500 2746500  4  8  6   7.1 1003 209  3.1 6  4.3  67    0    0 295 -340  0
3797500 2746500  4  8  7   7.4 1002 219  4.1 5  4.3  67   17   32 295 -339  0
3797500 2746500  4  8  8   8.2 1002 228  5.4 4  4.3  65   82   91 289 -339  0
3797500 2746500  4  8  9   9.4 1002 228  5.2 3  4.5  63  254   96 281 -339  0
3797500 2746500  4  8 10  10.2 1002 237  6.1 3  4.6  60  283  161 279 -341  0
3797500 2746500  4  8 11   9.8 1002 236  7.4 5  4.4  57  170  260 289 -346  0
3797500 2746500  4  8 12  10.5 1001 226  6.9 5  4.2  53  152  292 298 -355  0
3797500 2746500  4  8 13  11.5 1001 223  6.1 6  4.2  51   25  271 303 -363  0
3797500 2746500  4  8 14  10.8 1001 222  2.9 7  4.3  51    3  207 310 -367  0
3797500 2746500  4  8 15  11.4 1001 246  5.0 6  4.3  51    0  135 307 -364  0
3797500 2746500  4  8 16   7.3 1001 289  5.2 6  4.8  64    0  106 296 -362  0
3797500 2746500  4  8 17   6.6 1001 281  3.6 8  5.3  85    0   75 298 -363  0
3797500 2746500  4  8 18   6.4 1002 226  3.3 8  5.3  88    0   59 304 -358  0
3797500 2746500  4  8 19   6.5 1002 222  2.9 8  5.4  89    0   17 303 -349  0
3797500 2746500  4  8 20   5.7 1002 244  2.7 7  5.3  89    0    0 297 -340  0
3797500 2746500  4  8 21   5.8 1003 193  1.8 7  5.1  88    0    0 292 -334  0
3797500 2746500  4  8 22   6.5 1003 226  2.1 7  5.1  86    0    0 295 -332  0
3797500 2746500  4  8 23   6.5 1002 208  1.8 7  5.2  86    0    0 297 -331  0
3797500 2746500  4  8 24   6.0 1003 208  2.0 6  5.3  88    0    0 293 -328  0
3797500 2746500  4  9  1   5.4 1002 218  2.9 2  5.1  89    0    0 268 -326  0
3797500 2746500  4  9  2   4.6 1002 228  3.1 1  4.9  89    0    0 240 -324  0
3797500 2746500  4  9  3   4.6 1002 229  2.6 1  4.7  88    0    0 233 -322  0
3797500 2746500  4  9  4   4.3 1002 229  2.9 4  4.6  87    0    0 247 -320  0
3797500 2746500  4  9  5   3.2 1003 229  2.8 5  4.4  87    0    0 265 -321  0
3797500 2746500  4  9  6   4.0 1003 222  3.0 5  4.3  87    0    0 270 -322  0
3797500 2746500  4  9  7   4.1 1003 221  3.2 7  4.4  86    0   28 279 -324  0
3797500 2746500  4  9  8   4.4 1004 231  3.2 7  4.5  86    3   86 288 -327  0
3797500 2746500  4  9  9   4.8 1005 245  3.2 7  4.5  85   44  180 288 -331  0
3797500 2746500  4  9 10   6.3 1005 240  4.2 5  4.5  78  205  220 280 -337  0
3797500 2746500  4  9 11   7.5 1006 257  4.2 3  4.2  68  408  189 264 -349  0
3797500 2746500  4  9 12   8.3 1006 248  4.7 2  3.8  56  588  129 253 -364  0
3797500 2746500  4  9 13   8.8 1006 244  4.5 2  3.2  46  489  200 254 -376  0
3797500 2746500  4  9 14  10.3 1006 255  3.3 4  3.2  43  170  304 266 -384  0
3797500 2746500  4  9 15  10.5 1006 285  4.1 3  3.2  40  307  227 271 -387  0
3797500 2746500  4  9 16  10.8 1006 313  3.6 4  3.1  38  243  190 271 -386  0
3797500 2746500  4  9 17  10.8 1005  12  4.1 4  3.2  39  126  157 274 -380  0
3797500 2746500  4  9 18  10.0 1006 268  2.6 5  3.4  43   53   94 276 -371  0
3797500 2746500  4  9 19   9.4 1006 302  1.4 7  3.5  47    5   26 281 -362  0
3797500 2746500  4  9 20   8.4 1006 336  0.9 7  3.7  52    0    0 285 -352  0
3797500 2746500  4  9 21   8.0 1006 344  1.6 7  3.7  54    0    0 280 -342  0
3797500 2746500  4  9 22   7.3 1007 342  1.3 3  3.7  56    0    0 267 -335  0
3797500 2746500  4  9 23   6.7 1007  12  2.1 2  3.7  59    0    0 257 -329  0
3797500 2746500  4  9 24   6.1 1007  13  1.3 3  3.8  63    0    0 254 -325  0
3797500 2746500  4 10  1   5.2 1007  37  1.6 6  3.8  66    0    0 260 -322  0
3797500 2746500  4 10  2   4.9 1008  42  1.4 6  3.8  69    0    0 266 -320  0
3797500 2746500  4 10  3   4.3 1008  30  1.7 4  3.9  74    0    0 261 -318  0
3797500 2746500  4 10  4   4.7 1007  34  2.0 5  4.1  77    0    0 258 -316  0
3797500 2746500  4 10  5   4.1 1008  23  2.1 6  4.1  78    0    0 264 -315  0
3797500 2746500  4 10  6   3.5 1008  30  0.6 7  4.1  82    0    0 270 -314  0
3797500 2746500  4 10  7   4.3 1008  21  1.2 7  4.2  84    1   34 275 -313  0
3797500 2746500  4 10  8   4.8 1009  24  2.6 6  4.3  82    6   96 274 -316  0
3797500 2746500  4 10  9   5.6 1009  23  3.8 7  4.3  77    0  124 275 -324  0
3797500 2746500  4 10 10   5.8 1010  27  3.6 8  4.1  72    0  159 282 -335  0
3797500 2746500  4 10 11   6.0 1010  22  3.4 8  3.9  67    0  185 286 -347  0
3797500 2746500  4 10 12   6.4 1010   6  3.9 6  3.7  63   51  296 282 -359  0
3797500 2746500  4 10 13   7.9 1011  28  3.1 4  3.6  57  310  269 271 -370  0
3797500 2746500  4 10 14   8.9 1010  20  3.3 6  3.6  52  140  296 275 -378  0
3797500 2746500  4 10 15   9.4 1010 357  3.4 6  3.7  51   60  256 284 -378  0
3797500 2746500  4 10 16   9.7 1010 347  3.3 6  3.6  48  120  211 284 -376  0
3797500 2746500  4 10 17  10.3 1010 342  2.5 3  3.3  44  225  105 275 -372  0
3797500 2746500  4 10 18   9.5 1010 346  3.4 5  3.3  43   86   81 270 -359  0
3797500 2746500  4 10 19   8.3 1011 342  4.9 6  3.5  50    0    9 272 -346  0
3797500 2746500  4 10 20   8.0 1012 351  4.6 5  3.8  56    0    0 267 -337  0
3797500 2746500  4 10 21   7.0 1012  15  4.4 4  3.7  57    0    0 258 -331  0
3797500 2746500  4 10 22   6.1 1013 356  3.7 3  3.6  59    0    0 248 -325  0
3797500 2746500  4 10 23   5.4 1014   1  2.5 2  3.6  63    0    0 239 -321  0
3797500 2746500  4 10 24   4.1 1014 332  1.8 0  3.6  68    0    0 228 -317  0
3797500 2746500  4 11  1   3.4 1015 324  1.6 1  3.6  72    0    0 221 -314  0
3797500 2746500  4 11  2   2.7 1015 328  1.8 1  3.5  74    0    0 221 -312  0
3797500 2746500  4 11  3   2.3 1014 338  1.4 1  3.4  76    0    0 217 -312  0
3797500 2746500  4 11  4   2.2 1015 329  1.3 1  3.4  77    0    0 215 -312  0
3797500 2746500  4 11  5   0.9 1015 328  0.7 1  3.4  80    0    0 212 -312  0
3797500 2746500  4 11  6   1.2 1015 296  0.8 1  3.5  85    0    3 211 -312  0
3797500 2746500  4 11  7   1.7 1015 233  0.9 1  3.6  86   34   39 213 -312  0
3797500 2746500  4 11  8   3.8 1015 243  1.1 1  3.7  81  167   73 216 -314  0
3797500 2746500  4 11  9   5.4 1015 243  1.9 2  3.9  74  217  135 224 -319  0
3797500 2746500  4 11 10   6.1 1015 251  1.9 4  3.6  62  111  244 239 -329  0
3797500 2746500  4 11 11   6.4 1014 288  1.6 5  3.3  56   53  283 255 -342  0
3797500 2746500  4 11 12   7.3 1014 248  2.1 5  3.4  55  169  317 266 -355  0
3797500 2746500  4 11 13   7.5 1013 228  2.7 5  3.1  48  177  323 272 -365  0
3797500 2746500  4 11 14   7.6 1013 230  2.5 6  2.9  45   37  283 280 -371  0
3797500 2746500  4 11 15   7.8 1012 232  2.4 7  3.1  48   26  241 293 -371  0
3797500 2746500  4 11 16   8.0 1011 242  3.0 7  3.2  48   24  199 301 -365  0
3797500 2746500  4 11 17   8.1 1010 242  3.4 7  3.1  47    6  133 304 -361  0
3797500 2746500  4 11 18   8.3 1010 230  3.3 7  3.2  47    2   74 307 -358  0
3797500 2746500  4 11 19   8.6 1009 214  3.4 7  3.2  47    1   22 309 -352  0
3797500 2746500  4 11 20   8.9 1008 210  3.8 7  3.3  47    0    0 310 -345  0
3797500 2746500  4 11 21   8.3 1008 229  4.6 8  3.6  52    0    0 315 -341  0
3797500 2746500  4 11 22   7.0 1008 220  3.4 8  4.1  63    0    0 319 -340  0
3797500 2746500  4 11 23   6.2 1007 222  3.8 8  4.5  74    0    0 318 -339  0
3797500 2746500  4 11 24   5.8 1007 214  3.7 7  4.6  79    0    0 315 -338  0
3797500 2746500  4 12  1   5.8 1006 200  4.1 7  4.7  81    0    0 313 -337  0
3797500 2746500  4 12  2   5.6 1005 201  4.6 8  4.7  82    0    0 318 -337  0
3797500 2746500  4 12  3   5.0 1004 192  4.7 8  4.7  84    0    0 323 -336  0
3797500 2746500  4 12  4   5.2 1003 204  3.8 8  4.7  85    0    0 325 -336  0
3797500 2746500  4 12  5   4.9 1003 207  3.1 8  4.8  87    0    0 326 -337  0
3797500 2746500  4 12  6   5.2 1002 210  2.8 8  4.8  88    0    2 326 -338  0
3797500 2746500  4 12  7   5.4 1002 219  2.8 8  4.9  88    0   23 328 -339  0
3797500 2746500  4 12  8   5.8 1002 228  2.7 7  5.0  88    0   72 324 -341  0
3797500 2746500  4 12  9   6.5 1002 240  2.8 8  5.3  88    0   99 326 -342  0
3797500 2746500  4 12 10   7.0 1003 254  2.8 8  5.4  87    0  108 333 -345  0
3797500 2746500  4 12 11   7.9 1003 259  3.4 8  5.5  84    0  100 336 -349  0
3797500 2746500  4 12 12   8.2 1003 255  2.5 8  5.6  83    0  123 337 -356  0
3797500 2746500  4 12 13   9.2 1004 272  2.9 6  5.6  80   29  254 327 -359  0
3797500 2746500  4 12 14   9.3 1004 279  2.8 6  5.5  75   99  252 316 -362  0
3797500 2746500  4 12 15  10.2 1004 278  3.8 6  5.2  69  206  189 313 -364  0
3797500 2746500  4 12 16  10.1 1004 270  3.9 8  5.0  64   18  171 316 -364  0
3797500 2746500  4 12 17   7.8 1004 290  3.6 8  5.2  72    0   84 316 -363  0
3797500 2746500  4 12 18   9.2 1005 293  2.2 6  5.4  78   33   81 307 -359  0
3797500 2746500  4 12 19   9.3 1005 298  1.9 7  5.4  73   38   21 303 -354  0
3797500 2746500  4 12 20   7.9 1006 263  1.2 6  5.0  72    0    0 297 -347  0
3797500 2746500  4 12 21   7.0 1007 246  1.1 1  4.6  71    0    0 270 -342  0
3797500 2746500  4 12 22   6.3 1007 249  1.5 2  4.5  74    0    0 251 -339  0
3797500 2746500  4 12 23   5.8 1007 220  1.6 2  4.5  77    0    0 253 -337  0
3797500 2746500  4 12 24   5.8 1007 220  2.0 0  4.5  78    0    0 244 -336  0
3797500 2746500  4 13  1   6.6 1007 213  2.1 3  4.6  77    0    0 249 -336  0
3797500 2746500  4 13  2   6.9 1006 213  2.6 6  4.6  75    0    0 280 -338  0
3797500 2746500  4 13  3   7.2 1006 203  2.5 6  4.7  75    0    0 299 -340  0
3797500 2746500  4 13  4   8.2 1005 210  3.6 7  4.8  73    0    0 310 -342  0
3797500 2746500  4 13  5   7.8 1004 218  3.7 8  4.9  72    0    0 324 -343  0
3797500 2746500  4 13  6   7.9 1004 218  4.1 8  4.9  74    0    0 332 -344  0
3797500 2746500  4 13  7   7.6 1003 228  4.1 7  5.1  77    0   17 330 -345  0
3797500 2746500  4 13  8   7.1 1003 219  4.6 7  5.3  82    0   57 326 -346  0
3797500 2746500  4 13  9   7.0 1003 228  4.9 8  5.6  88    0   58 332 -348  0
3797500 2746500  4 13 10   7.5 1002 229  4.5 8  5.9  91    0   70 339 -349  0
3797500 2746500  4 13 11   8.1 1002 239  4.1 8  6.2  93    0   71 344 -350  0
3797500 2746500  4 13 12   8.8 1002 239  3.8 8  6.5  93    0   63 347 -352  0
3797500 2746500  4 13 13  10.4 1002 240  4.2 8  6.7  89    0  115 350 -354  0
3797500 2746500  4 13 14  10.3 1002 231  4.5 8  6.8  85    0  120 353 -356  0
3797500 2746500  4 13 15  10.9 1001 219  4.1 7  6.7  83    0   82 348 -357  0
3797500 2746500  4 13 16  11.5 1001 228  3.9 7  6.7  80    0   73 343 -359  0
3797500 2746500  4 13 17  11.8 1001 229  3.9 7  6.7  78    0   80 345 -362  0
3797500 2746500  4 13 18  11.1 1000 243  5.2 7  6.9  81    2   67 344 -364  0
3797500 2746500  4 13 19  10.8 1000 245  5.4 8  7.2  87    0   22 348 -363  0
3797500 2746500  4 13 20  10.7 1000 250  5.2 8  7.2  89    0    0 351 -360  0
3797500 2746500  4 13 21  10.5 1000 251  4.5 8  7.2  89    0    0 350 -355  0
3797500 2746500  4 13 22  10.7 1000 247  4.1 8  7.1  88    0    0 348 -351  0
3797500 2746500  4 13 23  10.4 1001 250  4.7 8  7.0  86    0    0 348 -348  0
3797500 2746500  4 13 24   8.9 1001 260  2.5 8  6.7  88    0    0 345 -343  0
3797500 2746500  4 14  1   8.3 1001 239  2.3 8  6.3  89    0    0 340 -339  0
3797500 2746500  4 14  2   8.1 1002 259  2.1 8  6.1  89    0    0 338 -336  0
3797500 2746500  4 14  3   8.1 1002 251  2.8 7  6.0  88    0    0 331 -333  0
3797500 2746500  4 14  4   8.5 1002 249  2.5 7  6.0  88    0    0 327 -331  0
3797500 2746500  4 14  5   9.0 1002 249  2.7 8  6.3  88    0    0 335 -330  0
3797500 2746500  4 14  6   8.9 1002 260  2.9 8  6.4  88    0    1 342 -330  0
3797500 2746500  4 14  7   8.9 1002 261  2.4 8  6.3  87    0   20 340 -331  0
3797500 2746500  4 14  8   9.3 1003 261  2.4 7  6.2  86    0   65 333 -334  0
3797500 2746500  4 14  9   9.6 1004 269  1.8 7  6.2  83    1  136 326 -342  0
3797500 2746500  4 14 10  10.0 1004 269  2.0 6  6.0  79   39  218 321 -351  0
3797500 2746500  4 14 11   9.8 1004 258  2.0 7  5.8  76    1  196 321 -360  0
3797500 2746500  4 14 12  10.5 1004 246  3.3 6  5.6  72   13  243 322 -366  0
3797500 2746500  4 14 13  10.0 1005 266  3.0 8  5.1  65    0  144 326 -370  0
3797500 2746500  4 14 14  11.6 1005 283  2.9 6  4.6  57  119  256 324 -373  0
3797500 2746500  4 14 15  12.4 1005 262  4.1 5  4.8  55  166  214 313 -374  0
3797500 2746500  4 14 16  11.4 1005 270  3.2 7  5.1  58    0  115 318 -374  0
3797500 2746500  4 14 17  11.4 1006 309  2.4 7  5.1  60    0   90 324 -371  0
3797500 2746500  4 14 18  10.9 1006 293  2.7 7  4.9  59    8   80 321 -367  0
3797500 2746500  4 14 19   9.7 1006 271  2.2 5  5.0  63   13   31 308 -359  0
3797500 2746500  4 14 20   8.9 1007 254  1.5 4  5.0  68    0    0 288 -350  0
3797500 2746500  4 14 21   8.4 1008 296  0.9 2  4.8  69    0    0 271 -342  0
3797500 2746500  4 14 22   7.5 1008 251  0.8 0  4.6  69    0    0 249 -337  0
3797500 2746500  4 14 23   6.5 1009 227  1.3 0  4.6  74    0    0 235 -334  0
3797500 2746500  4 14 24   5.7 1009 206  0.5 0  4.8  82    0    0 230 -331  0
3797500 2746500  4 15  1   5.7 1010 188  0.7 3  4.9  86    0    0 240 -329  0
3797500 2746500  4 15  2   4.6 1010 167  1.0 2  4.8  87    0    0 244 -326  0
3797500 2746500  4 15  3   3.8 1009 106  1.5 0  4.5  88    0    0 224 -326  0
3797500 2746500  4 15  4   4.3 1009 109  1.1 0  4.5  89    0    0 210 -328  0
3797500 2746500  4 15  5   4.9 1009 104  1.6 3  4.8  90    0    0 225 -328  0
3797500 2746500  4 15  6   4.7 1009 120  1.6 4  4.7  88    0    2 247 -328  0
3797500 2746500  4 15  7   5.2 1008 100  1.9 3  4.5  84   10   50 247 -330  0
3797500 2746500  4 15  8   6.8 1008 106  2.3 2  4.7  80   43  120 241 -336  0
3797500 2746500  4 15  9   8.7 1008 103  2.4 3  5.0  76   78  186 250 -345  0
3797500 2746500  4 15 10  10.6 1007  80  2.5 6  5.5  73  134  236 282 -355  0
3797500 2746500  4 15 11  12.0 1007 107  3.0 6  5.8  69  119  287 305 -366  0
3797500 2746500  4 15 12  13.0 1006 123  4.3 7  6.0  66  125  312 317 -376  0
3797500 2746500  4 15 13  13.8 1005  80  3.7 7  6.0  62   82  306 325 -383  0
3797500 2746500  4 15 14  14.1 1004 125  5.3 7  6.0  60   64  285 330 -389  0
3797500 2746500  4 15 15  14.1 1003 139  4.4 8  6.0  59    0  141 335 -390  0
3797500 2746500  4 15 16  13.8 1002 129  4.4 7  6.0  60    0  134 338 -389  0
3797500 2746500  4 15 17  14.2 1001 139  3.9 8  6.2  61    0   92 341 -385  0
3797500 2746500  4 15 18  14.5 1001 127  3.3 8  6.3  61    3   81 348 -380  0
3797500 2746500  4 15 19  14.4 1000 138  3.6 8  6.4  62    0   24 351 -376  0
3797500 2746500  4 15 20  14.3 1000 140  3.0 8  6.5  63    0    0 353 -372  0
3797500 2746500  4 15 21  13.6  999 168  3.0 8  6.5  64    0    0 355 -370  0
3797500 2746500  4 15 22  13.3  999 169  3.3 8  6.7  68    0    0 356 -369  0
3797500 2746500  4 15 23  12.9  999 169  3.7 8  7.1  74    0    0 358 -369  0
3797500 2746500  4 15 24  12.7  998 159  3.6 8  7.4  79    0    0 358 -368  0
3797500 2746500  4 16  1  12.5  998 170  3.5 8  7.6  82    0    0 357 -368  0
3797500 2746500  4 16  2  12.7  997 170  3.2 8  7.6  82    0    0 358 -367  0
3797500 2746500  4 16  3  12.3  996 198  3.1 8  7.5  82    0    0 359 -367  0
3797500 2746500  4 16  4  11.7  996 194  3.1 8  7.5  84    0    0 357 -366  0
3797500 2746500  4 16  5  11.2  995 202  3.4 8  7.4  87    0    0 355 -365  0
3797500 2746500  4 16  6  10.7  995 215  2.8 8  7.4  89    0    0 352 -365  0
3797500 2746500  4 16  7  10.6  995 240  3.4 8  7.6  93    0   13 351 -364  0
3797500 2746500  4 16  8  10.5  996 240  3.0 7  7.7  95    0   39 342 -364  0
3797500 2746500  4 16  9  10.6  996 239  2.7 7  7.8  96    0   76 336 -366  0
3797500 2746500  4 16 10  10.8  997 261  4.1 8  7.9  97    0   77 343 -369  0
3797500 2746500  4 16 11  10.3  998 281  3.6 8  7.8  96    0   74 349 -372  0
3797500 2746500  4 16 12  10.4  999 268  3.3 8  7.7  96    0   91 348 -378  0
3797500 2746500  4 16 13  10.8 1001 267  4.0 8  7.5  92    0   93 349 -384  0
3797500 2746500  4 16 14  11.8 1002 261  4.4 8  7.2  85    0  120 350 -390  0
3797500 2746500  4 16 15  13.1 1003 259  3.4 7  7.1  78    4  191 348 -393  0
3797500 2746500  4 16 16  13.8 1003 267  3.3 7  6.8  70   38  197 343 -393  0
3797500 2746500  4 16 17  14.1 1003 275  3.7 6  6.6  66  124  147 339 -390  0
3797500 2746500  4 16 18  13.7 1004 288  2.7 7  6.8  68   46   98 337 -384  0
3797500 2746500  4 16 19  13.5 1004 238  3.0 7  6.8  69   11   37 340 -378  0
3797500 2746500  4 16 20  11.9 1004 247  2.3 6  6.5  70    0    0 330 -373  0
3797500 2746500  4 16 21  11.3 1005 313  1.1 3  6.2  73    0    0 307 -367  0
3797500 2746500  4 16 22  11.1 1006 265  1.2 5  6.2  74    0    0 300 -363  0
3797500 2746500  4 16 23  10.6 1006 239  1.8 6  6.2  76    0    0 314 -362  0
3797500 2746500  4 16 24  10.5 1006 224  1.8 7  6.1  77    0    0 323 -359  0
3797500 2746500  4 17  1  10.2 1006 221  2.2 8  6.1  78    0    0 334 -358  0
3797500 2746500  4 17  2  10.3 1006 223  2.3 8  6.4  81    0    0 340 -357  0
3797500 2746500  4 17  3  10.2 1006 231  2.4 6  6.7  86    0    0 332 -356  0
3797500 2746500  4 17  4  10.1 1005 232  2.6 7  6.8  87    0    0 328 -356  0
3797500 2746500  4 17  5  10.0 1005 227  2.7 8  6.6  85    0    0 337 -356  0
3797500 2746500  4 17  6   9.9 1005 234  3.3 8  6.4  83    0    0 342 -356  0
3797500 2746500  4 17  7   9.6 1005 239  3.0 7  6.4  84    0   15 336 -356  0
3797500 2746500  4 17  8   9.5 1005 225  2.9 8  6.5  86    0   39 335 -357  0
3797500 2746500  4 17  9   9.2 1005 238  3.2 8  6.7  91    0   81 340 -361  0
3797500 2746500  4 17 10   9.9 1005 269  2.6 7  6.8  91    3  179 335 -366  0
3797500 2746500  4 17 11  10.4 1005 204  2.9 8  6.7  86    0  136 335 -371  0
3797500 2746500  4 17 12   9.6 1005 252  3.2 8  6.4  83    0  116 339 -376  0
3797500 2746500  4 17 13  12.3 1005 246  3.7 5  6.2  75   78  277 330 -379  0
3797500 2746500  4 17 14  11.4 1005 276  2.5 8  5.9  68    0  136 332 -382  0
3797500 2746500  4 17 15  11.9 1005 246  2.4 8  5.7  67    0  135 341 -386  0
3797500 2746500  4 17 16  12.5 1005 245  3.3 5  5.5  62   19  175 329 -387  0
3797500 2746500  4 17 17  12.6 1005 294  1.9 8  4.9  53    0   90 326 -383  0
3797500 2746500  4 17 18  12.4 1005 290  2.5 7  4.5  49   11   87 329 -377  0
3797500 2746500  4 17 19  12.0 1005 270  1.6 5  4.4  50   11   35 316 -370  0
3797500 2746500  4 17 20  10.6 1005 258  1.8 4  4.5  54    0    0 300 -361  0
3797500 2746500  4 17 21   9.5 1005 245  1.5 2  4.5  58    0    0 284 -354  0
3797500 2746500  4 17 22   8.6 1006 235  2.1 3  4.5  62    0    0 275 -348  0
3797500 2746500  4 17 23   8.5 1006 223  2.1 3  4.6  66    0    0 277 -344  0
3797500 2746500  4 17 24   9.1 1006 232  2.2 5  4.7  66    0    0 286 -340  0
3797500 2746500  4 18  1   8.7 1006 229  2.4 7  4.7  66    0    0 304 -337  0
3797500 2746500  4 18  2   8.0 1007 212  2.4 6  4.8  69    0    0 306 -336  0
3797500 2746500  4 18  3   7.2 1007 211  2.6 4  4.7  73    0    0 288 -334  0
3797500 2746500  4 18  4   7.1 1007 211  2.7 3  4.8  76    0    0 270 -335  0
3797500 2746500  4 18  5   7.1 1007 222  2.3 3  4.9  78    0    0 267 -335  0
3797500 2746500  4 18  6   6.9 1007 226  3.0 4  4.9  79    0   10 272 -336  0
3797500 2746500  4 18  7   7.9 1007 217  2.9 2  5.0  78   34   68 268 -338  0
3797500 2746500  4 18  8   8.8 1007 216  3.1 2  5.2  75  130  133 259 -341  0
3797500 2746500  4 18  9  10.4 1007 233  3.0 3  5.4  72  108  221 269 -345  0
3797500 2746500  4 18 10  11.2 1007 230  3.1 6  5.7  70  130  289 294 -351  0
3797500 2746500  4 18 11  11.5 1007 226  3.4 6  5.8  69  227  327 313 -360  0
3797500 2746500  4 18 12  12.5 1007 227  4.1 6  5.8  66  174  375 317 -369  0
3797500 2746500  4 18 13  13.0 1007 234  4.1 6  5.8  63   81  352 321 -372  0
3797500 2746500  4 18 14  12.9 1007 252  4.2 8  5.7  60    0  128 330 -370  0
3797500 2746500  4 18 15  13.3 1007 251  4.2 7  5.7  60    0  152 335 -368  0
3797500 2746500  4 18 16  13.3 1007 230  4.8 6  5.5  58   23  216 326 -371  0
3797500 2746500  4 18 17  13.8 1006 247  4.6 6  5.2  53   58  194 320 -372  0
3797500 2746500  4 18 18  13.1 1006 234  4.0 5  5.2  54   61  125 313 -370  0
3797500 2746500  4 18 19  12.8 1007 296  2.5 5  5.3  57    3   38 307 -366  0
3797500 2746500  4 18 20  11.9 1007 258  1.9 6  5.5  61    0    0 309 -360  0
3797500 2746500  4 18 21  11.1 1007 311  1.2 6  5.5  65    0    0 309 -355  0
3797500 2746500  4 18 22  10.8 1008 262  0.8 6  5.5  67    0    0 304 -353  0
3797500 2746500  4 18 23  10.0 1008 210  0.7 6  5.5  70    0    0 301 -349  0
3797500 2746500  4 18 24   8.9 1008 223  0.8 4  5.6  75    0    0 287 -345  0
3797500 2746500  4 19  1   8.8 1009 254  0.9 3  5.4  76    0    0 272 -340  0
3797500 2746500  4 19  2   8.0 1009 210  1.5 2  5.3  78    0    0 261 -335  0
3797500 2746500  4 19  3   7.9 1009 165  1.5 2  5.5  82    0    0 254 -331  0
3797500 2746500  4 19  4   7.2 1009 180  1.5 0  5.4  83    0    0 245 -328  0
3797500 2746500  4 19  5   6.8 1008 189  1.4 2  5.1  82    0    0 241 -329  0
3797500 2746500  4 19  6   6.8 1009 187  1.2 4  4.9  80    0    7 252 -332  0
3797500 2746500  4 19  7   7.5 1009 167  1.0 5  5.0  80    5   57 261 -334  0
3797500 2746500  4 19  8   9.3 1009 207  2.4 5  5.3  77   45  144 266 -341  0
3797500 2746500  4 19  9  10.5 1009 223  4.1 5  5.4  70  134  215 270 -353  0
3797500 2746500  4 19 10  11.2 1009 232  4.5 7  5.3  66  164  281 280 -365  0
3797500 2746500  4 19 11  11.8 1009 214  4.4 7  5.3  62  177  334 290 -375  0
3797500 2746500  4 19 12  12.5 1009 223  4.2 6  5.3  60  187  367 292 -383  0
3797500 2746500  4 19 13  13.1 1008 237  4.4 6  5.3  57  265  357 295 -389  0
3797500 2746500  4 19 14  13.3 1008 236  4.3 6  5.1  54  266  339 299 -393  0
3797500 2746500  4 19 15  14.0 1008 227  3.6 4  5.3  54  247  303 296 -394  0
3797500 2746500  4 19 16  14.3 1008 240  3.6 3  5.4  54  270  228 288 -393  0
3797500 2746500  4 19 17  14.2 1007 235  3.6 5  5.2  51  166  186 292 -391  0
3797500 2746500  4 19 18  13.9 1007 243  3.6 7  5.1  51   33  120 305 -387  0
3797500 2746500  4 19 19  13.7 1007 246  2.8 6  5.3  54    0   31 308 -380  0
3797500 2746500  4 19 20  12.8 1007 225  2.0 6  5.4  57    0    0 301 -370  0
3797500 2746500  4 19 21  12.4 1007 222  2.1 7  5.4  59    0    0 304 -362  0
3797500 2746500  4 19 22  12.1 1008 214  2.3 5  5.5  61    0    0 300 -358  0
3797500 2746500  4 19 23  11.0 1008 226  2.3 4  5.5  64    0    0 288 -355  0
3797500 2746500  4 19 24  10.3 1008 223  2.3 1  5.5  68    0    0 272 -352  0
3797500 2746500  4 20  1  10.3 1008 220  2.1 1  5.5  70    0    0 263 -348  0
3797500 2746500  4 20  2   9.5 1009 213  1.4 1  5.4  70    0    0 264 -345  0
3797500 2746500  4 20  3   9.1 1008 209  2.0 1  5.3  73    0    0 263 -342  0
3797500 2746500  4 20  4   8.7 1008 211  1.2 2  5.3  74    0    0 268 -340  0
3797500 2746500  4 20  5   8.3 1009 191  1.2 2  5.2  75    0    0 270 -338  0
3797500 2746500  4 20  6   8.0 1009 194  1.4 2  5.2  77    0   11 270 -337  0
3797500 2746500  4 20  7   8.7 1009 185  1.5 1  5.3  77   21   69 266 -337  0
3797500 2746500  4 20  8  10.4 1009 195  1.3 3  5.6  75   51  148 273 -343  0
3797500 2746500  4 20  9  11.8 1010 215  2.3 5  5.7  69  111  222 293 -354  0
3797500 2746500  4 20 10  12.9 1010 243  2.5 5  5.6  62  234  263 303 -366  0
3797500 2746500  4 20 11  14.4 1010 224  2.6 4  5.7  58  427  240 303 -378  0
3797500 2746500  4 20 12  15.1 1010 249  3.4 4  5.7  54  442  274 303 -389  0
3797500 2746500  4 20 13  15.2 1009 230  2.9 4  5.5  51  255  362 304 -401  0
3797500 2746500  4 20 14  15.8 1009 233  2.8 4  5.2  48  140  359 306 -410  0
3797500 2746500  4 20 15  16.3 1009 236  3.2 5  4.9  43  148  324 309 -415  0
3797500 2746500  4 20 16  16.3 1009 193  2.9 6  4.9  42   89  267 315 -415  0
3797500 2746500  4 20 17  15.9 1008 209  1.9 7  5.1  45   36  188 320 -409  0
3797500 2746500  4 20 18  15.9 1009 275  1.2 7  5.1  46   17  115 321 -400  0
3797500 2746500  4 20 19  15.5 1008 233  0.8 7  5.1  46   20   49 318 -389  0
3797500 2746500  4 20 20  14.6 1008   0  0.4 7  5.1  48    0    2 314 -377  0
3797500 2746500  4 20 21  13.5 1009  60  0.8 8  5.1  51    0    0 315 -368  0
3797500 2746500  4 20 22  12.7 1009  76  1.3 7  5.2  55    0    0 313 -362  0
3797500 2746500  4 20 23  12.4 1009  90  1.6 5  5.4  59    0    0 304 -359  0
3797500 2746500  4 20 24  10.6 1009  97  1.8 2  5.4  64    0    0 286 -356  0
3797500 2746500  4 21  1  10.7 1009  96  1.8 4  5.4  67    0    0 282 -354  0
3797500 2746500  4 21  2  10.6 1009 106  1.6 4  5.3  67    0    0 290 -352  0
3797500 2746500  4 21  3  10.3 1009 102  1.2 4  5.3  67    0    0 289 -349  0
3797500 2746500  4 21  4  10.0 1009 100  1.2 7  5.2  67    0    0 298 -348  0
3797500 2746500  4 21  5   8.6 1009 104  1.3 7  5.2  70    0    0 304 -346  0
3797500 2746500  4 21  6   9.6 1008  98  1.3 6  5.1  71    0   15 301 -345  0
3797500 2746500  4 21  7  10.9 1008 103  1.2 3  5.2  66   31   75 293 -346  0
3797500 2746500  4 21  8  13.4 1009 313  0.9 3  5.5  62   64  158 289 -352  0
3797500 2746500  4 21  9  15.1 1009 230  0.8 4  5.9  58  134  234 300 -365  0
3797500 2746500  4 21 10  16.2 1009 248  2.1 5  6.1  55  247  281 312 -381  0
3797500 2746500  4 21 11  17.5 1009 170  2.4 5  6.2  52  361  303 320 -403  0
3797500 2746500  4 21 12  18.3 1009 283  2.8 6  6.0  46  342  350 327 -425  0
3797500 2746500  4 21 13  18.8 1009 305  2.9 6  5.9  44  234  393 334 -441  0
3797500 2746500  4 21 14  19.5 1009  10  2.4 7  6.0  43  316  352 340 -452  0
3797500 2746500  4 21 15  19.7 1009  37  2.8 6  5.7  40  314  306 340 -452  0
3797500 2746500  4 21 16  19.5 1008 247  2.9 5  5.4  38  257  259 333 -434  0
3797500 2746500  4 21 17  19.2 1008 250  2.7 6  5.3  38  109  215 329 -421  0
3797500 2746500  4 21 18  18.7 1008 234  2.4 6  5.5  40   48  134 328 -419  0
3797500 2746500  4 21 19  17.9 1008 271  1.5 7  5.6  42   26   55 329 -406  0
3797500 2746500  4 21 20  16.6 1008 320  1.5 7  5.6  46    0    1 331 -394  0
3797500 2746500  4 21 21  15.4 1009 345  2.3 6  5.9  52    0    0 327 -389  0
3797500 2746500  4 21 22  14.7 1009 328  2.7 7  6.1  57    0    0 329 -384  0
3797500 2746500  4 21 23  13.6 1009  50  2.8 7  6.4  63    0    0 332 -379  0
3797500 2746500  4 21 24  12.6 1010 320  2.5 7  6.9  73    0    0 331 -377  0
3797500 2746500  4 22  1  12.2 1010 275  2.7 7  7.0  78    0    0 329 -375  0
3797500 2746500  4 22  2  11.6 1011 323  2.2 7  6.7  77    0    0 327 -374  0
3797500 2746500  4 22  3  11.3 1011  28  2.0 7  6.5  77    0    0 324 -372  0
3797500 2746500  4 22  4  11.0 1011  83  2.3 8  6.5  79    0    0 327 -370  0
3797500 2746500  4 22  5  10.5 1011  28  1.6 8  6.7  82    0    0 331 -369  0
3797500 2746500  4 22  6  10.4 1011  27  2.4 8  6.8  86    0    1 333 -367  0
3797500 2746500  4 22  7  10.1 1011  18  2.0 8  6.8  87    0   23 333 -365  0
3797500 2746500  4 22  8   9.0 1012  63  2.9 8  6.6  89    0   56 332 -370  0
3797500 2746500  4 22  9   9.1 1012 344  2.7 8  6.2  87    0  106 329 -382  0
3797500 2746500  4 22 10   9.0 1012 332  3.3 8  5.8  81    0  132 329 -395  0
3797500 2746500  4 22 11   9.3 1012 325  2.9 7  5.5  76   14  261 325 -408  0
3797500 2746500  4 22 12   9.6 1013 280  2.8 6  5.3  71   35  304 319 -421  0
3797500 2746500  4 22 13  10.1 1012 282  2.8 7  5.1  67   21  282 322 -433  0
3797500 2746500  4 22 14  10.3 1012 343  3.7 8  5.1  66    3  218 329 -438  0
3797500 2746500  4 22 15  10.0 1012 302  3.2 8  5.3  69    0  129 331 -431  0
3797500 2746500  4 22 16   9.8 1012 305  2.9 8  5.4  71    0  145 329 -417  0
3797500 2746500  4 22 17   9.8 1011 288  2.9 7  5.5  72   20  170 323 -410  0
3797500 2746500  4 22 18   9.6 1011 270  2.0 6  5.5  73   42  120 314 -404  0
3797500 2746500  4 22 19   9.4 1011 254  2.2 6  5.5  75    9   46 311 -394  0
3797500 2746500  4 22 20   9.1 1011 252  1.5 6  5.5  75    0    1 312 -384  0
3797500 2746500  4 22 21   9.0 1011 274  1.3 8  5.5  76    0    0 321 -377  0
3797500 2746500  4 22 22   9.1 1011 208  1.7 7  5.7  79    0    0 327 -374  0
3797500 2746500  4 22 23   9.1 1011 218  1.2 7  5.9  81    0    0 325 -375  0
3797500 2746500  4 22 24   8.8 1011 299  1.1 8  5.9  83    0    0 330 -374  0
3797500 2746500  4 23  1   8.8 1010 251  1.2 7  5.9  84    0    0 331 -371  0
3797500 2746500  4 23  2   8.8 1010 348  1.9 7  5.9  84    0    0 327 -369  0
3797500 2746500  4 23  3   8.4 1010 303  1.7 6  5.9  84    0    0 322 -367  0
3797500 2746500  4 23  4   8.6 1009 319  1.4 8  5.9  85    0    0 327 -365  0
3797500 2746500  4 23  5   8.4 1009 293  1.4 8  6.1  87    0    0 337 -363  0
3797500 2746500  4 23  6   8.2 1009 323  1.5 8  6.1  89    0    2 337 -360  0
3797500 2746500  4 23  7   8.4 1009 277  1.1 8  6.0  88    0   27 336 -360  0
3797500 2746500  4 23  8   8.5 1010 252  1.5 8  6.1  89    0  107 337 -367  0
3797500 2746500  4 23  9   9.5 1010 272  2.2 7  6.1  85   30  221 335 -378  0
3797500 2746500  4 23 10  10.3 1010 237  1.4 6  5.6  74   46  289 327 -388  0
3797500 2746500  4 23 11  10.7 1010 234  1.7 6  5.4  68   13  278 325 -398  0
3797500 2746500  4 23 12  11.7 1010 243  2.1 7  5.5  67    7  266 335 -412  0
3797500 2746500  4 23 13  12.7 1010 245  2.1 7  5.8  66   49  351 343 -425  0
3797500 2746500  4 23 14  13.2 1010 238  1.7 6  5.7  61  202  380 339 -433  0
3797500 2746500  4 23 15  14.0 1010 248  1.6 5  5.5  56  245  327 331 -435  0
3797500 2746500  4 23 16  13.9 1010 280  1.1 6  5.4  54  151  286 328 -433  0
3797500 2746500  4 23 17  13.5 1010 249  2.0 7  5.5  56   21  188 331 -428  0
3797500 2746500  4 23 18  13.5 1010 264  1.8 7  5.6  58   25  129 333 -421  0
3797500 2746500  4 23 19  13.2 1010 324  1.8 6  5.5  57   20   56 329 -411  0
3797500 2746500  4 23 20  12.2 1010 311  0.6 5  5.4  59    0    3 319 -397  0
3797500 2746500  4 23 21  11.6 1010   6  1.2 3  5.2  60    0    0 303 -383  0
3797500 2746500  4 23 22  10.5 1011  61  1.2 2  5.0  61    0    0 287 -373  0
3797500 2746500  4 23 23  10.1 1011  94  1.0 2  5.1  65    0    0 282 -367  0
3797500 2746500  4 23 24   9.4 1012 150  1.0 5  5.3  70    0    0 293 -362  0
3797500 2746500  4 24  1   9.6 1012 161  0.8 5  5.4  73    0    0 304 -359  0
3797500 2746500  4 24  2  10.3 1012 105  0.8 3  5.6  73    0    0 296 -357  0
3797500 2746500  4 24  3  10.0 1012  40  1.1 3  5.7  74    0    0 288 -355  0
3797500 2746500  4 24  4   8.0 1012 101  0.7 3  5.6  79    0    0 283 -353  0
3797500 2746500  4 24  5   9.3 1012  91  1.1 5  5.6  80    0    0 289 -352  0
3797500 2746500  4 24  6   8.3 1012 158  0.8 6  5.6  80    0    4 300 -351  0
3797500 2746500  4 24  7  10.0 1012 185  1.1 6  5.8  80    0   47 306 -353  0
3797500 2746500  4 24  8  11.5 1013 123  1.4 6  6.3  78    6  126 310 -359  0
3797500 2746500  4 24  9  12.3 1013 177  1.4 7  6.7  77    9  191 320 -371  0
3797500 2746500  4 24 10  13.4 1013 158  1.4 8  6.8  73   30  273 332 -386  0
3797500 2746500  4 24 11  14.5 1013  89  2.5 6  6.4  64  197  347 330 -405  0
3797500 2746500  4 24 12  15.9 1013 125  2.6 4  6.2  58  431  302 317 -424  0
3797500 2746500  4 24 13  16.5 1012 105  2.7 4  6.1  53  454  302 313 -437  0
3797500 2746500  4 24 14  17.5 1012  80  2.3 4  5.7  48  409  303 316 -445  0
3797500 2746500  4 24 15  18.2 1011 109  3.0 4  6.0  47  363  277 318 -449  0
3797500 2746500  4 24 16  18.5 1011  88  2.8 3  6.0  46  341  215 315 -447  0
3797500 2746500  4 24 17  18.9 1010  73  2.6 4  5.7  42  206  187 313 -441  0
3797500 2746500  4 24 18  18.8 1010  86  2.9 3  5.7  42  132  123 311 -432  0
3797500 2746500  4 24 19  17.6 1010  64  2.8 3  6.1  47   54   63 305 -420  0
3797500 2746500  4 24 20  16.7 1010  95  2.9 3  6.4  52    0    9 304 -406  0
3797500 2746500  4 24 21  16.2 1010  71  2.3 3  6.4  55    0    0 303 -393  0
3797500 2746500  4 24 22  15.1 1010  87  1.7 1  6.2  56    0    0 293 -386  0
3797500 2746500  4 24 23  14.0 1010  85  1.4 0  6.1  59    0    0 278 -381  0
3797500 2746500  4 24 24  13.0 1010 114  1.8 0  6.1  63    0    0 274 -377  0
3797500 2746500  4 25  1  12.6 1010 114  1.6 0  5.9  64    0    0 279 -376  0
3797500 2746500  4 25  2  12.0 1010  79  1.9 0  5.7  64    0    0 281 -377  0
3797500 2746500  4 25  3  11.7 1010 122  1.7 0  5.7  66    0    0 282 -377  0
3797500 2746500  4 25  4  12.1 1010 111  1.8 1  5.6  65    0    0 287 -378  0
3797500 2746500  4 25  5  12.9 1010 207  2.1 4  5.5  61    0    0 301 -377  0
3797500 2746500  4 25  6  13.9 1010 173  2.4 4  5.4  56    0   15 312 -376  0
3797500 2746500  4 25  7  14.8 1009 181  1.7 2  5.5  54   50   80 306 -378  0
3797500 2746500  4 25  8  16.8 1009 192  1.9 1  5.8  52  154  134 296 -383  0
3797500 2746500  4 25  9  19.0 1009 182  1.9 0  6.2  48  291  166 296 -396  0
3797500 2746500  4 25 10  19.8 1009 199  2.8 0  6.3  45  420  186 303 -415  0
3797500 2746500  4 25 11  20.7 1010 204  2.5 0  6.6  44  548  184 311 -433  0
3797500 2746500  4 25 12  21.8 1009 166  3.3 0  7.0  44  630  179 319 -447  0
3797500 2746500  4 25 13  22.7 1009 198  2.8 0  7.0  42  665  170 327 -457  0
3797500 2746500  4 25 14  22.8 1009 207  3.0 1  6.8  39  639  165 335 -461  0
3797500 2746500  4 25 15  23.1 1009 253  3.6 1  6.6  38  516  183 337 -458  0
3797500 2746500  4 25 16  23.2 1008 184  2.8 0  6.4  36  353  197 332 -451  0
3797500 2746500  4 25 17  22.5 1008 275  2.4 4  6.6  38   76  205 333 -451  0
3797500 2746500  4 25 18  21.0 1008 185  2.8 8  7.0  43    2   95 351 -448  0
3797500 2746500  4 25 19  18.0 1009 333  2.9 7  7.8  54   20   55 355 -438  0
3797500 2746500  4 25 20  17.4 1010   7  2.8 8  8.2  65    0    1 353 -427  0
3797500 2746500  4 25 21  17.2 1010 290  1.3 7  8.2  66    0    0 353 -416  0
3797500 2746500  4 25 22  16.4 1011 241  1.9 8  8.1  68    0    0 353 -405  0
3797500 2746500  4 25 23  15.1 1012 271  1.5 8  7.8  70    0    0 356 -400  0
3797500 2746500  4 25 24  14.7 1012 290  1.2 6  7.7  72    0    0 346 -398  0
3797500 2746500  4 26  1  14.1 1012 280  1.0 6  7.8  76    0    0 337 -396  0
3797500 2746500  4 26  2  13.4 1012 212  0.9 6  7.9  80    0    0 336 -393  0
3797500 2746500  4 26  3  13.3 1012 256  1.0 7  7.8  81    0    0 338 -391  0
3797500 2746500  4 26  4  12.9 1012 285  0.6 7  7.5  79    0    0 341 -388  0
3797500 2746500  4 26  5  11.8 1012 286  0.5 7  7.3  82    0    0 338 -385  0
3797500 2746500  4 26  6  12.0 1012 252  0.8 7  7.3  84    0    2 338 -383  0
3797500 2746500  4 26  7  12.8 1012 219  1.1 8  7.6  85    0   16 345 -383  0
3797500 2746500  4 26  8  13.4 1012 223  1.5 7  7.8  83    0   81 348 -385  0
3797500 2746500  4 26  9  13.6 1012 226  1.9 8  7.8  81    1  158 351 -388  0
3797500 2746500  4 26 10  14.0 1012 213  1.9 8  7.9  80    8  254 358 -390  0
3797500 2746500  4 26 11  14.8 1012 257  1.5 7  7.9  77   22  323 357 -395  0
3797500 2746500  4 26 12  14.5 1012 238  2.3 7  7.9  75   22  337 355 -404  0
3797500 2746500  4 26 13  14.8 1012 250  2.7 7  7.8  75   16  321 357 -408  0
3797500 2746500  4 26 14  14.8 1012 267  2.8 7  7.7  73   23  326 359 -406  0
3797500 2746500  4 26 15  14.6 1012 254  2.7 6  7.8  75   45  341 354 -404  0
3797500 2746500  4 26 16  15.0 1011 244  1.9 6  7.9  75   34  281 350 -403  0
3797500 2746500  4 26 17  14.2 1011 266  1.9 7  8.1  78    4  161 353 -406  0
3797500 2746500  4 26 18  14.1 1011  19  2.1 8  8.3  82    0   73 360 -407  0
3797500 2746500  4 26 19  14.4 1011 301  1.0 8  8.3  81    0   26 366 -403  0
3797500 2746500  4 26 20  14.4 1012 331  0.9 8  8.3  80    0    0 368 -398  0
3797500 2746500  4 26 21  14.5 1012 344  1.4 8  8.2  80    0    0 369 -393  0
3797500 2746500  4 26 22  14.2 1013 338  1.4 8  8.2  80    0    0 368 -389  0
3797500 2746500  4 26 23  14.1 1013 336  1.2 8  8.1  80    0    0 366 -386  0
3797500 2746500  4 26 24  13.1 1013 325  1.5 7  7.9  81    0    0 357 -383  0
3797500 2746500  4 27  1  12.6 1013 330  1.4 8  7.6  82    0    0 354 -381  0
3797500 2746500  4 27  2  12.5 1013 324  0.6 8  7.7  84    0    0 359 -378  0
3797500 2746500  4 27  3  11.9 1013 340  0.6 8  7.6  86    0    0 356 -374  0
3797500 2746500  4 27  4  11.8 1013 357  1.4 7  7.6  88    0    0 348 -371  0
3797500 2746500  4 27  5  11.7 1013 329  1.9 7  7.7  89    0    0 340 -369  0
3797500 2746500  4 27  6  11.9 1013 346  1.8 8  7.7  89    0   11 345 -367  0
3797500 2746500  4 27  7  11.6 1013 341  2.7 8  7.4  86    0   53 349 -365  0
3797500 2746500  4 27  8  11.2 1014 354  2.9 7  6.8  80    9  118 339 -367  0
3797500 2746500  4 27  9  11.4 1014   4  3.2 8  6.3  75    0  134 337 -374  0
3797500 2746500  4 27 10  12.4 1014  26  3.4 8  5.9  68    0  152 343 -384  0
3797500 2746500  4 27 11  13.2 1015  26  3.6 8  5.7  62    3  220 345 -396  0
3797500 2746500  4 27 12  14.1 1015  15  3.8 8  5.6  58   28  273 349 -408  0
3797500 2746500  4 27 13  14.1 1015  27  3.7 7  5.8  58   52  291 346 -417  0
3797500 2746500  4 27 14  14.9 1015  11  4.9 8  5.9  57    4  226 346 -421  0
3797500 2746500  4 27 15  15.4 1014 334  2.9 7  5.6  53   34  244 347 -420  0
3797500 2746500  4 27 16  15.5 1014  10  3.3 7  5.4  50   21  200 342 -420  0
3797500 2746500  4 27 17  15.3 1014 344  3.0 8  5.4  50    9  147 348 -419  0
3797500 2746500  4 27 18  15.1 1014 355  3.7 7  5.5  51   42  105 348 -413  0
3797500 2746500  4 27 19  14.8 1014  29  3.3 5  5.3  50   59   32 332 -404  0
3797500 2746500  4 27 20  14.0 1014 355  2.8 5  5.3  52    8    8 321 -392  0
3797500 2746500  4 27 21  13.2 1015 358  2.6 6  5.3  55    0    0 321 -381  0
3797500 2746500  4 27 22  12.7 1015   4  2.9 6  5.1  55    0    0 322 -372  0
3797500 2746500  4 27 23  12.0 1016  24  3.7 6  5.0  56    0    0 320 -365  0
3797500 2746500  4 27 24  10.4 1016  12  2.3 3  5.0  61    0    0 302 -359  0
3797500 2746500  4 28  1   9.2 1016  10  2.4 2  5.0  67    0    0 278 -352  0
3797500 2746500  4 28  2   8.0 1016   7  1.7 1  4.9  71    0    0 264 -346  0
3797500 2746500  4 28  3   7.2 1016 347  2.3 0  5.0  77    0    0 251 -341  0
3797500 2746500  4 28  4   6.3 1015   1  2.7 3  5.1  83    0    0 258 -337  0
3797500 2746500  4 28  5   6.4 1015   2  2.4 6  5.0  84    0    0 286 -335  0
3797500 2746500  4 28  6   6.5 1015 353  2.3 6  5.0  83    0    8 299 -333  0
3797500 2746500  4 28  7   6.6 1015 351  1.8 6  4.9  82   11   71 295 -333  0
3797500 2746500  4 28  8   6.9 1015 332  1.6 6  4.9  81   35  152 292 -340  0
3797500 2746500  4 28  9   7.7 1015 350  1.9 6  5.0  78   52  224 290 -353  0
3797500 2746500  4 28 10   9.7 1015   6  2.4 5  5.1  73  250  257 290 -371  0
3797500 2746500  4 28 11  11.1 1015 358  3.7 4  5.0  64  443  226 285 -388  0
3797500 2746500  4 28 12  12.1 1014   0  3.8 4  4.6  54  373  300 284 -400  0
3797500 2746500  4 28 13  13.0 1014 358  3.9 3  4.0  45  453  272 283 -407  0
3797500 2746500  4 28 14  13.9 1013 318  3.4 3  3.8  40  369  292 283 -409  0
3797500 2746500  4 28 15  13.4 1012 316  3.1 5  3.8  40   31  274 294 -406  0
3797500 2746500  4 28 16  13.3 1012 299  2.9 6  4.2  44   14  214 307 -405  0
3797500 2746500  4 28 17  12.6 1011 326  3.1 7  4.7  50    5  152 316 -401  0
3797500 2746500  4 28 18  12.0 1011 324  4.0 6  4.6  52    0   85 312 -394  0
3797500 2746500  4 28 19  10.6 1011 336  4.1 4  4.2  50   39   53 295 -386  0
3797500 2746500  4 28 20   9.2 1011 335  4.0 4  4.2  55    3   11 282 -377  0
3797500 2746500  4 28 21   8.8 1011 332  3.8 3  4.4  62    0    0 274 -368  0
3797500 2746500  4 28 22   8.1 1012 347  3.9 5  4.3  62    0    0 276 -364  0
3797500 2746500  4 28 23   7.2 1012 341  2.3 6  4.0  61    0    0 286 -362  0
3797500 2746500  4 28 24   6.6 1012 329  2.7 7  3.8  62    0    0 293 -356  0
3797500 2746500  4 29  1   6.8 1012 312  2.2 6  4.0  65    0    0 293 -348  0
3797500 2746500  4 29  2   6.8 1012 321  2.4 6  3.9  64    0    0 288 -340  0
3797500 2746500  4 29  3   6.6 1011 316  2.5 7  3.9  64    0    0 291 -335  0
3797500 2746500  4 29  4   6.7 1010 306  3.4 7  3.9  64    0    0 294 -331  0
3797500 2746500  4 29  5   6.3 1010 310  2.7 8  4.0  66    0    0 299 -328  0
3797500 2746500  4 29  6   6.0 1009 322  3.3 7  4.0  67    0    8 298 -327  0
3797500 2746500  4 29  7   6.1 1009 300  2.6 7  4.0  68    4   55 293 -327  0
3797500 2746500  4 29  8   6.4 1009 319  3.0 6  4.1  69   62  118 288 -333  0
3797500 2746500  4 29  9   6.7 1010 281  3.5 5  4.2  69  211  120 279 -343  0
3797500 2746500  4 29 10   7.7 1009 296  3.3 4  4.0  63  284  144 271 -357  0
3797500 2746500  4 29 11   8.6 1009 303  3.2 4  4.0  60  365  146 270 -373  0
3797500 2746500  4 29 12   5.3 1009 305  3.5 5  4.4  71   74  278 273 -386  0
3797500 2746500  4 29 13   5.2 1009 349  4.3 6  4.6  84  121  274 276 -390  0
3797500 2746500  4 29 14   5.7 1009 302  3.1 5  4.9  86  365  158 276 -387  0
3797500 2746500  4 29 15   3.5 1009 356  3.9 8  4.7  90    4  202 281 -384  0
3797500 2746500  4 29 16   5.3 1009 211  2.2 8  4.7  91    2  156 294 -375  0
3797500 2746500  4 29 17   6.6 1008 252  2.9 8  5.1  88   10  140 299 -366  0
3797500 2746500  4 29 18   7.2 1009 233  2.8 8  5.2  84    0   69 304 -359  0
3797500 2746500  4 29 19   6.3 1008 264  2.2 7  5.1  82    0   36 300 -352  0
3797500 2746500  4 29 20   6.1 1009 253  2.3 7  4.9  82    2    7 293 -348  0
3797500 2746500  4 29 21   5.9 1009 247  1.4 6  4.8  83    0    0 287 -345  0
3797500 2746500  4 29 22   5.7 1009 252  2.1 6  4.8  83    0    0 282 -344  0
3797500 2746500  4 29 23   5.3 1009 210  1.4 7  4.8  84    0    0 285 -343  0
3797500 2746500  4 29 24   5.2 1009 133  1.1 7  4.8  87    0    0 289 -343  0
3797500 2746500  4 30  1   4.2 1008 239  1.9 8  4.8  89    0    0 293 -343  0
3797500 2746500  4 30  2   4.1 1008 222  1.3 7  4.7  92    0    0 293 -343  0
3797500 2746500  4 30  3   4.5 1007 116  1.6 7  4.8  92    0    0 291 -342  0
3797500 2746500  4 30  4   4.4 1007 104  2.3 8  4.7  90    0    0 296 -342  0
3797500 2746500  4 30  5   3.8 1007 111  1.5 8  4.6  91    0    0 300 -342  0
3797500 2746500  4 30  6   3.7 1006 123  1.6 8  4.7  94    0    4 300 -341  0
3797500 2746500  4 30  7   4.6 1006 145  1.8 7  4.7  92    0   31 297 -341  0
3797500 2746500  4 30  8   3.5 1006 188  1.7 8  4.6  90    0   62 297 -343  0
3797500 2746500  4 30  9   5.1 1006 162  1.9 6  4.6  88   67  205 295 -347  0
3797500 2746500  4 30 10   5.9 1006 188  2.6 5  4.7  84  188  239 284 -353  0
3797500 2746500  4 30 11   6.2 1005 220  2.3 6  4.8  82  115  299 286 -358  0
3797500 2746500  4 30 12   5.2 1005 118  2.3 7  4.8  84   24  281 296 -364  0
3797500 2746500  4 30 13   6.4 1005 230  3.1 7  4.9  84   21  282 299 -372  0
3797500 2746500  4 30 14   7.7 1005 213  2.6 5  4.9  77  190  295 292 -377  0
3797500 2746500  4 30 15   7.8 1005 274  3.0 6  4.8  72   90  274 289 -379  0
3797500 2746500  4 30 16   8.3 1005 262  3.1 4  4.8  71  447   79 286 -381  0
3797500 2746500  4 30 17   8.3 1004 138  2.7 3  4.6  68  366   75 276 -374  0
3797500 2746500  4 30 18   8.4 1004 202  1.7 6  4.5  66   78  107 280 -364  0
3797500 2746500  4 30 19   7.1 1005 140  3.0 5  4.7  71    6   45 285 -360  0
3797500 2746500  4 30 20   5.7 1005 143  2.3 4  4.7  78    0    1 275 -357  0
3797500 2746500  4 30 21   5.4 1005 169  2.7 3  4.6  81    0    0 266 -353  0
3797500 2746500  4 30 22   5.3 1005 167  2.7 3  4.6  82    0    0 262 -350  0
3797500 2746500  4 30 23   4.7 1006 172  2.8 2  4.6  84    0    0 257 -347  0
3797500 2746500  4 30 24   4.5 1005 169  2.5 1  4.5  84    0    0 246 -344  0
3797500 2746500  5  1  1   4.3 1005 204  2.1 0  4.3  83    0    0 233 -342  0
3797500 2746500  5  1  2   4.1 1005 175  1.9 0  4.3  83    0    0 229 -341  0
3797500 2746500  5  1  3   4.0 1005 175  2.7 1  4.2  82    0    0 233 -340  0
3797500 2746500  5  1  4   4.2 1004 149  2.6 2  4.2  82    0    0 243 -339  0
3797500 2746500  5  1  5   4.2 1004 174  3.5 3  4.2  81    0    0 253 -338  0
3797500 2746500  5  1  6   4.6 1004 161  3.0 3  4.2  81    1   24 257 -338  0
3797500 2746500  5  1  7   6.2 1004 165  3.6 2  4.4  78   57   93 254 -341  0
3797500 2746500  5  1  8   7.4 1004 165  4.6 2  4.7  75  206  121 251 -347  0
3797500 2746500  5  1  9   8.4 1003 179  4.2 3  4.8  72  300  161 259 -355  0
3797500 2746500  5  1 10   9.7 1003 167  4.3 5  5.0  69  324  225 276 -363  0
3797500 2746500  5  1 11  10.8 1003 168  5.0 5  5.2  67  291  298 291 -365  0
3797500 2746500  5  1 12  11.2 1002 175  5.6 7  5.1  62   84  354 306 -369  0
3797500 2746500  5  1 13  11.6 1002 173  5.0 7  5.1  60   28  323 317 -378  0
3797500 2746500  5  1 14  10.8 1002 192  4.4 7  5.4  64    4  236 317 -382  0
3797500 2746500  5  1 15  11.1 1002 172  6.1 7  5.7  69    7  238 316 -385  0
3797500 2746500  5  1 16  11.0 1001 172  3.1 7  6.0  72    7  201 316 -380  0
3797500 2746500  5  1 17  10.5 1001 155  3.6 7  6.3  77    0  106 316 -377  0
3797500 2746500  5  1 18  10.3 1001 187  3.4 7  6.5  82    0   59 316 -376  0
3797500 2746500  5  1 19  10.2 1001 184  3.4 7  6.6  84    0   27 315 -372  0
3797500 2746500  5  1 20  10.3 1001 199  2.5 7  6.7  84    0    1 315 -364  0
3797500 2746500  5  1 21  10.4 1002 201  2.8 7  6.7  84    0    0 316 -357  0
3797500 2746500  5  1 22  10.6 1002 190  2.2 8  6.7  84    0    0 325 -352  0
3797500 2746500  5  1 23  10.2 1003 206  1.8 8  6.7  85    0    0 332 -349  0
3797500 2746500  5  1 24   9.8 1003 185  2.0 5  6.6  85    0    0 317 -346  0
3797500 2746500  5  2  1   9.8 1003 208  1.4 5  6.5  86    0    0 302 -343  0
3797500 2746500  5  2  2   9.7 1004 217  1.8 6  6.6  86    0    0 308 -342  0
3797500 2746500  5  2  3   9.6 1004 214  2.4 6  6.5  86    0    0 315 -342  0
3797500 2746500  5  2  4   9.1 1004 207  1.8 4  6.4  87    0    0 307 -344  0
3797500 2746500  5  2  5   9.1 1005 223  2.3 3  6.4  88    0    0 294 -345  0
3797500 2746500  5  2  6   9.3 1005 184  1.6 5  6.4  88    0   15 298 -346  0
3797500 2746500  5  2  7  10.2 1006 187  2.0 3  6.7  88   23   90 299 -348  0
3797500 2746500  5  2  8  11.5 1006 172  2.5 2  6.9  84  138  149 288 -353  0
3797500 2746500  5  2  9  12.3 1007 210  3.1 2  7.0  80  275  175 287 -364  0
3797500 2746500  5  2 10  13.3 1007 191  3.3 4  7.0  76  205  275 299 -375  0
3797500 2746500  5  2 11  14.4 1007 188  3.2 5  7.3  73  142  337 313 -385  0
3797500 2746500  5  2 12  15.1 1007 196  3.1 6  7.4  70   61  346 322 -394  0
3797500 2746500  5  2 13  16.6 1007 198  3.1 5  7.3  64  133  372 323 -403  0
3797500 2746500  5  2 14  17.5 1007 181  2.6 5  7.0  58  263  331 321 -413  0
3797500 2746500  5  2 15  18.5 1007 196  2.7 5  7.1  54  211  304 321 -418  0
3797500 2746500  5  2 16  19.1 1007 195  3.4 4  6.8  50  343  195 318 -419  0
3797500 2746500  5  2 17  19.2 1007 184  2.9 4  6.4  46  299  133 314 -417  0
3797500 2746500  5  2 18  19.0 1007 132  3.3 4  6.4  46  191   97 313 -408  0
3797500 2746500  5  2 19  18.3 1006 189  3.1 4  6.4  48   57   67 310 -397  0
3797500 2746500  5  2 20  16.9 1006 142  3.2 4  6.3  50    2   14 306 -385  0
3797500 2746500  5  2 21  16.7 1007 138  3.4 5  6.3  52    0    0 305 -376  0
3797500 2746500  5  2 22  16.3 1007 149  3.8 3  6.2  52    0    0 302 -372  0
3797500 2746500  5  2 23  16.0 1007 162  3.7 2  6.0  52    0    0 294 -370  0
3797500 2746500  5  2 24  15.5 1007 163  3.5 2  6.0  54    0    0 290 -370  0
3797500 2746500  5  3  1  15.8 1007 172  3.3 0  5.9  53    0    0 283 -370  0
3797500 2746500  5  3  2  16.4 1008 172  4.2 0  5.6  49    0    0 276 -369  0
3797500 2746500  5  3  3  16.4 1008 172  3.6 0  5.5  47    0    0 277 -367  0
3797500 2746500  5  3  4  15.5 1008 171  3.8 0  5.6  50    0    0 278 -363  0
3797500 2746500  5  3  5  15.6 1008 170  2.7 0  5.6  51    0    0 279 -362  0
3797500 2746500  5  3  6  15.6 1008 162  3.1 1  5.7  51    4   32 280 -361  0
3797500 2746500  5  3  7  17.3 1009 163  3.1 1  6.0  51   74   98 284 -363  0
3797500 2746500  5  3  8  19.3 1009 145  3.2 1  6.4  49  211  133 286 -369  0
3797500 2746500  5  3  9  20.6 1009 164  3.4 2  7.1  49  362  150 295 -381  0
3797500 2746500  5  3 10  21.7 1009 174  3.7 3  7.5  48  471  173 309 -401  0
3797500 2746500  5  3 11  22.6 1009 187  3.1 4  7.5  45  550  193 321 -423  0
3797500 2746500  5  3 12  23.4 1009 184  3.5 5  7.8  44  634  183 334 -441  0
3797500 2746500  5  3 13  24.7 1009 158  4.4 4  7.8  42  648  184 340 -456  0
3797500 2746500  5  3 14  25.0 1009 187  3.3 4  7.4  37  502  250 342 -467  0
3797500 2746500  5  3 15  25.6 1009 207  2.4 3  7.0  35  480  212 341 -471  0
3797500 2746500  5  3 16  25.5 1009 176  1.8 3  6.9  33  229  260 338 -468  0
3797500 2746500  5  3 17  24.8 1009 201  1.3 7  7.0  35   17  183 346 -463  0
3797500 2746500  5  3 18  24.6 1009 241  1.1 8  7.0  36    0   65 356 -454  0
3797500 2746500  5  3 19  24.0 1010  41  0.6 8  6.9  36    0   26 356 -441  0
3797500 2746500  5  3 20  23.3 1010  22  0.7 8  7.2  39    0    3 355 -427  0
3797500 2746500  5  3 21  21.1 1010  42  1.6 7  7.6  45    0    0 348 -413  0
3797500 2746500  5  3 22  20.5 1011  92  1.5 7  7.9  52    0    0 341 -403  0
3797500 2746500  5  3 23  19.7 1011 115  1.3 6  8.4  57    0    0 337 -399  0
3797500 2746500  5  3 24  19.8 1011 114  1.5 4  8.3  57    0    0 328 -395  0
3797500 2746500  5  4  1  19.4 1011 103  1.4 2  7.8  54    0    0 316 -392  0
3797500 2746500  5  4  2  18.8 1012 136  1.7 3  7.6  55    0    0 311 -389  0
3797500 2746500  5  4  3  18.5 1012  82  2.0 1  7.2  54    0    0 305 -386  0
3797500 2746500  5  4  4  17.5 1012 105  1.7 2  7.0  54    0    0 300 -382  0
3797500 2746500  5  4  5  17.0 1012  92  2.2 2  6.8  55    0    0 297 -379  0
3797500 2746500  5  4  6  16.4 1012  93  1.9 3  6.6  56    0   22 295 -378  0
3797500 2746500  5  4  7  17.3 1013 111  1.7 3  6.8  57   53  100 296 -379  0
3797500 2746500  5  4  8  20.2 1013 118  2.4 2  7.2  53  184  145 296 -386  0
3797500 2746500  5  4  9  22.0 1013 113  2.9 3  7.2  46  313  174 302 -400  0
3797500 2746500  5  4 10  23.7 1013  88  2.2 5  6.8  39  444  187 317 -420  0
3797500 2746500  5  4 11  23.9 1012 107  5.0 5  6.4  35  573  179 326 -440  0
3797500 2746500  5  4 12  26.2 1012 106  4.3 5  5.7  29  607  199 330 -457  0
3797500 2746500  5  4 13  24.6 1011 102  4.2 3  5.4  27  636  191 327 -468  0
3797500 2746500  5  4 14  25.0 1011  91  4.3 4  5.1  26  556  218 321 -475  0
3797500 2746500  5  4 15  25.3 1011  99  4.6 4  4.9  25  417  247 326 -476  0
3797500 2746500  5  4 16  25.1 1010 136  4.8 4  5.0  25  287  239 327 -473  0
3797500 2746500  5  4 17  24.3 1010 115  4.5 6  5.0  26  105  213 331 -466  0
3797500 2746500  5  4 18  24.2 1010 126  4.0 6  5.2  28   19  134 337 -457  0
3797500 2746500  5  4 19  23.1 1010 109  3.2 6  5.4  30   12   69 336 -445  0
3797500 2746500  5  4 20  22.3 1010 101  2.8 6  5.7  33    0   13 335 -430  0
3797500 2746500  5  4 21  20.6 1011  94  2.3 6  6.1  38    0    0 333 -416  0
3797500 2746500  5  4 22  19.7 1011  90  2.5 2  6.4  44    0    0 314 -405  0
3797500 2746500  5  4 23  18.9 1011  87  2.6 1  6.7  48    0    0 295 -396  0
3797500 2746500  5  4 24  18.2 1011  97  2.4 2  6.6  50    0    0 293 -388  0
3797500 2746500  5  5  1  17.0 1011  98  2.7 3  6.5  52    0    0 297 -381  0
3797500 2746500  5  5  2  17.5 1012 110  2.9 3  6.3  51    0    0 298 -375  0
3797500 2746500  5  5  3  17.2 1012 123  3.3 2  5.9  48    0    0 294 -369  0
3797500 2746500  5  5  4  16.9 1012 111  2.8 4  5.8  48    0    0 298 -364  0
3797500 2746500  5  5  5  16.1 1012 111  2.4 6  5.9  50    0    0 313 -360  0
3797500 2746500  5  5  6  15.9 1012 109  2.1 7  6.0  53    0   11 322 -356  0
3797500 2746500  5  5  7  16.8 1013 112  2.0 5  6.2  54   12   85 318 -356  0
3797500 2746500  5  5  8  18.1 1013 115  2.2 3  6.6  53  117  154 305 -363  0
3797500 2746500  5  5  9  20.3 1013 132  1.8 3  7.0  51  314  154 304 -376  0
3797500 2746500  5  5 10  20.8 1013 158  3.5 6  7.3  48  376  198 322 -393  0
3797500 2746500  5  5 11  22.0 1013 120  2.7 6  7.3  46  316  287 336 -411  0
3797500 2746500  5  5 12  22.1 1013 126  3.4 6  7.4  44  391  287 340 -424  0
3797500 2746500  5  5 13  23.5 1013 118  2.3 4  7.5  44  574  201 336 -432  0
3797500 2746500  5  5 14  24.0 1013 168  2.6 5  7.6  42  354  295 336 -437  0
3797500 2746500  5  5 15  24.2 1013  97  2.9 6  7.4  39  276  284 345 -440  0
3797500 2746500  5  5 16  25.1 1012 171  1.2 5  6.6  34  273  224 346 -438  0
3797500 2746500  5  5 17  24.2 1012  67  2.0 5  6.5  34  234  162 342 -432  0
3797500 2746500  5  5 18  23.8 1012  62  2.7 6  6.7  36   74  135 344 -423  0
3797500 2746500  5  5 19  23.3 1013  45  2.1 4  6.3  35    4   58 339 -411  0
3797500 2746500  5  5 20  21.8 1013 132  3.6 5  5.9  35    0    5 333 -399  0
3797500 2746500  5  5 21  21.1 1014 111  2.1 6  5.7  36    0    0 337 -388  0
3797500 2746500  5  5 22  18.9 1014 103  1.7 5  5.6  38    0    0 333 -379  0
3797500 2746500  5  5 23  17.8 1015 103  1.4 4  5.7  43    0    0 321 -373  0
3797500 2746500  5  5 24  16.4 1015 113  1.2 3  5.9  48    0    0 309 -369  0
3797500 2746500  5  6  1  15.1 1015  69  0.7 3  6.1  55    0    0 302 -366  0
3797500 2746500  5  6  2  15.2 1015 112  1.6 3  6.2  58    0    0 300 -361  0
3797500 2746500  5  6  3  14.4 1015  97  1.3 1  6.1  59    0    0 292 -358  0
3797500 2746500  5  6  4  13.5 1015 104  1.0 2  6.0  60    0    0 286 -356  0
3797500 2746500  5  6  5  14.3 1015  95  1.5 3  5.3  54    0    0 292 -355  0
3797500 2746500  5  6  6  14.2 1015 100  2.4 2  4.9  48    0   25 292 -354  0
3797500 2746500  5  6  7  15.8 1015  97  2.7 1  4.8  46   48   99 286 -357  0
3797500 2746500  5  6  8  17.9 1015  96  2.2 1  5.2  44  168  151 287 -364  0
3797500 2746500  5  6  9  19.5 1015 100  2.1 2  5.7  42  274  192 298 -376  0
3797500 2746500  5  6 10  21.1 1015 114  4.5 3  5.7  39  390  213 311 -394  0
3797500 2746500  5  6 11  21.7 1015 119  6.7 2  5.1  32  505  217 315 -414  0
3797500 2746500  5  6 12  22.0 1015 140  6.2 2  4.3  27  590  209 311 -429  0
3797500 2746500  5  6 13  22.3 1014 145  4.4 2  4.1  25  624  198 313 -440  0
3797500 2746500  5  6 14  22.6 1014 125  7.4 1  4.1  24  613  183 311 -441  0
3797500 2746500  5  6 15  22.9 1013 157  5.2 2  4.3  25  482  210 312 -442  0
3797500 2746500  5  6 16  23.4 1013  65  4.5 2  4.4  25  279  242 315 -442  0
3797500 2746500  5  6 17  22.5 1012 124  5.0 2  4.2  24  216  186 311 -438  0
3797500 2746500  5  6 18  22.5 1012 147  4.2 1  4.1  24  139  129 304 -433  0
3797500 2746500  5  6 19  22.0 1012 107  2.6 1  3.8  23   59   74 298 -419  0
3797500 2746500  5  6 20  20.4 1012  96  2.0 1  3.8  24    3   15 295 -406  0
3797500 2746500  5  6 21  19.2 1013 104  2.1 2  3.9  27    0    0 296 -395  0
3797500 2746500  5  6 22  18.3 1013  89  2.8 1  4.1  31    0    0 296 -387  0
3797500 2746500  5  6 23  17.9 1013  86  2.5 1  4.4  34    0    0 292 -383  0
3797500 2746500  5  6 24  17.5 1013 113  2.9 0  4.5  36    0    0 287 -378  0
3797500 2746500  5  7  1  17.6 1013 106  3.7 3  4.3  35    0    0 292 -373  0
3797500 2746500  5  7  2  16.9 1013 107  4.2 5  4.2  35    0    0 308 -369  0
3797500 2746500  5  7  3  16.8 1013 124  4.8 5  4.2  35    0    0 313 -368  0
3797500 2746500  5  7  4  16.5 1013 118  2.8 6  4.1  35    0    0 316 -366  0
3797500 2746500  5  7  5  15.8 1013 109  3.7 5  4.1  36    0    0 316 -363  0
3797500 2746500  5  7  6  15.5 1013 113  3.3 3  4.3  39    0   19 304 -360  0
3797500 2746500  5  7  7  16.5 1013 112  3.4 1  4.6  40   38   97 291 -360  0
3797500 2746500  5  7  8  18.4 1013 120  4.0 0  4.9  40  147  159 284 -368  0
3797500 2746500  5  7  9  19.7 1013 116  4.5 1  5.2  38  293  184 290 -382  0
3797500 2746500  5  7 10  21.1 1013 102  5.1 1  5.4  36  420  200 300 -402  0
3797500 2746500  5  7 11  22.0 1013 119  5.1 2  5.2  32  514  214 307 -421  0
3797500 2746500  5  7 12  22.5 1013 107  4.9 3  4.8  29  601  203 316 -437  0
3797500 2746500  5  7 13  22.8 1012 127  4.1 3  4.8  28  629  195 323 -449  0
3797500 2746500  5  7 14  23.5 1012 124  5.6 3  5.0  28  537  229 327 -456  0
3797500 2746500  5  7 15  22.8 1011 141  5.5 5  5.1  29  293  302 333 -457  0
3797500 2746500  5  7 16  22.4 1011 151  5.9 5  5.1  30  265  248 336 -452  0
3797500 2746500  5  7 17  23.6 1011 131  5.7 5  5.1  29  172  202 336 -448  0
3797500 2746500  5  7 18  23.0 1010 129  5.5 4  5.0  28  135  131 332 -442  0
3797500 2746500  5  7 19  22.3 1010 124  4.4 4  5.0  29   44   73 326 -433  0
3797500 2746500  5  7 20  20.4 1010 122  2.8 5  4.9  31    0   13 326 -422  0
3797500 2746500  5  7 21  19.0 1011 117  3.3 6  4.6  32    0    0 327 -412  0
3797500 2746500  5  7 22  18.2 1011 108  2.6 4  4.4  33    0    0 322 -405  0
3797500 2746500  5  7 23  17.6 1011  98  2.1 3  4.7  37    0    0 310 -398  0
3797500 2746500  5  7 24  16.5 1011  81  1.7 1  4.8  39    0    0 296 -392  0
3797500 2746500  5  8  1  15.4 1012  84  2.4 2  4.9  43    0    0 286 -386  0
3797500 2746500  5  8  2  15.1 1012  99  2.5 2  5.1  47    0    0 288 -381  0
3797500 2746500  5  8  3  14.7 1011  91  2.6 1  5.2  49    0    0 282 -378  0
3797500 2746500  5  8  4  13.7 1011  99  2.8 2  5.2  51    0    0 282 -375  0
3797500 2746500  5  8  5  13.8 1011  88  2.7 2  5.1  52    0    0 286 -373  0
3797500 2746500  5  8  6  13.7 1011  85  2.9 3  5.1  52    0   26 290 -371  0
3797500 2746500  5  8  7  15.6 1011  91  2.7 2  5.2  50   47  103 293 -371  0
3797500 2746500  5  8  8  17.3 1010 103  3.7 1  5.3  45  177  151 290 -377  0
3797500 2746500  5  8  9  19.5 1010  94  3.9 0  5.6  42  341  162 288 -391  0
3797500 2746500  5  8 10  21.4 1010 117  5.4 0  5.3  35  473  172 290 -408  0
3797500 2746500  5  8 11  22.3 1009 128  6.4 1  4.8  29  572  180 299 -426  0
3797500 2746500  5  8 12  22.6 1008 142  7.8 1  4.5  26  574  220 307 -441  0
3797500 2746500  5  8 13  23.3 1008 123  6.0 2  4.2  24  388  329 313 -450  0
3797500 2746500  5  8 14  23.0 1007 139  6.8 3  4.2  24  201  362 323 -452  0
3797500 2746500  5  8 15  22.7 1007  93  5.2 6  4.3  24  110  320 337 -448  0
3797500 2746500  5  8 16  22.9 1006 118  5.1 6  4.2  24   98  264 347 -448  0
3797500 2746500  5  8 17  22.7 1006 109  4.2 5  4.3  24   14  167 343 -447  0
3797500 2746500  5  8 18  21.9 1006 117  3.5 6  4.4  26   11  120 342 -443  0
3797500 2746500  5  8 19  21.6 1005 104  2.1 6  4.4  27    0   44 345 -437  0
3797500 2746500  5  8 20  21.0 1006  87  2.3 6  4.4  28    0    8 344 -429  0
3797500 2746500  5  8 21  19.7 1006  84  2.2 6  4.6  30    0    0 342 -422  0
3797500 2746500  5  8 22  19.2 1006  90  2.4 6  4.8  34    0    0 340 -416  0
3797500 2746500  5  8 23  17.0 1006  86  2.2 5  5.0  38    0    0 333 -411  0
3797500 2746500  5  8 24  15.6 1006  74  1.8 3  5.1  44    0    0 315 -406  0
3797500 2746500  5  9  1  13.9 1006  66  2.0 4  5.3  50    0    0 306 -402  0
3797500 2746500  5  9  2  14.5 1006  78  1.9 3  5.3  52    0    0 306 -397  0
3797500 2746500  5  9  3  14.3 1006  63  2.3 1  5.3  52    0    0 296 -392  0
3797500 2746500  5  9  4  13.9 1006  78  2.3 2  5.4  54    0    0 293 -388  0
3797500 2746500  5  9  5  13.4 1006  79  2.0 2  5.4  55    0    0 296 -384  0
3797500 2746500  5  9  6  13.4 1007  78  2.1 1  5.4  56    2   28 289 -381  0
3797500 2746500  5  9  7  14.7 1007  86  2.5 0  5.7  56   53  102 280 -382  0
3797500 2746500  5  9  8  16.5 1007  79  2.6 0  5.9  53  185  144 281 -387  0
3797500 2746500  5  9  9  18.3 1008  44  3.6 0  6.1  49  355  148 288 -398  0
3797500 2746500  5  9 10  20.7 1008  90  3.5 0  6.3  45  502  148 296 -412  0
3797500 2746500  5  9 11  22.4 1008  69  3.8 0  6.3  39  609  149 303 -427  0
3797500 2746500  5  9 12  23.4 1007  78  4.6 0  6.2  36  672  149 307 -439  0
3797500 2746500  5  9 13  23.4 1007 101  5.3 2  5.9  33  465  283 317 -445  0
3797500 2746500  5  9 14  23.8 1007  62  4.5 6  5.6  31   62  342 343 -452  0
3797500 2746500  5  9 15  23.6 1007  85  5.2 8  5.3  29    6  225 364 -452  0
3797500 2746500  5  9 16  24.0 1007  95  4.0 6  5.1  28   80  263 362 -441  0
3797500 2746500  5  9 17  23.3 1007  66  4.1 3  5.1  28  207  188 343 -435  0
3797500 2746500  5  9 18  23.5 1007  68  3.4 1  5.1  28  213  100 321 -425  0
3797500 2746500  5  9 19  23.0 1007  73  4.4 4  5.4  30   67   73 323 -411  0
3797500 2746500  5  9 20  21.7 1008 111  4.6 6  5.5  32    1   13 343 -403  0
3797500 2746500  5  9 21  20.3 1009 103  1.9 6  5.6  36    0    0 350 -396  0
3797500 2746500  5  9 22  18.9 1009  34  1.9 4  6.0  42    0    0 337 -391  0
3797500 2746500  5  9 23  18.3 1010  73  2.6 3  6.0  44    0    0 319 -388  0
3797500 2746500  5  9 24  17.4 1010 110  2.8 3  6.1  48    0    0 313 -386  0
3797500 2746500  5 10  1  14.9 1010  99  1.4 3  6.3  55    0    0 307 -383  0
3797500 2746500  5 10  2  13.6 1010 159  1.5 2  6.4  63    0    0 298 -379  0
3797500 2746500  5 10  3  12.2 1010  64  1.4 2  6.7  72    0    0 290 -377  0
3797500 2746500  5 10  4  13.2 1010  38  1.3 1  7.1  77    0    0 285 -374  0
3797500 2746500  5 10  5  12.4 1010  45  1.6 1  6.9  75    0    0 281 -371  0
3797500 2746500  5 10  6  12.8 1010  85  2.2 2  6.7  73    4   35 283 -370  0
3797500 2746500  5 10  7  14.4 1010 128  1.9 1  6.9  70   54  106 285 -373  0
3797500 2746500  5 10  8  16.4 1011 146  1.4 1  7.1  65  195  146 285 -382  0
3797500 2746500  5 10  9  18.7 1011 117  2.0 1  7.1  56  379  143 292 -395  0
3797500 2746500  5 10 10  20.5 1011 111  2.9 0  6.7  47  509  153 295 -409  0
3797500 2746500  5 10 11  22.1 1011 100  3.6 0  5.6  36  613  157 297 -426  0
3797500 2746500  5 10 12  23.1 1010  68  3.3 0  4.4  26  676  159 301 -444  0
3797500 2746500  5 10 13  22.9 1010 111  4.1 0  4.1  24  701  155 304 -459  0
3797500 2746500  5 10 14  23.5 1010  63  4.9 0  4.1  23  700  137 308 -467  0
3797500 2746500  5 10 15  23.7 1010  27  3.8 0  3.9  21  632  130 309 -467  0
3797500 2746500  5 10 16  23.8 1009  72  3.7 0  4.0  22  528  120 309 -464  0
3797500 2746500  5 10 17  23.7 1009  45  4.1 0  4.2  23  385  114 307 -459  0
3797500 2746500  5 10 18  23.3 1009  74  3.9 0  4.3  24  237  100 303 -449  0
3797500 2746500  5 10 19  23.0 1009  71  2.9 0  4.3  24   96   73 301 -436  0
3797500 2746500  5 10 20  21.4 1009  82  2.5 0  4.4  26    8   21 298 -421  0
3797500 2746500  5 10 21  19.0 1010  87  2.4 0  4.4  30    0    0 293 -405  0
3797500 2746500  5 10 22  17.5 1010  88  2.2 0  4.5  35    0    0 287 -393  0
3797500 2746500  5 10 23  16.0 1011  92  2.3 0  4.8  40    0    0 283 -385  0
3797500 2746500  5 10 24  13.7 1011  70  2.1 0  4.9  46    0    0 279 -380  0
3797500 2746500  5 11  1  13.1 1011  60  1.6 0  5.0  52    0    0 275 -375  0
3797500 2746500  5 11  2  13.2 1011 103  1.1 0  5.1  54    0    0 275 -371  0
3797500 2746500  5 11  3  13.5 1011  80  1.3 0  5.3  56    0    0 277 -368  0
3797500 2746500  5 11  4  11.2 1011  58  1.2 0  5.5  61    0    0 274 -365  0
3797500 2746500  5 11  5  10.7 1011  60  1.4 0  5.7  69    0    0 269 -362  0
3797500 2746500  5 11  6  11.9 1011 102  1.1 0  5.8  69    8   37 270 -360  0
3797500 2746500  5 11  7  15.6 1011 107  1.2 0  6.1  63   87  100 276 -363  0
3797500 2746500  5 11  8  18.6 1012 187  1.2 0  6.5  54  228  132 286 -373  0
3797500 2746500  5 11  9  20.4 1012 318  1.7 0  6.7  48  381  144 293 -390  0
3797500 2746500  5 11 10  22.1 1012 203  2.2 0  6.7  42  508  156 300 -412  0
3797500 2746500  5 11 11  22.7 1011 118  1.5 0  6.2  37  570  183 307 -436  0
3797500 2746500  5 11 12  23.2 1011 172  2.2 1  6.0  34  656  171 313 -458  0
3797500 2746500  5 11 13  23.8 1011 153  2.3 1  5.9  33  725  144 319 -473  0
3797500 2746500  5 11 14  23.9 1010 155  2.1 1  5.6  30  722  127 319 -482  0
3797500 2746500  5 11 15  24.4 1010 126  3.0 1  5.0  27  650  122 319 -485  0
3797500 2746500  5 11 16  24.5 1010 118  3.1 1  5.1  26  540  116 318 -483  0
3797500 2746500  5 11 17  24.3 1009  94  2.0 1  5.1  27  399  109 316 -474  0
3797500 2746500  5 11 18  24.2 1009  98  1.9 0  4.8  26  245   98 311 -462  0
3797500 2746500  5 11 19  23.9 1009  63  1.3 0  4.8  26  101   73 306 -451  0
3797500 2746500  5 11 20  22.1 1009  86  1.3 0  5.0  28    9   22 303 -436  0
3797500 2746500  5 11 21  20.4 1009  40  1.5 0  5.2  33    0    0 299 -422  0
3797500 2746500  5 11 22  18.6 1009  94  1.7 0  5.4  38    0    0 297 -412  0
3797500 2746500  5 11 23  18.3 1009 100  1.8 0  5.7  43    0    0 296 -405  0
3797500 2746500  5 11 24  16.6 1009  12  2.4 0  5.8  46    0    0 294 -399  0
3797500 2746500  5 12  1  16.3 1009  87  2.0 0  6.0  51    0    0 292 -393  0
3797500 2746500  5 12  2  15.1 1009 110  1.3 0  5.9  53    0    0 290 -389  0
3797500 2746500  5 12  3  15.3 1009 186  1.8 0  5.3  49    0    0 286 -387  0
3797500 2746500  5 12  4  14.9 1009 106  1.5 0  5.0  46    0    0 285 -385  0
3797500 2746500  5 12  5  15.7 1009 198  1.8 1  4.8  44    0    0 287 -384  0
3797500 2746500  5 12  6  15.9 1009 196  1.9 1  4.8  43    6   38 289 -383  0
3797500 2746500  5 12  7  17.8 1009 188  1.7 0  5.1  43   75  112 288 -387  0
3797500 2746500  5 12  8  19.7 1009 176  2.0 0  5.6  41  204  158 291 -397  0
3797500 2746500  5 12  9  20.5 1009 198  2.6 0  5.8  40  312  202 296 -409  0
3797500 2746500  5 12 10  22.5 1008 194  2.4 1  6.3  39  435  223 306 -423  0
3797500 2746500  5 12 11  23.6 1008 197  2.8 1  6.7  38  545  230 318 -441  0
3797500 2746500  5 12 12  24.3 1008 239  2.9 0  6.3  34  608  237 321 -457  0
3797500 2746500  5 12 13  24.7 1008 311  3.8 1  5.7  30  556  271 323 -470  0
3797500 2746500  5 12 14  24.9 1007  60  3.9 2  5.5  28  562  247 330 -474  0
3797500 2746500  5 12 15  24.9 1007 226  4.0 2  5.3  27  428  272 331 -476  0
3797500 2746500  5 12 16  25.4 1007  86  3.8 2  5.2  26  405  209 332 -477  0
3797500 2746500  5 12 17  25.2 1006 183  3.4 2  5.3  26  309  170 332 -469  0
3797500 2746500  5 12 18  24.9 1006 259  2.6 3  5.4  27  189  131 332 -461  0
3797500 2746500  5 12 19  23.5 1006 234  2.3 4  5.6  30   47   86 336 -452  0
3797500 2746500  5 12 20  21.6 1006 157  1.5 5  5.9  34    3   19 339 -440  0
3797500 2746500  5 12 21  20.3 1006 212  2.3 7  6.1  39    0    0 347 -430  0
3797500 2746500  5 12 22  17.6 1007 246  2.1 7  6.9  50    0    0 352 -423  0
3797500 2746500  5 12 23  17.3 1008 128  2.3 6  7.5  60    0    0 346 -418  0
3797500 2746500  5 12 24  16.6 1007 209  2.3 6  7.5  62    0    0 342 -413  0
3797500 2746500  5 13  1  16.4 1008 235  2.2 6  7.7  65    0    0 342 -408  0
3797500 2746500  5 13  2  16.4 1007 219  1.8 7  7.6  64    0    0 345 -406  0
3797500 2746500  5 13  3  16.3 1007 209  2.4 7  7.5  64    0    0 350 -405  0
3797500 2746500  5 13  4  15.7 1007 154  2.0 7  7.6  66    0    0 350 -403  0
3797500 2746500  5 13  5  15.1 1007 212  3.5 6  7.7  70    0    0 345 -401  0
3797500 2746500  5 13  6  15.0 1007 232  3.2 7  7.7  72    0    6 345 -400  0
3797500 2746500  5 13  7  15.3 1008 218  2.6 8  7.8  72    0   69 354 -402  0
3797500 2746500  5 13  8  16.2 1008 241  3.0 4  8.0  71  128  172 343 -404  0
3797500 2746500  5 13  9  17.4 1008 226  3.2 3  8.1  67  294  187 326 -409  0
3797500 2746500  5 13 10  18.4 1008 245  3.8 5  8.1  63  260  281 335 -423  0
3797500 2746500  5 13 11  18.7 1008 263  4.4 6  8.1  60  106  360 351 -436  0
3797500 2746500  5 13 12  18.2 1009 262  4.4 7  8.0  60   24  310 361 -446  0
3797500 2746500  5 13 13  16.1 1009 246  3.2 8  8.1  66    0  178 366 -453  0
3797500 2746500  5 13 14  16.9 1009 252  1.0 7  8.3  70    1  240 366 -460  0
3797500 2746500  5 13 15  18.3 1009 176  3.9 5  8.1  64  213  293 357 -463  0
3797500 2746500  5 13 16  17.7 1008 212  3.3 5  8.2  64  441  149 347 -460  0
3797500 2746500  5 13 17  17.7 1008 232  3.2 5  8.4  66  148  210 344 -444  0
3797500 2746500  5 13 18  17.6 1008 179  1.9 7  8.1  64    0   81 350 -427  0
3797500 2746500  5 13 19  16.0 1008 239  2.4 7  7.9  66    0   38 356 -422  0
3797500 2746500  5 13 20  15.9 1008 170  2.2 8  7.8  68    0   12 359 -416  0
3797500 2746500  5 13 21  14.6 1009 190  0.7 8  8.2  75    0    0 364 -409  0
3797500 2746500  5 13 22  14.0 1009 189  1.3 8  8.3  81    0    0 363 -403  0
3797500 2746500  5 13 23  13.9 1010 208  2.4 7  8.1  81    0    0 358 -399  0
3797500 2746500  5 13 24  13.9 1010 213  2.6 5  8.1  81    0    0 342 -394  0
3797500 2746500  5 14  1  13.8 1011 244  1.6 7  8.2  82    0    0 342 -391  0
3797500 2746500  5 14  2  13.2 1011 243  1.3 6  8.1  84    0    0 347 -388  0
3797500 2746500  5 14  3  13.1 1012 279  1.1 7  7.9  84    0    0 346 -385  0
3797500 2746500  5 14  4  12.6 1012 283  1.0 8  7.8  84    0    0 355 -383  0
3797500 2746500  5 14  5  12.4 1012 252  0.6 8  7.7  84    0    0 359 -380  0
3797500 2746500  5 14  6  12.4 1013 243  0.5 8  7.6  84    0    7 359 -378  0
3797500 2746500  5 14  7  12.0 1013 251  1.0 8  7.5  85    0   32 356 -377  0
3797500 2746500  5 14  8  11.7 1014 359  2.2 8  7.4  85    0   48 354 -378  0
3797500 2746500  5 14  9  10.5 1014  24  3.6 8  7.0  85    0   80 351 -382  0
3797500 2746500  5 14 10  10.2 1015  86  1.4 8  6.7  86    0  114 349 -390  0
3797500 2746500  5 14 11  11.0 1016  88  1.1 8  6.7  84    0  158 348 -401  0
3797500 2746500  5 14 12  11.5 1016   6  1.3 7  6.7  81    0  212 342 -408  0
3797500 2746500  5 14 13  12.5 1016 349  1.7 6  6.6  76   56  333 332 -410  0
3797500 2746500  5 14 14  13.4 1017 311  1.4 7  6.0  65   37  312 330 -407  0
3797500 2746500  5 14 15  13.7 1016 292  1.3 7  5.7  59    7  208 332 -407  0
3797500 2746500  5 14 16  14.4 1016 325  1.1 5  5.7  58   99  226 323 -410  0
3797500 2746500  5 14 17  14.9 1016 251  1.7 5  5.5  53   90  198 314 -413  0
3797500 2746500  5 14 18  14.9 1016 300  0.8 5  5.6  53  114  127 315 -412  0
3797500 2746500  5 14 19  14.4 1015  17  0.9 3  5.7  55  129   50 305 -405  0
3797500 2746500  5 14 20  12.7 1016   9  0.6 4  5.9  61   18   20 297 -395  0
3797500 2746500  5 14 21  11.1 1016  12  0.4 4  5.9  68    0    0 292 -385  0
3797500 2746500  5 14 22  10.8 1016 118  0.2 3  5.8  72    0    0 282 -377  0
3797500 2746500  5 14 23  10.3 1016 101  0.8 2  5.8  74    0    0 271 -371  0
3797500 2746500  5 14 24  10.2 1016 101  0.7 1  5.7  74    0    0 262 -366  0
3797500 2746500  5 15  1   9.8 1016  73  1.0 4  5.8  76    0    0 267 -362  0
3797500 2746500  5 15  2   9.6 1016  75  0.9 4  6.0  81    0    0 275 -358  0
3797500 2746500  5 15  3   9.5 1015  79  1.0 2  6.0  82    0    0 267 -355  0
3797500 2746500  5 15  4   9.5 1015  70  1.0 5  6.0  82    0    0 270 -352  0
3797500 2746500  5 15  5   8.7 1014  85  1.4 6  5.9  83    0    0 283 -350  0
3797500 2746500  5 15  6   8.9 1014 104  1.4 6  5.9  84    0   29 285 -351  0
3797500 2746500  5 15  7  11.0 1014 116  1.4 5  6.2  81   29  115 284 -356  0
3797500 2746500  5 15  8  13.0 1013  86  1.5 5  6.4  73   38  191 289 -367  0
3797500 2746500  5 15  9  15.4 1013  91  1.7 5  6.7  66  169  276 301 -383  0
3797500 2746500  5 15 10  16.6 1012 119  2.6 6  7.1  62  131  348 312 -401  0
3797500 2746500  5 15 11  17.0 1011 138  2.2 7  7.1  60   84  384 321 -420  0
3797500 2746500  5 15 12  18.0 1011 170  2.7 7  7.0  56  177  432 328 -436  0
3797500 2746500  5 15 13  18.9 1010 215  2.1 6  7.0  52  179  437 332 -449  0
3797500 2746500  5 15 14  19.5 1010 190  2.3 7  6.9  49  121  411 339 -457  0
3797500 2746500  5 15 15  20.1 1009 146  1.9 6  6.7  47  208  349 345 -461  0
3797500 2746500  5 15 16  20.9 1008 217  2.7 5  6.9  45  219  290 344 -456  0
3797500 2746500  5 15 17  20.4 1007 180  2.0 6  7.1  46   66  237 347 -445  0
3797500 2746500  5 15 18  20.5 1006 184  1.6 6  7.5  49   43  165 352 -439  0
3797500 2746500  5 15 19  19.8 1006 163  1.9 7  7.8  52    7   75 356 -435  0
3797500 2746500  5 15 20  19.6 1006 165  1.5 8  7.6  53    0   11 366 -427  0
3797500 2746500  5 15 21  18.8 1005 223  2.3 7  7.2  51    0    0 364 -420  0
3797500 2746500  5 15 22  18.3 1006 231  3.1 7  7.3  55    0    0 360 -415  0
3797500 2746500  5 15 23  18.2 1006 240  2.9 8  7.8  59    0    0 364 -414  0
3797500 2746500  5 15 24  17.8 1007 229  2.5 8  7.8  60    0    0 369 -414  0
3797500 2746500  5 16  1  17.2 1007 227  2.4 7  7.9  63    0    0 364 -412  0
3797500 2746500  5 16  2  16.9 1006 231  2.6 6  8.0  66    0    0 355 -409  0
3797500 2746500  5 16  3  16.8 1006 221  2.4 6  8.3  68    0    0 352 -406  0
3797500 2746500  5 16  4  16.7 1006 239  2.0 7  8.7  72    0    0 356 -400  0
3797500 2746500  5 16  5  16.4 1006 249  2.9 7  8.9  75    0    0 360 -393  0
3797500 2746500  5 16  6  16.5 1006 261  3.3 6  8.5  72    0   23 355 -391  0
3797500 2746500  5 16  7  16.5 1007 248  3.3 6  8.3  70   19  104 350 -394  0
3797500 2746500  5 16  8  16.8 1007 246  3.4 5  8.3  70   73  185 345 -396  0
3797500 2746500  5 16  9  17.4 1008 238  2.5 5  8.2  67  147  253 342 -399  0
3797500 2746500  5 16 10  17.3 1008 251  3.9 6  8.0  64  181  314 346 -405  0
3797500 2746500  5 16 11  18.4 1008 240  4.4 5  8.1  63  253  350 348 -411  0
3797500 2746500  5 16 12  17.9 1008 253  4.1 5  8.0  61  270  376 343 -422  0
3797500 2746500  5 16 13  19.3 1009 259  3.8 5  7.6  57  311  369 344 -434  0
3797500 2746500  5 16 14  19.5 1009 263  3.0 4  7.6  54  352  334 342 -441  0
3797500 2746500  5 16 15  19.9 1008 258  3.3 4  7.6  53  354  265 339 -447  0
3797500 2746500  5 16 16  20.1 1008 269  2.1 4  7.3  50  223  256 337 -451  0
3797500 2746500  5 16 17  19.6 1008 262  2.2 6  7.3  51   55  213 342 -448  0
3797500 2746500  5 16 18  19.3 1008 302  1.9 6  7.4  52   28  145 345 -440  0
3797500 2746500  5 16 19  18.8 1008 324  1.2 7  7.5  54    0   46 347 -430  0
3797500 2746500  5 16 20  18.1 1008 339  1.5 8  7.7  58    0   10 355 -418  0
3797500 2746500  5 16 21  16.9 1008 356  1.4 7  7.6  61    0    0 352 -408  0
3797500 2746500  5 16 22  16.3 1008 359  1.5 6  7.5  63    0    0 338 -400  0
3797500 2746500  5 16 23  15.6 1009 343  0.9 5  7.4  65    0    0 326 -394  0
3797500 2746500  5 16 24  15.4 1009 137  0.4 6  7.5  68    0    0 324 -390  0
3797500 2746500  5 17  1  14.2 1009  42  0.6 7  7.6  72    0    0 332 -387  0
3797500 2746500  5 17  2  14.5 1009  75  1.2 7  7.7  75    0    0 338 -384  0
3797500 2746500  5 17  3  14.0 1009  35  1.5 7  8.1  79    0    0 341 -380  0
3797500 2746500  5 17  4  13.6 1009  24  2.0 8  8.3  84    0    0 348 -376  0
3797500 2746500  5 17  5  13.1 1010 118  1.3 8  8.4  87    0    0 352 -373  0
3797500 2746500  5 17  6  13.4 1010  42  1.6 8  8.5  89    0   11 352 -371  0
3797500 2746500  5 17  7  13.4 1011  20  1.5 8  8.5  88    0   51 352 -375  0
3797500 2746500  5 17  8  13.7 1011 344  1.2 7  8.4  87    1  124 344 -386  0
3797500 2746500  5 17  9  14.6 1012 346  1.8 5  8.4  83   35  235 331 -403  0
3797500 2746500  5 17 10  14.6 1012 287  1.5 7  8.2  79    6  234 332 -419  0
3797500 2746500  5 17 11  14.8 1013 298  1.5 7  8.4  80   24  299 341 -434  0
3797500 2746500  5 17 12  15.6 1013 222  0.9 7  8.5  78   90  359 345 -447  0
3797500 2746500  5 17 13  16.8 1013 252  1.9 6  8.3  72  153  386 345 -456  0
3797500 2746500  5 17 14  18.3 1013 308  1.3 6  8.2  65  218  364 346 -464  0
3797500 2746500  5 17 15  18.5 1012 291  1.8 6  7.8  59  169  302 349 -468  0
3797500 2746500  5 17 16  18.8 1012 157  2.1 5  7.6  56  394  176 346 -468  0
3797500 2746500  5 17 17  18.5 1011 161  1.3 5  7.9  59  244  183 344 -463  0
3797500 2746500  5 17 18  18.1 1011 174  1.9 5  7.9  60  138  139 342 -449  0
3797500 2746500  5 17 19  17.7 1011 143  1.1 7  8.0  62   14   79 348 -440  0
3797500 2746500  5 17 20  16.8 1010 132  1.7 7  8.1  66    3   21 353 -433  0
3797500 2746500  5 17 21  16.2 1010 139  2.1 7  8.2  70    0    0 352 -425  0
3797500 2746500  5 17 22  16.0 1009 118  1.9 7  8.3  73    0    0 353 -419  0
3797500 2746500  5 17 23  17.2 1008 144  1.7 6  8.2  69    0    0 353 -416  0
3797500 2746500  5 17 24  16.2 1008 162  3.6 5  8.3  70    0    0 345 -413  0
3797500 2746500  5 18  1  15.2 1007 169  3.5 3  8.6  77    0    0 324 -408  0
3797500 2746500  5 18  2  15.4 1006 161  4.4 3  8.8  80    0    0 305 -401  0
3797500 2746500  5 18  3  14.7 1004 147  3.6 3  8.9  83    0    0 301 -395  0
3797500 2746500  5 18  4  15.6 1003 174  5.1 5  9.0  83    0    0 318 -393  0
3797500 2746500  5 18  5  16.1 1002 209  3.4 8  9.2  80    0    0 357 -394  0
3797500 2746500  5 18  6  16.3 1002 189  2.8 7  9.4  81    0    6 376 -397  0
3797500 2746500  5 18  7  16.1 1002 176  2.1 8  9.6  82    0   22 377 -398  0
3797500 2746500  5 18  8  15.6 1002 225  2.2 8  9.9  87    0   46 384 -400  0
3797500 2746500  5 18  9  15.5 1002 268  2.0 8 10.0  89    0   73 385 -403  0
3797500 2746500  5 18 10  15.9 1002 217  2.9 8 10.0  88    0  135 385 -405  0
3797500 2746500  5 18 11  15.6 1003 236  4.2 8 10.0  88    0  155 385 -411  0
3797500 2746500  5 18 12  17.2 1004 226  4.3 5  9.8  83  102  359 373 -424  0
3797500 2746500  5 18 13  18.0 1004 251  4.2 6  9.2  72  251  365 366 -432  0
3797500 2746500  5 18 14  17.7 1004 249  3.9 6  8.3  64  158  360 366 -437  0
3797500 2746500  5 18 15  18.0 1004 249  5.2 5  7.5  58  456  186 358 -442  0
3797500 2746500  5 18 16  18.1 1004 246  5.2 5  7.3  56  435  144 353 -441  0
3797500 2746500  5 18 17  17.6 1004 241  4.6 5  7.4  58   64  206 351 -437  0
3797500 2746500  5 18 18  17.5 1004 246  4.1 6  7.1  56   82  148 352 -432  0
3797500 2746500  5 18 19  17.2 1004 248  2.7 2  6.8  55   80   77 334 -423  0
3797500 2746500  5 18 20  16.3 1004 233  2.3 1  6.9  57   26   28 310 -414  0
3797500 2746500  5 18 21  15.1 1004 184  1.2 2  6.8  61    0    0 305 -406  0
3797500 2746500  5 18 22  14.0 1003 161  1.2 1  6.9  66    0    0 302 -400  0
3797500 2746500  5 18 23  14.2 1003 170  2.6 2  7.2  71    0    0 300 -396  0
3797500 2746500  5 18 24  14.3 1003 171  3.0 5  7.9  77    0    0 318 -391  0
3797500 2746500  5 19  1  14.5 1002 177  2.5 6  8.5  82    0    0 337 -386  0
3797500 2746500  5 19  2  13.6 1001 238  4.7 6  8.0  79    0    0 340 -381  0
3797500 2746500  5 19  3  12.5 1001 249  2.8 6  7.7  81    0    0 337 -378  0
3797500 2746500  5 19  4  12.3 1001 241  3.5 7  7.8  86    0    0 340 -376  0
3797500 2746500  5 19  5  11.5 1001 222  4.7 6  7.5  85    0    5 337 -375  0
3797500 2746500  5 19  6  11.6 1001 214  3.4 3  7.2  84   18   40 315 -374  0
3797500 2746500  5 19  7  11.8 1000 210  4.3 7  7.2  83    0   43 319 -375  0
3797500 2746500  5 19  8  12.0 1000 218  4.8 7  7.3  83    0   47 338 -375  0
3797500 2746500  5 19  9  12.0 1000 217  5.7 8  7.4  84    0   82 343 -378  0
3797500 2746500  5 19 10  12.1  999 230  5.1 8  7.6  86    0  112 349 -387  0
3797500 2746500  5 19 11  12.2  999 231  5.1 8  7.8  86    0  141 349 -394  0
3797500 2746500  5 19 12  12.2 1000 228  7.1 7  7.9  88    0  165 348 -392  0
3797500 2746500  5 19 13  12.3 1000 234  6.2 7  8.1  89    0  180 344 -387  0
3797500 2746500  5 19 14  12.3 1000 233  5.6 8  8.0  89    0  177 346 -390  0
3797500 2746500  5 19 15  13.3 1000 228  6.2 7  8.0  85    0  172 346 -393  0
3797500 2746500  5 19 16  14.2 1000 235  6.1 7  7.5  76    2  170 343 -396  0
3797500 2746500  5 19 17  14.9 1000 229  5.7 6  7.2  69   85  197 339 -399  0
3797500 2746500  5 19 18  15.2 1000 236  4.9 5  7.2  66  222   87 330 -397  0
3797500 2746500  5 19 19  15.1 1000 225  4.4 6  7.1  65   13   76 328 -394  0
3797500 2746500  5 19 20  13.9 1000 223  2.0 5  7.3  70    0   13 325 -388  0
3797500 2746500  5 19 21  12.9 1001 212  4.0 6  7.5  77    0    0 322 -380  0
3797500 2746500  5 19 22  12.6 1001 234  4.3 4  7.4  79    0    0 316 -375  0
3797500 2746500  5 19 23  12.7 1001 224  3.7 4  7.2  78    0    0 308 -373  0
3797500 2746500  5 19 24  12.6 1001 202  2.6 6  7.2  78    0    0 318 -372  0
3797500 2746500  5 20  1  12.5 1000 181  2.8 7  7.3  79    0    0 331 -371  0
3797500 2746500  5 20  2  12.0 1000 179  3.1 6  7.0  78    0    0 328 -370  0
3797500 2746500  5 20  3  11.3  998 170  3.4 3  6.9  79    0    0 306 -370  0
3797500 2746500  5 20  4  11.6  997 177  3.6 4  6.8  80    0    0 291 -371  0
3797500 2746500  5 20  5  11.7  996 172  4.7 7  6.8  78    0    0 312 -371  0
3797500 2746500  5 20  6  12.0  995 171  4.8 7  6.8  77    0   11 328 -372  0
3797500 2746500  5 20  7  12.4  994 170  5.1 8  6.8  76    0   31 336 -374  0
3797500 2746500  5 20  8  11.4  993 169  6.3 7  7.1  80    0   78 335 -380  0
3797500 2746500  5 20  9  11.8  991 170  6.3 6  7.4  85   24  214 324 -390  0
3797500 2746500  5 20 10  12.1  990 170  6.2 6  7.6  85    5  222 321 -397  0
3797500 2746500  5 20 11  11.8  989 171  4.8 8  7.7  86    0  100 336 -396  0
3797500 2746500  5 20 12  12.4  988 168  4.2 7  7.9  88    0  167 346 -388  0
3797500 2746500  5 20 13  14.4  987 170  4.7 5  8.3  84   96  337 338 -380  0
3797500 2746500  5 20 14   9.1  985 249  6.2 6  7.4  84   20  276 326 -379  0
3797500 2746500  5 20 15  10.4  986 207  2.5 6  6.9  88   28  240 326 -384  0
3797500 2746500  5 20 16  10.2  986 200  5.2 7  7.1  88   26  210 333 -396  0
3797500 2746500  5 20 17  10.1  987 238  4.2 7  6.9  87    0  112 337 -400  0
3797500 2746500  5 20 18  10.5  987 228  5.8 7  6.9  86    4  112 335 -388  0
3797500 2746500  5 20 19  11.0  988 250  5.3 8  7.0  84    0   48 340 -381  0
3797500 2746500  5 20 20  10.9  989 240  5.2 7  7.1  84    1   20 341 -377  0
3797500 2746500  5 20 21  11.4  990 226  3.6 7  6.9  82    0    0 337 -373  0
3797500 2746500  5 20 22  10.8  991 229  5.0 8  7.1  84    0    0 341 -371  0
3797500 2746500  5 20 23  10.7  991 229  5.8 8  7.3  88    0    0 346 -371  0
3797500 2746500  5 20 24  11.2  991 239  5.5 8  7.1  85    0    0 345 -371  0
3797500 2746500  5 21  1  11.2  992 239  5.4 7  7.0  82    0    0 340 -370  0
3797500 2746500  5 21  2  11.2  993 236  5.4 7  7.0  83    0    0 336 -367  0
3797500 2746500  5 21  3  10.9  994 238  5.1 8  7.1  85    0    0 343 -365  0
3797500 2746500  5 21  4  10.8  994 239  3.8 8  7.1  86    0    0 347 -365  0
3797500 2746500  5 21  5  10.8  995 240  3.6 8  7.1  86    0    0 348 -363  0
3797500 2746500  5 21  6  10.6  995 228  3.1 8  7.2  88    0   12 349 -362  0
3797500 2746500  5 21  7  11.3  996 230  3.1 8  7.3  88    0   62 349 -361  0
3797500 2746500  5 21  8  12.1  997 238  3.5 8  7.3  84    1  131 351 -362  0
3797500 2746500  5 21  9  13.2  997 221  3.7 8  7.3  79   20  225 353 -365  0
3797500 2746500  5 21 10  15.1  998 213  4.3 6  7.4  72   68  310 348 -366  0
3797500 2746500  5 21 11  14.9  998 222  5.8 5  7.2  67   76  347 337 -371  0
3797500 2746500  5 21 12  14.2  998 217  5.7 5  7.0  67   58  353 330 -381  0
3797500 2746500  5 21 13  15.2  998 231  5.3 5  6.9  65  113  382 329 -389  0
3797500 2746500  5 21 14  14.8  998 215  4.1 8  6.9  64    3  246 343 -390  0
3797500 2746500  5 21 15  15.3  998 224  4.1 7  7.2  66    0  190 353 -394  0
3797500 2746500  5 21 16  15.8  998 209  4.0 6  7.3  65    9  198 345 -400  0
3797500 2746500  5 21 17  15.8  998 173  2.5 8  7.5  66    2  153 349 -401  0
3797500 2746500  5 21 18  16.1  998 168  3.3 6  7.8  68   39  150 348 -397  0
3797500 2746500  5 21 19  16.2  997 177  3.0 7  7.9  68    7   75 343 -391  0
3797500 2746500  5 21 20  15.9  997 174  3.5 5  7.9  68    8   29 337 -387  0
3797500 2746500  5 21 21  14.8  997 171  3.3 5  8.0  72    0    0 325 -384  0
3797500 2746500  5 21 22  15.2  996 155  4.8 5  8.0  74    0    0 325 -381  0
3797500 2746500  5 21 23  14.8  996 152  4.4 7  8.1  74    0    0 336 -380  0
3797500 2746500  5 21 24  14.2  995 216  2.4 8  8.5  81    0    0 351 -380  0
3797500 2746500  5 22  1  13.6  996 217  2.5 6  8.8  87    0    0 344 -380  0
3797500 2746500  5 22  2  12.7  996 140  3.5 5  8.7  90    0    0 328 -380  0
3797500 2746500  5 22  3  12.5  994 141  2.8 2  8.3  90    0    0 308 -381  0
3797500 2746500  5 22  4  12.7  993 130  2.9 3  8.1  88    0    0 300 -380  0
3797500 2746500  5 22  5  13.5  992 169  3.7 4  8.0  83    0    4 313 -379  0
3797500 2746500  5 22  6  13.9  992 155  4.4 6  8.0  80    0   14 329 -379  0
3797500 2746500  5 22  7  13.2  992 209  2.8 7  8.4  85    0   20 344 -379  0
3797500 2746500  5 22  8  13.0  993 172  2.4 8  8.8  92    0   46 352 -381  0
3797500 2746500  5 22  9  13.7  993 169  3.4 8  9.0  92    0  102 359 -385  0
3797500 2746500  5 22 10  15.2  993 167  3.9 8  9.4  89   19  279 364 -395  0
3797500 2746500  5 22 11  16.4  993 169  5.2 7  9.6  83   66  357 365 -408  0
3797500 2746500  5 22 12  17.9  993 175  5.8 6  9.4  75  183  416 360 -420  0
3797500 2746500  5 22 13  18.7  992 199  5.8 4  8.6  64  374  386 349 -429  0
3797500 2746500  5 22 14  18.0  992 194  3.9 6  7.6  56   33  328 347 -429  0
3797500 2746500  5 22 15  18.4  992 204  4.2 7  7.2  54    0  142 360 -422  0
3797500 2746500  5 22 16  17.9  993 191  2.5 7  7.3  55    0  128 364 -417  0
3797500 2746500  5 22 17  17.2  992 170  3.5 6  7.5  59   16  192 357 -411  0
3797500 2746500  5 22 18  16.9  992 180  3.4 6  7.9  64  137  167 351 -405  0
3797500 2746500  5 22 19  16.5  992 209  3.8 6  8.3  68   16   86 350 -398  0
3797500 2746500  5 22 20  15.4  993 220  4.7 6  8.3  72   28   40 347 -391  0
3797500 2746500  5 22 21  13.3  994 230  5.3 6  8.0  76    0    0 340 -386  0
3797500 2746500  5 22 22  13.1  995 219  5.0 6  7.9  82    0    0 336 -382  0
3797500 2746500  5 22 23  13.1  996 229  6.8 5  7.7  80    0    0 330 -379  0
3797500 2746500  5 22 24  13.2  996 218  6.7 6  7.4  78    0    0 330 -376  0
3797500 2746500  5 23  1  13.0  997 229  6.0 6  7.2  76    0    0 334 -373  0
3797500 2746500  5 23  2  13.0  998 230  5.9 7  7.1  75    0    0 339 -371  0
3797500 2746500  5 23  3  12.3  999 233  5.4 8  6.9  74    0    0 348 -370  0
3797500 2746500  5 23  4  12.0 1000 228  6.0 8  6.8  76    0    0 352 -369  0
3797500 2746500  5 23  5  11.7 1000 231  5.2 8  6.8  78    0    0 351 -367  0
3797500 2746500  5 23  6  11.2 1001 229  5.6 8  6.6  78    0    8 349 -365  0
3797500 2746500  5 23  7  11.2 1002 227  5.6 8  6.4  76    0   38 348 -365  0
3797500 2746500  5 23  8  11.0 1003 235  5.0 8  6.2  75    0   76 346 -365  0
3797500 2746500  5 23  9  11.1 1004 231  5.7 8  6.2  74    0  109 346 -365  0
3797500 2746500  5 23 10  11.1 1005 229  4.5 7  6.3  76    0  128 340 -366  0
3797500 2746500  5 23 11  10.2 1006 230  5.6 7  6.5  81    0  146 332 -367  0
3797500 2746500  5 23 12   9.4 1007 252  5.0 8  6.6  87    0  130 331 -373  0
3797500 2746500  5 23 13  10.0 1008 253  3.0 8  6.7  89    0  136 330 -383  0
3797500 2746500  5 23 14  10.3 1009 237  3.0 8  6.9  88    2  252 327 -393  0
3797500 2746500  5 23 15   9.4 1010 214  4.0 8  6.5  85    0  140 322 -398  0
3797500 2746500  5 23 16   8.6 1010 247  3.8 7  6.1  85    2  185 311 -397  0
3797500 2746500  5 23 17  10.5 1011 234  3.5 4  6.2  84  179  277 293 -396  0
3797500 2746500  5 23 18  11.4 1011 209  3.0 3  6.3  77  178  196 280 -391  0
3797500 2746500  5 23 19  11.0 1011 240  2.7 2  6.1  74  106  127 272 -385  0
3797500 2746500  5 23 20   9.6 1011 224  2.0 3  6.0  77   16   41 270 -376  0
3797500 2746500  5 23 21   9.5 1012 209  1.0 4  6.2  83    0    0 276 -366  0
3797500 2746500  5 23 22   8.8 1013 194  1.5 2  6.2  86    0    0 272 -361  0
3797500 2746500  5 23 23   8.8 1013 207  1.9 2  6.0  85    0    0 263 -359  0
3797500 2746500  5 23 24   8.7 1013 219  2.5 3  5.8  83    0    0 268 -357  0
3797500 2746500  5 24  1   8.4 1014 209  2.7 2  5.8  83    0    0 267 -354  0
3797500 2746500  5 24  2   8.0 1014 212  2.4 0  5.6  83    0    0 254 -351  0
3797500 2746500  5 24  3   8.0 1013 211  2.8 0  5.5  83    0    0 245 -349  0
3797500 2746500  5 24  4   8.3 1013 213  2.7 2  5.5  82    0    0 252 -348  0
3797500 2746500  5 24  5   8.0 1013 203  2.2 3  5.5  82    0    9 263 -346  0
3797500 2746500  5 24  6   9.2 1013 214  3.3 1  5.5  79   42   51 258 -345  0
3797500 2746500  5 24  7  10.5 1013 213  3.4 2  5.6  75  151   94 254 -347  0
3797500 2746500  5 24  8  11.7 1013 212  3.4 2  5.8  71  250  145 261 -355  0
3797500 2746500  5 24  9  12.6 1013 222  4.9 3  6.0  68  237  236 270 -368  0
3797500 2746500  5 24 10  12.9 1013 238  4.2 7  5.8  63   77  311 296 -382  0
3797500 2746500  5 24 11  13.1 1013 219  6.5 6  5.6  60   90  348 312 -393  0
3797500 2746500  5 24 12  14.2 1012 229  6.0 6  5.7  58  120  381 310 -398  0
3797500 2746500  5 24 13  13.6 1012 221  5.7 7  6.0  60   94  368 317 -395  0
3797500 2746500  5 24 14  13.3 1011 224  5.6 6  5.7  59  132  357 315 -396  0
3797500 2746500  5 24 15  14.0 1011 234  5.0 7  5.4  55   46  290 315 -402  0
3797500 2746500  5 24 16  14.4 1011 220  4.2 7  5.5  55   24  236 323 -407  0
3797500 2746500  5 24 17  13.5 1010 219  4.2 7  5.9  60   40  205 324 -407  0
3797500 2746500  5 24 18  13.4 1010 239  5.7 5  6.3  65   42  149 315 -401  0
3797500 2746500  5 24 19  13.1 1010 232  5.4 5  6.1  64   25   89 306 -393  0
3797500 2746500  5 24 20  12.5 1010 222  5.4 6  6.2  67    0   21 311 -383  0
3797500 2746500  5 24 21  10.0 1010 264  3.0 7  6.3  75    0    0 315 -375  0
3797500 2746500  5 24 22   9.9 1011 244  2.9 8  6.3  82    0    0 318 -370  0
3797500 2746500  5 24 23   9.5 1012 245  2.3 8  6.3  84    0    0 321 -368  0
3797500 2746500  5 24 24  10.0 1012 206  2.5 7  6.3  83    0    0 318 -366  0
3797500 2746500  5 25  1  10.2 1011 221  2.4 7  6.4  83    0    0 317 -365  0
3797500 2746500  5 25  2   9.8 1011 214  2.5 7  6.6  86    0    0 318 -365  0
3797500 2746500  5 25  3  10.0 1011 215  2.1 6  6.7  88    0    0 315 -364  0
3797500 2746500  5 25  4   9.9 1010 207  1.4 6  6.9  90    0    0 313 -363  0
3797500 2746500  5 25  5   9.6 1010 200  1.3 7  6.9  92    0    8 319 -362  0
3797500 2746500  5 25  6   9.6 1009 221  4.0 5  6.9  92    3   35 315 -362  0
3797500 2746500  5 25  7  10.0 1009 231  3.8 8  6.8  90    1   76 321 -363  0
3797500 2746500  5 25  8   9.9 1009 229  3.5 8  6.6  86    0   88 336 -364  0
3797500 2746500  5 25  9  10.2 1009 220  2.2 8  6.6  86    0  125 338 -365  0
3797500 2746500  5 25 10  10.8 1009 227  2.7 8  6.8  86    0  154 342 -368  0
3797500 2746500  5 25 11  10.6 1009 220  2.2 8  7.1  88    0  161 345 -371  0
3797500 2746500  5 25 12  11.1 1009 221  2.4 7  7.5  92    0  169 343 -372  0
3797500 2746500  5 25 13  11.5 1009 232  3.4 7  7.8  93    0  145 341 -373  0
3797500 2746500  5 25 14  12.1 1008 229  3.5 8  8.0  93    0  110 349 -374  0
3797500 2746500  5 25 15  12.5 1009 231  2.8 8  8.4  93    0  101 357 -376  0
3797500 2746500  5 25 16  13.4 1009 239  3.2 7  8.5  91    1  179 355 -377  0
3797500 2746500  5 25 17  14.2 1009 269  2.9 6  8.3  84   87  172 349 -377  0
3797500 2746500  5 25 18  14.1 1009 260  2.4 7  8.0  79   44  126 350 -378  0
3797500 2746500  5 25 19  13.8 1010 289  2.3 8  7.6  76    6   67 359 -378  0
3797500 2746500  5 25 20  12.8 1010 318  1.4 6  7.2  75    0    8 351 -379  0
3797500 2746500  5 25 21  12.0 1011 282  0.8 6  6.9  77    0    0 338 -379  0
3797500 2746500  5 25 22  11.8 1012 275  0.7 6  6.7  76    0    0 336 -379  0
3797500 2746500  5 25 23  11.1 1013 318  0.6 6  6.4  75    0    0 334 -379  0
3797500 2746500  5 25 24   9.7 1013 252  0.1 5  6.0  76    0    0 325 -380  0
3797500 2746500  5 26  1   9.1 1014 258  0.0 3  5.8  80    0    0 305 -380  0
3797500 2746500  5 26  2   7.5 1014 200  0.7 3  5.9  86    0    0 290 -380  0
3797500 2746500  5 26  3   7.0 1014 199  0.3 1  5.8  91    0    0 274 -380  0
3797500 2746500  5 26  4   7.5 1014 198  0.5 4  5.8  91    0    0 280 -380  0
3797500 2746500  5 26  5   8.6 1014 179  1.2 7  6.0  90    0    3 320 -380  0
3797500 2746500  5 26  6   9.2 1014 179  1.3 7  6.2  87    0   23 341 -380  0
3797500 2746500  5 26  7  10.3 1014 169  2.1 8  6.3  84    0   78 349 -380  0
3797500 2746500  5 26  8  11.6 1013 169  2.1 7  6.5  80   13  189 350 -380  0
3797500 2746500  5 26  9  12.7 1013 169  2.5 7  6.9  78   31  285 347 -381  0
3797500 2746500  5 26 10  13.0 1013 188  2.3 7  7.1  77    1  219 349 -381  0
3797500 2746500  5 26 11  12.6 1013 180  1.5 7  7.5  81    0  165 350 -383  0
3797500 2746500  5 26 12  12.5 1012 169  2.1 7  8.1  89    0  177 351 -384  0
3797500 2746500  5 26 13  12.7 1011 161  2.6 8  8.4  92    0  149 359 -384  0
3797500 2746500  5 26 14  13.3 1010 199  1.7 7  8.6  92    0  136 362 -385  0
3797500 2746500  5 26 15  13.8 1009 221  2.0 7  8.9  91    0  121 358 -385  0
3797500 2746500  5 26 16  14.3 1008 250  3.2 8  9.1  90    0  104 366 -386  0
3797500 2746500  5 26 17  14.9 1007 251  3.5 7  9.4  90    0  116 368 -386  0
3797500 2746500  5 26 18  14.7 1007 260  4.5 8  9.4  89    0   97 367 -386  0
3797500 2746500  5 26 19  14.9 1007 260  3.7 7  9.3  88    0   44 366 -385  0
3797500 2746500  5 26 20  15.0 1007 269  2.7 8  9.3  87    0   10 367 -385  0
3797500 2746500  5 26 21  15.0 1007 270  4.0 8  9.3  87    0    0 375 -385  0
3797500 2746500  5 26 22  14.9 1009 258  4.2 8  9.3  87    0    0 377 -384  0
3797500 2746500  5 26 23  15.1 1009 271  4.0 7  9.3  87    0    0 371 -383  0
3797500 2746500  5 26 24  14.8 1010 281  3.7 7  9.1  85    0    0 364 -381  0
3797500 2746500  5 27  1  14.9 1011 271  3.8 8  9.0  85    0    0 371 -379  0
3797500 2746500  5 27  2  14.6 1011 276  3.5 8  9.2  88    0    0 376 -378  0
3797500 2746500  5 27  3  14.6 1012 250  3.1 8  9.4  90    0    0 376 -376  0
3797500 2746500  5 27  4  14.5 1012 240  2.8 8  9.3  90    0    0 376 -374  0
3797500 2746500  5 27  5  14.5 1012 250  3.8 7  9.3  90    0    0 368 -372  0
3797500 2746500  5 27  6  14.4 1012 249  3.2 7  9.3  90    0   10 360 -370  0
3797500 2746500  5 27  7  14.2 1013 249  3.9 8  9.3  91    0   28 364 -371  0
3797500 2746500  5 27  8  13.9 1013 242  3.8 8  9.1  91    0   46 367 -374  0
3797500 2746500  5 27  9  13.9 1014 235  3.8 8  9.0  91    0   71 362 -376  0
3797500 2746500  5 27 10  14.0 1014 235  3.2 8  9.0  91    0   87 358 -381  0
3797500 2746500  5 27 11  14.3 1014 216  4.0 8  9.1  90    0  103 358 -390  0
3797500 2746500  5 27 12  13.7 1014 247  2.9 8  9.2  92    0  105 359 -395  0
3797500 2746500  5 27 13  13.9 1014 242  3.8 8  9.3  94    0  118 359 -396  0
3797500 2746500  5 27 14  14.5 1014 247  3.1 8  9.3  92    0  116 362 -395  0
3797500 2746500  5 27 15  14.5 1013 239  4.1 7  9.1  88    0  108 360 -391  0
3797500 2746500  5 27 16  14.2 1013 241  3.7 7  9.1  89    0   92 355 -389  0
3797500 2746500  5 27 17  14.0 1012 239  3.0 8  9.3  92    0   86 359 -387  0
3797500 2746500  5 27 18  13.8 1011 235  2.7 7  9.4  94    0   75 358 -386  0
3797500 2746500  5 27 19  13.9 1010 248  3.1 6  9.2  93    5   57 347 -385  0
3797500 2746500  5 27 20  14.1 1010 249  2.7 7  9.3  92    0   17 348 -385  0
3797500 2746500  5 27 21  14.1 1009 252  2.6 8  9.3  92    0    0 359 -385  0
3797500 2746500  5 27 22  14.0 1009 256  3.2 7  9.2  91    0    0 361 -385  0
3797500 2746500  5 27 23  14.1 1009 260  3.0 7  9.1  90    0    0 355 -385  0
3797500 2746500  5 27 24  13.8 1009 248  2.9 7  9.0  90    0    0 354 -385  0
3797500 2746500  5 28  1  13.8 1008 258  2.4 8  9.0  91    0    0 362 -385  0
3797500 2746500  5 28  2  13.8 1008 259  3.0 8  9.0  91    0    0 371 -384  0
3797500 2746500  5 28  3  13.7 1008 261  3.0 8  8.9  90    0    0 370 -383  0
3797500 2746500  5 28  4  13.6 1008 261  3.7 8  8.9  91    0    0 370 -382  0
3797500 2746500  5 28  5  13.3 1008 263  2.7 8  8.8  90    0    0 369 -381  0
3797500 2746500  5 28  6  13.3 1008 280  2.3 8  8.4  88    0   19 367 -380  0
3797500 2746500  5 28  7  13.0 1009 270  3.2 8  8.0  84    0   56 363 -379  0
3797500 2746500  5 28  8  12.9 1009 265  4.2 7  7.4  80   29  172 354 -380  0
3797500 2746500  5 28  9  14.0 1010 286  4.2 7  7.1  73   91  244 348 -384  0
3797500 2746500  5 28 10  13.8 1010 280  4.1 7  6.6  66  105  297 346 -391  0
3797500 2746500  5 28 11  13.7 1010 268  3.3 7  6.3  64  139  333 344 -397  0
3797500 2746500  5 28 12  14.6 1011 266  4.7 5  6.3  62  297  320 333 -402  0
3797500 2746500  5 28 13  15.5 1011 267  4.4 5  6.2  58  333  309 324 -408  0
3797500 2746500  5 28 14  14.8 1011 280  4.1 6  6.1  57  176  325 326 -413  0
3797500 2746500  5 28 15  15.3 1011 306  4.2 6  5.9  55   86  289 326 -415  0
3797500 2746500  5 28 16  14.4 1011 316  3.8 4  5.9  56  193  242 313 -413  0
3797500 2746500  5 28 17  14.1 1011 303  3.8 5  5.8  57  145  193 304 -408  0
3797500 2746500  5 28 18  13.6 1012 311  3.7 5  5.8  58  101  139 306 -400  0
3797500 2746500  5 28 19  13.5 1012 308  2.7 6  5.7  59   51   84 310 -394  0
3797500 2746500  5 28 20  13.0 1012 300  2.5 6  5.5  58    1   24 315 -390  0
3797500 2746500  5 28 21  12.6 1012 302  1.7 7  5.5  60    0    0 319 -384  0
3797500 2746500  5 28 22  12.3 1011 262  1.0 7  5.9  65    0    0 323 -376  0
3797500 2746500  5 28 23  11.9 1011 258  1.2 7  6.1  69    0    0 323 -372  0
3797500 2746500  5 28 24  11.3 1011 241  1.2 7  6.2  72    0    0 323 -367  0
3797500 2746500  5 29  1  11.1 1011 209  1.2 8  6.3  76    0    0 329 -364  0
3797500 2746500  5 29  2  11.1 1010 245  1.8 7  6.4  77    0    0 331 -362  0
3797500 2746500  5 29  3  10.9 1009 214  2.3 8  6.4  78    0    0 332 -362  0
3797500 2746500  5 29  4  10.7 1009 223  2.3 7  6.5  80    0    0 334 -363  0
3797500 2746500  5 29  5  10.7 1008 210  1.9 8  6.5  80    0    0 335 -364  0
3797500 2746500  5 29  6  10.7 1007 209  1.8 8  6.5  81    0   12 342 -365  0
3797500 2746500  5 29  7  11.4 1007 206  2.0 8  6.6  80    0   30 344 -366  0
3797500 2746500  5 29  8  11.6 1006 210  2.4 8  6.7  78    0   60 346 -369  0
3797500 2746500  5 29  9  12.1 1006 217  2.4 6  6.9  79   16  236 338 -370  0
3797500 2746500  5 29 10  10.8 1005 248  2.3 7  7.0  82    1  221 330 -373  0
3797500 2746500  5 29 11  11.9 1004 235  3.3 6  7.3  87   14  302 328 -382  0
3797500 2746500  5 29 12  10.5 1004 230  3.6 7  7.3  88    9  292 327 -392  0
3797500 2746500  5 29 13  11.5 1004 221  3.9 7  7.1  86   11  300 328 -392  0
3797500 2746500  5 29 14  11.3 1003 242  3.2 8  7.1  84    0  225 332 -387  0
3797500 2746500  5 29 15  11.9 1003 215  1.8 7  6.9  80   22  286 330 -386  0
3797500 2746500  5 29 16  13.4 1002 312  3.9 7  5.9  64   55  279 326 -389  0
3797500 2746500  5 29 17  14.3 1002 337  3.3 4  4.7  48  194  255 313 -392  0
3797500 2746500  5 29 18  13.4 1002 321  2.9 4  4.5  45   74  179 299 -388  0
3797500 2746500  5 29 19  12.8 1002 325  2.7 7  4.6  49    3   76 308 -375  0
3797500 2746500  5 29 20  11.8 1002 308  2.3 6  4.8  53    0   13 314 -366  0
3797500 2746500  5 29 21   9.6 1002 329  2.0 6  5.0  62    0    0 307 -363  0
3797500 2746500  5 29 22   9.4 1003 290  1.1 6  5.3  70    0    0 305 -363  0
3797500 2746500  5 29 23   9.3 1004 326  2.3 6  5.3  72    0    0 305 -362  0
3797500 2746500  5 29 24   8.5 1004 323  2.3 6  5.4  75    0    0 305 -361  0
3797500 2746500  5 30  1   8.3 1004 328  1.7 8  5.5  79    0    0 313 -359  0
3797500 2746500  5 30  2   7.5 1004 327  1.7 8  5.5  82    0    0 319 -357  0
3797500 2746500  5 30  3   7.2 1004 336  0.9 8  5.6  86    0    0 316 -355  0
3797500 2746500  5 30  4   7.5 1004 316  1.0 8  5.7  89    0    0 315 -352  0
3797500 2746500  5 30  5   7.8 1004 294  0.6 7  6.0  90    1   10 312 -351  0
3797500 2746500  5 30  6   7.8 1005 305  1.4 6  6.0  90    0   32 303 -349  0
3797500 2746500  5 30  7   8.6 1005 306  2.1 7  5.9  86   45   91 303 -350  0
3797500 2746500  5 30  8   8.6 1006 287  1.6 7  5.8  83  102  148 310 -352  0
3797500 2746500  5 30  9   9.0 1006 288  1.9 6  5.7  80  145  200 309 -357  0
3797500 2746500  5 30 10  10.4 1006 287  2.0 6  5.5  73  308  187 311 -361  0
3797500 2746500  5 30 11   9.8 1006 336  0.8 8  5.2  67   38  286 323 -370  0
3797500 2746500  5 30 12  10.2 1006 288  1.7 6  5.2  68   72  306 321 -373  0
3797500 2746500  5 30 13   8.8 1006 334  1.7 6  5.6  76  176  295 311 -375  0
3797500 2746500  5 30 14  10.1 1006 354  2.8 8  5.6  76    0  204 315 -375  0
3797500 2746500  5 30 15  10.3 1006 326  3.4 5  5.6  72  178  241 312 -373  0
3797500 2746500  5 30 16  10.5 1006 356  1.6 6  5.6  71  187  192 304 -375  0
3797500 2746500  5 30 17  10.7 1006 265  1.2 8  5.6  70   20  177 314 -372  0
3797500 2746500  5 30 18   8.0 1006 323  3.2 8  5.6  76    0   98 318 -368  0
3797500 2746500  5 30 19   8.8 1006 323  2.0 7  5.5  80   26   77 312 -366  0
3797500 2746500  5 30 20   9.2 1006 313  1.9 6  5.5  76   40   20 306 -364  0
3797500 2746500  5 30 21   8.1 1006 298  0.6 5  5.3  75    0    0 298 -360  0
3797500 2746500  5 30 22   7.3 1007 249  0.2 3  5.1  78    0    0 282 -359  0
3797500 2746500  5 30 23   7.5 1007 248  0.5 3  5.2  80    0    0 273 -358  0
3797500 2746500  5 30 24   7.0 1008 251  0.7 1  5.1  80    0    0 264 -358  0
3797500 2746500  5 31  1   6.8 1008 251  1.1 1  5.1  82    0    0 254 -358  0
3797500 2746500  5 31  2   6.4 1008 241  0.6 1  5.1  83    0    0 254 -357  0
3797500 2746500  5 31  3   6.6 1008 240  0.6 3  5.1  85    0    0 264 -356  0
3797500 2746500  5 31  4   6.9 1008 241  0.8 6  5.3  86    0    0 290 -354  0
3797500 2746500  5 31  5   7.0 1008 215  1.6 6  5.4  86    0    0 306 -352  0
3797500 2746500  5 31  6   7.6 1008 241  1.3 7  5.5  86    0   20 313 -350  0
3797500 2746500  5 31  7   8.1 1009 241  2.0 7  5.8  87    0   54 321 -349  0
3797500 2746500  5 31  8   8.3 1009 269  1.7 8  6.0  88    0   67 328 -349  0
3797500 2746500  5 31  9   9.4 1009 284  2.6 8  6.3  88    0  127 336 -351  0
3797500 2746500  5 31 10   9.5 1010 284  1.5 7  6.5  88    0  157 332 -357  0
3797500 2746500  5 31 11  10.6 1010 284  1.9 7  6.2  81    0  173 327 -364  0
3797500 2746500  5 31 12  10.9 1010 310  1.0 8  6.0  75    0  163 331 -371  0
3797500 2746500  5 31 13  11.1 1011 315  2.8 8  6.1  74    0  165 332 -379  0
3797500 2746500  5 31 14  11.4 1011 298  1.4 8  6.0  72    0  176 328 -379  0
3797500 2746500  5 31 15  11.9 1011 306  1.7 8  6.1  71    0  150 326 -373  0
3797500 2746500  5 31 16  11.7 1011 309  2.8 8  6.1  70    0  125 325 -374  0
3797500 2746500  5 31 17  11.5 1012 301  2.9 8  6.2  73    0  136 323 -375  0
3797500 2746500  5 31 18  11.8 1012 309  3.6 7  6.4  75   15  116 319 -367  0
3797500 2746500  5 31 19  10.7 1012 320  3.0 8  6.3  76    2   60 319 -361  0
3797500 2746500  5 31 20  10.5 1013 311  3.8 7  6.0  76    0   21 317 -355  0
3797500 2746500  5 31 21  11.4 1014 306  2.6 7  5.8  72    0    0 314 -351  0
3797500 2746500  5 31 22  10.3 1014 324  2.8 7  5.7  70    0    0 312 -348  0
3797500 2746500  5 31 23  10.1 1015 314  2.3 7  5.4  70    0    0 310 -346  0
3797500 2746500  5 31 24   9.8 1015 310  2.0 7  5.4  70    0    0 310 -345  0
3797500 2746500  6  1  1   9.5 1016 320  2.4 8  5.2  70    0    0 314 -344  0
3797500 2746500  6  1  2   8.9 1016 277  1.6 8  5.3  73    0    0 316 -343  0
3797500 2746500  6  1  3   8.8 1015 267  1.1 8  5.5  77    0    0 315 -343  0
3797500 2746500  6  1  4   8.6 1015 287  2.3 8  5.5  79    0    0 316 -342  0
3797500 2746500  6  1  5   8.1 1015 274  1.4 8  5.5  81    0    6 316 -342  0
3797500 2746500  6  1  6   8.3 1015 269  1.6 7  5.5  82    0   32 311 -342  0
3797500 2746500  6  1  7   8.1 1015 285  1.2 8  5.4  80    0   27 310 -345  0
3797500 2746500  6  1  8   8.6 1015 281  3.4 8  5.2  77    0   90 315 -349  0
3797500 2746500  6  1  9   8.9 1015 285  3.0 8  5.2  74    0  137 318 -357  0
3797500 2746500  6  1 10   9.0 1015 299  4.1 8  5.1  72    0  135 318 -367  0
3797500 2746500  6  1 11   9.1 1015 278  3.0 7  5.3  74    4  255 312 -374  0
3797500 2746500  6  1 12   9.3 1015 314  4.2 6  5.6  77   95  345 304 -381  0
3797500 2746500  6  1 13  10.7 1015 321  4.3 5  5.7  75  259  334 299 -391  0
3797500 2746500  6  1 14  11.1 1015 296  3.1 6  5.8  72  206  332 302 -398  0
3797500 2746500  6  1 15  11.3 1015 323  3.6 7  5.7  69   32  281 309 -405  0
3797500 2746500  6  1 16  12.1 1015 348  4.9 7  5.5  64   67  262 313 -410  0
3797500 2746500  6  1 17  12.5 1015 322  4.8 4  5.3  60  224  179 303 -407  0
3797500 2746500  6  1 18  12.1 1015 322  3.7 6  5.3  60   28  151 300 -402  0
3797500 2746500  6  1 19  11.8 1016 337  3.8 8  5.4  62    1   70 313 -396  0
3797500 2746500  6  1 20  11.3 1016 337  3.5 7  5.5  65    0   22 317 -388  0
3797500 2746500  6  1 21  10.7 1017 323  2.0 7  5.6  69    0    1 313 -378  0
3797500 2746500  6  1 22  10.1 1018 338  2.7 6  5.7  73    0    0 307 -367  0
3797500 2746500  6  1 23   9.7 1018 330  2.5 4  5.8  76    0    0 294 -359  0
3797500 2746500  6  1 24   9.4 1019 328  2.2 3  5.8  78    0    0 283 -353  0
3797500 2746500  6  2  1   9.3 1019 329  2.6 7  5.8  80    0    0 292 -349  0
3797500 2746500  6  2  2   9.2 1020 323  2.9 8  5.9  82    0    0 308 -345  0
3797500 2746500  6  2  3   9.4 1020 334  2.6 7  6.0  83    0    0 309 -342  0
3797500 2746500  6  2  4   9.2 1020 325  2.4 8  6.1  84    0    0 309 -340  0
3797500 2746500  6  2  5   9.1 1020 325  2.2 7  6.1  86    0    1 309 -338  0
3797500 2746500  6  2  6   9.4 1021 326  2.0 7  6.2  86    0   11 306 -338  0
3797500 2746500  6  2  7   9.6 1021 339  1.9 8  6.3  86    0   40 311 -342  0
3797500 2746500  6  2  8   9.8 1022   3  2.4 8  6.3  84    0   98 316 -352  0
3797500 2746500  6  2  9  10.2 1022 347  1.7 7  6.4  84    3  204 316 -363  0
3797500 2746500  6  2 10  11.2 1023 349  1.9 7  6.5  82    9  267 313 -378  0
3797500 2746500  6  2 11  12.2 1023  36  2.0 8  6.4  76    3  265 318 -395  0
3797500 2746500  6  2 12  12.9 1023  54  1.6 8  6.4  72   21  330 321 -410  0
3797500 2746500  6  2 13  14.0 1023 341  1.6 7  6.7  70  108  413 317 -421  0
3797500 2746500  6  2 14  14.6 1023 356  1.5 5  6.6  66  221  412 309 -428  0
3797500 2746500  6  2 15  15.8 1023   4  1.9 4  6.2  59  171  377 304 -431  0
3797500 2746500  6  2 16  16.4 1023 290  2.2 4  6.2  55  159  325 304 -429  0
3797500 2746500  6  2 17  16.7 1023 338  2.0 5  6.3  54   97  259 308 -426  0
3797500 2746500  6  2 18  17.2 1022 342  2.7 5  6.1  52   71  189 312 -420  0
3797500 2746500  6  2 19  16.0 1022 342  2.0 3  6.1  52   84  114 305 -412  0
3797500 2746500  6  2 20  15.2 1022 358  1.2 4  6.2  57   32   51 299 -402  0
3797500 2746500  6  2 21  15.3 1022 341  2.0 4  6.3  59    0    4 302 -391  0
3797500 2746500  6  2 22  13.7 1023 350  1.5 6  6.5  64    0    0 307 -381  0
3797500 2746500  6  2 23  12.5 1023 336  1.1 5  6.6  71    0    0 308 -373  0
3797500 2746500  6  2 24  10.6 1023  10  2.0 1  6.5  77    0    0 288 -369  0
3797500 2746500  6  3  1   9.7 1023  30  2.0 3  6.3  82    0    0 278 -367  0
3797500 2746500  6  3  2  10.7 1023  61  1.6 4  6.2  81    0    0 290 -365  0
3797500 2746500  6  3  3  10.1 1023  94  0.6 2  6.2  80    0    0 286 -364  0
3797500 2746500  6  3  4  10.5 1023 279  0.9 5  6.1  79    0    0 292 -365  0
3797500 2746500  6  3  5   9.8 1023 160  0.6 7  6.1  80    0    0 313 -365  0
3797500 2746500  6  3  6  11.0 1022 284  1.3 7  6.4  82    0   11 324 -365  0
3797500 2746500  6  3  7  11.6 1022 182  0.8 8  6.8  83    0   41 330 -368  0
3797500 2746500  6  3  8  12.7 1022 223  1.2 8  7.1  80    0  122 336 -374  0
3797500 2746500  6  3  9  13.3 1022 232  1.5 8  7.1  77   10  232 339 -384  0
3797500 2746500  6  3 10  14.8 1022 244  2.2 7  7.1  71   29  312 339 -397  0
3797500 2746500  6  3 11  14.8 1021 293  2.0 7  6.8  66    3  265 339 -408  0
3797500 2746500  6  3 12  15.8 1021 272  2.6 5  6.6  61   96  414 335 -416  0
3797500 2746500  6  3 13  16.4 1021 275  2.9 6  6.5  58  166  442 335 -421  0
3797500 2746500  6  3 14  17.4 1020 283  2.9 6  6.5  55  128  418 344 -427  0
3797500 2746500  6  3 15  18.2 1020 334  3.2 6  6.7  53   71  359 350 -435  0
3797500 2746500  6  3 16  18.6 1019 306  2.5 6  7.3  56   71  316 355 -436  0
3797500 2746500  6  3 17  17.6 1019 343  2.8 6  7.4  58   10  199 355 -427  0
3797500 2746500  6  3 18  17.3 1018 296  1.8 7  7.6  62    0   99 360 -415  0
3797500 2746500  6  3 19  17.1 1018 278  1.1 8  8.0  65    0   56 371 -405  0
3797500 2746500  6  3 20  16.5 1018 271  0.7 7  8.2  69    0   22 371 -398  0
3797500 2746500  6  3 21  15.8 1017 244  0.9 7  8.4  74    0    1 364 -393  0
3797500 2746500  6  3 22  15.2 1017 303  1.0 8  8.3  76    0    0 368 -386  0
3797500 2746500  6  3 23  14.8 1018 349  2.3 8  8.2  77    0    0 372 -378  0
3797500 2746500  6  3 24  13.4 1018 325  2.4 7  7.7  77    0    0 361 -370  0
3797500 2746500  6  4  1  12.0 1018 352  2.5 5  7.1  77    0    0 336 -366  0
3797500 2746500  6  4  2  11.0 1018 327  2.8 1  6.4  76    0    0 293 -363  0
3797500 2746500  6  4  3   9.9 1018 340  2.3 2  6.0  76    0    0 269 -357  0
3797500 2746500  6  4  4   9.1 1018 341  1.6 4  5.9  81    0    0 278 -352  0
3797500 2746500  6  4  5   9.3 1018 321  1.3 7  6.0  83    0    0 298 -349  0
3797500 2746500  6  4  6   9.4 1019 330  1.7 7  6.0  82    0    9 311 -349  0
3797500 2746500  6  4  7   9.8 1019 331  1.8 7  6.0  80    0   45 309 -354  0
3797500 2746500  6  4  8  10.6 1019 335  2.3 7  6.0  77    0  111 307 -362  0
3797500 2746500  6  4  9  11.1 1019 329  2.7 7  5.9  74    6  218 307 -373  0
3797500 2746500  6  4 10  11.6 1019 332  3.1 7  5.7  69   49  319 307 -389  0
3797500 2746500  6  4 11  12.9 1019 329  2.9 5  5.5  62  214  381 299 -405  0
3797500 2746500  6  4 12  13.4 1019 328  3.1 5  5.5  59  272  401 293 -418  0
3797500 2746500  6  4 13  14.5 1018 338  3.1 5  5.6  57  322  395 295 -427  0
3797500 2746500  6  4 14  15.2 1018 337  3.5 4  5.7  54  332  374 295 -431  0
3797500 2746500  6  4 15  16.2 1017 289  4.0 4  5.6  51  316  339 295 -432  0
3797500 2746500  6  4 16  16.5 1017   1  4.5 3  5.3  46  368  254 296 -431  0
3797500 2746500  6  4 17  16.2 1017 302  3.4 4  5.1  44  243  227 299 -426  0
3797500 2746500  6  4 18  16.0 1017 336  4.2 4  5.0  44  181  164 305 -419  0
3797500 2746500  6  4 19  15.9 1016 336  3.6 2  4.8  43  118  103 298 -410  0
3797500 2746500  6  4 20  14.9 1016 335  2.6 5  4.9  45   18   46 302 -401  0
3797500 2746500  6  4 21  14.1 1016 331  2.0 6  5.0  49    0    1 318 -393  0
3797500 2746500  6  4 22  13.5 1016 331  1.9 5  5.0  51    0    0 317 -387  0
3797500 2746500  6  4 23  12.4 1017 337  1.5 4  4.9  52    0    0 307 -384  0
3797500 2746500  6  4 24  11.7 1017 345  1.4 4  5.1  58    0    0 301 -382  0
3797500 2746500  6  5  1  10.8 1017   7  1.7 5  5.4  65    0    0 304 -379  0
3797500 2746500  6  5  2   9.8 1017 349  0.7 4  5.4  69    0    0 301 -377  0
3797500 2746500  6  5  3   8.6 1017  28  0.5 3  5.3  74    0    0 290 -375  0
3797500 2746500  6  5  4   8.7 1016 328  0.5 4  5.4  77    0    0 288 -374  0
3797500 2746500  6  5  5   9.6 1016 348  0.7 6  5.4  75    0    1 302 -372  0
3797500 2746500  6  5  6   9.8 1016 306  0.4 6  5.6  75    0   34 313 -372  0
3797500 2746500  6  5  7  11.1 1016 335  0.8 6  5.9  76    0   82 316 -375  0
3797500 2746500  6  5  8  11.2 1017   4  1.8 8  6.0  73    0  127 328 -382  0
3797500 2746500  6  5  9  11.8 1017   5  2.2 7  5.8  69   23  239 335 -392  0
3797500 2746500  6  5 10  12.1 1017 342  2.3 7  5.7  66   33  293 333 -403  0
3797500 2746500  6  5 11  12.8 1017 344  2.9 5  5.7  64   42  332 326 -415  0
3797500 2746500  6  5 12  13.1 1017 350  2.4 6  5.6  61   29  328 322 -428  0
3797500 2746500  6  5 13  13.1 1017  12  3.8 6  5.4  57   92  372 327 -439  0
3797500 2746500  6  5 14  13.1 1017   4  3.6 6  5.1  55  116  367 324 -445  0
3797500 2746500  6  5 15  13.9 1017  24  4.3 6  5.1  53   88  328 324 -444  0
3797500 2746500  6  5 16  14.2 1017   5  3.6 6  5.0  50   97  290 324 -442  0
3797500 2746500  6  5 17  14.5 1017  18  3.3 5  5.0  50   83  234 319 -440  0
3797500 2746500  6  5 18  14.2 1017  17  3.0 6  5.1  51   21  154 318 -432  0
3797500 2746500  6  5 19  13.6 1017  26  3.9 6  5.1  52   35  105 321 -423  0
3797500 2746500  6  5 20  13.1 1017  15  2.5 5  5.1  54   26   43 316 -411  0
3797500 2746500  6  5 21  12.6 1017 346  1.1 3  5.1  55    0    4 304 -397  0
3797500 2746500  6  5 22  11.6 1018   1  1.3 2  5.2  59    0    0 290 -385  0
3797500 2746500  6  5 23  10.8 1018 354  1.3 2  5.3  64    0    0 283 -375  0
3797500 2746500  6  5 24  10.6 1019  27  1.9 2  5.4  68    0    0 281 -367  0
3797500 2746500  6  6  1   9.6 1019   3  1.9 2  5.6  73    0    0 280 -361  0
3797500 2746500  6  6  2   8.7 1019 349  1.4 0  5.6  78    0    0 268 -356  0
3797500 2746500  6  6  3   8.6 1019 358  1.7 0  5.7  82    0    0 259 -352  0
3797500 2746500  6  6  4   8.0 1020   4  1.9 1  5.7  84    0    0 261 -349  0
3797500 2746500  6  6  5   8.0 1020   1  1.7 2  5.7  85    0    4 267 -346  0
3797500 2746500  6  6  6   9.0 1020   1  2.0 5  5.8  84    0   18 283 -345  0
3797500 2746500  6  6  7   9.5 1020 353  2.2 8  6.0  84    0   55 306 -350  0
3797500 2746500  6  6  8   9.7 1021   2  2.5 8  6.2  84    2  146 314 -360  0
3797500 2746500  6  6  9  10.6 1021 317  2.6 7  6.2  80   84  275 306 -374  0
3797500 2746500  6  6 10  12.2 1021 323  2.8 3  6.3  75  390  261 289 -392  0
3797500 2746500  6  6 11  13.4 1021 318  2.2 2  6.2  68  591  209 277 -409  0
3797500 2746500  6  6 12  15.6 1021 338  2.5 2  6.2  61  660  208 281 -424  0
3797500 2746500  6  6 13  17.1 1021   7  2.3 2  6.2  54  604  253 289 -435  0
3797500 2746500  6  6 14  17.1 1021   8  3.1 4  5.9  49  272  387 297 -443  0
3797500 2746500  6  6 15  17.3 1021  25  2.6 6  5.8  48  121  361 307 -446  0
3797500 2746500  6  6 16  18.0 1020  10  3.2 4  5.7  46   98  308 308 -445  0
3797500 2746500  6  6 17  17.9 1020 345  2.6 7  5.5  43   12  197 310 -439  0
3797500 2746500  6  6 18  17.8 1020  11  2.4 7  5.4  43    0  105 316 -432  0
3797500 2746500  6  6 19  18.1 1020   2  2.8 7  5.4  43    5   88 316 -424  0
3797500 2746500  6  6 20  17.3 1020  57  1.7 7  5.7  46   39   51 316 -414  0
3797500 2746500  6  6 21  15.8 1020  13  1.1 4  6.2  53    0    9 306 -405  0
3797500 2746500  6  6 22  15.0 1021 353  0.3 4  6.5  60    0    0 295 -397  0
3797500 2746500  6  6 23  13.9 1021 352  1.8 4  6.7  65    0    0 292 -390  0
3797500 2746500  6  6 24  13.2 1022  47  1.8 2  6.5  68    0    0 284 -385  0
3797500 2746500  6  7  1  12.0 1022  39  1.6 0  6.3  70    0    0 270 -380  0
3797500 2746500  6  7  2  11.1 1022  59  1.3 0  6.0  72    0    0 261 -376  0
3797500 2746500  6  7  3  10.8 1021  68  1.2 0  5.9  72    0    0 261 -371  0
3797500 2746500  6  7  4   8.8 1021  56  1.0 0  5.7  77    0    0 261 -368  0
3797500 2746500  6  7  5   8.5 1021 119  1.1 0  5.6  81    0   12 262 -367  0
3797500 2746500  6  7  6  10.9 1021 118  0.9 0  6.0  81   44   56 269 -368  0
3797500 2746500  6  7  7  14.2 1021 200  0.7 1  6.7  74  167   84 286 -373  0
3797500 2746500  6  7  8  15.3 1021 201  1.0 1  7.1  69  337   81 301 -378  0
3797500 2746500  6  7  9  16.8 1021 245  1.2 1  7.3  64  508   67 312 -380  0
3797500 2746500  6  7 10  18.0 1021 251  1.4 4  7.3  59  409  210 328 -384  0
3797500 2746500  6  7 11  18.2 1021 257  1.8 5  6.5  51  319  307 339 -394  0
3797500 2746500  6  7 12  19.3 1021 138  1.6 5  5.8  43  417  296 343 -408  0
3797500 2746500  6  7 13  20.0 1021 294  1.8 5  5.6  40  243  371 348 -428  0
3797500 2746500  6  7 14  20.2 1021 293  1.5 6  5.4  37  209  363 355 -440  0
3797500 2746500  6  7 15  19.8 1020 278  1.5 6  5.3  37  295  303 360 -450  0
3797500 2746500  6  7 16  20.0 1020 264  1.7 5  5.4  38  283  249 358 -453  0
3797500 2746500  6  7 17  20.2 1020 254  1.5 6  5.4  38  165  223 358 -444  0
3797500 2746500  6  7 18  20.0 1019 350  2.0 7  5.5  38   95  167 365 -435  0
3797500 2746500  6  7 19  19.8 1019 340  1.9 5  5.8  40   67  101 358 -426  0
3797500 2746500  6  7 20  18.9 1019 344  1.7 4  6.2  44   29   41 341 -415  0
3797500 2746500  6  7 21  17.7 1019 353  1.0 5  6.5  50    0    2 335 -400  0
3797500 2746500  6  7 22  16.7 1020   7  1.1 4  6.7  55    0    0 328 -388  0
3797500 2746500  6  7 23  15.0 1020  21  0.7 3  6.6  59    0    0 311 -379  0
3797500 2746500  6  7 24  14.0 1020  22  0.7 2  6.5  63    0    0 295 -372  0
3797500 2746500  6  8  1  12.7 1020  44  0.6 2  6.6  69    0    0 285 -365  0
3797500 2746500  6  8  2  12.2 1020 104  0.9 2  6.6  74    0    0 280 -360  0
3797500 2746500  6  8  3  11.7 1020  45  1.1 1  6.4  74    0    0 272 -355  0
3797500 2746500  6  8  4  11.4 1020  16  1.4 1  6.4  76    0    0 266 -352  0
3797500 2746500  6  8  5  10.7 1020 134  0.6 2  6.5  80    2   12 270 -349  0
3797500 2746500  6  8  6  12.6 1020 114  0.9 1  6.6  78   21   59 273 -348  0
3797500 2746500  6  8  7  15.4 1020 276  0.6 1  6.9  69   78  127 274 -353  0
3797500 2746500  6  8  8  16.5 1020 287  1.2 0  7.4  66  197  174 276 -361  0
3797500 2746500  6  8  9  18.5 1021 272  1.1 0  7.5  61  351  187 278 -375  0
3797500 2746500  6  8 10  19.2 1021 331  1.8 0  7.3  54  502  181 286 -392  0
3797500 2746500  6  8 11  19.8 1021 320  1.3 0  6.7  48  634  164 290 -407  0
3797500 2746500  6  8 12  20.5 1021 320  1.6 1  6.3  43  727  145 299 -421  0
3797500 2746500  6  8 13  20.7 1021 314  1.8 1  6.1  41  753  141 307 -430  0
3797500 2746500  6  8 14  21.7 1021 328  1.3 1  5.8  37  742  131 309 -438  0
3797500 2746500  6  8 15  22.3 1020  17  2.4 1  5.5  34  669  130 311 -445  0
3797500 2746500  6  8 16  22.7 1020  22  1.3 1  5.5  33  562  125 313 -445  0
3797500 2746500  6  8 17  23.0 1019 339  1.8 1  5.7  33  422  121 312 -441  0
3797500 2746500  6  8 18  23.3 1019 316  1.7 1  6.0  34  273  111 313 -437  0
3797500 2746500  6  8 19  23.1 1019  83  1.8 0  6.5  37  143   86 311 -428  0
3797500 2746500  6  8 20  22.2 1019  23  1.5 1  6.7  39   45   49 308 -417  0
3797500 2746500  6  8 21  20.2 1019  40  1.5 1  6.6  42    1    7 304 -404  0
3797500 2746500  6  8 22  18.8 1020  69  1.4 1  6.6  47    0    0 297 -393  0
3797500 2746500  6  8 23  16.4 1020  75  1.2 0  6.7  54    0    0 286 -385  0
3797500 2746500  6  8 24  16.4 1020  98  1.7 0  6.8  58    0    0 279 -379  0
3797500 2746500  6  9  1  15.9 1020  87  1.3 0  6.8  60    0    0 278 -376  0
3797500 2746500  6  9  2  15.1 1020  75  1.3 0  6.7  62    0    0 278 -373  0
3797500 2746500  6  9  3  16.7 1020  78  1.3 1  6.6  59    0    0 283 -371  0
3797500 2746500  6  9  4  15.2 1020  77  1.0 2  6.7  59    0    0 289 -369  0
3797500 2746500  6  9  5  15.9 1020  67  0.6 2  6.8  62    0   10 291 -367  0
3797500 2746500  6  9  6  15.1 1020 152  0.9 3  7.2  66   28   60 296 -367  0
3797500 2746500  6  9  7  17.8 1020 104  0.9 1  7.9  68  129  109 296 -372  0
3797500 2746500  6  9  8  19.5 1020 138  1.3 2  8.0  60  256  139 299 -382  0
3797500 2746500  6  9  9  21.0 1020 190  1.5 3  8.0  54  344  185 312 -398  0
3797500 2746500  6  9 10  22.3 1020 168  1.5 4  8.2  51  517  164 324 -417  0
3797500 2746500  6  9 11  22.9 1019 165  1.2 4  7.9  47  659  137 330 -439  0
3797500 2746500  6  9 12  23.4 1019 179  1.3 4  7.4  42  679  166 334 -457  0
3797500 2746500  6  9 13  24.0 1018 199  2.0 2  7.4  41  622  213 333 -469  0
3797500 2746500  6  9 14  24.7 1018 228  1.5 2  7.7  40  657  171 331 -474  0
3797500 2746500  6  9 15  24.7 1017 152  2.3 3  7.1  37  574  177 335 -474  0
3797500 2746500  6  9 16  25.5 1017  97  2.6 3  6.6  34  467  172 339 -472  0
3797500 2746500  6  9 17  25.2 1017 110  2.7 4  6.7  34  415  119 344 -466  0
3797500 2746500  6  9 18  25.2 1016  52  2.3 4  6.7  34  286   98 346 -457  0
3797500 2746500  6  9 19  25.0 1016  57  2.5 3  6.8  34  117   94 342 -446  0
3797500 2746500  6  9 20  24.0 1016  53  1.6 3  7.1  37   38   46 335 -434  0
3797500 2746500  6  9 21  22.6 1016  69  1.8 5  7.2  40    2    9 336 -422  0
3797500 2746500  6  9 22  21.3 1016  97  1.4 2  6.8  42    0    0 327 -411  0
3797500 2746500  6  9 23  20.3 1016  92  1.8 1  6.6  43    0    0 310 -402  0
3797500 2746500  6  9 24  19.2 1016 102  1.6 1  6.9  48    0    0 303 -396  0
3797500 2746500  6 10  1  17.8 1016 112  2.2 2  7.1  54    0    0 302 -391  0
3797500 2746500  6 10  2  17.0 1016 119  1.9 2  7.1  58    0    0 301 -388  0
3797500 2746500  6 10  3  16.4 1016 118  1.6 1  7.0  59    0    0 296 -384  0
3797500 2746500  6 10  4  15.9 1016 117  1.5 3  7.0  61    0    0 297 -381  0
3797500 2746500  6 10  5  15.6 1016 118  1.2 5  7.0  63    2   14 307 -378  0
3797500 2746500  6 10  6  17.6 1017 115  1.2 4  7.2  61   35   62 311 -378  0
3797500 2746500  6 10  7  19.9 1017 116  1.0 2  7.9  59  136  111 308 -383  0
3797500 2746500  6 10  8  21.8 1017 118  1.3 1  8.5  55  273  137 305 -396  0
3797500 2746500  6 10  9  23.8 1017 122  1.0 2  8.7  50  385  170 312 -414  0
3797500 2746500  6 10 10  24.1 1017 104  1.5 5  7.8  42  499  187 327 -434  0
3797500 2746500  6 10 11  24.4 1017 141  2.2 5  7.5  40  616  180 337 -454  0
3797500 2746500  6 10 12  24.7 1017 132  2.9 5  7.8  41  706  164 341 -468  0
3797500 2746500  6 10 13  25.6 1016 109  2.4 3  7.6  38  719  168 340 -476  0
3797500 2746500  6 10 14  26.2 1016 109  2.0 3  7.6  37  700  161 338 -479  0
3797500 2746500  6 10 15  26.9 1016  63  2.7 3  7.6  35  653  144 343 -481  0
3797500 2746500  6 10 16  27.3 1015  63  2.7 3  7.7  35  577  124 345 -480  0
3797500 2746500  6 10 17  27.3 1015 125  2.9 3  8.1  36  454  115 346 -475  0
3797500 2746500  6 10 18  27.0 1014  83  3.0 1  8.4  38  310  104 339 -467  0
3797500 2746500  6 10 19  26.8 1014 102  2.7 1  8.3  38  173   82 331 -456  0
3797500 2746500  6 10 20  25.7 1014  95  2.2 1  8.1  38   56   52 329 -444  0
3797500 2746500  6 10 21  24.4 1015  85  1.6 0  8.1  41    2    8 321 -430  0
3797500 2746500  6 10 22  23.0 1015  98  0.9 0  8.2  45    0    0 314 -418  0
3797500 2746500  6 10 23  20.7 1016 110  0.5 0  8.5  52    0    0 308 -408  0
3797500 2746500  6 10 24  19.8 1016 106  0.9 0  8.5  57    0    0 302 -401  0
3797500 2746500  6 11  1  20.4 1016 105  1.7 0  8.3  57    0    0 301 -396  0
3797500 2746500  6 11  2  20.0 1016 114  1.3 0  8.2  55    0    0 303 -392  0
3797500 2746500  6 11  3  20.6 1017 104  1.9 0  8.2  55    0    0 303 -389  0
3797500 2746500  6 11  4  19.9 1017 124  1.3 0  8.3  56    0    0 303 -387  0
3797500 2746500  6 11  5  19.2 1017 145  2.4 1  8.3  58    3   15 304 -385  0
3797500 2746500  6 11  6  21.0 1017 155  3.0 0  8.3  57   50   61 305 -384  0
3797500 2746500  6 11  7  22.0 1018 139  2.4 0  8.6  54  166   95 306 -389  0
3797500 2746500  6 11  8  23.0 1018 140  3.0 0  8.7  51  312  111 309 -401  0
3797500 2746500  6 11  9  24.0 1018 169  2.9 0  8.5  47  460  118 313 -419  0
3797500 2746500  6 11 10  24.6 1018 176  2.6 0  8.8  46  590  122 319 -439  0
3797500 2746500  6 11 11  24.7 1018 130  3.3 0  9.0  47  694  123 324 -457  0
3797500 2746500  6 11 12  25.6 1018 131  3.3 0  8.5  43  770  117 327 -473  0
3797500 2746500  6 11 13  26.0 1018 161  4.0 0  8.5  41  796  111 331 -485  0
3797500 2746500  6 11 14  26.8 1018 147  3.8 0  8.6  40  786   99 335 -492  0
3797500 2746500  6 11 15  27.1 1018 136  3.3 0  8.1  36  716   99 337 -494  0
3797500 2746500  6 11 16  27.6 1018 129  3.5 0  7.9  35  615   95 338 -493  0
3797500 2746500  6 11 17  27.7 1017 136  3.3 0  7.6  33  481   94 338 -488  0
3797500 2746500  6 11 18  27.6 1017 137  3.6 0  6.6  29  331   89 336 -478  0
3797500 2746500  6 11 19  26.7 1017 152  3.0 0  6.3  28  186   74 334 -467  0
3797500 2746500  6 11 20  26.0 1017 163  2.0 0  6.2  29   62   50 332 -455  0
3797500 2746500  6 11 21  23.7 1017 139  2.1 0  6.4  33    2    9 329 -441  0
3797500 2746500  6 11 22  22.0 1018 162  2.9 0  6.6  38    0    0 323 -428  0
3797500 2746500  6 11 23  21.2 1018 106  2.1 0  6.6  41    0    0 318 -420  0
3797500 2746500  6 11 24  19.8 1018 126  1.8 0  6.7  44    0    0 316 -414  0
3797500 2746500  6 12  1  18.2 1018  98  1.5 0  6.9  51    0    0 311 -409  0
3797500 2746500  6 12  2  17.6 1018 108  1.6 0  7.1  55    0    0 308 -406  0
3797500 2746500  6 12  3  17.4 1018 105  1.9 0  7.1  57    0    0 306 -404  0
3797500 2746500  6 12  4  15.5 1018  94  1.6 0  7.2  62    0    0 304 -401  0
3797500 2746500  6 12  5  15.8 1018  82  0.9 0  7.2  65    4   15 301 -397  0
3797500 2746500  6 12  6  18.4 1018  82  1.3 0  7.5  62   54   61 305 -396  0
3797500 2746500  6 12  7  19.5 1019 101  1.8 0  8.0  59  171   95 310 -401  0
3797500 2746500  6 12  8  22.2 1019  84  2.8 0  8.1  53  314  114 315 -414  0
3797500 2746500  6 12  9  24.0 1018 152  5.3 0  7.9  45  458  125 322 -434  0
3797500 2746500  6 12 10  24.9 1018 155  5.6 0  7.8  41  591  130 328 -456  0
3797500 2746500  6 12 11  25.7 1018 124  5.4 0  7.6  38  698  130 332 -475  0
3797500 2746500  6 12 12  26.5 1017 137  5.7 0  7.0  34  773  124 336 -491  0
3797500 2746500  6 12 13  27.5 1017 164  5.5 0  6.9  31  796  121 340 -502  0
3797500 2746500  6 12 14  28.1 1016 155  4.6 0  7.3  31  784  112 345 -509  0
3797500 2746500  6 12 15  28.4 1016 156  5.1 0  7.4  31  714  111 348 -512  0
3797500 2746500  6 12 16  28.9 1016 162  4.6 0  7.3  30  616  103 348 -510  0
3797500 2746500  6 12 17  29.0 1015 185  4.3 0  7.4  30  476  105 348 -505  0
3797500 2746500  6 12 18  28.4 1015 175  4.1 0  7.3  30  332   94 346 -497  0
3797500 2746500  6 12 19  28.5 1014 162  3.7 0  7.6  31  184   80 344 -486  0
3797500 2746500  6 12 20  26.8 1014 163  3.3 0  7.9  34   60   54 342 -473  0
3797500 2746500  6 12 21  24.5 1015 156  2.8 0  8.0  39    3    9 335 -457  0
3797500 2746500  6 12 22  24.3 1015 154  1.9 0  8.2  43    0    0 331 -443  0
3797500 2746500  6 12 23  24.2 1015 136  1.7 0  8.2  44    0    0 331 -433  0
3797500 2746500  6 12 24  22.7 1015 170  2.4 0  8.2  45    0    0 328 -426  0
3797500 2746500  6 13  1  22.5 1015 179  2.3 0  8.2  48    0    0 324 -422  0
3797500 2746500  6 13  2  21.9 1015 166  2.4 0  8.2  49    0    0 322 -420  0
3797500 2746500  6 13  3  19.8 1015 173  1.6 0  8.2  53    0    0 317 -417  0
3797500 2746500  6 13  4  20.9 1015 162  1.6 1  8.2  55    0    0 316 -413  0
3797500 2746500  6 13  5  21.2 1015 183  1.0 0  8.2  53    3   14 316 -410  0
3797500 2746500  6 13  6  21.7 1015 169  0.9 0  8.3  52   45   63 313 -410  0
3797500 2746500  6 13  7  23.3 1015 156  1.0 0  8.6  50  151  105 313 -416  0
3797500 2746500  6 13  8  24.6 1015 171  1.7 0  8.8  47  284  131 316 -429  0
3797500 2746500  6 13  9  26.2 1015 170  2.1 0  9.4  46  421  147 322 -448  0
3797500 2746500  6 13 10  27.7 1014 192  1.5 1 10.0  45  545  157 333 -468  0
3797500 2746500  6 13 11  28.8 1014 191  1.7 1  9.8  41  650  157 344 -486  0
3797500 2746500  6 13 12  29.4 1014 182  2.9 2  9.1  36  720  153 353 -503  0
3797500 2746500  6 13 13  30.1 1013 191  2.1 1  8.8  34  734  156 358 -517  0
3797500 2746500  6 13 14  30.6 1013 176  2.5 1  8.5  32  723  145 363 -526  0
3797500 2746500  6 13 15  31.1 1013 183  1.9 2  8.2  30  667  134 371 -529  0
3797500 2746500  6 13 16  31.7 1012 163  2.0 2  8.3  29  572  124 376 -527  0
3797500 2746500  6 13 17  31.1 1012 159  1.5 1  7.8  27  449  115 373 -523  0
3797500 2746500  6 13 18  32.0 1011 170  0.9 1  7.5  26  310  102 370 -516  0
3797500 2746500  6 13 19  31.7 1011  18  0.4 0  7.3  25  165   85 368 -506  0
3797500 2746500  6 13 20  29.8 1010   0  0.0 0  7.6  28   50   52 363 -491  0
3797500 2746500  6 13 21  27.2 1010 102  0.9 1  8.1  33    2    8 358 -473  0
3797500 2746500  6 13 22  25.7 1011 109  0.9 1  8.2  38    0    0 353 -456  0
3797500 2746500  6 13 23  23.6 1011 118  1.4 1  8.1  42    0    0 348 -444  0
3797500 2746500  6 13 24  23.7 1011 119  0.9 1  7.9  43    0    0 344 -434  0
3797500 2746500  6 14  1  22.9 1011 139  1.0 1  7.9  44    0    0 343 -427  0
3797500 2746500  6 14  2  23.0 1010 119  1.0 1  7.9  45    0    0 340 -422  0
3797500 2746500  6 14  3  22.1 1010 196  1.2 1  8.1  48    0    0 338 -418  0
3797500 2746500  6 14  4  21.6 1010 276  1.9 2  8.7  53    0    0 339 -416  0
3797500 2746500  6 14  5  22.1 1010 336  1.6 4  9.9  60    0    2 351 -414  0
3797500 2746500  6 14  6  21.5 1011  23  2.4 5 10.9  66    2   43 364 -412  0
3797500 2746500  6 14  7  22.8 1011  27  2.0 4 11.2  66   61  130 364 -411  0
3797500 2746500  6 14  8  23.3 1011  59  0.6 5 11.1  63   69  199 367 -414  0
3797500 2746500  6 14  9  23.4 1011 348  1.5 5 11.2  62   60  261 372 -422  0
3797500 2746500  6 14 10  24.1 1011  68  0.9 6 11.6  63  122  323 379 -432  0
3797500 2746500  6 14 11  23.9 1011  83  1.3 7 11.3  60   87  358 390 -442  0
3797500 2746500  6 14 12  21.4 1011  71  1.6 8 11.3  65   12  308 394 -452  0
3797500 2746500  6 14 13  23.0 1011 349  2.6 5 12.3  73  364  361 386 -460  0
3797500 2746500  6 14 14  24.1 1011 313  2.2 3 12.3  67  601  229 372 -462  0
3797500 2746500  6 14 15  24.6 1010  13  2.5 2 11.9  62  533  223 361 -461  0
3797500 2746500  6 14 16  25.3 1010  27  2.5 2 11.6  58  442  206 356 -460  0
3797500 2746500  6 14 17  24.5 1010  10  3.0 3 11.7  59  238  224 358 -455  0
3797500 2746500  6 14 18  23.6 1009  35  3.7 5 11.9  63   80  181 366 -447  0
3797500 2746500  6 14 19  22.8 1009  18  3.3 6 11.6  65   31  111 372 -437  0
3797500 2746500  6 14 20  22.1 1010  46  3.5 6 11.0  64   30   48 370 -425  0
3797500 2746500  6 14 21  21.0 1009  23  3.5 7 10.6  65    0    9 368 -414  0
3797500 2746500  6 14 22  19.7 1010  48  2.4 8 10.5  70    0    0 369 -403  0
3797500 2746500  6 14 23  18.7 1010 274  3.5 8 10.5  75    0    0 368 -395  0
3797500 2746500  6 14 24  17.5 1011  31  3.2 7 10.8  82    0    0 360 -388  0
3797500 2746500  6 15  1  17.4 1010  52  3.0 7 10.7  86    0    0 353 -383  0
3797500 2746500  6 15  2  17.4 1010  53  3.0 7 10.5  84    0    0 352 -377  0
3797500 2746500  6 15  3  16.6 1010  56  2.8 6 10.4  85    0    0 348 -372  0
3797500 2746500  6 15  4  16.1 1010  44  2.4 7 10.4  88    0    0 345 -368  0
3797500 2746500  6 15  5  16.3 1010  36  1.8 8 10.4  89    0    6 353 -364  0
3797500 2746500  6 15  6  16.5 1010  37  2.2 7 10.4  89    0   27 353 -363  0
3797500 2746500  6 15  7  16.4 1010 102  1.5 8 10.5  89    0   28 352 -367  0
3797500 2746500  6 15  8  16.4 1010 137  1.4 8 10.8  92    0   46 357 -377  0
3797500 2746500  6 15  9  16.4 1010 228  1.4 8 11.2  95    0   85 357 -391  0
3797500 2746500  6 15 10  16.5 1010 230  2.3 8 11.3  96    0  154 358 -407  0
3797500 2746500  6 15 11  17.3 1011 263  2.0 8 11.4  94    7  286 360 -423  0
3797500 2746500  6 15 12  18.2 1010 251  2.1 7 11.4  89   29  363 360 -437  0
3797500 2746500  6 15 13  18.1 1010 261  2.5 7 11.3  86   20  343 357 -448  0
3797500 2746500  6 15 14  17.5 1010 256  3.0 7 11.0  86    2  252 356 -454  0
3797500 2746500  6 15 15  17.4 1011 253  3.0 8 10.8  86    0  173 359 -455  0
3797500 2746500  6 15 16  16.6 1011 290  2.2 8 10.8  88    1  186 362 -454  0
3797500 2746500  6 15 17  16.6 1011 236  3.6 7 10.6  89    9  199 355 -452  0
3797500 2746500  6 15 18  16.6 1011 269  2.7 8 10.3  87    1  119 353 -447  0
3797500 2746500  6 15 19  16.0 1011   3  2.9 8 10.1  87    0   47 353 -438  0
3797500 2746500  6 15 20  15.9 1011 284  1.9 8  9.7  85    0   22 349 -428  0
3797500 2746500  6 15 21  15.7 1012 314  1.5 8  9.4  83    0    1 346 -415  0
3797500 2746500  6 15 22  15.3 1012 298  1.6 7  9.1  83    0    0 338 -403  0
3797500 2746500  6 15 23  14.9 1012 300  2.0 6  9.0  83    0    0 328 -394  0
3797500 2746500  6 15 24  14.5 1012 298  1.8 7  8.8  84    0    0 324 -390  0
3797500 2746500  6 16  1  14.1 1012 276  1.7 7  8.8  86    0    0 326 -387  0
3797500 2746500  6 16  2  14.0 1012 284  1.3 8  8.7  86    0    0 330 -383  0
3797500 2746500  6 16  3  13.6 1012 288  1.7 8  8.5  86    0    0 333 -379  0
3797500 2746500  6 16  4  13.4 1012 296  1.8 8  8.3  85    0    0 333 -376  0
3797500 2746500  6 16  5  12.8 1012 288  1.9 8  8.0  85    0    1 331 -373  0
3797500 2746500  6 16  6  12.4 1013 313  1.6 8  7.7  84    0   15 329 -373  0
3797500 2746500  6 16  7  12.8 1012 260  2.4 7  7.4  81    4   92 323 -379  0
3797500 2746500  6 16  8  14.1 1012 269  2.0 5  7.2  75   81  199 311 -392  0
3797500 2746500  6 16  9  14.5 1012 272  2.5 5  7.0  68  144  266 305 -410  0
3797500 2746500  6 16 10  14.7 1013 271  2.2 5  6.8  65   78  318 307 -430  0
3797500 2746500  6 16 11  14.9 1012 276  2.4 5  6.8  64  143  363 309 -448  0
3797500 2746500  6 16 12  15.7 1013 265  2.9 5  6.5  60  142  386 312 -462  0
3797500 2746500  6 16 13  16.9 1012 264  2.8 5  6.6  57  254  389 317 -473  0
3797500 2746500  6 16 14  16.9 1012 247  3.1 5  6.7  56  142  381 321 -479  0
3797500 2746500  6 16 15  17.2 1012 279  2.9 5  6.7  55  237  346 321 -482  0
3797500 2746500  6 16 16  16.6 1012 290  3.6 5  6.4  53  200  298 320 -482  0
3797500 2746500  6 16 17  16.5 1012 269  2.9 6  6.3  53  148  244 322 -478  0
3797500 2746500  6 16 18  16.5 1012 284  2.6 8  6.5  56   23  158 330 -471  0
3797500 2746500  6 16 19  16.4 1011 302  2.0 8  6.6  56    0   63 336 -463  0
3797500 2746500  6 16 20  16.3 1011 330  1.4 7  6.6  57    3   40 333 -453  0
3797500 2746500  6 16 21  15.9 1012   5  1.2 6  6.7  59    0    2 326 -441  0
3797500 2746500  6 16 22  14.8 1012 350  0.4 6  6.8  63    0    0 322 -429  0
3797500 2746500  6 16 23  14.8 1012 332  0.7 6  6.8  65    0    0 321 -421  0
3797500 2746500  6 16 24  13.8 1012   0  0.6 5  7.0  68    0    0 316 -414  0
3797500 2746500  6 17  1  13.1 1012   9  1.2 4  7.1  74    0    0 308 -409  0
3797500 2746500  6 17  2  11.8 1012  36  0.4 1  7.1  79    0    0 293 -405  0
3797500 2746500  6 17  3  11.1 1013  29  1.1 0  7.1  84    0    0 278 -402  0
3797500 2746500  6 17  4  11.5 1012  12  1.2 2  7.1  85    0    0 281 -399  0
3797500 2746500  6 17  5  10.9 1013 150  0.7 4  7.1  85    0   12 291 -396  0
3797500 2746500  6 17  6  12.4 1013  25  0.8 4  7.3  86    0   41 297 -396  0
3797500 2746500  6 17  7  13.0 1013 146  0.8 7  7.9  86    0   78 307 -401  0
3797500 2746500  6 17  8  14.4 1013 217  0.9 8  7.9  80    2  142 317 -414  0
3797500 2746500  6 17  9  14.6 1013 251  1.8 8  7.7  75    0  175 322 -432  0
3797500 2746500  6 17 10  15.0 1014 215  2.1 8  7.8  74   20  284 323 -454  0
3797500 2746500  6 17 11  15.7 1014 264  2.3 6  7.7  71  194  384 322 -476  0
3797500 2746500  6 17 12  17.4 1014 273  3.4 4  7.7  66  531  301 322 -494  0
3797500 2746500  6 17 13  19.0 1013 350  2.8 2  7.9  61  622  260 324 -504  0
3797500 2746500  6 17 14  20.7 1013 284  3.1 1  8.0  55  663  219 327 -509  0
3797500 2746500  6 17 15  21.1 1013 319  2.9 1  8.1  52  611  205 330 -509  0
3797500 2746500  6 17 16  21.5 1012 323  3.0 1  7.9  50  521  189 330 -507  0
3797500 2746500  6 17 17  21.5 1012 345  3.3 0  7.7  48  402  168 328 -504  0
3797500 2746500  6 17 18  21.5 1012 350  2.9 0  7.5  47  271  142 324 -497  0
3797500 2746500  6 17 19  21.5 1011   7  2.1 0  7.5  47  148  106 323 -484  0
3797500 2746500  6 17 20  21.1 1011   5  0.9 1  7.5  48   52   60 324 -470  0
3797500 2746500  6 17 21  19.0 1011  18  0.9 1  7.5  51    3   10 322 -454  0
3797500 2746500  6 17 22  18.1 1011 160  0.6 1  7.5  56    0    0 317 -439  0
3797500 2746500  6 17 23  17.1 1012 147  0.8 1  7.4  59    0    0 312 -428  0
3797500 2746500  6 17 24  16.3 1012 111  1.0 0  7.6  64    0    0 308 -420  0
3797500 2746500  6 18  1  16.0 1012 147  1.1 0  7.5  66    0    0 303 -415  0
3797500 2746500  6 18  2  15.5 1012 144  0.8 0  7.3  65    0    0 300 -410  0
3797500 2746500  6 18  3  14.8 1012 109  1.3 0  7.3  68    0    0 298 -406  0
3797500 2746500  6 18  4  14.2 1011 112  1.2 0  7.1  69    0    0 294 -406  0
3797500 2746500  6 18  5  15.5 1011   3  0.3 1  7.0  66    0   12 297 -405  0
3797500 2746500  6 18  6  17.3 1011 178  1.6 2  7.4  63   18   62 307 -404  0
3797500 2746500  6 18  7  19.1 1011 168  1.8 3  8.3  63   88  133 317 -409  0
3797500 2746500  6 18  8  20.9 1010 160  2.6 3  9.1  62  228  171 327 -421  0
3797500 2746500  6 18  9  22.1 1010 169  2.5 3  9.6  60  345  206 334 -436  0
3797500 2746500  6 18 10  23.4 1010 199  2.6 4  9.9  57  383  267 343 -454  0
3797500 2746500  6 18 11  23.5 1009 161  2.9 5  9.5  52  406  315 352 -472  0
3797500 2746500  6 18 12  24.5 1009 180  2.5 6  9.3  49  426  342 358 -488  0
3797500 2746500  6 18 13  25.1 1009 174  2.6 5  9.4  48  422  353 364 -502  0
3797500 2746500  6 18 14  25.6 1008 218  2.9 5  9.4  46  342  369 367 -511  0
3797500 2746500  6 18 15  25.9 1008 143  3.4 6  9.3  45  321  338 371 -514  0
3797500 2746500  6 18 16  27.2 1007 147  3.8 5  9.3  42  366  259 375 -510  0
3797500 2746500  6 18 17  27.6 1006 180  1.5 4  9.5  41  367  175 374 -507  0
3797500 2746500  6 18 18  27.6 1006 161  2.4 3  9.7  42  250  142 368 -501  0
3797500 2746500  6 18 19  27.8 1005 323  0.7 2  9.7  42  146  102 362 -491  0
3797500 2746500  6 18 20  26.7 1005 150  1.3 3 10.0  44   30   54 362 -477  0
3797500 2746500  6 18 21  25.9 1005 151  1.7 5 10.2  47    0    2 368 -463  0
3797500 2746500  6 18 22  23.8 1005 172  2.6 6 10.8  54    0    0 374 -451  0
3797500 2746500  6 18 23  23.5 1006 205  2.4 5 11.4  62    0    0 372 -445  0
3797500 2746500  6 18 24  22.5 1006 174  2.0 4 11.8  66    0    0 364 -444  0
3797500 2746500  6 19  1  21.9 1006 166  1.8 6 12.1  72    0    0 368 -443  0
3797500 2746500  6 19  2  21.3 1005 207  0.4 6 12.1  74    0    0 374 -441  0
3797500 2746500  6 19  3  20.8 1005 175  1.8 4 12.1  76    0    0 365 -441  0
3797500 2746500  6 19  4  20.2 1005 176  1.4 2 12.1  79    0    0 350 -442  0
3797500 2746500  6 19  5  20.0 1004 175  2.0 1 12.0  80    0    9 337 -441  0
3797500 2746500  6 19  6  20.9 1004 182  1.7 4 12.0  79    0   19 346 -440  0
3797500 2746500  6 19  7  21.3 1004 173  2.0 5 12.3  77   13  102 360 -443  0
3797500 2746500  6 19  8  23.1 1004 174  2.8 4 12.7  75  192  141 363 -449  0
3797500 2746500  6 19  9  23.5 1004 216  2.6 4 13.0  71  153  227 366 -459  0
3797500 2746500  6 19 10  23.8 1004 250  3.0 5 13.0  70  198  269 373 -474  0
3797500 2746500  6 19 11  24.3 1005 234  3.6 6 13.1  69   95  323 382 -491  0
3797500 2746500  6 19 12  23.4 1005 211  3.7 7 12.8  68    0  109 388 -505  0
3797500 2746500  6 19 13  22.1 1005 157  5.0 7 12.7  72    0  179 389 -517  0
3797500 2746500  6 19 14  21.1 1005 323  1.7 7 12.8  78   19  292 387 -520  0
3797500 2746500  6 19 15  22.6 1005 173  1.3 7 13.4  80   58  296 391 -514  0
3797500 2746500  6 19 16  23.2 1005 259  1.5 8 13.4  76    8  211 398 -506  0
3797500 2746500  6 19 17  21.7 1005 191  1.9 8 13.2  76    0   85 399 -498  0
3797500 2746500  6 19 18  23.2 1005 138  1.6 6 13.2  76   22  148 393 -491  0
3797500 2746500  6 19 19  23.3 1005 168  1.4 8 13.0  72   19   98 395 -485  0
3797500 2746500  6 19 20  22.6 1005 184  1.4 8 13.2  74    0   31 402 -476  0
3797500 2746500  6 19 21  22.0 1006 178  1.7 8 13.4  79    0    2 400 -463  0
3797500 2746500  6 19 22  21.6 1007 252  1.9 8 13.3  80    0    0 399 -452  0
3797500 2746500  6 19 23  20.9 1007 338  1.8 8 12.0  75    0    0 396 -446  0
3797500 2746500  6 19 24  20.0 1008 345  1.6 6 11.0  72    0    0 384 -441  0
3797500 2746500  6 20  1  19.2 1008  16  1.4 6 10.7  74    0    0 372 -436  0
3797500 2746500  6 20  2  19.1 1008  53  1.0 7 10.3  74    0    0 374 -432  0
3797500 2746500  6 20  3  18.6 1008 127  1.0 7 10.1  74    0    0 377 -429  0
3797500 2746500  6 20  4  18.1 1008 122  1.7 7 10.2  77    0    0 375 -425  0
3797500 2746500  6 20  5  18.0 1008 130  1.7 7 10.3  79    0    3 374 -423  0
3797500 2746500  6 20  6  18.8 1008 126  0.9 6 10.5  79    0   41 372 -424  0
3797500 2746500  6 20  7  19.5 1008 303  2.0 7 10.7  76    4   98 374 -426  0
3797500 2746500  6 20  8  20.5 1008 196  2.2 6 11.3  77   47  204 379 -431  0
3797500 2746500  6 20  9  21.5 1008 247  3.0 5 12.1  77  175  277 375 -438  0
3797500 2746500  6 20 10  22.7 1008 233  3.4 5 11.9  71  148  343 374 -449  0
3797500 2746500  6 20 11  22.9 1009 246  3.9 5 11.4  65  217  386 378 -460  0
3797500 2746500  6 20 12  23.1 1008 255  4.3 6 10.5  59  132  409 384 -464  0
3797500 2746500  6 20 13  23.7 1009 248  4.2 7 10.2  56  199  425 396 -470  0
3797500 2746500  6 20 14  23.5 1008 204  3.9 6 10.1  55  271  401 396 -483  0
3797500 2746500  6 20 15  24.3 1008 235  4.0 4  9.8  52  299  356 387 -489  0
3797500 2746500  6 20 16  23.9 1008 233  3.0 4  9.8  52  241  314 380 -483  0
3797500 2746500  6 20 17  24.3 1008 210  2.2 5 10.1  53  118  266 383 -478  0
3797500 2746500  6 20 18  23.4 1007 249  1.9 7 10.5  56    9  148 392 -476  0
3797500 2746500  6 20 19  21.4 1007 231  2.8 8 10.9  64    0   30 398 -467  0
3797500 2746500  6 20 20  20.1 1007 192  1.3 8 11.5  74    0   18 395 -456  0
3797500 2746500  6 20 21  19.7 1007 203  1.4 7 12.0  82    0    1 388 -445  0
3797500 2746500  6 20 22  19.8 1006 214  1.7 7 11.9  82    0    0 383 -435  0
3797500 2746500  6 20 23  20.3 1006 234  2.4 7 11.6  78    0    0 383 -428  0
3797500 2746500  6 20 24  19.8 1006 221  2.1 6 11.3  76    0    0 377 -425  0
3797500 2746500  6 21  1  19.5 1006 213  2.1 6 11.3  78    0    0 371 -423  0
3797500 2746500  6 21  2  19.2 1006 221  2.8 6 11.3  79    0    0 368 -423  0
3797500 2746500  6 21  3  18.7 1006 258  2.0 7 10.9  79    0    0 368 -423  0
3797500 2746500  6 21  4  18.1 1006 250  1.7 7 10.4  78    0    0 368 -420  0
3797500 2746500  6 21  5  17.8 1006 240  1.9 7 10.0  77    1   14 366 -417  0
3797500 2746500  6 21  6  17.9 1006 230  1.7 4  9.7  75   10   53 358 -417  0
3797500 2746500  6 21  7  18.3 1006 239  2.4 4  9.6  73   25  115 348 -420  0
3797500 2746500  6 21  8  18.8 1006 222  4.2 6  9.7  72   48  191 357 -424  0
3797500 2746500  6 21  9  19.7 1006 222  4.6 6  9.0  64  129  261 366 -429  0
3797500 2746500  6 21 10  20.2 1006 228  6.5 4  8.0  54  323  267 361 -437  0
3797500 2746500  6 21 11  20.6 1006 228  6.5 5  8.0  53  243  346 361 -445  0
3797500 2746500  6 21 12  20.4 1006 237  5.5 6  8.3  54   80  361 370 -452  0
3797500 2746500  6 21 13  19.7 1005 241  4.9 7  8.8  60    3  262 376 -461  0
3797500 2746500  6 21 14  19.6 1005 217  3.9 8  9.2  64    0  218 382 -466  0
3797500 2746500  6 21 15  18.7 1005 269  4.0 8  9.2  66    0  110 382 -464  0
3797500 2746500  6 21 16  18.4 1005 221  4.2 8  9.1  68    0  122 379 -460  0
3797500 2746500  6 21 17  18.5 1005 234  3.7 8  9.1  68    0  103 378 -454  0
3797500 2746500  6 21 18  18.5 1005 240  4.3 8  9.1  68    0   83 378 -447  0
3797500 2746500  6 21 19  18.7 1004 241  3.7 8  9.1  68    0   64 378 -442  0
3797500 2746500  6 21 20  18.7 1004 233  3.8 6  9.1  67   11   49 369 -439  0
3797500 2746500  6 21 21  18.2 1004 217  3.2 4  9.0  67    3    9 349 -434  0
3797500 2746500  6 21 22  17.9 1004 218  3.0 7  9.2  70    0    0 354 -427  0
3797500 2746500  6 21 23  18.4 1004 210  2.9 8  9.3  71    0    0 377 -419  0
3797500 2746500  6 21 24  16.6 1004 241  4.7 8  9.5  75    0    0 380 -413  0
3797500 2746500  6 22  1  15.1 1004 242  3.0 7  9.4  83    0    0 370 -406  0
3797500 2746500  6 22  2  14.3 1004 234  3.0 7  9.0  85    0    0 361 -398  0
3797500 2746500  6 22  3  13.2 1004 231  4.0 6  8.2  83    0    0 353 -391  0
3797500 2746500  6 22  4  12.3 1004 239  3.3 4  7.2  78    0    0 334 -386  0
3797500 2746500  6 22  5  12.1 1005 229  3.8 2  6.8  76    0   13 313 -382  0
3797500 2746500  6 22  6  12.6 1005 229  4.2 3  6.8  75   14   56 307 -380  0
3797500 2746500  6 22  7  13.3 1005 229  3.5 4  7.0  75   71  122 318 -383  0
3797500 2746500  6 22  8  14.1 1005 238  4.1 4  7.3  74  289  118 327 -391  0
3797500 2746500  6 22  9  15.1 1005 238  4.5 5  7.5  71  266  216 336 -402  0
3797500 2746500  6 22 10  16.6 1005 240  6.0 6  7.1  62   84  309 351 -416  0
3797500 2746500  6 22 11  16.0 1005 235  5.4 7  6.5  56   19  295 360 -429  0
3797500 2746500  6 22 12  15.7 1006 256  5.4 7  6.4  56    2  245 362 -441  0
3797500 2746500  6 22 13  15.4 1006 218  5.2 8  6.4  58    0  178 362 -449  0
3797500 2746500  6 22 14  16.0 1007 223  4.6 7  6.6  58    6  263 362 -451  0
3797500 2746500  6 22 15  15.8 1007 236  3.5 7  6.7  59   14  263 359 -455  0
3797500 2746500  6 22 16  16.4 1007 250  4.0 8  7.0  61    5  208 364 -460  0
3797500 2746500  6 22 17  16.6 1007 256  4.1 7  7.1  60   26  210 365 -459  0
3797500 2746500  6 22 18  17.4 1007 236  3.8 5  7.0  58   80  178 355 -450  0
3797500 2746500  6 22 19  16.5 1007 240  3.7 5  7.1  59   38  110 346 -436  0
3797500 2746500  6 22 20  16.3 1008 238  3.0 5  7.2  61   13   49 344 -424  0
3797500 2746500  6 22 21  15.5 1008 236  1.8 4  7.1  62    0    4 336 -412  0
3797500 2746500  6 22 22  14.3 1009 227  1.7 4  7.0  66    0    0 328 -402  0
3797500 2746500  6 22 23  13.8 1010 216  1.9 4  6.9  68    0    0 324 -394  0
3797500 2746500  6 22 24  13.0 1010 205  2.0 2  6.8  71    0    0 313 -387  0
3797500 2746500  6 23  1  12.5 1010 201  1.6 2  6.8  74    0    0 301 -382  0
3797500 2746500  6 23  2  12.5 1010 220  2.3 5  6.8  74    0    0 312 -378  0
3797500 2746500  6 23  3  12.5 1011 202  1.5 6  6.8  75    0    0 326 -376  0
3797500 2746500  6 23  4  12.1 1011 213  2.1 5  6.8  76    0    0 325 -373  0
3797500 2746500  6 23  5  11.7 1011 222  2.1 4  6.7  77    0    4 316 -371  0
3797500 2746500  6 23  6  12.3 1011 212  2.0 6  6.8  77    0   24 318 -371  0
3797500 2746500  6 23  7  13.2 1012 222  2.1 5  6.9  75   18  119 323 -377  0
3797500 2746500  6 23  8  14.8 1012 224  2.2 3  7.1  71  146  214 312 -388  0
3797500 2746500  6 23  9  16.3 1012 249  2.8 3  7.1  65  352  222 309 -403  0
3797500 2746500  6 23 10  17.4 1012 230  2.7 2  7.3  61  482  244 310 -420  0
3797500 2746500  6 23 11  18.0 1012 242  2.3 3  6.9  55  508  294 314 -436  0
3797500 2746500  6 23 12  19.3 1012 216  2.2 4  6.6  49  227  429 326 -451  0
3797500 2746500  6 23 13  18.7 1012  31  2.3 6  6.6  48   30  352 339 -461  0
3797500 2746500  6 23 14  18.8 1012 251  1.6 7  6.2  46    9  289 349 -468  0
3797500 2746500  6 23 15  19.7 1012 243  2.2 6  6.1  44   11  273 351 -475  0
3797500 2746500  6 23 16  20.2 1012 250  1.7 6  6.5  45   71  315 350 -476  0
3797500 2746500  6 23 17  20.4 1012 153  1.6 6  6.7  45   72  265 352 -468  0
3797500 2746500  6 23 18  20.5 1012  98  0.9 6  6.8  45   45  191 350 -459  0
3797500 2746500  6 23 19  20.0 1012 106  1.3 7  7.2  48   23  119 352 -450  0
3797500 2746500  6 23 20  19.2 1012  29  1.0 7  7.4  52    6   49 351 -439  0
3797500 2746500  6 23 21  17.8 1012  30  1.2 5  7.1  53    4   11 337 -428  0
3797500 2746500  6 23 22  16.7 1012  45  1.2 3  6.9  56    0    0 316 -417  0
3797500 2746500  6 23 23  16.1 1012  63  1.2 2  6.9  59    0    0 304 -408  0
3797500 2746500  6 23 24  15.3 1012  85  1.5 1  7.0  63    0    0 297 -403  0
3797500 2746500  6 24  1  14.5 1012  93  1.7 1  7.1  67    0    0 293 -398  0
3797500 2746500  6 24  2  14.0 1012  98  1.6 2  7.1  70    0    0 295 -394  0
3797500 2746500  6 24  3  12.9 1012 107  1.7 1  7.0  73    0    0 293 -391  0
3797500 2746500  6 24  4  13.2 1011  92  1.6 3  6.9  74    0    0 294 -389  0
3797500 2746500  6 24  5  13.1 1011 104  1.1 5  6.8  72    0   14 305 -387  0
3797500 2746500  6 24  6  14.8 1011  90  1.2 3  6.9  69   25   64 306 -388  0
3797500 2746500  6 24  7  16.9 1011 111  1.0 4  7.4  66   79  130 309 -394  0
3797500 2746500  6 24  8  19.0 1011 122  1.5 3  7.7  60  218  170 316 -405  0
3797500 2746500  6 24  9  20.8 1011 194  1.9 3  7.9  54  342  200 323 -421  0
3797500 2746500  6 24 10  21.7 1011 221  1.7 5  7.5  48  462  217 335 -440  0
3797500 2746500  6 24 11  22.8 1010  99  2.1 5  7.0  42  603  200 346 -460  0
3797500 2746500  6 24 12  23.3 1010 283  2.3 5  6.8  39  557  266 351 -476  0
3797500 2746500  6 24 13  23.6 1010 164  1.8 4  6.8  38  514  300 353 -489  0
3797500 2746500  6 24 14  24.2 1009 228  1.9 5  7.2  39  410  333 358 -495  0
3797500 2746500  6 24 15  24.9 1008  92  2.6 5  7.5  39  339  324 364 -499  0
3797500 2746500  6 24 16  25.6 1008 200  1.9 4  7.4  37  498  184 364 -499  0
3797500 2746500  6 24 17  26.2 1008 286  1.7 5  7.6  36  443  135 367 -494  0
3797500 2746500  6 24 18  26.5 1007 150  2.3 4  7.5  35  302  120 366 -485  0
3797500 2746500  6 24 19  25.8 1007  47  1.1 3  7.0  33  152   98 359 -475  0
3797500 2746500  6 24 20  24.5 1007  23  1.9 4  7.6  38   42   55 356 -463  0
3797500 2746500  6 24 21  23.6 1007  40  2.3 4  8.3  44    0    5 356 -449  0
3797500 2746500  6 24 22  22.9 1007  64  1.8 5  8.5  47    0    0 357 -436  0
3797500 2746500  6 24 23  22.0 1008  74  1.6 5  8.8  52    0    0 358 -427  0
3797500 2746500  6 24 24  21.3 1007  82  2.0 5  9.0  55    0    0 357 -419  0
3797500 2746500  6 25  1  21.3 1007  25  1.3 7  9.1  57    0    0 362 -413  0
3797500 2746500  6 25  2  20.4 1007  65  1.5 5  9.2  59    0    0 362 -408  0
3797500 2746500  6 25  3  19.8 1006  96  1.6 3  9.3  62    0    0 350 -405  0
3797500 2746500  6 25  4  18.3 1006 114  1.7 5  9.4  67    0    0 348 -403  0
3797500 2746500  6 25  5  18.6 1006 108  1.4 4  9.4  70    1   13 349 -400  0
3797500 2746500  6 25  6  20.2 1006  74  1.5 2  9.7  68   12   54 344 -400  0
3797500 2746500  6 25  7  21.6 1005 106  1.1 6 10.5  67    0   64 355 -404  0
3797500 2746500  6 25  8  22.9 1005 124  0.6 7 11.4  67    4  149 378 -414  0
3797500 2746500  6 25  9  23.4 1005  21  1.2 7 11.6  64   93  253 385 -428  0
3797500 2746500  6 25 10  25.0 1005 116  1.1 6 11.3  59  253  277 387 -445  0
3797500 2746500  6 25 11  26.3 1005  92  1.0 6 11.3  54  231  332 391 -461  0
3797500 2746500  6 25 12  27.3 1004 128  1.0 6 11.7  53  189  366 398 -475  0
3797500 2746500  6 25 13  26.7 1004 295  2.2 7 12.4  55   82  367 403 -486  0
3797500 2746500  6 25 14  27.4 1004 355  1.2 7 12.7  56   92  360 404 -495  0
3797500 2746500  6 25 15  28.4 1003  10  3.3 5 12.7  53  366  273 400 -502  0
3797500 2746500  6 25 16  28.8 1002  39  3.4 4 12.7  51  344  224 395 -502  0
3797500 2746500  6 25 17  28.2 1002 354  3.7 6 12.9  52   35  220 396 -496  0
3797500 2746500  6 25 18  26.6 1001  86  2.3 7 13.0  56    0   44 399 -487  0
3797500 2746500  6 25 19  18.9 1001  13  3.3 7 12.2  69    0   32 385 -477  0
3797500 2746500  6 25 20  18.7 1002 167  2.3 8 11.4  82    1   37 373 -467  0
3797500 2746500  6 25 21  18.8 1002 192  1.8 7 11.5  84    1    8 373 -455  0
3797500 2746500  6 25 22  18.8 1003 265  2.1 7 11.9  86    0    0 370 -443  0
3797500 2746500  6 25 23  18.9 1003 193  1.9 8 12.3  89    0    0 375 -434  0
3797500 2746500  6 25 24  18.7 1003 212  2.0 8 12.2  88    0    0 379 -426  0
3797500 2746500  6 26  1  18.3 1003 211  2.1 8 12.2  90    0    0 379 -421  0
3797500 2746500  6 26  2  18.9 1003 190  1.6 8 12.5  92    0    0 381 -420  0
3797500 2746500  6 26  3  19.0 1003 208  2.4 8 12.8  92    0    0 383 -420  0
3797500 2746500  6 26  4  18.7 1003 209  2.6 8 12.9  93    0    0 380 -417  0
3797500 2746500  6 26  5  19.5 1003 210  3.6 7 12.6  90    2   14 375 -414  0
3797500 2746500  6 26  6  19.0 1003 221  4.0 5 11.9  84    7   52 362 -413  0
3797500 2746500  6 26  7  19.0 1004 218  4.1 6 11.2  81   27  119 355 -416  0
3797500 2746500  6 26  8  19.6 1004 228  4.8 4 11.2  79   56  197 352 -422  0
3797500 2746500  6 26  9  18.9 1004 214  3.2 6 11.3  80    0  108 352 -430  0
3797500 2746500  6 26 10  19.3 1005 225  4.4 8 11.1  79    0  123 365 -438  0
3797500 2746500  6 26 11  18.5 1005 246  4.2 8 11.1  80    0  167 371 -449  0
3797500 2746500  6 26 12  19.3 1005 220  4.8 7 11.1  80   18  318 369 -470  0
3797500 2746500  6 26 13  19.7 1006 226  3.8 7 10.9  76    2  258 370 -487  0
3797500 2746500  6 26 14  20.0 1006 230  4.8 7 10.7  73    9  285 372 -495  0
3797500 2746500  6 26 15  21.0 1006 240  4.5 7 10.6  70   31  307 375 -494  0
3797500 2746500  6 26 16  21.9 1006 247  4.9 6 10.7  66  335  257 375 -490  0
3797500 2746500  6 26 17  22.5 1007 241  4.6 5 10.5  62  323  185 370 -493  0
3797500 2746500  6 26 18  21.9 1007 251  5.0 5 10.0  59  239  138 365 -492  0
3797500 2746500  6 26 19  20.9 1007 265  2.9 5 10.0  62   95  111 362 -484  0
3797500 2746500  6 26 20  19.4 1008 256  3.4 5 10.0  67   43   53 357 -474  0
3797500 2746500  6 26 21  18.3 1008 245  3.3 3  9.5  70    6   11 347 -464  0
3797500 2746500  6 26 22  16.9 1009 268  1.1 7  9.3  73    0    0 351 -458  0
3797500 2746500  6 26 23  16.1 1010 262  2.4 7  9.1  77    0    0 362 -450  0
3797500 2746500  6 26 24  15.6 1011 250  1.9 8  8.9  78    0    0 364 -444  0
3797500 2746500  6 27  1  15.1 1011 238  2.0 8  8.8  80    0    0 366 -444  0
3797500 2746500  6 27  2  14.9 1011 249  1.9 8  8.7  81    0    0 365 -443  0
3797500 2746500  6 27  3  14.6 1011 246  1.8 8  8.5  81    0    0 364 -439  0
3797500 2746500  6 27  4  14.4 1012 239  1.9 8  8.4  81    0    0 365 -436  0
3797500 2746500  6 27  5  14.2 1012 256  1.5 8  8.3  82    0    0 366 -435  0
3797500 2746500  6 27  6  14.2 1012 280  1.0 7  8.3  82    0   10 364 -435  0
3797500 2746500  6 27  7  14.1 1012 263  1.5 8  8.2  82    0   27 363 -437  0
3797500 2746500  6 27  8  14.1 1012 281  1.0 8  8.1  81    0   70 364 -441  0
3797500 2746500  6 27  9  14.3 1013 339  0.9 8  8.2  81    0  104 364 -447  0
3797500 2746500  6 27 10  15.0 1013 236  0.7 8  8.4  80    0  108 364 -458  0
3797500 2746500  6 27 11  15.4 1013 289  0.9 8  8.4  78    0  132 366 -464  0
3797500 2746500  6 27 12  15.8 1013 314  1.0 8  8.5  76    0  127 368 -464  0
3797500 2746500  6 27 13  16.1 1013 318  0.9 8  8.5  75    0  163 372 -463  0
3797500 2746500  6 27 14  16.9 1013 260  0.9 7  8.5  72    0  195 372 -454  0
3797500 2746500  6 27 15  17.0 1013 311  1.4 8  8.3  69    0  175 375 -453  0
3797500 2746500  6 27 16  17.8 1013 285  1.8 7  8.2  66   18  295 377 -456  0
3797500 2746500  6 27 17  17.8 1013 315  1.8 7  8.4  66   15  242 374 -456  0
3797500 2746500  6 27 18  17.4 1012 330  1.7 8  8.4  66    2  133 375 -454  0
3797500 2746500  6 27 19  17.6 1013 326  1.8 8  8.2  66    1   86 377 -443  0
3797500 2746500  6 27 20  17.4 1013 340  1.1 7  8.3  66    4   53 374 -429  0
3797500 2746500  6 27 21  16.2 1013 297  0.4 6  8.3  70    0    9 366 -414  0
3797500 2746500  6 27 22  15.5 1014 327  1.1 6  8.1  72    0    0 358 -402  0
3797500 2746500  6 27 23  15.1 1014 305  1.2 7  7.9  73    0    0 360 -396  0
3797500 2746500  6 27 24  15.2 1014   8  1.3 6  8.1  75    0    0 360 -393  0
3797500 2746500  6 28  1  15.2 1014  29  1.6 8  8.2  76    0    0 366 -388  0
3797500 2746500  6 28  2  15.2 1014  29  1.3 8  8.1  75    0    0 373 -384  0
3797500 2746500  6 28  3  14.8 1014  86  1.0 8  8.0  75    0    0 372 -381  0
3797500 2746500  6 28  4  14.7 1014  53  1.8 7  8.0  76    0    0 363 -381  0
3797500 2746500  6 28  5  14.3 1014  42  2.0 6  8.0  77    0    2 350 -382  0
3797500 2746500  6 28  6  14.7 1014  54  1.7 7  8.0  78    0   35 347 -382  0
3797500 2746500  6 28  7  15.4 1014  84  2.0 6  8.0  74    9  106 345 -384  0
3797500 2746500  6 28  8  15.9 1014  51  2.1 5  7.8  70   95  202 336 -391  0
3797500 2746500  6 28  9  17.5 1014  49  2.3 3  7.8  66  317  212 328 -403  0
3797500 2746500  6 28 10  17.3 1014  47  1.8 3  7.7  62  244  313 323 -419  0
3797500 2746500  6 28 11  17.6 1014  11  2.2 5  7.5  60  151  375 327 -436  0
3797500 2746500  6 28 12  19.3 1014  14  1.2 4  7.5  57  215  401 333 -451  0
3797500 2746500  6 28 13  19.4 1014  80  1.6 4  7.5  53  277  398 331 -463  0
3797500 2746500  6 28 14  20.7 1014  49  1.9 4  7.4  51  293  379 331 -470  0
3797500 2746500  6 28 15  20.2 1014  54  2.3 4  7.3  48  289  344 331 -471  0
3797500 2746500  6 28 16  21.0 1014 246  0.9 5  7.2  48  183  314 334 -468  0
3797500 2746500  6 28 17  20.6 1013  32  1.5 4  7.6  50  170  251 337 -464  0
3797500 2746500  6 28 18  20.4 1013  58  1.6 4  7.5  50  190  164 335 -460  0
3797500 2746500  6 28 19  19.8 1013  33  3.0 3  7.5  51  144   99 332 -451  0
3797500 2746500  6 28 20  18.8 1013  38  2.2 5  7.6  55   55   57 332 -439  0
3797500 2746500  6 28 21  18.0 1013  26  1.8 4  7.5  56    2   10 332 -427  0
3797500 2746500  6 28 22  17.3 1014  43  1.5 1  7.3  58    0    0 316 -417  0
3797500 2746500  6 28 23  16.6 1014  53  1.3 0  7.2  60    0    0 300 -409  0
3797500 2746500  6 28 24  15.8 1015  41  1.3 0  7.3  63    0    0 294 -403  0
3797500 2746500  6 29  1  14.7 1015  49  2.0 2  7.3  68    0    0 297 -397  0
3797500 2746500  6 29  2  14.1 1015  57  1.9 1  7.3  72    0    0 298 -392  0
3797500 2746500  6 29  3  13.9 1015  59  1.7 0  7.3  74    0    0 287 -387  0
3797500 2746500  6 29  4  13.8 1015  62  1.5 0  7.3  74    0    0 282 -383  0
3797500 2746500  6 29  5  13.4 1015  50  1.7 1  7.3  76    0    6 286 -380  0
3797500 2746500  6 29  6  14.1 1015  48  1.9 1  7.4  76   10   54 289 -379  0
3797500 2746500  6 29  7  15.0 1015  39  2.2 1  7.6  73   63  127 289 -383  0
3797500 2746500  6 29  8  17.1 1015  60  2.5 0  7.9  70  226  156 290 -393  0
3797500 2746500  6 29  9  18.4 1015  66  2.8 0  8.2  65  400  152 294 -409  0
3797500 2746500  6 29 10  19.8 1015  37  3.3 0  8.1  58  546  147 301 -427  0
3797500 2746500  6 29 11  21.2 1015  17  3.0 0  8.2  54  593  185 308 -445  0
3797500 2746500  6 29 12  21.9 1015  23  4.2 2  8.5  53  515  270 323 -460  0
3797500 2746500  6 29 13  21.7 1015  25  3.3 2  8.2  50  524  276 332 -471  0
3797500 2746500  6 29 14  22.2 1015  51  2.7 3  7.5  46  419  313 336 -479  0
3797500 2746500  6 29 15  23.5 1014  47  2.1 3  7.3  42  389  287 342 -482  0
3797500 2746500  6 29 16  23.4 1014  69  2.3 3  7.7  42  339  249 346 -482  0
3797500 2746500  6 29 17  23.3 1014  24  2.6 2  7.9  44  349  167 344 -479  0
3797500 2746500  6 29 18  23.4 1014  12  2.5 1  7.9  44  289  110 338 -474  0
3797500 2746500  6 29 19  23.9 1014  33  2.2 0  8.0  44  167   84 334 -466  0
3797500 2746500  6 29 20  23.4 1014  45  2.6 0  8.1  45   57   53 330 -456  0
3797500 2746500  6 29 21  22.2 1015  40  2.0 0  8.2  47    4   10 327 -446  0
3797500 2746500  6 29 22  20.9 1015  44  1.6 1  8.4  52    0    0 327 -438  0
3797500 2746500  6 29 23  20.5 1016  60  2.2 1  8.5  56    0    0 330 -432  0
3797500 2746500  6 29 24  19.5 1016  54  1.5 0  8.5  58    0    0 324 -426  0
3797500 2746500  6 30  1  18.5 1016  70  1.0 0  8.7  64    0    0 318 -420  0
3797500 2746500  6 30  2  18.0 1016  61  1.3 2  9.1  69    0    0 324 -417  0
3797500 2746500  6 30  3  16.8 1016 102  1.0 3  9.0  73    0    0 333 -417  0
3797500 2746500  6 30  4  17.1 1016  89  1.4 2  9.0  74    0    0 332 -417  0
3797500 2746500  6 30  5  17.4 1017  62  1.6 2  9.1  74    0    4 330 -415  0
3797500 2746500  6 30  6  18.2 1017  89  1.0 1  9.3  73   16   59 327 -412  0
3797500 2746500  6 30  7  19.5 1017  88  0.9 0  9.7  71  110  120 320 -411  0
3797500 2746500  6 30  8  21.0 1017 112  1.4 0 10.1  68  250  146 318 -415  0
3797500 2746500  6 30  9  22.7 1017 132  1.2 0 10.5  64  409  150 324 -423  0
3797500 2746500  6 30 10  23.6 1017  99  2.0 0 10.1  57  551  148 331 -434  0
3797500 2746500  6 30 11  23.7 1017  86  2.5 1  9.4  52  617  175 338 -444  0
3797500 2746500  6 30 12  24.8 1017 136  2.2 1  9.1  48  629  209 347 -453  0
3797500 2746500  6 30 13  25.1 1017  19  2.2 1  9.0  46  645  211 352 -462  0
3797500 2746500  6 30 14  25.8 1017  89  1.9 2  9.0  44  521  266 359 -469  0
3797500 2746500  6 30 15  26.8 1017  28  2.2 3  9.3  44  409  282 369 -474  0
3797500 2746500  6 30 16  26.5 1017  24  1.9 2  8.9  41  474  184 370 -476  0
3797500 2746500  6 30 17  26.5 1016  87  2.4 1  8.6  40  432  126 360 -474  0
3797500 2746500  6 30 18  26.9 1016  42  2.2 1  8.7  40  308  106 356 -468  0
3797500 2746500  6 30 19  26.6 1016  60  2.0 0  8.6  39  170   87 350 -457  0
3797500 2746500  6 30 20  25.8 1016  56  2.4 0  8.5  40   62   54 343 -445  0
3797500 2746500  6 30 21  24.6 1017  51  2.3 0  8.5  42    4   11 340 -433  0
3797500 2746500  6 30 22  23.3 1017  58  2.1 0  8.6  46    0    0 336 -421  0
3797500 2746500  6 30 23  22.4 1018  74  1.8 0  8.7  50    0    0 331 -413  0
3797500 2746500  6 30 24  21.5 1018  81  2.3 0  8.8  54    0    0 330 -407  0
3797500 2746500  7  1  1  20.6 1018  83  1.6 0  8.6  57    0    0 325 -400  0
3797500 2746500  7  1  2  20.1 1018  47  1.5 0  8.5  57    0    0 323 -398  0
3797500 2746500  7  1  3  18.3 1018  41  1.1 0  8.6  62    0    0 319 -395  0
3797500 2746500  7  1  4  18.2 1018  66  1.4 0  8.6  66    0    0 315 -391  0
3797500 2746500  7  1  5  17.9 1019  92  2.0 1  8.5  66    0    6 318 -388  0
3797500 2746500  7  1  6  19.0 1019  95  1.1 0  8.9  67   31   54 319 -387  0
3797500 2746500  7  1  7  21.0 1019 106  1.3 0  9.5  65  132   99 319 -392  0
3797500 2746500  7  1  8  22.9 1019 108  1.7 0  9.3  57  274  118 324 -404  0
3797500 2746500  7  1  9  24.8 1019 141  1.6 0  8.9  48  430  121 331 -421  0
3797500 2746500  7  1 10  25.2 1019 131  2.7 0  8.8  44  569  123 336 -440  0
3797500 2746500  7  1 11  25.8 1018 129  2.3 0  8.6  42  680  121 340 -459  0
3797500 2746500  7  1 12  26.4 1018  91  1.9 0  8.9  42  755  116 345 -475  0
3797500 2746500  7  1 13  27.2 1018 118  2.0 0  8.6  39  791  108 349 -488  0
3797500 2746500  7  1 14  27.6 1017 108  2.3 0  8.0  35  780   99 351 -496  0
3797500 2746500  7  1 15  28.6 1017 137  2.4 1  7.9  34  711  100 359 -499  0
3797500 2746500  7  1 16  29.2 1017  77  2.1 1  7.9  32  598  104 364 -498  0
3797500 2746500  7  1 17  29.1 1016  54  2.5 1  8.0  32  466  102 365 -498  0
3797500 2746500  7  1 18  29.0 1016  82  2.6 1  8.1  32  323   95 363 -494  0
3797500 2746500  7  1 19  28.1 1015  95  2.8 0  8.5  35  178   81 357 -484  0
3797500 2746500  7  1 20  27.0 1015  91  3.1 1  8.9  39   58   52 354 -472  0
3797500 2746500  7  1 21  25.7 1015  37  2.1 1  9.1  42    2    8 353 -459  0
3797500 2746500  7  1 22  24.8 1016  82  2.2 1  9.1  45    0    0 348 -447  0
3797500 2746500  7  1 23  23.4 1016  86  2.2 1  9.0  48    0    0 343 -437  0
3797500 2746500  7  1 24  21.5 1016 107  2.9 1  9.1  54    0    0 339 -429  0
3797500 2746500  7  2  1  21.4 1016 111  2.1 0  9.4  59    0    0 332 -423  0
3797500 2746500  7  2  2  21.4 1016 118  2.0 0  9.4  59    0    0 328 -419  0
3797500 2746500  7  2  3  20.7 1016 112  1.7 0  9.0  58    0    0 324 -415  0
3797500 2746500  7  2  4  20.7 1016 108  1.7 0  8.7  57    0    0 321 -411  0
3797500 2746500  7  2  5  19.3 1016 111  1.7 0  8.8  60    0    8 317 -408  0
3797500 2746500  7  2  6  20.3 1016 107  1.2 0  9.0  63   38   55 315 -406  0
3797500 2746500  7  2  7  22.2 1016 107  1.8 0  9.5  60  138   97 316 -411  0
3797500 2746500  7  2  8  24.4 1016 118  2.1 0  9.8  55  274  118 321 -422  0
3797500 2746500  7  2  9  26.0 1016 130  3.4 0  9.3  46  424  125 325 -439  0
3797500 2746500  7  2 10  26.5 1016 129  3.8 0  8.5  40  555  131 329 -458  0
3797500 2746500  7  2 11  26.7 1016 129  4.4 1  7.7  36  634  150 333 -475  0
3797500 2746500  7  2 12  27.2 1015 108  4.4 1  7.2  33  698  151 339 -490  0
3797500 2746500  7  2 13  27.7 1015  91  3.4 0  7.3  32  754  129 339 -502  0
3797500 2746500  7  2 14  28.3 1015 103  3.9 0  7.3  31  756  113 338 -510  0
3797500 2746500  7  2 15  28.9 1014  88  3.9 0  7.4  30  704  103 339 -515  0
3797500 2746500  7  2 16  29.1 1013  63  3.9 0  7.3  29  599  104 340 -515  0
3797500 2746500  7  2 17  29.1 1013  66  3.8 0  7.1  28  469  101 339 -511  0
3797500 2746500  7  2 18  28.6 1013  89  3.9 0  7.2  29  328   94 337 -502  0
3797500 2746500  7  2 19  28.2 1012  80  3.0 0  7.0  29  185   80 336 -488  0
3797500 2746500  7  2 20  27.5 1012  84  2.9 1  6.9  30   64   53 336 -474  0
3797500 2746500  7  2 21  25.2 1012  90  2.6 1  6.9  32    3   10 335 -460  0
3797500 2746500  7  2 22  23.9 1012  91  2.2 1  7.0  36    0    0 327 -446  0
3797500 2746500  7  2 23  22.4 1013  99  2.7 1  7.1  40    0    0 322 -434  0
3797500 2746500  7  2 24  22.2 1013  89  3.0 1  7.2  43    0    0 318 -425  0
3797500 2746500  7  3  1  21.4 1013 108  2.4 1  7.4  45    0    0 316 -418  0
3797500 2746500  7  3  2  20.2 1013 120  2.6 0  7.5  49    0    0 308 -411  0
3797500 2746500  7  3  3  20.2 1013 112  2.2 1  7.5  51    0    0 305 -405  0
3797500 2746500  7  3  4  20.0 1013 121  2.2 1  7.5  51    0    0 308 -401  0
3797500 2746500  7  3  5  20.2 1013 120  2.4 1  7.6  52    0   10 308 -397  0
3797500 2746500  7  3  6  20.9 1013 120  2.3 1  7.8  52   42   55 309 -395  0
3797500 2746500  7  3  7  22.9 1013 112  2.1 0  8.2  50  148   92 307 -399  0
3797500 2746500  7  3  8  24.2 1013  95  2.4 0  8.4  46  285  111 307 -411  0
3797500 2746500  7  3  9  25.1 1012  97  3.1 0  8.5  44  439  113 310 -430  0
3797500 2746500  7  3 10  25.8 1012 128  4.2 1  8.0  39  578  113 317 -453  0
3797500 2746500  7  3 11  26.0 1012  95  3.4 0  7.4  36  686  112 319 -474  0
3797500 2746500  7  3 12  27.1 1011  73  4.4 0  7.4  34  757  109 319 -492  0
3797500 2746500  7  3 13  28.1 1011 120  3.6 0  7.9  34  792  101 327 -502  0
3797500 2746500  7  3 14  28.8 1011 114  3.7 0  8.4  35  782   92 332 -506  0
3797500 2746500  7  3 15  29.1 1010 112  1.5 0  7.6  30  724   87 333 -511  0
3797500 2746500  7  3 16  29.5 1009  54  3.7 0  7.1  28  611   93 333 -515  0
3797500 2746500  7  3 17  29.6 1009  63  3.6 0  7.3  28  478   92 334 -511  0
3797500 2746500  7  3 18  29.4 1009  67  4.0 1  7.3  28  329   90 338 -498  0
3797500 2746500  7  3 19  28.9 1009  64  3.6 0  7.3  29  187   76 336 -486  0
3797500 2746500  7  3 20  27.5 1009  87  3.0 1  7.1  30   64   52 332 -473  0
3797500 2746500  7  3 21  25.8 1009  82  2.2 1  6.9  32    3    9 330 -459  0
3797500 2746500  7  3 22  23.8 1009  95  2.0 0  7.0  35    0    0 318 -446  0
3797500 2746500  7  3 23  23.7 1010  95  1.8 1  7.2  39    0    0 314 -434  0
3797500 2746500  7  3 24  21.0 1010  99  2.1 1  7.6  45    0    0 313 -424  0
3797500 2746500  7  4  1  21.3 1010 125  2.0 1  7.6  48    0    0 309 -417  0
3797500 2746500  7  4  2  20.3 1010 112  1.8 0  7.4  48    0    0 304 -411  0
3797500 2746500  7  4  3  20.2 1010 122  0.9 1  7.3  49    0    0 302 -406  0
3797500 2746500  7  4  4  20.6 1010 108  0.9 1  7.3  49    0    0 305 -401  0
3797500 2746500  7  4  5  19.0 1009 110  0.7 1  7.4  51    0    9 304 -397  0
3797500 2746500  7  4  6  21.5 1010  85  0.4 1  8.1  54   38   53 305 -396  0
3797500 2746500  7  4  7  25.0 1010 117  0.4 1  8.8  49  136   93 314 -400  0
3797500 2746500  7  4  8  26.1 1010 158  1.3 0  9.6  47  274  111 316 -413  0
3797500 2746500  7  4  9  27.7 1010 176  1.5 1 10.7  48  423  118 323 -432  0
3797500 2746500  7  4 10  28.1 1010 111  1.0 2 11.1  47  415  204 335 -454  0
3797500 2746500  7  4 11  29.5 1009 141  0.9 3 10.7  43  281  322 347 -476  0
3797500 2746500  7  4 12  29.2 1009 141  1.7 4 10.1  39  271  357 356 -494  0
3797500 2746500  7  4 13  30.2 1009 127  2.0 3  9.6  36  344  343 358 -503  0
3797500 2746500  7  4 14  31.1 1008 250  1.6 3  8.8  32  369  318 358 -508  0
3797500 2746500  7  4 15  29.6 1008 145  1.9 2  8.8  32  452  241 354 -511  0
3797500 2746500  7  4 16  31.6 1008 194  2.3 2  8.3  30  556  114 351 -513  0
3797500 2746500  7  4 17  32.3 1008 100  2.0 2  7.1  24  466   88 352 -509  0
3797500 2746500  7  4 18  32.1 1007 207  1.7 2  7.2  24  309   89 353 -499  0
3797500 2746500  7  4 19  31.1 1007 103  2.1 3  7.9  27  115   97 356 -489  0
3797500 2746500  7  4 20  29.3 1008  65  1.0 3  8.5  31   41   48 355 -476  0
3797500 2746500  7  4 21  28.6 1007  97  1.5 3  8.5  34    4   10 351 -461  0
3797500 2746500  7  4 22  27.3 1007  92  1.7 3  8.9  37    0    0 348 -448  0
3797500 2746500  7  4 23  24.8 1008  98  1.3 2  9.6  45    0    0 341 -439  0
3797500 2746500  7  4 24  24.1 1008 111  1.3 1 10.0  52    0    0 332 -431  0
3797500 2746500  7  5  1  25.1 1008 140  1.6 3 10.2  52    0    0 336 -424  0
3797500 2746500  7  5  2  24.7 1007 134  1.3 3 10.4  53    0    0 343 -420  0
3797500 2746500  7  5  3  24.6 1007 145  1.5 3 10.7  54    0    0 343 -417  0
3797500 2746500  7  5  4  24.8 1007 152  2.5 3 10.7  55    0    0 345 -415  0
3797500 2746500  7  5  5  23.8 1007 114  1.8 5 10.7  56    0    2 350 -413  0
3797500 2746500  7  5  6  25.5 1007 128  1.4 6 11.0  56    9   45 359 -412  0
3797500 2746500  7  5  7  26.8 1007 179  1.0 4 11.4  53   54  105 361 -416  0
3797500 2746500  7  5  8  27.0 1007 212  2.4 4 11.5  51  129  163 357 -426  0
3797500 2746500  7  5  9  27.4 1008 240  2.2 5 11.6  51  253  194 361 -443  0
3797500 2746500  7  5 10  28.6 1008 245  1.7 3 11.2  47  602   73 361 -460  0
3797500 2746500  7  5 11  29.1 1008 131  1.6 3 10.5  42  709   78 361 -475  0
3797500 2746500  7  5 12  30.4 1008 214  1.6 2 10.2  39  788   69 364 -490  0
3797500 2746500  7  5 13  31.7 1007 214  1.8 2 10.3  36  503  244 369 -504  0
3797500 2746500  7  5 14  31.0 1007 240  2.5 4  9.9  34   47  313 376 -512  0
3797500 2746500  7  5 15  28.1 1007 264  2.8 6  9.7  37    0  170 380 -515  0
3797500 2746500  7  5 16  23.4 1007 240  1.4 7 11.5  55    0  166 378 -513  0
3797500 2746500  7  5 17  25.6 1007 102  2.1 5 12.7  65   19  187 374 -512  0
3797500 2746500  7  5 18  21.2 1008 261  1.7 8 11.7  64    0   50 373 -508  0
3797500 2746500  7  5 19  21.1 1008  23  1.5 8 11.4  72    0   44 375 -500  0
3797500 2746500  7  5 20  20.8 1009 132  0.6 8 12.1  77    4   40 376 -489  0
3797500 2746500  7  5 21  20.4 1009 135  1.2 6 12.3  80    0    5 370 -477  0
3797500 2746500  7  5 22  20.8 1009 197  1.8 5 12.1  79    0    0 362 -466  0
3797500 2746500  7  5 23  20.6 1009 197  1.8 4 11.7  76    0    0 357 -458  0
3797500 2746500  7  5 24  20.6 1009 196  1.5 2 11.6  76    0    0 348 -452  0
3797500 2746500  7  6  1  19.4 1009 156  1.7 3 12.0  82    0    0 342 -446  0
3797500 2746500  7  6  2  20.8 1009 183  1.9 4 12.5  84    0    0 349 -443  0
3797500 2746500  7  6  3  20.7 1009 141  2.1 4 12.6  81    0    0 354 -440  0
3797500 2746500  7  6  4  21.0 1009 146  2.1 4 12.6  81    0    0 356 -436  0
3797500 2746500  7  6  5  20.5 1009 210  1.8 5 12.6  81    0   11 361 -433  0
3797500 2746500  7  6  6  20.7 1009 206  1.9 4 12.7  83   10   49 362 -433  0
3797500 2746500  7  6  7  20.8 1010 233  1.4 8 12.9  84    2   83 374 -436  0
3797500 2746500  7  6  8  21.0 1010 231  2.0 8 13.2  84   17  167 390 -442  0
3797500 2746500  7  6  9  21.3 1010 231  1.8 8 13.3  84    7  197 391 -450  0
3797500 2746500  7  6 10  22.0 1010 219  1.9 8 13.1  80    0  182 393 -463  0
3797500 2746500  7  6 11  22.6 1010 227  1.8 7 12.9  76   49  337 392 -476  0
3797500 2746500  7  6 12  23.5 1010 261  1.5 6 13.0  73  153  399 390 -487  0
3797500 2746500  7  6 13  25.2 1010 225  1.2 6 12.8  66  191  407 393 -493  0
3797500 2746500  7  6 14  26.2 1010 264  1.8 5 12.3  59  286  376 395 -497  0
3797500 2746500  7  6 15  26.7 1009  38  1.9 4 11.6  54  384  303 390 -497  0
3797500 2746500  7  6 16  27.8 1009 234  1.7 3 11.1  48  281  285 384 -489  0
3797500 2746500  7  6 17  27.7 1009 196  1.1 2 10.8  46  152  247 377 -480  0
3797500 2746500  7  6 18  26.6 1008 223  1.5 4 11.2  49   68  178 378 -480  0
3797500 2746500  7  6 19  24.4 1008 192  2.4 8 11.9  58    2   82 396 -479  0
3797500 2746500  7  6 20  23.2 1009 284  2.1 8 12.1  65    2   39 406 -468  0
3797500 2746500  7  6 21  22.2 1009 279  1.1 6 12.0  69    0    1 394 -452  0
3797500 2746500  7  6 22  21.8 1009 252  1.7 6 12.0  72    0    0 384 -443  0
3797500 2746500  7  6 23  21.2 1010 283  1.2 7 11.9  73    0    0 385 -439  0
3797500 2746500  7  6 24  20.5 1010 252  0.2 6 11.9  77    0    0 383 -434  0
3797500 2746500  7  7  1  19.9 1010 241  1.6 7 12.1  81    0    0 380 -431  0
3797500 2746500  7  7  2  19.7 1010 248  1.6 6 12.3  84    0    0 379 -430  0
3797500 2746500  7  7  3  19.4 1010 244  1.8 6 12.3  86    0    0 374 -429  0
3797500 2746500  7  7  4  19.6 1010 245  1.7 8 12.3  86    0    0 380 -428  0
3797500 2746500  7  7  5  19.7 1009 238  1.4 7 12.4  86    0    0 383 -426  0
3797500 2746500  7  7  6  19.6 1010 191  1.0 7 12.4  86    0   24 378 -426  0
3797500 2746500  7  7  7  20.1 1010 246  1.8 6 12.5  86    0   77 374 -430  0
3797500 2746500  7  7  8  20.3 1010 240  2.1 6 12.8  86    3  139 371 -439  0
3797500 2746500  7  7  9  20.9 1010 231  2.0 7 12.9  84    0  166 377 -449  0
3797500 2746500  7  7 10  21.2 1010 248  1.8 8 12.8  81    0  194 387 -459  0
3797500 2746500  7  7 11  21.9 1010 246  2.2 7 12.9  79   24  311 390 -470  0
3797500 2746500  7  7 12  23.0 1010 246  2.8 5 12.8  75  142  402 382 -482  0
3797500 2746500  7  7 13  24.1 1010 258  3.7 5 12.5  68  231  408 380 -494  0
3797500 2746500  7  7 14  23.8 1010 252  3.5 5 11.9  64  189  394 381 -506  0
3797500 2746500  7  7 15  24.1 1009 268  3.0 4 11.6  62  225  359 377 -514  0
3797500 2746500  7  7 16  23.6 1010 258  3.7 4 11.2  60  273  292 372 -516  0
3797500 2746500  7  7 17  24.0 1010 269  2.1 5 10.9  59  138  252 373 -513  0
3797500 2746500  7  7 18  24.1 1009 286  2.2 7 11.0  58   18  152 384 -507  0
3797500 2746500  7  7 19  23.6 1009 307  1.2 6 11.1  60   13  100 388 -498  0
3797500 2746500  7  7 20  22.6 1009 260  1.2 6 11.4  64   10   47 383 -488  0
3797500 2746500  7  7 21  21.6 1009 298  1.1 6 11.6  69    0    1 381 -477  0
3797500 2746500  7  7 22  20.9 1010 295  1.1 7 11.8  74    0    0 382 -468  0
3797500 2746500  7  7 23  20.5 1010 252  0.7 7 12.0  78    0    0 385 -461  0
3797500 2746500  7  7 24  20.2 1011 259  1.1 5 12.2  81    0    0 377 -454  0
3797500 2746500  7  8  1  20.1 1011 239  0.8 6 12.2  82    0    0 372 -447  0
3797500 2746500  7  8  2  19.9 1011 232  1.5 6 12.3  83    0    0 374 -441  0
3797500 2746500  7  8  3  19.4 1010 243  1.5 6 12.1  84    0    0 373 -435  0
3797500 2746500  7  8  4  19.2 1010 241  1.7 8 11.7  83    0    0 378 -429  0
3797500 2746500  7  8  5  18.2 1010 249  1.5 8 11.3  83    0    0 383 -423  0
3797500 2746500  7  8  6  17.9 1011 240  1.5 6 11.3  86    0   15 373 -419  0
3797500 2746500  7  8  7  18.1 1011 229  1.4 7 11.3  87    0   39 369 -421  0
3797500 2746500  7  8  8  18.4 1011 239  1.7 8 11.3  86    2  125 378 -427  0
3797500 2746500  7  8  9  18.7 1012 238  1.0 7 11.3  84   38  236 381 -434  0
3797500 2746500  7  8 10  19.7 1012 265  1.5 6 10.7  77  176  294 378 -443  0
3797500 2746500  7  8 11  20.5 1012 256  1.8 6 10.0  68  277  315 378 -454  0
3797500 2746500  7  8 12  22.5 1012 249  2.0 6  9.6  60  369  312 384 -457  0
3797500 2746500  7  8 13  21.5 1012 247  2.6 6  9.4  57  229  369 387 -461  0
3797500 2746500  7  8 14  22.8 1012 292  2.5 6  9.1  55  191  355 386 -476  0
3797500 2746500  7  8 15  23.0 1011 221  3.1 5  9.0  51  221  322 383 -485  0
3797500 2746500  7  8 16  23.9 1011 312  2.0 5  9.0  50  205  273 380 -490  0
3797500 2746500  7  8 17  24.4 1011 328  2.7 5  8.9  47  179  219 379 -492  0
3797500 2746500  7  8 18  24.0 1011 251  2.8 3  8.8  46  174  148 370 -484  0
3797500 2746500  7  8 19  23.7 1011 243  2.2 2  8.8  48  145   80 356 -475  0
3797500 2746500  7  8 20  22.3 1011 232  2.0 4  8.8  50   51   46 354 -466  0
3797500 2746500  7  8 21  21.3 1011 241  1.7 4  8.7  53    1    8 354 -452  0
3797500 2746500  7  8 22  19.4 1011 162  1.0 4  8.7  58    0    0 348 -439  0
3797500 2746500  7  8 23  18.9 1011 123  1.6 4  9.0  65    0    0 343 -431  0
3797500 2746500  7  8 24  18.6 1011 151  1.2 1  9.3  68    0    0 331 -425  0
3797500 2746500  7  9  1  19.0 1011 117  1.5 4  9.2  67    0    0 330 -420  0
3797500 2746500  7  9  2  18.4 1011 131  1.6 4  9.2  68    0    0 336 -415  0
3797500 2746500  7  9  3  18.9 1010 158  1.9 2  9.2  68    0    0 328 -411  0
3797500 2746500  7  9  4  18.9 1010 178  2.3 5  9.7  71    0    0 331 -407  0
3797500 2746500  7  9  5  19.2 1009 179  2.2 5 10.3  74    0    8 339 -403  0
3797500 2746500  7  9  6  19.7 1009 221  2.0 3 10.4  73    1   39 335 -401  0
3797500 2746500  7  9  7  20.1 1009 170  2.3 7 10.7  73    0   36 342 -405  0
3797500 2746500  7  9  8  21.0 1009 161  3.2 7 11.0  72    0   95 357 -417  0
3797500 2746500  7  9  9  21.4 1009 170  3.6 8 11.1  70    0  127 367 -433  0
3797500 2746500  7  9 10  22.9 1009 182  3.9 6 11.3  67   72  332 371 -449  0
3797500 2746500  7  9 11  25.3 1008 190  4.5 4 11.5  61  489  291 370 -464  0
3797500 2746500  7  9 12  25.9 1008 244  4.6 6 11.2  54  195  428 380 -479  0
3797500 2746500  7  9 13  26.0 1008 233  6.1 5 10.3  49  216  438 385 -490  0
3797500 2746500  7  9 14  25.6 1008 244  5.7 5  9.8  47  110  403 381 -496  0
3797500 2746500  7  9 15  25.4 1008 235  5.3 7  9.9  48   30  300 388 -501  0
3797500 2746500  7  9 16  24.2 1008 253  6.3 6  9.7  49   24  254 388 -500  0
3797500 2746500  7  9 17  25.2 1008 231  5.9 5  9.4  48   84  262 379 -489  0
3797500 2746500  7  9 18  25.3 1008 231  4.4 5  9.8  48   88  198 378 -477  0
3797500 2746500  7  9 19  24.8 1008 240  3.8 5  9.4  47   42  123 378 -469  0
3797500 2746500  7  9 20  23.9 1008 238  2.5 7  8.9  46   11   52 385 -461  0
3797500 2746500  7  9 21  23.5 1009 237  3.2 7  9.4  51    0    0 393 -450  0
3797500 2746500  7  9 22  22.4 1010 221  2.9 6  9.9  56    0    0 390 -442  0
3797500 2746500  7  9 23  22.2 1010 220  3.5 5 10.2  60    0    0 383 -437  0
3797500 2746500  7  9 24  21.6 1011 240  2.8 3 10.5  63    0    0 373 -433  0
3797500 2746500  7 10  1  20.8 1012 254  3.1 4 10.7  68    0    0 370 -429  0
3797500 2746500  7 10  2  19.4 1012 258  2.4 3 10.3  70    0    0 367 -428  0
3797500 2746500  7 10  3  18.0 1013 246  1.6 1  9.6  71    0    0 352 -428  0
3797500 2746500  7 10  4  17.4 1013 251  2.8 2  9.4  74    0    0 346 -426  0
3797500 2746500  7 10  5  17.3 1014 239  1.8 4  9.4  76    0    0 353 -424  0
3797500 2746500  7 10  6  17.3 1015 250  1.7 6  9.4  76    0   15 365 -422  0
3797500 2746500  7 10  7  17.4 1015 242  1.3 7  9.6  78    0   54 376 -424  0
3797500 2746500  7 10  8  17.6 1016 225  2.6 7  9.8  78    6  145 381 -429  0
3797500 2746500  7 10  9  18.9 1016 222  3.2 6  9.9  76   68  253 379 -436  0
3797500 2746500  7 10 10  19.8 1017 192  3.0 4  9.8  70  243  287 374 -447  0
3797500 2746500  7 10 11  21.0 1017 219  2.9 4  9.7  65  204  348 371 -461  0
3797500 2746500  7 10 12  21.2 1017 268  2.1 5  9.5  61  119  379 377 -476  0
3797500 2746500  7 10 13  22.9 1017 271  1.8 5  9.6  58  223  384 382 -490  0
3797500 2746500  7 10 14  22.8 1017 222  1.5 5  9.5  55  332  340 385 -499  0
3797500 2746500  7 10 15  24.0 1017 226  2.0 3  8.8  49  509  216 380 -505  0
3797500 2746500  7 10 16  25.0 1017 113  1.4 2  8.9  46  577  109 376 -508  0
3797500 2746500  7 10 17  24.9 1016 109  2.0 1  9.0  46  458  101 371 -508  0
3797500 2746500  7 10 18  25.3 1016 263  1.5 1  9.0  45  316   94 367 -506  0
3797500 2746500  7 10 19  25.5 1016 268  1.0 1  8.9  44  176   77 365 -496  0
3797500 2746500  7 10 20  24.6 1016 344  1.2 1  9.0  45   59   50 361 -483  0
3797500 2746500  7 10 21  23.3 1016 345  1.4 3  9.3  50    2    9 361 -470  0
3797500 2746500  7 10 22  21.2 1016  46  1.4 3  9.5  56    0    0 358 -457  0
3797500 2746500  7 10 23  21.4 1017  97  1.2 3  9.6  61    0    0 353 -446  0
3797500 2746500  7 10 24  20.4 1016  92  1.6 4  9.6  62    0    0 354 -439  0
3797500 2746500  7 11  1  20.2 1016 121  1.4 5  9.5  64    0    0 358 -433  0
3797500 2746500  7 11  2  19.8 1016 105  1.5 4  9.7  66    0    0 360 -428  0
3797500 2746500  7 11  3  20.8 1015 121  1.4 3  9.8  66    0    0 358 -423  0
3797500 2746500  7 11  4  21.1 1015 159  1.5 6  9.7  63    0    0 366 -421  0
3797500 2746500  7 11  5  19.8 1015 239  2.1 6  9.9  66    0    0 374 -422  0
3797500 2746500  7 11  6  20.4 1015 135  1.6 6 10.2  70   11   47 374 -425  0
3797500 2746500  7 11  7  23.0 1015 197  1.4 2 10.3  63  132   86 367 -432  0
3797500 2746500  7 11  8  24.5 1014 190  1.7 1 10.6  58  256  114 360 -441  0
3797500 2746500  7 11  9  25.8 1014 176  2.7 2 10.7  54  411  116 367 -451  0
3797500 2746500  7 11 10  27.1 1014 231  2.7 2 10.7  50  497  149 378 -462  0
3797500 2746500  7 11 11  27.6 1014 241  3.0 2 11.1  49  574  166 386 -473  0
3797500 2746500  7 11 12  26.6 1014 279  3.0 4 11.5  51  281  347 393 -483  0
3797500 2746500  7 11 13  27.8 1014 281  3.4 4 11.8  52  286  357 400 -491  0
3797500 2746500  7 11 14  26.4 1015 315  3.1 5 12.1  54  138  358 402 -490  0
3797500 2746500  7 11 15  26.4 1015 319  2.6 4 12.3  57  135  328 398 -490  0
3797500 2746500  7 11 16  25.6 1015 329  2.4 6 12.2  58    4  198 395 -495  0
3797500 2746500  7 11 17  25.5 1016 318  3.1 8 11.8  58    0  134 401 -493  0
3797500 2746500  7 11 18  25.0 1016   6  3.6 6 11.5  57   95  166 396 -486  0
3797500 2746500  7 11 19  24.4 1016 349  3.3 4 11.4  58   88  101 380 -477  0
3797500 2746500  7 11 20  23.8 1016 346  2.5 4 11.1  59   19   47 370 -467  0
3797500 2746500  7 11 21  23.0 1017   3  2.3 4 10.8  60    0    3 366 -457  0
3797500 2746500  7 11 22  22.0 1017 347  2.1 4 10.7  63    0    0 363 -448  0
3797500 2746500  7 11 23  21.1 1018  10  2.9 3 10.5  65    0    0 356 -438  0
3797500 2746500  7 11 24  20.5 1019  11  2.9 3 10.2  66    0    0 350 -431  0
3797500 2746500  7 12  1  19.7 1019  28  1.7 6 10.0  68    0    0 361 -424  0
3797500 2746500  7 12  2  19.3 1019  36  1.2 6  9.9  70    0    0 369 -419  0
3797500 2746500  7 12  3  18.3 1019  34  2.0 3  9.9  73    0    0 354 -415  0
3797500 2746500  7 12  4  17.4 1019  41  1.9 2  9.7  76    0    0 333 -414  0
3797500 2746500  7 12  5  17.0 1019  42  2.1 3  9.5  78    0    1 330 -413  0
3797500 2746500  7 12  6  17.5 1019  43  2.0 4  9.6  79    0   21 339 -414  0
3797500 2746500  7 12  7  18.6 1019  55  1.3 6 10.1  78    7   92 355 -415  0
3797500 2746500  7 12  8  20.0 1019  57  2.3 4 10.5  75  130  180 361 -418  0
3797500 2746500  7 12  9  21.5 1019  65  2.3 4 11.0  72  193  240 357 -425  0
3797500 2746500  7 12 10  22.0 1019  45  2.1 6 11.1  68  218  300 372 -431  0
3797500 2746500  7 12 11  22.9 1019  66  2.1 5 10.6  62  383  291 380 -433  0
3797500 2746500  7 12 12  23.2 1018  26  1.7 5  9.8  56  416  313 379 -436  0
3797500 2746500  7 12 13  24.2 1018  51  1.7 4  9.3  51  523  270 378 -444  0
3797500 2746500  7 12 14  24.9 1018  29  1.8 2  9.3  48  632  188 371 -457  0
3797500 2746500  7 12 15  25.9 1017  50  2.1 2  9.1  45  522  212 367 -474  0
3797500 2746500  7 12 16  25.9 1016  43  1.7 2  9.1  44  406  212 368 -482  0
3797500 2746500  7 12 17  26.8 1016 359  1.7 3  9.4  44  257  208 374 -477  0
3797500 2746500  7 12 18  26.9 1016  68  1.4 4  9.6  44  179  156 382 -469  0
3797500 2746500  7 12 19  26.1 1015  62  1.7 4  9.8  45   79  109 384 -460  0
3797500 2746500  7 12 20  25.7 1015  50  2.0 5  9.9  47   11   47 385 -453  0
3797500 2746500  7 12 21  24.4 1015  39  1.6 6 10.0  50    0    0 390 -446  0
3797500 2746500  7 12 22  23.3 1015  64  1.2 5 10.1  54    0    0 386 -441  0
3797500 2746500  7 12 23  22.8 1016  64  1.3 4 10.1  57    0    0 374 -435  0
3797500 2746500  7 12 24  21.9 1016  62  0.9 5 10.2  60    0    0 372 -430  0
3797500 2746500  7 13  1  21.2 1016  63  1.0 3 10.4  65    0    0 366 -426  0
3797500 2746500  7 13  2  20.5 1015  26  1.7 3 10.4  68    0    0 356 -422  0
3797500 2746500  7 13  3  19.5 1015  81  0.3 4 10.3  70    0    0 356 -419  0
3797500 2746500  7 13  4  19.1 1015  41  0.8 3 10.3  73    0    0 353 -415  0
3797500 2746500  7 13  5  18.3 1015  64  0.7 3 10.4  77    0    1 348 -413  0
3797500 2746500  7 13  6  19.4 1015  33  0.9 2 10.7  78    7   46 344 -413  0
3797500 2746500  7 13  7  21.1 1015  26  1.4 2 11.0  74   60  120 345 -416  0
3797500 2746500  7 13  8  23.2 1015  30  1.6 2 11.6  69  156  180 351 -419  0
3797500 2746500  7 13  9  24.6 1015  66  1.9 2 11.7  63  279  219 357 -429  0
3797500 2746500  7 13 10  26.0 1015  56  2.4 3 11.3  56  412  234 365 -447  0
3797500 2746500  7 13 11  26.9 1015  27  2.1 1 10.6  49  533  229 366 -464  0
3797500 2746500  7 13 12  27.3 1015 304  1.8 1  9.9  44  608  226 362 -479  0
3797500 2746500  7 13 13  27.2 1015 326  2.4 1  9.4  41  645  218 364 -491  0
3797500 2746500  7 13 14  28.5 1015 337  3.1 1  9.4  40  636  209 368 -496  0
3797500 2746500  7 13 15  28.4 1014 344  3.7 1  9.0  37  589  195 371 -497  0
3797500 2746500  7 13 16  29.0 1014 328  1.9 1  8.0  33  502  179 370 -502  0
3797500 2746500  7 13 17  29.2 1014   6  2.3 1  7.3  29  377  162 368 -501  0
3797500 2746500  7 13 18  28.9 1014 347  4.2 1  6.7  27  246  137 365 -493  0
3797500 2746500  7 13 19  28.5 1014   9  2.2 0  6.9  28  124  101 360 -482  0
3797500 2746500  7 13 20  26.7 1015 350  2.5 0  7.5  32   37   53 353 -467  0
3797500 2746500  7 13 21  25.2 1015 347  3.2 0  8.6  41    0    7 349 -452  0
3797500 2746500  7 13 22  23.7 1016  18  5.3 0  9.3  48    0    0 343 -439  0
3797500 2746500  7 13 23  22.5 1017  25  4.3 0  9.0  51    0    0 337 -430  0
3797500 2746500  7 13 24  20.2 1018  15  4.5 1  9.4  59    0    0 335 -422  0
3797500 2746500  7 14  1  19.5 1018  28  4.1 1  9.7  67    0    0 333 -415  0
3797500 2746500  7 14  2  19.1 1019  26  3.6 2  9.8  70    0    0 334 -410  0
3797500 2746500  7 14  3  18.7 1020  27  4.0 4  9.6  70    0    0 344 -405  0
3797500 2746500  7 14  4  18.7 1020  27  3.2 6  9.3  69    0    0 359 -400  0
3797500 2746500  7 14  5  18.3 1020  37  3.1 7  9.1  68    0    0 370 -396  0
3797500 2746500  7 14  6  17.3 1021  29  3.9 6  8.6  68    0   26 366 -393  0
3797500 2746500  7 14  7  16.9 1021  38  4.4 2  8.0  66   62  117 339 -394  0
3797500 2746500  7 14  8  17.3 1022  40  5.0 1  7.3  60  213  149 315 -400  0
3797500 2746500  7 14  9  17.8 1022  50  4.9 2  7.1  57  319  190 315 -411  0
3797500 2746500  7 14 10  18.4 1022  70  4.7 1  7.1  55  455  197 317 -423  0
3797500 2746500  7 14 11  19.1 1023  32  4.7 1  6.7  50  584  184 314 -437  0
3797500 2746500  7 14 12  20.0 1023  49  4.2 1  6.6  47  652  184 317 -450  0
3797500 2746500  7 14 13  20.8 1023  27  4.8 1  6.7  45  688  177 321 -461  0
3797500 2746500  7 14 14  22.5 1023  52  4.1 0  6.8  42  674  172 323 -468  0
3797500 2746500  7 14 15  22.8 1022  56  4.4 0  6.8  40  622  162 325 -471  0
3797500 2746500  7 14 16  23.3 1022  51  3.8 0  6.5  38  533  150 324 -474  0
3797500 2746500  7 14 17  23.2 1022  35  4.8 1  6.3  36  416  135 325 -474  0
3797500 2746500  7 14 18  23.1 1022  47  4.0 2  6.3  36  269  120 331 -470  0
3797500 2746500  7 14 19  22.5 1021  33  4.5 2  6.4  37  134   93 333 -458  0
3797500 2746500  7 14 20  21.7 1021  38  3.2 2  6.4  39   37   50 330 -443  0
3797500 2746500  7 14 21  20.9 1022  38  3.3 3  6.5  42    0    7 331 -429  0
3797500 2746500  7 14 22  19.8 1022  35  3.1 2  6.8  46    0    0 329 -418  0
3797500 2746500  7 14 23  18.6 1023  49  2.5 2  7.0  51    0    0 322 -409  0
3797500 2746500  7 14 24  17.5 1024  54  2.4 0  7.1  56    0    0 309 -402  0
3797500 2746500  7 15  1  16.5 1024  56  2.4 0  7.1  60    0    0 294 -397  0
3797500 2746500  7 15  2  15.4 1024  60  2.0 0  7.2  64    0    0 291 -392  0
3797500 2746500  7 15  3  14.6 1024  53  2.9 0  7.1  68    0    0 287 -388  0
3797500 2746500  7 15  4  14.3 1024  61  2.8 0  7.1  70    0    0 285 -384  0
3797500 2746500  7 15  5  14.1 1024  70  2.1 0  7.2  72    0    5 285 -380  0
3797500 2746500  7 15  6  14.7 1024  79  1.8 0  7.4  73   28   46 286 -379  0
3797500 2746500  7 15  7  15.9 1024  86  2.3 0  7.7  71  127   87 287 -382  0
3797500 2746500  7 15  8  17.6 1024  76  2.7 0  7.9  67  259  111 290 -394  0
3797500 2746500  7 15  9  19.9 1024  89  2.5 0  7.9  59  405  121 297 -410  0
3797500 2746500  7 15 10  21.5 1024  60  2.6 1  7.7  51  549  118 309 -429  0
3797500 2746500  7 15 11  22.6 1023  89  4.5 1  7.4  45  655  119 320 -447  0
3797500 2746500  7 15 12  23.0 1023  70  3.9 2  6.9  40  714  123 328 -462  0
3797500 2746500  7 15 13  23.5 1023  66  4.1 2  6.8  39  739  122 337 -474  0
3797500 2746500  7 15 14  24.4 1022  94  4.3 3  6.5  35  736  111 344 -483  0
3797500 2746500  7 15 15  24.7 1022  53  3.4 3  5.9  31  680  105 349 -489  0
3797500 2746500  7 15 16  25.2 1022  80  4.2 3  5.8  30  582  102 350 -490  0
3797500 2746500  7 15 17  25.8 1021  65  3.9 3  6.0  30  461   94 351 -486  0
3797500 2746500  7 15 18  25.9 1021  62  3.8 2  6.2  30  320   87 347 -480  0
3797500 2746500  7 15 19  25.6 1021  69  3.5 1  6.2  30  177   74 337 -470  0
3797500 2746500  7 15 20  24.9 1021  69  2.8 2  6.3  32   54   49 334 -459  0
3797500 2746500  7 15 21  24.0 1021  59  2.0 1  6.5  34    1    7 331 -447  0
3797500 2746500  7 15 22  22.6 1021  56  1.5 1  6.7  38    0    0 323 -435  0
3797500 2746500  7 15 23  21.3 1021  84  1.4 1  6.8  42    0    0 318 -426  0
3797500 2746500  7 15 24  19.9 1022  97  1.2 0  7.0  47    0    0 311 -420  0
3797500 2746500  7 16  1  19.6 1022  62  2.1 0  7.2  50    0    0 306 -414  0
3797500 2746500  7 16  2  19.5 1022  73  2.3 0  7.3  52    0    0 306 -408  0
3797500 2746500  7 16  3  18.9 1022  88  2.5 0  7.3  53    0    0 305 -403  0
3797500 2746500  7 16  4  17.7 1022  82  2.1 1  7.2  56    0    0 304 -399  0
3797500 2746500  7 16  5  17.3 1022  78  2.1 0  7.2  58    0    4 301 -395  0
3797500 2746500  7 16  6  18.1 1022  81  2.1 0  7.2  58   29   45 299 -393  0
3797500 2746500  7 16  7  19.5 1022  79  1.9 0  7.5  56  128   87 300 -396  0
3797500 2746500  7 16  8  21.1 1022  88  2.6 0  7.8  53  256  114 303 -406  0
3797500 2746500  7 16  9  23.3 1022  97  2.9 0  8.0  48  400  126 310 -423  0
3797500 2746500  7 16 10  25.1 1022  98  3.0 0  7.9  42  542  126 318 -443  0
3797500 2746500  7 16 11  25.6 1021  53  2.9 0  7.4  37  648  128 324 -462  0
3797500 2746500  7 16 12  26.9 1021  51  2.7 0  7.3  34  720  126 330 -477  0
3797500 2746500  7 16 13  27.1 1021  68  3.2 0  7.7  35  752  122 336 -487  0
3797500 2746500  7 16 14  27.7 1020 102  3.6 0  8.1  36  739  116 341 -494  0
3797500 2746500  7 16 15  28.5 1020  79  4.1 0  8.3  35  682  112 344 -498  0
3797500 2746500  7 16 16  28.1 1020  63  2.9 0  8.3  35  580  109 344 -498  0
3797500 2746500  7 16 17  28.4 1019  41  3.8 0  8.1  34  454  103 343 -495  0
3797500 2746500  7 16 18  28.3 1019  55  3.4 0  7.8  33  314   93 342 -488  0
3797500 2746500  7 16 19  27.9 1019  59  3.3 0  7.3  31  170   78 339 -478  0
3797500 2746500  7 16 20  27.0 1019  73  2.7 0  6.9  30   50   48 336 -465  0
3797500 2746500  7 16 21  25.3 1019  64  2.6 0  6.8  32    0    6 331 -451  0
3797500 2746500  7 16 22  23.6 1019  99  2.3 0  7.0  37    0    0 326 -438  0
3797500 2746500  7 16 23  22.1 1019 106  2.2 0  7.3  42    0    0 320 -431  0
3797500 2746500  7 16 24  20.9 1019 116  1.8 0  7.4  46    0    0 315 -425  0
3797500 2746500  7 17  1  20.0 1020 109  2.5 0  7.4  50    0    0 312 -420  0
3797500 2746500  7 17  2  20.0 1020  98  2.4 0  7.3  50    0    0 310 -414  0
3797500 2746500  7 17  3  19.5 1020  99  1.5 0  7.1  50    0    0 309 -409  0
3797500 2746500  7 17  4  17.3 1020 119  1.1 0  7.3  56    0    0 304 -404  0
3797500 2746500  7 17  5  17.2 1020 101  1.6 0  7.3  60    0    4 300 -400  0
3797500 2746500  7 17  6  18.5 1020  95  1.8 0  7.4  58   28   44 301 -398  0
3797500 2746500  7 17  7  21.0 1020  82  2.1 0  7.5  53  124   89 306 -401  0
3797500 2746500  7 17  8  22.4 1020  95  2.4 0  7.5  47  255  114 310 -413  0
3797500 2746500  7 17  9  23.8 1020 100  2.4 0  7.6  43  399  127 316 -431  0
3797500 2746500  7 17 10  25.1 1019 113  1.8 0  7.4  39  539  128 321 -453  0
3797500 2746500  7 17 11  26.0 1019 103  2.4 0  7.0  35  647  129 326 -473  0
3797500 2746500  7 17 12  27.3 1019  82  2.2 0  6.8  31  718  128 332 -491  0
3797500 2746500  7 17 13  28.7 1018  71  3.1 0  6.9  29  749  125 338 -504  0
3797500 2746500  7 17 14  29.4 1018 107  2.6 0  7.0  28  737  119 344 -509  0
3797500 2746500  7 17 15  30.2 1017  62  2.4 0  6.9  26  675  117 346 -512  0
3797500 2746500  7 17 16  30.4 1017  57  2.3 0  6.7  25  574  113 347 -518  0
3797500 2746500  7 17 17  31.0 1016 119  1.4 1  6.6  24  449  106 351 -516  0
3797500 2746500  7 17 18  30.8 1016  44  1.9 1  6.9  25  308   96 354 -509  0
3797500 2746500  7 17 19  30.8 1016  57  2.2 0  7.1  26  165   81 350 -497  0
3797500 2746500  7 17 20  29.0 1015  54  1.8 1  7.6  29   52   48 347 -481  0
3797500 2746500  7 17 21  27.4 1015  48  2.1 2  8.1  34    0    5 347 -466  0
3797500 2746500  7 17 22  25.7 1016  57  2.1 1  8.6  39    0    0 340 -452  0
3797500 2746500  7 17 23  22.5 1016  85  2.2 1  8.7  46    0    0 326 -440  0
3797500 2746500  7 17 24  22.4 1016  85  1.0 1  8.7  51    0    0 320 -430  0
3797500 2746500  7 18  1  21.6 1016  95  0.9 0  9.0  54    0    0 316 -422  0
3797500 2746500  7 18  2  21.0 1016 108  1.3 0  9.2  58    0    0 311 -415  0
3797500 2746500  7 18  3  21.2 1016 107  1.0 2  9.1  58    0    0 315 -409  0
3797500 2746500  7 18  4  19.5 1016 106  0.8 2  8.8  59    0    0 318 -403  0
3797500 2746500  7 18  5  20.3 1016  87  0.5 1  8.8  60    0    4 314 -399  0
3797500 2746500  7 18  6  21.8 1016 178  0.7 1  8.9  57   28   42 315 -396  0
3797500 2746500  7 18  7  24.7 1016 149  0.5 1  9.3  52  122   86 322 -399  0
3797500 2746500  7 18  8  26.2 1016 186  1.2 1  9.5  47  240  121 330 -410  0
3797500 2746500  7 18  9  28.0 1016 177  1.4 1  9.3  41  388  129 336 -426  0
3797500 2746500  7 18 10  29.3 1016 247  1.4 2  8.6  35  507  141 346 -446  0
3797500 2746500  7 18 11  29.8 1016 166  1.6 2  8.0  31  604  147 354 -466  0
3797500 2746500  7 18 12  30.4 1015  52  1.9 3  8.0  30  713  120 362 -484  0
3797500 2746500  7 18 13  31.0 1015  63  2.1 2  7.7  28  750  111 365 -498  0
3797500 2746500  7 18 14  32.3 1014 121  2.1 2  7.5  26  729  111 369 -507  0
3797500 2746500  7 18 15  32.8 1014  42  2.2 2  7.7  25  673  105 375 -512  0
3797500 2746500  7 18 16  33.1 1013 343  1.7 2  7.5  24  575  101 378 -516  0
3797500 2746500  7 18 17  33.3 1013  65  2.3 3  7.3  23  445   98 381 -515  0
3797500 2746500  7 18 18  33.1 1013  79  1.8 3  7.5  24  300   92 385 -509  0
3797500 2746500  7 18 19  32.9 1012  14  2.3 2  7.6  24  158   77 381 -500  0
3797500 2746500  7 18 20  31.0 1012  62  2.0 2  7.5  25   44   45 375 -487  0
3797500 2746500  7 18 21  29.4 1012  63  1.6 1  7.7  29    0    4 366 -472  0
3797500 2746500  7 18 22  26.9 1013  87  1.8 0  8.0  34    0    0 355 -459  0
3797500 2746500  7 18 23  26.9 1013  88  1.6 0  7.8  35    0    0 347 -449  0
3797500 2746500  7 18 24  25.5 1013  97  1.3 1  7.5  35    0    0 345 -440  0
3797500 2746500  7 19  1  25.0 1013  99  1.5 0  7.6  38    0    0 341 -434  0
3797500 2746500  7 19  2  24.4 1013  91  1.1 0  7.9  40    0    0 338 -428  0
3797500 2746500  7 19  3  21.5 1013 107  1.2 0  8.6  49    0    0 332 -423  0
3797500 2746500  7 19  4  21.1 1013 119  0.7 0  8.9  56    0    0 327 -419  0
3797500 2746500  7 19  5  22.0 1013 110  0.7 0  8.4  52    0    3 325 -414  0
3797500 2746500  7 19  6  23.1 1013 108  0.6 0  8.1  47   20   44 326 -411  0
3797500 2746500  7 19  7  26.1 1013 130  1.0 0  8.7  45  111   92 331 -412  0
3797500 2746500  7 19  8  28.2 1013 133  1.6 0  8.9  40  237  123 338 -420  0
3797500 2746500  7 19  9  30.4 1013 179  2.2 0  8.2  32  379  138 344 -432  0
3797500 2746500  7 19 10  31.7 1013 140  3.7 0  7.5  27  523  136 351 -448  0
3797500 2746500  7 19 11  32.7 1013 158  3.1 0  6.9  23  632  135 360 -464  0
3797500 2746500  7 19 12  33.2 1012 167  3.4 0  6.6  21  703  134 367 -480  0
3797500 2746500  7 19 13  34.0 1012 158  3.1 0  6.6  20  735  130 373 -494  0
3797500 2746500  7 19 14  34.2 1011 179  3.1 0  6.4  19  724  124 376 -503  0
3797500 2746500  7 19 15  34.8 1011 161  3.8 0  6.3  18  665  120 377 -508  0
3797500 2746500  7 19 16  35.5 1011 169  2.9 0  6.2  18  566  115 379 -508  0
3797500 2746500  7 19 17  35.4 1011 148  3.0 0  6.1  17  433  111 379 -505  0
3797500 2746500  7 19 18  35.5 1010 139  2.1 0  6.3  18  292  100 381 -500  0
3797500 2746500  7 19 19  35.1 1010 150  1.8 0  6.8  19  150   82 383 -490  0
3797500 2746500  7 19 20  32.8 1009  89  1.2 1  7.3  22   42   46 381 -480  0
3797500 2746500  7 19 21  30.1 1009 117  1.2 1  7.4  26    0    4 373 -469  0
3797500 2746500  7 19 22  29.0 1009 114  1.6 1  7.3  28    0    0 364 -459  0
3797500 2746500  7 19 23  29.2 1009 141  2.0 2  7.1  28    0    0 363 -451  0
3797500 2746500  7 19 24  29.0 1009 167  2.6 2  6.9  27    0    0 363 -445  0
3797500 2746500  7 20  1  28.5 1009 168  2.8 1  7.0  28    0    0 360 -441  0
3797500 2746500  7 20  2  27.8 1009 169  3.0 1  7.1  30    0    0 358 -438  0
3797500 2746500  7 20  3  27.1 1009 180  1.6 1  7.3  32    0    0 356 -435  0
3797500 2746500  7 20  4  26.5 1009 178  1.6 3  7.5  34    0    0 356 -432  0
3797500 2746500  7 20  5  24.4 1009 178  1.9 4  7.8  38    0    2 355 -429  0
3797500 2746500  7 20  6  26.0 1009 177  2.4 3  8.0  40   10   44 354 -428  0
3797500 2746500  7 20  7  27.8 1009 178  2.1 2  8.4  38   67  109 355 -431  0
3797500 2746500  7 20  8  28.4 1009 170  3.3 2  8.7  36  134  171 358 -441  0
3797500 2746500  7 20  9  29.4 1009 222  4.1 4  8.9  36  104  249 365 -458  0
3797500 2746500  7 20 10  30.6 1009 237  2.8 5  9.9  37  335  251 376 -479  0
3797500 2746500  7 20 11  30.7 1010 244  3.1 4 10.8  39  523  216 382 -503  0
3797500 2746500  7 20 12  30.8 1010 242  3.0 4 10.6  38  603  213 382 -527  0
3797500 2746500  7 20 13  31.2 1010 311  3.7 4 10.5  37  526  271 384 -545  0
3797500 2746500  7 20 14  31.6 1010 257  4.1 3 10.5  36  619  203 385 -558  0
3797500 2746500  7 20 15  31.2 1010 197  4.1 4 10.5  36  231  345 388 -565  0
3797500 2746500  7 20 16  30.7 1010 166  3.8 5 10.9  39   29  244 393 -561  0
3797500 2746500  7 20 17  31.6 1010  60  2.7 3 11.0  39  358  159 391 -553  0
3797500 2746500  7 20 18  31.0 1010 252  4.2 2 10.6  37  262  124 380 -546  0
3797500 2746500  7 20 19  30.3 1010 300  2.9 1 10.6  38  136   93 372 -537  0
3797500 2746500  7 20 20  29.0 1010 270  1.9 1 10.8  41   36   47 367 -523  0
3797500 2746500  7 20 21  27.7 1011 265  0.9 2 10.9  45    0    4 366 -508  0
3797500 2746500  7 20 22  25.5 1012 245  0.0 2 11.0  50    0    0 364 -497  0
3797500 2746500  7 20 23  25.2 1012 351  1.3 2 11.2  55    0    0 361 -489  0
3797500 2746500  7 20 24  23.7 1012 238  0.6 3 11.3  59    0    0 362 -481  0
3797500 2746500  7 21  1  24.5 1013 288  0.3 3 11.5  61    0    0 365 -474  0
3797500 2746500  7 21  2  23.0 1013 323  0.1 2 11.7  63    0    0 361 -468  0
3797500 2746500  7 21  3  22.4 1013 350  0.0 0 11.7  68    0    0 351 -463  0
3797500 2746500  7 21  4  21.7 1013 186  0.5 0 11.7  70    0    0 344 -460  0
3797500 2746500  7 21  5  21.3 1013 183  0.5 0 11.7  72    0    0 341 -457  0
3797500 2746500  7 21  6  22.0 1014 187  1.1 0 11.7  72    7   40 338 -453  0
3797500 2746500  7 21  7  24.2 1014 189  1.4 0 11.8  67   66  112 340 -452  0
3797500 2746500  7 21  8  25.6 1014 208  2.5 0 11.9  60  176  160 344 -460  0
3797500 2746500  7 21  9  27.1 1014 237  2.6 0 11.3  52  310  188 348 -480  0
3797500 2746500  7 21 10  28.3 1014 244  2.8 0 10.1  44  444  201 354 -503  0
3797500 2746500  7 21 11  29.1 1014 220  2.4 0  9.8  40  541  212 363 -524  0
3797500 2746500  7 21 12  29.7 1014 269  1.9 0  9.5  37  608  217 372 -542  0
3797500 2746500  7 21 13  30.9 1013 234  1.6 0  9.0  33  642  213 378 -555  0
3797500 2746500  7 21 14  31.2 1013 279  2.1 0  9.4  33  624  209 384 -564  0
3797500 2746500  7 21 15  31.5 1013 305  1.6 1  9.7  34  558  203 388 -568  0
3797500 2746500  7 21 16  31.8 1012 335  1.3 1  9.3  32  460  192 388 -567  0
3797500 2746500  7 21 17  31.8 1012  14  2.0 1  9.4  32  336  174 388 -564  0
3797500 2746500  7 21 18  31.9 1012 352  1.7 1  9.3  31  225  140 386 -555  0
3797500 2746500  7 21 19  31.5 1012   4  2.1 0  8.8  30  113  100 380 -536  0
3797500 2746500  7 21 20  30.7 1011 349  1.4 0  9.0  32   30   45 373 -516  0
3797500 2746500  7 21 21  29.0 1012  10  1.3 2  9.2  35    0    2 374 -500  0
3797500 2746500  7 21 22  28.2 1012   4  1.6 1  9.6  39    0    0 374 -487  0
3797500 2746500  7 21 23  27.6 1012  35  1.7 1 10.4  44    0    0 371 -477  0
3797500 2746500  7 21 24  26.0 1012  36  1.6 0 10.9  49    0    0 365 -468  0
3797500 2746500  7 22  1  25.6 1012  73  1.0 0 11.3  54    0    0 361 -459  0
3797500 2746500  7 22  2  25.0 1012  72  1.1 1 11.5  57    0    0 363 -453  0
3797500 2746500  7 22  3  24.3 1012  62  1.6 1 11.7  60    0    0 365 -449  0
3797500 2746500  7 22  4  24.0 1012  63  1.3 1 11.7  62    0    0 363 -447  0
3797500 2746500  7 22  5  23.5 1011  75  1.6 3 11.7  63    0    0 367 -446  0
3797500 2746500  7 22  6  23.5 1011 116  2.0 4 11.6  64    0   26 373 -447  0
3797500 2746500  7 22  7  24.2 1011  98  1.3 2 11.7  63   50  103 372 -452  0
3797500 2746500  7 22  8  26.6 1010  89  2.5 3 11.8  58  127  164 374 -461  0
3797500 2746500  7 22  9  28.7 1010  80  2.8 3 11.4  49  304  172 385 -476  0
3797500 2746500  7 22 10  30.2 1010  86  2.2 3 11.0  42  461  167 392 -498  0
3797500 2746500  7 22 11  31.2 1009  83  1.8 3 10.9  39  545  184 398 -524  0
3797500 2746500  7 22 12  32.1 1009 101  2.1 5 10.7  37  220  362 406 -546  0
3797500 2746500  7 22 13  31.4 1008 256  3.6 5 10.7  36  149  370 411 -560  0
3797500 2746500  7 22 14  28.2 1008  98  4.1 6 11.7  44   75  321 409 -572  0
3797500 2746500  7 22 15  26.3 1009 322  3.3 6 13.0  57   43  277 404 -567  0
3797500 2746500  7 22 16  26.3 1009 193  1.7 6 13.4  62   12  207 399 -553  0
3797500 2746500  7 22 17  27.0 1009 230  1.7 6 13.2  60   32  198 399 -549  0
3797500 2746500  7 22 18  28.2 1009 224  0.8 5 12.8  55   92  166 399 -544  0
3797500 2746500  7 22 19  27.9 1009 220  2.2 3 11.9  50  108   93 390 -532  0
3797500 2746500  7 22 20  27.0 1009 248  1.2 5 11.0  48   38   45 386 -515  0
3797500 2746500  7 22 21  25.0 1009 178  0.5 6 11.5  54    0    4 392 -496  0
3797500 2746500  7 22 22  24.3 1009 334  0.3 3 12.5  64    0    0 382 -483  0
3797500 2746500  7 22 23  23.4 1010 192  0.6 3 12.7  68    0    0 369 -471  0
3797500 2746500  7 22 24  23.1 1010 178  0.8 7 12.6  70    0    0 380 -461  0
3797500 2746500  7 23  1  22.6 1010 176  1.0 5 12.5  71    0    0 384 -452  0
3797500 2746500  7 23  2  22.4 1010 171  1.6 5 12.8  74    0    0 376 -443  0
3797500 2746500  7 23  3  22.1 1010 195  0.6 6 13.0  77    0    0 376 -438  0
3797500 2746500  7 23  4  21.5 1010 261  1.2 7 12.9  78    0    0 377 -433  0
3797500 2746500  7 23  5  21.6 1010 244  1.2 7 12.5  77    0    0 377 -429  0
3797500 2746500  7 23  6  20.7 1010 230  1.9 6 12.0  76    5   35 370 -427  0
3797500 2746500  7 23  7  21.5 1011 218  2.3 1 11.8  75   98   94 351 -429  0
3797500 2746500  7 23  8  23.3 1011 209  2.5 1 12.0  70  207  126 341 -436  0
3797500 2746500  7 23  9  24.1 1011 236  2.6 1 12.2  66  339  142 347 -449  0
3797500 2746500  7 23 10  24.6 1011 239  3.0 2 12.5  65  472  145 356 -465  0
3797500 2746500  7 23 11  25.1 1011 220  2.9 3 12.6  64  501  194 368 -482  0
3797500 2746500  7 23 12  26.4 1011 233  2.7 3 12.5  60  486  242 377 -498  0
3797500 2746500  7 23 13  27.8 1011 251  2.5 3 12.0  53  574  205 384 -511  0
3797500 2746500  7 23 14  28.9 1011 224  2.7 4 11.6  48  374  296 391 -518  0
3797500 2746500  7 23 15  29.1 1011 264  2.1 4 11.7  46  180  322 398 -524  0
3797500 2746500  7 23 16  29.4 1011 293  2.5 3 11.2  44  284  244 394 -529  0
3797500 2746500  7 23 17  28.8 1011 283  1.7 2 10.5  41  344  139 385 -526  0
3797500 2746500  7 23 18  29.0 1011 296  2.6 1 10.2  41  264   98 378 -513  0
3797500 2746500  7 23 19  28.0 1011 287  2.1 1 10.1  41  136   78 372 -497  0
3797500 2746500  7 23 20  27.2 1011 298  2.0 3 10.6  46   33   40 375 -482  0
3797500 2746500  7 23 21  25.9 1011 305  1.5 3 11.0  50    0    1 378 -469  0
3797500 2746500  7 23 22  24.9 1012 341  2.0 2 11.5  56    0    0 372 -459  0
3797500 2746500  7 23 23  24.0 1013 343  1.4 1 12.2  63    0    0 365 -451  0
3797500 2746500  7 23 24  23.1 1013   9  1.2 0 12.4  68    0    0 356 -445  0
3797500 2746500  7 24  1  21.9 1014  10  0.9 1 12.5  73    0    0 353 -440  0
3797500 2746500  7 24  2  21.4 1014 359  0.8 0 12.4  76    0    0 349 -435  0
3797500 2746500  7 24  3  21.7 1014 338  1.1 0 12.9  80    0    0 347 -430  0
3797500 2746500  7 24  4  20.3 1014 324  0.4 1 12.7  81    0    0 347 -425  0
3797500 2746500  7 24  5  20.3 1014 337  0.7 1 12.3  82    0    0 345 -421  0
3797500 2746500  7 24  6  21.4 1014 300  0.6 3 12.8  83    1   31 350 -419  0
3797500 2746500  7 24  7  23.1 1014  59  0.4 3 13.1  78   36  106 358 -422  0
3797500 2746500  7 24  8  23.5 1014 360  1.7 4 12.9  72  138  166 363 -432  0
3797500 2746500  7 24  9  24.5 1014  29  2.1 3 12.6  67  295  187 366 -447  0
3797500 2746500  7 24 10  25.7 1014 355  1.3 1 12.1  60  432  197 363 -464  0
3797500 2746500  7 24 11  26.2 1014   3  1.3 1 11.2  53  530  208 362 -483  0
3797500 2746500  7 24 12  27.6 1014 359  1.8 1 10.6  48  515  260 368 -499  0
3797500 2746500  7 24 13  28.6 1014 287  1.8 3 10.5  44  385  336 378 -513  0
3797500 2746500  7 24 14  28.5 1014  19  2.5 3 10.5  43  255  368 384 -520  0
3797500 2746500  7 24 15  28.7 1013  30  2.6 4 10.4  42  203  345 386 -522  0
3797500 2746500  7 24 16  29.2 1013   7  1.3 5 10.1  40  175  295 392 -527  0
3797500 2746500  7 24 17  29.2 1012  57  2.2 5  9.6  38   89  230 394 -527  0
3797500 2746500  7 24 18  29.2 1012  56  2.4 3  9.5  37  122  168 388 -518  0
3797500 2746500  7 24 19  28.8 1012  62  1.9 1  9.6  38  104   99 375 -505  0
3797500 2746500  7 24 20  28.2 1012  39  2.1 2  9.8  40   25   43 370 -492  0
3797500 2746500  7 24 21  26.7 1012  37  2.2 3 10.2  44    0    0 370 -478  0
3797500 2746500  7 24 22  25.3 1013  51  1.9 2 10.8  51    0    0 364 -466  0
3797500 2746500  7 24 23  24.8 1013  47  1.8 2 11.1  56    0    0 357 -458  0
3797500 2746500  7 24 24  24.0 1013  56  1.4 2 11.2  58    0    0 355 -451  0
3797500 2746500  7 25  1  23.0 1013  45  1.7 1 11.3  62    0    0 349 -445  0
3797500 2746500  7 25  2  22.9 1013  65  1.3 1 11.5  65    0    0 345 -439  0
3797500 2746500  7 25  3  22.7 1013  78  1.8 1 11.6  66    0    0 344 -434  0
3797500 2746500  7 25  4  22.2 1013  52  1.7 1 11.6  68    0    0 342 -430  0
3797500 2746500  7 25  5  21.4 1013  61  1.8 1 11.5  70    0    0 340 -425  0
3797500 2746500  7 25  6  21.4 1013  66  1.9 3 11.6  72    0   24 340 -422  0
3797500 2746500  7 25  7  22.9 1013  79  2.3 2 11.8  70   35  107 343 -424  0
3797500 2746500  7 25  8  24.0 1013  75  2.7 2 12.0  66  128  175 345 -434  0
3797500 2746500  7 25  9  26.7 1012  72  2.6 2 12.1  60  250  217 352 -450  0
3797500 2746500  7 25 10  27.5 1012  58  3.4 4 11.9  52  379  238 362 -471  0
3797500 2746500  7 25 11  29.4 1012  56  3.4 4 11.3  46  451  268 371 -491  0
3797500 2746500  7 25 12  30.1 1012  65  3.6 4 11.1  42  528  269 377 -510  0
3797500 2746500  7 25 13  30.8 1011  51  3.0 3 10.7  39  580  255 381 -526  0
3797500 2746500  7 25 14  31.5 1011  70  2.5 3 10.2  36  516  275 383 -538  0
3797500 2746500  7 25 15  31.8 1011 106  3.1 3 10.1  35  435  275 386 -544  0
3797500 2746500  7 25 16  31.9 1010  74  3.3 3 10.1  34  372  242 387 -541  0
3797500 2746500  7 25 17  31.5 1010  14  3.4 5 10.1  34  280  206 388 -538  0
3797500 2746500  7 25 18  31.1 1010  64  2.4 5 10.0  35  172  163 388 -530  0
3797500 2746500  7 25 19  30.8 1009  37  3.7 4  9.9  35   78  108 384 -517  0
3797500 2746500  7 25 20  30.0 1009  35  3.1 5 10.0  37   10   39 380 -503  0
3797500 2746500  7 25 21  28.8 1009  34  2.8 4 10.3  40    0    0 376 -489  0
3797500 2746500  7 25 22  28.0 1010  48  3.0 3 10.5  43    0    0 369 -477  0
3797500 2746500  7 25 23  27.4 1010  55  2.2 4 10.6  45    0    0 366 -469  0
3797500 2746500  7 25 24  26.9 1010  71  1.9 4 10.7  47    0    0 367 -462  0
3797500 2746500  7 26  1  26.1 1010  51  2.0 3 10.7  49    0    0 362 -454  0
3797500 2746500  7 26  2  25.2 1010  55  2.1 3 10.7  52    0    0 358 -446  0
3797500 2746500  7 26  3  24.7 1010  51  1.8 4 10.7  54    0    0 358 -441  0
3797500 2746500  7 26  4  24.0 1010  49  1.5 5 10.7  56    0    0 360 -437  0
3797500 2746500  7 26  5  23.3 1009  65  1.5 5 10.7  58    0    1 359 -434  0
3797500 2746500  7 26  6  22.9 1009  98  1.6 4 10.8  61    4   32 355 -432  0
3797500 2746500  7 26  7  24.1 1009  72  1.7 2 11.2  61   35   97 350 -435  0
3797500 2746500  7 26  8  25.1 1009  59  2.2 2 11.7  60   55  165 349 -448  0
3797500 2746500  7 26  9  27.4 1009  67  1.5 4 12.4  57  117  230 361 -468  0
3797500 2746500  7 26 10  28.9 1009  93  2.0 2 12.4  51  416  181 371 -490  0
3797500 2746500  7 26 11  31.3 1009 104  1.6 2 11.4  42  444  229 376 -513  0
3797500 2746500  7 26 12  31.9 1009  69  1.5 2 11.3  38  519  229 386 -536  0
3797500 2746500  7 26 13  32.5 1009  36  1.3 5 11.4  38  243  359 398 -555  0
3797500 2746500  7 26 14  33.5 1009  90  2.1 6 11.0  34  174  354 409 -563  0
3797500 2746500  7 26 15  33.7 1009  51  1.0 3 10.6  32  150  322 409 -564  0
3797500 2746500  7 26 16  33.9 1008 357  2.3 5 10.7  32    0  131 409 -562  0
3797500 2746500  7 26 17  25.5 1007  49  3.8 6 11.9  45    1  139 401 -557  0
3797500 2746500  7 26 18  23.4 1007 267  2.7 7 13.2  68    0   60 388 -550  0
3797500 2746500  7 26 19  23.8 1008  28  3.1 7 13.9  75    0   51 389 -539  0
3797500 2746500  7 26 20  23.8 1008  52  3.0 8 13.8  74    2   29 392 -524  0
3797500 2746500  7 26 21  24.0 1008  98  2.1 6 13.4  71    0    0 391 -511  0
3797500 2746500  7 26 22  24.6 1009  85  3.0 6 13.1  68    0    0 389 -501  0
3797500 2746500  7 26 23  24.3 1009 137  1.0 6 12.3  63    0    0 390 -492  0
3797500 2746500  7 26 24  24.5 1009 117  3.0 3 11.3  58    0    0 382 -485  0
3797500 2746500  7 27  1  23.9 1009 315  0.8 2 10.6  56    0    0 372 -478  0
3797500 2746500  7 27  2  23.6 1009 289  1.9 2 11.0  59    0    0 369 -474  0
3797500 2746500  7 27  3  22.7 1008   3  2.4 5 11.8  66    0    0 373 -471  0
3797500 2746500  7 27  4  21.9 1009  71  1.3 5 12.1  71    0    0 377 -468  0
3797500 2746500  7 27  5  21.3 1009 109  0.0 4 12.0  73    0    0 368 -466  0
3797500 2746500  7 27  6  22.1 1009 144  0.6 5 11.7  72    4   33 365 -465  0
3797500 2746500  7 27  7  23.1 1009 274  1.9 3 11.9  68   53   99 362 -464  0
3797500 2746500  7 27  8  24.9 1008 220  2.0 2 12.6  67  143  151 356 -469  0
3797500 2746500  7 27  9  26.3 1009 254  2.1 3 13.2  63  190  213 365 -477  0
3797500 2746500  7 27 10  27.5 1009 248  2.5 5 13.2  59  228  268 386 -486  0
3797500 2746500  7 27 11  27.5 1009 188  2.0 6 13.5  58  128  332 403 -498  0
3797500 2746500  7 27 12  27.1 1009 267  2.2 8 13.6  59   53  335 415 -509  0
3797500 2746500  7 27 13  28.9 1009 290  1.0 6 13.3  56  300  343 419 -512  0
3797500 2746500  7 27 14  29.9 1009 313  2.7 5 12.2  47  469  255 412 -503  0
3797500 2746500  7 27 15  30.1 1008 198  2.8 4 10.5  39  161  323 405 -484  0
3797500 2746500  7 27 16  30.1 1008 290  1.0 4 10.1  38    5  196 400 -489  0
3797500 2746500  7 27 17  29.2 1008 249  1.5 8 10.7  41    0  109 415 -503  0
3797500 2746500  7 27 18  28.7 1008 284  1.3 7 11.0  44    5  121 423 -502  0
3797500 2746500  7 27 19  28.3 1007 312  2.2 8 10.9  44    5   73 421 -496  0
3797500 2746500  7 27 20  27.9 1007 278  0.6 8 10.8  45    0   16 423 -482  0
3797500 2746500  7 27 21  26.4 1007 263  0.8 7 11.3  50    0    0 417 -467  0
3797500 2746500  7 27 22  25.9 1007 258  0.3 7 12.1  57    0    0 411 -461  0
3797500 2746500  7 27 23  25.6 1007 286  0.8 7 12.5  59    0    0 411 -458  0
3797500 2746500  7 27 24  25.0 1007 313  1.2 7 12.5  61    0    0 411 -453  0
3797500 2746500  7 28  1  24.2 1007 297  1.2 8 12.5  64    0    0 414 -448  0
3797500 2746500  7 28  2  24.0 1007 346  0.6 7 12.6  66    0    0 411 -446  0
3797500 2746500  7 28  3  22.4 1007 275  1.5 8 12.7  71    0    0 407 -445  0
3797500 2746500  7 28  4  21.7 1007 360  1.3 8 13.2  78    0    0 408 -444  0
3797500 2746500  7 28  5  21.5 1006  29  0.9 8 13.5  82    0    0 406 -443  0
3797500 2746500  7 28  6  21.2 1006 118  1.0 8 13.8  85    0   22 407 -441  0
3797500 2746500  7 28  7  21.3 1006 275  1.1 7 13.8  86    0   64 403 -442  0
3797500 2746500  7 28  8  22.2 1006 157  0.9 5 14.0  85   25  166 390 -447  0
3797500 2746500  7 28  9  24.1 1006 105  1.5 5 13.3  74  174  250 385 -460  0
3797500 2746500  7 28 10  25.2 1006  84  1.4 4 12.5  63  307  281 386 -477  0
3797500 2746500  7 28 11  26.0 1006  94  2.5 4 12.4  60  298  344 387 -493  0
3797500 2746500  7 28 12  26.5 1006  94  1.8 5 12.0  56  234  399 394 -504  0
3797500 2746500  7 28 13  27.7 1005 306  2.2 5 11.9  52  215  412 398 -515  0
3797500 2746500  7 28 14  27.3 1004  14  2.6 7 12.1  52   14  279 404 -524  0
3797500 2746500  7 28 15  27.2 1004 303  1.0 6 12.0  52    1  206 404 -527  0
3797500 2746500  7 28 16  24.5 1004 128  2.1 7 12.2  58    0  135 396 -529  0
3797500 2746500  7 28 17  25.7 1004 324  2.5 7 12.3  61    0  118 395 -523  0
3797500 2746500  7 28 18  25.7 1004 124  1.2 8 12.7  60    0   62 400 -513  0
3797500 2746500  7 28 19  23.3 1004 136  2.9 7 12.9  66    5   76 396 -502  0
3797500 2746500  7 28 20  22.3 1004 194  1.4 7 12.6  71    9   37 386 -490  0
3797500 2746500  7 28 21  22.2 1004 269  1.8 7 12.9  76    0    0 385 -477  0
3797500 2746500  7 28 22  22.3 1004 250  1.8 8 13.5  79    0    0 389 -463  0
3797500 2746500  7 28 23  21.2 1004 104  1.1 7 13.8  83    0    0 387 -454  0
3797500 2746500  7 28 24  20.8 1004 225  0.7 2 13.7  86    0    0 368 -447  0
3797500 2746500  7 29  1  20.1 1004 224  1.5 1 13.6  89    0    0 349 -442  0
3797500 2746500  7 29  2  20.2 1004 260  2.2 0 13.2  88    0    0 341 -438  0
3797500 2746500  7 29  3  19.4 1004 229  2.0 1 12.7  87    0    0 338 -434  0
3797500 2746500  7 29  4  19.4 1003 193  1.5 4 12.7  88    0    0 346 -430  0
3797500 2746500  7 29  5  19.5 1003 202  1.0 5 13.0  90    0    0 357 -427  0
3797500 2746500  7 29  6  19.9 1003 247  1.5 6 13.6  93    0   12 364 -425  0
3797500 2746500  7 29  7  19.2 1003 219  1.9 6 13.6  94    0   64 366 -428  0
3797500 2746500  7 29  8  18.9 1003 249  1.8 7 13.1  93    3  128 366 -439  0
3797500 2746500  7 29  9  19.8 1004 261  1.5 6 13.2  92   40  235 368 -456  0
3797500 2746500  7 29 10  21.1 1003 264  2.0 4 13.3  87  173  313 364 -477  0
3797500 2746500  7 29 11  21.0 1003 282  2.6 4 13.0  82  213  359 363 -498  0
3797500 2746500  7 29 12  22.9 1004 331  2.2 4 12.9  77  324  363 368 -515  0
3797500 2746500  7 29 13  22.9 1004 264  2.2 3 13.0  73  476  312 372 -518  0
3797500 2746500  7 29 14  24.0 1004 294  2.1 3 12.7  69  480  295 375 -520  0
3797500 2746500  7 29 15  25.2 1004 255  2.6 2 11.6  59  435  276 375 -527  0
3797500 2746500  7 29 16  26.0 1003 296  2.0 3 10.6  51  316  269 376 -524  0
3797500 2746500  7 29 17  26.1 1003 348  2.0 5 10.5  49  249  218 381 -521  0
3797500 2746500  7 29 18  26.7 1002  28  1.4 4 10.4  48  178  161 384 -523  0
3797500 2746500  7 29 19  26.3 1002 273  1.6 2 10.5  48   81  107 375 -518  0
3797500 2746500  7 29 20  25.0 1003   1  0.2 2 10.9  52   15   40 365 -504  0
3797500 2746500  7 29 21  23.4 1003 268  0.4 2 11.2  59    0    0 359 -490  0
3797500 2746500  7 29 22  22.9 1003 145  0.3 2 11.1  62    0    0 355 -480  0
3797500 2746500  7 29 23  22.3 1004 181  0.7 2 11.2  64    0    0 355 -476  0
3797500 2746500  7 29 24  22.5 1004 236  1.0 2 11.2  65    0    0 356 -475  0
3797500 2746500  7 30  1  21.8 1004 230  1.1 5 11.4  68    0    0 368 -472  0
3797500 2746500  7 30  2  20.1 1005 147  0.6 5 11.8  75    0    0 376 -469  0
3797500 2746500  7 30  3  19.2 1005 178  0.6 3 11.7  81    0    0 364 -468  0
3797500 2746500  7 30  4  19.4 1005 146  0.8 4 11.7  82    0    0 360 -465  0
3797500 2746500  7 30  5  20.0 1005 175  1.6 4 11.8  81    0    0 365 -461  0
3797500 2746500  7 30  6  21.3 1005 175  1.9 4 11.6  75    0   17 366 -458  0
3797500 2746500  7 30  7  22.5 1005 150  2.2 6 11.4  68    3   72 376 -457  0
3797500 2746500  7 30  8  23.6 1005 142  2.6 6 11.4  64   29  161 385 -459  0
3797500 2746500  7 30  9  25.4 1005 158  2.5 5 11.4  59   81  240 386 -462  0
3797500 2746500  7 30 10  25.8 1005 158  2.8 6 11.5  55   88  297 390 -468  0
3797500 2746500  7 30 11  26.6 1005 202  3.5 7 11.1  52  113  343 401 -481  0
3797500 2746500  7 30 12  28.6 1005 192  2.7 6 10.8  46  257  361 407 -499  0
3797500 2746500  7 30 13  28.9 1004  98  3.3 5 10.3  41  370  334 407 -512  0
3797500 2746500  7 30 14  28.9 1004 238  2.2 5  9.7  38  216  369 405 -524  0
3797500 2746500  7 30 15  27.0 1004 237  3.8 7  9.8  41   16  254 409 -529  0
3797500 2746500  7 30 16  25.7 1004 225  2.2 6 11.4  52   32  248 409 -527  0
3797500 2746500  7 30 17  26.5 1004 232  2.7 3 12.2  57  101  230 395 -521  0
3797500 2746500  7 30 18  25.5 1004 241  2.3 7 11.4  54   11  133 397 -509  0
3797500 2746500  7 30 19  19.8 1004 243  3.2 8 12.1  69    0   27 404 -495  0
3797500 2746500  7 30 20  19.7 1006 168  1.8 8 13.0  88    0   14 399 -482  0
3797500 2746500  7 30 21  19.9 1006 229  2.7 8 13.1  89    0    0 401 -472  0
3797500 2746500  7 30 22  19.6 1007 230  2.7 8 12.8  88    0    0 401 -465  0
3797500 2746500  7 30 23  19.0 1007 229  2.1 7 12.4  87    0    0 395 -458  0
3797500 2746500  7 30 24  18.7 1007 229  1.7 3 12.3  90    0    0 372 -454  0
3797500 2746500  7 31  1  18.3 1007 238  1.7 2 12.1  90    0    0 349 -449  0
3797500 2746500  7 31  2  17.7 1007 222  1.2 1 11.7  90    0    0 340 -444  0
3797500 2746500  7 31  3  17.5 1007 210  1.2 2 11.4  90    0    0 340 -438  0
3797500 2746500  7 31  4  17.2 1007 182  1.4 3 11.1  89    0    0 345 -434  0
3797500 2746500  7 31  5  16.9 1007 193  0.4 4 10.9  89    0    0 348 -432  0
3797500 2746500  7 31  6  17.3 1007 212  2.0 5 11.0  89    0   25 352 -430  0
3797500 2746500  7 31  7  17.8 1007 206  2.6 6 11.2  88    7   84 358 -429  0
3797500 2746500  7 31  8  18.2 1007 228  2.5 6 10.9  83   62  178 362 -429  0
3797500 2746500  7 31  9  19.0 1007 231  3.1 6 10.1  75  125  248 363 -431  0
3797500 2746500  7 31 10  19.9 1007 212  2.7 6  9.4  66  131  312 363 -437  0
3797500 2746500  7 31 11  20.6 1007 224  3.3 7  8.7  58   33  311 368 -447  0
3797500 2746500  7 31 12  21.0 1007 243  4.1 7  8.3  54  126  384 371 -461  0
3797500 2746500  7 31 13  20.8 1007 223  2.8 7  8.4  54   16  297 371 -473  0
3797500 2746500  7 31 14  21.0 1007 241  3.2 7  8.6  55   21  290 372 -475  0
3797500 2746500  7 31 15  21.6 1007 233  3.2 6  8.7  54  162  355 371 -472  0
3797500 2746500  7 31 16  22.6 1006 215  4.1 4  8.5  51  410  218 365 -475  0
3797500 2746500  7 31 17  22.3 1006 215  3.6 4  8.6  50  265  207 361 -475  0
3797500 2746500  7 31 18  22.7 1005 231  3.0 1  8.7  50  236  139 351 -470  0
3797500 2746500  7 31 19  22.7 1005 221  1.8 2  8.7  50  108  101 342 -464  0
3797500 2746500  7 31 20  21.7 1005 241  1.5 2  8.7  52   20   42 340 -456  0
3797500 2746500  7 31 21  20.3 1005 186  0.9 3  8.8  56    0    0 337 -448  0
3797500 2746500  7 31 22  20.1 1005 181  1.3 4  8.9  60    0    0 340 -443  0
3797500 2746500  7 31 23  19.9 1005 209  0.7 4  9.1  61    0    0 341 -440  0
3797500 2746500  7 31 24  19.4 1005 181  1.4 3  9.2  64    0    0 336 -438  0
3797500 2746500  8  1  1  19.6 1004 176  1.7 5  9.0  63    0    0 347 -431  0
3797500 2746500  8  1  2  19.3 1004 184  2.3 5  9.1  64    0    0 348 -428  0
3797500 2746500  8  1  3  19.2 1004 186  2.3 4  9.3  66    0    0 345 -423  0
3797500 2746500  8  1  4  19.0 1003 178  1.6 7  9.4  67    0    0 356 -422  0
3797500 2746500  8  1  5  18.7 1002 178  1.7 8  9.4  69    0    0 375 -424  0
3797500 2746500  8  1  6  18.8 1002 179  1.4 7  9.5  70    0   12 377 -425  0
3797500 2746500  8  1  7  19.4 1001 181  2.7 7  9.6  69    0   30 374 -427  0
3797500 2746500  8  1  8  18.8 1001 189  2.2 7  9.8  70    0  104 375 -426  0
3797500 2746500  8  1  9  19.4 1001 168  2.4 6 10.1  72   21  216 371 -428  0
3797500 2746500  8  1 10  20.4 1000 179  2.2 5 10.4  71   27  274 367 -438  0
3797500 2746500  8  1 11  19.6  999 197  4.0 6 10.6  71   16  280 371 -446  0
3797500 2746500  8  1 12  20.2  999 199  3.7 7 10.9  73    0  200 380 -451  0
3797500 2746500  8  1 13  20.3  998 223  3.8 8 10.7  71    8  268 388 -461  0
3797500 2746500  8  1 14  17.8  998 264  4.2 8 10.4  74    0  176 386 -474  0
3797500 2746500  8  1 15  19.1  998 283  3.3 6 10.6  78   80  316 377 -480  0
3797500 2746500  8  1 16  19.7  998 273  3.6 6 10.5  73   15  224 371 -479  0
3797500 2746500  8  1 17  16.3  998 237  4.4 7 10.1  77    0  119 368 -474  0
3797500 2746500  8  1 18  17.1  998 227  2.7 8  9.8  81    0  101 368 -465  0
3797500 2746500  8  1 19  17.2  999 210  2.4 8  9.7  78   17   85 372 -452  0
3797500 2746500  8  1 20  17.3  999 223  1.3 7  9.3  75    0   18 368 -442  0
3797500 2746500  8  1 21  16.6  999 217  2.3 6  8.9  73    0    0 359 -434  0
3797500 2746500  8  1 22  16.2 1000 225  0.9 6  8.8  74    0    0 353 -428  0
3797500 2746500  8  1 23  16.7 1000 226  1.6 6  9.0  76    0    0 353 -423  0
3797500 2746500  8  1 24  16.7 1000 225  2.2 7  9.0  74    0    0 358 -419  0
3797500 2746500  8  2  1  16.5 1000 247  3.2 6  9.2  77    0    0 358 -415  0
3797500 2746500  8  2  2  16.0 1000 238  2.4 7  9.7  83    0    0 357 -413  0
3797500 2746500  8  2  3  15.9 1000 227  2.8 7  9.9  86    0    0 362 -410  0
3797500 2746500  8  2  4  15.2 1000 218  3.7 7  9.9  88    0    0 361 -410  0
3797500 2746500  8  2  5  15.4 1000 219  3.0 7  9.7  88    0    0 360 -410  0
3797500 2746500  8  2  6  15.3 1000 220  4.0 8  9.7  87    4   24 365 -408  0
3797500 2746500  8  2  7  16.2 1000 228  2.4 6 10.0  88    3   64 363 -407  0
3797500 2746500  8  2  8  16.4 1000 228  3.3 7 10.1  86   15  141 361 -409  0
3797500 2746500  8  2  9  15.9 1000 222  1.7 7 10.1  87   14  198 366 -412  0
3797500 2746500  8  2 10  15.8 1000 229  3.1 6 10.1  88   14  242 360 -415  0
3797500 2746500  8  2 11  15.9  999 235  2.8 6 10.1  88   48  309 355 -416  0
3797500 2746500  8  2 12  17.1  999 237  4.2 7  9.9  83   13  274 360 -412  0
3797500 2746500  8  2 13  17.2  999 228  1.3 7  9.3  75    2  231 365 -411  0
3797500 2746500  8  2 14  18.5  999 232  3.7 6  9.1  70   59  311 361 -416  0
3797500 2746500  8  2 15  20.2  998 267  2.0 4  8.8  62  195  300 354 -422  0
3797500 2746500  8  2 16  20.3  998 262  2.0 4  8.3  55  258  241 350 -426  0
3797500 2746500  8  2 17  17.7  998 237  2.6 5  8.6  62   34  200 349 -424  0
3797500 2746500  8  2 18  16.9  998 218  3.1 6  9.2  73   23  141 351 -421  0
3797500 2746500  8  2 19  15.7  998 245  2.5 7  9.2  78    2   61 354 -414  0
3797500 2746500  8  2 20  15.2  998 228  1.1 7  9.1  82   11   22 354 -408  0
3797500 2746500  8  2 21  14.9  998 236  1.8 6  9.0  82    0    0 349 -406  0
3797500 2746500  8  2 22  14.6  999 216  1.7 6  9.1  85    0    0 346 -403  0
3797500 2746500  8  2 23  14.5  999 210  1.8 6  9.1  87    0    0 345 -402  0
3797500 2746500  8  2 24  14.6  998 202  2.1 7  9.1  87    0    0 348 -400  0
3797500 2746500  8  3  1  14.7  998 185  1.5 7  8.9  84    0    0 351 -395  0
3797500 2746500  8  3  2  14.5  998 189  1.9 7  8.7  83    0    0 352 -392  0
3797500 2746500  8  3  3  14.7  998 171  1.5 8  8.7  82    0    0 356 -391  0
3797500 2746500  8  3  4  14.5  998 191  1.1 7  8.7  83    0    0 358 -390  0
3797500 2746500  8  3  5  13.9  998 147  0.0 7  8.7  84    0    0 353 -389  0
3797500 2746500  8  3  6  14.5  998 161  1.0 7  8.5  83    0    6 354 -388  0
3797500 2746500  8  3  7  14.7  998 205  1.5 7  8.8  83    0   62 356 -388  0
3797500 2746500  8  3  8  14.7  998 234  1.4 7  9.2  87    0  112 357 -388  0
3797500 2746500  8  3  9  15.3  998 296  0.8 7  9.6  89    0  157 358 -388  0
3797500 2746500  8  3 10  15.8  998 272  1.0 5  9.6  85   56  304 353 -392  0
3797500 2746500  8  3 11  17.3  999 327  1.2 3  9.2  77  309  341 344 -399  0
3797500 2746500  8  3 12  18.1  999 328  1.1 3  9.1  71  273  388 345 -402  0
3797500 2746500  8  3 13  19.4  999 315  0.5 3  9.0  65  226  400 349 -402  0
3797500 2746500  8  3 14  19.1  999 263  1.8 3  8.8  62  272  376 349 -401  0
3797500 2746500  8  3 15  19.7  999 248  2.3 5  9.1  64  103  334 354 -399  0
3797500 2746500  8  3 16  19.2  999 243  1.3 8  9.5  66   10  216 371 -398  0
3797500 2746500  8  3 17  19.1  999 308  1.4 8  9.7  69    0  106 381 -398  0
3797500 2746500  8  3 18  18.2  999 318  1.6 8  9.8  72    1  104 379 -397  0
3797500 2746500  8  3 19  18.1  999 337  1.0 6  9.6  73   36   94 368 -395  0
3797500 2746500  8  3 20  17.8 1000 334  0.1 6  9.6  74   18   36 358 -395  0
3797500 2746500  8  3 21  17.3 1001 288  0.1 6  9.6  75    0    0 356 -395  0
3797500 2746500  8  3 22  16.3 1002 321  0.7 7  9.4  78    0    0 359 -395  0
3797500 2746500  8  3 23  15.6 1002 184  0.6 6  9.3  81    0    0 357 -396  0
3797500 2746500  8  3 24  15.6 1003 297  0.4 4  9.3  83    0    0 341 -397  0
3797500 2746500  8  4  1  14.4 1003  94  0.0 2  9.2  85    0    0 320 -398  0
3797500 2746500  8  4  2  13.9 1003 207  0.2 2  9.1  89    0    0 306 -399  0
3797500 2746500  8  4  3  14.1 1003 216  0.3 5  9.3  92    0    0 322 -399  0
3797500 2746500  8  4  4  14.6 1003 207  0.7 7  9.7  93    0    0 351 -400  0
3797500 2746500  8  4  5  14.8 1003 190  0.8 7 10.0  94    0    0 364 -400  0
3797500 2746500  8  4  6  15.3 1003 191  0.5 6 10.2  94    0    4 360 -400  0
3797500 2746500  8  4  7  16.0 1003 173  1.1 8 10.5  93    2   64 369 -399  0
3797500 2746500  8  4  8  16.8 1003 190  1.8 6 10.7  91   13  129 372 -399  0
3797500 2746500  8  4  9  17.6 1003 172  2.1 6 11.0  89   65  204 366 -401  0
3797500 2746500  8  4 10  18.7 1004 172  1.7 6 11.1  84  140  245 371 -403  0
3797500 2746500  8  4 11  18.9 1004 216  1.4 6 11.0  80  206  264 374 -405  0
3797500 2746500  8  4 12  19.6 1004 294  1.2 7 10.7  76  106  300 381 -406  0
3797500 2746500  8  4 13  20.3 1004 323  0.8 5 10.2  70  331  242 379 -415  0
3797500 2746500  8  4 14  21.2 1004  42  1.4 6 10.2  66  192  273 378 -419  0
3797500 2746500  8  4 15  21.1 1004 319  1.8 8 10.3  65   13  229 386 -421  0
3797500 2746500  8  4 16  21.7 1004   5  2.6 7 10.5  65    5  186 389 -429  0
3797500 2746500  8  4 17  20.3 1004 340  1.8 7 10.7  68    0  114 382 -432  0
3797500 2746500  8  4 18  19.3 1004 340  1.7 8 10.6  72    0   76 378 -431  0
3797500 2746500  8  4 19  17.5 1004 241  2.7 8 10.4  78    0   36 374 -425  0
3797500 2746500  8  4 20  17.4 1004 262  2.0 8 10.4  82    0   16 370 -418  0
3797500 2746500  8  4 21  16.9 1005 234  2.4 7 10.4  84    0    0 366 -411  0
3797500 2746500  8  4 22  17.3 1005 169  1.2 7 10.4  85    0    0 363 -405  0
3797500 2746500  8  4 23  17.3 1006  90  1.5 7 10.4  84    0    0 364 -400  0
3797500 2746500  8  4 24  17.0 1006  79  1.4 6 10.3  83    0    0 359 -398  0
3797500 2746500  8  5  1  16.7 1006  27  1.9 4 10.3  85    0    0 348 -396  0
3797500 2746500  8  5  2  16.3 1006   8  2.4 3 10.2  86    0    0 337 -396  0
3797500 2746500  8  5  3  16.0 1007   7  1.8 2 10.1  87    0    0 330 -395  0
3797500 2746500  8  5  4  15.6 1007 358  1.5 5 10.3  91    0    0 337 -394  0
3797500 2746500  8  5  5  15.5 1008 321  1.4 6 10.6  95    0    0 354 -395  0
3797500 2746500  8  5  6  15.8 1008 345  1.3 5 10.7  95    0    8 355 -397  0
3797500 2746500  8  5  7  15.9 1009 329  1.7 6 11.1  98    0   51 357 -400  0
3797500 2746500  8  5  8  16.4 1009  16  1.3 8 11.4  98    0   78 374 -402  0
3797500 2746500  8  5  9  17.2 1009 344  2.0 8 11.4  94    0  135 385 -406  0
3797500 2746500  8  5 10  18.8 1010 339  1.6 7 11.6  89   41  279 387 -409  0
3797500 2746500  8  5 11  20.1 1010 323  2.3 4 11.5  80  315  296 376 -412  0
3797500 2746500  8  5 12  21.7 1010 356  1.9 3 11.0  71  513  238 366 -417  0
3797500 2746500  8  5 13  22.6 1010 349  3.3 6 10.9  65  290  342 379 -424  0
3797500 2746500  8  5 14  23.2 1010 348  2.2 8 10.6  60   59  316 397 -432  0
3797500 2746500  8  5 15  24.3 1010  15  3.7 4 10.3  56  313  284 390 -437  0
3797500 2746500  8  5 16  24.6 1010 321  2.7 3 10.3  53  493  141 374 -438  0
3797500 2746500  8  5 17  23.9 1009 327  2.9 5 10.4  54  167  208 375 -443  0
3797500 2746500  8  5 18  23.5 1009 336  3.4 6 10.4  56   27  145 381 -445  0
3797500 2746500  8  5 19  22.8 1009 329  3.0 6 11.4  64   77   83 383 -437  0
3797500 2746500  8  5 20  22.4 1010 335  2.5 5 11.9  69   19   30 379 -427  0
3797500 2746500  8  5 21  21.7 1010 344  3.1 4 10.9  66    0    0 368 -418  0
3797500 2746500  8  5 22  20.7 1010 335  2.5 3 10.7  68    0    0 358 -412  0
3797500 2746500  8  5 23  20.2 1011 335  3.0 2 10.8  71    0    0 348 -408  0
3797500 2746500  8  5 24  19.4 1011 337  3.0 0 10.6  73    0    0 335 -406  0
3797500 2746500  8  6  1  19.2 1011 334  3.0 5 10.8  76    0    0 343 -404  0
3797500 2746500  8  6  2  19.1 1011 338  3.1 7 11.0  79    0    0 363 -404  0
3797500 2746500  8  6  3  18.9 1011 326  2.3 8 10.8  78    0    0 369 -403  0
3797500 2746500  8  6  4  18.9 1011 346  1.9 8 10.8  78    0    0 372 -399  0
3797500 2746500  8  6  5  18.8 1011 335  2.5 8 10.7  78    0    0 371 -395  0
3797500 2746500  8  6  6  18.5 1011 337  2.8 7 10.7  79    0   13 368 -393  0
3797500 2746500  8  6  7  18.5 1011 329  2.7 7 10.8  81    0   59 364 -394  0
3797500 2746500  8  6  8  19.0 1011 320  4.2 7 11.0  81   13  141 365 -400  0
3797500 2746500  8  6  9  19.8 1011 329  3.4 6 11.2  79   67  235 364 -412  0
3797500 2746500  8  6 10  20.3 1011 320  3.9 6 11.3  76   45  281 364 -427  0
3797500 2746500  8  6 11  20.9 1011 321  4.1 6 11.4  75   99  331 368 -446  0
3797500 2746500  8  6 12  21.7 1011 329  4.0 6 11.3  71  281  342 372 -462  0
3797500 2746500  8  6 13  23.1 1011 330  3.7 5 11.4  67  358  323 374 -473  0
3797500 2746500  8  6 14  23.3 1011 340  3.6 5 11.2  62  246  336 374 -480  0
3797500 2746500  8  6 15  23.5 1011 341  4.1 5 10.2  57   84  301 372 -483  0
3797500 2746500  8  6 16  23.6 1010 342  3.4 5  9.8  54   47  250 370 -482  0
3797500 2746500  8  6 17  23.8 1010 339  4.2 7  9.5  52   13  181 372 -478  0
3797500 2746500  8  6 18  24.2 1010 335  4.3 6  9.4  50   32  147 374 -472  0
3797500 2746500  8  6 19  23.6 1010 342  4.3 5  9.5  51   57   86 368 -461  0
3797500 2746500  8  6 20  22.9 1010 336  3.0 5  9.5  53   10   23 364 -446  0
3797500 2746500  8  6 21  21.6 1011 319  2.2 3  9.5  56    0    0 354 -431  0
3797500 2746500  8  6 22  20.5 1011 337  1.9 1  9.4  60    0    0 338 -421  0
3797500 2746500  8  6 23  19.5 1011 338  2.1 0  9.5  65    0    0 324 -414  0
3797500 2746500  8  6 24  18.9 1012 334  2.1 3  9.4  68    0    0 328 -410  0
3797500 2746500  8  7  1  17.6 1012 335  1.7 1  9.3  71    0    0 327 -404  0
3797500 2746500  8  7  2  16.8 1012 328  1.3 1  9.4  77    0    0 317 -399  0
3797500 2746500  8  7  3  16.4 1012 342  1.2 4  9.8  82    0    0 323 -395  0
3797500 2746500  8  7  4  16.1 1012 329  1.4 3 10.3  88    0    0 325 -392  0
3797500 2746500  8  7  5  16.4 1012 329  1.7 5 10.4  89    0    0 327 -390  0
3797500 2746500  8  7  6  16.5 1012 328  2.0 7 10.2  86    0    9 337 -388  0
3797500 2746500  8  7  7  16.5 1012 311  2.6 7 10.1  86    0   51 341 -390  0
3797500 2746500  8  7  8  17.2 1012 286  2.1 6 10.4  87   27  151 339 -398  0
3797500 2746500  8  7  9  18.2 1012 266  2.1 4 11.0  86  220  199 332 -412  0
3797500 2746500  8  7 10  19.9 1012 298  2.2 4 11.2  81  301  242 332 -432  0
3797500 2746500  8  7 11  20.4 1011 316  2.7 5 11.1  75  223  325 341 -452  0
3797500 2746500  8  7 12  20.7 1011 344  2.7 5 11.2  73  282  339 349 -470  0
3797500 2746500  8  7 13  21.4 1011 301  2.5 6 11.3  72  311  336 355 -482  0
3797500 2746500  8  7 14  22.4 1010 265  3.2 6 11.6  70  205  340 361 -487  0
3797500 2746500  8  7 15  22.3 1010 313  3.3 5 11.8  70  162  311 359 -491  0
3797500 2746500  8  7 16  22.6 1010 303  3.1 5 12.2  71  225  257 356 -491  0
3797500 2746500  8  7 17  21.1 1010 317  3.7 6 12.3  74   68  214 356 -486  0
3797500 2746500  8  7 18  21.5 1009 320  3.7 6 12.0  75   37  148 356 -479  0
3797500 2746500  8  7 19  21.8 1009 330  1.3 5 11.7  72   42   84 353 -468  0
3797500 2746500  8  7 20  21.4 1009 329  1.8 5 11.4  70    6   21 350 -454  0
3797500 2746500  8  7 21  21.1 1010 335  1.6 7 11.2  71    0    0 356 -441  0
3797500 2746500  8  7 22  20.6 1010 324  1.9 8 10.9  70    0    0 365 -430  0
3797500 2746500  8  7 23  20.3 1010 354  3.3 8 10.3  68    0    0 367 -422  0
3797500 2746500  8  7 24  19.0 1011   4  4.5 8  9.9  68    0    0 364 -416  0
3797500 2746500  8  8  1  18.7 1011   5  3.7 6  9.5  70    0    0 355 -412  0
3797500 2746500  8  8  2  17.9 1011 358  3.3 6  9.0  68    0    0 346 -410  0
3797500 2746500  8  8  3  17.6 1011   7  4.1 6  8.6  67    0    0 344 -408  0
3797500 2746500  8  8  4  16.8 1011  11  3.4 6  8.2  66    0    0 343 -406  0
3797500 2746500  8  8  5  15.9 1011   3  3.7 6  7.9  68    0    0 341 -405  0
3797500 2746500  8  8  6  15.3 1011 357  2.6 5  8.0  72   17   20 335 -404  0
3797500 2746500  8  8  7  15.7 1012 346  3.3 3  8.3  76  123   40 323 -405  0
3797500 2746500  8  8  8  17.2 1012   5  3.3 2  8.8  75  266   54 314 -406  0
3797500 2746500  8  8  9  18.1 1012   6  4.2 4  8.9  70  206  160 324 -410  0
3797500 2746500  8  8 10  18.6 1012 359  3.9 6  9.0  68   36  253 345 -420  0
3797500 2746500  8  8 11  18.6 1012 348  3.7 6  8.6  64   29  275 353 -432  0
3797500 2746500  8  8 12  19.2 1012 319  2.4 7  8.4  62   76  310 356 -446  0
3797500 2746500  8  8 13  19.1 1011 337  2.5 8  8.7  63    4  238 361 -458  0
3797500 2746500  8  8 14  18.7 1011 340  3.1 7  8.4  62    8  238 358 -467  0
3797500 2746500  8  8 15  19.0 1011 329  3.1 6  8.2  60   41  261 349 -473  0
3797500 2746500  8  8 16  18.7 1011 345  4.5 7  8.4  61   21  213 347 -473  0
3797500 2746500  8  8 17  18.4 1011 337  3.7 6  8.4  63   39  186 347 -468  0
3797500 2746500  8  8 18  17.9 1011 334  3.5 7  8.5  65   11  121 346 -461  0
3797500 2746500  8  8 19  18.1 1010 326  2.7 7  8.4  65    8   67 350 -452  0
3797500 2746500  8  8 20  17.8 1010 337  2.6 7  8.3  64    8   17 349 -440  0
3797500 2746500  8  8 21  17.5 1010 335  2.6 6  8.3  65    0    0 345 -428  0
3797500 2746500  8  8 22  17.2 1011 335  2.6 7  8.2  66    0    0 344 -418  0
3797500 2746500  8  8 23  16.3 1011 345  1.2 7  8.1  68    0    0 342 -410  0
3797500 2746500  8  8 24  16.2 1011 332  1.0 8  8.0  69    0    0 341 -404  0
3797500 2746500  8  9  1  15.9 1011 317  0.9 7  7.9  69    0    0 338 -398  0
3797500 2746500  8  9  2  15.5 1010 288  0.4 6  7.8  70    0    0 329 -393  0
3797500 2746500  8  9  3  14.6 1010 255  0.5 5  7.9  74    0    0 321 -389  0
3797500 2746500  8  9  4  13.9 1009 225  1.0 7  7.9  78    0    0 319 -385  0
3797500 2746500  8  9  5  14.1 1009 252  1.3 8  8.0  79    0    0 324 -382  0
3797500 2746500  8  9  6  14.2 1009 263  1.4 8  8.0  79    0    8 328 -380  0
3797500 2746500  8  9  7  14.5 1009 244  0.9 7  8.4  82    0   41 327 -382  0
3797500 2746500  8  9  8  15.0 1009 245  1.6 7  8.7  82    4  126 328 -390  0
3797500 2746500  8  9  9  16.6 1009 253  2.0 6  8.9  79  124  247 331 -404  0
3797500 2746500  8  9 10  17.8 1009 270  2.3 4  8.8  72  268  287 330 -421  0
3797500 2746500  8  9 11  19.1 1009 278  2.3 4  8.4  63  375  307 331 -437  0
3797500 2746500  8  9 12  19.7 1008 240  2.1 3  8.3  59  422  327 335 -451  0
3797500 2746500  8  9 13  19.6 1007 235  2.8 5  8.5  59  149  398 342 -460  0
3797500 2746500  8  9 14  18.3 1007 221  3.5 8  9.0  66    0  194 357 -467  0
3797500 2746500  8  9 15  18.4 1007 249  2.1 8  9.5  71    0  106 367 -470  0
3797500 2746500  8  9 16  18.2 1007 247  2.5 7  9.8  74    0   94 366 -464  0
3797500 2746500  8  9 17  15.7 1007 286  2.6 7  9.8  80    0   98 359 -458  0
3797500 2746500  8  9 18  15.4 1007 254  1.9 7  9.7  87    0   68 354 -453  0
3797500 2746500  8  9 19  15.1 1006 232  1.8 7  9.7  89    0   50 353 -443  0
3797500 2746500  8  9 20  15.5 1006 258  1.8 7  9.5  87    0    7 354 -430  0
3797500 2746500  8  9 21  15.5 1006 252  1.7 7  9.0  81    0    0 354 -422  0
3797500 2746500  8  9 22  15.5 1007 249  1.5 6  8.4  76    0    0 350 -418  0
3797500 2746500  8  9 23  15.2 1007 249  1.5 6  8.1  74    0    0 347 -416  0
3797500 2746500  8  9 24  14.6 1007 265  1.4 4  7.8  73    0    0 339 -413  0
3797500 2746500  8 10  1  13.7 1007 259  1.0 5  7.4  73    0    0 332 -411  0
3797500 2746500  8 10  2  12.9 1007 241  1.2 5  7.1  74    0    0 334 -409  0
3797500 2746500  8 10  3  12.1 1006 241  1.1 4  7.0  77    0    0 327 -406  0
3797500 2746500  8 10  4  11.6 1006 214  0.5 3  7.1  81    0    0 316 -403  0
3797500 2746500  8 10  5  10.9 1006 220  0.7 3  7.3  87    0    0 310 -401  0
3797500 2746500  8 10  6  11.6 1006 208  0.9 5  7.6  90    0    9 318 -398  0
3797500 2746500  8 10  7  12.1 1006 211  1.3 7  7.8  90    0   23 338 -396  0
3797500 2746500  8 10  8  13.2 1006 174  1.7 6  8.2  89   39  151 345 -397  0
3797500 2746500  8 10  9  14.7 1006 220  3.2 5  8.6  85  265  171 338 -403  0
3797500 2746500  8 10 10  15.3 1006 221  3.2 4  8.5  79  156  281 332 -415  0
3797500 2746500  8 10 11  15.9 1005 232  4.7 4  8.3  74  125  333 330 -425  0
3797500 2746500  8 10 12  13.7 1005 255  2.8 7  8.3  78    0  113 340 -428  0
3797500 2746500  8 10 13  14.9 1005 249  3.6 7  8.1  79    0  167 351 -433  0
3797500 2746500  8 10 14  15.6 1005 229  3.4 6  7.9  72    0  187 350 -442  0
3797500 2746500  8 10 15  15.4 1005 242  3.3 7  7.7  70    0  142 351 -443  0
3797500 2746500  8 10 16  15.4 1005 222  3.0 7  7.7  70    0  101 353 -438  0
3797500 2746500  8 10 17  13.3 1005 250  1.4 6  7.7  74    0  102 346 -435  0
3797500 2746500  8 10 18  13.6 1005 242  0.8 7  7.6  78    0   84 343 -428  0
3797500 2746500  8 10 19  14.1 1005 229  2.0 7  7.4  74    1   52 347 -420  0
3797500 2746500  8 10 20  14.1 1005 224  1.5 7  7.2  71    0   13 347 -414  0
3797500 2746500  8 10 21  13.8 1005 208  2.1 6  7.3  73    0    0 340 -406  0
3797500 2746500  8 10 22  13.7 1006 216  1.9 7  7.4  75    0    0 339 -400  0
3797500 2746500  8 10 23  13.4 1006 214  1.7 7  7.5  77    0    0 342 -396  0
3797500 2746500  8 10 24  13.6 1005 218  2.0 6  7.7  79    0    0 337 -393  0
3797500 2746500  8 11  1  13.2 1005 213  1.7 8  8.1  84    0    0 343 -391  0
3797500 2746500  8 11  2  13.4 1005 237  1.9 8  8.5  88    0    0 353 -389  0
3797500 2746500  8 11  3  13.1 1005 220  1.3 8  8.4  87    0    0 353 -387  0
3797500 2746500  8 11  4  12.8 1004 222  1.1 8  8.2  87    0    0 353 -386  0
3797500 2746500  8 11  5  12.4 1004 267  1.1 7  8.1  88    0    0 347 -385  0
3797500 2746500  8 11  6  11.8 1004 201  0.8 7  8.1  91    0   15 341 -384  0
3797500 2746500  8 11  7  12.6 1004 244  1.9 7  8.4  93    0   49 341 -384  0
3797500 2746500  8 11  8  12.8 1004 221  1.8 7  8.7  94   12  139 342 -388  0
3797500 2746500  8 11  9  13.9 1003 230  2.4 6  9.1  94   25  215 339 -395  0
3797500 2746500  8 11 10  14.5 1003 258  2.4 6  9.1  89   58  289 337 -402  0
3797500 2746500  8 11 11  16.0 1003 306  1.9 5  8.8  80  266  315 337 -405  0
3797500 2746500  8 11 12  16.8 1003 253  2.3 3  8.9  75  318  333 329 -406  0
3797500 2746500  8 11 13  17.7 1002 237  2.7 3  8.8  70  128  371 326 -416  0
3797500 2746500  8 11 14  13.0 1002 293  1.6 6  8.5  77    0  168 334 -423  0
3797500 2746500  8 11 15  13.3 1002 292  1.9 7  8.5  89    0  160 341 -423  0
3797500 2746500  8 11 16  14.4 1003 232  2.8 8  8.5  85    9  206 349 -421  0
3797500 2746500  8 11 17  16.5 1002  28  2.3 5  8.3  75   77  216 346 -419  0
3797500 2746500  8 11 18  15.6 1002  81  2.1 4  7.9  69  104  145 328 -412  0
3797500 2746500  8 11 19  15.2 1002  44  1.6 7  8.0  73    9   73 332 -400  0
3797500 2746500  8 11 20  14.4 1002 229  1.0 7  8.3  78    0   15 344 -393  0
3797500 2746500  8 11 21  13.7 1002 264  0.9 7  8.3  82    0    0 342 -388  0
3797500 2746500  8 11 22  13.2 1002 238  1.0 7  8.1  83    0    0 340 -385  0
3797500 2746500  8 11 23  13.4 1003 229  1.2 6  8.0  83    0    0 333 -383  0
3797500 2746500  8 11 24  13.3 1003 238  1.3 6  8.2  84    0    0 329 -382  0
3797500 2746500  8 12  1  12.9 1002 223  1.9 7  8.0  84    0    0 336 -380  0
3797500 2746500  8 12  2  12.6 1002 232  1.3 8  7.7  83    0    0 346 -379  0
3797500 2746500  8 12  3  12.8 1002 223  2.1 8  7.8  84    0    0 351 -379  0
3797500 2746500  8 12  4  12.7 1002 221  1.0 7  7.8  84    0    0 346 -377  0
3797500 2746500  8 12  5  12.9 1002 198  1.2 7  7.7  82    0    0 341 -374  0
3797500 2746500  8 12  6  12.7 1001 197  0.8 7  7.7  82    0   12 341 -373  0
3797500 2746500  8 12  7  12.8 1001 190  0.8 8  7.8  83    0   44 346 -374  0
3797500 2746500  8 12  8  13.4 1001 201  1.3 7  7.9  83    4  114 348 -381  0
3797500 2746500  8 12  9  14.2 1001 203  1.5 7  8.1  81   21  204 345 -391  0
3797500 2746500  8 12 10  14.6 1001 276  1.6 7  8.3  80   52  277 347 -403  0
3797500 2746500  8 12 11  15.5 1001 275  1.9 6  8.4  78   65  316 344 -417  0
3797500 2746500  8 12 12  16.6 1001 232  1.1 5  8.4  73  121  346 341 -428  0
3797500 2746500  8 12 13  17.2 1001 309  1.8 5  8.3  68  133  353 341 -437  0
3797500 2746500  8 12 14  17.1 1000 229  1.7 6  8.0  65   16  271 343 -444  0
3797500 2746500  8 12 15  17.3 1000 249  1.3 6  7.8  63   17  250 345 -437  0
3797500 2746500  8 12 16  16.5 1000 188  1.2 6  8.0  66    7  195 342 -426  0
3797500 2746500  8 12 17  16.0 1000 228  1.6 4  8.1  69   81  206 332 -422  0
3797500 2746500  8 12 18  15.4 1000 161  0.8 4  8.1  72  139  123 322 -415  0
3797500 2746500  8 12 19  15.5  999 163  1.0 7  8.1  73   25   74 331 -407  0
3797500 2746500  8 12 20  14.8  999 194  0.9 7  8.2  75    0   11 343 -400  0
3797500 2746500  8 12 21  14.1 1000  89  1.4 6  8.1  77    0    0 337 -395  0
3797500 2746500  8 12 22  13.7 1000 129  1.3 6  7.7  76    0    0 330 -392  0
3797500 2746500  8 12 23  13.3 1000 173  2.0 5  7.2  74    0    0 324 -389  0
3797500 2746500  8 12 24  13.0 1000 104  1.5 3  7.0  73    0    0 311 -388  0
3797500 2746500  8 13  1  12.5 1000 130  1.3 4  7.1  76    0    0 306 -388  0
3797500 2746500  8 13  2  12.1 1000 114  1.4 4  7.2  80    0    0 310 -387  0
3797500 2746500  8 13  3  12.0 1000 119  1.3 4  7.2  80    0    0 310 -386  0
3797500 2746500  8 13  4  11.3  999 113  0.8 3  7.0  80    0    0 303 -386  0
3797500 2746500  8 13  5  11.2  999 108  1.1 1  6.9  81    0    0 288 -386  0
3797500 2746500  8 13  6  11.2 1000 104  1.5 0  6.8  81    6   20 272 -386  0
3797500 2746500  8 13  7  13.2 1000 125  1.9 2  7.3  81   77   55 277 -386  0
3797500 2746500  8 13  8  14.9 1000 106  2.0 0  8.0  79  230   61 283 -389  0
3797500 2746500  8 13  9  16.6 1000  89  1.8 0  8.4  74  389   62 281 -395  0
3797500 2746500  8 13 10  17.3  999 125  2.0 2  8.6  70  475   74 296 -404  0
3797500 2746500  8 13 11  17.7  999  36  1.5 5  8.3  66  233  259 325 -418  0
3797500 2746500  8 13 12  18.1  999  16  1.3 6  7.9  61  226  286 345 -431  0
3797500 2746500  8 13 13  18.7 1000 215  1.2 4  7.6  56  269  278 345 -443  0
3797500 2746500  8 13 14  19.9 1000 168  1.2 3  7.2  51  172  290 338 -447  0
3797500 2746500  8 13 15  18.4  999  74  2.7 8  7.0  50    0  107 351 -451  0
3797500 2746500  8 13 16  17.2  999 293  1.8 5  7.2  56   88  227 354 -447  0
3797500 2746500  8 13 17  19.6  999  27  1.3 3  7.3  55  351   76 336 -435  0
3797500 2746500  8 13 18  19.0  999 266  1.2 2  7.3  51  231   75 326 -432  0
3797500 2746500  8 13 19  19.1  999  96  1.3 3  7.5  54   90   54 325 -428  0
3797500 2746500  8 13 20  17.8  999 290  0.6 3  7.8  58   12   15 327 -417  0
3797500 2746500  8 13 21  17.3 1000 277  1.1 2  7.6  60    0    0 319 -406  0
3797500 2746500  8 13 22  16.8 1000 311  1.3 3  7.3  60    0    0 316 -399  0
3797500 2746500  8 13 23  15.6 1000  15  2.0 3  7.2  62    0    0 318 -394  0
3797500 2746500  8 13 24  14.2 1000 150  0.9 2  7.1  66    0    0 309 -390  0
3797500 2746500  8 14  1  13.9 1000 189  1.4 2  7.0  69    0    0 303 -388  0
3797500 2746500  8 14  2  14.1 1000 196  1.7 2  7.1  70    0    0 303 -385  0
3797500 2746500  8 14  3  14.2 1000 210  1.7 2  7.4  73    0    0 304 -383  0
3797500 2746500  8 14  4  13.7 1000 227  1.5 1  7.7  76    0    0 299 -382  0
3797500 2746500  8 14  5  13.1 1000 194  1.4 1  7.7  79    0    0 292 -380  0
3797500 2746500  8 14  6  13.0  999 180  1.8 5  7.9  83    0    7 309 -378  0
3797500 2746500  8 14  7  13.3  999 192  1.5 7  8.4  87    2   59 336 -379  0
3797500 2746500  8 14  8  13.7  999 201  2.2 5  9.0  92   28  154 337 -384  0
3797500 2746500  8 14  9  14.6  999 205  2.9 7  9.4  91   33  226 339 -394  0
3797500 2746500  8 14 10  16.0  999 209  3.2 6  9.2  84   90  312 349 -408  0
3797500 2746500  8 14 11  17.4  998 231  4.6 5  8.8  73  115  360 346 -424  0
3797500 2746500  8 14 12  18.0  998 248  5.2 5  8.6  67  107  382 350 -438  0
3797500 2746500  8 14 13  17.8  998 253  4.7 7  8.6  66   17  303 360 -448  0
3797500 2746500  8 14 14  16.1  998 232  4.5 7  8.7  71    0  200 363 -451  0
3797500 2746500  8 14 15  14.8  998 262  3.7 8  8.7  78    0  132 360 -439  0
3797500 2746500  8 14 16  14.4  998 226  4.6 7  8.8  84    0  135 359 -427  0
3797500 2746500  8 14 17  14.1  998 223  4.9 8  9.0  87    0   98 358 -422  0
3797500 2746500  8 14 18  13.7  998 218  4.6 8  9.3  92    0   33 360 -413  0
3797500 2746500  8 14 19  14.2  997 216  4.0 8  9.5  93    0   18 362 -407  0
3797500 2746500  8 14 20  14.5  997 222  2.5 8  9.7  93    0    1 364 -401  0
3797500 2746500  8 14 21  14.9  997 224  2.6 8 10.1  94    0    0 367 -395  0
3797500 2746500  8 14 22  15.5  997 222  3.1 8 10.5  95    0    0 370 -395  0
3797500 2746500  8 14 23  16.0  998 249  2.9 8 10.4  91    0    0 373 -396  0
3797500 2746500  8 14 24  16.7  998 266  2.1 8 10.2  86    0    0 375 -398  0
3797500 2746500  8 15  1  16.9  998 279  2.8 7 10.0  82    0    0 374 -398  0
3797500 2746500  8 15  2  16.7  998 259  3.0 7  9.9  81    0    0 370 -397  0
3797500 2746500  8 15  3  16.4  999 267  4.8 8  9.7  81    0    0 374 -396  0
3797500 2746500  8 15  4  15.9  999 259  4.3 8  9.5  82    0    0 378 -396  0
3797500 2746500  8 15  5  15.4  999 259  3.9 8  9.5  84    0    0 377 -395  0
3797500 2746500  8 15  6  14.7 1000 259  4.1 8  9.2  85    0    2 376 -394  0
3797500 2746500  8 15  7  14.5 1000 259  4.0 8  8.9  85    0   39 375 -393  0
3797500 2746500  8 15  8  14.7 1001 247  3.5 7  8.7  82    0   87 369 -393  0
3797500 2746500  8 15  9  15.0 1002 247  3.1 8  8.7  81    0  125 371 -393  0
3797500 2746500  8 15 10  15.3 1002 236  2.9 8  8.6  79    0  125 379 -393  0
3797500 2746500  8 15 11  15.2 1002 237  2.1 8  8.6  78    0  108 380 -394  0
3797500 2746500  8 15 12  14.6 1002 256  2.4 7  8.7  81    0  144 375 -396  0
3797500 2746500  8 15 13  15.4 1003 248  2.8 7  9.1  84    0  133 368 -400  0
3797500 2746500  8 15 14  15.5 1003 222  3.2 8  9.5  86    1  215 371 -410  0
3797500 2746500  8 15 15  18.2 1003 228  2.6 5  9.5  78  116  339 363 -421  0
3797500 2746500  8 15 16  18.7 1002 217  3.5 5  9.5  71  120  293 355 -426  0
3797500 2746500  8 15 17  17.9 1002 287  3.2 6  9.8  74   22  190 354 -426  0
3797500 2746500  8 15 18  15.6 1001 252  2.5 8  9.9  82    0   72 356 -420  0
3797500 2746500  8 15 19  15.5 1001 188  2.3 8 10.0  89    2   55 358 -413  0
3797500 2746500  8 15 20  15.4 1001 176  1.9 8  9.8  88    3   16 357 -406  0
3797500 2746500  8 15 21  15.4 1002 177  2.0 7  9.7  87    0    0 353 -399  0
3797500 2746500  8 15 22  15.4 1002 180  2.3 7  9.6  87    0    0 350 -395  0
3797500 2746500  8 15 23  15.2 1002 184  2.2 7  9.5  86    0    0 348 -393  0
3797500 2746500  8 15 24  15.2 1002 180  2.0 4  9.3  85    0    0 336 -391  0
3797500 2746500  8 16  1  15.4 1002 188  1.5 2  9.2  84    0    0 322 -389  0
3797500 2746500  8 16  2  15.1 1001 187  1.7 2  9.2  84    0    0 316 -388  0
3797500 2746500  8 16  3  15.4 1001 172  1.6 3  9.3  85    0    0 321 -389  0
3797500 2746500  8 16  4  15.4 1001 176  1.7 3  9.4  84    0    0 324 -388  0
3797500 2746500  8 16  5  15.6 1000 170  1.6 6  9.2  83    0    0 331 -386  0
3797500 2746500  8 16  6  15.4 1000 127  1.5 7  9.1  81    0    1 343 -386  0
3797500 2746500  8 16  7  16.0 1000 179  2.0 8  9.3  82    0   15 350 -387  0
3797500 2746500  8 16  8  17.0 1000 180  1.5 8 10.0  84    0   81 356 -390  0
3797500 2746500  8 16  9  18.1 1000 171  2.2 7 10.6  83    4  167 357 -396  0
3797500 2746500  8 16 10  19.1 1000 165  1.9 7 10.6  78   11  229 357 -410  0
3797500 2746500  8 16 11  19.7 1000 178  1.9 7 10.5  73   10  251 361 -428  0
3797500 2746500  8 16 12  19.9  999 157  2.5 7 10.2  69   60  329 363 -447  0
3797500 2746500  8 16 13  20.9  999 160  2.9 5 10.1  66  211  354 359 -464  0
3797500 2746500  8 16 14  21.3  999 168  3.0 5 10.2  64  222  333 358 -475  0
3797500 2746500  8 16 15  21.0  999 140  2.3 6 10.0  63   53  284 362 -481  0
3797500 2746500  8 16 16  21.3  998 147  0.9 5  9.9  62  105  255 364 -481  0
3797500 2746500  8 16 17  21.5  998  93  0.7 6  9.7  60   98  201 365 -476  0
3797500 2746500  8 16 18  19.4  998 104  2.2 8  9.6  63    1   93 369 -466  0
3797500 2746500  8 16 19  18.6  998  92  2.3 6  9.3  66   15   66 364 -452  0
3797500 2746500  8 16 20  17.6  998 100  1.9 7  8.8  66    5   15 361 -434  0
3797500 2746500  8 16 21  17.2  998 137  1.8 5  8.8  70    0    0 357 -421  0
3797500 2746500  8 16 22  17.3  998 136  1.6 5  8.9  72    0    0 353 -415  0
3797500 2746500  8 16 23  17.3  998 149  1.6 5  8.9  71    0    0 353 -412  0
3797500 2746500  8 16 24  17.3  998 157  1.5 8  9.1  72    0    0 361 -410  0
3797500 2746500  8 17  1  16.8  998 169  1.9 6  9.3  76    0    0 363 -409  0
3797500 2746500  8 17  2  16.5  998 176  1.4 6  9.2  77    0    0 355 -408  0
3797500 2746500  8 17  3  16.2  998 160  1.4 7  9.2  78    0    0 357 -406  0
3797500 2746500  8 17  4  16.2  998 192  1.4 7  9.2  78    0    0 361 -405  0
3797500 2746500  8 17  5  15.7  998 128  1.3 7  9.2  79    0    0 361 -404  0
3797500 2746500  8 17  6  15.8  998 144  1.5 7  9.2  81    0    1 361 -403  0
3797500 2746500  8 17  7  16.4  998 171  1.7 8  9.5  82    0   11 367 -404  0
3797500 2746500  8 17  8  15.7  998 168  2.3 8 10.2  88    0   30 370 -407  0
3797500 2746500  8 17  9  16.9  998 178  0.7 7 10.7  91    0  110 368 -413  0
3797500 2746500  8 17 10  18.1  998 158  1.7 6 10.9  85    0  182 364 -425  0
3797500 2746500  8 17 11  18.8  999 171  1.1 6 10.9  81    0  191 363 -442  0
3797500 2746500  8 17 12  19.3  999 150  1.9 6 11.1  79   26  302 366 -456  0
3797500 2746500  8 17 13  20.6  999 178  2.6 3 11.6  78  527  256 362 -468  0
3797500 2746500  8 17 14  22.3  999 150  1.8 3 11.7  72  439  286 361 -474  0
3797500 2746500  8 17 15  22.0  999 187  1.6 6 11.4  67   57  292 374 -475  0
3797500 2746500  8 17 16  23.0  998 236  0.5 7 11.2  65   20  216 385 -471  0
3797500 2746500  8 17 17  23.3  998  88  1.9 5 10.9  60  222  191 383 -467  0
3797500 2746500  8 17 18  23.4  998  92  1.2 7 10.7  58  110  141 381 -461  0
3797500 2746500  8 17 19  22.3  997  61  1.5 7 10.8  61   22   69 384 -450  0
3797500 2746500  8 17 20  21.5  997  91  1.7 7 10.8  64    4   14 378 -436  0
3797500 2746500  8 17 21  20.7  997  96  1.6 8 10.5  66    0    0 377 -425  0
3797500 2746500  8 17 22  20.1  997 123  6.5 6 10.5  69    0    0 371 -419  0
3797500 2746500  8 17 23  21.2  997 151  2.6 5 10.7  69    0    0 361 -415  0
3797500 2746500  8 17 24  19.1  997 168  5.1 7 10.7  71    0    0 363 -410  0
3797500 2746500  8 18  1  18.4  998 171  1.9 8 10.6  77    0    0 368 -406  0
3797500 2746500  8 18  2  17.6  997 135  1.7 8 10.3  78    0    0 369 -404  0
3797500 2746500  8 18  3  17.6  997 121  1.9 7 10.3  80    0    0 364 -402  0
3797500 2746500  8 18  4  17.5  996 101  2.8 8 10.3  80    0    0 364 -400  0
3797500 2746500  8 18  5  17.5  996 132  1.7 8 10.3  80    0    0 368 -399  0
3797500 2746500  8 18  6  17.2  996 278  1.1 8 10.3  82    0    9 368 -398  0
3797500 2746500  8 18  7  17.3  996 254  0.5 8 10.5  84   10   61 367 -399  0
3797500 2746500  8 18  8  17.8  997 198  0.7 7 10.7  84    1   95 364 -403  0
3797500 2746500  8 18  9  18.0  997 173  2.3 7 11.4  87    0   88 362 -414  0
3797500 2746500  8 18 10  18.0  998 214  2.3 7 11.5  88    0  139 366 -429  0
3797500 2746500  8 18 11  18.6  999 224  2.9 7 11.1  83   14  250 368 -439  0
3797500 2746500  8 18 12  19.1  999 244  4.0 7 10.9  79   58  310 372 -447  0
3797500 2746500  8 18 13  20.8 1000 217  4.5 6 10.7  72  290  314 374 -456  0
3797500 2746500  8 18 14  21.6 1001 208  4.6 6 10.1  63  300  292 376 -462  0
3797500 2746500  8 18 15  22.2 1001 235  5.2 4  9.5  57  340  239 371 -461  0
3797500 2746500  8 18 16  22.0 1001 220  3.7 6  9.2  55  136  242 369 -461  0
3797500 2746500  8 18 17  22.6 1002 203  4.7 4  9.1  53  205  166 365 -462  0
3797500 2746500  8 18 18  22.4 1002 233  3.9 4  9.1  53  141  111 358 -458  0
3797500 2746500  8 18 19  21.4 1002 189  2.8 3  9.0  54   25   61 352 -448  0
3797500 2746500  8 18 20  19.9 1002 172  1.0 3  8.7  56    6   13 346 -440  0
3797500 2746500  8 18 21  19.6 1003 178  1.4 3  8.8  60    0    0 343 -433  0
3797500 2746500  8 18 22  19.6 1004 175  2.5 5  9.0  62    0    0 348 -426  0
3797500 2746500  8 18 23  19.6 1004 228  3.2 6  9.1  63    0    0 356 -419  0
3797500 2746500  8 18 24  18.0 1005 167  1.5 7  9.2  67    0    0 361 -414  0
3797500 2746500  8 19  1  18.4 1005 170  3.1 5  9.2  70    0    0 356 -410  0
3797500 2746500  8 19  2  17.9 1005 170  2.2 5  9.2  70    0    0 349 -406  0
3797500 2746500  8 19  3  17.8 1005 171  2.8 5  9.1  71    0    0 348 -402  0
3797500 2746500  8 19  4  17.8 1005 172  2.8 1  9.1  71    0    0 334 -399  0
3797500 2746500  8 19  5  17.8 1005 172  2.8 2  9.3  72    0    0 325 -398  0
3797500 2746500  8 19  6  17.7 1005 180  1.8 4  9.3  72    1   13 337 -397  0
3797500 2746500  8 19  7  18.7 1006 180  1.8 2  9.4  71   70   48 338 -399  0
3797500 2746500  8 19  8  20.0 1006 179  2.0 1  9.6  68  179   77 330 -404  0
3797500 2746500  8 19  9  21.0 1006 198  1.9 1  9.9  65  355   65 331 -411  0
3797500 2746500  8 19 10  21.2 1006 208  2.4 2 10.0  63  315  163 338 -419  0
3797500 2746500  8 19 11  22.2 1007 180  1.6 3  9.9  60  265  241 346 -431  0
3797500 2746500  8 19 12  22.2 1007 171  2.2 4  9.7  57  363  225 355 -444  0
3797500 2746500  8 19 13  23.1 1007 169  2.0 5  9.3  54  494  159 363 -455  0
3797500 2746500  8 19 14  23.2 1006 222  1.2 8  9.2  51   51  269 380 -466  0
3797500 2746500  8 19 15  21.7 1006 169  3.5 8  9.5  56    0  123 388 -465  0
3797500 2746500  8 19 16  20.1 1006 131  1.6 7  9.8  63    0  110 381 -462  0
3797500 2746500  8 19 17  18.3 1006 284  1.4 8  9.7  69    0   73 374 -458  0
3797500 2746500  8 19 18  18.1 1007 130  1.0 7  9.6  73    2   85 370 -447  0
3797500 2746500  8 19 19  17.9 1007 129  1.4 8  9.5  73    5   46 367 -439  0
3797500 2746500  8 19 20  17.9 1007 129  1.7 8  9.3  72    0    7 368 -431  0
3797500 2746500  8 19 21  18.4 1007 163  2.1 6  9.3  71    0    0 362 -423  0
3797500 2746500  8 19 22  18.7 1007 168  2.2 7  9.5  71    0    0 360 -415  0
3797500 2746500  8 19 23  18.2 1007 247  1.6 7  9.5  71    0    0 364 -409  0
3797500 2746500  8 19 24  17.7 1008 214  1.2 5  9.5  73    0    0 356 -405  0
3797500 2746500  8 20  1  17.6 1008 185  1.1 6  9.4  74    0    0 351 -402  0
3797500 2746500  8 20  2  17.6 1008 199  2.3 6  9.3  74    0    0 354 -399  0
3797500 2746500  8 20  3  17.4 1008 211  2.4 4  9.5  75    0    0 348 -396  0
3797500 2746500  8 20  4  17.2 1008 179  2.2 7  9.6  77    0    0 351 -393  0
3797500 2746500  8 20  5  16.8 1008 180  2.0 3  9.6  78    0    0 347 -391  0
3797500 2746500  8 20  6  16.3 1008 190  1.8 3  9.6  81    0    7 333 -389  0
3797500 2746500  8 20  7  17.1 1008 190  2.3 6  9.7  81    0   48 344 -389  0
3797500 2746500  8 20  8  17.5 1008 199  3.0 6  9.8  79    0   72 358 -393  0
3797500 2746500  8 20  9  17.3 1008 207  3.7 7 10.0  80    0   89 363 -403  0
3797500 2746500  8 20 10  17.1 1008 219  3.9 8 10.2  82    0  126 372 -415  0
3797500 2746500  8 20 11  16.4 1009 219  5.0 7 10.2  85    1  208 372 -428  0
3797500 2746500  8 20 12  17.7 1009 232  4.8 4 10.0  81  190  357 358 -438  0
3797500 2746500  8 20 13  18.5 1009 218  4.2 6  9.8  75  136  358 360 -443  0
3797500 2746500  8 20 14  19.1 1009 230  4.8 8 10.1  74   66  315 374 -445  0
3797500 2746500  8 20 15  18.3 1009 230  5.0 5 10.2  75  113  302 368 -448  0
3797500 2746500  8 20 16  18.7 1009 229  5.6 4  9.8  73  208  256 351 -451  0
3797500 2746500  8 20 17  18.3 1009 226  4.3 7  9.5  71   15  163 354 -449  0
3797500 2746500  8 20 18  16.7 1009 219  2.8 7  9.5  75    0   69 361 -442  0
3797500 2746500  8 20 19  16.6 1009 222  2.8 7  9.7  82   28   66 358 -432  0
3797500 2746500  8 20 20  17.1 1010 225  3.2 6  9.7  80    0   10 353 -420  0
3797500 2746500  8 20 21  16.6 1010 231  3.8 6  9.5  78    0    0 349 -410  0
3797500 2746500  8 20 22  16.7 1010 223  2.7 8  9.6  81    0    0 355 -402  0
3797500 2746500  8 20 23  16.7 1010 222  3.3 8  9.6  81    0    0 363 -396  0
3797500 2746500  8 20 24  16.5 1010 226  3.3 8  9.5  80    0    0 362 -394  0
3797500 2746500  8 21  1  16.3 1010 230  3.2 7  9.5  81    0    0 358 -393  0
3797500 2746500  8 21  2  15.7 1010 233  3.2 8  9.4  83    0    0 357 -393  0
3797500 2746500  8 21  3  15.5 1010 231  3.4 7  9.3  84    0    0 359 -393  0
3797500 2746500  8 21  4  15.6 1010 231  2.6 8  9.3  83    0    0 361 -393  0
3797500 2746500  8 21  5  15.4 1010 230  2.8 8  9.3  84    0    0 365 -392  0
3797500 2746500  8 21  6  15.1 1010 229  3.0 8  9.3  86    0    1 365 -389  0
3797500 2746500  8 21  7  15.2 1010 227  2.4 8  9.4  87    0   23 364 -388  0
3797500 2746500  8 21  8  15.3 1010 227  3.0 8  9.7  89    0   43 361 -390  0
3797500 2746500  8 21  9  15.5 1010 238  2.3 8 10.1  92    0   85 361 -398  0
3797500 2746500  8 21 10  16.1 1010 240  2.2 8 10.1  89    0  146 362 -409  0
3797500 2746500  8 21 11  16.6 1010 238  2.7 8  9.8  84    0  192 364 -422  0
3797500 2746500  8 21 12  17.7 1010 242  3.3 8  9.7  79    1  214 367 -431  0
3797500 2746500  8 21 13  19.3 1010 239  3.7 7  9.5  71   53  334 368 -433  0
3797500 2746500  8 21 14  19.6 1010 231  3.1 5  9.2  65  273  356 363 -431  0
3797500 2746500  8 21 15  19.8 1009 236  5.3 3  9.3  64  309  311 352 -429  0
3797500 2746500  8 21 16  19.0 1009 240  4.3 5  9.2  65  112  275 352 -423  0
3797500 2746500  8 21 17  17.8 1009 216  3.8 7  9.2  69    0   97 363 -418  0
3797500 2746500  8 21 18  17.2 1008 233  2.8 8  9.6  76    0   43 371 -416  0
3797500 2746500  8 21 19  15.5 1008 216  2.5 8  9.7  83    0   24 371 -414  0
3797500 2746500  8 21 20  15.0 1008 190  1.0 8  9.6  88    0    7 367 -408  0
3797500 2746500  8 21 21  15.3 1007 246  0.6 8  9.5  87    0    0 367 -401  0
3797500 2746500  8 21 22  15.6 1007  11  0.6 8  9.3  84    0    0 368 -396  0
3797500 2746500  8 21 23  15.4 1007  11  1.6 8  9.0  82    0    0 369 -392  0
3797500 2746500  8 21 24  15.0 1007 347  0.9 6  9.0  83    0    0 361 -391  0
3797500 2746500  8 22  1  14.7 1007 290  0.3 7  9.2  86    0    0 357 -393  0
3797500 2746500  8 22  2  14.3 1008 252  1.7 7  9.2  88    0    0 361 -393  0
3797500 2746500  8 22  3  14.5 1008 263  1.6 6  9.1  88    0    0 357 -392  0
3797500 2746500  8 22  4  14.5 1008 245  1.6 7  9.1  87    0    0 357 -391  0
3797500 2746500  8 22  5  14.6 1009 247  1.3 6  9.0  86    0    0 358 -390  0
3797500 2746500  8 22  6  14.6 1009 245  1.8 6  9.0  86    0    1 352 -390  0
3797500 2746500  8 22  7  14.8 1009 253  1.5 8  9.1  87    0   41 362 -390  0
3797500 2746500  8 22  8  15.0 1009 257  1.8 8  9.4  88    0   69 372 -391  0
3797500 2746500  8 22  9  14.9 1009 264  2.0 8  9.9  92    0  100 372 -394  0
3797500 2746500  8 22 10  15.6 1010 247  2.5 7 10.3  95    2  183 368 -403  0
3797500 2746500  8 22 11  16.8 1010 291  2.3 6 10.2  88   40  293 361 -416  0
3797500 2746500  8 22 12  18.0 1010 277  1.9 6  9.8  78   22  283 361 -424  0
3797500 2746500  8 22 13  18.3 1010 254  2.6 6  9.5  73  100  349 364 -431  0
3797500 2746500  8 22 14  18.0 1010 242  3.0 4  9.2  70  222  348 356 -437  0
3797500 2746500  8 22 15  18.8 1010 253  4.6 4  9.0  68  259  304 349 -435  0
3797500 2746500  8 22 16  19.3 1010 251  3.7 5  8.8  64  180  264 353 -433  0
3797500 2746500  8 22 17  19.4 1010 277  3.2 4  8.7  62  128  204 352 -434  0
3797500 2746500  8 22 18  19.4 1010 331  2.9 6  8.8  62   38  127 353 -431  0
3797500 2746500  8 22 19  18.2 1010 312  2.9 6  8.6  63    3   42 354 -425  0
3797500 2746500  8 22 20  17.5 1010 288  1.6 6  8.5  66    0    6 349 -415  0
3797500 2746500  8 22 21  16.8 1011 280  1.1 3  8.4  68    0    0 337 -404  0
3797500 2746500  8 22 22  15.9 1011 266  1.1 4  8.1  69    0    0 327 -396  0
3797500 2746500  8 22 23  15.3 1011 278  0.9 4  7.8  70    0    0 326 -391  0
3797500 2746500  8 22 24  14.5 1011 245  0.8 3  7.7  72    0    0 321 -389  0
3797500 2746500  8 23  1  13.4 1011 216  0.8 2  7.5  75    0    0 310 -386  0
3797500 2746500  8 23  2  13.4 1011 198  0.9 1  7.3  76    0    0 301 -384  0
3797500 2746500  8 23  3  12.9 1011 179  1.2 0  7.4  78    0    0 294 -382  0
3797500 2746500  8 23  4  13.3 1011 199  1.8 1  7.4  78    0    0 293 -381  0
3797500 2746500  8 23  5  13.3 1010 187  1.5 1  7.4  78    0    0 296 -379  0
3797500 2746500  8 23  6  13.2 1010 178  1.4 3  7.4  78    0    6 303 -378  0
3797500 2746500  8 23  7  14.1 1010 179  1.4 6  7.8  79    3   52 322 -378  0
3797500 2746500  8 23  8  15.4 1010 170  1.9 4  8.7  82   72  133 330 -383  0
3797500 2746500  8 23  9  16.7 1010 171  2.1 3  9.4  82  198  179 323 -394  0
3797500 2746500  8 23 10  18.0 1010 202  2.0 4  9.6  77  271  225 330 -408  0
3797500 2746500  8 23 11  18.2 1010 174  1.9 4  9.3  71  374  238 338 -422  0
3797500 2746500  8 23 12  19.1 1010 217  2.5 5  9.0  66  256  319 344 -434  0
3797500 2746500  8 23 13  19.4 1009 215  2.3 4  9.0  64  381  281 348 -444  0
3797500 2746500  8 23 14  20.6 1009 206  3.0 3  8.8  60  318  290 344 -454  0
3797500 2746500  8 23 15  20.4 1008 223  2.2 5  8.5  56  157  285 349 -451  0
3797500 2746500  8 23 16  21.1 1007 213  2.5 5  8.4  54   72  230 357 -447  0
3797500 2746500  8 23 17  20.5 1007 195  1.4 5  8.3  54   71  183 358 -446  0
3797500 2746500  8 23 18  20.5 1007 203  1.0 7  8.3  54    4   87 364 -439  0
3797500 2746500  8 23 19  20.0 1007 227  1.0 7  8.3  56    0   34 369 -432  0
3797500 2746500  8 23 20  19.3 1006 195  0.5 8  8.3  58    0    4 370 -425  0
3797500 2746500  8 23 21  19.3 1006 205  0.7 8  8.4  59    0    0 373 -419  0
3797500 2746500  8 23 22  19.2 1006 203  1.1 7  8.5  60    0    0 370 -413  0
3797500 2746500  8 23 23  18.7 1006 189  0.9 7  8.5  62    0    0 366 -410  0
3797500 2746500  8 23 24  17.8 1006 169  1.0 8  8.6  65    0    0 370 -408  0
3797500 2746500  8 24  1  17.3 1005 117  0.9 8  8.7  68    0    0 373 -406  0
3797500 2746500  8 24  2  17.3 1005 129  0.5 7  8.8  70    0    0 369 -404  0
3797500 2746500  8 24  3  16.8 1004 108  0.8 6  9.0  73    0    0 362 -403  0
3797500 2746500  8 24  4  16.8 1003 111  1.2 7  9.0  75    0    0 361 -403  0
3797500 2746500  8 24  5  16.6 1003 119  1.4 6  9.0  74    0    0 361 -402  0
3797500 2746500  8 24  6  17.4 1002 145  2.3 7  8.9  72    0    0 361 -400  0
3797500 2746500  8 24  7  17.7 1001 158  1.8 6  9.1  72   10   54 362 -399  0
3797500 2746500  8 24  8  19.3 1001 168  2.1 3  9.8  73  134  101 346 -399  0
3797500 2746500  8 24  9  20.4 1000 160  3.3 5 10.3  70   98  189 347 -398  0
3797500 2746500  8 24 10  20.1 1000 170  3.2 6 10.2  68    4  186 361 -397  0
3797500 2746500  8 24 11  17.6 1000 244  2.7 7 10.0  72    0  119 366 -401  0
3797500 2746500  8 24 12  16.4 1000 212  1.6 7 10.2  82    0  143 365 -416  0
3797500 2746500  8 24 13  16.9 1001 162  1.7 7 10.3  86    0  133 365 -425  0
3797500 2746500  8 24 14  17.2 1001 180  1.1 7 10.2  82   27  251 365 -429  0
3797500 2746500  8 24 15  19.1 1000 169  3.1 5  9.8  74  205  246 360 -439  0
3797500 2746500  8 24 16  19.1 1000 209  2.4 6  9.8  70   55  209 358 -444  0
3797500 2746500  8 24 17  15.8 1000 145  3.2 8  9.6  76    0   81 360 -436  0
3797500 2746500  8 24 18  15.9 1000 169  1.2 6  9.2  81   87  104 353 -427  0
3797500 2746500  8 24 19  15.6  999 171  1.0 6  9.2  81   64   50 344 -421  0
3797500 2746500  8 24 20  15.6 1000 167  0.9 6  9.0  80    1    8 343 -412  0
3797500 2746500  8 24 21  15.4 1000 188  1.0 5  8.9  79    0    0 338 -404  0
3797500 2746500  8 24 22  14.6 1000 192  1.2 5  8.6  80    0    0 331 -399  0
3797500 2746500  8 24 23  14.2 1000 214  1.7 5  8.2  79    0    0 328 -396  0
3797500 2746500  8 24 24  13.7 1000 170  0.8 3  7.8  78    0    0 319 -392  0
3797500 2746500  8 25  1  13.8 1000 169  1.4 4  7.8  78    0    0 313 -387  0
3797500 2746500  8 25  2  14.1 1000 196  0.9 4  7.9  78    0    0 319 -382  0
3797500 2746500  8 25  3  13.5 1000 206  1.0 5  8.0  80    0    0 324 -380  0
3797500 2746500  8 25  4  12.8 1000 229  1.4 3  8.0  84    0    0 319 -379  0
3797500 2746500  8 25  5  12.6 1000 183  1.3 3  8.0  86    0    0 309 -380  0
3797500 2746500  8 25  6  12.9 1000 183  1.2 4  8.2  88    0    7 313 -380  0
3797500 2746500  8 25  7  13.6 1000 185  1.2 7  8.7  90    0   34 332 -380  0
3797500 2746500  8 25  8  14.1 1000 217  1.5 8  9.2  92    0   68 354 -382  0
3797500 2746500  8 25  9  14.6 1000 201  1.6 7  9.7  93    8  170 356 -385  0
3797500 2746500  8 25 10  15.2 1000 265  1.7 8 10.1  94    0  166 360 -387  0
3797500 2746500  8 25 11  16.2 1000 213  1.6 8 10.4  91    3  219 369 -394  0
3797500 2746500  8 25 12  17.1 1000 203  2.0 6 10.4  86   78  337 364 -412  0
3797500 2746500  8 25 13  18.5 1000 284  1.4 4 10.3  79  200  363 351 -412  0
3797500 2746500  8 25 14  19.3 1000 265  1.4 3 10.0  72  247  342 343 -399  0
3797500 2746500  8 25 15  19.9 1000 237  1.2 4  9.9  68  177  311 344 -397  0
3797500 2746500  8 25 16  20.2 1000 304  1.3 6 10.0  67   54  236 356 -393  0
3797500 2746500  8 25 17  18.9 1000 242  2.3 7  9.9  68   22  167 365 -391  0
3797500 2746500  8 25 18  17.8 1000 192  1.2 7 10.1  75    0   34 365 -393  0
3797500 2746500  8 25 19  17.4 1000 277  1.6 7 10.3  80    0   30 362 -392  0
3797500 2746500  8 25 20  16.9 1001 246  1.4 7 10.2  82    0    2 360 -388  0
3797500 2746500  8 25 21  16.7 1001 247  1.4 7  9.9  82    0    0 358 -384  0
3797500 2746500  8 25 22  16.8 1002 291  1.5 7  9.8  81    0    0 359 -382  0
3797500 2746500  8 25 23  16.5 1002 275  1.9 7  9.7  81    0    0 359 -379  0
3797500 2746500  8 25 24  16.6 1002 265  1.6 6  9.5  79    0    0 354 -376  0
3797500 2746500  8 26  1  16.2 1002 255  1.9 8  9.3  78    0    0 359 -373  0
3797500 2746500  8 26  2  15.9 1002 245  2.3 8  9.3  80    0    0 368 -373  0
3797500 2746500  8 26  3  15.5 1002 276  1.8 5  9.1  80    0    0 352 -374  0
3797500 2746500  8 26  4  14.8 1002 268  1.9 7  8.8  81    0    0 344 -373  0
3797500 2746500  8 26  5  14.4 1002 245  1.6 7  8.6  82    0    0 353 -373  0
3797500 2746500  8 26  6  14.0 1002 226  1.8 8  8.4  82    0    2 358 -373  0
3797500 2746500  8 26  7  13.9 1002 233  1.3 6  8.5  84    1   44 352 -373  0
3797500 2746500  8 26  8  14.2 1002 224  1.9 5  9.0  89   67  135 338 -377  0
3797500 2746500  8 26  9  16.2 1002 234  1.9 3  9.6  88  221  173 329 -384  0
3797500 2746500  8 26 10  17.5 1002 260  2.6 3  9.7  80  257  241 326 -393  0
3797500 2746500  8 26 11  18.6 1002 268  2.0 3  9.5  72  344  267 331 -404  0
3797500 2746500  8 26 12  18.0 1002 263  1.9 6  9.3  70   72  325 348 -414  0
3797500 2746500  8 26 13  16.6 1002 260  2.6 8  9.1  73    0  153 368 -422  0
3797500 2746500  8 26 14  16.9 1002  25  1.3 8  9.0  74    0  181 375 -422  0
3797500 2746500  8 26 15  18.9 1002 178  1.4 5  9.1  70   84  287 368 -421  0
3797500 2746500  8 26 16  19.4 1002 209  1.0 5  9.0  64   92  246 359 -423  0
3797500 2746500  8 26 17  18.6 1001 315  0.7 6  9.0  64   28  170 362 -418  0
3797500 2746500  8 26 18  18.4 1002 267  0.3 7  9.2  68   30  116 368 -410  0
3797500 2746500  8 26 19  17.9 1002 275  1.4 7  9.1  69   14   49 370 -404  0
3797500 2746500  8 26 20  16.6 1002 255  0.8 7  8.9  71    0    3 367 -399  0
3797500 2746500  8 26 21  16.2 1003 281  0.2 6  8.8  75    0    0 360 -398  0
3797500 2746500  8 26 22  15.4 1003 294  0.2 6  8.7  77    0    0 354 -396  0
3797500 2746500  8 26 23  15.4 1003 240  1.2 6  8.8  79    0    0 353 -395  0
3797500 2746500  8 26 24  15.3 1003 222  1.2 6  9.0  82    0    0 353 -394  0
3797500 2746500  8 27  1  15.4 1004 239  1.3 7  9.1  83    0    0 358 -393  0
3797500 2746500  8 27  2  15.0 1004 222  0.9 8  9.1  84    0    0 366 -392  0
3797500 2746500  8 27  3  14.9 1004 228  0.7 8  9.1  85    0    0 370 -391  0
3797500 2746500  8 27  4  14.9 1004 219  0.8 7  9.1  85    0    0 365 -388  0
3797500 2746500  8 27  5  15.1 1004 228  0.7 7  9.0  84    0    0 360 -387  0
3797500 2746500  8 27  6  14.8 1004 238  0.8 7  9.0  84    0    6 359 -386  0
3797500 2746500  8 27  7  15.0 1004 221  0.6 7  9.2  86    0   34 358 -384  0
3797500 2746500  8 27  8  15.6 1004 231  1.1 7  9.5  86    6  107 359 -385  0
3797500 2746500  8 27  9  16.4 1004 231  0.7 6  9.8  85   31  189 356 -389  0
3797500 2746500  8 27 10  17.4 1004 238  1.6 6  9.9  82   49  249 355 -396  0
3797500 2746500  8 27 11  17.7 1004 250  2.1 6  9.9  78  101  296 358 -404  0
3797500 2746500  8 27 12  18.3 1004 255  2.0 6  9.8  75   50  295 361 -411  0
3797500 2746500  8 27 13  18.7 1004 247  3.0 7  9.9  74   28  277 368 -412  0
3797500 2746500  8 27 14  17.6 1004 270  1.6 7 10.3  78    0  173 371 -413  0
3797500 2746500  8 27 15  16.8 1005 268  2.1 8 10.1  82    5  193 372 -416  0
3797500 2746500  8 27 16  17.9 1005 244  2.2 4  9.7  77  277  192 360 -415  0
3797500 2746500  8 27 17  18.4 1005 261  2.5 3  9.3  71   95  176 342 -416  0
3797500 2746500  8 27 18  19.0 1005 280  2.2 3  8.8  64   31  108 339 -413  0
3797500 2746500  8 27 19  18.3 1005 269  1.6 5  8.4  62    5   39 344 -403  0
3797500 2746500  8 27 20  16.9 1005 252  1.2 5  8.1  64    0    3 346 -393  0
3797500 2746500  8 27 21  15.8 1006 274  1.6 6  8.0  68    0    0 345 -385  0
3797500 2746500  8 27 22  15.0 1006 226  1.0 6  8.4  76    0    0 346 -380  0
3797500 2746500  8 27 23  14.4 1006 230  1.7 6  8.5  81    0    0 342 -377  0
3797500 2746500  8 27 24  13.9 1006 233  1.9 4  8.3  82    0    0 331 -374  0
3797500 2746500  8 28  1  13.8 1006 230  2.0 2  8.2  83    0    0 310 -372  0
3797500 2746500  8 28  2  13.7 1006 221  1.5 1  8.2  83    0    0 295 -370  0
3797500 2746500  8 28  3  14.2 1005 215  1.9 4  8.3  83    0    0 302 -370  0
3797500 2746500  8 28  4  14.7 1005 223  1.7 7  8.6  83    0    0 329 -370  0
3797500 2746500  8 28  5  14.9 1004 224  2.1 8  8.9  84    0    0 349 -369  0
3797500 2746500  8 28  6  15.0 1003 225  2.1 8  8.9  83    0    4 355 -368  0
3797500 2746500  8 28  7  15.2 1003 235  2.9 8  9.1  84    0   19 358 -369  0
3797500 2746500  8 28  8  15.2 1002 235  3.1 7  9.3  85    0   47 353 -372  0
3797500 2746500  8 28  9  14.9 1002 234  3.5 7  9.3  86    0   72 350 -380  0
3797500 2746500  8 28 10  14.7 1001 231  3.3 8  9.1  86    0   83 354 -392  0
3797500 2746500  8 28 11  13.7 1000 220  3.4 8  8.9  87    0   83 358 -405  0
3797500 2746500  8 28 12  13.8 1000 219  3.0 8  8.9  89    0   80 357 -419  0
3797500 2746500  8 28 13  14.2  999 198  3.2 8  9.0  89    0   91 361 -429  0
3797500 2746500  8 28 14  14.2  998 243  3.4 7  9.0  87    0  150 360 -429  0
3797500 2746500  8 28 15  14.6  997 236  2.9 7  9.1  87    0  150 356 -413  0
3797500 2746500  8 28 16  14.2  996 210  3.6 8  9.1  87    0   94 358 -401  0
3797500 2746500  8 28 17  12.0  996 337  3.7 8  8.7  90    0   98 357 -399  0
3797500 2746500  8 28 18  14.3  996 266  1.8 7  8.3  86    0   59 352 -394  0
3797500 2746500  8 28 19  14.2  996 194  2.1 7  7.9  77   12   49 350 -390  0
3797500 2746500  8 28 20  13.7  997 257  2.3 7  7.7  76    0    0 347 -386  0
3797500 2746500  8 28 21  13.3  997 251  2.3 5  7.6  77    0    0 335 -381  0
3797500 2746500  8 28 22  13.3  998 243  2.6 5  7.5  78    0    0 323 -378  0
3797500 2746500  8 28 23  13.0  999 247  4.3 6  7.4  78    0    0 326 -375  0
3797500 2746500  8 28 24  13.0  999 232  3.0 4  7.3  77    0    0 319 -373  0
3797500 2746500  8 29  1  12.2 1000 246  2.6 1  7.2  78    0    0 293 -373  0
3797500 2746500  8 29  2  12.1  999 237  2.3 1  7.0  78    0    0 276 -373  0
3797500 2746500  8 29  3  12.0 1000 259  2.3 4  6.9  77    0    0 288 -372  0
3797500 2746500  8 29  4  11.7 1000 237  3.1 3  6.9  79    0    0 297 -371  0
3797500 2746500  8 29  5  11.4 1000 241  2.2 3  7.1  83    0    0 290 -370  0
3797500 2746500  8 29  6  11.1 1000 229  2.7 3  7.2  85    0    6 289 -371  0
3797500 2746500  8 29  7  11.6 1000 229  2.9 4  7.2  85   22   48 294 -372  0
3797500 2746500  8 29  8  12.6 1000 230  3.0 4  7.6  85  152   65 301 -374  0
3797500 2746500  8 29  9  13.8 1000 243  3.3 4  8.1  84  324   69 305 -377  0
3797500 2746500  8 29 10  15.3 1000 247  3.8 3  8.3  79  275  153 306 -379  0
3797500 2746500  8 29 11  15.5 1000 248  3.4 5  8.3  75  220  225 318 -383  0
3797500 2746500  8 29 12  15.8  999 238  1.8 6  8.1  72  135  267 338 -390  0
3797500 2746500  8 29 13  13.8  999 318  4.0 6  7.5  70   57  268 342 -391  0
3797500 2746500  8 29 14  14.2  999 241  3.7 5  7.3  72  220  231 335 -386  0
3797500 2746500  8 29 15  16.8  999 262  3.0 4  7.7  69  336  149 332 -392  0
3797500 2746500  8 29 16  15.7  999 279  0.5 5  7.8  66    1  140 334 -399  0
3797500 2746500  8 29 17  12.2  998 352  0.5 6  7.9  78    4  120 334 -400  0
3797500 2746500  8 29 18  12.4  999 224  2.7 5  7.8  86  134   65 329 -398  0
3797500 2746500  8 29 19  12.5  999 228  1.9 5  7.5  82   33   37 326 -391  0
3797500 2746500  8 29 20  11.8 1000 230  2.1 4  7.2  80    0    0 320 -384  0
3797500 2746500  8 29 21  11.9 1000 230  2.2 2  6.9  79    0    0 305 -379  0
3797500 2746500  8 29 22  12.1 1001 234  1.9 4  6.8  77    0    0 304 -375  0
3797500 2746500  8 29 23  12.5 1002 236  2.1 4  6.7  75    0    0 313 -369  0
3797500 2746500  8 29 24  12.1 1002 245  1.6 4  6.9  77    0    0 311 -365  0
3797500 2746500  8 30  1  11.6 1003 239  1.9 2  7.2  82    0    0 301 -363  0
3797500 2746500  8 30  2  11.5 1004 240  1.8 2  7.2  84    0    0 292 -362  0
3797500 2746500  8 30  3  11.7 1004 251  1.4 3  7.1  83    0    0 295 -362  0
3797500 2746500  8 30  4  11.5 1004 240  1.5 3  7.2  84    0    0 300 -361  0
3797500 2746500  8 30  5  11.6 1005 243  1.8 5  7.2  84    0    0 309 -362  0
3797500 2746500  8 30  6  11.7 1005 241  1.8 6  7.2  84    0    4 323 -364  0
3797500 2746500  8 30  7  11.8 1006 231  1.7 6  7.5  87    0   31 328 -367  0
3797500 2746500  8 30  8  12.1 1006 239  1.9 7  8.1  92    9  109 333 -371  0
3797500 2746500  8 30  9  13.2 1007 226  1.9 7  8.5  93   25  180 341 -376  0
3797500 2746500  8 30 10  13.8 1008 237  2.6 6  8.8  91   12  211 341 -382  0
3797500 2746500  8 30 11  15.3 1008 259  3.3 6  8.7  84  108  283 340 -390  0
3797500 2746500  8 30 12  14.9 1008 250  2.8 7  8.8  81   43  281 343 -398  0
3797500 2746500  8 30 13  14.6 1009 243  2.7 6  9.0  85   49  285 341 -400  0
3797500 2746500  8 30 14  15.2 1009 260  2.5 7  8.8  83    8  220 338 -400  0
3797500 2746500  8 30 15  14.8 1010 284  0.9 7  8.8  82    2  180 338 -403  0
3797500 2746500  8 30 16  14.8 1011 259  2.8 7  8.8  83    4  157 335 -406  0
3797500 2746500  8 30 17  14.9 1011 258  2.9 7  8.7  82   31  156 334 -407  0
3797500 2746500  8 30 18  14.7 1012 258  3.2 7  8.6  81    8   88 334 -404  0
3797500 2746500  8 30 19  14.7 1012 246  1.4 7  8.4  80    2   34 333 -395  0
3797500 2746500  8 30 20  14.4 1013 254  1.7 7  8.0  77    0    0 331 -385  0
3797500 2746500  8 30 21  13.7 1014 247  1.0 5  7.6  76    0    0 323 -377  0
3797500 2746500  8 30 22  13.4 1014 260  0.9 5  7.3  76    0    0 317 -373  0
3797500 2746500  8 30 23  13.0 1015 245  1.1 5  7.2  76    0    0 317 -372  0
3797500 2746500  8 30 24  12.5 1015 229  1.3 5  7.2  78    0    0 317 -372  0
3797500 2746500  8 31  1  12.3 1015 233  1.3 1  7.0  78    0    0 303 -372  0
3797500 2746500  8 31  2  11.7 1016 223  1.4 1  6.8  78    0    0 285 -372  0
3797500 2746500  8 31  3  11.4 1016 202  1.3 3  6.9  81    0    0 292 -371  0
3797500 2746500  8 31  4  12.0 1016 212  1.3 6  7.1  83    0    0 315 -371  0
3797500 2746500  8 31  5  12.4 1016 211  2.0 6  7.2  82    0    0 331 -372  0
3797500 2746500  8 31  6  12.1 1016 201  1.3 4  7.3  82    0    3 325 -374  0
3797500 2746500  8 31  7  12.5 1016 178  1.1 4  7.5  84   12   56 318 -374  0
3797500 2746500  8 31  8  14.0 1016 206  2.0 2  7.9  83   95  122 311 -375  0
3797500 2746500  8 31  9  15.4 1016 217  3.3 3  8.4  80  236  150 311 -377  0
3797500 2746500  8 31 10  16.5 1017 232  3.9 3  8.9  78  393  156 322 -377  0
3797500 2746500  8 31 11  17.0 1017 233  4.1 4  9.2  78  382  226 332 -378  0
3797500 2746500  8 31 12  17.9 1016 221  4.1 5  9.2  74  197  327 347 -380  0
3797500 2746500  8 31 13  17.7 1016 231  4.0 6  9.0  71   24  276 358 -386  0
3797500 2746500  8 31 14  17.5 1016 229  3.6 6  9.0  72   21  254 364 -394  0
3797500 2746500  8 31 15  17.2 1016 213  3.9 7  9.2  74    5  201 369 -405  0
3797500 2746500  8 31 16  16.9 1016 222  3.4 8  9.4  77    0  124 379 -413  0
3797500 2746500  8 31 17  16.9 1015 217  4.1 8  9.5  79    0   92 383 -417  0
3797500 2746500  8 31 18  17.3 1015 210  3.4 7  9.6  79   20  106 380 -414  0
3797500 2746500  8 31 19  17.7 1015 220  3.2 8  9.6  77    3   39 381 -409  0
3797500 2746500  8 31 20  17.4 1014 225  3.5 8  9.6  77    0    0 386 -402  0
3797500 2746500  8 31 21  17.6 1015 216  3.5 8  9.6  77    0    0 384 -396  0
3797500 2746500  8 31 22  17.5 1015 220  2.4 8  9.6  77    0    0 384 -392  0
3797500 2746500  8 31 23  17.5 1014 202  2.7 8  9.6  77    0    0 381 -389  0
3797500 2746500  8 31 24  17.5 1014 199  2.3 7  9.5  76    0    0 375 -387  0
3797500 2746500  9  1  1  17.5 1013 215  2.3 8  9.8  78    0    0 374 -385  0
3797500 2746500  9  1  2  17.2 1013 210  2.4 7  9.7  78    0    0 368 -384  0
3797500 2746500  9  1  3  17.3 1013 217  2.2 7  9.7  79    0    0 360 -382  0
3797500 2746500  9  1  4  17.0 1012 221  2.2 6  9.8  80    0    0 354 -381  0
3797500 2746500  9  1  5  16.7 1012 223  1.6 5  9.7  81    0    0 343 -378  0
3797500 2746500  9  1  6  16.3 1012 207  1.2 6  9.5  81    0    0 340 -377  0
3797500 2746500  9  1  7  16.7 1011 205  1.6 5  9.5  81   23   37 337 -377  0
3797500 2746500  9  1  8  17.7 1011 221  3.0 5  9.8  79   75  106 334 -381  0
3797500 2746500  9  1  9  18.5 1011 224  3.4 7  9.9  76   34  181 339 -390  0
3797500 2746500  9  1 10  18.3 1011 235  3.7 8  9.8  74    3  182 347 -403  0
3797500 2746500  9  1 11  18.9 1011 245  3.3 7  9.9  74   28  262 345 -420  0
3797500 2746500  9  1 12  20.4 1011 223  4.2 7 10.2  71  112  322 347 -437  0
3797500 2746500  9  1 13  20.5 1010 207  3.8 7 10.1  67   53  316 351 -452  0
3797500 2746500  9  1 14  21.9 1010 234  3.8 5 10.0  63   87  313 351 -462  0
3797500 2746500  9  1 15  22.4 1009 241  3.4 6 10.1  60  181  270 355 -467  0
3797500 2746500  9  1 16  22.5 1009 210  3.2 5 10.2  59  198  201 357 -466  0
3797500 2746500  9  1 17  22.1 1008 263  1.8 6 10.2  60   88  158 359 -459  0
3797500 2746500  9  1 18  21.2 1008 172  0.3 7 10.8  66   12   84 363 -449  0
3797500 2746500  9  1 19  20.0 1008 131  0.7 6 11.3  74    0   19 362 -437  0
3797500 2746500  9  1 20  20.6 1007 180  1.5 6 11.0  73    0    0 361 -423  0
3797500 2746500  9  1 21  20.3 1007 174  2.0 7 10.8  71    0    0 365 -411  0
3797500 2746500  9  1 22  20.4 1007 197  1.5 7 10.7  71    0    0 369 -403  0
3797500 2746500  9  1 23  20.2 1007 181  1.6 7 10.7  71    0    0 371 -396  0
3797500 2746500  9  1 24  19.9 1007 175  1.7 5 10.6  71    0    0 364 -391  0
3797500 2746500  9  2  1  19.2 1007 181  1.7 4 10.3  71    0    0 354 -388  0
3797500 2746500  9  2  2  18.7 1006 190  1.6 3 10.0  72    0    0 348 -387  0
3797500 2746500  9  2  3  19.0 1006 189  2.0 3  9.9  72    0    0 346 -388  0
3797500 2746500  9  2  4  18.6 1005 167  1.8 5 10.0  73    0    0 353 -390  0
3797500 2746500  9  2  5  18.1 1005 178  1.6 5  9.8  74    0    0 358 -390  0
3797500 2746500  9  2  6  17.6 1005 180  1.3 5  9.7  75    0    0 356 -391  0
3797500 2746500  9  2  7  17.6 1005 210  1.3 6  9.7  77   11   39 358 -391  0
3797500 2746500  9  2  8  18.0 1005 209  2.3 6 10.0  77   18  113 360 -394  0
3797500 2746500  9  2  9  18.5 1005 216  2.5 7 10.0  76   48  192 363 -398  0
3797500 2746500  9  2 10  19.3 1005 216  3.0 6  9.9  72   90  258 364 -404  0
3797500 2746500  9  2 11  19.8 1005 239  3.4 6 10.0  70  111  306 363 -414  0
3797500 2746500  9  2 12  20.6 1005 236  3.9 5  9.9  66  228  326 361 -425  0
3797500 2746500  9  2 13  21.7 1005 217  4.0 5  9.7  61  285  317 361 -436  0
3797500 2746500  9  2 14  21.8 1005 241  3.7 6  9.7  59  408  231 368 -444  0
3797500 2746500  9  2 15  21.8 1005 226  4.5 5  9.3  56  157  291 368 -447  0
3797500 2746500  9  2 16  21.0 1005 229  3.4 6  9.0  56    4  163 367 -447  0
3797500 2746500  9  2 17  20.8 1005 239  2.6 7  9.2  59    0   86 374 -441  0
3797500 2746500  9  2 18  20.5 1005 250  2.3 7  9.4  61    5   77 377 -430  0
3797500 2746500  9  2 19  19.9 1004 238  2.1 7  9.5  64    6   20 375 -423  0
3797500 2746500  9  2 20  19.8 1004 225  2.2 7  9.4  64    0    0 374 -419  0
3797500 2746500  9  2 21  19.8 1004 217  2.5 8  9.2  63    0    0 380 -415  0
3797500 2746500  9  2 22  20.1 1004 208  2.6 7  9.2  63    0    0 382 -409  0
3797500 2746500  9  2 23  20.2 1004 221  3.6 7  9.2  62    0    0 380 -403  0
3797500 2746500  9  2 24  20.3 1004 222  3.3 8  9.2  61    0    0 389 -400  0
3797500 2746500  9  3  1  20.3 1003 221  4.6 8  9.2  61    0    0 398 -399  0
3797500 2746500  9  3  2  19.9 1003 230  6.6 8  9.4  63    0    0 399 -399  0
3797500 2746500  9  3  3  19.4 1003 217  5.7 7  9.8  68    0    0 394 -400  0
3797500 2746500  9  3  4  19.4 1003 229  5.7 8 10.1  70    0    0 395 -402  0
3797500 2746500  9  3  5  18.9 1003 227  5.4 8 10.3  73    0    0 402 -405  0
3797500 2746500  9  3  6  18.0 1003 219  4.8 8 10.6  79    0    0 402 -405  0
3797500 2746500  9  3  7  18.0 1003 218  4.9 8 11.0  84    0   18 402 -405  0
3797500 2746500  9  3  8  18.6 1003 217  5.2 8 11.2  84    0   49 403 -406  0
3797500 2746500  9  3  9  19.0 1003 220  5.1 7 11.5  84    0   79 400 -408  0
3797500 2746500  9  3 10  18.0 1003 218  5.1 8 11.9  88    0   76 400 -410  0
3797500 2746500  9  3 11  18.2 1003 217  5.3 8 12.4  94    0   78 403 -411  0
3797500 2746500  9  3 12  18.9 1003 217  6.0 7 12.8  94    0  121 401 -414  0
3797500 2746500  9  3 13  19.6 1003 224  5.8 7 13.1  92    0  147 400 -417  0
3797500 2746500  9  3 14  20.4 1003 229  6.0 7 13.6  91    0  148 403 -420  0
3797500 2746500  9  3 15  21.0 1003 228  5.4 8 13.9  89    0   92 410 -422  0
3797500 2746500  9  3 16  21.3 1003 231  5.1 8 14.2  89    0   83 415 -423  0
3797500 2746500  9  3 17  21.5 1003 248  5.5 8 14.5  89    0   81 415 -424  0
3797500 2746500  9  3 18  21.7 1003 251  4.0 7 14.6  89   20   55 412 -424  0
3797500 2746500  9  3 19  21.7 1004 258  4.0 6 14.5  88    0   14 403 -422  0
3797500 2746500  9  3 20  21.5 1004 258  3.3 6 14.0  85    0    0 397 -415  0
3797500 2746500  9  3 21  21.1 1005 257  4.7 3 12.7  79    0    0 381 -410  0
3797500 2746500  9  3 22  20.7 1006 245  4.2 4 11.7  75    0    0 370 -409  0
3797500 2746500  9  3 23  20.5 1007 249  3.7 4 11.6  76    0    0 372 -410  0
3797500 2746500  9  3 24  20.1 1008 250  4.2 4 11.5  76    0    0 370 -411  0
3797500 2746500  9  4  1  19.1 1009 248  3.8 5 11.4  79    0    0 372 -410  0
3797500 2746500  9  4  2  19.0 1009 256  3.3 6 11.3  81    0    0 377 -409  0
3797500 2746500  9  4  3  18.6 1010 249  2.4 7 11.2  82    0    0 383 -408  0
3797500 2746500  9  4  4  18.3 1011 248  2.8 7 11.0  82    0    0 387 -407  0
3797500 2746500  9  4  5  17.9 1011 248  2.5 8 10.9  83    0    0 389 -406  0
3797500 2746500  9  4  6  17.8 1012 239  2.0 8 10.9  85    0    0 394 -404  0
3797500 2746500  9  4  7  17.9 1012 240  2.5 7 10.8  84    0   30 388 -403  0
3797500 2746500  9  4  8  18.1 1013 247  2.5 8 10.7  82    6   92 388 -403  0
3797500 2746500  9  4  9  18.4 1014 246  3.4 7 10.6  81   47  169 387 -405  0
3797500 2746500  9  4 10  18.9 1014 256  3.1 6 10.6  78   36  218 379 -409  0
3797500 2746500  9  4 11  20.0 1014 258  3.1 6 10.4  74   48  256 376 -417  0
3797500 2746500  9  4 12  19.8 1015 246  3.9 8 10.3  71    6  231 386 -426  0
3797500 2746500  9  4 13  20.0 1015 280  2.7 8 10.3  71    0  202 393 -433  0
3797500 2746500  9  4 14  20.6 1015 262  3.6 7 10.3  69   22  254 391 -439  0
3797500 2746500  9  4 15  20.7 1015 267  3.5 6 10.3  68   55  248 386 -439  0
3797500 2746500  9  4 16  21.2 1015 244  4.9 6 10.1  65  151  186 384 -435  0
3797500 2746500  9  4 17  20.8 1015 257  4.0 6 10.0  64  120  127 386 -433  0
3797500 2746500  9  4 18  20.6 1016 268  2.8 6  9.9  65   79   62 384 -430  0
3797500 2746500  9  4 19  19.4 1016 283  2.2 6  9.5  65   21   17 380 -425  0
3797500 2746500  9  4 20  18.5 1016 266  1.6 5  8.9  65    0    0 372 -420  0
3797500 2746500  9  4 21  17.5 1017 266  1.1 3  8.6  67    0    0 354 -416  0
3797500 2746500  9  4 22  16.7 1018 317  1.1 1  8.7  72    0    0 333 -414  0
3797500 2746500  9  4 23  15.8 1018 310  0.6 1  8.7  75    0    0 320 -411  0
3797500 2746500  9  4 24  14.9 1018 290  1.0 1  8.6  79    0    0 317 -409  0
3797500 2746500  9  5  1  13.9 1018 224  1.2 1  8.6  84    0    0 313 -407  0
3797500 2746500  9  5  2  13.5 1019 224  0.1 1  8.6  89    0    0 309 -405  0
3797500 2746500  9  5  3  13.4 1018 182  0.7 2  8.5  89    0    0 312 -405  0
3797500 2746500  9  5  4  13.5 1018 191  0.8 6  8.5  89    0    0 337 -403  0
3797500 2746500  9  5  5  14.1 1019 179  1.2 7  8.8  89    0    0 361 -401  0
3797500 2746500  9  5  6  14.5 1019 161  1.6 7  8.9  88    0    0 366 -399  0
3797500 2746500  9  5  7  15.2 1018 181  1.5 7  9.0  86    0   26 365 -397  0
3797500 2746500  9  5  8  16.2 1018 214  2.1 7  9.2  83    0   85 365 -400  0
3797500 2746500  9  5  9  16.5 1018 212  2.0 7  9.5  82    0  110 364 -409  0
3797500 2746500  9  5 10  17.0 1019 212  2.6 7  9.8  83    3  189 363 -423  0
3797500 2746500  9  5 11  17.6 1018 209  3.0 6 10.1  82   16  262 360 -439  0
3797500 2746500  9  5 12  18.3 1018 207  2.9 7 10.5  82   10  266 361 -455  0
3797500 2746500  9  5 13  19.9 1018 220  3.4 7 11.0  80   20  297 369 -467  0
3797500 2746500  9  5 14  20.6 1017 236  3.3 6 11.4  77   33  310 369 -476  0
3797500 2746500  9  5 15  21.3 1017 249  2.2 6 11.7  76   22  262 368 -482  0
3797500 2746500  9  5 16  21.6 1017 251  2.1 6 11.9  74   13  200 369 -483  0
3797500 2746500  9  5 17  21.6 1017 242  1.6 7 11.9  73   10  151 370 -478  0
3797500 2746500  9  5 18  21.3 1016 234  1.3 8 12.0  75    1   67 372 -469  0
3797500 2746500  9  5 19  21.2 1016 229  1.3 7 12.1  76    2   20 369 -455  0
3797500 2746500  9  5 20  20.5 1016 238  0.9 7 11.9  77    0    0 362 -440  0
3797500 2746500  9  5 21  19.7 1016 176  0.8 6 11.8  80    0    0 355 -429  0
3797500 2746500  9  5 22  19.1 1016 160  0.9 4 11.7  82    0    0 347 -423  0
3797500 2746500  9  5 23  18.5 1016 185  0.7 3 11.6  85    0    0 338 -418  0
3797500 2746500  9  5 24  18.6 1015 205  0.8 4 11.8  88    0    0 336 -415  0
3797500 2746500  9  6  1  18.7 1015 187  1.2 6 11.9  88    0    0 343 -413  0
3797500 2746500  9  6  2  18.1 1015 182  1.3 6 11.6  87    0    0 345 -412  0
3797500 2746500  9  6  3  17.9 1014 178  1.2 4 11.1  86    0    0 339 -410  0
3797500 2746500  9  6  4  17.9 1014 189  1.0 5 10.9  85    0    0 336 -409  0
3797500 2746500  9  6  5  17.5 1014 181  1.3 5 10.8  85    0    0 337 -408  0
3797500 2746500  9  6  6  17.4 1013 180  1.6 4 10.7  85    0    0 334 -406  0
3797500 2746500  9  6  7  17.8 1013 180  1.6 3 10.8  86   10   38 330 -405  0
3797500 2746500  9  6  8  18.8 1013 161  1.3 2 11.3  85   81  105 327 -408  0
3797500 2746500  9  6  9  20.0 1013 180  2.2 1 11.8  83  196  146 326 -416  0
3797500 2746500  9  6 10  21.7 1012 181  2.1 1 12.2  79  320  167 331 -430  0
3797500 2746500  9  6 11  23.0 1012 212  2.3 0 12.2  72  421  177 337 -446  0
3797500 2746500  9  6 12  23.5 1012 222  2.6 1 12.1  67  472  189 343 -461  0
3797500 2746500  9  6 13  24.3 1011 242  2.6 1 12.1  65  526  168 352 -474  0
3797500 2746500  9  6 14  25.1 1011 240  2.5 1 12.1  62  529  154 357 -483  0
3797500 2746500  9  6 15  25.9 1010 237  3.1 0 12.0  58  456  150 360 -486  0
3797500 2746500  9  6 16  26.5 1010 237  2.8 0 11.9  56  352  135 362 -484  0
3797500 2746500  9  6 17  25.9 1009 249  2.3 1 11.8  55  228  115 364 -478  0
3797500 2746500  9  6 18  25.8 1009 266  1.6 1 11.8  56  108   82 365 -468  0
3797500 2746500  9  6 19  24.6 1009 276  1.0 2 11.9  59   16   23 364 -455  0
3797500 2746500  9  6 20  22.0 1008 259  0.7 2 12.1  67    0    0 358 -440  0
3797500 2746500  9  6 21  20.9 1008 300  0.5 1 12.2  76    0    0 348 -429  0
3797500 2746500  9  6 22  20.3 1008 124  0.7 2 12.1  79    0    0 343 -423  0
3797500 2746500  9  6 23  19.9 1008  15  0.6 2 11.9  80    0    0 342 -420  0
3797500 2746500  9  6 24  19.7 1008  93  0.5 3 11.6  80    0    0 344 -417  0
3797500 2746500  9  7  1  20.0 1008  40  0.6 4 11.4  78    0    0 350 -413  0
3797500 2746500  9  7  2  19.2 1007 109  0.8 5 11.7  81    0    0 355 -411  0
3797500 2746500  9  7  3  18.7 1007 116  0.7 3 11.9  86    0    0 352 -409  0
3797500 2746500  9  7  4  18.1 1007 195  1.3 4 11.7  87    0    0 348 -409  0
3797500 2746500  9  7  5  19.0 1007 202  1.2 4 11.5  85    0    0 351 -407  0
3797500 2746500  9  7  6  19.2 1006 195  0.9 3 11.5  82    0    0 349 -404  0
3797500 2746500  9  7  7  18.9 1006 203  1.1 2 11.5  82    8   35 342 -403  0
3797500 2746500  9  7  8  19.5 1006 212  0.9 2 11.8  84   62   99 339 -406  0
3797500 2746500  9  7  9  20.7 1006 243  1.5 2 12.4  83  180  129 341 -410  0
3797500 2746500  9  7 10  21.6 1006 250  2.5 1 12.6  79  214  184 340 -412  0
3797500 2746500  9  7 11  20.3 1006 309  2.7 4 12.4  79    3  195 346 -413  0
3797500 2746500  9  7 12  19.5 1007 317  2.5 8 12.2  83    0   80 368 -416  0
3797500 2746500  9  7 13  18.2 1008 336  3.9 8 11.1  80    0   63 379 -419  0
3797500 2746500  9  7 14  16.2 1008 326  3.1 8 10.2  82    0   61 373 -420  0
3797500 2746500  9  7 15  16.0 1010 345  1.4 8 10.2  88    0   87 370 -422  0
3797500 2746500  9  7 16  17.4 1010 310  2.5 7 10.2  86   17  182 368 -427  0
3797500 2746500  9  7 17  18.1 1011 335  3.2 4  9.4  74  111  131 355 -430  0
3797500 2746500  9  7 18  17.3 1011 347  3.3 4  8.2  65   49   76 339 -425  0
3797500 2746500  9  7 19  16.5 1012 341  2.1 2  7.7  64    1   17 327 -414  0
3797500 2746500  9  7 20  15.7 1013 337  2.4 1  7.3  64    0    0 309 -402  0
3797500 2746500  9  7 21  15.1 1014 327  1.0 2  7.3  66    0    0 305 -393  0
3797500 2746500  9  7 22  14.8 1015 318  1.8 1  7.3  68    0    0 303 -387  0
3797500 2746500  9  7 23  14.5 1016 308  1.3 1  7.3  71    0    0 297 -381  0
3797500 2746500  9  7 24  13.9 1016 290  0.6 1  7.4  73    0    0 295 -376  0
3797500 2746500  9  8  1  13.3 1017 282  0.5 1  7.4  76    0    0 292 -372  0
3797500 2746500  9  8  2  12.7 1017 323  0.3 1  7.4  80    0    0 289 -368  0
3797500 2746500  9  8  3  12.8 1018 314  0.6 0  7.4  81    0    0 283 -365  0
3797500 2746500  9  8  4  12.2 1019 282  0.6 0  7.4  82    0    0 276 -363  0
3797500 2746500  9  8  5  11.6 1019 266  0.5 0  7.3  85    0    0 273 -361  0
3797500 2746500  9  8  6  11.0 1020 266  0.4 0  7.1  86    0    0 271 -359  0
3797500 2746500  9  8  7  11.9 1020 306  0.6 2  7.2  86   24   31 281 -358  0
3797500 2746500  9  8  8  13.3 1021 282  0.6 3  7.6  84  106   75 299 -361  0
3797500 2746500  9  8  9  15.5 1021 315  1.5 2  7.9  78  286   68 304 -370  0
3797500 2746500  9  8 10  16.6 1022 356  2.7 3  7.8  69  208  194 309 -385  0
3797500 2746500  9  8 11  16.5 1022 357  2.9 5  7.4  64   49  262 327 -401  0
3797500 2746500  9  8 12  17.4 1023   5  2.9 4  7.3  61  138  298 329 -414  0
3797500 2746500  9  8 13  18.1 1023 330  3.0 3  7.0  56  256  272 318 -424  0
3797500 2746500  9  8 14  18.4 1023   7  2.6 3  6.9  54  250  256 314 -431  0
3797500 2746500  9  8 15  18.6 1023 344  2.8 3  6.7  51  243  218 314 -434  0
3797500 2746500  9  8 16  19.4 1023 357  2.3 2  6.5  48  247  150 311 -431  0
3797500 2746500  9  8 17  18.7 1023   8  3.0 1  6.6  48  267   58 303 -426  0
3797500 2746500  9  8 18  18.7 1022 341  2.0 1  6.5  49  135   54 299 -418  0
3797500 2746500  9  8 19  17.4 1022 349  1.2 1  6.5  51   21   17 299 -408  0
3797500 2746500  9  8 20  16.3 1022   9  1.4 1  6.7  57    0    0 297 -397  0
3797500 2746500  9  8 21  15.6 1023  34  1.7 1  7.0  62    0    0 295 -389  0
3797500 2746500  9  8 22  15.7 1023  49  2.0 0  7.1  65    0    0 290 -383  0
3797500 2746500  9  8 23  15.0 1023  52  2.1 0  7.0  65    0    0 285 -378  0
3797500 2746500  9  8 24  13.2 1023  70  1.6 1  6.9  69    0    0 286 -372  0
3797500 2746500  9  9  1  12.9 1023  84  0.8 0  6.6  71    0    0 281 -368  0
3797500 2746500  9  9  2  12.5 1023  84  0.9 1  6.3  69    0    0 279 -364  0
3797500 2746500  9  9  3  12.5 1023  75  1.1 0  6.2  69    0    0 278 -361  0
3797500 2746500  9  9  4  11.9 1023  64  1.2 0  6.0  69    0    0 273 -359  0
3797500 2746500  9  9  5  11.6 1023  80  0.8 0  6.0  70    0    0 272 -357  0
3797500 2746500  9  9  6  10.5 1023 100  0.8 0  5.9  73    0    0 270 -355  0
3797500 2746500  9  9  7  11.3 1023 103  1.4 0  6.0  75   20   33 269 -354  0
3797500 2746500  9  9  8  13.7 1023 101  1.5 0  6.6  74  119   77 274 -357  0
3797500 2746500  9  9  9  15.5 1023 100  1.6 0  7.4  72  252   98 281 -367  0
3797500 2746500  9  9 10  16.4 1023 109  2.6 0  7.5  67  387  103 287 -383  0
3797500 2746500  9  9 11  17.6 1022 111  3.1 0  7.1  60  495  103 290 -400  0
3797500 2746500  9  9 12  18.6 1022 110  2.3 0  7.1  55  580   92 297 -416  0
3797500 2746500  9  9 13  19.6 1022  63  2.8 0  7.1  52  606   87 301 -428  0
3797500 2746500  9  9 14  19.9 1021  56  3.0 0  7.0  49  586   83 304 -436  0
3797500 2746500  9  9 15  20.1 1020  86  3.1 0  7.3  51  511   87 306 -440  0
3797500 2746500  9  9 16  20.8 1020  59  3.8 0  7.6  51  395   88 308 -439  0
3797500 2746500  9  9 17  20.7 1019  60  3.3 1  7.6  50  261   80 313 -435  0
3797500 2746500  9  9 18  20.4 1019  72  2.5 0  7.5  50  121   64 312 -427  0
3797500 2746500  9  9 19  18.9 1018  70  2.2 1  7.4  52   15   19 310 -417  0
3797500 2746500  9  9 20  18.0 1018  79  1.9 1  7.3  55    0    0 308 -406  0
3797500 2746500  9  9 21  17.3 1018  88  2.5 0  7.3  58    0    0 301 -398  0
3797500 2746500  9  9 22  16.4 1018  91  2.2 0  7.3  61    0    0 296 -392  0
3797500 2746500  9  9 23  15.8 1018  80  1.4 0  7.3  64    0    0 294 -387  0
3797500 2746500  9  9 24  14.8 1018 101  1.3 1  7.3  67    0    0 293 -382  0
3797500 2746500  9 10  1  14.9 1018 101  1.4 1  7.4  71    0    0 293 -378  0
3797500 2746500  9 10  2  13.8 1018 100  1.4 1  7.6  75    0    0 292 -375  0
3797500 2746500  9 10  3  14.1 1017  99  1.6 1  7.5  76    0    0 290 -372  0
3797500 2746500  9 10  4  12.9 1017  90  1.0 1  7.4  77    0    0 288 -370  0
3797500 2746500  9 10  5  12.7 1017 100  1.4 3  7.3  80    0    0 289 -368  0
3797500 2746500  9 10  6  12.0 1017 109  1.8 3  7.2  81    0    0 290 -367  0
3797500 2746500  9 10  7  12.5 1017 107  2.0 1  7.3  82   12   32 287 -366  0
3797500 2746500  9 10  8  14.3 1017 116  1.9 1  7.6  80  112   76 287 -368  0
3797500 2746500  9 10  9  16.8 1017 109  2.7 2  8.0  73  247   95 295 -378  0
3797500 2746500  9 10 10  18.9 1016  96  2.9 1  8.5  66  379  102 303 -394  0
3797500 2746500  9 10 11  20.5 1016 103  3.0 1  8.4  59  493   98 307 -413  0
3797500 2746500  9 10 12  22.3 1016 107  2.7 1  8.4  53  572   91 315 -432  0
3797500 2746500  9 10 13  24.0 1016  98  3.3 0  8.1  46  601   84 320 -447  0
3797500 2746500  9 10 14  24.5 1015 128  2.8 0  7.6  40  567   88 322 -457  0
3797500 2746500  9 10 15  24.9 1015 145  2.7 1  7.9  41  492   92 327 -463  0
3797500 2746500  9 10 16  25.1 1015 142  2.5 1  8.4  42  387   85 331 -463  0
3797500 2746500  9 10 17  24.8 1015 166  2.4 1  8.8  45  251   79 332 -458  0
3797500 2746500  9 10 18  24.6 1014 168  2.4 1  9.0  46  110   63 331 -447  0
3797500 2746500  9 10 19  22.7 1014 166  0.8 1  8.9  49   14   16 327 -435  0
3797500 2746500  9 10 20  20.9 1014  96  0.9 1  9.0  55    0    0 320 -422  0
3797500 2746500  9 10 21  19.3 1015 110  0.9 2  9.2  63    0    0 316 -412  0
3797500 2746500  9 10 22  19.5 1015 123  1.6 1  9.1  65    0    0 314 -405  0
3797500 2746500  9 10 23  18.9 1015 140  1.3 2  8.8  63    0    0 311 -398  0
3797500 2746500  9 10 24  19.3 1015 124  1.9 3  8.6  62    0    0 315 -393  0
3797500 2746500  9 11  1  18.9 1015 148  2.1 2  8.6  62    0    0 315 -388  0
3797500 2746500  9 11  2  17.9 1015 138  1.7 2  8.5  64    0    0 310 -384  0
3797500 2746500  9 11  3  17.5 1015 146  1.4 2  8.4  66    0    0 308 -380  0
3797500 2746500  9 11  4  18.8 1015 178  2.1 1  8.2  63    0    0 307 -377  0
3797500 2746500  9 11  5  18.2 1015 187  1.7 0  8.1  61    0    0 304 -374  0
3797500 2746500  9 11  6  17.1 1014 168  1.2 1  8.1  64    0    0 301 -373  0
3797500 2746500  9 11  7  17.3 1014 123  1.5 1  8.1  66   11   31 301 -371  0
3797500 2746500  9 11  8  19.5 1014 130  0.9 0  8.7  65   87   86 303 -373  0
3797500 2746500  9 11  9  21.0 1014 113  1.2 0  9.4  63  200  122 306 -383  0
3797500 2746500  9 11 10  22.8 1014 167  1.7 0 10.1  62  316  143 312 -399  0
3797500 2746500  9 11 11  24.2 1014 130  1.7 1 10.7  59  416  149 321 -419  0
3797500 2746500  9 11 12  25.0 1014 197  2.2 1 10.4  54  492  145 328 -438  0
3797500 2746500  9 11 13  26.2 1014 205  2.2 0 10.4  50  525  134 332 -452  0
3797500 2746500  9 11 14  26.6 1013 206  2.2 0 10.7  50  496  132 334 -460  0
3797500 2746500  9 11 15  26.8 1013 161  3.0 2 10.9  49  363  159 341 -464  0
3797500 2746500  9 11 16  27.3 1012 198  2.1 2 10.9  48  292  132 348 -464  0
3797500 2746500  9 11 17  27.4 1012 171  1.4 1 10.8  47  212   97 346 -460  0
3797500 2746500  9 11 18  26.0 1011 146  1.4 1 10.7  49   90   69 340 -451  0
3797500 2746500  9 11 19  24.2 1011 123  1.1 0 10.5  52    9   16 332 -438  0
3797500 2746500  9 11 20  22.9 1011 108  1.6 1 10.5  57    0    0 327 -424  0
3797500 2746500  9 11 21  22.1 1012 121  1.7 1 10.5  61    0    0 325 -414  0
3797500 2746500  9 11 22  22.1 1012 132  1.9 1 10.6  64    0    0 323 -405  0
3797500 2746500  9 11 23  22.0 1012 150  1.4 1 10.5  63    0    0 323 -399  0
3797500 2746500  9 11 24  21.9 1012 150  1.6 1 10.2  62    0    0 322 -393  0
3797500 2746500  9 12  1  20.8 1012 156  1.3 1 10.2  64    0    0 320 -389  0
3797500 2746500  9 12  2  20.9 1012 101  1.6 0 10.3  66    0    0 315 -384  0
3797500 2746500  9 12  3  20.4 1012  97  1.5 1 10.5  69    0    0 315 -380  0
3797500 2746500  9 12  4  20.4 1011 164  1.2 1 10.7  71    0    0 318 -377  0
3797500 2746500  9 12  5  20.0 1011  90  1.9 0 11.0  74    0    0 315 -375  0
3797500 2746500  9 12  6  20.5 1011 165  2.4 1 11.1  74    0    0 316 -373  0
3797500 2746500  9 12  7  20.9 1011 176  1.9 1 11.2  73    9   31 318 -371  0
3797500 2746500  9 12  8  22.5 1011  74  2.0 0 11.6  71   81   90 318 -373  0
3797500 2746500  9 12  9  23.9 1011 166  2.3 0 12.1  67  193  131 319 -382  0
3797500 2746500  9 12 10  24.8 1011 140  1.8 0 12.3  64  309  154 322 -399  0
3797500 2746500  9 12 11  26.5 1011 171  2.1 0 12.5  60  411  163 328 -419  0
3797500 2746500  9 12 12  27.0 1011 155  2.4 0 12.8  58  489  161 334 -439  0
3797500 2746500  9 12 13  27.8 1011 161  2.7 0 12.3  54  520  155 336 -455  0
3797500 2746500  9 12 14  28.3 1010 147  3.0 0 11.6  49  501  150 338 -466  0
3797500 2746500  9 12 15  28.7 1010 174  2.3 0 10.8  44  433  143 340 -471  0
3797500 2746500  9 12 16  28.8 1010 173  2.5 0 10.7  43  326  130 341 -470  0
3797500 2746500  9 12 17  28.1 1009 144  2.9 0 11.1  46  204  109 340 -463  0
3797500 2746500  9 12 18  26.9 1009 159  2.2 0 11.3  49   85   74 337 -452  0
3797500 2746500  9 12 19  25.2 1009 129  1.6 1 11.3  53    9   16 335 -437  0
3797500 2746500  9 12 20  24.3 1009 123  1.5 1 11.3  57    0    0 333 -422  0
3797500 2746500  9 12 21  24.6 1009 139  2.0 1 11.2  58    0    0 332 -412  0
3797500 2746500  9 12 22  24.3 1009 120  1.8 0 11.0  57    0    0 329 -405  0
3797500 2746500  9 12 23  23.7 1009 119  1.5 0 10.7  57    0    0 323 -400  0
3797500 2746500  9 12 24  23.1 1009 147  2.0 0 10.5  58    0    0 319 -397  0
3797500 2746500  9 13  1  22.5 1009 118  1.2 0 10.4  60    0    0 316 -394  0
3797500 2746500  9 13  2  22.1 1009 124  1.3 0 10.4  61    0    0 313 -391  0
3797500 2746500  9 13  3  22.0 1008 108  0.9 0 10.4  62    0    0 312 -389  0
3797500 2746500  9 13  4  21.1 1008 111  0.8 0 10.3  63    0    0 309 -386  0
3797500 2746500  9 13  5  20.6 1008 116  0.7 1 10.2  66    0    0 309 -381  0
3797500 2746500  9 13  6  21.2 1008 137  0.6 1 10.3  66    0    0 312 -375  0
3797500 2746500  9 13  7  21.0 1008 130  1.4 1 10.3  66    7   30 311 -371  0
3797500 2746500  9 13  8  22.8 1008 108  2.8 0 10.5  63   71   90 307 -373  0
3797500 2746500  9 13  9  23.4 1008 113  2.2 0 10.8  60  174  136 305 -386  0
3797500 2746500  9 13 10  25.0 1008 158  2.7 0 10.9  57  278  166 308 -407  0
3797500 2746500  9 13 11  25.9 1008 182  3.7 0 11.0  54  372  177 312 -430  0
3797500 2746500  9 13 12  27.1 1007 155  4.7 1 10.8  50  443  176 321 -451  0
3797500 2746500  9 13 13  27.8 1007 158  4.2 1 10.6  46  477  165 328 -466  0
3797500 2746500  9 13 14  27.7 1007 186  3.0 1 10.4  44  461  157 331 -477  0
3797500 2746500  9 13 15  28.5 1006 154  3.6 2  9.9  41  388  153 337 -481  0
3797500 2746500  9 13 16  28.8 1006 178  3.3 2  9.8  40  274  145 343 -481  0
3797500 2746500  9 13 17  28.6 1005 146  3.5 2 10.2  41  183  106 345 -474  0
3797500 2746500  9 13 18  27.4 1005 142  2.9 2 10.5  44   75   69 344 -464  0
3797500 2746500  9 13 19  25.9 1005 128  2.2 1 10.5  48    7   15 338 -451  0
3797500 2746500  9 13 20  25.3 1005 136  2.5 1 10.3  50    0    0 331 -438  0
3797500 2746500  9 13 21  25.2 1005 120  1.6 2 10.2  50    0    0 333 -428  0
3797500 2746500  9 13 22  25.0 1005 151  2.3 1 10.2  51    0    0 333 -424  0
3797500 2746500  9 13 23  23.9 1005 140  1.9 1 10.1  52    0    0 327 -422  0
3797500 2746500  9 13 24  22.8 1004 108  1.0 1 10.2  56    0    0 323 -420  0
3797500 2746500  9 14  1  22.0 1004 119  1.0 0 10.3  60    0    0 316 -417  0
3797500 2746500  9 14  2  21.3 1004 112  0.9 0 10.3  63    0    0 310 -415  0
3797500 2746500  9 14  3  21.0 1004 117  0.7 1 10.2  64    0    0 312 -416  0
3797500 2746500  9 14  4  21.1 1004 114  0.4 2 10.2  64    0    0 319 -416  0
3797500 2746500  9 14  5  20.5 1004 113  0.5 2 10.0  65    0    0 323 -415  0
3797500 2746500  9 14  6  20.3 1003 105  1.0 2  9.8  64    0    0 321 -412  0
3797500 2746500  9 14  7  20.4 1003 102  0.9 2  9.5  63    8   28 320 -408  0
3797500 2746500  9 14  8  22.2 1003  94  1.0 2  9.5  60   68   89 321 -410  0
3797500 2746500  9 14  9  23.4 1003 115  2.1 2  9.7  55  151  144 326 -419  0
3797500 2746500  9 14 10  24.7 1003 154  3.0 5  9.2  48  161  213 339 -435  0
3797500 2746500  9 14 11  24.9 1003 155  3.2 6  8.4  43  206  252 354 -454  0
3797500 2746500  9 14 12  26.1 1002 124  3.8 5  8.2  40  398  203 357 -469  0
3797500 2746500  9 14 13  27.6 1002 127  4.0 4  7.8  35  441  187 357 -482  0
3797500 2746500  9 14 14  28.6 1001 133  4.6 3  7.2  30  453  165 357 -491  0
3797500 2746500  9 14 15  28.5 1001 134  3.9 4  7.1  29  298  196 360 -494  0
3797500 2746500  9 14 16  28.0 1000 115  3.4 4  7.3  30  165  185 362 -493  0
3797500 2746500  9 14 17  27.8 1000 113  2.2 6  8.0  34  116  125 368 -487  0
3797500 2746500  9 14 18  26.0 1000 146  2.2 6  8.7  39   50   68 371 -475  0
3797500 2746500  9 14 19  25.0 1000 111  1.5 6  8.7  42    2   13 366 -460  0
3797500 2746500  9 14 20  23.5 1000  97  1.1 6  8.9  46    0    0 362 -446  0
3797500 2746500  9 14 21  22.8 1000 110  1.5 6  9.0  50    0    0 360 -435  0
3797500 2746500  9 14 22  22.3 1000  75  2.1 6  9.1  52    0    0 358 -428  0
3797500 2746500  9 14 23  22.2 1000  88  1.9 6  9.0  53    0    0 356 -422  0
3797500 2746500  9 14 24  21.6 1000  88  1.7 6  8.9  53    0    0 353 -417  0
3797500 2746500  9 15  1  21.0 1000  94  2.0 4  8.5  53    0    0 346 -413  0
3797500 2746500  9 15  2  20.0 1000  89  1.5 4  8.4  55    0    0 337 -409  0
3797500 2746500  9 15  3  19.1 1000  90  1.6 5  8.5  59    0    0 337 -405  0
3797500 2746500  9 15  4  18.1  999  61  1.6 4  8.3  61    0    0 333 -402  0
3797500 2746500  9 15  5  17.6  999  69  1.9 2  8.2  63    0    0 324 -399  0
3797500 2746500  9 15  6  17.2  999  71  1.5 2  8.2  65    0    0 317 -396  0
3797500 2746500  9 15  7  17.0  999  88  2.4 5  8.1  66    0   19 322 -394  0
3797500 2746500  9 15  8  18.4  999  77  2.6 5  8.4  66   17   89 330 -395  0
3797500 2746500  9 15  9  20.1  999  76  2.3 5  8.8  62  121  150 334 -402  0
3797500 2746500  9 15 10  21.7  999  63  3.4 5  9.1  58  284  158 340 -415  0
3797500 2746500  9 15 11  23.1  999  64  3.9 4  9.0  52  384  169 345 -432  0
3797500 2746500  9 15 12  24.5  999  71  4.0 4  9.1  48  398  199 352 -448  0
3797500 2746500  9 15 13  24.7  998  55  4.3 3  9.2  47  345  232 358 -461  0
3797500 2746500  9 15 14  25.7  998  66  3.6 3  9.2  45  355  206 363 -468  0
3797500 2746500  9 15 15  26.1  998  55  4.2 4  9.3  44  190  238 366 -470  0
3797500 2746500  9 15 16  25.5  998  80  3.7 6  9.3  44   32  184 368 -468  0
3797500 2746500  9 15 17  24.9  998  92  3.2 6  9.5  46   49  134 368 -463  0
3797500 2746500  9 15 18  24.2  999  65  2.9 7  9.7  50   23   60 368 -454  0
3797500 2746500  9 15 19  23.5  999  51  2.7 5 10.0  53    0    7 366 -443  0
3797500 2746500  9 15 20  23.0  999  61  2.2 5  9.9  55    0    0 360 -433  0
3797500 2746500  9 15 21  22.6 1000  57  1.9 7  9.9  56    0    0 362 -425  0
3797500 2746500  9 15 22  22.0 1000  72  1.7 6 10.0  58    0    0 364 -420  0
3797500 2746500  9 15 23  21.8 1000  57  2.0 6 10.0  60    0    0 360 -415  0
3797500 2746500  9 15 24  21.1 1000  79  1.7 8 10.0  62    0    0 365 -411  0
3797500 2746500  9 16  1  20.9 1000  77  1.8 8 10.0  63    0    0 369 -408  0
3797500 2746500  9 16  2  20.2 1000  76  1.6 7 10.0  65    0    0 366 -404  0
3797500 2746500  9 16  3  19.4 1000  73  1.3 5  9.9  68    0    0 355 -401  0
3797500 2746500  9 16  4  18.7 1000  75  1.0 4  9.9  71    0    0 343 -399  0
3797500 2746500  9 16  5  19.0 1000  81  1.1 5  9.9  72    0    0 342 -396  0
3797500 2746500  9 16  6  18.5 1000  90  1.1 6  9.9  72    0    0 351 -394  0
3797500 2746500  9 16  7  17.9 1001 102  1.6 5  9.9  74    9   25 349 -392  0
3797500 2746500  9 16  8  19.7 1001 106  1.7 4 10.1  74   77   78 341 -395  0
3797500 2746500  9 16  9  22.1 1001 110  1.6 3 10.4  67  188  117 338 -403  0
3797500 2746500  9 16 10  23.4 1001  94  1.6 4 10.6  60  214  184 345 -416  0
3797500 2746500  9 16 11  24.0 1001 121  1.8 5 10.6  57  247  228 360 -431  0
3797500 2746500  9 16 12  24.9 1001  93  2.1 6 10.3  53  410  179 372 -447  0
3797500 2746500  9 16 13  25.9 1001 111  2.5 4 10.4  50  478  151 373 -461  0
3797500 2746500  9 16 14  26.3 1001 110  2.1 4 10.5  49  452  145 369 -470  0
3797500 2746500  9 16 15  26.9 1001  98  1.7 4 10.7  48  327  163 370 -473  0
3797500 2746500  9 16 16  26.5 1001  92  1.4 5 10.8  49   93  197 375 -472  0
3797500 2746500  9 16 17  26.3 1001 113  1.2 7 10.8  50   48  131 388 -466  0
3797500 2746500  9 16 18  25.6 1001  71  1.1 7 10.9  51   37   56 397 -459  0
3797500 2746500  9 16 19  23.7 1001 110  0.5 7 11.2  57    1    9 392 -450  0
3797500 2746500  9 16 20  22.4 1002 121  0.5 6 11.3  63    0    0 381 -442  0
3797500 2746500  9 16 21  21.6 1002   4  0.3 7 11.1  66    0    0 377 -437  0
3797500 2746500  9 16 22  21.1 1002 186  0.6 5 11.0  68    0    0 370 -433  0
3797500 2746500  9 16 23  20.4 1002 212  0.9 5 11.1  71    0    0 358 -430  0
3797500 2746500  9 16 24  19.7 1002 184  1.1 6 11.2  75    0    0 362 -428  0
3797500 2746500  9 17  1  20.8 1002 203  1.4 2 11.3  75    0    0 351 -425  0
3797500 2746500  9 17  2  20.0 1002 204  1.7 2 11.4  75    0    0 335 -422  0
3797500 2746500  9 17  3  19.4 1002 179  1.7 2 11.4  78    0    0 334 -418  0
3797500 2746500  9 17  4  19.0 1002 205  1.2 3 11.3  80    0    0 337 -416  0
3797500 2746500  9 17  5  19.0 1001 238  1.2 6 11.4  82    0    0 356 -414  0
3797500 2746500  9 17  6  18.1 1002 221  1.3 6 11.5  84    0    0 369 -410  0
3797500 2746500  9 17  7  18.4 1002 204  1.1 7 11.5  86    0   12 374 -408  0
3797500 2746500  9 17  8  19.0 1002 244  1.4 7 11.8  86    0   56 379 -409  0
3797500 2746500  9 17  9  20.3 1002 247  2.0 6 12.0  83   13  147 378 -414  0
3797500 2746500  9 17 10  20.4 1003 251  2.1 5 12.1  80   99  235 371 -420  0
3797500 2746500  9 17 11  20.7 1003 259  2.8 6 12.2  80  109  284 372 -429  0
3797500 2746500  9 17 12  20.7 1003 261  2.4 7 12.3  79  114  314 383 -440  0
3797500 2746500  9 17 13  22.2 1003 260  2.8 6 12.1  74  181  317 386 -447  0
3797500 2746500  9 17 14  22.8 1003 281  2.6 5 11.7  68  194  297 383 -451  0
3797500 2746500  9 17 15  22.4 1003 273  2.6 6 11.7  67   10  203 384 -456  0
3797500 2746500  9 17 16  22.1 1003 311  3.0 8 11.8  69    0   85 394 -457  0
3797500 2746500  9 17 17  20.6 1003 299  3.0 8 11.6  72    1   92 397 -453  0
3797500 2746500  9 17 18  19.7 1003 307  3.1 7 11.2  75    0   26 389 -444  0
3797500 2746500  9 17 19  19.8 1003 309  2.4 8 11.0  75    0    7 388 -434  0
3797500 2746500  9 17 20  19.3 1004 315  2.7 8 10.8  75    0    0 390 -425  0
3797500 2746500  9 17 21  19.1 1004 311  2.4 8 10.6  75    0    0 389 -421  0
3797500 2746500  9 17 22  18.8 1004 320  2.4 8 10.5  76    0    0 388 -421  0
3797500 2746500  9 17 23  18.2 1005 302  2.4 8 10.5  78    0    0 387 -419  0
3797500 2746500  9 17 24  17.9 1005 259  1.8 8 10.5  80    0    0 386 -417  0
3797500 2746500  9 18  1  17.6 1005 269  2.1 7 10.6  83    0    0 382 -414  0
3797500 2746500  9 18  2  17.4 1005 326  2.0 8 10.6  84    0    0 381 -412  0
3797500 2746500  9 18  3  16.9 1004 301  1.8 7 10.6  86    0    0 381 -412  0
3797500 2746500  9 18  4  16.7 1005 330  1.2 8 10.7  88    0    0 381 -409  0
3797500 2746500  9 18  5  16.8 1004 262  1.3 8 10.6  88    0    0 384 -406  0
3797500 2746500  9 18  6  16.4 1005 252  1.4 8 10.6  89    0    0 384 -406  0
3797500 2746500  9 18  7  16.2 1005 276  1.1 7 10.7  91    0    2 380 -407  0
3797500 2746500  9 18  8  15.9 1005 261  1.3 8 10.7  93    0   18 378 -408  0
3797500 2746500  9 18  9  16.0 1005 274  1.8 7 10.7  94    0   42 377 -413  0
3797500 2746500  9 18 10  16.1 1005 272  1.5 8 10.8  94    0   72 377 -420  0
3797500 2746500  9 18 11  16.5 1006 260  1.8 7 10.8  92    0   86 377 -425  0
3797500 2746500  9 18 12  17.2 1006 263  2.3 7 10.8  89    0  107 376 -429  0
3797500 2746500  9 18 13  17.5 1006 277  1.9 7 10.7  86    0  115 378 -435  0
3797500 2746500  9 18 14  17.7 1006 245  1.8 7 10.8  85    0  112 378 -439  0
3797500 2746500  9 18 15  17.8 1006 249  2.2 7 10.8  84    0   94 379 -436  0
3797500 2746500  9 18 16  17.9 1006 256  1.9 7 10.7  83    0   81 378 -432  0
3797500 2746500  9 18 17  17.8 1006 238  1.3 7 10.7  83    0   74 377 -426  0
3797500 2746500  9 18 18  17.9 1006 211  1.1 8 11.0  85    3   50 381 -418  0
3797500 2746500  9 18 19  17.8 1006 225  1.4 8 11.0  85    0    2 384 -412  0
3797500 2746500  9 18 20  17.5 1006 190  0.9 7 10.9  86    0    0 378 -408  0
3797500 2746500  9 18 21  17.5 1006 214  2.0 6 11.0  87    0    0 368 -405  0
3797500 2746500  9 18 22  17.2 1006 180  1.1 7 11.0  88    0    0 368 -404  0
3797500 2746500  9 18 23  17.4 1006 244  1.9 7 11.1  89    0    0 373 -404  0
3797500 2746500  9 18 24  17.1 1006 238  1.2 6 11.1  89    0    0 368 -404  0
3797500 2746500  9 19  1  16.2 1006 240  2.2 6 10.3  86    0    0 361 -402  0
3797500 2746500  9 19  2  15.0 1007 230  2.2 5  9.3  83    0    0 351 -401  0
3797500 2746500  9 19  3  14.3 1007 219  2.2 1  8.7  83    0    0 324 -400  0
3797500 2746500  9 19  4  14.5 1007 220  2.4 5  8.5  82    0    0 322 -399  0
3797500 2746500  9 19  5  14.0 1007 227  2.4 5  8.2  80    0    0 340 -398  0
3797500 2746500  9 19  6  13.9 1006 215  2.4 4  8.1  81    0    0 334 -397  0
3797500 2746500  9 19  7  14.1 1006 197  1.7 7  8.2  81    1   20 344 -395  0
3797500 2746500  9 19  8  15.2 1006 197  2.0 6  8.3  80   13   78 357 -394  0
3797500 2746500  9 19  9  16.1 1006 208  2.4 5  8.6  77  113  129 350 -395  0
3797500 2746500  9 19 10  18.5 1006 218  3.1 4  9.0  72  221  152 345 -400  0
3797500 2746500  9 19 11  18.9 1006 218  3.6 5  9.4  69   95  237 351 -409  0
3797500 2746500  9 19 12  19.3 1006 230  4.3 5  9.6  69   85  262 358 -421  0
3797500 2746500  9 19 13  19.2 1006 229  3.9 7  9.8  69   12  223 371 -430  0
3797500 2746500  9 19 14  19.2 1006 244  4.0 6 10.0  71   20  226 376 -437  0
3797500 2746500  9 19 15  16.8 1006 283  2.8 7 10.0  76    0  121 371 -439  0
3797500 2746500  9 19 16  14.9 1007 291  1.5 8  9.5  84    0   63 370 -437  0
3797500 2746500  9 19 17  16.1 1007 250  2.5 7  9.3  83    7  102 365 -432  0
3797500 2746500  9 19 18  16.3 1007 235  1.3 5  9.3  80   52   44 352 -423  0
3797500 2746500  9 19 19  15.1 1008 211  1.7 6  9.2  82    0    9 341 -412  0
3797500 2746500  9 19 20  14.9 1008 215  1.4 6  9.0  84    0    0 337 -402  0
3797500 2746500  9 19 21  14.6 1009 219  1.4 3  8.8  84    0    0 323 -394  0
3797500 2746500  9 19 22  14.2 1010 224  1.4 2  8.6  83    0    0 306 -388  0
3797500 2746500  9 19 23  13.7 1010 207  1.4 3  8.3  83    0    0 302 -383  0
3797500 2746500  9 19 24  13.4 1010 189  1.5 2  8.1  83    0    0 299 -379  0
3797500 2746500  9 20  1  13.2 1010 177  1.4 0  8.1  84    0    0 285 -376  0
3797500 2746500  9 20  2  13.0 1010 179  1.5 0  8.3  87    0    0 273 -374  0
3797500 2746500  9 20  3  12.7 1010 181  1.5 2  8.2  88    0    0 278 -373  0
3797500 2746500  9 20  4  12.9 1010 191  1.6 1  8.2  88    0    0 282 -372  0
3797500 2746500  9 20  5  12.6 1010 183  1.6 1  8.0  87    0    0 279 -371  0
3797500 2746500  9 20  6  12.2 1011 182  1.7 2  7.7  85    0    0 279 -371  0
3797500 2746500  9 20  7  12.0 1011 181  1.7 3  7.6  86    2   23 285 -371  0
3797500 2746500  9 20  8  12.9 1011 172  2.0 4  7.7  85   43   84 294 -372  0
3797500 2746500  9 20  9  14.2 1011 183  2.1 4  8.0  82  122  141 302 -379  0
3797500 2746500  9 20 10  15.5 1012 192  2.1 5  8.3  78  219  176 311 -392  0
3797500 2746500  9 20 11  17.0 1012 193  2.6 5  8.1  70  293  199 321 -407  0
3797500 2746500  9 20 12  18.0 1012 200  3.2 6  7.8  63  332  214 331 -421  0
3797500 2746500  9 20 13  18.6 1011 217  3.5 4  7.7  58  360  207 333 -434  0
3797500 2746500  9 20 14  19.3 1011 205  2.9 3  7.6  55  385  172 328 -443  0
3797500 2746500  9 20 15  19.7 1011 191  3.5 3  7.7  54  362  140 328 -449  0
3797500 2746500  9 20 16  20.3 1010 169  3.7 3  7.7  52  274  121 331 -449  0
3797500 2746500  9 20 17  20.2 1010 165  2.6 3  7.6  51  165   95 331 -445  0
3797500 2746500  9 20 18  18.9 1009 148  2.6 4  7.7  54   50   57 331 -436  0
3797500 2746500  9 20 19  17.8 1009 148  2.4 2  7.8  59    0    4 324 -424  0
3797500 2746500  9 20 20  16.8 1009 140  1.6 1  7.6  62    0    0 312 -413  0
3797500 2746500  9 20 21  16.9 1010 161  2.3 1  7.7  64    0    0 308 -407  0
3797500 2746500  9 20 22  16.3 1010 173  1.8 1  7.9  67    0    0 308 -404  0
3797500 2746500  9 20 23  16.5 1010 174  2.2 1  8.0  69    0    0 308 -402  0
3797500 2746500  9 20 24  15.9 1009 164  1.8 1  8.1  70    0    0 308 -400  0
3797500 2746500  9 21  1  16.3 1010 165  2.5 0  8.2  71    0    0 305 -399  0
3797500 2746500  9 21  2  16.2 1009 174  2.2 0  8.3  71    0    0 304 -397  0
3797500 2746500  9 21  3  15.9 1009 175  2.2 1  8.2  72    0    0 306 -396  0
3797500 2746500  9 21  4  15.3 1009 166  2.3 1  8.3  74    0    0 308 -395  0
3797500 2746500  9 21  5  15.4 1009 164  2.4 0  8.3  76    0    0 305 -394  0
3797500 2746500  9 21  6  15.3 1008 165  2.1 1  8.1  74    0    0 305 -392  0
3797500 2746500  9 21  7  14.8 1008 156  1.7 2  8.1  75    4   22 307 -394  0
3797500 2746500  9 21  8  16.6 1008 146  2.2 1  8.4  75   70   70 307 -399  0
3797500 2746500  9 21  9  18.9 1009 162  2.9 0  9.1  71  187  101 307 -406  0
3797500 2746500  9 21 10  20.3 1008 164  3.0 0  9.6  67  314  111 311 -417  0
3797500 2746500  9 21 11  21.6 1008 170  4.2 0  9.7  62  417  111 316 -433  0
3797500 2746500  9 21 12  23.1 1008 164  4.9 0  9.8  58  488  108 321 -450  0
3797500 2746500  9 21 13  23.9 1007 173  5.3 0  9.8  54  498  111 325 -463  0
3797500 2746500  9 21 14  24.7 1006 152  5.9 0  9.7  51  482  102 328 -473  0
3797500 2746500  9 21 15  25.1 1005 160  5.7 0  9.5  48  419   94 331 -478  0
3797500 2746500  9 21 16  25.4 1005 142  5.7 0  9.2  45  305   93 331 -477  0
3797500 2746500  9 21 17  25.1 1004 141  3.5 0  9.1  45  179   77 331 -471  0
3797500 2746500  9 21 18  23.7 1004 141  4.4 0  9.1  47   55   49 329 -460  0
3797500 2746500  9 21 19  22.8 1004 133  3.1 0  8.9  50    0    6 325 -447  0
3797500 2746500  9 21 20  21.8 1004 134  2.9 0  8.9  52    0    0 322 -435  0
3797500 2746500  9 21 21  22.2 1004 152  4.4 0  9.2  55    0    0 321 -426  0
3797500 2746500  9 21 22  22.4 1004 166  4.8 0  9.2  54    0    0 321 -421  0
3797500 2746500  9 21 23  21.7 1004 170  4.1 0  9.1  54    0    0 320 -416  0
3797500 2746500  9 21 24  21.1 1004 157  3.2 0  9.1  56    0    0 318 -414  0
3797500 2746500  9 22  1  21.7 1004 170  4.2 0  9.3  58    0    0 318 -412  0
3797500 2746500  9 22  2  21.0 1004 152  3.7 0  9.5  59    0    0 319 -409  0
3797500 2746500  9 22  3  20.7 1004 133  2.3 0  9.4  60    0    0 317 -405  0
3797500 2746500  9 22  4  20.3 1004 125  2.3 1  9.3  61    0    0 318 -402  0
3797500 2746500  9 22  5  20.2 1004 144  3.7 1  9.4  62    0    0 320 -403  0
3797500 2746500  9 22  6  19.8 1004 163  2.5 1  9.4  63    0    0 321 -403  0
3797500 2746500  9 22  7  20.0 1004 166  3.0 1  9.5  65    3   21 322 -402  0
3797500 2746500  9 22  8  20.8 1004 146  2.9 0  9.7  64   64   72 323 -402  0
3797500 2746500  9 22  9  21.8 1005 158  3.6 0  9.8  62  182  101 323 -410  0
3797500 2746500  9 22 10  23.1 1005 163  3.6 0  9.9  58  303  115 325 -424  0
3797500 2746500  9 22 11  24.3 1005 174  3.8 0 10.0  54  408  113 330 -442  0
3797500 2746500  9 22 12  25.3 1005 175  4.6 1  9.7  49  482  106 338 -458  0
3797500 2746500  9 22 13  26.3 1004 174  5.4 0  9.1  43  489  111 344 -469  0
3797500 2746500  9 22 14  26.8 1004 170  6.1 0  8.7  40  469  103 348 -475  0
3797500 2746500  9 22 15  27.4 1004 157  5.5 2  8.4  37  381  104 355 -477  0
3797500 2746500  9 22 16  26.6 1004 159  5.4 2  8.4  37  292   88 360 -476  0
3797500 2746500  9 22 17  25.7 1004 172  4.2 5  8.8  41   64  105 364 -471  0
3797500 2746500  9 22 18  24.6 1004 153  3.4 6  8.9  44    8   40 370 -463  0
3797500 2746500  9 22 19  23.4 1004 140  3.0 6  8.8  47    0    0 369 -451  0
3797500 2746500  9 22 20  23.5 1005 171  2.9 6  8.9  49    0    0 367 -441  0
3797500 2746500  9 22 21  22.9 1006 158  2.2 8  9.1  51    0    0 373 -433  0
3797500 2746500  9 22 22  21.7 1006 193  1.7 5  9.4  56    0    0 369 -429  0
3797500 2746500  9 22 23  20.8 1007 204  1.6 5  9.6  60    0    0 357 -424  0
3797500 2746500  9 22 24  20.7 1007 109  1.3 5  9.6  62    0    0 356 -419  0
3797500 2746500  9 23  1  20.6 1007 229  1.1 5  9.5  62    0    0 354 -415  0
3797500 2746500  9 23  2  19.8 1007  96  1.2 5  9.4  63    0    0 352 -410  0
3797500 2746500  9 23  3  19.6 1007  96  1.1 7  9.4  65    0    0 356 -406  0
3797500 2746500  9 23  4  18.3 1007 118  1.0 6  9.3  68    0    0 356 -402  0
3797500 2746500  9 23  5  17.5 1007 122  0.8 6  9.3  72    0    0 349 -400  0
3797500 2746500  9 23  6  17.1 1007  31  1.4 6  9.5  76    0    0 348 -398  0
3797500 2746500  9 23  7  17.1 1007 105  0.6 7  9.6  78    0   14 352 -397  0
3797500 2746500  9 23  8  18.1 1007 115  0.9 7  9.9  78    7   68 357 -398  0
3797500 2746500  9 23  9  20.5 1007 109  0.9 6 10.0  71   80  136 359 -404  0
3797500 2746500  9 23 10  21.4 1006 131  1.2 6 10.2  65   81  198 360 -417  0
3797500 2746500  9 23 11  22.5 1006 148  1.6 6 10.3  62   42  230 364 -433  0
3797500 2746500  9 23 12  22.7 1006 240  1.2 8 10.2  59    1  180 375 -447  0
3797500 2746500  9 23 13  23.0 1005  60  1.2 7 10.2  58   17  230 380 -458  0
3797500 2746500  9 23 14  23.7 1005 101  2.5 6 10.2  56  179  239 375 -466  0
3797500 2746500  9 23 15  24.1 1004 105  2.6 4 10.4  55  283  155 367 -471  0
3797500 2746500  9 23 16  23.4 1004  40  1.8 6 10.3  56   54  163 366 -471  0
3797500 2746500  9 23 17  24.0 1004  55  2.1 8 10.5  57    3   82 382 -465  0
3797500 2746500  9 23 18  22.8 1003 106  2.2 6 10.6  58    8   38 381 -455  0
3797500 2746500  9 23 19  22.1 1003  93  1.8 6 10.3  60    0    0 369 -443  0
3797500 2746500  9 23 20  21.1 1003 232  1.3 6 10.4  63    0    0 366 -431  0
3797500 2746500  9 23 21  20.7 1003 116  2.4 7 10.5  67    0    0 367 -425  0
3797500 2746500  9 23 22  21.3 1003 140  3.1 4 10.2  65    0    0 358 -424  0
3797500 2746500  9 23 23  21.5 1003 157  3.1 4 10.0  62    0    0 344 -422  0
3797500 2746500  9 23 24  21.1 1003 178  3.5 5 10.0  62    0    0 346 -419  0
3797500 2746500  9 24  1  21.3 1003 173  3.1 7  9.6  60    0    0 358 -417  0
3797500 2746500  9 24  2  21.0 1002 176  3.4 6  9.4  59    0    0 363 -416  0
3797500 2746500  9 24  3  20.3 1002 170  3.4 5  9.4  61    0    0 354 -416  0
3797500 2746500  9 24  4  20.4 1002 161  3.4 7  9.5  63    0    0 358 -415  0
3797500 2746500  9 24  5  20.4 1002 149  3.1 7  9.8  64    0    0 367 -413  0
3797500 2746500  9 24  6  20.3 1002 160  3.2 6  9.9  65    0    0 364 -410  0
3797500 2746500  9 24  7  20.1 1003 164  2.4 7  9.8  65    0    9 363 -410  0
3797500 2746500  9 24  8  20.5 1003 156  2.4 7  9.9  66   13   59 367 -411  0
3797500 2746500  9 24  9  20.6 1003 123  2.0 6 10.3  67   26  120 365 -418  0
3797500 2746500  9 24 10  21.0 1003 112  1.6 8 10.5  68    0  121 369 -430  0
3797500 2746500  9 24 11  20.6 1003 159  1.7 8 11.2  72    5  172 377 -443  0
3797500 2746500  9 24 12  21.5 1003 177  2.1 8 11.8  74    0  166 378 -454  0
3797500 2746500  9 24 13  22.1 1003 186  1.9 8 11.5  69    0  161 381 -465  0
3797500 2746500  9 24 14  22.5 1003 190  1.6 7 11.4  67   17  196 380 -475  0
3797500 2746500  9 24 15  23.3 1002 182  1.6 6 11.7  66  136  157 376 -477  0
3797500 2746500  9 24 16  23.7 1002 175  1.4 4 12.0  65  225   75 370 -473  0
3797500 2746500  9 24 17  23.1 1002 182  1.3 5 11.9  65  146   73 365 -465  0
3797500 2746500  9 24 18  21.8 1002 344  0.4 4 11.7  68   46   43 363 -455  0
3797500 2746500  9 24 19  20.8 1001  65  1.0 4 11.7  73    0    0 356 -444  0
3797500 2746500  9 24 20  19.9 1001  92  1.2 5 11.5  76    0    0 356 -434  0
3797500 2746500  9 24 21  19.4 1002 101  1.3 6 11.2  77    0    0 360 -426  0
3797500 2746500  9 24 22  19.6 1001 114  1.0 2 10.9  76    0    0 349 -421  0
3797500 2746500  9 24 23  19.0 1001 159  0.9 2 10.6  75    0    0 338 -416  0
3797500 2746500  9 24 24  18.5 1001 191  1.2 4 10.7  78    0    0 343 -411  0
3797500 2746500  9 25  1  17.9 1001 193  1.1 3 10.6  80    0    0 345 -409  0
3797500 2746500  9 25  2  17.8 1001 209  1.2 3 10.6  82    0    0 345 -410  0
3797500 2746500  9 25  3  17.6 1001 218  1.6 6 10.7  83    0    0 349 -411  0
3797500 2746500  9 25  4  17.2 1000 195  1.3 5 10.6  84    0    0 352 -412  0
3797500 2746500  9 25  5  17.0 1000 186  1.7 5 10.6  86    0    0 351 -413  0
3797500 2746500  9 25  6  16.7 1000 177  1.2 5 10.5  86    0    0 350 -412  0
3797500 2746500  9 25  7  16.9 1000 192  0.8 6 10.5  86    0   12 351 -411  0
3797500 2746500  9 25  8  17.6 1000 217  0.8 6 10.8  86   20   46 355 -413  0
3797500 2746500  9 25  9  18.4 1000 208  1.5 7 11.2  85    8   94 359 -417  0
3797500 2746500  9 25 10  19.4 1000 214  1.8 6 11.4  82   28  140 363 -424  0
3797500 2746500  9 25 11  19.9 1001 218  2.2 6 11.4  78   24  167 364 -431  0
3797500 2746500  9 25 12  21.0 1001 206  2.7 6 11.2  73   33  181 367 -437  0
3797500 2746500  9 25 13  21.3 1001 225  3.3 7 10.9  69   45  181 373 -440  0
3797500 2746500  9 25 14  20.8 1001 234  2.7 8 10.8  68    0  136 379 -439  0
3797500 2746500  9 25 15  20.4 1001 201  2.0 8 10.8  70    0   95 380 -436  0
3797500 2746500  9 25 16  20.2 1001 241  2.6 8 10.7  71    0   67 380 -436  0
3797500 2746500  9 25 17  19.9 1001 236  3.7 8 10.1  68    0   33 378 -437  0
3797500 2746500  9 25 18  19.0 1002 245  3.2 7  9.6  67    0   10 373 -435  0
3797500 2746500  9 25 19  18.6 1003 236  2.1 7  9.5  69    0    0 367 -429  0
3797500 2746500  9 25 20  17.9 1003 217  1.9 8  9.5  71    0    0 367 -423  0
3797500 2746500  9 25 21  17.8 1004 216  1.9 8  9.5  73    0    0 370 -421  0
3797500 2746500  9 25 22  17.6 1004 237  2.0 8  9.6  75    0    0 371 -420  0
3797500 2746500  9 25 23  17.2 1005 228  2.0 8  9.6  77    0    0 371 -418  0
3797500 2746500  9 25 24  16.8 1005 219  2.3 8  9.6  79    0    0 370 -414  0
3797500 2746500  9 26  1  16.3 1005 229  2.4 7  9.6  81    0    0 364 -408  0
3797500 2746500  9 26  2  15.8 1005 219  2.2 7  9.6  84    0    0 358 -402  0
3797500 2746500  9 26  3  15.6 1006 219  1.9 5  9.6  85    0    0 346 -396  0
3797500 2746500  9 26  4  15.8 1006 218  2.1 7  9.7  86    0    0 345 -392  0
3797500 2746500  9 26  5  15.9 1006 228  2.5 7  9.8  86    0    0 354 -388  0
3797500 2746500  9 26  6  15.8 1006 227  2.4 7  9.9  87    0    0 353 -385  0
3797500 2746500  9 26  7  15.8 1006 218  2.4 7  9.9  88    0   13 352 -383  0
3797500 2746500  9 26  8  16.1 1007 228  1.9 7 10.0  88   17   56 351 -384  0
3797500 2746500  9 26  9  16.4 1007 230  2.3 8 10.1  86    0   89 356 -390  0
3797500 2746500  9 26 10  16.9 1008 239  2.3 8 10.2  85    0   98 362 -401  0
3797500 2746500  9 26 11  17.8 1008 240  2.9 7 10.3  82    6  169 359 -414  0
3797500 2746500  9 26 12  18.5 1008 239  2.2 6 10.4  79   28  203 352 -425  0
3797500 2746500  9 26 13  18.6 1008 248  2.7 7 10.3  77    0  155 354 -434  0
3797500 2746500  9 26 14  18.5 1008 247  3.1 7 10.3  77    4  164 359 -439  0
3797500 2746500  9 26 15  19.2 1008 246  2.8 7 10.4  76    0  121 360 -440  0
3797500 2746500  9 26 16  19.2 1009 264  2.0 7 10.3  74    2  110 360 -438  0
3797500 2746500  9 26 17  19.1 1009 237  1.5 6 10.3  74   17   79 353 -433  0
3797500 2746500  9 26 18  18.7 1009 294  1.5 7 10.3  75   15   24 351 -426  0
3797500 2746500  9 26 19  16.4 1009 346  0.9 8 10.0  79    0    0 355 -416  0
3797500 2746500  9 26 20  16.3 1010 238  0.9 8  9.9  85    0    0 356 -407  0
3797500 2746500  9 26 21  16.2 1011 229  1.0 7 10.2  88    0    0 352 -399  0
3797500 2746500  9 26 22  16.2 1011 230  1.5 7 10.4  90    0    0 348 -393  0
3797500 2746500  9 26 23  16.3 1011 229  1.0 8 10.4  90    0    0 353 -387  0
3797500 2746500  9 26 24  15.9 1011 253  1.2 6 10.3  90    0    0 348 -383  0
3797500 2746500  9 27  1  15.8 1011 285  0.6 8 10.4  92    0    0 347 -379  0
3797500 2746500  9 27  2  15.3 1011 276  0.8 8 10.6  95    0    0 353 -375  0
3797500 2746500  9 27  3  15.4 1011 251  1.3 7 10.5  96    0    0 347 -373  0
3797500 2746500  9 27  4  14.9 1011 249  1.1 7 10.4  96    0    0 342 -371  0
3797500 2746500  9 27  5  14.9 1011 230  0.9 5 10.2  96    0    0 333 -369  0
3797500 2746500  9 27  6  14.7 1011 258  1.0 8 10.1  95    0    0 337 -368  0
3797500 2746500  9 27  7  14.4 1011 214  1.2 8  9.9  96    0   10 348 -367  0
3797500 2746500  9 27  8  14.3 1011 225  1.2 6 10.0  97    7   64 339 -368  0
3797500 2746500  9 27  9  14.2 1011 205  1.4 6 10.0  98   33  133 330 -374  0
3797500 2746500  9 27 10  15.2 1011 251  1.7 5  9.9  94   74  190 327 -387  0
3797500 2746500  9 27 11  16.8 1011 251  2.2 6  9.7  85   87  231 332 -401  0
3797500 2746500  9 27 12  17.8 1011 262  2.1 5  9.7  79  177  247 338 -414  0
3797500 2746500  9 27 13  18.4 1010 243  1.8 4  9.4  72  218  240 335 -425  0
3797500 2746500  9 27 14  19.3 1010 218  1.3 4  9.0  66  244  207 334 -432  0
3797500 2746500  9 27 15  19.7 1009 231  1.2 4  8.9  62  277  147 337 -435  0
3797500 2746500  9 27 16  20.1 1009 178  1.0 4  8.8  60  193  120 338 -434  0
3797500 2746500  9 27 17  19.3 1008 183  1.3 5  8.7  60  109   82 339 -428  0
3797500 2746500  9 27 18  18.1 1008 219  0.9 5  8.6  64   15   35 338 -419  0
3797500 2746500  9 27 19  16.1 1007 228  0.7 5  8.7  71    0    0 335 -410  0
3797500 2746500  9 27 20  15.9 1007 127  0.8 5  8.9  78    0    0 331 -402  0
3797500 2746500  9 27 21  15.1 1007 180  0.9 6  8.9  80    0    0 335 -399  0
3797500 2746500  9 27 22  15.3 1007 179  1.0 6  8.7  80    0    0 339 -398  0
3797500 2746500  9 27 23  15.1 1007 131  0.5 6  8.6  79    0    0 339 -396  0
3797500 2746500  9 27 24  15.4 1007 195  1.1 5  8.5  78    0    0 336 -395  0
3797500 2746500  9 28  1  15.1 1006 181  1.5 4  8.4  77    0    0 327 -393  0
3797500 2746500  9 28  2  14.5 1006 176  1.8 4  8.3  78    0    0 322 -392  0
3797500 2746500  9 28  3  14.1 1006 171  1.6 5  8.4  82    0    0 326 -391  0
3797500 2746500  9 28  4  14.0 1006 172  1.5 2  8.4  84    0    0 319 -390  0
3797500 2746500  9 28  5  14.2 1005 182  1.7 2  8.4  83    0    0 311 -390  0
3797500 2746500  9 28  6  14.0 1005 169  1.5 6  8.4  82    0    0 329 -390  0
3797500 2746500  9 28  7  14.1 1005 180  1.1 7  8.3  82    0    9 351 -391  0
3797500 2746500  9 28  8  15.0 1005 168  1.5 7  8.5  82    0   33 358 -392  0
3797500 2746500  9 28  9  15.7 1005 178  1.3 7  8.8  80    0   59 363 -394  0
3797500 2746500  9 28 10  16.9 1005 172  1.8 7  9.1  78    1  143 368 -398  0
3797500 2746500  9 28 11  17.7 1005 200  1.8 7  9.3  74   10  200 372 -402  0
3797500 2746500  9 28 12  18.5 1005 212  1.8 7  9.4  72   36  249 377 -409  0
3797500 2746500  9 28 13  19.5 1005 203  1.7 6  9.5  69  111  276 377 -417  0
3797500 2746500  9 28 14  20.1 1005 213  2.4 6  9.6  66  161  252 378 -421  0
3797500 2746500  9 28 15  21.2 1005 219  2.2 5  9.8  64  113  219 378 -424  0
3797500 2746500  9 28 16  21.5 1004 193  2.2 3  9.7  60  187  137 369 -425  0
3797500 2746500  9 28 17  20.3 1004 172  1.6 2  9.7  62  110   96 356 -422  0
3797500 2746500  9 28 18  19.1 1004 191  1.2 3  9.5  66   24   42 352 -419  0
3797500 2746500  9 28 19  18.3 1004 177  1.4 5  9.3  68    0    0 361 -415  0
3797500 2746500  9 28 20  18.0 1004 179  1.3 5  9.3  71    0    0 366 -411  0
3797500 2746500  9 28 21  17.6 1004 170  1.4 5  9.4  73    0    0 365 -408  0
3797500 2746500  9 28 22  17.7 1005 177  1.4 4  9.4  74    0    0 360 -404  0
3797500 2746500  9 28 23  17.6 1005 187  1.4 5  9.3  73    0    0 360 -401  0
3797500 2746500  9 28 24  17.4 1005 178  1.6 6  9.2  73    0    0 368 -400  0
3797500 2746500  9 29  1  17.0 1004 185  1.5 4  9.1  73    0    0 360 -397  0
3797500 2746500  9 29  2  16.7 1004 180  1.6 4  9.0  74    0    0 350 -395  0
3797500 2746500  9 29  3  16.4 1004 179  1.8 5  8.9  75    0    0 351 -395  0
3797500 2746500  9 29  4  15.8 1004 185  1.6 2  9.0  78    0    0 340 -396  0
3797500 2746500  9 29  5  16.0 1004 172  1.8 3  9.1  79    0    0 327 -394  0
3797500 2746500  9 29  6  16.0 1004 176  1.8 4  9.1  79    0    0 334 -393  0
3797500 2746500  9 29  7  15.9 1004 177  1.9 6  9.0  79    0    0 346 -393  0
3797500 2746500  9 29  8  16.5 1004 169  2.0 7  9.2  79    0   36 360 -393  0
3797500 2746500  9 29  9  18.2 1004 176  2.7 7  9.8  78   13  134 369 -397  0
3797500 2746500  9 29 10  18.7 1004 172  2.9 6 10.0  75   66  214 368 -404  0
3797500 2746500  9 29 11  19.2 1004 182  3.7 7  9.9  72   72  260 369 -409  0
3797500 2746500  9 29 12  21.2 1004 176  3.5 7 10.1  68  116  296 378 -415  0
3797500 2746500  9 29 13  22.1 1003 196  2.9 5 10.4  64  171  302 378 -422  0
3797500 2746500  9 29 14  22.7 1003 172  3.2 5 10.3  60  203  272 375 -425  0
3797500 2746500  9 29 15  22.6 1002 178  3.3 5  9.7  56  117  240 375 -429  0
3797500 2746500  9 29 16  22.7 1002 168  2.6 6  9.5  54   21  161 377 -433  0
3797500 2746500  9 29 17  21.9 1002 184  2.2 6  9.5  56   31  108 376 -429  0
3797500 2746500  9 29 18  20.7 1002 171  1.7 7  9.5  59   15   43 373 -420  0
3797500 2746500  9 29 19  20.4 1002 152  1.7 7  9.5  62    0    0 373 -413  0
3797500 2746500  9 29 20  19.4 1002 162  1.1 6  9.4  64    0    0 366 -409  0
3797500 2746500  9 29 21  19.1 1002 173  2.5 5  9.3  66    0    0 353 -405  0
3797500 2746500  9 29 22  18.8 1002 173  2.1 4  9.5  69    0    0 344 -402  0
3797500 2746500  9 29 23  18.6 1003 173  1.8 4  9.7  71    0    0 338 -399  0
3797500 2746500  9 29 24  18.1 1003 174  2.5 4  9.8  73    0    0 338 -398  0
3797500 2746500  9 30  1  17.6 1003 173  2.2 4  9.7  75    0    0 339 -400  0
3797500 2746500  9 30  2  17.3 1003 174  2.0 6  9.7  77    0    0 351 -403  0
3797500 2746500  9 30  3  17.4 1003 193  1.4 5  9.7  78    0    0 359 -403  0
3797500 2746500  9 30  4  16.6 1003 191  1.3 7 10.0  81    0    0 364 -405  0
3797500 2746500  9 30  5  16.5 1003 173  2.7 8 10.4  87    0    0 378 -406  0
3797500 2746500  9 30  6  16.5 1003 190  1.4 7 10.6  89    0    0 378 -406  0
3797500 2746500  9 30  7  16.3 1003 187  1.4 7 10.4  88    0    6 371 -405  0
3797500 2746500  9 30  8  16.7 1004 180  1.6 5 10.5  88    9   63 360 -405  0
3797500 2746500  9 30  9  17.0 1004 190  1.7 7 10.7  88    8  115 362 -407  0
3797500 2746500  9 30 10  17.3 1004 181  2.4 8 10.7  86    4  152 378 -412  0
3797500 2746500  9 30 11  17.5 1004 238  3.5 5 10.6  84   55  224 369 -421  0
3797500 2746500  9 30 12  18.8 1005 218  4.2 4 10.3  78  140  246 355 -431  0
3797500 2746500  9 30 13  20.2 1005 223  3.5 4 10.0  70  112  255 355 -439  0
3797500 2746500  9 30 14  20.4 1005 217  3.3 3  9.6  64  244  199 352 -444  0
3797500 2746500  9 30 15  21.0 1004 213  3.3 3  8.8  57  352  109 347 -444  0
3797500 2746500  9 30 16  21.0 1004 212  2.5 2  8.1  52  250   99 343 -442  0
3797500 2746500  9 30 17  20.6 1004 175  1.5 1  8.0  52  129   79 333 -435  0
3797500 2746500  9 30 18  19.2 1004  30  1.1 2  8.2  56   19   34 327 -426  0
3797500 2746500  9 30 19  17.7 1004  63  1.5 3  8.4  63    0    0 328 -415  0
3797500 2746500  9 30 20  17.2 1004 113  1.9 3  8.7  69    0    0 326 -405  0
3797500 2746500  9 30 21  16.9 1004 172  1.7 3  8.7  71    0    0 323 -398  0
3797500 2746500  9 30 22  16.5 1004 169  2.6 4  8.6  71    0    0 326 -396  0
3797500 2746500  9 30 23  16.2 1004 186  1.8 5  8.5  73    0    0 335 -395  0
3797500 2746500  9 30 24  15.9 1004 171  2.2 3  8.7  76    0    0 330 -395  0
3797500 2746500 10  1  1  16.3 1004 148  2.7 4  9.3  80    0    0 334 -391  0
3797500 2746500 10  1  2  16.5 1004 166  2.9 4  9.5  80    0    0 334 -391  0
3797500 2746500 10  1  3  16.3 1003 163  2.2 4  9.6  81    0    0 336 -392  0
3797500 2746500 10  1  4  15.9 1003 163  2.2 4  9.4  82    0    0 336 -395  0
3797500 2746500 10  1  5  16.3 1003 181  2.6 4  9.5  82    0    0 337 -396  0
3797500 2746500 10  1  6  16.5 1003 171  2.3 5  9.6  82    0    0 343 -398  0
3797500 2746500 10  1  7  16.7 1003 183  2.3 7  9.7  81    0    0 358 -400  0
3797500 2746500 10  1  8  16.8 1003 185  2.1 8  9.8  81    4   26 373 -402  0
3797500 2746500 10  1  9  17.4 1003 182  1.9 7 10.0  81    3   54 374 -405  0
3797500 2746500 10  1 10  18.9 1004 188  3.0 6 10.2  77   66  111 366 -410  0
3797500 2746500 10  1 11  19.3 1003 208  3.2 5 10.1  72  157  239 360 -414  0
3797500 2746500 10  1 12  19.7 1003 215  3.0 6  9.9  69  165  247 362 -419  0
3797500 2746500 10  1 13  19.9 1003 217  3.2 7  9.4  64  140  211 370 -425  0
3797500 2746500 10  1 14  19.4 1003 219  3.2 8  9.0  62  100  202 377 -428  0
3797500 2746500 10  1 15  19.7 1003 217  2.6 7  9.1  63   84  166 377 -432  0
3797500 2746500 10  1 16  18.7 1003 209  4.5 7  9.1  65   54  116 371 -435  0
3797500 2746500 10  1 17  17.9 1003 178  2.6 7  9.2  69    8   48 367 -433  0
3797500 2746500 10  1 18  17.9 1002 184  1.9 7  9.3  71    2   11 364 -427  0
3797500 2746500 10  1 19  17.6 1002 174  0.6 6  9.1  71    0    0 356 -420  0
3797500 2746500 10  1 20  18.1 1002 186  2.2 5  8.9  69    0    0 342 -414  0
3797500 2746500 10  1 21  18.0 1002 193  1.9 4  8.8  67    0    0 329 -408  0
3797500 2746500 10  1 22  17.2 1002 210  1.9 5  8.8  69    0    0 324 -408  0
3797500 2746500 10  1 23  17.3 1002 210  1.8 6  8.9  71    0    0 334 -409  0
3797500 2746500 10  1 24  17.3 1002 210  2.3 3  8.8  70    0    0 320 -406  0
3797500 2746500 10  2  1  17.1 1001 192  2.8 6  8.6  69    0    0 320 -402  0
3797500 2746500 10  2  2  17.0 1001 202  2.7 6  8.7  70    0    0 337 -398  0
3797500 2746500 10  2  3  16.7 1001 212  2.7 6  8.8  72    0    0 337 -396  0
3797500 2746500 10  2  4  16.7 1001 221  3.8 7  8.7  72    0    0 342 -395  0
3797500 2746500 10  2  5  16.3 1000 220  4.1 7  8.6  72    0    0 347 -397  0
3797500 2746500 10  2  6  16.0 1000 221  3.9 6  8.5  73    0    0 342 -396  0
3797500 2746500 10  2  7  16.1 1000 220  4.2 7  8.4  73    0    0 343 -393  0
3797500 2746500 10  2  8  16.3 1000 229  4.8 8  8.3  72    0   22 354 -393  0
3797500 2746500 10  2  9  16.3 1001 220  4.5 7  8.3  71   18   65 356 -396  0
3797500 2746500 10  2 10  16.3 1001 220  4.9 7  8.5  72   38  104 353 -403  0
3797500 2746500 10  2 11  16.9 1001 230  4.9 7  8.6  72   40  134 356 -410  0
3797500 2746500 10  2 12  17.2 1001 233  4.3 8  8.5  69   52  187 362 -417  0
3797500 2746500 10  2 13  17.4 1001 228  4.8 8  8.6  68   56  195 368 -422  0
3797500 2746500 10  2 14  17.6 1000 221  4.2 8  8.6  68   42  160 369 -423  0
3797500 2746500 10  2 15  17.7 1000 229  4.7 8  8.5  67   22  117 370 -425  0
3797500 2746500 10  2 16  17.5  999 209  4.9 8  8.5  67   10   71 370 -426  0
3797500 2746500 10  2 17  17.6  999 235  5.0 8  8.5  67   10   61 369 -422  0
3797500 2746500 10  2 18  17.2  999 216  3.6 7  8.4  67   11   20 363 -418  0
3797500 2746500 10  2 19  17.0  999 226  4.5 7  8.3  67    0    0 357 -414  0
3797500 2746500 10  2 20  16.8  998 211  3.6 7  8.2  67    0    0 357 -410  0
3797500 2746500 10  2 21  16.2  998 219  4.2 7  7.9  67    0    0 356 -408  0
3797500 2746500 10  2 22  16.1  998 219  4.3 7  7.8  67    0    0 357 -405  0
3797500 2746500 10  2 23  15.7  998 217  4.7 7  7.7  67    0    0 357 -403  0
3797500 2746500 10  2 24  15.1  998 198  3.3 8  7.7  69    0    0 360 -402  0
3797500 2746500 10  3  1  14.2  997 215  2.9 5  7.7  73    0    0 350 -401  0
3797500 2746500 10  3  2  14.3  997 190  2.5 5  7.7  75    0    0 337 -401  0
3797500 2746500 10  3  3  14.3  997 179  2.6 8  7.8  76    0    0 353 -400  0
3797500 2746500 10  3  4  14.1  996 171  3.1 7  7.9  77    0    0 362 -398  0
3797500 2746500 10  3  5  14.1  995 199  2.6 8  8.0  78    0    0 363 -397  0
3797500 2746500 10  3  6  14.1  995 194  2.5 8  8.1  79    0    0 369 -396  0
3797500 2746500 10  3  7  13.9  995 186  2.2 7  8.2  80    0    0 366 -395  0
3797500 2746500 10  3  8  13.7  995 181  2.2 7  8.3  83    5   27 360 -394  0
3797500 2746500 10  3  9  14.5  994 180  2.1 7  8.5  83   28   63 361 -394  0
3797500 2746500 10  3 10  14.8  994 189  2.4 8  8.7  81   49   92 366 -395  0
3797500 2746500 10  3 11  14.8  994 214  2.7 8  8.7  81   31  117 372 -399  0
3797500 2746500 10  3 12  15.2  994 194  2.3 7  8.7  80   10  127 367 -404  0
3797500 2746500 10  3 13  15.4  993 213  1.8 8  8.7  79   29  137 369 -414  0
3797500 2746500 10  3 14  14.2  993 317  1.8 8  8.9  83   57  145 373 -421  0
3797500 2746500 10  3 15  14.4  993 239  1.3 7  9.2  88   26  108 368 -422  0
3797500 2746500 10  3 16  14.2  993 203  1.8 7  9.3  90    1   35 363 -421  0
3797500 2746500 10  3 17  14.1  993 195  1.3 8  9.3  90    3   31 366 -418  0
3797500 2746500 10  3 18  14.1  993 203  0.8 8  9.3  91    8   14 369 -413  0
3797500 2746500 10  3 19  14.2  994 296  0.7 8  9.2  90    0    0 366 -405  0
3797500 2746500 10  3 20  14.0  994 283  1.3 8  8.8  86    0    0 363 -399  0
3797500 2746500 10  3 21  14.0  995 286  2.0 7  8.4  83    0    0 355 -396  0
3797500 2746500 10  3 22  13.5  996 253  1.5 7  8.2  82    0    0 349 -393  0
3797500 2746500 10  3 23  13.1  997 245  1.2 6  7.9  82    0    0 341 -392  0
3797500 2746500 10  3 24  13.1  998 234  1.8 5  7.8  82    0    0 330 -391  0
3797500 2746500 10  4  1  13.1  998 245  2.8 8  7.8  81    0    0 338 -389  0
3797500 2746500 10  4  2  12.6  998 244  2.9 8  7.8  83    0    0 349 -386  0
3797500 2746500 10  4  3  12.4  999 215  2.4 7  7.8  85    0    0 343 -384  0
3797500 2746500 10  4  4  12.6  999 241  2.9 8  7.8  85    0    0 342 -383  0
3797500 2746500 10  4  5  12.4  999 228  2.8 7  7.8  85    0    0 340 -381  0
3797500 2746500 10  4  6  12.0  999 217  3.4 8  7.8  87    0    0 339 -379  0
3797500 2746500 10  4  7  11.8 1000 227  3.0 8  7.8  88    0    0 343 -378  0
3797500 2746500 10  4  8  11.8 1000 239  2.5 8  7.8  89    0   13 342 -379  0
3797500 2746500 10  4  9  11.9 1001 238  3.3 8  7.9  90    0   42 341 -380  0
3797500 2746500 10  4 10  11.9 1001 221  2.8 8  8.2  93    0   47 338 -384  0
3797500 2746500 10  4 11  12.5 1002 238  3.0 8  8.4  93    2   95 338 -388  0
3797500 2746500 10  4 12  13.1 1002 237  3.3 8  8.6  92   25  142 339 -394  0
3797500 2746500 10  4 13  13.3 1002 256  3.3 8  8.8  91   31  161 341 -402  0
3797500 2746500 10  4 14  13.5 1003 233  2.6 8  8.7  89   55  170 343 -410  0
3797500 2746500 10  4 15  14.4 1003 237  3.6 7  8.6  85   53  167 339 -414  0
3797500 2746500 10  4 16  12.6 1003 273  1.5 7  8.2  83   59  160 333 -412  0
3797500 2746500 10  4 17  12.8 1003 237  2.1 7  7.8  84   23   76 329 -407  0
3797500 2746500 10  4 18  12.4 1004 226  1.6 7  7.8  84    5   14 328 -400  0
3797500 2746500 10  4 19  12.2 1005 219  1.8 7  7.7  85    0    0 326 -390  0
3797500 2746500 10  4 20  12.2 1005 226  1.9 7  7.7  86    0    0 325 -382  0
3797500 2746500 10  4 21  12.1 1006 217  2.0 8  7.9  89    0    0 328 -376  0
3797500 2746500 10  4 22  11.9 1007 216  1.7 7  7.9  90    0    0 327 -371  0
3797500 2746500 10  4 23  11.9 1007 200  1.5 7  8.0  91    0    0 324 -367  0
3797500 2746500 10  4 24  11.5 1007 220  2.2 7  8.1  93    0    0 324 -364  0
3797500 2746500 10  5  1  10.7 1008 221  2.1 3  7.7  93    0    0 305 -361  0
3797500 2746500 10  5  2  10.4 1008 224  2.2 4  7.2  90    0    0 292 -359  0
3797500 2746500 10  5  3   9.9 1008 222  2.1 6  7.0  90    0    0 306 -358  0
3797500 2746500 10  5  4   9.8 1008 221  2.2 5  7.0  92    0    0 313 -357  0
3797500 2746500 10  5  5  10.4 1008 222  2.4 6  6.9  90    0    0 315 -356  0
3797500 2746500 10  5  6  10.2 1008 223  2.5 7  6.9  88    0    0 326 -356  0
3797500 2746500 10  5  7  10.3 1009 223  2.3 7  7.0  89    0    0 331 -355  0
3797500 2746500 10  5  8  10.4 1009 225  2.8 7  7.0  90    3   22 332 -356  0
3797500 2746500 10  5  9  11.3 1010 215  2.7 6  7.2  89   54   45 328 -361  0
3797500 2746500 10  5 10  12.1 1010 215  3.3 5  7.5  87  144   96 321 -371  0
3797500 2746500 10  5 11  14.0 1011 209  3.2 5  7.7  82  220  109 322 -381  0
3797500 2746500 10  5 12  14.8 1011 219  2.8 6  7.8  76   64  108 331 -391  0
3797500 2746500 10  5 13  15.6 1011 218  4.3 5  7.4  68  103  131 331 -401  0
3797500 2746500 10  5 14  16.0 1010 228  3.7 5  7.1  63  125  104 328 -408  0
3797500 2746500 10  5 15  16.2 1010 223  4.4 5  7.0  62  210  125 329 -412  0
3797500 2746500 10  5 16  16.2 1010 226  4.3 5  7.1  61  165   94 328 -411  0
3797500 2746500 10  5 17  15.8 1009 226  3.4 6  7.3  64   87   53 331 -407  0
3797500 2746500 10  5 18  15.1 1009 219  3.3 7  7.4  67    7    8 337 -401  0
3797500 2746500 10  5 19  15.4 1009 210  3.2 7  7.3  67    0    0 341 -397  0
3797500 2746500 10  5 20  15.3 1009 196  1.5 7  7.2  66    0    0 342 -394  0
3797500 2746500 10  5 21  15.4 1009 208  3.3 6  7.3  67    0    0 340 -392  0
3797500 2746500 10  5 22  15.7 1008 208  4.0 7  7.4  67    0    0 341 -390  0
3797500 2746500 10  5 23  14.7 1007 210  4.4 8  7.7  71    0    0 351 -389  0
3797500 2746500 10  5 24  13.8 1007 211  4.2 8  8.1  79    0    0 353 -389  0
3797500 2746500 10  6  1  14.0 1006 219  4.7 8  8.5  85    0    0 355 -388  0
3797500 2746500 10  6  2  13.6 1006 220  5.1 8  8.9  90    0    0 357 -387  0
3797500 2746500 10  6  3  13.8 1006 230  4.9 8  9.2  93    0    0 360 -386  0
3797500 2746500 10  6  4  14.0 1006 222  4.5 8  9.4  93    0    0 363 -386  0
3797500 2746500 10  6  5  14.0 1005 229  4.5 8  9.3  92    0    0 366 -387  0
3797500 2746500 10  6  6  14.2 1005 219  4.0 8  9.2  91    0    0 368 -387  0
3797500 2746500 10  6  7  14.5 1005 209  3.8 8  9.2  89    0    0 370 -387  0
3797500 2746500 10  6  8  14.7 1005 218  4.2 7  9.1  87    5   28 367 -386  0
3797500 2746500 10  6  9  14.6 1005 216  4.4 7  9.1  87   21   60 363 -385  0
3797500 2746500 10  6 10  14.5 1005 201  3.0 7  9.3  89    0   72 362 -388  0
3797500 2746500 10  6 11  14.4 1005 191  3.2 7  9.4  90    1   86 362 -396  0
3797500 2746500 10  6 12  14.5 1004 199  2.7 8  9.5  91    3  108 366 -406  0
3797500 2746500 10  6 13  15.8 1004 210  3.6 7  9.8  90   36  155 369 -416  0
3797500 2746500 10  6 14  16.5 1003 222  4.5 7  9.7  84   17  122 369 -419  0
3797500 2746500 10  6 15  15.1 1003 197  3.4 7  9.9  87   28  113 368 -416  0
3797500 2746500 10  6 16  15.6 1002 180  3.2 6 10.0  90   30  108 363 -412  0
3797500 2746500 10  6 17  16.4 1001 208  4.0 7  9.6  83   39   81 364 -408  0
3797500 2746500 10  6 18  16.4 1000 180  4.2 7  9.3  79   10   16 370 -406  0
3797500 2746500 10  6 19  16.6 1000 172  4.3 7  9.1  76    0    0 370 -403  0
3797500 2746500 10  6 20  15.6  999 171  4.5 8  9.1  78    0    0 374 -401  0
3797500 2746500 10  6 21  15.9  999 170  4.6 7  9.3  82    0    0 373 -400  0
3797500 2746500 10  6 22  15.2  998 172  3.3 8  9.4  84    0    0 373 -398  0
3797500 2746500 10  6 23  15.1  997 219  3.8 8  9.6  88    0    0 376 -395  0
3797500 2746500 10  6 24  14.4  997 218  3.0 7  9.5  89    0    0 370 -392  0
3797500 2746500 10  7  1  14.1  997 218  3.9 7  9.2  89    0    0 365 -389  0
3797500 2746500 10  7  2  13.8  998 221  4.4 7  9.0  89    0    0 364 -387  0
3797500 2746500 10  7  3  13.4  998 225  4.6 6  8.7  88    0    0 357 -385  0
3797500 2746500 10  7  4  13.6  998 219  4.6 7  8.6  88    0    0 356 -382  0
3797500 2746500 10  7  5  13.6  998 224  4.2 7  8.6  87    0    0 361 -381  0
3797500 2746500 10  7  6  13.7  998 228  3.8 7  8.6  86    0    0 361 -377  0
3797500 2746500 10  7  7  13.5  999 237  3.5 8  8.6  87    0    0 365 -374  0
3797500 2746500 10  7  8  13.4 1000 239  3.4 8  8.7  89    7   28 370 -372  0
3797500 2746500 10  7  9  13.5 1001 250  3.7 6  8.6  88   73   81 359 -373  0
3797500 2746500 10  7 10  14.0 1002 259  3.4 6  8.4  84   87   85 350 -377  0
3797500 2746500 10  7 11  14.2 1003 250  3.3 6  8.1  80  125  102 351 -383  0
3797500 2746500 10  7 12  14.5 1004 260  4.6 7  7.7  75   93  129 354 -391  0
3797500 2746500 10  7 13  14.9 1005 260  5.0 5  7.2  68  161  146 343 -398  0
3797500 2746500 10  7 14  15.6 1006 258  4.2 3  7.1  65  205  167 323 -402  0
3797500 2746500 10  7 15  14.8 1007 261  3.9 5  6.9  64  123  132 322 -402  0
3797500 2746500 10  7 16  15.1 1008 262  5.1 4  6.7  62   84  101 325 -399  0
3797500 2746500 10  7 17  14.6 1009 251  4.0 4  6.8  64   81   63 320 -393  0
3797500 2746500 10  7 18  13.5 1010 245  2.4 3  6.8  68   19   10 312 -384  0
3797500 2746500 10  7 19  12.8 1011 238  2.4 2  6.7  71    0    0 300 -374  0
3797500 2746500 10  7 20  12.1 1012 227  2.3 2  6.8  75    0    0 293 -366  0
3797500 2746500 10  7 21  11.7 1013 237  2.1 1  6.8  79    0    0 287 -363  0
3797500 2746500 10  7 22  11.2 1013 218  2.3 2  6.8  80    0    0 284 -361  0
3797500 2746500 10  7 23  11.1 1014 219  2.5 2  6.7  82    0    0 289 -359  0
3797500 2746500 10  7 24  10.7 1015 213  2.2 3  6.8  83    0    0 293 -357  0
3797500 2746500 10  8  1  10.8 1015 214  1.8 3  6.7  83    0    0 297 -356  0
3797500 2746500 10  8  2  10.6 1015 226  2.8 2  6.5  81    0    0 291 -356  0
3797500 2746500 10  8  3  10.3 1015 221  2.6 3  6.3  80    0    0 288 -355  0
3797500 2746500 10  8  4  10.1 1015 213  1.9 1  6.2  80    0    0 281 -354  0
3797500 2746500 10  8  5  10.0 1015 214  2.0 2  6.1  80    0    0 274 -353  0
3797500 2746500 10  8  6  10.0 1015 216  2.0 0  6.1  79    0    0 268 -352  0
3797500 2746500 10  8  7   9.5 1015 185  1.8 1  6.0  80    0    0 262 -351  0
3797500 2746500 10  8  8  10.6 1015 188  1.9 3  6.2  80   37   34 274 -351  0
3797500 2746500 10  8  9  11.7 1015 217  2.4 4  6.6  80  111   92 287 -354  0
3797500 2746500 10  8 10  13.3 1016 226  2.4 4  7.0  77  214  124 293 -363  0
3797500 2746500 10  8 11  14.4 1016 225  3.0 4  7.2  73  293  145 296 -375  0
3797500 2746500 10  8 12  15.4 1016 225  3.0 4  7.3  69  344  156 299 -389  0
3797500 2746500 10  8 13  15.9 1016 243  2.2 3  7.3  66  261  185 298 -400  0
3797500 2746500 10  8 14  16.2 1015 224  1.8 3  7.1  63  230  164 297 -408  0
3797500 2746500 10  8 15  16.4 1015 236  1.4 5  7.2  62  175  159 303 -411  0
3797500 2746500 10  8 16  16.6 1015 136  0.8 4  7.4  63  142  108 305 -409  0
3797500 2746500 10  8 17  17.0 1014 154  0.4 5  7.7  64   73   61 306 -402  0
3797500 2746500 10  8 18  14.6 1014 101  0.8 6  7.6  68   10   10 305 -391  0
3797500 2746500 10  8 19  13.4 1013 109  1.3 4  7.4  74    0    0 295 -381  0
3797500 2746500 10  8 20  12.5 1014 121  1.2 4  7.2  77    0    0 287 -375  0
3797500 2746500 10  8 21  12.8 1014 121  1.7 6  7.1  78    0    0 289 -372  0
3797500 2746500 10  8 22  13.1 1013 122  2.1 4  7.0  75    0    0 289 -369  0
3797500 2746500 10  8 23  12.6 1013 129  1.7 4  6.7  72    0    0 285 -367  0
3797500 2746500 10  8 24  13.7 1012 163  2.1 2  6.6  70    0    0 283 -365  0
3797500 2746500 10  9  1  12.7 1012 158  2.6 3  6.6  70    0    0 283 -362  0
3797500 2746500 10  9  2  12.6 1012 160  2.6 3  6.6  72    0    0 283 -361  0
3797500 2746500 10  9  3  12.6 1012 164  2.5 4  6.7  73    0    0 285 -363  0
3797500 2746500 10  9  4  12.4 1012 168  2.2 3  6.7  74    0    0 285 -364  0
3797500 2746500 10  9  5  12.0 1011 175  2.4 3  6.7  75    0    0 283 -365  0
3797500 2746500 10  9  6  11.5 1011 184  1.6 5  6.7  77    0    0 287 -366  0
3797500 2746500 10  9  7  11.3 1011 185  1.7 5  6.7  80    0    0 290 -366  0
3797500 2746500 10  9  8  11.5 1011 173  1.9 5  6.8  81   29   34 290 -367  0
3797500 2746500 10  9  9  12.8 1011 174  2.8 5  7.1  80  112   93 293 -370  0
3797500 2746500 10  9 10  13.9 1012 175  2.4 6  7.4  77  174  135 299 -378  0
3797500 2746500 10  9 11  15.5 1012 184  2.0 6  7.7  73  238  163 308 -389  0
3797500 2746500 10  9 12  16.3 1012 214  3.0 6  7.8  69  313  171 314 -401  0
3797500 2746500 10  9 13  17.4 1012 177  3.2 5  8.0  67  320  171 317 -412  0
3797500 2746500 10  9 14  18.1 1012 214  3.4 5  8.3  65  284  162 321 -420  0
3797500 2746500 10  9 15  18.6 1012 214  2.9 6  8.4  63  223  143 328 -423  0
3797500 2746500 10  9 16  18.4 1012 188  2.4 5  8.7  65  146  108 331 -422  0
3797500 2746500 10  9 17  18.6 1012 205  2.4 6  8.7  65   33   63 334 -416  0
3797500 2746500 10  9 18  17.6 1012 169  1.4 6  8.6  66    5   11 338 -405  0
3797500 2746500 10  9 19  17.1 1013 192  1.5 7  8.4  68    0    0 339 -396  0
3797500 2746500 10  9 20  16.9 1013 204  1.5 7  8.3  68    0    0 342 -392  0
3797500 2746500 10  9 21  16.8 1013 217  1.7 7  8.3  69    0    0 344 -391  0
3797500 2746500 10  9 22  16.9 1013 202  1.4 7  8.4  70    0    0 347 -390  0
3797500 2746500 10  9 23  16.5 1014 198  1.6 7  8.4  71    0    0 348 -389  0
3797500 2746500 10  9 24  16.3 1014 213  1.2 6  8.4  72    0    0 347 -387  0
3797500 2746500 10 10  1  15.8 1015 209  1.0 8  8.6  75    0    0 348 -384  0
3797500 2746500 10 10  2  15.3 1015 191  1.2 8  8.6  78    0    0 352 -381  0
3797500 2746500 10 10  3  15.4 1015 180  1.4 8  8.6  79    0    0 351 -379  0
3797500 2746500 10 10  4  16.0 1015 189  0.8 7  8.7  78    0    0 350 -380  0
3797500 2746500 10 10  5  14.7 1015 141  0.9 8  8.8  81    0    0 349 -381  0
3797500 2746500 10 10  6  14.6 1015 122  1.2 8  8.8  85    0    0 350 -382  0
3797500 2746500 10 10  7  15.2 1015  21  0.6 7  9.0  85    0    0 349 -382  0
3797500 2746500 10 10  8  14.6 1015 311  0.8 8  9.2  87    1   35 350 -382  0
3797500 2746500 10 10  9  14.5 1015 286  1.1 7  9.1  88    5   94 348 -385  0
3797500 2746500 10 10 10  14.9 1016  14  1.0 7  9.1  87    7  144 346 -393  0
3797500 2746500 10 10 11  15.4 1015  42  0.8 8  9.3  86    0  116 350 -404  0
3797500 2746500 10 10 12  16.0 1015  75  1.1 8  9.7  87    0  117 357 -414  0
3797500 2746500 10 10 13  16.9 1015  88  1.8 8 10.1  86    0   93 360 -423  0
3797500 2746500 10 10 14  17.4 1014  81  2.3 8 10.2  83    0   78 362 -430  0
3797500 2746500 10 10 15  17.6 1014  65  2.5 8 10.3  82    1  130 363 -433  0
3797500 2746500 10 10 16  18.6 1013  59  2.1 7 10.5  80   62  154 361 -433  0
3797500 2746500 10 10 17  18.8 1013  52  1.6 5 10.8  80   50   88 354 -429  0
3797500 2746500 10 10 18  17.9 1012  77  2.2 4 10.7  81    9   20 344 -420  0
3797500 2746500 10 10 19  16.9 1012  94  1.6 4 10.2  82    0    0 336 -413  0
3797500 2746500 10 10 20  16.6 1012  95  1.9 3 10.2  85    0    0 330 -408  0
3797500 2746500 10 10 21  15.7 1012 108  1.1 2 10.2  88    0    0 323 -406  0
3797500 2746500 10 10 22  15.3 1012 112  1.8 1 10.1  91    0    0 316 -404  0
3797500 2746500 10 10 23  14.8 1012 106  1.3 1 10.0  93    0    0 312 -402  0
3797500 2746500 10 10 24  14.4 1012 105  1.7 0  9.6  92    0    0 308 -401  0
3797500 2746500 10 11  1  14.7 1011 112  1.6 2  9.0  86    0    0 309 -399  0
3797500 2746500 10 11  2  13.6 1011 115  1.7 1  8.6  85    0    0 307 -397  0
3797500 2746500 10 11  3  13.0 1011 105  1.7 0  8.4  88    0    0 297 -394  0
3797500 2746500 10 11  4  12.9 1010  99  1.5 1  8.2  88    0    0 294 -390  0
3797500 2746500 10 11  5  12.1 1010 104  1.9 2  7.7  85    0    0 295 -388  0
3797500 2746500 10 11  6  11.2 1009 105  1.4 2  7.3  86    0    0 294 -386  0
3797500 2746500 10 11  7  11.7 1009 107  1.8 1  7.2  85    0    0 290 -385  0
3797500 2746500 10 11  8  12.9 1008 100  1.7 1  7.4  83   20   41 289 -384  0
3797500 2746500 10 11  9  15.3 1008 110  2.1 1  7.9  78  106   89 295 -386  0
3797500 2746500 10 11 10  16.8 1008  88  2.7 3  8.3  73  208  114 305 -393  0
3797500 2746500 10 11 11  18.9 1007 148  2.8 3  8.8  69  323  114 318 -406  0
3797500 2746500 10 11 12  20.1 1007 126  2.9 2  9.1  64  392  110 323 -421  0
3797500 2746500 10 11 13  21.1 1006 154  2.6 1  9.5  62  411  104 322 -433  0
3797500 2746500 10 11 14  21.7 1006 157  2.8 1  9.5  59  374  101 323 -441  0
3797500 2746500 10 11 15  21.9 1005 166  2.2 2  9.3  56  267  105 328 -444  0
3797500 2746500 10 11 16  21.2 1005 148  2.6 4  9.3  58   86  117 337 -442  0
3797500 2746500 10 11 17  20.0 1005 119  1.7 6  9.5  62   32   58 349 -435  0
3797500 2746500 10 11 18  18.8 1005 126  2.1 6  9.5  67    0    7 353 -424  0
3797500 2746500 10 11 19  18.8 1005 130  2.1 4  9.2  67    0    0 345 -414  0
3797500 2746500 10 11 20  18.4 1006 151  2.1 4  9.0  66    0    0 337 -407  0
3797500 2746500 10 11 21  18.6 1006 168  2.3 4  9.0  67    0    0 338 -403  0
3797500 2746500 10 11 22  17.7 1006 171  2.0 3  8.9  68    0    0 334 -401  0
3797500 2746500 10 11 23  17.5 1007 174  1.8 3  8.8  70    0    0 330 -399  0
3797500 2746500 10 11 24  17.5 1007 184  1.3 7  8.9  71    0    0 344 -397  0
3797500 2746500 10 12  1  16.9 1007 184  1.3 6  8.9  72    0    0 353 -395  0
3797500 2746500 10 12  2  16.6 1007 176  1.6 5  8.8  73    0    0 348 -393  0
3797500 2746500 10 12  3  17.0 1008 186  1.7 4  8.8  73    0    0 344 -393  0
3797500 2746500 10 12  4  16.5 1008 203  1.3 4  8.8  74    0    0 342 -394  0
3797500 2746500 10 12  5  16.1 1008 166  1.1 5  8.8  76    0    0 342 -395  0
3797500 2746500 10 12  6  16.3 1009 183  0.8 7  8.9  77    0    0 350 -395  0
3797500 2746500 10 12  7  15.7 1009 175  1.2 6  8.9  78    0    0 352 -395  0
3797500 2746500 10 12  8  15.8 1010 190  1.3 5  9.0  80   10   43 344 -397  0
3797500 2746500 10 12  9  16.8 1010 176  1.8 4  9.2  79   36  121 336 -399  0
3797500 2746500 10 12 10  17.1 1011 179  1.4 4  9.5  78   95  184 332 -401  0
3797500 2746500 10 12 11  18.7 1012 199  2.5 4  9.7  75  184  210 336 -401  0
3797500 2746500 10 12 12  19.0 1012 208  2.1 4 10.0  73  171  251 339 -406  0
3797500 2746500 10 12 13  19.3 1013 221  2.2 5 10.3  74  125  257 345 -413  0
3797500 2746500 10 12 14  19.7 1013 231  2.5 4 10.5  74  110  236 346 -418  0
3797500 2746500 10 12 15  18.9 1014 257  1.9 5 10.6  75   33  182 345 -420  0
3797500 2746500 10 12 16  19.2 1015 250  1.6 5 10.8  78   10  114 348 -420  0
3797500 2746500 10 12 17  19.2 1015 267  1.3 7 10.9  78   29   65 356 -417  0
3797500 2746500 10 12 18  18.6 1016 247  1.1 7 10.8  79    3   14 364 -411  0
3797500 2746500 10 12 19  18.1 1017 269  0.8 7 10.6  80    0    0 362 -404  0
3797500 2746500 10 12 20  18.1 1017 259  0.8 7 10.5  81    0    0 361 -397  0
3797500 2746500 10 12 21  17.8 1018 322  2.0 8 10.6  82    0    0 365 -392  0
3797500 2746500 10 12 22  17.0 1019 319  2.2 7 10.5  84    0    0 365 -386  0
3797500 2746500 10 12 23  17.2 1019 326  1.6 7 10.2  84    0    0 359 -381  0
3797500 2746500 10 12 24  16.4 1020 337  1.8 8 10.0  84    0    0 364 -377  0
3797500 2746500 10 13  1  16.0 1021 325  2.1 6  9.8  85    0    0 359 -372  0
3797500 2746500 10 13  2  16.1 1021 323  2.2 6  9.6  85    0    0 349 -369  0
3797500 2746500 10 13  3  15.6 1022 314  2.1 6  9.3  83    0    0 348 -366  0
3797500 2746500 10 13  4  14.6 1022 323  2.0 6  8.9  83    0    0 345 -363  0
3797500 2746500 10 13  5  13.7 1022 331  1.5 7  8.5  85    0    0 346 -361  0
3797500 2746500 10 13  6  13.7 1022 297  1.2 6  8.5  87    0    0 346 -358  0
3797500 2746500 10 13  7  13.3 1022 317  1.4 7  8.6  89    0    0 346 -356  0
3797500 2746500 10 13  8  13.0 1023 343  1.0 7  8.5  91    0   26 352 -355  0
3797500 2746500 10 13  9  13.4 1023 331  0.7 7  8.6  92    2   91 352 -358  0
3797500 2746500 10 13 10  14.2 1023 320  0.7 7  8.9  91    5  150 356 -367  0
3797500 2746500 10 13 11  14.7 1024   7  0.9 7  9.0  88    1  149 358 -380  0
3797500 2746500 10 13 12  15.3 1024 299  1.0 7  9.0  85    0  131 360 -393  0
3797500 2746500 10 13 13  15.8 1024 355  0.6 8  9.2  84    0   79 366 -404  0
3797500 2746500 10 13 14  15.9 1024 355  1.2 7  9.3  83    0   66 366 -410  0
3797500 2746500 10 13 15  16.2 1023 355  1.9 8  9.5  84    0   68 366 -412  0
3797500 2746500 10 13 16  16.1 1023   7  1.8 8  9.7  85    0   50 368 -409  0
3797500 2746500 10 13 17  16.2 1023  36  2.0 7  9.7  85    0   40 362 -401  0
3797500 2746500 10 13 18  16.0 1023  35  1.7 7  9.6  85    0    5 357 -391  0
3797500 2746500 10 13 19  15.9 1023  47  1.7 8  9.7  86    0    0 359 -381  0
3797500 2746500 10 13 20  15.9 1023  50  2.3 8  9.6  86    0    0 361 -375  0
3797500 2746500 10 13 21  15.7 1023  45  2.3 8  9.5  86    0    0 361 -371  0
3797500 2746500 10 13 22  15.5 1023  84  2.2 7  9.5  87    0    0 356 -368  0
3797500 2746500 10 13 23  15.7 1023  88  2.4 7  9.4  86    0    0 352 -367  0
3797500 2746500 10 13 24  15.3 1023  65  2.6 7  9.3  85    0    0 350 -365  0
3797500 2746500 10 14  1  15.2 1023  79  2.5 7  9.2  86    0    0 348 -364  0
3797500 2746500 10 14  2  14.8 1023  73  1.8 8  9.1  86    0    0 350 -363  0
3797500 2746500 10 14  3  14.5 1023 101  1.9 5  9.0  87    0    0 341 -362  0
3797500 2746500 10 14  4  14.5 1023  73  1.1 7  8.9  87    0    0 338 -361  0
3797500 2746500 10 14  5  14.2 1023  63  1.7 7  8.9  88    0    0 344 -360  0
3797500 2746500 10 14  6  13.9 1023  60  1.8 7  8.8  89    0    0 343 -360  0
3797500 2746500 10 14  7  13.7 1023  74  1.5 8  8.7  89    0    0 345 -359  0
3797500 2746500 10 14  8  13.7 1023  91  1.5 7  8.7  89    0   28 346 -360  0
3797500 2746500 10 14  9  14.1 1023  99  2.0 4  8.4  86   53  108 332 -363  0
3797500 2746500 10 14 10  15.2 1024 110  2.9 3  7.9  77   80  163 319 -372  0
3797500 2746500 10 14 11  14.8 1024 101  3.5 5  7.3  69    6  165 319 -385  0
3797500 2746500 10 14 12  15.0 1024 101  3.6 5  7.0  67   46  221 322 -398  0
3797500 2746500 10 14 13  15.1 1023  75  3.2 3  6.9  66  163  223 315 -409  0
3797500 2746500 10 14 14  15.7 1023  92  2.6 3  6.9  64  218  185 309 -416  0
3797500 2746500 10 14 15  16.4 1023 102  2.4 2  7.0  62  193  147 307 -419  0
3797500 2746500 10 14 16  16.0 1022  71  2.0 2  7.1  63  113  111 304 -416  0
3797500 2746500 10 14 17  14.8 1022  64  2.0 3  7.2  66   51   62 301 -409  0
3797500 2746500 10 14 18  13.3 1022  80  2.0 3  7.1  72    0   10 298 -398  0
3797500 2746500 10 14 19  12.7 1022 100  1.9 4  7.1  76    0    0 297 -388  0
3797500 2746500 10 14 20  12.4 1023  99  1.9 3  7.0  78    0    0 294 -380  0
3797500 2746500 10 14 21  12.2 1023  71  1.7 1  6.9  78    0    0 288 -375  0
3797500 2746500 10 14 22  11.9 1023  91  2.3 1  6.9  79    0    0 284 -370  0
3797500 2746500 10 14 23  11.5 1023  88  1.3 1  6.8  80    0    0 282 -367  0
3797500 2746500 10 14 24  11.1 1023  89  1.0 1  6.8  82    0    0 280 -364  0
3797500 2746500 10 15  1  10.3 1023  98  0.8 1  6.7  84    0    0 277 -361  0
3797500 2746500 10 15  2  10.0 1023  99  0.8 0  6.6  87    0    0 275 -358  0
3797500 2746500 10 15  3  10.1 1023  35  3.2 2  6.7  88    0    0 276 -356  0
3797500 2746500 10 15  4   9.6 1023  87  0.8 1  6.7  89    0    0 279 -354  0
3797500 2746500 10 15  5  10.0 1023  74  2.7 1  6.6  89    0    0 277 -353  0
3797500 2746500 10 15  6   9.0 1023  82  0.4 1  6.6  90    0    0 277 -352  0
3797500 2746500 10 15  7  10.0 1023  79  1.0 3  6.5  88    0    0 283 -350  0
3797500 2746500 10 15  8  10.2 1023  76  2.7 3  6.5  85    8   37 293 -349  0
3797500 2746500 10 15  9  10.6 1023  71  2.0 2  6.6  85   65   99 291 -352  0
3797500 2746500 10 15 10  12.0 1023  59  2.6 2  6.8  82  144  140 291 -361  0
3797500 2746500 10 15 11  12.8 1023  78  3.9 1  6.9  77  267  137 292 -375  0
3797500 2746500 10 15 12  14.4 1023  73  3.3 1  7.0  73  338  136 294 -389  0
3797500 2746500 10 15 13  15.2 1022  73  3.7 0  7.1  68  360  133 294 -402  0
3797500 2746500 10 15 14  15.7 1021  73  3.1 0  7.0  64  338  122 292 -410  0
3797500 2746500 10 15 15  16.2 1021  66  3.3 0  6.8  61  264  111 293 -414  0
3797500 2746500 10 15 16  16.1 1020  65  3.6 0  6.7  59  162   93 294 -413  0
3797500 2746500 10 15 17  15.5 1020  58  3.0 0  6.6  59   59   59 292 -407  0
3797500 2746500 10 15 18  14.4 1020  73  3.1 0  6.4  61    1   10 289 -398  0
3797500 2746500 10 15 19  13.3 1020  82  2.7 0  6.4  65    0    0 286 -390  0
3797500 2746500 10 15 20  12.6 1020  79  2.6 0  6.5  70    0    0 282 -383  0
3797500 2746500 10 15 21  12.0 1020  84  2.3 1  6.5  74    0    0 285 -378  0
3797500 2746500 10 15 22  11.2 1020  78  1.9 1  6.4  76    0    0 287 -372  0
3797500 2746500 10 15 23  10.7 1021  80  2.1 1  6.3  78    0    0 284 -367  0
3797500 2746500 10 15 24   9.5 1021  76  1.7 1  6.1  80    0    0 281 -363  0
3797500 2746500 10 16  1   8.7 1020  29  1.0 1  5.9  82    0    0 277 -360  0
3797500 2746500 10 16  2   8.6 1020  61  1.6 1  5.7  82    0    0 274 -357  0
3797500 2746500 10 16  3   7.9 1020  83  1.5 0  5.5  82    0    0 269 -355  0
3797500 2746500 10 16  4   7.1 1020  55  1.3 0  5.3  82    0    0 261 -352  0
3797500 2746500 10 16  5   6.9 1019  92  0.9 1  5.1  82    0    0 262 -350  0
3797500 2746500 10 16  6   6.1 1019  81  0.9 1  5.0  83    0    0 264 -349  0
3797500 2746500 10 16  7   5.6 1019  92  1.5 1  4.9  86    0    0 261 -347  0
3797500 2746500 10 16  8   6.5 1019 109  1.2 1  5.1  87   13   35 261 -346  0
3797500 2746500 10 16  9   9.9 1019  86  1.6 0  5.5  81  100   77 261 -349  0
3797500 2746500 10 16 10  11.7 1019  77  2.0 0  5.7  71  210   95 264 -359  0
3797500 2746500 10 16 11  13.7 1019  69  2.2 0  6.0  66  301  104 271 -374  0
3797500 2746500 10 16 12  15.2 1018  84  2.1 0  6.2  61  364  102 277 -390  0
3797500 2746500 10 16 13  16.9 1018  89  1.6 0  6.5  58  378  100 285 -404  0
3797500 2746500 10 16 14  17.9 1017  98  3.0 0  6.7  55  354   93 291 -414  0
3797500 2746500 10 16 15  18.3 1016 145  4.5 0  6.6  51  282   85 292 -419  0
3797500 2746500 10 16 16  18.2 1015 116  3.1 0  6.9  53  174   75 293 -416  0
3797500 2746500 10 16 17  16.7 1015 120  2.6 0  7.2  58   63   50 292 -408  0
3797500 2746500 10 16 18  15.0 1015 127  2.1 1  6.9  62    1    8 288 -396  0
3797500 2746500 10 16 19  14.0 1015 131  1.7 0  6.5  64    0    0 283 -386  0
3797500 2746500 10 16 20  13.0 1015 141  3.0 0  6.4  66    0    0 276 -380  0
3797500 2746500 10 16 21  13.0 1015 137  3.3 0  6.4  69    0    0 274 -374  0
3797500 2746500 10 16 22  13.1 1015 137  3.5 0  6.5  69    0    0 274 -368  0
3797500 2746500 10 16 23  11.9 1014 140  3.0 0  6.4  71    0    0 272 -364  0
3797500 2746500 10 16 24  10.9 1014 146  2.7 0  6.3  75    0    0 268 -361  0
3797500 2746500 10 17  1  10.9 1013 131  4.9 0  6.2  77    0    0 266 -358  0
3797500 2746500 10 17  2  12.5 1013 118  3.6 0  6.2  73    0    0 268 -356  0
3797500 2746500 10 17  3  12.7 1012 128  3.9 0  6.2  69    0    0 271 -353  0
3797500 2746500 10 17  4  11.6 1012 140  3.1 0  6.1  70    0    0 269 -351  0
3797500 2746500 10 17  5  12.2 1012 142  2.5 0  6.0  69    0    0 268 -349  0
3797500 2746500 10 17  6  10.6 1011 127  3.0 1  5.8  69    0    0 269 -347  0
3797500 2746500 10 17  7   9.6 1011 158  2.8 1  5.5  71    0    0 267 -346  0
3797500 2746500 10 17  8  11.2 1011 141  4.0 1  5.3  68   13   33 265 -345  0
3797500 2746500 10 17  9  11.7 1010 150  4.0 1  5.4  64   99   73 266 -349  0
3797500 2746500 10 17 10  12.4 1010 160  3.6 1  5.6  64  205   93 267 -359  0
3797500 2746500 10 17 11  13.8 1010 157  5.2 1  5.6  60  298   98 270 -373  0
3797500 2746500 10 17 12  15.0 1010 161  4.6 2  5.8  56  335  110 276 -389  0
3797500 2746500 10 17 13  16.4 1009 165  3.9 2  6.1  55  337  113 283 -401  0
3797500 2746500 10 17 14  17.2 1008 152  4.0 2  6.4  53  320  100 288 -410  0
3797500 2746500 10 17 15  17.5 1007 164  4.3 3  6.6  53  268   83 293 -413  0
3797500 2746500 10 17 16  16.5 1007 171  4.1 3  6.8  56  170   71 295 -410  0
3797500 2746500 10 17 17  16.0 1006 180  3.0 5  6.8  59   56   46 297 -402  0
3797500 2746500 10 17 18  14.9 1006 160  2.2 5  6.8  61    0    8 299 -391  0
3797500 2746500 10 17 19  13.9 1006 164  3.0 4  6.7  65    0    0 296 -382  0
3797500 2746500 10 17 20  14.1 1006 175  3.1 4  6.7  67    0    0 294 -378  0
3797500 2746500 10 17 21  13.9 1006 175  2.7 6  6.7  67    0    0 299 -377  0
3797500 2746500 10 17 22  13.4 1007 185  2.2 5  6.6  68    0    0 301 -376  0
3797500 2746500 10 17 23  13.5 1006 185  2.0 5  6.6  69    0    0 300 -374  0
3797500 2746500 10 17 24  13.3 1006 185  2.2 5  6.6  69    0    0 301 -374  0
3797500 2746500 10 18  1  12.9 1006 181  2.4 6  6.6  70    0    0 304 -373  0
3797500 2746500 10 18  2  12.7 1005 182  2.3 5  6.6  71    0    0 306 -371  0
3797500 2746500 10 18  3  12.2 1005 174  2.3 5  6.6  72    0    0 306 -370  0
3797500 2746500 10 18  4  12.3 1005 173  2.1 4  6.5  73    0    0 307 -370  0
3797500 2746500 10 18  5  12.0 1004 176  2.0 5  6.5  73    0    0 310 -370  0
3797500 2746500 10 18  6  12.4 1004 184  2.3 5  6.6  74    0    0 314 -370  0
3797500 2746500 10 18  7  12.5 1004 177  1.7 6  6.6  73    0    0 318 -370  0
3797500 2746500 10 18  8  12.3 1003 172  2.2 6  6.6  73    0   20 321 -371  0
3797500 2746500 10 18  9  12.5 1003 174  2.0 6  6.7  74   15   96 323 -376  0
3797500 2746500 10 18 10  13.8 1003 176  2.0 5  7.0  73   65  162 326 -384  0
3797500 2746500 10 18 11  14.5 1002 185  2.6 6  7.2  71   71  204 331 -396  0
3797500 2746500 10 18 12  15.9 1002 174  3.4 6  7.6  69  113  231 337 -407  0
3797500 2746500 10 18 13  16.7 1001 193  2.5 4  7.9  67  134  233 343 -415  0
3797500 2746500 10 18 14  17.8 1001 183  2.4 4  8.1  65  158  210 349 -422  0
3797500 2746500 10 18 15  18.0 1000 192  1.9 3  8.3  64  161  164 353 -426  0
3797500 2746500 10 18 16  18.2  999 181  1.7 4  8.3  63   56  119 356 -424  0
3797500 2746500 10 18 17  16.8  999 170  1.6 5  8.5  67   15   48 359 -419  0
3797500 2746500 10 18 18  15.9  999 148  1.6 7  8.5  72    0    6 363 -414  0
3797500 2746500 10 18 19  15.8  998 150  1.7 4  8.4  73    0    0 361 -411  0
3797500 2746500 10 18 20  16.4  998 160  2.9 4  8.1  70    0    0 355 -409  0
3797500 2746500 10 18 21  16.0  998 170  2.7 8  8.0  68    0    0 364 -409  0
3797500 2746500 10 18 22  16.0  997 167  2.6 7  8.0  69    0    0 371 -406  0
3797500 2746500 10 18 23  15.5  997 164  2.1 7  8.0  70    0    0 368 -401  0
3797500 2746500 10 18 24  15.0  997 150  2.1 6  7.8  71    0    0 363 -399  0
3797500 2746500 10 19  1  14.4  996 141  1.4 7  7.6  72    0    0 360 -400  0
3797500 2746500 10 19  2  13.9  996 162  2.9 6  7.5  74    0    0 357 -400  0
3797500 2746500 10 19  3  13.9  995 173  3.1 5  7.3  72    0    0 348 -399  0
3797500 2746500 10 19  4  13.4  995 172  3.1 5  7.1  72    0    0 341 -398  0
3797500 2746500 10 19  5  13.6  994 168  2.5 6  6.9  70    0    0 344 -398  0
3797500 2746500 10 19  6  13.0  994 170  2.1 6  6.8  70    0    0 345 -399  0
3797500 2746500 10 19  7  13.6  993 171  2.6 5  6.6  68    0    0 336 -400  0
3797500 2746500 10 19  8  14.1  993 171  3.3 6  6.5  65    0   13 336 -400  0
3797500 2746500 10 19  9  14.6  993 172  4.0 7  6.7  64   27   74 346 -400  0
3797500 2746500 10 19 10  15.8  993 170  3.3 6  7.0  64   91  101 345 -402  0
3797500 2746500 10 19 11  16.1  993 171  4.6 5  7.4  64  129  121 328 -404  0
3797500 2746500 10 19 12  15.5  993 171  4.0 7  7.9  69    1  133 333 -405  0
3797500 2746500 10 19 13  14.9  994 172  3.5 7  8.5  77    0  103 349 -408  0
3797500 2746500 10 19 14  14.7  994 182  2.4 8  9.0  84    0   69 358 -412  0
3797500 2746500 10 19 15  15.6  993 173  3.7 7  9.3  85   20  115 359 -413  0
3797500 2746500 10 19 16  15.8  993 174  3.4 6  9.4  83   49   75 343 -412  0
3797500 2746500 10 19 17  15.7  993 156  3.0 7  9.4  82   25   30 343 -410  0
3797500 2746500 10 19 18  14.9  993 157  2.8 7  9.2  83    0    0 352 -405  0
3797500 2746500 10 19 19  14.9  992 160  4.4 6  9.1  84    0    0 345 -401  0
3797500 2746500 10 19 20  15.1  992 158  4.3 6  9.1  83    0    0 338 -399  0
3797500 2746500 10 19 21  15.3  993 161  5.2 6  9.1  82    0    0 338 -397  0
3797500 2746500 10 19 22  15.4  992 159  4.7 6  9.1  82    0    0 338 -392  0
3797500 2746500 10 19 23  15.6  992 171  3.5 6  9.1  80    0    0 339 -389  0
3797500 2746500 10 19 24  15.2  992 171  3.3 4  8.9  80    0    0 328 -386  0
3797500 2746500 10 20  1  15.1  992 174  4.3 7  8.8  80    0    0 331 -385  0
3797500 2746500 10 20  2  15.2  992 171  3.6 7  8.7  79    0    0 347 -384  0
3797500 2746500 10 20  3  14.8  991 160  3.3 7  8.7  80    0    0 347 -384  0
3797500 2746500 10 20  4  14.4  991 161  3.6 8  8.7  82    0    0 350 -385  0
3797500 2746500 10 20  5  14.8  991 169  2.2 7  8.6  81    0    0 351 -385  0
3797500 2746500 10 20  6  15.3  991 171  2.6 8  8.6  78    0    0 354 -384  0
3797500 2746500 10 20  7  14.6  991 171  2.7 8  8.6  79    0    0 360 -384  0
3797500 2746500 10 20  8  13.7  991 179  1.1 8  8.7  84    0   15 359 -384  0
3797500 2746500 10 20  9  13.8  992 171  1.8 6  8.9  88   44   85 348 -384  0
3797500 2746500 10 20 10  14.9  992 171  2.5 3  9.0  86  175  110 321 -389  0
3797500 2746500 10 20 11  15.4  992 171  3.6 2  9.0  81  255  126 303 -395  0
3797500 2746500 10 20 12  16.6  992 180  3.3 3  8.8  75  193  179 309 -398  0
3797500 2746500 10 20 13  16.7  991 170  4.2 4  8.6  71  122  200 322 -403  0
3797500 2746500 10 20 14  16.8  991 170  4.5 3  8.4  69  205  151 321 -409  0
3797500 2746500 10 20 15  16.9  990 172  4.2 4  8.2  67  131  135 323 -411  0
3797500 2746500 10 20 16  16.8  990 170  3.1 5  8.3  68    6   80 333 -410  0
3797500 2746500 10 20 17  16.6  990 162  3.0 7  8.5  70   13   38 350 -407  0
3797500 2746500 10 20 18  16.1  990 163  4.1 8  8.8  74    0    0 364 -405  0
3797500 2746500 10 20 19  15.3  990 232  3.2 7  9.2  81    0    0 363 -402  0
3797500 2746500 10 20 20  14.6  990 221  2.4 7  9.6  88    0    0 357 -400  0
3797500 2746500 10 20 21  14.9  990 198  1.8 5  9.7  90    0    0 348 -398  0
3797500 2746500 10 20 22  14.4  991 207  2.3 5  9.4  88    0    0 339 -397  0
3797500 2746500 10 20 23  14.8  991 201  1.7 5  9.2  87    0    0 339 -394  0
3797500 2746500 10 20 24  14.4  992 184  1.3 7  9.1  86    0    0 349 -392  0
3797500 2746500 10 21  1  14.8  992 193  2.1 7  9.0  85    0    0 360 -392  0
3797500 2746500 10 21  2  15.0  992 213  2.7 7  9.0  83    0    0 362 -392  0
3797500 2746500 10 21  3  14.9  992 223  2.8 8  9.0  82    0    0 367 -391  0
3797500 2746500 10 21  4  14.5  992 202  1.8 8  9.0  84    0    0 371 -388  0
3797500 2746500 10 21  5  14.9  992 196  1.9 7  9.0  84    0    0 365 -388  0
3797500 2746500 10 21  6  15.2  992 183  1.9 7  9.0  82    0    0 360 -388  0
3797500 2746500 10 21  7  15.1  993 211  2.0 8  9.1  83    0    0 366 -385  0
3797500 2746500 10 21  8  15.1  993 202  2.4 8  9.2  84    0   14 372 -384  0
3797500 2746500 10 21  9  15.1  994 202  1.9 7  9.2  84    0   50 366 -386  0
3797500 2746500 10 21 10  14.7  994 211  3.3 7  9.4  87    7  117 359 -391  0
3797500 2746500 10 21 11  15.5  994 218  3.5 5  9.6  87   87  181 347 -399  0
3797500 2746500 10 21 12  16.4  995 238  4.2 5  9.2  79   90  205 337 -407  0
3797500 2746500 10 21 13  16.5  995 219  4.8 4  8.6  72  144  197 331 -413  0
3797500 2746500 10 21 14  17.1  995 229  5.3 3  8.3  68  199  157 319 -418  0
3797500 2746500 10 21 15  17.1  995 220  4.6 6  8.2  66   82  147 328 -419  0
3797500 2746500 10 21 16  16.9  995 217  4.7 7  8.4  68   23   93 351 -417  0
3797500 2746500 10 21 17  16.4  995 211  3.5 6  8.4  70   13   38 349 -412  0
3797500 2746500 10 21 18  16.0  995 198  2.7 7  8.4  71    0    0 347 -405  0
3797500 2746500 10 21 19  15.6  996 172  2.8 7  8.3  73    0    0 350 -399  0
3797500 2746500 10 21 20  15.3  996 174  3.6 7  8.3  74    0    0 347 -397  0
3797500 2746500 10 21 21  15.3  996 173  3.7 7  8.3  76    0    0 348 -398  0
3797500 2746500 10 21 22  15.6  996 179  3.3 7  8.5  76    0    0 350 -398  0
3797500 2746500 10 21 23  15.6  996 181  3.0 6  8.6  76    0    0 345 -396  0
3797500 2746500 10 21 24  15.7  996 182  2.9 3  8.7  77    0    0 328 -391  0
3797500 2746500 10 22  1  15.9  996 181  2.7 6  8.8  77    0    0 328 -387  0
3797500 2746500 10 22  2  15.9  996 201  2.9 7  8.8  77    0    0 349 -385  0
3797500 2746500 10 22  3  14.9  997 214  3.2 7  8.7  78    0    0 353 -387  0
3797500 2746500 10 22  4  14.7  997 221  3.8 3  8.4  78    0    0 330 -388  0
3797500 2746500 10 22  5  14.1  997 211  3.4 2  8.1  78    0    0 305 -389  0
3797500 2746500 10 22  6  13.4  997 192  2.8 2  7.8  79    0    0 297 -389  0
3797500 2746500 10 22  7  12.9  997 195  2.5 0  7.6  79    0    0 282 -388  0
3797500 2746500 10 22  8  12.8  998 182  2.8 3  7.5  80    6   25 284 -385  0
3797500 2746500 10 22  9  13.9  998 181  3.9 4  7.6  78   60   84 307 -386  0
3797500 2746500 10 22 10  14.9  998 191  3.9 5  7.8  75   74  144 321 -391  0
3797500 2746500 10 22 11  15.4  998 187  3.5 6  7.9  73   56  182 333 -398  0
3797500 2746500 10 22 12  16.4  998 185  3.4 6  8.1  71   72  207 339 -402  0
3797500 2746500 10 22 13  16.7  997 201  2.7 7  8.1  68   13  170 344 -407  0
3797500 2746500 10 22 14  17.4  997 180  3.1 7  8.1  65   31  174 349 -413  0
3797500 2746500 10 22 15  17.2  996 171  3.3 8  8.2  66   31  143 351 -417  0
3797500 2746500 10 22 16  17.1  995 161  3.6 6  8.5  68   56   97 345 -416  0
3797500 2746500 10 22 17  16.6  994 160  4.0 7  8.5  70   31   45 338 -412  0
3797500 2746500 10 22 18  16.3  994 160  4.7 7  8.4  71    0    0 339 -406  0
3797500 2746500 10 22 19  16.9  993 159  5.5 6  8.6  71    0    0 336 -400  0
3797500 2746500 10 22 20  16.8  992 168  4.8 5  8.8  72    0    0 332 -396  0
3797500 2746500 10 22 21  17.1  992 156  4.0 5  9.0  73    0    0 330 -394  0
3797500 2746500 10 22 22  17.1  991 173  4.5 7  9.1  73    0    0 340 -393  0
3797500 2746500 10 22 23  15.8  991 175  4.1 7  9.3  78    0    0 348 -394  0
3797500 2746500 10 22 24  15.9  991 175  3.8 7  9.6  83    0    0 350 -397  0
3797500 2746500 10 23  1  15.4  990 172  3.4 8  9.6  84    0    0 356 -400  0
3797500 2746500 10 23  2  15.7  990 172  3.7 8  9.6  85    0    0 362 -400  0
3797500 2746500 10 23  3  15.6  989 179  2.7 8  9.7  85    0    0 364 -396  0
3797500 2746500 10 23  4  15.8  989 220  2.7 8  9.9  86    0    0 368 -395  0
3797500 2746500 10 23  5  15.5  989 210  2.5 8 10.0  87    0    0 371 -395  0
3797500 2746500 10 23  6  16.1  989 173  2.6 8  9.9  86    0    0 373 -396  0
3797500 2746500 10 23  7  16.5  989 191  3.1 8  9.9  83    0    0 378 -397  0
3797500 2746500 10 23  8  16.7  989 192  3.2 8  9.8  81    1   20 381 -398  0
3797500 2746500 10 23  9  16.9  989 202  3.4 7  9.9  81    9   66 376 -399  0
3797500 2746500 10 23 10  17.0  990 198  3.4 6 10.0  80   20  112 363 -402  0
3797500 2746500 10 23 11  17.2  990 212  3.7 7 10.1  80    1  114 363 -407  0
3797500 2746500 10 23 12  15.8  990 209  3.7 7 10.4  86    0   57 369 -413  0
3797500 2746500 10 23 13  16.5  990 191  3.3 7 11.0  94    0   54 367 -420  0
3797500 2746500 10 23 14  17.0  990 176  2.6 8 11.2  92    0   62 376 -422  0
3797500 2746500 10 23 15  17.2  990 200  2.1 8 11.2  89    0   77 383 -420  0
3797500 2746500 10 23 16  17.4  990 171  2.2 6 11.3  89   26   75 368 -416  0
3797500 2746500 10 23 17  17.3  989 179  1.8 7 11.2  88    3   26 361 -413  0
3797500 2746500 10 23 18  17.3  989 169  2.4 7 10.9  86    0    0 367 -410  0
3797500 2746500 10 23 19  17.0  988 169  2.5 8 10.5  84    0    0 372 -408  0
3797500 2746500 10 23 20  16.9  988 157  4.6 8 10.4  84    0    0 378 -407  0
3797500 2746500 10 23 21  16.5  987 126  5.7 8 10.5  86    0    0 376 -403  0
3797500 2746500 10 23 22  17.0  986 159  6.0 7 10.7  87    0    0 370 -399  0
3797500 2746500 10 23 23  16.9  985 219  5.8 7 10.8  87    0    0 367 -399  0
3797500 2746500 10 23 24  16.5  985 220  3.8 8 10.6  87    0    0 374 -398  0
3797500 2746500 10 24  1  16.3  985 219  3.7 8 10.3  85    0    0 380 -396  0
3797500 2746500 10 24  2  15.7  986 217  2.2 8 10.1  86    0    0 380 -393  0
3797500 2746500 10 24  3  15.9  986 190  4.2 7  9.8  85    0    0 375 -389  0
3797500 2746500 10 24  4  15.6  986 170  4.4 7  9.3  80    0    0 367 -388  0
3797500 2746500 10 24  5  14.7  985 180  3.4 4  8.6  78    0    0 348 -386  0
3797500 2746500 10 24  6  14.9  985 179  4.3 4  8.2  76    0    0 330 -382  0
3797500 2746500 10 24  7  14.9  985 179  4.6 7  8.2  75    0    0 342 -380  0
3797500 2746500 10 24  8  13.9  984 171  4.9 7  8.3  79    0   15 353 -379  0
3797500 2746500 10 24  9  14.5  984 179  4.1 8  8.5  81    0   34 358 -378  0
3797500 2746500 10 24 10  14.1  984 199  4.3 8  8.6  82   10   84 365 -378  0
3797500 2746500 10 24 11  15.2  984 219  6.2 7  8.5  79    0   92 362 -379  0
3797500 2746500 10 24 12  15.4  985 218  6.8 8  8.1  73    0   66 364 -381  0
3797500 2746500 10 24 13  15.3  985 226  6.0 8  7.9  71    0   69 365 -384  0
3797500 2746500 10 24 14  13.6  986 218  6.9 7  8.2  77    0   63 355 -390  0
3797500 2746500 10 24 15  13.8  986 226  5.7 6  8.5  84    0   83 342 -395  0
3797500 2746500 10 24 16  13.3  987 235  4.5 7  8.7  87    0   52 343 -396  0
3797500 2746500 10 24 17  13.8  989 251  4.3 7  8.8  89   21   14 348 -393  0
3797500 2746500 10 24 18  13.8  991 254  5.1 7  8.8  87    0    0 348 -389  0
3797500 2746500 10 24 19  13.2  993 269  3.9 7  8.6  87    0    0 343 -383  0
3797500 2746500 10 24 20  12.4  996 252  2.8 7  8.3  88    0    0 335 -380  0
3797500 2746500 10 24 21  12.4  998 248  3.6 5  8.1  89    0    0 321 -381  0
3797500 2746500 10 24 22  12.5  999 250  3.7 6  8.2  89    0    0 314 -382  0
3797500 2746500 10 24 23  12.2 1001 242  2.4 7  8.2  90    0    0 322 -379  0
3797500 2746500 10 24 24  11.4 1001 231  2.6 4  8.0  91    0    0 310 -374  0
3797500 2746500 10 25  1  11.4 1002 233  1.5 4  7.9  93    0    0 292 -370  0
3797500 2746500 10 25  2  11.2 1003 224  2.0 4  8.1  96    0    0 292 -368  0
3797500 2746500 10 25  3  11.0 1004 233  1.9 2  8.2  98    0    0 282 -366  0
3797500 2746500 10 25  4  10.9 1004 232  1.5 5  7.9  96    0    0 286 -365  0
3797500 2746500 10 25  5  10.9 1004 221  1.7 4  7.8  95    0    0 298 -365  0
3797500 2746500 10 25  6  10.2 1005 192  0.6 2  7.8  97    0    0 286 -365  0
3797500 2746500 10 25  7  10.1 1005 183  0.8 5  7.5  96    0    0 290 -365  0
3797500 2746500 10 25  8   9.9 1005 183  0.9 5  7.4  95    3   23 304 -366  0
3797500 2746500 10 25  9  11.1 1006 136  1.0 3  7.4  93   42   76 298 -369  0
3797500 2746500 10 25 10  10.9 1006 133  1.0 4  7.6  92  101  124 297 -374  0
3797500 2746500 10 25 11  13.6 1006 164  3.3 3  7.7  86  164  150 304 -381  0
3797500 2746500 10 25 12  14.1 1006 155  2.3 6  7.8  78   76  189 320 -385  0
3797500 2746500 10 25 13  15.4 1006 157  4.0 6  7.7  73  146  185 337 -386  0
3797500 2746500 10 25 14  15.7 1005 125  3.6 5  7.6  69  223  133 337 -382  0
3797500 2746500 10 25 15  15.7 1004 142  3.7 4  7.6  68  155  118 332 -377  0
3797500 2746500 10 25 16  15.3 1004 119  4.0 4  7.4  67   73   86 331 -376  0
3797500 2746500 10 25 17  14.7 1003  76  2.6 7  7.4  68    5   30 343 -376  0
3797500 2746500 10 25 18  13.7 1002  47  2.9 5  7.3  71    0    0 347 -377  0
3797500 2746500 10 25 19  14.3 1002 102  4.4 5  7.0  70    0    0 340 -377  0
3797500 2746500 10 25 20  15.2 1001 142  3.9 6  6.8  64    0    0 345 -378  0
3797500 2746500 10 25 21  15.8 1000 160  5.9 7  6.7  60    0    0 352 -382  0
3797500 2746500 10 25 22  15.2 1000 163  5.0 8  6.8  61    0    0 357 -387  0
3797500 2746500 10 25 23  16.1 1000 163  6.1 8  6.8  60    0    0 360 -390  0
3797500 2746500 10 25 24  15.8  999 173  5.7 5  6.8  60    0    0 352 -390  0
3797500 2746500 10 26  1  15.6  999 173  6.5 4  7.0  62    0    0 341 -389  0
3797500 2746500 10 26  2  15.8  999 173  6.7 3  7.2  64    0    0 334 -388  0
3797500 2746500 10 26  3  16.1  999 173  5.3 2  7.4  64    0    0 328 -386  0
3797500 2746500 10 26  4  16.2  999 173  5.0 5  7.6  66    0    0 333 -386  0
3797500 2746500 10 26  5  16.5  998 173  4.6 5  7.8  66    0    0 340 -386  0
3797500 2746500 10 26  6  16.3  999 173  3.5 4  7.9  67    0    0 338 -386  0
3797500 2746500 10 26  7  16.1  998 174  4.1 2  8.1  69    0    0 330 -385  0
3797500 2746500 10 26  8  16.4  999 175  3.6 2  8.2  70    4   21 325 -385  0
3797500 2746500 10 26  9  17.2  999 177  4.0 2  8.5  70   62   69 327 -387  0
3797500 2746500 10 26 10  18.2  999 176  3.7 3  8.8  68  132  107 332 -393  0
3797500 2746500 10 26 11  19.3  999 175  3.7 2  9.1  66  204  128 335 -402  0
3797500 2746500 10 26 12  19.9  999 175  4.1 2  9.3  64  270  124 337 -412  0
3797500 2746500 10 26 13  20.7  999 190  3.6 4  9.6  63  178  169 346 -420  0
3797500 2746500 10 26 14  21.9  999 180  3.0 3 10.0  62  282  100 355 -425  0
3797500 2746500 10 26 15  21.8  999 182  2.3 4 10.3  62  119  125 360 -427  0
3797500 2746500 10 26 16  21.4  999 168  1.9 4 10.2  62   23   81 366 -424  0
3797500 2746500 10 26 17  21.0  998 179  1.4 6 10.0  63   12   30 373 -420  0
3797500 2746500 10 26 18  20.6  999 207  0.9 6  9.8  63    0    0 379 -416  0
3797500 2746500 10 26 19  20.2 1000 218  2.2 3  9.8  64    0    0 372 -413  0
3797500 2746500 10 26 20  20.3 1000 231  2.2 4  9.9  66    0    0 369 -409  0
3797500 2746500 10 26 21  20.1 1001 239  2.8 7  9.9  66    0    0 379 -402  0
3797500 2746500 10 26 22  19.8 1001 231  3.2 7  9.9  67    0    0 387 -395  0
3797500 2746500 10 26 23  19.7 1002 234  4.6 7 10.1  69    0    0 385 -387  0
3797500 2746500 10 26 24  19.3 1003 226  3.7 7 10.2  71    0    0 383 -378  0
3797500 2746500 10 27  1  18.7 1004 244  3.6 8  9.9  71    0    0 383 -370  0
3797500 2746500 10 27  2  18.0 1004 241  5.0 6  9.6  72    0    0 373 -365  0
3797500 2746500 10 27  3  17.7 1006 248  4.7 6  9.2  71    0    0 361 -360  0
3797500 2746500 10 27  4  16.8 1007 238  4.4 6  8.7  70    0    0 357 -357  0
3797500 2746500 10 27  5  16.4 1008 238  3.9 5  8.6  72    0    0 349 -353  0
3797500 2746500 10 27  6  15.9 1009 257  2.8 5  8.6  75    0    0 341 -350  0
3797500 2746500 10 27  7  14.4 1010 276  2.5 6  7.7  72    0    0 341 -348  0
3797500 2746500 10 27  8  13.3 1011 268  3.0 5  6.8  68    0   15 332 -346  0
3797500 2746500 10 27  9  13.5 1012 259  2.6 3  6.5  68   50   65 310 -346  0
3797500 2746500 10 27 10  13.7 1013 260  3.0 1  6.2  63  177   70 284 -351  0
3797500 2746500 10 27 11  14.7 1014 260  2.6 1  6.1  60  273   69 273 -359  0
3797500 2746500 10 27 12  14.7 1014 260  3.4 0  5.9  56  323   75 268 -368  0
3797500 2746500 10 27 13  15.2 1015 252  3.6 1  5.4  52  337   73 267 -376  0
3797500 2746500 10 27 14  15.4 1015 253  4.2 1  5.3  49  283   72 272 -380  0
3797500 2746500 10 27 15  14.7 1015 243  3.5 5  5.5  52   39  120 288 -381  0
3797500 2746500 10 27 16  14.4 1015 252  3.3 7  5.7  55    0   50 310 -377  0
3797500 2746500 10 27 17  13.7 1016 243  2.3 6  5.8  58    6   25 312 -371  0
3797500 2746500 10 27 18  13.6 1016 251  1.9 7  5.8  60    0    0 311 -364  0
3797500 2746500 10 27 19  13.3 1017 238  2.0 7  5.8  61    0    0 316 -360  0
3797500 2746500 10 27 20  13.0 1017 247  1.6 8  5.8  62    0    0 321 -358  0
3797500 2746500 10 27 21  12.5 1018 232  1.5 7  5.9  64    0    0 323 -358  0
3797500 2746500 10 27 22  12.6 1018 249  1.8 6  6.0  66    0    0 315 -358  0
3797500 2746500 10 27 23  12.5 1018 235  2.0 6  6.1  68    0    0 312 -357  0
3797500 2746500 10 27 24  12.6 1019 244  1.7 8  6.3  70    0    0 322 -357  0
3797500 2746500 10 28  1  12.0 1019 240  2.2 5  6.5  74    0    0 316 -356  0
3797500 2746500 10 28  2  11.3 1019 234  1.3 5  6.6  77    0    0 300 -355  0
3797500 2746500 10 28  3  10.5 1019 220  1.1 5  6.5  80    0    0 298 -355  0
3797500 2746500 10 28  4   9.3 1019 182  1.1 2  6.3  83    0    0 283 -354  0
3797500 2746500 10 28  5  10.5 1019 189  0.9 4  6.4  85    0    0 279 -354  0
3797500 2746500 10 28  6  11.1 1019 173  1.1 5  6.9  86    0    0 296 -355  0
3797500 2746500 10 28  7  11.6 1019 175  1.2 8  7.0  84    0    0 316 -355  0
3797500 2746500 10 28  8  11.8 1018 183  1.4 8  7.1  84    0   10 332 -356  0
3797500 2746500 10 28  9  12.4 1018 194  1.3 7  7.4  84    0   27 329 -357  0
3797500 2746500 10 28 10  12.7 1018 223  2.4 8  7.8  86    0   31 332 -360  0
3797500 2746500 10 28 11  12.8 1018 240  2.2 7  8.2  89    0   88 334 -364  0
3797500 2746500 10 28 12  13.0 1017 242  2.0 8  8.3  90    0   70 336 -369  0
3797500 2746500 10 28 13  13.3 1017 230  2.4 8  8.4  89    0   36 344 -373  0
3797500 2746500 10 28 14  13.8 1016 230  3.2 8  8.6  89    0   54 349 -376  0
3797500 2746500 10 28 15  14.4 1015 228  3.0 8  8.8  88    0   52 355 -377  0
3797500 2746500 10 28 16  14.6 1015 229  3.0 8  9.0  88    0   30 362 -376  0
3797500 2746500 10 28 17  15.1 1014 231  3.4 8  9.1  87    0   17 367 -376  0
3797500 2746500 10 28 18  15.2 1013 232  3.3 8  9.2  85    0    0 371 -376  0
3797500 2746500 10 28 19  15.6 1013 221  3.7 8  9.1  83    0    0 373 -377  0
3797500 2746500 10 28 20  15.9 1013 240  3.4 8  9.0  80    0    0 375 -378  0
3797500 2746500 10 28 21  16.0 1013 240  3.4 8  8.9  79    0    0 377 -379  0
3797500 2746500 10 28 22  16.2 1012 240  4.7 8  8.9  78    0    0 380 -380  0
3797500 2746500 10 28 23  15.9 1012 240  4.4 8  9.0  79    0    0 381 -381  0
3797500 2746500 10 28 24  15.8 1011 239  4.6 8  9.1  81    0    0 381 -381  0
3797500 2746500 10 29  1  15.3 1011 249  4.7 8  9.3  84    0    0 381 -381  0
3797500 2746500 10 29  2  14.9 1010 249  4.6 8  9.6  89    0    0 381 -381  0
3797500 2746500 10 29  3  14.9 1010 249  4.4 8  9.9  93    0    0 380 -380  0
3797500 2746500 10 29  4  15.0 1010 251  4.2 8 10.3  96    0    0 380 -379  0
3797500 2746500 10 29  5  15.2 1010 249  4.1 8 10.4  96    0    0 380 -379  0
3797500 2746500 10 29  6  15.2 1010 257  3.2 8 10.4  96    0    0 380 -378  0
3797500 2746500 10 29  7  15.4 1010 266  2.7 8 10.5  96    0    0 381 -379  0
3797500 2746500 10 29  8  15.2 1010 259  3.1 8 10.2  93    0   11 381 -379  0
3797500 2746500 10 29  9  14.9 1010 281  2.8 7  9.7  90   16   55 373 -381  0
3797500 2746500 10 29 10  15.3 1011 281  3.0 7  9.2  85   21   97 365 -383  0
3797500 2746500 10 29 11  15.5 1011 289  3.7 7  8.5  77   42  123 365 -386  0
3797500 2746500 10 29 12  15.0 1011 297  3.2 6  7.8  72   54  137 358 -389  0
3797500 2746500 10 29 13  14.7 1012 317  3.9 6  7.4  70   73  132 352 -392  0
3797500 2746500 10 29 14  14.7 1012 322  3.3 6  7.1  68    9  110 351 -396  0
3797500 2746500 10 29 15  14.4 1013 312  2.8 7  7.0  67    0   65 355 -398  0
3797500 2746500 10 29 16  14.4 1013 307  3.3 5  7.0  68   47   53 348 -395  0
3797500 2746500 10 29 17  13.7 1014 284  3.2 6  6.9  69   27   20 339 -390  0
3797500 2746500 10 29 18  13.1 1015 315  2.1 6  6.8  72    0    0 340 -385  0
3797500 2746500 10 29 19  12.8 1015 329  2.5 5  7.0  75    0    0 330 -378  0
3797500 2746500 10 29 20  12.6 1016 320  2.5 5  7.1  77    0    0 321 -369  0
3797500 2746500 10 29 21  12.5 1016 321  2.1 6  7.0  78    0    0 324 -363  0
3797500 2746500 10 29 22  11.6 1017 302  2.2 5  7.0  80    0    0 323 -359  0
3797500 2746500 10 29 23  11.4 1017 308  1.8 5  7.1  84    0    0 315 -358  0
3797500 2746500 10 29 24  11.5 1017 323  1.6 7  7.3  87    0    0 328 -358  0
3797500 2746500 10 30  1  11.4 1017 279  1.5 7  7.3  87    0    0 338 -357  0
3797500 2746500 10 30  2  11.2 1018 274  1.3 7  7.2  87    0    0 335 -355  0
3797500 2746500 10 30  3  11.0 1018 336  1.3 7  7.2  87    0    0 332 -351  0
3797500 2746500 10 30  4  10.4 1018 327  0.9 7  7.0  88    0    0 331 -348  0
3797500 2746500 10 30  5   9.7 1017 213  0.6 6  7.0  91    0    0 324 -346  0
3797500 2746500 10 30  6   9.3 1017 279  0.8 7  6.9  94    0    0 322 -345  0
3797500 2746500 10 30  7   9.3 1017 224  0.9 8  6.9  95    0    0 334 -346  0
3797500 2746500 10 30  8   9.5 1017 196  1.0 8  6.9  95    0    8 342 -346  0
3797500 2746500 10 30  9  10.2 1017 194  1.1 8  7.0  93    1   55 344 -346  0
3797500 2746500 10 30 10  10.9 1016 224  1.7 8  7.2  91    4  100 345 -350  0
3797500 2746500 10 30 11  11.5 1016 204  2.4 7  7.4  90   18  153 341 -358  0
3797500 2746500 10 30 12  12.5 1016 213  3.2 7  7.3  84   16  166 338 -366  0
3797500 2746500 10 30 13  13.8 1015 222  2.7 6  7.1  75   60  196 338 -374  0
3797500 2746500 10 30 14  14.6 1014 214  2.6 5  7.1  70  163  167 335 -380  0
3797500 2746500 10 30 15  14.8 1013 214  2.8 2  6.9  66  137  132 320 -381  0
3797500 2746500 10 30 16  14.8 1012 222  1.9 1  6.7  64   84   90 305 -378  0
3797500 2746500 10 30 17  13.8 1011 222  1.7 4  6.8  66    0   12 315 -376  0
3797500 2746500 10 30 18  13.4 1011 233  1.8 5  6.8  70    0    0 333 -376  0
3797500 2746500 10 30 19  12.9 1011 213  1.2 5  6.8  72    0    0 338 -375  0
3797500 2746500 10 30 20  13.2 1010 192  1.5 6  6.7  72    0    0 343 -376  0
3797500 2746500 10 30 21  12.8 1010 191  1.4 7  6.7  72    0    0 351 -379  0
3797500 2746500 10 30 22  12.3 1009 172  1.6 5  6.7  74    0    0 343 -380  0
3797500 2746500 10 30 23  12.1 1009 190  1.5 5  6.6  74    0    0 332 -381  0
3797500 2746500 10 30 24  11.6 1008 200  1.4 3  6.5  75    0    0 323 -382  0
3797500 2746500 10 31  1  11.3 1007 195  1.8 3  6.5  77    0    0 315 -384  0
3797500 2746500 10 31  2  11.4 1007 211  1.9 3  6.4  76    0    0 314 -384  0
3797500 2746500 10 31  3  11.0 1006 201  1.9 3  6.2  74    0    0 312 -384  0
3797500 2746500 10 31  4  11.0 1005 204  2.2 5  6.1  74    0    0 316 -382  0
3797500 2746500 10 31  5  11.2 1004 194  2.6 5  6.1  73    0    0 321 -379  0
3797500 2746500 10 31  6  11.1 1003 192  2.3 5  6.0  72    0    0 319 -377  0
3797500 2746500 10 31  7  11.4 1002 211  2.8 4  6.0  71    0    0 315 -377  0
3797500 2746500 10 31  8  11.4 1001 222  2.8 5  5.9  69    0   11 315 -378  0
3797500 2746500 10 31  9  12.0 1001 220  3.3 5  6.0  69   40   55 320 -380  0
3797500 2746500 10 31 10  12.8 1001 222  4.5 7  6.4  71   15  100 328 -383  0
3797500 2746500 10 31 11  13.1 1000 221  4.7 8  6.9  73    3  111 338 -387  0
3797500 2746500 10 31 12  13.2  999 217  4.9 8  7.3  76    0  113 341 -393  0
3797500 2746500 10 31 13  13.6  998 239  5.1 8  7.8  80    0   42 345 -397  0
3797500 2746500 10 31 14  13.0  997 232  4.9 8  8.3  86    0   39 349 -398  0
3797500 2746500 10 31 15  12.7  997 242  3.8 7  8.6  91    0   68 348 -397  0
3797500 2746500 10 31 16  13.1  996 229  4.2 7  8.5  90   17   64 345 -395  0
3797500 2746500 10 31 17  13.0  996 258  2.9 7  8.4  88    0    6 346 -391  0
3797500 2746500 10 31 18  12.4  996 267  3.6 7  7.3  79    0    0 343 -385  0
3797500 2746500 10 31 19  12.3  997 248  5.4 7  6.4  70    0    0 339 -376  0
3797500 2746500 10 31 20  12.0  997 240  5.5 7  6.4  71    0    0 339 -366  0
3797500 2746500 10 31 21  12.0  997 238  4.9 6  6.5  73    0    0 334 -362  0
3797500 2746500 10 31 22  10.8  997 257  4.6 7  6.9  80    0    0 335 -361  0
3797500 2746500 10 31 23  10.1  998 303  3.8 8  6.8  85    0    0 345 -360  0
3797500 2746500 10 31 24   9.7 1000 308  3.1 4  6.2  81    0    0 325 -362  0
3797500 2746500 11  1  1   8.5 1002 292  1.3 2  5.3  75    0    0 279 -362  0
3797500 2746500 11  1  2   7.7 1002 268  1.8 2  5.2  76    0    0 270 -361  0
3797500 2746500 11  1  3   7.6 1003 264  2.4 4  5.0  76    0    0 277 -356  0
3797500 2746500 11  1  4   7.7 1003 277  2.6 4  4.8  73    0    0 285 -350  0
3797500 2746500 11  1  5   6.9 1004 258  3.4 2  4.7  73    0    0 271 -345  0
3797500 2746500 11  1  6   6.7 1004 260  3.5 3  4.7  76    0    0 260 -343  0
3797500 2746500 11  1  7   6.8 1004 268  3.2 5  4.6  75    0    0 271 -341  0
3797500 2746500 11  1  8   6.7 1005 268  4.3 5  4.5  74    2   10 278 -341  0
3797500 2746500 11  1  9   6.8 1006 266  3.5 3  4.5  72   66   40 264 -342  0
3797500 2746500 11  1 10   8.1 1007 280  5.0 6  4.3  67   32   97 271 -346  0
3797500 2746500 11  1 11   7.8 1008 328  5.7 8  4.4  66    0   57 299 -352  0
3797500 2746500 11  1 12   8.1 1009 333  4.5 7  4.5  67    0   91 303 -358  0
3797500 2746500 11  1 13   6.7 1010 333  6.5 7  4.2  66   12  132 294 -361  0
3797500 2746500 11  1 14   8.9 1010 345  5.7 4  4.0  61  189   99 278 -362  0
3797500 2746500 11  1 15   9.4 1011 323  4.6 3  3.8  52  122   84 263 -359  0
3797500 2746500 11  1 16   8.6 1012 324  5.5 5  3.5  50   92   51 266 -355  0
3797500 2746500 11  1 17   6.8 1013 340  5.5 5  3.6  56   20   15 271 -350  0
3797500 2746500 11  1 18   6.6 1014 321  3.4 5  3.7  61    0    0 268 -344  0
3797500 2746500 11  1 19   6.2 1015 315  3.5 2  3.7  61    0    0 253 -339  0
3797500 2746500 11  1 20   5.8 1016 315  3.0 2  3.6  63    0    0 238 -335  0
3797500 2746500 11  1 21   5.0 1017 329  2.3 1  3.8  68    0    0 232 -334  0
3797500 2746500 11  1 22   4.4 1018 313  1.8 0  3.8  72    0    0 222 -333  0
3797500 2746500 11  1 23   3.7 1019 315  1.5 0  3.7  74    0    0 216 -331  0
3797500 2746500 11  1 24   3.2 1020 268  1.3 0  3.7  77    0    0 214 -331  0
3797500 2746500 11  2  1   2.2 1020 324  0.8 0  3.8  83    0    0 214 -331  0
3797500 2746500 11  2  2   1.8 1021 249  1.2 0  3.9  88    0    0 212 -331  0
3797500 2746500 11  2  3   1.5 1021 248  1.5 1  3.8  90    0    0 216 -332  0
3797500 2746500 11  2  4   2.0 1021 243  1.4 2  3.8  88    0    0 224 -328  0
3797500 2746500 11  2  5   2.1 1022 241  1.7 4  3.7  86    0    0 235 -325  0
3797500 2746500 11  2  6   2.5 1022 254  1.4 6  3.8  85    0    0 248 -325  0
3797500 2746500 11  2  7   2.4 1021 232  1.7 6  3.8  84    0    0 255 -327  0
3797500 2746500 11  2  8   2.9 1021 237  1.6 5  3.9  85    2   11 254 -330  0
3797500 2746500 11  2  9   3.9 1022 244  2.9 4  4.0  84   13   55 250 -330  0
3797500 2746500 11  2 10   4.0 1022 221  2.2 4  4.2  85   51  115 248 -333  0
3797500 2746500 11  2 11   5.1 1022 275  2.2 5  4.4  85   49  150 254 -340  0
3797500 2746500 11  2 12   6.3 1022 256  3.5 4  4.6  81  105  179 258 -346  0
3797500 2746500 11  2 13   7.2 1022 282  3.2 5  4.6  76   56  170 261 -350  0
3797500 2746500 11  2 14   8.0 1021 297  3.0 6  4.6  72   41  146 271 -356  0
3797500 2746500 11  2 15   7.8 1021 284  2.1 2  4.5  69   88  120 263 -358  0
3797500 2746500 11  2 16   7.2 1020 296  2.3 4  4.5  71   54   74 256 -357  0
3797500 2746500 11  2 17   6.7 1020 308  3.3 5  4.4  71   10   17 268 -353  0
3797500 2746500 11  2 18   5.4 1021 286  1.7 4  4.2  73    0    0 266 -350  0
3797500 2746500 11  2 19   5.2 1021 285  1.6 5  4.3  79    0    0 265 -348  0
3797500 2746500 11  2 20   4.8 1021 240  1.7 4  4.4  81    0    0 265 -346  0
3797500 2746500 11  2 21   4.9 1021 260  1.4 2  4.4  82    0    0 251 -345  0
3797500 2746500 11  2 22   5.4 1021 257  1.9 5  4.4  82    0    0 256 -344  0
3797500 2746500 11  2 23   5.4 1021 250  1.3 5  4.6  82    0    0 271 -344  0
3797500 2746500 11  2 24   5.5 1021 253  1.4 6  4.6  84    0    0 277 -342  0
3797500 2746500 11  3  1   5.4 1022 295  1.0 8  4.7  85    0    0 290 -340  0
3797500 2746500 11  3  2   5.2 1022 273  0.7 7  4.8  87    0    0 296 -337  0
3797500 2746500 11  3  3   4.9 1022 301  1.1 6  4.8  89    0    0 287 -335  0
3797500 2746500 11  3  4   4.7 1022 274  1.0 8  4.8  90    0    0 291 -333  0
3797500 2746500 11  3  5   4.5 1022 292  0.7 7  4.8  92    0    0 296 -331  0
3797500 2746500 11  3  6   4.5 1022 291  0.8 6  4.8  92    0    0 287 -329  0
3797500 2746500 11  3  7   4.3 1022 288  0.9 8  4.8  93    0    0 291 -326  0
3797500 2746500 11  3  8   4.2 1023 254  0.8 7  4.8  94    0    7 294 -326  0
3797500 2746500 11  3  9   4.4 1023 281  0.8 7  4.9  95   13   54 289 -327  0
3797500 2746500 11  3 10   5.1 1024 185  0.8 5  5.0  96   89  105 282 -332  0
3797500 2746500 11  3 11   6.1 1024 276  1.4 5  5.0  89   51  146 276 -339  0
3797500 2746500 11  3 12   6.7 1024 271  1.3 6  4.8  82   16  148 282 -346  0
3797500 2746500 11  3 13   7.2 1024 255  1.9 7  5.0  81   17  147 291 -353  0
3797500 2746500 11  3 14   7.4 1023 250  2.3 8  5.0  80    4  111 300 -357  0
3797500 2746500 11  3 15   7.6 1023 237  2.3 8  5.2  81    3   83 303 -357  0
3797500 2746500 11  3 16   7.2 1023 238  2.0 8  5.4  85    0   36 302 -352  0
3797500 2746500 11  3 17   7.1 1023 224  1.8 8  5.6  89    0   10 301 -344  0
3797500 2746500 11  3 18   7.2 1023 249  1.8 7  5.6  90    0    0 296 -334  0
3797500 2746500 11  3 19   7.2 1023 248  1.5 8  5.6  89    0    0 295 -327  0
3797500 2746500 11  3 20   7.4 1023 247  2.0 8  5.6  88    0    0 298 -323  0
3797500 2746500 11  3 21   7.1 1023 259  1.8 7  5.6  90    0    0 295 -320  0
3797500 2746500 11  3 22   6.5 1023 264  1.4 6  5.5  91    0    0 287 -317  0
3797500 2746500 11  3 23   5.4 1024 263  1.2 6  5.4  94    0    0 281 -316  0
3797500 2746500 11  3 24   5.1 1024 323  0.8 6  5.4  99    0    0 280 -315  0
3797500 2746500 11  4  1   5.7 1024 352  1.8 6  5.4  99    0    0 282 -315  0
3797500 2746500 11  4  2   5.7 1024 336  1.3 7  5.5  97    0    0 287 -315  0
3797500 2746500 11  4  3   6.0 1024 256  1.3 5  5.6  98    0    0 284 -315  0
3797500 2746500 11  4  4   5.8 1024 238  1.4 8  5.6  98    0    0 290 -315  0
3797500 2746500 11  4  5   5.8 1024 234  1.3 7  5.5  96    0    0 299 -317  0
3797500 2746500 11  4  6   6.0 1024 224  1.9 8  5.5  96    0    0 300 -318  0
3797500 2746500 11  4  7   6.3 1025 234  1.6 6  5.5  95    0    0 296 -318  0
3797500 2746500 11  4  8   6.4 1025 241  1.6 7  5.5  94    0    2 290 -319  0
3797500 2746500 11  4  9   7.1 1025 233  1.4 6  5.7  94    3   45 291 -321  0
3797500 2746500 11  4 10   7.8 1025 244  1.7 6  6.0  94   21  102 288 -327  0
3797500 2746500 11  4 11   8.3 1025 246  2.0 6  6.2  94   23  134 290 -333  0
3797500 2746500 11  4 12   9.2 1025 256  2.7 6  6.3  90   84  165 291 -338  0
3797500 2746500 11  4 13  10.2 1025 253  3.4 6  6.1  82   52  159 293 -344  0
3797500 2746500 11  4 14  10.5 1024 278  5.5 6  5.8  75   26  133 295 -351  0
3797500 2746500 11  4 15  10.4 1024 266  2.9 6  5.5  71    7   91 297 -355  0
3797500 2746500 11  4 16  10.2 1024 259  2.5 7  5.5  72    0   32 303 -353  0
3797500 2746500 11  4 17  10.1 1024 259  2.3 8  5.7  74    0    3 313 -348  0
3797500 2746500 11  4 18   9.9 1024 260  1.9 8  5.8  77    0    0 316 -341  0
3797500 2746500 11  4 19   9.9 1024 250  2.9 8  5.8  77    0    0 315 -336  0
3797500 2746500 11  4 20   9.8 1023 249  3.0 8  5.7  76    0    0 315 -333  0
3797500 2746500 11  4 21   9.6 1023 240  3.3 8  5.7  76    0    0 317 -331  0
3797500 2746500 11  4 22   9.4 1023 249  3.3 8  5.7  78    0    0 318 -329  0
3797500 2746500 11  4 23   9.5 1023 241  3.3 8  5.7  79    0    0 318 -327  0
3797500 2746500 11  4 24   9.4 1022 252  3.4 8  5.8  80    0    0 319 -328  0
3797500 2746500 11  5  1   9.3 1022 252  2.7 7  6.0  83    0    0 318 -329  0
3797500 2746500 11  5  2   9.1 1022 245  3.0 7  6.2  86    0    0 316 -332  0
3797500 2746500 11  5  3   9.0 1022 252  3.0 7  6.4  89    0    0 318 -333  0
3797500 2746500 11  5  4   9.4 1021 251  3.2 8  6.5  90    0    0 325 -334  0
3797500 2746500 11  5  5   9.6 1021 243  3.4 7  6.5  89    0    0 327 -335  0
3797500 2746500 11  5  6   9.7 1021 251  4.6 8  6.6  89    0    0 327 -336  0
3797500 2746500 11  5  7   9.5 1020 227  4.1 8  6.6  89    0    0 330 -336  0
3797500 2746500 11  5  8   9.4 1020 251  4.6 8  6.5  89    0    4 328 -336  0
3797500 2746500 11  5  9   9.6 1020 251  4.0 8  6.6  89    0   28 328 -335  0
3797500 2746500 11  5 10   9.6 1020 241  3.9 7  6.6  90    0   54 323 -337  0
3797500 2746500 11  5 11  10.0 1020 242  3.5 8  6.7  89    0   39 322 -342  0
3797500 2746500 11  5 12  10.1 1021 250  4.2 8  6.8  89    0   48 325 -350  0
3797500 2746500 11  5 13  10.2 1020 251  4.6 7  6.8  88    0   59 319 -356  0
3797500 2746500 11  5 14  10.4 1020 251  3.9 7  6.8  88    0   44 314 -362  0
3797500 2746500 11  5 15  10.5 1020 241  3.6 7  6.9  87    0   33 313 -364  0
3797500 2746500 11  5 16  10.6 1019 244  3.2 8  6.8  86    0   43 314 -363  0
3797500 2746500 11  5 17  10.8 1020 248  2.8 8  6.9  86    0    2 316 -360  0
3797500 2746500 11  5 18  11.1 1020 251  2.7 8  7.0  87    0    0 314 -356  0
3797500 2746500 11  5 19  10.9 1020 250  2.6 8  7.0  86    0    0 313 -353  0
3797500 2746500 11  5 20  11.2 1020 252  3.0 8  6.9  85    0    0 314 -352  0
3797500 2746500 11  5 21  11.0 1020 261  3.3 7  6.9  84    0    0 312 -352  0
3797500 2746500 11  5 22  10.9 1020 251  3.0 7  6.9  85    0    0 310 -353  0
3797500 2746500 11  5 23  10.9 1020 250  3.2 7  7.0  87    0    0 311 -352  0
3797500 2746500 11  5 24  10.9 1020 252  3.6 7  7.0  87    0    0 314 -351  0
3797500 2746500 11  6  1  10.7 1020 257  3.2 7  6.9  86    0    0 315 -350  0
3797500 2746500 11  6  2  10.6 1020 246  2.7 6  6.9  86    0    0 310 -350  0
3797500 2746500 11  6  3  10.4 1020 242  2.8 6  6.8  87    0    0 305 -349  0
3797500 2746500 11  6  4  10.0 1020 242  2.6 6  6.8  88    0    0 303 -348  0
3797500 2746500 11  6  5   9.5 1020 241  2.7 7  6.7  90    0    0 306 -346  0
3797500 2746500 11  6  6   9.6 1020 234  2.8 7  6.7  91    0    0 308 -346  0
3797500 2746500 11  6  7   9.8 1020 238  2.9 8  6.7  90    0    0 313 -345  0
3797500 2746500 11  6  8   9.9 1020 233  2.7 8  6.7  90    0    3 320 -344  0
3797500 2746500 11  6  9  10.1 1020 240  2.6 7  6.7  89    0   34 312 -343  0
3797500 2746500 11  6 10  10.3 1021 243  2.9 7  6.7  87    2   83 305 -345  0
3797500 2746500 11  6 11  10.6 1021 238  3.3 7  6.7  85    0   97 303 -350  0
3797500 2746500 11  6 12  10.6 1021 239  3.8 7  6.6  84    0   85 302 -358  0
3797500 2746500 11  6 13  11.1 1020 239  3.2 7  6.7  83    0   84 302 -366  0
3797500 2746500 11  6 14  11.0 1020 238  3.6 7  6.7  82    0   75 302 -371  0
3797500 2746500 11  6 15  11.0 1020 239  3.0 8  6.6  81    0   49 309 -372  0
3797500 2746500 11  6 16  10.9 1020 239  2.6 8  6.6  81    0   25 317 -369  0
3797500 2746500 11  6 17  10.5 1020 230  3.0 8  6.5  81    0    3 318 -363  0
3797500 2746500 11  6 18  10.6 1020 232  3.1 8  6.4  81    0    0 319 -356  0
3797500 2746500 11  6 19  10.2 1020 232  2.8 8  6.2  80    0    0 318 -351  0
3797500 2746500 11  6 20  10.0 1020 232  2.7 8  6.1  80    0    0 315 -348  0
3797500 2746500 11  6 21  10.0 1020 233  2.3 8  6.1  80    0    0 312 -345  0
3797500 2746500 11  6 22   9.9 1020 216  1.5 7  6.0  80    0    0 304 -343  0
3797500 2746500 11  6 23   9.7 1020 214  1.3 7  6.1  81    0    0 296 -342  0
3797500 2746500 11  6 24   9.8 1020 205  1.1 7  6.1  81    0    0 295 -341  0
3797500 2746500 11  7  1   9.7 1020 215  1.6 7  6.1  82    0    0 294 -341  0
3797500 2746500 11  7  2   9.7 1020 218  1.4 6  6.1  82    0    0 289 -340  0
3797500 2746500 11  7  3   9.7 1019 232  1.7 6  6.0  81    0    0 285 -341  0
3797500 2746500 11  7  4   9.4 1019 240  1.4 6  5.9  80    0    0 284 -343  0
3797500 2746500 11  7  5   9.1 1019 230  1.5 6  5.7  80    0    0 281 -344  0
3797500 2746500 11  7  6   9.0 1018 222  1.1 7  5.6  79    0    0 282 -346  0
3797500 2746500 11  7  7   8.7 1018 225  1.8 7  5.7  80    0    0 284 -348  0
3797500 2746500 11  7  8   7.7 1018 206  1.4 6  5.7  84    0    6 279 -350  0
3797500 2746500 11  7  9   7.8 1018 199  1.7 5  5.6  86   18   53 271 -354  0
3797500 2746500 11  7 10   8.1 1018 189  1.7 3  5.6  84   87  100 265 -357  0
3797500 2746500 11  7 11   9.1 1017 177  1.7 2  5.6  81  155  126 259 -363  0
3797500 2746500 11  7 12  10.5 1017 165  1.6 2  5.8  77  208  133 260 -373  0
3797500 2746500 11  7 13  11.2 1017 157  1.5 3  5.8  72  232  123 266 -381  0
3797500 2746500 11  7 14  11.7 1016 166  1.3 4  5.7  68  174  124 273 -387  0
3797500 2746500 11  7 15  11.9 1015 185  0.8 5  5.6  65   85  108 280 -390  0
3797500 2746500 11  7 16  11.4 1015 195  0.9 6  5.4  64   29   61 286 -388  0
3797500 2746500 11  7 17  10.1 1014 203  1.5 6  5.4  67    1   13 287 -382  0
3797500 2746500 11  7 18   8.8 1014 182  1.8 6  5.4  74    0    0 285 -377  0
3797500 2746500 11  7 19   8.6 1014 181  2.7 6  5.4  77    0    0 282 -373  0
3797500 2746500 11  7 20   8.2 1013 181  2.7 6  5.2  76    0    0 282 -371  0
3797500 2746500 11  7 21   7.6 1013 181  2.4 5  5.1  77    0    0 276 -370  0
3797500 2746500 11  7 22   7.9 1013 212  2.0 4  4.9  75    0    0 269 -368  0
3797500 2746500 11  7 23   8.0 1013 194  2.4 4  4.8  72    0    0 267 -366  0
3797500 2746500 11  7 24   7.6 1013 212  1.6 5  4.9  74    0    0 273 -366  0
3797500 2746500 11  8  1   6.7 1012 222  1.9 6  4.8  77    0    0 278 -365  0
3797500 2746500 11  8  2   6.6 1013 223  2.2 6  4.8  79    0    0 280 -366  0
3797500 2746500 11  8  3   6.0 1013 211  1.9 6  4.8  80    0    0 282 -367  0
3797500 2746500 11  8  4   5.5 1013 210  2.1 6  4.8  84    0    0 285 -368  0
3797500 2746500 11  8  5   5.5 1013 217  3.0 6  4.8  85    0    0 288 -368  0
3797500 2746500 11  8  6   4.9 1013 218  3.7 5  4.7  86    0    0 288 -367  0
3797500 2746500 11  8  7   5.4 1013 229  4.1 5  4.7  86    0    0 288 -367  0
3797500 2746500 11  8  8   5.2 1013 239  3.2 5  4.7  85    0    6 292 -368  0
3797500 2746500 11  8  9   5.4 1014 239  3.0 6  4.8  87    1   44 300 -370  0
3797500 2746500 11  8 10   5.7 1014 239  3.4 7  4.9  87    0   75 310 -372  0
3797500 2746500 11  8 11   5.7 1014 228  4.9 8  4.9  86    0   65 321 -375  0
3797500 2746500 11  8 12   5.7 1014 228  4.3 8  4.9  87    0   69 326 -378  0
3797500 2746500 11  8 13   7.9 1014 228  3.9 8  5.1  84    0   70 330 -382  0
3797500 2746500 11  8 14   9.0 1014 218  4.2 5  5.5  80   15  149 323 -386  0
3797500 2746500 11  8 15   9.6 1013 228  4.6 6  5.9  81   15  120 317 -388  0
3797500 2746500 11  8 16  10.0 1013 227  4.8 7  6.1  81    2   50 327 -387  0
3797500 2746500 11  8 17   9.8 1013 227  4.6 7  6.2  81    0    7 332 -386  0
3797500 2746500 11  8 18  10.1 1013 229  5.0 7  6.2  81    0    0 332 -384  0
3797500 2746500 11  8 19  10.1 1013 230  4.8 8  6.3  82    0    0 338 -383  0
3797500 2746500 11  8 20  10.6 1013 226  4.0 8  6.5  82    0    0 346 -383  0
3797500 2746500 11  8 21  10.3 1013 230  3.4 8  6.8  86    0    0 348 -384  0
3797500 2746500 11  8 22  10.5 1013 228  4.5 8  7.0  90    0    0 349 -383  0
3797500 2746500 11  8 23  11.4 1013 235  4.0 8  7.3  90    0    0 351 -380  0
3797500 2746500 11  8 24  11.4 1013 228  4.0 8  7.6  90    0    0 353 -377  0
3797500 2746500 11  9  1  11.7 1013 236  3.2 8  7.7  91    0    0 355 -376  0
3797500 2746500 11  9  2  11.9 1012 242  3.4 8  8.0  92    0    0 357 -375  0
3797500 2746500 11  9  3  11.9 1012 282  1.9 8  8.1  93    0    0 357 -373  0
3797500 2746500 11  9  4  11.3 1012 256  1.8 8  7.8  92    0    0 356 -370  0
3797500 2746500 11  9  5  11.2 1013 295  2.0 8  7.4  89    0    0 352 -366  0
3797500 2746500 11  9  6  10.4 1013 267  2.0 7  7.1  88    0    0 342 -361  0
3797500 2746500 11  9  7   9.5 1014 254  2.5 5  6.9  90    0    0 317 -354  0
3797500 2746500 11  9  8   9.1 1015 266  2.2 3  6.7  92    0    7 286 -350  0
3797500 2746500 11  9  9   9.4 1016 255  2.1 2  6.6  91   60   17 266 -349  0
3797500 2746500 11  9 10   9.7 1017 256  2.5 3  6.6  89  118   31 269 -353  0
3797500 2746500 11  9 11  10.7 1018 283  2.5 3  6.3  81  184   37 280 -358  0
3797500 2746500 11  9 12  10.6 1019 288  3.6 6  5.8  73   12  109 300 -362  0
3797500 2746500 11  9 13  10.0 1019 293  3.2 5  5.4  70   53  106 308 -365  0
3797500 2746500 11  9 14   9.4 1020 291  3.2 6  5.3  71   21   98 305 -367  0
3797500 2746500 11  9 15   9.7 1020 295  2.3 6  5.5  75   33   68 309 -366  0
3797500 2746500 11  9 16   9.7 1021 314  2.2 4  5.5  74   56   25 300 -362  0
3797500 2746500 11  9 17   8.6 1021 302  0.6 4  5.3  74   13    8 288 -355  0
3797500 2746500 11  9 18   8.6 1022 289  2.6 5  5.1  74    0    0 290 -348  0
3797500 2746500 11  9 19   8.6 1023 309  2.2 4  4.9  72    0    0 287 -343  0
3797500 2746500 11  9 20   8.0 1024 284  1.4 3  4.8  71    0    0 273 -340  0
3797500 2746500 11  9 21   7.1 1024 267  1.5 2  4.8  74    0    0 260 -337  0
3797500 2746500 11  9 22   6.6 1025 269  1.5 2  4.8  79    0    0 253 -335  0
3797500 2746500 11  9 23   6.6 1025 273  1.2 2  4.8  80    0    0 251 -333  0
3797500 2746500 11  9 24   6.5 1026 270  1.3 4  4.8  81    0    0 259 -331  0
3797500 2746500 11 10  1   6.1 1026 270  1.1 2  4.8  82    0    0 257 -330  0
3797500 2746500 11 10  2   5.8 1027 273  1.1 2  4.8  83    0    0 243 -328  0
3797500 2746500 11 10  3   5.5 1027 260  1.2 4  4.7  84    0    0 250 -327  0
3797500 2746500 11 10  4   5.1 1028 232  1.1 6  4.6  85    0    0 267 -326  0
3797500 2746500 11 10  5   4.9 1028 223  1.0 5  4.6  86    0    0 269 -325  0
3797500 2746500 11 10  6   4.6 1029 218  1.2 2  4.5  86    0    0 246 -324  0
3797500 2746500 11 10  7   4.3 1029 225  0.8 2  4.5  87    0    0 226 -323  0
3797500 2746500 11 10  8   3.9 1029 196  1.0 2  4.5  89    0    2 223 -322  0
3797500 2746500 11 10  9   4.4 1029 188  1.1 4  4.6  92    1   35 231 -322  0
3797500 2746500 11 10 10   5.4 1030 191  1.2 5  4.8  91   32   94 250 -325  0
3797500 2746500 11 10 11   6.9 1030 195  1.9 5  5.2  89   69  131 258 -332  0
3797500 2746500 11 10 12   8.1 1030 179  2.5 6  5.3  84   95  151 266 -341  0
3797500 2746500 11 10 13   8.4 1029 170  2.7 4  5.4  81  154  142 262 -348  0
3797500 2746500 11 10 14   9.0 1029 177  2.3 4  5.4  78  144  124 256 -352  0
3797500 2746500 11 10 15   9.0 1028 164  2.3 5  5.3  76   79   99 260 -353  0
3797500 2746500 11 10 16   8.4 1027 170  2.2 8  5.3  76   33   56 276 -350  0
3797500 2746500 11 10 17   7.2 1026 147  2.3 6  5.1  79    0   11 278 -344  0
3797500 2746500 11 10 18   7.5 1025 161  3.1 6  5.0  79    0    0 271 -339  0
3797500 2746500 11 10 19   7.6 1024 172  3.3 5  4.7  73    0    0 267 -335  0
3797500 2746500 11 10 20   7.8 1023 173  2.2 5  4.5  69    0    0 265 -332  0
3797500 2746500 11 10 21   7.7 1023 173  2.0 7  4.4  68    0    0 276 -332  0
3797500 2746500 11 10 22   7.3 1022 173  3.0 6  4.4  68    0    0 282 -332  0
3797500 2746500 11 10 23   7.1 1021 173  2.6 6  4.4  70    0    0 282 -332  0
3797500 2746500 11 10 24   7.0 1020 181  2.1 6  4.4  71    0    0 285 -332  0
3797500 2746500 11 11  1   7.1 1019 181  2.1 8  4.4  70    0    0 297 -332  0
3797500 2746500 11 11  2   7.0 1017 191  2.1 8  4.3  69    0    0 309 -332  0
3797500 2746500 11 11  3   6.9 1015 193  2.0 8  4.2  68    0    0 313 -333  0
3797500 2746500 11 11  4   7.1 1014 199  1.6 4  4.2  68    0    0 301 -334  0
3797500 2746500 11 11  5   7.2 1013 187  2.8 6  4.2  67    0    0 298 -337  0
3797500 2746500 11 11  6   6.5 1012 215  2.7 8  4.4  72    0    0 320 -342  0
3797500 2746500 11 11  7   6.5 1011 205  3.1 8  4.8  80    0    0 332 -345  0
3797500 2746500 11 11  8   6.4 1009 214  3.4 8  5.1  85    0    0 335 -346  0
3797500 2746500 11 11  9   7.2 1009 208  2.8 8  5.4  87    0   11 340 -348  0
3797500 2746500 11 11 10   7.9 1008 219  3.0 8  5.8  89    0   24 344 -351  0
3797500 2746500 11 11 11   8.5 1008 229  3.0 7  6.3  93    0   77 342 -355  0
3797500 2746500 11 11 12   9.1 1008 251  4.1 8  6.7  95    0   68 346 -358  0
3797500 2746500 11 11 13   9.9 1008 239  4.1 8  7.1  95    0   43 354 -360  0
3797500 2746500 11 11 14  10.6 1007 253  4.2 8  7.4  94    0   45 355 -362  0
3797500 2746500 11 11 15  11.1 1007 257  3.8 8  6.8  84    0   43 355 -362  0
3797500 2746500 11 11 16  10.2 1007 258  3.8 7  5.9  73   10   36 342 -361  0
3797500 2746500 11 11 17   9.9 1007 243  3.8 7  5.5  72    0    7 330 -360  0
3797500 2746500 11 11 18   9.8 1007 247  4.5 8  5.5  72    0    0 334 -357  0
3797500 2746500 11 11 19   9.4 1007 238  4.5 8  5.4  72    0    0 335 -353  0
3797500 2746500 11 11 20   9.4 1007 239  3.9 8  5.4  73    0    0 331 -347  0
3797500 2746500 11 11 21   9.2 1006 240  4.7 8  5.4  74    0    0 329 -343  0
3797500 2746500 11 11 22   9.6 1005 238  4.8 7  5.5  75    0    0 322 -343  0
3797500 2746500 11 11 23   9.4 1005 240  5.0 7  5.6  76    0    0 316 -343  0
3797500 2746500 11 11 24   8.3 1004 242  5.4 6  5.6  78    0    0 308 -343  0
3797500 2746500 11 12  1   6.9 1004 308  3.1 6  5.4  83    0    0 299 -344  0
3797500 2746500 11 12  2   6.7 1004 251  2.5 7  5.5  88    0    0 304 -343  0
3797500 2746500 11 12  3   7.1 1004 270  2.7 8  5.5  87    0    0 316 -342  0
3797500 2746500 11 12  4   7.4 1004 269  3.9 8  5.4  84    0    0 322 -343  0
3797500 2746500 11 12  5   7.1 1004 257  3.4 7  5.4  84    0    0 314 -344  0
3797500 2746500 11 12  6   7.0 1005 268  1.9 7  5.3  84    0    0 307 -343  0
3797500 2746500 11 12  7   6.6 1005 260  3.0 7  5.2  85    0    0 307 -341  0
3797500 2746500 11 12  8   6.6 1006 268  2.4 6  5.3  86    0    3 299 -339  0
3797500 2746500 11 12  9   6.6 1006 268  2.4 6  5.3  87    2   35 293 -339  0
3797500 2746500 11 12 10   6.9 1007 267  2.6 6  5.4  87    4   75 293 -341  0
3797500 2746500 11 12 11   7.7 1007 272  3.4 7  5.4  84    1   87 301 -346  0
3797500 2746500 11 12 12   8.4 1008 280  2.7 6  5.3  79   19  138 302 -352  0
3797500 2746500 11 12 13   7.1 1008 283  3.8 7  5.3  80   16  137 300 -356  0
3797500 2746500 11 12 14   8.3 1008 300  1.9 5  5.3  81  100  138 294 -359  0
3797500 2746500 11 12 15   8.0 1008 269  1.7 5  5.4  79   62  106 286 -361  0
3797500 2746500 11 12 16   7.5 1008 273  2.2 6  5.2  79   28   58 293 -359  0
3797500 2746500 11 12 17   7.6 1009 273  1.9 7  5.1  78    0   10 304 -356  0
3797500 2746500 11 12 18   7.4 1009 270  1.9 7  5.2  81    0    0 311 -353  0
3797500 2746500 11 12 19   6.7 1010 269  1.4 7  5.2  83    0    0 309 -351  0
3797500 2746500 11 12 20   7.1 1010 258  2.2 7  5.2  84    0    0 311 -350  0
3797500 2746500 11 12 21   7.0 1010 259  2.3 7  5.4  85    0    0 312 -349  0
3797500 2746500 11 12 22   7.0 1010 249  2.2 8  5.4  87    0    0 318 -347  0
3797500 2746500 11 12 23   6.6 1010 229  2.0 7  5.4  88    0    0 317 -346  0
3797500 2746500 11 12 24   5.9 1010 220  2.8 6  5.3  90    0    0 306 -346  0
3797500 2746500 11 13  1   6.1 1009 227  3.1 7  5.2  90    0    0 304 -347  0
3797500 2746500 11 13  2   6.5 1009 219  3.3 7  5.3  89    0    0 310 -348  0
3797500 2746500 11 13  3   6.9 1008 219  2.8 8  5.5  89    0    0 319 -349  0
3797500 2746500 11 13  4   7.2 1007 210  2.4 8  5.6  88    0    0 329 -350  0
3797500 2746500 11 13  5   7.9 1006 220  3.2 8  5.6  86    0    0 333 -351  0
3797500 2746500 11 13  6   8.3 1005 220  4.2 8  5.6  83    0    0 338 -353  0
3797500 2746500 11 13  7   8.6 1004 220  4.3 8  5.8  83    0    0 343 -355  0
3797500 2746500 11 13  8   8.3 1003 219  4.1 8  6.1  88    0    0 346 -357  0
3797500 2746500 11 13  9   8.9 1002 219  5.1 8  6.5  93    0   10 350 -358  0
3797500 2746500 11 13 10   9.3 1001 230  5.6 8  6.9  95    0   24 353 -361  0
3797500 2746500 11 13 11   9.6 1000 227  5.8 7  7.2  96    0   49 349 -364  0
3797500 2746500 11 13 12   9.9 1000 224  5.9 7  7.4  96    0   51 345 -367  0
3797500 2746500 11 13 13  10.4  999 238  5.3 7  7.6  97    0   43 345 -370  0
3797500 2746500 11 13 14  10.9  999 244  5.4 7  7.9  97    0   45 347 -372  0
3797500 2746500 11 13 15  11.2  998 233  5.0 8  8.1  97    0   33 356 -374  0
3797500 2746500 11 13 16  11.7  998 240  5.9 8  8.1  94    0   15 363 -375  0
3797500 2746500 11 13 17  11.9  998 241  4.8 7  8.0  91    0    2 355 -375  0
3797500 2746500 11 13 18  12.1  998 243  3.9 7  8.0  90    0    0 346 -373  0
3797500 2746500 11 13 19  12.3  999 286  3.3 7  7.9  88    0    0 347 -372  0
3797500 2746500 11 13 20  12.1 1000 253  2.6 7  7.8  87    0    0 346 -372  0
3797500 2746500 11 13 21  11.7 1000 251  2.2 7  7.6  86    0    0 344 -371  0
3797500 2746500 11 13 22  11.3 1000 240  2.2 6  7.5  88    0    0 335 -370  0
3797500 2746500 11 13 23  11.5 1001 236  2.0 7  7.5  88    0    0 334 -369  0
3797500 2746500 11 13 24  11.6 1001 223  2.1 7  7.5  87    0    0 342 -369  0
3797500 2746500 11 14  1  11.7 1001 235  3.2 6  7.6  87    0    0 335 -368  0
3797500 2746500 11 14  2  11.6 1001 230  3.5 6  7.6  88    0    0 329 -367  0
3797500 2746500 11 14  3  11.8 1001 230  2.5 7  7.6  88    0    0 336 -367  0
3797500 2746500 11 14  4  12.0 1001 239  3.5 6  7.5  85    0    0 336 -367  0
3797500 2746500 11 14  5  11.9 1001 249  3.8 6  7.3  82    0    0 329 -369  0
3797500 2746500 11 14  6  11.6 1001 240  3.3 7  7.1  82    0    0 336 -370  0
3797500 2746500 11 14  7  11.4 1001 240  3.8 7  7.0  82    0    0 342 -371  0
3797500 2746500 11 14  8  10.9 1001 239  3.0 7  6.9  83    0    0 342 -371  0
3797500 2746500 11 14  9  11.5 1002 228  3.0 7  6.9  83    0   15 343 -372  0
3797500 2746500 11 14 10  12.1 1002 219  2.9 6  7.2  82    5   61 339 -373  0
3797500 2746500 11 14 11  12.5 1002 228  3.1 7  7.6  84    3   85 343 -374  0
3797500 2746500 11 14 12  12.5 1002 229  2.7 8  7.9  86    0   55 356 -375  0
3797500 2746500 11 14 13  12.9 1003 237  2.6 8  8.2  88    0   58 364 -375  0
3797500 2746500 11 14 14  12.7 1003 228  2.1 8  8.3  89    0   34 364 -376  0
3797500 2746500 11 14 15  13.0 1003 229  2.7 8  8.5  91    0   28 365 -376  0
3797500 2746500 11 14 16  13.0 1003 238  3.5 7  8.6  91    0   18 359 -375  0
3797500 2746500 11 14 17  12.9 1003 229  2.9 7  8.5  90    0    0 352 -375  0
3797500 2746500 11 14 18  13.2 1003 228  3.4 7  8.5  90    0    0 353 -373  0
3797500 2746500 11 14 19  12.9 1004 226  4.4 8  8.7  92    0    0 358 -372  0
3797500 2746500 11 14 20  13.2 1004 229  4.6 8  8.7  92    0    0 363 -371  0
3797500 2746500 11 14 21  13.1 1004 234  4.2 8  8.6  90    0    0 364 -370  0
3797500 2746500 11 14 22  13.1 1004 231  4.3 8  8.4  88    0    0 362 -369  0
3797500 2746500 11 14 23  13.1 1005 221  4.5 8  8.0  84    0    0 360 -368  0
3797500 2746500 11 14 24  13.0 1005 229  4.4 7  7.9  83    0    0 352 -367  0
3797500 2746500 11 15  1  13.1 1005 230  5.1 7  7.8  83    0    0 344 -367  0
3797500 2746500 11 15  2  12.5 1005 222  4.1 7  7.7  83    0    0 341 -366  0
3797500 2746500 11 15  3  12.5 1006 212  4.0 7  7.7  84    0    0 339 -366  0
3797500 2746500 11 15  4  12.6 1006 222  3.8 8  7.6  84    0    0 343 -365  0
3797500 2746500 11 15  5  12.9 1006 224  3.7 8  7.7  83    0    0 349 -364  0
3797500 2746500 11 15  6  12.9 1006 223  3.1 8  7.9  84    0    0 349 -363  0
3797500 2746500 11 15  7  12.5 1006 186  2.9 7  7.9  86    0    0 343 -362  0
3797500 2746500 11 15  8  12.2 1006 175  3.3 7  8.0  88    0    0 337 -361  0
3797500 2746500 11 15  9  12.4 1006 185  2.9 6  8.0  89    0   22 331 -360  0
3797500 2746500 11 15 10  13.6 1006 187  2.8 5  8.0  85   34   93 324 -362  0
3797500 2746500 11 15 11  14.2 1006 185  3.8 3  8.0  80   70  134 312 -367  0
3797500 2746500 11 15 12  14.4 1006 185  3.8 4  8.1  79   50  152 309 -372  0
3797500 2746500 11 15 13  15.4 1006 185  4.3 3  8.2  77  129  151 310 -378  0
3797500 2746500 11 15 14  15.4 1005 175  4.2 3  8.2  74  120  133 307 -383  0
3797500 2746500 11 15 15  14.6 1004 174  4.0 5  8.1  75   60  102 313 -385  0
3797500 2746500 11 15 16  14.2 1004 173  3.7 6  8.1  78   33   55 319 -386  0
3797500 2746500 11 15 17  13.5 1003 173  3.4 6  8.0  80    2   10 319 -385  0
3797500 2746500 11 15 18  13.3 1003 174  3.1 5  7.7  80    0    0 314 -382  0
3797500 2746500 11 15 19  13.2 1003 173  3.6 4  7.5  78    0    0 308 -380  0
3797500 2746500 11 15 20  13.4 1002 173  4.1 4  7.4  77    0    0 304 -378  0
3797500 2746500 11 15 21  13.2 1002 173  4.4 3  7.3  76    0    0 300 -375  0
3797500 2746500 11 15 22  13.4 1001 173  4.3 2  7.2  75    0    0 292 -374  0
3797500 2746500 11 15 23  13.2 1001 171  3.7 1  7.2  75    0    0 285 -373  0
3797500 2746500 11 15 24  13.5 1001 175  4.6 1  7.3  76    0    0 282 -372  0
3797500 2746500 11 16  1  13.4 1000 174  3.0 1  7.4  76    0    0 284 -371  0
3797500 2746500 11 16  2  13.3 1000 172  4.0 2  7.3  75    0    0 288 -370  0
3797500 2746500 11 16  3  13.5 1000 171  4.0 1  7.2  74    0    0 288 -369  0
3797500 2746500 11 16  4  13.3  999 171  3.7 0  7.2  74    0    0 282 -368  0
3797500 2746500 11 16  5  13.2  999 170  4.0 0  7.3  75    0    0 279 -368  0
3797500 2746500 11 16  6  13.5  999 170  4.2 0  7.4  76    0    0 278 -368  0
3797500 2746500 11 16  7  13.5  998 171  4.1 1  7.5  76    0    0 282 -367  0
3797500 2746500 11 16  8  13.8  998 172  4.8 1  7.4  75    0    0 284 -367  0
3797500 2746500 11 16  9  13.9  998 172  4.6 2  7.3  73   13   34 287 -367  0
3797500 2746500 11 16 10  15.1  998 173  4.7 3  7.3  70   78   77 293 -369  0
3797500 2746500 11 16 11  15.7  998 171  4.9 3  7.3  66  141  102 298 -373  0
3797500 2746500 11 16 12  16.4  998 180  4.8 4  7.4  64  178  115 302 -379  0
3797500 2746500 11 16 13  17.1  998 170  5.2 3  7.6  63  196  113 306 -386  0
3797500 2746500 11 16 14  17.4  997 169  4.8 3  7.7  61  165  106 307 -391  0
3797500 2746500 11 16 15  17.3  997 165  4.7 5  7.6  61   76   90 315 -392  0
3797500 2746500 11 16 16  17.4  996 166  4.2 5  7.6  60   41   49 324 -391  0
3797500 2746500 11 16 17  16.9  996 165  3.8 5  7.6  61    0   10 327 -388  0
3797500 2746500 11 16 18  16.7  996 156  4.0 6  7.6  62    0    0 332 -385  0
3797500 2746500 11 16 19  16.9  996 169  4.2 7  7.5  62    0    0 340 -384  0
3797500 2746500 11 16 20  17.2  996 170  4.1 7  7.5  61    0    0 346 -385  0
3797500 2746500 11 16 21  16.3  996 171  3.7 7  7.6  63    0    0 347 -386  0
3797500 2746500 11 16 22  16.6  996 173  3.8 8  7.9  66    0    0 353 -387  0
3797500 2746500 11 16 23  16.7  996 193  3.6 8  7.9  65    0    0 359 -389  0
3797500 2746500 11 16 24  16.3  996 203  3.7 8  8.0  67    0    0 361 -390  0
3797500 2746500 11 17  1  15.8  996 212  3.8 7  8.2  71    0    0 357 -390  0
3797500 2746500 11 17  2  15.5  997 183  3.6 8  8.1  72    0    0 357 -389  0
3797500 2746500 11 17  3  14.6  997 231  4.1 8  8.2  76    0    0 359 -386  0
3797500 2746500 11 17  4  13.1  997 231  2.6 8  8.3  83    0    0 356 -382  0
3797500 2746500 11 17  5  12.2  998 201  2.3 8  8.2  88    0    0 353 -380  0
3797500 2746500 11 17  6  11.7  998 211  2.2 8  8.2  93    0    0 352 -378  0
3797500 2746500 11 17  7  11.5  999 180  2.1 8  8.2  95    0    0 351 -377  0
3797500 2746500 11 17  8  11.3  999 173  3.5 8  8.2  96    0    0 350 -377  0
3797500 2746500 11 17  9  11.9  999 170  3.3 8  8.1  94    0   16 349 -377  0
3797500 2746500 11 17 10  11.6 1000 170  3.7 7  8.0  91    0   36 344 -376  0
3797500 2746500 11 17 11  12.0 1001 187  2.6 7  7.8  89    1   81 337 -374  0
3797500 2746500 11 17 12  12.2 1001 198  3.4 6  7.8  87    3  103 332 -372  0
3797500 2746500 11 17 13  12.5 1002 207  3.5 6  7.8  86   22  138 328 -373  0
3797500 2746500 11 17 14  12.9 1002 205  3.6 4  7.6  82  122  134 320 -375  0
3797500 2746500 11 17 15  13.4 1003 167  3.9 2  7.3  77   98  101 304 -374  0
3797500 2746500 11 17 16  12.7 1002 164  3.4 3  7.2  76   28   53 298 -373  0
3797500 2746500 11 17 17  12.0 1002 164  3.7 3  7.0  77    0    4 298 -372  0
3797500 2746500 11 17 18  11.8 1002 171  3.5 3  6.8  77    0    0 295 -369  0
3797500 2746500 11 17 19  11.5 1002 164  3.9 2  6.6  77    0    0 288 -368  0
3797500 2746500 11 17 20  11.6 1002 171  3.7 1  6.6  77    0    0 275 -369  0
3797500 2746500 11 17 21  11.1 1002 170  4.4 0  6.5  77    0    0 262 -368  0
3797500 2746500 11 17 22  10.9 1002 170  4.1 0  6.4  77    0    0 253 -367  0
3797500 2746500 11 17 23  10.9 1002 168  4.0 0  6.4  77    0    0 251 -366  0
3797500 2746500 11 17 24  10.5 1002 171  4.8 0  6.3  78    0    0 246 -366  0
3797500 2746500 11 18  1  10.4 1002 171  3.9 0  6.3  79    0    0 241 -365  0
3797500 2746500 11 18  2  10.4 1002 174  4.0 0  6.2  78    0    0 244 -364  0
3797500 2746500 11 18  3  10.3 1002 170  4.3 1  6.2  78    0    0 255 -362  0
3797500 2746500 11 18  4  10.5 1002 174  3.8 4  6.2  78    0    0 279 -360  0
3797500 2746500 11 18  5  10.4 1002 173  4.2 4  6.2  78    0    0 297 -359  0
3797500 2746500 11 18  6  10.4 1002 172  4.4 3  6.2  78    0    0 290 -357  0
3797500 2746500 11 18  7  10.5 1003 191  3.2 6  6.2  77    0    0 299 -355  0
3797500 2746500 11 18  8  10.8 1003 211  3.0 7  6.1  76    0    0 323 -354  0
3797500 2746500 11 18  9  10.5 1004 203  2.3 7  6.2  77    0    3 328 -354  0
3797500 2746500 11 18 10  10.6 1005 211  2.7 8  6.4  80    0   25 334 -355  0
3797500 2746500 11 18 11  10.2 1006 260  2.7 7  6.4  81    0   62 333 -358  0
3797500 2746500 11 18 12   9.4 1007 239  3.0 8  6.3  83    0   68 331 -361  0
3797500 2746500 11 18 13   9.1 1008 215  2.7 8  6.1  84    0   63 332 -362  0
3797500 2746500 11 18 14  10.2 1009 219  2.0 6  6.0  80   35  117 321 -364  0
3797500 2746500 11 18 15  10.9 1010 216  2.0 3  5.7  71  113   75 296 -365  0
3797500 2746500 11 18 16   9.9 1010 208  1.1 3  5.4  69   43   43 279 -363  0
3797500 2746500 11 18 17   8.3 1011 180  1.2 3  5.3  73    0    8 276 -360  0
3797500 2746500 11 18 18   7.6 1012 181  1.6 2  5.1  77    0    0 269 -355  0
3797500 2746500 11 18 19   7.6 1012 180  1.4 2  5.2  80    0    0 264 -351  0
3797500 2746500 11 18 20   7.5 1013 193  1.3 2  5.3  81    0    0 263 -349  0
3797500 2746500 11 18 21   7.7 1013 191  0.6 2  5.2  80    0    0 263 -347  0
3797500 2746500 11 18 22   7.2 1014 184  1.2 1  5.2  80    0    0 257 -346  0
3797500 2746500 11 18 23   7.2 1014 183  0.8 1  5.2  82    0    0 251 -345  0
3797500 2746500 11 18 24   7.2 1014 184  1.0 5  5.2  82    0    0 267 -344  0
3797500 2746500 11 19  1   7.1 1014 174  1.1 6  5.2  83    0    0 287 -344  0
3797500 2746500 11 19  2   7.2 1014 184  1.2 7  5.2  83    0    0 296 -345  0
3797500 2746500 11 19  3   7.1 1014 164  0.9 7  5.2  83    0    0 302 -346  0
3797500 2746500 11 19  4   7.2 1014 143  0.9 8  5.3  84    0    0 308 -347  0
3797500 2746500 11 19  5   7.0 1013 126  1.4 8  5.3  84    0    0 314 -347  0
3797500 2746500 11 19  6   7.8 1013 163  2.2 8  5.4  85    0    0 317 -347  0
3797500 2746500 11 19  7   8.2 1012 178  1.0 8  5.4  82    0    0 322 -348  0
3797500 2746500 11 19  8   7.7 1011  77  0.0 8  5.4  81    0    0 324 -349  0
3797500 2746500 11 19  9   7.4 1011  58  0.0 8  5.5  84    0    5 326 -350  0
3797500 2746500 11 19 10   7.1 1010  27  1.9 7  5.6  88    0   20 324 -352  0
3797500 2746500 11 19 11   7.1 1009  27  1.7 7  5.7  90    0   40 321 -354  0
3797500 2746500 11 19 12   7.2 1009   6  2.8 7  5.6  89    0   53 323 -355  0
3797500 2746500 11 19 13   7.1 1008   7  2.8 8  5.6  89    0   51 329 -355  0
3797500 2746500 11 19 14   6.5 1008 359  2.2 8  5.5  90    0   40 333 -356  0
3797500 2746500 11 19 15   6.3 1008 348  1.8 7  5.4  90    0   33 327 -355  0
3797500 2746500 11 19 16   6.2 1009 356  2.0 8  5.3  90    0   17 327 -350  0
3797500 2746500 11 19 17   5.8 1010 335  1.8 8  5.2  90    0    6 334 -345  0
3797500 2746500 11 19 18   5.6 1010 245  0.9 7  5.1  89    0    0 326 -342  0
3797500 2746500 11 19 19   5.4 1011 223  1.4 7  5.0  89    0    0 319 -341  0
3797500 2746500 11 19 20   5.6 1012 222  2.0 7  5.1  90    0    0 319 -338  0
3797500 2746500 11 19 21   5.2 1012 229  2.3 6  5.2  93    0    0 312 -333  0
3797500 2746500 11 19 22   5.4 1013 222  2.4 5  5.3  96    0    0 299 -330  0
3797500 2746500 11 19 23   5.6 1013 231  3.3 4  5.3  94    0    0 284 -327  0
3797500 2746500 11 19 24   5.1 1013 213  2.0 2  5.2  93    0    0 263 -325  0
3797500 2746500 11 20  1   5.1 1013 187  2.1 2  5.0  92    0    0 247 -323  0
3797500 2746500 11 20  2   5.0 1013 185  2.6 2  4.9  91    0    0 241 -321  0
3797500 2746500 11 20  3   4.7 1012 185  2.6 2  4.8  89    0    0 236 -320  0
3797500 2746500 11 20  4   4.7 1012 186  2.7 3  4.6  88    0    0 236 -320  0
3797500 2746500 11 20  5   4.6 1011 184  3.0 2  4.6  86    0    0 233 -319  0
3797500 2746500 11 20  6   4.8 1011 184  3.1 2  4.5  85    0    0 226 -320  0
3797500 2746500 11 20  7   5.2 1010 175  3.8 2  4.5  84    0    0 225 -321  0
3797500 2746500 11 20  8   6.1 1009 174  4.6 3  4.6  81    0    0 232 -320  0
3797500 2746500 11 20  9   6.5 1008 182  4.2 6  4.7  78    0   10 256 -320  0
3797500 2746500 11 20 10   6.8 1008 174  5.2 7  4.7  77    0   36 282 -322  0
3797500 2746500 11 20 11   7.1 1008 174  6.1 7  4.8  77    0   73 292 -326  0
3797500 2746500 11 20 12   7.7 1007 173  6.2 7  4.9  76    5  121 297 -330  0
3797500 2746500 11 20 13   7.7 1006 173  5.6 6  5.0  76   12  141 297 -333  0
3797500 2746500 11 20 14   7.5 1005 174  6.2 7  5.2  79    6  115 300 -336  0
3797500 2746500 11 20 15   7.7 1004 173  6.9 8  5.2  80    1   68 316 -337  0
3797500 2746500 11 20 16   7.5 1003 173  5.6 8  5.3  80    0   24 325 -337  0
3797500 2746500 11 20 17   7.1 1002 172  5.7 8  5.4  85    0    0 328 -337  0
3797500 2746500 11 20 18   7.2 1001 172  5.8 8  5.6  88    0    0 330 -338  0
3797500 2746500 11 20 19   7.5 1000 173  6.0 8  5.8  89    0    0 333 -339  0
3797500 2746500 11 20 20   8.0  999 174  5.5 8  5.8  88    0    0 337 -341  0
3797500 2746500 11 20 21   8.3  998 175  5.5 8  5.8  84    0    0 340 -342  0
3797500 2746500 11 20 22   7.9  998 174  5.1 8  5.9  86    0    0 342 -343  0
3797500 2746500 11 20 23   8.0  997 174  4.6 8  6.0  89    0    0 343 -344  0
3797500 2746500 11 20 24   7.9  996 172  4.4 7  6.1  90    0    0 334 -345  0
3797500 2746500 11 21  1   7.8  995 171  4.8 8  6.1  91    0    0 333 -347  0
3797500 2746500 11 21  2   7.7  994 171  4.4 8  6.2  92    0    0 343 -348  0
3797500 2746500 11 21  3   7.9  993 172  4.5 7  6.3  93    0    0 334 -349  0
3797500 2746500 11 21  4   8.5  992 189  3.8 8  6.5  95    0    0 335 -349  0
3797500 2746500 11 21  5   8.8  991 211  3.5 8  6.9  96    0    0 347 -350  0
3797500 2746500 11 21  6   9.4  990 218  3.7 7  7.1  96    0    0 340 -350  0
3797500 2746500 11 21  7   9.7  990 224  4.6 8  7.1  94    0    0 341 -350  0
3797500 2746500 11 21  8   9.3  990 240  5.2 8  6.9  91    0    0 348 -349  0
3797500 2746500 11 21  9   9.0  990 236  4.3 7  6.6  90   13   25 337 -348  0
3797500 2746500 11 21 10   8.8  991 239  3.8 5  6.4  88   52   62 313 -347  0
3797500 2746500 11 21 11   9.6  991 238  4.0 4  6.3  84   87   88 292 -348  0
3797500 2746500 11 21 12   9.5  991 233  5.0 3  6.0  80  123  101 280 -350  0
3797500 2746500 11 21 13  10.0  990 226  5.8 5  5.7  74   68  118 286 -352  0
3797500 2746500 11 21 14   9.9  990 224  4.4 7  5.6  72    1   78 310 -352  0
3797500 2746500 11 21 15   7.4  989 230  2.6 7  5.6  79    0   44 319 -352  0
3797500 2746500 11 21 16   8.0  989 226  2.1 7  5.7  86    2   29 314 -348  0
3797500 2746500 11 21 17   7.7  989 241  2.5 6  5.6  83    0    0 304 -342  0
3797500 2746500 11 21 18   6.8  989 221  2.3 4  5.4  84    0    0 273 -338  0
3797500 2746500 11 21 19   6.7  989 225  2.3 5  5.5  88    0    0 258 -337  0
3797500 2746500 11 21 20   6.1  990 203  1.5 5  5.5  90    0    0 264 -339  0
3797500 2746500 11 21 21   5.6  990 224  2.4 4  5.3  91    0    0 257 -341  0
3797500 2746500 11 21 22   5.3  990 214  2.5 3  5.2  91    0    0 248 -341  0
3797500 2746500 11 21 23   4.5  991 205  2.5 3  5.0  91    0    0 245 -341  0
3797500 2746500 11 21 24   5.1  991 220  2.8 4  4.8  88    0    0 254 -339  0
3797500 2746500 11 22  1   4.7  991 208  1.8 2  4.7  86    0    0 248 -339  0
3797500 2746500 11 22  2   4.4  992 208  2.3 2  4.7  88    0    0 235 -339  0
3797500 2746500 11 22  3   4.3  991 209  2.7 0  4.7  89    0    0 221 -340  0
3797500 2746500 11 22  4   4.2  992 217  3.4 0  4.7  89    0    0 210 -337  0
3797500 2746500 11 22  5   4.3  991 218  3.3 1  4.7  89    0    0 216 -332  0
3797500 2746500 11 22  6   5.0  992 210  3.7 5  4.7  88    0    0 247 -328  0
3797500 2746500 11 22  7   5.7  992 221  3.5 7  4.8  84    0    0 284 -326  0
3797500 2746500 11 22  8   5.8  992 211  4.1 7  4.8  82    0    0 298 -326  0
3797500 2746500 11 22  9   6.0  992 214  3.3 7  4.9  83    0    8 301 -330  0
3797500 2746500 11 22 10   6.3  993 213  3.2 8  5.0  84    0   25 310 -335  0
3797500 2746500 11 22 11   6.7  993 217  4.0 8  5.1  83    0   25 317 -338  0
3797500 2746500 11 22 12   7.1  993 207  4.0 8  5.2  83    0   38 318 -341  0
3797500 2746500 11 22 13   7.3  993 217  3.8 7  5.3  82    0   74 310 -342  0
3797500 2746500 11 22 14   7.9  993 217  3.6 7  5.3  80    3   99 302 -344  0
3797500 2746500 11 22 15   8.6  993 218  4.1 7  5.3  76    0   50 302 -344  0
3797500 2746500 11 22 16   8.4  992 229  4.1 7  5.2  74    0   24 302 -344  0
3797500 2746500 11 22 17   7.5  993 222  4.6 6  5.1  76    0    1 296 -341  0
3797500 2746500 11 22 18   6.8  993 200  3.4 5  5.0  78    0    0 286 -338  0
3797500 2746500 11 22 19   6.6  993 182  3.3 5  4.9  79    0    0 281 -334  0
3797500 2746500 11 22 20   6.9  993 173  4.2 6  4.9  79    0    0 286 -332  0
3797500 2746500 11 22 21   7.3  992 172  4.1 6  4.9  76    0    0 292 -330  0
3797500 2746500 11 22 22   7.2  991 176  4.1 6  5.0  76    0    0 294 -330  0
3797500 2746500 11 22 23   6.6  991 175  4.8 7  5.1  81    0    0 300 -330  0
3797500 2746500 11 22 24   6.3  990 173  5.3 7  5.2  85    0    0 305 -330  0
3797500 2746500 11 23  1   6.4  990 183  5.2 8  5.2  86    0    0 313 -330  0
3797500 2746500 11 23  2   6.5  989 172  4.3 8  5.2  85    0    0 321 -330  0
3797500 2746500 11 23  3   6.7  988 169  5.2 8  5.3  85    0    0 324 -332  0
3797500 2746500 11 23  4   6.8  987 199  3.8 8  5.3  85    0    0 326 -335  0
3797500 2746500 11 23  5   7.3  987 173  6.1 7  5.4  84    0    0 324 -336  0
3797500 2746500 11 23  6   7.5  985 172  4.6 6  5.5  84    0    0 315 -337  0
3797500 2746500 11 23  7   7.5  985 181  4.8 8  5.7  86    0    0 322 -338  0
3797500 2746500 11 23  8   7.7  984 171  5.3 8  5.9  88    0    0 335 -339  0
3797500 2746500 11 23  9   8.1  984 172  6.3 8  6.1  89    0    6 338 -340  0
3797500 2746500 11 23 10   8.4  983 174  6.1 8  6.3  90    0   19 342 -342  0
3797500 2746500 11 23 11   9.1  983 175  5.8 8  6.6  91    0   29 345 -345  0
3797500 2746500 11 23 12   9.6  982 184  4.4 7  6.9  92    0   72 343 -348  0
3797500 2746500 11 23 13  10.6  982 176  4.5 8  7.3  91    0   65 346 -353  0
3797500 2746500 11 23 14  11.3  982 184  3.6 8  7.6  90    0   46 355 -357  0
3797500 2746500 11 23 15  12.0  982 183  3.3 8  7.9  90    0   39 359 -360  0
3797500 2746500 11 23 16  12.4  983 191  2.9 8  8.2  89    0   18 362 -362  0
3797500 2746500 11 23 17  11.8  983 232  4.0 8  8.1  89    0    0 363 -363  0
3797500 2746500 11 23 18   9.6  984 239  2.7 8  7.4  90    0    0 357 -364  0
3797500 2746500 11 23 19   8.8  985 172  1.3 8  6.9  92    0    0 353 -365  0
3797500 2746500 11 23 20   9.6  985 220  2.5 8  7.0  94    0    0 353 -364  0
3797500 2746500 11 23 21   9.9  986 222  2.4 8  7.3  94    0    0 356 -363  0
3797500 2746500 11 23 22   9.9  987 210  2.4 7  7.2  92    0    0 351 -362  0
3797500 2746500 11 23 23   9.6  988 211  2.4 6  7.0  91    0    0 339 -362  0
3797500 2746500 11 23 24   9.4  989 202  2.3 4  6.9  91    0    0 318 -363  0
3797500 2746500 11 24  1   9.1  990 202  2.9 0  6.8  91    0    0 277 -363  0
3797500 2746500 11 24  2   9.1  991 211  3.3 0  6.6  89    0    0 246 -363  0
3797500 2746500 11 24  3   9.1  991 213  3.5 1  6.4  87    0    0 250 -361  0
3797500 2746500 11 24  4   8.8  992 202  3.2 5  6.2  85    0    0 279 -358  0
3797500 2746500 11 24  5   9.0  992 211  3.4 4  6.1  83    0    0 297 -355  0
3797500 2746500 11 24  6   8.6  993 201  3.4 2  6.0  83    0    0 278 -353  0
3797500 2746500 11 24  7   8.9  994 202  3.3 4  6.0  83    0    0 275 -352  0
3797500 2746500 11 24  8   8.6  995 185  2.9 4  6.0  83    0    0 287 -351  0
3797500 2746500 11 24  9   9.1  995 182  3.0 4  6.0  83    2   22 287 -351  0
3797500 2746500 11 24 10  10.1  995 172  2.9 6  6.2  82   22   75 302 -353  0
3797500 2746500 11 24 11  10.6  996 173  3.5 6  6.4  80   43  118 316 -356  0
3797500 2746500 11 24 12  11.2  996 169  4.4 6  6.5  78   45  144 317 -359  0
3797500 2746500 11 24 13  11.1  996 170  4.6 6  6.5  77    9  118 318 -361  0
3797500 2746500 11 24 14  10.9  995 150  4.6 8  6.6  79    0   54 329 -362  0
3797500 2746500 11 24 15  10.6  995 152  3.2 8  6.8  82    0   46 340 -362  0
3797500 2746500 11 24 16  11.5  994 163  4.8 8  6.9  83    0   20 343 -365  0
3797500 2746500 11 24 17  12.0  994 172  3.7 8  7.1  81    0    0 348 -368  0
3797500 2746500 11 24 18  12.3  994 160  4.2 8  7.3  81    0    0 351 -369  0
3797500 2746500 11 24 19  12.8  993 160  4.4 8  7.6  82    0    0 355 -369  0
3797500 2746500 11 24 20  13.0  993 171  3.8 8  7.8  82    0    0 360 -369  0
3797500 2746500 11 24 21  13.1  993 161  4.7 8  7.9  83    0    0 362 -370  0
3797500 2746500 11 24 22  13.4  992 172  4.2 8  7.9  82    0    0 364 -371  0
3797500 2746500 11 24 23  13.6  992 163  3.5 8  7.9  80    0    0 366 -372  0
3797500 2746500 11 24 24  13.7  992 173  3.3 8  7.8  78    0    0 367 -373  0
3797500 2746500 11 25  1  14.2  992 172  4.3 7  7.7  76    0    0 362 -374  0
3797500 2746500 11 25  2  15.0  991 173  4.5 7  7.5  71    0    0 356 -374  0
3797500 2746500 11 25  3  15.1  991 172  4.6 7  7.5  68    0    0 357 -374  0
3797500 2746500 11 25  4  15.6  991 172  4.2 8  7.4  66    0    0 366 -375  0
3797500 2746500 11 25  5  15.5  991 172  5.0 8  7.3  65    0    0 374 -375  0
3797500 2746500 11 25  6  14.8  991 173  4.7 8  7.4  67    0    0 372 -375  0
3797500 2746500 11 25  7  14.4  991 174  4.8 7  7.6  72    0    0 361 -376  0
3797500 2746500 11 25  8  15.2  991 174  5.3 7  7.7  72    0    0 354 -376  0
3797500 2746500 11 25  9  14.3  991 174  4.3 8  7.9  74    0    7 359 -376  0
3797500 2746500 11 25 10  14.0  992 174  5.1 8  8.3  80    0   30 362 -377  0
3797500 2746500 11 25 11  13.8  992 173  5.3 8  8.5  84    0   49 360 -378  0
3797500 2746500 11 25 12  14.2  993 173  5.0 8  8.5  83    0   31 359 -380  0
3797500 2746500 11 25 13  15.6  993 173  5.1 7  8.4  78    0   34 355 -381  0
3797500 2746500 11 25 14  16.5  993 173  5.9 7  8.3  72    0   33 353 -382  0
3797500 2746500 11 25 15  17.1  993 182  5.3 8  8.3  68    0   28 360 -383  0
3797500 2746500 11 25 16  17.0  994 192  5.0 8  8.3  67    0   13 366 -382  0
3797500 2746500 11 25 17  15.1  995 220  5.1 8  8.3  72    0    0 362 -381  0
3797500 2746500 11 25 18  15.3  996 210  4.2 8  7.8  71    0    0 358 -380  0
3797500 2746500 11 25 19  15.3  997 231  6.1 7  6.9  63    0    0 351 -379  0
3797500 2746500 11 25 20  14.7  999 231  5.4 7  6.5  60    0    0 344 -378  0
3797500 2746500 11 25 21  14.2 1001 230  5.0 6  6.4  61    0    0 337 -376  0
3797500 2746500 11 25 22  13.7 1003 230  2.9 7  6.3  63    0    0 336 -375  0
3797500 2746500 11 25 23  13.4 1004 223  2.2 7  6.3  65    0    0 339 -374  0
3797500 2746500 11 25 24  13.1 1005 231  2.5 7  6.4  67    0    0 337 -374  0
3797500 2746500 11 26  1  13.1 1006 194  1.2 7  6.6  70    0    0 336 -374  0
3797500 2746500 11 26  2  12.9 1006 220  2.8 8  6.9  73    0    0 339 -373  0
3797500 2746500 11 26  3  12.6 1008 202  2.0 8  6.9  75    0    0 344 -371  0
3797500 2746500 11 26  4  12.2 1008 212  2.3 6  6.9  77    0    0 330 -369  0
3797500 2746500 11 26  5  12.1 1008 200  2.5 6  6.9  77    0    0 317 -368  0
3797500 2746500 11 26  6  11.8 1009 191  2.3 7  6.7  77    0    0 322 -368  0
3797500 2746500 11 26  7  11.6 1009 181  2.4 7  6.6  77    0    0 328 -367  0
3797500 2746500 11 26  8  11.4 1010 172  2.5 8  6.6  78    0    0 334 -365  0
3797500 2746500 11 26  9  11.4 1010 201  2.3 8  6.6  78    0    6 340 -364  0
3797500 2746500 11 26 10  12.0 1011 180  2.3 7  6.7  78    0   37 335 -365  0
3797500 2746500 11 26 11  12.3 1012 201  2.3 6  6.7  76   11   92 326 -367  0
3797500 2746500 11 26 12  13.1 1012 173  2.4 5  6.7  73   64  122 317 -370  0
3797500 2746500 11 26 13  13.3 1012 230  3.0 6  6.7  70   25  119 318 -372  0
3797500 2746500 11 26 14  13.0 1012 183  2.1 7  6.7  71    5   90 327 -373  0
3797500 2746500 11 26 15  12.9 1012 173  1.8 7  6.7  72   22   75 331 -372  0
3797500 2746500 11 26 16  12.5 1012 169  2.6 5  6.7  72   25   33 322 -370  0
3797500 2746500 11 26 17  11.4 1012 173  1.2 4  6.5  75    0    0 307 -367  0
3797500 2746500 11 26 18  11.2 1013 171  2.7 5  6.4  77    0    0 304 -365  0
3797500 2746500 11 26 19  11.0 1013 170  2.4 3  6.4  77    0    0 300 -363  0
3797500 2746500 11 26 20  10.4 1014 182  1.9 3  6.3  79    0    0 291 -362  0
3797500 2746500 11 26 21  10.1 1014 173  2.6 3  6.3  80    0    0 290 -362  0
3797500 2746500 11 26 22  10.3 1015 172  2.0 3  6.2  80    0    0 290 -361  0
3797500 2746500 11 26 23   9.7 1015 180  1.9 2  6.1  80    0    0 285 -360  0
3797500 2746500 11 26 24  10.1 1015 178  1.9 3  6.0  80    0    0 284 -359  0
3797500 2746500 11 27  1   9.7 1015 161  2.4 1  6.0  80    0    0 282 -360  0
3797500 2746500 11 27  2   9.5 1015 156  2.4 1  6.0  81    0    0 276 -362  0
3797500 2746500 11 27  3   9.0 1014 111  1.7 2  5.9  81    0    0 280 -365  0
3797500 2746500 11 27  4   8.8 1014 125  1.6 2  5.8  82    0    0 284 -366  0
3797500 2746500 11 27  5  10.4 1014 170  2.5 6  6.0  81    0    0 299 -365  0
3797500 2746500 11 27  6  11.4 1013 160  3.5 7  6.4  79    0    0 319 -365  0
3797500 2746500 11 27  7  12.0 1013 160  3.5 6  6.6  77    0    0 323 -365  0
3797500 2746500 11 27  8  11.5 1013 163  3.5 5  6.6  77    0    0 318 -365  0
3797500 2746500 11 27  9  11.5 1013 163  3.7 4  6.7  79    0   10 312 -365  0
3797500 2746500 11 27 10  11.8 1013 173  2.6 7  6.8  80    0   32 319 -366  0
3797500 2746500 11 27 11  12.0 1013 164  3.0 7  7.0  80    0   52 329 -369  0
3797500 2746500 11 27 12  12.1 1013 174  3.3 8  7.2  82    0   65 332 -373  0
3797500 2746500 11 27 13  13.2 1013 173  3.1 6  7.4  81    4  116 330 -376  0
3797500 2746500 11 27 14  14.5 1013 173  3.6 4  7.5  76   35  143 322 -379  0
3797500 2746500 11 27 15  14.7 1013 174  3.5 6  7.6  73    0   59 324 -379  0
3797500 2746500 11 27 16  14.6 1012 172  3.1 7  7.6  73    0   19 329 -377  0
3797500 2746500 11 27 17  14.4 1013 173  2.9 7  7.6  73    0    0 327 -374  0
3797500 2746500 11 27 18  13.8 1013 173  3.0 6  7.5  75    0    0 321 -371  0
3797500 2746500 11 27 19  14.0 1013 174  2.7 5  7.5  76    0    0 314 -369  0
3797500 2746500 11 27 20  13.3 1014 183  1.9 5  7.4  76    0    0 311 -368  0
3797500 2746500 11 27 21  13.4 1014 193  1.9 4  7.3  76    0    0 309 -367  0
3797500 2746500 11 27 22  13.0 1014 174  2.8 6  7.2  76    0    0 311 -366  0
3797500 2746500 11 27 23  12.7 1014 175  3.2 6  7.2  77    0    0 311 -366  0
3797500 2746500 11 27 24  12.9 1014 175  3.3 6  7.1  77    0    0 311 -366  0
3797500 2746500 11 28  1  12.3 1014 184  2.9 4  7.0  77    0    0 306 -367  0
3797500 2746500 11 28  2  12.2 1014 175  3.4 4  7.0  79    0    0 302 -367  0
3797500 2746500 11 28  3  11.6 1014 175  3.4 4  7.0  81    0    0 301 -368  0
3797500 2746500 11 28  4  11.8 1014 174  2.8 1  7.0  82    0    0 295 -368  0
3797500 2746500 11 28  5  11.4 1013 164  3.2 2  7.0  82    0    0 289 -367  0
3797500 2746500 11 28  6  11.6 1013 164  3.7 1  6.9  82    0    0 289 -366  0
3797500 2746500 11 28  7  11.6 1012 163  3.5 1  6.9  81    0    0 286 -365  0
3797500 2746500 11 28  8  12.3 1012 163  4.6 1  6.9  79    0    0 287 -364  0
3797500 2746500 11 28  9  12.1 1012 163  5.1 0  6.8  76    2   20 285 -364  0
3797500 2746500 11 28 10  12.5 1011 174  4.6 1  6.7  76   38   67 284 -365  0
3797500 2746500 11 28 11  13.0 1011 185  3.9 1  6.7  73   92   98 286 -367  0
3797500 2746500 11 28 12  13.6 1011 176  4.5 2  6.8  71  131  110 289 -371  0
3797500 2746500 11 28 13  13.8 1011 174  4.9 2  6.8  69  146  107 292 -374  0
3797500 2746500 11 28 14  14.0 1010 183  3.4 3  6.7  68  108  101 296 -376  0
3797500 2746500 11 28 15  13.9 1010 165  4.3 5  6.8  68   39   80 304 -375  0
3797500 2746500 11 28 16  13.0 1010 174  4.4 4  6.7  70   18   36 306 -373  0
3797500 2746500 11 28 17  12.1 1010 173  3.7 4  6.6  73    0    0 303 -370  0
3797500 2746500 11 28 18  11.9 1010 174  4.1 4  6.5  74    0    0 303 -367  0
3797500 2746500 11 28 19  11.6 1011 173  3.3 4  6.5  75    0    0 304 -366  0
3797500 2746500 11 28 20  11.5 1011 183  2.5 5  6.5  77    0    0 308 -366  0
3797500 2746500 11 28 21  11.6 1012 183  2.6 5  6.6  78    0    0 313 -366  0
3797500 2746500 11 28 22  11.9 1012 191  2.2 6  6.6  77    0    0 320 -367  0
3797500 2746500 11 28 23  11.5 1013 219  2.3 7  6.7  78    0    0 328 -367  0
3797500 2746500 11 28 24  10.8 1013 199  2.2 8  6.8  82    0    0 337 -368  0
3797500 2746500 11 29  1  10.9 1014 228  2.4 7  6.8  83    0    0 338 -368  0
3797500 2746500 11 29  2  10.7 1015 220  2.5 6  6.8  84    0    0 330 -368  0
3797500 2746500 11 29  3  10.6 1015 215  2.4 5  6.8  86    0    0 321 -367  0
3797500 2746500 11 29  4  10.7 1016 218  2.1 6  6.9  86    0    0 321 -366  0
3797500 2746500 11 29  5  10.4 1016 230  2.3 6  6.8  86    0    0 326 -365  0
3797500 2746500 11 29  6  10.0 1017 234  2.4 5  6.8  87    0    0 319 -363  0
3797500 2746500 11 29  7   9.7 1017 244  2.6 7  6.7  89    0    0 324 -361  0
3797500 2746500 11 29  8   9.2 1018 230  2.9 6  6.6  89    0    0 326 -360  0
3797500 2746500 11 29  9   8.4 1019 230  2.8 4  6.4  91    4   19 305 -360  0
3797500 2746500 11 29 10   9.1 1020 230  3.4 2  6.3  90   50   50 281 -361  0
3797500 2746500 11 29 11  10.2 1021 229  3.2 3  6.4  86   89   74 277 -362  0
3797500 2746500 11 29 12  10.2 1022 230  2.9 4  6.5  84   43  109 290 -362  0
3797500 2746500 11 29 13  10.6 1023 240  3.2 5  6.5  83   37  112 303 -363  0
3797500 2746500 11 29 14  11.1 1023 249  3.0 6  6.5  81   15   96 316 -363  0
3797500 2746500 11 29 15  11.4 1023 257  2.6 4  6.3  77   34   67 311 -362  0
3797500 2746500 11 29 16  10.7 1024 246  2.2 4  6.1  75   18   28 298 -361  0
3797500 2746500 11 29 17   9.5 1025 226  1.9 3  5.9  77    0    0 289 -358  0
3797500 2746500 11 29 18   8.9 1026 235  2.1 2  5.7  80    0    0 274 -356  0
3797500 2746500 11 29 19   8.5 1027 234  2.1 0  5.6  81    0    0 253 -353  0
3797500 2746500 11 29 20   7.7 1027 183  1.7 0  5.5  83    0    0 238 -348  0
3797500 2746500 11 29 21   7.8 1028 210  2.2 0  5.5  84    0    0 236 -347  0
3797500 2746500 11 29 22   6.7 1028 204  1.6 0  5.4  86    0    0 237 -348  0
3797500 2746500 11 29 23   6.8 1029 205  2.2 0  5.3  87    0    0 236 -347  0
3797500 2746500 11 29 24   6.4 1029 203  2.0 0  5.2  87    0    0 236 -345  0
3797500 2746500 11 30  1   5.9 1030 183  1.6 0  5.1  88    0    0 236 -343  0
3797500 2746500 11 30  2   6.0 1030 186  1.7 1  5.0  88    0    0 243 -343  0
3797500 2746500 11 30  3   5.8 1030 186  1.9 1  5.1  90    0    0 251 -342  0
3797500 2746500 11 30  4   6.1 1030 222  2.0 1  5.1  90    0    0 254 -339  0
3797500 2746500 11 30  5   6.0 1030 183  1.9 2  5.1  88    0    0 263 -335  0
3797500 2746500 11 30  6   5.9 1030 172  2.2 3  5.1  89    0    0 275 -331  0
3797500 2746500 11 30  7   5.9 1030 158  2.1 1  5.1  89    0    0 270 -330  0
3797500 2746500 11 30  8   5.3 1030 178  1.9 3  5.0  89    0    0 269 -331  0
3797500 2746500 11 30  9   4.6 1030 185  1.9 4  4.6  88    0   17 281 -332  0
3797500 2746500 11 30 10   4.4 1030 165  3.1 4  4.6  89    9   61 286 -335  0
3797500 2746500 11 30 11   4.9 1030 133  2.7 6  4.8  93   10   90 298 -341  0
3797500 2746500 11 30 12   5.3 1030 128  2.7 5  5.0  93   41  124 306 -348  0
3797500 2746500 11 30 13   5.7 1029 165  2.3 3  5.0  90   93  120 290 -355  0
3797500 2746500 11 30 14   6.5 1028 145  3.0 3  4.9  86  105   95 280 -359  0
3797500 2746500 11 30 15   7.2 1027 144  2.3 2  4.9  81   72   70 275 -360  0
3797500 2746500 11 30 16   7.0 1027 116  1.3 4  4.9  78   17   34 278 -357  0
3797500 2746500 11 30 17   5.9 1026 132  2.0 5  4.7  79    0    0 286 -351  0
3797500 2746500 11 30 18   5.7 1025 138  1.9 5  4.5  80    0    0 286 -347  0
3797500 2746500 11 30 19   6.5 1025 162  1.9 4  4.6  80    0    0 280 -344  0
3797500 2746500 11 30 20   6.6 1024 157  3.4 5  4.8  81    0    0 282 -343  0
3797500 2746500 11 30 21   7.9 1024 164  5.0 7  5.0  80    0    0 299 -342  0
3797500 2746500 11 30 22   7.8 1023 165  4.0 7  5.1  79    0    0 309 -341  0
3797500 2746500 11 30 23   8.7 1023 184  3.5 7  5.2  78    0    0 307 -340  0
3797500 2746500 11 30 24   8.5 1023 181  2.3 8  5.3  77    0    0 309 -340  0
3797500 2746500 12  1  1   8.6 1021 173  2.9 8  5.3  76    0    0 307 -338  0
3797500 2746500 12  1  2   8.8 1021 174  2.5 8  5.3  76    0    0 306 -339  0
3797500 2746500 12  1  3   7.9 1020 175  3.4 8  5.3  78    0    0 303 -339  0
3797500 2746500 12  1  4   7.5 1020 175  3.1 7  5.2  80    0    0 296 -339  0
3797500 2746500 12  1  5   7.4 1019 178  3.6 6  5.2  82    0    0 288 -339  0
3797500 2746500 12  1  6   7.1 1019 174  4.2 5  5.2  83    0    0 279 -341  0
3797500 2746500 12  1  7   7.4 1019 191  3.1 4  5.2  83    0    0 273 -342  0
3797500 2746500 12  1  8   7.6 1018 186  3.8 4  5.2  81    0    0 271 -342  0
3797500 2746500 12  1  9   8.0 1018 187  4.3 5  5.3  80    0    7 276 -342  0
3797500 2746500 12  1 10   8.6 1018 190  4.4 6  5.3  79   35   53 285 -343  0
3797500 2746500 12  1 11   9.3 1019 185  5.1 6  5.5  77  103   86 290 -346  0
3797500 2746500 12  1 12  10.2 1019 176  4.0 5  5.6  75  146  100 288 -350  0
3797500 2746500 12  1 13  10.6 1018 187  4.5 5  5.7  73   87  117 285 -354  0
3797500 2746500 12  1 14  10.8 1018 188  3.7 5  5.8  72   44  105 286 -357  0
3797500 2746500 12  1 15  10.4 1018 177  4.0 6  5.8  73   21   68 290 -358  0
3797500 2746500 12  1 16  10.0 1017 186  3.9 8  5.8  75    7   26 300 -357  0
3797500 2746500 12  1 17   9.5 1017 173  3.8 8  5.7  76    0    0 305 -353  0
3797500 2746500 12  1 18   9.2 1016 174  3.8 8  5.6  77    0    0 305 -350  0
3797500 2746500 12  1 19   9.1 1016 174  4.6 6  5.5  76    0    0 298 -349  0
3797500 2746500 12  1 20   9.2 1016 173  3.8 6  5.5  76    0    0 292 -349  0
3797500 2746500 12  1 21   9.1 1016 187  3.9 6  5.5  77    0    0 293 -349  0
3797500 2746500 12  1 22   9.1 1015 179  4.3 6  5.6  78    0    0 294 -350  0
3797500 2746500 12  1 23   9.4 1015 178  4.5 6  5.6  77    0    0 294 -352  0
3797500 2746500 12  1 24   9.2 1015 179  4.3 7  5.5  76    0    0 298 -352  0
3797500 2746500 12  2  1   9.1 1014 187  3.8 7  5.4  75    0    0 302 -351  0
3797500 2746500 12  2  2   9.1 1013 187  3.3 7  5.3  73    0    0 303 -349  0
3797500 2746500 12  2  3   9.0 1013 187  3.5 8  5.1  72    0    0 309 -349  0
3797500 2746500 12  2  4   9.2 1012 186  3.7 8  5.0  69    0    0 313 -349  0
3797500 2746500 12  2  5   9.2 1012 186  3.9 8  4.8  66    0    0 315 -349  0
3797500 2746500 12  2  6   9.1 1011 197  3.7 8  4.7  65    0    0 318 -350  0
3797500 2746500 12  2  7   8.8 1011 196  3.9 7  4.7  66    0    0 316 -350  0
3797500 2746500 12  2  8   8.5 1010 188  4.1 7  4.9  70    0    0 316 -350  0
3797500 2746500 12  2  9   8.4 1010 186  3.9 7  5.1  74    0    3 319 -350  0
3797500 2746500 12  2 10   9.0 1010 185  3.7 7  5.3  75    1   42 322 -351  0
3797500 2746500 12  2 11   9.8 1010 188  4.1 7  5.4  74    4   79 326 -353  0
3797500 2746500 12  2 12  10.1 1009 188  4.4 8  5.6  73    2   84 332 -356  0
3797500 2746500 12  2 13  10.9 1009 184  3.0 6  5.7  72   43  147 333 -359  0
3797500 2746500 12  2 14  11.0 1008 193  3.2 5  5.8  72   68  136 328 -361  0
3797500 2746500 12  2 15  10.6 1008 182  2.9 4  5.9  72   52  102 325 -361  0
3797500 2746500 12  2 16  10.4 1007 172  3.7 7  5.9  74   14   39 332 -362  0
3797500 2746500 12  2 17  10.3 1007 183  3.2 8  5.9  75    0    0 342 -362  0
3797500 2746500 12  2 18  10.3 1007 183  3.5 8  5.9  75    0    0 347 -361  0
3797500 2746500 12  2 19  10.4 1007 183  3.4 6  5.9  75    0    0 344 -361  0
3797500 2746500 12  2 20  10.6 1007 193  3.1 6  6.0  76    0    0 340 -362  0
3797500 2746500 12  2 21  10.8 1007 213  3.3 7  6.1  76    0    0 342 -363  0
3797500 2746500 12  2 22  10.8 1008 208  2.6 8  6.2  77    0    0 348 -364  0
3797500 2746500 12  2 23  10.7 1008 230  2.3 8  6.3  78    0    0 353 -364  0
3797500 2746500 12  2 24  10.0 1008 222  2.3 6  6.5  82    0    0 344 -363  0
3797500 2746500 12  3  1  10.0 1007 224  2.4 8  6.7  87    0    0 343 -361  0
3797500 2746500 12  3  2   9.8 1007 203  2.7 8  6.8  89    0    0 355 -359  0
3797500 2746500 12  3  3   9.8 1006 201  1.8 8  6.8  90    0    0 356 -358  0
3797500 2746500 12  3  4   9.8 1006 191  1.9 7  6.7  88    0    0 351 -356  0
3797500 2746500 12  3  5   9.9 1006 196  2.9 5  6.6  86    0    0 329 -356  0
3797500 2746500 12  3  6   9.8 1004 169  3.4 4  6.4  84    0    0 306 -358  0
3797500 2746500 12  3  7  10.2 1003 178  3.7 6  6.3  82    0    0 310 -357  0
3797500 2746500 12  3  8  10.1 1002 170  4.2 6  6.3  80    0    0 322 -356  0
3797500 2746500 12  3  9  10.4 1002 170  5.0 5  6.2  79    0    7 314 -356  0
3797500 2746500 12  3 10  11.0 1001 181  5.1 6  6.3  78    5   50 315 -359  0
3797500 2746500 12  3 11  11.6 1000 181  4.6 7  6.5  77    9   86 331 -363  0
3797500 2746500 12  3 12  12.7  999 201  4.9 5  6.5  73   47  129 328 -367  0
3797500 2746500 12  3 13  13.2  998 188  5.6 4  6.4  68  100  132 318 -369  0
3797500 2746500 12  3 14  12.9  996 189  5.3 5  6.3  66   22  107 323 -369  0
3797500 2746500 12  3 15  11.6  995 189  5.0 7  6.3  70    2   55 337 -369  0
3797500 2746500 12  3 16  10.7  995 180  4.8 8  6.5  77    2   22 347 -369  0
3797500 2746500 12  3 17  10.8  994 200  4.8 8  6.6  80    0    0 351 -367  0
3797500 2746500 12  3 18  11.2  993 198  5.7 8  6.5  78    0    0 351 -366  0
3797500 2746500 12  3 19   8.8  993 228  5.8 8  6.2  80    0    0 349 -365  0
3797500 2746500 12  3 20   8.5  994 230  4.7 7  5.9  83    0    0 340 -364  0
3797500 2746500 12  3 21   8.8  994 229  4.3 7  5.8  82    0    0 334 -363  0
3797500 2746500 12  3 22   9.0  994 230  5.2 5  5.8  80    0    0 323 -361  0
3797500 2746500 12  3 23   9.4  995 219  4.7 3  5.7  77    0    0 297 -359  0
3797500 2746500 12  3 24   9.4  995 228  6.1 4  5.5  74    0    0 289 -355  0
3797500 2746500 12  4  1   9.1  995 228  6.5 7  5.3  72    0    0 312 -352  0
3797500 2746500 12  4  2   9.1  995 229  6.1 8  5.3  72    0    0 334 -350  0
3797500 2746500 12  4  3   9.4  995 229  7.1 8  5.3  72    0    0 340 -349  0
3797500 2746500 12  4  4   9.3  995 229  7.0 8  5.3  71    0    0 341 -347  0
3797500 2746500 12  4  5   9.2  995 229  5.9 8  5.3  72    0    0 339 -346  0
3797500 2746500 12  4  6   9.2  995 220  6.6 8  5.4  73    0    0 338 -345  0
3797500 2746500 12  4  7   8.5  994 220  5.1 7  5.6  78    0    0 331 -344  0
3797500 2746500 12  4  8   8.2  994 220  4.5 8  5.9  84    0    0 329 -344  0
3797500 2746500 12  4  9   8.7  994 219  4.5 8  6.1  86    0    0 335 -346  0
3797500 2746500 12  4 10   8.5  994 208  3.9 8  6.2  87    0   16 337 -348  0
3797500 2746500 12  4 11   8.5  993 209  4.0 8  6.3  90    0   29 339 -350  0
3797500 2746500 12  4 12   9.8  993 218  5.8 6  6.5  89   19   77 332 -353  0
3797500 2746500 12  4 13  10.0  993 230  4.7 6  6.7  86   11   80 326 -355  0
3797500 2746500 12  4 14  10.5  993 239  4.2 7  6.7  84    0   51 335 -357  0
3797500 2746500 12  4 15  10.9  993 238  3.9 6  6.7  82    2   43 338 -359  0
3797500 2746500 12  4 16   9.8  993 241  3.7 5  6.6  82    5   16 327 -360  0
3797500 2746500 12  4 17   9.5  994 243  2.5 4  6.4  84    0    0 313 -361  0
3797500 2746500 12  4 18   8.7  995 227  3.4 2  6.1  84    0    0 294 -362  0
3797500 2746500 12  4 19   9.0  996 219  4.0 3  6.0  83    0    0 284 -363  0
3797500 2746500 12  4 20   9.3  997 219  4.2 3  6.1  83    0    0 286 -364  0
3797500 2746500 12  4 21   9.8  997 211  3.4 2  6.2  82    0    0 272 -365  0
3797500 2746500 12  4 22  10.6  996 210  4.1 7  6.5  82    0    0 303 -366  0
3797500 2746500 12  4 23  10.6  996 191  3.3 8  7.0  86    0    0 350 -368  0
3797500 2746500 12  4 24  11.4  995 210  4.3 8  7.4  89    0    0 361 -370  0
3797500 2746500 12  5  1  12.2  995 229  5.9 8  7.9  90    0    0 366 -372  0
3797500 2746500 12  5  2  12.9  995 230  5.7 8  8.4  90    0    0 370 -374  0
3797500 2746500 12  5  3  13.6  995 231  6.1 7  8.5  88    0    0 365 -374  0
3797500 2746500 12  5  4  13.6  995 241  5.3 7  8.5  86    0    0 359 -375  0
3797500 2746500 12  5  5  13.6  995 231  5.8 7  8.3  84    0    0 360 -375  0
3797500 2746500 12  5  6  13.6  995 230  6.6 7  8.0  80    0    0 359 -375  0
3797500 2746500 12  5  7  13.5  995 221  6.5 7  7.7  78    0    0 358 -375  0
3797500 2746500 12  5  8  13.5  995 220  6.9 7  7.4  76    0    0 358 -375  0
3797500 2746500 12  5  9  13.6  995 219  6.0 7  7.3  74    0    0 357 -374  0
3797500 2746500 12  5 10  13.9  995 220  6.1 8  7.1  71    0   28 363 -374  0
3797500 2746500 12  5 11  14.0  995 220  6.7 7  7.0  69    5   63 362 -374  0
3797500 2746500 12  5 12  14.7  995 220  7.3 8  7.1  68    0   55 363 -375  0
3797500 2746500 12  5 13  15.2  994 220  6.3 7  7.2  67    0   69 363 -377  0
3797500 2746500 12  5 14  15.5  994 219  6.5 7  7.3  66    1   65 357 -378  0
3797500 2746500 12  5 15  15.4  993 220  7.2 7  7.3  66    1   43 357 -378  0
3797500 2746500 12  5 16  15.3  992 210  6.6 7  7.4  67    0   12 356 -378  0
3797500 2746500 12  5 17  15.3  992 202  4.7 8  7.5  67    0    0 361 -377  0
3797500 2746500 12  5 18  15.0  991 201  5.8 8  7.6  69    0    0 365 -376  0
3797500 2746500 12  5 19  14.5  991 203  4.9 7  7.8  73    0    0 359 -376  0
3797500 2746500 12  5 20  15.4  991 213  6.3 7  7.8  72    0    0 355 -376  0
3797500 2746500 12  5 21  12.3  990 244  3.8 8  8.1  80    0    0 355 -376  0
3797500 2746500 12  5 22  11.7  991 242  3.0 8  8.4  94    0    0 354 -375  0
3797500 2746500 12  5 23  10.7  991 240  3.7 8  7.8  92    0    0 350 -373  0
3797500 2746500 12  5 24  10.4  992 220  3.4 8  7.4  90    0    0 347 -371  0
3797500 2746500 12  6  1  10.7  992 211  2.7 8  7.4  91    0    0 348 -369  0
3797500 2746500 12  6  2  11.0  992 226  3.8 7  7.4  89    0    0 345 -368  0
3797500 2746500 12  6  3  10.7  992 219  3.4 7  7.0  85    0    0 339 -366  0
3797500 2746500 12  6  4  10.7  992 218  4.1 8  6.7  81    0    0 341 -365  0
3797500 2746500 12  6  5  10.6  993 222  4.3 8  6.5  80    0    0 344 -364  0
3797500 2746500 12  6  6  10.5  992 231  4.5 7  6.5  81    0    0 335 -363  0
3797500 2746500 12  6  7  10.4  993 219  4.7 7  6.5  80    0    0 325 -362  0
3797500 2746500 12  6  8  10.3  993 219  4.5 7  6.3  79    0    0 320 -360  0
3797500 2746500 12  6  9  10.2  994 227  5.6 7  6.2  78    0    5 319 -357  0
3797500 2746500 12  6 10  10.4  995 229  6.1 6  6.1  77    6   49 311 -356  0
3797500 2746500 12  6 11  10.4  995 229  6.2 7  6.1  76    3   69 312 -356  0
3797500 2746500 12  6 12  10.5  996 228  6.2 7  6.0  75   15  105 319 -357  0
3797500 2746500 12  6 13  10.5  997 229  6.2 6  6.0  74   11  105 314 -357  0
3797500 2746500 12  6 14  10.5  997 229  5.5 8  5.9  74    0   47 322 -358  0
3797500 2746500 12  6 15  10.4  998 229  5.3 7  5.9  74    4   55 329 -356  0
3797500 2746500 12  6 16  10.2  998 236  5.0 8  5.9  74    2   20 329 -354  0
3797500 2746500 12  6 17   9.9  999 248  4.6 6  5.8  75    0    0 322 -351  0
3797500 2746500 12  6 18   9.8 1000 232  4.4 5  5.8  75    0    0 305 -348  0
3797500 2746500 12  6 19   9.1 1001 246  4.5 4  5.7  77    0    0 293 -346  0
3797500 2746500 12  6 20   8.9 1002 221  4.5 3  5.6  78    0    0 281 -343  0
3797500 2746500 12  6 21   9.0 1002 228  4.9 2  5.5  77    0    0 270 -339  0
3797500 2746500 12  6 22   8.5 1003 229  4.4 5  5.5  77    0    0 279 -339  0
3797500 2746500 12  6 23   8.5 1003 220  4.3 5  5.5  79    0    0 292 -339  0
3797500 2746500 12  6 24   7.9 1003 221  3.7 4  5.5  80    0    0 285 -338  0
3797500 2746500 12  7  1   7.8 1003 221  3.8 2  5.4  80    0    0 269 -337  0
3797500 2746500 12  7  2   7.4 1003 213  3.8 1  5.3  80    0    0 253 -336  0
3797500 2746500 12  7  3   7.4 1003 211  4.1 0  5.1  79    0    0 242 -336  0
3797500 2746500 12  7  4   7.0 1002 210  3.3 0  4.9  78    0    0 235 -336  0
3797500 2746500 12  7  5   6.8 1002 201  3.2 1  4.8  77    0    0 239 -336  0
3797500 2746500 12  7  6   6.9 1001 172  4.2 3  4.7  75    0    0 255 -336  0
3797500 2746500 12  7  7   7.5 1000 181  4.5 6  4.6  72    0    0 284 -335  0
3797500 2746500 12  7  8   7.7  999 182  4.6 7  4.6  70    0    0 306 -336  0
3797500 2746500 12  7  9   7.7  997 182  4.8 7  4.6  69    0    0 311 -336  0
3797500 2746500 12  7 10   7.9  996 172  5.1 7  4.7  70    0   14 311 -337  0
3797500 2746500 12  7 11   8.5  994 183  6.0 7  4.8  70    0   30 312 -339  0
3797500 2746500 12  7 12   8.0  993 184  7.4 7  5.0  73    0   31 314 -340  0
3797500 2746500 12  7 13   7.6  992 183  7.1 7  5.4  80    0   34 314 -342  0
3797500 2746500 12  7 14   7.4  991 173  7.5 7  5.7  86    0   34 315 -343  0
3797500 2746500 12  7 15   7.9  990 183  7.0 8  5.9  88    0   27 325 -344  0
3797500 2746500 12  7 16   8.7  988 183  6.0 8  5.9  85    0    9 336 -346  0
3797500 2746500 12  7 17   9.6  988 194  5.1 8  5.9  80    0    0 342 -348  0
3797500 2746500 12  7 18  10.1  988 204  4.9 7  6.0  77    0    0 337 -349  0
3797500 2746500 12  7 19  11.0  989 221  5.8 7  6.1  75    0    0 331 -350  0
3797500 2746500 12  7 20  11.4  989 221  7.8 7  6.1  71    0    0 336 -352  0
3797500 2746500 12  7 21  11.3  989 217  5.8 7  6.0  70    0    0 339 -353  0
3797500 2746500 12  7 22  10.5  990 222  5.0 5  6.1  73    0    0 325 -353  0
3797500 2746500 12  7 23  11.0  990 221  5.5 5  6.2  75    0    0 308 -352  0
3797500 2746500 12  7 24  10.9  991 211  5.1 6  6.2  74    0    0 312 -351  0
3797500 2746500 12  8  1  10.3  991 212  4.2 7  6.1  75    0    0 326 -349  0
3797500 2746500 12  8  2  10.3  991 192  3.6 7  6.0  76    0    0 332 -349  0
3797500 2746500 12  8  3  10.3  991 192  3.8 8  5.9  74    0    0 337 -348  0
3797500 2746500 12  8  4  10.2  990 191  4.1 7  5.7  72    0    0 336 -348  0
3797500 2746500 12  8  5   9.8  990 182  5.0 7  5.7  73    0    0 329 -348  0
3797500 2746500 12  8  6   9.9  989 171  6.6 7  5.7  73    0    0 326 -349  0
3797500 2746500 12  8  7   9.8  988 171  5.4 7  5.6  72    0    0 324 -349  0
3797500 2746500 12  8  8  10.1  987 171  6.6 8  5.5  71    0    0 330 -348  0
3797500 2746500 12  8  9   9.1  986 162  5.2 8  5.8  76    0    4 337 -346  0
3797500 2746500 12  8 10   9.5  984 165  6.5 7  6.4  86    0   28 328 -346  0
3797500 2746500 12  8 11  10.3  983 166  7.6 6  7.0  89    0   60 313 -347  0
3797500 2746500 12  8 12  11.0  982 174  7.1 8  7.3  89    0   48 323 -349  0
3797500 2746500 12  8 13  10.9  982 173  5.6 8  7.6  90    0   39 342 -352  0
3797500 2746500 12  8 14  11.5  981 171  7.2 6  7.7  90    8   96 326 -353  0
3797500 2746500 12  8 15  11.8  980 171  8.3 4  7.7  87   22   86 297 -354  0
3797500 2746500 12  8 16  12.2  979 167  7.5 6  7.5  83    0   20 303 -353  0
3797500 2746500 12  8 17  12.5  979 201  9.4 7  6.4  69    0    0 324 -351  0
3797500 2746500 12  8 18  10.8  979 208 10.3 7  5.4  62    0    0 325 -349  0
3797500 2746500 12  8 19   9.7  981 211 10.6 8  5.3  66    0    0 327 -347  0
3797500 2746500 12  8 20   7.9  982 219 12.1 8  5.4  74    0    0 331 -347  0
3797500 2746500 12  8 21   7.9  985 225  8.7 8  5.4  79    0    0 328 -347  0
3797500 2746500 12  8 22   8.1  987 227  7.9 8  5.4  79    0    0 326 -346  0
3797500 2746500 12  8 23   8.3  988 219  7.1 8  5.5  79    0    0 326 -346  0
3797500 2746500 12  8 24   8.3  990 219  6.9 8  5.5  78    0    0 326 -346  0
3797500 2746500 12  9  1   8.2  991 230  4.7 8  5.5  79    0    0 326 -345  0
3797500 2746500 12  9  2   7.8  991 229  4.4 8  5.5  80    0    0 324 -343  0
3797500 2746500 12  9  3   7.2  992 228  3.6 8  5.6  85    0    0 323 -342  0
3797500 2746500 12  9  4   7.1  993 228  3.0 7  5.7  89    0    0 314 -342  0
3797500 2746500 12  9  5   6.8  994 239  3.1 6  5.7  90    0    0 295 -342  0
3797500 2746500 12  9  6   6.4  995 226  3.0 7  5.7  92    0    0 294 -343  0
3797500 2746500 12  9  7   6.4  995 232  2.6 5  5.6  92    0    0 285 -343  0
3797500 2746500 12  9  8   5.6  996 234  2.6 5  5.5  92    0    0 268 -343  0
3797500 2746500 12  9  9   5.9  998 235  2.9 6  5.3  92    0    8 276 -341  0
3797500 2746500 12  9 10   6.1  999 217  2.5 6  5.3  90   10   47 286 -340  0
3797500 2746500 12  9 11   6.5 1000 221  2.5 6  5.3  88    8   76 286 -342  0
3797500 2746500 12  9 12   6.8 1001 228  2.8 6  5.3  87    0   64 286 -345  0
3797500 2746500 12  9 13   7.3 1002 244  3.6 5  5.3  84   35  110 280 -345  0
3797500 2746500 12  9 14   7.4 1002 234  3.2 3  5.4  83   88   88 264 -344  0
3797500 2746500 12  9 15   7.4 1003 226  2.8 2  5.4  83   45   64 255 -344  0
3797500 2746500 12  9 16   7.2 1003 246  2.5 4  5.4  84   16   26 261 -343  0
3797500 2746500 12  9 17   6.1 1004 242  2.1 4  5.3  86    0    0 268 -339  0
3797500 2746500 12  9 18   6.0 1005 253  2.1 4  5.1  87    0    0 265 -334  0
3797500 2746500 12  9 19   5.9 1007 245  2.0 6  5.2  88    0    0 273 -331  0
3797500 2746500 12  9 20   6.1 1008 240  1.6 6  5.2  89    0    0 282 -329  0
3797500 2746500 12  9 21   6.1 1009 248  1.7 6  5.2  88    0    0 285 -327  0
3797500 2746500 12  9 22   6.0 1010 259  1.6 7  5.2  88    0    0 292 -325  0
3797500 2746500 12  9 23   6.0 1011 260  1.6 7  5.1  88    0    0 298 -325  0
3797500 2746500 12  9 24   5.8 1012 244  1.5 7  5.1  88    0    0 300 -326  0
3797500 2746500 12 10  1   4.7 1013 257  1.4 3  4.9  88    0    0 279 -327  0
3797500 2746500 12 10  2   4.5 1014 227  1.6 2  4.7  89    0    0 252 -326  0
3797500 2746500 12 10  3   4.0 1015 243  1.7 1  4.7  91    0    0 241 -325  0
3797500 2746500 12 10  4   3.3 1016 222  1.5 0  4.6  92    0    0 231 -326  0
3797500 2746500 12 10  5   3.5 1016 193  1.4 0  4.5  94    0    0 227 -328  0
3797500 2746500 12 10  6   3.4 1017 203  1.3 1  4.5  92    0    0 233 -331  0
3797500 2746500 12 10  7   3.3 1018 201  1.0 4  4.4  92    0    0 254 -332  0
3797500 2746500 12 10  8   3.0 1019 188  1.2 3  4.4  92    0    0 266 -333  0
3797500 2746500 12 10  9   2.7 1019 190  0.9 4  4.2  91    0   10 262 -334  0
3797500 2746500 12 10 10   3.4 1020 201  1.1 0  4.2  90   31   46 243 -335  0
3797500 2746500 12 10 11   4.8 1020 209  1.7 1  4.4  88   77   76 228 -337  0
3797500 2746500 12 10 12   5.7 1021 216  2.6 3  4.7  85  103   95 250 -340  0
3797500 2746500 12 10 13   7.1 1022 208  2.3 3  4.8  81  123   94 265 -342  0
3797500 2746500 12 10 14   7.5 1022 210  2.3 2  4.9  78  111   83 260 -343  0
3797500 2746500 12 10 15   7.2 1022 197  1.8 3  4.9  78   41   66 260 -342  0
3797500 2746500 12 10 16   6.8 1022 223  2.3 3  4.8  78   16   27 262 -339  0
3797500 2746500 12 10 17   5.9 1022 223  2.1 1  4.6  78    0    0 250 -333  0
3797500 2746500 12 10 18   5.6 1022 223  2.3 1  4.4  78    0    0 238 -329  0
3797500 2746500 12 10 19   5.8 1022 212  3.2 1  4.3  77    0    0 236 -327  0
3797500 2746500 12 10 20   5.6 1022 194  3.0 1  4.3  76    0    0 235 -326  0
3797500 2746500 12 10 21   5.4 1022 185  3.9 0  4.2  75    0    0 230 -324  0
3797500 2746500 12 10 22   4.9 1022 185  3.6 2  4.0  74    0    0 232 -323  0
3797500 2746500 12 10 23   4.9 1022 185  4.0 3  3.9  74    0    0 246 -322  0
3797500 2746500 12 10 24   5.3 1021 186  4.5 2  3.9  73    0    0 250 -324  0
3797500 2746500 12 11  1   5.6 1021 195  3.8 6  4.0  72    0    0 268 -326  0
3797500 2746500 12 11  2   5.7 1020 195  3.7 5  4.0  72    0    0 284 -327  0
3797500 2746500 12 11  3   5.7 1019 195  3.2 5  4.0  71    0    0 280 -328  0
3797500 2746500 12 11  4   5.9 1018 193  3.7 6  4.1  71    0    0 288 -329  0
3797500 2746500 12 11  5   5.9 1017 193  4.1 7  4.1  71    0    0 299 -330  0
3797500 2746500 12 11  6   6.0 1016 184  5.0 7  4.0  69    0    0 306 -331  0
3797500 2746500 12 11  7   6.3 1015 194  4.8 8  4.0  68    0    0 313 -333  0
3797500 2746500 12 11  8   5.6 1015 202  4.7 8  4.3  74    0    0 320 -333  0
3797500 2746500 12 11  9   5.6 1014 191  5.1 8  4.5  80    0    3 321 -334  0
3797500 2746500 12 11 10   5.4 1013 200  5.2 7  4.6  81    0   14 317 -334  0
3797500 2746500 12 11 11   5.3 1013 192  5.3 8  4.7  85    0   19 318 -335  0
3797500 2746500 12 11 12   5.4 1013 193  4.6 8  4.9  89    0   27 325 -337  0
3797500 2746500 12 11 13   5.6 1012 192  4.8 8  5.1  90    0   29 327 -338  0
3797500 2746500 12 11 14   6.1 1011 182  4.4 8  5.2  91    0   23 329 -339  0
3797500 2746500 12 11 15   6.4 1011 200  4.4 8  5.5  93    0   22 332 -339  0
3797500 2746500 12 11 16   7.2 1010 209  4.5 8  5.7  93    0   11 334 -340  0
3797500 2746500 12 11 17   7.6 1010 199  3.7 8  5.8  90    0    0 337 -341  0
3797500 2746500 12 11 18   7.7 1010 190  3.0 8  5.8  89    0    0 338 -343  0
3797500 2746500 12 11 19   7.5 1010 200  3.3 8  5.9  90    0    0 337 -344  0
3797500 2746500 12 11 20   7.5 1010 209  3.6 8  5.9  92    0    0 337 -344  0
3797500 2746500 12 11 21   7.5 1010 212  3.7 8  6.0  93    0    0 336 -344  0
3797500 2746500 12 11 22   7.7 1010 223  3.3 8  6.2  94    0    0 335 -344  0
3797500 2746500 12 11 23   7.9 1010 218  3.3 8  6.2  94    0    0 335 -344  0
3797500 2746500 12 11 24   7.9 1010 230  3.3 8  6.2  93    0    0 335 -344  0
3797500 2746500 12 12  1   7.7 1010 229  3.3 8  6.1  93    0    0 335 -344  0
3797500 2746500 12 12  2   7.5 1010 237  2.9 8  6.2  95    0    0 336 -343  0
3797500 2746500 12 12  3   7.4 1010 241  2.8 8  6.3  97    0    0 337 -342  0
3797500 2746500 12 12  4   7.5 1010 240  2.1 8  6.3  97    0    0 338 -342  0
3797500 2746500 12 12  5   7.6 1011 239  2.4 8  6.3  97    0    0 338 -342  0
3797500 2746500 12 12  6   7.5 1011 251  2.7 8  6.3  97    0    0 338 -342  0
3797500 2746500 12 12  7   7.4 1012 260  2.8 7  6.3  97    0    0 331 -342  0
3797500 2746500 12 12  8   6.6 1013 238  2.0 5  6.0  96    0    0 312 -341  0
3797500 2746500 12 12  9   6.0 1014 232  2.3 3  5.7  96    0    9 288 -340  0
3797500 2746500 12 12 10   6.2 1014 230  2.6 1  5.7  97   34   43 264 -339  0
3797500 2746500 12 12 11   7.0 1015 229  2.9 0  5.7  94   97   68 247 -338  0
3797500 2746500 12 12 12   7.5 1016 220  3.8 1  5.6  88  143   78 248 -338  0
3797500 2746500 12 12 13   8.1 1016 229  4.0 2  5.4  82  167   77 261 -339  0
3797500 2746500 12 12 14   8.5 1016 229  3.9 2  5.3  78  146   70 268 -339  0
3797500 2746500 12 12 15   8.7 1015 224  4.7 2  5.2  74   79   59 269 -339  0
3797500 2746500 12 12 16   8.3 1015 233  4.4 3  5.0  73   23   27 273 -336  0
3797500 2746500 12 12 17   7.8 1015 223  3.6 3  4.9  74    0    0 276 -333  0
3797500 2746500 12 12 18   8.0 1015 223  4.1 4  4.9  73    0    0 281 -331  0
3797500 2746500 12 12 19   7.6 1015 224  4.4 6  4.9  74    0    0 298 -330  0
3797500 2746500 12 12 20   7.5 1015 205  4.1 6  4.8  74    0    0 307 -330  0
3797500 2746500 12 12 21   7.2 1015 205  4.0 5  4.7  73    0    0 298 -329  0
3797500 2746500 12 12 22   7.7 1014 223  4.9 5  4.7  74    0    0 291 -328  0
3797500 2746500 12 12 23   7.9 1014 223  5.4 6  4.8  74    0    0 298 -328  0
3797500 2746500 12 12 24   8.0 1014 235  6.2 8  5.0  75    0    0 317 -328  0
3797500 2746500 12 13  1   7.9 1014 235  5.8 8  5.2  78    0    0 330 -328  0
3797500 2746500 12 13  2   7.8 1014 235  5.7 8  5.4  82    0    0 330 -328  0
3797500 2746500 12 13  3   7.9 1014 235  5.1 8  5.6  84    0    0 331 -329  0
3797500 2746500 12 13  4   7.6 1014 235  5.0 8  5.7  87    0    0 333 -330  0
3797500 2746500 12 13  5   7.7 1014 243  4.8 8  5.8  89    0    0 334 -332  0
3797500 2746500 12 13  6   8.3 1015 235  4.6 8  6.0  89    0    0 337 -333  0
3797500 2746500 12 13  7   8.8 1015 244  4.3 8  6.1  89    0    0 339 -334  0
3797500 2746500 12 13  8   9.0 1016 243  4.2 8  6.3  89    0    0 340 -335  0
3797500 2746500 12 13  9   9.2 1016 244  3.8 8  6.4  89    0    0 341 -336  0
3797500 2746500 12 13 10   9.4 1017 243  3.6 8  6.5  89    0   10 342 -336  0
3797500 2746500 12 13 11   9.4 1017 233  4.0 8  6.6  90    0   20 342 -337  0
3797500 2746500 12 13 12   9.6 1018 231  4.9 8  6.6  90    0   27 343 -339  0
3797500 2746500 12 13 13   9.6 1018 230  4.5 7  6.7  90    0   53 335 -341  0
3797500 2746500 12 13 14   9.8 1018 231  4.8 8  6.7  89    0   48 333 -343  0
3797500 2746500 12 13 15   9.9 1018 223  4.6 8  6.7  88    0   18 337 -345  0
3797500 2746500 12 13 16  10.0 1018 232  4.3 8  6.6  87    0    9 336 -346  0
3797500 2746500 12 13 17  10.0 1018 231  4.3 7  6.6  86    0    0 330 -345  0
3797500 2746500 12 13 18  10.2 1018 231  4.8 8  6.5  85    0    0 329 -343  0
3797500 2746500 12 13 19  10.1 1018 222  5.3 7  6.4  84    0    0 329 -341  0
3797500 2746500 12 13 20  10.2 1018 222  5.6 7  6.3  82    0    0 323 -339  0
3797500 2746500 12 13 21   9.9 1018 231  6.8 6  6.0  79    0    0 315 -337  0
3797500 2746500 12 13 22   9.9 1019 231  5.8 6  5.8  77    0    0 308 -335  0
3797500 2746500 12 13 23   9.6 1019 222  5.5 7  5.7  76    0    0 308 -334  0
3797500 2746500 12 13 24   9.5 1019 222  5.4 5  5.7  77    0    0 301 -333  0
3797500 2746500 12 14  1   9.4 1019 230  4.2 5  5.7  77    0    0 289 -332  0
3797500 2746500 12 14  2   9.3 1019 231  4.9 5  5.6  77    0    0 288 -331  0
3797500 2746500 12 14  3   8.9 1019 223  4.4 4  5.6  79    0    0 282 -330  0
3797500 2746500 12 14  4   9.4 1019 232  4.8 7  5.7  80    0    0 288 -329  0
3797500 2746500 12 14  5   9.1 1019 234  4.0 7  5.7  79    0    0 295 -329  0
3797500 2746500 12 14  6   8.9 1019 234  4.2 7  5.7  80    0    0 292 -328  0
3797500 2746500 12 14  7   9.0 1019 233  4.8 8  5.6  80    0    0 292 -327  0
3797500 2746500 12 14  8   9.0 1019 232  5.0 8  5.6  80    0    0 293 -327  0
3797500 2746500 12 14  9   9.2 1019 223  4.3 8  5.7  80    0    0 293 -327  0
3797500 2746500 12 14 10   9.6 1020 223  5.1 8  5.7  79    0   18 294 -327  0
3797500 2746500 12 14 11   9.8 1020 232  5.8 8  5.8  78    0   19 294 -329  0
3797500 2746500 12 14 12   9.8 1021 233  4.8 8  5.8  78    0   48 294 -332  0
3797500 2746500 12 14 13  10.0 1020 224  5.1 7  5.9  78    0   77 290 -336  0
3797500 2746500 12 14 14  10.2 1020 233  5.0 7  5.9  77    0   52 287 -338  0
3797500 2746500 12 14 15  10.4 1020 233  5.6 7  5.9  76    0   32 286 -338  0
3797500 2746500 12 14 16  10.5 1019 224  5.2 8  5.9  76    0    9 289 -336  0
3797500 2746500 12 14 17  10.1 1019 234  5.0 8  6.0  77    0    0 289 -334  0
3797500 2746500 12 14 18   9.9 1020 234  5.2 8  5.9  78    0    0 290 -331  0
3797500 2746500 12 14 19   9.4 1020 233  5.0 7  5.7  77    0    0 288 -330  0
3797500 2746500 12 14 20   9.2 1020 232  5.3 7  5.6  77    0    0 287 -329  0
3797500 2746500 12 14 21   8.7 1020 231  4.4 7  5.6  79    0    0 287 -328  0
3797500 2746500 12 14 22   7.9 1020 220  3.8 7  5.5  82    0    0 287 -327  0
3797500 2746500 12 14 23   7.9 1020 231  4.0 7  5.4  82    0    0 287 -327  0
3797500 2746500 12 14 24   7.1 1021 222  3.4 7  5.4  84    0    0 289 -326  0
3797500 2746500 12 15  1   6.6 1021 221  2.4 7  5.2  85    0    0 289 -326  0
3797500 2746500 12 15  2   7.0 1020 211  2.9 6  5.1  84    0    0 287 -325  0
3797500 2746500 12 15  3   6.6 1020 213  2.7 4  5.0  81    0    0 278 -325  0
3797500 2746500 12 15  4   6.7 1020 221  3.8 2  4.8  80    0    0 263 -324  0
3797500 2746500 12 15  5   6.8 1020 222  3.6 2  4.8  78    0    0 256 -322  0
3797500 2746500 12 15  6   7.0 1019 210  3.1 2  4.6  74    0    0 257 -321  0
3797500 2746500 12 15  7   6.1 1019 202  1.8 2  4.3  71    0    0 255 -321  0
3797500 2746500 12 15  8   5.8 1019 202  1.6 2  4.0  69    0    0 253 -320  0
3797500 2746500 12 15  9   5.9 1019 212  2.2 4  3.9  68    0    6 260 -320  0
3797500 2746500 12 15 10   6.5 1019 202  1.8 6  4.1  69   16   46 280 -320  0
3797500 2746500 12 15 11   7.8 1019 212  2.4 5  4.2  68   72   80 289 -323  0
3797500 2746500 12 15 12   9.3 1019 212  3.2 5  4.4  64  127   94 290 -326  0
3797500 2746500 12 15 13  10.3 1019 222  3.7 3  4.4  59  134   99 286 -330  0
3797500 2746500 12 15 14  10.6 1018 188  3.9 3  4.4  56  122   89 278 -332  0
3797500 2746500 12 15 15  10.8 1018 210  3.1 4  4.4  55   69   69 285 -333  0
3797500 2746500 12 15 16  10.5 1017 211  2.9 5  4.3  54   14   29 297 -331  0
3797500 2746500 12 15 17  10.4 1017 221  2.7 4  4.3  55    0    0 297 -329  0
3797500 2746500 12 15 18  10.5 1017 221  3.3 3  3.9  50    0    0 286 -327  0
3797500 2746500 12 15 19   9.9 1017 210  2.5 2  3.5  46    0    0 273 -326  0
3797500 2746500 12 15 20   9.9 1017 218  3.5 2  3.6  48    0    0 268 -325  0
3797500 2746500 12 15 21   8.7 1016 210  3.4 3  3.8  52    0    0 272 -325  0
3797500 2746500 12 15 22   8.5 1016 204  3.2 2  3.8  55    0    0 270 -324  0
3797500 2746500 12 15 23   8.0 1016 185  3.3 2  3.9  58    0    0 265 -324  0
3797500 2746500 12 15 24   7.9 1015 204  3.6 2  3.8  57    0    0 264 -325  0
3797500 2746500 12 16  1   7.9 1015 192  2.8 1  3.5  54    0    0 260 -324  0
3797500 2746500 12 16  2   7.7 1014 192  3.2 1  3.4  52    0    0 257 -324  0
3797500 2746500 12 16  3   7.5 1014 211  3.7 3  3.5  53    0    0 263 -323  0
3797500 2746500 12 16  4   8.0 1013 211  3.6 2  3.7  56    0    0 269 -322  0
3797500 2746500 12 16  5   8.0 1013 220  4.3 3  3.9  59    0    0 271 -322  0
3797500 2746500 12 16  6   8.3 1012 220  4.4 5  4.0  60    0    0 283 -323  0
3797500 2746500 12 16  7   8.4 1011 214  3.6 6  4.2  61    0    0 296 -324  0
3797500 2746500 12 16  8   8.2 1011 223  3.6 6  4.4  65    0    0 304 -325  0
3797500 2746500 12 16  9   8.2 1011 223  3.4 7  4.7  69    0    0 310 -327  0
3797500 2746500 12 16 10   8.4 1011 216  3.7 8  4.8  70    0    9 321 -328  0
3797500 2746500 12 16 11   9.0 1011 216  4.0 8  4.9  70    0   30 327 -331  0
3797500 2746500 12 16 12   8.9 1011 215  3.6 8  5.2  72    0   47 330 -336  0
3797500 2746500 12 16 13   8.5 1011 241  4.3 7  5.4  78    0   57 329 -340  0
3797500 2746500 12 16 14   8.3 1011 248  4.5 7  5.7  83    0   43 325 -342  0
3797500 2746500 12 16 15   7.8 1011 259  3.3 7  5.8  87    0   30 327 -343  0
3797500 2746500 12 16 16   7.2 1012 309  2.8 8  5.8  89    0   15 332 -344  0
3797500 2746500 12 16 17   6.6 1012 327  2.6 7  5.5  89    0    0 331 -344  0
3797500 2746500 12 16 18   6.6 1014 319  1.1 7  5.3  88    0    0 325 -343  0
3797500 2746500 12 16 19   6.7 1015 260  1.4 8  5.3  88    0    0 333 -342  0
3797500 2746500 12 16 20   6.6 1016 258  2.0 8  5.5  90    0    0 341 -342  0
3797500 2746500 12 16 21   6.5 1016 264  2.6 6  5.5  91    0    0 331 -341  0
3797500 2746500 12 16 22   6.1 1017 246  1.3 7  5.4  91    0    0 324 -341  0
3797500 2746500 12 16 23   5.7 1017 260  2.0 7  5.2  91    0    0 329 -340  0
3797500 2746500 12 16 24   5.1 1018 247  1.4 5  5.1  92    0    0 314 -340  0
3797500 2746500 12 17  1   4.4 1018 217  1.5 6  5.0  94    0    0 304 -337  0
3797500 2746500 12 17  2   3.6 1019 229  2.0 6  4.9  96    0    0 307 -332  0
3797500 2746500 12 17  3   3.6 1019 230  1.9 5  4.7  96    0    0 297 -327  0
3797500 2746500 12 17  4   4.0 1019 230  2.7 7  4.7  94    0    0 302 -324  0
3797500 2746500 12 17  5   4.3 1019 220  2.4 7  4.8  94    0    0 314 -324  0
3797500 2746500 12 17  6   4.3 1019 231  3.0 7  4.8  93    0    0 312 -324  0
3797500 2746500 12 17  7   4.1 1019 221  2.8 7  4.8  93    0    0 309 -325  0
3797500 2746500 12 17  8   3.9 1019 219  3.2 6  4.7  94    0    0 300 -325  0
3797500 2746500 12 17  9   3.8 1019 229  3.3 6  4.6  93    0    5 291 -325  0
3797500 2746500 12 17 10   4.4 1019 221  3.7 7  4.6  91    3   44 297 -326  0
3797500 2746500 12 17 11   5.1 1019 229  3.7 4  4.7  88   33  103 286 -327  0
3797500 2746500 12 17 12   5.4 1019 229  4.0 5  4.8  87   15  115 273 -329  0
3797500 2746500 12 17 13   5.9 1018 230  4.1 6  4.8  86    4   99 288 -331  0
3797500 2746500 12 17 14   6.1 1018 239  4.0 6  4.9  85    0   53 296 -332  0
3797500 2746500 12 17 15   6.3 1017 239  3.5 7  4.9  84    0   31 303 -333  0
3797500 2746500 12 17 16   6.3 1017 241  3.9 7  5.0  85    0   11 311 -333  0
3797500 2746500 12 17 17   6.1 1017 244  3.4 7  5.0  85    0    0 310 -331  0
3797500 2746500 12 17 18   6.2 1017 243  3.6 7  5.0  85    0    0 309 -330  0
3797500 2746500 12 17 19   6.3 1018 255  3.3 7  5.0  84    0    0 310 -330  0
3797500 2746500 12 17 20   6.4 1018 257  3.5 7  4.9  83    0    0 310 -329  0
3797500 2746500 12 17 21   5.7 1018 255  2.8 5  4.9  85    0    0 299 -329  0
3797500 2746500 12 17 22   5.4 1019 249  2.5 5  4.9  87    0    0 286 -328  0
3797500 2746500 12 17 23   3.8 1019 260  1.4 6  4.7  89    0    0 288 -327  0
3797500 2746500 12 17 24   4.4 1019 237  2.4 1  4.6  91    0    0 264 -326  0
3797500 2746500 12 18  1   4.0 1019 235  1.8 6  4.6  91    0    0 263 -323  0
3797500 2746500 12 18  2   4.1 1020 310  2.0 6  4.7  92    0    0 288 -322  0
3797500 2746500 12 18  3   3.8 1020 224  1.9 7  4.7  94    0    0 292 -321  0
3797500 2746500 12 18  4   3.9 1020 224  2.2 7  4.6  94    0    0 295 -320  0
3797500 2746500 12 18  5   4.0 1020 224  2.2 7  4.6  93    0    0 295 -320  0
3797500 2746500 12 18  6   3.9 1021 246  1.7 6  4.6  92    0    0 287 -319  0
3797500 2746500 12 18  7   3.7 1021 239  1.5 8  4.5  92    0    0 290 -318  0
3797500 2746500 12 18  8   3.4 1021 230  1.2 8  4.4  92    0    0 298 -319  0
3797500 2746500 12 18  9   3.2 1021 207  1.1 8  4.4  92    0    1 295 -321  0
3797500 2746500 12 18 10   3.6 1022 259  1.2 8  4.5  93    0   22 296 -324  0
3797500 2746500 12 18 11   3.9 1022 254  1.2 8  4.6  92    0   37 297 -327  0
3797500 2746500 12 18 12   3.9 1023 245  1.2 8  4.6  93    0   39 297 -331  0
3797500 2746500 12 18 13   4.2 1023 298  1.1 8  4.7  93    0   34 297 -334  0
3797500 2746500 12 18 14   4.4 1023 148  1.0 8  4.7  92    0   43 297 -336  0
3797500 2746500 12 18 15   4.7 1023 254  0.6 8  4.7  91    0   34 296 -335  0
3797500 2746500 12 18 16   4.9 1023 359  0.5 8  4.7  88    0   14 295 -330  0
3797500 2746500 12 18 17   4.4 1023 321  1.1 8  4.6  88    0    0 293 -324  0
3797500 2746500 12 18 18   4.2 1024 318  1.0 7  4.5  89    0    0 286 -319  0
3797500 2746500 12 18 19   4.0 1024  19  1.6 7  4.5  89    0    0 281 -316  0
3797500 2746500 12 18 20   4.0 1025  11  1.3 7  4.4  89    0    0 281 -316  0
3797500 2746500 12 18 21   4.3 1025  43  1.0 7  4.5  89    0    0 285 -316  0
3797500 2746500 12 18 22   4.3 1025  82  1.0 7  4.6  89    0    0 287 -315  0
3797500 2746500 12 18 23   4.0 1026  31  0.8 7  4.6  91    0    0 289 -313  0
3797500 2746500 12 18 24   3.9 1026  31  1.0 6  4.6  93    0    0 286 -312  0
3797500 2746500 12 19  1   3.9 1027  49  0.9 7  4.7  94    0    0 288 -311  0
3797500 2746500 12 19  2   3.9 1027   7  1.4 8  4.7  95    0    0 301 -311  0
3797500 2746500 12 19  3   3.8 1027  63  0.7 6  4.6  94    0    0 296 -311  0
3797500 2746500 12 19  4   3.6 1027 349  1.0 7  4.6  95    0    0 292 -311  0
3797500 2746500 12 19  5   3.4 1027   1  0.8 7  4.7  97    0    0 298 -310  0
3797500 2746500 12 19  6   3.3 1027  28  0.1 8  4.6  98    0    0 302 -310  0
3797500 2746500 12 19  7   3.3 1028 331  0.9 6  4.6  97    0    0 296 -309  0
3797500 2746500 12 19  8   3.2 1028   8  0.8 7  4.6  97    0    0 291 -308  0
3797500 2746500 12 19  9   3.2 1029 340  0.9 8  4.5  96    0    2 300 -306  0
3797500 2746500 12 19 10   3.1 1029  15  0.5 7  4.5  96    0   26 300 -305  0
3797500 2746500 12 19 11   3.8 1029  87  0.7 7  4.6  96    5   71 297 -307  0
3797500 2746500 12 19 12   4.4 1030 149  0.6 5  4.8  95   90  106 288 -310  0
3797500 2746500 12 19 13   5.4 1030 331  0.7 3  4.8  91  135  101 270 -313  0
3797500 2746500 12 19 14   5.8 1029  20  0.9 3  4.8  86  101   96 260 -314  0
3797500 2746500 12 19 15   5.6 1029 350  1.1 4  4.7  83   35   73 265 -315  0
3797500 2746500 12 19 16   5.3 1029  10  1.2 6  4.6  84    6   26 280 -314  0
3797500 2746500 12 19 17   4.5 1030   8  1.2 5  4.6  86    0    0 282 -311  0
3797500 2746500 12 19 18   3.8 1030   6  0.7 3  4.5  90    0    0 265 -308  0
3797500 2746500 12 19 19   2.8 1030 360  0.4 5  4.3  92    0    0 262 -307  0
3797500 2746500 12 19 20   3.0 1031  12  1.1 6  4.3  93    0    0 276 -305  0
3797500 2746500 12 19 21   2.7 1031   4  0.0 7  4.4  96    0    0 286 -304  0
3797500 2746500 12 19 22   2.7 1031 138  0.5 6  4.3  95    0    0 285 -303  0
3797500 2746500 12 19 23   2.5 1031   0  0.0 4  4.2  94    0    0 269 -303  0
3797500 2746500 12 19 24   1.9 1031   2  0.0 3  4.2  97    0    0 253 -303  0
3797500 2746500 12 20  1   1.6 1031   0  0.1 3  4.1  98    0    0 246 -303  0
3797500 2746500 12 20  2   1.5 1031 222  0.3 3  4.0  95    0    0 246 -303  0
3797500 2746500 12 20  3   2.3 1031 341  1.3 3  4.0  94    0    0 248 -303  0
3797500 2746500 12 20  4   0.5 1031 150  0.3 0  3.9  94    0    0 231 -303  0
3797500 2746500 12 20  5   0.9 1031 306  0.4 1  3.7  95    0    0 219 -303  0
3797500 2746500 12 20  6   0.2 1031 293  1.4 2  3.7  95    0    0 231 -303  0
3797500 2746500 12 20  7   0.4 1031 205  1.1 4  3.6  95    0    0 247 -303  0
3797500 2746500 12 20  8  -0.3 1031 206  0.8 6  3.5  95    0    0 269 -303  0
3797500 2746500 12 20  9  -0.2 1031 203  1.0 8  3.5  95    0    1 292 -303  0
3797500 2746500 12 20 10   0.0 1031 200  1.2 8  3.6  96    1   37 305 -304  0
3797500 2746500 12 20 11   0.6 1032 204  1.3 4  3.7  97    1   63 285 -307  0
3797500 2746500 12 20 12   0.8 1032 208  1.4 7  3.8  98    0   46 282 -311  0
3797500 2746500 12 20 13   1.3 1032 238  1.9 7  4.0  99    0   52 300 -314  0
3797500 2746500 12 20 14   1.9 1031 239  2.2 8  4.1  98    0   46 309 -315  0
3797500 2746500 12 20 15   2.3 1031 239  2.4 8  4.2  97    0   16 318 -316  0
3797500 2746500 12 20 16   2.6 1031 249  1.5 8  4.3  97    0    7 319 -316  0
3797500 2746500 12 20 17   2.9 1031 250  1.7 8  4.4  96    0    0 319 -316  0
3797500 2746500 12 20 18   2.9 1031 227  1.3 8  4.4  96    0    0 318 -316  0
3797500 2746500 12 20 19   3.2 1032 243  1.4 7  4.5  96    0    0 313 -316  0
3797500 2746500 12 20 20   3.4 1031 264  1.7 7  4.5  96    0    0 309 -316  0
3797500 2746500 12 20 21   3.6 1032 255  0.7 7  4.5  94    0    0 310 -316  0
3797500 2746500 12 20 22   3.8 1032 236  1.1 8  4.5  94    0    0 317 -316  0
3797500 2746500 12 20 23   3.7 1032 345  0.5 8  4.6  94    0    0 323 -316  0
3797500 2746500 12 20 24   3.6 1032 237  1.3 7  4.6  94    0    0 319 -316  0
3797500 2746500 12 21  1   3.9 1032 264  0.8 8  4.6  94    0    0 319 -316  0
3797500 2746500 12 21  2   4.1 1032 241  1.1 8  4.6  94    0    0 324 -316  0
3797500 2746500 12 21  3   4.1 1032 251  0.9 7  4.7  94    0    0 319 -316  0
3797500 2746500 12 21  4   4.2 1033 249  1.0 8  4.7  94    0    0 320 -316  0
3797500 2746500 12 21  5   4.3 1033 266  0.7 8  4.8  94    0    0 325 -315  0
3797500 2746500 12 21  6   4.4 1033 308  0.5 8  4.8  95    0    0 326 -315  0
3797500 2746500 12 21  7   4.4 1033 233  0.5 8  4.9  96    0    0 327 -316  0
3797500 2746500 12 21  8   4.5 1033 187  0.3 8  4.9  96    0    0 327 -316  0
3797500 2746500 12 21  9   4.7 1033 357  0.3 7  4.9  96    0    1 321 -316  0
3797500 2746500 12 21 10   5.5 1034   6  1.0 7  5.2  97    0   18 318 -317  0
3797500 2746500 12 21 11   5.5 1034 125  1.0 8  5.3  97    0   32 324 -319  0
3797500 2746500 12 21 12   5.9 1035 109  0.7 7  5.4  97    0   46 323 -321  0
3797500 2746500 12 21 13   6.4 1035  40  1.3 7  5.6  98    0   46 319 -322  0
3797500 2746500 12 21 14   6.5 1034  27  1.0 8  5.8  98    0   42 324 -323  0
3797500 2746500 12 21 15   6.7 1034  51  0.5 8  5.8  98    0   32 329 -325  0
3797500 2746500 12 21 16   6.6 1034  65  0.2 7  5.8  97    0   10 323 -326  0
3797500 2746500 12 21 17   6.5 1035  59  0.7 8  5.7  97    0    0 322 -324  0
3797500 2746500 12 21 18   6.5 1035  38  0.9 8  5.7  96    0    0 327 -321  0
3797500 2746500 12 21 19   6.6 1035  71  0.7 8  5.7  96    0    0 328 -318  0
3797500 2746500 12 21 20   6.7 1036  82  0.7 8  5.7  96    0    0 329 -316  0
3797500 2746500 12 21 21   6.5 1036  81  0.7 7  5.7  96    0    0 324 -317  0
3797500 2746500 12 21 22   6.6 1036  95  0.9 7  5.6  95    0    0 318 -319  0
3797500 2746500 12 21 23   6.4 1036  86  1.1 7  5.6  95    0    0 318 -319  0
3797500 2746500 12 21 24   6.2 1036 133  1.5 8  5.4  93    0    0 323 -320  0
3797500 2746500 12 22  1   6.6 1036 109  1.3 8  5.2  90    0    0 328 -320  0
3797500 2746500 12 22  2   6.5 1036 102  1.4 8  5.0  85    0    0 328 -320  0
3797500 2746500 12 22  3   6.6 1036  83  1.0 7  4.8  81    0    0 320 -320  0
3797500 2746500 12 22  4   6.1 1036  71  1.1 7  4.9  84    0    0 314 -321  0
3797500 2746500 12 22  5   6.0 1036  61  1.3 7  5.0  87    0    0 313 -321  0
3797500 2746500 12 22  6   4.5 1036 124  1.0 6  4.9  91    0    0 306 -322  0
3797500 2746500 12 22  7   4.3 1036  85  1.0 5  4.8  94    0    0 292 -322  0
3797500 2746500 12 22  8   4.2 1036  87  0.9 6  4.7  94    0    0 292 -322  0
3797500 2746500 12 22  9   4.4 1036  84  1.1 6  4.6  91    0    3 298 -323  0
3797500 2746500 12 22 10   4.2 1036 100  1.2 5  4.5  88    8   37 292 -323  0
3797500 2746500 12 22 11   5.5 1037 101  1.8 3  4.5  85   35   68 278 -325  0
3797500 2746500 12 22 12   6.5 1037 111  2.0 3  4.5  78   58   86 270 -328  0
3797500 2746500 12 22 13   7.0 1036 109  2.2 1  4.4  74   90   82 261 -331  0
3797500 2746500 12 22 14   6.8 1036  98  2.4 2  4.3  72   45   83 255 -333  0
3797500 2746500 12 22 15   6.2 1035  67  2.7 7  4.3  73    0   29 285 -333  0
3797500 2746500 12 22 16   6.3 1035  76  1.8 7  4.4  76    0    6 308 -332  0
3797500 2746500 12 22 17   6.0 1035  65  1.9 7  4.4  77    0    0 308 -330  0
3797500 2746500 12 22 18   6.0 1035  74  1.8 7  4.4  78    0    0 308 -329  0
3797500 2746500 12 22 19   6.1 1035  78  1.7 7  4.5  78    0    0 308 -328  0
3797500 2746500 12 22 20   5.9 1036  91  2.5 7  4.5  79    0    0 310 -326  0
3797500 2746500 12 22 21   5.9 1036  90  1.9 8  4.5  80    0    0 316 -325  0
3797500 2746500 12 22 22   5.7 1036  92  2.3 8  4.5  80    0    0 322 -324  0
3797500 2746500 12 22 23   5.4 1036 100  2.3 8  4.4  80    0    0 321 -324  0
3797500 2746500 12 22 24   5.2 1036 100  2.3 7  4.4  81    0    0 316 -323  0
3797500 2746500 12 23  1   5.0 1036 100  2.3 7  4.4  82    0    0 310 -322  0
3797500 2746500 12 23  2   4.6 1036  75  2.6 7  4.4  84    0    0 309 -321  0
3797500 2746500 12 23  3   4.6 1035  84  2.3 7  4.3  84    0    0 308 -320  0
3797500 2746500 12 23  4   4.4 1035 104  2.4 7  4.3  84    0    0 307 -318  0
3797500 2746500 12 23  5   4.3 1035 100  2.4 7  4.3  84    0    0 306 -317  0
3797500 2746500 12 23  6   4.1 1035  67  2.8 8  4.2  85    0    0 309 -316  0
3797500 2746500 12 23  7   4.1 1035  74  1.6 8  4.2  85    0    0 314 -316  0
3797500 2746500 12 23  8   3.7 1035  83  2.8 8  4.2  85    0    0 312 -316  0
3797500 2746500 12 23  9   3.6 1035  84  2.8 8  4.1  85    0    1 310 -314  0
3797500 2746500 12 23 10   3.5 1035  94  2.3 8  4.1  86    0   21 310 -313  0
3797500 2746500 12 23 11   3.5 1036  87  2.6 7  4.2  87    0   36 304 -313  0
3797500 2746500 12 23 12   3.6 1036  60  2.9 7  4.2  88    0   42 300 -315  0
3797500 2746500 12 23 13   3.7 1036  48  2.5 7  4.2  88    0   49 299 -316  0
3797500 2746500 12 23 14   3.3 1035  66  2.4 7  4.2  88    0   47 295 -317  0
3797500 2746500 12 23 15   3.1 1035  89  2.7 7  4.1  88    0   33 290 -319  0
3797500 2746500 12 23 16   2.9 1035  86  1.8 8  4.1  89    0   11 290 -319  0
3797500 2746500 12 23 17   2.8 1034  86  2.1 8  4.1  90    0    0 291 -317  0
3797500 2746500 12 23 18   2.9 1034  68  1.4 8  4.1  91    0    0 290 -316  0
3797500 2746500 12 23 19   2.7 1034  88  1.6 8  4.1  91    0    0 290 -315  0
3797500 2746500 12 23 20   2.6 1034  69  1.9 8  4.1  92    0    0 291 -314  0
3797500 2746500 12 23 21   2.8 1034  78  1.7 8  4.1  92    0    0 291 -313  0
3797500 2746500 12 23 22   2.6 1034  78  2.0 7  4.2  92    0    0 287 -313  0
3797500 2746500 12 23 23   2.5 1034  78  2.0 8  4.1  92    0    0 287 -313  0
3797500 2746500 12 23 24   2.5 1034  59  2.7 8  4.1  91    0    0 289 -313  0
3797500 2746500 12 24  1   2.2 1034  80  2.1 7  4.0  91    0    0 284 -313  0
3797500 2746500 12 24  2   1.6 1033  72  2.2 5  4.0  93    0    0 269 -313  0
3797500 2746500 12 24  3   1.6 1033  72  1.9 8  3.9  94    0    0 273 -313  0
3797500 2746500 12 24  4   1.3 1033  52  2.0 7  3.9  95    0    0 281 -313  0
3797500 2746500 12 24  5   1.1 1032  61  1.8 5  3.9  96    0    0 267 -313  0
3797500 2746500 12 24  6   0.9 1032  51  1.9 6  3.9  97    0    0 263 -313  0
3797500 2746500 12 24  7   1.1 1032  62  2.1 8  3.9  97    0    0 277 -313  0
3797500 2746500 12 24  8   0.9 1032 100  1.6 8  3.9  97    0    0 286 -313  0
3797500 2746500 12 24  9   0.9 1032  69  1.3 8  3.9  98    0    0 288 -312  0
3797500 2746500 12 24 10   1.0 1032  68  1.6 8  3.9  99    0   15 289 -312  0
3797500 2746500 12 24 11   1.0 1032  47  2.0 8  3.9  98    0   30 289 -313  0
3797500 2746500 12 24 12   1.2 1033  55  2.2 8  3.9  97    0   40 289 -314  0
3797500 2746500 12 24 13   1.0 1033  61  1.7 7  3.9  97    0   52 284 -316  0
3797500 2746500 12 24 14   1.2 1032  62  2.2 8  3.9  98    0   41 282 -317  0
3797500 2746500 12 24 15   1.0 1032  60  2.8 8  4.0  98    0   26 285 -318  0
3797500 2746500 12 24 16   1.3 1032  53  2.7 8  3.9  97    0   10 284 -317  0
3797500 2746500 12 24 17   1.3 1032  62  2.8 8  3.9  95    0    0 284 -316  0
3797500 2746500 12 24 18   1.1 1031  73  1.7 8  3.9  95    0    0 282 -316  0
3797500 2746500 12 24 19   1.1 1031  43  2.3 8  3.9  95    0    0 282 -315  0
3797500 2746500 12 24 20   1.2 1031  60  2.6 8  3.8  95    0    0 282 -313  0
3797500 2746500 12 24 21   1.5 1032  57  2.2 7  3.9  94    0    0 279 -312  0
3797500 2746500 12 24 22   1.8 1032  71  2.5 8  3.9  93    0    0 282 -312  0
3797500 2746500 12 24 23   1.4 1032  64  2.7 8  3.9  93    0    0 287 -311  0
3797500 2746500 12 24 24   1.5 1032  82  2.6 8  3.9  95    0    0 290 -311  0
3797500 2746500 12 25  1   1.8 1032  92  2.5 8  4.0  95    0    0 292 -310  0
3797500 2746500 12 25  2   2.0 1031  52  1.7 8  4.1  95    0    0 294 -310  0
3797500 2746500 12 25  3   2.4 1031  55  2.0 8  4.2  96    0    0 297 -309  0
3797500 2746500 12 25  4   2.5 1031  56  2.0 7  4.4  98    0    0 295 -308  0
3797500 2746500 12 25  5   3.1 1031  56  2.0 7  4.5 100    0    0 293 -308  0
3797500 2746500 12 25  6   3.4 1030  59  1.7 8  4.6  99    0    0 301 -308  0
3797500 2746500 12 25  7   2.9 1030  61  1.8 8  4.6  99    0    0 306 -308  0
3797500 2746500 12 25  8   2.7 1030 102  1.9 8  4.6 100    0    0 304 -308  0
3797500 2746500 12 25  9   3.1 1030  72  1.1 8  4.6 100    0    0 305 -308  0
3797500 2746500 12 25 10   4.2 1031  54  0.7 8  4.8  99    0   18 307 -308  0
3797500 2746500 12 25 11   4.6 1031  63  0.5 8  5.1  99    0   33 309 -310  0
3797500 2746500 12 25 12   4.5 1031  83  0.8 7  5.1 100    0   44 304 -313  0
3797500 2746500 12 25 13   5.1 1031  31  1.5 7  5.2  99    0   45 297 -315  0
3797500 2746500 12 25 14   3.0 1030 286  1.7 8  4.9  98    0   35 298 -316  0
3797500 2746500 12 25 15   3.5 1030 340  1.4 8  4.6  98    0   21 300 -317  0
3797500 2746500 12 25 16   3.3 1030 297  1.2 8  4.6  97    0    6 302 -317  0
3797500 2746500 12 25 17   3.6 1030 110  0.6 7  4.6  96    0    0 298 -316  0
3797500 2746500 12 25 18   4.5 1030  81  1.8 7  4.8  96    0    0 296 -316  0
3797500 2746500 12 25 19   4.3 1029 101  1.5 8  4.9  96    0    0 304 -315  0
3797500 2746500 12 25 20   4.3 1030 103  1.7 8  4.7  93    0    0 309 -313  0
3797500 2746500 12 25 21   4.2 1030 101  1.3 7  4.6  92    0    0 304 -313  0
3797500 2746500 12 25 22   4.1 1030 128  1.6 7  4.6  92    0    0 297 -312  0
3797500 2746500 12 25 23   3.5 1030  86  1.0 7  4.6  93    0    0 295 -311  0
3797500 2746500 12 25 24   3.4 1030  87  1.0 5  4.5  94    0    0 283 -311  0
3797500 2746500 12 26  1   3.2 1030 128  1.3 8  4.5  95    0    0 287 -310  0
3797500 2746500 12 26  2   2.7 1030 141  2.1 8  4.5  97    0    0 299 -309  0
3797500 2746500 12 26  3   2.3 1030 139  2.3 7  4.4  98    0    0 291 -308  0
3797500 2746500 12 26  4   2.5 1029  99  2.1 7  4.3  97    0    0 286 -307  0
3797500 2746500 12 26  5   2.3 1029 109  1.5 6  4.2  95    0    0 280 -307  0
3797500 2746500 12 26  6   2.3 1029 142  2.1 7  4.2  96    0    0 280 -307  0
3797500 2746500 12 26  7   2.2 1029 125  2.9 8  4.3  97    0    0 288 -308  0
3797500 2746500 12 26  8   2.4 1029 144  2.8 8  4.2  96    0    0 291 -308  0
3797500 2746500 12 26  9   1.9 1029 180  2.4 6  4.1  95    0    0 282 -309  0
3797500 2746500 12 26 10   1.6 1029 161  2.2 7  4.1  96    0   19 276 -310  0
3797500 2746500 12 26 11   1.7 1030 134  2.2 7  4.0  96    0   35 280 -312  0
3797500 2746500 12 26 12   1.9 1030 136  2.2 7  4.0  93    0   44 279 -314  0
3797500 2746500 12 26 13   2.1 1029 140  2.2 7  3.9  91    0   56 277 -315  0
3797500 2746500 12 26 14   2.1 1029 147  2.2 7  3.9  91    5   80 273 -317  0
3797500 2746500 12 26 15   2.2 1028 167  2.0 5  3.9  90   17   71 262 -318  0
3797500 2746500 12 26 16   2.4 1028 141  0.9 4  3.9  89   14   32 250 -317  0
3797500 2746500 12 26 17   1.8 1028  65  0.9 1  3.8  88    0    0 237 -316  0
3797500 2746500 12 26 18   0.8 1028  41  0.9 1  3.7  90    0    0 228 -316  0
3797500 2746500 12 26 19   0.4 1028  60  1.0 1  3.6  93    0    0 226 -315  0
3797500 2746500 12 26 20   0.1 1028  81  1.2 1  3.5  92    0    0 225 -314  0
3797500 2746500 12 26 21  -0.1 1028 101  1.3 0  3.5  93    0    0 222 -313  0
3797500 2746500 12 26 22  -0.9 1028 100  1.2 0  3.4  94    0    0 219 -313  0
3797500 2746500 12 26 23  -1.1 1028  92  1.0 0  3.3  94    0    0 218 -312  0
3797500 2746500 12 26 24  -1.5 1027  81  1.3 0  3.2  94    0    0 217 -311  0
3797500 2746500 12 27  1  -1.0 1027  81  0.7 1  3.2  95    0    0 218 -310  0
3797500 2746500 12 27  2  -1.8 1027  78  0.6 2  3.2  96    0    0 220 -309  0
3797500 2746500 12 27  3  -1.8 1026  79  0.6 6  3.1  94    0    0 224 -309  0
3797500 2746500 12 27  4  -0.9 1027  78  0.5 8  3.1  92    0    0 231 -308  0
3797500 2746500 12 27  5  -0.1 1027  80  0.5 8  3.3  92    0    0 236 -307  0
3797500 2746500 12 27  6   0.3 1026  83  0.3 8  3.4  90    0    0 238 -307  0
3797500 2746500 12 27  7   0.4 1026  83  0.7 7  3.4  90    0    0 238 -306  0
3797500 2746500 12 27  8   0.1 1026  84  0.6 6  3.4  90    0    0 235 -306  0
3797500 2746500 12 27  9  -0.2 1026  84  1.1 6  3.4  92    0    0 233 -305  0
3797500 2746500 12 27 10   0.1 1026  84  0.9 8  3.4  92    0   16 236 -305  0
3797500 2746500 12 27 11  -0.3 1027  83  2.2 7  3.5  94    0   26 237 -308  0
3797500 2746500 12 27 12  -0.2 1027  80  1.2 7  3.5  96    0   27 234 -311  0
3797500 2746500 12 27 13  -0.1 1026  78  1.5 8  3.5  95    0   24 236 -314  0
3797500 2746500 12 27 14   0.2 1025  79  1.4 8  3.5  92    0   22 237 -315  0
3797500 2746500 12 27 15   0.2 1025  80  1.7 8  3.4  89    0   15 238 -315  0
3797500 2746500 12 27 16   0.3 1025 243  1.9 8  3.4  89    0    5 239 -315  0
3797500 2746500 12 27 17   0.6 1025 233  2.1 8  3.4  88    0    0 242 -314  0
3797500 2746500 12 27 18   0.5 1025 233  2.8 8  3.4  87    0    0 243 -311  0
3797500 2746500 12 27 19   0.6 1025 251  2.6 8  3.3  86    0    0 243 -310  0
3797500 2746500 12 27 20   0.5 1025 231  2.9 8  3.3  84    0    0 244 -309  0
3797500 2746500 12 27 21   0.5 1024 221  3.1 8  3.3  84    0    0 244 -308  0
3797500 2746500 12 27 22   0.2 1024 230  2.7 8  3.3  85    0    0 245 -308  0
3797500 2746500 12 27 23   0.5 1024 221  2.5 8  3.3  85    0    0 248 -308  0
3797500 2746500 12 27 24   0.6 1024 222  2.9 8  3.3  84    0    0 252 -308  0
3797500 2746500 12 28  1   0.6 1024 221  2.6 7  3.3  86    0    0 252 -309  0
3797500 2746500 12 28  2   0.6 1023 201  2.3 7  3.4  87    0    0 251 -309  0
3797500 2746500 12 28  3   0.8 1023 193  2.1 8  3.5  87    0    0 257 -309  0
3797500 2746500 12 28  4   1.3 1022 203  2.2 8  3.5  86    0    0 263 -310  0
3797500 2746500 12 28  5   1.5 1022 221  2.7 8  3.6  86    0    0 268 -311  0
3797500 2746500 12 28  6   1.9 1021 212  3.0 8  3.6  85    0    0 273 -311  0
3797500 2746500 12 28  7   2.3 1020 213  3.1 8  3.7  84    0    0 277 -312  0
3797500 2746500 12 28  8   2.3 1020 221  3.5 8  3.8  85    0    0 281 -313  0
3797500 2746500 12 28  9   2.6 1019 213  3.4 8  3.9  88    0    1 284 -314  0
3797500 2746500 12 28 10   2.5 1019 212  3.5 8  4.1  91    0   15 285 -315  0
3797500 2746500 12 28 11   2.5 1019 223  3.7 8  4.3  94    0   26 288 -315  0
3797500 2746500 12 28 12   2.9 1019 232  4.5 8  4.4  95    0   24 289 -318  0
3797500 2746500 12 28 13   3.0 1019 223  4.1 7  4.5  96    0   28 288 -321  0
3797500 2746500 12 28 14   3.3 1018 233  3.6 6  4.6  97    0   55 286 -322  0
3797500 2746500 12 28 15   3.5 1018 243  3.2 7  4.7  97    1   49 288 -322  0
3797500 2746500 12 28 16   3.6 1018 242  2.7 7  4.7  97    0    4 291 -321  0
3797500 2746500 12 28 17   3.7 1018 244  2.4 8  4.7  96    0    0 292 -321  0
3797500 2746500 12 28 18   3.8 1019 235  2.8 8  4.8  96    0    0 296 -321  0
3797500 2746500 12 28 19   4.0 1019 244  2.3 8  4.8  96    0    0 299 -320  0
3797500 2746500 12 28 20   4.0 1019 236  1.8 8  4.8  96    0    0 301 -321  0
3797500 2746500 12 28 21   4.1 1020 233  1.6 8  4.8  96    0    0 303 -321  0
3797500 2746500 12 28 22   4.3 1020 222  2.2 8  4.8  95    0    0 307 -319  0
3797500 2746500 12 28 23   4.1 1020 223  2.1 8  4.9  96    0    0 310 -317  0
3797500 2746500 12 28 24   4.2 1020 232  1.8 8  4.9  96    0    0 312 -316  0
3797500 2746500 12 29  1   4.2 1021 222  1.9 8  4.9  96    0    0 313 -316  0
3797500 2746500 12 29  2   4.3 1021 202  1.6 8  4.9  96    0    0 314 -316  0
3797500 2746500 12 29  3   4.5 1021 192  1.4 8  4.9  96    0    0 315 -316  0
3797500 2746500 12 29  4   4.6 1021 172  1.7 8  5.0  96    0    0 314 -315  0
3797500 2746500 12 29  5   4.5 1020 168  1.5 5  5.1  97    0    0 299 -315  0
3797500 2746500 12 29  6   4.5 1020 163  2.7 8  5.1  98    0    0 299 -315  0
3797500 2746500 12 29  7   4.9 1020 179  3.0 7  5.2  98    0    0 309 -315  0
3797500 2746500 12 29  8   4.7 1019 170  3.0 6  5.2  97    0    0 297 -316  0
3797500 2746500 12 29  9   4.4 1019 162  3.8 5  5.1  97    0    3 284 -316  0
3797500 2746500 12 29 10   4.3 1019 171  3.4 4  5.0  96    6   41 271 -316  0
3797500 2746500 12 29 11   4.9 1019 173  2.8 5  4.8  91   38   92 269 -318  0
3797500 2746500 12 29 12   6.0 1019 173  3.9 6  4.7  84   71  118 277 -322  0
3797500 2746500 12 29 13   6.6 1019 182  3.0 5  4.6  77   84  126 276 -327  0
3797500 2746500 12 29 14   7.1 1018 170  3.5 5  4.5  73   55  114 269 -328  0
3797500 2746500 12 29 15   6.8 1017 171  3.8 4  4.4  71   63   83 263 -328  0
3797500 2746500 12 29 16   6.7 1017 171  4.2 7  4.3  70   23   37 269 -326  0
3797500 2746500 12 29 17   6.4 1017 180  4.0 6  4.2  70    0    0 276 -323  0
3797500 2746500 12 29 18   6.4 1017 185  3.6 6  4.1  69    0    0 270 -323  0
3797500 2746500 12 29 19   6.3 1016 183  3.2 6  4.0  68    0    0 269 -327  0
3797500 2746500 12 29 20   6.1 1016 183  3.5 5  3.9  67    0    0 261 -328  0
3797500 2746500 12 29 21   5.8 1016 181  3.9 5  3.8  66    0    0 254 -329  0
3797500 2746500 12 29 22   6.5 1016 183  3.5 6  3.8  65    0    0 262 -327  0
3797500 2746500 12 29 23   6.5 1015 183  3.9 6  3.7  62    0    0 271 -326  0
3797500 2746500 12 29 24   7.0 1015 174  4.7 7  3.7  61    0    0 280 -328  0
3797500 2746500 12 30  1   6.9 1014 173  4.9 6  3.7  60    0    0 285 -330  0
3797500 2746500 12 30  2   7.3 1014 173  5.2 6  3.7  60    0    0 286 -331  0
3797500 2746500 12 30  3   7.0 1013 174  4.8 7  3.7  59    0    0 294 -330  0
3797500 2746500 12 30  4   7.2 1013 175  5.8 5  3.6  57    0    0 292 -330  0
3797500 2746500 12 30  5   7.2 1012 174  5.6 5  3.4  54    0    0 286 -332  0
3797500 2746500 12 30  6   7.1 1012 175  6.1 6  3.3  53    0    0 294 -334  0
3797500 2746500 12 30  7   7.4 1011 174  6.6 8  3.4  54    0    0 312 -336  0
3797500 2746500 12 30  8   7.6 1010 173  6.1 8  3.5  55    0    0 327 -338  0
3797500 2746500 12 30  9   7.7 1011 191  5.1 7  3.7  58    0    0 326 -337  0
3797500 2746500 12 30 10   6.9 1011 173  5.6 8  4.2  67    0   11 328 -336  0
3797500 2746500 12 30 11   6.0 1011 183  5.4 7  4.8  80    0   24 328 -337  0
3797500 2746500 12 30 12   5.8 1012 184  4.9 7  5.1  88    0   28 322 -339  0
3797500 2746500 12 30 13   6.4 1012 183  5.2 8  5.3  90    0   24 329 -341  0
3797500 2746500 12 30 14   7.3 1012 188  4.3 8  5.6  91    0   24 337 -341  0
3797500 2746500 12 30 15   7.9 1012 187  3.9 7  5.8  89    0   24 336 -342  0
3797500 2746500 12 30 16   7.8 1011 186  4.5 8  5.7  86    0    8 338 -344  0
3797500 2746500 12 30 17   7.5 1011 174  4.7 8  5.6  86    0    0 343 -346  0
3797500 2746500 12 30 18   8.3 1010 184  4.9 8  5.7  85    0    0 345 -347  0
3797500 2746500 12 30 19   8.4 1009 173  6.2 8  5.8  84    0    0 347 -348  0
3797500 2746500 12 30 20   9.0 1007 183  7.1 8  6.0  85    0    0 351 -350  0
3797500 2746500 12 30 21   9.5 1006 193  6.0 8  6.0  82    0    0 353 -351  0
3797500 2746500 12 30 22   9.7 1005 193  5.2 7  6.3  84    0    0 350 -353  0
3797500 2746500 12 30 23  11.1 1005 249  6.1 7  6.7  85    0    0 347 -355  0
3797500 2746500 12 30 24  10.4 1005 236  9.3 5  6.3  77    0    0 333 -357  0
3797500 2746500 12 31  1  10.4 1006 238  8.8 6  5.7  72    0    0 324 -358  0
3797500 2746500 12 31  2   8.2 1007 268  7.8 7  5.8  79    0    0 334 -357  0
3797500 2746500 12 31  3   8.9 1010 243  8.4 7  5.9  84    0    0 339 -356  0
3797500 2746500 12 31  4   9.3 1011 240  6.6 8  5.7  79    0    0 346 -355  0
3797500 2746500 12 31  5   9.4 1012 239  6.4 8  5.6  77    0    0 352 -353  0
3797500 2746500 12 31  6   9.3 1014 239  6.0 8  5.7  77    0    0 348 -350  0
3797500 2746500 12 31  7   9.2 1015 239  6.1 6  5.6  77    0    0 331 -347  0
3797500 2746500 12 31  8   8.5 1016 249  4.7 7  5.7  81    0    0 320 -344  0
3797500 2746500 12 31  9   8.4 1016 230  4.4 7  5.9  86    0    0 322 -343  0
3797500 2746500 12 31 10   9.0 1017 233  5.2 7  5.9  84    0   14 324 -343  0
3797500 2746500 12 31 11   9.5 1018 233  5.0 7  5.9  81    1   59 326 -345  0
3797500 2746500 12 31 12   9.7 1019 230  5.5 7  5.9  80    6   95 329 -348  0
3797500 2746500 12 31 13  10.0 1019 230  5.3 6  6.0  79    7  105 325 -351  0
3797500 2746500 12 31 14   9.1 1018 219  5.6 8  6.1  82    0   53 331 -353  0
3797500 2746500 12 31 15   9.8 1018 222  5.2 8  6.1  83    0   36 342 -354  0
3797500 2746500 12 31 16  10.0 1017 221  5.5 8  6.0  79    0   20 342 -354  0
3797500 2746500 12 31 17   9.6 1016 218  5.8 8  5.8  78    0    0 342 -353  0
3797500 2746500 12 31 18   9.3 1016 210  4.5 7  5.5  76    0    0 333 -352  0
3797500 2746500 12 31 19   9.5 1014 213  4.6 7  5.4  74    0    0 327 -351  0
3797500 2746500 12 31 20   9.8 1013 205  4.9 7  5.6  75    0    0 329 -352  0
3797500 2746500 12 31 21  10.1 1012 203  5.1 8  5.8  77    0    0 340 -353  0
3797500 2746500 12 31 22  10.4 1010 201  5.3 8  6.2  80    0    0 351 -356  0
3797500 2746500 12 31 23   9.8 1009 204  5.2 8  6.2  82    0    0 355 -358  0
3797500 2746500 12 31 24   8.8 1007 209  4.8 8  6.0  84    0    0 360 -361  0
